DATE_GMT, TIME_GMT, Dec_LAT, Dec_LON, SPD, HDT, DPS_COG, SOG, WXTP_Ta, WXTS_Ta, WXTP_Pa, WXTS_Pa, WXTP_Ri, WXTS_Ri, WXTP_Rc, WXTS_Rc, WXTP_Dm, WXTS_Dm, WXTP_Sm, WXTS_Sm, WXTP_Ua, WXTS_Ua, WXTP_TS, WXTS_TS, WXTP_TD, WXTS_TD, BAROM_P, BAROM_S, RAD_SW, RAD_LW, PAR, SBE45S, SBE48T, FLR, FLOW, SSVdslog, Depth12, Depth35, EM122, EM710, COG,Datetime_GMT_underway,Datetime_UTC_underway
2024/04/03, 00:00:47.688,37.362,-74.208,10.84,207.11,207.24,11.08,11.1,11.1,1004.3,1004.3,0.0,0.0,11.85,10.06,52,45,7.4,9.3,100.0,100.0,5.9,6.6,308.2,289.4,1006.4,1006.4,-4.62,389.9,-0.02,32.6663,8.5424,365.4,45.4,1481.711, NAN, NAN, NAN, NAN,,2024/04/03 00:00:47.688,2024-04-03 00:00:47.688000+00:00
2024/04/03, 00:01:47.688,37.359,-74.21,10.89,207.3,205.66,11.05,11.0,11.0,1004.3,1004.3,0.0,0.0,11.85,10.06,52,44,7.7,9.6,100.0,100.0,6.2,6.8,306.1,286.9,1006.4,1006.4,-4.74,389.17,-0.02,32.666,8.5465,355.3,45.4,1481.726, NAN, NAN, NAN, NAN,,2024/04/03 00:01:47.688,2024-04-03 00:01:47.688000+00:00
2024/04/03, 00:02:47.688,37.356,-74.212,10.89,208.64,207.46,11.27,11.0,11.0,1004.1,1004.3,0.0,0.0,11.85,10.06,52,45,7.3,9.2,100.0,100.0,6.1,6.7,311.0,292.5,1006.2,1006.4,-4.78,389.02,-0.02,32.6633,8.5821,352.3,45.2,1481.856, NAN, NAN, NAN, NAN,,2024/04/03 00:02:47.688,2024-04-03 00:02:47.688000+00:00
2024/04/03, 00:03:47.688,37.353,-74.214,10.94,208.7,207.94,11.25,11.0,11.1,1004.1,1004.2,0.0,0.0,11.85,10.06,54,47,7.3,9.0,100.0,100.0,6.2,6.7,312.6,295.7,1006.2,1006.3,-5.02,388.85,-0.02,32.6614,8.6179,347.6,45.3,1481.988, NAN, NAN, NAN, NAN,,2024/04/03 00:03:47.688,2024-04-03 00:03:47.688000+00:00
2024/04/03, 00:04:47.688,37.351,-74.215,10.9,208.27,205.49,11.32,11.0,11.2,1004.2,1004.2,0.0,0.0,11.85,10.06,54,47,7.1,8.8,100.0,100.0,6.2,6.7,313.6,296.7,1006.3,1006.3,-5.01,388.31,-0.02,32.6601,8.6154,340.8,45.3,1481.977, NAN, NAN, NAN, NAN,,2024/04/03 00:04:47.688,2024-04-03 00:04:47.688000+00:00
2024/04/03, 00:05:47.689,37.348,-74.217,10.97,208.38,207.57,11.27,11.1,11.1,1004.2,1004.3,0.0,0.0,11.85,10.06,50,43,7.0,8.9,100.0,100.0,5.7,6.3,311.5,291.8,1006.3,1006.4,-4.92,388.38,-0.02,32.6589,8.5655,339.2,45.3,1481.789, NAN, NAN, NAN, NAN,,2024/04/03 00:05:47.689,2024-04-03 00:05:47.689000+00:00
2024/04/03, 00:06:47.689,37.345,-74.219,11.02,208.07,204.94,11.51,11.0,11.0,1004.3,1004.3,0.0,0.0,11.85,10.06,49,42,7.2,9.0,100.0,100.0,5.8,6.3,309.9,291.0,1006.4,1006.4,-4.91,382.58,-0.02,32.6575,8.5167,343.8,45.5,1481.604, NAN, NAN, NAN, NAN,,2024/04/03 00:06:47.689,2024-04-03 00:06:47.689000+00:00
2024/04/03, 00:07:47.689,37.342,-74.221,10.99,208.18,207.32,11.27,11.0,11.0,1004.3,1004.3,0.0,0.0,11.85,10.06,54,47,6.7,8.5,100.0,100.0,5.7,6.2,317.0,298.1,1006.4,1006.4,-5.1,386.25,-0.02,32.6555,8.4651,337.1,45.2,1481.408, NAN, NAN, NAN, NAN,,2024/04/03 00:07:47.689,2024-04-03 00:07:47.689000+00:00
2024/04/03, 00:08:47.689,37.34,-74.223,11.0,208.17,208.26,11.38,11.0,11.2,1004.3,1004.3,0.0,0.0,11.85,10.06,61,53,7.3,9.0,100.0,100.0,6.8,7.2,317.9,301.6,1006.4,1006.4,-5.24,386.9,-0.02,32.6548,8.3878,340.9,45.5,1481.117, NAN, NAN, NAN, NAN,,2024/04/03 00:08:47.689,2024-04-03 00:08:47.689000+00:00
2024/04/03, 00:09:47.689,37.337,-74.224,11.11,207.48,207.37,11.26,11.4,11.4,1004.2,1004.3,0.0,0.0,11.85,10.06,61,54,7.5,9.2,100.0,100.0,6.9,7.5,315.5,300.4,1006.3,1006.4,-5.15,387.42,-0.02,32.6551,8.3359,337.1,45.4,1480.922, NAN, NAN, NAN, NAN,,2024/04/03 00:09:47.689,2024-04-03 00:09:47.689000+00:00
2024/04/03, 00:10:47.689,37.334,-74.226,11.16,207.73,206.96,11.35,11.2,11.5,1004.2,1004.3,0.0,0.0,11.85,10.06,51,44,6.5,8.4,100.0,100.0,5.4,5.9,316.7,295.7,1006.3,1006.4,-4.66,384.6,-0.02,32.6536,8.2356,323.3,45.5,1480.542, NAN, NAN, NAN, NAN,,2024/04/03 00:10:47.689,2024-04-03 00:10:47.689000+00:00
2024/04/03, 00:11:47.689,37.331,-74.228,11.18,207.62,208.06,11.25,10.9,10.9,1004.3,1004.3,0.0,0.0,11.85,10.06,54,47,6.7,8.3,100.0,100.0,5.7,6.1,316.5,298.8,1006.4,1006.4,-4.83,387.45,-0.02,32.6523,8.2313,313.6,45.2,1480.524, NAN, NAN, NAN, NAN,,2024/04/03 00:11:47.689,2024-04-03 00:11:47.689000+00:00
2024/04/03, 00:12:47.689,37.328,-74.23,11.17,208.42,208.33,11.03,10.7,10.9,1004.3,1004.5,0.0,0.0,11.85,10.06,58,50,6.9,8.6,100.0,100.0,6.2,6.6,317.4,299.6,1006.4,1006.6,-5.21,388.36,-0.02,32.6537,8.35,300.8,45.3,1480.973, NAN, NAN, NAN, NAN,,2024/04/03 00:12:47.689,2024-04-03 00:12:47.689000+00:00
2024/04/03, 00:13:47.689,37.326,-74.232,11.21,207.91,208.16,11.06,10.8,10.9,1004.3,1004.3,0.0,0.0,11.85,10.06,58,51,7.3,9.0,100.0,100.0,6.4,6.9,314.4,298.1,1006.4,1006.4,-5.27,382.47,-0.02,32.6546,8.4405,297.7,45.1,1481.315, NAN, NAN, NAN, NAN,,2024/04/03 00:13:47.689,2024-04-03 00:13:47.689000+00:00
2024/04/03, 00:14:47.689,37.323,-74.234,11.29,208.45,209.61,11.11,10.9,10.9,1004.3,1004.3,0.0,0.0,11.85,10.06,58,50,6.8,8.6,100.0,100.0,6.1,6.5,318.7,300.0,1006.4,1006.4,-5.2,383.96,-0.02,32.6563,8.5644,277.6,45.1,1481.782, NAN, NAN, NAN, NAN,,2024/04/03 00:14:47.689,2024-04-03 00:14:47.689000+00:00
2024/04/03, 00:15:47.689,37.32,-74.236,11.28,207.96,209.62,11.12,11.0,11.0,1004.3,1004.3,0.0,0.0,11.85,10.06,60,52,6.4,8.2,100.0,100.0,6.0,6.4,322.7,303.9,1006.4,1006.4,-5.33,390.88,-0.02,32.6573,8.6338,291.0,45.2,1482.042, NAN, NAN, NAN, NAN,,2024/04/03 00:15:47.689,2024-04-03 00:15:47.689000+00:00
2024/04/03, 00:16:47.689,37.317,-74.237,11.26,208.14,207.47,10.99,10.9,11.0,1004.3,1004.3,0.0,0.0,11.85,10.06,55,48,6.2,7.9,100.0,100.0,5.5,5.9,320.6,301.7,1006.4,1006.4,-5.1,386.19,-0.02,32.6569,8.6427,285.7,45.3,1482.075, NAN, NAN, NAN, NAN,,2024/04/03 00:16:47.689,2024-04-03 00:16:47.689000+00:00
2024/04/03, 00:17:47.689,37.315,-74.239,11.3,206.72,206.71,11.31,10.8,10.9,1004.3,1004.3,0.0,0.0,11.85,10.06,58,50,6.2,8.0,100.0,100.0,5.8,6.1,322.8,303.1,1006.4,1006.4,-5.18,385.89,-0.02,32.6564,8.6213,283.3,45.4,1481.995, NAN, NAN, NAN, NAN,,2024/04/03 00:17:47.689,2024-04-03 00:17:47.689000+00:00
2024/04/03, 00:18:47.689,37.312,-74.241,11.32,207.04,207.2,11.22,10.9,10.9,1004.3,1004.3,0.0,0.0,11.85,10.06,66,58,5.9,7.3,100.0,100.0,6.3,6.4,329.4,314.3,1006.4,1006.4,-5.22,391.15,-0.02,32.6533,8.5626,295.8,45.3,1481.771, NAN, NAN, NAN, NAN,,2024/04/03 00:18:47.689,2024-04-03 00:18:47.689000+00:00
2024/04/03, 00:19:47.689,37.309,-74.243,11.38,208.84,208.35,11.33,11.0,11.0,1004.3,1004.3,0.0,0.0,11.85,10.06,64,57,6.3,7.7,100.0,100.0,6.4,6.7,327.2,313.0,1006.4,1006.4,-5.1,389.83,-0.02,32.6495,8.569,310.2,45.4,1481.79, NAN, NAN, NAN, NAN,,2024/04/03 00:19:47.689,2024-04-03 00:19:47.689000+00:00
2024/04/03, 00:20:47.690,37.307,-74.245,11.37,208.16,207.37,11.34,11.0,11.0,1004.3,1004.3,0.0,0.0,11.85,10.06,69,63,6.4,7.7,100.0,100.0,7.0,7.3,328.6,316.8,1006.4,1006.4,-5.1,389.46,-0.02,32.6479,8.5138,305.2,45.4,1481.582, NAN, NAN, NAN, NAN,,2024/04/03 00:20:47.690,2024-04-03 00:20:47.690000+00:00
2024/04/03, 00:21:47.690,37.304,-74.247,11.36,208.03,207.91,11.19,11.1,11.3,1004.3,1004.3,0.0,0.0,11.85,10.06,60,51,5.9,7.7,100.0,100.0,5.9,6.1,326.6,306.6,1006.4,1006.4,-5.03,387.69,-0.02,32.6475,8.4589,317.6,45.3,1481.375, NAN, NAN, NAN, NAN,,2024/04/03 00:21:47.690,2024-04-03 00:21:47.690000+00:00
2024/04/03, 00:22:47.690,37.301,-74.249,11.39,208.6,209.49,11.37,11.1,11.2,1004.3,1004.3,0.0,0.0,11.85,10.06,61,53,6.1,7.6,100.0,100.0,6.0,6.2,327.1,310.5,1006.4,1006.4,-4.79,388.0,-0.02,32.6445,8.5013,313.9,45.2,1481.531, NAN, NAN, NAN, NAN,,2024/04/03 00:22:47.690,2024-04-03 00:22:47.690000+00:00
2024/04/03, 00:23:47.690,37.298,-74.251,11.34,207.87,210.96,11.33,11.1,11.2,1004.3,1004.4,0.0,0.0,11.85,10.06,63,55,6.1,7.6,100.0,100.0,6.0,6.1,328.4,311.6,1006.4,1006.5,-5.08,389.86,-0.02,32.6465,8.4602,313.2,45.2,1481.379, NAN, NAN, NAN, NAN,,2024/04/03 00:23:47.690,2024-04-03 00:23:47.690000+00:00
2024/04/03, 00:24:47.690,37.296,-74.253,11.3,208.28,209.13,11.27,11.2,11.2,1004.4,1004.5,0.0,0.0,11.85,10.06,62,54,6.4,8.0,100.0,100.0,6.2,6.4,325.0,308.0,1006.5,1006.6,-4.94,391.43,-0.02,32.6508,8.4082,298.8,45.2,1481.189, NAN, NAN, NAN, NAN,,2024/04/03 00:24:47.690,2024-04-03 00:24:47.690000+00:00
2024/04/03, 00:25:47.690,37.293,-74.255,11.3,208.38,212.12,11.16,11.1,11.2,1004.4,1004.5,0.0,0.0,11.85,10.06,62,54,5.9,7.6,100.0,100.0,5.8,6.1,329.1,310.4,1006.5,1006.6,-4.97,390.85,-0.02,32.6528,8.4731,298.0,45.2,1481.435, NAN, NAN, NAN, NAN,,2024/04/03 00:25:47.690,2024-04-03 00:25:47.690000+00:00
2024/04/03, 00:26:47.690,37.29,-74.257,11.28,208.06,211.01,11.23,11.2,11.2,1004.5,1004.5,0.0,0.0,11.85,10.06,59,52,6.2,7.8,100.0,100.0,5.7,6.0,325.0,307.3,1006.6,1006.6,-4.9,391.25,-0.01,32.6538,8.5198,317.2,45.4,1481.611, NAN, NAN, NAN, NAN,,2024/04/03 00:26:47.690,2024-04-03 00:26:47.690000+00:00
2024/04/03, 00:27:47.690,37.288,-74.259,11.24,208.22,210.57,11.13,11.1,11.2,1004.6,1004.6,0.0,0.0,11.85,10.06,62,54,6.2,7.5,100.0,100.0,5.9,6.0,326.5,310.9,1006.7,1006.7,-4.89,388.64,-0.02,32.6523,8.5308,321.7,45.4,1481.651, NAN, NAN, NAN, NAN,,2024/04/03 00:27:47.690,2024-04-03 00:27:47.690000+00:00
2024/04/03, 00:28:47.690,37.285,-74.261,11.25,209.01,209.9,11.27,11.1,11.1,1004.4,1004.5,0.0,0.0,11.85,10.06,65,56,5.7,7.2,100.0,100.0,6.1,6.1,332.7,315.7,1006.5,1006.6,-4.95,389.13,-0.01,32.645,8.5237,355.3,45.6,1481.615, NAN, NAN, NAN, NAN,,2024/04/03 00:28:47.690,2024-04-03 00:28:47.690000+00:00
2024/04/03, 00:29:47.690,37.282,-74.262,11.3,207.22,206.57,11.22,11.0,11.0,1004.3,1004.5,0.0,0.0,11.85,10.06,67,58,5.3,6.7,100.0,100.0,6.0,6.0,335.0,318.9,1006.4,1006.6,-5.07,386.56,-0.02,32.6393,8.613,377.4,45.4,1481.943, NAN, NAN, NAN, NAN,,2024/04/03 00:29:47.690,2024-04-03 00:29:47.690000+00:00
2024/04/03, 00:30:47.690,37.28,-74.264,11.37,207.91,209.14,11.14,11.1,11.1,1004.4,1004.5,0.0,0.0,11.85,10.06,67,58,5.2,6.7,100.0,100.0,5.9,5.9,336.6,319.5,1006.5,1006.6,-5.12,389.69,-0.02,32.6529,8.7845,372.4,45.5,1482.599, NAN, NAN, NAN, NAN,,2024/04/03 00:30:47.690,2024-04-03 00:30:47.690000+00:00
2024/04/03, 00:31:47.690,37.277,-74.266,11.32,208.26,210.59,11.28,11.0,11.1,1004.4,1004.4,0.0,0.0,11.85,10.06,43,37,5.3,7.1,100.0,100.0,3.9,4.1,327.6,300.0,1006.5,1006.5,-5.03,385.15,-0.02,32.6765,9.1233,375.2,45.7,1483.885, NAN, NAN, NAN, NAN,,2024/04/03 00:31:47.690,2024-04-03 00:31:47.690000+00:00
2024/04/03, 00:32:47.690,37.274,-74.268,11.23,207.67,209.17,11.35,10.9,10.9,1004.4,1004.4,0.0,0.0,11.85,10.06,62,52,5.4,7.1,100.0,100.0,5.7,5.6,333.3,312.7,1006.5,1006.5,-5.16,383.86,-0.01,32.7234,9.4746,384.4,45.6,1485.233, NAN, NAN, NAN, NAN,,2024/04/03 00:32:47.690,2024-04-03 00:32:47.690000+00:00
2024/04/03, 00:33:47.690,37.271,-74.27,11.26,208.3,208.3,11.06,11.2,11.2,1004.3,1004.4,0.0,0.0,11.85,10.06,68,59,6.0,7.4,100.0,100.0,6.5,6.5,330.4,315.0,1006.4,1006.5,-5.31,387.0,-0.02,32.7793,9.7057,372.4,45.7,1486.145, NAN, NAN, NAN, NAN,,2024/04/03 00:33:47.690,2024-04-03 00:33:47.690000+00:00
2024/04/03, 00:34:47.690,37.269,-74.272,11.36,208.31,207.68,11.4,11.4,11.4,1004.3,1004.3,0.0,0.0,11.85,10.06,83,74,5.6,6.2,100.0,100.0,7.6,7.3,340.9,332.8,1006.4,1006.4,-5.1,386.49,-0.02,32.8656,9.8579,371.2,45.7,1486.803, NAN, NAN, NAN, NAN,,2024/04/03 00:34:47.690,2024-04-03 00:34:47.690000+00:00
2024/04/03, 00:35:47.690,37.266,-74.274,11.37,208.22,208.43,11.47,11.6,11.6,1004.3,1004.3,0.0,0.0,11.85,10.06,77,67,5.1,5.9,100.0,100.0,6.9,6.5,342.0,331.7,1006.4,1006.4,-4.86,386.57,-0.02,32.9328,9.895,357.4,45.9,1487.019, NAN, NAN, NAN, NAN,,2024/04/03 00:35:47.690,2024-04-03 00:35:47.690000+00:00
2024/04/03, 00:36:47.691,37.263,-74.276,11.33,208.62,210.86,11.31,11.6,11.6,1004.5,1004.5,0.0,0.0,11.85,10.06,55,47,5.2,6.9,100.0,100.0,5.0,5.1,332.8,311.2,1006.6,1006.6,-4.59,391.4,-0.02,32.9745,9.8824,350.7,45.9,1487.024, NAN, NAN, NAN, NAN,,2024/04/03 00:36:47.691,2024-04-03 00:36:47.691000+00:00
2024/04/03, 00:37:47.691,37.26,-74.278,11.23,208.25,207.37,11.3,11.4,11.4,1004.5,1004.5,0.0,0.0,11.85,10.06,44,38,5.6,7.6,100.0,100.0,4.3,4.7,322.8,296.0,1006.6,1006.6,-4.6,388.79,-0.02,32.9859,9.8417,359.0,45.9,1486.89, NAN, NAN, NAN, NAN,,2024/04/03 00:37:47.691,2024-04-03 00:37:47.691000+00:00
2024/04/03, 00:38:47.691,37.258,-74.28,11.26,208.86,208.29,11.25,11.3,11.3,1004.6,1004.5,0.0,0.0,11.85,10.06,65,57,5.3,6.8,100.0,100.0,6.0,6.2,334.7,318.6,1006.7,1006.6,-4.79,386.83,-0.02,32.9844,9.8322,356.9,46.1,1486.854, NAN, NAN, NAN, NAN,,2024/04/03 00:38:47.691,2024-04-03 00:38:47.691000+00:00
2024/04/03, 00:39:47.691,37.255,-74.282,11.33,208.71,210.22,11.26,11.3,11.3,1004.6,1004.5,0.0,0.0,11.85,10.06,65,58,5.3,6.4,100.0,100.0,5.9,5.9,335.4,322.7,1006.7,1006.6,-4.98,393.26,-0.02,32.9808,9.8509,355.3,46.2,1486.918, NAN, NAN, NAN, NAN,,2024/04/03 00:39:47.691,2024-04-03 00:39:47.691000+00:00
2024/04/03, 00:40:47.691,37.252,-74.283,11.3,207.67,206.97,11.3,11.3,11.4,1004.6,1004.6,0.0,0.0,11.85,10.06,60,51,5.4,6.9,100.0,100.0,5.6,5.6,331.1,312.9,1006.7,1006.7,-4.99,392.51,-0.02,32.981,9.8133,354.0,46.0,1486.782, NAN, NAN, NAN, NAN,,2024/04/03 00:40:47.691,2024-04-03 00:40:47.691000+00:00
2024/04/03, 00:41:47.691,37.249,-74.285,11.3,207.62,207.04,11.31,11.4,11.4,1004.4,1004.5,0.0,0.0,11.85,10.06,62,53,5.2,6.7,100.0,100.0,5.6,5.6,334.3,316.3,1006.5,1006.6,-4.86,387.44,-0.02,32.9788,9.7623,370.5,46.0,1486.594, NAN, NAN, NAN, NAN,,2024/04/03 00:41:47.691,2024-04-03 00:41:47.691000+00:00
2024/04/03, 00:42:47.691,37.247,-74.287,11.27,208.53,208.92,11.38,11.5,11.5,1004.4,1004.4,0.0,0.0,11.85,10.06,65,56,4.8,6.2,100.0,100.0,5.8,5.7,339.5,323.2,1006.5,1006.5,-4.93,391.14,-0.01,32.9759,9.7074,370.8,46.0,1486.391, NAN, NAN, NAN, NAN,,2024/04/03 00:42:47.691,2024-04-03 00:42:47.691000+00:00
2024/04/03, 00:43:47.691,37.244,-74.289,11.27,208.3,208.42,11.19,11.6,11.6,1004.4,1004.4,0.0,0.0,11.85,10.06,61,52,4.8,6.3,100.0,100.0,5.5,5.4,337.0,318.7,1006.5,1006.5,-4.88,387.64,-0.02,32.9762,9.6336,371.5,45.9,1486.123, NAN, NAN, NAN, NAN,,2024/04/03 00:43:47.691,2024-04-03 00:43:47.691000+00:00
2024/04/03, 00:44:47.691,37.241,-74.291,11.26,207.66,206.87,11.34,11.5,11.6,1004.4,1004.5,0.0,0.0,11.85,10.06,62,52,4.9,6.5,100.0,100.0,5.6,5.4,337.1,317.4,1006.5,1006.6,-4.77,386.74,-0.02,32.9793,9.6407,366.0,45.9,1486.152, NAN, NAN, NAN, NAN,,2024/04/03 00:44:47.691,2024-04-03 00:44:47.691000+00:00
2024/04/03, 00:45:47.691,37.238,-74.293,11.28,208.05,205.44,11.46,11.5,11.5,1004.4,1004.4,0.0,0.0,11.85,10.06,63,53,4.2,5.7,100.0,100.0,5.5,5.3,344.0,325.9,1006.5,1006.5,-4.86,389.28,-0.01,32.9782,9.7009,358.0,45.9,1486.37, NAN, NAN, NAN, NAN,,2024/04/03 00:45:47.691,2024-04-03 00:45:47.691000+00:00
2024/04/03, 00:46:47.691,37.236,-74.295,11.32,208.36,206.45,11.21,11.5,11.5,1004.5,1004.4,0.0,0.0,11.85,10.06,58,50,4.7,6.2,100.0,100.0,5.2,5.1,337.6,318.8,1006.6,1006.5,-4.87,384.8,-0.02,32.9756,9.7603,366.2,45.7,1486.583, NAN, NAN, NAN, NAN,,2024/04/03 00:46:47.691,2024-04-03 00:46:47.691000+00:00
2024/04/03, 00:47:47.691,37.233,-74.297,11.25,208.47,208.57,11.37,11.5,11.5,1004.4,1004.3,0.0,0.0,11.85,10.06,64,51,4.0,5.7,100.0,100.0,5.5,5.0,346.7,325.2,1006.5,1006.4,-5.0,380.64,-0.02,32.9797,9.8174,354.7,45.7,1486.795, NAN, NAN, NAN, NAN,,2024/04/03 00:47:47.691,2024-04-03 00:47:47.691000+00:00
2024/04/03, 00:48:47.691,37.23,-74.298,11.24,208.9,209.11,11.18,11.5,11.5,1004.4,1004.4,0.0,0.0,11.85,10.06,59,49,3.9,5.4,100.0,100.0,5.1,4.7,346.3,326.8,1006.5,1006.5,-5.09,377.32,-0.01,32.9992,9.9954,357.7,45.7,1487.463, NAN, NAN, NAN, NAN,,2024/04/03 00:48:47.691,2024-04-03 00:48:47.691000+00:00
2024/04/03, 00:49:47.691,37.227,-74.3,11.25,207.89,209.06,11.34,11.4,11.5,1004.3,1004.3,0.0,0.0,11.85,10.06,49,40,3.6,5.5,100.0,100.0,4.4,3.9,350.0,322.6,1006.4,1006.4,-5.21,378.92,-0.02,33.0351,10.1748,367.8,45.8,1488.152, NAN, NAN, NAN, NAN,,2024/04/03 00:49:47.691,2024-04-03 00:49:47.691000+00:00
2024/04/03, 00:50:47.691,37.224,-74.302,11.24,208.78,209.02,11.34,11.4,11.4,1004.4,1004.3,0.0,0.0,11.85,10.06,55,45,3.9,5.7,100.0,100.0,4.8,4.5,346.7,322.6,1006.5,1006.4,-5.27,380.25,-0.02,33.0666,10.186,370.8,45.9,1488.231, NAN, NAN, NAN, NAN,,2024/04/03 00:50:47.691,2024-04-03 00:50:47.691000+00:00
2024/04/03, 00:51:47.692,37.222,-74.304,11.35,208.0,207.39,11.46,11.5,11.5,1004.3,1004.2,0.0,0.0,11.85,10.06,69,55,3.4,5.1,100.0,100.0,5.7,5.2,352.8,332.6,1006.4,1006.3,-5.25,378.48,-0.02,33.1198,10.0529,390.0,46.2,1487.817, NAN, NAN, NAN, NAN,,2024/04/03 00:51:47.692,2024-04-03 00:51:47.692000+00:00
2024/04/03, 00:52:47.692,37.219,-74.306,11.3,207.92,207.17,11.28,11.6,11.6,1004.4,1004.3,0.0,0.0,11.85,10.06,66,57,4.1,5.2,100.0,100.0,5.6,5.4,345.0,331.6,1006.5,1006.4,-5.18,376.87,-0.01,33.1367,9.9758,409.2,46.3,1487.559, NAN, NAN, NAN, NAN,,2024/04/03 00:52:47.692,2024-04-03 00:52:47.692000+00:00
2024/04/03, 00:53:47.692,37.216,-74.307,11.22,208.62,206.34,11.25,11.6,11.6,1004.3,1004.3,0.0,0.0,11.85,10.06,70,59,3.6,4.8,100.0,100.0,5.8,5.4,350.6,336.3,1006.4,1006.4,-5.25,378.16,-0.02,33.1134,9.9412,386.0,46.2,1487.406, NAN, NAN, NAN, NAN,,2024/04/03 00:53:47.692,2024-04-03 00:53:47.692000+00:00
2024/04/03, 00:54:47.692,37.213,-74.309,11.3,208.33,205.11,11.42,11.5,11.6,1004.3,1004.3,0.0,0.0,11.85,10.06,56,47,3.1,4.7,100.0,100.0,5.0,4.5,354.4,334.5,1006.4,1006.4,-5.24,377.12,-0.02,33.077,9.9407,391.8,46.0,1487.36, NAN, NAN, NAN, NAN,,2024/04/03 00:54:47.692,2024-04-03 00:54:47.692000+00:00
2024/04/03, 00:55:47.692,37.21,-74.311,11.21,207.76,205.7,11.26,11.4,11.4,1004.3,1004.3,0.0,0.0,11.85,10.06,44,36,3.2,5.0,100.0,100.0,4.2,3.5,353.5,327.2,1006.4,1006.4,-5.26,376.88,-0.02,33.0511,9.9542,383.3,46.0,1487.377, NAN, NAN, NAN, NAN,,2024/04/03 00:55:47.692,2024-04-03 00:55:47.692000+00:00
2024/04/03, 00:56:47.692,37.208,-74.313,11.2,208.44,206.43,11.33,11.3,11.4,1004.4,1004.3,0.0,0.0,11.85,10.06,53,42,2.6,4.5,100.0,100.0,4.8,4.1,0.2,336.0,1006.5,1006.4,-5.4,378.0,-0.02,33.0414,9.9528,372.9,45.9,1487.36, NAN, NAN, NAN, NAN,,2024/04/03 00:56:47.692,2024-04-03 00:56:47.692000+00:00
2024/04/03, 00:57:47.692,37.205,-74.314,11.25,208.88,206.52,11.37,11.4,11.4,1004.3,1004.2,0.0,0.0,11.85,10.06,42,35,2.7,4.1,100.0,100.0,4.4,3.6,359.9,341.8,1006.4,1006.3,-5.42,377.8,-0.02,33.0332,9.9064,375.2,46.1,1487.182, NAN, NAN, NAN, NAN,,2024/04/03 00:57:47.692,2024-04-03 00:57:47.692000+00:00
2024/04/03, 00:58:47.692,37.202,-74.316,11.33,208.37,204.77,11.33,11.3,11.4,1004.3,1004.2,0.0,0.0,11.85,10.06,37,32,2.6,3.7,100.0,100.0,4.2,3.6,0.8,347.1,1006.4,1006.3,-5.38,378.27,-0.02,33.0234,9.7808,364.4,46.1,1486.715, NAN, NAN, NAN, NAN,,2024/04/03 00:58:47.692,2024-04-03 00:58:47.692000+00:00
2024/04/03, 00:59:47.692,37.199,-74.318,11.28,208.03,204.88,11.43,11.3,11.4,1004.3,1004.3,0.0,0.0,11.85,10.06,51,39,2.3,4.2,100.0,100.0,4.9,4.0,2.2,339.0,1006.4,1006.4,-5.44,378.91,-0.02,33.0078,9.6571,380.4,45.9,1486.247, NAN, NAN, NAN, NAN,,2024/04/03 00:59:47.692,2024-04-03 00:59:47.692000+00:00
2024/04/03, 01:00:47.692,37.196,-74.319,11.26,207.99,203.01,11.29,11.4,11.4,1004.3,1004.3,0.0,0.0,11.85,10.06,43,35,2.2,3.7,100.0,100.0,4.6,3.8,2.8,344.8,1006.4,1006.4,-5.37,377.77,-0.02,32.982,9.5672,376.3,46.0,1485.888, NAN, NAN, NAN, NAN,,2024/04/03 01:00:47.692,2024-04-03 01:00:47.692000+00:00
2024/04/03, 01:01:47.692,37.193,-74.321,11.24,208.61,203.59,11.53,11.4,11.4,1004.3,1004.3,0.0,0.0,11.85,10.06,43,35,2.3,4.3,100.0,100.0,4.7,3.9,1.4,336.4,1006.4,1006.4,-5.4,377.37,-0.01,32.9649,9.4287,388.1,46.0,1485.361, NAN, NAN, NAN, NAN,,2024/04/03 01:01:47.692,2024-04-03 01:01:47.692000+00:00
2024/04/03, 01:02:47.692,37.19,-74.322,11.35,209.54,201.31,11.61,11.4,11.4,1004.3,1004.3,0.0,0.0,11.85,10.06,36,30,2.2,3.3,100.0,100.0,4.6,3.9,3.0,351.2,1006.4,1006.4,-5.3,375.59,-0.02,32.9365,9.2147,376.0,46.0,1484.54, NAN, NAN, NAN, NAN,,2024/04/03 01:02:47.692,2024-04-03 01:02:47.692000+00:00
2024/04/03, 01:03:47.692,37.187,-74.324,11.4,206.72,201.84,11.64,11.4,11.4,1004.3,1004.3,0.0,0.0,11.85,10.06,32,24,1.8,2.8,100.0,100.0,4.7,3.8,8.9,1.4,1006.4,1006.4,-5.34,374.05,-0.02,32.8694,9.1209,352.3,45.8,1484.112, NAN, NAN, NAN, NAN,,2024/04/03 01:03:47.692,2024-04-03 01:03:47.692000+00:00
2024/04/03, 01:04:47.692,37.184,-74.325,11.27,208.97,202.13,11.36,11.4,11.4,1004.3,1004.3,0.0,0.0,11.85,10.06,19,14,1.7,1.7,100.0,100.0,4.4,4.3,12.1,13.7,1006.4,1006.4,-5.37,371.06,-0.02,32.7414,9.133,341.9,45.9,1484.0, NAN, NAN, NAN, NAN,,2024/04/03 01:04:47.692,2024-04-03 01:04:47.692000+00:00
2024/04/03, 01:05:47.692,37.181,-74.327,11.23,209.78,204.9,11.33,11.4,11.4,1004.3,1004.3,0.0,0.0,11.85,10.06,19,16,2.0,2.1,100.0,100.0,4.1,3.9,14.1,14.7,1006.4,1006.4,-5.42,368.94,-0.02,32.6013,9.301,367.5,45.9,1484.447, NAN, NAN, NAN, NAN,,2024/04/03 01:05:47.692,2024-04-03 01:05:47.692000+00:00
2024/04/03, 01:06:47.692,37.179,-74.329,11.12,209.55,202.38,11.3,11.4,11.4,1004.3,1004.3,0.0,0.0,11.85,10.06,42,33,1.7,2.9,100.0,100.0,4.9,4.0,7.9,355.8,1006.4,1006.4,-5.44,368.55,-0.02,32.5089,9.471,427.8,45.9,1484.958, NAN, NAN, NAN, NAN,,2024/04/03 01:06:47.692,2024-04-03 01:06:47.692000+00:00
2024/04/03, 01:07:47.693,37.176,-74.33,11.25,210.34,204.78,11.21,11.4,11.4,1004.3,1004.3,0.0,0.0,11.85,10.06,45,37,2.2,3.9,100.0,100.0,4.7,3.9,4.0,342.8,1006.4,1006.4,-5.52,366.85,-0.02,32.4469,9.5187,453.4,45.9,1485.057, NAN, NAN, NAN, NAN,,2024/04/03 01:07:47.693,2024-04-03 01:07:47.693000+00:00
2024/04/03, 01:08:47.693,37.173,-74.332,11.13,209.92,204.37,11.39,11.4,11.4,1004.3,1004.3,0.0,0.0,11.85,10.06,38,32,2.2,2.9,100.0,100.0,4.5,3.9,5.7,358.9,1006.4,1006.4,-5.55,366.53,-0.02,32.4105,9.4503,444.9,45.9,1484.762, NAN, NAN, NAN, NAN,,2024/04/03 01:08:47.693,2024-04-03 01:08:47.693000+00:00
2024/04/03, 01:09:47.693,37.17,-74.334,11.3,211.61,205.52,11.16,11.3,11.2,1004.5,1004.5,0.0,0.0,11.85,10.06,53,43,3.3,5.2,100.0,99.8,4.9,4.6,350.7,326.3,1006.6,1006.6,-5.62,366.22,-0.02,32.3848,9.3054,442.8,45.8,1484.199, NAN, NAN, NAN, NAN,,2024/04/03 01:09:47.693,2024-04-03 01:09:47.693000+00:00
2024/04/03, 01:10:47.693,37.167,-74.335,11.35,210.76,206.37,11.3,11.2,11.2,1004.4,1004.5,0.0,0.0,11.85,10.06,57,46,2.8,4.6,99.8,100.0,5.1,4.5,357.8,335.6,1006.5,1006.6,-5.8,367.99,-0.02,32.3701,9.1857,444.9,45.9,1483.74, NAN, NAN, NAN, NAN,,2024/04/03 01:10:47.693,2024-04-03 01:10:47.693000+00:00
2024/04/03, 01:11:47.693,37.164,-74.337,11.31,211.49,206.21,11.41,11.1,11.2,1004.4,1004.4,0.0,0.0,11.85,10.06,48,38,2.5,4.5,100.0,100.0,4.8,4.0,1.5,336.1,1006.5,1006.5,-5.91,368.38,-0.02,32.3617,9.1061,458.0,45.9,1483.435, NAN, NAN, NAN, NAN,,2024/04/03 01:11:47.693,2024-04-03 01:11:47.693000+00:00
2024/04/03, 01:12:47.693,37.161,-74.339,11.36,211.08,208.74,11.39,11.1,11.1,1004.5,1004.5,0.0,0.0,11.85,10.06,54,44,2.9,4.8,100.0,100.0,4.9,4.4,357.9,334.0,1006.6,1006.6,-5.93,369.26,-0.01,32.3561,9.0534,490.0,45.8,1483.233, NAN, NAN, NAN, NAN,,2024/04/03 01:12:47.693,2024-04-03 01:12:47.693000+00:00
2024/04/03, 01:13:47.693,37.159,-74.341,11.26,210.63,206.81,11.4,11.1,11.1,1004.5,1004.5,0.0,0.0,11.85,10.06,71,58,3.5,4.8,100.0,100.0,6.0,5.5,352.7,337.3,1006.6,1006.6,-5.94,369.83,-0.02,32.3573,9.0255,496.8,45.8,1483.131, NAN, NAN, NAN, NAN,,2024/04/03 01:13:47.693,2024-04-03 01:13:47.693000+00:00
2024/04/03, 01:14:47.693,37.156,-74.342,11.32,210.64,204.25,11.39,11.2,11.2,1004.5,1004.6,0.0,0.0,11.85,10.06,83,71,3.6,4.5,100.0,100.0,6.8,6.5,353.3,342.9,1006.6,1006.7,-5.75,368.93,-0.02,32.3549,9.0,499.2,45.5,1483.034, NAN, NAN, NAN, NAN,,2024/04/03 01:14:47.693,2024-04-03 01:14:47.693000+00:00
2024/04/03, 01:15:47.693,37.153,-74.344,11.23,210.68,206.61,11.27,11.2,11.3,1004.6,1004.6,0.0,0.0,11.85,10.06,61,49,3.4,5.1,100.0,100.0,5.3,4.8,352.5,331.3,1006.7,1006.7,-5.65,367.56,-0.02,32.3557,8.9217,493.4,45.2,1482.744, NAN, NAN, NAN, NAN,,2024/04/03 01:15:47.693,2024-04-03 01:15:47.693000+00:00
2024/04/03, 01:16:47.693,37.15,-74.346,11.27,210.67,206.76,11.35,11.1,11.2,1004.7,1004.7,0.0,0.0,11.85,10.06,61,50,3.3,4.7,100.0,100.0,5.3,4.8,353.5,336.2,1006.8,1006.8,-5.71,366.86,-0.01,32.3595,8.8639,482.2,45.3,1482.534, NAN, NAN, NAN, NAN,,2024/04/03 01:16:47.693,2024-04-03 01:16:47.693000+00:00
2024/04/03, 01:17:47.693,37.147,-74.348,11.27,211.01,207.41,11.35,11.1,11.2,1004.6,1004.5,0.0,0.0,11.85,10.06,66,54,3.1,4.3,100.0,100.0,5.6,5.1,355.7,341.4,1006.7,1006.6,-5.68,367.46,-0.01,32.3636,8.8447,485.6,45.3,1482.468, NAN, NAN, NAN, NAN,,2024/04/03 01:17:47.693,2024-04-03 01:17:47.693000+00:00
2024/04/03, 01:18:47.693,37.145,-74.35,11.28,211.57,209.04,11.58,11.1,11.2,1004.6,1004.5,0.0,0.0,11.85,10.06,74,57,2.6,3.7,100.0,100.0,5.9,5.2,3.1,350.3,1006.7,1006.6,-5.72,367.22,-0.01,32.3687,8.8193,480.9,45.5,1482.38, NAN, NAN, NAN, NAN,,2024/04/03 01:18:47.693,2024-04-03 01:18:47.693000+00:00
2024/04/03, 01:19:47.693,37.142,-74.351,11.34,208.92,207.79,11.6,11.1,11.1,1004.6,1004.5,0.0,0.0,11.85,10.06,65,52,2.7,4.3,100.0,100.0,5.5,4.8,1.1,342.5,1006.7,1006.6,-5.79,367.15,-0.01,32.3775,8.8264,469.6,45.5,1482.417, NAN, NAN, NAN, NAN,,2024/04/03 01:19:47.693,2024-04-03 01:19:47.693000+00:00
2024/04/03, 01:20:47.693,37.139,-74.353,11.27,211.17,207.59,11.31,11.0,11.1,1004.7,1004.6,0.0,0.0,11.85,10.06,51,41,3.0,4.9,100.0,100.0,4.7,4.1,357.4,332.2,1006.8,1006.7,-5.88,366.96,-0.01,32.3864,8.8618,463.8,45.1,1482.559, NAN, NAN, NAN, NAN,,2024/04/03 01:20:47.693,2024-04-03 01:20:47.693000+00:00
2024/04/03, 01:21:47.693,37.136,-74.355,11.32,210.72,208.39,11.49,11.0,11.1,1004.8,1004.7,0.0,0.0,11.85,10.06,57,46,3.2,4.9,100.0,100.0,5.0,4.5,356.4,334.9,1006.9,1006.8,-5.77,367.12,-0.01,32.391,8.7813,467.8,45.1,1482.265, NAN, NAN, NAN, NAN,,2024/04/03 01:21:47.693,2024-04-03 01:21:47.693000+00:00
2024/04/03, 01:22:47.694,37.133,-74.357,11.34,211.86,212.18,11.52,11.1,11.1,1004.8,1004.6,0.0,0.0,11.85,10.06,55,44,3.3,5.1,100.0,100.0,4.9,4.3,356.6,333.3,1006.9,1006.7,-5.78,367.21,-0.01,32.4071,8.7589,444.3,45.1,1482.202, NAN, NAN, NAN, NAN,,2024/04/03 01:22:47.694,2024-04-03 01:22:47.694000+00:00
2024/04/03, 01:23:47.694,37.131,-74.359,11.36,210.62,209.64,11.4,11.1,11.1,1004.8,1004.8,0.0,0.0,11.85,10.06,70,58,3.3,4.6,100.0,100.0,5.7,5.3,356.2,340.9,1006.9,1006.9,-5.73,367.14,-0.02,32.4104,8.661,462.8,45.1,1481.84, NAN, NAN, NAN, NAN,,2024/04/03 01:23:47.694,2024-04-03 01:23:47.694000+00:00
2024/04/03, 01:24:47.694,37.128,-74.361,11.38,211.49,210.59,11.52,11.1,11.1,1004.9,1004.8,0.0,0.0,11.85,10.06,70,60,3.5,4.7,100.0,100.0,5.8,5.5,355.6,341.8,1007.0,1006.9,-5.61,366.39,-0.02,32.4181,8.5534,461.7,45.3,1481.447, NAN, NAN, NAN, NAN,,2024/04/03 01:24:47.694,2024-04-03 01:24:47.694000+00:00
2024/04/03, 01:25:47.694,37.125,-74.363,11.39,210.86,212.62,11.65,11.1,11.1,1004.8,1004.8,0.0,0.0,11.85,10.06,76,65,3.8,4.9,100.0,100.0,6.2,5.9,355.1,342.5,1006.9,1006.9,-5.63,364.3,-0.02,32.4326,8.5126,436.4,45.2,1481.312, NAN, NAN, NAN, NAN,,2024/04/03 01:25:47.694,2024-04-03 01:25:47.694000+00:00
2024/04/03, 01:26:47.694,37.122,-74.365,11.49,211.1,210.46,11.68,11.1,11.1,1004.9,1004.8,0.0,0.0,11.85,10.06,69,59,3.7,5.0,100.0,100.0,5.8,5.5,354.4,339.6,1007.0,1006.9,-5.59,362.37,-0.02,32.4395,8.4795,443.3,45.2,1481.196, NAN, NAN, NAN, NAN,,2024/04/03 01:26:47.694,2024-04-03 01:26:47.694000+00:00
2024/04/03, 01:27:47.694,37.119,-74.367,11.55,211.17,209.57,11.65,11.0,11.1,1004.9,1004.8,0.0,0.0,11.85,10.06,65,56,3.8,5.0,100.0,100.0,5.6,5.3,352.4,338.2,1007.0,1006.9,-5.73,362.3,-0.02,32.4497,8.515,434.5,45.0,1481.342, NAN, NAN, NAN, NAN,,2024/04/03 01:27:47.694,2024-04-03 01:27:47.694000+00:00
2024/04/03, 01:28:47.694,37.117,-74.369,11.54,210.83,209.22,11.68,11.0,11.0,1004.8,1004.8,0.0,0.0,11.85,10.06,52,42,4.2,6.1,100.0,100.0,4.8,4.4,346.2,320.3,1006.9,1006.9,-5.7,365.95,-0.02,32.456,8.5127,412.9,45.1,1481.341, NAN, NAN, NAN, NAN,,2024/04/03 01:28:47.694,2024-04-03 01:28:47.694000+00:00
2024/04/03, 01:29:47.694,37.114,-74.371,11.52,210.67,211.86,11.63,11.0,11.0,1004.9,1004.8,0.0,0.0,11.85,10.06,63,51,3.6,5.2,99.9,99.9,5.4,4.9,354.1,334.4,1007.0,1006.9,-5.72,363.42,-0.01,32.4694,8.5183,395.8,44.8,1481.378, NAN, NAN, NAN, NAN,,2024/04/03 01:29:47.694,2024-04-03 01:29:47.694000+00:00
2024/04/03, 01:30:47.694,37.111,-74.373,11.36,211.13,212.27,11.26,10.9,10.9,1004.8,1004.8,0.0,0.0,11.85,10.06,58,48,3.7,5.4,100.0,100.0,4.9,4.5,352.1,329.8,1006.9,1006.9,-5.8,364.02,-0.02,32.487,8.5359,379.6,44.9,1481.466, NAN, NAN, NAN, NAN,,2024/04/03 01:30:47.694,2024-04-03 01:30:47.694000+00:00
2024/04/03, 01:31:47.694,37.108,-74.375,11.38,211.29,211.08,11.31,10.9,10.9,1004.7,1004.7,0.0,0.0,11.85,10.06,64,52,3.3,4.8,100.0,100.0,5.3,4.7,357.0,338.3,1006.8,1006.8,-5.87,363.58,-0.02,32.5095,8.613,358.7,45.0,1481.783, NAN, NAN, NAN, NAN,,2024/04/03 01:31:47.694,2024-04-03 01:31:47.694000+00:00
2024/04/03, 01:32:47.694,37.106,-74.377,11.4,210.47,210.3,11.6,10.9,10.9,1004.6,1004.5,0.0,0.0,11.85,10.06,56,46,2.7,4.5,100.0,100.0,5.0,4.3,3.5,341.5,1006.7,1006.6,-5.85,363.9,-0.02,32.5355,8.6567,342.5,45.1,1481.978, NAN, NAN, NAN, NAN,,2024/04/03 01:32:47.694,2024-04-03 01:32:47.694000+00:00
2024/04/03, 01:33:47.694,37.103,-74.379,11.42,210.71,210.67,11.45,10.9,10.9,1004.5,1004.5,0.0,0.0,11.85,10.06,68,54,3.0,4.5,100.0,100.0,5.5,4.8,1.3,343.2,1006.6,1006.6,-5.87,363.79,-0.02,32.5703,8.7529,333.4,45.5,1482.38, NAN, NAN, NAN, NAN,,2024/04/03 01:33:47.694,2024-04-03 01:33:47.694000+00:00
2024/04/03, 01:34:47.694,37.1,-74.381,11.36,211.16,212.31,11.31,10.8,10.9,1004.5,1004.4,0.0,0.0,11.85,10.06,76,61,2.6,4.0,100.0,100.0,5.7,5.2,5.9,349.7,1006.6,1006.5,-5.99,364.27,-0.02,32.6045,9.4469,335.5,45.4,1484.987, NAN, NAN, NAN, NAN,,2024/04/03 01:34:47.694,2024-04-03 01:34:47.694000+00:00
2024/04/03, 01:35:47.694,37.097,-74.383,11.39,211.45,210.35,11.53,10.8,10.8,1004.5,1004.5,0.0,0.0,11.85,10.06,78,62,2.5,3.7,100.0,100.0,6.0,5.4,6.3,352.8,1006.6,1006.6,-5.99,364.93,-0.02,32.6403,10.2836,348.6,45.5,1488.064, NAN, NAN, NAN, NAN,,2024/04/03 01:35:47.694,2024-04-03 01:35:47.694000+00:00
2024/04/03, 01:36:47.694,37.095,-74.385,11.38,209.51,210.62,11.34,10.8,10.8,1004.5,1004.4,0.0,0.0,11.85,10.06,71,56,2.3,3.9,100.0,100.0,5.5,4.8,6.8,348.4,1006.6,1006.5,-5.96,365.84,-0.02,32.721,10.6458,344.6,45.6,1489.455, NAN, NAN, NAN, NAN,,2024/04/03 01:36:47.694,2024-04-03 01:36:47.694000+00:00
2024/04/03, 01:37:47.694,37.092,-74.387,11.34,211.29,208.81,11.12,10.7,10.7,1004.6,1004.5,0.0,0.0,11.85,10.06,72,57,2.4,3.8,99.8,99.9,5.6,5.0,4.5,348.1,1006.7,1006.6,-6.11,366.1,-0.02,32.9445,10.7627,318.0,45.8,1490.139, NAN, NAN, NAN, NAN,,2024/04/03 01:37:47.694,2024-04-03 01:37:47.694000+00:00
2024/04/03, 01:38:47.695,37.089,-74.389,11.38,210.14,209.76,11.34,10.6,10.7,1004.5,1004.5,0.0,0.0,11.85,10.06,68,53,2.8,4.4,99.8,99.9,5.5,4.8,0.9,341.7,1006.6,1006.6,-6.09,365.85,-0.02,33.0897,11.3448,316.6,46.0,1492.36, NAN, NAN, NAN, NAN,,2024/04/03 01:38:47.695,2024-04-03 01:38:47.695000+00:00
2024/04/03, 01:39:47.695,37.086,-74.391,11.29,209.92,208.6,11.21,10.6,10.6,1004.6,1004.5,0.0,0.0,11.85,10.06,73,60,2.9,4.0,100.0,100.0,5.7,5.2,359.7,346.5,1006.7,1006.6,-6.18,366.14,-0.02,33.1352,12.0432,318.4,46.2,1494.829, NAN, NAN, NAN, NAN,,2024/04/03 01:39:47.695,2024-04-03 01:39:47.695000+00:00
2024/04/03, 01:40:47.695,37.084,-74.393,11.3,210.44,209.94,11.15,10.6,10.6,1004.7,1004.5,0.0,0.0,11.85,10.06,63,51,3.6,5.3,100.0,100.0,5.3,4.9,351.5,330.0,1006.8,1006.6,-6.08,366.89,-0.02,33.1831,12.6031,313.2,46.2,1496.791, NAN, NAN, NAN, NAN,,2024/04/03 01:40:47.695,2024-04-03 01:40:47.695000+00:00
2024/04/03, 01:41:47.695,37.081,-74.395,11.28,209.76,209.31,11.28,10.7,10.7,1004.5,1004.5,0.0,0.0,11.85,10.06,69,56,3.4,5.0,100.0,100.0,5.6,5.2,354.5,335.2,1006.6,1006.6,-5.95,366.17,-0.02,33.3309,12.9389,314.7,46.4,1498.095, NAN, NAN, NAN, NAN,,2024/04/03 01:41:47.695,2024-04-03 01:41:47.695000+00:00
2024/04/03, 01:42:47.695,37.078,-74.397,11.24,210.82,210.01,11.13,10.7,10.7,1004.7,1004.6,0.0,0.0,11.85,10.06,77,63,2.9,4.0,100.0,100.0,5.9,5.4,0.5,347.4,1006.8,1006.7,-5.84,364.45,-0.02,33.4886,13.5471,330.7,46.6,1500.301, NAN, NAN, NAN, NAN,,2024/04/03 01:42:47.695,2024-04-03 01:42:47.695000+00:00
2024/04/03, 01:43:47.695,37.076,-74.399,11.23,209.42,208.97,11.32,10.8,10.8,1004.5,1004.6,0.0,0.0,11.85,10.06,77,64,3.3,4.4,100.0,100.0,6.1,5.6,356.3,343.3,1006.6,1006.7,-5.8,362.44,-0.02,33.5641,14.0912,348.3,46.6,1502.17, NAN, NAN, NAN, NAN,,2024/04/03 01:43:47.695,2024-04-03 01:43:47.695000+00:00
2024/04/03, 01:44:47.695,37.073,-74.401,11.35,210.13,209.9,11.19,10.9,10.9,1004.6,1004.6,0.0,0.0,11.85,10.06,83,69,3.4,4.5,100.0,100.0,6.4,6.0,357.1,344.1,1006.7,1006.7,-5.68,360.16,-0.02,33.6881,14.4899,365.1,46.8,1503.603, NAN, NAN, NAN, NAN,,2024/04/03 01:44:47.695,2024-04-03 01:44:47.695000+00:00
2024/04/03, 01:45:47.695,37.07,-74.403,11.31,209.71,209.01,11.33,10.9,10.9,1004.8,1004.7,0.0,0.0,11.85,10.06,87,73,3.8,4.7,100.0,100.0,6.8,6.3,355.6,344.3,1006.9,1006.8,-5.68,358.57,-0.02,33.8124,14.8001,366.7,46.8,1504.741, NAN, NAN, NAN, NAN,,2024/04/03 01:45:47.695,2024-04-03 01:45:47.695000+00:00
2024/04/03, 01:46:47.695,37.067,-74.405,11.36,210.05,209.22,11.41,10.9,10.9,1004.7,1004.7,0.0,0.0,11.85,10.06,94,80,4.1,4.6,100.0,100.0,7.4,6.8,356.5,348.3,1006.8,1006.8,-5.75,358.32,-0.03,33.9151,14.9079,358.4,47.0,1505.203, NAN, NAN, NAN, NAN,,2024/04/03 01:46:47.695,2024-04-03 01:46:47.695000+00:00
2024/04/03, 01:47:47.695,37.065,-74.407,11.33,207.96,207.1,11.29,10.9,10.9,1004.8,1004.8,0.0,0.0,11.85,10.06,98,83,3.7,4.1,100.0,100.0,7.3,6.7,358.2,350.8,1006.9,1006.9,-5.73,358.46,-0.02,33.9942,14.9671,344.1,47.1,1505.483, NAN, NAN, NAN, NAN,,2024/04/03 01:47:47.695,2024-04-03 01:47:47.695000+00:00
2024/04/03, 01:48:47.695,37.062,-74.408,11.34,209.34,209.56,11.41,10.9,10.9,1004.6,1004.7,0.0,0.0,11.85,10.06,103,86,3.6,3.5,100.0,100.0,7.5,6.6,1.5,357.4,1006.7,1006.8,-5.69,358.67,-0.02,34.0276,15.1322,339.8,47.3,1506.045, NAN, NAN, NAN, NAN,,2024/04/03 01:48:47.695,2024-04-03 01:48:47.695000+00:00
2024/04/03, 01:49:47.695,37.059,-74.41,11.39,209.44,208.85,11.27,10.9,11.0,1004.7,1004.7,0.0,0.0,11.85,10.06,106,92,3.9,3.7,100.0,100.0,7.9,7.0,0.3,356.9,1006.8,1006.8,-5.63,358.28,-0.02,34.0336,15.4525,340.9,47.3,1507.059, NAN, NAN, NAN, NAN,,2024/04/03 01:49:47.695,2024-04-03 01:49:47.695000+00:00
2024/04/03, 01:50:47.695,37.056,-74.412,11.41,208.67,208.76,11.36,11.0,11.0,1004.6,1004.6,0.0,0.0,11.85,10.06,112,107,3.8,3.6,100.0,100.0,8.1,7.7,2.5,1.9,1006.7,1006.7,-5.68,356.65,-0.02,34.0269,15.8091,337.6,47.3,1508.162, NAN, NAN, NAN, NAN,,2024/04/03 01:50:47.695,2024-04-03 01:50:47.695000+00:00
2024/04/03, 01:51:47.695,37.054,-74.414,11.44,209.31,209.19,11.29,11.0,11.0,1004.5,1004.6,0.0,0.0,11.85,10.06,117,105,3.3,2.7,100.0,100.0,7.9,7.0,7.2,7.2,1006.6,1006.7,-5.67,356.02,-0.02,34.0737,16.1547,344.1,47.5,1509.284, NAN, NAN, NAN, NAN,,2024/04/03 01:51:47.695,2024-04-03 01:51:47.695000+00:00
2024/04/03, 01:52:47.695,37.051,-74.416,11.54,207.93,208.32,11.38,11.0,11.0,1004.5,1004.5,0.0,0.0,11.85,10.06,115,101,3.5,3.0,100.0,100.0,7.9,7.0,5.2,4.0,1006.6,1006.6,-5.7,354.69,-0.02,34.1573,16.3905,340.9,47.5,1510.102, NAN, NAN, NAN, NAN,,2024/04/03 01:52:47.695,2024-04-03 01:52:47.695000+00:00
2024/04/03, 01:53:47.696,37.048,-74.418,11.58,209.16,210.28,11.38,11.0,11.1,1004.7,1004.7,0.0,0.0,11.85,10.06,117,98,3.4,2.8,100.0,100.0,8.0,6.8,7.3,5.7,1006.8,1006.8,-5.73,355.02,-0.02,34.2284,16.5759,335.2,47.6,1510.749, NAN, NAN, NAN, NAN,,2024/04/03 01:53:47.696,2024-04-03 01:53:47.696000+00:00
2024/04/03, 01:54:47.696,37.045,-74.42,11.6,208.46,209.07,11.56,11.1,11.1,1004.6,1004.6,0.0,0.0,11.85,10.06,126,125,4.0,3.7,100.0,100.0,8.9,8.6,8.0,8.7,1006.7,1006.7,-5.71,354.32,-0.02,34.2887,16.7208,333.1,47.7,1511.258, NAN, NAN, NAN, NAN,,2024/04/03 01:54:47.696,2024-04-03 01:54:47.696000+00:00
2024/04/03, 01:55:47.696,37.043,-74.422,11.61,208.71,211.73,11.51,11.1,11.1,1004.6,1004.5,0.0,0.0,11.85,10.06,128,119,4.1,3.3,100.0,100.0,8.9,7.9,9.5,9.7,1006.7,1006.6,-5.66,353.9,-0.02,34.3113,16.7557,329.1,47.7,1511.389, NAN, NAN, NAN, NAN,,2024/04/03 01:55:47.696,2024-04-03 01:55:47.696000+00:00
2024/04/03, 01:56:47.696,37.04,-74.424,11.63,209.05,210.24,11.57,11.1,11.1,1004.6,1004.6,0.0,0.0,11.85,10.06,115,100,3.1,2.6,100.0,100.0,7.7,6.8,8.9,8.3,1006.7,1006.7,-5.75,354.34,-0.01,34.3269,16.6019,324.4,47.7,1510.941, NAN, NAN, NAN, NAN,,2024/04/03 01:56:47.696,2024-04-03 01:56:47.696000+00:00
2024/04/03, 01:57:47.696,37.037,-74.426,11.71,210.23,209.7,11.35,11.1,11.1,1004.6,1004.6,0.0,0.0,11.85,10.06,132,110,2.8,2.2,100.0,100.0,8.0,6.9,14.8,12.5,1006.7,1006.7,-5.71,354.02,-0.02,34.3368,16.2706,316.6,47.8,1509.942, NAN, NAN, NAN, NAN,,2024/04/03 01:57:47.696,2024-04-03 01:57:47.696000+00:00
2024/04/03, 01:58:47.696,37.034,-74.428,11.73,208.77,208.92,11.42,11.2,11.2,1004.4,1004.3,0.0,0.0,11.85,10.06,115,95,2.7,2.3,100.0,100.0,7.4,6.5,9.3,7.9,1006.5,1006.4,-5.67,354.06,-0.02,34.3121,16.1106,323.3,47.8,1509.423, NAN, NAN, NAN, NAN,,2024/04/03 01:58:47.696,2024-04-03 01:58:47.696000+00:00
2024/04/03, 01:59:47.696,37.032,-74.43,11.69,208.15,209.82,11.48,11.2,11.2,1004.3,1004.3,0.0,0.0,11.85,10.06,114,74,1.8,1.7,100.0,100.0,6.8,5.6,15.9,13.5,1006.4,1006.4,-5.77,355.16,-0.02,34.2489,16.1048,337.1,47.7,1509.332, NAN, NAN, NAN, NAN,,2024/04/03 01:59:47.696,2024-04-03 01:59:47.696000+00:00
2024/04/03, 02:00:47.696,37.029,-74.432,11.69,209.48,210.9,11.19,11.2,11.2,1004.3,1004.3,0.0,0.0,11.85,10.06,130,93,2.3,1.7,100.0,100.0,7.4,6.1,16.3,13.9,1006.4,1006.4,-5.78,355.48,-0.02,34.1686,16.3153,340.4,47.8,1509.886, NAN, NAN, NAN, NAN,,2024/04/03 02:00:47.696,2024-04-03 02:00:47.696000+00:00
2024/04/03, 02:01:47.696,37.026,-74.434,11.71,208.99,211.01,11.35,11.2,11.2,1004.3,1004.3,0.0,0.0,11.85,10.06,101,36,0.7,1.6,100.0,100.0,6.0,4.6,24.5,19.9,1006.4,1006.4,-5.93,356.13,-0.02,34.1421,16.5163,338.2,48.0,1510.469, NAN, NAN, NAN, NAN,,2024/04/03 02:01:47.696,2024-04-03 02:01:47.696000+00:00
2024/04/03, 02:02:47.696,37.023,-74.436,11.65,208.55,210.9,11.18,11.3,11.3,1004.3,1004.3,0.0,0.0,11.85,10.06,136,99,1.3,1.6,100.0,100.0,6.7,6.1,23.1,16.2,1006.4,1006.4,-5.75,354.78,-0.02,34.0463,16.363,360.6,47.6,1509.891, NAN, NAN, NAN, NAN,,2024/04/03 02:02:47.696,2024-04-03 02:02:47.696000+00:00
2024/04/03, 02:03:47.696,37.021,-74.438,11.71,208.45,211.65,11.26,11.3,11.3,1004.4,1004.3,0.0,0.0,11.85,10.06,127,80,1.3,1.6,100.0,100.0,6.6,5.6,22.6,16.1,1006.5,1006.4,-5.79,354.57,-0.02,33.9239,16.0822,351.3,47.3,1508.888, NAN, NAN, NAN, NAN,,2024/04/03 02:03:47.696,2024-04-03 02:03:47.696000+00:00
2024/04/03, 02:04:47.696,37.018,-74.44,11.65,206.83,210.44,11.17,11.3,11.3,1004.3,1004.1,0.0,0.0,11.85,10.06,142,83,1.2,1.6,100.0,100.0,6.7,5.7,23.9,14.7,1006.4,1006.2,-5.77,352.89,-0.02,34.1389,15.6999,350.2,47.3,1507.953, NAN, NAN, NAN, NAN,,2024/04/03 02:04:47.696,2024-04-03 02:04:47.696000+00:00
2024/04/03, 02:05:47.696,37.015,-74.442,11.54,208.63,211.59,11.04,11.3,11.3,1004.3,1004.2,0.0,0.0,11.85,10.06,129,84,1.8,1.7,100.0,100.0,6.9,5.7,18.8,13.6,1006.4,1006.3,-5.93,351.36,-0.02,34.1276,15.1531,371.2,47.4,1506.227, NAN, NAN, NAN, NAN,,2024/04/03 02:05:47.696,2024-04-03 02:05:47.696000+00:00
2024/04/03, 02:06:47.696,37.013,-74.444,11.59,207.71,209.3,11.21,11.3,11.3,1004.3,1004.3,0.0,0.0,11.85,10.06,143,115,1.5,1.6,100.0,100.0,7.0,6.6,21.4,16.1,1006.4,1006.4,-6.06,350.55,-0.01,34.081,15.0825,396.9,47.6,1505.95, NAN, NAN, NAN, NAN,,2024/04/03 02:06:47.696,2024-04-03 02:06:47.696000+00:00
2024/04/03, 02:07:47.696,37.01,-74.446,11.62,206.93,209.35,11.29,11.2,11.3,1004.3,1004.1,0.0,0.0,11.85,10.06,161,210,1.8,1.7,100.0,100.0,7.5,7.4,24.2,35.4,1006.4,1006.2,-6.08,350.41,-0.02,33.9606,15.367,410.4,47.7,1506.706, NAN, NAN, NAN, NAN,,2024/04/03 02:07:47.696,2024-04-03 02:07:47.696000+00:00
2024/04/03, 02:08:47.697,37.007,-74.448,11.72,207.34,209.66,11.19,11.2,11.3,1004.3,1004.3,0.0,0.0,11.85,10.06,173,184,1.5,1.6,100.0,100.0,7.2,7.4,28.2,30.4,1006.4,1006.4,-6.12,350.26,-0.01,33.8158,15.7199,413.4,47.7,1507.641, NAN, NAN, NAN, NAN,,2024/04/03 02:08:47.697,2024-04-03 02:08:47.697000+00:00
2024/04/03, 02:09:47.697,37.005,-74.45,11.74,206.45,208.95,11.27,11.3,11.3,1004.1,1004.1,0.0,0.0,11.85,10.06,109,140,0.6,1.6,100.0,100.0,6.0,7.1,23.4,20.1,1006.2,1006.2,-6.19,351.69,-0.01,33.8741,16.0628,404.0,47.6,1508.77, NAN, NAN, NAN, NAN,,2024/04/03 02:09:47.697,2024-04-03 02:09:47.697000+00:00
2024/04/03, 02:10:47.697,37.002,-74.452,11.78,206.79,210.32,11.3,11.4,11.4,1004.3,1004.3,0.0,0.0,11.85,10.06,176,89,1.3,1.6,100.0,100.0,7.1,5.9,28.7,14.3,1006.4,1006.4,-6.14,351.5,-0.01,33.9875,16.3388,395.2,47.6,1509.749, NAN, NAN, NAN, NAN,,2024/04/03 02:10:47.697,2024-04-03 02:10:47.697000+00:00
2024/04/03, 02:11:47.697,36.999,-74.454,11.76,207.2,212.01,11.27,11.4,11.4,1004.3,1004.3,0.0,0.0,11.85,10.06,143,117,2.0,1.6,100.0,100.0,7.4,6.6,20.7,17.9,1006.4,1006.4,-5.94,351.36,-0.01,34.0931,16.5019,386.0,47.7,1510.368, NAN, NAN, NAN, NAN,,2024/04/03 02:11:47.697,2024-04-03 02:11:47.697000+00:00
2024/04/03, 02:12:47.697,36.996,-74.456,11.72,207.4,209.8,11.06,11.4,11.4,1004.3,1004.3,0.0,0.0,11.85,10.06,149,106,1.7,1.5,100.0,100.0,7.2,6.2,22.5,16.5,1006.4,1006.4,-6.0,351.24,-0.01,34.1401,16.5984,377.4,47.9,1510.716, NAN, NAN, NAN, NAN,,2024/04/03 02:12:47.697,2024-04-03 02:12:47.697000+00:00
2024/04/03, 02:13:47.697,36.994,-74.457,11.78,207.2,210.77,11.27,11.4,11.4,1004.5,1004.4,0.0,0.0,11.85,10.06,166,108,1.1,1.3,100.0,100.0,6.8,6.2,27.9,19.1,1006.6,1006.5,-6.11,352.26,-0.01,34.1665,16.5695,375.5,48.0,1510.658, NAN, NAN, NAN, NAN,,2024/04/03 02:13:47.697,2024-04-03 02:13:47.697000+00:00
2024/04/03, 02:14:47.697,36.991,-74.459,11.77,207.17,210.25,11.39,11.4,11.4,1004.4,1004.4,0.0,0.0,11.85,10.06,163,114,1.6,1.7,100.0,100.0,7.4,6.7,25.9,16.3,1006.5,1006.5,-6.1,353.79,-0.02,34.2133,16.5289,372.8,48.2,1510.589, NAN, NAN, NAN, NAN,,2024/04/03 02:14:47.697,2024-04-03 02:14:47.697000+00:00
2024/04/03, 02:15:47.697,36.988,-74.461,11.8,206.39,209.74,11.32,11.5,11.6,1004.4,1004.4,0.0,0.0,11.85,10.06,132,88,1.8,1.7,100.0,100.0,7.1,5.9,18.7,13.6,1006.5,1006.5,-6.03,353.87,-0.02,34.2208,16.4086,361.7,48.0,1510.231, NAN, NAN, NAN, NAN,,2024/04/03 02:15:47.697,2024-04-03 02:15:47.697000+00:00
2024/04/03, 02:16:47.697,36.986,-74.463,11.72,207.3,209.76,11.25,11.5,11.6,1004.4,1004.3,0.0,0.0,11.85,10.06,158,116,1.6,1.6,100.0,100.0,7.3,6.6,24.7,17.1,1006.5,1006.4,-6.0,354.43,-0.02,34.1864,16.6201,356.9,48.2,1510.835, NAN, NAN, NAN, NAN,,2024/04/03 02:16:47.697,2024-04-03 02:16:47.697000+00:00
2024/04/03, 02:17:47.697,36.983,-74.465,11.7,207.05,210.94,11.21,11.5,11.5,1004.5,1004.4,0.0,0.0,11.85,10.06,149,165,1.9,1.7,100.0,100.0,7.4,7.4,22.6,26.8,1006.6,1006.5,-5.84,354.48,-0.02,34.1797,16.9087,351.6,48.2,1511.7, NAN, NAN, NAN, NAN,,2024/04/03 02:17:47.697,2024-04-03 02:17:47.697000+00:00
2024/04/03, 02:18:47.697,36.98,-74.467,11.67,207.15,211.41,11.23,11.5,11.5,1004.5,1004.3,0.0,0.0,11.85,10.06,165,184,1.5,1.5,100.0,99.9,7.2,7.3,26.7,30.6,1006.6,1006.4,-5.91,354.77,-0.02,34.1722,17.0529,347.2,48.3,1512.125, NAN, NAN, NAN, NAN,,2024/04/03 02:18:47.697,2024-04-03 02:18:47.697000+00:00
2024/04/03, 02:19:47.697,36.978,-74.469,11.69,207.24,211.96,11.31,11.4,11.5,1004.5,1004.4,0.0,0.0,11.85,10.06,155,162,1.5,1.4,100.0,100.0,7.2,7.1,25.6,27.2,1006.6,1006.5,-5.99,355.05,-0.02,34.2608,17.1205,334.4,48.3,1512.429, NAN, NAN, NAN, NAN,,2024/04/03 02:19:47.697,2024-04-03 02:19:47.697000+00:00
2024/04/03, 02:20:47.697,36.975,-74.471,11.72,203.67,210.16,11.12,11.4,11.5,1004.5,1004.4,0.0,0.0,11.85,10.06,163,90,0.4,1.4,100.0,100.0,6.1,5.7,28.6,16.0,1006.6,1006.5,-6.04,356.14,-0.02,34.3126,17.1805,320.0,48.3,1512.668, NAN, NAN, NAN, NAN,,2024/04/03 02:20:47.697,2024-04-03 02:20:47.697000+00:00
2024/04/03, 02:21:47.697,36.972,-74.473,11.63,205.7,208.26,11.27,11.5,11.5,1004.6,1004.4,0.0,0.0,11.85,10.06,192,244,0.8,1.0,100.0,100.0,6.6,6.3,29.7,36.5,1006.7,1006.5,-6.06,356.76,-0.02,34.299,17.2257,309.2,48.3,1512.788, NAN, NAN, NAN, NAN,,2024/04/03 02:21:47.697,2024-04-03 02:21:47.697000+00:00
2024/04/03, 02:22:47.697,36.969,-74.475,11.57,204.9,206.32,11.11,11.6,11.6,1004.3,1004.3,0.0,0.0,11.85,10.06,197,270,1.0,1.4,100.0,100.0,6.7,5.9,29.4,40.8,1006.4,1006.4,-5.98,357.87,-0.02,34.2823,17.2829,303.5,48.4,1512.939, NAN, NAN, NAN, NAN,,2024/04/03 02:22:47.697,2024-04-03 02:22:47.697000+00:00
2024/04/03, 02:23:47.697,36.967,-74.477,11.57,205.42,211.58,11.22,11.7,11.7,1004.5,1004.3,0.0,0.0,11.85,10.06,208,285,0.4,1.9,100.0,100.0,6.1,5.8,32.5,50.1,1006.6,1006.4,-5.9,358.05,-0.02,34.2618,17.3441,293.7,48.2,1513.098, NAN, NAN, NAN, NAN,,2024/04/03 02:23:47.697,2024-04-03 02:23:47.697000+00:00
2024/04/03, 02:24:47.698,36.964,-74.479,11.59,204.51,207.39,11.2,11.8,11.8,1004.3,1004.3,0.0,0.0,11.85,10.06,207,286,1.1,1.4,100.0,100.0,6.8,5.6,31.5,41.9,1006.4,1006.4,-5.63,357.63,-0.02,34.2566,17.4075,287.3,48.2,1513.281, NAN, NAN, NAN, NAN,,2024/04/03 02:24:47.698,2024-04-03 02:24:47.698000+00:00
2024/04/03, 02:25:47.698,36.961,-74.48,11.58,204.9,209.83,11.26,11.8,11.8,1004.4,1004.4,0.0,0.0,11.85,10.06,208,286,0.8,1.6,100.0,100.0,6.5,5.7,32.1,45.3,1006.5,1006.5,-5.68,357.03,-0.02,34.2539,17.4642,277.2,48.5,1513.447, NAN, NAN, NAN, NAN,,2024/04/03 02:25:47.698,2024-04-03 02:25:47.698000+00:00
2024/04/03, 02:26:47.698,36.958,-74.482,11.48,205.26,209.28,11.26,11.8,11.8,1004.4,1004.5,0.0,0.0,11.85,10.06,188,283,0.3,1.2,100.0,100.0,6.1,5.7,30.4,42.2,1006.5,1006.6,-5.75,357.25,-0.02,34.2515,17.5354,276.9,48.5,1513.655, NAN, NAN, NAN, NAN,,2024/04/03 02:26:47.698,2024-04-03 02:26:47.698000+00:00
2024/04/03, 02:27:47.698,36.956,-74.484,11.44,202.48,208.11,11.03,11.9,11.9,1004.3,1004.3,0.0,0.0,11.85,10.06,250,318,0.6,2.6,100.0,100.0,6.0,4.4,33.7,54.7,1006.4,1006.4,-5.67,355.7,-0.02,34.2528,17.5731,269.9,48.6,1513.768, NAN, NAN, NAN, NAN,,2024/04/03 02:27:47.698,2024-04-03 02:27:47.698000+00:00
2024/04/03, 02:28:47.698,36.953,-74.486,11.39,201.75,205.45,11.16,11.9,11.9,1004.3,1004.3,0.0,0.0,11.85,10.06,271,307,0.8,2.3,100.0,100.0,5.8,4.8,32.5,47.8,1006.4,1006.4,-5.83,356.33,-0.01,34.2573,17.5462,269.6,48.6,1513.694, NAN, NAN, NAN, NAN,,2024/04/03 02:28:47.698,2024-04-03 02:28:47.698000+00:00
2024/04/03, 02:29:47.698,36.95,-74.488,11.35,200.53,203.24,11.2,11.9,11.9,1004.3,1004.3,0.0,0.0,11.85,10.06,251,301,1.9,2.8,100.0,100.0,6.7,5.1,39.8,53.9,1006.4,1006.4,-5.82,355.33,-0.02,34.2586,17.4553,261.4,48.6,1513.425, NAN, NAN, NAN, NAN,,2024/04/03 02:29:47.698,2024-04-03 02:29:47.698000+00:00
2024/04/03, 02:30:47.698,36.947,-74.489,11.39,200.9,207.65,11.4,11.9,11.9,1004.3,1004.3,0.0,0.0,11.85,10.06,245,307,1.4,2.6,100.0,100.0,6.7,5.1,37.6,53.6,1006.4,1006.4,-5.82,354.93,-0.02,34.2456,17.347,258.8,48.7,1513.089, NAN, NAN, NAN, NAN,,2024/04/03 02:30:47.698,2024-04-03 02:30:47.698000+00:00
2024/04/03, 02:31:47.698,36.944,-74.491,11.48,201.06,204.78,11.4,11.8,11.9,1004.3,1004.3,0.0,0.0,11.85,10.06,239,296,1.3,1.9,100.0,100.0,6.7,5.4,34.0,43.7,1006.4,1006.4,-5.91,354.85,-0.02,34.2252,17.1476,257.7,48.6,1512.47, NAN, NAN, NAN, NAN,,2024/04/03 02:31:47.698,2024-04-03 02:31:47.698000+00:00
2024/04/03, 02:32:47.698,36.942,-74.493,11.37,200.53,204.42,11.27,11.8,11.8,1004.4,1004.3,0.0,0.0,11.85,10.06,241,305,1.1,2.1,100.0,100.0,6.5,5.0,32.7,45.4,1006.5,1006.4,-5.96,354.53,-0.01,34.193,16.7289,258.4,48.6,1511.172, NAN, NAN, NAN, NAN,,2024/04/03 02:32:47.698,2024-04-03 02:32:47.698000+00:00
2024/04/03, 02:33:47.698,36.939,-74.494,11.4,201.28,206.4,11.29,11.9,11.9,1004.4,1004.3,0.0,0.0,11.85,10.06,221,289,1.9,1.9,100.0,100.0,7.4,5.6,34.6,44.8,1006.5,1006.4,-6.0,354.49,-0.01,34.2026,16.2185,267.8,48.7,1509.628, NAN, NAN, NAN, NAN,,2024/04/03 02:33:47.698,2024-04-03 02:33:47.698000+00:00
2024/04/03, 02:34:47.698,36.936,-74.496,11.44,201.94,205.18,11.34,11.9,11.9,1004.5,1004.4,0.0,0.0,11.85,10.06,199,257,0.8,1.5,100.0,100.0,6.6,6.4,27.4,38.5,1006.6,1006.5,-5.99,355.31,-0.02,34.1465,15.6854,283.3,48.6,1507.916, NAN, NAN, NAN, NAN,,2024/04/03 02:34:47.698,2024-04-03 02:34:47.698000+00:00
2024/04/03, 02:35:47.698,36.933,-74.498,11.44,201.26,205.73,11.32,12.0,11.9,1004.4,1004.4,0.0,0.0,11.85,10.06,211,302,1.3,2.5,100.0,100.0,7.0,5.2,30.5,51.2,1006.5,1006.5,-5.84,355.36,-0.01,34.0473,15.235,292.1,48.4,1506.392, NAN, NAN, NAN, NAN,,2024/04/03 02:35:47.698,2024-04-03 02:35:47.698000+00:00
2024/04/03, 02:36:47.698,36.93,-74.499,11.46,201.37,205.48,11.41,12.0,12.0,1004.5,1004.5,0.0,0.0,11.85,10.06,265,306,1.4,2.9,100.0,100.0,6.2,5.0,38.0,54.8,1006.6,1006.6,-5.83,354.99,-0.02,33.9386,14.8794,308.3,48.4,1505.14, NAN, NAN, NAN, NAN,,2024/04/03 02:36:47.698,2024-04-03 02:36:47.698000+00:00
2024/04/03, 02:37:47.698,36.927,-74.501,11.49,200.88,205.76,11.59,12.0,12.0,1004.4,1004.3,0.0,0.0,11.85,10.06,238,304,1.4,2.2,100.0,100.0,6.9,5.2,34.8,46.8,1006.5,1006.4,-5.89,354.76,-0.02,33.8229,13.8547,325.7,48.2,1501.703, NAN, NAN, NAN, NAN,,2024/04/03 02:37:47.698,2024-04-03 02:37:47.698000+00:00
2024/04/03, 02:38:47.698,36.924,-74.503,11.38,200.67,203.54,11.34,12.0,12.0,1004.4,1004.4,0.0,0.0,11.85,10.06,220,269,1.5,1.9,100.0,100.0,7.1,6.3,31.1,41.4,1006.5,1006.5,-5.95,354.81,-0.02,33.7377,11.9752,350.2,48.0,1495.316, NAN, NAN, NAN, NAN,,2024/04/03 02:38:47.698,2024-04-03 02:38:47.698000+00:00
2024/04/03, 02:39:47.698,36.921,-74.504,11.37,201.56,207.11,11.4,12.0,12.0,1004.6,1004.6,0.0,0.0,11.85,10.06,201,246,1.3,1.6,100.0,100.0,7.1,6.8,28.7,37.7,1006.7,1006.7,-5.95,354.55,-0.02,33.5991,10.7916,370.0,47.8,1491.032, NAN, NAN, NAN, NAN,,2024/04/03 02:39:47.698,2024-04-03 02:39:47.698000+00:00
2024/04/03, 02:40:47.699,36.918,-74.506,11.37,200.61,202.9,11.63,11.9,12.0,1004.5,1004.5,0.0,0.0,11.85,10.06,234,308,1.4,2.1,100.0,100.0,6.9,5.1,32.6,43.4,1006.6,1006.6,-5.99,354.2,-0.02,33.3482,10.112,355.0,47.6,1488.307, NAN, NAN, NAN, NAN,,2024/04/03 02:40:47.699,2024-04-03 02:40:47.699000+00:00
2024/04/03, 02:41:47.699,36.915,-74.508,11.41,201.61,204.61,11.48,11.9,11.9,1004.5,1004.5,0.0,0.0,11.85,10.06,230,287,2.1,2.0,100.0,99.9,7.5,5.8,36.7,44.7,1006.6,1006.6,-6.1,354.04,-0.02,33.0143,9.9767,332.8,47.1,1487.413, NAN, NAN, NAN, NAN,,2024/04/03 02:41:47.699,2024-04-03 02:41:47.699000+00:00
2024/04/03, 02:42:47.699,36.913,-74.509,11.42,201.56,204.08,11.58,11.9,11.9,1004.5,1004.5,0.0,0.0,11.85,10.06,235,296,1.6,2.2,99.9,99.9,7.1,5.5,34.9,46.3,1006.6,1006.6,-6.07,353.74,-0.02,32.8472,10.212,308.9,47.0,1488.058, NAN, NAN, NAN, NAN,,2024/04/03 02:42:47.699,2024-04-03 02:42:47.699000+00:00
2024/04/03, 02:43:47.699,36.91,-74.511,11.28,201.99,203.09,11.6,11.9,11.9,1004.6,1004.5,0.0,0.0,11.85,10.06,243,307,1.4,2.4,99.9,99.8,6.8,5.0,34.4,47.1,1006.7,1006.6,-6.21,353.81,-0.02,32.7991,10.4068,297.4,46.5,1488.697, NAN, NAN, NAN, NAN,,2024/04/03 02:43:47.699,2024-04-03 02:43:47.699000+00:00
2024/04/03, 02:44:47.699,36.907,-74.513,11.2,200.19,205.54,11.55,11.9,11.9,1004.6,1004.5,0.0,0.0,11.85,10.06,247,309,1.3,2.4,99.9,99.9,6.6,5.0,35.0,48.4,1006.7,1006.6,-6.19,354.3,-0.01,32.8329,10.2261,294.4,46.9,1488.091, NAN, NAN, NAN, NAN,,2024/04/03 02:44:47.699,2024-04-03 02:44:47.699000+00:00
2024/04/03, 02:45:47.699,36.904,-74.514,11.13,202.8,206.11,11.45,11.8,11.9,1004.5,1004.5,0.0,0.0,11.85,10.06,248,312,1.0,2.3,99.9,99.9,6.4,4.8,33.6,47.3,1006.6,1006.6,-6.29,354.99,-0.02,32.9136,10.0638,282.0,46.6,1487.605, NAN, NAN, NAN, NAN,,2024/04/03 02:45:47.699,2024-04-03 02:45:47.699000+00:00
2024/04/03, 02:46:47.699,36.901,-74.516,11.17,201.12,205.25,11.62,11.8,11.8,1004.5,1004.5,0.0,0.0,11.85,10.06,267,311,1.4,3.0,99.8,99.7,6.3,4.8,37.6,54.7,1006.6,1006.6,-6.3,355.68,-0.02,32.9274,10.1278,288.1,46.8,1487.852, NAN, NAN, NAN, NAN,,2024/04/03 02:46:47.699,2024-04-03 02:46:47.699000+00:00
2024/04/03, 02:47:47.699,36.898,-74.518,11.2,202.01,203.83,11.7,11.8,11.8,1004.4,1004.4,0.0,0.0,11.85,10.06,279,315,1.3,2.9,99.9,99.9,6.0,4.6,36.3,51.6,1006.5,1006.5,-6.3,356.69,-0.01,32.9006,10.1347,276.6,46.6,1487.845, NAN, NAN, NAN, NAN,,2024/04/03 02:47:47.699,2024-04-03 02:47:47.699000+00:00
2024/04/03, 02:48:47.699,36.895,-74.519,11.36,202.88,201.9,11.58,11.8,11.8,1004.4,1004.3,0.0,0.0,11.85,10.06,268,309,1.9,3.6,100.0,100.0,6.3,4.6,40.4,60.1,1006.5,1006.4,-6.25,356.98,-0.01,32.9108,10.2133,276.0,46.7,1488.14, NAN, NAN, NAN, NAN,,2024/04/03 02:48:47.699,2024-04-03 02:48:47.699000+00:00
2024/04/03, 02:49:47.699,36.892,-74.521,11.41,201.58,200.84,11.75,11.8,11.8,1004.3,1004.2,0.0,0.0,11.85,10.06,274,307,2.2,3.8,99.8,99.9,6.3,4.8,41.8,60.3,1006.4,1006.3,-6.26,357.24,-0.01,32.9338,10.5706,269.6,46.7,1489.445, NAN, NAN, NAN, NAN,,2024/04/03 02:49:47.699,2024-04-03 02:49:47.699000+00:00
2024/04/03, 02:50:47.699,36.889,-74.522,11.41,202.41,203.4,11.73,11.8,11.8,1004.1,1004.1,0.0,0.0,11.85,10.06,264,303,2.2,3.8,99.8,99.7,6.6,5.1,42.1,61.7,1006.2,1006.2,-6.24,357.25,-0.02,32.9242,10.7744,265.9,46.4,1490.156, NAN, NAN, NAN, NAN,,2024/04/03 02:50:47.699,2024-04-03 02:50:47.699000+00:00
2024/04/03, 02:51:47.699,36.886,-74.524,11.33,202.6,201.23,11.76,11.8,11.8,1004.1,1004.1,0.0,0.0,11.85,10.06,269,303,2.6,4.0,99.8,99.8,6.6,5.1,45.1,62.9,1006.2,1006.2,-6.21,357.24,-0.02,32.9664,10.8704,257.4,46.7,1490.547, NAN, NAN, NAN, NAN,,2024/04/03 02:51:47.699,2024-04-03 02:51:47.699000+00:00
2024/04/03, 02:52:47.699,36.883,-74.525,11.16,201.91,202.53,11.77,11.8,11.8,1003.8,1003.9,0.0,0.0,11.85,10.06,269,296,2.7,4.1,99.8,99.8,6.7,5.6,45.5,62.5,1005.9,1006.0,-6.22,357.46,-0.01,33.02,10.9353,297.1,46.7,1490.84, NAN, NAN, NAN, NAN,,2024/04/03 02:52:47.699,2024-04-03 02:52:47.699000+00:00
2024/04/03, 02:53:47.699,36.88,-74.527,11.15,200.62,201.55,11.52,11.7,11.8,1003.9,1003.8,0.0,0.0,11.85,10.06,265,297,2.7,4.0,99.9,99.9,6.7,5.5,44.7,62.1,1006.0,1005.9,-6.09,357.42,-0.02,33.0261,11.0558,270.2,46.6,1491.272, NAN, NAN, NAN, NAN,,2024/04/03 02:53:47.699,2024-04-03 02:53:47.699000+00:00
2024/04/03, 02:54:47.699,36.877,-74.528,11.27,203.28,204.96,11.75,11.7,11.8,1003.8,1003.7,0.0,0.0,11.85,10.06,268,300,2.8,4.2,99.9,99.8,6.8,5.4,48.7,66.9,1005.9,1005.8,-6.2,356.94,-0.02,33.0369,11.2069,281.2,47.1,1491.815, NAN, NAN, NAN, NAN,,2024/04/03 02:54:47.699,2024-04-03 02:54:47.699000+00:00
2024/04/03, 02:55:47.699,36.874,-74.53,11.24,204.2,203.94,11.46,11.7,11.7,1003.7,1003.7,0.0,0.0,11.85,10.06,271,301,2.9,4.5,99.7,99.6,6.5,5.2,49.6,70.5,1005.8,1005.8,-6.11,356.21,-0.01,33.0564,11.4091,282.4,46.8,1492.544, NAN, NAN, NAN, NAN,,2024/04/03 02:55:47.699,2024-04-03 02:55:47.699000+00:00
2024/04/03, 02:56:47.700,36.871,-74.532,11.2,204.16,206.75,11.25,11.7,11.7,1003.8,1003.7,0.0,0.0,11.85,10.06,277,304,2.8,4.4,99.6,99.5,6.2,5.0,52.5,73.0,1005.9,1005.8,-6.21,354.81,-0.02,33.0898,11.5062,282.7,46.9,1492.922, NAN, NAN, NAN, NAN,,2024/04/03 02:56:47.700,2024-04-03 02:56:47.700000+00:00
2024/04/03, 02:57:47.700,36.868,-74.533,11.11,203.78,203.37,11.37,11.6,11.7,1003.8,1003.7,0.0,0.0,11.85,10.06,275,296,2.1,3.5,99.6,99.6,6.0,5.3,44.1,59.9,1005.9,1005.8,-6.31,354.04,-0.01,33.1166,11.4751,289.7,46.8,1492.846, NAN, NAN, NAN, NAN,,2024/04/03 02:57:47.700,2024-04-03 02:57:47.700000+00:00
2024/04/03, 02:58:47.700,36.865,-74.535,11.16,203.3,204.77,11.17,11.6,11.6,1003.7,1003.6,0.0,0.0,11.85,10.06,266,297,2.6,4.3,99.7,99.7,6.5,5.5,48.1,69.7,1005.8,1005.7,-6.31,353.48,-0.02,33.1567,11.6951,293.4,47.0,1493.657, NAN, NAN, NAN, NAN,,2024/04/03 02:58:47.700,2024-04-03 02:58:47.700000+00:00
2024/04/03, 02:59:47.700,36.862,-74.536,11.26,203.3,204.83,11.37,11.6,11.6,1003.5,1003.5,0.0,0.0,11.85,10.06,271,303,2.3,4.0,99.7,99.9,6.3,5.1,46.1,67.0,1005.6,1005.6,-6.25,352.81,-0.02,33.1286,12.0254,305.2,47.1,1494.76, NAN, NAN, NAN, NAN,,2024/04/03 02:59:47.700,2024-04-03 02:59:47.700000+00:00
2024/04/03, 03:00:47.700,36.859,-74.538,11.09,203.14,205.28,11.42,11.6,11.6,1003.7,1003.7,0.0,0.0,11.85,10.06,274,306,2.7,4.2,100.0,100.0,6.4,5.0,50.2,69.9,1005.8,1005.8,-6.24,352.03,-0.02,33.1537,12.209,303.2,47.0,1495.418, NAN, NAN, NAN, NAN,,2024/04/03 03:00:47.700,2024-04-03 03:00:47.700000+00:00
2024/04/03, 03:01:47.700,36.856,-74.54,11.21,203.91,206.69,11.43,11.6,11.6,1003.5,1003.5,0.0,0.0,11.85,10.06,275,301,3.2,4.8,100.0,100.0,6.5,5.5,55.1,75.7,1005.6,1005.6,-6.26,351.87,-0.02,33.2119,12.5404,313.2,47.2,1496.613, NAN, NAN, NAN, NAN,,2024/04/03 03:01:47.700,2024-04-03 03:01:47.700000+00:00
2024/04/03, 03:02:47.700,36.854,-74.541,11.21,204.42,206.2,11.48,11.6,11.7,1003.5,1003.4,0.0,0.0,11.85,10.06,276,305,2.9,4.1,100.0,100.0,6.4,5.0,53.0,69.2,1005.6,1005.5,-6.24,351.74,-0.02,33.2546,13.151,311.2,47.2,1498.713, NAN, NAN, NAN, NAN,,2024/04/03 03:02:47.700,2024-04-03 03:02:47.700000+00:00
2024/04/03, 03:03:47.700,36.851,-74.543,11.29,203.13,205.98,11.48,11.7,11.7,1003.5,1003.4,0.0,0.0,11.85,10.06,272,296,3.0,4.2,100.0,100.0,6.6,5.7,52.3,67.8,1005.6,1005.5,-6.22,351.39,-0.02,33.3038,13.4439,328.1,47.1,1499.743, NAN, NAN, NAN, NAN,,2024/04/03 03:03:47.700,2024-04-03 03:03:47.700000+00:00
2024/04/03, 03:04:47.700,36.848,-74.545,11.23,203.54,205.23,11.75,11.7,11.7,1003.5,1003.5,0.0,0.0,11.85,10.06,281,302,3.0,4.1,100.0,100.0,6.3,5.3,53.4,67.1,1005.6,1005.6,-6.19,351.83,-0.02,33.411,13.3511,326.4,47.6,1499.562, NAN, NAN, NAN, NAN,,2024/04/03 03:04:47.700,2024-04-03 03:04:47.700000+00:00
2024/04/03, 03:05:47.700,36.845,-74.547,11.32,203.54,205.0,11.77,11.8,11.8,1003.6,1003.5,0.0,0.0,11.85,10.06,275,300,3.3,4.6,100.0,100.0,6.7,5.6,54.4,71.4,1005.7,1005.6,-6.14,351.92,-0.02,33.5134,13.207,336.8,47.7,1499.205, NAN, NAN, NAN, NAN,,2024/04/03 03:05:47.700,2024-04-03 03:05:47.700000+00:00
2024/04/03, 03:06:47.700,36.842,-74.548,11.19,203.05,203.28,11.17,11.8,11.9,1003.5,1003.4,0.0,0.0,11.85,10.06,278,297,3.7,5.0,100.0,100.0,6.4,5.7,58.9,75.8,1005.6,1005.5,-6.03,352.3,-0.02,33.5405,13.0818,337.1,47.5,1498.821, NAN, NAN, NAN, NAN,,2024/04/03 03:06:47.700,2024-04-03 03:06:47.700000+00:00
2024/04/03, 03:07:47.700,36.839,-74.55,10.95,204.83,206.85,11.16,11.9,11.9,1003.6,1003.5,0.0,0.0,11.85,10.06,268,296,2.8,4.3,100.0,100.0,6.6,5.6,52.0,71.4,1005.7,1005.6,-6.03,352.75,-0.02,33.5188,12.9249,329.1,47.2,1498.271, NAN, NAN, NAN, NAN,,2024/04/03 03:07:47.700,2024-04-03 03:07:47.700000+00:00
2024/04/03, 03:08:47.700,36.836,-74.552,11.15,204.1,204.96,11.22,11.9,11.9,1003.5,1003.4,0.0,0.0,11.85,10.06,283,303,2.5,4.3,100.0,100.0,5.8,5.1,50.5,71.8,1005.6,1005.5,-5.95,352.7,-0.02,33.5002,12.78,342.5,47.5,1497.763, NAN, NAN, NAN, NAN,,2024/04/03 03:08:47.700,2024-04-03 03:08:47.700000+00:00
2024/04/03, 03:09:47.700,36.833,-74.553,11.13,203.81,207.2,11.41,11.9,11.9,1003.5,1003.4,0.0,0.0,11.85,10.06,283,311,2.6,4.3,100.0,100.0,6.0,4.6,51.8,73.0,1005.6,1005.5,-5.99,353.2,-0.02,33.4768,12.6604,342.8,47.4,1497.333, NAN, NAN, NAN, NAN,,2024/04/03 03:09:47.700,2024-04-03 03:09:47.700000+00:00
2024/04/03, 03:10:47.700,36.831,-74.555,10.87,204.02,208.97,11.08,12.0,12.0,1003.4,1003.3,0.0,0.0,11.85,10.06,281,305,2.7,3.8,100.0,100.0,6.0,4.9,54.2,68.7,1005.5,1005.4,-6.01,353.76,-0.02,33.448,12.5193,347.5,46.9,1496.822, NAN, NAN, NAN, NAN,,2024/04/03 03:10:47.700,2024-04-03 03:10:47.700000+00:00
2024/04/03, 03:11:47.701,36.828,-74.557,11.01,204.04,203.62,11.24,12.0,12.0,1003.5,1003.4,0.0,0.0,11.85,10.06,288,306,3.4,5.1,100.0,100.0,5.8,5.0,59.0,80.5,1005.6,1005.5,-5.86,353.45,-0.02,33.4261,12.371,343.5,47.1,1496.294, NAN, NAN, NAN, NAN,,2024/04/03 03:11:47.701,2024-04-03 03:11:47.701000+00:00
2024/04/03, 03:12:47.701,36.825,-74.558,10.96,203.55,205.28,11.29,12.0,12.0,1003.5,1003.4,0.0,0.0,11.85,10.06,292,305,4.0,5.8,100.0,100.0,5.8,5.5,65.6,86.8,1005.6,1005.5,-5.91,353.51,-0.02,33.4035,12.2433,340.9,47.4,1495.833, NAN, NAN, NAN, NAN,,2024/04/03 03:12:47.701,2024-04-03 03:12:47.701000+00:00
2024/04/03, 03:13:47.701,36.822,-74.56,10.87,203.86,209.97,11.03,12.1,12.1,1003.5,1003.4,0.0,0.0,11.85,10.06,287,304,4.0,5.7,100.0,100.0,6.1,5.7,67.0,88.0,1005.6,1005.5,-5.84,353.63,-0.02,33.3709,12.0909,351.0,46.8,1495.274, NAN, NAN, NAN, NAN,,2024/04/03 03:13:47.701,2024-04-03 03:13:47.701000+00:00
2024/04/03, 03:14:47.701,36.819,-74.562,11.06,204.21,208.09,11.35,12.1,12.1,1003.5,1003.4,0.0,0.0,11.85,10.06,284,303,3.5,5.2,100.0,100.0,6.2,5.6,61.1,81.7,1005.6,1005.5,-5.76,353.9,-0.02,33.3336,11.9472,341.9,47.4,1494.737, NAN, NAN, NAN, NAN,,2024/04/03 03:14:47.701,2024-04-03 03:14:47.701000+00:00
2024/04/03, 03:15:47.701,36.817,-74.564,11.12,203.09,204.24,11.24,12.1,12.1,1003.4,1003.4,0.0,0.0,11.85,10.06,283,303,4.0,5.3,100.0,100.0,6.3,5.4,62.9,81.0,1005.5,1005.5,-5.63,354.08,-0.02,33.3028,11.8505,341.9,47.0,1494.368, NAN, NAN, NAN, NAN,,2024/04/03 03:15:47.701,2024-04-03 03:15:47.701000+00:00
2024/04/03, 03:16:47.701,36.814,-74.565,11.12,203.73,209.14,11.24,12.1,12.2,1003.4,1003.4,0.0,0.0,11.85,10.06,288,303,3.7,5.5,100.0,100.0,6.0,5.7,63.6,84.5,1005.5,1005.5,-5.67,354.17,-0.02,33.269,11.7827,336.1,47.1,1494.094, NAN, NAN, NAN, NAN,,2024/04/03 03:16:47.701,2024-04-03 03:16:47.701000+00:00
2024/04/03, 03:17:47.701,36.811,-74.567,11.16,203.28,206.42,11.2,12.2,12.2,1003.5,1003.4,0.0,0.0,11.85,10.06,284,302,3.6,5.3,100.0,100.0,6.1,5.6,60.6,81.3,1005.6,1005.5,-5.73,354.05,-0.02,33.242,11.6333,332.8,47.2,1493.545, NAN, NAN, NAN, NAN,,2024/04/03 03:17:47.701,2024-04-03 03:17:47.701000+00:00
2024/04/03, 03:18:47.701,36.808,-74.569,11.22,203.37,205.24,11.41,12.2,12.2,1003.4,1003.4,0.0,0.0,11.85,10.06,282,300,4.0,5.5,100.0,100.0,6.5,5.8,62.6,81.2,1005.5,1005.5,-5.77,354.03,-0.02,33.2221,11.3728,329.4,47.2,1492.617, NAN, NAN, NAN, NAN,,2024/04/03 03:18:47.701,2024-04-03 03:18:47.701000+00:00
2024/04/03, 03:19:47.701,36.805,-74.57,11.18,203.65,209.02,11.47,12.2,12.2,1003.4,1003.3,0.0,0.0,11.85,10.06,282,300,3.9,5.4,100.0,100.0,6.6,6.0,63.6,81.7,1005.5,1005.4,-5.76,354.03,-0.02,33.2016,11.1523,316.6,47.1,1491.822, NAN, NAN, NAN, NAN,,2024/04/03 03:19:47.701,2024-04-03 03:19:47.701000+00:00
2024/04/03, 03:20:47.701,36.802,-74.572,11.2,203.77,206.76,11.4,12.1,12.1,1003.5,1003.4,0.0,0.0,11.85,10.06,287,304,3.6,5.3,99.9,99.8,6.1,5.5,61.6,82.0,1005.6,1005.5,-5.79,353.74,-0.02,33.1368,10.8993,319.0,47.3,1490.854, NAN, NAN, NAN, NAN,,2024/04/03 03:20:47.701,2024-04-03 03:20:47.701000+00:00
2024/04/03, 03:21:47.701,36.8,-74.574,11.24,204.54,207.39,10.86,12.1,12.1,1003.4,1003.4,0.0,0.0,11.85,10.06,280,300,3.9,5.4,99.5,99.4,6.4,5.7,64.7,84.5,1005.5,1005.5,-6.01,353.4,-0.02,33.0871,10.4569,310.5,46.9,1489.225, NAN, NAN, NAN, NAN,,2024/04/03 03:21:47.701,2024-04-03 03:21:47.701000+00:00
2024/04/03, 03:22:47.701,36.797,-74.575,11.12,203.22,204.07,11.14,12.0,12.0,1003.4,1003.3,0.0,0.0,11.85,10.06,291,305,3.9,5.8,99.5,99.4,5.7,5.4,64.1,87.0,1005.5,1005.4,-5.9,352.86,-0.02,33.0349,10.1548,321.7,46.8,1488.08, NAN, NAN, NAN, NAN,,2024/04/03 03:22:47.701,2024-04-03 03:22:47.701000+00:00
2024/04/03, 03:23:47.701,36.794,-74.577,10.87,206.26,207.36,11.04,11.9,12.0,1003.4,1003.4,0.0,0.0,11.85,10.06,291,305,4.1,5.7,99.3,99.2,5.8,5.4,69.5,89.6,1005.5,1005.5,-6.06,352.13,-0.02,32.9393,9.9893,320.6,46.4,1487.368, NAN, NAN, NAN, NAN,,2024/04/03 03:23:47.701,2024-04-03 03:23:47.701000+00:00
2024/04/03, 03:24:47.701,36.791,-74.579,10.82,204.77,208.06,10.86,11.9,11.9,1003.5,1003.3,0.0,0.0,11.85,10.06,292,306,4.2,5.9,99.3,99.1,5.8,5.5,70.9,92.1,1005.6,1005.4,-6.17,351.59,-0.02,32.8284,9.8636,328.8,49.1,1486.778, NAN, NAN, NAN, NAN,,2024/04/03 03:24:47.701,2024-04-03 03:24:47.701000+00:00
2024/04/03, 03:25:47.701,36.789,-74.581,10.85,205.67,205.86,10.9,11.8,11.8,1003.5,1003.4,0.0,0.0,11.85,10.06,301,311,3.7,5.7,99.0,99.0,5.0,4.8,67.5,92.9,1005.6,1005.5,-6.23,350.67,-0.02,32.7766,9.7482,326.4,54.2,1486.296, NAN, NAN, NAN, NAN,,2024/04/03 03:25:47.701,2024-04-03 03:25:47.701000+00:00
2024/04/03, 03:26:47.701,36.786,-74.582,10.94,205.53,209.11,11.17,11.6,11.6,1003.6,1003.5,0.0,0.0,11.85,10.06,307,313,4.0,6.1,98.7,98.6,4.8,5.0,71.7,97.2,1005.7,1005.6,-6.3,350.37,-0.02,32.7404,9.5845,335.2,48.6,1485.656, NAN, NAN, NAN, NAN,,2024/04/03 03:26:47.701,2024-04-03 03:26:47.701000+00:00
2024/04/03, 03:27:47.702,36.783,-74.584,10.72,205.69,206.67,10.78,11.5,11.5,1003.8,1003.5,0.0,0.0,11.85,10.06,309,314,3.7,5.9,98.7,98.5,4.4,4.6,69.2,97.6,1005.9,1005.6,-6.36,350.22,-0.02,32.707,9.4387,324.0,45.8,1485.082, NAN, NAN, NAN, NAN,,2024/04/03 03:27:47.702,2024-04-03 03:27:47.702000+00:00
2024/04/03, 03:28:47.702,36.78,-74.586,10.89,205.3,207.19,11.08,11.4,11.5,1003.7,1003.4,0.0,0.0,11.85,10.06,309,314,4.1,6.3,98.8,98.6,4.6,4.9,72.3,99.6,1005.8,1005.5,-6.48,350.06,-0.02,32.6641,9.4139,341.2,46.0,1484.939, NAN, NAN, NAN, NAN,,2024/04/03 03:28:47.702,2024-04-03 03:28:47.702000+00:00
2024/04/03, 03:29:47.702,36.778,-74.588,10.93,205.29,207.68,11.1,11.3,11.4,1003.7,1003.6,0.0,0.0,11.85,10.06,304,311,3.9,5.7,99.2,99.2,4.9,4.9,69.3,91.6,1005.8,1005.7,-6.5,351.14,-0.02,32.637,9.406,351.6,45.9,1484.877, NAN, NAN, NAN, NAN,,2024/04/03 03:29:47.702,2024-04-03 03:29:47.702000+00:00
2024/04/03, 03:30:47.702,36.775,-74.589,10.96,206.98,208.58,11.15,11.3,11.3,1003.7,1003.5,0.0,0.0,11.85,10.06,306,313,3.9,5.9,99.6,99.6,4.8,4.8,70.8,96.0,1005.8,1005.6,-6.38,351.04,-0.02,32.6175,9.4089,355.0,46.0,1484.863, NAN, NAN, NAN, NAN,,2024/04/03 03:30:47.702,2024-04-03 03:30:47.702000+00:00
2024/04/03, 03:31:47.702,36.772,-74.591,11.08,204.86,205.81,11.34,11.3,11.3,1003.7,1003.7,0.0,0.0,11.85,10.06,302,312,3.6,5.7,99.5,99.5,5.0,4.8,63.6,89.9,1005.8,1005.8,-6.43,351.55,-0.02,32.6052,9.4067,355.6,46.1,1484.84, NAN, NAN, NAN, NAN,,2024/04/03 03:31:47.702,2024-04-03 03:31:47.702000+00:00
2024/04/03, 03:32:47.702,36.769,-74.593,11.08,205.62,207.54,11.17,11.2,11.2,1003.7,1003.5,0.0,0.0,11.85,10.06,305,313,3.7,5.9,99.7,99.7,4.8,4.8,67.2,94.7,1005.8,1005.6,-6.44,351.73,-0.02,32.5932,9.4202,360.0,45.9,1484.875, NAN, NAN, NAN, NAN,,2024/04/03 03:32:47.702,2024-04-03 03:32:47.702000+00:00
2024/04/03, 03:33:47.702,36.767,-74.595,11.0,205.82,206.85,11.12,11.2,11.2,1003.6,1003.6,0.0,0.0,11.85,10.06,301,311,3.7,5.7,99.9,99.8,5.0,4.9,66.8,91.8,1005.7,1005.7,-6.43,352.31,-0.02,32.5818,9.4568,361.7,46.1,1484.995, NAN, NAN, NAN, NAN,,2024/04/03 03:33:47.702,2024-04-03 03:33:47.702000+00:00
2024/04/03, 03:34:47.702,36.764,-74.597,11.09,206.54,209.25,11.25,11.2,11.2,1003.4,1003.4,0.0,0.0,11.85,10.06,301,312,3.4,5.4,99.9,100.0,5.1,4.8,65.1,89.9,1005.5,1005.5,-6.38,352.86,-0.02,32.5691,9.5008,355.6,46.2,1485.141, NAN, NAN, NAN, NAN,,2024/04/03 03:34:47.702,2024-04-03 03:34:47.702000+00:00
2024/04/03, 03:35:47.702,36.761,-74.598,10.97,205.58,206.49,11.2,11.1,11.2,1003.4,1003.3,0.0,0.0,11.85,10.06,295,307,3.6,5.5,100.0,100.0,5.4,5.2,64.4,87.2,1005.5,1005.4,-6.38,353.74,-0.02,32.5591,9.5309,356.9,46.1,1485.239, NAN, NAN, NAN, NAN,,2024/04/03 03:35:47.702,2024-04-03 03:35:47.702000+00:00
2024/04/03, 03:36:47.702,36.758,-74.6,11.05,206.2,206.44,11.21,11.2,11.2,1003.5,1003.4,0.0,0.0,11.85,10.06,290,307,3.8,5.7,100.0,100.0,5.8,5.2,66.0,89.8,1005.6,1005.5,-6.35,355.18,-0.02,32.5361,9.5462,372.9,46.4,1485.267, NAN, NAN, NAN, NAN,,2024/04/03 03:36:47.702,2024-04-03 03:36:47.702000+00:00
2024/04/03, 03:37:47.702,36.756,-74.602,10.88,205.74,207.41,11.21,11.2,11.2,1003.4,1003.3,0.0,0.0,11.85,10.06,283,302,3.9,5.6,100.0,100.0,6.3,5.7,65.1,86.3,1005.5,1005.4,-6.26,356.76,-0.02,32.528,9.5449,387.2,46.1,1485.252, NAN, NAN, NAN, NAN,,2024/04/03 03:37:47.702,2024-04-03 03:37:47.702000+00:00
2024/04/03, 03:38:47.702,36.753,-74.604,10.97,206.09,211.39,11.19,11.3,11.3,1003.4,1003.4,0.0,0.0,11.85,10.06,286,303,4.0,5.7,100.0,100.0,6.3,5.8,68.7,89.3,1005.5,1005.5,-6.28,357.33,-0.01,32.5179,9.5319,398.5,46.2,1485.192, NAN, NAN, NAN, NAN,,2024/04/03 03:38:47.702,2024-04-03 03:38:47.702000+00:00
2024/04/03, 03:39:47.702,36.75,-74.606,11.08,206.08,207.43,11.42,11.3,11.3,1003.5,1003.4,0.0,0.0,11.85,10.06,294,307,4.1,6.0,100.0,100.0,5.7,5.4,68.8,91.5,1005.6,1005.5,-6.09,357.51,-0.01,32.5103,9.5601,407.0,46.4,1485.286, NAN, NAN, NAN, NAN,,2024/04/03 03:39:47.702,2024-04-03 03:39:47.702000+00:00
2024/04/03, 03:40:47.702,36.747,-74.607,10.91,205.48,207.69,11.13,11.3,11.3,1003.5,1003.6,0.0,0.0,11.85,10.06,294,307,4.2,6.1,100.0,100.0,5.7,5.5,71.0,93.7,1005.6,1005.7,-6.08,358.11,-0.02,32.5063,9.5767,405.9,45.9,1485.342, NAN, NAN, NAN, NAN,,2024/04/03 03:40:47.702,2024-04-03 03:40:47.702000+00:00
2024/04/03, 03:41:47.702,36.745,-74.609,10.95,205.28,205.1,11.17,11.4,11.4,1003.5,1003.5,0.0,0.0,11.85,10.06,303,311,4.0,6.1,100.0,100.0,5.0,5.0,69.6,95.1,1005.6,1005.6,-5.9,357.99,-0.02,32.4988,9.5488,416.0,46.1,1485.231, NAN, NAN, NAN, NAN,,2024/04/03 03:41:47.702,2024-04-03 03:41:47.702000+00:00
2024/04/03, 03:42:47.703,36.742,-74.611,11.06,206.64,211.31,11.25,11.4,11.4,1003.5,1003.4,0.0,0.0,11.85,10.06,306,312,3.9,6.0,100.0,100.0,4.9,5.1,71.8,96.5,1005.6,1005.5,-5.79,358.14,-0.01,32.4949,9.5556,405.6,46.2,1485.251, NAN, NAN, NAN, NAN,,2024/04/03 03:42:47.703,2024-04-03 03:42:47.703000+00:00
2024/04/03, 03:43:47.703,36.739,-74.613,11.05,205.61,208.58,11.46,11.4,11.4,1003.6,1003.5,0.0,0.0,11.85,10.06,299,309,4.3,6.1,100.0,100.0,5.5,5.3,71.7,93.1,1005.7,1005.6,-5.79,359.48,-0.01,32.4906,9.5812,417.4,46.1,1485.339, NAN, NAN, NAN, NAN,,2024/04/03 03:43:47.703,2024-04-03 03:43:47.703000+00:00
2024/04/03, 03:44:47.703,36.736,-74.615,10.97,205.09,205.69,11.19,11.5,11.5,1003.5,1003.4,0.0,0.0,11.85,10.06,292,306,4.3,6.2,100.0,100.0,5.8,5.5,69.8,92.8,1005.6,1005.5,-5.88,359.87,-0.01,32.4883,9.5342,439.2,46.3,1485.164, NAN, NAN, NAN, NAN,,2024/04/03 03:44:47.703,2024-04-03 03:44:47.703000+00:00
2024/04/03, 03:45:47.703,36.733,-74.616,11.08,206.46,207.34,11.53,11.7,11.7,1003.4,1003.4,0.0,0.0,11.85,10.06,290,305,3.8,5.6,100.0,100.0,5.9,5.4,64.4,86.0,1005.5,1005.5,-5.62,358.73,-0.01,32.4872,9.5261,492.3,46.6,1485.133, NAN, NAN, NAN, NAN,,2024/04/03 03:45:47.703,2024-04-03 03:45:47.703000+00:00
2024/04/03, 03:46:47.703,36.731,-74.618,10.69,204.78,208.44,10.81,11.7,11.7,1003.6,1003.5,0.0,0.0,11.85,10.06,305,312,4.0,6.0,100.0,100.0,4.8,5.0,72.3,96.8,1005.7,1005.6,-5.63,358.3,-0.01,32.4802,9.615,553.6,45.7,1485.45, NAN, NAN, NAN, NAN,,2024/04/03 03:46:47.703,2024-04-03 03:46:47.703000+00:00
2024/04/03, 03:47:47.703,36.728,-74.62,10.48,205.25,207.88,11.06,11.7,11.7,1003.5,1003.5,0.0,0.0,11.85,10.06,300,311,3.9,5.7,100.0,100.0,5.2,4.9,68.8,91.8,1005.6,1005.6,-5.62,358.73,-0.01,32.4771,9.6922,608.0,45.9,1485.727, NAN, NAN, NAN, NAN,,2024/04/03 03:47:47.703,2024-04-03 03:47:47.703000+00:00
2024/04/03, 03:48:47.703,36.725,-74.622,10.72,205.46,206.97,11.05,11.7,11.7,1003.4,1003.4,0.0,0.0,11.85,10.06,309,315,3.7,6.0,100.0,100.0,4.5,4.6,67.2,97.2,1005.5,1005.5,-5.5,357.85,-0.01,32.477,9.7526,632.1,46.2,1485.947, NAN, NAN, NAN, NAN,,2024/04/03 03:48:47.703,2024-04-03 03:48:47.703000+00:00
2024/04/03, 03:49:47.703,36.723,-74.623,10.87,206.02,206.0,11.2,11.7,11.7,1003.5,1003.5,0.0,0.0,11.85,10.06,323,322,3.5,5.6,100.0,100.0,3.6,3.7,61.5,94.8,1005.6,1005.6,-5.45,357.61,-0.01,32.483,9.8339,648.0,46.3,1486.25, NAN, NAN, NAN, NAN,,2024/04/03 03:49:47.703,2024-04-03 03:49:47.703000+00:00
2024/04/03, 03:50:47.703,36.72,-74.625,10.75,205.29,206.95,11.03,11.7,11.7,1003.5,1003.4,0.0,0.0,11.85,10.06,304,312,4.0,6.0,100.0,100.0,4.9,4.9,70.6,95.6,1005.6,1005.5,-5.67,359.01,-0.01,32.4896,9.9182,642.5,45.9,1486.563, NAN, NAN, NAN, NAN,,2024/04/03 03:50:47.703,2024-04-03 03:50:47.703000+00:00
2024/04/03, 03:51:47.703,36.717,-74.627,10.86,205.26,204.79,11.05,11.9,11.9,1003.5,1003.4,0.0,0.0,11.85,10.06,306,311,3.8,5.7,100.0,100.0,4.6,4.7,67.2,91.1,1005.6,1005.5,-5.67,358.9,-0.02,32.4948,10.0053,654.0,46.3,1486.885, NAN, NAN, NAN, NAN,,2024/04/03 03:51:47.703,2024-04-03 03:51:47.703000+00:00
2024/04/03, 03:52:47.703,36.714,-74.629,10.94,206.63,208.06,11.27,12.0,12.0,1003.4,1003.4,0.0,0.0,11.85,10.06,298,308,3.9,5.7,100.0,100.0,5.3,5.1,67.9,89.9,1005.5,1005.5,-5.58,359.96,-0.01,32.5005,10.0499,639.2,46.5,1487.053, NAN, NAN, NAN, NAN,,2024/04/03 03:52:47.703,2024-04-03 03:52:47.703000+00:00
2024/04/03, 03:53:47.703,36.712,-74.63,10.72,205.12,207.55,11.08,12.2,12.2,1003.3,1003.3,0.0,0.0,11.85,10.06,296,308,3.4,5.1,100.0,100.0,5.3,4.9,63.0,84.0,1005.4,1005.4,-5.47,360.21,-0.01,32.507,10.0644,618.4,46.2,1487.113, NAN, NAN, NAN, NAN,,2024/04/03 03:53:47.703,2024-04-03 03:53:47.703000+00:00
2024/04/03, 03:54:47.703,36.709,-74.632,10.81,205.54,205.78,11.1,12.2,12.2,1003.3,1003.3,0.0,0.0,11.85,10.06,308,316,2.7,4.5,100.0,100.0,4.6,4.0,53.9,77.7,1005.4,1005.4,-5.47,359.92,-0.01,32.3829,10.0247,603.5,46.2,1486.819, NAN, NAN, NAN, NAN,,2024/04/03 03:54:47.703,2024-04-03 03:54:47.703000+00:00
2024/04/03, 03:55:47.703,36.706,-74.634,10.81,205.77,208.07,11.16,12.2,12.2,1003.2,1003.3,0.0,0.0,11.85,10.06,314,319,2.5,4.7,100.0,100.0,4.4,3.9,51.2,81.3,1005.3,1005.4,-5.5,360.44,-0.02,32.5183,9.9622,587.6,46.2,1486.758, NAN, NAN, NAN, NAN,,2024/04/03 03:55:47.703,2024-04-03 03:55:47.703000+00:00
2024/04/03, 03:56:47.703,36.703,-74.636,10.88,205.91,208.82,11.03,12.2,12.2,1003.4,1003.3,0.0,0.0,11.85,10.06,307,315,2.4,4.3,100.0,100.0,4.7,4.2,52.5,76.9,1005.5,1005.4,-5.48,360.69,-0.01,32.5167,9.9401,568.9,46.6,1486.676, NAN, NAN, NAN, NAN,,2024/04/03 03:56:47.703,2024-04-03 03:56:47.703000+00:00
2024/04/03, 03:57:47.703,36.7,-74.638,10.85,206.1,207.08,11.07,12.2,12.2,1003.4,1003.4,0.0,0.0,11.85,10.06,301,311,3.1,4.8,100.0,100.0,5.0,4.5,60.4,82.0,1005.5,1005.5,-5.59,362.21,-0.01,32.5122,9.8856,561.6,46.5,1486.473, NAN, NAN, NAN, NAN,,2024/04/03 03:57:47.703,2024-04-03 03:57:47.703000+00:00
2024/04/03, 03:58:47.704,36.698,-74.639,10.91,206.76,206.78,11.14,12.3,12.3,1003.5,1003.5,0.0,0.0,11.85,10.06,307,313,2.9,4.6,100.0,100.0,4.6,4.3,57.5,79.6,1005.6,1005.6,-5.47,363.2,-0.02,32.5096,9.8448,558.7,46.6,1486.322, NAN, NAN, NAN, NAN,,2024/04/03 03:58:47.704,2024-04-03 03:58:47.704000+00:00
2024/04/03, 03:59:47.704,36.695,-74.641,10.77,206.5,207.03,11.04,12.4,12.4,1003.5,1003.5,0.0,0.0,11.85,10.06,301,311,2.8,4.4,100.0,100.0,4.9,4.4,56.9,77.2,1005.6,1005.6,-5.55,363.62,-0.01,32.5095,9.8279,561.7,46.2,1486.26, NAN, NAN, NAN, NAN,,2024/04/03 03:59:47.704,2024-04-03 03:59:47.704000+00:00
2024/04/03, 04:00:47.704,36.692,-74.643,10.83,205.7,205.59,11.08,12.5,12.5,1003.5,1003.5,0.0,0.0,11.85,10.06,312,318,2.4,4.3,100.0,100.0,4.5,3.8,49.7,75.1,1005.6,1005.6,-5.43,362.38,-0.01,32.5066,9.7638,561.7,46.4,1486.024, NAN, NAN, NAN, NAN,,2024/04/03 04:00:47.704,2024-04-03 04:00:47.704000+00:00
2024/04/03, 04:01:47.704,36.689,-74.645,10.83,206.31,208.04,11.14,12.4,12.4,1003.5,1003.5,0.0,0.0,11.85,10.06,317,320,2.5,4.4,100.0,100.0,4.3,3.8,51.6,77.9,1005.6,1005.6,-5.52,361.1,-0.01,32.5067,9.7143,558.7,46.3,1485.844, NAN, NAN, NAN, NAN,,2024/04/03 04:01:47.704,2024-04-03 04:01:47.704000+00:00
2024/04/03, 04:02:47.704,36.687,-74.646,10.75,205.16,208.58,11.25,12.2,12.2,1003.5,1003.5,0.0,0.0,11.85,10.06,309,317,2.8,4.9,100.0,99.8,4.7,4.2,56.3,83.7,1005.6,1005.6,-5.64,361.41,-0.01,32.4956,9.6243,556.3,46.2,1485.502, NAN, NAN, NAN, NAN,,2024/04/03 04:02:47.704,2024-04-03 04:02:47.704000+00:00
2024/04/03, 04:03:47.704,36.684,-74.648,10.76,205.09,208.08,11.01,12.2,12.2,1003.6,1003.5,0.0,0.0,11.85,10.06,312,317,2.8,4.8,100.0,100.0,4.4,4.1,56.3,83.5,1005.7,1005.6,-5.78,362.05,-0.01,32.4833,9.6056,563.8,46.4,1485.419, NAN, NAN, NAN, NAN,,2024/04/03 04:03:47.704,2024-04-03 04:03:47.704000+00:00
2024/04/03, 04:04:47.704,36.681,-74.65,10.87,205.68,207.26,11.21,12.3,12.3,1003.5,1003.5,0.0,0.0,11.85,10.06,309,316,2.7,4.7,100.0,100.0,4.6,4.1,54.1,80.4,1005.6,1005.6,-5.67,362.09,-0.02,32.4721,9.6131,566.2,46.6,1485.433, NAN, NAN, NAN, NAN,,2024/04/03 04:04:47.704,2024-04-03 04:04:47.704000+00:00
2024/04/03, 04:05:47.704,36.678,-74.652,10.89,206.33,210.03,11.29,12.4,12.4,1003.6,1003.6,0.0,0.0,11.85,10.06,315,319,2.4,4.5,100.0,100.0,4.5,4.0,51.7,79.5,1005.7,1005.7,-5.7,362.03,-0.01,32.465,9.6318,585.7,46.4,1485.492, NAN, NAN, NAN, NAN,,2024/04/03 04:05:47.704,2024-04-03 04:05:47.704000+00:00
2024/04/03, 04:06:47.704,36.676,-74.653,10.45,206.26,207.16,10.84,12.4,12.4,1003.5,1003.4,0.0,0.0,11.85,10.06,313,320,1.9,3.8,100.0,100.0,4.5,3.7,45.4,69.9,1005.6,1005.5,-5.57,361.71,-0.01,32.4696,9.6596,594.4,45.6,1485.599, NAN, NAN, NAN, NAN,,2024/04/03 04:06:47.704,2024-04-03 04:06:47.704000+00:00
2024/04/03, 04:07:47.704,36.673,-74.655,10.73,206.55,206.97,10.85,12.3,12.4,1003.7,1003.6,0.0,0.0,11.85,10.06,318,322,2.0,4.4,100.0,100.0,4.3,3.5,45.2,79.1,1005.8,1005.7,-5.67,360.78,-0.02,32.4705,9.6786,595.8,46.4,1485.67, NAN, NAN, NAN, NAN,,2024/04/03 04:07:47.704,2024-04-03 04:07:47.704000+00:00
2024/04/03, 04:08:47.704,36.67,-74.657,10.69,204.97,204.15,10.88,12.3,12.3,1003.6,1003.6,0.0,0.0,11.85,10.06,327,326,1.7,3.7,100.0,100.0,4.3,3.3,37.9,64.7,1005.7,1005.7,-5.73,359.84,-0.02,32.4748,9.7073,587.6,46.4,1485.78, NAN, NAN, NAN, NAN,,2024/04/03 04:08:47.704,2024-04-03 04:08:47.704000+00:00
2024/04/03, 04:09:47.704,36.668,-74.659,10.6,205.73,208.88,10.97,12.1,12.1,1003.5,1003.5,0.0,0.0,11.85,10.06,340,335,1.8,2.3,100.0,100.0,4.0,3.7,37.7,44.3,1005.6,1005.6,-5.93,358.41,-0.01,32.4741,9.7561,580.0,46.2,1485.956, NAN, NAN, NAN, NAN,,2024/04/03 04:09:47.704,2024-04-03 04:09:47.704000+00:00
2024/04/03, 04:10:47.704,36.665,-74.66,10.77,206.63,209.57,10.98,11.9,12.0,1003.5,1003.5,0.0,0.0,11.85,10.06,343,336,1.6,1.7,99.7,99.6,4.2,4.2,35.2,38.3,1005.6,1005.6,-6.15,357.54,-0.01,32.4684,9.7787,562.0,46.8,1486.031, NAN, NAN, NAN, NAN,,2024/04/03 04:10:47.704,2024-04-03 04:10:47.704000+00:00
2024/04/03, 04:11:47.704,36.662,-74.662,10.63,206.45,207.48,10.82,11.7,11.8,1003.4,1003.4,0.0,0.0,11.85,10.06,340,334,1.7,2.2,99.1,99.0,4.0,3.7,36.5,43.3,1005.5,1005.5,-6.33,356.29,-0.01,32.4665,9.7531,542.2,46.6,1485.936, NAN, NAN, NAN, NAN,,2024/04/03 04:11:47.704,2024-04-03 04:11:47.704000+00:00
2024/04/03, 04:12:47.704,36.66,-74.664,10.6,206.86,208.31,10.85,11.6,11.6,1003.5,1003.5,0.0,0.0,11.85,10.06,339,333,1.8,2.3,99.3,99.3,4.0,3.7,38.5,45.7,1005.6,1005.6,-6.39,357.31,-0.01,32.4678,9.7072,528.3,46.3,1485.771, NAN, NAN, NAN, NAN,,2024/04/03 04:12:47.704,2024-04-03 04:12:47.704000+00:00
2024/04/03, 04:13:47.704,36.657,-74.666,10.77,205.33,207.82,11.14,11.6,11.6,1003.5,1003.4,0.0,0.0,11.85,10.06,327,325,2.8,4.7,100.0,100.0,3.8,3.4,52.0,82.1,1005.6,1005.5,-6.36,358.28,-0.02,32.459,9.6422,520.3,46.6,1485.523, NAN, NAN, NAN, NAN,,2024/04/03 04:13:47.704,2024-04-03 04:13:47.704000+00:00
2024/04/03, 04:14:47.705,36.654,-74.667,10.85,205.86,205.53,10.89,11.7,11.7,1003.5,1003.5,0.0,0.0,11.85,10.06,320,321,2.8,5.0,100.0,100.0,3.9,3.6,53.8,87.6,1005.6,1005.6,-6.15,358.96,-0.01,32.4499,9.6076,508.9,46.7,1485.386, NAN, NAN, NAN, NAN,,2024/04/03 04:14:47.705,2024-04-03 04:14:47.705000+00:00
2024/04/03, 04:15:47.705,36.651,-74.669,10.89,205.91,207.97,11.12,11.8,11.8,1003.4,1003.4,0.0,0.0,11.85,10.06,319,322,2.0,4.5,100.0,100.0,4.5,3.6,45.2,79.4,1005.5,1005.5,-6.06,358.41,-0.02,32.4419,9.6157,514.2,46.8,1485.405, NAN, NAN, NAN, NAN,,2024/04/03 04:15:47.705,2024-04-03 04:15:47.705000+00:00
2024/04/03, 04:16:47.705,36.649,-74.671,10.79,205.85,204.93,11.07,11.8,11.8,1003.5,1003.5,0.0,0.0,11.85,10.06,331,330,1.6,3.2,100.0,100.0,4.4,3.3,35.8,54.2,1005.6,1005.6,-5.92,357.02,-0.02,32.442,9.6472,527.3,46.5,1485.521, NAN, NAN, NAN, NAN,,2024/04/03 04:16:47.705,2024-04-03 04:16:47.705000+00:00
2024/04/03, 04:17:47.705,36.646,-74.672,10.8,206.44,208.53,10.71,11.7,11.7,1003.5,1003.5,0.0,0.0,11.85,10.06,337,332,2.0,3.0,100.0,100.0,3.8,3.3,41.7,56.1,1005.6,1005.6,-6.02,355.99,-0.02,32.4402,9.7149,530.0,46.6,1485.765, NAN, NAN, NAN, NAN,,2024/04/03 04:17:47.705,2024-04-03 04:17:47.705000+00:00
2024/04/03, 04:18:47.705,36.643,-74.674,10.84,206.4,205.4,10.99,11.6,11.6,1003.6,1003.5,0.0,0.0,11.85,10.06,327,325,3.4,5.3,100.0,100.0,3.3,3.3,59.8,93.1,1005.7,1005.6,-6.14,358.9,-0.02,32.4377,9.7754,535.8,46.6,1485.982, NAN, NAN, NAN, NAN,,2024/04/03 04:18:47.705,2024-04-03 04:18:47.705000+00:00
2024/04/03, 04:19:47.705,36.641,-74.676,10.86,206.17,208.55,10.85,11.8,11.8,1003.5,1003.5,0.0,0.0,11.85,10.06,328,327,3.1,4.9,100.0,100.0,3.4,3.2,57.5,88.7,1005.6,1005.6,-6.03,358.95,-0.01,32.4372,9.8219,525.7,46.4,1486.15, NAN, NAN, NAN, NAN,,2024/04/03 04:19:47.705,2024-04-03 04:19:47.705000+00:00
2024/04/03, 04:20:47.705,36.638,-74.678,10.86,205.5,208.91,11.15,11.8,11.8,1003.6,1003.5,0.0,0.0,11.85,10.06,337,330,2.2,4.1,100.0,100.0,3.9,3.2,42.0,72.0,1005.7,1005.6,-5.72,356.16,-0.01,32.4363,9.903,511.2,46.7,1486.444, NAN, NAN, NAN, NAN,,2024/04/03 04:20:47.705,2024-04-03 04:20:47.705000+00:00
2024/04/03, 04:21:47.705,36.635,-74.679,10.77,206.0,207.05,10.73,11.6,11.6,1003.5,1003.6,0.0,0.0,11.85,10.06,346,340,2.0,2.0,100.0,100.0,3.6,3.7,35.1,38.0,1005.6,1005.7,-5.88,355.15,-0.02,32.439,9.9147,501.4,46.2,1486.489, NAN, NAN, NAN, NAN,,2024/04/03 04:21:47.705,2024-04-03 04:21:47.705000+00:00
2024/04/03, 04:22:47.705,36.632,-74.681,10.85,206.27,208.91,11.14,11.4,11.4,1003.5,1003.5,0.0,0.0,11.85,10.06,348,341,1.9,1.9,99.7,99.6,3.9,4.0,34.8,37.8,1005.6,1005.6,-6.31,355.33,-0.02,32.4356,9.8268,493.7,46.7,1486.166, NAN, NAN, NAN, NAN,,2024/04/03 04:22:47.705,2024-04-03 04:22:47.705000+00:00
2024/04/03, 04:23:47.705,36.63,-74.683,10.79,206.58,208.09,10.91,11.2,11.3,1003.6,1003.5,0.0,0.0,11.85,10.06,1,352,1.9,1.9,99.5,99.3,3.7,3.7,28.8,33.4,1005.7,1005.6,-6.29,356.56,-0.02,32.4412,9.7314,493.4,46.1,1485.826, NAN, NAN, NAN, NAN,,2024/04/03 04:23:47.705,2024-04-03 04:23:47.705000+00:00
2024/04/03, 04:24:47.705,36.627,-74.685,10.6,204.93,205.16,10.73,11.2,11.2,1003.5,1003.5,0.0,0.0,11.85,10.06,356,350,1.7,1.6,100.0,100.0,3.8,4.0,28.0,30.2,1005.6,1005.6,-6.41,356.69,-0.02,32.4354,9.6448,492.4,45.9,1485.504, NAN, NAN, NAN, NAN,,2024/04/03 04:24:47.705,2024-04-03 04:24:47.705000+00:00
2024/04/03, 04:25:47.705,36.624,-74.686,10.69,206.4,209.02,10.81,11.1,11.1,1003.7,1003.7,0.0,0.0,11.85,10.06,355,349,2.0,1.9,100.0,100.0,3.6,3.7,32.5,35.1,1005.8,1005.8,-6.44,357.53,-0.01,32.4233,9.6142,500.8,46.1,1485.377, NAN, NAN, NAN, NAN,,2024/04/03 04:25:47.705,2024-04-03 04:25:47.705000+00:00
2024/04/03, 04:26:47.705,36.622,-74.688,10.85,206.36,211.83,11.17,11.0,11.0,1003.5,1003.4,0.0,0.0,11.85,10.06,330,327,2.9,5.0,100.0,100.0,3.7,3.4,55.5,89.7,1005.6,1005.5,-6.42,360.77,-0.01,32.4116,9.5834,511.2,46.6,1485.251, NAN, NAN, NAN, NAN,,2024/04/03 04:26:47.705,2024-04-03 04:26:47.705000+00:00
2024/04/03, 04:27:47.705,36.619,-74.69,10.74,205.66,207.95,10.91,11.3,11.2,1003.4,1003.3,0.0,0.0,11.85,10.06,315,316,4.7,6.6,100.0,100.0,4.2,4.9,82.9,105.6,1005.5,1005.4,-6.3,366.58,-0.02,32.4082,9.6028,517.2,45.7,1485.317, NAN, NAN, NAN, NAN,,2024/04/03 04:27:47.705,2024-04-03 04:27:47.705000+00:00
2024/04/03, 04:28:47.705,36.616,-74.692,10.79,206.54,208.07,11.01,12.0,11.9,1003.4,1003.3,0.0,0.0,11.85,10.06,314,315,5.1,7.3,100.0,100.0,4.4,5.3,87.5,111.2,1005.5,1005.4,-6.07,371.44,-0.01,32.4042,9.6,529.7,46.2,1485.302, NAN, NAN, NAN, NAN,,2024/04/03 04:28:47.705,2024-04-03 04:28:47.705000+00:00
2024/04/03, 04:29:47.706,36.614,-74.693,10.56,206.71,207.13,10.82,12.7,12.7,1003.5,1003.4,0.0,0.0,11.85,10.06,310,312,5.0,6.6,100.0,100.0,4.5,5.1,85.7,103.7,1005.6,1005.5,-5.74,374.53,-0.02,32.3981,9.4793,530.0,45.8,1484.853, NAN, NAN, NAN, NAN,,2024/04/03 04:29:47.706,2024-04-03 04:29:47.706000+00:00
2024/04/03, 04:30:47.706,36.611,-74.695,10.76,205.37,210.6,11.17,13.1,13.1,1003.4,1003.4,0.0,0.0,11.85,10.06,314,314,5.3,7.2,100.0,100.0,4.7,5.6,89.4,107.9,1005.5,1005.5,-5.38,376.26,-0.01,32.4015,9.3515,533.7,46.3,1484.389, NAN, NAN, NAN, NAN,,2024/04/03 04:30:47.706,2024-04-03 04:30:47.706000+00:00
2024/04/03, 04:31:47.706,36.608,-74.697,10.61,205.9,206.02,10.9,13.3,13.3,1003.4,1003.3,0.0,0.0,11.85,10.06,311,314,4.8,6.8,100.0,100.0,4.4,5.1,82.4,105.9,1005.5,1005.4,-5.4,379.22,-0.01,32.3957,9.2518,556.0,45.7,1484.015, NAN, NAN, NAN, NAN,,2024/04/03 04:31:47.706,2024-04-03 04:31:47.706000+00:00
2024/04/03, 04:32:47.706,36.605,-74.699,10.68,205.48,209.03,11.09,13.6,13.6,1003.4,1003.3,0.0,0.0,11.85,10.06,312,314,4.7,6.7,100.0,100.0,4.6,5.2,81.4,104.0,1005.5,1005.4,-5.36,379.8,-0.01,32.3859,9.2704,580.9,46.0,1484.071, NAN, NAN, NAN, NAN,,2024/04/03 04:32:47.706,2024-04-03 04:32:47.706000+00:00
2024/04/03, 04:33:47.706,36.603,-74.7,11.01,207.32,209.37,11.12,13.5,13.5,1003.4,1003.3,0.0,0.0,11.85,10.06,320,319,5.2,7.3,100.0,100.0,3.9,5.0,91.2,115.0,1005.5,1005.4,-5.07,377.27,-0.01,32.3782,9.4674,610.5,46.3,1484.785, NAN, NAN, NAN, NAN,,2024/04/03 04:33:47.706,2024-04-03 04:33:47.706000+00:00
2024/04/03, 04:34:47.706,36.6,-74.702,10.85,205.86,207.01,11.19,13.4,13.4,1003.4,1003.3,0.0,0.0,11.85,10.06,314,315,5.0,7.2,100.0,100.0,4.4,5.3,84.6,108.7,1005.5,1005.4,-5.26,379.28,-0.02,32.3778,9.5941,632.4,46.1,1485.248, NAN, NAN, NAN, NAN,,2024/04/03 04:34:47.706,2024-04-03 04:34:47.706000+00:00
2024/04/03, 04:35:47.706,36.597,-74.704,10.75,205.33,206.9,11.09,13.5,13.5,1003.3,1003.1,0.0,0.0,11.85,10.06,312,314,5.1,6.9,100.0,100.0,4.5,5.1,84.7,105.1,1005.4,1005.2,-5.34,381.01,-0.02,32.3821,9.6619,611.0,45.9,1485.501, NAN, NAN, NAN, NAN,,2024/04/03 04:35:47.706,2024-04-03 04:35:47.706000+00:00
2024/04/03, 04:36:47.706,36.595,-74.706,10.64,206.42,208.02,10.67,13.5,13.7,1003.3,1003.4,0.0,0.0,11.85,10.06,316,318,4.9,7.1,100.0,100.0,4.1,4.9,87.6,114.0,1005.4,1005.5,-5.37,380.9,-0.01,32.3925,9.6937,574.5,45.7,1485.63, NAN, NAN, NAN, NAN,,2024/04/03 04:36:47.706,2024-04-03 04:36:47.706000+00:00
2024/04/03, 04:37:47.706,36.592,-74.707,10.66,206.62,207.62,10.84,13.7,13.8,1003.4,1003.3,0.0,0.0,11.85,10.06,316,316,4.5,6.3,100.0,100.0,4.0,4.6,81.0,103.7,1005.5,1005.4,-5.24,380.22,-0.01,32.4052,9.7199,542.5,45.8,1485.741, NAN, NAN, NAN, NAN,,2024/04/03 04:37:47.706,2024-04-03 04:37:47.706000+00:00
2024/04/03, 04:38:47.706,36.589,-74.709,10.86,206.59,206.77,11.07,13.8,13.8,1003.3,1003.1,0.0,0.0,11.85,10.06,319,319,4.6,6.8,100.0,100.0,3.8,4.5,80.5,109.5,1005.4,1005.2,-5.18,379.2,-0.01,32.4105,9.7671,529.7,46.4,1485.919, NAN, NAN, NAN, NAN,,2024/04/03 04:38:47.706,2024-04-03 04:38:47.706000+00:00
2024/04/03, 04:39:47.706,36.586,-74.711,10.86,205.85,206.29,11.29,13.7,13.7,1003.2,1003.1,0.0,0.0,11.85,10.06,321,321,4.4,6.4,100.0,100.0,3.7,4.2,75.9,104.4,1005.3,1005.2,-5.27,378.91,-0.02,32.4128,9.7972,523.6,46.5,1486.031, NAN, NAN, NAN, NAN,,2024/04/03 04:39:47.706,2024-04-03 04:39:47.706000+00:00
2024/04/03, 04:40:47.706,36.584,-74.713,10.95,205.91,207.65,11.12,13.7,13.8,1003.1,1003.0,0.0,0.0,11.85,10.06,322,321,4.6,6.7,100.0,100.0,3.7,4.4,81.3,109.4,1005.2,1005.1,-5.21,377.76,-0.01,32.4121,9.8143,514.8,46.8,1486.092, NAN, NAN, NAN, NAN,,2024/04/03 04:40:47.706,2024-04-03 04:40:47.706000+00:00
2024/04/03, 04:41:47.706,36.581,-74.714,11.1,206.96,212.42,11.49,13.8,13.8,1003.2,1003.1,0.0,0.0,11.85,10.06,324,323,4.3,6.7,100.0,100.0,3.7,4.3,76.2,109.7,1005.3,1005.2,-5.15,376.89,-0.02,32.4116,9.8089,505.9,46.7,1486.072, NAN, NAN, NAN, NAN,,2024/04/03 04:41:47.706,2024-04-03 04:41:47.706000+00:00
2024/04/03, 04:42:47.706,36.578,-74.716,10.91,205.16,207.52,11.25,13.8,13.8,1003.0,1003.0,0.0,0.0,11.85,10.06,322,322,4.3,6.5,100.0,100.0,3.7,4.2,74.7,106.2,1005.1,1005.1,-5.18,375.13,-0.02,32.4093,9.7578,503.8,46.8,1485.883, NAN, NAN, NAN, NAN,,2024/04/03 04:42:47.706,2024-04-03 04:42:47.706000+00:00
2024/04/03, 04:43:47.706,36.575,-74.718,10.93,206.47,207.04,11.5,13.8,13.9,1003.0,1003.0,0.0,0.0,11.85,10.06,326,324,4.3,6.5,100.0,100.0,3.3,3.9,72.0,106.7,1005.1,1005.1,-5.12,372.34,-0.02,32.4097,9.7307,495.0,46.9,1485.785, NAN, NAN, NAN, NAN,,2024/04/03 04:43:47.706,2024-04-03 04:43:47.706000+00:00
2024/04/03, 04:44:47.707,36.572,-74.72,10.82,205.3,204.38,11.05,13.7,13.8,1003.0,1003.0,0.0,0.0,11.85,10.06,336,332,3.1,4.0,99.8,99.3,3.1,2.9,49.7,66.9,1005.1,1005.1,-4.88,364.2,-0.01,32.3993,9.7053,505.4,46.6,1485.68, NAN, NAN, NAN, NAN,,2024/04/03 04:44:47.707,2024-04-03 04:44:47.707000+00:00
2024/04/03, 04:45:47.707,36.57,-74.721,10.83,206.19,208.19,11.3,13.4,13.5,1003.1,1003.0,0.0,0.0,11.85,10.06,329,326,4.6,6.4,98.0,97.5,3.1,3.7,78.9,108.4,1005.2,1005.1,-5.21,369.37,-0.01,32.3923,9.7003,509.6,46.8,1485.653, NAN, NAN, NAN, NAN,,2024/04/03 04:45:47.707,2024-04-03 04:45:47.707000+00:00
2024/04/03, 04:46:47.707,36.567,-74.723,10.77,205.09,205.72,11.19,13.6,13.6,1003.0,1002.9,0.0,0.0,11.85,10.06,328,326,4.8,7.2,100.0,100.0,3.1,4.1,81.8,118.2,1005.1,1005.0,-5.26,367.68,-0.01,32.392,9.6899,508.8,46.2,1485.615, NAN, NAN, NAN, NAN,,2024/04/03 04:46:47.707,2024-04-03 04:46:47.707000+00:00
2024/04/03, 04:47:47.707,36.564,-74.725,10.73,206.29,204.24,11.02,13.7,13.6,1003.0,1003.0,0.0,0.0,11.85,10.06,329,326,4.7,6.8,100.0,100.0,2.9,3.8,82.0,115.9,1005.1,1005.1,-5.2,364.34,-0.01,32.3874,9.6943,503.2,46.5,1485.626, NAN, NAN, NAN, NAN,,2024/04/03 04:47:47.707,2024-04-03 04:47:47.707000+00:00
2024/04/03, 04:48:47.707,36.561,-74.727,10.93,206.2,206.22,11.06,13.7,13.7,1002.9,1002.8,0.0,0.0,11.85,10.06,334,329,4.6,6.1,98.7,98.5,2.6,3.3,80.1,108.2,1005.0,1004.9,-5.12,363.66,-0.01,32.385,9.7045,498.0,46.8,1485.66, NAN, NAN, NAN, NAN,,2024/04/03 04:48:47.707,2024-04-03 04:48:47.707000+00:00
2024/04/03, 04:49:47.707,36.559,-74.728,10.88,205.83,206.67,11.29,13.7,13.7,1003.0,1002.9,0.0,0.0,11.85,10.06,336,331,4.7,5.5,98.7,98.7,2.5,3.0,79.2,96.2,1005.1,1005.0,-5.27,362.48,-0.01,32.3811,9.7248,495.8,46.8,1485.729, NAN, NAN, NAN, NAN,,2024/04/03 04:49:47.707,2024-04-03 04:49:47.707000+00:00
2024/04/03, 04:50:47.707,36.556,-74.73,10.95,207.18,206.39,11.2,13.7,13.7,1002.9,1002.8,0.0,0.0,11.85,10.06,335,330,4.8,6.4,98.2,98.4,2.5,3.2,83.0,113.4,1005.0,1004.9,-5.35,361.06,-0.01,32.3837,9.7722,489.1,46.7,1485.905, NAN, NAN, NAN, NAN,,2024/04/03 04:50:47.707,2024-04-03 04:50:47.707000+00:00
2024/04/03, 04:51:47.707,36.553,-74.732,10.89,205.9,208.32,11.06,13.7,13.7,1003.0,1003.0,0.0,0.0,11.85,10.06,340,334,5.1,5.6,97.7,97.9,2.2,2.8,92.4,102.7,1005.1,1005.1,-5.42,361.85,-0.01,32.3813,9.8372,479.2,46.8,1486.138, NAN, NAN, NAN, NAN,,2024/04/03 04:51:47.707,2024-04-03 04:51:47.707000+00:00
2024/04/03, 04:52:47.707,36.55,-74.734,10.9,205.03,208.8,11.26,13.8,13.8,1003.0,1002.9,0.0,0.0,11.85,10.06,343,338,5.0,5.2,97.9,98.2,2.0,2.4,84.9,91.5,1005.1,1005.0,-5.56,362.62,-0.01,32.3801,9.9061,480.6,46.6,1486.386, NAN, NAN, NAN, NAN,,2024/04/03 04:52:47.707,2024-04-03 04:52:47.707000+00:00
2024/04/03, 04:53:47.707,36.547,-74.735,10.95,205.93,206.02,11.33,13.9,13.8,1002.9,1002.8,0.0,0.0,11.85,10.06,344,338,5.1,5.2,97.4,97.9,1.7,2.2,83.4,89.1,1005.0,1004.9,-5.75,362.81,-0.01,32.3813,9.9611,470.5,46.8,1486.587, NAN, NAN, NAN, NAN,,2024/04/03 04:53:47.707,2024-04-03 04:53:47.707000+00:00
2024/04/03, 04:54:47.707,36.545,-74.737,10.93,205.98,207.07,11.41,13.9,13.9,1002.9,1002.9,0.0,0.0,11.85,10.06,342,337,5.3,5.6,97.3,97.4,1.9,2.4,91.0,98.9,1005.0,1005.0,-5.78,362.62,-0.01,32.3813,9.9996,467.2,46.6,1486.726, NAN, NAN, NAN, NAN,,2024/04/03 04:54:47.707,2024-04-03 04:54:47.707000+00:00
2024/04/03, 04:55:47.707,36.542,-74.739,11.01,207.01,206.15,11.25,14.0,13.9,1002.9,1002.8,0.0,0.0,11.85,10.06,336,331,4.8,6.0,95.6,96.7,2.4,2.9,81.0,106.5,1005.0,1004.9,-5.81,361.14,-0.02,32.3794,10.0292,458.4,46.9,1486.831, NAN, NAN, NAN, NAN,,2024/04/03 04:55:47.707,2024-04-03 04:55:47.707000+00:00
2024/04/03, 04:56:47.707,36.539,-74.741,10.97,206.26,205.58,11.26,13.8,13.8,1002.9,1002.8,0.0,0.0,11.85,10.06,332,328,3.2,5.0,92.4,93.6,3.3,3.1,53.1,85.9,1005.0,1004.9,-6.02,356.1,-0.01,32.3783,10.0491,460.8,46.6,1486.902, NAN, NAN, NAN, NAN,,2024/04/03 04:56:47.707,2024-04-03 04:56:47.707000+00:00
2024/04/03, 04:57:47.707,36.536,-74.743,10.81,205.01,207.33,11.31,13.5,13.4,1002.8,1002.8,0.0,0.0,11.85,10.06,341,336,5.1,5.1,92.4,93.4,2.0,2.5,85.9,87.3,1004.9,1004.9,-6.52,360.23,-0.01,32.3833,10.066,460.8,46.4,1486.969, NAN, NAN, NAN, NAN,,2024/04/03 04:57:47.707,2024-04-03 04:57:47.707000+00:00
2024/04/03, 04:58:47.707,36.533,-74.744,10.89,205.84,208.47,11.3,13.6,13.5,1002.8,1002.7,0.0,0.0,11.85,10.06,342,336,5.3,5.3,96.1,97.3,2.0,2.6,93.6,93.9,1004.9,1004.8,-6.48,360.39,-0.01,32.3798,10.0833,459.0,46.7,1487.027, NAN, NAN, NAN, NAN,,2024/04/03 04:58:47.707,2024-04-03 04:58:47.707000+00:00
2024/04/03, 04:59:47.708,36.531,-74.746,11.08,206.21,208.69,11.4,13.7,13.6,1002.8,1002.6,0.0,0.0,11.85,10.06,343,338,5.0,5.1,95.5,96.9,1.9,2.3,82.3,87.4,1004.9,1004.7,-6.53,360.22,-0.01,32.3779,10.0833,456.0,47.2,1487.024, NAN, NAN, NAN, NAN,,2024/04/03 04:59:47.708,2024-04-03 04:59:47.708000+00:00
2024/04/03, 05:00:47.708,36.528,-74.748,10.91,206.21,206.89,11.17,13.7,13.6,1002.8,1002.6,0.0,0.0,11.85,10.06,344,339,5.5,5.7,94.9,96.8,1.7,2.2,100.6,105.2,1004.9,1004.7,-6.29,361.01,-0.02,32.3853,10.0724,456.8,46.5,1486.994, NAN, NAN, NAN, NAN,,2024/04/03 05:00:47.708,2024-04-03 05:00:47.708000+00:00
2024/04/03, 05:01:47.708,36.525,-74.75,11.0,206.03,207.17,11.52,13.8,13.7,1002.6,1002.6,0.0,0.0,11.85,10.06,343,338,5.7,6.1,94.9,96.2,1.8,2.4,100.8,109.6,1004.7,1004.7,-6.33,360.86,-0.02,32.3871,10.0588,452.9,46.7,1486.947, NAN, NAN, NAN, NAN,,2024/04/03 05:01:47.708,2024-04-03 05:01:47.708000+00:00
2024/04/03, 05:02:47.708,36.522,-74.751,11.02,206.06,204.46,11.61,13.8,13.7,1002.6,1002.5,0.0,0.0,11.85,10.06,337,331,5.4,6.3,94.4,95.7,2.3,3.0,90.3,107.4,1004.7,1004.6,-6.32,361.03,-0.02,32.3885,10.0487,450.0,46.9,1486.912, NAN, NAN, NAN, NAN,,2024/04/03 05:02:47.708,2024-04-03 05:02:47.708000+00:00
2024/04/03, 05:03:47.708,36.519,-74.753,10.98,204.45,206.05,11.53,13.7,13.7,1002.6,1002.6,0.0,0.0,11.85,10.06,341,336,5.4,5.8,93.6,95.0,2.1,2.7,92.0,100.9,1004.7,1004.7,-6.27,360.49,-0.01,32.3904,10.0374,454.0,46.8,1486.874, NAN, NAN, NAN, NAN,,2024/04/03 05:03:47.708,2024-04-03 05:03:47.708000+00:00
2024/04/03, 05:04:47.708,36.516,-74.755,11.04,205.31,208.67,11.57,13.7,13.6,1002.5,1002.5,0.0,0.0,11.85,10.06,339,334,5.7,6.0,93.7,95.0,2.4,3.0,100.3,104.6,1004.6,1004.6,-6.35,359.75,-0.02,32.3955,10.0248,460.4,47.1,1486.835, NAN, NAN, NAN, NAN,,2024/04/03 05:04:47.708,2024-04-03 05:04:47.708000+00:00
2024/04/03, 05:05:47.708,36.514,-74.757,11.14,206.07,206.53,11.63,13.6,13.5,1002.6,1002.5,0.0,0.0,11.85,10.06,340,335,5.9,5.8,92.9,94.1,2.1,2.6,104.2,100.0,1004.7,1004.6,-6.36,357.29,-0.02,32.401,10.0058,460.4,47.2,1486.773, NAN, NAN, NAN, NAN,,2024/04/03 05:05:47.708,2024-04-03 05:05:47.708000+00:00
2024/04/03, 05:06:47.708,36.511,-74.759,11.09,205.55,208.59,11.49,13.6,13.5,1002.4,1002.4,0.0,0.0,11.85,10.06,351,346,7.0,7.2,95.8,96.7,1.7,2.3,152.3,144.0,1004.5,1004.5,-6.42,359.1,-0.01,32.4077,9.9698,465.7,47.1,1486.651, NAN, NAN, NAN, NAN,,2024/04/03 05:06:47.708,2024-04-03 05:06:47.708000+00:00
2024/04/03, 05:07:47.708,36.508,-74.761,11.07,205.56,206.91,11.57,13.7,13.5,1002.3,1002.3,0.0,0.0,11.85,10.06,349,343,6.8,6.8,96.5,97.1,1.6,2.1,143.3,130.6,1004.4,1004.4,-6.28,358.65,-0.01,32.417,9.9717,475.5,47.1,1486.669, NAN, NAN, NAN, NAN,,2024/04/03 05:07:47.708,2024-04-03 05:07:47.708000+00:00
2024/04/03, 05:08:47.708,36.505,-74.762,11.03,205.26,206.46,11.53,13.8,13.7,1002.3,1002.2,0.0,0.0,11.85,10.06,347,342,6.6,6.7,95.6,96.4,1.6,2.2,133.3,127.1,1004.4,1004.3,-6.07,357.12,-0.01,32.426,9.9789,495.6,47.1,1486.706, NAN, NAN, NAN, NAN,,2024/04/03 05:08:47.708,2024-04-03 05:08:47.708000+00:00
2024/04/03, 05:09:47.708,36.502,-74.764,11.11,205.62,206.63,11.51,13.7,13.7,1002.3,1002.3,0.0,0.0,11.85,10.06,348,343,6.7,6.8,94.6,95.3,1.7,2.2,138.3,131.1,1004.4,1004.4,-6.08,357.52,-0.01,32.4461,9.8987,512.3,47.2,1486.44, NAN, NAN, NAN, NAN,,2024/04/03 05:09:47.708,2024-04-03 05:09:47.708000+00:00
2024/04/03, 05:10:47.708,36.499,-74.766,11.03,206.1,207.98,11.2,13.8,13.7,1002.2,1002.2,0.0,0.0,11.85,10.06,349,343,7.3,7.4,95.8,96.5,2.2,2.8,156.3,144.6,1004.3,1004.3,-6.25,357.01,-0.01,32.461,9.8456,517.6,46.9,1486.265, NAN, NAN, NAN, NAN,,2024/04/03 05:10:47.708,2024-04-03 05:10:47.708000+00:00
2024/04/03, 05:11:47.708,36.497,-74.768,11.06,206.14,205.15,11.31,13.9,13.8,1002.3,1002.2,0.0,0.0,11.85,10.06,349,344,7.6,7.7,96.7,97.3,2.2,2.7,164.1,152.5,1004.4,1004.3,-5.92,356.64,-0.02,32.4561,9.8356,522.4,47.0,1486.223, NAN, NAN, NAN, NAN,,2024/04/03 05:11:47.708,2024-04-03 05:11:47.708000+00:00
2024/04/03, 05:12:47.708,36.494,-74.769,11.09,206.05,205.54,11.54,13.9,13.9,1002.1,1002.1,0.0,0.0,11.85,10.06,349,344,7.8,8.0,96.6,97.1,2.3,2.8,165.2,154.6,1004.2,1004.2,-5.88,356.12,-0.01,32.4444,9.8056,539.5,47.3,1486.1, NAN, NAN, NAN, NAN,,2024/04/03 05:12:47.708,2024-04-03 05:12:47.708000+00:00
2024/04/03, 05:13:47.708,36.491,-74.771,11.06,206.3,206.48,11.3,14.0,14.0,1002.1,1002.0,0.0,0.0,11.85,10.06,348,343,8.0,8.1,96.3,96.7,2.7,3.1,165.5,154.7,1004.2,1004.1,-5.87,355.33,-0.01,32.4409,9.8015,538.0,47.1,1486.081, NAN, NAN, NAN, NAN,,2024/04/03 05:13:47.708,2024-04-03 05:13:47.708000+00:00
2024/04/03, 05:14:47.708,36.488,-74.773,10.88,206.02,205.56,11.1,14.0,14.0,1001.9,1002.0,0.0,0.0,11.85,10.06,349,344,8.0,8.1,96.2,96.4,2.7,3.1,169.3,158.0,1004.0,1004.1,-5.81,353.9,-0.02,32.4421,9.8649,526.7,46.5,1486.312, NAN, NAN, NAN, NAN,,2024/04/03 05:14:47.708,2024-04-03 05:14:47.708000+00:00
2024/04/03, 05:15:47.709,36.485,-74.775,10.84,205.53,208.45,11.21,14.0,14.0,1002.1,1002.0,0.0,0.0,11.85,10.06,352,346,8.1,8.2,96.2,96.4,2.7,3.1,174.1,160.0,1004.2,1004.1,-5.81,352.53,-0.02,32.4431,9.9485,535.0,46.7,1486.617, NAN, NAN, NAN, NAN,,2024/04/03 05:15:47.709,2024-04-03 05:15:47.709000+00:00
2024/04/03, 05:16:47.709,36.483,-74.777,11.04,206.68,205.2,11.24,13.9,13.9,1002.1,1002.0,0.0,0.0,11.85,10.06,348,343,8.2,8.3,95.9,96.1,2.8,3.2,170.1,158.8,1004.2,1004.1,-5.91,350.89,-0.01,32.442,10.0071,520.3,47.1,1486.827, NAN, NAN, NAN, NAN,,2024/04/03 05:16:47.709,2024-04-03 05:16:47.709000+00:00
2024/04/03, 05:17:47.709,36.48,-74.778,11.0,205.23,208.26,11.3,13.8,13.9,1002.0,1002.0,0.0,0.0,11.85,10.06,349,343,8.3,8.5,95.9,95.9,3.0,3.6,167.6,155.9,1004.1,1004.1,-5.96,349.15,-0.02,32.4417,10.0507,487.0,47.1,1486.984, NAN, NAN, NAN, NAN,,2024/04/03 05:17:47.709,2024-04-03 05:17:47.709000+00:00
2024/04/03, 05:18:47.709,36.477,-74.78,11.02,206.64,207.99,11.1,13.7,13.8,1002.0,1001.9,0.0,0.0,11.85,10.06,350,345,8.1,8.3,95.8,95.9,2.8,3.3,172.3,161.9,1004.1,1004.0,-6.04,347.92,-0.01,32.4398,10.0595,458.4,47.0,1487.014, NAN, NAN, NAN, NAN,,2024/04/03 05:18:47.709,2024-04-03 05:18:47.709000+00:00
2024/04/03, 05:19:47.709,36.474,-74.782,11.05,205.67,210.71,11.48,13.7,13.7,1002.0,1001.9,0.0,0.0,11.85,10.06,350,345,8.0,8.2,96.2,96.2,2.6,3.2,164.8,155.2,1004.1,1004.0,-6.1,347.64,-0.02,32.4415,10.058,437.9,47.1,1487.01, NAN, NAN, NAN, NAN,,2024/04/03 05:19:47.709,2024-04-03 05:19:47.709000+00:00
2024/04/03, 05:20:47.709,36.471,-74.784,11.1,205.14,207.82,11.63,13.6,13.6,1002.1,1002.0,0.0,0.0,11.85,10.06,352,346,8.1,8.0,96.5,96.5,2.4,2.8,172.5,155.3,1004.2,1004.1,-6.11,346.98,-0.02,32.4484,10.0231,437.9,47.1,1486.893, NAN, NAN, NAN, NAN,,2024/04/03 05:20:47.709,2024-04-03 05:20:47.709000+00:00
2024/04/03, 05:21:47.709,36.469,-74.786,10.85,204.71,206.23,11.27,13.6,13.6,1002.0,1001.8,0.0,0.0,11.85,10.06,353,347,8.2,8.0,96.5,96.4,2.6,2.8,178.2,160.2,1004.1,1003.9,-6.16,346.9,-0.02,32.4633,9.9594,449.7,46.6,1486.681, NAN, NAN, NAN, NAN,,2024/04/03 05:21:47.709,2024-04-03 05:21:47.709000+00:00
2024/04/03, 05:22:47.709,36.466,-74.787,10.95,205.16,205.62,11.49,13.4,13.5,1002.0,1002.0,0.0,0.0,11.85,10.06,352,347,8.0,7.9,96.7,96.6,2.3,2.6,174.4,159.0,1004.1,1004.1,-6.32,346.94,-0.02,32.4654,9.9083,458.4,47.1,1486.498, NAN, NAN, NAN, NAN,,2024/04/03 05:22:47.709,2024-04-03 05:22:47.709000+00:00
2024/04/03, 05:23:47.709,36.463,-74.789,10.95,207.03,209.24,11.53,13.4,13.4,1002.0,1001.9,0.0,0.0,11.85,10.06,354,348,8.5,8.3,97.1,96.9,2.7,2.9,185.1,166.8,1004.1,1004.0,-6.19,346.94,-0.02,32.478,9.8986,479.6,47.2,1486.478, NAN, NAN, NAN, NAN,,2024/04/03 05:23:47.709,2024-04-03 05:23:47.709000+00:00
2024/04/03, 05:24:47.709,36.46,-74.791,10.91,206.58,210.16,11.39,13.3,13.4,1002.0,1001.8,0.0,0.0,11.85,10.06,352,346,8.1,8.0,97.2,97.0,2.6,2.9,173.5,157.3,1004.1,1003.9,-6.21,346.74,-0.02,32.4918,9.9066,512.1,46.9,1486.524, NAN, NAN, NAN, NAN,,2024/04/03 05:24:47.709,2024-04-03 05:24:47.709000+00:00
2024/04/03, 05:25:47.709,36.457,-74.793,10.95,206.98,208.87,11.54,13.2,13.3,1002.0,1001.9,0.0,0.0,11.85,10.06,354,347,8.3,8.2,97.3,97.1,2.5,2.9,182.8,162.5,1004.1,1004.0,-6.29,346.98,-0.02,32.5012,9.8514,538.5,47.3,1486.335, NAN, NAN, NAN, NAN,,2024/04/03 05:25:47.709,2024-04-03 05:25:47.709000+00:00
2024/04/03, 05:26:47.709,36.454,-74.795,11.05,207.41,204.92,11.41,13.2,13.2,1001.8,1001.8,0.0,0.0,11.85,10.06,352,346,8.3,8.2,97.5,97.4,2.6,2.9,181.9,164.4,1003.9,1003.9,-6.24,346.81,-0.02,32.5096,9.8156,549.6,47.3,1486.216, NAN, NAN, NAN, NAN,,2024/04/03 05:26:47.709,2024-04-03 05:26:47.709000+00:00
2024/04/03, 05:27:47.709,36.452,-74.796,11.03,206.65,208.0,11.59,13.1,13.1,1001.8,1001.8,0.0,0.0,11.85,10.06,354,347,8.3,8.3,97.5,97.5,2.5,3.0,181.5,162.4,1003.9,1003.9,-6.23,346.64,-0.02,32.5213,9.7888,582.4,47.4,1486.133, NAN, NAN, NAN, NAN,,2024/04/03 05:27:47.709,2024-04-03 05:27:47.709000+00:00
2024/04/03, 05:28:47.709,36.449,-74.798,11.01,206.99,205.89,11.55,13.0,13.1,1001.6,1001.6,0.0,0.0,11.85,10.06,352,346,8.3,8.4,98.1,97.9,2.6,3.0,179.9,164.3,1003.7,1003.7,-6.2,346.86,-0.02,32.5355,9.7602,640.6,47.3,1486.046, NAN, NAN, NAN, NAN,,2024/04/03 05:28:47.709,2024-04-03 05:28:47.709000+00:00
2024/04/03, 05:29:47.709,36.446,-74.8,11.05,205.86,208.55,11.5,13.0,13.0,1001.7,1001.6,0.0,0.0,11.85,10.06,352,346,8.1,8.2,98.2,98.1,2.5,3.0,173.5,158.9,1003.8,1003.7,-6.11,346.24,-0.01,32.5479,9.763,667.5,47.5,1486.071, NAN, NAN, NAN, NAN,,2024/04/03 05:29:47.709,2024-04-03 05:29:47.709000+00:00
2024/04/03, 05:30:47.710,36.443,-74.802,10.99,206.8,207.52,11.3,12.9,13.0,1001.6,1001.5,0.0,0.0,11.85,10.06,351,345,8.2,8.2,98.3,98.1,2.7,3.1,174.2,159.3,1003.7,1003.6,-6.17,345.73,-0.01,32.561,9.7629,661.4,47.3,1486.087, NAN, NAN, NAN, NAN,,2024/04/03 05:30:47.710,2024-04-03 05:30:47.710000+00:00
2024/04/03, 05:31:47.710,36.44,-74.804,11.04,207.35,206.44,11.35,12.9,13.0,1001.4,1001.3,0.0,0.0,11.85,10.06,351,346,8.5,8.4,98.8,98.6,2.9,3.1,178.8,165.2,1003.5,1003.4,-6.17,344.54,-0.01,32.5684,9.7432,646.8,47.5,1486.024, NAN, NAN, NAN, NAN,,2024/04/03 05:31:47.710,2024-04-03 05:31:47.710000+00:00
2024/04/03, 05:32:47.710,36.438,-74.806,10.93,206.22,209.66,11.52,12.9,12.9,1001.4,1001.3,0.0,0.0,11.85,10.06,354,348,8.3,8.3,98.8,98.6,2.6,3.0,180.4,164.1,1003.5,1003.4,-6.15,343.58,-0.02,32.5722,9.7182,638.8,47.6,1485.938, NAN, NAN, NAN, NAN,,2024/04/03 05:32:47.710,2024-04-03 05:32:47.710000+00:00
2024/04/03, 05:33:47.710,36.435,-74.808,10.85,206.15,208.7,11.37,12.9,12.9,1001.3,1001.4,0.0,0.0,11.85,10.06,353,347,8.9,9.1,99.0,98.6,3.3,3.8,182.1,169.0,1003.4,1003.5,-6.15,343.02,-0.01,32.5751,9.7202,631.5,47.3,1485.949, NAN, NAN, NAN, NAN,,2024/04/03 05:33:47.710,2024-04-03 05:33:47.710000+00:00
2024/04/03, 05:34:47.710,36.432,-74.81,10.82,206.7,208.2,11.29,12.8,12.9,1001.3,1001.3,0.0,0.0,11.85,10.06,354,347,8.3,8.1,99.1,98.7,2.6,2.8,185.1,164.1,1003.4,1003.4,-6.09,341.63,-0.02,32.5773,9.8255,640.1,47.2,1486.334, NAN, NAN, NAN, NAN,,2024/04/03 05:34:47.710,2024-04-03 05:34:47.710000+00:00
2024/04/03, 05:35:47.710,36.429,-74.811,10.92,207.29,208.9,11.2,12.7,12.7,1001.3,1001.3,0.0,0.0,11.85,10.06,354,347,8.7,8.6,98.6,98.2,3.1,3.4,187.0,168.7,1003.4,1003.4,-6.1,341.93,-0.01,32.575,9.9088,673.9,47.4,1486.633, NAN, NAN, NAN, NAN,,2024/04/03 05:35:47.710,2024-04-03 05:35:47.710000+00:00
2024/04/03, 05:36:47.710,36.426,-74.813,10.9,207.62,209.75,11.43,12.7,12.8,1001.3,1001.3,0.0,0.0,11.85,10.06,355,349,9.3,8.9,99.5,99.4,3.5,3.4,191.1,174.2,1003.4,1003.4,-6.08,342.79,-0.02,32.5788,9.9687,664.8,47.4,1486.855, NAN, NAN, NAN, NAN,,2024/04/03 05:36:47.710,2024-04-03 05:36:47.710000+00:00
2024/04/03, 05:37:47.710,36.424,-74.815,10.84,206.59,206.68,11.55,12.6,12.6,1001.3,1001.3,0.0,0.0,11.85,10.06,355,348,8.9,8.7,98.6,98.3,3.0,3.2,191.4,171.2,1003.4,1003.4,-6.05,341.83,-0.02,32.5755,9.9944,627.0,47.3,1486.944, NAN, NAN, NAN, NAN,,2024/04/03 05:37:47.710,2024-04-03 05:37:47.710000+00:00
2024/04/03, 05:38:47.710,36.421,-74.817,10.77,207.29,206.62,11.02,12.7,12.7,1001.3,1001.1,0.0,0.0,11.85,10.06,356,351,11.3,11.1,100.0,100.0,5.7,5.6,199.2,189.0,1003.4,1003.2,-6.24,349.05,-0.02,32.5665,10.0017,594.8,47.1,1486.959, NAN, NAN, NAN, NAN,,2024/04/03 05:38:47.710,2024-04-03 05:38:47.710000+00:00
2024/04/03, 05:39:47.710,36.418,-74.819,10.73,207.29,208.63,10.86,13.1,13.1,1001.2,1001.2,0.0,0.0,11.85,10.06,358,352,11.9,11.7,100.0,100.0,6.3,6.3,202.5,191.2,1003.3,1003.3,-6.29,351.41,-0.02,32.5531,9.9914,585.1,47.1,1486.906, NAN, NAN, NAN, NAN,,2024/04/03 05:39:47.710,2024-04-03 05:39:47.710000+00:00
2024/04/03, 05:40:47.710,36.415,-74.82,10.76,206.12,207.52,11.38,13.3,13.4,1001.2,1001.2,0.0,0.0,11.85,10.06,357,350,12.0,11.6,100.0,100.0,6.2,6.0,199.1,185.1,1003.3,1003.3,-5.97,352.54,-0.01,32.5368,9.9667,583.0,47.6,1486.796, NAN, NAN, NAN, NAN,,2024/04/03 05:40:47.710,2024-04-03 05:40:47.710000+00:00
2024/04/03, 05:41:47.710,36.413,-74.822,10.8,206.64,208.25,11.23,13.4,13.5,1001.2,1001.2,0.0,0.0,11.85,10.06,359,352,12.1,11.8,100.0,100.0,6.3,6.2,202.6,189.0,1003.3,1003.3,-5.76,354.89,-0.02,32.5265,9.9435,576.0,47.6,1486.7, NAN, NAN, NAN, NAN,,2024/04/03 05:41:47.710,2024-04-03 05:41:47.710000+00:00
2024/04/03, 05:42:47.710,36.41,-74.824,10.8,207.01,210.7,11.22,13.5,13.5,1001.3,1001.2,0.0,0.0,11.85,10.06,358,353,12.1,11.8,100.0,100.0,6.4,6.2,201.1,191.3,1003.4,1003.3,-5.64,356.23,-0.01,32.5179,9.929,580.9,47.6,1486.637, NAN, NAN, NAN, NAN,,2024/04/03 05:42:47.710,2024-04-03 05:42:47.710000+00:00
2024/04/03, 05:43:47.710,36.407,-74.826,10.61,206.98,205.74,10.82,13.5,13.6,1001.3,1001.2,0.0,0.0,11.85,10.06,0,354,11.9,11.7,100.0,100.0,6.3,6.2,206.3,195.0,1003.4,1003.3,-5.52,357.41,-0.01,32.516,9.9291,585.1,47.2,1486.635, NAN, NAN, NAN, NAN,,2024/04/03 05:43:47.710,2024-04-03 05:43:47.710000+00:00
2024/04/03, 05:44:47.710,36.404,-74.828,10.65,207.03,209.68,11.17,13.6,13.6,1001.4,1001.4,0.0,0.0,11.85,10.06,359,353,11.7,11.5,100.0,100.0,6.0,5.9,203.5,191.6,1003.5,1003.5,-5.48,356.9,-0.01,32.5165,9.9555,587.3,47.4,1486.731, NAN, NAN, NAN, NAN,,2024/04/03 05:44:47.710,2024-04-03 05:44:47.710000+00:00
2024/04/03, 05:45:47.711,36.402,-74.829,10.61,207.63,207.71,11.19,13.6,13.6,1001.3,1001.4,0.0,0.0,11.85,10.06,359,353,11.4,11.1,100.0,100.0,5.7,5.4,205.1,192.7,1003.4,1003.5,-5.42,354.79,-0.01,32.5239,9.9782,593.4,47.1,1486.822, NAN, NAN, NAN, NAN,,2024/04/03 05:45:47.711,2024-04-03 05:45:47.711000+00:00
2024/04/03, 05:46:47.711,36.399,-74.831,10.72,207.94,204.01,10.96,13.4,13.5,1001.3,1001.4,0.0,0.0,11.85,10.06,357,352,11.1,10.9,99.4,99.1,5.5,5.3,204.2,193.8,1003.4,1003.5,-5.28,352.89,-0.01,32.5342,9.9879,597.4,47.5,1486.87, NAN, NAN, NAN, NAN,,2024/04/03 05:46:47.711,2024-04-03 05:46:47.711000+00:00
2024/04/03, 05:47:47.711,36.396,-74.833,10.56,207.29,207.43,11.15,13.4,13.4,1001.4,1001.4,0.0,0.0,11.85,10.06,1,355,11.5,11.2,99.4,99.1,5.8,5.5,208.6,196.4,1003.5,1003.5,-5.38,351.97,-0.01,32.5537,9.9718,606.8,47.4,1486.835, NAN, NAN, NAN, NAN,,2024/04/03 05:47:47.711,2024-04-03 05:47:47.711000+00:00
2024/04/03, 05:48:47.711,36.393,-74.835,10.64,207.33,206.27,10.85,13.4,13.4,1001.3,1001.3,0.0,0.0,11.85,10.06,0,353,11.7,11.3,100.0,99.9,6.1,5.8,207.4,193.6,1003.4,1003.4,-5.47,350.77,-0.01,32.5733,9.9792,605.2,47.4,1486.886, NAN, NAN, NAN, NAN,,2024/04/03 05:48:47.711,2024-04-03 05:48:47.711000+00:00
2024/04/03, 05:49:47.711,36.391,-74.837,10.36,207.53,206.99,10.76,13.4,13.4,1001.4,1001.4,0.0,0.0,11.85,10.06,2,355,11.8,11.4,100.0,100.0,6.3,5.9,210.8,197.3,1003.5,1003.5,-5.66,349.96,-0.02,32.5876,10.009,620.0,46.8,1487.011, NAN, NAN, NAN, NAN,,2024/04/03 05:49:47.711,2024-04-03 05:49:47.711000+00:00
2024/04/03, 05:50:47.711,36.388,-74.838,10.36,207.16,208.91,10.86,13.4,13.4,1001.4,1001.2,0.0,0.0,11.85,10.06,1,355,11.7,11.2,100.0,100.0,6.1,5.7,208.2,196.3,1003.5,1003.3,-5.53,348.69,-0.01,32.5925,10.0392,630.7,46.9,1487.126, NAN, NAN, NAN, NAN,,2024/04/03 05:50:47.711,2024-04-03 05:50:47.711000+00:00
2024/04/03, 05:51:47.711,36.385,-74.84,10.45,207.33,207.7,10.94,13.4,13.4,1001.4,1001.5,0.0,0.0,11.85,10.06,0,354,11.6,11.2,100.0,99.9,6.0,5.6,207.0,195.0,1003.5,1003.6,-5.63,347.79,-0.01,32.5978,10.0446,629.1,46.9,1487.152, NAN, NAN, NAN, NAN,,2024/04/03 05:51:47.711,2024-04-03 05:51:47.711000+00:00
2024/04/03, 05:52:47.711,36.383,-74.842,10.58,207.73,212.87,11.43,13.3,13.4,1001.7,1001.6,0.0,0.0,11.85,10.06,0,354,12.0,11.7,100.0,99.7,6.1,6.0,204.8,192.8,1003.8,1003.7,-5.72,347.22,-0.01,32.6004,10.039,623.6,47.0,1487.135, NAN, NAN, NAN, NAN,,2024/04/03 05:52:47.711,2024-04-03 05:52:47.711000+00:00
2024/04/03, 05:53:47.711,36.38,-74.844,10.49,206.86,208.62,10.87,13.4,13.4,1001.3,1001.3,0.0,0.0,11.85,10.06,0,354,11.6,11.4,100.0,100.0,6.0,5.9,205.9,194.2,1003.4,1003.4,-5.71,347.63,-0.01,32.605,10.0232,614.2,46.4,1487.084, NAN, NAN, NAN, NAN,,2024/04/03 05:53:47.711,2024-04-03 05:53:47.711000+00:00
2024/04/03, 05:54:47.711,36.377,-74.845,10.44,206.9,207.52,11.07,13.4,13.4,1001.4,1001.4,0.0,0.0,11.85,10.06,0,354,11.8,11.5,100.0,100.0,6.1,5.9,206.2,194.4,1003.5,1003.5,-5.65,347.4,-0.02,32.6026,10.0085,609.6,47.1,1487.028, NAN, NAN, NAN, NAN,,2024/04/03 05:54:47.711,2024-04-03 05:54:47.711000+00:00
2024/04/03, 05:55:47.711,36.375,-74.847,10.53,207.23,208.9,11.0,13.4,13.4,1001.5,1001.3,0.0,0.0,11.85,10.06,1,354,11.9,11.5,100.0,100.0,6.2,5.9,208.2,194.5,1003.6,1003.4,-5.69,347.38,-0.02,32.6001,10.0026,611.6,47.0,1487.003, NAN, NAN, NAN, NAN,,2024/04/03 05:55:47.711,2024-04-03 05:55:47.711000+00:00
2024/04/03, 05:56:47.711,36.372,-74.849,10.74,207.48,209.69,11.26,13.4,13.4,1001.4,1001.4,0.0,0.0,11.85,10.06,2,355,12.1,11.7,100.0,100.0,6.3,6.0,210.5,196.7,1003.5,1003.5,-5.67,347.05,-0.01,32.5912,9.9991,621.4,47.7,1486.98, NAN, NAN, NAN, NAN,,2024/04/03 05:56:47.711,2024-04-03 05:56:47.711000+00:00
2024/04/03, 05:57:47.711,36.369,-74.851,10.56,207.18,204.3,11.14,13.4,13.4,1001.4,1001.3,0.0,0.0,11.85,10.06,1,356,11.7,11.4,100.0,100.0,6.0,5.7,210.7,200.8,1003.5,1003.4,-5.61,347.05,-0.02,32.5871,9.9792,633.1,46.9,1486.903, NAN, NAN, NAN, NAN,,2024/04/03 05:57:47.711,2024-04-03 05:57:47.711000+00:00
2024/04/03, 05:58:47.711,36.366,-74.852,10.69,207.32,207.75,11.13,13.4,13.4,1001.4,1001.3,0.0,0.0,11.85,10.06,3,357,11.3,10.9,100.0,100.0,5.6,5.2,213.3,200.9,1003.5,1003.4,-5.57,347.33,-0.02,32.5723,9.9556,619.3,47.6,1486.799, NAN, NAN, NAN, NAN,,2024/04/03 05:58:47.711,2024-04-03 05:58:47.711000+00:00
2024/04/03, 05:59:47.711,36.364,-74.854,10.39,207.05,207.88,10.73,13.4,13.4,1001.6,1001.5,0.0,0.0,11.85,10.06,4,357,11.0,10.7,100.0,100.0,5.5,5.2,215.3,201.1,1003.7,1003.6,-5.72,347.36,-0.02,32.5504,9.9664,605.9,46.8,1486.812, NAN, NAN, NAN, NAN,,2024/04/03 05:59:47.711,2024-04-03 05:59:47.711000+00:00
2024/04/03, 06:00:47.711,36.361,-74.856,10.22,206.3,208.04,10.8,13.4,13.4,1001.6,1001.4,0.0,0.0,11.85,10.06,3,357,10.6,10.4,100.0,100.0,5.1,4.9,211.3,198.5,1003.7,1003.5,-5.75,347.46,-0.01,32.5201,9.987,583.3,47.0,1486.85, NAN, NAN, NAN, NAN,,2024/04/03 06:00:47.711,2024-04-03 06:00:47.711000+00:00
2024/04/03, 06:01:47.712,36.358,-74.857,10.13,207.3,206.56,10.18,13.4,13.4,1001.6,1001.6,0.0,0.0,11.85,10.06,0,355,10.2,10.1,100.0,100.0,5.0,4.9,206.8,196.4,1003.7,1003.7,-5.7,347.44,-0.01,32.49,10.0109,556.6,46.7,1486.899, NAN, NAN, NAN, NAN,,2024/04/03 06:01:47.712,2024-04-03 06:01:47.712000+00:00
2024/04/03, 06:02:47.712,36.356,-74.859,10.11,207.1,206.31,10.53,13.4,13.4,1001.5,1001.3,0.0,0.0,11.85,10.06,359,353,10.2,9.8,100.0,100.0,4.8,4.5,204.7,191.4,1003.6,1003.4,-5.65,346.44,-0.02,32.4711,10.0289,552.9,46.4,1486.941, NAN, NAN, NAN, NAN,,2024/04/03 06:02:47.712,2024-04-03 06:02:47.712000+00:00
2024/04/03, 06:03:47.712,36.353,-74.861,10.38,207.35,209.73,10.56,13.3,13.3,1001.5,1001.3,0.0,0.0,11.85,10.06,358,351,10.3,10.0,100.0,100.0,4.9,4.8,200.8,185.7,1003.6,1003.4,-5.59,345.8,-0.01,32.4482,10.042,529.4,47.1,1486.961, NAN, NAN, NAN, NAN,,2024/04/03 06:03:47.712,2024-04-03 06:03:47.712000+00:00
2024/04/03, 06:04:47.712,36.35,-74.862,10.16,206.58,206.13,10.86,13.2,13.2,1001.5,1001.4,0.0,0.0,11.85,10.06,357,350,10.0,9.7,100.0,99.8,4.4,4.3,199.9,183.7,1003.6,1003.5,-5.67,345.85,-0.01,32.436,10.0462,512.6,46.5,1486.961, NAN, NAN, NAN, NAN,,2024/04/03 06:04:47.712,2024-04-03 06:04:47.712000+00:00
2024/04/03, 06:05:47.712,36.348,-74.864,10.51,208.29,208.44,10.55,13.1,13.2,1001.8,1001.7,0.0,0.0,11.85,10.06,356,350,10.3,10.0,100.0,100.0,4.9,4.8,199.9,186.9,1003.9,1003.8,-5.79,345.82,-0.02,32.4117,10.0411,499.0,47.2,1486.913, NAN, NAN, NAN, NAN,,2024/04/03 06:05:47.712,2024-04-03 06:05:47.712000+00:00
2024/04/03, 06:06:47.712,36.345,-74.866,10.45,206.31,209.42,11.17,13.1,13.2,1001.6,1001.4,0.0,0.0,11.85,10.06,357,351,10.4,10.1,100.0,100.0,4.7,4.6,197.1,183.4,1003.7,1003.5,-5.85,346.45,-0.01,32.4068,10.0155,495.6,47.2,1486.815, NAN, NAN, NAN, NAN,,2024/04/03 06:06:47.712,2024-04-03 06:06:47.712000+00:00
2024/04/03, 06:07:47.712,36.342,-74.868,10.64,206.75,207.2,11.11,13.1,13.2,1001.5,1001.6,0.0,0.0,11.85,10.06,358,352,10.7,10.3,100.0,100.0,5.0,4.7,202.0,188.5,1003.6,1003.7,-5.86,346.97,-0.01,32.4016,9.9835,496.8,47.5,1486.693, NAN, NAN, NAN, NAN,,2024/04/03 06:07:47.712,2024-04-03 06:07:47.712000+00:00
2024/04/03, 06:08:47.712,36.34,-74.869,10.54,206.5,209.05,10.87,13.2,13.2,1001.6,1001.6,0.0,0.0,11.85,10.06,358,351,10.4,10.2,100.0,100.0,4.8,4.8,200.6,185.4,1003.7,1003.7,-5.85,347.3,-0.02,32.4003,9.9488,499.0,47.1,1486.566, NAN, NAN, NAN, NAN,,2024/04/03 06:08:47.712,2024-04-03 06:08:47.712000+00:00
2024/04/03, 06:09:47.712,36.337,-74.871,10.49,207.14,206.56,10.87,13.1,13.2,1001.6,1001.6,0.0,0.0,11.85,10.06,357,351,10.0,9.8,100.0,100.0,4.4,4.4,200.8,187.0,1003.7,1003.7,-5.75,346.57,-0.02,32.4021,9.8813,506.5,47.1,1486.323, NAN, NAN, NAN, NAN,,2024/04/03 06:09:47.712,2024-04-03 06:09:47.712000+00:00
2024/04/03, 06:10:47.712,36.334,-74.873,10.46,206.26,205.83,10.98,13.1,13.1,1001.6,1001.6,0.0,0.0,11.85,10.06,357,352,9.8,9.9,100.0,100.0,4.2,4.4,199.1,187.9,1003.7,1003.7,-5.76,346.57,-0.02,32.4052,9.7966,518.5,47.1,1486.02, NAN, NAN, NAN, NAN,,2024/04/03 06:10:47.712,2024-04-03 06:10:47.712000+00:00
2024/04/03, 06:11:47.712,36.332,-74.875,10.45,206.86,207.4,11.2,13.0,13.0,1001.5,1001.6,0.0,0.0,11.85,10.06,359,353,10.1,9.9,100.0,100.0,4.3,4.3,203.6,189.4,1003.6,1003.7,-5.85,347.32,-0.01,32.4085,9.7497,522.7,47.5,1485.853, NAN, NAN, NAN, NAN,,2024/04/03 06:11:47.712,2024-04-03 06:11:47.712000+00:00
2024/04/03, 06:12:47.712,36.329,-74.876,10.5,206.83,205.29,11.06,13.0,13.0,1001.4,1001.5,0.0,0.0,11.85,10.06,359,353,10.2,9.8,100.0,100.0,4.5,4.2,204.9,190.7,1003.5,1003.6,-5.84,347.59,-0.02,32.4123,9.7133,540.4,47.1,1485.725, NAN, NAN, NAN, NAN,,2024/04/03 06:12:47.712,2024-04-03 06:12:47.712000+00:00
2024/04/03, 06:13:47.712,36.326,-74.878,10.66,206.8,208.37,10.91,12.9,13.0,1001.5,1001.4,0.0,0.0,11.85,10.06,0,354,10.2,9.8,100.0,100.0,4.6,4.3,205.3,191.4,1003.6,1003.5,-5.75,348.38,-0.02,32.4149,9.7014,553.2,47.8,1485.685, NAN, NAN, NAN, NAN,,2024/04/03 06:13:47.712,2024-04-03 06:13:47.712000+00:00
2024/04/03, 06:14:47.712,36.323,-74.88,10.4,206.8,206.76,10.78,12.9,12.9,1001.8,1001.6,0.0,0.0,11.85,10.06,0,354,10.1,10.0,100.0,100.0,4.6,4.5,205.9,192.6,1003.9,1003.7,-5.84,348.55,-0.02,32.4175,9.7091,538.8,47.2,1485.716, NAN, NAN, NAN, NAN,,2024/04/03 06:14:47.712,2024-04-03 06:14:47.712000+00:00
2024/04/03, 06:15:47.712,36.321,-74.881,10.47,206.93,207.84,10.85,12.9,12.9,1001.4,1001.4,0.0,0.0,11.85,10.06,2,355,10.3,9.9,100.0,100.0,4.7,4.4,211.0,195.2,1003.5,1003.5,-5.86,349.43,-0.02,32.4146,9.7138,510.8,47.0,1485.73, NAN, NAN, NAN, NAN,,2024/04/03 06:15:47.712,2024-04-03 06:15:47.712000+00:00
2024/04/03, 06:16:47.713,36.318,-74.883,10.53,207.33,208.7,10.97,12.9,12.9,1001.5,1001.6,0.0,0.0,11.85,10.06,3,357,10.9,10.6,100.0,100.0,5.3,5.0,212.3,199.6,1003.6,1003.7,-5.9,349.98,-0.01,32.4034,9.7117,497.1,47.4,1485.709, NAN, NAN, NAN, NAN,,2024/04/03 06:16:47.713,2024-04-03 06:16:47.713000+00:00
2024/04/03, 06:17:47.713,36.315,-74.885,10.69,207.09,205.04,11.01,13.0,12.9,1001.5,1001.4,0.0,0.0,11.85,10.06,4,358,11.1,10.6,100.0,100.0,5.5,4.9,215.6,203.2,1003.6,1003.5,-5.75,349.71,-0.02,32.4145,9.8051,507.8,47.3,1486.062, NAN, NAN, NAN, NAN,,2024/04/03 06:17:47.713,2024-04-03 06:17:47.713000+00:00
2024/04/03, 06:18:47.713,36.313,-74.887,10.37,207.44,207.64,10.71,12.9,12.9,1001.5,1001.3,0.0,0.0,11.85,10.06,4,357,10.8,10.3,100.0,100.0,5.3,4.8,216.2,201.7,1003.6,1003.4,-5.64,350.11,-0.02,32.4239,10.0156,525.4,46.5,1486.836, NAN, NAN, NAN, NAN,,2024/04/03 06:18:47.713,2024-04-03 06:18:47.713000+00:00
2024/04/03, 06:19:47.713,36.31,-74.888,10.41,206.93,209.48,11.04,12.9,12.9,1001.6,1001.6,0.0,0.0,11.85,10.06,5,359,11.1,10.9,100.0,100.0,5.4,5.2,215.6,203.3,1003.7,1003.7,-5.7,350.16,-0.02,32.4416,10.1505,521.2,47.2,1487.344, NAN, NAN, NAN, NAN,,2024/04/03 06:19:47.713,2024-04-03 06:19:47.713000+00:00
2024/04/03, 06:20:47.713,36.308,-74.89,10.59,207.28,208.67,10.93,12.9,12.9,1001.3,1001.3,0.0,0.0,11.85,10.06,5,359,11.2,11.0,100.0,100.0,5.6,5.4,217.3,205.2,1003.4,1003.4,-5.75,350.64,-0.02,32.5025,10.2534,496.4,47.3,1487.788, NAN, NAN, NAN, NAN,,2024/04/03 06:20:47.713,2024-04-03 06:20:47.713000+00:00
2024/04/03, 06:21:47.713,36.305,-74.892,10.23,206.78,207.07,10.37,12.9,13.0,1001.3,1001.3,0.0,0.0,11.85,10.06,6,0,11.5,11.0,100.0,100.0,6.2,5.7,217.6,206.4,1003.4,1003.4,-5.71,351.48,-0.02,32.5654,10.2811,470.8,46.7,1487.964, NAN, NAN, NAN, NAN,,2024/04/03 06:21:47.713,2024-04-03 06:21:47.713000+00:00
2024/04/03, 06:22:47.713,36.302,-74.893,10.61,207.0,207.73,10.86,13.0,13.0,1001.3,1001.3,0.0,0.0,11.85,10.06,6,0,11.6,11.2,100.0,100.0,6.1,5.6,218.8,207.3,1003.4,1003.4,-5.7,352.53,-0.02,32.6056,10.2599,425.1,47.6,1487.936, NAN, NAN, NAN, NAN,,2024/04/03 06:22:47.713,2024-04-03 06:22:47.713000+00:00
2024/04/03, 06:23:47.713,36.3,-74.895,10.25,207.87,207.43,10.38,13.1,13.1,1001.3,1001.4,0.0,0.0,11.85,10.06,7,0,11.7,11.3,100.0,100.0,6.4,6.0,220.4,207.6,1003.4,1003.5,-5.76,352.76,-0.02,32.6253,10.2122,409.2,46.6,1487.789, NAN, NAN, NAN, NAN,,2024/04/03 06:23:47.713,2024-04-03 06:23:47.713000+00:00
2024/04/03, 06:24:47.713,36.297,-74.897,10.43,207.22,208.49,10.67,13.1,13.1,1001.1,1001.3,0.0,0.0,11.85,10.06,5,0,11.8,11.6,100.0,100.0,6.3,6.1,216.0,206.7,1003.2,1003.4,-5.72,353.99,-0.02,32.6253,10.1805,377.4,47.5,1487.675, NAN, NAN, NAN, NAN,,2024/04/03 06:24:47.713,2024-04-03 06:24:47.713000+00:00
2024/04/03, 06:25:47.713,36.294,-74.898,10.31,206.75,206.77,10.75,13.1,13.2,1001.2,1001.3,0.0,0.0,11.85,10.06,8,2,12.1,11.9,100.0,100.0,6.7,6.4,221.6,210.7,1003.3,1003.4,-5.75,354.99,-0.02,32.6223,10.1527,365.1,47.4,1487.571, NAN, NAN, NAN, NAN,,2024/04/03 06:25:47.713,2024-04-03 06:25:47.713000+00:00
2024/04/03, 06:26:47.713,36.292,-74.9,10.43,207.59,209.1,10.45,13.3,13.3,1001.3,1001.2,0.0,0.0,11.85,10.06,7,1,12.2,11.9,100.0,100.0,6.9,6.5,219.1,208.4,1003.4,1003.3,-5.85,356.81,-0.02,32.6148,10.1272,364.4,47.3,1487.471, NAN, NAN, NAN, NAN,,2024/04/03 06:26:47.713,2024-04-03 06:26:47.713000+00:00
2024/04/03, 06:27:47.713,36.289,-74.902,10.24,206.54,206.74,10.37,13.4,13.4,1001.0,1001.3,0.0,0.0,11.85,10.06,8,2,12.2,11.8,100.0,100.0,7.0,6.5,221.4,211.0,1003.1,1003.4,-5.81,359.1,-0.01,32.6107,10.0928,373.9,47.0,1487.342, NAN, NAN, NAN, NAN,,2024/04/03 06:27:47.713,2024-04-03 06:27:47.713000+00:00
2024/04/03, 06:28:47.713,36.287,-74.904,10.14,205.95,208.82,10.26,13.5,13.5,1001.0,1001.3,0.0,0.0,11.85,10.06,7,2,11.9,11.7,100.0,100.0,6.6,6.4,216.0,207.0,1003.1,1003.4,-5.91,361.63,-0.02,32.6068,10.0692,381.1,47.0,1487.252, NAN, NAN, NAN, NAN,,2024/04/03 06:28:47.713,2024-04-03 06:28:47.713000+00:00
2024/04/03, 06:29:47.713,36.284,-74.905,9.94,207.25,207.42,10.13,13.6,13.6,1001.2,1001.2,0.0,0.0,11.85,10.06,9,3,12.1,11.6,100.0,100.0,7.0,6.4,223.0,212.7,1003.3,1003.3,-5.8,364.44,-0.02,32.6048,10.0669,395.8,46.8,1487.241, NAN, NAN, NAN, NAN,,2024/04/03 06:29:47.713,2024-04-03 06:29:47.713000+00:00
2024/04/03, 06:30:47.713,36.282,-74.907,10.22,207.04,206.67,10.3,13.6,13.7,1001.2,1001.2,0.0,0.0,11.85,10.06,8,2,11.9,11.5,100.0,100.0,6.7,6.2,220.9,210.3,1003.3,1003.3,-5.68,366.28,-0.01,32.6052,10.0871,395.5,47.0,1487.314, NAN, NAN, NAN, NAN,,2024/04/03 06:30:47.713,2024-04-03 06:30:47.713000+00:00
2024/04/03, 06:31:47.713,36.279,-74.908,9.9,206.69,206.67,10.21,13.7,13.7,1001.0,1001.2,0.0,0.0,11.85,10.06,7,2,11.2,11.0,100.0,100.0,6.0,5.8,218.7,209.4,1003.1,1003.3,-5.54,366.66,-0.01,32.6155,10.1113,394.8,46.5,1487.414, NAN, NAN, NAN, NAN,,2024/04/03 06:31:47.713,2024-04-03 06:31:47.713000+00:00
2024/04/03, 06:32:47.714,36.277,-74.91,9.73,206.93,206.58,10.41,13.6,13.6,1001.2,1001.1,0.0,0.0,11.85,10.06,7,1,11.0,10.6,100.0,100.0,5.7,5.3,220.4,208.9,1003.3,1003.2,-5.44,366.71,-0.01,32.6148,10.1127,392.4,46.7,1487.418, NAN, NAN, NAN, NAN,,2024/04/03 06:32:47.714,2024-04-03 06:32:47.714000+00:00
2024/04/03, 06:33:47.714,36.274,-74.912,10.05,206.91,206.81,10.57,13.5,13.5,1001.2,1001.2,0.0,0.0,11.85,10.06,8,2,11.4,10.9,100.0,100.0,6.1,5.5,221.6,210.4,1003.3,1003.3,-5.37,366.65,-0.02,32.618,10.1008,391.5,47.0,1487.379, NAN, NAN, NAN, NAN,,2024/04/03 06:33:47.714,2024-04-03 06:33:47.714000+00:00
2024/04/03, 06:34:47.714,36.272,-74.913,10.14,207.0,205.15,10.67,13.4,13.5,1001.0,1001.2,0.0,0.0,11.85,10.06,6,0,10.9,10.6,100.0,100.0,5.5,5.1,219.1,207.1,1003.1,1003.3,-5.31,366.82,-0.02,32.6056,10.1158,389.4,46.9,1487.418, NAN, NAN, NAN, NAN,,2024/04/03 06:34:47.714,2024-04-03 06:34:47.714000+00:00
2024/04/03, 06:35:47.714,36.269,-74.915,10.25,207.46,204.83,10.28,13.4,13.5,1001.0,1001.0,0.0,0.0,11.85,10.06,6,0,10.6,10.5,100.0,100.0,5.4,5.2,219.9,208.0,1003.1,1003.1,-5.25,367.61,-0.02,32.6138,10.1094,395.2,46.9,1487.405, NAN, NAN, NAN, NAN,,2024/04/03 06:35:47.714,2024-04-03 06:35:47.714000+00:00
2024/04/03, 06:36:47.714,36.267,-74.917,10.17,208.26,211.76,9.94,13.4,13.4,1001.1,1001.1,0.0,0.0,11.85,10.06,8,1,10.9,10.7,100.0,100.0,5.9,5.6,223.2,210.1,1003.2,1003.2,-5.31,367.06,-0.02,32.6174,10.1126,395.2,47.1,1487.421, NAN, NAN, NAN, NAN,,2024/04/03 06:36:47.714,2024-04-03 06:36:47.714000+00:00
2024/04/03, 06:37:47.714,36.264,-74.918,10.01,206.93,210.95,9.96,13.4,13.4,1001.0,1001.0,0.0,0.0,11.85,10.06,8,2,10.7,10.4,100.0,100.0,5.6,5.3,220.1,208.6,1003.1,1003.1,-5.35,368.83,-0.02,32.6237,10.1312,408.3,44.6,1487.496, NAN, NAN, NAN, NAN,,2024/04/03 06:37:47.714,2024-04-03 06:37:47.714000+00:00
2024/04/03, 06:38:47.714,36.261,-74.92,10.19,207.61,203.54,10.38,13.4,13.4,1000.9,1001.0,0.0,0.0,11.85,10.06,7,1,10.6,10.3,100.0,100.0,5.4,5.0,222.6,210.8,1003.0,1003.1,-5.42,366.98,-0.02,32.62,10.1562,425.7,47.1,1487.581, NAN, NAN, NAN, NAN,,2024/04/03 06:38:47.714,2024-04-03 06:38:47.714000+00:00
2024/04/03, 06:39:47.714,36.259,-74.921,10.22,208.01,208.2,10.1,13.4,13.4,1001.0,1001.0,0.0,0.0,11.85,10.06,9,3,11.1,10.8,100.0,100.0,6.0,5.6,224.7,213.7,1003.1,1003.1,-5.37,365.32,-0.02,32.6189,10.176,440.3,47.2,1487.651, NAN, NAN, NAN, NAN,,2024/04/03 06:39:47.714,2024-04-03 06:39:47.714000+00:00
2024/04/03, 06:40:47.714,36.256,-74.923,9.99,207.49,207.27,10.01,13.4,13.4,1001.0,1001.2,0.0,0.0,11.85,10.06,7,2,10.9,10.6,100.0,100.0,5.8,5.5,221.2,211.9,1003.1,1003.3,-5.43,363.66,-0.01,32.6148,10.1539,456.4,46.7,1487.567, NAN, NAN, NAN, NAN,,2024/04/03 06:40:47.714,2024-04-03 06:40:47.714000+00:00
2024/04/03, 06:41:47.714,36.254,-74.925,9.84,207.6,205.02,10.24,13.4,13.4,1001.3,1000.9,0.0,0.0,11.85,10.06,9,3,11.2,10.9,100.0,100.0,6.1,5.7,225.4,214.5,1003.4,1003.0,-5.44,363.48,-0.02,32.6118,10.1246,456.0,46.9,1487.457, NAN, NAN, NAN, NAN,,2024/04/03 06:41:47.714,2024-04-03 06:41:47.714000+00:00
2024/04/03, 06:42:47.714,36.251,-74.926,9.92,206.73,206.86,10.07,13.4,13.4,1001.3,1001.0,0.0,0.0,11.85,10.06,8,2,10.9,10.6,100.0,100.0,5.8,5.4,221.8,210.6,1003.4,1003.1,-5.45,362.77,-0.01,32.5992,10.0919,472.4,46.9,1487.324, NAN, NAN, NAN, NAN,,2024/04/03 06:42:47.714,2024-04-03 06:42:47.714000+00:00
2024/04/03, 06:43:47.714,36.249,-74.928,10.28,206.98,209.14,10.66,13.4,13.4,1001.2,1001.0,0.0,0.0,11.85,10.06,9,3,11.1,10.9,100.0,100.0,5.7,5.4,223.4,211.8,1003.3,1003.1,-5.5,363.11,-0.01,32.585,10.0941,492.8,47.5,1487.315, NAN, NAN, NAN, NAN,,2024/04/03 06:43:47.714,2024-04-03 06:43:47.714000+00:00
2024/04/03, 06:44:47.714,36.246,-74.929,9.88,206.17,205.73,10.06,13.4,13.4,1001.0,1001.3,0.0,0.0,11.85,10.06,9,3,10.6,10.4,100.0,100.0,5.6,5.3,224.5,213.2,1003.1,1003.4,-5.41,364.4,-0.02,32.5782,10.1481,505.9,46.5,1487.501, NAN, NAN, NAN, NAN,,2024/04/03 06:44:47.714,2024-04-03 06:44:47.714000+00:00
2024/04/03, 06:45:47.714,36.244,-74.931,10.02,207.31,202.92,10.27,13.4,13.4,1001.2,1001.2,0.0,0.0,11.85,10.06,8,3,10.2,10.3,100.0,100.0,5.1,5.0,224.7,214.5,1003.3,1003.3,-5.41,365.43,-0.02,32.5656,10.2228,510.5,46.8,1487.755, NAN, NAN, NAN, NAN,,2024/04/03 06:45:47.714,2024-04-03 06:45:47.714000+00:00
2024/04/03, 06:46:47.714,36.241,-74.933,9.8,207.21,210.07,9.59,13.3,13.4,1001.0,1001.1,0.0,0.0,11.85,10.06,8,2,10.5,10.2,100.0,100.0,5.6,5.3,221.5,210.3,1003.1,1003.2,-5.48,366.93,-0.02,32.5673,10.2573,498.7,46.6,1487.881, NAN, NAN, NAN, NAN,,2024/04/03 06:46:47.714,2024-04-03 06:46:47.714000+00:00
2024/04/03, 06:47:47.715,36.239,-74.934,10.14,207.58,210.44,10.08,13.3,13.3,1001.0,1001.0,0.0,0.0,11.85,10.06,8,2,10.7,10.4,100.0,100.0,5.6,5.2,222.9,211.4,1003.1,1003.1,-5.43,366.92,-0.02,32.5598,10.2765,476.9,47.6,1487.941, NAN, NAN, NAN, NAN,,2024/04/03 06:47:47.715,2024-04-03 06:47:47.715000+00:00
2024/04/03, 06:48:47.715,36.236,-74.936,10.45,206.54,207.39,10.61,13.3,13.3,1001.1,1001.0,0.0,0.0,11.85,10.06,7,1,10.8,10.2,100.0,100.0,5.4,4.7,220.1,208.2,1003.2,1003.1,-5.4,366.98,-0.02,32.5553,10.287,455.3,47.7,1487.973, NAN, NAN, NAN, NAN,,2024/04/03 06:48:47.715,2024-04-03 06:48:47.715000+00:00
2024/04/03, 06:49:47.715,36.234,-74.937,10.41,207.63,205.8,10.48,13.2,13.3,1000.9,1001.0,0.0,0.0,11.85,10.06,8,1,10.8,10.4,100.0,100.0,5.6,5.0,225.2,211.8,1003.0,1003.1,-5.27,366.42,-0.01,32.5504,10.2758,441.6,47.0,1487.927, NAN, NAN, NAN, NAN,,2024/04/03 06:49:47.715,2024-04-03 06:49:47.715000+00:00
2024/04/03, 06:50:47.715,36.231,-74.939,10.3,207.25,208.23,10.51,13.2,13.3,1000.8,1000.9,0.0,0.0,11.85,10.06,7,2,11.2,11.0,100.0,100.0,5.9,5.6,220.0,210.5,1002.9,1003.0,-5.44,366.62,-0.02,32.5429,10.2472,431.5,47.1,1487.815, NAN, NAN, NAN, NAN,,2024/04/03 06:50:47.715,2024-04-03 06:50:47.715000+00:00
2024/04/03, 06:51:47.715,36.229,-74.941,10.1,206.72,206.54,10.16,13.3,13.4,1000.8,1001.0,0.0,0.0,11.85,10.06,8,2,11.3,10.9,100.0,100.0,6.2,5.7,221.4,210.5,1002.9,1003.1,-5.51,367.73,-0.01,32.5354,10.228,419.0,46.4,1487.737, NAN, NAN, NAN, NAN,,2024/04/03 06:51:47.715,2024-04-03 06:51:47.715000+00:00
2024/04/03, 06:52:47.715,36.226,-74.942,10.41,207.66,209.73,10.46,13.4,13.4,1000.8,1000.9,0.0,0.0,11.85,10.06,4,359,11.6,11.6,100.0,100.0,6.2,6.2,215.0,205.7,1002.9,1003.0,-5.61,369.19,-0.02,32.5154,10.2199,414.4,47.3,1487.683, NAN, NAN, NAN, NAN,,2024/04/03 06:52:47.715,2024-04-03 06:52:47.715000+00:00
2024/04/03, 06:53:47.715,36.223,-74.944,10.45,205.78,205.25,10.32,13.5,13.5,1000.6,1000.6,0.0,0.0,11.85,10.06,4,359,11.6,11.6,100.0,100.0,6.3,6.3,212.4,203.2,1002.7,1002.7,-5.58,370.46,-0.02,32.5058,10.2145,422.0,46.8,1487.652, NAN, NAN, NAN, NAN,,2024/04/03 06:53:47.715,2024-04-03 06:53:47.715000+00:00
2024/04/03, 06:54:47.715,36.221,-74.945,9.97,206.95,205.5,9.75,13.6,13.6,1000.6,1000.4,0.0,0.0,11.85,10.06,5,0,11.7,11.4,100.0,100.0,6.7,6.4,216.1,207.4,1002.7,1002.5,-5.57,371.44,-0.02,32.4929,10.1974,410.7,46.3,1487.575, NAN, NAN, NAN, NAN,,2024/04/03 06:54:47.715,2024-04-03 06:54:47.715000+00:00
2024/04/03, 06:55:47.715,36.218,-74.947,10.34,207.13,205.14,10.63,13.6,13.6,1000.4,1000.5,0.0,0.0,11.85,10.06,4,358,11.7,11.3,100.0,100.0,6.3,5.8,215.6,204.3,1002.5,1002.6,-5.63,371.9,-0.01,32.4836,10.1971,411.6,47.3,1487.563, NAN, NAN, NAN, NAN,,2024/04/03 06:55:47.715,2024-04-03 06:55:47.715000+00:00
2024/04/03, 06:56:47.715,36.216,-74.949,10.11,207.12,205.64,10.08,13.6,13.6,1000.4,1000.5,0.0,0.0,11.85,10.06,3,357,11.7,11.5,100.0,100.0,6.5,6.3,213.7,202.9,1002.5,1002.6,-5.52,371.96,-0.01,32.4825,10.2156,412.3,46.4,1487.628, NAN, NAN, NAN, NAN,,2024/04/03 06:56:47.715,2024-04-03 06:56:47.715000+00:00
2024/04/03, 06:57:47.715,36.213,-74.95,10.33,207.57,208.6,10.17,13.6,13.6,1000.5,1000.5,0.0,0.0,11.85,10.06,4,358,11.7,11.6,100.0,100.0,6.5,6.4,215.2,204.4,1002.6,1002.6,-5.57,372.06,-0.01,32.4834,10.2341,420.8,47.3,1487.696, NAN, NAN, NAN, NAN,,2024/04/03 06:57:47.715,2024-04-03 06:57:47.715000+00:00
2024/04/03, 06:58:47.715,36.211,-74.952,10.03,206.48,205.84,9.83,13.6,13.6,1000.4,1000.6,0.0,0.0,11.85,10.06,3,357,11.1,10.8,100.0,100.0,6.1,5.8,212.9,201.8,1002.5,1002.7,-5.37,372.14,-0.02,32.4865,10.2628,423.2,45.9,1487.802, NAN, NAN, NAN, NAN,,2024/04/03 06:58:47.715,2024-04-03 06:58:47.715000+00:00
2024/04/03, 06:59:47.715,36.208,-74.953,10.11,207.65,209.4,10.01,13.5,13.6,1000.2,1000.4,0.0,0.0,11.85,10.06,2,357,11.7,11.3,100.0,100.0,6.6,6.2,210.6,201.5,1002.3,1002.5,-5.4,371.76,-0.01,32.4805,10.2817,416.0,47.1,1487.863, NAN, NAN, NAN, NAN,,2024/04/03 06:59:47.715,2024-04-03 06:59:47.715000+00:00
2024/04/03, 07:00:47.715,36.206,-74.955,10.18,206.47,206.58,10.21,13.6,13.6,1000.5,1000.1,0.0,0.0,11.85,10.06,1,356,11.6,11.4,100.0,100.0,6.4,6.2,208.5,199.3,1002.6,1002.2,-5.4,371.82,-0.01,32.4785,10.2809,419.6,46.4,1487.858, NAN, NAN, NAN, NAN,,2024/04/03 07:00:47.715,2024-04-03 07:00:47.715000+00:00
2024/04/03, 07:01:47.715,36.203,-74.956,10.09,207.08,209.15,9.94,13.6,13.6,1000.1,1000.1,0.0,0.0,11.85,10.06,2,356,11.8,11.5,100.0,100.0,6.7,6.4,210.7,200.0,1002.2,1002.2,-5.45,370.72,-0.01,32.4794,10.2657,414.7,46.9,1487.804, NAN, NAN, NAN, NAN,,2024/04/03 07:01:47.715,2024-04-03 07:01:47.715000+00:00
2024/04/03, 07:02:47.716,36.201,-74.958,10.29,207.49,208.54,10.13,13.6,13.6,1000.3,1000.2,0.0,0.0,11.85,10.06,2,356,11.8,11.6,100.0,100.0,6.6,6.4,210.7,199.9,1002.4,1002.3,-5.4,370.24,-0.01,32.4764,10.2425,411.3,47.1,1487.717, NAN, NAN, NAN, NAN,,2024/04/03 07:02:47.716,2024-04-03 07:02:47.716000+00:00
2024/04/03, 07:03:47.716,36.198,-74.96,10.42,206.69,205.56,10.47,13.6,13.6,1000.3,1000.3,0.0,0.0,11.85,10.06,1,356,11.3,11.4,100.0,100.0,5.9,6.0,209.1,199.7,1002.4,1002.4,-5.43,370.4,-0.01,32.4717,10.2193,417.7,47.0,1487.628, NAN, NAN, NAN, NAN,,2024/04/03 07:03:47.716,2024-04-03 07:03:47.716000+00:00
2024/04/03, 07:04:47.716,36.196,-74.961,10.26,207.02,205.95,10.19,13.6,13.6,1000.5,1000.4,0.0,0.0,11.85,10.06,3,358,11.8,11.8,100.0,100.0,6.6,6.6,212.9,203.9,1002.6,1002.5,-5.43,370.13,-0.01,32.4543,10.1878,423.8,46.7,1487.494, NAN, NAN, NAN, NAN,,2024/04/03 07:04:47.716,2024-04-03 07:04:47.716000+00:00
2024/04/03, 07:05:47.716,36.193,-74.963,10.16,207.09,205.44,10.21,13.5,13.6,1000.2,1000.1,0.0,0.0,11.85,10.06,2,356,12.0,11.9,100.0,100.0,6.8,6.7,211.3,200.6,1002.3,1002.2,-5.39,370.61,-0.02,32.4816,10.1313,430.5,46.6,1487.324, NAN, NAN, NAN, NAN,,2024/04/03 07:05:47.716,2024-04-03 07:05:47.716000+00:00
2024/04/03, 07:06:47.716,36.191,-74.965,10.49,207.28,206.65,10.44,13.6,13.6,1000.1,1000.3,0.0,0.0,11.85,10.06,2,357,12.0,12.0,100.0,100.0,6.6,6.6,211.1,202.1,1002.2,1002.4,-5.46,369.92,-0.01,32.4784,10.0839,438.8,47.5,1487.149, NAN, NAN, NAN, NAN,,2024/04/03 07:06:47.716,2024-04-03 07:06:47.716000+00:00
2024/04/03, 07:07:47.716,36.188,-74.966,10.59,207.97,207.74,10.22,13.6,13.6,1000.1,1000.1,0.0,0.0,11.85,10.06,2,357,12.4,12.2,100.0,100.0,7.2,7.0,211.2,202.5,1002.2,1002.2,-5.5,369.73,-0.01,32.4765,10.0391,444.3,47.4,1486.985, NAN, NAN, NAN, NAN,,2024/04/03 07:07:47.716,2024-04-03 07:07:47.716000+00:00
2024/04/03, 07:08:47.716,36.185,-74.968,10.6,207.5,208.2,10.53,13.6,13.7,1000.3,1000.2,0.0,0.0,11.85,10.06,2,357,12.8,12.7,100.0,100.0,7.4,7.3,210.4,201.7,1002.4,1002.3,-5.44,369.7,-0.02,32.4742,10.0105,436.4,47.7,1486.879, NAN, NAN, NAN, NAN,,2024/04/03 07:08:47.716,2024-04-03 07:08:47.716000+00:00
2024/04/03, 07:09:47.716,36.183,-74.97,10.63,208.49,208.96,10.53,13.6,13.7,1000.3,1000.3,0.0,0.0,11.85,10.06,4,358,13.2,12.8,100.0,100.0,7.8,7.4,214.9,204.7,1002.4,1002.4,-5.38,369.47,-0.02,32.4726,9.9872,435.2,47.4,1486.792, NAN, NAN, NAN, NAN,,2024/04/03 07:09:47.716,2024-04-03 07:09:47.716000+00:00
2024/04/03, 07:10:47.716,36.18,-74.971,9.99,207.98,207.42,10.06,13.7,13.7,1000.3,1000.4,0.0,0.0,11.85,10.06,4,359,12.5,12.4,100.0,100.0,7.3,7.2,213.7,205.2,1002.4,1002.5,-5.43,369.35,-0.02,32.4787,9.9758,440.9,46.2,1486.759, NAN, NAN, NAN, NAN,,2024/04/03 07:10:47.716,2024-04-03 07:10:47.716000+00:00
2024/04/03, 07:11:47.716,36.178,-74.973,9.89,207.39,209.29,9.75,13.6,13.7,1000.4,1000.4,0.0,0.0,11.85,10.06,5,359,13.2,13.0,100.0,100.0,8.2,8.0,214.9,205.2,1002.5,1002.5,-5.37,371.02,-0.01,32.475,9.9608,444.6,46.3,1486.7, NAN, NAN, NAN, NAN,,2024/04/03 07:11:47.716,2024-04-03 07:11:47.716000+00:00
2024/04/03, 07:12:47.716,36.175,-74.974,10.27,209.74,209.82,10.23,13.7,13.8,1000.3,1000.2,0.0,0.0,11.85,10.06,3,358,13.8,13.4,100.0,100.0,8.6,8.1,215.3,207.2,1002.4,1002.3,-5.54,371.55,-0.02,32.4742,9.9331,444.9,47.2,1486.599, NAN, NAN, NAN, NAN,,2024/04/03 07:12:47.716,2024-04-03 07:12:47.716000+00:00
2024/04/03, 07:13:47.716,36.173,-74.976,10.34,209.27,211.25,10.34,13.8,13.8,1000.3,1000.2,0.0,0.0,11.85,10.06,4,359,13.8,13.6,100.0,100.0,8.5,8.3,215.1,207.0,1002.4,1002.3,-5.54,372.08,-0.02,32.4747,9.9137,446.4,46.7,1486.529, NAN, NAN, NAN, NAN,,2024/04/03 07:13:47.716,2024-04-03 07:13:47.716000+00:00
2024/04/03, 07:14:47.716,36.17,-74.978,10.29,209.03,209.66,10.34,13.9,13.9,1000.3,1000.2,0.0,0.0,11.85,10.06,3,358,13.4,13.4,100.0,100.0,8.1,8.1,213.6,205.3,1002.4,1002.3,-5.56,372.1,-0.01,32.473,9.8945,453.7,47.0,1486.457, NAN, NAN, NAN, NAN,,2024/04/03 07:14:47.716,2024-04-03 07:14:47.716000+00:00
2024/04/03, 07:15:47.716,36.168,-74.98,10.31,209.29,207.02,10.05,13.8,13.9,1000.4,1000.4,0.0,0.0,11.85,10.06,3,358,13.0,13.1,100.0,100.0,7.8,7.9,213.9,205.7,1002.5,1002.5,-5.57,372.92,-0.02,32.4804,9.8717,466.0,46.7,1486.384, NAN, NAN, NAN, NAN,,2024/04/03 07:15:47.716,2024-04-03 07:15:47.716000+00:00
2024/04/03, 07:16:47.716,36.166,-74.981,10.29,210.74,212.73,9.55,13.9,13.9,1000.3,1000.4,0.0,0.0,11.85,10.06,5,359,13.4,13.0,100.0,100.0,8.5,8.1,217.8,208.2,1002.4,1002.5,-5.39,375.68,-0.01,32.4941,9.9017,468.8,46.5,1486.509, NAN, NAN, NAN, NAN,,2024/04/03 07:16:47.716,2024-04-03 07:16:47.716000+00:00
2024/04/03, 07:17:47.716,36.163,-74.983,9.62,207.99,206.26,9.93,13.8,13.9,1000.5,1000.3,0.0,0.0,11.85,10.06,5,0,12.7,12.5,100.0,100.0,7.6,7.4,215.7,207.4,1002.6,1002.4,-5.42,381.17,-0.01,32.5084,9.9423,480.9,46.2,1486.674, NAN, NAN, NAN, NAN,,2024/04/03 07:17:47.716,2024-04-03 07:17:47.716000+00:00
2024/04/03, 07:18:47.717,36.161,-74.985,10.09,208.11,207.32,9.97,13.8,13.9,1000.3,1000.3,0.0,0.0,11.85,10.06,3,358,12.2,11.9,100.0,100.0,7.1,6.8,213.6,205.0,1002.4,1002.4,-5.39,383.76,-0.02,32.526,9.9901,494.7,46.7,1486.868, NAN, NAN, NAN, NAN,,2024/04/03 07:18:47.717,2024-04-03 07:18:47.717000+00:00
2024/04/03, 07:19:47.717,36.158,-74.986,10.1,208.37,206.31,10.1,13.8,13.8,1000.5,1000.5,0.0,0.0,11.85,10.06,4,358,12.5,12.4,100.0,100.0,7.3,7.2,215.5,205.2,1002.6,1002.6,-5.33,385.84,-0.01,32.5453,10.0248,481.6,46.5,1487.017, NAN, NAN, NAN, NAN,,2024/04/03 07:19:47.717,2024-04-03 07:19:47.717000+00:00
2024/04/03, 07:20:47.717,36.156,-74.988,10.25,207.16,207.3,10.41,13.7,13.8,1000.3,1000.2,0.0,0.0,11.85,10.06,7,2,13.3,12.6,100.0,100.0,8.0,7.3,218.0,209.7,1002.4,1002.3,-5.31,385.33,-0.01,32.5556,10.0506,467.8,46.9,1487.122, NAN, NAN, NAN, NAN,,2024/04/03 07:20:47.717,2024-04-03 07:20:47.717000+00:00
2024/04/03, 07:21:47.717,36.153,-74.99,10.56,208.3,209.34,10.73,13.8,13.8,1000.3,1000.1,0.0,0.0,11.85,10.06,5,0,12.8,12.4,100.0,100.0,7.3,6.9,216.3,207.5,1002.4,1002.2,-5.33,384.65,-0.02,32.5568,10.0637,458.0,47.3,1487.171, NAN, NAN, NAN, NAN,,2024/04/03 07:21:47.717,2024-04-03 07:21:47.717000+00:00
2024/04/03, 07:22:47.717,36.151,-74.991,10.54,207.73,206.12,10.62,13.8,13.8,1000.2,1000.2,0.0,0.0,11.85,10.06,6,1,13.4,13.0,100.0,100.0,8.0,7.5,218.2,209.9,1002.3,1002.3,-5.39,384.71,-0.02,32.5554,10.0616,453.1,47.0,1487.162, NAN, NAN, NAN, NAN,,2024/04/03 07:22:47.717,2024-04-03 07:22:47.717000+00:00
2024/04/03, 07:23:47.717,36.148,-74.993,10.25,207.42,208.26,10.58,13.8,13.8,1000.3,1000.4,0.0,0.0,11.85,10.06,6,1,13.5,13.0,100.0,100.0,8.1,7.6,217.5,209.2,1002.4,1002.5,-5.37,384.81,-0.01,32.5503,10.056,458.7,46.7,1487.135, NAN, NAN, NAN, NAN,,2024/04/03 07:23:47.717,2024-04-03 07:23:47.717000+00:00
2024/04/03, 07:24:47.717,36.146,-74.995,10.24,207.82,205.83,10.53,13.9,13.9,1000.1,1000.3,0.0,0.0,11.85,10.06,7,1,13.9,13.5,100.0,100.0,8.6,8.1,220.5,210.8,1002.2,1002.4,-5.41,384.97,-0.02,32.5439,10.051,459.8,46.9,1487.11, NAN, NAN, NAN, NAN,,2024/04/03 07:24:47.717,2024-04-03 07:24:47.717000+00:00
2024/04/03, 07:25:47.717,36.143,-74.996,10.13,208.66,205.99,10.27,13.9,14.0,999.9,1000.4,0.0,0.0,11.85,10.06,6,0,13.7,13.4,100.0,100.0,8.5,8.1,219.7,210.0,1002.0,1002.5,-5.4,383.4,-0.01,32.5337,10.0319,462.7,46.7,1487.028, NAN, NAN, NAN, NAN,,2024/04/03 07:25:47.717,2024-04-03 07:25:47.717000+00:00
2024/04/03, 07:26:47.717,36.141,-74.998,10.15,207.43,206.73,10.37,14.0,14.0,1000.4,1000.3,0.0,0.0,11.85,10.06,9,3,14.3,13.7,100.0,100.0,9.1,8.4,221.3,211.9,1002.5,1002.4,-5.43,380.04,-0.02,32.5254,9.9853,453.1,46.9,1486.85, NAN, NAN, NAN, NAN,,2024/04/03 07:26:47.717,2024-04-03 07:26:47.717000+00:00
2024/04/03, 07:27:47.717,36.138,-74.999,10.05,207.2,206.83,10.23,13.9,14.0,1000.5,1000.4,0.0,0.0,11.85,10.06,8,3,14.5,14.0,100.0,100.0,9.3,8.8,220.0,212.4,1002.6,1002.5,-5.37,378.66,-0.02,32.5151,9.9218,447.0,46.8,1486.608, NAN, NAN, NAN, NAN,,2024/04/03 07:27:47.717,2024-04-03 07:27:47.717000+00:00
2024/04/03, 07:28:47.717,36.136,-75.001,10.12,208.58,208.27,9.91,14.0,14.0,1000.5,1000.3,0.0,0.0,11.85,10.06,8,3,14.5,14.1,100.0,100.0,9.5,9.0,221.0,213.4,1002.6,1002.4,-5.49,378.09,-0.01,32.5083,9.8621,430.5,46.7,1486.383, NAN, NAN, NAN, NAN,,2024/04/03 07:28:47.717,2024-04-03 07:28:47.717000+00:00
2024/04/03, 07:29:47.717,36.133,-75.003,9.96,207.9,207.78,9.78,14.0,14.0,1000.3,1000.4,0.0,0.0,11.85,10.06,7,1,14.1,13.9,100.0,100.0,9.2,8.9,219.6,210.4,1002.4,1002.5,-5.48,376.16,-0.02,32.4992,9.8553,408.0,46.6,1486.347, NAN, NAN, NAN, NAN,,2024/04/03 07:29:47.717,2024-04-03 07:29:47.717000+00:00
2024/04/03, 07:30:47.717,36.131,-75.004,10.0,209.47,211.09,9.4,14.0,14.0,1000.3,1000.3,0.0,0.0,11.85,10.06,5,0,14.0,13.7,100.0,100.0,9.2,8.9,217.4,209.8,1002.4,1002.4,-5.35,373.77,-0.01,32.4898,9.9694,383.8,46.2,1486.749, NAN, NAN, NAN, NAN,,2024/04/03 07:30:47.717,2024-04-03 07:30:47.717000+00:00
2024/04/03, 07:31:47.717,36.129,-75.006,9.93,206.61,206.18,10.24,14.0,14.0,1000.4,1000.4,0.0,0.0,11.85,10.06,5,359,13.8,13.5,100.0,100.0,8.6,8.2,214.6,204.9,1002.5,1002.5,-5.29,371.89,-0.01,32.4898,10.065,380.4,46.9,1487.094, NAN, NAN, NAN, NAN,,2024/04/03 07:31:47.717,2024-04-03 07:31:47.717000+00:00
2024/04/03, 07:32:47.717,36.126,-75.007,10.06,207.64,208.5,9.75,13.9,14.0,1000.3,1000.3,0.0,0.0,11.85,10.06,4,359,14.0,13.5,100.0,100.0,9.0,8.5,214.2,206.4,1002.4,1002.4,-5.38,371.01,-0.01,32.4797,10.1393,350.5,46.7,1487.35, NAN, NAN, NAN, NAN,,2024/04/03 07:32:47.717,2024-04-03 07:32:47.717000+00:00
2024/04/03, 07:33:47.718,36.124,-75.009,10.0,206.77,207.48,9.85,14.0,14.0,1000.3,1000.1,0.0,0.0,11.85,10.06,4,359,13.9,13.7,100.0,100.0,8.9,8.6,212.9,205.0,1002.4,1002.2,-5.48,371.67,-0.01,32.4519,10.2008,327.3,46.6,1487.538, NAN, NAN, NAN, NAN,,2024/04/03 07:33:47.718,2024-04-03 07:33:47.718000+00:00
2024/04/03, 07:34:47.718,36.121,-75.01,10.2,209.11,203.83,9.95,14.1,14.1,1000.2,1000.1,0.0,0.0,11.85,10.06,4,358,13.9,13.5,100.0,100.0,8.8,8.4,217.3,207.8,1002.3,1002.2,-5.53,371.45,-0.01,32.418,10.2584,307.2,47.3,1487.704, NAN, NAN, NAN, NAN,,2024/04/03 07:34:47.718,2024-04-03 07:34:47.718000+00:00
2024/04/03, 07:35:47.718,36.119,-75.012,10.09,207.14,208.59,10.32,14.0,14.1,1000.1,1000.1,0.0,0.0,11.85,10.06,5,0,13.9,13.4,100.0,100.0,8.6,8.1,214.9,206.8,1002.2,1002.2,-5.45,371.39,-0.01,32.3776,10.2962,298.0,47.1,1487.79, NAN, NAN, NAN, NAN,,2024/04/03 07:35:47.718,2024-04-03 07:35:47.718000+00:00
2024/04/03, 07:36:47.718,36.116,-75.013,10.31,207.85,210.68,10.17,14.1,14.1,1000.3,1000.2,0.0,0.0,11.85,10.06,4,358,13.8,13.5,100.0,100.0,8.6,8.3,213.6,203.9,1002.4,1002.3,-5.52,371.86,-0.01,32.3255,10.331,287.0,47.1,1487.852, NAN, NAN, NAN, NAN,,2024/04/03 07:36:47.718,2024-04-03 07:36:47.718000+00:00
2024/04/03, 07:37:47.718,36.114,-75.015,9.92,207.43,204.12,10.36,14.1,14.2,1000.1,1000.2,0.0,0.0,11.85,10.06,4,359,13.4,13.1,100.0,100.0,8.1,7.8,215.1,206.9,1002.2,1002.3,-5.58,372.02,-0.01,32.288,10.3656,281.2,46.6,1487.931, NAN, NAN, NAN, NAN,,2024/04/03 07:37:47.718,2024-04-03 07:37:47.718000+00:00
2024/04/03, 07:38:47.718,36.111,-75.016,9.73,207.55,206.48,9.54,14.1,14.2,1000.3,1000.2,0.0,0.0,11.85,10.06,3,357,13.1,12.8,100.0,100.0,8.2,7.9,213.3,203.6,1002.4,1002.3,-5.56,372.1,-0.02,32.2498,10.3829,283.3,46.2,1487.946, NAN, NAN, NAN, NAN,,2024/04/03 07:38:47.718,2024-04-03 07:38:47.718000+00:00
2024/04/03, 07:39:47.718,36.109,-75.018,9.48,207.74,208.96,9.04,14.2,14.2,1000.4,1000.4,0.0,0.0,11.85,10.06,0,355,12.8,12.6,100.0,100.0,8.2,8.0,207.6,199.7,1002.5,1002.5,-5.48,372.72,-0.01,32.2009,10.3802,276.0,45.7,1487.877, NAN, NAN, NAN, NAN,,2024/04/03 07:39:47.718,2024-04-03 07:39:47.718000+00:00
2024/04/03, 07:40:47.718,36.107,-75.019,9.19,207.82,203.71,9.16,14.2,14.2,1000.2,999.9,0.0,0.0,11.85,10.06,2,357,12.9,12.5,100.0,100.0,8.2,7.8,212.5,204.6,1002.3,1002.0,-5.47,373.12,-0.01,32.1775,10.3603,291.8,45.7,1487.778, NAN, NAN, NAN, NAN,,2024/04/03 07:40:47.718,2024-04-03 07:40:47.718000+00:00
2024/04/03, 07:41:47.718,36.104,-75.021,9.53,206.66,207.5,9.82,14.2,14.2,1000.1,1000.0,0.0,0.0,11.85,10.06,1,355,12.6,12.2,100.0,100.0,7.6,7.2,207.8,197.6,1002.2,1002.1,-5.49,373.04,-0.01,32.1326,10.3483,275.0,46.7,1487.68, NAN, NAN, NAN, NAN,,2024/04/03 07:41:47.718,2024-04-03 07:41:47.718000+00:00
2024/04/03, 07:42:47.718,36.102,-75.022,9.84,208.34,205.65,9.59,14.3,14.3,1000.1,1000.1,0.0,0.0,11.85,10.06,1,356,12.8,12.4,100.0,100.0,7.9,7.5,211.1,202.9,1002.2,1002.2,-5.55,373.52,-0.01,32.1027,10.3393,282.0,46.7,1487.612, NAN, NAN, NAN, NAN,,2024/04/03 07:42:47.718,2024-04-03 07:42:47.718000+00:00
2024/04/03, 07:43:47.718,36.1,-75.024,9.92,207.78,207.51,9.9,14.2,14.3,1000.1,999.9,0.0,0.0,11.85,10.06,3,357,12.9,12.5,100.0,100.0,7.8,7.4,212.7,202.6,1002.2,1002.0,-5.55,373.76,-0.01,32.0738,10.3263,285.4,46.6,1487.53, NAN, NAN, NAN, NAN,,2024/04/03 07:43:47.718,2024-04-03 07:43:47.718000+00:00
2024/04/03, 07:44:47.718,36.097,-75.025,9.99,206.49,205.26,9.99,14.2,14.3,1000.2,1000.2,0.0,0.0,11.85,10.06,1,356,12.7,12.7,100.0,100.0,7.6,7.6,208.4,200.0,1002.3,1002.3,-5.48,373.82,-0.01,32.0479,10.3078,286.7,46.0,1487.432, NAN, NAN, NAN, NAN,,2024/04/03 07:44:47.718,2024-04-03 07:44:47.718000+00:00
2024/04/03, 07:45:47.718,36.095,-75.027,9.74,208.5,207.13,9.44,14.3,14.3,1000.1,999.9,0.0,0.0,11.85,10.06,1,356,13.2,12.8,100.0,100.0,8.4,8.0,211.6,203.6,1002.2,1002.0,-5.51,374.81,-0.01,32.0271,10.2773,288.4,46.3,1487.297, NAN, NAN, NAN, NAN,,2024/04/03 07:45:47.718,2024-04-03 07:45:47.718000+00:00
2024/04/03, 07:46:47.718,36.092,-75.029,10.21,208.46,207.7,9.43,14.4,14.4,999.9,1000.0,0.0,0.0,11.85,10.06,0,355,13.4,13.0,100.0,100.0,8.6,8.2,209.2,201.3,1002.0,1002.1,-5.68,375.22,-0.01,32.0029,10.2465,289.1,46.7,1487.157, NAN, NAN, NAN, NAN,,2024/04/03 07:46:47.718,2024-04-03 07:46:47.718000+00:00
2024/04/03, 07:47:47.718,36.09,-75.03,9.9,207.73,206.99,9.67,14.3,14.4,999.9,999.8,0.0,0.0,11.85,10.06,0,355,12.8,12.7,100.0,100.0,7.8,7.8,208.1,199.9,1002.0,1001.9,-5.53,375.03,-0.02,31.9823,10.2361,294.4,46.4,1487.095, NAN, NAN, NAN, NAN,,2024/04/03 07:47:47.718,2024-04-03 07:47:47.718000+00:00
2024/04/03, 07:48:47.718,36.087,-75.032,9.8,207.84,205.82,9.75,14.4,14.4,1000.1,1000.0,0.0,0.0,11.85,10.06,0,354,12.7,12.3,100.0,100.0,7.7,7.3,209.4,199.4,1002.2,1002.1,-5.51,374.84,-0.01,31.9501,10.2297,303.2,46.5,1487.033, NAN, NAN, NAN, NAN,,2024/04/03 07:48:47.718,2024-04-03 07:48:47.718000+00:00
2024/04/03, 07:49:47.719,36.085,-75.033,10.26,207.18,206.83,9.83,14.3,14.4,1000.1,1000.0,0.0,0.0,11.85,10.06,0,355,12.7,12.6,100.0,100.0,7.6,7.6,206.6,198.2,1002.2,1002.1,-5.52,374.92,-0.01,31.9086,10.2262,312.9,46.7,1486.97, NAN, NAN, NAN, NAN,,2024/04/03 07:49:47.719,2024-04-03 07:49:47.719000+00:00
2024/04/03, 07:50:47.719,36.083,-75.035,10.05,208.22,209.87,9.51,14.3,14.3,1000.0,1000.0,0.0,0.0,11.85,10.06,1,356,12.9,12.6,100.0,100.0,8.0,7.7,209.9,201.8,1002.1,1002.1,-5.41,376.21,-0.01,31.8813,10.2105,317.9,46.6,1486.88, NAN, NAN, NAN, NAN,,2024/04/03 07:50:47.719,2024-04-03 07:50:47.719000+00:00
2024/04/03, 07:51:47.719,36.08,-75.036,9.42,207.79,210.75,9.54,14.4,14.4,1000.2,1000.1,0.0,0.0,11.85,10.06,1,355,12.0,11.7,100.0,100.0,7.1,6.8,209.1,198.8,1002.3,1002.2,-5.48,375.38,-0.02,31.8545,10.2047,324.4,46.2,1486.827, NAN, NAN, NAN, NAN,,2024/04/03 07:51:47.719,2024-04-03 07:51:47.719000+00:00
2024/04/03, 07:52:47.719,36.078,-75.038,10.1,208.24,206.24,9.98,14.3,14.3,1000.0,1000.0,0.0,0.0,11.85,10.06,0,354,12.4,11.9,100.0,100.0,7.3,6.8,209.1,198.7,1002.1,1002.1,-5.46,375.22,-0.01,31.8383,10.2329,334.0,47.0,1486.909, NAN, NAN, NAN, NAN,,2024/04/03 07:52:47.719,2024-04-03 07:52:47.719000+00:00
2024/04/03, 07:53:47.719,36.075,-75.039,9.97,207.78,210.22,9.91,14.3,14.3,1000.1,999.8,0.0,0.0,11.85,10.06,358,353,11.9,11.7,100.0,100.0,6.8,6.7,203.5,194.6,1002.2,1001.9,-5.49,376.59,-0.02,31.825,10.2776,332.8,46.4,1487.054, NAN, NAN, NAN, NAN,,2024/04/03 07:53:47.719,2024-04-03 07:53:47.719000+00:00
2024/04/03, 07:54:47.719,36.073,-75.041,10.13,209.11,205.85,10.11,14.3,14.3,999.9,999.9,0.0,0.0,11.85,10.06,359,353,12.0,11.7,100.0,100.0,6.8,6.6,208.0,197.3,1002.0,1002.0,-5.42,376.03,-0.01,31.8162,10.3207,334.5,47.1,1487.198, NAN, NAN, NAN, NAN,,2024/04/03 07:54:47.719,2024-04-03 07:54:47.719000+00:00
2024/04/03, 07:55:47.719,36.07,-75.043,10.04,208.34,207.64,9.95,14.3,14.3,1000.1,1000.1,0.0,0.0,11.85,10.06,358,353,12.6,12.3,100.0,100.0,7.5,7.3,204.7,196.2,1002.2,1002.2,-5.49,378.42,-0.02,31.8058,10.3491,334.5,46.6,1487.287, NAN, NAN, NAN, NAN,,2024/04/03 07:55:47.719,2024-04-03 07:55:47.719000+00:00
2024/04/03, 07:56:47.719,36.068,-75.044,9.73,208.56,206.08,10.05,14.4,14.3,999.9,1000.1,0.0,0.0,11.85,10.06,0,355,12.6,12.1,100.0,100.0,7.4,7.0,209.6,201.0,1002.0,1002.2,-5.54,378.25,-0.01,31.7936,10.3683,327.3,46.4,1487.341, NAN, NAN, NAN, NAN,,2024/04/03 07:56:47.719,2024-04-03 07:56:47.719000+00:00
2024/04/03, 07:57:47.719,36.066,-75.046,9.7,208.86,210.85,9.58,14.4,14.4,1000.1,1000.1,0.0,0.0,11.85,10.06,358,353,12.0,11.8,100.0,100.0,7.1,7.0,204.2,195.6,1002.2,1002.2,-5.49,378.8,-0.01,31.7773,10.3884,323.0,45.8,1487.394, NAN, NAN, NAN, NAN,,2024/04/03 07:57:47.719,2024-04-03 07:57:47.719000+00:00
2024/04/03, 07:58:47.719,36.063,-75.047,9.52,208.07,209.95,9.47,14.3,14.3,999.9,999.9,0.0,0.0,11.85,10.06,0,354,11.9,11.8,100.0,100.0,7.0,7.0,208.2,198.0,1002.0,1002.0,-5.39,379.7,-0.01,31.7518,10.4116,316.6,46.5,1487.446, NAN, NAN, NAN, NAN,,2024/04/03 07:58:47.719,2024-04-03 07:58:47.719000+00:00
2024/04/03, 07:59:47.719,36.061,-75.049,9.69,207.12,208.84,9.7,14.3,14.3,999.9,1000.1,0.0,0.0,11.85,10.06,0,355,12.0,12.0,100.0,100.0,7.0,7.1,206.1,197.6,1002.0,1002.2,-5.38,380.49,-0.01,31.7237,10.4327,310.2,46.5,1487.488, NAN, NAN, NAN, NAN,,2024/04/03 07:59:47.719,2024-04-03 07:59:47.719000+00:00
2024/04/03, 08:00:47.719,36.059,-75.05,10.04,208.46,207.26,9.75,14.3,14.3,1000.2,999.9,0.0,0.0,11.85,10.06,359,354,11.9,11.9,100.0,100.0,6.9,6.9,207.9,199.3,1002.3,1002.0,-5.45,380.14,-0.01,31.7083,10.4532,304.1,46.7,1487.543, NAN, NAN, NAN, NAN,,2024/04/03 08:00:47.719,2024-04-03 08:00:47.719000+00:00
2024/04/03, 08:01:47.719,36.056,-75.052,10.19,209.92,208.95,9.92,14.3,14.3,1000.1,1000.0,0.0,0.0,11.85,10.06,359,353,12.0,11.7,100.0,100.0,6.9,6.6,209.4,198.8,1002.2,1002.1,-5.41,380.05,-0.01,31.696,10.4879,302.2,47.1,1487.652, NAN, NAN, NAN, NAN,,2024/04/03 08:01:47.719,2024-04-03 08:01:47.719000+00:00
2024/04/03, 08:02:47.719,36.054,-75.053,10.15,211.1,206.91,9.23,14.2,14.2,1000.3,1000.2,0.0,0.0,11.85,10.06,359,353,11.1,10.6,100.0,100.0,6.4,5.9,210.8,200.1,1002.4,1002.3,-5.34,380.98,-0.02,31.5091,10.5333,301.1,46.2,1487.588, NAN, NAN, NAN, NAN,,2024/04/03 08:02:47.719,2024-04-03 08:02:47.719000+00:00
2024/04/03, 08:03:47.719,36.051,-75.055,9.69,209.22,206.59,10.02,14.1,14.2,1000.2,1000.3,0.0,0.0,11.85,10.06,356,350,9.9,9.8,100.0,100.0,4.8,4.8,202.3,189.8,1002.3,1002.4,-5.22,381.91,-0.01,31.6794,10.564,297.7,46.6,1487.904, NAN, NAN, NAN, NAN,,2024/04/03 08:03:47.719,2024-04-03 08:03:47.719000+00:00
2024/04/03, 08:04:47.719,36.049,-75.057,10.15,208.01,206.71,9.91,13.9,14.0,1000.4,1000.3,0.0,0.0,11.85,10.06,356,350,10.1,9.8,100.0,100.0,5.0,4.8,201.3,188.8,1002.5,1002.4,-5.16,381.99,-0.01,31.6533,10.5931,289.7,46.7,1487.976, NAN, NAN, NAN, NAN,,2024/04/03 08:04:47.719,2024-04-03 08:04:47.719000+00:00
2024/04/03, 08:05:47.720,36.047,-75.058,10.2,208.41,207.27,10.18,13.8,13.8,1000.3,1000.1,0.0,0.0,11.85,10.06,358,352,9.9,9.6,100.0,100.0,4.7,4.5,204.7,191.6,1002.4,1002.2,-5.21,381.34,-0.02,31.6373,10.6333,289.4,46.9,1488.1, NAN, NAN, NAN, NAN,,2024/04/03 08:05:47.720,2024-04-03 08:05:47.720000+00:00
2024/04/03, 08:06:47.720,36.044,-75.06,10.29,209.16,205.51,10.02,13.7,13.7,1000.2,1000.2,0.0,0.0,11.85,10.06,358,353,11.9,11.4,100.0,100.0,6.8,6.3,207.5,198.4,1002.3,1002.3,-5.13,381.81,-0.01,31.6063,10.6629,286.0,47.1,1488.169, NAN, NAN, NAN, NAN,,2024/04/03 08:06:47.720,2024-04-03 08:06:47.720000+00:00
2024/04/03, 08:07:47.720,36.042,-75.061,10.01,209.51,203.73,10.06,13.8,13.8,999.9,999.8,0.0,0.0,11.85,10.06,357,353,12.8,12.6,100.0,100.0,7.6,7.4,207.8,201.1,1002.0,1001.9,-5.33,386.44,-0.01,31.581,10.7046,288.1,46.8,1488.287, NAN, NAN, NAN, NAN,,2024/04/03 08:07:47.720,2024-04-03 08:07:47.720000+00:00
2024/04/03, 08:08:47.720,36.039,-75.063,9.91,209.37,207.72,9.8,14.0,13.8,1000.0,999.9,0.0,0.0,11.85,10.06,356,349,13.6,13.2,100.0,100.0,8.6,8.3,204.2,192.9,1002.1,1002.0,-5.5,388.47,-0.01,31.5435,10.7301,283.0,47.1,1488.332, NAN, NAN, NAN, NAN,,2024/04/03 08:08:47.720,2024-04-03 08:08:47.720000+00:00
2024/04/03, 08:09:47.720,36.037,-75.064,9.79,210.32,210.61,9.3,14.1,14.1,1000.2,999.9,0.0,0.0,11.85,10.06,355,349,14.0,13.7,100.0,100.0,9.2,9.0,203.6,194.4,1002.3,1002.0,-5.47,389.05,-0.01,31.5108,10.764,284.6,47.1,1488.413, NAN, NAN, NAN, NAN,,2024/04/03 08:09:47.720,2024-04-03 08:09:47.720000+00:00
2024/04/03, 08:10:47.720,36.034,-75.066,9.77,209.7,207.88,10.04,14.1,14.1,999.8,999.8,0.0,0.0,11.85,10.06,355,348,14.1,13.9,100.0,100.0,9.0,8.9,202.5,191.4,1001.9,1001.9,-5.4,389.47,-0.01,31.469,10.8091,286.0,46.7,1488.523, NAN, NAN, NAN, NAN,,2024/04/03 08:10:47.720,2024-04-03 08:10:47.720000+00:00
2024/04/03, 08:11:47.720,36.032,-75.067,9.84,209.65,207.76,9.94,14.1,14.1,999.9,999.9,0.0,0.0,11.85,10.06,355,348,14.4,13.8,100.0,100.0,9.3,8.8,203.2,192.1,1002.0,1002.0,-5.42,389.52,-0.01,31.4327,10.8578,284.0,47.1,1488.652, NAN, NAN, NAN, NAN,,2024/04/03 08:11:47.720,2024-04-03 08:11:47.720000+00:00
2024/04/03, 08:12:47.720,36.03,-75.069,10.12,209.62,209.52,10.24,14.1,14.1,1000.0,1000.0,0.0,0.0,11.85,10.06,355,349,14.1,13.8,100.0,100.0,8.9,8.7,202.4,192.7,1002.1,1002.1,-5.44,388.63,-0.01,31.3761,10.9097,278.7,47.5,1488.768, NAN, NAN, NAN, NAN,,2024/04/03 08:12:47.720,2024-04-03 08:12:47.720000+00:00
2024/04/03, 08:13:47.720,36.027,-75.071,9.68,209.81,204.78,9.19,14.1,14.1,1000.0,1000.0,0.0,0.0,11.85,10.06,353,347,13.5,13.2,100.0,100.0,8.8,8.5,201.9,192.6,1002.1,1002.1,-5.36,388.87,-0.01,31.3515,10.9677,298.0,45.7,1488.944, NAN, NAN, NAN, NAN,,2024/04/03 08:13:47.720,2024-04-03 08:13:47.720000+00:00
2024/04/03, 08:14:47.720,36.025,-75.072,9.82,211.69,209.93,9.89,14.1,14.1,1000.1,1000.1,0.0,0.0,11.85,10.06,355,348,14.1,13.8,100.0,100.0,9.0,8.8,205.8,194.8,1002.2,1002.2,-5.38,388.79,-0.01,31.2447,11.0068,276.6,47.4,1488.954, NAN, NAN, NAN, NAN,,2024/04/03 08:14:47.720,2024-04-03 08:14:47.720000+00:00
2024/04/03, 08:15:47.720,36.022,-75.074,9.68,211.34,208.36,9.81,14.1,14.2,1000.2,1000.2,0.0,0.0,11.85,10.06,355,349,14.0,13.4,100.0,100.0,9.0,8.5,204.5,194.8,1002.3,1002.3,-5.32,389.05,-0.01,31.1649,11.0495,275.6,46.7,1489.009, NAN, NAN, NAN, NAN,,2024/04/03 08:15:47.720,2024-04-03 08:15:47.720000+00:00
2024/04/03, 08:16:47.720,36.02,-75.075,9.6,210.64,212.7,9.48,14.2,14.2,1000.2,1000.2,0.0,0.0,11.85,10.06,355,348,13.6,13.4,100.0,100.0,8.8,8.7,202.4,191.5,1002.3,1002.3,-5.41,388.17,-0.01,31.093,11.0872,276.9,46.2,1489.055, NAN, NAN, NAN, NAN,,2024/04/03 08:16:47.720,2024-04-03 08:16:47.720000+00:00
2024/04/03, 08:17:47.720,36.018,-75.077,9.8,211.27,210.83,9.82,14.2,14.2,1000.2,1000.1,0.0,0.0,11.85,10.06,355,349,13.8,13.3,100.0,100.0,8.8,8.4,204.2,194.5,1002.3,1002.2,-5.33,388.34,-0.01,30.9919,11.1143,272.3,47.0,1489.03, NAN, NAN, NAN, NAN,,2024/04/03 08:17:47.720,2024-04-03 08:17:47.720000+00:00
2024/04/03, 08:18:47.720,36.016,-75.078,9.75,212.16,207.35,9.19,14.2,14.2,999.9,1000.1,0.0,0.0,11.85,10.06,353,347,13.3,13.3,100.0,100.0,8.6,8.7,203.3,194.0,1002.0,1002.2,-5.47,387.57,-0.01,30.9206,11.1468,272.0,46.2,1489.059, NAN, NAN, NAN, NAN,,2024/04/03 08:18:47.720,2024-04-03 08:18:47.720000+00:00
2024/04/03, 08:19:47.720,36.013,-75.08,10.02,210.74,205.08,9.76,14.2,14.2,1000.3,1000.2,0.0,0.0,11.85,10.06,354,348,14.1,13.9,100.0,100.0,9.1,9.0,203.8,194.4,1002.4,1002.3,-5.36,387.62,-0.01,30.8399,11.1754,267.5,47.5,1489.063, NAN, NAN, NAN, NAN,,2024/04/03 08:19:47.720,2024-04-03 08:19:47.720000+00:00
2024/04/03, 08:20:47.721,36.011,-75.081,10.29,213.06,211.42,9.72,14.2,14.2,1000.1,1000.1,0.0,0.0,11.85,10.06,355,349,14.2,13.8,100.0,100.0,9.2,8.9,206.6,197.2,1002.2,1002.2,-5.42,386.65,-0.02,30.7647,11.1909,265.6,47.4,1489.027, NAN, NAN, NAN, NAN,,2024/04/03 08:20:47.721,2024-04-03 08:20:47.721000+00:00
2024/04/03, 08:21:47.721,36.008,-75.083,10.36,212.66,208.04,10.31,14.2,14.3,1000.1,1000.2,0.0,0.0,11.85,10.06,354,348,14.3,14.0,100.0,100.0,9.0,8.8,205.0,195.4,1002.2,1002.3,-5.4,385.99,-0.01,30.6768,11.2039,267.2,47.8,1488.967, NAN, NAN, NAN, NAN,,2024/04/03 08:21:47.721,2024-04-03 08:21:47.721000+00:00
2024/04/03, 08:22:47.721,36.006,-75.085,10.4,212.44,213.8,10.04,14.2,14.3,1000.3,1000.2,0.0,0.0,11.85,10.06,355,348,14.3,13.8,100.0,100.0,9.2,8.8,205.6,194.4,1002.4,1002.3,-5.36,384.83,-0.01,30.5969,11.2149,266.5,47.5,1488.91, NAN, NAN, NAN, NAN,,2024/04/03 08:22:47.721,2024-04-03 08:22:47.721000+00:00
2024/04/03, 08:23:47.721,36.003,-75.087,10.23,213.14,207.79,10.28,14.2,14.3,1000.2,1000.1,0.0,0.0,11.85,10.06,356,349,14.5,14.1,100.0,100.0,9.2,8.9,208.8,197.7,1002.3,1002.2,-5.42,384.38,-0.02,30.5331,11.2157,269.2,47.3,1488.836, NAN, NAN, NAN, NAN,,2024/04/03 08:23:47.721,2024-04-03 08:23:47.721000+00:00
2024/04/03, 08:24:47.721,36.001,-75.088,9.88,212.76,208.67,9.22,14.3,14.3,1000.2,1000.1,0.0,0.0,11.85,10.06,356,349,14.3,13.7,100.0,100.0,9.6,9.0,209.4,198.7,1002.3,1002.2,-5.43,383.63,-0.01,30.4658,11.2093,268.4,46.9,1488.733, NAN, NAN, NAN, NAN,,2024/04/03 08:24:47.721,2024-04-03 08:24:47.721000+00:00
2024/04/03, 08:25:47.721,35.999,-75.09,9.98,212.62,206.77,9.73,14.3,14.3,1000.1,1000.0,0.0,0.0,11.85,10.06,355,349,14.0,13.7,100.0,100.0,9.0,8.8,207.3,197.9,1002.2,1002.1,-5.42,382.76,-0.01,30.3873,11.1931,265.9,47.6,1488.581, NAN, NAN, NAN, NAN,,2024/04/03 08:25:47.721,2024-04-03 08:25:47.721000+00:00
2024/04/03, 08:26:47.721,35.996,-75.091,9.98,213.01,208.78,9.54,14.3,14.3,1000.3,1000.2,0.0,0.0,11.85,10.06,355,349,14.4,13.8,100.0,100.0,9.5,9.0,207.3,198.0,1002.4,1002.3,-5.36,382.71,-0.02,30.3075,11.1711,269.9,47.5,1488.408, NAN, NAN, NAN, NAN,,2024/04/03 08:26:47.721,2024-04-03 08:26:47.721000+00:00
2024/04/03, 08:27:47.721,35.994,-75.093,10.08,213.07,210.09,9.49,14.3,14.3,1000.2,1000.1,0.0,0.0,11.85,10.06,355,349,14.1,13.8,100.0,100.0,9.2,9.0,207.3,198.0,1002.3,1002.2,-5.38,382.65,-0.02,30.2664,11.1521,267.8,47.4,1488.291, NAN, NAN, NAN, NAN,,2024/04/03 08:27:47.721,2024-04-03 08:27:47.721000+00:00
2024/04/03, 08:28:47.721,35.992,-75.095,9.98,211.61,207.46,10.11,14.3,14.3,1000.1,1000.0,0.0,0.0,11.85,10.06,356,350,14.0,13.3,100.0,100.0,8.8,8.1,207.7,197.9,1002.2,1002.1,-5.4,381.68,-0.02,30.2356,11.1353,268.9,47.4,1488.195, NAN, NAN, NAN, NAN,,2024/04/03 08:28:47.721,2024-04-03 08:28:47.721000+00:00
2024/04/03, 08:29:47.721,35.989,-75.096,10.3,212.64,211.08,10.09,14.3,14.3,1000.4,1000.2,0.0,0.0,11.85,10.06,355,349,13.8,13.5,100.0,100.0,8.6,8.4,206.1,196.4,1002.5,1002.3,-5.45,382.26,-0.02,30.192,11.1186,273.9,47.2,1488.083, NAN, NAN, NAN, NAN,,2024/04/03 08:29:47.721,2024-04-03 08:29:47.721000+00:00
2024/04/03, 08:30:47.721,35.987,-75.098,9.95,211.91,210.12,10.1,14.3,14.3,1000.1,1000.1,0.0,0.0,11.85,10.06,355,349,13.7,13.2,100.0,100.0,8.5,8.1,205.3,195.4,1002.2,1002.2,-5.39,382.67,-0.01,30.1571,11.1066,276.9,46.9,1487.999, NAN, NAN, NAN, NAN,,2024/04/03 08:30:47.721,2024-04-03 08:30:47.721000+00:00
2024/04/03, 08:31:47.721,35.984,-75.1,10.11,213.43,207.82,9.7,14.3,14.3,1000.3,1000.3,0.0,0.0,11.85,10.06,357,350,14.1,13.5,100.0,100.0,9.1,8.6,210.9,199.8,1002.4,1002.4,-5.32,383.39,-0.01,30.0987,11.0945,275.6,46.6,1487.886, NAN, NAN, NAN, NAN,,2024/04/03 08:31:47.721,2024-04-03 08:31:47.721000+00:00
2024/04/03, 08:32:47.721,35.982,-75.101,9.74,212.86,210.02,9.61,14.3,14.3,1000.4,1000.3,0.0,0.0,11.85,10.06,358,352,14.1,13.7,100.0,100.0,9.2,8.8,211.5,202.2,1002.5,1002.4,-5.46,384.19,-0.02,30.0441,11.0897,279.3,46.5,1487.803, NAN, NAN, NAN, NAN,,2024/04/03 08:32:47.721,2024-04-03 08:32:47.721000+00:00
2024/04/03, 08:33:47.721,35.98,-75.103,10.07,213.67,208.07,9.84,14.4,14.4,1000.6,1000.3,0.0,0.0,11.85,10.06,357,350,14.0,13.5,100.0,100.0,8.9,8.5,211.1,200.0,1002.7,1002.4,-5.44,383.7,-0.01,29.9809,11.092,279.0,47.3,1487.735, NAN, NAN, NAN, NAN,,2024/04/03 08:33:47.721,2024-04-03 08:33:47.721000+00:00
2024/04/03, 08:34:47.721,35.977,-75.104,10.39,212.48,209.54,9.97,14.4,14.4,1000.4,1000.2,0.0,0.0,11.85,10.06,357,351,13.4,13.1,100.0,100.0,8.3,8.0,209.3,199.4,1002.5,1002.3,-5.47,383.31,-0.01,29.9399,11.0969,276.9,47.2,1487.704, NAN, NAN, NAN, NAN,,2024/04/03 08:34:47.721,2024-04-03 08:34:47.721000+00:00
2024/04/03, 08:35:47.722,35.975,-75.106,10.33,212.19,210.02,10.12,14.3,14.4,1000.2,1000.3,0.0,0.0,11.85,10.06,357,352,13.4,13.4,100.0,100.0,8.2,8.2,209.3,201.2,1002.3,1002.4,-5.38,383.4,-0.02,29.8712,11.1065,279.0,47.5,1487.655, NAN, NAN, NAN, NAN,,2024/04/03 08:35:47.722,2024-04-03 08:35:47.722000+00:00
2024/04/03, 08:36:47.722,35.973,-75.108,9.77,212.23,212.89,9.78,14.3,14.4,1000.4,1000.4,0.0,0.0,11.85,10.06,358,352,13.4,13.2,100.0,100.0,8.4,8.2,209.5,199.8,1002.5,1002.5,-5.37,383.56,-0.01,29.8003,11.1105,278.4,47.1,1487.584, NAN, NAN, NAN, NAN,,2024/04/03 08:36:47.722,2024-04-03 08:36:47.722000+00:00
2024/04/03, 08:37:47.722,35.97,-75.109,10.08,212.36,209.4,9.71,14.4,14.4,1000.6,1000.5,0.0,0.0,11.85,10.06,357,351,13.4,13.4,100.0,100.0,8.4,8.4,209.6,200.1,1002.7,1002.6,-5.49,383.34,-0.01,29.7111,11.1087,278.4,47.3,1487.47, NAN, NAN, NAN, NAN,,2024/04/03 08:37:47.722,2024-04-03 08:37:47.722000+00:00
2024/04/03, 08:38:47.722,35.968,-75.111,10.0,214.35,210.58,9.22,14.4,14.4,1000.5,1000.5,0.0,0.0,11.85,10.06,355,349,13.4,13.2,100.0,100.0,8.7,8.5,209.4,200.0,1002.6,1002.6,-5.41,382.73,-0.02,29.6203,11.1089,276.3,47.2,1487.362, NAN, NAN, NAN, NAN,,2024/04/03 08:38:47.722,2024-04-03 08:38:47.722000+00:00
2024/04/03, 08:39:47.722,35.966,-75.113,9.65,212.0,210.95,9.27,14.4,14.4,1000.4,1000.3,0.0,0.0,11.85,10.06,356,350,13.2,13.0,100.0,100.0,8.4,8.3,207.4,198.0,1002.5,1002.4,-5.4,382.86,-0.02,29.5828,11.1108,281.7,46.6,1487.324, NAN, NAN, NAN, NAN,,2024/04/03 08:39:47.722,2024-04-03 08:39:47.722000+00:00
2024/04/03, 08:40:47.722,35.963,-75.114,9.56,214.16,213.7,9.13,14.4,14.4,1000.6,1000.2,0.0,0.0,11.85,10.06,356,350,13.2,13.0,100.0,100.0,8.5,8.4,209.3,199.9,1002.7,1002.3,-5.39,381.82,-0.02,29.4992,11.1125,278.7,46.9,1487.229, NAN, NAN, NAN, NAN,,2024/04/03 08:40:47.722,2024-04-03 08:40:47.722000+00:00
2024/04/03, 08:41:47.722,35.961,-75.116,9.81,214.23,207.3,9.51,14.4,14.4,1000.5,1000.2,0.0,0.0,11.85,10.06,355,350,12.9,12.8,100.0,100.0,8.0,7.9,209.7,201.6,1002.6,1002.3,-5.42,381.71,-0.02,29.4371,11.111,289.1,47.2,1487.149, NAN, NAN, NAN, NAN,,2024/04/03 08:41:47.722,2024-04-03 08:41:47.722000+00:00
2024/04/03, 08:42:47.722,35.959,-75.118,9.73,212.74,206.75,9.52,14.4,14.4,1000.4,1000.2,0.0,0.0,11.85,10.06,357,351,13.4,13.1,100.0,100.0,8.5,8.2,210.9,201.3,1002.5,1002.3,-5.45,381.75,-0.02,29.4011,11.1044,280.0,46.7,1487.083, NAN, NAN, NAN, NAN,,2024/04/03 08:42:47.722,2024-04-03 08:42:47.722000+00:00
2024/04/03, 08:43:47.722,35.957,-75.119,10.04,213.59,210.26,9.94,14.5,14.5,1000.4,1000.3,0.0,0.0,11.85,10.06,357,351,13.3,13.1,100.0,100.0,8.2,8.0,210.5,200.6,1002.5,1002.4,-5.44,381.41,-0.01,29.3262,11.0932,280.0,47.7,1486.953, NAN, NAN, NAN, NAN,,2024/04/03 08:43:47.722,2024-04-03 08:43:47.722000+00:00
2024/04/03, 08:44:47.722,35.954,-75.121,9.51,214.21,205.84,8.14,14.5,14.5,1000.4,1000.4,0.0,0.0,11.85,10.06,356,350,13.1,12.8,100.0,100.0,8.9,8.6,210.8,201.9,1002.5,1002.5,-5.41,381.14,-0.02,29.2866,11.0817,279.3,47.4,1486.865, NAN, NAN, NAN, NAN,,2024/04/03 08:44:47.722,2024-04-03 08:44:47.722000+00:00
2024/04/03, 08:45:47.722,35.953,-75.122,6.22,215.55,216.42,5.52,14.5,14.5,1000.3,1000.5,0.0,0.0,11.85,10.06,355,349,11.7,11.6,100.0,100.0,8.9,8.8,210.2,202.3,1002.4,1002.6,-5.41,382.06,-0.01,29.2757,11.0784,280.9,47.1,1486.84, NAN, NAN, NAN, NAN,,2024/04/03 08:45:47.722,2024-04-03 08:45:47.722000+00:00
2024/04/03, 08:46:47.722,35.952,-75.123,3.83,214.27,215.75,3.68,14.5,14.5,1000.5,1000.5,0.0,0.0,11.85,10.06,357,351,11.0,11.0,100.0,100.0,9.1,9.1,212.2,205.0,1002.6,1002.6,-5.5,382.25,-0.02,29.2599,11.0785,280.0,47.5,1486.821, NAN, NAN, NAN, NAN,,2024/04/03 08:46:47.722,2024-04-03 08:46:47.722000+00:00
2024/04/03, 08:47:47.722,35.951,-75.123,2.72,219.09,195.54,1.7,14.5,14.5,1000.7,1000.7,0.0,0.0,11.85,10.06,350,344,9.8,9.7,100.0,100.0,8.9,8.8,210.2,203.6,1002.8,1002.8,-5.46,382.05,-0.01,29.2543,11.0794,285.4,47.2,1486.818, NAN, NAN, NAN, NAN,,2024/04/03 08:47:47.722,2024-04-03 08:47:47.722000+00:00
2024/04/03, 08:48:47.722,35.951,-75.123,1.44,215.51,211.82,0.99,14.5,14.5,1000.4,1000.4,0.0,0.0,11.85,10.06,347,342,9.1,9.3,100.0,100.0,8.6,8.8,202.0,196.7,1002.5,1002.5,-5.38,382.27,-0.01,29.2414,11.0818,282.4,47.2,1486.811, NAN, NAN, NAN, NAN,,2024/04/03 08:48:47.722,2024-04-03 08:48:47.722000+00:00
2024/04/03, 08:49:47.722,35.95,-75.124,1.2,217.63,259.12,0.63,14.5,14.6,1000.7,1000.7,0.0,0.0,11.85,10.06,349,343,8.6,9.0,100.0,100.0,8.3,8.7,207.0,200.7,1002.8,1002.8,-5.37,382.47,-0.01,29.2249,11.0808,281.6,47.7,1486.787, NAN, NAN, NAN, NAN,,2024/04/03 08:49:47.722,2024-04-03 08:49:47.722000+00:00
2024/04/03, 08:50:47.722,35.95,-75.124,0.31,217.07,181.3,0.28,14.5,14.5,1000.5,1000.4,0.0,0.0,11.85,10.06,347,342,8.7,9.1,100.0,100.0,8.6,9.0,204.5,199.4,1002.6,1002.5,-5.36,383.73,-0.01,29.2313,11.0807,279.3,47.7,1486.795, NAN, NAN, NAN, NAN,,2024/04/03 08:50:47.722,2024-04-03 08:50:47.722000+00:00
2024/04/03, 08:51:47.723,35.95,-75.124,0.1,219.46,35.66,0.09,14.5,14.5,1000.4,1000.5,0.0,0.0,11.85,10.06,347,342,8.7,8.9,100.0,100.0,8.7,8.9,206.3,201.3,1002.5,1002.6,-5.36,385.63,-0.01,29.3019,11.0804,284.0,47.7,1486.878, NAN, NAN, NAN, NAN,,2024/04/03 08:51:47.723,2024-04-03 08:51:47.723000+00:00
2024/04/03, 08:52:47.723,35.95,-75.123,-0.05,217.03,224.15,0.25,14.5,14.5,1000.7,1000.6,0.0,0.0,11.85,10.06,346,342,8.7,8.7,100.0,100.0,8.7,8.7,203.9,199.8,1002.8,1002.7,-5.39,386.8,-0.01,29.2831,11.0811,285.4,47.8,1486.858, NAN, NAN, NAN, NAN,,2024/04/03 08:52:47.723,2024-04-03 08:52:47.723000+00:00
2024/04/03, 08:53:47.723,35.95,-75.124,0.15,217.42,260.26,0.49,14.5,14.5,1000.6,1000.3,0.0,0.0,11.85,10.06,348,343,8.4,8.8,100.0,100.0,8.4,8.8,203.7,198.8,1002.7,1002.4,-5.34,386.99,-0.01,29.2459,11.0811,282.0,47.9,1486.814, NAN, NAN, NAN, NAN,,2024/04/03 08:53:47.723,2024-04-03 08:53:47.723000+00:00
2024/04/03, 08:54:47.723,35.95,-75.124,-0.09,217.22,272.87,0.16,14.5,14.5,1000.4,1000.5,0.0,0.0,11.85,10.06,346,341,8.5,8.9,100.0,100.0,8.5,8.9,202.7,197.7,1002.5,1002.6,-5.33,388.15,-0.01,29.2305,11.0807,282.7,47.6,1486.794, NAN, NAN, NAN, NAN,,2024/04/03 08:54:47.723,2024-04-03 08:54:47.723000+00:00
2024/04/03, 08:55:47.723,35.95,-75.124,0.07,217.38,298.38,0.51,14.5,14.5,1000.3,1000.2,0.0,0.0,11.85,10.06,346,341,8.8,9.3,100.0,100.0,8.9,9.4,201.8,196.9,1002.4,1002.3,-5.39,389.01,-0.01,29.2258,11.08,285.4,47.3,1486.786, NAN, NAN, NAN, NAN,,2024/04/03 08:55:47.723,2024-04-03 08:55:47.723000+00:00
2024/04/03, 08:56:47.723,35.95,-75.124,-0.08,217.2,131.9,0.52,14.5,14.5,1000.4,1000.5,0.0,0.0,11.85,10.06,347,341,8.0,8.2,100.0,100.0,7.9,8.0,205.9,199.8,1002.5,1002.6,-5.4,388.78,-0.01,29.2197,11.0789,282.0,47.2,1486.774, NAN, NAN, NAN, NAN,,2024/04/03 08:56:47.723,2024-04-03 08:56:47.723000+00:00
2024/04/03, 08:57:47.723,35.95,-75.124,0.17,217.72,287.84,0.72,14.5,14.6,1000.6,1000.6,0.0,0.0,11.85,10.06,348,344,8.1,8.4,100.0,100.0,8.0,8.4,203.1,199.2,1002.7,1002.7,-5.43,388.84,-0.01,29.2042,11.077,282.4,47.8,1486.749, NAN, NAN, NAN, NAN,,2024/04/03 08:57:47.723,2024-04-03 08:57:47.723000+00:00
2024/04/03, 08:58:47.723,35.95,-75.124,0.07,217.46,301.46,0.36,14.6,14.6,1000.6,1000.5,0.0,0.0,11.85,10.06,347,343,8.3,8.3,100.0,100.0,8.3,8.3,203.2,199.2,1002.7,1002.6,-5.34,388.87,-0.01,29.2228,11.0755,287.0,47.5,1486.766, NAN, NAN, NAN, NAN,,2024/04/03 08:58:47.723,2024-04-03 08:58:47.723000+00:00
2024/04/03, 08:59:47.723,35.95,-75.124,0.07,218.61,70.67,0.18,14.6,14.6,1000.5,1000.5,0.0,0.0,11.85,10.06,344,338,8.2,8.4,100.0,100.0,8.3,8.5,202.5,196.5,1002.6,1002.6,-5.36,389.01,-0.02,29.2033,11.0747,283.6,47.9,1486.74, NAN, NAN, NAN, NAN,,2024/04/03 08:59:47.723,2024-04-03 08:59:47.723000+00:00
2024/04/03, 09:00:47.723,35.95,-75.124,0.11,216.87,96.25,0.36,14.6,14.6,1000.6,1000.5,0.0,0.0,11.85,10.06,343,337,7.7,8.0,100.0,100.0,7.7,7.9,201.2,195.1,1002.7,1002.6,-5.34,387.78,-0.01,29.2142,11.0752,286.4,47.8,1486.755, NAN, NAN, NAN, NAN,,2024/04/03 09:00:47.723,2024-04-03 09:00:47.723000+00:00
2024/04/03, 09:01:47.723,35.95,-75.124,0.11,218.5,272.34,0.71,14.5,14.6,1000.4,1000.4,0.0,0.0,11.85,10.06,340,335,7.8,8.1,100.0,100.0,7.9,8.2,195.9,191.0,1002.5,1002.5,-5.33,387.53,-0.01,29.2083,11.0758,285.1,47.4,1486.75, NAN, NAN, NAN, NAN,,2024/04/03 09:01:47.723,2024-04-03 09:01:47.723000+00:00
2024/04/03, 09:02:47.723,35.95,-75.124,0.1,217.76,24.83,0.19,14.5,14.6,1000.4,1000.2,0.0,0.0,11.85,10.06,344,339,8.0,7.9,100.0,100.0,8.0,7.9,202.4,197.4,1002.5,1002.3,-5.43,386.52,-0.02,29.2074,11.076,287.3,47.5,1486.749, NAN, NAN, NAN, NAN,,2024/04/03 09:02:47.723,2024-04-03 09:02:47.723000+00:00
2024/04/03, 09:03:47.723,35.95,-75.124,0.06,218.36,238.04,0.58,14.5,14.6,1000.5,1000.5,0.0,0.0,11.85,10.06,344,338,7.7,7.7,100.0,100.0,7.6,7.6,204.6,198.5,1002.6,1002.6,-5.37,384.95,-0.02,29.1878,11.0727,283.0,47.8,1486.714, NAN, NAN, NAN, NAN,,2024/04/03 09:03:47.723,2024-04-03 09:03:47.723000+00:00
2024/04/03, 09:04:47.723,35.95,-75.124,0.08,219.32,47.07,0.58,14.5,14.6,1000.6,1000.5,0.0,0.0,11.85,10.06,342,337,7.9,8.2,100.0,100.0,8.2,8.4,202.3,197.4,1002.7,1002.6,-5.38,383.67,-0.01,29.1929,11.0725,282.4,47.2,1486.719, NAN, NAN, NAN, NAN,,2024/04/03 09:04:47.723,2024-04-03 09:04:47.723000+00:00
2024/04/03, 09:05:47.723,35.95,-75.124,0.31,218.42,357.24,0.4,14.5,14.5,1000.8,1000.7,0.0,0.0,11.85,10.06,340,335,8.2,8.4,100.0,100.0,8.2,8.4,199.8,194.8,1002.9,1002.8,-5.38,382.31,-0.01,29.1782,11.0737,285.7,47.3,1486.706, NAN, NAN, NAN, NAN,,2024/04/03 09:05:47.723,2024-04-03 09:05:47.723000+00:00
2024/04/03, 09:06:47.724,35.95,-75.124,0.09,217.19,313.16,0.18,14.5,14.5,1000.5,1000.5,0.0,0.0,11.85,10.06,340,335,7.9,7.9,100.0,100.0,7.8,7.8,197.4,192.4,1002.6,1002.6,-5.48,380.3,-0.02,29.174,11.0735,298.5,47.3,1486.7, NAN, NAN, NAN, NAN,,2024/04/03 09:06:47.724,2024-04-03 09:06:47.724000+00:00
2024/04/03, 09:07:47.724,35.95,-75.124,0.02,217.03,278.16,0.19,14.4,14.5,1000.5,1000.5,0.0,0.0,11.85,10.06,343,338,7.5,8.1,100.0,100.0,7.5,8.1,199.3,194.3,1002.6,1002.6,-5.43,378.55,-0.01,29.1551,11.0745,284.0,48.1,1486.681, NAN, NAN, NAN, NAN,,2024/04/03 09:07:47.724,2024-04-03 09:07:47.724000+00:00
2024/04/03, 09:08:47.724,35.95,-75.124,0.12,218.4,209.98,0.18,14.4,14.4,1000.6,1000.4,0.0,0.0,11.85,10.06,341,335,7.6,7.8,100.0,100.0,7.5,7.7,199.4,193.3,1002.7,1002.5,-5.38,376.78,-0.01,29.1513,11.0748,288.0,47.9,1486.678, NAN, NAN, NAN, NAN,,2024/04/03 09:08:47.724,2024-04-03 09:08:47.724000+00:00
2024/04/03, 09:09:47.724,35.95,-75.124,0.07,217.36,239.58,0.25,14.4,14.4,1000.5,1000.3,0.0,0.0,11.85,10.06,338,333,8.0,8.3,100.0,100.0,8.0,8.3,194.5,189.5,1002.6,1002.4,-5.42,375.39,-0.01,29.1459,11.074,282.0,47.9,1486.668, NAN, NAN, NAN, NAN,,2024/04/03 09:09:47.724,2024-04-03 09:09:47.724000+00:00
2024/04/03, 09:10:47.724,35.95,-75.124,-0.05,216.94,96.58,0.15,14.4,14.4,1000.6,1000.6,0.0,0.0,11.85,10.06,339,334,7.9,8.4,100.0,100.0,8.0,8.5,195.6,190.6,1002.7,1002.7,-5.47,374.82,-0.01,29.1391,11.0718,283.6,47.9,1486.652, NAN, NAN, NAN, NAN,,2024/04/03 09:10:47.724,2024-04-03 09:10:47.724000+00:00
2024/04/03, 09:11:47.724,35.95,-75.124,0.19,217.08,180.4,0.3,14.4,14.4,1000.4,1000.2,0.0,0.0,11.85,10.06,336,331,7.8,8.3,100.0,100.0,7.8,8.3,191.9,187.0,1002.5,1002.3,-5.43,373.87,-0.01,29.1398,11.0701,285.1,48.2,1486.647, NAN, NAN, NAN, NAN,,2024/04/03 09:11:47.724,2024-04-03 09:11:47.724000+00:00
2024/04/03, 09:12:47.724,35.95,-75.124,-0.03,220.75,293.89,0.26,14.4,14.4,1000.3,1000.2,0.0,0.0,11.85,10.06,338,331,7.5,8.3,100.0,100.0,7.5,8.3,199.7,192.7,1002.4,1002.3,-5.45,373.69,-0.01,29.1339,11.0692,286.0,47.8,1486.637, NAN, NAN, NAN, NAN,,2024/04/03 09:12:47.724,2024-04-03 09:12:47.724000+00:00
2024/04/03, 09:13:47.724,35.95,-75.124,0.09,216.24,140.47,0.39,14.3,14.3,1000.5,1000.4,0.0,0.0,11.85,10.06,339,333,7.5,7.9,100.0,100.0,7.4,7.8,196.5,190.3,1002.6,1002.5,-5.51,373.18,-0.01,29.1302,11.0684,285.7,48.1,1486.629, NAN, NAN, NAN, NAN,,2024/04/03 09:13:47.724,2024-04-03 09:13:47.724000+00:00
2024/04/03, 09:14:47.724,35.95,-75.124,0.04,217.99,319.63,0.41,14.3,14.3,1000.2,999.9,0.0,0.0,11.85,10.06,336,331,7.1,7.7,100.0,100.0,7.2,7.8,192.5,187.7,1002.3,1002.0,-5.47,372.79,-0.01,29.1269,11.0659,285.7,47.8,1486.617, NAN, NAN, NAN, NAN,,2024/04/03 09:14:47.724,2024-04-03 09:14:47.724000+00:00
2024/04/03, 09:15:47.724,35.95,-75.124,0.06,216.9,152.41,0.48,14.3,14.3,1000.1,1000.1,0.0,0.0,11.85,10.06,334,330,6.7,7.9,100.0,100.0,6.5,7.7,192.5,188.1,1002.2,1002.2,-5.51,372.6,-0.01,29.127,11.0639,284.6,47.9,1486.61, NAN, NAN, NAN, NAN,,2024/04/03 09:15:47.724,2024-04-03 09:15:47.724000+00:00
2024/04/03, 09:16:47.724,35.95,-75.124,0.02,217.67,12.58,0.09,14.3,14.3,1000.3,1000.1,0.0,0.0,11.85,10.06,333,329,7.1,8.4,100.0,100.0,7.1,8.4,190.8,186.8,1002.4,1002.2,-5.5,373.2,-0.01,29.1251,11.062,284.0,48.2,1486.601, NAN, NAN, NAN, NAN,,2024/04/03 09:16:47.724,2024-04-03 09:16:47.724000+00:00
2024/04/03, 09:17:47.724,35.95,-75.124,0.0,217.21,265.48,0.52,14.2,14.3,1000.3,1000.2,0.0,0.0,11.85,10.06,336,330,7.4,8.1,100.0,100.0,7.4,8.2,191.2,185.4,1002.4,1002.3,-5.51,373.61,-0.01,29.126,11.0593,284.6,47.9,1486.592, NAN, NAN, NAN, NAN,,2024/04/03 09:17:47.724,2024-04-03 09:17:47.724000+00:00
2024/04/03, 09:18:47.724,35.95,-75.124,-0.06,218.77,97.1,0.29,14.2,14.2,1000.3,1000.1,0.0,0.0,11.85,10.06,335,330,7.6,8.8,100.0,100.0,7.6,8.7,194.8,189.7,1002.4,1002.2,-5.55,374.08,-0.01,29.1415,11.0564,285.1,47.2,1486.6, NAN, NAN, NAN, NAN,,2024/04/03 09:18:47.724,2024-04-03 09:18:47.724000+00:00
2024/04/03, 09:19:47.724,35.95,-75.124,-0.05,217.16,227.3,0.2,14.1,14.2,1000.4,1000.2,0.0,0.0,11.85,10.06,339,332,7.6,8.3,100.0,100.0,7.6,8.3,195.4,188.5,1002.5,1002.3,-5.58,374.78,-0.01,29.1253,11.0522,286.0,47.8,1486.566, NAN, NAN, NAN, NAN,,2024/04/03 09:19:47.724,2024-04-03 09:19:47.724000+00:00
2024/04/03, 09:20:47.724,35.95,-75.124,0.12,217.87,300.56,0.12,14.1,14.2,1000.2,1000.1,0.0,0.0,11.85,10.06,336,330,7.4,8.0,100.0,100.0,7.4,8.1,193.6,187.6,1002.3,1002.2,-5.52,375.82,-0.01,29.1296,11.0516,284.3,48.0,1486.569, NAN, NAN, NAN, NAN,,2024/04/03 09:20:47.724,2024-04-03 09:20:47.724000+00:00
2024/04/03, 09:21:47.724,35.95,-75.124,0.0,218.89,256.96,0.52,14.1,14.1,1000.2,1000.3,0.0,0.0,11.85,10.06,331,329,7.3,8.6,100.0,100.0,7.3,8.6,187.8,186.1,1002.3,1002.4,-5.5,376.42,-0.01,29.1237,11.0531,284.9,47.7,1486.567, NAN, NAN, NAN, NAN,,2024/04/03 09:21:47.724,2024-04-03 09:21:47.724000+00:00
2024/04/03, 09:22:47.725,35.95,-75.124,0.15,215.29,201.78,0.21,14.1,14.1,999.9,999.9,0.0,0.0,11.85,10.06,332,327,7.3,8.5,100.0,100.0,7.3,8.5,186.5,181.6,1002.0,1002.0,-5.53,377.57,-0.01,29.1272,11.0503,284.9,48.0,1486.561, NAN, NAN, NAN, NAN,,2024/04/03 09:22:47.725,2024-04-03 09:22:47.725000+00:00
2024/04/03, 09:23:47.725,35.95,-75.124,0.05,218.28,17.61,0.19,14.1,14.1,1000.0,999.8,0.0,0.0,11.85,10.06,332,328,7.1,8.4,100.0,100.0,7.2,8.5,189.8,185.9,1002.1,1001.9,-5.49,378.2,-0.01,29.1249,11.0365,285.4,48.0,1486.51, NAN, NAN, NAN, NAN,,2024/04/03 09:23:47.725,2024-04-03 09:23:47.725000+00:00
2024/04/03, 09:24:47.725,35.95,-75.124,-0.05,219.63,284.58,0.41,14.0,14.1,1000.1,1000.0,0.0,0.0,11.85,10.06,331,327,7.4,8.6,100.0,100.0,7.5,8.7,189.2,185.4,1002.2,1002.1,-5.52,378.67,-0.01,29.127,11.0381,286.4,48.1,1486.518, NAN, NAN, NAN, NAN,,2024/04/03 09:24:47.725,2024-04-03 09:24:47.725000+00:00
2024/04/03, 09:25:47.725,35.95,-75.124,0.14,216.27,194.75,0.26,14.0,14.1,1000.1,1000.0,0.0,0.0,11.85,10.06,332,328,7.9,8.7,100.0,100.0,7.8,8.6,187.8,183.8,1002.2,1002.1,-5.51,380.45,-0.01,29.1212,11.0427,288.8,47.9,1486.527, NAN, NAN, NAN, NAN,,2024/04/03 09:25:47.725,2024-04-03 09:25:47.725000+00:00
2024/04/03, 09:26:47.725,35.95,-75.124,0.14,218.32,261.56,0.29,14.1,14.1,1000.2,1000.0,0.0,0.0,11.85,10.06,333,328,7.8,8.8,100.0,100.0,7.8,8.8,190.2,185.4,1002.3,1002.1,-5.47,381.48,-0.01,29.1066,11.0453,285.4,48.3,1486.519, NAN, NAN, NAN, NAN,,2024/04/03 09:26:47.725,2024-04-03 09:26:47.725000+00:00
2024/04/03, 09:27:47.725,35.95,-75.124,0.08,217.18,236.81,0.14,14.1,14.1,1000.1,999.9,0.0,0.0,11.85,10.06,333,328,7.6,8.7,100.0,100.0,7.5,8.6,189.9,184.9,1002.2,1002.0,-5.45,382.15,-0.01,29.104,11.0472,286.7,48.3,1486.523, NAN, NAN, NAN, NAN,,2024/04/03 09:27:47.725,2024-04-03 09:27:47.725000+00:00
2024/04/03, 09:28:47.725,35.95,-75.124,-0.07,219.52,78.17,0.74,14.1,14.1,999.9,999.8,0.0,0.0,11.85,10.06,329,325,7.9,9.3,100.0,100.0,8.0,9.3,191.2,186.9,1002.0,1001.9,-5.42,383.32,-0.01,29.1,11.0479,286.7,47.4,1486.52, NAN, NAN, NAN, NAN,,2024/04/03 09:28:47.725,2024-04-03 09:28:47.725000+00:00
2024/04/03, 09:29:47.725,35.95,-75.124,-0.1,218.73,100.83,0.55,14.1,14.1,999.9,999.5,0.0,0.0,11.85,10.06,327,323,7.7,9.4,100.0,100.0,7.6,9.3,187.8,183.4,1002.0,1001.6,-5.42,383.89,-0.02,29.0909,11.046,285.7,47.0,1486.503, NAN, NAN, NAN, NAN,,2024/04/03 09:29:47.725,2024-04-03 09:29:47.725000+00:00
2024/04/03, 09:30:47.725,35.95,-75.124,0.12,216.87,319.43,0.34,14.1,14.1,999.9,999.7,0.0,0.0,11.85,10.06,331,328,7.8,9.1,100.0,100.0,7.9,9.2,186.8,184.0,1002.0,1001.8,-5.52,384.7,-0.01,29.084,11.0344,287.6,48.3,1486.453, NAN, NAN, NAN, NAN,,2024/04/03 09:30:47.725,2024-04-03 09:30:47.725000+00:00
2024/04/03, 09:31:47.725,35.95,-75.124,0.1,217.69,357.14,0.14,14.1,14.1,999.9,999.8,0.0,0.0,11.85,10.06,333,328,7.9,8.9,100.0,100.0,7.9,8.9,190.3,185.3,1002.0,1001.9,-5.43,385.68,-0.01,29.0801,11.0242,286.7,48.4,1486.412, NAN, NAN, NAN, NAN,,2024/04/03 09:31:47.725,2024-04-03 09:31:47.725000+00:00
2024/04/03, 09:32:47.725,35.95,-75.124,0.06,216.28,74.99,0.28,14.2,14.2,1000.0,999.9,0.0,0.0,11.85,10.06,334,329,7.8,8.6,100.0,100.0,7.9,8.7,189.6,184.7,1002.1,1002.0,-5.46,385.35,-0.01,29.0768,11.0333,284.6,48.6,1486.44, NAN, NAN, NAN, NAN,,2024/04/03 09:32:47.725,2024-04-03 09:32:47.725000+00:00
2024/04/03, 09:33:47.725,35.95,-75.124,0.12,218.71,298.69,0.39,14.1,14.2,1000.1,999.9,0.0,0.0,11.85,10.06,335,330,7.9,8.6,100.0,100.0,8.0,8.7,192.4,187.5,1002.2,1002.0,-5.42,385.39,-0.01,29.0722,11.0411,288.4,48.7,1486.463, NAN, NAN, NAN, NAN,,2024/04/03 09:33:47.725,2024-04-03 09:33:47.725000+00:00
2024/04/03, 09:34:47.725,35.95,-75.124,0.09,217.81,48.68,0.2,14.1,14.2,999.9,999.7,0.0,0.0,11.85,10.06,332,328,7.6,8.9,100.0,100.0,7.7,9.0,189.6,185.6,1002.0,1001.8,-5.49,385.83,-0.01,29.0724,11.0464,288.8,48.3,1486.482, NAN, NAN, NAN, NAN,,2024/04/03 09:34:47.725,2024-04-03 09:34:47.725000+00:00
2024/04/03, 09:35:47.725,35.95,-75.124,0.1,217.79,184.41,0.26,14.2,14.2,999.9,999.8,0.0,0.0,11.85,10.06,332,328,8.0,9.0,100.0,100.0,7.9,8.9,189.2,185.2,1002.0,1001.9,-5.41,385.15,-0.01,29.0782,11.0485,290.0,48.2,1486.496, NAN, NAN, NAN, NAN,,2024/04/03 09:35:47.725,2024-04-03 09:35:47.725000+00:00
2024/04/03, 09:36:47.725,35.95,-75.124,0.02,217.2,255.09,0.03,14.2,14.2,999.9,999.8,0.0,0.0,11.85,10.06,332,329,7.5,8.8,100.0,100.0,7.5,8.8,189.2,186.2,1002.0,1001.9,-5.39,385.48,-0.01,29.068,11.0477,288.4,47.9,1486.481, NAN, NAN, NAN, NAN,,2024/04/03 09:36:47.725,2024-04-03 09:36:47.725000+00:00
2024/04/03, 09:37:47.726,35.95,-75.124,0.08,216.68,186.77,0.09,14.2,14.2,1000.0,999.8,0.0,0.0,11.85,10.06,332,327,7.6,8.9,100.0,100.0,7.6,8.9,188.5,183.5,1002.1,1001.9,-5.43,385.54,-0.01,29.0797,11.0458,285.1,48.5,1486.488, NAN, NAN, NAN, NAN,,2024/04/03 09:37:47.726,2024-04-03 09:37:47.726000+00:00
2024/04/03, 09:38:47.726,35.95,-75.124,-0.05,219.06,130.6,0.04,14.2,14.2,999.9,999.9,0.0,0.0,11.85,10.06,328,325,8.2,9.4,100.0,100.0,8.2,9.4,187.1,184.1,1002.0,1002.0,-5.39,386.71,-0.02,29.0784,11.0447,285.1,48.1,1486.483, NAN, NAN, NAN, NAN,,2024/04/03 09:38:47.726,2024-04-03 09:38:47.726000+00:00
2024/04/03, 09:39:47.726,35.95,-75.124,0.09,215.91,291.84,0.98,14.3,14.3,999.8,999.7,0.0,0.0,11.85,10.06,331,327,7.6,9.2,100.0,100.0,7.7,9.4,183.3,180.0,1001.9,1001.8,-5.4,384.84,-0.01,29.0851,11.0293,294.8,48.2,1486.436, NAN, NAN, NAN, NAN,,2024/04/03 09:39:47.726,2024-04-03 09:39:47.726000+00:00
2024/04/03, 09:40:47.726,35.95,-75.124,0.16,218.48,89.98,0.54,14.2,14.2,1000.1,999.7,0.0,0.0,11.85,10.06,334,330,7.5,8.9,100.0,100.0,7.6,9.0,194.3,190.1,1002.2,1001.8,-5.33,386.33,-0.01,29.0756,10.9776,285.1,47.8,1486.241, NAN, NAN, NAN, NAN,,2024/04/03 09:40:47.726,2024-04-03 09:40:47.726000+00:00
2024/04/03, 09:41:47.726,35.95,-75.124,0.21,217.18,215.69,0.25,14.3,14.2,1000.1,999.9,0.0,0.0,11.85,10.06,337,333,8.6,9.5,100.0,100.0,8.6,9.5,193.3,189.4,1002.2,1002.0,-5.49,388.09,-0.02,29.079,10.9981,288.4,48.2,1486.318, NAN, NAN, NAN, NAN,,2024/04/03 09:41:47.726,2024-04-03 09:41:47.726000+00:00
2024/04/03, 09:42:47.726,35.95,-75.124,0.1,217.89,101.18,0.42,14.4,14.4,999.8,999.8,0.0,0.0,11.85,10.06,337,333,8.7,9.4,100.0,100.0,8.8,9.5,196.2,192.1,1001.9,1001.9,-5.56,388.13,-0.01,29.084,11.0153,285.1,47.3,1486.385, NAN, NAN, NAN, NAN,,2024/04/03 09:42:47.726,2024-04-03 09:42:47.726000+00:00
2024/04/03, 09:43:47.726,35.95,-75.124,0.1,216.25,172.97,0.14,14.5,14.6,1000.1,1000.0,0.0,0.0,11.85,10.06,338,332,9.5,9.8,100.0,100.0,9.4,9.7,194.6,188.5,1002.2,1002.1,-5.59,389.08,-0.02,29.0919,11.0166,290.4,48.2,1486.399, NAN, NAN, NAN, NAN,,2024/04/03 09:43:47.726,2024-04-03 09:43:47.726000+00:00
2024/04/03, 09:44:47.726,35.95,-75.124,0.05,219.78,335.73,0.21,14.6,14.6,1000.1,1000.0,0.0,0.0,11.85,10.06,337,331,9.1,9.7,100.0,100.0,9.2,9.8,197.3,191.3,1002.2,1002.1,-5.49,387.41,-0.01,29.0944,11.0111,289.1,48.1,1486.383, NAN, NAN, NAN, NAN,,2024/04/03 09:44:47.726,2024-04-03 09:44:47.726000+00:00
2024/04/03, 09:45:47.726,35.95,-75.124,0.11,217.48,262.5,0.29,14.5,14.5,999.9,1000.1,0.0,0.0,11.85,10.06,333,329,8.3,9.3,100.0,100.0,8.3,9.3,189.5,185.6,1002.0,1002.2,-5.42,385.35,-0.02,29.0918,11.0161,288.0,48.2,1486.397, NAN, NAN, NAN, NAN,,2024/04/03 09:45:47.726,2024-04-03 09:45:47.726000+00:00
2024/04/03, 09:46:47.726,35.95,-75.124,0.09,217.03,110.13,0.23,14.4,14.4,999.8,999.7,0.0,0.0,11.85,10.06,332,327,7.6,8.8,100.0,100.0,7.6,8.7,189.8,184.7,1001.9,1001.8,-5.4,384.16,-0.01,29.073,11.0179,284.6,48.4,1486.381, NAN, NAN, NAN, NAN,,2024/04/03 09:46:47.726,2024-04-03 09:46:47.726000+00:00
2024/04/03, 09:47:47.726,35.95,-75.124,-0.01,217.76,64.19,0.34,14.4,14.3,999.8,999.8,0.0,0.0,11.85,10.06,331,326,7.2,8.4,100.0,100.0,7.3,8.5,189.9,184.8,1001.9,1001.9,-5.34,383.17,-0.01,29.0583,11.0196,290.0,48.6,1486.369, NAN, NAN, NAN, NAN,,2024/04/03 09:47:47.726,2024-04-03 09:47:47.726000+00:00
2024/04/03, 09:48:47.726,35.95,-75.124,-0.15,217.48,79.97,0.22,14.3,14.3,999.6,999.6,0.0,0.0,11.85,10.06,328,325,7.2,8.6,100.0,100.0,7.3,8.7,184.7,181.9,1001.7,1001.7,-5.36,382.14,-0.01,29.0502,11.0182,288.8,47.7,1486.355, NAN, NAN, NAN, NAN,,2024/04/03 09:48:47.726,2024-04-03 09:48:47.726000+00:00
2024/04/03, 09:49:47.726,35.95,-75.124,0.18,218.78,315.8,0.41,14.3,14.3,999.5,999.4,0.0,0.0,11.85,10.06,327,324,7.5,9.0,100.0,100.0,7.6,9.1,184.5,181.7,1001.6,1001.5,-5.43,381.44,-0.01,29.0453,11.014,289.4,48.1,1486.334, NAN, NAN, NAN, NAN,,2024/04/03 09:49:47.726,2024-04-03 09:49:47.726000+00:00
2024/04/03, 09:50:47.726,35.95,-75.124,-0.08,219.91,89.9,0.28,14.3,14.3,999.6,999.3,0.0,0.0,11.85,10.06,325,321,6.9,8.5,100.0,100.0,6.9,8.5,186.1,181.9,1001.7,1001.4,-5.43,381.11,-0.02,29.0456,11.0101,291.5,47.5,1486.32, NAN, NAN, NAN, NAN,,2024/04/03 09:50:47.726,2024-04-03 09:50:47.726000+00:00
2024/04/03, 09:51:47.726,35.95,-75.124,0.11,217.87,81.15,0.37,14.2,14.2,999.6,999.5,0.0,0.0,11.85,10.06,325,322,6.9,8.8,100.0,100.0,6.9,8.8,184.4,181.1,1001.7,1001.6,-5.36,380.76,-0.01,29.0522,11.0052,291.8,46.9,1486.311, NAN, NAN, NAN, NAN,,2024/04/03 09:51:47.726,2024-04-03 09:51:47.726000+00:00
2024/04/03, 09:52:47.726,35.95,-75.124,0.11,214.09,282.3,0.56,14.2,14.2,999.9,999.8,0.0,0.0,11.85,10.06,334,328,7.2,7.9,100.0,100.0,7.3,8.0,185.9,180.1,1002.0,1001.9,-5.43,381.18,-0.02,29.0547,10.9861,291.3,48.0,1486.246, NAN, NAN, NAN, NAN,,2024/04/03 09:52:47.726,2024-04-03 09:52:47.726000+00:00
2024/04/03, 09:53:47.727,35.95,-75.124,-0.02,217.9,325.68,0.12,14.2,14.2,999.9,999.8,0.0,0.0,11.85,10.06,336,331,8.2,8.6,100.0,100.0,8.3,8.7,194.0,189.0,1002.0,1001.9,-5.44,380.78,-0.02,29.0552,10.987,292.1,48.2,1486.25, NAN, NAN, NAN, NAN,,2024/04/03 09:53:47.727,2024-04-03 09:53:47.727000+00:00
2024/04/03, 09:54:47.727,35.95,-75.124,0.11,219.35,79.67,0.56,14.2,14.2,999.8,999.7,0.0,0.0,11.85,10.06,331,327,7.5,8.9,100.0,100.0,7.6,9.0,192.4,188.1,1001.9,1001.8,-5.46,380.46,-0.01,29.0607,10.9908,288.8,48.2,1486.27, NAN, NAN, NAN, NAN,,2024/04/03 09:54:47.727,2024-04-03 09:54:47.727000+00:00
2024/04/03, 09:55:47.727,35.95,-75.124,0.16,217.28,105.02,0.43,14.2,14.3,999.8,999.7,0.0,0.0,11.85,10.06,330,326,7.7,9.0,100.0,100.0,7.6,8.9,188.9,184.6,1001.9,1001.8,-5.48,378.56,-0.01,29.0709,10.994,291.3,48.1,1486.293, NAN, NAN, NAN, NAN,,2024/04/03 09:55:47.727,2024-04-03 09:55:47.727000+00:00
2024/04/03, 09:56:47.727,35.95,-75.124,0.12,219.32,47.8,0.31,14.3,14.3,999.6,999.7,0.0,0.0,11.85,10.06,326,323,7.7,9.2,100.0,100.0,7.8,9.3,186.4,183.2,1001.7,1001.8,-5.52,375.94,-0.01,29.0748,10.9959,291.5,47.7,1486.305, NAN, NAN, NAN, NAN,,2024/04/03 09:56:47.727,2024-04-03 09:56:47.727000+00:00
2024/04/03, 09:57:47.727,35.95,-75.124,0.15,215.97,268.8,0.43,14.3,14.3,999.7,999.5,0.0,0.0,11.85,10.06,328,325,7.7,8.9,100.0,100.0,7.6,8.8,182.4,179.6,1001.8,1001.6,-5.46,373.88,-0.01,29.0763,10.9926,295.8,48.4,1486.295, NAN, NAN, NAN, NAN,,2024/04/03 09:57:47.727,2024-04-03 09:57:47.727000+00:00
2024/04/03, 09:58:47.727,35.95,-75.124,0.23,217.72,94.93,0.69,14.3,14.3,999.7,999.5,0.0,0.0,11.85,10.06,328,325,7.6,9.1,100.0,100.0,7.6,9.1,188.4,184.9,1001.8,1001.6,-5.51,372.28,-0.01,29.0875,10.989,291.0,47.3,1486.296, NAN, NAN, NAN, NAN,,2024/04/03 09:58:47.727,2024-04-03 09:58:47.727000+00:00
2024/04/03, 09:59:47.727,35.95,-75.124,0.06,219.03,31.5,0.32,14.2,14.3,999.8,999.7,0.0,0.0,11.85,10.06,330,326,7.8,9.0,100.0,100.0,7.9,9.1,189.8,185.7,1001.9,1001.8,-5.49,371.82,-0.01,29.0847,10.9894,290.4,48.1,1486.294, NAN, NAN, NAN, NAN,,2024/04/03 09:59:47.727,2024-04-03 09:59:47.727000+00:00
2024/04/03, 10:00:47.727,35.95,-75.124,0.05,218.27,54.78,0.19,14.2,14.3,999.8,999.8,0.0,0.0,11.85,10.06,331,328,8.4,9.6,100.0,100.0,8.4,9.6,189.9,186.8,1001.9,1001.9,-5.47,370.97,-0.01,29.0839,10.9904,291.3,48.1,1486.296, NAN, NAN, NAN, NAN,,2024/04/03 10:00:47.727,2024-04-03 10:00:47.727000+00:00
2024/04/03, 10:01:47.727,35.95,-75.124,-0.05,218.99,91.6,0.9,14.2,14.2,999.8,999.5,0.0,0.0,11.85,10.06,329,325,7.8,9.6,100.0,100.0,7.9,9.7,191.3,186.7,1001.9,1001.6,-5.52,372.17,-0.01,29.0806,10.9906,291.3,47.5,1486.293, NAN, NAN, NAN, NAN,,2024/04/03 10:01:47.727,2024-04-03 10:01:47.727000+00:00
2024/04/03, 10:02:47.727,35.95,-75.124,0.24,218.86,351.93,0.38,14.1,14.2,999.9,999.8,0.0,0.0,11.85,10.06,330,326,8.4,10.0,100.0,100.0,8.6,10.2,188.2,184.3,1002.0,1001.9,-5.54,372.69,-0.01,29.0742,10.9879,291.3,48.0,1486.276, NAN, NAN, NAN, NAN,,2024/04/03 10:02:47.727,2024-04-03 10:02:47.727000+00:00
2024/04/03, 10:03:47.727,35.95,-75.124,0.13,216.67,21.84,0.06,14.1,14.1,999.9,999.9,0.0,0.0,11.85,10.06,330,326,7.9,9.3,100.0,100.0,7.9,9.3,186.5,182.5,1002.0,1002.0,-5.49,374.19,-0.01,29.0656,10.9838,292.4,48.5,1486.251, NAN, NAN, NAN, NAN,,2024/04/03 10:03:47.727,2024-04-03 10:03:47.727000+00:00
2024/04/03, 10:04:47.727,35.95,-75.124,0.06,217.76,272.74,0.25,14.1,14.1,1000.1,999.9,0.0,0.0,11.85,10.06,330,326,8.0,9.4,100.0,100.0,7.9,9.3,187.3,183.3,1002.2,1002.0,-5.6,375.04,-0.02,29.0681,10.9874,293.1,48.0,1486.267, NAN, NAN, NAN, NAN,,2024/04/03 10:04:47.727,2024-04-03 10:04:47.727000+00:00
2024/04/03, 10:05:47.727,35.95,-75.124,0.04,216.68,110.67,0.1,14.0,14.1,999.8,999.7,0.0,0.0,11.85,10.06,335,330,8.0,8.9,100.0,100.0,8.0,8.9,191.5,186.5,1001.9,1001.8,-5.48,376.01,-0.01,29.0658,10.9895,291.8,48.0,1486.271, NAN, NAN, NAN, NAN,,2024/04/03 10:05:47.727,2024-04-03 10:05:47.727000+00:00
2024/04/03, 10:06:47.727,35.95,-75.124,0.05,219.51,289.46,0.77,14.0,14.1,999.9,999.9,0.0,0.0,11.85,10.06,329,326,8.2,9.8,100.0,100.0,8.3,9.9,185.9,183.3,1002.0,1002.0,-5.55,377.63,-0.01,29.065,10.9861,294.4,48.2,1486.258, NAN, NAN, NAN, NAN,,2024/04/03 10:06:47.727,2024-04-03 10:06:47.727000+00:00
2024/04/03, 10:07:47.727,35.95,-75.124,0.15,216.6,235.38,0.09,14.0,14.1,999.9,999.9,0.0,0.0,11.85,10.06,330,327,8.2,9.9,100.0,100.0,8.2,9.9,186.3,183.4,1002.0,1002.0,-5.46,378.6,-0.01,29.0681,10.9839,292.4,47.8,1486.254, NAN, NAN, NAN, NAN,,2024/04/03 10:07:47.727,2024-04-03 10:07:47.727000+00:00
2024/04/03, 10:08:47.727,35.95,-75.123,-0.22,217.13,283.36,0.24,14.0,14.0,1000.0,999.9,0.0,0.0,11.85,10.06,334,330,7.9,8.7,100.0,100.0,7.9,8.7,192.0,187.9,1002.1,1002.0,-5.48,379.14,-0.01,29.0766,10.9844,292.1,48.6,1486.266, NAN, NAN, NAN, NAN,,2024/04/03 10:08:47.727,2024-04-03 10:08:47.727000+00:00
2024/04/03, 10:09:47.728,35.95,-75.123,-0.23,219.28,26.44,0.5,14.0,14.0,1000.1,999.8,0.0,0.0,11.85,10.06,330,326,7.5,8.8,100.0,100.0,7.6,8.9,190.9,186.8,1002.2,1001.9,-5.46,379.0,-0.01,29.0771,10.9887,291.0,48.3,1486.282, NAN, NAN, NAN, NAN,,2024/04/03 10:09:47.728,2024-04-03 10:09:47.728000+00:00
2024/04/03, 10:10:47.728,35.95,-75.123,-0.29,218.24,108.02,0.76,14.0,14.0,1000.1,999.8,0.0,0.0,11.85,10.06,326,323,7.7,9.3,100.0,100.0,7.7,9.3,187.1,183.6,1002.2,1001.9,-5.51,379.17,-0.01,29.0779,10.9863,293.4,48.2,1486.274, NAN, NAN, NAN, NAN,,2024/04/03 10:10:47.728,2024-04-03 10:10:47.728000+00:00
2024/04/03, 10:11:47.728,35.95,-75.123,-0.28,217.32,79.38,0.77,14.0,14.0,1000.1,999.9,0.0,0.0,11.85,10.06,327,324,7.5,9.2,100.0,100.0,7.6,9.3,187.2,183.7,1002.2,1002.0,-5.59,379.12,-0.0,29.0745,10.9717,290.7,48.3,1486.218, NAN, NAN, NAN, NAN,,2024/04/03 10:11:47.728,2024-04-03 10:11:47.728000+00:00
2024/04/03, 10:12:47.728,35.95,-75.123,-0.36,218.67,303.67,0.43,14.0,14.0,999.9,999.9,0.0,0.0,11.85,10.06,328,326,7.9,9.1,100.0,100.0,8.1,9.3,186.6,184.7,1002.0,1002.0,-5.5,379.52,-0.01,29.0735,10.9752,290.4,48.2,1486.23, NAN, NAN, NAN, NAN,,2024/04/03 10:12:47.728,2024-04-03 10:12:47.728000+00:00
2024/04/03, 10:13:47.728,35.95,-75.123,-0.63,217.26,76.52,1.11,14.1,14.1,999.8,999.7,0.0,0.0,11.85,10.06,326,323,7.9,9.9,100.0,100.0,8.1,10.1,187.0,183.3,1001.9,1001.8,-5.58,381.18,0.0,29.0717,10.982,291.0,47.8,1486.252, NAN, NAN, NAN, NAN,,2024/04/03 10:13:47.728,2024-04-03 10:13:47.728000+00:00
2024/04/03, 10:14:47.728,35.951,-75.122,-0.74,217.23,100.79,0.65,14.2,14.2,999.8,999.5,0.0,0.0,11.85,10.06,324,322,7.5,9.1,100.0,100.0,7.6,9.2,183.6,181.2,1001.9,1001.6,-5.52,380.18,0.01,29.0692,10.9817,285.1,48.0,1486.248, NAN, NAN, NAN, NAN,,2024/04/03 10:14:47.728,2024-04-03 10:14:47.728000+00:00
2024/04/03, 10:15:47.728,35.951,-75.122,-0.74,218.36,51.89,0.79,14.3,14.3,999.8,999.8,0.0,0.0,11.85,10.06,326,322,7.5,8.9,100.0,100.0,7.7,9.0,187.2,182.8,1001.9,1001.9,-5.6,381.06,0.02,29.0614,10.9832,288.0,48.6,1486.243, NAN, NAN, NAN, NAN,,2024/04/03 10:15:47.728,2024-04-03 10:15:47.728000+00:00
2024/04/03, 10:16:47.728,35.951,-75.122,-0.65,219.04,40.53,0.91,14.3,14.3,1000.1,999.7,0.0,0.0,11.85,10.06,325,322,7.8,9.7,100.0,100.0,8.0,9.9,187.2,183.6,1002.2,1001.8,-5.49,382.37,0.02,29.0563,10.9792,287.6,48.1,1486.223, NAN, NAN, NAN, NAN,,2024/04/03 10:16:47.728,2024-04-03 10:16:47.728000+00:00
2024/04/03, 10:17:47.728,35.951,-75.122,0.25,216.85,108.76,1.02,14.3,14.3,999.8,999.7,0.0,0.0,11.85,10.06,330,326,8.2,9.7,100.0,100.0,8.1,9.5,190.4,185.8,1001.9,1001.8,-5.44,383.16,0.03,29.0471,10.9849,286.0,48.6,1486.232, NAN, NAN, NAN, NAN,,2024/04/03 10:17:47.728,2024-04-03 10:17:47.728000+00:00
2024/04/03, 10:18:47.728,35.951,-75.122,0.0,217.14,261.58,0.22,14.3,14.4,999.8,999.6,0.0,0.0,11.85,10.06,330,326,8.2,9.2,100.0,100.0,8.3,9.3,186.5,182.6,1001.9,1001.7,-5.47,384.89,0.05,29.0473,10.9883,289.7,48.6,1486.245, NAN, NAN, NAN, NAN,,2024/04/03 10:18:47.728,2024-04-03 10:18:47.728000+00:00
2024/04/03, 10:19:47.728,35.951,-75.122,-0.01,218.94,230.99,0.06,14.4,14.4,999.9,999.8,0.0,0.0,11.85,10.06,332,328,8.4,9.4,100.0,100.0,8.4,9.4,191.0,187.0,1002.0,1001.9,-5.46,385.01,0.06,29.0432,10.9917,287.6,48.8,1486.252, NAN, NAN, NAN, NAN,,2024/04/03 10:19:47.728,2024-04-03 10:19:47.728000+00:00
2024/04/03, 10:20:47.728,35.951,-75.122,0.06,216.55,122.23,0.38,14.4,14.4,999.9,999.8,0.0,0.0,11.85,10.06,331,327,7.9,8.8,100.0,100.0,7.9,8.7,188.9,184.8,1002.0,1001.9,-5.42,385.33,0.08,29.0455,10.9926,286.4,48.9,1486.258, NAN, NAN, NAN, NAN,,2024/04/03 10:20:47.728,2024-04-03 10:20:47.728000+00:00
2024/04/03, 10:21:47.728,35.951,-75.122,0.0,216.32,98.34,0.23,14.4,14.4,999.7,999.7,0.0,0.0,11.85,10.06,334,329,7.9,8.8,100.0,100.0,7.9,8.8,191.1,186.1,1001.8,1001.8,-5.33,386.23,0.1,29.0563,10.9925,288.8,48.7,1486.27, NAN, NAN, NAN, NAN,,2024/04/03 10:21:47.728,2024-04-03 10:21:47.728000+00:00
2024/04/03, 10:22:47.728,35.951,-75.122,0.04,217.19,153.25,0.45,14.4,14.4,999.9,999.8,0.0,0.0,11.85,10.06,333,329,7.7,8.9,100.0,100.0,7.5,8.7,191.2,187.0,1002.0,1001.9,-5.42,386.14,0.13,28.8329,10.9908,292.1,48.2,1485.996, NAN, NAN, NAN, NAN,,2024/04/03 10:22:47.728,2024-04-03 10:22:47.728000+00:00
2024/04/03, 10:23:47.728,35.951,-75.122,0.11,219.48,96.33,0.23,14.4,14.4,1000.1,999.9,0.0,0.0,11.85,10.06,333,328,8.1,9.3,100.0,100.0,8.1,9.2,193.3,188.1,1002.2,1002.0,-5.35,386.36,0.16,29.0344,10.9902,293.7,47.8,1486.236, NAN, NAN, NAN, NAN,,2024/04/03 10:23:47.728,2024-04-03 10:23:47.728000+00:00
2024/04/03, 10:24:47.729,35.951,-75.122,0.02,216.53,114.54,0.44,14.4,14.4,999.8,999.7,0.0,0.0,11.85,10.06,333,328,8.1,9.4,100.0,100.0,8.0,9.3,191.0,185.8,1001.9,1001.8,-5.34,387.08,0.2,29.0312,10.9889,296.4,48.4,1486.227, NAN, NAN, NAN, NAN,,2024/04/03 10:24:47.729,2024-04-03 10:24:47.729000+00:00
2024/04/03, 10:25:47.729,35.951,-75.122,0.07,215.52,266.1,0.13,14.4,14.4,1000.1,999.9,0.0,0.0,11.85,10.06,337,331,8.0,8.5,100.0,100.0,8.0,8.5,193.0,187.0,1002.2,1002.0,-5.34,386.17,0.28,29.0334,10.9871,295.8,48.6,1486.224, NAN, NAN, NAN, NAN,,2024/04/03 10:25:47.729,2024-04-03 10:25:47.729000+00:00
2024/04/03, 10:26:47.729,35.951,-75.122,-0.04,218.29,353.31,0.45,14.4,14.4,999.8,999.8,0.0,0.0,11.85,10.06,335,330,8.2,9.0,100.0,100.0,8.3,9.1,191.8,187.0,1001.9,1001.9,-5.31,385.51,0.36,29.0304,10.9859,293.4,48.4,1486.216, NAN, NAN, NAN, NAN,,2024/04/03 10:26:47.729,2024-04-03 10:26:47.729000+00:00
2024/04/03, 10:27:47.729,35.951,-75.122,0.09,217.48,76.84,0.25,14.4,14.4,1000.1,999.8,0.0,0.0,11.85,10.06,335,329,8.4,9.3,100.0,100.0,8.4,9.3,193.4,187.3,1002.2,1001.9,-5.27,385.68,0.46,29.033,10.9849,294.0,48.6,1486.215, NAN, NAN, NAN, NAN,,2024/04/03 10:27:47.729,2024-04-03 10:27:47.729000+00:00
2024/04/03, 10:28:47.729,35.951,-75.122,0.07,218.23,345.52,0.47,14.4,14.4,999.9,999.9,0.0,0.0,11.85,10.06,334,329,8.2,9.2,100.0,100.0,8.0,9.0,193.3,188.1,1002.0,1002.0,-5.27,385.13,0.6,29.042,10.9834,294.4,48.2,1486.221, NAN, NAN, NAN, NAN,,2024/04/03 10:28:47.729,2024-04-03 10:28:47.729000+00:00
2024/04/03, 10:29:47.729,35.951,-75.122,-0.02,216.42,201.94,0.06,14.4,14.4,999.8,999.8,0.0,0.0,11.85,10.06,335,330,7.9,9.1,100.0,100.0,7.9,9.1,191.2,186.3,1001.9,1001.9,-5.24,384.43,0.76,29.0391,10.9794,298.8,48.2,1486.203, NAN, NAN, NAN, NAN,,2024/04/03 10:29:47.729,2024-04-03 10:29:47.729000+00:00
2024/04/03, 10:30:47.729,35.951,-75.122,-0.01,216.74,302.07,0.22,14.4,14.4,1000.1,1000.0,0.0,0.0,11.85,10.06,337,332,8.1,8.4,100.0,100.0,8.2,8.5,193.1,188.2,1002.2,1002.1,-5.26,384.78,1.0,29.0405,10.977,296.1,48.9,1486.196, NAN, NAN, NAN, NAN,,2024/04/03 10:30:47.729,2024-04-03 10:30:47.729000+00:00
2024/04/03, 10:31:47.729,35.951,-75.122,0.01,220.39,290.73,0.82,14.4,14.4,1000.1,999.9,0.0,0.0,11.85,10.06,334,330,8.1,8.9,100.0,100.0,8.3,9.1,191.7,188.0,1002.2,1002.0,-5.19,384.51,1.24,29.0384,10.9775,301.6,48.2,1486.196, NAN, NAN, NAN, NAN,,2024/04/03 10:31:47.729,2024-04-03 10:31:47.729000+00:00
2024/04/03, 10:32:47.729,35.951,-75.122,0.1,215.99,122.8,0.71,14.4,14.4,999.9,999.8,0.0,0.0,11.85,10.06,335,330,8.1,8.9,100.0,100.0,8.0,8.8,193.5,188.2,1002.0,1001.9,-5.17,384.23,1.52,29.0512,10.9766,302.2,47.1,1486.208, NAN, NAN, NAN, NAN,,2024/04/03 10:32:47.729,2024-04-03 10:32:47.729000+00:00
2024/04/03, 10:33:47.729,35.951,-75.122,0.18,218.48,231.11,0.67,14.4,14.4,999.9,999.9,0.0,0.0,11.85,10.06,338,333,8.2,8.6,100.0,100.0,8.1,8.5,194.1,189.2,1002.0,1002.0,-5.01,384.56,1.86,29.0531,10.9741,298.5,47.4,1486.201, NAN, NAN, NAN, NAN,,2024/04/03 10:33:47.729,2024-04-03 10:33:47.729000+00:00
2024/04/03, 10:34:47.729,35.951,-75.122,0.0,216.73,105.95,0.37,14.4,14.4,1000.1,1000.0,0.0,0.0,11.85,10.06,336,331,8.3,8.8,100.0,100.0,8.3,8.8,194.0,189.0,1002.2,1002.1,-4.91,383.67,2.25,29.0586,10.9715,299.5,47.8,1486.198, NAN, NAN, NAN, NAN,,2024/04/03 10:34:47.729,2024-04-03 10:34:47.729000+00:00
2024/04/03, 10:35:47.729,35.951,-75.122,0.07,215.6,234.58,0.28,14.4,14.4,1000.1,1000.0,0.0,0.0,11.85,10.06,338,333,8.2,8.5,100.0,100.0,8.1,8.4,192.9,187.9,1002.2,1002.1,-4.82,383.18,2.8,29.0491,10.9695,302.5,48.8,1486.18, NAN, NAN, NAN, NAN,,2024/04/03 10:35:47.729,2024-04-03 10:35:47.729000+00:00
2024/04/03, 10:36:47.729,35.951,-75.122,-0.07,218.47,100.25,0.4,14.4,14.4,1000.1,999.8,0.0,0.0,11.85,10.06,334,329,8.2,9.2,100.0,100.0,8.3,9.3,193.8,188.7,1002.2,1001.9,-4.6,382.36,3.34,29.0551,10.9673,298.5,48.6,1486.179, NAN, NAN, NAN, NAN,,2024/04/03 10:36:47.729,2024-04-03 10:36:47.729000+00:00
2024/04/03, 10:37:47.729,35.951,-75.122,0.07,217.89,265.11,0.58,14.4,14.4,1000.1,999.9,0.0,0.0,11.85,10.06,337,332,8.6,9.1,100.0,100.0,8.6,9.2,192.9,188.1,1002.2,1002.0,-4.45,381.24,3.96,29.0559,10.965,304.1,48.8,1486.172, NAN, NAN, NAN, NAN,,2024/04/03 10:37:47.729,2024-04-03 10:37:47.729000+00:00
2024/04/03, 10:38:47.729,35.951,-75.122,0.12,216.51,259.33,0.29,14.4,14.4,1000.1,999.8,0.0,0.0,11.85,10.06,339,333,8.6,8.7,100.0,100.0,8.6,8.7,194.6,188.6,1002.2,1001.9,-4.34,379.66,4.67,29.0583,10.9607,301.1,48.6,1486.16, NAN, NAN, NAN, NAN,,2024/04/03 10:38:47.729,2024-04-03 10:38:47.729000+00:00
2024/04/03, 10:39:47.730,35.951,-75.122,0.16,216.93,105.25,0.89,14.3,14.3,1000.1,1000.0,0.0,0.0,11.85,10.06,336,331,8.7,9.3,100.0,100.0,8.6,9.2,195.9,190.7,1002.2,1002.1,-4.21,377.92,5.47,29.0583,10.9568,301.1,48.5,1486.146, NAN, NAN, NAN, NAN,,2024/04/03 10:39:47.730,2024-04-03 10:39:47.730000+00:00
2024/04/03, 10:40:47.730,35.951,-75.122,-0.07,218.73,12.15,0.46,14.3,14.3,999.9,999.9,0.0,0.0,11.85,10.06,334,330,8.3,9.2,100.0,100.0,8.5,9.4,192.0,188.2,1002.0,1002.0,-3.84,376.21,6.59,29.0577,10.9536,301.1,49.1,1486.134, NAN, NAN, NAN, NAN,,2024/04/03 10:40:47.730,2024-04-03 10:40:47.730000+00:00
2024/04/03, 10:41:47.730,35.951,-75.122,0.07,218.21,93.01,0.45,14.3,14.3,999.8,999.9,0.0,0.0,11.85,10.06,332,327,7.9,9.1,100.0,100.0,7.9,9.1,191.9,186.6,1001.9,1002.0,-3.45,375.76,7.61,29.0669,10.9515,298.2,48.5,1486.137, NAN, NAN, NAN, NAN,,2024/04/03 10:41:47.730,2024-04-03 10:41:47.730000+00:00
2024/04/03, 10:42:47.730,35.951,-75.122,0.06,216.37,50.04,0.27,14.3,14.3,999.9,999.8,0.0,0.0,11.85,10.06,337,332,8.5,9.4,100.0,100.0,8.6,9.5,192.7,187.8,1002.0,1001.9,-3.24,374.6,8.76,29.0613,10.9485,304.6,49.1,1486.12, NAN, NAN, NAN, NAN,,2024/04/03 10:42:47.730,2024-04-03 10:42:47.730000+00:00
2024/04/03, 10:43:47.730,35.951,-75.122,0.0,218.44,10.69,0.24,14.3,14.3,999.9,999.8,0.0,0.0,11.85,10.06,336,330,8.4,8.9,100.0,100.0,8.5,9.0,194.8,188.8,1002.0,1001.9,-2.61,374.37,10.39,29.0605,10.9437,303.8,50.0,1486.102, NAN, NAN, NAN, NAN,,2024/04/03 10:43:47.730,2024-04-03 10:43:47.730000+00:00
2024/04/03, 10:44:47.730,35.951,-75.122,0.01,219.92,169.73,0.33,14.3,14.3,1000.2,999.9,0.0,0.0,11.85,10.06,334,328,8.4,9.2,100.0,100.0,8.2,9.0,194.3,188.2,1002.3,1002.0,-1.36,374.47,13.68,29.0651,10.9401,304.1,49.8,1486.094, NAN, NAN, NAN, NAN,,2024/04/03 10:44:47.730,2024-04-03 10:44:47.730000+00:00
2024/04/03, 10:45:47.730,35.951,-75.122,0.02,216.3,217.3,0.22,14.3,14.3,1000.2,999.9,0.0,0.0,11.85,10.06,334,329,8.2,9.1,100.0,100.0,8.2,9.1,189.5,184.6,1002.3,1002.0,0.71,374.95,17.87,29.0658,10.9392,306.5,49.6,1486.092, NAN, NAN, NAN, NAN,,2024/04/03 10:45:47.730,2024-04-03 10:45:47.730000+00:00
2024/04/03, 10:46:47.730,35.951,-75.122,0.02,218.19,283.73,0.32,14.3,14.3,999.9,999.7,0.0,0.0,11.85,10.06,335,331,8.3,8.8,100.0,100.0,8.3,8.8,192.1,188.1,1002.0,1001.8,3.06,375.63,22.73,29.0729,10.9362,305.2,49.0,1486.09, NAN, NAN, NAN, NAN,,2024/04/03 10:46:47.730,2024-04-03 10:46:47.730000+00:00
2024/04/03, 10:47:47.730,35.951,-75.122,0.09,217.27,302.45,0.11,14.3,14.3,1000.2,1000.1,0.0,0.0,11.85,10.06,340,334,8.8,8.9,100.0,100.0,8.7,8.8,197.2,191.2,1002.3,1002.2,5.17,376.69,27.17,29.0736,10.9331,307.2,49.5,1486.08, NAN, NAN, NAN, NAN,,2024/04/03 10:47:47.730,2024-04-03 10:47:47.730000+00:00
2024/04/03, 10:48:47.730,35.951,-75.122,-0.06,218.73,256.42,0.33,14.4,14.3,1000.1,999.9,0.0,0.0,11.85,10.06,336,332,8.4,9.0,100.0,100.0,8.4,9.0,193.6,189.7,1002.2,1002.0,6.26,378.19,30.27,29.0823,10.9308,306.2,49.5,1486.082, NAN, NAN, NAN, NAN,,2024/04/03 10:48:47.730,2024-04-03 10:48:47.730000+00:00
2024/04/03, 10:49:47.730,35.951,-75.122,-0.03,220.23,56.78,0.1,14.4,14.4,999.9,999.8,0.0,0.0,11.85,10.06,334,330,8.5,9.7,100.0,100.0,8.5,9.7,194.3,190.3,1002.0,1001.9,6.43,379.89,32.06,29.092,10.9295,303.8,48.2,1486.089, NAN, NAN, NAN, NAN,,2024/04/03 10:49:47.730,2024-04-03 10:49:47.730000+00:00
2024/04/03, 10:50:47.730,35.951,-75.122,0.1,219.63,246.46,0.3,14.4,14.4,999.9,999.8,0.0,0.0,11.85,10.06,335,331,8.5,9.5,100.0,100.0,8.5,9.5,193.6,189.7,1002.0,1001.9,6.65,380.83,33.27,29.0979,10.9292,304.1,48.9,1486.095, NAN, NAN, NAN, NAN,,2024/04/03 10:50:47.730,2024-04-03 10:50:47.730000+00:00
2024/04/03, 10:51:47.730,35.951,-75.122,-0.02,230.77,79.8,0.64,14.4,14.4,1000.2,1000.0,0.0,0.0,11.85,10.06,320,318,8.2,9.6,100.0,100.0,8.2,9.5,193.1,190.7,1002.3,1002.1,6.75,380.54,34.51,29.1078,10.9295,304.1,48.6,1486.108, NAN, NAN, NAN, NAN,,2024/04/03 10:51:47.730,2024-04-03 10:51:47.730000+00:00
2024/04/03, 10:52:47.730,35.951,-75.122,0.12,221.5,296.62,0.11,14.3,14.3,1000.2,1000.0,0.0,0.0,11.85,10.06,329,325,8.4,9.9,100.0,100.0,8.4,9.9,190.3,186.3,1002.3,1002.1,7.18,379.98,36.21,29.1149,10.9209,305.6,48.4,1486.086, NAN, NAN, NAN, NAN,,2024/04/03 10:52:47.730,2024-04-03 10:52:47.730000+00:00
2024/04/03, 10:53:47.730,35.951,-75.122,0.07,220.5,131.67,0.69,14.3,14.3,999.9,999.6,0.0,0.0,11.85,10.06,328,324,8.3,9.6,100.0,100.0,8.1,9.4,190.5,186.2,1002.0,1001.7,7.42,380.68,37.58,29.1203,10.9112,305.2,47.5,1486.058, NAN, NAN, NAN, NAN,,2024/04/03 10:53:47.730,2024-04-03 10:53:47.730000+00:00
2024/04/03, 10:54:47.730,35.951,-75.122,0.11,217.86,131.74,0.17,14.3,14.3,1000.1,999.8,0.0,0.0,11.85,10.06,330,325,8.0,9.6,100.0,100.0,8.0,9.6,188.4,183.3,1002.2,1001.9,7.52,381.47,38.37,29.1239,10.8824,307.8,48.3,1485.959, NAN, NAN, NAN, NAN,,2024/04/03 10:54:47.730,2024-04-03 10:54:47.730000+00:00
2024/04/03, 10:55:47.731,35.951,-75.122,0.06,218.83,121.48,0.78,14.3,14.3,999.9,999.8,0.0,0.0,11.85,10.06,334,329,8.2,8.8,100.0,100.0,8.0,8.6,195.4,190.2,1002.0,1001.9,7.41,382.37,38.33,29.1243,10.8008,308.3,48.6,1485.668, NAN, NAN, NAN, NAN,,2024/04/03 10:55:47.731,2024-04-03 10:55:47.731000+00:00
2024/04/03, 10:56:47.731,35.951,-75.122,0.1,220.28,261.57,0.12,14.3,14.3,999.9,999.8,0.0,0.0,11.85,10.06,330,326,8.3,9.3,100.0,100.0,8.3,9.3,190.0,186.0,1002.0,1001.9,7.02,383.38,37.98,29.1284,10.8438,300.8,48.7,1485.827, NAN, NAN, NAN, NAN,,2024/04/03 10:56:47.731,2024-04-03 10:56:47.731000+00:00
2024/04/03, 10:57:47.731,35.951,-75.122,-0.03,220.53,281.62,0.4,14.3,14.3,1000.1,999.9,0.0,0.0,11.85,10.06,333,328,8.5,9.3,100.0,100.0,8.5,9.3,192.1,187.3,1002.2,1002.0,6.51,383.15,37.48,29.1309,10.8798,305.6,49.0,1485.958, NAN, NAN, NAN, NAN,,2024/04/03 10:57:47.731,2024-04-03 10:57:47.731000+00:00
2024/04/03, 10:58:47.731,35.951,-75.122,-0.1,222.45,269.83,0.54,14.3,14.3,1000.4,1000.2,0.0,0.0,11.85,10.06,332,327,8.5,9.3,100.0,100.0,8.6,9.4,192.6,187.8,1002.5,1002.3,6.21,383.77,36.95,29.1347,10.8988,306.2,47.8,1486.031, NAN, NAN, NAN, NAN,,2024/04/03 10:58:47.731,2024-04-03 10:58:47.731000+00:00
2024/04/03, 10:59:47.731,35.951,-75.122,0.05,220.78,97.5,0.05,14.3,14.3,1000.1,999.9,0.0,0.0,11.85,10.06,332,328,8.2,9.3,100.0,100.0,8.2,9.3,192.6,188.6,1002.2,1002.0,5.54,384.19,36.39,29.1339,10.8933,308.3,48.4,1486.01, NAN, NAN, NAN, NAN,,2024/04/03 10:59:47.731,2024-04-03 10:59:47.731000+00:00
2024/04/03, 11:00:47.731,35.951,-75.122,0.11,220.78,293.24,0.3,14.3,14.3,1000.3,1000.1,0.0,0.0,11.85,10.06,331,327,8.5,9.2,100.0,100.0,8.5,9.3,190.8,186.9,1002.4,1002.2,5.25,384.93,35.77,29.136,10.8763,304.4,48.2,1485.952, NAN, NAN, NAN, NAN,,2024/04/03 11:00:47.731,2024-04-03 11:00:47.731000+00:00
2024/04/03, 11:01:47.731,35.951,-75.122,0.04,218.46,239.77,0.26,14.3,14.3,1000.1,999.8,0.0,0.0,11.85,10.06,335,330,8.7,9.1,100.0,100.0,8.6,9.1,192.7,187.7,1002.2,1001.9,4.89,385.32,35.11,29.1372,10.8856,306.8,48.7,1485.986, NAN, NAN, NAN, NAN,,2024/04/03 11:01:47.731,2024-04-03 11:01:47.731000+00:00
2024/04/03, 11:02:47.731,35.951,-75.122,-0.25,220.06,255.6,0.22,14.3,14.3,1000.0,999.9,0.0,0.0,11.85,10.06,333,329,8.5,9.1,100.0,100.0,8.6,9.2,192.5,188.5,1002.1,1002.0,4.43,384.93,34.69,29.1426,10.8849,306.8,48.3,1485.99, NAN, NAN, NAN, NAN,,2024/04/03 11:02:47.731,2024-04-03 11:02:47.731000+00:00
2024/04/03, 11:03:47.731,35.951,-75.121,-0.39,219.65,309.23,0.32,14.3,14.3,999.9,999.9,0.0,0.0,11.85,10.06,331,327,8.2,9.5,100.0,100.0,8.3,9.6,191.6,187.5,1002.0,1002.0,4.36,385.49,34.54,29.1411,10.8904,306.2,48.4,1486.008, NAN, NAN, NAN, NAN,,2024/04/03 11:03:47.731,2024-04-03 11:03:47.731000+00:00
2024/04/03, 11:04:47.731,35.951,-75.121,-0.45,221.48,335.38,0.53,14.2,14.3,1000.2,1000.0,0.0,0.0,11.85,10.06,333,328,7.9,8.8,100.0,100.0,8.2,9.1,194.6,189.7,1002.3,1002.1,4.35,385.8,34.84,29.1416,10.8942,308.0,48.7,1486.022, NAN, NAN, NAN, NAN,,2024/04/03 11:04:47.731,2024-04-03 11:04:47.731000+00:00
2024/04/03, 11:05:47.731,35.951,-75.121,-0.57,219.22,62.9,0.69,14.2,14.3,1000.2,999.9,0.0,0.0,11.85,10.06,332,328,7.9,9.0,100.0,100.0,8.1,9.2,193.3,189.1,1002.3,1002.0,4.45,386.4,35.51,29.1393,10.8931,307.8,48.8,1486.016, NAN, NAN, NAN, NAN,,2024/04/03 11:05:47.731,2024-04-03 11:05:47.731000+00:00
2024/04/03, 11:06:47.731,35.951,-75.121,-0.7,220.16,63.39,0.79,14.3,14.3,1000.2,1000.1,0.0,0.0,11.85,10.06,331,327,8.1,9.1,100.0,100.0,8.3,9.3,193.4,189.3,1002.3,1002.2,4.95,386.6,36.52,29.1397,10.8996,302.8,48.8,1486.039, NAN, NAN, NAN, NAN,,2024/04/03 11:06:47.731,2024-04-03 11:06:47.731000+00:00
2024/04/03, 11:07:47.731,35.951,-75.121,-0.79,221.2,68.58,0.78,14.3,14.3,1000.1,999.9,0.0,0.0,11.85,10.06,331,326,8.3,9.6,100.0,100.0,8.6,9.8,194.2,189.1,1002.2,1002.0,5.28,387.22,37.85,29.1372,10.9046,306.5,49.1,1486.054, NAN, NAN, NAN, NAN,,2024/04/03 11:07:47.731,2024-04-03 11:07:47.731000+00:00
2024/04/03, 11:08:47.731,35.951,-75.12,-0.91,220.75,347.71,0.9,14.3,14.3,1000.1,1000.0,0.0,0.0,11.85,10.06,328,325,8.6,10.1,100.0,100.0,9.1,10.6,189.1,186.2,1002.2,1002.1,5.83,386.91,39.72,29.138,10.908,305.6,48.6,1486.067, NAN, NAN, NAN, NAN,,2024/04/03 11:08:47.731,2024-04-03 11:08:47.731000+00:00
2024/04/03, 11:09:47.731,35.951,-75.12,-1.04,218.14,72.53,0.92,14.3,14.4,999.8,999.8,0.0,0.0,11.85,10.06,329,325,8.6,9.9,100.0,100.0,8.9,10.2,189.4,185.3,1001.9,1001.9,6.55,386.95,41.51,29.1499,10.9097,305.9,48.2,1486.088, NAN, NAN, NAN, NAN,,2024/04/03 11:09:47.731,2024-04-03 11:09:47.731000+00:00
2024/04/03, 11:10:47.732,35.952,-75.12,-0.87,220.0,67.75,0.91,14.4,14.4,1000.1,999.9,0.0,0.0,11.85,10.06,332,328,8.3,9.3,100.0,100.0,8.6,9.6,194.2,190.1,1002.2,1002.0,7.26,387.23,43.42,29.1531,10.9095,300.8,48.9,1486.091, NAN, NAN, NAN, NAN,,2024/04/03 11:10:47.732,2024-04-03 11:10:47.732000+00:00
2024/04/03, 11:11:47.732,35.952,-75.12,-1.03,223.58,55.49,0.93,14.4,14.4,1000.1,1000.1,0.0,0.0,11.85,10.06,327,324,8.4,9.8,100.0,100.0,8.7,10.1,192.9,189.7,1002.2,1002.2,7.88,387.27,45.3,29.1531,10.9107,303.8,48.9,1486.095, NAN, NAN, NAN, NAN,,2024/04/03 11:11:47.732,2024-04-03 11:11:47.732000+00:00
2024/04/03, 11:12:47.732,35.952,-75.119,-1.09,221.27,28.2,1.23,14.4,14.4,1000.2,999.9,0.0,0.0,11.85,10.06,329,325,8.8,9.6,100.0,100.0,9.3,10.0,192.9,188.9,1002.3,1002.0,8.47,387.96,47.16,29.156,10.9108,305.9,48.4,1486.099, NAN, NAN, NAN, NAN,,2024/04/03 11:12:47.732,2024-04-03 11:12:47.732000+00:00
2024/04/03, 11:13:47.732,35.952,-75.119,-1.3,219.87,85.53,1.7,14.4,14.4,1000.2,1000.3,0.0,0.0,11.85,10.06,330,326,8.4,9.6,100.0,100.0,8.8,9.9,195.1,190.6,1002.3,1002.4,9.03,387.69,49.15,29.1599,10.9105,301.1,48.3,1486.103, NAN, NAN, NAN, NAN,,2024/04/03 11:13:47.732,2024-04-03 11:13:47.732000+00:00
2024/04/03, 11:14:47.732,35.953,-75.119,-1.19,219.98,62.0,1.49,14.4,14.4,1000.3,999.9,0.0,0.0,11.85,10.06,332,328,8.5,9.3,100.0,100.0,9.1,9.9,195.1,191.0,1002.4,1002.0,9.44,388.34,50.74,29.165,10.9122,300.8,48.4,1486.115, NAN, NAN, NAN, NAN,,2024/04/03 11:14:47.732,2024-04-03 11:14:47.732000+00:00
2024/04/03, 11:15:47.732,35.953,-75.118,-1.38,220.77,48.38,1.45,14.4,14.5,1000.1,1000.1,0.0,0.0,11.85,10.06,328,325,8.0,9.2,100.0,100.0,8.6,9.8,191.9,188.7,1002.2,1002.2,9.99,388.27,52.25,29.1734,10.9154,301.1,48.9,1486.136, NAN, NAN, NAN, NAN,,2024/04/03 11:15:47.732,2024-04-03 11:15:47.732000+00:00
2024/04/03, 11:16:47.732,35.953,-75.118,-1.36,218.86,78.6,1.33,14.4,14.5,1000.3,1000.0,0.0,0.0,11.85,10.06,331,326,8.6,9.4,100.0,100.0,9.1,9.9,192.9,187.9,1002.4,1002.1,10.27,389.25,53.48,29.1863,10.9191,301.1,48.7,1486.165, NAN, NAN, NAN, NAN,,2024/04/03 11:16:47.732,2024-04-03 11:16:47.732000+00:00
2024/04/03, 11:17:47.732,35.953,-75.118,-1.3,205.58,46.78,1.59,14.5,14.5,1000.2,1000.2,0.0,0.0,11.85,10.06,341,335,8.4,8.6,100.0,100.0,9.0,9.2,190.0,184.4,1002.3,1002.3,10.45,389.28,54.55,29.2018,10.9226,303.5,48.3,1486.196, NAN, NAN, NAN, NAN,,2024/04/03 11:17:47.732,2024-04-03 11:17:47.732000+00:00
2024/04/03, 11:18:47.732,35.954,-75.117,-1.19,196.97,34.7,1.19,14.5,14.5,1000.2,1000.1,0.0,0.0,11.85,10.06,358,352,8.2,8.1,100.0,100.0,8.8,8.6,196.5,190.9,1002.3,1002.2,10.63,389.68,55.63,29.2165,10.9258,301.4,48.9,1486.225, NAN, NAN, NAN, NAN,,2024/04/03 11:18:47.732,2024-04-03 11:18:47.732000+00:00
2024/04/03, 11:19:47.732,35.954,-75.117,-1.37,202.28,48.39,1.54,14.6,14.6,1000.5,1000.3,0.0,0.0,11.85,10.06,356,351,7.7,7.8,100.0,100.0,8.5,8.5,200.1,195.5,1002.6,1002.4,10.84,389.63,56.52,29.2263,10.9294,302.8,48.4,1486.25, NAN, NAN, NAN, NAN,,2024/04/03 11:19:47.732,2024-04-03 11:19:47.732000+00:00
2024/04/03, 11:20:47.732,35.954,-75.117,-1.25,200.4,48.78,1.24,14.5,14.6,1000.2,1000.3,0.0,0.0,11.85,10.06,356,350,7.5,7.5,100.0,100.0,8.1,8.1,197.7,192.2,1002.3,1002.4,11.28,388.82,57.72,29.2403,10.9285,299.5,48.7,1486.264, NAN, NAN, NAN, NAN,,2024/04/03 11:20:47.732,2024-04-03 11:20:47.732000+00:00
2024/04/03, 11:21:47.732,35.955,-75.117,-1.24,199.25,18.19,1.41,14.5,14.6,1000.2,1000.2,0.0,0.0,11.85,10.06,356,350,7.8,7.6,100.0,100.0,8.5,8.3,196.7,191.2,1002.3,1002.3,11.57,389.72,58.98,29.2544,10.9286,302.8,49.1,1486.281, NAN, NAN, NAN, NAN,,2024/04/03 11:21:47.732,2024-04-03 11:21:47.732000+00:00
2024/04/03, 11:22:47.732,35.955,-75.116,-1.33,200.76,68.22,1.24,14.5,14.5,1000.3,1000.2,0.0,0.0,11.85,10.06,353,348,7.2,7.3,100.0,100.0,7.8,7.9,195.8,191.2,1002.4,1002.3,11.98,389.3,60.27,29.2674,10.9268,299.2,48.6,1486.29, NAN, NAN, NAN, NAN,,2024/04/03 11:22:47.732,2024-04-03 11:22:47.732000+00:00
2024/04/03, 11:23:47.732,35.955,-75.116,-1.37,198.84,44.58,1.67,14.5,14.5,1000.4,1000.2,0.0,0.0,11.85,10.06,355,349,7.8,7.5,100.0,100.0,8.6,8.2,196.7,191.4,1002.5,1002.3,12.43,389.79,61.77,29.3183,10.9209,301.1,48.6,1486.33, NAN, NAN, NAN, NAN,,2024/04/03 11:23:47.732,2024-04-03 11:23:47.732000+00:00
2024/04/03, 11:24:47.732,35.955,-75.116,-1.35,201.41,20.18,1.6,14.5,14.5,1000.2,1000.3,0.0,0.0,11.85,10.06,356,349,7.3,7.4,100.0,100.0,8.1,8.2,197.8,191.5,1002.3,1002.4,12.6,388.89,63.02,29.3253,10.9188,302.2,48.9,1486.331, NAN, NAN, NAN, NAN,,2024/04/03 11:24:47.732,2024-04-03 11:24:47.732000+00:00
2024/04/03, 11:25:47.732,35.956,-75.115,-2.16,200.23,24.78,2.17,14.5,14.5,1000.3,1000.1,0.0,0.0,11.85,10.06,351,346,7.1,7.1,100.0,100.0,8.2,8.2,193.4,189.1,1002.4,1002.2,12.92,389.33,64.27,29.3256,10.9135,302.8,48.8,1486.313, NAN, NAN, NAN, NAN,,2024/04/03 11:25:47.732,2024-04-03 11:25:47.732000+00:00
2024/04/03, 11:26:47.733,35.957,-75.115,-3.24,200.31,38.51,3.51,14.5,14.5,1000.5,1000.4,0.0,0.0,11.85,10.06,353,347,6.9,6.9,100.0,100.0,8.6,8.6,197.2,192.4,1002.6,1002.5,13.35,389.73,65.58,29.3247,10.9057,301.1,48.9,1486.284, NAN, NAN, NAN, NAN,,2024/04/03 11:26:47.733,2024-04-03 11:26:47.733000+00:00
2024/04/03, 11:27:47.733,35.958,-75.114,-4.54,199.26,27.39,4.79,14.5,14.5,1000.2,1000.3,0.0,0.0,11.85,10.06,352,345,6.3,6.2,100.0,100.0,8.7,8.5,196.1,191.1,1002.3,1002.4,13.54,389.8,67.02,29.3486,10.8974,301.1,49.1,1486.283, NAN, NAN, NAN, NAN,,2024/04/03 11:27:47.733,2024-04-03 11:27:47.733000+00:00
2024/04/03, 11:28:47.733,35.959,-75.113,-4.54,201.91,12.47,5.57,14.5,14.6,1000.6,1000.5,0.0,0.0,11.85,10.06,350,344,5.9,5.7,100.0,100.0,8.8,8.5,193.9,189.9,1002.7,1002.6,13.78,389.94,68.7,29.327,10.8881,302.8,48.9,1486.224, NAN, NAN, NAN, NAN,,2024/04/03 11:28:47.733,2024-04-03 11:28:47.733000+00:00
2024/04/03, 11:29:47.733,35.96,-75.113,-4.0,198.56,24.91,5.76,14.5,14.5,1000.5,1000.4,0.0,0.0,11.85,10.06,354,347,5.6,5.4,100.0,100.0,8.5,8.3,196.3,191.8,1002.6,1002.5,14.27,390.51,70.28,29.3213,10.8893,301.1,48.8,1486.221, NAN, NAN, NAN, NAN,,2024/04/03 11:29:47.733,2024-04-03 11:29:47.733000+00:00
2024/04/03, 11:30:47.733,35.962,-75.112,-4.56,200.04,21.5,6.02,14.5,14.6,1000.4,1000.4,0.0,0.0,11.85,10.06,349,344,5.6,5.4,100.0,100.0,8.6,8.4,194.2,191.1,1002.5,1002.5,14.64,390.4,71.83,29.3328,10.8952,305.9,42.1,1486.256, NAN, NAN, NAN, NAN,,2024/04/03 11:30:47.733,2024-04-03 11:30:47.733000+00:00
2024/04/03, 11:31:47.733,35.963,-75.111,-4.95,199.73,31.95,5.87,14.6,14.6,1000.4,1000.4,0.0,0.0,11.85,10.06,351,345,5.7,5.8,100.0,100.0,8.6,8.6,196.9,192.9,1002.5,1002.5,15.05,391.37,73.78,29.366,10.8978,368.4,46.7,1486.305, NAN, NAN, NAN, NAN,,2024/04/03 11:31:47.733,2024-04-03 11:31:47.733000+00:00
2024/04/03, 11:32:47.733,35.965,-75.11,-4.26,200.12,28.18,6.14,14.6,14.6,1000.4,1000.3,0.0,0.0,11.85,10.06,352,345,5.7,5.6,100.0,100.0,8.8,8.6,197.8,193.3,1002.5,1002.4,15.73,390.77,76.48,29.3748,10.9044,392.8,45.0,1486.34, NAN, NAN, NAN, NAN,,2024/04/03 11:32:47.733,2024-04-03 11:32:47.733000+00:00
2024/04/03, 11:33:47.733,35.966,-75.109,-4.74,200.62,20.58,6.1,14.6,14.6,1000.4,1000.2,0.0,0.0,11.85,10.06,348,341,5.7,5.8,100.0,100.0,8.8,8.8,194.0,189.4,1002.5,1002.3,16.47,391.42,79.32,29.4401,10.9174,507.2,43.9,1486.464, NAN, NAN, NAN, NAN,,2024/04/03 11:33:47.733,2024-04-03 11:33:47.733000+00:00
2024/04/03, 11:34:47.733,35.968,-75.108,-4.16,202.18,39.6,4.65,14.7,14.7,1000.4,1000.4,0.0,0.0,11.85,10.06,351,345,5.7,5.7,100.0,100.0,8.0,7.9,199.1,194.9,1002.5,1002.5,17.4,390.8,82.41,29.4192,10.9241,370.5,45.4,1486.463, NAN, NAN, NAN, NAN,,2024/04/03 11:34:47.733,2024-04-03 11:34:47.733000+00:00
2024/04/03, 11:35:47.733,35.969,-75.108,-2.5,201.24,34.3,3.29,14.6,14.7,1000.4,1000.3,0.0,0.0,11.85,10.06,349,344,7.1,7.1,100.0,100.0,8.7,8.6,194.6,190.5,1002.5,1002.4,18.73,391.37,86.14,29.4252,10.9286,348.9,28.1,1486.486, NAN, NAN, NAN, NAN,,2024/04/03 11:35:47.733,2024-04-03 11:35:47.733000+00:00
2024/04/03, 11:36:47.733,35.969,-75.107,-3.26,202.21,39.06,3.53,14.7,14.7,1000.5,1000.5,0.0,0.0,11.85,10.06,354,348,6.8,6.6,100.0,100.0,8.5,8.3,200.2,195.6,1002.6,1002.6,19.81,390.94,90.21,29.8704,10.9339,788.8,38.8,1487.041, NAN, NAN, NAN, NAN,,2024/04/03 11:36:47.733,2024-04-03 11:36:47.733000+00:00
2024/04/03, 11:37:47.733,35.97,-75.106,-2.67,202.08,45.06,2.51,14.7,14.7,1000.5,1000.2,0.0,0.0,11.85,10.06,352,346,7.1,7.2,100.0,100.0,8.3,8.4,197.2,192.1,1002.6,1002.3,21.16,391.6,95.25,29.4456,10.9419,563.2,41.1,1486.558, NAN, NAN, NAN, NAN,,2024/04/03 11:37:47.733,2024-04-03 11:37:47.733000+00:00
2024/04/03, 11:38:47.733,35.971,-75.106,-0.83,202.81,352.77,0.4,14.7,14.7,1000.4,1000.3,0.0,0.0,11.85,10.06,356,351,8.2,8.0,100.0,100.0,8.4,8.2,198.7,193.8,1002.5,1002.4,22.63,391.55,99.66,29.4569,10.9524,319.3,42.9,1486.609, NAN, NAN, NAN, NAN,,2024/04/03 11:38:47.733,2024-04-03 11:38:47.733000+00:00
2024/04/03, 11:39:47.733,35.971,-75.106,0.3,201.09,335.73,0.57,14.7,14.7,1000.5,1000.3,0.0,0.0,11.85,10.06,359,354,8.8,8.5,100.0,100.0,9.1,8.8,199.8,194.9,1002.6,1002.4,24.0,392.79,104.17,29.4663,10.9645,348.9,42.6,1486.664, NAN, NAN, NAN, NAN,,2024/04/03 11:39:47.733,2024-04-03 11:39:47.733000+00:00
2024/04/03, 11:40:47.733,35.971,-75.106,-0.05,199.3,42.07,0.21,14.7,14.8,1000.4,1000.5,0.0,0.0,11.85,10.06,357,352,8.8,8.6,100.0,100.0,8.9,8.7,196.5,191.6,1002.5,1002.6,25.39,392.09,108.77,29.5071,10.9743,305.6,43.1,1486.748, NAN, NAN, NAN, NAN,,2024/04/03 11:40:47.733,2024-04-03 11:40:47.733000+00:00
2024/04/03, 11:41:47.734,35.971,-75.106,-0.05,200.69,265.94,0.32,14.7,14.7,1000.6,1000.2,0.0,0.0,11.85,10.06,357,351,8.8,8.6,100.0,100.0,8.9,8.7,196.7,190.8,1002.7,1002.3,26.99,392.36,113.59,29.557,10.9831,292.4,43.9,1486.839, NAN, NAN, NAN, NAN,,2024/04/03 11:41:47.734,2024-04-03 11:41:47.734000+00:00
2024/04/03, 11:42:47.734,35.971,-75.106,-0.04,199.63,74.31,0.24,14.7,14.8,1000.6,1000.3,0.0,0.0,11.85,10.06,359,352,8.9,8.4,100.0,100.0,9.0,8.5,198.0,191.1,1002.7,1002.4,28.72,392.09,119.57,29.5337,10.9923,294.4,43.8,1486.844, NAN, NAN, NAN, NAN,,2024/04/03 11:42:47.734,2024-04-03 11:42:47.734000+00:00
2024/04/03, 11:43:47.734,35.971,-75.107,-0.27,200.05,68.62,0.25,14.8,14.8,1000.6,1000.6,0.0,0.0,11.85,10.06,1,355,8.3,8.1,100.0,100.0,8.4,8.2,201.0,195.1,1002.7,1002.7,30.4,392.65,124.28,29.5649,10.9981,297.4,44.1,1486.902, NAN, NAN, NAN, NAN,,2024/04/03 11:43:47.734,2024-04-03 11:43:47.734000+00:00
2024/04/03, 11:44:47.734,35.971,-75.107,-0.12,201.2,274.61,0.79,14.8,14.8,1000.4,1000.5,0.0,0.0,11.85,10.06,358,353,9.1,9.0,100.0,100.0,9.1,9.1,196.7,191.7,1002.5,1002.6,31.6,392.95,128.16,29.5567,11.0016,290.4,44.4,1486.905, NAN, NAN, NAN, NAN,,2024/04/03 11:44:47.734,2024-04-03 11:44:47.734000+00:00
2024/04/03, 11:45:47.734,35.971,-75.107,0.01,200.48,267.47,0.5,14.8,14.8,1000.5,1000.5,0.0,0.0,11.85,10.06,2,355,9.1,8.8,100.0,100.0,9.0,8.7,200.9,193.8,1002.6,1002.6,32.43,393.2,130.84,29.552,11.0016,283.0,44.2,1486.899, NAN, NAN, NAN, NAN,,2024/04/03 11:45:47.734,2024-04-03 11:45:47.734000+00:00
2024/04/03, 11:46:47.734,35.971,-75.107,-0.22,199.92,292.01,0.64,14.9,14.8,1000.5,1000.6,0.0,0.0,11.85,10.06,3,358,8.8,8.8,100.0,100.0,8.9,9.0,201.0,196.0,1002.6,1002.7,32.46,394.25,132.48,29.5283,11.0003,288.4,44.7,1486.866, NAN, NAN, NAN, NAN,,2024/04/03 11:46:47.734,2024-04-03 11:46:47.734000+00:00
2024/04/03, 11:47:47.734,35.971,-75.107,-0.24,200.66,273.26,0.68,14.9,14.9,1000.5,1000.5,0.0,0.0,11.85,10.06,3,356,9.0,8.7,100.0,100.0,9.0,8.7,201.4,194.4,1002.6,1002.6,31.31,394.82,131.06,29.5428,10.9994,294.0,44.2,1486.88, NAN, NAN, NAN, NAN,,2024/04/03 11:47:47.734,2024-04-03 11:47:47.734000+00:00
2024/04/03, 11:48:47.734,35.971,-75.107,-0.26,203.44,42.15,0.52,14.9,14.9,1000.6,1000.4,0.0,0.0,11.85,10.06,358,352,7.8,7.9,100.0,100.0,8.1,8.2,201.1,195.3,1002.7,1002.5,30.22,395.04,129.36,29.581,10.9977,293.7,45.7,1486.92, NAN, NAN, NAN, NAN,,2024/04/03 11:48:47.734,2024-04-03 11:48:47.734000+00:00
2024/04/03, 11:49:47.734,35.971,-75.107,0.1,200.7,274.7,0.73,14.8,14.8,1000.5,1000.4,0.0,0.0,11.85,10.06,3,357,8.5,8.2,100.0,100.0,8.3,8.1,201.4,195.2,1002.6,1002.5,29.64,395.45,128.76,29.5556,10.9928,282.7,46.0,1486.872, NAN, NAN, NAN, NAN,,2024/04/03 11:49:47.734,2024-04-03 11:49:47.734000+00:00
2024/04/03, 11:50:47.734,35.971,-75.108,1.51,223.86,197.35,2.14,14.8,14.8,1000.5,1000.5,0.0,0.0,11.85,10.06,341,337,9.1,9.5,100.0,100.0,8.0,8.4,203.5,199.1,1002.6,1002.6,30.45,394.97,131.3,29.5624,10.9846,288.8,46.8,1486.851, NAN, NAN, NAN, NAN,,2024/04/03 11:50:47.734,2024-04-03 11:50:47.734000+00:00
2024/04/03, 11:51:47.734,35.971,-75.108,3.14,227.93,225.66,3.05,14.7,14.8,1000.7,1000.5,0.0,0.0,11.85,10.06,334,328,9.6,10.2,100.0,100.0,8.2,8.9,197.3,190.8,1002.8,1002.6,32.46,392.99,136.28,29.558,10.9706,284.6,45.7,1486.796, NAN, NAN, NAN, NAN,,2024/04/03 11:51:47.734,2024-04-03 11:51:47.734000+00:00
2024/04/03, 11:52:47.734,35.97,-75.109,2.24,233.71,249.9,1.76,14.7,14.7,1000.6,1000.5,0.0,0.0,11.85,10.06,327,324,9.3,10.5,100.0,100.0,8.5,9.8,197.5,194.7,1002.7,1002.6,33.38,392.56,139.89,29.5584,10.9555,286.0,45.3,1486.743, NAN, NAN, NAN, NAN,,2024/04/03 11:52:47.734,2024-04-03 11:52:47.734000+00:00
2024/04/03, 11:53:47.734,35.97,-75.109,1.37,233.37,215.62,1.14,14.6,14.6,1000.8,1000.6,0.0,0.0,11.85,10.06,323,320,8.6,9.8,100.0,100.0,8.1,9.3,194.7,191.8,1002.9,1002.7,33.84,391.99,142.17,29.5671,10.9444,288.8,46.6,1486.713, NAN, NAN, NAN, NAN,,2024/04/03 11:53:47.734,2024-04-03 11:53:47.734000+00:00
2024/04/03, 11:54:47.734,35.97,-75.11,0.91,234.7,249.68,0.81,14.6,14.6,1000.6,1000.4,0.0,0.0,11.85,10.06,322,320,8.1,9.3,100.0,100.0,7.8,9.0,194.6,192.8,1002.7,1002.5,34.4,391.94,144.36,29.5446,10.9376,290.4,46.8,1486.662, NAN, NAN, NAN, NAN,,2024/04/03 11:54:47.734,2024-04-03 11:54:47.734000+00:00
2024/04/03, 11:55:47.734,35.97,-75.11,0.55,236.2,262.54,0.96,14.5,14.6,1000.5,1000.5,0.0,0.0,11.85,10.06,321,320,8.3,9.3,100.0,100.0,8.2,9.2,193.9,193.3,1002.6,1002.6,34.87,392.18,146.37,29.5323,10.9319,297.1,47.1,1486.627, NAN, NAN, NAN, NAN,,2024/04/03 11:55:47.734,2024-04-03 11:55:47.734000+00:00
2024/04/03, 11:56:47.734,35.97,-75.11,0.4,235.18,305.84,1.61,14.6,14.6,1000.5,1000.5,0.0,0.0,11.85,10.06,319,317,8.1,9.6,100.0,100.0,8.5,10.0,189.1,187.9,1002.6,1002.6,35.51,392.31,148.48,29.538,10.9289,294.7,47.3,1486.623, NAN, NAN, NAN, NAN,,2024/04/03 11:56:47.734,2024-04-03 11:56:47.734000+00:00
2024/04/03, 11:57:47.735,35.97,-75.11,0.02,225.2,101.02,0.56,14.6,14.6,1000.6,1000.4,0.0,0.0,11.85,10.06,324,321,8.0,9.2,100.0,100.0,8.0,9.2,191.3,188.0,1002.7,1002.5,36.12,392.37,150.62,29.5659,10.9295,294.7,47.3,1486.659, NAN, NAN, NAN, NAN,,2024/04/03 11:57:47.735,2024-04-03 11:57:47.735000+00:00
2024/04/03, 11:58:47.735,35.97,-75.11,-0.1,212.08,16.09,0.29,14.6,14.6,1000.6,1000.6,0.0,0.0,11.85,10.06,337,333,7.9,8.3,100.0,100.0,8.0,8.4,188.8,184.9,1002.7,1002.7,36.97,392.4,153.15,29.5237,10.9336,296.4,46.6,1486.623, NAN, NAN, NAN, NAN,,2024/04/03 11:58:47.735,2024-04-03 11:58:47.735000+00:00
2024/04/03, 11:59:47.735,35.97,-75.11,0.14,201.06,87.08,0.27,14.6,14.6,1000.5,1000.5,0.0,0.0,11.85,10.06,354,348,7.8,7.9,100.0,100.0,7.9,8.0,195.9,189.9,1002.6,1002.6,37.57,393.08,154.98,29.5215,10.9332,293.7,47.5,1486.619, NAN, NAN, NAN, NAN,,2024/04/03 11:59:47.735,2024-04-03 11:59:47.735000+00:00
2024/04/03, 12:00:47.735,35.97,-75.11,0.08,198.34,92.43,0.51,14.6,14.6,1000.6,1000.5,0.0,0.0,11.85,10.06,359,354,8.0,8.0,100.0,100.0,8.1,8.1,199.1,194.2,1002.7,1002.6,38.06,393.44,157.17,29.5341,10.9177,292.8,48.0,1486.579, NAN, NAN, NAN, NAN,,2024/04/03 12:00:47.735,2024-04-03 12:00:47.735000+00:00
2024/04/03, 12:01:47.735,35.97,-75.11,-0.12,201.14,286.39,0.38,14.6,14.6,1000.6,1000.5,0.0,0.0,11.85,10.06,357,351,7.8,7.9,100.0,100.0,7.8,7.9,196.7,190.8,1002.7,1002.6,38.5,393.0,159.31,29.5386,10.9053,288.0,48.1,1486.54, NAN, NAN, NAN, NAN,,2024/04/03 12:01:47.735,2024-04-03 12:01:47.735000+00:00
2024/04/03, 12:02:47.735,35.97,-75.11,-0.09,201.41,308.03,0.18,14.6,14.7,1000.4,1000.4,0.0,0.0,11.85,10.06,357,352,8.2,8.2,100.0,100.0,8.2,8.2,197.8,192.8,1002.5,1002.5,38.75,393.58,160.77,29.5483,10.9227,286.4,48.5,1486.614, NAN, NAN, NAN, NAN,,2024/04/03 12:02:47.735,2024-04-03 12:02:47.735000+00:00
2024/04/03, 12:03:47.735,35.97,-75.11,-0.03,199.92,84.28,0.33,14.7,14.7,1000.7,1000.6,0.0,0.0,11.85,10.06,356,351,7.9,7.8,100.0,100.0,7.9,7.8,197.1,192.2,1002.8,1002.7,38.74,392.67,162.22,29.5635,10.9386,286.4,48.4,1486.688, NAN, NAN, NAN, NAN,,2024/04/03 12:03:47.735,2024-04-03 12:03:47.735000+00:00
2024/04/03, 12:04:47.735,35.97,-75.11,-0.05,199.96,224.04,0.36,14.6,14.6,1000.4,1000.5,0.0,0.0,11.85,10.06,359,353,8.1,7.9,100.0,100.0,8.0,7.8,197.9,191.8,1002.5,1002.6,38.8,393.36,163.54,29.5716,10.9391,288.4,49.0,1486.7, NAN, NAN, NAN, NAN,,2024/04/03 12:04:47.735,2024-04-03 12:04:47.735000+00:00
2024/04/03, 12:05:47.735,35.97,-75.11,-0.03,199.56,247.16,0.28,14.6,14.6,1000.6,1000.5,0.0,0.0,11.85,10.06,359,353,8.7,8.4,100.0,100.0,8.7,8.4,197.6,191.6,1002.7,1002.6,38.83,394.39,164.71,29.5949,10.9456,290.4,48.9,1486.751, NAN, NAN, NAN, NAN,,2024/04/03 12:05:47.735,2024-04-03 12:05:47.735000+00:00
2024/04/03, 12:06:47.735,35.97,-75.11,-0.19,201.7,320.81,0.23,14.7,14.7,1000.6,1000.5,0.0,0.0,11.85,10.06,1,355,8.7,8.4,100.0,100.0,8.7,8.4,201.9,195.9,1002.7,1002.6,39.09,393.78,166.84,29.5849,10.9565,289.4,48.9,1486.778, NAN, NAN, NAN, NAN,,2024/04/03 12:06:47.735,2024-04-03 12:06:47.735000+00:00
2024/04/03, 12:07:47.735,35.97,-75.11,-0.15,200.04,91.54,0.02,14.7,14.7,1000.6,1000.6,0.0,0.0,11.85,10.06,359,353,8.5,8.2,100.0,100.0,8.5,8.2,199.0,193.0,1002.7,1002.7,39.78,394.19,169.78,29.5796,10.964,288.8,48.8,1486.798, NAN, NAN, NAN, NAN,,2024/04/03 12:07:47.735,2024-04-03 12:07:47.735000+00:00
2024/04/03, 12:08:47.735,35.97,-75.11,-0.19,199.64,158.73,0.46,14.7,14.7,1000.8,1000.6,0.0,0.0,11.85,10.06,1,355,8.3,8.2,100.0,100.0,8.2,8.1,202.2,196.1,1002.9,1002.7,40.62,393.72,173.49,29.5765,10.9693,291.0,48.8,1486.813, NAN, NAN, NAN, NAN,,2024/04/03 12:08:47.735,2024-04-03 12:08:47.735000+00:00
2024/04/03, 12:09:47.735,35.97,-75.11,-0.07,200.13,25.44,0.11,14.6,14.7,1000.7,1000.7,0.0,0.0,11.85,10.06,359,353,8.5,8.2,100.0,100.0,8.5,8.2,199.5,193.5,1002.8,1002.8,42.06,393.46,177.8,29.5989,10.9708,290.0,48.1,1486.846, NAN, NAN, NAN, NAN,,2024/04/03 12:09:47.735,2024-04-03 12:09:47.735000+00:00
2024/04/03, 12:10:47.735,35.97,-75.11,-0.12,198.85,137.66,0.44,14.6,14.7,1000.6,1000.5,0.0,0.0,11.85,10.06,3,356,8.8,8.5,100.0,100.0,8.7,8.4,203.3,196.3,1002.7,1002.6,43.88,393.51,182.16,29.599,10.97,290.4,49.1,1486.843, NAN, NAN, NAN, NAN,,2024/04/03 12:10:47.735,2024-04-03 12:10:47.735000+00:00
2024/04/03, 12:11:47.735,35.97,-75.11,-0.15,201.12,279.59,0.44,14.7,14.7,1000.6,1000.6,0.0,0.0,11.85,10.06,1,355,8.4,8.4,100.0,100.0,8.4,8.5,200.6,194.6,1002.7,1002.7,45.81,393.77,187.53,29.5919,10.9714,285.1,48.8,1486.839, NAN, NAN, NAN, NAN,,2024/04/03 12:11:47.735,2024-04-03 12:11:47.735000+00:00
2024/04/03, 12:12:47.736,35.97,-75.11,-0.23,202.58,36.86,0.24,14.7,14.7,1000.7,1000.6,0.0,0.0,11.85,10.06,0,354,8.5,8.3,100.0,100.0,8.6,8.4,202.2,196.3,1002.8,1002.7,47.66,394.1,191.47,29.601,10.9702,291.5,47.8,1486.846, NAN, NAN, NAN, NAN,,2024/04/03 12:12:47.736,2024-04-03 12:12:47.736000+00:00
2024/04/03, 12:13:47.736,35.97,-75.11,-0.01,199.44,93.63,0.33,14.7,14.7,1000.6,1000.7,0.0,0.0,11.85,10.06,2,355,8.7,8.4,100.0,100.0,8.8,8.4,202.5,195.6,1002.7,1002.8,49.2,393.86,194.5,29.5961,10.9702,290.0,48.2,1486.84, NAN, NAN, NAN, NAN,,2024/04/03 12:13:47.736,2024-04-03 12:13:47.736000+00:00
2024/04/03, 12:14:47.736,35.97,-75.11,-0.12,200.46,286.16,0.33,14.7,14.7,1000.7,1000.8,0.0,0.0,11.85,10.06,2,356,8.7,8.4,100.0,100.0,8.6,8.4,201.4,195.3,1002.8,1002.9,49.79,393.88,195.99,29.6133,10.9666,291.3,48.5,1486.848, NAN, NAN, NAN, NAN,,2024/04/03 12:14:47.736,2024-04-03 12:14:47.736000+00:00
2024/04/03, 12:15:47.736,35.97,-75.11,-0.18,199.95,246.09,0.16,14.7,14.7,1000.7,1000.8,0.0,0.0,11.85,10.06,2,356,8.6,8.6,100.0,100.0,8.6,8.6,201.5,195.4,1002.8,1002.9,49.43,394.23,195.55,29.6037,10.9636,286.0,48.9,1486.826, NAN, NAN, NAN, NAN,,2024/04/03 12:15:47.736,2024-04-03 12:15:47.736000+00:00
2024/04/03, 12:16:47.736,35.97,-75.11,-0.15,200.59,248.3,0.14,14.7,14.7,1000.9,1000.8,0.0,0.0,11.85,10.06,2,356,8.9,8.5,100.0,100.0,8.9,8.5,202.2,196.1,1003.0,1002.9,48.2,394.07,192.94,29.595,10.9625,286.7,49.1,1486.811, NAN, NAN, NAN, NAN,,2024/04/03 12:16:47.736,2024-04-03 12:16:47.736000+00:00
2024/04/03, 12:17:47.736,35.97,-75.11,-0.13,200.31,64.05,0.08,14.7,14.7,1000.6,1000.6,0.0,0.0,11.85,10.06,1,355,8.4,8.2,100.0,100.0,8.4,8.2,201.1,195.1,1002.7,1002.7,46.83,394.14,190.32,29.6037,10.9603,289.4,48.4,1486.814, NAN, NAN, NAN, NAN,,2024/04/03 12:17:47.736,2024-04-03 12:17:47.736000+00:00
2024/04/03, 12:18:47.736,35.97,-75.11,-0.09,200.42,51.84,0.59,14.7,14.7,1000.7,1000.6,0.0,0.0,11.85,10.06,3,357,8.3,8.0,100.0,100.0,8.5,8.2,204.8,199.0,1002.8,1002.7,45.36,393.93,187.64,29.6008,10.9571,286.0,48.8,1486.799, NAN, NAN, NAN, NAN,,2024/04/03 12:18:47.736,2024-04-03 12:18:47.736000+00:00
2024/04/03, 12:19:47.736,35.97,-75.11,-0.1,199.21,256.93,0.64,14.7,14.7,1000.5,1000.6,0.0,0.0,11.85,10.06,3,357,8.4,8.0,100.0,100.0,8.3,8.0,200.0,193.9,1002.6,1002.7,44.15,394.7,185.46,29.5919,10.9533,287.6,48.6,1486.775, NAN, NAN, NAN, NAN,,2024/04/03 12:19:47.736,2024-04-03 12:19:47.736000+00:00
2024/04/03, 12:20:47.736,35.97,-75.11,-0.17,200.4,233.02,0.32,14.7,14.7,1000.7,1000.8,0.0,0.0,11.85,10.06,2,357,8.2,8.0,100.0,100.0,8.1,7.9,201.4,196.3,1002.8,1002.9,43.37,394.35,183.73,29.5913,10.9509,284.3,48.9,1486.766, NAN, NAN, NAN, NAN,,2024/04/03 12:20:47.736,2024-04-03 12:20:47.736000+00:00
2024/04/03, 12:21:47.736,35.97,-75.11,-0.12,201.86,91.75,0.05,14.7,14.7,1000.5,1000.6,0.0,0.0,11.85,10.06,359,354,7.7,7.8,100.0,100.0,7.7,7.8,201.0,196.0,1002.6,1002.7,43.73,394.73,184.38,29.5873,10.9453,287.0,47.3,1486.741, NAN, NAN, NAN, NAN,,2024/04/03 12:21:47.736,2024-04-03 12:21:47.736000+00:00
2024/04/03, 12:22:47.736,35.97,-75.11,-0.15,198.73,54.48,0.29,14.7,14.7,1000.6,1000.6,0.0,0.0,11.85,10.06,3,358,8.1,7.9,100.0,100.0,8.2,8.0,202.3,197.4,1002.7,1002.7,44.99,395.25,186.96,29.5812,10.9365,282.4,48.0,1486.702, NAN, NAN, NAN, NAN,,2024/04/03 12:22:47.736,2024-04-03 12:22:47.736000+00:00
2024/04/03, 12:23:47.736,35.97,-75.11,-0.1,199.88,233.6,0.77,14.7,14.7,1000.6,1000.5,0.0,0.0,11.85,10.06,2,356,8.5,8.4,100.0,100.0,8.1,8.0,201.3,195.0,1002.7,1002.6,46.43,395.39,189.85,29.5785,10.9216,288.4,48.8,1486.646, NAN, NAN, NAN, NAN,,2024/04/03 12:23:47.736,2024-04-03 12:23:47.736000+00:00
2024/04/03, 12:24:47.736,35.97,-75.11,-0.1,199.45,206.38,0.97,14.7,14.8,1000.5,1000.5,0.0,0.0,11.85,10.06,3,357,8.1,8.1,100.0,100.0,7.7,7.7,200.8,194.5,1002.6,1002.6,47.79,395.04,192.36,29.5837,10.9229,282.7,47.8,1486.657, NAN, NAN, NAN, NAN,,2024/04/03 12:24:47.736,2024-04-03 12:24:47.736000+00:00
2024/04/03, 12:25:47.736,35.97,-75.11,0.16,198.92,217.04,0.45,14.8,14.8,1000.6,1000.6,0.0,0.0,11.85,10.06,7,2,8.2,8.1,100.0,100.0,8.0,7.9,205.8,200.7,1002.7,1002.7,48.64,396.17,195.27,29.5792,10.9282,290.4,48.3,1486.67, NAN, NAN, NAN, NAN,,2024/04/03 12:25:47.736,2024-04-03 12:25:47.736000+00:00
2024/04/03, 12:26:47.736,35.969,-75.111,0.31,199.78,167.88,0.62,14.8,14.8,1000.7,1000.7,0.0,0.0,11.85,10.06,4,358,8.5,8.3,100.0,100.0,8.2,8.0,204.1,197.9,1002.8,1002.8,49.06,395.69,196.46,29.5786,10.9321,288.1,48.6,1486.683, NAN, NAN, NAN, NAN,,2024/04/03 12:26:47.736,2024-04-03 12:26:47.736000+00:00
2024/04/03, 12:27:47.736,35.969,-75.111,0.32,200.79,348.86,0.2,14.8,14.8,1000.6,1000.7,0.0,0.0,11.85,10.06,3,358,8.3,8.3,100.0,100.0,8.3,8.3,203.1,198.1,1002.7,1002.8,48.82,395.47,196.39,29.5733,10.9334,294.0,48.9,1486.682, NAN, NAN, NAN, NAN,,2024/04/03 12:27:47.736,2024-04-03 12:27:47.736000+00:00
2024/04/03, 12:28:47.737,35.969,-75.111,0.46,200.55,225.52,1.22,14.8,14.8,1000.7,1000.8,0.0,0.0,11.85,10.06,1,355,8.8,8.6,100.0,100.0,8.2,8.1,199.7,193.3,1002.8,1002.9,48.28,396.37,194.89,29.5774,10.935,291.5,47.9,1486.692, NAN, NAN, NAN, NAN,,2024/04/03 12:28:47.737,2024-04-03 12:28:47.737000+00:00
2024/04/03, 12:29:47.737,35.969,-75.111,0.25,199.78,150.56,0.46,14.8,14.8,1000.9,1000.8,0.0,0.0,11.85,10.06,6,1,8.5,8.3,100.0,100.0,8.3,8.1,206.9,201.9,1003.0,1002.9,46.86,397.07,192.71,29.574,10.935,289.7,48.3,1486.688, NAN, NAN, NAN, NAN,,2024/04/03 12:29:47.737,2024-04-03 12:29:47.737000+00:00
2024/04/03, 12:30:47.737,35.969,-75.111,0.2,199.7,223.93,0.44,14.8,14.8,1000.9,1000.8,0.0,0.0,11.85,10.06,6,1,8.6,8.3,100.0,100.0,8.4,8.1,205.4,200.2,1003.0,1002.9,44.74,397.19,188.47,29.5734,10.9341,288.0,48.8,1486.684, NAN, NAN, NAN, NAN,,2024/04/03 12:30:47.737,2024-04-03 12:30:47.737000+00:00
2024/04/03, 12:31:47.737,35.969,-75.111,0.35,199.32,175.74,0.61,14.8,14.9,1000.9,1000.8,0.0,0.0,11.85,10.06,4,358,8.6,8.2,100.0,100.0,8.3,7.9,203.0,196.8,1003.0,1002.9,42.99,396.94,185.05,29.574,10.9333,289.1,48.9,1486.682, NAN, NAN, NAN, NAN,,2024/04/03 12:31:47.737,2024-04-03 12:31:47.737000+00:00
2024/04/03, 12:32:47.737,35.969,-75.111,0.22,200.77,211.38,0.5,14.8,14.8,1000.9,1000.9,0.0,0.0,11.85,10.06,3,357,8.3,8.2,100.0,100.0,8.0,7.9,203.7,197.5,1003.0,1003.0,41.9,396.32,182.82,29.5743,10.933,288.8,48.9,1486.682, NAN, NAN, NAN, NAN,,2024/04/03 12:32:47.737,2024-04-03 12:32:47.737000+00:00
2024/04/03, 12:33:47.737,35.969,-75.111,0.31,199.94,214.21,0.3,14.8,14.8,1000.7,1000.8,0.0,0.0,11.85,10.06,0,354,8.3,7.9,100.0,100.0,8.1,7.7,199.9,193.8,1002.8,1002.9,41.41,396.65,181.91,29.5733,10.9326,291.5,48.4,1486.679, NAN, NAN, NAN, NAN,,2024/04/03 12:33:47.737,2024-04-03 12:33:47.737000+00:00
2024/04/03, 12:34:47.737,35.968,-75.111,0.39,199.87,192.91,0.64,14.7,14.7,1000.9,1000.9,0.0,0.0,11.85,10.06,4,358,7.9,7.8,100.0,100.0,7.6,7.5,205.0,198.8,1003.0,1003.0,41.48,396.46,182.14,29.5804,10.9311,288.0,48.5,1486.682, NAN, NAN, NAN, NAN,,2024/04/03 12:34:47.737,2024-04-03 12:34:47.737000+00:00
2024/04/03, 12:35:47.737,35.968,-75.111,0.45,199.48,186.13,0.54,14.6,14.7,1000.9,1000.9,0.0,0.0,11.85,10.06,3,358,8.2,8.0,100.0,100.0,7.9,7.7,202.2,197.0,1003.0,1003.0,41.85,397.68,181.46,29.5776,10.9308,289.1,48.8,1486.678, NAN, NAN, NAN, NAN,,2024/04/03 12:35:47.737,2024-04-03 12:35:47.737000+00:00
2024/04/03, 12:36:47.737,35.968,-75.111,0.24,199.2,152.48,0.69,14.6,14.6,1001.0,1001.0,0.0,0.0,11.85,10.06,5,359,8.3,8.0,100.0,100.0,8.1,7.8,206.1,200.0,1003.1,1003.1,40.78,400.47,179.93,29.5757,10.9304,288.1,48.8,1486.674, NAN, NAN, NAN, NAN,,2024/04/03 12:36:47.737,2024-04-03 12:36:47.737000+00:00
2024/04/03, 12:37:47.737,35.968,-75.111,0.45,201.28,225.47,0.35,14.6,14.6,1001.0,1001.0,0.0,0.0,11.85,10.06,2,356,7.8,7.6,100.0,100.0,7.6,7.4,203.6,197.4,1003.1,1003.1,43.15,397.38,184.83,29.5704,10.9303,291.5,49.0,1486.667, NAN, NAN, NAN, NAN,,2024/04/03 12:37:47.737,2024-04-03 12:37:47.737000+00:00
2024/04/03, 12:38:47.737,35.968,-75.111,0.19,200.38,242.58,0.77,14.6,14.6,1001.0,1001.0,0.0,0.0,11.85,10.06,359,353,7.8,7.7,100.0,100.0,7.4,7.4,198.1,191.8,1003.1,1003.1,43.13,396.93,184.35,29.577,10.9298,291.3,48.7,1486.673, NAN, NAN, NAN, NAN,,2024/04/03 12:38:47.737,2024-04-03 12:38:47.737000+00:00
2024/04/03, 12:39:47.737,35.968,-75.111,0.25,201.75,192.11,0.41,14.6,14.6,1000.9,1001.0,0.0,0.0,11.85,10.06,357,350,7.5,7.4,100.0,100.0,7.3,7.2,199.2,192.1,1003.0,1003.1,41.67,396.9,181.96,29.5847,10.9294,291.5,48.4,1486.681, NAN, NAN, NAN, NAN,,2024/04/03 12:39:47.737,2024-04-03 12:39:47.737000+00:00
2024/04/03, 12:40:47.737,35.968,-75.111,0.25,200.44,231.4,0.72,14.6,14.6,1001.2,1001.0,0.0,0.0,11.85,10.06,357,350,7.5,7.3,100.0,100.0,7.2,7.0,196.4,189.0,1003.3,1003.1,40.3,397.35,180.12,29.5741,10.9276,292.4,48.3,1486.662, NAN, NAN, NAN, NAN,,2024/04/03 12:40:47.737,2024-04-03 12:40:47.737000+00:00
2024/04/03, 12:41:47.737,35.968,-75.111,0.25,200.44,224.62,0.51,14.6,14.6,1000.9,1000.7,0.0,0.0,11.85,10.06,354,349,7.0,6.9,100.0,100.0,6.7,6.6,194.6,189.4,1003.0,1002.8,39.12,397.52,178.97,29.5796,10.9256,294.0,48.6,1486.662, NAN, NAN, NAN, NAN,,2024/04/03 12:41:47.737,2024-04-03 12:41:47.737000+00:00
2024/04/03, 12:42:47.737,35.967,-75.112,0.35,199.91,198.1,0.25,14.6,14.6,1000.9,1000.8,0.0,0.0,11.85,10.06,354,348,6.9,6.8,100.0,100.0,6.8,6.7,193.8,187.7,1003.0,1002.9,40.49,396.66,181.9,29.5773,10.9249,291.8,48.8,1486.656, NAN, NAN, NAN, NAN,,2024/04/03 12:42:47.737,2024-04-03 12:42:47.737000+00:00
2024/04/03, 12:43:47.737,35.967,-75.112,0.4,199.28,181.21,0.65,14.5,14.5,1001.0,1001.0,0.0,0.0,11.85,10.06,354,349,6.9,6.9,100.0,100.0,6.6,6.6,194.4,189.2,1003.1,1003.1,42.61,396.41,185.88,29.5786,10.9229,292.8,49.1,1486.651, NAN, NAN, NAN, NAN,,2024/04/03 12:43:47.737,2024-04-03 12:43:47.737000+00:00
2024/04/03, 12:44:47.738,35.967,-75.112,0.32,200.52,202.73,0.58,14.4,14.4,1001.0,1001.0,0.0,0.0,11.85,10.06,353,347,6.8,6.6,100.0,100.0,6.5,6.3,194.2,187.9,1003.1,1003.1,42.27,397.96,185.25,29.5769,10.9212,292.4,48.9,1486.643, NAN, NAN, NAN, NAN,,2024/04/03 12:44:47.738,2024-04-03 12:44:47.738000+00:00
2024/04/03, 12:45:47.738,35.967,-75.112,0.38,202.96,156.72,0.67,14.3,14.4,1000.8,1001.0,0.0,0.0,11.85,10.06,350,345,6.7,6.9,100.0,100.0,6.4,6.6,192.8,187.5,1002.9,1003.1,40.02,401.38,174.87,29.5742,10.9207,291.8,48.1,1486.638, NAN, NAN, NAN, NAN,,2024/04/03 12:45:47.738,2024-04-03 12:45:47.738000+00:00
2024/04/03, 12:46:47.738,35.967,-75.112,0.38,200.33,102.17,0.56,14.3,14.4,1000.9,1000.9,0.0,0.0,11.85,10.06,353,348,6.8,6.8,100.0,100.0,6.7,6.7,195.7,190.6,1003.0,1003.0,32.09,408.13,148.82,29.5707,10.9197,294.8,47.9,1486.63, NAN, NAN, NAN, NAN,,2024/04/03 12:46:47.738,2024-04-03 12:46:47.738000+00:00
2024/04/03, 12:47:47.738,35.967,-75.112,0.23,198.82,165.09,0.43,14.3,14.3,1001.2,1001.1,0.0,0.0,11.85,10.06,355,350,6.7,6.8,100.0,100.0,6.5,6.6,194.2,189.0,1003.3,1003.2,30.74,406.43,150.72,29.5684,10.9179,293.1,48.3,1486.621, NAN, NAN, NAN, NAN,,2024/04/03 12:47:47.738,2024-04-03 12:47:47.738000+00:00
2024/04/03, 12:48:47.738,35.967,-75.112,0.34,199.84,222.53,0.51,14.3,14.3,1001.0,1001.1,0.0,0.0,11.85,10.06,356,351,6.5,6.5,100.0,100.0,6.2,6.3,195.2,190.0,1003.1,1003.2,36.75,400.08,171.32,29.5671,10.9173,291.5,48.9,1486.617, NAN, NAN, NAN, NAN,,2024/04/03 12:48:47.738,2024-04-03 12:48:47.738000+00:00
2024/04/03, 12:49:47.738,35.966,-75.112,0.42,199.5,222.1,0.94,14.3,14.3,1001.2,1001.1,0.0,0.0,11.85,10.06,355,351,6.4,6.4,100.0,100.0,6.0,6.0,191.9,187.7,1003.3,1003.2,39.05,396.1,179.3,29.5669,10.917,295.2,48.2,1486.616, NAN, NAN, NAN, NAN,,2024/04/03 12:49:47.738,2024-04-03 12:49:47.738000+00:00
2024/04/03, 12:50:47.738,35.966,-75.112,0.47,199.22,215.46,0.6,14.2,14.2,1000.9,1000.8,0.0,0.0,11.85,10.06,355,349,6.4,6.4,100.0,100.0,6.1,6.1,193.0,186.8,1003.0,1002.9,38.11,397.09,176.32,29.5631,10.9161,296.4,48.8,1486.608, NAN, NAN, NAN, NAN,,2024/04/03 12:50:47.738,2024-04-03 12:50:47.738000+00:00
2024/04/03, 12:51:47.738,35.966,-75.112,0.14,200.15,78.59,0.32,14.2,14.2,1001.0,1001.2,0.0,0.0,11.85,10.06,356,351,6.6,6.5,100.0,100.0,6.5,6.4,196.9,191.8,1003.1,1003.3,37.28,398.44,171.45,29.5688,10.9151,293.4,48.9,1486.611, NAN, NAN, NAN, NAN,,2024/04/03 12:51:47.738,2024-04-03 12:51:47.738000+00:00
2024/04/03, 12:52:47.738,35.966,-75.112,0.33,198.68,178.01,0.67,14.2,14.2,1001.1,1000.9,0.0,0.0,11.85,10.06,0,353,6.4,6.5,100.0,100.0,6.1,6.2,197.6,190.3,1003.2,1003.0,30.85,405.7,149.51,29.572,10.9144,294.7,49.1,1486.612, NAN, NAN, NAN, NAN,,2024/04/03 12:52:47.738,2024-04-03 12:52:47.738000+00:00
2024/04/03, 12:53:47.738,35.966,-75.112,0.3,200.79,283.69,0.47,14.2,14.2,1001.2,1001.3,0.0,0.0,11.85,10.06,358,353,6.3,6.5,100.0,100.0,6.1,6.3,197.2,192.2,1003.3,1003.4,25.16,410.13,131.48,29.5727,10.9131,295.8,48.8,1486.609, NAN, NAN, NAN, NAN,,2024/04/03 12:53:47.738,2024-04-03 12:53:47.738000+00:00
2024/04/03, 12:54:47.738,35.966,-75.112,0.76,199.83,195.73,1.39,14.1,14.1,1001.2,1001.2,0.0,0.0,11.85,10.06,0,354,6.9,6.8,100.0,100.0,6.2,6.1,199.8,193.1,1003.3,1003.3,25.62,409.52,130.5,29.571,10.9122,296.8,49.1,1486.603, NAN, NAN, NAN, NAN,,2024/04/03 12:54:47.738,2024-04-03 12:54:47.738000+00:00
2024/04/03, 12:55:47.738,35.965,-75.113,0.75,198.73,194.09,1.19,14.1,14.1,1001.1,1001.1,0.0,0.0,11.85,10.06,3,357,6.9,6.9,100.0,100.0,6.3,6.3,200.2,193.6,1003.2,1003.2,23.15,409.92,124.87,29.5674,10.9108,294.4,49.3,1486.594, NAN, NAN, NAN, NAN,,2024/04/03 12:55:47.738,2024-04-03 12:55:47.738000+00:00
2024/04/03, 12:56:47.738,35.965,-75.113,0.54,199.26,213.81,1.19,14.1,14.1,1001.0,1001.0,0.0,0.0,11.85,10.06,4,359,7.1,6.9,100.0,100.0,6.5,6.3,203.8,198.3,1003.1,1003.1,25.38,408.44,134.95,29.5654,10.9089,296.8,49.2,1486.585, NAN, NAN, NAN, NAN,,2024/04/03 12:56:47.738,2024-04-03 12:56:47.738000+00:00
2024/04/03, 12:57:47.738,35.965,-75.113,0.66,200.09,203.8,0.92,14.2,14.1,1001.0,1001.0,0.0,0.0,11.85,10.06,6,1,6.4,6.4,100.0,100.0,5.9,5.9,206.8,201.4,1003.1,1003.1,32.12,402.89,154.55,29.5593,10.9075,294.8,49.3,1486.573, NAN, NAN, NAN, NAN,,2024/04/03 12:57:47.738,2024-04-03 12:57:47.738000+00:00
2024/04/03, 12:58:47.738,35.965,-75.113,0.84,200.34,175.52,0.85,14.3,14.3,1000.9,1001.0,0.0,0.0,11.85,10.06,12,6,6.7,6.7,100.0,100.0,6.3,6.3,214.6,208.2,1003.0,1003.1,34.94,400.38,164.7,29.6017,10.9059,301.1,48.7,1486.618, NAN, NAN, NAN, NAN,,2024/04/03 12:58:47.738,2024-04-03 12:58:47.738000+00:00
2024/04/03, 12:59:47.738,35.964,-75.113,0.92,200.08,220.43,1.29,14.4,14.4,1001.2,1001.2,0.0,0.0,11.85,10.06,7,2,7.3,6.9,100.0,100.0,6.7,6.2,208.3,202.9,1003.3,1003.3,23.99,406.6,118.48,29.6084,10.9045,300.1,49.3,1486.621, NAN, NAN, NAN, NAN,,2024/04/03 12:59:47.738,2024-04-03 12:59:47.738000+00:00
2024/04/03, 13:00:47.739,35.964,-75.113,1.05,200.08,192.78,0.96,14.4,14.4,1001.0,1001.1,0.0,0.0,11.85,10.06,359,354,6.7,7.0,100.0,100.0,6.2,6.5,198.4,193.1,1003.1,1003.2,17.39,410.97,96.27,29.6067,10.903,298.2,48.4,1486.614, NAN, NAN, NAN, NAN,,2024/04/03 13:00:47.739,2024-04-03 13:00:47.739000+00:00
2024/04/03, 13:01:47.739,35.964,-75.113,0.85,199.16,199.64,1.01,14.3,14.3,1001.2,1001.2,0.0,0.0,11.85,10.06,359,354,6.7,6.6,100.0,100.0,6.2,6.1,198.3,192.9,1003.3,1003.3,22.28,407.86,107.91,29.5835,10.901,303.2,49.3,1486.579, NAN, NAN, NAN, NAN,,2024/04/03 13:01:47.739,2024-04-03 13:01:47.739000+00:00
2024/04/03, 13:02:47.739,35.964,-75.113,0.84,201.53,226.77,0.82,14.2,14.3,1001.0,1001.0,0.0,0.0,11.85,10.06,357,351,6.7,6.5,100.0,100.0,6.3,6.1,197.4,191.0,1003.1,1003.1,10.53,413.68,68.57,29.5857,10.8998,302.2,49.1,1486.577, NAN, NAN, NAN, NAN,,2024/04/03 13:02:47.739,2024-04-03 13:02:47.739000+00:00
2024/04/03, 13:03:47.739,35.963,-75.114,0.95,201.14,214.53,1.1,14.3,14.3,1001.0,1001.2,0.0,0.0,11.85,10.06,356,351,6.7,6.8,100.0,100.0,6.2,6.3,194.8,189.4,1003.1,1003.3,5.84,414.15,54.12,29.5827,10.8983,298.5,48.4,1486.568, NAN, NAN, NAN, NAN,,2024/04/03 13:03:47.739,2024-04-03 13:03:47.739000+00:00
2024/04/03, 13:04:47.739,35.963,-75.114,0.75,198.66,168.98,1.03,14.3,14.3,1001.2,1001.1,0.0,0.0,11.85,10.06,1,355,6.8,6.7,100.0,100.0,6.3,6.2,200.9,194.4,1003.3,1003.2,17.24,412.51,111.36,29.5952,10.8973,301.1,48.6,1486.579, NAN, NAN, NAN, NAN,,2024/04/03 13:04:47.739,2024-04-03 13:04:47.739000+00:00
2024/04/03, 13:05:47.739,35.963,-75.114,0.82,199.39,192.26,1.29,14.3,14.4,1000.9,1000.9,0.0,0.0,11.85,10.06,8,2,5.9,5.7,100.0,100.0,5.2,5.0,208.3,201.5,1003.0,1003.0,33.85,400.25,161.28,29.5867,10.8959,301.1,48.9,1486.564, NAN, NAN, NAN, NAN,,2024/04/03 13:05:47.739,2024-04-03 13:05:47.739000+00:00
2024/04/03, 13:06:47.739,35.963,-75.114,0.85,199.44,203.08,0.96,14.4,14.4,1001.0,1000.9,0.0,0.0,11.85,10.06,10,4,6.1,5.8,100.0,100.0,5.6,5.3,210.0,203.5,1003.1,1003.0,23.42,407.14,116.23,29.5704,10.8949,301.6,48.8,1486.541, NAN, NAN, NAN, NAN,,2024/04/03 13:06:47.739,2024-04-03 13:06:47.739000+00:00
2024/04/03, 13:07:47.739,35.962,-75.114,0.85,200.94,181.6,0.83,14.3,14.3,1000.9,1000.9,0.0,0.0,11.85,10.06,5,0,6.9,6.9,100.0,100.0,6.5,6.5,206.0,200.6,1003.0,1003.0,6.38,416.83,59.02,29.5708,10.8935,302.5,48.3,1486.537, NAN, NAN, NAN, NAN,,2024/04/03 13:07:47.739,2024-04-03 13:07:47.739000+00:00
2024/04/03, 13:08:47.739,35.962,-75.114,0.77,199.58,208.46,0.99,14.7,14.7,1001.0,1001.2,0.0,0.0,11.85,10.06,11,8,7.5,7.7,100.0,100.0,7.0,7.2,210.9,207.7,1003.1,1003.3,12.95,418.76,86.18,29.5948,10.8916,306.8,48.6,1486.559, NAN, NAN, NAN, NAN,,2024/04/03 13:08:47.739,2024-04-03 13:08:47.739000+00:00
2024/04/03, 13:09:47.739,35.962,-75.114,0.91,201.54,206.17,1.26,15.2,14.7,1001.1,1000.9,0.0,0.0,11.85,10.06,18,11,7.8,7.6,100.0,100.0,7.2,7.0,220.2,212.6,1003.2,1003.0,15.95,417.02,93.34,29.5686,10.89,302.2,48.6,1486.521, NAN, NAN, NAN, NAN,,2024/04/03 13:09:47.739,2024-04-03 13:09:47.739000+00:00
2024/04/03, 13:10:47.739,35.962,-75.114,0.96,201.97,207.91,0.75,15.3,15.3,1001.0,1001.0,0.0,0.0,11.85,10.06,15,10,8.0,7.6,100.0,100.0,7.6,7.2,217.6,212.4,1003.1,1003.1,13.66,416.44,80.42,29.557,10.8891,301.1,48.9,1486.504, NAN, NAN, NAN, NAN,,2024/04/03 13:10:47.739,2024-04-03 13:10:47.739000+00:00
2024/04/03, 13:11:47.739,35.961,-75.115,0.95,200.34,222.28,1.27,15.3,15.3,1001.0,1001.2,0.0,0.0,11.85,10.06,8,2,8.0,7.6,100.0,100.0,7.3,7.0,208.3,201.8,1003.1,1003.3,10.77,414.5,72.36,29.5646,10.8877,302.5,48.8,1486.508, NAN, NAN, NAN, NAN,,2024/04/03 13:11:47.739,2024-04-03 13:11:47.739000+00:00
2024/04/03, 13:12:47.739,35.961,-75.115,0.92,202.02,44.83,0.32,15.2,15.2,1001.1,1001.2,0.0,0.0,11.85,10.06,6,0,7.4,7.3,100.0,100.0,7.2,7.1,208.3,202.2,1003.2,1003.3,14.35,414.07,86.63,29.553,10.8871,306.2,49.0,1486.492, NAN, NAN, NAN, NAN,,2024/04/03 13:12:47.739,2024-04-03 13:12:47.739000+00:00
2024/04/03, 13:13:47.739,35.961,-75.115,0.47,199.99,206.82,1.2,15.1,15.1,1001.0,1001.0,0.0,0.0,11.85,10.06,5,359,6.6,6.5,100.0,100.0,6.0,5.9,205.1,198.5,1003.1,1003.1,18.12,413.08,102.7,29.5524,10.8875,302.8,48.4,1486.493, NAN, NAN, NAN, NAN,,2024/04/03 13:13:47.739,2024-04-03 13:13:47.739000+00:00
2024/04/03, 13:14:47.739,35.961,-75.115,0.79,198.74,211.48,1.21,14.9,14.9,1001.0,1001.1,0.0,0.0,11.85,10.06,11,5,6.2,6.0,100.0,100.0,5.6,5.4,209.8,203.1,1003.1,1003.2,20.12,412.76,113.07,29.5444,10.8864,305.9,49.5,1486.479, NAN, NAN, NAN, NAN,,2024/04/03 13:14:47.739,2024-04-03 13:14:47.739000+00:00
2024/04/03, 13:15:47.740,35.96,-75.115,0.72,200.47,192.96,0.97,14.7,14.8,1001.0,1001.3,0.0,0.0,11.85,10.06,7,1,6.1,6.1,100.0,100.0,5.6,5.6,209.1,202.6,1003.1,1003.4,30.05,409.0,147.66,29.539,10.8854,305.2,48.7,1486.469, NAN, NAN, NAN, NAN,,2024/04/03 13:15:47.740,2024-04-03 13:15:47.740000+00:00
2024/04/03, 13:16:47.740,35.96,-75.115,0.93,201.29,216.3,0.9,14.7,14.7,1001.2,1001.3,0.0,0.0,11.85,10.06,9,3,7.0,6.8,100.0,100.0,6.5,6.3,210.6,204.2,1003.3,1003.4,38.68,406.16,173.56,29.5353,10.8854,304.4,48.4,1486.465, NAN, NAN, NAN, NAN,,2024/04/03 13:16:47.740,2024-04-03 13:16:47.740000+00:00
2024/04/03, 13:17:47.740,35.96,-75.115,0.79,198.9,182.07,1.15,14.9,14.9,1001.2,1001.1,0.0,0.0,11.85,10.06,14,8,7.4,7.0,100.0,100.0,6.8,6.4,214.1,207.7,1003.3,1003.2,30.2,412.94,144.29,29.553,10.8832,308.0,48.8,1486.478, NAN, NAN, NAN, NAN,,2024/04/03 13:17:47.740,2024-04-03 13:17:47.740000+00:00
2024/04/03, 13:18:47.740,35.959,-75.115,0.94,198.54,189.68,1.05,15.0,15.0,1001.3,1001.1,0.0,0.1,11.85,10.06,9,4,7.4,6.9,100.0,100.0,6.9,6.4,209.0,203.7,1003.4,1003.2,28.2,412.99,133.8,29.5666,10.8804,305.2,49.1,1486.485, NAN, NAN, NAN, NAN,,2024/04/03 13:18:47.740,2024-04-03 13:18:47.740000+00:00
2024/04/03, 13:19:47.740,35.959,-75.115,0.56,203.06,135.53,0.92,15.1,15.1,1001.3,1001.0,0.1,0.0,11.85,10.07,8,1,8.0,7.5,100.0,100.0,7.7,7.1,213.6,206.5,1003.4,1003.1,16.74,417.31,94.12,29.5548,10.8791,307.5,48.1,1486.466, NAN, NAN, NAN, NAN,,2024/04/03 13:19:47.740,2024-04-03 13:19:47.740000+00:00
2024/04/03, 13:20:47.740,35.959,-75.116,0.45,200.76,210.19,1.03,15.5,15.5,1001.2,1001.3,0.0,0.0,11.85,10.07,5,0,9.3,9.1,100.0,100.0,8.8,8.6,206.7,201.4,1003.3,1003.4,12.96,415.07,85.84,29.5448,10.8777,306.8,49.3,1486.449, NAN, NAN, NAN, NAN,,2024/04/03 13:20:47.740,2024-04-03 13:20:47.740000+00:00
2024/04/03, 13:21:47.740,35.959,-75.116,0.95,199.99,184.57,1.15,15.6,15.6,1001.2,1001.1,0.1,0.0,11.85,10.07,10,5,8.4,8.1,100.0,100.0,7.9,7.5,211.8,206.5,1003.3,1003.2,30.23,413.29,151.62,29.587,10.8754,312.0,49.3,1486.491, NAN, NAN, NAN, NAN,,2024/04/03 13:21:47.740,2024-04-03 13:21:47.740000+00:00
2024/04/03, 13:22:47.740,35.958,-75.116,0.93,200.99,216.57,1.09,15.6,15.6,1001.2,1001.1,0.1,0.0,11.85,10.07,14,8,7.8,7.4,100.0,100.0,7.3,6.8,215.9,209.5,1003.3,1003.2,42.45,405.99,195.02,29.5769,10.8751,308.3,49.1,1486.478, NAN, NAN, NAN, NAN,,2024/04/03 13:22:47.740,2024-04-03 13:22:47.740000+00:00
2024/04/03, 13:23:47.740,35.958,-75.116,0.87,200.09,210.39,1.03,15.6,15.6,1001.0,1001.1,0.0,0.0,11.85,10.07,17,14,7.3,7.6,100.0,100.0,6.8,7.1,217.7,214.4,1003.1,1003.2,41.09,409.02,188.08,29.5736,10.8747,306.2,48.6,1486.473, NAN, NAN, NAN, NAN,,2024/04/03 13:23:47.740,2024-04-03 13:23:47.740000+00:00
2024/04/03, 13:24:47.740,35.958,-75.116,0.79,200.82,201.98,0.73,15.7,15.8,1001.3,1001.2,0.0,0.1,11.85,10.07,19,14,7.8,7.5,100.0,100.0,7.5,7.1,221.0,215.8,1003.4,1003.3,41.02,407.49,187.12,29.5797,10.8734,311.6,49.3,1486.476, NAN, NAN, NAN, NAN,,2024/04/03 13:24:47.740,2024-04-03 13:24:47.740000+00:00
2024/04/03, 13:25:47.740,35.958,-75.116,0.63,198.9,187.58,0.96,15.7,15.7,1001.1,1001.1,0.1,0.2,11.86,10.07,16,10,8.2,7.9,100.0,100.0,7.8,7.5,216.9,210.6,1003.2,1003.2,40.92,409.34,190.14,29.5647,10.8734,310.8,49.1,1486.457, NAN, NAN, NAN, NAN,,2024/04/03 13:25:47.740,2024-04-03 13:25:47.740000+00:00
2024/04/03, 13:26:47.740,35.957,-75.116,0.53,199.88,138.77,0.81,15.6,15.6,1001.1,1000.9,0.0,0.1,11.86,10.08,15,10,7.5,7.2,100.0,100.0,7.1,6.8,216.6,211.4,1003.2,1003.0,41.25,408.91,189.02,29.5487,10.8727,309.2,49.0,1486.436, NAN, NAN, NAN, NAN,,2024/04/03 13:26:47.740,2024-04-03 13:26:47.740000+00:00
2024/04/03, 13:27:47.740,35.957,-75.116,0.82,201.08,155.83,1.09,15.6,15.6,1000.9,1000.9,0.5,0.4,11.87,10.08,15,10,7.6,7.5,100.0,100.0,7.1,7.0,217.6,212.2,1003.0,1003.0,38.4,411.17,177.38,29.5703,10.8714,309.9,48.9,1486.457, NAN, NAN, NAN, NAN,,2024/04/03 13:27:47.740,2024-04-03 13:27:47.740000+00:00
2024/04/03, 13:28:47.740,35.957,-75.116,0.78,201.19,180.44,1.36,15.6,15.6,1001.2,1000.9,0.2,0.3,11.87,10.09,7,1,8.0,7.6,100.0,100.0,7.4,6.9,210.3,203.9,1003.3,1003.0,17.89,414.33,97.74,29.556,10.8718,311.3,48.7,1486.441, NAN, NAN, NAN, NAN,,2024/04/03 13:28:47.740,2024-04-03 13:28:47.740000+00:00
2024/04/03, 13:29:47.740,35.957,-75.117,0.86,198.8,172.06,0.82,15.5,15.5,1001.0,1000.9,0.2,0.2,11.88,10.09,5,0,7.9,7.7,100.0,100.0,7.5,7.3,204.4,199.2,1003.1,1003.0,16.0,412.81,86.45,29.5332,10.8697,304.4,49.3,1486.406, NAN, NAN, NAN, NAN,,2024/04/03 13:29:47.740,2024-04-03 13:29:47.740000+00:00
2024/04/03, 13:30:47.741,35.956,-75.117,0.81,199.43,129.75,0.75,15.3,15.4,1001.0,1000.9,0.3,0.4,11.88,10.1,0,355,8.3,8.1,100.0,100.0,7.9,7.7,200.4,195.1,1003.1,1003.0,14.73,408.95,86.74,29.5323,10.8686,309.6,49.0,1486.401, NAN, NAN, NAN, NAN,,2024/04/03 13:30:47.741,2024-04-03 13:30:47.741000+00:00
2024/04/03, 13:31:47.741,35.956,-75.117,0.92,201.16,213.17,1.25,15.4,15.4,1000.9,1000.9,0.5,0.6,11.89,10.11,6,359,8.3,7.9,100.0,100.0,7.7,7.3,206.6,199.0,1003.0,1003.0,31.24,414.38,151.12,29.5416,10.8676,306.2,48.8,1486.409, NAN, NAN, NAN, NAN,,2024/04/03 13:31:47.741,2024-04-03 13:31:47.741000+00:00
2024/04/03, 13:32:47.741,35.956,-75.117,1.21,199.49,187.5,0.85,15.7,15.7,1000.7,1000.6,0.9,0.9,11.91,10.13,21,15,8.1,7.7,100.0,100.0,7.7,7.3,222.3,216.1,1002.8,1002.7,40.32,413.02,186.37,29.5517,10.8677,308.6,48.9,1486.421, NAN, NAN, NAN, NAN,,2024/04/03 13:32:47.741,2024-04-03 13:32:47.741000+00:00
2024/04/03, 13:33:47.741,35.956,-75.117,0.86,200.12,192.96,0.59,16.1,16.1,1000.4,1000.5,1.1,0.5,11.93,10.14,21,15,9.5,9.1,100.0,100.0,9.2,8.8,222.0,215.8,1002.5,1002.6,45.04,412.51,207.87,29.5304,10.8657,310.8,49.4,1486.389, NAN, NAN, NAN, NAN,,2024/04/03 13:33:47.741,2024-04-03 13:33:47.741000+00:00
2024/04/03, 13:34:47.741,35.955,-75.117,0.76,200.64,203.35,1.26,16.1,16.1,1000.6,1000.7,1.1,0.9,11.95,10.15,21,17,9.7,10.0,100.0,100.0,9.1,9.4,222.8,218.5,1002.7,1002.8,49.55,415.67,220.69,29.5298,10.8678,308.3,50.5,1486.395, NAN, NAN, NAN, NAN,,2024/04/03 13:34:47.741,2024-04-03 13:34:47.741000+00:00
2024/04/03, 13:35:47.741,35.955,-75.117,0.93,199.36,199.16,0.99,16.5,16.5,1000.4,1000.5,0.7,0.6,11.96,10.16,21,16,11.7,11.1,100.0,100.0,11.2,10.6,221.4,216.2,1002.5,1002.6,49.33,414.82,218.7,29.5456,10.8657,310.5,53.0,1486.407, NAN, NAN, NAN, NAN,,2024/04/03 13:35:47.741,2024-04-03 13:35:47.741000+00:00
2024/04/03, 13:36:47.741,35.955,-75.117,0.64,199.43,209.59,1.32,16.5,16.5,1000.7,1000.6,0.2,0.2,11.96,10.17,24,18,9.9,9.5,100.0,100.0,9.2,8.8,224.5,218.1,1002.8,1002.7,55.55,411.18,239.48,29.5196,10.8662,309.9,51.2,1486.377, NAN, NAN, NAN, NAN,,2024/04/03 13:36:47.741,2024-04-03 13:36:47.741000+00:00
2024/04/03, 13:37:47.741,35.955,-75.118,0.8,202.84,161.46,1.02,16.6,16.5,1000.7,1000.4,0.1,0.1,11.96,10.17,19,14,10.1,9.6,100.0,100.0,9.6,9.1,223.4,218.2,1002.8,1002.5,61.85,408.94,264.6,29.4963,10.8692,309.2,48.4,1486.36, NAN, NAN, NAN, NAN,,2024/04/03 13:37:47.741,2024-04-03 13:37:47.741000+00:00
2024/04/03, 13:38:47.741,35.954,-75.118,0.89,199.23,210.78,1.06,16.6,16.6,1000.6,1000.7,0.0,0.2,11.97,10.17,22,18,11.2,10.9,100.0,100.0,10.7,10.4,222.3,218.1,1002.7,1002.8,65.48,408.96,275.02,29.489,10.8717,308.9,49.3,1486.36, NAN, NAN, NAN, NAN,,2024/04/03 13:38:47.741,2024-04-03 13:38:47.741000+00:00
2024/04/03, 13:39:47.741,35.954,-75.118,0.7,200.22,235.78,1.07,16.6,16.6,1000.6,1000.8,0.1,0.0,11.97,10.18,18,14,10.5,10.0,100.0,100.0,10.0,9.5,218.5,214.3,1002.7,1002.9,66.24,408.29,277.33,29.5083,10.8712,312.6,49.0,1486.382, NAN, NAN, NAN, NAN,,2024/04/03 13:39:47.741,2024-04-03 13:39:47.741000+00:00
2024/04/03, 13:40:47.741,35.954,-75.118,0.63,201.05,227.97,1.22,16.5,16.5,1000.6,1000.8,0.1,0.0,11.97,10.18,15,11,10.2,9.9,100.0,100.0,9.6,9.3,215.6,211.3,1002.7,1002.9,69.45,406.73,290.67,29.5098,10.8717,313.6,48.8,1486.385, NAN, NAN, NAN, NAN,,2024/04/03 13:40:47.741,2024-04-03 13:40:47.741000+00:00
2024/04/03, 13:41:47.741,35.954,-75.118,0.46,200.29,221.6,1.38,16.2,16.3,1000.6,1000.3,0.0,0.0,11.97,10.18,8,2,9.0,8.7,100.0,100.0,8.3,8.0,208.8,202.3,1002.7,1002.4,73.25,404.22,303.11,29.5232,10.8727,311.3,48.2,1486.405, NAN, NAN, NAN, NAN,,2024/04/03 13:41:47.741,2024-04-03 13:41:47.741000+00:00
2024/04/03, 13:42:47.741,35.953,-75.118,0.66,199.01,233.02,0.82,16.0,16.0,1000.6,1000.5,0.0,0.0,11.97,10.18,11,6,8.8,8.5,100.0,100.0,8.4,8.1,209.7,204.4,1002.7,1002.6,74.45,403.44,309.74,29.5339,10.871,309.6,49.0,1486.412, NAN, NAN, NAN, NAN,,2024/04/03 13:42:47.741,2024-04-03 13:42:47.741000+00:00
2024/04/03, 13:43:47.741,35.953,-75.118,0.96,200.0,206.97,0.98,15.8,15.8,1000.6,1000.4,0.0,0.0,11.97,10.18,11,5,8.6,8.3,100.0,100.0,8.1,7.8,211.9,205.5,1002.7,1002.5,78.78,403.57,326.15,29.4989,10.8677,308.6,49.3,1486.358, NAN, NAN, NAN, NAN,,2024/04/03 13:43:47.741,2024-04-03 13:43:47.741000+00:00
2024/04/03, 13:44:47.741,35.953,-75.118,0.76,203.22,236.31,1.01,15.7,15.8,1000.3,1000.5,0.2,0.1,11.97,10.18,9,4,8.3,8.1,100.0,100.0,7.8,7.6,211.5,206.1,1002.4,1002.6,81.76,403.74,336.66,29.4977,10.8674,309.9,48.5,1486.355, NAN, NAN, NAN, NAN,,2024/04/03 13:44:47.741,2024-04-03 13:44:47.741000+00:00
2024/04/03, 13:45:47.741,35.952,-75.118,0.32,199.95,221.7,1.15,15.6,15.7,1000.5,1000.3,0.0,0.1,11.98,10.18,9,3,8.1,8.0,100.0,100.0,7.5,7.4,208.0,201.5,1002.6,1002.4,85.54,403.94,349.46,29.5598,10.8668,309.6,48.9,1486.428, NAN, NAN, NAN, NAN,,2024/04/03 13:45:47.741,2024-04-03 13:45:47.741000+00:00
2024/04/03, 13:46:47.742,35.952,-75.119,0.8,199.29,161.08,0.76,15.7,15.7,1000.4,1000.5,0.1,0.4,11.98,10.19,13,7,8.3,8.0,100.0,100.0,8.0,7.6,213.7,207.5,1002.5,1002.6,89.42,404.83,364.57,29.5177,10.8666,308.3,49.0,1486.377, NAN, NAN, NAN, NAN,,2024/04/03 13:46:47.742,2024-04-03 13:46:47.742000+00:00
2024/04/03, 13:47:47.742,35.952,-75.119,0.87,198.93,157.41,1.08,15.7,15.7,1000.4,1000.3,0.1,0.1,11.98,10.19,15,8,8.3,8.1,100.0,100.0,7.9,7.6,216.4,209.1,1002.5,1002.4,93.58,406.01,382.85,29.515,10.8654,308.3,49.5,1486.369, NAN, NAN, NAN, NAN,,2024/04/03 13:47:47.742,2024-04-03 13:47:47.742000+00:00
2024/04/03, 13:48:47.742,35.952,-75.119,0.45,199.37,200.18,1.18,15.7,15.8,1000.3,1000.5,0.3,0.1,11.99,10.2,14,9,8.5,8.2,100.0,100.0,7.9,7.6,214.9,209.6,1002.4,1002.6,95.33,405.97,391.43,29.4876,10.8646,310.2,49.2,1486.333, NAN, NAN, NAN, NAN,,2024/04/03 13:48:47.742,2024-04-03 13:48:47.742000+00:00
2024/04/03, 13:49:47.742,35.951,-75.119,0.75,199.83,193.64,1.15,15.7,15.7,1000.3,1000.3,0.3,0.2,11.99,10.2,16,11,8.2,8.0,100.0,100.0,7.6,7.4,217.0,211.6,1002.4,1002.4,94.41,405.78,393.74,29.5091,10.8646,312.6,49.6,1486.359, NAN, NAN, NAN, NAN,,2024/04/03 13:49:47.742,2024-04-03 13:49:47.742000+00:00
2024/04/03, 13:50:47.742,35.951,-75.119,0.75,199.35,218.05,1.26,15.6,15.7,1000.4,1000.4,0.3,0.2,12.0,10.2,13,7,8.2,8.0,100.0,100.0,7.6,7.4,212.7,206.2,1002.5,1002.5,96.02,405.96,400.16,29.495,10.8676,305.9,48.9,1486.353, NAN, NAN, NAN, NAN,,2024/04/03 13:50:47.742,2024-04-03 13:50:47.742000+00:00
2024/04/03, 13:51:47.742,35.951,-75.119,0.78,199.36,199.85,1.01,15.7,15.7,1000.3,1000.2,0.3,0.2,12.0,10.21,15,9,8.0,7.8,100.0,100.0,7.5,7.3,215.1,208.6,1002.4,1002.3,100.97,406.69,414.38,29.465,10.8687,305.6,49.6,1486.321, NAN, NAN, NAN, NAN,,2024/04/03 13:51:47.742,2024-04-03 13:51:47.742000+00:00
2024/04/03, 13:52:47.742,35.951,-75.119,0.52,200.87,204.2,0.83,15.7,15.7,1000.1,1000.3,0.3,0.1,12.01,10.21,11,5,8.0,7.9,100.0,100.0,7.6,7.5,212.7,206.4,1002.2,1002.4,105.43,405.25,430.24,29.4656,10.8684,308.3,49.3,1486.32, NAN, NAN, NAN, NAN,,2024/04/03 13:52:47.742,2024-04-03 13:52:47.742000+00:00
2024/04/03, 13:53:47.742,35.95,-75.119,0.75,199.15,127.19,0.82,15.6,15.6,1000.2,1000.2,0.2,0.3,12.01,10.22,11,6,8.3,8.1,100.0,100.0,8.0,7.8,212.4,207.3,1002.3,1002.3,109.44,405.68,442.91,29.4567,10.869,306.8,49.2,1486.312, NAN, NAN, NAN, NAN,,2024/04/03 13:53:47.742,2024-04-03 13:53:47.742000+00:00
2024/04/03, 13:54:47.742,35.95,-75.119,0.84,199.96,151.02,1.04,15.6,15.6,1000.2,1000.1,0.2,0.2,12.02,10.22,11,6,8.2,7.9,100.0,100.0,7.7,7.4,212.5,207.2,1002.3,1002.2,113.32,405.62,453.97,29.4554,10.8683,304.9,49.2,1486.308, NAN, NAN, NAN, NAN,,2024/04/03 13:54:47.742,2024-04-03 13:54:47.742000+00:00
2024/04/03, 13:55:47.742,35.95,-75.12,0.73,200.01,210.16,1.26,15.6,15.6,1000.3,1000.3,0.1,0.1,12.02,10.23,9,4,8.0,7.8,100.0,100.0,7.4,7.2,208.2,202.8,1002.4,1002.4,116.98,405.26,462.51,29.4499,10.8682,301.4,48.9,1486.301, NAN, NAN, NAN, NAN,,2024/04/03 13:55:47.742,2024-04-03 13:55:47.742000+00:00
2024/04/03, 13:56:47.742,35.95,-75.12,1.12,200.3,217.01,1.33,15.5,15.5,1000.1,1000.2,0.1,0.1,12.02,10.23,6,1,7.6,7.5,100.0,100.0,7.0,6.9,204.5,199.0,1002.2,1002.3,118.33,403.52,464.52,29.4424,10.8687,305.6,49.0,1486.293, NAN, NAN, NAN, NAN,,2024/04/03 13:56:47.742,2024-04-03 13:56:47.742000+00:00
2024/04/03, 13:57:47.742,35.949,-75.12,0.99,199.31,238.61,1.0,15.3,15.5,1000.1,1000.4,0.1,0.1,12.02,10.23,5,0,7.5,7.2,100.0,100.0,7.0,6.7,203.7,198.3,1002.2,1002.5,118.38,402.62,464.61,29.4606,10.8689,306.8,49.1,1486.316, NAN, NAN, NAN, NAN,,2024/04/03 13:57:47.742,2024-04-03 13:57:47.742000+00:00
2024/04/03, 13:58:47.742,35.949,-75.12,0.76,200.39,142.15,1.18,15.3,15.2,1000.1,1000.1,0.0,0.1,12.03,10.23,3,358,7.6,7.4,100.0,100.0,7.1,6.9,206.2,201.0,1002.2,1002.2,120.66,402.48,470.07,29.4502,10.8696,306.5,49.4,1486.306, NAN, NAN, NAN, NAN,,2024/04/03 13:58:47.742,2024-04-03 13:58:47.742000+00:00
2024/04/03, 13:59:47.742,35.949,-75.12,0.81,199.89,172.07,1.3,15.2,15.3,1000.0,1000.1,0.0,0.0,12.03,10.23,0,355,7.5,7.5,100.0,100.0,6.8,6.8,201.1,195.6,1002.1,1002.2,122.69,402.58,476.06,29.4445,10.8718,306.5,49.1,1486.307, NAN, NAN, NAN, NAN,,2024/04/03 13:59:47.742,2024-04-03 13:59:47.742000+00:00
2024/04/03, 14:00:47.743,35.949,-75.12,0.77,199.86,213.68,1.09,15.2,15.3,1000.1,1000.0,0.0,0.0,12.03,10.23,1,356,8.0,7.8,100.0,100.0,7.5,7.3,199.8,194.4,1002.2,1002.1,122.03,403.17,476.93,29.4313,10.8721,304.1,49.3,1486.292, NAN, NAN, NAN, NAN,,2024/04/03 14:00:47.743,2024-04-03 14:00:47.743000+00:00
2024/04/03, 14:01:47.743,35.948,-75.12,0.79,200.38,208.99,0.91,15.4,15.4,999.9,1000.0,0.0,0.0,12.03,10.23,3,357,8.0,7.8,100.0,100.0,7.5,7.3,204.3,197.9,1002.0,1002.1,121.42,403.54,474.15,29.4254,10.8718,302.8,49.7,1486.284, NAN, NAN, NAN, NAN,,2024/04/03 14:01:47.743,2024-04-03 14:01:47.743000+00:00
2024/04/03, 14:02:47.743,35.948,-75.12,0.74,201.31,179.61,0.77,15.4,15.4,999.9,999.9,0.0,0.0,12.03,10.23,359,355,7.7,7.5,100.0,100.0,7.3,7.1,200.5,196.3,1002.0,1002.0,119.68,402.75,469.11,29.4284,10.8715,305.6,49.1,1486.287, NAN, NAN, NAN, NAN,,2024/04/03 14:02:47.743,2024-04-03 14:02:47.743000+00:00
2024/04/03, 14:03:47.743,35.948,-75.121,0.71,205.12,187.1,1.76,15.3,15.3,999.6,999.7,0.0,0.0,12.03,10.23,357,351,7.5,7.6,100.0,100.0,6.6,6.7,203.2,196.3,1001.7,1001.8,117.54,402.61,464.2,29.4341,10.8723,304.9,49.0,1486.296, NAN, NAN, NAN, NAN,,2024/04/03 14:03:47.743,2024-04-03 14:03:47.743000+00:00
2024/04/03, 14:04:47.743,35.947,-75.121,2.48,253.4,221.92,2.8,15.3,15.3,999.7,999.5,0.0,0.0,12.03,10.23,330,327,7.8,8.7,100.0,100.0,6.4,7.3,220.0,216.9,1001.8,1001.6,115.09,403.16,457.88,29.4348,10.8718,304.1,49.1,1486.295, NAN, NAN, NAN, NAN,,2024/04/03 14:04:47.743,2024-04-03 14:04:47.743000+00:00
2024/04/03, 14:05:47.743,35.947,-75.122,3.59,305.38,290.65,4.11,15.2,15.3,999.5,999.3,0.0,0.0,12.03,10.23,274,285,6.8,7.8,100.0,100.0,6.5,7.1,201.3,215.0,1001.6,1001.4,111.69,402.54,447.88,29.4128,10.8715,302.8,49.3,1486.268, NAN, NAN, NAN, NAN,,2024/04/03 14:05:47.743,2024-04-03 14:05:47.743000+00:00
2024/04/03, 14:06:47.743,35.948,-75.123,5.01,331.05,335.75,4.61,15.1,15.2,999.3,999.5,0.0,0.0,12.03,10.23,243,242,5.6,5.6,100.0,100.0,7.0,7.1,196.8,196.0,1001.4,1001.6,111.31,402.28,450.38,29.4014,10.869,299.8,49.2,1486.245, NAN, NAN, NAN, NAN,,2024/04/03 14:06:47.743,2024-04-03 14:06:47.743000+00:00
2024/04/03, 14:07:47.743,35.949,-75.124,4.91,304.53,323.53,3.74,15.1,15.1,999.4,999.3,0.0,0.0,12.03,10.23,249,251,6.1,5.9,100.0,100.0,7.4,7.1,181.3,182.6,1001.5,1001.4,111.38,402.63,453.21,29.3878,10.8681,296.1,49.8,1486.226, NAN, NAN, NAN, NAN,,2024/04/03 14:07:47.743,2024-04-03 14:07:47.743000+00:00
2024/04/03, 14:08:47.743,35.949,-75.125,2.78,234.73,259.04,1.29,15.1,15.2,999.4,999.3,0.0,0.0,12.03,10.23,300,297,7.8,8.6,100.0,100.0,7.8,8.6,169.9,167.3,1001.5,1001.4,111.85,402.74,456.97,29.3761,10.8652,294.0,49.8,1486.201, NAN, NAN, NAN, NAN,,2024/04/03 14:08:47.743,2024-04-03 14:08:47.743000+00:00
2024/04/03, 14:09:47.743,35.95,-75.125,-0.49,217.67,267.6,0.42,15.2,15.2,999.1,999.1,0.0,0.0,12.03,10.23,336,330,6.5,7.0,100.0,100.0,6.5,7.0,191.8,185.9,1001.2,1001.2,114.31,403.15,467.95,29.3744,10.8681,296.1,49.5,1486.209, NAN, NAN, NAN, NAN,,2024/04/03 14:09:47.743,2024-04-03 14:09:47.743000+00:00
2024/04/03, 14:10:47.743,35.95,-75.125,-0.26,217.97,278.93,0.34,15.3,15.3,999.2,999.3,0.0,0.0,12.03,10.23,335,331,6.9,7.8,100.0,100.0,7.0,7.9,191.6,187.8,1001.3,1001.4,120.41,403.26,487.52,29.3731,10.8727,291.0,49.8,1486.224, NAN, NAN, NAN, NAN,,2024/04/03 14:10:47.743,2024-04-03 14:10:47.743000+00:00
2024/04/03, 14:11:47.743,35.95,-75.125,-0.19,211.62,268.41,0.72,15.3,15.3,999.1,999.0,0.0,0.0,12.03,10.23,334,330,6.8,7.3,100.0,100.0,6.8,7.3,182.5,178.7,1001.2,1001.1,130.99,403.44,524.48,29.3885,10.8773,283.3,50.0,1486.259, NAN, NAN, NAN, NAN,,2024/04/03 14:11:47.743,2024-04-03 14:11:47.743000+00:00
2024/04/03, 14:12:47.743,35.95,-75.125,-0.13,205.94,260.86,0.79,15.4,15.4,999.1,998.9,0.0,0.0,12.03,10.23,336,332,7.0,7.3,100.0,100.0,7.1,7.4,178.7,174.8,1001.2,1001.0,143.39,403.05,561.73,29.399,10.8837,276.9,49.8,1486.295, NAN, NAN, NAN, NAN,,2024/04/03 14:12:47.743,2024-04-03 14:12:47.743000+00:00
2024/04/03, 14:13:47.743,35.95,-75.125,-0.27,200.58,290.86,0.64,15.3,15.4,998.8,998.9,0.0,0.0,12.03,10.23,340,335,7.0,7.1,100.0,100.0,7.1,7.2,178.0,173.1,1000.9,1001.0,156.85,402.08,600.71,29.4073,10.8854,281.7,49.7,1486.311, NAN, NAN, NAN, NAN,,2024/04/03 14:13:47.743,2024-04-03 14:13:47.743000+00:00
2024/04/03, 14:14:47.743,35.95,-75.125,-0.05,197.7,262.82,0.32,15.3,15.3,998.9,998.9,0.0,0.0,12.03,10.23,339,334,6.8,7.0,100.0,100.0,6.8,7.1,175.4,170.4,1001.0,1001.0,169.86,401.52,639.2,29.4098,10.8816,273.9,49.9,1486.3, NAN, NAN, NAN, NAN,,2024/04/03 14:14:47.743,2024-04-03 14:14:47.743000+00:00
2024/04/03, 14:15:47.743,35.95,-75.126,-0.26,194.47,355.83,0.11,15.3,15.2,998.9,998.7,0.0,0.0,12.03,10.23,342,336,7.1,7.2,100.0,100.0,7.1,7.2,176.1,170.2,1001.0,1000.8,179.19,401.52,667.87,29.4114,10.882,277.6,50.1,1486.304, NAN, NAN, NAN, NAN,,2024/04/03 14:15:47.743,2024-04-03 14:15:47.743000+00:00
2024/04/03, 14:16:47.744,35.95,-75.126,-0.4,192.25,257.86,0.37,15.2,15.2,998.7,998.7,0.0,0.0,12.03,10.24,343,339,7.5,7.7,100.0,100.0,7.6,7.8,173.9,170.0,1000.8,1000.8,185.17,402.52,691.1,29.4099,10.88,272.3,49.8,1486.295, NAN, NAN, NAN, NAN,,2024/04/03 14:16:47.744,2024-04-03 14:16:47.744000+00:00
2024/04/03, 14:17:47.744,35.95,-75.126,-0.22,190.54,231.21,0.45,15.2,15.2,998.5,998.6,0.0,0.0,12.03,10.24,344,339,7.3,7.7,100.0,100.0,7.3,7.7,172.7,167.8,1000.6,1000.7,187.54,401.84,701.28,29.4105,10.8643,260.4,49.4,1486.239, NAN, NAN, NAN, NAN,,2024/04/03 14:17:47.744,2024-04-03 14:17:47.744000+00:00
2024/04/03, 14:18:47.744,35.95,-75.126,-0.36,190.58,317.03,0.33,15.2,15.3,998.2,998.1,0.0,0.0,12.03,10.24,343,337,7.4,7.6,100.0,100.0,7.5,7.7,172.7,166.8,1000.3,1000.2,183.18,402.54,691.8,29.4116,10.8107,264.8,50.1,1486.049, NAN, NAN, NAN, NAN,,2024/04/03 14:18:47.744,2024-04-03 14:18:47.744000+00:00
2024/04/03, 14:19:47.744,35.95,-75.126,-0.27,190.37,227.45,0.06,15.3,15.3,998.4,998.3,0.0,0.0,12.03,10.24,340,335,7.6,7.8,100.0,100.0,7.6,7.8,170.3,165.3,1000.5,1000.4,176.95,402.39,674.95,29.4094,10.783,263.5,50.0,1485.947, NAN, NAN, NAN, NAN,,2024/04/03 14:19:47.744,2024-04-03 14:19:47.744000+00:00
2024/04/03, 14:20:47.744,35.95,-75.126,-0.17,189.49,113.09,0.1,15.3,15.3,998.0,997.9,0.0,0.0,12.03,10.24,338,333,7.5,7.7,100.0,100.0,7.5,7.7,167.9,162.9,1000.1,1000.0,168.94,402.24,642.49,29.4113,10.7979,261.4,50.1,1486.003, NAN, NAN, NAN, NAN,,2024/04/03 14:20:47.744,2024-04-03 14:20:47.744000+00:00
2024/04/03, 14:21:47.744,35.95,-75.126,-0.2,190.52,6.04,0.24,15.2,15.2,998.0,997.8,0.0,0.0,12.03,10.24,335,330,7.6,8.0,100.0,100.0,7.7,8.1,166.2,161.2,1000.1,999.9,162.73,402.28,625.77,29.4128,10.7742,266.5,50.0,1485.92, NAN, NAN, NAN, NAN,,2024/04/03 14:21:47.744,2024-04-03 14:21:47.744000+00:00
2024/04/03, 14:22:47.744,35.95,-75.126,-0.31,191.44,339.89,0.27,15.4,15.4,997.7,997.7,0.0,0.0,12.03,10.24,339,334,7.9,8.3,100.0,100.0,8.0,8.4,170.4,165.5,999.8,999.8,150.6,403.08,592.25,29.4057,10.7165,271.6,49.7,1485.705, NAN, NAN, NAN, NAN,,2024/04/03 14:22:47.744,2024-04-03 14:22:47.744000+00:00
2024/04/03, 14:23:47.744,35.95,-75.126,-0.24,190.14,312.44,0.5,15.4,15.4,997.7,997.5,0.0,0.0,12.03,10.24,337,332,8.0,8.4,100.0,100.0,8.2,8.6,165.9,161.0,999.8,999.6,139.01,403.04,553.91,29.4232,10.7239,277.9,49.8,1485.752, NAN, NAN, NAN, NAN,,2024/04/03 14:23:47.744,2024-04-03 14:23:47.744000+00:00
2024/04/03, 14:24:47.744,35.95,-75.126,-0.25,189.39,86.0,0.32,15.3,15.3,997.7,997.6,0.0,0.0,12.03,10.24,329,325,8.2,9.1,100.0,100.0,8.1,9.0,159.4,155.3,999.8,999.7,129.23,401.34,524.39,29.432,10.7589,279.3,49.7,1485.888, NAN, NAN, NAN, NAN,,2024/04/03 14:24:47.744,2024-04-03 14:24:47.744000+00:00
2024/04/03, 14:25:47.744,35.95,-75.126,-0.25,189.84,4.62,0.14,15.0,15.0,997.4,997.3,0.0,0.0,12.03,10.24,326,322,8.2,9.3,100.0,100.0,8.3,9.4,156.2,152.1,999.5,999.4,134.54,400.39,543.85,29.4283,10.7916,294.4,50.0,1486.001, NAN, NAN, NAN, NAN,,2024/04/03 14:25:47.744,2024-04-03 14:25:47.744000+00:00
2024/04/03, 14:26:47.744,35.95,-75.126,-0.17,189.33,262.38,0.26,14.8,14.9,997.5,997.4,0.0,0.0,12.03,10.24,328,324,8.4,9.2,100.0,100.0,8.5,9.3,156.6,152.7,999.6,999.5,142.78,400.24,568.44,29.435,10.8108,288.4,50.2,1486.078, NAN, NAN, NAN, NAN,,2024/04/03 14:26:47.744,2024-04-03 14:26:47.744000+00:00
2024/04/03, 14:27:47.744,35.95,-75.126,-0.32,190.8,191.2,0.19,14.8,14.8,997.6,997.4,0.0,0.0,12.03,10.24,329,325,8.2,9.3,100.0,100.0,8.2,9.3,159.1,155.2,999.7,999.5,150.52,400.1,588.8,29.4311,10.8335,282.0,50.0,1486.154, NAN, NAN, NAN, NAN,,2024/04/03 14:27:47.744,2024-04-03 14:27:47.744000+00:00
2024/04/03, 14:28:47.744,35.95,-75.126,-0.15,190.78,235.7,0.34,14.8,14.8,997.8,997.7,0.0,0.0,12.03,10.24,332,328,8.0,8.5,100.0,100.0,8.0,8.5,161.5,157.6,999.9,999.8,156.49,399.96,612.21,29.4301,10.854,280.6,49.7,1486.226, NAN, NAN, NAN, NAN,,2024/04/03 14:28:47.744,2024-04-03 14:28:47.744000+00:00
2024/04/03, 14:29:47.744,35.95,-75.126,-0.13,188.52,6.64,0.12,14.8,14.8,997.9,997.7,0.0,0.0,12.03,10.24,339,333,7.6,8.0,100.0,100.0,7.6,8.0,167.1,161.1,1000.0,999.8,162.38,400.88,636.04,29.4254,10.7121,280.9,49.7,1485.713, NAN, NAN, NAN, NAN,,2024/04/03 14:29:47.744,2024-04-03 14:29:47.744000+00:00
2024/04/03, 14:30:47.745,35.95,-75.126,-0.35,188.47,130.17,0.18,14.9,14.9,998.0,998.0,0.0,0.0,12.03,10.24,343,337,7.3,7.7,100.0,100.0,7.2,7.6,170.9,164.9,1000.1,1000.1,169.2,400.47,664.15,29.4269,10.622,276.0,49.6,1485.391, NAN, NAN, NAN, NAN,,2024/04/03 14:30:47.745,2024-04-03 14:30:47.745000+00:00
2024/04/03, 14:31:47.745,35.95,-75.126,-0.25,186.89,151.53,0.31,14.9,14.9,998.1,998.0,0.0,0.0,12.03,10.24,346,340,7.3,7.5,100.0,100.0,7.1,7.3,173.1,167.0,1000.2,1000.1,178.76,400.12,695.36,29.4256,10.6845,278.4,50.2,1485.614, NAN, NAN, NAN, NAN,,2024/04/03 14:31:47.745,2024-04-03 14:31:47.745000+00:00
2024/04/03, 14:32:47.745,35.95,-75.126,-0.23,187.82,164.69,0.35,15.1,15.1,998.1,997.9,0.0,0.0,12.03,10.24,348,342,7.8,8.0,100.0,100.0,7.6,7.8,175.8,169.7,1000.2,1000.0,188.71,402.26,724.64,29.4274,10.7639,276.0,50.0,1485.901, NAN, NAN, NAN, NAN,,2024/04/03 14:32:47.745,2024-04-03 14:32:47.745000+00:00
2024/04/03, 14:33:47.745,35.95,-75.126,-0.24,188.16,72.61,0.26,15.2,15.3,998.2,998.1,0.0,0.0,12.03,10.24,348,342,7.8,7.9,100.0,100.0,7.8,7.9,177.1,171.1,1000.3,1000.2,202.46,401.17,761.86,29.4335,10.8175,273.6,49.7,1486.1, NAN, NAN, NAN, NAN,,2024/04/03 14:33:47.745,2024-04-03 14:33:47.745000+00:00
2024/04/03, 14:34:47.745,35.95,-75.126,-0.21,187.45,268.92,0.32,15.2,15.2,998.2,998.0,0.0,0.0,12.03,10.24,350,344,7.4,7.5,100.0,100.0,7.4,7.5,176.2,170.2,1000.3,1000.1,218.84,399.92,811.64,29.4388,10.8315,284.0,49.8,1486.156, NAN, NAN, NAN, NAN,,2024/04/03 14:34:47.745,2024-04-03 14:34:47.745000+00:00
2024/04/03, 14:35:47.745,35.95,-75.126,-0.14,187.67,262.41,0.16,15.2,15.2,998.1,998.0,0.0,0.0,12.03,10.24,351,345,7.9,7.9,100.0,100.0,7.9,7.9,178.1,172.1,1000.2,1000.1,230.99,401.01,852.65,29.4477,10.7971,282.7,49.1,1486.044, NAN, NAN, NAN, NAN,,2024/04/03 14:35:47.745,2024-04-03 14:35:47.745000+00:00
2024/04/03, 14:36:47.745,35.95,-75.126,-0.3,189.89,317.42,0.35,15.4,15.4,998.0,997.8,0.0,0.0,12.03,10.24,353,347,7.9,7.9,100.0,100.0,8.1,8.1,183.1,177.2,1000.1,999.9,247.61,401.08,893.26,29.4442,10.7599,278.7,49.2,1485.907, NAN, NAN, NAN, NAN,,2024/04/03 14:36:47.745,2024-04-03 14:36:47.745000+00:00
2024/04/03, 14:37:47.745,35.95,-75.126,-0.16,188.58,10.99,0.25,15.6,15.6,998.0,997.9,0.0,0.0,12.03,10.24,355,349,8.2,8.2,100.0,100.0,8.3,8.3,183.9,178.0,1000.1,1000.0,263.25,401.11,930.61,29.4397,10.757,269.6,49.1,1485.891, NAN, NAN, NAN, NAN,,2024/04/03 14:37:47.745,2024-04-03 14:37:47.745000+00:00
2024/04/03, 14:38:47.745,35.95,-75.126,-0.2,187.94,52.41,0.42,15.7,15.8,997.9,997.9,0.0,0.0,12.03,10.24,357,352,8.7,8.6,100.0,100.0,8.8,8.7,186.0,181.1,1000.0,1000.0,277.83,401.41,963.6,29.4357,10.7627,268.1,49.5,1485.907, NAN, NAN, NAN, NAN,,2024/04/03 14:38:47.745,2024-04-03 14:38:47.745000+00:00
2024/04/03, 14:39:47.745,35.95,-75.126,-0.17,188.28,267.13,0.49,16.0,16.0,998.1,998.0,0.0,0.0,12.03,10.24,358,352,9.5,9.2,100.0,100.0,9.4,9.2,184.8,178.7,1000.2,1000.1,284.46,400.95,972.93,29.4182,10.7296,259.8,49.3,1485.767, NAN, NAN, NAN, NAN,,2024/04/03 14:39:47.745,2024-04-03 14:39:47.745000+00:00
2024/04/03, 14:40:47.745,35.95,-75.126,-0.22,188.29,19.79,0.28,16.0,16.0,998.1,997.9,0.0,0.0,12.03,10.24,358,352,9.5,9.2,100.0,100.0,9.6,9.3,186.0,180.0,1000.2,1000.0,279.97,399.92,962.31,29.4082,10.7715,262.5,49.8,1485.905, NAN, NAN, NAN, NAN,,2024/04/03 14:40:47.745,2024-04-03 14:40:47.745000+00:00
2024/04/03, 14:41:47.745,35.95,-75.126,-0.18,187.54,129.2,0.18,16.0,15.9,997.8,997.8,0.0,0.0,12.03,10.24,358,352,9.8,9.7,100.0,100.0,9.7,9.7,185.1,179.1,999.9,999.9,268.24,400.29,940.89,29.4097,10.8232,266.5,49.5,1486.092, NAN, NAN, NAN, NAN,,2024/04/03 14:41:47.745,2024-04-03 14:41:47.745000+00:00
2024/04/03, 14:42:47.745,35.95,-75.126,-0.19,188.52,60.05,0.2,16.0,16.0,998.0,997.8,0.0,0.0,12.03,10.24,358,353,9.9,9.8,100.0,100.0,10.0,9.9,186.7,181.8,1000.1,999.9,253.36,400.26,894.98,29.4036,10.851,259.2,49.7,1486.184, NAN, NAN, NAN, NAN,,2024/04/03 14:42:47.745,2024-04-03 14:42:47.745000+00:00
2024/04/03, 14:43:47.745,35.95,-75.126,-0.19,187.23,62.89,0.12,16.0,16.0,997.7,997.8,0.0,0.0,12.03,10.24,359,353,9.8,9.8,100.0,100.0,9.8,9.8,186.6,180.6,999.8,999.9,219.89,400.86,812.83,29.4008,10.8633,258.5,49.6,1486.224, NAN, NAN, NAN, NAN,,2024/04/03 14:43:47.745,2024-04-03 14:43:47.745000+00:00
2024/04/03, 14:44:47.745,35.95,-75.126,-0.14,188.24,245.33,0.1,16.1,16.1,998.1,998.0,0.0,0.0,12.03,10.24,358,353,10.3,10.2,100.0,100.0,10.3,10.2,186.0,181.0,1000.2,1000.1,193.6,400.94,734.37,29.4021,10.7582,261.1,49.3,1485.85, NAN, NAN, NAN, NAN,,2024/04/03 14:44:47.745,2024-04-03 14:44:47.745000+00:00
2024/04/03, 14:45:47.746,35.95,-75.126,-0.14,187.14,48.46,0.2,16.2,16.2,997.8,997.8,0.0,0.0,12.03,10.24,359,354,10.2,9.9,100.0,100.0,10.3,10.0,185.7,180.8,999.9,999.9,175.69,400.69,687.65,29.4028,10.7269,258.0,49.6,1485.739, NAN, NAN, NAN, NAN,,2024/04/03 14:45:47.746,2024-04-03 14:45:47.746000+00:00
2024/04/03, 14:46:47.746,35.95,-75.126,-0.15,188.72,136.57,0.17,16.1,16.2,997.9,997.7,0.0,0.0,12.03,10.24,356,351,10.0,10.0,100.0,100.0,9.9,10.0,184.3,179.3,1000.0,999.8,165.91,400.81,658.93,29.4048,10.6214,258.8,48.7,1485.363, NAN, NAN, NAN, NAN,,2024/04/03 14:46:47.746,2024-04-03 14:46:47.746000+00:00
2024/04/03, 14:47:47.746,35.95,-75.126,-0.15,185.78,120.77,0.24,16.1,16.2,998.0,997.9,0.0,0.0,12.03,10.24,1,355,10.6,10.4,100.0,100.0,10.6,10.4,186.1,180.1,1000.1,1000.0,158.85,400.25,639.28,29.4053,10.5983,258.4,49.5,1485.28, NAN, NAN, NAN, NAN,,2024/04/03 14:47:47.746,2024-04-03 14:47:47.746000+00:00
2024/04/03, 14:48:47.746,35.95,-75.126,-0.2,187.52,113.55,0.39,16.2,16.2,998.1,997.9,0.0,0.0,12.03,10.24,0,354,10.8,10.4,100.0,100.0,10.8,10.4,188.6,182.6,1000.2,1000.0,154.83,400.47,629.19,29.4006,10.61,260.4,49.3,1485.317, NAN, NAN, NAN, NAN,,2024/04/03 14:48:47.746,2024-04-03 14:48:47.746000+00:00
2024/04/03, 14:49:47.746,35.95,-75.126,-0.16,188.47,202.63,0.12,16.1,16.2,998.0,997.8,0.0,0.0,12.03,10.24,357,352,10.1,10.0,100.0,100.0,10.0,9.9,185.4,180.4,1000.1,999.9,153.5,399.03,622.02,29.4099,10.6362,268.1,48.9,1485.422, NAN, NAN, NAN, NAN,,2024/04/03 14:49:47.746,2024-04-03 14:49:47.746000+00:00
2024/04/03, 14:50:47.746,35.95,-75.126,-0.1,187.66,256.62,0.46,16.0,16.0,998.0,997.9,0.0,0.0,12.03,10.24,1,355,10.3,9.9,100.0,100.0,10.3,9.9,187.4,181.3,1000.1,1000.0,156.03,399.48,616.57,29.4115,10.6122,269.9,49.3,1485.338, NAN, NAN, NAN, NAN,,2024/04/03 14:50:47.746,2024-04-03 14:50:47.746000+00:00
2024/04/03, 14:51:47.746,35.95,-75.126,-0.18,187.02,203.84,0.31,16.0,16.0,998.2,998.1,0.0,0.0,12.03,10.24,2,357,10.5,10.2,100.0,100.0,10.4,10.1,188.7,183.6,1000.3,1000.2,156.47,401.31,602.12,29.4108,10.6971,266.8,49.7,1485.641, NAN, NAN, NAN, NAN,,2024/04/03 14:51:47.746,2024-04-03 14:51:47.746000+00:00
2024/04/03, 14:52:47.746,35.95,-75.126,-0.25,188.49,214.85,0.15,16.0,16.0,998.1,998.1,0.0,0.0,12.03,10.24,0,356,9.8,9.7,100.0,100.0,9.8,9.7,188.0,184.0,1000.2,1000.2,142.52,403.28,554.2,29.4149,10.6817,275.6,48.9,1485.591, NAN, NAN, NAN, NAN,,2024/04/03 14:52:47.746,2024-04-03 14:52:47.746000+00:00
2024/04/03, 14:53:47.746,35.95,-75.127,-0.16,187.72,167.67,0.15,15.9,15.9,998.2,998.1,0.0,0.0,12.03,10.24,2,356,10.2,10.1,100.0,100.0,10.1,10.0,189.5,183.4,1000.3,1000.2,119.95,407.47,493.72,29.4176,10.6116,277.6,49.5,1485.343, NAN, NAN, NAN, NAN,,2024/04/03 14:53:47.746,2024-04-03 14:53:47.746000+00:00
2024/04/03, 14:54:47.746,35.95,-75.127,-0.1,188.88,15.74,0.05,15.9,15.9,998.1,998.1,0.0,0.0,12.03,10.24,1,355,9.8,9.6,100.0,100.0,9.8,9.6,189.7,183.8,1000.2,1000.2,109.57,408.36,460.12,29.4184,10.6843,274.5,49.2,1485.605, NAN, NAN, NAN, NAN,,2024/04/03 14:54:47.746,2024-04-03 14:54:47.746000+00:00
2024/04/03, 14:55:47.746,35.95,-75.127,-0.24,188.0,325.46,0.07,15.8,15.9,998.2,998.1,0.0,0.0,12.03,10.24,359,354,10.4,10.1,100.0,100.0,10.4,10.1,187.0,182.0,1000.3,1000.2,113.57,408.99,473.98,29.4194,10.7182,277.6,49.1,1485.727, NAN, NAN, NAN, NAN,,2024/04/03 14:55:47.746,2024-04-03 14:55:47.746000+00:00
2024/04/03, 14:56:47.746,35.95,-75.127,-0.1,188.71,144.79,0.16,15.8,15.8,998.1,998.0,0.0,0.0,12.03,10.24,358,352,10.2,10.0,100.0,100.0,10.2,10.0,187.2,181.2,1000.2,1000.1,126.18,408.63,505.0,29.4225,10.6253,281.2,49.1,1485.398, NAN, NAN, NAN, NAN,,2024/04/03 14:56:47.746,2024-04-03 14:56:47.746000+00:00
2024/04/03, 14:57:47.746,35.95,-75.127,-0.22,187.86,125.4,0.31,15.7,15.8,998.3,998.2,0.0,0.0,12.03,10.24,355,349,10.2,9.8,100.0,100.0,10.2,9.7,183.7,177.7,1000.4,1000.3,133.74,407.49,525.73,29.4254,10.6619,278.4,49.4,1485.533, NAN, NAN, NAN, NAN,,2024/04/03 14:57:47.746,2024-04-03 14:57:47.746000+00:00
2024/04/03, 14:58:47.746,35.95,-75.127,-0.19,188.31,262.59,0.28,15.6,15.7,998.0,997.9,0.0,0.0,12.03,10.24,354,348,9.9,9.9,100.0,100.0,10.0,10.0,181.6,175.6,1000.1,1000.0,138.46,408.51,541.45,29.4266,10.6624,281.2,49.5,1485.536, NAN, NAN, NAN, NAN,,2024/04/03 14:58:47.746,2024-04-03 14:58:47.746000+00:00
2024/04/03, 14:59:47.746,35.95,-75.127,-0.13,188.19,66.3,0.05,15.6,15.6,998.2,998.0,0.0,0.0,12.03,10.24,353,348,10.8,10.7,100.0,100.0,10.8,10.7,181.3,176.3,1000.3,1000.1,147.98,409.95,576.24,29.4269,10.7337,283.0,49.4,1485.792, NAN, NAN, NAN, NAN,,2024/04/03 14:59:47.746,2024-04-03 14:59:47.746000+00:00
2024/04/03, 15:00:47.746,35.95,-75.127,-0.12,189.21,40.41,0.13,15.7,15.8,998.2,998.1,0.0,0.0,12.03,10.24,355,349,10.5,10.3,100.0,100.0,10.5,10.3,184.5,178.6,1000.3,1000.2,159.0,409.48,614.49,29.4273,10.7664,280.9,49.2,1485.91, NAN, NAN, NAN, NAN,,2024/04/03 15:00:47.746,2024-04-03 15:00:47.746000+00:00
2024/04/03, 15:01:47.746,35.95,-75.127,-0.27,187.95,53.04,0.31,15.8,15.8,998.3,998.1,0.0,0.0,12.03,10.24,351,346,10.0,10.1,100.0,100.0,10.1,10.2,178.1,173.2,1000.4,1000.2,176.74,408.3,671.48,29.4265,10.7431,280.3,49.1,1485.825, NAN, NAN, NAN, NAN,,2024/04/03 15:01:47.746,2024-04-03 15:01:47.746000+00:00
2024/04/03, 15:02:47.746,35.95,-75.127,-0.18,186.07,116.91,0.34,15.7,15.8,998.1,998.0,0.0,0.0,12.03,10.24,353,347,10.6,10.6,100.0,100.0,10.5,10.5,179.9,173.8,1000.2,1000.1,204.05,407.08,751.38,29.4314,10.6925,277.6,49.5,1485.65, NAN, NAN, NAN, NAN,,2024/04/03 15:02:47.746,2024-04-03 15:02:47.746000+00:00
2024/04/03, 15:03:47.747,35.95,-75.127,-0.25,187.97,228.71,0.27,15.7,15.7,998.0,997.9,0.0,0.0,12.03,10.24,352,346,10.0,10.0,100.0,100.0,10.0,10.0,179.2,173.2,1000.1,1000.0,237.69,403.28,858.55,29.4305,10.6994,280.0,49.8,1485.673, NAN, NAN, NAN, NAN,,2024/04/03 15:03:47.747,2024-04-03 15:03:47.747000+00:00
2024/04/03, 15:04:47.747,35.95,-75.127,-0.25,187.8,25.39,0.1,15.6,15.7,998.0,997.9,0.0,0.0,12.03,10.24,351,346,10.0,10.1,100.0,100.0,10.1,10.1,178.9,173.9,1000.1,1000.0,274.86,399.04,944.83,29.4314,10.7577,275.3,49.3,1485.883, NAN, NAN, NAN, NAN,,2024/04/03 15:04:47.747,2024-04-03 15:04:47.747000+00:00
2024/04/03, 15:05:47.747,35.95,-75.127,-0.13,187.52,59.91,0.02,15.6,15.6,998.1,997.9,0.0,0.0,12.03,10.24,354,348,10.3,10.0,100.0,100.0,10.3,10.0,181.6,175.6,1000.2,1000.0,298.9,396.55,1012.89,29.4332,10.7243,272.9,49.4,1485.766, NAN, NAN, NAN, NAN,,2024/04/03 15:05:47.747,2024-04-03 15:05:47.747000+00:00
2024/04/03, 15:06:47.747,35.95,-75.127,-0.33,188.74,265.61,0.08,15.6,15.7,998.2,998.0,0.0,0.0,12.03,10.24,354,348,9.9,10.1,100.0,100.0,9.9,10.1,182.5,176.6,1000.3,1000.1,310.77,394.29,1049.96,29.4373,10.7527,272.3,49.3,1485.873, NAN, NAN, NAN, NAN,,2024/04/03 15:06:47.747,2024-04-03 15:06:47.747000+00:00
2024/04/03, 15:07:47.747,35.95,-75.127,-0.28,187.82,213.94,0.2,15.6,15.6,998.0,997.9,0.0,0.0,12.03,10.24,351,346,10.3,10.5,100.0,100.0,10.4,10.6,178.8,173.8,1000.1,1000.0,308.09,393.64,1051.41,29.4397,10.7456,269.6,49.3,1485.85, NAN, NAN, NAN, NAN,,2024/04/03 15:07:47.747,2024-04-03 15:07:47.747000+00:00
2024/04/03, 15:08:47.747,35.95,-75.127,-0.06,188.76,238.08,0.48,15.6,15.6,998.0,997.9,0.0,0.0,12.03,10.24,353,348,10.1,10.5,100.0,100.0,10.1,10.5,180.4,175.4,1000.1,1000.0,322.93,393.1,1137.18,29.4381,10.7184,267.2,49.2,1485.751, NAN, NAN, NAN, NAN,,2024/04/03 15:08:47.747,2024-04-03 15:08:47.747000+00:00
2024/04/03, 15:09:47.747,35.95,-75.127,-0.07,188.27,237.62,0.28,15.5,15.6,998.1,997.8,0.0,0.0,12.03,10.24,354,348,10.6,10.5,100.0,100.0,10.5,10.4,181.6,175.6,1000.2,999.9,282.95,393.17,1004.29,29.4402,10.6315,264.8,48.8,1485.442, NAN, NAN, NAN, NAN,,2024/04/03 15:09:47.747,2024-04-03 15:09:47.747000+00:00
2024/04/03, 15:10:47.747,35.95,-75.127,-0.07,187.66,241.26,0.43,15.5,15.5,998.1,997.9,0.0,0.0,12.03,10.24,356,351,10.2,10.2,100.0,100.0,10.1,10.2,182.5,177.4,1000.2,1000.0,265.57,393.37,958.79,29.4459,10.5495,256.4,49.4,1485.154, NAN, NAN, NAN, NAN,,2024/04/03 15:10:47.747,2024-04-03 15:10:47.747000+00:00
2024/04/03, 15:11:47.747,35.95,-75.127,-0.07,187.4,24.5,0.25,15.4,15.4,998.1,998.0,0.0,0.0,12.03,10.24,354,349,10.3,10.4,100.0,100.0,10.4,10.5,181.1,176.1,1000.2,1000.1,258.86,392.88,939.7,29.448,10.6004,252.1,49.4,1485.339, NAN, NAN, NAN, NAN,,2024/04/03 15:11:47.747,2024-04-03 15:11:47.747000+00:00
2024/04/03, 15:12:47.747,35.95,-75.127,-0.13,188.02,270.04,0.18,15.4,15.5,998.1,998.0,0.0,0.0,12.03,10.24,354,348,10.3,10.3,100.0,100.0,10.3,10.3,181.5,175.6,1000.2,1000.1,250.48,392.93,917.52,29.4517,10.5898,250.7,49.5,1485.306, NAN, NAN, NAN, NAN,,2024/04/03 15:12:47.747,2024-04-03 15:12:47.747000+00:00
2024/04/03, 15:13:47.747,35.95,-75.127,-0.26,183.82,30.84,0.09,15.4,15.4,998.1,998.0,0.0,0.0,12.03,10.24,2,356,9.4,9.5,100.0,100.0,9.4,9.5,185.6,179.6,1000.2,1000.1,246.28,391.63,905.51,29.4534,10.709,255.2,49.8,1485.736, NAN, NAN, NAN, NAN,,2024/04/03 15:13:47.747,2024-04-03 15:13:47.747000+00:00
2024/04/03, 15:14:47.747,35.95,-75.127,-0.25,182.39,52.94,0.27,15.4,15.4,998.0,998.0,0.0,0.0,12.03,10.24,2,356,10.0,9.9,100.0,100.0,10.1,10.0,183.7,177.7,1000.1,1000.1,240.29,392.64,885.32,29.4552,10.7861,255.0,49.3,1486.014, NAN, NAN, NAN, NAN,,2024/04/03 15:14:47.747,2024-04-03 15:14:47.747000+00:00
2024/04/03, 15:15:47.747,35.95,-75.127,-0.09,184.04,332.3,0.19,15.4,15.5,998.0,998.0,0.0,0.0,12.03,10.24,3,357,10.0,9.8,100.0,100.0,10.0,9.9,186.5,180.6,1000.1,1000.1,235.57,392.66,872.1,29.459,10.7561,257.1,48.6,1485.911, NAN, NAN, NAN, NAN,,2024/04/03 15:15:47.747,2024-04-03 15:15:47.747000+00:00
2024/04/03, 15:16:47.747,35.95,-75.127,-0.25,181.27,70.7,0.19,15.5,15.5,998.2,998.1,0.0,0.0,12.03,10.24,4,358,10.2,9.8,100.0,100.0,10.3,9.9,185.7,179.7,1000.3,1000.2,233.19,392.57,860.76,29.4629,10.7469,255.5,49.3,1485.883, NAN, NAN, NAN, NAN,,2024/04/03 15:16:47.747,2024-04-03 15:16:47.747000+00:00
2024/04/03, 15:17:47.748,35.95,-75.127,-0.32,181.81,50.43,0.07,15.5,15.5,998.2,998.1,0.0,0.0,12.03,10.24,4,359,10.6,10.0,100.0,100.0,10.6,10.0,186.0,181.0,1000.3,1000.2,230.17,392.92,851.2,29.469,10.7432,266.5,49.2,1485.877, NAN, NAN, NAN, NAN,,2024/04/03 15:17:47.748,2024-04-03 15:17:47.748000+00:00
2024/04/03, 15:18:47.748,35.95,-75.127,-0.27,182.11,248.97,0.37,15.5,15.5,998.3,998.3,0.0,0.0,12.03,10.24,7,1,10.2,9.5,100.0,100.0,10.0,9.3,188.6,182.4,1000.4,1000.4,227.01,392.64,839.94,29.4717,10.7498,273.6,49.1,1485.904, NAN, NAN, NAN, NAN,,2024/04/03 15:18:47.748,2024-04-03 15:18:47.748000+00:00
2024/04/03, 15:19:47.748,35.95,-75.127,-0.14,181.29,199.03,0.09,15.4,15.5,998.1,998.4,0.0,0.0,12.03,10.24,7,2,10.2,9.8,100.0,100.0,10.2,9.8,188.5,183.5,1000.2,1000.5,224.76,392.33,834.55,29.4732,10.7922,277.2,49.3,1486.057, NAN, NAN, NAN, NAN,,2024/04/03 15:19:47.748,2024-04-03 15:19:47.748000+00:00
2024/04/03, 15:20:47.748,35.95,-75.127,-0.27,180.84,139.11,0.15,15.5,15.4,998.4,998.4,0.0,0.0,12.03,10.24,9,3,10.0,9.8,100.0,100.0,9.9,9.7,190.0,184.0,1000.5,1000.5,223.81,392.28,832.1,29.4796,10.8325,280.3,49.2,1486.209, NAN, NAN, NAN, NAN,,2024/04/03 15:20:47.748,2024-04-03 15:20:47.748000+00:00
2024/04/03, 15:21:47.748,35.95,-75.127,-0.31,179.95,76.55,0.16,15.5,15.5,998.3,998.3,0.0,0.0,12.03,10.24,9,3,10.1,9.7,100.0,100.0,10.1,9.7,189.4,183.4,1000.4,1000.4,223.78,392.91,832.33,29.5359,10.8359,285.1,49.0,1486.289, NAN, NAN, NAN, NAN,,2024/04/03 15:21:47.748,2024-04-03 15:21:47.748000+00:00
2024/04/03, 15:22:47.748,35.95,-75.127,-0.21,180.61,347.23,0.39,15.5,15.5,998.2,998.2,0.0,0.0,12.03,10.24,10,4,10.0,10.1,100.0,100.0,10.2,10.3,190.1,184.2,1000.3,1000.3,221.98,393.07,827.17,29.5194,10.8542,285.4,49.1,1486.334, NAN, NAN, NAN, NAN,,2024/04/03 15:22:47.748,2024-04-03 15:22:47.748000+00:00
2024/04/03, 15:23:47.748,35.95,-75.127,-0.24,179.73,271.01,0.2,15.5,15.5,998.2,998.4,0.0,0.0,12.03,10.24,10,5,10.7,10.0,100.0,100.0,10.7,10.0,189.2,184.2,1000.3,1000.5,218.61,393.89,818.81,29.5089,10.8453,287.0,49.3,1486.29, NAN, NAN, NAN, NAN,,2024/04/03 15:23:47.748,2024-04-03 15:23:47.748000+00:00
2024/04/03, 15:24:47.748,35.95,-75.127,-0.16,179.69,250.31,0.07,15.6,15.6,998.1,998.3,0.0,0.0,12.03,10.24,13,7,10.1,9.6,100.0,100.0,10.1,9.6,192.5,186.5,1000.2,1000.4,215.72,393.82,813.43,29.5171,10.8327,281.2,48.9,1486.255, NAN, NAN, NAN, NAN,,2024/04/03 15:24:47.748,2024-04-03 15:24:47.748000+00:00
2024/04/03, 15:25:47.748,35.95,-75.127,-0.35,178.85,24.15,0.18,15.6,15.6,998.3,998.3,0.0,0.0,12.03,10.24,12,7,9.7,9.6,100.0,100.0,9.8,9.7,191.1,186.1,1000.4,1000.4,212.73,393.72,808.9,29.5231,10.8232,288.1,49.4,1486.228, NAN, NAN, NAN, NAN,,2024/04/03 15:25:47.748,2024-04-03 15:25:47.748000+00:00
2024/04/03, 15:26:47.748,35.95,-75.127,-0.36,179.4,313.04,0.44,15.7,15.7,998.0,998.1,0.0,0.0,12.03,10.24,12,6,9.8,9.6,100.0,100.0,9.9,9.8,190.4,184.4,1000.1,1000.2,210.04,394.11,805.67,29.5112,10.8173,291.0,49.2,1486.193, NAN, NAN, NAN, NAN,,2024/04/03 15:26:47.748,2024-04-03 15:26:47.748000+00:00
2024/04/03, 15:27:47.748,35.95,-75.127,-0.2,180.36,256.2,0.15,15.7,15.7,998.3,998.2,0.0,0.0,12.03,10.24,12,6,10.8,10.1,100.0,100.0,10.8,10.1,192.0,185.9,1000.4,1000.3,208.89,395.05,806.41,29.5036,10.8245,292.8,48.8,1486.209, NAN, NAN, NAN, NAN,,2024/04/03 15:27:47.748,2024-04-03 15:27:47.748000+00:00
2024/04/03, 15:28:47.748,35.95,-75.127,-0.14,179.72,117.31,0.5,15.7,15.7,998.4,998.2,0.0,0.0,12.03,10.24,13,8,10.2,9.7,100.0,100.0,10.1,9.6,194.1,189.2,1000.5,1000.3,211.1,394.46,815.66,29.4903,10.8307,295.2,49.4,1486.215, NAN, NAN, NAN, NAN,,2024/04/03 15:28:47.748,2024-04-03 15:28:47.748000+00:00
2024/04/03, 15:29:47.748,35.95,-75.127,-0.37,179.64,197.65,0.26,15.7,15.7,998.3,998.3,0.0,0.0,12.03,10.24,15,10,10.1,9.4,100.0,100.0,10.0,9.3,194.9,189.8,1000.4,1000.4,216.33,394.15,831.82,29.4907,10.8243,295.5,48.6,1486.193, NAN, NAN, NAN, NAN,,2024/04/03 15:29:47.748,2024-04-03 15:29:47.748000+00:00
2024/04/03, 15:30:47.748,35.95,-75.127,-0.2,179.85,72.16,0.31,15.8,15.8,998.5,998.4,0.0,0.0,12.03,10.24,15,10,10.1,9.8,100.0,100.0,10.2,9.9,195.6,190.6,1000.6,1000.5,225.18,394.26,855.56,29.5045,10.8327,296.1,48.9,1486.24, NAN, NAN, NAN, NAN,,2024/04/03 15:30:47.748,2024-04-03 15:30:47.748000+00:00
2024/04/03, 15:31:47.748,35.95,-75.127,-0.31,180.87,306.92,0.23,15.8,15.9,998.1,998.3,0.0,0.0,12.03,10.24,15,8,10.2,10.0,100.0,100.0,10.3,10.1,196.2,189.3,1000.2,1000.4,234.12,394.61,880.2,29.5518,10.8398,300.8,49.2,1486.322, NAN, NAN, NAN, NAN,,2024/04/03 15:31:47.748,2024-04-03 15:31:47.748000+00:00
2024/04/03, 15:32:47.749,35.95,-75.127,-0.19,180.23,161.7,0.27,15.9,15.9,998.1,998.1,0.0,0.0,12.03,10.24,16,11,10.5,10.3,100.0,100.0,10.4,10.2,196.9,191.9,1000.2,1000.2,241.71,394.95,906.54,29.5757,10.8521,301.1,49.3,1486.395, NAN, NAN, NAN, NAN,,2024/04/03 15:32:47.749,2024-04-03 15:32:47.749000+00:00
2024/04/03, 15:33:47.749,35.95,-75.127,-0.41,179.88,234.83,0.23,16.0,16.0,998.1,998.1,0.0,0.0,12.03,10.24,18,12,9.7,9.1,100.0,100.0,9.8,9.2,198.1,192.2,1000.2,1000.2,249.0,394.13,928.23,29.5953,10.8459,305.6,49.3,1486.396, NAN, NAN, NAN, NAN,,2024/04/03 15:33:47.749,2024-04-03 15:33:47.749000+00:00
2024/04/03, 15:34:47.749,35.95,-75.127,-0.26,179.23,156.17,0.14,16.0,16.0,998.1,998.0,0.0,0.0,12.03,10.24,17,11,9.6,9.1,100.0,100.0,9.5,9.0,196.4,190.3,1000.2,1000.1,256.83,394.21,948.38,29.6045,10.8494,305.6,49.0,1486.42, NAN, NAN, NAN, NAN,,2024/04/03 15:34:47.749,2024-04-03 15:34:47.749000+00:00
2024/04/03, 15:35:47.749,35.95,-75.127,-0.26,179.6,40.11,0.2,16.0,16.0,998.1,998.1,0.0,0.0,12.03,10.24,17,12,10.0,9.6,100.0,100.0,10.0,9.6,197.2,192.2,1000.2,1000.2,261.42,394.24,959.82,29.5833,10.8524,298.8,49.3,1486.405, NAN, NAN, NAN, NAN,,2024/04/03 15:35:47.749,2024-04-03 15:35:47.749000+00:00
2024/04/03, 15:36:47.749,35.95,-75.127,-0.33,179.59,68.65,0.18,15.9,15.9,998.3,998.1,0.0,0.0,12.03,10.24,17,12,10.0,9.3,100.0,100.0,10.1,9.4,196.9,192.0,1000.4,1000.2,264.55,393.97,967.85,29.5755,10.865,301.6,49.2,1486.441, NAN, NAN, NAN, NAN,,2024/04/03 15:36:47.749,2024-04-03 15:36:47.749000+00:00
2024/04/03, 15:37:47.749,35.95,-75.127,-0.22,180.71,220.74,0.09,15.8,15.9,998.2,998.2,0.0,0.0,12.03,10.24,18,12,9.8,9.4,100.0,100.0,9.8,9.4,198.7,192.7,1000.3,1000.3,264.06,393.86,965.89,29.6814,10.8687,301.9,49.9,1486.581, NAN, NAN, NAN, NAN,,2024/04/03 15:37:47.749,2024-04-03 15:37:47.749000+00:00
2024/04/03, 15:38:47.749,35.95,-75.127,-0.36,180.3,41.25,0.15,15.9,15.9,998.1,998.2,0.0,0.0,12.03,10.24,18,13,9.6,9.3,100.0,100.0,9.6,9.3,198.7,193.7,1000.2,1000.3,258.47,393.85,951.97,29.7089,10.8803,297.4,50.0,1486.656, NAN, NAN, NAN, NAN,,2024/04/03 15:38:47.749,2024-04-03 15:38:47.749000+00:00
2024/04/03, 15:39:47.749,35.95,-75.127,-0.39,180.45,162.67,0.27,15.8,15.9,998.2,998.0,0.0,0.0,12.03,10.24,18,12,9.9,9.7,100.0,100.0,9.8,9.6,199.1,193.1,1000.3,1000.1,249.28,394.65,930.33,29.6836,10.8847,287.6,50.0,1486.641, NAN, NAN, NAN, NAN,,2024/04/03 15:39:47.749,2024-04-03 15:39:47.749000+00:00
2024/04/03, 15:40:47.749,35.95,-75.127,-0.2,179.74,57.78,0.36,15.8,15.8,998.2,998.2,0.0,0.0,12.03,10.24,19,13,9.8,9.1,100.0,100.0,9.9,9.2,199.6,193.7,1000.3,1000.3,236.88,394.49,900.42,29.6696,10.878,292.8,49.8,1486.6, NAN, NAN, NAN, NAN,,2024/04/03 15:40:47.749,2024-04-03 15:40:47.749000+00:00
2024/04/03, 15:41:47.749,35.95,-75.127,-0.33,183.09,245.52,0.09,15.7,15.7,998.2,998.0,0.0,0.0,12.03,10.24,17,12,10.0,9.5,100.0,100.0,10.0,9.5,200.3,195.3,1000.3,1000.1,227.66,394.28,876.29,29.6961,10.8712,290.7,50.1,1486.608, NAN, NAN, NAN, NAN,,2024/04/03 15:41:47.749,2024-04-03 15:41:47.749000+00:00
2024/04/03, 15:42:47.749,35.95,-75.126,-0.23,192.71,57.67,0.08,15.6,15.7,998.0,998.0,0.0,0.0,12.03,10.24,3,358,9.8,9.6,100.0,100.0,9.8,9.6,195.9,190.9,1000.1,1000.1,222.49,394.75,857.86,29.697,10.8866,295.2,49.7,1486.664, NAN, NAN, NAN, NAN,,2024/04/03 15:42:47.749,2024-04-03 15:42:47.749000+00:00
2024/04/03, 15:43:47.749,35.95,-75.126,-0.31,194.81,342.17,0.55,15.6,15.7,997.8,997.8,0.0,0.0,12.03,10.24,0,354,9.6,9.5,100.0,100.0,9.8,9.7,193.7,187.9,999.9,999.9,216.62,395.1,842.17,29.728,10.8983,301.6,49.3,1486.743, NAN, NAN, NAN, NAN,,2024/04/03 15:43:47.749,2024-04-03 15:43:47.749000+00:00
2024/04/03, 15:44:47.749,35.95,-75.126,-0.1,193.94,55.05,0.09,15.7,15.7,997.8,997.8,0.0,0.0,12.03,10.24,2,357,10.1,9.9,100.0,100.0,10.1,9.9,196.2,191.2,999.9,999.9,212.58,395.35,831.62,29.7333,10.9072,300.8,49.8,1486.781, NAN, NAN, NAN, NAN,,2024/04/03 15:44:47.749,2024-04-03 15:44:47.749000+00:00
2024/04/03, 15:45:47.749,35.95,-75.126,-0.11,192.75,73.11,0.14,15.7,15.7,997.8,997.8,0.0,0.0,12.03,10.24,1,355,9.9,9.6,100.0,100.0,9.9,9.6,194.1,188.1,999.9,999.9,212.24,394.5,829.06,29.7828,10.9174,302.5,49.5,1486.877, NAN, NAN, NAN, NAN,,2024/04/03 15:45:47.749,2024-04-03 15:45:47.749000+00:00
2024/04/03, 15:46:47.749,35.95,-75.126,-0.15,193.29,50.05,0.24,15.6,15.7,997.8,997.7,0.0,0.0,12.03,10.24,2,356,10.6,10.3,100.0,100.0,10.7,10.4,195.9,189.9,999.9,999.8,214.57,395.81,832.55,29.9112,10.9245,310.8,49.8,1487.057, NAN, NAN, NAN, NAN,,2024/04/03 15:46:47.749,2024-04-03 15:46:47.749000+00:00
2024/04/03, 15:47:47.749,35.95,-75.127,-0.42,195.17,171.92,0.02,15.7,15.7,998.1,997.8,0.0,0.0,12.03,10.24,2,356,10.1,9.7,100.0,100.0,10.1,9.7,197.1,191.1,1000.2,999.9,217.43,395.84,837.85,29.737,10.9192,287.3,48.8,1486.828, NAN, NAN, NAN, NAN,,2024/04/03 15:47:47.749,2024-04-03 15:47:47.749000+00:00
2024/04/03, 15:48:47.749,35.95,-75.127,-0.27,191.26,274.63,0.49,15.7,15.7,997.6,997.7,0.0,0.0,12.03,10.24,1,355,10.2,10.0,100.0,100.0,10.1,10.0,190.9,184.8,999.7,999.8,220.63,395.69,846.39,29.6152,10.9099,273.6,49.7,1486.648, NAN, NAN, NAN, NAN,,2024/04/03 15:48:47.749,2024-04-03 15:48:47.749000+00:00
2024/04/03, 15:49:47.750,35.95,-75.127,-0.27,191.74,165.42,0.09,15.7,15.8,997.8,997.8,0.0,0.0,12.03,10.24,2,357,10.5,10.2,100.0,100.0,10.5,10.2,194.0,189.0,999.9,999.9,223.48,396.4,852.99,29.5643,10.9116,275.6,50.2,1486.593, NAN, NAN, NAN, NAN,,2024/04/03 15:49:47.750,2024-04-03 15:49:47.750000+00:00
2024/04/03, 15:50:47.750,35.95,-75.127,-0.27,192.94,237.5,0.11,15.8,15.8,997.5,997.5,0.0,0.0,12.03,10.24,359,354,9.9,9.8,100.0,100.0,9.9,9.8,191.6,186.6,999.6,999.6,224.26,396.14,857.45,29.5301,10.9182,269.9,49.6,1486.576, NAN, NAN, NAN, NAN,,2024/04/03 15:50:47.750,2024-04-03 15:50:47.750000+00:00
2024/04/03, 15:51:47.750,35.95,-75.127,-0.18,193.79,40.85,0.34,15.9,15.9,997.4,997.3,0.0,0.0,12.03,10.24,359,352,10.6,10.0,100.0,100.0,10.6,10.0,193.7,186.8,999.5,999.4,224.22,397.2,859.72,29.5039,10.9315,269.9,49.8,1486.591, NAN, NAN, NAN, NAN,,2024/04/03 15:51:47.750,2024-04-03 15:51:47.750000+00:00
2024/04/03, 15:52:47.750,35.95,-75.127,-0.32,193.17,268.03,0.28,15.9,16.0,997.3,997.4,0.0,0.0,12.03,10.24,358,353,10.2,10.1,100.0,100.0,10.2,10.1,190.4,185.4,999.4,999.5,226.63,396.96,865.08,29.4934,10.9348,273.2,49.9,1486.591, NAN, NAN, NAN, NAN,,2024/04/03 15:52:47.750,2024-04-03 15:52:47.750000+00:00
2024/04/03, 15:53:47.750,35.95,-75.127,-0.31,192.52,237.66,0.31,16.0,16.0,997.4,997.3,0.0,0.0,12.03,10.24,359,354,10.3,10.0,100.0,100.0,10.2,9.9,190.8,185.7,999.5,999.4,229.26,396.81,867.82,29.4905,10.9397,273.9,49.8,1486.605, NAN, NAN, NAN, NAN,,2024/04/03 15:53:47.750,2024-04-03 15:53:47.750000+00:00
2024/04/03, 15:54:47.750,35.95,-75.127,-0.28,193.89,304.38,0.29,15.9,15.9,997.3,997.4,0.0,0.0,12.03,10.24,359,353,10.2,10.0,100.0,100.0,10.3,10.1,192.4,186.5,999.4,999.5,225.31,396.55,857.66,29.4836,10.9382,272.6,50.0,1486.591, NAN, NAN, NAN, NAN,,2024/04/03 15:54:47.750,2024-04-03 15:54:47.750000+00:00
2024/04/03, 15:55:47.750,35.95,-75.127,-0.23,193.31,345.29,0.15,15.9,16.0,997.4,997.4,0.0,0.0,12.03,10.24,1,354,10.0,9.6,100.0,100.0,10.0,9.6,193.9,186.9,999.5,999.5,217.17,396.36,840.68,29.4848,10.9362,271.6,49.9,1486.585, NAN, NAN, NAN, NAN,,2024/04/03 15:55:47.750,2024-04-03 15:55:47.750000+00:00
2024/04/03, 15:56:47.750,35.95,-75.127,-0.32,193.89,186.36,0.38,15.9,15.9,997.5,997.3,0.0,0.0,12.03,10.24,0,353,9.6,9.3,100.0,100.0,9.4,9.1,193.4,186.3,999.6,999.4,211.07,395.98,829.24,29.4922,10.9328,274.2,49.5,1486.582, NAN, NAN, NAN, NAN,,2024/04/03 15:56:47.750,2024-04-03 15:56:47.750000+00:00
2024/04/03, 15:57:47.750,35.95,-75.127,-0.13,192.52,8.45,0.11,15.8,15.8,997.4,997.4,0.0,0.0,12.03,10.24,358,353,9.6,9.3,100.0,100.0,9.7,9.4,190.5,185.5,999.5,999.5,211.48,395.93,835.16,29.4889,10.93,274.5,49.6,1486.568, NAN, NAN, NAN, NAN,,2024/04/03 15:57:47.750,2024-04-03 15:57:47.750000+00:00
2024/04/03, 15:58:47.750,35.95,-75.127,-0.17,192.52,49.84,0.26,15.7,15.7,997.3,997.3,0.0,0.0,12.03,10.24,357,351,9.9,9.5,100.0,100.0,10.0,9.5,190.2,184.3,999.4,999.4,218.49,396.18,855.54,29.4873,10.9398,273.6,50.2,1486.601, NAN, NAN, NAN, NAN,,2024/04/03 15:58:47.750,2024-04-03 15:58:47.750000+00:00
2024/04/03, 15:59:47.750,35.95,-75.127,-0.28,193.23,175.38,0.13,15.7,15.8,997.2,997.2,0.0,0.0,12.03,10.24,356,350,10.1,10.0,100.0,100.0,10.1,10.0,189.6,183.6,999.3,999.3,229.94,396.43,887.6,29.5116,10.9514,275.0,50.0,1486.672, NAN, NAN, NAN, NAN,,2024/04/03 15:59:47.750,2024-04-03 15:59:47.750000+00:00
2024/04/03, 16:00:47.750,35.95,-75.127,-0.24,193.43,150.22,0.27,15.8,15.8,997.2,997.0,0.1,0.2,12.03,10.24,356,351,9.9,9.7,100.0,100.0,9.9,9.6,190.2,185.2,999.3,999.1,244.07,396.43,927.83,29.5051,10.9554,271.2,50.1,1486.678, NAN, NAN, NAN, NAN,,2024/04/03 16:00:47.750,2024-04-03 16:00:47.750000+00:00
2024/04/03, 16:01:47.750,35.95,-75.127,-0.36,193.98,234.57,0.23,15.8,15.8,997.2,997.0,0.0,0.0,12.03,10.24,356,350,10.3,10.1,100.0,100.0,10.2,10.0,189.5,183.4,999.3,999.1,258.21,397.43,977.2,29.5078,10.9575,272.3,49.5,1486.689, NAN, NAN, NAN, NAN,,2024/04/03 16:01:47.750,2024-04-03 16:01:47.750000+00:00
2024/04/03, 16:02:47.750,35.95,-75.127,-0.23,192.16,125.64,0.57,15.9,15.9,997.2,997.0,0.0,0.0,12.03,10.24,354,349,9.9,9.9,100.0,100.0,9.9,9.9,187.9,182.8,999.3,999.1,275.71,396.93,1026.15,29.5048,10.9609,274.8,50.0,1486.697, NAN, NAN, NAN, NAN,,2024/04/03 16:02:47.750,2024-04-03 16:02:47.750000+00:00
2024/04/03, 16:03:47.750,35.95,-75.127,-0.32,194.39,29.4,0.15,16.0,16.0,997.0,997.0,0.0,0.0,12.03,10.24,353,348,9.8,9.6,100.0,100.0,9.9,9.7,187.1,182.1,999.1,999.1,300.3,395.84,1090.05,29.5015,10.9562,278.7,49.6,1486.677, NAN, NAN, NAN, NAN,,2024/04/03 16:03:47.750,2024-04-03 16:03:47.750000+00:00
2024/04/03, 16:04:47.751,35.95,-75.127,-0.23,192.86,125.07,0.29,15.9,16.0,997.0,996.9,0.0,0.0,12.03,10.24,354,348,9.7,9.5,100.0,100.0,9.6,9.4,187.2,181.1,999.1,999.0,310.63,394.72,1119.27,29.5057,10.9404,281.7,49.1,1486.625, NAN, NAN, NAN, NAN,,2024/04/03 16:04:47.751,2024-04-03 16:04:47.751000+00:00
2024/04/03, 16:05:47.751,35.95,-75.127,-0.14,192.32,37.87,0.13,15.9,16.0,997.3,997.1,0.0,0.0,12.03,10.24,355,350,9.6,9.4,100.0,100.0,9.7,9.5,187.5,182.6,999.4,999.2,319.72,393.44,1144.24,29.5068,10.8856,279.0,49.3,1486.431, NAN, NAN, NAN, NAN,,2024/04/03 16:05:47.751,2024-04-03 16:05:47.751000+00:00
2024/04/03, 16:06:47.751,35.95,-75.127,-0.31,192.5,245.51,0.34,15.7,15.7,997.1,997.0,0.0,0.0,12.03,10.24,357,351,9.4,9.4,100.0,100.0,9.2,9.2,189.1,183.0,999.2,999.1,323.42,392.56,1158.31,29.5044,10.8568,277.9,49.8,1486.326, NAN, NAN, NAN, NAN,,2024/04/03 16:06:47.751,2024-04-03 16:06:47.751000+00:00
2024/04/03, 16:07:47.751,35.95,-75.127,-0.36,193.45,277.79,0.13,15.6,15.6,997.1,997.0,0.0,0.0,12.03,10.24,356,351,10.0,10.0,100.0,100.0,10.0,10.0,189.1,184.1,999.2,999.1,321.15,393.73,1157.69,29.5489,10.8818,279.3,50.0,1486.468, NAN, NAN, NAN, NAN,,2024/04/03 16:07:47.751,2024-04-03 16:07:47.751000+00:00
2024/04/03, 16:08:47.751,35.95,-75.127,-0.18,193.53,80.78,0.13,15.6,15.6,997.0,997.0,0.0,0.0,12.03,10.24,354,349,10.2,10.1,100.0,100.0,10.2,10.0,187.8,182.8,999.1,999.1,322.34,393.53,1158.43,29.5511,10.8936,275.6,49.5,1486.513, NAN, NAN, NAN, NAN,,2024/04/03 16:08:47.751,2024-04-03 16:08:47.751000+00:00
2024/04/03, 16:09:47.751,35.95,-75.127,-0.27,192.17,281.32,0.26,15.7,15.7,996.8,996.8,0.0,0.0,12.03,10.24,356,350,10.5,10.1,100.0,100.0,10.5,10.1,187.4,181.4,998.9,998.9,328.75,394.25,1170.26,29.5365,10.882,276.0,50.1,1486.454, NAN, NAN, NAN, NAN,,2024/04/03 16:09:47.751,2024-04-03 16:09:47.751000+00:00
2024/04/03, 16:10:47.751,35.95,-75.127,-0.38,194.14,133.38,0.16,15.7,15.8,996.8,996.8,0.0,0.0,12.03,10.24,356,347,10.2,10.2,100.0,100.0,10.1,10.1,190.1,181.1,998.9,998.9,330.63,394.41,1164.37,29.5286,10.917,277.6,49.4,1486.57, NAN, NAN, NAN, NAN,,2024/04/03 16:10:47.751,2024-04-03 16:10:47.751000+00:00
2024/04/03, 16:11:47.751,35.95,-75.127,-0.25,193.01,312.86,0.12,15.7,15.7,996.8,996.8,0.0,0.0,12.03,10.24,355,349,10.0,10.0,100.0,100.0,10.0,9.9,188.2,182.2,998.9,998.9,318.56,394.37,1135.81,29.5403,10.8983,273.9,49.5,1486.517, NAN, NAN, NAN, NAN,,2024/04/03 16:11:47.751,2024-04-03 16:11:47.751000+00:00
2024/04/03, 16:12:47.751,35.95,-75.127,-0.33,194.05,37.55,0.35,15.7,15.7,996.8,996.7,0.0,0.0,12.03,10.24,353,349,9.8,9.7,100.0,100.0,9.9,9.8,187.8,183.9,998.9,998.8,308.28,393.22,1117.38,29.5452,10.8753,268.9,50.0,1486.441, NAN, NAN, NAN, NAN,,2024/04/03 16:12:47.751,2024-04-03 16:12:47.751000+00:00
2024/04/03, 16:13:47.751,35.95,-75.127,-0.33,193.09,61.05,0.2,15.7,15.7,996.7,996.7,0.0,0.0,12.03,10.24,353,348,10.4,10.2,100.0,100.0,10.5,10.3,186.5,181.6,998.8,998.8,307.77,393.68,1113.44,29.5283,10.9234,264.8,49.5,1486.592, NAN, NAN, NAN, NAN,,2024/04/03 16:13:47.751,2024-04-03 16:13:47.751000+00:00
2024/04/03, 16:14:47.751,35.95,-75.127,-0.25,192.49,73.83,0.47,15.7,15.7,996.7,996.6,0.0,0.0,12.03,10.24,351,347,10.1,9.8,100.0,100.0,10.2,9.9,184.8,180.8,998.8,998.7,295.44,392.2,1085.9,29.5203,10.8844,266.8,49.8,1486.443, NAN, NAN, NAN, NAN,,2024/04/03 16:14:47.751,2024-04-03 16:14:47.751000+00:00
2024/04/03, 16:15:47.751,35.95,-75.127,-0.31,193.44,97.17,0.29,15.7,15.7,996.7,996.7,0.0,0.0,12.03,10.24,353,346,9.9,9.8,100.0,100.0,9.8,9.7,187.1,180.1,998.8,998.8,288.54,392.23,1062.24,29.5163,10.8603,269.9,52.7,1486.352, NAN, NAN, NAN, NAN,,2024/04/03 16:15:47.751,2024-04-03 16:15:47.751000+00:00
2024/04/03, 16:16:47.751,35.95,-75.127,-0.34,194.47,305.35,0.39,15.6,15.7,996.7,996.6,0.0,0.0,12.03,10.24,348,345,9.5,9.7,100.0,100.0,9.6,9.8,181.3,178.4,998.8,998.7,276.23,391.64,1029.12,29.5217,10.8994,270.2,49.7,1486.498, NAN, NAN, NAN, NAN,,2024/04/03 16:16:47.751,2024-04-03 16:16:47.751000+00:00
2024/04/03, 16:17:47.751,35.95,-75.127,-0.28,195.71,70.39,0.33,15.5,15.6,996.7,996.6,0.0,0.0,12.03,10.24,347,342,10.0,9.8,100.0,100.0,10.0,9.8,183.7,178.7,998.8,998.7,266.41,392.39,1005.44,29.5293,10.9511,268.4,49.1,1486.692, NAN, NAN, NAN, NAN,,2024/04/03 16:17:47.751,2024-04-03 16:17:47.751000+00:00
2024/04/03, 16:18:47.751,35.95,-75.127,-0.32,193.16,224.29,0.21,15.6,15.6,996.7,996.5,0.0,0.0,12.03,10.24,349,346,9.9,9.8,100.0,100.0,9.8,9.7,181.6,178.6,998.8,998.6,263.26,393.04,992.77,29.5195,10.9436,267.8,49.3,1486.653, NAN, NAN, NAN, NAN,,2024/04/03 16:18:47.751,2024-04-03 16:18:47.751000+00:00
2024/04/03, 16:19:47.751,35.95,-75.127,-0.33,192.69,234.92,0.45,15.6,15.6,996.5,996.5,0.0,0.0,12.03,10.24,352,348,10.1,10.3,100.0,100.0,10.0,10.3,183.4,179.4,998.6,998.6,264.33,392.8,988.62,29.5105,10.9466,264.8,49.6,1486.653, NAN, NAN, NAN, NAN,,2024/04/03 16:19:47.751,2024-04-03 16:19:47.751000+00:00
2024/04/03, 16:20:47.751,35.95,-75.127,-0.44,191.45,309.05,0.43,15.7,15.7,996.5,996.6,0.0,0.0,12.03,10.24,351,346,9.8,9.6,100.0,100.0,10.0,9.8,181.7,176.8,998.6,998.7,264.11,392.86,980.3,29.4996,10.9468,262.8,49.2,1486.641, NAN, NAN, NAN, NAN,,2024/04/03 16:20:47.751,2024-04-03 16:20:47.751000+00:00
2024/04/03, 16:21:47.752,35.95,-75.127,-0.75,173.15,339.7,0.55,15.6,15.7,996.6,996.7,0.0,0.0,12.03,10.24,5,4,10.2,10.3,100.0,100.0,10.5,10.6,178.0,177.0,998.7,998.8,263.1,393.33,972.83,29.4899,10.8842,257.1,49.5,1486.406, NAN, NAN, NAN, NAN,,2024/04/03 16:21:47.752,2024-04-03 16:21:47.752000+00:00
2024/04/03, 16:22:47.752,35.95,-75.126,-0.06,152.1,149.82,0.72,15.6,15.7,996.7,996.6,0.0,0.0,12.03,10.24,29,28,11.3,10.8,100.0,100.0,11.1,10.6,182.6,181.6,998.8,998.7,262.95,393.28,965.83,29.4836,10.9257,258.0,49.7,1486.546, NAN, NAN, NAN, NAN,,2024/04/03 16:22:47.752,2024-04-03 16:22:47.752000+00:00
2024/04/03, 16:23:47.752,35.95,-75.126,1.63,131.58,131.36,2.86,15.6,15.7,996.4,996.5,0.0,0.0,12.03,10.24,46,45,12.1,12.3,100.0,100.0,11.4,11.6,183.9,182.7,998.5,998.6,255.89,393.89,942.82,29.4772,10.9066,257.4,49.0,1486.471, NAN, NAN, NAN, NAN,,2024/04/03 16:23:47.752,2024-04-03 16:23:47.752000+00:00
2024/04/03, 16:24:47.752,35.95,-75.125,2.83,112.1,94.04,3.3,15.7,15.7,996.7,996.7,0.0,0.0,12.03,10.24,68,71,11.6,11.2,100.0,100.0,11.6,11.3,188.5,191.7,998.8,998.8,246.89,394.05,916.86,29.4756,10.9419,251.3,49.5,1486.594, NAN, NAN, NAN, NAN,,2024/04/03 16:24:47.752,2024-04-03 16:24:47.752000+00:00
2024/04/03, 16:25:47.752,35.95,-75.124,2.71,110.17,97.16,3.52,15.6,15.7,996.7,996.7,0.0,0.0,12.03,10.24,72,76,11.2,11.2,100.0,100.0,11.3,11.5,191.3,195.2,998.8,998.8,236.56,394.19,882.07,29.4803,10.9597,254.7,49.2,1486.664, NAN, NAN, NAN, NAN,,2024/04/03 16:25:47.752,2024-04-03 16:25:47.752000+00:00
2024/04/03, 16:26:47.752,35.95,-75.123,2.71,112.73,100.04,2.86,15.6,15.6,996.7,996.8,0.0,0.0,12.03,10.24,75,77,12.1,11.9,100.0,100.0,12.3,12.1,194.6,196.7,998.8,998.9,225.86,395.0,848.55,29.5759,10.9628,259.8,49.1,1486.79, NAN, NAN, NAN, NAN,,2024/04/03 16:26:47.752,2024-04-03 16:26:47.752000+00:00
2024/04/03, 16:27:47.752,35.949,-75.122,2.64,118.91,93.89,3.27,15.6,15.7,997.0,996.9,0.0,0.0,12.03,10.24,69,69,11.3,10.9,100.0,100.0,11.4,11.1,196.4,196.7,999.1,999.0,214.48,393.88,813.86,29.5559,10.9612,252.8,49.9,1486.76, NAN, NAN, NAN, NAN,,2024/04/03 16:27:47.752,2024-04-03 16:27:47.752000+00:00
2024/04/03, 16:28:47.752,35.949,-75.121,2.43,122.74,97.37,1.79,15.6,15.6,997.0,997.0,0.0,0.0,12.03,10.24,67,64,11.4,11.7,100.0,100.0,11.4,11.7,194.4,191.2,999.1,999.1,201.37,395.16,775.91,29.5418,10.9677,251.3,49.2,1486.766, NAN, NAN, NAN, NAN,,2024/04/03 16:28:47.752,2024-04-03 16:28:47.752000+00:00
2024/04/03, 16:29:47.752,35.949,-75.121,0.74,128.15,102.28,1.15,15.6,15.6,997.0,996.7,0.0,0.0,12.03,10.24,67,67,11.5,11.9,100.0,100.0,11.5,11.9,198.1,198.0,999.1,998.8,187.25,395.32,730.35,29.5525,10.956,253.4,49.8,1486.737, NAN, NAN, NAN, NAN,,2024/04/03 16:29:47.752,2024-04-03 16:29:47.752000+00:00
2024/04/03, 16:30:47.752,35.949,-75.12,0.51,158.4,144.9,2.3,15.6,15.6,996.7,996.8,0.0,0.0,12.03,10.24,48,40,12.5,12.0,100.0,100.0,12.0,11.4,211.5,203.4,998.8,998.9,172.91,395.48,692.06,29.5403,10.9449,254.7,50.0,1486.683, NAN, NAN, NAN, NAN,,2024/04/03 16:30:47.752,2024-04-03 16:30:47.752000+00:00
2024/04/03, 16:31:47.752,35.948,-75.12,1.14,178.39,176.73,1.35,15.6,15.6,996.7,996.8,0.0,0.0,12.03,10.24,17,12,11.5,12.2,100.0,100.0,10.9,11.5,196.9,191.6,998.8,998.9,161.63,396.09,661.22,29.5375,10.9425,261.1,50.1,1486.671, NAN, NAN, NAN, NAN,,2024/04/03 16:31:47.752,2024-04-03 16:31:47.752000+00:00
2024/04/03, 16:32:47.752,35.948,-75.12,0.35,180.14,196.1,0.54,15.6,15.6,996.8,996.8,0.0,0.0,12.03,10.24,15,10,11.2,11.4,100.0,100.0,10.9,11.1,195.3,190.1,998.9,998.9,152.63,396.26,638.35,29.581,10.9497,275.6,50.1,1486.749, NAN, NAN, NAN, NAN,,2024/04/03 16:32:47.752,2024-04-03 16:32:47.752000+00:00
2024/04/03, 16:33:47.752,35.948,-75.12,-0.44,179.71,49.38,0.29,15.6,15.6,996.6,996.6,0.0,0.0,12.03,10.24,15,11,11.6,10.9,100.0,100.0,11.6,10.9,195.4,191.5,998.7,998.7,147.63,396.07,624.18,29.6355,10.955,280.9,50.1,1486.834, NAN, NAN, NAN, NAN,,2024/04/03 16:33:47.752,2024-04-03 16:33:47.752000+00:00
2024/04/03, 16:34:47.752,35.948,-75.12,-0.21,179.44,41.16,0.15,15.6,15.7,996.8,996.8,0.0,0.0,12.03,10.24,15,10,11.5,11.4,100.0,100.0,11.6,11.4,194.7,189.7,998.9,998.9,145.8,396.64,614.67,29.5325,10.9564,278.4,50.0,1486.715, NAN, NAN, NAN, NAN,,2024/04/03 16:34:47.752,2024-04-03 16:34:47.752000+00:00
2024/04/03, 16:35:47.752,35.948,-75.12,-0.2,179.74,73.04,0.51,15.6,15.6,996.5,996.6,0.0,0.0,12.03,10.24,17,10,12.2,11.6,100.0,100.0,12.3,11.7,197.9,191.0,998.6,998.7,144.49,397.18,608.96,29.7512,10.9606,294.7,49.7,1486.993, NAN, NAN, NAN, NAN,,2024/04/03 16:35:47.752,2024-04-03 16:35:47.752000+00:00
2024/04/03, 16:36:47.752,35.948,-75.12,-0.23,180.07,51.67,0.53,15.6,15.6,996.7,996.7,0.0,0.0,12.03,10.24,16,12,12.2,11.2,100.0,100.0,12.4,11.4,196.7,192.9,998.8,998.8,143.08,397.95,604.3,29.831,10.9673,295.8,50.0,1487.112, NAN, NAN, NAN, NAN,,2024/04/03 16:36:47.752,2024-04-03 16:36:47.752000+00:00
2024/04/03, 16:37:47.752,35.948,-75.119,-0.12,180.1,163.01,0.16,15.6,15.6,996.7,996.8,0.0,0.0,12.03,10.24,21,15,12.0,11.7,100.0,100.0,11.9,11.6,201.4,195.3,998.8,998.9,141.59,398.06,600.16,29.8996,10.9646,312.0,49.9,1487.185, NAN, NAN, NAN, NAN,,2024/04/03 16:37:47.752,2024-04-03 16:37:47.752000+00:00
2024/04/03, 16:38:47.753,35.948,-75.119,-0.26,181.3,325.9,0.33,15.6,15.7,996.7,996.8,0.0,0.0,12.03,10.24,18,14,12.5,11.8,100.0,100.0,12.6,11.9,198.9,194.9,998.8,998.9,141.55,399.47,600.16,29.9167,10.9597,315.6,49.8,1487.189, NAN, NAN, NAN, NAN,,2024/04/03 16:38:47.753,2024-04-03 16:38:47.753000+00:00
2024/04/03, 16:39:47.753,35.948,-75.119,-0.04,179.7,18.62,0.19,15.8,15.8,996.8,996.6,0.0,0.0,12.03,10.24,20,15,11.4,11.8,100.0,100.0,11.5,11.9,199.5,194.5,998.9,998.7,144.03,399.19,608.97,29.7883,10.9536,306.2,50.2,1487.012, NAN, NAN, NAN, NAN,,2024/04/03 16:39:47.753,2024-04-03 16:39:47.753000+00:00
2024/04/03, 16:40:47.753,35.948,-75.119,-0.26,179.76,90.97,0.27,15.8,15.8,996.8,996.8,0.0,0.0,12.03,10.24,21,17,12.4,10.9,100.0,100.0,12.4,10.9,201.4,197.5,998.9,998.9,148.45,398.82,620.82,29.7498,10.963,306.5,50.0,1486.999, NAN, NAN, NAN, NAN,,2024/04/03 16:40:47.753,2024-04-03 16:40:47.753000+00:00
2024/04/03, 16:41:47.753,35.948,-75.119,-0.3,180.39,348.19,0.08,15.8,15.8,996.8,996.7,0.0,0.0,12.03,10.24,20,17,12.3,11.1,100.0,100.0,12.3,11.1,200.3,197.3,998.9,998.8,154.32,399.39,638.72,29.7823,10.9744,309.6,50.0,1487.079, NAN, NAN, NAN, NAN,,2024/04/03 16:41:47.753,2024-04-03 16:41:47.753000+00:00
2024/04/03, 16:42:47.753,35.948,-75.119,-0.35,179.67,53.47,0.43,15.8,15.9,996.8,996.8,0.0,0.0,12.03,10.24,22,17,13.1,11.7,100.0,100.0,13.3,11.9,202.3,197.4,998.9,998.9,161.8,400.36,660.13,29.8387,10.9811,311.3,49.8,1487.171, NAN, NAN, NAN, NAN,,2024/04/03 16:42:47.753,2024-04-03 16:42:47.753000+00:00
2024/04/03, 16:43:47.753,35.948,-75.119,-0.35,181.5,46.63,0.54,15.9,15.9,996.7,996.8,0.0,0.0,12.03,10.24,21,16,11.4,11.8,100.0,100.0,11.6,12.0,203.3,198.4,998.8,998.9,169.91,399.33,683.98,29.8291,10.984,310.5,49.4,1487.17, NAN, NAN, NAN, NAN,,2024/04/03 16:43:47.753,2024-04-03 16:43:47.753000+00:00
2024/04/03, 16:44:47.753,35.948,-75.119,-0.44,177.49,99.79,1.07,15.9,15.9,996.8,996.8,0.0,0.0,12.03,10.24,21,17,12.2,11.6,100.0,100.0,12.4,11.7,200.9,197.1,998.9,998.9,178.68,400.05,714.69,29.8553,10.9849,313.2,49.3,1487.204, NAN, NAN, NAN, NAN,,2024/04/03 16:44:47.753,2024-04-03 16:44:47.753000+00:00
2024/04/03, 16:45:47.753,35.948,-75.119,-0.18,178.04,75.72,1.35,15.9,15.9,996.9,996.8,0.0,0.0,12.03,10.24,22,16,12.6,12.5,100.0,100.0,12.9,12.8,202.7,196.9,999.0,998.9,187.55,401.42,739.72,29.8319,10.9834,309.2,49.9,1487.171, NAN, NAN, NAN, NAN,,2024/04/03 16:45:47.753,2024-04-03 16:45:47.753000+00:00
2024/04/03, 16:46:47.753,35.948,-75.118,-0.34,179.51,120.42,1.24,16.1,16.0,996.6,996.8,0.0,0.0,12.03,10.24,20,15,11.5,11.8,100.0,100.0,11.6,11.9,202.6,197.6,998.7,998.9,193.56,400.38,757.93,29.7229,10.984,299.5,49.8,1487.042, NAN, NAN, NAN, NAN,,2024/04/03 16:46:47.753,2024-04-03 16:46:47.753000+00:00
2024/04/03, 16:47:47.753,35.948,-75.118,-0.69,175.98,34.05,1.9,16.1,16.1,996.7,996.8,0.0,0.0,12.03,10.24,24,20,11.1,10.6,100.0,100.0,12.0,11.5,201.4,197.8,998.8,998.9,195.45,399.26,768.86,29.791,10.9798,306.8,49.4,1487.109, NAN, NAN, NAN, NAN,,2024/04/03 16:47:47.753,2024-04-03 16:47:47.753000+00:00
2024/04/03, 16:48:47.753,35.949,-75.118,-2.54,181.46,19.84,2.88,16.1,16.1,996.6,996.8,0.0,0.0,12.03,10.24,27,21,12.6,11.4,100.0,100.0,14.1,12.9,207.5,202.1,998.7,998.9,197.34,400.16,779.51,29.7199,10.9444,290.4,50.0,1486.897, NAN, NAN, NAN, NAN,,2024/04/03 16:48:47.753,2024-04-03 16:48:47.753000+00:00
2024/04/03, 16:49:47.753,35.95,-75.117,-1.88,182.27,8.35,4.13,16.1,16.0,996.9,996.8,0.0,0.0,12.03,10.24,24,21,10.6,10.7,100.0,100.0,12.7,12.8,203.6,201.1,999.0,998.9,198.9,398.43,788.87,29.6505,10.8811,277.6,50.3,1486.588, NAN, NAN, NAN, NAN,,2024/04/03 16:49:47.753,2024-04-03 16:49:47.753000+00:00
2024/04/03, 16:50:47.753,35.951,-75.117,-2.27,182.91,0.68,3.43,16.0,16.0,996.8,996.9,0.0,0.0,12.03,10.24,29,24,10.9,11.3,100.0,100.0,12.5,13.0,208.6,204.4,998.9,999.0,197.92,399.22,795.51,29.6506,10.9084,272.0,50.4,1486.686, NAN, NAN, NAN, NAN,,2024/04/03 16:50:47.753,2024-04-03 16:50:47.753000+00:00
2024/04/03, 16:51:47.753,35.952,-75.117,-2.13,182.35,26.33,1.75,15.9,15.9,996.9,996.8,0.0,0.0,12.03,10.24,26,22,13.1,12.1,100.0,100.0,14.0,13.0,208.3,204.6,999.0,998.9,197.93,400.21,804.27,29.7727,10.9408,282.0,50.3,1486.948, NAN, NAN, NAN, NAN,,2024/04/03 16:51:47.753,2024-04-03 16:51:47.753000+00:00
2024/04/03, 16:52:47.753,35.952,-75.117,-2.13,180.27,56.99,0.59,16.0,15.9,996.7,996.8,0.0,0.0,12.03,10.24,28,22,12.6,12.8,100.0,100.0,12.9,13.1,208.9,203.0,998.8,998.9,204.11,400.05,824.03,29.6589,10.9476,267.2,49.8,1486.835, NAN, NAN, NAN, NAN,,2024/04/03 16:52:47.753,2024-04-03 16:52:47.753000+00:00
2024/04/03, 16:53:47.754,35.952,-75.117,-0.56,179.71,342.15,0.33,16.1,16.1,996.8,996.8,0.0,0.0,12.03,10.24,31,27,12.6,13.0,100.0,100.0,12.8,13.2,210.6,206.7,998.9,998.9,212.45,401.89,851.87,29.6064,10.888,261.9,49.6,1486.56, NAN, NAN, NAN, NAN,,2024/04/03 16:53:47.754,2024-04-03 16:53:47.754000+00:00
2024/04/03, 16:54:47.754,35.952,-75.117,-0.26,181.07,106.07,0.21,16.3,16.3,996.7,996.8,0.0,0.0,12.03,10.24,27,24,12.7,11.7,100.0,100.0,12.6,11.6,208.3,205.3,998.8,998.9,218.01,403.19,866.99,29.5818,10.7147,265.2,49.5,1485.911, NAN, NAN, NAN, NAN,,2024/04/03 16:54:47.754,2024-04-03 16:54:47.754000+00:00
2024/04/03, 16:55:47.754,35.951,-75.117,-0.06,181.32,271.47,0.47,16.4,16.4,996.6,996.7,0.0,0.0,12.03,10.24,25,24,10.7,10.1,100.0,100.0,10.6,10.0,205.2,204.1,998.7,998.8,221.47,401.39,876.54,29.7951,10.8033,291.3,49.6,1486.485, NAN, NAN, NAN, NAN,,2024/04/03 16:55:47.754,2024-04-03 16:55:47.754000+00:00
2024/04/03, 16:56:47.754,35.951,-75.117,-0.21,181.18,275.12,0.5,16.4,16.3,996.6,996.7,0.0,0.0,12.03,10.24,26,23,11.1,10.2,100.0,100.0,11.0,10.1,206.0,202.9,998.7,998.8,224.4,399.64,887.2,29.9058,10.8848,302.8,50.4,1486.909, NAN, NAN, NAN, NAN,,2024/04/03 16:56:47.754,2024-04-03 16:56:47.754000+00:00
2024/04/03, 16:57:47.754,35.951,-75.117,-0.38,179.35,121.6,0.44,16.4,16.3,996.5,996.8,0.0,0.0,12.03,10.24,28,20,9.4,11.2,99.5,100.0,9.3,11.1,208.7,200.4,998.6,998.9,229.4,398.24,903.28,29.8935,10.9434,298.5,50.2,1487.103, NAN, NAN, NAN, NAN,,2024/04/03 16:57:47.754,2024-04-03 16:57:47.754000+00:00
2024/04/03, 16:58:47.754,35.951,-75.117,-0.38,179.92,279.71,0.45,16.2,16.2,996.3,996.4,0.0,0.0,12.03,10.24,27,23,10.9,11.1,98.2,99.8,10.8,11.0,205.8,201.8,998.4,998.5,234.82,398.69,920.93,29.7686,10.9722,283.6,50.2,1487.055, NAN, NAN, NAN, NAN,,2024/04/03 16:58:47.754,2024-04-03 16:58:47.754000+00:00
2024/04/03, 16:59:47.754,35.951,-75.117,-0.41,181.5,16.86,0.2,16.2,16.1,996.3,996.5,0.0,0.0,12.03,10.24,27,26,12.0,11.0,98.7,99.9,12.1,11.1,208.3,207.2,998.4,998.6,233.52,399.09,923.23,29.6591,10.9855,272.3,49.4,1486.97, NAN, NAN, NAN, NAN,,2024/04/03 16:59:47.754,2024-04-03 16:59:47.754000+00:00
2024/04/03, 17:00:47.754,35.951,-75.117,-0.18,199.92,264.27,0.59,16.3,16.1,996.6,996.6,0.0,0.0,12.03,10.24,13,4,10.3,10.4,99.2,100.0,10.1,10.2,211.8,202.7,998.7,998.7,234.79,397.41,933.94,29.6102,10.9965,265.9,50.1,1486.951, NAN, NAN, NAN, NAN,,2024/04/03 17:00:47.754,2024-04-03 17:00:47.754000+00:00
2024/04/03, 17:01:47.754,35.951,-75.117,-0.43,209.77,14.79,0.38,16.2,16.1,996.3,996.2,0.0,0.0,12.03,10.24,354,347,11.3,11.3,98.3,99.6,11.5,11.5,203.2,196.2,998.4,998.3,241.42,398.19,953.4,29.5664,11.0008,267.8,50.3,1486.913, NAN, NAN, NAN, NAN,,2024/04/03 17:01:47.754,2024-04-03 17:01:47.754000+00:00
2024/04/03, 17:02:47.754,35.951,-75.117,-0.09,207.82,89.29,0.3,16.1,16.0,996.5,996.2,0.0,0.0,12.03,10.24,356,349,12.1,11.9,98.3,99.4,12.0,11.8,204.5,197.5,998.6,998.3,245.61,398.43,967.03,29.5529,11.0013,272.9,50.7,1486.899, NAN, NAN, NAN, NAN,,2024/04/03 17:02:47.754,2024-04-03 17:02:47.754000+00:00
2024/04/03, 17:03:47.754,35.951,-75.117,-0.1,207.77,178.94,0.29,16.1,16.0,996.3,996.2,0.0,0.0,12.03,10.24,356,350,11.8,11.6,98.8,99.8,11.8,11.6,204.5,198.5,998.4,998.3,249.38,397.94,976.09,29.5441,10.9976,283.0,50.5,1486.875, NAN, NAN, NAN, NAN,,2024/04/03 17:03:47.754,2024-04-03 17:03:47.754000+00:00
2024/04/03, 17:04:47.754,35.951,-75.117,0.08,208.57,28.39,0.44,16.1,16.1,996.3,996.2,0.0,0.0,12.03,10.24,358,351,12.2,12.4,98.9,99.9,12.4,12.6,206.8,199.9,998.4,998.3,251.47,398.78,974.8,29.5448,10.9949,287.6,50.7,1486.866, NAN, NAN, NAN, NAN,,2024/04/03 17:04:47.754,2024-04-03 17:04:47.754000+00:00
2024/04/03, 17:05:47.754,35.952,-75.117,-1.15,211.75,13.59,1.15,16.2,16.2,996.3,996.2,0.0,0.0,12.03,10.24,354,349,11.4,11.9,99.5,100.0,12.0,12.5,205.5,200.8,998.4,998.3,259.05,399.43,989.61,29.5476,10.9881,284.0,50.3,1486.846, NAN, NAN, NAN, NAN,,2024/04/03 17:05:47.754,2024-04-03 17:05:47.754000+00:00
2024/04/03, 17:06:47.754,35.952,-75.117,-1.71,212.5,350.89,1.63,16.3,16.3,996.0,996.0,0.0,0.0,12.03,10.24,356,351,11.1,10.8,99.3,100.0,11.9,11.6,207.1,202.4,998.1,998.1,273.5,398.29,1015.84,29.553,10.9917,280.0,50.3,1486.865, NAN, NAN, NAN, NAN,,2024/04/03 17:06:47.754,2024-04-03 17:06:47.754000+00:00
2024/04/03, 17:07:47.754,35.953,-75.117,-2.0,212.41,18.31,2.0,16.3,16.2,996.0,996.1,0.0,0.0,12.03,10.24,355,350,10.6,10.7,98.5,99.1,11.6,11.7,206.1,201.5,998.1,998.2,279.1,397.69,1027.38,29.5458,11.0032,281.7,50.2,1486.897, NAN, NAN, NAN, NAN,,2024/04/03 17:07:47.754,2024-04-03 17:07:47.754000+00:00
2024/04/03, 17:08:47.754,35.953,-75.117,-1.36,208.23,329.91,1.65,16.3,16.3,996.0,995.9,0.0,0.0,12.03,10.24,1,354,11.1,11.2,98.3,99.0,11.5,11.7,205.5,198.9,998.1,998.0,273.18,397.45,1014.01,29.6074,11.0111,271.2,50.5,1486.999, NAN, NAN, NAN, NAN,,2024/04/03 17:08:47.754,2024-04-03 17:08:47.754000+00:00
2024/04/03, 17:09:47.755,35.953,-75.117,-0.23,204.91,277.99,0.78,16.3,16.3,995.9,995.9,0.0,0.0,12.03,10.24,8,2,10.9,11.3,98.2,98.7,10.8,11.2,210.9,204.9,998.0,998.0,268.66,396.58,1007.08,29.5844,11.0132,254.4,50.5,1486.979, NAN, NAN, NAN, NAN,,2024/04/03 17:09:47.755,2024-04-03 17:09:47.755000+00:00
2024/04/03, 17:10:47.755,35.953,-75.117,-0.04,202.35,279.83,1.68,16.2,16.3,996.0,996.0,0.0,0.0,12.03,10.24,12,7,11.9,10.9,97.2,97.6,11.7,10.8,210.3,204.8,998.1,998.1,262.62,397.49,998.24,29.5773,11.0126,252.4,49.9,1486.968, NAN, NAN, NAN, NAN,,2024/04/03 17:10:47.755,2024-04-03 17:10:47.755000+00:00
2024/04/03, 17:11:47.755,35.953,-75.118,0.2,204.18,240.94,1.2,16.2,16.2,995.9,995.9,0.0,0.0,12.03,10.24,14,8,11.2,11.4,96.7,97.0,10.6,10.9,216.9,210.6,998.0,998.0,265.13,397.14,1006.84,29.5671,11.0101,244.9,50.2,1486.947, NAN, NAN, NAN, NAN,,2024/04/03 17:11:47.755,2024-04-03 17:11:47.755000+00:00
2024/04/03, 17:12:47.755,35.953,-75.118,0.92,203.5,242.87,1.48,16.1,16.1,995.8,995.9,0.0,0.0,12.03,10.24,15,10,11.4,10.8,96.6,96.7,10.7,10.1,216.8,211.4,997.9,998.0,276.26,396.8,1026.92,29.5653,11.0076,240.6,50.4,1486.936, NAN, NAN, NAN, NAN,,2024/04/03 17:12:47.755,2024-04-03 17:12:47.755000+00:00
2024/04/03, 17:13:47.755,35.953,-75.119,1.26,204.37,248.61,1.74,16.0,16.1,995.8,996.2,0.0,0.0,12.03,10.24,17,12,11.1,10.6,96.7,96.9,10.3,9.8,219.7,214.2,997.9,998.3,279.45,396.91,1024.38,29.5653,11.007,240.6,49.8,1486.934, NAN, NAN, NAN, NAN,,2024/04/03 17:13:47.755,2024-04-03 17:13:47.755000+00:00
2024/04/03, 17:14:47.755,35.953,-75.119,0.62,208.93,284.03,1.56,16.0,16.1,996.0,996.2,0.0,0.0,12.03,10.24,14,10,10.7,9.8,96.7,96.9,10.3,9.5,219.1,214.6,998.1,998.3,270.19,397.48,992.06,29.5695,11.0059,240.6,49.8,1486.935, NAN, NAN, NAN, NAN,,2024/04/03 17:14:47.755,2024-04-03 17:14:47.755000+00:00
2024/04/03, 17:15:47.755,35.953,-75.12,-0.17,211.19,273.17,1.06,16.0,16.0,995.9,996.2,0.0,0.0,12.03,10.24,14,11,9.6,9.1,96.5,96.5,9.3,8.8,222.5,219.2,998.0,998.3,248.13,396.65,935.62,29.5741,11.0037,245.2,49.9,1486.933, NAN, NAN, NAN, NAN,,2024/04/03 17:15:47.755,2024-04-03 17:15:47.755000+00:00
2024/04/03, 17:16:47.755,35.953,-75.12,0.33,210.9,261.52,0.91,15.9,16.0,996.2,996.0,0.0,0.0,12.03,10.24,13,6,9.8,9.5,96.1,96.0,9.4,9.1,222.6,215.2,998.3,998.1,224.16,397.01,879.09,29.579,11.005,246.7,49.9,1486.943, NAN, NAN, NAN, NAN,,2024/04/03 17:16:47.755,2024-04-03 17:16:47.755000+00:00
2024/04/03, 17:17:47.755,35.952,-75.12,0.95,205.77,203.93,1.72,15.9,15.9,996.0,995.7,0.0,0.0,12.03,10.24,14,9,10.0,9.4,96.4,96.3,9.1,8.5,220.5,215.0,998.1,997.8,214.66,397.42,848.09,29.5815,10.9914,243.0,49.6,1486.898, NAN, NAN, NAN, NAN,,2024/04/03 17:17:47.755,2024-04-03 17:17:47.755000+00:00
2024/04/03, 17:18:47.755,35.952,-75.121,1.3,207.78,225.84,1.87,15.8,15.9,995.7,995.8,0.0,0.0,12.03,10.24,10,4,9.8,9.4,95.8,96.1,8.8,8.5,217.2,210.5,997.8,997.9,217.88,397.72,843.74,29.582,10.9812,240.6,49.8,1486.862, NAN, NAN, NAN, NAN,,2024/04/03 17:18:47.755,2024-04-03 17:18:47.755000+00:00
2024/04/03, 17:19:47.755,35.952,-75.121,1.33,209.54,198.73,1.78,15.8,15.9,995.9,995.8,0.0,0.0,12.03,10.24,6,359,9.4,9.0,95.9,95.9,8.5,8.1,216.8,209.1,998.0,997.9,213.31,398.01,812.71,29.5874,10.9901,241.8,49.6,1486.901, NAN, NAN, NAN, NAN,,2024/04/03 17:19:47.755,2024-04-03 17:19:47.755000+00:00
2024/04/03, 17:20:47.755,35.951,-75.121,0.97,211.17,249.74,0.8,15.9,15.9,995.8,995.8,0.0,0.0,12.03,10.24,3,356,8.8,8.6,96.2,96.3,8.4,8.2,213.3,206.0,997.9,997.9,188.89,398.08,747.2,29.6223,11.0014,254.0,49.7,1486.983, NAN, NAN, NAN, NAN,,2024/04/03 17:20:47.755,2024-04-03 17:20:47.755000+00:00
2024/04/03, 17:21:47.755,35.951,-75.121,0.61,210.48,59.8,0.03,15.9,15.9,995.6,995.8,0.0,0.0,12.03,10.24,0,354,8.4,8.1,96.3,96.2,8.4,8.1,210.4,204.4,997.7,997.9,174.46,398.91,707.73,29.6612,11.0074,258.8,49.0,1487.051, NAN, NAN, NAN, NAN,,2024/04/03 17:21:47.755,2024-04-03 17:21:47.755000+00:00
2024/04/03, 17:22:47.755,35.951,-75.121,0.61,211.55,327.89,0.82,15.9,16.0,995.6,995.6,0.0,0.0,12.03,10.24,0,353,8.8,8.8,96.4,96.3,8.9,9.0,208.9,202.0,997.7,997.7,179.14,399.36,721.12,29.6396,11.0134,258.5,49.8,1487.046, NAN, NAN, NAN, NAN,,2024/04/03 17:22:47.755,2024-04-03 17:22:47.755000+00:00
2024/04/03, 17:23:47.755,35.951,-75.121,0.61,208.18,196.9,0.58,16.0,16.0,995.6,995.6,0.0,0.0,12.03,10.24,3,357,8.2,8.0,96.2,96.3,8.0,7.8,209.7,203.5,997.7,997.7,193.17,398.93,752.96,29.682,11.016,271.2,50.0,1487.106, NAN, NAN, NAN, NAN,,2024/04/03 17:23:47.755,2024-04-03 17:23:47.755000+00:00
2024/04/03, 17:24:47.755,35.951,-75.122,0.08,207.9,291.97,0.91,16.0,16.0,995.5,995.4,0.0,0.0,12.03,10.24,9,4,7.7,7.5,95.3,95.3,7.6,7.4,213.6,208.4,997.6,997.5,194.86,398.16,755.33,29.7736,11.0209,278.7,50.1,1487.234, NAN, NAN, NAN, NAN,,2024/04/03 17:24:47.755,2024-04-03 17:24:47.755000+00:00
2024/04/03, 17:25:47.756,35.951,-75.122,-0.2,207.18,341.33,0.25,15.9,16.0,995.8,995.8,0.0,0.0,12.03,10.24,8,3,7.7,7.1,95.2,95.2,7.7,7.1,214.2,209.2,997.9,997.9,185.27,398.48,727.55,29.71,11.0286,281.7,49.8,1487.185, NAN, NAN, NAN, NAN,,2024/04/03 17:25:47.756,2024-04-03 17:25:47.756000+00:00
2024/04/03, 17:26:47.756,35.951,-75.122,-0.3,209.36,20.63,0.32,15.9,15.9,995.8,995.8,0.0,0.0,12.03,10.24,9,4,7.3,7.2,95.6,95.3,7.5,7.4,218.3,213.5,997.9,997.9,169.42,398.71,674.99,29.606,11.0326,274.5,49.8,1487.074, NAN, NAN, NAN, NAN,,2024/04/03 17:26:47.756,2024-04-03 17:26:47.756000+00:00
2024/04/03, 17:27:47.756,35.951,-75.122,-0.12,208.36,235.38,0.42,15.8,15.9,995.8,995.9,0.0,0.0,12.03,10.24,6,3,7.4,7.1,95.6,95.4,7.2,6.9,213.5,210.4,997.9,998.0,144.91,399.25,585.12,29.5804,11.0311,265.9,49.7,1487.038, NAN, NAN, NAN, NAN,,2024/04/03 17:27:47.756,2024-04-03 17:27:47.756000+00:00
2024/04/03, 17:28:47.756,35.951,-75.122,-0.12,206.61,190.83,0.16,15.8,15.9,995.9,996.0,0.0,0.0,12.03,10.24,10,5,7.6,7.4,96.0,96.0,7.6,7.4,217.2,212.2,998.0,998.1,117.45,399.47,507.22,29.5676,11.0255,269.2,50.0,1487.003, NAN, NAN, NAN, NAN,,2024/04/03 17:28:47.756,2024-04-03 17:28:47.756000+00:00
2024/04/03, 17:29:47.756,35.951,-75.122,-0.12,210.62,114.64,0.26,15.9,15.9,996.2,996.2,0.0,0.0,12.03,10.24,11,4,7.7,7.0,96.2,96.1,7.7,6.9,222.6,215.6,998.3,998.3,102.8,399.35,459.19,29.5631,11.0188,277.6,49.2,1486.973, NAN, NAN, NAN, NAN,,2024/04/03 17:29:47.756,2024-04-03 17:29:47.756000+00:00
2024/04/03, 17:30:47.756,35.951,-75.122,-0.03,207.62,25.1,0.25,15.8,15.9,996.0,996.1,0.0,0.0,12.03,10.24,20,15,7.3,7.1,95.6,95.3,7.3,7.1,226.7,221.7,998.1,998.2,94.68,399.39,427.35,29.6729,11.0205,292.4,50.0,1487.111, NAN, NAN, NAN, NAN,,2024/04/03 17:30:47.756,2024-04-03 17:30:47.756000+00:00
2024/04/03, 17:31:47.756,35.951,-75.122,-0.1,206.86,117.87,0.57,15.8,15.9,996.4,996.3,0.0,0.0,12.03,10.24,20,18,7.1,6.8,95.9,95.5,7.2,6.9,228.9,227.1,998.5,998.4,86.27,398.9,391.77,29.6115,11.037,293.4,50.0,1487.096, NAN, NAN, NAN, NAN,,2024/04/03 17:31:47.756,2024-04-03 17:31:47.756000+00:00
2024/04/03, 17:32:47.756,35.951,-75.122,-0.28,208.65,158.28,0.18,15.8,15.9,996.6,996.3,0.0,0.0,12.03,10.24,20,17,6.8,7.6,95.8,95.5,6.8,7.6,229.4,226.3,998.7,998.4,80.05,399.82,368.47,29.6061,11.0485,291.3,49.9,1487.131, NAN, NAN, NAN, NAN,,2024/04/03 17:32:47.756,2024-04-03 17:32:47.756000+00:00
2024/04/03, 17:33:47.756,35.951,-75.122,-0.2,207.4,251.62,0.2,15.8,15.9,996.5,996.5,0.0,0.0,12.03,10.24,26,26,8.0,7.9,95.4,95.1,7.9,7.8,233.2,233.2,998.6,998.6,75.65,399.86,348.33,29.5746,11.0559,286.4,50.3,1487.119, NAN, NAN, NAN, NAN,,2024/04/03 17:33:47.756,2024-04-03 17:33:47.756000+00:00
2024/04/03, 17:34:47.756,35.951,-75.122,-0.17,208.47,249.29,0.04,15.8,15.9,996.7,996.7,0.0,0.0,12.03,10.24,31,27,8.6,8.4,95.2,95.1,8.6,8.4,239.5,235.5,998.8,998.8,66.24,403.91,312.43,29.584,11.0562,291.5,50.4,1487.131, NAN, NAN, NAN, NAN,,2024/04/03 17:34:47.756,2024-04-03 17:34:47.756000+00:00
2024/04/03, 17:35:47.756,35.951,-75.122,-0.3,210.12,231.69,0.19,15.8,15.9,996.8,996.8,0.0,0.0,12.03,10.24,33,26,8.3,8.5,95.4,95.1,8.2,8.4,243.3,236.2,998.9,998.9,55.1,408.83,270.8,29.5912,11.0586,294.0,50.0,1487.149, NAN, NAN, NAN, NAN,,2024/04/03 17:35:47.756,2024-04-03 17:35:47.756000+00:00
2024/04/03, 17:36:47.756,35.951,-75.122,-0.07,207.89,45.88,0.15,15.8,15.9,996.6,996.6,0.0,0.0,12.03,10.24,29,25,8.8,8.8,95.5,95.1,8.9,8.9,236.7,232.8,998.7,998.7,57.13,409.11,272.12,29.5852,11.0632,294.0,49.9,1487.158, NAN, NAN, NAN, NAN,,2024/04/03 17:36:47.756,2024-04-03 17:36:47.756000+00:00
2024/04/03, 17:37:47.756,35.951,-75.122,-0.22,208.49,69.94,0.18,15.9,15.9,996.7,996.6,0.0,0.0,12.03,10.24,26,22,9.0,8.4,95.7,95.4,9.1,8.5,234.3,230.4,998.8,998.7,50.26,410.58,238.56,29.5943,11.0674,295.5,49.8,1487.184, NAN, NAN, NAN, NAN,,2024/04/03 17:37:47.756,2024-04-03 17:37:47.756000+00:00
2024/04/03, 17:38:47.756,35.951,-75.122,-0.33,209.75,9.65,0.26,15.9,16.0,996.6,996.7,0.0,0.0,12.03,10.24,25,20,9.2,8.9,95.4,95.1,9.3,9.0,234.1,229.2,998.7,998.8,46.41,413.06,223.63,29.5883,11.0746,295.5,49.5,1487.202, NAN, NAN, NAN, NAN,,2024/04/03 17:38:47.756,2024-04-03 17:38:47.756000+00:00
2024/04/03, 17:39:47.756,35.951,-75.122,-0.18,208.11,47.1,0.26,15.9,16.0,996.8,996.7,0.1,0.0,12.04,10.24,24,20,9.0,8.9,95.6,95.1,9.1,9.0,232.0,228.1,998.9,998.8,47.45,412.42,221.38,29.5754,11.0842,298.0,49.6,1487.22, NAN, NAN, NAN, NAN,,2024/04/03 17:39:47.756,2024-04-03 17:39:47.756000+00:00
2024/04/03, 17:40:47.757,35.951,-75.122,-0.22,208.46,336.35,0.44,15.9,16.0,996.7,996.7,0.0,0.0,12.04,10.24,21,18,9.0,8.9,95.4,95.1,9.0,8.9,228.0,225.0,998.8,998.8,45.18,413.29,220.06,29.5445,11.0889,296.1,49.8,1487.2, NAN, NAN, NAN, NAN,,2024/04/03 17:40:47.757,2024-04-03 17:40:47.757000+00:00
2024/04/03, 17:41:47.757,35.951,-75.122,-0.29,209.28,212.61,0.2,15.9,16.0,996.7,996.6,0.0,0.0,12.04,10.24,20,16,9.7,9.4,95.1,94.9,9.6,9.3,229.4,225.4,998.8,998.7,62.77,408.94,284.12,29.5141,11.0937,296.8,49.7,1487.181, NAN, NAN, NAN, NAN,,2024/04/03 17:41:47.757,2024-04-03 17:41:47.757000+00:00
2024/04/03, 17:42:47.757,35.951,-75.122,-0.12,206.03,131.52,0.24,16.0,16.0,996.6,996.6,0.0,0.0,12.04,10.24,22,17,9.6,8.5,95.5,95.0,9.6,8.5,228.8,223.8,998.7,998.7,78.69,403.62,329.93,29.5391,11.0998,300.4,50.2,1487.232, NAN, NAN, NAN, NAN,,2024/04/03 17:42:47.757,2024-04-03 17:42:47.757000+00:00
2024/04/03, 17:43:47.757,35.951,-75.122,-0.31,209.2,64.52,0.34,16.0,16.1,996.6,996.5,0.0,0.1,12.04,10.25,23,19,10.0,9.2,95.5,95.1,10.2,9.4,232.3,228.4,998.7,998.6,80.99,403.03,339.15,29.5624,11.1007,303.5,49.8,1487.263, NAN, NAN, NAN, NAN,,2024/04/03 17:43:47.757,2024-04-03 17:43:47.757000+00:00
2024/04/03, 17:44:47.757,35.951,-75.122,-0.05,207.03,61.91,0.12,16.1,16.2,996.6,996.6,0.0,0.0,12.04,10.25,29,23,9.7,9.7,96.0,95.6,9.8,9.7,236.2,230.3,998.7,998.7,77.06,403.62,325.22,29.5338,11.1002,301.9,50.0,1487.227, NAN, NAN, NAN, NAN,,2024/04/03 17:44:47.757,2024-04-03 17:44:47.757000+00:00
2024/04/03, 17:45:47.757,35.951,-75.122,-0.43,208.21,256.16,0.27,16.2,16.3,996.7,996.5,0.0,0.0,12.04,10.25,28,22,9.6,10.7,95.9,95.4,9.5,10.6,235.5,229.6,998.8,998.6,64.16,407.81,283.5,29.5468,11.0992,303.2,49.8,1487.239, NAN, NAN, NAN, NAN,,2024/04/03 17:45:47.757,2024-04-03 17:45:47.757000+00:00
2024/04/03, 17:46:47.757,35.951,-75.122,-0.25,208.58,324.47,0.11,16.3,16.4,996.7,996.6,0.0,0.0,12.04,10.25,34,27,9.9,10.6,95.7,95.3,10.0,10.7,242.5,235.6,998.8,998.7,46.91,413.73,225.07,29.5243,11.0988,304.4,50.1,1487.211, NAN, NAN, NAN, NAN,,2024/04/03 17:46:47.757,2024-04-03 17:46:47.757000+00:00
2024/04/03, 17:47:47.757,35.951,-75.122,-0.24,210.21,297.23,0.33,16.5,16.5,996.5,996.5,0.0,0.0,12.04,10.25,34,28,8.9,10.5,95.4,95.0,8.9,10.6,243.2,237.3,998.6,998.6,45.89,414.02,227.29,29.4982,11.0998,303.2,50.0,1487.183, NAN, NAN, NAN, NAN,,2024/04/03 17:47:47.757,2024-04-03 17:47:47.757000+00:00
2024/04/03, 17:48:47.757,35.951,-75.122,-0.22,206.86,264.86,0.25,16.5,16.6,996.4,996.7,0.0,0.0,12.04,10.25,35,30,10.4,11.8,94.8,94.4,10.3,11.7,241.7,236.7,998.5,998.8,54.76,411.52,257.66,29.4706,11.1024,299.2,49.6,1487.159, NAN, NAN, NAN, NAN,,2024/04/03 17:48:47.757,2024-04-03 17:48:47.757000+00:00
2024/04/03, 17:49:47.757,35.951,-75.122,-0.26,208.45,251.37,0.2,16.6,16.6,996.6,996.7,0.0,0.0,12.04,10.25,32,27,10.4,10.6,94.6,94.1,10.3,10.5,240.1,235.1,998.7,998.8,68.23,404.93,299.46,29.4557,11.106,300.8,49.7,1487.154, NAN, NAN, NAN, NAN,,2024/04/03 17:49:47.757,2024-04-03 17:49:47.757000+00:00
2024/04/03, 17:50:47.757,35.951,-75.122,-0.33,209.13,61.27,0.07,16.6,16.7,996.5,996.5,0.0,0.0,12.04,10.25,28,23,11.0,10.6,94.6,94.2,11.0,10.6,237.3,232.3,998.6,998.6,73.47,403.73,318.59,29.4891,11.1068,303.2,49.6,1487.197, NAN, NAN, NAN, NAN,,2024/04/03 17:50:47.757,2024-04-03 17:50:47.757000+00:00
2024/04/03, 17:51:47.757,35.951,-75.122,-0.28,207.97,175.06,0.19,16.6,16.7,996.3,996.6,0.0,0.0,12.04,10.25,26,21,10.2,10.3,94.1,93.6,10.2,10.3,234.5,229.5,998.4,998.7,73.2,402.61,317.73,29.4711,11.1089,301.4,49.8,1487.183, NAN, NAN, NAN, NAN,,2024/04/03 17:51:47.757,2024-04-03 17:51:47.757000+00:00
2024/04/03, 17:52:47.757,35.951,-75.122,-0.27,209.37,84.78,0.48,16.7,16.7,996.5,996.3,0.0,0.0,12.04,10.25,23,17,10.7,10.2,94.1,93.6,10.9,10.4,233.3,227.4,998.6,998.4,69.76,402.76,303.92,29.4589,11.1137,301.6,49.7,1487.185, NAN, NAN, NAN, NAN,,2024/04/03 17:52:47.757,2024-04-03 17:52:47.757000+00:00
2024/04/03, 17:53:47.757,35.951,-75.122,-0.29,207.41,244.45,0.25,16.7,16.8,996.6,996.7,0.0,0.0,12.04,10.25,25,19,11.0,10.7,94.0,93.5,10.9,10.6,232.2,226.1,998.7,998.8,64.6,402.33,285.88,29.4741,11.1153,303.5,49.6,1487.209, NAN, NAN, NAN, NAN,,2024/04/03 17:53:47.757,2024-04-03 17:53:47.757000+00:00
2024/04/03, 17:54:47.757,35.951,-75.122,-0.35,209.04,82.96,0.18,16.7,16.8,996.8,996.8,0.0,0.0,12.04,10.25,23,18,11.1,10.6,93.6,92.9,11.2,10.7,232.2,227.2,998.9,998.9,61.6,402.3,276.8,29.4598,11.1174,302.2,49.6,1487.199, NAN, NAN, NAN, NAN,,2024/04/03 17:54:47.757,2024-04-03 17:54:47.757000+00:00
2024/04/03, 17:55:47.757,35.951,-75.122,-0.28,212.36,69.08,0.09,16.6,16.7,996.8,996.8,0.0,0.0,12.04,10.25,19,14,11.3,10.7,93.2,92.7,11.3,10.7,231.6,226.6,998.9,998.9,59.1,403.2,269.59,29.4539,11.1213,300.1,49.1,1487.206, NAN, NAN, NAN, NAN,,2024/04/03 17:55:47.757,2024-04-03 17:55:47.757000+00:00
2024/04/03, 17:56:47.758,35.951,-75.122,0.03,205.82,136.52,0.16,16.6,16.7,996.8,996.6,0.0,0.0,12.04,10.25,21,16,10.3,10.2,93.3,92.5,10.3,10.2,227.2,222.2,998.9,998.7,57.32,401.38,264.52,29.4543,11.1222,306.8,49.5,1487.21, NAN, NAN, NAN, NAN,,2024/04/03 17:56:47.758,2024-04-03 17:56:47.758000+00:00
2024/04/03, 17:57:47.758,35.951,-75.122,0.03,208.99,251.56,0.11,16.5,16.6,996.7,996.6,0.0,0.0,12.04,10.25,26,21,11.1,10.6,94.0,93.3,11.1,10.6,234.7,229.7,998.8,998.7,55.13,402.54,257.93,29.4461,11.1229,306.5,50.1,1487.202, NAN, NAN, NAN, NAN,,2024/04/03 17:57:47.758,2024-04-03 17:57:47.758000+00:00
2024/04/03, 17:58:47.758,35.951,-75.122,0.03,208.64,184.19,0.42,16.5,16.6,996.5,996.6,0.2,0.0,12.04,10.25,20,15,11.0,10.7,94.5,93.8,10.8,10.5,229.4,224.3,998.6,998.7,52.69,401.63,251.07,29.448,11.1235,305.6,49.6,1487.207, NAN, NAN, NAN, NAN,,2024/04/03 17:58:47.758,2024-04-03 17:58:47.758000+00:00
2024/04/03, 17:59:47.758,35.951,-75.122,0.11,208.54,222.38,0.24,16.6,16.6,996.6,996.6,1.6,0.7,12.07,10.26,23,19,12.2,11.8,94.0,93.4,12.1,11.7,232.0,228.0,998.7,998.7,50.54,403.35,245.28,29.4389,11.1235,302.8,49.6,1487.196, NAN, NAN, NAN, NAN,,2024/04/03 17:59:47.758,2024-04-03 17:59:47.758000+00:00
2024/04/03, 18:00:47.758,35.951,-75.122,-0.32,208.76,84.7,0.27,16.6,16.7,996.7,996.5,1.2,1.4,12.1,10.29,26,21,12.6,12.6,94.1,93.6,12.7,12.7,235.3,230.3,998.8,998.6,49.82,404.08,243.31,29.4684,11.1216,304.4,49.8,1487.225, NAN, NAN, NAN, NAN,,2024/04/03 18:00:47.758,2024-04-03 18:00:47.758000+00:00
2024/04/03, 18:01:47.758,35.951,-75.122,-0.14,206.98,97.78,0.36,16.7,16.8,996.3,996.5,3.2,1.4,12.15,10.31,23,18,13.3,13.0,94.5,94.1,13.4,13.0,230.7,225.8,998.4,998.6,50.94,404.98,247.17,29.5313,11.1191,308.6,49.5,1487.291, NAN, NAN, NAN, NAN,,2024/04/03 18:01:47.758,2024-04-03 18:01:47.758000+00:00
2024/04/03, 18:02:47.758,35.951,-75.121,-0.34,208.85,124.84,0.65,16.8,16.9,996.5,996.3,1.4,1.0,12.17,10.33,21,17,13.8,13.1,94.8,94.3,14.0,13.2,231.1,227.2,998.6,998.4,53.28,404.6,254.19,29.6335,11.1172,314.7,49.9,1487.407, NAN, NAN, NAN, NAN,,2024/04/03 18:02:47.758,2024-04-03 18:02:47.758000+00:00
2024/04/03, 18:03:47.758,35.951,-75.121,-0.02,209.04,258.5,0.17,16.9,17.0,996.6,996.5,1.8,1.7,12.2,10.36,20,15,13.9,13.7,94.1,93.6,13.9,13.7,228.7,223.7,998.7,998.6,55.99,404.71,262.79,29.7299,11.1188,318.0,49.6,1487.529, NAN, NAN, NAN, NAN,,2024/04/03 18:03:47.758,2024-04-03 18:03:47.758000+00:00
2024/04/03, 18:04:47.758,35.951,-75.121,-0.1,207.62,120.98,0.39,16.9,17.0,996.1,996.3,1.2,0.9,12.23,10.38,18,13,13.2,13.1,94.0,93.5,13.2,13.1,226.5,221.5,998.2,998.4,59.61,404.43,273.11,30.3877,11.1241,347.6,48.9,1488.338, NAN, NAN, NAN, NAN,,2024/04/03 18:04:47.758,2024-04-03 18:04:47.758000+00:00
2024/04/03, 18:05:47.758,35.951,-75.121,-0.1,207.75,88.92,0.81,16.9,17.0,996.3,996.6,1.6,0.9,12.25,10.39,19,14,12.4,12.4,92.3,93.3,12.6,12.6,228.3,223.4,998.4,998.7,63.65,402.59,287.06,30.638,11.1267,357.7,49.5,1488.648, NAN, NAN, NAN, NAN,,2024/04/03 18:05:47.758,2024-04-03 18:05:47.758000+00:00
2024/04/03, 18:06:47.758,35.951,-75.121,-0.37,209.35,75.6,0.08,16.7,16.8,996.2,996.5,1.4,1.3,12.27,10.41,17,12,13.0,13.0,92.2,91.5,13.0,13.0,226.2,221.2,998.3,998.6,67.95,403.31,300.09,30.8041,11.1293,369.4,48.4,1488.857, NAN, NAN, NAN, NAN,,2024/04/03 18:06:47.758,2024-04-03 18:06:47.758000+00:00
2024/04/03, 18:07:47.758,35.951,-75.121,-0.37,197.52,166.54,0.46,16.6,16.7,996.2,996.4,0.7,0.5,12.29,10.42,18,13,13.2,12.7,93.0,92.3,13.4,12.9,216.2,211.3,998.3,998.5,70.87,403.25,309.71,30.6466,11.1303,359.6,48.6,1488.671, NAN, NAN, NAN, NAN,,2024/04/03 18:07:47.758,2024-04-03 18:07:47.758000+00:00
2024/04/03, 18:08:47.758,35.951,-75.121,0.46,174.18,154.15,2.19,16.5,16.6,996.3,996.3,0.4,0.4,12.29,10.43,47,43,14.3,14.9,93.7,93.2,14.0,14.5,225.5,221.3,998.4,998.4,71.7,403.08,314.13,30.5422,11.124,354.0,49.1,1488.523, NAN, NAN, NAN, NAN,,2024/04/03 18:08:47.758,2024-04-03 18:08:47.758000+00:00
2024/04/03, 18:09:47.758,35.95,-75.12,1.99,175.24,167.83,3.71,16.5,16.6,996.3,996.4,0.1,0.1,12.3,10.43,42,39,15.7,15.6,94.5,94.0,14.5,14.3,222.9,219.7,998.4,998.5,71.43,403.97,316.26,30.5036,11.124,353.9,49.0,1488.477, NAN, NAN, NAN, NAN,,2024/04/03 18:09:47.758,2024-04-03 18:09:47.758000+00:00
2024/04/03, 18:10:47.758,35.949,-75.12,2.97,180.18,159.47,2.76,16.5,16.6,996.2,996.2,0.2,0.3,12.3,10.43,38,34,15.8,16.1,94.8,93.8,15.1,15.3,222.8,218.5,998.3,998.3,71.5,405.09,320.01,30.1246,11.1234,346.2,49.4,1488.019, NAN, NAN, NAN, NAN,,2024/04/03 18:10:47.758,2024-04-03 18:10:47.758000+00:00
2024/04/03, 18:11:47.759,35.948,-75.12,2.49,172.1,150.58,2.51,16.5,16.6,995.9,996.2,0.1,0.0,12.3,10.43,40,36,15.8,16.1,94.9,94.0,15.2,15.4,216.3,212.0,998.0,998.3,72.86,405.56,326.77,30.1858,11.1258,354.0,48.3,1488.101, NAN, NAN, NAN, NAN,,2024/04/03 18:11:47.759,2024-04-03 18:11:47.759000+00:00
2024/04/03, 18:12:47.759,35.947,-75.119,3.93,140.3,139.41,5.62,16.6,16.7,995.9,996.4,0.0,0.0,12.3,10.43,56,54,16.1,16.3,94.8,94.1,14.8,14.9,205.9,203.6,998.0,998.5,76.33,405.99,336.35,29.9216,11.1213,329.1,48.4,1487.768, NAN, NAN, NAN, NAN,,2024/04/03 18:12:47.759,2024-04-03 18:12:47.759000+00:00
2024/04/03, 18:13:47.759,35.946,-75.117,7.51,112.89,98.78,7.33,16.6,16.7,996.1,996.3,0.1,0.0,12.3,10.43,87,86,14.2,14.7,94.9,94.2,15.0,15.4,214.4,213.0,998.2,998.4,79.3,405.08,345.25,29.7239,11.1133,317.6,49.5,1487.502, NAN, NAN, NAN, NAN,,2024/04/03 18:13:47.759,2024-04-03 18:13:47.759000+00:00
2024/04/03, 18:14:47.759,35.946,-75.114,9.23,105.91,110.73,9.27,16.6,16.8,996.3,996.3,0.2,0.0,12.31,10.43,92,91,12.9,13.5,94.7,94.0,13.8,14.3,218.1,216.4,998.4,998.4,80.67,404.16,350.3,29.6149,11.1074,308.3,48.9,1487.35, NAN, NAN, NAN, NAN,,2024/04/03 18:14:47.759,2024-04-03 18:14:47.759000+00:00
2024/04/03, 18:15:47.759,35.945,-75.111,10.05,105.05,103.46,9.94,16.6,16.7,996.5,996.3,0.6,0.2,12.32,10.44,94,93,13.6,13.7,95.1,94.4,15.0,15.0,218.9,218.0,998.6,998.4,81.79,405.84,354.37,29.553,11.0928,304.9,49.2,1487.224, NAN, NAN, NAN, NAN,,2024/04/03 18:15:47.759,2024-04-03 18:15:47.759000+00:00
2024/04/03, 18:16:47.759,35.945,-75.107,10.38,104.46,103.4,10.36,16.7,16.8,996.5,996.4,1.0,0.7,12.34,10.45,90,90,13.6,13.8,95.4,94.6,14.8,15.0,215.6,215.3,998.6,998.5,82.4,405.34,357.44,29.5385,11.0828,305.2,49.7,1487.171, NAN, NAN, NAN, NAN,,2024/04/03 18:16:47.759,2024-04-03 18:16:47.759000+00:00
2024/04/03, 18:17:47.759,35.944,-75.104,10.76,104.83,100.67,10.8,16.6,16.8,996.2,996.2,0.7,0.1,12.35,10.45,89,87,13.1,13.4,94.5,93.6,14.5,14.6,216.3,214.1,998.3,998.3,80.84,405.12,352.41,29.5475,11.0665,304.6,50.0,1487.124, NAN, NAN, NAN, NAN,,2024/04/03 18:17:47.759,2024-04-03 18:17:47.759000+00:00
2024/04/03, 18:18:47.759,35.943,-75.1,10.78,104.61,101.52,10.79,16.6,16.7,996.1,996.2,1.1,0.7,12.37,10.47,89,89,13.7,13.9,94.5,93.7,15.0,15.2,215.2,214.9,998.2,998.3,76.81,405.5,340.33,29.5908,11.0555,305.9,49.8,1487.137, NAN, NAN, NAN, NAN,,2024/04/03 18:18:47.759,2024-04-03 18:18:47.759000+00:00
2024/04/03, 18:19:47.759,35.943,-75.096,10.55,105.19,98.82,10.89,16.6,16.7,996.2,996.5,1.1,1.3,12.39,10.49,87,86,12.7,13.4,94.8,94.1,14.2,14.7,215.4,213.5,998.3,998.6,72.15,404.35,323.42,29.6154,11.0505,303.2,49.9,1487.149, NAN, NAN, NAN, NAN,,2024/04/03 18:19:47.759,2024-04-03 18:19:47.759000+00:00
2024/04/03, 18:20:47.759,35.942,-75.093,10.62,105.45,102.09,10.88,16.4,16.6,996.0,996.3,2.1,1.3,12.42,10.51,89,88,13.6,14.1,94.4,93.8,15.0,15.4,216.2,214.7,998.1,998.4,67.73,406.14,311.01,29.6261,11.0517,304.4,49.5,1487.166, NAN, NAN, NAN, NAN,,2024/04/03 18:20:47.759,2024-04-03 18:20:47.759000+00:00
2024/04/03, 18:21:47.759,35.941,-75.089,10.39,108.98,105.45,10.59,16.4,16.5,996.2,996.3,2.3,1.9,12.46,10.54,84,82,14.3,14.6,95.6,94.9,14.9,15.0,214.3,212.1,998.3,998.4,65.85,406.55,306.04,29.636,11.0551,307.5,49.9,1487.19, NAN, NAN, NAN, NAN,,2024/04/03 18:21:47.759,2024-04-03 18:21:47.759000+00:00
2024/04/03, 18:22:47.759,35.941,-75.086,10.88,106.85,99.59,10.99,16.5,16.6,996.2,996.2,2.2,1.3,12.5,10.56,84,85,14.2,14.2,95.9,95.2,15.2,15.3,212.7,213.6,998.3,998.3,66.21,406.39,308.06,29.638,11.0579,305.9,50.4,1487.202, NAN, NAN, NAN, NAN,,2024/04/03 18:22:47.759,2024-04-03 18:22:47.759000+00:00
2024/04/03, 18:23:47.759,35.94,-75.082,10.81,106.22,107.49,10.3,16.4,16.6,996.0,996.1,1.1,0.9,12.52,10.59,83,82,14.1,13.9,95.5,94.8,14.3,14.0,210.7,210.1,998.1,998.2,67.35,405.96,310.86,29.6911,11.0587,305.6,49.9,1487.269, NAN, NAN, NAN, NAN,,2024/04/03 18:23:47.759,2024-04-03 18:23:47.759000+00:00
2024/04/03, 18:24:47.759,35.939,-75.079,10.34,106.18,103.61,10.59,16.5,16.6,996.2,996.0,1.3,1.3,12.54,10.6,88,87,13.4,13.7,96.0,95.2,14.7,14.9,215.8,214.5,998.3,998.1,67.87,406.34,310.41,29.7045,11.0639,304.4,49.7,1487.304, NAN, NAN, NAN, NAN,,2024/04/03 18:24:47.759,2024-04-03 18:24:47.759000+00:00
2024/04/03, 18:25:47.759,35.938,-75.075,10.18,107.19,105.15,10.54,16.5,16.6,996.0,996.1,2.5,2.5,12.59,10.65,83,84,14.2,14.3,95.8,94.9,14.7,14.9,211.7,212.4,998.1,998.2,67.35,406.5,307.31,29.7207,11.08,307.8,49.1,1487.38, NAN, NAN, NAN, NAN,,2024/04/03 18:25:47.759,2024-04-03 18:25:47.759000+00:00
2024/04/03, 18:26:47.760,35.938,-75.072,10.54,105.56,93.11,10.57,16.5,16.6,996.2,996.1,3.8,3.3,12.65,10.71,86,86,14.4,14.4,96.3,95.5,15.5,15.5,212.1,212.1,998.3,998.2,67.02,407.35,304.14,29.8052,11.0987,308.6,50.2,1487.548, NAN, NAN, NAN, NAN,,2024/04/03 18:26:47.760,2024-04-03 18:26:47.760000+00:00
2024/04/03, 18:27:47.760,35.937,-75.068,10.64,102.13,96.58,10.57,16.4,16.6,995.9,996.0,3.3,2.2,12.7,10.74,89,88,15.1,15.5,96.0,95.3,16.4,16.7,210.4,209.1,998.0,998.1,66.41,408.23,301.97,29.8412,11.1151,309.9,49.8,1487.649, NAN, NAN, NAN, NAN,,2024/04/03 18:27:47.760,2024-04-03 18:27:47.760000+00:00
2024/04/03, 18:28:47.760,35.937,-75.065,10.64,103.24,101.15,10.68,16.5,16.6,995.9,996.0,2.4,1.4,12.75,10.77,88,88,14.8,14.9,96.5,95.7,15.8,15.9,211.6,211.4,998.0,998.1,67.65,407.81,306.06,29.7847,11.1356,306.2,49.6,1487.654, NAN, NAN, NAN, NAN,,2024/04/03 18:28:47.760,2024-04-03 18:28:47.760000+00:00
2024/04/03, 18:29:47.760,35.936,-75.061,10.67,101.9,99.49,10.34,16.5,16.6,995.9,996.2,3.4,2.1,12.81,10.8,88,88,14.3,15.0,96.5,95.8,15.4,16.0,210.1,209.3,998.0,998.3,71.8,406.52,320.54,29.7233,11.1563,302.5,49.3,1487.654, NAN, NAN, NAN, NAN,,2024/04/03 18:29:47.760,2024-04-03 18:29:47.760000+00:00
2024/04/03, 18:30:47.760,35.935,-75.058,10.43,107.72,101.32,10.62,16.5,16.6,995.9,996.0,3.0,1.8,12.85,10.83,85,83,15.1,15.4,96.7,96.0,15.9,16.0,212.8,210.7,998.0,998.1,76.42,405.53,333.88,29.75,11.1721,301.1,49.8,1487.742, NAN, NAN, NAN, NAN,,2024/04/03 18:30:47.760,2024-04-03 18:30:47.760000+00:00
2024/04/03, 18:31:47.760,35.935,-75.054,10.55,105.38,107.46,10.67,16.5,16.6,996.0,996.1,1.5,2.0,12.88,10.86,88,87,13.7,14.2,96.3,95.4,14.7,15.1,215.3,213.7,998.1,998.2,78.98,405.86,341.92,29.7445,11.1843,300.1,49.8,1487.778, NAN, NAN, NAN, NAN,,2024/04/03 18:31:47.760,2024-04-03 18:31:47.760000+00:00
2024/04/03, 18:32:47.760,35.934,-75.05,10.54,106.05,98.65,10.94,16.5,16.6,996.0,996.0,0.5,0.4,12.89,10.87,86,85,13.9,13.9,95.9,95.0,15.4,15.3,213.4,212.5,998.1,998.1,81.59,405.25,348.82,29.7216,11.1886,295.5,49.4,1487.766, NAN, NAN, NAN, NAN,,2024/04/03 18:32:47.760,2024-04-03 18:32:47.760000+00:00
2024/04/03, 18:33:47.760,35.933,-75.047,10.33,105.93,109.16,10.7,16.5,16.6,995.9,996.1,0.5,0.2,12.9,10.87,85,83,13.8,14.0,96.1,95.4,14.6,14.6,213.0,210.9,998.0,998.2,84.91,404.94,357.32,29.7997,11.1799,298.0,49.4,1487.829, NAN, NAN, NAN, NAN,,2024/04/03 18:33:47.760,2024-04-03 18:33:47.760000+00:00
2024/04/03, 18:34:47.760,35.933,-75.044,10.23,105.4,103.37,10.57,16.5,16.6,996.0,996.1,0.2,0.0,12.9,10.88,88,86,13.9,14.3,96.5,95.7,14.8,15.0,214.9,212.6,998.1,998.2,86.27,405.9,361.86,29.832,11.166,291.8,49.8,1487.819, NAN, NAN, NAN, NAN,,2024/04/03 18:34:47.760,2024-04-03 18:34:47.760000+00:00
2024/04/03, 18:35:47.760,35.932,-75.04,10.72,106.2,101.42,10.81,16.5,16.6,995.9,996.0,0.0,0.0,12.9,10.88,87,88,13.7,14.2,96.5,95.9,14.7,15.3,215.4,215.6,998.0,998.1,85.53,406.11,360.65,29.9614,11.1908,292.8,50.0,1488.062, NAN, NAN, NAN, NAN,,2024/04/03 18:35:47.760,2024-04-03 18:35:47.760000+00:00
2024/04/03, 18:36:47.760,35.931,-75.036,10.66,103.93,116.05,10.52,16.5,16.6,996.0,995.9,0.1,0.2,12.91,10.88,87,86,15.2,15.0,96.5,95.7,15.5,15.2,211.2,210.6,998.1,998.0,83.98,407.27,358.85,30.0364,11.2236,292.8,49.5,1488.268, NAN, NAN, NAN, NAN,,2024/04/03 18:36:47.760,2024-04-03 18:36:47.760000+00:00
2024/04/03, 18:37:47.760,35.931,-75.033,10.44,104.93,108.99,10.3,16.6,16.7,995.9,996.0,0.2,0.2,12.91,10.88,87,87,14.1,14.9,97.2,96.5,14.8,15.5,212.9,211.9,998.0,998.1,84.43,405.75,361.92,30.071,11.2224,292.8,49.4,1488.305, NAN, NAN, NAN, NAN,,2024/04/03 18:37:47.760,2024-04-03 18:37:47.760000+00:00
2024/04/03, 18:38:47.760,35.93,-75.03,10.13,103.23,98.89,10.05,16.6,16.7,996.0,995.9,0.0,0.1,12.91,10.88,86,84,14.2,15.1,96.4,95.7,15.0,15.7,209.4,206.4,998.1,998.0,87.32,406.35,372.28,29.9877,11.2485,290.0,49.3,1488.297, NAN, NAN, NAN, NAN,,2024/04/03 18:38:47.760,2024-04-03 18:38:47.760000+00:00
2024/04/03, 18:39:47.760,35.93,-75.026,9.91,106.46,101.35,10.3,16.5,16.7,995.8,996.1,0.1,0.1,12.91,10.89,90,88,13.9,15.1,96.6,95.8,15.6,16.5,216.1,213.0,997.9,998.2,91.17,406.91,383.71,30.0022,11.2717,290.0,49.6,1488.396, NAN, NAN, NAN, NAN,,2024/04/03 18:39:47.760,2024-04-03 18:39:47.760000+00:00
2024/04/03, 18:40:47.760,35.929,-75.023,9.89,106.56,109.78,9.95,16.5,16.6,996.3,996.1,0.3,0.3,12.92,10.89,87,87,14.1,14.9,95.9,95.3,14.7,15.5,213.8,212.8,998.4,998.2,93.55,405.94,391.51,30.0258,11.2888,286.7,48.9,1488.485, NAN, NAN, NAN, NAN,,2024/04/03 18:40:47.760,2024-04-03 18:40:47.760000+00:00
2024/04/03, 18:41:47.760,35.928,-75.019,10.0,105.93,103.18,10.42,16.5,16.6,996.0,996.0,2.4,1.1,12.96,10.91,87,87,15.1,15.5,96.3,95.7,16.0,16.4,212.5,212.0,998.1,998.1,93.38,407.42,393.58,30.0085,11.301,287.6,49.3,1488.507, NAN, NAN, NAN, NAN,,2024/04/03 18:41:47.760,2024-04-03 18:41:47.760000+00:00
2024/04/03, 18:42:47.761,35.928,-75.016,10.19,106.66,107.23,10.71,16.5,16.6,995.8,995.9,1.4,0.1,12.98,10.91,85,84,15.9,16.0,96.4,95.7,16.5,16.5,211.2,210.1,997.9,998.0,92.36,408.52,394.93,30.0067,11.314,280.9,49.3,1488.551, NAN, NAN, NAN, NAN,,2024/04/03 18:42:47.761,2024-04-03 18:42:47.761000+00:00
2024/04/03, 18:43:47.761,35.927,-75.012,10.55,105.05,103.0,10.23,16.6,16.7,995.8,996.0,1.4,1.0,13.01,10.94,86,86,16.4,16.1,97.2,96.6,17.0,16.7,209.1,209.4,997.9,998.1,94.81,407.72,408.3,30.0301,11.3113,280.6,49.6,1488.569, NAN, NAN, NAN, NAN,,2024/04/03 18:43:47.761,2024-04-03 18:43:47.761000+00:00
2024/04/03, 18:44:47.761,35.927,-75.009,10.53,105.92,101.68,10.16,16.6,16.7,996.0,995.8,1.7,2.0,13.04,10.97,87,88,16.3,16.6,97.1,95.7,17.3,17.7,210.5,211.1,998.1,997.9,101.51,407.69,429.37,30.048,11.3151,276.3,48.8,1488.604, NAN, NAN, NAN, NAN,,2024/04/03 18:44:47.761,2024-04-03 18:44:47.761000+00:00
2024/04/03, 18:45:47.761,35.926,-75.006,9.96,106.14,96.01,9.66,16.6,16.7,995.6,995.9,2.6,1.8,13.09,11.0,88,89,16.1,15.9,97.0,95.6,17.4,17.3,210.6,211.7,997.7,998.0,106.23,406.48,443.84,30.0785,11.3098,280.3,48.7,1488.622, NAN, NAN, NAN, NAN,,2024/04/03 18:45:47.761,2024-04-03 18:45:47.761000+00:00
2024/04/03, 18:46:47.761,35.925,-75.003,9.68,107.8,106.34,10.14,16.7,16.8,995.8,995.9,2.3,1.6,13.12,11.03,85,85,16.9,17.2,96.9,96.1,17.6,17.9,210.1,209.8,997.9,998.0,110.05,406.51,455.63,30.1221,11.2986,277.6,49.1,1488.635, NAN, NAN, NAN, NAN,,2024/04/03 18:46:47.761,2024-04-03 18:46:47.761000+00:00
2024/04/03, 18:47:47.761,35.925,-74.999,10.06,104.87,99.88,10.13,16.6,16.8,995.5,995.8,1.9,1.9,13.15,11.06,86,84,16.8,17.9,96.1,95.2,17.3,18.2,208.4,205.4,997.6,997.9,114.31,404.86,466.81,30.1655,11.2781,276.3,49.1,1488.615, NAN, NAN, NAN, NAN,,2024/04/03 18:47:47.761,2024-04-03 18:47:47.761000+00:00
2024/04/03, 18:48:47.761,35.924,-74.996,10.18,104.16,102.5,10.17,16.6,16.7,995.8,996.0,0.4,0.3,13.16,11.06,87,85,16.2,17.3,96.1,95.3,17.0,17.9,209.0,206.1,997.9,998.1,119.11,404.46,478.48,30.2219,11.2312,274.8,49.1,1488.517, NAN, NAN, NAN, NAN,,2024/04/03 18:48:47.761,2024-04-03 18:48:47.761000+00:00
2024/04/03, 18:49:47.761,35.924,-74.992,10.09,104.04,85.96,9.73,16.5,16.6,995.6,995.6,0.0,0.0,13.16,11.06,86,85,15.9,16.3,95.2,94.2,17.0,17.3,207.1,205.8,997.7,997.7,119.91,403.12,476.38,30.2585,11.2041,267.8,49.3,1488.465, NAN, NAN, NAN, NAN,,2024/04/03 18:49:47.761,2024-04-03 18:49:47.761000+00:00
2024/04/03, 18:50:47.761,35.923,-74.989,9.91,107.12,105.8,10.12,16.5,16.6,995.7,995.9,0.0,0.0,13.16,11.06,83,82,17.2,16.3,96.3,95.6,17.4,16.5,207.4,207.4,997.8,998.0,116.53,403.5,465.08,30.362,11.1831,268.4,49.3,1488.516, NAN, NAN, NAN, NAN,,2024/04/03 18:50:47.761,2024-04-03 18:50:47.761000+00:00
2024/04/03, 18:51:47.761,35.922,-74.986,10.25,106.36,110.09,10.22,16.4,16.6,995.6,995.9,0.0,0.0,13.16,11.06,84,85,16.2,15.9,96.0,95.3,16.7,16.5,208.7,209.9,997.7,998.0,111.94,402.23,449.58,30.4757,11.1411,265.1,49.3,1488.504, NAN, NAN, NAN, NAN,,2024/04/03 18:51:47.761,2024-04-03 18:51:47.761000+00:00
2024/04/03, 18:52:47.761,35.922,-74.982,10.05,105.59,98.02,10.18,16.4,16.5,995.7,995.9,0.0,0.0,13.16,11.06,83,87,15.2,16.0,96.2,95.4,15.8,16.9,207.9,210.7,997.8,998.0,106.15,401.62,431.94,30.5494,11.1178,265.1,49.2,1488.51, NAN, NAN, NAN, NAN,,2024/04/03 18:52:47.761,2024-04-03 18:52:47.761000+00:00
2024/04/03, 18:53:47.761,35.921,-74.979,10.05,106.38,105.91,10.11,16.3,16.4,995.6,996.0,0.0,0.0,13.16,11.06,83,84,15.7,16.7,96.5,95.9,16.2,17.2,208.1,207.9,997.7,998.1,100.25,402.75,410.88,30.6455,11.107,262.2,49.4,1488.587, NAN, NAN, NAN, NAN,,2024/04/03 18:53:47.761,2024-04-03 18:53:47.761000+00:00
2024/04/03, 18:54:47.761,35.92,-74.976,9.94,107.42,105.44,9.8,16.3,16.4,995.8,995.8,0.0,0.0,13.16,11.06,84,83,16.1,16.8,97.4,96.9,16.6,17.2,209.0,207.4,997.9,997.9,94.16,403.9,391.98,30.7166,11.1129,263.2,48.6,1488.694, NAN, NAN, NAN, NAN,,2024/04/03 18:54:47.761,2024-04-03 18:54:47.761000+00:00
2024/04/03, 18:55:47.761,35.92,-74.972,9.9,107.12,108.05,10.23,16.3,16.4,995.6,995.9,0.0,0.0,13.16,11.06,83,84,16.3,16.3,97.9,97.2,16.7,16.7,208.4,209.4,997.7,998.0,88.95,404.83,377.28,30.7464,11.1122,265.9,49.2,1488.727, NAN, NAN, NAN, NAN,,2024/04/03 18:55:47.761,2024-04-03 18:55:47.761000+00:00
2024/04/03, 18:56:47.761,35.919,-74.969,10.01,105.06,107.36,9.81,16.3,16.4,995.6,995.8,0.0,0.0,13.16,11.06,86,85,16.6,16.3,97.6,97.0,17.0,16.6,208.3,207.6,997.7,997.9,85.48,406.06,367.29,30.7596,11.0924,267.5,48.8,1488.673, NAN, NAN, NAN, NAN,,2024/04/03 18:56:47.761,2024-04-03 18:56:47.761000+00:00
2024/04/03, 18:57:47.762,35.919,-74.966,10.27,105.7,98.1,10.34,16.3,16.4,995.9,995.9,0.0,0.0,13.16,11.06,84,83,16.2,16.4,98.4,97.9,17.0,17.1,207.9,206.8,998.0,998.0,85.05,406.36,363.12,30.8105,11.0398,271.5,49.2,1488.548, NAN, NAN, NAN, NAN,,2024/04/03 18:57:47.762,2024-04-03 18:57:47.762000+00:00
2024/04/03, 18:58:47.762,35.918,-74.962,10.23,108.13,106.7,10.1,16.3,16.4,995.8,995.6,0.0,0.0,13.16,11.06,85,80,14.9,15.6,98.9,98.4,16.0,16.2,212.1,206.8,997.9,997.7,83.03,406.14,353.7,30.8617,11.015,274.8,49.2,1488.522, NAN, NAN, NAN, NAN,,2024/04/03 18:58:47.762,2024-04-03 18:58:47.762000+00:00
2024/04/03, 18:59:47.762,35.917,-74.959,10.05,106.47,107.56,9.65,16.3,16.4,995.5,995.6,0.0,0.0,13.16,11.06,82,79,16.7,16.3,99.1,98.5,16.9,16.3,205.4,203.0,997.6,997.7,77.09,407.94,336.61,30.9169,11.02,278.4,49.4,1488.606, NAN, NAN, NAN, NAN,,2024/04/03 18:59:47.762,2024-04-03 18:59:47.762000+00:00
2024/04/03, 19:00:47.762,35.917,-74.956,9.89,104.41,100.6,9.54,16.3,16.4,995.5,995.6,0.0,0.0,13.16,11.06,82,83,14.5,14.1,98.8,98.4,14.8,14.6,205.6,207.0,997.6,997.7,68.65,405.77,314.21,30.9558,11.0407,285.1,49.0,1488.726, NAN, NAN, NAN, NAN,,2024/04/03 19:00:47.762,2024-04-03 19:00:47.762000+00:00
2024/04/03, 19:01:47.762,35.916,-74.952,9.96,104.89,108.31,10.25,16.2,16.3,995.5,995.8,0.0,0.0,13.16,11.06,83,80,15.5,14.9,98.5,98.2,16.0,15.1,207.1,205.1,997.6,997.9,62.07,407.19,298.75,30.9865,11.0672,290.4,48.8,1488.857, NAN, NAN, NAN, NAN,,2024/04/03 19:01:47.762,2024-04-03 19:01:47.762000+00:00
2024/04/03, 19:02:47.762,35.915,-74.949,10.16,108.45,107.07,10.54,16.1,16.2,995.4,995.6,0.0,0.0,13.16,11.06,79,77,15.8,15.1,98.4,98.1,15.6,14.7,207.3,206.3,997.5,997.7,64.07,406.3,307.84,31.0035,11.0878,285.7,49.5,1488.95, NAN, NAN, NAN, NAN,,2024/04/03 19:02:47.762,2024-04-03 19:02:47.762000+00:00
2024/04/03, 19:03:47.762,35.915,-74.945,10.23,103.96,105.07,10.1,16.0,16.1,995.5,995.6,0.0,0.0,13.16,11.06,77,77,14.8,14.6,98.8,98.5,14.5,14.3,201.3,201.6,997.6,997.7,74.21,404.28,338.29,30.9724,11.0971,282.4,49.0,1488.945, NAN, NAN, NAN, NAN,,2024/04/03 19:03:47.762,2024-04-03 19:03:47.762000+00:00
2024/04/03, 19:04:47.762,35.914,-74.942,10.14,107.11,105.91,10.53,16.0,16.1,995.5,995.5,0.0,0.0,13.16,11.06,77,75,15.0,15.1,99.5,99.3,15.1,15.0,204.8,202.8,997.6,997.6,83.52,402.9,365.46,30.9378,11.0904,278.4,49.7,1488.88, NAN, NAN, NAN, NAN,,2024/04/03 19:04:47.762,2024-04-03 19:04:47.762000+00:00
2024/04/03, 19:05:47.762,35.913,-74.939,10.21,107.34,103.34,10.46,16.0,16.1,995.5,995.6,0.0,0.0,13.16,11.06,76,77,14.8,15.2,99.7,99.4,14.8,15.3,204.3,204.7,997.6,997.7,90.2,402.42,385.04,30.9169,11.0782,275.6,49.0,1488.812, NAN, NAN, NAN, NAN,,2024/04/03 19:05:47.762,2024-04-03 19:05:47.762000+00:00
2024/04/03, 19:06:47.762,35.913,-74.935,10.43,104.55,112.83,10.37,16.0,16.1,995.4,995.8,0.0,0.0,13.16,11.06,78,76,15.4,14.6,100.0,99.6,14.9,14.0,202.7,201.9,997.5,997.9,93.74,403.32,394.71,30.8968,11.0764,277.9,49.1,1488.781, NAN, NAN, NAN, NAN,,2024/04/03 19:06:47.762,2024-04-03 19:06:47.762000+00:00
2024/04/03, 19:07:47.762,35.912,-74.932,10.31,106.98,102.93,10.28,16.0,16.1,995.4,995.6,0.0,0.0,13.16,11.06,81,74,15.0,15.0,100.0,99.9,15.4,14.7,208.0,201.4,997.5,997.7,93.65,402.83,392.44,30.8756,11.0842,277.6,49.0,1488.783, NAN, NAN, NAN, NAN,,2024/04/03 19:07:47.762,2024-04-03 19:07:47.762000+00:00
2024/04/03, 19:08:47.762,35.911,-74.928,10.29,105.77,102.0,10.44,16.0,16.1,995.5,995.3,0.0,0.0,13.16,11.06,81,73,14.2,15.6,100.0,99.8,14.7,15.3,208.0,198.7,997.6,997.4,89.54,403.15,382.25,30.8853,11.0925,280.9,49.6,1488.824, NAN, NAN, NAN, NAN,,2024/04/03 19:08:47.762,2024-04-03 19:08:47.762000+00:00
2024/04/03, 19:09:47.762,35.911,-74.925,10.19,107.15,97.59,10.05,16.0,16.1,995.3,995.5,0.0,0.0,13.16,11.06,76,75,15.6,15.0,100.0,100.0,15.6,14.9,202.2,202.0,997.4,997.6,85.85,403.97,377.62,30.8853,11.1089,274.8,49.3,1488.882, NAN, NAN, NAN, NAN,,2024/04/03 19:09:47.762,2024-04-03 19:09:47.762000+00:00
2024/04/03, 19:10:47.762,35.911,-74.922,10.13,77.86,80.2,10.13,16.1,16.2,995.4,995.5,0.0,0.0,13.16,11.06,92,100,13.2,12.5,100.0,100.0,14.1,14.1,191.5,199.3,997.5,997.6,87.04,403.57,383.54,30.879,11.1316,276.3,49.1,1488.955, NAN, NAN, NAN, NAN,,2024/04/03 19:10:47.762,2024-04-03 19:10:47.762000+00:00
2024/04/03, 19:11:47.762,35.912,-74.918,10.47,53.59,53.85,10.44,16.1,16.2,995.2,995.4,0.0,0.0,13.16,11.06,122,124,11.7,10.9,100.0,100.0,15.0,14.4,193.9,196.3,997.3,997.5,96.35,402.63,411.32,30.8717,11.1536,275.0,49.3,1489.024, NAN, NAN, NAN, NAN,,2024/04/03 19:11:47.762,2024-04-03 19:11:47.762000+00:00
2024/04/03, 19:12:47.763,35.914,-74.916,10.82,25.98,33.42,10.54,16.1,16.1,995.7,995.8,0.0,0.0,13.16,11.06,146,156,10.0,9.4,100.0,100.0,14.4,14.2,186.8,194.0,997.8,997.9,107.03,404.64,445.24,30.8643,11.1733,271.6,49.4,1489.084, NAN, NAN, NAN, NAN,,2024/04/03 19:12:47.763,2024-04-03 19:12:47.763000+00:00
2024/04/03, 19:13:47.763,35.916,-74.915,10.63,2.85,8.5,10.37,16.1,16.2,995.6,995.5,0.0,0.0,13.16,11.06,200,211,9.9,8.4,100.0,100.0,15.1,13.4,197.6,203.8,997.7,997.6,118.07,405.32,473.43,30.8712,11.1862,270.8,49.9,1489.138, NAN, NAN, NAN, NAN,,2024/04/03 19:13:47.763,2024-04-03 19:13:47.763000+00:00
2024/04/03, 19:14:47.763,35.919,-74.915,10.64,344.31,350.26,10.54,16.2,16.3,995.8,995.7,0.0,0.0,13.16,11.06,228,229,10.8,10.6,100.0,100.0,15.2,15.0,198.3,198.8,997.9,997.8,126.09,405.24,492.51,30.8884,11.1864,268.9,49.8,1489.16, NAN, NAN, NAN, NAN,,2024/04/03 19:14:47.763,2024-04-03 19:14:47.763000+00:00
2024/04/03, 19:15:47.763,35.922,-74.915,10.8,343.26,344.92,10.87,16.2,16.2,995.8,995.8,0.0,0.0,13.16,11.06,239,230,10.6,9.2,100.0,100.0,14.4,13.6,203.4,195.6,997.9,997.9,129.08,404.21,496.73,30.904,11.1698,267.8,49.8,1489.12, NAN, NAN, NAN, NAN,,2024/04/03 19:15:47.763,2024-04-03 19:15:47.763000+00:00
2024/04/03, 19:16:47.763,35.925,-74.916,10.52,325.87,335.79,10.0,16.2,16.2,995.6,995.6,0.0,0.0,13.16,11.06,250,248,10.8,12.2,100.0,100.0,13.9,15.3,196.5,196.7,997.7,997.7,124.92,405.09,483.45,30.9156,11.1493,261.9,49.7,1489.061, NAN, NAN, NAN, NAN,,2024/04/03 19:16:47.763,2024-04-03 19:16:47.763000+00:00
2024/04/03, 19:17:47.763,35.927,-74.918,9.8,318.23,323.51,9.71,16.2,16.3,995.3,995.2,0.0,0.0,13.16,11.06,260,262,12.6,13.2,100.0,100.0,14.9,15.3,199.6,201.9,997.4,997.3,112.83,404.96,447.18,30.92,11.1243,263.2,49.5,1488.978, NAN, NAN, NAN, NAN,,2024/04/03 19:17:47.763,2024-04-03 19:17:47.763000+00:00
2024/04/03, 19:18:47.763,35.929,-74.92,10.4,321.86,319.87,10.04,16.2,16.3,995.4,995.2,0.0,0.0,13.16,11.06,261,254,13.8,13.2,100.0,100.0,15.5,15.4,203.6,197.1,997.5,997.3,101.11,405.99,418.83,30.9126,11.1002,258.0,49.0,1488.884, NAN, NAN, NAN, NAN,,2024/04/03 19:18:47.763,2024-04-03 19:18:47.763000+00:00
2024/04/03, 19:19:47.763,35.932,-74.922,10.29,321.21,328.76,10.17,16.3,16.3,995.2,995.2,0.3,0.3,13.16,11.07,251,248,12.7,12.2,100.0,100.0,15.6,15.4,194.6,191.7,997.3,997.3,98.44,405.59,410.39,30.8951,11.0819,256.8,49.2,1488.799, NAN, NAN, NAN, NAN,,2024/04/03 19:19:47.763,2024-04-03 19:19:47.763000+00:00
2024/04/03, 19:20:47.763,35.934,-74.924,10.65,323.25,325.75,10.61,16.3,16.3,995.2,995.0,0.1,0.1,13.17,11.07,246,240,12.7,12.2,100.0,100.0,15.9,15.8,191.3,186.2,997.3,997.1,101.65,405.89,415.16,30.8925,11.0708,257.1,49.6,1488.756, NAN, NAN, NAN, NAN,,2024/04/03 19:20:47.763,2024-04-03 19:20:47.763000+00:00
2024/04/03, 19:21:47.763,35.937,-74.926,10.57,318.86,311.61,10.2,16.4,16.4,995.2,994.9,0.0,0.0,13.17,11.07,247,248,13.6,14.3,100.0,100.0,16.3,16.9,188.4,189.9,997.3,997.0,104.12,407.88,417.49,30.8966,11.0723,260.4,49.3,1488.767, NAN, NAN, NAN, NAN,,2024/04/03 19:21:47.763,2024-04-03 19:21:47.763000+00:00
2024/04/03, 19:22:47.763,35.939,-74.928,10.61,310.09,318.35,10.17,16.5,16.4,995.0,994.8,0.2,0.0,13.17,11.07,254,258,15.0,16.2,100.0,100.0,18.0,18.9,189.1,193.3,997.1,996.9,102.75,407.58,409.51,30.904,11.0762,265.6,49.4,1488.789, NAN, NAN, NAN, NAN,,2024/04/03 19:22:47.763,2024-04-03 19:22:47.763000+00:00
2024/04/03, 19:23:47.763,35.941,-74.93,10.03,309.45,324.03,10.12,16.6,16.6,994.7,994.7,0.5,0.7,13.18,11.09,258,253,16.1,15.2,100.0,100.0,18.7,18.2,192.5,187.6,996.8,996.8,97.13,408.33,393.49,30.9142,11.0659,265.2,49.5,1488.765, NAN, NAN, NAN, NAN,,2024/04/03 19:23:47.763,2024-04-03 19:23:47.763000+00:00
2024/04/03, 19:24:47.763,35.943,-74.933,10.44,313.35,317.85,10.29,16.6,16.7,994.7,994.7,0.5,0.7,13.19,11.1,256,255,16.1,16.0,100.0,100.0,18.6,18.5,193.8,192.9,996.8,996.8,92.02,408.33,377.4,30.9309,11.0577,266.5,49.5,1488.756, NAN, NAN, NAN, NAN,,2024/04/03 19:24:47.763,2024-04-03 19:24:47.763000+00:00
2024/04/03, 19:25:47.763,35.945,-74.935,10.42,309.65,317.2,10.28,16.7,16.7,994.5,994.5,1.0,0.3,13.21,11.11,255,254,15.4,15.6,100.0,100.0,18.0,18.2,188.7,188.1,996.6,996.6,88.37,409.99,367.84,30.9677,11.0505,267.8,49.9,1488.775, NAN, NAN, NAN, NAN,,2024/04/03 19:25:47.763,2024-04-03 19:25:47.763000+00:00
2024/04/03, 19:26:47.763,35.947,-74.938,10.68,310.6,317.36,10.57,16.8,16.8,994.6,994.5,1.1,0.7,13.23,11.12,254,254,15.0,16.1,100.0,100.0,17.7,18.8,188.0,189.0,996.7,996.6,86.06,409.88,361.44,31.0027,11.0231,273.2,49.8,1488.72, NAN, NAN, NAN, NAN,,2024/04/03 19:26:47.763,2024-04-03 19:26:47.763000+00:00
2024/04/03, 19:27:47.763,35.949,-74.94,10.41,310.13,321.46,10.34,16.8,16.8,994.5,994.5,1.6,1.1,13.25,11.14,254,253,14.5,16.1,100.0,100.0,17.6,19.2,188.5,189.0,996.6,996.6,83.61,410.03,354.3,31.008,11.003,277.6,49.5,1488.655, NAN, NAN, NAN, NAN,,2024/04/03 19:27:47.763,2024-04-03 19:27:47.763000+00:00
2024/04/03, 19:28:47.764,35.951,-74.942,10.65,311.53,317.73,10.2,16.8,16.8,994.7,994.5,2.7,3.5,13.3,11.21,256,252,15.7,15.6,100.0,100.0,18.2,18.4,191.8,188.4,996.8,996.6,80.95,410.1,348.7,31.0354,10.9972,282.7,49.8,1488.668, NAN, NAN, NAN, NAN,,2024/04/03 19:28:47.764,2024-04-03 19:28:47.764000+00:00
2024/04/03, 19:29:47.764,35.953,-74.945,10.46,310.55,315.92,10.34,16.8,16.9,994.5,994.3,2.3,2.6,13.34,11.24,255,251,15.5,15.2,100.0,100.0,18.2,18.2,190.0,186.5,996.6,996.4,80.17,409.32,349.73,31.061,10.9779,288.1,49.9,1488.63, NAN, NAN, NAN, NAN,,2024/04/03 19:29:47.764,2024-04-03 19:29:47.764000+00:00
2024/04/03, 19:30:47.764,35.955,-74.947,10.63,311.75,316.89,10.4,16.8,16.9,994.3,994.1,1.4,1.4,13.36,11.27,250,249,14.1,14.4,100.0,100.0,17.1,17.5,185.5,185.0,996.4,996.2,82.89,409.6,360.35,31.0734,10.9334,282.7,49.9,1488.488, NAN, NAN, NAN, NAN,,2024/04/03 19:30:47.764,2024-04-03 19:30:47.764000+00:00
2024/04/03, 19:31:47.764,35.958,-74.95,10.2,308.79,309.57,10.38,17.0,16.9,994.2,994.0,2.1,1.8,13.4,11.3,252,250,13.9,15.0,100.0,100.0,16.6,17.8,183.4,182.8,996.3,996.1,89.25,409.92,383.32,31.0769,10.9558,286.4,49.8,1488.571, NAN, NAN, NAN, NAN,,2024/04/03 19:31:47.764,2024-04-03 19:31:47.764000+00:00
2024/04/03, 19:32:47.764,35.96,-74.952,10.34,313.65,313.2,10.3,17.0,17.0,994.4,994.3,1.3,1.7,13.42,11.33,256,254,13.5,14.4,100.0,100.0,15.7,16.7,190.7,190.1,996.5,996.4,96.13,408.96,404.71,31.0889,11.0187,288.0,49.9,1488.808, NAN, NAN, NAN, NAN,,2024/04/03 19:32:47.764,2024-04-03 19:32:47.764000+00:00
2024/04/03, 19:33:47.764,35.962,-74.954,10.15,310.32,318.32,10.23,17.0,17.1,994.2,994.5,1.3,1.4,13.44,11.35,262,262,13.4,13.4,100.0,100.0,15.5,15.5,193.1,193.1,996.3,996.6,103.09,408.43,427.12,31.1004,11.078,289.1,49.8,1489.032, NAN, NAN, NAN, NAN,,2024/04/03 19:33:47.764,2024-04-03 19:33:47.764000+00:00
2024/04/03, 19:34:47.764,35.964,-74.957,10.22,303.95,309.64,9.81,17.1,17.1,995.1,994.9,0.8,0.9,13.46,11.36,267,274,14.3,13.9,100.0,100.0,16.0,15.1,192.9,198.5,997.2,997.0,111.55,407.57,451.81,31.0386,11.1465,278.2,49.9,1489.199, NAN, NAN, NAN, NAN,,2024/04/03 19:34:47.764,2024-04-03 19:34:47.764000+00:00
2024/04/03, 19:35:47.764,35.965,-74.96,8.6,277.18,279.42,9.0,17.1,17.1,995.2,994.9,0.0,0.1,13.46,11.36,299,298,15.9,17.1,100.0,100.0,14.6,15.8,199.5,199.7,997.3,997.0,117.85,406.83,468.95,30.9794,11.17,278.2,49.5,1489.211, NAN, NAN, NAN, NAN,,2024/04/03 19:35:47.764,2024-04-03 19:35:47.764000+00:00
2024/04/03, 19:36:47.764,35.965,-74.962,8.57,268.87,283.05,8.63,17.1,17.1,995.2,995.2,0.0,0.0,13.46,11.36,305,303,16.2,17.9,100.0,100.0,14.9,16.7,198.2,197.7,997.3,997.3,119.18,407.32,473.83,30.9288,11.1767,269.9,49.1,1489.174, NAN, NAN, NAN, NAN,,2024/04/03 19:36:47.764,2024-04-03 19:36:47.764000+00:00
2024/04/03, 19:37:47.764,35.965,-74.965,8.78,271.04,290.97,8.55,17.1,17.2,995.3,995.0,0.0,0.0,13.46,11.36,309,306,15.5,16.8,100.0,100.0,14.1,15.6,203.8,202.0,997.4,997.1,117.52,405.92,468.08,30.8691,11.2053,267.2,49.5,1489.203, NAN, NAN, NAN, NAN,,2024/04/03 19:37:47.764,2024-04-03 19:37:47.764000+00:00
2024/04/03, 19:38:47.764,35.966,-74.968,8.75,270.29,270.85,9.05,17.1,17.1,995.8,994.9,0.0,0.0,13.46,11.36,311,308,15.3,17.0,100.0,100.0,12.9,14.8,204.9,203.5,997.9,997.0,114.74,404.08,460.85,30.871,11.2381,264.1,49.2,1489.321, NAN, NAN, NAN, NAN,,2024/04/03 19:38:47.764,2024-04-03 19:38:47.764000+00:00
2024/04/03, 19:39:47.764,35.966,-74.971,8.94,271.28,278.48,8.96,17.0,17.0,995.5,995.2,0.1,0.0,13.46,11.37,307,306,16.2,17.0,100.0,100.0,14.1,15.0,202.6,202.4,997.6,997.3,113.76,404.03,459.51,30.8592,11.2549,263.8,49.5,1489.366, NAN, NAN, NAN, NAN,,2024/04/03 19:39:47.764,2024-04-03 19:39:47.764000+00:00
2024/04/03, 19:40:47.764,35.966,-74.974,9.02,269.99,300.25,9.14,17.0,17.0,995.2,995.2,0.0,0.0,13.46,11.37,305,303,16.6,17.5,100.0,100.0,15.6,16.7,198.6,197.4,997.3,997.3,114.15,405.55,459.62,30.8131,11.2524,262.2,49.5,1489.302, NAN, NAN, NAN, NAN,,2024/04/03 19:40:47.764,2024-04-03 19:40:47.764000+00:00
2024/04/03, 19:41:47.764,35.966,-74.978,9.11,268.64,274.1,8.96,17.0,17.0,995.2,994.9,0.0,0.0,13.46,11.37,305,302,15.7,18.2,100.0,100.0,14.2,16.9,196.9,196.2,997.3,997.0,114.9,404.91,456.69,30.7518,11.2447,263.2,49.0,1489.201, NAN, NAN, NAN, NAN,,2024/04/03 19:41:47.764,2024-04-03 19:41:47.764000+00:00
2024/04/03, 19:42:47.764,35.967,-74.981,8.8,263.13,264.39,9.02,17.0,17.0,995.4,995.1,0.0,0.8,13.46,11.38,308,305,16.5,17.5,100.0,100.0,14.7,15.9,195.4,193.2,997.5,997.2,106.09,407.44,400.28,30.7103,11.2214,265.6,49.2,1489.069, NAN, NAN, NAN, NAN,,2024/04/03 19:42:47.764,2024-04-03 19:42:47.764000+00:00
2024/04/03, 19:43:47.765,35.967,-74.984,8.88,263.68,278.65,8.93,17.0,17.0,995.3,994.9,0.1,0.4,13.46,11.39,309,308,16.9,17.3,100.0,100.0,15.1,15.6,197.5,196.8,997.4,997.0,49.87,417.66,221.92,30.6703,11.2216,268.6,49.5,1489.022, NAN, NAN, NAN, NAN,,2024/04/03 19:43:47.765,2024-04-03 19:43:47.765000+00:00
2024/04/03, 19:44:47.765,35.967,-74.987,8.74,265.22,284.55,8.29,16.9,17.0,995.3,994.8,0.0,0.7,13.47,11.4,309,306,16.6,17.5,100.0,100.0,15.3,16.4,199.6,197.3,997.4,996.9,46.96,417.96,220.21,30.665,11.2353,269.6,49.1,1489.064, NAN, NAN, NAN, NAN,,2024/04/03 19:44:47.765,2024-04-03 19:44:47.765000+00:00
2024/04/03, 19:45:47.765,35.967,-74.99,8.87,266.6,260.89,9.03,16.9,16.9,995.4,995.1,1.3,1.5,13.49,11.43,307,305,16.5,16.8,100.0,100.0,14.1,14.5,198.7,196.7,997.5,997.2,67.52,416.6,280.15,30.6524,11.2438,269.2,49.5,1489.078, NAN, NAN, NAN, NAN,,2024/04/03 19:45:47.765,2024-04-03 19:45:47.765000+00:00
2024/04/03, 19:46:47.765,35.967,-74.993,8.81,263.84,272.53,8.59,16.8,16.9,995.4,994.9,0.7,0.8,13.5,11.44,311,309,16.2,17.3,100.0,100.0,14.3,15.5,199.8,198.7,997.5,997.0,83.97,413.0,335.7,30.6208,11.2332,273.6,49.4,1489.003, NAN, NAN, NAN, NAN,,2024/04/03 19:46:47.765,2024-04-03 19:46:47.765000+00:00
2024/04/03, 19:47:47.765,35.967,-74.996,8.88,266.0,274.67,8.82,16.8,16.8,995.4,995.0,0.0,0.2,13.5,11.44,311,307,15.5,17.0,99.9,100.0,13.5,15.2,200.9,198.1,997.5,997.1,62.72,416.03,274.55,30.5811,11.2147,276.9,49.7,1488.89, NAN, NAN, NAN, NAN,,2024/04/03 19:47:47.765,2024-04-03 19:47:47.765000+00:00
2024/04/03, 19:48:47.765,35.967,-74.999,9.04,266.0,278.66,8.99,16.7,16.7,995.2,994.7,0.0,0.0,13.5,11.44,308,306,16.6,16.7,99.6,100.0,14.7,15.0,198.5,196.4,997.3,996.8,63.83,416.37,285.1,30.5303,11.1683,283.3,49.6,1488.666, NAN, NAN, NAN, NAN,,2024/04/03 19:48:47.765,2024-04-03 19:48:47.765000+00:00
2024/04/03, 19:49:47.765,35.967,-75.002,9.09,264.56,271.18,9.0,16.7,16.7,995.2,994.8,0.0,0.0,13.5,11.44,311,306,15.2,16.1,100.0,100.0,13.0,14.2,198.9,194.5,997.3,996.9,102.02,406.48,418.65,30.497,11.148,282.4,49.7,1488.554, NAN, NAN, NAN, NAN,,2024/04/03 19:49:47.765,2024-04-03 19:49:47.765000+00:00
2024/04/03, 19:50:47.765,35.967,-75.005,8.97,259.79,260.63,8.8,16.6,16.6,995.2,994.8,0.0,0.0,13.5,11.44,315,310,16.0,17.4,99.8,100.0,13.3,15.0,200.5,196.2,997.3,996.9,119.02,404.34,489.16,30.482,11.1497,284.0,49.5,1488.542, NAN, NAN, NAN, NAN,,2024/04/03 19:50:47.765,2024-04-03 19:50:47.765000+00:00
2024/04/03, 19:51:47.765,35.966,-75.008,9.01,259.29,268.94,9.21,16.6,16.6,995.2,994.8,0.0,0.0,13.5,11.44,316,312,15.5,16.8,100.0,100.0,12.9,14.5,199.2,196.1,997.3,996.9,128.9,401.67,525.82,30.4849,11.1284,285.4,49.8,1488.47, NAN, NAN, NAN, NAN,,2024/04/03 19:51:47.765,2024-04-03 19:51:47.765000+00:00
2024/04/03, 19:52:47.765,35.966,-75.011,8.62,259.34,272.78,8.9,16.5,16.5,994.8,994.4,0.0,0.0,13.5,11.44,312,309,15.4,16.0,99.7,99.9,13.6,14.4,194.7,192.1,996.9,996.5,144.27,400.21,567.22,30.4632,11.0858,285.4,49.4,1488.293, NAN, NAN, NAN, NAN,,2024/04/03 19:52:47.765,2024-04-03 19:52:47.765000+00:00
2024/04/03, 19:53:47.765,35.966,-75.014,8.73,260.28,259.3,8.83,16.4,16.4,994.9,994.8,0.0,0.0,13.5,11.44,311,310,14.3,16.1,99.5,99.7,11.9,13.7,194.3,195.4,997.0,996.9,157.26,398.56,600.13,30.4317,11.0504,284.9,49.5,1488.13, NAN, NAN, NAN, NAN,,2024/04/03 19:53:47.765,2024-04-03 19:53:47.765000+00:00
2024/04/03, 19:54:47.765,35.966,-75.017,8.69,260.17,269.61,8.81,16.3,16.4,994.9,994.5,0.0,0.0,13.5,11.44,311,306,14.6,16.4,99.4,99.7,12.6,14.7,193.9,190.6,997.0,996.6,164.95,398.51,618.1,30.4295,11.0202,283.6,49.7,1488.02, NAN, NAN, NAN, NAN,,2024/04/03 19:54:47.765,2024-04-03 19:54:47.765000+00:00
2024/04/03, 19:55:47.765,35.965,-75.02,8.58,259.07,260.22,8.69,16.4,16.4,995.1,994.5,0.0,0.0,13.5,11.44,310,306,15.8,16.4,100.0,100.0,13.5,14.4,194.0,190.2,997.2,996.6,165.58,398.38,614.9,30.4426,10.9821,279.0,49.6,1487.901, NAN, NAN, NAN, NAN,,2024/04/03 19:55:47.765,2024-04-03 19:55:47.765000+00:00
2024/04/03, 19:56:47.765,35.965,-75.023,8.69,259.36,266.6,8.86,16.4,16.4,994.8,994.6,0.0,0.0,13.5,11.44,310,306,15.6,17.4,100.0,100.0,13.7,15.7,193.1,190.6,996.9,996.7,159.29,397.74,594.9,30.4437,10.964,279.3,49.3,1487.838, NAN, NAN, NAN, NAN,,2024/04/03 19:56:47.765,2024-04-03 19:56:47.765000+00:00
2024/04/03, 19:57:47.765,35.965,-75.026,8.7,259.64,259.13,8.7,16.5,16.5,994.7,994.3,0.0,0.0,13.5,11.44,305,304,16.9,18.6,100.0,100.0,14.8,16.6,190.3,190.6,996.8,996.4,149.29,399.28,565.21,30.4406,10.9601,277.9,48.9,1487.82, NAN, NAN, NAN, NAN,,2024/04/03 19:57:47.765,2024-04-03 19:57:47.765000+00:00
2024/04/03, 19:58:47.766,35.965,-75.029,8.57,259.22,260.98,8.71,16.6,16.6,994.8,994.4,0.0,0.0,13.5,11.44,306,304,16.8,18.0,100.0,100.0,14.7,16.0,190.8,189.7,996.9,996.5,139.03,399.51,536.24,30.4525,10.9409,277.2,48.8,1487.767, NAN, NAN, NAN, NAN,,2024/04/03 19:58:47.766,2024-04-03 19:58:47.766000+00:00
2024/04/03, 19:59:47.766,35.964,-75.032,8.55,260.46,271.77,9.07,16.6,16.6,994.8,994.3,0.0,0.0,13.5,11.44,306,305,15.3,17.0,100.0,100.0,14.2,15.9,188.8,189.6,996.9,996.4,129.48,398.8,506.96,30.4366,10.9156,278.4,49.3,1487.658, NAN, NAN, NAN, NAN,,2024/04/03 19:59:47.766,2024-04-03 19:59:47.766000+00:00
2024/04/03, 20:00:47.766,35.964,-75.034,8.26,259.27,268.73,8.71,16.5,16.5,994.7,994.3,0.0,0.0,13.5,11.44,307,303,15.7,16.9,99.0,99.5,14.1,15.6,190.1,187.1,996.8,996.4,120.26,399.27,473.89,30.4117,10.8837,281.2,48.6,1487.514, NAN, NAN, NAN, NAN,,2024/04/03 20:00:47.766,2024-04-03 20:00:47.766000+00:00
2024/04/03, 20:01:47.766,35.964,-75.037,8.56,257.94,271.53,8.74,16.5,16.4,994.7,994.4,0.0,0.0,13.5,11.44,309,306,16.4,16.7,99.0,99.3,14.6,15.1,191.6,188.7,996.8,996.5,110.8,401.04,447.07,30.4016,10.8304,281.6,49.4,1487.312, NAN, NAN, NAN, NAN,,2024/04/03 20:01:47.766,2024-04-03 20:01:47.766000+00:00
2024/04/03, 20:02:47.766,35.964,-75.04,8.9,260.0,258.85,8.91,16.4,16.4,994.8,994.4,0.0,0.0,13.5,11.44,310,306,16.1,16.7,99.5,100.0,14.0,14.9,194.4,190.6,996.9,996.5,104.72,401.79,430.47,30.4068,10.7981,284.3,49.3,1487.203, NAN, NAN, NAN, NAN,,2024/04/03 20:02:47.766,2024-04-03 20:02:47.766000+00:00
2024/04/03, 20:03:47.766,35.963,-75.043,8.89,258.73,268.78,8.65,16.4,16.5,994.8,994.3,0.0,0.0,13.5,11.44,306,304,16.3,16.8,99.7,100.0,14.6,15.2,189.4,187.8,996.9,996.4,104.62,401.94,428.86,30.4266,10.7769,287.6,49.0,1487.152, NAN, NAN, NAN, NAN,,2024/04/03 20:03:47.766,2024-04-03 20:03:47.766000+00:00
2024/04/03, 20:04:47.766,35.963,-75.046,8.87,258.77,256.37,8.91,16.5,16.5,994.5,993.8,0.0,0.0,13.5,11.44,305,302,14.9,16.6,99.5,100.0,12.8,14.7,186.8,185.5,996.6,995.9,109.61,402.13,440.38,30.4388,10.7638,294.0,49.4,1487.12, NAN, NAN, NAN, NAN,,2024/04/03 20:04:47.766,2024-04-03 20:04:47.766000+00:00
2024/04/03, 20:05:47.766,35.963,-75.049,8.82,258.88,264.89,8.86,16.5,16.5,994.2,994.2,0.0,0.0,13.5,11.44,302,301,15.3,17.3,99.7,100.0,13.9,15.9,183.8,184.9,996.3,996.3,115.32,401.86,451.82,30.4441,10.7399,298.0,49.7,1487.041, NAN, NAN, NAN, NAN,,2024/04/03 20:05:47.766,2024-04-03 20:05:47.766000+00:00
2024/04/03, 20:06:47.766,35.963,-75.052,8.97,260.35,270.76,8.99,16.6,16.6,993.8,993.7,0.0,0.0,13.5,11.44,304,299,14.6,17.3,99.9,100.0,13.0,16.0,186.2,184.0,995.9,995.8,119.1,400.9,456.11,30.451,10.7095,301.4,49.5,1486.94, NAN, NAN, NAN, NAN,,2024/04/03 20:06:47.766,2024-04-03 20:06:47.766000+00:00
2024/04/03, 20:07:47.766,35.962,-75.055,8.96,259.31,251.17,8.82,16.5,16.6,993.7,993.3,0.0,0.0,13.5,11.44,299,299,15.0,16.1,99.3,99.7,13.3,14.4,181.2,182.5,995.8,995.4,118.09,399.98,448.98,30.4279,10.6859,301.6,49.5,1486.828, NAN, NAN, NAN, NAN,,2024/04/03 20:07:47.766,2024-04-03 20:07:47.766000+00:00
2024/04/03, 20:08:47.766,35.962,-75.058,8.93,259.51,261.86,8.77,16.5,16.5,993.7,993.6,0.0,0.0,13.5,11.44,297,296,14.7,16.5,98.8,99.2,13.6,15.4,178.7,179.7,995.8,995.7,112.34,399.04,431.16,30.4355,10.6481,303.8,49.0,1486.702, NAN, NAN, NAN, NAN,,2024/04/03 20:08:47.766,2024-04-03 20:08:47.766000+00:00
2024/04/03, 20:09:47.766,35.962,-75.061,8.79,258.21,265.44,8.76,16.4,16.4,993.8,993.3,0.0,0.0,13.5,11.44,297,298,15.3,17.0,98.6,98.9,14.4,15.9,178.1,180.9,995.9,995.4,104.13,399.61,399.78,30.4274,10.6107,303.2,49.5,1486.558, NAN, NAN, NAN, NAN,,2024/04/03 20:09:47.766,2024-04-03 20:09:47.766000+00:00
2024/04/03, 20:10:47.766,35.962,-75.064,8.69,258.78,269.7,8.51,16.5,16.5,993.9,993.5,0.0,0.0,13.5,11.44,298,297,15.5,17.1,99.2,99.6,14.6,16.2,180.4,181.0,996.0,995.6,95.39,400.08,371.73,30.4096,10.5741,307.8,49.7,1486.406, NAN, NAN, NAN, NAN,,2024/04/03 20:10:47.766,2024-04-03 20:10:47.766000+00:00
2024/04/03, 20:11:47.766,35.961,-75.067,8.84,259.77,255.97,8.82,16.5,16.5,994.0,993.4,0.0,0.0,13.5,11.44,299,295,16.0,17.7,98.9,99.4,14.3,16.2,182.8,180.2,996.1,995.5,86.92,401.54,343.84,30.4164,10.5429,306.8,49.5,1486.302, NAN, NAN, NAN, NAN,,2024/04/03 20:11:47.766,2024-04-03 20:11:47.766000+00:00
2024/04/03, 20:12:47.766,35.961,-75.07,8.99,259.44,257.33,9.24,16.5,16.5,993.8,993.4,0.0,0.0,13.5,11.44,298,295,16.2,17.0,98.8,99.3,14.7,15.7,180.7,178.4,995.9,995.5,78.87,401.69,317.93,30.4339,10.5107,308.6,49.7,1486.208, NAN, NAN, NAN, NAN,,2024/04/03 20:12:47.766,2024-04-03 20:12:47.766000+00:00
2024/04/03, 20:13:47.766,35.961,-75.073,8.97,259.86,263.55,9.01,16.4,16.4,993.5,993.0,0.0,0.0,13.5,11.44,294,293,16.5,16.3,98.8,99.2,15.7,15.6,177.6,176.4,995.6,995.1,71.37,402.1,293.94,30.4468,10.4824,313.6,49.6,1486.122, NAN, NAN, NAN, NAN,,2024/04/03 20:13:47.766,2024-04-03 20:13:47.766000+00:00
2024/04/03, 20:14:47.767,35.961,-75.076,8.91,259.16,264.99,8.98,16.4,16.4,993.3,992.9,0.0,0.0,13.5,11.44,291,291,15.8,17.2,98.4,99.0,15.4,16.8,173.2,174.6,995.4,995.0,64.36,401.98,269.58,30.4679,10.4819,316.3,49.4,1486.145, NAN, NAN, NAN, NAN,,2024/04/03 20:14:47.767,2024-04-03 20:14:47.767000+00:00
2024/04/03, 20:15:47.767,35.96,-75.079,9.07,259.33,261.55,9.08,16.4,16.4,993.3,992.9,0.0,0.0,13.5,11.44,292,293,15.8,17.7,98.5,99.0,15.0,16.8,174.2,177.1,995.4,995.0,57.76,402.82,251.06,30.4812,10.4864,317.9,49.1,1486.177, NAN, NAN, NAN, NAN,,2024/04/03 20:15:47.767,2024-04-03 20:15:47.767000+00:00
2024/04/03, 20:16:47.767,35.96,-75.083,8.92,259.84,272.28,9.03,16.3,16.3,993.5,993.3,0.0,0.0,13.5,11.44,293,293,16.0,17.1,98.8,99.3,15.4,16.4,176.0,177.1,995.6,995.4,54.53,403.91,240.92,30.4811,10.5117,321.4,49.4,1486.268, NAN, NAN, NAN, NAN,,2024/04/03 20:16:47.767,2024-04-03 20:16:47.767000+00:00
2024/04/03, 20:17:47.767,35.96,-75.086,8.98,257.73,262.29,9.08,16.3,16.3,993.3,992.9,0.1,0.0,13.51,11.45,290,290,15.4,16.5,99.0,99.3,15.2,16.2,170.2,171.4,995.4,995.0,55.86,404.02,238.85,30.4499,10.5471,324.3,49.4,1486.358, NAN, NAN, NAN, NAN,,2024/04/03 20:17:47.767,2024-04-03 20:17:47.767000+00:00
2024/04/03, 20:18:47.767,35.96,-75.089,8.83,258.17,273.09,8.99,16.3,16.3,993.0,992.9,0.4,0.5,13.51,11.45,292,291,15.9,17.3,98.7,99.0,15.6,17.0,173.3,173.7,995.1,995.0,55.46,404.59,233.82,30.4157,10.5972,325.7,49.3,1486.496, NAN, NAN, NAN, NAN,,2024/04/03 20:18:47.767,2024-04-03 20:18:47.767000+00:00
2024/04/03, 20:19:47.767,35.959,-75.092,8.9,258.83,263.27,9.0,16.3,16.3,993.0,992.6,0.0,0.2,13.51,11.46,289,288,16.2,17.6,99.5,99.9,15.8,17.2,171.3,171.6,995.1,994.7,51.89,405.14,222.21,30.3498,10.6231,326.0,49.6,1486.509, NAN, NAN, NAN, NAN,,2024/04/03 20:19:47.767,2024-04-03 20:19:47.767000+00:00
2024/04/03, 20:20:47.767,35.959,-75.095,8.72,259.94,269.8,8.89,16.3,16.3,992.8,992.6,0.0,0.1,13.51,11.46,286,286,16.8,17.9,99.7,100.0,16.6,17.7,170.2,171.2,994.9,994.7,47.02,406.08,210.75,30.2565,10.6542,326.0,49.5,1486.508, NAN, NAN, NAN, NAN,,2024/04/03 20:20:47.767,2024-04-03 20:20:47.767000+00:00
2024/04/03, 20:21:47.767,35.959,-75.098,8.93,258.46,267.53,9.07,16.3,16.4,992.8,992.4,0.0,0.0,13.51,11.46,287,287,16.2,18.2,99.7,100.0,16.1,18.0,168.9,170.7,994.9,994.5,44.57,405.88,206.29,30.1834,10.6885,326.7,49.6,1486.542, NAN, NAN, NAN, NAN,,2024/04/03 20:21:47.767,2024-04-03 20:21:47.767000+00:00
2024/04/03, 20:22:47.767,35.958,-75.101,8.88,260.1,260.44,9.11,16.3,16.3,993.0,992.6,2.5,1.8,13.55,11.5,287,289,15.9,17.4,98.8,99.1,15.4,16.7,170.0,173.5,995.1,994.7,46.98,404.83,212.02,30.147,10.7257,326.0,49.3,1486.632, NAN, NAN, NAN, NAN,,2024/04/03 20:22:47.767,2024-04-03 20:22:47.767000+00:00
2024/04/03, 20:23:47.767,35.958,-75.104,8.94,259.64,261.31,8.91,16.3,16.3,992.8,992.6,1.4,1.6,13.58,11.52,289,290,16.0,17.0,99.3,99.8,15.5,16.4,172.0,174.0,994.9,994.7,50.49,405.09,220.06,30.0846,10.7672,328.4,49.5,1486.705, NAN, NAN, NAN, NAN,,2024/04/03 20:23:47.767,2024-04-03 20:23:47.767000+00:00
2024/04/03, 20:24:47.767,35.958,-75.107,9.01,258.74,263.78,9.18,16.2,16.3,993.1,992.7,0.7,0.3,13.59,11.52,292,291,16.2,17.5,99.2,99.7,15.7,17.1,173.8,174.1,995.2,994.8,51.48,404.6,220.91,30.0203,10.8074,326.0,49.5,1486.771, NAN, NAN, NAN, NAN,,2024/04/03 20:24:47.767,2024-04-03 20:24:47.767000+00:00
2024/04/03, 20:25:47.767,35.958,-75.11,8.93,259.22,260.08,9.01,16.2,16.2,993.1,992.6,0.2,0.0,13.59,11.52,291,291,16.0,17.4,99.2,100.0,15.4,16.8,173.4,174.8,995.2,994.7,47.94,404.77,214.13,29.9493,10.8387,327.0,49.1,1486.797, NAN, NAN, NAN, NAN,,2024/04/03 20:25:47.767,2024-04-03 20:25:47.767000+00:00
2024/04/03, 20:26:47.767,35.958,-75.113,8.78,258.83,274.45,8.95,16.2,16.3,993.3,992.4,0.1,0.0,13.6,11.52,290,289,16.0,16.1,99.6,100.0,15.8,16.0,172.2,171.3,995.4,994.5,46.21,403.99,213.45,29.8826,10.8698,322.4,49.1,1486.827, NAN, NAN, NAN, NAN,,2024/04/03 20:26:47.767,2024-04-03 20:26:47.767000+00:00
2024/04/03, 20:27:47.767,35.957,-75.116,8.81,260.79,269.15,8.77,16.2,16.3,992.4,992.3,0.1,0.0,13.6,11.52,287,289,15.8,16.4,99.5,99.9,15.6,16.1,171.3,173.9,994.5,994.4,49.38,403.82,221.41,29.8199,10.8996,323.6,49.1,1486.858, NAN, NAN, NAN, NAN,,2024/04/03 20:27:47.767,2024-04-03 20:27:47.767000+00:00
2024/04/03, 20:28:47.767,35.957,-75.119,8.86,257.56,259.8,8.8,16.2,16.2,993.1,992.4,0.4,0.0,13.61,11.52,292,294,15.6,16.9,99.3,99.7,15.0,16.1,172.7,176.0,995.2,994.5,54.61,404.36,235.19,29.7553,10.9098,321.1,49.3,1486.817, NAN, NAN, NAN, NAN,,2024/04/03 20:28:47.767,2024-04-03 20:28:47.767000+00:00
2024/04/03, 20:29:47.767,35.957,-75.122,8.59,241.74,254.76,8.69,16.2,16.3,993.4,992.8,0.5,0.3,13.61,11.53,302,305,16.1,17.2,99.9,100.0,15.0,15.9,167.7,171.9,995.5,994.9,59.44,405.26,246.81,29.7027,10.9149,322.4,49.7,1486.772, NAN, NAN, NAN, NAN,,2024/04/03 20:29:47.767,2024-04-03 20:29:47.767000+00:00
2024/04/03, 20:30:47.768,35.955,-75.124,6.62,204.42,203.57,6.13,16.3,16.3,992.8,992.4,0.0,0.0,13.61,11.53,331,332,17.3,17.5,100.0,100.0,14.8,15.0,168.4,169.6,994.9,994.5,61.57,404.58,250.8,29.6719,10.9202,321.7,48.6,1486.753, NAN, NAN, NAN, NAN,,2024/04/03 20:30:47.768,2024-04-03 20:30:47.768000+00:00
2024/04/03, 20:31:47.768,35.954,-75.124,3.95,182.13,175.55,4.06,16.4,16.4,992.9,993.0,0.0,0.0,13.62,11.53,359,355,16.4,15.5,100.0,100.0,14.3,13.4,182.0,177.5,995.0,995.1,60.58,405.13,248.25,29.6848,10.9096,321.4,47.8,1486.731, NAN, NAN, NAN, NAN,,2024/04/03 20:31:47.768,2024-04-03 20:31:47.768000+00:00
2024/04/03, 20:32:47.768,35.953,-75.124,2.52,178.55,150.33,2.44,16.4,16.4,992.7,992.4,0.0,0.0,13.62,11.53,1,357,15.4,14.2,100.0,100.0,14.2,13.0,181.5,177.3,994.8,994.5,59.27,403.9,243.88,29.6729,10.9025,317.2,47.9,1486.692, NAN, NAN, NAN, NAN,,2024/04/03 20:32:47.768,2024-04-03 20:32:47.768000+00:00
2024/04/03, 20:33:47.768,35.953,-75.124,1.29,189.6,142.8,1.61,16.4,16.4,992.8,992.4,1.2,0.4,13.64,11.54,357,351,13.4,13.5,99.9,100.0,12.6,12.7,187.8,181.4,994.9,994.5,57.57,403.12,236.83,29.629,10.8843,319.6,47.7,1486.574, NAN, NAN, NAN, NAN,,2024/04/03 20:33:47.768,2024-04-03 20:33:47.768000+00:00
2024/04/03, 20:34:47.768,35.953,-75.124,0.11,194.26,159.76,1.45,16.4,16.4,992.8,992.7,0.8,0.6,13.65,11.55,349,346,13.4,13.1,99.8,100.0,12.7,12.4,183.9,180.8,994.9,994.8,53.28,403.4,225.75,29.6532,10.8972,317.2,48.2,1486.649, NAN, NAN, NAN, NAN,,2024/04/03 20:34:47.768,2024-04-03 20:34:47.768000+00:00
2024/04/03, 20:35:47.768,35.952,-75.124,0.68,191.72,184.75,2.13,16.3,16.4,992.9,992.8,0.6,0.3,13.66,11.55,354,348,13.0,13.0,99.6,99.7,11.9,11.9,186.3,179.7,995.0,994.9,47.57,404.03,213.73,29.6466,10.9041,313.9,48.7,1486.666, NAN, NAN, NAN, NAN,,2024/04/03 20:35:47.768,2024-04-03 20:35:47.768000+00:00
2024/04/03, 20:36:47.768,35.952,-75.124,1.57,190.86,97.71,0.86,16.3,16.4,992.9,992.6,0.5,0.2,13.67,11.56,356,350,14.1,13.0,100.0,100.0,13.7,12.6,187.4,181.2,995.0,994.7,46.65,404.4,211.74,29.6601,10.8882,318.0,48.6,1486.625, NAN, NAN, NAN, NAN,,2024/04/03 20:36:47.768,2024-04-03 20:36:47.768000+00:00
2024/04/03, 20:37:47.768,35.952,-75.124,0.18,192.57,159.71,0.07,16.4,16.4,992.8,993.1,0.4,0.2,13.68,11.56,354,351,12.6,13.4,100.0,100.0,12.6,13.4,186.6,183.6,994.9,995.2,49.49,405.12,216.52,29.8704,10.91,326.4,47.1,1486.956, NAN, NAN, NAN, NAN,,2024/04/03 20:37:47.768,2024-04-03 20:37:47.768000+00:00
2024/04/03, 20:38:47.768,35.951,-75.124,0.18,191.34,116.38,0.08,16.4,16.4,993.3,993.1,0.0,0.3,13.68,11.57,355,353,13.0,12.5,100.0,100.0,13.0,12.5,186.5,184.5,995.4,995.2,51.09,403.9,220.68,29.8418,10.9037,352.0,48.9,1486.899, NAN, NAN, NAN, NAN,,2024/04/03 20:38:47.768,2024-04-03 20:38:47.768000+00:00
2024/04/03, 20:39:47.768,35.951,-75.124,-0.34,192.57,236.97,0.41,16.3,16.4,993.3,993.3,0.1,0.0,13.68,11.57,0,354,13.2,12.4,100.0,99.7,13.1,12.3,191.7,185.6,995.4,995.4,51.39,402.95,223.04,29.8096,10.8851,326.7,49.7,1486.794, NAN, NAN, NAN, NAN,,2024/04/03 20:39:47.768,2024-04-03 20:39:47.768000+00:00
2024/04/03, 20:40:47.768,35.951,-75.124,-0.26,193.61,291.8,0.11,16.3,16.3,993.3,993.3,0.0,0.0,13.68,11.57,359,354,12.7,13.1,100.0,100.0,12.7,13.1,192.4,187.4,995.4,995.4,52.18,403.48,226.57,29.7433,10.8658,327.8,49.4,1486.645, NAN, NAN, NAN, NAN,,2024/04/03 20:40:47.768,2024-04-03 20:40:47.768000+00:00
2024/04/03, 20:41:47.768,35.952,-75.124,-0.39,191.48,167.0,0.07,16.3,16.3,993.8,993.7,0.0,0.2,13.68,11.57,0,357,12.8,12.7,99.8,99.7,12.8,12.7,191.6,188.6,995.9,995.8,53.47,402.69,230.23,29.6926,10.8946,327.0,49.3,1486.687, NAN, NAN, NAN, NAN,,2024/04/03 20:41:47.768,2024-04-03 20:41:47.768000+00:00
2024/04/03, 20:42:47.768,35.952,-75.124,-1.04,195.06,353.15,0.93,16.3,16.3,993.6,993.7,0.0,0.0,13.68,11.57,1,355,12.4,12.5,100.0,100.0,12.9,13.0,196.0,190.2,995.7,995.8,53.61,402.87,229.73,29.6909,10.9274,324.8,49.5,1486.802, NAN, NAN, NAN, NAN,,2024/04/03 20:42:47.768,2024-04-03 20:42:47.768000+00:00
2024/04/03, 20:43:47.768,35.952,-75.124,-1.87,195.04,2.29,1.46,16.3,16.3,993.7,993.5,0.0,0.0,13.68,11.57,358,353,12.9,12.5,100.0,99.9,13.6,13.2,192.9,188.2,995.8,995.6,51.07,402.27,220.99,29.6934,10.9334,326.0,50.0,1486.826, NAN, NAN, NAN, NAN,,2024/04/03 20:43:47.768,2024-04-03 20:43:47.768000+00:00
2024/04/03, 20:44:47.768,35.953,-75.123,-2.23,196.46,14.87,2.09,16.2,16.3,993.4,993.5,0.0,0.0,13.68,11.57,357,351,11.9,12.7,99.7,100.0,13.0,13.8,192.9,187.4,995.5,995.6,47.29,401.59,212.44,29.6971,10.9311,324.8,49.8,1486.823, NAN, NAN, NAN, NAN,,2024/04/03 20:44:47.768,2024-04-03 20:44:47.768000+00:00
2024/04/03, 20:45:47.768,35.953,-75.123,-2.79,194.31,22.25,2.39,16.2,16.3,993.5,993.5,0.0,0.0,13.68,11.57,354,350,12.2,11.2,99.7,99.7,13.4,12.4,189.1,185.6,995.6,995.6,46.26,401.62,210.52,29.653,10.9266,319.6,49.7,1486.753, NAN, NAN, NAN, NAN,,2024/04/03 20:45:47.768,2024-04-03 20:45:47.768000+00:00
2024/04/03, 20:46:47.769,35.954,-75.123,-2.64,195.08,25.01,2.52,16.2,16.2,993.3,993.4,0.0,0.0,13.68,11.57,355,351,12.2,11.9,99.5,99.7,13.5,13.2,191.2,187.6,995.4,995.5,49.14,401.15,216.77,29.6389,10.9066,316.6,49.6,1486.665, NAN, NAN, NAN, NAN,,2024/04/03 20:46:47.769,2024-04-03 20:46:47.769000+00:00
2024/04/03, 20:47:47.769,35.954,-75.123,-1.76,191.6,33.23,1.36,16.1,16.2,993.5,993.4,0.2,0.3,13.69,11.58,357,352,12.0,12.6,99.5,99.4,12.6,13.2,190.0,185.2,995.6,995.5,53.4,400.22,228.69,29.634,10.8862,316.0,49.7,1486.587, NAN, NAN, NAN, NAN,,2024/04/03 20:47:47.769,2024-04-03 20:47:47.769000+00:00
2024/04/03, 20:48:47.769,35.954,-75.122,0.05,188.59,110.46,0.87,16.1,16.2,993.4,993.3,0.3,0.1,13.69,11.58,4,359,13.2,13.4,99.3,99.5,13.4,13.5,194.4,189.4,995.5,995.4,57.2,398.86,238.2,29.6537,10.8635,320.9,49.1,1486.529, NAN, NAN, NAN, NAN,,2024/04/03 20:48:47.769,2024-04-03 20:48:47.769000+00:00
2024/04/03, 20:49:47.769,35.954,-75.122,0.17,187.82,83.48,0.81,16.1,16.1,993.4,993.4,0.0,0.0,13.69,11.58,4,0,12.8,13.4,99.6,99.5,13.0,13.5,193.5,189.5,995.5,995.5,59.95,398.02,246.0,29.6832,10.8473,320.3,49.3,1486.507, NAN, NAN, NAN, NAN,,2024/04/03 20:49:47.769,2024-04-03 20:49:47.769000+00:00
2024/04/03, 20:50:47.769,35.954,-75.122,0.17,199.01,73.72,0.22,16.0,16.1,993.4,993.2,0.0,0.0,13.69,11.58,356,350,13.4,13.5,99.6,99.6,13.4,13.4,195.5,189.4,995.5,995.3,61.87,398.85,250.75,29.6996,10.8401,321.4,49.1,1486.501, NAN, NAN, NAN, NAN,,2024/04/03 20:50:47.769,2024-04-03 20:50:47.769000+00:00
2024/04/03, 20:51:47.769,35.954,-75.122,0.17,199.97,130.67,0.86,16.0,16.1,993.4,993.3,0.0,0.0,13.69,11.58,351,345,13.3,14.2,99.7,99.9,13.1,14.0,192.7,186.5,995.5,995.4,61.32,398.72,249.36,29.7215,10.8506,323.0,49.3,1486.565, NAN, NAN, NAN, NAN,,2024/04/03 20:51:47.769,2024-04-03 20:51:47.769000+00:00
2024/04/03, 20:52:47.769,35.954,-75.122,0.06,199.88,107.93,0.59,16.1,16.1,993.4,993.4,0.0,0.0,13.69,11.58,352,345,12.9,12.7,99.9,99.9,12.9,12.7,193.2,186.2,995.5,995.5,57.65,397.19,238.84,29.7265,10.8466,324.4,49.5,1486.557, NAN, NAN, NAN, NAN,,2024/04/03 20:52:47.769,2024-04-03 20:52:47.769000+00:00
2024/04/03, 20:53:47.769,35.954,-75.122,0.05,202.2,186.28,0.3,16.1,16.1,993.4,993.3,0.0,0.0,13.69,11.58,352,345,13.7,13.3,99.7,99.8,13.6,13.2,194.8,187.8,995.5,995.4,53.29,397.33,229.57,29.8508,10.8579,335.5,49.5,1486.747, NAN, NAN, NAN, NAN,,2024/04/03 20:53:47.769,2024-04-03 20:53:47.769000+00:00
2024/04/03, 20:54:47.769,35.954,-75.122,0.05,200.81,38.32,0.36,16.1,16.1,993.4,993.1,0.0,0.0,13.69,11.58,350,345,12.8,13.2,99.5,99.8,12.8,13.2,191.6,186.6,995.5,995.2,51.44,396.24,225.96,29.9228,10.8808,336.1,49.3,1486.915, NAN, NAN, NAN, NAN,,2024/04/03 20:54:47.769,2024-04-03 20:54:47.769000+00:00
2024/04/03, 20:55:47.769,35.954,-75.122,0.05,204.23,319.4,0.19,16.0,16.1,993.7,993.4,0.0,0.0,13.69,11.58,351,345,12.7,13.5,99.4,99.4,12.8,13.6,195.6,189.6,995.8,995.5,52.63,395.71,228.61,29.8346,10.8833,337.9,48.9,1486.818, NAN, NAN, NAN, NAN,,2024/04/03 20:55:47.769,2024-04-03 20:55:47.769000+00:00
2024/04/03, 20:56:47.769,35.954,-75.122,0.1,202.14,199.4,0.54,16.0,16.1,993.7,993.7,0.0,0.0,13.69,11.58,350,344,13.6,13.3,99.5,99.4,13.3,13.0,192.4,186.3,995.8,995.8,55.81,397.09,235.73,29.8274,10.8703,335.2,48.6,1486.763, NAN, NAN, NAN, NAN,,2024/04/03 20:56:47.769,2024-04-03 20:56:47.769000+00:00
2024/04/03, 20:57:47.769,35.954,-75.121,0.24,200.32,226.21,0.5,16.0,16.0,993.7,993.5,0.0,0.0,13.69,11.58,353,348,12.8,12.9,99.3,99.3,12.6,12.7,193.0,187.9,995.8,995.6,58.84,396.15,243.86,29.7901,10.8766,333.7,49.3,1486.74, NAN, NAN, NAN, NAN,,2024/04/03 20:57:47.769,2024-04-03 20:57:47.769000+00:00
2024/04/03, 20:58:47.769,35.954,-75.121,0.21,196.22,54.4,0.23,16.0,16.0,993.7,993.5,0.0,0.0,13.69,11.58,357,352,13.6,13.4,99.4,99.6,13.7,13.5,193.5,188.5,995.8,995.6,59.98,395.87,247.89,29.7572,10.8687,330.0,49.8,1486.672, NAN, NAN, NAN, NAN,,2024/04/03 20:58:47.769,2024-04-03 20:58:47.769000+00:00
2024/04/03, 20:59:47.769,35.954,-75.121,0.21,197.94,234.1,0.2,16.0,16.0,993.7,993.4,0.0,0.0,13.69,11.58,356,350,12.6,12.7,99.4,99.4,12.5,12.6,193.8,187.8,995.8,995.5,61.13,395.87,251.92,29.7344,10.8481,326.4,49.3,1486.572, NAN, NAN, NAN, NAN,,2024/04/03 20:59:47.769,2024-04-03 20:59:47.769000+00:00
2024/04/03, 21:00:47.769,35.954,-75.122,-0.18,199.87,258.84,0.28,16.0,16.0,993.3,993.4,0.0,0.0,13.69,11.58,352,347,12.9,12.5,99.2,99.2,12.9,12.5,191.2,186.2,995.4,995.5,63.34,396.33,259.3,29.7259,10.8345,331.5,50.0,1486.513, NAN, NAN, NAN, NAN,,2024/04/03 21:00:47.769,2024-04-03 21:00:47.769000+00:00
2024/04/03, 21:01:47.770,35.954,-75.122,-0.33,203.81,293.88,0.5,15.9,16.0,993.3,993.1,0.0,0.0,13.69,11.58,347,342,12.3,13.6,99.4,99.3,12.4,13.7,189.7,184.8,995.4,995.2,68.42,395.85,272.64,29.7349,10.8315,330.4,49.8,1486.513, NAN, NAN, NAN, NAN,,2024/04/03 21:01:47.770,2024-04-03 21:01:47.770000+00:00
2024/04/03, 21:02:47.770,35.954,-75.122,-0.44,205.43,268.93,0.12,16.0,16.0,993.4,993.1,0.0,0.0,13.69,11.58,343,336,12.7,14.6,99.7,99.7,12.8,14.7,188.5,181.5,995.5,995.2,74.24,396.46,290.01,29.7374,10.8291,326.0,49.2,1486.507, NAN, NAN, NAN, NAN,,2024/04/03 21:02:47.770,2024-04-03 21:02:47.770000+00:00
2024/04/03, 21:03:47.770,35.954,-75.122,-0.44,199.71,164.49,0.42,16.0,16.0,993.3,993.1,0.0,0.0,13.69,11.58,345,340,12.8,13.3,99.9,100.0,12.6,13.1,185.0,179.9,995.4,995.2,77.98,395.41,300.54,29.7591,10.8054,324.4,49.5,1486.449, NAN, NAN, NAN, NAN,,2024/04/03 21:03:47.770,2024-04-03 21:03:47.770000+00:00
2024/04/03, 21:04:47.770,35.954,-75.122,0.01,198.46,188.22,0.31,15.9,16.0,993.1,993.1,0.0,0.0,13.69,11.58,346,339,12.7,13.4,99.4,99.4,12.6,13.3,184.1,177.0,995.2,995.2,79.99,395.06,305.89,29.7668,10.8181,326.0,49.7,1486.503, NAN, NAN, NAN, NAN,,2024/04/03 21:04:47.770,2024-04-03 21:04:47.770000+00:00
2024/04/03, 21:05:47.770,35.954,-75.122,-0.05,200.39,195.17,0.09,15.9,15.9,993.1,992.9,0.0,0.0,13.69,11.58,343,338,12.9,13.9,99.4,99.4,12.9,13.9,183.2,178.2,995.2,995.0,78.59,395.36,302.07,29.7558,10.813,326.7,49.2,1486.472, NAN, NAN, NAN, NAN,,2024/04/03 21:05:47.770,2024-04-03 21:05:47.770000+00:00
2024/04/03, 21:06:47.770,35.954,-75.122,-0.15,200.06,229.79,0.51,15.9,15.9,993.0,992.8,0.0,0.0,13.69,11.58,342,338,13.8,13.9,99.3,99.1,13.7,13.8,181.1,177.1,995.1,994.9,74.13,396.12,290.47,29.7644,10.7751,325.1,49.4,1486.347, NAN, NAN, NAN, NAN,,2024/04/03 21:06:47.770,2024-04-03 21:06:47.770000+00:00
2024/04/03, 21:07:47.770,35.954,-75.122,-0.15,199.6,42.39,0.41,15.9,15.9,992.8,992.7,0.0,0.0,13.69,11.58,347,341,12.7,13.7,100.0,100.0,12.6,13.6,187.5,181.4,994.9,994.8,68.56,396.36,273.47,29.7944,10.7841,326.0,49.8,1486.415, NAN, NAN, NAN, NAN,,2024/04/03 21:07:47.770,2024-04-03 21:07:47.770000+00:00
2024/04/03, 21:08:47.770,35.954,-75.122,-0.21,202.58,31.28,0.31,16.0,16.0,993.1,992.7,0.0,0.0,13.69,11.58,347,341,13.7,14.1,100.0,100.0,13.8,14.2,190.0,184.1,995.2,994.8,64.06,397.2,260.83,29.7636,10.7969,327.3,49.4,1486.424, NAN, NAN, NAN, NAN,,2024/04/03 21:08:47.770,2024-04-03 21:08:47.770000+00:00
2024/04/03, 21:09:47.770,35.954,-75.122,-0.17,201.47,241.79,0.29,16.1,16.2,992.6,992.7,0.0,0.0,13.69,11.58,343,339,13.6,13.4,100.0,100.0,13.6,13.4,183.8,179.8,994.7,994.8,61.7,397.41,252.37,29.7845,10.8015,324.8,49.3,1486.466, NAN, NAN, NAN, NAN,,2024/04/03 21:09:47.770,2024-04-03 21:09:47.770000+00:00
2024/04/03, 21:10:47.770,35.954,-75.121,0.19,199.09,41.01,0.61,16.2,16.2,992.7,992.5,0.0,0.0,13.69,11.58,348,343,13.1,12.4,100.0,100.0,13.4,12.6,187.9,183.0,994.8,994.6,59.12,396.66,243.26,29.8233,10.8013,327.0,49.1,1486.512, NAN, NAN, NAN, NAN,,2024/04/03 21:10:47.770,2024-04-03 21:10:47.770000+00:00
2024/04/03, 21:11:47.770,35.954,-75.121,0.12,198.89,116.71,0.45,16.2,16.2,993.0,992.6,0.0,0.0,13.69,11.58,347,341,12.7,12.0,100.0,100.0,12.5,11.8,186.5,180.4,995.1,994.7,56.13,395.55,232.74,29.7965,10.8321,322.7,49.3,1486.589, NAN, NAN, NAN, NAN,,2024/04/03 21:11:47.770,2024-04-03 21:11:47.770000+00:00
2024/04/03, 21:12:47.770,35.954,-75.122,-0.8,200.86,5.22,0.47,16.1,16.1,992.8,992.8,0.0,0.0,13.69,11.58,348,342,12.2,12.6,99.7,99.5,12.4,12.8,189.0,183.1,994.9,994.9,52.93,396.23,223.17,29.7775,10.8402,326.0,49.3,1486.595, NAN, NAN, NAN, NAN,,2024/04/03 21:12:47.770,2024-04-03 21:12:47.770000+00:00
2024/04/03, 21:13:47.770,35.954,-75.121,-0.81,199.55,234.8,0.38,16.1,16.1,993.0,992.8,0.0,0.0,13.69,11.58,348,342,13.1,13.5,99.7,99.7,13.0,13.5,186.7,180.7,995.1,994.9,50.39,396.42,216.15,29.7667,10.8351,327.8,49.5,1486.564, NAN, NAN, NAN, NAN,,2024/04/03 21:13:47.770,2024-04-03 21:13:47.770000+00:00
2024/04/03, 21:14:47.770,35.954,-75.121,-0.81,196.53,350.67,0.35,16.0,16.1,992.8,992.7,0.0,0.0,13.69,11.58,353,347,12.9,13.5,99.3,99.3,13.0,13.6,188.9,183.0,994.9,994.8,49.43,395.92,212.51,29.7625,10.8394,327.0,49.3,1486.574, NAN, NAN, NAN, NAN,,2024/04/03 21:14:47.770,2024-04-03 21:14:47.770000+00:00
2024/04/03, 21:15:47.770,35.954,-75.121,-0.41,200.39,116.03,0.04,16.0,16.0,992.9,993.0,0.0,0.0,13.69,11.58,351,342,12.6,13.2,99.0,99.1,12.6,13.2,191.4,182.4,995.0,995.1,49.03,396.36,210.17,29.7274,10.8677,331.0,48.8,1486.633, NAN, NAN, NAN, NAN,,2024/04/03 21:15:47.770,2024-04-03 21:15:47.770000+00:00
2024/04/03, 21:16:47.770,35.954,-75.121,-0.36,201.25,46.1,0.64,15.9,16.0,993.1,993.1,0.0,0.0,13.69,11.58,347,340,14.1,15.0,99.4,99.4,14.3,15.2,189.2,182.2,995.2,995.2,48.2,397.24,207.0,29.7189,10.8765,330.0,49.3,1486.654, NAN, NAN, NAN, NAN,,2024/04/03 21:16:47.770,2024-04-03 21:16:47.770000+00:00
2024/04/03, 21:17:47.771,35.954,-75.121,-0.28,203.58,28.26,0.56,16.0,16.0,993.1,992.8,0.0,0.0,13.69,11.58,349,342,13.7,14.5,100.0,100.0,14.0,14.8,192.9,186.0,995.2,994.9,47.31,397.26,204.59,29.7152,10.8612,334.4,49.6,1486.595, NAN, NAN, NAN, NAN,,2024/04/03 21:17:47.771,2024-04-03 21:17:47.771000+00:00
2024/04/03, 21:18:47.771,35.954,-75.122,-0.11,204.19,230.46,0.58,16.1,16.1,993.3,993.1,0.0,0.0,13.69,11.58,345,341,14.3,15.5,100.0,100.0,14.1,15.3,188.3,184.3,995.4,995.2,47.2,397.52,204.04,29.7222,10.8283,330.4,48.9,1486.486, NAN, NAN, NAN, NAN,,2024/04/03 21:18:47.771,2024-04-03 21:18:47.771000+00:00
2024/04/03, 21:19:47.771,35.954,-75.122,0.06,201.24,208.55,0.49,16.1,16.2,993.4,993.3,0.0,0.0,13.69,11.58,348,342,15.1,15.0,100.0,100.0,14.9,14.8,188.7,182.6,995.5,995.4,47.67,397.65,204.42,29.6888,10.841,330.4,47.9,1486.491, NAN, NAN, NAN, NAN,,2024/04/03 21:19:47.771,2024-04-03 21:19:47.771000+00:00
2024/04/03, 21:20:47.771,35.954,-75.122,0.04,195.98,98.31,0.13,16.1,16.2,993.1,993.1,0.0,0.0,13.69,11.58,353,347,13.8,14.5,100.0,100.0,13.8,14.5,189.3,183.2,995.2,995.2,48.14,397.34,205.24,29.6788,10.8712,331.5,48.9,1486.587, NAN, NAN, NAN, NAN,,2024/04/03 21:20:47.771,2024-04-03 21:20:47.771000+00:00
2024/04/03, 21:21:47.771,35.954,-75.122,0.04,196.81,297.21,0.28,16.1,16.1,993.1,993.1,0.0,0.0,13.69,11.58,356,349,14.9,14.2,99.8,99.9,14.9,14.2,192.3,185.2,995.2,995.2,48.96,398.24,206.5,29.7014,10.8726,331.2,48.9,1486.619, NAN, NAN, NAN, NAN,,2024/04/03 21:21:47.771,2024-04-03 21:21:47.771000+00:00
2024/04/03, 21:22:47.771,35.954,-75.122,-0.22,198.11,95.36,0.2,16.2,16.2,993.3,993.3,0.0,0.0,13.69,11.58,352,346,13.4,14.0,100.0,100.0,13.4,14.0,190.5,184.5,995.4,995.4,49.76,397.71,208.53,29.7459,10.8776,332.1,49.6,1486.691, NAN, NAN, NAN, NAN,,2024/04/03 21:22:47.771,2024-04-03 21:22:47.771000+00:00
2024/04/03, 21:23:47.771,35.954,-75.122,-0.37,200.17,296.51,0.17,16.1,16.2,993.3,993.1,0.0,0.0,13.69,11.58,350,345,13.3,13.9,99.7,99.6,13.2,13.8,189.9,184.9,995.4,995.2,51.12,397.72,210.42,29.6968,10.8865,328.8,49.5,1486.663, NAN, NAN, NAN, NAN,,2024/04/03 21:23:47.771,2024-04-03 21:23:47.771000+00:00
2024/04/03, 21:24:47.771,35.954,-75.122,-0.45,201.29,253.83,0.12,16.1,16.2,993.3,993.1,0.0,0.0,13.69,11.58,350,345,13.1,12.6,100.0,99.9,13.1,12.6,191.1,186.1,995.4,995.2,51.38,397.23,212.02,29.677,10.8824,331.2,49.6,1486.625, NAN, NAN, NAN, NAN,,2024/04/03 21:24:47.771,2024-04-03 21:24:47.771000+00:00
2024/04/03, 21:25:47.771,35.954,-75.122,-0.37,201.21,344.74,0.31,16.1,16.2,993.3,993.0,0.0,0.0,13.69,11.58,351,345,12.6,12.9,100.0,100.0,12.7,13.0,191.6,185.7,995.4,995.1,52.31,397.03,214.66,29.6696,10.8701,332.1,49.5,1486.572, NAN, NAN, NAN, NAN,,2024/04/03 21:25:47.771,2024-04-03 21:25:47.771000+00:00
2024/04/03, 21:26:47.771,35.954,-75.121,-0.54,199.79,77.39,0.11,16.1,16.1,993.3,993.4,0.0,0.0,13.69,11.58,348,344,12.4,12.0,99.7,99.8,12.4,12.0,188.0,184.0,995.4,995.5,54.05,396.04,219.44,29.6388,10.8874,328.1,49.1,1486.597, NAN, NAN, NAN, NAN,,2024/04/03 21:26:47.771,2024-04-03 21:26:47.771000+00:00
2024/04/03, 21:27:47.771,35.954,-75.121,-0.54,199.56,44.36,0.55,16.0,16.0,993.4,993.5,0.0,0.0,13.69,11.58,354,348,12.9,12.7,99.4,99.3,13.1,12.9,194.5,188.6,995.5,995.6,55.33,396.67,221.22,29.6202,10.904,333.1,49.8,1486.633, NAN, NAN, NAN, NAN,,2024/04/03 21:27:47.771,2024-04-03 21:27:47.771000+00:00
2024/04/03, 21:28:47.771,35.954,-75.121,-0.54,202.58,127.27,0.68,16.0,16.0,993.7,993.5,0.0,0.0,13.69,11.58,349,344,13.2,12.5,100.0,99.9,13.1,12.3,193.0,188.0,995.8,995.6,54.27,396.76,217.93,29.6373,10.9025,329.1,48.9,1486.649, NAN, NAN, NAN, NAN,,2024/04/03 21:28:47.771,2024-04-03 21:28:47.771000+00:00
2024/04/03, 21:29:47.771,35.954,-75.121,-0.54,203.87,227.97,0.28,16.0,16.0,993.7,993.4,0.0,0.0,13.69,11.58,349,341,13.8,13.4,99.8,99.9,13.8,13.4,192.3,184.3,995.8,995.5,51.48,396.77,210.88,29.6693,10.8861,328.1,49.2,1486.629, NAN, NAN, NAN, NAN,,2024/04/03 21:29:47.771,2024-04-03 21:29:47.771000+00:00
2024/04/03, 21:30:47.771,35.954,-75.121,-0.54,199.7,313.11,0.49,16.0,16.0,993.7,993.4,0.0,0.0,13.69,11.58,353,348,13.4,13.7,100.0,100.0,13.5,13.8,191.7,186.8,995.8,995.5,48.27,397.02,202.15,29.6555,10.8938,329.7,49.5,1486.64, NAN, NAN, NAN, NAN,,2024/04/03 21:30:47.771,2024-04-03 21:30:47.771000+00:00
2024/04/03, 21:31:47.771,35.954,-75.121,-0.54,200.32,44.98,0.08,16.0,16.0,993.6,993.5,0.0,0.0,13.69,11.58,350,345,13.2,13.2,100.0,100.0,13.2,13.2,190.5,185.5,995.7,995.6,44.86,397.91,193.16,29.6415,10.9093,333.4,49.1,1486.678, NAN, NAN, NAN, NAN,,2024/04/03 21:31:47.771,2024-04-03 21:31:47.771000+00:00
2024/04/03, 21:32:47.772,35.954,-75.121,-0.21,197.2,192.46,0.22,16.0,16.1,993.8,993.7,0.0,0.0,13.69,11.58,355,350,13.0,13.0,100.0,100.0,12.9,12.9,192.4,187.4,995.9,995.8,40.93,404.12,181.43,29.6065,10.9055,331.5,49.3,1486.622, NAN, NAN, NAN, NAN,,2024/04/03 21:32:47.772,2024-04-03 21:32:47.772000+00:00
2024/04/03, 21:33:47.772,35.954,-75.121,-0.4,198.43,159.39,0.38,16.0,16.1,993.4,993.7,0.0,0.0,13.69,11.58,356,350,12.4,12.3,100.0,100.0,12.3,12.2,195.2,189.2,995.5,995.8,39.94,405.78,176.62,29.611,10.9288,335.2,49.3,1486.711, NAN, NAN, NAN, NAN,,2024/04/03 21:33:47.772,2024-04-03 21:33:47.772000+00:00
2024/04/03, 21:34:47.772,35.954,-75.121,-0.35,200.3,251.44,0.38,16.0,16.0,993.7,993.6,0.0,0.0,13.69,11.58,355,348,12.6,11.6,100.0,99.9,12.5,11.5,194.5,187.4,995.8,995.7,38.91,407.02,173.66,29.5771,10.9334,330.4,49.8,1486.686, NAN, NAN, NAN, NAN,,2024/04/03 21:34:47.772,2024-04-03 21:34:47.772000+00:00
2024/04/03, 21:35:47.772,35.954,-75.121,-0.39,200.75,229.36,0.15,16.0,16.0,993.5,993.5,0.0,0.0,13.69,11.58,354,348,12.1,12.4,100.0,100.0,12.2,12.5,194.6,188.6,995.6,995.6,42.14,404.48,185.48,29.5695,10.9595,337.1,49.5,1486.77, NAN, NAN, NAN, NAN,,2024/04/03 21:35:47.772,2024-04-03 21:35:47.772000+00:00
2024/04/03, 21:36:47.772,35.954,-75.121,-0.33,201.35,317.47,0.28,16.0,16.0,993.6,993.5,0.0,0.0,13.69,11.58,353,345,12.1,12.0,100.0,100.0,12.0,11.9,193.8,185.8,995.7,995.6,45.38,399.86,194.21,29.5554,11.0027,332.4,49.5,1486.907, NAN, NAN, NAN, NAN,,2024/04/03 21:36:47.772,2024-04-03 21:36:47.772000+00:00
2024/04/03, 21:37:47.772,35.954,-75.121,-0.34,202.08,94.03,0.24,15.9,16.0,993.4,993.4,0.0,0.0,13.69,11.58,348,345,12.2,11.6,100.0,99.7,12.2,11.6,190.6,187.7,995.5,995.5,42.89,403.52,186.64,29.531,11.0151,333.4,49.2,1486.922, NAN, NAN, NAN, NAN,,2024/04/03 21:37:47.772,2024-04-03 21:37:47.772000+00:00
2024/04/03, 21:38:47.772,35.954,-75.121,-0.27,201.18,57.49,0.3,15.9,16.0,993.5,993.3,0.0,0.0,13.69,11.58,348,343,12.4,12.5,100.0,100.0,12.5,12.6,189.6,184.7,995.6,995.4,44.54,404.36,188.53,29.5015,11.0013,332.1,49.4,1486.837, NAN, NAN, NAN, NAN,,2024/04/03 21:38:47.772,2024-04-03 21:38:47.772000+00:00
2024/04/03, 21:39:47.772,35.954,-75.121,-0.23,198.42,216.28,0.07,15.9,16.0,993.5,993.4,0.0,0.0,13.69,11.58,353,346,12.5,11.8,100.0,100.0,12.5,11.8,191.3,184.3,995.6,995.5,36.03,412.52,158.82,29.4172,10.9805,331.5,49.8,1486.662, NAN, NAN, NAN, NAN,,2024/04/03 21:39:47.772,2024-04-03 21:39:47.772000+00:00
2024/04/03, 21:40:47.772,35.954,-75.121,-0.44,202.1,247.91,0.13,15.9,16.0,993.4,993.3,0.0,0.0,13.69,11.58,351,346,12.5,11.8,100.0,100.0,12.5,11.8,192.8,187.8,995.5,995.4,34.08,413.91,146.34,29.3831,11.012,332.8,49.5,1486.733, NAN, NAN, NAN, NAN,,2024/04/03 21:40:47.772,2024-04-03 21:40:47.772000+00:00
2024/04/03, 21:41:47.772,35.954,-75.121,-0.41,201.36,79.35,0.75,16.0,16.1,993.3,993.3,0.0,0.0,13.69,11.58,347,344,11.1,11.3,100.0,100.0,11.2,11.4,190.3,187.3,995.4,995.4,20.45,417.0,102.89,29.3849,11.0393,329.7,49.5,1486.832, NAN, NAN, NAN, NAN,,2024/04/03 21:41:47.772,2024-04-03 21:41:47.772000+00:00
2024/04/03, 21:42:47.772,35.954,-75.121,-0.21,200.29,76.61,0.6,16.0,16.0,993.5,993.4,0.0,0.0,13.69,11.58,352,348,12.5,12.3,100.0,100.0,12.5,12.3,193.7,189.7,995.6,995.5,18.09,416.91,91.84,29.41,11.0345,331.8,49.5,1486.845, NAN, NAN, NAN, NAN,,2024/04/03 21:42:47.772,2024-04-03 21:42:47.772000+00:00
2024/04/03, 21:43:47.772,35.954,-75.121,-0.36,199.47,274.6,0.41,16.1,16.1,993.7,993.5,0.0,0.0,13.69,11.58,356,350,12.8,13.0,100.0,100.0,12.8,13.0,194.5,188.5,995.8,995.6,26.32,417.24,120.64,29.4077,11.0327,331.8,49.8,1486.836, NAN, NAN, NAN, NAN,,2024/04/03 21:43:47.772,2024-04-03 21:43:47.772000+00:00
2024/04/03, 21:44:47.772,35.954,-75.121,-0.25,201.27,4.71,0.11,16.2,16.2,993.6,993.5,0.0,0.0,13.69,11.58,354,350,12.5,12.7,100.0,100.0,12.5,12.7,195.1,191.1,995.7,995.6,29.49,415.19,130.58,29.3578,11.0108,327.0,49.9,1486.698, NAN, NAN, NAN, NAN,,2024/04/03 21:44:47.772,2024-04-03 21:44:47.772000+00:00
2024/04/03, 21:45:47.772,35.954,-75.121,-0.37,200.14,80.19,0.38,16.2,16.2,993.7,993.7,0.0,0.0,13.69,11.58,356,351,12.8,12.0,100.0,100.0,12.9,12.1,196.8,191.9,995.8,995.8,37.81,410.3,161.65,29.3431,11.019,332.4,49.4,1486.71, NAN, NAN, NAN, NAN,,2024/04/03 21:45:47.772,2024-04-03 21:45:47.772000+00:00
2024/04/03, 21:46:47.772,35.954,-75.121,-0.23,200.61,178.51,0.25,16.2,16.2,993.5,993.5,0.0,0.0,13.69,11.58,356,351,12.2,12.5,100.0,100.0,12.1,12.4,197.2,192.1,995.6,995.6,33.1,414.02,146.07,29.3472,11.0479,331.5,49.6,1486.817, NAN, NAN, NAN, NAN,,2024/04/03 21:46:47.772,2024-04-03 21:46:47.772000+00:00
2024/04/03, 21:47:47.772,35.954,-75.121,-0.5,203.06,222.06,0.34,16.2,16.2,993.6,993.5,0.0,0.0,13.69,11.58,355,349,11.9,12.0,100.0,100.0,11.8,11.9,197.5,191.4,995.7,995.6,26.94,416.67,126.27,29.3839,11.0552,337.1,49.7,1486.887, NAN, NAN, NAN, NAN,,2024/04/03 21:47:47.772,2024-04-03 21:47:47.772000+00:00
2024/04/03, 21:48:47.772,35.954,-75.121,-0.52,205.87,84.56,0.89,16.1,16.2,993.7,993.7,0.0,0.0,13.69,11.58,351,347,11.9,11.8,100.0,100.0,12.1,11.9,198.9,195.0,995.8,995.8,16.94,418.74,94.03,29.3811,11.0689,335.2,49.5,1486.933, NAN, NAN, NAN, NAN,,2024/04/03 21:48:47.772,2024-04-03 21:48:47.772000+00:00
2024/04/03, 21:49:47.773,35.954,-75.121,-0.52,203.5,245.02,0.17,16.1,16.1,993.8,993.7,0.0,0.0,13.69,11.58,354,349,11.7,10.7,100.0,100.0,11.7,10.7,197.1,192.1,995.9,995.8,21.79,417.19,105.55,29.3178,11.077,330.7,49.9,1486.885, NAN, NAN, NAN, NAN,,2024/04/03 21:49:47.773,2024-04-03 21:49:47.773000+00:00
2024/04/03, 21:50:47.773,35.954,-75.121,-0.34,203.62,69.39,0.66,16.1,16.1,993.8,993.6,0.0,0.0,13.69,11.58,352,346,10.7,11.2,99.9,99.9,10.9,11.4,196.9,191.0,995.9,995.7,24.59,417.29,116.0,29.2898,11.0841,333.1,49.4,1486.877, NAN, NAN, NAN, NAN,,2024/04/03 21:50:47.773,2024-04-03 21:50:47.773000+00:00
2024/04/03, 21:51:47.773,35.954,-75.121,-0.13,202.57,277.11,0.63,16.0,16.0,993.8,993.7,0.0,0.0,13.69,11.58,352,350,12.6,11.7,100.0,99.9,12.5,11.6,193.1,191.0,995.9,995.8,27.12,418.48,124.14,29.291,11.0927,330.4,49.7,1486.909, NAN, NAN, NAN, NAN,,2024/04/03 21:51:47.773,2024-04-03 21:51:47.773000+00:00
2024/04/03, 21:52:47.773,35.954,-75.121,-0.39,205.66,105.89,0.22,16.1,16.1,993.7,993.6,0.0,0.0,13.69,11.58,355,350,12.5,12.5,100.0,100.0,12.6,12.6,201.0,196.1,995.8,995.7,19.68,418.67,103.47,29.31,11.0869,331.2,48.9,1486.911, NAN, NAN, NAN, NAN,,2024/04/03 21:52:47.773,2024-04-03 21:52:47.773000+00:00
2024/04/03, 21:53:47.773,35.954,-75.121,-0.25,207.23,337.77,0.25,16.3,16.2,993.8,993.4,0.0,0.0,13.69,11.58,351,345,12.0,12.4,100.0,100.0,12.0,12.4,197.6,191.7,995.9,995.5,30.71,416.65,130.46,29.3294,11.0684,334.8,49.3,1486.869, NAN, NAN, NAN, NAN,,2024/04/03 21:53:47.773,2024-04-03 21:53:47.773000+00:00
2024/04/03, 21:54:47.773,35.954,-75.121,-0.19,200.69,280.36,0.47,16.3,16.3,993.7,993.5,0.0,0.0,13.69,11.58,357,352,12.7,12.6,100.0,100.0,12.6,12.5,196.7,191.6,995.8,995.6,35.46,413.84,150.07,29.2947,11.0533,338.2,50.0,1486.773, NAN, NAN, NAN, NAN,,2024/04/03 21:54:47.773,2024-04-03 21:54:47.773000+00:00
2024/04/03, 21:55:47.773,35.954,-75.121,-0.32,203.32,325.64,0.07,16.3,16.4,993.7,993.5,0.0,0.0,13.69,11.58,352,345,14.5,14.2,100.0,100.0,14.5,14.2,195.2,188.2,995.8,995.6,43.24,411.25,172.79,29.2748,11.0784,332.1,49.6,1486.839, NAN, NAN, NAN, NAN,,2024/04/03 21:55:47.773,2024-04-03 21:55:47.773000+00:00
2024/04/03, 21:56:47.773,35.954,-75.121,-0.47,206.35,235.41,0.4,16.6,16.6,993.6,993.5,0.0,0.0,13.69,11.58,349,342,14.2,13.8,100.0,100.0,14.1,13.7,194.7,187.7,995.7,995.6,36.75,413.47,155.73,29.2837,11.1151,337.1,49.8,1486.98, NAN, NAN, NAN, NAN,,2024/04/03 21:56:47.773,2024-04-03 21:56:47.773000+00:00
2024/04/03, 21:57:47.773,35.954,-75.121,-0.36,213.11,268.92,0.4,16.8,16.8,993.5,993.3,0.0,0.0,13.69,11.58,342,336,14.7,14.8,100.0,100.0,14.7,14.8,194.3,188.3,995.6,995.4,32.47,415.35,147.57,29.3071,11.1284,334.8,49.3,1487.055, NAN, NAN, NAN, NAN,,2024/04/03 21:57:47.773,2024-04-03 21:57:47.773000+00:00
2024/04/03, 21:58:47.773,35.954,-75.121,-0.36,208.94,233.62,0.08,16.9,16.9,993.7,993.5,0.0,0.0,13.69,11.58,343,338,14.2,14.5,100.0,100.0,14.2,14.5,191.9,186.9,995.8,995.6,30.28,412.93,143.58,29.3018,11.1148,330.0,49.3,1487.0, NAN, NAN, NAN, NAN,,2024/04/03 21:58:47.773,2024-04-03 21:58:47.773000+00:00
2024/04/03, 21:59:47.773,35.954,-75.121,-0.36,204.85,296.57,0.25,16.8,16.8,993.7,993.4,0.0,0.0,13.69,11.58,345,339,13.7,14.1,100.0,100.0,13.8,14.2,190.0,184.1,995.8,995.5,34.1,407.99,145.49,29.2154,11.1035,327.6,49.6,1486.857, NAN, NAN, NAN, NAN,,2024/04/03 21:59:47.773,2024-04-03 21:59:47.773000+00:00
2024/04/03, 22:00:47.773,35.954,-75.121,-0.3,208.6,21.17,0.45,16.7,16.8,993.5,993.4,0.0,0.0,13.69,11.58,344,339,12.9,13.6,100.0,99.9,13.1,13.8,191.9,187.0,995.6,995.5,22.32,414.37,113.14,29.1873,11.1287,328.1,50.0,1486.912, NAN, NAN, NAN, NAN,,2024/04/03 22:00:47.773,2024-04-03 22:00:47.773000+00:00
2024/04/03, 22:01:47.773,35.954,-75.121,-0.43,206.95,248.07,0.62,16.6,16.8,993.8,993.4,0.0,0.0,13.69,11.58,339,337,13.2,13.6,99.3,100.0,13.1,13.5,184.7,182.7,995.9,995.5,21.82,414.47,109.65,29.208,11.1372,329.7,49.4,1486.967, NAN, NAN, NAN, NAN,,2024/04/03 22:01:47.773,2024-04-03 22:01:47.773000+00:00
2024/04/03, 22:02:47.773,35.954,-75.121,-0.54,209.03,95.3,0.62,16.6,16.6,993.7,993.6,0.0,0.0,13.69,11.58,342,335,12.9,13.3,99.4,99.3,13.0,13.4,192.4,185.4,995.8,995.7,29.2,407.54,130.26,29.2439,11.1368,331.2,49.3,1487.009, NAN, NAN, NAN, NAN,,2024/04/03 22:02:47.773,2024-04-03 22:02:47.773000+00:00
2024/04/03, 22:03:47.773,35.954,-75.121,-0.45,206.54,93.37,0.7,16.5,16.5,993.5,993.4,0.0,0.0,13.69,11.58,340,335,13.2,14.3,99.3,99.3,13.2,14.3,188.1,183.0,995.6,995.5,28.2,406.53,128.56,29.2095,11.1653,329.4,49.4,1487.069, NAN, NAN, NAN, NAN,,2024/04/03 22:03:47.773,2024-04-03 22:03:47.773000+00:00
2024/04/03, 22:04:47.773,35.954,-75.121,-0.32,206.64,46.41,0.22,16.5,16.5,993.7,993.5,0.0,0.0,13.69,11.58,340,335,13.0,13.2,99.7,99.7,13.1,13.3,187.0,182.0,995.8,995.6,22.89,409.49,112.39,29.173,11.1677,330.0,50.3,1487.033, NAN, NAN, NAN, NAN,,2024/04/03 22:04:47.773,2024-04-03 22:04:47.773000+00:00
2024/04/03, 22:05:47.774,35.954,-75.121,-0.33,206.53,295.93,0.39,16.5,16.5,993.7,993.6,0.0,0.0,13.69,11.58,340,336,12.6,13.0,99.7,99.7,12.6,13.1,185.6,181.7,995.8,995.7,18.79,410.83,98.52,29.1762,11.1573,330.7,50.3,1487.0, NAN, NAN, NAN, NAN,,2024/04/03 22:05:47.774,2024-04-03 22:05:47.774000+00:00
2024/04/03, 22:06:47.774,35.954,-75.121,-0.46,207.66,183.22,0.06,16.4,16.4,993.7,993.5,0.0,0.0,13.69,11.58,342,340,12.9,13.3,99.6,99.9,12.9,13.3,189.8,187.8,995.8,995.6,18.93,408.63,94.41,29.1491,11.1691,329.1,50.0,1487.01, NAN, NAN, NAN, NAN,,2024/04/03 22:06:47.774,2024-04-03 22:06:47.774000+00:00
2024/04/03, 22:07:47.774,35.954,-75.121,-0.31,212.68,208.59,0.09,16.3,16.3,993.9,993.7,0.0,0.0,13.69,11.58,340,334,13.0,13.5,99.2,99.3,13.0,13.5,192.5,186.5,996.0,995.8,16.76,410.87,84.86,29.1149,11.2059,334.4,49.6,1487.099, NAN, NAN, NAN, NAN,,2024/04/03 22:07:47.774,2024-04-03 22:07:47.774000+00:00
2024/04/03, 22:08:47.774,35.954,-75.121,-0.32,210.61,263.45,0.41,16.4,16.4,993.6,993.5,0.0,0.0,13.69,11.58,336,333,12.9,13.7,100.0,100.0,12.8,13.6,185.7,182.8,995.7,995.6,12.76,413.47,75.38,29.1283,11.2093,331.5,49.8,1487.127, NAN, NAN, NAN, NAN,,2024/04/03 22:08:47.774,2024-04-03 22:08:47.774000+00:00
2024/04/03, 22:09:47.774,35.954,-75.121,-0.3,211.36,140.58,0.63,16.4,16.4,994.0,993.7,0.0,0.0,13.69,11.58,340,334,12.7,13.6,100.0,100.0,12.6,13.4,192.7,186.5,996.1,995.8,6.07,417.22,50.73,29.1305,11.1939,330.4,49.5,1487.075, NAN, NAN, NAN, NAN,,2024/04/03 22:09:47.774,2024-04-03 22:09:47.774000+00:00
2024/04/03, 22:10:47.774,35.954,-75.121,-0.29,211.22,12.15,0.24,16.4,16.4,993.6,993.5,0.0,0.0,13.69,11.58,334,328,13.8,14.3,100.0,100.0,13.9,14.4,184.9,179.0,995.7,995.6,8.21,416.42,55.53,29.0463,11.2293,328.4,49.5,1487.1, NAN, NAN, NAN, NAN,,2024/04/03 22:10:47.774,2024-04-03 22:10:47.774000+00:00
2024/04/03, 22:11:47.774,35.954,-75.121,-0.29,209.72,260.08,0.59,16.4,16.4,994.0,993.8,0.0,0.0,13.69,11.58,336,332,13.9,13.8,100.0,100.0,13.8,13.7,184.5,180.5,996.1,995.9,11.23,414.77,62.65,29.0329,11.2498,327.3,48.7,1487.156, NAN, NAN, NAN, NAN,,2024/04/03 22:11:47.774,2024-04-03 22:11:47.774000+00:00
2024/04/03, 22:12:47.774,35.954,-75.121,-0.29,208.89,170.82,0.14,16.4,16.5,993.7,993.3,0.0,0.0,13.69,11.58,343,338,12.9,13.7,100.0,100.0,12.9,13.7,192.2,187.2,995.8,995.4,6.6,416.86,51.43,29.0626,11.2402,330.7,49.2,1487.158, NAN, NAN, NAN, NAN,,2024/04/03 22:12:47.774,2024-04-03 22:12:47.774000+00:00
2024/04/03, 22:13:47.774,35.954,-75.121,-0.28,210.05,25.08,0.15,16.4,16.5,993.9,993.7,0.0,0.0,13.69,11.58,339,335,12.5,13.0,100.0,100.0,12.6,13.1,189.2,185.2,996.0,995.8,7.35,417.04,50.68,29.0354,11.2303,328.4,49.8,1487.09, NAN, NAN, NAN, NAN,,2024/04/03 22:13:47.774,2024-04-03 22:13:47.774000+00:00
2024/04/03, 22:14:47.774,35.954,-75.121,-0.2,209.93,238.11,0.24,16.4,16.6,993.9,993.8,0.0,0.0,13.69,11.58,339,335,13.4,14.1,100.0,100.0,13.3,14.0,188.6,184.6,996.0,995.9,9.98,415.26,57.64,28.9973,11.2715,330.7,49.5,1487.19, NAN, NAN, NAN, NAN,,2024/04/03 22:14:47.774,2024-04-03 22:14:47.774000+00:00
2024/04/03, 22:15:47.774,35.954,-75.121,-0.38,211.43,252.33,0.39,16.8,16.8,993.7,993.5,0.0,0.0,13.69,11.58,340,334,14.0,15.0,100.0,100.0,14.0,15.0,190.6,184.7,995.8,995.6,8.31,414.79,52.17,28.985,11.2856,328.8,50.0,1487.225, NAN, NAN, NAN, NAN,,2024/04/03 22:15:47.774,2024-04-03 22:15:47.774000+00:00
2024/04/03, 22:16:47.774,35.954,-75.121,-0.32,212.56,83.18,0.77,16.8,16.8,993.8,993.5,0.0,0.0,13.69,11.58,339,333,15.0,14.5,100.0,100.0,15.2,14.6,192.9,187.0,995.9,995.6,11.3,410.04,61.46,29.0053,11.2763,331.5,49.1,1487.217, NAN, NAN, NAN, NAN,,2024/04/03 22:16:47.774,2024-04-03 22:16:47.774000+00:00
2024/04/03, 22:17:47.774,35.954,-75.121,-0.03,212.92,126.68,0.43,16.9,16.9,993.4,993.3,0.0,0.0,13.69,11.58,335,330,12.7,14.6,100.0,100.0,12.6,14.5,188.9,183.7,995.5,995.4,8.49,412.6,56.39,28.9521,11.2879,329.1,48.6,1487.194, NAN, NAN, NAN, NAN,,2024/04/03 22:17:47.774,2024-04-03 22:17:47.774000+00:00
2024/04/03, 22:18:47.774,35.954,-75.121,0.4,208.53,183.13,0.38,16.8,16.8,993.9,993.2,0.0,0.0,13.69,11.58,340,335,13.6,14.2,100.0,100.0,13.4,14.0,188.9,183.8,996.0,995.3,11.23,408.55,64.45,28.9024,11.3298,328.1,49.2,1487.283, NAN, NAN, NAN, NAN,,2024/04/03 22:18:47.774,2024-04-03 22:18:47.774000+00:00
2024/04/03, 22:19:47.774,35.954,-75.121,0.5,208.18,78.57,0.28,16.8,16.8,993.3,993.1,0.0,0.0,13.69,11.58,341,339,15.1,15.6,100.0,100.0,15.1,15.6,189.7,187.7,995.4,995.2,11.96,409.4,68.53,28.8982,11.3542,329.7,49.5,1487.364, NAN, NAN, NAN, NAN,,2024/04/03 22:19:47.774,2024-04-03 22:19:47.774000+00:00
2024/04/03, 22:20:47.774,35.954,-75.121,0.26,210.55,275.0,0.38,17.0,17.0,993.5,993.4,0.0,0.0,13.69,11.58,342,337,13.2,14.4,100.0,100.0,13.1,14.3,191.8,186.8,995.6,995.5,12.5,405.08,70.19,28.9238,11.3526,329.4,49.4,1487.389, NAN, NAN, NAN, NAN,,2024/04/03 22:20:47.774,2024-04-03 22:20:47.774000+00:00
2024/04/03, 22:21:47.775,35.954,-75.121,-0.04,210.44,218.18,0.1,17.0,16.9,993.5,993.7,0.0,0.0,13.69,11.58,345,339,12.8,12.5,100.0,99.8,12.8,12.5,195.6,189.6,995.6,995.8,12.69,405.27,72.52,28.8741,11.3374,326.4,49.3,1487.276, NAN, NAN, NAN, NAN,,2024/04/03 22:21:47.775,2024-04-03 22:21:47.775000+00:00
2024/04/03, 22:22:47.775,35.954,-75.121,-0.06,209.08,83.93,0.09,16.8,16.8,993.8,993.8,0.0,0.0,13.69,11.58,348,341,12.0,11.9,99.8,99.8,12.0,11.9,197.3,190.3,995.9,995.9,14.09,401.3,76.56,28.8017,11.3201,330.7,49.5,1487.128, NAN, NAN, NAN, NAN,,2024/04/03 22:22:47.775,2024-04-03 22:22:47.775000+00:00
2024/04/03, 22:23:47.775,35.954,-75.121,-0.74,208.05,175.94,0.26,16.7,16.7,993.5,993.5,0.0,0.0,13.69,11.58,347,343,11.4,11.8,99.2,99.2,11.3,11.7,195.6,191.5,995.6,995.6,14.48,400.01,78.83,28.7856,11.3315,327.3,49.3,1487.149, NAN, NAN, NAN, NAN,,2024/04/03 22:23:47.775,2024-04-03 22:23:47.775000+00:00
2024/04/03, 22:24:47.775,35.954,-75.121,-0.31,211.42,228.01,0.27,16.5,16.6,993.5,993.4,0.0,0.0,13.69,11.58,346,340,12.0,12.1,99.0,99.0,11.9,12.0,197.0,191.0,995.6,995.5,13.78,400.94,75.93,28.7884,11.3382,326.0,50.0,1487.176, NAN, NAN, NAN, NAN,,2024/04/03 22:24:47.775,2024-04-03 22:24:47.775000+00:00
2024/04/03, 22:25:47.775,35.954,-75.121,-0.24,212.15,41.34,0.38,16.5,16.5,993.7,993.6,0.0,0.0,13.69,11.58,344,338,12.2,12.6,99.5,99.5,12.4,12.8,196.3,190.4,995.8,995.7,10.03,408.73,64.97,28.8172,11.3252,325.1,49.7,1487.164, NAN, NAN, NAN, NAN,,2024/04/03 22:25:47.775,2024-04-03 22:25:47.775000+00:00
2024/04/03, 22:26:47.775,35.954,-75.121,-0.49,210.58,101.56,0.24,16.5,16.5,993.8,993.7,0.0,0.0,13.69,11.58,347,341,11.6,14.3,100.0,100.0,11.6,14.3,198.2,192.1,995.9,995.8,12.38,408.22,68.64,28.8424,11.3427,327.0,49.8,1487.256, NAN, NAN, NAN, NAN,,2024/04/03 22:26:47.775,2024-04-03 22:26:47.775000+00:00
2024/04/03, 22:27:47.775,35.954,-75.121,-0.51,211.6,222.49,0.46,16.6,16.6,993.5,993.5,0.0,0.0,13.69,11.58,344,340,14.8,14.6,100.0,100.0,14.6,14.4,195.2,191.1,995.6,995.6,12.33,409.56,68.14,28.7988,11.3473,326.7,49.2,1487.22, NAN, NAN, NAN, NAN,,2024/04/03 22:27:47.775,2024-04-03 22:27:47.775000+00:00
2024/04/03, 22:28:47.775,35.954,-75.121,-0.34,208.85,42.91,0.43,16.7,16.8,993.6,993.7,0.0,0.0,13.69,11.58,345,341,13.2,13.2,100.0,100.0,13.4,13.4,194.5,190.5,995.7,995.8,5.66,415.15,43.89,28.7969,11.3333,326.7,49.4,1487.169, NAN, NAN, NAN, NAN,,2024/04/03 22:28:47.775,2024-04-03 22:28:47.775000+00:00
2024/04/03, 22:29:47.775,35.954,-75.121,-0.16,209.13,337.97,0.24,16.6,16.7,993.6,993.5,0.0,0.0,13.69,11.58,347,341,12.8,13.8,99.4,99.5,12.9,13.9,195.8,189.9,995.7,995.6,-2.06,418.67,17.17,28.7827,11.3307,326.4,49.6,1487.142, NAN, NAN, NAN, NAN,,2024/04/03 22:29:47.775,2024-04-03 22:29:47.775000+00:00
2024/04/03, 22:30:47.775,35.954,-75.121,-0.17,212.18,37.3,0.19,16.7,16.7,993.7,993.5,0.0,0.0,13.69,11.58,344,339,13.4,14.1,100.0,100.0,13.5,14.1,196.5,191.5,995.8,995.6,-3.33,420.34,10.46,28.7456,11.346,325.1,50.0,1487.152, NAN, NAN, NAN, NAN,,2024/04/03 22:30:47.775,2024-04-03 22:30:47.775000+00:00
2024/04/03, 22:31:47.775,35.954,-75.121,-0.33,214.49,156.95,0.03,16.8,16.8,993.7,993.5,0.0,0.0,13.69,11.58,345,339,13.5,14.7,100.0,100.0,13.5,14.7,199.5,193.5,995.8,995.6,-2.87,420.54,11.21,28.7705,11.338,329.7,50.2,1487.154, NAN, NAN, NAN, NAN,,2024/04/03 22:31:47.775,2024-04-03 22:31:47.775000+00:00
2024/04/03, 22:32:47.775,35.954,-75.121,0.09,217.48,227.02,0.4,16.8,16.8,994.0,993.6,0.0,0.0,13.69,11.58,345,340,13.5,14.3,99.9,100.0,13.3,14.1,202.1,197.0,996.1,995.7,-2.83,420.65,11.48,28.7891,11.3384,330.7,49.5,1487.177, NAN, NAN, NAN, NAN,,2024/04/03 22:32:47.775,2024-04-03 22:32:47.775000+00:00
2024/04/03, 22:33:47.775,35.954,-75.121,0.09,212.66,36.69,0.16,16.9,16.9,993.8,993.7,0.0,0.0,13.69,11.58,346,342,13.3,13.5,100.0,100.0,13.4,13.6,198.6,194.7,995.9,995.8,-0.0,418.87,20.95,28.7507,11.3415,327.8,49.6,1487.142, NAN, NAN, NAN, NAN,,2024/04/03 22:33:47.775,2024-04-03 22:33:47.775000+00:00
2024/04/03, 22:34:47.775,35.954,-75.121,0.09,214.7,107.29,0.22,16.9,16.9,994.0,993.8,0.0,0.0,13.69,11.58,347,340,12.5,13.1,99.2,99.3,12.4,13.0,202.0,195.0,996.1,995.9,5.34,416.63,37.97,28.7319,11.3438,329.7,49.5,1487.128, NAN, NAN, NAN, NAN,,2024/04/03 22:34:47.775,2024-04-03 22:34:47.775000+00:00
2024/04/03, 22:35:47.775,35.954,-75.121,-0.01,211.9,215.6,0.2,16.8,16.8,993.7,993.5,0.0,0.0,13.69,11.58,343,338,12.5,12.2,98.7,98.8,12.4,12.1,194.9,189.9,995.8,995.6,5.27,415.43,40.78,28.7366,11.3453,331.5,49.6,1487.139, NAN, NAN, NAN, NAN,,2024/04/03 22:35:47.775,2024-04-03 22:35:47.775000+00:00
2024/04/03, 22:36:47.775,35.954,-75.121,-0.04,214.8,47.26,0.16,16.6,16.7,993.7,993.3,0.0,0.0,13.69,11.58,344,338,12.1,12.1,97.9,98.1,12.2,12.2,198.8,192.8,995.8,995.4,7.68,411.55,48.45,28.788,11.3412,328.8,49.5,1487.186, NAN, NAN, NAN, NAN,,2024/04/03 22:36:47.775,2024-04-03 22:36:47.775000+00:00
2024/04/03, 22:37:47.776,35.954,-75.121,-0.45,215.83,35.27,0.33,16.5,16.6,993.6,993.7,0.0,0.0,13.69,11.58,340,334,12.7,12.8,98.4,98.5,12.9,13.0,195.8,189.9,995.7,995.8,11.34,404.07,63.59,28.7464,11.3328,327.3,49.7,1487.106, NAN, NAN, NAN, NAN,,2024/04/03 22:37:47.776,2024-04-03 22:37:47.776000+00:00
2024/04/03, 22:38:47.776,35.954,-75.121,-0.34,214.07,246.08,0.11,16.5,16.5,993.3,993.3,0.0,0.0,13.69,11.58,337,333,13.0,13.4,98.3,98.2,12.9,13.4,191.0,187.0,995.4,995.4,12.96,398.9,70.15,28.7386,11.3291,327.0,49.8,1487.084, NAN, NAN, NAN, NAN,,2024/04/03 22:38:47.776,2024-04-03 22:38:47.776000+00:00
2024/04/03, 22:39:47.776,35.954,-75.121,0.51,213.26,124.23,0.75,16.5,16.5,993.3,993.2,0.0,0.0,13.69,11.58,341,337,13.9,13.9,99.4,99.5,13.8,13.8,195.8,191.8,995.4,995.3,12.68,397.8,70.5,28.724,11.3351,324.4,49.8,1487.088, NAN, NAN, NAN, NAN,,2024/04/03 22:39:47.776,2024-04-03 22:39:47.776000+00:00
2024/04/03, 22:40:47.776,35.954,-75.121,0.42,215.77,296.4,0.18,16.6,16.6,993.4,993.2,0.0,0.0,13.69,11.58,340,335,12.1,12.8,99.6,99.8,12.2,12.9,195.6,190.7,995.5,995.3,11.29,396.5,65.86,28.7289,11.3399,326.4,49.2,1487.11, NAN, NAN, NAN, NAN,,2024/04/03 22:40:47.776,2024-04-03 22:40:47.776000+00:00
2024/04/03, 22:41:47.776,35.954,-75.121,0.59,212.57,276.47,0.61,16.5,16.5,993.3,993.3,0.0,0.0,13.69,11.58,342,339,13.3,13.6,98.4,98.4,13.3,13.6,193.2,190.2,995.4,995.4,10.02,399.46,60.54,28.7344,11.3193,327.6,50.0,1487.044, NAN, NAN, NAN, NAN,,2024/04/03 22:41:47.776,2024-04-03 22:41:47.776000+00:00
2024/04/03, 22:42:47.776,35.954,-75.121,0.59,218.03,104.04,0.76,16.5,16.5,993.7,993.5,0.0,0.0,13.69,11.58,339,334,14.0,14.4,98.3,98.5,14.1,14.4,198.6,193.6,995.8,995.6,8.61,403.25,54.69,28.7312,11.3113,328.4,49.3,1487.012, NAN, NAN, NAN, NAN,,2024/04/03 22:42:47.776,2024-04-03 22:42:47.776000+00:00
2024/04/03, 22:43:47.776,35.954,-75.121,0.46,213.93,305.84,0.1,16.5,16.4,993.3,993.0,0.0,0.0,13.69,11.58,338,333,14.0,14.3,99.2,99.3,14.0,14.3,191.7,186.7,995.4,995.1,8.13,404.06,52.49,28.6932,11.3297,324.8,49.4,1487.032, NAN, NAN, NAN, NAN,,2024/04/03 22:43:47.776,2024-04-03 22:43:47.776000+00:00
2024/04/03, 22:44:47.776,35.954,-75.121,0.73,207.54,152.25,0.21,16.5,16.5,993.5,993.5,0.0,0.0,13.69,11.58,348,342,14.2,14.0,99.2,99.3,14.2,14.0,196.0,190.0,995.6,995.6,7.37,403.8,50.24,28.6982,11.3277,324.8,50.1,1487.031, NAN, NAN, NAN, NAN,,2024/04/03 22:44:47.776,2024-04-03 22:44:47.776000+00:00
2024/04/03, 22:45:47.776,35.954,-75.121,0.73,212.62,275.23,1.01,16.5,16.5,993.7,993.4,0.0,0.0,13.69,11.58,348,344,13.3,14.1,98.7,98.9,13.3,14.1,198.4,194.5,995.8,995.5,6.64,403.3,47.06,28.7367,11.3282,325.7,49.7,1487.078, NAN, NAN, NAN, NAN,,2024/04/03 22:45:47.776,2024-04-03 22:45:47.776000+00:00
2024/04/03, 22:46:47.776,35.954,-75.121,0.14,209.71,102.58,0.81,16.5,16.5,993.3,993.3,0.0,0.0,13.69,11.58,344,340,13.3,13.0,98.3,98.5,13.3,13.0,195.5,191.5,995.4,995.4,4.84,404.81,40.59,28.7398,11.3305,327.6,49.8,1487.09, NAN, NAN, NAN, NAN,,2024/04/03 22:46:47.776,2024-04-03 22:46:47.776000+00:00
2024/04/03, 22:47:47.776,35.954,-75.121,-0.03,210.16,289.29,0.74,16.4,16.4,993.5,993.7,0.0,0.0,13.69,11.58,350,343,13.4,13.9,97.9,98.0,13.3,13.9,198.6,191.6,995.6,995.8,4.01,401.51,37.09,28.7303,11.3373,328.8,50.1,1487.103, NAN, NAN, NAN, NAN,,2024/04/03 22:47:47.776,2024-04-03 22:47:47.776000+00:00
2024/04/03, 22:48:47.776,35.954,-75.121,-0.16,210.93,318.26,0.28,16.4,16.4,993.5,993.5,0.0,0.0,13.69,11.58,348,344,14.1,13.1,97.9,98.0,14.1,13.1,198.4,194.3,995.6,995.6,3.54,399.75,35.05,28.725,11.3419,327.8,49.5,1487.113, NAN, NAN, NAN, NAN,,2024/04/03 22:48:47.776,2024-04-03 22:48:47.776000+00:00
2024/04/03, 22:49:47.776,35.954,-75.121,-0.18,210.16,143.88,0.86,16.5,16.4,994.0,993.8,0.0,0.0,13.69,11.58,349,345,13.7,13.7,98.6,98.7,13.5,13.5,200.8,196.8,996.1,995.9,3.66,399.45,34.74,28.7255,11.3326,329.7,49.7,1487.081, NAN, NAN, NAN, NAN,,2024/04/03 22:49:47.776,2024-04-03 22:49:47.776000+00:00
2024/04/03, 22:50:47.776,35.954,-75.121,-0.18,210.03,302.58,0.18,16.4,16.4,993.7,993.8,0.0,0.0,13.69,11.58,352,346,13.4,14.2,97.9,98.0,13.4,14.2,201.6,195.7,995.8,995.9,2.81,404.03,32.12,28.7009,11.3282,329.4,50.5,1487.036, NAN, NAN, NAN, NAN,,2024/04/03 22:50:47.776,2024-04-03 22:50:47.776000+00:00
2024/04/03, 22:51:47.776,35.954,-75.121,-0.35,211.21,135.43,0.41,16.4,16.4,993.5,993.6,0.0,0.0,13.69,11.58,350,345,12.9,12.8,97.8,98.1,12.9,12.8,202.1,197.2,995.6,995.7,1.43,406.62,27.67,28.6672,11.3321,328.4,50.3,1487.009, NAN, NAN, NAN, NAN,,2024/04/03 22:51:47.776,2024-04-03 22:51:47.776000+00:00
2024/04/03, 22:52:47.776,35.954,-75.121,-0.35,214.1,102.87,0.6,16.4,16.4,993.5,993.7,0.0,0.0,13.69,11.58,345,340,12.1,13.5,97.0,97.4,12.1,13.4,200.5,195.4,995.6,995.8,1.98,397.92,28.22,28.6983,11.3333,326.0,49.3,1487.05, NAN, NAN, NAN, NAN,,2024/04/03 22:52:47.776,2024-04-03 22:52:47.776000+00:00
2024/04/03, 22:53:47.777,35.954,-75.121,0.06,208.39,55.97,0.22,16.3,16.3,993.7,993.4,0.0,0.0,13.69,11.58,353,346,13.0,12.6,96.7,96.9,13.1,12.7,201.6,194.7,995.8,995.5,1.46,396.31,27.15,28.7408,11.3206,328.8,50.4,1487.057, NAN, NAN, NAN, NAN,,2024/04/03 22:53:47.777,2024-04-03 22:53:47.777000+00:00
2024/04/03, 22:54:47.777,35.954,-75.121,0.06,210.64,272.17,0.57,16.3,16.3,993.8,993.5,0.0,0.0,13.69,11.58,351,344,12.5,14.1,97.0,97.4,12.5,14.1,200.3,193.5,995.9,995.6,0.92,395.11,25.54,28.7279,11.3083,328.1,49.3,1486.998, NAN, NAN, NAN, NAN,,2024/04/03 22:54:47.777,2024-04-03 22:54:47.777000+00:00
2024/04/03, 22:55:47.777,35.954,-75.121,0.06,210.38,302.83,0.08,16.3,16.3,993.5,993.6,0.0,0.0,13.69,11.58,350,344,13.3,13.6,97.4,97.5,13.3,13.6,200.3,194.3,995.6,995.7,0.74,395.36,24.32,28.6893,11.3206,327.0,49.7,1486.995, NAN, NAN, NAN, NAN,,2024/04/03 22:55:47.777,2024-04-03 22:55:47.777000+00:00
2024/04/03, 22:56:47.777,35.954,-75.121,-0.27,211.08,75.11,0.61,16.3,16.3,993.4,993.4,0.0,0.0,13.69,11.58,350,345,13.4,14.0,97.4,97.5,13.6,14.2,202.0,197.0,995.5,995.5,0.34,395.54,23.03,28.6943,11.3154,330.4,49.5,1486.982, NAN, NAN, NAN, NAN,,2024/04/03 22:56:47.777,2024-04-03 22:56:47.777000+00:00
2024/04/03, 22:57:47.777,35.954,-75.121,-0.3,211.99,102.83,0.42,16.3,16.3,993.4,993.3,0.0,0.0,13.69,11.58,345,341,13.8,14.5,97.0,96.9,13.9,14.6,197.8,193.8,995.5,995.4,0.2,396.19,21.55,28.7386,11.3318,328.4,49.6,1487.093, NAN, NAN, NAN, NAN,,2024/04/03 22:57:47.777,2024-04-03 22:57:47.777000+00:00
2024/04/03, 22:58:47.777,35.954,-75.121,-0.28,212.0,50.21,0.18,16.3,16.3,993.3,993.0,0.0,0.0,13.69,11.58,348,342,14.2,14.7,97.0,97.2,14.3,14.8,200.1,194.2,995.4,995.1,-0.41,397.04,19.07,28.7146,11.3392,330.0,50.0,1487.091, NAN, NAN, NAN, NAN,,2024/04/03 22:58:47.777,2024-04-03 22:58:47.777000+00:00
2024/04/03, 22:59:47.777,35.954,-75.121,-0.35,212.25,74.52,0.37,16.3,16.3,993.0,992.8,0.0,0.0,13.69,11.58,347,339,14.5,14.4,97.4,97.5,14.6,14.5,199.9,191.9,995.1,994.9,-1.89,397.16,15.42,28.7181,11.3237,329.7,50.0,1487.04, NAN, NAN, NAN, NAN,,2024/04/03 22:59:47.777,2024-04-03 22:59:47.777000+00:00
2024/04/03, 23:00:47.777,35.954,-75.121,-0.32,209.3,214.93,0.19,16.4,16.4,992.9,992.4,0.0,0.0,13.69,11.58,343,340,13.9,13.7,96.9,97.2,13.8,13.6,192.2,189.2,995.0,994.5,-2.91,397.39,11.78,28.7139,11.3166,332.8,50.2,1487.01, NAN, NAN, NAN, NAN,,2024/04/03 23:00:47.777,2024-04-03 23:00:47.777000+00:00
2024/04/03, 23:01:47.777,35.954,-75.121,-0.35,209.38,174.13,0.14,16.4,16.4,993.1,993.0,0.0,0.0,13.69,11.58,350,342,12.8,14.3,96.6,96.9,12.7,14.2,199.5,191.5,995.2,995.1,-3.44,398.68,9.03,28.6785,11.3168,334.5,50.4,1486.968, NAN, NAN, NAN, NAN,,2024/04/03 23:01:47.777,2024-04-03 23:01:47.777000+00:00
2024/04/03, 23:02:47.777,35.954,-75.121,-0.38,210.66,122.65,0.37,16.3,16.4,993.0,993.0,0.0,0.0,13.69,11.58,345,339,13.1,13.7,96.3,96.4,13.1,13.7,196.5,190.4,995.1,995.1,-3.72,399.26,7.94,28.703,11.3231,333.4,49.7,1487.02, NAN, NAN, NAN, NAN,,2024/04/03 23:02:47.777,2024-04-03 23:02:47.777000+00:00
2024/04/03, 23:03:47.777,35.954,-75.121,-0.23,210.53,319.42,0.42,16.3,16.4,992.7,992.6,0.0,0.0,13.69,11.58,345,340,13.6,14.0,96.3,96.5,13.6,14.1,194.6,189.7,994.8,994.7,-3.81,399.63,7.5,28.7191,11.3364,332.8,50.7,1487.086, NAN, NAN, NAN, NAN,,2024/04/03 23:03:47.777,2024-04-03 23:03:47.777000+00:00
2024/04/03, 23:04:47.777,35.954,-75.121,-0.39,211.54,311.27,0.78,16.3,16.3,992.3,992.3,0.0,0.0,13.69,11.58,343,336,14.0,14.0,96.3,96.5,14.1,14.2,193.0,186.1,994.4,994.4,-3.81,399.22,7.42,28.7077,11.3311,332.4,50.2,1487.054, NAN, NAN, NAN, NAN,,2024/04/03 23:04:47.777,2024-04-03 23:04:47.777000+00:00
2024/04/03, 23:05:47.777,35.954,-75.121,-0.39,211.33,131.1,0.5,16.3,16.3,992.6,992.3,0.0,0.0,13.69,11.58,343,338,12.9,13.3,95.9,96.1,12.8,13.2,195.4,190.3,994.7,994.4,-3.79,398.08,7.47,28.7069,11.3286,331.5,50.2,1487.044, NAN, NAN, NAN, NAN,,2024/04/03 23:05:47.777,2024-04-03 23:05:47.777000+00:00
2024/04/03, 23:06:47.777,35.954,-75.121,-0.27,210.9,155.41,0.46,16.2,16.3,992.5,992.4,0.0,0.0,13.69,11.58,344,338,11.9,12.3,95.4,95.4,11.7,12.1,195.6,189.4,994.6,994.5,-3.75,398.42,7.34,28.7006,11.3349,333.7,49.8,1487.059, NAN, NAN, NAN, NAN,,2024/04/03 23:06:47.777,2024-04-03 23:06:47.777000+00:00
2024/04/03, 23:07:47.777,35.954,-75.121,-0.3,211.32,274.08,0.73,16.1,16.2,992.8,992.7,0.0,0.0,13.69,11.58,347,341,13.0,13.1,95.5,95.7,12.9,13.1,196.7,190.7,994.9,994.8,-4.01,398.25,7.04,28.7029,11.3499,336.1,50.2,1487.115, NAN, NAN, NAN, NAN,,2024/04/03 23:07:47.777,2024-04-03 23:07:47.777000+00:00
2024/04/03, 23:08:47.777,35.954,-75.121,-0.19,211.4,99.19,0.45,16.1,16.1,992.6,992.4,0.0,0.1,13.69,11.59,342,340,12.7,13.1,96.4,96.5,12.7,13.1,194.4,192.4,994.7,994.5,-4.01,398.92,6.83,28.704,11.3403,332.1,49.5,1487.082, NAN, NAN, NAN, NAN,,2024/04/03 23:08:47.777,2024-04-03 23:08:47.777000+00:00
2024/04/03, 23:09:47.777,35.954,-75.121,-0.32,211.04,295.07,0.33,16.1,16.1,992.8,992.8,0.8,0.2,13.71,11.59,347,339,12.6,12.3,96.5,96.6,12.7,12.4,197.5,189.6,994.9,994.9,-4.06,399.32,6.9,28.7124,11.3323,335.5,49.9,1487.064, NAN, NAN, NAN, NAN,,2024/04/03 23:09:47.777,2024-04-03 23:09:47.777000+00:00
2024/04/03, 23:10:47.778,35.954,-75.121,-0.42,210.61,107.22,0.52,16.0,16.1,992.8,992.8,0.0,0.1,13.71,11.59,343,336,12.9,13.1,96.9,96.8,12.9,13.1,194.8,187.8,994.9,994.9,-3.72,400.32,7.16,28.6995,11.34,332.4,49.2,1487.076, NAN, NAN, NAN, NAN,,2024/04/03 23:10:47.778,2024-04-03 23:10:47.778000+00:00
2024/04/03, 23:11:47.778,35.954,-75.121,-0.35,214.3,88.03,0.63,16.1,16.1,992.8,992.8,0.1,0.0,13.71,11.59,340,333,12.0,12.2,97.0,96.9,12.2,12.4,195.6,188.6,994.9,994.9,-3.38,399.09,7.76,28.695,11.3526,330.7,49.0,1487.115, NAN, NAN, NAN, NAN,,2024/04/03 23:11:47.778,2024-04-03 23:11:47.778000+00:00
2024/04/03, 23:12:47.778,35.954,-75.121,0.52,205.81,252.96,0.53,16.0,16.0,992.6,992.5,0.5,0.2,13.72,11.6,347,342,11.5,11.3,96.4,96.4,11.4,11.2,191.6,186.5,994.7,994.6,-3.27,398.92,8.12,28.7094,11.3568,335.8,50.0,1487.147, NAN, NAN, NAN, NAN,,2024/04/03 23:12:47.778,2024-04-03 23:12:47.778000+00:00
2024/04/03, 23:13:47.778,35.954,-75.121,0.52,209.98,244.76,0.26,16.0,16.0,992.7,992.4,0.2,0.2,13.72,11.6,344,338,11.6,11.9,97.1,96.8,11.5,11.8,193.6,187.5,994.8,994.5,-3.0,399.67,8.77,28.6834,11.348,334.5,50.1,1487.085, NAN, NAN, NAN, NAN,,2024/04/03 23:13:47.778,2024-04-03 23:13:47.778000+00:00
2024/04/03, 23:14:47.778,35.954,-75.121,0.42,212.09,238.05,0.2,16.0,15.9,992.4,992.3,0.4,0.2,13.73,11.61,343,337,12.1,11.8,97.1,96.8,12.0,11.7,195.0,189.0,994.5,994.4,-2.54,399.82,9.2,28.6623,11.3423,335.5,50.0,1487.039, NAN, NAN, NAN, NAN,,2024/04/03 23:14:47.778,2024-04-03 23:14:47.778000+00:00
2024/04/03, 23:15:47.778,35.954,-75.121,0.17,214.42,66.71,0.08,15.9,15.9,992.4,992.3,0.3,0.6,13.74,11.62,341,336,11.9,12.7,97.9,97.8,11.9,12.7,195.4,190.4,994.5,994.4,-1.47,401.29,10.31,28.6408,11.3593,334.0,50.1,1487.074, NAN, NAN, NAN, NAN,,2024/04/03 23:15:47.778,2024-04-03 23:15:47.778000+00:00
2024/04/03, 23:16:47.778,35.954,-75.121,-0.17,214.02,101.65,0.29,16.0,16.0,992.8,992.4,0.1,0.2,13.74,11.62,344,339,11.9,12.3,98.2,98.2,12.0,12.4,198.6,193.6,994.9,994.5,-1.87,401.01,9.74,28.644,11.374,333.7,49.8,1487.129, NAN, NAN, NAN, NAN,,2024/04/03 23:16:47.778,2024-04-03 23:16:47.778000+00:00
2024/04/03, 23:17:47.778,35.954,-75.121,-0.17,212.73,293.91,0.7,16.0,16.0,993.1,992.7,0.0,0.0,13.74,11.62,346,342,11.7,12.3,98.0,97.8,11.7,12.3,197.0,193.1,995.2,994.8,-1.78,404.45,8.44,28.6622,11.3766,334.5,49.5,1487.16, NAN, NAN, NAN, NAN,,2024/04/03 23:17:47.778,2024-04-03 23:17:47.778000+00:00
2024/04/03, 23:18:47.778,35.954,-75.121,-0.22,213.02,123.28,0.51,16.0,16.0,993.0,993.1,0.0,0.0,13.74,11.62,350,346,12.0,12.2,97.9,97.3,11.9,12.1,204.2,200.1,995.1,995.2,-1.15,407.15,8.0,28.6186,11.3679,336.8,50.3,1487.077, NAN, NAN, NAN, NAN,,2024/04/03 23:18:47.778,2024-04-03 23:18:47.778000+00:00
2024/04/03, 23:19:47.778,35.954,-75.121,-0.31,218.28,313.03,0.48,16.0,16.0,992.8,992.8,0.0,0.0,13.74,11.62,342,333,11.7,12.7,97.9,97.7,11.8,12.8,199.1,190.3,994.9,994.9,-1.04,404.04,8.17,28.5966,11.3748,334.8,50.0,1487.075, NAN, NAN, NAN, NAN,,2024/04/03 23:19:47.778,2024-04-03 23:19:47.778000+00:00
2024/04/03, 23:20:47.778,35.954,-75.121,-0.33,221.41,82.07,0.56,16.0,16.0,992.8,992.4,0.0,0.0,13.74,11.62,332,329,12.2,13.2,97.5,97.5,12.2,13.2,194.7,191.7,994.9,994.5,-0.48,402.26,8.14,28.5831,11.3785,334.8,50.0,1487.072, NAN, NAN, NAN, NAN,,2024/04/03 23:20:47.778,2024-04-03 23:20:47.778000+00:00
2024/04/03, 23:21:47.778,35.954,-75.121,-0.27,220.2,301.0,0.51,16.0,16.0,992.7,992.4,0.0,0.0,13.74,11.62,333,330,12.8,14.2,97.3,97.3,13.0,14.4,192.4,189.5,994.8,994.5,-1.0,404.0,6.95,28.6038,11.369,334.8,49.6,1487.063, NAN, NAN, NAN, NAN,,2024/04/03 23:21:47.778,2024-04-03 23:21:47.778000+00:00
2024/04/03, 23:22:47.778,35.954,-75.121,-0.23,219.56,106.97,0.45,15.9,16.0,992.6,992.3,0.0,0.0,13.74,11.62,336,330,12.6,14.4,96.8,97.1,12.6,14.4,196.6,190.5,994.7,994.4,-1.97,407.07,5.52,28.6016,11.3682,333.7,50.1,1487.058, NAN, NAN, NAN, NAN,,2024/04/03 23:22:47.778,2024-04-03 23:22:47.778000+00:00
2024/04/03, 23:23:47.778,35.954,-75.121,-0.2,222.65,325.08,0.41,15.9,15.9,992.7,992.4,0.0,0.0,13.74,11.62,331,327,12.6,15.4,97.7,97.7,12.7,15.5,192.9,189.1,994.8,994.5,-2.6,409.33,4.36,28.5935,11.3659,335.5,49.8,1487.04, NAN, NAN, NAN, NAN,,2024/04/03 23:23:47.778,2024-04-03 23:23:47.778000+00:00
2024/04/03, 23:24:47.778,35.954,-75.121,0.01,219.79,347.61,0.15,16.0,16.0,992.4,992.2,0.0,0.0,13.74,11.62,333,328,13.5,14.1,98.2,98.1,13.5,14.1,192.5,187.5,994.5,994.3,-3.22,409.66,3.19,28.5939,11.3749,337.4,50.0,1487.072, NAN, NAN, NAN, NAN,,2024/04/03 23:24:47.778,2024-04-03 23:24:47.778000+00:00
2024/04/03, 23:25:47.778,35.954,-75.121,0.01,216.98,125.1,0.51,16.0,16.0,992.7,992.4,0.0,0.0,13.74,11.62,334,331,13.4,14.6,98.4,98.3,13.3,14.4,191.9,188.8,994.8,994.5,-3.57,410.17,2.33,28.6099,11.3763,337.1,49.9,1487.097, NAN, NAN, NAN, NAN,,2024/04/03 23:25:47.778,2024-04-03 23:25:47.778000+00:00
2024/04/03, 23:26:47.779,35.954,-75.121,-0.08,217.76,107.2,0.33,16.1,16.1,992.8,992.6,0.0,0.0,13.74,11.62,335,330,14.0,14.3,98.1,98.0,14.0,14.2,193.4,188.4,994.9,994.7,-4.0,408.73,2.03,28.6014,11.374,340.8,50.0,1487.078, NAN, NAN, NAN, NAN,,2024/04/03 23:26:47.779,2024-04-03 23:26:47.779000+00:00
2024/04/03, 23:27:47.779,35.954,-75.121,-0.08,217.76,45.48,0.06,16.1,16.1,992.2,992.2,0.0,0.0,13.74,11.62,333,327,13.6,14.6,97.8,97.7,13.6,14.6,190.8,184.8,994.3,994.3,-4.43,405.1,1.96,28.6069,11.3741,340.1,50.2,1487.085, NAN, NAN, NAN, NAN,,2024/04/03 23:27:47.779,2024-04-03 23:27:47.779000+00:00
2024/04/03, 23:28:47.779,35.954,-75.121,-0.08,220.66,306.23,0.26,16.1,16.1,992.4,992.1,0.0,0.0,13.74,11.62,330,326,12.9,14.4,97.9,97.1,12.9,14.4,190.1,186.2,994.5,994.2,-4.57,405.49,1.72,28.5669,11.3903,344.1,49.6,1487.095, NAN, NAN, NAN, NAN,,2024/04/03 23:28:47.779,2024-04-03 23:28:47.779000+00:00
2024/04/03, 23:29:47.779,35.954,-75.121,-0.08,215.79,194.26,0.34,16.0,16.1,992.3,991.9,0.0,0.0,13.74,11.62,330,326,12.5,14.4,97.1,97.2,12.4,14.3,186.5,182.3,994.4,994.0,-4.75,406.13,1.54,28.5823,11.3987,338.8,50.3,1487.143, NAN, NAN, NAN, NAN,,2024/04/03 23:29:47.779,2024-04-03 23:29:47.779000+00:00
2024/04/03, 23:30:47.779,35.954,-75.121,-0.08,219.28,319.84,0.08,16.0,16.0,992.4,992.3,0.0,0.0,13.74,11.62,330,326,12.4,14.3,97.3,97.4,12.4,14.3,189.3,185.3,994.5,994.4,-4.97,404.9,1.35,28.5969,11.3922,342.5,50.1,1487.137, NAN, NAN, NAN, NAN,,2024/04/03 23:30:47.779,2024-04-03 23:30:47.779000+00:00
2024/04/03, 23:31:47.779,35.954,-75.121,-0.08,217.7,351.42,0.29,16.0,16.0,992.4,992.2,0.0,0.0,13.74,11.62,333,329,13.2,13.9,97.6,97.6,13.3,14.0,190.2,186.2,994.5,994.3,-5.18,404.77,1.14,28.5883,11.3835,337.4,50.2,1487.096, NAN, NAN, NAN, NAN,,2024/04/03 23:31:47.779,2024-04-03 23:31:47.779000+00:00
2024/04/03, 23:32:47.779,35.954,-75.121,-0.08,217.72,301.99,0.44,16.0,16.0,992.4,992.3,0.0,0.0,13.74,11.62,331,325,13.0,14.3,97.6,97.7,13.1,14.4,187.8,181.9,994.5,994.4,-5.14,402.24,1.02,28.5733,11.3882,341.2,50.2,1487.095, NAN, NAN, NAN, NAN,,2024/04/03 23:32:47.779,2024-04-03 23:32:47.779000+00:00
2024/04/03, 23:33:47.779,35.954,-75.121,-0.08,217.0,103.02,0.63,16.0,16.0,992.4,992.3,0.0,0.0,13.74,11.62,329,325,12.6,13.7,97.1,97.0,12.6,13.6,187.5,183.3,994.5,994.4,-5.22,398.38,0.91,28.5525,11.3888,338.8,50.0,1487.072, NAN, NAN, NAN, NAN,,2024/04/03 23:33:47.779,2024-04-03 23:33:47.779000+00:00
2024/04/03, 23:34:47.779,35.954,-75.121,-0.18,219.21,282.15,0.24,15.9,15.9,992.4,992.3,0.0,0.0,13.74,11.62,328,324,12.2,12.5,97.1,97.1,12.1,12.4,186.8,182.8,994.5,994.4,-5.25,400.6,0.7,28.5717,11.3882,339.8,50.3,1487.093, NAN, NAN, NAN, NAN,,2024/04/03 23:34:47.779,2024-04-03 23:34:47.779000+00:00
2024/04/03, 23:35:47.779,35.954,-75.121,-0.18,217.99,253.12,0.43,15.8,15.9,992.4,992.3,0.0,0.0,13.74,11.62,332,329,12.6,13.8,97.4,97.3,12.5,13.7,189.1,186.1,994.5,994.4,-5.39,402.36,0.48,28.5771,11.3866,342.2,49.4,1487.094, NAN, NAN, NAN, NAN,,2024/04/03 23:35:47.779,2024-04-03 23:35:47.779000+00:00
2024/04/03, 23:36:47.779,35.954,-75.121,-0.18,214.41,239.08,0.24,15.8,15.9,992.6,992.7,0.0,0.0,13.74,11.62,337,333,11.5,12.7,97.5,97.6,11.4,12.6,190.9,187.0,994.7,994.8,-5.34,400.23,0.39,28.5743,11.3889,340.9,50.0,1487.098, NAN, NAN, NAN, NAN,,2024/04/03 23:36:47.779,2024-04-03 23:36:47.779000+00:00
2024/04/03, 23:37:47.779,35.954,-75.121,-0.18,218.46,272.18,0.41,15.7,15.8,992.9,992.5,0.0,0.0,13.74,11.62,337,330,12.2,13.2,96.7,96.7,12.2,13.3,194.5,187.6,995.0,994.6,-5.39,400.35,0.28,28.5582,11.3838,337.6,50.0,1487.061, NAN, NAN, NAN, NAN,,2024/04/03 23:37:47.779,2024-04-03 23:37:47.779000+00:00
2024/04/03, 23:38:47.779,35.954,-75.121,-0.18,217.5,99.98,0.32,15.7,15.7,992.8,992.6,0.0,0.0,13.74,11.62,334,329,11.4,12.4,97.4,97.4,11.4,12.4,192.3,187.2,994.9,994.7,-5.48,400.34,0.19,28.5781,11.3838,339.8,50.2,1487.085, NAN, NAN, NAN, NAN,,2024/04/03 23:38:47.779,2024-04-03 23:38:47.779000+00:00
2024/04/03, 23:39:47.779,35.954,-75.121,-0.13,218.16,9.35,0.38,15.6,15.6,992.6,992.3,0.0,0.0,13.74,11.62,333,329,11.8,13.5,97.8,97.6,12.0,13.7,190.6,186.7,994.7,994.4,-5.56,398.33,0.14,28.5745,11.3727,340.9,50.2,1487.041, NAN, NAN, NAN, NAN,,2024/04/03 23:39:47.779,2024-04-03 23:39:47.779000+00:00
2024/04/03, 23:40:47.779,35.954,-75.121,-0.2,217.35,238.49,0.28,15.6,15.7,992.3,992.2,0.0,0.0,13.74,11.62,332,327,12.4,14.0,98.1,98.0,12.3,13.9,188.8,183.9,994.4,994.3,-5.55,396.89,0.1,28.5691,11.3652,338.5,49.8,1487.008, NAN, NAN, NAN, NAN,,2024/04/03 23:40:47.779,2024-04-03 23:40:47.779000+00:00
2024/04/03, 23:41:47.779,35.954,-75.121,-0.26,218.38,343.01,0.47,15.6,15.7,992.1,991.8,0.0,0.0,13.74,11.62,329,325,12.4,13.6,98.1,98.1,12.5,13.7,186.5,182.6,994.2,993.9,-5.55,396.04,0.08,28.5539,11.36,341.2,50.5,1486.972, NAN, NAN, NAN, NAN,,2024/04/03 23:41:47.779,2024-04-03 23:41:47.779000+00:00
2024/04/03, 23:42:47.780,35.954,-75.121,-0.22,218.15,221.58,0.35,15.6,15.7,991.8,991.6,0.0,0.0,13.74,11.62,328,327,12.0,13.9,98.2,98.0,11.9,13.8,185.6,184.7,993.9,993.7,-5.54,399.25,0.06,28.5697,11.3581,338.5,50.0,1486.984, NAN, NAN, NAN, NAN,,2024/04/03 23:42:47.780,2024-04-03 23:42:47.780000+00:00
2024/04/03, 23:43:47.780,35.954,-75.121,-0.16,220.73,312.38,0.26,15.7,15.7,992.3,992.0,0.0,0.0,13.74,11.62,327,324,12.3,13.4,98.4,98.3,12.3,13.4,187.1,184.2,994.4,994.1,-5.53,399.0,0.05,28.5863,11.3562,336.1,49.5,1486.997, NAN, NAN, NAN, NAN,,2024/04/03 23:43:47.780,2024-04-03 23:43:47.780000+00:00
2024/04/03, 23:44:47.780,35.954,-75.121,0.1,215.64,60.04,0.17,15.7,15.7,992.2,991.6,0.0,0.0,13.74,11.62,331,331,12.0,12.4,98.7,98.7,11.9,12.3,186.9,186.9,994.3,993.7,-5.49,397.67,0.04,28.6008,11.3654,337.6,50.1,1487.047, NAN, NAN, NAN, NAN,,2024/04/03 23:44:47.780,2024-04-03 23:44:47.780000+00:00
2024/04/03, 23:45:47.780,35.954,-75.121,-0.23,217.62,92.43,0.21,15.7,15.7,991.9,991.6,0.0,0.0,13.74,11.62,336,331,11.7,12.3,98.8,98.1,11.7,12.3,194.1,189.1,994.0,993.7,-5.48,399.65,0.03,28.5971,11.3528,341.9,50.2,1486.998, NAN, NAN, NAN, NAN,,2024/04/03 23:45:47.780,2024-04-03 23:45:47.780000+00:00
2024/04/03, 23:46:47.780,35.954,-75.121,-0.31,219.46,72.03,0.29,15.7,15.7,992.2,992.2,0.0,0.0,13.74,11.62,338,331,12.0,13.2,97.7,97.7,12.1,13.3,197.9,190.9,994.3,994.3,-5.5,405.01,0.03,28.6073,11.3462,337.6,49.8,1486.987, NAN, NAN, NAN, NAN,,2024/04/03 23:46:47.780,2024-04-03 23:46:47.780000+00:00
2024/04/03, 23:47:47.780,35.954,-75.121,-0.24,220.63,92.13,0.31,15.7,15.8,992.4,992.3,0.0,0.0,13.74,11.62,336,329,12.1,13.1,97.9,97.8,12.2,13.1,197.3,190.3,994.5,994.4,-5.39,402.94,0.02,28.5897,11.3589,340.8,49.6,1487.011, NAN, NAN, NAN, NAN,,2024/04/03 23:47:47.780,2024-04-03 23:47:47.780000+00:00
2024/04/03, 23:48:47.780,35.954,-75.121,-0.24,217.94,94.17,0.49,15.7,15.7,991.9,991.8,0.0,0.0,13.74,11.62,334,328,12.2,13.4,97.9,97.9,12.1,13.3,193.1,186.9,994.0,993.9,-5.47,396.84,0.02,28.5867,11.3544,337.4,49.9,1486.991, NAN, NAN, NAN, NAN,,2024/04/03 23:48:47.780,2024-04-03 23:48:47.780000+00:00
2024/04/03, 23:49:47.780,35.954,-75.121,-0.04,218.4,144.85,0.35,15.8,15.8,991.9,991.6,0.0,0.0,13.74,11.62,334,328,12.4,13.5,98.0,98.0,12.3,13.4,193.1,187.0,994.0,993.7,-5.45,395.03,0.02,28.6253,11.3408,338.5,49.6,1486.99, NAN, NAN, NAN, NAN,,2024/04/03 23:49:47.780,2024-04-03 23:49:47.780000+00:00
2024/04/03, 23:50:47.780,35.954,-75.121,-0.24,218.28,158.43,0.35,15.8,15.8,991.8,991.6,0.0,0.0,13.74,11.62,330,327,11.8,13.3,98.2,98.4,11.6,13.1,188.7,185.6,993.9,993.7,-5.45,393.81,0.01,28.6366,11.3417,341.2,50.1,1487.006, NAN, NAN, NAN, NAN,,2024/04/03 23:50:47.780,2024-04-03 23:50:47.780000+00:00
2024/04/03, 23:51:47.780,35.954,-75.121,-0.24,217.6,321.11,0.53,15.8,15.8,991.8,991.7,0.0,0.0,13.74,11.62,335,331,11.7,12.5,97.1,97.3,11.8,12.6,191.4,187.5,993.9,993.8,-5.39,393.61,0.01,28.5962,11.3452,342.5,50.8,1486.97, NAN, NAN, NAN, NAN,,2024/04/03 23:51:47.780,2024-04-03 23:51:47.780000+00:00
2024/04/03, 23:52:47.780,35.954,-75.121,-0.35,218.76,121.01,0.41,15.8,15.8,991.7,991.5,0.0,0.0,13.74,11.62,331,328,11.2,12.7,97.3,97.3,11.1,12.6,190.7,187.5,993.8,993.6,-5.46,393.56,0.01,28.6202,11.3497,337.9,50.2,1487.015, NAN, NAN, NAN, NAN,,2024/04/03 23:52:47.780,2024-04-03 23:52:47.780000+00:00
2024/04/03, 23:53:47.780,35.954,-75.121,-0.39,218.03,126.98,0.48,15.8,15.8,991.8,991.5,0.0,0.0,13.74,11.62,333,328,10.7,12.1,97.1,97.1,10.6,12.0,192.2,187.0,993.9,993.6,-5.47,393.12,-0.0,28.6357,11.337,340.4,50.0,1486.989, NAN, NAN, NAN, NAN,,2024/04/03 23:53:47.780,2024-04-03 23:53:47.780000+00:00
2024/04/03, 23:54:47.780,35.954,-75.121,-0.2,217.55,163.61,0.26,15.8,15.8,991.8,991.7,0.0,0.0,13.74,11.62,333,328,10.9,12.2,97.4,97.4,11.0,12.3,191.1,186.1,993.9,993.8,-5.49,392.63,-0.01,28.6067,11.3369,338.5,50.3,1486.953, NAN, NAN, NAN, NAN,,2024/04/03 23:54:47.780,2024-04-03 23:54:47.780000+00:00
2024/04/03, 23:55:47.780,35.954,-75.121,-0.22,215.89,235.06,0.32,15.7,15.8,991.7,991.6,0.0,0.0,13.74,11.62,335,330,11.2,12.1,96.8,96.8,11.1,12.0,190.5,185.5,993.8,993.7,-5.45,392.47,-0.0,28.5987,11.3475,342.2,50.3,1486.981, NAN, NAN, NAN, NAN,,2024/04/03 23:55:47.780,2024-04-03 23:55:47.780000+00:00
2024/04/03, 23:56:47.780,35.954,-75.121,-0.22,218.19,274.31,0.05,15.7,15.8,991.8,991.6,0.0,0.0,13.74,11.62,333,329,11.0,12.8,97.2,97.4,11.0,12.8,191.1,187.1,993.9,993.7,-5.53,391.83,-0.01,28.6014,11.3541,336.1,50.1,1487.008, NAN, NAN, NAN, NAN,,2024/04/03 23:56:47.780,2024-04-03 23:56:47.780000+00:00
2024/04/03, 23:57:47.780,35.954,-75.121,-0.23,217.14,110.16,0.8,15.7,15.7,992.2,991.9,0.0,0.0,13.74,11.62,337,331,12.0,12.9,96.8,96.8,11.9,12.8,196.1,189.9,994.3,994.0,-5.58,391.87,-0.01,28.6225,11.3494,340.9,50.2,1487.017, NAN, NAN, NAN, NAN,,2024/04/03 23:57:47.780,2024-04-03 23:57:47.780000+00:00
2024/04/03, 23:58:47.781,35.954,-75.121,-0.3,219.8,157.9,0.32,15.7,15.7,992.2,991.7,0.0,0.0,13.74,11.62,335,330,11.4,12.3,96.8,96.9,11.3,12.2,195.5,190.4,994.3,993.8,-5.5,391.9,-0.01,28.6146,11.3457,342.8,49.9,1486.994, NAN, NAN, NAN, NAN,,2024/04/03 23:58:47.781,2024-04-03 23:58:47.781000+00:00
2024/04/03, 23:59:47.781,35.954,-75.121,-0.3,216.99,255.71,0.27,15.6,15.7,992.2,992.0,0.0,0.0,13.74,11.62,334,329,11.9,12.3,96.5,96.6,11.9,12.3,190.3,185.3,994.3,994.1,-5.48,391.59,-0.01,28.5983,11.3593,340.1,50.1,1487.023, NAN, NAN, NAN, NAN,,2024/04/03 23:59:47.781,2024-04-03 23:59:47.781000+00:00
2024/04/02, 00:00:47.596,40.291,-70.882,10.97,179.7,179.02,10.84,6.5,6.6,1011.9,1011.8,0.0,0.0,0.0,0.0,342,333,2.8,3.2,91.4,91.2,3.0,3.1,15.4,27.0,1014.0,1013.9,-7.1,291.73,-0.02,32.19,6.3565,270.8,30.8,1472.697, NAN, NAN, NAN, NAN,,2024/04/02 00:00:47.596,2024-04-02 00:00:47.596000+00:00
2024/04/02, 00:01:47.596,40.288,-70.882,10.94,179.56,179.76,10.74,6.5,6.6,1011.9,1011.9,0.0,0.0,0.0,0.0,342,333,2.7,3.6,91.4,91.3,3.1,2.8,14.9,34.4,1014.0,1014.0,-7.11,292.17,-0.02,32.1905,6.3364,263.2,30.6,1472.618, NAN, NAN, NAN, NAN,,2024/04/02 00:01:47.596,2024-04-02 00:01:47.596000+00:00
2024/04/02, 00:02:47.596,40.285,-70.882,10.99,179.95,181.01,10.67,6.5,6.6,1012.0,1011.9,0.0,0.0,0.0,0.0,343,335,2.8,3.1,91.5,91.3,2.9,3.0,17.6,27.3,1014.1,1014.0,-7.07,292.0,-0.02,32.1927,6.3154,259.2,30.2,1472.538, NAN, NAN, NAN, NAN,,2024/04/02 00:02:47.596,2024-04-02 00:02:47.596000+00:00
2024/04/02, 00:03:47.596,40.282,-70.882,10.92,179.38,178.68,10.81,6.5,6.6,1012.0,1012.0,0.0,0.0,0.0,0.0,343,337,2.8,2.9,91.5,91.4,3.0,3.1,15.1,20.7,1014.1,1014.1,-7.04,291.98,-0.02,32.1937,6.2993,263.5,30.1,1472.475, NAN, NAN, NAN, NAN,,2024/04/02 00:03:47.596,2024-04-02 00:03:47.596000+00:00
2024/04/02, 00:04:47.596,40.279,-70.882,10.9,182.21,182.97,10.65,6.5,6.6,1012.0,1011.9,0.0,0.0,0.0,0.0,344,335,2.6,3.1,91.7,91.5,3.1,3.0,16.1,28.7,1014.1,1014.0,-7.08,292.08,-0.02,32.195,6.3126,264.8,29.8,1472.529, NAN, NAN, NAN, NAN,,2024/04/02 00:04:47.596,2024-04-02 00:04:47.596000+00:00
2024/04/02, 00:05:47.596,40.276,-70.882,10.92,180.12,180.93,10.83,6.5,6.6,1012.0,1011.9,0.0,0.0,0.0,0.0,349,340,2.7,2.8,91.6,91.5,3.0,3.1,11.0,19.0,1014.1,1014.0,-6.99,292.35,-0.02,32.1955,6.3318,265.9,29.4,1472.606, NAN, NAN, NAN, NAN,,2024/04/02 00:05:47.596,2024-04-02 00:05:47.596000+00:00
2024/04/02, 00:06:47.597,40.273,-70.882,10.88,179.93,182.8,10.82,6.5,6.6,1012.1,1012.0,0.0,0.0,0.0,0.0,350,343,2.8,2.7,91.8,91.6,2.9,3.1,12.8,17.5,1014.2,1014.1,-6.98,292.17,-0.01,32.1938,6.3407,268.9,28.9,1472.639, NAN, NAN, NAN, NAN,,2024/04/02 00:06:47.597,2024-04-02 00:06:47.597000+00:00
2024/04/02, 00:07:47.597,40.27,-70.882,10.91,179.91,178.47,10.61,6.5,6.6,1012.0,1012.0,0.0,0.0,0.0,0.0,355,346,2.8,2.6,91.8,91.7,2.7,3.0,5.7,12.5,1014.1,1014.1,-7.05,292.18,-0.02,32.1898,6.3326,273.6,28.5,1472.602, NAN, NAN, NAN, NAN,,2024/04/02 00:07:47.597,2024-04-02 00:07:47.597000+00:00
2024/04/02, 00:08:47.597,40.267,-70.882,10.94,179.75,180.34,10.47,6.5,6.5,1012.0,1012.0,0.0,0.0,0.0,0.0,353,346,2.7,2.7,91.9,91.8,2.7,2.9,7.8,14.1,1014.1,1014.1,-7.07,292.5,-0.02,32.1902,6.3159,279.6,27.9,1472.536, NAN, NAN, NAN, NAN,,2024/04/02 00:08:47.597,2024-04-02 00:08:47.597000+00:00
2024/04/02, 00:09:47.597,40.264,-70.882,10.96,179.59,179.8,10.62,6.5,6.5,1012.1,1012.0,0.0,0.0,0.0,0.0,354,346,2.7,2.7,91.9,91.8,2.8,2.9,6.0,13.1,1014.2,1014.1,-7.03,292.53,-0.02,32.1894,6.3109,280.6,27.8,1472.516, NAN, NAN, NAN, NAN,,2024/04/02 00:09:47.597,2024-04-02 00:09:47.597000+00:00
2024/04/02, 00:10:47.597,40.261,-70.882,10.94,179.77,180.84,10.62,6.5,6.5,1012.1,1012.1,0.0,0.0,0.0,0.0,354,345,2.5,2.6,91.9,91.9,3.0,3.0,6.1,13.9,1014.2,1014.2,-7.05,292.32,-0.02,32.1884,6.313,280.3,27.5,1472.523, NAN, NAN, NAN, NAN,,2024/04/02 00:10:47.597,2024-04-02 00:10:47.597000+00:00
2024/04/02, 00:11:47.597,40.258,-70.882,10.93,179.47,179.75,10.72,6.5,6.5,1012.2,1012.1,0.0,0.0,0.0,0.0,357,349,2.9,2.7,91.9,91.9,2.6,2.9,3.9,10.7,1014.3,1014.2,-7.05,292.35,-0.02,32.1886,6.3079,278.4,27.2,1472.503, NAN, NAN, NAN, NAN,,2024/04/02 00:11:47.597,2024-04-02 00:11:47.597000+00:00
2024/04/02, 00:12:47.597,40.255,-70.883,11.01,180.07,181.74,10.68,6.5,6.5,1012.2,1012.2,0.0,0.0,0.0,0.0,354,343,2.7,2.5,92.0,91.9,2.8,3.2,8.2,15.4,1014.3,1014.3,-7.02,292.58,-0.02,32.1907,6.2833,278.2,27.0,1472.408, NAN, NAN, NAN, NAN,,2024/04/02 00:12:47.597,2024-04-02 00:12:47.597000+00:00
2024/04/02, 00:13:47.597,40.252,-70.883,11.05,179.41,179.78,10.78,6.5,6.5,1012.2,1012.2,0.0,0.0,0.0,0.0,355,346,2.7,2.5,92.1,92.0,2.9,3.2,5.5,11.6,1014.3,1014.3,-6.98,292.82,-0.02,32.189,6.246,274.8,26.6,1472.258, NAN, NAN, NAN, NAN,,2024/04/02 00:13:47.597,2024-04-02 00:13:47.597000+00:00
2024/04/02, 00:14:47.597,40.249,-70.883,11.05,179.32,177.91,10.83,6.5,6.5,1012.2,1012.2,0.0,0.0,0.0,0.0,349,340,2.8,2.8,92.0,92.0,2.9,3.1,8.5,16.0,1014.3,1014.3,-7.02,292.65,-0.02,32.1917,6.1839,273.9,26.2,1472.014, NAN, NAN, NAN, NAN,,2024/04/02 00:14:47.597,2024-04-02 00:14:47.597000+00:00
2024/04/02, 00:15:47.597,40.246,-70.883,11.0,179.48,179.53,10.87,6.5,6.5,1012.2,1012.2,0.0,0.0,0.0,0.0,350,343,2.8,2.8,92.0,92.0,2.9,3.0,10.6,16.5,1014.3,1014.3,-7.01,292.69,-0.02,32.194,6.1414,259.8,25.9,1471.848, NAN, NAN, NAN, NAN,,2024/04/02 00:15:47.597,2024-04-02 00:15:47.597000+00:00
2024/04/02, 00:16:47.597,40.243,-70.883,11.03,179.93,182.24,10.68,6.5,6.5,1012.2,1012.2,0.0,0.0,0.0,0.0,350,342,2.8,2.8,92.1,92.0,2.8,3.0,13.4,20.1,1014.3,1014.3,-7.08,292.76,-0.02,32.199,6.1383,258.8,25.7,1471.842, NAN, NAN, NAN, NAN,,2024/04/02 00:16:47.597,2024-04-02 00:16:47.597000+00:00
2024/04/02, 00:17:47.597,40.24,-70.883,10.9,179.64,180.63,10.75,6.5,6.5,1012.1,1012.0,0.0,0.0,0.0,0.0,351,344,2.8,2.9,92.1,92.1,2.8,2.9,11.3,18.4,1014.2,1014.1,-6.97,292.95,-0.02,32.202,6.1358,257.4,25.1,1471.836, NAN, NAN, NAN, NAN,,2024/04/02 00:17:47.597,2024-04-02 00:17:47.597000+00:00
2024/04/02, 00:18:47.597,40.237,-70.883,11.09,179.57,180.28,10.72,6.5,6.5,1012.2,1012.2,0.0,0.0,0.0,0.0,350,341,3.0,3.0,92.1,92.1,2.6,2.9,11.8,20.2,1014.3,1014.3,-7.02,293.32,-0.02,32.2042,6.1389,251.3,25.0,1471.851, NAN, NAN, NAN, NAN,,2024/04/02 00:18:47.597,2024-04-02 00:18:47.597000+00:00
2024/04/02, 00:19:47.597,40.234,-70.883,11.08,179.67,181.02,10.76,6.5,6.5,1012.2,1012.2,0.0,0.0,0.0,0.0,348,340,2.8,2.9,92.1,92.1,2.9,3.0,13.2,20.8,1014.3,1014.3,-6.98,293.56,-0.02,32.2052,6.137,245.7,24.7,1471.845, NAN, NAN, NAN, NAN,,2024/04/02 00:19:47.597,2024-04-02 00:19:47.597000+00:00
2024/04/02, 00:20:47.597,40.231,-70.883,11.05,179.81,181.02,10.89,6.4,6.5,1012.2,1012.2,0.0,0.0,0.0,0.0,351,343,2.9,2.9,92.1,92.1,2.8,3.0,10.8,17.9,1014.3,1014.3,-6.99,293.93,-0.01,32.205,6.1313,245.4,24.6,1471.822, NAN, NAN, NAN, NAN,,2024/04/02 00:20:47.597,2024-04-02 00:20:47.597000+00:00
2024/04/02, 00:21:47.597,40.228,-70.883,11.05,180.07,180.46,10.84,6.4,6.5,1012.3,1012.3,0.0,0.0,0.0,0.0,351,343,3.0,3.0,92.1,92.1,2.7,2.9,11.8,19.4,1014.4,1014.4,-6.92,294.25,-0.02,32.2076,6.1321,245.7,24.3,1471.828, NAN, NAN, NAN, NAN,,2024/04/02 00:21:47.597,2024-04-02 00:21:47.597000+00:00
2024/04/02, 00:22:47.597,40.225,-70.883,11.09,179.9,181.2,10.75,6.4,6.5,1012.3,1012.2,0.0,0.0,0.0,0.0,350,342,3.0,2.9,92.1,92.1,2.6,2.9,13.8,20.0,1014.4,1014.3,-6.98,294.95,-0.02,32.2084,6.1317,245.7,23.9,1471.827, NAN, NAN, NAN, NAN,,2024/04/02 00:22:47.597,2024-04-02 00:22:47.597000+00:00
2024/04/02, 00:23:47.598,40.222,-70.883,11.07,179.83,182.12,10.95,6.4,6.5,1012.2,1012.2,0.0,0.0,0.0,0.0,349,340,2.8,2.9,92.1,92.0,3.0,3.1,14.2,22.2,1014.3,1014.3,-6.89,295.72,-0.02,32.2097,6.1323,243.0,23.6,1471.831, NAN, NAN, NAN, NAN,,2024/04/02 00:23:47.598,2024-04-02 00:23:47.598000+00:00
2024/04/02, 00:24:47.598,40.219,-70.883,11.16,179.97,182.27,11.04,6.4,6.4,1012.2,1012.2,0.0,0.0,0.0,0.0,350,341,2.9,3.0,92.1,92.1,2.9,3.1,13.1,21.7,1014.3,1014.3,-6.98,296.16,-0.02,32.2085,6.1297,243.3,23.3,1471.82, NAN, NAN, NAN, NAN,,2024/04/02 00:24:47.598,2024-04-02 00:24:47.598000+00:00
2024/04/02, 00:25:47.598,40.216,-70.883,11.14,179.88,181.51,11.12,6.4,6.5,1012.4,1012.3,0.0,0.0,0.0,0.0,350,342,2.8,2.7,92.1,92.1,3.0,3.3,11.9,17.1,1014.5,1014.4,-7.04,296.31,-0.02,32.1977,6.1148,239.4,22.9,1471.747, NAN, NAN, NAN, NAN,,2024/04/02 00:25:47.598,2024-04-02 00:25:47.598000+00:00
2024/04/02, 00:26:47.598,40.213,-70.883,11.16,179.75,182.57,11.11,6.4,6.4,1012.3,1012.3,0.0,0.0,0.0,0.0,351,342,2.9,2.8,92.1,92.0,2.9,3.3,15.1,21.1,1014.4,1014.4,-7.03,296.2,-0.02,32.2061,6.0836,240.9,22.6,1471.633, NAN, NAN, NAN, NAN,,2024/04/02 00:26:47.598,2024-04-02 00:26:47.598000+00:00
2024/04/02, 00:27:47.598,40.21,-70.883,11.21,179.64,181.03,11.05,6.4,6.4,1012.3,1012.3,0.0,0.0,0.0,0.0,350,341,2.8,2.9,92.0,92.0,3.0,3.2,13.7,21.7,1014.4,1014.4,-6.93,296.3,-0.02,32.2065,6.0622,241.2,22.2,1471.548, NAN, NAN, NAN, NAN,,2024/04/02 00:27:47.598,2024-04-02 00:27:47.598000+00:00
2024/04/02, 00:28:47.598,40.207,-70.884,11.12,178.11,180.47,11.17,6.4,6.4,1012.4,1012.4,0.0,0.0,0.0,0.0,346,337,2.7,3.1,92.0,92.0,3.3,3.3,15.1,25.8,1014.5,1014.5,-6.95,296.77,-0.03,32.2079,6.0405,242.4,21.8,1471.463, NAN, NAN, NAN, NAN,,2024/04/02 00:28:47.598,2024-04-02 00:28:47.598000+00:00
2024/04/02, 00:29:47.598,40.204,-70.884,11.06,178.95,180.88,11.02,6.4,6.4,1012.3,1012.3,0.0,0.0,0.0,0.0,347,340,2.8,2.8,91.9,92.0,3.1,3.2,15.0,20.1,1014.4,1014.4,-6.96,297.49,-0.02,32.2097,6.0217,246.7,21.5,1471.39, NAN, NAN, NAN, NAN,,2024/04/02 00:29:47.598,2024-04-02 00:29:47.598000+00:00
2024/04/02, 00:30:47.598,40.201,-70.884,11.13,178.46,181.31,11.01,6.4,6.4,1012.4,1012.4,0.0,0.0,0.0,0.0,345,335,2.7,2.9,91.9,92.0,3.2,3.4,15.8,24.5,1014.5,1014.5,-6.96,298.13,-0.02,32.2112,5.9951,244.6,21.3,1471.286, NAN, NAN, NAN, NAN,,2024/04/02 00:30:47.598,2024-04-02 00:30:47.598000+00:00
2024/04/02, 00:31:47.598,40.198,-70.884,11.2,178.85,180.53,11.14,6.4,6.4,1012.4,1012.4,0.0,0.0,0.0,0.0,345,335,2.6,3.1,91.8,91.9,3.3,3.3,15.0,27.1,1014.5,1014.5,-6.95,298.66,-0.02,32.2119,5.9482,253.4,21.0,1471.099, NAN, NAN, NAN, NAN,,2024/04/02 00:31:47.598,2024-04-02 00:31:47.598000+00:00
2024/04/02, 00:32:47.598,40.195,-70.884,11.17,178.83,181.34,11.07,6.4,6.4,1012.4,1012.4,0.0,0.0,0.0,0.0,340,333,2.6,3.5,91.7,91.8,3.4,3.2,18.9,35.1,1014.5,1014.5,-6.91,298.55,-0.02,32.2132,5.9067,258.0,20.4,1470.935, NAN, NAN, NAN, NAN,,2024/04/02 00:32:47.598,2024-04-02 00:32:47.598000+00:00
2024/04/02, 00:33:47.598,40.192,-70.884,11.17,176.47,180.3,10.97,6.4,6.4,1012.4,1012.4,0.0,0.0,0.0,0.0,339,331,2.7,4.3,91.7,91.7,3.4,3.1,19.6,49.1,1014.5,1014.5,-6.96,297.91,-0.02,32.2144,5.8797,254.7,20.1,1470.828, NAN, NAN, NAN, NAN,,2024/04/02 00:33:47.598,2024-04-02 00:33:47.598000+00:00
2024/04/02, 00:34:47.598,40.189,-70.884,11.14,177.64,180.21,10.89,6.4,6.4,1012.4,1012.4,0.0,0.0,0.0,0.0,336,329,2.7,5.0,91.6,91.7,3.4,3.1,21.1,62.9,1014.5,1014.5,-6.92,296.94,-0.02,32.217,5.8511,257.7,19.5,1470.717, NAN, NAN, NAN, NAN,,2024/04/02 00:34:47.598,2024-04-02 00:34:47.598000+00:00
2024/04/02, 00:35:47.598,40.186,-70.884,11.08,176.91,180.04,10.92,6.4,6.4,1012.4,1012.4,0.0,0.0,0.0,0.0,334,328,2.7,4.8,91.6,91.7,3.5,3.2,21.5,58.3,1014.5,1014.5,-6.97,295.73,-0.02,32.2232,5.8277,257.7,19.1,1470.631, NAN, NAN, NAN, NAN,,2024/04/02 00:35:47.598,2024-04-02 00:35:47.598000+00:00
2024/04/02, 00:36:47.598,40.183,-70.884,10.98,176.36,179.55,10.82,6.4,6.4,1012.4,1012.4,0.0,0.0,0.0,0.0,332,328,2.6,5.0,91.5,91.7,3.6,3.2,20.7,62.0,1014.5,1014.5,-7.01,294.66,-0.02,32.2296,5.793,257.4,18.7,1470.5, NAN, NAN, NAN, NAN,,2024/04/02 00:36:47.598,2024-04-02 00:36:47.598000+00:00
2024/04/02, 00:37:47.598,40.18,-70.884,10.94,176.86,179.06,10.84,6.4,6.4,1012.4,1012.4,0.0,0.0,0.0,0.0,333,327,2.5,5.2,91.5,91.6,3.6,3.3,19.3,65.5,1014.5,1014.5,-7.05,294.09,-0.02,32.2333,5.7458,266.8,18.1,1470.315, NAN, NAN, NAN, NAN,,2024/04/02 00:37:47.598,2024-04-02 00:37:47.598000+00:00
2024/04/02, 00:38:47.598,40.176,-70.884,10.94,177.19,181.42,11.0,6.4,6.4,1012.3,1012.2,0.0,0.0,0.0,0.0,330,327,2.4,5.0,91.5,91.6,3.9,3.4,20.5,61.8,1014.4,1014.3,-7.0,293.44,-0.02,32.2343,5.7057,258.4,17.5,1470.155, NAN, NAN, NAN, NAN,,2024/04/02 00:38:47.598,2024-04-02 00:38:47.598000+00:00
2024/04/02, 00:39:47.598,40.173,-70.884,10.95,176.58,180.54,10.76,6.4,6.4,1012.4,1012.4,0.0,0.0,0.0,0.0,329,325,2.5,5.1,91.5,91.6,3.8,3.5,22.4,64.3,1014.5,1014.5,-7.21,292.76,-0.02,32.2359,5.6779,289.1,17.1,1470.045, NAN, NAN, NAN, NAN,,2024/04/02 00:39:47.598,2024-04-02 00:39:47.598000+00:00
2024/04/02, 00:40:47.599,40.171,-70.884,10.86,176.58,178.54,10.82,6.4,6.4,1012.4,1012.2,0.0,0.0,0.0,0.0,329,325,2.5,5.1,91.4,91.6,3.8,3.5,21.2,63.3,1014.5,1014.3,-7.12,292.64,-0.02,32.2375,5.6884,269.9,16.9,1470.089, NAN, NAN, NAN, NAN,,2024/04/02 00:40:47.599,2024-04-02 00:40:47.599000+00:00
2024/04/02, 00:41:47.599,40.168,-70.884,10.9,176.85,179.54,10.88,6.4,6.4,1012.4,1012.3,0.0,0.0,0.0,0.0,327,324,2.4,5.2,91.4,91.5,3.9,3.6,20.0,64.0,1014.5,1014.4,-7.26,292.37,-0.02,32.2389,5.774,281.6,16.6,1470.435, NAN, NAN, NAN, NAN,,2024/04/02 00:41:47.599,2024-04-02 00:41:47.599000+00:00
2024/04/02, 00:42:47.599,40.165,-70.884,10.91,176.82,180.34,10.64,6.3,6.4,1012.4,1012.3,0.0,0.0,0.0,0.0,325,323,2.5,5.0,91.4,91.5,3.8,3.6,23.4,62.7,1014.5,1014.4,-7.19,292.08,-0.02,32.2417,5.883,286.4,16.3,1470.876, NAN, NAN, NAN, NAN,,2024/04/02 00:42:47.599,2024-04-02 00:42:47.599000+00:00
2024/04/02, 00:43:47.599,40.162,-70.884,10.92,176.48,179.5,10.56,6.3,6.4,1012.5,1012.4,0.0,0.0,0.0,0.0,324,322,2.5,5.2,91.4,91.5,3.8,3.7,23.5,65.6,1014.6,1014.5,-7.16,291.76,-0.02,32.2473,5.917,281.7,15.6,1471.019, NAN, NAN, NAN, NAN,,2024/04/02 00:43:47.599,2024-04-02 00:43:47.599000+00:00
2024/04/02, 00:44:47.599,40.159,-70.884,10.93,176.62,180.81,10.77,6.3,6.4,1012.4,1012.4,0.0,0.0,0.0,0.0,321,322,2.5,5.2,91.4,91.5,4.1,3.9,25.4,65.0,1014.5,1014.5,-7.16,291.77,-0.02,32.2591,5.9465,287.0,15.1,1471.152, NAN, NAN, NAN, NAN,,2024/04/02 00:44:47.599,2024-04-02 00:44:47.599000+00:00
2024/04/02, 00:45:47.599,40.156,-70.884,10.92,176.04,178.89,10.18,6.3,6.4,1012.4,1012.3,0.0,0.0,0.0,0.0,317,320,2.6,5.2,91.4,91.5,3.9,3.9,28.3,67.4,1014.5,1014.4,-7.17,291.54,-0.02,32.2752,5.9526,291.5,14.9,1471.197, NAN, NAN, NAN, NAN,,2024/04/02 00:45:47.599,2024-04-02 00:45:47.599000+00:00
2024/04/02, 00:46:47.599,40.153,-70.883,7.54,125.72,140.87,5.2,6.3,6.3,1012.5,1012.3,0.0,0.0,0.0,0.0,288,305,4.1,6.1,91.5,91.5,5.0,6.0,21.5,45.3,1014.6,1014.4,-7.17,291.7,-0.03,32.2911,5.8868,314.2,14.9,1470.954, NAN, NAN, NAN, NAN,,2024/04/02 00:46:47.599,2024-04-02 00:46:47.599000+00:00
2024/04/02, 00:47:47.599,40.153,-70.882,2.17,80.62,107.7,1.6,6.3,6.3,1012.3,1012.2,0.0,0.0,0.0,0.0,311,315,4.6,7.3,91.4,91.5,4.4,7.0,21.5,29.5,1014.4,1014.3,-7.16,291.74,-0.02,32.3096,5.8929,357.2,14.8,1471.001, NAN, NAN, NAN, NAN,,2024/04/02 00:47:47.599,2024-04-02 00:47:47.599000+00:00
2024/04/02, 00:48:47.599,40.153,-70.882,1.0,81.74,78.3,0.69,6.3,6.3,1012.4,1012.3,0.0,0.0,0.0,0.0,308,313,4.1,6.7,91.5,91.6,3.9,6.5,25.6,32.4,1014.5,1014.4,-6.84,291.4,-0.02,32.3258,5.9058,380.3,13.8,1471.074, NAN, NAN, NAN, NAN,,2024/04/02 00:48:47.599,2024-04-02 00:48:47.599000+00:00
2024/04/02, 00:49:47.599,40.153,-70.882,0.43,80.92,180.16,0.22,6.3,6.3,1012.3,1012.2,0.0,0.0,0.0,0.0,304,311,4.2,6.6,91.5,91.6,4.3,6.7,24.6,31.6,1014.4,1014.3,-6.87,291.25,-0.03,32.3325,5.9155,361.1,9.7,1471.121, NAN, NAN, NAN, NAN,,2024/04/02 00:49:47.599,2024-04-02 00:49:47.599000+00:00
2024/04/02, 00:50:47.599,40.153,-70.882,0.18,79.48,17.24,0.16,6.3,6.3,1012.4,1012.3,0.0,0.0,0.0,0.0,305,312,3.9,6.4,91.6,91.6,3.8,6.3,25.2,32.0,1014.5,1014.4,-6.85,291.28,-0.03,32.343,5.9216,356.9,10.2,1471.159, NAN, NAN, NAN, NAN,,2024/04/02 00:50:47.599,2024-04-02 00:50:47.599000+00:00
2024/04/02, 00:51:47.599,40.153,-70.882,0.22,79.78,127.24,0.13,6.3,6.3,1012.4,1012.3,0.0,0.0,0.0,0.0,304,312,4.0,6.4,91.6,91.7,4.0,6.4,24.7,32.4,1014.5,1014.4,-6.91,291.34,-0.02,32.3524,5.92,353.2,10.6,1471.164, NAN, NAN, NAN, NAN,,2024/04/02 00:51:47.599,2024-04-02 00:51:47.599000+00:00
2024/04/02, 00:52:47.599,40.153,-70.882,0.19,80.46,274.36,0.29,6.3,6.3,1012.4,1012.3,0.0,0.0,0.0,0.0,303,311,4.2,6.7,91.7,91.8,4.1,6.6,25.0,32.5,1014.5,1014.4,-6.81,291.54,-0.02,32.3589,5.9148,346.8,11.1,1471.151, NAN, NAN, NAN, NAN,,2024/04/02 00:52:47.599,2024-04-02 00:52:47.599000+00:00
2024/04/02, 00:53:47.599,40.153,-70.882,0.29,81.86,207.59,0.23,6.3,6.3,1012.4,1012.3,0.0,0.0,0.0,0.0,302,310,4.0,6.4,91.7,91.8,3.9,6.3,24.9,32.6,1014.5,1014.4,-6.81,291.37,-0.02,32.3626,5.9121,353.2,11.8,1471.145, NAN, NAN, NAN, NAN,,2024/04/02 00:53:47.599,2024-04-02 00:53:47.599000+00:00
2024/04/02, 00:54:47.599,40.153,-70.882,0.3,82.28,195.09,0.09,6.3,6.3,1012.3,1012.2,0.0,0.0,0.0,0.0,302,310,4.0,6.3,91.7,91.8,4.0,6.3,24.8,32.6,1014.4,1014.3,-6.87,291.35,-0.02,32.3656,5.9148,360.6,11.8,1471.16, NAN, NAN, NAN, NAN,,2024/04/02 00:54:47.599,2024-04-02 00:54:47.599000+00:00
2024/04/02, 00:55:47.599,40.153,-70.882,0.18,81.56,342.68,0.3,6.3,6.3,1012.4,1012.3,0.0,0.0,0.0,0.0,300,309,3.9,6.3,91.7,91.8,3.8,6.2,22.5,31.3,1014.5,1014.4,-6.81,291.26,-0.01,32.3649,5.9154,352.6,11.8,1471.161, NAN, NAN, NAN, NAN,,2024/04/02 00:55:47.599,2024-04-02 00:55:47.599000+00:00
2024/04/02, 00:56:47.599,40.153,-70.882,0.37,82.2,8.58,0.07,6.3,6.3,1012.3,1012.2,0.0,0.0,0.0,0.0,302,311,3.6,5.9,91.9,91.9,3.6,5.9,24.4,33.4,1014.4,1014.3,-6.93,291.15,-0.02,32.3634,5.9128,356.9,12.4,1471.149, NAN, NAN, NAN, NAN,,2024/04/02 00:56:47.599,2024-04-02 00:56:47.599000+00:00
2024/04/02, 00:57:47.599,40.154,-70.882,0.29,81.96,339.39,0.15,6.3,6.3,1012.3,1012.2,0.0,0.0,0.0,0.0,304,313,3.5,5.8,91.9,91.9,3.4,5.7,26.7,35.5,1014.4,1014.3,-6.83,291.3,-0.02,32.364,5.9121,352.3,12.6,1471.147, NAN, NAN, NAN, NAN,,2024/04/02 00:57:47.599,2024-04-02 00:57:47.599000+00:00
2024/04/02, 00:58:47.600,40.154,-70.882,0.25,81.34,286.64,0.16,6.3,6.3,1012.3,1012.2,0.0,0.0,0.0,0.0,306,313,3.4,5.8,91.9,91.9,3.4,5.8,28.5,35.1,1014.4,1014.3,-6.74,291.21,-0.02,32.3621,5.9145,344.9,13.0,1471.154, NAN, NAN, NAN, NAN,,2024/04/02 00:58:47.600,2024-04-02 00:58:47.600000+00:00
2024/04/02, 00:59:47.600,40.154,-70.882,0.28,82.18,359.66,0.12,6.3,6.3,1012.3,1012.3,0.0,0.0,0.0,0.0,306,313,3.4,5.9,91.8,91.9,3.4,5.9,29.1,35.7,1014.4,1014.4,-7.02,291.19,-0.02,32.3611,5.9118,343.5,13.3,1471.142, NAN, NAN, NAN, NAN,,2024/04/02 00:59:47.600,2024-04-02 00:59:47.600000+00:00
2024/04/02, 01:00:47.600,40.154,-70.882,0.27,81.68,181.1,0.08,6.2,6.3,1012.4,1012.3,0.0,0.0,0.0,0.0,305,313,3.5,6.0,91.8,91.9,3.5,6.0,26.4,34.5,1014.5,1014.4,-6.89,291.09,-0.02,32.3595,5.919,339.2,13.5,1471.169, NAN, NAN, NAN, NAN,,2024/04/02 01:00:47.600,2024-04-02 01:00:47.600000+00:00
2024/04/02, 01:01:47.600,40.154,-70.882,0.24,81.51,335.73,0.11,6.3,6.3,1012.4,1012.3,0.0,0.0,0.0,0.0,304,312,3.5,5.8,91.9,91.9,3.5,5.8,26.2,34.0,1014.5,1014.4,-6.95,291.09,-0.02,32.3592,5.9232,348.3,13.8,1471.185, NAN, NAN, NAN, NAN,,2024/04/02 01:01:47.600,2024-04-02 01:01:47.600000+00:00
2024/04/02, 01:02:47.600,40.154,-70.882,0.24,81.8,98.53,0.1,6.3,6.3,1012.4,1012.3,0.0,0.0,0.0,0.0,301,311,3.5,5.9,91.8,91.9,3.4,5.8,22.6,32.8,1014.5,1014.4,-6.94,291.14,-0.02,32.3596,5.9243,353.9,14.2,1471.19, NAN, NAN, NAN, NAN,,2024/04/02 01:02:47.600,2024-04-02 01:02:47.600000+00:00
2024/04/02, 01:03:47.600,40.154,-70.882,0.25,81.86,340.0,0.22,6.3,6.3,1012.4,1012.4,0.0,0.0,0.0,0.0,301,311,3.7,5.9,91.8,91.9,3.6,5.8,23.9,33.7,1014.5,1014.5,-7.02,291.15,-0.02,32.3608,5.9235,343.8,14.3,1471.189, NAN, NAN, NAN, NAN,,2024/04/02 01:03:47.600,2024-04-02 01:03:47.600000+00:00
2024/04/02, 01:04:47.600,40.154,-70.882,0.22,81.64,347.48,0.17,6.3,6.3,1012.4,1012.4,0.0,0.0,0.0,0.0,300,309,3.6,6.0,91.8,91.8,3.5,5.9,22.1,31.1,1014.5,1014.5,-6.87,291.26,-0.01,32.3601,5.9131,343.5,14.4,1471.146, NAN, NAN, NAN, NAN,,2024/04/02 01:04:47.600,2024-04-02 01:04:47.600000+00:00
2024/04/02, 01:05:47.600,40.154,-70.882,0.24,81.47,21.33,0.29,6.3,6.3,1012.5,1012.4,0.0,0.0,0.0,0.0,298,309,3.7,5.8,91.8,91.8,3.6,5.7,20.2,31.2,1014.6,1014.5,-6.91,291.27,-0.02,32.3577,5.9109,335.8,14.5,1471.134, NAN, NAN, NAN, NAN,,2024/04/02 01:05:47.600,2024-04-02 01:05:47.600000+00:00
2024/04/02, 01:06:47.600,40.154,-70.882,0.35,81.94,271.45,0.17,6.3,6.3,1012.6,1012.4,0.0,0.0,0.0,0.0,297,309,3.6,5.7,91.8,91.8,3.7,5.8,19.1,30.8,1014.7,1014.5,-6.91,291.16,-0.02,32.3592,5.9172,347.5,14.3,1471.161, NAN, NAN, NAN, NAN,,2024/04/02 01:06:47.600,2024-04-02 01:06:47.600000+00:00
2024/04/02, 01:07:47.600,40.154,-70.882,0.25,81.9,295.21,0.08,6.3,6.3,1012.7,1012.6,0.0,0.0,0.0,0.0,295,309,3.7,5.8,91.8,91.9,3.7,5.8,16.9,31.0,1014.8,1014.7,-6.86,291.11,-0.02,32.3572,5.9203,342.8,14.7,1471.171, NAN, NAN, NAN, NAN,,2024/04/02 01:07:47.600,2024-04-02 01:07:47.600000+00:00
2024/04/02, 01:08:47.600,40.154,-70.882,0.25,81.28,208.42,0.07,6.3,6.3,1012.6,1012.6,0.0,0.0,0.0,0.0,298,309,3.7,5.9,91.9,91.9,3.7,5.9,19.4,30.3,1014.7,1014.7,-6.92,291.05,-0.02,32.3569,5.919,350.5,15.0,1471.166, NAN, NAN, NAN, NAN,,2024/04/02 01:08:47.600,2024-04-02 01:08:47.600000+00:00
2024/04/02, 01:09:47.600,40.154,-70.882,0.27,81.23,43.72,0.05,6.3,6.3,1012.6,1012.5,0.0,0.0,0.0,0.0,301,311,3.6,5.8,92.0,91.9,3.6,5.8,22.3,32.3,1014.7,1014.6,-6.92,291.05,-0.01,32.3583,5.9066,330.0,15.3,1471.118, NAN, NAN, NAN, NAN,,2024/04/02 01:09:47.600,2024-04-02 01:09:47.600000+00:00
2024/04/02, 01:10:47.600,40.154,-70.882,0.29,81.86,153.05,0.11,6.3,6.3,1012.6,1012.5,0.0,0.0,0.0,0.0,305,312,3.8,6.1,92.0,92.0,3.7,6.0,26.9,34.0,1014.7,1014.6,-6.97,291.02,-0.02,32.36,5.8848,344.9,15.6,1471.033, NAN, NAN, NAN, NAN,,2024/04/02 01:10:47.600,2024-04-02 01:10:47.600000+00:00
2024/04/02, 01:11:47.600,40.154,-70.882,0.31,84.63,98.72,0.55,6.3,6.3,1012.7,1012.6,0.0,0.0,0.0,0.0,306,312,3.9,6.3,92.0,92.0,3.7,6.1,27.2,34.7,1014.8,1014.7,-6.89,291.14,-0.01,32.3619,5.8621,339.5,15.6,1470.944, NAN, NAN, NAN, NAN,,2024/04/02 01:11:47.600,2024-04-02 01:11:47.600000+00:00
2024/04/02, 01:12:47.600,40.154,-70.882,1.35,117.04,122.07,1.2,6.3,6.3,1012.6,1012.6,0.0,0.0,0.0,0.0,286,303,3.9,5.7,91.9,91.9,3.8,5.4,34.0,54.3,1014.7,1014.7,-6.85,290.97,-0.02,32.3611,5.8507,331.8,16.0,1470.897, NAN, NAN, NAN, NAN,,2024/04/02 01:12:47.600,2024-04-02 01:12:47.600000+00:00
2024/04/02, 01:13:47.600,40.153,-70.881,2.8,166.41,160.51,3.48,6.3,6.3,1012.7,1012.6,0.0,0.0,0.0,0.0,257,285,3.1,3.8,92.0,92.0,3.8,3.6,35.3,63.6,1014.8,1014.7,-6.89,290.75,-0.02,32.3604,5.8742,334.8,17.1,1470.991, NAN, NAN, NAN, NAN,,2024/04/02 01:13:47.600,2024-04-02 01:13:47.600000+00:00
2024/04/02, 01:14:47.601,40.152,-70.881,5.78,180.43,182.6,6.15,6.3,6.3,1012.7,1012.6,0.0,0.0,0.0,0.0,255,308,1.5,3.1,92.0,92.0,3.9,2.9,25.2,65.0,1014.8,1014.7,-6.96,290.8,-0.02,32.3608,5.8806,337.6,17.8,1471.017, NAN, NAN, NAN, NAN,,2024/04/02 01:14:47.601,2024-04-02 01:14:47.601000+00:00
2024/04/02, 01:15:47.601,40.15,-70.881,8.75,179.2,183.79,8.7,6.3,6.3,1012.8,1012.7,0.0,0.0,0.0,0.0,303,315,2.0,4.4,92.0,92.0,3.9,3.7,29.7,67.7,1014.9,1014.8,-7.16,290.94,-0.02,32.3594,5.867,334.4,18.0,1470.961, NAN, NAN, NAN, NAN,,2024/04/02 01:15:47.601,2024-04-02 01:15:47.601000+00:00
2024/04/02, 01:16:47.601,40.147,-70.882,10.09,178.43,182.5,9.96,6.2,6.3,1012.7,1012.7,0.0,0.0,0.0,0.0,322,322,2.6,5.0,91.9,91.9,3.6,3.7,31.5,69.9,1014.8,1014.8,-7.27,291.05,-0.02,32.3607,5.8973,327.6,17.6,1471.084, NAN, NAN, NAN, NAN,,2024/04/02 01:16:47.601,2024-04-02 01:16:47.601000+00:00
2024/04/02, 01:17:47.601,40.144,-70.882,10.74,178.92,181.38,10.63,6.2,6.3,1012.8,1012.7,0.0,0.0,0.0,0.0,328,326,2.8,5.5,91.8,91.9,3.6,3.5,28.9,74.0,1014.9,1014.8,-7.23,291.16,-0.02,32.3619,5.963,326.0,23.3,1471.348, NAN, NAN, NAN, NAN,,2024/04/02 01:17:47.601,2024-04-02 01:17:47.601000+00:00
2024/04/02, 01:18:47.601,40.141,-70.882,10.79,179.81,182.65,10.87,6.2,6.3,1012.8,1012.7,0.0,0.0,0.0,0.0,331,327,2.9,5.6,91.8,91.9,3.5,3.5,29.5,75.2,1014.9,1014.8,-7.17,291.18,-0.02,32.3651,6.0661,325.7,38.2,1471.764, NAN, NAN, NAN, NAN,,2024/04/02 01:18:47.601,2024-04-02 01:18:47.601000+00:00
2024/04/02, 01:19:47.601,40.138,-70.882,10.87,178.97,183.43,10.91,6.2,6.3,1012.8,1012.8,0.0,0.0,0.0,0.0,330,327,3.0,5.5,91.7,91.8,3.5,3.5,30.9,72.7,1014.9,1014.9,-7.01,291.01,-0.02,32.3725,6.1478,334.8,38.1,1472.098, NAN, NAN, NAN, NAN,,2024/04/02 01:19:47.601,2024-04-02 01:19:47.601000+00:00
2024/04/02, 01:20:47.601,40.135,-70.882,10.79,178.97,183.33,10.91,6.2,6.3,1012.8,1012.7,0.0,0.0,0.0,0.0,332,329,3.0,5.3,91.8,91.8,3.4,3.3,30.2,70.2,1014.9,1014.8,-7.0,290.96,-0.02,32.3899,6.247,343.2,38.2,1472.514, NAN, NAN, NAN, NAN,,2024/04/02 01:20:47.601,2024-04-02 01:20:47.601000+00:00
2024/04/02, 01:21:47.601,40.132,-70.882,10.91,179.36,179.81,10.89,6.2,6.3,1012.9,1012.8,0.0,0.0,0.0,0.0,332,327,2.8,5.4,91.7,91.8,3.4,3.2,24.0,70.1,1015.0,1014.9,-7.03,290.97,-0.02,32.4132,6.2616,345.6,38.4,1472.602, NAN, NAN, NAN, NAN,,2024/04/02 01:21:47.601,2024-04-02 01:21:47.601000+00:00
2024/04/02, 01:22:47.601,40.129,-70.882,11.04,178.87,178.84,10.87,6.2,6.3,1012.9,1012.8,0.0,0.0,0.0,0.0,330,327,2.9,5.4,91.5,91.6,3.4,3.1,24.5,69.2,1015.0,1014.9,-7.01,290.83,-0.02,32.4267,6.2148,387.8,38.5,1472.433, NAN, NAN, NAN, NAN,,2024/04/02 01:22:47.601,2024-04-02 01:22:47.601000+00:00
2024/04/02, 01:23:47.601,40.126,-70.882,11.03,179.82,182.73,10.97,6.2,6.3,1012.9,1012.8,0.0,0.0,0.0,0.0,332,327,2.8,5.2,91.5,91.6,3.5,3.3,26.1,67.4,1015.0,1014.9,-7.07,290.84,-0.02,32.427,6.2044,412.0,38.7,1472.392, NAN, NAN, NAN, NAN,,2024/04/02 01:23:47.601,2024-04-02 01:23:47.601000+00:00
2024/04/02, 01:24:47.601,40.123,-70.883,10.99,179.98,183.68,10.81,6.2,6.3,1013.0,1012.8,0.0,0.0,0.0,0.0,330,325,2.9,5.3,91.4,91.6,3.4,3.3,26.7,68.7,1015.1,1014.9,-7.03,290.8,-0.02,32.4192,6.2292,414.7,38.6,1472.481, NAN, NAN, NAN, NAN,,2024/04/02 01:24:47.601,2024-04-02 01:24:47.601000+00:00
2024/04/02, 01:25:47.601,40.12,-70.883,10.94,178.89,181.14,10.8,6.2,6.3,1013.0,1012.9,0.0,0.0,0.0,0.0,328,325,2.6,5.1,91.4,91.5,3.7,3.3,22.8,64.5,1015.1,1015.0,-7.04,290.74,-0.02,32.4114,6.266,390.8,38.6,1472.617, NAN, NAN, NAN, NAN,,2024/04/02 01:25:47.601,2024-04-02 01:25:47.601000+00:00
2024/04/02, 01:26:47.601,40.117,-70.882,10.97,179.54,179.84,10.84,6.3,6.3,1013.0,1012.9,0.0,0.0,0.0,0.0,330,326,2.7,5.4,91.3,91.4,3.5,3.2,22.6,69.8,1015.1,1015.0,-6.89,290.77,-0.02,32.4122,6.2904,376.3,38.7,1472.715, NAN, NAN, NAN, NAN,,2024/04/02 01:26:47.601,2024-04-02 01:26:47.601000+00:00
2024/04/02, 01:27:47.601,40.114,-70.882,11.0,179.34,179.7,10.88,6.3,6.3,1013.0,1012.9,0.0,0.0,0.0,0.0,326,324,2.9,5.5,91.3,91.4,3.6,3.5,26.8,70.1,1015.1,1015.0,-6.95,290.99,-0.02,32.416,6.2883,384.1,38.5,1472.711, NAN, NAN, NAN, NAN,,2024/04/02 01:27:47.601,2024-04-02 01:27:47.601000+00:00
2024/04/02, 01:28:47.601,40.111,-70.882,11.08,179.22,178.88,10.81,6.3,6.3,1013.0,1012.9,0.0,0.0,0.0,0.0,327,326,2.8,5.4,91.3,91.4,3.6,3.2,24.9,69.7,1015.1,1015.0,-6.99,290.85,-0.02,32.418,6.2847,402.5,38.4,1472.699, NAN, NAN, NAN, NAN,,2024/04/02 01:28:47.601,2024-04-02 01:28:47.601000+00:00
2024/04/02, 01:29:47.601,40.108,-70.882,11.03,179.04,178.48,10.83,6.3,6.3,1013.2,1013.1,0.0,0.0,0.0,0.0,329,326,2.8,5.6,91.2,91.3,3.5,3.3,24.3,72.9,1015.3,1015.2,-6.95,290.99,-0.03,32.417,6.2694,407.0,38.4,1472.637, NAN, NAN, NAN, NAN,,2024/04/02 01:29:47.601,2024-04-02 01:29:47.601000+00:00
2024/04/02, 01:30:47.601,40.105,-70.882,11.13,179.54,179.98,10.84,6.3,6.3,1013.2,1013.2,0.0,0.0,0.0,0.0,330,326,2.7,5.1,91.2,91.3,3.5,3.2,22.4,64.4,1015.3,1015.3,-7.04,290.94,-0.02,32.4216,6.2561,413.2,38.5,1472.59, NAN, NAN, NAN, NAN,,2024/04/02 01:30:47.601,2024-04-02 01:30:47.601000+00:00
2024/04/02, 01:31:47.602,40.102,-70.882,11.12,179.34,179.24,10.79,6.3,6.3,1013.2,1013.1,0.0,0.0,0.0,0.0,328,326,2.5,5.1,91.2,91.3,3.7,3.2,21.5,65.1,1015.3,1015.2,-6.99,290.93,-0.03,32.4231,6.2246,418.0,39.3,1472.467, NAN, NAN, NAN, NAN,,2024/04/02 01:31:47.602,2024-04-02 01:31:47.602000+00:00
2024/04/02, 01:32:47.602,40.099,-70.882,11.0,179.46,181.42,10.65,6.3,6.3,1013.3,1013.2,0.0,0.0,0.0,0.0,329,326,2.5,5.2,91.1,91.2,3.6,3.3,22.5,68.5,1015.4,1015.3,-7.04,290.88,-0.03,32.4267,6.2001,414.0,39.2,1472.375, NAN, NAN, NAN, NAN,,2024/04/02 01:32:47.602,2024-04-02 01:32:47.602000+00:00
2024/04/02, 01:33:47.602,40.096,-70.882,11.03,178.94,178.48,10.67,6.3,6.3,1013.3,1013.3,0.0,0.0,0.0,0.0,331,327,2.5,4.9,91.1,91.1,3.5,3.0,18.8,61.5,1015.4,1015.4,-7.05,290.68,-0.02,32.4362,6.1431,380.8,39.4,1472.16, NAN, NAN, NAN, NAN,,2024/04/02 01:33:47.602,2024-04-02 01:33:47.602000+00:00
2024/04/02, 01:34:47.602,40.093,-70.882,11.16,179.33,179.98,10.68,6.3,6.3,1013.3,1013.3,0.0,0.0,0.0,0.0,332,328,2.5,5.0,91.0,91.1,3.5,3.0,19.7,64.5,1015.4,1015.4,-7.12,290.64,-0.02,32.4408,6.0411,371.5,39.5,1471.759, NAN, NAN, NAN, NAN,,2024/04/02 01:34:47.602,2024-04-02 01:34:47.602000+00:00
2024/04/02, 01:35:47.602,40.09,-70.882,11.1,179.17,179.97,10.52,6.3,6.3,1013.5,1013.4,0.0,0.0,0.0,0.0,335,328,2.6,4.6,91.1,91.2,3.2,2.9,18.7,57.3,1015.6,1015.5,-7.15,290.6,-0.02,32.4389,5.9903,365.4,39.5,1471.554, NAN, NAN, NAN, NAN,,2024/04/02 01:35:47.602,2024-04-02 01:35:47.602000+00:00
2024/04/02, 01:36:47.602,40.088,-70.882,11.08,179.6,179.21,10.55,6.3,6.3,1013.4,1013.4,0.0,0.0,0.0,0.0,332,327,2.4,4.6,91.1,91.1,3.5,2.9,18.3,57.5,1015.5,1015.5,-7.19,290.81,-0.02,32.4091,5.9603,356.6,39.6,1471.397, NAN, NAN, NAN, NAN,,2024/04/02 01:36:47.602,2024-04-02 01:36:47.602000+00:00
2024/04/02, 01:37:47.602,40.085,-70.882,11.09,179.45,178.27,10.51,6.3,6.3,1013.4,1013.4,0.0,0.0,0.0,0.0,338,329,2.5,4.5,91.0,91.1,3.2,2.7,15.5,55.2,1015.5,1015.5,-7.16,291.01,-0.02,32.379,5.9536,352.6,39.7,1471.332, NAN, NAN, NAN, NAN,,2024/04/02 01:37:47.602,2024-04-02 01:37:47.602000+00:00
2024/04/02, 01:38:47.602,40.082,-70.882,10.98,179.47,180.49,10.51,6.3,6.3,1013.4,1013.4,0.0,0.0,0.0,0.0,340,333,2.4,3.4,91.1,91.2,3.3,2.9,15.3,33.7,1015.5,1015.5,-7.18,290.99,-0.02,32.3633,5.9424,351.3,39.5,1471.267, NAN, NAN, NAN, NAN,,2024/04/02 01:38:47.602,2024-04-02 01:38:47.602000+00:00
2024/04/02, 01:39:47.602,40.079,-70.882,11.03,179.47,179.54,10.5,6.2,6.3,1013.4,1013.3,0.0,0.0,0.0,0.0,335,329,2.4,4.3,90.9,91.0,3.4,2.8,17.3,52.0,1015.5,1015.4,-7.22,290.69,-0.02,32.3567,5.9235,337.1,39.6,1471.183, NAN, NAN, NAN, NAN,,2024/04/02 01:39:47.602,2024-04-02 01:39:47.602000+00:00
2024/04/02, 01:40:47.602,40.076,-70.882,10.91,179.39,178.84,10.46,6.2,6.3,1013.5,1013.5,0.0,0.0,0.0,0.0,333,327,2.1,3.9,90.9,91.0,3.6,2.9,13.3,43.5,1015.6,1015.6,-7.2,290.54,-0.02,32.3488,5.9005,348.0,39.2,1471.081, NAN, NAN, NAN, NAN,,2024/04/02 01:40:47.602,2024-04-02 01:40:47.602000+00:00
2024/04/02, 01:41:47.602,40.073,-70.882,10.87,179.76,179.21,10.68,6.2,6.3,1013.6,1013.5,0.0,0.0,0.0,0.0,337,330,2.1,3.8,91.0,91.0,3.6,2.9,12.7,40.5,1015.7,1015.6,-7.23,290.67,-0.03,32.3444,5.882,325.7,39.8,1471.002, NAN, NAN, NAN, NAN,,2024/04/02 01:41:47.602,2024-04-02 01:41:47.602000+00:00
2024/04/02, 01:42:47.602,40.07,-70.882,10.99,179.4,178.48,10.65,6.2,6.3,1013.5,1013.5,0.0,0.0,0.0,0.0,335,329,1.9,4.0,91.1,91.1,3.8,2.9,10.5,43.7,1015.6,1015.6,-7.12,290.73,-0.02,32.3408,5.8474,315.6,39.8,1470.859, NAN, NAN, NAN, NAN,,2024/04/02 01:42:47.602,2024-04-02 01:42:47.602000+00:00
2024/04/02, 01:43:47.602,40.067,-70.882,10.98,179.54,179.37,10.55,6.2,6.3,1013.5,1013.5,0.0,0.0,0.0,0.0,337,330,2.0,3.1,91.1,91.1,3.7,3.1,11.2,28.4,1015.6,1015.6,-7.27,290.61,-0.02,32.3404,5.8207,316.9,40.0,1470.751, NAN, NAN, NAN, NAN,,2024/04/02 01:43:47.602,2024-04-02 01:43:47.602000+00:00
2024/04/02, 01:44:47.602,40.064,-70.882,10.99,181.89,184.1,10.19,6.2,6.3,1013.5,1013.4,0.0,0.0,0.0,0.0,338,330,2.0,3.6,91.1,91.1,3.5,2.8,14.7,42.5,1015.6,1015.5,-7.31,290.63,-0.02,32.3419,5.8056,301.6,39.8,1470.692, NAN, NAN, NAN, NAN,,2024/04/02 01:44:47.602,2024-04-02 01:44:47.602000+00:00
2024/04/02, 01:45:47.602,40.061,-70.882,10.9,181.22,179.74,10.47,6.2,6.3,1013.6,1013.5,0.0,0.0,0.0,0.0,337,330,1.8,3.6,91.1,91.1,3.8,2.8,9.8,37.4,1015.7,1015.6,-7.33,290.46,-0.03,32.3407,5.8074,301.1,39.9,1470.698, NAN, NAN, NAN, NAN,,2024/04/02 01:45:47.602,2024-04-02 01:45:47.602000+00:00
2024/04/02, 01:46:47.602,40.058,-70.882,10.96,180.86,181.27,10.41,6.2,6.3,1013.6,1013.5,0.0,0.0,0.0,0.0,336,329,1.8,3.8,91.1,91.1,3.8,2.9,12.6,44.5,1015.7,1015.6,-7.37,290.69,-0.02,32.3392,5.8156,297.4,39.9,1470.729, NAN, NAN, NAN, NAN,,2024/04/02 01:46:47.602,2024-04-02 01:46:47.602000+00:00
2024/04/02, 01:47:47.603,40.055,-70.882,11.04,180.74,179.63,10.58,6.2,6.3,1013.5,1013.5,0.0,0.0,0.0,0.0,340,331,1.9,2.9,91.1,91.1,3.7,3.2,10.9,26.7,1015.6,1015.6,-7.37,290.56,-0.02,32.3327,5.8189,305.2,40.0,1470.734, NAN, NAN, NAN, NAN,,2024/04/02 01:47:47.603,2024-04-02 01:47:47.603000+00:00
2024/04/02, 01:48:47.603,40.052,-70.882,10.92,180.64,182.53,10.55,6.2,6.2,1013.7,1013.6,0.0,0.0,0.0,0.0,338,327,1.8,3.1,91.2,91.2,3.8,3.3,10.9,31.6,1015.8,1015.7,-7.37,290.52,-0.02,32.3272,5.816,312.0,39.6,1470.715, NAN, NAN, NAN, NAN,,2024/04/02 01:48:47.603,2024-04-02 01:48:47.603000+00:00
2024/04/02, 01:49:47.603,40.05,-70.882,10.95,180.53,179.67,10.57,6.2,6.2,1013.7,1013.6,0.0,0.0,0.0,0.0,343,335,1.9,2.4,91.2,91.2,3.7,3.4,8.6,17.2,1015.8,1015.7,-7.34,290.59,-0.03,32.3226,5.816,308.0,39.8,1470.71, NAN, NAN, NAN, NAN,,2024/04/02 01:49:47.603,2024-04-02 01:49:47.603000+00:00
2024/04/02, 01:50:47.603,40.047,-70.882,11.06,181.67,180.35,10.67,6.2,6.2,1013.6,1013.6,0.0,0.0,0.0,0.0,343,334,1.9,2.6,91.2,91.2,3.7,3.3,9.0,20.2,1015.7,1015.7,-7.35,290.48,-0.03,32.3208,5.8156,316.6,39.9,1470.706, NAN, NAN, NAN, NAN,,2024/04/02 01:50:47.603,2024-04-02 01:50:47.603000+00:00
2024/04/02, 01:51:47.603,40.044,-70.882,11.0,180.92,181.73,10.6,6.2,6.2,1013.6,1013.6,0.0,0.0,0.0,0.0,347,336,1.8,2.1,91.3,91.3,3.7,3.6,7.9,15.2,1015.7,1015.7,-7.34,290.65,-0.02,32.3179,5.8268,309.2,40.1,1470.747, NAN, NAN, NAN, NAN,,2024/04/02 01:51:47.603,2024-04-02 01:51:47.603000+00:00
2024/04/02, 01:52:47.603,40.041,-70.882,11.03,180.95,179.3,10.7,6.2,6.2,1013.6,1013.6,0.0,0.0,0.0,0.0,349,338,1.7,1.9,91.3,91.3,3.8,3.8,4.6,10.5,1015.7,1015.7,-7.37,290.62,-0.02,32.3176,5.8386,306.2,40.2,1470.794, NAN, NAN, NAN, NAN,,2024/04/02 01:52:47.603,2024-04-02 01:52:47.603000+00:00
2024/04/02, 01:53:47.603,40.038,-70.882,11.12,181.68,182.63,10.39,6.2,6.2,1013.6,1013.6,0.0,0.0,0.0,0.0,345,334,1.7,1.9,91.3,91.3,3.7,3.7,9.5,15.6,1015.7,1015.7,-7.34,290.68,-0.03,32.317,5.8452,308.0,40.3,1470.82, NAN, NAN, NAN, NAN,,2024/04/02 01:53:47.603,2024-04-02 01:53:47.603000+00:00
2024/04/02, 01:54:47.603,40.035,-70.882,11.07,180.29,179.2,10.74,6.1,6.2,1013.5,1013.4,0.0,0.0,0.0,0.0,340,334,1.6,2.3,91.3,91.3,4.0,3.6,7.1,15.5,1015.6,1015.5,-7.4,290.48,-0.03,32.3139,5.8465,305.9,40.6,1470.821, NAN, NAN, NAN, NAN,,2024/04/02 01:54:47.603,2024-04-02 01:54:47.603000+00:00
2024/04/02, 01:55:47.603,40.032,-70.882,11.11,179.94,178.59,10.68,6.1,6.2,1013.7,1013.6,0.0,0.0,0.0,0.0,338,329,1.6,2.8,91.4,91.3,4.1,3.4,8.4,24.9,1015.8,1015.7,-7.37,290.55,-0.03,32.3136,5.8387,307.2,40.6,1470.789, NAN, NAN, NAN, NAN,,2024/04/02 01:55:47.603,2024-04-02 01:55:47.603000+00:00
2024/04/02, 01:56:47.603,40.029,-70.882,10.96,180.13,181.81,10.57,6.1,6.2,1013.6,1013.6,0.0,0.0,0.0,0.0,338,330,1.6,3.0,91.4,91.3,4.0,3.3,11.0,30.5,1015.7,1015.7,-7.4,290.42,-0.03,32.3137,5.8208,303.8,40.6,1470.718, NAN, NAN, NAN, NAN,,2024/04/02 01:56:47.603,2024-04-02 01:56:47.603000+00:00
2024/04/02, 01:57:47.603,40.026,-70.882,10.99,179.77,180.32,10.66,6.1,6.2,1013.6,1013.5,0.0,0.0,0.0,0.0,334,329,1.8,3.4,91.4,91.3,4.0,3.1,12.0,34.9,1015.7,1015.6,-7.41,290.71,-0.03,32.3144,5.8026,305.9,39.9,1470.646, NAN, NAN, NAN, NAN,,2024/04/02 01:57:47.603,2024-04-02 01:57:47.603000+00:00
2024/04/02, 01:58:47.603,40.023,-70.882,11.11,180.1,179.73,10.73,6.1,6.2,1013.6,1013.5,0.0,0.0,0.0,0.0,331,326,1.8,4.2,91.4,91.4,4.0,3.1,12.7,49.3,1015.7,1015.6,-7.39,290.46,-0.02,32.3128,5.7969,306.8,39.0,1470.621, NAN, NAN, NAN, NAN,,2024/04/02 01:58:47.603,2024-04-02 01:58:47.603000+00:00
2024/04/02, 01:59:47.603,40.02,-70.882,11.17,180.22,180.84,10.79,6.1,6.2,1013.6,1013.6,0.0,0.0,0.0,0.0,331,327,1.8,4.3,91.4,91.4,4.1,3.1,13.0,50.9,1015.7,1015.7,-7.45,290.59,-0.03,32.3152,5.7976,304.9,39.0,1470.626, NAN, NAN, NAN, NAN,,2024/04/02 01:59:47.603,2024-04-02 01:59:47.603000+00:00
2024/04/02, 02:00:47.603,40.017,-70.882,11.16,180.32,180.07,10.75,6.1,6.2,1013.6,1013.5,0.0,0.0,0.0,0.0,333,329,1.8,3.8,91.4,91.4,4.0,3.0,12.3,41.4,1015.7,1015.6,-7.36,290.67,-0.03,32.3182,5.8057,303.5,39.0,1470.663, NAN, NAN, NAN, NAN,,2024/04/02 02:00:47.603,2024-04-02 02:00:47.603000+00:00
2024/04/02, 02:01:47.603,40.014,-70.882,11.13,179.06,178.73,10.79,6.1,6.1,1013.6,1013.5,0.0,0.0,0.0,0.0,334,329,1.9,3.8,91.4,91.4,3.9,3.0,12.0,40.3,1015.7,1015.6,-7.39,290.33,-0.02,32.3174,5.806,304.1,39.1,1470.663, NAN, NAN, NAN, NAN,,2024/04/02 02:01:47.603,2024-04-02 02:01:47.603000+00:00
2024/04/02, 02:02:47.603,40.011,-70.882,11.08,179.64,180.97,10.72,6.1,6.1,1013.6,1013.5,0.0,0.0,0.0,0.0,334,327,2.1,4.3,91.5,91.4,3.7,3.0,14.1,50.7,1015.7,1015.6,-7.33,290.6,-0.02,32.3166,5.8057,301.6,39.1,1470.661, NAN, NAN, NAN, NAN,,2024/04/02 02:02:47.603,2024-04-02 02:02:47.603000+00:00
2024/04/02, 02:03:47.603,40.008,-70.882,11.05,177.63,178.25,10.61,6.1,6.1,1013.6,1013.6,0.0,0.0,0.0,0.0,325,323,1.9,4.6,91.5,91.5,4.1,3.3,13.6,55.1,1015.7,1015.7,-7.27,290.58,-0.02,32.315,5.8061,304.1,38.9,1470.66, NAN, NAN, NAN, NAN,,2024/04/02 02:03:47.603,2024-04-02 02:03:47.603000+00:00
2024/04/02, 02:04:47.604,40.005,-70.882,11.08,177.13,177.25,10.86,6.1,6.1,1013.5,1013.5,0.0,0.0,0.0,0.0,327,325,2.0,4.5,91.6,91.5,4.1,3.2,13.5,51.4,1015.6,1015.6,-7.3,290.42,-0.02,32.3137,5.8004,305.9,39.0,1470.636, NAN, NAN, NAN, NAN,,2024/04/02 02:04:47.604,2024-04-02 02:04:47.604000+00:00
2024/04/02, 02:05:47.604,40.002,-70.882,11.17,177.51,179.49,10.67,6.1,6.1,1013.6,1013.5,0.0,0.0,0.0,0.0,333,327,1.9,4.6,91.6,91.6,3.9,3.1,12.4,56.0,1015.7,1015.6,-7.35,290.57,-0.02,32.313,5.7881,303.2,39.1,1470.586, NAN, NAN, NAN, NAN,,2024/04/02 02:05:47.604,2024-04-02 02:05:47.604000+00:00
2024/04/02, 02:06:47.604,39.999,-70.882,11.15,177.26,179.49,10.58,6.1,6.1,1013.6,1013.6,0.0,0.0,0.0,0.0,334,328,2.0,3.9,91.7,91.6,3.8,3.1,13.4,43.7,1015.7,1015.7,-7.25,290.68,-0.02,32.3136,5.7667,294.8,39.0,1470.5, NAN, NAN, NAN, NAN,,2024/04/02 02:06:47.604,2024-04-02 02:06:47.604000+00:00
2024/04/02, 02:07:47.604,39.996,-70.882,11.18,177.61,178.73,10.63,6.1,6.1,1013.6,1013.6,0.0,0.0,0.0,0.0,333,326,2.0,3.5,91.8,91.7,3.8,3.3,13.4,36.8,1015.7,1015.7,-7.22,290.56,-0.02,32.3142,5.7358,305.6,38.7,1470.377, NAN, NAN, NAN, NAN,,2024/04/02 02:07:47.604,2024-04-02 02:07:47.604000+00:00
2024/04/02, 02:08:47.604,39.993,-70.882,11.06,177.36,176.76,10.62,6.1,6.1,1013.7,1013.6,0.0,0.0,0.0,0.0,332,327,2.1,4.4,91.8,91.7,3.7,3.0,12.6,50.9,1015.8,1015.7,-7.31,290.36,-0.02,32.3129,5.749,293.1,38.7,1470.428, NAN, NAN, NAN, NAN,,2024/04/02 02:08:47.604,2024-04-02 02:08:47.604000+00:00
2024/04/02, 02:09:47.604,39.99,-70.882,11.06,177.41,178.7,10.58,6.1,6.1,1013.6,1013.6,0.0,0.0,0.0,0.0,333,328,2.2,4.2,91.8,91.7,3.7,3.0,15.3,48.8,1015.7,1015.7,-7.24,290.47,-0.02,32.3145,5.7626,293.7,38.6,1470.485, NAN, NAN, NAN, NAN,,2024/04/02 02:09:47.604,2024-04-02 02:09:47.604000+00:00
2024/04/02, 02:10:47.604,39.987,-70.882,11.12,177.26,179.07,10.66,6.1,6.1,1013.6,1013.6,0.0,0.0,0.0,0.0,335,328,2.4,5.0,91.8,91.8,3.5,3.1,16.6,63.4,1015.7,1015.7,-7.18,290.35,-0.02,32.3139,5.7832,292.8,38.9,1470.567, NAN, NAN, NAN, NAN,,2024/04/02 02:10:47.604,2024-04-02 02:10:47.604000+00:00
2024/04/02, 02:11:47.604,39.984,-70.882,11.09,177.18,179.11,10.53,6.1,6.1,1013.6,1013.6,0.0,0.0,0.0,0.0,332,326,2.4,4.9,91.9,91.8,3.5,3.2,18.6,62.3,1015.7,1015.7,-7.15,290.45,-0.03,32.3039,5.7901,284.3,38.6,1470.582, NAN, NAN, NAN, NAN,,2024/04/02 02:11:47.604,2024-04-02 02:11:47.604000+00:00
2024/04/02, 02:12:47.604,39.982,-70.882,11.16,177.14,179.93,10.61,6.1,6.1,1013.6,1013.6,0.0,0.0,0.0,0.0,328,327,2.3,4.5,91.9,91.8,3.8,3.1,19.2,54.8,1015.7,1015.7,-7.12,290.42,-0.02,32.2917,5.7875,277.2,38.7,1470.556, NAN, NAN, NAN, NAN,,2024/04/02 02:12:47.604,2024-04-02 02:12:47.604000+00:00
2024/04/02, 02:13:47.604,39.979,-70.882,11.14,177.19,179.85,10.6,6.1,6.1,1013.6,1013.6,0.0,0.0,0.0,0.0,333,329,2.5,4.5,91.9,91.8,3.5,3.0,20.6,55.6,1015.7,1015.7,-7.2,290.3,-0.02,32.2838,5.778,279.3,38.8,1470.508, NAN, NAN, NAN, NAN,,2024/04/02 02:13:47.604,2024-04-02 02:13:47.604000+00:00
2024/04/02, 02:14:47.604,39.976,-70.882,11.05,177.19,180.63,10.66,6.0,6.1,1013.6,1013.5,0.0,0.0,0.0,0.0,329,326,2.4,5.1,91.9,91.9,3.7,3.4,21.0,65.4,1015.7,1015.6,-7.16,290.41,-0.02,32.2822,5.7665,272.0,38.7,1470.46, NAN, NAN, NAN, NAN,,2024/04/02 02:14:47.604,2024-04-02 02:14:47.604000+00:00
2024/04/02, 02:15:47.604,39.973,-70.882,11.01,177.67,180.75,10.31,6.0,6.1,1013.6,1013.6,0.0,0.0,0.0,0.0,330,326,2.4,4.8,91.9,91.9,3.5,3.2,22.0,63.6,1015.7,1015.7,-7.09,290.46,-0.02,32.2829,5.7478,272.9,38.6,1470.386, NAN, NAN, NAN, NAN,,2024/04/02 02:15:47.604,2024-04-02 02:15:47.604000+00:00
2024/04/02, 02:16:47.604,39.97,-70.882,10.99,180.72,183.35,10.31,6.0,6.1,1013.6,1013.6,0.0,0.0,0.0,0.0,330,327,2.2,4.6,91.9,91.9,3.6,3.1,21.7,62.7,1015.7,1015.7,-7.04,290.64,-0.02,32.2834,5.7225,274.5,38.5,1470.285, NAN, NAN, NAN, NAN,,2024/04/02 02:16:47.604,2024-04-02 02:16:47.604000+00:00
2024/04/02, 02:17:47.604,39.967,-70.882,10.85,180.1,181.87,10.08,6.0,6.1,1013.6,1013.7,0.0,0.0,0.0,0.0,326,322,2.0,4.2,91.9,91.9,3.7,3.3,19.7,55.6,1015.7,1015.8,-7.12,290.5,-0.02,32.2735,5.6991,268.6,37.8,1470.178, NAN, NAN, NAN, NAN,,2024/04/02 02:17:47.604,2024-04-02 02:17:47.604000+00:00
2024/04/02, 02:18:47.604,39.964,-70.882,10.92,179.97,184.62,10.08,6.0,6.1,1013.6,1013.6,0.0,0.0,0.0,0.0,323,323,1.8,4.5,91.9,91.9,4.0,3.5,21.9,63.3,1015.7,1015.7,-7.2,290.44,-0.02,32.2829,5.6915,271.6,38.3,1470.159, NAN, NAN, NAN, NAN,,2024/04/02 02:18:47.604,2024-04-02 02:18:47.604000+00:00
2024/04/02, 02:19:47.605,39.961,-70.882,10.98,179.98,182.48,10.17,6.0,6.0,1013.6,1013.6,0.0,0.0,0.0,0.0,320,321,1.9,4.0,91.9,91.9,4.0,3.5,21.2,52.5,1015.7,1015.7,-7.25,290.36,-0.02,32.2792,5.6943,269.2,38.4,1470.166, NAN, NAN, NAN, NAN,,2024/04/02 02:19:47.605,2024-04-02 02:19:47.605000+00:00
2024/04/02, 02:20:47.605,39.959,-70.882,10.91,180.24,184.02,10.14,6.0,6.0,1013.5,1013.5,0.0,0.0,0.0,0.0,316,321,1.9,4.2,92.0,92.0,4.2,3.6,23.7,57.3,1015.6,1015.6,-7.3,290.38,-0.02,32.2751,5.6967,273.6,38.3,1470.17, NAN, NAN, NAN, NAN,,2024/04/02 02:20:47.605,2024-04-02 02:20:47.605000+00:00
2024/04/02, 02:21:47.605,39.956,-70.883,10.96,180.3,182.28,10.19,6.0,6.0,1013.5,1013.4,0.0,0.0,0.0,0.0,314,319,1.9,4.5,92.0,92.0,4.2,3.7,22.8,60.5,1015.6,1015.5,-7.29,290.39,-0.02,32.2701,5.6928,274.2,38.2,1470.148, NAN, NAN, NAN, NAN,,2024/04/02 02:21:47.605,2024-04-02 02:21:47.605000+00:00
2024/04/02, 02:22:47.605,39.953,-70.883,10.93,179.59,183.25,10.2,6.0,6.0,1013.5,1013.4,0.0,0.0,0.0,0.0,314,320,2.1,4.6,92.0,92.0,4.2,3.6,24.8,61.6,1015.6,1015.5,-7.25,290.38,-0.02,32.2696,5.692,274.5,38.3,1470.144, NAN, NAN, NAN, NAN,,2024/04/02 02:22:47.605,2024-04-02 02:22:47.605000+00:00
2024/04/02, 02:23:47.605,39.95,-70.883,10.88,179.98,182.76,10.19,6.0,6.0,1013.5,1013.4,0.0,0.0,0.0,0.0,314,320,2.1,4.8,92.1,92.0,4.2,3.7,25.2,65.1,1015.6,1015.5,-7.21,290.4,-0.02,32.2699,5.6996,272.6,38.4,1470.175, NAN, NAN, NAN, NAN,,2024/04/02 02:23:47.605,2024-04-02 02:23:47.605000+00:00
2024/04/02, 02:24:47.605,39.947,-70.883,10.89,179.78,183.07,10.03,6.0,6.0,1013.5,1013.5,0.0,0.0,0.0,0.0,316,321,2.0,4.4,92.1,92.1,4.1,3.5,24.5,60.6,1015.6,1015.6,-7.27,290.43,-0.03,32.2711,5.7088,280.9,38.4,1470.214, NAN, NAN, NAN, NAN,,2024/04/02 02:24:47.605,2024-04-02 02:24:47.605000+00:00
2024/04/02, 02:25:47.605,39.945,-70.883,9.63,179.63,182.86,8.52,6.0,6.0,1013.6,1013.5,0.0,0.0,0.0,0.0,306,318,1.6,3.6,92.2,92.1,3.7,3.1,23.2,56.6,1015.7,1015.6,-7.34,290.17,-0.02,32.2716,5.718,270.5,37.9,1470.252, NAN, NAN, NAN, NAN,,2024/04/02 02:25:47.605,2024-04-02 02:25:47.605000+00:00
2024/04/02, 02:26:47.605,39.943,-70.883,6.73,162.42,169.78,5.39,6.0,6.0,1013.5,1013.4,0.0,0.0,0.0,0.0,266,300,2.1,4.0,92.2,92.2,3.8,4.0,23.7,61.7,1015.6,1015.5,-7.27,290.26,-0.02,32.2714,5.7314,268.1,38.1,1470.305, NAN, NAN, NAN, NAN,,2024/04/02 02:26:47.605,2024-04-02 02:26:47.605000+00:00
2024/04/02, 02:27:47.605,39.942,-70.883,3.64,133.7,140.92,2.85,6.0,6.0,1013.4,1013.3,0.0,0.0,0.0,0.0,266,288,3.8,4.8,92.3,92.3,4.3,4.7,20.0,44.0,1015.5,1015.4,-7.3,290.11,-0.02,32.2705,5.7365,272.9,38.2,1470.325, NAN, NAN, NAN, NAN,,2024/04/02 02:27:47.605,2024-04-02 02:27:47.605000+00:00
2024/04/02, 02:28:47.605,39.941,-70.882,2.02,135.64,152.64,1.15,6.0,6.0,1013.5,1013.5,0.0,0.0,0.0,0.0,257,271,4.0,4.2,92.4,92.4,4.3,4.4,25.5,39.0,1015.6,1015.6,-7.18,290.4,-0.02,32.27,5.7375,275.3,38.4,1470.328, NAN, NAN, NAN, NAN,,2024/04/02 02:28:47.605,2024-04-02 02:28:47.605000+00:00
2024/04/02, 02:29:47.605,39.941,-70.882,1.02,136.78,106.72,0.39,6.0,6.0,1013.4,1013.4,0.0,0.0,0.0,0.0,249,255,4.2,4.0,92.4,92.4,4.1,3.9,23.1,29.1,1015.5,1015.5,-7.12,290.38,-0.02,32.2669,5.7377,264.8,38.3,1470.325, NAN, NAN, NAN, NAN,,2024/04/02 02:29:47.605,2024-04-02 02:29:47.605000+00:00
2024/04/02, 02:30:47.605,39.941,-70.882,0.93,137.06,145.16,0.25,6.0,6.0,1013.5,1013.4,0.0,0.0,0.0,0.0,248,258,4.3,4.1,92.5,92.5,4.4,4.1,23.5,33.3,1015.6,1015.5,-6.88,290.68,-0.02,32.2658,5.7378,269.2,38.2,1470.324, NAN, NAN, NAN, NAN,,2024/04/02 02:30:47.605,2024-04-02 02:30:47.605000+00:00
2024/04/02, 02:31:47.605,39.941,-70.882,0.9,139.09,182.48,0.13,6.0,6.0,1013.6,1013.5,0.0,0.0,0.0,0.0,245,251,4.1,3.9,92.5,92.5,4.2,4.0,23.8,29.6,1015.7,1015.6,-6.86,290.38,-0.02,32.2659,5.7383,270.2,37.4,1470.326, NAN, NAN, NAN, NAN,,2024/04/02 02:31:47.605,2024-04-02 02:31:47.605000+00:00
2024/04/02, 02:32:47.605,39.941,-70.882,0.87,138.25,54.29,0.16,6.0,6.0,1013.6,1013.5,0.0,0.0,0.0,0.0,251,260,4.3,4.1,92.5,92.6,4.3,4.1,28.2,37.2,1015.7,1015.6,-6.87,290.41,-0.02,32.2657,5.7374,273.9,37.3,1470.322, NAN, NAN, NAN, NAN,,2024/04/02 02:32:47.605,2024-04-02 02:32:47.605000+00:00
2024/04/02, 02:33:47.605,39.941,-70.882,0.81,139.97,172.03,0.19,6.0,6.0,1013.4,1013.4,0.0,0.0,0.0,0.0,249,253,4.2,4.0,92.6,92.6,4.3,4.1,28.1,32.0,1015.5,1015.5,-6.87,290.49,-0.02,32.266,5.7363,271.2,37.3,1470.318, NAN, NAN, NAN, NAN,,2024/04/02 02:33:47.605,2024-04-02 02:33:47.605000+00:00
2024/04/02, 02:34:47.605,39.941,-70.882,0.78,139.59,131.99,0.05,6.0,6.0,1013.6,1013.4,0.0,0.0,0.0,0.0,247,255,3.8,3.6,92.6,92.6,3.8,3.6,26.3,34.3,1015.7,1015.5,-6.81,290.32,-0.02,32.264,5.7358,267.2,37.1,1470.313, NAN, NAN, NAN, NAN,,2024/04/02 02:34:47.605,2024-04-02 02:34:47.605000+00:00
2024/04/02, 02:35:47.606,39.941,-70.882,0.74,141.8,262.19,0.14,5.9,6.0,1013.4,1013.4,0.0,0.0,0.0,0.0,247,253,3.9,3.8,92.7,92.7,4.0,3.9,28.4,34.3,1015.5,1015.5,-6.81,290.24,-0.02,32.2659,5.7347,267.2,37.0,1470.311, NAN, NAN, NAN, NAN,,2024/04/02 02:35:47.606,2024-04-02 02:35:47.606000+00:00
2024/04/02, 02:36:47.606,39.941,-70.882,0.69,141.79,257.31,0.23,5.9,6.0,1013.3,1013.3,0.0,0.0,0.0,0.0,243,247,4.0,4.0,92.6,92.7,4.1,4.1,26.1,30.0,1015.4,1015.4,-6.81,290.22,-0.01,32.2623,5.7319,267.5,37.3,1470.296, NAN, NAN, NAN, NAN,,2024/04/02 02:36:47.606,2024-04-02 02:36:47.606000+00:00
2024/04/02, 02:37:47.606,39.941,-70.882,0.69,142.48,207.88,0.1,5.9,6.0,1013.5,1013.4,0.0,0.0,0.0,0.0,245,249,4.0,3.9,92.7,92.7,4.0,3.9,27.8,31.8,1015.6,1015.5,-6.77,290.11,-0.02,32.2664,5.73,273.2,37.3,1470.293, NAN, NAN, NAN, NAN,,2024/04/02 02:37:47.606,2024-04-02 02:37:47.606000+00:00
2024/04/02, 02:38:47.606,39.941,-70.882,0.66,142.27,0.91,0.19,5.9,6.0,1013.3,1013.3,0.0,0.0,0.0,0.0,244,250,4.4,4.1,92.7,92.8,4.3,4.0,25.3,31.4,1015.4,1015.4,-6.8,290.27,-0.02,32.2654,5.7278,270.8,37.2,1470.283, NAN, NAN, NAN, NAN,,2024/04/02 02:38:47.606,2024-04-02 02:38:47.606000+00:00
2024/04/02, 02:39:47.606,39.941,-70.882,0.62,142.52,300.07,0.34,5.9,6.0,1013.5,1013.4,0.0,0.0,0.0,0.0,239,247,4.4,3.9,92.7,92.7,4.4,3.9,23.8,32.0,1015.6,1015.5,-6.79,289.93,-0.02,32.2651,5.724,267.5,37.2,1470.267, NAN, NAN, NAN, NAN,,2024/04/02 02:39:47.606,2024-04-02 02:39:47.606000+00:00
2024/04/02, 02:40:47.606,39.941,-70.882,0.6,142.81,290.0,0.39,5.9,6.0,1013.4,1013.4,0.0,0.0,0.0,0.0,244,249,3.8,3.3,92.7,92.7,3.8,3.3,29.8,35.2,1015.5,1015.5,-6.68,290.03,-0.03,32.2668,5.721,268.6,37.3,1470.258, NAN, NAN, NAN, NAN,,2024/04/02 02:40:47.606,2024-04-02 02:40:47.606000+00:00
2024/04/02, 02:41:47.606,39.941,-70.882,0.6,143.04,288.28,0.44,5.9,6.0,1013.4,1013.3,0.0,0.0,0.0,0.0,245,252,4.3,4.1,92.6,92.7,4.4,4.2,30.7,37.7,1015.5,1015.4,-6.74,290.14,-0.03,32.2674,5.719,265.2,40.1,1470.25, NAN, NAN, NAN, NAN,,2024/04/02 02:41:47.606,2024-04-02 02:41:47.606000+00:00
2024/04/02, 02:42:47.606,39.941,-70.883,0.53,141.96,295.78,0.31,5.9,6.0,1013.4,1013.3,0.0,0.0,0.0,0.0,248,253,4.2,3.9,92.6,92.7,4.2,3.9,32.1,37.3,1015.5,1015.4,-6.72,290.06,-0.02,32.266,5.7155,268.4,40.4,1470.234, NAN, NAN, NAN, NAN,,2024/04/02 02:42:47.606,2024-04-02 02:42:47.606000+00:00
2024/04/02, 02:43:47.606,39.941,-70.883,0.55,141.96,323.89,0.41,6.0,6.0,1013.4,1013.3,0.0,0.0,0.0,0.0,247,256,3.7,3.6,92.6,92.7,3.7,3.6,32.2,41.3,1015.5,1015.4,-6.77,289.82,-0.02,32.2669,5.7139,266.8,40.0,1470.229, NAN, NAN, NAN, NAN,,2024/04/02 02:43:47.606,2024-04-02 02:43:47.606000+00:00
2024/04/02, 02:44:47.606,39.941,-70.883,0.47,143.13,296.88,0.25,5.9,6.0,1013.5,1013.5,0.0,0.0,0.0,0.0,248,254,4.0,3.6,92.6,92.7,4.0,3.6,32.9,39.0,1015.6,1015.6,-6.82,289.75,-0.02,32.2653,5.7121,268.9,40.1,1470.22, NAN, NAN, NAN, NAN,,2024/04/02 02:44:47.606,2024-04-02 02:44:47.606000+00:00
2024/04/02, 02:45:47.606,39.941,-70.883,0.49,141.99,293.67,0.25,5.9,6.0,1013.4,1013.3,0.0,0.0,0.0,0.0,247,259,3.6,3.5,92.6,92.7,3.6,3.5,31.0,43.0,1015.5,1015.4,-6.9,289.79,-0.02,32.2655,5.7122,269.2,40.1,1470.22, NAN, NAN, NAN, NAN,,2024/04/02 02:45:47.606,2024-04-02 02:45:47.606000+00:00
2024/04/02, 02:46:47.606,39.941,-70.883,0.46,141.98,301.53,0.36,5.9,6.0,1013.5,1013.4,0.0,0.0,0.0,0.0,247,264,3.4,3.1,92.6,92.7,3.4,3.2,32.1,49.2,1015.6,1015.5,-6.81,289.72,-0.02,32.2666,5.7137,268.6,40.1,1470.228, NAN, NAN, NAN, NAN,,2024/04/02 02:46:47.606,2024-04-02 02:46:47.606000+00:00
2024/04/02, 02:47:47.606,39.942,-70.883,0.49,142.55,318.92,0.35,5.9,6.0,1013.4,1013.3,0.0,0.0,0.0,0.0,251,264,3.6,3.5,92.6,92.7,3.6,3.5,36.3,49.5,1015.5,1015.4,-6.87,289.78,-0.02,32.2656,5.7147,273.9,40.1,1470.231, NAN, NAN, NAN, NAN,,2024/04/02 02:47:47.606,2024-04-02 02:47:47.606000+00:00
2024/04/02, 02:48:47.606,39.942,-70.883,0.52,142.34,313.14,0.47,5.9,6.0,1013.4,1013.3,0.0,0.0,0.0,0.0,250,273,3.4,3.3,92.5,92.7,3.4,3.4,36.4,59.0,1015.5,1015.4,-6.91,289.7,-0.02,32.2658,5.7135,267.2,40.2,1470.226, NAN, NAN, NAN, NAN,,2024/04/02 02:48:47.606,2024-04-02 02:48:47.606000+00:00
2024/04/02, 02:49:47.606,39.942,-70.883,0.52,142.75,284.67,0.34,5.9,6.0,1013.4,1013.4,0.0,0.0,0.0,0.0,250,266,3.6,3.4,92.5,92.6,3.6,3.5,35.5,51.3,1015.5,1015.5,-6.97,289.68,-0.02,32.2658,5.7111,266.5,40.3,1470.216, NAN, NAN, NAN, NAN,,2024/04/02 02:49:47.606,2024-04-02 02:49:47.606000+00:00
2024/04/02, 02:50:47.606,39.942,-70.883,0.59,142.4,277.09,0.35,5.9,6.0,1013.5,1013.4,0.0,0.0,0.0,0.0,249,263,3.6,3.4,92.5,92.6,3.6,3.5,34.2,48.2,1015.6,1015.5,-6.97,289.77,-0.02,32.2649,5.709,268.9,40.3,1470.207, NAN, NAN, NAN, NAN,,2024/04/02 02:50:47.606,2024-04-02 02:50:47.606000+00:00
2024/04/02, 02:51:47.607,39.942,-70.883,0.63,143.42,314.84,0.15,5.9,6.0,1013.4,1013.4,0.0,0.0,0.0,0.0,248,259,3.6,3.5,92.5,92.7,3.6,3.5,32.6,43.6,1015.5,1015.5,-6.95,289.69,-0.02,32.2653,5.7061,274.8,40.2,1470.196, NAN, NAN, NAN, NAN,,2024/04/02 02:51:47.607,2024-04-02 02:51:47.607000+00:00
2024/04/02, 02:52:47.607,39.942,-70.883,0.67,142.34,294.81,0.27,5.9,6.0,1013.6,1013.5,0.0,0.0,0.0,0.0,248,260,3.5,3.3,92.5,92.7,3.6,3.4,32.4,44.3,1015.7,1015.6,-6.97,289.66,-0.02,32.2652,5.7041,270.5,40.0,1470.187, NAN, NAN, NAN, NAN,,2024/04/02 02:52:47.607,2024-04-02 02:52:47.607000+00:00
2024/04/02, 02:53:47.607,39.942,-70.883,0.73,141.57,292.09,0.17,5.9,6.0,1013.5,1013.4,0.0,0.0,0.0,0.0,248,262,3.5,3.2,92.5,92.7,3.5,3.2,31.0,45.1,1015.6,1015.5,-6.99,289.58,-0.02,32.2662,5.701,280.0,40.4,1470.176, NAN, NAN, NAN, NAN,,2024/04/02 02:53:47.607,2024-04-02 02:53:47.607000+00:00
2024/04/02, 02:54:47.607,39.942,-70.884,0.76,142.39,265.61,0.27,5.9,6.0,1013.5,1013.4,0.0,0.0,0.0,0.0,248,272,3.4,3.1,92.6,92.7,3.5,3.2,32.4,55.9,1015.6,1015.5,-6.87,289.53,-0.02,32.2654,5.6974,264.8,40.5,1470.161, NAN, NAN, NAN, NAN,,2024/04/02 02:54:47.607,2024-04-02 02:54:47.607000+00:00
2024/04/02, 02:55:47.607,39.942,-70.884,0.77,143.29,315.9,0.09,5.9,5.9,1013.5,1013.4,0.0,0.0,0.0,0.0,249,263,3.6,3.3,92.6,92.8,3.6,3.3,32.6,46.5,1015.6,1015.5,-6.97,289.63,-0.02,32.265,5.6949,265.9,40.3,1470.15, NAN, NAN, NAN, NAN,,2024/04/02 02:55:47.607,2024-04-02 02:55:47.607000+00:00
2024/04/02, 02:56:47.607,39.942,-70.884,0.74,141.87,354.81,0.16,5.9,5.9,1013.6,1013.6,0.0,0.0,0.0,0.0,250,258,3.6,3.3,92.6,92.8,3.6,3.3,33.1,41.2,1015.7,1015.7,-6.93,289.62,-0.02,32.2554,5.692,267.2,40.2,1470.126, NAN, NAN, NAN, NAN,,2024/04/02 02:56:47.607,2024-04-02 02:56:47.607000+00:00
2024/04/02, 02:57:47.607,39.942,-70.884,0.72,142.5,234.92,0.16,5.9,5.9,1013.5,1013.4,0.0,0.0,0.0,0.0,250,269,3.4,3.3,92.6,92.8,3.5,3.4,33.3,51.9,1015.6,1015.5,-6.92,289.61,-0.02,32.265,5.6896,264.1,40.5,1470.129, NAN, NAN, NAN, NAN,,2024/04/02 02:57:47.607,2024-04-02 02:57:47.607000+00:00
2024/04/02, 02:58:47.607,39.942,-70.884,0.73,143.55,232.28,0.39,5.9,5.9,1013.6,1013.4,0.0,0.0,0.0,0.0,251,273,3.3,3.4,92.6,92.8,3.5,3.6,35.7,56.4,1015.7,1015.5,-6.88,289.74,-0.03,32.2656,5.6873,270.5,40.1,1470.12, NAN, NAN, NAN, NAN,,2024/04/02 02:58:47.607,2024-04-02 02:58:47.607000+00:00
2024/04/02, 02:59:47.607,39.942,-70.884,0.79,142.43,185.93,0.15,5.9,5.9,1013.5,1013.4,0.0,0.0,0.0,0.0,252,270,3.3,3.3,92.7,92.8,3.3,3.3,33.2,51.1,1015.6,1015.5,-6.96,289.55,-0.03,32.2653,5.6854,269.2,40.3,1470.112, NAN, NAN, NAN, NAN,,2024/04/02 02:59:47.607,2024-04-02 02:59:47.607000+00:00
2024/04/02, 03:00:47.607,39.942,-70.884,0.83,141.32,162.17,0.17,5.9,5.9,1013.6,1013.4,0.0,0.0,0.0,0.0,251,272,3.2,3.4,92.7,92.8,3.3,3.5,32.0,52.5,1015.7,1015.5,-7.0,289.5,-0.02,32.2652,5.6847,268.1,40.4,1470.109, NAN, NAN, NAN, NAN,,2024/04/02 03:00:47.607,2024-04-02 03:00:47.607000+00:00
2024/04/02, 03:01:47.607,39.942,-70.884,0.86,143.27,252.4,0.03,5.9,5.9,1013.5,1013.4,0.0,0.0,0.0,0.0,250,278,3.2,3.4,92.7,92.8,3.2,3.4,33.3,61.2,1015.6,1015.5,-7.07,289.65,-0.02,32.2646,5.683,269.9,40.0,1470.102, NAN, NAN, NAN, NAN,,2024/04/02 03:01:47.607,2024-04-02 03:01:47.607000+00:00
2024/04/02, 03:02:47.607,39.942,-70.884,0.81,143.01,124.27,0.2,5.9,5.9,1013.6,1013.6,0.0,0.0,0.0,0.0,252,271,3.5,3.5,92.7,92.9,3.5,3.4,33.4,52.6,1015.7,1015.7,-7.0,289.69,-0.02,32.2646,5.6802,271.2,40.4,1470.091, NAN, NAN, NAN, NAN,,2024/04/02 03:02:47.607,2024-04-02 03:02:47.607000+00:00
2024/04/02, 03:03:47.607,39.942,-70.884,0.8,141.18,80.51,0.07,5.9,5.9,1013.5,1013.4,0.0,0.0,0.0,0.0,252,269,3.5,3.4,92.8,92.9,3.5,3.4,32.6,49.6,1015.6,1015.5,-7.07,289.63,-0.02,32.2643,5.6792,271.6,40.1,1470.086, NAN, NAN, NAN, NAN,,2024/04/02 03:03:47.607,2024-04-02 03:03:47.607000+00:00
2024/04/02, 03:04:47.607,39.942,-70.884,0.86,141.39,173.02,0.24,5.9,5.9,1013.5,1013.4,0.0,0.0,0.0,0.0,250,276,3.2,3.3,92.8,92.9,3.3,3.4,31.2,56.3,1015.6,1015.5,-7.02,289.5,-0.02,32.2644,5.679,267.2,40.0,1470.085, NAN, NAN, NAN, NAN,,2024/04/02 03:04:47.607,2024-04-02 03:04:47.607000+00:00
2024/04/02, 03:05:47.607,39.941,-70.884,0.9,140.45,115.32,0.28,5.9,5.9,1013.4,1013.4,0.0,0.0,0.0,0.0,260,281,3.4,4.1,92.8,92.9,3.5,4.1,38.3,59.5,1015.5,1015.5,-7.03,289.35,-0.02,32.2644,5.6777,268.9,40.2,1470.08, NAN, NAN, NAN, NAN,,2024/04/02 03:05:47.607,2024-04-02 03:05:47.607000+00:00
2024/04/02, 03:06:47.607,39.941,-70.884,0.93,139.4,86.73,0.27,5.9,5.9,1013.5,1013.4,0.0,0.0,0.0,0.0,257,272,3.7,3.8,92.8,92.9,3.6,3.7,34.5,49.8,1015.6,1015.5,-7.05,289.35,-0.02,32.2662,5.6764,279.0,40.2,1470.077, NAN, NAN, NAN, NAN,,2024/04/02 03:06:47.607,2024-04-02 03:06:47.607000+00:00
2024/04/02, 03:07:47.607,39.941,-70.884,0.93,140.48,184.6,0.18,5.9,5.9,1013.4,1013.3,0.0,0.0,0.0,0.0,258,275,3.6,4.0,92.8,92.9,3.7,4.0,37.5,54.3,1015.5,1015.4,-7.08,289.62,-0.02,32.2647,5.6754,280.6,40.1,1470.071, NAN, NAN, NAN, NAN,,2024/04/02 03:07:47.607,2024-04-02 03:07:47.607000+00:00
2024/04/02, 03:08:47.608,39.941,-70.884,0.91,140.52,135.05,0.21,5.9,5.9,1013.4,1013.4,0.0,0.0,0.0,0.0,262,284,3.3,4.3,92.8,92.9,3.4,4.3,40.9,63.1,1015.5,1015.5,-7.03,289.43,-0.02,32.267,5.6741,276.6,40.0,1470.069, NAN, NAN, NAN, NAN,,2024/04/02 03:08:47.608,2024-04-02 03:08:47.608000+00:00
2024/04/02, 03:09:47.608,39.941,-70.883,0.92,140.99,174.9,0.34,5.9,5.9,1013.3,1013.3,0.0,0.0,0.0,0.0,262,285,3.5,4.5,92.7,92.9,3.6,4.5,40.7,63.8,1015.4,1015.4,-7.13,289.26,-0.02,32.269,5.6746,278.7,39.8,1470.074, NAN, NAN, NAN, NAN,,2024/04/02 03:09:47.608,2024-04-02 03:09:47.608000+00:00
2024/04/02, 03:10:47.608,39.941,-70.883,0.87,139.87,197.85,0.25,5.9,5.9,1013.3,1013.2,0.0,0.0,0.0,0.0,257,287,3.3,4.2,92.7,92.8,3.4,4.3,35.9,65.4,1015.4,1015.3,-7.05,289.56,-0.03,32.2691,5.6749,274.2,39.6,1470.075, NAN, NAN, NAN, NAN,,2024/04/02 03:10:47.608,2024-04-02 03:10:47.608000+00:00
2024/04/02, 03:11:47.608,39.941,-70.883,0.78,139.18,80.46,0.28,5.9,5.9,1013.2,1013.3,0.0,0.0,0.0,0.0,264,286,3.3,4.3,92.7,92.8,3.2,4.2,41.7,64.7,1015.3,1015.4,-7.21,289.47,-0.02,32.2662,5.6745,271.2,39.8,1470.07, NAN, NAN, NAN, NAN,,2024/04/02 03:11:47.608,2024-04-02 03:11:47.608000+00:00
2024/04/02, 03:12:47.608,39.941,-70.883,0.75,141.12,130.62,0.13,5.9,5.9,1013.3,1013.3,0.0,0.0,0.0,0.0,262,286,3.3,4.3,92.7,92.8,3.3,4.2,42.1,66.5,1015.4,1015.4,-7.13,289.18,-0.02,32.2661,5.6741,273.6,39.9,1470.068, NAN, NAN, NAN, NAN,,2024/04/02 03:12:47.608,2024-04-02 03:12:47.608000+00:00
2024/04/02, 03:13:47.608,39.941,-70.883,0.72,140.22,294.08,0.22,5.9,5.9,1013.4,1013.2,0.0,0.0,0.0,0.0,264,290,3.2,4.2,92.6,92.8,3.3,4.3,45.6,70.7,1015.5,1015.3,-7.15,289.41,-0.02,32.2656,5.6741,271.5,39.8,1470.067, NAN, NAN, NAN, NAN,,2024/04/02 03:13:47.608,2024-04-02 03:13:47.608000+00:00
2024/04/02, 03:14:47.608,39.941,-70.883,0.74,143.01,139.22,0.51,5.9,5.9,1013.3,1013.2,0.0,0.0,0.0,0.0,263,288,3.4,4.3,92.7,92.8,3.4,4.2,41.6,67.7,1015.4,1015.3,-7.11,289.53,-0.02,32.2651,5.673,272.9,39.9,1470.062, NAN, NAN, NAN, NAN,,2024/04/02 03:14:47.608,2024-04-02 03:14:47.608000+00:00
2024/04/02, 03:15:47.608,39.941,-70.883,3.72,165.38,166.21,3.48,5.9,5.9,1013.3,1013.2,0.0,0.0,0.0,0.0,269,296,3.1,4.6,92.6,92.8,3.6,4.1,44.4,78.6,1015.4,1015.3,-7.19,289.38,-0.02,32.2648,5.6711,266.5,39.9,1470.054, NAN, NAN, NAN, NAN,,2024/04/02 03:15:47.608,2024-04-02 03:15:47.608000+00:00
2024/04/02, 03:16:47.608,39.939,-70.883,7.26,174.93,177.8,6.79,5.9,5.9,1013.3,1013.2,0.0,0.0,0.0,0.0,298,312,2.7,4.8,92.6,92.7,3.4,3.8,44.4,80.8,1015.4,1015.3,-7.18,289.32,-0.01,32.2572,5.6682,267.8,39.7,1470.033, NAN, NAN, NAN, NAN,,2024/04/02 03:16:47.608,2024-04-02 03:16:47.608000+00:00
2024/04/02, 03:17:47.608,39.937,-70.883,9.06,180.18,181.12,8.54,5.9,5.9,1013.3,1013.2,0.0,0.0,0.0,0.0,316,319,3.0,5.4,92.6,92.7,3.1,3.7,44.8,85.3,1015.4,1015.3,-7.19,289.64,-0.02,32.2602,5.6648,265.1,39.7,1470.023, NAN, NAN, NAN, NAN,,2024/04/02 03:17:47.608,2024-04-02 03:17:47.608000+00:00
2024/04/02, 03:18:47.608,39.934,-70.883,10.15,180.75,184.44,9.79,5.9,5.9,1013.1,1013.1,0.0,0.0,0.0,0.0,317,319,3.5,6.0,92.6,92.7,3.6,4.2,47.7,84.0,1015.2,1015.2,-7.09,289.74,-0.02,32.2593,5.6668,265.2,39.7,1470.03, NAN, NAN, NAN, NAN,,2024/04/02 03:18:47.608,2024-04-02 03:18:47.608000+00:00
2024/04/02, 03:19:47.608,39.932,-70.883,10.66,180.12,182.66,10.19,5.9,5.9,1013.2,1013.1,0.0,0.0,0.0,0.0,323,323,3.7,6.4,92.5,92.7,3.4,4.1,47.6,88.4,1015.3,1015.2,-7.11,289.83,-0.02,32.2579,5.6819,265.6,39.9,1470.089, NAN, NAN, NAN, NAN,,2024/04/02 03:19:47.608,2024-04-02 03:19:47.608000+00:00
2024/04/02, 03:20:47.608,39.929,-70.884,10.83,180.14,183.71,9.98,5.9,5.9,1013.2,1013.1,0.0,0.0,0.0,0.0,325,323,3.8,6.5,92.5,92.6,3.2,4.2,50.6,91.1,1015.3,1015.2,-6.87,289.65,-0.02,32.2577,5.6845,261.1,39.8,1470.099, NAN, NAN, NAN, NAN,,2024/04/02 03:20:47.608,2024-04-02 03:20:47.608000+00:00
2024/04/02, 03:21:47.608,39.926,-70.884,10.87,180.01,181.36,10.27,5.9,5.9,1013.2,1013.1,0.0,0.0,0.0,0.0,327,324,3.9,6.5,92.5,92.6,3.1,4.0,49.3,89.8,1015.3,1015.2,-6.81,289.67,-0.02,32.2552,5.6831,262.2,40.2,1470.09, NAN, NAN, NAN, NAN,,2024/04/02 03:21:47.608,2024-04-02 03:21:47.608000+00:00
2024/04/02, 03:22:47.608,39.923,-70.884,10.85,179.18,182.54,10.28,5.9,5.9,1013.0,1013.0,0.0,0.0,0.0,0.0,324,323,4.0,6.7,92.5,92.6,3.3,4.3,51.3,90.2,1015.1,1015.1,-6.77,289.66,-0.02,32.2545,5.6832,266.5,40.1,1470.09, NAN, NAN, NAN, NAN,,2024/04/02 03:22:47.608,2024-04-02 03:22:47.608000+00:00
2024/04/02, 03:23:47.608,39.92,-70.884,10.88,177.74,179.35,10.28,5.9,5.9,1013.2,1013.1,0.0,0.0,0.0,0.0,327,324,4.0,6.6,92.5,92.6,3.1,4.1,49.2,88.6,1015.3,1015.2,-6.75,289.65,-0.02,32.2535,5.6838,261.9,39.8,1470.091, NAN, NAN, NAN, NAN,,2024/04/02 03:23:47.608,2024-04-02 03:23:47.608000+00:00
2024/04/02, 03:24:47.609,39.917,-70.884,11.02,177.01,178.17,10.48,5.9,5.9,1013.0,1013.1,0.0,0.0,0.0,0.0,323,322,3.9,6.6,92.4,92.5,3.4,4.3,45.6,84.6,1015.1,1015.2,-6.73,289.71,-0.03,32.2535,5.6898,259.2,40.0,1470.115, NAN, NAN, NAN, NAN,,2024/04/02 03:24:47.609,2024-04-02 03:24:47.609000+00:00
2024/04/02, 03:25:47.609,39.914,-70.884,11.19,177.64,180.03,10.53,5.9,5.9,1013.0,1013.0,0.0,0.0,0.0,0.0,323,322,3.9,6.5,92.2,92.4,3.4,4.2,45.8,83.8,1015.1,1015.1,-6.67,289.64,-0.02,32.2539,5.6942,265.1,40.0,1470.133, NAN, NAN, NAN, NAN,,2024/04/02 03:25:47.609,2024-04-02 03:25:47.609000+00:00
2024/04/02, 03:26:47.609,39.911,-70.884,11.07,177.69,179.67,10.4,5.9,5.9,1013.1,1013.0,0.0,0.0,0.0,0.0,326,324,3.7,6.5,92.2,92.3,3.3,4.1,43.5,86.6,1015.2,1015.1,-6.69,289.61,-0.03,32.2539,5.6946,257.4,40.0,1470.135, NAN, NAN, NAN, NAN,,2024/04/02 03:26:47.609,2024-04-02 03:26:47.609000+00:00
2024/04/02, 03:27:47.609,39.909,-70.884,11.04,177.63,180.83,10.56,5.9,5.9,1013.2,1013.1,0.0,0.0,0.0,0.0,325,323,3.8,6.4,92.1,92.3,3.4,4.1,44.2,83.3,1015.3,1015.2,-6.81,289.45,-0.03,32.2523,5.6952,263.2,40.2,1470.135, NAN, NAN, NAN, NAN,,2024/04/02 03:27:47.609,2024-04-02 03:27:47.609000+00:00
2024/04/02, 03:28:47.609,39.906,-70.884,11.12,177.8,178.57,10.61,5.9,5.9,1013.2,1013.2,0.0,0.0,0.0,0.0,325,324,3.7,6.3,92.1,92.3,3.4,3.9,41.7,82.6,1015.3,1015.3,-6.74,289.64,-0.02,32.2522,5.6955,259.2,39.8,1470.136, NAN, NAN, NAN, NAN,,2024/04/02 03:28:47.609,2024-04-02 03:28:47.609000+00:00
2024/04/02, 03:29:47.609,39.903,-70.884,11.03,177.5,180.26,10.56,5.9,5.9,1013.2,1013.2,0.0,0.0,0.0,0.0,324,322,3.6,6.3,92.0,92.1,3.5,4.2,41.5,81.3,1015.3,1015.3,-6.84,289.48,-0.02,32.2434,5.6949,259.8,39.9,1470.123, NAN, NAN, NAN, NAN,,2024/04/02 03:29:47.609,2024-04-02 03:29:47.609000+00:00
2024/04/02, 03:30:47.609,39.9,-70.884,11.15,176.61,179.24,10.57,5.9,5.9,1013.3,1013.1,0.0,0.0,0.0,0.0,326,324,3.8,6.4,91.9,92.2,3.3,4.0,42.4,83.0,1015.4,1015.2,-6.72,289.28,-0.02,32.2543,5.6941,258.0,40.0,1470.133, NAN, NAN, NAN, NAN,,2024/04/02 03:30:47.609,2024-04-02 03:30:47.609000+00:00
2024/04/02, 03:31:47.609,39.897,-70.884,11.04,175.92,178.52,10.63,5.9,5.9,1013.2,1013.1,0.0,0.0,0.0,0.0,326,324,3.9,6.6,92.0,92.1,3.3,4.2,43.9,84.3,1015.3,1015.2,-6.83,289.37,-0.02,32.2565,5.6887,261.1,40.1,1470.115, NAN, NAN, NAN, NAN,,2024/04/02 03:31:47.609,2024-04-02 03:31:47.609000+00:00
2024/04/02, 03:32:47.609,39.894,-70.884,11.18,175.8,180.31,10.73,5.9,6.0,1013.2,1013.0,0.0,0.0,0.0,0.0,325,323,4.0,6.7,91.9,92.0,3.5,4.4,45.8,83.8,1015.3,1015.1,-6.76,289.36,-0.02,32.2562,5.6815,265.6,40.0,1470.085, NAN, NAN, NAN, NAN,,2024/04/02 03:32:47.609,2024-04-02 03:32:47.609000+00:00
2024/04/02, 03:33:47.609,39.891,-70.884,11.11,174.41,177.74,10.67,5.9,6.0,1013.1,1013.0,0.0,0.0,0.0,0.0,327,324,4.2,6.8,91.8,92.0,3.2,4.3,47.3,84.7,1015.2,1015.1,-6.72,289.11,-0.02,32.257,5.6877,263.8,40.0,1470.111, NAN, NAN, NAN, NAN,,2024/04/02 03:33:47.609,2024-04-02 03:33:47.609000+00:00
2024/04/02, 03:34:47.609,39.888,-70.883,11.22,174.9,176.71,10.76,5.9,6.0,1013.0,1013.0,0.0,0.0,0.0,0.0,326,323,4.3,6.9,91.8,92.0,3.3,4.4,48.6,84.7,1015.1,1015.1,-6.65,289.33,-0.02,32.2583,5.7014,276.0,40.1,1470.168, NAN, NAN, NAN, NAN,,2024/04/02 03:34:47.609,2024-04-02 03:34:47.609000+00:00
2024/04/02, 03:35:47.609,39.885,-70.883,11.13,174.03,177.0,10.69,5.9,6.0,1013.1,1013.0,0.0,0.0,0.0,0.0,326,324,4.5,7.3,91.8,92.0,3.3,4.6,51.9,89.3,1015.2,1015.1,-6.66,289.21,-0.02,32.2604,5.7116,282.0,39.8,1470.212, NAN, NAN, NAN, NAN,,2024/04/02 03:35:47.609,2024-04-02 03:35:47.609000+00:00
2024/04/02, 03:36:47.609,39.882,-70.883,11.15,173.8,174.29,10.61,5.9,6.0,1013.0,1012.9,0.0,0.0,0.0,0.0,326,323,4.6,7.4,91.9,92.0,3.2,4.6,52.9,89.5,1015.1,1015.0,-6.71,289.12,-0.02,32.2618,5.7204,279.0,39.5,1470.249, NAN, NAN, NAN, NAN,,2024/04/02 03:36:47.609,2024-04-02 03:36:47.609000+00:00
2024/04/02, 03:37:47.609,39.879,-70.883,10.95,173.4,174.83,10.38,5.9,6.0,1013.0,1012.9,0.0,0.0,0.0,0.0,326,323,4.6,7.3,91.9,92.0,3.2,4.7,55.6,89.5,1015.1,1015.0,-6.6,289.14,-0.02,32.2621,5.7339,277.6,39.7,1470.303, NAN, NAN, NAN, NAN,,2024/04/02 03:37:47.609,2024-04-02 03:37:47.609000+00:00
2024/04/02, 03:38:47.609,39.876,-70.882,11.11,173.51,176.73,10.67,5.9,6.0,1013.1,1013.0,0.0,0.0,0.0,0.0,327,324,4.6,7.1,92.0,92.1,3.2,4.5,53.3,86.9,1015.2,1015.1,-6.56,289.15,-0.02,32.2614,5.756,279.3,39.9,1470.391, NAN, NAN, NAN, NAN,,2024/04/02 03:38:47.609,2024-04-02 03:38:47.609000+00:00
2024/04/02, 03:39:47.609,39.873,-70.882,11.16,173.5,175.28,10.84,5.9,6.0,1013.2,1013.0,0.0,0.0,0.0,0.0,328,324,4.7,7.3,92.0,92.1,3.2,4.6,54.2,87.8,1015.3,1015.1,-6.65,289.14,-0.02,32.265,5.7817,286.4,39.7,1470.499, NAN, NAN, NAN, NAN,,2024/04/02 03:39:47.609,2024-04-02 03:39:47.609000+00:00
2024/04/02, 03:40:47.610,39.87,-70.882,11.03,175.62,178.18,10.72,5.9,6.0,1013.2,1013.0,0.0,0.0,0.0,0.0,330,326,4.5,7.2,92.0,92.1,3.0,4.3,53.3,91.8,1015.3,1015.1,-6.62,288.97,-0.01,32.2667,5.8027,288.0,39.6,1470.586, NAN, NAN, NAN, NAN,,2024/04/02 03:40:47.610,2024-04-02 03:40:47.610000+00:00
2024/04/02, 03:41:47.610,39.867,-70.882,11.16,178.32,182.09,10.69,5.9,6.0,1013.1,1013.0,0.0,0.0,0.0,0.0,330,326,4.3,6.9,92.1,92.2,3.1,4.2,53.2,91.5,1015.2,1015.1,-6.54,288.94,-0.02,32.271,5.8057,279.6,39.8,1470.603, NAN, NAN, NAN, NAN,,2024/04/02 03:41:47.610,2024-04-02 03:41:47.610000+00:00
2024/04/02, 03:42:47.610,39.864,-70.882,11.25,177.63,179.41,10.89,5.9,5.9,1013.1,1013.0,0.0,0.0,0.0,0.0,330,326,4.3,6.9,92.1,92.2,3.1,4.1,50.1,89.4,1015.2,1015.1,-6.63,288.99,-0.02,32.2749,5.8016,286.0,40.0,1470.592, NAN, NAN, NAN, NAN,,2024/04/02 03:42:47.610,2024-04-02 03:42:47.610000+00:00
2024/04/02, 03:43:47.610,39.861,-70.882,11.23,178.93,183.77,11.0,5.9,5.9,1013.2,1013.0,0.0,0.0,0.0,0.0,329,325,4.4,7.0,92.1,92.2,3.2,4.4,53.7,90.1,1015.3,1015.1,-6.63,288.88,-0.02,32.2774,5.7975,281.2,39.7,1470.578, NAN, NAN, NAN, NAN,,2024/04/02 03:43:47.610,2024-04-02 03:43:47.610000+00:00
2024/04/02, 03:44:47.610,39.858,-70.883,11.27,178.1,183.18,10.99,5.9,6.0,1013.2,1013.0,0.0,0.0,0.0,0.0,328,325,4.5,7.1,92.1,92.2,3.4,4.5,55.4,90.4,1015.3,1015.1,-6.72,289.04,-0.02,32.283,5.7942,274.2,39.8,1470.572, NAN, NAN, NAN, NAN,,2024/04/02 03:44:47.610,2024-04-02 03:44:47.610000+00:00
2024/04/02, 03:45:47.610,39.855,-70.883,11.34,179.05,181.73,10.97,5.9,6.0,1013.2,1013.1,0.0,0.0,0.0,0.0,329,325,4.6,7.3,92.1,92.2,3.1,4.4,55.9,93.5,1015.3,1015.2,-6.58,289.09,-0.02,32.2866,5.7933,282.0,39.8,1470.573, NAN, NAN, NAN, NAN,,2024/04/02 03:45:47.610,2024-04-02 03:45:47.610000+00:00
2024/04/02, 03:46:47.610,39.852,-70.883,11.25,178.77,181.62,11.03,5.9,6.0,1013.2,1013.1,0.0,0.0,0.0,0.0,330,326,4.7,7.3,92.2,92.2,3.1,4.4,57.7,93.9,1015.3,1015.2,-6.66,288.89,-0.02,32.2906,5.7957,274.8,39.5,1470.588, NAN, NAN, NAN, NAN,,2024/04/02 03:46:47.610,2024-04-02 03:46:47.610000+00:00
2024/04/02, 03:47:47.610,39.849,-70.883,11.17,178.96,183.08,10.96,5.9,6.0,1013.2,1013.1,0.0,0.0,0.0,0.0,328,325,4.6,7.3,92.2,92.3,3.3,4.5,57.2,93.5,1015.3,1015.2,-6.6,288.93,-0.02,32.2958,5.7925,280.0,39.7,1470.581, NAN, NAN, NAN, NAN,,2024/04/02 03:47:47.610,2024-04-02 03:47:47.610000+00:00
2024/04/02, 03:48:47.610,39.846,-70.883,11.22,179.05,182.63,11.03,5.9,5.9,1013.2,1013.1,0.0,0.0,0.0,0.0,327,324,4.7,7.2,92.2,92.2,3.3,4.5,57.8,91.1,1015.3,1015.2,-6.59,288.82,-0.02,32.301,5.7872,274.8,39.7,1470.567, NAN, NAN, NAN, NAN,,2024/04/02 03:48:47.610,2024-04-02 03:48:47.610000+00:00
2024/04/02, 03:49:47.610,39.843,-70.883,11.16,178.36,182.12,10.94,5.9,6.0,1013.0,1013.0,0.0,0.0,0.0,0.0,328,325,4.7,7.3,92.2,92.2,3.3,4.6,58.8,93.0,1015.1,1015.1,-6.65,288.76,-0.02,32.3068,5.7837,273.2,40.0,1470.56, NAN, NAN, NAN, NAN,,2024/04/02 03:49:47.610,2024-04-02 03:49:47.610000+00:00
2024/04/02, 03:50:47.610,39.84,-70.883,11.12,176.26,180.77,10.93,5.9,5.9,1013.1,1013.0,0.0,0.0,0.0,0.0,327,324,4.9,7.5,92.2,92.2,3.5,4.9,61.1,91.8,1015.2,1015.1,-6.6,288.68,-0.02,32.3117,5.7863,281.7,40.0,1470.577, NAN, NAN, NAN, NAN,,2024/04/02 03:50:47.610,2024-04-02 03:50:47.610000+00:00
2024/04/02, 03:51:47.610,39.837,-70.883,11.22,176.74,179.69,11.11,5.9,5.9,1013.0,1012.9,0.0,0.0,0.0,0.0,325,322,5.0,7.6,92.2,92.2,3.6,5.0,60.3,90.0,1015.1,1015.0,-6.54,288.84,-0.02,32.3147,5.7905,277.2,40.0,1470.597, NAN, NAN, NAN, NAN,,2024/04/02 03:51:47.610,2024-04-02 03:51:47.610000+00:00
2024/04/02, 03:52:47.610,39.834,-70.883,11.25,176.35,180.37,10.85,5.9,5.9,1013.0,1012.9,0.0,0.0,0.0,0.0,326,324,5.1,7.7,92.2,92.2,3.5,4.9,63.9,94.1,1015.1,1015.0,-6.59,288.72,-0.02,32.3169,5.7864,278.4,39.8,1470.584, NAN, NAN, NAN, NAN,,2024/04/02 03:52:47.610,2024-04-02 03:52:47.610000+00:00
2024/04/02, 03:53:47.610,39.831,-70.883,11.23,176.6,181.24,10.86,5.9,5.9,1013.0,1012.9,0.0,0.0,0.0,0.0,326,323,5.0,7.8,92.2,92.2,3.5,5.2,62.9,94.0,1015.1,1015.0,-6.61,288.83,-0.02,32.313,5.7694,268.9,40.0,1470.51, NAN, NAN, NAN, NAN,,2024/04/02 03:53:47.610,2024-04-02 03:53:47.610000+00:00
2024/04/02, 03:54:47.611,39.828,-70.883,11.19,176.42,181.0,10.87,5.9,5.9,1013.0,1012.9,0.0,0.0,0.0,0.0,326,323,5.1,7.8,92.3,92.3,3.5,5.1,63.8,93.8,1015.1,1015.0,-6.57,288.82,-0.02,32.3182,5.7448,268.6,39.8,1470.418, NAN, NAN, NAN, NAN,,2024/04/02 03:54:47.611,2024-04-02 03:54:47.611000+00:00
2024/04/02, 03:55:47.611,39.825,-70.883,11.07,177.21,181.38,10.93,5.9,5.9,1013.0,1013.0,0.0,0.0,0.0,0.0,326,323,5.1,8.0,92.3,92.3,3.5,5.2,64.0,95.8,1015.1,1015.1,-6.55,288.9,-0.02,32.3199,5.7306,268.6,40.1,1470.363, NAN, NAN, NAN, NAN,,2024/04/02 03:55:47.611,2024-04-02 03:55:47.611000+00:00
2024/04/02, 03:56:47.611,39.822,-70.883,11.12,176.99,180.57,11.13,5.9,5.9,1013.0,1013.0,0.0,0.0,0.0,0.0,327,324,5.2,7.8,92.2,92.3,3.4,5.0,63.9,93.9,1015.1,1015.1,-6.63,288.79,-0.02,32.3208,5.7256,263.8,40.0,1470.344, NAN, NAN, NAN, NAN,,2024/04/02 03:56:47.611,2024-04-02 03:56:47.611000+00:00
2024/04/02, 03:57:47.611,39.818,-70.883,11.08,177.05,180.66,11.07,5.9,5.9,1013.0,1012.9,0.0,0.0,0.0,0.0,327,324,5.3,8.1,92.2,92.3,3.4,5.2,66.1,96.8,1015.1,1015.0,-6.51,288.84,-0.02,32.3207,5.722,269.9,40.0,1470.33, NAN, NAN, NAN, NAN,,2024/04/02 03:57:47.611,2024-04-02 03:57:47.611000+00:00
2024/04/02, 03:58:47.611,39.815,-70.883,10.82,176.64,179.28,10.84,5.9,5.9,1013.1,1013.1,0.0,0.0,0.0,0.0,326,322,5.3,8.1,92.3,92.3,3.5,5.4,67.3,95.4,1015.2,1015.2,-6.59,288.92,-0.02,32.3199,5.7179,267.8,39.8,1470.312, NAN, NAN, NAN, NAN,,2024/04/02 03:58:47.611,2024-04-02 03:58:47.611000+00:00
2024/04/02, 03:59:47.611,39.812,-70.884,11.01,176.85,179.94,10.87,5.9,5.9,1013.2,1013.1,0.0,0.0,0.0,0.0,327,324,5.2,7.9,92.3,92.3,3.4,5.1,66.0,96.1,1015.3,1015.2,-6.54,288.81,-0.02,32.3204,5.713,270.2,39.8,1470.293, NAN, NAN, NAN, NAN,,2024/04/02 03:59:47.611,2024-04-02 03:59:47.611000+00:00
2024/04/02, 04:00:47.611,39.809,-70.884,10.9,176.59,181.45,10.73,5.9,5.9,1013.1,1013.1,0.0,0.0,0.0,0.0,328,324,5.0,7.8,92.2,92.2,3.3,5.0,64.1,95.8,1015.2,1015.2,-6.53,288.78,-0.02,32.3205,5.7128,261.7,39.7,1470.292, NAN, NAN, NAN, NAN,,2024/04/02 04:00:47.611,2024-04-02 04:00:47.611000+00:00
2024/04/02, 04:01:47.611,39.806,-70.884,10.99,176.82,180.67,11.04,5.9,5.9,1013.2,1013.0,0.0,0.0,0.0,0.0,328,325,5.1,7.7,92.2,92.2,3.3,4.8,62.9,94.5,1015.3,1015.1,-6.62,288.96,-0.02,32.3199,5.713,258.5,39.8,1470.293, NAN, NAN, NAN, NAN,,2024/04/02 04:01:47.611,2024-04-02 04:01:47.611000+00:00
2024/04/02, 04:02:47.611,39.803,-70.884,10.96,176.92,182.22,10.73,5.9,5.9,1013.2,1013.0,0.0,0.0,0.0,0.0,330,326,4.8,7.6,92.1,92.1,3.1,4.7,61.1,96.7,1015.3,1015.1,-6.5,289.02,-0.02,32.3217,5.7176,253.7,39.6,1470.313, NAN, NAN, NAN, NAN,,2024/04/02 04:02:47.611,2024-04-02 04:02:47.611000+00:00
2024/04/02, 04:03:47.611,39.8,-70.884,10.94,176.84,179.54,10.8,5.9,6.0,1013.2,1013.1,0.0,0.0,0.0,0.0,330,326,4.9,7.4,92.0,92.0,3.1,4.5,61.7,94.4,1015.3,1015.2,-6.62,289.04,-0.02,32.3226,5.7253,255.5,39.6,1470.345, NAN, NAN, NAN, NAN,,2024/04/02 04:03:47.611,2024-04-02 04:03:47.611000+00:00
2024/04/02, 04:04:47.611,39.797,-70.884,10.93,176.78,178.83,11.03,5.9,6.0,1013.2,1013.2,0.0,0.0,0.0,0.0,332,327,4.8,7.3,92.0,92.0,2.9,4.2,57.1,93.0,1015.3,1015.3,-6.41,289.0,-0.02,32.3251,5.7337,263.8,39.8,1470.382, NAN, NAN, NAN, NAN,,2024/04/02 04:04:47.611,2024-04-02 04:04:47.611000+00:00
2024/04/02, 04:05:47.611,39.794,-70.884,11.08,176.48,181.25,11.34,6.0,6.0,1013.3,1013.2,0.0,0.0,0.0,0.0,335,329,5.0,7.1,92.0,92.0,2.8,4.1,59.5,90.3,1015.4,1015.3,-6.53,288.91,-0.02,32.3315,5.7509,259.2,39.8,1470.46, NAN, NAN, NAN, NAN,,2024/04/02 04:05:47.611,2024-04-02 04:05:47.611000+00:00
2024/04/02, 04:06:47.611,39.791,-70.884,10.98,176.36,178.59,11.07,6.0,6.0,1013.3,1013.3,0.0,0.0,0.0,0.0,333,327,4.9,7.2,91.9,91.9,2.9,4.3,59.3,91.2,1015.4,1015.4,-6.56,288.87,-0.02,32.3359,5.7675,262.8,39.6,1470.532, NAN, NAN, NAN, NAN,,2024/04/02 04:06:47.611,2024-04-02 04:06:47.611000+00:00
2024/04/02, 04:07:47.611,39.788,-70.884,10.98,177.22,177.91,10.85,6.0,6.0,1013.3,1013.2,0.0,0.0,0.0,0.0,331,326,4.7,7.3,91.9,91.9,2.9,4.3,57.0,93.6,1015.4,1015.3,-6.52,289.11,-0.02,32.341,5.7888,265.2,39.6,1470.624, NAN, NAN, NAN, NAN,,2024/04/02 04:07:47.611,2024-04-02 04:07:47.611000+00:00
2024/04/02, 04:08:47.611,39.785,-70.884,10.69,176.54,181.5,10.98,6.0,6.0,1013.2,1013.2,0.0,0.0,0.0,0.0,331,326,4.5,7.1,91.8,91.9,3.1,4.4,53.5,89.9,1015.3,1015.3,-6.57,288.94,-0.02,32.3437,5.802,271.6,39.4,1470.68, NAN, NAN, NAN, NAN,,2024/04/02 04:08:47.611,2024-04-02 04:08:47.611000+00:00
2024/04/02, 04:09:47.611,39.782,-70.884,10.97,176.94,179.61,11.14,6.0,6.0,1013.3,1013.3,0.0,0.0,0.0,0.0,329,324,4.6,7.3,91.8,91.9,3.2,4.6,53.5,89.3,1015.4,1015.4,-6.57,289.13,-0.02,32.3481,5.8106,270.5,39.6,1470.72, NAN, NAN, NAN, NAN,,2024/04/02 04:09:47.611,2024-04-02 04:09:47.611000+00:00
2024/04/02, 04:10:47.612,39.779,-70.884,11.03,176.73,178.06,11.29,6.0,6.0,1013.3,1013.3,0.0,0.0,0.0,0.0,329,326,4.6,7.2,91.8,91.8,3.2,4.3,52.0,89.0,1015.4,1015.4,-6.53,289.18,-0.02,32.3511,5.8164,264.8,39.6,1470.747, NAN, NAN, NAN, NAN,,2024/04/02 04:10:47.612,2024-04-02 04:10:47.612000+00:00
2024/04/02, 04:11:47.612,39.776,-70.884,11.09,177.18,179.02,11.35,6.0,6.0,1013.3,1013.3,0.0,0.0,0.0,0.0,330,325,4.7,7.4,91.8,91.8,3.2,4.6,53.8,90.1,1015.4,1015.4,-6.59,289.36,-0.02,32.3556,5.8248,264.4,39.8,1470.787, NAN, NAN, NAN, NAN,,2024/04/02 04:11:47.612,2024-04-02 04:11:47.612000+00:00
2024/04/02, 04:12:47.612,39.773,-70.885,10.7,213.39,212.79,11.15,6.0,6.0,1013.5,1013.4,0.0,0.0,0.0,0.0,336,329,3.2,5.4,91.8,91.8,3.0,2.7,53.6,99.8,1015.6,1015.5,-6.66,289.07,-0.02,32.3589,5.8323,262.2,39.9,1470.821, NAN, NAN, NAN, NAN,,2024/04/02 04:12:47.612,2024-04-02 04:12:47.612000+00:00
2024/04/02, 04:13:47.612,39.77,-70.887,10.74,229.16,226.7,11.21,6.0,6.0,1013.5,1013.4,0.0,0.0,0.0,0.0,349,338,2.4,2.5,91.7,91.8,3.4,3.5,54.0,61.8,1015.6,1015.5,-6.72,289.11,-0.02,32.3605,5.8376,264.4,40.0,1470.844, NAN, NAN, NAN, NAN,,2024/04/02 04:13:47.612,2024-04-02 04:13:47.612000+00:00
2024/04/02, 04:14:47.612,39.768,-70.89,11.05,230.95,232.83,11.56,6.0,6.0,1013.5,1013.4,0.0,0.0,0.0,0.0,357,348,2.5,2.4,91.7,91.7,3.5,3.7,55.8,61.4,1015.6,1015.5,-6.84,288.92,-0.02,32.3607,5.8365,264.8,39.6,1470.84, NAN, NAN, NAN, NAN,,2024/04/02 04:14:47.612,2024-04-02 04:14:47.612000+00:00
2024/04/02, 04:15:47.612,39.766,-70.894,11.08,230.41,230.74,11.6,6.0,6.0,1013.5,1013.5,0.0,0.0,0.0,0.0,351,343,2.5,2.5,91.6,91.7,3.5,3.6,56.9,62.1,1015.6,1015.6,-7.0,289.17,-0.02,32.3618,5.8248,280.3,39.8,1470.795, NAN, NAN, NAN, NAN,,2024/04/02 04:15:47.612,2024-04-02 04:15:47.612000+00:00
2024/04/02, 04:16:47.612,39.764,-70.897,11.04,229.62,227.87,11.48,6.0,6.0,1013.4,1013.4,0.0,0.0,0.0,0.0,348,342,2.7,3.0,91.6,91.6,3.3,3.2,58.1,65.3,1015.5,1015.5,-7.05,288.98,-0.02,32.3596,5.8088,265.1,39.8,1470.728, NAN, NAN, NAN, NAN,,2024/04/02 04:16:47.612,2024-04-02 04:16:47.612000+00:00
2024/04/02, 04:17:47.612,39.762,-70.9,10.86,232.76,236.33,11.31,6.0,6.0,1013.4,1013.4,0.0,0.0,0.0,0.0,353,340,2.3,2.3,91.7,91.7,3.6,3.8,61.0,68.3,1015.5,1015.5,-7.07,289.15,-0.02,32.356,5.801,269.6,39.7,1470.692, NAN, NAN, NAN, NAN,,2024/04/02 04:17:47.612,2024-04-02 04:17:47.612000+00:00
2024/04/02, 04:18:47.612,39.76,-70.903,10.98,231.35,231.69,11.24,6.0,6.0,1013.4,1013.4,0.0,0.0,0.0,0.0,351,343,2.3,2.2,91.7,91.7,3.5,3.7,57.8,61.8,1015.5,1015.5,-7.08,289.2,-0.02,32.3472,5.791,265.6,39.9,1470.64, NAN, NAN, NAN, NAN,,2024/04/02 04:18:47.612,2024-04-02 04:18:47.612000+00:00
2024/04/02, 04:19:47.612,39.758,-70.906,11.03,232.17,229.67,11.34,6.0,6.0,1013.4,1013.4,0.0,0.0,0.0,0.0,354,344,2.1,2.3,91.6,91.6,3.7,3.7,53.9,60.4,1015.5,1015.5,-7.17,289.07,-0.02,32.3409,5.7752,259.2,39.8,1470.569, NAN, NAN, NAN, NAN,,2024/04/02 04:19:47.612,2024-04-02 04:19:47.612000+00:00
2024/04/02, 04:20:47.612,39.757,-70.91,11.04,232.03,232.67,11.57,6.0,6.0,1013.5,1013.4,0.0,0.0,0.0,0.0,358,348,2.2,2.2,91.6,91.7,3.7,3.8,53.6,59.3,1015.6,1015.5,-7.25,289.22,-0.02,32.3368,5.7679,262.5,39.8,1470.535, NAN, NAN, NAN, NAN,,2024/04/02 04:20:47.612,2024-04-02 04:20:47.612000+00:00
2024/04/02, 04:21:47.612,39.755,-70.913,11.09,231.64,234.32,11.21,6.0,6.0,1013.4,1013.4,0.0,0.0,0.0,0.0,352,345,2.3,2.2,91.6,91.7,3.5,3.7,60.6,64.0,1015.5,1015.5,-7.2,289.26,-0.02,32.3355,5.7713,266.2,39.7,1470.547, NAN, NAN, NAN, NAN,,2024/04/02 04:21:47.612,2024-04-02 04:21:47.612000+00:00
2024/04/02, 04:22:47.612,39.753,-70.916,11.01,230.56,233.3,11.52,6.0,6.0,1013.4,1013.4,0.0,0.0,0.0,0.0,354,346,2.2,2.1,91.6,91.7,3.8,3.9,57.5,61.2,1015.5,1015.5,-7.22,289.33,-0.02,32.3333,5.7735,282.0,39.7,1470.553, NAN, NAN, NAN, NAN,,2024/04/02 04:22:47.612,2024-04-02 04:22:47.612000+00:00
2024/04/02, 04:23:47.612,39.751,-70.92,11.02,231.51,234.94,11.54,6.0,6.0,1013.5,1013.5,0.0,0.0,0.0,0.0,357,349,2.1,2.0,91.6,91.6,3.8,4.0,55.1,58.9,1015.6,1015.6,-7.25,289.39,-0.02,32.3327,5.7735,287.6,39.8,1470.552, NAN, NAN, NAN, NAN,,2024/04/02 04:23:47.612,2024-04-02 04:23:47.612000+00:00
2024/04/02, 04:24:47.612,39.749,-70.923,11.1,231.97,231.07,11.61,6.0,6.0,1013.5,1013.6,0.0,0.0,0.0,0.0,3,356,2.6,2.4,91.6,91.6,3.4,3.6,50.4,55.4,1015.6,1015.7,-7.23,289.41,-0.02,32.3335,5.7751,292.1,39.7,1470.559, NAN, NAN, NAN, NAN,,2024/04/02 04:24:47.612,2024-04-02 04:24:47.612000+00:00
2024/04/02, 04:25:47.612,39.747,-70.926,11.07,231.95,231.85,11.48,6.0,6.0,1013.6,1013.6,0.0,0.0,0.0,0.0,1,354,2.2,2.1,91.6,91.6,3.7,3.8,53.7,57.5,1015.7,1015.7,-7.19,289.6,-0.02,32.3335,5.7818,301.1,39.8,1470.586, NAN, NAN, NAN, NAN,,2024/04/02 04:25:47.612,2024-04-02 04:25:47.612000+00:00
2024/04/02, 04:26:47.613,39.745,-70.929,11.06,231.04,229.9,11.4,6.0,6.0,1013.6,1013.6,0.0,0.0,0.0,0.0,4,358,2.1,2.0,91.6,91.6,3.8,3.9,48.9,52.2,1015.7,1015.7,-7.14,289.56,-0.02,32.3314,5.7885,295.8,39.6,1470.61, NAN, NAN, NAN, NAN,,2024/04/02 04:26:47.613,2024-04-02 04:26:47.613000+00:00
2024/04/02, 04:27:47.613,39.743,-70.933,11.2,231.96,235.19,11.28,6.0,6.0,1013.6,1013.5,0.0,0.0,0.0,0.0,9,3,2.1,2.0,91.6,91.6,3.7,3.8,50.1,53.5,1015.7,1015.6,-7.27,289.54,-0.02,32.3296,5.7994,292.4,39.9,1470.652, NAN, NAN, NAN, NAN,,2024/04/02 04:27:47.613,2024-04-02 04:27:47.613000+00:00
2024/04/02, 04:28:47.613,39.741,-70.936,11.16,231.91,232.87,11.55,6.0,6.0,1013.6,1013.5,0.0,0.0,0.0,0.0,14,5,2.4,2.1,91.6,91.6,3.6,3.8,43.7,50.1,1015.7,1015.6,-7.14,289.53,-0.02,32.3318,5.8128,299.2,39.9,1470.708, NAN, NAN, NAN, NAN,,2024/04/02 04:28:47.613,2024-04-02 04:28:47.613000+00:00
2024/04/02, 04:29:47.613,39.739,-70.939,11.22,231.82,234.7,11.76,6.0,6.0,1013.7,1013.6,0.0,0.0,0.0,0.0,9,4,2.1,1.9,91.6,91.6,4.0,4.1,49.9,52.7,1015.8,1015.7,-7.24,289.66,-0.02,32.3303,5.8296,299.8,39.8,1470.774, NAN, NAN, NAN, NAN,,2024/04/02 04:29:47.613,2024-04-02 04:29:47.613000+00:00
2024/04/02, 04:30:47.613,39.737,-70.943,11.12,231.39,231.63,11.41,6.0,6.0,1013.6,1013.5,0.0,0.0,0.0,0.0,13,4,1.7,1.6,91.6,91.6,4.2,4.3,48.0,51.7,1015.7,1015.6,-7.3,289.49,-0.02,32.3238,5.8371,297.7,39.6,1470.796, NAN, NAN, NAN, NAN,,2024/04/02 04:30:47.613,2024-04-02 04:30:47.613000+00:00
2024/04/02, 04:31:47.613,39.735,-70.946,11.21,232.8,231.82,11.64,6.0,6.0,1013.5,1013.5,0.0,0.0,0.0,0.0,9,359,2.0,1.7,91.6,91.6,4.0,4.3,49.2,54.0,1015.6,1015.6,-7.39,289.84,-0.02,32.3185,5.831,289.4,39.6,1470.765, NAN, NAN, NAN, NAN,,2024/04/02 04:31:47.613,2024-04-02 04:31:47.613000+00:00
2024/04/02, 04:32:47.613,39.733,-70.949,11.16,231.26,231.24,11.66,6.0,6.0,1013.5,1013.4,0.0,0.0,0.0,0.0,5,354,1.7,1.6,91.6,91.6,4.3,4.4,50.6,54.7,1015.6,1015.5,-7.33,289.49,-0.02,32.3144,5.8197,288.0,39.8,1470.714, NAN, NAN, NAN, NAN,,2024/04/02 04:32:47.613,2024-04-02 04:32:47.613000+00:00
2024/04/02, 04:33:47.613,39.731,-70.953,11.18,231.32,233.36,11.56,6.0,6.0,1013.5,1013.5,0.0,0.0,0.0,0.0,359,350,1.6,1.5,91.6,91.6,4.3,4.5,53.8,56.8,1015.6,1015.6,-7.34,289.97,-0.02,32.3119,5.8018,287.3,39.6,1470.639, NAN, NAN, NAN, NAN,,2024/04/02 04:33:47.613,2024-04-02 04:33:47.613000+00:00
2024/04/02, 04:34:47.613,39.729,-70.956,11.08,231.85,231.42,11.4,6.0,6.0,1013.6,1013.6,0.0,0.0,0.0,0.0,359,350,1.8,1.8,91.6,91.6,4.1,4.1,54.2,58.1,1015.7,1015.7,-7.37,289.62,-0.01,32.31,5.7841,286.0,39.9,1470.566, NAN, NAN, NAN, NAN,,2024/04/02 04:34:47.613,2024-04-02 04:34:47.613000+00:00
2024/04/02, 04:35:47.613,39.727,-70.959,11.15,232.62,230.99,11.68,6.0,6.0,1013.5,1013.4,0.0,0.0,0.0,0.0,3,355,1.9,1.9,91.7,91.6,4.1,4.1,51.8,55.5,1015.6,1015.5,-7.38,289.95,-0.02,32.3075,5.7553,281.7,39.9,1470.447, NAN, NAN, NAN, NAN,,2024/04/02 04:35:47.613,2024-04-02 04:35:47.613000+00:00
2024/04/02, 04:36:47.613,39.726,-70.963,11.18,231.96,233.68,11.22,6.0,6.0,1013.5,1013.5,0.0,0.0,0.0,0.0,2,355,2.0,1.9,91.7,91.7,3.8,3.9,52.2,55.7,1015.6,1015.6,-7.42,290.02,-0.02,32.3054,5.7229,281.6,39.9,1470.314, NAN, NAN, NAN, NAN,,2024/04/02 04:36:47.613,2024-04-02 04:36:47.613000+00:00
2024/04/02, 04:37:47.613,39.724,-70.966,11.03,231.55,231.81,11.46,6.0,6.0,1013.5,1013.5,0.0,0.0,0.0,0.0,5,354,1.9,1.6,91.8,91.8,4.0,4.3,50.6,55.1,1015.6,1015.6,-7.33,289.85,-0.02,32.3028,5.7001,286.4,39.9,1470.219, NAN, NAN, NAN, NAN,,2024/04/02 04:37:47.613,2024-04-02 04:37:47.613000+00:00
2024/04/02, 04:38:47.613,39.722,-70.969,11.21,231.46,233.23,11.55,6.0,6.0,1013.6,1013.5,0.0,0.0,0.0,0.0,3,356,1.8,1.8,91.8,91.8,4.1,4.2,52.9,56.0,1015.7,1015.6,-7.32,289.99,-0.02,32.3023,5.6914,291.5,39.8,1470.183, NAN, NAN, NAN, NAN,,2024/04/02 04:38:47.613,2024-04-02 04:38:47.613000+00:00
2024/04/02, 04:39:47.613,39.72,-70.972,11.0,231.66,229.67,11.09,6.0,6.0,1013.6,1013.5,0.0,0.0,0.0,0.0,0,351,1.7,1.6,91.8,91.8,4.0,4.1,51.4,54.9,1015.7,1015.6,-7.27,290.14,-0.02,32.2981,5.6927,291.8,40.0,1470.183, NAN, NAN, NAN, NAN,,2024/04/02 04:39:47.613,2024-04-02 04:39:47.613000+00:00
2024/04/02, 04:40:47.613,39.718,-70.976,11.11,231.0,236.59,11.55,6.0,6.0,1013.6,1013.6,0.0,0.0,0.0,0.0,7,359,1.9,1.9,91.8,91.8,4.0,4.0,53.4,57.2,1015.7,1015.7,-7.31,290.07,-0.02,32.2975,5.6931,302.8,40.0,1470.184, NAN, NAN, NAN, NAN,,2024/04/02 04:40:47.613,2024-04-02 04:40:47.613000+00:00
2024/04/02, 04:41:47.614,39.716,-70.979,11.17,232.27,230.72,11.18,6.0,6.0,1013.7,1013.6,0.0,0.0,0.0,0.0,7,358,1.9,1.7,91.9,91.9,3.9,4.0,48.1,52.4,1015.8,1015.7,-7.31,290.21,-0.02,32.2973,5.6986,311.6,39.9,1470.206, NAN, NAN, NAN, NAN,,2024/04/02 04:41:47.614,2024-04-02 04:41:47.614000+00:00
2024/04/02, 04:42:47.614,39.714,-70.982,11.04,230.81,235.64,11.24,6.0,6.0,1013.7,1013.7,0.0,0.0,0.0,0.0,4,358,2.2,2.0,91.9,91.9,3.6,3.8,54.8,58.0,1015.8,1015.8,-7.3,290.19,-0.02,32.2989,5.713,310.2,40.0,1470.266, NAN, NAN, NAN, NAN,,2024/04/02 04:42:47.614,2024-04-02 04:42:47.614000+00:00
2024/04/02, 04:43:47.614,39.712,-70.985,11.2,230.73,232.92,11.19,6.0,6.0,1013.7,1013.7,0.0,0.0,0.0,0.0,3,354,1.9,1.8,91.9,91.9,3.9,4.0,52.3,56.4,1015.8,1015.8,-7.27,290.37,-0.02,32.3031,5.7283,308.6,40.0,1470.333, NAN, NAN, NAN, NAN,,2024/04/02 04:43:47.614,2024-04-02 04:43:47.614000+00:00
2024/04/02, 04:44:47.614,39.71,-70.989,11.0,229.86,232.04,11.27,6.0,6.0,1013.7,1013.7,0.0,0.0,0.0,0.0,0,350,1.9,1.7,92.0,92.0,3.9,4.2,54.2,58.1,1015.8,1015.8,-7.23,290.35,-0.02,32.3077,5.7303,311.2,39.9,1470.347, NAN, NAN, NAN, NAN,,2024/04/02 04:44:47.614,2024-04-02 04:44:47.614000+00:00
2024/04/02, 04:45:47.614,39.708,-70.992,11.0,230.78,230.81,11.25,6.0,6.0,1013.7,1013.6,0.0,0.0,0.0,0.0,4,356,2.0,1.9,92.0,92.0,3.8,3.9,50.5,54.5,1015.8,1015.7,-7.28,290.29,-0.02,32.3108,5.7357,308.3,40.0,1470.372, NAN, NAN, NAN, NAN,,2024/04/02 04:45:47.614,2024-04-02 04:45:47.614000+00:00
2024/04/02, 04:46:47.614,39.707,-70.995,11.0,230.86,230.23,11.36,6.0,6.0,1013.7,1013.6,0.0,0.0,0.0,0.0,359,350,2.0,1.9,92.0,92.0,3.8,4.0,53.0,57.1,1015.8,1015.7,-7.26,290.19,-0.02,32.3129,5.7528,304.6,39.8,1470.444, NAN, NAN, NAN, NAN,,2024/04/02 04:46:47.614,2024-04-02 04:46:47.614000+00:00
2024/04/02, 04:47:47.614,39.705,-70.998,11.05,230.61,234.32,11.37,6.0,6.0,1013.7,1013.7,0.0,0.0,0.0,0.0,359,351,2.5,2.5,92.0,92.0,3.4,3.4,56.4,62.1,1015.8,1015.8,-7.27,290.32,-0.02,32.3197,5.8126,315.3,39.7,1470.692, NAN, NAN, NAN, NAN,,2024/04/02 04:47:47.614,2024-04-02 04:47:47.614000+00:00
2024/04/02, 04:48:47.614,39.703,-71.002,11.05,230.39,236.35,11.39,6.0,6.0,1013.6,1013.6,0.0,0.0,0.0,0.0,358,349,2.2,2.1,92.1,92.1,3.7,3.9,57.8,62.3,1015.7,1015.7,-7.2,290.44,-0.02,32.3263,5.8557,319.3,39.7,1470.874, NAN, NAN, NAN, NAN,,2024/04/02 04:48:47.614,2024-04-02 04:48:47.614000+00:00
2024/04/02, 04:49:47.614,39.701,-71.005,11.09,230.67,229.18,11.33,6.0,6.0,1013.6,1013.5,0.0,0.0,0.0,0.0,355,348,2.6,2.5,92.2,92.1,3.3,3.4,56.7,61.3,1015.7,1015.6,-7.16,290.35,-0.02,32.3316,5.8732,324.3,39.9,1470.95, NAN, NAN, NAN, NAN,,2024/04/02 04:49:47.614,2024-04-02 04:49:47.614000+00:00
2024/04/02, 04:50:47.614,39.699,-71.008,11.01,229.69,232.31,11.23,6.0,6.0,1013.6,1013.5,0.0,0.0,0.0,0.0,352,344,2.5,2.5,92.2,92.2,3.4,3.5,62.2,67.4,1015.7,1015.6,-7.16,290.29,-0.02,32.3342,5.8802,344.3,39.9,1470.982, NAN, NAN, NAN, NAN,,2024/04/02 04:50:47.614,2024-04-02 04:50:47.614000+00:00
2024/04/02, 04:51:47.614,39.697,-71.011,10.97,230.06,231.53,11.3,6.0,6.0,1013.5,1013.4,0.0,0.0,0.0,0.0,350,343,2.7,2.7,92.3,92.2,3.2,3.4,62.7,67.7,1015.6,1015.5,-7.11,290.34,-0.02,32.3376,5.888,339.8,39.9,1471.017, NAN, NAN, NAN, NAN,,2024/04/02 04:51:47.614,2024-04-02 04:51:47.614000+00:00
2024/04/02, 04:52:47.614,39.695,-71.015,11.03,230.17,233.67,11.5,6.0,6.0,1013.5,1013.5,0.0,0.0,0.0,0.0,347,341,2.5,2.6,92.3,92.3,3.6,3.6,65.0,69.4,1015.6,1015.6,-6.99,290.49,-0.02,32.3432,5.8874,347.5,40.0,1471.022, NAN, NAN, NAN, NAN,,2024/04/02 04:52:47.614,2024-04-02 04:52:47.614000+00:00
2024/04/02, 04:53:47.614,39.693,-71.018,11.06,231.02,232.78,11.3,6.0,6.0,1013.4,1013.4,0.0,0.0,0.0,0.0,348,340,2.7,2.6,92.3,92.3,3.2,3.5,64.0,68.5,1015.5,1015.5,-7.02,290.61,-0.02,32.3471,5.8963,354.4,40.0,1471.062, NAN, NAN, NAN, NAN,,2024/04/02 04:53:47.614,2024-04-02 04:53:47.614000+00:00
2024/04/02, 04:54:47.614,39.691,-71.021,11.09,229.99,230.56,11.45,6.0,6.0,1013.4,1013.4,0.0,0.0,0.0,0.0,349,340,2.6,2.7,92.4,92.3,3.4,3.5,62.1,68.8,1015.5,1015.5,-7.05,290.7,-0.02,32.3563,5.9333,357.2,39.9,1471.222, NAN, NAN, NAN, NAN,,2024/04/02 04:54:47.614,2024-04-02 04:54:47.614000+00:00
2024/04/02, 04:55:47.614,39.689,-71.024,11.01,230.84,233.59,11.34,6.0,6.0,1013.3,1013.3,0.0,0.0,0.0,0.0,346,337,2.8,2.9,92.4,92.3,3.2,3.4,66.2,73.4,1015.4,1015.4,-7.06,290.56,-0.02,32.3593,5.9672,353.2,40.1,1471.361, NAN, NAN, NAN, NAN,,2024/04/02 04:55:47.614,2024-04-02 04:55:47.614000+00:00
2024/04/02, 04:56:47.615,39.688,-71.028,11.04,230.7,231.26,11.29,6.0,6.0,1013.3,1013.3,0.0,0.0,0.0,0.0,346,336,2.9,3.0,92.4,92.4,3.1,3.4,67.7,75.8,1015.4,1015.4,-6.98,290.39,-0.02,32.3665,5.9825,370.8,39.9,1471.432, NAN, NAN, NAN, NAN,,2024/04/02 04:56:47.615,2024-04-02 04:56:47.615000+00:00
2024/04/02, 04:57:47.615,39.686,-71.031,11.01,230.05,232.39,11.38,6.0,6.0,1013.3,1013.3,0.0,0.0,0.0,0.0,346,339,3.0,3.1,92.5,92.4,3.1,3.3,70.1,76.3,1015.4,1015.4,-7.02,290.38,-0.03,32.3744,5.9993,368.1,39.8,1471.509, NAN, NAN, NAN, NAN,,2024/04/02 04:57:47.615,2024-04-02 04:57:47.615000+00:00
2024/04/02, 04:58:47.615,39.684,-71.034,11.04,230.5,235.04,11.37,6.0,6.0,1013.3,1013.3,0.0,0.0,0.0,0.0,344,336,3.2,3.5,92.5,92.5,3.0,3.2,74.7,84.5,1015.4,1015.4,-6.96,290.83,-0.02,32.3809,6.0192,371.2,39.8,1471.596, NAN, NAN, NAN, NAN,,2024/04/02 04:58:47.615,2024-04-02 04:58:47.615000+00:00
2024/04/02, 04:59:47.615,39.682,-71.037,11.18,230.51,232.28,11.21,6.0,6.0,1013.4,1013.2,0.0,0.0,0.0,0.0,346,337,3.1,3.2,92.6,92.5,2.9,3.2,69.6,77.8,1015.5,1015.3,-6.85,290.63,-0.02,32.3877,6.0376,385.4,39.7,1471.678, NAN, NAN, NAN, NAN,,2024/04/02 04:59:47.615,2024-04-02 04:59:47.615000+00:00
2024/04/02, 05:00:47.615,39.68,-71.041,11.1,230.17,230.01,11.38,6.0,6.0,1013.3,1013.3,0.0,0.0,0.0,0.0,343,336,3.1,3.7,92.6,92.6,3.1,3.0,70.6,84.3,1015.4,1015.4,-6.96,290.58,-0.02,32.3924,6.0631,388.4,39.7,1471.786, NAN, NAN, NAN, NAN,,2024/04/02 05:00:47.615,2024-04-02 05:00:47.615000+00:00
2024/04/02, 05:01:47.615,39.678,-71.044,11.07,230.55,234.33,11.42,6.0,6.0,1013.4,1013.4,0.0,0.0,0.0,0.0,347,338,3.2,3.2,92.6,92.6,2.9,3.2,70.4,77.5,1015.5,1015.5,-6.9,290.74,-0.02,32.3989,6.0789,383.8,39.9,1471.857, NAN, NAN, NAN, NAN,,2024/04/02 05:01:47.615,2024-04-02 05:01:47.615000+00:00
2024/04/02, 05:02:47.615,39.676,-71.047,11.12,230.67,231.21,11.47,6.0,6.0,1013.5,1013.4,0.0,0.0,0.0,0.0,347,340,3.4,3.4,92.6,92.6,2.8,3.1,73.2,79.2,1015.6,1015.5,-6.92,290.69,-0.02,32.4058,6.0871,398.2,40.0,1471.899, NAN, NAN, NAN, NAN,,2024/04/02 05:02:47.615,2024-04-02 05:02:47.615000+00:00
2024/04/02, 05:03:47.615,39.674,-71.05,11.13,230.15,231.52,11.43,6.0,6.0,1013.6,1013.5,0.0,0.0,0.0,0.0,349,340,3.6,3.6,92.7,92.7,2.5,2.9,72.9,81.7,1015.7,1015.6,-6.83,290.78,-0.02,32.4101,6.1005,407.3,40.0,1471.957, NAN, NAN, NAN, NAN,,2024/04/02 05:03:47.615,2024-04-02 05:03:47.615000+00:00
2024/04/02, 05:04:47.615,39.672,-71.054,11.02,229.97,235.76,11.4,6.0,6.0,1013.5,1013.5,0.0,0.0,0.0,0.0,344,337,3.4,3.8,92.7,92.6,2.9,3.0,77.0,88.4,1015.6,1015.6,-6.88,290.77,-0.02,32.418,6.1062,395.5,39.8,1471.99, NAN, NAN, NAN, NAN,,2024/04/02 05:04:47.615,2024-04-02 05:04:47.615000+00:00
2024/04/02, 05:05:47.615,39.67,-71.057,11.01,230.64,234.68,11.34,6.0,6.0,1013.5,1013.4,0.0,0.0,0.0,0.0,346,339,3.6,3.7,92.6,92.6,2.6,2.8,75.9,83.9,1015.6,1015.5,-6.79,290.74,-0.02,32.4101,6.1016,385.1,40.2,1471.962, NAN, NAN, NAN, NAN,,2024/04/02 05:05:47.615,2024-04-02 05:05:47.615000+00:00
2024/04/02, 05:06:47.615,39.669,-71.06,11.12,231.57,233.26,11.56,6.0,6.0,1013.5,1013.4,0.0,0.0,0.0,0.0,346,339,3.7,3.7,92.6,92.6,2.6,2.9,76.4,83.0,1015.6,1015.5,-6.76,290.72,-0.03,32.4283,6.1021,391.8,39.9,1471.987, NAN, NAN, NAN, NAN,,2024/04/02 05:06:47.615,2024-04-02 05:06:47.615000+00:00
2024/04/02, 05:07:47.615,39.667,-71.063,11.1,230.51,231.51,11.36,6.0,6.0,1013.4,1013.3,0.0,0.0,0.0,0.0,345,337,3.6,3.9,92.6,92.6,2.6,2.9,77.4,89.1,1015.5,1015.4,-6.77,290.79,-0.02,32.4324,6.1409,393.4,39.9,1472.146, NAN, NAN, NAN, NAN,,2024/04/02 05:07:47.615,2024-04-02 05:07:47.615000+00:00
2024/04/02, 05:08:47.615,39.665,-71.067,11.1,230.86,235.47,11.33,6.0,6.0,1013.4,1013.3,0.0,0.0,0.0,0.0,344,338,3.8,3.9,92.6,92.6,2.5,2.8,82.4,89.2,1015.5,1015.4,-6.75,290.58,-0.02,32.4332,6.1761,374.0,40.0,1472.287, NAN, NAN, NAN, NAN,,2024/04/02 05:08:47.615,2024-04-02 05:08:47.615000+00:00
2024/04/02, 05:09:47.615,39.663,-71.07,11.18,230.2,232.08,11.65,6.0,6.0,1013.3,1013.3,0.0,0.0,0.0,0.0,344,337,4.0,4.1,92.7,92.6,2.6,2.9,84.6,91.8,1015.4,1015.4,-6.74,290.83,-0.02,32.4338,6.1725,384.1,40.1,1472.274, NAN, NAN, NAN, NAN,,2024/04/02 05:09:47.615,2024-04-02 05:09:47.615000+00:00
2024/04/02, 05:10:47.615,39.661,-71.073,10.89,230.78,233.73,11.16,6.0,6.0,1013.2,1013.2,0.0,0.0,0.0,0.0,343,335,3.8,4.2,92.7,92.7,2.5,2.8,83.4,97.0,1015.3,1015.3,-6.69,290.74,-0.02,32.4345,6.1974,388.1,39.6,1472.374, NAN, NAN, NAN, NAN,,2024/04/02 05:10:47.615,2024-04-02 05:10:47.615000+00:00
2024/04/02, 05:11:47.615,39.659,-71.077,11.16,230.87,231.99,11.38,6.0,6.0,1013.3,1013.2,0.0,0.0,0.0,0.0,343,335,4.0,4.4,92.7,92.7,2.4,2.8,84.5,98.5,1015.4,1015.3,-6.63,291.08,-0.02,32.4434,6.2354,426.0,39.9,1472.536, NAN, NAN, NAN, NAN,,2024/04/02 05:11:47.615,2024-04-02 05:11:47.615000+00:00
2024/04/02, 05:12:47.616,39.657,-71.08,11.15,229.94,230.8,11.57,6.0,6.0,1013.2,1013.2,0.0,0.0,0.0,0.0,340,333,4.0,4.5,92.7,92.8,2.7,3.0,87.3,100.4,1015.3,1015.3,-6.68,290.88,-0.02,32.4516,6.2489,416.8,40.0,1472.6, NAN, NAN, NAN, NAN,,2024/04/02 05:12:47.616,2024-04-02 05:12:47.616000+00:00
2024/04/02, 05:13:47.616,39.655,-71.083,11.25,231.02,232.35,11.56,6.0,6.0,1013.1,1013.1,0.0,0.0,0.0,0.0,339,331,4.0,5.1,92.7,92.7,2.8,3.1,88.0,112.3,1015.2,1015.2,-6.72,291.09,-0.02,32.4662,6.2839,427.2,40.0,1472.757, NAN, NAN, NAN, NAN,,2024/04/02 05:13:47.616,2024-04-02 05:13:47.616000+00:00
2024/04/02, 05:14:47.616,39.653,-71.087,11.27,230.33,230.96,11.66,6.0,6.0,1013.2,1013.1,0.0,0.0,0.0,0.0,340,331,4.0,5.2,92.7,92.7,2.7,3.1,85.7,112.6,1015.3,1015.2,-6.71,291.08,-0.02,32.483,6.2967,416.8,40.0,1472.829, NAN, NAN, NAN, NAN,,2024/04/02 05:14:47.616,2024-04-02 05:14:47.616000+00:00
2024/04/02, 05:15:47.616,39.651,-71.09,11.32,230.75,231.83,11.75,6.0,6.0,1013.1,1013.1,0.0,0.0,0.0,0.0,339,331,4.1,5.4,92.7,92.7,2.8,3.2,89.7,116.7,1015.2,1015.2,-6.66,291.39,-0.03,32.4964,6.2912,448.6,40.2,1472.824, NAN, NAN, NAN, NAN,,2024/04/02 05:15:47.616,2024-04-02 05:15:47.616000+00:00
2024/04/02, 05:16:47.616,39.649,-71.093,11.3,230.29,233.23,11.46,6.0,6.1,1013.0,1013.0,0.0,0.0,0.0,0.0,340,332,3.9,4.9,92.6,92.7,2.7,3.0,86.1,109.1,1015.1,1015.1,-6.7,291.32,-0.02,32.5127,6.2813,443.3,40.1,1472.805, NAN, NAN, NAN, NAN,,2024/04/02 05:16:47.616,2024-04-02 05:16:47.616000+00:00
2024/04/02, 05:17:47.616,39.647,-71.097,11.29,230.9,232.15,11.67,6.0,6.1,1013.0,1013.0,0.0,0.0,0.0,0.0,340,333,4.0,4.6,92.6,92.6,2.8,3.0,87.0,102.0,1015.1,1015.1,-6.76,291.47,-0.03,32.5232,6.2791,462.8,39.9,1472.81, NAN, NAN, NAN, NAN,,2024/04/02 05:17:47.616,2024-04-02 05:17:47.616000+00:00
2024/04/02, 05:18:47.616,39.645,-71.1,11.21,230.06,235.67,11.73,6.1,6.1,1013.0,1012.9,0.0,0.0,0.0,0.0,341,333,4.1,4.9,92.5,92.6,2.8,3.1,89.0,107.8,1015.1,1015.0,-6.68,291.4,-0.02,32.5288,6.281,461.1,39.8,1472.824, NAN, NAN, NAN, NAN,,2024/04/02 05:18:47.616,2024-04-02 05:18:47.616000+00:00
2024/04/02, 05:19:47.616,39.644,-71.103,11.17,231.05,231.98,11.75,6.1,6.1,1012.9,1012.8,0.0,0.0,0.0,0.0,340,333,4.1,4.6,92.5,92.6,2.7,3.0,87.2,100.7,1015.0,1014.9,-6.73,291.12,-0.02,32.5339,6.2824,456.4,39.9,1472.836, NAN, NAN, NAN, NAN,,2024/04/02 05:19:47.616,2024-04-02 05:19:47.616000+00:00
2024/04/02, 05:20:47.616,39.642,-71.107,11.27,230.87,231.03,11.62,6.1,6.1,1012.8,1012.8,0.0,0.0,0.0,0.0,336,330,4.3,5.7,92.5,92.6,2.9,3.3,95.8,122.7,1014.9,1014.9,-6.63,291.41,-0.02,32.5392,6.3668,447.3,40.0,1473.177, NAN, NAN, NAN, NAN,,2024/04/02 05:20:47.616,2024-04-02 05:20:47.616000+00:00
2024/04/02, 05:21:47.616,39.64,-71.11,11.0,229.97,233.65,11.45,6.1,6.1,1012.8,1012.8,0.0,0.0,0.0,0.0,336,330,4.1,5.8,92.5,92.6,2.9,3.3,92.8,125.1,1014.9,1014.9,-6.57,291.14,-0.02,32.5444,6.4339,439.2,39.8,1473.449, NAN, NAN, NAN, NAN,,2024/04/02 05:21:47.616,2024-04-02 05:21:47.616000+00:00
2024/04/02, 05:22:47.616,39.638,-71.114,11.07,230.59,233.37,11.62,6.1,6.1,1012.9,1012.8,0.0,0.0,0.0,0.0,335,329,4.2,6.3,92.5,92.6,3.0,3.6,95.0,131.6,1015.0,1014.9,-6.63,291.12,-0.02,32.5574,6.5009,454.7,40.0,1473.729, NAN, NAN, NAN, NAN,,2024/04/02 05:22:47.616,2024-04-02 05:22:47.616000+00:00
2024/04/02, 05:23:47.616,39.636,-71.117,11.16,230.72,233.49,11.61,6.1,6.1,1012.8,1012.8,0.0,0.0,0.0,0.0,338,331,4.2,5.6,92.6,92.6,2.8,3.2,92.4,121.1,1014.9,1014.9,-6.59,291.42,-0.02,32.578,6.5529,454.7,40.1,1473.96, NAN, NAN, NAN, NAN,,2024/04/02 05:23:47.616,2024-04-02 05:23:47.616000+00:00
2024/04/02, 05:24:47.616,39.634,-71.12,11.24,231.28,234.59,11.63,6.1,6.1,1012.9,1012.8,0.0,0.0,0.0,0.0,340,331,4.0,5.0,92.7,92.8,2.7,3.1,86.8,110.0,1015.0,1014.9,-6.63,291.54,-0.02,32.5975,6.5834,456.1,40.1,1474.105, NAN, NAN, NAN, NAN,,2024/04/02 05:24:47.616,2024-04-02 05:24:47.616000+00:00
2024/04/02, 05:25:47.616,39.632,-71.124,11.12,228.45,229.14,11.36,6.1,6.1,1013.0,1012.9,0.0,0.0,0.0,0.0,343,335,4.1,4.5,92.9,92.9,2.4,2.8,85.0,98.8,1015.1,1015.0,-6.62,291.73,-0.02,32.6199,6.6126,444.6,40.3,1474.247, NAN, NAN, NAN, NAN,,2024/04/02 05:25:47.616,2024-04-02 05:25:47.616000+00:00
2024/04/02, 05:26:47.616,39.63,-71.127,11.2,229.12,231.64,11.76,6.1,6.1,1013.0,1013.0,0.0,0.0,0.0,0.0,343,335,3.9,4.3,93.0,93.0,2.7,3.0,79.8,92.8,1015.1,1015.1,-6.56,291.88,-0.03,32.6439,6.6594,475.5,40.3,1474.461, NAN, NAN, NAN, NAN,,2024/04/02 05:26:47.616,2024-04-02 05:26:47.616000+00:00
2024/04/02, 05:27:47.617,39.628,-71.13,11.25,228.08,231.74,11.72,6.1,6.1,1013.0,1012.9,0.0,0.0,0.0,0.0,344,337,3.7,4.0,93.0,93.0,2.8,3.0,77.8,87.9,1015.1,1015.0,-6.62,291.95,-0.02,32.6629,6.7004,446.2,40.1,1474.646, NAN, NAN, NAN, NAN,,2024/04/02 05:27:47.617,2024-04-02 05:27:47.617000+00:00
2024/04/02, 05:28:47.617,39.626,-71.134,11.32,228.5,232.62,11.61,6.1,6.1,1012.9,1012.8,0.0,0.0,0.0,0.0,342,336,3.7,3.8,92.9,93.0,2.9,3.2,81.3,87.0,1015.0,1014.9,-6.59,292.03,-0.02,32.6851,6.7531,437.2,40.0,1474.88, NAN, NAN, NAN, NAN,,2024/04/02 05:28:47.617,2024-04-02 05:28:47.617000+00:00
2024/04/02, 05:29:47.617,39.624,-71.137,11.44,229.07,234.9,11.85,6.1,6.2,1013.1,1013.0,0.0,0.0,0.0,0.0,346,339,3.8,3.9,93.0,93.0,2.8,3.1,79.1,86.4,1015.2,1015.1,-6.65,291.99,-0.02,32.705,6.8058,430.5,40.2,1475.112, NAN, NAN, NAN, NAN,,2024/04/02 05:29:47.617,2024-04-02 05:29:47.617000+00:00
2024/04/02, 05:30:47.617,39.622,-71.14,11.49,228.33,231.48,12.02,6.1,6.2,1013.1,1013.0,0.0,0.0,0.0,0.0,347,340,3.7,3.7,93.1,93.1,2.8,3.1,73.1,79.3,1015.2,1015.1,-6.71,292.16,-0.03,32.7309,6.8628,427.5,40.3,1475.367, NAN, NAN, NAN, NAN,,2024/04/02 05:30:47.617,2024-04-02 05:30:47.617000+00:00
2024/04/02, 05:31:47.617,39.62,-71.144,11.57,228.32,231.87,11.77,6.2,6.2,1013.1,1013.0,0.0,0.0,0.0,0.0,347,339,3.9,4.1,93.1,93.0,2.6,2.9,78.4,88.9,1015.2,1015.1,-6.72,292.17,-0.02,32.757,6.9311,441.6,40.4,1475.666, NAN, NAN, NAN, NAN,,2024/04/02 05:31:47.617,2024-04-02 05:31:47.617000+00:00
2024/04/02, 05:32:47.617,39.618,-71.147,11.49,228.88,232.78,11.95,6.2,6.2,1013.0,1013.1,0.0,0.0,0.0,0.0,345,337,3.8,4.2,93.1,93.0,2.9,3.1,79.8,92.2,1015.1,1015.2,-6.69,292.27,-0.03,32.7837,7.038,448.3,40.4,1476.115, NAN, NAN, NAN, NAN,,2024/04/02 05:32:47.617,2024-04-02 05:32:47.617000+00:00
2024/04/02, 05:33:47.617,39.616,-71.15,11.5,228.84,231.49,11.83,6.2,6.2,1013.0,1013.0,0.0,0.0,0.0,0.0,346,338,3.7,4.0,93.1,93.1,2.8,3.0,75.8,87.2,1015.1,1015.1,-6.72,292.19,-0.02,32.8112,7.1801,455.6,40.3,1476.701, NAN, NAN, NAN, NAN,,2024/04/02 05:33:47.617,2024-04-02 05:33:47.617000+00:00
2024/04/02, 05:34:47.617,39.614,-71.154,11.49,228.8,234.09,11.81,6.2,6.3,1013.0,1012.9,0.0,0.0,0.0,0.0,345,339,3.8,3.9,93.1,93.1,2.8,3.0,80.1,86.5,1015.1,1015.0,-6.63,292.26,-0.03,32.8468,7.2902,488.0,40.5,1477.172, NAN, NAN, NAN, NAN,,2024/04/02 05:34:47.617,2024-04-02 05:34:47.617000+00:00
2024/04/02, 05:35:47.617,39.612,-71.157,11.43,228.5,233.22,11.79,6.2,6.3,1013.1,1013.0,0.0,0.0,0.0,0.0,344,335,3.6,4.0,93.1,93.1,3.0,3.2,77.6,89.9,1015.2,1015.1,-6.6,291.92,-0.02,32.8885,7.4007,521.9,40.2,1477.65, NAN, NAN, NAN, NAN,,2024/04/02 05:35:47.617,2024-04-02 05:35:47.617000+00:00
2024/04/02, 05:36:47.617,39.61,-71.161,11.59,228.89,235.14,11.81,6.3,6.3,1013.0,1013.0,0.0,0.0,0.0,0.0,343,334,3.4,4.1,93.1,93.1,3.2,3.3,77.7,93.6,1015.1,1015.1,-6.56,292.29,-0.02,32.9377,7.4949,566.5,40.6,1478.073, NAN, NAN, NAN, NAN,,2024/04/02 05:36:47.617,2024-04-02 05:36:47.617000+00:00
2024/04/02, 05:37:47.617,39.608,-71.164,11.58,229.24,231.28,12.1,6.3,6.3,1013.0,1013.0,0.0,0.0,0.0,0.0,340,333,3.3,4.1,93.1,93.1,3.4,3.4,74.2,89.7,1015.1,1015.1,-6.54,291.96,-0.03,32.981,7.535,598.5,40.6,1478.281, NAN, NAN, NAN, NAN,,2024/04/02 05:37:47.617,2024-04-02 05:37:47.617000+00:00
2024/04/02, 05:38:47.617,39.606,-71.167,11.53,228.49,235.78,11.87,6.3,6.3,1013.2,1013.0,0.0,0.0,0.0,0.0,341,334,3.1,3.6,93.0,93.0,3.5,3.5,74.4,84.9,1015.3,1015.1,-6.74,292.08,-0.02,33.0292,7.7257,628.8,40.5,1479.071, NAN, NAN, NAN, NAN,,2024/04/02 05:38:47.617,2024-04-02 05:38:47.617000+00:00
2024/04/02, 05:39:47.617,39.604,-71.171,11.48,228.53,234.12,11.69,6.4,6.4,1012.9,1012.8,0.0,0.0,0.0,0.0,332,328,2.9,4.7,93.1,93.0,3.9,3.6,77.0,104.7,1015.0,1014.9,-6.72,292.09,-0.01,33.0633,8.079,616.9,40.5,1480.457, NAN, NAN, NAN, NAN,,2024/04/02 05:39:47.617,2024-04-02 05:39:47.617000+00:00
2024/04/02, 05:40:47.617,39.602,-71.174,11.31,229.15,228.85,11.85,6.4,6.4,1013.0,1013.0,0.0,0.0,0.0,0.0,341,333,2.8,3.9,93.0,93.0,3.6,3.3,67.0,86.1,1015.1,1015.1,-6.72,292.19,-0.01,33.0836,8.3708,621.7,40.7,1481.582, NAN, NAN, NAN, NAN,,2024/04/02 05:40:47.617,2024-04-02 05:40:47.617000+00:00
2024/04/02, 05:41:47.617,39.6,-71.178,11.37,229.18,232.91,11.67,6.4,6.4,1013.0,1013.0,0.0,0.0,0.0,0.0,337,331,2.7,4.3,93.0,93.0,3.8,3.3,71.0,96.7,1015.1,1015.1,-6.72,292.24,-0.02,33.1768,8.5549,624.1,40.6,1482.387, NAN, NAN, NAN, NAN,,2024/04/02 05:41:47.617,2024-04-02 05:41:47.617000+00:00
2024/04/02, 05:42:47.618,39.598,-71.181,11.34,228.86,229.37,11.81,6.4,6.5,1013.0,1013.0,0.0,0.0,0.0,0.0,336,329,2.7,4.9,93.0,93.0,3.8,3.2,67.7,103.7,1015.1,1015.1,-6.78,292.14,-0.02,33.3185,8.6526,619.3,40.8,1482.927, NAN, NAN, NAN, NAN,,2024/04/02 05:42:47.618,2024-04-02 05:42:47.618000+00:00
2024/04/02, 05:43:47.618,39.596,-71.184,11.31,228.72,231.24,11.85,6.5,6.5,1012.8,1012.8,0.0,0.0,0.0,0.0,330,327,2.3,4.9,93.0,93.0,4.3,3.5,67.9,104.9,1014.9,1014.9,-6.8,292.18,-0.02,33.4351,8.7028,559.0,40.8,1483.258, NAN, NAN, NAN, NAN,,2024/04/02 05:43:47.618,2024-04-02 05:43:47.618000+00:00
2024/04/02, 05:44:47.618,39.594,-71.188,11.35,228.82,229.66,11.92,6.5,6.5,1012.9,1012.8,0.0,0.0,0.0,0.0,338,332,2.4,3.6,93.0,92.9,4.0,3.5,64.0,80.9,1015.0,1014.9,-6.81,292.38,-0.02,33.5152,8.7368,522.7,40.9,1483.483, NAN, NAN, NAN, NAN,,2024/04/02 05:44:47.618,2024-04-02 05:44:47.618000+00:00
2024/04/02, 05:45:47.618,39.592,-71.191,11.38,228.28,233.5,11.83,6.6,6.6,1012.8,1012.8,0.0,0.0,0.0,0.0,336,328,2.4,3.9,92.9,93.0,4.1,3.7,68.3,90.5,1014.9,1014.9,-6.78,292.51,-0.02,33.5574,8.7556,493.1,40.8,1483.604, NAN, NAN, NAN, NAN,,2024/04/02 05:45:47.618,2024-04-02 05:45:47.618000+00:00
2024/04/02, 05:46:47.618,39.59,-71.194,11.4,228.38,232.68,12.03,6.6,6.6,1013.0,1012.9,0.0,0.0,0.0,0.0,336,331,2.4,3.8,92.8,92.8,4.2,3.7,68.2,87.3,1015.1,1015.0,-6.8,292.32,-0.02,33.5772,8.774,496.1,40.8,1483.697, NAN, NAN, NAN, NAN,,2024/04/02 05:46:47.618,2024-04-02 05:46:47.618000+00:00
2024/04/02, 05:47:47.618,39.587,-71.198,11.3,228.99,231.15,11.85,6.6,6.6,1013.0,1013.0,0.0,0.0,0.0,0.0,327,325,2.1,4.5,92.8,92.9,4.5,3.6,65.4,97.4,1015.1,1015.1,-6.85,292.46,-0.02,33.5835,8.7932,477.2,40.7,1483.776, NAN, NAN, NAN, NAN,,2024/04/02 05:47:47.618,2024-04-02 05:47:47.618000+00:00
2024/04/02, 05:48:47.618,39.585,-71.201,11.35,228.58,232.81,11.91,6.7,6.7,1013.0,1013.0,0.0,0.0,0.0,0.0,338,330,2.2,3.1,92.6,92.7,4.3,4.0,66.3,79.2,1015.1,1015.1,-6.84,292.44,-0.02,33.5948,8.8057,488.6,40.9,1483.837, NAN, NAN, NAN, NAN,,2024/04/02 05:48:47.618,2024-04-02 05:48:47.618000+00:00
2024/04/02, 05:49:47.618,39.583,-71.204,11.32,228.03,232.15,11.83,6.7,6.7,1013.1,1013.1,0.0,0.0,0.0,0.0,332,326,2.2,4.6,92.6,92.5,4.3,3.6,64.9,99.0,1015.2,1015.2,-6.89,292.79,-0.02,33.5996,8.8205,470.5,40.9,1483.897, NAN, NAN, NAN, NAN,,2024/04/02 05:49:47.618,2024-04-02 05:49:47.618000+00:00
2024/04/02, 05:50:47.618,39.581,-71.208,11.32,228.87,227.47,11.86,6.7,6.7,1013.0,1013.0,0.0,0.0,0.0,0.0,336,330,2.4,3.8,92.4,92.5,4.0,3.4,63.7,83.8,1015.1,1015.1,-6.76,292.96,-0.02,33.6004,8.832,466.2,40.8,1483.941, NAN, NAN, NAN, NAN,,2024/04/02 05:50:47.618,2024-04-02 05:50:47.618000+00:00
2024/04/02, 05:51:47.618,39.579,-71.211,11.47,228.81,228.96,11.96,6.7,6.8,1013.1,1013.0,0.0,0.0,0.0,0.0,334,329,2.1,4.1,92.3,92.4,4.4,3.5,63.3,89.9,1015.2,1015.1,-6.85,292.82,-0.02,33.604,8.8411,485.6,40.9,1483.979, NAN, NAN, NAN, NAN,,2024/04/02 05:51:47.618,2024-04-02 05:51:47.618000+00:00
2024/04/02, 05:52:47.618,39.577,-71.214,11.34,228.12,225.75,11.77,6.8,6.8,1013.0,1012.9,0.0,0.0,0.0,0.0,333,327,2.2,4.7,92.2,92.3,4.2,3.3,62.2,99.0,1015.1,1015.0,-6.79,292.93,-0.02,33.6015,8.8617,486.4,40.7,1484.052, NAN, NAN, NAN, NAN,,2024/04/02 05:52:47.618,2024-04-02 05:52:47.618000+00:00
2024/04/02, 05:53:47.618,39.575,-71.217,11.31,228.57,231.16,11.66,6.8,6.8,1013.0,1012.9,0.0,0.0,0.0,0.0,327,325,2.3,4.5,92.2,92.4,4.4,3.7,69.9,100.3,1015.1,1015.0,-6.81,292.83,-0.02,33.5999,8.8859,499.8,40.8,1484.14, NAN, NAN, NAN, NAN,,2024/04/02 05:53:47.618,2024-04-02 05:53:47.618000+00:00
2024/04/02, 05:54:47.618,39.573,-71.22,11.24,228.06,228.64,11.39,6.8,6.9,1013.0,1012.9,0.0,0.0,0.0,0.0,322,323,2.2,4.9,92.2,92.3,4.4,3.7,68.7,106.4,1015.1,1015.0,-6.78,292.82,-0.01,33.5978,8.9061,496.1,40.8,1484.212, NAN, NAN, NAN, NAN,,2024/04/02 05:54:47.618,2024-04-02 05:54:47.618000+00:00
2024/04/02, 05:55:47.618,39.571,-71.224,11.2,228.46,231.53,11.56,6.9,6.9,1013.0,1013.0,0.0,0.0,0.0,0.0,314,319,2.3,4.9,92.2,92.3,4.7,4.0,70.4,104.4,1015.1,1015.1,-6.69,292.98,-0.02,33.6025,8.9063,517.9,41.0,1484.219, NAN, NAN, NAN, NAN,,2024/04/02 05:55:47.618,2024-04-02 05:55:47.618000+00:00
2024/04/02, 05:56:47.618,39.569,-71.227,11.21,232.48,233.0,11.46,6.9,6.9,1013.0,1012.9,0.0,0.0,0.0,0.0,317,322,2.2,4.9,91.8,91.9,4.5,3.6,71.2,108.1,1015.1,1015.0,-6.75,292.89,-0.02,33.6005,8.891,519.0,40.9,1484.16, NAN, NAN, NAN, NAN,,2024/04/02 05:56:47.618,2024-04-02 05:56:47.618000+00:00
2024/04/02, 05:57:47.618,39.567,-71.23,11.24,232.02,229.54,11.56,6.9,6.9,1013.0,1013.0,0.0,0.0,0.0,0.0,314,319,1.9,4.4,91.7,91.8,4.8,3.8,67.4,98.8,1015.1,1015.1,-6.81,292.83,-0.02,33.5967,8.8698,546.8,40.5,1484.077, NAN, NAN, NAN, NAN,,2024/04/02 05:57:47.618,2024-04-02 05:57:47.618000+00:00
2024/04/02, 05:58:47.619,39.565,-71.233,11.23,232.05,233.87,11.44,6.9,7.0,1013.0,1013.0,0.0,0.0,0.0,0.0,315,320,2.1,4.7,92.0,92.1,4.6,3.8,70.7,105.0,1015.1,1015.1,-6.84,292.99,-0.02,33.5926,8.8004,562.0,40.6,1483.814, NAN, NAN, NAN, NAN,,2024/04/02 05:58:47.619,2024-04-02 05:58:47.619000+00:00
2024/04/02, 05:59:47.619,39.563,-71.237,11.23,232.22,231.26,11.62,7.0,7.0,1012.9,1012.8,0.0,0.0,0.0,0.0,314,320,1.8,4.3,91.7,91.9,4.9,3.9,68.0,98.5,1015.0,1014.9,-6.95,293.37,-0.02,33.5836,8.6899,576.6,40.8,1483.392, NAN, NAN, NAN, NAN,,2024/04/02 05:59:47.619,2024-04-02 05:59:47.619000+00:00
2024/04/02, 06:00:47.619,39.561,-71.24,11.2,231.44,233.33,11.62,7.0,7.0,1013.0,1012.9,0.0,0.0,0.0,0.0,313,320,2.1,4.7,91.8,92.1,4.8,4.0,72.0,104.8,1015.1,1015.0,-6.94,293.08,-0.02,33.5777,8.6267,590.7,40.8,1483.15, NAN, NAN, NAN, NAN,,2024/04/02 06:00:47.619,2024-04-02 06:00:47.619000+00:00
2024/04/02, 06:01:47.619,39.559,-71.243,11.25,231.57,235.29,11.47,7.0,7.0,1012.9,1012.8,0.0,0.0,0.0,0.0,322,324,1.8,4.5,91.8,91.6,4.7,3.6,67.7,103.1,1015.0,1014.9,-7.02,293.2,-0.02,33.5639,8.593,570.5,40.9,1483.007, NAN, NAN, NAN, NAN,,2024/04/02 06:01:47.619,2024-04-02 06:01:47.619000+00:00
2024/04/02, 06:02:47.619,39.557,-71.246,11.27,231.21,230.16,11.57,7.0,7.0,1013.0,1012.9,0.0,0.0,0.0,0.0,325,324,1.8,4.3,91.4,91.5,4.6,3.6,65.6,98.2,1015.1,1015.0,-7.01,293.13,-0.02,33.5372,8.5223,524.0,40.9,1482.71, NAN, NAN, NAN, NAN,,2024/04/02 06:02:47.619,2024-04-02 06:02:47.619000+00:00
2024/04/02, 06:03:47.619,39.555,-71.25,11.23,231.77,230.34,11.5,7.0,7.0,1012.8,1012.7,0.0,0.0,0.0,0.0,334,328,1.6,4.0,91.2,91.3,4.5,3.3,60.3,91.5,1014.9,1014.8,-6.99,293.09,-0.02,33.524,8.4477,516.0,40.8,1482.415, NAN, NAN, NAN, NAN,,2024/04/02 06:03:47.619,2024-04-02 06:03:47.619000+00:00
2024/04/02, 06:04:47.619,39.553,-71.253,11.38,231.12,235.31,11.64,7.0,7.0,1012.9,1012.8,0.0,0.0,0.0,0.0,332,329,2.0,3.9,91.3,91.4,4.4,3.4,65.5,90.3,1015.0,1014.9,-7.04,293.37,-0.02,33.5148,8.4042,527.0,41.0,1482.24, NAN, NAN, NAN, NAN,,2024/04/02 06:04:47.619,2024-04-02 06:04:47.619000+00:00
2024/04/02, 06:05:47.619,39.551,-71.256,11.39,231.61,235.3,11.66,7.1,7.1,1012.9,1012.8,0.0,0.0,0.0,0.0,333,329,2.1,4.2,91.3,91.4,4.3,3.4,67.2,96.3,1015.0,1014.9,-7.09,293.22,-0.02,33.4846,8.3927,520.3,40.9,1482.16, NAN, NAN, NAN, NAN,,2024/04/02 06:05:47.619,2024-04-02 06:05:47.619000+00:00
2024/04/02, 06:06:47.619,39.549,-71.26,11.5,231.83,228.24,11.63,7.1,7.1,1012.9,1012.8,0.0,0.0,0.0,0.0,347,338,2.5,2.9,91.2,91.3,3.6,3.5,60.8,70.1,1015.0,1014.9,-7.07,293.76,-0.02,33.4574,8.3964,538.0,40.7,1482.14, NAN, NAN, NAN, NAN,,2024/04/02 06:06:47.619,2024-04-02 06:06:47.619000+00:00
2024/04/02, 06:07:47.619,39.547,-71.263,11.54,231.9,237.09,11.82,7.1,7.1,1013.0,1012.9,0.0,0.0,0.0,0.0,340,333,2.3,3.1,91.2,91.3,4.1,3.7,67.5,79.3,1015.1,1015.0,-6.89,293.57,-0.02,33.4455,8.401,538.8,40.9,1482.143, NAN, NAN, NAN, NAN,,2024/04/02 06:07:47.619,2024-04-02 06:07:47.619000+00:00
2024/04/02, 06:08:47.619,39.545,-71.267,11.33,231.28,231.37,11.78,7.1,7.1,1012.8,1012.8,0.0,0.0,0.0,0.0,336,330,2.4,3.7,91.5,91.6,4.0,3.5,68.0,86.8,1014.9,1014.9,-6.93,293.89,-0.02,33.4456,8.4295,521.9,40.7,1482.25, NAN, NAN, NAN, NAN,,2024/04/02 06:08:47.619,2024-04-02 06:08:47.619000+00:00
2024/04/02, 06:09:47.619,39.543,-71.27,11.35,231.88,231.23,11.62,7.1,7.2,1012.9,1012.8,0.0,0.0,0.0,0.0,343,335,2.3,2.7,91.1,91.3,3.8,3.7,62.9,70.8,1015.0,1014.9,-6.78,293.71,-0.02,33.4484,8.4767,523.3,40.8,1482.43, NAN, NAN, NAN, NAN,,2024/04/02 06:09:47.619,2024-04-02 06:09:47.619000+00:00
2024/04/02, 06:10:47.619,39.541,-71.273,11.37,231.61,236.57,11.4,7.1,7.2,1012.8,1012.8,0.0,0.0,0.0,0.0,336,330,2.5,4.3,90.9,91.0,3.8,3.2,71.2,100.1,1014.9,1014.9,-6.87,293.49,-0.02,33.4486,8.6538,532.0,40.7,1483.092, NAN, NAN, NAN, NAN,,2024/04/02 06:10:47.619,2024-04-02 06:10:47.619000+00:00
2024/04/02, 06:11:47.619,39.539,-71.276,11.15,232.64,234.76,11.42,7.2,7.2,1012.9,1012.8,0.0,0.0,0.0,0.0,338,331,2.3,3.7,91.0,91.2,3.8,3.2,65.4,86.7,1015.0,1014.9,-6.89,293.81,-0.02,33.4579,8.8413,527.6,40.8,1483.8, NAN, NAN, NAN, NAN,,2024/04/02 06:11:47.619,2024-04-02 06:11:47.619000+00:00
2024/04/02, 06:12:47.619,39.537,-71.28,11.19,230.82,230.81,11.28,7.2,7.2,1012.8,1012.8,0.0,0.0,0.0,0.0,341,333,2.4,3.3,90.8,91.0,3.6,3.3,65.1,80.3,1014.9,1014.9,-6.84,293.95,-0.02,33.4827,8.9174,517.2,41.0,1484.113, NAN, NAN, NAN, NAN,,2024/04/02 06:12:47.619,2024-04-02 06:12:47.619000+00:00
2024/04/02, 06:13:47.620,39.535,-71.283,11.27,231.67,232.57,11.44,7.2,7.2,1012.9,1012.8,0.0,0.0,0.0,0.0,336,331,2.4,4.4,91.2,91.3,3.8,2.9,65.5,97.1,1015.0,1014.9,-6.88,294.22,-0.02,33.561,8.9346,519.0,41.0,1484.273, NAN, NAN, NAN, NAN,,2024/04/02 06:13:47.620,2024-04-02 06:13:47.620000+00:00
2024/04/02, 06:14:47.620,39.533,-71.286,11.21,231.61,230.27,11.29,7.2,7.3,1012.8,1012.8,0.0,0.0,0.0,0.0,339,332,2.4,3.4,91.1,91.2,3.7,3.2,64.6,80.6,1014.9,1014.9,-6.8,293.73,-0.02,33.627,8.9382,525.4,41.0,1484.367, NAN, NAN, NAN, NAN,,2024/04/02 06:14:47.620,2024-04-02 06:14:47.620000+00:00
2024/04/02, 06:15:47.620,39.531,-71.289,11.28,232.1,231.02,11.43,7.2,7.3,1012.8,1012.8,0.0,0.0,0.0,0.0,342,335,2.6,3.3,90.7,90.8,3.5,3.2,65.2,77.7,1014.9,1014.9,-6.97,293.96,-0.02,33.6609,8.933,524.3,41.0,1484.39, NAN, NAN, NAN, NAN,,2024/04/02 06:15:47.620,2024-04-02 06:15:47.620000+00:00
2024/04/02, 06:16:47.620,39.529,-71.293,11.22,232.18,233.02,11.41,7.2,7.3,1012.8,1012.8,0.0,0.0,0.0,0.0,335,329,2.3,4.4,90.7,91.0,3.9,3.1,66.9,99.7,1014.9,1014.9,-6.86,293.61,-0.02,33.6679,8.9297,510.2,41.0,1484.386, NAN, NAN, NAN, NAN,,2024/04/02 06:16:47.620,2024-04-02 06:16:47.620000+00:00
2024/04/02, 06:17:47.620,39.528,-71.296,11.21,231.88,227.44,11.27,7.2,7.3,1012.6,1012.8,0.0,0.0,0.0,0.0,333,328,2.5,4.2,90.6,91.0,3.7,3.1,67.5,95.0,1014.7,1014.9,-6.96,293.91,-0.02,33.6733,8.929,516.0,41.0,1484.39, NAN, NAN, NAN, NAN,,2024/04/02 06:17:47.620,2024-04-02 06:17:47.620000+00:00
2024/04/02, 06:18:47.620,39.526,-71.299,11.26,232.19,232.37,11.27,7.3,7.3,1012.8,1012.8,0.0,0.0,0.0,0.0,333,328,2.3,4.9,90.8,90.9,3.9,3.1,67.6,109.9,1014.9,1014.9,-6.92,293.45,-0.02,33.6662,8.9164,501.4,41.0,1484.335, NAN, NAN, NAN, NAN,,2024/04/02 06:18:47.620,2024-04-02 06:18:47.620000+00:00
2024/04/02, 06:19:47.620,39.524,-71.302,11.24,231.97,230.62,11.29,7.3,7.3,1012.6,1012.5,0.0,0.0,0.0,0.0,334,329,2.4,4.1,90.5,90.6,3.8,3.0,66.5,93.2,1014.7,1014.6,-7.01,293.87,-0.02,33.6665,8.8883,493.4,41.0,1484.231, NAN, NAN, NAN, NAN,,2024/04/02 06:19:47.620,2024-04-02 06:19:47.620000+00:00
2024/04/02, 06:20:47.620,39.522,-71.305,11.16,231.8,229.18,11.37,7.3,7.3,1012.6,1012.6,0.0,0.0,0.0,0.0,341,334,2.2,2.9,90.6,90.6,3.8,3.4,59.6,70.1,1014.7,1014.7,-7.06,293.6,-0.02,33.6599,8.8654,499.2,41.0,1484.138, NAN, NAN, NAN, NAN,,2024/04/02 06:20:47.620,2024-04-02 06:20:47.620000+00:00
2024/04/02, 06:21:47.620,39.52,-71.309,11.2,233.07,227.51,11.31,7.3,7.3,1012.5,1012.4,0.0,0.0,0.0,0.0,341,334,2.6,3.6,90.6,90.7,3.4,2.9,63.0,80.2,1014.6,1014.5,-7.09,293.86,-0.02,33.646,8.8622,505.1,40.9,1484.109, NAN, NAN, NAN, NAN,,2024/04/02 06:21:47.620,2024-04-02 06:21:47.620000+00:00
2024/04/02, 06:22:47.620,39.518,-71.312,11.2,230.57,232.99,11.37,7.3,7.3,1012.6,1012.6,0.0,0.0,0.0,0.0,338,332,2.7,3.5,90.7,90.9,3.5,3.3,68.9,82.8,1014.7,1014.7,-7.01,294.1,-0.02,33.6316,8.8629,512.3,40.9,1484.094, NAN, NAN, NAN, NAN,,2024/04/02 06:22:47.620,2024-04-02 06:22:47.620000+00:00
2024/04/02, 06:23:47.620,39.516,-71.315,11.16,232.81,228.85,11.14,7.3,7.4,1012.6,1012.6,0.0,0.0,0.0,0.0,334,328,2.7,4.9,90.8,90.9,3.4,2.8,69.1,109.4,1014.7,1014.7,-6.99,294.08,-0.02,33.6216,8.8698,512.3,41.0,1484.107, NAN, NAN, NAN, NAN,,2024/04/02 06:23:47.620,2024-04-02 06:23:47.620000+00:00
2024/04/02, 06:24:47.620,39.514,-71.318,11.16,231.55,231.77,11.34,7.3,7.4,1012.5,1012.4,0.0,0.0,0.0,0.0,340,334,2.4,3.9,90.6,90.7,3.6,2.8,61.9,85.1,1014.6,1014.5,-7.04,293.69,-0.02,33.6201,8.8779,496.4,40.8,1484.135, NAN, NAN, NAN, NAN,,2024/04/02 06:24:47.620,2024-04-02 06:24:47.620000+00:00
2024/04/02, 06:25:47.620,39.512,-71.321,11.16,232.38,230.92,11.14,7.3,7.4,1012.5,1012.4,0.0,0.0,0.0,0.0,331,327,2.3,4.8,90.6,90.6,3.8,3.0,67.1,107.9,1014.6,1014.5,-6.99,293.89,-0.02,33.6223,8.8908,506.5,41.0,1484.186, NAN, NAN, NAN, NAN,,2024/04/02 06:25:47.620,2024-04-02 06:25:47.620000+00:00
2024/04/02, 06:26:47.620,39.51,-71.324,11.19,232.06,231.98,11.02,7.4,7.4,1012.6,1012.5,0.0,0.0,0.0,0.0,330,327,2.6,4.3,90.6,90.6,3.6,3.1,72.0,100.0,1014.7,1014.6,-6.95,294.18,-0.02,33.6305,8.8911,517.6,41.0,1484.197, NAN, NAN, NAN, NAN,,2024/04/02 06:26:47.620,2024-04-02 06:26:47.620000+00:00
2024/04/02, 06:27:47.620,39.508,-71.327,11.15,235.37,234.16,11.21,7.4,7.4,1012.6,1012.5,0.0,0.0,0.0,0.0,338,331,2.6,3.8,90.4,90.7,3.4,2.8,64.6,85.6,1014.7,1014.6,-7.04,294.27,-0.02,33.6327,8.8848,531.6,40.9,1484.176, NAN, NAN, NAN, NAN,,2024/04/02 06:27:47.620,2024-04-02 06:27:47.620000+00:00
2024/04/02, 06:28:47.620,39.506,-71.33,11.24,234.15,228.83,11.18,7.4,7.4,1012.6,1012.6,0.0,0.0,0.0,0.0,337,331,2.6,3.9,90.9,90.9,3.5,2.9,68.2,90.5,1014.7,1014.7,-6.98,294.62,-0.02,33.6414,8.8722,500.1,41.0,1484.14, NAN, NAN, NAN, NAN,,2024/04/02 06:28:47.620,2024-04-02 06:28:47.620000+00:00
2024/04/02, 06:29:47.621,39.504,-71.333,11.3,233.72,228.79,11.2,7.4,7.4,1012.4,1012.4,0.0,0.0,0.0,0.0,336,330,2.3,4.2,90.8,90.8,3.7,2.8,63.4,94.0,1014.5,1014.5,-7.04,294.51,-0.02,33.6422,8.8613,478.8,40.9,1484.101, NAN, NAN, NAN, NAN,,2024/04/02 06:29:47.621,2024-04-02 06:29:47.621000+00:00
2024/04/02, 06:30:47.621,39.502,-71.337,11.33,234.74,235.09,11.34,7.4,7.4,1012.6,1012.5,0.0,0.0,0.0,0.0,329,326,2.3,4.4,90.7,90.7,4.0,3.1,69.0,100.7,1014.7,1014.6,-7.02,294.87,-0.02,33.6405,8.9058,477.9,41.1,1484.264, NAN, NAN, NAN, NAN,,2024/04/02 06:30:47.621,2024-04-02 06:30:47.621000+00:00
2024/04/02, 06:31:47.621,39.5,-71.34,11.31,233.74,230.91,11.27,7.4,7.5,1012.5,1012.4,0.0,0.0,0.0,0.0,331,328,2.3,4.4,90.8,90.8,3.9,3.0,67.8,100.2,1014.6,1014.5,-7.07,295.05,-0.02,33.637,9.052,461.1,41.0,1484.8, NAN, NAN, NAN, NAN,,2024/04/02 06:31:47.621,2024-04-02 06:31:47.621000+00:00
2024/04/02, 06:32:47.621,39.498,-71.343,11.23,234.01,229.89,11.41,7.5,7.5,1012.5,1012.5,0.0,0.0,0.0,0.0,332,327,2.1,4.3,90.9,91.0,4.0,3.0,62.2,94.7,1014.6,1014.6,-6.98,294.81,-0.02,33.6349,9.2533,452.9,41.0,1485.538, NAN, NAN, NAN, NAN,,2024/04/02 06:32:47.621,2024-04-02 06:32:47.621000+00:00
2024/04/02, 06:33:47.621,39.497,-71.346,11.24,233.62,232.14,11.26,7.5,7.5,1012.5,1012.5,0.0,0.0,0.0,0.0,331,327,2.1,4.4,90.5,90.6,4.1,3.1,66.9,101.4,1014.6,1014.6,-7.03,294.92,-0.02,33.6572,9.5502,451.0,41.0,1486.65, NAN, NAN, NAN, NAN,,2024/04/02 06:33:47.621,2024-04-02 06:33:47.621000+00:00
2024/04/02, 06:34:47.621,39.495,-71.349,11.18,233.85,233.29,10.97,7.5,7.5,1012.6,1012.5,0.0,0.0,0.0,0.0,326,325,2.2,4.6,91.0,90.9,4.0,3.2,71.0,108.0,1014.7,1014.6,-7.04,295.48,-0.02,33.7104,9.6954,434.2,41.1,1487.243, NAN, NAN, NAN, NAN,,2024/04/02 06:34:47.621,2024-04-02 06:34:47.621000+00:00
2024/04/02, 06:35:47.621,39.493,-71.353,11.13,234.62,230.76,11.18,7.5,7.5,1012.8,1012.6,0.0,0.0,0.0,0.0,342,332,2.2,2.9,90.7,90.7,3.7,3.3,59.9,72.4,1014.9,1014.7,-7.22,295.66,-0.02,33.7775,9.7536,420.1,41.0,1487.536, NAN, NAN, NAN, NAN,,2024/04/02 06:35:47.621,2024-04-02 06:35:47.621000+00:00
2024/04/02, 06:36:47.621,39.491,-71.356,11.15,233.84,236.72,11.29,7.5,7.5,1012.6,1012.5,0.0,0.0,0.0,0.0,339,331,2.0,3.1,90.9,90.9,4.0,3.5,65.1,80.8,1014.7,1014.6,-7.08,295.73,-0.02,33.8619,9.7856,368.4,41.1,1487.755, NAN, NAN, NAN, NAN,,2024/04/02 06:36:47.621,2024-04-02 06:36:47.621000+00:00
2024/04/02, 06:37:47.621,39.489,-71.359,11.15,233.24,236.5,11.33,7.5,7.5,1012.7,1012.6,0.0,0.0,0.0,0.0,340,331,2.2,3.4,90.9,91.0,3.9,3.4,67.3,86.1,1014.8,1014.7,-7.15,296.02,-0.02,33.9032,9.801,348.6,41.2,1487.861, NAN, NAN, NAN, NAN,,2024/04/02 06:37:47.621,2024-04-02 06:37:47.621000+00:00
2024/04/02, 06:38:47.621,39.487,-71.362,11.19,233.61,231.64,11.16,7.5,7.6,1012.6,1012.5,0.0,0.0,0.0,0.0,351,342,1.9,2.3,90.9,90.9,3.9,3.6,57.3,64.1,1014.7,1014.6,-7.15,296.26,-0.02,33.9255,9.809,322.7,41.3,1487.917, NAN, NAN, NAN, NAN,,2024/04/02 06:38:47.621,2024-04-02 06:38:47.621000+00:00
2024/04/02, 06:39:47.621,39.485,-71.365,11.12,233.63,232.05,11.19,7.6,7.6,1012.7,1012.6,0.0,0.0,0.0,0.0,353,344,2.1,2.0,90.8,90.8,3.7,3.9,56.3,60.6,1014.8,1014.7,-7.15,296.77,-0.02,33.9372,9.8165,320.3,41.2,1487.959, NAN, NAN, NAN, NAN,,2024/04/02 06:39:47.621,2024-04-02 06:39:47.621000+00:00
2024/04/02, 06:40:47.621,39.483,-71.369,11.19,233.68,234.06,11.43,7.6,7.6,1012.6,1012.6,0.0,0.0,0.0,0.0,358,347,2.1,2.0,90.5,90.5,3.8,4.0,55.6,61.0,1014.7,1014.7,-7.14,297.31,-0.02,33.9422,9.8225,311.2,41.3,1487.986, NAN, NAN, NAN, NAN,,2024/04/02 06:40:47.621,2024-04-02 06:40:47.621000+00:00
2024/04/02, 06:41:47.621,39.482,-71.372,11.24,233.95,231.38,11.27,7.6,7.6,1012.7,1012.7,0.0,0.0,0.0,0.0,345,336,1.8,2.5,91.1,91.1,4.1,3.6,59.0,68.5,1014.8,1014.8,-7.04,297.61,-0.02,33.9446,9.827,295.5,41.3,1488.005, NAN, NAN, NAN, NAN,,2024/04/02 06:41:47.621,2024-04-02 06:41:47.621000+00:00
2024/04/02, 06:42:47.621,39.48,-71.375,11.25,234.39,234.2,11.38,7.6,7.7,1012.6,1012.6,0.0,0.0,0.0,0.0,341,335,2.1,2.6,90.7,90.7,3.9,3.6,61.9,69.3,1014.7,1014.7,-7.13,298.15,-0.02,33.9461,9.8417,300.1,41.3,1488.06, NAN, NAN, NAN, NAN,,2024/04/02 06:42:47.621,2024-04-02 06:42:47.621000+00:00
2024/04/02, 06:43:47.621,39.478,-71.378,11.07,232.24,232.12,11.18,7.7,7.7,1012.6,1012.6,0.0,0.0,0.0,0.0,328,326,1.8,4.0,90.5,90.5,4.3,3.2,63.5,93.4,1014.7,1014.7,-7.14,298.51,-0.02,33.9492,9.86,281.6,41.3,1488.13, NAN, NAN, NAN, NAN,,2024/04/02 06:43:47.621,2024-04-02 06:43:47.621000+00:00
2024/04/02, 06:44:47.621,39.476,-71.382,11.23,232.06,231.29,11.16,7.6,7.7,1012.6,1012.6,0.0,0.0,0.0,0.0,341,331,1.7,3.0,90.0,90.1,4.2,3.4,60.0,77.5,1014.7,1014.7,-7.25,299.11,-0.02,33.9508,9.879,290.4,41.4,1488.201, NAN, NAN, NAN, NAN,,2024/04/02 06:44:47.621,2024-04-02 06:44:47.621000+00:00
2024/04/02, 06:45:47.622,39.474,-71.385,11.21,232.33,232.63,11.32,7.6,7.6,1012.6,1012.6,0.0,0.0,0.0,0.0,337,334,2.3,3.3,89.9,89.9,3.8,3.2,66.4,79.7,1014.7,1014.7,-7.28,300.54,-0.02,33.9542,9.9054,285.4,41.4,1488.3, NAN, NAN, NAN, NAN,,2024/04/02 06:45:47.622,2024-04-02 06:45:47.622000+00:00
2024/04/02, 06:46:47.622,39.472,-71.388,11.28,232.14,232.53,11.31,7.7,7.7,1012.5,1012.4,0.0,0.0,0.0,0.0,327,325,1.9,4.4,91.0,91.0,4.4,3.4,67.0,101.9,1014.6,1014.5,-7.09,300.99,-0.02,33.9603,9.938,279.0,41.4,1488.425, NAN, NAN, NAN, NAN,,2024/04/02 06:46:47.622,2024-04-02 06:46:47.622000+00:00
2024/04/02, 06:47:47.622,39.47,-71.391,11.29,231.85,230.52,11.53,7.7,7.7,1012.3,1012.4,0.0,0.0,0.0,0.0,326,325,1.9,4.5,90.7,91.1,4.5,3.4,64.7,100.1,1014.4,1014.5,-7.01,301.51,-0.02,33.9665,9.9952,278.2,41.4,1488.639, NAN, NAN, NAN, NAN,,2024/04/02 06:47:47.622,2024-04-02 06:47:47.622000+00:00
2024/04/02, 06:48:47.622,39.468,-71.395,11.23,230.83,234.46,11.66,7.7,7.7,1012.4,1012.3,0.0,0.0,0.0,0.0,323,324,1.6,4.1,90.2,90.3,4.9,3.8,65.5,95.9,1014.5,1014.4,-7.13,302.07,-0.02,33.9754,10.0535,279.6,41.4,1488.859, NAN, NAN, NAN, NAN,,2024/04/02 06:48:47.622,2024-04-02 06:48:47.622000+00:00
2024/04/02, 06:49:47.622,39.466,-71.398,11.28,231.44,231.39,11.38,7.7,7.7,1012.2,1012.2,0.0,0.0,0.0,0.0,327,324,1.5,3.9,89.8,89.9,4.7,3.7,63.8,94.1,1014.3,1014.3,-7.04,302.71,-0.02,33.9901,10.0978,286.0,41.4,1489.036, NAN, NAN, NAN, NAN,,2024/04/02 06:49:47.622,2024-04-02 06:49:47.622000+00:00
2024/04/02, 06:50:47.622,39.464,-71.401,11.26,231.99,232.7,11.61,7.7,7.7,1012.3,1012.3,0.0,0.0,0.0,0.0,316,321,1.7,4.1,90.2,90.3,4.9,3.9,67.3,96.1,1014.4,1014.4,-7.13,303.33,-0.02,34.0105,10.1516,280.9,41.6,1489.254, NAN, NAN, NAN, NAN,,2024/04/02 06:50:47.622,2024-04-02 06:50:47.622000+00:00
2024/04/02, 06:51:47.622,39.463,-71.404,11.23,232.05,235.29,11.29,7.7,7.8,1012.1,1012.1,0.0,0.0,0.0,0.0,314,319,1.8,4.2,90.4,90.5,4.8,4.0,70.7,100.8,1014.2,1014.2,-7.06,304.57,-0.02,34.0328,10.2062,294.8,41.6,1489.477, NAN, NAN, NAN, NAN,,2024/04/02 06:51:47.622,2024-04-02 06:51:47.622000+00:00
2024/04/02, 06:52:47.622,39.461,-71.408,11.3,231.58,232.73,11.45,7.8,7.8,1012.2,1012.2,0.0,0.0,0.0,0.0,314,317,1.6,3.8,90.4,90.5,5.0,4.2,67.2,93.4,1014.3,1014.3,-7.06,304.73,-0.02,34.0454,10.2722,309.2,41.6,1489.728, NAN, NAN, NAN, NAN,,2024/04/02 06:52:47.622,2024-04-02 06:52:47.622000+00:00
2024/04/02, 06:53:47.622,39.459,-71.411,11.34,232.41,234.48,11.54,7.8,7.8,1012.1,1012.0,0.0,0.0,0.0,0.0,326,326,1.4,3.5,90.2,90.2,4.9,3.7,64.4,88.2,1014.2,1014.1,-7.13,305.53,-0.02,34.0688,10.3258,311.6,41.7,1489.948, NAN, NAN, NAN, NAN,,2024/04/02 06:53:47.622,2024-04-02 06:53:47.622000+00:00
2024/04/02, 06:54:47.622,39.457,-71.414,11.38,232.03,231.03,11.57,7.8,7.8,1012.0,1012.0,0.0,0.0,0.0,0.0,319,321,1.6,3.7,90.3,90.3,4.9,3.9,64.7,89.4,1014.1,1014.1,-7.18,306.32,-0.02,34.0895,10.3653,326.0,41.6,1490.114, NAN, NAN, NAN, NAN,,2024/04/02 06:54:47.622,2024-04-02 06:54:47.622000+00:00
2024/04/02, 06:55:47.622,39.455,-71.417,11.35,231.22,233.6,11.37,7.8,7.9,1012.1,1012.1,0.0,0.0,0.0,0.0,300,317,1.9,4.2,90.5,90.5,5.2,4.2,72.2,99.4,1014.2,1014.2,-7.13,307.07,-0.02,34.1073,10.4192,343.8,41.8,1490.327, NAN, NAN, NAN, NAN,,2024/04/02 06:55:47.622,2024-04-02 06:55:47.622000+00:00
2024/04/02, 06:56:47.622,39.453,-71.421,11.37,232.81,233.72,11.36,7.9,7.9,1012.1,1012.0,0.0,0.0,0.0,0.0,308,319,1.5,3.9,90.7,90.9,5.1,3.9,66.4,94.4,1014.2,1014.1,-6.84,307.01,-0.01,34.1306,10.5217,332.4,41.8,1490.72, NAN, NAN, NAN, NAN,,2024/04/02 06:56:47.622,2024-04-02 06:56:47.622000+00:00
2024/04/02, 06:57:47.622,39.451,-71.424,11.36,231.18,235.09,11.57,7.9,7.9,1012.1,1012.0,0.0,0.0,0.0,0.0,308,319,1.6,4.0,90.3,90.3,5.2,4.1,67.8,95.4,1014.2,1014.1,-6.98,307.58,-0.01,34.1474,10.6066,344.6,41.8,1491.041, NAN, NAN, NAN, NAN,,2024/04/02 06:57:47.622,2024-04-02 06:57:47.622000+00:00
2024/04/02, 06:58:47.622,39.449,-71.427,11.4,231.48,232.65,11.33,7.9,7.9,1012.2,1012.2,0.0,0.0,0.0,0.0,317,321,2.0,4.6,90.6,90.6,4.6,3.7,69.4,104.0,1014.3,1014.3,-6.87,307.75,-0.02,34.1714,10.7573,360.8,41.8,1491.603, NAN, NAN, NAN, NAN,,2024/04/02 06:58:47.622,2024-04-02 06:58:47.622000+00:00
2024/04/02, 06:59:47.622,39.447,-71.431,11.3,232.29,230.58,11.26,7.9,8.0,1012.2,1012.2,0.0,0.0,0.0,0.0,324,324,2.1,4.5,90.2,90.1,4.3,3.4,69.0,103.1,1014.3,1014.3,-6.78,307.71,-0.02,34.2017,10.9095,362.4,41.6,1492.175, NAN, NAN, NAN, NAN,,2024/04/02 06:59:47.622,2024-04-02 06:59:47.622000+00:00
2024/04/02, 07:00:47.623,39.445,-71.434,11.33,232.19,229.57,11.31,7.9,8.0,1012.2,1012.2,0.0,0.0,0.0,0.0,325,326,1.6,4.3,89.9,90.1,4.6,3.3,63.2,98.6,1014.3,1014.3,-6.72,306.97,-0.02,34.2404,10.9813,371.6,41.6,1492.474, NAN, NAN, NAN, NAN,,2024/04/02 07:00:47.623,2024-04-02 07:00:47.623000+00:00
2024/04/02, 07:01:47.623,39.443,-71.437,11.23,231.43,233.18,11.28,7.9,8.0,1012.2,1012.1,0.0,0.0,0.0,0.0,315,319,2.0,4.4,90.3,90.2,4.6,3.9,70.7,101.9,1014.3,1014.2,-6.82,307.32,-0.02,34.299,11.0175,368.4,41.7,1492.672, NAN, NAN, NAN, NAN,,2024/04/02 07:01:47.623,2024-04-02 07:01:47.623000+00:00
2024/04/02, 07:02:47.623,39.442,-71.44,11.27,232.04,234.89,11.1,8.0,8.0,1012.2,1012.2,0.0,0.0,0.0,0.0,318,321,2.4,5.0,90.6,90.7,4.3,3.8,76.2,113.2,1014.3,1014.3,-6.68,307.22,-0.02,34.3482,11.02,327.8,41.8,1492.74, NAN, NAN, NAN, NAN,,2024/04/02 07:02:47.623,2024-04-02 07:02:47.623000+00:00
2024/04/02, 07:03:47.623,39.44,-71.443,11.25,231.83,232.81,11.3,8.0,8.1,1012.2,1012.2,0.0,0.0,0.0,0.0,320,323,2.4,4.7,90.7,90.7,4.3,3.6,73.9,106.5,1014.3,1014.3,-6.68,306.81,-0.02,34.3731,11.007,307.2,42.0,1492.724, NAN, NAN, NAN, NAN,,2024/04/02 07:03:47.623,2024-04-02 07:03:47.623000+00:00
2024/04/02, 07:04:47.623,39.438,-71.446,11.26,231.28,231.73,11.14,8.1,8.1,1012.2,1012.1,0.0,0.0,0.0,0.0,322,322,2.4,4.7,90.5,90.6,4.1,3.5,72.0,106.1,1014.3,1014.2,-6.71,306.23,-0.02,34.386,11.003,307.2,41.9,1492.726, NAN, NAN, NAN, NAN,,2024/04/02 07:04:47.623,2024-04-02 07:04:47.623000+00:00
2024/04/02, 07:05:47.623,39.436,-71.45,11.24,232.69,229.53,11.18,8.1,8.1,1012.2,1012.1,0.0,0.0,0.0,0.0,324,322,2.4,4.8,90.8,90.8,4.0,3.4,71.4,108.0,1014.3,1014.2,-6.66,305.69,-0.02,34.3811,10.9366,294.8,42.0,1492.487, NAN, NAN, NAN, NAN,,2024/04/02 07:05:47.623,2024-04-02 07:05:47.623000+00:00
2024/04/02, 07:06:47.623,39.434,-71.453,11.13,232.06,231.39,11.02,8.1,8.1,1012.2,1012.1,0.0,0.0,0.0,0.0,319,322,2.0,4.5,90.4,90.4,4.3,3.5,69.1,104.3,1014.3,1014.2,-6.66,304.66,-0.02,34.3762,10.8169,305.9,41.8,1492.06, NAN, NAN, NAN, NAN,,2024/04/02 07:06:47.623,2024-04-02 07:06:47.623000+00:00
2024/04/02, 07:07:47.623,39.432,-71.456,11.19,230.94,233.44,11.05,8.1,8.1,1012.3,1012.2,0.0,0.0,0.0,0.0,329,326,2.2,4.5,90.1,90.0,4.1,3.4,71.8,106.5,1014.4,1014.3,-6.59,304.65,-0.02,34.3677,10.7169,295.2,41.9,1491.698, NAN, NAN, NAN, NAN,,2024/04/02 07:07:47.623,2024-04-02 07:07:47.623000+00:00
2024/04/02, 07:08:47.623,39.43,-71.459,11.16,231.13,233.85,11.04,8.2,8.2,1012.2,1012.2,0.0,0.0,0.0,0.0,328,327,2.5,5.0,90.8,90.8,3.9,3.3,75.0,114.7,1014.3,1014.3,-6.63,304.58,-0.02,34.3441,10.6637,298.2,41.9,1491.481, NAN, NAN, NAN, NAN,,2024/04/02 07:08:47.623,2024-04-02 07:08:47.623000+00:00
2024/04/02, 07:09:47.623,39.428,-71.462,11.09,231.91,233.34,11.21,8.2,8.2,1012.2,1012.1,0.0,0.0,0.0,0.0,315,320,2.2,4.6,90.9,90.8,4.5,3.8,74.0,106.2,1014.3,1014.2,-6.69,304.19,-0.02,34.3052,10.6209,302.5,41.9,1491.283, NAN, NAN, NAN, NAN,,2024/04/02 07:09:47.623,2024-04-02 07:09:47.623000+00:00
2024/04/02, 07:10:47.623,39.426,-71.465,11.11,231.93,234.03,11.39,8.2,8.2,1012.2,1012.1,0.0,0.0,0.0,0.0,315,320,2.2,4.6,90.5,90.4,4.6,3.9,73.9,105.4,1014.3,1014.2,-6.66,303.9,-0.02,34.274,10.5995,314.5,42.1,1491.169, NAN, NAN, NAN, NAN,,2024/04/02 07:10:47.623,2024-04-02 07:10:47.623000+00:00
2024/04/02, 07:11:47.623,39.424,-71.469,11.17,231.73,234.34,11.16,8.3,8.3,1012.2,1012.1,0.0,0.0,0.0,0.0,323,323,2.3,5.0,90.7,90.7,4.2,3.5,71.9,112.0,1014.3,1014.2,-6.65,304.09,-0.02,34.2528,10.593,320.9,41.9,1491.121, NAN, NAN, NAN, NAN,,2024/04/02 07:11:47.623,2024-04-02 07:11:47.623000+00:00
2024/04/02, 07:12:47.623,39.423,-71.472,11.22,231.72,230.75,11.18,8.3,8.3,1012.2,1012.1,0.0,0.0,0.0,0.0,327,325,2.7,5.0,90.8,90.7,3.8,3.3,74.6,111.8,1014.3,1014.2,-6.63,303.97,-0.02,34.2386,10.583,336.4,42.0,1491.068, NAN, NAN, NAN, NAN,,2024/04/02 07:12:47.623,2024-04-02 07:12:47.623000+00:00
2024/04/02, 07:13:47.623,39.421,-71.475,11.22,231.89,233.56,11.26,8.3,8.3,1012.2,1012.1,0.0,0.0,0.0,0.0,323,323,2.4,5.0,90.3,90.3,4.2,3.6,73.9,112.1,1014.3,1014.2,-6.65,303.76,-0.02,34.2281,10.5706,337.4,42.1,1491.011, NAN, NAN, NAN, NAN,,2024/04/02 07:13:47.623,2024-04-02 07:13:47.623000+00:00
2024/04/02, 07:14:47.623,39.419,-71.478,11.24,231.81,235.78,11.29,8.3,8.3,1012.2,1012.2,0.0,0.0,0.0,0.0,328,326,2.7,4.8,90.1,90.1,3.9,3.4,76.5,109.4,1014.3,1014.3,-6.76,303.63,-0.02,34.225,10.5465,339.2,42.0,1490.922, NAN, NAN, NAN, NAN,,2024/04/02 07:14:47.623,2024-04-02 07:14:47.623000+00:00
2024/04/02, 07:15:47.624,39.417,-71.481,11.23,231.6,235.04,11.26,8.3,8.3,1012.3,1012.3,0.0,0.0,0.0,0.0,335,330,2.7,4.5,90.2,90.1,3.6,3.0,72.6,103.3,1014.4,1014.4,-6.73,303.4,-0.01,34.2211,10.5267,352.6,42.0,1490.847, NAN, NAN, NAN, NAN,,2024/04/02 07:15:47.624,2024-04-02 07:15:47.624000+00:00
2024/04/02, 07:16:47.624,39.415,-71.485,11.19,230.37,232.43,11.38,8.3,8.3,1012.3,1012.3,0.0,0.0,0.0,0.0,332,329,2.5,4.6,90.2,90.2,3.9,3.1,69.6,102.7,1014.4,1014.4,-6.79,303.24,-0.02,34.2158,10.5077,346.2,41.9,1490.773, NAN, NAN, NAN, NAN,,2024/04/02 07:16:47.624,2024-04-02 07:16:47.624000+00:00
2024/04/02, 07:17:47.624,39.413,-71.488,11.22,231.66,233.67,11.4,8.3,8.3,1012.2,1012.2,0.0,0.0,0.0,0.0,328,327,2.5,4.6,89.9,89.9,4.0,3.3,72.2,103.9,1014.3,1014.3,-6.84,302.87,-0.02,34.2092,10.4961,353.9,42.0,1490.724, NAN, NAN, NAN, NAN,,2024/04/02 07:17:47.624,2024-04-02 07:17:47.624000+00:00
2024/04/02, 07:18:47.624,39.411,-71.491,11.19,231.14,233.08,11.34,8.3,8.3,1012.3,1012.2,0.0,0.0,0.0,0.0,326,325,3.0,5.2,90.3,90.3,3.8,3.5,79.8,114.5,1014.4,1014.3,-6.84,303.13,-0.02,34.1999,10.4885,348.6,42.0,1490.686, NAN, NAN, NAN, NAN,,2024/04/02 07:18:47.624,2024-04-02 07:18:47.624000+00:00
2024/04/02, 07:19:47.624,39.409,-71.494,11.22,230.16,231.52,11.3,8.4,8.4,1012.3,1012.3,0.0,0.0,0.0,0.0,323,323,2.7,5.2,90.4,90.3,4.1,3.8,77.6,114.3,1014.4,1014.4,-6.71,302.4,-0.02,34.1939,10.4833,356.3,42.1,1490.66, NAN, NAN, NAN, NAN,,2024/04/02 07:19:47.624,2024-04-02 07:19:47.624000+00:00
2024/04/02, 07:20:47.624,39.407,-71.497,11.16,230.39,229.2,11.18,8.4,8.4,1012.4,1012.3,0.0,0.0,0.0,0.0,324,324,2.7,5.0,90.3,90.3,3.9,3.5,75.4,110.9,1014.5,1014.4,-6.83,302.36,-0.02,34.1892,10.48,344.6,41.9,1490.643, NAN, NAN, NAN, NAN,,2024/04/02 07:20:47.624,2024-04-02 07:20:47.624000+00:00
2024/04/02, 07:21:47.624,39.405,-71.501,11.14,230.77,232.96,11.46,8.4,8.4,1012.3,1012.2,0.0,0.0,0.0,0.0,328,327,3.2,5.6,90.4,90.4,3.7,3.5,81.9,120.8,1014.4,1014.3,-6.74,302.46,-0.02,34.185,10.4775,337.9,42.0,1490.629, NAN, NAN, NAN, NAN,,2024/04/02 07:21:47.624,2024-04-02 07:21:47.624000+00:00
2024/04/02, 07:22:47.624,39.403,-71.504,11.22,231.09,230.84,11.48,8.4,8.4,1012.3,1012.3,0.0,0.0,0.0,0.0,328,326,3.1,5.4,90.2,90.4,3.7,3.4,78.8,116.4,1014.4,1014.4,-6.78,301.82,-0.02,34.1842,10.4742,326.7,42.1,1490.616, NAN, NAN, NAN, NAN,,2024/04/02 07:22:47.624,2024-04-02 07:22:47.624000+00:00
2024/04/02, 07:23:47.624,39.401,-71.507,11.18,231.32,233.17,11.53,8.4,8.4,1012.3,1012.2,0.0,0.0,0.0,0.0,341,332,2.7,3.6,89.7,89.7,3.5,3.3,66.9,83.8,1014.4,1014.3,-6.89,301.59,-0.02,34.1837,10.4705,336.8,42.0,1490.602, NAN, NAN, NAN, NAN,,2024/04/02 07:23:47.624,2024-04-02 07:23:47.624000+00:00
2024/04/02, 07:24:47.624,39.399,-71.51,11.22,231.19,227.64,11.36,8.4,8.5,1012.3,1012.3,0.0,0.0,0.0,0.0,328,325,3.2,5.8,90.2,90.2,3.5,3.4,78.2,122.6,1014.4,1014.4,-6.95,301.71,-0.02,34.1805,10.4681,342.2,42.1,1490.59, NAN, NAN, NAN, NAN,,2024/04/02 07:24:47.624,2024-04-02 07:24:47.624000+00:00
2024/04/02, 07:25:47.624,39.397,-71.514,11.27,231.08,230.46,11.41,8.4,8.5,1012.3,1012.3,0.0,0.0,0.0,0.0,326,325,2.8,5.3,90.1,90.2,3.9,3.4,75.6,114.9,1014.4,1014.4,-6.85,300.91,-0.02,34.1796,10.4673,331.5,42.1,1490.586, NAN, NAN, NAN, NAN,,2024/04/02 07:25:47.624,2024-04-02 07:25:47.624000+00:00
2024/04/02, 07:26:47.624,39.396,-71.517,11.21,229.98,232.84,11.71,8.4,8.5,1012.4,1012.3,0.0,0.0,0.0,0.0,336,330,2.4,3.8,89.7,89.7,4.0,3.5,68.0,88.5,1014.5,1014.4,-6.98,300.69,-0.02,34.1797,10.4655,329.4,42.0,1490.58, NAN, NAN, NAN, NAN,,2024/04/02 07:26:47.624,2024-04-02 07:26:47.624000+00:00
2024/04/02, 07:27:47.624,39.394,-71.52,11.17,231.06,230.88,11.26,8.4,8.5,1012.4,1012.3,0.0,0.0,0.0,0.0,336,330,2.9,4.4,90.0,89.9,3.4,3.0,71.6,99.0,1014.5,1014.4,-6.97,300.97,-0.02,34.1773,10.464,326.0,41.9,1490.571, NAN, NAN, NAN, NAN,,2024/04/02 07:27:47.624,2024-04-02 07:27:47.624000+00:00
2024/04/02, 07:28:47.624,39.392,-71.523,11.14,230.2,232.7,11.49,8.5,8.5,1012.3,1012.3,0.0,0.0,0.0,0.0,338,332,2.7,3.9,90.0,90.2,3.6,3.3,71.5,91.3,1014.4,1014.4,-7.02,300.6,-0.02,34.1792,10.4627,324.4,42.1,1490.569, NAN, NAN, NAN, NAN,,2024/04/02 07:28:47.624,2024-04-02 07:28:47.624000+00:00
2024/04/02, 07:29:47.624,39.39,-71.527,11.22,230.76,230.61,11.43,8.5,8.5,1012.5,1012.3,0.0,0.0,0.0,0.0,339,333,3.4,3.8,90.2,90.2,3.0,3.1,75.8,86.2,1014.6,1014.4,-6.86,300.57,-0.02,34.1799,10.4615,319.0,42.1,1490.566, NAN, NAN, NAN, NAN,,2024/04/02 07:29:47.624,2024-04-02 07:29:47.624000+00:00
2024/04/02, 07:30:47.625,39.388,-71.53,11.24,230.56,228.34,11.48,8.5,8.6,1012.5,1012.5,0.0,0.0,0.0,0.0,339,332,2.9,3.8,90.4,90.4,3.4,3.1,69.2,86.1,1014.6,1014.6,-6.88,300.29,-0.01,34.1781,10.4588,332.4,42.1,1490.554, NAN, NAN, NAN, NAN,,2024/04/02 07:30:47.625,2024-04-02 07:30:47.625000+00:00
2024/04/02, 07:31:47.625,39.386,-71.533,11.22,230.63,235.27,11.57,8.5,8.6,1012.5,1012.4,0.0,0.0,0.0,0.0,346,340,3.1,3.1,89.8,89.8,3.1,3.3,70.8,75.3,1014.6,1014.5,-6.9,300.74,-0.01,34.178,10.4565,319.0,42.1,1490.546, NAN, NAN, NAN, NAN,,2024/04/02 07:31:47.625,2024-04-02 07:31:47.625000+00:00
2024/04/02, 07:32:47.625,39.384,-71.536,11.18,230.39,230.42,11.57,8.6,8.6,1012.4,1012.4,0.0,0.0,0.0,0.0,350,342,3.0,3.2,90.1,90.1,3.1,3.1,63.0,71.8,1014.5,1014.5,-6.97,301.29,-0.02,34.1781,10.4627,315.6,42.1,1490.568, NAN, NAN, NAN, NAN,,2024/04/02 07:32:47.625,2024-04-02 07:32:47.625000+00:00
2024/04/02, 07:33:47.625,39.382,-71.54,11.21,230.81,231.8,11.59,8.6,8.6,1012.4,1012.3,0.0,0.0,0.0,0.0,331,327,3.1,5.5,90.5,90.5,3.6,3.4,77.1,117.4,1014.5,1014.4,-6.87,301.69,-0.02,34.178,10.4714,326.7,42.2,1490.599, NAN, NAN, NAN, NAN,,2024/04/02 07:33:47.625,2024-04-02 07:33:47.625000+00:00
2024/04/02, 07:34:47.625,39.38,-71.543,11.16,230.58,234.16,11.73,8.6,8.6,1012.4,1012.3,0.0,0.0,0.0,0.0,335,330,2.7,4.0,90.0,90.0,3.8,3.4,72.3,92.4,1014.5,1014.4,-6.99,302.23,-0.02,34.1794,10.4813,333.4,42.3,1490.635, NAN, NAN, NAN, NAN,,2024/04/02 07:34:47.625,2024-04-02 07:34:47.625000+00:00
2024/04/02, 07:35:47.625,39.378,-71.546,11.22,231.1,230.83,11.51,8.6,8.6,1012.4,1012.3,0.0,0.0,0.0,0.0,332,328,2.9,5.4,90.1,90.1,3.6,3.1,72.6,115.7,1014.5,1014.4,-7.04,303.08,-0.02,34.1809,10.4881,304.6,42.1,1490.661, NAN, NAN, NAN, NAN,,2024/04/02 07:35:47.625,2024-04-02 07:35:47.625000+00:00
2024/04/02, 07:36:47.625,39.376,-71.55,11.23,231.1,231.94,11.64,8.6,8.6,1012.4,1012.3,0.0,0.0,0.0,0.0,335,329,2.7,4.8,89.8,89.8,3.8,3.2,71.3,105.7,1014.5,1014.4,-6.96,303.56,-0.02,34.1849,10.4961,304.6,42.2,1490.695, NAN, NAN, NAN, NAN,,2024/04/02 07:36:47.625,2024-04-02 07:36:47.625000+00:00
2024/04/02, 07:37:47.625,39.374,-71.553,11.26,230.9,232.03,11.7,8.6,8.7,1012.4,1012.3,0.0,0.0,0.0,0.0,336,330,2.8,4.7,89.8,89.9,3.7,3.2,71.6,103.3,1014.5,1014.4,-7.04,304.15,-0.02,34.1909,10.5067,308.9,42.3,1490.74, NAN, NAN, NAN, NAN,,2024/04/02 07:37:47.625,2024-04-02 07:37:47.625000+00:00
2024/04/02, 07:38:47.625,39.372,-71.556,11.29,230.95,231.91,11.61,8.7,8.7,1012.3,1012.3,0.0,0.0,0.0,0.0,328,326,2.4,4.8,90.0,90.0,4.2,3.4,69.6,105.0,1014.4,1014.4,-6.95,304.41,-0.01,34.1907,10.5208,296.4,42.2,1490.789, NAN, NAN, NAN, NAN,,2024/04/02 07:38:47.625,2024-04-02 07:38:47.625000+00:00
2024/04/02, 07:39:47.625,39.37,-71.56,11.27,231.24,232.62,11.73,8.7,8.7,1012.2,1012.3,0.0,0.0,0.0,0.0,332,328,2.5,4.5,90.1,89.9,4.0,3.2,68.1,98.2,1014.3,1014.4,-6.95,304.79,-0.02,34.1978,10.5388,299.2,42.2,1490.862, NAN, NAN, NAN, NAN,,2024/04/02 07:39:47.625,2024-04-02 07:39:47.625000+00:00
2024/04/02, 07:40:47.625,39.368,-71.563,11.18,230.66,234.22,11.62,8.7,8.7,1012.2,1012.2,0.0,0.0,0.0,0.0,330,326,2.7,4.9,90.1,90.1,4.0,3.6,76.0,109.2,1014.3,1014.3,-7.0,305.47,-0.02,34.2002,10.5625,293.7,42.1,1490.949, NAN, NAN, NAN, NAN,,2024/04/02 07:40:47.625,2024-04-02 07:40:47.625000+00:00
2024/04/02, 07:41:47.625,39.366,-71.566,11.2,230.56,228.04,11.7,8.7,8.7,1012.4,1012.3,0.0,0.0,0.0,0.0,327,325,2.7,5.0,90.1,90.1,4.0,3.5,72.0,106.8,1014.5,1014.4,-6.93,305.39,-0.02,34.2026,10.5908,294.7,42.1,1491.052, NAN, NAN, NAN, NAN,,2024/04/02 07:41:47.625,2024-04-02 07:41:47.625000+00:00
2024/04/02, 07:42:47.625,39.364,-71.569,11.22,231.52,233.0,11.43,8.7,8.7,1012.4,1012.4,0.0,0.0,0.0,0.0,328,327,2.3,4.4,90.3,90.1,4.1,3.3,69.4,99.7,1014.5,1014.5,-6.96,305.94,-0.01,34.2118,10.6232,288.1,42.1,1491.178, NAN, NAN, NAN, NAN,,2024/04/02 07:42:47.625,2024-04-02 07:42:47.625000+00:00
2024/04/02, 07:43:47.625,39.362,-71.573,11.21,230.69,230.45,11.82,8.7,8.8,1012.4,1012.3,0.0,0.0,0.0,0.0,334,330,3.0,4.5,90.5,90.4,3.6,3.1,71.7,96.4,1014.5,1014.4,-6.97,306.69,-0.02,34.2208,10.6473,285.1,42.2,1491.274, NAN, NAN, NAN, NAN,,2024/04/02 07:43:47.625,2024-04-02 07:43:47.625000+00:00
2024/04/02, 07:44:47.625,39.36,-71.576,11.2,230.99,233.26,11.57,8.8,8.8,1012.3,1012.3,0.0,0.0,0.0,0.0,331,328,2.6,4.7,90.4,90.4,3.9,3.2,70.1,102.9,1014.4,1014.4,-6.89,306.94,-0.01,34.2292,10.6746,281.2,42.2,1491.381, NAN, NAN, NAN, NAN,,2024/04/02 07:44:47.625,2024-04-02 07:44:47.625000+00:00
2024/04/02, 07:45:47.625,39.358,-71.579,11.16,230.66,231.68,11.72,8.8,8.8,1012.4,1012.3,0.0,0.0,0.0,0.0,332,328,2.5,4.4,90.4,90.4,4.0,3.4,69.5,97.7,1014.5,1014.4,-6.96,307.33,-0.02,34.2378,10.7042,284.6,42.2,1491.496, NAN, NAN, NAN, NAN,,2024/04/02 07:45:47.625,2024-04-02 07:45:47.625000+00:00
2024/04/02, 07:46:47.626,39.356,-71.583,11.2,231.23,229.59,11.73,8.8,8.8,1012.2,1012.2,0.0,0.0,0.0,0.0,327,325,2.4,5.0,90.3,90.2,4.2,3.5,69.4,107.3,1014.3,1014.3,-6.9,307.78,-0.01,34.2465,10.7251,290.0,42.3,1491.58, NAN, NAN, NAN, NAN,,2024/04/02 07:46:47.626,2024-04-02 07:46:47.626000+00:00
2024/04/02, 07:47:47.626,39.354,-71.586,11.24,230.92,232.43,11.54,8.8,8.8,1012.2,1012.2,0.0,0.0,0.0,0.0,329,326,2.7,4.9,90.0,89.9,3.9,3.4,73.9,108.0,1014.3,1014.3,-6.97,308.23,-0.02,34.25,10.7411,298.5,42.3,1491.641, NAN, NAN, NAN, NAN,,2024/04/02 07:47:47.626,2024-04-02 07:47:47.626000+00:00
2024/04/02, 07:48:47.626,39.352,-71.589,11.21,230.73,230.5,11.77,8.8,8.8,1012.3,1012.3,0.0,0.0,0.0,0.0,330,326,2.7,5.0,90.0,90.1,4.0,3.5,71.8,107.2,1014.4,1014.4,-6.94,308.12,-0.01,34.259,10.7573,306.5,42.3,1491.709, NAN, NAN, NAN, NAN,,2024/04/02 07:48:47.626,2024-04-02 07:48:47.626000+00:00
2024/04/02, 07:49:47.626,39.35,-71.592,11.14,230.52,231.7,11.75,8.8,8.8,1012.2,1012.2,0.0,0.0,0.0,0.0,333,328,2.4,4.0,90.5,90.5,4.1,3.5,69.4,92.3,1014.3,1014.3,-6.98,308.13,-0.02,34.2645,10.7686,321.7,42.4,1491.755, NAN, NAN, NAN, NAN,,2024/04/02 07:49:47.626,2024-04-02 07:49:47.626000+00:00
2024/04/02, 07:50:47.626,39.348,-71.596,11.15,231.12,231.74,11.58,8.9,8.9,1012.2,1012.2,0.0,0.0,0.0,0.0,317,320,2.3,4.8,90.7,90.7,4.6,4.0,73.1,106.1,1014.3,1014.3,-6.87,308.47,-0.01,34.2689,10.7467,325.7,42.2,1491.683, NAN, NAN, NAN, NAN,,2024/04/02 07:50:47.626,2024-04-02 07:50:47.626000+00:00
2024/04/02, 07:51:47.626,39.346,-71.599,11.18,230.86,230.36,11.69,8.9,8.9,1012.2,1012.2,0.0,0.0,0.0,0.0,323,323,2.2,4.8,90.5,90.5,4.5,3.7,68.7,104.3,1014.3,1014.3,-6.9,308.56,-0.02,34.2627,10.7281,332.1,41.6,1491.61, NAN, NAN, NAN, NAN,,2024/04/02 07:51:47.626,2024-04-02 07:51:47.626000+00:00
2024/04/02, 07:52:47.626,39.344,-71.602,11.16,230.93,230.37,11.79,8.9,8.9,1012.2,1012.2,0.0,0.0,0.0,0.0,320,322,2.6,5.1,90.1,90.1,4.4,3.8,74.2,108.6,1014.3,1014.3,-6.94,309.34,-0.01,34.2786,10.7433,322.4,41.7,1491.683, NAN, NAN, NAN, NAN,,2024/04/02 07:52:47.626,2024-04-02 07:52:47.626000+00:00
2024/04/02, 07:53:47.626,39.342,-71.606,11.2,230.96,231.95,11.65,8.9,8.9,1012.2,1012.2,0.0,0.0,0.0,0.0,327,326,2.9,5.3,90.6,90.5,4.0,3.6,78.0,114.5,1014.3,1014.3,-6.87,309.87,-0.02,34.2744,10.7956,333.7,42.1,1491.862, NAN, NAN, NAN, NAN,,2024/04/02 07:53:47.626,2024-04-02 07:53:47.626000+00:00
2024/04/02, 07:54:47.626,39.34,-71.609,11.28,231.27,233.39,11.79,8.9,8.9,1012.3,1012.2,0.0,0.0,0.0,0.0,317,321,3.0,5.5,90.8,90.5,4.5,4.1,81.7,115.5,1014.4,1014.3,-6.9,310.89,-0.02,34.2716,10.8616,331.0,41.4,1492.091, NAN, NAN, NAN, NAN,,2024/04/02 07:54:47.626,2024-04-02 07:54:47.626000+00:00
2024/04/02, 07:55:47.626,39.338,-71.612,11.32,230.26,233.58,11.81,8.9,8.9,1012.2,1012.2,0.0,0.0,0.0,0.0,322,322,2.7,5.0,90.4,90.3,4.4,3.9,76.1,107.7,1014.3,1014.3,-6.82,310.81,-0.01,34.284,10.8894,327.0,41.7,1492.204, NAN, NAN, NAN, NAN,,2024/04/02 07:55:47.626,2024-04-02 07:55:47.626000+00:00
2024/04/02, 07:56:47.626,39.336,-71.616,11.22,230.92,228.94,11.61,8.9,8.9,1012.3,1012.2,0.0,0.0,0.0,0.0,324,324,2.4,4.8,90.4,90.3,4.3,3.5,69.8,104.1,1014.4,1014.3,-6.84,311.44,-0.02,34.305,10.8189,308.0,41.8,1491.981, NAN, NAN, NAN, NAN,,2024/04/02 07:56:47.626,2024-04-02 07:56:47.626000+00:00
2024/04/02, 07:57:47.626,39.334,-71.619,11.18,230.9,233.44,11.67,8.9,8.9,1012.0,1012.0,0.0,0.0,0.0,0.0,323,324,2.8,5.2,90.3,90.3,4.2,3.7,77.0,111.8,1014.1,1014.1,-6.87,312.36,-0.02,34.3298,10.7359,292.8,41.9,1491.719, NAN, NAN, NAN, NAN,,2024/04/02 07:57:47.626,2024-04-02 07:57:47.626000+00:00
2024/04/02, 07:58:47.626,39.332,-71.622,11.28,230.61,231.53,11.84,9.0,9.0,1012.2,1012.1,0.0,0.0,0.0,0.0,315,318,2.8,5.2,91.0,90.9,4.6,4.3,78.6,109.5,1014.3,1014.2,-6.76,312.77,-0.02,34.3353,10.6715,286.7,41.6,1491.498, NAN, NAN, NAN, NAN,,2024/04/02 07:58:47.626,2024-04-02 07:58:47.626000+00:00
2024/04/02, 07:59:47.626,39.33,-71.625,11.31,230.74,232.62,11.96,9.0,9.0,1012.1,1012.1,0.0,0.0,0.0,0.0,318,320,2.6,5.1,90.5,90.4,4.6,4.1,74.6,107.4,1014.2,1014.2,-6.72,313.07,-0.01,34.3161,10.6515,290.0,41.8,1491.404, NAN, NAN, NAN, NAN,,2024/04/02 07:59:47.626,2024-04-02 07:59:47.626000+00:00
2024/04/02, 08:00:47.626,39.328,-71.629,11.33,231.3,229.42,11.86,8.9,9.0,1012.3,1012.2,0.0,0.0,0.0,0.0,322,323,2.4,4.8,90.1,90.0,4.4,3.6,69.6,102.4,1014.4,1014.3,-6.75,313.1,-0.02,34.2833,10.6621,309.9,41.9,1491.402, NAN, NAN, NAN, NAN,,2024/04/02 08:00:47.626,2024-04-02 08:00:47.626000+00:00
2024/04/02, 08:01:47.627,39.326,-71.632,11.29,230.45,230.15,11.86,8.9,9.0,1012.2,1012.2,0.0,0.0,0.0,0.0,338,331,2.6,4.3,90.2,90.3,3.8,3.2,66.9,93.7,1014.3,1014.3,-6.81,313.88,-0.01,34.2631,10.6452,326.0,41.7,1491.318, NAN, NAN, NAN, NAN,,2024/04/02 08:01:47.627,2024-04-02 08:01:47.627000+00:00
2024/04/02, 08:02:47.627,39.324,-71.635,11.34,230.73,230.29,11.93,9.0,9.0,1012.3,1012.2,0.0,0.0,0.0,0.0,330,327,3.3,5.4,90.7,90.7,3.7,3.3,77.1,111.9,1014.4,1014.3,-6.74,314.35,-0.02,34.2562,10.5879,323.0,41.9,1491.107, NAN, NAN, NAN, NAN,,2024/04/02 08:02:47.627,2024-04-02 08:02:47.627000+00:00
2024/04/02, 08:03:47.627,39.322,-71.639,11.34,230.42,230.89,11.95,9.0,9.0,1012.3,1012.2,0.0,0.0,0.0,0.0,330,327,3.1,5.0,90.6,90.6,3.8,3.4,75.7,105.7,1014.4,1014.3,-6.77,314.67,-0.01,34.259,10.5775,331.8,41.9,1491.073, NAN, NAN, NAN, NAN,,2024/04/02 08:03:47.627,2024-04-02 08:03:47.627000+00:00
2024/04/02, 08:04:47.627,39.319,-71.642,11.38,231.03,228.94,12.07,9.0,9.0,1012.3,1012.2,0.0,0.0,0.0,0.0,322,322,2.5,5.1,90.3,90.3,4.5,3.8,70.3,105.7,1014.4,1014.3,-6.66,315.58,-0.02,34.2518,10.5778,349.6,42.0,1491.065, NAN, NAN, NAN, NAN,,2024/04/02 08:04:47.627,2024-04-02 08:04:47.627000+00:00
2024/04/02, 08:05:47.627,39.317,-71.646,11.36,230.78,231.61,12.08,9.0,9.0,1012.2,1012.2,0.0,0.0,0.0,0.0,327,325,2.9,5.0,90.5,90.4,4.1,3.6,74.5,105.1,1014.3,1014.3,-6.69,316.26,-0.01,34.2341,10.5687,356.9,42.0,1491.012, NAN, NAN, NAN, NAN,,2024/04/02 08:05:47.627,2024-04-02 08:05:47.627000+00:00
2024/04/02, 08:06:47.627,39.315,-71.649,11.31,229.49,231.77,11.91,9.0,9.0,1012.1,1012.1,0.0,0.0,0.0,0.0,319,321,2.2,4.7,90.0,90.0,4.8,4.0,70.0,101.7,1014.2,1014.2,-6.75,317.28,-0.02,34.2327,10.485,355.6,41.8,1490.713, NAN, NAN, NAN, NAN,,2024/04/02 08:06:47.627,2024-04-02 08:06:47.627000+00:00
2024/04/02, 08:07:47.627,39.313,-71.652,11.36,231.05,227.98,11.86,9.0,9.0,1012.1,1012.1,0.0,0.0,0.0,0.0,315,320,2.5,5.0,90.0,90.0,4.6,3.9,72.5,105.3,1014.2,1014.2,-6.68,318.4,-0.01,34.2338,10.3493,348.9,42.1,1490.232, NAN, NAN, NAN, NAN,,2024/04/02 08:07:47.627,2024-04-02 08:07:47.627000+00:00
2024/04/02, 08:08:47.627,39.311,-71.656,11.32,231.14,236.1,11.96,9.0,9.0,1012.1,1012.1,0.0,0.0,0.0,0.0,315,320,2.1,4.6,90.2,90.0,5.0,4.2,72.8,102.9,1014.2,1014.2,-6.76,318.92,-0.01,34.2327,10.2847,352.6,42.0,1490.0, NAN, NAN, NAN, NAN,,2024/04/02 08:08:47.627,2024-04-02 08:08:47.627000+00:00
2024/04/02, 08:09:47.627,39.309,-71.659,11.31,230.89,231.05,11.89,9.0,9.0,1012.0,1011.9,0.0,0.0,0.0,0.0,314,319,2.0,4.4,90.2,90.1,5.0,4.1,68.4,97.4,1014.1,1014.0,-6.83,319.68,-0.01,34.207,10.2434,344.9,42.1,1489.821, NAN, NAN, NAN, NAN,,2024/04/02 08:09:47.627,2024-04-02 08:09:47.627000+00:00
2024/04/02, 08:10:47.627,39.307,-71.662,11.38,231.13,236.18,11.99,9.0,9.0,1012.0,1011.9,0.0,0.0,0.0,0.0,321,322,2.2,4.4,90.2,90.2,4.7,4.0,71.2,98.8,1014.1,1014.0,-6.81,320.79,-0.01,34.1856,10.2266,355.0,42.1,1489.735, NAN, NAN, NAN, NAN,,2024/04/02 08:10:47.627,2024-04-02 08:10:47.627000+00:00
2024/04/02, 08:11:47.627,39.305,-71.666,11.41,231.11,232.45,11.99,9.0,9.0,1012.0,1012.0,0.0,0.0,0.0,0.0,322,322,2.1,4.7,90.7,90.7,4.7,3.8,67.6,101.2,1014.1,1014.1,-6.78,321.46,-0.01,34.1799,10.2694,349.2,42.1,1489.881, NAN, NAN, NAN, NAN,,2024/04/02 08:11:47.627,2024-04-02 08:11:47.627000+00:00
2024/04/02, 08:12:47.627,39.303,-71.669,11.4,229.98,231.79,11.91,9.0,9.0,1012.0,1011.9,0.0,0.0,0.0,0.0,307,316,2.3,4.7,90.6,90.6,5.2,4.4,73.4,101.8,1014.1,1014.0,-6.71,321.81,-0.01,34.15,10.3454,353.2,42.1,1490.116, NAN, NAN, NAN, NAN,,2024/04/02 08:12:47.627,2024-04-02 08:12:47.627000+00:00
2024/04/02, 08:13:47.627,39.301,-71.672,11.35,230.29,229.54,12.17,9.0,9.1,1012.1,1012.1,0.0,0.0,0.0,0.0,327,325,2.4,4.9,90.4,90.4,4.4,3.6,67.3,101.6,1014.2,1014.2,-6.78,323.05,-0.01,34.1275,10.4308,360.3,42.1,1490.393, NAN, NAN, NAN, NAN,,2024/04/02 08:13:47.627,2024-04-02 08:13:47.627000+00:00
2024/04/02, 08:14:47.627,39.299,-71.676,11.32,229.97,232.76,12.08,9.0,9.0,1012.1,1012.0,0.0,0.0,0.0,0.0,327,325,2.4,4.7,90.2,90.2,4.4,3.7,69.3,100.5,1014.2,1014.1,-6.63,323.33,-0.01,34.1336,10.4667,350.5,42.0,1490.528, NAN, NAN, NAN, NAN,,2024/04/02 08:14:47.627,2024-04-02 08:14:47.627000+00:00
2024/04/02, 08:15:47.627,39.297,-71.679,11.36,230.84,229.01,11.94,9.0,9.0,1012.2,1012.1,0.0,0.0,0.0,0.0,322,323,2.3,4.8,90.2,90.2,4.6,3.7,69.3,102.5,1014.3,1014.2,-6.7,323.79,-0.02,34.1551,10.3856,350.7,42.3,1490.266, NAN, NAN, NAN, NAN,,2024/04/02 08:15:47.627,2024-04-02 08:15:47.627000+00:00
2024/04/02, 08:16:47.627,39.295,-71.683,11.35,229.87,230.05,12.04,9.0,9.0,1012.2,1012.2,0.0,0.0,0.0,0.0,324,324,2.5,5.1,90.0,90.1,4.5,3.9,72.7,107.8,1014.3,1014.3,-6.74,324.47,-0.01,34.1785,10.3346,339.2,42.4,1490.112, NAN, NAN, NAN, NAN,,2024/04/02 08:16:47.627,2024-04-02 08:16:47.627000+00:00
2024/04/02, 08:17:47.628,39.293,-71.686,11.35,230.07,231.43,11.99,9.0,9.0,1012.2,1012.1,0.0,0.0,0.0,0.0,329,327,2.3,4.7,90.5,90.5,4.4,3.5,67.8,100.8,1014.3,1014.2,-6.62,325.39,-0.02,34.1865,10.3088,343.8,42.4,1490.03, NAN, NAN, NAN, NAN,,2024/04/02 08:17:47.628,2024-04-02 08:17:47.628000+00:00
2024/04/02, 08:18:47.628,39.29,-71.689,11.34,231.76,231.84,12.01,9.0,9.0,1012.1,1012.1,0.0,0.0,0.0,0.0,331,328,2.6,4.6,90.4,90.4,4.1,3.3,69.9,98.9,1014.2,1014.2,-6.58,326.18,-0.01,34.1544,10.258,334.0,42.4,1489.81, NAN, NAN, NAN, NAN,,2024/04/02 08:18:47.628,2024-04-02 08:18:47.628000+00:00
2024/04/02, 08:19:47.628,39.288,-71.693,11.28,231.04,232.95,12.09,9.0,9.1,1012.0,1012.0,0.0,0.0,0.0,0.0,319,321,2.5,4.9,90.4,90.4,4.7,4.0,72.6,103.7,1014.1,1014.1,-6.53,326.68,-0.01,34.1352,10.1364,331.8,42.2,1489.351, NAN, NAN, NAN, NAN,,2024/04/02 08:19:47.628,2024-04-02 08:19:47.628000+00:00
2024/04/02, 08:20:47.628,39.286,-71.696,11.35,230.88,231.56,12.28,9.0,9.0,1012.0,1012.0,0.0,0.0,0.0,0.0,314,319,2.4,4.9,90.3,90.3,5.0,4.3,73.0,103.1,1014.1,1014.1,-6.49,327.79,-0.01,34.1247,9.8874,344.3,42.2,1488.443, NAN, NAN, NAN, NAN,,2024/04/02 08:20:47.628,2024-04-02 08:20:47.628000+00:00
2024/04/02, 08:21:47.628,39.284,-71.699,11.34,230.72,227.71,12.14,9.0,9.0,1011.8,1011.7,0.0,0.0,0.0,0.0,315,319,2.4,4.8,90.5,90.6,4.8,4.1,70.7,100.6,1013.9,1013.8,-6.56,328.71,-0.01,34.1059,9.6678,337.4,42.1,1487.626, NAN, NAN, NAN, NAN,,2024/04/02 08:21:47.628,2024-04-02 08:21:47.628000+00:00
2024/04/02, 08:22:47.628,39.282,-71.703,11.34,232.22,231.33,12.03,9.0,9.1,1011.9,1011.8,0.0,0.0,0.0,0.0,322,323,2.7,5.0,90.6,91.2,4.4,3.7,73.6,105.5,1014.0,1013.9,-6.56,329.46,-0.02,34.0423,9.5527,339.2,42.3,1487.13, NAN, NAN, NAN, NAN,,2024/04/02 08:22:47.628,2024-04-02 08:22:47.628000+00:00
2024/04/02, 08:23:47.628,39.28,-71.706,11.33,232.19,235.3,12.12,9.1,9.1,1011.9,1011.8,0.0,0.0,0.0,0.0,320,321,2.5,5.0,91.3,91.2,4.7,4.1,75.0,107.3,1014.0,1013.9,-6.39,330.08,-0.01,33.967,9.4801,358.4,42.3,1486.774, NAN, NAN, NAN, NAN,,2024/04/02 08:23:47.628,2024-04-02 08:23:47.628000+00:00
2024/04/02, 08:24:47.628,39.278,-71.71,11.34,231.43,230.66,12.14,9.0,9.1,1011.8,1011.8,0.0,0.0,0.0,0.0,328,326,2.6,5.1,91.1,91.1,4.3,3.5,70.5,106.4,1013.9,1013.9,-6.53,330.74,-0.01,33.8997,9.4254,380.4,42.3,1486.492, NAN, NAN, NAN, NAN,,2024/04/02 08:24:47.628,2024-04-02 08:24:47.628000+00:00
2024/04/02, 08:25:47.628,39.276,-71.713,11.25,230.39,232.78,12.13,9.0,9.0,1011.9,1011.9,0.0,0.0,0.0,0.0,323,324,2.6,4.7,91.4,91.3,4.5,3.9,73.9,101.4,1014.0,1014.0,-6.53,331.18,-0.01,33.8613,9.3153,402.2,41.9,1486.042, NAN, NAN, NAN, NAN,,2024/04/02 08:25:47.628,2024-04-02 08:25:47.628000+00:00
2024/04/02, 08:26:47.628,39.274,-71.717,11.2,231.42,230.8,12.02,9.0,9.0,1011.9,1011.8,0.0,0.0,0.0,0.0,325,325,3.1,5.7,91.4,91.3,4.1,3.6,78.1,117.0,1014.0,1013.9,-6.44,331.33,-0.01,33.8404,9.1519,389.1,41.9,1485.417, NAN, NAN, NAN, NAN,,2024/04/02 08:26:47.628,2024-04-02 08:26:47.628000+00:00
2024/04/02, 08:27:47.628,39.272,-71.72,11.27,231.71,233.45,12.03,9.0,9.0,1011.9,1011.9,0.0,0.0,0.0,0.0,330,327,3.4,5.8,91.7,91.6,3.7,3.6,82.0,120.3,1014.0,1014.0,-6.49,331.3,-0.01,33.8216,9.0594,388.4,42.0,1485.054, NAN, NAN, NAN, NAN,,2024/04/02 08:27:47.628,2024-04-02 08:27:47.628000+00:00
2024/04/02, 08:28:47.628,39.27,-71.723,11.22,231.07,234.04,12.1,8.9,8.9,1011.9,1011.9,0.0,0.0,0.0,0.0,327,325,3.4,5.8,91.8,91.7,4.0,3.9,83.9,119.2,1014.0,1014.0,-6.47,331.26,-0.01,33.7807,9.0157,377.4,42.0,1484.842, NAN, NAN, NAN, NAN,,2024/04/02 08:28:47.628,2024-04-02 08:28:47.628000+00:00
2024/04/02, 08:29:47.628,39.268,-71.727,11.25,231.23,230.19,11.94,8.9,8.9,1011.9,1011.9,0.0,0.0,0.0,0.0,325,324,3.2,5.7,92.0,91.9,4.0,3.7,79.3,117.0,1014.0,1014.0,-6.5,331.25,-0.01,33.731,9.002,413.7,41.7,1484.731, NAN, NAN, NAN, NAN,,2024/04/02 08:29:47.628,2024-04-02 08:29:47.628000+00:00
2024/04/02, 08:30:47.628,39.266,-71.73,11.16,230.94,233.72,11.95,8.8,8.9,1011.8,1011.8,0.0,0.0,0.0,0.0,326,324,3.3,5.9,92.1,92.1,4.0,3.9,82.3,120.7,1013.9,1013.9,-6.46,330.64,-0.01,33.7,8.9952,466.0,42.0,1484.667, NAN, NAN, NAN, NAN,,2024/04/02 08:30:47.628,2024-04-02 08:30:47.628000+00:00
2024/04/02, 08:31:47.628,39.264,-71.734,11.21,231.96,234.53,12.11,8.9,8.8,1011.9,1011.8,0.0,0.0,0.0,0.0,324,323,3.2,5.7,92.1,92.2,4.2,4.0,82.0,117.4,1014.0,1013.9,-6.5,330.62,-0.02,33.6833,8.9865,483.3,41.9,1484.615, NAN, NAN, NAN, NAN,,2024/04/02 08:31:47.628,2024-04-02 08:31:47.628000+00:00
2024/04/02, 08:32:47.629,39.262,-71.737,11.21,231.48,233.32,11.88,8.8,8.8,1011.8,1011.7,0.0,0.0,0.0,0.0,325,324,3.1,5.7,92.6,92.5,4.1,3.8,80.3,118.6,1013.9,1013.8,-6.46,330.11,-0.01,33.6753,8.9787,525.2,42.0,1484.576, NAN, NAN, NAN, NAN,,2024/04/02 08:32:47.629,2024-04-02 08:32:47.629000+00:00
2024/04/02, 08:33:47.629,39.26,-71.741,11.21,231.95,233.83,11.87,8.8,8.8,1011.8,1011.8,0.0,0.0,0.0,0.0,330,326,3.5,5.6,92.9,92.8,3.6,3.6,84.1,118.2,1013.9,1013.9,-6.39,329.74,-0.01,33.6711,8.9741,517.9,42.0,1484.554, NAN, NAN, NAN, NAN,,2024/04/02 08:33:47.629,2024-04-02 08:33:47.629000+00:00
2024/04/02, 08:34:47.629,39.258,-71.744,11.09,231.67,235.23,11.87,8.7,8.8,1011.7,1011.7,0.0,0.0,0.0,0.0,326,324,3.4,6.0,93.2,93.1,4.0,4.1,86.5,124.1,1013.8,1013.8,-6.44,329.56,-0.02,33.6631,8.9585,535.8,42.0,1484.486, NAN, NAN, NAN, NAN,,2024/04/02 08:34:47.629,2024-04-02 08:34:47.629000+00:00
2024/04/02, 08:35:47.629,39.256,-71.747,11.08,231.93,230.71,11.92,8.7,8.8,1011.8,1011.8,0.0,0.0,0.0,0.0,327,325,3.4,5.8,93.3,93.2,3.8,3.6,81.2,119.4,1013.9,1013.9,-6.42,329.27,-0.01,33.6568,8.9129,547.2,42.1,1484.31, NAN, NAN, NAN, NAN,,2024/04/02 08:35:47.629,2024-04-02 08:35:47.629000+00:00
2024/04/02, 08:36:47.629,39.254,-71.751,11.11,230.59,231.66,12.13,8.7,8.7,1011.9,1011.8,0.0,0.0,0.0,0.0,329,326,3.9,6.5,93.4,93.4,3.6,3.8,87.0,127.9,1014.0,1013.9,-6.48,329.79,-0.01,33.6551,8.8843,557.9,42.1,1484.202, NAN, NAN, NAN, NAN,,2024/04/02 08:36:47.629,2024-04-02 08:36:47.629000+00:00
2024/04/02, 08:37:47.629,39.252,-71.754,11.11,231.29,235.66,11.91,8.7,8.7,1011.8,1011.8,0.0,0.0,0.0,0.0,332,327,3.9,5.9,93.8,93.7,3.5,3.8,90.9,123.3,1013.9,1013.9,-6.42,330.33,-0.01,33.6491,8.8646,565.9,42.1,1484.122, NAN, NAN, NAN, NAN,,2024/04/02 08:37:47.629,2024-04-02 08:37:47.629000+00:00
2024/04/02, 08:38:47.629,39.25,-71.758,11.06,231.86,235.48,11.73,8.7,8.7,1011.9,1011.8,0.0,0.0,0.0,0.0,330,327,3.7,6.0,93.8,93.8,3.6,3.8,90.4,126.8,1014.0,1013.9,-6.43,331.05,-0.01,33.6317,8.8604,533.7,41.9,1484.085, NAN, NAN, NAN, NAN,,2024/04/02 08:38:47.629,2024-04-02 08:38:47.629000+00:00
2024/04/02, 08:39:47.629,39.248,-71.761,11.1,231.78,232.0,11.87,8.6,8.7,1011.9,1011.8,0.0,0.0,0.0,0.0,331,327,3.8,6.2,94.0,93.9,3.4,3.6,86.4,127.2,1014.0,1013.9,-6.39,331.78,-0.02,33.6197,8.8722,549.6,18.1,1484.114, NAN, NAN, NAN, NAN,,2024/04/02 08:39:47.629,2024-04-02 08:39:47.629000+00:00
2024/04/02, 08:40:47.629,39.246,-71.764,11.07,231.67,232.93,11.79,8.6,8.7,1011.9,1011.9,0.0,0.0,0.0,0.0,334,329,3.8,5.4,94.2,94.1,3.2,3.3,86.2,115.7,1014.0,1014.0,-6.32,331.89,-0.02,33.6119,8.895,565.6,0.0,1484.189, NAN, NAN, NAN, NAN,,2024/04/02 08:40:47.629,2024-04-02 08:40:47.629000+00:00
2024/04/02, 08:41:47.629,39.244,-71.768,11.11,231.19,234.82,11.76,8.6,8.7,1011.9,1011.9,0.0,0.0,0.0,0.0,334,330,3.9,5.2,94.5,94.3,3.2,3.3,90.0,113.6,1014.0,1014.0,-6.38,332.3,-0.02,33.6102,8.9153,578.4,0.0,1484.262, NAN, NAN, NAN, NAN,,2024/04/02 08:41:47.629,2024-04-02 08:41:47.629000+00:00
2024/04/02, 08:42:47.629,39.242,-71.771,11.16,231.62,234.45,11.74,8.6,8.7,1011.9,1011.9,0.0,0.0,0.0,0.0,334,329,4.2,6.6,94.6,94.4,3.0,3.6,93.7,135.7,1014.0,1014.0,-6.4,332.78,-0.02,33.6142,8.9359,582.7,0.0,1484.343, NAN, NAN, NAN, NAN,,2024/04/02 08:42:47.629,2024-04-02 08:42:47.629000+00:00
2024/04/02, 08:43:47.629,39.24,-71.775,11.1,231.59,233.54,11.88,8.6,8.6,1011.9,1011.9,0.0,0.0,0.0,0.0,333,329,4.3,6.1,94.7,94.5,3.1,3.4,94.7,126.8,1014.0,1014.0,-6.29,332.99,-0.02,33.6227,8.9422,591.5,0.0,1484.377, NAN, NAN, NAN, NAN,,2024/04/02 08:43:47.629,2024-04-02 08:43:47.629000+00:00
2024/04/02, 08:44:47.629,39.238,-71.778,11.08,232.53,231.38,11.78,8.6,8.6,1011.8,1011.7,0.0,0.0,0.0,0.0,329,326,4.1,6.7,94.7,94.6,3.2,3.7,91.1,134.8,1013.9,1013.8,-6.33,332.68,-0.02,33.6324,8.9419,599.5,0.2,1484.387, NAN, NAN, NAN, NAN,,2024/04/02 08:44:47.629,2024-04-02 08:44:47.629000+00:00
2024/04/02, 08:45:47.629,39.236,-71.781,11.0,232.14,233.84,11.89,8.6,8.6,1011.8,1011.8,0.0,0.0,0.0,0.0,331,327,4.1,6.6,94.8,94.7,3.3,3.8,91.9,133.3,1013.9,1013.9,-6.22,332.12,-0.02,33.6387,8.9406,610.5,0.2,1484.39, NAN, NAN, NAN, NAN,,2024/04/02 08:45:47.629,2024-04-02 08:45:47.629000+00:00
2024/04/02, 08:46:47.629,39.234,-71.785,10.98,232.02,231.24,11.9,8.6,8.6,1011.8,1011.6,0.0,0.0,0.0,0.0,331,327,4.1,6.1,94.9,94.8,3.2,3.4,89.8,125.1,1013.9,1013.7,-6.31,331.65,-0.02,33.6432,8.9365,616.9,1.6,1484.381, NAN, NAN, NAN, NAN,,2024/04/02 08:46:47.629,2024-04-02 08:46:47.629000+00:00
2024/04/02, 08:47:47.629,39.232,-71.788,11.07,231.54,230.87,11.77,8.6,8.6,1011.9,1011.9,0.0,0.0,0.0,0.0,327,325,3.8,6.4,95.0,94.9,3.6,3.8,88.6,129.4,1014.0,1014.0,-6.21,330.77,-0.02,33.6383,8.9386,611.3,0.7,1484.382, NAN, NAN, NAN, NAN,,2024/04/02 08:47:47.629,2024-04-02 08:47:47.629000+00:00
2024/04/02, 08:48:47.630,39.23,-71.791,11.05,232.24,232.26,11.81,8.6,8.6,1011.8,1011.7,0.0,0.0,0.0,0.0,328,326,4.0,6.5,95.0,94.9,3.4,3.7,90.1,131.5,1013.9,1013.8,-6.31,329.45,-0.02,33.6474,8.9403,584.8,0.9,1484.4, NAN, NAN, NAN, NAN,,2024/04/02 08:48:47.630,2024-04-02 08:48:47.630000+00:00
2024/04/02, 08:49:47.630,39.228,-71.795,10.97,232.19,232.87,11.84,8.6,8.6,1011.8,1011.8,0.0,0.0,0.0,0.0,325,324,4.0,6.3,95.1,95.0,3.7,3.9,92.1,127.4,1013.9,1013.9,-6.3,328.09,-0.02,33.6481,8.9599,581.7,0.0,1484.473, NAN, NAN, NAN, NAN,,2024/04/02 08:49:47.630,2024-04-02 08:49:47.630000+00:00
2024/04/02, 08:50:47.630,39.226,-71.798,11.02,232.7,230.65,11.95,8.6,8.6,1011.8,1011.6,0.0,0.0,0.0,0.0,327,325,4.1,6.7,95.2,95.0,3.4,3.7,89.3,132.5,1013.9,1013.7,-6.38,326.64,-0.02,33.655,8.9748,557.6,0.0,1484.537, NAN, NAN, NAN, NAN,,2024/04/02 08:50:47.630,2024-04-02 08:50:47.630000+00:00
2024/04/02, 08:51:47.630,39.224,-71.801,10.96,231.47,230.98,11.89,8.6,8.6,1011.9,1011.8,0.0,0.0,0.0,0.0,327,324,4.4,6.9,95.3,95.2,3.5,4.2,97.1,134.2,1014.0,1013.9,-6.38,324.87,-0.02,33.6573,8.9991,535.0,0.0,1484.629, NAN, NAN, NAN, NAN,,2024/04/02 08:51:47.630,2024-04-02 08:51:47.630000+00:00
2024/04/02, 08:52:47.630,39.222,-71.805,11.06,231.14,235.04,11.73,8.6,8.6,1011.9,1011.7,0.0,0.0,0.0,0.0,325,323,4.7,7.3,95.3,95.3,3.7,4.7,104.9,138.8,1014.0,1013.8,-6.39,323.31,-0.02,33.668,9.0605,509.6,0.2,1484.869, NAN, NAN, NAN, NAN,,2024/04/02 08:52:47.630,2024-04-02 08:52:47.630000+00:00
2024/04/02, 08:53:47.630,39.22,-71.808,10.99,231.83,232.89,11.87,8.6,8.6,1012.0,1011.9,0.0,0.0,0.0,0.0,330,326,4.9,7.4,95.4,95.4,3.2,4.3,107.0,142.3,1014.1,1014.0,-6.37,321.62,-0.02,33.6746,9.1685,493.7,0.0,1485.275, NAN, NAN, NAN, NAN,,2024/04/02 08:53:47.630,2024-04-02 08:53:47.630000+00:00
2024/04/02, 08:54:47.630,39.218,-71.812,11.02,231.8,232.02,12.0,8.6,8.6,1012.0,1011.9,0.0,0.0,0.0,0.0,328,325,4.5,7.1,95.6,95.5,3.4,4.2,98.3,137.0,1014.1,1014.0,-6.25,319.69,-0.02,33.6863,9.2375,468.1,0.0,1485.543, NAN, NAN, NAN, NAN,,2024/04/02 08:54:47.630,2024-04-02 08:54:47.630000+00:00
2024/04/02, 08:55:47.630,39.216,-71.815,10.99,231.71,232.71,11.91,8.6,8.6,1012.1,1011.9,0.0,0.0,0.0,0.0,331,327,4.9,7.1,95.6,95.5,3.1,4.0,105.3,139.3,1014.2,1014.0,-6.37,317.88,-0.02,33.7146,9.2905,453.1,1.0,1485.772, NAN, NAN, NAN, NAN,,2024/04/02 08:55:47.630,2024-04-02 08:55:47.630000+00:00
2024/04/02, 08:56:47.630,39.214,-71.818,11.13,231.6,230.24,12.02,8.6,8.6,1012.0,1011.9,0.0,0.0,0.0,0.0,332,328,4.9,7.2,95.7,95.6,2.9,3.7,101.7,140.5,1014.1,1014.0,-6.39,316.32,-0.02,33.7465,9.3895,461.1,0.0,1486.173, NAN, NAN, NAN, NAN,,2024/04/02 08:56:47.630,2024-04-02 08:56:47.630000+00:00
2024/04/02, 08:57:47.630,39.212,-71.822,11.11,231.81,230.08,12.24,8.6,8.6,1012.0,1011.9,0.0,0.0,0.0,0.0,329,326,4.9,7.6,95.8,95.7,3.2,4.1,100.7,142.0,1014.1,1014.0,-6.36,315.02,-0.02,33.7679,9.4783,480.9,6.9,1486.524, NAN, NAN, NAN, NAN,,2024/04/02 08:57:47.630,2024-04-02 08:57:47.630000+00:00
2024/04/02, 08:58:47.630,39.21,-71.825,11.22,231.5,230.5,12.11,8.5,8.6,1011.9,1011.8,0.0,0.0,0.0,0.0,326,323,4.9,7.4,95.7,95.6,3.4,4.3,101.9,137.4,1014.0,1013.9,-6.35,314.0,-0.02,33.7906,9.499,469.4,20.7,1486.627, NAN, NAN, NAN, NAN,,2024/04/02 08:58:47.630,2024-04-02 08:58:47.630000+00:00
2024/04/02, 08:59:47.630,39.208,-71.829,11.34,231.75,233.17,12.18,8.5,8.6,1011.9,1011.9,0.0,0.0,0.0,0.0,325,324,4.9,7.3,95.8,95.7,3.6,4.3,103.4,137.1,1014.0,1014.0,-6.42,312.95,-0.02,33.8385,9.4941,428.4,28.8,1486.668, NAN, NAN, NAN, NAN,,2024/04/02 08:59:47.630,2024-04-02 08:59:47.630000+00:00
2024/04/02, 09:00:47.630,39.206,-71.832,11.24,231.64,227.73,11.9,8.5,8.6,1011.8,1011.7,0.0,0.0,0.0,0.0,324,322,4.9,7.4,95.9,95.8,3.4,4.3,102.2,137.9,1013.9,1013.8,-6.45,312.32,-0.02,33.8811,9.484,365.4,29.6,1486.683, NAN, NAN, NAN, NAN,,2024/04/02 09:00:47.630,2024-04-02 09:00:47.630000+00:00
2024/04/02, 09:01:47.630,39.204,-71.835,11.21,232.8,232.32,12.19,8.5,8.6,1011.8,1011.8,0.0,0.0,0.0,0.0,322,321,4.7,7.2,95.9,95.9,3.8,4.5,100.4,134.2,1013.9,1013.9,-6.38,311.99,-0.02,33.8912,9.4967,345.9,30.9,1486.742, NAN, NAN, NAN, NAN,,2024/04/02 09:01:47.630,2024-04-02 09:01:47.630000+00:00
2024/04/02, 09:02:47.630,39.201,-71.839,11.13,231.01,227.85,11.9,8.5,8.6,1011.8,1011.6,0.0,0.0,0.0,0.0,321,320,5.1,7.7,95.9,95.9,3.6,4.7,104.6,138.4,1013.9,1013.7,-6.46,312.23,-0.02,33.8886,9.3724,331.8,31.6,1486.285, NAN, NAN, NAN, NAN,,2024/04/02 09:02:47.630,2024-04-02 09:02:47.630000+00:00
2024/04/02, 09:03:47.631,39.199,-71.842,11.1,233.43,233.42,12.02,8.5,8.6,1011.8,1011.8,0.0,0.0,0.0,0.0,321,321,5.0,7.5,95.9,95.9,3.8,4.6,106.0,139.1,1013.9,1013.9,-6.44,312.65,-0.02,33.8764,8.8737,353.2,32.0,1484.435, NAN, NAN, NAN, NAN,,2024/04/02 09:03:47.631,2024-04-02 09:03:47.631000+00:00
2024/04/02, 09:04:47.631,39.197,-71.845,11.13,233.37,232.19,11.97,8.5,8.5,1011.7,1011.7,0.0,0.0,0.0,0.0,321,321,4.9,7.6,95.9,95.9,3.7,4.5,103.9,140.3,1013.8,1013.8,-6.42,314.36,-0.01,33.8632,8.4767,364.4,32.6,1482.942, NAN, NAN, NAN, NAN,,2024/04/02 09:04:47.631,2024-04-02 09:04:47.631000+00:00
2024/04/02, 09:05:47.631,39.195,-71.848,11.1,233.12,231.13,12.06,8.5,8.5,1011.9,1011.8,0.0,0.0,0.0,0.0,322,321,5.0,7.5,95.9,95.9,3.6,4.5,104.4,138.4,1014.0,1013.9,-6.38,316.9,-0.02,33.7786,8.1631,419.0,32.7,1481.66, NAN, NAN, NAN, NAN,,2024/04/02 09:05:47.631,2024-04-02 09:05:47.631000+00:00
2024/04/02, 09:06:47.631,39.193,-71.852,11.07,233.23,229.66,11.98,8.5,8.5,1011.9,1011.9,0.0,0.0,0.0,0.0,322,322,5.3,7.9,96.0,96.0,3.6,4.6,109.6,144.2,1014.0,1014.0,-6.36,319.98,-0.02,33.5337,7.9474,466.8,31.9,1480.541, NAN, NAN, NAN, NAN,,2024/04/02 09:06:47.631,2024-04-02 09:06:47.631000+00:00
2024/04/02, 09:07:47.631,39.191,-71.855,11.16,233.18,230.02,12.24,8.5,8.5,1012.1,1012.1,0.0,0.0,0.0,0.0,325,323,5.6,8.3,96.0,96.0,3.4,4.7,113.2,147.3,1014.2,1014.2,-6.38,323.49,-0.02,33.3896,7.7632,494.7,33.3,1479.662, NAN, NAN, NAN, NAN,,2024/04/02 09:07:47.631,2024-04-02 09:07:47.631000+00:00
2024/04/02, 09:08:47.631,39.189,-71.858,11.25,234.1,232.2,12.06,8.5,8.5,1012.2,1012.1,0.0,0.0,0.0,0.0,330,326,5.5,8.0,96.1,96.1,2.9,4.3,114.4,150.0,1014.3,1014.2,-6.22,326.6,-0.02,33.2709,7.6155,514.8,33.4,1478.95, NAN, NAN, NAN, NAN,,2024/04/02 09:08:47.631,2024-04-02 09:08:47.631000+00:00
2024/04/02, 09:09:47.631,39.187,-71.862,11.28,234.3,232.29,11.89,8.5,8.5,1012.2,1012.1,0.0,0.0,0.0,0.0,331,326,5.5,8.0,96.1,96.1,2.8,4.3,116.8,151.2,1014.3,1014.2,-6.21,329.13,-0.02,33.1675,7.5583,489.1,33.8,1478.603, NAN, NAN, NAN, NAN,,2024/04/02 09:09:47.631,2024-04-02 09:09:47.631000+00:00
2024/04/02, 09:10:47.631,39.185,-71.865,11.32,233.4,233.68,11.96,8.5,8.5,1012.2,1012.1,0.0,0.0,0.0,0.0,330,326,5.7,8.3,96.1,96.1,3.0,4.6,119.7,152.6,1014.3,1014.2,-6.23,330.72,-0.02,33.0991,7.4622,492.4,34.2,1478.149, NAN, NAN, NAN, NAN,,2024/04/02 09:10:47.631,2024-04-02 09:10:47.631000+00:00
2024/04/02, 09:11:47.631,39.183,-71.868,11.38,234.59,230.92,11.9,8.5,8.5,1012.1,1012.0,0.0,0.0,0.0,0.0,329,325,5.6,8.3,96.1,96.1,2.9,4.6,118.1,153.3,1014.2,1014.1,-6.22,332.13,-0.02,33.0453,7.4079,502.8,34.6,1477.873, NAN, NAN, NAN, NAN,,2024/04/02 09:11:47.631,2024-04-02 09:11:47.631000+00:00
2024/04/02, 09:12:47.631,39.18,-71.872,11.37,233.66,229.11,12.05,8.5,8.5,1012.1,1012.1,0.0,0.0,0.0,0.0,328,325,5.9,8.5,96.2,96.2,3.0,4.5,120.3,153.6,1014.2,1014.2,-6.09,333.31,-0.02,33.0123,7.3811,524.6,34.8,1477.728, NAN, NAN, NAN, NAN,,2024/04/02 09:12:47.631,2024-04-02 09:12:47.631000+00:00
2024/04/02, 09:13:47.631,39.178,-71.875,11.36,233.54,231.74,11.78,8.5,8.5,1012.2,1012.1,0.0,0.0,0.0,0.0,326,324,5.7,8.4,96.3,96.3,3.2,4.8,119.4,152.6,1014.3,1014.2,-6.13,334.47,-0.02,32.9636,7.3738,515.5,34.9,1477.64, NAN, NAN, NAN, NAN,,2024/04/02 09:13:47.631,2024-04-02 09:13:47.631000+00:00
2024/04/02, 09:14:47.631,39.176,-71.879,11.35,234.59,235.09,11.94,8.5,8.5,1012.2,1012.2,0.0,0.0,0.0,0.0,326,324,5.8,8.2,96.4,96.4,3.3,4.7,121.1,150.8,1014.3,1014.3,-5.99,335.44,-0.02,32.9312,7.3413,520.6,35.1,1477.474, NAN, NAN, NAN, NAN,,2024/04/02 09:14:47.631,2024-04-02 09:14:47.631000+00:00
2024/04/02, 09:15:47.631,39.174,-71.882,11.38,233.76,230.39,12.12,8.4,8.5,1012.1,1012.0,0.0,0.0,0.0,0.0,326,324,5.6,8.3,96.4,96.5,3.2,4.6,114.6,149.9,1014.2,1014.1,-6.03,336.1,-0.02,32.917,7.2801,540.4,35.3,1477.22, NAN, NAN, NAN, NAN,,2024/04/02 09:15:47.631,2024-04-02 09:15:47.631000+00:00
2024/04/02, 09:16:47.631,39.172,-71.885,11.37,234.11,233.64,12.06,8.4,8.5,1012.1,1012.0,0.0,0.0,0.0,0.0,328,324,5.8,8.5,96.5,96.6,3.1,4.8,120.0,152.3,1014.2,1014.1,-5.99,336.46,-0.01,32.9058,7.2128,532.1,35.3,1476.946, NAN, NAN, NAN, NAN,,2024/04/02 09:16:47.631,2024-04-02 09:16:47.631000+00:00
2024/04/02, 09:17:47.631,39.17,-71.889,11.33,234.38,228.78,12.07,8.4,8.5,1012.2,1012.0,0.0,0.0,0.0,0.0,329,325,5.7,8.3,96.7,96.7,2.7,4.3,116.0,152.7,1014.3,1014.1,-5.94,336.72,-0.01,32.8873,7.1467,502.2,35.2,1476.667, NAN, NAN, NAN, NAN,,2024/04/02 09:17:47.631,2024-04-02 09:17:47.631000+00:00
2024/04/02, 09:18:47.631,39.168,-71.892,11.33,234.3,230.15,11.81,8.4,8.5,1011.9,1012.0,0.0,0.0,0.0,0.0,328,325,5.7,8.4,96.7,96.7,2.9,4.5,119.3,154.8,1014.0,1014.1,-5.9,337.3,-0.01,32.8637,7.0851,500.4,35.4,1476.398, NAN, NAN, NAN, NAN,,2024/04/02 09:18:47.631,2024-04-02 09:18:47.631000+00:00
2024/04/02, 09:19:47.632,39.166,-71.895,11.26,233.69,227.02,12.04,8.4,8.5,1012.0,1011.9,0.0,0.0,0.0,0.0,329,325,5.8,8.4,96.8,96.8,2.7,4.3,117.7,153.2,1014.1,1014.0,-5.99,337.71,-0.02,32.8402,7.0544,490.7,35.4,1476.25, NAN, NAN, NAN, NAN,,2024/04/02 09:19:47.632,2024-04-02 09:19:47.632000+00:00
2024/04/02, 09:20:47.632,39.164,-71.899,11.33,234.38,232.93,11.86,8.4,8.5,1012.2,1012.1,0.0,0.0,0.0,0.0,329,326,5.9,8.3,96.9,96.9,3.0,4.5,124.2,154.5,1014.3,1014.2,-5.85,338.36,-0.02,32.8165,7.0396,451.0,35.3,1476.163, NAN, NAN, NAN, NAN,,2024/04/02 09:20:47.632,2024-04-02 09:20:47.632000+00:00
2024/04/02, 09:21:47.632,39.162,-71.902,11.32,234.34,233.76,11.9,8.4,8.5,1012.2,1012.1,0.0,0.0,0.0,0.0,330,326,6.1,8.5,96.9,96.9,3.1,4.7,128.6,155.7,1014.3,1014.2,-5.98,338.3,-0.02,32.789,7.0244,422.0,35.3,1476.069, NAN, NAN, NAN, NAN,,2024/04/02 09:21:47.632,2024-04-02 09:21:47.632000+00:00
2024/04/02, 09:22:47.632,39.16,-71.905,11.37,232.85,236.63,12.1,8.4,8.4,1012.2,1012.1,0.0,0.0,0.0,0.0,330,326,6.2,8.7,97.0,97.0,3.4,5.1,128.3,154.1,1014.3,1014.2,-5.93,338.07,-0.02,32.7722,7.0132,404.6,35.3,1476.005, NAN, NAN, NAN, NAN,,2024/04/02 09:22:47.632,2024-04-02 09:22:47.632000+00:00
2024/04/02, 09:23:47.632,39.158,-71.909,11.33,233.73,231.45,11.96,8.4,8.4,1012.1,1012.1,0.0,0.0,0.0,0.0,330,326,6.2,8.5,97.2,97.2,2.9,4.6,128.4,155.2,1014.2,1014.2,-5.87,337.56,-0.02,32.7631,7.0011,389.1,35.4,1475.946, NAN, NAN, NAN, NAN,,2024/04/02 09:23:47.632,2024-04-02 09:23:47.632000+00:00
2024/04/02, 09:24:47.632,39.156,-71.912,11.37,233.15,233.0,11.95,8.4,8.4,1012.2,1012.2,0.0,0.0,0.0,0.0,332,327,6.2,8.6,97.3,97.3,2.9,4.8,130.0,156.2,1014.3,1014.3,-5.8,336.55,-0.02,32.7513,6.9931,401.9,35.6,1475.9, NAN, NAN, NAN, NAN,,2024/04/02 09:24:47.632,2024-04-02 09:24:47.632000+00:00
2024/04/02, 09:25:47.632,39.153,-71.915,11.2,233.97,233.96,11.83,8.4,8.5,1012.1,1011.9,0.0,0.0,0.0,0.0,331,327,6.2,8.8,97.2,97.3,3.0,4.8,131.1,159.5,1014.2,1014.0,-5.87,335.51,-0.02,32.7433,6.9863,408.3,35.7,1475.864, NAN, NAN, NAN, NAN,,2024/04/02 09:25:47.632,2024-04-02 09:25:47.632000+00:00
2024/04/02, 09:26:47.632,39.151,-71.919,11.21,234.06,233.93,11.78,8.4,8.4,1012.1,1012.0,0.0,0.0,0.0,0.0,332,328,6.2,8.5,97.3,97.3,2.9,4.6,132.4,158.7,1014.2,1014.1,-5.76,335.01,-0.02,32.7351,6.9756,401.6,35.8,1475.812, NAN, NAN, NAN, NAN,,2024/04/02 09:26:47.632,2024-04-02 09:26:47.632000+00:00
2024/04/02, 09:27:47.632,39.149,-71.922,11.16,234.65,233.22,11.9,8.4,8.4,1012.2,1012.1,0.0,0.0,0.0,0.0,335,329,6.4,8.7,97.3,97.3,2.5,4.5,137.6,162.0,1014.3,1014.2,-5.83,333.73,-0.02,32.7289,6.953,379.0,35.9,1475.716, NAN, NAN, NAN, NAN,,2024/04/02 09:27:47.632,2024-04-02 09:27:47.632000+00:00
2024/04/02, 09:28:47.632,39.147,-71.925,11.17,233.49,231.63,11.96,8.4,8.4,1012.1,1012.1,0.0,0.0,0.0,0.0,338,332,6.3,7.2,97.3,97.3,2.2,3.2,135.5,147.3,1014.2,1014.2,-5.76,332.03,-0.02,32.7242,6.9286,372.0,36.0,1475.615, NAN, NAN, NAN, NAN,,2024/04/02 09:28:47.632,2024-04-02 09:28:47.632000+00:00
2024/04/02, 09:29:47.632,39.145,-71.929,11.32,234.07,231.79,12.01,8.3,8.3,1012.1,1012.0,0.0,0.0,0.0,0.0,345,339,6.2,6.4,96.9,96.9,1.4,2.1,136.5,138.7,1014.2,1014.1,-5.85,329.0,-0.02,32.7107,6.901,375.5,36.0,1475.491, NAN, NAN, NAN, NAN,,2024/04/02 09:29:47.632,2024-04-02 09:29:47.632000+00:00
2024/04/02, 09:30:47.632,39.143,-71.932,11.3,234.32,232.52,12.14,8.1,8.2,1012.2,1012.2,0.0,0.0,0.0,0.0,339,333,6.2,6.6,96.8,96.6,2.1,2.8,131.9,137.1,1014.3,1014.3,-5.94,328.68,-0.01,32.6967,6.8752,388.1,36.0,1475.372, NAN, NAN, NAN, NAN,,2024/04/02 09:30:47.632,2024-04-02 09:30:47.632000+00:00
2024/04/02, 09:31:47.632,39.141,-71.935,11.22,233.09,229.82,12.08,8.0,8.1,1012.2,1012.1,0.0,0.0,0.0,0.0,349,343,6.2,6.3,96.5,96.4,0.9,1.6,135.9,136.7,1014.3,1014.2,-5.98,326.36,-0.01,32.6774,6.8574,376.8,36.1,1475.279, NAN, NAN, NAN, NAN,,2024/04/02 09:31:47.632,2024-04-02 09:31:47.632000+00:00
2024/04/02, 09:32:47.632,39.139,-71.939,11.28,233.06,231.22,12.05,7.8,8.0,1012.2,1012.1,0.0,0.0,0.0,0.0,348,341,5.9,6.0,96.0,96.3,1.1,1.8,120.4,126.4,1014.3,1014.2,-6.12,325.85,-0.01,32.6602,6.8379,375.6,36.0,1475.181, NAN, NAN, NAN, NAN,,2024/04/02 09:32:47.632,2024-04-02 09:32:47.632000+00:00
2024/04/02, 09:33:47.632,39.137,-71.942,11.26,233.67,233.88,11.86,7.6,7.6,1012.2,1012.1,0.0,0.0,0.0,0.0,349,342,6.2,6.2,95.8,95.6,1.1,1.9,143.2,137.5,1014.3,1014.2,-6.27,325.21,-0.01,32.6517,6.815,390.2,36.2,1475.081, NAN, NAN, NAN, NAN,,2024/04/02 09:33:47.632,2024-04-02 09:33:47.632000+00:00
2024/04/02, 09:34:47.633,39.135,-71.946,11.25,233.79,230.95,12.03,7.3,7.4,1012.2,1012.0,0.0,0.0,0.0,0.0,349,342,6.1,6.1,96.0,95.8,1.0,1.7,132.3,131.0,1014.3,1014.1,-6.36,325.62,-0.01,32.6414,6.7843,393.4,36.5,1474.948, NAN, NAN, NAN, NAN,,2024/04/02 09:34:47.633,2024-04-02 09:34:47.633000+00:00
2024/04/02, 09:35:47.633,39.133,-71.949,11.22,234.43,233.89,11.71,7.1,7.2,1012.1,1012.0,0.0,0.0,0.0,0.0,347,341,6.0,6.1,96.5,96.3,1.2,1.8,136.1,136.6,1014.2,1014.1,-6.36,327.19,-0.01,32.6346,6.7554,402.2,36.5,1474.826, NAN, NAN, NAN, NAN,,2024/04/02 09:35:47.633,2024-04-02 09:35:47.633000+00:00
2024/04/02, 09:36:47.633,39.131,-71.952,11.21,233.9,233.86,11.87,7.0,7.1,1012.1,1012.0,0.0,0.0,0.0,0.0,346,340,5.9,6.0,97.4,97.2,1.3,2.0,127.7,130.3,1014.2,1014.1,-6.42,329.85,-0.02,32.628,6.7314,389.1,36.6,1474.724, NAN, NAN, NAN, NAN,,2024/04/02 09:36:47.633,2024-04-02 09:36:47.633000+00:00
2024/04/02, 09:37:47.633,39.129,-71.955,11.17,234.46,229.25,11.72,7.1,7.1,1012.1,1012.1,0.0,0.0,0.0,0.0,346,340,5.7,5.9,98.9,98.7,1.0,1.6,116.7,127.8,1014.2,1014.2,-6.48,331.68,-0.02,32.6203,6.6987,397.6,36.8,1474.586, NAN, NAN, NAN, NAN,,2024/04/02 09:37:47.633,2024-04-02 09:37:47.633000+00:00
2024/04/02, 09:38:47.633,39.127,-71.959,11.12,233.81,231.4,12.02,7.0,7.1,1012.1,1012.1,0.0,0.0,0.0,0.0,346,340,5.8,5.9,98.8,98.7,1.3,1.9,118.5,124.2,1014.2,1014.2,-6.34,333.3,-0.01,32.6127,6.6556,383.6,36.8,1474.407, NAN, NAN, NAN, NAN,,2024/04/02 09:38:47.633,2024-04-02 09:38:47.633000+00:00
2024/04/02, 09:39:47.633,39.125,-71.962,11.16,233.35,230.88,12.03,7.0,7.0,1012.3,1012.2,0.0,0.0,0.0,0.0,345,339,5.8,5.9,99.5,99.3,1.3,1.9,117.7,123.1,1014.4,1014.3,-6.18,334.26,-0.01,32.5952,6.62,387.2,36.7,1474.246, NAN, NAN, NAN, NAN,,2024/04/02 09:39:47.633,2024-04-02 09:39:47.633000+00:00
2024/04/02, 09:40:47.633,39.123,-71.965,11.14,233.21,233.36,11.75,7.0,7.0,1012.2,1012.2,0.0,0.0,0.0,0.0,346,340,5.6,5.8,99.5,99.3,1.4,2.0,117.7,126.0,1014.3,1014.3,-6.15,334.71,-0.01,32.5951,6.5802,387.5,36.7,1474.089, NAN, NAN, NAN, NAN,,2024/04/02 09:40:47.633,2024-04-02 09:40:47.633000+00:00
2024/04/02, 09:41:47.633,39.121,-71.969,11.12,234.69,233.34,11.97,7.0,7.0,1012.3,1012.2,0.0,0.0,0.0,0.0,347,341,5.4,5.6,99.5,99.3,1.4,1.9,104.6,117.5,1014.4,1014.3,-6.02,334.21,-0.01,32.5838,6.5713,391.5,36.7,1474.04, NAN, NAN, NAN, NAN,,2024/04/02 09:41:47.633,2024-04-02 09:41:47.633000+00:00
2024/04/02, 09:42:47.633,39.119,-71.972,11.12,234.43,232.29,11.73,6.9,7.0,1012.3,1012.2,0.0,0.0,0.0,0.0,347,341,5.5,5.6,99.6,99.3,1.2,1.7,109.8,119.2,1014.4,1014.3,-6.06,334.02,-0.01,32.5755,6.5439,398.2,36.6,1473.921, NAN, NAN, NAN, NAN,,2024/04/02 09:42:47.633,2024-04-02 09:42:47.633000+00:00
2024/04/02, 09:43:47.633,39.117,-71.975,11.15,235.39,234.01,11.89,6.9,6.9,1012.4,1012.3,0.0,0.0,0.0,0.0,346,340,5.6,5.8,99.6,99.3,1.3,1.9,115.1,125.1,1014.5,1014.4,-6.08,334.4,-0.01,32.5672,6.4616,403.6,36.7,1473.587, NAN, NAN, NAN, NAN,,2024/04/02 09:43:47.633,2024-04-02 09:43:47.633000+00:00
2024/04/02, 09:44:47.633,39.114,-71.979,11.26,235.43,230.93,11.77,6.9,6.9,1012.4,1012.3,0.0,0.0,0.0,0.0,348,342,5.7,5.7,100.0,99.9,0.9,1.5,114.0,120.6,1014.5,1014.4,-5.91,333.46,-0.01,32.5598,6.3711,387.2,36.7,1473.22, NAN, NAN, NAN, NAN,,2024/04/02 09:44:47.633,2024-04-02 09:44:47.633000+00:00
2024/04/02, 09:45:47.633,39.112,-71.982,11.3,235.59,231.33,12.05,6.8,6.9,1012.5,1012.4,0.0,0.0,0.0,0.0,346,340,5.4,5.6,99.6,99.3,1.3,1.7,97.9,113.6,1014.6,1014.5,-5.9,335.25,-0.02,32.5512,6.2505,390.0,35.3,1472.731, NAN, NAN, NAN, NAN,,2024/04/02 09:45:47.633,2024-04-02 09:45:47.633000+00:00
2024/04/02, 09:46:47.633,39.11,-71.985,11.24,234.8,228.74,11.87,6.9,6.9,1012.4,1012.4,0.0,0.0,0.0,0.0,345,339,5.3,5.5,100.0,100.0,1.3,1.7,95.7,111.4,1014.5,1014.5,-5.88,336.96,-0.01,32.5331,6.1413,363.6,35.4,1472.275, NAN, NAN, NAN, NAN,,2024/04/02 09:46:47.633,2024-04-02 09:46:47.633000+00:00
2024/04/02, 09:47:47.633,39.108,-71.989,11.19,234.96,233.8,12.03,7.0,7.0,1012.6,1012.5,0.0,0.0,0.0,0.0,345,338,5.4,5.5,100.0,100.0,1.5,2.1,105.9,114.7,1014.7,1014.6,-5.84,338.06,-0.01,32.5082,6.0804,315.6,35.3,1472.001, NAN, NAN, NAN, NAN,,2024/04/02 09:47:47.633,2024-04-02 09:47:47.633000+00:00
2024/04/02, 09:48:47.633,39.106,-71.992,11.2,234.93,235.14,11.79,7.1,7.1,1012.4,1012.4,0.0,0.0,0.0,0.0,342,336,5.0,5.3,100.0,100.0,1.9,2.4,102.1,113.8,1014.5,1014.5,-5.68,339.19,-0.01,32.4815,6.0256,309.2,35.2,1471.749, NAN, NAN, NAN, NAN,,2024/04/02 09:48:47.633,2024-04-02 09:48:47.633000+00:00
2024/04/02, 09:49:47.633,39.104,-71.995,11.17,235.45,228.71,11.75,7.2,7.2,1012.3,1012.3,0.0,0.0,0.0,0.0,341,335,5.0,5.2,100.0,100.0,1.6,2.1,94.0,106.3,1014.4,1014.4,-5.51,339.4,-0.01,32.4524,5.984,279.3,35.4,1471.546, NAN, NAN, NAN, NAN,,2024/04/02 09:49:47.633,2024-04-02 09:49:47.633000+00:00
2024/04/02, 09:50:47.634,39.102,-71.999,11.16,234.39,233.91,11.69,7.2,7.3,1012.4,1012.4,0.0,0.0,0.0,0.0,340,334,5.1,5.8,100.0,100.0,2.0,2.5,106.3,125.7,1014.5,1014.5,-5.55,340.04,-0.01,32.432,5.9552,262.8,35.3,1471.405, NAN, NAN, NAN, NAN,,2024/04/02 09:50:47.634,2024-04-02 09:50:47.634000+00:00
2024/04/02, 09:51:47.634,39.1,-72.002,11.16,235.09,232.4,11.86,7.3,7.3,1012.5,1012.4,0.0,0.0,0.0,0.0,340,334,4.8,5.3,100.0,100.0,2.1,2.4,95.3,111.8,1014.6,1014.5,-5.5,340.68,-0.01,32.419,5.9307,256.1,32.8,1471.291, NAN, NAN, NAN, NAN,,2024/04/02 09:51:47.634,2024-04-02 09:51:47.634000+00:00
2024/04/02, 09:52:47.634,39.098,-72.005,11.2,234.42,232.05,11.93,7.4,7.4,1012.4,1012.4,0.0,0.0,0.0,0.0,338,332,4.5,5.3,100.0,100.0,2.4,2.6,90.2,111.2,1014.5,1014.5,-5.51,341.6,-0.02,32.3971,5.9163,256.1,31.6,1471.206, NAN, NAN, NAN, NAN,,2024/04/02 09:52:47.634,2024-04-02 09:52:47.634000+00:00
2024/04/02, 09:53:47.634,39.096,-72.008,11.15,235.08,228.88,11.95,7.4,7.5,1012.4,1012.4,0.0,0.0,0.0,0.0,337,330,4.2,5.4,100.0,100.0,2.5,2.6,81.9,111.8,1014.5,1014.5,-5.45,341.95,-0.01,32.3829,5.91,248.6,31.2,1471.163, NAN, NAN, NAN, NAN,,2024/04/02 09:53:47.634,2024-04-02 09:53:47.634000+00:00
2024/04/02, 09:54:47.634,39.094,-72.012,11.03,234.81,230.67,11.73,7.5,7.5,1012.5,1012.4,0.0,0.0,0.0,0.0,337,331,3.8,5.1,100.0,100.0,2.8,2.6,78.5,108.2,1014.6,1014.5,-5.39,342.26,-0.01,32.374,5.9184,247.0,31.6,1471.185, NAN, NAN, NAN, NAN,,2024/04/02 09:54:47.634,2024-04-02 09:54:47.634000+00:00
2024/04/02, 09:55:47.634,39.092,-72.015,11.12,235.04,233.54,11.95,7.5,7.6,1012.5,1012.4,0.0,0.0,0.0,0.0,334,329,3.9,6.0,100.0,100.0,3.0,3.0,84.0,125.7,1014.6,1014.5,-5.46,342.8,-0.01,32.3682,5.9356,242.4,32.1,1471.246, NAN, NAN, NAN, NAN,,2024/04/02 09:55:47.634,2024-04-02 09:55:47.634000+00:00
2024/04/02, 09:56:47.634,39.09,-72.018,11.17,234.98,232.23,11.97,7.6,7.6,1012.5,1012.4,0.0,0.0,0.0,0.0,336,330,4.2,5.7,100.0,100.0,2.7,2.8,85.6,119.3,1014.6,1014.5,-5.42,341.99,-0.01,32.3601,5.9571,236.9,32.7,1471.322, NAN, NAN, NAN, NAN,,2024/04/02 09:56:47.634,2024-04-02 09:56:47.634000+00:00
2024/04/02, 09:57:47.634,39.088,-72.022,11.17,234.37,231.9,11.47,7.5,7.6,1012.6,1012.4,0.0,0.0,0.0,0.0,337,331,4.3,5.1,100.0,100.0,2.4,2.6,90.8,111.6,1014.7,1014.5,-5.39,340.73,-0.01,32.3581,5.9694,227.5,32.8,1471.369, NAN, NAN, NAN, NAN,,2024/04/02 09:57:47.634,2024-04-02 09:57:47.634000+00:00
2024/04/02, 09:58:47.634,39.086,-72.025,11.06,234.84,232.87,11.68,7.4,7.5,1012.6,1012.4,0.0,0.0,0.0,0.0,341,335,4.4,4.8,100.0,100.0,2.2,2.4,88.1,102.4,1014.7,1014.5,-5.47,339.18,-0.0,32.3522,5.9792,225.3,33.1,1471.4, NAN, NAN, NAN, NAN,,2024/04/02 09:58:47.634,2024-04-02 09:58:47.634000+00:00
2024/04/02, 09:59:47.634,39.084,-72.028,11.09,234.79,231.21,11.78,7.3,7.5,1012.6,1012.4,0.0,0.0,0.0,0.0,340,334,4.6,4.7,100.0,100.0,2.1,2.5,90.5,98.2,1014.7,1014.5,-5.46,338.39,-0.0,32.3486,5.9904,228.4,33.4,1471.441, NAN, NAN, NAN, NAN,,2024/04/02 09:59:47.634,2024-04-02 09:59:47.634000+00:00
2024/04/02, 10:00:47.634,39.082,-72.032,11.21,234.48,230.37,11.98,7.3,7.4,1012.5,1012.5,0.0,0.0,0.0,0.0,339,333,4.6,5.4,100.0,100.0,2.2,2.4,88.4,111.4,1014.6,1014.6,-5.61,337.9,0.01,32.3436,5.9988,239.6,33.6,1471.468, NAN, NAN, NAN, NAN,,2024/04/02 10:00:47.634,2024-04-02 10:00:47.634000+00:00
2024/04/02, 10:01:47.634,39.08,-72.035,11.22,234.69,230.53,11.91,7.3,7.4,1012.6,1012.6,0.0,0.0,0.0,0.0,337,331,4.7,5.6,100.0,100.0,2.3,2.7,94.4,117.5,1014.7,1014.7,-5.63,338.38,0.01,32.3412,6.0013,251.0,33.8,1471.475, NAN, NAN, NAN, NAN,,2024/04/02 10:01:47.634,2024-04-02 10:01:47.634000+00:00
2024/04/02, 10:02:47.634,39.078,-72.038,11.13,233.99,227.41,11.83,7.3,7.4,1012.6,1012.5,0.0,0.0,0.0,0.0,339,333,4.6,5.6,100.0,100.0,2.1,2.3,87.1,116.4,1014.7,1014.6,-5.57,337.69,0.02,32.3395,6.0032,248.8,33.7,1471.48, NAN, NAN, NAN, NAN,,2024/04/02 10:02:47.634,2024-04-02 10:02:47.634000+00:00
2024/04/02, 10:03:47.634,39.076,-72.042,11.22,235.42,229.37,11.82,7.3,7.3,1012.7,1012.6,0.0,0.0,0.0,0.0,343,337,4.5,4.7,100.0,100.0,1.9,2.2,80.9,93.5,1014.8,1014.7,-5.48,336.6,0.04,32.3392,6.0012,265.2,34.0,1471.472, NAN, NAN, NAN, NAN,,2024/04/02 10:03:47.634,2024-04-02 10:03:47.634000+00:00
2024/04/02, 10:04:47.634,39.074,-72.045,11.3,234.99,235.64,11.63,7.2,7.3,1012.7,1012.6,0.0,0.0,0.0,0.0,343,337,4.3,4.5,100.0,100.0,2.2,2.5,86.3,96.7,1014.8,1014.7,-5.46,337.44,0.05,32.3382,5.9987,268.9,34.2,1471.461, NAN, NAN, NAN, NAN,,2024/04/02 10:04:47.634,2024-04-02 10:04:47.634000+00:00
2024/04/02, 10:05:47.634,39.072,-72.048,11.19,235.5,230.18,11.56,7.2,7.2,1012.7,1012.6,0.0,0.0,0.0,0.0,343,337,4.1,4.2,100.0,100.0,2.1,2.4,76.3,85.8,1014.8,1014.7,-5.61,337.73,0.07,32.3359,5.9912,263.8,34.3,1471.428, NAN, NAN, NAN, NAN,,2024/04/02 10:05:47.634,2024-04-02 10:05:47.634000+00:00
2024/04/02, 10:06:47.635,39.07,-72.052,11.24,235.38,232.08,11.6,7.1,7.2,1012.7,1012.6,0.0,0.0,0.0,0.0,345,339,3.9,4.1,100.0,100.0,2.3,2.4,73.4,84.2,1014.8,1014.7,-5.53,338.01,0.09,32.3316,5.9875,274.8,34.6,1471.408, NAN, NAN, NAN, NAN,,2024/04/02 10:06:47.635,2024-04-02 10:06:47.635000+00:00
2024/04/02, 10:07:47.635,39.068,-72.055,11.24,233.95,232.06,11.66,7.1,7.1,1012.8,1012.8,0.0,0.0,0.0,0.0,349,343,4.1,4.0,100.0,100.0,2.1,2.4,70.6,78.2,1014.9,1014.9,-5.61,337.57,0.11,32.3301,5.9896,286.4,34.5,1471.414, NAN, NAN, NAN, NAN,,2024/04/02 10:07:47.635,2024-04-02 10:07:47.635000+00:00
2024/04/02, 10:08:47.635,39.066,-72.058,11.21,234.34,229.99,11.79,7.1,7.1,1012.8,1012.8,0.0,0.0,0.0,0.0,354,348,4.0,3.9,100.0,100.0,2.1,2.3,55.8,65.7,1014.9,1014.9,-5.63,336.66,0.15,32.328,5.9948,255.8,34.7,1471.432, NAN, NAN, NAN, NAN,,2024/04/02 10:08:47.635,2024-04-02 10:08:47.635000+00:00
2024/04/02, 10:09:47.635,39.064,-72.061,11.24,235.01,232.77,11.6,7.1,7.1,1012.8,1012.8,0.0,0.0,0.0,0.0,354,348,3.7,3.6,100.0,100.0,2.3,2.5,58.4,66.6,1014.9,1014.9,-5.65,336.18,0.19,32.3242,6.0001,259.8,34.8,1471.449, NAN, NAN, NAN, NAN,,2024/04/02 10:09:47.635,2024-04-02 10:09:47.635000+00:00
2024/04/02, 10:10:47.635,39.062,-72.065,11.15,235.56,232.01,11.66,7.1,7.1,1012.7,1012.6,0.0,0.0,0.0,0.0,357,350,3.8,3.6,100.0,100.0,2.2,2.4,50.5,61.0,1014.8,1014.7,-5.64,334.51,0.25,32.3196,6.0074,260.4,34.8,1471.472, NAN, NAN, NAN, NAN,,2024/04/02 10:10:47.635,2024-04-02 10:10:47.635000+00:00
2024/04/02, 10:11:47.635,39.06,-72.068,11.16,235.28,234.87,11.69,7.1,7.1,1012.8,1012.8,0.0,0.0,0.0,0.0,357,351,3.9,3.7,100.0,100.0,2.1,2.4,57.5,66.2,1014.9,1014.9,-5.63,333.01,0.31,32.3172,6.012,248.6,34.9,1471.487, NAN, NAN, NAN, NAN,,2024/04/02 10:11:47.635,2024-04-02 10:11:47.635000+00:00
2024/04/02, 10:12:47.635,39.058,-72.071,11.32,234.3,233.83,11.72,7.1,7.1,1012.9,1012.8,0.0,0.0,0.0,0.0,354,348,3.9,3.9,100.0,100.0,2.2,2.3,60.1,70.0,1015.0,1014.9,-5.65,331.75,0.39,32.312,6.0119,251.0,34.9,1471.48, NAN, NAN, NAN, NAN,,2024/04/02 10:12:47.635,2024-04-02 10:12:47.635000+00:00
2024/04/02, 10:13:47.635,39.056,-72.075,11.23,235.94,234.31,11.61,7.1,7.1,1012.8,1012.8,0.0,0.0,0.0,0.0,351,344,3.7,3.7,100.0,100.0,2.3,2.5,63.7,73.4,1014.9,1014.9,-5.6,331.66,0.52,32.3029,6.0115,256.8,35.0,1471.467, NAN, NAN, NAN, NAN,,2024/04/02 10:13:47.635,2024-04-02 10:13:47.635000+00:00
2024/04/02, 10:14:47.635,39.054,-72.078,11.19,235.08,229.38,11.73,7.1,7.1,1012.8,1012.8,0.0,0.0,0.0,0.0,355,348,3.6,3.5,100.0,100.0,2.4,2.6,52.6,61.9,1014.9,1014.9,-5.63,331.99,0.66,32.2927,6.0131,254.4,35.1,1471.461, NAN, NAN, NAN, NAN,,2024/04/02 10:14:47.635,2024-04-02 10:14:47.635000+00:00
2024/04/02, 10:15:47.635,39.052,-72.081,11.04,233.77,233.08,11.5,7.1,7.1,1012.8,1012.7,0.0,0.0,0.0,0.0,352,345,3.3,3.4,100.0,100.0,2.7,2.7,59.8,68.7,1014.9,1014.8,-5.64,332.74,0.84,32.2829,6.0137,247.3,35.1,1471.451, NAN, NAN, NAN, NAN,,2024/04/02 10:15:47.635,2024-04-02 10:15:47.635000+00:00
2024/04/02, 10:16:47.635,39.05,-72.084,11.05,235.36,229.8,11.54,7.1,7.1,1012.8,1012.7,0.0,0.0,0.0,0.0,352,344,3.1,3.1,100.0,100.0,2.8,3.0,54.3,62.6,1014.9,1014.8,-5.4,334.04,1.06,32.2753,6.0179,248.8,35.2,1471.458, NAN, NAN, NAN, NAN,,2024/04/02 10:16:47.635,2024-04-02 10:16:47.635000+00:00
2024/04/02, 10:17:47.635,39.048,-72.088,11.21,234.74,233.73,11.39,7.1,7.1,1012.8,1012.7,0.0,0.0,0.0,0.0,356,349,3.1,2.9,100.0,100.0,2.8,3.0,55.5,61.9,1014.9,1014.8,-5.46,334.42,1.33,32.2643,6.0264,247.3,35.4,1471.478, NAN, NAN, NAN, NAN,,2024/04/02 10:17:47.635,2024-04-02 10:17:47.635000+00:00
2024/04/02, 10:18:47.635,39.046,-72.091,11.18,234.23,233.11,11.35,7.1,7.1,1012.8,1012.8,0.0,0.0,0.0,0.0,358,352,2.8,2.7,100.0,100.0,3.0,3.2,53.7,58.8,1014.9,1014.9,-5.43,335.48,1.71,32.2572,6.0369,255.8,35.4,1471.511, NAN, NAN, NAN, NAN,,2024/04/02 10:18:47.635,2024-04-02 10:18:47.635000+00:00
2024/04/02, 10:19:47.635,39.044,-72.094,11.13,235.41,231.6,11.51,7.1,7.1,1012.9,1012.8,0.0,0.0,0.0,0.0,1,354,2.8,2.6,100.0,100.0,3.1,3.3,48.8,54.7,1015.0,1014.9,-5.33,335.65,2.08,32.2542,6.0452,247.6,35.4,1471.54, NAN, NAN, NAN, NAN,,2024/04/02 10:19:47.635,2024-04-02 10:19:47.635000+00:00
2024/04/02, 10:20:47.635,39.042,-72.097,11.17,235.3,235.35,11.31,7.0,7.0,1012.8,1012.8,0.0,0.0,0.0,0.0,5,358,2.8,2.6,100.0,100.0,3.0,3.2,49.9,56.2,1014.9,1014.9,-5.27,335.82,2.51,32.2457,6.0528,250.0,35.3,1471.56, NAN, NAN, NAN, NAN,,2024/04/02 10:20:47.635,2024-04-02 10:20:47.635000+00:00
2024/04/02, 10:21:47.636,39.04,-72.101,11.15,235.32,232.87,11.28,6.9,7.0,1012.8,1012.8,0.0,0.0,0.0,0.0,1,354,2.7,2.6,100.0,100.0,3.1,3.2,49.6,55.4,1014.9,1014.9,-5.15,336.81,3.01,32.2424,6.0548,249.4,35.4,1471.564, NAN, NAN, NAN, NAN,,2024/04/02 10:21:47.636,2024-04-02 10:21:47.636000+00:00
2024/04/02, 10:22:47.636,39.039,-72.104,11.17,235.56,234.14,11.35,6.9,6.9,1012.8,1012.8,0.0,0.0,0.0,0.0,4,357,3.0,2.9,100.0,100.0,2.9,2.9,47.2,54.4,1014.9,1014.9,-5.01,337.86,3.6,32.2383,6.0522,250.7,35.4,1471.548, NAN, NAN, NAN, NAN,,2024/04/02 10:22:47.636,2024-04-02 10:22:47.636000+00:00
2024/04/02, 10:23:47.636,39.037,-72.107,11.25,234.56,236.62,11.32,6.9,6.9,1012.9,1012.8,0.0,0.0,0.0,0.0,5,359,3.2,3.0,100.0,100.0,2.6,2.8,49.3,56.3,1015.0,1014.9,-4.9,338.65,4.4,32.2351,6.05,251.6,35.5,1471.535, NAN, NAN, NAN, NAN,,2024/04/02 10:23:47.636,2024-04-02 10:23:47.636000+00:00
2024/04/02, 10:24:47.636,39.035,-72.11,11.11,234.35,237.19,11.39,6.9,6.9,1013.0,1012.9,0.0,0.0,0.0,0.0,4,357,3.3,3.1,100.0,100.0,2.6,2.8,50.0,58.5,1015.1,1015.0,-4.63,338.58,5.1,32.2355,6.0491,256.1,35.5,1471.532, NAN, NAN, NAN, NAN,,2024/04/02 10:24:47.636,2024-04-02 10:24:47.636000+00:00
2024/04/02, 10:25:47.636,39.033,-72.113,11.07,235.2,235.4,11.19,6.8,6.9,1012.9,1013.0,0.0,0.0,0.0,0.0,5,358,3.3,3.2,100.0,100.0,2.5,2.6,47.6,56.8,1015.0,1015.1,-4.47,336.38,5.85,32.2379,6.0462,259.2,35.5,1471.524, NAN, NAN, NAN, NAN,,2024/04/02 10:25:47.636,2024-04-02 10:25:47.636000+00:00
2024/04/02, 10:26:47.636,39.031,-72.117,11.07,235.31,236.43,11.17,6.8,6.8,1013.0,1012.9,0.0,0.0,0.0,0.0,2,355,3.2,3.1,100.0,100.0,2.5,2.7,51.9,60.2,1015.1,1015.0,-4.32,334.57,6.65,32.2408,6.0416,263.5,35.3,1471.509, NAN, NAN, NAN, NAN,,2024/04/02 10:26:47.636,2024-04-02 10:26:47.636000+00:00
2024/04/02, 10:27:47.636,39.029,-72.12,11.06,234.45,236.48,11.23,6.8,6.8,1012.9,1012.8,0.0,0.0,0.0,0.0,2,355,3.2,3.1,100.0,100.0,2.6,2.7,54.8,62.8,1015.0,1014.9,-4.23,333.25,7.49,32.2369,6.0354,262.2,35.5,1471.479, NAN, NAN, NAN, NAN,,2024/04/02 10:27:47.636,2024-04-02 10:27:47.636000+00:00
2024/04/02, 10:28:47.636,39.027,-72.123,11.1,234.56,234.59,10.99,6.8,6.8,1012.8,1012.8,0.0,0.0,0.0,0.0,2,355,3.0,2.9,100.0,100.0,2.7,2.8,50.7,58.2,1014.9,1014.9,-4.14,332.52,8.56,32.2384,6.0269,260.1,35.5,1471.447, NAN, NAN, NAN, NAN,,2024/04/02 10:28:47.636,2024-04-02 10:28:47.636000+00:00
2024/04/02, 10:29:47.636,39.025,-72.126,10.98,235.62,237.03,11.27,6.8,6.9,1012.8,1012.8,0.0,0.0,0.0,0.0,2,355,3.0,2.9,100.0,100.0,2.8,2.9,53.0,60.2,1014.9,1014.9,-3.84,331.49,9.63,32.2393,6.0169,258.0,35.7,1471.409, NAN, NAN, NAN, NAN,,2024/04/02 10:29:47.636,2024-04-02 10:29:47.636000+00:00
2024/04/02, 10:30:47.636,39.023,-72.13,11.0,234.98,230.92,11.4,6.9,6.9,1012.9,1012.8,0.0,0.0,0.0,0.0,5,359,3.0,2.9,100.0,100.0,2.9,3.0,43.4,49.7,1015.0,1014.9,-3.52,331.79,10.72,32.2446,6.0155,256.8,35.7,1471.41, NAN, NAN, NAN, NAN,,2024/04/02 10:30:47.636,2024-04-02 10:30:47.636000+00:00
2024/04/02, 10:31:47.636,39.022,-72.133,11.07,234.62,234.91,11.35,6.9,6.9,1012.8,1012.8,0.0,0.0,0.0,0.0,7,0,2.9,2.8,100.0,100.0,3.0,3.0,46.8,53.6,1014.9,1014.9,-3.4,332.9,11.8,32.2487,6.0187,257.4,35.6,1471.428, NAN, NAN, NAN, NAN,,2024/04/02 10:31:47.636,2024-04-02 10:31:47.636000+00:00
2024/04/02, 10:32:47.636,39.02,-72.136,11.1,234.56,229.94,11.27,6.9,6.9,1013.0,1013.0,0.0,0.0,0.0,0.0,7,359,2.7,2.5,100.0,100.0,3.2,3.3,42.8,49.8,1015.1,1015.1,-3.12,334.27,12.95,32.2519,6.024,273.6,35.8,1471.453, NAN, NAN, NAN, NAN,,2024/04/02 10:32:47.636,2024-04-02 10:32:47.636000+00:00
2024/04/02, 10:33:47.636,39.018,-72.139,11.13,234.94,236.81,11.09,6.9,6.9,1013.0,1012.8,0.0,0.0,0.0,0.0,9,2,2.2,2.1,100.0,100.0,3.5,3.6,50.4,54.8,1015.1,1014.9,-2.86,337.81,14.42,32.2212,6.0313,257.4,36.0,1471.443, NAN, NAN, NAN, NAN,,2024/04/02 10:33:47.636,2024-04-02 10:33:47.636000+00:00
2024/04/02, 10:34:47.636,39.016,-72.142,11.07,235.11,233.96,11.45,7.0,7.0,1012.7,1012.8,0.0,0.0,0.0,0.0,8,1,2.2,2.1,100.0,100.0,3.7,3.8,48.3,52.5,1014.8,1014.9,-2.26,341.42,15.72,32.2403,6.0373,255.2,36.0,1471.491, NAN, NAN, NAN, NAN,,2024/04/02 10:34:47.636,2024-04-02 10:34:47.636000+00:00
2024/04/02, 10:35:47.636,39.014,-72.146,11.22,235.13,233.18,11.42,7.0,7.0,1012.9,1012.8,0.0,0.0,0.0,0.0,6,356,2.1,2.0,100.0,100.0,3.8,3.9,49.0,54.4,1015.0,1014.9,-1.88,347.06,16.98,32.2409,6.0433,257.4,36.0,1471.516, NAN, NAN, NAN, NAN,,2024/04/02 10:35:47.636,2024-04-02 10:35:47.636000+00:00
2024/04/02, 10:36:47.636,39.012,-72.149,11.18,235.58,232.68,11.25,7.0,7.0,1012.8,1012.9,0.0,0.0,0.0,0.0,4,1,2.3,2.4,100.0,100.0,3.5,3.4,48.5,50.3,1014.9,1015.0,-1.45,351.37,17.78,32.236,6.0476,253.7,36.3,1471.527, NAN, NAN, NAN, NAN,,2024/04/02 10:36:47.636,2024-04-02 10:36:47.636000+00:00
2024/04/02, 10:37:47.637,39.01,-72.152,11.23,235.67,235.18,11.28,6.9,6.9,1012.9,1012.9,0.0,0.0,0.0,0.0,12,7,2.8,2.7,100.0,100.0,3.1,3.1,43.3,48.0,1015.0,1015.0,-1.21,354.04,18.08,32.2383,6.0512,249.4,36.4,1471.544, NAN, NAN, NAN, NAN,,2024/04/02 10:37:47.637,2024-04-02 10:37:47.637000+00:00
2024/04/02, 10:38:47.637,39.008,-72.155,11.14,235.4,233.54,11.14,6.8,6.9,1013.0,1012.8,0.0,0.0,0.0,0.0,12,5,2.6,2.4,100.0,100.0,3.3,3.4,43.3,49.4,1015.1,1014.9,-1.02,356.99,18.49,32.2399,6.0632,245.7,36.7,1471.594, NAN, NAN, NAN, NAN,,2024/04/02 10:38:47.637,2024-04-02 10:38:47.637000+00:00
2024/04/02, 10:39:47.637,39.007,-72.159,11.11,235.29,234.65,11.46,6.8,6.8,1013.0,1012.8,0.0,0.0,0.0,0.0,14,8,2.3,2.2,100.0,100.0,3.7,3.7,45.4,49.3,1015.1,1014.9,-0.93,358.65,18.93,32.2428,6.0724,244.9,36.2,1471.634, NAN, NAN, NAN, NAN,,2024/04/02 10:39:47.637,2024-04-02 10:39:47.637000+00:00
2024/04/02, 10:40:47.637,39.005,-72.162,11.23,234.93,235.3,11.23,6.8,6.8,1013.0,1013.0,0.0,0.0,0.0,0.0,15,9,2.3,2.1,100.0,100.0,3.6,3.7,44.9,49.3,1015.1,1015.1,-0.44,359.07,19.58,32.2428,6.0849,244.6,36.4,1471.684, NAN, NAN, NAN, NAN,,2024/04/02 10:40:47.637,2024-04-02 10:40:47.637000+00:00
2024/04/02, 10:41:47.637,39.003,-72.165,11.21,235.89,236.04,11.26,6.8,6.8,1013.0,1012.8,0.0,0.0,0.0,0.0,11,5,2.3,2.2,100.0,100.0,3.6,3.6,47.9,51.9,1015.1,1014.9,-0.1,358.56,20.74,32.2481,6.1106,243.6,36.3,1471.793, NAN, NAN, NAN, NAN,,2024/04/02 10:41:47.637,2024-04-02 10:41:47.637000+00:00
2024/04/02, 10:42:47.637,39.001,-72.168,11.15,235.37,235.07,11.28,6.7,6.9,1013.0,1012.9,0.0,0.0,0.0,0.0,11,5,2.3,2.2,100.0,100.0,3.6,3.6,47.2,51.3,1015.1,1015.0,0.53,358.5,22.98,32.2526,6.1381,243.6,36.4,1471.909, NAN, NAN, NAN, NAN,,2024/04/02 10:42:47.637,2024-04-02 10:42:47.637000+00:00
2024/04/02, 10:43:47.637,38.999,-72.172,11.19,235.47,233.86,11.22,6.7,6.7,1013.0,1013.0,0.0,0.0,0.0,0.0,3,357,2.2,2.2,100.0,100.0,3.6,3.6,51.3,54.9,1015.1,1015.1,1.2,358.55,25.48,32.2565,6.1701,237.9,36.4,1472.041, NAN, NAN, NAN, NAN,,2024/04/02 10:43:47.637,2024-04-02 10:43:47.637000+00:00
2024/04/02, 10:44:47.637,38.997,-72.175,11.23,234.76,235.6,11.2,6.8,6.8,1013.0,1013.0,0.0,0.0,0.0,0.0,8,1,2.6,2.4,100.0,100.0,3.2,3.4,47.8,53.6,1015.1,1015.1,2.08,357.6,28.33,32.2619,6.2032,246.4,36.4,1472.179, NAN, NAN, NAN, NAN,,2024/04/02 10:44:47.637,2024-04-02 10:44:47.637000+00:00
2024/04/02, 10:45:47.637,38.995,-72.178,11.15,234.74,233.32,11.31,6.7,6.8,1013.0,1013.0,0.0,0.0,0.0,0.0,9,2,2.6,2.5,100.0,100.0,3.3,3.3,45.4,51.1,1015.1,1015.1,3.17,356.34,31.93,32.274,6.2273,250.4,36.5,1472.29, NAN, NAN, NAN, NAN,,2024/04/02 10:45:47.637,2024-04-02 10:45:47.637000+00:00
2024/04/02, 10:46:47.637,38.994,-72.181,11.17,234.79,231.76,11.29,6.7,6.7,1013.1,1013.0,0.0,0.0,0.0,0.0,7,0,2.7,2.5,100.0,100.0,3.2,3.3,44.6,50.8,1015.2,1015.1,4.66,354.79,36.3,32.2892,6.2436,261.4,36.4,1472.374, NAN, NAN, NAN, NAN,,2024/04/02 10:46:47.637,2024-04-02 10:46:47.637000+00:00
2024/04/02, 10:47:47.637,38.992,-72.185,11.07,235.92,229.28,11.24,6.7,6.8,1013.2,1013.1,0.0,0.0,0.0,0.0,9,2,2.7,2.5,100.0,100.0,3.2,3.3,40.6,47.0,1015.3,1015.2,6.36,353.42,42.2,32.3035,6.2552,285.4,36.1,1472.438, NAN, NAN, NAN, NAN,,2024/04/02 10:47:47.637,2024-04-02 10:47:47.637000+00:00
2024/04/02, 10:48:47.637,38.99,-72.188,11.09,234.23,236.17,11.14,6.7,6.8,1013.0,1013.0,0.0,0.0,0.0,0.0,11,4,2.6,2.5,100.0,100.0,3.2,3.2,47.6,53.4,1015.1,1015.1,8.31,352.35,47.76,32.3111,6.2589,288.0,35.8,1472.462, NAN, NAN, NAN, NAN,,2024/04/02 10:48:47.637,2024-04-02 10:48:47.637000+00:00
2024/04/02, 10:49:47.637,38.988,-72.191,11.11,235.12,233.05,11.35,6.7,6.8,1013.2,1013.1,0.0,0.0,0.0,0.0,15,9,2.8,2.6,100.0,100.0,3.3,3.3,38.7,44.7,1015.3,1015.2,10.14,351.99,53.5,32.316,6.2683,321.7,34.1,1472.506, NAN, NAN, NAN, NAN,,2024/04/02 10:49:47.637,2024-04-02 10:49:47.637000+00:00
2024/04/02, 10:50:47.637,38.986,-72.194,11.06,235.17,237.76,11.36,6.7,6.8,1013.2,1013.1,0.0,0.0,0.0,0.0,17,9,2.5,2.3,100.0,100.0,3.5,3.6,44.9,51.1,1015.3,1015.2,12.18,352.26,59.54,32.3157,6.2808,325.7,34.2,1472.555, NAN, NAN, NAN, NAN,,2024/04/02 10:50:47.637,2024-04-02 10:50:47.637000+00:00
2024/04/02, 10:51:47.637,38.984,-72.197,11.04,235.15,232.0,11.22,6.8,6.8,1013.1,1013.0,0.0,0.0,0.0,0.0,18,11,2.4,2.2,100.0,100.0,3.6,3.7,40.1,45.5,1015.2,1015.1,14.14,352.62,65.87,32.3091,6.293,327.6,34.3,1472.595, NAN, NAN, NAN, NAN,,2024/04/02 10:51:47.637,2024-04-02 10:51:47.637000+00:00
2024/04/02, 10:52:47.638,38.983,-72.201,11.09,235.18,234.75,11.27,6.7,6.8,1013.2,1013.0,0.0,0.0,0.0,0.0,17,10,2.7,2.4,100.0,100.0,3.3,3.5,39.0,46.0,1015.3,1015.1,16.59,352.86,73.63,32.3079,6.3138,320.3,34.8,1472.676, NAN, NAN, NAN, NAN,,2024/04/02 10:52:47.638,2024-04-02 10:52:47.638000+00:00
2024/04/02, 10:53:47.638,38.981,-72.204,11.11,235.57,237.74,11.21,6.7,6.8,1013.3,1013.2,0.0,0.0,0.0,0.0,20,14,2.8,2.6,100.0,100.0,3.2,3.3,40.0,46.0,1015.4,1015.3,18.89,353.72,80.41,32.3096,6.3292,324.3,34.9,1472.739, NAN, NAN, NAN, NAN,,2024/04/02 10:53:47.638,2024-04-02 10:53:47.638000+00:00
2024/04/02, 10:54:47.638,38.979,-72.207,11.08,234.78,236.02,11.17,6.7,6.8,1013.2,1013.2,0.0,0.0,0.0,0.0,18,12,2.7,2.6,100.0,100.0,3.3,3.2,40.3,45.4,1015.3,1015.3,21.43,354.27,86.61,32.3131,6.3364,324.3,35.0,1472.772, NAN, NAN, NAN, NAN,,2024/04/02 10:54:47.638,2024-04-02 10:54:47.638000+00:00
2024/04/02, 10:55:47.638,38.977,-72.21,11.23,235.0,234.8,11.2,6.7,6.8,1013.2,1013.2,0.0,0.0,0.0,0.0,10,5,2.6,2.3,100.0,100.0,3.2,3.5,46.1,50.9,1015.3,1015.3,23.29,354.52,91.92,32.3237,6.3448,344.6,35.0,1472.819, NAN, NAN, NAN, NAN,,2024/04/02 10:55:47.638,2024-04-02 10:55:47.638000+00:00
2024/04/02, 10:56:47.638,38.975,-72.214,11.1,233.83,236.36,11.15,6.8,6.8,1013.2,1013.2,0.0,0.0,0.0,0.0,14,5,2.5,2.3,100.0,100.0,3.3,3.4,44.9,51.9,1015.3,1015.3,24.75,354.71,95.57,32.333,6.3686,346.5,34.8,1472.925, NAN, NAN, NAN, NAN,,2024/04/02 10:56:47.638,2024-04-02 10:56:47.638000+00:00
2024/04/02, 10:57:47.638,38.973,-72.217,11.13,235.95,233.91,10.98,6.8,6.8,1013.2,1013.2,0.0,0.0,0.0,0.0,7,1,2.1,2.0,100.0,100.0,3.6,3.6,49.2,52.8,1015.3,1015.3,25.52,355.83,98.09,32.3378,6.4658,350.7,34.9,1473.315, NAN, NAN, NAN, NAN,,2024/04/02 10:57:47.638,2024-04-02 10:57:47.638000+00:00
2024/04/02, 10:58:47.638,38.972,-72.22,11.1,234.74,232.29,11.29,6.8,6.8,1013.2,1013.2,0.0,0.0,0.0,0.0,1,3,2.4,2.0,100.0,100.0,3.4,3.8,51.4,50.8,1015.3,1015.3,25.77,356.57,99.2,32.3535,6.5081,362.7,34.7,1473.502, NAN, NAN, NAN, NAN,,2024/04/02 10:58:47.638,2024-04-02 10:58:47.638000+00:00
2024/04/02, 10:59:47.638,38.97,-72.223,11.08,234.85,234.8,11.29,6.8,6.8,1013.0,1013.0,0.0,0.0,0.0,0.0,1,356,2.3,2.0,100.0,100.0,3.5,3.8,53.0,55.8,1015.1,1015.1,25.44,357.02,99.41,32.3896,6.5161,391.5,34.7,1473.579, NAN, NAN, NAN, NAN,,2024/04/02 10:59:47.638,2024-04-02 10:59:47.638000+00:00
2024/04/02, 11:00:47.638,38.968,-72.226,11.23,235.0,235.96,11.38,6.8,6.8,1013.2,1013.0,0.0,0.0,0.0,0.0,4,359,2.5,2.0,100.0,100.0,3.4,3.8,51.7,55.2,1015.3,1015.1,24.97,357.73,98.83,32.4923,6.5101,430.2,34.6,1473.684, NAN, NAN, NAN, NAN,,2024/04/02 11:00:47.638,2024-04-02 11:00:47.638000+00:00
2024/04/02, 11:01:47.638,38.966,-72.23,11.26,235.55,231.07,11.4,6.7,6.8,1013.1,1013.0,0.0,0.0,0.0,0.0,1,356,2.4,1.9,100.0,100.0,3.5,4.0,49.4,52.7,1015.2,1015.1,24.6,358.31,98.23,32.5384,6.4983,451.6,35.1,1473.695, NAN, NAN, NAN, NAN,,2024/04/02 11:01:47.638,2024-04-02 11:01:47.638000+00:00
2024/04/02, 11:02:47.638,38.964,-72.233,11.15,234.7,232.06,11.32,6.7,6.8,1013.1,1013.0,0.0,0.0,0.0,0.0,1,355,1.8,1.7,100.0,100.0,4.0,4.1,51.2,53.8,1015.2,1015.1,24.61,358.95,98.12,32.5564,6.4916,441.2,34.6,1473.691, NAN, NAN, NAN, NAN,,2024/04/02 11:02:47.638,2024-04-02 11:02:47.638000+00:00
2024/04/02, 11:03:47.638,38.962,-72.236,11.22,234.88,232.27,11.33,6.8,6.8,1013.2,1013.1,0.0,0.0,0.0,0.0,7,354,1.6,1.6,100.0,100.0,4.3,4.2,48.7,53.6,1015.3,1015.2,24.45,359.65,97.83,32.5623,6.4843,417.4,34.9,1473.67, NAN, NAN, NAN, NAN,,2024/04/02 11:03:47.638,2024-04-02 11:03:47.638000+00:00
2024/04/02, 11:04:47.638,38.96,-72.239,11.15,236.37,235.24,11.25,6.8,6.8,1013.0,1013.1,0.0,0.0,0.0,0.0,357,351,1.4,1.3,100.0,100.0,4.4,4.5,55.9,57.6,1015.1,1015.2,24.2,359.99,97.27,32.5568,6.506,415.0,35.1,1473.749, NAN, NAN, NAN, NAN,,2024/04/02 11:04:47.638,2024-04-02 11:04:47.638000+00:00
2024/04/02, 11:05:47.638,38.959,-72.243,11.15,235.48,234.09,11.28,6.8,6.9,1013.0,1013.1,0.0,0.0,0.0,0.0,353,347,1.2,1.2,100.0,100.0,4.6,4.6,55.3,56.8,1015.1,1015.2,23.63,360.47,96.34,32.5589,6.5342,416.0,35.1,1473.862, NAN, NAN, NAN, NAN,,2024/04/02 11:05:47.638,2024-04-02 11:05:47.638000+00:00
2024/04/02, 11:06:47.638,38.957,-72.246,11.1,236.31,236.01,11.24,6.8,6.9,1013.2,1013.1,0.0,0.0,0.0,0.0,0,347,1.1,1.2,100.0,100.0,4.7,4.6,55.3,58.6,1015.3,1015.2,22.97,360.67,95.05,32.5654,6.5546,414.4,35.4,1473.951, NAN, NAN, NAN, NAN,,2024/04/02 11:06:47.638,2024-04-02 11:06:47.638000+00:00
2024/04/02, 11:07:47.638,38.955,-72.249,11.16,234.24,234.47,11.1,6.9,6.9,1013.0,1013.0,0.0,0.0,0.0,0.0,349,342,1.2,1.3,100.0,100.0,4.5,4.5,57.1,59.3,1015.1,1015.1,22.59,361.18,93.97,32.5692,6.5647,421.7,35.5,1473.995, NAN, NAN, NAN, NAN,,2024/04/02 11:07:47.638,2024-04-02 11:07:47.638000+00:00
2024/04/02, 11:08:47.639,38.953,-72.252,11.19,234.87,238.21,11.25,6.9,6.9,1013.2,1013.0,0.0,0.0,0.0,0.0,351,345,1.6,1.7,100.0,100.0,4.2,4.2,61.2,63.9,1015.3,1015.1,22.27,360.86,92.96,32.5711,6.5692,428.4,35.6,1474.016, NAN, NAN, NAN, NAN,,2024/04/02 11:08:47.639,2024-04-02 11:08:47.639000+00:00
2024/04/02, 11:09:47.639,38.951,-72.255,11.22,234.75,233.74,11.16,6.8,6.8,1013.0,1013.0,0.0,0.0,0.0,0.0,347,342,1.5,2.2,100.0,100.0,4.3,3.7,58.5,64.5,1015.1,1015.1,21.93,360.98,93.53,32.5715,6.5679,436.9,35.5,1474.011, NAN, NAN, NAN, NAN,,2024/04/02 11:09:47.639,2024-04-02 11:09:47.639000+00:00
2024/04/02, 11:10:47.639,38.95,-72.259,11.29,234.83,234.7,11.42,6.8,6.8,1013.0,1013.0,0.0,0.0,0.0,0.0,343,335,1.5,1.8,100.0,100.0,4.5,4.3,59.7,64.2,1015.1,1015.1,20.3,361.1,89.45,32.5726,6.5645,471.2,35.8,1473.999, NAN, NAN, NAN, NAN,,2024/04/02 11:10:47.639,2024-04-02 11:10:47.639000+00:00
2024/04/02, 11:11:47.639,38.948,-72.262,11.35,235.02,236.63,11.17,6.7,6.8,1013.0,1013.0,0.1,0.0,0.0,0.0,345,338,1.9,2.1,100.0,100.0,3.9,3.9,63.6,68.2,1015.1,1015.1,17.95,361.1,83.22,32.5729,6.5573,445.2,35.7,1473.971, NAN, NAN, NAN, NAN,,2024/04/02 11:11:47.639,2024-04-02 11:11:47.639000+00:00
2024/04/02, 11:12:47.639,38.946,-72.265,11.29,234.92,236.64,11.27,6.7,6.8,1013.0,1013.0,0.0,0.0,0.0,0.0,332,329,1.7,3.7,100.0,100.0,4.4,3.3,66.3,91.9,1015.1,1015.1,15.33,361.26,74.56,32.5729,6.5486,453.1,35.7,1473.937, NAN, NAN, NAN, NAN,,2024/04/02 11:12:47.639,2024-04-02 11:12:47.639000+00:00
2024/04/02, 11:13:47.639,38.944,-72.269,11.31,235.03,233.88,11.21,6.7,6.8,1013.0,1013.0,0.0,0.0,0.0,0.0,338,333,2.0,2.7,100.0,100.0,4.0,3.6,65.3,74.4,1015.1,1015.1,13.32,361.51,69.67,32.5738,6.5363,479.3,35.9,1473.889, NAN, NAN, NAN, NAN,,2024/04/02 11:13:47.639,2024-04-02 11:13:47.639000+00:00
2024/04/02, 11:14:47.639,38.942,-72.272,11.25,234.79,234.61,11.15,6.8,6.8,1013.2,1013.0,0.0,0.0,0.0,0.0,337,332,1.9,3.4,100.0,100.0,4.0,3.2,65.1,84.8,1015.3,1015.1,12.39,361.91,67.9,32.573,6.5227,461.7,36.1,1473.835, NAN, NAN, NAN, NAN,,2024/04/02 11:14:47.639,2024-04-02 11:14:47.639000+00:00
2024/04/02, 11:15:47.639,38.94,-72.275,11.22,234.79,233.2,11.11,6.8,6.8,1013.1,1013.0,0.0,0.0,0.0,0.0,328,327,2.0,4.6,100.0,100.0,4.1,3.1,68.7,107.5,1015.2,1015.1,12.49,361.91,67.69,32.5735,6.5091,450.7,36.1,1473.782, NAN, NAN, NAN, NAN,,2024/04/02 11:15:47.639,2024-04-02 11:15:47.639000+00:00
2024/04/02, 11:16:47.639,38.939,-72.278,11.15,235.81,238.34,11.14,6.9,6.9,1013.3,1013.2,0.0,0.0,0.0,0.0,334,334,2.0,3.6,100.0,100.0,4.1,3.0,70.9,91.0,1015.4,1015.3,13.27,361.86,69.25,32.573,6.4901,453.1,36.2,1473.706, NAN, NAN, NAN, NAN,,2024/04/02 11:16:47.639,2024-04-02 11:16:47.639000+00:00
2024/04/02, 11:17:47.639,38.937,-72.282,11.16,234.24,235.41,11.06,6.9,6.9,1013.0,1013.0,0.0,0.0,0.0,0.0,329,327,2.0,4.3,100.0,100.0,4.1,3.2,69.9,103.7,1015.1,1015.1,13.66,362.01,70.58,32.5735,6.4729,458.0,36.2,1473.639, NAN, NAN, NAN, NAN,,2024/04/02 11:17:47.639,2024-04-02 11:17:47.639000+00:00
2024/04/02, 11:18:47.639,38.935,-72.285,11.28,234.93,236.3,11.2,6.9,6.9,1013.0,1013.0,0.0,0.0,0.0,0.0,331,328,2.0,4.4,100.0,100.0,4.1,3.1,69.2,104.5,1015.1,1015.1,13.74,362.35,70.53,32.5731,6.4632,455.0,36.4,1473.6, NAN, NAN, NAN, NAN,,2024/04/02 11:18:47.639,2024-04-02 11:18:47.639000+00:00
2024/04/02, 11:19:47.639,38.933,-72.288,11.34,234.38,233.59,11.29,6.9,6.9,1013.0,1013.0,0.0,0.0,0.0,0.0,329,327,2.3,4.4,100.0,100.0,4.0,3.2,71.3,102.8,1015.1,1015.1,13.69,362.4,70.5,32.5751,6.4529,442.5,36.5,1473.562, NAN, NAN, NAN, NAN,,2024/04/02 11:19:47.639,2024-04-02 11:19:47.639000+00:00
2024/04/02, 11:20:47.639,38.932,-72.291,11.3,234.81,233.99,11.14,6.9,6.9,1012.8,1012.9,0.0,0.0,0.0,0.0,324,323,2.1,4.1,100.0,100.0,4.2,3.4,71.3,99.5,1014.9,1015.0,13.67,362.29,70.82,32.5752,6.4611,430.8,36.4,1473.595, NAN, NAN, NAN, NAN,,2024/04/02 11:20:47.639,2024-04-02 11:20:47.639000+00:00
2024/04/02, 11:21:47.639,38.93,-72.295,11.25,233.32,232.65,11.02,6.9,6.9,1012.9,1012.8,0.0,0.0,0.0,0.0,320,317,2.3,3.8,100.0,100.0,4.2,3.9,73.8,95.0,1015.0,1014.9,13.77,362.33,71.93,32.5736,6.4836,411.0,36.6,1473.681, NAN, NAN, NAN, NAN,,2024/04/02 11:21:47.639,2024-04-02 11:21:47.639000+00:00
2024/04/02, 11:22:47.639,38.928,-72.298,11.24,232.96,230.73,11.12,6.9,6.9,1012.8,1012.8,0.0,0.0,0.0,0.0,312,319,2.1,3.8,100.0,100.0,4.5,3.7,71.4,92.7,1014.9,1014.9,14.36,362.34,73.58,32.5758,6.4939,408.3,36.7,1473.725, NAN, NAN, NAN, NAN,,2024/04/02 11:22:47.639,2024-04-02 11:22:47.639000+00:00
2024/04/02, 11:23:47.639,38.926,-72.301,11.35,232.6,233.24,11.29,6.9,6.9,1012.8,1012.8,0.0,0.0,0.0,0.0,316,319,2.2,3.8,100.0,100.0,4.5,3.9,72.7,93.2,1014.9,1014.9,14.9,362.44,75.83,32.5757,6.5,418.4,36.7,1473.749, NAN, NAN, NAN, NAN,,2024/04/02 11:23:47.639,2024-04-02 11:23:47.639000+00:00
2024/04/02, 11:24:47.640,38.924,-72.304,11.3,232.07,229.44,11.43,6.9,6.9,1012.9,1012.8,0.0,0.0,0.0,0.0,318,320,2.1,4.6,100.0,100.0,4.5,3.7,68.8,102.5,1015.0,1014.9,15.98,362.51,78.99,32.5713,6.5078,424.4,36.9,1473.774, NAN, NAN, NAN, NAN,,2024/04/02 11:24:47.640,2024-04-02 11:24:47.640000+00:00
2024/04/02, 11:25:47.640,38.922,-72.307,11.35,233.66,232.48,11.27,6.9,6.9,1012.9,1012.8,0.0,0.1,0.0,0.0,321,325,2.1,4.8,100.0,100.0,4.4,3.3,70.7,109.2,1015.0,1014.9,17.7,362.45,83.27,32.5658,6.5241,421.1,36.9,1473.831, NAN, NAN, NAN, NAN,,2024/04/02 11:25:47.640,2024-04-02 11:25:47.640000+00:00
2024/04/02, 11:26:47.640,38.92,-72.311,11.29,232.92,234.53,11.4,6.9,6.9,1012.8,1012.8,0.1,0.0,0.0,0.0,317,323,2.1,4.9,100.0,100.0,4.6,3.6,72.8,110.6,1014.9,1014.9,19.26,362.44,87.68,32.5574,6.5473,433.9,37.0,1473.912, NAN, NAN, NAN, NAN,,2024/04/02 11:26:47.640,2024-04-02 11:26:47.640000+00:00
2024/04/02, 11:27:47.640,38.919,-72.314,11.23,232.19,234.03,11.0,6.8,6.9,1012.8,1012.8,0.0,0.0,0.0,0.0,313,321,2.0,4.7,100.0,100.0,4.6,3.7,72.8,109.4,1014.9,1014.9,20.47,362.55,91.29,32.5587,6.5818,398.8,37.0,1474.05, NAN, NAN, NAN, NAN,,2024/04/02 11:27:47.640,2024-04-02 11:27:47.640000+00:00
2024/04/02, 11:28:47.640,38.917,-72.317,11.27,233.45,234.86,11.19,6.8,6.9,1012.8,1012.8,0.0,0.0,0.0,0.0,308,318,1.9,4.6,100.0,100.0,4.9,4.0,73.2,107.6,1014.9,1014.9,20.5,362.83,91.85,32.5561,6.6117,385.7,36.9,1474.164, NAN, NAN, NAN, NAN,,2024/04/02 11:28:47.640,2024-04-02 11:28:47.640000+00:00
2024/04/02, 11:29:47.640,38.915,-72.32,11.28,232.36,229.52,11.38,6.8,6.9,1012.7,1012.6,0.3,0.6,0.01,0.01,301,317,1.9,4.3,100.0,100.0,5.1,3.9,69.6,98.5,1014.8,1014.7,19.71,362.64,90.24,32.558,6.6334,365.4,37.0,1474.252, NAN, NAN, NAN, NAN,,2024/04/02 11:29:47.640,2024-04-02 11:29:47.640000+00:00
2024/04/02, 11:30:47.640,38.913,-72.324,11.34,232.62,233.45,11.29,6.8,6.9,1012.8,1012.6,1.2,0.7,0.03,0.03,297,317,1.7,4.0,100.0,100.0,5.3,4.0,70.1,96.8,1014.9,1014.7,18.53,362.74,87.68,32.5597,6.6542,375.5,37.2,1474.335, NAN, NAN, NAN, NAN,,2024/04/02 11:30:47.640,2024-04-02 11:30:47.640000+00:00
2024/04/02, 11:31:47.640,38.911,-72.327,11.26,233.29,235.26,11.25,6.8,6.9,1012.7,1012.7,1.7,0.8,0.06,0.04,284,315,1.5,3.6,100.0,100.0,5.7,4.2,69.8,93.1,1014.8,1014.8,17.37,362.89,85.51,32.566,6.6712,360.0,37.3,1474.41, NAN, NAN, NAN, NAN,,2024/04/02 11:31:47.640,2024-04-02 11:31:47.640000+00:00
2024/04/02, 11:32:47.640,38.909,-72.33,11.28,233.01,233.02,11.3,6.8,6.9,1012.7,1012.6,0.5,1.3,0.07,0.06,271,308,1.6,3.2,100.0,100.0,6.0,4.6,68.9,86.8,1014.8,1014.7,16.83,363.23,85.13,32.5709,6.6948,350.2,37.3,1474.509, NAN, NAN, NAN, NAN,,2024/04/02 11:32:47.640,2024-04-02 11:32:47.640000+00:00
2024/04/02, 11:33:47.640,38.908,-72.333,11.4,233.05,233.98,11.12,6.9,6.9,1012.7,1012.6,0.5,0.6,0.08,0.07,285,319,1.3,3.3,100.0,100.0,5.5,3.9,67.0,88.0,1014.8,1014.7,17.62,362.92,87.45,32.5757,6.7144,364.4,37.3,1474.592, NAN, NAN, NAN, NAN,,2024/04/02 11:33:47.640,2024-04-02 11:33:47.640000+00:00
2024/04/02, 11:34:47.640,38.906,-72.337,11.2,232.89,228.98,11.24,6.9,6.9,1012.8,1012.7,0.1,0.5,0.08,0.08,282,313,1.3,2.9,100.0,100.0,5.6,4.3,64.1,80.0,1014.9,1014.8,19.26,363.28,91.24,32.5826,6.7259,367.5,37.3,1474.645, NAN, NAN, NAN, NAN,,2024/04/02 11:34:47.640,2024-04-02 11:34:47.640000+00:00
2024/04/02, 11:35:47.640,38.904,-72.34,11.28,233.49,231.9,11.42,6.9,6.9,1012.8,1012.7,0.0,0.0,0.08,0.08,286,312,1.7,3.5,100.0,100.0,5.6,4.4,69.9,89.5,1014.9,1014.8,21.1,363.11,95.67,32.5895,6.7343,349.9,37.4,1474.687, NAN, NAN, NAN, NAN,,2024/04/02 11:35:47.640,2024-04-02 11:35:47.640000+00:00
2024/04/02, 11:36:47.640,38.902,-72.343,11.27,233.16,233.08,11.53,6.9,6.9,1012.8,1012.6,0.0,0.0,0.08,0.08,295,316,1.7,3.8,100.0,100.0,5.4,4.2,69.8,92.9,1014.9,1014.7,23.06,363.05,99.92,32.5971,6.7379,364.4,37.3,1474.711, NAN, NAN, NAN, NAN,,2024/04/02 11:36:47.640,2024-04-02 11:36:47.640000+00:00
2024/04/02, 11:37:47.640,38.9,-72.346,11.15,233.8,233.75,11.38,6.9,6.9,1012.8,1012.7,0.0,0.0,0.08,0.08,304,315,1.6,3.5,100.0,100.0,5.1,4.2,69.0,90.3,1014.9,1014.8,23.74,363.11,101.49,32.5986,6.7409,390.2,37.1,1474.724, NAN, NAN, NAN, NAN,,2024/04/02 11:37:47.640,2024-04-02 11:37:47.640000+00:00
2024/04/02, 11:38:47.640,38.898,-72.35,11.22,232.63,233.58,11.53,6.9,7.0,1012.7,1012.6,0.0,0.0,0.09,0.08,294,314,1.9,3.8,100.0,100.0,5.5,4.3,72.3,93.5,1014.8,1014.7,23.16,362.99,100.87,32.598,6.7481,396.9,37.2,1474.752, NAN, NAN, NAN, NAN,,2024/04/02 11:38:47.640,2024-04-02 11:38:47.640000+00:00
2024/04/02, 11:39:47.640,38.897,-72.353,11.28,232.38,234.28,11.57,7.0,7.0,1012.8,1012.8,0.0,0.0,0.09,0.08,298,314,1.9,4.1,100.0,100.0,5.4,4.4,72.3,97.5,1014.9,1014.9,22.54,363.22,100.31,32.5928,6.7551,395.5,37.3,1474.773, NAN, NAN, NAN, NAN,,2024/04/02 11:39:47.640,2024-04-02 11:39:47.640000+00:00
2024/04/02, 11:40:47.640,38.895,-72.356,11.31,232.73,232.44,11.68,7.0,7.0,1012.8,1012.6,0.2,0.2,0.09,0.09,296,311,2.3,4.3,100.0,100.0,5.4,4.5,75.2,98.3,1014.9,1014.7,22.76,363.16,101.3,32.5973,6.759,402.5,37.6,1474.794, NAN, NAN, NAN, NAN,,2024/04/02 11:40:47.640,2024-04-02 11:40:47.640000+00:00
2024/04/02, 11:41:47.641,38.893,-72.36,11.38,233.25,233.94,11.54,7.0,7.0,1012.8,1012.8,0.4,0.3,0.1,0.09,305,317,2.1,4.5,100.0,100.0,5.1,4.1,74.0,103.2,1014.9,1014.9,23.18,362.98,102.77,32.5972,6.7632,429.1,37.6,1474.81, NAN, NAN, NAN, NAN,,2024/04/02 11:41:47.641,2024-04-02 11:41:47.641000+00:00
2024/04/02, 11:42:47.641,38.891,-72.363,11.36,232.78,232.87,11.42,7.1,7.1,1012.8,1012.8,0.1,0.1,0.1,0.09,312,319,3.0,5.7,100.0,100.0,4.5,4.1,83.1,120.2,1014.9,1014.9,23.27,362.91,102.97,32.5982,6.7587,419.3,37.6,1474.793, NAN, NAN, NAN, NAN,,2024/04/02 11:42:47.641,2024-04-02 11:42:47.641000+00:00
2024/04/02, 11:43:47.641,38.889,-72.366,11.28,232.65,235.28,11.19,7.0,7.1,1013.0,1013.0,0.0,0.0,0.1,0.09,312,317,3.2,5.6,100.0,100.0,4.4,4.3,87.9,120.2,1015.1,1015.1,22.33,363.0,101.21,32.5989,6.7394,429.7,37.7,1474.719, NAN, NAN, NAN, NAN,,2024/04/02 11:43:47.641,2024-04-02 11:43:47.641000+00:00
2024/04/02, 11:44:47.641,38.887,-72.369,11.33,232.19,232.73,11.33,7.0,7.1,1013.0,1013.0,0.0,0.0,0.1,0.09,316,320,3.6,6.2,100.0,100.0,4.1,4.2,90.7,127.4,1015.1,1015.1,21.27,363.14,99.41,32.6014,6.7288,425.4,37.8,1474.68, NAN, NAN, NAN, NAN,,2024/04/02 11:44:47.641,2024-04-02 11:44:47.641000+00:00
2024/04/02, 11:45:47.641,38.885,-72.373,11.28,232.95,234.07,11.38,7.0,7.1,1013.0,1013.0,0.0,0.0,0.1,0.09,317,319,3.8,6.2,100.0,100.0,4.1,4.3,94.3,127.3,1015.1,1015.1,21.19,363.21,99.27,32.6002,6.729,430.5,37.9,1474.68, NAN, NAN, NAN, NAN,,2024/04/02 11:45:47.641,2024-04-02 11:45:47.641000+00:00
2024/04/02, 11:46:47.641,38.883,-72.376,11.24,233.22,234.93,11.22,7.0,7.0,1012.9,1012.9,0.1,0.0,0.1,0.09,310,315,3.8,6.1,100.0,100.0,4.5,4.7,96.1,125.3,1015.0,1015.0,22.18,363.57,101.74,32.5915,6.7281,420.4,37.8,1474.665, NAN, NAN, NAN, NAN,,2024/04/02 11:46:47.641,2024-04-02 11:46:47.641000+00:00
2024/04/02, 11:47:47.641,38.881,-72.379,11.14,230.78,230.67,11.4,7.0,7.0,1012.9,1012.8,0.1,0.1,0.1,0.1,304,311,3.9,6.0,100.0,100.0,4.9,4.9,92.1,117.8,1015.0,1014.9,23.07,363.89,103.87,32.5859,6.7309,426.8,38.0,1474.669, NAN, NAN, NAN, NAN,,2024/04/02 11:47:47.641,2024-04-02 11:47:47.641000+00:00
2024/04/02, 11:48:47.641,38.88,-72.382,11.28,231.33,231.7,11.39,7.0,7.0,1012.8,1012.8,0.1,0.1,0.11,0.1,295,308,4.2,6.2,100.0,100.0,5.6,5.4,94.9,119.0,1014.9,1014.9,23.95,364.09,106.22,32.585,6.7397,409.2,37.9,1474.703, NAN, NAN, NAN, NAN,,2024/04/02 11:48:47.641,2024-04-02 11:48:47.641000+00:00
2024/04/02, 11:49:47.641,38.878,-72.386,11.29,230.56,232.73,11.46,7.0,7.1,1012.7,1012.7,1.6,0.7,0.13,0.11,289,305,4.0,5.9,100.0,100.0,6.1,5.6,91.6,114.2,1014.8,1014.8,24.9,363.97,109.09,32.5831,6.758,420.8,37.9,1474.772, NAN, NAN, NAN, NAN,,2024/04/02 11:49:47.641,2024-04-02 11:49:47.641000+00:00
2024/04/02, 11:50:47.641,38.876,-72.389,11.18,230.05,228.5,11.5,7.1,7.1,1012.8,1012.7,2.0,1.5,0.17,0.15,292,307,4.0,6.0,100.0,100.0,5.8,5.3,90.1,114.4,1014.9,1014.8,25.38,363.99,111.35,32.5871,6.7784,422.0,38.0,1474.857, NAN, NAN, NAN, NAN,,2024/04/02 11:50:47.641,2024-04-02 11:50:47.641000+00:00
2024/04/02, 11:51:47.641,38.874,-72.392,11.26,231.66,232.21,11.44,7.1,7.1,1012.6,1012.5,2.8,2.1,0.21,0.18,281,296,4.2,5.5,100.0,100.0,6.6,6.1,91.2,107.0,1014.7,1014.6,25.62,363.58,113.85,32.5892,6.7903,440.3,38.2,1474.906, NAN, NAN, NAN, NAN,,2024/04/02 11:51:47.641,2024-04-02 11:51:47.641000+00:00
2024/04/02, 11:52:47.641,38.872,-72.395,11.22,230.71,232.02,11.37,7.1,7.1,1012.6,1012.6,1.3,0.9,0.24,0.19,280,298,4.0,5.7,100.0,100.0,6.6,6.1,89.2,109.3,1014.7,1014.7,25.79,363.71,116.08,32.5961,6.8019,435.5,38.2,1474.96, NAN, NAN, NAN, NAN,,2024/04/02 11:52:47.641,2024-04-02 11:52:47.641000+00:00
2024/04/02, 11:53:47.641,38.87,-72.398,11.19,231.08,233.15,11.31,7.1,7.1,1012.7,1012.6,1.0,1.2,0.25,0.21,283,299,4.3,5.9,100.0,100.0,6.5,6.1,93.2,112.2,1014.8,1014.7,26.19,363.46,119.49,32.6015,6.8035,457.7,38.2,1474.973, NAN, NAN, NAN, NAN,,2024/04/02 11:53:47.641,2024-04-02 11:53:47.641000+00:00
2024/04/02, 11:54:47.641,38.868,-72.402,11.15,231.39,233.21,10.98,7.1,7.1,1012.7,1012.6,0.2,0.3,0.26,0.22,281,299,4.0,5.6,100.0,100.0,6.4,5.9,91.6,111.5,1014.8,1014.7,27.51,363.56,124.26,32.6089,6.8174,439.5,38.2,1475.037, NAN, NAN, NAN, NAN,,2024/04/02 11:54:47.641,2024-04-02 11:54:47.641000+00:00
2024/04/02, 11:55:47.641,38.866,-72.405,11.08,231.46,232.55,11.28,7.1,7.1,1012.6,1012.5,0.0,0.0,0.26,0.22,269,292,3.6,4.7,100.0,100.0,7.0,6.1,84.2,99.7,1014.7,1014.6,29.65,364.06,130.49,32.615,6.7961,490.0,38.2,1474.961, NAN, NAN, NAN, NAN,,2024/04/02 11:55:47.641,2024-04-02 11:55:47.641000+00:00
2024/04/02, 11:56:47.641,38.864,-72.408,11.21,231.7,233.75,11.22,7.1,7.1,1012.6,1012.6,0.0,0.0,0.26,0.22,267,295,3.4,4.5,100.0,100.0,6.9,5.8,82.9,99.6,1014.7,1014.7,32.19,364.07,139.01,32.6208,6.7843,465.1,38.4,1474.922, NAN, NAN, NAN, NAN,,2024/04/02 11:56:47.641,2024-04-02 11:56:47.641000+00:00
2024/04/02, 11:57:47.642,38.862,-72.411,11.21,230.55,231.61,11.34,7.1,7.1,1012.6,1012.5,0.0,0.0,0.26,0.22,264,293,3.3,4.5,100.0,100.0,7.0,5.9,79.2,96.6,1014.7,1014.6,35.18,364.24,149.02,32.6303,6.7886,469.9,38.2,1474.951, NAN, NAN, NAN, NAN,,2024/04/02 11:57:47.642,2024-04-02 11:57:47.642000+00:00
2024/04/02, 11:58:47.642,38.86,-72.414,11.17,230.19,229.78,11.59,7.1,7.1,1012.6,1012.4,0.0,0.0,0.26,0.22,267,293,3.3,4.3,100.0,100.0,7.0,5.8,78.5,93.1,1014.7,1014.5,38.94,364.35,161.27,32.6159,6.7982,447.6,38.3,1474.97, NAN, NAN, NAN, NAN,,2024/04/02 11:58:47.642,2024-04-02 11:58:47.642000+00:00
2024/04/02, 11:59:47.642,38.858,-72.417,11.24,230.61,231.2,11.22,7.1,7.1,1012.6,1012.4,0.0,0.1,0.26,0.22,275,300,3.3,4.9,100.0,100.0,6.4,5.5,82.3,103.2,1014.7,1014.5,43.92,363.94,172.73,32.6071,6.8031,446.4,38.5,1474.978, NAN, NAN, NAN, NAN,,2024/04/02 11:59:47.642,2024-04-02 11:59:47.642000+00:00
2024/04/02, 12:00:47.642,38.856,-72.421,11.18,230.79,233.31,11.29,7.1,7.1,1012.8,1012.7,0.0,0.1,0.26,0.22,278,303,3.3,5.1,100.0,100.0,6.4,5.4,83.8,106.8,1014.9,1014.8,49.46,363.85,185.61,32.6147,6.7995,444.3,38.3,1474.974, NAN, NAN, NAN, NAN,,2024/04/02 12:00:47.642,2024-04-02 12:00:47.642000+00:00
2024/04/02, 12:01:47.642,38.854,-72.424,11.1,230.44,230.06,11.35,7.1,7.1,1012.8,1012.7,0.3,0.0,0.27,0.23,276,303,3.4,5.0,100.0,100.0,6.5,5.3,82.7,104.4,1014.9,1014.8,53.94,363.85,199.38,32.6201,6.8097,457.1,38.4,1475.021, NAN, NAN, NAN, NAN,,2024/04/02 12:01:47.642,2024-04-02 12:01:47.642000+00:00
2024/04/02, 12:02:47.642,38.853,-72.427,11.07,230.94,230.78,11.35,7.1,7.1,1012.8,1012.8,0.2,0.2,0.27,0.23,283,305,3.3,5.0,100.0,100.0,6.0,5.1,83.3,105.1,1014.9,1014.9,56.35,363.63,207.19,32.6242,6.8246,444.3,38.5,1475.084, NAN, NAN, NAN, NAN,,2024/04/02 12:02:47.642,2024-04-02 12:02:47.642000+00:00
2024/04/02, 12:03:47.642,38.851,-72.43,11.0,230.98,234.24,11.34,7.1,7.1,1012.8,1012.8,0.3,0.0,0.28,0.23,280,304,3.2,5.0,100.0,100.0,6.3,5.4,84.0,106.5,1014.9,1014.9,57.6,363.59,212.29,32.6227,6.8489,430.8,38.4,1475.177, NAN, NAN, NAN, NAN,,2024/04/02 12:03:47.642,2024-04-02 12:03:47.642000+00:00
2024/04/02, 12:04:47.642,38.849,-72.433,11.1,230.41,234.34,11.27,7.1,7.1,1012.8,1012.8,0.1,0.2,0.28,0.24,281,307,2.5,4.3,100.0,100.0,6.0,4.9,78.0,100.0,1014.9,1014.9,58.4,363.98,215.93,32.6228,6.8503,444.0,38.3,1475.183, NAN, NAN, NAN, NAN,,2024/04/02 12:04:47.642,2024-04-02 12:04:47.642000+00:00
2024/04/02, 12:05:47.642,38.847,-72.436,11.13,231.32,233.59,11.18,7.1,7.1,1012.9,1012.6,0.1,0.2,0.28,0.24,281,307,2.6,4.4,100.0,100.0,5.9,4.9,79.4,101.9,1015.0,1014.7,58.9,363.48,218.59,32.6264,6.8434,439.5,38.4,1475.16, NAN, NAN, NAN, NAN,,2024/04/02 12:05:47.642,2024-04-02 12:05:47.642000+00:00
2024/04/02, 12:06:47.642,38.845,-72.44,11.19,231.09,230.85,11.39,7.1,7.2,1012.9,1012.8,0.0,0.1,0.28,0.24,284,309,2.3,4.0,100.0,100.0,5.8,4.6,74.5,94.6,1015.0,1014.9,58.47,363.65,217.37,32.6336,6.8402,458.7,38.5,1475.157, NAN, NAN, NAN, NAN,,2024/04/02 12:06:47.642,2024-04-02 12:06:47.642000+00:00
2024/04/02, 12:07:47.642,38.843,-72.443,11.15,231.84,229.76,11.34,7.1,7.2,1012.9,1012.8,0.0,0.0,0.28,0.24,300,314,2.2,4.5,100.0,100.0,5.1,4.1,72.8,101.1,1015.0,1014.9,55.02,363.95,208.73,32.6312,6.8388,460.1,38.5,1475.148, NAN, NAN, NAN, NAN,,2024/04/02 12:07:47.642,2024-04-02 12:07:47.642000+00:00
2024/04/02, 12:08:47.642,38.841,-72.446,11.14,231.45,233.37,11.19,7.2,7.2,1013.0,1012.8,0.0,0.0,0.28,0.24,298,316,2.0,4.2,100.0,100.0,5.2,4.1,73.3,99.9,1015.1,1014.9,50.1,364.52,195.85,32.6278,6.8451,475.2,38.5,1475.169, NAN, NAN, NAN, NAN,,2024/04/02 12:08:47.642,2024-04-02 12:08:47.642000+00:00
2024/04/02, 12:09:47.642,38.839,-72.449,11.21,231.16,231.82,11.6,7.2,7.2,1013.2,1013.0,0.0,0.0,0.28,0.24,307,318,2.0,4.3,100.0,100.0,5.0,4.0,70.1,97.6,1015.3,1015.1,45.97,365.46,184.97,32.6285,6.868,465.7,38.6,1475.259, NAN, NAN, NAN, NAN,,2024/04/02 12:09:47.642,2024-04-02 12:09:47.642000+00:00
2024/04/02, 12:10:47.642,38.837,-72.452,11.25,231.16,230.44,11.47,7.2,7.2,1013.0,1013.0,0.0,0.0,0.28,0.24,307,318,1.9,4.1,100.0,100.0,5.0,3.9,68.2,94.5,1015.1,1015.1,43.15,365.62,177.15,32.6311,6.8829,461.7,38.8,1475.32, NAN, NAN, NAN, NAN,,2024/04/02 12:10:47.642,2024-04-02 12:10:47.642000+00:00
2024/04/02, 12:11:47.642,38.835,-72.456,11.18,230.99,233.84,11.29,7.2,7.3,1013.0,1013.0,0.0,0.0,0.28,0.24,305,317,1.6,3.7,100.0,100.0,5.1,4.1,68.2,92.4,1015.1,1015.1,41.07,366.07,170.4,32.6372,6.8803,458.4,38.7,1475.318, NAN, NAN, NAN, NAN,,2024/04/02 12:11:47.642,2024-04-02 12:11:47.642000+00:00
2024/04/02, 12:12:47.643,38.833,-72.459,11.25,231.11,232.81,11.45,7.2,7.3,1013.0,1013.0,0.0,0.0,0.28,0.24,305,320,1.6,3.9,100.0,100.0,5.2,3.9,67.6,93.8,1015.1,1015.1,39.14,366.6,165.34,32.6497,6.8687,466.5,38.9,1475.288, NAN, NAN, NAN, NAN,,2024/04/02 12:12:47.643,2024-04-02 12:12:47.643000+00:00
2024/04/02, 12:13:47.643,38.831,-72.462,11.27,231.14,232.31,11.46,7.3,7.3,1013.3,1013.2,0.0,0.0,0.28,0.24,325,325,1.6,4.3,100.0,100.0,4.7,3.5,63.9,98.7,1015.4,1015.3,38.12,366.89,161.87,32.6593,6.8701,455.3,38.8,1475.306, NAN, NAN, NAN, NAN,,2024/04/02 12:13:47.643,2024-04-02 12:13:47.643000+00:00
2024/04/02, 12:14:47.643,38.829,-72.465,11.24,231.24,232.21,11.56,7.3,7.3,1013.2,1013.2,0.0,0.0,0.28,0.24,317,321,1.8,4.0,100.0,100.0,4.8,3.8,66.1,92.8,1015.3,1015.3,37.95,367.19,161.0,32.6622,6.8725,448.6,38.7,1475.319, NAN, NAN, NAN, NAN,,2024/04/02 12:14:47.643,2024-04-02 12:14:47.643000+00:00
2024/04/02, 12:15:47.643,38.827,-72.468,11.38,231.38,232.24,11.46,7.3,7.3,1013.3,1013.2,0.0,0.0,0.28,0.24,319,324,1.5,4.1,100.0,100.0,4.9,3.6,64.6,96.1,1015.4,1015.3,38.42,367.31,160.96,32.6596,6.8795,441.6,38.8,1475.343, NAN, NAN, NAN, NAN,,2024/04/02 12:15:47.643,2024-04-02 12:15:47.643000+00:00
2024/04/02, 12:16:47.643,38.825,-72.472,11.26,230.55,228.95,11.39,7.3,7.3,1013.2,1013.3,0.0,0.0,0.28,0.24,303,318,1.4,3.8,100.0,100.0,5.2,4.0,64.0,91.1,1015.3,1015.4,37.31,367.16,157.73,32.664,6.8919,442.5,38.7,1475.397, NAN, NAN, NAN, NAN,,2024/04/02 12:16:47.643,2024-04-02 12:16:47.643000+00:00
2024/04/02, 12:17:47.643,38.823,-72.475,11.23,230.84,232.67,11.43,7.3,7.4,1013.4,1013.4,0.0,0.0,0.28,0.24,306,319,1.6,4.0,100.0,100.0,5.1,4.0,67.3,95.1,1015.5,1015.5,35.92,367.33,153.95,32.6659,6.9045,447.3,38.8,1475.448, NAN, NAN, NAN, NAN,,2024/04/02 12:17:47.643,2024-04-02 12:17:47.643000+00:00
2024/04/02, 12:18:47.643,38.821,-72.478,11.27,230.02,234.94,11.43,7.3,7.4,1013.3,1013.3,0.0,0.0,0.28,0.24,308,319,1.6,4.2,100.0,100.0,5.1,4.1,68.4,99.1,1015.4,1015.4,34.53,367.14,150.01,32.6646,6.9084,449.2,38.9,1475.462, NAN, NAN, NAN, NAN,,2024/04/02 12:18:47.643,2024-04-02 12:18:47.643000+00:00
2024/04/02, 12:19:47.643,38.819,-72.481,11.25,231.18,230.99,11.48,7.3,7.4,1013.3,1013.3,0.0,0.0,0.28,0.24,296,317,1.6,3.8,100.0,100.0,5.4,4.1,67.3,91.6,1015.4,1015.4,33.47,367.2,147.8,32.6747,6.9149,456.1,38.9,1475.5, NAN, NAN, NAN, NAN,,2024/04/02 12:19:47.643,2024-04-02 12:19:47.643000+00:00
2024/04/02, 12:20:47.643,38.818,-72.484,11.33,231.61,235.36,11.34,7.3,7.4,1013.3,1013.2,0.0,0.0,0.28,0.24,289,318,1.0,3.1,100.0,100.0,5.7,4.3,65.3,86.7,1015.4,1015.3,33.67,367.47,148.69,32.6865,6.91,464.1,38.9,1475.495, NAN, NAN, NAN, NAN,,2024/04/02 12:20:47.643,2024-04-02 12:20:47.643000+00:00
2024/04/02, 12:21:47.643,38.816,-72.488,11.24,230.36,232.35,11.38,7.3,7.4,1013.2,1013.1,0.0,0.0,0.28,0.24,267,313,1.3,3.1,100.0,100.0,6.1,4.5,65.3,84.7,1015.3,1015.2,33.57,367.6,147.51,32.6916,6.8931,467.8,38.9,1475.436, NAN, NAN, NAN, NAN,,2024/04/02 12:21:47.643,2024-04-02 12:21:47.643000+00:00
2024/04/02, 12:22:47.643,38.814,-72.491,11.25,231.1,233.46,11.46,7.3,7.4,1013.1,1013.0,0.0,0.0,0.28,0.24,266,318,1.0,2.6,100.0,100.0,6.1,4.4,62.7,77.5,1015.2,1015.1,31.59,367.48,142.17,32.6966,6.8871,462.7,38.9,1475.419, NAN, NAN, NAN, NAN,,2024/04/02 12:22:47.643,2024-04-02 12:22:47.643000+00:00
2024/04/02, 12:23:47.643,38.812,-72.494,11.24,231.63,231.38,11.37,7.3,7.4,1013.0,1013.1,0.0,0.0,0.28,0.24,263,315,1.2,3.1,100.0,100.0,6.1,4.3,63.5,83.4,1015.1,1015.2,29.36,367.79,135.76,32.6967,6.8986,461.7,38.9,1475.464, NAN, NAN, NAN, NAN,,2024/04/02 12:23:47.643,2024-04-02 12:23:47.643000+00:00
2024/04/02, 12:24:47.643,38.81,-72.497,11.23,230.85,234.47,11.26,7.4,7.4,1013.2,1013.1,0.0,0.0,0.28,0.24,259,310,1.3,2.7,100.0,100.0,6.2,4.7,65.1,80.7,1015.3,1015.2,27.02,367.45,129.0,32.692,6.9204,443.0,38.9,1475.543, NAN, NAN, NAN, NAN,,2024/04/02 12:24:47.643,2024-04-02 12:24:47.643000+00:00
2024/04/02, 12:25:47.643,38.808,-72.501,11.31,231.12,237.46,11.38,7.4,7.4,1013.2,1013.2,0.0,0.0,0.28,0.24,287,315,1.0,2.9,100.0,100.0,5.7,4.6,65.7,85.0,1015.3,1015.3,24.75,367.71,121.65,32.6969,6.9517,441.2,39.1,1475.671, NAN, NAN, NAN, NAN,,2024/04/02 12:25:47.643,2024-04-02 12:25:47.643000+00:00
2024/04/02, 12:26:47.643,38.806,-72.504,11.31,230.84,231.95,11.36,7.3,7.4,1013.2,1013.1,0.0,0.0,0.28,0.24,251,316,0.8,2.5,100.0,100.0,6.2,4.5,60.0,76.8,1015.3,1015.2,22.94,367.67,113.93,32.7091,6.9831,464.8,39.1,1475.809, NAN, NAN, NAN, NAN,,2024/04/02 12:26:47.643,2024-04-02 12:26:47.643000+00:00
2024/04/02, 12:27:47.643,38.804,-72.507,11.34,230.85,235.09,11.31,7.3,7.4,1013.3,1013.2,0.0,0.0,0.28,0.24,272,305,1.2,2.7,100.0,100.0,6.0,5.0,66.3,82.3,1015.4,1015.3,21.18,367.7,108.4,32.7246,7.0089,452.0,38.9,1475.928, NAN, NAN, NAN, NAN,,2024/04/02 12:27:47.643,2024-04-02 12:27:47.643000+00:00
2024/04/02, 12:28:47.644,38.802,-72.51,11.3,230.78,239.12,11.57,7.3,7.4,1013.2,1013.2,0.0,0.0,0.28,0.24,275,315,1.2,3.1,100.0,100.0,6.1,4.6,66.6,86.1,1015.3,1015.3,19.84,367.68,103.35,32.741,7.0462,480.6,39.1,1476.094, NAN, NAN, NAN, NAN,,2024/04/02 12:28:47.644,2024-04-02 12:28:47.644000+00:00
2024/04/02, 12:29:47.644,38.8,-72.514,11.27,229.52,233.79,11.32,7.3,7.4,1013.3,1013.2,0.0,0.0,0.28,0.24,291,318,1.7,3.8,100.0,100.0,5.5,4.1,69.1,92.7,1015.4,1015.3,18.66,367.5,100.01,32.7556,7.0841,482.2,39.0,1476.259, NAN, NAN, NAN, NAN,,2024/04/02 12:29:47.644,2024-04-02 12:29:47.644000+00:00
2024/04/02, 12:30:47.644,38.799,-72.517,11.36,230.6,231.44,11.42,7.4,7.4,1013.5,1013.4,0.0,0.0,0.28,0.24,306,322,1.5,3.9,100.0,100.0,5.2,3.8,66.4,93.5,1015.6,1015.5,18.04,367.58,98.32,32.7677,7.1368,523.3,39.1,1476.479, NAN, NAN, NAN, NAN,,2024/04/02 12:30:47.644,2024-04-02 12:30:47.644000+00:00
2024/04/02, 12:31:47.644,38.797,-72.52,11.29,229.6,237.52,11.34,7.4,7.4,1013.3,1013.3,0.0,0.0,0.28,0.24,302,317,1.4,3.7,100.0,100.0,5.4,4.6,71.7,97.4,1015.4,1015.4,17.71,367.75,97.79,32.7826,7.1868,546.2,38.9,1476.692, NAN, NAN, NAN, NAN,,2024/04/02 12:31:47.644,2024-04-02 12:31:47.644000+00:00
2024/04/02, 12:32:47.644,38.795,-72.523,11.22,230.07,231.52,11.06,7.4,7.4,1013.3,1013.4,0.0,0.0,0.28,0.24,315,322,1.6,3.9,100.0,100.0,4.8,3.7,67.1,95.7,1015.4,1015.5,17.94,367.89,100.02,32.7995,7.1832,557.9,38.8,1476.699, NAN, NAN, NAN, NAN,,2024/04/02 12:32:47.644,2024-04-02 12:32:47.644000+00:00
2024/04/02, 12:33:47.644,38.793,-72.526,11.21,230.87,232.84,11.41,7.4,7.4,1013.5,1013.4,0.0,0.0,0.28,0.24,294,318,1.6,3.7,100.0,100.0,5.5,4.1,68.7,91.8,1015.6,1015.5,19.63,368.11,106.09,32.8234,7.1889,589.4,39.1,1476.751, NAN, NAN, NAN, NAN,,2024/04/02 12:33:47.644,2024-04-02 12:33:47.644000+00:00
2024/04/02, 12:34:47.644,38.791,-72.53,11.28,229.76,232.05,11.32,7.4,7.4,1013.2,1013.2,0.0,0.0,0.28,0.24,267,299,2.0,3.4,100.0,100.0,6.3,5.3,70.4,87.3,1015.3,1015.3,23.08,368.36,116.86,32.8388,7.2289,623.6,39.1,1476.925, NAN, NAN, NAN, NAN,,2024/04/02 12:34:47.644,2024-04-02 12:34:47.644000+00:00
2024/04/02, 12:35:47.644,38.789,-72.533,11.34,230.14,231.72,11.42,7.4,7.4,1013.0,1013.0,0.0,0.0,0.28,0.24,265,298,2.3,3.5,100.0,100.0,6.6,5.4,72.5,88.1,1015.1,1015.1,26.89,368.13,128.17,32.8386,7.2609,590.7,39.1,1477.048, NAN, NAN, NAN, NAN,,2024/04/02 12:35:47.644,2024-04-02 12:35:47.644000+00:00
2024/04/02, 12:36:47.644,38.787,-72.536,11.35,230.42,234.04,11.48,7.4,7.5,1013.0,1013.0,0.0,0.0,0.28,0.24,262,295,2.4,3.5,100.0,100.0,6.8,5.6,73.9,88.8,1015.1,1015.1,25.95,368.0,125.82,32.8445,7.2774,623.0,39.1,1477.119, NAN, NAN, NAN, NAN,,2024/04/02 12:36:47.644,2024-04-02 12:36:47.644000+00:00
2024/04/02, 12:37:47.644,38.785,-72.539,11.33,230.47,236.39,11.41,7.4,7.5,1012.9,1012.8,0.4,0.3,0.29,0.25,264,273,3.0,3.4,100.0,100.0,7.0,6.8,79.4,84.4,1015.0,1014.9,22.98,368.35,118.01,32.8559,7.2914,642.5,39.2,1477.188, NAN, NAN, NAN, NAN,,2024/04/02 12:37:47.644,2024-04-02 12:37:47.644000+00:00
2024/04/02, 12:38:47.644,38.783,-72.542,11.19,229.99,232.63,11.45,7.4,7.5,1012.8,1012.8,1.8,1.8,0.33,0.28,265,266,2.9,2.9,100.0,100.0,6.9,6.9,77.5,77.8,1014.9,1014.9,21.0,368.49,113.04,32.8699,7.3154,639.2,38.9,1477.298, NAN, NAN, NAN, NAN,,2024/04/02 12:38:47.644,2024-04-02 12:38:47.644000+00:00
2024/04/02, 12:39:47.644,38.781,-72.546,11.37,229.59,234.98,11.6,7.4,7.5,1012.9,1012.8,2.6,2.3,0.37,0.32,271,301,3.1,4.3,100.0,100.0,6.9,5.6,81.3,98.1,1015.0,1014.9,21.28,368.2,114.09,32.8776,7.3544,666.4,39.2,1477.458, NAN, NAN, NAN, NAN,,2024/04/02 12:39:47.644,2024-04-02 12:39:47.644000+00:00
2024/04/02, 12:40:47.644,38.779,-72.549,11.37,230.13,233.93,11.34,7.4,7.5,1012.9,1012.8,2.5,1.6,0.41,0.35,269,293,3.6,4.7,100.0,100.0,7.1,6.2,84.2,99.9,1015.0,1014.9,22.52,368.25,118.63,32.8834,7.3839,641.9,39.0,1477.579, NAN, NAN, NAN, NAN,,2024/04/02 12:40:47.644,2024-04-02 12:40:47.644000+00:00
2024/04/02, 12:41:47.644,38.778,-72.552,11.4,231.2,233.84,11.38,7.5,7.5,1012.9,1012.8,2.8,2.4,0.46,0.39,271,293,3.5,4.6,100.0,100.0,6.8,6.0,83.5,98.5,1015.0,1014.9,24.38,368.3,123.81,32.8949,7.4155,641.2,39.3,1477.715, NAN, NAN, NAN, NAN,,2024/04/02 12:41:47.644,2024-04-02 12:41:47.644000+00:00
2024/04/02, 12:42:47.644,38.776,-72.555,11.32,230.46,230.32,11.3,7.4,7.5,1012.8,1012.8,7.5,4.0,0.6,0.47,270,296,3.2,4.7,100.0,100.0,6.7,5.8,80.7,100.1,1014.9,1014.9,25.99,368.48,127.25,32.9072,7.4466,624.1,39.3,1477.85, NAN, NAN, NAN, NAN,,2024/04/02 12:42:47.644,2024-04-02 12:42:47.644000+00:00
2024/04/02, 12:43:47.645,38.774,-72.559,11.35,229.71,233.21,11.42,7.4,7.5,1012.9,1012.9,7.8,7.2,0.72,0.59,273,295,3.1,4.7,100.0,100.0,6.6,5.9,80.0,98.9,1015.0,1015.0,25.33,368.48,127.56,32.9221,7.4731,638.8,39.3,1477.97, NAN, NAN, NAN, NAN,,2024/04/02 12:43:47.645,2024-04-02 12:43:47.645000+00:00
2024/04/02, 12:44:47.645,38.772,-72.562,11.32,229.56,232.69,11.47,7.4,7.5,1012.8,1012.9,7.3,6.9,0.85,0.7,272,299,3.1,4.5,100.0,100.0,6.7,5.7,80.4,98.8,1014.9,1015.0,26.01,368.16,131.54,32.9342,7.4953,608.0,39.4,1478.071, NAN, NAN, NAN, NAN,,2024/04/02 12:44:47.645,2024-04-02 12:44:47.645000+00:00
2024/04/02, 12:45:47.645,38.77,-72.565,11.34,230.35,236.34,11.21,7.4,7.5,1012.7,1012.8,7.0,6.0,0.96,0.8,265,289,3.6,4.4,100.0,100.0,7.3,6.3,84.3,97.5,1014.8,1014.9,28.98,367.93,140.43,32.9478,7.5195,608.3,39.4,1478.18, NAN, NAN, NAN, NAN,,2024/04/02 12:45:47.645,2024-04-02 12:45:47.645000+00:00
2024/04/02, 12:46:47.645,38.768,-72.569,11.23,229.59,234.68,11.46,7.4,7.5,1012.6,1012.6,5.4,4.4,1.05,0.87,264,283,3.5,4.4,100.0,100.0,7.3,6.7,80.8,92.8,1014.7,1014.7,30.49,368.05,143.25,32.9589,7.5415,612.3,39.4,1478.279, NAN, NAN, NAN, NAN,,2024/04/02 12:46:47.645,2024-04-02 12:46:47.645000+00:00
2024/04/02, 12:47:47.645,38.766,-72.572,11.28,229.64,235.52,11.35,7.4,7.5,1012.7,1012.6,6.0,4.4,1.15,0.94,268,296,3.5,4.8,100.0,100.0,7.2,6.1,83.6,102.0,1014.8,1014.7,29.33,367.94,139.67,32.9676,7.5669,613.2,39.3,1478.387, NAN, NAN, NAN, NAN,,2024/04/02 12:47:47.645,2024-04-02 12:47:47.645000+00:00
2024/04/02, 12:48:47.645,38.764,-72.575,11.32,228.81,234.8,11.56,7.5,7.5,1012.8,1012.7,3.5,2.6,1.2,1.0,271,294,3.5,4.9,100.0,100.0,7.1,6.4,83.8,101.1,1014.9,1014.8,28.49,368.57,139.65,32.9786,7.5876,595.2,39.4,1478.48, NAN, NAN, NAN, NAN,,2024/04/02 12:48:47.645,2024-04-02 12:48:47.645000+00:00
2024/04/02, 12:49:47.645,38.763,-72.578,11.33,229.41,235.69,11.26,7.5,7.5,1012.6,1012.5,3.7,3.7,1.27,1.06,262,284,3.3,4.3,100.0,100.0,7.3,6.7,81.5,94.9,1014.7,1014.6,31.63,368.8,148.11,32.99,7.6031,623.0,39.3,1478.554, NAN, NAN, NAN, NAN,,2024/04/02 12:49:47.645,2024-04-02 12:49:47.645000+00:00
2024/04/02, 12:50:47.645,38.761,-72.582,11.26,227.93,233.08,11.35,7.5,7.5,1012.4,1012.4,4.1,3.4,1.34,1.12,256,272,3.6,3.8,100.0,100.0,7.7,7.1,78.0,84.2,1014.5,1014.5,35.0,368.66,156.82,32.9991,7.6252,585.7,39.4,1478.649, NAN, NAN, NAN, NAN,,2024/04/02 12:50:47.645,2024-04-02 12:50:47.645000+00:00
2024/04/02, 12:51:47.645,38.759,-72.585,11.38,228.78,236.21,11.52,7.5,7.5,1012.6,1012.4,3.7,4.0,1.4,1.18,264,290,3.1,4.3,100.0,100.0,7.2,6.4,79.8,95.5,1014.7,1014.5,33.09,368.84,146.65,33.0067,7.646,598.8,39.4,1478.739, NAN, NAN, NAN, NAN,,2024/04/02 12:51:47.645,2024-04-02 12:51:47.645000+00:00
2024/04/02, 12:52:47.645,38.757,-72.588,11.36,229.63,238.33,11.28,7.5,7.5,1012.8,1012.7,3.1,2.8,1.45,1.22,257,289,2.9,3.8,100.0,100.0,7.3,6.2,77.8,92.5,1014.9,1014.8,25.23,369.25,123.17,33.0133,7.6606,606.2,39.3,1478.803, NAN, NAN, NAN, NAN,,2024/04/02 12:52:47.645,2024-04-02 12:52:47.645000+00:00
2024/04/02, 12:53:47.645,38.755,-72.591,11.32,228.36,229.51,11.65,7.5,7.5,1012.8,1012.6,3.1,1.8,1.5,1.26,263,294,3.1,4.4,100.0,100.0,7.2,6.0,76.5,94.4,1014.9,1014.7,18.31,369.93,103.29,33.0076,7.6695,581.4,39.2,1478.83, NAN, NAN, NAN, NAN,,2024/04/02 12:53:47.645,2024-04-02 12:53:47.645000+00:00
2024/04/02, 12:54:47.645,38.753,-72.594,11.3,228.4,231.16,11.16,7.5,7.5,1013.0,1012.8,1.6,1.9,1.53,1.29,268,294,2.9,4.3,100.0,100.0,6.6,5.7,75.7,93.8,1015.1,1014.9,17.81,370.1,102.5,33.0338,7.6769,586.7,39.2,1478.89, NAN, NAN, NAN, NAN,,2024/04/02 12:54:47.645,2024-04-02 12:54:47.645000+00:00
2024/04/02, 12:55:47.645,38.751,-72.598,11.34,229.29,232.37,11.23,7.6,7.6,1012.8,1012.7,1.4,1.8,1.56,1.32,266,300,2.3,3.7,100.0,100.0,6.5,5.2,72.5,90.7,1014.9,1014.8,24.55,370.05,125.69,33.0418,7.6844,562.0,39.3,1478.929, NAN, NAN, NAN, NAN,,2024/04/02 12:55:47.645,2024-04-02 12:55:47.645000+00:00
2024/04/02, 12:56:47.645,38.749,-72.601,11.35,228.98,232.17,11.55,7.6,7.6,1012.7,1012.7,1.2,1.4,1.57,1.34,253,282,3.0,3.5,100.0,100.0,7.5,6.4,73.7,84.4,1014.8,1014.8,32.4,369.92,146.72,33.0451,7.6925,528.3,39.3,1478.964, NAN, NAN, NAN, NAN,,2024/04/02 12:56:47.645,2024-04-02 12:56:47.645000+00:00
2024/04/02, 12:57:47.645,38.747,-72.604,11.26,229.63,233.17,11.23,7.6,7.6,1012.6,1012.6,1.6,3.2,1.61,1.4,246,276,2.8,2.8,100.0,100.0,7.5,6.3,72.1,79.0,1014.7,1014.7,33.48,370.03,154.22,33.0489,7.7069,528.8,39.3,1479.024, NAN, NAN, NAN, NAN,,2024/04/02 12:57:47.645,2024-04-02 12:57:47.645000+00:00
2024/04/02, 12:58:47.645,38.745,-72.607,11.3,229.33,233.87,11.4,7.6,7.6,1012.6,1012.5,7.2,4.6,1.73,1.48,249,259,3.6,3.3,100.0,100.0,8.1,7.4,77.2,78.7,1014.7,1014.6,33.54,369.78,155.89,33.0503,7.7274,510.2,39.3,1479.104, NAN, NAN, NAN, NAN,,2024/04/02 12:58:47.645,2024-04-02 12:58:47.645000+00:00
2024/04/02, 12:59:47.645,38.743,-72.61,11.4,229.68,234.24,11.16,7.6,7.6,1012.6,1012.5,6.4,4.3,1.84,1.56,246,255,3.8,3.7,100.0,100.0,8.2,7.7,77.4,80.0,1014.7,1014.6,34.14,370.05,156.16,33.0542,7.7484,521.2,39.2,1479.189, NAN, NAN, NAN, NAN,,2024/04/02 12:59:47.645,2024-04-02 12:59:47.645000+00:00
2024/04/02, 13:00:47.646,38.741,-72.613,11.35,228.24,234.61,11.24,7.6,7.6,1012.6,1012.4,5.1,4.3,1.92,1.63,244,269,3.3,3.0,100.0,100.0,8.0,6.8,74.7,80.1,1014.7,1014.5,32.98,369.89,149.43,33.0601,7.7681,550.8,39.7,1479.271, NAN, NAN, NAN, NAN,,2024/04/02 13:00:47.646,2024-04-02 13:00:47.646000+00:00
2024/04/02, 13:01:47.646,38.739,-72.617,11.35,229.23,233.47,11.41,7.6,7.6,1012.7,1012.6,3.5,4.4,1.99,1.7,251,275,3.4,3.6,100.0,100.0,7.8,6.8,76.7,85.0,1014.8,1014.7,30.71,370.2,142.4,33.065,7.7904,555.0,39.5,1479.363, NAN, NAN, NAN, NAN,,2024/04/02 13:01:47.646,2024-04-02 13:01:47.646000+00:00
2024/04/02, 13:02:47.646,38.737,-72.62,11.3,228.86,229.24,11.5,7.6,7.6,1012.7,1012.7,7.0,5.1,2.1,1.78,243,276,3.2,2.7,100.0,100.0,8.0,6.3,71.8,76.5,1014.8,1014.8,29.56,370.3,139.55,33.0714,7.8113,553.6,39.6,1479.45, NAN, NAN, NAN, NAN,,2024/04/02 13:02:47.646,2024-04-02 13:02:47.646000+00:00
2024/04/02, 13:03:47.646,38.735,-72.623,11.34,228.48,232.7,11.54,7.6,7.6,1012.8,1012.7,3.6,3.4,2.15,1.84,240,272,3.0,2.2,100.0,100.0,8.0,6.4,70.7,72.7,1014.9,1014.8,30.36,370.35,141.15,33.0824,7.8388,562.4,39.5,1479.569, NAN, NAN, NAN, NAN,,2024/04/02 13:03:47.646,2024-04-02 13:03:47.646000+00:00
2024/04/02, 13:04:47.646,38.733,-72.626,11.31,227.86,229.78,11.46,7.6,7.7,1012.6,1012.6,6.8,6.0,2.29,1.95,233,279,2.8,2.1,100.0,100.0,8.0,6.0,65.9,70.4,1014.7,1014.7,30.95,370.69,143.6,33.0914,7.8685,567.5,39.5,1479.693, NAN, NAN, NAN, NAN,,2024/04/02 13:04:47.646,2024-04-02 13:04:47.646000+00:00
2024/04/02, 13:05:47.646,38.732,-72.63,11.34,229.11,229.91,11.48,7.7,7.7,1012.5,1012.4,11.2,8.3,2.48,2.08,227,235,3.5,2.9,100.0,100.0,8.8,8.0,68.0,68.4,1014.6,1014.5,31.44,370.27,146.0,33.1055,7.8954,576.9,39.6,1479.813, NAN, NAN, NAN, NAN,,2024/04/02 13:05:47.646,2024-04-02 13:05:47.646000+00:00
2024/04/02, 13:06:47.646,38.73,-72.633,11.29,228.47,229.35,11.58,7.7,7.7,1012.4,1012.3,7.6,5.4,2.59,2.17,222,221,2.9,2.7,100.0,100.0,8.4,8.2,62.9,61.9,1014.5,1014.4,31.75,370.43,147.4,33.1199,7.9253,587.6,39.5,1479.944, NAN, NAN, NAN, NAN,,2024/04/02 13:06:47.646,2024-04-02 13:06:47.646000+00:00
2024/04/02, 13:07:47.646,38.728,-72.636,11.36,229.13,230.64,11.33,7.7,7.7,1012.4,1012.4,4.5,3.3,2.67,2.23,229,243,3.5,2.3,100.0,100.0,8.6,7.3,69.3,68.3,1014.5,1014.5,29.79,370.44,140.1,33.1325,7.9714,581.7,39.4,1480.135, NAN, NAN, NAN, NAN,,2024/04/02 13:07:47.646,2024-04-02 13:07:47.646000+00:00
2024/04/02, 13:08:47.646,38.726,-72.639,11.34,228.81,231.7,11.65,7.7,7.7,1012.4,1012.4,9.3,7.5,2.83,2.36,218,217,3.8,3.4,100.0,100.0,9.4,9.0,65.7,64.4,1014.5,1014.5,25.47,370.43,128.7,33.1468,8.0337,576.9,39.8,1480.389, NAN, NAN, NAN, NAN,,2024/04/02 13:08:47.646,2024-04-02 13:08:47.646000+00:00
2024/04/02, 13:09:47.646,38.724,-72.642,11.44,228.56,233.53,11.59,7.7,7.7,1012.6,1012.4,6.2,4.3,2.92,2.43,218,235,3.1,1.8,100.0,100.0,8.7,7.3,65.3,65.2,1014.7,1014.5,23.12,370.76,122.86,33.158,8.0971,555.6,39.7,1480.642, NAN, NAN, NAN, NAN,,2024/04/02 13:09:47.646,2024-04-02 13:09:47.646000+00:00
2024/04/02, 13:10:47.646,38.722,-72.646,11.4,228.95,230.66,11.52,7.7,7.7,1012.4,1012.4,4.4,2.8,2.99,2.47,203,210,3.0,2.5,100.0,100.0,8.8,8.2,58.2,59.4,1014.5,1014.5,24.24,371.01,129.09,33.1777,8.1263,575.6,39.7,1480.777, NAN, NAN, NAN, NAN,,2024/04/02 13:10:47.646,2024-04-02 13:10:47.646000+00:00
2024/04/02, 13:11:47.646,38.72,-72.649,11.43,229.09,233.48,11.68,7.7,7.7,1012.6,1012.4,2.3,1.9,3.03,2.51,210,213,3.6,2.8,100.0,100.0,9.4,8.6,63.1,62.6,1014.7,1014.5,30.49,370.84,145.63,33.203,8.1323,585.7,39.8,1480.831, NAN, NAN, NAN, NAN,,2024/04/02 13:11:47.646,2024-04-02 13:11:47.646000+00:00
2024/04/02, 13:12:47.646,38.718,-72.652,11.4,229.33,235.49,11.62,7.7,7.8,1012.3,1012.3,2.8,3.7,3.08,2.57,209,214,3.5,3.1,100.0,100.0,9.3,8.8,62.5,63.5,1014.4,1014.4,35.54,371.16,160.96,33.219,8.0854,630.0,39.8,1480.674, NAN, NAN, NAN, NAN,,2024/04/02 13:12:47.646,2024-04-02 13:12:47.646000+00:00
2024/04/02, 13:13:47.646,38.716,-72.655,11.49,229.64,234.2,11.69,7.8,7.8,1012.4,1012.3,2.7,2.0,3.12,2.6,212,213,3.6,3.2,100.0,100.0,9.4,9.0,64.4,64.0,1014.5,1014.4,36.06,370.79,164.54,33.2245,8.0389,637.2,39.9,1480.505, NAN, NAN, NAN, NAN,,2024/04/02 13:13:47.646,2024-04-02 13:13:47.646000+00:00
2024/04/02, 13:14:47.646,38.714,-72.659,11.38,229.09,230.86,11.58,7.8,7.8,1012.3,1012.3,2.7,2.3,3.17,2.64,211,211,3.9,3.4,100.0,100.0,9.5,9.1,62.3,61.4,1014.4,1014.4,35.97,370.73,168.16,33.2193,7.9989,656.0,40.0,1480.347, NAN, NAN, NAN, NAN,,2024/04/02 13:14:47.646,2024-04-02 13:14:47.646000+00:00
2024/04/02, 13:15:47.647,38.712,-72.662,11.39,228.93,233.04,11.43,7.8,7.8,1012.3,1012.3,0.8,1.1,3.18,2.66,196,206,3.6,3.0,100.0,100.0,9.4,8.7,57.0,59.8,1014.4,1014.4,38.71,370.91,177.15,33.1997,7.9697,578.7,39.8,1480.212, NAN, NAN, NAN, NAN,,2024/04/02 13:15:47.647,2024-04-02 13:15:47.647000+00:00
2024/04/02, 13:16:47.647,38.71,-72.665,11.41,228.9,232.78,11.6,7.8,7.9,1012.4,1012.1,1.2,0.8,3.21,2.67,205,207,4.2,4.1,100.0,100.0,10.0,9.9,61.8,62.5,1014.5,1014.2,40.72,370.36,183.84,33.1789,7.9366,561.6,40.0,1480.06, NAN, NAN, NAN, NAN,,2024/04/02 13:16:47.647,2024-04-02 13:16:47.647000+00:00
2024/04/02, 13:17:47.647,38.708,-72.669,11.42,228.71,232.82,11.6,7.8,7.9,1012.0,1011.9,1.3,1.2,3.23,2.69,208,209,4.3,4.3,100.0,100.0,10.0,10.0,62.5,62.9,1014.1,1014.0,41.67,370.23,188.79,33.1623,7.919,584.8,39.9,1479.973, NAN, NAN, NAN, NAN,,2024/04/02 13:17:47.647,2024-04-02 13:17:47.647000+00:00
2024/04/02, 13:18:47.647,38.706,-72.672,11.43,229.21,233.37,11.62,7.8,7.9,1012.0,1012.0,1.2,1.1,3.25,2.71,214,219,4.3,3.6,100.0,100.0,9.9,9.2,66.0,66.6,1014.1,1014.1,45.47,370.35,198.27,33.1446,7.9194,558.2,40.0,1479.952, NAN, NAN, NAN, NAN,,2024/04/02 13:18:47.647,2024-04-02 13:18:47.647000+00:00
2024/04/02, 13:19:47.647,38.704,-72.675,11.45,229.64,234.95,11.61,7.8,7.9,1011.9,1011.9,1.1,0.5,3.27,2.72,220,222,4.7,3.8,100.0,100.0,10.2,9.3,69.6,68.4,1014.0,1014.0,50.5,370.47,208.58,33.1211,7.8938,571.2,39.8,1479.826, NAN, NAN, NAN, NAN,,2024/04/02 13:19:47.647,2024-04-02 13:19:47.647000+00:00
2024/04/02, 13:20:47.647,38.702,-72.678,11.24,228.14,232.64,11.67,7.8,7.9,1012.1,1012.0,1.0,0.9,3.29,2.74,216,216,4.8,4.6,100.0,100.0,10.4,10.2,66.7,66.4,1014.2,1014.1,52.08,370.46,209.78,33.1068,7.8678,565.9,39.9,1479.709, NAN, NAN, NAN, NAN,,2024/04/02 13:20:47.647,2024-04-02 13:20:47.647000+00:00
2024/04/02, 13:21:47.647,38.7,-72.682,11.33,229.36,234.07,11.62,7.8,7.9,1011.9,1012.0,0.9,1.0,3.3,2.76,217,215,3.6,4.4,100.0,100.0,9.2,10.0,66.2,66.9,1014.0,1014.1,48.67,370.38,200.09,33.0985,7.8538,592.4,39.8,1479.646, NAN, NAN, NAN, NAN,,2024/04/02 13:21:47.647,2024-04-02 13:21:47.647000+00:00
2024/04/02, 13:22:47.647,38.699,-72.685,11.49,228.32,231.05,11.69,7.8,7.9,1012.0,1011.9,0.4,0.8,3.31,2.77,222,223,3.8,3.3,100.0,100.0,9.3,8.8,66.7,65.7,1014.1,1014.0,43.64,370.45,189.04,33.0817,7.8386,573.9,39.9,1479.567, NAN, NAN, NAN, NAN,,2024/04/02 13:22:47.647,2024-04-02 13:22:47.647000+00:00
2024/04/02, 13:23:47.647,38.697,-72.688,11.43,229.01,232.23,11.6,7.8,7.9,1011.9,1012.0,0.0,0.0,3.31,2.77,210,216,3.0,2.6,100.0,100.0,8.8,8.3,61.4,62.3,1014.0,1014.1,38.85,370.76,180.09,33.0702,7.8132,575.3,39.7,1479.456, NAN, NAN, NAN, NAN,,2024/04/02 13:23:47.647,2024-04-02 13:23:47.647000+00:00
2024/04/02, 13:24:47.647,38.695,-72.692,11.27,229.2,235.27,11.44,7.9,7.9,1012.2,1012.2,0.0,0.0,3.31,2.77,206,207,2.8,2.8,100.0,100.0,8.5,8.5,60.7,61.0,1014.3,1014.3,37.58,370.88,176.63,33.0654,7.7338,574.5,39.7,1479.147, NAN, NAN, NAN, NAN,,2024/04/02 13:24:47.647,2024-04-02 13:24:47.647000+00:00
2024/04/02, 13:25:47.647,38.693,-72.695,11.18,228.96,234.36,11.34,7.9,7.9,1012.2,1012.3,0.0,0.0,3.31,2.77,162,184,1.6,1.3,100.0,100.0,7.3,7.1,48.8,53.5,1014.3,1014.4,36.62,371.48,173.1,33.0539,7.6688,579.0,39.6,1478.884, NAN, NAN, NAN, NAN,,2024/04/02 13:25:47.647,2024-04-02 13:25:47.647000+00:00
2024/04/02, 13:26:47.647,38.691,-72.698,11.09,228.87,233.88,11.4,7.9,7.9,1012.4,1012.3,0.0,0.0,3.31,2.77,173,224,0.9,1.6,100.0,100.0,6.7,7.2,51.5,61.2,1014.5,1014.4,34.74,371.62,168.07,33.0347,7.6481,620.0,39.8,1478.781, NAN, NAN, NAN, NAN,,2024/04/02 13:26:47.647,2024-04-02 13:26:47.647000+00:00
2024/04/02, 13:27:47.647,38.689,-72.701,11.22,228.48,229.74,11.43,7.9,7.9,1012.4,1012.4,0.0,0.0,3.31,2.77,177,181,1.3,2.3,100.0,100.0,7.2,8.2,50.2,50.7,1014.5,1014.5,32.41,371.87,161.12,32.9916,7.6534,696.8,39.8,1478.748, NAN, NAN, NAN, NAN,,2024/04/02 13:27:47.647,2024-04-02 13:27:47.647000+00:00
2024/04/02, 13:28:47.647,38.687,-72.705,11.23,228.98,231.08,11.65,7.9,7.9,1012.4,1012.4,0.0,0.0,3.31,2.77,162,177,2.6,2.3,100.0,100.0,8.5,8.3,45.3,49.9,1014.5,1014.5,30.38,371.48,153.01,32.967,7.6839,741.4,39.7,1478.834, NAN, NAN, NAN, NAN,,2024/04/02 13:28:47.647,2024-04-02 13:28:47.647000+00:00
2024/04/02, 13:29:47.647,38.685,-72.708,11.16,229.02,233.3,11.61,7.9,7.9,1012.6,1012.5,0.2,0.1,3.31,2.77,158,167,2.7,2.9,100.0,100.0,8.5,8.8,44.6,47.1,1014.7,1014.6,28.54,371.33,144.99,32.9595,7.7273,752.1,39.7,1478.991, NAN, NAN, NAN, NAN,,2024/04/02 13:29:47.647,2024-04-02 13:29:47.647000+00:00
2024/04/02, 13:30:47.648,38.683,-72.711,11.17,229.46,230.78,11.65,7.9,7.9,1012.7,1012.6,0.3,0.4,3.32,2.78,141,94,2.3,1.4,100.0,100.0,7.9,6.2,40.1,38.0,1014.8,1014.7,28.46,371.38,145.7,32.9587,7.7698,765.2,39.7,1479.152, NAN, NAN, NAN, NAN,,2024/04/02 13:30:47.648,2024-04-02 13:30:47.648000+00:00
2024/04/02, 13:31:47.648,38.681,-72.714,11.37,229.76,232.82,11.64,7.8,7.9,1012.8,1012.7,0.4,0.6,3.33,2.79,157,48,1.8,1.7,100.0,100.0,7.6,4.9,46.3,37.9,1014.9,1014.8,32.2,371.4,158.39,32.969,7.8198,812.0,30.6,1479.355, NAN, NAN, NAN, NAN,,2024/04/02 13:31:47.648,2024-04-02 13:31:47.648000+00:00
2024/04/02, 13:32:47.648,38.679,-72.717,11.24,228.66,228.96,11.75,7.8,7.8,1012.8,1012.8,3.0,2.0,3.38,2.83,136,96,1.1,1.5,100.0,100.0,6.9,6.4,42.7,35.6,1014.9,1014.9,37.13,371.44,170.89,33.001,7.8523,742.4,38.2,1479.519, NAN, NAN, NAN, NAN,,2024/04/02 13:32:47.648,2024-04-02 13:32:47.648000+00:00
2024/04/02, 13:33:47.648,38.677,-72.721,11.3,228.24,226.51,11.86,7.8,7.9,1013.0,1012.8,1.3,1.0,3.4,2.84,175,348,0.3,1.7,100.0,100.0,6.4,4.5,49.2,54.5,1015.1,1014.9,37.21,371.76,172.69,33.0194,7.8733,696.8,38.0,1479.622, NAN, NAN, NAN, NAN,,2024/04/02 13:33:47.648,2024-04-02 13:33:47.648000+00:00
2024/04/02, 13:34:47.648,38.675,-72.724,11.35,229.8,231.79,11.68,7.9,7.9,1012.8,1012.8,2.3,2.3,3.45,2.9,207,255,2.2,1.8,100.0,100.0,8.0,6.7,57.8,65.9,1014.9,1014.9,37.08,371.97,173.12,33.0416,7.8848,672.4,37.8,1479.693, NAN, NAN, NAN, NAN,,2024/04/02 13:34:47.648,2024-04-02 13:34:47.648000+00:00
2024/04/02, 13:35:47.648,38.673,-72.727,11.26,229.68,232.98,11.66,7.9,7.9,1012.6,1012.6,8.3,6.9,3.6,3.01,196,197,2.6,2.0,100.0,100.0,8.5,7.9,56.4,56.0,1014.7,1014.7,37.52,372.49,172.78,33.063,7.8959,644.9,37.9,1479.762, NAN, NAN, NAN, NAN,,2024/04/02 13:35:47.648,2024-04-02 13:35:47.648000+00:00
2024/04/02, 13:36:47.648,38.671,-72.73,11.32,228.79,229.45,11.68,7.9,7.9,1012.4,1012.3,8.2,6.5,3.73,3.12,213,221,3.9,2.7,100.0,100.0,9.5,8.3,62.4,62.0,1014.5,1014.4,35.73,372.38,166.97,33.0784,7.9178,631.8,37.9,1479.864, NAN, NAN, NAN, NAN,,2024/04/02 13:36:47.648,2024-04-02 13:36:47.648000+00:00
2024/04/02, 13:37:47.648,38.668,-72.734,11.47,229.06,230.61,11.79,7.9,7.9,1012.2,1012.2,4.8,3.5,3.81,3.17,213,213,4.0,4.2,100.0,100.0,9.7,9.9,62.7,63.0,1014.3,1014.3,33.64,372.4,158.97,33.0873,7.9487,637.2,37.9,1479.993, NAN, NAN, NAN, NAN,,2024/04/02 13:37:47.648,2024-04-02 13:37:47.648000+00:00
2024/04/02, 13:38:47.648,38.666,-72.737,11.4,229.19,229.33,11.75,7.9,7.9,1012.1,1012.1,6.0,4.0,3.91,3.24,205,206,4.6,4.9,100.0,100.0,10.4,10.7,60.9,61.8,1014.2,1014.2,29.24,372.57,142.54,33.0988,7.9679,604.6,37.9,1480.08, NAN, NAN, NAN, NAN,,2024/04/02 13:38:47.648,2024-04-02 13:38:47.648000+00:00
2024/04/02, 13:39:47.648,38.664,-72.74,11.48,228.47,229.28,11.93,7.9,7.9,1012.2,1012.2,3.1,2.5,3.95,3.28,190,166,2.8,2.5,100.0,100.0,8.9,8.6,52.4,45.3,1014.3,1014.3,22.36,372.68,121.34,33.1142,7.986,600.1,38.0,1480.167, NAN, NAN, NAN, NAN,,2024/04/02 13:39:47.648,2024-04-02 13:39:47.648000+00:00
2024/04/02, 13:40:47.648,38.662,-72.743,11.46,228.11,229.26,11.77,7.9,8.0,1012.3,1012.3,1.8,2.1,3.99,3.31,174,169,2.7,3.4,100.0,100.0,8.7,9.4,48.1,45.8,1014.4,1014.4,19.09,372.49,115.89,33.1351,8.004,599.8,38.0,1480.262, NAN, NAN, NAN, NAN,,2024/04/02 13:40:47.648,2024-04-02 13:40:47.648000+00:00
2024/04/02, 13:41:47.648,38.66,-72.747,11.43,229.34,230.26,11.73,8.0,8.0,1012.4,1012.4,1.3,0.7,4.0,3.32,166,172,3.2,3.5,100.0,100.0,9.2,9.5,45.6,47.5,1014.5,1014.5,23.87,372.33,135.49,33.1452,8.0266,605.2,38.0,1480.36, NAN, NAN, NAN, NAN,,2024/04/02 13:41:47.648,2024-04-02 13:41:47.648000+00:00
2024/04/02, 13:42:47.648,38.658,-72.75,11.46,229.69,232.12,11.63,8.0,8.0,1012.2,1012.2,0.4,0.2,4.01,3.33,186,192,1.8,3.0,100.0,100.0,7.8,8.9,52.1,54.6,1014.3,1014.3,38.2,372.12,173.76,33.1544,8.0639,610.2,38.2,1480.512, NAN, NAN, NAN, NAN,,2024/04/02 13:42:47.648,2024-04-02 13:42:47.648000+00:00
2024/04/02, 13:43:47.648,38.656,-72.753,11.42,228.29,231.45,11.68,8.0,8.0,1012.1,1011.8,0.0,0.0,4.01,3.33,194,197,2.9,2.2,100.0,100.0,8.9,8.2,54.7,54.8,1014.2,1013.9,44.92,372.83,191.28,33.1597,8.1005,646.8,38.1,1480.657, NAN, NAN, NAN, NAN,,2024/04/02 13:43:47.648,2024-04-02 13:43:47.648000+00:00
2024/04/02, 13:44:47.648,38.654,-72.756,11.43,228.9,233.72,11.77,8.0,8.0,1011.9,1011.9,1.2,1.1,4.04,3.35,171,180,2.2,2.9,100.0,100.0,8.2,8.9,49.0,51.2,1014.0,1014.0,43.0,372.28,194.47,33.1723,8.1328,638.5,38.5,1480.795, NAN, NAN, NAN, NAN,,2024/04/02 13:44:47.648,2024-04-02 13:44:47.648000+00:00
2024/04/02, 13:45:47.648,38.652,-72.759,11.43,228.84,229.66,11.7,8.0,8.0,1012.2,1012.1,6.2,4.4,4.14,3.43,173,174,3.0,3.9,100.0,100.0,9.0,9.9,46.8,46.7,1014.3,1014.2,39.55,372.33,203.86,33.1935,8.1224,634.5,39.4,1480.782, NAN, NAN, NAN, NAN,,2024/04/02 13:45:47.648,2024-04-02 13:45:47.648000+00:00
2024/04/02, 13:46:47.649,38.65,-72.763,11.31,229.24,231.34,11.12,8.0,8.0,1012.1,1012.0,4.4,4.8,4.21,3.51,175,193,1.8,2.3,100.0,100.0,7.5,8.0,48.8,53.6,1014.2,1014.1,57.29,372.7,275.75,33.2201,7.9091,627.3,39.4,1480.007, NAN, NAN, NAN, NAN,,2024/04/02 13:46:47.649,2024-04-02 13:46:47.649000+00:00
2024/04/02, 13:47:47.649,38.648,-72.766,11.3,227.93,228.34,11.36,8.0,8.0,1011.8,1011.8,2.5,2.5,4.25,3.55,202,208,5.4,4.6,100.0,100.0,11.1,10.2,59.0,60.8,1013.9,1013.9,103.16,372.25,408.69,33.2386,7.7652,608.9,39.4,1479.482, NAN, NAN, NAN, NAN,,2024/04/02 13:47:47.649,2024-04-02 13:47:47.649000+00:00
2024/04/02, 13:48:47.649,38.646,-72.769,11.36,228.71,228.88,11.39,8.0,8.0,1011.3,1011.2,5.1,2.7,4.34,3.6,209,212,6.4,5.7,100.0,100.0,11.9,11.2,64.8,65.5,1013.4,1013.3,147.86,370.3,529.04,33.2205,7.7633,585.7,39.4,1479.452, NAN, NAN, NAN, NAN,,2024/04/02 13:48:47.649,2024-04-02 13:48:47.649000+00:00
2024/04/02, 13:49:47.649,38.644,-72.772,11.55,228.97,231.64,11.8,8.0,8.0,1011.2,1011.1,6.6,5.5,4.45,3.69,211,212,5.7,5.1,100.0,100.0,11.4,10.8,64.9,64.5,1013.3,1013.2,159.14,370.39,562.34,33.0934,7.7888,648.0,39.4,1479.392, NAN, NAN, NAN, NAN,,2024/04/02 13:49:47.649,2024-04-02 13:49:47.649000+00:00
2024/04/02, 13:50:47.649,38.642,-72.775,11.57,228.17,228.14,11.53,7.9,8.0,1011.3,1011.4,4.0,3.7,4.52,3.75,207,207,5.9,5.6,100.0,100.0,11.6,11.3,62.9,62.5,1013.4,1013.5,126.09,371.43,491.68,33.0178,7.8092,728.0,39.5,1479.376, NAN, NAN, NAN, NAN,,2024/04/02 13:50:47.649,2024-04-02 13:50:47.649000+00:00
2024/04/02, 13:51:47.649,38.64,-72.778,11.43,229.05,230.94,11.65,7.9,7.9,1011.8,1011.6,2.2,2.5,4.55,3.79,204,204,4.8,4.3,100.0,100.0,10.6,10.1,60.5,59.8,1013.9,1013.7,113.0,371.14,461.59,32.9938,7.8243,767.0,39.3,1479.403, NAN, NAN, NAN, NAN,,2024/04/02 13:51:47.649,2024-04-02 13:51:47.649000+00:00
2024/04/02, 13:52:47.649,38.638,-72.781,11.39,229.56,230.87,11.46,7.9,8.0,1011.9,1011.8,0.6,0.9,4.56,3.81,201,199,5.7,4.8,100.0,100.0,11.4,10.6,60.7,58.9,1014.0,1013.9,103.56,372.47,446.94,32.9938,7.8401,759.2,39.5,1479.464, NAN, NAN, NAN, NAN,,2024/04/02 13:52:47.649,2024-04-02 13:52:47.649000+00:00
2024/04/02, 13:53:47.649,38.636,-72.785,11.4,228.16,231.82,11.42,8.0,8.0,1011.6,1011.7,0.3,0.3,4.56,3.81,205,204,5.6,6.0,100.0,100.0,11.2,11.7,61.6,61.5,1013.7,1013.8,118.75,371.2,485.02,33.0001,7.853,708.1,39.5,1479.52, NAN, NAN, NAN, NAN,,2024/04/02 13:53:47.649,2024-04-02 13:53:47.649000+00:00
2024/04/02, 13:54:47.649,38.634,-72.788,11.57,228.72,231.94,11.66,8.0,8.0,1011.5,1011.4,0.0,0.0,4.57,3.81,209,213,6.2,5.4,100.0,100.0,11.9,11.0,65.2,66.2,1013.6,1013.5,132.51,370.68,521.99,33.0109,7.857,718.5,39.6,1479.549, NAN, NAN, NAN, NAN,,2024/04/02 13:54:47.649,2024-04-02 13:54:47.649000+00:00
2024/04/02, 13:55:47.649,38.632,-72.791,11.53,228.61,228.74,11.49,8.0,8.0,1011.5,1011.4,0.0,0.0,4.57,3.81,214,216,6.1,5.2,100.0,100.0,11.5,10.6,66.2,65.8,1013.6,1013.5,136.54,371.56,538.67,33.0116,7.8688,710.5,39.6,1479.595, NAN, NAN, NAN, NAN,,2024/04/02 13:55:47.649,2024-04-02 13:55:47.649000+00:00
2024/04/02, 13:56:47.649,38.63,-72.794,11.28,228.86,232.69,11.33,8.0,8.0,1011.3,1011.3,0.0,0.0,4.57,3.81,205,206,6.7,6.4,100.0,100.0,12.3,12.0,64.1,64.4,1013.4,1013.4,137.55,372.35,537.74,33.0423,7.8921,675.2,39.6,1479.722, NAN, NAN, NAN, NAN,,2024/04/02 13:56:47.649,2024-04-02 13:56:47.649000+00:00
2024/04/02, 13:57:47.649,38.628,-72.797,11.48,229.76,234.23,11.52,8.0,8.0,1011.5,1011.5,0.0,0.0,4.57,3.81,211,212,4.7,5.1,100.0,100.0,10.3,10.7,64.9,66.0,1013.6,1013.6,119.16,373.17,498.99,33.0522,7.9171,674.2,39.8,1479.829, NAN, NAN, NAN, NAN,,2024/04/02 13:57:47.649,2024-04-02 13:57:47.649000+00:00
2024/04/02, 13:58:47.649,38.626,-72.8,11.49,230.36,232.69,11.44,8.0,8.0,1011.5,1011.5,0.0,0.0,4.57,3.81,214,214,4.4,3.9,100.0,100.0,9.9,9.4,65.4,64.5,1013.6,1013.6,106.49,373.86,467.56,33.0668,7.9302,629.4,39.9,1479.897, NAN, NAN, NAN, NAN,,2024/04/02 13:58:47.649,2024-04-02 13:58:47.649000+00:00
2024/04/02, 13:59:47.649,38.624,-72.804,11.44,229.22,231.81,11.33,8.0,8.0,1011.6,1011.5,0.0,0.0,4.57,3.81,213,217,5.6,4.6,100.0,100.0,11.0,9.9,66.1,66.3,1013.7,1013.6,109.7,374.21,473.1,33.082,7.9171,597.1,39.9,1479.866, NAN, NAN, NAN, NAN,,2024/04/02 13:59:47.649,2024-04-02 13:59:47.649000+00:00
2024/04/02, 14:00:47.649,38.622,-72.807,11.27,228.95,228.39,11.5,8.0,8.0,1011.5,1011.5,0.0,0.0,4.57,3.81,213,217,6.0,4.5,100.0,100.0,11.5,9.9,66.3,65.7,1013.6,1013.6,125.03,374.09,512.57,33.0985,7.9181,592.4,39.9,1479.89, NAN, NAN, NAN, NAN,,2024/04/02 14:00:47.649,2024-04-02 14:00:47.649000+00:00
2024/04/02, 14:01:47.649,38.62,-72.81,11.38,229.41,230.43,11.84,8.0,8.1,1011.5,1011.5,0.0,0.0,4.57,3.81,216,219,5.7,4.7,100.0,100.0,11.2,10.2,67.1,66.6,1013.6,1013.6,143.64,374.04,558.91,33.1083,7.9511,581.2,40.0,1480.028, NAN, NAN, NAN, NAN,,2024/04/02 14:01:47.649,2024-04-02 14:01:47.649000+00:00
2024/04/02, 14:02:47.649,38.618,-72.813,11.44,229.05,227.4,11.65,8.0,8.1,1011.6,1011.4,0.0,0.0,4.57,3.81,207,208,5.5,5.5,100.0,100.0,11.2,11.2,62.1,62.6,1013.7,1013.5,163.42,373.58,613.53,33.109,7.9865,554.5,40.0,1480.163, NAN, NAN, NAN, NAN,,2024/04/02 14:02:47.649,2024-04-02 14:02:47.649000+00:00
2024/04/02, 14:03:47.650,38.616,-72.816,11.45,229.54,231.78,11.43,8.0,8.1,1011.5,1011.5,0.0,0.0,4.57,3.81,213,216,5.9,5.9,100.0,100.0,11.3,11.2,66.8,68.3,1013.6,1013.6,196.68,372.94,694.07,33.119,8.0096,539.2,39.9,1480.263, NAN, NAN, NAN, NAN,,2024/04/02 14:03:47.650,2024-04-02 14:03:47.650000+00:00
2024/04/02, 14:04:47.650,38.614,-72.82,11.48,228.23,231.36,11.3,8.1,8.1,1011.6,1011.5,0.0,0.0,4.57,3.81,213,215,6.0,5.2,100.0,100.0,11.4,10.6,66.9,66.8,1013.7,1013.6,219.34,373.18,749.73,33.1344,8.0342,527.3,39.9,1480.375, NAN, NAN, NAN, NAN,,2024/04/02 14:04:47.650,2024-04-02 14:04:47.650000+00:00
2024/04/02, 14:05:47.650,38.612,-72.823,11.4,228.29,231.39,11.46,8.1,8.1,1011.5,1011.5,0.0,0.0,4.57,3.81,215,212,4.6,3.5,100.0,100.0,10.1,9.1,65.7,62.5,1013.6,1013.6,213.38,374.05,736.08,33.1466,8.0531,519.6,39.9,1480.462, NAN, NAN, NAN, NAN,,2024/04/02 14:05:47.650,2024-04-02 14:05:47.650000+00:00
2024/04/02, 14:06:47.650,38.61,-72.826,11.52,228.62,231.72,11.67,8.1,8.1,1011.5,1011.3,0.0,0.0,4.57,3.81,205,206,5.2,4.9,100.0,100.0,11.0,10.7,62.3,62.4,1013.6,1013.4,192.81,374.26,695.15,33.1583,8.0748,505.9,40.2,1480.558, NAN, NAN, NAN, NAN,,2024/04/02 14:06:47.650,2024-04-02 14:06:47.650000+00:00
2024/04/02, 14:07:47.650,38.608,-72.829,11.53,227.59,229.55,11.57,8.1,8.1,1011.4,1011.3,0.0,0.0,4.57,3.81,213,211,5.5,5.1,100.0,100.0,11.1,10.7,65.0,63.5,1013.5,1013.4,187.38,374.44,671.46,33.1713,8.0951,479.6,40.1,1480.651, NAN, NAN, NAN, NAN,,2024/04/02 14:07:47.650,2024-04-02 14:07:47.650000+00:00
2024/04/02, 14:08:47.650,38.606,-72.833,11.47,228.28,230.0,11.63,8.1,8.1,1011.5,1011.5,0.0,0.0,4.57,3.81,206,208,6.2,5.7,100.0,100.0,11.9,11.4,62.9,63.4,1013.6,1013.6,174.13,374.84,626.34,33.1829,8.1149,468.4,40.1,1480.741, NAN, NAN, NAN, NAN,,2024/04/02 14:08:47.650,2024-04-02 14:08:47.650000+00:00
2024/04/02, 14:09:47.650,38.604,-72.836,11.6,229.1,230.91,11.83,8.1,8.1,1011.4,1011.3,0.0,0.0,4.57,3.81,207,210,5.3,4.6,100.0,100.0,11.1,10.4,63.4,63.9,1013.5,1013.4,149.66,375.06,559.86,33.1934,8.1854,455.3,40.3,1481.02, NAN, NAN, NAN, NAN,,2024/04/02 14:09:47.650,2024-04-02 14:09:47.650000+00:00
2024/04/02, 14:10:47.650,38.602,-72.839,11.67,227.81,228.56,11.76,8.1,8.1,1011.3,1011.3,0.0,0.0,4.57,3.81,205,208,5.2,5.2,100.0,100.0,11.0,11.0,61.0,62.4,1013.4,1013.4,143.11,375.15,549.58,33.2031,8.2373,447.6,40.2,1481.228, NAN, NAN, NAN, NAN,,2024/04/02 14:10:47.650,2024-04-02 14:10:47.650000+00:00
2024/04/02, 14:11:47.650,38.6,-72.843,11.48,229.3,234.67,11.73,8.1,8.1,1011.5,1011.3,0.0,0.0,4.57,3.81,206,205,4.7,5.0,100.0,100.0,10.5,10.8,62.8,62.6,1013.6,1013.4,145.05,375.41,563.17,33.2163,8.2557,457.4,40.4,1481.313, NAN, NAN, NAN, NAN,,2024/04/02 14:11:47.650,2024-04-02 14:11:47.650000+00:00
2024/04/02, 14:12:47.650,38.598,-72.846,11.52,229.11,232.29,11.65,8.1,8.1,1011.3,1011.2,0.0,0.0,4.57,3.81,203,206,5.3,5.4,100.0,100.0,11.1,11.2,61.5,63.0,1013.4,1013.3,157.41,375.65,601.74,33.2447,8.2569,467.5,40.3,1481.353, NAN, NAN, NAN, NAN,,2024/04/02 14:12:47.650,2024-04-02 14:12:47.650000+00:00
2024/04/02, 14:13:47.650,38.596,-72.849,11.54,229.01,232.31,11.81,8.1,8.1,1011.3,1011.2,0.0,0.0,4.57,3.81,202,209,4.7,4.3,100.0,100.0,10.6,10.1,59.5,62.0,1013.4,1013.3,177.34,376.08,658.42,33.2662,8.2528,512.6,40.2,1481.364, NAN, NAN, NAN, NAN,,2024/04/02 14:13:47.650,2024-04-02 14:13:47.650000+00:00
2024/04/02, 14:14:47.650,38.594,-72.852,11.46,228.38,231.69,11.66,8.1,8.2,1011.2,1011.1,0.0,0.0,4.57,3.81,203,203,5.5,4.7,100.0,100.0,11.3,10.5,60.9,60.1,1013.3,1013.2,194.35,376.68,704.71,33.2721,8.2447,524.9,40.4,1481.341, NAN, NAN, NAN, NAN,,2024/04/02 14:14:47.650,2024-04-02 14:14:47.650000+00:00
2024/04/02, 14:15:47.650,38.592,-72.856,11.5,229.51,234.81,11.72,8.2,8.3,1011.2,1011.1,0.0,0.0,4.57,3.81,200,201,5.1,4.4,100.0,100.0,11.0,10.3,60.6,60.4,1013.3,1013.2,202.72,376.53,708.69,33.2764,8.2352,522.7,40.4,1481.31, NAN, NAN, NAN, NAN,,2024/04/02 14:15:47.650,2024-04-02 14:15:47.650000+00:00
2024/04/02, 14:16:47.650,38.59,-72.859,11.49,228.75,230.12,11.86,8.2,8.3,1011.1,1011.0,0.0,0.0,4.57,3.81,207,209,5.4,5.3,100.0,100.0,11.2,11.1,62.3,63.2,1013.2,1013.1,181.79,376.75,650.47,33.2773,8.2295,533.7,40.5,1481.29, NAN, NAN, NAN, NAN,,2024/04/02 14:16:47.650,2024-04-02 14:16:47.650000+00:00
2024/04/02, 14:17:47.650,38.588,-72.862,11.42,228.9,231.8,11.68,8.2,8.3,1011.1,1010.9,0.0,0.0,4.57,3.81,203,204,6.1,6.0,100.0,100.0,11.9,11.8,61.9,62.3,1013.2,1013.0,157.69,376.93,579.35,33.2759,8.2186,529.4,40.3,1481.247, NAN, NAN, NAN, NAN,,2024/04/02 14:17:47.650,2024-04-02 14:17:47.650000+00:00
2024/04/02, 14:18:47.651,38.586,-72.866,11.48,228.46,231.17,11.76,8.2,8.3,1011.2,1011.1,0.0,0.0,4.57,3.81,202,204,5.4,5.2,100.0,100.0,11.3,11.1,60.9,61.6,1013.3,1013.2,129.23,376.74,479.9,33.2734,8.207,505.1,40.5,1481.2, NAN, NAN, NAN, NAN,,2024/04/02 14:18:47.651,2024-04-02 14:18:47.651000+00:00
2024/04/02, 14:19:47.651,38.584,-72.869,11.53,229.86,234.23,11.86,8.2,8.2,1011.2,1011.1,0.0,0.0,4.57,3.81,206,210,5.5,4.9,100.0,100.0,11.4,10.7,64.0,65.2,1013.3,1013.2,99.19,376.61,400.53,33.2691,8.2028,500.1,40.4,1481.179, NAN, NAN, NAN, NAN,,2024/04/02 14:19:47.651,2024-04-02 14:19:47.651000+00:00
2024/04/02, 14:20:47.651,38.582,-72.872,11.55,228.12,232.36,11.96,8.2,8.2,1011.2,1011.1,0.0,0.0,4.57,3.81,203,206,5.5,4.8,100.0,100.0,11.5,10.8,61.9,62.6,1013.3,1013.2,87.39,376.5,364.98,33.2634,8.1964,510.2,40.2,1481.148, NAN, NAN, NAN, NAN,,2024/04/02 14:20:47.651,2024-04-02 14:20:47.651000+00:00
2024/04/02, 14:21:47.651,38.58,-72.876,11.6,228.43,234.61,11.94,8.2,8.2,1011.1,1011.1,0.0,0.0,4.57,3.81,209,213,5.2,4.6,100.0,100.0,11.1,10.4,64.5,65.5,1013.2,1013.2,80.45,376.26,339.7,33.2564,8.17,525.7,40.3,1481.04, NAN, NAN, NAN, NAN,,2024/04/02 14:21:47.651,2024-04-02 14:21:47.651000+00:00
2024/04/02, 14:22:47.651,38.578,-72.879,11.55,229.66,236.03,11.69,8.2,8.2,1011.1,1011.1,0.0,0.0,4.57,3.81,207,211,5.6,5.2,100.0,100.0,11.4,10.9,65.3,66.7,1013.2,1013.2,74.86,376.25,318.93,33.2527,8.123,524.9,40.2,1480.858, NAN, NAN, NAN, NAN,,2024/04/02 14:22:47.651,2024-04-02 14:22:47.651000+00:00
2024/04/02, 14:23:47.651,38.576,-72.883,11.6,229.61,232.11,11.8,8.2,8.2,1011.1,1011.1,0.0,0.0,4.57,3.81,214,215,4.7,4.5,100.0,100.0,10.4,10.1,65.6,65.6,1013.2,1013.2,72.4,375.99,307.07,33.2467,8.0667,565.9,40.4,1480.637, NAN, NAN, NAN, NAN,,2024/04/02 14:23:47.651,2024-04-02 14:23:47.651000+00:00
2024/04/02, 14:24:47.651,38.574,-72.886,11.4,229.72,234.0,11.79,8.2,8.2,1011.1,1011.0,0.0,0.0,4.57,3.81,211,212,5.7,5.3,100.0,100.0,11.4,11.0,65.9,65.8,1013.2,1013.1,71.44,376.04,306.66,33.2348,8.0222,601.1,40.3,1480.454, NAN, NAN, NAN, NAN,,2024/04/02 14:24:47.651,2024-04-02 14:24:47.651000+00:00
2024/04/02, 14:25:47.651,38.572,-72.889,11.53,228.41,233.53,11.85,8.2,8.2,1010.9,1010.8,0.0,0.0,4.57,3.81,207,206,6.3,5.6,100.0,100.0,12.2,11.5,64.3,63.2,1013.0,1012.9,76.02,376.15,319.53,33.2151,7.9969,636.1,40.5,1480.334, NAN, NAN, NAN, NAN,,2024/04/02 14:25:47.651,2024-04-02 14:25:47.651000+00:00
2024/04/02, 14:26:47.651,38.57,-72.893,11.31,228.69,234.98,11.53,8.2,8.2,1010.9,1010.8,0.0,0.0,4.57,3.81,222,220,5.6,4.9,100.0,100.0,10.9,10.3,71.5,69.4,1013.0,1012.9,78.88,376.47,328.12,33.1949,7.9821,653.7,40.3,1480.253, NAN, NAN, NAN, NAN,,2024/04/02 14:26:47.651,2024-04-02 14:26:47.651000+00:00
2024/04/02, 14:27:47.651,38.568,-72.896,11.38,229.9,234.15,11.67,8.2,8.2,1010.8,1010.8,0.0,0.0,4.57,3.81,210,212,6.2,5.7,100.0,100.0,11.9,11.3,66.6,67.0,1012.9,1012.9,81.98,376.52,337.6,33.177,7.9769,724.6,40.2,1480.211, NAN, NAN, NAN, NAN,,2024/04/02 14:27:47.651,2024-04-02 14:27:47.651000+00:00
2024/04/02, 14:28:47.651,38.566,-72.899,11.33,229.68,235.27,11.41,8.2,8.2,1011.0,1010.9,0.0,0.0,4.57,3.81,208,208,5.6,5.0,100.0,100.0,11.2,10.6,65.5,64.8,1013.1,1013.0,84.61,376.43,347.93,33.1619,7.9741,741.4,40.3,1480.181, NAN, NAN, NAN, NAN,,2024/04/02 14:28:47.651,2024-04-02 14:28:47.651000+00:00
2024/04/02, 14:29:47.651,38.564,-72.902,11.41,228.92,236.59,11.84,8.2,8.2,1011.0,1010.9,0.0,0.0,4.57,3.81,218,220,5.8,4.7,100.0,100.0,11.4,10.3,70.6,69.8,1013.1,1013.0,88.37,376.31,357.47,33.1537,7.9734,767.3,40.3,1480.169, NAN, NAN, NAN, NAN,,2024/04/02 14:29:47.651,2024-04-02 14:29:47.651000+00:00
2024/04/02, 14:30:47.651,38.562,-72.906,11.53,229.26,234.89,11.82,8.2,8.2,1010.9,1010.9,0.0,0.0,4.57,3.81,216,222,5.5,4.4,100.0,100.0,11.2,10.0,69.0,69.8,1013.0,1013.0,88.28,376.28,352.57,33.1519,7.9744,775.0,40.4,1480.17, NAN, NAN, NAN, NAN,,2024/04/02 14:30:47.651,2024-04-02 14:30:47.651000+00:00
2024/04/02, 14:31:47.651,38.56,-72.909,11.61,228.61,231.8,11.85,8.2,8.2,1011.1,1010.9,0.0,0.0,4.57,3.81,212,210,5.6,5.0,100.0,100.0,11.4,10.8,66.2,64.5,1013.2,1013.0,81.33,376.26,330.76,33.1497,7.975,783.8,40.4,1480.17, NAN, NAN, NAN, NAN,,2024/04/02 14:31:47.651,2024-04-02 14:31:47.651000+00:00
2024/04/02, 14:32:47.651,38.558,-72.912,11.5,229.45,230.43,11.75,8.2,8.2,1011.0,1010.9,0.0,0.0,4.57,3.81,211,214,5.8,5.3,100.0,100.0,11.5,10.9,65.9,66.7,1013.1,1013.0,73.71,376.34,304.71,33.1478,7.9746,772.0,40.5,1480.166, NAN, NAN, NAN, NAN,,2024/04/02 14:32:47.651,2024-04-02 14:32:47.651000+00:00
2024/04/02, 14:33:47.651,38.556,-72.916,11.44,228.86,231.59,11.61,8.2,8.2,1011.0,1010.9,0.0,0.0,4.57,3.81,208,209,5.0,4.6,100.0,100.0,10.7,10.3,63.1,63.0,1013.1,1013.0,62.99,376.15,264.34,33.1485,7.9737,743.2,40.5,1480.163, NAN, NAN, NAN, NAN,,2024/04/02 14:33:47.651,2024-04-02 14:33:47.651000+00:00
2024/04/02, 14:34:47.652,38.554,-72.919,11.36,227.93,231.45,11.61,8.2,8.2,1011.2,1011.0,0.0,0.0,4.57,3.81,210,213,6.0,5.3,100.0,100.0,11.7,10.9,64.8,65.3,1013.3,1013.1,54.81,376.04,238.49,33.1488,7.9757,805.6,40.6,1480.171, NAN, NAN, NAN, NAN,,2024/04/02 14:34:47.652,2024-04-02 14:34:47.652000+00:00
2024/04/02, 14:35:47.652,38.552,-72.922,11.48,228.52,232.93,11.61,8.2,8.3,1011.2,1011.1,0.0,0.0,4.57,3.81,218,224,5.4,4.3,100.0,100.0,10.9,9.7,68.6,69.1,1013.3,1013.2,50.83,375.71,228.5,33.1492,7.9842,801.4,40.4,1480.204, NAN, NAN, NAN, NAN,,2024/04/02 14:35:47.652,2024-04-02 14:35:47.652000+00:00
2024/04/02, 14:36:47.652,38.55,-72.926,11.4,229.85,233.46,11.73,8.2,8.3,1011.2,1011.2,0.0,0.0,4.57,3.81,216,219,5.0,4.4,100.0,100.0,10.6,9.9,67.2,67.4,1013.3,1013.3,52.73,375.77,237.17,33.1487,7.9953,803.8,40.6,1480.245, NAN, NAN, NAN, NAN,,2024/04/02 14:36:47.652,2024-04-02 14:36:47.652000+00:00
2024/04/02, 14:37:47.652,38.548,-72.929,11.47,228.65,233.07,11.63,8.3,8.3,1011.2,1011.2,0.0,0.0,4.57,3.81,215,220,5.4,4.4,100.0,100.0,11.0,9.9,67.5,68.0,1013.3,1013.3,58.13,375.75,256.66,33.15,8.0134,770.7,40.6,1480.316, NAN, NAN, NAN, NAN,,2024/04/02 14:37:47.652,2024-04-02 14:37:47.652000+00:00
2024/04/02, 14:38:47.652,38.546,-72.932,11.54,228.84,233.25,11.87,8.3,8.3,1011.2,1011.1,0.0,0.0,4.57,3.81,213,210,5.3,4.6,100.0,100.0,11.0,10.4,66.5,64.2,1013.3,1013.2,63.75,375.97,274.44,33.1534,8.0352,805.6,40.6,1480.402, NAN, NAN, NAN, NAN,,2024/04/02 14:38:47.652,2024-04-02 14:38:47.652000+00:00
2024/04/02, 14:39:47.652,38.544,-72.935,11.47,228.71,231.11,11.55,8.3,8.3,1011.2,1011.0,0.0,0.0,4.57,3.81,212,212,5.3,4.9,100.0,100.0,10.9,10.5,65.4,64.8,1013.3,1013.1,61.81,376.13,263.78,33.1569,8.0712,768.9,40.7,1480.543, NAN, NAN, NAN, NAN,,2024/04/02 14:39:47.652,2024-04-02 14:39:47.652000+00:00
2024/04/02, 14:40:47.652,38.542,-72.939,11.43,229.36,233.53,11.72,8.3,8.3,1011.2,1011.1,0.2,0.3,4.57,3.82,214,217,5.1,4.8,100.0,100.0,10.8,10.4,67.2,68.1,1013.3,1013.2,54.91,375.76,236.43,33.1611,8.1142,788.0,40.8,1480.711, NAN, NAN, NAN, NAN,,2024/04/02 14:40:47.652,2024-04-02 14:40:47.652000+00:00
2024/04/02, 14:41:47.652,38.54,-72.942,11.35,229.03,236.33,11.57,8.3,8.3,1011.2,1011.1,0.2,0.3,4.58,3.82,214,214,4.8,4.6,100.0,100.0,10.4,10.2,67.3,67.0,1013.3,1013.2,45.48,375.74,212.93,33.1668,8.1477,782.0,40.6,1480.845, NAN, NAN, NAN, NAN,,2024/04/02 14:41:47.652,2024-04-02 14:41:47.652000+00:00
2024/04/02, 14:42:47.652,38.538,-72.945,11.31,228.65,232.77,11.8,8.3,8.3,1011.2,1011.1,0.4,0.1,4.58,3.82,214,216,5.4,5.0,100.0,100.0,11.1,10.6,66.3,66.6,1013.3,1013.2,43.64,375.77,208.25,33.1744,8.1897,777.7,40.5,1481.013, NAN, NAN, NAN, NAN,,2024/04/02 14:42:47.652,2024-04-02 14:42:47.652000+00:00
2024/04/02, 14:43:47.652,38.536,-72.948,11.44,229.95,234.24,11.74,8.3,8.3,1011.1,1011.1,0.2,0.2,4.59,3.83,208,208,4.7,4.8,100.0,100.0,10.5,10.6,64.2,64.4,1013.2,1013.2,48.11,375.88,226.47,33.1824,8.2583,778.7,40.6,1481.281, NAN, NAN, NAN, NAN,,2024/04/02 14:43:47.652,2024-04-02 14:43:47.652000+00:00
2024/04/02, 14:44:47.652,38.534,-72.952,11.45,228.47,231.34,11.67,8.3,8.3,1011.1,1010.9,0.2,0.1,4.59,3.83,211,210,4.8,5.2,100.0,100.0,10.5,10.9,64.2,64.3,1013.2,1013.0,57.07,376.29,256.67,33.1906,8.3334,775.8,40.5,1481.574, NAN, NAN, NAN, NAN,,2024/04/02 14:44:47.652,2024-04-02 14:44:47.652000+00:00
2024/04/02, 14:45:47.652,38.532,-72.955,11.3,227.79,228.76,11.42,8.3,8.3,1010.9,1010.8,0.1,0.0,4.59,3.83,206,207,5.5,5.4,100.0,100.0,11.1,11.0,61.2,61.6,1013.0,1012.9,63.43,376.52,275.42,33.1999,8.4311,759.2,40.6,1481.952, NAN, NAN, NAN, NAN,,2024/04/02 14:45:47.652,2024-04-02 14:45:47.652000+00:00
2024/04/02, 14:46:47.652,38.531,-72.958,11.35,228.58,230.7,11.56,8.3,8.3,1011.0,1010.9,0.1,0.0,4.6,3.83,210,211,5.4,5.4,100.0,100.0,11.1,11.0,65.1,65.5,1013.1,1013.0,62.26,376.46,269.88,33.2159,8.5246,768.6,40.7,1482.322, NAN, NAN, NAN, NAN,,2024/04/02 14:46:47.652,2024-04-02 14:46:47.652000+00:00
2024/04/02, 14:47:47.652,38.529,-72.961,11.3,227.58,230.21,11.67,8.3,8.4,1010.9,1010.8,0.0,0.0,4.6,3.83,212,212,5.6,5.6,100.0,100.0,11.3,11.3,65.4,65.4,1013.0,1012.9,56.89,376.53,249.9,33.2379,8.5819,761.9,40.6,1482.564, NAN, NAN, NAN, NAN,,2024/04/02 14:47:47.652,2024-04-02 14:47:47.652000+00:00
2024/04/02, 14:48:47.652,38.527,-72.965,11.34,228.76,235.07,11.75,8.3,8.4,1011.0,1010.9,0.0,0.0,4.6,3.83,209,209,5.3,5.6,100.0,100.0,11.1,11.4,65.1,65.4,1013.1,1013.0,49.71,376.92,221.97,33.2578,8.699,751.8,40.7,1483.025, NAN, NAN, NAN, NAN,,2024/04/02 14:48:47.652,2024-04-02 14:48:47.652000+00:00
2024/04/02, 14:49:47.653,38.525,-72.968,11.34,229.38,233.7,11.49,8.4,8.4,1010.8,1010.9,0.0,0.0,4.6,3.83,208,210,5.1,4.6,100.0,100.0,10.8,10.2,64.4,64.6,1012.9,1013.0,46.17,376.65,213.39,33.2817,8.827,726.2,40.8,1483.531, NAN, NAN, NAN, NAN,,2024/04/02 14:49:47.653,2024-04-02 14:49:47.653000+00:00
2024/04/02, 14:50:47.653,38.523,-72.971,11.44,228.96,232.88,11.64,8.4,8.4,1011.1,1011.0,0.0,0.0,4.6,3.83,216,214,5.2,4.9,100.0,100.0,10.7,10.5,67.5,66.1,1013.2,1013.1,49.41,376.76,224.05,33.2995,8.9521,732.6,40.7,1484.016, NAN, NAN, NAN, NAN,,2024/04/02 14:50:47.653,2024-04-02 14:50:47.653000+00:00
2024/04/02, 14:51:47.653,38.521,-72.975,11.32,229.88,231.7,11.48,8.4,8.4,1010.9,1010.9,0.0,0.0,4.6,3.83,214,217,5.4,4.3,100.0,100.0,10.8,9.7,66.6,65.9,1013.0,1013.0,53.52,377.08,235.02,33.3291,9.0013,737.4,40.9,1484.235, NAN, NAN, NAN, NAN,,2024/04/02 14:51:47.653,2024-04-02 14:51:47.653000+00:00
2024/04/02, 14:52:47.653,38.519,-72.978,11.34,228.66,232.94,11.74,8.4,8.4,1010.8,1010.8,0.0,0.0,4.6,3.83,216,224,4.3,4.2,100.0,100.0,10.0,9.7,66.2,69.3,1012.9,1012.9,49.4,377.11,223.06,33.3616,8.9976,708.1,40.8,1484.261, NAN, NAN, NAN, NAN,,2024/04/02 14:52:47.653,2024-04-02 14:52:47.653000+00:00
2024/04/02, 14:53:47.653,38.517,-72.981,11.34,228.55,233.9,11.71,8.4,8.5,1010.8,1010.8,0.0,0.0,4.6,3.83,217,221,6.4,5.7,100.0,100.0,11.9,11.1,69.6,70.6,1012.9,1012.9,43.79,377.13,204.57,33.3878,8.9353,699.6,40.7,1484.062, NAN, NAN, NAN, NAN,,2024/04/02 14:53:47.653,2024-04-02 14:53:47.653000+00:00
2024/04/02, 14:54:47.653,38.515,-72.984,11.43,228.29,233.75,11.77,8.4,8.5,1010.7,1010.5,0.2,0.0,4.6,3.83,215,219,6.8,5.2,100.0,100.0,12.4,10.8,69.3,69.1,1012.8,1012.6,41.41,377.06,197.14,33.397,8.82,668.1,41.0,1483.646, NAN, NAN, NAN, NAN,,2024/04/02 14:54:47.653,2024-04-02 14:54:47.653000+00:00
2024/04/02, 14:55:47.653,38.513,-72.987,11.37,229.89,227.55,11.76,8.5,8.5,1010.7,1010.6,1.4,0.6,4.63,3.85,219,223,5.5,4.6,100.0,100.0,10.9,9.9,68.0,67.8,1012.8,1012.7,38.57,376.86,186.18,33.3947,8.6996,664.4,41.0,1483.196, NAN, NAN, NAN, NAN,,2024/04/02 14:55:47.653,2024-04-02 14:55:47.653000+00:00
2024/04/02, 14:56:47.653,38.511,-72.991,11.27,227.75,228.92,11.82,8.5,8.5,1010.8,1010.7,1.7,0.8,4.66,3.86,217,222,6.4,4.3,100.0,100.0,11.9,9.8,67.8,66.3,1012.9,1012.8,32.2,376.54,167.05,33.3823,8.5912,608.9,40.9,1482.776, NAN, NAN, NAN, NAN,,2024/04/02 14:56:47.653,2024-04-02 14:56:47.653000+00:00
2024/04/02, 14:57:47.653,38.509,-72.994,11.39,228.6,230.37,12.0,8.5,8.5,1010.8,1010.7,2.7,2.4,4.7,3.9,224,223,4.2,4.2,100.0,100.0,9.7,9.7,67.6,67.2,1012.9,1012.8,26.42,376.75,140.1,33.3559,8.5046,619.6,40.9,1482.42, NAN, NAN, NAN, NAN,,2024/04/02 14:57:47.653,2024-04-02 14:57:47.653000+00:00
2024/04/02, 14:58:47.653,38.507,-72.997,11.36,229.0,230.72,11.69,8.5,8.5,1010.9,1010.8,2.9,1.7,4.75,3.93,226,231,5.4,4.4,100.0,100.0,10.6,9.5,71.7,71.4,1013.0,1012.9,22.83,376.84,126.2,33.3285,8.4407,616.3,40.9,1482.147, NAN, NAN, NAN, NAN,,2024/04/02 14:58:47.653,2024-04-02 14:58:47.653000+00:00
2024/04/02, 14:59:47.653,38.505,-73.001,11.34,229.24,229.41,11.92,8.6,8.6,1011.1,1010.9,2.3,2.4,4.79,3.97,218,222,4.2,4.3,100.0,100.0,9.8,9.8,66.0,67.8,1013.2,1013.0,19.82,377.05,115.29,33.306,8.388,605.6,40.9,1481.922, NAN, NAN, NAN, NAN,,2024/04/02 14:59:47.653,2024-04-02 14:59:47.653000+00:00
2024/04/02, 15:00:47.653,38.503,-73.004,11.41,228.73,227.46,11.84,8.6,8.6,1011.1,1011.0,3.6,2.1,4.85,4.01,225,226,5.0,4.6,100.0,100.0,10.3,9.9,70.2,69.7,1013.2,1013.1,18.52,376.85,111.17,33.2886,8.3643,577.6,40.7,1481.811, NAN, NAN, NAN, NAN,,2024/04/02 15:00:47.653,2024-04-02 15:00:47.653000+00:00
2024/04/02, 15:01:47.653,38.5,-73.007,11.48,227.08,229.22,11.98,8.6,8.6,1011.1,1011.1,2.7,2.3,4.9,4.05,221,226,5.7,5.0,100.0,100.0,11.2,10.4,67.9,68.7,1013.2,1013.2,18.77,377.15,112.02,33.2725,8.3479,574.5,40.7,1481.73, NAN, NAN, NAN, NAN,,2024/04/02 15:01:47.653,2024-04-02 15:01:47.653000+00:00
2024/04/02, 15:02:47.653,38.498,-73.011,11.48,229.62,229.48,11.83,8.6,8.6,1011.0,1010.9,6.6,4.8,5.02,4.13,223,221,5.5,4.8,100.0,100.0,10.8,10.3,70.8,68.5,1013.1,1013.0,19.2,376.96,113.78,33.2597,8.3329,601.1,40.7,1481.657, NAN, NAN, NAN, NAN,,2024/04/02 15:02:47.653,2024-04-02 15:02:47.653000+00:00
2024/04/02, 15:03:47.653,38.496,-73.014,11.52,228.09,234.37,11.99,8.6,8.6,1011.0,1010.9,3.4,3.1,5.06,4.18,223,222,5.2,4.5,100.0,100.0,10.7,10.1,69.9,68.1,1013.1,1013.0,19.51,376.97,115.24,33.2546,8.3253,554.5,40.6,1481.623, NAN, NAN, NAN, NAN,,2024/04/02 15:03:47.653,2024-04-02 15:03:47.653000+00:00
2024/04/02, 15:04:47.653,38.494,-73.017,11.49,228.51,231.19,12.0,8.6,8.6,1011.1,1011.0,3.4,3.2,5.12,4.24,221,222,5.0,4.4,100.0,100.0,10.6,10.0,68.6,67.7,1013.2,1013.1,20.12,376.94,119.71,33.2499,8.3327,565.2,40.6,1481.645, NAN, NAN, NAN, NAN,,2024/04/02 15:04:47.653,2024-04-02 15:04:47.653000+00:00
2024/04/02, 15:05:47.654,38.492,-73.021,11.52,228.92,229.34,11.83,8.6,8.6,1011.0,1011.0,4.0,2.2,5.19,4.28,219,221,6.5,5.6,100.0,100.0,11.9,11.0,70.0,69.6,1013.1,1013.1,22.7,377.08,129.31,33.2453,8.3509,591.8,40.9,1481.707, NAN, NAN, NAN, NAN,,2024/04/02 15:05:47.654,2024-04-02 15:05:47.654000+00:00
2024/04/02, 15:06:47.654,38.49,-73.024,11.56,228.33,233.46,11.97,8.6,8.6,1011.1,1010.9,2.8,3.5,5.24,4.33,220,220,5.4,4.4,100.0,100.0,11.0,10.1,69.5,67.6,1013.2,1013.0,25.0,377.0,138.3,33.2443,8.3562,583.3,40.8,1481.726, NAN, NAN, NAN, NAN,,2024/04/02 15:06:47.654,2024-04-02 15:06:47.654000+00:00
2024/04/02, 15:07:47.654,38.488,-73.027,11.54,227.97,231.81,11.99,8.5,8.6,1011.0,1010.9,4.5,3.5,5.31,4.39,219,220,6.4,5.5,100.0,100.0,12.0,11.1,69.8,68.9,1013.1,1013.0,29.74,377.32,160.97,33.2469,8.3473,576.0,40.5,1481.696, NAN, NAN, NAN, NAN,,2024/04/02 15:07:47.654,2024-04-02 15:07:47.654000+00:00
2024/04/02, 15:08:47.654,38.486,-73.031,11.35,229.22,234.42,11.93,8.6,8.6,1010.9,1010.8,3.9,3.9,5.38,4.46,217,220,7.2,5.3,100.0,100.0,12.8,10.9,71.4,70.2,1013.0,1012.9,34.87,377.24,176.65,33.2514,8.3417,589.7,40.8,1481.68, NAN, NAN, NAN, NAN,,2024/04/02 15:08:47.654,2024-04-02 15:08:47.654000+00:00
2024/04/02, 15:09:47.654,38.484,-73.034,11.42,229.41,236.71,12.0,8.5,8.6,1011.0,1010.8,7.8,6.0,5.51,4.56,224,224,5.1,4.6,100.0,100.0,10.6,10.2,72.0,71.0,1013.1,1012.9,38.73,377.07,190.52,33.2495,8.3517,588.8,41.0,1481.715, NAN, NAN, NAN, NAN,,2024/04/02 15:09:47.654,2024-04-02 15:09:47.654000+00:00
2024/04/02, 15:10:47.654,38.482,-73.037,11.41,227.74,233.28,11.96,8.5,8.6,1010.8,1010.8,9.8,6.6,5.67,4.67,220,223,6.2,4.9,100.0,100.0,11.8,10.5,70.8,70.1,1012.9,1012.9,44.94,377.11,215.93,33.2401,8.3354,626.7,41.0,1481.643, NAN, NAN, NAN, NAN,,2024/04/02 15:10:47.654,2024-04-02 15:10:47.654000+00:00
2024/04/02, 15:11:47.654,38.48,-73.041,11.34,228.43,232.24,11.81,8.5,8.6,1010.9,1010.8,4.2,4.0,5.74,4.74,220,221,6.8,6.1,100.0,100.0,12.3,11.6,71.6,71.1,1013.0,1012.9,56.65,376.99,257.63,33.2376,8.2569,660.0,40.9,1481.344, NAN, NAN, NAN, NAN,,2024/04/02 15:11:47.654,2024-04-02 15:11:47.654000+00:00
2024/04/02, 15:12:47.654,38.478,-73.044,11.47,230.16,235.92,12.02,8.5,8.6,1010.8,1010.7,3.8,4.0,5.81,4.8,214,220,5.4,4.0,100.0,100.0,11.2,9.7,67.5,67.5,1012.9,1012.8,63.8,376.54,285.63,33.234,8.1572,675.2,41.0,1480.964, NAN, NAN, NAN, NAN,,2024/04/02 15:12:47.654,2024-04-02 15:12:47.654000+00:00
2024/04/02, 15:13:47.654,38.476,-73.047,11.46,229.62,233.59,11.98,8.5,8.6,1010.8,1010.7,4.0,3.7,5.88,4.87,219,217,5.6,5.0,100.0,100.0,11.2,10.7,70.0,68.1,1012.9,1012.8,64.65,376.74,286.53,33.2189,8.1102,675.5,41.0,1480.767, NAN, NAN, NAN, NAN,,2024/04/02 15:13:47.654,2024-04-02 15:13:47.654000+00:00
2024/04/02, 15:14:47.654,38.474,-73.051,11.44,227.99,236.42,12.01,8.5,8.6,1010.8,1010.7,3.2,3.6,5.93,4.93,216,219,5.0,4.9,100.0,100.0,10.8,10.6,67.2,68.3,1012.9,1012.8,63.59,376.75,282.36,33.1871,8.1076,647.3,40.9,1480.718, NAN, NAN, NAN, NAN,,2024/04/02 15:14:47.654,2024-04-02 15:14:47.654000+00:00
2024/04/02, 15:15:47.654,38.472,-73.054,11.42,228.73,230.82,12.23,8.5,8.6,1010.8,1010.7,4.4,3.5,6.01,5.0,216,220,6.4,5.3,100.0,100.0,12.2,11.0,68.2,68.4,1012.9,1012.8,65.26,377.08,284.1,33.1584,8.1089,645.6,40.9,1480.688, NAN, NAN, NAN, NAN,,2024/04/02 15:15:47.654,2024-04-02 15:15:47.654000+00:00
2024/04/02, 15:16:47.654,38.47,-73.057,11.31,226.38,227.04,11.87,8.5,8.6,1010.8,1010.6,6.0,4.6,6.11,5.07,219,219,5.6,5.4,100.0,100.0,11.1,10.9,66.5,66.1,1012.9,1012.7,63.97,376.96,278.4,33.1447,8.1209,647.2,40.9,1480.716, NAN, NAN, NAN, NAN,,2024/04/02 15:16:47.654,2024-04-02 15:16:47.654000+00:00
2024/04/02, 15:17:47.654,38.468,-73.061,11.42,228.15,233.24,12.11,8.6,8.6,1010.8,1010.8,5.1,5.2,6.19,5.16,218,220,5.9,5.1,100.0,100.0,11.6,10.8,68.7,68.3,1012.9,1012.9,58.59,377.35,247.25,33.1421,8.1628,654.0,40.7,1480.871, NAN, NAN, NAN, NAN,,2024/04/02 15:17:47.654,2024-04-02 15:17:47.654000+00:00
2024/04/02, 15:18:47.654,38.466,-73.064,11.36,227.83,229.14,12.33,8.6,8.6,1010.8,1010.8,3.8,3.5,6.26,5.21,225,226,5.9,4.5,100.0,100.0,11.4,10.1,71.1,68.6,1012.9,1012.9,42.67,378.0,193.35,33.1392,8.2566,726.7,40.6,1481.221, NAN, NAN, NAN, NAN,,2024/04/02 15:18:47.654,2024-04-02 15:18:47.654000+00:00
2024/04/02, 15:19:47.654,38.463,-73.067,11.41,228.42,231.91,12.13,8.6,8.6,1010.8,1010.8,2.5,1.6,6.3,5.24,215,218,5.7,5.3,100.0,100.0,11.5,11.0,66.4,67.1,1012.9,1012.9,31.54,378.04,164.38,33.1401,8.3734,823.6,40.7,1481.662, NAN, NAN, NAN, NAN,,2024/04/02 15:19:47.654,2024-04-02 15:19:47.654000+00:00
2024/04/02, 15:20:47.654,38.461,-73.071,11.49,228.22,228.99,12.12,8.6,8.6,1011.0,1010.9,2.6,2.0,6.34,5.27,215,219,6.3,5.5,100.0,100.0,12.0,11.1,66.4,67.1,1013.1,1013.0,29.47,378.03,158.43,33.1538,8.45,860.6,40.7,1481.966, NAN, NAN, NAN, NAN,,2024/04/02 15:20:47.654,2024-04-02 15:20:47.654000+00:00
2024/04/02, 15:21:47.655,38.459,-73.074,11.39,228.1,226.67,12.25,8.6,8.6,1011.0,1010.9,3.5,2.9,6.4,5.32,217,218,6.0,5.6,100.0,100.0,11.6,11.2,65.8,65.6,1013.1,1013.0,33.33,377.91,167.88,33.1873,8.5112,832.8,40.6,1482.237, NAN, NAN, NAN, NAN,,2024/04/02 15:21:47.655,2024-04-02 15:21:47.655000+00:00
2024/04/02, 15:22:47.655,38.457,-73.077,11.41,228.32,228.0,12.18,8.6,8.6,1010.9,1010.9,2.5,1.6,6.45,5.35,223,226,5.8,5.1,100.0,100.0,11.2,10.5,69.2,69.1,1013.0,1013.0,33.63,378.26,167.37,33.2258,8.5443,806.2,40.9,1482.408, NAN, NAN, NAN, NAN,,2024/04/02 15:22:47.655,2024-04-02 15:22:47.655000+00:00
2024/04/02, 15:23:47.655,38.455,-73.08,11.43,227.97,233.26,12.21,8.6,8.7,1011.0,1010.9,3.2,2.0,6.5,5.38,217,218,6.1,5.6,100.0,100.0,11.8,11.3,67.7,67.5,1013.1,1013.0,30.61,377.82,156.1,33.2537,8.5665,776.4,40.9,1482.526, NAN, NAN, NAN, NAN,,2024/04/02 15:23:47.655,2024-04-02 15:23:47.655000+00:00
2024/04/02, 15:24:47.655,38.452,-73.083,11.43,228.06,229.75,12.3,8.7,8.7,1011.0,1010.9,2.5,2.4,6.54,5.43,218,218,5.0,4.8,100.0,100.0,10.8,10.6,65.7,65.4,1013.1,1013.0,25.53,378.06,136.11,33.2603,8.573,796.8,40.9,1482.558, NAN, NAN, NAN, NAN,,2024/04/02 15:24:47.655,2024-04-02 15:24:47.655000+00:00
2024/04/02, 15:25:47.655,38.45,-73.087,11.43,227.77,228.76,12.29,8.7,8.7,1011.0,1010.8,3.2,2.7,6.6,5.47,222,231,5.2,3.8,100.0,100.0,10.8,9.3,67.7,67.7,1013.1,1012.9,20.11,377.96,118.4,33.2757,8.5906,760.6,40.8,1482.643, NAN, NAN, NAN, NAN,,2024/04/02 15:25:47.655,2024-04-02 15:25:47.655000+00:00
2024/04/02, 15:26:47.655,38.448,-73.09,11.45,227.29,228.12,12.39,8.7,8.7,1011.1,1010.9,3.1,2.0,6.65,5.5,222,226,5.2,4.6,100.0,100.0,10.8,10.2,66.6,66.9,1013.2,1013.0,17.8,378.31,111.76,33.2889,8.6247,768.9,40.9,1482.786, NAN, NAN, NAN, NAN,,2024/04/02 15:26:47.655,2024-04-02 15:26:47.655000+00:00
2024/04/02, 15:27:47.655,38.446,-73.093,11.41,227.67,226.91,11.94,8.7,8.7,1011.0,1010.9,2.8,1.7,6.7,5.53,215,219,4.8,4.7,100.0,100.0,10.4,10.2,62.6,64.2,1013.1,1013.0,19.78,378.08,126.12,33.291,8.5565,783.2,41.0,1482.534, NAN, NAN, NAN, NAN,,2024/04/02 15:27:47.655,2024-04-02 15:27:47.655000+00:00
2024/04/02, 15:28:47.655,38.443,-73.096,11.36,226.84,226.71,11.81,8.7,8.8,1010.9,1010.9,3.3,2.6,6.75,5.58,221,223,6.1,5.3,100.0,100.0,11.4,10.6,67.6,67.0,1013.0,1013.0,27.9,378.53,155.8,33.2974,8.3867,796.8,41.2,1481.906, NAN, NAN, NAN, NAN,,2024/04/02 15:28:47.655,2024-04-02 15:28:47.655000+00:00
2024/04/02, 15:29:47.655,38.441,-73.099,11.32,229.1,228.98,12.01,8.8,8.8,1011.0,1010.9,3.0,3.0,6.8,5.63,212,213,5.6,6.1,100.0,100.0,11.3,11.8,64.2,65.4,1013.1,1013.0,32.75,378.16,168.0,33.306,8.252,820.6,41.0,1481.41, NAN, NAN, NAN, NAN,,2024/04/02 15:29:47.655,2024-04-02 15:29:47.655000+00:00
2024/04/02, 15:30:47.655,38.439,-73.103,11.51,231.5,230.16,12.02,8.8,8.8,1010.8,1010.8,3.4,2.3,6.86,5.67,213,212,6.2,5.7,100.0,100.0,11.8,11.3,66.8,65.5,1012.9,1012.9,30.53,378.13,158.35,33.2673,8.22,802.8,41.2,1481.242, NAN, NAN, NAN, NAN,,2024/04/02 15:30:47.655,2024-04-02 15:30:47.655000+00:00
2024/04/02, 15:31:47.655,38.437,-73.106,11.37,229.99,227.42,12.12,8.8,8.8,1010.8,1010.8,6.4,5.6,6.97,5.78,217,222,6.0,5.9,100.0,100.0,11.6,11.3,67.6,69.8,1012.9,1012.9,23.97,378.0,133.19,33.1999,8.2511,833.7,41.1,1481.276, NAN, NAN, NAN, NAN,,2024/04/02 15:31:47.655,2024-04-02 15:31:47.655000+00:00
2024/04/02, 15:32:47.655,38.435,-73.109,11.32,231.0,231.64,11.97,8.8,8.8,1011.0,1010.9,11.6,10.6,7.16,5.95,220,221,5.7,5.0,100.0,100.0,11.1,10.4,69.8,68.9,1013.1,1013.0,18.51,378.25,111.54,33.157,8.3194,909.7,41.1,1481.48, NAN, NAN, NAN, NAN,,2024/04/02 15:32:47.655,2024-04-02 15:32:47.655000+00:00
2024/04/02, 15:33:47.655,38.432,-73.112,11.43,231.08,230.61,11.81,8.8,8.8,1011.0,1010.9,5.7,6.8,7.26,6.06,219,218,7.1,7.0,100.0,100.0,12.4,12.3,71.5,70.8,1013.1,1013.0,16.48,378.6,105.38,33.14,8.3735,960.0,41.0,1481.662, NAN, NAN, NAN, NAN,,2024/04/02 15:33:47.655,2024-04-02 15:33:47.655000+00:00
2024/04/02, 15:34:47.655,38.43,-73.115,11.55,230.23,229.83,12.06,8.8,8.8,1010.9,1010.9,6.4,5.8,7.37,6.15,222,221,5.2,4.5,100.0,100.0,10.6,10.0,69.1,67.1,1013.0,1013.0,16.96,378.06,107.39,33.1437,8.4193,993.1,41.1,1481.839, NAN, NAN, NAN, NAN,,2024/04/02 15:34:47.655,2024-04-02 15:34:47.655000+00:00
2024/04/02, 15:35:47.655,38.428,-73.119,11.52,229.96,231.26,11.8,8.8,8.8,1011.1,1010.9,5.8,4.6,7.47,6.23,216,215,6.2,6.0,100.0,100.0,11.7,11.5,68.1,67.3,1013.2,1013.0,17.84,378.33,109.73,33.1621,8.4478,1035.6,41.2,1481.968, NAN, NAN, NAN, NAN,,2024/04/02 15:35:47.655,2024-04-02 15:35:47.655000+00:00
2024/04/02, 15:36:47.656,38.426,-73.122,11.41,231.26,229.68,11.69,8.8,8.8,1010.8,1010.8,13.5,9.7,7.69,6.43,212,214,6.6,5.8,100.0,100.0,12.1,11.2,67.1,67.0,1012.9,1012.9,18.75,378.27,111.4,33.1802,8.4628,951.2,41.1,1482.047, NAN, NAN, NAN, NAN,,2024/04/02 15:36:47.656,2024-04-02 15:36:47.656000+00:00
2024/04/02, 15:37:47.656,38.424,-73.125,11.47,230.6,229.11,11.89,8.8,8.8,1010.8,1010.7,14.3,14.2,7.93,6.64,216,217,5.6,5.2,100.0,100.0,11.1,10.7,67.3,67.1,1012.9,1012.8,18.49,378.66,112.18,33.197,8.4709,916.8,41.2,1482.098, NAN, NAN, NAN, NAN,,2024/04/02 15:37:47.656,2024-04-02 15:37:47.656000+00:00
2024/04/02, 15:38:47.656,38.422,-73.128,11.43,231.32,232.76,11.84,8.8,8.8,1011.0,1010.8,13.6,13.9,8.16,6.88,207,212,5.5,5.3,100.0,100.0,11.3,11.0,65.2,67.2,1013.1,1012.9,17.9,378.88,111.42,33.2111,8.4953,881.2,41.3,1482.207, NAN, NAN, NAN, NAN,,2024/04/02 15:38:47.656,2024-04-02 15:38:47.656000+00:00
2024/04/02, 15:39:47.656,38.42,-73.132,11.5,230.56,230.24,11.79,8.8,8.8,1010.8,1010.7,12.2,10.8,8.36,7.05,213,217,6.3,5.1,100.0,100.0,11.9,10.6,67.8,67.9,1012.9,1012.8,18.04,378.95,112.1,33.2207,8.5185,831.3,41.4,1482.305, NAN, NAN, NAN, NAN,,2024/04/02 15:39:47.656,2024-04-02 15:39:47.656000+00:00
2024/04/02, 15:40:47.656,38.418,-73.135,11.57,231.32,232.69,11.95,8.8,8.8,1011.0,1010.8,9.4,8.7,8.52,7.21,215,219,6.5,5.8,100.0,100.0,12.1,11.3,69.8,70.7,1013.1,1012.9,17.65,379.26,109.37,33.2284,8.5297,806.2,41.4,1482.357, NAN, NAN, NAN, NAN,,2024/04/02 15:40:47.656,2024-04-02 15:40:47.656000+00:00
2024/04/02, 15:41:47.656,38.416,-73.138,11.5,230.84,229.72,11.76,8.8,8.9,1010.9,1010.8,13.2,12.0,8.74,7.41,223,225,5.5,5.5,100.0,100.0,10.7,10.7,71.4,72.3,1013.0,1012.9,17.26,378.78,106.52,33.2395,8.4889,774.7,41.2,1482.218, NAN, NAN, NAN, NAN,,2024/04/02 15:41:47.656,2024-04-02 15:41:47.656000+00:00
2024/04/02, 15:42:47.656,38.414,-73.141,11.48,229.52,229.21,11.77,8.8,8.9,1010.8,1010.8,12.4,10.6,8.95,7.58,212,220,7.6,7.8,100.0,100.0,13.1,13.1,67.6,72.4,1012.9,1012.9,16.77,379.44,105.28,33.2526,8.3918,689.6,41.1,1481.87, NAN, NAN, NAN, NAN,,2024/04/02 15:42:47.656,2024-04-02 15:42:47.656000+00:00
2024/04/02, 15:43:47.656,38.412,-73.145,11.49,230.79,231.52,11.67,8.8,8.9,1010.7,1010.6,8.8,7.4,9.1,7.7,218,222,7.1,6.7,100.0,100.0,12.5,12.0,72.7,74.3,1012.8,1012.7,17.08,379.76,106.88,33.2557,8.2177,645.9,41.1,1481.219, NAN, NAN, NAN, NAN,,2024/04/02 15:43:47.656,2024-04-02 15:43:47.656000+00:00
2024/04/02, 15:44:47.656,38.41,-73.148,11.39,232.16,233.71,11.75,8.9,8.9,1010.8,1010.7,9.2,6.9,9.25,7.81,215,215,7.3,7.5,100.0,100.0,12.8,13.0,72.4,72.6,1012.9,1012.8,17.9,379.97,111.51,33.2435,8.1153,616.6,41.0,1480.817, NAN, NAN, NAN, NAN,,2024/04/02 15:44:47.656,2024-04-02 15:44:47.656000+00:00
2024/04/02, 15:45:47.656,38.408,-73.151,11.35,229.4,230.04,11.77,8.8,8.9,1010.7,1010.5,8.0,6.0,9.38,7.91,218,218,8.7,8.4,100.0,100.0,14.0,13.8,72.7,72.3,1012.8,1012.6,20.28,379.87,121.67,33.2101,8.0463,611.6,41.0,1480.515, NAN, NAN, NAN, NAN,,2024/04/02 15:45:47.656,2024-04-02 15:45:47.656000+00:00
2024/04/02, 15:46:47.656,38.406,-73.154,11.56,230.59,230.8,11.56,8.9,8.9,1010.7,1010.5,8.4,6.0,9.52,8.01,223,222,7.9,7.4,100.0,100.0,13.0,12.5,75.9,74.7,1012.8,1012.6,24.07,379.51,139.6,33.1619,8.0138,623.6,41.0,1480.332, NAN, NAN, NAN, NAN,,2024/04/02 15:46:47.656,2024-04-02 15:46:47.656000+00:00
2024/04/02, 15:47:47.656,38.404,-73.158,11.54,231.79,230.05,11.88,8.9,8.9,1010.5,1010.5,8.6,7.3,9.67,8.14,227,225,7.9,8.2,100.0,100.0,12.8,13.2,77.8,77.1,1012.6,1012.6,29.24,379.25,163.44,33.1233,8.0034,570.5,41.1,1480.245, NAN, NAN, NAN, NAN,,2024/04/02 15:47:47.656,2024-04-02 15:47:47.656000+00:00
2024/04/02, 15:48:47.656,38.402,-73.161,11.36,230.59,231.94,11.83,8.8,8.9,1010.5,1010.5,9.4,8.3,9.83,8.28,228,228,8.4,8.7,100.0,100.0,13.3,13.6,78.7,79.1,1012.6,1012.6,36.12,378.91,187.15,33.0935,8.0022,594.5,41.0,1480.203, NAN, NAN, NAN, NAN,,2024/04/02 15:48:47.656,2024-04-02 15:48:47.656000+00:00
2024/04/02, 15:49:47.656,38.4,-73.164,11.62,232.01,232.87,11.47,8.8,8.9,1010.4,1010.3,8.1,7.3,9.96,8.4,228,227,7.5,7.7,100.0,100.0,12.3,12.5,79.5,79.2,1012.5,1012.4,43.9,379.08,214.13,33.0815,8.0063,617.2,41.0,1480.204, NAN, NAN, NAN, NAN,,2024/04/02 15:49:47.656,2024-04-02 15:49:47.656000+00:00
2024/04/02, 15:50:47.656,38.398,-73.167,11.41,229.82,231.36,11.67,8.8,8.8,1010.2,1010.0,7.7,6.0,10.09,8.5,224,223,9.0,8.9,100.0,100.0,14.1,14.0,77.3,76.6,1012.3,1012.1,49.39,378.93,226.86,33.0747,8.0109,648.9,41.0,1480.213, NAN, NAN, NAN, NAN,,2024/04/02 15:50:47.656,2024-04-02 15:50:47.656000+00:00
2024/04/02, 15:51:47.657,38.396,-73.171,11.51,231.35,233.12,11.53,8.9,8.9,1010.3,1010.3,5.4,4.8,10.18,8.58,229,227,8.7,8.6,100.0,100.0,13.5,13.5,81.6,80.3,1012.4,1012.4,43.27,379.57,204.57,33.0712,8.0161,639.2,41.1,1480.228, NAN, NAN, NAN, NAN,,2024/04/02 15:51:47.657,2024-04-02 15:51:47.657000+00:00
2024/04/02, 15:52:47.657,38.394,-73.174,11.43,230.27,233.69,11.51,8.8,8.9,1010.4,1010.2,4.6,3.5,10.26,8.64,227,224,8.8,9.3,100.0,100.0,13.7,14.3,80.2,78.9,1012.5,1012.3,39.78,379.63,200.0,33.0681,8.0238,660.4,41.0,1480.254, NAN, NAN, NAN, NAN,,2024/04/02 15:52:47.657,2024-04-02 15:52:47.657000+00:00
2024/04/02, 15:53:47.657,38.392,-73.177,11.49,230.45,230.76,11.84,8.8,8.9,1010.5,1010.3,7.2,6.4,10.38,8.75,238,231,7.7,7.9,100.0,100.0,12.1,12.6,83.1,79.4,1012.6,1012.4,47.36,379.13,218.29,33.0662,8.0298,667.8,41.0,1480.274, NAN, NAN, NAN, NAN,,2024/04/02 15:53:47.657,2024-04-02 15:53:47.657000+00:00
2024/04/02, 15:54:47.657,38.39,-73.181,11.38,231.66,232.4,11.67,8.8,8.8,1010.4,1010.3,6.1,5.8,10.48,8.84,230,229,7.9,7.6,100.0,100.0,12.7,12.4,80.7,79.6,1012.5,1012.4,49.4,379.14,224.75,33.0665,8.0384,660.8,41.0,1480.307, NAN, NAN, NAN, NAN,,2024/04/02 15:54:47.657,2024-04-02 15:54:47.657000+00:00
2024/04/02, 15:55:47.657,38.388,-73.184,11.4,231.7,233.17,11.87,8.8,8.8,1010.5,1010.5,4.6,4.1,10.56,8.91,235,233,6.9,6.6,100.0,100.0,11.6,11.4,81.4,79.7,1012.6,1012.6,50.37,379.19,231.1,33.069,8.0455,683.6,41.2,1480.337, NAN, NAN, NAN, NAN,,2024/04/02 15:55:47.657,2024-04-02 15:55:47.657000+00:00
2024/04/02, 15:56:47.657,38.386,-73.187,11.41,232.41,233.6,11.49,8.8,8.8,1010.7,1010.5,3.5,3.8,10.62,8.98,235,230,6.9,7.4,100.0,100.0,11.4,12.1,82.8,81.0,1012.8,1012.6,52.47,378.95,240.91,33.0744,8.0461,623.3,41.2,1480.346, NAN, NAN, NAN, NAN,,2024/04/02 15:56:47.657,2024-04-02 15:56:47.657000+00:00
2024/04/02, 15:57:47.657,38.384,-73.19,11.44,230.39,233.54,11.98,8.8,8.8,1010.7,1010.5,5.6,4.4,10.72,9.05,231,236,6.3,5.2,100.0,100.0,11.4,10.2,77.6,77.4,1012.8,1012.6,53.58,379.06,240.25,33.074,8.0582,608.9,41.0,1480.391, NAN, NAN, NAN, NAN,,2024/04/02 15:57:47.657,2024-04-02 15:57:47.657000+00:00
2024/04/02, 15:58:47.657,38.382,-73.194,11.4,233.37,233.66,11.75,8.8,8.8,1010.7,1010.5,3.7,3.3,10.78,9.11,229,229,7.6,7.1,100.0,100.0,12.4,12.0,80.8,79.9,1012.8,1012.6,46.98,379.51,222.17,33.0777,8.0632,567.2,40.8,1480.415, NAN, NAN, NAN, NAN,,2024/04/02 15:58:47.657,2024-04-02 15:58:47.657000+00:00
2024/04/02, 15:59:47.657,38.38,-73.197,11.48,232.25,234.91,11.58,8.8,8.9,1010.7,1010.5,4.4,3.7,10.85,9.17,233,238,6.6,6.7,100.0,100.0,11.3,11.1,80.9,83.7,1012.8,1012.6,41.77,378.95,203.47,33.0785,8.066,542.2,41.0,1480.426, NAN, NAN, NAN, NAN,,2024/04/02 15:59:47.657,2024-04-02 15:59:47.657000+00:00
2024/04/02, 16:00:47.657,38.378,-73.2,11.46,231.82,234.86,11.51,8.8,8.9,1010.7,1010.7,6.1,5.3,10.95,9.26,237,231,8.3,8.5,100.0,100.0,12.7,13.2,86.5,83.2,1012.8,1012.8,40.63,379.28,203.61,33.0793,8.0613,525.2,41.0,1480.41, NAN, NAN, NAN, NAN,,2024/04/02 16:00:47.657,2024-04-02 16:00:47.657000+00:00
2024/04/02, 16:01:47.657,38.376,-73.204,11.5,231.34,235.83,11.61,8.8,8.9,1010.6,1010.5,4.4,4.2,11.03,9.33,233,241,5.7,4.7,100.0,100.0,10.6,9.4,79.0,79.9,1012.7,1012.6,49.95,378.77,240.79,33.078,8.0376,506.8,41.2,1480.318, NAN, NAN, NAN, NAN,,2024/04/02 16:01:47.657,2024-04-02 16:01:47.657000+00:00
2024/04/02, 16:02:47.657,38.375,-73.207,11.56,232.25,233.46,11.41,8.8,8.8,1010.5,1010.5,2.4,2.9,11.07,9.38,229,233,6.5,5.4,100.0,100.0,11.3,10.2,78.9,78.5,1012.6,1012.6,60.91,378.76,272.12,33.0763,8.009,504.4,41.2,1480.208, NAN, NAN, NAN, NAN,,2024/04/02 16:02:47.657,2024-04-02 16:02:47.657000+00:00
2024/04/02, 16:03:47.657,38.373,-73.21,11.46,232.75,233.9,11.71,8.8,8.8,1010.5,1010.5,3.4,2.4,11.12,9.42,228,233,6.7,6.0,100.0,100.0,11.7,10.8,78.6,79.7,1012.6,1012.6,61.88,378.71,273.5,33.0685,7.9754,528.0,41.2,1480.071, NAN, NAN, NAN, NAN,,2024/04/02 16:03:47.657,2024-04-02 16:03:47.657000+00:00
2024/04/02, 16:04:47.657,38.371,-73.214,11.46,231.74,233.84,11.75,8.8,8.8,1010.6,1010.6,3.7,3.8,11.19,9.48,230,233,6.1,5.1,100.0,100.0,11.0,10.0,77.3,76.3,1012.7,1012.7,56.39,378.71,256.36,33.0584,7.9382,562.0,41.1,1479.917, NAN, NAN, NAN, NAN,,2024/04/02 16:04:47.657,2024-04-02 16:04:47.657000+00:00
2024/04/02, 16:05:47.657,38.369,-73.217,11.38,232.37,231.2,11.82,8.8,8.8,1010.5,1010.5,3.6,3.7,11.25,9.54,228,232,6.7,5.4,100.0,100.0,11.7,10.3,77.7,76.8,1012.6,1012.6,56.45,378.37,255.9,33.0485,7.9148,599.5,41.2,1479.816, NAN, NAN, NAN, NAN,,2024/04/02 16:05:47.657,2024-04-02 16:05:47.657000+00:00
2024/04/02, 16:06:47.657,38.367,-73.22,11.4,230.63,232.67,11.68,8.8,8.8,1010.3,1010.2,9.7,6.8,11.41,9.66,226,227,7.0,6.7,100.0,100.0,12.1,11.8,76.6,76.6,1012.4,1012.3,69.05,378.0,300.7,33.037,7.9088,635.8,41.2,1479.779, NAN, NAN, NAN, NAN,,2024/04/02 16:06:47.657,2024-04-02 16:06:47.657000+00:00
2024/04/02, 16:07:47.658,38.365,-73.224,11.34,231.74,231.09,11.78,8.8,8.8,1010.5,1010.2,6.8,6.0,11.52,9.76,229,231,6.9,6.4,100.0,100.0,11.8,11.3,78.5,78.6,1012.6,1012.3,74.88,378.3,324.91,33.0275,7.9225,561.7,41.2,1479.819, NAN, NAN, NAN, NAN,,2024/04/02 16:07:47.658,2024-04-02 16:07:47.658000+00:00
2024/04/02, 16:08:47.658,38.363,-73.227,11.39,228.17,232.13,11.69,8.8,8.8,1010.3,1010.2,5.6,6.1,11.62,9.86,231,231,6.9,6.0,100.0,100.0,11.8,11.0,77.4,75.6,1012.4,1012.3,73.23,378.28,325.08,33.0215,7.9439,578.4,41.1,1479.893, NAN, NAN, NAN, NAN,,2024/04/02 16:08:47.658,2024-04-02 16:08:47.658000+00:00
2024/04/02, 16:09:47.658,38.361,-73.23,11.42,230.77,234.29,11.69,8.8,8.8,1010.3,1010.1,6.4,5.9,11.73,9.96,234,233,6.3,5.3,100.0,100.0,11.2,10.3,80.4,77.6,1012.4,1012.2,74.96,377.98,329.07,33.0159,7.9599,574.5,41.3,1479.947, NAN, NAN, NAN, NAN,,2024/04/02 16:09:47.658,2024-04-02 16:09:47.658000+00:00
2024/04/02, 16:10:47.658,38.359,-73.234,11.34,231.53,233.13,11.64,8.8,8.8,1010.1,1010.1,4.1,4.4,11.8,10.03,234,234,7.9,7.8,100.0,100.0,12.6,12.5,83.9,83.7,1012.2,1012.2,75.38,378.73,331.39,33.0166,7.9746,617.2,41.2,1480.003, NAN, NAN, NAN, NAN,,2024/04/02 16:10:47.658,2024-04-02 16:10:47.658000+00:00
2024/04/02, 16:11:47.658,38.357,-73.237,11.25,230.95,235.52,11.77,8.8,8.8,1010.1,1010.0,1.4,1.3,11.82,10.05,239,236,7.6,8.7,100.0,100.0,12.1,13.3,85.4,85.6,1012.2,1012.1,67.85,379.16,305.68,33.0181,7.9848,601.1,41.3,1480.044, NAN, NAN, NAN, NAN,,2024/04/02 16:11:47.658,2024-04-02 16:11:47.658000+00:00
2024/04/02, 16:12:47.658,38.355,-73.24,11.38,231.89,232.85,11.73,8.8,8.8,1009.9,1009.9,0.5,0.3,11.83,10.05,234,233,7.8,8.3,100.0,100.0,12.4,12.9,83.3,83.5,1012.0,1012.0,54.57,379.9,265.07,33.0219,7.9909,600.1,41.4,1480.072, NAN, NAN, NAN, NAN,,2024/04/02 16:12:47.658,2024-04-02 16:12:47.658000+00:00
2024/04/02, 16:13:47.658,38.353,-73.244,11.39,231.46,234.39,11.98,8.8,8.8,1009.9,1009.8,0.0,0.0,11.83,10.05,234,235,8.0,7.8,100.0,100.0,12.7,12.5,83.0,83.2,1012.0,1011.9,45.2,380.34,233.16,33.0247,7.9981,591.2,41.4,1480.102, NAN, NAN, NAN, NAN,,2024/04/02 16:13:47.658,2024-04-02 16:13:47.658000+00:00
2024/04/02, 16:14:47.658,38.351,-73.247,11.2,229.79,232.13,11.65,8.8,8.8,1009.7,1009.7,0.0,0.0,11.83,10.05,237,231,8.0,9.7,100.0,100.0,12.5,14.4,84.1,82.9,1011.8,1011.8,44.55,380.23,223.31,33.0298,8.0085,573.6,41.4,1480.148, NAN, NAN, NAN, NAN,,2024/04/02 16:14:47.658,2024-04-02 16:14:47.658000+00:00
2024/04/02, 16:15:47.658,38.349,-73.25,11.28,227.39,228.7,11.77,8.8,8.8,1009.7,1009.7,0.0,0.0,11.83,10.05,241,238,9.2,9.8,100.0,100.0,13.4,14.1,85.5,84.5,1011.8,1011.8,46.85,380.3,227.51,33.0338,8.0351,594.4,41.4,1480.254, NAN, NAN, NAN, NAN,,2024/04/02 16:15:47.658,2024-04-02 16:15:47.658000+00:00
2024/04/02, 16:16:47.658,38.347,-73.253,11.29,226.67,231.29,11.56,8.7,8.8,1009.7,1009.6,0.0,0.0,11.83,10.05,243,237,9.8,10.0,100.0,100.0,13.9,14.4,88.2,84.6,1011.8,1011.7,55.31,380.68,253.32,33.0372,8.2517,595.5,41.4,1481.077, NAN, NAN, NAN, NAN,,2024/04/02 16:16:47.658,2024-04-02 16:16:47.658000+00:00
2024/04/02, 16:17:47.658,38.345,-73.257,11.41,228.91,230.03,11.68,8.7,8.8,1009.6,1009.5,0.0,0.0,11.83,10.05,242,232,9.1,12.0,100.0,100.0,13.1,16.4,87.2,84.3,1011.7,1011.6,66.52,380.82,287.4,33.0438,8.5655,567.5,41.1,1482.263, NAN, NAN, NAN, NAN,,2024/04/02 16:17:47.658,2024-04-02 16:17:47.658000+00:00
2024/04/02, 16:18:47.658,38.343,-73.26,11.43,228.12,232.24,11.67,8.8,8.8,1009.5,1009.5,0.0,0.0,11.83,10.05,239,235,8.4,9.3,100.0,100.0,12.8,13.9,84.7,83.6,1011.6,1011.6,74.91,380.67,315.5,33.0511,8.8196,559.3,41.3,1483.219, NAN, NAN, NAN, NAN,,2024/04/02 16:18:47.658,2024-04-02 16:18:47.658000+00:00
2024/04/02, 16:19:47.658,38.341,-73.263,11.34,226.57,230.25,11.41,8.8,8.8,1009.4,1009.4,0.0,0.0,11.83,10.05,239,235,7.9,7.5,100.0,100.0,12.3,12.1,82.8,79.8,1011.5,1011.5,85.95,380.85,349.01,33.0932,8.9377,566.5,41.2,1483.709, NAN, NAN, NAN, NAN,,2024/04/02 16:19:47.658,2024-04-02 16:19:47.658000+00:00
2024/04/02, 16:20:47.658,38.339,-73.266,11.31,227.7,228.57,11.69,8.8,8.8,1009.4,1009.3,0.0,0.0,11.83,10.05,239,240,9.3,8.6,100.0,100.0,13.5,12.8,84.8,84.2,1011.5,1011.4,109.83,381.5,411.07,33.1509,8.9714,626.0,41.1,1483.905, NAN, NAN, NAN, NAN,,2024/04/02 16:20:47.658,2024-04-02 16:20:47.658000+00:00
2024/04/02, 16:21:47.658,38.337,-73.269,11.31,228.19,234.16,11.72,8.8,8.8,1009.3,1009.3,0.0,0.0,11.83,10.05,240,242,9.0,8.8,100.0,100.0,13.4,13.1,86.4,87.3,1011.4,1011.4,113.15,381.43,439.2,33.1669,8.9336,685.9,41.3,1483.785, NAN, NAN, NAN, NAN,,2024/04/02 16:21:47.658,2024-04-02 16:21:47.658000+00:00
2024/04/02, 16:22:47.659,38.335,-73.272,11.29,227.84,230.28,11.72,8.8,8.8,1009.3,1009.2,0.0,0.0,11.83,10.05,239,238,8.3,7.8,100.0,100.0,12.7,12.3,83.7,82.1,1011.4,1011.3,108.11,381.47,436.73,33.1582,8.8914,683.6,41.2,1483.618, NAN, NAN, NAN, NAN,,2024/04/02 16:22:47.659,2024-04-02 16:22:47.659000+00:00
2024/04/02, 16:23:47.659,38.333,-73.276,11.37,227.4,229.73,11.57,8.8,8.9,1009.3,1009.0,0.0,0.0,11.83,10.05,234,230,9.0,10.6,100.0,100.0,13.6,15.4,82.0,81.4,1011.4,1011.1,120.7,381.82,467.09,33.1437,8.8584,671.5,41.3,1483.477, NAN, NAN, NAN, NAN,,2024/04/02 16:23:47.659,2024-04-02 16:23:47.659000+00:00
2024/04/02, 16:24:47.659,38.331,-73.279,11.37,227.89,227.93,11.88,8.9,8.9,1009.0,1008.9,0.0,0.0,11.83,10.05,243,243,9.6,10.7,100.0,100.0,13.6,14.6,87.4,89.1,1011.1,1011.0,112.19,382.33,448.69,33.1268,8.7972,654.0,41.3,1483.229, NAN, NAN, NAN, NAN,,2024/04/02 16:24:47.659,2024-04-02 16:24:47.659000+00:00
2024/04/02, 16:25:47.659,38.329,-73.282,11.27,226.64,227.0,11.58,8.9,9.0,1009.0,1008.9,0.0,0.0,11.83,10.05,241,241,9.6,11.3,100.0,100.0,13.6,15.1,85.2,87.7,1011.1,1011.0,95.34,382.47,397.15,33.1135,8.7296,634.5,41.4,1482.961, NAN, NAN, NAN, NAN,,2024/04/02 16:25:47.659,2024-04-02 16:25:47.659000+00:00
2024/04/02, 16:26:47.659,38.327,-73.285,11.47,228.94,233.34,12.06,8.9,9.0,1009.1,1008.9,0.0,0.0,11.83,10.05,242,238,9.2,10.4,100.0,100.0,13.5,14.9,87.9,87.1,1011.2,1011.0,95.66,382.36,390.53,33.1017,8.6937,642.2,41.6,1482.813, NAN, NAN, NAN, NAN,,2024/04/02 16:26:47.659,2024-04-02 16:26:47.659000+00:00
2024/04/02, 16:27:47.659,38.324,-73.288,11.43,226.38,227.28,11.67,9.0,9.0,1008.7,1008.7,0.0,0.0,11.83,10.05,244,241,9.7,10.2,100.0,100.0,13.6,14.3,87.6,86.4,1010.8,1010.8,91.0,382.27,378.92,33.0905,8.6788,665.4,41.4,1482.744, NAN, NAN, NAN, NAN,,2024/04/02 16:27:47.659,2024-04-02 16:27:47.659000+00:00
2024/04/02, 16:28:47.659,38.322,-73.291,11.39,228.51,228.09,11.47,9.0,9.0,1008.8,1008.7,0.0,0.0,11.83,10.05,242,242,10.6,11.3,100.0,100.0,14.4,15.1,89.5,90.5,1010.9,1010.8,105.8,382.65,416.37,33.0831,8.6782,685.9,41.3,1482.732, NAN, NAN, NAN, NAN,,2024/04/02 16:28:47.659,2024-04-02 16:28:47.659000+00:00
2024/04/02, 16:29:47.659,38.32,-73.295,11.35,227.79,228.69,11.36,9.0,9.0,1008.6,1008.6,0.0,0.0,11.83,10.05,244,245,10.5,10.2,100.0,100.0,14.1,13.8,90.2,90.5,1010.7,1010.7,101.16,382.54,412.25,33.0807,8.6769,726.7,41.4,1482.725, NAN, NAN, NAN, NAN,,2024/04/02 16:29:47.659,2024-04-02 16:29:47.659000+00:00
2024/04/02, 16:30:47.659,38.318,-73.298,11.35,227.37,229.5,11.6,9.0,9.0,1008.6,1008.6,0.0,0.0,11.83,10.05,237,234,9.4,10.8,100.0,100.0,13.7,15.2,83.2,83.1,1010.7,1010.7,104.9,382.46,419.68,33.0858,8.6361,759.2,41.4,1482.579, NAN, NAN, NAN, NAN,,2024/04/02 16:30:47.659,2024-04-02 16:30:47.659000+00:00
2024/04/02, 16:31:47.659,38.316,-73.301,11.39,228.61,226.56,11.75,9.0,9.0,1008.6,1008.5,0.0,0.0,11.83,10.05,239,238,9.9,11.6,100.0,100.0,14.0,15.7,86.1,87.7,1010.7,1010.6,97.93,382.49,401.38,33.0945,8.5318,768.0,41.4,1482.2, NAN, NAN, NAN, NAN,,2024/04/02 16:31:47.659,2024-04-02 16:31:47.659000+00:00
2024/04/02, 16:32:47.659,38.314,-73.304,11.46,228.13,230.63,11.57,9.0,9.0,1008.7,1008.6,0.0,0.0,11.83,10.05,242,242,9.7,12.4,100.0,100.0,13.6,16.2,87.8,91.5,1010.8,1010.7,94.64,382.25,388.95,33.1023,8.3287,788.8,41.4,1481.447, NAN, NAN, NAN, NAN,,2024/04/02 16:32:47.659,2024-04-02 16:32:47.659000+00:00
2024/04/02, 16:33:47.659,38.312,-73.307,11.37,227.39,229.13,11.68,9.0,9.0,1008.6,1008.5,0.2,0.0,11.84,10.05,244,240,10.6,13.4,100.0,100.0,14.4,17.3,89.6,90.1,1010.7,1010.6,95.13,382.62,385.62,33.1035,8.0662,794.4,41.4,1480.458, NAN, NAN, NAN, NAN,,2024/04/02 16:33:47.659,2024-04-02 16:33:47.659000+00:00
2024/04/02, 16:34:47.659,38.31,-73.31,11.13,227.38,225.94,11.62,9.0,9.0,1008.7,1008.6,0.0,0.0,11.84,10.05,248,244,10.6,11.3,100.0,100.0,13.9,14.8,91.7,89.9,1010.8,1010.7,105.71,383.07,415.17,33.0844,7.8773,807.5,41.2,1479.718, NAN, NAN, NAN, NAN,,2024/04/02 16:34:47.659,2024-04-02 16:34:47.659000+00:00
2024/04/02, 16:35:47.659,38.307,-73.313,11.08,228.88,223.85,11.68,9.0,9.0,1008.5,1008.3,0.0,0.0,11.84,10.05,244,241,10.8,12.9,100.0,100.0,14.2,16.3,89.7,90.4,1010.6,1010.4,113.99,383.42,452.77,33.0493,7.5438,782.8,41.3,1478.4, NAN, NAN, NAN, NAN,,2024/04/02 16:35:47.659,2024-04-02 16:35:47.659000+00:00
2024/04/02, 16:36:47.659,38.305,-73.316,11.16,227.56,223.1,11.51,9.0,9.0,1008.4,1008.3,0.2,0.1,11.84,10.06,237,235,11.2,11.5,100.0,100.0,15.1,15.5,84.6,83.6,1010.5,1010.4,132.17,383.48,505.91,33.0144,7.2516,715.2,41.2,1477.231, NAN, NAN, NAN, NAN,,2024/04/02 16:36:47.659,2024-04-02 16:36:47.659000+00:00
2024/04/02, 16:37:47.660,38.303,-73.319,11.29,227.82,223.12,11.59,8.9,9.0,1008.4,1008.3,0.3,0.3,11.85,10.06,248,243,12.2,13.1,100.0,100.0,15.2,16.4,93.9,91.3,1010.5,1010.4,135.37,383.42,516.02,32.9044,7.1041,667.0,41.1,1476.523, NAN, NAN, NAN, NAN,,2024/04/02 16:37:47.660,2024-04-02 16:37:47.660000+00:00
2024/04/02, 16:38:47.660,38.301,-73.322,11.45,227.16,226.42,11.76,8.9,9.0,1008.5,1008.3,0.0,0.0,11.85,10.06,243,239,10.8,12.1,100.0,100.0,14.5,16.0,88.3,87.2,1010.6,1010.4,117.02,383.53,465.1,32.6697,7.0277,508.1,41.1,1475.933, NAN, NAN, NAN, NAN,,2024/04/02 16:38:47.660,2024-04-02 16:38:47.660000+00:00
2024/04/02, 16:39:47.660,38.298,-73.325,11.45,229.97,229.02,11.69,8.9,8.9,1008.4,1008.3,0.0,0.0,11.85,10.06,246,247,10.5,13.7,100.0,100.0,13.9,16.7,92.1,97.3,1010.5,1010.4,112.47,383.54,446.12,32.4522,7.0096,397.6,41.0,1475.591, NAN, NAN, NAN, NAN,,2024/04/02 16:39:47.660,2024-04-02 16:39:47.660000+00:00
2024/04/02, 16:40:47.660,38.296,-73.328,11.31,226.45,224.33,11.63,8.9,8.9,1008.4,1008.4,0.0,0.0,11.85,10.06,245,242,10.4,11.1,100.0,100.0,13.9,14.8,88.2,87.2,1010.5,1010.5,110.2,383.62,433.25,32.3257,7.0143,353.2,41.0,1475.451, NAN, NAN, NAN, NAN,,2024/04/02 16:40:47.660,2024-04-02 16:40:47.660000+00:00
2024/04/02, 16:41:47.660,38.294,-73.331,11.44,228.87,225.6,11.64,8.9,8.9,1008.4,1008.4,0.0,0.0,11.85,10.06,247,244,10.5,12.7,100.0,100.0,13.8,16.0,91.8,92.8,1010.5,1010.5,91.81,383.81,385.71,32.2686,7.0307,336.8,40.9,1475.443, NAN, NAN, NAN, NAN,,2024/04/02 16:41:47.660,2024-04-02 16:41:47.660000+00:00
2024/04/02, 16:42:47.660,38.292,-73.334,11.21,230.12,230.88,11.32,8.9,9.0,1008.4,1008.3,0.0,0.0,11.85,10.06,246,242,10.3,11.1,100.0,100.0,13.7,14.7,93.0,91.4,1010.5,1010.4,86.5,383.62,366.73,32.2517,7.0419,317.9,40.7,1475.466, NAN, NAN, NAN, NAN,,2024/04/02 16:42:47.660,2024-04-02 16:42:47.660000+00:00
2024/04/02, 16:43:47.660,38.289,-73.336,11.37,226.91,229.55,11.6,8.9,8.9,1008.4,1008.3,0.0,0.0,11.85,10.06,248,249,11.3,13.5,100.0,100.0,14.7,16.7,93.0,96.6,1010.5,1010.4,85.51,383.86,363.09,32.2481,7.0514,309.2,41.0,1475.498, NAN, NAN, NAN, NAN,,2024/04/02 16:43:47.660,2024-04-02 16:43:47.660000+00:00
2024/04/02, 16:44:47.660,38.287,-73.339,11.37,226.55,229.31,11.7,9.0,9.0,1008.3,1008.3,0.0,0.0,11.85,10.06,245,236,9.3,10.1,100.0,100.0,13.2,14.5,87.6,83.0,1010.4,1010.4,78.93,383.87,344.24,32.2346,7.0613,309.2,40.9,1475.52, NAN, NAN, NAN, NAN,,2024/04/02 16:44:47.660,2024-04-02 16:44:47.660000+00:00
2024/04/02, 16:45:47.660,38.285,-73.342,11.2,228.44,228.02,11.5,9.0,9.0,1008.4,1008.4,0.0,0.0,11.85,10.06,251,250,11.0,12.5,100.0,100.0,14.1,15.5,96.0,97.4,1010.5,1010.5,83.56,384.21,354.34,32.2235,7.0711,314.2,41.5,1475.544, NAN, NAN, NAN, NAN,,2024/04/02 16:45:47.660,2024-04-02 16:45:47.660000+00:00
2024/04/02, 16:46:47.660,38.283,-73.346,11.21,229.2,230.0,11.42,9.0,9.0,1008.4,1008.4,0.0,0.0,11.85,10.06,249,245,11.3,13.0,100.0,100.0,14.6,16.4,96.3,95.5,1010.5,1010.5,90.33,384.01,373.41,32.2208,7.0816,307.8,40.7,1475.582, NAN, NAN, NAN, NAN,,2024/04/02 16:46:47.660,2024-04-02 16:46:47.660000+00:00
2024/04/02, 16:47:47.660,38.281,-73.349,11.34,227.9,227.86,11.84,9.0,9.0,1008.3,1008.1,0.0,0.0,11.85,10.06,249,246,9.8,11.0,100.0,100.0,13.2,14.5,91.2,91.2,1010.4,1010.2,84.86,384.05,364.12,32.211,7.1018,317.9,40.9,1475.648, NAN, NAN, NAN, NAN,,2024/04/02 16:47:47.660,2024-04-02 16:47:47.660000+00:00
2024/04/02, 16:48:47.660,38.279,-73.352,11.49,228.38,228.05,11.73,8.9,9.0,1008.3,1008.3,0.0,0.0,11.85,10.06,247,242,12.8,14.2,100.0,100.0,16.1,17.8,95.0,92.8,1010.4,1010.4,95.41,385.3,388.62,32.2051,7.1184,317.6,40.8,1475.705, NAN, NAN, NAN, NAN,,2024/04/02 16:48:47.660,2024-04-02 16:48:47.660000+00:00
2024/04/02, 16:49:47.660,38.276,-73.355,11.4,229.46,231.5,11.57,9.0,9.0,1008.3,1008.2,0.0,0.0,11.85,10.06,247,244,10.3,11.1,100.0,100.0,13.7,14.7,92.9,92.0,1010.4,1010.3,100.21,385.03,406.94,32.1998,7.1332,319.0,40.9,1475.756, NAN, NAN, NAN, NAN,,2024/04/02 16:49:47.660,2024-04-02 16:49:47.660000+00:00
2024/04/02, 16:50:47.660,38.274,-73.358,11.31,228.24,230.35,11.77,9.0,9.0,1008.3,1008.2,0.0,0.0,11.85,10.06,247,245,10.8,13.3,100.0,100.0,14.3,16.8,92.3,94.2,1010.4,1010.3,86.41,385.09,367.13,32.1941,7.1455,329.1,40.8,1475.797, NAN, NAN, NAN, NAN,,2024/04/02 16:50:47.660,2024-04-02 16:50:47.660000+00:00
2024/04/02, 16:51:47.660,38.272,-73.361,11.28,228.2,229.05,11.48,9.1,9.1,1008.3,1008.3,0.0,0.0,11.85,10.06,250,244,10.3,11.8,100.0,100.0,13.6,15.4,94.2,92.2,1010.4,1010.4,81.57,385.15,350.81,32.1875,7.16,335.2,40.7,1475.845, NAN, NAN, NAN, NAN,,2024/04/02 16:51:47.660,2024-04-02 16:51:47.660000+00:00
2024/04/02, 16:52:47.660,38.27,-73.364,11.21,228.14,228.15,11.25,9.1,9.1,1008.3,1008.3,0.0,0.0,11.85,10.06,249,245,10.1,12.2,100.0,100.0,13.4,15.6,93.6,93.8,1010.4,1010.4,78.15,385.14,339.43,32.1831,7.1678,346.5,40.8,1475.87, NAN, NAN, NAN, NAN,,2024/04/02 16:52:47.660,2024-04-02 16:52:47.660000+00:00
2024/04/02, 16:53:47.661,38.268,-73.367,11.21,227.88,230.04,11.71,9.1,9.1,1008.3,1008.1,0.0,0.0,11.85,10.06,247,247,10.1,11.5,100.0,100.0,13.8,15.1,91.6,93.7,1010.4,1010.2,79.73,385.14,342.55,32.1773,7.1702,352.9,40.8,1475.872, NAN, NAN, NAN, NAN,,2024/04/02 16:53:47.661,2024-04-02 16:53:47.661000+00:00
2024/04/02, 16:54:47.661,38.266,-73.37,11.3,228.16,228.15,11.63,9.1,9.1,1008.1,1008.0,0.0,0.0,11.85,10.06,250,249,10.2,11.1,100.0,100.0,13.4,14.3,93.4,94.2,1010.2,1010.1,84.12,385.76,353.86,32.1697,7.1697,372.4,40.7,1475.86, NAN, NAN, NAN, NAN,,2024/04/02 16:54:47.661,2024-04-02 16:54:47.661000+00:00
2024/04/02, 16:55:47.661,38.264,-73.373,11.27,229.88,234.6,11.6,9.1,9.1,1008.3,1008.1,0.0,0.0,11.85,10.06,252,245,9.7,11.1,100.0,100.0,13.1,14.9,96.7,94.1,1010.4,1010.2,79.78,385.71,338.92,32.1666,7.1593,373.6,40.9,1475.816, NAN, NAN, NAN, NAN,,2024/04/02 16:55:47.661,2024-04-02 16:55:47.661000+00:00
2024/04/02, 16:56:47.661,38.262,-73.376,11.28,225.89,229.1,11.73,9.1,9.1,1008.1,1008.0,0.0,0.0,11.85,10.06,251,247,10.0,11.4,100.0,100.0,13.4,15.0,92.1,91.5,1010.2,1010.1,74.03,385.62,324.21,32.1611,7.1296,371.5,40.7,1475.694, NAN, NAN, NAN, NAN,,2024/04/02 16:56:47.661,2024-04-02 16:56:47.661000+00:00
2024/04/02, 16:57:47.661,38.26,-73.379,11.19,228.2,231.6,11.65,9.1,9.1,1008.3,1008.2,0.0,0.0,11.85,10.06,252,243,9.1,10.4,100.0,100.0,12.6,14.4,93.8,90.1,1010.4,1010.3,80.52,385.6,338.32,32.1606,7.0858,373.6,40.9,1475.523, NAN, NAN, NAN, NAN,,2024/04/02 16:57:47.661,2024-04-02 16:57:47.661000+00:00
2024/04/02, 16:58:47.661,38.257,-73.383,11.31,227.81,229.07,11.67,9.1,9.1,1008.2,1008.1,0.0,0.0,11.85,10.06,251,251,10.0,11.2,100.0,100.0,13.5,14.6,94.4,96.4,1010.3,1010.2,88.38,386.04,360.18,32.1603,7.0695,373.9,40.8,1475.459, NAN, NAN, NAN, NAN,,2024/04/02 16:58:47.661,2024-04-02 16:58:47.661000+00:00
2024/04/02, 16:59:47.661,38.255,-73.386,11.2,226.3,226.96,11.4,9.1,9.1,1008.1,1008.0,0.0,0.0,11.85,10.06,250,244,9.1,10.6,100.0,100.0,12.6,14.4,90.8,89.3,1010.2,1010.1,89.15,385.51,363.57,32.1655,7.0749,354.4,40.8,1475.487, NAN, NAN, NAN, NAN,,2024/04/02 16:59:47.661,2024-04-02 16:59:47.661000+00:00
2024/04/02, 17:00:47.661,38.253,-73.389,11.2,227.99,231.56,11.67,9.1,9.1,1008.0,1008.0,0.0,0.0,11.85,10.06,253,251,9.2,9.8,100.0,100.0,12.5,13.2,94.0,93.9,1010.1,1010.1,89.17,385.92,376.02,32.1662,7.0925,337.6,40.9,1475.556, NAN, NAN, NAN, NAN,,2024/04/02 17:00:47.661,2024-04-02 17:00:47.661000+00:00
2024/04/02, 17:01:47.661,38.251,-73.392,11.3,229.67,233.64,11.61,9.1,9.1,1008.0,1008.0,0.0,0.0,11.85,10.06,251,245,9.3,10.7,100.0,100.0,12.7,14.4,94.8,93.1,1010.1,1010.1,106.93,386.13,430.52,32.179,7.1788,326.7,41.0,1475.907, NAN, NAN, NAN, NAN,,2024/04/02 17:01:47.661,2024-04-02 17:01:47.661000+00:00
2024/04/02, 17:02:47.661,38.25,-73.395,11.35,227.7,234.29,11.38,9.1,9.1,1008.0,1008.0,0.0,0.0,11.85,10.06,249,246,9.8,10.6,100.0,100.0,13.5,14.5,94.1,93.3,1010.1,1010.1,133.95,386.56,511.89,32.1928,7.2766,327.8,41.0,1476.304, NAN, NAN, NAN, NAN,,2024/04/02 17:02:47.661,2024-04-02 17:02:47.661000+00:00
2024/04/02, 17:03:47.661,38.248,-73.398,11.34,226.9,231.04,11.28,9.1,9.1,1008.0,1008.0,0.0,0.0,11.85,10.06,248,241,9.5,10.1,100.0,100.0,13.1,14.1,91.4,87.7,1010.1,1010.1,110.87,386.35,463.15,32.2075,7.2676,329.4,40.9,1476.287, NAN, NAN, NAN, NAN,,2024/04/02 17:03:47.661,2024-04-02 17:03:47.661000+00:00
2024/04/02, 17:04:47.661,38.246,-73.402,11.18,227.4,229.6,11.51,9.1,9.2,1007.8,1007.7,0.0,0.0,11.85,10.06,248,243,9.3,11.4,100.0,100.0,12.9,15.2,90.8,90.6,1009.9,1009.8,92.87,386.49,397.25,32.2494,7.2466,394.2,41.0,1476.258, NAN, NAN, NAN, NAN,,2024/04/02 17:04:47.661,2024-04-02 17:04:47.661000+00:00
2024/04/02, 17:05:47.661,38.244,-73.405,11.14,228.8,228.56,11.3,9.1,9.2,1007.8,1007.8,0.0,0.0,11.85,10.06,248,245,9.6,10.3,100.0,100.0,12.9,13.8,92.0,91.2,1009.9,1009.9,92.41,385.96,387.83,32.2859,7.2506,465.4,41.0,1476.319, NAN, NAN, NAN, NAN,,2024/04/02 17:05:47.661,2024-04-02 17:05:47.661000+00:00
2024/04/02, 17:06:47.661,38.242,-73.408,11.21,227.6,228.55,11.13,9.1,9.2,1007.7,1007.7,0.0,0.0,11.85,10.06,244,242,9.8,10.5,100.0,100.0,13.4,14.2,89.2,88.9,1009.8,1009.8,91.9,386.41,383.99,32.3107,7.2727,426.5,41.0,1476.435, NAN, NAN, NAN, NAN,,2024/04/02 17:06:47.661,2024-04-02 17:06:47.661000+00:00
2024/04/02, 17:07:47.661,38.239,-73.411,10.98,227.45,228.49,11.1,9.2,9.2,1007.8,1007.7,0.0,0.0,11.85,10.06,251,248,10.0,11.5,100.0,100.0,13.1,14.7,94.4,94.6,1009.9,1009.8,100.65,386.47,406.05,32.3338,7.2827,377.7,41.0,1476.503, NAN, NAN, NAN, NAN,,2024/04/02 17:07:47.661,2024-04-02 17:07:47.661000+00:00
2024/04/02, 17:08:47.662,38.237,-73.414,11.26,227.71,226.71,11.03,9.2,9.2,1007.7,1007.7,0.0,0.0,11.85,10.06,249,245,9.3,10.0,100.0,100.0,12.5,13.4,91.5,90.0,1009.8,1009.8,100.19,385.94,404.69,32.3663,7.287,364.1,41.0,1476.56, NAN, NAN, NAN, NAN,,2024/04/02 17:08:47.662,2024-04-02 17:08:47.662000+00:00
2024/04/02, 17:09:47.662,38.235,-73.416,11.2,227.76,226.34,11.13,9.2,9.2,1007.8,1007.6,0.0,0.0,11.85,10.06,253,246,9.3,9.7,100.0,100.0,12.2,13.1,94.1,90.1,1009.9,1009.7,76.53,385.64,320.19,32.3992,7.2858,364.8,41.0,1476.596, NAN, NAN, NAN, NAN,,2024/04/02 17:09:47.662,2024-04-02 17:09:47.662000+00:00
2024/04/02, 17:10:47.662,38.233,-73.419,11.17,228.51,227.11,11.15,9.2,9.2,1007.8,1007.7,0.0,0.0,11.85,10.06,251,243,9.1,10.5,100.0,100.0,12.2,14.0,92.9,89.9,1009.9,1009.8,55.48,385.38,254.95,32.4181,7.2599,357.2,41.0,1476.52, NAN, NAN, NAN, NAN,,2024/04/02 17:10:47.662,2024-04-02 17:10:47.662000+00:00
2024/04/02, 17:11:47.662,38.231,-73.422,11.26,227.48,227.34,10.78,9.2,9.2,1007.7,1007.5,0.0,0.0,11.85,10.06,249,246,10.1,10.6,100.0,100.0,13.2,13.8,93.3,92.0,1009.8,1009.6,50.57,385.85,235.28,32.4253,7.2145,347.5,41.1,1476.353, NAN, NAN, NAN, NAN,,2024/04/02 17:11:47.662,2024-04-02 17:11:47.662000+00:00
2024/04/02, 17:12:47.662,38.229,-73.425,11.14,227.05,226.41,11.06,9.1,9.2,1007.6,1007.6,0.0,0.0,11.85,10.06,252,244,8.9,10.5,100.0,100.0,11.9,13.9,91.7,89.2,1009.7,1009.7,45.36,385.75,218.86,32.4302,7.1842,345.2,41.0,1476.242, NAN, NAN, NAN, NAN,,2024/04/02 17:12:47.662,2024-04-02 17:12:47.662000+00:00
2024/04/02, 17:13:47.662,38.227,-73.428,10.88,225.65,225.46,11.09,9.1,9.2,1007.6,1007.5,0.0,0.0,11.85,10.06,252,247,9.3,9.9,100.0,100.0,12.4,13.3,91.8,89.5,1009.7,1009.6,47.33,386.06,228.23,32.4227,7.1566,345.9,40.9,1476.125, NAN, NAN, NAN, NAN,,2024/04/02 17:13:47.662,2024-04-02 17:13:47.662000+00:00
2024/04/02, 17:14:47.662,38.225,-73.431,11.15,229.36,230.53,10.9,9.2,9.2,1007.6,1007.5,0.0,0.0,11.85,10.06,250,244,9.2,9.7,100.0,100.0,12.4,13.2,94.3,91.1,1009.7,1009.6,67.95,386.82,312.89,32.4045,7.1401,348.0,40.9,1476.038, NAN, NAN, NAN, NAN,,2024/04/02 17:14:47.662,2024-04-02 17:14:47.662000+00:00
2024/04/02, 17:15:47.662,38.223,-73.434,11.12,229.49,229.74,11.02,9.2,9.2,1007.5,1007.5,0.0,0.0,11.85,10.06,250,244,9.2,10.4,100.0,100.0,12.4,13.9,94.0,92.0,1009.6,1009.6,113.3,386.86,455.01,32.393,7.1286,332.4,40.9,1475.979, NAN, NAN, NAN, NAN,,2024/04/02 17:15:47.662,2024-04-02 17:15:47.662000+00:00
2024/04/02, 17:16:47.662,38.221,-73.437,11.13,227.94,226.92,11.33,9.2,9.2,1007.4,1007.2,0.0,0.0,11.85,10.06,252,250,10.0,10.8,100.0,100.0,12.9,13.8,94.2,94.2,1009.5,1009.3,137.56,386.7,542.91,32.3909,7.1246,325.4,41.0,1475.961, NAN, NAN, NAN, NAN,,2024/04/02 17:16:47.662,2024-04-02 17:16:47.662000+00:00
2024/04/02, 17:17:47.662,38.219,-73.44,11.1,227.17,226.86,11.12,9.2,9.2,1007.3,1007.3,0.0,0.0,11.85,10.06,249,246,9.5,9.9,100.0,100.0,12.7,13.3,91.2,89.9,1009.4,1009.4,164.14,386.66,630.49,32.3857,7.1291,313.9,41.1,1475.972, NAN, NAN, NAN, NAN,,2024/04/02 17:17:47.662,2024-04-02 17:17:47.662000+00:00
2024/04/02, 17:18:47.662,38.217,-73.443,11.16,227.4,229.04,11.11,9.2,9.2,1007.3,1007.2,0.0,0.0,11.85,10.06,247,249,10.3,9.5,100.0,100.0,13.7,12.8,92.2,92.2,1009.4,1009.3,189.28,387.39,708.03,32.377,7.1373,305.2,41.0,1475.993, NAN, NAN, NAN, NAN,,2024/04/02 17:18:47.662,2024-04-02 17:18:47.662000+00:00
2024/04/02, 17:19:47.662,38.215,-73.446,11.17,228.34,231.35,11.23,9.2,9.2,1007.3,1007.2,0.0,0.0,11.85,10.06,246,242,8.3,8.2,100.0,100.0,12.0,12.2,88.9,86.2,1009.4,1009.3,209.56,387.38,764.0,32.3595,7.1406,307.2,40.9,1475.984, NAN, NAN, NAN, NAN,,2024/04/02 17:19:47.662,2024-04-02 17:19:47.662000+00:00
2024/04/02, 17:20:47.662,38.213,-73.449,11.23,227.08,228.67,11.24,9.2,9.3,1007.2,1007.2,0.0,0.0,11.85,10.06,244,239,9.4,9.6,100.0,100.0,13.1,13.6,88.2,85.2,1009.3,1009.3,178.87,387.38,691.91,32.3418,7.1493,303.8,41.0,1475.996, NAN, NAN, NAN, NAN,,2024/04/02 17:20:47.662,2024-04-02 17:20:47.662000+00:00
2024/04/02, 17:21:47.662,38.211,-73.452,11.18,228.28,228.09,11.53,9.3,9.3,1007.2,1007.2,0.0,0.0,11.85,10.06,248,241,8.8,9.3,100.0,100.0,12.4,13.3,90.0,86.4,1009.3,1009.3,161.33,387.52,636.27,32.3299,7.169,298.8,41.0,1476.057, NAN, NAN, NAN, NAN,,2024/04/02 17:21:47.662,2024-04-02 17:21:47.662000+00:00
2024/04/02, 17:22:47.662,38.209,-73.455,11.25,227.32,228.67,11.27,9.2,9.3,1007.3,1007.2,0.0,0.0,11.85,10.06,244,239,9.1,9.4,100.0,100.0,12.9,13.5,88.1,85.3,1009.4,1009.3,149.46,387.69,597.71,32.3217,7.2464,302.8,40.9,1476.347, NAN, NAN, NAN, NAN,,2024/04/02 17:22:47.662,2024-04-02 17:22:47.662000+00:00
2024/04/02, 17:23:47.662,38.207,-73.458,11.22,226.74,229.59,11.47,9.3,9.3,1007.3,1007.2,0.0,0.0,11.85,10.06,247,240,8.8,9.3,100.0,100.0,12.5,13.4,88.5,84.9,1009.4,1009.3,148.55,388.0,589.76,32.3219,7.3467,315.3,40.9,1476.736, NAN, NAN, NAN, NAN,,2024/04/02 17:23:47.662,2024-04-02 17:23:47.662000+00:00
2024/04/02, 17:24:47.663,38.204,-73.461,11.34,228.34,229.64,11.4,9.3,9.3,1007.2,1007.1,0.0,0.0,11.85,10.06,249,249,10.1,10.1,100.0,100.0,13.4,13.4,93.4,93.4,1009.3,1009.2,157.22,388.35,613.43,32.3263,7.4201,343.8,40.9,1477.024, NAN, NAN, NAN, NAN,,2024/04/02 17:24:47.663,2024-04-02 17:24:47.663000+00:00
2024/04/02, 17:25:47.663,38.202,-73.464,11.46,228.94,230.34,11.46,9.3,9.4,1007.0,1006.9,0.0,0.0,11.85,10.06,245,247,10.5,10.8,100.0,100.0,14.1,14.2,91.8,93.6,1009.1,1009.0,170.32,388.83,643.76,32.3465,7.4441,436.9,41.0,1477.142, NAN, NAN, NAN, NAN,,2024/04/02 17:25:47.663,2024-04-02 17:25:47.663000+00:00
2024/04/02, 17:26:47.663,38.2,-73.467,11.32,228.27,230.38,11.52,9.4,9.4,1006.9,1006.9,0.0,0.0,11.85,10.06,242,238,9.1,8.8,100.0,100.0,13.1,13.1,87.2,84.2,1009.0,1009.0,156.18,388.91,619.52,32.3751,7.434,480.3,41.1,1477.139, NAN, NAN, NAN, NAN,,2024/04/02 17:26:47.663,2024-04-02 17:26:47.663000+00:00
2024/04/02, 17:27:47.663,38.198,-73.47,11.16,227.38,230.42,11.6,9.4,9.4,1006.9,1006.8,0.0,0.0,11.85,10.06,247,247,10.1,9.7,100.0,100.0,13.7,13.4,91.2,90.5,1009.0,1008.9,147.61,388.42,597.69,32.4009,7.4062,497.7,41.0,1477.064, NAN, NAN, NAN, NAN,,2024/04/02 17:27:47.663,2024-04-02 17:27:47.663000+00:00
2024/04/02, 17:28:47.663,38.196,-73.473,11.14,228.31,230.14,10.95,9.4,9.4,1006.9,1006.8,0.0,0.0,11.85,10.06,243,242,9.6,9.5,100.0,100.0,13.2,13.2,89.4,88.6,1009.0,1008.9,138.27,389.17,576.04,32.425,7.3824,450.7,40.9,1477.002, NAN, NAN, NAN, NAN,,2024/04/02 17:28:47.663,2024-04-02 17:28:47.663000+00:00
2024/04/02, 17:29:47.663,38.194,-73.476,11.2,228.15,229.58,11.35,9.4,9.4,1006.9,1006.8,0.0,0.0,11.85,10.06,239,240,10.2,9.6,100.0,100.0,14.2,13.6,86.8,86.6,1009.0,1008.9,146.06,389.22,599.54,32.4452,7.3664,381.4,40.9,1476.965, NAN, NAN, NAN, NAN,,2024/04/02 17:29:47.663,2024-04-02 17:29:47.663000+00:00
2024/04/02, 17:30:47.663,38.192,-73.479,11.28,227.63,231.37,11.37,9.4,9.4,1006.8,1006.7,0.0,0.0,11.85,10.06,246,244,10.0,9.4,100.0,100.0,13.6,13.2,90.7,88.4,1008.9,1008.8,162.19,389.38,638.96,32.4542,7.3616,346.5,40.9,1476.958, NAN, NAN, NAN, NAN,,2024/04/02 17:30:47.663,2024-04-02 17:30:47.663000+00:00
2024/04/02, 17:31:47.663,38.19,-73.482,11.35,227.14,229.45,11.29,9.4,9.4,1006.9,1006.8,0.0,0.0,11.85,10.06,245,243,9.6,9.8,100.0,100.0,13.4,13.7,89.6,88.6,1009.0,1008.9,153.6,388.98,625.32,32.4577,7.3683,326.7,41.0,1476.988, NAN, NAN, NAN, NAN,,2024/04/02 17:31:47.663,2024-04-02 17:31:47.663000+00:00
2024/04/02, 17:32:47.663,38.188,-73.485,11.32,229.04,233.01,11.38,9.4,9.4,1006.8,1006.8,0.0,0.0,11.85,10.06,242,240,9.8,9.0,100.0,100.0,13.7,13.1,89.6,87.0,1008.9,1008.9,188.46,389.28,724.45,32.4605,7.3831,328.4,41.1,1477.049, NAN, NAN, NAN, NAN,,2024/04/02 17:32:47.663,2024-04-02 17:32:47.663000+00:00
2024/04/02, 17:33:47.663,38.186,-73.488,11.02,226.1,228.95,11.19,9.4,9.4,1006.7,1006.6,0.0,0.0,11.85,10.06,244,241,10.0,10.1,100.0,100.0,13.7,14.0,88.6,86.7,1008.8,1008.7,275.33,390.02,957.81,32.4629,7.4105,316.3,41.1,1477.157, NAN, NAN, NAN, NAN,,2024/04/02 17:33:47.663,2024-04-02 17:33:47.663000+00:00
2024/04/02, 17:34:47.663,38.184,-73.491,11.07,226.79,231.81,11.08,9.4,9.4,1006.6,1006.5,0.0,0.0,11.85,10.06,240,239,9.5,9.1,100.0,100.0,13.6,13.3,86.6,85.3,1008.7,1008.6,304.2,390.18,1075.15,32.4661,7.4373,311.3,40.9,1477.265, NAN, NAN, NAN, NAN,,2024/04/02 17:34:47.663,2024-04-02 17:34:47.663000+00:00
2024/04/02, 17:35:47.663,38.182,-73.494,11.19,228.06,230.69,11.29,9.4,9.4,1006.6,1006.6,0.0,0.0,11.85,10.06,242,241,9.6,9.5,100.0,100.0,13.5,13.5,88.4,87.6,1008.7,1008.7,289.33,390.23,1054.29,32.4746,7.4591,310.2,41.0,1477.359, NAN, NAN, NAN, NAN,,2024/04/02 17:35:47.663,2024-04-02 17:35:47.663000+00:00
2024/04/02, 17:36:47.663,38.18,-73.497,11.22,227.06,227.21,11.29,9.4,9.4,1006.5,1006.4,0.0,0.0,11.85,10.06,242,243,9.8,9.1,100.0,100.0,13.6,12.9,87.4,86.9,1008.6,1008.5,273.82,390.02,1028.01,32.486,7.4597,295.5,41.0,1477.376, NAN, NAN, NAN, NAN,,2024/04/02 17:36:47.663,2024-04-02 17:36:47.663000+00:00
2024/04/02, 17:37:47.663,38.178,-73.5,11.12,227.29,228.18,11.21,9.5,9.4,1006.3,1006.3,0.0,0.0,11.85,10.06,246,243,9.0,9.0,100.0,100.0,12.6,12.8,89.1,87.1,1008.4,1008.4,285.91,390.6,1052.85,32.4978,7.4348,277.9,40.8,1477.295, NAN, NAN, NAN, NAN,,2024/04/02 17:37:47.663,2024-04-02 17:37:47.663000+00:00
2024/04/02, 17:38:47.663,38.176,-73.504,11.22,227.65,228.34,11.35,9.5,9.5,1006.4,1006.5,0.0,0.0,11.85,10.06,240,238,9.4,9.4,100.0,100.0,13.4,13.5,85.6,84.3,1008.5,1008.6,287.52,391.06,1056.27,32.5022,7.4045,276.6,41.0,1477.183, NAN, NAN, NAN, NAN,,2024/04/02 17:38:47.663,2024-04-02 17:38:47.663000+00:00
2024/04/02, 17:39:47.664,38.174,-73.507,11.28,226.76,232.56,11.33,9.5,9.5,1006.4,1006.3,0.0,0.0,11.85,10.06,242,241,9.1,9.0,100.0,100.0,13.1,13.1,86.6,85.8,1008.5,1008.4,278.95,390.43,1022.93,32.5018,7.3729,278.2,40.9,1477.061, NAN, NAN, NAN, NAN,,2024/04/02 17:39:47.664,2024-04-02 17:39:47.664000+00:00
2024/04/02, 17:40:47.664,38.172,-73.51,11.33,228.86,234.83,11.26,9.5,9.5,1006.4,1006.3,0.0,0.0,11.85,10.06,242,239,9.7,9.5,100.0,100.0,13.6,13.6,89.4,87.1,1008.5,1008.4,275.85,390.6,1018.84,32.494,7.3345,275.3,40.5,1476.903, NAN, NAN, NAN, NAN,,2024/04/02 17:40:47.664,2024-04-02 17:40:47.664000+00:00
2024/04/02, 17:41:47.664,38.17,-73.513,11.35,229.0,230.63,11.17,9.5,9.5,1006.3,1006.3,0.0,0.0,11.85,10.06,243,237,8.4,8.5,100.0,100.0,12.2,12.7,87.6,84.0,1008.4,1008.4,289.56,390.57,1051.75,32.4842,7.3002,279.0,40.6,1476.758, NAN, NAN, NAN, NAN,,2024/04/02 17:41:47.664,2024-04-02 17:41:47.664000+00:00
2024/04/02, 17:42:47.664,38.168,-73.516,11.14,226.92,228.67,11.27,9.5,9.5,1006.3,1006.2,0.0,0.0,11.85,10.06,242,238,8.8,9.3,100.0,100.0,12.7,13.4,85.5,83.7,1008.4,1008.3,287.53,390.87,1056.37,32.4753,7.2824,277.6,40.8,1476.678, NAN, NAN, NAN, NAN,,2024/04/02 17:42:47.664,2024-04-02 17:42:47.664000+00:00
2024/04/02, 17:43:47.664,38.166,-73.519,11.3,228.38,227.52,11.15,9.5,9.5,1006.2,1006.3,0.0,0.0,11.85,10.06,240,240,10.1,9.3,100.0,100.0,13.9,13.2,87.5,86.3,1008.3,1008.4,339.28,391.23,1173.68,32.466,7.2732,284.6,40.7,1476.631, NAN, NAN, NAN, NAN,,2024/04/02 17:43:47.664,2024-04-02 17:43:47.664000+00:00
2024/04/02, 17:44:47.664,38.164,-73.522,11.2,227.28,228.81,10.99,9.5,9.5,1006.3,1006.2,0.0,0.0,11.85,10.06,243,238,8.9,9.2,100.0,100.0,12.7,13.3,87.5,84.8,1008.4,1008.3,317.93,391.28,1106.25,32.4509,7.2857,279.3,40.8,1476.661, NAN, NAN, NAN, NAN,,2024/04/02 17:44:47.664,2024-04-02 17:44:47.664000+00:00
2024/04/02, 17:45:47.664,38.162,-73.525,11.13,228.12,229.37,10.95,9.5,9.5,1006.3,1006.1,0.0,0.0,11.85,10.06,243,242,9.2,9.2,100.0,100.0,12.8,12.9,88.3,87.6,1008.4,1008.2,273.02,390.91,985.5,32.4227,7.3049,276.9,40.7,1476.7, NAN, NAN, NAN, NAN,,2024/04/02 17:45:47.664,2024-04-02 17:45:47.664000+00:00
2024/04/02, 17:46:47.664,38.16,-73.528,11.19,227.73,228.37,11.17,9.5,9.5,1006.2,1006.2,0.0,0.0,11.85,10.06,245,238,8.4,8.8,100.0,100.0,12.0,12.8,87.0,83.4,1008.3,1008.3,247.18,391.04,906.37,32.4279,7.3157,278.2,40.7,1476.748, NAN, NAN, NAN, NAN,,2024/04/02 17:46:47.664,2024-04-02 17:46:47.664000+00:00
2024/04/02, 17:47:47.664,38.158,-73.531,11.33,228.39,232.37,11.1,9.5,9.5,1006.3,1006.2,0.0,0.0,11.85,10.06,246,239,8.7,9.8,100.0,100.0,12.4,13.8,90.0,87.3,1008.4,1008.3,207.14,390.9,800.58,32.4235,7.3073,279.0,40.7,1476.71, NAN, NAN, NAN, NAN,,2024/04/02 17:47:47.664,2024-04-02 17:47:47.664000+00:00
2024/04/02, 17:48:47.664,38.156,-73.534,11.32,226.89,229.28,11.06,9.5,9.5,1006.3,1006.2,0.0,0.0,11.85,10.06,246,239,9.1,9.4,100.0,100.0,12.7,13.4,89.3,85.2,1008.4,1008.3,216.54,390.83,825.48,32.418,7.296,278.4,40.7,1476.659, NAN, NAN, NAN, NAN,,2024/04/02 17:48:47.664,2024-04-02 17:48:47.664000+00:00
2024/04/02, 17:49:47.664,38.154,-73.537,11.37,228.51,229.94,10.92,9.6,9.5,1006.3,1006.2,0.0,0.0,11.85,10.06,245,237,8.4,9.3,100.0,100.0,12.0,13.3,88.7,85.1,1008.4,1008.3,273.09,391.51,985.73,32.4131,7.2934,282.4,40.6,1476.643, NAN, NAN, NAN, NAN,,2024/04/02 17:49:47.664,2024-04-02 17:49:47.664000+00:00
2024/04/02, 17:50:47.664,38.152,-73.539,11.26,227.61,229.14,10.86,9.6,9.5,1006.1,1006.1,0.0,0.0,11.85,10.06,244,240,8.8,8.9,100.0,100.0,12.5,12.8,88.6,86.2,1008.2,1008.2,269.84,391.69,987.91,32.409,7.2916,291.8,40.6,1476.631, NAN, NAN, NAN, NAN,,2024/04/02 17:50:47.664,2024-04-02 17:50:47.664000+00:00
2024/04/02, 17:51:47.664,38.15,-73.542,11.16,227.89,231.1,10.95,9.5,9.5,1006.0,1005.9,0.0,0.0,11.85,10.06,244,237,8.7,9.3,100.0,100.0,12.3,13.3,88.0,84.5,1008.1,1008.0,241.34,391.21,906.91,32.4068,7.2915,296.8,40.5,1476.628, NAN, NAN, NAN, NAN,,2024/04/02 17:51:47.664,2024-04-02 17:51:47.664000+00:00
2024/04/02, 17:52:47.664,38.148,-73.545,11.11,228.1,228.82,10.78,9.5,9.5,1005.9,1005.9,0.0,0.0,11.85,10.06,240,237,8.5,8.4,100.0,100.0,12.3,12.4,85.2,83.1,1008.0,1008.0,260.14,391.73,958.71,32.4055,7.2923,311.3,40.6,1476.629, NAN, NAN, NAN, NAN,,2024/04/02 17:52:47.664,2024-04-02 17:52:47.664000+00:00
2024/04/02, 17:53:47.664,38.146,-73.548,11.3,227.72,230.52,10.95,9.5,9.5,1005.9,1005.9,0.0,0.0,11.85,10.06,239,238,8.7,8.1,100.0,100.0,12.8,12.3,85.4,83.8,1008.0,1008.0,239.89,391.56,887.28,32.4041,7.2943,314.5,40.6,1476.635, NAN, NAN, NAN, NAN,,2024/04/02 17:53:47.664,2024-04-02 17:53:47.664000+00:00
2024/04/02, 17:54:47.665,38.145,-73.551,11.31,227.6,227.97,10.79,9.5,9.5,1005.8,1005.8,0.0,0.0,11.85,10.06,243,242,9.7,10.2,100.0,100.0,13.3,13.9,89.4,89.5,1007.9,1007.9,255.26,391.99,924.01,32.4018,7.293,319.6,40.6,1476.628, NAN, NAN, NAN, NAN,,2024/04/02 17:54:47.665,2024-04-02 17:54:47.665000+00:00
2024/04/02, 17:55:47.665,38.143,-73.554,11.22,227.82,230.92,10.46,9.5,9.6,1005.9,1005.8,0.0,0.0,11.85,10.06,242,236,8.8,9.1,100.0,100.0,12.4,13.0,88.0,84.5,1008.0,1007.9,251.18,391.78,920.7,32.3989,7.2848,331.5,40.5,1476.592, NAN, NAN, NAN, NAN,,2024/04/02 17:55:47.665,2024-04-02 17:55:47.665000+00:00
2024/04/02, 17:56:47.665,38.141,-73.557,11.18,228.61,233.88,10.43,9.5,9.5,1005.6,1005.6,0.0,0.0,11.85,10.06,240,239,9.4,9.2,100.0,100.0,13.1,13.0,88.7,87.8,1007.7,1007.7,214.36,391.54,817.13,32.3955,7.2814,329.7,40.7,1476.575, NAN, NAN, NAN, NAN,,2024/04/02 17:56:47.665,2024-04-02 17:56:47.665000+00:00
2024/04/02, 17:57:47.665,38.139,-73.56,11.01,227.5,232.14,10.74,9.6,9.6,1005.8,1005.7,0.0,0.0,11.85,10.06,241,237,9.0,9.4,100.0,100.0,12.9,13.5,87.8,85.8,1007.9,1007.8,256.6,391.97,912.18,32.392,7.2733,335.5,40.5,1476.539, NAN, NAN, NAN, NAN,,2024/04/02 17:57:47.665,2024-04-02 17:57:47.665000+00:00
2024/04/02, 17:58:47.665,38.137,-73.563,11.37,226.9,233.94,10.54,9.6,9.6,1005.6,1005.5,0.0,0.0,11.85,10.06,242,237,9.2,9.7,100.0,100.0,13.0,13.8,88.8,86.2,1007.7,1007.6,201.26,391.69,793.96,32.3845,7.2722,328.1,40.6,1476.526, NAN, NAN, NAN, NAN,,2024/04/02 17:58:47.665,2024-04-02 17:58:47.665000+00:00
2024/04/02, 17:59:47.665,38.135,-73.566,11.24,227.9,229.89,10.91,9.6,9.6,1005.5,1005.5,0.0,0.0,11.85,10.06,243,239,8.9,9.2,100.0,100.0,12.7,13.2,88.3,86.2,1007.6,1007.6,279.51,392.64,1005.41,32.3802,7.2792,332.4,41.0,1476.547, NAN, NAN, NAN, NAN,,2024/04/02 17:59:47.665,2024-04-02 17:59:47.665000+00:00
2024/04/02, 18:00:47.665,38.133,-73.569,11.18,228.17,231.99,10.61,9.6,9.6,1005.4,1005.4,0.0,0.0,11.85,10.06,240,238,8.8,8.7,100.0,100.0,12.7,12.7,87.1,85.7,1007.5,1007.5,258.36,392.19,987.25,32.3785,7.2886,332.1,40.7,1476.581, NAN, NAN, NAN, NAN,,2024/04/02 18:00:47.665,2024-04-02 18:00:47.665000+00:00
2024/04/02, 18:01:47.665,38.132,-73.572,10.93,229.32,234.97,10.67,9.6,9.6,1005.3,1005.2,0.0,0.0,11.85,10.06,240,236,8.8,9.4,100.0,100.0,12.7,13.5,88.2,86.5,1007.4,1007.3,283.02,393.12,1059.71,32.3786,7.2939,325.7,40.9,1476.602, NAN, NAN, NAN, NAN,,2024/04/02 18:01:47.665,2024-04-02 18:01:47.665000+00:00
2024/04/02, 18:02:47.665,38.13,-73.574,10.94,227.41,230.05,10.67,9.6,9.6,1005.3,1005.2,0.0,0.0,11.85,10.06,242,241,9.8,9.5,100.0,100.0,13.4,13.2,88.8,87.6,1007.4,1007.3,286.48,392.4,1064.55,32.3795,7.3008,343.2,40.8,1476.63, NAN, NAN, NAN, NAN,,2024/04/02 18:02:47.665,2024-04-02 18:02:47.665000+00:00
2024/04/02, 18:03:47.665,38.128,-73.577,10.98,228.41,228.1,10.68,9.6,9.6,1005.3,1005.2,0.0,0.0,11.85,10.06,245,240,8.4,9.1,100.0,100.0,11.9,12.8,89.0,87.0,1007.4,1007.3,284.21,392.11,1032.54,32.3781,7.307,320.0,40.9,1476.652, NAN, NAN, NAN, NAN,,2024/04/02 18:03:47.665,2024-04-02 18:03:47.665000+00:00
2024/04/02, 18:04:47.665,38.126,-73.58,10.92,228.85,233.7,10.61,9.6,9.6,1005.3,1005.1,0.0,0.0,11.85,10.06,243,236,7.9,8.7,100.0,100.0,11.6,12.7,87.6,84.6,1007.4,1007.2,287.65,392.64,1048.78,32.3751,7.3086,335.5,40.9,1476.655, NAN, NAN, NAN, NAN,,2024/04/02 18:04:47.665,2024-04-02 18:04:47.665000+00:00
2024/04/02, 18:05:47.665,38.124,-73.583,10.96,227.23,229.71,10.44,9.6,9.6,1005.2,1005.1,0.0,0.0,11.85,10.06,240,233,8.7,10.0,100.0,100.0,12.5,14.1,86.0,83.2,1007.3,1007.2,303.03,392.27,1099.89,32.3721,7.3153,320.9,40.7,1476.677, NAN, NAN, NAN, NAN,,2024/04/02 18:05:47.665,2024-04-02 18:05:47.665000+00:00
2024/04/02, 18:06:47.665,38.122,-73.586,10.9,227.51,230.15,10.55,9.6,9.6,1005.2,1005.1,0.0,0.0,11.85,10.06,244,237,8.5,9.9,100.0,100.0,12.1,13.8,88.2,85.8,1007.3,1007.2,341.96,392.83,1197.07,32.377,7.3419,318.0,40.8,1476.786, NAN, NAN, NAN, NAN,,2024/04/02 18:06:47.665,2024-04-02 18:06:47.665000+00:00
2024/04/02, 18:07:47.665,38.12,-73.589,11.09,228.31,229.43,10.67,9.6,9.6,1005.3,1005.2,0.0,0.0,11.85,10.06,243,239,8.2,8.1,100.0,100.0,11.8,11.9,87.1,84.4,1007.4,1007.3,223.54,391.83,897.11,32.3861,7.3698,321.1,40.9,1476.905, NAN, NAN, NAN, NAN,,2024/04/02 18:07:47.665,2024-04-02 18:07:47.665000+00:00
2024/04/02, 18:08:47.665,38.119,-73.592,10.94,229.09,227.79,10.82,9.6,9.6,1005.1,1005.1,0.0,0.0,11.85,10.06,247,240,8.4,9.0,100.0,100.0,11.7,12.7,89.9,86.5,1007.2,1007.2,224.91,391.17,862.66,32.4042,7.4006,312.6,40.7,1477.046, NAN, NAN, NAN, NAN,,2024/04/02 18:08:47.665,2024-04-02 18:08:47.665000+00:00
2024/04/02, 18:09:47.665,38.117,-73.594,10.94,227.26,228.0,10.73,9.6,9.7,1005.2,1005.2,0.0,0.0,11.85,10.06,244,241,8.4,8.7,100.0,100.0,12.0,12.5,87.3,85.9,1007.3,1007.3,288.85,390.91,1044.85,32.4312,7.4322,320.9,40.9,1477.202, NAN, NAN, NAN, NAN,,2024/04/02 18:09:47.665,2024-04-02 18:09:47.665000+00:00
2024/04/02, 18:10:47.665,38.115,-73.597,11.0,226.93,232.0,10.68,9.6,9.7,1005.1,1005.1,0.0,0.0,11.85,10.06,245,242,9.0,9.2,100.0,100.0,12.6,13.0,89.5,87.9,1007.2,1007.2,309.94,391.13,1112.98,32.4553,7.4764,334.5,40.9,1477.402, NAN, NAN, NAN, NAN,,2024/04/02 18:10:47.665,2024-04-02 18:10:47.665000+00:00
2024/04/02, 18:11:47.666,38.113,-73.6,10.71,225.86,225.99,10.43,9.6,9.7,1005.2,1005.2,0.0,0.0,11.85,10.06,244,244,8.0,8.3,100.0,100.0,11.5,11.8,85.4,86.0,1007.3,1007.3,363.91,391.11,1297.19,32.4761,7.5254,331.5,40.8,1477.616, NAN, NAN, NAN, NAN,,2024/04/02 18:11:47.666,2024-04-02 18:11:47.666000+00:00
2024/04/02, 18:12:47.666,38.111,-73.603,10.88,230.66,232.91,10.81,9.6,9.7,1005.2,1005.1,0.0,0.0,11.85,10.06,246,241,8.0,8.4,100.0,100.0,11.5,12.1,90.5,88.2,1007.3,1007.2,272.14,391.09,1068.62,32.4947,7.5692,338.2,40.9,1477.808, NAN, NAN, NAN, NAN,,2024/04/02 18:12:47.666,2024-04-02 18:12:47.666000+00:00
2024/04/02, 18:13:47.666,38.109,-73.606,10.91,228.29,233.05,10.62,9.7,9.7,1005.1,1004.9,0.0,0.0,11.85,10.06,248,243,9.0,9.4,100.0,100.0,12.3,13.0,92.3,89.6,1007.2,1007.0,251.59,390.57,970.18,32.5129,7.6024,329.7,40.8,1477.958, NAN, NAN, NAN, NAN,,2024/04/02 18:13:47.666,2024-04-02 18:13:47.666000+00:00
2024/04/02, 18:14:47.666,38.107,-73.609,11.08,227.93,229.53,10.65,9.7,9.7,1005.1,1004.9,0.0,0.0,11.85,10.06,249,242,8.5,9.6,100.0,100.0,11.8,13.2,91.6,89.0,1007.2,1007.0,342.07,390.88,1257.69,32.5398,7.6361,340.4,40.8,1478.12, NAN, NAN, NAN, NAN,,2024/04/02 18:14:47.666,2024-04-02 18:14:47.666000+00:00
2024/04/02, 18:15:47.666,38.105,-73.612,11.06,227.37,229.88,10.7,9.6,9.7,1004.9,1004.8,0.0,0.0,11.85,10.06,250,244,8.7,9.7,100.0,100.0,12.0,13.3,92.3,90.1,1007.0,1006.9,397.98,391.56,1439.29,32.5579,7.669,344.1,40.9,1478.269, NAN, NAN, NAN, NAN,,2024/04/02 18:15:47.666,2024-04-02 18:15:47.666000+00:00
2024/04/02, 18:16:47.666,38.103,-73.615,11.05,227.0,231.31,10.66,9.6,9.7,1004.9,1004.7,0.0,0.0,11.85,10.06,249,243,8.6,9.2,100.0,100.0,12.0,12.9,91.3,88.5,1007.0,1006.8,350.49,390.36,1299.63,32.5722,7.711,349.6,41.0,1478.447, NAN, NAN, NAN, NAN,,2024/04/02 18:16:47.666,2024-04-02 18:16:47.666000+00:00
2024/04/02, 18:17:47.666,38.101,-73.618,11.07,227.99,233.21,10.99,9.6,9.7,1004.8,1004.8,0.0,0.0,11.85,10.06,248,243,9.1,9.7,100.0,100.0,12.7,13.6,92.6,90.3,1006.9,1006.9,325.18,390.04,1132.29,32.585,7.7646,350.7,41.0,1478.668, NAN, NAN, NAN, NAN,,2024/04/02 18:17:47.666,2024-04-02 18:17:47.666000+00:00
2024/04/02, 18:18:47.666,38.099,-73.62,11.01,225.98,227.18,10.59,9.6,9.7,1004.7,1004.6,0.0,0.0,11.85,10.06,246,238,8.6,9.2,100.0,100.0,12.0,13.0,87.8,83.6,1006.8,1006.7,226.73,390.29,851.26,32.5981,7.8128,361.7,40.7,1478.869, NAN, NAN, NAN, NAN,,2024/04/02 18:18:47.666,2024-04-02 18:18:47.666000+00:00
2024/04/02, 18:19:47.666,38.097,-73.623,11.07,228.21,231.07,10.72,9.7,9.7,1004.8,1004.8,0.0,0.0,11.85,10.06,250,242,8.7,9.4,100.0,100.0,12.0,13.1,93.2,89.1,1006.9,1006.9,223.31,391.1,827.95,32.6149,7.8702,355.6,40.6,1479.108, NAN, NAN, NAN, NAN,,2024/04/02 18:19:47.666,2024-04-02 18:19:47.666000+00:00
2024/04/02, 18:20:47.666,38.095,-73.626,11.22,227.26,232.53,11.03,9.7,9.7,1004.7,1004.7,0.0,0.0,11.85,10.06,252,241,8.6,9.9,100.0,100.0,12.0,13.9,93.5,88.5,1006.8,1006.8,225.77,391.18,831.17,32.6348,7.9199,356.3,41.1,1479.322, NAN, NAN, NAN, NAN,,2024/04/02 18:20:47.666,2024-04-02 18:20:47.666000+00:00
2024/04/02, 18:21:47.666,38.094,-73.629,11.15,226.36,227.03,10.86,9.7,9.7,1004.8,1004.8,0.0,0.0,11.85,10.06,250,245,8.3,8.8,100.0,100.0,11.6,12.3,89.7,87.5,1006.9,1006.9,224.91,393.13,838.02,32.653,7.9611,359.6,41.0,1479.501, NAN, NAN, NAN, NAN,,2024/04/02 18:21:47.666,2024-04-02 18:21:47.666000+00:00
2024/04/02, 18:22:47.666,38.092,-73.632,10.96,227.17,229.7,10.61,9.8,9.8,1004.6,1004.6,0.0,0.0,11.85,10.06,249,245,8.7,9.1,100.0,100.0,12.0,12.6,91.5,89.6,1006.7,1006.7,228.96,393.43,865.56,32.6742,8.0042,356.3,41.0,1479.691, NAN, NAN, NAN, NAN,,2024/04/02 18:22:47.666,2024-04-02 18:22:47.666000+00:00
2024/04/02, 18:23:47.666,38.09,-73.635,11.11,228.72,232.89,11.02,9.8,9.8,1004.7,1004.5,0.0,0.0,11.85,10.06,249,245,9.3,9.7,100.0,100.0,12.7,13.4,93.8,91.8,1006.8,1006.6,244.75,393.87,906.45,32.6915,8.0339,368.4,41.0,1479.826, NAN, NAN, NAN, NAN,,2024/04/02 18:23:47.666,2024-04-02 18:23:47.666000+00:00
2024/04/02, 18:24:47.666,38.088,-73.638,11.17,227.03,229.42,11.22,9.9,9.9,1004.5,1004.3,0.0,0.0,11.85,10.06,248,241,9.1,9.9,100.0,100.0,12.7,13.9,90.9,87.5,1006.6,1006.4,254.26,393.3,934.07,32.7069,8.0518,376.8,41.1,1479.912, NAN, NAN, NAN, NAN,,2024/04/02 18:24:47.666,2024-04-02 18:24:47.666000+00:00
2024/04/02, 18:25:47.667,38.086,-73.641,11.17,228.51,227.65,11.31,9.9,9.9,1004.4,1004.4,0.0,0.0,11.85,10.06,250,243,8.4,9.3,100.0,100.0,11.8,13.1,91.0,88.3,1006.5,1006.5,254.59,393.43,933.89,32.7199,8.0666,393.6,41.2,1479.985, NAN, NAN, NAN, NAN,,2024/04/02 18:25:47.667,2024-04-02 18:25:47.667000+00:00
2024/04/02, 18:26:47.667,38.084,-73.644,11.29,230.03,234.75,11.07,9.9,9.9,1004.5,1004.4,0.0,0.0,11.85,10.06,252,246,9.3,10.0,100.0,100.0,12.6,13.6,97.2,94.3,1006.6,1006.5,253.15,394.81,929.15,32.731,8.0699,402.2,41.1,1480.011, NAN, NAN, NAN, NAN,,2024/04/02 18:26:47.667,2024-04-02 18:26:47.667000+00:00
2024/04/02, 18:27:47.667,38.082,-73.647,11.08,228.21,234.99,11.0,10.0,10.0,1004.3,1004.3,0.0,0.0,11.85,10.06,250,250,10.0,10.0,100.0,100.0,13.4,13.4,95.9,95.9,1006.4,1006.4,235.39,394.83,889.65,32.7424,8.0686,397.2,41.2,1480.02, NAN, NAN, NAN, NAN,,2024/04/02 18:27:47.667,2024-04-02 18:27:47.667000+00:00
2024/04/02, 18:28:47.667,38.08,-73.65,11.03,226.91,228.21,10.77,10.0,10.0,1004.3,1004.3,0.0,0.0,11.85,10.06,251,249,10.0,9.6,100.0,100.0,13.0,12.8,94.4,92.3,1006.4,1006.4,249.5,395.11,932.99,32.7559,8.0655,390.0,41.2,1480.025, NAN, NAN, NAN, NAN,,2024/04/02 18:28:47.667,2024-04-02 18:28:47.667000+00:00
2024/04/02, 18:29:47.667,38.078,-73.653,11.16,228.21,226.63,11.03,10.0,10.1,1004.2,1004.3,0.0,0.0,11.85,10.06,251,252,10.3,10.1,100.0,100.0,13.3,13.1,95.6,95.9,1006.3,1006.4,282.21,395.57,1014.82,32.7681,8.0575,368.4,41.2,1480.01, NAN, NAN, NAN, NAN,,2024/04/02 18:29:47.667,2024-04-02 18:29:47.667000+00:00
2024/04/02, 18:30:47.667,38.076,-73.656,11.04,228.6,232.84,10.87,10.0,10.0,1004.3,1004.2,0.0,0.0,11.85,10.06,250,246,9.6,9.7,100.0,100.0,13.0,13.3,95.5,93.0,1006.4,1006.3,273.82,396.24,1029.27,32.7754,8.0525,368.1,41.2,1480.0, NAN, NAN, NAN, NAN,,2024/04/02 18:30:47.667,2024-04-02 18:30:47.667000+00:00
2024/04/02, 18:31:47.667,38.074,-73.659,11.18,226.92,228.65,11.05,10.0,10.1,1004.1,1004.1,0.0,0.0,11.85,10.06,252,253,10.1,9.9,100.0,100.0,13.2,13.0,95.3,95.7,1006.2,1006.2,375.22,396.3,1299.22,32.7804,8.0537,359.6,41.2,1480.011, NAN, NAN, NAN, NAN,,2024/04/02 18:31:47.667,2024-04-02 18:31:47.667000+00:00
2024/04/02, 18:32:47.667,38.072,-73.662,11.08,227.63,232.18,10.73,10.0,10.1,1004.3,1004.2,0.0,0.0,11.85,10.06,253,246,9.2,9.6,100.0,100.0,12.2,13.1,95.6,91.6,1006.4,1006.3,412.43,396.87,1471.21,32.7849,8.0541,347.5,41.3,1480.018, NAN, NAN, NAN, NAN,,2024/04/02 18:32:47.667,2024-04-02 18:32:47.667000+00:00
2024/04/02, 18:33:47.667,38.07,-73.665,11.12,228.35,233.49,10.87,10.1,10.1,1004.3,1004.1,0.0,0.0,11.85,10.06,251,245,9.1,9.5,100.0,100.0,12.4,13.1,94.8,91.5,1006.4,1006.2,456.48,397.86,1609.8,32.7888,8.0578,355.3,41.1,1480.037, NAN, NAN, NAN, NAN,,2024/04/02 18:33:47.667,2024-04-02 18:33:47.667000+00:00
2024/04/02, 18:34:47.667,38.069,-73.668,11.12,227.24,227.81,10.97,10.1,10.1,1004.1,1004.1,0.0,0.0,11.85,10.06,245,244,9.8,9.7,100.0,100.0,13.4,13.4,90.4,89.6,1006.2,1006.2,501.23,397.17,1728.71,32.7935,8.072,355.3,41.2,1480.096, NAN, NAN, NAN, NAN,,2024/04/02 18:34:47.667,2024-04-02 18:34:47.667000+00:00
2024/04/02, 18:35:47.667,38.067,-73.671,11.11,227.31,228.28,10.69,10.1,10.1,1004.1,1003.9,0.0,0.0,11.85,10.06,249,243,8.7,9.3,100.0,100.0,12.0,12.9,91.4,88.5,1006.2,1006.0,470.02,396.29,1668.27,32.7984,8.0888,345.6,41.2,1480.166, NAN, NAN, NAN, NAN,,2024/04/02 18:35:47.667,2024-04-02 18:35:47.667000+00:00
2024/04/02, 18:36:47.667,38.065,-73.674,9.46,227.09,234.08,8.62,10.1,10.1,1004.1,1003.9,0.0,0.0,11.85,10.06,243,240,9.2,9.3,100.0,100.0,12.2,12.5,92.6,90.6,1006.2,1006.0,473.04,395.87,1686.42,32.802,8.1195,335.2,41.4,1480.287, NAN, NAN, NAN, NAN,,2024/04/02 18:36:47.667,2024-04-02 18:36:47.667000+00:00
2024/04/02, 18:37:47.667,38.064,-73.676,7.32,222.87,227.77,6.66,10.1,10.1,1003.9,1003.8,0.0,0.0,11.85,10.06,240,240,9.9,9.8,100.0,100.0,12.3,12.2,90.1,90.0,1006.0,1005.9,475.56,394.2,1693.99,32.798,8.1396,335.5,41.3,1480.358, NAN, NAN, NAN, NAN,,2024/04/02 18:37:47.667,2024-04-02 18:37:47.667000+00:00
2024/04/02, 18:38:47.667,38.063,-73.677,4.58,193.18,197.48,3.91,10.1,10.1,1003.9,1003.8,0.0,0.0,11.85,10.06,256,255,12.1,12.5,100.0,100.0,12.9,13.3,80.7,80.0,1006.0,1005.9,507.67,394.04,1763.61,32.8056,8.1455,348.6,41.2,1480.389, NAN, NAN, NAN, NAN,,2024/04/02 18:38:47.667,2024-04-02 18:38:47.667000+00:00
2024/04/02, 18:39:47.667,38.062,-73.678,2.41,171.63,197.85,2.16,10.1,10.2,1003.9,1003.7,0.0,0.0,11.85,10.06,278,281,12.4,13.0,100.0,100.0,12.9,13.4,85.1,88.2,1006.0,1005.8,564.06,391.21,1859.09,32.8038,8.1534,383.8,40.9,1480.417, NAN, NAN, NAN, NAN,,2024/04/02 18:39:47.667,2024-04-02 18:39:47.667000+00:00
2024/04/02, 18:40:47.667,38.062,-73.678,0.51,130.82,239.42,0.7,10.1,10.2,1003.9,1003.8,0.0,0.0,11.85,10.06,318,315,11.2,13.7,100.0,100.0,11.5,14.0,87.7,85.0,1006.0,1005.9,500.27,386.49,1697.44,32.8031,8.1624,359.6,41.2,1480.45, NAN, NAN, NAN, NAN,,2024/04/02 18:40:47.667,2024-04-02 18:40:47.667000+00:00
2024/04/02, 18:41:47.668,38.061,-73.678,0.06,111.84,189.99,0.63,10.2,10.2,1004.1,1003.7,0.0,0.0,11.85,10.06,333,328,12.5,14.8,100.0,100.0,12.8,15.1,84.0,79.2,1006.2,1005.8,592.97,380.52,1876.55,32.8021,8.1736,422.7,40.8,1480.491, NAN, NAN, NAN, NAN,,2024/04/02 18:41:47.668,2024-04-02 18:41:47.668000+00:00
2024/04/02, 18:42:47.668,38.061,-73.678,-0.11,72.51,264.01,0.42,10.2,10.2,1003.7,1003.5,0.0,0.0,11.85,10.06,12,6,12.0,11.8,100.0,100.0,12.2,12.0,84.8,78.9,1005.8,1005.6,606.69,371.19,1933.87,32.7957,8.1804,354.0,40.9,1480.509, NAN, NAN, NAN, NAN,,2024/04/02 18:42:47.668,2024-04-02 18:42:47.668000+00:00
2024/04/02, 18:43:47.668,38.062,-73.678,0.2,66.2,343.66,0.9,10.2,10.2,1003.5,1003.5,0.0,0.0,11.85,10.06,27,22,12.9,12.4,100.0,100.0,13.1,12.6,95.0,90.1,1005.6,1005.6,611.6,362.66,1992.54,32.7893,8.1785,350.5,40.9,1480.494, NAN, NAN, NAN, NAN,,2024/04/02 18:43:47.668,2024-04-02 18:43:47.668000+00:00
2024/04/02, 18:44:47.668,38.062,-73.679,0.04,70.62,340.17,1.03,10.2,10.2,1003.7,1003.5,0.0,0.0,11.85,10.06,26,21,13.0,12.3,100.0,100.0,13.3,12.6,98.4,93.6,1005.8,1005.6,747.21,355.1,2207.48,32.7939,8.1739,332.1,41.2,1480.482, NAN, NAN, NAN, NAN,,2024/04/02 18:44:47.668,2024-04-02 18:44:47.668000+00:00
2024/04/02, 18:45:47.668,38.062,-73.679,0.02,78.21,13.12,0.28,10.2,10.2,1003.5,1003.5,0.0,0.0,11.85,10.06,24,18,13.0,12.1,100.0,100.0,13.0,12.1,102.8,96.9,1005.6,1005.6,509.25,349.56,1865.41,32.7912,8.1714,360.3,41.3,1480.47, NAN, NAN, NAN, NAN,,2024/04/02 18:45:47.668,2024-04-02 18:45:47.668000+00:00
2024/04/02, 18:46:47.668,38.062,-73.679,0.34,82.74,97.94,0.27,10.2,10.2,1003.7,1003.7,0.0,0.0,11.85,10.06,15,11,11.9,11.1,100.0,100.0,11.8,11.0,97.7,93.6,1005.8,1005.8,776.68,351.84,2214.02,32.7911,8.171,363.6,41.2,1480.468, NAN, NAN, NAN, NAN,,2024/04/02 18:46:47.668,2024-04-02 18:46:47.668000+00:00
2024/04/02, 18:47:47.668,38.062,-73.679,0.13,81.91,55.82,0.11,10.2,10.2,1003.7,1003.6,0.0,0.0,11.85,10.06,18,13,11.3,10.7,100.0,100.0,11.3,10.7,100.1,95.1,1005.8,1005.7,818.61,360.87,2301.65,32.7918,8.1735,390.5,41.0,1480.478, NAN, NAN, NAN, NAN,,2024/04/02 18:47:47.668,2024-04-02 18:47:47.668000+00:00
2024/04/02, 18:48:47.668,38.062,-73.679,-0.17,85.62,1.07,0.14,10.1,10.1,1003.5,1003.7,0.0,0.0,11.85,10.06,12,7,12.1,11.5,100.0,100.0,12.2,11.6,97.6,92.6,1005.6,1005.8,657.12,379.74,2077.12,32.7912,8.1807,440.0,41.3,1480.505, NAN, NAN, NAN, NAN,,2024/04/02 18:48:47.668,2024-04-02 18:48:47.668000+00:00
2024/04/02, 18:49:47.668,38.062,-73.679,-0.1,85.83,252.28,0.1,10.1,10.2,1003.5,1003.4,0.0,0.0,11.85,10.06,9,3,13.5,12.9,100.0,100.0,13.5,12.9,94.7,88.7,1005.6,1005.5,556.22,388.22,1808.23,32.7919,8.1877,455.6,41.1,1480.532, NAN, NAN, NAN, NAN,,2024/04/02 18:49:47.668,2024-04-02 18:49:47.668000+00:00
2024/04/02, 18:50:47.668,38.062,-73.679,0.03,85.68,272.02,0.25,10.2,10.2,1003.5,1003.4,0.0,0.0,11.85,10.06,10,3,13.3,12.6,100.0,100.0,13.4,12.7,95.7,88.8,1005.6,1005.5,567.14,386.0,1918.54,32.79,8.1882,456.4,41.3,1480.532, NAN, NAN, NAN, NAN,,2024/04/02 18:50:47.668,2024-04-02 18:50:47.668000+00:00
2024/04/02, 18:51:47.668,38.062,-73.679,-0.22,87.12,310.28,0.1,10.2,10.3,1003.5,1003.4,0.0,0.0,11.85,10.06,8,3,13.0,13.0,100.0,100.0,13.0,13.0,95.3,90.3,1005.6,1005.5,398.48,371.56,1469.63,32.7868,8.1863,424.8,41.1,1480.52, NAN, NAN, NAN, NAN,,2024/04/02 18:51:47.668,2024-04-02 18:51:47.668000+00:00
2024/04/02, 18:52:47.668,38.062,-73.679,-0.18,84.3,242.71,0.26,10.2,10.3,1003.4,1003.4,0.0,0.0,11.85,10.06,14,8,12.9,12.5,100.0,100.0,12.8,12.5,97.8,91.7,1005.5,1005.5,662.22,369.66,2003.33,32.7895,8.1859,389.4,41.2,1480.522, NAN, NAN, NAN, NAN,,2024/04/02 18:52:47.668,2024-04-02 18:52:47.668000+00:00
2024/04/02, 18:53:47.668,38.062,-73.679,-0.17,85.35,116.03,0.35,10.2,10.2,1003.5,1003.5,0.0,0.0,11.85,10.06,10,4,10.6,10.4,100.0,100.0,10.4,10.2,95.4,89.3,1005.6,1005.6,484.25,380.33,1623.52,32.7899,8.1863,365.7,40.8,1480.524, NAN, NAN, NAN, NAN,,2024/04/02 18:53:47.668,2024-04-02 18:53:47.668000+00:00
2024/04/02, 18:54:47.668,38.062,-73.679,-0.12,84.6,297.9,0.21,10.2,10.2,1003.4,1003.1,0.0,0.0,11.85,10.06,13,8,10.7,10.4,100.0,100.0,10.8,10.5,97.4,92.5,1005.5,1005.2,462.23,384.58,1645.35,32.7874,8.1844,325.7,41.0,1480.514, NAN, NAN, NAN, NAN,,2024/04/02 18:54:47.668,2024-04-02 18:54:47.668000+00:00
2024/04/02, 18:55:47.668,38.062,-73.679,-0.09,85.03,329.41,0.33,10.2,10.2,1003.4,1003.4,0.0,0.0,11.85,10.06,11,6,13.5,12.8,100.0,100.0,13.4,12.7,96.7,91.7,1005.5,1005.5,389.96,385.13,1402.49,32.7859,8.1852,339.8,41.1,1480.515, NAN, NAN, NAN, NAN,,2024/04/02 18:55:47.668,2024-04-02 18:55:47.668000+00:00
2024/04/02, 18:56:47.669,38.062,-73.679,-0.16,85.46,156.63,0.19,10.2,10.2,1003.2,1003.1,0.0,0.0,11.85,10.06,12,6,13.2,12.0,100.0,100.0,13.1,11.9,97.2,91.1,1005.3,1005.2,360.65,377.99,1283.28,32.785,8.1823,325.7,41.1,1480.503, NAN, NAN, NAN, NAN,,2024/04/02 18:56:47.669,2024-04-02 18:56:47.669000+00:00
2024/04/02, 18:57:47.669,38.062,-73.679,-0.14,85.94,256.25,0.17,10.2,10.2,1003.0,1003.2,0.0,0.0,11.85,10.06,12,6,14.5,13.6,100.0,100.0,14.6,13.7,97.9,91.9,1005.1,1005.3,426.76,366.8,1444.47,32.7839,8.1821,342.8,41.2,1480.501, NAN, NAN, NAN, NAN,,2024/04/02 18:57:47.669,2024-04-02 18:57:47.669000+00:00
2024/04/02, 18:58:47.669,38.062,-73.679,-0.21,84.94,300.97,0.24,10.3,10.3,1003.2,1003.1,0.0,0.0,11.85,10.06,11,5,12.0,10.9,100.0,100.0,12.1,11.0,96.3,90.3,1005.3,1005.2,476.66,364.07,1609.94,32.7866,8.181,342.8,41.1,1480.5, NAN, NAN, NAN, NAN,,2024/04/02 18:58:47.669,2024-04-02 18:58:47.669000+00:00
2024/04/02, 18:59:47.669,38.062,-73.679,0.08,84.63,223.95,0.16,10.2,10.2,1003.1,1003.0,0.0,0.0,11.85,10.06,10,4,12.9,12.1,100.0,100.0,12.9,12.1,94.3,88.2,1005.2,1005.1,491.29,362.21,1681.81,32.7821,8.18,343.8,41.2,1480.491, NAN, NAN, NAN, NAN,,2024/04/02 18:59:47.669,2024-04-02 18:59:47.669000+00:00
2024/04/02, 19:00:47.669,38.062,-73.679,-0.08,86.64,214.06,0.1,10.2,10.2,1003.1,1003.3,0.0,0.0,11.85,10.06,12,6,12.3,11.9,100.0,100.0,12.3,11.9,98.5,92.5,1005.2,1005.4,596.64,361.97,1834.64,32.7811,8.1782,340.8,41.2,1480.483, NAN, NAN, NAN, NAN,,2024/04/02 19:00:47.669,2024-04-02 19:00:47.669000+00:00
2024/04/02, 19:01:47.669,38.062,-73.679,0.13,87.19,290.95,0.3,10.2,10.2,1003.2,1003.3,0.0,0.0,11.85,10.06,9,3,11.3,11.1,100.0,100.0,11.4,11.2,96.5,90.6,1005.3,1005.4,863.7,362.51,2525.48,32.7772,8.1799,335.5,40.8,1480.484, NAN, NAN, NAN, NAN,,2024/04/02 19:01:47.669,2024-04-02 19:01:47.669000+00:00
2024/04/02, 19:02:47.669,38.062,-73.679,0.01,84.76,161.67,0.25,10.2,10.2,1003.5,1003.4,0.0,0.0,11.85,10.06,13,7,13.9,13.2,100.0,100.0,13.8,13.1,97.4,91.4,1005.6,1005.5,837.58,361.37,2496.09,32.7772,8.1839,318.0,40.8,1480.5, NAN, NAN, NAN, NAN,,2024/04/02 19:02:47.669,2024-04-02 19:02:47.669000+00:00
2024/04/02, 19:03:47.669,38.062,-73.679,-0.24,85.1,246.38,0.42,10.2,10.2,1003.2,1003.3,0.0,0.0,11.85,10.06,13,9,11.4,11.5,100.0,100.0,11.6,11.7,97.5,93.6,1005.3,1005.4,684.75,358.41,2082.35,32.778,8.1847,296.8,41.1,1480.504, NAN, NAN, NAN, NAN,,2024/04/02 19:03:47.669,2024-04-02 19:03:47.669000+00:00
2024/04/02, 19:04:47.669,38.062,-73.679,0.24,91.21,124.57,0.37,10.2,10.3,1003.4,1003.3,0.0,0.0,11.85,10.06,3,358,11.4,11.5,100.0,100.0,11.2,11.3,94.6,89.5,1005.5,1005.4,604.78,358.23,2005.15,32.7751,8.1874,310.8,40.8,1480.51, NAN, NAN, NAN, NAN,,2024/04/02 19:04:47.669,2024-04-02 19:04:47.669000+00:00
2024/04/02, 19:05:47.669,38.062,-73.679,-0.19,91.72,294.32,0.23,10.2,10.2,1003.3,1003.3,0.0,0.0,11.85,10.06,7,1,11.3,11.2,100.0,100.0,11.4,11.3,99.1,93.1,1005.4,1005.4,538.76,359.28,2065.11,32.7748,8.1871,303.8,41.2,1480.509, NAN, NAN, NAN, NAN,,2024/04/02 19:05:47.669,2024-04-02 19:05:47.669000+00:00
2024/04/02, 19:06:47.669,38.062,-73.679,-0.25,92.18,185.27,0.45,10.2,10.2,1003.4,1003.5,0.0,0.0,11.85,10.06,3,357,11.3,11.1,100.0,100.0,11.4,11.3,94.2,88.3,1005.5,1005.6,452.93,362.36,1555.43,32.7732,8.1845,290.0,41.1,1480.497, NAN, NAN, NAN, NAN,,2024/04/02 19:06:47.669,2024-04-02 19:06:47.669000+00:00
2024/04/02, 19:07:47.669,38.062,-73.679,-0.05,92.75,290.36,0.1,10.2,10.2,1003.5,1003.3,0.0,0.0,11.85,10.06,3,358,10.1,10.3,100.0,100.0,10.2,10.4,95.8,90.8,1005.6,1005.4,360.82,363.74,1292.09,32.7689,8.1823,263.8,41.0,1480.483, NAN, NAN, NAN, NAN,,2024/04/02 19:07:47.669,2024-04-02 19:07:47.669000+00:00
2024/04/02, 19:08:47.669,38.062,-73.679,-0.04,90.03,348.5,0.19,10.2,10.2,1003.1,1003.1,0.0,0.0,11.85,10.06,5,359,12.0,11.9,100.0,100.0,12.0,11.9,95.5,89.5,1005.2,1005.2,326.95,364.9,1189.81,32.7694,8.1805,275.0,41.0,1480.477, NAN, NAN, NAN, NAN,,2024/04/02 19:08:47.669,2024-04-02 19:08:47.669000+00:00
2024/04/02, 19:09:47.669,38.062,-73.679,0.11,86.61,144.17,0.31,10.2,10.2,1003.2,1003.3,0.0,0.0,11.85,10.06,10,4,11.5,11.4,100.0,100.0,11.4,11.3,96.2,90.1,1005.3,1005.4,341.81,367.13,1213.97,32.7719,8.1778,269.2,41.4,1480.47, NAN, NAN, NAN, NAN,,2024/04/02 19:09:47.669,2024-04-02 19:09:47.669000+00:00
2024/04/02, 19:10:47.669,38.062,-73.679,-0.07,89.78,171.51,0.13,10.2,10.2,1003.0,1003.2,0.0,0.0,11.85,10.06,9,3,12.4,11.8,100.0,100.0,12.4,11.8,98.5,92.5,1005.1,1005.3,308.88,369.44,1121.44,32.7714,8.1779,254.4,41.5,1480.47, NAN, NAN, NAN, NAN,,2024/04/02 19:10:47.669,2024-04-02 19:10:47.669000+00:00
2024/04/02, 19:11:47.670,38.062,-73.679,0.01,96.73,343.59,0.15,10.2,10.2,1002.9,1003.0,0.0,0.0,11.85,10.06,359,354,11.2,11.2,100.0,100.0,11.2,11.2,96.1,91.1,1005.0,1005.1,295.54,370.96,1073.7,32.7738,8.1764,263.2,41.2,1480.467, NAN, NAN, NAN, NAN,,2024/04/02 19:11:47.670,2024-04-02 19:11:47.670000+00:00
2024/04/02, 19:12:47.670,38.062,-73.679,-0.01,102.28,329.08,0.44,10.2,10.2,1002.9,1003.0,0.0,0.0,11.85,10.06,359,353,11.6,11.6,100.0,100.0,11.7,11.7,102.3,96.3,1005.0,1005.1,291.46,372.52,1061.56,32.7705,8.1743,276.3,41.1,1480.455, NAN, NAN, NAN, NAN,,2024/04/02 19:12:47.670,2024-04-02 19:12:47.670000+00:00
2024/04/02, 19:13:47.670,38.062,-73.679,0.37,105.79,297.97,0.18,10.2,10.2,1003.0,1003.0,0.0,0.0,11.85,10.06,358,351,12.4,12.1,100.0,100.0,12.5,12.2,104.0,97.0,1005.1,1005.1,294.19,373.46,1062.93,32.7679,8.1715,279.6,41.2,1480.441, NAN, NAN, NAN, NAN,,2024/04/02 19:13:47.670,2024-04-02 19:13:47.670000+00:00
2024/04/02, 19:14:47.670,38.062,-73.679,0.28,109.18,346.06,0.16,10.2,10.2,1003.0,1002.9,0.0,0.0,11.85,10.06,350,344,10.7,11.2,100.0,100.0,10.7,11.3,98.8,92.9,1005.1,1005.0,285.77,373.67,1036.98,32.7674,8.1695,266.5,41.3,1480.433, NAN, NAN, NAN, NAN,,2024/04/02 19:14:47.670,2024-04-02 19:14:47.670000+00:00
2024/04/02, 19:15:47.670,38.062,-73.679,-0.01,109.79,246.65,0.54,10.2,10.2,1003.1,1002.9,0.0,0.0,11.85,10.06,350,344,10.7,10.7,100.0,100.0,11.0,11.0,99.5,93.6,1005.2,1005.0,266.19,374.45,990.73,32.7692,8.1691,260.8,41.5,1480.434, NAN, NAN, NAN, NAN,,2024/04/02 19:15:47.670,2024-04-02 19:15:47.670000+00:00
2024/04/02, 19:16:47.670,38.062,-73.679,-0.05,133.34,271.75,0.43,10.2,10.2,1003.0,1002.9,0.0,0.0,11.85,10.06,346,341,10.4,10.6,100.0,100.0,10.6,10.8,118.6,113.7,1005.1,1005.0,249.55,374.44,961.56,32.7694,8.1688,282.4,41.3,1480.433, NAN, NAN, NAN, NAN,,2024/04/02 19:16:47.670,2024-04-02 19:16:47.670000+00:00
2024/04/02, 19:17:47.670,38.062,-73.679,0.49,189.94,278.12,0.95,10.2,10.2,1002.9,1003.1,0.0,0.0,11.85,10.06,277,281,10.2,11.0,100.0,100.0,10.6,11.4,105.9,109.8,1005.0,1005.2,245.02,375.16,964.68,32.7686,8.1682,284.0,41.3,1480.43, NAN, NAN, NAN, NAN,,2024/04/02 19:17:47.670,2024-04-02 19:17:47.670000+00:00
2024/04/02, 19:18:47.670,38.062,-73.679,1.66,197.1,188.43,2.23,10.2,10.2,1003.4,1003.1,0.0,0.0,11.85,10.06,269,274,11.0,10.9,100.0,100.0,11.3,11.1,100.4,105.2,1005.5,1005.2,256.86,375.11,1005.8,32.7689,8.1666,304.4,40.9,1480.424, NAN, NAN, NAN, NAN,,2024/04/02 19:18:47.670,2024-04-02 19:18:47.670000+00:00
2024/04/02, 19:19:47.670,38.061,-73.68,5.0,199.83,204.38,5.07,10.1,10.2,1003.2,1003.1,0.0,0.0,11.85,10.06,269,272,11.0,11.0,100.0,100.0,11.6,11.5,96.0,98.8,1005.3,1005.2,295.62,375.6,1120.72,32.7626,8.1624,285.7,41.0,1480.4, NAN, NAN, NAN, NAN,,2024/04/02 19:19:47.670,2024-04-02 19:19:47.670000+00:00
2024/04/02, 19:20:47.670,38.059,-73.681,8.1,206.57,212.68,7.71,10.2,10.2,1003.3,1003.3,0.0,0.0,11.85,10.06,269,274,10.7,10.7,100.0,100.0,11.8,11.5,96.1,100.4,1005.4,1005.4,358.07,375.56,1321.56,32.7682,8.1538,293.4,41.4,1480.375, NAN, NAN, NAN, NAN,,2024/04/02 19:20:47.670,2024-04-02 19:20:47.670000+00:00
2024/04/02, 19:21:47.670,38.057,-73.683,9.92,211.37,216.88,9.18,10.2,10.2,1003.4,1003.3,0.0,0.0,11.85,10.06,272,280,10.0,10.4,100.0,100.0,11.2,10.9,98.4,105.9,1005.5,1005.4,476.71,375.35,1628.66,32.7647,8.1402,321.7,41.6,1480.319, NAN, NAN, NAN, NAN,,2024/04/02 19:21:47.670,2024-04-02 19:21:47.670000+00:00
2024/04/02, 19:22:47.670,38.055,-73.685,10.5,212.08,205.2,10.02,10.2,10.2,1003.5,1003.3,0.0,0.0,11.85,10.06,272,273,10.3,10.8,100.0,100.0,11.1,11.5,96.6,98.6,1005.6,1005.4,370.36,372.66,1309.02,32.7602,8.1274,327.6,41.6,1480.265, NAN, NAN, NAN, NAN,,2024/04/02 19:22:47.670,2024-04-02 19:22:47.670000+00:00
2024/04/02, 19:23:47.670,38.053,-73.686,10.36,210.81,208.79,10.18,10.2,10.2,1003.5,1003.4,0.0,0.0,11.85,10.06,276,280,10.1,10.8,100.0,100.0,10.9,11.1,98.2,103.3,1005.6,1005.5,324.74,372.1,1202.41,32.7608,8.1162,328.4,41.6,1480.223, NAN, NAN, NAN, NAN,,2024/04/02 19:23:47.670,2024-04-02 19:23:47.670000+00:00
2024/04/02, 19:24:47.670,38.05,-73.688,10.68,209.88,213.34,10.27,10.2,10.2,1003.7,1003.4,0.0,0.0,11.85,10.06,277,283,10.1,10.9,100.0,100.0,11.1,11.3,98.5,105.4,1005.8,1005.5,298.06,371.82,1105.49,32.7588,8.1137,316.3,41.4,1480.211, NAN, NAN, NAN, NAN,,2024/04/02 19:24:47.670,2024-04-02 19:24:47.670000+00:00
2024/04/02, 19:25:47.670,38.048,-73.69,10.66,211.43,216.6,10.04,10.2,10.2,1003.5,1003.1,0.0,0.0,11.85,10.06,277,281,10.1,11.0,100.0,100.0,11.2,11.7,101.0,106.3,1005.6,1005.2,287.83,372.42,1067.31,32.7533,8.1107,310.5,41.6,1480.193, NAN, NAN, NAN, NAN,,2024/04/02 19:25:47.670,2024-04-02 19:25:47.670000+00:00
2024/04/02, 19:26:47.670,38.045,-73.692,10.78,211.14,211.23,10.29,10.2,10.2,1003.5,1003.4,0.0,0.0,11.85,10.06,279,285,10.1,11.3,100.0,100.0,10.6,11.1,100.6,108.9,1005.6,1005.5,283.84,373.19,1063.36,32.7486,8.1,310.8,41.9,1480.147, NAN, NAN, NAN, NAN,,2024/04/02 19:26:47.670,2024-04-02 19:26:47.670000+00:00
2024/04/02, 19:27:47.671,38.043,-73.694,10.77,211.35,214.45,10.42,10.2,10.2,1003.5,1003.5,0.0,0.0,11.85,10.06,280,286,10.1,11.5,100.0,100.0,10.7,11.4,101.8,110.3,1005.6,1005.6,294.06,372.87,1104.23,32.7446,8.0883,298.2,42.1,1480.097, NAN, NAN, NAN, NAN,,2024/04/02 19:27:47.671,2024-04-02 19:27:47.671000+00:00
2024/04/02, 19:28:47.671,38.04,-73.696,10.77,210.5,213.47,10.25,10.2,10.2,1003.5,1003.5,0.0,0.0,11.85,10.06,283,290,10.1,11.3,100.0,100.0,10.4,10.8,103.7,113.0,1005.6,1005.6,359.59,373.79,1377.38,32.7418,8.078,294.8,42.1,1480.055, NAN, NAN, NAN, NAN,,2024/04/02 19:28:47.671,2024-04-02 19:28:47.671000+00:00
2024/04/02, 19:29:47.671,38.038,-73.698,10.67,208.96,214.12,9.98,10.2,10.2,1003.8,1003.5,0.0,0.0,11.85,10.06,283,294,9.8,11.4,100.0,100.0,10.5,11.0,103.0,116.5,1005.9,1005.6,357.41,373.68,1221.38,32.7396,8.0727,278.7,42.0,1480.032, NAN, NAN, NAN, NAN,,2024/04/02 19:29:47.671,2024-04-02 19:29:47.671000+00:00
2024/04/02, 19:30:47.671,38.036,-73.699,10.89,210.42,210.99,10.44,10.2,10.2,1003.7,1003.5,0.0,0.0,11.85,10.06,282,292,8.7,10.8,100.0,100.0,9.1,9.9,97.4,112.8,1005.8,1005.6,366.18,373.17,1296.48,32.7364,8.069,273.2,41.9,1480.014, NAN, NAN, NAN, NAN,,2024/04/02 19:30:47.671,2024-04-02 19:30:47.671000+00:00
2024/04/02, 19:31:47.671,38.033,-73.701,10.73,211.08,210.42,10.32,10.2,10.2,1003.7,1003.5,0.0,0.0,11.85,10.06,284,293,9.3,11.1,100.0,100.0,9.7,10.4,102.7,115.8,1005.8,1005.6,318.73,372.61,1137.75,32.7343,8.0635,259.5,42.1,1479.991, NAN, NAN, NAN, NAN,,2024/04/02 19:31:47.671,2024-04-02 19:31:47.671000+00:00
2024/04/02, 19:32:47.671,38.031,-73.703,10.91,211.04,218.2,10.3,10.2,10.2,1003.8,1003.6,0.0,0.0,11.85,10.06,283,293,9.1,10.8,100.0,100.0,9.7,10.3,101.6,115.1,1005.9,1005.7,311.56,371.9,1110.87,32.732,8.055,253.4,42.2,1479.956, NAN, NAN, NAN, NAN,,2024/04/02 19:32:47.671,2024-04-02 19:32:47.671000+00:00
2024/04/02, 19:33:47.671,38.028,-73.705,10.69,208.57,209.81,10.11,10.2,10.2,1003.8,1003.7,0.0,0.0,11.85,10.06,286,294,9.4,11.2,100.0,100.0,9.7,10.5,103.0,115.1,1005.9,1005.8,322.22,372.7,1118.81,32.7308,8.0473,252.0,42.0,1479.925, NAN, NAN, NAN, NAN,,2024/04/02 19:33:47.671,2024-04-02 19:33:47.671000+00:00
2024/04/02, 19:34:47.671,38.026,-73.707,10.59,208.87,208.92,9.78,10.2,10.2,1003.4,1003.4,0.0,0.0,11.85,10.06,283,293,9.6,11.4,100.0,100.0,9.7,10.4,101.7,115.7,1005.5,1005.5,349.72,373.31,1183.38,32.7296,8.045,236.0,42.1,1479.915, NAN, NAN, NAN, NAN,,2024/04/02 19:34:47.671,2024-04-02 19:34:47.671000+00:00
2024/04/02, 19:35:47.671,38.024,-73.709,10.84,212.21,213.12,10.05,10.2,10.2,1003.5,1003.4,0.0,0.0,11.85,10.06,283,292,9.5,11.2,100.0,100.0,9.7,10.3,103.9,116.8,1005.6,1005.5,296.29,373.78,1048.85,32.7276,8.0462,235.4,42.0,1479.917, NAN, NAN, NAN, NAN,,2024/04/02 19:35:47.671,2024-04-02 19:35:47.671000+00:00
2024/04/02, 19:36:47.671,38.021,-73.711,10.81,211.88,214.4,10.27,10.2,10.2,1003.6,1003.5,0.0,0.0,11.85,10.06,285,295,9.9,11.8,100.0,100.0,10.1,10.8,106.2,120.3,1005.7,1005.6,284.44,372.63,1004.15,32.7247,8.0511,227.2,42.1,1479.932, NAN, NAN, NAN, NAN,,2024/04/02 19:36:47.671,2024-04-02 19:36:47.671000+00:00
2024/04/02, 19:37:47.671,38.019,-73.712,10.87,209.54,210.3,10.17,10.1,10.1,1003.5,1003.4,0.0,0.0,11.85,10.06,285,294,9.3,11.2,100.0,100.0,9.5,10.4,102.3,115.8,1005.6,1005.5,257.33,373.94,924.38,32.7239,8.0555,223.8,42.0,1479.948, NAN, NAN, NAN, NAN,,2024/04/02 19:37:47.671,2024-04-02 19:37:47.671000+00:00
2024/04/02, 19:38:47.671,38.016,-73.714,10.68,209.81,211.84,10.02,10.1,10.2,1003.6,1003.5,0.0,0.0,11.85,10.06,283,290,10.1,11.4,100.0,100.0,10.4,11.0,103.8,113.3,1005.7,1005.6,242.29,374.24,883.56,32.7232,8.0579,218.2,41.9,1479.956, NAN, NAN, NAN, NAN,,2024/04/02 19:38:47.671,2024-04-02 19:38:47.671000+00:00
2024/04/02, 19:39:47.671,38.014,-73.716,10.82,210.03,211.07,10.21,10.2,10.2,1003.5,1003.3,0.0,0.0,11.85,10.06,282,291,9.8,11.4,100.0,100.0,10.3,10.9,101.8,113.9,1005.6,1005.4,235.53,373.88,857.02,32.7211,8.0585,218.2,42.1,1479.955, NAN, NAN, NAN, NAN,,2024/04/02 19:39:47.671,2024-04-02 19:39:47.671000+00:00
2024/04/02, 19:40:47.671,38.011,-73.718,10.81,209.06,210.84,10.23,10.2,10.3,1003.5,1003.4,0.0,0.0,11.85,10.06,281,292,9.3,11.2,100.0,100.0,10.1,10.8,98.9,113.5,1005.6,1005.5,232.07,374.64,848.34,32.7211,8.0582,225.2,42.0,1479.954, NAN, NAN, NAN, NAN,,2024/04/02 19:40:47.671,2024-04-02 19:40:47.671000+00:00
2024/04/02, 19:41:47.671,38.009,-73.72,10.94,211.46,207.93,10.35,10.2,10.2,1003.5,1003.4,0.0,0.0,11.85,10.06,283,292,9.4,11.2,100.0,100.0,9.6,10.4,102.0,115.2,1005.6,1005.5,229.89,376.14,843.66,32.7224,8.0596,218.2,42.3,1479.961, NAN, NAN, NAN, NAN,,2024/04/02 19:41:47.671,2024-04-02 19:41:47.671000+00:00
2024/04/02, 19:42:47.672,38.007,-73.722,10.78,210.31,215.21,10.04,10.3,10.3,1003.7,1003.6,0.0,0.0,11.85,10.06,286,294,9.4,11.2,100.0,100.0,9.6,10.4,104.8,117.0,1005.8,1005.7,238.15,377.04,876.24,32.7211,8.0609,220.3,42.2,1479.965, NAN, NAN, NAN, NAN,,2024/04/02 19:42:47.672,2024-04-02 19:42:47.672000+00:00
2024/04/02, 19:43:47.672,38.004,-73.724,10.79,209.7,213.13,10.19,10.3,10.3,1003.7,1003.5,0.0,0.0,11.85,10.06,280,287,9.9,11.0,100.0,100.0,10.6,11.0,100.4,109.2,1005.8,1005.6,258.93,376.16,940.03,32.7218,8.0626,225.8,42.4,1479.972, NAN, NAN, NAN, NAN,,2024/04/02 19:43:47.672,2024-04-02 19:43:47.672000+00:00
2024/04/02, 19:44:47.672,38.002,-73.726,10.74,209.4,211.09,10.1,10.4,10.4,1003.4,1003.2,0.0,0.0,11.85,10.06,277,278,11.1,11.5,100.0,100.0,11.9,12.2,100.6,102.3,1005.5,1005.3,257.25,377.11,921.18,32.7236,8.0645,238.1,42.4,1479.981, NAN, NAN, NAN, NAN,,2024/04/02 19:44:47.672,2024-04-02 19:44:47.672000+00:00
2024/04/02, 19:45:47.672,37.999,-73.727,10.79,210.69,216.83,10.29,10.5,10.5,1003.7,1003.6,0.0,0.0,11.85,10.06,350,343,9.5,9.6,100.0,100.0,4.5,5.0,185.2,172.2,1005.8,1005.7,150.04,379.18,601.8,32.7239,8.0696,236.6,42.4,1480.001, NAN, NAN, NAN, NAN,,2024/04/02 19:45:47.672,2024-04-02 19:45:47.672000+00:00
2024/04/02, 19:46:47.672,37.997,-73.729,10.55,209.54,214.69,10.04,10.2,10.2,1003.8,1003.7,0.0,0.0,11.85,10.06,351,346,9.6,9.9,100.0,100.0,4.8,5.3,184.7,176.5,1005.9,1005.8,214.13,378.96,804.16,32.7224,8.0725,236.6,42.4,1480.01, NAN, NAN, NAN, NAN,,2024/04/02 19:46:47.672,2024-04-02 19:46:47.672000+00:00
2024/04/02, 19:47:47.672,37.995,-73.731,10.71,210.57,212.46,10.11,10.2,10.2,1003.9,1003.6,0.0,0.0,11.85,10.06,305,308,8.8,11.1,100.0,100.0,7.4,9.1,119.4,131.0,1006.0,1005.7,299.97,374.09,1065.15,32.7225,8.0718,241.8,42.3,1480.008, NAN, NAN, NAN, NAN,,2024/04/02 19:47:47.672,2024-04-02 19:47:47.672000+00:00
2024/04/02, 19:48:47.672,37.992,-73.733,10.88,210.57,213.64,10.26,10.4,10.4,1003.9,1003.8,0.0,0.0,11.85,10.06,285,290,10.4,12.0,100.0,100.0,10.4,11.4,106.2,114.7,1006.0,1005.9,307.31,372.81,1095.29,32.7227,8.0681,240.3,42.6,1479.994, NAN, NAN, NAN, NAN,,2024/04/02 19:48:47.672,2024-04-02 19:48:47.672000+00:00
2024/04/02, 19:49:47.672,37.99,-73.735,10.65,210.74,215.58,10.08,10.4,10.4,1003.8,1003.7,0.0,0.0,11.85,10.06,289,297,9.3,10.9,100.0,100.0,9.3,9.9,107.3,119.4,1005.9,1005.8,291.32,371.23,1020.55,32.7211,8.0602,247.3,42.6,1479.962, NAN, NAN, NAN, NAN,,2024/04/02 19:49:47.672,2024-04-02 19:49:47.672000+00:00
2024/04/02, 19:50:47.672,37.987,-73.737,10.83,210.69,214.89,10.17,10.3,10.4,1003.9,1003.7,0.0,0.0,11.85,10.06,297,300,9.1,10.7,100.0,100.0,8.4,9.5,113.2,121.5,1006.0,1005.8,253.4,373.34,898.32,32.7222,8.0568,245.4,42.5,1479.95, NAN, NAN, NAN, NAN,,2024/04/02 19:50:47.672,2024-04-02 19:50:47.672000+00:00
2024/04/02, 19:51:47.672,37.985,-73.739,10.85,209.02,212.28,10.1,10.2,10.3,1003.8,1003.7,0.0,0.0,11.85,10.06,296,300,8.9,10.5,100.0,100.0,8.4,9.4,110.3,119.4,1005.9,1005.8,229.65,380.66,821.38,32.7219,8.061,237.6,42.6,1479.966, NAN, NAN, NAN, NAN,,2024/04/02 19:51:47.672,2024-04-02 19:51:47.672000+00:00
2024/04/02, 19:52:47.672,37.983,-73.741,10.78,209.11,214.5,10.16,10.2,10.2,1003.8,1003.7,0.0,0.0,11.85,10.06,293,298,9.0,10.6,100.0,100.0,8.9,9.8,108.1,117.8,1005.9,1005.8,202.57,387.27,734.48,32.7226,8.0778,228.0,42.5,1480.03, NAN, NAN, NAN, NAN,,2024/04/02 19:52:47.672,2024-04-02 19:52:47.672000+00:00
2024/04/02, 19:53:47.672,37.98,-73.743,10.63,210.1,212.69,10.27,10.2,10.2,1003.9,1003.8,0.0,0.0,11.85,10.06,305,307,8.6,10.6,100.0,100.0,7.2,8.7,117.4,127.4,1006.0,1005.9,174.37,390.51,634.95,32.7229,8.0791,221.8,42.6,1480.036, NAN, NAN, NAN, NAN,,2024/04/02 19:53:47.672,2024-04-02 19:53:47.672000+00:00
2024/04/02, 19:54:47.672,37.978,-73.745,10.7,208.69,208.77,10.12,10.1,10.2,1004.1,1003.8,0.0,0.0,11.85,10.06,295,300,8.5,10.2,100.0,100.0,8.1,9.0,107.2,118.1,1006.2,1005.9,158.32,393.38,586.53,32.7241,8.0762,222.1,42.9,1480.026, NAN, NAN, NAN, NAN,,2024/04/02 19:54:47.672,2024-04-02 19:54:47.672000+00:00
2024/04/02, 19:55:47.672,37.976,-73.747,10.74,210.19,216.28,10.17,10.1,10.1,1004.0,1003.8,0.0,0.0,11.85,10.06,301,305,8.6,10.8,100.0,100.0,7.8,9.3,114.4,126.3,1006.1,1005.9,139.53,395.3,530.78,32.7245,8.0754,223.1,43.0,1480.024, NAN, NAN, NAN, NAN,,2024/04/02 19:55:47.672,2024-04-02 19:55:47.672000+00:00
2024/04/02, 19:56:47.672,37.973,-73.749,10.78,210.57,206.7,10.46,10.1,10.1,1004.3,1003.9,0.0,0.0,11.85,10.06,308,310,8.5,10.9,100.0,100.0,6.6,8.4,119.3,131.8,1006.4,1006.0,127.56,394.88,491.47,32.724,8.072,220.9,43.2,1480.01, NAN, NAN, NAN, NAN,,2024/04/02 19:56:47.672,2024-04-02 19:56:47.672000+00:00
2024/04/02, 19:57:47.672,37.971,-73.751,10.83,211.07,214.37,10.51,10.1,10.1,1004.1,1003.9,0.0,0.0,11.85,10.06,307,310,8.7,11.0,100.0,100.0,7.3,8.9,119.8,131.9,1006.2,1006.0,121.87,395.39,468.79,32.7234,8.0673,236.3,43.0,1479.992, NAN, NAN, NAN, NAN,,2024/04/02 19:57:47.672,2024-04-02 19:57:47.672000+00:00
2024/04/02, 19:58:47.673,37.968,-73.753,10.92,210.0,211.64,10.31,10.1,10.1,1004.1,1003.9,0.0,0.0,11.85,10.06,319,318,8.2,10.5,100.0,100.0,5.6,7.6,129.2,139.3,1006.2,1006.0,117.9,394.33,451.48,32.7221,8.0629,235.7,43.0,1479.973, NAN, NAN, NAN, NAN,,2024/04/02 19:58:47.673,2024-04-02 19:58:47.673000+00:00
2024/04/02, 19:59:47.673,37.966,-73.755,10.87,210.4,213.1,10.48,10.1,10.1,1004.1,1004.0,0.0,0.0,11.85,10.06,305,307,8.5,10.6,100.0,100.0,7.2,8.7,116.3,127.0,1006.2,1006.1,113.91,396.15,449.02,32.7208,8.0619,236.9,43.0,1479.968, NAN, NAN, NAN, NAN,,2024/04/02 19:59:47.673,2024-04-02 19:59:47.673000+00:00
2024/04/02, 20:00:47.673,37.964,-73.757,10.65,207.99,214.57,10.15,10.1,10.1,1004.2,1003.9,0.0,0.0,11.85,10.06,311,311,8.9,11.3,100.0,100.0,7.1,9.2,123.1,131.9,1006.3,1006.0,118.9,396.21,465.91,32.7198,8.0614,249.1,42.9,1479.965, NAN, NAN, NAN, NAN,,2024/04/02 20:00:47.673,2024-04-02 20:00:47.673000+00:00
2024/04/02, 20:01:47.673,37.961,-73.759,10.7,210.56,217.86,10.23,10.2,10.2,1004.3,1004.1,0.0,0.0,11.85,10.06,330,327,8.8,11.2,100.0,100.0,5.3,7.6,147.4,153.5,1006.4,1006.2,119.75,394.78,461.2,32.72,8.0585,243.3,42.5,1479.954, NAN, NAN, NAN, NAN,,2024/04/02 20:01:47.673,2024-04-02 20:01:47.673000+00:00
2024/04/02, 20:02:47.673,37.959,-73.761,10.7,209.21,212.82,10.06,10.2,10.2,1004.3,1004.1,0.0,0.0,11.85,10.06,321,320,9.0,11.4,100.0,100.0,6.3,8.5,136.2,144.2,1006.4,1006.2,119.57,395.46,463.62,32.7194,8.0538,248.3,42.3,1479.936, NAN, NAN, NAN, NAN,,2024/04/02 20:02:47.673,2024-04-02 20:02:47.673000+00:00
2024/04/02, 20:03:47.673,37.956,-73.763,10.81,209.33,215.89,10.26,10.2,10.2,1004.1,1003.8,0.0,0.0,11.85,10.06,315,313,9.4,11.7,100.0,100.0,7.3,9.5,130.4,136.1,1006.2,1005.9,124.87,396.03,479.84,32.7183,8.054,249.7,42.3,1479.935, NAN, NAN, NAN, NAN,,2024/04/02 20:03:47.673,2024-04-02 20:03:47.673000+00:00
2024/04/02, 20:04:47.673,37.954,-73.764,10.77,210.87,212.84,10.11,10.3,10.3,1004.3,1003.9,0.0,0.0,11.85,10.06,319,318,9.7,12.5,100.0,100.0,6.8,9.4,139.0,146.6,1006.4,1006.0,128.75,396.58,499.27,32.7166,8.0539,256.4,42.5,1479.932, NAN, NAN, NAN, NAN,,2024/04/02 20:04:47.673,2024-04-02 20:04:47.673000+00:00
2024/04/02, 20:05:47.673,37.952,-73.766,10.65,208.74,210.36,10.21,10.3,10.3,1004.3,1004.0,0.0,0.0,11.85,10.06,323,320,9.6,12.2,100.0,100.0,6.7,9.2,140.2,145.2,1006.4,1006.1,141.62,395.31,537.72,32.7169,8.0529,255.5,42.4,1479.929, NAN, NAN, NAN, NAN,,2024/04/02 20:05:47.673,2024-04-02 20:05:47.673000+00:00
2024/04/02, 20:06:47.673,37.949,-73.768,10.69,209.55,216.49,10.26,10.3,10.3,1004.2,1003.8,0.0,0.0,11.85,10.06,320,319,9.2,11.9,100.0,100.0,6.7,9.1,135.2,143.8,1006.3,1005.9,142.25,393.44,542.38,32.7171,8.0498,244.0,42.4,1479.918, NAN, NAN, NAN, NAN,,2024/04/02 20:06:47.673,2024-04-02 20:06:47.673000+00:00
2024/04/02, 20:07:47.673,37.947,-73.77,10.66,209.43,211.28,10.24,10.3,10.3,1004.2,1003.8,0.0,0.0,11.85,10.06,326,323,9.1,11.6,100.0,100.0,5.8,8.2,142.8,148.6,1006.3,1005.9,148.28,393.2,565.64,32.7167,8.0453,248.6,42.5,1479.9, NAN, NAN, NAN, NAN,,2024/04/02 20:07:47.673,2024-04-02 20:07:47.673000+00:00
2024/04/02, 20:08:47.673,37.945,-73.772,10.73,208.24,214.23,10.3,10.2,10.2,1004.1,1003.9,0.0,0.0,11.85,10.06,327,324,8.8,11.3,100.0,100.0,5.7,8.1,139.9,146.7,1006.2,1006.0,159.04,391.11,599.11,32.7158,8.0431,255.0,42.5,1479.891, NAN, NAN, NAN, NAN,,2024/04/02 20:08:47.673,2024-04-02 20:08:47.673000+00:00
2024/04/02, 20:09:47.673,37.942,-73.774,10.59,209.05,216.13,10.12,10.1,10.1,1004.1,1003.9,0.0,0.0,11.85,10.06,328,324,8.7,11.4,100.0,100.0,5.7,8.4,141.8,147.9,1006.2,1006.0,151.95,391.28,589.05,32.7158,8.0418,242.1,42.6,1479.886, NAN, NAN, NAN, NAN,,2024/04/02 20:09:47.673,2024-04-02 20:09:47.673000+00:00
2024/04/02, 20:10:47.673,37.94,-73.776,10.57,209.55,218.14,10.28,10.0,10.0,1004.1,1003.9,0.0,0.0,11.85,10.06,329,325,8.6,11.1,100.0,100.0,5.5,8.0,142.3,148.3,1006.2,1006.0,175.82,387.94,647.97,32.7145,8.0391,249.1,42.6,1479.874, NAN, NAN, NAN, NAN,,2024/04/02 20:10:47.673,2024-04-02 20:10:47.673000+00:00
2024/04/02, 20:11:47.673,37.937,-73.778,10.75,210.2,211.83,10.26,10.1,10.1,1003.7,1003.7,0.0,0.0,11.85,10.06,331,326,9.2,11.7,100.0,100.0,5.5,8.2,150.3,153.0,1005.8,1005.8,151.92,393.51,573.19,32.7141,8.0383,245.4,42.3,1479.87, NAN, NAN, NAN, NAN,,2024/04/02 20:11:47.673,2024-04-02 20:11:47.673000+00:00
2024/04/02, 20:12:47.673,37.935,-73.78,10.65,209.2,209.82,10.27,10.2,10.2,1003.9,1003.8,0.0,0.0,11.85,10.06,334,329,8.9,11.4,100.0,100.0,5.0,7.6,152.2,155.3,1006.0,1005.9,155.42,393.71,581.56,32.7141,8.0392,247.6,42.3,1479.874, NAN, NAN, NAN, NAN,,2024/04/02 20:12:47.673,2024-04-02 20:12:47.673000+00:00
2024/04/02, 20:13:47.674,37.933,-73.782,10.73,208.6,214.75,10.48,10.2,10.2,1003.8,1003.7,0.0,0.0,11.85,10.06,333,328,10.1,12.7,100.0,100.0,6.3,9.1,153.8,155.2,1005.9,1005.8,138.45,397.35,531.04,32.7133,8.0399,242.4,42.5,1479.875, NAN, NAN, NAN, NAN,,2024/04/02 20:13:47.674,2024-04-02 20:13:47.674000+00:00
2024/04/02, 20:14:47.674,37.93,-73.784,10.67,209.88,207.7,10.41,10.4,10.4,1003.5,1003.4,0.0,0.0,11.85,10.06,333,329,10.4,12.9,100.0,100.0,6.2,8.8,159.0,160.2,1005.6,1005.5,139.77,399.48,533.61,32.7134,8.041,238.1,42.6,1479.88, NAN, NAN, NAN, NAN,,2024/04/02 20:14:47.674,2024-04-02 20:14:47.674000+00:00
2024/04/02, 20:15:47.674,37.928,-73.786,10.56,210.62,216.26,10.5,10.6,10.6,1003.8,1003.5,0.0,0.0,11.85,10.06,333,328,10.3,12.6,100.0,100.0,6.3,8.8,157.8,157.7,1005.9,1005.6,143.09,398.23,539.84,32.7128,8.0465,245.7,42.5,1479.9, NAN, NAN, NAN, NAN,,2024/04/02 20:15:47.674,2024-04-02 20:15:47.674000+00:00
2024/04/02, 20:16:47.674,37.925,-73.788,10.65,208.54,211.66,10.17,10.6,10.6,1003.7,1003.5,0.0,0.0,11.85,10.06,336,331,10.5,11.8,100.0,100.0,6.4,8.0,161.6,158.3,1005.8,1005.6,152.03,397.56,562.38,32.7116,8.0522,239.6,42.5,1479.92, NAN, NAN, NAN, NAN,,2024/04/02 20:16:47.674,2024-04-02 20:16:47.674000+00:00
2024/04/02, 20:17:47.674,37.923,-73.79,10.6,210.52,212.84,10.31,10.5,10.5,1003.9,1003.7,0.0,0.0,11.85,10.06,335,330,10.8,12.8,100.0,100.0,6.5,8.7,164.1,162.0,1006.0,1005.8,153.97,397.59,564.12,32.7126,8.0589,249.1,42.6,1479.946, NAN, NAN, NAN, NAN,,2024/04/02 20:17:47.674,2024-04-02 20:17:47.674000+00:00
2024/04/02, 20:18:47.674,37.921,-73.792,10.62,211.43,212.54,10.39,10.5,10.5,1003.8,1003.5,0.0,0.0,11.85,10.06,335,330,11.0,12.9,100.0,100.0,6.6,8.8,165.8,163.2,1005.9,1005.6,158.21,397.49,584.13,32.7129,8.068,255.5,42.7,1479.981, NAN, NAN, NAN, NAN,,2024/04/02 20:18:47.674,2024-04-02 20:18:47.674000+00:00
2024/04/02, 20:19:47.674,37.918,-73.794,10.58,208.11,213.18,10.02,10.5,10.5,1003.7,1003.5,0.0,0.0,11.85,10.06,336,331,10.8,12.2,100.0,100.0,7.0,8.7,161.1,158.1,1005.8,1005.6,164.95,397.91,602.34,32.7124,8.0709,255.8,42.6,1479.992, NAN, NAN, NAN, NAN,,2024/04/02 20:19:47.674,2024-04-02 20:19:47.674000+00:00
2024/04/02, 20:20:47.674,37.916,-73.796,10.58,210.14,209.11,10.0,10.8,10.8,1003.5,1003.5,0.0,0.0,11.85,10.06,338,332,11.4,12.0,100.0,100.0,6.9,7.9,171.6,163.9,1005.6,1005.6,166.35,398.39,610.84,32.714,8.0803,254.7,42.6,1480.029, NAN, NAN, NAN, NAN,,2024/04/02 20:20:47.674,2024-04-02 20:20:47.674000+00:00
2024/04/02, 20:21:47.674,37.914,-73.798,10.6,209.6,215.55,10.12,10.9,11.0,1003.7,1003.5,0.0,0.0,11.85,10.06,336,331,11.2,12.3,100.0,100.0,7.1,8.5,165.1,160.8,1005.8,1005.6,173.42,394.23,630.3,32.7144,8.0831,272.9,42.7,1480.04, NAN, NAN, NAN, NAN,,2024/04/02 20:21:47.674,2024-04-02 20:21:47.674000+00:00
2024/04/02, 20:22:47.674,37.911,-73.8,10.49,210.89,213.68,10.2,10.8,10.8,1003.8,1003.6,0.0,0.0,11.85,10.06,336,330,11.0,12.4,100.0,100.0,6.7,8.4,166.6,161.5,1005.9,1005.7,175.84,393.51,633.5,32.7131,8.0852,269.2,42.3,1480.047, NAN, NAN, NAN, NAN,,2024/04/02 20:22:47.674,2024-04-02 20:22:47.674000+00:00
2024/04/02, 20:23:47.674,37.909,-73.802,10.47,208.96,212.23,9.9,10.7,10.7,1003.8,1003.6,0.0,0.0,11.85,10.06,337,332,11.0,11.7,100.0,100.0,7.1,8.1,164.8,159.8,1005.9,1005.7,168.62,393.14,609.62,32.709,8.0905,280.6,42.8,1480.062, NAN, NAN, NAN, NAN,,2024/04/02 20:23:47.674,2024-04-02 20:23:47.674000+00:00
2024/04/02, 20:24:47.674,37.907,-73.804,10.43,209.65,214.51,10.13,10.7,10.7,1003.7,1003.5,0.0,0.0,11.85,10.06,338,332,11.2,11.9,100.0,100.0,7.0,8.1,167.8,161.0,1005.8,1005.6,158.16,392.95,575.37,32.714,8.0948,265.2,42.7,1480.084, NAN, NAN, NAN, NAN,,2024/04/02 20:24:47.674,2024-04-02 20:24:47.674000+00:00
2024/04/02, 20:25:47.674,37.904,-73.806,10.42,211.87,217.54,10.23,10.8,10.8,1003.8,1003.7,0.0,0.0,11.85,10.06,341,335,11.0,11.2,100.0,100.0,6.6,7.2,173.8,165.2,1005.9,1005.8,141.67,392.56,524.61,32.7144,8.0969,273.2,42.5,1480.093, NAN, NAN, NAN, NAN,,2024/04/02 20:25:47.674,2024-04-02 20:25:47.674000+00:00
2024/04/02, 20:26:47.674,37.902,-73.808,10.45,211.69,215.31,10.11,10.8,10.8,1003.8,1003.7,0.0,0.0,11.85,10.06,341,335,11.1,11.2,100.0,100.0,6.6,7.1,174.9,166.0,1005.9,1005.8,122.03,392.92,462.63,32.7126,8.0989,274.5,42.8,1480.098, NAN, NAN, NAN, NAN,,2024/04/02 20:26:47.674,2024-04-02 20:26:47.674000+00:00
2024/04/02, 20:27:47.674,37.9,-73.81,10.55,211.99,221.66,9.99,10.7,10.7,1003.8,1003.8,0.0,0.0,11.85,10.06,342,337,10.8,11.2,100.0,100.0,6.5,7.2,174.6,168.2,1005.9,1005.9,99.62,393.19,394.57,32.7107,8.1025,280.0,42.8,1480.109, NAN, NAN, NAN, NAN,,2024/04/02 20:27:47.674,2024-04-02 20:27:47.674000+00:00
2024/04/02, 20:28:47.675,37.897,-73.812,10.45,212.01,214.29,10.21,10.5,10.6,1003.8,1003.7,0.0,0.0,11.85,10.06,345,339,10.9,11.1,100.0,100.0,6.2,6.7,181.2,172.0,1005.9,1005.8,85.14,392.17,335.28,32.7096,8.1057,290.7,43.0,1480.12, NAN, NAN, NAN, NAN,,2024/04/02 20:28:47.675,2024-04-02 20:28:47.675000+00:00
2024/04/02, 20:29:47.675,37.895,-73.814,10.55,211.4,217.42,9.98,10.5,10.5,1003.7,1003.7,0.0,0.0,11.85,10.06,345,339,10.9,11.2,100.0,100.0,6.4,7.0,179.5,170.9,1005.8,1005.8,74.51,394.26,297.88,32.7094,8.107,296.4,43.0,1480.125, NAN, NAN, NAN, NAN,,2024/04/02 20:29:47.675,2024-04-02 20:29:47.675000+00:00
2024/04/02, 20:30:47.675,37.893,-73.816,10.56,211.61,214.85,10.2,10.5,10.5,1003.8,1003.8,0.0,0.0,11.85,10.06,346,340,11.1,11.4,100.0,100.0,6.3,6.9,183.6,174.4,1005.9,1005.9,61.69,394.71,250.48,32.7104,8.1046,304.4,42.9,1480.117, NAN, NAN, NAN, NAN,,2024/04/02 20:30:47.675,2024-04-02 20:30:47.675000+00:00
2024/04/02, 20:31:47.675,37.89,-73.818,10.63,211.56,213.09,10.27,10.5,10.6,1003.7,1003.7,0.0,0.0,11.85,10.06,346,340,11.1,11.3,100.0,100.0,6.2,6.7,183.4,174.0,1005.8,1005.8,58.2,394.89,240.78,32.7111,8.1008,310.5,42.8,1480.103, NAN, NAN, NAN, NAN,,2024/04/02 20:31:47.675,2024-04-02 20:31:47.675000+00:00
2024/04/02, 20:32:47.675,37.888,-73.821,10.31,208.07,209.59,9.88,10.6,10.6,1003.8,1003.7,0.0,0.0,11.85,10.06,346,340,10.9,11.3,100.0,100.0,6.4,7.1,177.8,169.5,1005.9,1005.8,60.69,393.16,248.65,32.7139,8.0982,331.2,42.8,1480.097, NAN, NAN, NAN, NAN,,2024/04/02 20:32:47.675,2024-04-02 20:32:47.675000+00:00
2024/04/02, 20:33:47.675,37.886,-73.823,10.39,213.22,212.45,10.35,10.7,10.7,1003.5,1003.4,0.0,0.0,11.85,10.06,344,338,11.5,11.9,100.0,100.0,6.6,7.4,183.1,174.3,1005.6,1005.5,58.65,395.15,244.34,32.7127,8.0959,332.1,43.0,1480.087, NAN, NAN, NAN, NAN,,2024/04/02 20:33:47.675,2024-04-02 20:33:47.675000+00:00
2024/04/02, 20:34:47.675,37.884,-73.825,10.51,211.79,209.67,10.17,10.9,10.9,1003.5,1003.5,0.0,0.0,11.85,10.06,346,341,10.5,10.6,100.0,100.0,5.6,5.9,184.1,175.5,1005.6,1005.6,64.9,392.05,267.66,32.7162,8.0923,331.2,43.0,1480.077, NAN, NAN, NAN, NAN,,2024/04/02 20:34:47.675,2024-04-02 20:34:47.675000+00:00
2024/04/02, 20:35:47.675,37.881,-73.827,10.5,210.25,209.4,10.09,10.8,10.8,1003.6,1003.5,0.0,0.0,11.85,10.06,348,342,11.2,11.1,100.0,100.0,6.4,6.6,185.6,175.4,1005.7,1005.6,67.37,394.28,279.46,32.7188,8.0882,343.5,42.9,1480.065, NAN, NAN, NAN, NAN,,2024/04/02 20:35:47.675,2024-04-02 20:35:47.675000+00:00
2024/04/02, 20:36:47.675,37.879,-73.829,10.5,212.66,215.81,10.06,10.9,10.9,1003.6,1003.5,0.0,0.0,11.85,10.06,349,344,11.2,11.1,100.0,100.0,6.3,6.4,190.4,181.7,1005.7,1005.6,82.44,391.67,335.03,32.7192,8.0844,350.5,43.0,1480.051, NAN, NAN, NAN, NAN,,2024/04/02 20:36:47.675,2024-04-02 20:36:47.675000+00:00
2024/04/02, 20:37:47.675,37.877,-73.831,10.48,211.57,219.72,9.85,10.8,10.9,1003.7,1003.6,0.0,0.0,11.85,10.06,351,344,11.4,11.3,100.0,100.0,6.7,7.0,190.2,178.7,1005.8,1005.7,96.91,390.17,389.09,32.7175,8.0795,334.8,43.0,1480.031, NAN, NAN, NAN, NAN,,2024/04/02 20:37:47.675,2024-04-02 20:37:47.675000+00:00
2024/04/02, 20:38:47.675,37.874,-73.833,10.46,210.89,220.75,9.97,10.8,10.8,1003.7,1003.5,0.0,0.0,11.85,10.06,352,344,11.2,11.0,100.0,100.0,6.4,6.7,190.1,176.5,1005.8,1005.6,115.08,390.71,461.77,32.7167,8.0762,340.9,42.9,1480.017, NAN, NAN, NAN, NAN,,2024/04/02 20:38:47.675,2024-04-02 20:38:47.675000+00:00
2024/04/02, 20:39:47.675,37.872,-73.835,10.51,213.67,221.02,10.11,10.8,10.9,1003.5,1003.5,0.0,0.0,11.85,10.06,350,344,10.6,10.6,100.0,100.0,5.7,6.0,190.4,180.0,1005.6,1005.6,156.48,385.05,600.97,32.7148,8.0774,326.0,43.1,1480.019, NAN, NAN, NAN, NAN,,2024/04/02 20:39:47.675,2024-04-02 20:39:47.675000+00:00
2024/04/02, 20:40:47.675,37.87,-73.837,10.53,211.88,216.2,9.78,10.8,10.8,1003.7,1003.5,0.0,0.0,11.85,10.06,352,346,10.5,10.5,100.0,100.0,5.7,5.9,193.8,183.1,1005.8,1005.6,158.9,387.87,594.23,32.7109,8.0788,323.0,42.9,1480.02, NAN, NAN, NAN, NAN,,2024/04/02 20:40:47.675,2024-04-02 20:40:47.675000+00:00
2024/04/02, 20:41:47.675,37.868,-73.839,10.58,212.51,217.19,10.26,10.7,10.7,1003.7,1003.5,0.0,0.0,11.85,10.06,352,346,10.5,10.3,100.0,100.0,5.5,5.6,192.3,180.8,1005.8,1005.6,195.01,378.4,694.24,32.709,8.0758,315.0,43.0,1480.006, NAN, NAN, NAN, NAN,,2024/04/02 20:41:47.675,2024-04-02 20:41:47.675000+00:00
2024/04/02, 20:42:47.675,37.865,-73.841,10.63,211.1,213.11,10.13,10.7,10.7,1003.5,1003.5,0.0,0.0,11.85,10.06,353,346,10.3,10.3,100.0,100.0,5.2,5.4,196.1,182.8,1005.6,1005.6,196.2,374.01,693.18,32.706,8.0722,297.1,43.0,1479.989, NAN, NAN, NAN, NAN,,2024/04/02 20:42:47.675,2024-04-02 20:42:47.675000+00:00
2024/04/02, 20:43:47.675,37.863,-73.843,10.48,212.02,217.06,10.11,10.7,10.7,1003.7,1003.7,0.0,0.0,11.85,10.06,355,348,10.5,10.2,100.0,100.0,5.4,5.4,199.0,185.1,1005.8,1005.8,193.6,371.67,679.31,32.7022,8.0707,293.4,43.0,1479.978, NAN, NAN, NAN, NAN,,2024/04/02 20:43:47.675,2024-04-02 20:43:47.675000+00:00
2024/04/02, 20:44:47.676,37.861,-73.845,10.46,211.39,212.72,10.09,10.7,10.7,1003.5,1003.5,0.0,0.0,11.85,10.06,354,348,10.2,10.1,100.0,100.0,5.2,5.3,195.9,184.3,1005.6,1005.6,186.68,371.25,654.94,32.7006,8.0718,274.5,43.1,1479.981, NAN, NAN, NAN, NAN,,2024/04/02 20:44:47.676,2024-04-02 20:44:47.676000+00:00
2024/04/02, 20:45:47.676,37.858,-73.847,10.39,210.02,212.7,9.87,10.7,10.7,1003.4,1003.4,0.0,0.0,11.85,10.06,351,345,9.7,9.7,100.0,100.0,5.0,5.3,186.2,175.3,1005.5,1005.5,173.45,372.04,618.46,32.6987,8.0728,271.2,42.6,1479.982, NAN, NAN, NAN, NAN,,2024/04/02 20:45:47.676,2024-04-02 20:45:47.676000+00:00
2024/04/02, 20:46:47.676,37.856,-73.849,10.47,212.29,215.65,10.09,10.7,10.7,1003.5,1003.4,0.0,0.0,11.85,10.06,352,346,9.9,9.9,100.0,100.0,4.9,5.1,193.2,181.7,1005.6,1005.5,158.2,374.21,576.71,32.6955,8.0731,261.7,42.8,1479.979, NAN, NAN, NAN, NAN,,2024/04/02 20:46:47.676,2024-04-02 20:46:47.676000+00:00
2024/04/02, 20:47:47.676,37.854,-73.851,10.39,210.31,210.44,10.25,10.7,10.7,1003.4,1003.4,0.0,0.0,11.85,10.06,351,346,9.4,9.4,100.0,100.0,4.3,4.5,188.5,178.3,1005.5,1005.5,141.08,375.95,531.81,32.6928,8.0717,262.2,42.9,1479.97, NAN, NAN, NAN, NAN,,2024/04/02 20:47:47.676,2024-04-02 20:47:47.676000+00:00
2024/04/02, 20:48:47.676,37.852,-73.853,10.57,212.81,217.96,10.17,10.7,10.7,1003.3,1003.2,0.0,0.0,11.85,10.06,351,345,9.5,9.6,100.0,100.0,4.5,4.9,190.2,178.8,1005.4,1005.3,123.6,377.2,480.17,32.6911,8.0698,262.5,42.9,1479.961, NAN, NAN, NAN, NAN,,2024/04/02 20:48:47.676,2024-04-02 20:48:47.676000+00:00
2024/04/02, 20:49:47.676,37.849,-73.855,10.61,210.62,214.11,10.19,10.7,10.7,1003.3,1003.3,0.0,0.0,11.85,10.06,355,348,9.5,9.3,100.0,100.0,4.5,4.6,193.2,178.5,1005.4,1005.4,108.9,377.06,441.56,32.6915,8.0696,258.0,42.8,1479.961, NAN, NAN, NAN, NAN,,2024/04/02 20:49:47.676,2024-04-02 20:49:47.676000+00:00
2024/04/02, 20:50:47.676,37.847,-73.857,10.61,211.13,213.94,10.29,10.6,10.6,1003.3,1003.3,0.0,0.0,11.85,10.06,354,348,9.7,9.6,100.0,100.0,4.5,4.7,195.0,182.5,1005.4,1005.4,100.65,378.1,416.98,32.685,8.073,264.4,42.8,1479.966, NAN, NAN, NAN, NAN,,2024/04/02 20:50:47.676,2024-04-02 20:50:47.676000+00:00
2024/04/02, 20:51:47.676,37.845,-73.859,10.51,211.52,214.5,10.3,10.6,10.6,1003.2,1003.3,0.0,0.0,11.85,10.06,355,348,9.9,9.7,100.0,100.0,4.7,4.7,199.6,184.7,1005.3,1005.4,97.65,377.81,405.89,32.6925,8.0768,272.6,43.0,1479.989, NAN, NAN, NAN, NAN,,2024/04/02 20:51:47.676,2024-04-02 20:51:47.676000+00:00
2024/04/02, 20:52:47.676,37.842,-73.861,10.52,213.11,218.43,10.41,10.6,10.6,1003.2,1003.0,0.0,0.0,11.85,10.06,352,346,9.7,9.7,100.0,100.0,4.6,4.9,191.7,179.8,1005.3,1005.1,97.84,377.87,405.13,32.6915,8.0799,280.9,42.9,1480.0, NAN, NAN, NAN, NAN,,2024/04/02 20:52:47.676,2024-04-02 20:52:47.676000+00:00
2024/04/02, 20:53:47.676,37.84,-73.863,10.61,210.31,209.47,10.2,10.6,10.6,1003.1,1003.1,0.0,0.0,11.85,10.06,352,346,9.6,9.5,100.0,100.0,4.6,4.7,189.9,177.6,1005.2,1005.2,100.09,377.79,410.96,32.6909,8.082,293.1,42.7,1480.007, NAN, NAN, NAN, NAN,,2024/04/02 20:53:47.676,2024-04-02 20:53:47.676000+00:00
2024/04/02, 20:54:47.676,37.838,-73.865,10.54,213.24,211.33,10.17,10.5,10.6,1003.0,1003.0,0.0,0.0,11.85,10.06,353,347,9.6,9.5,100.0,100.0,4.4,4.5,198.5,185.7,1005.1,1005.1,102.8,377.25,419.92,32.6916,8.0852,299.8,42.7,1480.02, NAN, NAN, NAN, NAN,,2024/04/02 20:54:47.676,2024-04-02 20:54:47.676000+00:00
2024/04/02, 20:55:47.676,37.835,-73.867,10.61,211.69,216.28,10.21,10.5,10.5,1003.4,1003.3,0.0,0.0,11.85,10.06,356,350,10.1,9.8,100.0,100.0,5.0,4.9,199.4,186.8,1005.5,1005.4,105.37,376.32,427.91,32.692,8.0866,292.4,42.7,1480.026, NAN, NAN, NAN, NAN,,2024/04/02 20:55:47.676,2024-04-02 20:55:47.676000+00:00
2024/04/02, 20:56:47.676,37.833,-73.869,10.5,211.5,215.2,10.04,10.4,10.4,1003.5,1003.5,0.0,0.0,11.85,10.06,357,351,11.7,11.4,100.0,100.0,6.6,6.5,203.3,192.5,1005.6,1005.6,109.63,373.77,437.5,32.693,8.0878,299.5,42.7,1480.032, NAN, NAN, NAN, NAN,,2024/04/02 20:56:47.676,2024-04-02 20:56:47.676000+00:00
2024/04/02, 20:57:47.676,37.831,-73.871,10.51,211.91,219.82,10.14,10.2,10.2,1003.4,1003.4,0.0,0.0,11.85,10.06,355,349,11.7,11.4,100.0,100.0,6.6,6.5,199.1,188.2,1005.5,1005.5,114.65,374.35,444.69,32.6913,8.0884,305.2,42.7,1480.032, NAN, NAN, NAN, NAN,,2024/04/02 20:57:47.676,2024-04-02 20:57:47.676000+00:00
2024/04/02, 20:58:47.676,37.828,-73.873,10.48,212.05,211.74,10.23,10.0,10.1,1003.4,1003.4,0.0,0.0,11.85,10.06,354,347,11.9,11.5,100.0,100.0,6.7,6.5,201.0,188.2,1005.5,1005.5,122.29,375.71,458.64,32.7031,8.0872,303.5,41.0,1480.042, NAN, NAN, NAN, NAN,,2024/04/02 20:58:47.676,2024-04-02 20:58:47.676000+00:00
2024/04/02, 20:59:47.677,37.826,-73.875,10.48,213.2,213.67,9.84,9.9,9.9,1003.1,1003.0,0.0,0.0,11.85,10.06,353,346,11.8,11.6,100.0,100.0,6.8,6.8,200.8,188.6,1005.2,1005.1,128.6,375.76,475.06,32.6941,8.086,305.9,41.9,1480.026, NAN, NAN, NAN, NAN,,2024/04/02 20:59:47.677,2024-04-02 20:59:47.677000+00:00
2024/04/02, 21:00:47.677,37.824,-73.877,10.57,212.19,209.33,10.08,9.9,9.9,1003.2,1003.2,0.0,0.0,11.85,10.06,355,348,11.4,11.2,100.0,100.0,6.3,6.3,201.4,188.7,1005.3,1005.3,131.16,373.57,483.42,32.6946,8.0862,299.8,41.7,1480.028, NAN, NAN, NAN, NAN,,2024/04/02 21:00:47.677,2024-04-02 21:00:47.677000+00:00
2024/04/02, 21:01:47.677,37.821,-73.879,10.42,213.91,215.07,9.91,9.9,9.9,1003.1,1003.1,0.0,0.0,11.85,10.06,356,350,12.2,11.9,100.0,100.0,7.1,7.0,206.5,196.0,1005.2,1005.2,119.03,375.15,447.84,32.6958,8.09,289.4,41.9,1480.044, NAN, NAN, NAN, NAN,,2024/04/02 21:01:47.677,2024-04-02 21:01:47.677000+00:00
2024/04/02, 21:02:47.677,37.819,-73.881,10.39,212.92,219.85,10.11,9.9,9.9,1003.0,1003.0,0.0,0.0,11.85,10.06,357,350,12.5,12.1,100.0,100.0,7.4,7.2,205.3,193.1,1005.1,1005.1,111.43,376.58,417.73,32.6973,8.0943,302.8,41.7,1480.062, NAN, NAN, NAN, NAN,,2024/04/02 21:02:47.677,2024-04-02 21:02:47.677000+00:00
2024/04/02, 21:03:47.677,37.817,-73.883,10.29,211.24,214.59,9.88,10.0,10.0,1002.9,1002.7,0.0,0.0,11.85,10.06,357,351,12.5,12.2,100.0,100.0,7.5,7.3,203.9,193.6,1005.0,1004.8,96.58,378.5,371.2,32.6972,8.0958,299.5,41.9,1480.067, NAN, NAN, NAN, NAN,,2024/04/02 21:03:47.677,2024-04-02 21:03:47.677000+00:00
2024/04/02, 21:04:47.677,37.815,-73.885,10.37,212.88,212.71,10.02,10.0,10.0,1002.5,1002.6,0.0,0.0,11.85,10.06,356,349,12.3,12.1,100.0,100.0,7.2,7.2,205.1,193.0,1004.6,1004.7,86.53,378.97,341.2,32.6953,8.096,279.0,41.8,1480.066, NAN, NAN, NAN, NAN,,2024/04/02 21:04:47.677,2024-04-02 21:04:47.677000+00:00
2024/04/02, 21:05:47.677,37.812,-73.887,10.44,212.7,214.48,10.04,10.0,10.0,1002.4,1002.4,0.0,0.0,11.85,10.06,354,347,12.8,12.6,100.0,100.0,7.7,7.8,200.9,189.3,1004.5,1004.5,77.43,379.78,309.69,32.6959,8.097,295.8,41.9,1480.07, NAN, NAN, NAN, NAN,,2024/04/02 21:05:47.677,2024-04-02 21:05:47.677000+00:00
2024/04/02, 21:06:47.677,37.81,-73.889,10.52,211.18,210.41,10.28,10.0,10.0,1002.3,1002.2,0.0,0.0,11.85,10.06,353,345,13.3,12.5,100.0,100.0,8.1,7.6,199.0,185.1,1004.4,1004.3,70.72,379.91,286.69,32.6968,8.0956,314.7,42.1,1480.066, NAN, NAN, NAN, NAN,,2024/04/02 21:06:47.677,2024-04-02 21:06:47.677000+00:00
2024/04/02, 21:07:47.677,37.808,-73.891,10.46,211.68,216.47,9.85,9.9,10.0,1002.2,1002.1,0.0,0.0,11.85,10.06,352,344,13.1,12.4,100.0,100.0,8.2,7.9,195.9,182.5,1004.3,1004.2,70.28,379.85,282.26,32.6968,8.097,315.6,41.9,1480.071, NAN, NAN, NAN, NAN,,2024/04/02 21:07:47.677,2024-04-02 21:07:47.677000+00:00
2024/04/02, 21:08:47.677,37.805,-73.893,10.43,211.7,217.4,9.83,9.9,9.9,1001.9,1001.8,0.0,0.0,11.85,10.06,347,342,12.7,12.7,100.0,100.0,8.1,8.3,187.3,179.8,1004.0,1003.9,66.69,380.59,268.81,32.6958,8.099,316.6,41.6,1480.078, NAN, NAN, NAN, NAN,,2024/04/02 21:08:47.677,2024-04-02 21:08:47.677000+00:00
2024/04/02, 21:09:47.677,37.803,-73.895,10.39,211.42,211.49,10.04,9.9,9.9,1001.8,1001.8,0.0,0.0,11.85,10.06,340,341,12.7,13.2,100.0,100.0,8.1,8.5,178.2,180.5,1003.9,1003.9,63.39,380.06,259.78,32.6965,8.1016,328.1,41.5,1480.088, NAN, NAN, NAN, NAN,,2024/04/02 21:09:47.677,2024-04-02 21:09:47.677000+00:00
2024/04/02, 21:10:47.677,37.801,-73.897,10.28,211.61,217.21,9.81,9.8,9.9,1001.6,1001.6,0.0,0.0,11.85,10.06,346,340,13.1,13.5,100.0,100.0,8.4,9.1,187.0,178.6,1003.7,1003.7,62.34,379.37,254.56,32.6967,8.1068,322.0,41.9,1480.108, NAN, NAN, NAN, NAN,,2024/04/02 21:10:47.677,2024-04-02 21:10:47.677000+00:00
2024/04/02, 21:11:47.677,37.799,-73.899,10.39,212.76,214.26,10.09,9.8,9.9,1001.5,1001.4,0.0,0.0,11.85,10.06,345,339,12.7,13.4,100.0,100.0,7.9,8.8,186.9,178.8,1003.6,1003.5,67.5,377.94,276.56,32.6971,8.1115,334.4,42.1,1480.127, NAN, NAN, NAN, NAN,,2024/04/02 21:11:47.677,2024-04-02 21:11:47.677000+00:00
2024/04/02, 21:12:47.677,37.796,-73.901,10.34,212.5,215.31,9.84,9.8,9.8,1001.3,1001.3,0.0,0.0,11.85,10.06,342,337,13.2,13.5,100.0,100.0,8.7,9.2,182.6,175.7,1003.4,1003.4,61.11,381.62,246.04,32.6976,8.1132,328.4,41.9,1480.134, NAN, NAN, NAN, NAN,,2024/04/02 21:12:47.677,2024-04-02 21:12:47.677000+00:00
2024/04/02, 21:13:47.677,37.794,-73.903,10.3,212.44,215.88,10.06,9.7,9.8,1001.4,1001.2,0.0,0.0,11.85,10.06,343,337,13.4,13.6,100.0,100.0,8.7,9.2,183.7,175.2,1003.5,1003.3,64.49,381.78,255.6,32.6987,8.1156,329.4,42.1,1480.144, NAN, NAN, NAN, NAN,,2024/04/02 21:13:47.677,2024-04-02 21:13:47.677000+00:00
2024/04/02, 21:14:47.678,37.792,-73.905,10.25,212.85,211.55,10.0,9.7,9.7,1001.3,1001.2,0.0,0.0,11.85,10.06,345,338,13.5,13.5,100.0,100.0,8.7,9.0,188.6,178.1,1003.4,1003.3,70.31,382.12,273.32,32.699,8.1161,325.1,42.2,1480.146, NAN, NAN, NAN, NAN,,2024/04/02 21:14:47.678,2024-04-02 21:14:47.678000+00:00
2024/04/02, 21:15:47.678,37.79,-73.907,10.23,210.44,213.83,9.92,9.7,9.7,1001.6,1001.4,0.0,0.0,11.85,10.06,350,344,13.4,13.4,100.0,100.0,8.5,8.8,192.3,183.2,1003.7,1003.5,73.0,382.02,280.52,32.6993,8.1124,333.1,42.2,1480.133, NAN, NAN, NAN, NAN,,2024/04/02 21:15:47.678,2024-04-02 21:15:47.678000+00:00
2024/04/02, 21:16:47.678,37.787,-73.909,10.04,207.82,208.3,9.68,9.7,9.7,1001.6,1001.8,0.0,0.0,11.85,10.06,355,348,13.8,13.4,100.0,100.0,8.9,8.7,199.0,187.9,1003.7,1003.9,85.46,381.94,323.0,32.7011,8.1125,333.1,42.2,1480.135, NAN, NAN, NAN, NAN,,2024/04/02 21:16:47.678,2024-04-02 21:16:47.678000+00:00
2024/04/02, 21:17:47.678,37.785,-73.911,10.3,209.97,209.62,9.99,9.8,9.8,1001.9,1001.8,0.0,0.0,11.85,10.06,355,349,13.7,13.5,100.0,100.0,8.6,8.5,202.7,193.0,1004.0,1003.9,94.34,380.35,358.24,32.7011,8.1133,343.8,42.3,1480.138, NAN, NAN, NAN, NAN,,2024/04/02 21:17:47.678,2024-04-02 21:17:47.678000+00:00
2024/04/02, 21:18:47.678,37.783,-73.912,10.37,208.51,215.64,9.99,9.8,9.8,1002.1,1002.1,0.0,0.0,11.85,10.06,358,352,13.6,13.2,100.0,100.0,8.5,8.3,202.7,192.9,1004.2,1004.2,105.87,378.67,400.12,32.7011,8.1125,352.9,42.2,1480.135, NAN, NAN, NAN, NAN,,2024/04/02 21:18:47.678,2024-04-02 21:18:47.678000+00:00
2024/04/02, 21:19:47.678,37.78,-73.914,10.32,208.76,211.71,10.12,9.7,9.8,1002.3,1002.2,0.0,0.0,11.85,10.06,1,355,13.9,13.6,100.0,100.0,8.7,8.5,209.1,199.4,1004.4,1004.3,123.08,374.08,464.5,32.7027,8.1122,351.0,42.0,1480.136, NAN, NAN, NAN, NAN,,2024/04/02 21:19:47.678,2024-04-02 21:19:47.678000+00:00
2024/04/02, 21:20:47.678,37.778,-73.916,10.34,206.96,215.4,9.98,9.7,9.8,1002.4,1002.4,0.0,0.0,11.85,10.06,3,357,13.7,13.2,100.0,100.0,8.6,8.2,208.3,198.5,1004.5,1004.5,130.48,373.05,492.66,32.7033,8.1127,327.3,42.0,1480.139, NAN, NAN, NAN, NAN,,2024/04/02 21:20:47.678,2024-04-02 21:20:47.678000+00:00
2024/04/02, 21:21:47.678,37.775,-73.918,10.35,209.12,210.1,10.23,9.8,9.8,1002.4,1002.6,0.0,0.0,11.85,10.06,3,356,13.3,12.8,100.0,100.0,8.0,7.6,212.7,200.9,1004.5,1004.7,135.16,373.29,509.54,32.7037,8.1149,329.7,42.3,1480.148, NAN, NAN, NAN, NAN,,2024/04/02 21:21:47.678,2024-04-02 21:21:47.678000+00:00
2024/04/02, 21:22:47.678,37.773,-73.919,10.44,208.65,206.34,10.14,9.8,9.8,1002.4,1002.4,0.0,0.0,11.85,10.06,4,358,13.1,13.0,100.0,100.0,7.9,7.8,215.1,205.1,1004.5,1004.5,144.0,372.52,546.01,32.7036,8.117,319.6,42.3,1480.155, NAN, NAN, NAN, NAN,,2024/04/02 21:22:47.678,2024-04-02 21:22:47.678000+00:00
2024/04/02, 21:23:47.678,37.77,-73.921,10.47,207.54,209.56,10.32,9.8,9.9,1002.4,1002.4,0.0,0.0,11.85,10.06,6,1,13.1,12.9,100.0,100.0,7.8,7.6,215.7,207.3,1004.5,1004.5,146.54,371.54,553.68,32.7021,8.1186,319.6,42.5,1480.16, NAN, NAN, NAN, NAN,,2024/04/02 21:23:47.678,2024-04-02 21:23:47.678000+00:00
2024/04/02, 21:24:47.678,37.768,-73.923,10.39,208.38,207.13,10.34,9.9,9.9,1002.4,1002.4,0.0,0.0,11.85,10.06,4,358,13.1,13.1,100.0,100.0,7.8,7.8,215.6,205.5,1004.5,1004.5,139.19,373.06,526.77,32.7026,8.119,312.6,42.4,1480.162, NAN, NAN, NAN, NAN,,2024/04/02 21:24:47.678,2024-04-02 21:24:47.678000+00:00
2024/04/02, 21:25:47.678,37.766,-73.925,10.5,208.65,206.4,10.06,9.9,9.9,1002.2,1002.2,0.0,0.0,11.85,10.06,1,355,12.4,12.1,100.0,100.0,7.2,7.0,209.8,199.4,1004.3,1004.3,145.91,369.77,549.62,32.7047,8.1195,321.4,42.3,1480.166, NAN, NAN, NAN, NAN,,2024/04/02 21:25:47.678,2024-04-02 21:25:47.678000+00:00
2024/04/02, 21:26:47.678,37.763,-73.927,10.3,209.06,213.8,10.09,9.8,9.8,1001.8,1001.9,0.0,0.0,11.85,10.06,358,352,12.1,12.0,100.0,100.0,6.9,6.9,204.9,194.4,1003.9,1004.0,142.25,368.54,551.83,32.7023,8.1229,299.5,42.1,1480.176, NAN, NAN, NAN, NAN,,2024/04/02 21:26:47.678,2024-04-02 21:26:47.678000+00:00
2024/04/02, 21:27:47.678,37.761,-73.928,10.38,207.23,210.28,10.0,9.8,9.8,1001.7,1001.7,0.0,0.0,11.85,10.06,355,348,12.1,12.0,100.0,100.0,7.1,7.2,195.3,183.5,1003.8,1003.8,145.09,367.63,596.47,32.7016,8.1276,299.2,42.1,1480.193, NAN, NAN, NAN, NAN,,2024/04/02 21:27:47.678,2024-04-02 21:27:47.678000+00:00
2024/04/02, 21:28:47.678,37.758,-73.93,10.24,208.15,206.53,10.03,9.8,9.8,1001.6,1001.3,0.0,0.0,11.85,10.06,355,348,12.6,12.4,100.0,100.0,7.5,7.5,198.4,186.6,1003.7,1003.4,144.61,369.0,625.87,32.7006,8.131,313.2,42.2,1480.205, NAN, NAN, NAN, NAN,,2024/04/02 21:28:47.678,2024-04-02 21:28:47.678000+00:00
2024/04/02, 21:29:47.678,37.756,-73.932,10.41,208.59,213.64,10.3,10.0,10.0,1001.6,1001.8,0.0,0.0,11.85,10.06,1,355,12.7,12.4,100.0,100.0,7.4,7.2,207.2,196.8,1003.7,1003.9,151.24,368.82,664.96,32.7025,8.1313,309.6,42.4,1480.208, NAN, NAN, NAN, NAN,,2024/04/02 21:29:47.678,2024-04-02 21:29:47.678000+00:00
2024/04/02, 21:30:47.679,37.754,-73.934,10.55,209.5,210.2,10.1,10.0,10.0,1001.9,1001.9,0.0,0.0,11.85,10.06,0,355,12.1,11.9,100.0,100.0,6.9,6.8,207.1,198.3,1004.0,1004.0,156.48,367.42,707.18,32.703,8.1293,307.2,42.6,1480.201, NAN, NAN, NAN, NAN,,2024/04/02 21:30:47.679,2024-04-02 21:30:47.679000+00:00
2024/04/02, 21:31:47.679,37.751,-73.936,10.51,208.63,213.84,10.15,9.9,9.9,1001.9,1001.8,0.0,0.0,11.85,10.06,2,356,12.3,12.1,100.0,100.0,7.1,7.0,209.5,199.0,1004.0,1003.9,163.62,368.06,733.17,32.7024,8.1259,306.8,42.1,1480.188, NAN, NAN, NAN, NAN,,2024/04/02 21:31:47.679,2024-04-02 21:31:47.679000+00:00
2024/04/02, 21:32:47.679,37.749,-73.937,10.56,208.51,212.68,10.25,9.9,9.9,1002.0,1001.9,0.0,0.0,11.85,10.06,1,354,12.0,11.7,100.0,100.0,6.7,6.6,207.2,194.5,1004.1,1004.0,173.45,368.23,773.73,32.6871,8.1206,304.4,42.6,1480.149, NAN, NAN, NAN, NAN,,2024/04/02 21:32:47.679,2024-04-02 21:32:47.679000+00:00
2024/04/02, 21:33:47.679,37.746,-73.939,10.48,207.5,211.34,10.09,10.0,10.0,1002.0,1002.0,0.0,0.0,11.85,10.06,2,356,12.4,12.1,100.0,100.0,7.2,7.1,206.6,196.1,1004.1,1004.1,177.37,367.25,788.23,32.703,8.1201,308.3,42.3,1480.166, NAN, NAN, NAN, NAN,,2024/04/02 21:33:47.679,2024-04-02 21:33:47.679000+00:00
2024/04/02, 21:34:47.679,37.744,-73.941,10.49,208.94,211.37,10.31,10.0,10.0,1002.0,1001.9,0.0,0.0,11.85,10.06,1,355,12.4,12.2,100.0,100.0,7.1,7.0,209.3,198.7,1004.1,1004.0,196.97,366.98,850.54,32.703,8.1231,302.8,42.3,1480.178, NAN, NAN, NAN, NAN,,2024/04/02 21:34:47.679,2024-04-02 21:34:47.679000+00:00
2024/04/02, 21:35:47.679,37.741,-73.943,10.58,206.86,208.11,10.14,10.0,10.0,1002.0,1001.9,0.0,0.0,11.85,10.06,358,352,12.7,12.4,100.0,100.0,7.5,7.4,200.5,190.2,1004.1,1004.0,188.23,364.04,822.05,32.7025,8.1288,304.6,42.6,1480.199, NAN, NAN, NAN, NAN,,2024/04/02 21:35:47.679,2024-04-02 21:35:47.679000+00:00
2024/04/02, 21:36:47.679,37.739,-73.945,10.49,209.09,213.31,10.15,9.9,9.9,1001.9,1001.7,0.0,0.0,11.85,10.06,359,353,12.4,12.2,100.0,100.0,7.2,7.1,204.6,194.2,1004.0,1003.8,167.9,363.73,687.92,32.7024,8.1311,303.5,42.9,1480.207, NAN, NAN, NAN, NAN,,2024/04/02 21:36:47.679,2024-04-02 21:36:47.679000+00:00
2024/04/02, 21:37:47.679,37.736,-73.946,10.39,207.31,213.27,10.19,9.8,9.9,1001.8,1001.8,0.0,0.0,11.85,10.06,359,353,12.1,12.0,100.0,100.0,6.9,6.9,202.4,192.0,1003.9,1003.9,165.05,363.5,671.55,32.7033,8.1322,297.4,42.3,1480.213, NAN, NAN, NAN, NAN,,2024/04/02 21:37:47.679,2024-04-02 21:37:47.679000+00:00
2024/04/02, 21:38:47.679,37.734,-73.948,10.53,208.63,208.6,10.43,9.8,9.8,1002.0,1002.0,0.0,0.0,11.85,10.06,0,354,12.5,12.1,100.0,100.0,7.1,6.8,208.4,197.7,1004.1,1004.1,162.08,362.48,659.77,32.704,8.1326,292.8,42.5,1480.215, NAN, NAN, NAN, NAN,,2024/04/02 21:38:47.679,2024-04-02 21:38:47.679000+00:00
2024/04/02, 21:39:47.679,37.732,-73.95,10.49,208.79,212.14,10.23,9.8,9.8,1002.0,1001.9,0.0,0.0,11.85,10.06,0,354,12.5,12.2,100.0,100.0,7.2,7.0,208.0,197.5,1004.1,1004.0,156.93,360.93,644.1,32.7033,8.1322,290.0,42.3,1480.213, NAN, NAN, NAN, NAN,,2024/04/02 21:39:47.679,2024-04-02 21:39:47.679000+00:00
2024/04/02, 21:40:47.679,37.729,-73.952,10.52,206.56,204.55,10.27,9.7,9.7,1002.0,1002.1,0.0,0.0,11.85,10.06,2,356,12.9,12.4,100.0,100.0,7.6,7.2,209.5,199.1,1004.1,1004.2,154.2,360.05,640.44,32.7028,8.1328,286.4,42.3,1480.214, NAN, NAN, NAN, NAN,,2024/04/02 21:40:47.679,2024-04-02 21:40:47.679000+00:00
2024/04/02, 21:41:47.679,37.727,-73.954,10.51,208.25,212.9,10.33,9.7,9.7,1002.0,1002.1,0.0,0.0,11.85,10.06,2,356,12.7,12.5,100.0,100.0,7.4,7.3,209.3,198.9,1004.1,1004.2,158.97,360.03,681.72,32.7039,8.1265,286.7,42.6,1480.192, NAN, NAN, NAN, NAN,,2024/04/02 21:41:47.679,2024-04-02 21:41:47.679000+00:00
2024/04/02, 21:42:47.679,37.724,-73.956,10.62,207.79,208.14,10.32,9.6,9.7,1002.1,1002.2,0.0,0.0,11.85,10.06,2,356,12.5,12.2,100.0,100.0,7.2,6.9,210.4,199.9,1004.2,1004.3,159.61,360.59,690.03,32.6954,8.1174,275.0,42.6,1480.147, NAN, NAN, NAN, NAN,,2024/04/02 21:42:47.679,2024-04-02 21:42:47.679000+00:00
2024/04/02, 21:43:47.679,37.722,-73.957,10.48,207.93,208.66,10.19,9.6,9.7,1002.0,1002.1,0.0,0.0,11.85,10.06,1,355,12.4,12.4,100.0,100.0,7.2,7.2,207.7,197.4,1004.1,1004.2,172.35,361.76,754.95,32.7023,8.1061,287.3,42.5,1480.113, NAN, NAN, NAN, NAN,,2024/04/02 21:43:47.679,2024-04-02 21:43:47.679000+00:00
2024/04/02, 21:44:47.679,37.719,-73.959,10.57,208.63,215.44,10.41,9.6,9.7,1002.0,1002.0,0.0,0.0,11.85,10.06,0,354,12.5,12.2,100.0,100.0,7.2,7.0,204.9,194.2,1004.1,1004.1,171.52,362.21,745.88,32.6999,8.0854,275.3,42.5,1480.031, NAN, NAN, NAN, NAN,,2024/04/02 21:44:47.679,2024-04-02 21:44:47.679000+00:00
2024/04/02, 21:45:47.680,37.717,-73.961,10.53,209.74,212.62,10.46,9.6,9.7,1002.0,1002.1,0.0,0.0,11.85,10.06,0,354,12.4,12.0,100.0,100.0,7.0,6.7,208.6,197.8,1004.1,1004.2,169.68,362.79,736.16,32.6996,8.0618,284.6,42.5,1479.941, NAN, NAN, NAN, NAN,,2024/04/02 21:45:47.680,2024-04-02 21:45:47.680000+00:00
2024/04/02, 21:46:47.680,37.714,-73.963,10.54,208.74,206.36,10.49,9.7,9.7,1002.1,1002.0,0.0,0.0,11.85,10.06,0,354,12.4,12.0,100.0,100.0,7.0,6.6,210.9,200.2,1004.2,1004.1,174.47,363.04,751.75,32.6976,8.0414,274.8,42.5,1479.862, NAN, NAN, NAN, NAN,,2024/04/02 21:46:47.680,2024-04-02 21:46:47.680000+00:00
2024/04/02, 21:47:47.680,37.712,-73.965,10.57,208.89,211.6,10.34,9.6,9.7,1002.2,1002.2,0.0,0.0,11.85,10.06,1,355,12.7,12.4,100.0,100.0,7.4,7.2,208.7,198.2,1004.3,1004.3,145.08,362.81,593.29,32.6922,8.0389,283.3,42.6,1479.845, NAN, NAN, NAN, NAN,,2024/04/02 21:47:47.680,2024-04-02 21:47:47.680000+00:00
2024/04/02, 21:48:47.680,37.709,-73.966,10.53,207.8,210.49,10.39,9.6,9.7,1002.3,1002.3,0.0,0.0,11.85,10.06,3,357,12.6,12.1,100.0,100.0,7.3,6.8,210.1,199.3,1004.4,1004.4,136.75,362.31,545.72,32.6877,8.0344,282.0,42.5,1479.823, NAN, NAN, NAN, NAN,,2024/04/02 21:48:47.680,2024-04-02 21:48:47.680000+00:00
2024/04/02, 21:49:47.680,37.707,-73.968,10.62,208.62,212.93,10.49,9.6,9.7,1002.3,1002.3,0.0,0.0,11.85,10.06,4,358,12.3,12.0,100.0,100.0,6.9,6.6,214.1,203.3,1004.4,1004.4,136.45,361.66,541.29,32.682,8.0167,288.4,42.5,1479.748, NAN, NAN, NAN, NAN,,2024/04/02 21:49:47.680,2024-04-02 21:49:47.680000+00:00
2024/04/02, 21:50:47.680,37.704,-73.97,10.66,208.18,207.92,10.46,9.6,9.7,1002.6,1002.4,0.0,0.0,11.85,10.06,5,359,12.4,12.0,100.0,100.0,7.0,6.6,215.9,205.2,1004.7,1004.5,137.15,361.1,548.2,32.6797,8.0084,285.7,42.5,1479.714, NAN, NAN, NAN, NAN,,2024/04/02 21:50:47.680,2024-04-02 21:50:47.680000+00:00
2024/04/02, 21:51:47.680,37.701,-73.972,10.62,207.47,207.63,10.6,9.7,9.7,1002.4,1002.5,0.0,0.0,11.85,10.06,5,359,12.0,11.6,100.0,100.0,6.6,6.2,214.3,203.1,1004.5,1004.6,132.71,359.8,530.07,32.6748,8.0232,278.2,42.5,1479.764, NAN, NAN, NAN, NAN,,2024/04/02 21:51:47.680,2024-04-02 21:51:47.680000+00:00
2024/04/02, 21:52:47.680,37.699,-73.974,10.62,208.58,213.36,10.41,9.7,9.7,1002.4,1002.4,0.0,0.0,11.85,10.06,5,0,11.6,11.2,100.0,100.0,6.3,5.9,215.4,206.0,1004.5,1004.5,123.16,358.59,491.95,32.6624,8.0282,279.3,42.5,1479.768, NAN, NAN, NAN, NAN,,2024/04/02 21:52:47.680,2024-04-02 21:52:47.680000+00:00
2024/04/02, 21:53:47.680,37.696,-73.976,10.66,207.29,211.03,10.48,9.7,9.7,1002.7,1002.7,0.0,0.0,11.85,10.06,7,1,11.5,11.2,100.0,100.0,6.1,5.8,216.4,205.0,1004.8,1004.8,117.45,356.72,475.07,32.6628,8.0248,275.6,42.3,1479.755, NAN, NAN, NAN, NAN,,2024/04/02 21:53:47.680,2024-04-02 21:53:47.680000+00:00
2024/04/02, 21:54:47.680,37.694,-73.977,10.71,208.87,212.67,10.74,9.6,9.7,1002.7,1002.6,0.0,0.0,11.85,10.06,9,3,11.1,10.9,100.0,100.0,5.7,5.4,225.0,213.3,1004.8,1004.7,111.63,355.31,448.04,32.6608,8.0248,288.0,42.5,1479.753, NAN, NAN, NAN, NAN,,2024/04/02 21:54:47.680,2024-04-02 21:54:47.680000+00:00
2024/04/02, 21:55:47.680,37.691,-73.979,10.8,208.5,206.98,10.74,9.6,9.6,1002.7,1002.8,0.0,0.0,11.85,10.06,10,4,11.2,10.9,100.0,100.0,5.8,5.4,227.7,216.3,1004.8,1004.9,105.72,354.27,424.42,32.6552,8.0229,279.6,42.5,1479.739, NAN, NAN, NAN, NAN,,2024/04/02 21:55:47.680,2024-04-02 21:55:47.680000+00:00
2024/04/02, 21:56:47.680,37.689,-73.981,10.77,208.38,208.38,10.89,9.6,9.6,1002.8,1002.8,0.0,0.0,11.85,10.06,11,4,11.0,10.8,100.0,100.0,5.6,5.2,231.0,217.4,1004.9,1004.9,99.47,354.1,385.06,32.6508,8.015,292.1,42.6,1479.703, NAN, NAN, NAN, NAN,,2024/04/02 21:56:47.680,2024-04-02 21:56:47.680000+00:00
2024/04/02, 21:57:47.680,37.686,-73.983,10.82,208.1,211.21,10.61,9.5,9.6,1002.6,1002.6,0.0,0.0,11.85,10.06,10,4,11.1,10.7,100.0,100.0,5.8,5.3,226.9,215.5,1004.7,1004.7,85.92,355.94,326.15,32.6496,8.0119,297.7,42.5,1479.69, NAN, NAN, NAN, NAN,,2024/04/02 21:57:47.680,2024-04-02 21:57:47.680000+00:00
2024/04/02, 21:58:47.680,37.684,-73.985,10.73,207.69,210.61,10.59,9.5,9.6,1002.6,1002.7,0.0,0.0,11.85,10.06,8,2,11.1,10.8,100.0,100.0,5.7,5.4,220.4,208.6,1004.7,1004.8,65.57,371.55,255.35,32.6399,8.0066,295.8,42.4,1479.658, NAN, NAN, NAN, NAN,,2024/04/02 21:58:47.680,2024-04-02 21:58:47.680000+00:00
2024/04/02, 21:59:47.680,37.681,-73.987,10.74,208.92,207.89,10.67,9.5,9.6,1002.7,1002.7,0.0,0.0,11.85,10.06,11,5,11.0,10.8,100.0,100.0,5.7,5.4,230.8,219.5,1004.8,1004.8,49.37,389.73,202.7,32.6451,8.0011,301.4,42.4,1479.644, NAN, NAN, NAN, NAN,,2024/04/02 21:59:47.680,2024-04-02 21:59:47.680000+00:00
2024/04/02, 22:00:47.681,37.679,-73.989,10.67,209.75,213.89,10.49,9.5,9.5,1002.8,1002.7,0.0,0.0,11.85,10.06,10,4,11.3,10.9,100.0,100.0,6.0,5.5,226.1,214.8,1004.9,1004.8,36.8,393.4,163.4,32.643,7.9994,297.7,42.5,1479.635, NAN, NAN, NAN, NAN,,2024/04/02 22:00:47.681,2024-04-02 22:00:47.681000+00:00
2024/04/02, 22:01:47.681,37.676,-73.99,10.68,210.39,214.0,10.55,9.5,9.6,1002.9,1002.8,0.0,0.0,11.85,10.06,12,6,10.9,10.5,100.0,100.0,5.6,5.1,232.1,220.7,1005.0,1004.9,33.54,394.79,149.52,32.6393,8.0033,295.8,42.6,1479.645, NAN, NAN, NAN, NAN,,2024/04/02 22:01:47.681,2024-04-02 22:01:47.681000+00:00
2024/04/02, 22:02:47.681,37.674,-73.992,10.66,209.9,207.32,10.69,9.5,9.5,1002.8,1002.7,0.0,0.0,11.85,10.06,13,6,10.8,10.5,100.0,100.0,5.6,5.1,236.4,223.2,1004.9,1004.8,31.61,394.37,141.76,32.6385,8.0135,295.2,42.5,1479.682, NAN, NAN, NAN, NAN,,2024/04/02 22:02:47.681,2024-04-02 22:02:47.681000+00:00
2024/04/02, 22:03:47.681,37.671,-73.994,10.68,210.74,216.44,10.67,9.5,9.5,1002.8,1002.8,0.0,0.0,11.85,10.06,12,7,11.0,10.7,100.0,100.0,5.7,5.2,231.7,222.2,1004.9,1004.9,28.59,394.61,133.07,32.6344,8.0149,294.4,42.4,1479.683, NAN, NAN, NAN, NAN,,2024/04/02 22:03:47.681,2024-04-02 22:03:47.681000+00:00
2024/04/02, 22:04:47.681,37.669,-73.996,10.69,209.89,208.59,10.66,9.5,9.6,1002.7,1002.8,0.0,0.0,11.85,10.06,14,8,11.0,10.8,100.0,100.0,5.9,5.5,238.2,227.3,1004.8,1004.9,27.32,394.31,127.81,32.6319,8.0051,290.0,42.6,1479.642, NAN, NAN, NAN, NAN,,2024/04/02 22:04:47.681,2024-04-02 22:04:47.681000+00:00
2024/04/02, 22:05:47.681,37.666,-73.998,10.68,210.02,209.99,10.69,9.6,9.6,1002.9,1003.0,0.0,0.0,11.85,10.06,17,11,11.1,10.7,100.0,100.0,6.0,5.4,241.5,231.1,1005.0,1005.1,27.43,394.32,127.49,32.6313,7.9851,295.8,42.5,1479.566, NAN, NAN, NAN, NAN,,2024/04/02 22:05:47.681,2024-04-02 22:05:47.681000+00:00
2024/04/02, 22:06:47.681,37.664,-74.0,10.65,208.97,214.39,10.67,9.6,9.6,1002.9,1003.0,0.0,0.0,11.85,10.06,17,11,11.4,10.9,100.0,100.0,6.1,5.4,235.0,224.0,1005.0,1005.1,28.06,394.36,128.27,32.6268,7.9569,298.8,42.4,1479.453, NAN, NAN, NAN, NAN,,2024/04/02 22:06:47.681,2024-04-02 22:06:47.681000+00:00
2024/04/02, 22:07:47.681,37.661,-74.002,10.6,209.23,212.24,10.7,9.6,9.6,1003.0,1003.0,0.0,0.0,11.85,10.06,18,12,11.2,10.9,100.0,100.0,6.0,5.5,240.0,229.2,1005.1,1005.1,29.4,394.44,132.26,32.6215,7.9326,298.5,42.6,1479.354, NAN, NAN, NAN, NAN,,2024/04/02 22:07:47.681,2024-04-02 22:07:47.681000+00:00
2024/04/02, 22:08:47.681,37.659,-74.004,10.68,210.77,212.2,10.53,9.6,9.6,1003.1,1003.0,0.0,0.0,11.85,10.06,17,11,10.9,10.5,100.0,100.0,5.9,5.2,242.2,231.8,1005.2,1005.1,32.96,393.7,139.93,32.6187,7.9119,295.8,42.4,1479.272, NAN, NAN, NAN, NAN,,2024/04/02 22:08:47.681,2024-04-02 22:08:47.681000+00:00
2024/04/02, 22:09:47.681,37.656,-74.006,10.7,210.53,213.79,10.75,9.6,9.6,1003.1,1003.0,0.0,0.0,11.85,10.06,17,12,11.1,10.7,100.0,100.0,5.9,5.4,241.7,233.1,1005.2,1005.1,33.36,394.26,142.31,32.614,7.9086,286.4,42.4,1479.253, NAN, NAN, NAN, NAN,,2024/04/02 22:09:47.681,2024-04-02 22:09:47.681000+00:00
2024/04/02, 22:10:47.681,37.654,-74.008,10.64,210.68,214.13,10.64,9.6,9.7,1003.1,1003.1,0.0,0.0,11.85,10.06,18,14,11.2,10.8,100.0,100.0,6.1,5.5,242.3,235.7,1005.2,1005.2,31.85,394.0,140.3,32.6123,7.9176,275.3,42.4,1479.285, NAN, NAN, NAN, NAN,,2024/04/02 22:10:47.681,2024-04-02 22:10:47.681000+00:00
2024/04/02, 22:11:47.681,37.651,-74.01,10.66,210.92,214.97,10.57,9.6,9.7,1003.2,1003.1,0.0,0.0,11.85,10.06,21,15,11.1,10.6,100.0,100.0,6.2,5.4,247.6,237.8,1005.3,1005.2,32.44,394.05,140.65,32.6098,7.9336,274.5,42.5,1479.343, NAN, NAN, NAN, NAN,,2024/04/02 22:11:47.681,2024-04-02 22:11:47.681000+00:00
2024/04/02, 22:12:47.681,37.649,-74.012,10.63,210.86,213.11,10.59,9.6,9.7,1003.1,1003.2,0.0,0.0,11.85,10.06,19,14,11.3,10.9,100.0,100.0,6.3,5.7,244.7,236.6,1005.2,1005.3,32.34,393.82,140.74,32.6049,7.946,284.9,42.3,1479.384, NAN, NAN, NAN, NAN,,2024/04/02 22:12:47.681,2024-04-02 22:12:47.681000+00:00
2024/04/02, 22:13:47.681,37.646,-74.014,10.71,210.18,212.63,10.65,9.6,9.7,1003.2,1003.3,0.0,0.0,11.85,10.06,21,16,11.2,10.8,100.0,100.0,6.3,5.7,248.2,240.4,1005.3,1005.4,35.6,393.88,149.62,32.602,7.9548,293.1,42.3,1479.414, NAN, NAN, NAN, NAN,,2024/04/02 22:13:47.681,2024-04-02 22:13:47.681000+00:00
2024/04/02, 22:14:47.681,37.644,-74.016,10.59,209.41,212.34,10.46,9.6,9.7,1003.1,1003.1,0.0,0.0,11.85,10.06,21,16,11.1,10.6,100.0,100.0,6.3,5.6,246.9,239.3,1005.2,1005.2,41.27,392.4,164.93,32.599,7.9632,297.1,42.4,1479.442, NAN, NAN, NAN, NAN,,2024/04/02 22:14:47.681,2024-04-02 22:14:47.681000+00:00
2024/04/02, 22:15:47.681,37.641,-74.018,10.65,210.34,212.71,10.66,9.6,9.6,1003.0,1003.0,0.0,0.0,11.85,10.06,21,16,10.8,10.4,100.0,100.0,5.9,5.3,249.5,241.6,1005.1,1005.1,44.99,391.2,175.75,32.5951,7.9688,305.6,42.5,1479.459, NAN, NAN, NAN, NAN,,2024/04/02 22:15:47.681,2024-04-02 22:15:47.681000+00:00
2024/04/02, 22:16:47.682,37.638,-74.02,10.71,210.16,214.18,10.38,9.6,9.6,1003.1,1003.2,0.0,0.0,11.85,10.06,21,16,10.8,10.5,100.0,100.0,6.0,5.5,248.0,239.8,1005.2,1005.3,46.33,389.96,179.85,32.5929,7.9752,308.9,42.5,1479.481, NAN, NAN, NAN, NAN,,2024/04/02 22:16:47.682,2024-04-02 22:16:47.682000+00:00
2024/04/02, 22:17:47.682,37.636,-74.022,10.59,210.6,212.1,10.72,9.6,9.6,1003.2,1003.2,0.0,0.0,11.85,10.06,20,15,11.0,10.7,100.0,100.0,6.1,5.5,248.0,239.8,1005.3,1005.3,50.17,386.85,186.77,32.591,7.9811,308.9,42.7,1479.501, NAN, NAN, NAN, NAN,,2024/04/02 22:17:47.682,2024-04-02 22:17:47.682000+00:00
2024/04/02, 22:18:47.682,37.633,-74.023,10.66,211.19,211.75,10.71,9.6,9.6,1003.4,1003.4,0.0,0.0,11.85,10.06,21,16,11.2,10.8,100.0,100.0,6.3,5.7,249.7,242.0,1005.5,1005.5,47.88,386.36,183.0,32.5896,7.9816,304.9,42.5,1479.501, NAN, NAN, NAN, NAN,,2024/04/02 22:18:47.682,2024-04-02 22:18:47.682000+00:00
2024/04/02, 22:19:47.682,37.631,-74.025,10.63,209.74,211.71,10.45,9.6,9.6,1003.4,1003.4,0.0,0.0,11.85,10.06,22,17,11.2,10.8,100.0,100.0,6.4,5.7,247.8,240.0,1005.5,1005.5,42.86,385.24,172.66,32.5879,7.9786,304.9,42.8,1479.487, NAN, NAN, NAN, NAN,,2024/04/02 22:19:47.682,2024-04-02 22:19:47.682000+00:00
2024/04/02, 22:20:47.682,37.628,-74.027,10.64,210.14,211.41,10.59,9.5,9.6,1003.1,1003.3,0.0,0.0,11.85,10.06,20,15,11.0,10.7,100.0,100.0,6.2,5.6,247.8,239.8,1005.2,1005.4,40.62,386.95,168.97,32.5876,7.9727,290.0,42.5,1479.464, NAN, NAN, NAN, NAN,,2024/04/02 22:20:47.682,2024-04-02 22:20:47.682000+00:00
2024/04/02, 22:21:47.682,37.626,-74.029,10.69,209.21,206.46,10.56,9.6,9.6,1003.2,1003.3,0.0,0.0,11.85,10.06,21,16,11.1,10.7,100.0,100.0,6.4,5.7,248.2,240.6,1005.3,1005.4,41.02,385.94,171.69,32.5864,7.972,291.0,42.7,1479.46, NAN, NAN, NAN, NAN,,2024/04/02 22:21:47.682,2024-04-02 22:21:47.682000+00:00
2024/04/02, 22:22:47.682,37.623,-74.031,10.66,209.97,209.98,10.7,9.6,9.6,1003.2,1003.3,0.0,0.0,11.85,10.06,21,15,11.4,11.0,100.0,100.0,6.6,5.9,248.8,239.5,1005.3,1005.4,40.47,384.25,174.38,32.5857,7.9726,280.0,42.8,1479.462, NAN, NAN, NAN, NAN,,2024/04/02 22:22:47.682,2024-04-02 22:22:47.682000+00:00
2024/04/02, 22:23:47.682,37.621,-74.033,10.66,209.9,211.05,10.6,9.6,9.6,1003.4,1003.4,0.0,0.0,11.85,10.06,22,17,11.0,10.6,100.0,100.0,6.1,5.5,249.2,241.4,1005.5,1005.5,47.9,380.45,193.32,32.5848,7.9714,278.4,42.8,1479.456, NAN, NAN, NAN, NAN,,2024/04/02 22:23:47.682,2024-04-02 22:23:47.682000+00:00
2024/04/02, 22:24:47.682,37.618,-74.035,10.67,209.64,210.43,10.87,9.6,9.6,1003.4,1003.4,0.0,0.0,11.85,10.06,21,16,11.0,10.7,100.0,100.0,6.1,5.5,249.4,241.4,1005.5,1005.5,56.02,372.16,218.62,32.5843,7.9707,272.9,42.7,1479.453, NAN, NAN, NAN, NAN,,2024/04/02 22:24:47.682,2024-04-02 22:24:47.682000+00:00
2024/04/02, 22:25:47.682,37.616,-74.037,10.68,210.02,209.25,10.75,9.6,9.7,1003.4,1003.3,0.0,0.0,11.85,10.06,21,16,10.8,10.3,100.0,100.0,6.0,5.2,250.8,243.5,1005.5,1005.4,61.61,363.21,242.74,32.5836,7.9683,268.9,42.5,1479.443, NAN, NAN, NAN, NAN,,2024/04/02 22:25:47.682,2024-04-02 22:25:47.682000+00:00
2024/04/02, 22:26:47.682,37.613,-74.039,10.73,209.4,208.61,10.66,9.6,9.6,1003.3,1003.3,0.0,0.0,11.85,10.06,19,14,10.8,10.3,100.0,100.0,5.9,5.1,245.6,237.7,1005.4,1005.4,63.35,359.24,251.32,32.5827,7.9662,270.8,42.9,1479.434, NAN, NAN, NAN, NAN,,2024/04/02 22:26:47.682,2024-04-02 22:26:47.682000+00:00
2024/04/02, 22:27:47.682,37.61,-74.041,10.69,210.43,211.98,10.67,9.7,9.7,1003.3,1003.3,0.0,0.0,11.85,10.06,20,15,10.5,10.1,100.0,100.0,5.5,4.9,248.1,239.8,1005.4,1005.4,62.54,357.02,250.74,32.582,7.9652,268.1,42.8,1479.429, NAN, NAN, NAN, NAN,,2024/04/02 22:27:47.682,2024-04-02 22:27:47.682000+00:00
2024/04/02, 22:28:47.682,37.608,-74.043,10.67,210.81,212.95,10.87,9.7,9.7,1003.2,1003.1,0.0,0.0,11.85,10.06,20,15,10.8,10.2,100.0,100.0,5.9,5.1,250.3,243.2,1005.3,1005.2,61.98,356.34,251.18,32.5813,7.9644,263.8,42.7,1479.425, NAN, NAN, NAN, NAN,,2024/04/02 22:28:47.682,2024-04-02 22:28:47.682000+00:00
2024/04/02, 22:29:47.682,37.605,-74.044,10.65,210.72,210.2,10.94,9.7,9.7,1003.3,1003.2,0.0,0.0,11.85,10.06,20,15,10.5,10.1,100.0,100.0,5.6,4.9,251.0,243.1,1005.4,1005.3,61.97,355.98,252.5,32.5807,7.9629,265.1,42.8,1479.419, NAN, NAN, NAN, NAN,,2024/04/02 22:29:47.682,2024-04-02 22:29:47.682000+00:00
2024/04/02, 22:30:47.682,37.603,-74.046,10.69,208.92,207.4,11.0,9.7,9.7,1003.2,1003.1,0.0,0.0,11.85,10.06,21,16,10.3,9.9,100.0,100.0,5.4,4.7,251.5,243.7,1005.3,1005.2,64.67,356.45,269.88,32.5555,7.9615,263.2,43.1,1479.382, NAN, NAN, NAN, NAN,,2024/04/02 22:30:47.682,2024-04-02 22:30:47.682000+00:00
2024/04/02, 22:31:47.682,37.6,-74.048,10.7,210.23,211.22,10.7,9.8,9.8,1003.1,1003.1,0.0,0.0,11.85,10.06,24,19,10.5,10.1,100.0,100.0,5.9,5.2,256.3,249.1,1005.2,1005.2,61.91,357.61,260.26,32.572,7.9562,268.4,43.1,1479.382, NAN, NAN, NAN, NAN,,2024/04/02 22:31:47.682,2024-04-02 22:31:47.682000+00:00
2024/04/02, 22:32:47.683,37.597,-74.05,10.59,210.04,209.62,10.88,10.0,10.0,1003.0,1003.0,0.0,0.0,11.85,10.06,30,24,10.3,10.0,100.0,100.0,6.1,5.4,266.9,258.7,1005.1,1005.1,58.35,359.01,246.72,32.5782,7.9599,272.6,43.1,1479.404, NAN, NAN, NAN, NAN,,2024/04/02 22:32:47.683,2024-04-02 22:32:47.683000+00:00
2024/04/02, 22:33:47.683,37.595,-74.052,10.53,210.09,214.54,10.89,10.2,10.2,1002.9,1003.0,0.0,0.0,11.85,10.06,33,28,9.8,10.4,100.0,100.0,6.0,6.1,274.0,263.9,1005.0,1005.1,56.25,359.67,239.0,32.5768,7.9752,269.6,43.0,1479.461, NAN, NAN, NAN, NAN,,2024/04/02 22:33:47.683,2024-04-02 22:33:47.683000+00:00
2024/04/02, 22:34:47.683,37.592,-74.054,10.52,211.05,213.01,10.71,10.3,10.3,1003.0,1003.0,0.0,0.0,11.85,10.06,34,29,9.9,10.4,100.0,100.0,6.0,6.0,274.3,264.6,1005.1,1005.1,53.65,360.33,227.75,32.5753,7.989,273.2,43.0,1479.511, NAN, NAN, NAN, NAN,,2024/04/02 22:34:47.683,2024-04-02 22:34:47.683000+00:00
2024/04/02, 22:35:47.683,37.59,-74.056,10.45,209.53,209.89,10.89,10.3,10.3,1003.0,1003.0,0.0,0.0,11.85,10.06,33,28,10.0,10.2,100.0,100.0,6.2,5.9,272.6,264.3,1005.1,1005.1,53.46,361.11,227.04,32.5751,7.999,281.7,43.0,1479.549, NAN, NAN, NAN, NAN,,2024/04/02 22:35:47.683,2024-04-02 22:35:47.683000+00:00
2024/04/02, 22:36:47.683,37.587,-74.058,10.52,210.75,210.06,10.9,10.3,10.4,1003.0,1003.0,0.0,0.0,11.85,10.06,33,28,9.5,9.9,100.0,100.0,5.8,5.7,276.5,267.2,1005.1,1005.1,54.53,362.32,231.38,32.5727,8.0021,275.0,43.1,1479.558, NAN, NAN, NAN, NAN,,2024/04/02 22:36:47.683,2024-04-02 22:36:47.683000+00:00
2024/04/02, 22:37:47.683,37.585,-74.06,10.58,210.29,212.77,10.57,10.3,10.3,1003.0,1003.0,0.0,0.0,11.85,10.06,33,28,9.1,9.5,100.0,100.0,5.2,5.2,275.4,265.5,1005.1,1005.1,53.94,362.97,224.28,32.5711,7.9963,278.4,43.1,1479.534, NAN, NAN, NAN, NAN,,2024/04/02 22:37:47.683,2024-04-02 22:37:47.683000+00:00
2024/04/02, 22:38:47.683,37.582,-74.062,10.63,210.05,211.09,10.88,10.3,10.3,1002.8,1002.8,0.0,0.0,11.85,10.06,33,28,8.9,9.5,100.0,100.0,5.1,5.2,278.4,267.2,1004.9,1004.9,55.06,363.77,226.27,32.5697,7.9857,281.2,43.2,1479.492, NAN, NAN, NAN, NAN,,2024/04/02 22:38:47.683,2024-04-02 22:38:47.683000+00:00
2024/04/02, 22:39:47.683,37.579,-74.064,10.52,210.32,206.37,10.89,10.3,10.3,1002.9,1003.0,0.0,0.0,11.85,10.06,34,29,9.3,9.6,100.0,100.0,5.8,5.6,278.8,270.1,1005.0,1005.1,61.24,364.66,252.97,32.5684,7.9786,288.1,43.0,1479.463, NAN, NAN, NAN, NAN,,2024/04/02 22:39:47.683,2024-04-02 22:39:47.683000+00:00
2024/04/02, 22:40:47.683,37.577,-74.066,10.7,209.42,209.83,10.87,10.2,10.3,1002.8,1002.8,0.0,0.0,11.85,10.06,30,25,9.4,9.1,100.0,100.0,5.2,4.6,270.2,263.8,1004.9,1004.9,64.36,365.32,258.3,32.5695,7.9699,291.0,42.8,1479.431, NAN, NAN, NAN, NAN,,2024/04/02 22:40:47.683,2024-04-02 22:40:47.683000+00:00
2024/04/02, 22:41:47.683,37.574,-74.068,10.72,210.25,210.14,10.99,10.2,10.2,1003.0,1003.0,0.0,0.0,11.85,10.06,26,21,9.7,9.3,100.0,100.0,5.3,4.5,264.8,258.4,1005.1,1005.1,63.37,365.1,243.78,32.5678,7.9587,291.3,42.8,1479.387, NAN, NAN, NAN, NAN,,2024/04/02 22:41:47.683,2024-04-02 22:41:47.683000+00:00
2024/04/02, 22:42:47.683,37.572,-74.069,10.67,209.18,207.96,10.68,10.1,10.2,1003.0,1003.0,0.0,0.0,11.85,10.06,22,17,9.8,9.5,100.0,100.0,5.1,4.5,254.4,246.4,1005.1,1005.1,63.25,364.32,241.68,32.5687,7.9478,292.1,42.8,1479.346, NAN, NAN, NAN, NAN,,2024/04/02 22:42:47.683,2024-04-02 22:42:47.683000+00:00
2024/04/02, 22:43:47.683,37.569,-74.071,10.79,209.56,206.24,10.79,10.1,10.1,1003.0,1003.0,0.0,0.0,11.85,10.06,20,14,10.3,9.8,100.0,100.0,5.4,4.6,250.2,240.7,1005.1,1005.1,61.63,364.05,236.09,32.5686,7.9389,291.8,42.9,1479.312, NAN, NAN, NAN, NAN,,2024/04/02 22:43:47.683,2024-04-02 22:43:47.683000+00:00
2024/04/02, 22:44:47.683,37.566,-74.073,10.71,210.56,210.72,10.77,10.1,10.2,1003.0,1003.1,0.0,0.0,11.85,10.06,19,14,10.3,9.8,100.0,100.0,5.3,4.6,248.7,240.8,1005.1,1005.2,60.66,363.1,233.39,32.5702,7.9326,288.0,43.0,1479.29, NAN, NAN, NAN, NAN,,2024/04/02 22:44:47.683,2024-04-02 22:44:47.683000+00:00
2024/04/02, 22:45:47.683,37.564,-74.075,10.64,209.58,208.4,10.92,10.1,10.1,1002.9,1003.0,0.0,0.0,11.85,10.06,14,8,10.4,10.0,100.0,100.0,5.1,4.5,238.5,227.1,1005.0,1005.1,59.88,362.24,232.03,32.5714,7.9267,290.4,42.8,1479.269, NAN, NAN, NAN, NAN,,2024/04/02 22:45:47.683,2024-04-02 22:45:47.683000+00:00
2024/04/02, 22:46:47.683,37.561,-74.077,10.8,210.88,212.58,10.81,10.0,10.1,1002.9,1003.0,0.0,0.0,11.85,10.06,13,8,10.5,10.1,100.0,100.0,5.2,4.6,236.4,226.9,1005.0,1005.1,57.79,361.56,227.51,32.573,7.9238,290.4,43.0,1479.26, NAN, NAN, NAN, NAN,,2024/04/02 22:46:47.683,2024-04-02 22:46:47.683000+00:00
2024/04/02, 22:47:47.684,37.559,-74.079,10.72,210.76,209.35,10.93,10.0,10.1,1002.8,1002.8,0.0,0.0,11.85,10.06,14,8,10.6,10.2,100.0,100.0,5.4,4.7,240.1,229.0,1004.9,1004.9,57.27,361.68,227.46,32.5737,7.9413,288.4,42.8,1479.328, NAN, NAN, NAN, NAN,,2024/04/02 22:47:47.684,2024-04-02 22:47:47.684000+00:00
2024/04/02, 22:48:47.684,37.556,-74.081,10.87,210.26,210.01,10.82,10.1,10.1,1002.7,1002.8,0.0,0.0,11.85,10.06,15,10,10.7,10.2,100.0,100.0,5.5,4.8,240.5,232.0,1004.8,1004.9,59.12,361.49,233.86,32.5774,7.9678,276.0,43.0,1479.433, NAN, NAN, NAN, NAN,,2024/04/02 22:48:47.684,2024-04-02 22:48:47.684000+00:00
2024/04/02, 22:49:47.684,37.553,-74.083,10.61,207.18,206.95,10.82,10.2,10.2,1002.8,1002.9,0.0,0.0,11.85,10.06,15,9,10.7,10.2,100.0,100.0,5.5,4.8,237.1,226.4,1004.9,1005.0,59.2,360.87,233.87,32.5805,7.9992,268.9,43.0,1479.556, NAN, NAN, NAN, NAN,,2024/04/02 22:49:47.684,2024-04-02 22:49:47.684000+00:00
2024/04/02, 22:50:47.684,37.551,-74.085,10.6,207.67,209.93,10.81,10.3,10.3,1002.9,1002.9,0.0,0.0,11.85,10.06,16,10,10.7,10.2,100.0,100.0,5.5,4.8,237.7,226.8,1005.0,1005.0,58.75,360.83,229.2,32.5839,8.026,263.8,43.4,1479.662, NAN, NAN, NAN, NAN,,2024/04/02 22:50:47.684,2024-04-02 22:50:47.684000+00:00
2024/04/02, 22:51:47.684,37.548,-74.087,10.52,207.92,207.77,10.88,10.3,10.3,1003.0,1003.0,0.0,0.0,11.85,10.06,18,12,10.4,10.0,100.0,100.0,5.4,4.7,244.9,234.6,1005.1,1005.1,57.96,359.77,223.37,32.5892,8.035,265.6,43.4,1479.703, NAN, NAN, NAN, NAN,,2024/04/02 22:51:47.684,2024-04-02 22:51:47.684000+00:00
2024/04/02, 22:52:47.684,37.545,-74.088,10.62,208.17,209.74,10.9,10.3,10.4,1002.7,1002.7,0.0,0.0,11.85,10.06,16,10,10.4,10.0,100.0,100.0,5.2,4.6,241.1,230.2,1004.8,1004.8,55.47,358.83,211.97,32.593,8.0394,269.2,43.5,1479.724, NAN, NAN, NAN, NAN,,2024/04/02 22:52:47.684,2024-04-02 22:52:47.684000+00:00
2024/04/02, 22:53:47.684,37.543,-74.09,10.59,208.16,205.85,10.75,10.3,10.4,1002.8,1002.8,0.0,0.0,11.85,10.06,16,10,10.5,10.0,100.0,100.0,5.5,4.7,242.0,231.9,1004.9,1004.9,53.67,358.12,203.25,32.5942,8.0492,272.3,43.3,1479.763, NAN, NAN, NAN, NAN,,2024/04/02 22:53:47.684,2024-04-02 22:53:47.684000+00:00
2024/04/02, 22:54:47.684,37.54,-74.092,10.6,212.18,212.55,10.65,10.3,10.3,1002.8,1002.8,0.0,0.0,11.85,10.06,17,12,10.6,10.1,100.0,100.0,5.5,4.8,244.6,236.2,1004.9,1004.9,51.35,358.61,193.12,32.5992,8.0612,278.2,43.4,1479.815, NAN, NAN, NAN, NAN,,2024/04/02 22:54:47.684,2024-04-02 22:54:47.684000+00:00
2024/04/02, 22:55:47.684,37.538,-74.094,10.66,209.47,210.48,10.87,10.3,10.3,1002.9,1002.9,0.0,0.0,11.85,10.06,17,12,10.5,10.0,100.0,100.0,5.3,4.6,242.5,233.9,1005.0,1005.0,50.52,358.69,186.75,32.602,8.0777,285.4,43.6,1479.881, NAN, NAN, NAN, NAN,,2024/04/02 22:55:47.684,2024-04-02 22:55:47.684000+00:00
2024/04/02, 22:56:47.684,37.535,-74.096,10.62,209.17,211.81,10.86,10.3,10.3,1002.9,1002.9,0.0,0.0,11.85,10.06,17,12,10.5,10.0,100.0,100.0,5.2,4.6,240.5,231.5,1005.0,1005.0,48.17,358.31,179.35,32.6059,8.087,286.0,43.5,1479.921, NAN, NAN, NAN, NAN,,2024/04/02 22:56:47.684,2024-04-02 22:56:47.684000+00:00
2024/04/02, 22:57:47.684,37.532,-74.098,10.59,211.41,210.73,10.92,10.3,10.3,1002.8,1002.9,0.0,0.0,11.85,10.06,17,12,10.4,10.0,100.0,100.0,5.4,4.7,247.7,239.5,1004.9,1005.0,45.12,357.73,170.22,32.6093,8.1033,293.4,43.5,1479.987, NAN, NAN, NAN, NAN,,2024/04/02 22:57:47.684,2024-04-02 22:57:47.684000+00:00
2024/04/02, 22:58:47.684,37.53,-74.1,10.64,211.04,213.95,10.77,10.3,10.3,1003.0,1003.0,0.0,0.0,11.85,10.06,19,13,10.4,9.8,100.0,100.0,5.3,4.5,247.1,236.9,1005.1,1005.1,41.78,357.27,158.65,32.6137,8.1222,290.0,43.8,1480.064, NAN, NAN, NAN, NAN,,2024/04/02 22:58:47.684,2024-04-02 22:58:47.684000+00:00
2024/04/02, 22:59:47.684,37.527,-74.102,10.7,210.36,212.55,10.89,10.3,10.3,1003.0,1003.0,0.0,0.0,11.85,10.06,18,13,10.5,10.0,100.0,100.0,5.4,4.6,245.3,236.9,1005.1,1005.1,37.63,356.53,142.4,32.6166,8.127,291.8,44.1,1480.086, NAN, NAN, NAN, NAN,,2024/04/02 22:59:47.684,2024-04-02 22:59:47.684000+00:00
2024/04/02, 23:00:47.684,37.525,-74.104,10.66,211.21,211.29,10.87,10.3,10.3,1003.0,1003.0,0.0,0.0,11.85,10.06,18,13,10.6,9.9,100.0,100.0,5.5,4.6,246.8,239.3,1005.1,1005.1,34.03,355.94,131.12,32.6211,8.1313,286.0,44.4,1480.108, NAN, NAN, NAN, NAN,,2024/04/02 23:00:47.684,2024-04-02 23:00:47.684000+00:00
2024/04/02, 23:01:47.684,37.522,-74.106,10.81,210.58,210.81,11.0,10.3,10.3,1003.0,1003.0,0.0,0.0,11.85,10.06,17,12,10.4,9.9,100.0,100.0,5.2,4.5,245.7,237.4,1005.1,1005.1,30.57,355.06,120.86,32.6243,8.1423,284.6,44.6,1480.153, NAN, NAN, NAN, NAN,,2024/04/02 23:01:47.684,2024-04-02 23:01:47.684000+00:00
2024/04/02, 23:02:47.684,37.519,-74.108,10.73,210.64,213.48,11.1,10.2,10.3,1003.1,1002.9,0.0,0.0,11.85,10.06,18,13,10.1,9.6,100.0,100.0,4.9,4.2,247.7,239.2,1005.2,1005.0,28.02,354.86,112.28,32.629,8.1739,284.0,44.5,1480.278, NAN, NAN, NAN, NAN,,2024/04/02 23:02:47.684,2024-04-02 23:02:47.684000+00:00
2024/04/02, 23:03:47.685,37.517,-74.11,10.78,210.01,206.62,11.17,10.2,10.2,1003.1,1003.1,0.0,0.0,11.85,10.06,19,14,10.0,9.5,100.0,100.0,5.0,4.2,252.2,244.7,1005.2,1005.2,25.73,354.03,104.94,32.6362,8.2215,284.0,44.6,1480.467, NAN, NAN, NAN, NAN,,2024/04/02 23:03:47.685,2024-04-02 23:03:47.685000+00:00
2024/04/02, 23:04:47.685,37.514,-74.112,10.72,210.41,209.74,10.99,10.2,10.2,1003.0,1003.0,0.0,0.0,11.85,10.06,19,14,9.6,9.2,100.0,100.0,4.6,4.0,252.9,244.7,1005.1,1005.1,23.67,354.1,96.17,32.644,8.2747,301.1,44.4,1480.678, NAN, NAN, NAN, NAN,,2024/04/02 23:04:47.685,2024-04-02 23:04:47.685000+00:00
2024/04/02, 23:05:47.685,37.512,-74.114,10.75,210.17,209.35,10.76,10.2,10.2,1003.1,1003.1,0.0,0.0,11.85,10.06,20,15,9.4,8.9,100.0,100.0,4.7,3.9,255.5,248.6,1005.2,1005.2,21.14,353.67,87.88,32.6544,8.3081,309.9,44.5,1480.816, NAN, NAN, NAN, NAN,,2024/04/02 23:05:47.685,2024-04-02 23:05:47.685000+00:00
2024/04/02, 23:06:47.685,37.509,-74.116,10.73,210.24,210.54,10.99,10.1,10.2,1003.2,1003.1,0.0,0.0,11.85,10.06,21,15,9.2,8.7,100.0,100.0,4.4,3.5,258.0,248.8,1005.3,1005.2,18.76,353.54,79.48,32.6658,8.3424,329.4,44.6,1480.96, NAN, NAN, NAN, NAN,,2024/04/02 23:06:47.685,2024-04-02 23:06:47.685000+00:00
2024/04/02, 23:07:47.685,37.506,-74.118,10.75,207.19,211.73,10.62,10.1,10.1,1003.3,1003.2,0.0,0.0,11.85,10.06,21,16,9.1,8.7,100.0,100.0,4.2,3.6,251.3,242.9,1005.4,1005.3,16.07,353.67,70.73,32.6769,8.3749,341.2,44.4,1481.096, NAN, NAN, NAN, NAN,,2024/04/02 23:07:47.685,2024-04-02 23:07:47.685000+00:00
2024/04/02, 23:08:47.685,37.504,-74.119,10.66,208.33,208.32,10.87,10.1,10.1,1003.1,1003.0,0.0,0.0,11.85,10.06,23,18,8.7,8.3,100.0,100.0,4.2,3.5,263.0,256.5,1005.2,1005.1,13.41,353.71,62.35,32.6834,8.4227,342.2,44.4,1481.283, NAN, NAN, NAN, NAN,,2024/04/02 23:08:47.685,2024-04-02 23:08:47.685000+00:00
2024/04/02, 23:09:47.685,37.501,-74.121,10.79,208.93,208.42,11.01,10.0,10.1,1003.2,1003.1,0.0,0.0,11.85,10.06,24,19,8.7,8.3,100.0,100.0,4.3,3.5,266.6,260.7,1005.3,1005.2,11.35,353.2,54.14,32.6911,8.4716,342.2,44.6,1481.477, NAN, NAN, NAN, NAN,,2024/04/02 23:09:47.685,2024-04-02 23:09:47.685000+00:00
2024/04/02, 23:10:47.685,37.498,-74.123,10.79,208.26,207.97,11.03,10.0,10.0,1003.4,1003.4,0.0,0.0,11.85,10.06,25,20,8.8,8.3,100.0,100.0,4.3,3.5,265.9,260.7,1005.5,1005.5,9.42,352.77,47.99,32.6966,8.6342,345.6,44.7,1482.092, NAN, NAN, NAN, NAN,,2024/04/02 23:10:47.685,2024-04-02 23:10:47.685000+00:00
2024/04/02, 23:11:47.685,37.496,-74.125,10.88,208.42,212.11,10.95,10.0,10.0,1003.4,1003.4,0.0,0.0,11.85,10.06,23,18,8.8,8.5,100.0,100.0,4.1,3.5,261.3,253.5,1005.5,1005.5,7.69,352.65,42.27,32.7049,8.8509,342.5,44.7,1482.91, NAN, NAN, NAN, NAN,,2024/04/02 23:11:47.685,2024-04-02 23:11:47.685000+00:00
2024/04/02, 23:12:47.685,37.493,-74.127,10.87,207.8,205.13,11.21,10.0,10.0,1003.2,1003.2,0.0,0.0,11.85,10.06,23,17,8.7,8.3,100.0,100.0,4.4,3.5,266.7,259.5,1005.3,1005.3,6.03,352.52,36.98,32.7251,9.0597,363.3,44.5,1483.709, NAN, NAN, NAN, NAN,,2024/04/02 23:12:47.685,2024-04-02 23:12:47.685000+00:00
2024/04/02, 23:13:47.685,37.49,-74.128,10.75,208.14,207.38,10.92,10.0,10.0,1003.5,1003.4,0.0,0.0,11.85,10.06,21,15,8.8,8.4,100.0,100.0,4.2,3.4,260.1,251.3,1005.6,1005.5,4.57,351.86,31.9,32.7833,9.0572,375.6,44.6,1483.771, NAN, NAN, NAN, NAN,,2024/04/02 23:13:47.685,2024-04-02 23:13:47.685000+00:00
2024/04/02, 23:14:47.685,37.487,-74.13,10.57,208.81,210.56,10.84,10.0,10.0,1003.5,1003.4,0.0,0.0,11.85,10.06,20,14,8.9,8.4,100.0,100.0,4.1,3.2,255.7,246.3,1005.6,1005.5,3.38,350.94,27.69,32.8434,8.9308,386.0,44.7,1483.377, NAN, NAN, NAN, NAN,,2024/04/02 23:14:47.685,2024-04-02 23:14:47.685000+00:00
2024/04/02, 23:15:47.685,37.485,-74.132,10.7,208.57,208.98,10.81,9.9,10.0,1003.5,1003.5,0.0,0.0,11.85,10.06,20,15,8.9,8.6,100.0,100.0,4.0,3.5,254.6,245.9,1005.6,1005.6,1.61,350.99,23.3,32.905,8.7978,396.1,13.2,1482.959, NAN, NAN, NAN, NAN,,2024/04/02 23:15:47.685,2024-04-02 23:15:47.685000+00:00
2024/04/02, 23:16:47.685,37.482,-74.134,10.74,207.86,207.29,10.97,10.0,10.0,1003.2,1003.2,0.0,0.0,11.85,10.06,19,13,8.6,8.3,100.0,100.0,3.7,3.1,255.9,244.8,1005.3,1005.3,-0.02,351.17,19.35,32.9017,8.7245,383.0,42.0,1482.682, NAN, NAN, NAN, NAN,,2024/04/02 23:16:47.685,2024-04-02 23:16:47.685000+00:00
2024/04/02, 23:17:47.685,37.479,-74.136,10.78,206.68,206.06,11.16,10.0,10.0,1003.4,1003.4,0.0,0.0,11.85,10.06,19,13,8.7,8.3,100.0,100.0,3.7,2.9,254.0,243.1,1005.5,1005.5,-1.3,352.06,16.41,32.871,8.6844,368.4,44.9,1482.494, NAN, NAN, NAN, NAN,,2024/04/02 23:17:47.685,2024-04-02 23:17:47.685000+00:00
2024/04/02, 23:18:47.686,37.476,-74.137,10.81,208.39,207.99,10.83,10.0,10.0,1003.1,1003.1,0.0,0.0,11.85,10.06,21,15,8.6,8.2,100.0,100.0,4.0,3.2,260.4,251.4,1005.2,1005.2,-2.14,354.78,13.74,32.8424,8.6996,346.2,44.8,1482.516, NAN, NAN, NAN, NAN,,2024/04/02 23:18:47.686,2024-04-02 23:18:47.686000+00:00
2024/04/02, 23:19:47.686,37.474,-74.139,10.78,208.0,207.29,10.94,10.1,10.1,1003.1,1003.1,0.0,0.0,11.85,10.06,20,14,8.6,8.2,100.0,100.0,3.9,3.2,259.5,250.4,1005.2,1005.2,-2.81,356.61,11.89,32.8245,8.7413,368.8,44.9,1482.649, NAN, NAN, NAN, NAN,,2024/04/02 23:19:47.686,2024-04-02 23:19:47.686000+00:00
2024/04/02, 23:20:47.686,37.471,-74.141,10.83,208.53,209.58,10.93,10.2,10.2,1003.0,1003.1,0.0,0.0,11.85,10.06,20,14,8.5,8.2,100.0,100.0,3.7,3.0,258.5,247.6,1005.1,1005.2,-3.21,358.69,10.33,32.8041,8.7744,364.8,44.8,1482.748, NAN, NAN, NAN, NAN,,2024/04/02 23:20:47.686,2024-04-02 23:20:47.686000+00:00
2024/04/02, 23:21:47.686,37.468,-74.143,10.77,207.44,209.22,11.04,10.2,10.3,1003.1,1003.1,0.0,0.0,11.85,10.06,21,16,8.9,8.5,100.0,100.0,4.1,3.4,257.9,250.7,1005.2,1005.2,-3.36,359.53,9.03,32.7974,8.7802,358.4,45.0,1482.761, NAN, NAN, NAN, NAN,,2024/04/02 23:21:47.686,2024-04-02 23:21:47.686000+00:00
2024/04/02, 23:22:47.686,37.466,-74.144,10.75,206.65,208.74,11.0,10.3,10.3,1003.2,1003.1,0.0,0.0,11.85,10.06,17,11,8.8,8.4,100.0,100.0,3.6,2.9,247.3,235.0,1005.3,1005.2,-3.58,357.53,7.88,32.8134,8.7672,364.8,44.8,1482.732, NAN, NAN, NAN, NAN,,2024/04/02 23:22:47.686,2024-04-02 23:22:47.686000+00:00
2024/04/02, 23:23:47.686,37.463,-74.146,10.9,207.18,204.79,10.76,10.2,10.3,1003.1,1003.3,0.0,0.0,11.85,10.06,24,18,8.9,8.5,100.0,100.0,4.6,3.8,262.8,255.0,1005.2,1005.4,-4.01,359.99,6.69,32.8063,8.7434,368.1,44.8,1482.635, NAN, NAN, NAN, NAN,,2024/04/02 23:23:47.686,2024-04-02 23:23:47.686000+00:00
2024/04/02, 23:24:47.686,37.46,-74.148,10.95,207.19,207.44,10.81,10.3,10.3,1003.1,1003.1,0.0,0.0,11.85,10.06,20,15,8.5,8.1,100.0,100.0,3.8,3.1,257.1,249.7,1005.2,1005.2,-4.12,359.23,5.77,32.8094,8.7198,358.7,44.9,1482.551, NAN, NAN, NAN, NAN,,2024/04/02 23:24:47.686,2024-04-02 23:24:47.686000+00:00
2024/04/02, 23:25:47.686,37.457,-74.149,10.8,208.14,205.21,10.81,10.4,10.4,1003.1,1003.1,0.0,0.0,11.85,10.06,22,16,8.8,8.4,100.0,100.0,4.4,3.6,261.7,253.5,1005.2,1005.2,-4.33,357.88,4.94,32.8032,8.6968,374.0,44.5,1482.457, NAN, NAN, NAN, NAN,,2024/04/02 23:25:47.686,2024-04-02 23:25:47.686000+00:00
2024/04/02, 23:26:47.686,37.455,-74.151,10.87,209.05,208.58,10.82,10.4,10.4,1003.4,1003.3,0.0,0.0,11.85,10.06,22,17,8.5,8.3,100.0,100.0,4.1,3.5,264.5,256.8,1005.5,1005.4,-4.28,357.51,4.25,32.7947,8.6887,370.2,44.8,1482.417, NAN, NAN, NAN, NAN,,2024/04/02 23:26:47.686,2024-04-02 23:26:47.686000+00:00
2024/04/02, 23:27:47.686,37.452,-74.153,10.77,207.23,207.33,10.78,10.5,10.5,1003.3,1003.3,0.0,0.0,11.85,10.06,24,19,8.5,8.2,100.0,100.0,4.2,3.6,265.5,259.0,1005.4,1005.4,-4.51,356.21,3.64,32.79,8.6815,365.4,44.6,1482.384, NAN, NAN, NAN, NAN,,2024/04/02 23:27:47.686,2024-04-02 23:27:47.686000+00:00
2024/04/02, 23:28:47.686,37.449,-74.154,10.77,208.34,202.72,10.65,10.5,10.5,1003.3,1003.3,0.0,0.0,11.85,10.06,23,18,8.8,8.4,100.0,100.0,4.5,3.8,263.0,257.0,1005.4,1005.4,-4.66,357.05,3.04,32.7841,8.6592,376.9,44.8,1482.293, NAN, NAN, NAN, NAN,,2024/04/02 23:28:47.686,2024-04-02 23:28:47.686000+00:00
2024/04/02, 23:29:47.686,37.447,-74.156,10.76,207.98,208.18,10.53,10.5,10.6,1003.4,1003.4,0.0,0.0,11.85,10.06,19,14,8.1,7.7,100.0,100.0,3.4,2.8,257.3,249.8,1005.5,1005.5,-4.65,356.27,2.61,32.7792,8.6387,380.0,44.9,1482.211, NAN, NAN, NAN, NAN,,2024/04/02 23:29:47.686,2024-04-02 23:29:47.686000+00:00
2024/04/02, 23:30:47.686,37.444,-74.158,10.78,208.2,207.35,10.86,10.4,10.4,1003.3,1003.3,0.0,0.0,11.85,10.06,23,18,8.0,7.6,100.0,100.0,3.8,3.1,270.3,265.7,1005.4,1005.4,-4.8,359.01,2.22,32.775,8.6215,381.7,44.8,1482.141, NAN, NAN, NAN, NAN,,2024/04/02 23:30:47.686,2024-04-02 23:30:47.686000+00:00
2024/04/02, 23:31:47.686,37.441,-74.159,10.78,208.49,201.3,10.95,10.4,10.4,1003.4,1003.4,0.0,0.0,11.85,10.06,21,16,8.0,7.6,100.0,100.0,3.8,3.0,269.1,264.6,1005.5,1005.5,-4.84,359.76,1.86,32.7667,8.6086,379.3,44.7,1482.083, NAN, NAN, NAN, NAN,,2024/04/02 23:31:47.686,2024-04-02 23:31:47.686000+00:00
2024/04/02, 23:32:47.686,37.439,-74.161,10.76,207.36,203.69,10.69,10.4,10.4,1003.3,1003.3,0.0,0.0,11.85,10.06,28,22,7.7,7.4,100.0,100.0,4.1,3.4,278.8,273.2,1005.4,1005.4,-5.01,362.44,1.53,32.7588,8.599,378.4,44.8,1482.037, NAN, NAN, NAN, NAN,,2024/04/02 23:32:47.686,2024-04-02 23:32:47.686000+00:00
2024/04/02, 23:33:47.686,37.436,-74.163,10.8,206.62,202.77,10.82,10.5,10.5,1003.3,1003.3,0.0,0.0,11.85,10.06,21,16,7.7,7.4,100.0,100.0,3.5,2.8,268.6,263.1,1005.4,1005.4,-5.06,360.85,1.2,32.7544,8.5981,400.6,44.9,1482.029, NAN, NAN, NAN, NAN,,2024/04/02 23:33:47.686,2024-04-02 23:33:47.686000+00:00
2024/04/02, 23:34:47.687,37.433,-74.164,10.8,207.57,204.31,10.82,10.4,10.4,1003.4,1003.4,0.0,0.0,11.85,10.06,25,21,6.8,7.3,100.0,100.0,3.1,3.0,286.2,273.0,1005.5,1005.5,-5.02,361.76,0.95,32.7508,8.5799,405.2,44.9,1481.956, NAN, NAN, NAN, NAN,,2024/04/02 23:34:47.687,2024-04-02 23:34:47.687000+00:00
2024/04/02, 23:35:47.687,37.43,-74.166,10.76,207.94,205.8,10.84,10.6,10.6,1003.5,1003.5,0.0,0.0,11.85,10.06,33,29,7.3,8.0,100.0,100.0,4.2,4.3,290.4,278.7,1005.6,1005.6,-5.19,364.04,0.75,32.7465,8.5847,401.2,45.0,1481.969, NAN, NAN, NAN, NAN,,2024/04/02 23:35:47.687,2024-04-02 23:35:47.687000+00:00
2024/04/02, 23:36:47.687,37.428,-74.168,10.8,208.04,206.24,10.8,10.5,10.5,1003.5,1003.5,0.0,0.0,11.85,10.06,36,31,7.3,8.8,100.0,100.0,4.4,5.1,293.4,274.8,1005.6,1005.6,-5.28,362.11,0.59,32.7425,8.5573,397.9,45.0,1481.861, NAN, NAN, NAN, NAN,,2024/04/02 23:36:47.687,2024-04-02 23:36:47.687000+00:00
2024/04/02, 23:37:47.687,37.425,-74.169,10.78,207.67,202.83,10.96,10.5,10.5,1003.7,1003.7,0.0,0.0,11.85,10.06,37,32,7.2,9.2,100.0,100.0,4.5,5.5,296.2,274.3,1005.8,1005.8,-5.23,365.08,0.45,32.7382,8.5194,391.5,44.9,1481.714, NAN, NAN, NAN, NAN,,2024/04/02 23:37:47.687,2024-04-02 23:37:47.687000+00:00
2024/04/02, 23:38:47.687,37.422,-74.171,10.9,207.26,203.48,11.03,10.5,10.5,1003.7,1003.7,0.0,0.0,11.85,10.06,37,32,7.4,8.7,100.0,100.0,4.8,5.3,294.3,278.2,1005.8,1005.8,-5.28,361.39,0.34,32.7299,8.4928,404.3,45.0,1481.604, NAN, NAN, NAN, NAN,,2024/04/02 23:38:47.687,2024-04-02 23:38:47.687000+00:00
2024/04/02, 23:39:47.687,37.419,-74.173,10.82,207.56,203.79,10.87,10.6,10.6,1003.5,1003.6,0.0,0.0,11.85,10.06,31,26,7.3,7.1,100.0,100.0,4.0,3.4,288.0,284.1,1005.6,1005.7,-5.28,359.32,0.26,32.7186,8.4932,400.3,44.9,1481.592, NAN, NAN, NAN, NAN,,2024/04/02 23:39:47.687,2024-04-02 23:39:47.687000+00:00
2024/04/02, 23:40:47.687,37.417,-74.174,10.84,207.89,205.1,11.06,10.6,10.6,1003.5,1003.5,0.0,0.0,11.85,10.06,32,27,7.2,7.0,100.0,100.0,4.0,3.4,291.8,288.5,1005.6,1005.6,-5.3,359.61,0.2,32.7118,8.5124,381.1,45.0,1481.655, NAN, NAN, NAN, NAN,,2024/04/02 23:40:47.687,2024-04-02 23:40:47.687000+00:00
2024/04/02, 23:41:47.687,37.414,-74.176,10.86,207.67,209.08,11.18,10.5,10.5,1003.5,1003.5,0.0,0.0,11.85,10.06,28,22,7.3,7.0,100.0,100.0,3.5,2.8,286.2,282.0,1005.6,1005.6,-5.26,359.47,0.15,32.6957,8.5303,378.4,45.0,1481.702, NAN, NAN, NAN, NAN,,2024/04/02 23:41:47.687,2024-04-02 23:41:47.687000+00:00
2024/04/02, 23:42:47.687,37.411,-74.178,10.82,207.77,201.89,11.1,10.5,10.5,1003.5,1003.5,0.0,0.0,11.85,10.06,28,23,7.3,7.2,100.0,100.0,3.9,3.3,286.6,281.4,1005.6,1005.6,-5.39,362.51,0.12,32.7012,8.5444,372.0,45.0,1481.762, NAN, NAN, NAN, NAN,,2024/04/02 23:42:47.687,2024-04-02 23:42:47.687000+00:00
2024/04/02, 23:43:47.687,37.408,-74.179,10.86,207.24,203.36,11.17,10.7,10.7,1003.5,1003.5,0.0,0.0,11.85,10.06,28,23,7.0,7.0,100.0,100.0,3.6,3.1,290.1,283.9,1005.6,1005.6,-5.29,364.56,0.08,32.6977,8.5622,370.2,45.2,1481.824, NAN, NAN, NAN, NAN,,2024/04/02 23:43:47.687,2024-04-02 23:43:47.687000+00:00
2024/04/02, 23:44:47.687,37.406,-74.181,10.75,207.78,206.95,11.07,10.8,10.8,1003.5,1003.4,0.0,0.0,11.85,10.06,29,24,7.4,7.1,100.0,100.0,3.8,3.1,285.9,283.0,1005.6,1005.5,-5.4,366.37,0.06,32.6955,8.5798,367.0,45.0,1481.888, NAN, NAN, NAN, NAN,,2024/04/02 23:44:47.687,2024-04-02 23:44:47.687000+00:00
2024/04/02, 23:45:47.687,37.403,-74.183,10.76,208.35,204.68,11.0,10.7,10.8,1003.7,1003.6,0.0,0.0,11.85,10.06,32,27,7.2,7.1,100.0,100.0,4.2,3.6,292.0,287.5,1005.8,1005.7,-5.3,368.98,0.05,32.6942,8.5781,374.4,45.1,1481.88, NAN, NAN, NAN, NAN,,2024/04/02 23:45:47.687,2024-04-02 23:45:47.687000+00:00
2024/04/02, 23:46:47.687,37.4,-74.184,10.8,208.39,208.15,11.01,10.7,10.8,1003.8,1003.7,0.0,0.0,11.85,10.06,38,33,7.5,9.4,100.0,100.0,4.8,5.7,295.4,275.5,1005.9,1005.8,-5.25,372.05,0.03,32.6941,8.5634,380.3,44.9,1481.824, NAN, NAN, NAN, NAN,,2024/04/02 23:46:47.687,2024-04-02 23:46:47.687000+00:00
2024/04/02, 23:47:47.687,37.397,-74.186,10.82,208.13,204.97,11.01,10.7,10.7,1003.9,1003.9,0.0,0.0,11.85,10.06,43,37,7.7,9.7,100.0,100.0,5.5,6.4,298.4,279.0,1006.0,1006.0,-5.25,375.88,0.01,32.6926,8.5465,372.4,45.2,1481.759, NAN, NAN, NAN, NAN,,2024/04/02 23:47:47.687,2024-04-02 23:47:47.687000+00:00
2024/04/02, 23:48:47.687,37.395,-74.188,10.83,208.39,207.07,11.17,10.7,10.7,1004.0,1004.1,0.0,0.0,11.85,10.06,48,42,7.7,9.6,100.0,100.0,5.8,6.7,304.2,286.3,1006.1,1006.2,-5.22,382.03,0.0,32.691,8.5495,380.8,45.2,1481.769, NAN, NAN, NAN, NAN,,2024/04/02 23:48:47.687,2024-04-02 23:48:47.687000+00:00
2024/04/02, 23:49:47.688,37.392,-74.19,10.77,207.02,206.98,11.12,10.7,10.7,1003.8,1003.9,0.0,0.0,11.85,10.06,46,40,7.4,9.3,100.0,100.0,5.4,6.2,303.1,283.8,1005.9,1006.0,-5.08,385.87,-0.0,32.6908,8.5627,384.1,45.1,1481.818, NAN, NAN, NAN, NAN,,2024/04/02 23:49:47.688,2024-04-02 23:49:47.688000+00:00
2024/04/02, 23:50:47.688,37.389,-74.191,10.79,208.16,204.99,10.97,10.5,10.6,1003.9,1004.0,0.0,0.0,11.85,10.06,42,36,7.1,9.1,100.0,100.0,5.0,5.9,302.3,281.0,1006.0,1006.1,-5.12,384.05,-0.0,32.6898,8.579,384.4,45.1,1481.877, NAN, NAN, NAN, NAN,,2024/04/02 23:50:47.688,2024-04-02 23:50:47.688000+00:00
2024/04/02, 23:51:47.688,37.386,-74.193,10.81,207.94,204.46,11.14,10.5,10.6,1004.0,1004.1,0.0,0.0,11.85,10.06,48,41,7.4,9.4,100.0,100.0,5.8,6.6,305.5,285.9,1006.1,1006.2,-5.27,383.31,-0.01,32.6884,8.5618,393.4,45.1,1481.811, NAN, NAN, NAN, NAN,,2024/04/02 23:51:47.688,2024-04-02 23:51:47.688000+00:00
2024/04/02, 23:52:47.688,37.384,-74.195,10.87,207.88,207.94,11.05,10.9,10.9,1004.0,1004.1,0.0,0.0,11.85,10.06,47,40,7.7,9.7,100.0,100.0,5.6,6.5,302.2,282.2,1006.1,1006.2,-5.33,383.62,-0.01,32.6856,8.5449,390.8,45.1,1481.745, NAN, NAN, NAN, NAN,,2024/04/02 23:52:47.688,2024-04-02 23:52:47.688000+00:00
2024/04/02, 23:53:47.688,37.381,-74.196,10.78,207.64,205.56,10.79,10.9,10.9,1004.0,1004.1,0.0,0.0,11.85,10.06,44,38,7.9,9.7,100.0,100.0,5.6,6.5,296.2,278.7,1006.1,1006.2,-5.16,384.45,-0.01,32.6829,8.5509,385.7,45.0,1481.764, NAN, NAN, NAN, NAN,,2024/04/02 23:53:47.688,2024-04-02 23:53:47.688000+00:00
2024/04/02, 23:54:47.688,37.378,-74.198,10.72,206.93,208.38,11.13,10.9,10.9,1004.1,1004.3,0.0,0.0,11.85,10.06,46,39,7.8,9.8,100.0,100.0,5.7,6.5,300.0,280.0,1006.2,1006.4,-5.13,386.42,-0.01,32.6803,8.5525,386.0,45.1,1481.767, NAN, NAN, NAN, NAN,,2024/04/02 23:54:47.688,2024-04-02 23:54:47.688000+00:00
2024/04/02, 23:55:47.688,37.375,-74.2,10.79,208.31,207.63,11.14,11.0,11.0,1004.2,1004.1,0.0,0.0,11.85,10.06,48,41,7.8,9.6,100.0,100.0,5.9,6.5,303.3,284.9,1006.3,1006.2,-4.95,389.89,-0.01,32.6785,8.5256,397.6,45.2,1481.664, NAN, NAN, NAN, NAN,,2024/04/02 23:55:47.688,2024-04-02 23:55:47.688000+00:00
2024/04/02, 23:56:47.688,37.373,-74.202,10.8,209.34,209.0,11.0,11.0,11.0,1004.1,1004.1,0.0,0.0,11.85,10.06,46,40,7.6,9.5,100.0,100.0,5.6,6.4,303.2,284.7,1006.2,1006.2,-4.93,387.43,-0.02,32.6743,8.504,393.1,45.2,1481.577, NAN, NAN, NAN, NAN,,2024/04/02 23:56:47.688,2024-04-02 23:56:47.688000+00:00
2024/04/02, 23:57:47.688,37.37,-74.203,10.81,207.27,206.09,10.88,11.0,11.0,1004.2,1004.3,0.0,0.0,11.85,10.06,56,48,7.8,9.5,100.0,100.0,6.6,7.1,308.0,291.1,1006.3,1006.4,-5.02,389.94,-0.02,32.6725,8.5275,380.3,45.2,1481.663, NAN, NAN, NAN, NAN,,2024/04/02 23:57:47.688,2024-04-02 23:57:47.688000+00:00
2024/04/02, 23:58:47.688,37.367,-74.205,10.78,208.0,204.29,11.25,11.2,11.2,1004.3,1004.3,0.0,0.0,11.85,10.06,57,49,7.8,9.6,100.0,100.0,7.0,7.5,310.6,294.0,1006.4,1006.4,-5.06,390.38,-0.01,32.6694,8.5933,379.3,45.2,1481.906, NAN, NAN, NAN, NAN,,2024/04/02 23:58:47.688,2024-04-02 23:58:47.688000+00:00
2024/04/02, 23:59:47.688,37.364,-74.207,10.79,208.13,205.83,10.94,11.2,11.3,1004.3,1004.3,0.0,0.0,11.85,10.06,55,48,7.4,9.3,100.0,100.0,6.4,7.1,310.5,293.3,1006.4,1006.4,-4.81,389.1,-0.01,32.6685,8.5854,364.8,45.3,1481.875, NAN, NAN, NAN, NAN,,2024/04/02 23:59:47.688,2024-04-02 23:59:47.688000+00:00
2024/03/31, 00:00:32.925, 41.524, -70.672, 0.16,24.55,164.11, 0.020, NAN,7.4, NAN,1003.1, NAN,0.0, NAN,102.0, NAN,228, NAN,7.9, NAN,70.6, NAN, 7.9, NAN, 252.6, NAN,1005.2,-6.01,291.1,-0.02,5.8646,6.0952,126.0,0.0,1438.587, NAN, NAN, NAN, NAN,,2024/03/31 00:00:32.925,2024-03-31 00:00:32.925000+00:00
2024/03/31, 00:01:32.925, 41.524, -70.672, 0.11,24.63,347.53, 0.020, NAN,7.4, NAN,1003.2, NAN,0.0, NAN,102.0, NAN,224, NAN,5.5, NAN,71.0, NAN, 5.5, NAN, 248.5, NAN,1005.3,-5.87,291.97,-0.03,5.8647,6.0911,126.3,0.0,1438.569, NAN, NAN, NAN, NAN,,2024/03/31 00:01:32.925,2024-03-31 00:01:32.925000+00:00
2024/03/31, 00:02:32.925, 41.524, -70.672, 0.06,24.54,166.93, 0.010, NAN,7.4, NAN,1003.1, NAN,0.0, NAN,102.0, NAN,224, NAN,7.0, NAN,71.3, NAN, 7.0, NAN, 248.6, NAN,1005.2,-5.97,292.86,-0.02,5.8646,6.0865,126.3,0.0,1438.55, NAN, NAN, NAN, NAN,,2024/03/31 00:02:32.925,2024-03-31 00:02:32.925000+00:00
2024/03/31, 00:03:32.925, 41.524, -70.672, 0.12,24.53,134.47, 0.000, NAN,7.4, NAN,1003.1, NAN,0.0, NAN,102.0, NAN,235, NAN,5.9, NAN,70.8, NAN, 5.9, NAN, 259.5, NAN,1005.2,-5.8,293.08,-0.02,5.8645,6.0823,126.6,0.0,1438.531, NAN, NAN, NAN, NAN,,2024/03/31 00:03:32.925,2024-03-31 00:03:32.925000+00:00
2024/03/31, 00:04:32.925, 41.524, -70.672, 0.03,24.63,185.39, 0.010, NAN,7.4, NAN,1003.1, NAN,0.0, NAN,102.0, NAN,242, NAN,5.6, NAN,71.0, NAN, 5.6, NAN, 266.7, NAN,1005.2,-5.83,293.5,-0.02,5.8645,6.081,126.9,0.0,1438.526, NAN, NAN, NAN, NAN,,2024/03/31 00:04:32.925,2024-03-31 00:04:32.925000+00:00
2024/03/31, 00:05:32.925, 41.524, -70.672, 0.15,24.57,160.33, 0.000, NAN,7.4, NAN,1003.1, NAN,0.0, NAN,102.0, NAN,230, NAN,5.0, NAN,71.0, NAN, 5.0, NAN, 254.6, NAN,1005.2,-5.91,293.79,-0.02,5.8645,6.0811,126.3,0.0,1438.526, NAN, NAN, NAN, NAN,,2024/03/31 00:05:32.925,2024-03-31 00:05:32.925000+00:00
2024/03/31, 00:06:32.925, 41.524, -70.672, 0.10,24.61,129.35, 0.000, NAN,7.4, NAN,1003.1, NAN,0.0, NAN,102.0, NAN,231, NAN,8.0, NAN,70.7, NAN, 8.0, NAN, 255.6, NAN,1005.2,-5.87,294.51,-0.02,5.8645,6.0804,126.3,0.0,1438.523, NAN, NAN, NAN, NAN,,2024/03/31 00:06:32.925,2024-03-31 00:06:32.925000+00:00
2024/03/31, 00:07:32.925, 41.524, -70.672, 0.09,24.62,286.91, 0.010, NAN,7.4, NAN,1003.1, NAN,0.0, NAN,102.0, NAN,226, NAN,7.2, NAN,70.2, NAN, 7.2, NAN, 250.6, NAN,1005.2,-5.87,295.08,-0.02,5.8644,6.0762,126.6,0.0,1438.505, NAN, NAN, NAN, NAN,,2024/03/31 00:07:32.925,2024-03-31 00:07:32.925000+00:00
2024/03/31, 00:08:32.925, 41.524, -70.672, 0.15,24.57,202.48, 0.000, NAN,7.4, NAN,1003.1, NAN,0.0, NAN,102.0, NAN,229, NAN,8.7, NAN,69.7, NAN, 8.7, NAN, 253.6, NAN,1005.2,-5.72,295.52,-0.02,5.8644,6.0741,126.0,0.0,1438.496, NAN, NAN, NAN, NAN,,2024/03/31 00:08:32.925,2024-03-31 00:08:32.925000+00:00
2024/03/31, 00:09:32.925, 41.524, -70.672, 0.09,24.62,335.96, 0.010, NAN,7.5, NAN,1003.1, NAN,0.0, NAN,102.0, NAN,234, NAN,8.3, NAN,69.7, NAN, 8.3, NAN, 258.6, NAN,1005.2,-5.61,294.97,-0.03,5.8644,6.0728,126.6,0.0,1438.49, NAN, NAN, NAN, NAN,,2024/03/31 00:09:32.925,2024-03-31 00:09:32.925000+00:00
2024/03/31, 00:10:32.925, 41.524, -70.672, 0.08,24.63,312.98, 0.010, NAN,7.6, NAN,1003.1, NAN,0.0, NAN,102.0, NAN,233, NAN,5.9, NAN,68.9, NAN, 5.9, NAN, 257.7, NAN,1005.2,-5.58,294.58,-0.02,5.8643,6.0691,126.3,0.0,1438.474, NAN, NAN, NAN, NAN,,2024/03/31 00:10:32.925,2024-03-31 00:10:32.925000+00:00
2024/03/31, 00:11:32.925, 41.524, -70.672, -0.03,24.63,187.5, 0.010, NAN,7.6, NAN,1003.0, NAN,0.0, NAN,102.0, NAN,233, NAN,7.9, NAN,69.2, NAN, 7.9, NAN, 257.7, NAN,1005.1,-5.58,294.52,-0.02,5.8644,6.0647,126.3,0.0,1438.456, NAN, NAN, NAN, NAN,,2024/03/31 00:11:32.925,2024-03-31 00:11:32.925000+00:00
2024/03/31, 00:12:32.925, 41.524, -70.672, 0.08,24.63,17.31, 0.020, NAN,7.6, NAN,1003.1, NAN,0.0, NAN,102.0, NAN,234, NAN,8.2, NAN,69.0, NAN, 8.2, NAN, 258.6, NAN,1005.2,-5.64,294.27,-0.02,5.8644,6.0591,126.0,0.0,1438.431, NAN, NAN, NAN, NAN,,2024/03/31 00:12:32.925,2024-03-31 00:12:32.925000+00:00
2024/03/31, 00:13:32.925, 41.524, -70.672, 0.01,24.6,87.75, 0.010, NAN,7.6, NAN,1003.1, NAN,0.0, NAN,102.0, NAN,227, NAN,9.5, NAN,69.0, NAN, 9.5, NAN, 251.6, NAN,1005.2,-5.64,294.15,-0.03,5.8643,6.0561,126.6,0.0,1438.418, NAN, NAN, NAN, NAN,,2024/03/31 00:13:32.925,2024-03-31 00:13:32.925000+00:00
2024/03/31, 00:14:32.926, 41.524, -70.672, 0.02,24.67,202.84, 0.010, NAN,7.6, NAN,1003.1, NAN,0.0, NAN,102.0, NAN,230, NAN,8.5, NAN,68.8, NAN, 8.5, NAN, 254.7, NAN,1005.2,-5.61,293.8,-0.03,5.8643,6.0547,126.3,0.0,1438.412, NAN, NAN, NAN, NAN,,2024/03/31 00:14:32.926,2024-03-31 00:14:32.926000+00:00
2024/03/31, 00:15:32.926, 41.524, -70.672, 0.01,24.69,323.14, 0.020, NAN,7.6, NAN,1003.1, NAN,0.0, NAN,102.0, NAN,231, NAN,8.9, NAN,69.2, NAN, 8.9, NAN, 255.6, NAN,1005.2,-5.63,293.68,-0.03,5.8643,6.0541,126.3,0.0,1438.41, NAN, NAN, NAN, NAN,,2024/03/31 00:15:32.926,2024-03-31 00:15:32.926000+00:00
2024/03/31, 00:16:32.926, 41.524, -70.672, -0.01,24.6,6.36, 0.000, NAN,7.6, NAN,1003.1, NAN,0.0, NAN,102.0, NAN,232, NAN,8.0, NAN,69.6, NAN, 8.0, NAN, 256.6, NAN,1005.2,-5.63,293.23,-0.03,5.8642,6.0543,126.6,0.0,1438.411, NAN, NAN, NAN, NAN,,2024/03/31 00:16:32.926,2024-03-31 00:16:32.926000+00:00
2024/03/31, 00:17:32.926, 41.524, -70.672, 0.12,24.66,309.92, 0.010, NAN,7.6, NAN,1003.0, NAN,0.0, NAN,102.0, NAN,236, NAN,7.3, NAN,69.5, NAN, 7.3, NAN, 260.6, NAN,1005.1,-5.69,292.8,-0.03,5.8644,6.0543,127.2,0.0,1438.411, NAN, NAN, NAN, NAN,,2024/03/31 00:17:32.926,2024-03-31 00:17:32.926000+00:00
2024/03/31, 00:18:32.926, 41.524, -70.672, 0.00,24.59,265.23, 0.000, NAN,7.6, NAN,1003.0, NAN,0.0, NAN,102.0, NAN,232, NAN,7.1, NAN,69.9, NAN, 7.1, NAN, 256.6, NAN,1005.1,-5.59,292.02,-0.02,5.8644,6.0504,126.3,0.0,1438.394, NAN, NAN, NAN, NAN,,2024/03/31 00:18:32.926,2024-03-31 00:18:32.926000+00:00
2024/03/31, 00:19:32.926, 41.524, -70.672, 0.03,24.6,36.23, 0.000, NAN,7.5, NAN,1003.0, NAN,0.0, NAN,102.0, NAN,227, NAN,9.7, NAN,70.6, NAN, 9.7, NAN, 251.6, NAN,1005.1,-5.67,291.7,-0.02,5.8643,6.0468,126.0,0.0,1438.378, NAN, NAN, NAN, NAN,,2024/03/31 00:19:32.926,2024-03-31 00:19:32.926000+00:00
2024/03/31, 00:20:32.926, 41.524, -70.672, 0.12,24.57,147.51, 0.010, NAN,7.5, NAN,1003.1, NAN,0.0, NAN,102.0, NAN,232, NAN,9.0, NAN,70.8, NAN, 9.0, NAN, 256.6, NAN,1005.2,-5.75,291.62,-0.02,5.8643,6.0493,126.3,0.0,1438.389, NAN, NAN, NAN, NAN,,2024/03/31 00:20:32.926,2024-03-31 00:20:32.926000+00:00
2024/03/31, 00:21:32.926, 41.524, -70.672, 0.06,24.63,322.47, 0.010, NAN,7.5, NAN,1003.1, NAN,0.0, NAN,102.0, NAN,233, NAN,7.3, NAN,70.8, NAN, 7.3, NAN, 257.6, NAN,1005.2,-5.77,291.05,-0.02,5.8643,6.0544,126.0,0.0,1438.411, NAN, NAN, NAN, NAN,,2024/03/31 00:21:32.926,2024-03-31 00:21:32.926000+00:00
2024/03/31, 00:22:32.926, 41.524, -70.672, 0.10,24.62,43.14, 0.000, NAN,7.5, NAN,1003.0, NAN,0.0, NAN,102.0, NAN,231, NAN,5.1, NAN,71.3, NAN, 5.1, NAN, 255.6, NAN,1005.1,-5.81,290.32,-0.03,5.8644,6.0572,126.3,0.0,1438.423, NAN, NAN, NAN, NAN,,2024/03/31 00:22:32.926,2024-03-31 00:22:32.926000+00:00
2024/03/31, 00:23:32.926, 41.524, -70.672, 0.02,24.6,130.09, 0.000, NAN,7.4, NAN,1003.0, NAN,0.0, NAN,102.0, NAN,239, NAN,7.3, NAN,71.6, NAN, 7.3, NAN, 263.6, NAN,1005.1,-5.89,290.18,-0.03,5.8644,6.0565,126.3,0.0,1438.42, NAN, NAN, NAN, NAN,,2024/03/31 00:23:32.926,2024-03-31 00:23:32.926000+00:00
2024/03/31, 00:24:32.926, 41.524, -70.672, 0.05,24.65,226.4, 0.010, NAN,7.4, NAN,1003.1, NAN,0.0, NAN,102.0, NAN,231, NAN,7.0, NAN,71.8, NAN, 7.0, NAN, 255.7, NAN,1005.2,-5.93,289.71,-0.03,5.8644,6.0535,126.0,0.0,1438.407, NAN, NAN, NAN, NAN,,2024/03/31 00:24:32.926,2024-03-31 00:24:32.926000+00:00
2024/03/31, 00:25:32.926, 41.524, -70.672, -0.04,24.63,293.62, 0.000, NAN,7.4, NAN,1003.0, NAN,0.0, NAN,102.0, NAN,235, NAN,9.3, NAN,72.1, NAN, 9.3, NAN, 259.6, NAN,1005.1,-5.9,289.72,-0.03,5.8644,6.05,126.3,0.0,1438.392, NAN, NAN, NAN, NAN,,2024/03/31 00:25:32.926,2024-03-31 00:25:32.926000+00:00
2024/03/31, 00:26:32.926, 41.524, -70.672, -0.01,24.6,126.97, 0.010, NAN,7.4, NAN,1003.1, NAN,0.0, NAN,102.0, NAN,248, NAN,3.6, NAN,72.1, NAN, 3.6, NAN, 272.6, NAN,1005.2,-5.98,289.51,-0.03,5.8645,6.05,126.0,0.0,1438.392, NAN, NAN, NAN, NAN,,2024/03/31 00:26:32.926,2024-03-31 00:26:32.926000+00:00
2024/03/31, 00:27:32.926, 41.524, -70.672, 0.14,24.55,92.21, 0.010, NAN,7.4, NAN,1003.1, NAN,0.0, NAN,102.0, NAN,236, NAN,4.6, NAN,72.5, NAN, 4.6, NAN, 260.5, NAN,1005.2,-6.06,289.75,-0.02,5.8645,6.051,126.6,0.0,1438.397, NAN, NAN, NAN, NAN,,2024/03/31 00:27:32.926,2024-03-31 00:27:32.926000+00:00
2024/03/31, 00:28:32.926, 41.524, -70.672, 0.16,24.58,32.67, 0.000, NAN,7.4, NAN,1003.1, NAN,0.0, NAN,102.0, NAN,234, NAN,9.8, NAN,72.7, NAN, 9.8, NAN, 258.6, NAN,1005.2,-6.06,289.9,-0.02,5.8645,6.0532,127.6,0.0,1438.406, NAN, NAN, NAN, NAN,,2024/03/31 00:28:32.926,2024-03-31 00:28:32.926000+00:00
2024/03/31, 00:29:32.926, 41.524, -70.672, 0.09,24.62,171.42, 0.010, NAN,7.4, NAN,1003.1, NAN,0.0, NAN,102.0, NAN,236, NAN,7.3, NAN,72.5, NAN, 7.3, NAN, 260.6, NAN,1005.2,-5.97,289.66,-0.03,5.8645,6.0557,126.0,0.0,1438.417, NAN, NAN, NAN, NAN,,2024/03/31 00:29:32.926,2024-03-31 00:29:32.926000+00:00
2024/03/31, 00:30:32.927, 41.524, -70.672, 0.08,24.63,285.62, 0.010, NAN,7.4, NAN,1003.1, NAN,0.0, NAN,102.0, NAN,238, NAN,5.7, NAN,72.6, NAN, 5.7, NAN, 262.6, NAN,1005.2,-5.96,290.15,-0.03,5.8646,6.0569,126.6,0.0,1438.422, NAN, NAN, NAN, NAN,,2024/03/31 00:30:32.927,2024-03-31 00:30:32.927000+00:00
2024/03/31, 00:31:32.927, 41.524, -70.672, 0.01,24.62,100.99, 0.010, NAN,7.4, NAN,1003.1, NAN,0.0, NAN,102.0, NAN,243, NAN,6.9, NAN,72.8, NAN, 6.9, NAN, 267.6, NAN,1005.2,-5.95,290.33,-0.03,5.8646,6.0551,126.0,0.0,1438.415, NAN, NAN, NAN, NAN,,2024/03/31 00:31:32.927,2024-03-31 00:31:32.927000+00:00
2024/03/31, 00:32:32.927, 41.524, -70.672, -0.01,24.57,332.17, 0.000, NAN,7.4, NAN,1003.1, NAN,0.0, NAN,102.0, NAN,242, NAN,6.7, NAN,72.8, NAN, 6.7, NAN, 266.6, NAN,1005.2,-5.99,290.75,-0.02,5.8646,6.0536,126.0,0.0,1438.408, NAN, NAN, NAN, NAN,,2024/03/31 00:32:32.927,2024-03-31 00:32:32.927000+00:00
2024/03/31, 00:33:32.927, 41.524, -70.672, -0.03,24.56,161.6, 0.020, NAN,7.4, NAN,1003.1, NAN,0.0, NAN,102.0, NAN,228, NAN,4.6, NAN,72.8, NAN, 4.6, NAN, 252.7, NAN,1005.2,-5.92,290.83,-0.02,5.8647,6.0532,126.3,0.0,1438.406, NAN, NAN, NAN, NAN,,2024/03/31 00:33:32.927,2024-03-31 00:33:32.927000+00:00
2024/03/31, 00:34:32.927, 41.524, -70.672, 0.20,24.63,247.82, 0.010, NAN,7.4, NAN,1003.1, NAN,0.0, NAN,102.0, NAN,229, NAN,8.6, NAN,73.1, NAN, 8.6, NAN, 253.6, NAN,1005.2,-5.88,291.61,-0.03,5.8646,6.0521,125.7,0.0,1438.402, NAN, NAN, NAN, NAN,,2024/03/31 00:34:32.927,2024-03-31 00:34:32.927000+00:00
2024/03/31, 00:35:32.927, 41.524, -70.672, 0.07,24.56,218.64, 0.010, NAN,7.4, NAN,1003.1, NAN,0.0, NAN,102.0, NAN,234, NAN,6.1, NAN,73.0, NAN, 6.1, NAN, 258.6, NAN,1005.2,-5.7,292.21,-0.02,5.8646,6.052,126.6,0.0,1438.401, NAN, NAN, NAN, NAN,,2024/03/31 00:35:32.927,2024-03-31 00:35:32.927000+00:00
2024/03/31, 00:36:32.927, 41.524, -70.672, 0.05,24.65,273.3, 0.000, NAN,7.4, NAN,1003.1, NAN,0.0, NAN,102.0, NAN,233, NAN,8.1, NAN,73.2, NAN, 8.1, NAN, 257.6, NAN,1005.2,-5.76,292.53,-0.04,5.8647,6.0515,126.6,0.0,1438.399, NAN, NAN, NAN, NAN,,2024/03/31 00:36:32.927,2024-03-31 00:36:32.927000+00:00
2024/03/31, 00:37:32.927, 41.524, -70.672, 0.08,24.58,173.65, 0.000, NAN,7.4, NAN,1003.1, NAN,0.0, NAN,102.0, NAN,231, NAN,8.7, NAN,73.1, NAN, 8.7, NAN, 255.6, NAN,1005.2,-5.54,292.93,-0.04,5.8648,6.0521,126.3,0.0,1438.402, NAN, NAN, NAN, NAN,,2024/03/31 00:37:32.927,2024-03-31 00:37:32.927000+00:00
2024/03/31, 00:38:32.927, 41.524, -70.672, 0.13,24.63,301.87, 0.000, NAN,7.4, NAN,1003.2, NAN,0.0, NAN,102.0, NAN,236, NAN,8.2, NAN,73.1, NAN, 8.2, NAN, 260.6, NAN,1005.3,-5.66,293.11,-0.03,5.8647,6.053,126.0,0.0,1438.406, NAN, NAN, NAN, NAN,,2024/03/31 00:38:32.927,2024-03-31 00:38:32.927000+00:00
2024/03/31, 00:39:32.927, 41.524, -70.672, 0.08,24.61,216.56, 0.000, NAN,7.4, NAN,1003.2, NAN,0.0, NAN,102.0, NAN,231, NAN,9.6, NAN,73.3, NAN, 9.6, NAN, 255.6, NAN,1005.3,-5.61,293.71,-0.03,5.8648,6.0533,126.3,0.0,1438.407, NAN, NAN, NAN, NAN,,2024/03/31 00:39:32.927,2024-03-31 00:39:32.927000+00:00
2024/03/31, 00:40:32.927, 41.524, -70.672, 0.11,24.63,316.52, 0.010, NAN,7.4, NAN,1003.3, NAN,0.0, NAN,102.0, NAN,234, NAN,6.3, NAN,73.5, NAN, 6.3, NAN, 258.6, NAN,1005.4,-5.61,293.66,-0.01,5.8648,6.0527,126.0,0.0,1438.404, NAN, NAN, NAN, NAN,,2024/03/31 00:40:32.927,2024-03-31 00:40:32.927000+00:00
2024/03/31, 00:41:32.927, 41.524, -70.672, 0.09,24.57,116.29, 0.000, NAN,7.4, NAN,1003.3, NAN,0.0, NAN,102.0, NAN,229, NAN,8.2, NAN,73.5, NAN, 8.2, NAN, 253.6, NAN,1005.4,-5.66,294.4,-0.04,5.8648,6.0527,126.3,0.0,1438.404, NAN, NAN, NAN, NAN,,2024/03/31 00:41:32.927,2024-03-31 00:41:32.927000+00:00
2024/03/31, 00:42:32.927, 41.524, -70.672, 0.18,24.56,257.83, 0.000, NAN,7.4, NAN,1003.3, NAN,0.0, NAN,102.0, NAN,231, NAN,8.9, NAN,73.7, NAN, 8.9, NAN, 255.6, NAN,1005.4,-5.6,294.17,-0.04,5.8648,6.0521,126.6,0.0,1438.402, NAN, NAN, NAN, NAN,,2024/03/31 00:42:32.927,2024-03-31 00:42:32.927000+00:00
2024/03/31, 00:43:32.927, 41.524, -70.672, 0.06,24.61,261.85, 0.010, NAN,7.3, NAN,1003.3, NAN,0.0, NAN,102.0, NAN,235, NAN,10.0, NAN,74.1, NAN, 10.0, NAN, 259.6, NAN,1005.4,-5.7,294.85,-0.02,5.8647,6.0501,126.6,0.0,1438.393, NAN, NAN, NAN, NAN,,2024/03/31 00:43:32.927,2024-03-31 00:43:32.927000+00:00
2024/03/31, 00:44:32.927, 41.524, -70.672, 0.08,24.52,165.99, 0.010, NAN,7.3, NAN,1003.2, NAN,0.0, NAN,102.0, NAN,235, NAN,8.5, NAN,74.3, NAN, 8.5, NAN, 259.5, NAN,1005.3,-5.74,294.29,-0.02,5.8648,6.0495,126.3,0.0,1438.391, NAN, NAN, NAN, NAN,,2024/03/31 00:44:32.927,2024-03-31 00:44:32.927000+00:00
2024/03/31, 00:45:32.927, 41.524, -70.672, 0.21,24.6,23.1, 0.010, NAN,7.3, NAN,1003.3, NAN,0.0, NAN,102.0, NAN,230, NAN,8.9, NAN,74.7, NAN, 8.9, NAN, 254.6, NAN,1005.4,-5.7,294.29,-0.02,5.8648,6.0482,126.6,0.0,1438.385, NAN, NAN, NAN, NAN,,2024/03/31 00:45:32.927,2024-03-31 00:45:32.927000+00:00
2024/03/31, 00:46:32.928, 41.524, -70.672, -0.05,24.53,95.99, 0.010, NAN,7.3, NAN,1003.2, NAN,0.0, NAN,102.0, NAN,232, NAN,8.2, NAN,74.8, NAN, 8.2, NAN, 256.5, NAN,1005.3,-5.76,294.65,-0.03,5.8647,6.0482,126.6,0.0,1438.385, NAN, NAN, NAN, NAN,,2024/03/31 00:46:32.928,2024-03-31 00:46:32.928000+00:00
2024/03/31, 00:47:32.928, 41.524, -70.672, -0.01,24.58,93.58, 0.010, NAN,7.2, NAN,1003.3, NAN,0.0, NAN,102.0, NAN,231, NAN,8.5, NAN,74.9, NAN, 8.5, NAN, 255.6, NAN,1005.4,-5.73,294.31,-0.02,5.8647,6.0495,126.3,0.0,1438.391, NAN, NAN, NAN, NAN,,2024/03/31 00:47:32.928,2024-03-31 00:47:32.928000+00:00
2024/03/31, 00:48:32.928, 41.524, -70.672, 0.12,24.53,10.61, 0.010, NAN,7.2, NAN,1003.3, NAN,0.0, NAN,102.0, NAN,228, NAN,10.0, NAN,75.0, NAN, 10.0, NAN, 252.5, NAN,1005.4,-5.81,294.54,-0.02,5.8648,6.0508,126.0,0.0,1438.396, NAN, NAN, NAN, NAN,,2024/03/31 00:48:32.928,2024-03-31 00:48:32.928000+00:00
2024/03/31, 00:49:32.928, 41.524, -70.672, 0.08,24.52,174.27, 0.010, NAN,7.2, NAN,1003.1, NAN,0.0, NAN,102.0, NAN,232, NAN,7.3, NAN,74.9, NAN, 7.3, NAN, 256.5, NAN,1005.2,-5.71,294.31,-0.02,5.8647,6.0515,126.6,0.0,1438.399, NAN, NAN, NAN, NAN,,2024/03/31 00:49:32.928,2024-03-31 00:49:32.928000+00:00
2024/03/31, 00:50:32.928, 41.524, -70.672, 0.02,24.51,38.14, 0.000, NAN,7.2, NAN,1003.2, NAN,0.0, NAN,102.0, NAN,230, NAN,8.7, NAN,75.0, NAN, 8.7, NAN, 254.5, NAN,1005.3,-5.69,294.24,-0.02,5.8647,6.053,126.3,0.0,1438.406, NAN, NAN, NAN, NAN,,2024/03/31 00:50:32.928,2024-03-31 00:50:32.928000+00:00
2024/03/31, 00:51:32.928, 41.524, -70.672, 0.06,24.54,10.33, 0.000, NAN,7.2, NAN,1003.2, NAN,0.0, NAN,102.0, NAN,230, NAN,8.7, NAN,75.0, NAN, 8.7, NAN, 254.5, NAN,1005.3,-5.72,294.22,-0.02,5.8646,6.0537,126.3,0.0,1438.408, NAN, NAN, NAN, NAN,,2024/03/31 00:51:32.928,2024-03-31 00:51:32.928000+00:00
2024/03/31, 00:52:32.928, 41.524, -70.672, 0.05,24.54,208.96, 0.010, NAN,7.2, NAN,1003.1, NAN,0.0, NAN,102.0, NAN,237, NAN,5.1, NAN,75.0, NAN, 5.1, NAN, 261.6, NAN,1005.2,-5.76,294.18,-0.02,5.8646,6.0531,126.6,0.0,1438.406, NAN, NAN, NAN, NAN,,2024/03/31 00:52:32.928,2024-03-31 00:52:32.928000+00:00
2024/03/31, 00:53:32.928, 41.524, -70.672, 0.00,24.47,356.44, 0.010, NAN,7.2, NAN,1003.2, NAN,0.0, NAN,102.0, NAN,228, NAN,8.0, NAN,75.1, NAN, 8.0, NAN, 252.4, NAN,1005.3,-5.76,293.86,-0.03,5.8645,6.0532,127.6,0.0,1438.406, NAN, NAN, NAN, NAN,,2024/03/31 00:53:32.928,2024-03-31 00:53:32.928000+00:00
2024/03/31, 00:54:32.928, 41.524, -70.672, 0.02,24.51,336.67, 0.010, NAN,7.2, NAN,1003.2, NAN,0.0, NAN,102.0, NAN,238, NAN,5.8, NAN,75.2, NAN, 5.8, NAN, 262.5, NAN,1005.3,-5.86,293.79,-0.02,5.8645,6.053,126.6,0.0,1438.405, NAN, NAN, NAN, NAN,,2024/03/31 00:54:32.928,2024-03-31 00:54:32.928000+00:00
2024/03/31, 00:55:32.928, 41.524, -70.672, 0.05,24.55,101.54, 0.010, NAN,7.2, NAN,1003.2, NAN,0.0, NAN,102.0, NAN,229, NAN,9.2, NAN,75.4, NAN, 9.2, NAN, 253.6, NAN,1005.3,-5.85,294.22,-0.02,5.8644,6.0529,126.0,0.0,1438.405, NAN, NAN, NAN, NAN,,2024/03/31 00:55:32.928,2024-03-31 00:55:32.928000+00:00
2024/03/31, 00:56:32.928, 41.524, -70.672, 0.02,24.51,104.47, 0.010, NAN,7.2, NAN,1003.2, NAN,0.0, NAN,102.0, NAN,235, NAN,7.4, NAN,75.4, NAN, 7.4, NAN, 259.5, NAN,1005.3,-5.83,293.99,-0.02,5.8643,6.0513,126.3,0.0,1438.398, NAN, NAN, NAN, NAN,,2024/03/31 00:56:32.928,2024-03-31 00:56:32.928000+00:00
2024/03/31, 00:57:32.928, 41.524, -70.672, 0.05,24.48,49.94, 0.010, NAN,7.2, NAN,1003.2, NAN,0.0, NAN,102.0, NAN,226, NAN,5.4, NAN,75.6, NAN, 5.4, NAN, 250.5, NAN,1005.3,-5.7,293.77,-0.02,5.8644,6.0504,126.3,0.0,1438.394, NAN, NAN, NAN, NAN,,2024/03/31 00:57:32.928,2024-03-31 00:57:32.928000+00:00
2024/03/31, 00:58:32.928, 41.524, -70.672, -0.11,24.47,11.56, 0.000, NAN,7.2, NAN,1003.2, NAN,0.0, NAN,102.0, NAN,231, NAN,7.4, NAN,75.9, NAN, 7.4, NAN, 255.5, NAN,1005.3,-5.75,293.91,-0.02,5.8643,6.0461,126.0,0.0,1438.375, NAN, NAN, NAN, NAN,,2024/03/31 00:58:32.928,2024-03-31 00:58:32.928000+00:00
2024/03/31, 00:59:32.928, 41.524, -70.672, 0.01,24.54,354.69, 0.010, NAN,7.2, NAN,1003.1, NAN,0.0, NAN,102.0, NAN,237, NAN,5.7, NAN,76.0, NAN, 5.7, NAN, 261.5, NAN,1005.2,-5.83,293.78,-0.02,5.8643,6.0417,126.3,0.0,1438.356, NAN, NAN, NAN, NAN,,2024/03/31 00:59:32.928,2024-03-31 00:59:32.928000+00:00
2024/03/31, 01:00:32.928, 41.524, -70.672, -0.06,24.56,150.96, 0.000, NAN,7.2, NAN,1003.2, NAN,0.0, NAN,102.0, NAN,229, NAN,6.9, NAN,76.2, NAN, 6.9, NAN, 253.6, NAN,1005.3,-5.89,293.75,-0.03,5.8643,6.0382,126.3,0.0,1438.341, NAN, NAN, NAN, NAN,,2024/03/31 01:00:32.928,2024-03-31 01:00:32.928000+00:00
2024/03/31, 01:01:32.928, 41.524, -70.672, 0.09,24.54,246.83, 0.010, NAN,7.1, NAN,1003.1, NAN,0.0, NAN,102.0, NAN,242, NAN,4.3, NAN,76.4, NAN, 4.3, NAN, 266.5, NAN,1005.2,-5.89,293.78,-0.02,5.8643,6.0338,126.0,0.0,1438.322, NAN, NAN, NAN, NAN,,2024/03/31 01:01:32.928,2024-03-31 01:01:32.928000+00:00
2024/03/31, 01:02:32.929, 41.524, -70.672, 0.01,24.49,129.92, 0.020, NAN,7.1, NAN,1003.1, NAN,0.0, NAN,102.0, NAN,234, NAN,6.2, NAN,76.7, NAN, 6.2, NAN, 258.5, NAN,1005.2,-5.94,293.57,-0.04,5.8643,6.0301,126.3,0.0,1438.307, NAN, NAN, NAN, NAN,,2024/03/31 01:02:32.929,2024-03-31 01:02:32.929000+00:00
2024/03/31, 01:03:32.929, 41.524, -70.672, 0.04,24.52,265.12, 0.010, NAN,7.1, NAN,1003.2, NAN,0.0, NAN,102.0, NAN,233, NAN,6.9, NAN,76.9, NAN, 6.9, NAN, 257.5, NAN,1005.3,-5.95,293.95,-0.03,5.8642,6.0271,126.3,0.0,1438.294, NAN, NAN, NAN, NAN,,2024/03/31 01:03:32.929,2024-03-31 01:03:32.929000+00:00
2024/03/31, 01:04:32.929, 41.524, -70.672, -0.01,24.5,18.91, 0.000, NAN,7.1, NAN,1003.1, NAN,0.0, NAN,102.0, NAN,231, NAN,7.8, NAN,77.0, NAN, 7.8, NAN, 255.5, NAN,1005.2,-5.82,293.9,-0.03,5.8642,6.0247,126.3,0.0,1438.283, NAN, NAN, NAN, NAN,,2024/03/31 01:04:32.929,2024-03-31 01:04:32.929000+00:00
2024/03/31, 01:05:32.929, 41.524, -70.672, -0.08,24.54,330.61, 0.010, NAN,7.1, NAN,1003.1, NAN,0.0, NAN,102.0, NAN,230, NAN,6.8, NAN,77.0, NAN, 6.8, NAN, 254.5, NAN,1005.2,-5.76,293.51,-0.03,5.8641,6.0215,126.6,0.0,1438.269, NAN, NAN, NAN, NAN,,2024/03/31 01:05:32.929,2024-03-31 01:05:32.929000+00:00
2024/03/31, 01:06:32.929, 41.524, -70.672, 0.02,24.53,5.99, 0.000, NAN,7.1, NAN,1003.1, NAN,0.0, NAN,102.0, NAN,242, NAN,6.2, NAN,77.2, NAN, 6.2, NAN, 266.5, NAN,1005.2,-5.67,293.53,-0.02,5.8642,6.0203,126.3,0.0,1438.264, NAN, NAN, NAN, NAN,,2024/03/31 01:06:32.929,2024-03-31 01:06:32.929000+00:00
2024/03/31, 01:07:32.929, 41.524, -70.672, 0.05,24.55,122.65, 0.000, NAN,7.1, NAN,1003.1, NAN,0.0, NAN,102.0, NAN,231, NAN,6.7, NAN,77.5, NAN, 6.7, NAN, 255.6, NAN,1005.2,-5.81,293.24,-0.02,5.8642,6.0201,126.0,0.0,1438.263, NAN, NAN, NAN, NAN,,2024/03/31 01:07:32.929,2024-03-31 01:07:32.929000+00:00
2024/03/31, 01:08:32.929, 41.524, -70.672, 0.03,24.52,271.56, 0.000, NAN,7.0, NAN,1003.1, NAN,0.0, NAN,102.0, NAN,249, NAN,6.1, NAN,77.7, NAN, 6.1, NAN, 273.5, NAN,1005.2,-5.82,293.12,-0.02,5.8642,6.0189,126.6,0.0,1438.258, NAN, NAN, NAN, NAN,,2024/03/31 01:08:32.929,2024-03-31 01:08:32.929000+00:00
2024/03/31, 01:09:32.929, 41.524, -70.672, -0.04,24.52,80.01, 0.000, NAN,7.0, NAN,1003.1, NAN,0.0, NAN,102.0, NAN,249, NAN,5.6, NAN,77.7, NAN, 5.6, NAN, 273.5, NAN,1005.2,-5.87,292.73,-0.03,5.8642,6.0191,126.6,0.0,1438.259, NAN, NAN, NAN, NAN,,2024/03/31 01:09:32.929,2024-03-31 01:09:32.929000+00:00
2024/03/31, 01:10:32.929, 41.524, -70.672, 0.03,24.56,275.54, 0.010, NAN,7.0, NAN,1003.1, NAN,0.0, NAN,102.0, NAN,236, NAN,8.1, NAN,78.0, NAN, 8.1, NAN, 260.5, NAN,1005.2,-5.91,292.64,-0.03,5.8641,6.0201,126.0,0.0,1438.263, NAN, NAN, NAN, NAN,,2024/03/31 01:10:32.929,2024-03-31 01:10:32.929000+00:00
2024/03/31, 01:11:32.929, 41.524, -70.672, -0.05,24.58,346.53, 0.000, NAN,7.0, NAN,1003.0, NAN,0.0, NAN,102.0, NAN,246, NAN,5.2, NAN,78.1, NAN, 5.2, NAN, 270.6, NAN,1005.1,-5.9,292.11,-0.02,5.8641,6.0208,126.0,0.0,1438.266, NAN, NAN, NAN, NAN,,2024/03/31 01:11:32.929,2024-03-31 01:11:32.929000+00:00
2024/03/31, 01:12:32.929, 41.524, -70.672, 0.05,24.53,279.18, 0.010, NAN,7.0, NAN,1003.1, NAN,0.0, NAN,102.0, NAN,245, NAN,5.5, NAN,78.3, NAN, 5.5, NAN, 269.5, NAN,1005.2,-5.83,291.97,-0.03,5.8641,6.0217,126.6,0.0,1438.27, NAN, NAN, NAN, NAN,,2024/03/31 01:12:32.929,2024-03-31 01:12:32.929000+00:00
2024/03/31, 01:13:32.929, 41.524, -70.672, -0.15,24.53,332.77, 0.010, NAN,7.0, NAN,1003.1, NAN,0.0, NAN,102.0, NAN,235, NAN,6.7, NAN,78.5, NAN, 6.7, NAN, 259.5, NAN,1005.2,-5.81,291.48,-0.03,5.8641,6.0234,126.3,0.0,1438.277, NAN, NAN, NAN, NAN,,2024/03/31 01:13:32.929,2024-03-31 01:13:32.929000+00:00
2024/03/31, 01:14:32.929, 41.524, -70.672, 0.00,24.53,171.86, 0.000, NAN,6.9, NAN,1003.1, NAN,0.0, NAN,102.0, NAN,236, NAN,4.6, NAN,78.9, NAN, 4.6, NAN, 260.5, NAN,1005.2,-5.97,290.9,-0.02,5.8641,6.0247,126.6,0.0,1438.283, NAN, NAN, NAN, NAN,,2024/03/31 01:14:32.929,2024-03-31 01:14:32.929000+00:00
2024/03/31, 01:15:32.929, 41.524, -70.672, 0.09,24.55,259.8, 0.010, NAN,6.9, NAN,1003.1, NAN,0.0, NAN,102.0, NAN,224, NAN,5.1, NAN,79.2, NAN, 5.1, NAN, 248.5, NAN,1005.2,-5.96,290.87,-0.03,5.8642,6.0258,126.6,0.0,1438.288, NAN, NAN, NAN, NAN,,2024/03/31 01:15:32.929,2024-03-31 01:15:32.929000+00:00
2024/03/31, 01:16:32.929, 41.524, -70.672, 0.08,24.54,17.88, 0.000, NAN,6.9, NAN,1003.1, NAN,0.0, NAN,102.0, NAN,240, NAN,4.5, NAN,79.6, NAN, 4.5, NAN, 264.5, NAN,1005.2,-6.0,290.34,-0.01,5.8642,6.025,126.3,0.0,1438.284, NAN, NAN, NAN, NAN,,2024/03/31 01:16:32.929,2024-03-31 01:16:32.929000+00:00
2024/03/31, 01:17:32.929, 41.524, -70.672, 0.07,24.54,66.12, 0.000, NAN,6.9, NAN,1003.1, NAN,0.0, NAN,102.0, NAN,230, NAN,5.8, NAN,79.7, NAN, 5.8, NAN, 254.5, NAN,1005.2,-6.11,289.81,-0.03,5.8641,6.0235,126.6,0.0,1438.278, NAN, NAN, NAN, NAN,,2024/03/31 01:17:32.929,2024-03-31 01:17:32.929000+00:00
2024/03/31, 01:18:32.929, 41.524, -70.672, 0.07,24.57,250.72, 0.010, NAN,6.9, NAN,1003.1, NAN,0.0, NAN,102.0, NAN,233, NAN,8.8, NAN,80.0, NAN, 8.8, NAN, 257.6, NAN,1005.2,-5.99,289.64,-0.02,5.8641,6.0234,126.0,0.0,1438.277, NAN, NAN, NAN, NAN,,2024/03/31 01:18:32.929,2024-03-31 01:18:32.929000+00:00
2024/03/31, 01:19:32.930, 41.524, -70.672, -0.06,24.6,22.47, 0.020, NAN,6.9, NAN,1003.1, NAN,0.0, NAN,102.0, NAN,224, NAN,6.1, NAN,79.8, NAN, 6.1, NAN, 248.5, NAN,1005.2,-5.93,289.43,-0.02,5.8641,6.0239,126.6,0.0,1438.28, NAN, NAN, NAN, NAN,,2024/03/31 01:19:32.930,2024-03-31 01:19:32.930000+00:00
2024/03/31, 01:20:32.930, 41.524, -70.672, 0.03,24.6,324.17, 0.010, NAN,6.9, NAN,1003.1, NAN,0.0, NAN,102.0, NAN,232, NAN,7.9, NAN,80.0, NAN, 7.9, NAN, 256.6, NAN,1005.2,-6.05,288.99,-0.03,5.8641,6.0241,126.0,0.0,1438.28, NAN, NAN, NAN, NAN,,2024/03/31 01:20:32.930,2024-03-31 01:20:32.930000+00:00
2024/03/31, 01:21:32.930, 41.524, -70.672, 0.00,24.6,198.14, 0.010, NAN,6.9, NAN,1003.1, NAN,0.0, NAN,102.0, NAN,238, NAN,6.2, NAN,80.0, NAN, 6.2, NAN, 262.6, NAN,1005.2,-5.93,288.49,-0.03,5.8641,6.0237,126.9,0.0,1438.279, NAN, NAN, NAN, NAN,,2024/03/31 01:21:32.930,2024-03-31 01:21:32.930000+00:00
2024/03/31, 01:22:32.930, 41.524, -70.672, 0.16,24.55,351.26, 0.020, NAN,6.9, NAN,1003.1, NAN,0.0, NAN,102.0, NAN,233, NAN,6.1, NAN,80.1, NAN, 6.1, NAN, 257.5, NAN,1005.2,-5.85,287.88,-0.03,5.8641,6.0243,126.0,0.0,1438.281, NAN, NAN, NAN, NAN,,2024/03/31 01:22:32.930,2024-03-31 01:22:32.930000+00:00
2024/03/31, 01:23:32.930, 41.524, -70.672, 0.01,24.64,348.25, 0.020, NAN,6.9, NAN,1003.1, NAN,0.0, NAN,102.0, NAN,240, NAN,4.3, NAN,80.1, NAN, 4.3, NAN, 264.5, NAN,1005.2,-5.94,287.49,-0.03,5.864,6.0262,126.3,0.0,1438.289, NAN, NAN, NAN, NAN,,2024/03/31 01:23:32.930,2024-03-31 01:23:32.930000+00:00
2024/03/31, 01:24:32.930, 41.524, -70.672, 0.02,24.64,194.23, 0.010, NAN,6.9, NAN,1003.1, NAN,0.0, NAN,102.0, NAN,227, NAN,7.6, NAN,80.3, NAN, 7.6, NAN, 251.7, NAN,1005.2,-5.94,287.05,-0.03,5.864,6.0265,126.3,0.0,1438.291, NAN, NAN, NAN, NAN,,2024/03/31 01:24:32.930,2024-03-31 01:24:32.930000+00:00
2024/03/31, 01:25:32.930, 41.524, -70.672, 0.05,24.6,258.75, 0.010, NAN,6.9, NAN,1003.0, NAN,0.0, NAN,102.0, NAN,240, NAN,6.2, NAN,80.3, NAN, 6.2, NAN, 264.6, NAN,1005.1,-5.87,286.4,-0.03,5.864,6.0279,126.3,0.0,1438.297, NAN, NAN, NAN, NAN,,2024/03/31 01:25:32.930,2024-03-31 01:25:32.930000+00:00
2024/03/31, 01:26:32.930, 41.524, -70.672, 0.08,24.51,318.19, 0.020, NAN,6.8, NAN,1003.1, NAN,0.0, NAN,102.0, NAN,232, NAN,5.1, NAN,80.4, NAN, 5.1, NAN, 256.4, NAN,1005.2,-5.88,286.21,-0.02,5.8641,6.0301,126.0,0.0,1438.306, NAN, NAN, NAN, NAN,,2024/03/31 01:26:32.930,2024-03-31 01:26:32.930000+00:00
2024/03/31, 01:27:32.930, 41.524, -70.672, -0.03,24.45,57.62, 0.010, NAN,6.8, NAN,1003.1, NAN,0.0, NAN,102.0, NAN,229, NAN,4.4, NAN,80.7, NAN, 4.4, NAN, 253.5, NAN,1005.2,-5.99,285.7,-0.03,5.8639,6.0328,126.3,0.0,1438.318, NAN, NAN, NAN, NAN,,2024/03/31 01:27:32.930,2024-03-31 01:27:32.930000+00:00
2024/03/31, 01:28:32.930, 41.524, -70.672, 0.00,24.49,161.22, 0.010, NAN,6.8, NAN,1003.1, NAN,0.0, NAN,102.0, NAN,222, NAN,5.2, NAN,80.9, NAN, 5.2, NAN, 246.5, NAN,1005.2,-6.0,285.51,-0.03,5.8641,6.0345,126.0,0.0,1438.325, NAN, NAN, NAN, NAN,,2024/03/31 01:28:32.930,2024-03-31 01:28:32.930000+00:00
2024/03/31, 01:29:32.930, 41.524, -70.672, -0.23,24.62,213.53, 0.010, NAN,6.8, NAN,1003.1, NAN,0.0, NAN,102.0, NAN,227, NAN,4.7, NAN,81.1, NAN, 4.7, NAN, 251.6, NAN,1005.2,-6.05,284.95,-0.03,5.864,6.0325,126.6,0.0,1438.317, NAN, NAN, NAN, NAN,,2024/03/31 01:29:32.930,2024-03-31 01:29:32.930000+00:00
2024/03/31, 01:30:32.930, 41.524, -70.672, -0.01,24.61,258.43, 0.010, NAN,6.8, NAN,1003.1, NAN,0.0, NAN,102.0, NAN,227, NAN,6.5, NAN,81.5, NAN, 6.5, NAN, 251.6, NAN,1005.2,-6.06,285.13,-0.02,5.8641,6.0279,126.6,0.0,1438.297, NAN, NAN, NAN, NAN,,2024/03/31 01:30:32.930,2024-03-31 01:30:32.930000+00:00
2024/03/31, 01:31:32.930, 41.524, -70.672, 0.07,24.47,95.01, 0.020, NAN,6.8, NAN,1003.1, NAN,0.0, NAN,102.0, NAN,245, NAN,4.2, NAN,81.5, NAN, 4.2, NAN, 269.6, NAN,1005.2,-6.08,284.73,-0.02,5.864,6.0251,126.6,0.0,1438.285, NAN, NAN, NAN, NAN,,2024/03/31 01:31:32.930,2024-03-31 01:31:32.930000+00:00
2024/03/31, 01:32:32.930, 41.524, -70.672, -0.07,24.56,174.72, 0.010, NAN,6.8, NAN,1003.1, NAN,0.0, NAN,102.0, NAN,230, NAN,4.6, NAN,81.7, NAN, 4.6, NAN, 254.6, NAN,1005.2,-6.16,284.74,-0.03,5.864,6.021,126.3,0.0,1438.267, NAN, NAN, NAN, NAN,,2024/03/31 01:32:32.930,2024-03-31 01:32:32.930000+00:00
2024/03/31, 01:33:32.930, 41.524, -70.672, -0.24,24.49,47.92, 0.010, NAN,6.8, NAN,1003.1, NAN,0.0, NAN,102.0, NAN,228, NAN,4.6, NAN,81.7, NAN, 4.6, NAN, 252.5, NAN,1005.2,-6.08,284.63,-0.01,5.864,6.0143,126.9,0.0,1438.238, NAN, NAN, NAN, NAN,,2024/03/31 01:33:32.930,2024-03-31 01:33:32.930000+00:00
2024/03/31, 01:34:32.930, 41.524, -70.672, -0.09,24.47,129.89, 0.010, NAN,6.8, NAN,1003.1, NAN,0.0, NAN,102.0, NAN,241, NAN,4.6, NAN,81.7, NAN, 4.6, NAN, 265.5, NAN,1005.2,-6.07,284.47,-0.03,5.864,6.0094,126.3,0.0,1438.217, NAN, NAN, NAN, NAN,,2024/03/31 01:34:32.930,2024-03-31 01:34:32.930000+00:00
2024/03/31, 01:35:32.931, 41.524, -70.672, -0.12,24.52,269.35, 0.010, NAN,6.7, NAN,1003.1, NAN,0.0, NAN,102.0, NAN,234, NAN,5.3, NAN,81.8, NAN, 5.3, NAN, 258.5, NAN,1005.2,-6.07,284.43,-0.03,5.864,6.0066,126.6,0.0,1438.205, NAN, NAN, NAN, NAN,,2024/03/31 01:35:32.931,2024-03-31 01:35:32.931000+00:00
2024/03/31, 01:36:32.931, 41.524, -70.672, 0.02,24.66,308.65, 0.010, NAN,6.7, NAN,1003.1, NAN,0.0, NAN,102.0, NAN,238, NAN,5.8, NAN,81.9, NAN, 5.8, NAN, 262.7, NAN,1005.2,-6.04,284.54,-0.03,5.8639,6.0033,126.0,0.0,1438.191, NAN, NAN, NAN, NAN,,2024/03/31 01:36:32.931,2024-03-31 01:36:32.931000+00:00
2024/03/31, 01:37:32.931, 41.524, -70.672, -0.02,24.58,18.88, 0.010, NAN,6.7, NAN,1003.1, NAN,0.0, NAN,102.0, NAN,238, NAN,6.0, NAN,81.8, NAN, 6.0, NAN, 262.5, NAN,1005.2,-6.08,284.4,-0.02,5.8639,6.0007,126.3,0.0,1438.179, NAN, NAN, NAN, NAN,,2024/03/31 01:37:32.931,2024-03-31 01:37:32.931000+00:00
2024/03/31, 01:38:32.931, 41.524, -70.672, -0.03,24.65,294.8, 0.010, NAN,6.8, NAN,1003.1, NAN,0.0, NAN,102.0, NAN,231, NAN,8.6, NAN,81.8, NAN, 8.6, NAN, 255.6, NAN,1005.2,-6.02,284.47,-0.05,5.8639,6.0002,126.6,0.0,1438.177, NAN, NAN, NAN, NAN,,2024/03/31 01:38:32.931,2024-03-31 01:38:32.931000+00:00
2024/03/31, 01:39:32.931, 41.524, -70.672, -0.13,24.53,67.14, 0.010, NAN,6.7, NAN,1003.2, NAN,0.0, NAN,102.0, NAN,229, NAN,8.2, NAN,81.7, NAN, 8.2, NAN, 253.5, NAN,1005.3,-6.05,284.39,-0.03,5.864,5.9994,126.3,0.0,1438.174, NAN, NAN, NAN, NAN,,2024/03/31 01:39:32.931,2024-03-31 01:39:32.931000+00:00
2024/03/31, 01:40:32.931, 41.524, -70.672, -0.02,24.63,298.62, 0.010, NAN,6.7, NAN,1003.1, NAN,0.0, NAN,102.0, NAN,236, NAN,6.8, NAN,81.7, NAN, 6.8, NAN, 260.6, NAN,1005.2,-6.04,284.57,-0.03,5.8639,5.9992,126.3,0.0,1438.173, NAN, NAN, NAN, NAN,,2024/03/31 01:40:32.931,2024-03-31 01:40:32.931000+00:00
2024/03/31, 01:41:32.931, 41.524, -70.672, -0.05,24.62,208.62, 0.010, NAN,6.7, NAN,1003.1, NAN,0.0, NAN,102.0, NAN,232, NAN,7.4, NAN,81.7, NAN, 7.4, NAN, 256.7, NAN,1005.2,-5.9,284.34,-0.03,5.864,6.0002,126.3,0.0,1438.177, NAN, NAN, NAN, NAN,,2024/03/31 01:41:32.931,2024-03-31 01:41:32.931000+00:00
2024/03/31, 01:42:32.931, 41.524, -70.672, -0.05,24.58,237.63, 0.000, NAN,6.8, NAN,1003.1, NAN,0.0, NAN,102.0, NAN,224, NAN,8.2, NAN,81.8, NAN, 8.2, NAN, 248.6, NAN,1005.2,-5.83,284.57,-0.04,5.8639,6.002,126.0,0.0,1438.185, NAN, NAN, NAN, NAN,,2024/03/31 01:42:32.931,2024-03-31 01:42:32.931000+00:00
2024/03/31, 01:43:32.931, 41.524, -70.672, -0.03,24.6,14.82, 0.010, NAN,6.7, NAN,1003.1, NAN,0.0, NAN,102.0, NAN,227, NAN,7.7, NAN,81.8, NAN, 7.7, NAN, 251.6, NAN,1005.2,-5.92,284.88,-0.03,5.8639,6.003,126.3,0.0,1438.189, NAN, NAN, NAN, NAN,,2024/03/31 01:43:32.931,2024-03-31 01:43:32.931000+00:00
2024/03/31, 01:44:32.931, 41.524, -70.672, 0.00,24.6,345.04, 0.010, NAN,6.7, NAN,1003.0, NAN,0.0, NAN,102.0, NAN,239, NAN,7.7, NAN,81.7, NAN, 7.7, NAN, 263.6, NAN,1005.1,-5.82,285.1,-0.03,5.8639,6.0025,126.0,0.0,1438.187, NAN, NAN, NAN, NAN,,2024/03/31 01:44:32.931,2024-03-31 01:44:32.931000+00:00
2024/03/31, 01:45:32.931, 41.524, -70.672, -0.08,24.54,212.21, 0.000, NAN,6.7, NAN,1003.0, NAN,0.0, NAN,102.0, NAN,240, NAN,7.3, NAN,81.5, NAN, 7.3, NAN, 264.5, NAN,1005.1,-5.73,285.23,-0.03,5.864,6.0008,126.6,0.0,1438.18, NAN, NAN, NAN, NAN,,2024/03/31 01:45:32.931,2024-03-31 01:45:32.931000+00:00
2024/03/31, 01:46:32.931, 41.524, -70.672, -0.13,24.62,283.27, 0.010, NAN,6.8, NAN,1003.0, NAN,0.0, NAN,102.0, NAN,229, NAN,7.3, NAN,81.5, NAN, 7.3, NAN, 253.6, NAN,1005.1,-5.83,285.16,-0.04,5.864,6.0007,126.0,0.0,1438.18, NAN, NAN, NAN, NAN,,2024/03/31 01:46:32.931,2024-03-31 01:46:32.931000+00:00
2024/03/31, 01:47:32.931, 41.524, -70.672, -0.19,24.51,110.33, 0.000, NAN,6.8, NAN,1003.0, NAN,0.0, NAN,102.0, NAN,230, NAN,7.8, NAN,81.8, NAN, 7.8, NAN, 254.5, NAN,1005.1,-5.88,285.4,-0.03,5.8639,6.0006,126.3,0.0,1438.179, NAN, NAN, NAN, NAN,,2024/03/31 01:47:32.931,2024-03-31 01:47:32.931000+00:00
2024/03/31, 01:48:32.931, 41.524, -70.672, -0.19,24.5,132.05, 0.020, NAN,6.8, NAN,1003.0, NAN,0.0, NAN,102.0, NAN,232, NAN,7.8, NAN,81.9, NAN, 7.8, NAN, 256.5, NAN,1005.1,-5.7,285.31,-0.02,5.864,6.0002,126.3,0.0,1438.177, NAN, NAN, NAN, NAN,,2024/03/31 01:48:32.931,2024-03-31 01:48:32.931000+00:00
2024/03/31, 01:49:32.931, 41.524, -70.672, -0.19,24.54,66.18, 0.010, NAN,6.7, NAN,1003.1, NAN,0.0, NAN,102.0, NAN,234, NAN,7.8, NAN,82.0, NAN, 7.8, NAN, 258.5, NAN,1005.2,-5.76,285.69,-0.02,5.864,6.0006,126.3,0.0,1438.179, NAN, NAN, NAN, NAN,,2024/03/31 01:49:32.931,2024-03-31 01:49:32.931000+00:00
2024/03/31, 01:50:32.931, 41.524, -70.672, -0.19,24.53,345.16, 0.000, NAN,6.7, NAN,1003.0, NAN,0.0, NAN,102.0, NAN,228, NAN,7.5, NAN,82.3, NAN, 7.5, NAN, 252.5, NAN,1005.1,-5.81,286.12,-0.03,5.8639,6.0019,126.3,0.0,1438.185, NAN, NAN, NAN, NAN,,2024/03/31 01:50:32.931,2024-03-31 01:50:32.931000+00:00
2024/03/31, 01:51:32.932, 41.524, -70.672, -0.19,24.56,188.62, 0.010, NAN,6.7, NAN,1003.0, NAN,0.0, NAN,102.0, NAN,234, NAN,8.1, NAN,82.4, NAN, 8.1, NAN, 258.5, NAN,1005.1,-5.81,286.22,-0.03,5.8639,6.0035,126.6,0.0,1438.192, NAN, NAN, NAN, NAN,,2024/03/31 01:51:32.932,2024-03-31 01:51:32.932000+00:00
2024/03/31, 01:52:32.932, 41.524, -70.672, -0.19,24.64,287.92, 0.010, NAN,6.7, NAN,1003.0, NAN,0.0, NAN,102.0, NAN,232, NAN,7.7, NAN,82.5, NAN, 7.7, NAN, 256.6, NAN,1005.1,-5.75,286.57,-0.05,5.8638,6.0041,126.6,0.0,1438.194, NAN, NAN, NAN, NAN,,2024/03/31 01:52:32.932,2024-03-31 01:52:32.932000+00:00
2024/03/31, 01:53:32.932, 41.524, -70.672, -0.19,24.52,87.76, 0.010, NAN,6.7, NAN,1003.1, NAN,0.0, NAN,102.0, NAN,233, NAN,8.1, NAN,82.6, NAN, 8.1, NAN, 257.5, NAN,1005.2,-5.76,286.62,-0.03,5.8639,6.0046,126.0,0.0,1438.196, NAN, NAN, NAN, NAN,,2024/03/31 01:53:32.932,2024-03-31 01:53:32.932000+00:00
2024/03/31, 01:54:32.932, 41.524, -70.672, -0.19,24.57,175.66, 0.010, NAN,6.7, NAN,1003.0, NAN,0.0, NAN,102.0, NAN,233, NAN,8.7, NAN,82.8, NAN, 8.7, NAN, 257.6, NAN,1005.1,-5.82,287.23,-0.03,5.8639,6.0047,126.3,0.0,1438.197, NAN, NAN, NAN, NAN,,2024/03/31 01:54:32.932,2024-03-31 01:54:32.932000+00:00
2024/03/31, 01:55:32.932, 41.524, -70.672, -0.19,24.6,197.92, 0.010, NAN,6.7, NAN,1003.0, NAN,0.0, NAN,102.0, NAN,240, NAN,8.1, NAN,82.9, NAN, 8.1, NAN, 264.6, NAN,1005.1,-5.88,287.84,-0.03,5.8638,6.006,125.4,0.0,1438.202, NAN, NAN, NAN, NAN,,2024/03/31 01:55:32.932,2024-03-31 01:55:32.932000+00:00
2024/03/31, 01:56:32.932, 41.524, -70.672, -0.19,24.55,293.56, 0.010, NAN,6.7, NAN,1003.0, NAN,0.0, NAN,102.0, NAN,247, NAN,7.7, NAN,82.8, NAN, 7.7, NAN, 271.6, NAN,1005.1,-5.84,288.43,-0.02,5.8638,6.0073,126.0,0.0,1438.208, NAN, NAN, NAN, NAN,,2024/03/31 01:56:32.932,2024-03-31 01:56:32.932000+00:00
2024/03/31, 01:57:32.932, 41.524, -70.672, -0.19,24.58,140.5, 0.010, NAN,6.7, NAN,1002.9, NAN,0.0, NAN,102.0, NAN,229, NAN,8.7, NAN,82.6, NAN, 8.7, NAN, 253.6, NAN,1005.0,-5.78,288.86,-0.03,5.8638,6.0096,126.3,0.0,1438.218, NAN, NAN, NAN, NAN,,2024/03/31 01:57:32.932,2024-03-31 01:57:32.932000+00:00
2024/03/31, 01:58:32.932, 41.524, -70.672, -0.19,24.62,274.18, 0.010, NAN,6.7, NAN,1002.9, NAN,0.0, NAN,102.0, NAN,240, NAN,6.7, NAN,82.2, NAN, 6.7, NAN, 264.6, NAN,1005.0,-5.71,289.5,-0.02,5.8639,6.0108,126.0,0.0,1438.223, NAN, NAN, NAN, NAN,,2024/03/31 01:58:32.932,2024-03-31 01:58:32.932000+00:00
2024/03/31, 01:59:32.932, 41.524, -70.672, -0.19,24.5,116.74, 0.010, NAN,6.7, NAN,1002.9, NAN,0.0, NAN,102.0, NAN,238, NAN,7.5, NAN,82.0, NAN, 7.5, NAN, 262.5, NAN,1005.0,-5.76,290.14,-0.03,5.8638,6.0118,126.0,0.0,1438.227, NAN, NAN, NAN, NAN,,2024/03/31 01:59:32.932,2024-03-31 01:59:32.932000+00:00
2024/03/31, 02:00:32.932, 41.524, -70.672, -0.19,24.63,326.54, 0.010, NAN,6.7, NAN,1002.9, NAN,0.0, NAN,102.0, NAN,235, NAN,8.0, NAN,82.0, NAN, 8.0, NAN, 259.6, NAN,1005.0,-5.63,291.28,-0.02,5.8638,6.013,126.3,0.0,1438.232, NAN, NAN, NAN, NAN,,2024/03/31 02:00:32.932,2024-03-31 02:00:32.932000+00:00
2024/03/31, 02:01:32.932, 41.524, -70.672, -0.19,24.65,242.14, 0.000, NAN,6.8, NAN,1003.0, NAN,0.0, NAN,102.0, NAN,239, NAN,5.2, NAN,82.0, NAN, 5.2, NAN, 263.6, NAN,1005.1,-5.67,291.78,-0.02,5.8638,6.0136,126.6,0.0,1438.235, NAN, NAN, NAN, NAN,,2024/03/31 02:01:32.932,2024-03-31 02:01:32.932000+00:00
2024/03/31, 02:02:32.932, 41.524, -70.672, -0.19,24.58,180.13, 0.010, NAN,6.8, NAN,1003.0, NAN,0.0, NAN,102.0, NAN,228, NAN,7.3, NAN,82.4, NAN, 7.3, NAN, 252.6, NAN,1005.1,-5.74,293.31,-0.02,5.8638,6.0135,126.0,0.0,1438.234, NAN, NAN, NAN, NAN,,2024/03/31 02:02:32.932,2024-03-31 02:02:32.932000+00:00
2024/03/31, 02:03:32.932, 41.524, -70.672, -0.19,24.5,26.7, 0.010, NAN,6.7, NAN,1003.0, NAN,0.0, NAN,102.0, NAN,231, NAN,9.2, NAN,82.6, NAN, 9.2, NAN, 255.5, NAN,1005.1,-5.75,294.84,-0.02,5.8638,6.0143,125.7,0.0,1438.238, NAN, NAN, NAN, NAN,,2024/03/31 02:03:32.932,2024-03-31 02:03:32.932000+00:00
2024/03/31, 02:04:32.932, 41.524, -70.672, -0.19,24.54,185.08, 0.010, NAN,6.7, NAN,1003.0, NAN,0.0, NAN,102.0, NAN,230, NAN,7.0, NAN,82.8, NAN, 7.0, NAN, 254.5, NAN,1005.1,-5.59,296.01,-0.02,5.8638,6.0161,126.6,0.0,1438.246, NAN, NAN, NAN, NAN,,2024/03/31 02:04:32.932,2024-03-31 02:04:32.932000+00:00
2024/03/31, 02:05:32.932, 41.524, -70.672, -0.02,24.57,302.84, 0.010, NAN,6.7, NAN,1003.0, NAN,0.0, NAN,102.0, NAN,235, NAN,5.8, NAN,83.1, NAN, 5.8, NAN, 259.5, NAN,1005.1,-5.68,297.39,-0.02,5.8638,6.0167,126.6,0.0,1438.248, NAN, NAN, NAN, NAN,,2024/03/31 02:05:32.932,2024-03-31 02:05:32.932000+00:00
2024/03/31, 02:06:32.932, 41.524, -70.672, 0.01,24.53,67.09, 0.000, NAN,6.7, NAN,1002.9, NAN,0.0, NAN,102.0, NAN,245, NAN,7.3, NAN,83.4, NAN, 7.3, NAN, 269.5, NAN,1005.0,-5.65,298.7,-0.02,5.8638,6.0178,126.3,0.0,1438.253, NAN, NAN, NAN, NAN,,2024/03/31 02:06:32.932,2024-03-31 02:06:32.932000+00:00
2024/03/31, 02:07:32.933, 41.524, -70.672, 0.04,24.54,312.33, 0.000, NAN,6.7, NAN,1002.9, NAN,0.0, NAN,102.0, NAN,235, NAN,7.7, NAN,83.5, NAN, 7.7, NAN, 259.5, NAN,1005.0,-5.64,300.19,-0.04,5.8638,6.0191,126.0,0.0,1438.259, NAN, NAN, NAN, NAN,,2024/03/31 02:07:32.933,2024-03-31 02:07:32.933000+00:00
2024/03/31, 02:08:32.933, 41.524, -70.672, 0.10,24.59,208.94, 0.000, NAN,6.7, NAN,1002.9, NAN,0.0, NAN,102.0, NAN,242, NAN,7.4, NAN,83.6, NAN, 7.4, NAN, 266.6, NAN,1005.0,-5.65,301.37,-0.04,5.8637,6.0194,125.7,0.0,1438.26, NAN, NAN, NAN, NAN,,2024/03/31 02:08:32.933,2024-03-31 02:08:32.933000+00:00
2024/03/31, 02:09:32.933, 41.524, -70.672, 0.15,24.57,309.48, 0.010, NAN,6.7, NAN,1002.9, NAN,0.0, NAN,102.0, NAN,242, NAN,6.6, NAN,83.4, NAN, 6.6, NAN, 266.5, NAN,1005.0,-5.52,301.75,-0.03,5.8637,6.0201,126.3,0.0,1438.263, NAN, NAN, NAN, NAN,,2024/03/31 02:09:32.933,2024-03-31 02:09:32.933000+00:00
2024/03/31, 02:10:32.933, 41.524, -70.672, 0.01,24.57,86.23, 0.010, NAN,6.6, NAN,1003.0, NAN,0.0, NAN,102.0, NAN,237, NAN,5.9, NAN,83.5, NAN, 5.9, NAN, 261.6, NAN,1005.1,-5.6,302.29,-0.03,5.8637,6.0213,126.0,0.0,1438.268, NAN, NAN, NAN, NAN,,2024/03/31 02:10:32.933,2024-03-31 02:10:32.933000+00:00
2024/03/31, 02:11:32.933, 41.524, -70.672, -0.14,24.48,57.62, 0.000, NAN,6.6, NAN,1003.0, NAN,0.0, NAN,102.0, NAN,238, NAN,6.0, NAN,83.5, NAN, 6.0, NAN, 262.5, NAN,1005.1,-5.57,302.82,-0.03,5.8637,6.0214,126.3,0.0,1438.268, NAN, NAN, NAN, NAN,,2024/03/31 02:11:32.933,2024-03-31 02:11:32.933000+00:00
2024/03/31, 02:12:32.933, 41.524, -70.672, -0.07,24.59,312.74, 0.010, NAN,6.7, NAN,1003.0, NAN,0.0, NAN,102.0, NAN,233, NAN,8.5, NAN,83.5, NAN, 8.5, NAN, 257.6, NAN,1005.1,-5.55,303.46,-0.02,5.8637,6.0206,126.0,0.0,1438.265, NAN, NAN, NAN, NAN,,2024/03/31 02:12:32.933,2024-03-31 02:12:32.933000+00:00
2024/03/31, 02:13:32.933, 41.524, -70.672, -0.19,24.58,319.46, 0.000, NAN,6.7, NAN,1003.0, NAN,0.0, NAN,102.0, NAN,233, NAN,5.6, NAN,83.4, NAN, 5.6, NAN, 257.6, NAN,1005.1,-5.6,303.81,-0.03,5.8637,6.0196,126.0,0.0,1438.261, NAN, NAN, NAN, NAN,,2024/03/31 02:13:32.933,2024-03-31 02:13:32.933000+00:00
2024/03/31, 02:14:32.933, 41.524, -70.672, 0.16,24.55,115.26, 0.010, NAN,6.7, NAN,1003.0, NAN,0.0, NAN,102.0, NAN,232, NAN,6.7, NAN,83.5, NAN, 6.7, NAN, 256.6, NAN,1005.1,-5.61,304.23,-0.03,5.8636,6.0203,126.3,0.0,1438.263, NAN, NAN, NAN, NAN,,2024/03/31 02:14:32.933,2024-03-31 02:14:32.933000+00:00
2024/03/31, 02:15:32.933, 41.524, -70.672, 0.11,24.63,253.72, 0.010, NAN,6.7, NAN,1003.0, NAN,0.0, NAN,102.0, NAN,241, NAN,4.4, NAN,83.5, NAN, 4.4, NAN, 265.6, NAN,1005.1,-5.6,304.33,-0.03,5.8637,6.0209,126.3,0.0,1438.266, NAN, NAN, NAN, NAN,,2024/03/31 02:15:32.933,2024-03-31 02:15:32.933000+00:00
2024/03/31, 02:16:32.933, 41.524, -70.672, 0.02,24.53,188.45, 0.010, NAN,6.7, NAN,1003.0, NAN,0.0, NAN,102.0, NAN,237, NAN,4.5, NAN,83.6, NAN, 4.5, NAN, 261.6, NAN,1005.1,-5.61,304.47,-0.02,5.8637,6.0217,126.0,0.0,1438.27, NAN, NAN, NAN, NAN,,2024/03/31 02:16:32.933,2024-03-31 02:16:32.933000+00:00
2024/03/31, 02:17:32.933, 41.524, -70.672, 0.04,24.54,110.04, 0.000, NAN,6.7, NAN,1003.0, NAN,0.0, NAN,102.0, NAN,237, NAN,5.0, NAN,83.7, NAN, 5.0, NAN, 261.5, NAN,1005.1,-5.58,304.92,-0.03,5.8636,6.0226,126.3,0.0,1438.273, NAN, NAN, NAN, NAN,,2024/03/31 02:17:32.933,2024-03-31 02:17:32.933000+00:00
2024/03/31, 02:18:32.933, 41.524, -70.672, 0.00,24.54,1.55, 0.010, NAN,6.7, NAN,1003.0, NAN,0.0, NAN,102.0, NAN,252, NAN,4.5, NAN,83.7, NAN, 4.5, NAN, 276.5, NAN,1005.1,-5.6,305.24,-0.03,5.8636,6.0232,126.3,0.0,1438.276, NAN, NAN, NAN, NAN,,2024/03/31 02:18:32.933,2024-03-31 02:18:32.933000+00:00
2024/03/31, 02:19:32.933, 41.524, -70.672, 0.00,24.44,73.5, 0.000, NAN,6.7, NAN,1003.0, NAN,0.0, NAN,102.0, NAN,253, NAN,4.6, NAN,83.5, NAN, 4.6, NAN, 277.4, NAN,1005.1,-5.61,305.23,-0.02,5.8636,6.0237,126.3,0.0,1438.278, NAN, NAN, NAN, NAN,,2024/03/31 02:19:32.933,2024-03-31 02:19:32.933000+00:00
2024/03/31, 02:20:32.933, 41.524, -70.672, -0.01,24.54,217.5, 0.010, NAN,6.7, NAN,1003.0, NAN,0.0, NAN,102.0, NAN,249, NAN,4.7, NAN,83.5, NAN, 4.7, NAN, 273.5, NAN,1005.1,-5.6,305.41,-0.02,5.8635,6.0236,126.0,0.0,1438.278, NAN, NAN, NAN, NAN,,2024/03/31 02:20:32.933,2024-03-31 02:20:32.933000+00:00
2024/03/31, 02:21:32.933, 41.524, -70.672, -0.03,24.53,201.48, 0.000, NAN,6.7, NAN,1003.0, NAN,0.0, NAN,102.0, NAN,253, NAN,4.5, NAN,83.2, NAN, 4.5, NAN, 277.5, NAN,1005.1,-5.58,305.23,-0.03,5.8636,6.0235,126.3,0.0,1438.277, NAN, NAN, NAN, NAN,,2024/03/31 02:21:32.933,2024-03-31 02:21:32.933000+00:00
2024/03/31, 02:22:32.933, 41.524, -70.672, -0.03,24.57,179.25, 0.010, NAN,6.7, NAN,1003.0, NAN,0.0, NAN,102.0, NAN,266, NAN,5.4, NAN,83.3, NAN, 5.4, NAN, 290.6, NAN,1005.1,-5.64,305.35,-0.03,5.8636,6.0214,126.3,0.0,1438.268, NAN, NAN, NAN, NAN,,2024/03/31 02:22:32.933,2024-03-31 02:22:32.933000+00:00
2024/03/31, 02:23:32.934, 41.524, -70.672, -0.03,24.54,189.71, 0.010, NAN,6.7, NAN,1002.9, NAN,0.0, NAN,102.0, NAN,255, NAN,4.5, NAN,83.2, NAN, 4.5, NAN, 279.6, NAN,1005.0,-5.63,305.0,-0.03,5.8635,6.0195,126.0,0.0,1438.26, NAN, NAN, NAN, NAN,,2024/03/31 02:23:32.934,2024-03-31 02:23:32.934000+00:00
2024/03/31, 02:24:32.934, 41.524, -70.672, -0.03,24.59,163.89, 0.010, NAN,6.7, NAN,1002.9, NAN,0.0, NAN,102.0, NAN,252, NAN,6.2, NAN,83.3, NAN, 6.2, NAN, 276.6, NAN,1005.0,-5.65,304.96,-0.02,5.8636,6.0157,126.3,0.0,1438.244, NAN, NAN, NAN, NAN,,2024/03/31 02:24:32.934,2024-03-31 02:24:32.934000+00:00
2024/03/31, 02:25:32.934, 41.524, -70.672, 0.03,24.53,267.16, 0.010, NAN,6.7, NAN,1002.9, NAN,0.0, NAN,102.0, NAN,254, NAN,4.4, NAN,83.4, NAN, 4.4, NAN, 278.6, NAN,1005.0,-5.51,304.85,-0.03,5.8635,6.0114,126.6,0.0,1438.225, NAN, NAN, NAN, NAN,,2024/03/31 02:25:32.934,2024-03-31 02:25:32.934000+00:00
2024/03/31, 02:26:32.934, 41.524, -70.672, 0.03,24.58,172.61, 0.010, NAN,6.7, NAN,1002.9, NAN,0.0, NAN,102.0, NAN,259, NAN,5.8, NAN,83.6, NAN, 5.8, NAN, 283.6, NAN,1005.0,-5.61,304.72,-0.03,5.8635,6.0077,126.3,0.0,1438.209, NAN, NAN, NAN, NAN,,2024/03/31 02:26:32.934,2024-03-31 02:26:32.934000+00:00
2024/03/31, 02:27:32.934, 41.524, -70.672, 0.03,24.6,10.52, 0.010, NAN,6.7, NAN,1002.9, NAN,0.0, NAN,102.0, NAN,258, NAN,6.1, NAN,83.7, NAN, 6.1, NAN, 282.6, NAN,1005.0,-5.7,304.95,-0.03,5.8636,6.0042,126.3,0.0,1438.194, NAN, NAN, NAN, NAN,,2024/03/31 02:27:32.934,2024-03-31 02:27:32.934000+00:00
2024/03/31, 02:28:32.934, 41.524, -70.672, 0.03,24.63,195.92, 0.010, NAN,6.7, NAN,1002.9, NAN,0.0, NAN,102.0, NAN,251, NAN,3.9, NAN,83.5, NAN, 3.9, NAN, 275.7, NAN,1005.0,-5.6,304.46,-0.03,5.8634,6.003,126.3,0.0,1438.189, NAN, NAN, NAN, NAN,,2024/03/31 02:28:32.934,2024-03-31 02:28:32.934000+00:00
2024/03/31, 02:29:32.934, 41.524, -70.672, 0.03,24.63,341.93, 0.020, NAN,6.7, NAN,1002.9, NAN,0.0, NAN,102.0, NAN,258, NAN,4.9, NAN,83.7, NAN, 4.9, NAN, 282.5, NAN,1005.0,-5.67,304.47,-0.03,5.8634,6.0016,126.0,0.0,1438.183, NAN, NAN, NAN, NAN,,2024/03/31 02:29:32.934,2024-03-31 02:29:32.934000+00:00
2024/03/31, 02:30:32.934, 41.524, -70.672, 0.03,24.59,313.4, 0.020, NAN,6.7, NAN,1003.0, NAN,0.0, NAN,102.0, NAN,252, NAN,4.7, NAN,83.8, NAN, 4.7, NAN, 276.5, NAN,1005.1,-5.66,304.17,-0.03,5.8634,6.0006,126.0,0.0,1438.178, NAN, NAN, NAN, NAN,,2024/03/31 02:30:32.934,2024-03-31 02:30:32.934000+00:00
2024/03/31, 02:31:32.934, 41.524, -70.672, 0.03,24.61,250.86, 0.010, NAN,6.7, NAN,1003.0, NAN,0.0, NAN,102.0, NAN,237, NAN,4.0, NAN,83.9, NAN, 4.0, NAN, 261.6, NAN,1005.1,-5.64,304.16,-0.03,5.8634,5.9988,126.3,0.0,1438.171, NAN, NAN, NAN, NAN,,2024/03/31 02:31:32.934,2024-03-31 02:31:32.934000+00:00
2024/03/31, 02:32:32.934, 41.524, -70.672, 0.03,24.53,11.53, 0.000, NAN,6.7, NAN,1003.0, NAN,0.0, NAN,102.0, NAN,250, NAN,4.7, NAN,84.1, NAN, 4.7, NAN, 274.5, NAN,1005.1,-5.78,304.2,-0.03,5.8634,5.9966,126.3,0.0,1438.161, NAN, NAN, NAN, NAN,,2024/03/31 02:32:32.934,2024-03-31 02:32:32.934000+00:00
2024/03/31, 02:33:32.934, 41.524, -70.672, 0.03,24.65,228.96, 0.000, NAN,6.7, NAN,1003.0, NAN,0.0, NAN,102.0, NAN,240, NAN,4.0, NAN,84.1, NAN, 4.0, NAN, 264.6, NAN,1005.1,-5.81,303.98,-0.03,5.8634,5.9946,126.3,0.0,1438.153, NAN, NAN, NAN, NAN,,2024/03/31 02:33:32.934,2024-03-31 02:33:32.934000+00:00
2024/03/31, 02:34:32.934, 41.524, -70.672, 0.03,24.55,139.86, 0.010, NAN,6.6, NAN,1003.0, NAN,0.0, NAN,102.0, NAN,248, NAN,4.5, NAN,84.2, NAN, 4.5, NAN, 272.6, NAN,1005.1,-5.76,304.05,-0.03,5.8634,5.993,126.3,0.0,1438.146, NAN, NAN, NAN, NAN,,2024/03/31 02:34:32.934,2024-03-31 02:34:32.934000+00:00
2024/03/31, 02:35:32.934, 41.524, -70.672, 0.03,24.61,123.84, 0.010, NAN,6.6, NAN,1003.0, NAN,0.0, NAN,102.0, NAN,246, NAN,4.3, NAN,84.0, NAN, 4.3, NAN, 270.6, NAN,1005.1,-5.77,304.14,-0.04,5.8634,5.9912,126.6,0.0,1438.138, NAN, NAN, NAN, NAN,,2024/03/31 02:35:32.934,2024-03-31 02:35:32.934000+00:00
2024/03/31, 02:36:32.934, 41.524, -70.672, 0.03,24.58,232.13, 0.010, NAN,6.6, NAN,1003.0, NAN,0.0, NAN,102.0, NAN,241, NAN,3.5, NAN,84.2, NAN, 3.5, NAN, 265.6, NAN,1005.1,-5.79,304.59,-0.04,5.8634,5.9894,126.3,0.0,1438.13, NAN, NAN, NAN, NAN,,2024/03/31 02:36:32.934,2024-03-31 02:36:32.934000+00:00
2024/03/31, 02:37:32.934, 41.524, -70.672, 0.03,24.54,22.06, 0.010, NAN,6.6, NAN,1003.0, NAN,0.0, NAN,102.0, NAN,263, NAN,4.6, NAN,84.1, NAN, 4.6, NAN, 287.5, NAN,1005.1,-5.91,304.65,-0.04,5.8633,5.9882,126.0,0.0,1438.125, NAN, NAN, NAN, NAN,,2024/03/31 02:37:32.934,2024-03-31 02:37:32.934000+00:00
2024/03/31, 02:38:32.934, 41.524, -70.672, 0.47,24.62,16.76, 0.010, NAN,6.6, NAN,1003.0, NAN,0.0, NAN,102.0, NAN,251, NAN,3.9, NAN,84.1, NAN, 3.9, NAN, 275.5, NAN,1005.1,-5.77,304.93,-0.03,5.8634,5.9869,126.3,0.0,1438.119, NAN, NAN, NAN, NAN,,2024/03/31 02:38:32.934,2024-03-31 02:38:32.934000+00:00
2024/03/31, 02:39:32.935, 41.524, -70.672, 0.24,24.54,337.47, 0.000, NAN,6.6, NAN,1003.0, NAN,0.0, NAN,102.0, NAN,253, NAN,4.5, NAN,84.3, NAN, 4.5, NAN, 277.5, NAN,1005.1,-5.85,305.46,-0.04,5.8633,5.9864,126.0,0.0,1438.117, NAN, NAN, NAN, NAN,,2024/03/31 02:39:32.935,2024-03-31 02:39:32.935000+00:00
2024/03/31, 02:40:32.935, 41.524, -70.672, -0.06,24.59,306.46, 0.000, NAN,6.6, NAN,1003.0, NAN,0.0, NAN,102.0, NAN,251, NAN,4.0, NAN,84.3, NAN, 4.0, NAN, 275.6, NAN,1005.1,-5.85,305.69,-0.04,5.8633,5.9872,126.3,0.0,1438.121, NAN, NAN, NAN, NAN,,2024/03/31 02:40:32.935,2024-03-31 02:40:32.935000+00:00
2024/03/31, 02:41:32.935, 41.524, -70.672, 0.19,24.58,197.33, 0.010, NAN,6.6, NAN,1003.0, NAN,0.0, NAN,102.0, NAN,245, NAN,4.5, NAN,84.3, NAN, 4.5, NAN, 269.6, NAN,1005.1,-5.86,305.87,-0.06,5.8634,5.988,126.3,0.0,1438.124, NAN, NAN, NAN, NAN,,2024/03/31 02:41:32.935,2024-03-31 02:41:32.935000+00:00
2024/03/31, 02:42:32.935, 41.524, -70.672, -0.11,24.6,142.79, 0.010, NAN,6.6, NAN,1003.0, NAN,0.0, NAN,102.0, NAN,244, NAN,3.9, NAN,84.5, NAN, 3.9, NAN, 268.6, NAN,1005.1,-5.78,306.37,-0.03,5.8634,5.9891,126.9,0.0,1438.129, NAN, NAN, NAN, NAN,,2024/03/31 02:42:32.935,2024-03-31 02:42:32.935000+00:00
2024/03/31, 02:43:32.935, 41.524, -70.672, 0.00,24.56,37.09, 0.000, NAN,6.6, NAN,1003.0, NAN,0.0, NAN,102.0, NAN,247, NAN,4.1, NAN,84.5, NAN, 4.1, NAN, 271.6, NAN,1005.1,-5.75,307.12,-0.04,5.8633,5.9903,126.3,0.0,1438.134, NAN, NAN, NAN, NAN,,2024/03/31 02:43:32.935,2024-03-31 02:43:32.935000+00:00
2024/03/31, 02:44:32.935, 41.524, -70.672, 0.11,24.64,26.65, 0.010, NAN,6.6, NAN,1003.0, NAN,0.0, NAN,102.0, NAN,239, NAN,6.0, NAN,84.6, NAN, 6.0, NAN, 263.6, NAN,1005.1,-5.77,307.91,-0.03,5.8633,5.9908,126.3,0.0,1438.136, NAN, NAN, NAN, NAN,,2024/03/31 02:44:32.935,2024-03-31 02:44:32.935000+00:00
2024/03/31, 02:45:32.935, 41.524, -70.672, 0.15,24.57,91.27, 0.000, NAN,6.6, NAN,1003.0, NAN,0.0, NAN,102.0, NAN,244, NAN,4.1, NAN,84.6, NAN, 4.1, NAN, 268.6, NAN,1005.1,-5.75,308.43,-0.05,5.8633,5.9915,126.6,0.0,1438.139, NAN, NAN, NAN, NAN,,2024/03/31 02:45:32.935,2024-03-31 02:45:32.935000+00:00
2024/03/31, 02:46:32.935, 41.524, -70.672, 0.05,24.63,240.1, 0.000, NAN,6.6, NAN,1003.0, NAN,0.0, NAN,102.0, NAN,254, NAN,5.4, NAN,84.7, NAN, 5.4, NAN, 278.6, NAN,1005.1,-5.72,309.08,-0.04,5.8632,5.9925,126.0,0.0,1438.143, NAN, NAN, NAN, NAN,,2024/03/31 02:46:32.935,2024-03-31 02:46:32.935000+00:00
2024/03/31, 02:47:32.935, 41.524, -70.672, 0.12,24.61,215.27, 0.010, NAN,6.6, NAN,1003.1, NAN,0.0, NAN,102.0, NAN,243, NAN,4.4, NAN,84.7, NAN, 4.4, NAN, 267.7, NAN,1005.2,-5.62,309.76,-0.04,5.8632,5.9938,126.3,0.0,1438.149, NAN, NAN, NAN, NAN,,2024/03/31 02:47:32.935,2024-03-31 02:47:32.935000+00:00
2024/03/31, 02:48:32.935, 41.524, -70.672, 0.23,24.55,23.53, 0.010, NAN,6.6, NAN,1003.1, NAN,0.0, NAN,102.0, NAN,262, NAN,4.6, NAN,84.8, NAN, 4.6, NAN, 286.5, NAN,1005.2,-5.69,310.33,-0.03,5.8633,5.9947,126.0,0.0,1438.153, NAN, NAN, NAN, NAN,,2024/03/31 02:48:32.935,2024-03-31 02:48:32.935000+00:00
2024/03/31, 02:49:32.935, 41.524, -70.672, 0.10,24.6,241.34, 0.010, NAN,6.6, NAN,1003.1, NAN,0.0, NAN,102.0, NAN,263, NAN,5.7, NAN,85.1, NAN, 5.7, NAN, 287.7, NAN,1005.2,-5.66,310.83,-0.03,5.8632,5.9955,126.3,0.0,1438.156, NAN, NAN, NAN, NAN,,2024/03/31 02:49:32.935,2024-03-31 02:49:32.935000+00:00
2024/03/31, 02:50:32.935, 41.524, -70.672, 0.06,24.63,330.13, 0.010, NAN,6.6, NAN,1003.1, NAN,0.0, NAN,102.0, NAN,263, NAN,5.7, NAN,85.1, NAN, 5.7, NAN, 287.6, NAN,1005.2,-5.63,311.37,-0.03,5.8632,5.9966,126.3,0.0,1438.161, NAN, NAN, NAN, NAN,,2024/03/31 02:50:32.935,2024-03-31 02:50:32.935000+00:00
2024/03/31, 02:51:32.935, 41.524, -70.672, 0.04,24.58,143.86, 0.010, NAN,6.6, NAN,1003.0, NAN,0.0, NAN,102.0, NAN,250, NAN,5.0, NAN,85.1, NAN, 5.0, NAN, 274.6, NAN,1005.1,-5.52,311.57,-0.03,5.8633,5.9981,126.0,0.0,1438.167, NAN, NAN, NAN, NAN,,2024/03/31 02:51:32.935,2024-03-31 02:51:32.935000+00:00
2024/03/31, 02:52:32.935, 41.524, -70.672, 0.04,24.61,238.5, 0.010, NAN,6.6, NAN,1003.0, NAN,0.0, NAN,102.0, NAN,251, NAN,4.7, NAN,85.1, NAN, 4.7, NAN, 275.7, NAN,1005.1,-5.52,311.63,-0.04,5.8632,5.9987,126.6,0.0,1438.17, NAN, NAN, NAN, NAN,,2024/03/31 02:52:32.935,2024-03-31 02:52:32.935000+00:00
2024/03/31, 02:53:32.935, 41.524, -70.672, 0.20,24.48,27.72, 0.000, NAN,6.6, NAN,1003.1, NAN,0.0, NAN,102.0, NAN,252, NAN,4.4, NAN,85.2, NAN, 4.4, NAN, 276.5, NAN,1005.2,-5.6,311.76,-0.03,5.8632,5.9986,127.2,0.0,1438.17, NAN, NAN, NAN, NAN,,2024/03/31 02:53:32.935,2024-03-31 02:53:32.935000+00:00
2024/03/31, 02:54:32.935, 41.524, -70.672, -0.08,24.59,305.88, 0.010, NAN,6.6, NAN,1003.1, NAN,0.0, NAN,102.0, NAN,256, NAN,4.6, NAN,85.3, NAN, 4.6, NAN, 280.6, NAN,1005.2,-5.58,311.71,-0.03,5.8632,5.9975,126.6,0.0,1438.165, NAN, NAN, NAN, NAN,,2024/03/31 02:54:32.935,2024-03-31 02:54:32.935000+00:00
2024/03/31, 02:55:32.936, 41.524, -70.672, -0.10,24.49,110.21, 0.000, NAN,6.6, NAN,1003.1, NAN,0.0, NAN,102.0, NAN,253, NAN,5.5, NAN,85.1, NAN, 5.5, NAN, 277.5, NAN,1005.2,-5.57,311.8,-0.02,5.8632,5.9971,126.0,0.0,1438.163, NAN, NAN, NAN, NAN,,2024/03/31 02:55:32.936,2024-03-31 02:55:32.936000+00:00
2024/03/31, 02:56:32.936, 41.524, -70.672, 0.00,24.57,199.13, 0.000, NAN,6.6, NAN,1003.1, NAN,0.0, NAN,102.0, NAN,267, NAN,4.3, NAN,85.2, NAN, 4.3, NAN, 291.6, NAN,1005.2,-5.6,311.66,-0.03,5.8631,5.9968,126.3,0.0,1438.162, NAN, NAN, NAN, NAN,,2024/03/31 02:56:32.936,2024-03-31 02:56:32.936000+00:00
2024/03/31, 02:57:32.936, 41.524, -70.672, -0.01,24.62,158.11, 0.000, NAN,6.6, NAN,1003.2, NAN,0.0, NAN,102.0, NAN,259, NAN,4.4, NAN,85.3, NAN, 4.4, NAN, 283.6, NAN,1005.3,-5.69,311.35,-0.03,5.8631,5.9961,126.3,0.0,1438.159, NAN, NAN, NAN, NAN,,2024/03/31 02:57:32.936,2024-03-31 02:57:32.936000+00:00
2024/03/31, 02:58:32.936, 41.524, -70.672, 0.04,24.55,9.54, 0.010, NAN,6.6, NAN,1003.1, NAN,0.0, NAN,102.0, NAN,273, NAN,4.5, NAN,85.4, NAN, 4.5, NAN, 297.5, NAN,1005.2,-5.8,311.24,-0.02,5.8631,5.9957,126.6,0.0,1438.157, NAN, NAN, NAN, NAN,,2024/03/31 02:58:32.936,2024-03-31 02:58:32.936000+00:00
2024/03/31, 02:59:32.936, 41.524, -70.672, 0.08,24.64,203.23, 0.010, NAN,6.6, NAN,1003.1, NAN,0.0, NAN,102.0, NAN,278, NAN,4.7, NAN,85.4, NAN, 4.7, NAN, 302.7, NAN,1005.2,-5.94,311.19,-0.03,5.8631,5.9957,126.3,0.0,1438.157, NAN, NAN, NAN, NAN,,2024/03/31 02:59:32.936,2024-03-31 02:59:32.936000+00:00
2024/03/31, 03:00:32.936, 41.524, -70.672, -0.11,24.6,217.91, 0.010, NAN,6.6, NAN,1003.2, NAN,0.0, NAN,102.0, NAN,267, NAN,4.4, NAN,85.9, NAN, 4.4, NAN, 291.7, NAN,1005.3,-6.02,311.24,-0.02,5.8631,5.9952,126.3,0.0,1438.155, NAN, NAN, NAN, NAN,,2024/03/31 03:00:32.936,2024-03-31 03:00:32.936000+00:00
2024/03/31, 03:01:32.936, 41.524, -70.672, 0.04,24.51,113.34, 0.010, NAN,6.6, NAN,1003.1, NAN,0.0, NAN,102.0, NAN,264, NAN,4.4, NAN,86.0, NAN, 4.4, NAN, 288.5, NAN,1005.2,-5.98,311.47,-0.03,5.8631,5.995,126.3,0.0,1438.154, NAN, NAN, NAN, NAN,,2024/03/31 03:01:32.936,2024-03-31 03:01:32.936000+00:00
2024/03/31, 03:02:32.936, 41.524, -70.672, 0.05,24.52,154.09, 0.010, NAN,6.6, NAN,1003.2, NAN,0.0, NAN,102.0, NAN,278, NAN,4.8, NAN,86.0, NAN, 4.8, NAN, 302.5, NAN,1005.3,-6.08,311.29,-0.02,5.863,5.9935,126.3,0.0,1438.147, NAN, NAN, NAN, NAN,,2024/03/31 03:02:32.936,2024-03-31 03:02:32.936000+00:00
2024/03/31, 03:03:32.936, 41.524, -70.672, 0.05,24.59,169.19, 0.010, NAN,6.6, NAN,1003.2, NAN,0.0, NAN,102.0, NAN,273, NAN,4.6, NAN,86.0, NAN, 4.6, NAN, 297.6, NAN,1005.3,-6.02,311.19,-0.03,5.8631,5.9922,126.0,0.0,1438.142, NAN, NAN, NAN, NAN,,2024/03/31 03:03:32.936,2024-03-31 03:03:32.936000+00:00
2024/03/31, 03:04:32.936, 41.524, -70.672, -0.05,24.63,213.21, 0.010, NAN,6.6, NAN,1003.2, NAN,0.0, NAN,102.0, NAN,276, NAN,4.5, NAN,85.9, NAN, 4.5, NAN, 300.6, NAN,1005.3,-6.01,311.51,-0.03,5.8631,5.9923,126.3,0.0,1438.142, NAN, NAN, NAN, NAN,,2024/03/31 03:04:32.936,2024-03-31 03:04:32.936000+00:00
2024/03/31, 03:05:32.936, 41.524, -70.672, 0.24,24.62,347.68, 0.010, NAN,6.6, NAN,1003.2, NAN,0.0, NAN,102.0, NAN,266, NAN,4.8, NAN,86.0, NAN, 4.8, NAN, 290.6, NAN,1005.3,-6.11,311.3,-0.03,5.8631,5.9922,126.6,0.0,1438.142, NAN, NAN, NAN, NAN,,2024/03/31 03:05:32.936,2024-03-31 03:05:32.936000+00:00
2024/03/31, 03:06:32.936, 41.524, -70.672, 0.29,24.6,347.94, 0.010, NAN,6.6, NAN,1003.2, NAN,0.0, NAN,102.0, NAN,260, NAN,4.2, NAN,86.0, NAN, 4.2, NAN, 284.6, NAN,1005.3,-6.03,311.36,-0.04,5.8631,5.9913,126.3,0.0,1438.138, NAN, NAN, NAN, NAN,,2024/03/31 03:06:32.936,2024-03-31 03:06:32.936000+00:00
2024/03/31, 03:07:32.936, 41.524, -70.672, 0.02,24.56,287.38, 0.010, NAN,6.6, NAN,1003.3, NAN,0.0, NAN,102.0, NAN,297, NAN,4.4, NAN,85.9, NAN, 4.4, NAN, 321.6, NAN,1005.4,-6.06,311.16,-0.03,5.8631,5.9911,126.3,0.0,1438.137, NAN, NAN, NAN, NAN,,2024/03/31 03:07:32.936,2024-03-31 03:07:32.936000+00:00
2024/03/31, 03:08:32.936, 41.524, -70.672, 0.11,24.6,329.38, 0.010, NAN,6.6, NAN,1003.2, NAN,0.0, NAN,102.0, NAN,270, NAN,4.2, NAN,85.9, NAN, 4.2, NAN, 294.5, NAN,1005.3,-6.05,311.14,-0.03,5.8631,5.9915,126.3,0.0,1438.139, NAN, NAN, NAN, NAN,,2024/03/31 03:08:32.936,2024-03-31 03:08:32.936000+00:00
2024/03/31, 03:09:32.936, 41.524, -70.672, -0.05,24.48,138.81, 0.010, NAN,6.6, NAN,1003.2, NAN,0.0, NAN,102.0, NAN,264, NAN,4.5, NAN,85.7, NAN, 4.5, NAN, 288.5, NAN,1005.3,-6.08,310.71,-0.04,5.8631,5.9913,126.3,0.0,1438.138, NAN, NAN, NAN, NAN,,2024/03/31 03:09:32.936,2024-03-31 03:09:32.936000+00:00
2024/03/31, 03:10:32.937, 41.524, -70.672, -0.01,24.61,178.33, 0.010, NAN,6.6, NAN,1003.3, NAN,0.0, NAN,102.0, NAN,266, NAN,4.7, NAN,85.4, NAN, 4.7, NAN, 290.6, NAN,1005.4,-6.01,310.33,-0.03,5.8631,5.9905,126.3,0.0,1438.134, NAN, NAN, NAN, NAN,,2024/03/31 03:10:32.937,2024-03-31 03:10:32.937000+00:00
2024/03/31, 03:11:32.937, 41.524, -70.672, 0.34,24.69,38.89, 0.000, NAN,6.6, NAN,1003.2, NAN,0.0, NAN,102.0, NAN,265, NAN,4.8, NAN,85.3, NAN, 4.8, NAN, 289.7, NAN,1005.3,-6.06,310.25,-0.03,5.863,5.9902,126.6,0.0,1438.133, NAN, NAN, NAN, NAN,,2024/03/31 03:11:32.937,2024-03-31 03:11:32.937000+00:00
2024/03/31, 03:12:32.937, 41.524, -70.672, 0.32,24.63,159.43, 0.010, NAN,6.6, NAN,1003.3, NAN,0.0, NAN,102.0, NAN,256, NAN,4.2, NAN,85.1, NAN, 4.2, NAN, 280.7, NAN,1005.4,-5.91,309.32,-0.03,5.8631,5.9893,126.3,0.0,1438.129, NAN, NAN, NAN, NAN,,2024/03/31 03:12:32.937,2024-03-31 03:12:32.937000+00:00
2024/03/31, 03:13:32.937, 41.524, -70.672, 0.24,24.6,261.38, 0.010, NAN,6.6, NAN,1003.3, NAN,0.0, NAN,102.0, NAN,269, NAN,4.3, NAN,85.1, NAN, 4.3, NAN, 293.6, NAN,1005.4,-5.9,309.07,-0.02,5.8631,5.9892,126.3,0.0,1438.129, NAN, NAN, NAN, NAN,,2024/03/31 03:13:32.937,2024-03-31 03:13:32.937000+00:00
2024/03/31, 03:14:32.937, 41.524, -70.672, 0.28,24.53,208.74, 0.010, NAN,6.6, NAN,1003.2, NAN,0.0, NAN,102.0, NAN,259, NAN,4.3, NAN,84.6, NAN, 4.3, NAN, 283.6, NAN,1005.3,-5.83,308.67,-0.04,5.8631,5.9858,126.0,0.0,1438.114, NAN, NAN, NAN, NAN,,2024/03/31 03:14:32.937,2024-03-31 03:14:32.937000+00:00
2024/03/31, 03:15:32.937, 41.524, -70.672, -0.10,24.54,297.8, 0.000, NAN,6.6, NAN,1003.2, NAN,0.0, NAN,102.0, NAN,251, NAN,3.6, NAN,84.2, NAN, 3.6, NAN, 275.5, NAN,1005.3,-5.85,308.0,-0.03,5.8632,5.9833,126.6,0.0,1438.104, NAN, NAN, NAN, NAN,,2024/03/31 03:15:32.937,2024-03-31 03:15:32.937000+00:00
2024/03/31, 03:16:32.937, 41.524, -70.672, 0.07,24.55,125.91, 0.010, NAN,6.7, NAN,1003.2, NAN,0.0, NAN,102.0, NAN,278, NAN,4.3, NAN,84.1, NAN, 4.3, NAN, 302.5, NAN,1005.3,-5.92,307.57,-0.03,5.8631,5.9813,126.3,0.0,1438.095, NAN, NAN, NAN, NAN,,2024/03/31 03:16:32.937,2024-03-31 03:16:32.937000+00:00
2024/03/31, 03:17:32.937, 41.524, -70.672, 0.22,24.57,171.39, 0.010, NAN,6.7, NAN,1003.1, NAN,0.0, NAN,102.0, NAN,270, NAN,4.4, NAN,83.9, NAN, 4.4, NAN, 294.6, NAN,1005.2,-5.85,307.3,-0.03,5.8631,5.9813,126.6,0.0,1438.095, NAN, NAN, NAN, NAN,,2024/03/31 03:17:32.937,2024-03-31 03:17:32.937000+00:00
2024/03/31, 03:18:32.937, 41.524, -70.672, 0.20,24.49,346.99, 0.010, NAN,6.7, NAN,1003.1, NAN,0.0, NAN,102.0, NAN,294, NAN,4.5, NAN,83.7, NAN, 4.5, NAN, 318.4, NAN,1005.2,-6.05,307.04,-0.03,5.8631,5.9821,126.0,0.0,1438.098, NAN, NAN, NAN, NAN,,2024/03/31 03:18:32.937,2024-03-31 03:18:32.937000+00:00
2024/03/31, 03:19:32.937, 41.524, -70.672, 0.17,24.59,233.9, 0.010, NAN,6.7, NAN,1003.2, NAN,0.0, NAN,102.0, NAN,274, NAN,4.2, NAN,83.5, NAN, 4.2, NAN, 298.6, NAN,1005.3,-6.01,306.76,-0.03,5.863,5.9816,126.0,0.0,1438.096, NAN, NAN, NAN, NAN,,2024/03/31 03:19:32.937,2024-03-31 03:19:32.937000+00:00
2024/03/31, 03:20:32.937, 41.524, -70.672, 0.15,24.51,193.35, 0.010, NAN,6.7, NAN,1003.2, NAN,0.0, NAN,102.0, NAN,288, NAN,4.5, NAN,83.6, NAN, 4.5, NAN, 312.5, NAN,1005.3,-6.2,306.25,-0.03,5.8631,5.9807,126.3,0.0,1438.092, NAN, NAN, NAN, NAN,,2024/03/31 03:20:32.937,2024-03-31 03:20:32.937000+00:00
2024/03/31, 03:21:32.937, 41.524, -70.672, -0.09,24.54,344.34, 0.020, NAN,6.7, NAN,1003.2, NAN,0.0, NAN,102.0, NAN,296, NAN,4.3, NAN,83.6, NAN, 4.3, NAN, 320.5, NAN,1005.3,-6.24,306.26,-0.03,5.8632,5.9799,126.0,0.0,1438.089, NAN, NAN, NAN, NAN,,2024/03/31 03:21:32.937,2024-03-31 03:21:32.937000+00:00
2024/03/31, 03:22:32.937, 41.524, -70.672, 0.03,24.58,1.57, 0.010, NAN,6.7, NAN,1003.2, NAN,0.0, NAN,102.0, NAN,278, NAN,3.7, NAN,83.7, NAN, 3.7, NAN, 302.5, NAN,1005.3,-6.31,305.99,-0.03,5.8631,5.9789,126.3,0.0,1438.085, NAN, NAN, NAN, NAN,,2024/03/31 03:22:32.937,2024-03-31 03:22:32.937000+00:00
2024/03/31, 03:23:32.937, 41.524, -70.672, 0.10,24.62,268.22, 0.000, NAN,6.7, NAN,1003.3, NAN,0.0, NAN,102.0, NAN,286, NAN,4.2, NAN,83.4, NAN, 4.2, NAN, 310.6, NAN,1005.4,-6.35,305.8,-0.03,5.8631,5.9788,126.3,0.0,1438.084, NAN, NAN, NAN, NAN,,2024/03/31 03:23:32.937,2024-03-31 03:23:32.937000+00:00
2024/03/31, 03:24:32.937, 41.524, -70.672, 0.17,24.57,315.34, 0.010, NAN,6.7, NAN,1003.3, NAN,0.0, NAN,102.0, NAN,290, NAN,4.3, NAN,83.6, NAN, 4.3, NAN, 314.5, NAN,1005.4,-6.34,305.61,-0.05,5.8631,5.9773,126.0,0.0,1438.078, NAN, NAN, NAN, NAN,,2024/03/31 03:24:32.937,2024-03-31 03:24:32.937000+00:00
2024/03/31, 03:25:32.937, 41.524, -70.672, 0.18,24.6,16.18, 0.010, NAN,6.7, NAN,1003.2, NAN,0.0, NAN,102.0, NAN,289, NAN,3.7, NAN,83.4, NAN, 3.7, NAN, 313.5, NAN,1005.3,-6.41,305.65,-0.03,5.8631,5.9756,126.6,0.0,1438.07, NAN, NAN, NAN, NAN,,2024/03/31 03:25:32.937,2024-03-31 03:25:32.937000+00:00
2024/03/31, 03:26:32.938, 41.524, -70.672, 0.03,24.49,148.27, 0.010, NAN,6.7, NAN,1003.3, NAN,0.0, NAN,102.0, NAN,279, NAN,3.6, NAN,83.3, NAN, 3.6, NAN, 303.6, NAN,1005.4,-6.36,305.16,-0.03,5.8631,5.976,126.6,0.0,1438.072, NAN, NAN, NAN, NAN,,2024/03/31 03:26:32.938,2024-03-31 03:26:32.938000+00:00
2024/03/31, 03:27:32.938, 41.524, -70.672, 0.21,24.46,141.97, 0.010, NAN,6.7, NAN,1003.3, NAN,0.0, NAN,102.0, NAN,282, NAN,3.8, NAN,83.3, NAN, 3.8, NAN, 306.4, NAN,1005.4,-6.37,305.13,-0.02,5.8631,5.9753,126.3,0.0,1438.069, NAN, NAN, NAN, NAN,,2024/03/31 03:27:32.938,2024-03-31 03:27:32.938000+00:00
2024/03/31, 03:28:32.938, 41.524, -70.672, 0.07,24.53,355.1, 0.010, NAN,6.7, NAN,1003.2, NAN,0.0, NAN,102.0, NAN,288, NAN,3.9, NAN,83.1, NAN, 3.9, NAN, 312.5, NAN,1005.3,-6.39,305.43,-0.04,5.8631,5.9731,126.3,0.0,1438.06, NAN, NAN, NAN, NAN,,2024/03/31 03:28:32.938,2024-03-31 03:28:32.938000+00:00
2024/03/31, 03:29:32.938, 41.524, -70.672, 0.16,24.56,100.97, 0.000, NAN,6.7, NAN,1003.3, NAN,0.0, NAN,102.0, NAN,286, NAN,4.1, NAN,83.0, NAN, 4.1, NAN, 310.6, NAN,1005.4,-6.36,305.76,-0.03,5.8631,5.9693,126.3,0.0,1438.043, NAN, NAN, NAN, NAN,,2024/03/31 03:29:32.938,2024-03-31 03:29:32.938000+00:00
2024/03/31, 03:30:32.938, 41.524, -70.672, 0.13,24.53,26.35, 0.010, NAN,6.7, NAN,1003.3, NAN,0.0, NAN,102.0, NAN,284, NAN,4.1, NAN,82.6, NAN, 4.1, NAN, 308.5, NAN,1005.4,-6.35,306.13,-0.03,5.8631,5.9669,126.3,0.0,1438.033, NAN, NAN, NAN, NAN,,2024/03/31 03:30:32.938,2024-03-31 03:30:32.938000+00:00
2024/03/31, 03:31:32.938, 41.524, -70.672, 0.20,24.59,61.09, 0.000, NAN,6.7, NAN,1003.3, NAN,0.0, NAN,102.0, NAN,285, NAN,4.0, NAN,82.0, NAN, 4.0, NAN, 309.6, NAN,1005.4,-6.33,306.44,-0.03,5.863,5.9659,126.3,0.0,1438.028, NAN, NAN, NAN, NAN,,2024/03/31 03:31:32.938,2024-03-31 03:31:32.938000+00:00
2024/03/31, 03:32:32.938, 41.524, -70.672, 0.33,24.57,171.55, 0.010, NAN,6.7, NAN,1003.3, NAN,0.0, NAN,102.0, NAN,278, NAN,4.2, NAN,82.0, NAN, 4.2, NAN, 302.6, NAN,1005.4,-6.3,307.82,-0.03,5.863,5.9648,126.3,0.0,1438.024, NAN, NAN, NAN, NAN,,2024/03/31 03:32:32.938,2024-03-31 03:32:32.938000+00:00
2024/03/31, 03:33:32.938, 41.524, -70.672, -0.02,24.61,266.23, 0.010, NAN,6.7, NAN,1003.3, NAN,0.0, NAN,102.0, NAN,282, NAN,4.1, NAN,81.5, NAN, 4.1, NAN, 306.6, NAN,1005.4,-6.27,308.33,-0.02,5.8631,5.9637,126.3,0.0,1438.019, NAN, NAN, NAN, NAN,,2024/03/31 03:33:32.938,2024-03-31 03:33:32.938000+00:00
2024/03/31, 03:34:32.938, 41.524, -70.672, 0.00,24.57,265.38, 0.010, NAN,6.7, NAN,1003.3, NAN,0.0, NAN,102.0, NAN,285, NAN,4.2, NAN,81.3, NAN, 4.2, NAN, 309.5, NAN,1005.4,-6.26,309.41,-0.04,5.863,5.9624,126.3,0.0,1438.013, NAN, NAN, NAN, NAN,,2024/03/31 03:34:32.938,2024-03-31 03:34:32.938000+00:00
2024/03/31, 03:35:32.938, 41.524, -70.672, -0.04,24.54,248.97, 0.000, NAN,6.7, NAN,1003.2, NAN,0.0, NAN,102.0, NAN,285, NAN,4.0, NAN,80.8, NAN, 4.0, NAN, 309.5, NAN,1005.3,-6.18,310.73,-0.03,5.8628,5.9594,126.3,0.0,1438.0, NAN, NAN, NAN, NAN,,2024/03/31 03:35:32.938,2024-03-31 03:35:32.938000+00:00
2024/03/31, 03:36:32.938, 41.524, -70.672, 0.30,24.6,122.9, 0.010, NAN,6.8, NAN,1003.3, NAN,0.0, NAN,102.0, NAN,279, NAN,4.1, NAN,81.2, NAN, 4.1, NAN, 303.6, NAN,1005.4,-6.12,312.02,-0.02,5.8629,5.9572,126.3,11.5,1437.991, NAN, NAN, NAN, NAN,,2024/03/31 03:36:32.938,2024-03-31 03:36:32.938000+00:00
2024/03/31, 03:37:32.938, 41.524, -70.672, 0.17,24.6,233.51, 0.000, NAN,6.8, NAN,1003.3, NAN,0.0, NAN,102.0, NAN,281, NAN,4.3, NAN,80.9, NAN, 4.3, NAN, 305.6, NAN,1005.4,-6.11,313.62,-0.02,5.8628,5.9564,126.3,0.0,1437.987, NAN, NAN, NAN, NAN,,2024/03/31 03:37:32.938,2024-03-31 03:37:32.938000+00:00
2024/03/31, 03:38:32.938, 41.524, -70.672, 0.17,24.53,35.64, 0.010, NAN,6.8, NAN,1003.2, NAN,0.0, NAN,102.0, NAN,287, NAN,4.2, NAN,80.4, NAN, 4.2, NAN, 311.5, NAN,1005.3,-6.04,314.68,-0.02,5.8627,5.9556,126.3,0.0,1437.984, NAN, NAN, NAN, NAN,,2024/03/31 03:38:32.938,2024-03-31 03:38:32.938000+00:00
2024/03/31, 03:39:32.938, 41.524, -70.672, 0.12,24.55,341.01, 0.000, NAN,6.8, NAN,1003.2, NAN,0.0, NAN,102.0, NAN,298, NAN,4.9, NAN,80.3, NAN, 4.9, NAN, 322.6, NAN,1005.3,-5.96,315.52,-0.04,5.8627,5.955,126.3,0.0,1437.981, NAN, NAN, NAN, NAN,,2024/03/31 03:39:32.938,2024-03-31 03:39:32.938000+00:00
2024/03/31, 03:40:32.938, 41.524, -70.672, -0.01,24.62,259.87, 0.010, NAN,6.8, NAN,1003.2, NAN,0.0, NAN,102.0, NAN,301, NAN,4.7, NAN,79.8, NAN, 4.7, NAN, 325.6, NAN,1005.3,-5.87,316.09,-0.02,5.8627,5.9556,126.0,0.0,1437.984, NAN, NAN, NAN, NAN,,2024/03/31 03:40:32.938,2024-03-31 03:40:32.938000+00:00
2024/03/31, 03:41:32.938, 41.524, -70.672, 0.04,24.58,352.12, 0.000, NAN,6.8, NAN,1003.1, NAN,0.0, NAN,102.0, NAN,280, NAN,4.6, NAN,79.8, NAN, 4.6, NAN, 304.6, NAN,1005.2,-5.77,316.59,-0.02,5.8627,5.9549,126.3,0.0,1437.981, NAN, NAN, NAN, NAN,,2024/03/31 03:41:32.938,2024-03-31 03:41:32.938000+00:00
2024/03/31, 03:42:32.939, 41.524, -70.672, 0.03,24.57,135.05, 0.010, NAN,6.9, NAN,1003.1, NAN,0.0, NAN,102.0, NAN,299, NAN,5.0, NAN,79.7, NAN, 5.0, NAN, 323.6, NAN,1005.2,-5.71,316.8,-0.03,5.8627,5.9528,126.0,0.0,1437.971, NAN, NAN, NAN, NAN,,2024/03/31 03:42:32.939,2024-03-31 03:42:32.939000+00:00
2024/03/31, 03:43:32.939, 41.524, -70.672, 0.10,24.55,336.66, 0.010, NAN,6.9, NAN,1003.1, NAN,0.0, NAN,102.0, NAN,287, NAN,4.6, NAN,77.0, NAN, 4.6, NAN, 311.5, NAN,1005.2,-5.66,316.27,-0.03,5.8626,5.9507,126.3,0.0,1437.962, NAN, NAN, NAN, NAN,,2024/03/31 03:43:32.939,2024-03-31 03:43:32.939000+00:00
2024/03/31, 03:44:32.939, 41.524, -70.672, -0.01,24.5,65.62, 0.000, NAN,6.9, NAN,1003.1, NAN,0.0, NAN,102.0, NAN,289, NAN,4.5, NAN,76.0, NAN, 4.5, NAN, 313.5, NAN,1005.2,-5.56,316.05,-0.03,5.8626,5.9492,126.3,0.0,1437.956, NAN, NAN, NAN, NAN,,2024/03/31 03:44:32.939,2024-03-31 03:44:32.939000+00:00
2024/03/31, 03:45:32.939, 41.524, -70.672, 0.17,24.65,238.04, 0.000, NAN,7.0, NAN,1003.1, NAN,0.0, NAN,102.0, NAN,289, NAN,4.7, NAN,74.8, NAN, 4.7, NAN, 313.6, NAN,1005.2,-5.44,315.67,-0.02,5.8626,5.9478,126.3,0.0,1437.95, NAN, NAN, NAN, NAN,,2024/03/31 03:45:32.939,2024-03-31 03:45:32.939000+00:00
2024/03/31, 03:46:32.939, 41.524, -70.672, 0.09,24.56,2.68, 0.000, NAN,7.1, NAN,1003.1, NAN,0.0, NAN,102.0, NAN,285, NAN,4.5, NAN,73.7, NAN, 4.5, NAN, 309.6, NAN,1005.2,-5.47,314.9,-0.03,5.8626,5.9466,126.3,0.0,1437.945, NAN, NAN, NAN, NAN,,2024/03/31 03:46:32.939,2024-03-31 03:46:32.939000+00:00
2024/03/31, 03:47:32.939, 41.524, -70.672, -0.09,24.54,122.23, 0.010, NAN,7.1, NAN,1003.2, NAN,0.0, NAN,102.0, NAN,291, NAN,4.5, NAN,73.8, NAN, 4.5, NAN, 315.6, NAN,1005.3,-5.56,314.06,-0.02,5.8626,5.9439,126.3,0.0,1437.933, NAN, NAN, NAN, NAN,,2024/03/31 03:47:32.939,2024-03-31 03:47:32.939000+00:00
2024/03/31, 03:48:32.939, 41.524, -70.672, -0.02,24.62,328.05, 0.010, NAN,7.2, NAN,1003.2, NAN,0.0, NAN,102.0, NAN,285, NAN,4.4, NAN,73.8, NAN, 4.4, NAN, 309.6, NAN,1005.3,-5.52,313.27,-0.02,5.8625,5.9429,126.3,0.0,1437.929, NAN, NAN, NAN, NAN,,2024/03/31 03:48:32.939,2024-03-31 03:48:32.939000+00:00
2024/03/31, 03:49:32.939, 41.524, -70.672, 0.07,24.59,33.59, 0.010, NAN,7.2, NAN,1003.2, NAN,0.0, NAN,102.0, NAN,282, NAN,3.8, NAN,72.7, NAN, 3.8, NAN, 306.5, NAN,1005.3,-5.57,312.65,-0.03,5.8624,5.9408,126.0,0.0,1437.919, NAN, NAN, NAN, NAN,,2024/03/31 03:49:32.939,2024-03-31 03:49:32.939000+00:00
2024/03/31, 03:50:32.939, 41.524, -70.672, 0.04,24.59,139.31, 0.010, NAN,7.3, NAN,1003.3, NAN,0.0, NAN,102.0, NAN,292, NAN,4.4, NAN,72.8, NAN, 4.4, NAN, 316.7, NAN,1005.4,-5.61,312.56,-0.03,5.8625,5.94,126.6,0.0,1437.916, NAN, NAN, NAN, NAN,,2024/03/31 03:50:32.939,2024-03-31 03:50:32.939000+00:00
2024/03/31, 03:51:32.939, 41.524, -70.672, 0.05,24.66,296.46, 0.020, NAN,7.3, NAN,1003.2, NAN,0.0, NAN,102.0, NAN,301, NAN,4.4, NAN,71.7, NAN, 4.4, NAN, 325.6, NAN,1005.3,-5.71,311.94,-0.02,5.8623,5.9395,126.6,0.0,1437.914, NAN, NAN, NAN, NAN,,2024/03/31 03:51:32.939,2024-03-31 03:51:32.939000+00:00
2024/03/31, 03:52:32.939, 41.524, -70.672, 0.04,24.54,325.79, 0.010, NAN,7.3, NAN,1003.2, NAN,0.0, NAN,102.0, NAN,301, NAN,3.8, NAN,72.0, NAN, 3.8, NAN, 325.5, NAN,1005.3,-5.75,311.06,-0.03,5.8624,5.94,126.3,0.0,1437.916, NAN, NAN, NAN, NAN,,2024/03/31 03:52:32.939,2024-03-31 03:52:32.939000+00:00
2024/03/31, 03:53:32.939, 41.524, -70.672, 0.16,24.51,21.62, 0.000, NAN,7.3, NAN,1003.3, NAN,0.0, NAN,102.0, NAN,294, NAN,4.1, NAN,72.9, NAN, 4.1, NAN, 318.5, NAN,1005.4,-5.9,310.67,-0.03,5.8623,5.9404,125.7,0.0,1437.917, NAN, NAN, NAN, NAN,,2024/03/31 03:53:32.939,2024-03-31 03:53:32.939000+00:00
2024/03/31, 03:54:32.939, 41.524, -70.672, 0.11,24.52,329.0, 0.010, NAN,7.3, NAN,1003.3, NAN,0.0, NAN,102.0, NAN,301, NAN,3.8, NAN,72.9, NAN, 3.8, NAN, 325.5, NAN,1005.4,-6.16,310.35,-0.03,5.8624,5.9402,126.3,0.0,1437.917, NAN, NAN, NAN, NAN,,2024/03/31 03:54:32.939,2024-03-31 03:54:32.939000+00:00
2024/03/31, 03:55:32.939, 41.524, -70.672, 0.04,24.51,13.75, 0.000, NAN,7.3, NAN,1003.3, NAN,0.0, NAN,102.0, NAN,302, NAN,4.4, NAN,73.1, NAN, 4.4, NAN, 326.5, NAN,1005.4,-6.21,310.33,-0.03,5.8623,5.9379,126.0,0.0,1437.907, NAN, NAN, NAN, NAN,,2024/03/31 03:55:32.939,2024-03-31 03:55:32.939000+00:00
2024/03/31, 03:56:32.939, 41.524, -70.672, 0.09,24.6,273.97, 0.010, NAN,7.3, NAN,1003.3, NAN,0.0, NAN,102.0, NAN,303, NAN,4.0, NAN,72.4, NAN, 4.0, NAN, 327.7, NAN,1005.4,-6.18,310.03,-0.03,5.8623,5.9358,126.3,0.0,1437.898, NAN, NAN, NAN, NAN,,2024/03/31 03:56:32.939,2024-03-31 03:56:32.939000+00:00
2024/03/31, 03:57:32.940, 41.524, -70.672, 0.06,24.56,254.52, 0.000, NAN,7.3, NAN,1003.3, NAN,0.0, NAN,102.0, NAN,302, NAN,3.8, NAN,73.0, NAN, 3.8, NAN, 326.6, NAN,1005.4,-6.26,310.15,-0.03,5.8623,5.9344,126.3,0.0,1437.892, NAN, NAN, NAN, NAN,,2024/03/31 03:57:32.940,2024-03-31 03:57:32.940000+00:00
2024/03/31, 03:58:32.940, 41.524, -70.672, 0.01,24.56,334.88, 0.010, NAN,7.3, NAN,1003.3, NAN,0.0, NAN,102.0, NAN,303, NAN,3.5, NAN,73.3, NAN, 3.5, NAN, 327.5, NAN,1005.4,-6.29,310.93,-0.03,5.8623,5.9341,126.0,0.0,1437.89, NAN, NAN, NAN, NAN,,2024/03/31 03:58:32.940,2024-03-31 03:58:32.940000+00:00
2024/03/31, 03:59:32.940, 41.524, -70.672, 0.05,24.6,286.21, 0.010, NAN,7.2, NAN,1003.3, NAN,0.0, NAN,102.0, NAN,304, NAN,3.7, NAN,73.6, NAN, 3.7, NAN, 328.6, NAN,1005.4,-6.3,311.56,-0.03,5.8624,5.934,126.3,0.0,1437.89, NAN, NAN, NAN, NAN,,2024/03/31 03:59:32.940,2024-03-31 03:59:32.940000+00:00
2024/03/31, 04:00:32.940, 41.524, -70.672, 0.11,24.53,291.89, 0.010, NAN,7.2, NAN,1003.2, NAN,0.0, NAN,102.0, NAN,305, NAN,3.9, NAN,73.2, NAN, 3.9, NAN, 329.5, NAN,1005.3,-6.36,312.57,-0.03,5.8622,5.9343,126.3,0.0,1437.891, NAN, NAN, NAN, NAN,,2024/03/31 04:00:32.940,2024-03-31 04:00:32.940000+00:00
2024/03/31, 04:01:32.940, 41.524, -70.672, -0.06,24.45,301.56, 0.010, NAN,7.2, NAN,1003.2, NAN,0.0, NAN,102.0, NAN,303, NAN,3.3, NAN,73.2, NAN, 3.3, NAN, 327.4, NAN,1005.3,-6.32,314.37,-0.03,5.8622,5.935,126.3,0.0,1437.894, NAN, NAN, NAN, NAN,,2024/03/31 04:01:32.940,2024-03-31 04:01:32.940000+00:00
2024/03/31, 04:02:32.940, 41.524, -70.672, 0.26,24.49,48.24, 0.000, NAN,7.2, NAN,1003.1, NAN,0.0, NAN,102.0, NAN,304, NAN,3.4, NAN,73.4, NAN, 3.4, NAN, 328.5, NAN,1005.2,-6.28,315.53,-0.02,5.8623,5.9347,126.3,0.0,1437.893, NAN, NAN, NAN, NAN,,2024/03/31 04:02:32.940,2024-03-31 04:02:32.940000+00:00
2024/03/31, 04:03:32.940, 41.524, -70.672, 0.26,24.45,327.31, 0.010, NAN,7.2, NAN,1003.2, NAN,0.0, NAN,102.0, NAN,291, NAN,3.2, NAN,73.7, NAN, 3.2, NAN, 315.4, NAN,1005.3,-6.32,317.29,-0.03,5.8622,5.9352,126.3,0.0,1437.895, NAN, NAN, NAN, NAN,,2024/03/31 04:03:32.940,2024-03-31 04:03:32.940000+00:00
2024/03/31, 04:04:32.940, 41.524, -70.672, 0.02,24.33,245.15, 0.010, NAN,7.2, NAN,1003.2, NAN,0.0, NAN,102.0, NAN,291, NAN,3.0, NAN,73.1, NAN, 3.0, NAN, 315.4, NAN,1005.3,-6.29,318.28,-0.02,5.8623,5.9354,125.7,0.0,1437.896, NAN, NAN, NAN, NAN,,2024/03/31 04:04:32.940,2024-03-31 04:04:32.940000+00:00
2024/03/31, 04:05:32.940, 41.524, -70.672, -0.09,24.31,281.93, 0.010, NAN,7.2, NAN,1003.2, NAN,0.0, NAN,102.0, NAN,301, NAN,2.6, NAN,72.2, NAN, 2.6, NAN, 325.2, NAN,1005.3,-6.03,318.12,-0.02,5.8623,5.935,126.0,0.0,1437.894, NAN, NAN, NAN, NAN,,2024/03/31 04:05:32.940,2024-03-31 04:05:32.940000+00:00
2024/03/31, 04:06:32.940, 41.524, -70.672, -0.01,24.44,252.34, 0.000, NAN,7.3, NAN,1003.3, NAN,0.0, NAN,102.0, NAN,297, NAN,2.6, NAN,73.3, NAN, 2.6, NAN, 321.4, NAN,1005.4,-6.05,318.71,-0.02,5.8623,5.937,126.3,0.0,1437.903, NAN, NAN, NAN, NAN,,2024/03/31 04:06:32.940,2024-03-31 04:06:32.940000+00:00
2024/03/31, 04:07:32.940, 41.524, -70.672, -0.02,24.42,309.85, 0.000, NAN,7.3, NAN,1003.3, NAN,0.0, NAN,102.0, NAN,292, NAN,2.4, NAN,74.1, NAN, 2.4, NAN, 316.4, NAN,1005.4,-6.16,318.46,-0.02,5.8622,5.9389,126.0,0.0,1437.911, NAN, NAN, NAN, NAN,,2024/03/31 04:07:32.940,2024-03-31 04:07:32.940000+00:00
2024/03/31, 04:08:32.940, 41.524, -70.672, 0.03,24.44,258.97, 0.010, NAN,7.3, NAN,1003.3, NAN,0.0, NAN,102.0, NAN,298, NAN,2.4, NAN,74.3, NAN, 2.4, NAN, 322.3, NAN,1005.4,-6.19,318.41,-0.03,5.8622,5.9408,126.3,0.0,1437.919, NAN, NAN, NAN, NAN,,2024/03/31 04:08:32.940,2024-03-31 04:08:32.940000+00:00
2024/03/31, 04:09:32.940, 41.524, -70.672, 0.11,24.46,309.25, 0.000, NAN,7.2, NAN,1003.3, NAN,0.0, NAN,102.0, NAN,292, NAN,2.6, NAN,74.2, NAN, 2.6, NAN, 316.5, NAN,1005.4,-6.23,317.84,-0.02,5.8623,5.9425,126.0,0.0,1437.927, NAN, NAN, NAN, NAN,,2024/03/31 04:09:32.940,2024-03-31 04:09:32.940000+00:00
2024/03/31, 04:10:32.940, 41.524, -70.672, 0.09,24.58,23.09, 0.000, NAN,7.3, NAN,1003.3, NAN,0.0, NAN,102.0, NAN,298, NAN,2.3, NAN,74.1, NAN, 2.3, NAN, 322.6, NAN,1005.4,-6.11,316.91,-0.02,5.8623,5.943,126.3,0.0,1437.929, NAN, NAN, NAN, NAN,,2024/03/31 04:10:32.940,2024-03-31 04:10:32.940000+00:00
2024/03/31, 04:11:32.940, 41.524, -70.672, 0.09,24.44,0.7, 0.000, NAN,7.2, NAN,1003.3, NAN,0.0, NAN,102.0, NAN,285, NAN,2.3, NAN,73.3, NAN, 2.3, NAN, 309.4, NAN,1005.4,-6.18,315.91,-0.03,5.8622,5.9431,126.0,0.0,1437.929, NAN, NAN, NAN, NAN,,2024/03/31 04:11:32.940,2024-03-31 04:11:32.940000+00:00
2024/03/31, 04:12:32.940, 41.524, -70.672, -0.16,24.55,237.01, 0.010, NAN,7.2, NAN,1003.3, NAN,0.0, NAN,102.0, NAN,273, NAN,1.9, NAN,73.1, NAN, 1.9, NAN, 297.7, NAN,1005.4,-6.12,315.12,-0.03,5.8623,5.9435,125.7,0.0,1437.931, NAN, NAN, NAN, NAN,,2024/03/31 04:12:32.940,2024-03-31 04:12:32.940000+00:00
2024/03/31, 04:13:32.941, 41.524, -70.672, 0.02,24.44,257.2, 0.010, NAN,7.3, NAN,1003.3, NAN,0.0, NAN,102.0, NAN,282, NAN,2.4, NAN,71.7, NAN, 2.4, NAN, 306.5, NAN,1005.4,-6.08,313.58,-0.03,5.8622,5.9437,126.0,0.0,1437.932, NAN, NAN, NAN, NAN,,2024/03/31 04:13:32.941,2024-03-31 04:13:32.941000+00:00
2024/03/31, 04:14:32.941, 41.524, -70.672, 0.10,24.6,251.14, 0.010, NAN,7.3, NAN,1003.3, NAN,0.0, NAN,102.0, NAN,279, NAN,2.2, NAN,71.0, NAN, 2.2, NAN, 303.7, NAN,1005.4,-5.96,312.82,-0.03,5.8623,5.942,126.0,0.0,1437.924, NAN, NAN, NAN, NAN,,2024/03/31 04:14:32.941,2024-03-31 04:14:32.941000+00:00
2024/03/31, 04:15:32.941, 41.524, -70.672, 0.12,24.65,203.05, 0.000, NAN,7.4, NAN,1003.3, NAN,0.0, NAN,102.0, NAN,300, NAN,3.4, NAN,69.7, NAN, 3.4, NAN, 324.6, NAN,1005.4,-5.8,312.23,-0.03,5.8623,5.9405,126.3,0.0,1437.918, NAN, NAN, NAN, NAN,,2024/03/31 04:15:32.941,2024-03-31 04:15:32.941000+00:00
2024/03/31, 04:16:32.941, 41.524, -70.672, 0.09,24.54,335.51, 0.010, NAN,7.4, NAN,1003.3, NAN,0.0, NAN,102.0, NAN,261, NAN,3.9, NAN,67.9, NAN, 3.9, NAN, 285.5, NAN,1005.4,-5.66,311.46,-0.03,5.8621,5.9396,126.0,0.0,1437.914, NAN, NAN, NAN, NAN,,2024/03/31 04:16:32.941,2024-03-31 04:16:32.941000+00:00
2024/03/31, 04:17:32.941, 41.524, -70.672, 0.11,24.56,289.13, 0.010, NAN,7.6, NAN,1003.3, NAN,0.0, NAN,102.0, NAN,279, NAN,4.1, NAN,65.4, NAN, 4.1, NAN, 303.6, NAN,1005.4,-5.47,310.6,-0.03,5.8621,5.9378,126.0,0.0,1437.906, NAN, NAN, NAN, NAN,,2024/03/31 04:17:32.941,2024-03-31 04:17:32.941000+00:00
2024/03/31, 04:18:32.941, 41.524, -70.672, -0.01,24.48,340.38, 0.000, NAN,7.7, NAN,1003.3, NAN,0.0, NAN,102.0, NAN,262, NAN,3.2, NAN,65.2, NAN, 3.2, NAN, 286.5, NAN,1005.4,-5.41,310.32,-0.03,5.8622,5.9365,126.3,0.0,1437.901, NAN, NAN, NAN, NAN,,2024/03/31 04:18:32.941,2024-03-31 04:18:32.941000+00:00
2024/03/31, 04:19:32.941, 41.524, -70.672, 0.14,24.5,5.37, 0.020, NAN,7.8, NAN,1003.3, NAN,0.0, NAN,102.0, NAN,267, NAN,3.5, NAN,63.8, NAN, 3.5, NAN, 291.4, NAN,1005.4,-5.28,310.63,-0.03,5.8622,5.9352,125.7,0.0,1437.895, NAN, NAN, NAN, NAN,,2024/03/31 04:19:32.941,2024-03-31 04:19:32.941000+00:00
2024/03/31, 04:20:32.941, 41.524, -70.672, 0.13,24.55,323.45, 0.010, NAN,7.9, NAN,1003.3, NAN,0.0, NAN,102.0, NAN,269, NAN,2.9, NAN,63.5, NAN, 2.9, NAN, 293.5, NAN,1005.4,-5.35,310.74,-0.03,5.8621,5.9348,126.0,0.0,1437.893, NAN, NAN, NAN, NAN,,2024/03/31 04:20:32.941,2024-03-31 04:20:32.941000+00:00
2024/03/31, 04:21:32.941, 41.524, -70.672, -0.01,24.52,341.85, 0.010, NAN,7.9, NAN,1003.3, NAN,0.0, NAN,102.0, NAN,270, NAN,2.9, NAN,63.5, NAN, 2.9, NAN, 294.4, NAN,1005.4,-5.31,311.96,-0.03,5.8622,5.9352,126.0,0.0,1437.895, NAN, NAN, NAN, NAN,,2024/03/31 04:21:32.941,2024-03-31 04:21:32.941000+00:00
2024/03/31, 04:22:32.941, 41.524, -70.672, 0.00,24.45,129.29, 0.020, NAN,8.0, NAN,1003.3, NAN,0.0, NAN,102.0, NAN,271, NAN,3.0, NAN,63.3, NAN, 3.0, NAN, 295.5, NAN,1005.4,-5.36,313.83,-0.03,5.8622,5.9334,126.0,0.0,1437.887, NAN, NAN, NAN, NAN,,2024/03/31 04:22:32.941,2024-03-31 04:22:32.941000+00:00
2024/03/31, 04:23:32.941, 41.524, -70.672, 0.02,24.48,270.98, 0.000, NAN,8.0, NAN,1003.4, NAN,0.0, NAN,102.0, NAN,251, NAN,3.7, NAN,62.0, NAN, 3.7, NAN, 275.5, NAN,1005.5,-5.39,316.43,-0.03,5.8621,5.9319,126.0,0.0,1437.881, NAN, NAN, NAN, NAN,,2024/03/31 04:23:32.941,2024-03-31 04:23:32.941000+00:00
2024/03/31, 04:24:32.941, 41.524, -70.672, 0.07,24.52,5.44, 0.000, NAN,8.1, NAN,1003.4, NAN,0.0, NAN,102.0, NAN,257, NAN,3.2, NAN,61.0, NAN, 3.2, NAN, 281.5, NAN,1005.5,-5.34,318.29,-0.03,5.8621,5.9307,126.0,0.0,1437.875, NAN, NAN, NAN, NAN,,2024/03/31 04:24:32.941,2024-03-31 04:24:32.941000+00:00
2024/03/31, 04:25:32.941, 41.524, -70.672, -0.01,24.51,302.41, 0.000, NAN,8.1, NAN,1003.3, NAN,0.0, NAN,102.0, NAN,258, NAN,3.8, NAN,60.8, NAN, 3.8, NAN, 282.5, NAN,1005.4,-5.25,320.71,-0.02,5.8622,5.9313,126.3,0.0,1437.878, NAN, NAN, NAN, NAN,,2024/03/31 04:25:32.941,2024-03-31 04:25:32.941000+00:00
2024/03/31, 04:26:32.941, 41.524, -70.672, 0.04,24.49,147.86, 0.000, NAN,8.2, NAN,1003.3, NAN,0.0, NAN,102.0, NAN,245, NAN,3.3, NAN,59.5, NAN, 3.3, NAN, 269.5, NAN,1005.4,-5.21,322.75,-0.02,5.8622,5.9309,126.0,0.0,1437.876, NAN, NAN, NAN, NAN,,2024/03/31 04:26:32.941,2024-03-31 04:26:32.941000+00:00
2024/03/31, 04:27:32.941, 41.524, -70.672, -0.21,24.47,217.98, 0.010, NAN,8.3, NAN,1003.4, NAN,0.0, NAN,102.0, NAN,255, NAN,2.4, NAN,58.7, NAN, 2.4, NAN, 279.5, NAN,1005.5,-5.15,324.74,-0.02,5.8622,5.932,126.3,0.0,1437.881, NAN, NAN, NAN, NAN,,2024/03/31 04:27:32.941,2024-03-31 04:27:32.941000+00:00
2024/03/31, 04:28:32.941, 41.524, -70.672, 0.05,24.47,43.62, 0.010, NAN,8.4, NAN,1003.3, NAN,0.0, NAN,102.0, NAN,268, NAN,4.8, NAN,57.9, NAN, 4.8, NAN, 292.5, NAN,1005.4,-5.04,327.45,-0.02,5.8623,5.9334,125.7,0.0,1437.887, NAN, NAN, NAN, NAN,,2024/03/31 04:28:32.941,2024-03-31 04:28:32.941000+00:00
2024/03/31, 04:29:32.942, 41.524, -70.672, 0.04,24.49,50.17, 0.000, NAN,8.5, NAN,1003.3, NAN,0.0, NAN,102.0, NAN,254, NAN,4.1, NAN,56.0, NAN, 4.1, NAN, 278.5, NAN,1005.4,-5.04,329.32,-0.02,5.8623,5.9349,126.3,0.0,1437.894, NAN, NAN, NAN, NAN,,2024/03/31 04:29:32.942,2024-03-31 04:29:32.942000+00:00
2024/03/31, 04:30:32.942, 41.524, -70.672, -0.05,24.47,294.32, 0.000, NAN,8.6, NAN,1003.3, NAN,0.0, NAN,102.0, NAN,250, NAN,4.1, NAN,55.9, NAN, 4.1, NAN, 274.5, NAN,1005.4,-4.94,330.68,-0.02,5.8622,5.9366,126.6,0.0,1437.901, NAN, NAN, NAN, NAN,,2024/03/31 04:30:32.942,2024-03-31 04:30:32.942000+00:00
2024/03/31, 04:31:32.942, 41.524, -70.672, 0.06,24.54,256.79, 0.010, NAN,8.7, NAN,1003.3, NAN,0.0, NAN,102.0, NAN,279, NAN,4.3, NAN,54.9, NAN, 4.3, NAN, 303.6, NAN,1005.4,-4.86,331.95,-0.03,5.8622,5.9378,126.3,0.0,1437.906, NAN, NAN, NAN, NAN,,2024/03/31 04:31:32.942,2024-03-31 04:31:32.942000+00:00
2024/03/31, 04:32:32.942, 41.524, -70.672, 0.21,24.52,4.54, 0.010, NAN,8.7, NAN,1003.3, NAN,0.0, NAN,102.0, NAN,247, NAN,3.5, NAN,54.3, NAN, 3.5, NAN, 271.5, NAN,1005.4,-4.87,333.29,-0.03,5.8622,5.9387,126.0,0.0,1437.91, NAN, NAN, NAN, NAN,,2024/03/31 04:32:32.942,2024-03-31 04:32:32.942000+00:00
2024/03/31, 04:33:32.942, 41.524, -70.672, 0.04,24.52,266.35, 0.010, NAN,8.8, NAN,1003.4, NAN,0.0, NAN,102.0, NAN,252, NAN,3.3, NAN,53.7, NAN, 3.3, NAN, 276.5, NAN,1005.5,-4.83,333.71,-0.02,5.8622,5.9402,126.0,0.0,1437.917, NAN, NAN, NAN, NAN,,2024/03/31 04:33:32.942,2024-03-31 04:33:32.942000+00:00
2024/03/31, 04:34:32.942, 41.524, -70.672, -0.10,24.46,131.57, 0.010, NAN,8.9, NAN,1003.4, NAN,0.0, NAN,102.0, NAN,248, NAN,3.2, NAN,54.2, NAN, 3.2, NAN, 272.5, NAN,1005.5,-4.9,334.09,-0.02,5.8622,5.9416,126.3,0.0,1437.923, NAN, NAN, NAN, NAN,,2024/03/31 04:34:32.942,2024-03-31 04:34:32.942000+00:00
2024/03/31, 04:35:32.942, 41.524, -70.672, -0.02,24.47,135.28, 0.010, NAN,8.9, NAN,1003.4, NAN,0.0, NAN,102.0, NAN,248, NAN,2.2, NAN,54.2, NAN, 2.2, NAN, 272.6, NAN,1005.5,-4.96,334.54,-0.02,5.8622,5.9421,126.3,0.0,1437.925, NAN, NAN, NAN, NAN,,2024/03/31 04:35:32.942,2024-03-31 04:35:32.942000+00:00
2024/03/31, 04:36:32.942, 41.524, -70.672, 0.07,24.57,301.35, 0.010, NAN,8.8, NAN,1003.4, NAN,0.0, NAN,102.0, NAN,243, NAN,3.2, NAN,54.9, NAN, 3.2, NAN, 267.5, NAN,1005.5,-5.12,334.93,-0.02,5.8621,5.9412,126.3,0.0,1437.921, NAN, NAN, NAN, NAN,,2024/03/31 04:36:32.942,2024-03-31 04:36:32.942000+00:00
2024/03/31, 04:37:32.942, 41.524, -70.672, 0.07,24.49,290.93, 0.010, NAN,8.8, NAN,1003.4, NAN,0.0, NAN,102.0, NAN,256, NAN,3.1, NAN,55.1, NAN, 3.1, NAN, 280.6, NAN,1005.5,-5.27,334.99,-0.02,5.8622,5.941,126.0,0.0,1437.92, NAN, NAN, NAN, NAN,,2024/03/31 04:37:32.942,2024-03-31 04:37:32.942000+00:00
2024/03/31, 04:38:32.942, 41.524, -70.672, -0.01,24.51,286.29, 0.010, NAN,8.7, NAN,1003.4, NAN,0.0, NAN,102.0, NAN,248, NAN,3.2, NAN,55.6, NAN, 3.2, NAN, 272.5, NAN,1005.5,-5.28,335.78,-0.03,5.8622,5.9419,126.3,0.0,1437.924, NAN, NAN, NAN, NAN,,2024/03/31 04:38:32.942,2024-03-31 04:38:32.942000+00:00
2024/03/31, 04:39:32.942, 41.524, -70.672, 0.07,24.47,79.26, 0.010, NAN,8.7, NAN,1003.4, NAN,0.0, NAN,102.0, NAN,247, NAN,3.0, NAN,55.8, NAN, 3.0, NAN, 271.5, NAN,1005.5,-5.28,336.05,-0.02,5.8621,5.942,126.0,0.0,1437.924, NAN, NAN, NAN, NAN,,2024/03/31 04:39:32.942,2024-03-31 04:39:32.942000+00:00
2024/03/31, 04:40:32.942, 41.524, -70.672, 0.10,24.49,168.36, 0.000, NAN,8.7, NAN,1003.4, NAN,0.0, NAN,102.0, NAN,239, NAN,3.7, NAN,55.9, NAN, 3.7, NAN, 263.5, NAN,1005.5,-5.46,336.71,-0.02,5.8622,5.9421,126.3,0.0,1437.925, NAN, NAN, NAN, NAN,,2024/03/31 04:40:32.942,2024-03-31 04:40:32.942000+00:00
2024/03/31, 04:41:32.942, 41.524, -70.672, 0.10,24.48,94.52, 0.000, NAN,8.6, NAN,1003.4, NAN,0.0, NAN,102.0, NAN,247, NAN,3.2, NAN,55.3, NAN, 3.2, NAN, 271.5, NAN,1005.5,-5.39,336.88,-0.02,5.8623,5.9427,126.6,0.0,1437.927, NAN, NAN, NAN, NAN,,2024/03/31 04:41:32.942,2024-03-31 04:41:32.942000+00:00
2024/03/31, 04:42:32.942, 41.524, -70.672, -0.19,24.44,350.58, 0.010, NAN,8.6, NAN,1003.4, NAN,0.0, NAN,102.0, NAN,249, NAN,2.7, NAN,55.8, NAN, 2.7, NAN, 273.3, NAN,1005.5,-5.35,337.51,-0.02,5.8622,5.9425,125.7,0.0,1437.926, NAN, NAN, NAN, NAN,,2024/03/31 04:42:32.942,2024-03-31 04:42:32.942000+00:00
2024/03/31, 04:43:32.942, 41.524, -70.672, -0.28,24.38,150.42, 0.010, NAN,8.6, NAN,1003.4, NAN,0.0, NAN,102.0, NAN,235, NAN,3.5, NAN,55.8, NAN, 3.5, NAN, 259.5, NAN,1005.5,-5.37,338.06,-0.03,5.8623,5.9431,125.7,0.0,1437.929, NAN, NAN, NAN, NAN,,2024/03/31 04:43:32.942,2024-03-31 04:43:32.942000+00:00
2024/03/31, 04:44:32.942, 41.524, -70.672, -0.16,24.49,307.62, 0.010, NAN,8.6, NAN,1003.4, NAN,0.0, NAN,102.0, NAN,246, NAN,3.1, NAN,55.2, NAN, 3.1, NAN, 270.4, NAN,1005.5,-5.4,338.43,-0.03,5.8622,5.9443,126.3,0.0,1437.934, NAN, NAN, NAN, NAN,,2024/03/31 04:44:32.942,2024-03-31 04:44:32.942000+00:00
2024/03/31, 04:45:32.943, 41.524, -70.672, -0.13,24.44,57.8, 0.000, NAN,8.6, NAN,1003.5, NAN,0.0, NAN,102.0, NAN,237, NAN,3.9, NAN,54.8, NAN, 3.9, NAN, 261.4, NAN,1005.6,-5.36,338.83,-0.02,5.8623,5.9452,126.3,0.0,1437.938, NAN, NAN, NAN, NAN,,2024/03/31 04:45:32.943,2024-03-31 04:45:32.943000+00:00
2024/03/31, 04:46:32.943, 41.524, -70.672, 0.04,24.45,143.82, 0.020, NAN,8.6, NAN,1003.4, NAN,0.0, NAN,102.0, NAN,240, NAN,3.4, NAN,54.7, NAN, 3.4, NAN, 264.6, NAN,1005.5,-5.33,338.74,-0.02,5.8623,5.945,126.3,0.0,1437.937, NAN, NAN, NAN, NAN,,2024/03/31 04:46:32.943,2024-03-31 04:46:32.943000+00:00
2024/03/31, 04:47:32.943, 41.524, -70.672, -0.10,24.48,165.68, 0.010, NAN,8.6, NAN,1003.4, NAN,0.0, NAN,102.0, NAN,236, NAN,3.6, NAN,54.6, NAN, 3.6, NAN, 260.5, NAN,1005.5,-5.37,339.19,-0.03,5.8622,5.9446,126.3,0.0,1437.935, NAN, NAN, NAN, NAN,,2024/03/31 04:47:32.943,2024-03-31 04:47:32.943000+00:00
2024/03/31, 04:48:32.943, 41.524, -70.672, 0.09,24.47,353.27, 0.010, NAN,8.7, NAN,1003.4, NAN,0.0, NAN,102.0, NAN,242, NAN,3.9, NAN,54.2, NAN, 3.9, NAN, 266.4, NAN,1005.5,-5.3,339.81,-0.03,5.8623,5.9456,125.7,0.0,1437.94, NAN, NAN, NAN, NAN,,2024/03/31 04:48:32.943,2024-03-31 04:48:32.943000+00:00
2024/03/31, 04:49:32.943, 41.524, -70.672, 0.08,24.44,245.4, 0.010, NAN,8.7, NAN,1003.4, NAN,0.0, NAN,102.0, NAN,229, NAN,4.1, NAN,52.7, NAN, 4.1, NAN, 253.5, NAN,1005.5,-5.26,339.69,-0.03,5.8623,5.9473,126.3,0.0,1437.947, NAN, NAN, NAN, NAN,,2024/03/31 04:49:32.943,2024-03-31 04:49:32.943000+00:00
2024/03/31, 04:50:32.943, 41.524, -70.672, 0.10,24.44,31.0, 0.010, NAN,8.8, NAN,1003.5, NAN,0.0, NAN,102.0, NAN,233, NAN,4.1, NAN,54.2, NAN, 4.1, NAN, 257.4, NAN,1005.6,-5.24,339.86,-0.02,5.8623,5.9484,126.0,0.0,1437.952, NAN, NAN, NAN, NAN,,2024/03/31 04:50:32.943,2024-03-31 04:50:32.943000+00:00
2024/03/31, 04:51:32.943, 41.524, -70.672, 0.19,24.47,65.97, 0.000, NAN,8.8, NAN,1003.5, NAN,0.0, NAN,102.0, NAN,234, NAN,4.1, NAN,54.5, NAN, 4.1, NAN, 258.5, NAN,1005.6,-5.21,340.22,-0.02,5.8622,5.9487,126.0,0.0,1437.953, NAN, NAN, NAN, NAN,,2024/03/31 04:51:32.943,2024-03-31 04:51:32.943000+00:00
2024/03/31, 04:52:32.943, 41.524, -70.672, -0.09,24.43,137.44, 0.010, NAN,8.7, NAN,1003.4, NAN,0.0, NAN,102.0, NAN,230, NAN,3.7, NAN,54.3, NAN, 3.7, NAN, 254.5, NAN,1005.5,-5.28,340.22,-0.02,5.8623,5.9471,126.0,0.0,1437.946, NAN, NAN, NAN, NAN,,2024/03/31 04:52:32.943,2024-03-31 04:52:32.943000+00:00
2024/03/31, 04:53:32.943, 41.524, -70.672, -0.24,24.47,312.74, 0.010, NAN,8.7, NAN,1003.4, NAN,0.0, NAN,102.0, NAN,238, NAN,4.0, NAN,54.1, NAN, 4.0, NAN, 262.4, NAN,1005.5,-5.24,340.43,-0.02,5.8622,5.9463,124.8,0.0,1437.943, NAN, NAN, NAN, NAN,,2024/03/31 04:53:32.943,2024-03-31 04:53:32.943000+00:00
2024/03/31, 04:54:32.943, 41.524, -70.672, 0.11,24.47,252.04, 0.000, NAN,8.7, NAN,1003.4, NAN,0.0, NAN,102.0, NAN,242, NAN,3.8, NAN,54.7, NAN, 3.8, NAN, 266.5, NAN,1005.5,-5.34,340.81,-0.02,5.8622,5.9464,125.7,0.0,1437.943, NAN, NAN, NAN, NAN,,2024/03/31 04:54:32.943,2024-03-31 04:54:32.943000+00:00
2024/03/31, 04:55:32.943, 41.524, -70.672, -0.20,24.49,323.59, 0.000, NAN,8.8, NAN,1003.4, NAN,0.0, NAN,102.0, NAN,244, NAN,3.4, NAN,53.5, NAN, 3.4, NAN, 268.5, NAN,1005.5,-5.3,340.81,-0.02,5.8622,5.9465,126.3,0.0,1437.944, NAN, NAN, NAN, NAN,,2024/03/31 04:55:32.943,2024-03-31 04:55:32.943000+00:00
2024/03/31, 04:56:32.943, 41.524, -70.672, -0.04,24.51,281.72, 0.000, NAN,8.8, NAN,1003.4, NAN,0.0, NAN,102.0, NAN,251, NAN,3.0, NAN,53.4, NAN, 3.0, NAN, 275.5, NAN,1005.5,-5.3,340.64,-0.02,5.8623,5.9474,126.3,0.0,1437.948, NAN, NAN, NAN, NAN,,2024/03/31 04:56:32.943,2024-03-31 04:56:32.943000+00:00
2024/03/31, 04:57:32.943, 41.524, -70.672, -0.08,24.51,275.87, 0.010, NAN,8.8, NAN,1003.4, NAN,0.0, NAN,102.0, NAN,259, NAN,3.1, NAN,53.6, NAN, 3.1, NAN, 283.5, NAN,1005.5,-5.29,340.65,-0.03,5.8622,5.9473,126.9,0.0,1437.947, NAN, NAN, NAN, NAN,,2024/03/31 04:57:32.943,2024-03-31 04:57:32.943000+00:00
2024/03/31, 04:58:32.943, 41.524, -70.672, 0.01,24.41,306.3, 0.010, NAN,8.8, NAN,1003.4, NAN,0.0, NAN,102.0, NAN,242, NAN,2.8, NAN,53.6, NAN, 2.8, NAN, 266.3, NAN,1005.5,-5.33,340.44,-0.02,5.8622,5.9467,126.3,0.0,1437.945, NAN, NAN, NAN, NAN,,2024/03/31 04:58:32.943,2024-03-31 04:58:32.943000+00:00
2024/03/31, 04:59:32.943, 41.524, -70.672, -0.10,24.41,214.09, 0.000, NAN,8.8, NAN,1003.4, NAN,0.0, NAN,102.0, NAN,270, NAN,3.0, NAN,54.0, NAN, 3.0, NAN, 294.4, NAN,1005.5,-5.46,340.82,-0.02,5.8623,5.9451,126.0,0.0,1437.938, NAN, NAN, NAN, NAN,,2024/03/31 04:59:32.943,2024-03-31 04:59:32.943000+00:00
2024/03/31, 05:00:32.943, 41.524, -70.672, -0.04,24.4,78.73, 0.010, NAN,8.8, NAN,1003.4, NAN,0.0, NAN,102.0, NAN,260, NAN,2.6, NAN,54.0, NAN, 2.6, NAN, 284.4, NAN,1005.5,-5.37,340.74,-0.02,5.8623,5.9418,126.0,0.0,1437.924, NAN, NAN, NAN, NAN,,2024/03/31 05:00:32.943,2024-03-31 05:00:32.943000+00:00
2024/03/31, 05:01:32.944, 41.524, -70.672, -0.01,24.44,345.94, 0.010, NAN,8.7, NAN,1003.4, NAN,0.0, NAN,102.0, NAN,256, NAN,2.7, NAN,53.7, NAN, 2.7, NAN, 280.4, NAN,1005.5,-5.43,340.89,-0.02,5.8622,5.9409,126.6,0.0,1437.92, NAN, NAN, NAN, NAN,,2024/03/31 05:01:32.944,2024-03-31 05:01:32.944000+00:00
2024/03/31, 05:02:32.944, 41.524, -70.672, -0.18,24.45,36.3, 0.010, NAN,8.7, NAN,1003.4, NAN,0.0, NAN,102.0, NAN,250, NAN,3.7, NAN,53.7, NAN, 3.7, NAN, 274.4, NAN,1005.5,-5.52,341.23,-0.02,5.8622,5.9421,126.3,0.0,1437.925, NAN, NAN, NAN, NAN,,2024/03/31 05:02:32.944,2024-03-31 05:02:32.944000+00:00
2024/03/31, 05:03:32.944, 41.524, -70.672, -0.02,24.51,342.74, 0.010, NAN,8.7, NAN,1003.4, NAN,0.0, NAN,102.0, NAN,247, NAN,3.6, NAN,53.3, NAN, 3.6, NAN, 271.4, NAN,1005.5,-5.46,341.62,-0.02,5.8623,5.9415,126.3,0.0,1437.922, NAN, NAN, NAN, NAN,,2024/03/31 05:03:32.944,2024-03-31 05:03:32.944000+00:00
2024/03/31, 05:04:32.944, 41.524, -70.672, 0.04,24.49,24.01, 0.010, NAN,8.7, NAN,1003.4, NAN,0.0, NAN,102.0, NAN,259, NAN,2.5, NAN,52.7, NAN, 2.5, NAN, 283.6, NAN,1005.5,-5.39,341.29,-0.02,5.8622,5.9424,126.3,0.0,1437.926, NAN, NAN, NAN, NAN,,2024/03/31 05:04:32.944,2024-03-31 05:04:32.944000+00:00
2024/03/31, 05:05:32.944, 41.524, -70.672, 0.24,24.54,307.0, 0.000, NAN,8.8, NAN,1003.4, NAN,0.0, NAN,102.0, NAN,267, NAN,2.8, NAN,53.3, NAN, 2.8, NAN, 291.5, NAN,1005.5,-5.4,341.45,-0.03,5.8622,5.9435,124.8,0.0,1437.931, NAN, NAN, NAN, NAN,,2024/03/31 05:05:32.944,2024-03-31 05:05:32.944000+00:00
2024/03/31, 05:06:32.944, 41.524, -70.672, 0.27,24.51,214.37, 0.020, NAN,8.8, NAN,1003.4, NAN,0.0, NAN,102.0, NAN,284, NAN,2.8, NAN,52.9, NAN, 2.8, NAN, 308.7, NAN,1005.5,-5.41,341.16,-0.03,5.8622,5.9453,126.3,0.0,1437.939, NAN, NAN, NAN, NAN,,2024/03/31 05:06:32.944,2024-03-31 05:06:32.944000+00:00
2024/03/31, 05:07:32.944, 41.524, -70.672, 0.23,24.54,232.25, 0.010, NAN,8.8, NAN,1003.4, NAN,0.0, NAN,102.0, NAN,276, NAN,3.5, NAN,53.4, NAN, 3.5, NAN, 300.5, NAN,1005.5,-5.49,341.85,-0.03,5.8622,5.9474,126.3,0.0,1437.948, NAN, NAN, NAN, NAN,,2024/03/31 05:07:32.944,2024-03-31 05:07:32.944000+00:00
2024/03/31, 05:08:32.944, 41.524, -70.672, 0.27,24.5,227.26, 0.010, NAN,8.7, NAN,1003.4, NAN,0.0, NAN,102.0, NAN,263, NAN,3.3, NAN,52.2, NAN, 3.3, NAN, 287.5, NAN,1005.5,-5.42,341.62,-0.02,5.8624,5.9484,126.0,0.0,1437.952, NAN, NAN, NAN, NAN,,2024/03/31 05:08:32.944,2024-03-31 05:08:32.944000+00:00
2024/03/31, 05:09:32.944, 41.524, -70.672, 0.16,24.4,55.36, 0.010, NAN,8.8, NAN,1003.4, NAN,0.0, NAN,102.0, NAN,262, NAN,3.5, NAN,52.2, NAN, 3.5, NAN, 286.4, NAN,1005.5,-5.55,341.63,-0.03,5.8622,5.9471,126.3,0.0,1437.946, NAN, NAN, NAN, NAN,,2024/03/31 05:09:32.944,2024-03-31 05:09:32.944000+00:00
2024/03/31, 05:10:32.944, 41.524, -70.672, -0.07,24.53,254.24, 0.010, NAN,8.8, NAN,1003.4, NAN,0.0, NAN,102.0, NAN,254, NAN,3.3, NAN,52.7, NAN, 3.3, NAN, 278.5, NAN,1005.5,-5.42,341.76,-0.02,5.8623,5.9452,126.0,0.0,1437.938, NAN, NAN, NAN, NAN,,2024/03/31 05:10:32.944,2024-03-31 05:10:32.944000+00:00
2024/03/31, 05:11:32.944, 41.524, -70.672, -0.05,24.48,311.81, 0.010, NAN,8.8, NAN,1003.4, NAN,0.0, NAN,102.0, NAN,258, NAN,3.5, NAN,53.8, NAN, 3.5, NAN, 282.4, NAN,1005.5,-5.38,341.99,-0.03,5.8622,5.9437,126.3,0.0,1437.932, NAN, NAN, NAN, NAN,,2024/03/31 05:11:32.944,2024-03-31 05:11:32.944000+00:00
2024/03/31, 05:12:32.944, 41.524, -70.672, 0.05,24.45,128.12, 0.000, NAN,8.7, NAN,1003.3, NAN,0.0, NAN,102.0, NAN,262, NAN,3.5, NAN,53.8, NAN, 3.5, NAN, 286.4, NAN,1005.4,-5.42,341.96,-0.03,5.8623,5.9424,126.6,0.0,1437.926, NAN, NAN, NAN, NAN,,2024/03/31 05:12:32.944,2024-03-31 05:12:32.944000+00:00
2024/03/31, 05:13:32.944, 41.524, -70.672, 0.11,24.5,251.17, 0.000, NAN,8.7, NAN,1003.3, NAN,0.0, NAN,102.0, NAN,264, NAN,3.4, NAN,54.3, NAN, 3.4, NAN, 288.5, NAN,1005.4,-5.49,342.34,-0.02,5.8623,5.942,126.0,0.0,1437.924, NAN, NAN, NAN, NAN,,2024/03/31 05:13:32.944,2024-03-31 05:13:32.944000+00:00
2024/03/31, 05:14:32.944, 41.524, -70.672, 0.03,24.54,350.64, 0.010, NAN,8.7, NAN,1003.3, NAN,0.0, NAN,102.0, NAN,266, NAN,3.6, NAN,54.7, NAN, 3.6, NAN, 290.5, NAN,1005.4,-5.48,341.99,-0.02,5.8622,5.9413,126.3,0.0,1437.921, NAN, NAN, NAN, NAN,,2024/03/31 05:14:32.944,2024-03-31 05:14:32.944000+00:00
2024/03/31, 05:15:32.944, 41.524, -70.672, 0.16,24.51,251.49, 0.000, NAN,8.6, NAN,1003.3, NAN,0.0, NAN,102.0, NAN,267, NAN,4.1, NAN,55.3, NAN, 4.1, NAN, 291.5, NAN,1005.4,-5.61,342.65,-0.02,5.8623,5.9407,126.3,0.0,1437.919, NAN, NAN, NAN, NAN,,2024/03/31 05:15:32.944,2024-03-31 05:15:32.944000+00:00
2024/03/31, 05:16:32.944, 41.524, -70.672, -0.17,24.44,173.23, 0.010, NAN,8.6, NAN,1003.3, NAN,0.0, NAN,102.0, NAN,281, NAN,3.6, NAN,55.5, NAN, 3.6, NAN, 305.5, NAN,1005.4,-5.55,342.31,-0.03,5.8623,5.94,126.6,0.0,1437.916, NAN, NAN, NAN, NAN,,2024/03/31 05:16:32.944,2024-03-31 05:16:32.944000+00:00
2024/03/31, 05:17:32.945, 41.524, -70.672, -0.06,24.44,167.03, 0.000, NAN,8.6, NAN,1003.3, NAN,0.0, NAN,102.0, NAN,283, NAN,3.5, NAN,56.8, NAN, 3.5, NAN, 307.4, NAN,1005.4,-5.61,342.4,-0.03,5.8623,5.9398,126.0,0.0,1437.915, NAN, NAN, NAN, NAN,,2024/03/31 05:17:32.945,2024-03-31 05:17:32.945000+00:00
2024/03/31, 05:18:32.945, 41.524, -70.672, -0.13,24.38,349.35, 0.000, NAN,8.5, NAN,1003.3, NAN,0.0, NAN,102.0, NAN,283, NAN,3.6, NAN,57.9, NAN, 3.6, NAN, 307.4, NAN,1005.4,-5.68,342.79,-0.03,5.8623,5.9393,126.3,0.0,1437.913, NAN, NAN, NAN, NAN,,2024/03/31 05:18:32.945,2024-03-31 05:18:32.945000+00:00
2024/03/31, 05:19:32.945, 41.524, -70.672, -0.09,24.42,148.3, 0.000, NAN,8.5, NAN,1003.3, NAN,0.0, NAN,102.0, NAN,264, NAN,3.5, NAN,58.1, NAN, 3.5, NAN, 288.4, NAN,1005.4,-5.71,343.12,-0.02,5.8624,5.94,126.3,0.0,1437.916, NAN, NAN, NAN, NAN,,2024/03/31 05:19:32.945,2024-03-31 05:19:32.945000+00:00
2024/03/31, 05:20:32.945, 41.524, -70.672, -0.02,24.45,182.92, 0.000, NAN,8.4, NAN,1003.3, NAN,0.0, NAN,102.0, NAN,256, NAN,3.3, NAN,58.9, NAN, 3.3, NAN, 280.4, NAN,1005.4,-5.79,343.68,-0.02,5.8623,5.9402,126.3,0.0,1437.917, NAN, NAN, NAN, NAN,,2024/03/31 05:20:32.945,2024-03-31 05:20:32.945000+00:00
2024/03/31, 05:21:32.945, 41.524, -70.672, -0.06,24.44,223.16, 0.000, NAN,8.3, NAN,1003.2, NAN,0.0, NAN,102.0, NAN,259, NAN,3.6, NAN,58.9, NAN, 3.6, NAN, 283.4, NAN,1005.3,-5.71,343.95,-0.02,5.8623,5.9407,126.3,0.0,1437.919, NAN, NAN, NAN, NAN,,2024/03/31 05:21:32.945,2024-03-31 05:21:32.945000+00:00
2024/03/31, 05:22:32.945, 41.524, -70.672, 0.02,24.44,154.17, 0.000, NAN,8.3, NAN,1003.3, NAN,0.0, NAN,102.0, NAN,260, NAN,3.3, NAN,60.0, NAN, 3.3, NAN, 284.4, NAN,1005.4,-5.66,344.09,-0.02,5.8623,5.9423,126.3,0.0,1437.926, NAN, NAN, NAN, NAN,,2024/03/31 05:22:32.945,2024-03-31 05:22:32.945000+00:00
2024/03/31, 05:23:32.945, 41.524, -70.672, -0.03,24.49,201.33, 0.000, NAN,8.3, NAN,1003.3, NAN,0.0, NAN,102.0, NAN,260, NAN,3.9, NAN,61.1, NAN, 3.9, NAN, 284.5, NAN,1005.4,-5.79,344.6,-0.02,5.8624,5.9441,126.3,0.0,1437.934, NAN, NAN, NAN, NAN,,2024/03/31 05:23:32.945,2024-03-31 05:23:32.945000+00:00
2024/03/31, 05:24:32.945, 41.524, -70.672, -0.03,24.52,248.64, 0.010, NAN,8.2, NAN,1003.3, NAN,0.0, NAN,102.0, NAN,274, NAN,4.1, NAN,60.8, NAN, 4.1, NAN, 298.5, NAN,1005.4,-5.8,345.05,-0.02,5.8623,5.9452,126.0,0.0,1437.938, NAN, NAN, NAN, NAN,,2024/03/31 05:24:32.945,2024-03-31 05:24:32.945000+00:00
2024/03/31, 05:25:32.945, 41.524, -70.672, -0.12,24.49,238.06, 0.000, NAN,8.1, NAN,1003.3, NAN,0.0, NAN,102.0, NAN,284, NAN,3.8, NAN,60.4, NAN, 3.8, NAN, 308.5, NAN,1005.4,-5.74,345.1,-0.02,5.8623,5.9459,126.0,0.0,1437.941, NAN, NAN, NAN, NAN,,2024/03/31 05:25:32.945,2024-03-31 05:25:32.945000+00:00
2024/03/31, 05:26:32.945, 41.524, -70.672, -0.02,24.52,285.54, 0.010, NAN,8.1, NAN,1003.3, NAN,0.0, NAN,102.0, NAN,276, NAN,3.9, NAN,61.9, NAN, 3.9, NAN, 300.5, NAN,1005.4,-5.76,344.67,-0.02,5.8624,5.9462,126.6,0.0,1437.943, NAN, NAN, NAN, NAN,,2024/03/31 05:26:32.945,2024-03-31 05:26:32.945000+00:00
2024/03/31, 05:27:32.945, 41.524, -70.672, 0.13,24.51,348.49, 0.000, NAN,8.1, NAN,1003.3, NAN,0.0, NAN,102.0, NAN,270, NAN,4.0, NAN,63.0, NAN, 4.0, NAN, 294.5, NAN,1005.4,-5.81,344.59,-0.02,5.8624,5.9471,126.3,0.0,1437.947, NAN, NAN, NAN, NAN,,2024/03/31 05:27:32.945,2024-03-31 05:27:32.945000+00:00
2024/03/31, 05:28:32.945, 41.524, -70.672, 0.11,24.5,260.89, 0.000, NAN,8.0, NAN,1003.3, NAN,0.0, NAN,102.0, NAN,276, NAN,4.2, NAN,63.6, NAN, 4.2, NAN, 300.5, NAN,1005.4,-5.84,344.09,-0.02,5.8624,5.9483,126.3,0.0,1437.952, NAN, NAN, NAN, NAN,,2024/03/31 05:28:32.945,2024-03-31 05:28:32.945000+00:00
2024/03/31, 05:29:32.945, 41.524, -70.672, 0.07,24.5,189.58, 0.000, NAN,8.0, NAN,1003.3, NAN,0.0, NAN,102.0, NAN,275, NAN,4.0, NAN,64.5, NAN, 4.0, NAN, 299.5, NAN,1005.4,-5.81,343.73,-0.02,5.8623,5.9465,126.3,0.0,1437.944, NAN, NAN, NAN, NAN,,2024/03/31 05:29:32.945,2024-03-31 05:29:32.945000+00:00
2024/03/31, 05:30:32.945, 41.524, -70.672, -0.06,24.51,26.98, 0.000, NAN,7.9, NAN,1003.3, NAN,0.0, NAN,102.0, NAN,286, NAN,4.2, NAN,65.3, NAN, 4.2, NAN, 310.5, NAN,1005.4,-5.81,343.84,-0.02,5.8624,5.9459,126.3,0.0,1437.941, NAN, NAN, NAN, NAN,,2024/03/31 05:30:32.945,2024-03-31 05:30:32.945000+00:00
2024/03/31, 05:31:32.945, 41.524, -70.672, -0.06,24.56,1.56, 0.010, NAN,7.9, NAN,1003.4, NAN,0.0, NAN,102.0, NAN,274, NAN,3.9, NAN,66.1, NAN, 3.9, NAN, 298.5, NAN,1005.5,-5.92,343.5,-0.02,5.8623,5.9447,126.3,0.0,1437.936, NAN, NAN, NAN, NAN,,2024/03/31 05:31:32.945,2024-03-31 05:31:32.945000+00:00
2024/03/31, 05:32:32.945, 41.524, -70.672, 0.15,24.57,287.49, 0.010, NAN,7.8, NAN,1003.4, NAN,0.0, NAN,102.0, NAN,275, NAN,4.0, NAN,66.1, NAN, 4.0, NAN, 299.5, NAN,1005.5,-5.88,343.51,-0.02,5.8624,5.9431,125.7,0.0,1437.929, NAN, NAN, NAN, NAN,,2024/03/31 05:32:32.945,2024-03-31 05:32:32.945000+00:00
2024/03/31, 05:33:32.946, 41.524, -70.672, 0.10,24.62,282.24, 0.010, NAN,7.8, NAN,1003.4, NAN,0.0, NAN,102.0, NAN,278, NAN,4.1, NAN,66.9, NAN, 4.1, NAN, 302.6, NAN,1005.5,-5.87,343.42,-0.03,5.8624,5.9427,126.6,0.0,1437.928, NAN, NAN, NAN, NAN,,2024/03/31 05:33:32.946,2024-03-31 05:33:32.946000+00:00
2024/03/31, 05:34:32.946, 41.524, -70.672, 0.08,24.56,186.37, 0.000, NAN,7.7, NAN,1003.4, NAN,0.0, NAN,102.0, NAN,279, NAN,4.0, NAN,66.7, NAN, 4.0, NAN, 303.6, NAN,1005.5,-5.9,343.19,-0.03,5.8624,5.9434,126.0,0.0,1437.931, NAN, NAN, NAN, NAN,,2024/03/31 05:34:32.946,2024-03-31 05:34:32.946000+00:00
2024/03/31, 05:35:32.946, 41.524, -70.672, -0.07,24.55,268.0, 0.000, NAN,7.7, NAN,1003.4, NAN,0.0, NAN,102.0, NAN,279, NAN,3.7, NAN,67.6, NAN, 3.7, NAN, 303.6, NAN,1005.5,-5.88,343.3,-0.02,5.8624,5.9437,126.3,0.0,1437.932, NAN, NAN, NAN, NAN,,2024/03/31 05:35:32.946,2024-03-31 05:35:32.946000+00:00
2024/03/31, 05:36:32.946, 41.524, -70.672, -0.12,24.58,319.22, 0.010, NAN,7.7, NAN,1003.4, NAN,0.0, NAN,102.0, NAN,274, NAN,3.8, NAN,67.6, NAN, 3.8, NAN, 298.5, NAN,1005.5,-5.83,343.49,-0.03,5.8624,5.9431,126.0,0.2,1437.929, NAN, NAN, NAN, NAN,,2024/03/31 05:36:32.946,2024-03-31 05:36:32.946000+00:00
2024/03/31, 05:37:32.946, 41.524, -70.672, -0.08,24.58,168.58, 0.010, NAN,7.7, NAN,1003.4, NAN,0.0, NAN,102.0, NAN,279, NAN,3.8, NAN,67.7, NAN, 3.8, NAN, 303.7, NAN,1005.5,-5.87,343.34,-0.03,5.8624,5.9431,126.0,0.0,1437.929, NAN, NAN, NAN, NAN,,2024/03/31 05:37:32.946,2024-03-31 05:37:32.946000+00:00
2024/03/31, 05:38:32.946, 41.524, -70.672, -0.12,24.5,260.95, 0.010, NAN,7.7, NAN,1003.4, NAN,0.0, NAN,102.0, NAN,256, NAN,3.6, NAN,67.3, NAN, 3.6, NAN, 280.4, NAN,1005.5,-5.85,343.17,-0.03,5.8624,5.9418,126.0,0.0,1437.924, NAN, NAN, NAN, NAN,,2024/03/31 05:38:32.946,2024-03-31 05:38:32.946000+00:00
2024/03/31, 05:39:32.946, 41.524, -70.672, -0.37,24.54,340.61, 0.000, NAN,7.7, NAN,1003.4, NAN,0.0, NAN,102.0, NAN,260, NAN,4.0, NAN,67.9, NAN, 4.0, NAN, 284.5, NAN,1005.5,-5.74,343.08,-0.02,5.8623,5.9413,125.7,0.0,1437.921, NAN, NAN, NAN, NAN,,2024/03/31 05:39:32.946,2024-03-31 05:39:32.946000+00:00
2024/03/31, 05:40:32.946, 41.524, -70.672, -0.13,24.54,231.18, 0.000, NAN,7.7, NAN,1003.4, NAN,0.0, NAN,102.0, NAN,260, NAN,3.5, NAN,67.9, NAN, 3.5, NAN, 284.5, NAN,1005.5,-5.67,343.24,-0.02,5.8624,5.9417,125.7,0.0,1437.923, NAN, NAN, NAN, NAN,,2024/03/31 05:40:32.946,2024-03-31 05:40:32.946000+00:00
2024/03/31, 05:41:32.946, 41.524, -70.672, -0.10,24.53,50.46, 0.000, NAN,7.6, NAN,1003.5, NAN,0.0, NAN,102.0, NAN,271, NAN,3.2, NAN,68.1, NAN, 3.2, NAN, 295.5, NAN,1005.6,-5.7,342.9,-0.02,5.8624,5.942,126.0,0.0,1437.925, NAN, NAN, NAN, NAN,,2024/03/31 05:41:32.946,2024-03-31 05:41:32.946000+00:00
2024/03/31, 05:42:32.946, 41.524, -70.672, 0.10,24.6,226.58, 0.000, NAN,7.6, NAN,1003.5, NAN,0.0, NAN,102.0, NAN,272, NAN,2.9, NAN,68.3, NAN, 2.9, NAN, 296.6, NAN,1005.6,-5.57,342.46,-0.02,5.8623,5.9413,126.0,0.0,1437.921, NAN, NAN, NAN, NAN,,2024/03/31 05:42:32.946,2024-03-31 05:42:32.946000+00:00
2024/03/31, 05:43:32.946, 41.524, -70.672, 0.32,24.56,284.89, 0.010, NAN,7.6, NAN,1003.6, NAN,0.0, NAN,102.0, NAN,259, NAN,3.7, NAN,68.8, NAN, 3.7, NAN, 283.5, NAN,1005.7,-5.65,342.55,-0.02,5.8623,5.9399,126.0,0.0,1437.915, NAN, NAN, NAN, NAN,,2024/03/31 05:43:32.946,2024-03-31 05:43:32.946000+00:00
2024/03/31, 05:44:32.946, 41.524, -70.672, 0.09,24.5,120.27, 0.000, NAN,7.6, NAN,1003.5, NAN,0.0, NAN,102.0, NAN,254, NAN,3.2, NAN,68.8, NAN, 3.2, NAN, 278.5, NAN,1005.6,-5.63,342.33,-0.02,5.8624,5.9387,126.0,0.0,1437.91, NAN, NAN, NAN, NAN,,2024/03/31 05:44:32.946,2024-03-31 05:44:32.946000+00:00
2024/03/31, 05:45:32.946, 41.524, -70.672, 0.10,24.52,287.54, 0.010, NAN,7.6, NAN,1003.6, NAN,0.0, NAN,102.0, NAN,256, NAN,3.8, NAN,68.8, NAN, 3.8, NAN, 280.5, NAN,1005.7,-5.59,342.08,-0.02,5.8623,5.9384,125.7,0.0,1437.909, NAN, NAN, NAN, NAN,,2024/03/31 05:45:32.946,2024-03-31 05:45:32.946000+00:00
2024/03/31, 05:46:32.946, 41.524, -70.672, -0.17,24.55,47.29, 0.000, NAN,7.6, NAN,1003.6, NAN,0.0, NAN,102.0, NAN,248, NAN,3.6, NAN,69.1, NAN, 3.6, NAN, 272.6, NAN,1005.7,-5.53,341.75,-0.03,5.8622,5.9372,126.0,0.0,1437.904, NAN, NAN, NAN, NAN,,2024/03/31 05:46:32.946,2024-03-31 05:46:32.946000+00:00
2024/03/31, 05:47:32.946, 41.524, -70.672, -0.01,24.54,259.54, 0.000, NAN,7.6, NAN,1003.6, NAN,0.0, NAN,102.0, NAN,261, NAN,4.0, NAN,68.8, NAN, 4.0, NAN, 285.5, NAN,1005.7,-5.47,342.06,-0.03,5.8622,5.9345,126.0,0.0,1437.892, NAN, NAN, NAN, NAN,,2024/03/31 05:47:32.946,2024-03-31 05:47:32.946000+00:00
2024/03/31, 05:48:32.946, 41.524, -70.672, 0.00,24.55,194.33, 0.000, NAN,7.6, NAN,1003.6, NAN,0.0, NAN,102.0, NAN,245, NAN,3.6, NAN,68.8, NAN, 3.6, NAN, 269.6, NAN,1005.7,-5.48,341.31,-0.03,5.8622,5.9336,126.0,0.0,1437.888, NAN, NAN, NAN, NAN,,2024/03/31 05:48:32.946,2024-03-31 05:48:32.946000+00:00
2024/03/31, 05:49:32.947, 41.524, -70.672, -0.01,24.55,12.83, 0.010, NAN,7.6, NAN,1003.7, NAN,0.0, NAN,102.0, NAN,254, NAN,4.1, NAN,68.9, NAN, 4.1, NAN, 278.5, NAN,1005.8,-5.45,341.32,-0.03,5.8621,5.9341,126.0,0.0,1437.89, NAN, NAN, NAN, NAN,,2024/03/31 05:49:32.947,2024-03-31 05:49:32.947000+00:00
2024/03/31, 05:50:32.947, 41.524, -70.672, -0.01,24.59,293.61, 0.010, NAN,7.5, NAN,1003.7, NAN,0.0, NAN,102.0, NAN,268, NAN,3.8, NAN,69.0, NAN, 3.8, NAN, 292.5, NAN,1005.8,-5.52,340.9,-0.03,5.8621,5.9336,126.3,0.0,1437.888, NAN, NAN, NAN, NAN,,2024/03/31 05:50:32.947,2024-03-31 05:50:32.947000+00:00
2024/03/31, 05:51:32.947, 41.524, -70.672, 0.07,24.46,155.09, 0.000, NAN,7.5, NAN,1003.7, NAN,0.0, NAN,102.0, NAN,276, NAN,3.7, NAN,69.2, NAN, 3.7, NAN, 300.5, NAN,1005.8,-5.48,340.88,-0.02,5.862,5.9324,126.3,0.0,1437.883, NAN, NAN, NAN, NAN,,2024/03/31 05:51:32.947,2024-03-31 05:51:32.947000+00:00
2024/03/31, 05:52:32.947, 41.524, -70.672, 0.02,24.6,194.01, 0.010, NAN,7.5, NAN,1003.7, NAN,0.0, NAN,102.0, NAN,275, NAN,4.1, NAN,69.9, NAN, 4.1, NAN, 299.7, NAN,1005.8,-5.49,341.06,-0.02,5.8621,5.9321,126.0,0.0,1437.881, NAN, NAN, NAN, NAN,,2024/03/31 05:52:32.947,2024-03-31 05:52:32.947000+00:00
2024/03/31, 05:53:32.947, 41.524, -70.672, -0.03,24.56,19.71, 0.010, NAN,7.5, NAN,1003.7, NAN,0.0, NAN,102.0, NAN,286, NAN,4.3, NAN,69.6, NAN, 4.3, NAN, 310.5, NAN,1005.8,-5.61,340.58,-0.03,5.8621,5.9324,126.3,0.0,1437.883, NAN, NAN, NAN, NAN,,2024/03/31 05:53:32.947,2024-03-31 05:53:32.947000+00:00
2024/03/31, 05:54:32.947, 41.524, -70.672, 0.01,24.56,188.34, 0.010, NAN,7.5, NAN,1003.7, NAN,0.0, NAN,102.0, NAN,289, NAN,4.4, NAN,70.3, NAN, 4.4, NAN, 313.6, NAN,1005.8,-5.64,341.08,-0.03,5.862,5.9324,126.3,0.0,1437.883, NAN, NAN, NAN, NAN,,2024/03/31 05:54:32.947,2024-03-31 05:54:32.947000+00:00
2024/03/31, 05:55:32.947, 41.524, -70.672, -0.05,24.62,249.76, 0.010, NAN,7.5, NAN,1003.7, NAN,0.0, NAN,102.0, NAN,286, NAN,4.1, NAN,70.7, NAN, 4.1, NAN, 310.7, NAN,1005.8,-5.6,341.35,-0.02,5.8619,5.9323,126.0,0.0,1437.882, NAN, NAN, NAN, NAN,,2024/03/31 05:55:32.947,2024-03-31 05:55:32.947000+00:00
2024/03/31, 05:56:32.947, 41.524, -70.672, 0.08,24.6,223.01, 0.000, NAN,7.5, NAN,1003.7, NAN,0.0, NAN,102.0, NAN,298, NAN,4.2, NAN,71.2, NAN, 4.2, NAN, 322.6, NAN,1005.8,-5.58,342.07,-0.03,5.8619,5.9328,125.4,0.0,1437.884, NAN, NAN, NAN, NAN,,2024/03/31 05:56:32.947,2024-03-31 05:56:32.947000+00:00
2024/03/31, 05:57:32.947, 41.524, -70.672, 0.01,24.56,283.57, 0.000, NAN,7.4, NAN,1003.7, NAN,0.0, NAN,102.0, NAN,296, NAN,4.2, NAN,71.5, NAN, 4.2, NAN, 320.6, NAN,1005.8,-5.61,342.51,-0.02,5.8619,5.9331,126.0,0.0,1437.885, NAN, NAN, NAN, NAN,,2024/03/31 05:57:32.947,2024-03-31 05:57:32.947000+00:00
2024/03/31, 05:58:32.947, 41.524, -70.672, -0.05,24.6,288.49, 0.000, NAN,7.4, NAN,1003.6, NAN,0.0, NAN,102.0, NAN,296, NAN,4.4, NAN,70.3, NAN, 4.4, NAN, 320.6, NAN,1005.7,-5.58,342.72,-0.02,5.8619,5.9332,126.3,0.0,1437.886, NAN, NAN, NAN, NAN,,2024/03/31 05:58:32.947,2024-03-31 05:58:32.947000+00:00
2024/03/31, 05:59:32.947, 41.524, -70.672, 0.05,24.61,334.13, 0.010, NAN,7.4, NAN,1003.6, NAN,0.0, NAN,102.0, NAN,296, NAN,4.1, NAN,69.5, NAN, 4.1, NAN, 320.6, NAN,1005.7,-5.57,342.24,-0.03,5.8617,5.9324,126.0,0.0,1437.882, NAN, NAN, NAN, NAN,,2024/03/31 05:59:32.947,2024-03-31 05:59:32.947000+00:00
2024/03/31, 06:00:32.947, 41.524, -70.672, -0.08,24.57,292.47, 0.010, NAN,7.4, NAN,1003.7, NAN,0.0, NAN,102.0, NAN,290, NAN,3.9, NAN,69.3, NAN, 3.9, NAN, 314.6, NAN,1005.8,-5.58,342.55,-0.03,5.8618,5.9324,126.0,0.0,1437.882, NAN, NAN, NAN, NAN,,2024/03/31 06:00:32.947,2024-03-31 06:00:32.947000+00:00
2024/03/31, 06:01:32.947, 41.524, -70.672, -0.09,24.58,128.33, 0.010, NAN,7.5, NAN,1003.7, NAN,0.0, NAN,102.0, NAN,273, NAN,3.3, NAN,69.2, NAN, 3.3, NAN, 297.6, NAN,1005.8,-5.53,342.5,-0.02,5.8618,5.9319,126.0,0.0,1437.88, NAN, NAN, NAN, NAN,,2024/03/31 06:01:32.947,2024-03-31 06:01:32.947000+00:00
2024/03/31, 06:02:32.947, 41.524, -70.672, 0.02,24.63,29.84, 0.010, NAN,7.5, NAN,1003.7, NAN,0.0, NAN,102.0, NAN,278, NAN,2.9, NAN,68.4, NAN, 2.9, NAN, 302.5, NAN,1005.8,-5.37,342.19,-0.03,5.8618,5.9319,126.0,0.0,1437.88, NAN, NAN, NAN, NAN,,2024/03/31 06:02:32.947,2024-03-31 06:02:32.947000+00:00
2024/03/31, 06:03:32.947, 41.524, -70.672, 0.07,24.56,327.51, 0.020, NAN,7.5, NAN,1003.7, NAN,0.0, NAN,102.0, NAN,271, NAN,3.2, NAN,69.1, NAN, 3.2, NAN, 295.4, NAN,1005.8,-5.44,341.16,-0.03,5.8617,5.9313,126.0,0.0,1437.877, NAN, NAN, NAN, NAN,,2024/03/31 06:03:32.947,2024-03-31 06:03:32.947000+00:00
2024/03/31, 06:04:32.947, 41.524, -70.672, -0.03,24.58,298.97, 0.010, NAN,7.5, NAN,1003.7, NAN,0.0, NAN,102.0, NAN,274, NAN,2.9, NAN,70.1, NAN, 2.9, NAN, 298.5, NAN,1005.8,-5.48,340.78,-0.03,5.8617,5.9307,126.0,0.0,1437.875, NAN, NAN, NAN, NAN,,2024/03/31 06:04:32.947,2024-03-31 06:04:32.947000+00:00
2024/03/31, 06:05:32.948, 41.524, -70.672, -0.01,24.59,2.54, 0.000, NAN,7.5, NAN,1003.8, NAN,0.0, NAN,102.0, NAN,255, NAN,2.3, NAN,70.0, NAN, 2.3, NAN, 279.6, NAN,1005.9,-5.44,340.43,-0.03,5.8618,5.9305,125.7,0.0,1437.874, NAN, NAN, NAN, NAN,,2024/03/31 06:05:32.948,2024-03-31 06:05:32.948000+00:00
2024/03/31, 06:06:32.948, 41.524, -70.672, 0.10,24.65,291.65, 0.010, NAN,7.5, NAN,1003.8, NAN,0.0, NAN,102.0, NAN,251, NAN,3.2, NAN,70.3, NAN, 3.2, NAN, 275.6, NAN,1005.9,-5.47,339.83,-0.02,5.8617,5.9312,126.0,1.7,1437.877, NAN, NAN, NAN, NAN,,2024/03/31 06:06:32.948,2024-03-31 06:06:32.948000+00:00
2024/03/31, 06:07:32.948, 41.524, -70.672, -0.02,24.59,50.05, 0.010, NAN,7.5, NAN,1003.8, NAN,0.0, NAN,102.0, NAN,251, NAN,2.4, NAN,70.6, NAN, 2.4, NAN, 275.5, NAN,1005.9,-5.46,340.23,-0.03,5.8617,5.9311,125.7,0.0,1437.877, NAN, NAN, NAN, NAN,,2024/03/31 06:07:32.948,2024-03-31 06:07:32.948000+00:00
2024/03/31, 06:08:32.948, 41.524, -70.672, 0.03,24.61,303.21, 0.010, NAN,7.4, NAN,1003.7, NAN,0.0, NAN,102.0, NAN,240, NAN,2.4, NAN,70.9, NAN, 2.4, NAN, 264.5, NAN,1005.8,-5.48,340.26,-0.02,5.8618,5.9313,125.7,0.0,1437.878, NAN, NAN, NAN, NAN,,2024/03/31 06:08:32.948,2024-03-31 06:08:32.948000+00:00
2024/03/31, 06:09:32.948, 41.524, -70.672, -0.15,24.61,179.12, 0.010, NAN,7.4, NAN,1003.7, NAN,0.0, NAN,102.0, NAN,231, NAN,3.6, NAN,70.4, NAN, 3.6, NAN, 255.7, NAN,1005.8,-5.53,340.7,-0.02,5.8617,5.9327,126.3,0.0,1437.884, NAN, NAN, NAN, NAN,,2024/03/31 06:09:32.948,2024-03-31 06:09:32.948000+00:00
2024/03/31, 06:10:32.948, 41.524, -70.672, -0.10,24.56,341.54, 0.010, NAN,7.4, NAN,1003.7, NAN,0.0, NAN,102.0, NAN,239, NAN,3.7, NAN,68.5, NAN, 3.7, NAN, 263.5, NAN,1005.8,-5.36,341.07,-0.02,5.8617,5.9341,125.7,0.0,1437.89, NAN, NAN, NAN, NAN,,2024/03/31 06:10:32.948,2024-03-31 06:10:32.948000+00:00
2024/03/31, 06:11:32.948, 41.524, -70.672, 0.04,24.59,341.32, 0.010, NAN,7.5, NAN,1003.7, NAN,0.0, NAN,102.0, NAN,232, NAN,3.6, NAN,67.8, NAN, 3.6, NAN, 256.5, NAN,1005.8,-5.31,341.28,-0.02,5.8618,5.935,126.0,0.0,1437.894, NAN, NAN, NAN, NAN,,2024/03/31 06:11:32.948,2024-03-31 06:11:32.948000+00:00
2024/03/31, 06:12:32.948, 41.524, -70.672, 0.02,24.58,310.46, 0.000, NAN,7.5, NAN,1003.7, NAN,0.0, NAN,102.0, NAN,242, NAN,4.2, NAN,66.9, NAN, 4.2, NAN, 266.6, NAN,1005.8,-5.22,342.1,-0.02,5.8618,5.9371,125.7,0.0,1437.903, NAN, NAN, NAN, NAN,,2024/03/31 06:12:32.948,2024-03-31 06:12:32.948000+00:00
2024/03/31, 06:13:32.948, 41.524, -70.672, -0.05,24.52,160.98, 0.000, NAN,7.6, NAN,1003.7, NAN,0.0, NAN,102.0, NAN,242, NAN,3.5, NAN,64.4, NAN, 3.5, NAN, 266.5, NAN,1005.8,-5.14,342.54,-0.02,5.8618,5.9365,126.0,0.0,1437.9, NAN, NAN, NAN, NAN,,2024/03/31 06:13:32.948,2024-03-31 06:13:32.948000+00:00
2024/03/31, 06:14:32.948, 41.524, -70.672, 0.10,24.53,81.84, 0.010, NAN,7.7, NAN,1003.7, NAN,0.0, NAN,102.0, NAN,249, NAN,3.3, NAN,61.6, NAN, 3.3, NAN, 273.6, NAN,1005.8,-4.97,342.72,-0.02,5.8618,5.9362,126.3,0.0,1437.899, NAN, NAN, NAN, NAN,,2024/03/31 06:14:32.948,2024-03-31 06:14:32.948000+00:00
2024/03/31, 06:15:32.948, 41.524, -70.672, -0.04,24.55,210.65, 0.010, NAN,7.8, NAN,1003.7, NAN,0.0, NAN,102.0, NAN,247, NAN,2.8, NAN,60.9, NAN, 2.8, NAN, 271.7, NAN,1005.8,-4.89,343.5,-0.02,5.8617,5.9344,125.7,0.0,1437.891, NAN, NAN, NAN, NAN,,2024/03/31 06:15:32.948,2024-03-31 06:15:32.948000+00:00
2024/03/31, 06:16:32.948, 41.524, -70.672, 0.02,24.55,94.79, 0.010, NAN,7.9, NAN,1003.7, NAN,0.0, NAN,102.0, NAN,247, NAN,3.5, NAN,59.3, NAN, 3.5, NAN, 271.6, NAN,1005.8,-4.9,343.93,-0.02,5.8618,5.9337,126.0,0.0,1437.888, NAN, NAN, NAN, NAN,,2024/03/31 06:16:32.948,2024-03-31 06:16:32.948000+00:00
2024/03/31, 06:17:32.948, 41.524, -70.672, 0.03,24.56,63.71, 0.000, NAN,8.0, NAN,1003.7, NAN,0.0, NAN,102.0, NAN,245, NAN,4.1, NAN,57.9, NAN, 4.1, NAN, 269.6, NAN,1005.8,-4.88,344.95,-0.02,5.8617,5.934,126.3,0.0,1437.889, NAN, NAN, NAN, NAN,,2024/03/31 06:17:32.948,2024-03-31 06:17:32.948000+00:00
2024/03/31, 06:18:32.948, 41.524, -70.672, 0.21,24.58,234.04, 0.000, NAN,8.1, NAN,1003.7, NAN,0.0, NAN,102.0, NAN,254, NAN,4.3, NAN,53.9, NAN, 4.3, NAN, 278.6, NAN,1005.8,-4.69,345.1,-0.02,5.8618,5.9347,126.0,0.0,1437.892, NAN, NAN, NAN, NAN,,2024/03/31 06:18:32.948,2024-03-31 06:18:32.948000+00:00
2024/03/31, 06:19:32.948, 41.524, -70.672, -0.04,24.58,270.3, 0.000, NAN,8.3, NAN,1003.7, NAN,0.0, NAN,102.0, NAN,257, NAN,4.1, NAN,52.6, NAN, 4.1, NAN, 281.6, NAN,1005.8,-4.51,344.8,-0.02,5.8617,5.9351,126.0,0.0,1437.894, NAN, NAN, NAN, NAN,,2024/03/31 06:19:32.948,2024-03-31 06:19:32.948000+00:00
2024/03/31, 06:20:32.948, 41.524, -70.672, -0.05,24.58,358.56, 0.000, NAN,8.4, NAN,1003.7, NAN,0.0, NAN,102.0, NAN,269, NAN,3.8, NAN,52.2, NAN, 3.8, NAN, 293.6, NAN,1005.8,-4.44,344.12,-0.02,5.8617,5.9355,126.0,0.0,1437.896, NAN, NAN, NAN, NAN,,2024/03/31 06:20:32.948,2024-03-31 06:20:32.948000+00:00
2024/03/31, 06:21:32.949, 41.524, -70.672, -0.02,24.58,97.85, 0.000, NAN,8.4, NAN,1003.7, NAN,0.0, NAN,102.0, NAN,264, NAN,3.7, NAN,52.3, NAN, 3.7, NAN, 288.6, NAN,1005.8,-4.48,343.87,-0.02,5.8617,5.9369,126.0,0.0,1437.902, NAN, NAN, NAN, NAN,,2024/03/31 06:21:32.949,2024-03-31 06:21:32.949000+00:00
2024/03/31, 06:22:32.949, 41.524, -70.672, -0.01,24.58,277.66, 0.000, NAN,8.6, NAN,1003.7, NAN,0.0, NAN,102.0, NAN,260, NAN,3.4, NAN,53.6, NAN, 3.4, NAN, 284.6, NAN,1005.8,-4.69,343.73,-0.02,5.8618,5.9383,125.7,0.0,1437.908, NAN, NAN, NAN, NAN,,2024/03/31 06:22:32.949,2024-03-31 06:22:32.949000+00:00
2024/03/31, 06:23:32.949, 41.524, -70.672, -0.17,24.6,280.12, 0.000, NAN,8.6, NAN,1003.7, NAN,0.0, NAN,102.0, NAN,269, NAN,4.0, NAN,54.7, NAN, 4.0, NAN, 293.6, NAN,1005.8,-4.83,344.26,-0.02,5.8617,5.9388,126.3,0.0,1437.91, NAN, NAN, NAN, NAN,,2024/03/31 06:23:32.949,2024-03-31 06:23:32.949000+00:00
2024/03/31, 06:24:32.949, 41.524, -70.672, -0.20,24.58,14.25, 0.000, NAN,8.5, NAN,1003.7, NAN,0.0, NAN,102.0, NAN,260, NAN,3.8, NAN,54.2, NAN, 3.8, NAN, 284.6, NAN,1005.8,-4.93,344.2,-0.02,5.8618,5.939,126.3,0.0,1437.911, NAN, NAN, NAN, NAN,,2024/03/31 06:24:32.949,2024-03-31 06:24:32.949000+00:00
2024/03/31, 06:25:32.949, 41.524, -70.672, 0.12,24.57,148.69, 0.000, NAN,8.5, NAN,1003.7, NAN,0.0, NAN,102.0, NAN,266, NAN,4.0, NAN,55.0, NAN, 4.0, NAN, 290.6, NAN,1005.8,-5.07,343.57,-0.02,5.8617,5.9388,126.0,0.0,1437.91, NAN, NAN, NAN, NAN,,2024/03/31 06:25:32.949,2024-03-31 06:25:32.949000+00:00
2024/03/31, 06:26:32.949, 41.524, -70.672, -0.10,24.58,172.2, 0.010, NAN,8.5, NAN,1003.7, NAN,0.0, NAN,102.0, NAN,265, NAN,4.4, NAN,57.4, NAN, 4.4, NAN, 289.6, NAN,1005.8,-5.21,343.88,-0.03,5.8617,5.9379,126.0,0.0,1437.906, NAN, NAN, NAN, NAN,,2024/03/31 06:26:32.949,2024-03-31 06:26:32.949000+00:00
2024/03/31, 06:27:32.949, 41.524, -70.672, -0.01,24.58,322.7, 0.000, NAN,8.4, NAN,1003.7, NAN,0.0, NAN,102.0, NAN,267, NAN,4.0, NAN,58.3, NAN, 4.0, NAN, 291.6, NAN,1005.8,-5.31,343.87,-0.03,5.8618,5.9374,126.3,0.0,1437.904, NAN, NAN, NAN, NAN,,2024/03/31 06:27:32.949,2024-03-31 06:27:32.949000+00:00
2024/03/31, 06:28:32.949, 41.524, -70.672, 0.08,24.6,284.3, 0.000, NAN,8.3, NAN,1003.7, NAN,0.0, NAN,102.0, NAN,263, NAN,4.1, NAN,58.9, NAN, 4.1, NAN, 287.6, NAN,1005.8,-5.34,344.35,-0.03,5.8616,5.9363,125.7,0.0,1437.899, NAN, NAN, NAN, NAN,,2024/03/31 06:28:32.949,2024-03-31 06:28:32.949000+00:00
2024/03/31, 06:29:32.949, 41.524, -70.672, -0.07,24.58,18.03, 0.000, NAN,8.2, NAN,1003.7, NAN,0.0, NAN,102.0, NAN,269, NAN,4.1, NAN,57.6, NAN, 4.1, NAN, 293.6, NAN,1005.8,-5.42,344.0,-0.02,5.8617,5.9367,126.0,0.0,1437.901, NAN, NAN, NAN, NAN,,2024/03/31 06:29:32.949,2024-03-31 06:29:32.949000+00:00
2024/03/31, 06:30:32.949, 41.524, -70.672, -0.04,24.54,247.65, 0.000, NAN,8.2, NAN,1003.7, NAN,0.0, NAN,102.0, NAN,267, NAN,4.0, NAN,59.6, NAN, 4.0, NAN, 291.5, NAN,1005.8,-5.35,344.35,-0.03,5.8617,5.9377,126.0,0.0,1437.905, NAN, NAN, NAN, NAN,,2024/03/31 06:30:32.949,2024-03-31 06:30:32.949000+00:00
2024/03/31, 06:31:32.949, 41.524, -70.672, -0.08,24.59,211.63, 0.010, NAN,8.2, NAN,1003.7, NAN,0.0, NAN,102.0, NAN,269, NAN,4.2, NAN,59.4, NAN, 4.2, NAN, 293.6, NAN,1005.8,-5.42,344.14,-0.02,5.8617,5.939,126.3,0.0,1437.911, NAN, NAN, NAN, NAN,,2024/03/31 06:31:32.949,2024-03-31 06:31:32.949000+00:00
2024/03/31, 06:32:32.949, 41.524, -70.672, -0.06,24.61,230.42, 0.000, NAN,8.1, NAN,1003.7, NAN,0.0, NAN,102.0, NAN,266, NAN,3.8, NAN,59.0, NAN, 3.8, NAN, 290.6, NAN,1005.8,-5.41,344.23,-0.03,5.8616,5.939,126.3,0.0,1437.911, NAN, NAN, NAN, NAN,,2024/03/31 06:32:32.949,2024-03-31 06:32:32.949000+00:00
2024/03/31, 06:33:32.949, 41.524, -70.672, 0.07,24.58,328.24, 0.000, NAN,8.1, NAN,1003.7, NAN,0.0, NAN,102.0, NAN,265, NAN,4.0, NAN,58.5, NAN, 4.0, NAN, 289.6, NAN,1005.8,-5.42,344.17,-0.02,5.8617,5.938,126.3,0.0,1437.906, NAN, NAN, NAN, NAN,,2024/03/31 06:33:32.949,2024-03-31 06:33:32.949000+00:00
2024/03/31, 06:34:32.949, 41.524, -70.672, -0.02,24.57,89.57, 0.010, NAN,8.1, NAN,1003.7, NAN,0.0, NAN,102.0, NAN,263, NAN,4.2, NAN,58.2, NAN, 4.2, NAN, 287.6, NAN,1005.8,-5.49,344.37,-0.02,5.8616,5.937,126.3,0.0,1437.902, NAN, NAN, NAN, NAN,,2024/03/31 06:34:32.949,2024-03-31 06:34:32.949000+00:00
2024/03/31, 06:35:32.949, 41.524, -70.672, -0.03,24.56,22.37, 0.000, NAN,8.2, NAN,1003.7, NAN,0.0, NAN,102.0, NAN,263, NAN,4.0, NAN,57.4, NAN, 4.0, NAN, 287.6, NAN,1005.8,-5.37,343.71,-0.02,5.8616,5.9373,126.3,0.0,1437.903, NAN, NAN, NAN, NAN,,2024/03/31 06:35:32.949,2024-03-31 06:35:32.949000+00:00
2024/03/31, 06:36:32.949, 41.524, -70.672, 0.09,24.6,348.8, 0.010, NAN,8.2, NAN,1003.7, NAN,0.0, NAN,102.0, NAN,263, NAN,3.9, NAN,57.5, NAN, 3.9, NAN, 287.5, NAN,1005.8,-5.36,343.54,-0.02,5.8615,5.9367,126.3,0.0,1437.901, NAN, NAN, NAN, NAN,,2024/03/31 06:36:32.949,2024-03-31 06:36:32.949000+00:00
2024/03/31, 06:37:32.950, 41.524, -70.672, -0.02,24.6,265.51, 0.010, NAN,8.2, NAN,1003.7, NAN,0.0, NAN,102.0, NAN,261, NAN,4.1, NAN,58.9, NAN, 4.1, NAN, 285.6, NAN,1005.8,-5.37,342.83,-0.02,5.8616,5.9368,125.7,0.0,1437.901, NAN, NAN, NAN, NAN,,2024/03/31 06:37:32.950,2024-03-31 06:37:32.950000+00:00
2024/03/31, 06:38:32.950, 41.524, -70.672, 0.00,24.58,126.52, 0.010, NAN,8.2, NAN,1003.8, NAN,0.0, NAN,102.0, NAN,270, NAN,4.0, NAN,58.2, NAN, 4.0, NAN, 294.6, NAN,1005.9,-5.37,342.3,-0.02,5.8616,5.9367,126.0,0.0,1437.901, NAN, NAN, NAN, NAN,,2024/03/31 06:38:32.950,2024-03-31 06:38:32.950000+00:00
2024/03/31, 06:39:32.950, 41.524, -70.672, -0.15,24.62,233.99, 0.000, NAN,8.2, NAN,1003.7, NAN,0.0, NAN,102.0, NAN,269, NAN,3.8, NAN,58.3, NAN, 3.8, NAN, 293.6, NAN,1005.8,-5.37,340.8,-0.02,5.8615,5.9355,126.3,0.0,1437.895, NAN, NAN, NAN, NAN,,2024/03/31 06:39:32.950,2024-03-31 06:39:32.950000+00:00
2024/03/31, 06:40:32.950, 41.524, -70.672, 0.01,24.6,316.35, 0.010, NAN,8.2, NAN,1003.8, NAN,0.0, NAN,102.0, NAN,275, NAN,4.1, NAN,59.4, NAN, 4.1, NAN, 299.6, NAN,1005.9,-5.46,340.59,-0.03,5.8615,5.934,126.0,0.0,1437.889, NAN, NAN, NAN, NAN,,2024/03/31 06:40:32.950,2024-03-31 06:40:32.950000+00:00
2024/03/31, 06:41:32.950, 41.524, -70.672, 0.06,24.55,256.79, 0.000, NAN,8.2, NAN,1003.8, NAN,0.0, NAN,102.0, NAN,294, NAN,4.2, NAN,57.7, NAN, 4.2, NAN, 318.6, NAN,1005.9,-5.45,339.94,-0.02,5.8616,5.9336,126.0,0.0,1437.887, NAN, NAN, NAN, NAN,,2024/03/31 06:41:32.950,2024-03-31 06:41:32.950000+00:00
2024/03/31, 06:42:32.950, 41.524, -70.672, -0.08,24.59,277.79, 0.000, NAN,8.2, NAN,1003.8, NAN,0.0, NAN,102.0, NAN,288, NAN,4.0, NAN,59.1, NAN, 4.0, NAN, 312.6, NAN,1005.9,-5.55,339.75,-0.03,5.8615,5.933,126.3,0.0,1437.885, NAN, NAN, NAN, NAN,,2024/03/31 06:42:32.950,2024-03-31 06:42:32.950000+00:00
2024/03/31, 06:43:32.950, 41.524, -70.672, -0.18,24.63,269.06, 0.000, NAN,8.2, NAN,1003.8, NAN,0.0, NAN,102.0, NAN,281, NAN,4.1, NAN,59.3, NAN, 4.1, NAN, 305.6, NAN,1005.9,-5.6,339.3,-0.06,5.8615,5.9329,126.0,0.0,1437.884, NAN, NAN, NAN, NAN,,2024/03/31 06:43:32.950,2024-03-31 06:43:32.950000+00:00
2024/03/31, 06:44:32.950, 41.524, -70.672, -0.10,24.59,300.42, 0.010, NAN,8.2, NAN,1003.8, NAN,0.0, NAN,102.0, NAN,288, NAN,4.1, NAN,59.0, NAN, 4.1, NAN, 312.5, NAN,1005.9,-5.58,339.66,-0.03,5.8616,5.9316,126.3,0.0,1437.879, NAN, NAN, NAN, NAN,,2024/03/31 06:44:32.950,2024-03-31 06:44:32.950000+00:00
2024/03/31, 06:45:32.950, 41.524, -70.672, -0.08,24.61,236.08, 0.010, NAN,8.1, NAN,1003.8, NAN,0.0, NAN,102.0, NAN,299, NAN,4.3, NAN,59.6, NAN, 4.3, NAN, 323.7, NAN,1005.9,-5.64,339.32,-0.02,5.8615,5.9308,126.3,0.0,1437.875, NAN, NAN, NAN, NAN,,2024/03/31 06:45:32.950,2024-03-31 06:45:32.950000+00:00
2024/03/31, 06:46:32.950, 41.524, -70.672, -0.06,24.62,230.43, 0.000, NAN,8.1, NAN,1003.8, NAN,0.0, NAN,102.0, NAN,289, NAN,4.2, NAN,61.3, NAN, 4.2, NAN, 313.6, NAN,1005.9,-5.72,339.88,-0.03,5.8616,5.9303,126.3,0.0,1437.873, NAN, NAN, NAN, NAN,,2024/03/31 06:46:32.950,2024-03-31 06:46:32.950000+00:00
2024/03/31, 06:47:32.950, 41.524, -70.672, 0.26,24.64,344.61, 0.000, NAN,8.1, NAN,1003.8, NAN,0.0, NAN,102.0, NAN,283, NAN,4.5, NAN,60.5, NAN, 4.5, NAN, 307.6, NAN,1005.9,-5.76,340.3,-0.03,5.8616,5.9312,126.0,0.0,1437.877, NAN, NAN, NAN, NAN,,2024/03/31 06:47:32.950,2024-03-31 06:47:32.950000+00:00
2024/03/31, 06:48:32.950, 41.524, -70.672, 0.01,24.62,346.05, 0.000, NAN,8.0, NAN,1003.8, NAN,0.0, NAN,102.0, NAN,295, NAN,4.7, NAN,58.6, NAN, 4.7, NAN, 319.6, NAN,1005.9,-5.79,340.3,-0.03,5.8616,5.9327,126.0,0.0,1437.883, NAN, NAN, NAN, NAN,,2024/03/31 06:48:32.950,2024-03-31 06:48:32.950000+00:00
2024/03/31, 06:49:32.950, 41.524, -70.672, 0.00,24.62,271.45, 0.000, NAN,8.1, NAN,1003.8, NAN,0.0, NAN,102.0, NAN,288, NAN,4.2, NAN,58.9, NAN, 4.2, NAN, 312.6, NAN,1005.9,-5.65,340.54,-0.03,5.8615,5.9335,126.3,0.0,1437.887, NAN, NAN, NAN, NAN,,2024/03/31 06:49:32.950,2024-03-31 06:49:32.950000+00:00
2024/03/31, 06:50:32.950, 41.524, -70.672, -0.05,24.6,145.74, 0.010, NAN,8.1, NAN,1003.8, NAN,0.0, NAN,102.0, NAN,293, NAN,4.5, NAN,59.0, NAN, 4.5, NAN, 317.6, NAN,1005.9,-5.63,341.03,-0.03,5.8616,5.9337,126.0,0.0,1437.888, NAN, NAN, NAN, NAN,,2024/03/31 06:50:32.950,2024-03-31 06:50:32.950000+00:00
2024/03/31, 06:51:32.950, 41.524, -70.672, 0.04,24.58,166.31, 0.000, NAN,8.1, NAN,1003.9, NAN,0.0, NAN,102.0, NAN,296, NAN,4.5, NAN,57.6, NAN, 4.5, NAN, 320.6, NAN,1006.0,-5.6,341.54,-0.03,5.8616,5.9336,126.3,0.0,1437.887, NAN, NAN, NAN, NAN,,2024/03/31 06:51:32.950,2024-03-31 06:51:32.950000+00:00
2024/03/31, 06:52:32.951, 41.524, -70.672, -0.09,24.64,305.51, 0.010, NAN,8.2, NAN,1003.9, NAN,0.0, NAN,102.0, NAN,294, NAN,4.4, NAN,56.8, NAN, 4.4, NAN, 318.7, NAN,1006.0,-5.61,341.92,-0.03,5.8615,5.9333,126.3,0.0,1437.886, NAN, NAN, NAN, NAN,,2024/03/31 06:52:32.951,2024-03-31 06:52:32.951000+00:00
2024/03/31, 06:53:32.951, 41.524, -70.672, -0.19,24.63,292.84, 0.000, NAN,8.2, NAN,1003.9, NAN,0.0, NAN,102.0, NAN,298, NAN,4.6, NAN,56.9, NAN, 4.6, NAN, 322.6, NAN,1006.0,-5.48,342.46,-0.03,5.8615,5.9334,126.0,0.0,1437.886, NAN, NAN, NAN, NAN,,2024/03/31 06:53:32.951,2024-03-31 06:53:32.951000+00:00
2024/03/31, 06:54:32.951, 41.524, -70.672, -0.18,24.6,222.01, 0.010, NAN,8.2, NAN,1003.9, NAN,0.0, NAN,102.0, NAN,294, NAN,4.8, NAN,56.1, NAN, 4.8, NAN, 318.6, NAN,1006.0,-5.42,343.25,-0.02,5.8616,5.9336,126.3,0.0,1437.887, NAN, NAN, NAN, NAN,,2024/03/31 06:54:32.951,2024-03-31 06:54:32.951000+00:00
2024/03/31, 06:55:32.951, 41.524, -70.672, -0.15,24.66,7.1, 0.010, NAN,8.3, NAN,1003.9, NAN,0.0, NAN,102.0, NAN,285, NAN,4.6, NAN,54.0, NAN, 4.6, NAN, 309.6, NAN,1006.0,-5.33,343.28,-0.02,5.8615,5.9329,126.3,0.0,1437.884, NAN, NAN, NAN, NAN,,2024/03/31 06:55:32.951,2024-03-31 06:55:32.951000+00:00
2024/03/31, 06:56:32.951, 41.524, -70.672, -0.22,24.62,349.97, 0.010, NAN,8.3, NAN,1003.9, NAN,0.0, NAN,102.0, NAN,291, NAN,5.2, NAN,54.0, NAN, 5.2, NAN, 315.6, NAN,1006.0,-5.29,343.93,-0.03,5.8615,5.9336,126.0,0.0,1437.887, NAN, NAN, NAN, NAN,,2024/03/31 06:56:32.951,2024-03-31 06:56:32.951000+00:00
2024/03/31, 06:57:32.951, 41.524, -70.672, -0.12,24.62,329.39, 0.000, NAN,8.4, NAN,1003.9, NAN,0.0, NAN,102.0, NAN,287, NAN,5.2, NAN,52.6, NAN, 5.2, NAN, 311.6, NAN,1006.0,-5.28,344.47,-0.02,5.8615,5.9346,126.3,0.0,1437.891, NAN, NAN, NAN, NAN,,2024/03/31 06:57:32.951,2024-03-31 06:57:32.951000+00:00
2024/03/31, 06:58:32.951, 41.524, -70.672, -0.04,24.7,87.88, 0.000, NAN,8.5, NAN,1003.9, NAN,0.0, NAN,102.0, NAN,287, NAN,5.4, NAN,51.8, NAN, 5.4, NAN, 311.7, NAN,1006.0,-5.22,344.83,-0.03,5.8615,5.9355,126.6,0.0,1437.895, NAN, NAN, NAN, NAN,,2024/03/31 06:58:32.951,2024-03-31 06:58:32.951000+00:00
2024/03/31, 06:59:32.951, 41.524, -70.672, -0.17,24.66,284.67, 0.000, NAN,8.5, NAN,1003.9, NAN,0.0, NAN,102.0, NAN,287, NAN,4.7, NAN,50.6, NAN, 4.7, NAN, 311.7, NAN,1006.0,-5.21,344.67,-0.02,5.8615,5.9367,126.3,0.0,1437.901, NAN, NAN, NAN, NAN,,2024/03/31 06:59:32.951,2024-03-31 06:59:32.951000+00:00
2024/03/31, 07:00:32.951, 41.524, -70.672, -0.09,24.67,335.55, 0.000, NAN,8.6, NAN,1003.9, NAN,0.0, NAN,102.0, NAN,290, NAN,5.0, NAN,50.6, NAN, 5.0, NAN, 314.7, NAN,1006.0,-5.09,344.93,-0.02,5.8615,5.9388,126.3,0.0,1437.91, NAN, NAN, NAN, NAN,,2024/03/31 07:00:32.951,2024-03-31 07:00:32.951000+00:00
2024/03/31, 07:01:32.951, 41.524, -70.672, -0.16,24.68,300.67, 0.000, NAN,8.6, NAN,1003.9, NAN,0.0, NAN,102.0, NAN,298, NAN,5.3, NAN,50.4, NAN, 5.3, NAN, 322.7, NAN,1006.0,-5.08,345.04,-0.03,5.8614,5.9398,126.0,0.0,1437.914, NAN, NAN, NAN, NAN,,2024/03/31 07:01:32.951,2024-03-31 07:01:32.951000+00:00
2024/03/31, 07:02:32.951, 41.524, -70.672, -0.02,24.66,270.56, 0.000, NAN,8.7, NAN,1003.9, NAN,0.0, NAN,102.0, NAN,282, NAN,5.0, NAN,49.4, NAN, 5.0, NAN, 306.7, NAN,1006.0,-5.13,344.9,-0.02,5.8615,5.9399,126.3,0.0,1437.914, NAN, NAN, NAN, NAN,,2024/03/31 07:02:32.951,2024-03-31 07:02:32.951000+00:00
2024/03/31, 07:03:32.951, 41.524, -70.672, -0.09,24.66,324.1, 0.000, NAN,8.7, NAN,1003.9, NAN,0.0, NAN,102.0, NAN,298, NAN,5.5, NAN,48.8, NAN, 5.5, NAN, 322.7, NAN,1006.0,-5.09,344.75,-0.02,5.8616,5.9417,126.3,0.0,1437.922, NAN, NAN, NAN, NAN,,2024/03/31 07:03:32.951,2024-03-31 07:03:32.951000+00:00
2024/03/31, 07:04:32.951, 41.524, -70.672, -0.16,24.74,7.81, 0.010, NAN,8.7, NAN,1003.9, NAN,0.0, NAN,102.0, NAN,289, NAN,5.1, NAN,49.1, NAN, 5.1, NAN, 313.7, NAN,1006.0,-5.06,345.01,-0.02,5.8615,5.9426,125.7,0.0,1437.926, NAN, NAN, NAN, NAN,,2024/03/31 07:04:32.951,2024-03-31 07:04:32.951000+00:00
2024/03/31, 07:05:32.951, 41.524, -70.672, -0.09,24.62,169.58, 0.000, NAN,8.8, NAN,1003.9, NAN,0.0, NAN,102.0, NAN,292, NAN,4.6, NAN,48.2, NAN, 4.6, NAN, 316.6, NAN,1006.0,-5.09,344.82,-0.03,5.8615,5.9415,125.4,0.0,1437.921, NAN, NAN, NAN, NAN,,2024/03/31 07:05:32.951,2024-03-31 07:05:32.951000+00:00
2024/03/31, 07:06:32.952, 41.524, -70.672, -0.13,24.71,225.77, 0.010, NAN,8.8, NAN,1003.9, NAN,0.0, NAN,102.0, NAN,295, NAN,5.1, NAN,48.4, NAN, 5.1, NAN, 319.8, NAN,1006.0,-5.18,345.11,-0.02,5.8616,5.9402,126.3,0.0,1437.916, NAN, NAN, NAN, NAN,,2024/03/31 07:06:32.952,2024-03-31 07:06:32.952000+00:00
2024/03/31, 07:07:32.952, 41.524, -70.672, -0.05,24.73,174.05, 0.000, NAN,8.8, NAN,1003.9, NAN,0.0, NAN,102.0, NAN,287, NAN,5.1, NAN,47.3, NAN, 5.1, NAN, 311.7, NAN,1006.0,-5.24,345.28,-0.03,5.8616,5.9404,125.4,0.0,1437.917, NAN, NAN, NAN, NAN,,2024/03/31 07:07:32.952,2024-03-31 07:07:32.952000+00:00
2024/03/31, 07:08:32.952, 41.524, -70.672, -0.12,24.58,120.06, 0.010, NAN,8.8, NAN,1003.9, NAN,0.0, NAN,102.0, NAN,304, NAN,4.5, NAN,46.9, NAN, 4.5, NAN, 328.5, NAN,1006.0,-5.16,345.14,-0.02,5.8616,5.9416,125.7,0.0,1437.922, NAN, NAN, NAN, NAN,,2024/03/31 07:08:32.952,2024-03-31 07:08:32.952000+00:00
2024/03/31, 07:09:32.952, 41.524, -70.672, 0.01,24.62,274.52, 0.010, NAN,8.8, NAN,1003.9, NAN,0.0, NAN,102.0, NAN,299, NAN,3.4, NAN,47.0, NAN, 3.4, NAN, 323.6, NAN,1006.0,-5.21,345.22,-0.02,5.8616,5.9433,125.7,0.0,1437.929, NAN, NAN, NAN, NAN,,2024/03/31 07:09:32.952,2024-03-31 07:09:32.952000+00:00
2024/03/31, 07:10:32.952, 41.524, -70.672, 0.03,24.66,159.54, 0.010, NAN,8.8, NAN,1003.9, NAN,0.0, NAN,102.0, NAN,311, NAN,4.4, NAN,47.6, NAN, 4.4, NAN, 335.7, NAN,1006.0,-5.23,345.79,-0.02,5.8617,5.9438,125.7,0.0,1437.931, NAN, NAN, NAN, NAN,,2024/03/31 07:10:32.952,2024-03-31 07:10:32.952000+00:00
2024/03/31, 07:11:32.952, 41.524, -70.672, -0.09,24.77,289.76, 0.000, NAN,8.8, NAN,1003.9, NAN,0.0, NAN,102.0, NAN,305, NAN,4.4, NAN,46.7, NAN, 4.4, NAN, 329.8, NAN,1006.0,-5.24,345.81,-0.02,5.8617,5.9441,126.3,0.0,1437.933, NAN, NAN, NAN, NAN,,2024/03/31 07:11:32.952,2024-03-31 07:11:32.952000+00:00
2024/03/31, 07:12:32.952, 41.524, -70.672, -0.13,24.67,227.98, 0.000, NAN,8.9, NAN,1004.0, NAN,0.0, NAN,102.0, NAN,318, NAN,3.5, NAN,46.9, NAN, 3.5, NAN, 342.7, NAN,1006.1,-5.23,345.64,-0.02,5.8617,5.9447,126.6,0.0,1437.935, NAN, NAN, NAN, NAN,,2024/03/31 07:12:32.952,2024-03-31 07:12:32.952000+00:00
2024/03/31, 07:13:32.952, 41.524, -70.672, -0.21,24.61,145.93, 0.000, NAN,8.8, NAN,1003.9, NAN,0.0, NAN,102.0, NAN,308, NAN,5.9, NAN,47.2, NAN, 5.9, NAN, 332.6, NAN,1006.0,-5.27,345.87,-0.02,5.8617,5.9457,126.0,0.0,1437.94, NAN, NAN, NAN, NAN,,2024/03/31 07:13:32.952,2024-03-31 07:13:32.952000+00:00
2024/03/31, 07:14:32.952, 41.524, -70.672, -0.10,24.58,159.41, 0.000, NAN,8.8, NAN,1003.9, NAN,0.0, NAN,102.0, NAN,305, NAN,5.6, NAN,47.1, NAN, 5.6, NAN, 329.6, NAN,1006.0,-5.31,345.93,-0.02,5.8617,5.9469,126.0,0.0,1437.945, NAN, NAN, NAN, NAN,,2024/03/31 07:14:32.952,2024-03-31 07:14:32.952000+00:00
2024/03/31, 07:15:32.952, 41.524, -70.672, -0.08,24.6,190.08, 0.000, NAN,8.8, NAN,1003.9, NAN,0.0, NAN,102.0, NAN,310, NAN,4.9, NAN,47.3, NAN, 4.9, NAN, 334.6, NAN,1006.0,-5.32,345.82,-0.02,5.8617,5.9482,126.3,0.0,1437.95, NAN, NAN, NAN, NAN,,2024/03/31 07:15:32.952,2024-03-31 07:15:32.952000+00:00
2024/03/31, 07:16:32.952, 41.524, -70.672, -0.40,24.68,107.51, 0.010, NAN,8.8, NAN,1004.1, NAN,0.0, NAN,102.0, NAN,311, NAN,5.3, NAN,48.3, NAN, 5.3, NAN, 335.7, NAN,1006.2,-5.24,345.99,-0.02,5.8617,5.9493,126.3,0.0,1437.955, NAN, NAN, NAN, NAN,,2024/03/31 07:16:32.952,2024-03-31 07:16:32.952000+00:00
2024/03/31, 07:17:32.952, 41.524, -70.672, -0.15,24.65,319.14, 0.000, NAN,8.8, NAN,1004.1, NAN,0.0, NAN,102.0, NAN,308, NAN,5.2, NAN,48.4, NAN, 5.2, NAN, 332.6, NAN,1006.2,-5.33,345.74,-0.02,5.8616,5.9516,126.3,0.0,1437.965, NAN, NAN, NAN, NAN,,2024/03/31 07:17:32.952,2024-03-31 07:17:32.952000+00:00
2024/03/31, 07:18:32.952, 41.524, -70.672, -0.03,24.66,204.83, 0.010, NAN,8.7, NAN,1004.1, NAN,0.0, NAN,102.0, NAN,309, NAN,6.9, NAN,50.7, NAN, 6.9, NAN, 333.6, NAN,1006.2,-5.44,346.07,-0.02,5.8617,5.9528,126.6,0.0,1437.97, NAN, NAN, NAN, NAN,,2024/03/31 07:18:32.952,2024-03-31 07:18:32.952000+00:00
2024/03/31, 07:19:32.952, 41.524, -70.672, -0.16,24.66,185.2, 0.000, NAN,8.6, NAN,1003.9, NAN,0.0, NAN,102.0, NAN,310, NAN,5.9, NAN,50.4, NAN, 5.9, NAN, 334.7, NAN,1006.0,-5.43,345.86,-0.02,5.8618,5.9529,126.3,0.0,1437.971, NAN, NAN, NAN, NAN,,2024/03/31 07:19:32.952,2024-03-31 07:19:32.952000+00:00
2024/03/31, 07:20:32.952, 41.524, -70.672, 0.00,24.69,45.6, 0.010, NAN,8.6, NAN,1004.1, NAN,0.0, NAN,102.0, NAN,305, NAN,6.1, NAN,52.0, NAN, 6.1, NAN, 329.7, NAN,1006.2,-5.4,345.64,-0.02,5.8617,5.9536,126.3,0.0,1437.974, NAN, NAN, NAN, NAN,,2024/03/31 07:20:32.952,2024-03-31 07:20:32.952000+00:00
2024/03/31, 07:21:32.953, 41.524, -70.672, -0.26,24.67,23.83, 0.010, NAN,8.5, NAN,1004.1, NAN,0.0, NAN,102.0, NAN,319, NAN,4.8, NAN,53.4, NAN, 4.8, NAN, 343.6, NAN,1006.2,-5.46,345.62,-0.02,5.8618,5.9562,126.0,0.0,1437.985, NAN, NAN, NAN, NAN,,2024/03/31 07:21:32.953,2024-03-31 07:21:32.953000+00:00
2024/03/31, 07:22:32.953, 41.524, -70.672, -0.06,24.62,311.5, 0.010, NAN,8.5, NAN,1004.1, NAN,0.0, NAN,102.0, NAN,313, NAN,5.7, NAN,53.9, NAN, 5.7, NAN, 337.7, NAN,1006.2,-5.55,345.62,-0.02,5.8618,5.9577,126.0,0.0,1437.991, NAN, NAN, NAN, NAN,,2024/03/31 07:22:32.953,2024-03-31 07:22:32.953000+00:00
2024/03/31, 07:23:32.953, 41.524, -70.672, -0.13,24.66,302.63, 0.000, NAN,8.5, NAN,1004.1, NAN,0.0, NAN,102.0, NAN,317, NAN,5.8, NAN,54.0, NAN, 5.8, NAN, 341.7, NAN,1006.2,-5.55,346.0,-0.02,5.8618,5.9583,126.3,0.0,1437.994, NAN, NAN, NAN, NAN,,2024/03/31 07:23:32.953,2024-03-31 07:23:32.953000+00:00
2024/03/31, 07:24:32.953, 41.524, -70.672, -0.13,24.76,308.19, 0.000, NAN,8.4, NAN,1004.1, NAN,0.0, NAN,102.0, NAN,314, NAN,5.1, NAN,53.9, NAN, 5.1, NAN, 338.8, NAN,1006.2,-5.68,345.74,-0.02,5.8618,5.9587,126.3,0.0,1437.996, NAN, NAN, NAN, NAN,,2024/03/31 07:24:32.953,2024-03-31 07:24:32.953000+00:00
2024/03/31, 07:25:32.953, 41.524, -70.672, -0.20,24.65,250.59, 0.000, NAN,8.3, NAN,1004.0, NAN,0.0, NAN,102.0, NAN,311, NAN,5.1, NAN,54.3, NAN, 5.1, NAN, 335.6, NAN,1006.1,-5.57,345.63,-0.02,5.8618,5.9597,126.3,0.0,1438.0, NAN, NAN, NAN, NAN,,2024/03/31 07:25:32.953,2024-03-31 07:25:32.953000+00:00
2024/03/31, 07:26:32.953, 41.524, -70.672, -0.11,24.76,178.16, 0.000, NAN,8.3, NAN,1004.0, NAN,0.0, NAN,102.0, NAN,299, NAN,3.6, NAN,53.9, NAN, 3.6, NAN, 323.8, NAN,1006.1,-5.63,345.8,-0.02,5.8618,5.9607,126.0,0.0,1438.004, NAN, NAN, NAN, NAN,,2024/03/31 07:26:32.953,2024-03-31 07:26:32.953000+00:00
2024/03/31, 07:27:32.953, 41.524, -70.672, -0.09,24.73,316.26, 0.000, NAN,8.3, NAN,1004.0, NAN,0.0, NAN,102.0, NAN,305, NAN,5.0, NAN,53.0, NAN, 5.0, NAN, 329.7, NAN,1006.1,-5.52,345.65,-0.02,5.8618,5.9624,126.6,0.0,1438.012, NAN, NAN, NAN, NAN,,2024/03/31 07:27:32.953,2024-03-31 07:27:32.953000+00:00
2024/03/31, 07:28:32.953, 41.524, -70.672, -0.23,24.65,149.11, 0.010, NAN,8.3, NAN,1003.9, NAN,0.0, NAN,102.0, NAN,321, NAN,3.7, NAN,52.1, NAN, 3.7, NAN, 345.7, NAN,1006.0,-5.55,345.72,-0.02,5.8618,5.9643,126.6,0.0,1438.02, NAN, NAN, NAN, NAN,,2024/03/31 07:28:32.953,2024-03-31 07:28:32.953000+00:00
2024/03/31, 07:29:32.953, 41.524, -70.672, -0.19,24.67,310.38, 0.000, NAN,8.4, NAN,1003.9, NAN,0.0, NAN,102.0, NAN,317, NAN,4.2, NAN,53.1, NAN, 4.2, NAN, 341.7, NAN,1006.0,-5.48,345.68,-0.02,5.8618,5.9652,126.3,0.0,1438.024, NAN, NAN, NAN, NAN,,2024/03/31 07:29:32.953,2024-03-31 07:29:32.953000+00:00
2024/03/31, 07:30:32.953, 41.524, -70.672, -0.07,24.75,86.69, 0.010, NAN,8.4, NAN,1003.9, NAN,0.0, NAN,102.0, NAN,321, NAN,5.4, NAN,53.2, NAN, 5.4, NAN, 345.7, NAN,1006.0,-5.6,345.48,-0.02,5.8618,5.9653,126.6,0.0,1438.024, NAN, NAN, NAN, NAN,,2024/03/31 07:30:32.953,2024-03-31 07:30:32.953000+00:00
2024/03/31, 07:31:32.953, 41.524, -70.672, -0.18,24.68,164.64, 0.000, NAN,8.4, NAN,1003.8, NAN,0.0, NAN,102.0, NAN,305, NAN,3.1, NAN,52.1, NAN, 3.1, NAN, 329.7, NAN,1005.9,-5.62,345.39,-0.02,5.8618,5.9652,126.3,0.0,1438.024, NAN, NAN, NAN, NAN,,2024/03/31 07:31:32.953,2024-03-31 07:31:32.953000+00:00
2024/03/31, 07:32:32.953, 41.524, -70.672, -0.18,24.79,46.63, 0.010, NAN,8.4, NAN,1003.9, NAN,0.0, NAN,102.0, NAN,326, NAN,4.7, NAN,53.0, NAN, 4.7, NAN, 350.8, NAN,1006.0,-5.58,345.92,-0.02,5.8618,5.9637,126.0,0.0,1438.017, NAN, NAN, NAN, NAN,,2024/03/31 07:32:32.953,2024-03-31 07:32:32.953000+00:00
2024/03/31, 07:33:32.953, 41.524, -70.672, -0.07,24.6,112.52, 0.010, NAN,8.4, NAN,1003.9, NAN,0.0, NAN,102.0, NAN,315, NAN,5.3, NAN,51.4, NAN, 5.3, NAN, 339.6, NAN,1006.0,-5.57,345.79,-0.02,5.8618,5.9636,126.0,0.0,1438.017, NAN, NAN, NAN, NAN,,2024/03/31 07:33:32.953,2024-03-31 07:33:32.953000+00:00
2024/03/31, 07:34:32.953, 41.524, -70.672, -0.06,24.69,108.88, 0.010, NAN,8.4, NAN,1003.9, NAN,0.0, NAN,102.0, NAN,319, NAN,4.7, NAN,52.2, NAN, 4.7, NAN, 343.6, NAN,1006.0,-5.49,345.5,-0.02,5.8617,5.9633,126.0,0.0,1438.015, NAN, NAN, NAN, NAN,,2024/03/31 07:34:32.953,2024-03-31 07:34:32.953000+00:00
2024/03/31, 07:35:32.953, 41.524, -70.672, -0.09,24.7,294.88, 0.000, NAN,8.4, NAN,1003.9, NAN,0.0, NAN,102.0, NAN,333, NAN,2.8, NAN,53.5, NAN, 2.8, NAN, 357.7, NAN,1006.0,-5.67,345.45,-0.02,5.8618,5.9626,126.6,0.0,1438.013, NAN, NAN, NAN, NAN,,2024/03/31 07:35:32.953,2024-03-31 07:35:32.953000+00:00
2024/03/31, 07:36:32.953, 41.524, -70.672, -0.13,24.66,309.92, 0.000, NAN,8.4, NAN,1003.9, NAN,0.0, NAN,102.0, NAN,324, NAN,5.5, NAN,54.1, NAN, 5.5, NAN, 348.7, NAN,1006.0,-5.61,345.25,-0.02,5.8618,5.9621,126.0,0.0,1438.01, NAN, NAN, NAN, NAN,,2024/03/31 07:36:32.953,2024-03-31 07:36:32.953000+00:00
2024/03/31, 07:37:32.953, 41.524, -70.672, -0.11,24.72,215.05, 0.000, NAN,8.3, NAN,1003.9, NAN,0.0, NAN,102.0, NAN,336, NAN,3.5, NAN,54.9, NAN, 3.5, NAN, 0.7, NAN,1006.0,-5.67,345.65,-0.02,5.8618,5.9622,126.6,0.0,1438.011, NAN, NAN, NAN, NAN,,2024/03/31 07:37:32.953,2024-03-31 07:37:32.953000+00:00
2024/03/31, 07:38:32.954, 41.524, -70.672, -0.13,24.75,88.27, 0.000, NAN,8.3, NAN,1003.9, NAN,0.0, NAN,102.0, NAN,334, NAN,3.6, NAN,55.1, NAN, 3.6, NAN, 358.8, NAN,1006.0,-5.7,345.9,-0.02,5.8618,5.9634,126.3,0.0,1438.016, NAN, NAN, NAN, NAN,,2024/03/31 07:38:32.954,2024-03-31 07:38:32.954000+00:00
2024/03/31, 07:39:32.954, 41.524, -70.672, -0.03,24.8,32.77, 0.000, NAN,8.2, NAN,1003.8, NAN,0.0, NAN,102.0, NAN,336, NAN,3.6, NAN,54.6, NAN, 3.6, NAN, 0.8, NAN,1005.9,-5.62,345.68,-0.02,5.8618,5.9643,126.0,0.0,1438.02, NAN, NAN, NAN, NAN,,2024/03/31 07:39:32.954,2024-03-31 07:39:32.954000+00:00
2024/03/31, 07:40:32.954, 41.524, -70.672, 0.08,24.76,336.55, 0.010, NAN,8.2, NAN,1003.8, NAN,0.0, NAN,102.0, NAN,325, NAN,4.5, NAN,54.8, NAN, 4.5, NAN, 349.8, NAN,1005.9,-5.67,346.22,-0.02,5.8618,5.966,126.3,0.0,1438.027, NAN, NAN, NAN, NAN,,2024/03/31 07:40:32.954,2024-03-31 07:40:32.954000+00:00
2024/03/31, 07:41:32.954, 41.524, -70.672, 0.13,24.93,201.61, 0.000, NAN,8.2, NAN,1003.8, NAN,0.0, NAN,102.0, NAN,335, NAN,2.9, NAN,54.7, NAN, 2.9, NAN, 359.9, NAN,1005.9,-5.61,345.62,-0.02,5.8617,5.9673,126.0,0.0,1438.033, NAN, NAN, NAN, NAN,,2024/03/31 07:41:32.954,2024-03-31 07:41:32.954000+00:00
2024/03/31, 07:42:32.954, 41.524, -70.672, -0.13,24.85,211.88, 0.010, NAN,8.1, NAN,1003.8, NAN,0.0, NAN,102.0, NAN,331, NAN,4.0, NAN,56.4, NAN, 4.0, NAN, 355.9, NAN,1005.9,-5.59,346.3,-0.02,5.8617,5.968,126.3,0.0,1438.036, NAN, NAN, NAN, NAN,,2024/03/31 07:42:32.954,2024-03-31 07:42:32.954000+00:00
2024/03/31, 07:43:32.954, 41.524, -70.672, -0.27,24.8,291.72, 0.010, NAN,8.1, NAN,1003.8, NAN,0.0, NAN,102.0, NAN,327, NAN,4.5, NAN,54.1, NAN, 4.5, NAN, 351.8, NAN,1005.9,-5.72,346.27,-0.02,5.8617,5.9684,126.0,0.0,1438.037, NAN, NAN, NAN, NAN,,2024/03/31 07:43:32.954,2024-03-31 07:43:32.954000+00:00
2024/03/31, 07:44:32.954, 41.524, -70.672, 0.04,24.89,349.69, 0.010, NAN,8.1, NAN,1003.9, NAN,0.0, NAN,102.0, NAN,331, NAN,3.6, NAN,54.8, NAN, 3.6, NAN, 356.0, NAN,1006.0,-5.55,346.57,-0.02,5.8617,5.9685,126.3,0.0,1438.038, NAN, NAN, NAN, NAN,,2024/03/31 07:44:32.954,2024-03-31 07:44:32.954000+00:00
2024/03/31, 07:45:32.954, 41.524, -70.672, 0.01,24.93,248.8, 0.000, NAN,8.1, NAN,1003.9, NAN,0.0, NAN,102.0, NAN,321, NAN,5.6, NAN,55.2, NAN, 5.6, NAN, 345.9, NAN,1006.0,-5.59,346.68,-0.02,5.8617,5.9695,126.0,0.0,1438.042, NAN, NAN, NAN, NAN,,2024/03/31 07:45:32.954,2024-03-31 07:45:32.954000+00:00
2024/03/31, 07:46:32.954, 41.524, -70.672, -0.04,24.83,256.59, 0.010, NAN,8.1, NAN,1004.0, NAN,0.0, NAN,102.0, NAN,336, NAN,4.0, NAN,53.6, NAN, 4.0, NAN, 0.9, NAN,1006.1,-5.55,346.66,-0.02,5.8618,5.9713,126.6,0.0,1438.05, NAN, NAN, NAN, NAN,,2024/03/31 07:46:32.954,2024-03-31 07:46:32.954000+00:00
2024/03/31, 07:47:32.954, 41.524, -70.672, -0.06,24.82,196.18, 0.010, NAN,8.1, NAN,1004.0, NAN,0.0, NAN,102.0, NAN,323, NAN,3.2, NAN,54.4, NAN, 3.2, NAN, 347.8, NAN,1006.1,-5.53,346.6,-0.02,5.8617,5.973,126.3,0.0,1438.057, NAN, NAN, NAN, NAN,,2024/03/31 07:47:32.954,2024-03-31 07:47:32.954000+00:00
2024/03/31, 07:48:32.954, 41.524, -70.672, -0.11,24.66,237.58, 0.000, NAN,8.1, NAN,1004.1, NAN,0.0, NAN,102.0, NAN,327, NAN,2.6, NAN,54.8, NAN, 2.6, NAN, 351.7, NAN,1006.2,-5.54,346.05,-0.02,5.8618,5.9747,125.7,0.0,1438.065, NAN, NAN, NAN, NAN,,2024/03/31 07:48:32.954,2024-03-31 07:48:32.954000+00:00
2024/03/31, 07:49:32.954, 41.524, -70.672, -0.06,24.82,201.72, 0.000, NAN,8.1, NAN,1004.1, NAN,0.0, NAN,102.0, NAN,326, NAN,3.3, NAN,56.0, NAN, 3.3, NAN, 350.8, NAN,1006.2,-5.52,346.27,-0.01,5.8617,5.9763,126.0,0.0,1438.072, NAN, NAN, NAN, NAN,,2024/03/31 07:49:32.954,2024-03-31 07:49:32.954000+00:00
2024/03/31, 07:50:32.954, 41.524, -70.672, -0.22,24.91,121.2, 0.010, NAN,8.1, NAN,1004.1, NAN,0.0, NAN,102.0, NAN,330, NAN,4.3, NAN,57.1, NAN, 4.3, NAN, 354.9, NAN,1006.2,-5.7,346.2,-0.02,5.8618,5.9772,126.3,0.0,1438.076, NAN, NAN, NAN, NAN,,2024/03/31 07:50:32.954,2024-03-31 07:50:32.954000+00:00
2024/03/31, 07:51:32.954, 41.524, -70.672, -0.11,24.87,220.09, 0.010, NAN,8.0, NAN,1003.9, NAN,0.0, NAN,102.0, NAN,339, NAN,4.0, NAN,58.7, NAN, 4.0, NAN, 3.9, NAN,1006.0,-5.79,346.29,-0.02,5.8617,5.9786,126.3,0.0,1438.081, NAN, NAN, NAN, NAN,,2024/03/31 07:51:32.954,2024-03-31 07:51:32.954000+00:00
2024/03/31, 07:52:32.954, 41.524, -70.672, -0.05,25.07,24.07, 0.010, NAN,8.0, NAN,1003.9, NAN,0.0, NAN,102.0, NAN,329, NAN,5.5, NAN,59.6, NAN, 5.5, NAN, 354.1, NAN,1006.0,-5.9,346.67,-0.02,5.8617,5.9794,126.0,0.0,1438.085, NAN, NAN, NAN, NAN,,2024/03/31 07:52:32.954,2024-03-31 07:52:32.954000+00:00
2024/03/31, 07:53:32.955, 41.524, -70.672, -0.04,24.96,187.45, 0.010, NAN,7.9, NAN,1003.9, NAN,0.0, NAN,102.0, NAN,349, NAN,2.5, NAN,58.2, NAN, 2.5, NAN, 14.0, NAN,1006.0,-5.76,347.29,-0.02,5.8617,5.981,125.7,0.0,1438.092, NAN, NAN, NAN, NAN,,2024/03/31 07:53:32.955,2024-03-31 07:53:32.955000+00:00
2024/03/31, 07:54:32.955, 41.524, -70.672, -0.05,24.8,176.37, 0.010, NAN,7.9, NAN,1003.9, NAN,0.0, NAN,102.0, NAN,345, NAN,2.4, NAN,57.6, NAN, 2.4, NAN, 9.8, NAN,1006.0,-5.77,346.92,-0.02,5.8617,5.983,126.3,0.0,1438.1, NAN, NAN, NAN, NAN,,2024/03/31 07:54:32.955,2024-03-31 07:54:32.955000+00:00
2024/03/31, 07:55:32.955, 41.524, -70.672, -0.16,24.87,44.69, 0.010, NAN,7.9, NAN,1003.9, NAN,0.0, NAN,102.0, NAN,347, NAN,2.4, NAN,59.1, NAN, 2.4, NAN, 12.0, NAN,1006.0,-5.74,347.12,-0.02,5.8617,5.9841,126.3,0.0,1438.105, NAN, NAN, NAN, NAN,,2024/03/31 07:55:32.955,2024-03-31 07:55:32.955000+00:00
2024/03/31, 07:56:32.955, 41.524, -70.672, -0.11,24.61,341.87, 0.010, NAN,7.9, NAN,1003.9, NAN,0.0, NAN,102.0, NAN,20, NAN,2.7, NAN,59.4, NAN, 2.7, NAN, 44.7, NAN,1006.0,-5.64,346.93,-0.02,5.8616,5.9865,126.3,0.0,1438.115, NAN, NAN, NAN, NAN,,2024/03/31 07:56:32.955,2024-03-31 07:56:32.955000+00:00
2024/03/31, 07:57:32.955, 41.524, -70.672, -0.04,24.29,183.93, 0.010, NAN,7.8, NAN,1003.9, NAN,0.0, NAN,102.0, NAN,342, NAN,1.9, NAN,60.5, NAN, 1.9, NAN, 6.4, NAN,1006.0,-5.7,346.82,-0.01,5.8617,5.9887,126.6,0.0,1438.125, NAN, NAN, NAN, NAN,,2024/03/31 07:57:32.955,2024-03-31 07:57:32.955000+00:00
2024/03/31, 07:58:32.955, 41.524, -70.672, -0.18,24.27,155.93, 0.010, NAN,7.8, NAN,1003.9, NAN,0.0, NAN,102.0, NAN,12, NAN,1.6, NAN,60.2, NAN, 1.6, NAN, 36.1, NAN,1006.0,-5.79,347.02,-0.02,5.8617,5.9907,126.0,0.0,1438.134, NAN, NAN, NAN, NAN,,2024/03/31 07:58:32.955,2024-03-31 07:58:32.955000+00:00
2024/03/31, 07:59:32.955, 41.524, -70.672, -0.08,24.93,9.55, 0.010, NAN,7.7, NAN,1003.9, NAN,0.0, NAN,102.0, NAN,346, NAN,2.1, NAN,59.9, NAN, 2.1, NAN, 10.9, NAN,1006.0,-5.79,347.25,-0.02,5.8617,5.9928,126.3,0.0,1438.143, NAN, NAN, NAN, NAN,,2024/03/31 07:59:32.955,2024-03-31 07:59:32.955000+00:00
2024/03/31, 08:00:32.955, 41.524, -70.672, -0.09,25.12,30.07, 0.010, NAN,7.7, NAN,1004.1, NAN,0.0, NAN,102.0, NAN,330, NAN,3.1, NAN,59.4, NAN, 3.1, NAN, 355.0, NAN,1006.2,-5.84,347.53,-0.02,5.8616,5.994,126.6,0.0,1438.148, NAN, NAN, NAN, NAN,,2024/03/31 08:00:32.955,2024-03-31 08:00:32.955000+00:00
2024/03/31, 08:01:32.955, 41.524, -70.672, -0.14,24.58,290.98, 0.000, NAN,7.7, NAN,1004.1, NAN,0.0, NAN,102.0, NAN,333, NAN,3.6, NAN,58.4, NAN, 3.6, NAN, 357.6, NAN,1006.2,-5.67,347.67,-0.02,5.8617,5.9949,126.3,0.0,1438.152, NAN, NAN, NAN, NAN,,2024/03/31 08:01:32.955,2024-03-31 08:01:32.955000+00:00
2024/03/31, 08:02:32.955, 41.524, -70.672, -0.17,24.58,323.72, 0.000, NAN,7.7, NAN,1004.1, NAN,0.0, NAN,102.0, NAN,346, NAN,2.8, NAN,56.9, NAN, 2.8, NAN, 10.6, NAN,1006.2,-5.68,348.46,-0.01,5.8616,5.9957,125.7,0.0,1438.155, NAN, NAN, NAN, NAN,,2024/03/31 08:02:32.955,2024-03-31 08:02:32.955000+00:00
2024/03/31, 08:03:32.955, 41.524, -70.672, -0.21,24.72,74.89, 0.010, NAN,7.8, NAN,1004.1, NAN,0.0, NAN,102.0, NAN,342, NAN,2.1, NAN,56.0, NAN, 2.1, NAN, 6.6, NAN,1006.2,-5.51,348.66,-0.02,5.8616,5.9969,126.6,0.0,1438.16, NAN, NAN, NAN, NAN,,2024/03/31 08:03:32.955,2024-03-31 08:03:32.955000+00:00
2024/03/31, 08:04:32.955, 41.524, -70.672, -0.06,24.75,9.29, 0.000, NAN,7.8, NAN,1004.3, NAN,0.0, NAN,102.0, NAN,348, NAN,2.3, NAN,56.1, NAN, 2.3, NAN, 12.8, NAN,1006.4,-5.51,348.99,-0.02,5.8616,5.9974,126.3,0.0,1438.162, NAN, NAN, NAN, NAN,,2024/03/31 08:04:32.955,2024-03-31 08:04:32.955000+00:00
2024/03/31, 08:05:32.955, 41.524, -70.672, -0.07,24.64,199.74, 0.000, NAN,7.9, NAN,1004.3, NAN,0.0, NAN,102.0, NAN,343, NAN,2.0, NAN,55.2, NAN, 2.0, NAN, 7.6, NAN,1006.4,-5.44,348.85,-0.02,5.8617,5.9966,126.3,0.0,1438.159, NAN, NAN, NAN, NAN,,2024/03/31 08:05:32.955,2024-03-31 08:05:32.955000+00:00
2024/03/31, 08:06:32.955, 41.524, -70.672, -0.15,24.62,43.24, 0.000, NAN,7.9, NAN,1004.3, NAN,0.0, NAN,102.0, NAN,344, NAN,2.6, NAN,55.3, NAN, 2.6, NAN, 8.6, NAN,1006.4,-5.4,348.89,-0.02,5.8616,5.9965,126.0,0.0,1438.158, NAN, NAN, NAN, NAN,,2024/03/31 08:06:32.955,2024-03-31 08:06:32.955000+00:00
2024/03/31, 08:07:32.955, 41.524, -70.672, -0.35,24.42,282.99, 0.000, NAN,7.9, NAN,1004.3, NAN,0.0, NAN,102.0, NAN,9, NAN,1.6, NAN,55.8, NAN, 1.6, NAN, 33.4, NAN,1006.4,-5.37,349.21,-0.02,5.8616,5.9959,126.3,0.0,1438.156, NAN, NAN, NAN, NAN,,2024/03/31 08:07:32.955,2024-03-31 08:07:32.955000+00:00
2024/03/31, 08:08:32.955, 41.524, -70.672, -0.25,24.31,239.77, 0.000, NAN,7.9, NAN,1004.3, NAN,0.0, NAN,102.0, NAN,27, NAN,2.6, NAN,55.8, NAN, 2.6, NAN, 51.3, NAN,1006.4,-5.46,349.58,-0.02,5.8616,5.9965,126.6,0.0,1438.158, NAN, NAN, NAN, NAN,,2024/03/31 08:08:32.955,2024-03-31 08:08:32.955000+00:00
2024/03/31, 08:09:32.955, 41.524, -70.672, -0.05,24.53,323.29, 0.000, NAN,7.9, NAN,1004.3, NAN,0.0, NAN,102.0, NAN,339, NAN,2.2, NAN,55.3, NAN, 2.2, NAN, 3.5, NAN,1006.4,-5.51,349.52,-0.02,5.8615,5.9973,126.0,0.0,1438.162, NAN, NAN, NAN, NAN,,2024/03/31 08:09:32.955,2024-03-31 08:09:32.955000+00:00
2024/03/31, 08:10:32.956, 41.524, -70.672, -0.10,24.58,88.52, 0.000, NAN,7.9, NAN,1004.3, NAN,0.0, NAN,102.0, NAN,323, NAN,3.5, NAN,54.8, NAN, 3.5, NAN, 347.6, NAN,1006.4,-5.44,349.21,-0.02,5.8615,5.9975,126.3,0.0,1438.163, NAN, NAN, NAN, NAN,,2024/03/31 08:10:32.956,2024-03-31 08:10:32.956000+00:00
2024/03/31, 08:11:32.956, 41.524, -70.672, -0.19,24.36,145.34, 0.010, NAN,7.9, NAN,1004.4, NAN,0.0, NAN,102.0, NAN,321, NAN,3.2, NAN,55.3, NAN, 3.2, NAN, 345.3, NAN,1006.5,-5.53,349.12,-0.02,5.8615,5.997,126.0,0.0,1438.16, NAN, NAN, NAN, NAN,,2024/03/31 08:11:32.956,2024-03-31 08:11:32.956000+00:00
2024/03/31, 08:12:32.956, 41.524, -70.672, -0.13,24.67,160.53, 0.000, NAN,7.9, NAN,1004.4, NAN,0.0, NAN,102.0, NAN,317, NAN,3.6, NAN,55.0, NAN, 3.6, NAN, 341.7, NAN,1006.5,-5.48,349.17,-0.02,5.8615,5.9967,126.0,0.0,1438.159, NAN, NAN, NAN, NAN,,2024/03/31 08:12:32.956,2024-03-31 08:12:32.956000+00:00
2024/03/31, 08:13:32.956, 41.524, -70.672, 0.01,24.56,247.96, 0.010, NAN,7.9, NAN,1004.5, NAN,0.0, NAN,102.0, NAN,314, NAN,3.4, NAN,55.1, NAN, 3.4, NAN, 338.6, NAN,1006.6,-5.49,349.16,-0.02,5.8616,5.9958,126.0,0.0,1438.155, NAN, NAN, NAN, NAN,,2024/03/31 08:13:32.956,2024-03-31 08:13:32.956000+00:00
2024/03/31, 08:14:32.956, 41.524, -70.672, 0.01,24.51,262.8, 0.010, NAN,7.9, NAN,1004.6, NAN,0.0, NAN,102.0, NAN,316, NAN,3.4, NAN,56.2, NAN, 3.4, NAN, 340.5, NAN,1006.7,-5.48,349.31,-0.02,5.8616,5.9941,126.3,0.0,1438.148, NAN, NAN, NAN, NAN,,2024/03/31 08:14:32.956,2024-03-31 08:14:32.956000+00:00
2024/03/31, 08:15:32.956, 41.524, -70.672, -0.12,24.63,276.18, 0.000, NAN,7.9, NAN,1004.7, NAN,0.0, NAN,102.0, NAN,308, NAN,3.9, NAN,56.7, NAN, 3.9, NAN, 332.6, NAN,1006.8,-5.51,348.81,-0.02,5.8615,5.9918,126.6,0.0,1438.138, NAN, NAN, NAN, NAN,,2024/03/31 08:15:32.956,2024-03-31 08:15:32.956000+00:00
2024/03/31, 08:16:32.956, 41.524, -70.672, -0.09,24.57,323.31, 0.010, NAN,7.9, NAN,1004.8, NAN,0.0, NAN,102.0, NAN,301, NAN,4.3, NAN,57.9, NAN, 4.3, NAN, 325.5, NAN,1006.9,-5.52,347.75,-0.01,5.8615,5.9904,125.7,0.0,1438.132, NAN, NAN, NAN, NAN,,2024/03/31 08:16:32.956,2024-03-31 08:16:32.956000+00:00
2024/03/31, 08:17:32.956, 41.524, -70.672, -0.04,24.59,303.82, 0.010, NAN,7.9, NAN,1004.9, NAN,0.0, NAN,102.0, NAN,304, NAN,4.7, NAN,63.8, NAN, 4.7, NAN, 328.6, NAN,1007.0,-5.64,347.61,-0.02,5.8615,5.9907,126.3,0.0,1438.133, NAN, NAN, NAN, NAN,,2024/03/31 08:17:32.956,2024-03-31 08:17:32.956000+00:00
2024/03/31, 08:18:32.956, 41.524, -70.672, -0.06,24.59,109.1, 0.000, NAN,7.7, NAN,1004.9, NAN,0.0, NAN,102.0, NAN,299, NAN,4.7, NAN,64.2, NAN, 4.7, NAN, 323.6, NAN,1007.0,-5.82,347.36,-0.02,5.8615,5.9913,125.7,0.0,1438.136, NAN, NAN, NAN, NAN,,2024/03/31 08:18:32.956,2024-03-31 08:18:32.956000+00:00
2024/03/31, 08:19:32.956, 41.524, -70.672, -0.11,24.6,339.28, 0.000, NAN,7.6, NAN,1005.0, NAN,0.0, NAN,102.0, NAN,304, NAN,4.3, NAN,66.0, NAN, 4.3, NAN, 328.6, NAN,1007.1,-5.9,347.57,-0.02,5.8615,5.9914,126.0,0.0,1438.136, NAN, NAN, NAN, NAN,,2024/03/31 08:19:32.956,2024-03-31 08:19:32.956000+00:00
2024/03/31, 08:20:32.956, 41.524, -70.672, -0.06,24.64,259.84, 0.010, NAN,7.5, NAN,1005.0, NAN,0.0, NAN,102.0, NAN,298, NAN,4.8, NAN,66.0, NAN, 4.8, NAN, 322.6, NAN,1007.1,-5.92,348.27,-0.02,5.8615,5.9915,126.3,0.0,1438.137, NAN, NAN, NAN, NAN,,2024/03/31 08:20:32.956,2024-03-31 08:20:32.956000+00:00
2024/03/31, 08:21:32.956, 41.524, -70.672, -0.05,24.57,229.27, 0.010, NAN,7.4, NAN,1005.1, NAN,0.0, NAN,102.0, NAN,296, NAN,4.9, NAN,63.7, NAN, 4.9, NAN, 320.6, NAN,1007.2,-5.89,349.48,-0.02,5.8615,5.9903,126.3,0.0,1438.132, NAN, NAN, NAN, NAN,,2024/03/31 08:21:32.956,2024-03-31 08:21:32.956000+00:00
2024/03/31, 08:22:32.956, 41.524, -70.672, 0.05,24.51,94.52, 0.010, NAN,7.4, NAN,1005.1, NAN,0.0, NAN,102.0, NAN,298, NAN,4.4, NAN,60.3, NAN, 4.4, NAN, 322.6, NAN,1007.2,-5.66,349.73,-0.02,5.8615,5.9891,126.0,0.0,1438.126, NAN, NAN, NAN, NAN,,2024/03/31 08:22:32.956,2024-03-31 08:22:32.956000+00:00
2024/03/31, 08:23:32.956, 41.524, -70.672, -0.22,24.76,288.38, 0.000, NAN,7.5, NAN,1005.1, NAN,0.0, NAN,102.0, NAN,296, NAN,4.8, NAN,59.2, NAN, 4.8, NAN, 320.8, NAN,1007.2,-5.44,350.48,-0.02,5.8615,5.9876,126.6,0.0,1438.12, NAN, NAN, NAN, NAN,,2024/03/31 08:23:32.956,2024-03-31 08:23:32.956000+00:00
2024/03/31, 08:24:32.956, 41.524, -70.672, -0.03,24.62,11.37, 0.010, NAN,7.6, NAN,1005.2, NAN,0.0, NAN,102.0, NAN,302, NAN,5.1, NAN,55.6, NAN, 5.1, NAN, 326.6, NAN,1007.3,-5.37,350.44,-0.01,5.8614,5.9855,126.3,0.0,1438.111, NAN, NAN, NAN, NAN,,2024/03/31 08:24:32.956,2024-03-31 08:24:32.956000+00:00
2024/03/31, 08:25:32.956, 41.524, -70.672, -0.04,24.55,274.76, 0.010, NAN,7.7, NAN,1005.2, NAN,0.0, NAN,102.0, NAN,302, NAN,4.9, NAN,55.2, NAN, 4.9, NAN, 326.6, NAN,1007.3,-5.21,350.04,-0.02,5.8615,5.984,126.3,0.0,1438.104, NAN, NAN, NAN, NAN,,2024/03/31 08:25:32.956,2024-03-31 08:25:32.956000+00:00
2024/03/31, 08:26:32.957, 41.524, -70.672, -0.08,24.8,169.48, 0.010, NAN,7.8, NAN,1005.3, NAN,0.0, NAN,102.0, NAN,290, NAN,5.3, NAN,54.1, NAN, 5.3, NAN, 314.8, NAN,1007.4,-5.19,350.21,-0.02,5.8615,5.9838,126.3,0.0,1438.104, NAN, NAN, NAN, NAN,,2024/03/31 08:26:32.957,2024-03-31 08:26:32.957000+00:00
2024/03/31, 08:27:32.957, 41.524, -70.672, 0.13,24.58,201.66, 0.010, NAN,7.9, NAN,1005.2, NAN,0.0, NAN,102.0, NAN,275, NAN,5.2, NAN,52.1, NAN, 5.2, NAN, 299.6, NAN,1007.3,-5.07,349.86,-0.02,5.8614,5.9844,126.6,0.0,1438.106, NAN, NAN, NAN, NAN,,2024/03/31 08:27:32.957,2024-03-31 08:27:32.957000+00:00
2024/03/31, 08:28:32.957, 41.524, -70.672, -0.21,24.54,339.23, 0.010, NAN,8.0, NAN,1005.3, NAN,0.0, NAN,102.0, NAN,279, NAN,5.4, NAN,53.4, NAN, 5.4, NAN, 303.5, NAN,1007.4,-5.18,349.79,-0.02,5.8614,5.9848,126.3,0.0,1438.108, NAN, NAN, NAN, NAN,,2024/03/31 08:28:32.957,2024-03-31 08:28:32.957000+00:00
2024/03/31, 08:29:32.957, 41.524, -70.672, 0.00,24.67,124.85, 0.000, NAN,8.0, NAN,1005.2, NAN,0.0, NAN,102.0, NAN,288, NAN,5.6, NAN,55.5, NAN, 5.6, NAN, 312.7, NAN,1007.3,-5.14,349.26,-0.02,5.8614,5.9858,126.0,0.0,1438.112, NAN, NAN, NAN, NAN,,2024/03/31 08:29:32.957,2024-03-31 08:29:32.957000+00:00
2024/03/31, 08:30:32.957, 41.524, -70.672, -0.04,24.59,97.96, 0.000, NAN,7.9, NAN,1005.2, NAN,0.0, NAN,102.0, NAN,298, NAN,4.9, NAN,54.6, NAN, 4.9, NAN, 322.6, NAN,1007.3,-5.3,349.13,-0.02,5.8614,5.9867,126.6,0.0,1438.116, NAN, NAN, NAN, NAN,,2024/03/31 08:30:32.957,2024-03-31 08:30:32.957000+00:00
2024/03/31, 08:31:32.957, 41.524, -70.672, -0.01,24.6,150.26, 0.010, NAN,7.9, NAN,1005.2, NAN,0.0, NAN,102.0, NAN,279, NAN,4.9, NAN,54.3, NAN, 4.9, NAN, 303.6, NAN,1007.3,-5.37,349.45,-0.02,5.8614,5.9875,126.3,0.0,1438.119, NAN, NAN, NAN, NAN,,2024/03/31 08:31:32.957,2024-03-31 08:31:32.957000+00:00
2024/03/31, 08:32:32.957, 41.524, -70.672, 0.03,24.62,195.68, 0.010, NAN,7.9, NAN,1005.2, NAN,0.0, NAN,102.0, NAN,290, NAN,5.0, NAN,52.5, NAN, 5.0, NAN, 314.7, NAN,1007.3,-5.34,350.02,-0.02,5.8615,5.9881,126.3,0.0,1438.122, NAN, NAN, NAN, NAN,,2024/03/31 08:32:32.957,2024-03-31 08:32:32.957000+00:00
2024/03/31, 08:33:32.957, 41.524, -70.672, -0.34,24.52,153.58, 0.010, NAN,8.0, NAN,1005.2, NAN,0.0, NAN,102.0, NAN,288, NAN,4.9, NAN,51.2, NAN, 4.9, NAN, 312.5, NAN,1007.3,-5.38,350.4,-0.02,5.8614,5.9875,126.0,0.0,1438.119, NAN, NAN, NAN, NAN,,2024/03/31 08:33:32.957,2024-03-31 08:33:32.957000+00:00
2024/03/31, 08:34:32.957, 41.524, -70.672, -0.16,24.56,280.76, 0.010, NAN,8.0, NAN,1005.1, NAN,0.0, NAN,102.0, NAN,309, NAN,5.1, NAN,50.9, NAN, 5.1, NAN, 333.6, NAN,1007.2,-5.31,350.67,-0.02,5.8614,5.9868,126.3,0.0,1438.116, NAN, NAN, NAN, NAN,,2024/03/31 08:34:32.957,2024-03-31 08:34:32.957000+00:00
2024/03/31, 08:35:32.957, 41.524, -70.672, -0.10,24.58,152.53, 0.020, NAN,8.1, NAN,1005.1, NAN,0.0, NAN,102.0, NAN,293, NAN,5.9, NAN,47.4, NAN, 5.9, NAN, 317.6, NAN,1007.2,-5.28,350.82,-0.02,5.8613,5.9869,126.3,0.0,1438.117, NAN, NAN, NAN, NAN,,2024/03/31 08:35:32.957,2024-03-31 08:35:32.957000+00:00
2024/03/31, 08:36:32.957, 41.524, -70.672, -0.11,24.47,185.07, 0.010, NAN,8.3, NAN,1005.1, NAN,0.0, NAN,102.0, NAN,318, NAN,4.9, NAN,46.3, NAN, 4.9, NAN, 342.5, NAN,1007.2,-4.87,349.76,-0.02,5.8615,5.9869,126.3,0.0,1438.117, NAN, NAN, NAN, NAN,,2024/03/31 08:36:32.957,2024-03-31 08:36:32.957000+00:00
2024/03/31, 08:37:32.957, 41.524, -70.672, -0.23,24.58,340.35, 0.000, NAN,8.4, NAN,1005.1, NAN,0.0, NAN,102.0, NAN,319, NAN,4.7, NAN,47.2, NAN, 4.7, NAN, 343.6, NAN,1007.2,-4.87,349.26,-0.01,5.8614,5.9874,126.0,0.0,1438.119, NAN, NAN, NAN, NAN,,2024/03/31 08:37:32.957,2024-03-31 08:37:32.957000+00:00
2024/03/31, 08:38:32.957, 41.524, -70.672, 0.02,24.62,99.05, 0.010, NAN,8.4, NAN,1005.2, NAN,0.0, NAN,102.0, NAN,298, NAN,6.3, NAN,48.8, NAN, 6.3, NAN, 322.6, NAN,1007.3,-5.08,348.58,-0.02,5.8613,5.9875,126.3,0.0,1438.119, NAN, NAN, NAN, NAN,,2024/03/31 08:38:32.957,2024-03-31 08:38:32.957000+00:00
2024/03/31, 08:39:32.957, 41.524, -70.672, -0.05,24.57,234.59, 0.010, NAN,8.4, NAN,1005.1, NAN,0.0, NAN,102.0, NAN,312, NAN,5.8, NAN,50.0, NAN, 5.8, NAN, 336.6, NAN,1007.2,-5.27,348.36,-0.02,5.8613,5.9869,126.0,0.0,1438.117, NAN, NAN, NAN, NAN,,2024/03/31 08:39:32.957,2024-03-31 08:39:32.957000+00:00
2024/03/31, 08:40:32.957, 41.524, -70.672, -0.19,24.65,21.15, 0.010, NAN,8.3, NAN,1005.2, NAN,0.0, NAN,102.0, NAN,312, NAN,6.3, NAN,50.9, NAN, 6.3, NAN, 336.6, NAN,1007.3,-5.37,348.61,-0.02,5.8614,5.9864,125.7,0.0,1438.115, NAN, NAN, NAN, NAN,,2024/03/31 08:40:32.957,2024-03-31 08:40:32.957000+00:00
2024/03/31, 08:41:32.957, 41.524, -70.672, -0.07,24.67,273.71, 0.000, NAN,8.3, NAN,1005.1, NAN,0.0, NAN,102.0, NAN,305, NAN,6.1, NAN,50.1, NAN, 6.1, NAN, 329.7, NAN,1007.2,-5.42,348.7,-0.02,5.8613,5.9841,126.0,0.0,1438.105, NAN, NAN, NAN, NAN,,2024/03/31 08:41:32.957,2024-03-31 08:41:32.957000+00:00
2024/03/31, 08:42:32.958, 41.524, -70.672, -0.02,24.58,7.64, 0.010, NAN,8.2, NAN,1005.1, NAN,0.0, NAN,102.0, NAN,313, NAN,5.7, NAN,50.5, NAN, 5.7, NAN, 337.6, NAN,1007.2,-5.49,348.75,-0.02,5.8614,5.9818,126.3,0.0,1438.095, NAN, NAN, NAN, NAN,,2024/03/31 08:42:32.958,2024-03-31 08:42:32.958000+00:00
2024/03/31, 08:43:32.958, 41.524, -70.672, -0.11,24.75,1.12, 0.000, NAN,8.2, NAN,1005.1, NAN,0.0, NAN,102.0, NAN,306, NAN,5.1, NAN,51.4, NAN, 5.1, NAN, 330.8, NAN,1007.2,-5.61,348.21,-0.02,5.8614,5.9793,126.3,0.0,1438.084, NAN, NAN, NAN, NAN,,2024/03/31 08:43:32.958,2024-03-31 08:43:32.958000+00:00
2024/03/31, 08:44:32.958, 41.524, -70.672, -0.19,24.67,266.66, 0.010, NAN,8.2, NAN,1005.2, NAN,0.0, NAN,102.0, NAN,308, NAN,5.0, NAN,52.0, NAN, 5.0, NAN, 332.7, NAN,1007.3,-5.76,346.38,-0.02,5.8613,5.9766,126.3,0.0,1438.072, NAN, NAN, NAN, NAN,,2024/03/31 08:44:32.958,2024-03-31 08:44:32.958000+00:00
2024/03/31, 08:45:32.958, 41.524, -70.672, 0.04,24.51,330.35, 0.000, NAN,8.1, NAN,1005.2, NAN,0.0, NAN,102.0, NAN,324, NAN,5.3, NAN,52.5, NAN, 5.3, NAN, 348.5, NAN,1007.3,-5.76,344.07,-0.02,5.8613,5.9752,126.3,0.0,1438.066, NAN, NAN, NAN, NAN,,2024/03/31 08:45:32.958,2024-03-31 08:45:32.958000+00:00
2024/03/31, 08:46:32.958, 41.524, -70.672, -0.09,24.65,221.48, 0.000, NAN,8.1, NAN,1005.2, NAN,0.0, NAN,102.0, NAN,316, NAN,5.3, NAN,50.5, NAN, 5.3, NAN, 340.6, NAN,1007.3,-5.77,341.23,-0.02,5.8612,5.9742,126.0,0.0,1438.062, NAN, NAN, NAN, NAN,,2024/03/31 08:46:32.958,2024-03-31 08:46:32.958000+00:00
2024/03/31, 08:47:32.958, 41.524, -70.672, 0.08,24.49,35.65, 0.010, NAN,8.1, NAN,1005.2, NAN,0.0, NAN,102.0, NAN,326, NAN,2.6, NAN,50.7, NAN, 2.6, NAN, 350.4, NAN,1007.3,-5.78,338.41,-0.02,5.8612,5.9728,126.3,0.0,1438.056, NAN, NAN, NAN, NAN,,2024/03/31 08:47:32.958,2024-03-31 08:47:32.958000+00:00
2024/03/31, 08:48:32.958, 41.524, -70.672, 0.04,24.58,202.69, 0.010, NAN,8.1, NAN,1005.2, NAN,0.0, NAN,102.0, NAN,315, NAN,3.9, NAN,50.6, NAN, 3.9, NAN, 339.6, NAN,1007.3,-5.7,336.13,-0.02,5.8613,5.9732,126.3,0.0,1438.058, NAN, NAN, NAN, NAN,,2024/03/31 08:48:32.958,2024-03-31 08:48:32.958000+00:00
2024/03/31, 08:49:32.958, 41.524, -70.672, 0.01,24.6,4.63, 0.010, NAN,8.1, NAN,1005.2, NAN,0.0, NAN,102.0, NAN,319, NAN,4.6, NAN,50.8, NAN, 4.6, NAN, 343.6, NAN,1007.3,-5.7,334.52,-0.02,5.8612,5.9731,126.0,0.0,1438.057, NAN, NAN, NAN, NAN,,2024/03/31 08:49:32.958,2024-03-31 08:49:32.958000+00:00
2024/03/31, 08:50:32.958, 41.524, -70.672, -0.27,24.59,245.42, 0.000, NAN,8.1, NAN,1005.2, NAN,0.0, NAN,102.0, NAN,314, NAN,3.1, NAN,51.5, NAN, 3.1, NAN, 338.6, NAN,1007.3,-5.76,333.55,-0.02,5.8613,5.9707,126.0,0.0,1438.047, NAN, NAN, NAN, NAN,,2024/03/31 08:50:32.958,2024-03-31 08:50:32.958000+00:00
2024/03/31, 08:51:32.958, 41.524, -70.672, -0.27,24.59,226.8, 0.010, NAN,8.1, NAN,1005.2, NAN,0.0, NAN,102.0, NAN,306, NAN,5.2, NAN,52.5, NAN, 5.2, NAN, 330.6, NAN,1007.3,-5.86,332.81,-0.02,5.8613,5.9698,126.3,0.0,1438.043, NAN, NAN, NAN, NAN,,2024/03/31 08:51:32.958,2024-03-31 08:51:32.958000+00:00
2024/03/31, 08:52:32.958, 41.524, -70.672, -0.05,24.64,25.45, 0.000, NAN,8.1, NAN,1005.2, NAN,0.0, NAN,102.0, NAN,314, NAN,4.6, NAN,52.9, NAN, 4.6, NAN, 338.6, NAN,1007.3,-5.91,332.12,-0.02,5.8612,5.9686,125.4,0.0,1438.038, NAN, NAN, NAN, NAN,,2024/03/31 08:52:32.958,2024-03-31 08:52:32.958000+00:00
2024/03/31, 08:53:32.958, 41.524, -70.672, -0.11,24.56,290.07, 0.010, NAN,8.0, NAN,1005.2, NAN,0.0, NAN,102.0, NAN,316, NAN,5.3, NAN,54.3, NAN, 5.3, NAN, 340.6, NAN,1007.3,-5.95,331.64,-0.02,5.8612,5.9683,126.3,0.0,1438.036, NAN, NAN, NAN, NAN,,2024/03/31 08:53:32.958,2024-03-31 08:53:32.958000+00:00
2024/03/31, 08:54:32.958, 41.524, -70.672, -0.20,24.63,158.32, 0.000, NAN,8.0, NAN,1005.2, NAN,0.0, NAN,102.0, NAN,309, NAN,6.0, NAN,54.2, NAN, 6.0, NAN, 333.6, NAN,1007.3,-6.01,329.95,-0.02,5.8612,5.9678,126.0,0.0,1438.034, NAN, NAN, NAN, NAN,,2024/03/31 08:54:32.958,2024-03-31 08:54:32.958000+00:00
2024/03/31, 08:55:32.958, 41.524, -70.672, -0.07,24.54,7.08, 0.010, NAN,8.0, NAN,1005.2, NAN,0.0, NAN,102.0, NAN,309, NAN,3.5, NAN,54.6, NAN, 3.5, NAN, 333.5, NAN,1007.3,-6.02,327.39,-0.02,5.8613,5.9682,126.3,0.0,1438.036, NAN, NAN, NAN, NAN,,2024/03/31 08:55:32.958,2024-03-31 08:55:32.958000+00:00
2024/03/31, 08:56:32.958, 41.524, -70.672, -0.06,24.53,42.48, 0.010, NAN,8.0, NAN,1005.2, NAN,0.0, NAN,102.0, NAN,305, NAN,3.9, NAN,54.9, NAN, 3.9, NAN, 329.5, NAN,1007.3,-6.15,325.05,-0.02,5.8612,5.9694,126.0,0.0,1438.041, NAN, NAN, NAN, NAN,,2024/03/31 08:56:32.958,2024-03-31 08:56:32.958000+00:00
2024/03/31, 08:57:32.958, 41.524, -70.672, -0.05,24.5,146.22, 0.010, NAN,7.9, NAN,1005.2, NAN,0.0, NAN,102.0, NAN,307, NAN,2.8, NAN,56.1, NAN, 2.8, NAN, 331.5, NAN,1007.3,-6.33,323.52,-0.02,5.8613,5.9698,125.1,0.0,1438.043, NAN, NAN, NAN, NAN,,2024/03/31 08:57:32.958,2024-03-31 08:57:32.958000+00:00
2024/03/31, 08:58:32.959, 41.524, -70.672, 0.00,24.52,144.71, 0.000, NAN,7.9, NAN,1005.1, NAN,0.0, NAN,102.0, NAN,308, NAN,3.4, NAN,56.3, NAN, 3.4, NAN, 332.5, NAN,1007.2,-6.47,323.46,-0.03,5.8613,5.9696,126.3,0.0,1438.042, NAN, NAN, NAN, NAN,,2024/03/31 08:58:32.959,2024-03-31 08:58:32.959000+00:00
2024/03/31, 08:59:32.959, 41.524, -70.672, -0.23,24.56,280.44, 0.000, NAN,7.8, NAN,1005.2, NAN,0.0, NAN,102.0, NAN,317, NAN,3.0, NAN,57.0, NAN, 3.0, NAN, 341.6, NAN,1007.3,-6.62,323.72,-0.02,5.8612,5.9704,126.0,0.0,1438.045, NAN, NAN, NAN, NAN,,2024/03/31 08:59:32.959,2024-03-31 08:59:32.959000+00:00
2024/03/31, 09:00:32.959, 41.524, -70.672, -0.05,24.53,170.75, 0.010, NAN,7.8, NAN,1005.2, NAN,0.0, NAN,102.0, NAN,318, NAN,4.6, NAN,57.3, NAN, 4.6, NAN, 342.5, NAN,1007.3,-6.72,323.87,-0.02,5.8612,5.9718,126.3,0.0,1438.052, NAN, NAN, NAN, NAN,,2024/03/31 09:00:32.959,2024-03-31 09:00:32.959000+00:00
2024/03/31, 09:01:32.959, 41.524, -70.672, -0.16,24.52,17.69, 0.010, NAN,7.8, NAN,1005.2, NAN,0.0, NAN,102.0, NAN,314, NAN,4.6, NAN,57.2, NAN, 4.6, NAN, 338.5, NAN,1007.3,-6.68,324.36,-0.02,5.8613,5.9733,126.0,0.0,1438.058, NAN, NAN, NAN, NAN,,2024/03/31 09:01:32.959,2024-03-31 09:01:32.959000+00:00
2024/03/31, 09:02:32.959, 41.524, -70.672, 0.04,24.49,229.3, 0.000, NAN,7.8, NAN,1005.1, NAN,0.0, NAN,102.0, NAN,314, NAN,5.0, NAN,57.4, NAN, 5.0, NAN, 338.5, NAN,1007.2,-6.59,324.68,-0.02,5.8612,5.9756,126.3,0.0,1438.068, NAN, NAN, NAN, NAN,,2024/03/31 09:02:32.959,2024-03-31 09:02:32.959000+00:00
2024/03/31, 09:03:32.959, 41.524, -70.672, -0.11,24.61,226.96, 0.010, NAN,7.8, NAN,1005.1, NAN,0.0, NAN,102.0, NAN,319, NAN,4.1, NAN,57.8, NAN, 4.1, NAN, 343.7, NAN,1007.2,-6.48,324.44,-0.02,5.8612,5.978,126.0,0.0,1438.078, NAN, NAN, NAN, NAN,,2024/03/31 09:03:32.959,2024-03-31 09:03:32.959000+00:00
2024/03/31, 09:04:32.959, 41.524, -70.672, 0.04,24.51,141.75, 0.010, NAN,7.8, NAN,1005.0, NAN,0.0, NAN,102.0, NAN,317, NAN,4.4, NAN,57.7, NAN, 4.4, NAN, 341.5, NAN,1007.1,-6.4,324.5,-0.02,5.8612,5.9801,126.3,0.0,1438.087, NAN, NAN, NAN, NAN,,2024/03/31 09:04:32.959,2024-03-31 09:04:32.959000+00:00
2024/03/31, 09:05:32.959, 41.524, -70.672, -0.01,24.55,105.8, 0.000, NAN,7.8, NAN,1005.1, NAN,0.0, NAN,102.0, NAN,310, NAN,3.2, NAN,57.9, NAN, 3.2, NAN, 334.6, NAN,1007.2,-6.34,324.12,-0.02,5.8612,5.9821,126.3,0.0,1438.096, NAN, NAN, NAN, NAN,,2024/03/31 09:05:32.959,2024-03-31 09:05:32.959000+00:00
2024/03/31, 09:06:32.959, 41.524, -70.672, 0.04,24.58,312.2, 0.000, NAN,7.8, NAN,1005.0, NAN,0.0, NAN,102.0, NAN,316, NAN,4.0, NAN,58.7, NAN, 4.0, NAN, 340.6, NAN,1007.1,-6.38,324.5,-0.03,5.8612,5.9833,126.0,0.0,1438.101, NAN, NAN, NAN, NAN,,2024/03/31 09:06:32.959,2024-03-31 09:06:32.959000+00:00
2024/03/31, 09:07:32.959, 41.524, -70.672, -0.03,24.59,241.02, 0.000, NAN,7.8, NAN,1005.1, NAN,0.0, NAN,102.0, NAN,311, NAN,4.1, NAN,58.6, NAN, 4.1, NAN, 335.6, NAN,1007.2,-6.39,325.88,-0.02,5.8612,5.9844,126.0,0.0,1438.106, NAN, NAN, NAN, NAN,,2024/03/31 09:07:32.959,2024-03-31 09:07:32.959000+00:00
2024/03/31, 09:08:32.959, 41.524, -70.672, 0.01,24.54,228.45, 0.010, NAN,7.8, NAN,1005.1, NAN,0.0, NAN,102.0, NAN,308, NAN,4.9, NAN,58.4, NAN, 4.9, NAN, 332.6, NAN,1007.2,-6.24,327.58,-0.02,5.8613,5.9846,126.6,0.0,1438.107, NAN, NAN, NAN, NAN,,2024/03/31 09:08:32.959,2024-03-31 09:08:32.959000+00:00
2024/03/31, 09:09:32.959, 41.524, -70.672, -0.01,24.52,226.48, 0.000, NAN,7.7, NAN,1005.1, NAN,0.0, NAN,102.0, NAN,302, NAN,4.9, NAN,59.6, NAN, 4.9, NAN, 326.5, NAN,1007.2,-6.23,329.27,-0.02,5.8611,5.9847,126.3,0.0,1438.107, NAN, NAN, NAN, NAN,,2024/03/31 09:09:32.959,2024-03-31 09:09:32.959000+00:00
2024/03/31, 09:10:32.959, 41.524, -70.672, -0.03,24.63,259.71, 0.010, NAN,7.7, NAN,1005.1, NAN,0.0, NAN,102.0, NAN,308, NAN,4.8, NAN,59.4, NAN, 4.8, NAN, 332.7, NAN,1007.2,-6.17,330.68,-0.02,5.8612,5.9851,126.6,0.0,1438.109, NAN, NAN, NAN, NAN,,2024/03/31 09:10:32.959,2024-03-31 09:10:32.959000+00:00
2024/03/31, 09:11:32.959, 41.524, -70.672, -0.13,24.62,225.79, 0.010, NAN,7.7, NAN,1005.1, NAN,0.0, NAN,102.0, NAN,310, NAN,4.4, NAN,60.3, NAN, 4.4, NAN, 334.6, NAN,1007.2,-6.14,331.74,-0.03,5.8612,5.9848,125.7,0.0,1438.108, NAN, NAN, NAN, NAN,,2024/03/31 09:11:32.959,2024-03-31 09:11:32.959000+00:00
2024/03/31, 09:12:32.959, 41.524, -70.672, -0.16,24.59,166.88, 0.000, NAN,7.7, NAN,1005.1, NAN,0.0, NAN,102.0, NAN,313, NAN,4.8, NAN,59.8, NAN, 4.8, NAN, 337.6, NAN,1007.2,-6.06,333.33,-0.02,5.8612,5.9851,126.6,0.0,1438.109, NAN, NAN, NAN, NAN,,2024/03/31 09:12:32.959,2024-03-31 09:12:32.959000+00:00
2024/03/31, 09:13:32.959, 41.524, -70.672, -0.07,24.64,159.8, 0.000, NAN,7.7, NAN,1005.1, NAN,0.0, NAN,102.0, NAN,308, NAN,3.6, NAN,59.9, NAN, 3.6, NAN, 332.6, NAN,1007.2,-5.97,334.74,-0.02,5.8612,5.9864,126.3,0.0,1438.114, NAN, NAN, NAN, NAN,,2024/03/31 09:13:32.959,2024-03-31 09:13:32.959000+00:00
2024/03/31, 09:14:32.959, 41.524, -70.672, -0.04,24.58,261.72, 0.000, NAN,7.6, NAN,1005.1, NAN,0.0, NAN,102.0, NAN,318, NAN,5.0, NAN,59.6, NAN, 5.0, NAN, 342.6, NAN,1007.2,-5.91,336.77,-0.02,5.8612,5.9872,126.3,0.0,1438.118, NAN, NAN, NAN, NAN,,2024/03/31 09:14:32.959,2024-03-31 09:14:32.959000+00:00
2024/03/31, 09:15:32.960, 41.524, -70.672, -0.03,24.59,223.14, 0.000, NAN,7.6, NAN,1005.1, NAN,0.0, NAN,102.0, NAN,319, NAN,4.8, NAN,58.8, NAN, 4.8, NAN, 343.6, NAN,1007.2,-5.75,337.26,-0.02,5.8612,5.9873,126.3,0.0,1438.118, NAN, NAN, NAN, NAN,,2024/03/31 09:15:32.960,2024-03-31 09:15:32.960000+00:00
2024/03/31, 09:16:32.960, 41.524, -70.672, -0.10,24.54,238.73, 0.010, NAN,7.7, NAN,1005.0, NAN,0.0, NAN,102.0, NAN,318, NAN,5.1, NAN,57.4, NAN, 5.1, NAN, 342.6, NAN,1007.1,-5.7,336.29,-0.03,5.8612,5.9886,126.3,0.0,1438.124, NAN, NAN, NAN, NAN,,2024/03/31 09:16:32.960,2024-03-31 09:16:32.960000+00:00
2024/03/31, 09:17:32.960, 41.524, -70.672, -0.03,24.56,295.95, 0.000, NAN,7.7, NAN,1004.9, NAN,0.0, NAN,102.0, NAN,320, NAN,3.0, NAN,56.3, NAN, 3.0, NAN, 344.6, NAN,1007.0,-5.61,333.56,-0.02,5.8612,5.9901,126.3,0.0,1438.13, NAN, NAN, NAN, NAN,,2024/03/31 09:17:32.960,2024-03-31 09:17:32.960000+00:00
2024/03/31, 09:18:32.960, 41.524, -70.672, 0.08,24.6,163.31, 0.010, NAN,7.8, NAN,1004.9, NAN,0.0, NAN,102.0, NAN,327, NAN,3.4, NAN,56.8, NAN, 3.4, NAN, 351.6, NAN,1007.0,-5.54,330.67,-0.02,5.8612,5.9886,126.0,0.0,1438.124, NAN, NAN, NAN, NAN,,2024/03/31 09:18:32.960,2024-03-31 09:18:32.960000+00:00
2024/03/31, 09:19:32.960, 41.524, -70.672, -0.16,24.53,304.26, 0.010, NAN,7.8, NAN,1004.9, NAN,0.0, NAN,102.0, NAN,325, NAN,3.8, NAN,57.3, NAN, 3.8, NAN, 349.5, NAN,1007.0,-5.74,327.64,-0.02,5.8612,5.9808,126.3,0.0,1438.09, NAN, NAN, NAN, NAN,,2024/03/31 09:19:32.960,2024-03-31 09:19:32.960000+00:00
2024/03/31, 09:20:32.960, 41.524, -70.672, -0.11,24.58,305.79, 0.010, NAN,7.8, NAN,1004.9, NAN,0.0, NAN,102.0, NAN,342, NAN,1.8, NAN,57.3, NAN, 1.8, NAN, 6.5, NAN,1007.0,-5.88,325.59,-0.02,5.8611,5.9764,126.6,0.0,1438.071, NAN, NAN, NAN, NAN,,2024/03/31 09:20:32.960,2024-03-31 09:20:32.960000+00:00
2024/03/31, 09:21:32.960, 41.524, -70.672, 0.04,24.47,243.66, 0.010, NAN,7.8, NAN,1004.9, NAN,0.0, NAN,102.0, NAN,336, NAN,1.7, NAN,57.3, NAN, 1.7, NAN, 0.6, NAN,1007.0,-5.99,324.33,-0.02,5.8612,5.9713,126.3,0.0,1438.049, NAN, NAN, NAN, NAN,,2024/03/31 09:21:32.960,2024-03-31 09:21:32.960000+00:00
2024/03/31, 09:22:32.960, 41.524, -70.672, -0.09,24.54,305.79, 0.010, NAN,7.8, NAN,1004.9, NAN,0.0, NAN,102.0, NAN,332, NAN,2.1, NAN,57.9, NAN, 2.1, NAN, 356.5, NAN,1007.0,-6.15,323.72,-0.02,5.8612,5.9695,126.3,0.0,1438.042, NAN, NAN, NAN, NAN,,2024/03/31 09:22:32.960,2024-03-31 09:22:32.960000+00:00
2024/03/31, 09:23:32.960, 41.524, -70.672, 0.03,24.56,280.58, 0.010, NAN,7.8, NAN,1004.9, NAN,0.0, NAN,102.0, NAN,347, NAN,1.9, NAN,57.4, NAN, 1.9, NAN, 11.7, NAN,1007.0,-6.24,321.52,-0.02,5.8612,5.9655,126.3,0.0,1438.024, NAN, NAN, NAN, NAN,,2024/03/31 09:23:32.960,2024-03-31 09:23:32.960000+00:00
2024/03/31, 09:24:32.960, 41.524, -70.672, -0.15,24.42,86.14, 0.000, NAN,7.8, NAN,1004.8, NAN,0.0, NAN,102.0, NAN,331, NAN,2.4, NAN,57.2, NAN, 2.4, NAN, 355.4, NAN,1006.9,-6.26,318.76,-0.02,5.8611,5.9612,126.0,0.0,1438.006, NAN, NAN, NAN, NAN,,2024/03/31 09:24:32.960,2024-03-31 09:24:32.960000+00:00
2024/03/31, 09:25:32.960, 41.524, -70.672, -0.08,24.56,246.79, 0.010, NAN,7.7, NAN,1004.8, NAN,0.0, NAN,102.0, NAN,341, NAN,2.2, NAN,58.8, NAN, 2.2, NAN, 5.7, NAN,1006.9,-6.35,316.73,-0.02,5.8611,5.9599,126.0,0.0,1438.0, NAN, NAN, NAN, NAN,,2024/03/31 09:25:32.960,2024-03-31 09:25:32.960000+00:00
2024/03/31, 09:26:32.960, 41.524, -70.672, 0.14,24.44,34.12, 0.000, NAN,7.7, NAN,1004.8, NAN,0.0, NAN,102.0, NAN,358, NAN,1.1, NAN,59.8, NAN, 1.1, NAN, 22.4, NAN,1006.9,-6.49,314.23,-0.01,5.8611,5.9586,126.0,0.0,1437.994, NAN, NAN, NAN, NAN,,2024/03/31 09:26:32.960,2024-03-31 09:26:32.960000+00:00
2024/03/31, 09:27:32.960, 41.524, -70.672, 0.00,24.5,147.77, 0.000, NAN,7.6, NAN,1004.8, NAN,0.0, NAN,102.0, NAN,358, NAN,1.9, NAN,59.7, NAN, 1.9, NAN, 22.5, NAN,1006.9,-6.63,310.92,-0.02,5.8612,5.957,125.7,0.0,1437.988, NAN, NAN, NAN, NAN,,2024/03/31 09:27:32.960,2024-03-31 09:27:32.960000+00:00
2024/03/31, 09:28:32.960, 41.524, -70.672, -0.02,24.5,181.76, 0.000, NAN,7.6, NAN,1004.8, NAN,0.0, NAN,102.0, NAN,342, NAN,1.9, NAN,60.1, NAN, 1.9, NAN, 6.5, NAN,1006.9,-6.76,306.12,-0.02,5.8611,5.9544,126.6,0.0,1437.976, NAN, NAN, NAN, NAN,,2024/03/31 09:28:32.960,2024-03-31 09:28:32.960000+00:00
2024/03/31, 09:29:32.960, 41.524, -70.672, -0.14,24.58,302.61, 0.010, NAN,7.6, NAN,1004.8, NAN,0.0, NAN,102.0, NAN,348, NAN,1.1, NAN,60.8, NAN, 1.1, NAN, 12.8, NAN,1006.9,-6.98,302.09,-0.02,5.8612,5.9541,126.3,0.0,1437.975, NAN, NAN, NAN, NAN,,2024/03/31 09:29:32.960,2024-03-31 09:29:32.960000+00:00
2024/03/31, 09:30:32.960, 41.524, -70.672, -0.13,24.49,242.35, 0.010, NAN,7.5, NAN,1004.8, NAN,0.0, NAN,102.0, NAN,341, NAN,2.4, NAN,61.1, NAN, 2.4, NAN, 5.5, NAN,1006.9,-7.22,298.51,-0.02,5.8612,5.9546,125.7,0.0,1437.977, NAN, NAN, NAN, NAN,,2024/03/31 09:30:32.960,2024-03-31 09:30:32.960000+00:00
2024/03/31, 09:31:32.961, 41.524, -70.672, -0.04,24.58,30.66, 0.000, NAN,7.5, NAN,1004.8, NAN,0.0, NAN,102.0, NAN,17, NAN,2.9, NAN,61.7, NAN, 2.9, NAN, 41.6, NAN,1006.9,-7.24,295.38,-0.03,5.8611,5.9521,126.0,0.0,1437.966, NAN, NAN, NAN, NAN,,2024/03/31 09:31:32.961,2024-03-31 09:31:32.961000+00:00
2024/03/31, 09:32:32.961, 41.524, -70.672, -0.09,24.62,313.47, 0.000, NAN,7.4, NAN,1004.8, NAN,0.0, NAN,102.0, NAN,348, NAN,2.1, NAN,62.0, NAN, 2.1, NAN, 12.6, NAN,1006.9,-7.37,292.87,-0.02,5.8611,5.9484,126.3,0.0,1437.95, NAN, NAN, NAN, NAN,,2024/03/31 09:32:32.961,2024-03-31 09:32:32.961000+00:00
2024/03/31, 09:33:32.961, 41.524, -70.672, -0.12,24.49,325.1, 0.000, NAN,7.4, NAN,1004.8, NAN,0.0, NAN,102.0, NAN,321, NAN,1.4, NAN,62.1, NAN, 1.4, NAN, 345.5, NAN,1006.9,-7.32,290.79,-0.02,5.8612,5.9457,125.7,0.0,1437.939, NAN, NAN, NAN, NAN,,2024/03/31 09:33:32.961,2024-03-31 09:33:32.961000+00:00
2024/03/31, 09:34:32.961, 41.524, -70.672, -0.01,24.53,208.27, 0.010, NAN,7.4, NAN,1004.8, NAN,0.0, NAN,102.0, NAN,344, NAN,2.3, NAN,62.1, NAN, 2.3, NAN, 8.6, NAN,1006.9,-7.4,290.31,-0.02,5.8611,5.945,126.0,0.0,1437.936, NAN, NAN, NAN, NAN,,2024/03/31 09:34:32.961,2024-03-31 09:34:32.961000+00:00
2024/03/31, 09:35:32.961, 41.524, -70.672, 0.03,24.36,168.23, 0.000, NAN,7.3, NAN,1004.8, NAN,0.0, NAN,102.0, NAN,3, NAN,2.2, NAN,62.1, NAN, 2.2, NAN, 27.4, NAN,1006.9,-7.39,290.26,-0.02,5.8611,5.9428,126.3,0.0,1437.926, NAN, NAN, NAN, NAN,,2024/03/31 09:35:32.961,2024-03-31 09:35:32.961000+00:00
2024/03/31, 09:36:32.961, 41.524, -70.672, -0.04,24.23,312.0, 0.010, NAN,7.3, NAN,1004.9, NAN,0.0, NAN,102.0, NAN,37, NAN,1.4, NAN,61.8, NAN, 1.4, NAN, 61.4, NAN,1007.0,-7.41,288.92,-0.02,5.8612,5.9398,126.0,0.0,1437.914, NAN, NAN, NAN, NAN,,2024/03/31 09:36:32.961,2024-03-31 09:36:32.961000+00:00
2024/03/31, 09:37:32.961, 41.524, -70.672, 0.04,23.95,350.24, 0.010, NAN,7.3, NAN,1004.8, NAN,0.0, NAN,102.0, NAN,47, NAN,3.0, NAN,61.8, NAN, 3.0, NAN, 71.0, NAN,1006.9,-7.56,287.2,-0.02,5.8611,5.9386,126.6,0.0,1437.908, NAN, NAN, NAN, NAN,,2024/03/31 09:37:32.961,2024-03-31 09:37:32.961000+00:00
2024/03/31, 09:38:32.961, 41.524, -70.672, 0.00,24.24,321.67, 0.010, NAN,7.3, NAN,1004.9, NAN,0.0, NAN,102.0, NAN,25, NAN,3.1, NAN,61.5, NAN, 3.1, NAN, 49.3, NAN,1007.0,-7.56,285.52,-0.01,5.8611,5.938,125.7,0.0,1437.906, NAN, NAN, NAN, NAN,,2024/03/31 09:38:32.961,2024-03-31 09:38:32.961000+00:00
2024/03/31, 09:39:32.961, 41.524, -70.672, -0.01,24.41,261.95, 0.000, NAN,7.2, NAN,1004.8, NAN,0.0, NAN,102.0, NAN,9, NAN,1.9, NAN,60.2, NAN, 1.9, NAN, 33.4, NAN,1006.9,-7.54,285.06,-0.02,5.8611,5.9363,126.0,0.0,1437.898, NAN, NAN, NAN, NAN,,2024/03/31 09:39:32.961,2024-03-31 09:39:32.961000+00:00
2024/03/31, 09:40:32.961, 41.524, -70.672, -0.14,24.3,97.04, 0.010, NAN,7.2, NAN,1004.8, NAN,0.0, NAN,102.0, NAN,26, NAN,3.9, NAN,59.0, NAN, 3.9, NAN, 50.2, NAN,1006.9,-7.51,284.64,-0.02,5.8612,5.9344,125.7,0.0,1437.89, NAN, NAN, NAN, NAN,,2024/03/31 09:40:32.961,2024-03-31 09:40:32.961000+00:00
2024/03/31, 09:41:32.961, 41.524, -70.672, -0.06,24.29,74.99, 0.010, NAN,7.2, NAN,1004.7, NAN,0.0, NAN,102.0, NAN,37, NAN,3.9, NAN,58.5, NAN, 3.9, NAN, 61.3, NAN,1006.8,-7.52,284.07,-0.02,5.861,5.9314,126.0,0.0,1437.877, NAN, NAN, NAN, NAN,,2024/03/31 09:41:32.961,2024-03-31 09:41:32.961000+00:00
2024/03/31, 09:42:32.961, 41.524, -70.672, 0.11,24.36,203.17, 0.010, NAN,7.2, NAN,1004.8, NAN,0.0, NAN,102.0, NAN,30, NAN,3.2, NAN,56.9, NAN, 3.2, NAN, 54.3, NAN,1006.9,-7.49,282.48,-0.01,5.861,5.929,126.0,0.0,1437.867, NAN, NAN, NAN, NAN,,2024/03/31 09:42:32.961,2024-03-31 09:42:32.961000+00:00
2024/03/31, 09:43:32.961, 41.524, -70.672, 0.05,24.36,182.28, 0.010, NAN,7.2, NAN,1004.8, NAN,0.0, NAN,102.0, NAN,28, NAN,3.4, NAN,55.6, NAN, 3.4, NAN, 52.3, NAN,1006.9,-7.41,281.78,-0.02,5.861,5.9263,126.0,0.0,1437.855, NAN, NAN, NAN, NAN,,2024/03/31 09:43:32.961,2024-03-31 09:43:32.961000+00:00
2024/03/31, 09:44:32.961, 41.524, -70.672, -0.06,24.39,203.58, 0.000, NAN,7.2, NAN,1004.8, NAN,0.0, NAN,102.0, NAN,29, NAN,3.5, NAN,54.4, NAN, 3.5, NAN, 53.4, NAN,1006.9,-7.33,281.33,-0.02,5.861,5.924,126.0,0.0,1437.845, NAN, NAN, NAN, NAN,,2024/03/31 09:44:32.961,2024-03-31 09:44:32.961000+00:00
2024/03/31, 09:45:32.961, 41.524, -70.672, -0.04,24.37,157.86, 0.000, NAN,7.2, NAN,1004.8, NAN,0.0, NAN,102.0, NAN,41, NAN,3.3, NAN,53.9, NAN, 3.3, NAN, 65.4, NAN,1006.9,-7.38,281.34,-0.02,5.8611,5.9217,126.3,0.0,1437.835, NAN, NAN, NAN, NAN,,2024/03/31 09:45:32.961,2024-03-31 09:45:32.961000+00:00
2024/03/31, 09:46:32.961, 41.524, -70.672, -0.03,24.26,71.85, 0.010, NAN,7.2, NAN,1004.8, NAN,0.0, NAN,102.0, NAN,23, NAN,3.0, NAN,53.7, NAN, 3.0, NAN, 47.2, NAN,1006.9,-7.37,281.4,-0.02,5.8611,5.9203,126.0,0.0,1437.829, NAN, NAN, NAN, NAN,,2024/03/31 09:46:32.961,2024-03-31 09:46:32.961000+00:00
2024/03/31, 09:47:32.961, 41.524, -70.672, -0.05,24.33,227.94, 0.010, NAN,7.1, NAN,1004.8, NAN,0.0, NAN,102.0, NAN,46, NAN,3.9, NAN,53.1, NAN, 3.9, NAN, 70.4, NAN,1006.9,-7.4,281.3,-0.0,5.8611,5.9198,126.3,0.0,1437.827, NAN, NAN, NAN, NAN,,2024/03/31 09:47:32.961,2024-03-31 09:47:32.961000+00:00
2024/03/31, 09:48:32.961, 41.524, -70.672, 0.05,24.27,124.56, 0.010, NAN,7.1, NAN,1004.8, NAN,0.0, NAN,102.0, NAN,30, NAN,3.4, NAN,52.4, NAN, 3.4, NAN, 54.2, NAN,1006.9,-7.43,281.27,-0.0,5.8611,5.9198,126.0,0.0,1437.827, NAN, NAN, NAN, NAN,,2024/03/31 09:48:32.961,2024-03-31 09:48:32.961000+00:00
2024/03/31, 09:49:32.962, 41.524, -70.672, -0.06,24.23,324.99, 0.000, NAN,7.1, NAN,1004.8, NAN,0.0, NAN,102.0, NAN,353, NAN,1.4, NAN,52.5, NAN, 1.4, NAN, 17.2, NAN,1006.9,-7.38,281.96,0.0,5.8611,5.92,126.0,0.0,1437.828, NAN, NAN, NAN, NAN,,2024/03/31 09:49:32.962,2024-03-31 09:49:32.962000+00:00
2024/03/31, 09:50:32.962, 41.524, -70.672, -0.05,24.27,300.57, 0.010, NAN,7.0, NAN,1004.9, NAN,0.0, NAN,102.0, NAN,27, NAN,2.3, NAN,53.1, NAN, 2.3, NAN, 51.3, NAN,1007.0,-7.42,282.61,0.0,5.861,5.9218,126.3,0.0,1437.836, NAN, NAN, NAN, NAN,,2024/03/31 09:50:32.962,2024-03-31 09:50:32.962000+00:00
2024/03/31, 09:51:32.962, 41.524, -70.672, 0.01,24.22,358.55, 0.010, NAN,7.0, NAN,1004.9, NAN,0.0, NAN,102.0, NAN,25, NAN,2.3, NAN,52.9, NAN, 2.3, NAN, 49.3, NAN,1007.0,-7.5,282.53,0.01,5.8611,5.9238,126.3,0.0,1437.844, NAN, NAN, NAN, NAN,,2024/03/31 09:51:32.962,2024-03-31 09:51:32.962000+00:00
2024/03/31, 09:52:32.962, 41.524, -70.672, 0.13,24.25,51.93, 0.010, NAN,6.9, NAN,1004.9, NAN,0.0, NAN,102.0, NAN,30, NAN,2.7, NAN,53.0, NAN, 2.7, NAN, 54.3, NAN,1007.0,-7.6,282.43,0.02,5.8611,5.9249,126.3,0.0,1437.849, NAN, NAN, NAN, NAN,,2024/03/31 09:52:32.962,2024-03-31 09:52:32.962000+00:00
2024/03/31, 09:53:32.962, 41.524, -70.672, 0.04,24.22,202.06, 0.020, NAN,6.9, NAN,1004.9, NAN,0.0, NAN,102.0, NAN,8, NAN,1.5, NAN,52.8, NAN, 1.5, NAN, 32.3, NAN,1007.0,-7.64,282.32,0.02,5.8611,5.9254,126.0,0.0,1437.851, NAN, NAN, NAN, NAN,,2024/03/31 09:53:32.962,2024-03-31 09:53:32.962000+00:00
2024/03/31, 09:54:32.962, 41.524, -70.672, -0.08,24.13,346.86, 0.010, NAN,6.9, NAN,1004.8, NAN,0.0, NAN,102.0, NAN,38, NAN,4.3, NAN,52.4, NAN, 4.3, NAN, 62.2, NAN,1006.9,-7.51,282.47,0.04,5.861,5.926,126.0,0.0,1437.854, NAN, NAN, NAN, NAN,,2024/03/31 09:54:32.962,2024-03-31 09:54:32.962000+00:00
2024/03/31, 09:55:32.962, 41.524, -70.672, -0.10,24.36,340.84, 0.000, NAN,6.9, NAN,1004.8, NAN,0.0, NAN,102.0, NAN,21, NAN,4.2, NAN,52.8, NAN, 4.2, NAN, 45.4, NAN,1006.9,-7.47,283.14,0.05,5.861,5.9273,125.7,0.0,1437.859, NAN, NAN, NAN, NAN,,2024/03/31 09:55:32.962,2024-03-31 09:55:32.962000+00:00
2024/03/31, 09:56:32.962, 41.524, -70.672, 0.13,24.13,53.01, 0.010, NAN,6.8, NAN,1004.8, NAN,0.0, NAN,102.0, NAN,26, NAN,3.1, NAN,52.9, NAN, 3.1, NAN, 50.1, NAN,1006.9,-7.28,283.64,0.06,5.861,5.9291,126.3,0.0,1437.867, NAN, NAN, NAN, NAN,,2024/03/31 09:56:32.962,2024-03-31 09:56:32.962000+00:00
2024/03/31, 09:57:32.962, 41.524, -70.672, 0.02,23.87,304.38, 0.000, NAN,6.8, NAN,1004.8, NAN,0.0, NAN,102.0, NAN,28, NAN,3.6, NAN,52.7, NAN, 3.6, NAN, 51.9, NAN,1006.9,-7.33,283.86,0.08,5.8611,5.9313,126.3,0.0,1437.877, NAN, NAN, NAN, NAN,,2024/03/31 09:57:32.962,2024-03-31 09:57:32.962000+00:00
2024/03/31, 09:58:32.962, 41.524, -70.672, 0.05,23.83,155.63, 0.000, NAN,6.8, NAN,1004.8, NAN,0.0, NAN,102.0, NAN,22, NAN,3.8, NAN,53.0, NAN, 3.8, NAN, 45.8, NAN,1006.9,-7.34,283.98,0.1,5.861,5.9331,126.6,0.0,1437.884, NAN, NAN, NAN, NAN,,2024/03/31 09:58:32.962,2024-03-31 09:58:32.962000+00:00
2024/03/31, 09:59:32.962, 41.524, -70.672, -0.07,24.1,259.76, 0.010, NAN,6.7, NAN,1004.9, NAN,0.0, NAN,102.0, NAN,15, NAN,2.2, NAN,52.6, NAN, 2.2, NAN, 39.1, NAN,1007.0,-7.32,283.17,0.13,5.861,5.9349,126.0,0.0,1437.892, NAN, NAN, NAN, NAN,,2024/03/31 09:59:32.962,2024-03-31 09:59:32.962000+00:00
2024/03/31, 10:00:32.962, 41.524, -70.672, -0.05,23.93,135.96, 0.010, NAN,6.7, NAN,1004.9, NAN,0.0, NAN,102.0, NAN,25, NAN,3.2, NAN,53.0, NAN, 3.2, NAN, 48.8, NAN,1007.0,-7.33,282.37,0.16,5.861,5.9362,126.0,0.0,1437.898, NAN, NAN, NAN, NAN,,2024/03/31 10:00:32.962,2024-03-31 10:00:32.962000+00:00
2024/03/31, 10:01:32.962, 41.524, -70.672, 0.04,24.24,217.28, 0.010, NAN,6.7, NAN,1004.9, NAN,0.0, NAN,102.0, NAN,9, NAN,2.8, NAN,53.1, NAN, 2.8, NAN, 33.1, NAN,1007.0,-7.24,281.8,0.2,5.861,5.9353,126.6,0.0,1437.894, NAN, NAN, NAN, NAN,,2024/03/31 10:01:32.962,2024-03-31 10:01:32.962000+00:00
2024/03/31, 10:02:32.962, 41.524, -70.672, -0.07,24.51,321.28, 0.010, NAN,6.7, NAN,1005.0, NAN,0.0, NAN,102.0, NAN,35, NAN,2.7, NAN,52.5, NAN, 2.7, NAN, 59.6, NAN,1007.1,-7.06,281.12,0.26,5.861,5.9353,126.3,0.0,1437.894, NAN, NAN, NAN, NAN,,2024/03/31 10:02:32.962,2024-03-31 10:02:32.962000+00:00
2024/03/31, 10:03:32.962, 41.524, -70.672, 0.06,24.8,175.23, 0.010, NAN,6.7, NAN,1005.0, NAN,0.0, NAN,102.0, NAN,40, NAN,3.8, NAN,52.7, NAN, 3.8, NAN, 64.8, NAN,1007.1,-7.18,281.06,0.32,5.8611,5.935,126.6,0.0,1437.893, NAN, NAN, NAN, NAN,,2024/03/31 10:03:32.962,2024-03-31 10:03:32.962000+00:00
2024/03/31, 10:04:32.962, 41.524, -70.672, -0.05,23.99,280.28, 0.010, NAN,6.7, NAN,1005.0, NAN,0.0, NAN,102.0, NAN,14, NAN,1.9, NAN,51.7, NAN, 1.9, NAN, 38.1, NAN,1007.1,-7.28,280.53,0.42,5.861,5.935,126.3,0.0,1437.893, NAN, NAN, NAN, NAN,,2024/03/31 10:04:32.962,2024-03-31 10:04:32.962000+00:00
2024/03/31, 10:05:32.962, 41.524, -70.672, -0.06,23.9,200.14, 0.010, NAN,6.7, NAN,1005.0, NAN,0.0, NAN,102.0, NAN,26, NAN,3.9, NAN,51.0, NAN, 3.9, NAN, 49.8, NAN,1007.1,-7.27,280.92,0.53,5.8609,5.9358,126.3,0.0,1437.896, NAN, NAN, NAN, NAN,,2024/03/31 10:05:32.962,2024-03-31 10:05:32.962000+00:00
2024/03/31, 10:06:32.963, 41.524, -70.672, 0.03,24.18,316.67, 0.000, NAN,6.7, NAN,1005.0, NAN,0.0, NAN,102.0, NAN,38, NAN,5.6, NAN,50.2, NAN, 5.6, NAN, 62.2, NAN,1007.1,-7.15,281.78,0.63,5.8609,5.9376,126.6,0.0,1437.904, NAN, NAN, NAN, NAN,,2024/03/31 10:06:32.963,2024-03-31 10:06:32.963000+00:00
2024/03/31, 10:07:32.963, 41.524, -70.672, -0.03,24.17,309.23, 0.000, NAN,6.7, NAN,1005.1, NAN,0.0, NAN,102.0, NAN,28, NAN,3.2, NAN,49.0, NAN, 3.2, NAN, 52.2, NAN,1007.2,-6.98,282.14,0.79,5.8609,5.9384,126.0,0.0,1437.907, NAN, NAN, NAN, NAN,,2024/03/31 10:07:32.963,2024-03-31 10:07:32.963000+00:00
2024/03/31, 10:08:32.963, 41.524, -70.672, 0.00,23.83,325.7, 0.010, NAN,6.7, NAN,1005.1, NAN,0.0, NAN,102.0, NAN,25, NAN,3.1, NAN,48.8, NAN, 3.1, NAN, 48.9, NAN,1007.2,-6.94,283.11,0.96,5.861,5.9402,126.3,0.0,1437.915, NAN, NAN, NAN, NAN,,2024/03/31 10:08:32.963,2024-03-31 10:08:32.963000+00:00
2024/03/31, 10:09:32.963, 41.524, -70.672, 0.01,23.85,353.4, 0.000, NAN,6.7, NAN,1005.1, NAN,0.0, NAN,102.0, NAN,40, NAN,3.2, NAN,49.0, NAN, 3.2, NAN, 63.9, NAN,1007.2,-6.86,283.8,1.21,5.8609,5.9413,126.0,0.0,1437.92, NAN, NAN, NAN, NAN,,2024/03/31 10:09:32.963,2024-03-31 10:09:32.963000+00:00
2024/03/31, 10:10:32.963, 41.524, -70.672, 0.07,24.1,282.78, 0.000, NAN,6.7, NAN,1005.1, NAN,0.0, NAN,102.0, NAN,30, NAN,4.4, NAN,48.3, NAN, 4.4, NAN, 54.1, NAN,1007.2,-6.77,284.98,1.46,5.8609,5.9421,126.3,0.0,1437.923, NAN, NAN, NAN, NAN,,2024/03/31 10:10:32.963,2024-03-31 10:10:32.963000+00:00
2024/03/31, 10:11:32.963, 41.524, -70.672, -0.02,24.04,143.79, 0.000, NAN,6.7, NAN,1005.1, NAN,0.0, NAN,102.0, NAN,10, NAN,2.5, NAN,47.3, NAN, 2.5, NAN, 34.0, NAN,1007.2,-6.54,285.75,1.74,5.8609,5.9438,126.0,0.0,1437.93, NAN, NAN, NAN, NAN,,2024/03/31 10:11:32.963,2024-03-31 10:11:32.963000+00:00
2024/03/31, 10:12:32.963, 41.524, -70.672, -0.02,23.86,88.57, 0.000, NAN,6.8, NAN,1005.2, NAN,0.0, NAN,102.0, NAN,23, NAN,3.3, NAN,46.6, NAN, 3.3, NAN, 46.9, NAN,1007.3,-6.51,287.04,2.06,5.8609,5.9455,126.3,0.0,1437.938, NAN, NAN, NAN, NAN,,2024/03/31 10:12:32.963,2024-03-31 10:12:32.963000+00:00
2024/03/31, 10:13:32.963, 41.524, -70.672, -0.06,23.98,291.5, 0.000, NAN,6.8, NAN,1005.1, NAN,0.0, NAN,102.0, NAN,38, NAN,3.2, NAN,46.5, NAN, 3.2, NAN, 62.0, NAN,1007.2,-6.36,287.57,2.44,5.861,5.9461,126.0,0.0,1437.94, NAN, NAN, NAN, NAN,,2024/03/31 10:13:32.963,2024-03-31 10:13:32.963000+00:00
2024/03/31, 10:14:32.963, 41.524, -70.672, 0.00,24.03,92.57, 0.000, NAN,6.8, NAN,1005.1, NAN,0.0, NAN,102.0, NAN,35, NAN,3.2, NAN,46.0, NAN, 3.2, NAN, 59.0, NAN,1007.2,-6.23,288.95,2.96,5.861,5.9478,125.7,0.0,1437.948, NAN, NAN, NAN, NAN,,2024/03/31 10:14:32.963,2024-03-31 10:14:32.963000+00:00
2024/03/31, 10:15:32.963, 41.524, -70.672, 0.03,23.91,109.85, 0.000, NAN,6.8, NAN,1005.2, NAN,0.0, NAN,102.0, NAN,40, NAN,3.7, NAN,46.6, NAN, 3.7, NAN, 63.9, NAN,1007.3,-6.09,292.51,3.52,5.8611,5.9486,126.3,0.0,1437.951, NAN, NAN, NAN, NAN,,2024/03/31 10:15:32.963,2024-03-31 10:15:32.963000+00:00
2024/03/31, 10:16:32.963, 41.524, -70.672, -0.03,23.87,174.12, 0.010, NAN,6.8, NAN,1005.2, NAN,0.0, NAN,102.0, NAN,22, NAN,3.3, NAN,46.1, NAN, 3.3, NAN, 45.8, NAN,1007.3,-5.84,296.78,4.17,5.861,5.9499,126.3,0.0,1437.957, NAN, NAN, NAN, NAN,,2024/03/31 10:16:32.963,2024-03-31 10:16:32.963000+00:00
2024/03/31, 10:17:32.963, 41.524, -70.672, -0.04,23.9,128.97, 0.010, NAN,6.8, NAN,1005.2, NAN,0.0, NAN,102.0, NAN,44, NAN,3.8, NAN,45.3, NAN, 3.8, NAN, 67.8, NAN,1007.3,-5.46,298.71,4.89,5.8611,5.9515,126.0,0.0,1437.964, NAN, NAN, NAN, NAN,,2024/03/31 10:17:32.963,2024-03-31 10:17:32.963000+00:00
2024/03/31, 10:18:32.963, 41.524, -70.672, -0.10,23.99,95.36, 0.010, NAN,6.8, NAN,1005.2, NAN,0.0, NAN,102.0, NAN,43, NAN,3.8, NAN,45.6, NAN, 3.8, NAN, 67.0, NAN,1007.3,-5.37,298.68,5.64,5.861,5.9519,126.3,0.0,1437.965, NAN, NAN, NAN, NAN,,2024/03/31 10:18:32.963,2024-03-31 10:18:32.963000+00:00
2024/03/31, 10:19:32.963, 41.524, -70.672, 0.05,24.53,309.9, 0.000, NAN,6.8, NAN,1005.2, NAN,0.0, NAN,102.0, NAN,9, NAN,1.4, NAN,45.8, NAN, 1.4, NAN, 33.5, NAN,1007.3,-5.15,296.74,6.56,5.8611,5.9532,125.7,0.0,1437.971, NAN, NAN, NAN, NAN,,2024/03/31 10:19:32.963,2024-03-31 10:19:32.963000+00:00
2024/03/31, 10:20:32.963, 41.524, -70.672, 0.08,24.3,268.9, 0.010, NAN,6.8, NAN,1005.3, NAN,0.0, NAN,102.0, NAN,19, NAN,1.5, NAN,45.6, NAN, 1.5, NAN, 43.5, NAN,1007.4,-5.07,294.93,7.42,5.8611,5.9535,126.9,0.0,1437.972, NAN, NAN, NAN, NAN,,2024/03/31 10:20:32.963,2024-03-31 10:20:32.963000+00:00
2024/03/31, 10:21:32.963, 41.524, -70.672, 0.11,23.96,7.73, 0.000, NAN,6.8, NAN,1005.2, NAN,0.0, NAN,102.0, NAN,1, NAN,2.2, NAN,45.1, NAN, 2.2, NAN, 25.0, NAN,1007.3,-4.88,293.91,8.38,5.8612,5.9517,126.0,0.0,1437.965, NAN, NAN, NAN, NAN,,2024/03/31 10:21:32.963,2024-03-31 10:21:32.963000+00:00
2024/03/31, 10:22:32.963, 41.524, -70.672, 0.08,23.96,248.66, 0.000, NAN,6.8, NAN,1005.3, NAN,0.0, NAN,102.0, NAN,358, NAN,1.5, NAN,44.5, NAN, 1.5, NAN, 22.0, NAN,1007.4,-4.64,292.81,9.43,5.8612,5.9491,125.7,0.0,1437.954, NAN, NAN, NAN, NAN,,2024/03/31 10:22:32.963,2024-03-31 10:22:32.963000+00:00
2024/03/31, 10:23:32.964, 41.524, -70.672, 0.02,24.23,205.51, 0.010, NAN,6.8, NAN,1005.3, NAN,0.0, NAN,102.0, NAN,0, NAN,2.0, NAN,44.9, NAN, 2.0, NAN, 24.1, NAN,1007.4,-4.38,293.44,10.57,5.8612,5.9485,126.3,0.0,1437.951, NAN, NAN, NAN, NAN,,2024/03/31 10:23:32.964,2024-03-31 10:23:32.964000+00:00
2024/03/31, 10:24:32.964, 41.524, -70.672, 0.06,24.21,4.17, 0.010, NAN,6.7, NAN,1005.3, NAN,0.0, NAN,102.0, NAN,26, NAN,2.7, NAN,44.5, NAN, 2.7, NAN, 50.1, NAN,1007.4,-4.23,294.29,11.99,5.8614,5.9476,126.3,0.0,1437.947, NAN, NAN, NAN, NAN,,2024/03/31 10:24:32.964,2024-03-31 10:24:32.964000+00:00
2024/03/31, 10:25:32.964, 41.524, -70.672, -0.04,24.32,321.7, 0.010, NAN,6.7, NAN,1005.4, NAN,0.0, NAN,102.0, NAN,40, NAN,2.5, NAN,44.2, NAN, 2.5, NAN, 64.4, NAN,1007.5,-3.81,296.57,13.45,5.8613,5.9459,126.3,0.0,1437.94, NAN, NAN, NAN, NAN,,2024/03/31 10:25:32.964,2024-03-31 10:25:32.964000+00:00
2024/03/31, 10:26:32.964, 41.524, -70.672, 0.03,24.45,345.74, 0.010, NAN,6.7, NAN,1005.3, NAN,0.0, NAN,102.0, NAN,46, NAN,3.2, NAN,44.2, NAN, 3.2, NAN, 70.5, NAN,1007.4,-3.33,302.71,15.22,5.8614,5.9454,126.0,0.0,1437.938, NAN, NAN, NAN, NAN,,2024/03/31 10:26:32.964,2024-03-31 10:26:32.964000+00:00
2024/03/31, 10:27:32.964, 41.524, -70.672, -0.06,24.16,355.67, 0.000, NAN,6.7, NAN,1005.4, NAN,0.0, NAN,102.0, NAN,15, NAN,1.7, NAN,43.5, NAN, 1.7, NAN, 39.2, NAN,1007.5,-2.76,312.35,17.11,5.8614,5.9468,126.3,0.0,1437.944, NAN, NAN, NAN, NAN,,2024/03/31 10:27:32.964,2024-03-31 10:27:32.964000+00:00
2024/03/31, 10:28:32.964, 41.524, -70.672, -0.09,24.08,292.87, 0.000, NAN,6.8, NAN,1005.4, NAN,0.0, NAN,102.0, NAN,31, NAN,2.4, NAN,43.1, NAN, 2.4, NAN, 55.1, NAN,1007.5,-2.07,322.1,18.79,5.8614,5.9488,126.3,0.0,1437.953, NAN, NAN, NAN, NAN,,2024/03/31 10:28:32.964,2024-03-31 10:28:32.964000+00:00
2024/03/31, 10:29:32.964, 41.524, -70.672, 0.09,24.28,267.44, 0.010, NAN,6.8, NAN,1005.5, NAN,0.0, NAN,102.0, NAN,348, NAN,2.2, NAN,42.9, NAN, 2.2, NAN, 12.2, NAN,1007.6,-1.3,328.18,20.36,5.8614,5.9471,126.6,0.0,1437.945, NAN, NAN, NAN, NAN,,2024/03/31 10:29:32.964,2024-03-31 10:29:32.964000+00:00
2024/03/31, 10:30:32.964, 41.524, -70.672, 0.23,24.71,11.73, 0.020, NAN,6.8, NAN,1005.5, NAN,0.0, NAN,102.0, NAN,13, NAN,2.2, NAN,42.7, NAN, 2.2, NAN, 37.8, NAN,1007.6,-0.61,330.29,21.76,5.8614,5.9417,126.3,0.0,1437.922, NAN, NAN, NAN, NAN,,2024/03/31 10:30:32.964,2024-03-31 10:30:32.964000+00:00
2024/03/31, 10:31:32.964, 41.524, -70.672, 0.27,24.49,123.22, 0.010, NAN,6.8, NAN,1005.5, NAN,0.0, NAN,102.0, NAN,49, NAN,2.8, NAN,42.2, NAN, 2.8, NAN, 73.4, NAN,1007.6,-0.06,330.24,23.59,5.8615,5.9357,126.3,0.0,1437.896, NAN, NAN, NAN, NAN,,2024/03/31 10:31:32.964,2024-03-31 10:31:32.964000+00:00
2024/03/31, 10:32:32.964, 41.524, -70.672, 0.05,24.22,0.93, 0.010, NAN,6.9, NAN,1005.5, NAN,0.0, NAN,102.0, NAN,44, NAN,3.1, NAN,42.1, NAN, 3.1, NAN, 68.3, NAN,1007.6,0.88,331.06,25.88,5.8615,5.93,126.3,0.0,1437.872, NAN, NAN, NAN, NAN,,2024/03/31 10:32:32.964,2024-03-31 10:32:32.964000+00:00
2024/03/31, 10:33:32.964, 41.524, -70.672, 0.00,24.12,18.79, 0.000, NAN,6.9, NAN,1005.5, NAN,0.0, NAN,102.0, NAN,11, NAN,1.4, NAN,41.6, NAN, 1.4, NAN, 35.1, NAN,1007.6,1.4,333.16,28.62,5.8616,5.927,126.3,0.0,1437.859, NAN, NAN, NAN, NAN,,2024/03/31 10:33:32.964,2024-03-31 10:33:32.964000+00:00
2024/03/31, 10:34:32.964, 41.524, -70.672, 0.04,24.28,293.33, 0.000, NAN,6.9, NAN,1005.5, NAN,0.0, NAN,102.0, NAN,34, NAN,2.5, NAN,41.5, NAN, 2.5, NAN, 58.3, NAN,1007.6,2.05,335.92,30.78,5.8615,5.9243,126.0,0.0,1437.847, NAN, NAN, NAN, NAN,,2024/03/31 10:34:32.964,2024-03-31 10:34:32.964000+00:00
2024/03/31, 10:35:32.964, 41.524, -70.672, -0.05,24.4,90.33, 0.010, NAN,6.9, NAN,1005.6, NAN,0.0, NAN,102.0, NAN,1, NAN,1.9, NAN,41.7, NAN, 1.9, NAN, 25.2, NAN,1007.7,2.63,337.43,32.88,5.8616,5.9206,126.3,0.0,1437.831, NAN, NAN, NAN, NAN,,2024/03/31 10:35:32.964,2024-03-31 10:35:32.964000+00:00
2024/03/31, 10:36:32.964, 41.524, -70.672, -0.05,24.45,164.56, 0.000, NAN,7.0, NAN,1005.6, NAN,0.0, NAN,102.0, NAN,46, NAN,3.1, NAN,41.1, NAN, 3.1, NAN, 70.5, NAN,1007.7,3.34,337.53,35.17,5.8615,5.9175,126.3,0.0,1437.818, NAN, NAN, NAN, NAN,,2024/03/31 10:36:32.964,2024-03-31 10:36:32.964000+00:00
2024/03/31, 10:37:32.964, 41.524, -70.672, 0.02,24.38,163.8, 0.010, NAN,7.0, NAN,1005.6, NAN,0.0, NAN,102.0, NAN,1, NAN,2.3, NAN,41.2, NAN, 2.3, NAN, 25.5, NAN,1007.7,4.35,337.19,37.98,5.8615,5.9157,126.0,0.0,1437.81, NAN, NAN, NAN, NAN,,2024/03/31 10:37:32.964,2024-03-31 10:37:32.964000+00:00
2024/03/31, 10:38:32.964, 41.524, -70.672, -0.02,24.4,248.52, 0.000, NAN,7.0, NAN,1005.6, NAN,0.0, NAN,102.0, NAN,9, NAN,2.2, NAN,41.3, NAN, 2.2, NAN, 33.4, NAN,1007.7,5.24,335.27,42.24,5.8616,5.9162,126.0,0.0,1437.812, NAN, NAN, NAN, NAN,,2024/03/31 10:38:32.964,2024-03-31 10:38:32.964000+00:00
2024/03/31, 10:39:32.964, 41.524, -70.672, 0.09,24.58,89.85, 0.010, NAN,7.0, NAN,1005.7, NAN,0.0, NAN,102.0, NAN,31, NAN,1.4, NAN,40.8, NAN, 1.4, NAN, 55.6, NAN,1007.8,6.18,332.12,50.06,5.8615,5.9144,126.0,0.0,1437.804, NAN, NAN, NAN, NAN,,2024/03/31 10:39:32.964,2024-03-31 10:39:32.964000+00:00
2024/03/31, 10:40:32.965, 41.524, -70.672, 0.12,24.19,91.4, 0.000, NAN,7.0, NAN,1005.7, NAN,0.0, NAN,102.0, NAN,19, NAN,1.9, NAN,40.3, NAN, 1.9, NAN, 43.2, NAN,1007.8,9.35,328.12,70.39,5.8616,5.9122,126.3,0.0,1437.795, NAN, NAN, NAN, NAN,,2024/03/31 10:40:32.965,2024-03-31 10:40:32.965000+00:00
2024/03/31, 10:41:32.965, 41.524, -70.672, -0.04,24.1,325.34, 0.010, NAN,7.0, NAN,1005.8, NAN,0.0, NAN,102.0, NAN,31, NAN,2.3, NAN,40.3, NAN, 2.3, NAN, 55.2, NAN,1007.9,12.62,324.5,89.57,5.8616,5.9102,125.7,0.0,1437.786, NAN, NAN, NAN, NAN,,2024/03/31 10:41:32.965,2024-03-31 10:41:32.965000+00:00
2024/03/31, 10:42:32.965, 41.524, -70.672, 0.02,24.42,170.87, 0.000, NAN,7.1, NAN,1005.8, NAN,0.0, NAN,102.0, NAN,34, NAN,2.9, NAN,40.3, NAN, 2.9, NAN, 58.4, NAN,1007.9,13.75,318.68,93.52,5.8615,5.9081,125.7,0.0,1437.777, NAN, NAN, NAN, NAN,,2024/03/31 10:42:32.965,2024-03-31 10:42:32.965000+00:00
2024/03/31, 10:43:32.965, 41.524, -70.672, -0.04,24.53,323.47, 0.010, NAN,7.1, NAN,1005.8, NAN,0.0, NAN,102.0, NAN,336, NAN,2.8, NAN,40.5, NAN, 2.8, NAN, 0.6, NAN,1007.9,12.22,311.48,78.86,5.8616,5.9058,126.3,0.0,1437.767, NAN, NAN, NAN, NAN,,2024/03/31 10:43:32.965,2024-03-31 10:43:32.965000+00:00
2024/03/31, 10:44:32.965, 41.524, -70.672, 0.04,24.31,135.84, 0.000, NAN,7.1, NAN,1005.8, NAN,0.0, NAN,102.0, NAN,26, NAN,3.4, NAN,39.9, NAN, 3.4, NAN, 50.3, NAN,1007.9,10.86,304.55,72.12,5.8615,5.9056,125.7,0.0,1437.766, NAN, NAN, NAN, NAN,,2024/03/31 10:44:32.965,2024-03-31 10:44:32.965000+00:00
2024/03/31, 10:45:32.965, 41.524, -70.672, 0.14,24.33,71.41, 0.000, NAN,7.1, NAN,1005.9, NAN,0.0, NAN,102.0, NAN,350, NAN,1.3, NAN,39.6, NAN, 1.3, NAN, 14.3, NAN,1008.0,11.68,298.9,78.17,5.8616,5.9074,126.3,0.0,1437.774, NAN, NAN, NAN, NAN,,2024/03/31 10:45:32.965,2024-03-31 10:45:32.965000+00:00
2024/03/31, 10:46:32.965, 41.524, -70.672, 0.15,24.53,228.26, 0.000, NAN,7.1, NAN,1005.9, NAN,0.0, NAN,102.0, NAN,10, NAN,1.4, NAN,39.9, NAN, 1.4, NAN, 34.5, NAN,1008.0,12.54,294.42,85.25,5.8616,5.9094,126.3,0.0,1437.783, NAN, NAN, NAN, NAN,,2024/03/31 10:46:32.965,2024-03-31 10:46:32.965000+00:00
2024/03/31, 10:47:32.965, 41.524, -70.672, 0.11,24.37,226.93, 0.000, NAN,7.1, NAN,1005.9, NAN,0.0, NAN,102.0, NAN,16, NAN,1.6, NAN,40.3, NAN, 1.6, NAN, 40.4, NAN,1008.0,13.08,290.57,92.57,5.8617,5.9096,126.9,0.0,1437.784, NAN, NAN, NAN, NAN,,2024/03/31 10:47:32.965,2024-03-31 10:47:32.965000+00:00
2024/03/31, 10:48:32.965, 41.524, -70.672, 0.08,24.45,4.98, 0.010, NAN,7.1, NAN,1005.9, NAN,0.0, NAN,102.0, NAN,345, NAN,1.4, NAN,40.1, NAN, 1.4, NAN, 9.3, NAN,1008.0,13.55,286.74,100.99,5.8617,5.9095,126.3,0.0,1437.783, NAN, NAN, NAN, NAN,,2024/03/31 10:48:32.965,2024-03-31 10:48:32.965000+00:00
2024/03/31, 10:49:32.965, 41.524, -70.672, 0.08,24.62,228.71, 0.000, NAN,7.1, NAN,1006.0, NAN,0.0, NAN,102.0, NAN,26, NAN,2.2, NAN,40.1, NAN, 2.2, NAN, 50.6, NAN,1008.1,13.82,283.88,108.11,5.8617,5.9086,126.0,0.0,1437.78, NAN, NAN, NAN, NAN,,2024/03/31 10:49:32.965,2024-03-31 10:49:32.965000+00:00
2024/03/31, 10:50:32.965, 41.524, -70.672, 0.08,24.44,165.57, 0.000, NAN,7.1, NAN,1006.0, NAN,0.0, NAN,102.0, NAN,343, NAN,1.6, NAN,40.4, NAN, 1.6, NAN, 7.4, NAN,1008.1,14.34,281.95,115.44,5.8617,5.908,126.3,0.0,1437.777, NAN, NAN, NAN, NAN,,2024/03/31 10:50:32.965,2024-03-31 10:50:32.965000+00:00
2024/03/31, 10:51:32.965, 41.524, -70.672, 0.08,24.49,99.66, 0.000, NAN,7.1, NAN,1006.0, NAN,0.0, NAN,102.0, NAN,298, NAN,1.3, NAN,40.3, NAN, 1.3, NAN, 322.5, NAN,1008.1,14.7,280.58,122.7,5.8616,5.908,126.3,0.0,1437.777, NAN, NAN, NAN, NAN,,2024/03/31 10:51:32.965,2024-03-31 10:51:32.965000+00:00
2024/03/31, 10:52:32.965, 41.524, -70.672, 0.08,24.53,224.73, 0.010, NAN,7.0, NAN,1006.1, NAN,0.0, NAN,102.0, NAN,9, NAN,0.8, NAN,40.4, NAN, 0.8, NAN, 33.9, NAN,1008.2,15.36,279.62,129.68,5.8618,5.9086,126.3,0.0,1437.78, NAN, NAN, NAN, NAN,,2024/03/31 10:52:32.965,2024-03-31 10:52:32.965000+00:00
2024/03/31, 10:53:32.965, 41.524, -70.672, 0.08,24.45,205.03, 0.000, NAN,7.0, NAN,1006.1, NAN,0.0, NAN,102.0, NAN,23, NAN,2.2, NAN,40.6, NAN, 2.2, NAN, 47.4, NAN,1008.2,15.81,279.03,137.5,5.8617,5.9088,126.0,0.0,1437.78, NAN, NAN, NAN, NAN,,2024/03/31 10:53:32.965,2024-03-31 10:53:32.965000+00:00
2024/03/31, 10:54:32.965, 41.524, -70.672, 0.08,24.54,234.35, 0.000, NAN,7.0, NAN,1006.1, NAN,0.0, NAN,102.0, NAN,42, NAN,2.7, NAN,40.6, NAN, 2.7, NAN, 66.5, NAN,1008.2,16.66,278.59,145.22,5.8618,5.9091,126.0,0.0,1437.782, NAN, NAN, NAN, NAN,,2024/03/31 10:54:32.965,2024-03-31 10:54:32.965000+00:00
2024/03/31, 10:55:32.966, 41.524, -70.672, 0.08,24.4,293.26, 0.000, NAN,7.0, NAN,1006.1, NAN,0.0, NAN,102.0, NAN,29, NAN,2.3, NAN,40.5, NAN, 2.3, NAN, 53.4, NAN,1008.2,17.57,278.01,154.13,5.8617,5.9082,126.0,0.0,1437.778, NAN, NAN, NAN, NAN,,2024/03/31 10:55:32.966,2024-03-31 10:55:32.966000+00:00
2024/03/31, 10:56:32.966, 41.524, -70.672, 0.08,24.43,345.79, 0.000, NAN,7.0, NAN,1006.1, NAN,0.0, NAN,102.0, NAN,16, NAN,1.7, NAN,40.0, NAN, 1.7, NAN, 40.4, NAN,1008.2,18.62,277.37,163.28,5.8619,5.9084,126.3,0.0,1437.779, NAN, NAN, NAN, NAN,,2024/03/31 10:56:32.966,2024-03-31 10:56:32.966000+00:00
2024/03/31, 10:57:32.966, 41.524, -70.672, 0.08,24.5,4.45, 0.010, NAN,7.0, NAN,1006.1, NAN,0.0, NAN,102.0, NAN,25, NAN,2.4, NAN,40.4, NAN, 2.4, NAN, 49.6, NAN,1008.2,19.04,277.29,166.92,5.8618,5.9092,125.7,0.0,1437.782, NAN, NAN, NAN, NAN,,2024/03/31 10:57:32.966,2024-03-31 10:57:32.966000+00:00
2024/03/31, 10:58:32.966, 41.524, -70.672, 0.08,24.53,281.04, 0.010, NAN,7.0, NAN,1006.1, NAN,0.0, NAN,102.0, NAN,18, NAN,2.0, NAN,40.5, NAN, 2.0, NAN, 42.6, NAN,1008.2,19.86,276.97,173.37,5.8619,5.9123,126.0,0.0,1437.796, NAN, NAN, NAN, NAN,,2024/03/31 10:58:32.966,2024-03-31 10:58:32.966000+00:00
2024/03/31, 10:59:32.966, 41.524, -70.672, -0.03,24.51,60.12, 0.010, NAN,6.9, NAN,1006.1, NAN,0.0, NAN,102.0, NAN,341, NAN,1.3, NAN,40.2, NAN, 1.3, NAN, 5.3, NAN,1008.2,22.62,276.92,206.54,5.8619,5.9142,126.3,0.0,1437.804, NAN, NAN, NAN, NAN,,2024/03/31 10:59:32.966,2024-03-31 10:59:32.966000+00:00
2024/03/31, 11:00:32.966, 41.524, -70.672, -0.06,24.53,172.34, 0.000, NAN,6.9, NAN,1006.2, NAN,0.0, NAN,102.0, NAN,345, NAN,1.1, NAN,40.0, NAN, 1.1, NAN, 9.5, NAN,1008.3,46.2,277.29,395.76,5.8619,5.9169,126.0,0.0,1437.816, NAN, NAN, NAN, NAN,,2024/03/31 11:00:32.966,2024-03-31 11:00:32.966000+00:00
2024/03/31, 11:01:32.966, 41.524, -70.672, -0.06,24.53,310.76, 0.000, NAN,6.9, NAN,1006.3, NAN,0.0, NAN,102.0, NAN,61, NAN,1.7, NAN,40.6, NAN, 1.7, NAN, 85.5, NAN,1008.4,52.02,277.37,456.61,5.8619,5.9192,125.7,0.0,1437.826, NAN, NAN, NAN, NAN,,2024/03/31 11:01:32.966,2024-03-31 11:01:32.966000+00:00
2024/03/31, 11:02:32.966, 41.524, -70.672, -0.06,24.49,6.88, 0.000, NAN,7.0, NAN,1006.3, NAN,0.0, NAN,102.0, NAN,358, NAN,1.7, NAN,40.5, NAN, 1.7, NAN, 22.5, NAN,1008.4,55.19,277.22,494.03,5.8619,5.9196,126.3,0.0,1437.827, NAN, NAN, NAN, NAN,,2024/03/31 11:02:32.966,2024-03-31 11:02:32.966000+00:00
2024/03/31, 11:03:32.966, 41.524, -70.672, -0.06,24.48,264.12, 0.000, NAN,7.0, NAN,1006.3, NAN,0.0, NAN,102.0, NAN,36, NAN,2.5, NAN,40.5, NAN, 2.5, NAN, 60.5, NAN,1008.4,58.5,276.82,540.39,5.862,5.9203,126.0,0.0,1437.83, NAN, NAN, NAN, NAN,,2024/03/31 11:03:32.966,2024-03-31 11:03:32.966000+00:00
2024/03/31, 11:04:32.966, 41.524, -70.672, -0.06,24.48,59.77, 0.000, NAN,7.0, NAN,1006.3, NAN,0.0, NAN,102.0, NAN,29, NAN,2.2, NAN,40.8, NAN, 2.2, NAN, 53.5, NAN,1008.4,60.78,277.0,565.97,5.8621,5.9203,126.3,0.0,1437.831, NAN, NAN, NAN, NAN,,2024/03/31 11:04:32.966,2024-03-31 11:04:32.966000+00:00
2024/03/31, 11:05:32.966, 41.524, -70.672, -0.06,24.45,213.7, 0.000, NAN,7.0, NAN,1006.2, NAN,0.0, NAN,102.0, NAN,35, NAN,2.7, NAN,40.6, NAN, 2.7, NAN, 59.5, NAN,1008.3,63.29,276.9,588.88,5.862,5.9224,125.7,0.0,1437.839, NAN, NAN, NAN, NAN,,2024/03/31 11:05:32.966,2024-03-31 11:05:32.966000+00:00
2024/03/31, 11:06:32.966, 41.524, -70.672, -0.06,24.49,192.06, 0.010, NAN,7.1, NAN,1006.3, NAN,0.0, NAN,102.0, NAN,13, NAN,1.3, NAN,40.6, NAN, 1.3, NAN, 37.4, NAN,1008.4,65.77,277.01,611.96,5.8621,5.924,126.0,0.0,1437.846, NAN, NAN, NAN, NAN,,2024/03/31 11:06:32.966,2024-03-31 11:06:32.966000+00:00
2024/03/31, 11:07:32.966, 41.524, -70.672, -0.06,24.49,337.28, 0.000, NAN,7.1, NAN,1006.2, NAN,0.0, NAN,102.0, NAN,356, NAN,0.8, NAN,40.1, NAN, 0.8, NAN, 20.5, NAN,1008.3,68.79,277.11,637.71,5.8621,5.9239,126.0,0.0,1437.846, NAN, NAN, NAN, NAN,,2024/03/31 11:07:32.966,2024-03-31 11:07:32.966000+00:00
2024/03/31, 11:08:32.966, 41.524, -70.672, -0.06,24.5,346.08, 0.010, NAN,7.1, NAN,1006.3, NAN,0.0, NAN,102.0, NAN,35, NAN,2.9, NAN,40.4, NAN, 2.9, NAN, 59.6, NAN,1008.4,71.45,276.8,658.26,5.8621,5.9238,126.3,0.0,1437.846, NAN, NAN, NAN, NAN,,2024/03/31 11:08:32.966,2024-03-31 11:08:32.966000+00:00
2024/03/31, 11:09:32.966, 41.524, -70.672, -0.06,24.31,291.77, 0.000, NAN,7.1, NAN,1006.3, NAN,0.0, NAN,102.0, NAN,35, NAN,3.0, NAN,40.4, NAN, 3.0, NAN, 59.3, NAN,1008.4,73.85,276.73,659.3,5.8621,5.9257,126.3,0.0,1437.854, NAN, NAN, NAN, NAN,,2024/03/31 11:09:32.966,2024-03-31 11:09:32.966000+00:00
2024/03/31, 11:10:32.966, 41.524, -70.672, -0.11,24.4,142.64, 0.010, NAN,7.1, NAN,1006.2, NAN,0.0, NAN,102.0, NAN,31, NAN,1.5, NAN,40.1, NAN, 1.5, NAN, 55.2, NAN,1008.3,76.69,276.8,684.76,5.8621,5.9258,126.0,0.0,1437.854, NAN, NAN, NAN, NAN,,2024/03/31 11:10:32.966,2024-03-31 11:10:32.966000+00:00
2024/03/31, 11:11:32.966, 41.524, -70.672, -0.11,24.49,18.2, 0.000, NAN,7.1, NAN,1006.2, NAN,0.0, NAN,102.0, NAN,35, NAN,2.9, NAN,40.4, NAN, 2.9, NAN, 59.5, NAN,1008.3,80.11,276.79,708.86,5.8622,5.9251,126.0,0.0,1437.851, NAN, NAN, NAN, NAN,,2024/03/31 11:11:32.966,2024-03-31 11:11:32.966000+00:00
2024/03/31, 11:12:32.967, 41.524, -70.672, -0.11,24.49,152.0, 0.000, NAN,7.1, NAN,1006.2, NAN,0.0, NAN,102.0, NAN,37, NAN,2.6, NAN,40.3, NAN, 2.6, NAN, 61.5, NAN,1008.3,83.7,276.73,734.18,5.8621,5.9264,126.3,0.0,1437.857, NAN, NAN, NAN, NAN,,2024/03/31 11:12:32.967,2024-03-31 11:12:32.967000+00:00
2024/03/31, 11:13:32.967, 41.524, -70.672, -0.19,24.39,27.78, 0.010, NAN,7.1, NAN,1006.2, NAN,0.0, NAN,102.0, NAN,9, NAN,1.8, NAN,40.4, NAN, 1.8, NAN, 33.3, NAN,1008.3,86.84,276.83,758.16,5.8622,5.9272,126.0,0.0,1437.86, NAN, NAN, NAN, NAN,,2024/03/31 11:13:32.967,2024-03-31 11:13:32.967000+00:00
2024/03/31, 11:14:32.967, 41.524, -70.672, -0.10,24.31,280.71, 0.000, NAN,7.1, NAN,1006.3, NAN,0.0, NAN,102.0, NAN,33, NAN,2.6, NAN,40.3, NAN, 2.6, NAN, 57.3, NAN,1008.4,89.92,276.9,776.12,5.8621,5.9295,126.6,0.0,1437.87, NAN, NAN, NAN, NAN,,2024/03/31 11:14:32.967,2024-03-31 11:14:32.967000+00:00
2024/03/31, 11:15:32.967, 41.524, -70.672, -0.06,24.45,36.43, 0.010, NAN,7.1, NAN,1006.3, NAN,0.0, NAN,102.0, NAN,5, NAN,1.8, NAN,40.8, NAN, 1.8, NAN, 29.4, NAN,1008.4,93.36,276.77,801.17,5.8621,5.9311,126.3,0.0,1437.877, NAN, NAN, NAN, NAN,,2024/03/31 11:15:32.967,2024-03-31 11:15:32.967000+00:00
2024/03/31, 11:16:32.967, 41.524, -70.672, -0.05,24.56,347.91, 0.010, NAN,7.1, NAN,1006.3, NAN,0.0, NAN,102.0, NAN,16, NAN,2.7, NAN,41.0, NAN, 2.7, NAN, 40.7, NAN,1008.4,96.85,276.91,822.08,5.8622,5.9323,126.3,0.0,1437.882, NAN, NAN, NAN, NAN,,2024/03/31 11:16:32.967,2024-03-31 11:16:32.967000+00:00
2024/03/31, 11:17:32.967, 41.524, -70.672, -0.05,24.57,136.92, 0.000, NAN,7.1, NAN,1006.4, NAN,0.0, NAN,102.0, NAN,8, NAN,1.4, NAN,40.5, NAN, 1.4, NAN, 32.6, NAN,1008.5,100.16,277.11,841.45,5.8622,5.9336,126.3,0.0,1437.888, NAN, NAN, NAN, NAN,,2024/03/31 11:17:32.967,2024-03-31 11:17:32.967000+00:00
2024/03/31, 11:18:32.967, 41.524, -70.672, 0.05,24.51,150.58, 0.000, NAN,7.1, NAN,1006.3, NAN,0.0, NAN,102.0, NAN,347, NAN,1.5, NAN,40.4, NAN, 1.5, NAN, 11.5, NAN,1008.4,103.78,277.11,866.96,5.8622,5.9366,126.3,0.0,1437.901, NAN, NAN, NAN, NAN,,2024/03/31 11:18:32.967,2024-03-31 11:18:32.967000+00:00
2024/03/31, 11:19:32.967, 41.524, -70.672, 0.05,24.53,196.74, 0.010, NAN,7.1, NAN,1006.3, NAN,0.0, NAN,102.0, NAN,349, NAN,0.8, NAN,41.2, NAN, 0.8, NAN, 13.6, NAN,1008.4,106.58,277.05,883.34,5.8623,5.9408,125.4,0.0,1437.919, NAN, NAN, NAN, NAN,,2024/03/31 11:19:32.967,2024-03-31 11:19:32.967000+00:00
2024/03/31, 11:20:32.967, 41.524, -70.672, 0.05,24.54,253.83, 0.010, NAN,7.1, NAN,1006.3, NAN,0.0, NAN,102.0, NAN,49, NAN,3.0, NAN,41.6, NAN, 3.0, NAN, 73.6, NAN,1008.4,109.4,276.92,898.43,5.8623,5.9416,126.3,0.0,1437.923, NAN, NAN, NAN, NAN,,2024/03/31 11:20:32.967,2024-03-31 11:20:32.967000+00:00
2024/03/31, 11:21:32.967, 41.524, -70.672, 0.05,24.51,151.43, 0.010, NAN,7.1, NAN,1006.3, NAN,0.0, NAN,102.0, NAN,13, NAN,1.9, NAN,41.5, NAN, 1.9, NAN, 37.4, NAN,1008.4,112.42,276.98,913.56,5.8622,5.942,126.3,0.0,1437.924, NAN, NAN, NAN, NAN,,2024/03/31 11:21:32.967,2024-03-31 11:21:32.967000+00:00
2024/03/31, 11:22:32.967, 41.524, -70.672, 0.05,24.49,319.6, 0.000, NAN,7.1, NAN,1006.4, NAN,0.0, NAN,102.0, NAN,342, NAN,1.2, NAN,41.2, NAN, 1.2, NAN, 6.5, NAN,1008.5,115.6,277.25,929.27,5.8623,5.9423,126.0,0.0,1437.926, NAN, NAN, NAN, NAN,,2024/03/31 11:22:32.967,2024-03-31 11:22:32.967000+00:00
2024/03/31, 11:23:32.967, 41.524, -70.672, 0.05,24.58,108.16, 0.000, NAN,7.1, NAN,1006.5, NAN,0.0, NAN,102.0, NAN,336, NAN,1.5, NAN,41.1, NAN, 1.5, NAN, 0.6, NAN,1008.6,119.05,277.17,949.3,5.8623,5.9432,126.0,0.0,1437.93, NAN, NAN, NAN, NAN,,2024/03/31 11:23:32.967,2024-03-31 11:23:32.967000+00:00
2024/03/31, 11:24:32.967, 41.524, -70.672, 0.05,24.52,122.74, 0.000, NAN,7.1, NAN,1006.5, NAN,0.0, NAN,102.0, NAN,351, NAN,0.9, NAN,41.0, NAN, 0.9, NAN, 15.5, NAN,1008.6,122.78,277.26,970.73,5.8624,5.9431,126.3,0.0,1437.929, NAN, NAN, NAN, NAN,,2024/03/31 11:24:32.967,2024-03-31 11:24:32.967000+00:00
2024/03/31, 11:25:32.967, 41.524, -70.672, 0.05,24.52,56.01, 0.010, NAN,7.1, NAN,1006.6, NAN,0.0, NAN,102.0, NAN,351, NAN,1.9, NAN,41.8, NAN, 1.9, NAN, 15.4, NAN,1008.7,126.13,277.14,986.53,5.8623,5.9448,126.3,0.0,1437.936, NAN, NAN, NAN, NAN,,2024/03/31 11:25:32.967,2024-03-31 11:25:32.967000+00:00
2024/03/31, 11:26:32.967, 41.524, -70.672, 0.05,24.49,352.98, 0.010, NAN,7.1, NAN,1006.6, NAN,0.0, NAN,102.0, NAN,1, NAN,2.0, NAN,41.3, NAN, 2.0, NAN, 25.4, NAN,1008.7,130.36,277.67,1006.82,5.8623,5.9456,126.3,0.0,1437.94, NAN, NAN, NAN, NAN,,2024/03/31 11:26:32.967,2024-03-31 11:26:32.967000+00:00
2024/03/31, 11:27:32.967, 41.524, -70.672, 0.05,24.53,184.82, 0.000, NAN,7.1, NAN,1006.6, NAN,0.0, NAN,102.0, NAN,7, NAN,1.2, NAN,41.6, NAN, 1.2, NAN, 31.5, NAN,1008.7,133.77,278.06,1018.2,5.8623,5.9464,126.0,0.0,1437.943, NAN, NAN, NAN, NAN,,2024/03/31 11:27:32.967,2024-03-31 11:27:32.967000+00:00
2024/03/31, 11:28:32.967, 41.524, -70.672, 0.05,24.49,334.61, 0.010, NAN,7.1, NAN,1006.6, NAN,0.0, NAN,102.0, NAN,354, NAN,2.2, NAN,41.9, NAN, 2.2, NAN, 18.6, NAN,1008.7,137.6,278.48,1035.66,5.8624,5.9497,126.0,0.0,1437.958, NAN, NAN, NAN, NAN,,2024/03/31 11:28:32.967,2024-03-31 11:28:32.967000+00:00
2024/03/31, 11:29:32.968, 41.524, -70.672, 0.05,24.53,350.14, 0.010, NAN,7.1, NAN,1006.6, NAN,0.0, NAN,102.0, NAN,4, NAN,1.2, NAN,41.7, NAN, 1.2, NAN, 28.7, NAN,1008.7,141.65,279.23,1046.49,5.8624,5.952,126.3,0.0,1437.968, NAN, NAN, NAN, NAN,,2024/03/31 11:29:32.968,2024-03-31 11:29:32.968000+00:00
2024/03/31, 11:30:32.968, 41.524, -70.672, 0.05,24.47,0.1, 0.010, NAN,7.1, NAN,1006.7, NAN,0.0, NAN,102.0, NAN,336, NAN,2.3, NAN,41.9, NAN, 2.3, NAN, 0.4, NAN,1008.8,146.13,280.51,1063.01,5.8624,5.9535,126.0,0.0,1437.974, NAN, NAN, NAN, NAN,,2024/03/31 11:30:32.968,2024-03-31 11:30:32.968000+00:00
2024/03/31, 11:31:32.968, 41.524, -70.672, 0.05,24.57,288.57, 0.000, NAN,7.2, NAN,1006.7, NAN,0.0, NAN,102.0, NAN,355, NAN,2.0, NAN,42.1, NAN, 2.0, NAN, 19.6, NAN,1008.8,150.95,281.82,1079.46,5.8624,5.9557,126.3,0.0,1437.984, NAN, NAN, NAN, NAN,,2024/03/31 11:31:32.968,2024-03-31 11:31:32.968000+00:00
2024/03/31, 11:32:32.968, 41.524, -70.672, 0.05,24.59,316.17, 0.000, NAN,7.2, NAN,1006.7, NAN,0.0, NAN,102.0, NAN,29, NAN,2.0, NAN,41.7, NAN, 2.0, NAN, 53.6, NAN,1008.8,156.99,283.72,1097.46,5.8625,5.9583,126.0,0.0,1437.995, NAN, NAN, NAN, NAN,,2024/03/31 11:32:32.968,2024-03-31 11:32:32.968000+00:00
2024/03/31, 11:33:32.968, 41.524, -70.672, 0.05,24.48,359.2, 0.000, NAN,7.3, NAN,1006.7, NAN,0.0, NAN,102.0, NAN,14, NAN,1.3, NAN,41.7, NAN, 1.3, NAN, 38.5, NAN,1008.8,165.15,285.84,1120.13,5.8624,5.9615,126.3,0.0,1438.009, NAN, NAN, NAN, NAN,,2024/03/31 11:33:32.968,2024-03-31 11:33:32.968000+00:00
2024/03/31, 11:34:32.968, 41.524, -70.672, 0.05,24.57,49.29, 0.000, NAN,7.3, NAN,1006.8, NAN,0.0, NAN,102.0, NAN,344, NAN,2.1, NAN,41.7, NAN, 2.1, NAN, 8.6, NAN,1008.9,172.83,286.91,1132.79,5.8624,5.9658,126.0,0.0,1438.027, NAN, NAN, NAN, NAN,,2024/03/31 11:34:32.968,2024-03-31 11:34:32.968000+00:00
2024/03/31, 11:35:32.968, 41.524, -70.672, 0.05,24.53,71.94, 0.000, NAN,7.4, NAN,1006.8, NAN,0.0, NAN,102.0, NAN,29, NAN,2.3, NAN,41.7, NAN, 2.3, NAN, 53.5, NAN,1008.9,180.67,287.12,1164.88,5.8625,5.97,126.3,0.0,1438.045, NAN, NAN, NAN, NAN,,2024/03/31 11:35:32.968,2024-03-31 11:35:32.968000+00:00
2024/03/31, 11:36:32.968, 41.524, -70.672, 0.05,24.61,48.96, 0.010, NAN,7.4, NAN,1006.9, NAN,0.0, NAN,102.0, NAN,332, NAN,2.2, NAN,41.6, NAN, 2.2, NAN, 356.5, NAN,1009.0,187.17,286.71,1192.04,5.8625,5.9743,126.0,0.0,1438.064, NAN, NAN, NAN, NAN,,2024/03/31 11:36:32.968,2024-03-31 11:36:32.968000+00:00
2024/03/31, 11:37:32.968, 41.524, -70.672, 0.05,24.54,1.75, 0.000, NAN,7.5, NAN,1006.9, NAN,0.0, NAN,102.0, NAN,353, NAN,0.8, NAN,41.8, NAN, 0.8, NAN, 17.5, NAN,1009.0,189.81,286.41,1106.86,5.8624,5.9766,126.3,0.0,1438.074, NAN, NAN, NAN, NAN,,2024/03/31 11:37:32.968,2024-03-31 11:37:32.968000+00:00
2024/03/31, 11:38:32.968, 41.524, -70.672, 0.05,24.59,204.2, 0.000, NAN,7.5, NAN,1006.9, NAN,0.0, NAN,102.0, NAN,14, NAN,1.7, NAN,41.7, NAN, 1.7, NAN, 38.6, NAN,1009.0,190.04,285.98,960.46,5.8625,5.9772,126.0,0.0,1438.076, NAN, NAN, NAN, NAN,,2024/03/31 11:38:32.968,2024-03-31 11:38:32.968000+00:00
2024/03/31, 11:39:32.968, 41.524, -70.672, 0.05,24.62,47.01, 0.000, NAN,7.4, NAN,1006.9, NAN,0.0, NAN,102.0, NAN,341, NAN,1.1, NAN,41.2, NAN, 1.1, NAN, 5.6, NAN,1009.0,169.83,286.63,787.85,5.8625,5.9782,126.0,0.0,1438.081, NAN, NAN, NAN, NAN,,2024/03/31 11:39:32.968,2024-03-31 11:39:32.968000+00:00
2024/03/31, 11:40:32.968, 41.524, -70.672, 0.05,24.53,58.41, 0.000, NAN,7.4, NAN,1007.0, NAN,0.0, NAN,102.0, NAN,353, NAN,0.7, NAN,41.7, NAN, 0.7, NAN, 17.5, NAN,1009.1,198.45,288.88,706.79,5.8625,5.978,126.3,0.0,1438.08, NAN, NAN, NAN, NAN,,2024/03/31 11:40:32.968,2024-03-31 11:40:32.968000+00:00
2024/03/31, 11:41:32.968, 41.524, -70.672, 0.05,24.47,63.04, 0.010, NAN,7.4, NAN,1007.0, NAN,0.0, NAN,102.0, NAN,339, NAN,1.2, NAN,42.2, NAN, 1.2, NAN, 3.3, NAN,1009.1,209.76,290.19,590.84,5.8624,5.9753,126.3,0.0,1438.068, NAN, NAN, NAN, NAN,,2024/03/31 11:41:32.968,2024-03-31 11:41:32.968000+00:00
2024/03/31, 11:42:32.968, 41.524, -70.672, 0.05,24.62,82.55, 0.010, NAN,7.4, NAN,1007.0, NAN,0.0, NAN,102.0, NAN,21, NAN,1.5, NAN,42.2, NAN, 1.5, NAN, 45.8, NAN,1009.1,216.39,289.53,557.44,5.8625,5.9725,125.7,0.0,1438.056, NAN, NAN, NAN, NAN,,2024/03/31 11:42:32.968,2024-03-31 11:42:32.968000+00:00
2024/03/31, 11:43:32.968, 41.524, -70.672, 0.05,24.53,0.45, 0.000, NAN,7.4, NAN,1006.9, NAN,0.0, NAN,102.0, NAN,329, NAN,2.5, NAN,42.1, NAN, 2.5, NAN, 353.5, NAN,1009.0,214.68,287.76,526.73,5.8625,5.9706,125.7,0.0,1438.048, NAN, NAN, NAN, NAN,,2024/03/31 11:43:32.968,2024-03-31 11:43:32.968000+00:00
2024/03/31, 11:44:32.968, 41.524, -70.672, 0.05,24.69,191.22, 0.010, NAN,7.4, NAN,1006.9, NAN,0.0, NAN,102.0, NAN,334, NAN,2.9, NAN,42.2, NAN, 2.9, NAN, 358.8, NAN,1009.0,214.37,285.77,524.23,5.8626,5.9716,126.3,0.0,1438.052, NAN, NAN, NAN, NAN,,2024/03/31 11:44:32.968,2024-03-31 11:44:32.968000+00:00
2024/03/31, 11:45:32.968, 41.524, -70.672, 0.05,24.6,239.77, 0.010, NAN,7.4, NAN,1006.9, NAN,0.0, NAN,102.0, NAN,342, NAN,1.8, NAN,42.1, NAN, 1.8, NAN, 6.8, NAN,1009.0,209.61,284.45,517.43,5.8625,5.9719,126.0,0.0,1438.054, NAN, NAN, NAN, NAN,,2024/03/31 11:45:32.968,2024-03-31 11:45:32.968000+00:00
2024/03/31, 11:46:32.969, 41.524, -70.672, 0.05,24.48,317.12, 0.010, NAN,7.4, NAN,1006.9, NAN,0.0, NAN,102.0, NAN,357, NAN,1.2, NAN,41.7, NAN, 1.2, NAN, 21.3, NAN,1009.0,214.27,284.36,514.87,5.8626,5.9733,126.0,0.0,1438.06, NAN, NAN, NAN, NAN,,2024/03/31 11:46:32.969,2024-03-31 11:46:32.969000+00:00
2024/03/31, 11:47:32.969, 41.524, -70.672, 0.05,24.58,227.61, 0.000, NAN,7.3, NAN,1006.9, NAN,0.0, NAN,102.0, NAN,348, NAN,1.4, NAN,42.4, NAN, 1.4, NAN, 12.6, NAN,1009.0,210.64,283.75,505.81,5.8626,5.9748,126.0,0.0,1438.066, NAN, NAN, NAN, NAN,,2024/03/31 11:47:32.969,2024-03-31 11:47:32.969000+00:00
2024/03/31, 11:48:32.969, 41.524, -70.672, 0.05,24.39,94.72, 0.010, NAN,7.3, NAN,1006.9, NAN,0.0, NAN,102.0, NAN,316, NAN,2.9, NAN,42.5, NAN, 2.9, NAN, 340.3, NAN,1009.0,204.92,283.41,503.38,5.8625,5.9763,126.3,0.0,1438.073, NAN, NAN, NAN, NAN,,2024/03/31 11:48:32.969,2024-03-31 11:48:32.969000+00:00
2024/03/31, 11:49:32.969, 41.524, -70.672, 0.11,24.65,170.08, 0.010, NAN,7.3, NAN,1006.9, NAN,0.0, NAN,102.0, NAN,349, NAN,1.0, NAN,42.5, NAN, 1.0, NAN, 13.5, NAN,1009.0,204.57,282.28,502.26,5.8625,5.9771,126.3,0.0,1438.076, NAN, NAN, NAN, NAN,,2024/03/31 11:49:32.969,2024-03-31 11:49:32.969000+00:00
2024/03/31, 11:50:32.969, 41.524, -70.672, 0.11,24.24,334.78, 0.020, NAN,7.3, NAN,1006.9, NAN,0.0, NAN,102.0, NAN,321, NAN,2.8, NAN,44.1, NAN, 2.8, NAN, 345.3, NAN,1009.0,207.99,282.18,481.46,5.8626,5.9779,126.3,0.0,1438.08, NAN, NAN, NAN, NAN,,2024/03/31 11:50:32.969,2024-03-31 11:50:32.969000+00:00
2024/03/31, 11:51:32.969, 41.524, -70.672, -0.11,24.37,63.49, 0.020, NAN,7.3, NAN,1006.9, NAN,0.0, NAN,102.0, NAN,315, NAN,3.0, NAN,44.3, NAN, 3.0, NAN, 339.2, NAN,1009.0,216.29,281.75,500.66,5.8626,5.9783,126.6,0.0,1438.081, NAN, NAN, NAN, NAN,,2024/03/31 11:51:32.969,2024-03-31 11:51:32.969000+00:00
2024/03/31, 11:52:32.969, 41.524, -70.672, 0.12,24.81,299.07, 0.020, NAN,7.3, NAN,1007.0, NAN,0.0, NAN,102.0, NAN,315, NAN,3.7, NAN,46.5, NAN, 3.7, NAN, 339.9, NAN,1009.1,221.47,280.92,499.41,5.8626,5.9755,125.7,0.0,1438.069, NAN, NAN, NAN, NAN,,2024/03/31 11:52:32.969,2024-03-31 11:52:32.969000+00:00
2024/03/31, 11:53:32.969, 41.524, -70.672, 0.23,24.29,125.92, 0.010, NAN,7.3, NAN,1007.0, NAN,0.0, NAN,102.0, NAN,312, NAN,3.3, NAN,47.9, NAN, 3.3, NAN, 336.2, NAN,1009.1,228.44,280.63,497.45,5.8626,5.9731,126.0,0.0,1438.059, NAN, NAN, NAN, NAN,,2024/03/31 11:53:32.969,2024-03-31 11:53:32.969000+00:00
2024/03/31, 11:54:32.969, 41.524, -70.672, 0.13,24.84,132.93, 0.000, NAN,7.2, NAN,1006.9, NAN,0.0, NAN,102.0, NAN,312, NAN,3.4, NAN,49.4, NAN, 3.4, NAN, 336.8, NAN,1009.0,215.99,279.86,499.22,5.8627,5.972,125.7,0.0,1438.054, NAN, NAN, NAN, NAN,,2024/03/31 11:54:32.969,2024-03-31 11:54:32.969000+00:00
2024/03/31, 11:55:32.969, 41.524, -70.672, 0.17,24.34,173.04, 0.010, NAN,7.2, NAN,1006.9, NAN,0.0, NAN,102.0, NAN,311, NAN,3.3, NAN,49.6, NAN, 3.3, NAN, 335.4, NAN,1009.0,215.13,279.42,504.35,5.8627,5.9729,126.3,0.0,1438.058, NAN, NAN, NAN, NAN,,2024/03/31 11:55:32.969,2024-03-31 11:55:32.969000+00:00
2024/03/31, 11:56:32.969, 41.524, -70.672, 0.17,24.77,337.12, 0.010, NAN,7.1, NAN,1006.9, NAN,0.0, NAN,102.0, NAN,315, NAN,3.2, NAN,50.3, NAN, 3.2, NAN, 339.7, NAN,1009.0,230.34,279.48,517.12,5.8627,5.9756,126.0,0.0,1438.07, NAN, NAN, NAN, NAN,,2024/03/31 11:56:32.969,2024-03-31 11:56:32.969000+00:00
2024/03/31, 11:57:32.969, 41.524, -70.672, 0.19,24.38,207.78, 0.010, NAN,7.1, NAN,1006.9, NAN,0.0, NAN,102.0, NAN,312, NAN,2.7, NAN,51.1, NAN, 2.7, NAN, 336.5, NAN,1009.0,247.7,280.16,538.02,5.8627,5.9763,126.0,0.0,1438.073, NAN, NAN, NAN, NAN,,2024/03/31 11:57:32.969,2024-03-31 11:57:32.969000+00:00
2024/03/31, 11:58:32.969, 41.524, -70.672, 0.19,24.59,114.25, 0.010, NAN,7.0, NAN,1007.0, NAN,0.0, NAN,102.0, NAN,323, NAN,3.4, NAN,51.6, NAN, 3.4, NAN, 347.5, NAN,1009.1,251.99,280.09,556.55,5.8627,5.9749,126.0,0.0,1438.067, NAN, NAN, NAN, NAN,,2024/03/31 11:58:32.969,2024-03-31 11:58:32.969000+00:00
2024/03/31, 11:59:32.969, 41.524, -70.672, 0.19,24.58,269.47, 0.010, NAN,7.0, NAN,1007.0, NAN,0.0, NAN,102.0, NAN,316, NAN,3.1, NAN,50.2, NAN, 3.1, NAN, 340.7, NAN,1009.1,260.86,280.73,579.68,5.8628,5.9706,126.0,0.0,1438.048, NAN, NAN, NAN, NAN,,2024/03/31 11:59:32.969,2024-03-31 11:59:32.969000+00:00
2024/03/31, 12:00:32.969, 41.524, -70.672, 0.19,24.53,40.91, 0.010, NAN,7.0, NAN,1007.1, NAN,0.0, NAN,102.0, NAN,307, NAN,2.3, NAN,50.2, NAN, 2.3, NAN, 331.4, NAN,1009.2,262.76,281.81,594.47,5.8628,5.9655,125.4,0.0,1438.026, NAN, NAN, NAN, NAN,,2024/03/31 12:00:32.969,2024-03-31 12:00:32.969000+00:00
2024/03/31, 12:01:32.969, 41.524, -70.672, 0.11,24.56,117.41, 0.010, NAN,6.9, NAN,1007.1, NAN,0.0, NAN,102.0, NAN,31, NAN,2.1, NAN,51.1, NAN, 2.1, NAN, 55.4, NAN,1009.2,255.27,282.17,598.18,5.8628,5.9624,126.6,0.0,1438.013, NAN, NAN, NAN, NAN,,2024/03/31 12:01:32.969,2024-03-31 12:01:32.969000+00:00
2024/03/31, 12:02:32.969, 41.524, -70.672, 0.12,24.63,265.3, 0.010, NAN,6.9, NAN,1007.2, NAN,0.0, NAN,102.0, NAN,317, NAN,3.5, NAN,48.6, NAN, 3.5, NAN, 341.7, NAN,1009.3,266.59,283.91,662.81,5.8629,5.9612,126.3,0.0,1438.008, NAN, NAN, NAN, NAN,,2024/03/31 12:02:32.969,2024-03-31 12:02:32.969000+00:00
2024/03/31, 12:03:32.970, 41.524, -70.672, 0.09,24.58,50.47, 0.000, NAN,7.0, NAN,1007.2, NAN,0.0, NAN,102.0, NAN,311, NAN,3.2, NAN,52.3, NAN, 3.2, NAN, 335.6, NAN,1009.3,245.82,287.19,757.73,5.8628,5.9626,126.3,0.0,1438.014, NAN, NAN, NAN, NAN,,2024/03/31 12:03:32.970,2024-03-31 12:03:32.970000+00:00
2024/03/31, 12:04:32.970, 41.524, -70.672, 0.09,24.61,313.73, 0.000, NAN,7.0, NAN,1007.3, NAN,0.0, NAN,102.0, NAN,314, NAN,2.9, NAN,52.1, NAN, 2.9, NAN, 338.6, NAN,1009.4,284.93,294.93,887.81,5.8628,5.9668,126.0,0.0,1438.032, NAN, NAN, NAN, NAN,,2024/03/31 12:04:32.970,2024-03-31 12:04:32.970000+00:00
2024/03/31, 12:05:32.970, 41.524, -70.672, 0.09,24.58,123.13, 0.010, NAN,7.0, NAN,1007.3, NAN,0.0, NAN,102.0, NAN,296, NAN,1.5, NAN,52.6, NAN, 1.5, NAN, 320.5, NAN,1009.4,316.17,303.84,1070.1,5.8629,5.972,125.1,0.0,1438.055, NAN, NAN, NAN, NAN,,2024/03/31 12:05:32.970,2024-03-31 12:05:32.970000+00:00
2024/03/31, 12:06:32.970, 41.524, -70.672, 0.09,24.57,99.91, 0.000, NAN,7.0, NAN,1007.3, NAN,0.0, NAN,102.0, NAN,314, NAN,3.5, NAN,53.9, NAN, 3.5, NAN, 338.6, NAN,1009.4,353.28,310.12,1252.58,5.8628,5.9803,126.6,0.0,1438.09, NAN, NAN, NAN, NAN,,2024/03/31 12:06:32.970,2024-03-31 12:06:32.970000+00:00
2024/03/31, 12:07:32.970, 41.524, -70.672, 0.05,24.53,335.64, 0.010, NAN,7.0, NAN,1007.3, NAN,0.0, NAN,102.0, NAN,325, NAN,3.0, NAN,53.5, NAN, 3.0, NAN, 349.6, NAN,1009.4,234.61,311.78,1025.71,5.863,5.9859,126.6,0.0,1438.115, NAN, NAN, NAN, NAN,,2024/03/31 12:07:32.970,2024-03-31 12:07:32.970000+00:00
2024/03/31, 12:08:32.970, 41.524, -70.672, 0.05,24.56,154.65, 0.000, NAN,7.0, NAN,1007.4, NAN,0.0, NAN,102.0, NAN,313, NAN,3.2, NAN,53.2, NAN, 3.2, NAN, 337.6, NAN,1009.5,195.12,315.94,830.48,5.8629,5.985,126.0,0.0,1438.111, NAN, NAN, NAN, NAN,,2024/03/31 12:08:32.970,2024-03-31 12:08:32.970000+00:00
2024/03/31, 12:09:32.970, 41.524, -70.672, 0.05,24.5,149.26, 0.010, NAN,7.0, NAN,1007.4, NAN,0.0, NAN,102.0, NAN,354, NAN,0.8, NAN,53.4, NAN, 0.8, NAN, 18.4, NAN,1009.5,208.68,319.96,834.24,5.8629,5.9875,126.9,0.0,1438.121, NAN, NAN, NAN, NAN,,2024/03/31 12:09:32.970,2024-03-31 12:09:32.970000+00:00
2024/03/31, 12:10:32.970, 41.524, -70.672, 0.05,24.56,309.6, 0.000, NAN,7.0, NAN,1007.4, NAN,0.0, NAN,102.0, NAN,329, NAN,2.7, NAN,50.7, NAN, 2.7, NAN, 353.6, NAN,1009.5,211.07,320.19,846.21,5.8629,5.9911,126.3,0.0,1438.137, NAN, NAN, NAN, NAN,,2024/03/31 12:10:32.970,2024-03-31 12:10:32.970000+00:00
2024/03/31, 12:11:32.970, 41.524, -70.672, 0.05,24.53,145.92, 0.010, NAN,6.9, NAN,1007.4, NAN,0.0, NAN,102.0, NAN,328, NAN,3.0, NAN,50.0, NAN, 3.0, NAN, 352.6, NAN,1009.5,216.52,320.6,872.81,5.863,5.9954,126.6,0.0,1438.155, NAN, NAN, NAN, NAN,,2024/03/31 12:11:32.970,2024-03-31 12:11:32.970000+00:00
2024/03/31, 12:12:32.970, 41.524, -70.672, 0.05,24.56,291.99, 0.000, NAN,6.9, NAN,1007.4, NAN,0.0, NAN,102.0, NAN,315, NAN,3.1, NAN,50.2, NAN, 3.1, NAN, 339.6, NAN,1009.5,232.36,322.75,1043.19,5.8631,6.0005,126.0,0.0,1438.178, NAN, NAN, NAN, NAN,,2024/03/31 12:12:32.970,2024-03-31 12:12:32.970000+00:00
2024/03/31, 12:13:32.970, 41.524, -70.672, 0.05,24.53,259.49, 0.000, NAN,6.9, NAN,1007.4, NAN,0.0, NAN,102.0, NAN,316, NAN,3.0, NAN,52.4, NAN, 3.0, NAN, 340.5, NAN,1009.5,421.82,329.54,1825.21,5.863,6.0084,126.0,0.0,1438.211, NAN, NAN, NAN, NAN,,2024/03/31 12:13:32.970,2024-03-31 12:13:32.970000+00:00
2024/03/31, 12:14:32.970, 41.524, -70.672, 0.05,24.62,324.58, 0.000, NAN,6.9, NAN,1007.5, NAN,0.0, NAN,102.0, NAN,314, NAN,3.6, NAN,52.5, NAN, 3.6, NAN, 338.6, NAN,1009.6,235.39,328.25,965.81,5.863,6.0146,126.3,0.0,1438.238, NAN, NAN, NAN, NAN,,2024/03/31 12:14:32.970,2024-03-31 12:14:32.970000+00:00
2024/03/31, 12:15:32.970, 41.524, -70.672, 0.04,24.59,293.34, 0.000, NAN,6.9, NAN,1007.5, NAN,0.0, NAN,102.0, NAN,309, NAN,4.0, NAN,52.8, NAN, 4.0, NAN, 333.6, NAN,1009.6,202.31,329.89,832.41,5.8631,6.0135,126.0,0.0,1438.234, NAN, NAN, NAN, NAN,,2024/03/31 12:15:32.970,2024-03-31 12:15:32.970000+00:00
2024/03/31, 12:16:32.970, 41.524, -70.672, 0.12,24.58,289.87, 0.000, NAN,6.9, NAN,1007.6, NAN,0.0, NAN,102.0, NAN,313, NAN,3.1, NAN,52.5, NAN, 3.1, NAN, 337.6, NAN,1009.7,186.3,332.43,764.67,5.8629,6.0078,126.3,0.0,1438.209, NAN, NAN, NAN, NAN,,2024/03/31 12:16:32.970,2024-03-31 12:16:32.970000+00:00
2024/03/31, 12:17:32.970, 41.524, -70.672, 0.12,24.53,104.4, 0.000, NAN,6.9, NAN,1007.6, NAN,0.0, NAN,102.0, NAN,313, NAN,3.4, NAN,53.6, NAN, 3.4, NAN, 337.5, NAN,1009.7,166.95,334.04,694.33,5.863,6.0064,126.0,0.0,1438.203, NAN, NAN, NAN, NAN,,2024/03/31 12:17:32.970,2024-03-31 12:17:32.970000+00:00
2024/03/31, 12:18:32.970, 41.524, -70.672, 0.12,24.58,314.13, 0.010, NAN,6.8, NAN,1007.6, NAN,0.0, NAN,102.0, NAN,307, NAN,4.0, NAN,52.9, NAN, 4.0, NAN, 331.6, NAN,1009.7,156.19,334.63,656.89,5.8631,6.0069,126.3,0.0,1438.205, NAN, NAN, NAN, NAN,,2024/03/31 12:18:32.970,2024-03-31 12:18:32.970000+00:00
2024/03/31, 12:19:32.971, 41.524, -70.672, 0.12,24.57,141.91, 0.010, NAN,6.8, NAN,1007.7, NAN,0.0, NAN,102.0, NAN,306, NAN,4.2, NAN,52.4, NAN, 4.2, NAN, 330.6, NAN,1009.8,150.93,335.16,632.65,5.863,6.0085,126.3,0.0,1438.212, NAN, NAN, NAN, NAN,,2024/03/31 12:19:32.971,2024-03-31 12:19:32.971000+00:00
2024/03/31, 12:20:32.971, 41.524, -70.672, 0.15,24.58,319.02, 0.010, NAN,6.7, NAN,1007.7, NAN,0.0, NAN,102.0, NAN,306, NAN,3.3, NAN,52.1, NAN, 3.3, NAN, 330.7, NAN,1009.8,148.06,336.26,614.09,5.8631,6.0096,126.3,0.0,1438.217, NAN, NAN, NAN, NAN,,2024/03/31 12:20:32.971,2024-03-31 12:20:32.971000+00:00
2024/03/31, 12:21:32.971, 41.524, -70.672, 0.10,24.56,90.02, 0.000, NAN,6.6, NAN,1007.7, NAN,0.0, NAN,102.0, NAN,303, NAN,4.1, NAN,53.8, NAN, 4.1, NAN, 327.6, NAN,1009.8,146.38,336.99,596.3,5.863,6.0075,125.7,0.0,1438.208, NAN, NAN, NAN, NAN,,2024/03/31 12:21:32.971,2024-03-31 12:21:32.971000+00:00
2024/03/31, 12:22:32.971, 41.524, -70.672, 0.10,24.53,226.12, 0.010, NAN,6.6, NAN,1007.7, NAN,0.0, NAN,102.0, NAN,300, NAN,4.0, NAN,53.1, NAN, 4.0, NAN, 324.6, NAN,1009.8,142.79,337.8,580.17,5.863,6.0074,126.3,0.0,1438.207, NAN, NAN, NAN, NAN,,2024/03/31 12:22:32.971,2024-03-31 12:22:32.971000+00:00
2024/03/31, 12:23:32.971, 41.524, -70.672, 0.10,24.68,336.1, 0.010, NAN,6.5, NAN,1007.7, NAN,0.0, NAN,102.0, NAN,304, NAN,4.2, NAN,52.6, NAN, 4.2, NAN, 328.6, NAN,1009.8,136.46,338.11,564.91,5.8632,6.0063,126.3,0.0,1438.203, NAN, NAN, NAN, NAN,,2024/03/31 12:23:32.971,2024-03-31 12:23:32.971000+00:00
2024/03/31, 12:24:32.971, 41.524, -70.672, 0.09,24.58,328.43, 0.000, NAN,6.4, NAN,1007.7, NAN,0.0, NAN,102.0, NAN,307, NAN,3.8, NAN,51.8, NAN, 3.8, NAN, 331.6, NAN,1009.8,139.63,338.28,565.08,5.8631,6.0029,126.0,0.0,1438.188, NAN, NAN, NAN, NAN,,2024/03/31 12:24:32.971,2024-03-31 12:24:32.971000+00:00
2024/03/31, 12:25:32.971, 41.524, -70.672, 0.09,24.58,303.59, 0.000, NAN,6.4, NAN,1007.7, NAN,0.0, NAN,102.0, NAN,312, NAN,4.5, NAN,52.6, NAN, 4.5, NAN, 336.6, NAN,1009.8,140.75,337.3,563.83,5.8631,6.0019,126.0,0.0,1438.184, NAN, NAN, NAN, NAN,,2024/03/31 12:25:32.971,2024-03-31 12:25:32.971000+00:00
2024/03/31, 12:26:32.971, 41.524, -70.672, 0.09,24.58,52.74, 0.010, NAN,6.4, NAN,1007.7, NAN,0.0, NAN,102.0, NAN,312, NAN,4.0, NAN,52.4, NAN, 4.0, NAN, 336.5, NAN,1009.8,139.44,336.67,558.33,5.8631,6.0031,126.3,0.0,1438.189, NAN, NAN, NAN, NAN,,2024/03/31 12:26:32.971,2024-03-31 12:26:32.971000+00:00
2024/03/31, 12:27:32.971, 41.524, -70.672, 0.09,24.54,328.26, 0.000, NAN,6.4, NAN,1007.7, NAN,0.0, NAN,102.0, NAN,305, NAN,3.6, NAN,53.1, NAN, 3.6, NAN, 329.5, NAN,1009.8,144.83,335.44,566.72,5.8632,6.0057,125.7,0.0,1438.2, NAN, NAN, NAN, NAN,,2024/03/31 12:27:32.971,2024-03-31 12:27:32.971000+00:00
2024/03/31, 12:28:32.971, 41.524, -70.672, 0.01,24.58,199.49, 0.010, NAN,6.4, NAN,1007.7, NAN,0.0, NAN,102.0, NAN,309, NAN,4.0, NAN,51.4, NAN, 4.0, NAN, 333.6, NAN,1009.8,153.13,335.0,582.79,5.8631,6.0069,126.0,0.0,1438.205, NAN, NAN, NAN, NAN,,2024/03/31 12:28:32.971,2024-03-31 12:28:32.971000+00:00
2024/03/31, 12:29:32.971, 41.524, -70.672, 0.19,24.54,272.09, 0.000, NAN,6.4, NAN,1007.7, NAN,0.0, NAN,102.0, NAN,309, NAN,4.0, NAN,51.4, NAN, 4.0, NAN, 333.5, NAN,1009.8,160.32,334.89,598.2,5.8632,6.0084,126.3,0.0,1438.212, NAN, NAN, NAN, NAN,,2024/03/31 12:29:32.971,2024-03-31 12:29:32.971000+00:00
2024/03/31, 12:30:32.971, 41.524, -70.672, 0.11,24.53,282.82, 0.000, NAN,6.3, NAN,1007.7, NAN,0.0, NAN,102.0, NAN,316, NAN,4.0, NAN,51.1, NAN, 4.0, NAN, 340.5, NAN,1009.8,162.77,335.43,603.53,5.8632,6.0098,124.8,0.0,1438.218, NAN, NAN, NAN, NAN,,2024/03/31 12:30:32.971,2024-03-31 12:30:32.971000+00:00
2024/03/31, 12:31:32.971, 41.524, -70.672, -0.02,24.54,116.27, 0.000, NAN,6.3, NAN,1007.7, NAN,0.0, NAN,102.0, NAN,308, NAN,4.5, NAN,51.2, NAN, 4.5, NAN, 332.5, NAN,1009.8,155.59,335.85,589.37,5.8631,6.0124,126.3,0.0,1438.229, NAN, NAN, NAN, NAN,,2024/03/31 12:31:32.971,2024-03-31 12:31:32.971000+00:00
2024/03/31, 12:32:32.971, 41.524, -70.672, 0.11,24.58,276.91, 0.000, NAN,6.3, NAN,1007.7, NAN,0.0, NAN,102.0, NAN,312, NAN,3.6, NAN,52.8, NAN, 3.6, NAN, 336.6, NAN,1009.8,154.91,337.03,586.16,5.8632,6.0126,126.3,0.0,1438.23, NAN, NAN, NAN, NAN,,2024/03/31 12:32:32.971,2024-03-31 12:32:32.971000+00:00
2024/03/31, 12:33:32.971, 41.524, -70.672, 0.13,24.56,297.65, 0.000, NAN,6.3, NAN,1007.8, NAN,0.0, NAN,102.0, NAN,313, NAN,3.5, NAN,53.8, NAN, 3.5, NAN, 337.6, NAN,1009.9,154.14,337.53,581.52,5.8632,6.0105,126.0,0.0,1438.221, NAN, NAN, NAN, NAN,,2024/03/31 12:33:32.971,2024-03-31 12:33:32.971000+00:00
2024/03/31, 12:34:32.971, 41.524, -70.672, -0.03,24.55,250.83, 0.000, NAN,6.3, NAN,1007.8, NAN,0.0, NAN,102.0, NAN,324, NAN,3.1, NAN,54.3, NAN, 3.1, NAN, 348.6, NAN,1009.9,150.98,338.64,569.24,5.8631,6.0041,126.3,0.0,1438.193, NAN, NAN, NAN, NAN,,2024/03/31 12:34:32.971,2024-03-31 12:34:32.971000+00:00
2024/03/31, 12:35:32.971, 41.524, -70.672, -0.08,24.54,141.54, 0.010, NAN,6.3, NAN,1007.8, NAN,0.0, NAN,102.0, NAN,308, NAN,4.5, NAN,54.8, NAN, 4.5, NAN, 332.5, NAN,1009.9,141.83,338.72,537.05,5.8632,6.0003,126.3,0.0,1438.177, NAN, NAN, NAN, NAN,,2024/03/31 12:35:32.971,2024-03-31 12:35:32.971000+00:00
2024/03/31, 12:36:32.972, 41.524, -70.672, 0.09,24.59,299.34, 0.010, NAN,6.3, NAN,1007.8, NAN,0.0, NAN,102.0, NAN,312, NAN,3.9, NAN,53.6, NAN, 3.9, NAN, 336.6, NAN,1009.9,130.02,339.73,506.28,5.8631,5.998,126.0,0.0,1438.167, NAN, NAN, NAN, NAN,,2024/03/31 12:36:32.972,2024-03-31 12:36:32.972000+00:00
2024/03/31, 12:37:32.972, 41.524, -70.672, 0.09,24.65,273.11, 0.010, NAN,6.3, NAN,1007.9, NAN,0.0, NAN,102.0, NAN,316, NAN,3.1, NAN,53.9, NAN, 3.1, NAN, 340.7, NAN,1010.0,122.57,339.81,484.54,5.8632,5.9984,125.7,0.0,1438.169, NAN, NAN, NAN, NAN,,2024/03/31 12:37:32.972,2024-03-31 12:37:32.972000+00:00
2024/03/31, 12:38:32.972, 41.524, -70.672, 0.09,24.6,250.37, 0.000, NAN,6.3, NAN,1008.0, NAN,0.0, NAN,102.0, NAN,312, NAN,3.7, NAN,54.1, NAN, 3.7, NAN, 336.6, NAN,1010.1,122.67,339.02,479.85,5.8632,5.9963,126.3,0.0,1438.16, NAN, NAN, NAN, NAN,,2024/03/31 12:38:32.972,2024-03-31 12:38:32.972000+00:00
2024/03/31, 12:39:32.972, 41.524, -70.672, 0.03,24.66,262.48, 0.010, NAN,6.3, NAN,1008.0, NAN,0.0, NAN,102.0, NAN,312, NAN,4.1, NAN,54.8, NAN, 4.1, NAN, 336.7, NAN,1010.1,129.38,338.35,491.55,5.8631,5.9932,126.3,0.0,1438.146, NAN, NAN, NAN, NAN,,2024/03/31 12:39:32.972,2024-03-31 12:39:32.972000+00:00
2024/03/31, 12:40:32.972, 41.524, -70.672, 0.03,24.56,348.97, 0.010, NAN,6.3, NAN,1008.0, NAN,0.0, NAN,102.0, NAN,306, NAN,3.8, NAN,54.6, NAN, 3.8, NAN, 330.5, NAN,1010.1,137.46,337.65,512.02,5.8633,5.9949,126.0,0.0,1438.154, NAN, NAN, NAN, NAN,,2024/03/31 12:40:32.972,2024-03-31 12:40:32.972000+00:00
2024/03/31, 12:41:32.972, 41.524, -70.672, 0.01,24.48,259.41, 0.010, NAN,6.3, NAN,1008.0, NAN,0.0, NAN,102.0, NAN,305, NAN,3.6, NAN,57.2, NAN, 3.6, NAN, 329.5, NAN,1010.1,143.08,338.0,525.45,5.8632,5.9973,126.0,0.0,1438.164, NAN, NAN, NAN, NAN,,2024/03/31 12:41:32.972,2024-03-31 12:41:32.972000+00:00
2024/03/31, 12:42:32.972, 41.524, -70.672, 0.01,24.64,268.13, 0.000, NAN,6.3, NAN,1008.0, NAN,0.0, NAN,102.0, NAN,314, NAN,3.6, NAN,57.2, NAN, 3.6, NAN, 338.6, NAN,1010.1,142.79,338.05,526.21,5.8633,6.0009,126.0,0.0,1438.18, NAN, NAN, NAN, NAN,,2024/03/31 12:42:32.972,2024-03-31 12:42:32.972000+00:00
2024/03/31, 12:43:32.972, 41.524, -70.672, 0.01,24.47,84.38, 0.000, NAN,6.3, NAN,1007.9, NAN,0.0, NAN,102.0, NAN,312, NAN,3.9, NAN,61.5, NAN, 3.9, NAN, 336.5, NAN,1010.0,138.91,337.43,519.95,5.8632,6.0049,126.3,0.0,1438.197, NAN, NAN, NAN, NAN,,2024/03/31 12:43:32.972,2024-03-31 12:43:32.972000+00:00
2024/03/31, 12:44:32.972, 41.524, -70.672, 0.01,24.58,352.61, 0.000, NAN,6.3, NAN,1007.9, NAN,0.0, NAN,102.0, NAN,318, NAN,3.1, NAN,59.0, NAN, 3.1, NAN, 342.6, NAN,1010.0,140.32,337.08,523.2,5.8632,6.0089,126.3,0.0,1438.214, NAN, NAN, NAN, NAN,,2024/03/31 12:44:32.972,2024-03-31 12:44:32.972000+00:00
2024/03/31, 12:45:32.972, 41.524, -70.672, 0.04,24.58,342.11, 0.000, NAN,6.3, NAN,1007.8, NAN,0.0, NAN,102.0, NAN,305, NAN,3.8, NAN,59.5, NAN, 3.8, NAN, 329.6, NAN,1009.9,145.94,337.44,539.89,5.8632,6.0084,126.6,0.0,1438.212, NAN, NAN, NAN, NAN,,2024/03/31 12:45:32.972,2024-03-31 12:45:32.972000+00:00
2024/03/31, 12:46:32.972, 41.524, -70.672, 0.04,24.59,77.8, 0.000, NAN,6.2, NAN,1007.8, NAN,0.0, NAN,102.0, NAN,312, NAN,3.9, NAN,56.8, NAN, 3.9, NAN, 336.6, NAN,1009.9,146.63,338.31,544.9,5.8632,6.0075,126.3,0.0,1438.208, NAN, NAN, NAN, NAN,,2024/03/31 12:46:32.972,2024-03-31 12:46:32.972000+00:00
2024/03/31, 12:47:32.972, 41.524, -70.672, 0.04,24.58,346.93, 0.000, NAN,6.2, NAN,1007.8, NAN,0.0, NAN,102.0, NAN,316, NAN,1.9, NAN,57.5, NAN, 1.9, NAN, 340.6, NAN,1009.9,141.09,339.04,538.34,5.8632,6.0069,126.3,0.0,1438.205, NAN, NAN, NAN, NAN,,2024/03/31 12:47:32.972,2024-03-31 12:47:32.972000+00:00
2024/03/31, 12:48:32.972, 41.524, -70.672, 0.04,24.54,88.05, 0.010, NAN,6.2, NAN,1007.8, NAN,0.0, NAN,102.0, NAN,310, NAN,3.8, NAN,57.7, NAN, 3.8, NAN, 334.5, NAN,1009.9,135.65,339.88,529.63,5.8633,6.0092,126.0,0.0,1438.215, NAN, NAN, NAN, NAN,,2024/03/31 12:48:32.972,2024-03-31 12:48:32.972000+00:00
2024/03/31, 12:49:32.972, 41.524, -70.672, 0.04,24.59,294.0, 0.000, NAN,6.2, NAN,1007.8, NAN,0.0, NAN,102.0, NAN,309, NAN,4.2, NAN,57.3, NAN, 4.2, NAN, 333.6, NAN,1009.9,133.47,339.99,525.79,5.8632,6.0106,126.3,0.0,1438.221, NAN, NAN, NAN, NAN,,2024/03/31 12:49:32.972,2024-03-31 12:49:32.972000+00:00
2024/03/31, 12:50:32.972, 41.524, -70.672, -0.10,24.55,308.53, 0.010, NAN,6.2, NAN,1008.0, NAN,0.0, NAN,102.0, NAN,309, NAN,3.8, NAN,56.5, NAN, 3.8, NAN, 333.6, NAN,1010.1,134.99,339.98,526.66,5.8632,6.0077,126.3,0.0,1438.209, NAN, NAN, NAN, NAN,,2024/03/31 12:50:32.972,2024-03-31 12:50:32.972000+00:00
2024/03/31, 12:51:32.972, 41.524, -70.672, -0.10,24.57,116.84, 0.010, NAN,6.2, NAN,1008.0, NAN,0.0, NAN,102.0, NAN,312, NAN,3.5, NAN,56.9, NAN, 3.5, NAN, 336.5, NAN,1010.1,138.36,339.63,530.13,5.8632,6.0088,125.7,0.0,1438.213, NAN, NAN, NAN, NAN,,2024/03/31 12:51:32.972,2024-03-31 12:51:32.972000+00:00
2024/03/31, 12:52:32.972, 41.524, -70.672, -0.11,24.58,106.68, 0.000, NAN,6.2, NAN,1008.0, NAN,0.0, NAN,102.0, NAN,321, NAN,3.9, NAN,56.8, NAN, 3.9, NAN, 345.6, NAN,1010.1,142.5,339.7,535.27,5.8632,6.0096,126.0,0.0,1438.217, NAN, NAN, NAN, NAN,,2024/03/31 12:52:32.972,2024-03-31 12:52:32.972000+00:00
2024/03/31, 12:53:32.973, 41.524, -70.672, -0.11,24.65,206.23, 0.000, NAN,6.3, NAN,1008.0, NAN,0.0, NAN,102.0, NAN,321, NAN,2.9, NAN,58.2, NAN, 2.9, NAN, 345.6, NAN,1010.1,146.01,339.76,540.14,5.8632,6.0104,125.4,0.0,1438.22, NAN, NAN, NAN, NAN,,2024/03/31 12:53:32.973,2024-03-31 12:53:32.973000+00:00
2024/03/31, 12:54:32.973, 41.524, -70.672, 0.13,24.67,150.91, 0.000, NAN,6.3, NAN,1008.0, NAN,0.0, NAN,102.0, NAN,311, NAN,3.9, NAN,59.3, NAN, 3.9, NAN, 335.7, NAN,1010.1,145.82,340.05,539.44,5.8631,6.0124,126.0,0.0,1438.229, NAN, NAN, NAN, NAN,,2024/03/31 12:54:32.973,2024-03-31 12:54:32.973000+00:00
2024/03/31, 12:55:32.973, 41.524, -70.672, 0.14,24.53,184.88, 0.000, NAN,6.3, NAN,1007.8, NAN,0.0, NAN,102.0, NAN,311, NAN,3.3, NAN,60.6, NAN, 3.3, NAN, 335.5, NAN,1009.9,142.86,340.78,534.35,5.8631,6.0134,126.0,0.0,1438.233, NAN, NAN, NAN, NAN,,2024/03/31 12:55:32.973,2024-03-31 12:55:32.973000+00:00
2024/03/31, 12:56:32.973, 41.524, -70.672, 0.19,24.6,21.93, 0.000, NAN,6.3, NAN,1007.8, NAN,0.0, NAN,102.0, NAN,319, NAN,3.8, NAN,61.4, NAN, 3.8, NAN, 343.6, NAN,1009.9,143.41,340.89,537.05,5.8631,6.014,125.7,0.0,1438.236, NAN, NAN, NAN, NAN,,2024/03/31 12:56:32.973,2024-03-31 12:56:32.973000+00:00
2024/03/31, 12:57:32.973, 41.524, -70.672, 0.13,24.53,242.18, 0.000, NAN,6.3, NAN,1007.8, NAN,0.0, NAN,102.0, NAN,310, NAN,3.0, NAN,61.5, NAN, 3.0, NAN, 334.5, NAN,1009.9,149.49,340.63,548.92,5.8631,6.0135,126.3,0.0,1438.234, NAN, NAN, NAN, NAN,,2024/03/31 12:57:32.973,2024-03-31 12:57:32.973000+00:00
2024/03/31, 12:58:32.973, 41.524, -70.672, 0.07,24.66,151.19, 0.010, NAN,6.3, NAN,1007.8, NAN,0.0, NAN,102.0, NAN,310, NAN,3.8, NAN,62.7, NAN, 3.8, NAN, 334.7, NAN,1009.9,156.65,340.62,563.46,5.863,6.0132,126.3,0.0,1438.232, NAN, NAN, NAN, NAN,,2024/03/31 12:58:32.973,2024-03-31 12:58:32.973000+00:00
2024/03/31, 12:59:32.973, 41.524, -70.672, 0.07,24.59,241.65, 0.000, NAN,6.3, NAN,1007.9, NAN,0.0, NAN,102.0, NAN,309, NAN,3.8, NAN,63.0, NAN, 3.8, NAN, 333.6, NAN,1010.0,159.34,340.85,570.99,5.863,6.0082,126.3,0.0,1438.211, NAN, NAN, NAN, NAN,,2024/03/31 12:59:32.973,2024-03-31 12:59:32.973000+00:00
2024/03/31, 13:00:32.973, 41.524, -70.672, -0.03,24.72,103.36, 0.000, NAN,6.3, NAN,1007.9, NAN,0.0, NAN,102.0, NAN,315, NAN,4.2, NAN,64.2, NAN, 4.2, NAN, 339.7, NAN,1010.0,157.62,341.44,570.67,5.863,6.0058,126.0,0.0,1438.2, NAN, NAN, NAN, NAN,,2024/03/31 13:00:32.973,2024-03-31 13:00:32.973000+00:00
2024/03/31, 13:01:32.973, 41.524, -70.672, 0.07,24.62,140.81, 0.000, NAN,6.3, NAN,1007.8, NAN,0.0, NAN,102.0, NAN,306, NAN,3.6, NAN,64.0, NAN, 3.6, NAN, 330.6, NAN,1009.9,155.36,342.04,567.44,5.863,6.0063,126.3,0.0,1438.202, NAN, NAN, NAN, NAN,,2024/03/31 13:01:32.973,2024-03-31 13:01:32.973000+00:00
2024/03/31, 13:02:32.973, 41.524, -70.672, 0.08,24.67,340.47, 0.000, NAN,6.3, NAN,1007.8, NAN,0.0, NAN,102.0, NAN,316, NAN,3.7, NAN,64.7, NAN, 3.7, NAN, 340.7, NAN,1009.9,156.01,342.5,567.15,5.8629,6.0063,126.0,0.0,1438.202, NAN, NAN, NAN, NAN,,2024/03/31 13:02:32.973,2024-03-31 13:02:32.973000+00:00
2024/03/31, 13:03:32.973, 41.524, -70.672, 0.09,24.5,257.63, 0.000, NAN,6.3, NAN,1007.8, NAN,0.0, NAN,102.0, NAN,326, NAN,2.8, NAN,65.3, NAN, 2.8, NAN, 350.5, NAN,1009.9,156.1,342.62,565.84,5.8629,6.0005,126.0,0.0,1438.177, NAN, NAN, NAN, NAN,,2024/03/31 13:03:32.973,2024-03-31 13:03:32.973000+00:00
2024/03/31, 13:04:32.973, 41.524, -70.672, 0.08,24.75,68.77, 0.010, NAN,6.3, NAN,1007.8, NAN,0.0, NAN,102.0, NAN,313, NAN,3.9, NAN,65.2, NAN, 3.9, NAN, 337.7, NAN,1009.9,153.35,342.81,559.88,5.8629,5.9989,126.0,0.0,1438.17, NAN, NAN, NAN, NAN,,2024/03/31 13:04:32.973,2024-03-31 13:04:32.973000+00:00
2024/03/31, 13:05:32.973, 41.524, -70.672, 0.09,24.56,353.29, 0.000, NAN,6.3, NAN,1007.8, NAN,0.0, NAN,102.0, NAN,313, NAN,3.6, NAN,64.9, NAN, 3.6, NAN, 337.6, NAN,1009.9,146.8,342.78,546.78,5.8629,5.9976,126.0,0.0,1438.165, NAN, NAN, NAN, NAN,,2024/03/31 13:05:32.973,2024-03-31 13:05:32.973000+00:00
2024/03/31, 13:06:32.973, 41.524, -70.672, 0.11,24.58,152.48, 0.000, NAN,6.3, NAN,1007.8, NAN,0.0, NAN,102.0, NAN,320, NAN,3.4, NAN,64.8, NAN, 3.4, NAN, 344.6, NAN,1009.9,137.83,342.6,530.84,5.8628,5.9926,126.0,0.0,1438.143, NAN, NAN, NAN, NAN,,2024/03/31 13:06:32.973,2024-03-31 13:06:32.973000+00:00
2024/03/31, 13:07:32.973, 41.524, -70.672, 0.11,24.62,155.49, 0.000, NAN,6.3, NAN,1007.9, NAN,0.0, NAN,102.0, NAN,319, NAN,2.8, NAN,64.8, NAN, 2.8, NAN, 343.6, NAN,1010.0,127.67,342.97,514.34,5.8628,5.9895,126.3,0.0,1438.13, NAN, NAN, NAN, NAN,,2024/03/31 13:07:32.973,2024-03-31 13:07:32.973000+00:00
2024/03/31, 13:08:32.973, 41.524, -70.672, 0.04,24.62,329.46, 0.000, NAN,6.3, NAN,1007.9, NAN,0.0, NAN,102.0, NAN,318, NAN,3.8, NAN,65.4, NAN, 3.8, NAN, 342.6, NAN,1010.0,122.49,342.73,508.58,5.8627,5.9875,125.7,0.0,1438.121, NAN, NAN, NAN, NAN,,2024/03/31 13:08:32.973,2024-03-31 13:08:32.973000+00:00
2024/03/31, 13:09:32.973, 41.524, -70.672, 0.04,24.64,312.77, 0.000, NAN,6.4, NAN,1007.9, NAN,0.0, NAN,102.0, NAN,309, NAN,3.6, NAN,66.1, NAN, 3.6, NAN, 333.6, NAN,1010.0,121.94,342.74,512.14,5.8627,5.9883,126.0,0.0,1438.125, NAN, NAN, NAN, NAN,,2024/03/31 13:09:32.973,2024-03-31 13:09:32.973000+00:00
2024/03/31, 13:10:32.973, 41.524, -70.672, 0.07,24.66,229.24, 0.010, NAN,6.4, NAN,1007.8, NAN,0.0, NAN,102.0, NAN,315, NAN,4.0, NAN,66.1, NAN, 4.0, NAN, 339.7, NAN,1009.9,126.45,341.75,528.27,5.8628,5.9875,125.7,0.0,1438.121, NAN, NAN, NAN, NAN,,2024/03/31 13:10:32.973,2024-03-31 13:10:32.973000+00:00
2024/03/31, 13:11:32.974, 41.524, -70.672, 0.07,24.62,127.21, 0.000, NAN,6.3, NAN,1007.8, NAN,0.0, NAN,102.0, NAN,314, NAN,2.9, NAN,65.2, NAN, 2.9, NAN, 338.6, NAN,1009.9,139.92,341.02,558.44,5.8628,5.9882,126.0,0.0,1438.124, NAN, NAN, NAN, NAN,,2024/03/31 13:11:32.974,2024-03-31 13:11:32.974000+00:00
2024/03/31, 13:12:32.974, 41.524, -70.672, 0.07,24.63,254.84, 0.010, NAN,6.3, NAN,1007.8, NAN,0.0, NAN,102.0, NAN,312, NAN,3.1, NAN,66.6, NAN, 3.1, NAN, 336.7, NAN,1009.9,156.92,340.08,591.54,5.8627,5.9832,126.0,0.0,1438.103, NAN, NAN, NAN, NAN,,2024/03/31 13:12:32.974,2024-03-31 13:12:32.974000+00:00
2024/03/31, 13:13:32.974, 41.524, -70.672, 0.07,24.63,210.76, 0.010, NAN,6.3, NAN,1007.8, NAN,0.0, NAN,102.0, NAN,311, NAN,2.5, NAN,67.3, NAN, 2.5, NAN, 335.7, NAN,1009.9,170.49,338.07,621.49,5.8628,5.9779,125.7,0.0,1438.08, NAN, NAN, NAN, NAN,,2024/03/31 13:13:32.974,2024-03-31 13:13:32.974000+00:00
2024/03/31, 13:14:32.974, 41.524, -70.672, 0.07,24.63,309.2, 0.000, NAN,6.3, NAN,1007.8, NAN,0.0, NAN,102.0, NAN,306, NAN,3.0, NAN,66.0, NAN, 3.0, NAN, 330.6, NAN,1009.9,192.44,336.61,668.83,5.8627,5.9796,126.0,0.0,1438.087, NAN, NAN, NAN, NAN,,2024/03/31 13:14:32.974,2024-03-31 13:14:32.974000+00:00
2024/03/31, 13:15:32.974, 41.524, -70.672, 0.07,24.62,331.09, 0.000, NAN,6.3, NAN,1007.8, NAN,0.0, NAN,102.0, NAN,314, NAN,3.2, NAN,67.6, NAN, 3.2, NAN, 338.6, NAN,1009.9,203.38,334.53,698.76,5.8627,5.9838,126.3,0.0,1438.105, NAN, NAN, NAN, NAN,,2024/03/31 13:15:32.974,2024-03-31 13:15:32.974000+00:00
2024/03/31, 13:16:32.974, 41.524, -70.672, 0.07,24.69,267.05, 0.010, NAN,6.3, NAN,1007.9, NAN,0.0, NAN,102.0, NAN,315, NAN,3.6, NAN,67.9, NAN, 3.6, NAN, 339.8, NAN,1010.0,204.4,331.38,703.35,5.8628,5.9882,126.3,0.0,1438.124, NAN, NAN, NAN, NAN,,2024/03/31 13:16:32.974,2024-03-31 13:16:32.974000+00:00
2024/03/31, 13:17:32.974, 41.524, -70.672, 0.07,24.61,229.15, 0.000, NAN,6.3, NAN,1007.9, NAN,0.0, NAN,102.0, NAN,310, NAN,3.3, NAN,68.0, NAN, 3.3, NAN, 334.6, NAN,1010.0,202.92,326.5,705.64,5.8627,5.9899,126.0,0.0,1438.131, NAN, NAN, NAN, NAN,,2024/03/31 13:17:32.974,2024-03-31 13:17:32.974000+00:00
2024/03/31, 13:18:32.974, 41.524, -70.672, 0.07,24.6,275.92, 0.000, NAN,6.3, NAN,1008.0, NAN,0.0, NAN,102.0, NAN,305, NAN,3.1, NAN,66.7, NAN, 3.1, NAN, 329.6, NAN,1010.1,202.87,320.37,714.68,5.8626,5.9917,126.0,0.0,1438.139, NAN, NAN, NAN, NAN,,2024/03/31 13:18:32.974,2024-03-31 13:18:32.974000+00:00
2024/03/31, 13:19:32.974, 41.524, -70.672, 0.07,24.66,116.95, 0.000, NAN,6.3, NAN,1007.9, NAN,0.0, NAN,102.0, NAN,305, NAN,3.4, NAN,66.6, NAN, 3.4, NAN, 329.7, NAN,1010.0,210.6,315.08,751.48,5.8626,5.9957,126.3,0.0,1438.156, NAN, NAN, NAN, NAN,,2024/03/31 13:19:32.974,2024-03-31 13:19:32.974000+00:00
2024/03/31, 13:20:32.974, 41.524, -70.672, 0.07,24.62,17.53, 0.000, NAN,6.3, NAN,1007.9, NAN,0.0, NAN,102.0, NAN,308, NAN,3.2, NAN,66.6, NAN, 3.2, NAN, 332.6, NAN,1010.0,225.14,312.87,802.47,5.8627,6.0013,126.3,0.0,1438.181, NAN, NAN, NAN, NAN,,2024/03/31 13:20:32.974,2024-03-31 13:20:32.974000+00:00
2024/03/31, 13:21:32.974, 41.524, -70.672, 0.07,24.66,135.21, 0.000, NAN,6.2, NAN,1008.0, NAN,0.0, NAN,102.0, NAN,309, NAN,3.3, NAN,66.1, NAN, 3.3, NAN, 333.7, NAN,1010.1,249.68,314.78,876.96,5.8627,6.0093,126.3,0.0,1438.215, NAN, NAN, NAN, NAN,,2024/03/31 13:21:32.974,2024-03-31 13:21:32.974000+00:00
2024/03/31, 13:22:32.974, 41.524, -70.672, 0.07,24.62,288.43, 0.000, NAN,6.2, NAN,1008.0, NAN,0.0, NAN,102.0, NAN,313, NAN,3.3, NAN,65.5, NAN, 3.3, NAN, 337.6, NAN,1010.1,287.22,319.88,981.19,5.8626,6.0186,126.0,0.0,1438.255, NAN, NAN, NAN, NAN,,2024/03/31 13:22:32.974,2024-03-31 13:22:32.974000+00:00
2024/03/31, 13:23:32.974, 41.524, -70.672, 0.07,24.63,304.46, 0.010, NAN,6.2, NAN,1008.0, NAN,0.0, NAN,102.0, NAN,310, NAN,3.0, NAN,65.5, NAN, 3.0, NAN, 334.7, NAN,1010.1,386.01,326.62,1360.8,5.8627,6.0318,126.0,0.0,1438.312, NAN, NAN, NAN, NAN,,2024/03/31 13:23:32.974,2024-03-31 13:23:32.974000+00:00
2024/03/31, 13:24:32.974, 41.524, -70.672, 0.07,24.62,158.02, 0.000, NAN,6.2, NAN,1008.0, NAN,0.0, NAN,102.0, NAN,307, NAN,3.1, NAN,65.4, NAN, 3.1, NAN, 331.6, NAN,1010.1,381.02,331.93,1379.07,5.8627,6.0571,126.3,0.0,1438.421, NAN, NAN, NAN, NAN,,2024/03/31 13:24:32.974,2024-03-31 13:24:32.974000+00:00
2024/03/31, 13:25:32.974, 41.524, -70.672, 0.07,24.66,319.22, 0.000, NAN,6.2, NAN,1008.0, NAN,0.0, NAN,102.0, NAN,305, NAN,3.4, NAN,63.4, NAN, 3.4, NAN, 329.7, NAN,1010.1,494.61,337.58,1384.56,5.8627,6.0747,126.0,0.0,1438.496, NAN, NAN, NAN, NAN,,2024/03/31 13:25:32.974,2024-03-31 13:25:32.974000+00:00
2024/03/31, 13:26:32.974, 41.524, -70.672, -0.01,24.67,304.63, 0.000, NAN,6.2, NAN,1008.0, NAN,0.0, NAN,102.0, NAN,309, NAN,3.7, NAN,63.3, NAN, 3.7, NAN, 333.7, NAN,1010.1,398.66,339.44,1290.52,5.8627,6.1024,126.0,0.0,1438.615, NAN, NAN, NAN, NAN,,2024/03/31 13:26:32.974,2024-03-31 13:26:32.974000+00:00
2024/03/31, 13:27:32.974, 41.524, -70.672, 0.03,24.62,155.37, 0.000, NAN,6.3, NAN,1008.0, NAN,0.0, NAN,102.0, NAN,305, NAN,3.0, NAN,59.3, NAN, 3.0, NAN, 329.6, NAN,1010.1,276.75,338.72,1007.02,5.8626,6.1155,125.7,0.0,1438.672, NAN, NAN, NAN, NAN,,2024/03/31 13:27:32.974,2024-03-31 13:27:32.974000+00:00
2024/03/31, 13:28:32.975, 41.524, -70.672, 0.03,24.69,315.03, 0.010, NAN,6.3, NAN,1008.1, NAN,0.0, NAN,102.0, NAN,305, NAN,3.4, NAN,59.7, NAN, 3.4, NAN, 329.7, NAN,1010.2,234.88,338.94,892.07,5.8626,6.1136,126.3,0.0,1438.663, NAN, NAN, NAN, NAN,,2024/03/31 13:28:32.975,2024-03-31 13:28:32.975000+00:00
2024/03/31, 13:29:32.975, 41.524, -70.672, 0.03,24.65,353.92, 0.000, NAN,6.3, NAN,1008.1, NAN,0.0, NAN,102.0, NAN,303, NAN,3.8, NAN,59.7, NAN, 3.8, NAN, 327.6, NAN,1010.2,199.18,338.83,766.92,5.8627,6.1087,125.7,0.0,1438.643, NAN, NAN, NAN, NAN,,2024/03/31 13:29:32.975,2024-03-31 13:29:32.975000+00:00
2024/03/31, 13:30:32.975, 41.524, -70.672, 0.03,24.6,89.02, 0.000, NAN,6.3, NAN,1008.1, NAN,0.0, NAN,102.0, NAN,307, NAN,3.3, NAN,59.6, NAN, 3.3, NAN, 331.6, NAN,1010.2,187.08,338.63,722.71,5.8627,6.1061,126.3,0.0,1438.631, NAN, NAN, NAN, NAN,,2024/03/31 13:30:32.975,2024-03-31 13:30:32.975000+00:00
2024/03/31, 13:31:32.975, 41.524, -70.672, 0.03,24.66,322.26, 0.000, NAN,6.3, NAN,1008.3, NAN,0.0, NAN,102.0, NAN,304, NAN,3.9, NAN,58.7, NAN, 3.9, NAN, 328.7, NAN,1010.4,185.12,338.44,710.98,5.8626,6.1006,126.0,0.0,1438.608, NAN, NAN, NAN, NAN,,2024/03/31 13:31:32.975,2024-03-31 13:31:32.975000+00:00
2024/03/31, 13:32:32.975, 41.524, -70.672, 0.03,24.61,336.64, 0.000, NAN,6.3, NAN,1008.3, NAN,0.0, NAN,102.0, NAN,305, NAN,3.6, NAN,58.4, NAN, 3.6, NAN, 329.6, NAN,1010.4,191.09,338.3,719.68,5.8626,6.094,126.0,0.0,1438.579, NAN, NAN, NAN, NAN,,2024/03/31 13:32:32.975,2024-03-31 13:32:32.975000+00:00
2024/03/31, 13:33:32.975, 41.524, -70.672, 0.03,24.59,283.46, 0.000, NAN,6.4, NAN,1008.2, NAN,0.0, NAN,102.0, NAN,309, NAN,3.8, NAN,57.3, NAN, 3.8, NAN, 333.6, NAN,1010.3,199.68,337.54,737.09,5.8627,6.0878,126.0,0.0,1438.553, NAN, NAN, NAN, NAN,,2024/03/31 13:33:32.975,2024-03-31 13:33:32.975000+00:00
2024/03/31, 13:34:32.975, 41.524, -70.672, 0.03,24.61,306.54, 0.000, NAN,6.4, NAN,1008.2, NAN,0.0, NAN,102.0, NAN,309, NAN,3.3, NAN,57.5, NAN, 3.3, NAN, 333.6, NAN,1010.3,206.93,337.32,755.92,5.8626,6.0793,126.0,0.0,1438.516, NAN, NAN, NAN, NAN,,2024/03/31 13:34:32.975,2024-03-31 13:34:32.975000+00:00
2024/03/31, 13:35:32.975, 41.524, -70.672, 0.03,24.61,34.56, 0.000, NAN,6.4, NAN,1008.2, NAN,0.0, NAN,102.0, NAN,309, NAN,3.7, NAN,59.9, NAN, 3.7, NAN, 333.6, NAN,1010.3,212.84,336.61,768.95,5.8627,6.0654,126.0,0.0,1438.456, NAN, NAN, NAN, NAN,,2024/03/31 13:35:32.975,2024-03-31 13:35:32.975000+00:00
2024/03/31, 13:36:32.975, 41.524, -70.672, 0.03,24.64,148.57, 0.000, NAN,6.4, NAN,1008.2, NAN,0.0, NAN,102.0, NAN,310, NAN,3.7, NAN,58.2, NAN, 3.7, NAN, 334.6, NAN,1010.3,219.44,335.01,783.36,5.8627,6.0557,126.0,0.0,1438.415, NAN, NAN, NAN, NAN,,2024/03/31 13:36:32.975,2024-03-31 13:36:32.975000+00:00
2024/03/31, 13:37:32.975, 41.524, -70.672, 0.13,24.58,134.87, 0.010, NAN,6.4, NAN,1008.2, NAN,0.0, NAN,102.0, NAN,311, NAN,3.1, NAN,54.2, NAN, 3.1, NAN, 335.5, NAN,1010.3,227.39,333.63,801.51,5.8626,6.0467,126.0,0.0,1438.376, NAN, NAN, NAN, NAN,,2024/03/31 13:37:32.975,2024-03-31 13:37:32.975000+00:00
2024/03/31, 13:38:32.975, 41.524, -70.672, 0.14,24.64,247.73, 0.000, NAN,6.4, NAN,1008.3, NAN,0.0, NAN,102.0, NAN,309, NAN,3.9, NAN,55.6, NAN, 3.9, NAN, 333.6, NAN,1010.4,239.04,332.81,827.8,5.8627,6.043,126.0,0.0,1438.36, NAN, NAN, NAN, NAN,,2024/03/31 13:38:32.975,2024-03-31 13:38:32.975000+00:00
2024/03/31, 13:39:32.975, 41.524, -70.672, 0.14,24.58,153.72, 0.000, NAN,6.4, NAN,1008.3, NAN,0.0, NAN,102.0, NAN,310, NAN,2.9, NAN,53.8, NAN, 2.9, NAN, 334.6, NAN,1010.4,247.75,332.55,853.36,5.8627,6.0401,126.0,0.0,1438.348, NAN, NAN, NAN, NAN,,2024/03/31 13:39:32.975,2024-03-31 13:39:32.975000+00:00
2024/03/31, 13:40:32.975, 41.524, -70.672, 0.14,24.58,224.87, 0.000, NAN,6.5, NAN,1008.3, NAN,0.0, NAN,102.0, NAN,309, NAN,3.9, NAN,54.8, NAN, 3.9, NAN, 333.6, NAN,1010.4,255.99,332.08,873.5,5.8627,6.0415,126.0,0.0,1438.354, NAN, NAN, NAN, NAN,,2024/03/31 13:40:32.975,2024-03-31 13:40:32.975000+00:00
2024/03/31, 13:41:32.975, 41.524, -70.672, 0.14,24.62,41.91, 0.000, NAN,6.5, NAN,1008.3, NAN,0.0, NAN,102.0, NAN,310, NAN,4.1, NAN,54.6, NAN, 4.1, NAN, 334.6, NAN,1010.4,264.6,331.55,890.47,5.8627,6.0414,126.0,0.0,1438.353, NAN, NAN, NAN, NAN,,2024/03/31 13:41:32.975,2024-03-31 13:41:32.975000+00:00
2024/03/31, 13:42:32.975, 41.524, -70.672, 0.14,24.62,13.17, 0.000, NAN,6.5, NAN,1008.3, NAN,0.0, NAN,102.0, NAN,307, NAN,3.1, NAN,55.1, NAN, 3.1, NAN, 331.6, NAN,1010.4,264.43,330.12,891.0,5.8627,6.0384,125.1,0.0,1438.34, NAN, NAN, NAN, NAN,,2024/03/31 13:42:32.975,2024-03-31 13:42:32.975000+00:00
2024/03/31, 13:43:32.975, 41.524, -70.672, 0.14,24.62,158.74, 0.000, NAN,6.5, NAN,1008.3, NAN,0.0, NAN,102.0, NAN,311, NAN,3.6, NAN,57.1, NAN, 3.6, NAN, 335.6, NAN,1010.4,256.39,328.23,877.38,5.8627,6.0343,126.3,0.0,1438.323, NAN, NAN, NAN, NAN,,2024/03/31 13:43:32.975,2024-03-31 13:43:32.975000+00:00
2024/03/31, 13:44:32.975, 41.524, -70.672, 0.14,24.63,258.77, 0.000, NAN,6.6, NAN,1008.3, NAN,0.0, NAN,102.0, NAN,312, NAN,3.3, NAN,56.4, NAN, 3.3, NAN, 336.6, NAN,1010.4,248.08,327.02,864.6,5.8627,6.0267,126.3,0.0,1438.29, NAN, NAN, NAN, NAN,,2024/03/31 13:44:32.975,2024-03-31 13:44:32.975000+00:00
2024/03/31, 13:45:32.976, 41.524, -70.672, 0.14,24.62,300.7, 0.000, NAN,6.6, NAN,1008.4, NAN,0.0, NAN,102.0, NAN,313, NAN,3.4, NAN,58.5, NAN, 3.4, NAN, 337.6, NAN,1010.5,254.38,326.96,885.91,5.8626,6.0212,126.0,0.0,1438.266, NAN, NAN, NAN, NAN,,2024/03/31 13:45:32.976,2024-03-31 13:45:32.976000+00:00
2024/03/31, 13:46:32.976, 41.524, -70.672, 0.14,24.62,356.19, 0.000, NAN,6.6, NAN,1008.4, NAN,0.0, NAN,102.0, NAN,307, NAN,3.3, NAN,58.8, NAN, 3.3, NAN, 331.6, NAN,1010.5,267.67,328.1,916.27,5.8627,6.0208,126.0,0.0,1438.264, NAN, NAN, NAN, NAN,,2024/03/31 13:46:32.976,2024-03-31 13:46:32.976000+00:00
2024/03/31, 13:47:32.976, 41.524, -70.672, 0.14,24.62,46.57, 0.000, NAN,6.6, NAN,1008.4, NAN,0.0, NAN,102.0, NAN,301, NAN,3.3, NAN,61.4, NAN, 3.3, NAN, 325.6, NAN,1010.5,272.49,328.74,929.63,5.8627,6.02,126.3,0.0,1438.261, NAN, NAN, NAN, NAN,,2024/03/31 13:47:32.976,2024-03-31 13:47:32.976000+00:00
2024/03/31, 13:48:32.976, 41.524, -70.672, 0.14,24.62,198.9, 0.000, NAN,6.6, NAN,1008.4, NAN,0.0, NAN,102.0, NAN,299, NAN,2.8, NAN,61.4, NAN, 2.8, NAN, 323.6, NAN,1010.5,273.54,328.88,936.04,5.8627,6.0206,126.0,0.0,1438.264, NAN, NAN, NAN, NAN,,2024/03/31 13:48:32.976,2024-03-31 13:48:32.976000+00:00
2024/03/31, 13:49:32.976, 41.524, -70.672, 0.14,24.62,353.02, 0.000, NAN,6.5, NAN,1008.4, NAN,0.0, NAN,102.0, NAN,302, NAN,2.7, NAN,59.0, NAN, 2.7, NAN, 326.6, NAN,1010.5,269.25,327.66,927.83,5.8626,6.0198,126.0,0.0,1438.26, NAN, NAN, NAN, NAN,,2024/03/31 13:49:32.976,2024-03-31 13:49:32.976000+00:00
2024/03/31, 13:50:32.976, 41.524, -70.672, 0.14,24.62,239.05, 0.000, NAN,6.5, NAN,1008.4, NAN,0.0, NAN,102.0, NAN,305, NAN,3.4, NAN,60.3, NAN, 3.4, NAN, 329.6, NAN,1010.5,267.15,325.76,921.97,5.8626,6.0236,126.3,0.0,1438.276, NAN, NAN, NAN, NAN,,2024/03/31 13:50:32.976,2024-03-31 13:50:32.976000+00:00
2024/03/31, 13:51:32.976, 41.524, -70.672, 0.14,24.65,323.47, 0.000, NAN,6.5, NAN,1008.5, NAN,0.0, NAN,102.0, NAN,307, NAN,3.7, NAN,61.5, NAN, 3.7, NAN, 331.6, NAN,1010.6,260.95,323.67,907.31,5.8626,6.0291,126.0,0.0,1438.3, NAN, NAN, NAN, NAN,,2024/03/31 13:51:32.976,2024-03-31 13:51:32.976000+00:00
2024/03/31, 13:52:32.976, 41.524, -70.672, 0.14,24.65,332.06, 0.000, NAN,6.5, NAN,1008.5, NAN,0.0, NAN,102.0, NAN,301, NAN,3.6, NAN,62.0, NAN, 3.6, NAN, 325.6, NAN,1010.6,260.18,321.77,908.11,5.8626,6.0312,126.6,0.0,1438.309, NAN, NAN, NAN, NAN,,2024/03/31 13:52:32.976,2024-03-31 13:52:32.976000+00:00
2024/03/31, 13:53:32.976, 41.524, -70.672, 0.14,24.61,323.73, 0.000, NAN,6.4, NAN,1008.5, NAN,0.0, NAN,102.0, NAN,307, NAN,3.6, NAN,62.0, NAN, 3.6, NAN, 331.6, NAN,1010.6,270.74,320.63,930.19,5.8626,6.0325,125.7,0.0,1438.315, NAN, NAN, NAN, NAN,,2024/03/31 13:53:32.976,2024-03-31 13:53:32.976000+00:00
2024/03/31, 13:54:32.976, 41.524, -70.672, 0.14,24.66,336.91, 0.000, NAN,6.4, NAN,1008.6, NAN,0.0, NAN,102.0, NAN,303, NAN,3.6, NAN,56.5, NAN, 3.6, NAN, 327.7, NAN,1010.7,267.28,318.99,932.97,5.8626,6.039,126.0,0.0,1438.343, NAN, NAN, NAN, NAN,,2024/03/31 13:54:32.976,2024-03-31 13:54:32.976000+00:00
2024/03/31, 13:55:32.976, 41.524, -70.672, 0.14,24.62,359.27, 0.000, NAN,6.4, NAN,1008.6, NAN,0.0, NAN,102.0, NAN,304, NAN,3.5, NAN,58.0, NAN, 3.5, NAN, 328.6, NAN,1010.7,258.06,317.03,924.33,5.8627,6.0453,126.3,0.0,1438.37, NAN, NAN, NAN, NAN,,2024/03/31 13:55:32.976,2024-03-31 13:55:32.976000+00:00
2024/03/31, 13:56:32.976, 41.524, -70.672, 0.14,24.66,317.2, 0.000, NAN,6.4, NAN,1008.5, NAN,0.0, NAN,102.0, NAN,308, NAN,3.2, NAN,59.4, NAN, 3.2, NAN, 332.7, NAN,1010.6,263.19,317.7,948.55,5.8627,6.0538,126.3,0.0,1438.407, NAN, NAN, NAN, NAN,,2024/03/31 13:56:32.976,2024-03-31 13:56:32.976000+00:00
2024/03/31, 13:57:32.976, 41.524, -70.672, 0.14,24.6,17.39, 0.000, NAN,6.4, NAN,1008.5, NAN,0.0, NAN,102.0, NAN,309, NAN,3.4, NAN,58.7, NAN, 3.4, NAN, 333.6, NAN,1010.6,307.49,321.22,1054.04,5.8626,6.0652,126.0,0.0,1438.455, NAN, NAN, NAN, NAN,,2024/03/31 13:57:32.976,2024-03-31 13:57:32.976000+00:00
2024/03/31, 13:58:32.976, 41.524, -70.672, 0.14,24.57,106.13, 0.010, NAN,6.4, NAN,1008.6, NAN,0.0, NAN,102.0, NAN,312, NAN,2.9, NAN,58.3, NAN, 2.9, NAN, 336.5, NAN,1010.7,365.36,323.74,1263.84,5.8627,6.0763,126.0,0.0,1438.503, NAN, NAN, NAN, NAN,,2024/03/31 13:58:32.976,2024-03-31 13:58:32.976000+00:00
2024/03/31, 13:59:32.976, 41.524, -70.672, 0.09,24.58,191.73, 0.000, NAN,6.5, NAN,1008.6, NAN,0.0, NAN,102.0, NAN,312, NAN,3.1, NAN,58.3, NAN, 3.1, NAN, 336.6, NAN,1010.7,444.95,323.96,1330.03,5.8626,6.0933,126.0,0.0,1438.576, NAN, NAN, NAN, NAN,,2024/03/31 13:59:32.976,2024-03-31 13:59:32.976000+00:00
2024/03/31, 14:00:32.976, 41.524, -70.672, 0.09,24.57,319.24, 0.000, NAN,6.5, NAN,1008.5, NAN,0.0, NAN,102.0, NAN,312, NAN,3.2, NAN,57.4, NAN, 3.2, NAN, 336.6, NAN,1010.6,379.27,323.39,1287.24,5.8626,6.1017,126.0,0.0,1438.612, NAN, NAN, NAN, NAN,,2024/03/31 14:00:32.976,2024-03-31 14:00:32.976000+00:00
2024/03/31, 14:01:32.976, 41.524, -70.672, 0.09,24.6,351.34, 0.000, NAN,6.6, NAN,1008.5, NAN,0.0, NAN,102.0, NAN,314, NAN,2.4, NAN,53.4, NAN, 2.4, NAN, 338.6, NAN,1010.6,397.11,324.33,1330.02,5.8626,6.1004,126.0,0.0,1438.607, NAN, NAN, NAN, NAN,,2024/03/31 14:01:32.976,2024-03-31 14:01:32.976000+00:00
2024/03/31, 14:02:32.977, 41.524, -70.672, 0.09,24.62,303.7, 0.010, NAN,6.6, NAN,1008.6, NAN,0.0, NAN,102.0, NAN,305, NAN,3.4, NAN,55.3, NAN, 3.4, NAN, 329.7, NAN,1010.7,384.07,322.02,1313.38,5.8626,6.0988,126.0,0.0,1438.6, NAN, NAN, NAN, NAN,,2024/03/31 14:02:32.977,2024-03-31 14:02:32.977000+00:00
2024/03/31, 14:03:32.977, 41.524, -70.672, 0.09,24.66,332.63, 0.010, NAN,6.7, NAN,1008.6, NAN,0.0, NAN,102.0, NAN,308, NAN,3.3, NAN,53.3, NAN, 3.3, NAN, 332.6, NAN,1010.7,404.09,319.38,1354.19,5.8625,6.1029,125.7,0.0,1438.617, NAN, NAN, NAN, NAN,,2024/03/31 14:03:32.977,2024-03-31 14:03:32.977000+00:00
2024/03/31, 14:04:32.977, 41.524, -70.672, 0.09,24.54,294.05, 0.010, NAN,6.7, NAN,1008.6, NAN,0.0, NAN,102.0, NAN,304, NAN,3.4, NAN,52.4, NAN, 3.4, NAN, 328.6, NAN,1010.7,396.08,317.0,1364.86,5.8626,6.1073,126.3,0.0,1438.636, NAN, NAN, NAN, NAN,,2024/03/31 14:04:32.977,2024-03-31 14:04:32.977000+00:00
2024/03/31, 14:05:32.977, 41.524, -70.672, 0.09,24.62,3.93, 0.010, NAN,6.7, NAN,1008.6, NAN,0.0, NAN,102.0, NAN,305, NAN,3.5, NAN,52.4, NAN, 3.5, NAN, 329.5, NAN,1010.7,495.91,318.36,1677.0,5.8625,6.1155,126.3,0.0,1438.672, NAN, NAN, NAN, NAN,,2024/03/31 14:05:32.977,2024-03-31 14:05:32.977000+00:00
2024/03/31, 14:06:32.977, 41.524, -70.672, 0.09,24.39,340.98, 0.010, NAN,6.7, NAN,1008.6, NAN,0.0, NAN,102.0, NAN,305, NAN,3.2, NAN,50.5, NAN, 3.2, NAN, 329.4, NAN,1010.7,548.56,320.45,1748.61,5.8626,6.1249,126.0,0.0,1438.712, NAN, NAN, NAN, NAN,,2024/03/31 14:06:32.977,2024-03-31 14:06:32.977000+00:00
2024/03/31, 14:07:32.977, 41.524, -70.672, 0.09,24.64,332.24, 0.010, NAN,6.7, NAN,1008.6, NAN,0.0, NAN,102.0, NAN,307, NAN,3.0, NAN,51.3, NAN, 3.0, NAN, 331.6, NAN,1010.7,452.17,317.82,1522.61,5.8625,6.1447,126.0,0.0,1438.797, NAN, NAN, NAN, NAN,,2024/03/31 14:07:32.977,2024-03-31 14:07:32.977000+00:00
2024/03/31, 14:08:32.977, 41.524, -70.672, 0.09,24.72,42.87, 0.010, NAN,6.7, NAN,1008.6, NAN,0.0, NAN,102.0, NAN,313, NAN,2.5, NAN,52.2, NAN, 2.5, NAN, 337.7, NAN,1010.7,438.48,314.77,1449.8,5.8625,6.1629,126.0,0.0,1438.875, NAN, NAN, NAN, NAN,,2024/03/31 14:08:32.977,2024-03-31 14:08:32.977000+00:00
2024/03/31, 14:09:32.977, 41.524, -70.672, 0.09,24.39,43.07, 0.000, NAN,6.7, NAN,1008.6, NAN,0.0, NAN,102.0, NAN,312, NAN,2.5, NAN,52.7, NAN, 2.5, NAN, 336.4, NAN,1010.7,456.53,312.85,1499.2,5.8625,6.1735,126.3,0.0,1438.92, NAN, NAN, NAN, NAN,,2024/03/31 14:09:32.977,2024-03-31 14:09:32.977000+00:00
2024/03/31, 14:10:32.977, 41.524, -70.672, -0.02,24.61,331.88, 0.000, NAN,6.8, NAN,1008.5, NAN,0.0, NAN,102.0, NAN,312, NAN,2.7, NAN,52.6, NAN, 2.7, NAN, 336.6, NAN,1010.6,735.16,315.92,2136.95,5.8625,6.1877,126.3,0.0,1438.981, NAN, NAN, NAN, NAN,,2024/03/31 14:10:32.977,2024-03-31 14:10:32.977000+00:00
2024/03/31, 14:11:32.977, 41.524, -70.672, -0.02,24.51,328.57, 0.010, NAN,6.8, NAN,1008.6, NAN,0.0, NAN,102.0, NAN,312, NAN,2.8, NAN,50.5, NAN, 2.8, NAN, 336.5, NAN,1010.7,388.42,313.0,1364.23,5.8625,6.2132,126.0,0.0,1439.091, NAN, NAN, NAN, NAN,,2024/03/31 14:11:32.977,2024-03-31 14:11:32.977000+00:00
2024/03/31, 14:12:32.977, 41.524, -70.672, -0.02,24.49,63.86, 0.010, NAN,6.8, NAN,1008.6, NAN,0.0, NAN,102.0, NAN,312, NAN,3.0, NAN,49.3, NAN, 3.0, NAN, 336.4, NAN,1010.7,488.15,316.6,1623.08,5.8625,6.2214,126.0,0.0,1439.126, NAN, NAN, NAN, NAN,,2024/03/31 14:12:32.977,2024-03-31 14:12:32.977000+00:00
2024/03/31, 14:13:32.977, 41.524, -70.672, -0.02,24.61,155.52, 0.000, NAN,6.9, NAN,1008.6, NAN,0.0, NAN,102.0, NAN,312, NAN,2.1, NAN,49.6, NAN, 2.1, NAN, 336.6, NAN,1010.7,437.92,318.2,1501.17,5.8624,6.2297,125.4,0.0,1439.161, NAN, NAN, NAN, NAN,,2024/03/31 14:13:32.977,2024-03-31 14:13:32.977000+00:00
2024/03/31, 14:14:32.977, 41.524, -70.672, -0.02,24.53,37.23, 0.010, NAN,6.9, NAN,1008.6, NAN,0.0, NAN,102.0, NAN,307, NAN,2.2, NAN,48.8, NAN, 2.2, NAN, 331.5, NAN,1010.7,487.92,321.07,1705.37,5.8624,6.2343,126.3,0.0,1439.181, NAN, NAN, NAN, NAN,,2024/03/31 14:14:32.977,2024-03-31 14:14:32.977000+00:00
2024/03/31, 14:15:32.977, 41.524, -70.672, -0.02,24.58,124.54, 0.000, NAN,6.9, NAN,1008.6, NAN,0.0, NAN,102.0, NAN,307, NAN,2.2, NAN,48.9, NAN, 2.2, NAN, 331.6, NAN,1010.7,635.75,325.38,2025.46,5.8626,6.2459,126.3,0.0,1439.231, NAN, NAN, NAN, NAN,,2024/03/31 14:15:32.977,2024-03-31 14:15:32.977000+00:00
2024/03/31, 14:16:32.977, 41.524, -70.672, -0.02,24.57,13.61, 0.000, NAN,7.0, NAN,1008.6, NAN,0.0, NAN,102.0, NAN,306, NAN,2.8, NAN,48.8, NAN, 2.8, NAN, 330.6, NAN,1010.7,521.21,325.87,1715.43,5.8625,6.2637,126.0,0.0,1439.307, NAN, NAN, NAN, NAN,,2024/03/31 14:16:32.977,2024-03-31 14:16:32.977000+00:00
2024/03/31, 14:17:32.977, 41.524, -70.672, -0.02,24.53,20.54, 0.000, NAN,7.0, NAN,1008.6, NAN,0.0, NAN,102.0, NAN,311, NAN,2.7, NAN,48.8, NAN, 2.7, NAN, 335.5, NAN,1010.7,495.77,325.44,1684.98,5.8625,6.2712,126.0,0.0,1439.339, NAN, NAN, NAN, NAN,,2024/03/31 14:17:32.977,2024-03-31 14:17:32.977000+00:00
2024/03/31, 14:18:32.977, 41.524, -70.672, -0.02,24.54,122.43, 0.010, NAN,7.0, NAN,1008.6, NAN,0.0, NAN,102.0, NAN,315, NAN,2.5, NAN,48.5, NAN, 2.5, NAN, 339.5, NAN,1010.7,479.46,325.86,1644.84,5.8624,6.2826,126.6,0.0,1439.388, NAN, NAN, NAN, NAN,,2024/03/31 14:18:32.977,2024-03-31 14:18:32.977000+00:00
2024/03/31, 14:19:32.977, 41.524, -70.672, -0.02,24.49,174.23, 0.010, NAN,7.1, NAN,1008.6, NAN,0.0, NAN,102.0, NAN,317, NAN,2.2, NAN,49.3, NAN, 2.2, NAN, 341.5, NAN,1010.7,451.08,325.96,1571.52,5.8625,6.2841,126.3,0.0,1439.394, NAN, NAN, NAN, NAN,,2024/03/31 14:19:32.977,2024-03-31 14:19:32.977000+00:00
2024/03/31, 14:20:32.978, 41.524, -70.672, -0.02,24.44,317.49, 0.000, NAN,7.1, NAN,1008.6, NAN,0.0, NAN,102.0, NAN,316, NAN,2.4, NAN,48.7, NAN, 2.4, NAN, 340.4, NAN,1010.7,448.51,324.95,1538.1,5.8624,6.2833,126.0,0.0,1439.391, NAN, NAN, NAN, NAN,,2024/03/31 14:20:32.978,2024-03-31 14:20:32.978000+00:00
2024/03/31, 14:21:32.978, 41.524, -70.672, -0.02,24.49,315.33, 0.000, NAN,7.1, NAN,1008.6, NAN,0.0, NAN,102.0, NAN,315, NAN,2.4, NAN,48.9, NAN, 2.4, NAN, 339.5, NAN,1010.7,430.58,322.63,1480.25,5.8624,6.2784,126.0,0.0,1439.37, NAN, NAN, NAN, NAN,,2024/03/31 14:21:32.978,2024-03-31 14:21:32.978000+00:00
2024/03/31, 14:22:32.978, 41.524, -70.672, -0.02,24.51,62.92, 0.000, NAN,7.2, NAN,1008.5, NAN,0.0, NAN,102.0, NAN,313, NAN,2.4, NAN,47.9, NAN, 2.4, NAN, 337.5, NAN,1010.6,404.78,317.28,1399.35,5.8625,6.2675,125.7,0.0,1439.323, NAN, NAN, NAN, NAN,,2024/03/31 14:22:32.978,2024-03-31 14:22:32.978000+00:00
2024/03/31, 14:23:32.978, 41.524, -70.672, -0.02,24.48,9.28, 0.000, NAN,7.2, NAN,1008.5, NAN,0.0, NAN,102.0, NAN,314, NAN,2.6, NAN,45.8, NAN, 2.6, NAN, 338.5, NAN,1010.6,375.43,307.76,1344.94,5.8625,6.2545,126.3,1.8,1439.268, NAN, NAN, NAN, NAN,,2024/03/31 14:23:32.978,2024-03-31 14:23:32.978000+00:00
2024/03/31, 14:24:32.978, 41.524, -70.672, -0.02,24.44,238.27, 0.010, NAN,7.2, NAN,1008.5, NAN,0.0, NAN,102.0, NAN,315, NAN,2.6, NAN,45.8, NAN, 2.6, NAN, 339.4, NAN,1010.6,346.73,295.41,1330.82,5.8624,6.2434,126.3,0.0,1439.22, NAN, NAN, NAN, NAN,,2024/03/31 14:24:32.978,2024-03-31 14:24:32.978000+00:00
2024/03/31, 14:25:32.978, 41.524, -70.672, -0.02,24.54,184.18, 0.010, NAN,7.2, NAN,1008.5, NAN,0.0, NAN,102.0, NAN,315, NAN,2.6, NAN,46.2, NAN, 2.6, NAN, 339.6, NAN,1010.6,337.62,286.78,1275.38,5.8624,6.2403,126.0,0.0,1439.207, NAN, NAN, NAN, NAN,,2024/03/31 14:25:32.978,2024-03-31 14:25:32.978000+00:00
2024/03/31, 14:26:32.978, 41.524, -70.672, -0.09,24.57,95.91, 0.010, NAN,7.2, NAN,1008.6, NAN,0.0, NAN,102.0, NAN,308, NAN,2.6, NAN,46.3, NAN, 2.6, NAN, 332.6, NAN,1010.7,735.14,287.2,2283.48,5.8624,6.2527,125.7,0.0,1439.26, NAN, NAN, NAN, NAN,,2024/03/31 14:26:32.978,2024-03-31 14:26:32.978000+00:00
2024/03/31, 14:27:32.978, 41.524, -70.672, -0.09,24.36,110.32, 0.010, NAN,7.3, NAN,1008.6, NAN,0.0, NAN,102.0, NAN,303, NAN,2.7, NAN,46.6, NAN, 2.7, NAN, 327.3, NAN,1010.7,702.65,285.11,2208.59,5.8623,6.2984,126.3,0.0,1439.455, NAN, NAN, NAN, NAN,,2024/03/31 14:27:32.978,2024-03-31 14:27:32.978000+00:00
2024/03/31, 14:28:32.978, 41.524, -70.672, -0.03,24.62,192.75, 0.020, NAN,7.2, NAN,1008.6, NAN,0.0, NAN,102.0, NAN,304, NAN,2.7, NAN,46.4, NAN, 2.7, NAN, 328.8, NAN,1010.7,701.04,284.19,2187.46,5.8623,6.3446,126.3,0.0,1439.653, NAN, NAN, NAN, NAN,,2024/03/31 14:28:32.978,2024-03-31 14:28:32.978000+00:00
2024/03/31, 14:29:32.978, 41.524, -70.672, -0.03,24.36,337.13, 0.000, NAN,7.2, NAN,1008.6, NAN,0.0, NAN,102.0, NAN,309, NAN,2.7, NAN,46.3, NAN, 2.7, NAN, 333.4, NAN,1010.7,700.51,284.0,2177.49,5.8623,6.3915,126.3,0.0,1439.853, NAN, NAN, NAN, NAN,,2024/03/31 14:29:32.978,2024-03-31 14:29:32.978000+00:00
2024/03/31, 14:30:32.978, 41.524, -70.672, 0.08,24.65,325.75, 0.000, NAN,7.3, NAN,1008.6, NAN,0.0, NAN,102.0, NAN,308, NAN,2.8, NAN,45.8, NAN, 2.8, NAN, 332.6, NAN,1010.7,692.74,284.04,2146.03,5.8623,6.4272,126.3,0.0,1440.005, NAN, NAN, NAN, NAN,,2024/03/31 14:30:32.978,2024-03-31 14:30:32.978000+00:00
2024/03/31, 14:31:32.978, 41.524, -70.672, 0.08,24.44,283.23, 0.010, NAN,7.3, NAN,1008.6, NAN,0.0, NAN,102.0, NAN,307, NAN,2.9, NAN,46.8, NAN, 2.9, NAN, 331.4, NAN,1010.7,699.58,284.06,2161.81,5.8623,6.4514,126.3,0.0,1440.108, NAN, NAN, NAN, NAN,,2024/03/31 14:31:32.978,2024-03-31 14:31:32.978000+00:00
2024/03/31, 14:32:32.978, 41.524, -70.672, 0.02,24.59,25.7, 0.000, NAN,7.3, NAN,1008.6, NAN,0.0, NAN,102.0, NAN,308, NAN,2.6, NAN,46.9, NAN, 2.6, NAN, 332.6, NAN,1010.7,705.2,284.17,2163.58,5.8623,6.4756,126.0,0.0,1440.211, NAN, NAN, NAN, NAN,,2024/03/31 14:32:32.978,2024-03-31 14:32:32.978000+00:00
2024/03/31, 14:33:32.978, 41.524, -70.672, -0.03,24.47,329.38, 0.000, NAN,7.3, NAN,1008.6, NAN,0.0, NAN,102.0, NAN,304, NAN,2.9, NAN,47.1, NAN, 2.9, NAN, 328.5, NAN,1010.7,701.99,283.75,2142.33,5.8623,6.5044,126.0,0.0,1440.334, NAN, NAN, NAN, NAN,,2024/03/31 14:33:32.978,2024-03-31 14:33:32.978000+00:00
2024/03/31, 14:34:32.978, 41.524, -70.672, 0.12,24.5,100.73, 0.010, NAN,7.2, NAN,1008.6, NAN,0.0, NAN,102.0, NAN,301, NAN,3.0, NAN,45.2, NAN, 3.0, NAN, 325.5, NAN,1010.7,696.05,282.72,2095.19,5.8624,6.5309,125.7,0.0,1440.447, NAN, NAN, NAN, NAN,,2024/03/31 14:34:32.978,2024-03-31 14:34:32.978000+00:00
2024/03/31, 14:35:32.978, 41.524, -70.672, 0.11,24.49,93.88, 0.000, NAN,7.2, NAN,1008.6, NAN,0.0, NAN,102.0, NAN,305, NAN,2.7, NAN,44.9, NAN, 2.7, NAN, 329.5, NAN,1010.7,662.5,282.0,2018.14,5.8623,6.5559,126.6,0.0,1440.553, NAN, NAN, NAN, NAN,,2024/03/31 14:35:32.978,2024-03-31 14:35:32.978000+00:00
2024/03/31, 14:36:32.978, 41.524, -70.672, 0.00,24.49,308.46, 0.000, NAN,7.2, NAN,1008.6, NAN,0.0, NAN,102.0, NAN,300, NAN,2.9, NAN,48.9, NAN, 2.9, NAN, 324.5, NAN,1010.7,672.56,281.57,2031.65,5.8624,6.5601,126.3,0.0,1440.571, NAN, NAN, NAN, NAN,,2024/03/31 14:36:32.978,2024-03-31 14:36:32.978000+00:00
2024/03/31, 14:37:32.979, 41.524, -70.672, 0.00,24.35,236.82, 0.010, NAN,7.2, NAN,1008.6, NAN,0.0, NAN,102.0, NAN,304, NAN,2.5, NAN,48.5, NAN, 2.5, NAN, 328.4, NAN,1010.7,683.96,281.7,2075.39,5.8624,6.5718,126.0,0.0,1440.621, NAN, NAN, NAN, NAN,,2024/03/31 14:37:32.979,2024-03-31 14:37:32.979000+00:00
2024/03/31, 14:38:32.979, 41.524, -70.672, 0.00,24.38,291.65, 0.000, NAN,7.2, NAN,1008.6, NAN,0.0, NAN,102.0, NAN,299, NAN,2.5, NAN,48.5, NAN, 2.5, NAN, 323.4, NAN,1010.7,683.19,281.27,2056.71,5.8624,6.575,126.3,0.0,1440.634, NAN, NAN, NAN, NAN,,2024/03/31 14:38:32.979,2024-03-31 14:38:32.979000+00:00
2024/03/31, 14:39:32.979, 41.524, -70.672, 0.01,24.31,319.07, 0.000, NAN,7.1, NAN,1008.5, NAN,0.0, NAN,102.0, NAN,306, NAN,2.6, NAN,48.7, NAN, 2.6, NAN, 330.3, NAN,1010.6,710.59,281.73,2123.22,5.8624,6.5805,126.0,0.0,1440.658, NAN, NAN, NAN, NAN,,2024/03/31 14:39:32.979,2024-03-31 14:39:32.979000+00:00
2024/03/31, 14:40:32.979, 41.524, -70.672, -0.07,24.37,359.57, 0.010, NAN,7.1, NAN,1008.6, NAN,0.0, NAN,102.0, NAN,306, NAN,2.6, NAN,48.9, NAN, 2.6, NAN, 330.3, NAN,1010.7,716.66,282.1,2131.48,5.8624,6.5902,124.4,0.0,1440.699, NAN, NAN, NAN, NAN,,2024/03/31 14:40:32.979,2024-03-31 14:40:32.979000+00:00
2024/03/31, 14:41:32.979, 41.524, -70.672, -0.07,24.38,189.25, 0.010, NAN,7.2, NAN,1008.5, NAN,0.0, NAN,102.0, NAN,306, NAN,2.7, NAN,48.3, NAN, 2.7, NAN, 330.4, NAN,1010.6,729.76,282.37,2153.47,5.8624,6.5922,126.0,0.0,1440.707, NAN, NAN, NAN, NAN,,2024/03/31 14:41:32.979,2024-03-31 14:41:32.979000+00:00
2024/03/31, 14:42:32.979, 41.524, -70.672, -0.07,24.47,295.43, 0.010, NAN,7.2, NAN,1008.5, NAN,0.0, NAN,102.0, NAN,306, NAN,2.3, NAN,49.4, NAN, 2.3, NAN, 330.5, NAN,1010.6,734.73,282.8,2144.94,5.8625,6.5957,126.0,0.0,1440.722, NAN, NAN, NAN, NAN,,2024/03/31 14:42:32.979,2024-03-31 14:42:32.979000+00:00
2024/03/31, 14:43:32.979, 41.524, -70.672, 0.21,24.48,255.17, 0.000, NAN,7.2, NAN,1008.4, NAN,0.0, NAN,102.0, NAN,311, NAN,2.0, NAN,50.2, NAN, 2.0, NAN, 335.5, NAN,1010.5,737.27,283.34,2160.46,5.8625,6.59,126.0,0.0,1440.698, NAN, NAN, NAN, NAN,,2024/03/31 14:43:32.979,2024-03-31 14:43:32.979000+00:00
2024/03/31, 14:44:32.979, 41.524, -70.672, 0.21,24.38,299.13, 0.010, NAN,7.3, NAN,1008.4, NAN,0.0, NAN,102.0, NAN,310, NAN,1.9, NAN,49.9, NAN, 1.9, NAN, 334.5, NAN,1010.5,740.11,283.28,2146.07,5.8626,6.5931,125.7,0.0,1440.711, NAN, NAN, NAN, NAN,,2024/03/31 14:44:32.979,2024-03-31 14:44:32.979000+00:00
2024/03/31, 14:45:32.979, 41.524, -70.672, 0.21,24.4,336.69, 0.000, NAN,7.3, NAN,1008.4, NAN,0.0, NAN,102.0, NAN,309, NAN,2.1, NAN,50.3, NAN, 2.1, NAN, 333.4, NAN,1010.5,734.04,283.02,2130.82,5.8626,6.5848,126.3,0.0,1440.676, NAN, NAN, NAN, NAN,,2024/03/31 14:45:32.979,2024-03-31 14:45:32.979000+00:00
2024/03/31, 14:46:32.979, 41.524, -70.672, 0.21,24.32,311.33, 0.000, NAN,7.3, NAN,1008.4, NAN,0.0, NAN,102.0, NAN,307, NAN,1.8, NAN,51.0, NAN, 1.8, NAN, 331.3, NAN,1010.5,727.61,282.66,2023.91,5.8626,6.5778,126.0,0.0,1440.647, NAN, NAN, NAN, NAN,,2024/03/31 14:46:32.979,2024-03-31 14:46:32.979000+00:00
2024/03/31, 14:47:32.979, 41.524, -70.672, 0.21,24.36,27.32, 0.000, NAN,7.3, NAN,1008.4, NAN,0.0, NAN,102.0, NAN,311, NAN,2.1, NAN,51.3, NAN, 2.1, NAN, 335.4, NAN,1010.5,698.17,282.15,2049.29,5.8626,6.5616,126.3,0.0,1440.578, NAN, NAN, NAN, NAN,,2024/03/31 14:47:32.979,2024-03-31 14:47:32.979000+00:00
2024/03/31, 14:48:32.979, 41.524, -70.672, 0.21,24.4,339.24, 0.000, NAN,7.4, NAN,1008.4, NAN,0.0, NAN,102.0, NAN,302, NAN,1.7, NAN,51.3, NAN, 1.7, NAN, 326.4, NAN,1010.5,737.93,282.38,2119.52,5.8627,6.5279,126.0,0.0,1440.435, NAN, NAN, NAN, NAN,,2024/03/31 14:48:32.979,2024-03-31 14:48:32.979000+00:00
2024/03/31, 14:49:32.979, 41.524, -70.672, 0.21,24.36,332.92, 0.000, NAN,7.4, NAN,1008.4, NAN,0.0, NAN,102.0, NAN,242, NAN,1.5, NAN,51.3, NAN, 1.5, NAN, 266.4, NAN,1010.5,747.49,281.77,2137.01,5.8627,6.4988,126.3,0.0,1440.311, NAN, NAN, NAN, NAN,,2024/03/31 14:49:32.979,2024-03-31 14:49:32.979000+00:00
2024/03/31, 14:50:32.979, 41.524, -70.672, -0.07,24.44,310.79, 0.010, NAN,7.4, NAN,1008.4, NAN,0.0, NAN,102.0, NAN,303, NAN,2.0, NAN,51.3, NAN, 2.0, NAN, 327.5, NAN,1010.5,749.22,281.39,2132.03,5.8627,6.4733,126.3,0.0,1440.202, NAN, NAN, NAN, NAN,,2024/03/31 14:50:32.979,2024-03-31 14:50:32.979000+00:00
2024/03/31, 14:51:32.979, 41.524, -70.672, -0.14,24.48,346.42, 0.000, NAN,7.3, NAN,1008.4, NAN,0.0, NAN,102.0, NAN,296, NAN,1.8, NAN,48.1, NAN, 1.8, NAN, 320.5, NAN,1010.5,748.25,281.39,2110.95,5.8627,6.4282,126.3,0.5,1440.01, NAN, NAN, NAN, NAN,,2024/03/31 14:51:32.979,2024-03-31 14:51:32.979000+00:00
2024/03/31, 14:52:32.979, 41.524, -70.672, -0.14,24.49,65.78, 0.000, NAN,7.3, NAN,1008.4, NAN,0.0, NAN,102.0, NAN,278, NAN,1.5, NAN,48.1, NAN, 1.5, NAN, 302.5, NAN,1010.5,754.77,281.04,2124.02,5.8628,6.388,126.0,0.0,1439.839, NAN, NAN, NAN, NAN,,2024/03/31 14:52:32.979,2024-03-31 14:52:32.979000+00:00
2024/03/31, 14:53:32.979, 41.524, -70.672, -0.03,24.43,73.56, 0.000, NAN,7.3, NAN,1008.4, NAN,0.0, NAN,102.0, NAN,299, NAN,3.2, NAN,46.8, NAN, 3.2, NAN, 323.4, NAN,1010.5,754.29,280.63,2112.35,5.8628,6.3533,126.6,0.0,1439.69, NAN, NAN, NAN, NAN,,2024/03/31 14:53:32.979,2024-03-31 14:53:32.979000+00:00
2024/03/31, 14:54:32.980, 41.524, -70.672, -0.07,24.45,48.57, 0.000, NAN,7.3, NAN,1008.4, NAN,0.0, NAN,102.0, NAN,306, NAN,1.9, NAN,46.8, NAN, 1.9, NAN, 330.5, NAN,1010.5,741.54,280.64,2077.99,5.8629,6.3152,126.0,0.0,1439.528, NAN, NAN, NAN, NAN,,2024/03/31 14:54:32.980,2024-03-31 14:54:32.980000+00:00
2024/03/31, 14:55:32.980, 41.524, -70.672, -0.07,24.36,337.04, 0.000, NAN,7.4, NAN,1008.4, NAN,0.0, NAN,102.0, NAN,299, NAN,2.3, NAN,46.0, NAN, 2.3, NAN, 323.4, NAN,1010.5,743.16,280.61,2076.37,5.8628,6.2931,126.3,0.0,1439.433, NAN, NAN, NAN, NAN,,2024/03/31 14:55:32.980,2024-03-31 14:55:32.980000+00:00
2024/03/31, 14:56:32.980, 41.524, -70.672, -0.07,24.4,6.74, 0.010, NAN,7.4, NAN,1008.4, NAN,0.0, NAN,102.0, NAN,300, NAN,2.4, NAN,46.3, NAN, 2.4, NAN, 324.3, NAN,1010.5,748.47,280.32,2090.04,5.8628,6.2944,126.3,0.0,1439.439, NAN, NAN, NAN, NAN,,2024/03/31 14:56:32.980,2024-03-31 14:56:32.980000+00:00
2024/03/31, 14:57:32.980, 41.524, -70.672, -0.20,24.4,313.79, 0.000, NAN,7.4, NAN,1008.4, NAN,0.0, NAN,102.0, NAN,310, NAN,2.7, NAN,45.4, NAN, 2.7, NAN, 334.4, NAN,1010.5,760.37,280.67,2113.02,5.8629,6.2887,126.3,0.0,1439.414, NAN, NAN, NAN, NAN,,2024/03/31 14:57:32.980,2024-03-31 14:57:32.980000+00:00
2024/03/31, 14:58:32.980, 41.524, -70.672, -0.01,24.39,38.65, 0.000, NAN,7.4, NAN,1008.4, NAN,0.0, NAN,102.0, NAN,317, NAN,2.8, NAN,43.3, NAN, 2.8, NAN, 341.4, NAN,1010.5,770.6,281.35,2129.37,5.8629,6.2793,126.3,0.0,1439.374, NAN, NAN, NAN, NAN,,2024/03/31 14:58:32.980,2024-03-31 14:58:32.980000+00:00
2024/03/31, 14:59:32.980, 41.524, -70.672, -0.03,24.46,353.61, 0.000, NAN,7.5, NAN,1008.4, NAN,0.0, NAN,102.0, NAN,317, NAN,2.6, NAN,43.6, NAN, 2.6, NAN, 341.5, NAN,1010.5,774.63,281.62,2136.61,5.863,6.2783,126.3,0.0,1439.37, NAN, NAN, NAN, NAN,,2024/03/31 14:59:32.980,2024-03-31 14:59:32.980000+00:00
2024/03/31, 15:00:32.980, 41.524, -70.672, 0.09,24.53,322.83, 0.000, NAN,7.5, NAN,1008.4, NAN,0.0, NAN,102.0, NAN,320, NAN,2.6, NAN,44.3, NAN, 2.6, NAN, 344.5, NAN,1010.5,778.92,282.21,2138.9,5.8629,6.2816,126.3,0.0,1439.384, NAN, NAN, NAN, NAN,,2024/03/31 15:00:32.980,2024-03-31 15:00:32.980000+00:00
2024/03/31, 15:01:32.980, 41.524, -70.672, 0.04,24.49,21.82, 0.000, NAN,7.6, NAN,1008.4, NAN,0.0, NAN,102.0, NAN,311, NAN,2.3, NAN,44.2, NAN, 2.3, NAN, 335.5, NAN,1010.5,778.85,281.84,2130.61,5.8629,6.2788,126.3,0.0,1439.372, NAN, NAN, NAN, NAN,,2024/03/31 15:01:32.980,2024-03-31 15:01:32.980000+00:00
2024/03/31, 15:02:32.980, 41.524, -70.672, 0.01,24.44,90.43, 0.000, NAN,7.7, NAN,1008.3, NAN,0.0, NAN,102.0, NAN,310, NAN,2.6, NAN,43.6, NAN, 2.6, NAN, 334.4, NAN,1010.4,781.16,281.77,2130.93,5.863,6.2758,126.0,0.0,1439.359, NAN, NAN, NAN, NAN,,2024/03/31 15:02:32.980,2024-03-31 15:02:32.980000+00:00
2024/03/31, 15:03:32.980, 41.524, -70.672, 0.04,24.45,88.48, 0.000, NAN,7.7, NAN,1008.3, NAN,0.0, NAN,102.0, NAN,309, NAN,2.1, NAN,43.1, NAN, 2.1, NAN, 333.4, NAN,1010.4,784.9,282.14,2124.53,5.863,6.2858,126.0,0.0,1439.402, NAN, NAN, NAN, NAN,,2024/03/31 15:03:32.980,2024-03-31 15:03:32.980000+00:00
2024/03/31, 15:04:32.980, 41.524, -70.672, 0.07,24.39,177.38, 0.000, NAN,7.7, NAN,1008.3, NAN,0.0, NAN,102.0, NAN,307, NAN,2.4, NAN,42.8, NAN, 2.4, NAN, 331.4, NAN,1010.4,779.8,282.12,2117.54,5.8629,6.2987,126.3,0.0,1439.457, NAN, NAN, NAN, NAN,,2024/03/31 15:04:32.980,2024-03-31 15:04:32.980000+00:00
2024/03/31, 15:05:32.980, 41.524, -70.672, -0.08,24.39,231.9, 0.000, NAN,7.8, NAN,1008.3, NAN,0.0, NAN,102.0, NAN,298, NAN,2.3, NAN,43.0, NAN, 2.3, NAN, 322.4, NAN,1010.4,792.6,282.11,2125.65,5.863,6.3207,126.0,0.0,1439.551, NAN, NAN, NAN, NAN,,2024/03/31 15:05:32.980,2024-03-31 15:05:32.980000+00:00
2024/03/31, 15:06:32.980, 41.524, -70.672, 0.06,24.43,106.07, 0.010, NAN,7.8, NAN,1008.3, NAN,0.0, NAN,102.0, NAN,314, NAN,3.0, NAN,43.5, NAN, 3.0, NAN, 338.3, NAN,1010.4,785.29,282.09,2112.89,5.863,6.3215,126.3,0.0,1439.555, NAN, NAN, NAN, NAN,,2024/03/31 15:06:32.980,2024-03-31 15:06:32.980000+00:00
2024/03/31, 15:07:32.980, 41.524, -70.672, -0.18,24.4,280.0, 0.000, NAN,7.8, NAN,1008.2, NAN,0.0, NAN,102.0, NAN,308, NAN,2.9, NAN,44.1, NAN, 2.9, NAN, 332.4, NAN,1010.3,775.18,281.77,2080.9,5.863,6.3162,126.3,0.0,1439.532, NAN, NAN, NAN, NAN,,2024/03/31 15:07:32.980,2024-03-31 15:07:32.980000+00:00
2024/03/31, 15:08:32.980, 41.524, -70.672, 0.00,24.4,305.87, 0.000, NAN,7.8, NAN,1008.3, NAN,0.0, NAN,102.0, NAN,308, NAN,2.9, NAN,44.2, NAN, 2.9, NAN, 332.4, NAN,1010.4,779.55,282.0,2098.16,5.8631,6.3126,126.3,0.0,1439.517, NAN, NAN, NAN, NAN,,2024/03/31 15:08:32.980,2024-03-31 15:08:32.980000+00:00
2024/03/31, 15:09:32.980, 41.524, -70.672, -0.05,24.42,341.75, 0.000, NAN,7.8, NAN,1008.2, NAN,0.0, NAN,102.0, NAN,312, NAN,2.7, NAN,43.8, NAN, 2.7, NAN, 336.4, NAN,1010.3,777.28,282.17,2090.16,5.863,6.2932,126.0,0.0,1439.434, NAN, NAN, NAN, NAN,,2024/03/31 15:09:32.980,2024-03-31 15:09:32.980000+00:00
2024/03/31, 15:10:32.980, 41.524, -70.672, 0.01,24.4,90.52, 0.000, NAN,7.8, NAN,1008.2, NAN,0.0, NAN,102.0, NAN,308, NAN,3.0, NAN,43.6, NAN, 3.0, NAN, 332.4, NAN,1010.3,781.84,282.24,2100.91,5.8631,6.2773,126.3,0.0,1439.366, NAN, NAN, NAN, NAN,,2024/03/31 15:10:32.980,2024-03-31 15:10:32.980000+00:00
2024/03/31, 15:11:32.981, 41.524, -70.672, 0.17,24.44,42.45, 0.000, NAN,7.8, NAN,1008.1, NAN,0.0, NAN,102.0, NAN,307, NAN,2.8, NAN,43.8, NAN, 2.8, NAN, 331.4, NAN,1010.2,785.81,281.99,2104.18,5.863,6.2599,126.3,0.0,1439.291, NAN, NAN, NAN, NAN,,2024/03/31 15:11:32.981,2024-03-31 15:11:32.981000+00:00
2024/03/31, 15:12:32.981, 41.524, -70.672, 0.10,24.44,49.96, 0.000, NAN,7.8, NAN,1008.1, NAN,0.0, NAN,102.0, NAN,305, NAN,2.7, NAN,43.7, NAN, 2.7, NAN, 329.4, NAN,1010.2,787.53,281.74,2103.37,5.863,6.2432,126.3,0.0,1439.22, NAN, NAN, NAN, NAN,,2024/03/31 15:12:32.981,2024-03-31 15:12:32.981000+00:00
2024/03/31, 15:13:32.981, 41.524, -70.672, 0.10,24.44,333.68, 0.000, NAN,7.9, NAN,1008.2, NAN,0.0, NAN,102.0, NAN,306, NAN,3.0, NAN,43.7, NAN, 3.0, NAN, 330.4, NAN,1010.3,789.28,281.64,2102.97,5.8629,6.2392,126.0,0.0,1439.203, NAN, NAN, NAN, NAN,,2024/03/31 15:13:32.981,2024-03-31 15:13:32.981000+00:00
2024/03/31, 15:14:32.981, 41.524, -70.672, 0.21,24.4,286.43, 0.000, NAN,7.9, NAN,1008.2, NAN,0.0, NAN,102.0, NAN,302, NAN,2.6, NAN,43.3, NAN, 2.6, NAN, 326.4, NAN,1010.3,785.39,281.38,2089.72,5.863,6.2421,126.3,0.0,1439.215, NAN, NAN, NAN, NAN,,2024/03/31 15:14:32.981,2024-03-31 15:14:32.981000+00:00
2024/03/31, 15:15:32.981, 41.524, -70.672, 0.21,24.38,106.44, 0.000, NAN,7.9, NAN,1008.3, NAN,0.0, NAN,102.0, NAN,305, NAN,3.9, NAN,44.2, NAN, 3.9, NAN, 329.4, NAN,1010.4,789.6,280.6,2096.62,5.8629,6.2473,126.3,0.0,1439.237, NAN, NAN, NAN, NAN,,2024/03/31 15:15:32.981,2024-03-31 15:15:32.981000+00:00
2024/03/31, 15:16:32.981, 41.524, -70.672, 0.21,24.4,229.99, 0.000, NAN,7.8, NAN,1008.3, NAN,0.0, NAN,102.0, NAN,294, NAN,3.2, NAN,43.6, NAN, 3.2, NAN, 318.4, NAN,1010.4,789.51,280.86,2093.83,5.863,6.2639,126.3,0.0,1439.308, NAN, NAN, NAN, NAN,,2024/03/31 15:16:32.981,2024-03-31 15:16:32.981000+00:00
2024/03/31, 15:17:32.981, 41.524, -70.672, 0.11,24.4,283.69, 0.000, NAN,7.8, NAN,1008.3, NAN,0.0, NAN,102.0, NAN,304, NAN,3.2, NAN,43.5, NAN, 3.2, NAN, 328.4, NAN,1010.4,784.53,280.48,2080.07,5.8629,6.27,125.1,0.0,1439.334, NAN, NAN, NAN, NAN,,2024/03/31 15:17:32.981,2024-03-31 15:17:32.981000+00:00
2024/03/31, 15:18:32.981, 41.524, -70.672, 0.11,24.36,147.41, 0.000, NAN,7.8, NAN,1008.3, NAN,0.0, NAN,102.0, NAN,308, NAN,2.9, NAN,44.0, NAN, 2.9, NAN, 332.4, NAN,1010.4,792.34,281.06,2096.98,5.8629,6.2581,126.3,0.0,1439.284, NAN, NAN, NAN, NAN,,2024/03/31 15:18:32.981,2024-03-31 15:18:32.981000+00:00
2024/03/31, 15:19:32.981, 41.524, -70.672, 0.11,24.4,188.29, 0.010, NAN,7.8, NAN,1008.3, NAN,0.0, NAN,102.0, NAN,251, NAN,1.4, NAN,44.1, NAN, 1.4, NAN, 275.5, NAN,1010.4,802.13,281.61,2120.9,5.8629,6.2419,126.3,0.0,1439.214, NAN, NAN, NAN, NAN,,2024/03/31 15:19:32.981,2024-03-31 15:19:32.981000+00:00
2024/03/31, 15:20:32.981, 41.524, -70.672, 0.36,24.37,203.59, 0.010, NAN,7.8, NAN,1008.3, NAN,0.0, NAN,102.0, NAN,239, NAN,1.5, NAN,46.3, NAN, 1.5, NAN, 263.6, NAN,1010.4,808.11,281.63,2129.95,5.8628,6.217,126.6,0.0,1439.107, NAN, NAN, NAN, NAN,,2024/03/31 15:20:32.981,2024-03-31 15:20:32.981000+00:00
2024/03/31, 15:21:32.981, 41.524, -70.672, 0.08,24.54,58.52, 0.000, NAN,7.9, NAN,1008.3, NAN,0.0, NAN,102.0, NAN,282, NAN,1.3, NAN,47.8, NAN, 1.3, NAN, 306.5, NAN,1010.4,813.45,282.46,2133.12,5.8629,6.1913,126.0,0.0,1438.997, NAN, NAN, NAN, NAN,,2024/03/31 15:21:32.981,2024-03-31 15:21:32.981000+00:00
2024/03/31, 15:22:32.981, 41.524, -70.672, 0.31,24.64,312.74, 0.000, NAN,7.9, NAN,1008.3, NAN,0.0, NAN,102.0, NAN,200, NAN,2.1, NAN,48.5, NAN, 2.1, NAN, 224.6, NAN,1010.4,814.3,281.74,2133.61,5.8628,6.1685,126.0,0.0,1438.899, NAN, NAN, NAN, NAN,,2024/03/31 15:22:32.981,2024-03-31 15:22:32.981000+00:00
2024/03/31, 15:23:32.981, 41.524, -70.672, 0.07,24.32,180.66, 0.010, NAN,8.1, NAN,1008.3, NAN,0.0, NAN,102.0, NAN,169, NAN,2.5, NAN,50.5, NAN, 2.5, NAN, 193.3, NAN,1010.4,817.0,278.91,2135.32,5.8628,6.1505,126.0,0.0,1438.822, NAN, NAN, NAN, NAN,,2024/03/31 15:23:32.981,2024-03-31 15:23:32.981000+00:00
2024/03/31, 15:24:32.981, 41.524, -70.672, 0.24,24.92,354.89, 0.010, NAN,7.9, NAN,1008.3, NAN,0.0, NAN,102.0, NAN,173, NAN,2.7, NAN,54.0, NAN, 2.7, NAN, 197.9, NAN,1010.4,817.95,278.7,2134.11,5.8629,6.1356,126.3,0.0,1438.758, NAN, NAN, NAN, NAN,,2024/03/31 15:24:32.981,2024-03-31 15:24:32.981000+00:00
2024/03/31, 15:25:32.981, 41.524, -70.672, 0.30,24.4,58.47, 0.010, NAN,7.6, NAN,1008.3, NAN,0.0, NAN,102.0, NAN,157, NAN,3.1, NAN,54.2, NAN, 3.1, NAN, 181.5, NAN,1010.4,819.69,277.92,2135.53,5.8628,6.1213,126.3,0.0,1438.697, NAN, NAN, NAN, NAN,,2024/03/31 15:25:32.981,2024-03-31 15:25:32.981000+00:00
2024/03/31, 15:26:32.981, 41.524, -70.672, 0.10,24.62,314.1, 0.000, NAN,7.4, NAN,1008.2, NAN,0.0, NAN,102.0, NAN,180, NAN,2.2, NAN,52.2, NAN, 2.2, NAN, 204.6, NAN,1010.3,821.68,279.06,2138.34,5.8628,6.1127,127.2,0.0,1438.66, NAN, NAN, NAN, NAN,,2024/03/31 15:26:32.981,2024-03-31 15:26:32.981000+00:00
2024/03/31, 15:27:32.981, 41.524, -70.672, 0.13,24.55,91.11, 0.010, NAN,7.4, NAN,1008.3, NAN,0.0, NAN,102.0, NAN,229, NAN,2.0, NAN,59.6, NAN, 2.0, NAN, 253.6, NAN,1010.4,823.37,278.46,2139.36,5.8629,6.1077,125.7,0.0,1438.639, NAN, NAN, NAN, NAN,,2024/03/31 15:27:32.981,2024-03-31 15:27:32.981000+00:00
2024/03/31, 15:28:32.981, 41.524, -70.672, 0.15,24.53,130.8, 0.010, NAN,7.3, NAN,1008.3, NAN,0.0, NAN,102.0, NAN,163, NAN,3.1, NAN,61.9, NAN, 3.1, NAN, 187.6, NAN,1010.4,822.67,277.54,2134.71,5.8628,6.1075,126.0,0.0,1438.638, NAN, NAN, NAN, NAN,,2024/03/31 15:28:32.981,2024-03-31 15:28:32.981000+00:00
2024/03/31, 15:29:32.982, 41.524, -70.672, 0.18,24.51,24.21, 0.000, NAN,7.1, NAN,1008.3, NAN,0.0, NAN,102.0, NAN,152, NAN,3.0, NAN,59.7, NAN, 3.0, NAN, 176.5, NAN,1010.4,824.55,277.23,2136.4,5.8628,6.1021,125.7,0.0,1438.614, NAN, NAN, NAN, NAN,,2024/03/31 15:29:32.982,2024-03-31 15:29:32.982000+00:00
2024/03/31, 15:30:32.982, 41.524, -70.672, 0.20,24.49,57.02, 0.000, NAN,7.0, NAN,1008.3, NAN,0.0, NAN,102.0, NAN,169, NAN,2.6, NAN,57.4, NAN, 2.6, NAN, 193.5, NAN,1010.4,826.89,278.08,2138.37,5.8628,6.0917,126.0,0.0,1438.57, NAN, NAN, NAN, NAN,,2024/03/31 15:30:32.982,2024-03-31 15:30:32.982000+00:00
2024/03/31, 15:31:32.982, 41.524, -70.672, 0.22,24.42,190.72, 0.000, NAN,7.0, NAN,1008.3, NAN,0.0, NAN,102.0, NAN,162, NAN,3.3, NAN,60.4, NAN, 3.3, NAN, 186.4, NAN,1010.4,829.72,278.82,2142.26,5.8628,6.0837,126.0,0.0,1438.535, NAN, NAN, NAN, NAN,,2024/03/31 15:31:32.982,2024-03-31 15:31:32.982000+00:00
2024/03/31, 15:32:32.982, 41.524, -70.672, 0.10,24.41,285.4, 0.010, NAN,7.0, NAN,1008.3, NAN,0.0, NAN,102.0, NAN,157, NAN,3.2, NAN,57.1, NAN, 3.2, NAN, 181.3, NAN,1010.4,827.12,278.09,2134.61,5.8628,6.0805,126.3,0.0,1438.521, NAN, NAN, NAN, NAN,,2024/03/31 15:32:32.982,2024-03-31 15:32:32.982000+00:00
2024/03/31, 15:33:32.982, 41.524, -70.672, -0.16,24.51,269.72, 0.010, NAN,6.9, NAN,1008.3, NAN,0.0, NAN,102.0, NAN,156, NAN,3.1, NAN,55.4, NAN, 3.1, NAN, 180.4, NAN,1010.4,825.4,277.74,2126.42,5.8629,6.0793,126.0,0.0,1438.516, NAN, NAN, NAN, NAN,,2024/03/31 15:33:32.982,2024-03-31 15:33:32.982000+00:00
2024/03/31, 15:34:32.982, 41.524, -70.672, 0.17,24.48,42.5, 0.010, NAN,6.9, NAN,1008.3, NAN,0.0, NAN,102.0, NAN,156, NAN,3.1, NAN,57.4, NAN, 3.1, NAN, 180.4, NAN,1010.4,826.73,278.2,2132.09,5.8628,6.0799,125.4,0.0,1438.519, NAN, NAN, NAN, NAN,,2024/03/31 15:34:32.982,2024-03-31 15:34:32.982000+00:00
2024/03/31, 15:35:32.982, 41.524, -70.672, 0.01,24.41,345.88, 0.000, NAN,6.9, NAN,1008.3, NAN,0.0, NAN,102.0, NAN,157, NAN,3.2, NAN,58.0, NAN, 3.2, NAN, 181.4, NAN,1010.4,832.03,278.48,2136.6,5.8628,6.0762,126.3,0.0,1438.503, NAN, NAN, NAN, NAN,,2024/03/31 15:35:32.982,2024-03-31 15:35:32.982000+00:00
2024/03/31, 15:36:32.982, 41.524, -70.672, -0.01,24.4,63.11, 0.010, NAN,6.9, NAN,1008.3, NAN,0.0, NAN,102.0, NAN,154, NAN,2.7, NAN,57.3, NAN, 2.7, NAN, 178.5, NAN,1010.4,832.72,278.13,2134.1,5.8628,6.0696,126.3,0.0,1438.475, NAN, NAN, NAN, NAN,,2024/03/31 15:36:32.982,2024-03-31 15:36:32.982000+00:00
2024/03/31, 15:37:32.982, 41.524, -70.672, -0.04,24.4,272.05, 0.010, NAN,6.9, NAN,1008.3, NAN,0.0, NAN,102.0, NAN,153, NAN,2.7, NAN,57.5, NAN, 2.7, NAN, 177.3, NAN,1010.4,831.82,279.03,2129.86,5.8628,6.0645,126.6,0.0,1438.453, NAN, NAN, NAN, NAN,,2024/03/31 15:37:32.982,2024-03-31 15:37:32.982000+00:00
2024/03/31, 15:38:32.982, 41.524, -70.672, -0.15,24.39,24.51, 0.010, NAN,6.9, NAN,1008.3, NAN,0.0, NAN,102.0, NAN,152, NAN,2.7, NAN,56.2, NAN, 2.7, NAN, 176.3, NAN,1010.4,830.93,279.3,2123.92,5.8628,6.061,126.0,0.0,1438.438, NAN, NAN, NAN, NAN,,2024/03/31 15:38:32.982,2024-03-31 15:38:32.982000+00:00
2024/03/31, 15:39:32.982, 41.524, -70.672, 0.02,24.27,318.31, 0.000, NAN,6.9, NAN,1008.3, NAN,0.0, NAN,102.0, NAN,146, NAN,2.6, NAN,55.8, NAN, 2.6, NAN, 170.3, NAN,1010.4,834.5,279.27,2127.55,5.8629,6.0608,126.3,0.0,1438.437, NAN, NAN, NAN, NAN,,2024/03/31 15:39:32.982,2024-03-31 15:39:32.982000+00:00
2024/03/31, 15:40:32.982, 41.524, -70.672, -0.15,24.39,315.5, 0.000, NAN,7.1, NAN,1008.3, NAN,0.0, NAN,102.0, NAN,173, NAN,1.9, NAN,49.5, NAN, 1.9, NAN, 197.4, NAN,1010.4,837.71,280.14,2134.02,5.8629,6.063,126.3,0.0,1438.446, NAN, NAN, NAN, NAN,,2024/03/31 15:40:32.982,2024-03-31 15:40:32.982000+00:00
2024/03/31, 15:41:32.982, 41.524, -70.672, -0.13,24.49,321.25, 0.000, NAN,7.2, NAN,1008.3, NAN,0.0, NAN,102.0, NAN,153, NAN,3.0, NAN,50.0, NAN, 3.0, NAN, 177.5, NAN,1010.4,841.0,279.62,2136.8,5.8629,6.0651,126.3,0.0,1438.455, NAN, NAN, NAN, NAN,,2024/03/31 15:41:32.982,2024-03-31 15:41:32.982000+00:00
2024/03/31, 15:42:32.982, 41.524, -70.672, 0.09,24.43,311.63, 0.000, NAN,7.3, NAN,1008.3, NAN,0.0, NAN,102.0, NAN,206, NAN,1.8, NAN,48.5, NAN, 1.8, NAN, 230.4, NAN,1010.4,843.03,280.91,2138.77,5.863,6.067,126.3,0.0,1438.464, NAN, NAN, NAN, NAN,,2024/03/31 15:42:32.982,2024-03-31 15:42:32.982000+00:00
2024/03/31, 15:43:32.982, 41.524, -70.672, -0.27,24.32,18.76, 0.000, NAN,7.4, NAN,1008.4, NAN,0.0, NAN,102.0, NAN,168, NAN,2.7, NAN,54.9, NAN, 2.7, NAN, 192.3, NAN,1010.5,845.69,280.63,2143.0,5.8629,6.0657,126.6,0.0,1438.458, NAN, NAN, NAN, NAN,,2024/03/31 15:43:32.982,2024-03-31 15:43:32.982000+00:00
2024/03/31, 15:44:32.982, 41.524, -70.672, -0.05,24.4,249.5, 0.000, NAN,7.5, NAN,1008.3, NAN,0.0, NAN,102.0, NAN,241, NAN,1.8, NAN,54.3, NAN, 1.8, NAN, 265.4, NAN,1010.4,842.86,282.11,2139.71,5.8629,6.0663,126.0,0.0,1438.461, NAN, NAN, NAN, NAN,,2024/03/31 15:44:32.982,2024-03-31 15:44:32.982000+00:00
2024/03/31, 15:45:32.982, 41.524, -70.672, 0.03,24.61,191.06, 0.010, NAN,7.6, NAN,1008.3, NAN,0.0, NAN,102.0, NAN,154, NAN,2.3, NAN,56.0, NAN, 2.3, NAN, 178.6, NAN,1010.4,843.7,281.45,2137.23,5.863,6.0685,126.3,0.0,1438.47, NAN, NAN, NAN, NAN,,2024/03/31 15:45:32.982,2024-03-31 15:45:32.982000+00:00
2024/03/31, 15:46:32.983, 41.524, -70.672, 0.01,24.44,323.76, 0.000, NAN,7.7, NAN,1008.3, NAN,0.0, NAN,102.0, NAN,169, NAN,2.0, NAN,47.2, NAN, 2.0, NAN, 193.4, NAN,1010.4,849.14,279.66,2141.15,5.863,6.0717,126.0,0.0,1438.484, NAN, NAN, NAN, NAN,,2024/03/31 15:46:32.983,2024-03-31 15:46:32.983000+00:00
2024/03/31, 15:47:32.983, 41.524, -70.672, -0.14,24.44,342.37, 0.000, NAN,7.7, NAN,1008.3, NAN,0.0, NAN,102.0, NAN,135, NAN,2.0, NAN,51.7, NAN, 2.0, NAN, 159.4, NAN,1010.4,848.47,280.07,2139.81,5.8629,6.0764,126.3,0.0,1438.504, NAN, NAN, NAN, NAN,,2024/03/31 15:47:32.983,2024-03-31 15:47:32.983000+00:00
2024/03/31, 15:48:32.983, 41.524, -70.672, -0.11,24.41,234.2, 0.000, NAN,7.7, NAN,1008.3, NAN,0.0, NAN,102.0, NAN,158, NAN,2.1, NAN,52.8, NAN, 2.1, NAN, 182.4, NAN,1010.4,849.88,279.72,2139.59,5.863,6.081,126.3,0.0,1438.524, NAN, NAN, NAN, NAN,,2024/03/31 15:48:32.983,2024-03-31 15:48:32.983000+00:00
2024/03/31, 15:49:32.983, 41.524, -70.672, -0.02,24.58,45.58, 0.000, NAN,7.7, NAN,1008.3, NAN,0.0, NAN,102.0, NAN,150, NAN,3.0, NAN,52.4, NAN, 3.0, NAN, 174.6, NAN,1010.4,851.68,279.88,2140.31,5.863,6.0851,126.3,0.0,1438.542, NAN, NAN, NAN, NAN,,2024/03/31 15:49:32.983,2024-03-31 15:49:32.983000+00:00
2024/03/31, 15:50:32.983, 41.524, -70.672, -0.05,24.53,305.36, 0.000, NAN,7.6, NAN,1008.3, NAN,0.0, NAN,102.0, NAN,203, NAN,1.7, NAN,48.8, NAN, 1.7, NAN, 227.5, NAN,1010.4,850.33,279.82,2135.8,5.863,6.0854,126.0,0.0,1438.543, NAN, NAN, NAN, NAN,,2024/03/31 15:50:32.983,2024-03-31 15:50:32.983000+00:00
2024/03/31, 15:51:32.983, 41.524, -70.672, -0.16,24.58,203.16, 0.000, NAN,7.6, NAN,1008.3, NAN,0.0, NAN,102.0, NAN,193, NAN,2.4, NAN,56.5, NAN, 2.4, NAN, 217.6, NAN,1010.4,851.42,280.3,2136.35,5.863,6.0853,126.3,0.0,1438.542, NAN, NAN, NAN, NAN,,2024/03/31 15:51:32.983,2024-03-31 15:51:32.983000+00:00
2024/03/31, 15:52:32.983, 41.524, -70.672, -0.11,24.54,102.98, 0.010, NAN,7.6, NAN,1008.3, NAN,0.0, NAN,102.0, NAN,279, NAN,1.5, NAN,57.3, NAN, 1.5, NAN, 303.6, NAN,1010.4,853.22,281.98,2139.12,5.8629,6.0835,126.0,0.0,1438.534, NAN, NAN, NAN, NAN,,2024/03/31 15:52:32.983,2024-03-31 15:52:32.983000+00:00
2024/03/31, 15:53:32.983, 41.524, -70.672, 0.02,24.45,49.35, 0.000, NAN,7.5, NAN,1008.3, NAN,0.0, NAN,102.0, NAN,165, NAN,3.6, NAN,57.7, NAN, 3.6, NAN, 189.4, NAN,1010.4,856.53,280.87,2144.58,5.863,6.0812,126.3,0.0,1438.525, NAN, NAN, NAN, NAN,,2024/03/31 15:53:32.983,2024-03-31 15:53:32.983000+00:00
2024/03/31, 15:54:32.983, 41.524, -70.672, 0.05,24.39,310.25, 0.010, NAN,7.6, NAN,1008.3, NAN,0.0, NAN,102.0, NAN,176, NAN,2.3, NAN,49.3, NAN, 2.3, NAN, 200.3, NAN,1010.4,859.25,280.33,2146.64,5.8631,6.0817,125.7,0.0,1438.527, NAN, NAN, NAN, NAN,,2024/03/31 15:54:32.983,2024-03-31 15:54:32.983000+00:00
2024/03/31, 15:55:32.983, 41.524, -70.672, -0.04,24.39,284.95, 0.010, NAN,7.6, NAN,1008.3, NAN,0.0, NAN,102.0, NAN,189, NAN,2.2, NAN,48.6, NAN, 2.2, NAN, 213.3, NAN,1010.4,860.05,280.35,2146.27,5.8631,6.0841,125.7,0.0,1438.537, NAN, NAN, NAN, NAN,,2024/03/31 15:55:32.983,2024-03-31 15:55:32.983000+00:00
2024/03/31, 15:56:32.983, 41.524, -70.672, -0.09,24.37,337.1, 0.010, NAN,7.6, NAN,1008.3, NAN,0.0, NAN,102.0, NAN,188, NAN,2.1, NAN,48.7, NAN, 2.1, NAN, 212.3, NAN,1010.4,861.63,281.85,2145.65,5.8631,6.0858,126.0,0.0,1438.545, NAN, NAN, NAN, NAN,,2024/03/31 15:56:32.983,2024-03-31 15:56:32.983000+00:00
2024/03/31, 15:57:32.983, 41.524, -70.672, -0.15,24.33,324.51, 0.010, NAN,7.7, NAN,1008.3, NAN,0.0, NAN,102.0, NAN,179, NAN,2.6, NAN,53.1, NAN, 2.6, NAN, 203.4, NAN,1010.4,862.14,283.98,393.1,5.8631,6.0862,126.0,0.0,1438.546, NAN, NAN, NAN, NAN,,2024/03/31 15:57:32.983,2024-03-31 15:57:32.983000+00:00
2024/03/31, 15:58:32.983, 41.524, -70.672, 0.02,24.36,335.71, 0.000, NAN,7.8, NAN,1008.3, NAN,0.0, NAN,102.0, NAN,179, NAN,2.7, NAN,53.8, NAN, 2.7, NAN, 203.4, NAN,1010.4,863.06,282.72,324.69,5.8632,6.0862,125.7,0.0,1438.546, NAN, NAN, NAN, NAN,,2024/03/31 15:58:32.983,2024-03-31 15:58:32.983000+00:00
2024/03/31, 15:59:32.983, 41.524, -70.672, 0.02,24.4,323.04, 0.000, NAN,7.8, NAN,1008.3, NAN,0.0, NAN,102.0, NAN,186, NAN,2.0, NAN,53.1, NAN, 2.0, NAN, 210.4, NAN,1010.4,862.9,285.54,350.62,5.8632,6.086,125.7,0.0,1438.546, NAN, NAN, NAN, NAN,,2024/03/31 15:59:32.983,2024-03-31 15:59:32.983000+00:00
2024/03/31, 16:00:32.983, 41.524, -70.672, -0.12,24.35,351.73, 0.000, NAN,7.8, NAN,1008.3, NAN,0.0, NAN,102.0, NAN,289, NAN,1.8, NAN,54.7, NAN, 1.8, NAN, 313.4, NAN,1010.4,864.53,285.7,334.02,5.8631,6.0885,126.6,0.0,1438.556, NAN, NAN, NAN, NAN,,2024/03/31 16:00:32.983,2024-03-31 16:00:32.983000+00:00
2024/03/31, 16:01:32.983, 41.524, -70.672, -0.02,24.44,297.26, 0.010, NAN,7.8, NAN,1008.3, NAN,0.0, NAN,102.0, NAN,179, NAN,2.7, NAN,54.9, NAN, 2.7, NAN, 203.3, NAN,1010.4,866.17,282.82,315.09,5.8632,6.0899,125.7,0.0,1438.562, NAN, NAN, NAN, NAN,,2024/03/31 16:01:32.983,2024-03-31 16:01:32.983000+00:00
2024/03/31, 16:02:32.983, 41.524, -70.672, 0.03,24.45,113.38, 0.000, NAN,8.0, NAN,1008.3, NAN,0.0, NAN,102.0, NAN,179, NAN,2.9, NAN,55.7, NAN, 2.9, NAN, 203.4, NAN,1010.4,863.59,284.12,322.91,5.8633,6.0893,125.7,0.0,1438.56, NAN, NAN, NAN, NAN,,2024/03/31 16:02:32.983,2024-03-31 16:02:32.983000+00:00
2024/03/31, 16:03:32.984, 41.524, -70.672, -0.13,24.44,311.05, 0.000, NAN,8.1, NAN,1008.2, NAN,0.0, NAN,102.0, NAN,229, NAN,2.2, NAN,52.4, NAN, 2.2, NAN, 253.4, NAN,1010.3,866.86,284.14,318.05,5.8633,6.0888,125.7,0.0,1438.558, NAN, NAN, NAN, NAN,,2024/03/31 16:03:32.984,2024-03-31 16:03:32.984000+00:00
2024/03/31, 16:04:32.984, 41.524, -70.672, 0.11,24.4,324.04, 0.000, NAN,8.3, NAN,1008.3, NAN,0.0, NAN,102.0, NAN,173, NAN,3.0, NAN,49.0, NAN, 3.0, NAN, 197.4, NAN,1010.4,869.41,282.97,303.27,5.8633,6.0902,126.0,0.0,1438.564, NAN, NAN, NAN, NAN,,2024/03/31 16:04:32.984,2024-03-31 16:04:32.984000+00:00
2024/03/31, 16:05:32.984, 41.524, -70.672, -0.20,24.36,64.59, 0.010, NAN,8.4, NAN,1008.3, NAN,0.0, NAN,102.0, NAN,244, NAN,2.3, NAN,49.2, NAN, 2.3, NAN, 268.2, NAN,1010.4,868.9,284.63,293.58,5.8633,6.0919,126.0,0.0,1438.571, NAN, NAN, NAN, NAN,,2024/03/31 16:05:32.984,2024-03-31 16:05:32.984000+00:00
2024/03/31, 16:06:32.984, 41.524, -70.672, -0.05,24.4,14.56, 0.010, NAN,8.5, NAN,1008.3, NAN,0.0, NAN,102.0, NAN,250, NAN,1.8, NAN,50.8, NAN, 1.8, NAN, 274.3, NAN,1010.4,869.61,286.08,335.26,5.8633,6.0915,126.0,0.0,1438.569, NAN, NAN, NAN, NAN,,2024/03/31 16:06:32.984,2024-03-31 16:06:32.984000+00:00
2024/03/31, 16:07:32.984, 41.524, -70.672, 0.20,24.49,94.36, 0.000, NAN,8.6, NAN,1008.3, NAN,0.0, NAN,102.0, NAN,233, NAN,2.0, NAN,50.8, NAN, 2.0, NAN, 257.5, NAN,1010.4,874.13,285.15,299.24,5.8634,6.0901,125.7,0.0,1438.564, NAN, NAN, NAN, NAN,,2024/03/31 16:07:32.984,2024-03-31 16:07:32.984000+00:00
2024/03/31, 16:08:32.984, 41.524, -70.672, 0.10,24.38,186.13, 0.000, NAN,8.7, NAN,1008.3, NAN,0.0, NAN,102.0, NAN,185, NAN,3.2, NAN,50.6, NAN, 3.2, NAN, 209.4, NAN,1010.4,876.0,283.91,294.35,5.8635,6.0892,126.3,0.0,1438.56, NAN, NAN, NAN, NAN,,2024/03/31 16:08:32.984,2024-03-31 16:08:32.984000+00:00
2024/03/31, 16:09:32.984, 41.524, -70.672, 0.14,24.4,16.99, 0.000, NAN,8.7, NAN,1008.3, NAN,0.0, NAN,102.0, NAN,206, NAN,2.1, NAN,50.7, NAN, 2.1, NAN, 230.4, NAN,1010.4,874.51,285.94,286.81,5.8634,6.0896,126.3,0.0,1438.561, NAN, NAN, NAN, NAN,,2024/03/31 16:09:32.984,2024-03-31 16:09:32.984000+00:00
2024/03/31, 16:10:32.984, 41.524, -70.672, 0.02,24.4,224.6, 0.000, NAN,8.8, NAN,1008.3, NAN,0.0, NAN,102.0, NAN,207, NAN,2.7, NAN,51.4, NAN, 2.7, NAN, 231.4, NAN,1010.4,876.22,286.6,289.44,5.8635,6.0906,126.0,0.0,1438.566, NAN, NAN, NAN, NAN,,2024/03/31 16:10:32.984,2024-03-31 16:10:32.984000+00:00
2024/03/31, 16:11:32.984, 41.524, -70.672, 0.06,24.44,334.62, 0.000, NAN,9.0, NAN,1008.4, NAN,0.0, NAN,102.0, NAN,201, NAN,3.0, NAN,50.5, NAN, 3.0, NAN, 225.4, NAN,1010.5,877.47,284.24,2160.66,5.8636,6.0926,126.0,0.0,1438.575, NAN, NAN, NAN, NAN,,2024/03/31 16:11:32.984,2024-03-31 16:11:32.984000+00:00
2024/03/31, 16:12:32.984, 41.524, -70.672, -0.03,24.48,90.01, 0.000, NAN,9.1, NAN,1008.3, NAN,0.0, NAN,102.0, NAN,266, NAN,2.1, NAN,48.4, NAN, 2.1, NAN, 290.5, NAN,1010.4,872.93,284.72,2143.58,5.8637,6.0949,126.0,0.0,1438.585, NAN, NAN, NAN, NAN,,2024/03/31 16:12:32.984,2024-03-31 16:12:32.984000+00:00
2024/03/31, 16:13:32.984, 41.524, -70.672, -0.04,24.49,6.43, 0.000, NAN,9.1, NAN,1008.3, NAN,0.0, NAN,102.0, NAN,272, NAN,2.3, NAN,49.8, NAN, 2.3, NAN, 296.5, NAN,1010.4,843.86,284.42,2074.62,5.8637,6.0971,126.6,0.0,1438.594, NAN, NAN, NAN, NAN,,2024/03/31 16:13:32.984,2024-03-31 16:13:32.984000+00:00
2024/03/31, 16:14:32.984, 41.524, -70.672, 0.18,24.48,310.96, 0.010, NAN,9.1, NAN,1008.3, NAN,0.0, NAN,102.0, NAN,208, NAN,3.1, NAN,49.6, NAN, 3.1, NAN, 232.4, NAN,1010.4,877.17,282.59,2149.55,5.8637,6.0977,126.0,0.0,1438.597, NAN, NAN, NAN, NAN,,2024/03/31 16:14:32.984,2024-03-31 16:14:32.984000+00:00
2024/03/31, 16:15:32.984, 41.524, -70.672, 0.06,24.44,117.43, 0.020, NAN,9.1, NAN,1008.3, NAN,0.0, NAN,102.0, NAN,210, NAN,3.0, NAN,47.9, NAN, 3.0, NAN, 234.5, NAN,1010.4,880.83,283.05,2166.94,5.8638,6.0978,125.7,0.0,1438.597, NAN, NAN, NAN, NAN,,2024/03/31 16:15:32.984,2024-03-31 16:15:32.984000+00:00
2024/03/31, 16:16:32.984, 41.524, -70.672, 0.20,24.58,175.04, 0.000, NAN,9.1, NAN,1008.3, NAN,0.0, NAN,102.0, NAN,228, NAN,1.8, NAN,49.8, NAN, 1.8, NAN, 252.6, NAN,1010.4,874.71,283.67,2157.11,5.8638,6.0967,126.0,0.0,1438.592, NAN, NAN, NAN, NAN,,2024/03/31 16:16:32.984,2024-03-31 16:16:32.984000+00:00
2024/03/31, 16:17:32.984, 41.524, -70.672, 0.16,24.44,12.72, 0.010, NAN,9.1, NAN,1008.3, NAN,0.0, NAN,102.0, NAN,216, NAN,2.4, NAN,51.0, NAN, 2.4, NAN, 240.3, NAN,1010.4,874.01,283.37,2147.98,5.8638,6.0979,126.6,0.0,1438.598, NAN, NAN, NAN, NAN,,2024/03/31 16:17:32.984,2024-03-31 16:17:32.984000+00:00
2024/03/31, 16:18:32.984, 41.524, -70.672, -0.03,24.4,157.91, 0.010, NAN,9.1, NAN,1008.3, NAN,0.0, NAN,102.0, NAN,200, NAN,3.6, NAN,49.4, NAN, 3.6, NAN, 224.5, NAN,1010.4,875.79,282.0,2158.13,5.8639,6.0999,125.7,0.0,1438.606, NAN, NAN, NAN, NAN,,2024/03/31 16:18:32.984,2024-03-31 16:18:32.984000+00:00
2024/03/31, 16:19:32.984, 41.524, -70.672, 0.19,24.43,147.23, 0.000, NAN,9.1, NAN,1008.3, NAN,0.0, NAN,102.0, NAN,207, NAN,3.1, NAN,48.3, NAN, 3.1, NAN, 231.4, NAN,1010.4,874.04,281.96,2150.96,5.864,6.1003,126.0,0.0,1438.608, NAN, NAN, NAN, NAN,,2024/03/31 16:19:32.984,2024-03-31 16:19:32.984000+00:00
2024/03/31, 16:20:32.985, 41.524, -70.672, 0.15,24.45,141.41, 0.000, NAN,9.0, NAN,1008.3, NAN,0.0, NAN,102.0, NAN,199, NAN,4.6, NAN,50.0, NAN, 4.6, NAN, 223.4, NAN,1010.4,866.63,282.14,2135.94,5.864,6.0976,126.3,0.0,1438.596, NAN, NAN, NAN, NAN,,2024/03/31 16:20:32.985,2024-03-31 16:20:32.985000+00:00
2024/03/31, 16:21:32.985, 41.524, -70.672, 0.02,24.46,173.08, 0.000, NAN,9.0, NAN,1008.3, NAN,0.0, NAN,102.0, NAN,206, NAN,4.6, NAN,48.6, NAN, 4.6, NAN, 230.5, NAN,1010.4,881.63,281.9,2165.88,5.864,6.0961,125.7,0.0,1438.59, NAN, NAN, NAN, NAN,,2024/03/31 16:21:32.985,2024-03-31 16:21:32.985000+00:00
2024/03/31, 16:22:32.985, 41.524, -70.672, -0.08,24.41,327.13, 0.010, NAN,8.9, NAN,1008.3, NAN,0.0, NAN,102.0, NAN,209, NAN,4.5, NAN,49.1, NAN, 4.5, NAN, 233.4, NAN,1010.4,882.17,281.29,2173.14,5.8641,6.0977,126.0,0.0,1438.597, NAN, NAN, NAN, NAN,,2024/03/31 16:22:32.985,2024-03-31 16:22:32.985000+00:00
2024/03/31, 16:23:32.985, 41.524, -70.672, 0.04,24.45,176.99, 0.000, NAN,8.8, NAN,1008.3, NAN,0.0, NAN,102.0, NAN,210, NAN,4.9, NAN,50.0, NAN, 4.9, NAN, 234.4, NAN,1010.4,888.93,280.8,2181.65,5.8641,6.0991,126.3,0.0,1438.603, NAN, NAN, NAN, NAN,,2024/03/31 16:23:32.985,2024-03-31 16:23:32.985000+00:00
2024/03/31, 16:24:32.985, 41.524, -70.672, 0.02,24.4,105.59, 0.000, NAN,8.6, NAN,1008.3, NAN,0.0, NAN,102.0, NAN,210, NAN,5.3, NAN,49.6, NAN, 5.3, NAN, 234.4, NAN,1010.4,885.9,281.29,2171.93,5.8642,6.0988,126.3,0.0,1438.602, NAN, NAN, NAN, NAN,,2024/03/31 16:24:32.985,2024-03-31 16:24:32.985000+00:00
2024/03/31, 16:25:32.985, 41.524, -70.672, -0.07,24.45,316.83, 0.010, NAN,8.5, NAN,1008.3, NAN,0.0, NAN,102.0, NAN,209, NAN,5.4, NAN,50.2, NAN, 5.4, NAN, 233.4, NAN,1010.4,886.2,281.17,2172.21,5.8642,6.1015,126.0,0.0,1438.614, NAN, NAN, NAN, NAN,,2024/03/31 16:25:32.985,2024-03-31 16:25:32.985000+00:00
2024/03/31, 16:26:32.985, 41.524, -70.672, 0.10,24.47,172.14, 0.000, NAN,8.5, NAN,1008.3, NAN,0.0, NAN,102.0, NAN,210, NAN,5.3, NAN,49.4, NAN, 5.3, NAN, 234.5, NAN,1010.4,886.65,281.18,2171.74,5.8642,6.1028,125.7,0.0,1438.619, NAN, NAN, NAN, NAN,,2024/03/31 16:26:32.985,2024-03-31 16:26:32.985000+00:00
2024/03/31, 16:27:32.985, 41.524, -70.672, 0.17,24.4,289.47, 0.000, NAN,8.5, NAN,1008.3, NAN,0.0, NAN,102.0, NAN,213, NAN,3.8, NAN,49.7, NAN, 3.8, NAN, 237.4, NAN,1010.4,888.3,281.47,2174.53,5.8643,6.1032,126.0,0.0,1438.621, NAN, NAN, NAN, NAN,,2024/03/31 16:27:32.985,2024-03-31 16:27:32.985000+00:00
2024/03/31, 16:28:32.985, 41.524, -70.672, 0.20,24.4,176.93, 0.000, NAN,8.5, NAN,1008.3, NAN,0.0, NAN,102.0, NAN,205, NAN,5.3, NAN,51.3, NAN, 5.3, NAN, 229.4, NAN,1010.4,889.33,282.09,2175.67,5.8643,6.1052,126.0,0.0,1438.63, NAN, NAN, NAN, NAN,,2024/03/31 16:28:32.985,2024-03-31 16:28:32.985000+00:00
2024/03/31, 16:29:32.985, 41.524, -70.672, -0.03,24.45,151.34, 0.010, NAN,8.5, NAN,1008.3, NAN,0.0, NAN,102.0, NAN,205, NAN,5.1, NAN,50.1, NAN, 5.1, NAN, 229.5, NAN,1010.4,889.78,282.15,2176.48,5.8643,6.1071,126.0,0.0,1438.638, NAN, NAN, NAN, NAN,,2024/03/31 16:29:32.985,2024-03-31 16:29:32.985000+00:00
2024/03/31, 16:30:32.985, 41.524, -70.672, 0.02,24.49,310.66, 0.000, NAN,8.6, NAN,1008.3, NAN,0.0, NAN,102.0, NAN,207, NAN,5.3, NAN,47.3, NAN, 5.3, NAN, 231.5, NAN,1010.4,890.32,282.08,2177.87,5.8644,6.1049,125.7,0.0,1438.628, NAN, NAN, NAN, NAN,,2024/03/31 16:30:32.985,2024-03-31 16:30:32.985000+00:00
2024/03/31, 16:31:32.985, 41.524, -70.672, 0.16,24.42,268.5, 0.010, NAN,8.7, NAN,1008.2, NAN,0.0, NAN,102.0, NAN,205, NAN,5.5, NAN,47.9, NAN, 5.5, NAN, 229.4, NAN,1010.3,889.92,282.21,2178.26,5.8643,6.1045,126.0,0.0,1438.627, NAN, NAN, NAN, NAN,,2024/03/31 16:31:32.985,2024-03-31 16:31:32.985000+00:00
2024/03/31, 16:32:32.985, 41.524, -70.672, 0.35,24.44,333.84, 0.000, NAN,8.8, NAN,1008.1, NAN,0.0, NAN,102.0, NAN,199, NAN,2.2, NAN,47.7, NAN, 2.2, NAN, 223.4, NAN,1010.2,889.73,282.88,2177.93,5.8644,6.1041,126.0,0.0,1438.625, NAN, NAN, NAN, NAN,,2024/03/31 16:32:32.985,2024-03-31 16:32:32.985000+00:00
2024/03/31, 16:33:32.985, 41.524, -70.672, 0.08,24.44,92.88, 0.000, NAN,8.9, NAN,1008.2, NAN,0.0, NAN,102.0, NAN,205, NAN,5.0, NAN,47.5, NAN, 5.0, NAN, 229.4, NAN,1010.3,889.96,282.39,2178.65,5.8643,6.1047,126.3,0.0,1438.627, NAN, NAN, NAN, NAN,,2024/03/31 16:33:32.985,2024-03-31 16:33:32.985000+00:00
2024/03/31, 16:34:32.985, 41.524, -70.672, 0.09,24.44,186.3, 0.000, NAN,8.9, NAN,1008.3, NAN,0.0, NAN,102.0, NAN,214, NAN,2.2, NAN,47.3, NAN, 2.2, NAN, 238.4, NAN,1010.4,881.9,283.14,2163.96,5.8644,6.1036,126.0,0.0,1438.623, NAN, NAN, NAN, NAN,,2024/03/31 16:34:32.985,2024-03-31 16:34:32.985000+00:00
2024/03/31, 16:35:32.985, 41.524, -70.672, -0.05,24.43,357.99, 0.000, NAN,8.9, NAN,1008.2, NAN,0.0, NAN,102.0, NAN,216, NAN,2.0, NAN,49.5, NAN, 2.0, NAN, 240.4, NAN,1010.3,891.24,284.42,2180.11,5.8643,6.1055,126.3,0.0,1438.631, NAN, NAN, NAN, NAN,,2024/03/31 16:35:32.985,2024-03-31 16:35:32.985000+00:00
2024/03/31, 16:36:32.985, 41.524, -70.672, 0.20,24.58,128.99, 0.000, NAN,9.1, NAN,1008.2, NAN,0.0, NAN,102.0, NAN,255, NAN,1.9, NAN,50.2, NAN, 1.9, NAN, 279.6, NAN,1010.3,889.27,284.53,2177.25,5.8644,6.1073,126.0,0.0,1438.639, NAN, NAN, NAN, NAN,,2024/03/31 16:36:32.985,2024-03-31 16:36:32.985000+00:00
2024/03/31, 16:37:32.985, 41.524, -70.672, 0.08,24.42,175.16, 0.000, NAN,9.2, NAN,1008.2, NAN,0.0, NAN,102.0, NAN,187, NAN,2.6, NAN,47.8, NAN, 2.6, NAN, 211.4, NAN,1010.3,892.01,284.64,2180.42,5.8644,6.1094,125.7,0.0,1438.648, NAN, NAN, NAN, NAN,,2024/03/31 16:37:32.985,2024-03-31 16:37:32.985000+00:00
2024/03/31, 16:38:32.986, 41.524, -70.672, 0.24,24.45,359.28, 0.020, NAN,9.4, NAN,1008.2, NAN,0.0, NAN,102.0, NAN,215, NAN,1.9, NAN,46.1, NAN, 1.9, NAN, 239.1, NAN,1010.3,889.94,284.81,2172.13,5.8644,6.1116,126.0,0.0,1438.657, NAN, NAN, NAN, NAN,,2024/03/31 16:38:32.986,2024-03-31 16:38:32.986000+00:00
2024/03/31, 16:39:32.986, 41.524, -70.672, 0.12,24.44,113.93, 0.010, NAN,9.4, NAN,1008.2, NAN,0.0, NAN,102.0, NAN,232, NAN,2.0, NAN,48.0, NAN, 2.0, NAN, 256.3, NAN,1010.3,886.83,285.37,2172.25,5.8645,6.1115,126.3,0.0,1438.657, NAN, NAN, NAN, NAN,,2024/03/31 16:39:32.986,2024-03-31 16:39:32.986000+00:00
2024/03/31, 16:40:32.986, 41.524, -70.672, -0.01,24.58,352.52, 0.020, NAN,9.5, NAN,1008.1, NAN,0.0, NAN,102.0, NAN,214, NAN,3.0, NAN,48.0, NAN, 3.0, NAN, 238.4, NAN,1010.2,886.97,284.65,2169.47,5.8644,6.1094,126.0,0.0,1438.648, NAN, NAN, NAN, NAN,,2024/03/31 16:40:32.986,2024-03-31 16:40:32.986000+00:00
2024/03/31, 16:41:32.986, 41.524, -70.672, 0.21,24.55,41.28, 0.000, NAN,9.5, NAN,1008.2, NAN,0.0, NAN,102.0, NAN,251, NAN,1.9, NAN,48.1, NAN, 1.9, NAN, 275.6, NAN,1010.3,849.63,284.23,2082.23,5.8644,6.108,126.0,0.0,1438.642, NAN, NAN, NAN, NAN,,2024/03/31 16:41:32.986,2024-03-31 16:41:32.986000+00:00
2024/03/31, 16:42:32.986, 41.524, -70.672, 0.29,24.68,162.4, 0.000, NAN,9.6, NAN,1008.1, NAN,0.0, NAN,102.0, NAN,197, NAN,1.9, NAN,43.8, NAN, 1.9, NAN, 221.7, NAN,1010.2,841.41,284.47,1998.74,5.8644,6.1096,126.9,0.0,1438.649, NAN, NAN, NAN, NAN,,2024/03/31 16:42:32.986,2024-03-31 16:42:32.986000+00:00
2024/03/31, 16:43:32.986, 41.524, -70.672, -0.13,24.7,72.82, 0.010, NAN,9.7, NAN,1008.3, NAN,0.0, NAN,102.0, NAN,190, NAN,3.3, NAN,43.7, NAN, 3.3, NAN, 214.7, NAN,1010.4,871.72,284.54,2178.53,5.8644,6.1129,126.0,0.0,1438.663, NAN, NAN, NAN, NAN,,2024/03/31 16:43:32.986,2024-03-31 16:43:32.986000+00:00
2024/03/31, 16:44:32.986, 41.524, -70.672, 0.08,24.54,126.82, 0.000, NAN,9.7, NAN,1008.3, NAN,0.0, NAN,102.0, NAN,221, NAN,2.5, NAN,42.6, NAN, 2.5, NAN, 245.5, NAN,1010.4,871.38,284.87,2158.26,5.8643,6.1166,125.7,0.0,1438.679, NAN, NAN, NAN, NAN,,2024/03/31 16:44:32.986,2024-03-31 16:44:32.986000+00:00
2024/03/31, 16:45:32.986, 41.524, -70.672, 0.22,24.62,274.51, 0.010, NAN,9.7, NAN,1008.3, NAN,0.0, NAN,102.0, NAN,189, NAN,3.3, NAN,44.2, NAN, 3.3, NAN, 213.5, NAN,1010.4,875.96,283.4,2158.21,5.8644,6.1165,126.0,0.0,1438.678, NAN, NAN, NAN, NAN,,2024/03/31 16:45:32.986,2024-03-31 16:45:32.986000+00:00
2024/03/31, 16:46:32.986, 41.524, -70.672, 0.34,24.45,32.5, 0.010, NAN,9.7, NAN,1008.3, NAN,0.0, NAN,102.0, NAN,181, NAN,2.8, NAN,43.4, NAN, 2.8, NAN, 205.5, NAN,1010.4,881.51,284.3,2159.32,5.8645,6.1175,126.3,0.0,1438.683, NAN, NAN, NAN, NAN,,2024/03/31 16:46:32.986,2024-03-31 16:46:32.986000+00:00
2024/03/31, 16:47:32.986, 41.524, -70.672, 0.35,24.43,119.73, 0.010, NAN,9.7, NAN,1008.3, NAN,0.0, NAN,102.0, NAN,183, NAN,3.8, NAN,44.7, NAN, 3.8, NAN, 207.5, NAN,1010.4,880.81,283.9,2164.28,5.8644,6.1204,126.0,0.0,1438.695, NAN, NAN, NAN, NAN,,2024/03/31 16:47:32.986,2024-03-31 16:47:32.986000+00:00
2024/03/31, 16:48:32.986, 41.524, -70.672, 0.02,24.63,31.02, 0.010, NAN,9.6, NAN,1008.3, NAN,0.0, NAN,102.0, NAN,196, NAN,3.2, NAN,46.3, NAN, 3.2, NAN, 220.6, NAN,1010.4,871.17,284.44,2147.1,5.8645,6.1252,126.0,0.0,1438.716, NAN, NAN, NAN, NAN,,2024/03/31 16:48:32.986,2024-03-31 16:48:32.986000+00:00
2024/03/31, 16:49:32.986, 41.524, -70.672, -0.04,24.58,166.3, 0.020, NAN,9.5, NAN,1008.3, NAN,0.0, NAN,102.0, NAN,184, NAN,2.9, NAN,47.5, NAN, 2.9, NAN, 208.5, NAN,1010.4,865.11,284.63,2142.28,5.8645,6.1292,126.3,0.0,1438.733, NAN, NAN, NAN, NAN,,2024/03/31 16:49:32.986,2024-03-31 16:49:32.986000+00:00
2024/03/31, 16:50:32.986, 41.524, -70.672, 0.03,24.45,48.1, 0.010, NAN,9.3, NAN,1008.3, NAN,0.0, NAN,102.0, NAN,240, NAN,2.1, NAN,44.7, NAN, 2.1, NAN, 264.4, NAN,1010.4,873.58,284.74,2158.39,5.8644,6.1313,126.0,0.0,1438.742, NAN, NAN, NAN, NAN,,2024/03/31 16:50:32.986,2024-03-31 16:50:32.986000+00:00
2024/03/31, 16:51:32.986, 41.524, -70.672, -0.11,24.31,336.59, 0.010, NAN,9.4, NAN,1008.3, NAN,0.0, NAN,102.0, NAN,175, NAN,2.0, NAN,45.8, NAN, 2.0, NAN, 199.2, NAN,1010.4,871.08,284.79,2155.88,5.8645,6.1331,126.0,0.0,1438.75, NAN, NAN, NAN, NAN,,2024/03/31 16:51:32.986,2024-03-31 16:51:32.986000+00:00
2024/03/31, 16:52:32.986, 41.524, -70.672, 0.08,24.41,333.95, 0.000, NAN,9.4, NAN,1008.2, NAN,0.0, NAN,102.0, NAN,194, NAN,2.6, NAN,46.1, NAN, 2.6, NAN, 218.4, NAN,1010.3,876.16,284.42,2162.82,5.8647,6.1331,126.0,0.0,1438.75, NAN, NAN, NAN, NAN,,2024/03/31 16:52:32.986,2024-03-31 16:52:32.986000+00:00
2024/03/31, 16:53:32.986, 41.524, -70.672, 0.09,24.6,349.62, 0.010, NAN,9.4, NAN,1008.3, NAN,0.0, NAN,102.0, NAN,189, NAN,3.1, NAN,46.9, NAN, 3.1, NAN, 213.6, NAN,1010.4,854.43,284.79,2107.95,5.8646,6.1342,126.0,0.0,1438.754, NAN, NAN, NAN, NAN,,2024/03/31 16:53:32.986,2024-03-31 16:53:32.986000+00:00
2024/03/31, 16:54:32.987, 41.524, -70.672, 0.56,24.63,313.17, 0.010, NAN,9.4, NAN,1008.2, NAN,0.0, NAN,102.0, NAN,248, NAN,2.2, NAN,47.6, NAN, 2.2, NAN, 272.6, NAN,1010.3,885.11,285.02,2189.06,5.8646,6.136,126.3,0.0,1438.762, NAN, NAN, NAN, NAN,,2024/03/31 16:54:32.987,2024-03-31 16:54:32.987000+00:00
2024/03/31, 16:55:32.987, 41.524, -70.672, 0.24,24.48,347.07, 0.000, NAN,9.4, NAN,1008.3, NAN,0.0, NAN,102.0, NAN,165, NAN,1.8, NAN,47.8, NAN, 1.8, NAN, 189.5, NAN,1010.4,800.87,284.05,1962.49,5.8646,6.1377,125.4,0.0,1438.77, NAN, NAN, NAN, NAN,,2024/03/31 16:55:32.987,2024-03-31 16:55:32.987000+00:00
2024/03/31, 16:56:32.987, 41.524, -70.672, 0.11,24.47,340.9, 0.000, NAN,9.4, NAN,1008.3, NAN,0.0, NAN,102.0, NAN,197, NAN,1.8, NAN,48.3, NAN, 1.8, NAN, 221.5, NAN,1010.4,899.66,284.66,2216.26,5.8647,6.1392,126.0,0.0,1438.776, NAN, NAN, NAN, NAN,,2024/03/31 16:56:32.987,2024-03-31 16:56:32.987000+00:00
2024/03/31, 16:57:32.987, 41.524, -70.672, 0.06,24.47,257.28, 0.010, NAN,9.4, NAN,1008.2, NAN,0.0, NAN,102.0, NAN,211, NAN,3.1, NAN,45.9, NAN, 3.1, NAN, 235.6, NAN,1010.3,882.55,284.47,2180.2,5.8648,6.139,125.7,0.0,1438.775, NAN, NAN, NAN, NAN,,2024/03/31 16:57:32.987,2024-03-31 16:57:32.987000+00:00
2024/03/31, 16:58:32.987, 41.524, -70.672, -0.16,24.44,16.8, 0.000, NAN,9.4, NAN,1008.2, NAN,0.0, NAN,102.0, NAN,233, NAN,2.0, NAN,43.1, NAN, 2.0, NAN, 257.4, NAN,1010.3,862.49,284.39,2152.56,5.8648,6.1362,125.4,0.0,1438.763, NAN, NAN, NAN, NAN,,2024/03/31 16:58:32.987,2024-03-31 16:58:32.987000+00:00
2024/03/31, 16:59:32.987, 41.524, -70.672, -0.01,24.49,312.2, 0.000, NAN,9.5, NAN,1008.1, NAN,0.0, NAN,102.0, NAN,199, NAN,2.8, NAN,46.5, NAN, 2.8, NAN, 223.5, NAN,1010.2,873.04,284.96,2169.91,5.8648,6.1323,126.3,0.0,1438.747, NAN, NAN, NAN, NAN,,2024/03/31 16:59:32.987,2024-03-31 16:59:32.987000+00:00
2024/03/31, 17:00:32.987, 41.524, -70.672, -0.17,24.44,100.17, 0.000, NAN,9.5, NAN,1008.1, NAN,0.0, NAN,102.0, NAN,254, NAN,2.5, NAN,45.8, NAN, 2.5, NAN, 278.4, NAN,1010.2,884.71,284.0,2193.46,5.8648,6.1307,126.0,0.0,1438.74, NAN, NAN, NAN, NAN,,2024/03/31 17:00:32.987,2024-03-31 17:00:32.987000+00:00
2024/03/31, 17:01:32.987, 41.524, -70.672, 0.10,24.44,142.62, 0.010, NAN,9.6, NAN,1008.1, NAN,0.0, NAN,102.0, NAN,211, NAN,2.2, NAN,47.8, NAN, 2.2, NAN, 235.6, NAN,1010.2,880.3,284.33,2183.83,5.865,6.1287,125.7,0.0,1438.731, NAN, NAN, NAN, NAN,,2024/03/31 17:01:32.987,2024-03-31 17:01:32.987000+00:00
2024/03/31, 17:02:32.987, 41.524, -70.672, 0.40,24.72,273.8, 0.000, NAN,9.5, NAN,1008.2, NAN,0.0, NAN,102.0, NAN,160, NAN,3.2, NAN,46.4, NAN, 3.2, NAN, 184.7, NAN,1010.3,873.54,284.01,2170.65,5.8649,6.1283,126.0,0.0,1438.73, NAN, NAN, NAN, NAN,,2024/03/31 17:02:32.987,2024-03-31 17:02:32.987000+00:00
2024/03/31, 17:03:32.987, 41.524, -70.672, 0.49,24.62,23.29, 0.000, NAN,9.5, NAN,1008.1, NAN,0.0, NAN,102.0, NAN,182, NAN,1.9, NAN,45.7, NAN, 1.9, NAN, 206.6, NAN,1010.2,874.0,283.9,2173.14,5.865,6.1288,126.0,0.0,1438.732, NAN, NAN, NAN, NAN,,2024/03/31 17:03:32.987,2024-03-31 17:03:32.987000+00:00
2024/03/31, 17:04:32.987, 41.524, -70.672, 0.23,24.44,95.23, 0.000, NAN,9.5, NAN,1008.1, NAN,0.0, NAN,102.0, NAN,252, NAN,1.6, NAN,45.9, NAN, 1.6, NAN, 276.4, NAN,1010.2,870.54,284.64,2168.08,5.8649,6.1325,125.7,0.0,1438.748, NAN, NAN, NAN, NAN,,2024/03/31 17:04:32.987,2024-03-31 17:04:32.987000+00:00
2024/03/31, 17:05:32.987, 41.524, -70.672, 0.16,24.48,243.49, 0.000, NAN,9.5, NAN,1008.1, NAN,0.0, NAN,102.0, NAN,285, NAN,2.3, NAN,44.6, NAN, 2.3, NAN, 309.5, NAN,1010.2,869.59,284.94,2176.85,5.8649,6.137,126.3,0.0,1438.767, NAN, NAN, NAN, NAN,,2024/03/31 17:05:32.987,2024-03-31 17:05:32.987000+00:00
2024/03/31, 17:06:32.987, 41.524, -70.672, 0.40,24.49,8.36, 0.010, NAN,9.5, NAN,1008.0, NAN,0.0, NAN,102.0, NAN,252, NAN,2.4, NAN,45.8, NAN, 2.4, NAN, 276.4, NAN,1010.1,875.47,285.09,2182.49,5.8651,6.1412,126.0,0.0,1438.785, NAN, NAN, NAN, NAN,,2024/03/31 17:06:32.987,2024-03-31 17:06:32.987000+00:00
2024/03/31, 17:07:32.987, 41.524, -70.672, -0.08,24.44,295.34, 0.010, NAN,9.6, NAN,1008.1, NAN,0.0, NAN,102.0, NAN,227, NAN,2.5, NAN,44.0, NAN, 2.5, NAN, 251.3, NAN,1010.2,859.58,284.07,2135.46,5.8652,6.1413,126.0,0.0,1438.786, NAN, NAN, NAN, NAN,,2024/03/31 17:07:32.987,2024-03-31 17:07:32.987000+00:00
2024/03/31, 17:08:32.987, 41.524, -70.672, -0.02,24.43,138.18, 0.000, NAN,9.6, NAN,1008.1, NAN,0.0, NAN,102.0, NAN,185, NAN,3.5, NAN,44.0, NAN, 3.5, NAN, 209.4, NAN,1010.2,835.36,283.86,2119.89,5.8652,6.1417,126.0,0.0,1438.787, NAN, NAN, NAN, NAN,,2024/03/31 17:08:32.987,2024-03-31 17:08:32.987000+00:00
2024/03/31, 17:09:32.987, 41.524, -70.672, 0.15,24.63,268.65, 0.010, NAN,9.6, NAN,1008.1, NAN,0.0, NAN,102.0, NAN,235, NAN,1.9, NAN,43.9, NAN, 1.9, NAN, 259.5, NAN,1010.2,877.14,284.99,2185.45,5.8652,6.1421,125.7,0.0,1438.789, NAN, NAN, NAN, NAN,,2024/03/31 17:09:32.987,2024-03-31 17:09:32.987000+00:00
2024/03/31, 17:10:32.987, 41.524, -70.672, 0.24,24.9,349.79, 0.000, NAN,9.6, NAN,1008.1, NAN,0.0, NAN,102.0, NAN,187, NAN,3.2, NAN,44.3, NAN, 3.2, NAN, 211.9, NAN,1010.2,877.04,283.74,2178.04,5.8652,6.1436,125.7,0.0,1438.796, NAN, NAN, NAN, NAN,,2024/03/31 17:10:32.987,2024-03-31 17:10:32.987000+00:00
2024/03/31, 17:11:32.988, 41.524, -70.672, 0.02,24.68,30.55, 0.030, NAN,9.5, NAN,1008.1, NAN,0.0, NAN,102.0, NAN,176, NAN,4.8, NAN,43.9, NAN, 4.8, NAN, 200.8, NAN,1010.2,873.95,283.32,2181.73,5.8652,6.1449,125.7,0.0,1438.801, NAN, NAN, NAN, NAN,,2024/03/31 17:11:32.988,2024-03-31 17:11:32.988000+00:00
2024/03/31, 17:12:32.988, 41.524, -70.672, -0.02,24.75,329.87, 0.020, NAN,9.4, NAN,1008.0, NAN,0.0, NAN,102.0, NAN,194, NAN,3.4, NAN,44.8, NAN, 3.4, NAN, 218.8, NAN,1010.1,874.54,282.94,2188.18,5.8653,6.1475,126.3,0.0,1438.812, NAN, NAN, NAN, NAN,,2024/03/31 17:12:32.988,2024-03-31 17:12:32.988000+00:00
2024/03/31, 17:13:32.988, 41.524, -70.672, 0.07,24.62,55.05, 0.010, NAN,9.3, NAN,1008.1, NAN,0.0, NAN,102.0, NAN,235, NAN,2.1, NAN,46.1, NAN, 2.1, NAN, 259.5, NAN,1010.2,875.56,284.23,2191.01,5.8653,6.1509,125.7,0.0,1438.827, NAN, NAN, NAN, NAN,,2024/03/31 17:13:32.988,2024-03-31 17:13:32.988000+00:00
2024/03/31, 17:14:32.988, 41.524, -70.672, 0.14,24.37,23.84, 0.000, NAN,9.3, NAN,1008.1, NAN,0.0, NAN,102.0, NAN,236, NAN,2.2, NAN,49.8, NAN, 2.2, NAN, 260.4, NAN,1010.2,875.15,284.86,2190.17,5.8654,6.153,125.4,0.0,1438.836, NAN, NAN, NAN, NAN,,2024/03/31 17:14:32.988,2024-03-31 17:14:32.988000+00:00
2024/03/31, 17:15:32.988, 41.524, -70.672, -0.07,24.53,249.93, 0.010, NAN,9.3, NAN,1008.0, NAN,0.0, NAN,102.0, NAN,178, NAN,2.8, NAN,49.3, NAN, 2.8, NAN, 202.5, NAN,1010.1,872.71,285.2,2181.75,5.8655,6.1568,126.0,0.0,1438.853, NAN, NAN, NAN, NAN,,2024/03/31 17:15:32.988,2024-03-31 17:15:32.988000+00:00
2024/03/31, 17:16:32.988, 41.524, -70.672, 0.00,24.43,293.42, 0.000, NAN,9.4, NAN,1008.0, NAN,0.0, NAN,102.0, NAN,180, NAN,3.2, NAN,49.0, NAN, 3.2, NAN, 204.4, NAN,1010.1,874.61,284.62,2190.32,5.8654,6.1572,126.3,0.0,1438.854, NAN, NAN, NAN, NAN,,2024/03/31 17:16:32.988,2024-03-31 17:16:32.988000+00:00
2024/03/31, 17:17:32.988, 41.524, -70.672, 0.05,24.62,207.77, 0.000, NAN,9.5, NAN,1008.0, NAN,0.0, NAN,102.0, NAN,214, NAN,2.3, NAN,48.9, NAN, 2.3, NAN, 238.6, NAN,1010.1,875.66,284.62,2192.97,5.8655,6.1554,126.9,0.0,1438.847, NAN, NAN, NAN, NAN,,2024/03/31 17:17:32.988,2024-03-31 17:17:32.988000+00:00
2024/03/31, 17:18:32.988, 41.524, -70.672, -0.05,24.11,84.32, 0.010, NAN,9.5, NAN,1008.0, NAN,0.0, NAN,102.0, NAN,213, NAN,2.6, NAN,48.6, NAN, 2.6, NAN, 237.2, NAN,1010.1,876.24,285.38,2193.2,5.8655,6.1544,125.7,0.0,1438.842, NAN, NAN, NAN, NAN,,2024/03/31 17:18:32.988,2024-03-31 17:18:32.988000+00:00
2024/03/31, 17:19:32.988, 41.524, -70.672, -0.04,24.42,1.84, 0.000, NAN,9.5, NAN,1008.0, NAN,0.0, NAN,102.0, NAN,188, NAN,2.7, NAN,48.7, NAN, 2.7, NAN, 212.4, NAN,1010.1,875.89,285.04,2191.32,5.8656,6.1559,126.0,0.0,1438.849, NAN, NAN, NAN, NAN,,2024/03/31 17:19:32.988,2024-03-31 17:19:32.988000+00:00
2024/03/31, 17:20:32.988, 41.524, -70.672, 0.25,24.45,87.95, 0.000, NAN,9.5, NAN,1008.0, NAN,0.0, NAN,102.0, NAN,170, NAN,4.1, NAN,48.7, NAN, 4.1, NAN, 194.4, NAN,1010.1,873.23,285.05,2187.97,5.8657,6.1593,126.6,0.0,1438.864, NAN, NAN, NAN, NAN,,2024/03/31 17:20:32.988,2024-03-31 17:20:32.988000+00:00
2024/03/31, 17:21:32.988, 41.524, -70.672, 0.14,24.51,40.47, 0.000, NAN,9.5, NAN,1008.0, NAN,0.0, NAN,102.0, NAN,214, NAN,2.0, NAN,48.4, NAN, 2.0, NAN, 238.5, NAN,1010.1,870.64,284.89,2175.26,5.8656,6.162,126.0,0.0,1438.875, NAN, NAN, NAN, NAN,,2024/03/31 17:21:32.988,2024-03-31 17:21:32.988000+00:00
2024/03/31, 17:22:32.988, 41.524, -70.672, -0.16,24.43,171.86, 0.010, NAN,9.5, NAN,1008.0, NAN,0.0, NAN,102.0, NAN,188, NAN,2.3, NAN,49.1, NAN, 2.3, NAN, 212.6, NAN,1010.1,875.47,284.38,2188.56,5.8658,6.1641,125.7,0.0,1438.884, NAN, NAN, NAN, NAN,,2024/03/31 17:22:32.988,2024-03-31 17:22:32.988000+00:00
2024/03/31, 17:23:32.988, 41.524, -70.672, -0.01,24.49,181.04, 0.000, NAN,9.5, NAN,1008.1, NAN,0.0, NAN,102.0, NAN,201, NAN,2.5, NAN,48.2, NAN, 2.5, NAN, 225.5, NAN,1010.2,878.93,284.33,2195.14,5.8658,6.166,126.0,0.0,1438.892, NAN, NAN, NAN, NAN,,2024/03/31 17:23:32.988,2024-03-31 17:23:32.988000+00:00
2024/03/31, 17:24:32.988, 41.524, -70.672, 0.05,24.45,110.65, 0.010, NAN,9.5, NAN,1008.1, NAN,0.0, NAN,102.0, NAN,207, NAN,2.4, NAN,48.3, NAN, 2.4, NAN, 231.6, NAN,1010.2,880.86,284.63,2197.38,5.8659,6.1676,126.3,0.0,1438.899, NAN, NAN, NAN, NAN,,2024/03/31 17:24:32.988,2024-03-31 17:24:32.988000+00:00
2024/03/31, 17:25:32.988, 41.524, -70.672, -0.05,24.49,327.52, 0.010, NAN,9.5, NAN,1008.0, NAN,0.0, NAN,102.0, NAN,173, NAN,2.6, NAN,50.4, NAN, 2.6, NAN, 197.4, NAN,1010.1,878.52,284.84,2191.36,5.866,6.1698,126.3,0.0,1438.909, NAN, NAN, NAN, NAN,,2024/03/31 17:25:32.988,2024-03-31 17:25:32.988000+00:00
2024/03/31, 17:26:32.988, 41.524, -70.672, -0.16,24.52,229.8, 0.000, NAN,9.6, NAN,1008.0, NAN,0.0, NAN,102.0, NAN,263, NAN,1.9, NAN,48.0, NAN, 1.9, NAN, 287.5, NAN,1010.1,876.22,284.81,2186.2,5.866,6.1727,125.7,0.0,1438.921, NAN, NAN, NAN, NAN,,2024/03/31 17:26:32.988,2024-03-31 17:26:32.988000+00:00
2024/03/31, 17:27:32.989, 41.524, -70.672, 0.02,24.53,16.61, 0.010, NAN,9.5, NAN,1008.0, NAN,0.0, NAN,102.0, NAN,226, NAN,2.2, NAN,47.9, NAN, 2.2, NAN, 250.4, NAN,1010.1,881.42,285.17,2195.18,5.8661,6.1751,126.6,0.0,1438.932, NAN, NAN, NAN, NAN,,2024/03/31 17:27:32.989,2024-03-31 17:27:32.989000+00:00
2024/03/31, 17:28:32.989, 41.524, -70.672, 0.03,24.52,74.69, 0.000, NAN,9.5, NAN,1008.0, NAN,0.0, NAN,102.0, NAN,192, NAN,2.9, NAN,47.7, NAN, 2.9, NAN, 216.5, NAN,1010.1,869.36,284.22,2155.31,5.8662,6.1786,126.3,0.0,1438.947, NAN, NAN, NAN, NAN,,2024/03/31 17:28:32.989,2024-03-31 17:28:32.989000+00:00
2024/03/31, 17:29:32.989, 41.524, -70.672, 0.12,24.53,114.71, 0.010, NAN,9.4, NAN,1008.0, NAN,0.0, NAN,102.0, NAN,169, NAN,2.2, NAN,45.7, NAN, 2.2, NAN, 193.6, NAN,1010.1,886.43,285.08,2204.87,5.8662,6.1817,125.7,0.0,1438.96, NAN, NAN, NAN, NAN,,2024/03/31 17:29:32.989,2024-03-31 17:29:32.989000+00:00
2024/03/31, 17:30:32.989, 41.524, -70.672, 0.15,24.76,295.82, 0.000, NAN,9.4, NAN,1007.9, NAN,0.0, NAN,102.0, NAN,200, NAN,4.0, NAN,44.9, NAN, 4.0, NAN, 224.8, NAN,1010.0,888.39,283.6,2209.73,5.8663,6.1849,126.0,0.0,1438.974, NAN, NAN, NAN, NAN,,2024/03/31 17:30:32.989,2024-03-31 17:30:32.989000+00:00
2024/03/31, 17:31:32.989, 41.524, -70.672, 0.10,24.63,67.88, 0.000, NAN,9.3, NAN,1008.0, NAN,0.0, NAN,102.0, NAN,187, NAN,2.7, NAN,46.2, NAN, 2.7, NAN, 211.6, NAN,1010.1,891.9,286.14,2217.64,5.8663,6.1892,126.0,0.0,1438.993, NAN, NAN, NAN, NAN,,2024/03/31 17:31:32.989,2024-03-31 17:31:32.989000+00:00
2024/03/31, 17:32:32.989, 41.524, -70.672, 0.08,24.58,93.53, 0.010, NAN,9.2, NAN,1008.0, NAN,0.0, NAN,102.0, NAN,203, NAN,3.1, NAN,48.6, NAN, 3.1, NAN, 227.5, NAN,1010.1,888.95,285.63,2206.74,5.8663,6.1925,126.0,0.0,1439.007, NAN, NAN, NAN, NAN,,2024/03/31 17:32:32.989,2024-03-31 17:32:32.989000+00:00
2024/03/31, 17:33:32.989, NAN, NAN, NAN,24.49,90.09, NAN, NAN,9.2, NAN,1008.0, NAN,0.0, NAN,102.0, NAN,186, NAN,4.6, NAN,48.8, NAN, NAN, NAN, NAN, NAN,1010.1,886.63,284.55,2205.0,5.8665,6.1957,126.3,0.0,1439.021, NAN, NAN, NAN, NAN,,2024/03/31 17:33:32.989,2024-03-31 17:33:32.989000+00:00
2024/03/31, 17:34:32.989, NAN, NAN, NAN,24.38,322.15, NAN, NAN,9.2, NAN,1007.9, NAN,0.0, NAN,102.0, NAN,180, NAN,4.6, NAN,49.9, NAN, NAN, NAN, NAN, NAN,1010.0,884.33,285.37,2203.11,5.8665,6.1975,126.3,0.0,1439.028, NAN, NAN, NAN, NAN,,2024/03/31 17:34:32.989,2024-03-31 17:34:32.989000+00:00
2024/03/31, 17:35:32.989, NAN, NAN, NAN,24.36,48.68, NAN, NAN,9.1, NAN,1007.9, NAN,0.0, NAN,102.0, NAN,210, NAN,2.9, NAN,51.7, NAN, NAN, NAN, NAN, NAN,1010.0,883.58,285.26,2195.89,5.8666,6.1972,126.3,0.0,1439.027, NAN, NAN, NAN, NAN,,2024/03/31 17:35:32.989,2024-03-31 17:35:32.989000+00:00
2024/03/31, 17:36:32.989, NAN, NAN, NAN,24.27,21.8, NAN, NAN,9.1, NAN,1008.0, NAN,0.0, NAN,102.0, NAN,139, NAN,2.3, NAN,51.2, NAN, NAN, NAN, NAN, NAN,1010.1,876.1,285.67,2191.14,5.8667,6.1952,126.3,0.0,1439.019, NAN, NAN, NAN, NAN,,2024/03/31 17:36:32.989,2024-03-31 17:36:32.989000+00:00
2024/03/31, 17:37:32.989, NAN, NAN, NAN,24.05,134.76, NAN, NAN,9.0, NAN,1008.0, NAN,0.0, NAN,102.0, NAN,168, NAN,2.0, NAN,52.2, NAN, NAN, NAN, NAN, NAN,1010.1,885.92,285.67,2204.87,5.8667,6.1941,126.0,0.0,1439.014, NAN, NAN, NAN, NAN,,2024/03/31 17:37:32.989,2024-03-31 17:37:32.989000+00:00
2024/03/31, 17:38:32.989, NAN, NAN, NAN,24.62,356.29, NAN, NAN,9.0, NAN,1008.0, NAN,0.0, NAN,102.0, NAN,190, NAN,1.8, NAN,54.8, NAN, NAN, NAN, NAN, NAN,1010.1,888.93,287.02,2217.66,5.8666,6.1937,126.0,0.0,1439.012, NAN, NAN, NAN, NAN,,2024/03/31 17:38:32.989,2024-03-31 17:38:32.989000+00:00
2024/03/31, 17:39:32.989, NAN, NAN, NAN,24.29,350.64, NAN, NAN,9.0, NAN,1008.0, NAN,0.0, NAN,102.0, NAN,195, NAN,3.1, NAN,53.1, NAN, NAN, NAN, NAN, NAN,1010.1,873.97,286.14,2194.72,5.8668,6.193,126.3,0.0,1439.01, NAN, NAN, NAN, NAN,,2024/03/31 17:39:32.989,2024-03-31 17:39:32.989000+00:00
2024/03/31, 17:40:32.989, NAN, NAN, NAN,24.51,346.88, NAN, NAN,9.1, NAN,1007.9, NAN,0.0, NAN,102.0, NAN,207, NAN,4.4, NAN,50.0, NAN, NAN, NAN, NAN, NAN,1010.0,880.73,285.59,2200.12,5.8668,6.1936,125.7,0.0,1439.012, NAN, NAN, NAN, NAN,,2024/03/31 17:40:32.989,2024-03-31 17:40:32.989000+00:00
2024/03/31, 17:41:32.989, NAN, NAN, NAN,24.58,20.54, NAN, NAN,9.2, NAN,1008.0, NAN,0.0, NAN,102.0, NAN,217, NAN,3.9, NAN,48.4, NAN, NAN, NAN, NAN, NAN,1010.1,888.49,286.59,2220.19,5.8668,6.194,126.0,0.0,1439.014, NAN, NAN, NAN, NAN,,2024/03/31 17:41:32.989,2024-03-31 17:41:32.989000+00:00
2024/03/31, 17:42:32.989, NAN, NAN, NAN,24.47,324.43, NAN, NAN,9.3, NAN,1007.8, NAN,0.0, NAN,102.0, NAN,204, NAN,3.1, NAN,46.4, NAN, NAN, NAN, NAN, NAN,1009.9,875.0,287.67,2169.06,5.8668,6.1939,126.0,0.0,1439.013, NAN, NAN, NAN, NAN,,2024/03/31 17:42:32.989,2024-03-31 17:42:32.989000+00:00
2024/03/31, 17:43:32.989, NAN, NAN, NAN,24.59,350.48, NAN, NAN,9.4, NAN,1007.8, NAN,0.0, NAN,102.0, NAN,222, NAN,2.7, NAN,45.9, NAN, NAN, NAN, NAN, NAN,1009.9,872.64,288.35,2194.54,5.8669,6.1951,126.0,0.0,1439.019, NAN, NAN, NAN, NAN,,2024/03/31 17:43:32.989,2024-03-31 17:43:32.989000+00:00
2024/03/31, 17:44:32.990, 41.524, -70.672, 0.01,24.51,174.91, 0.010, NAN,9.6, NAN,1007.6, NAN,0.0, NAN,102.0, NAN,187, NAN,2.3, NAN,46.4, NAN, 2.3, NAN, 211.6, NAN,1009.7,856.07,288.19,2161.26,5.8669,6.1963,126.0,0.0,1439.024, NAN, NAN, NAN, NAN,,2024/03/31 17:44:32.990,2024-03-31 17:44:32.990000+00:00
2024/03/31, 17:45:32.990, 41.524, -70.672, 0.00,24.51,340.04, 0.010, NAN,9.7, NAN,1007.8, NAN,0.0, NAN,102.0, NAN,232, NAN,2.0, NAN,47.1, NAN, 2.0, NAN, 256.4, NAN,1009.9,858.65,288.25,2157.08,5.867,6.1965,126.0,0.0,1439.025, NAN, NAN, NAN, NAN,,2024/03/31 17:45:32.990,2024-03-31 17:45:32.990000+00:00
2024/03/31, 17:46:32.990, 41.524, -70.672, 0.07,24.42,46.65, 0.000, NAN,9.7, NAN,1007.8, NAN,0.0, NAN,102.0, NAN,203, NAN,2.8, NAN,48.8, NAN, 2.8, NAN, 227.4, NAN,1009.9,860.66,286.84,2173.04,5.867,6.196,126.6,0.0,1439.023, NAN, NAN, NAN, NAN,,2024/03/31 17:46:32.990,2024-03-31 17:46:32.990000+00:00
2024/03/31, 17:47:32.990, 41.524, -70.672, -0.06,24.48,6.37, 0.000, NAN,9.6, NAN,1007.7, NAN,0.0, NAN,102.0, NAN,207, NAN,3.2, NAN,49.2, NAN, 3.2, NAN, 231.5, NAN,1009.8,859.12,286.67,2186.89,5.867,6.1975,126.6,0.0,1439.029, NAN, NAN, NAN, NAN,,2024/03/31 17:47:32.990,2024-03-31 17:47:32.990000+00:00
2024/03/31, 17:48:32.990, 41.524, -70.672, -0.02,24.53,341.53, 0.010, NAN,9.6, NAN,1007.8, NAN,0.0, NAN,102.0, NAN,188, NAN,3.7, NAN,50.1, NAN, 3.7, NAN, 212.5, NAN,1009.9,847.66,286.83,2158.55,5.867,6.2016,126.0,0.0,1439.047, NAN, NAN, NAN, NAN,,2024/03/31 17:48:32.990,2024-03-31 17:48:32.990000+00:00
2024/03/31, 17:49:32.990, 41.524, -70.672, 0.24,24.43,41.55, 0.010, NAN,9.6, NAN,1007.7, NAN,0.0, NAN,102.0, NAN,153, NAN,3.0, NAN,49.0, NAN, 3.0, NAN, 177.4, NAN,1009.8,854.35,287.69,2172.7,5.8671,6.2055,126.0,0.0,1439.064, NAN, NAN, NAN, NAN,,2024/03/31 17:49:32.990,2024-03-31 17:49:32.990000+00:00
2024/03/31, 17:50:32.990, 41.524, -70.672, -0.10,24.53,342.92, 0.010, NAN,9.5, NAN,1007.7, NAN,0.0, NAN,102.0, NAN,191, NAN,4.1, NAN,49.8, NAN, 4.1, NAN, 215.5, NAN,1009.8,840.99,287.3,2142.15,5.8671,6.208,126.0,0.0,1439.074, NAN, NAN, NAN, NAN,,2024/03/31 17:50:32.990,2024-03-31 17:50:32.990000+00:00
2024/03/31, 17:51:32.990, 41.524, -70.672, 0.12,24.49,116.54, 0.010, NAN,9.5, NAN,1007.7, NAN,0.0, NAN,102.0, NAN,211, NAN,4.7, NAN,50.6, NAN, 4.7, NAN, 235.5, NAN,1009.8,836.8,287.25,2137.6,5.8671,6.2093,126.0,0.0,1439.08, NAN, NAN, NAN, NAN,,2024/03/31 17:51:32.990,2024-03-31 17:51:32.990000+00:00
2024/03/31, 17:52:32.990, 41.524, -70.672, 0.10,24.66,194.61, 0.010, NAN,9.5, NAN,1007.7, NAN,0.0, NAN,102.0, NAN,186, NAN,1.9, NAN,51.3, NAN, 1.9, NAN, 210.6, NAN,1009.8,851.98,288.76,2171.35,5.8672,6.2102,126.6,0.0,1439.084, NAN, NAN, NAN, NAN,,2024/03/31 17:52:32.990,2024-03-31 17:52:32.990000+00:00
2024/03/31, 17:53:32.990, 41.524, -70.672, 0.03,24.49,26.18, 0.010, NAN,9.5, NAN,1007.7, NAN,0.0, NAN,102.0, NAN,209, NAN,2.1, NAN,51.8, NAN, 2.1, NAN, 233.4, NAN,1009.8,859.6,289.94,2199.03,5.8672,6.2129,126.3,0.0,1439.095, NAN, NAN, NAN, NAN,,2024/03/31 17:53:32.990,2024-03-31 17:53:32.990000+00:00
2024/03/31, 17:54:32.990, 41.524, -70.672, -0.17,24.46,274.7, 0.000, NAN,9.5, NAN,1007.7, NAN,0.0, NAN,102.0, NAN,210, NAN,3.6, NAN,49.6, NAN, 3.6, NAN, 234.5, NAN,1009.8,867.76,289.24,2220.61,5.8672,6.2151,126.0,0.0,1439.105, NAN, NAN, NAN, NAN,,2024/03/31 17:54:32.990,2024-03-31 17:54:32.990000+00:00
2024/03/31, 17:55:32.990, 41.524, -70.672, 0.17,24.63,322.63, 0.010, NAN,9.5, NAN,1007.7, NAN,0.0, NAN,102.0, NAN,195, NAN,2.9, NAN,49.2, NAN, 2.9, NAN, 219.6, NAN,1009.8,872.47,289.58,2233.45,5.8672,6.2174,126.0,0.0,1439.115, NAN, NAN, NAN, NAN,,2024/03/31 17:55:32.990,2024-03-31 17:55:32.990000+00:00
2024/03/31, 17:56:32.990, 41.524, -70.672, 0.07,24.52,140.98, 0.010, NAN,9.5, NAN,1007.7, NAN,0.0, NAN,102.0, NAN,191, NAN,2.9, NAN,49.5, NAN, 2.9, NAN, 215.6, NAN,1009.8,871.72,291.16,2225.66,5.8672,6.2188,125.4,0.0,1439.121, NAN, NAN, NAN, NAN,,2024/03/31 17:56:32.990,2024-03-31 17:56:32.990000+00:00
2024/03/31, 17:57:32.990, 41.524, -70.672, 0.15,24.56,292.61, 0.010, NAN,9.5, NAN,1007.7, NAN,0.0, NAN,102.0, NAN,222, NAN,2.9, NAN,49.7, NAN, 2.9, NAN, 246.6, NAN,1009.8,879.77,291.25,2257.28,5.8672,6.2209,126.0,0.0,1439.13, NAN, NAN, NAN, NAN,,2024/03/31 17:57:32.990,2024-03-31 17:57:32.990000+00:00
2024/03/31, 17:58:32.990, 41.524, -70.672, 0.29,24.57,312.01, 0.010, NAN,9.5, NAN,1007.7, NAN,0.0, NAN,102.0, NAN,190, NAN,3.1, NAN,50.1, NAN, 3.1, NAN, 214.5, NAN,1009.8,883.84,291.08,2267.78,5.8673,6.2229,126.0,0.0,1439.138, NAN, NAN, NAN, NAN,,2024/03/31 17:58:32.990,2024-03-31 17:58:32.990000+00:00
2024/03/31, 17:59:32.990, 41.524, -70.672, 0.11,24.44,58.79, 0.010, NAN,9.6, NAN,1007.7, NAN,0.0, NAN,102.0, NAN,189, NAN,6.0, NAN,50.1, NAN, 6.0, NAN, 213.5, NAN,1009.8,885.63,290.99,2274.82,5.8672,6.2256,126.3,0.0,1439.15, NAN, NAN, NAN, NAN,,2024/03/31 17:59:32.990,2024-03-31 17:59:32.990000+00:00
2024/03/31, 18:00:32.991, 41.524, -70.672, -0.05,24.55,288.41, 0.000, NAN,9.5, NAN,1007.6, NAN,0.0, NAN,102.0, NAN,211, NAN,2.8, NAN,51.4, NAN, 2.8, NAN, 235.6, NAN,1009.7,886.76,292.79,2281.49,5.8673,6.2275,126.0,0.0,1439.158, NAN, NAN, NAN, NAN,,2024/03/31 18:00:32.991,2024-03-31 18:00:32.991000+00:00
2024/03/31, 18:01:32.991, 41.524, -70.672, -0.02,24.65,76.63, 0.010, NAN,9.5, NAN,1007.7, NAN,0.0, NAN,102.0, NAN,176, NAN,3.9, NAN,52.3, NAN, 3.9, NAN, 200.7, NAN,1009.8,880.4,292.74,2271.5,5.8673,6.2304,126.0,0.0,1439.17, NAN, NAN, NAN, NAN,,2024/03/31 18:01:32.991,2024-03-31 18:01:32.991000+00:00
2024/03/31, 18:02:32.991, 41.524, -70.672, 0.37,24.51,288.7, 0.010, NAN,9.5, NAN,1007.6, NAN,0.0, NAN,102.0, NAN,170, NAN,3.5, NAN,51.6, NAN, 3.5, NAN, 194.5, NAN,1009.7,879.88,292.84,2273.16,5.8673,6.2342,125.7,0.0,1439.187, NAN, NAN, NAN, NAN,,2024/03/31 18:02:32.991,2024-03-31 18:02:32.991000+00:00
2024/03/31, 18:03:32.991, 41.524, -70.672, 0.19,24.44,347.12, 0.010, NAN,9.5, NAN,1007.6, NAN,0.0, NAN,102.0, NAN,188, NAN,4.8, NAN,51.3, NAN, 4.8, NAN, 212.5, NAN,1009.7,871.62,292.14,2259.6,5.8673,6.237,126.3,0.0,1439.199, NAN, NAN, NAN, NAN,,2024/03/31 18:03:32.991,2024-03-31 18:03:32.991000+00:00
2024/03/31, 18:04:32.991, 41.524, -70.672, 0.03,24.5,332.03, 0.000, NAN,9.5, NAN,1007.6, NAN,0.0, NAN,102.0, NAN,199, NAN,5.7, NAN,50.8, NAN, 5.7, NAN, 223.5, NAN,1009.7,864.65,291.49,2250.14,5.8673,6.2407,126.3,0.0,1439.215, NAN, NAN, NAN, NAN,,2024/03/31 18:04:32.991,2024-03-31 18:04:32.991000+00:00
2024/03/31, 18:05:32.991, 41.524, -70.672, 0.01,24.5,122.51, 0.000, NAN,9.4, NAN,1007.6, NAN,0.0, NAN,102.0, NAN,194, NAN,3.0, NAN,51.4, NAN, 3.0, NAN, 218.5, NAN,1009.7,862.31,293.13,2247.73,5.8673,6.244,126.0,0.0,1439.229, NAN, NAN, NAN, NAN,,2024/03/31 18:05:32.991,2024-03-31 18:05:32.991000+00:00
2024/03/31, 18:06:32.991, 41.524, -70.672, -0.08,24.38,62.22, 0.010, NAN,9.4, NAN,1007.6, NAN,0.0, NAN,102.0, NAN,223, NAN,2.9, NAN,50.7, NAN, 2.9, NAN, 247.3, NAN,1009.7,868.43,292.92,2271.45,5.8674,6.2488,126.3,0.0,1439.249, NAN, NAN, NAN, NAN,,2024/03/31 18:06:32.991,2024-03-31 18:06:32.991000+00:00
2024/03/31, 18:07:32.991, 41.524, -70.672, 0.02,24.43,324.18, 0.000, NAN,9.4, NAN,1007.6, NAN,0.0, NAN,102.0, NAN,208, NAN,4.0, NAN,51.3, NAN, 4.0, NAN, 232.4, NAN,1009.7,864.63,294.17,2261.51,5.8673,6.2517,125.4,0.0,1439.262, NAN, NAN, NAN, NAN,,2024/03/31 18:07:32.991,2024-03-31 18:07:32.991000+00:00
2024/03/31, 18:08:32.991, 41.524, -70.672, -0.24,24.51,350.53, 0.010, NAN,9.5, NAN,1007.5, NAN,0.0, NAN,102.0, NAN,198, NAN,6.0, NAN,50.4, NAN, 6.0, NAN, 222.5, NAN,1009.6,875.67,294.12,2291.65,5.8673,6.2545,125.4,0.0,1439.274, NAN, NAN, NAN, NAN,,2024/03/31 18:08:32.991,2024-03-31 18:08:32.991000+00:00
2024/03/31, 18:09:32.991, 41.524, -70.672, 0.05,24.44,192.17, 0.000, NAN,9.6, NAN,1007.4, NAN,0.0, NAN,102.0, NAN,174, NAN,5.7, NAN,50.5, NAN, 5.7, NAN, 198.4, NAN,1009.5,855.47,293.65,2254.17,5.8673,6.2574,125.7,0.0,1439.286, NAN, NAN, NAN, NAN,,2024/03/31 18:09:32.991,2024-03-31 18:09:32.991000+00:00
2024/03/31, 18:10:32.991, 41.524, -70.672, 0.13,24.48,11.62, 0.000, NAN,9.5, NAN,1007.5, NAN,0.0, NAN,102.0, NAN,204, NAN,8.7, NAN,49.4, NAN, 8.7, NAN, 228.5, NAN,1009.6,851.76,293.46,2245.41,5.8674,6.2598,125.7,0.0,1439.296, NAN, NAN, NAN, NAN,,2024/03/31 18:10:32.991,2024-03-31 18:10:32.991000+00:00
2024/03/31, 18:11:32.991, 41.524, -70.672, -0.12,24.45,301.66, 0.010, NAN,9.5, NAN,1007.5, NAN,0.0, NAN,102.0, NAN,207, NAN,5.2, NAN,51.3, NAN, 5.2, NAN, 231.4, NAN,1009.6,872.18,294.9,2267.66,5.8673,6.2623,126.0,0.0,1439.307, NAN, NAN, NAN, NAN,,2024/03/31 18:11:32.991,2024-03-31 18:11:32.991000+00:00
2024/03/31, 18:12:32.991, 41.524, -70.672, 0.28,24.45,29.45, 0.000, NAN,9.5, NAN,1007.6, NAN,0.0, NAN,102.0, NAN,197, NAN,4.3, NAN,51.8, NAN, 4.3, NAN, 221.4, NAN,1009.7,892.9,295.8,2349.12,5.8674,6.2655,125.7,0.0,1439.321, NAN, NAN, NAN, NAN,,2024/03/31 18:12:32.991,2024-03-31 18:12:32.991000+00:00
2024/03/31, 18:13:32.991, 41.524, -70.672, 0.08,24.46,330.1, 0.010, NAN,9.4, NAN,1007.5, NAN,0.0, NAN,102.0, NAN,199, NAN,7.1, NAN,51.7, NAN, 7.1, NAN, 223.4, NAN,1009.6,875.31,295.24,2320.41,5.8673,6.268,126.0,0.0,1439.331, NAN, NAN, NAN, NAN,,2024/03/31 18:13:32.991,2024-03-31 18:13:32.991000+00:00
2024/03/31, 18:14:32.991, 41.524, -70.672, 0.03,24.42,103.59, 0.010, NAN,9.4, NAN,1007.6, NAN,0.0, NAN,102.0, NAN,202, NAN,6.3, NAN,51.7, NAN, 6.3, NAN, 226.4, NAN,1009.7,857.59,295.37,2295.75,5.8674,6.2708,126.3,0.0,1439.344, NAN, NAN, NAN, NAN,,2024/03/31 18:14:32.991,2024-03-31 18:14:32.991000+00:00
2024/03/31, 18:15:32.991, 41.524, -70.672, 0.00,24.47,272.4, 0.010, NAN,9.4, NAN,1007.5, NAN,0.0, NAN,102.0, NAN,205, NAN,5.6, NAN,51.8, NAN, 5.6, NAN, 229.4, NAN,1009.6,865.19,296.29,2309.36,5.8674,6.2742,125.7,0.0,1439.358, NAN, NAN, NAN, NAN,,2024/03/31 18:15:32.991,2024-03-31 18:15:32.991000+00:00
2024/03/31, 18:16:32.991, 41.524, -70.672, 0.11,24.44,124.27, 0.010, NAN,9.3, NAN,1007.6, NAN,0.0, NAN,102.0, NAN,200, NAN,8.1, NAN,52.6, NAN, 8.1, NAN, 224.4, NAN,1009.7,857.22,295.54,2305.73,5.8673,6.276,126.0,0.0,1439.366, NAN, NAN, NAN, NAN,,2024/03/31 18:16:32.991,2024-03-31 18:16:32.991000+00:00
2024/03/31, 18:17:32.992, 41.524, -70.672, 0.08,24.45,205.77, 0.010, NAN,9.2, NAN,1007.5, NAN,0.0, NAN,102.0, NAN,194, NAN,3.4, NAN,52.7, NAN, 3.4, NAN, 218.4, NAN,1009.6,822.31,297.24,2232.18,5.8673,6.2777,126.0,0.0,1439.373, NAN, NAN, NAN, NAN,,2024/03/31 18:17:32.992,2024-03-31 18:17:32.992000+00:00
2024/03/31, 18:18:32.992, 41.524, -70.672, 0.14,24.45,150.38, 0.000, NAN,9.1, NAN,1007.6, NAN,0.0, NAN,102.0, NAN,200, NAN,5.8, NAN,54.8, NAN, 5.8, NAN, 224.4, NAN,1009.7,807.24,298.27,2201.43,5.8673,6.279,126.0,0.0,1439.379, NAN, NAN, NAN, NAN,,2024/03/31 18:18:32.992,2024-03-31 18:18:32.992000+00:00
2024/03/31, 18:19:32.992, 41.524, -70.672, 0.19,24.44,73.63, 0.010, NAN,9.1, NAN,1007.5, NAN,0.0, NAN,102.0, NAN,190, NAN,3.1, NAN,54.9, NAN, 3.1, NAN, 214.5, NAN,1009.6,816.8,300.48,2234.12,5.8673,6.2804,125.7,0.0,1439.385, NAN, NAN, NAN, NAN,,2024/03/31 18:19:32.992,2024-03-31 18:19:32.992000+00:00
2024/03/31, 18:20:32.992, 41.524, -70.672, 0.04,24.49,104.01, 0.010, NAN,9.2, NAN,1007.6, NAN,0.0, NAN,102.0, NAN,183, NAN,4.5, NAN,55.5, NAN, 4.5, NAN, 207.5, NAN,1009.7,806.25,300.86,2209.76,5.8673,6.2816,126.0,0.0,1439.39, NAN, NAN, NAN, NAN,,2024/03/31 18:20:32.992,2024-03-31 18:20:32.992000+00:00
2024/03/31, 18:21:32.992, 41.524, -70.672, 0.05,24.46,37.38, 0.010, NAN,9.2, NAN,1007.5, NAN,0.0, NAN,102.0, NAN,201, NAN,5.5, NAN,56.7, NAN, 5.5, NAN, 225.4, NAN,1009.6,785.3,300.81,2178.1,5.8673,6.2836,125.4,0.0,1439.398, NAN, NAN, NAN, NAN,,2024/03/31 18:21:32.992,2024-03-31 18:21:32.992000+00:00
2024/03/31, 18:22:32.992, 41.524, -70.672, 0.05,24.46,291.41, 0.010, NAN,9.2, NAN,1007.6, NAN,0.0, NAN,102.0, NAN,204, NAN,4.1, NAN,56.2, NAN, 4.1, NAN, 228.4, NAN,1009.7,827.84,302.72,2278.27,5.8673,6.2867,125.7,0.0,1439.411, NAN, NAN, NAN, NAN,,2024/03/31 18:22:32.992,2024-03-31 18:22:32.992000+00:00
2024/03/31, 18:23:32.992, 41.524, -70.672, -0.32,24.5,128.51, 0.010, NAN,9.2, NAN,1007.5, NAN,0.0, NAN,102.0, NAN,198, NAN,2.7, NAN,57.6, NAN, 2.7, NAN, 222.6, NAN,1009.6,770.64,303.11,2141.83,5.8673,6.2893,126.0,0.0,1439.423, NAN, NAN, NAN, NAN,,2024/03/31 18:23:32.992,2024-03-31 18:23:32.992000+00:00
2024/03/31, 18:24:32.992, 41.524, -70.672, 0.04,24.46,336.23, 0.000, NAN,9.2, NAN,1007.4, NAN,0.0, NAN,102.0, NAN,193, NAN,3.5, NAN,58.0, NAN, 3.5, NAN, 217.5, NAN,1009.5,714.48,302.65,2025.91,5.8674,6.2913,125.7,0.0,1439.431, NAN, NAN, NAN, NAN,,2024/03/31 18:24:32.992,2024-03-31 18:24:32.992000+00:00
2024/03/31, 18:25:32.992, 41.524, -70.672, 0.19,24.54,291.23, 0.000, NAN,9.2, NAN,1007.5, NAN,0.0, NAN,102.0, NAN,196, NAN,3.2, NAN,58.1, NAN, 3.2, NAN, 220.5, NAN,1009.6,674.14,302.68,1933.38,5.8673,6.2936,125.4,0.0,1439.441, NAN, NAN, NAN, NAN,,2024/03/31 18:25:32.992,2024-03-31 18:25:32.992000+00:00
2024/03/31, 18:26:32.992, 41.524, -70.672, 0.11,24.44,174.0, 0.010, NAN,9.1, NAN,1007.4, NAN,0.0, NAN,102.0, NAN,203, NAN,4.8, NAN,58.7, NAN, 4.8, NAN, 227.4, NAN,1009.5,682.98,302.56,1972.81,5.8674,6.2971,125.7,0.0,1439.456, NAN, NAN, NAN, NAN,,2024/03/31 18:26:32.992,2024-03-31 18:26:32.992000+00:00
2024/03/31, 18:27:32.992, 41.524, -70.672, 0.08,24.53,109.4, 0.010, NAN,9.1, NAN,1007.6, NAN,0.0, NAN,102.0, NAN,189, NAN,3.1, NAN,58.8, NAN, 3.1, NAN, 213.4, NAN,1009.7,665.84,303.23,1944.56,5.8673,6.3011,126.3,0.0,1439.473, NAN, NAN, NAN, NAN,,2024/03/31 18:27:32.992,2024-03-31 18:27:32.992000+00:00
2024/03/31, 18:28:32.992, 41.524, -70.672, 0.10,24.47,180.52, 0.000, NAN,9.1, NAN,1007.6, NAN,0.0, NAN,102.0, NAN,222, NAN,4.3, NAN,59.6, NAN, 4.3, NAN, 246.5, NAN,1009.7,661.23,303.37,1962.9,5.8673,6.3053,125.7,0.0,1439.491, NAN, NAN, NAN, NAN,,2024/03/31 18:28:32.992,2024-03-31 18:28:32.992000+00:00
2024/03/31, 18:29:32.992, 41.524, -70.672, 0.22,24.44,36.5, 0.010, NAN,9.1, NAN,1007.6, NAN,0.0, NAN,102.0, NAN,194, NAN,3.8, NAN,59.0, NAN, 3.8, NAN, 218.4, NAN,1009.7,587.73,303.0,1768.56,5.8672,6.3092,126.3,0.0,1439.508, NAN, NAN, NAN, NAN,,2024/03/31 18:29:32.992,2024-03-31 18:29:32.992000+00:00
2024/03/31, 18:30:32.992, 41.524, -70.672, 0.36,24.44,358.2, 0.000, NAN,9.1, NAN,1007.5, NAN,0.0, NAN,102.0, NAN,203, NAN,6.5, NAN,58.0, NAN, 6.5, NAN, 227.4, NAN,1009.6,617.73,302.69,1835.2,5.8673,6.3096,126.3,0.0,1439.509, NAN, NAN, NAN, NAN,,2024/03/31 18:30:32.992,2024-03-31 18:30:32.992000+00:00
2024/03/31, 18:31:32.992, 41.524, -70.672, 0.32,24.42,323.69, 0.010, NAN,9.1, NAN,1007.5, NAN,0.0, NAN,102.0, NAN,195, NAN,5.7, NAN,57.9, NAN, 5.7, NAN, 219.4, NAN,1009.6,551.54,302.93,1700.26,5.8673,6.3105,125.7,0.0,1439.513, NAN, NAN, NAN, NAN,,2024/03/31 18:31:32.992,2024-03-31 18:31:32.992000+00:00
2024/03/31, 18:32:32.992, 41.524, -70.672, 0.15,24.4,138.84, 0.000, NAN,9.1, NAN,1007.5, NAN,0.0, NAN,102.0, NAN,201, NAN,7.0, NAN,57.8, NAN, 7.0, NAN, 225.4, NAN,1009.6,611.0,303.25,1850.34,5.8673,6.313,126.3,0.0,1439.524, NAN, NAN, NAN, NAN,,2024/03/31 18:32:32.992,2024-03-31 18:32:32.992000+00:00
2024/03/31, 18:33:32.993, 41.524, -70.672, 0.15,24.44,318.38, 0.010, NAN,9.2, NAN,1007.6, NAN,0.0, NAN,102.0, NAN,202, NAN,5.7, NAN,57.0, NAN, 5.7, NAN, 226.4, NAN,1009.7,602.25,302.93,1866.54,5.8673,6.3163,126.0,0.0,1439.538, NAN, NAN, NAN, NAN,,2024/03/31 18:33:32.993,2024-03-31 18:33:32.993000+00:00
2024/03/31, 18:34:32.993, 41.524, -70.672, -0.21,24.44,69.43, 0.010, NAN,9.2, NAN,1007.4, NAN,0.0, NAN,102.0, NAN,207, NAN,3.9, NAN,59.3, NAN, 3.9, NAN, 231.4, NAN,1009.5,541.81,303.0,1705.74,5.8674,6.3195,126.3,0.0,1439.552, NAN, NAN, NAN, NAN,,2024/03/31 18:34:32.993,2024-03-31 18:34:32.993000+00:00
2024/03/31, 18:35:32.993, 41.524, -70.672, -0.21,24.44,328.83, 0.000, NAN,9.1, NAN,1007.5, NAN,0.0, NAN,102.0, NAN,210, NAN,5.2, NAN,59.7, NAN, 5.2, NAN, 234.4, NAN,1009.6,585.27,303.52,1811.73,5.8673,6.3224,126.0,0.0,1439.564, NAN, NAN, NAN, NAN,,2024/03/31 18:35:32.993,2024-03-31 18:35:32.993000+00:00
2024/03/31, 18:36:32.993, 41.524, -70.672, -0.11,24.43,295.33, 0.000, NAN,9.1, NAN,1007.4, NAN,0.0, NAN,102.0, NAN,198, NAN,6.2, NAN,60.0, NAN, 6.2, NAN, 222.4, NAN,1009.5,593.51,303.78,1849.77,5.8674,6.3228,126.3,0.0,1439.566, NAN, NAN, NAN, NAN,,2024/03/31 18:36:32.993,2024-03-31 18:36:32.993000+00:00
2024/03/31, 18:37:32.993, 41.524, -70.672, -0.07,24.43,116.75, 0.000, NAN,9.1, NAN,1007.5, NAN,0.0, NAN,102.0, NAN,199, NAN,6.3, NAN,59.7, NAN, 6.3, NAN, 223.4, NAN,1009.6,607.35,303.57,1892.3,5.8674,6.3232,126.9,0.0,1439.568, NAN, NAN, NAN, NAN,,2024/03/31 18:37:32.993,2024-03-31 18:37:32.993000+00:00
2024/03/31, 18:38:32.993, 41.524, -70.672, -0.07,24.41,318.94, 0.000, NAN,9.1, NAN,1007.6, NAN,0.0, NAN,102.0, NAN,195, NAN,4.6, NAN,60.5, NAN, 4.6, NAN, 219.4, NAN,1009.7,570.8,304.64,1809.67,5.8675,6.3237,126.3,0.0,1439.57, NAN, NAN, NAN, NAN,,2024/03/31 18:38:32.993,2024-03-31 18:38:32.993000+00:00
2024/03/31, 18:39:32.993, 41.524, -70.672, -0.07,24.42,147.05, 0.010, NAN,9.1, NAN,1007.5, NAN,0.0, NAN,102.0, NAN,194, NAN,4.1, NAN,60.0, NAN, 4.1, NAN, 218.5, NAN,1009.6,507.08,303.92,1657.06,5.8675,6.3243,126.0,0.0,1439.573, NAN, NAN, NAN, NAN,,2024/03/31 18:39:32.993,2024-03-31 18:39:32.993000+00:00
2024/03/31, 18:40:32.993, 41.524, -70.672, 0.04,24.44,140.81, 0.000, NAN,9.1, NAN,1007.5, NAN,0.0, NAN,102.0, NAN,197, NAN,4.9, NAN,61.0, NAN, 4.9, NAN, 221.4, NAN,1009.6,491.51,304.68,1631.2,5.8675,6.3263,126.6,0.0,1439.581, NAN, NAN, NAN, NAN,,2024/03/31 18:40:32.993,2024-03-31 18:40:32.993000+00:00
2024/03/31, 18:41:32.993, 41.524, -70.672, -0.04,24.44,126.66, 0.010, NAN,9.2, NAN,1007.6, NAN,0.0, NAN,102.0, NAN,183, NAN,4.7, NAN,60.1, NAN, 4.7, NAN, 207.5, NAN,1009.7,539.46,305.43,1739.35,5.8675,6.3275,126.3,0.0,1439.586, NAN, NAN, NAN, NAN,,2024/03/31 18:41:32.993,2024-03-31 18:41:32.993000+00:00
2024/03/31, 18:42:32.993, 41.524, -70.672, -0.07,24.44,305.54, 0.010, NAN,9.3, NAN,1007.6, NAN,0.0, NAN,102.0, NAN,203, NAN,3.7, NAN,60.6, NAN, 3.7, NAN, 227.4, NAN,1009.7,507.13,305.35,1670.89,5.8676,6.3286,126.3,0.0,1439.591, NAN, NAN, NAN, NAN,,2024/03/31 18:42:32.993,2024-03-31 18:42:32.993000+00:00
2024/03/31, 18:43:32.993, 41.524, -70.672, -0.07,24.4,342.68, 0.010, NAN,9.4, NAN,1007.5, NAN,0.0, NAN,102.0, NAN,167, NAN,2.6, NAN,60.1, NAN, 2.6, NAN, 191.4, NAN,1009.6,540.85,304.73,1734.52,5.8677,6.3306,126.0,0.0,1439.6, NAN, NAN, NAN, NAN,,2024/03/31 18:43:32.993,2024-03-31 18:43:32.993000+00:00
2024/03/31, 18:44:32.993, 41.524, -70.672, -0.07,24.5,82.0, 0.010, NAN,9.4, NAN,1007.5, NAN,0.0, NAN,102.0, NAN,215, NAN,2.9, NAN,60.3, NAN, 2.9, NAN, 239.6, NAN,1009.6,574.56,304.92,1883.24,5.8677,6.3344,126.0,0.0,1439.616, NAN, NAN, NAN, NAN,,2024/03/31 18:44:32.993,2024-03-31 18:44:32.993000+00:00
2024/03/31, 18:45:32.993, 41.524, -70.672, -0.07,24.44,233.57, 0.010, NAN,9.4, NAN,1007.6, NAN,0.0, NAN,102.0, NAN,174, NAN,2.9, NAN,60.8, NAN, 2.9, NAN, 198.3, NAN,1009.7,642.72,304.5,1979.31,5.8677,6.3368,126.0,0.0,1439.626, NAN, NAN, NAN, NAN,,2024/03/31 18:45:32.993,2024-03-31 18:45:32.993000+00:00
2024/03/31, 18:46:32.993, 41.524, -70.672, -0.07,24.45,321.72, 0.000, NAN,9.4, NAN,1007.6, NAN,0.0, NAN,102.0, NAN,175, NAN,2.6, NAN,60.4, NAN, 2.6, NAN, 199.4, NAN,1009.7,680.47,304.59,2143.64,5.8678,6.3396,125.4,0.0,1439.638, NAN, NAN, NAN, NAN,,2024/03/31 18:46:32.993,2024-03-31 18:46:32.993000+00:00
2024/03/31, 18:47:32.993, 41.524, -70.672, -0.07,24.44,112.69, 0.010, NAN,9.3, NAN,1007.7, NAN,0.0, NAN,102.0, NAN,189, NAN,3.0, NAN,61.2, NAN, 3.0, NAN, 213.5, NAN,1009.8,629.07,303.56,2033.97,5.8679,6.3411,126.3,0.0,1439.645, NAN, NAN, NAN, NAN,,2024/03/31 18:47:32.993,2024-03-31 18:47:32.993000+00:00
2024/03/31, 18:48:32.993, 41.524, -70.672, -0.07,24.53,303.5, 0.010, NAN,9.2, NAN,1007.6, NAN,0.0, NAN,102.0, NAN,190, NAN,3.2, NAN,61.6, NAN, 3.2, NAN, 214.6, NAN,1009.7,710.08,305.17,2221.13,5.8679,6.3439,126.0,0.0,1439.657, NAN, NAN, NAN, NAN,,2024/03/31 18:48:32.993,2024-03-31 18:48:32.993000+00:00
2024/03/31, 18:49:32.994, 41.524, -70.672, -0.07,24.47,112.06, 0.000, NAN,9.2, NAN,1007.6, NAN,0.0, NAN,102.0, NAN,219, NAN,2.7, NAN,62.1, NAN, 2.7, NAN, 243.5, NAN,1009.7,726.09,304.59,2189.43,5.868,6.3441,125.7,0.0,1439.658, NAN, NAN, NAN, NAN,,2024/03/31 18:49:32.994,2024-03-31 18:49:32.994000+00:00
2024/03/31, 18:50:32.994, 41.524, -70.672, -0.07,24.5,314.13, 0.000, NAN,9.1, NAN,1007.6, NAN,0.0, NAN,102.0, NAN,186, NAN,3.4, NAN,63.2, NAN, 3.4, NAN, 210.5, NAN,1009.7,723.73,305.68,2266.0,5.8679,6.3448,124.8,0.0,1439.661, NAN, NAN, NAN, NAN,,2024/03/31 18:50:32.994,2024-03-31 18:50:32.994000+00:00
2024/03/31, 18:51:32.994, 41.524, -70.672, -0.07,24.47,113.05, 0.010, NAN,9.2, NAN,1007.6, NAN,0.0, NAN,102.0, NAN,189, NAN,3.9, NAN,63.1, NAN, 3.9, NAN, 213.5, NAN,1009.7,718.84,305.78,2267.92,5.8681,6.3455,126.6,0.0,1439.664, NAN, NAN, NAN, NAN,,2024/03/31 18:51:32.994,2024-03-31 18:51:32.994000+00:00
2024/03/31, 18:52:32.994, 41.524, -70.672, -0.07,24.53,163.99, 0.000, NAN,9.3, NAN,1007.6, NAN,0.0, NAN,102.0, NAN,204, NAN,2.7, NAN,62.5, NAN, 2.7, NAN, 228.5, NAN,1009.7,739.34,306.64,2288.14,5.8681,6.3471,126.3,0.0,1439.671, NAN, NAN, NAN, NAN,,2024/03/31 18:52:32.994,2024-03-31 18:52:32.994000+00:00
2024/03/31, 18:53:32.994, 41.524, -70.672, -0.07,24.45,347.88, 0.000, NAN,9.3, NAN,1007.6, NAN,0.0, NAN,102.0, NAN,203, NAN,3.7, NAN,62.1, NAN, 3.7, NAN, 227.4, NAN,1009.7,688.16,305.94,2171.17,5.8682,6.3496,125.7,0.0,1439.681, NAN, NAN, NAN, NAN,,2024/03/31 18:53:32.994,2024-03-31 18:53:32.994000+00:00
2024/03/31, 18:54:32.994, 41.524, -70.672, -0.07,24.44,151.18, 0.010, NAN,9.3, NAN,1007.6, NAN,0.0, NAN,102.0, NAN,207, NAN,3.9, NAN,62.8, NAN, 3.9, NAN, 231.5, NAN,1009.7,632.24,305.72,2071.77,5.8682,6.3514,126.0,0.0,1439.689, NAN, NAN, NAN, NAN,,2024/03/31 18:54:32.994,2024-03-31 18:54:32.994000+00:00
2024/03/31, 18:55:32.994, 41.524, -70.672, -0.07,24.53,179.02, 0.000, NAN,9.2, NAN,1007.5, NAN,0.0, NAN,102.0, NAN,203, NAN,6.6, NAN,63.7, NAN, 6.6, NAN, 227.5, NAN,1009.6,571.94,305.92,1849.95,5.8682,6.3534,126.9,0.0,1439.698, NAN, NAN, NAN, NAN,,2024/03/31 18:55:32.994,2024-03-31 18:55:32.994000+00:00
2024/03/31, 18:56:32.994, 41.524, -70.672, -0.07,24.49,138.13, 0.000, NAN,9.1, NAN,1007.7, NAN,0.0, NAN,102.0, NAN,197, NAN,5.6, NAN,63.7, NAN, 5.6, NAN, 221.5, NAN,1009.8,532.98,306.62,1735.86,5.8683,6.3565,126.0,0.0,1439.711, NAN, NAN, NAN, NAN,,2024/03/31 18:56:32.994,2024-03-31 18:56:32.994000+00:00
2024/03/31, 18:57:32.994, 41.524, -70.672, -0.07,24.46,209.6, 0.010, NAN,9.0, NAN,1007.6, NAN,0.0, NAN,102.0, NAN,204, NAN,6.7, NAN,64.3, NAN, 6.7, NAN, 228.5, NAN,1009.7,601.08,307.46,1950.07,5.8684,6.3606,126.3,0.0,1439.729, NAN, NAN, NAN, NAN,,2024/03/31 18:57:32.994,2024-03-31 18:57:32.994000+00:00
2024/03/31, 18:58:32.994, 41.524, -70.672, -0.07,24.47,212.19, 0.010, NAN,9.0, NAN,1007.7, NAN,0.0, NAN,102.0, NAN,203, NAN,5.6, NAN,63.3, NAN, 5.6, NAN, 227.4, NAN,1009.8,541.49,307.9,1777.7,5.8684,6.3636,126.0,0.0,1439.742, NAN, NAN, NAN, NAN,,2024/03/31 18:58:32.994,2024-03-31 18:58:32.994000+00:00
2024/03/31, 18:59:32.994, 41.524, -70.672, -0.07,24.45,265.24, 0.000, NAN,9.0, NAN,1007.7, NAN,0.0, NAN,102.0, NAN,205, NAN,6.8, NAN,61.9, NAN, 6.8, NAN, 229.4, NAN,1009.8,551.9,307.92,1843.15,5.8684,6.3654,125.7,0.0,1439.749, NAN, NAN, NAN, NAN,,2024/03/31 18:59:32.994,2024-03-31 18:59:32.994000+00:00
2024/03/31, 19:00:32.994, 41.524, -70.672, -0.07,24.5,155.53, 0.010, NAN,9.0, NAN,1007.7, NAN,0.0, NAN,102.0, NAN,205, NAN,5.7, NAN,62.4, NAN, 5.7, NAN, 229.5, NAN,1009.8,515.16,308.84,1692.85,5.8685,6.3673,126.6,0.0,1439.757, NAN, NAN, NAN, NAN,,2024/03/31 19:00:32.994,2024-03-31 19:00:32.994000+00:00
2024/03/31, 19:01:32.994, 41.524, -70.672, 0.21,24.49,274.13, 0.000, NAN,9.1, NAN,1007.7, NAN,0.0, NAN,102.0, NAN,221, NAN,3.0, NAN,61.7, NAN, 3.0, NAN, 245.5, NAN,1009.8,511.65,309.38,1706.01,5.8685,6.3709,126.0,0.0,1439.773, NAN, NAN, NAN, NAN,,2024/03/31 19:01:32.994,2024-03-31 19:01:32.994000+00:00
2024/03/31, 19:02:32.994, 41.524, -70.672, 0.21,24.56,159.55, 0.000, NAN,9.2, NAN,1007.6, NAN,0.0, NAN,102.0, NAN,193, NAN,4.6, NAN,63.0, NAN, 4.6, NAN, 217.6, NAN,1009.7,557.84,309.1,1786.7,5.8687,6.3722,126.0,0.0,1439.779, NAN, NAN, NAN, NAN,,2024/03/31 19:02:32.994,2024-03-31 19:02:32.994000+00:00
2024/03/31, 19:03:32.994, 41.524, -70.672, 0.21,24.49,135.42, 0.010, NAN,9.2, NAN,1007.8, NAN,0.0, NAN,102.0, NAN,203, NAN,6.0, NAN,63.4, NAN, 6.0, NAN, 227.5, NAN,1009.9,538.9,309.29,1764.53,5.8687,6.3733,126.3,0.0,1439.783, NAN, NAN, NAN, NAN,,2024/03/31 19:03:32.994,2024-03-31 19:03:32.994000+00:00
2024/03/31, 19:04:32.994, 41.524, -70.672, -0.06,24.48,132.52, 0.010, NAN,9.3, NAN,1007.8, NAN,0.0, NAN,102.0, NAN,217, NAN,4.0, NAN,62.0, NAN, 4.0, NAN, 241.6, NAN,1009.9,548.39,309.88,1835.59,5.8687,6.3753,126.3,0.0,1439.792, NAN, NAN, NAN, NAN,,2024/03/31 19:04:32.994,2024-03-31 19:04:32.994000+00:00
2024/03/31, 19:05:32.995, 41.524, -70.672, -0.07,24.48,205.04, 0.010, NAN,9.3, NAN,1007.8, NAN,0.0, NAN,102.0, NAN,197, NAN,2.6, NAN,62.3, NAN, 2.6, NAN, 221.4, NAN,1009.9,436.63,309.42,1486.85,5.8688,6.3781,126.0,0.0,1439.804, NAN, NAN, NAN, NAN,,2024/03/31 19:05:32.995,2024-03-31 19:05:32.995000+00:00
2024/03/31, 19:06:32.995, 41.524, -70.672, 0.08,24.43,279.94, 0.000, NAN,9.3, NAN,1007.7, NAN,0.0, NAN,102.0, NAN,191, NAN,3.5, NAN,62.2, NAN, 3.5, NAN, 215.4, NAN,1009.8,428.27,309.22,1482.22,5.8689,6.3808,126.3,0.0,1439.816, NAN, NAN, NAN, NAN,,2024/03/31 19:06:32.995,2024-03-31 19:06:32.995000+00:00
2024/03/31, 19:07:32.995, 41.524, -70.672, -0.01,24.48,229.59, 0.010, NAN,9.4, NAN,1007.7, NAN,0.0, NAN,102.0, NAN,198, NAN,4.5, NAN,62.9, NAN, 4.5, NAN, 222.5, NAN,1009.8,423.06,309.32,1459.33,5.8689,6.3821,126.3,0.0,1439.821, NAN, NAN, NAN, NAN,,2024/03/31 19:07:32.995,2024-03-31 19:07:32.995000+00:00
2024/03/31, 19:08:32.995, 41.524, -70.672, 0.09,24.5,104.83, 0.010, NAN,9.4, NAN,1007.7, NAN,0.0, NAN,102.0, NAN,208, NAN,4.4, NAN,62.7, NAN, 4.4, NAN, 232.6, NAN,1009.8,480.74,308.62,1668.65,5.869,6.381,126.3,0.0,1439.817, NAN, NAN, NAN, NAN,,2024/03/31 19:08:32.995,2024-03-31 19:08:32.995000+00:00
2024/03/31, 19:09:32.995, 41.524, -70.672, -0.13,24.47,256.54, 0.010, NAN,9.4, NAN,1007.7, NAN,0.0, NAN,102.0, NAN,197, NAN,4.9, NAN,62.1, NAN, 4.9, NAN, 221.4, NAN,1009.8,501.26,309.62,1706.69,5.869,6.3813,126.0,0.0,1439.818, NAN, NAN, NAN, NAN,,2024/03/31 19:09:32.995,2024-03-31 19:09:32.995000+00:00
2024/03/31, 19:10:32.995, 41.524, -70.672, 0.13,24.49,168.86, 0.010, NAN,9.3, NAN,1007.8, NAN,0.0, NAN,102.0, NAN,194, NAN,5.5, NAN,62.2, NAN, 5.5, NAN, 218.5, NAN,1009.9,475.85,310.13,1615.4,5.8691,6.3828,125.1,0.0,1439.824, NAN, NAN, NAN, NAN,,2024/03/31 19:10:32.995,2024-03-31 19:10:32.995000+00:00
2024/03/31, 19:11:32.995, 41.524, -70.672, -0.12,24.53,4.22, 0.000, NAN,9.2, NAN,1007.7, NAN,0.0, NAN,102.0, NAN,189, NAN,2.8, NAN,62.0, NAN, 2.8, NAN, 213.5, NAN,1009.8,548.75,311.55,1814.76,5.8691,6.382,126.0,0.0,1439.821, NAN, NAN, NAN, NAN,,2024/03/31 19:11:32.995,2024-03-31 19:11:32.995000+00:00
2024/03/31, 19:12:32.995, 41.524, -70.672, 0.11,24.49,280.0, 0.010, NAN,9.3, NAN,1007.7, NAN,0.0, NAN,102.0, NAN,194, NAN,4.2, NAN,62.4, NAN, 4.2, NAN, 218.4, NAN,1009.8,417.94,309.93,1328.18,5.8691,6.3801,126.0,0.0,1439.813, NAN, NAN, NAN, NAN,,2024/03/31 19:12:32.995,2024-03-31 19:12:32.995000+00:00
2024/03/31, 19:13:32.995, 41.524, -70.672, 0.11,24.49,300.73, 0.000, NAN,9.3, NAN,1007.7, NAN,0.0, NAN,102.0, NAN,193, NAN,4.6, NAN,62.6, NAN, 4.6, NAN, 217.5, NAN,1009.8,485.86,310.46,1671.12,5.8692,6.379,126.3,0.0,1439.808, NAN, NAN, NAN, NAN,,2024/03/31 19:13:32.995,2024-03-31 19:13:32.995000+00:00
2024/03/31, 19:14:32.995, 41.524, -70.672, 0.11,24.49,169.04, 0.010, NAN,9.3, NAN,1007.7, NAN,0.0, NAN,102.0, NAN,196, NAN,6.2, NAN,62.5, NAN, 6.2, NAN, 220.5, NAN,1009.8,538.12,310.68,1781.36,5.8692,6.3791,126.3,0.0,1439.809, NAN, NAN, NAN, NAN,,2024/03/31 19:14:32.995,2024-03-31 19:14:32.995000+00:00
2024/03/31, 19:15:32.995, 41.524, -70.672, 0.11,24.48,228.09, 0.010, NAN,9.3, NAN,1007.8, NAN,0.0, NAN,102.0, NAN,206, NAN,3.7, NAN,62.4, NAN, 3.7, NAN, 230.4, NAN,1009.9,366.1,310.33,1311.42,5.8692,6.3815,126.0,0.0,1439.819, NAN, NAN, NAN, NAN,,2024/03/31 19:15:32.995,2024-03-31 19:15:32.995000+00:00
2024/03/31, 19:16:32.995, 41.524, -70.672, 0.11,24.46,245.79, 0.000, NAN,9.3, NAN,1007.8, NAN,0.0, NAN,102.0, NAN,181, NAN,4.9, NAN,62.9, NAN, 4.9, NAN, 205.5, NAN,1009.9,459.9,310.15,1568.92,5.8693,6.3839,125.7,0.0,1439.829, NAN, NAN, NAN, NAN,,2024/03/31 19:16:32.995,2024-03-31 19:16:32.995000+00:00
2024/03/31, 19:17:32.995, 41.524, -70.672, 0.11,24.49,185.18, 0.010, NAN,9.4, NAN,1007.7, NAN,0.0, NAN,102.0, NAN,210, NAN,3.9, NAN,61.4, NAN, 3.9, NAN, 234.4, NAN,1009.8,385.48,309.56,1368.68,5.8694,6.387,126.0,0.0,1439.843, NAN, NAN, NAN, NAN,,2024/03/31 19:17:32.995,2024-03-31 19:17:32.995000+00:00
2024/03/31, 19:18:32.995, 41.524, -70.672, 0.11,24.5,77.16, 0.010, NAN,9.4, NAN,1007.7, NAN,0.0, NAN,102.0, NAN,200, NAN,6.2, NAN,61.4, NAN, 6.2, NAN, 224.5, NAN,1009.8,387.25,309.13,1323.59,5.8694,6.3888,126.0,0.0,1439.85, NAN, NAN, NAN, NAN,,2024/03/31 19:18:32.995,2024-03-31 19:18:32.995000+00:00
2024/03/31, 19:19:32.995, 41.524, -70.672, 0.04,24.49,358.07, 0.010, NAN,9.4, NAN,1007.8, NAN,0.0, NAN,102.0, NAN,198, NAN,5.8, NAN,60.8, NAN, 5.8, NAN, 222.4, NAN,1009.9,555.4,310.15,1864.0,5.8695,6.3893,126.3,0.0,1439.853, NAN, NAN, NAN, NAN,,2024/03/31 19:19:32.995,2024-03-31 19:19:32.995000+00:00
2024/03/31, 19:20:32.995, 41.524, -70.672, 0.12,24.5,194.45, 0.000, NAN,9.5, NAN,1007.8, NAN,0.0, NAN,102.0, NAN,188, NAN,3.4, NAN,60.0, NAN, 3.4, NAN, 212.5, NAN,1009.9,516.23,310.21,1758.12,5.8694,6.392,126.3,0.0,1439.864, NAN, NAN, NAN, NAN,,2024/03/31 19:20:32.995,2024-03-31 19:20:32.995000+00:00
2024/03/31, 19:21:32.996, 41.524, -70.672, -0.06,24.44,92.79, 0.000, NAN,9.5, NAN,1007.7, NAN,0.0, NAN,102.0, NAN,203, NAN,6.5, NAN,60.0, NAN, 6.5, NAN, 227.4, NAN,1009.8,538.34,308.98,1799.82,5.8696,6.3936,126.0,0.0,1439.871, NAN, NAN, NAN, NAN,,2024/03/31 19:21:32.996,2024-03-31 19:21:32.996000+00:00
2024/03/31, 19:22:32.996, 41.524, -70.672, 0.05,24.49,187.28, 0.000, NAN,9.6, NAN,1007.7, NAN,0.0, NAN,102.0, NAN,207, NAN,5.2, NAN,60.0, NAN, 5.2, NAN, 231.5, NAN,1009.8,422.51,308.36,1403.73,5.8696,6.3949,126.0,0.0,1439.877, NAN, NAN, NAN, NAN,,2024/03/31 19:22:32.996,2024-03-31 19:22:32.996000+00:00
2024/03/31, 19:23:32.996, 41.524, -70.672, 0.12,24.44,324.43, 0.000, NAN,9.6, NAN,1007.7, NAN,0.0, NAN,102.0, NAN,196, NAN,5.8, NAN,59.3, NAN, 5.8, NAN, 220.4, NAN,1009.8,411.4,307.81,1453.98,5.8696,6.3969,125.7,0.0,1439.885, NAN, NAN, NAN, NAN,,2024/03/31 19:23:32.996,2024-03-31 19:23:32.996000+00:00
2024/03/31, 19:24:32.996, 41.524, -70.672, 0.19,24.46,96.19, 0.010, NAN,9.6, NAN,1007.7, NAN,0.0, NAN,102.0, NAN,198, NAN,6.5, NAN,58.9, NAN, 6.5, NAN, 222.5, NAN,1009.8,530.79,307.88,1799.9,5.8697,6.3982,126.6,0.0,1439.891, NAN, NAN, NAN, NAN,,2024/03/31 19:24:32.996,2024-03-31 19:24:32.996000+00:00
2024/03/31, 19:25:32.996, 41.524, -70.672, 0.19,24.52,278.51, 0.000, NAN,9.5, NAN,1007.7, NAN,0.0, NAN,102.0, NAN,201, NAN,5.9, NAN,59.7, NAN, 5.9, NAN, 225.5, NAN,1009.8,606.1,308.84,1996.93,5.8698,6.3987,126.0,0.0,1439.893, NAN, NAN, NAN, NAN,,2024/03/31 19:25:32.996,2024-03-31 19:25:32.996000+00:00
2024/03/31, 19:26:32.996, 41.524, -70.672, 0.08,24.48,140.4, 0.010, NAN,9.5, NAN,1007.7, NAN,0.0, NAN,102.0, NAN,183, NAN,3.3, NAN,59.9, NAN, 3.3, NAN, 207.6, NAN,1009.8,547.39,308.5,1890.56,5.8698,6.3987,126.6,0.0,1439.893, NAN, NAN, NAN, NAN,,2024/03/31 19:26:32.996,2024-03-31 19:26:32.996000+00:00
2024/03/31, 19:27:32.996, 41.524, -70.672, 0.46,24.56,200.67, 0.010, NAN,9.5, NAN,1007.7, NAN,0.0, NAN,102.0, NAN,207, NAN,4.1, NAN,61.0, NAN, 4.1, NAN, 231.5, NAN,1009.8,653.2,307.91,2126.05,5.8699,6.4004,125.7,0.0,1439.9, NAN, NAN, NAN, NAN,,2024/03/31 19:27:32.996,2024-03-31 19:27:32.996000+00:00
2024/03/31, 19:28:32.996, 41.524, -70.672, 0.35,24.51,49.08, 0.000, NAN,9.5, NAN,1007.7, NAN,0.0, NAN,102.0, NAN,202, NAN,5.8, NAN,61.4, NAN, 5.8, NAN, 226.5, NAN,1009.8,699.47,307.57,2337.25,5.87,6.4033,126.3,0.0,1439.913, NAN, NAN, NAN, NAN,,2024/03/31 19:28:32.996,2024-03-31 19:28:32.996000+00:00
2024/03/31, 19:29:32.996, 41.524, -70.672, 0.38,24.49,77.16, 0.010, NAN,9.5, NAN,1007.7, NAN,0.0, NAN,102.0, NAN,222, NAN,3.2, NAN,60.8, NAN, 3.2, NAN, 246.4, NAN,1009.8,580.97,307.17,1895.31,5.87,6.4058,125.7,0.0,1439.924, NAN, NAN, NAN, NAN,,2024/03/31 19:29:32.996,2024-03-31 19:29:32.996000+00:00
2024/03/31, 19:30:32.996, 41.524, -70.672, 0.38,24.53,354.7, 0.000, NAN,9.5, NAN,1007.8, NAN,0.0, NAN,102.0, NAN,178, NAN,2.7, NAN,61.0, NAN, 2.7, NAN, 202.5, NAN,1009.9,461.09,306.28,1648.38,5.87,6.4059,126.3,0.0,1439.924, NAN, NAN, NAN, NAN,,2024/03/31 19:30:32.996,2024-03-31 19:30:32.996000+00:00
2024/03/31, 19:31:32.996, 41.524, -70.672, 0.40,24.45,101.44, 0.010, NAN,9.5, NAN,1007.8, NAN,0.0, NAN,102.0, NAN,191, NAN,5.0, NAN,61.2, NAN, 5.0, NAN, 215.5, NAN,1009.9,587.18,305.77,1881.55,5.8701,6.4055,126.6,0.0,1439.923, NAN, NAN, NAN, NAN,,2024/03/31 19:31:32.996,2024-03-31 19:31:32.996000+00:00
2024/03/31, 19:32:32.996, 41.524, -70.672, 0.33,24.48,210.66, 0.010, NAN,9.4, NAN,1007.8, NAN,0.0, NAN,102.0, NAN,202, NAN,6.1, NAN,60.8, NAN, 6.1, NAN, 226.4, NAN,1009.9,622.3,304.89,1952.99,5.8701,6.4078,125.1,0.0,1439.932, NAN, NAN, NAN, NAN,,2024/03/31 19:32:32.996,2024-03-31 19:32:32.996000+00:00
2024/03/31, 19:33:32.996, 41.524, -70.672, 0.12,24.48,313.04, 0.010, NAN,9.3, NAN,1007.8, NAN,0.0, NAN,102.0, NAN,221, NAN,2.8, NAN,61.9, NAN, 2.8, NAN, 245.4, NAN,1009.9,612.68,305.65,2253.85,5.8702,6.4106,126.0,0.0,1439.944, NAN, NAN, NAN, NAN,,2024/03/31 19:33:32.996,2024-03-31 19:33:32.996000+00:00
2024/03/31, 19:34:32.996, 41.524, -70.672, 0.20,24.43,219.7, 0.000, NAN,9.3, NAN,1008.0, NAN,0.0, NAN,102.0, NAN,215, NAN,7.1, NAN,62.0, NAN, 7.1, NAN, 239.4, NAN,1010.1,614.76,304.32,2048.0,5.8703,6.4129,126.6,0.0,1439.954, NAN, NAN, NAN, NAN,,2024/03/31 19:34:32.996,2024-03-31 19:34:32.996000+00:00
2024/03/31, 19:35:32.996, 41.524, -70.672, 0.11,24.49,208.64, 0.010, NAN,9.3, NAN,1007.8, NAN,0.0, NAN,102.0, NAN,190, NAN,5.4, NAN,61.9, NAN, 5.4, NAN, 214.4, NAN,1009.9,387.32,302.96,1442.89,5.8702,6.4145,126.6,0.0,1439.961, NAN, NAN, NAN, NAN,,2024/03/31 19:35:32.996,2024-03-31 19:35:32.996000+00:00
2024/03/31, 19:36:32.996, 41.524, -70.672, -0.06,24.48,316.17, 0.010, NAN,9.4, NAN,1007.8, NAN,0.0, NAN,102.0, NAN,211, NAN,4.3, NAN,61.0, NAN, 4.3, NAN, 235.4, NAN,1009.9,372.7,302.52,1359.51,5.8703,6.4151,126.0,0.0,1439.964, NAN, NAN, NAN, NAN,,2024/03/31 19:36:32.996,2024-03-31 19:36:32.996000+00:00
2024/03/31, 19:37:32.997, 41.524, -70.672, 0.17,24.44,96.84, 0.000, NAN,9.4, NAN,1007.8, NAN,0.0, NAN,102.0, NAN,206, NAN,6.3, NAN,61.4, NAN, 6.3, NAN, 230.4, NAN,1009.9,381.23,300.72,1357.91,5.8704,6.4162,126.0,0.0,1439.969, NAN, NAN, NAN, NAN,,2024/03/31 19:37:32.997,2024-03-31 19:37:32.997000+00:00
2024/03/31, 19:38:32.997, 41.524, -70.672, 0.26,24.45,234.7, 0.010, NAN,9.4, NAN,1007.7, NAN,0.0, NAN,102.0, NAN,192, NAN,3.1, NAN,62.4, NAN, 3.1, NAN, 216.4, NAN,1009.8,499.67,302.0,1682.65,5.8705,6.417,125.7,0.0,1439.972, NAN, NAN, NAN, NAN,,2024/03/31 19:38:32.997,2024-03-31 19:38:32.997000+00:00
2024/03/31, 19:39:32.997, 41.524, -70.672, -0.02,24.45,224.97, 0.010, NAN,9.4, NAN,1007.8, NAN,0.0, NAN,102.0, NAN,207, NAN,6.9, NAN,62.5, NAN, 6.9, NAN, 231.4, NAN,1009.9,378.16,299.12,1393.17,5.8704,6.4173,126.0,0.0,1439.973, NAN, NAN, NAN, NAN,,2024/03/31 19:39:32.997,2024-03-31 19:39:32.997000+00:00
2024/03/31, 19:40:32.997, 41.524, -70.672, 0.01,24.44,114.14, 0.000, NAN,9.4, NAN,1008.0, NAN,0.0, NAN,102.0, NAN,204, NAN,5.2, NAN,62.4, NAN, 5.2, NAN, 228.4, NAN,1010.1,448.59,299.73,1592.66,5.8706,6.4198,126.0,0.0,1439.984, NAN, NAN, NAN, NAN,,2024/03/31 19:40:32.997,2024-03-31 19:40:32.997000+00:00
2024/03/31, 19:41:32.997, 41.524, -70.672, 0.01,24.42,315.19, 0.010, NAN,9.3, NAN,1008.0, NAN,0.0, NAN,102.0, NAN,199, NAN,5.7, NAN,62.9, NAN, 5.7, NAN, 223.4, NAN,1010.1,362.12,298.37,1239.0,5.8704,6.42,126.3,0.0,1439.985, NAN, NAN, NAN, NAN,,2024/03/31 19:41:32.997,2024-03-31 19:41:32.997000+00:00
2024/03/31, 19:42:32.997, 41.524, -70.672, -0.26,24.38,135.67, 0.010, NAN,9.3, NAN,1007.9, NAN,0.0, NAN,102.0, NAN,180, NAN,5.0, NAN,63.1, NAN, 5.0, NAN, 204.4, NAN,1010.0,386.12,300.3,1552.03,5.8705,6.4201,126.0,0.0,1439.985, NAN, NAN, NAN, NAN,,2024/03/31 19:42:32.997,2024-03-31 19:42:32.997000+00:00
2024/03/31, 19:43:32.997, 41.524, -70.672, 0.01,24.38,127.48, 0.010, NAN,9.3, NAN,1007.8, NAN,0.0, NAN,102.0, NAN,214, NAN,4.4, NAN,61.8, NAN, 4.4, NAN, 238.4, NAN,1009.9,500.7,300.18,1790.61,5.8705,6.4212,126.3,0.0,1439.99, NAN, NAN, NAN, NAN,,2024/03/31 19:43:32.997,2024-03-31 19:43:32.997000+00:00
2024/03/31, 19:44:32.997, 41.524, -70.672, 0.01,24.44,331.84, 0.000, NAN,9.3, NAN,1007.8, NAN,0.0, NAN,102.0, NAN,229, NAN,6.8, NAN,62.0, NAN, 6.8, NAN, 253.4, NAN,1009.9,495.32,302.16,1758.58,5.8705,6.4221,125.4,0.0,1439.994, NAN, NAN, NAN, NAN,,2024/03/31 19:44:32.997,2024-03-31 19:44:32.997000+00:00
2024/03/31, 19:45:32.997, 41.524, -70.672, 0.17,24.4,135.71, 0.000, NAN,9.5, NAN,1008.0, NAN,0.0, NAN,102.0, NAN,204, NAN,6.8, NAN,57.2, NAN, 6.8, NAN, 228.4, NAN,1010.1,511.24,301.76,1810.53,5.8706,6.423,126.3,0.0,1439.998, NAN, NAN, NAN, NAN,,2024/03/31 19:45:32.997,2024-03-31 19:45:32.997000+00:00
2024/03/31, 19:46:32.997, 41.524, -70.672, 0.17,24.43,152.08, 0.010, NAN,9.7, NAN,1007.8, NAN,0.0, NAN,102.0, NAN,214, NAN,7.0, NAN,57.2, NAN, 7.0, NAN, 238.5, NAN,1009.9,504.55,300.64,1778.5,5.8705,6.422,125.7,0.0,1439.993, NAN, NAN, NAN, NAN,,2024/03/31 19:46:32.997,2024-03-31 19:46:32.997000+00:00
2024/03/31, 19:47:32.997, 41.524, -70.672, 0.08,24.44,103.83, 0.000, NAN,9.8, NAN,1007.9, NAN,0.0, NAN,102.0, NAN,213, NAN,10.3, NAN,56.9, NAN, 10.3, NAN, 237.4, NAN,1010.0,479.13,301.68,1767.39,5.8706,6.4218,126.3,0.0,1439.993, NAN, NAN, NAN, NAN,,2024/03/31 19:47:32.997,2024-03-31 19:47:32.997000+00:00
2024/03/31, 19:48:32.997, 41.524, -70.672, 0.06,24.44,117.41, 0.010, NAN,9.9, NAN,1007.9, NAN,0.0, NAN,102.0, NAN,215, NAN,10.4, NAN,53.4, NAN, 10.4, NAN, 239.5, NAN,1010.0,472.22,300.42,1706.07,5.8706,6.423,126.3,0.0,1439.998, NAN, NAN, NAN, NAN,,2024/03/31 19:48:32.997,2024-03-31 19:48:32.997000+00:00
2024/03/31, 19:49:32.997, 41.524, -70.672, 0.06,24.45,168.87, 0.000, NAN,10.0, NAN,1007.9, NAN,0.0, NAN,102.0, NAN,221, NAN,9.4, NAN,51.7, NAN, 9.4, NAN, 245.4, NAN,1010.0,487.92,299.98,1754.93,5.8706,6.4253,126.6,0.0,1440.008, NAN, NAN, NAN, NAN,,2024/03/31 19:49:32.997,2024-03-31 19:49:32.997000+00:00
2024/03/31, 19:50:32.997, 41.524, -70.672, 0.06,24.45,311.24, 0.010, NAN,10.1, NAN,1008.0, NAN,0.0, NAN,102.0, NAN,220, NAN,9.4, NAN,51.6, NAN, 9.4, NAN, 244.4, NAN,1010.1,281.74,297.01,1058.96,5.8706,6.4262,126.6,0.0,1440.011, NAN, NAN, NAN, NAN,,2024/03/31 19:50:32.997,2024-03-31 19:50:32.997000+00:00
2024/03/31, 19:51:32.997, 41.524, -70.672, 0.01,24.48,302.94, 0.000, NAN,10.2, NAN,1007.8, NAN,0.0, NAN,102.0, NAN,218, NAN,12.8, NAN,51.4, NAN, 12.8, NAN, 242.5, NAN,1009.9,459.44,297.43,1689.54,5.8706,6.4265,126.6,0.0,1440.013, NAN, NAN, NAN, NAN,,2024/03/31 19:51:32.997,2024-03-31 19:51:32.997000+00:00
2024/03/31, 19:52:32.997, 41.524, -70.672, 0.09,24.48,300.59, 0.020, NAN,10.2, NAN,1008.0, NAN,0.0, NAN,102.0, NAN,218, NAN,11.2, NAN,49.3, NAN, 11.2, NAN, 242.4, NAN,1010.1,342.19,294.36,1318.14,5.8706,6.4273,126.3,0.0,1440.016, NAN, NAN, NAN, NAN,,2024/03/31 19:52:32.997,2024-03-31 19:52:32.997000+00:00
2024/03/31, 19:53:32.997, 41.524, -70.672, 0.61,24.39,90.83, 0.010, NAN,10.3, NAN,1008.0, NAN,0.0, NAN,102.0, NAN,217, NAN,10.1, NAN,50.2, NAN, 10.1, NAN, 241.4, NAN,1010.1,524.83,294.1,1922.2,5.8706,6.4279,126.3,0.0,1440.019, NAN, NAN, NAN, NAN,,2024/03/31 19:53:32.997,2024-03-31 19:53:32.997000+00:00
2024/03/31, 19:54:32.998, 41.524, -70.672, 0.13,24.44,62.4, 0.000, NAN,10.3, NAN,1008.0, NAN,0.0, NAN,102.0, NAN,222, NAN,10.5, NAN,50.3, NAN, 10.5, NAN, 246.4, NAN,1010.1,502.84,347.74,1881.58,5.8706,6.4294,126.3,0.0,1440.025, NAN, NAN, NAN, NAN,,2024/03/31 19:54:32.998,2024-03-31 19:54:32.998000+00:00
2024/03/31, 19:55:32.998, 41.524, -70.672, 0.11,24.49,266.24, 0.010, NAN,10.2, NAN,1008.0, NAN,0.0, NAN,102.0, NAN,224, NAN,10.0, NAN,49.9, NAN, 10.0, NAN, 248.5, NAN,1010.1,428.09,341.35,1628.16,5.8707,6.4304,126.6,0.0,1440.029, NAN, NAN, NAN, NAN,,2024/03/31 19:55:32.998,2024-03-31 19:55:32.998000+00:00
2024/03/31, 19:56:32.998, 41.524, -70.672, 0.06,24.45,315.69, 0.000, NAN,10.1, NAN,1008.1, NAN,0.0, NAN,102.0, NAN,223, NAN,9.7, NAN,51.1, NAN, 9.7, NAN, 247.4, NAN,1010.2,533.1,292.25,2016.64,5.8706,6.4308,126.0,0.0,1440.031, NAN, NAN, NAN, NAN,,2024/03/31 19:56:32.998,2024-03-31 19:56:32.998000+00:00
2024/03/31, 19:57:32.998, 41.524, -70.672, 0.06,24.45,350.81, 0.010, NAN,10.1, NAN,1008.0, NAN,0.0, NAN,102.0, NAN,226, NAN,9.6, NAN,51.6, NAN, 9.6, NAN, 250.4, NAN,1010.1,553.58,291.66,2093.43,5.8707,6.4317,126.6,0.0,1440.035, NAN, NAN, NAN, NAN,,2024/03/31 19:57:32.998,2024-03-31 19:57:32.998000+00:00
2024/03/31, 19:58:32.998, 41.524, -70.672, 0.06,24.45,303.64, 0.010, NAN,10.1, NAN,1008.1, NAN,0.0, NAN,102.0, NAN,220, NAN,11.3, NAN,51.3, NAN, 11.3, NAN, 244.4, NAN,1010.2,529.59,291.58,1996.45,5.8708,6.4327,126.0,0.0,1440.039, NAN, NAN, NAN, NAN,,2024/03/31 19:58:32.998,2024-03-31 19:58:32.998000+00:00
2024/03/31, 19:59:32.998, 41.524, -70.672, 0.06,24.44,318.91, 0.000, NAN,10.1, NAN,1008.1, NAN,0.0, NAN,102.0, NAN,217, NAN,11.9, NAN,50.7, NAN, 11.9, NAN, 241.4, NAN,1010.2,564.34,291.33,2105.21,5.8708,6.4344,125.4,0.0,1440.047, NAN, NAN, NAN, NAN,,2024/03/31 19:59:32.998,2024-03-31 19:59:32.998000+00:00
2024/03/31, 20:00:32.998, 41.524, -70.672, 0.06,24.44,313.19, 0.010, NAN,10.1, NAN,1008.0, NAN,0.0, NAN,102.0, NAN,222, NAN,13.0, NAN,50.1, NAN, 13.0, NAN, 246.4, NAN,1010.1,566.17,290.87,2115.08,5.8708,6.4349,126.0,0.0,1440.049, NAN, NAN, NAN, NAN,,2024/03/31 20:00:32.998,2024-03-31 20:00:32.998000+00:00
2024/03/31, 20:01:32.998, 41.524, -70.672, 0.06,24.43,253.35, 0.000, NAN,10.0, NAN,1008.1, NAN,0.0, NAN,102.0, NAN,219, NAN,10.1, NAN,50.7, NAN, 10.1, NAN, 243.4, NAN,1010.2,572.23,291.01,2134.72,5.8709,6.4365,126.0,0.0,1440.056, NAN, NAN, NAN, NAN,,2024/03/31 20:01:32.998,2024-03-31 20:01:32.998000+00:00
2024/03/31, 20:02:32.998, 41.524, -70.672, 0.06,24.43,283.01, 0.010, NAN,10.0, NAN,1008.1, NAN,0.0, NAN,102.0, NAN,219, NAN,10.7, NAN,51.1, NAN, 10.7, NAN, 243.5, NAN,1010.2,562.41,291.17,2124.21,5.8707,6.4391,126.3,0.0,1440.067, NAN, NAN, NAN, NAN,,2024/03/31 20:02:32.998,2024-03-31 20:02:32.998000+00:00
2024/03/31, 20:03:32.998, 41.524, -70.672, 0.06,24.4,194.1, 0.010, NAN,10.0, NAN,1008.0, NAN,0.0, NAN,102.0, NAN,221, NAN,9.8, NAN,51.6, NAN, 9.8, NAN, 245.4, NAN,1010.1,335.92,289.0,1360.25,5.8708,6.4397,126.3,0.0,1440.069, NAN, NAN, NAN, NAN,,2024/03/31 20:03:32.998,2024-03-31 20:03:32.998000+00:00
2024/03/31, 20:04:32.998, 41.524, -70.672, 0.06,24.42,296.26, 0.000, NAN,10.0, NAN,1008.0, NAN,0.0, NAN,102.0, NAN,223, NAN,10.2, NAN,51.3, NAN, 10.2, NAN, 247.4, NAN,1010.1,341.65,288.76,1346.1,5.8708,6.4396,126.0,0.0,1440.069, NAN, NAN, NAN, NAN,,2024/03/31 20:04:32.998,2024-03-31 20:04:32.998000+00:00
2024/03/31, 20:05:32.998, 41.524, -70.672, 0.06,24.4,256.91, 0.000, NAN,10.0, NAN,1008.0, NAN,0.0, NAN,102.0, NAN,220, NAN,9.6, NAN,52.0, NAN, 9.6, NAN, 244.4, NAN,1010.1,473.01,289.98,1800.3,5.8708,6.4393,126.0,0.0,1440.068, NAN, NAN, NAN, NAN,,2024/03/31 20:05:32.998,2024-03-31 20:05:32.998000+00:00
2024/03/31, 20:06:32.998, 41.524, -70.672, 0.06,24.4,127.81, 0.010, NAN,10.0, NAN,1008.0, NAN,0.0, NAN,102.0, NAN,225, NAN,8.9, NAN,52.1, NAN, 8.9, NAN, 249.4, NAN,1010.1,486.0,290.0,1915.71,5.8708,6.4393,126.3,0.0,1440.068, NAN, NAN, NAN, NAN,,2024/03/31 20:06:32.998,2024-03-31 20:06:32.998000+00:00
2024/03/31, 20:07:32.998, 41.524, -70.672, 0.06,24.38,144.35, 0.010, NAN,10.0, NAN,1008.0, NAN,0.0, NAN,102.0, NAN,220, NAN,8.9, NAN,53.1, NAN, 8.9, NAN, 244.4, NAN,1010.1,506.2,290.35,1927.59,5.8709,6.439,126.6,0.0,1440.066, NAN, NAN, NAN, NAN,,2024/03/31 20:07:32.998,2024-03-31 20:07:32.998000+00:00
2024/03/31, 20:08:32.998, 41.524, -70.672, 0.06,24.38,127.9, 0.010, NAN,10.0, NAN,1008.0, NAN,0.0, NAN,102.0, NAN,222, NAN,10.1, NAN,52.4, NAN, 10.1, NAN, 246.4, NAN,1010.1,413.07,289.74,1647.69,5.8708,6.4381,126.3,0.0,1440.062, NAN, NAN, NAN, NAN,,2024/03/31 20:08:32.998,2024-03-31 20:08:32.998000+00:00
2024/03/31, 20:09:32.998, 41.524, -70.672, 0.06,24.42,292.48, 0.010, NAN,10.0, NAN,1008.0, NAN,0.0, NAN,102.0, NAN,223, NAN,10.2, NAN,51.1, NAN, 10.2, NAN, 247.4, NAN,1010.1,427.55,290.28,1708.5,5.8709,6.438,126.0,0.0,1440.062, NAN, NAN, NAN, NAN,,2024/03/31 20:09:32.998,2024-03-31 20:09:32.998000+00:00
2024/03/31, 20:10:32.999, 41.524, -70.672, 0.06,24.39,14.6, 0.000, NAN,10.1, NAN,1008.0, NAN,0.0, NAN,102.0, NAN,221, NAN,10.2, NAN,50.9, NAN, 10.2, NAN, 245.4, NAN,1010.1,313.53,288.92,1395.98,5.8709,6.4396,126.3,0.0,1440.069, NAN, NAN, NAN, NAN,,2024/03/31 20:10:32.999,2024-03-31 20:10:32.999000+00:00
2024/03/31, 20:11:32.999, 41.524, -70.672, 0.06,24.4,7.04, 0.000, NAN,10.1, NAN,1008.0, NAN,0.0, NAN,102.0, NAN,223, NAN,9.6, NAN,51.4, NAN, 9.6, NAN, 247.4, NAN,1010.1,494.27,290.19,1855.53,5.8709,6.4415,126.0,0.0,1440.077, NAN, NAN, NAN, NAN,,2024/03/31 20:11:32.999,2024-03-31 20:11:32.999000+00:00
2024/03/31, 20:12:32.999, 41.524, -70.672, 0.06,24.43,296.86, 0.000, NAN,10.1, NAN,1008.0, NAN,0.0, NAN,102.0, NAN,224, NAN,7.8, NAN,52.0, NAN, 7.8, NAN, 248.4, NAN,1010.1,425.42,289.93,1728.45,5.8709,6.4421,126.0,0.0,1440.08, NAN, NAN, NAN, NAN,,2024/03/31 20:12:32.999,2024-03-31 20:12:32.999000+00:00
2024/03/31, 20:13:32.999, 41.524, -70.672, 0.06,24.4,112.97, 0.000, NAN,10.2, NAN,1008.0, NAN,0.0, NAN,102.0, NAN,224, NAN,9.4, NAN,51.2, NAN, 9.4, NAN, 248.4, NAN,1010.1,412.22,289.56,1681.02,5.8709,6.4428,126.9,0.0,1440.083, NAN, NAN, NAN, NAN,,2024/03/31 20:13:32.999,2024-03-31 20:13:32.999000+00:00
2024/03/31, 20:14:32.999, 41.524, -70.672, 0.06,24.4,298.78, 0.010, NAN,10.2, NAN,1008.0, NAN,0.0, NAN,102.0, NAN,223, NAN,9.0, NAN,51.3, NAN, 9.0, NAN, 247.4, NAN,1010.1,442.52,289.95,1722.01,5.8709,6.4432,125.7,0.0,1440.084, NAN, NAN, NAN, NAN,,2024/03/31 20:14:32.999,2024-03-31 20:14:32.999000+00:00
2024/03/31, 20:15:32.999, 41.524, -70.672, 0.06,24.4,230.16, 0.010, NAN,10.2, NAN,1008.0, NAN,0.0, NAN,102.0, NAN,218, NAN,10.1, NAN,51.5, NAN, 10.1, NAN, 242.4, NAN,1010.1,431.2,290.02,1651.58,5.871,6.445,126.3,0.0,1440.092, NAN, NAN, NAN, NAN,,2024/03/31 20:15:32.999,2024-03-31 20:15:32.999000+00:00
2024/03/31, 20:16:32.999, 41.524, -70.672, 0.06,24.4,262.36, 0.000, NAN,10.2, NAN,1008.0, NAN,0.0, NAN,102.0, NAN,216, NAN,9.8, NAN,50.9, NAN, 9.8, NAN, 240.4, NAN,1010.1,475.53,290.49,1925.82,5.871,6.4476,125.7,0.0,1440.103, NAN, NAN, NAN, NAN,,2024/03/31 20:16:32.999,2024-03-31 20:16:32.999000+00:00
2024/03/31, 20:17:32.999, 41.524, -70.672, 0.06,24.36,142.21, 0.010, NAN,10.2, NAN,1008.0, NAN,0.0, NAN,102.0, NAN,216, NAN,10.6, NAN,51.4, NAN, 10.6, NAN, 240.4, NAN,1010.1,476.68,290.61,1937.88,5.871,6.4498,126.3,0.0,1440.113, NAN, NAN, NAN, NAN,,2024/03/31 20:17:32.999,2024-03-31 20:17:32.999000+00:00
2024/03/31, 20:18:32.999, 41.524, -70.672, 0.06,24.39,120.56, 0.020, NAN,10.2, NAN,1008.0, NAN,0.0, NAN,102.0, NAN,220, NAN,10.5, NAN,51.1, NAN, 10.5, NAN, 244.4, NAN,1010.1,470.76,290.62,1932.72,5.871,6.4518,126.0,0.0,1440.121, NAN, NAN, NAN, NAN,,2024/03/31 20:18:32.999,2024-03-31 20:18:32.999000+00:00
2024/03/31, 20:19:32.999, 41.524, -70.672, 0.06,24.4,319.78, 0.010, NAN,10.2, NAN,1007.9, NAN,0.0, NAN,102.0, NAN,217, NAN,9.8, NAN,50.4, NAN, 9.8, NAN, 241.4, NAN,1010.0,400.81,290.08,1705.85,5.8711,6.4539,126.0,0.0,1440.13, NAN, NAN, NAN, NAN,,2024/03/31 20:19:32.999,2024-03-31 20:19:32.999000+00:00
2024/03/31, 20:20:32.999, 41.524, -70.672, 0.06,24.39,357.83, 0.000, NAN,10.2, NAN,1007.8, NAN,0.0, NAN,102.0, NAN,225, NAN,10.5, NAN,50.5, NAN, 10.5, NAN, 249.4, NAN,1009.9,475.97,290.74,1960.57,5.8711,6.4546,126.3,0.0,1440.133, NAN, NAN, NAN, NAN,,2024/03/31 20:20:32.999,2024-03-31 20:20:32.999000+00:00
2024/03/31, 20:21:32.999, 41.524, -70.672, 0.06,24.4,13.94, 0.000, NAN,10.2, NAN,1007.8, NAN,0.0, NAN,102.0, NAN,220, NAN,9.9, NAN,50.1, NAN, 9.9, NAN, 244.4, NAN,1009.9,472.51,290.77,1933.18,5.8711,6.4556,125.1,0.0,1440.137, NAN, NAN, NAN, NAN,,2024/03/31 20:21:32.999,2024-03-31 20:21:32.999000+00:00
2024/03/31, 20:22:32.999, 41.524, -70.672, 0.06,24.4,140.62, 0.000, NAN,10.2, NAN,1007.9, NAN,0.0, NAN,102.0, NAN,231, NAN,9.4, NAN,50.4, NAN, 9.4, NAN, 255.4, NAN,1010.0,459.93,290.51,1920.57,5.871,6.4555,126.3,0.0,1440.137, NAN, NAN, NAN, NAN,,2024/03/31 20:22:32.999,2024-03-31 20:22:32.999000+00:00
2024/03/31, 20:23:32.999, 41.524, -70.672, 0.06,24.41,112.16, 0.000, NAN,10.2, NAN,1007.8, NAN,0.0, NAN,102.0, NAN,221, NAN,9.9, NAN,50.1, NAN, 9.9, NAN, 245.4, NAN,1009.9,464.38,290.59,1939.03,5.8711,6.4564,126.3,0.0,1440.141, NAN, NAN, NAN, NAN,,2024/03/31 20:23:32.999,2024-03-31 20:23:32.999000+00:00
2024/03/31, 20:24:32.999, 41.524, -70.672, 0.06,24.36,41.82, 0.010, NAN,10.2, NAN,1007.8, NAN,0.0, NAN,102.0, NAN,218, NAN,9.7, NAN,50.4, NAN, 9.7, NAN, 242.4, NAN,1009.9,467.18,290.75,1951.28,5.8711,6.4588,126.0,0.0,1440.151, NAN, NAN, NAN, NAN,,2024/03/31 20:24:32.999,2024-03-31 20:24:32.999000+00:00
2024/03/31, 20:25:33.000, 41.524, -70.672, 0.06,24.39,1.58, 0.000, NAN,10.2, NAN,1007.8, NAN,0.0, NAN,102.0, NAN,220, NAN,8.8, NAN,50.9, NAN, 8.8, NAN, 244.4, NAN,1009.9,463.31,290.66,1927.92,5.8711,6.4606,125.7,0.0,1440.159, NAN, NAN, NAN, NAN,,2024/03/31 20:25:33.000,2024-03-31 20:25:33+00:00
2024/03/31, 20:26:33.000, 41.524, -70.672, 0.06,24.36,331.3, 0.010, NAN,10.2, NAN,1007.8, NAN,0.0, NAN,102.0, NAN,221, NAN,9.7, NAN,51.0, NAN, 9.7, NAN, 245.4, NAN,1009.9,433.87,289.99,1844.9,5.8711,6.4622,126.0,0.0,1440.165, NAN, NAN, NAN, NAN,,2024/03/31 20:26:33.000,2024-03-31 20:26:33+00:00
2024/03/31, 20:27:33.000, 41.524, -70.672, 0.06,24.35,135.76, 0.000, NAN,10.3, NAN,1007.9, NAN,0.0, NAN,102.0, NAN,221, NAN,9.8, NAN,50.9, NAN, 9.8, NAN, 245.3, NAN,1010.0,452.75,290.16,1917.78,5.871,6.4645,126.0,0.0,1440.175, NAN, NAN, NAN, NAN,,2024/03/31 20:27:33.000,2024-03-31 20:27:33+00:00
2024/03/31, 20:28:33.000, 41.524, -70.672, 0.06,24.35,163.16, 0.000, NAN,10.3, NAN,1008.0, NAN,0.0, NAN,102.0, NAN,218, NAN,7.6, NAN,51.0, NAN, 7.6, NAN, 242.3, NAN,1010.1,454.14,289.95,1926.56,5.8712,6.4675,124.8,0.0,1440.188, NAN, NAN, NAN, NAN,,2024/03/31 20:28:33.000,2024-03-31 20:28:33+00:00
2024/03/31, 20:29:33.000, 41.524, -70.672, 0.06,24.37,188.17, 0.000, NAN,10.3, NAN,1008.0, NAN,0.0, NAN,102.0, NAN,217, NAN,9.3, NAN,51.9, NAN, 9.3, NAN, 241.4, NAN,1010.1,451.57,289.94,1927.17,5.8711,6.4688,126.6,0.0,1440.194, NAN, NAN, NAN, NAN,,2024/03/31 20:29:33.000,2024-03-31 20:29:33+00:00
2024/03/31, 20:30:33.000, 41.524, -70.672, 0.06,24.33,94.28, 0.000, NAN,10.3, NAN,1007.8, NAN,0.0, NAN,102.0, NAN,218, NAN,9.4, NAN,50.9, NAN, 9.4, NAN, 242.3, NAN,1009.9,448.02,290.0,1917.25,5.8711,6.4699,126.0,0.0,1440.198, NAN, NAN, NAN, NAN,,2024/03/31 20:30:33.000,2024-03-31 20:30:33+00:00
2024/03/31, 20:31:33.000, 41.524, -70.672, 0.06,24.35,125.58, 0.010, NAN,10.3, NAN,1007.8, NAN,0.0, NAN,102.0, NAN,221, NAN,6.9, NAN,50.6, NAN, 6.9, NAN, 245.4, NAN,1009.9,444.47,289.52,1914.22,5.8711,6.4711,126.3,0.0,1440.203, NAN, NAN, NAN, NAN,,2024/03/31 20:31:33.000,2024-03-31 20:31:33+00:00
2024/03/31, 20:32:33.000, 41.524, -70.672, 0.06,24.38,168.79, 0.000, NAN,10.4, NAN,1007.8, NAN,0.0, NAN,102.0, NAN,220, NAN,7.6, NAN,51.4, NAN, 7.6, NAN, 244.4, NAN,1009.9,439.02,289.63,1900.24,5.8711,6.4724,126.0,0.0,1440.209, NAN, NAN, NAN, NAN,,2024/03/31 20:32:33.000,2024-03-31 20:32:33+00:00
2024/03/31, 20:33:33.000, 41.524, -70.672, 0.06,24.4,329.26, 0.010, NAN,10.4, NAN,1007.9, NAN,0.0, NAN,102.0, NAN,222, NAN,10.1, NAN,50.8, NAN, 10.1, NAN, 246.4, NAN,1010.0,428.6,289.33,1870.07,5.8711,6.4742,126.0,0.0,1440.217, NAN, NAN, NAN, NAN,,2024/03/31 20:33:33.000,2024-03-31 20:33:33+00:00
2024/03/31, 20:34:33.000, 41.524, -70.672, 0.06,24.39,320.89, 0.000, NAN,10.4, NAN,1007.9, NAN,0.0, NAN,102.0, NAN,220, NAN,8.1, NAN,50.4, NAN, 8.1, NAN, 244.4, NAN,1010.0,414.79,289.27,1824.51,5.871,6.4755,126.0,0.0,1440.222, NAN, NAN, NAN, NAN,,2024/03/31 20:34:33.000,2024-03-31 20:34:33+00:00
2024/03/31, 20:35:33.000, 41.524, -70.672, 0.16,24.41,285.0, 0.010, NAN,10.5, NAN,1007.9, NAN,0.0, NAN,102.0, NAN,219, NAN,7.1, NAN,50.2, NAN, 7.1, NAN, 243.4, NAN,1010.0,408.45,288.74,1810.49,5.871,6.4764,126.0,0.0,1440.226, NAN, NAN, NAN, NAN,,2024/03/31 20:35:33.000,2024-03-31 20:35:33+00:00
2024/03/31, 20:36:33.000, 41.524, -70.672, 0.16,24.39,322.59, 0.010, NAN,10.5, NAN,1007.9, NAN,0.0, NAN,102.0, NAN,220, NAN,8.6, NAN,49.9, NAN, 8.6, NAN, 244.4, NAN,1010.0,406.29,288.33,1813.65,5.8709,6.478,126.3,0.0,1440.233, NAN, NAN, NAN, NAN,,2024/03/31 20:36:33.000,2024-03-31 20:36:33+00:00
2024/03/31, 20:37:33.000, 41.524, -70.672, 0.09,24.38,330.68, 0.000, NAN,10.5, NAN,1008.0, NAN,0.0, NAN,102.0, NAN,211, NAN,8.6, NAN,50.8, NAN, 8.6, NAN, 235.4, NAN,1010.1,406.43,288.5,1814.18,5.8709,6.48,126.3,0.0,1440.241, NAN, NAN, NAN, NAN,,2024/03/31 20:37:33.000,2024-03-31 20:37:33+00:00
2024/03/31, 20:38:33.000, 41.524, -70.672, 0.14,24.39,329.19, 0.000, NAN,10.5, NAN,1008.0, NAN,0.0, NAN,102.0, NAN,223, NAN,6.8, NAN,49.9, NAN, 6.8, NAN, 247.4, NAN,1010.1,403.59,287.63,1813.17,5.8709,6.4822,126.0,0.0,1440.25, NAN, NAN, NAN, NAN,,2024/03/31 20:38:33.000,2024-03-31 20:38:33+00:00
2024/03/31, 20:39:33.000, 41.524, -70.672, 0.16,24.41,120.21, 0.010, NAN,10.5, NAN,1008.0, NAN,0.0, NAN,102.0, NAN,220, NAN,5.7, NAN,51.7, NAN, 5.7, NAN, 244.4, NAN,1010.1,399.42,287.64,1805.97,5.8708,6.4835,126.0,0.0,1440.256, NAN, NAN, NAN, NAN,,2024/03/31 20:39:33.000,2024-03-31 20:39:33+00:00
2024/03/31, 20:40:33.000, 41.524, -70.672, 0.16,24.44,359.56, 0.000, NAN,10.5, NAN,1008.0, NAN,0.0, NAN,102.0, NAN,218, NAN,9.5, NAN,50.7, NAN, 9.5, NAN, 242.4, NAN,1010.1,395.97,287.4,1801.65,5.8708,6.4858,125.7,0.0,1440.266, NAN, NAN, NAN, NAN,,2024/03/31 20:40:33.000,2024-03-31 20:40:33+00:00
2024/03/31, 20:41:33.001, 41.524, -70.672, 0.16,24.43,75.17, 0.010, NAN,10.5, NAN,1007.8, NAN,0.0, NAN,102.0, NAN,222, NAN,9.5, NAN,50.3, NAN, 9.5, NAN, 246.4, NAN,1009.9,389.58,287.16,1786.86,5.8708,6.4884,126.9,0.0,1440.277, NAN, NAN, NAN, NAN,,2024/03/31 20:41:33.001,2024-03-31 20:41:33.001000+00:00
2024/03/31, 20:42:33.001, 41.524, -70.672, 0.16,24.42,93.18, 0.010, NAN,10.6, NAN,1007.9, NAN,0.0, NAN,102.0, NAN,222, NAN,7.4, NAN,50.0, NAN, 7.4, NAN, 246.5, NAN,1010.0,390.08,287.13,1796.81,5.8708,6.4909,126.3,0.0,1440.287, NAN, NAN, NAN, NAN,,2024/03/31 20:42:33.001,2024-03-31 20:42:33.001000+00:00
2024/03/31, 20:43:33.001, 41.524, -70.672, 0.16,24.44,208.99, 0.000, NAN,10.6, NAN,1008.0, NAN,0.0, NAN,102.0, NAN,220, NAN,8.1, NAN,50.1, NAN, 8.1, NAN, 244.4, NAN,1010.1,389.72,287.01,1803.85,5.8707,6.4935,126.6,0.0,1440.298, NAN, NAN, NAN, NAN,,2024/03/31 20:43:33.001,2024-03-31 20:43:33.001000+00:00
2024/03/31, 20:44:33.001, 41.524, -70.672, -0.07,24.42,104.31, 0.010, NAN,10.6, NAN,1008.0, NAN,0.0, NAN,102.0, NAN,216, NAN,6.1, NAN,50.5, NAN, 6.1, NAN, 240.4, NAN,1010.1,387.96,286.71,1806.74,5.8707,6.4944,126.0,0.0,1440.302, NAN, NAN, NAN, NAN,,2024/03/31 20:44:33.001,2024-03-31 20:44:33.001000+00:00
2024/03/31, 20:45:33.001, 41.524, -70.672, -0.03,24.42,151.9, 0.000, NAN,10.7, NAN,1008.0, NAN,0.0, NAN,102.0, NAN,226, NAN,6.6, NAN,50.8, NAN, 6.6, NAN, 250.4, NAN,1010.1,384.95,286.82,1801.61,5.8707,6.4958,126.3,0.0,1440.308, NAN, NAN, NAN, NAN,,2024/03/31 20:45:33.001,2024-03-31 20:45:33.001000+00:00
2024/03/31, 20:46:33.001, 41.524, -70.672, -0.03,24.46,150.26, 0.000, NAN,10.7, NAN,1008.0, NAN,0.0, NAN,102.0, NAN,221, NAN,8.9, NAN,50.8, NAN, 8.9, NAN, 245.5, NAN,1010.1,383.42,286.7,1800.46,5.8707,6.4969,126.3,0.0,1440.313, NAN, NAN, NAN, NAN,,2024/03/31 20:46:33.001,2024-03-31 20:46:33.001000+00:00
2024/03/31, 20:47:33.001, 41.524, -70.672, -0.03,24.48,279.36, 0.010, NAN,10.7, NAN,1007.8, NAN,0.0, NAN,102.0, NAN,217, NAN,9.3, NAN,49.7, NAN, 9.3, NAN, 241.5, NAN,1009.9,381.5,286.43,1797.16,5.8708,6.4974,126.3,0.0,1440.315, NAN, NAN, NAN, NAN,,2024/03/31 20:47:33.001,2024-03-31 20:47:33.001000+00:00
2024/03/31, 20:48:33.001, 41.524, -70.672, -0.03,24.44,152.54, 0.000, NAN,10.7, NAN,1007.9, NAN,0.0, NAN,102.0, NAN,228, NAN,8.3, NAN,50.1, NAN, 8.3, NAN, 252.4, NAN,1010.0,379.46,286.15,1793.73,5.8708,6.498,126.3,0.0,1440.318, NAN, NAN, NAN, NAN,,2024/03/31 20:48:33.001,2024-03-31 20:48:33.001000+00:00
2024/03/31, 20:49:33.001, 41.524, -70.672, -0.04,24.44,304.31, 0.000, NAN,10.7, NAN,1007.9, NAN,0.0, NAN,102.0, NAN,218, NAN,7.6, NAN,50.1, NAN, 7.6, NAN, 242.4, NAN,1010.0,377.09,285.46,1788.77,5.8708,6.4989,126.6,0.0,1440.321, NAN, NAN, NAN, NAN,,2024/03/31 20:49:33.001,2024-03-31 20:49:33.001000+00:00
2024/03/31, 20:50:33.001, 41.524, -70.672, -0.04,24.44,295.96, 0.000, NAN,10.7, NAN,1008.0, NAN,0.0, NAN,102.0, NAN,221, NAN,9.0, NAN,52.1, NAN, 9.0, NAN, 245.4, NAN,1010.1,374.47,285.98,1781.39,5.8709,6.4993,126.0,0.0,1440.323, NAN, NAN, NAN, NAN,,2024/03/31 20:50:33.001,2024-03-31 20:50:33.001000+00:00
2024/03/31, 20:51:33.001, 41.524, -70.672, -0.04,24.49,183.37, 0.010, NAN,10.6, NAN,1007.9, NAN,0.0, NAN,102.0, NAN,223, NAN,8.6, NAN,51.0, NAN, 8.6, NAN, 247.5, NAN,1010.0,372.54,285.79,1777.91,5.8709,6.5015,126.0,0.0,1440.333, NAN, NAN, NAN, NAN,,2024/03/31 20:51:33.001,2024-03-31 20:51:33.001000+00:00
2024/03/31, 20:52:33.001, 41.524, -70.672, -0.04,24.47,302.29, 0.000, NAN,10.6, NAN,1008.0, NAN,0.0, NAN,102.0, NAN,224, NAN,6.1, NAN,50.8, NAN, 6.1, NAN, 248.5, NAN,1010.1,370.62,285.28,1775.37,5.8709,6.5045,126.9,0.0,1440.345, NAN, NAN, NAN, NAN,,2024/03/31 20:52:33.001,2024-03-31 20:52:33.001000+00:00
2024/03/31, 20:53:33.001, 41.524, -70.672, -0.04,24.45,142.65, 0.000, NAN,10.7, NAN,1007.9, NAN,0.0, NAN,102.0, NAN,227, NAN,8.5, NAN,51.2, NAN, 8.5, NAN, 251.4, NAN,1010.0,367.89,285.31,1771.01,5.8709,6.507,126.0,0.0,1440.356, NAN, NAN, NAN, NAN,,2024/03/31 20:53:33.001,2024-03-31 20:53:33.001000+00:00
2024/03/31, 20:54:33.001, 41.524, -70.672, -0.04,24.49,337.24, 0.000, NAN,10.6, NAN,1008.0, NAN,0.0, NAN,102.0, NAN,220, NAN,8.0, NAN,50.8, NAN, 8.0, NAN, 244.5, NAN,1010.1,364.0,284.83,1764.04,5.871,6.5093,126.6,0.0,1440.366, NAN, NAN, NAN, NAN,,2024/03/31 20:54:33.001,2024-03-31 20:54:33.001000+00:00
2024/03/31, 20:55:33.001, 41.524, -70.672, -0.04,24.44,139.35, 0.000, NAN,10.6, NAN,1008.0, NAN,0.0, NAN,102.0, NAN,224, NAN,9.4, NAN,50.9, NAN, 9.4, NAN, 248.4, NAN,1010.1,361.33,284.95,1759.57,5.871,6.5117,126.6,0.0,1440.376, NAN, NAN, NAN, NAN,,2024/03/31 20:55:33.001,2024-03-31 20:55:33.001000+00:00
2024/03/31, 20:56:33.001, 41.524, -70.672, -0.04,24.44,312.8, 0.000, NAN,10.6, NAN,1008.0, NAN,0.0, NAN,102.0, NAN,224, NAN,6.5, NAN,51.6, NAN, 6.5, NAN, 248.4, NAN,1010.1,358.22,284.93,1755.58,5.871,6.5135,126.3,0.0,1440.384, NAN, NAN, NAN, NAN,,2024/03/31 20:56:33.001,2024-03-31 20:56:33.001000+00:00
2024/03/31, 20:57:33.002, 41.524, -70.672, -0.04,24.46,92.43, 0.010, NAN,10.6, NAN,1008.0, NAN,0.0, NAN,102.0, NAN,222, NAN,6.0, NAN,51.5, NAN, 6.0, NAN, 246.5, NAN,1010.1,354.48,284.53,1747.97,5.871,6.5153,126.6,0.0,1440.391, NAN, NAN, NAN, NAN,,2024/03/31 20:57:33.002,2024-03-31 20:57:33.002000+00:00
2024/03/31, 20:58:33.002, 41.524, -70.672, -0.04,24.48,337.3, 0.010, NAN,10.6, NAN,1007.9, NAN,0.0, NAN,102.0, NAN,217, NAN,9.2, NAN,51.6, NAN, 9.2, NAN, 241.4, NAN,1010.0,350.75,284.6,1742.86,5.8712,6.5177,126.3,0.0,1440.402, NAN, NAN, NAN, NAN,,2024/03/31 20:58:33.002,2024-03-31 20:58:33.002000+00:00
2024/03/31, 20:59:33.002, 41.524, -70.672, -0.09,24.48,309.8, 0.000, NAN,10.6, NAN,1007.9, NAN,0.0, NAN,102.0, NAN,217, NAN,9.8, NAN,50.8, NAN, 9.8, NAN, 241.5, NAN,1010.0,347.7,283.99,1739.06,5.8711,6.5186,126.0,0.0,1440.406, NAN, NAN, NAN, NAN,,2024/03/31 20:59:33.002,2024-03-31 20:59:33.002000+00:00
2024/03/31, 21:00:33.002, 41.524, -70.672, -0.10,24.48,27.91, 0.000, NAN,10.6, NAN,1007.9, NAN,0.0, NAN,102.0, NAN,216, NAN,9.9, NAN,50.9, NAN, 9.9, NAN, 240.5, NAN,1010.0,344.37,283.9,1733.68,5.8712,6.5194,126.0,0.0,1440.409, NAN, NAN, NAN, NAN,,2024/03/31 21:00:33.002,2024-03-31 21:00:33.002000+00:00
2024/03/31, 21:01:33.002, 41.524, -70.672, -0.23,24.49,309.51, 0.000, NAN,10.6, NAN,1007.9, NAN,0.0, NAN,102.0, NAN,223, NAN,7.4, NAN,51.1, NAN, 7.4, NAN, 247.5, NAN,1010.0,341.33,284.17,1727.95,5.8711,6.521,126.0,0.0,1440.416, NAN, NAN, NAN, NAN,,2024/03/31 21:01:33.002,2024-03-31 21:01:33.002000+00:00
2024/03/31, 21:02:33.002, 41.524, -70.672, -0.23,24.5,226.74, 0.000, NAN,10.6, NAN,1007.9, NAN,0.0, NAN,102.0, NAN,222, NAN,7.0, NAN,51.3, NAN, 7.0, NAN, 246.5, NAN,1010.0,338.9,283.88,1725.93,5.8712,6.5221,126.3,0.0,1440.421, NAN, NAN, NAN, NAN,,2024/03/31 21:02:33.002,2024-03-31 21:02:33.002000+00:00
2024/03/31, 21:03:33.002, 41.524, -70.672, -0.23,24.48,195.13, 0.010, NAN,10.6, NAN,1007.9, NAN,0.0, NAN,102.0, NAN,226, NAN,6.6, NAN,51.4, NAN, 6.6, NAN, 250.5, NAN,1010.0,335.83,283.94,1721.25,5.8712,6.523,126.0,0.0,1440.424, NAN, NAN, NAN, NAN,,2024/03/31 21:03:33.002,2024-03-31 21:03:33.002000+00:00
2024/03/31, 21:04:33.002, 41.524, -70.672, -0.23,24.49,145.24, 0.000, NAN,10.6, NAN,1008.0, NAN,0.0, NAN,102.0, NAN,215, NAN,8.5, NAN,52.0, NAN, 8.5, NAN, 239.5, NAN,1010.1,332.06,284.25,1715.96,5.8712,6.5245,126.3,0.0,1440.431, NAN, NAN, NAN, NAN,,2024/03/31 21:04:33.002,2024-03-31 21:04:33.002000+00:00
2024/03/31, 21:05:33.002, 41.524, -70.672, -0.23,24.49,22.19, 0.000, NAN,10.6, NAN,1008.0, NAN,0.0, NAN,102.0, NAN,218, NAN,6.6, NAN,51.9, NAN, 6.6, NAN, 242.5, NAN,1010.1,328.91,284.33,1709.47,5.8712,6.5264,126.6,0.0,1440.439, NAN, NAN, NAN, NAN,,2024/03/31 21:05:33.002,2024-03-31 21:05:33.002000+00:00
2024/03/31, 21:06:33.002, 41.524, -70.672, -0.23,24.48,149.64, 0.010, NAN,10.6, NAN,1008.0, NAN,0.0, NAN,102.0, NAN,213, NAN,6.4, NAN,52.4, NAN, 6.4, NAN, 237.5, NAN,1010.1,325.72,284.18,1703.9,5.8712,6.5285,126.3,0.0,1440.448, NAN, NAN, NAN, NAN,,2024/03/31 21:06:33.002,2024-03-31 21:06:33.002000+00:00
2024/03/31, 21:07:33.002, 41.524, -70.672, -0.23,24.49,97.88, 0.000, NAN,10.6, NAN,1007.9, NAN,0.0, NAN,102.0, NAN,220, NAN,6.3, NAN,52.5, NAN, 6.3, NAN, 244.5, NAN,1010.0,322.34,284.37,1698.68,5.8713,6.5318,126.3,0.0,1440.462, NAN, NAN, NAN, NAN,,2024/03/31 21:07:33.002,2024-03-31 21:07:33.002000+00:00
2024/03/31, 21:08:33.002, 41.524, -70.672, -0.23,24.47,134.59, 0.010, NAN,10.6, NAN,1007.9, NAN,0.0, NAN,102.0, NAN,216, NAN,9.6, NAN,52.4, NAN, 9.6, NAN, 240.5, NAN,1010.0,318.51,284.65,1693.66,5.8713,6.5341,126.0,0.0,1440.472, NAN, NAN, NAN, NAN,,2024/03/31 21:08:33.002,2024-03-31 21:08:33.002000+00:00
2024/03/31, 21:09:33.002, 41.524, -70.672, -0.23,24.52,227.92, 0.000, NAN,10.6, NAN,1007.9, NAN,0.0, NAN,102.0, NAN,222, NAN,9.3, NAN,51.7, NAN, 9.3, NAN, 246.5, NAN,1010.0,315.62,284.28,1689.26,5.8712,6.5355,126.3,0.0,1440.478, NAN, NAN, NAN, NAN,,2024/03/31 21:09:33.002,2024-03-31 21:09:33.002000+00:00
2024/03/31, 21:10:33.002, 41.524, -70.672, -0.23,24.52,318.26, 0.010, NAN,10.7, NAN,1007.9, NAN,0.0, NAN,102.0, NAN,221, NAN,8.9, NAN,51.3, NAN, 8.9, NAN, 245.5, NAN,1010.0,312.51,284.03,1683.16,5.8711,6.5364,126.3,0.0,1440.481, NAN, NAN, NAN, NAN,,2024/03/31 21:10:33.002,2024-03-31 21:10:33.002000+00:00
2024/03/31, 21:11:33.002, 41.524, -70.672, -0.23,24.49,136.47, 0.000, NAN,10.7, NAN,1008.0, NAN,0.0, NAN,102.0, NAN,218, NAN,6.9, NAN,51.6, NAN, 6.9, NAN, 242.5, NAN,1010.1,309.45,284.38,1678.19,5.8712,6.5376,126.0,0.0,1440.486, NAN, NAN, NAN, NAN,,2024/03/31 21:11:33.002,2024-03-31 21:11:33.002000+00:00
2024/03/31, 21:12:33.002, 41.524, -70.672, -0.23,24.43,64.98, 0.000, NAN,10.6, NAN,1008.0, NAN,0.0, NAN,102.0, NAN,221, NAN,7.1, NAN,52.1, NAN, 7.1, NAN, 245.4, NAN,1010.1,306.25,284.24,1671.79,5.8711,6.5395,125.7,0.0,1440.494, NAN, NAN, NAN, NAN,,2024/03/31 21:12:33.002,2024-03-31 21:12:33.002000+00:00
2024/03/31, 21:13:33.002, 41.524, -70.672, -0.23,24.49,111.7, 0.010, NAN,10.6, NAN,1008.0, NAN,0.0, NAN,102.0, NAN,222, NAN,5.1, NAN,52.5, NAN, 5.1, NAN, 246.5, NAN,1010.1,302.6,284.46,1664.77,5.8712,6.5421,126.0,0.0,1440.506, NAN, NAN, NAN, NAN,,2024/03/31 21:13:33.002,2024-03-31 21:13:33.002000+00:00
2024/03/31, 21:14:33.003, 41.524, -70.672, -0.23,24.49,128.51, 0.000, NAN,10.6, NAN,1008.0, NAN,0.0, NAN,102.0, NAN,220, NAN,8.2, NAN,52.1, NAN, 8.2, NAN, 244.5, NAN,1010.1,299.59,284.41,1658.52,5.8712,6.5445,126.3,0.0,1440.516, NAN, NAN, NAN, NAN,,2024/03/31 21:14:33.003,2024-03-31 21:14:33.003000+00:00
2024/03/31, 21:15:33.003, 41.524, -70.672, -0.23,24.51,305.0, 0.000, NAN,10.7, NAN,1008.0, NAN,0.0, NAN,102.0, NAN,230, NAN,5.9, NAN,52.4, NAN, 5.9, NAN, 254.5, NAN,1010.1,296.11,283.97,1652.47,5.8712,6.545,126.0,0.0,1440.518, NAN, NAN, NAN, NAN,,2024/03/31 21:15:33.003,2024-03-31 21:15:33.003000+00:00
2024/03/31, 21:16:33.003, 41.524, -70.672, -0.05,24.46,153.52, 0.010, NAN,10.6, NAN,1008.0, NAN,0.0, NAN,102.0, NAN,220, NAN,8.5, NAN,53.1, NAN, 8.5, NAN, 244.5, NAN,1010.1,292.61,284.12,1645.15,5.8711,6.5462,126.0,0.0,1440.523, NAN, NAN, NAN, NAN,,2024/03/31 21:16:33.003,2024-03-31 21:16:33.003000+00:00
2024/03/31, 21:17:33.003, 41.524, -70.672, -0.05,24.49,165.12, 0.000, NAN,10.6, NAN,1008.0, NAN,0.0, NAN,102.0, NAN,218, NAN,6.9, NAN,52.3, NAN, 6.9, NAN, 242.5, NAN,1010.1,289.2,284.37,1636.56,5.8711,6.548,126.6,0.0,1440.531, NAN, NAN, NAN, NAN,,2024/03/31 21:17:33.003,2024-03-31 21:17:33.003000+00:00
2024/03/31, 21:18:33.003, 41.524, -70.672, -0.02,24.51,128.35, 0.010, NAN,10.6, NAN,1008.0, NAN,0.0, NAN,102.0, NAN,221, NAN,8.6, NAN,52.4, NAN, 8.6, NAN, 245.5, NAN,1010.1,285.53,284.42,1628.22,5.8711,6.5502,126.3,0.0,1440.54, NAN, NAN, NAN, NAN,,2024/03/31 21:18:33.003,2024-03-31 21:18:33.003000+00:00
2024/03/31, 21:19:33.003, 41.524, -70.672, -0.02,24.46,106.57, 0.000, NAN,10.6, NAN,1008.0, NAN,0.0, NAN,102.0, NAN,221, NAN,9.1, NAN,52.2, NAN, 9.1, NAN, 245.5, NAN,1010.1,282.58,284.38,1621.15,5.8711,6.5508,126.0,0.0,1440.542, NAN, NAN, NAN, NAN,,2024/03/31 21:19:33.003,2024-03-31 21:19:33.003000+00:00
2024/03/31, 21:20:33.003, 41.524, -70.672, -0.02,24.49,65.04, 0.000, NAN,10.6, NAN,1008.1, NAN,0.0, NAN,102.0, NAN,217, NAN,8.6, NAN,52.4, NAN, 8.6, NAN, 241.5, NAN,1010.2,278.76,284.16,1611.86,5.8711,6.5502,126.3,0.0,1440.54, NAN, NAN, NAN, NAN,,2024/03/31 21:20:33.003,2024-03-31 21:20:33.003000+00:00
2024/03/31, 21:21:33.003, 41.524, -70.672, -0.13,24.47,115.52, 0.000, NAN,10.6, NAN,1008.1, NAN,0.0, NAN,102.0, NAN,229, NAN,8.1, NAN,52.8, NAN, 8.1, NAN, 253.5, NAN,1010.2,275.03,283.91,1602.75,5.8711,6.5504,126.3,0.0,1440.541, NAN, NAN, NAN, NAN,,2024/03/31 21:21:33.003,2024-03-31 21:21:33.003000+00:00
2024/03/31, 21:22:33.003, 41.524, -70.672, -0.17,24.45,62.99, 0.010, NAN,10.6, NAN,1008.1, NAN,0.0, NAN,102.0, NAN,230, NAN,6.5, NAN,53.7, NAN, 6.5, NAN, 254.5, NAN,1010.2,272.95,286.17,1521.93,5.871,6.5504,126.0,0.0,1440.541, NAN, NAN, NAN, NAN,,2024/03/31 21:22:33.003,2024-03-31 21:22:33.003000+00:00
2024/03/31, 21:23:33.003, 41.524, -70.672, -0.12,24.46,227.46, 0.010, NAN,10.5, NAN,1008.1, NAN,0.0, NAN,102.0, NAN,215, NAN,9.3, NAN,53.9, NAN, 9.3, NAN, 239.5, NAN,1010.2,269.53,284.17,1595.33,5.871,6.5504,126.0,0.0,1440.541, NAN, NAN, NAN, NAN,,2024/03/31 21:23:33.003,2024-03-31 21:23:33.003000+00:00
2024/03/31, 21:24:33.003, 41.524, -70.672, -0.08,24.48,37.03, 0.000, NAN,10.5, NAN,1008.1, NAN,0.0, NAN,102.0, NAN,219, NAN,9.3, NAN,53.1, NAN, 9.3, NAN, 243.5, NAN,1010.2,265.91,284.4,1582.38,5.871,6.5498,126.0,0.0,1440.538, NAN, NAN, NAN, NAN,,2024/03/31 21:24:33.003,2024-03-31 21:24:33.003000+00:00
2024/03/31, 21:25:33.003, 41.524, -70.672, -0.06,24.49,112.23, 0.000, NAN,10.5, NAN,1008.1, NAN,0.0, NAN,102.0, NAN,223, NAN,8.3, NAN,53.2, NAN, 8.3, NAN, 247.5, NAN,1010.2,264.02,284.46,1582.66,5.8709,6.5491,126.0,0.0,1440.535, NAN, NAN, NAN, NAN,,2024/03/31 21:25:33.003,2024-03-31 21:25:33.003000+00:00
2024/03/31, 21:26:33.003, 41.524, -70.672, -0.06,24.47,44.05, 0.000, NAN,10.5, NAN,1008.1, NAN,0.0, NAN,102.0, NAN,222, NAN,9.4, NAN,53.3, NAN, 9.4, NAN, 246.5, NAN,1010.2,259.76,283.88,1570.1,5.871,6.5496,126.0,0.0,1440.537, NAN, NAN, NAN, NAN,,2024/03/31 21:26:33.003,2024-03-31 21:26:33.003000+00:00
2024/03/31, 21:27:33.003, 41.524, -70.672, -0.06,24.44,109.87, 0.000, NAN,10.5, NAN,1008.1, NAN,0.0, NAN,102.0, NAN,226, NAN,7.3, NAN,53.3, NAN, 7.3, NAN, 250.4, NAN,1010.2,256.89,284.15,1559.94,5.871,6.5481,126.0,0.0,1440.531, NAN, NAN, NAN, NAN,,2024/03/31 21:27:33.003,2024-03-31 21:27:33.003000+00:00
2024/03/31, 21:28:33.003, 41.524, -70.672, -0.06,24.44,170.12, 0.000, NAN,10.5, NAN,1008.1, NAN,0.0, NAN,102.0, NAN,225, NAN,8.6, NAN,53.7, NAN, 8.6, NAN, 249.4, NAN,1010.2,249.51,284.14,1529.64,5.8709,6.5464,126.3,0.0,1440.524, NAN, NAN, NAN, NAN,,2024/03/31 21:28:33.003,2024-03-31 21:28:33.003000+00:00
2024/03/31, 21:29:33.003, 41.524, -70.672, -0.06,24.44,155.84, 0.000, NAN,10.5, NAN,1008.1, NAN,0.0, NAN,102.0, NAN,223, NAN,9.3, NAN,53.3, NAN, 9.3, NAN, 247.4, NAN,1010.2,246.94,285.28,1521.85,5.871,6.5452,125.4,0.0,1440.519, NAN, NAN, NAN, NAN,,2024/03/31 21:29:33.003,2024-03-31 21:29:33.003000+00:00
2024/03/31, 21:30:33.003, 41.524, -70.672, -0.06,24.44,201.32, 0.000, NAN,10.5, NAN,1008.1, NAN,0.0, NAN,102.0, NAN,218, NAN,7.9, NAN,53.0, NAN, 7.9, NAN, 242.4, NAN,1010.2,247.3,284.97,1532.75,5.8709,6.5452,126.0,0.0,1440.518, NAN, NAN, NAN, NAN,,2024/03/31 21:30:33.003,2024-03-31 21:30:33.003000+00:00
2024/03/31, 21:31:33.004, 41.524, -70.672, -0.07,24.44,252.54, 0.000, NAN,10.6, NAN,1008.1, NAN,0.0, NAN,102.0, NAN,217, NAN,4.8, NAN,52.9, NAN, 4.8, NAN, 241.4, NAN,1010.2,235.92,284.64,1478.7,5.871,6.546,126.0,0.0,1440.522, NAN, NAN, NAN, NAN,,2024/03/31 21:31:33.004,2024-03-31 21:31:33.004000+00:00
2024/03/31, 21:32:33.004, 41.524, -70.672, -0.07,24.45,282.53, 0.010, NAN,10.6, NAN,1008.1, NAN,0.0, NAN,102.0, NAN,223, NAN,7.9, NAN,53.0, NAN, 7.9, NAN, 247.4, NAN,1010.2,235.2,284.87,1485.25,5.871,6.5489,126.0,0.0,1440.534, NAN, NAN, NAN, NAN,,2024/03/31 21:32:33.004,2024-03-31 21:32:33.004000+00:00
2024/03/31, 21:33:33.004, 41.524, -70.672, -0.07,24.46,125.65, 0.000, NAN,10.7, NAN,1008.1, NAN,0.0, NAN,102.0, NAN,223, NAN,7.5, NAN,52.6, NAN, 7.5, NAN, 247.5, NAN,1010.2,232.78,285.54,1482.77,5.8709,6.5524,126.0,0.0,1440.549, NAN, NAN, NAN, NAN,,2024/03/31 21:33:33.004,2024-03-31 21:33:33.004000+00:00
2024/03/31, 21:34:33.004, 41.524, -70.672, -0.07,24.49,246.84, 0.010, NAN,10.7, NAN,1008.1, NAN,0.0, NAN,102.0, NAN,235, NAN,6.9, NAN,52.7, NAN, 6.9, NAN, 259.5, NAN,1010.2,224.1,285.04,1450.98,5.8709,6.5552,125.4,0.0,1440.561, NAN, NAN, NAN, NAN,,2024/03/31 21:34:33.004,2024-03-31 21:34:33.004000+00:00
2024/03/31, 21:35:33.004, 41.524, -70.672, -0.07,24.46,142.7, 0.000, NAN,10.7, NAN,1008.1, NAN,0.0, NAN,102.0, NAN,222, NAN,7.8, NAN,52.7, NAN, 7.8, NAN, 246.5, NAN,1010.2,224.81,285.32,1464.11,5.8708,6.5579,126.3,0.0,1440.572, NAN, NAN, NAN, NAN,,2024/03/31 21:35:33.004,2024-03-31 21:35:33.004000+00:00
2024/03/31, 21:36:33.004, 41.524, -70.672, -0.07,24.44,184.62, 0.000, NAN,10.7, NAN,1008.1, NAN,0.0, NAN,102.0, NAN,219, NAN,7.8, NAN,52.6, NAN, 7.8, NAN, 243.4, NAN,1010.2,221.23,285.13,1452.67,5.8708,6.5603,126.3,0.0,1440.582, NAN, NAN, NAN, NAN,,2024/03/31 21:36:33.004,2024-03-31 21:36:33.004000+00:00
2024/03/31, 21:37:33.004, 41.524, -70.672, -0.07,24.47,319.31, 0.010, NAN,10.7, NAN,1008.2, NAN,0.0, NAN,102.0, NAN,221, NAN,6.5, NAN,52.3, NAN, 6.5, NAN, 245.4, NAN,1010.3,215.81,285.37,1429.91,5.8708,6.5617,126.6,0.0,1440.588, NAN, NAN, NAN, NAN,,2024/03/31 21:37:33.004,2024-03-31 21:37:33.004000+00:00
2024/03/31, 21:38:33.004, 41.524, -70.672, -0.12,24.47,158.8, 0.010, NAN,10.8, NAN,1008.2, NAN,0.0, NAN,102.0, NAN,227, NAN,8.8, NAN,52.3, NAN, 8.8, NAN, 251.4, NAN,1010.3,198.46,284.81,1348.73,5.8708,6.5625,126.0,0.0,1440.592, NAN, NAN, NAN, NAN,,2024/03/31 21:38:33.004,2024-03-31 21:38:33.004000+00:00
2024/03/31, 21:39:33.004, 41.524, -70.672, -0.10,24.45,90.39, 0.000, NAN,10.8, NAN,1008.2, NAN,0.0, NAN,102.0, NAN,222, NAN,6.5, NAN,52.5, NAN, 6.5, NAN, 246.4, NAN,1010.3,198.12,284.86,1341.53,5.8708,6.5633,126.0,0.0,1440.595, NAN, NAN, NAN, NAN,,2024/03/31 21:39:33.004,2024-03-31 21:39:33.004000+00:00
2024/03/31, 21:40:33.004, 41.524, -70.672, -0.10,24.45,142.52, 0.000, NAN,10.8, NAN,1008.2, NAN,0.0, NAN,102.0, NAN,220, NAN,6.8, NAN,52.3, NAN, 6.8, NAN, 244.4, NAN,1010.3,184.76,284.46,1270.81,5.8708,6.5638,126.0,0.0,1440.597, NAN, NAN, NAN, NAN,,2024/03/31 21:40:33.004,2024-03-31 21:40:33.004000+00:00
2024/03/31, 21:41:33.004, 41.524, -70.672, -0.10,24.47,159.92, 0.010, NAN,10.8, NAN,1008.2, NAN,0.0, NAN,102.0, NAN,222, NAN,8.6, NAN,52.7, NAN, 8.6, NAN, 246.5, NAN,1010.3,179.27,284.47,1238.74,5.8708,6.5629,126.0,0.0,1440.594, NAN, NAN, NAN, NAN,,2024/03/31 21:41:33.004,2024-03-31 21:41:33.004000+00:00
2024/03/31, 21:42:33.004, 41.524, -70.672, -0.10,24.46,290.07, 0.000, NAN,10.8, NAN,1008.3, NAN,0.0, NAN,102.0, NAN,229, NAN,5.9, NAN,52.8, NAN, 5.9, NAN, 253.5, NAN,1010.4,169.71,284.35,1196.79,5.8707,6.564,126.3,0.0,1440.598, NAN, NAN, NAN, NAN,,2024/03/31 21:42:33.004,2024-03-31 21:42:33.004000+00:00
2024/03/31, 21:43:33.004, 41.524, -70.672, -0.10,24.49,179.36, 0.000, NAN,10.7, NAN,1008.3, NAN,0.0, NAN,102.0, NAN,222, NAN,5.5, NAN,53.1, NAN, 5.5, NAN, 246.5, NAN,1010.4,184.54,284.4,1294.48,5.8707,6.5655,126.0,0.0,1440.604, NAN, NAN, NAN, NAN,,2024/03/31 21:43:33.004,2024-03-31 21:43:33.004000+00:00
2024/03/31, 21:44:33.004, 41.524, -70.672, -0.10,24.47,164.28, 0.010, NAN,10.7, NAN,1008.3, NAN,0.0, NAN,102.0, NAN,221, NAN,6.9, NAN,53.4, NAN, 6.9, NAN, 245.5, NAN,1010.4,188.69,284.8,1322.21,5.8707,6.5655,126.0,0.0,1440.604, NAN, NAN, NAN, NAN,,2024/03/31 21:44:33.004,2024-03-31 21:44:33.004000+00:00
2024/03/31, 21:45:33.004, 41.524, -70.672, -0.10,24.47,303.99, 0.010, NAN,10.7, NAN,1008.3, NAN,0.0, NAN,102.0, NAN,228, NAN,6.2, NAN,52.9, NAN, 6.2, NAN, 252.4, NAN,1010.4,182.07,284.02,1283.4,5.8708,6.5657,126.6,0.0,1440.605, NAN, NAN, NAN, NAN,,2024/03/31 21:45:33.004,2024-03-31 21:45:33.004000+00:00
2024/03/31, 21:46:33.004, 41.524, -70.672, -0.10,24.46,290.61, 0.010, NAN,10.7, NAN,1008.3, NAN,0.0, NAN,102.0, NAN,229, NAN,7.4, NAN,53.8, NAN, 7.4, NAN, 253.4, NAN,1010.4,180.65,284.17,1270.15,5.8707,6.5679,126.3,0.0,1440.615, NAN, NAN, NAN, NAN,,2024/03/31 21:46:33.004,2024-03-31 21:46:33.004000+00:00
2024/03/31, 21:47:33.004, 41.524, -70.672, -0.10,24.46,122.2, 0.010, NAN,10.6, NAN,1008.3, NAN,0.0, NAN,102.0, NAN,227, NAN,8.6, NAN,54.2, NAN, 8.6, NAN, 251.5, NAN,1010.4,154.39,283.72,1136.06,5.8707,6.5715,126.3,0.0,1440.63, NAN, NAN, NAN, NAN,,2024/03/31 21:47:33.004,2024-03-31 21:47:33.004000+00:00
2024/03/31, 21:48:33.005, 41.524, -70.672, -0.10,24.54,243.74, 0.010, NAN,10.6, NAN,1008.3, NAN,0.0, NAN,102.0, NAN,220, NAN,9.9, NAN,53.8, NAN, 9.9, NAN, 244.5, NAN,1010.4,175.57,283.89,1265.95,5.8707,6.574,125.7,0.0,1440.641, NAN, NAN, NAN, NAN,,2024/03/31 21:48:33.005,2024-03-31 21:48:33.005000+00:00
2024/03/31, 21:49:33.005, 41.524, -70.672, -0.10,24.49,171.85, 0.000, NAN,10.6, NAN,1008.4, NAN,0.0, NAN,102.0, NAN,223, NAN,8.9, NAN,53.6, NAN, 8.9, NAN, 247.5, NAN,1010.5,187.73,283.3,1369.41,5.8706,6.5737,126.6,0.0,1440.639, NAN, NAN, NAN, NAN,,2024/03/31 21:49:33.005,2024-03-31 21:49:33.005000+00:00
2024/03/31, 21:50:33.005, 41.524, -70.672, -0.10,24.46,168.39, 0.010, NAN,10.5, NAN,1008.4, NAN,0.0, NAN,102.0, NAN,226, NAN,7.8, NAN,54.7, NAN, 7.8, NAN, 250.5, NAN,1010.5,184.39,283.3,1355.37,5.8706,6.574,126.3,0.0,1440.64, NAN, NAN, NAN, NAN,,2024/03/31 21:50:33.005,2024-03-31 21:50:33.005000+00:00
2024/03/31, 21:51:33.005, 41.524, -70.672, -0.10,24.47,229.69, 0.010, NAN,10.4, NAN,1008.4, NAN,0.0, NAN,102.0, NAN,233, NAN,8.9, NAN,55.4, NAN, 8.9, NAN, 257.4, NAN,1010.5,180.63,283.47,1337.19,5.8706,6.5746,126.3,0.0,1440.643, NAN, NAN, NAN, NAN,,2024/03/31 21:51:33.005,2024-03-31 21:51:33.005000+00:00
2024/03/31, 21:52:33.005, 41.524, -70.672, -0.10,24.47,324.42, 0.000, NAN,10.3, NAN,1008.4, NAN,0.0, NAN,102.0, NAN,222, NAN,7.1, NAN,55.9, NAN, 7.1, NAN, 246.5, NAN,1010.5,177.48,283.16,1329.08,5.8706,6.5762,126.3,0.0,1440.65, NAN, NAN, NAN, NAN,,2024/03/31 21:52:33.005,2024-03-31 21:52:33.005000+00:00
2024/03/31, 21:53:33.005, 41.524, -70.672, -0.10,24.45,40.48, 0.000, NAN,10.3, NAN,1008.4, NAN,0.0, NAN,102.0, NAN,225, NAN,9.1, NAN,56.2, NAN, 9.1, NAN, 249.4, NAN,1010.5,174.57,282.91,1316.05,5.8706,6.5762,126.0,0.0,1440.65, NAN, NAN, NAN, NAN,,2024/03/31 21:53:33.005,2024-03-31 21:53:33.005000+00:00
2024/03/31, 21:54:33.005, 41.524, -70.672, -0.10,24.44,58.29, 0.000, NAN,10.2, NAN,1008.4, NAN,0.0, NAN,102.0, NAN,224, NAN,9.0, NAN,56.9, NAN, 9.0, NAN, 248.4, NAN,1010.5,171.28,282.69,1303.25,5.8705,6.5739,125.7,0.0,1440.64, NAN, NAN, NAN, NAN,,2024/03/31 21:54:33.005,2024-03-31 21:54:33.005000+00:00
2024/03/31, 21:55:33.005, 41.524, -70.672, -0.10,24.44,237.63, 0.010, NAN,10.1, NAN,1008.5, NAN,0.0, NAN,102.0, NAN,226, NAN,8.7, NAN,57.0, NAN, 8.7, NAN, 250.4, NAN,1010.6,168.14,282.79,1292.86,5.8706,6.5735,126.0,0.0,1440.638, NAN, NAN, NAN, NAN,,2024/03/31 21:55:33.005,2024-03-31 21:55:33.005000+00:00
2024/03/31, 21:56:33.005, 41.524, -70.672, -0.10,24.46,120.85, 0.010, NAN,10.0, NAN,1008.5, NAN,0.0, NAN,102.0, NAN,230, NAN,8.1, NAN,57.6, NAN, 8.1, NAN, 254.4, NAN,1010.6,165.63,282.88,1282.9,5.8706,6.5739,125.7,0.0,1440.64, NAN, NAN, NAN, NAN,,2024/03/31 21:56:33.005,2024-03-31 21:56:33.005000+00:00
2024/03/31, 21:57:33.005, 41.524, -70.672, -0.10,24.49,308.75, 0.010, NAN,10.0, NAN,1008.5, NAN,0.0, NAN,102.0, NAN,222, NAN,8.5, NAN,58.0, NAN, 8.5, NAN, 246.5, NAN,1010.6,162.94,283.24,1272.16,5.8704,6.5742,126.0,0.0,1440.641, NAN, NAN, NAN, NAN,,2024/03/31 21:57:33.005,2024-03-31 21:57:33.005000+00:00
2024/03/31, 21:58:33.005, 41.524, -70.672, -0.10,24.44,106.41, 0.000, NAN,10.0, NAN,1008.5, NAN,0.0, NAN,102.0, NAN,225, NAN,8.4, NAN,57.8, NAN, 8.4, NAN, 249.4, NAN,1010.6,160.53,283.06,1259.95,5.8705,6.576,126.3,0.0,1440.649, NAN, NAN, NAN, NAN,,2024/03/31 21:58:33.005,2024-03-31 21:58:33.005000+00:00
2024/03/31, 21:59:33.005, 41.524, -70.672, -0.10,24.44,249.92, 0.000, NAN,10.0, NAN,1008.6, NAN,0.0, NAN,102.0, NAN,226, NAN,5.1, NAN,57.8, NAN, 5.1, NAN, 250.4, NAN,1010.7,157.53,282.68,1243.83,5.8705,6.5775,125.7,0.0,1440.655, NAN, NAN, NAN, NAN,,2024/03/31 21:59:33.005,2024-03-31 21:59:33.005000+00:00
2024/03/31, 22:00:33.005, 41.524, -70.672, -0.10,24.43,132.17, 0.010, NAN,10.0, NAN,1008.6, NAN,0.0, NAN,102.0, NAN,223, NAN,4.8, NAN,58.7, NAN, 4.8, NAN, 247.4, NAN,1010.7,154.43,282.51,1228.53,5.8705,6.5787,126.3,0.0,1440.66, NAN, NAN, NAN, NAN,,2024/03/31 22:00:33.005,2024-03-31 22:00:33.005000+00:00
2024/03/31, 22:01:33.005, 41.524, -70.672, -0.10,24.44,113.1, 0.000, NAN,10.0, NAN,1008.6, NAN,0.0, NAN,102.0, NAN,219, NAN,6.6, NAN,58.5, NAN, 6.6, NAN, 243.4, NAN,1010.7,150.92,282.72,1213.0,5.8705,6.5793,126.3,0.0,1440.663, NAN, NAN, NAN, NAN,,2024/03/31 22:01:33.005,2024-03-31 22:01:33.005000+00:00
2024/03/31, 22:02:33.005, 41.524, -70.672, -0.10,24.46,293.57, 0.000, NAN,10.0, NAN,1008.6, NAN,0.0, NAN,102.0, NAN,219, NAN,7.9, NAN,58.0, NAN, 7.9, NAN, 243.5, NAN,1010.7,147.49,282.46,1197.87,5.8705,6.5809,126.3,0.0,1440.67, NAN, NAN, NAN, NAN,,2024/03/31 22:02:33.005,2024-03-31 22:02:33.005000+00:00
2024/03/31, 22:03:33.005, 41.524, -70.672, -0.10,24.42,50.27, 0.000, NAN,10.0, NAN,1008.6, NAN,0.0, NAN,102.0, NAN,218, NAN,6.2, NAN,58.1, NAN, 6.2, NAN, 242.4, NAN,1010.7,144.47,282.32,1182.45,5.8704,6.5828,126.0,0.0,1440.678, NAN, NAN, NAN, NAN,,2024/03/31 22:03:33.005,2024-03-31 22:03:33.005000+00:00
2024/03/31, 22:04:33.005, 41.524, -70.672, -0.10,24.47,214.91, 0.000, NAN,10.0, NAN,1008.6, NAN,0.0, NAN,102.0, NAN,224, NAN,7.7, NAN,58.6, NAN, 7.7, NAN, 248.5, NAN,1010.7,141.12,283.03,1168.28,5.8705,6.5829,126.0,0.0,1440.678, NAN, NAN, NAN, NAN,,2024/03/31 22:04:33.005,2024-03-31 22:04:33.005000+00:00
2024/03/31, 22:05:33.006, 41.524, -70.672, -0.10,24.44,125.88, 0.000, NAN,10.0, NAN,1008.6, NAN,0.0, NAN,102.0, NAN,219, NAN,8.3, NAN,57.9, NAN, 8.3, NAN, 243.4, NAN,1010.7,137.38,282.17,1152.37,5.8704,6.5848,126.0,0.0,1440.686, NAN, NAN, NAN, NAN,,2024/03/31 22:05:33.006,2024-03-31 22:05:33.006000+00:00
2024/03/31, 22:06:33.006, 41.524, -70.672, -0.10,24.46,334.96, 0.000, NAN,10.0, NAN,1008.6, NAN,0.0, NAN,102.0, NAN,217, NAN,9.7, NAN,58.1, NAN, 9.7, NAN, 241.5, NAN,1010.7,134.37,282.09,1138.89,5.8703,6.584,125.7,0.0,1440.683, NAN, NAN, NAN, NAN,,2024/03/31 22:06:33.006,2024-03-31 22:06:33.006000+00:00
2024/03/31, 22:07:33.006, 41.524, -70.672, -0.10,24.44,184.31, 0.010, NAN,9.9, NAN,1008.7, NAN,0.0, NAN,102.0, NAN,225, NAN,7.9, NAN,58.3, NAN, 7.9, NAN, 249.5, NAN,1010.8,130.7,281.75,1122.51,5.8703,6.5821,125.7,0.0,1440.674, NAN, NAN, NAN, NAN,,2024/03/31 22:07:33.006,2024-03-31 22:07:33.006000+00:00
2024/03/31, 22:08:33.006, 41.524, -70.672, -0.10,24.45,269.09, 0.000, NAN,9.9, NAN,1008.7, NAN,0.0, NAN,102.0, NAN,224, NAN,7.3, NAN,58.4, NAN, 7.3, NAN, 248.4, NAN,1010.8,128.12,281.65,1107.57,5.8703,6.5816,126.3,0.0,1440.672, NAN, NAN, NAN, NAN,,2024/03/31 22:08:33.006,2024-03-31 22:08:33.006000+00:00
2024/03/31, 22:09:33.006, 41.524, -70.672, -0.10,24.44,0.24, 0.000, NAN,9.9, NAN,1008.7, NAN,0.0, NAN,102.0, NAN,236, NAN,5.8, NAN,58.6, NAN, 5.8, NAN, 260.4, NAN,1010.8,124.84,281.42,1092.62,5.8702,6.5822,126.3,0.0,1440.675, NAN, NAN, NAN, NAN,,2024/03/31 22:09:33.006,2024-03-31 22:09:33.006000+00:00
2024/03/31, 22:10:33.006, 41.524, -70.672, -0.10,24.44,115.23, 0.010, NAN,9.8, NAN,1008.7, NAN,0.0, NAN,102.0, NAN,229, NAN,6.1, NAN,59.2, NAN, 6.1, NAN, 253.4, NAN,1010.8,122.0,281.47,1078.28,5.8702,6.5816,125.7,0.0,1440.672, NAN, NAN, NAN, NAN,,2024/03/31 22:10:33.006,2024-03-31 22:10:33.006000+00:00
2024/03/31, 22:11:33.006, 41.524, -70.672, -0.10,24.45,84.17, 0.010, NAN,9.8, NAN,1008.8, NAN,0.0, NAN,102.0, NAN,223, NAN,7.0, NAN,59.7, NAN, 7.0, NAN, 247.5, NAN,1010.9,118.66,281.5,1062.1,5.8701,6.582,126.3,0.0,1440.674, NAN, NAN, NAN, NAN,,2024/03/31 22:11:33.006,2024-03-31 22:11:33.006000+00:00
2024/03/31, 22:12:33.006, 41.524, -70.672, -0.10,24.43,113.74, 0.000, NAN,9.7, NAN,1008.8, NAN,0.0, NAN,102.0, NAN,222, NAN,7.4, NAN,59.4, NAN, 7.4, NAN, 246.4, NAN,1010.9,115.17,281.49,1035.61,5.8701,6.5795,126.0,0.0,1440.663, NAN, NAN, NAN, NAN,,2024/03/31 22:12:33.006,2024-03-31 22:12:33.006000+00:00
2024/03/31, 22:13:33.006, 41.524, -70.672, -0.10,24.4,177.77, 0.000, NAN,9.7, NAN,1008.8, NAN,0.0, NAN,102.0, NAN,228, NAN,5.8, NAN,59.6, NAN, 5.8, NAN, 252.4, NAN,1010.9,112.5,281.16,1027.97,5.87,6.5775,126.0,0.0,1440.655, NAN, NAN, NAN, NAN,,2024/03/31 22:13:33.006,2024-03-31 22:13:33.006000+00:00
2024/03/31, 22:14:33.006, 41.524, -70.672, -0.13,24.4,110.33, 0.000, NAN,9.7, NAN,1008.8, NAN,0.0, NAN,102.0, NAN,226, NAN,5.9, NAN,60.0, NAN, 5.9, NAN, 250.4, NAN,1010.9,109.61,281.11,1011.6,5.87,6.5762,126.3,0.0,1440.649, NAN, NAN, NAN, NAN,,2024/03/31 22:14:33.006,2024-03-31 22:14:33.006000+00:00
2024/03/31, 22:15:33.006, 41.524, -70.672, -0.13,24.44,35.32, 0.000, NAN,9.7, NAN,1008.8, NAN,0.0, NAN,102.0, NAN,220, NAN,9.0, NAN,60.1, NAN, 9.0, NAN, 244.4, NAN,1010.9,105.18,281.61,979.82,5.8698,6.5765,126.0,0.0,1440.65, NAN, NAN, NAN, NAN,,2024/03/31 22:15:33.006,2024-03-31 22:15:33.006000+00:00
2024/03/31, 22:16:33.006, 41.524, -70.672, -0.13,24.44,333.92, 0.010, NAN,9.6, NAN,1008.8, NAN,0.0, NAN,102.0, NAN,219, NAN,9.4, NAN,59.4, NAN, 9.4, NAN, 243.4, NAN,1010.9,103.6,281.51,970.41,5.8698,6.5777,126.3,0.0,1440.655, NAN, NAN, NAN, NAN,,2024/03/31 22:16:33.006,2024-03-31 22:16:33.006000+00:00
2024/03/31, 22:17:33.006, 41.524, -70.672, -0.13,24.4,185.26, 0.010, NAN,9.7, NAN,1008.8, NAN,0.0, NAN,102.0, NAN,223, NAN,8.3, NAN,59.3, NAN, 8.3, NAN, 247.4, NAN,1010.9,100.56,280.9,948.2,5.8697,6.5794,126.3,0.0,1440.662, NAN, NAN, NAN, NAN,,2024/03/31 22:17:33.006,2024-03-31 22:17:33.006000+00:00
2024/03/31, 22:18:33.006, 41.524, -70.672, -0.13,24.41,135.7, 0.010, NAN,9.6, NAN,1008.9, NAN,0.0, NAN,102.0, NAN,222, NAN,9.1, NAN,59.7, NAN, 9.1, NAN, 246.4, NAN,1011.0,97.04,280.2,921.93,5.8698,6.581,126.3,0.0,1440.669, NAN, NAN, NAN, NAN,,2024/03/31 22:18:33.006,2024-03-31 22:18:33.006000+00:00
2024/03/31, 22:19:33.006, 41.524, -70.672, -0.13,24.46,103.07, 0.010, NAN,9.6, NAN,1008.8, NAN,0.0, NAN,102.0, NAN,222, NAN,8.8, NAN,60.4, NAN, 8.8, NAN, 246.5, NAN,1010.9,94.37,280.06,904.17,5.8697,6.581,126.0,0.0,1440.669, NAN, NAN, NAN, NAN,,2024/03/31 22:19:33.006,2024-03-31 22:19:33.006000+00:00
2024/03/31, 22:20:33.006, 41.524, -70.672, -0.13,24.44,114.03, 0.010, NAN,9.5, NAN,1008.9, NAN,0.0, NAN,102.0, NAN,224, NAN,8.2, NAN,60.9, NAN, 8.2, NAN, 248.5, NAN,1011.0,92.32,280.12,893.62,5.8696,6.5847,125.7,0.0,1440.685, NAN, NAN, NAN, NAN,,2024/03/31 22:20:33.006,2024-03-31 22:20:33.006000+00:00
2024/03/31, 22:21:33.007, 41.524, -70.672, -0.13,24.43,337.63, 0.010, NAN,9.4, NAN,1008.9, NAN,0.0, NAN,102.0, NAN,223, NAN,6.6, NAN,61.1, NAN, 6.6, NAN, 247.4, NAN,1011.0,89.62,280.25,876.21,5.8697,6.5915,125.7,0.0,1440.714, NAN, NAN, NAN, NAN,,2024/03/31 22:21:33.007,2024-03-31 22:21:33.007000+00:00
2024/03/31, 22:22:33.007, 41.524, -70.672, -0.13,24.4,179.88, 0.010, NAN,9.4, NAN,1008.9, NAN,0.0, NAN,102.0, NAN,227, NAN,6.7, NAN,61.1, NAN, 6.7, NAN, 251.4, NAN,1011.0,87.32,280.53,858.7,5.8696,6.6008,126.0,0.0,1440.753, NAN, NAN, NAN, NAN,,2024/03/31 22:22:33.007,2024-03-31 22:22:33.007000+00:00
2024/03/31, 22:23:33.007, 41.524, -70.672, -0.13,24.44,117.32, 0.010, NAN,9.4, NAN,1008.9, NAN,0.0, NAN,102.0, NAN,217, NAN,7.5, NAN,61.0, NAN, 7.5, NAN, 241.5, NAN,1011.0,85.11,280.38,840.68,5.8695,6.6143,126.0,0.0,1440.81, NAN, NAN, NAN, NAN,,2024/03/31 22:23:33.007,2024-03-31 22:23:33.007000+00:00
2024/03/31, 22:24:33.007, 41.524, -70.672, -0.13,24.44,319.01, 0.000, NAN,9.4, NAN,1009.0, NAN,0.0, NAN,102.0, NAN,232, NAN,6.1, NAN,61.1, NAN, 6.1, NAN, 256.4, NAN,1011.1,83.13,280.68,823.56,5.8696,6.6248,126.3,0.0,1440.855, NAN, NAN, NAN, NAN,,2024/03/31 22:24:33.007,2024-03-31 22:24:33.007000+00:00
2024/03/31, 22:25:33.007, 41.524, -70.672, -0.13,24.43,121.41, 0.010, NAN,9.4, NAN,1009.0, NAN,0.0, NAN,102.0, NAN,222, NAN,8.4, NAN,61.2, NAN, 8.4, NAN, 246.5, NAN,1011.1,77.02,280.86,783.55,5.8695,6.6343,125.7,0.0,1440.895, NAN, NAN, NAN, NAN,,2024/03/31 22:25:33.007,2024-03-31 22:25:33.007000+00:00
2024/03/31, 22:26:33.007, 41.524, -70.672, -0.13,24.44,119.02, 0.000, NAN,9.4, NAN,1009.1, NAN,0.0, NAN,102.0, NAN,230, NAN,5.5, NAN,60.6, NAN, 5.5, NAN, 254.4, NAN,1011.2,66.93,280.59,686.33,5.8695,6.6399,126.3,0.0,1440.919, NAN, NAN, NAN, NAN,,2024/03/31 22:26:33.007,2024-03-31 22:26:33.007000+00:00
2024/03/31, 22:27:33.007, 41.524, -70.672, -0.13,24.4,143.57, 0.000, NAN,9.4, NAN,1009.1, NAN,0.0, NAN,102.0, NAN,224, NAN,8.1, NAN,60.9, NAN, 8.1, NAN, 248.4, NAN,1011.2,70.1,280.46,718.9,5.8696,6.6451,125.7,0.0,1440.941, NAN, NAN, NAN, NAN,,2024/03/31 22:27:33.007,2024-03-31 22:27:33.007000+00:00
2024/03/31, 22:28:33.007, 41.524, -70.672, -0.13,24.4,69.22, 0.010, NAN,9.4, NAN,1009.1, NAN,0.0, NAN,102.0, NAN,226, NAN,5.7, NAN,61.1, NAN, 5.7, NAN, 250.3, NAN,1011.2,60.49,279.98,621.24,5.8694,6.6504,125.7,0.0,1440.963, NAN, NAN, NAN, NAN,,2024/03/31 22:28:33.007,2024-03-31 22:28:33.007000+00:00
2024/03/31, 22:29:33.007, 41.524, -70.672, -0.13,24.49,325.58, 0.010, NAN,9.3, NAN,1009.1, NAN,0.0, NAN,102.0, NAN,225, NAN,7.1, NAN,61.8, NAN, 7.1, NAN, 249.5, NAN,1011.2,62.96,279.88,667.67,5.8694,6.6544,125.7,0.0,1440.98, NAN, NAN, NAN, NAN,,2024/03/31 22:29:33.007,2024-03-31 22:29:33.007000+00:00
2024/03/31, 22:30:33.007, 41.524, -70.672, -0.13,24.44,320.32, 0.000, NAN,9.3, NAN,1009.1, NAN,0.0, NAN,102.0, NAN,226, NAN,7.1, NAN,61.8, NAN, 7.1, NAN, 250.4, NAN,1011.2,57.94,279.62,622.42,5.8694,6.6599,125.7,0.0,1441.003, NAN, NAN, NAN, NAN,,2024/03/31 22:30:33.007,2024-03-31 22:30:33.007000+00:00
2024/03/31, 22:31:33.007, 41.524, -70.672, -0.13,24.44,294.65, 0.010, NAN,9.2, NAN,1009.1, NAN,0.0, NAN,102.0, NAN,225, NAN,8.7, NAN,62.3, NAN, 8.7, NAN, 249.4, NAN,1011.2,57.88,282.08,378.57,5.8695,6.6625,126.3,0.0,1441.015, NAN, NAN, NAN, NAN,,2024/03/31 22:31:33.007,2024-03-31 22:31:33.007000+00:00
2024/03/31, 22:32:33.007, 41.524, -70.672, -0.13,24.42,353.02, 0.000, NAN,9.2, NAN,1009.3, NAN,0.0, NAN,102.0, NAN,222, NAN,9.0, NAN,62.6, NAN, 9.0, NAN, 246.4, NAN,1011.4,51.38,279.48,571.87,5.8695,6.6631,126.0,0.0,1441.017, NAN, NAN, NAN, NAN,,2024/03/31 22:32:33.007,2024-03-31 22:32:33.007000+00:00
2024/03/31, 22:33:33.007, 41.524, -70.672, -0.13,24.42,108.09, 0.000, NAN,9.1, NAN,1009.2, NAN,0.0, NAN,102.0, NAN,227, NAN,7.5, NAN,62.7, NAN, 7.5, NAN, 251.4, NAN,1011.3,47.62,279.34,525.83,5.8694,6.6619,126.3,0.0,1441.012, NAN, NAN, NAN, NAN,,2024/03/31 22:33:33.007,2024-03-31 22:33:33.007000+00:00
2024/03/31, 22:34:33.007, 41.524, -70.672, -0.13,24.42,142.64, 0.010, NAN,9.1, NAN,1009.2, NAN,0.0, NAN,102.0, NAN,226, NAN,7.0, NAN,62.9, NAN, 7.0, NAN, 250.5, NAN,1011.3,48.18,279.26,532.18,5.8694,6.6606,126.0,0.0,1441.006, NAN, NAN, NAN, NAN,,2024/03/31 22:34:33.007,2024-03-31 22:34:33.007000+00:00
2024/03/31, 22:35:33.007, 41.524, -70.672, -0.13,24.47,60.48, 0.000, NAN,9.1, NAN,1009.2, NAN,0.0, NAN,102.0, NAN,218, NAN,7.1, NAN,62.9, NAN, 7.1, NAN, 242.5, NAN,1011.3,48.18,279.07,526.85,5.8693,6.6613,126.0,0.0,1441.009, NAN, NAN, NAN, NAN,,2024/03/31 22:35:33.007,2024-03-31 22:35:33.007000+00:00
2024/03/31, 22:36:33.008, 41.524, -70.672, -0.13,24.43,353.43, 0.010, NAN,9.1, NAN,1009.2, NAN,0.0, NAN,102.0, NAN,225, NAN,6.3, NAN,63.1, NAN, 6.3, NAN, 249.4, NAN,1011.3,48.32,279.01,517.22,5.8694,6.6607,125.7,0.0,1441.007, NAN, NAN, NAN, NAN,,2024/03/31 22:36:33.008,2024-03-31 22:36:33.008000+00:00
2024/03/31, 22:37:33.008, 41.524, -70.672, -0.13,24.42,206.39, 0.000, NAN,9.1, NAN,1009.3, NAN,0.0, NAN,102.0, NAN,216, NAN,7.5, NAN,63.1, NAN, 7.5, NAN, 240.4, NAN,1011.4,48.35,279.34,506.26,5.8693,6.6586,126.0,0.0,1440.998, NAN, NAN, NAN, NAN,,2024/03/31 22:37:33.008,2024-03-31 22:37:33.008000+00:00
2024/03/31, 22:38:33.008, 41.524, -70.672, -0.13,24.42,137.34, 0.000, NAN,9.0, NAN,1009.3, NAN,0.0, NAN,102.0, NAN,217, NAN,8.9, NAN,62.8, NAN, 8.9, NAN, 241.4, NAN,1011.4,46.06,279.3,478.01,5.8693,6.6551,126.0,0.0,1440.983, NAN, NAN, NAN, NAN,,2024/03/31 22:38:33.008,2024-03-31 22:38:33.008000+00:00
2024/03/31, 22:39:33.008, 41.524, -70.672, -0.13,24.43,133.62, 0.010, NAN,9.0, NAN,1009.3, NAN,0.0, NAN,102.0, NAN,221, NAN,6.6, NAN,62.9, NAN, 6.6, NAN, 245.4, NAN,1011.4,44.2,279.29,454.7,5.8693,6.6507,126.6,0.0,1440.964, NAN, NAN, NAN, NAN,,2024/03/31 22:39:33.008,2024-03-31 22:39:33.008000+00:00
2024/03/31, 22:40:33.008, 41.524, -70.672, -0.13,24.46,134.82, 0.000, NAN,9.0, NAN,1009.3, NAN,0.0, NAN,102.0, NAN,220, NAN,7.2, NAN,63.2, NAN, 7.2, NAN, 244.5, NAN,1011.4,40.31,279.23,411.45,5.8693,6.6486,126.0,0.0,1440.955, NAN, NAN, NAN, NAN,,2024/03/31 22:40:33.008,2024-03-31 22:40:33.008000+00:00
2024/03/31, 22:41:33.008, 41.524, -70.672, -0.13,24.42,78.11, 0.010, NAN,9.0, NAN,1009.3, NAN,0.0, NAN,102.0, NAN,223, NAN,6.4, NAN,63.3, NAN, 6.4, NAN, 247.4, NAN,1011.4,40.59,278.88,412.22,5.8693,6.6469,126.3,0.0,1440.948, NAN, NAN, NAN, NAN,,2024/03/31 22:41:33.008,2024-03-31 22:41:33.008000+00:00
2024/03/31, 22:42:33.008, 41.524, -70.672, -0.13,24.45,311.61, 0.000, NAN,9.0, NAN,1009.4, NAN,0.0, NAN,102.0, NAN,225, NAN,7.9, NAN,63.9, NAN, 7.9, NAN, 249.4, NAN,1011.5,35.26,278.99,356.91,5.8693,6.645,126.0,0.0,1440.94, NAN, NAN, NAN, NAN,,2024/03/31 22:42:33.008,2024-03-31 22:42:33.008000+00:00
2024/03/31, 22:43:33.008, 41.524, -70.672, -0.13,24.43,74.1, 0.000, NAN,9.0, NAN,1009.3, NAN,0.0, NAN,102.0, NAN,222, NAN,8.1, NAN,63.8, NAN, 8.1, NAN, 246.4, NAN,1011.4,35.7,278.82,360.7,5.8693,6.6448,126.0,0.0,1440.939, NAN, NAN, NAN, NAN,,2024/03/31 22:43:33.008,2024-03-31 22:43:33.008000+00:00
2024/03/31, 22:44:33.008, 41.524, -70.672, -0.13,24.45,312.2, 0.010, NAN,8.9, NAN,1009.4, NAN,0.0, NAN,102.0, NAN,228, NAN,5.6, NAN,64.1, NAN, 5.6, NAN, 252.4, NAN,1011.5,33.82,278.44,339.05,5.8693,6.6453,126.3,0.0,1440.941, NAN, NAN, NAN, NAN,,2024/03/31 22:44:33.008,2024-03-31 22:44:33.008000+00:00
2024/03/31, 22:45:33.008, 41.524, -70.672, -0.13,24.45,349.55, 0.010, NAN,8.9, NAN,1009.4, NAN,0.0, NAN,102.0, NAN,220, NAN,8.2, NAN,64.7, NAN, 8.2, NAN, 244.4, NAN,1011.5,31.4,278.52,314.71,5.8694,6.6412,126.0,0.0,1440.924, NAN, NAN, NAN, NAN,,2024/03/31 22:45:33.008,2024-03-31 22:45:33.008000+00:00
2024/03/31, 22:46:33.008, 41.524, -70.672, -0.13,24.41,170.72, 0.000, NAN,8.9, NAN,1009.4, NAN,0.0, NAN,102.0, NAN,229, NAN,6.6, NAN,64.6, NAN, 6.6, NAN, 253.4, NAN,1011.5,29.34,278.78,294.18,5.8693,6.6341,126.3,0.0,1440.894, NAN, NAN, NAN, NAN,,2024/03/31 22:46:33.008,2024-03-31 22:46:33.008000+00:00
2024/03/31, 22:47:33.008, 41.524, -70.672, -0.13,24.45,138.69, 0.010, NAN,8.8, NAN,1009.4, NAN,0.0, NAN,102.0, NAN,228, NAN,8.3, NAN,64.8, NAN, 8.3, NAN, 252.4, NAN,1011.5,26.97,279.02,267.77,5.8692,6.6272,126.6,0.0,1440.865, NAN, NAN, NAN, NAN,,2024/03/31 22:47:33.008,2024-03-31 22:47:33.008000+00:00
2024/03/31, 22:48:33.008, 41.524, -70.672, -0.13,24.42,107.48, 0.000, NAN,8.8, NAN,1009.5, NAN,0.0, NAN,102.0, NAN,224, NAN,7.0, NAN,64.7, NAN, 7.0, NAN, 248.4, NAN,1011.6,24.96,279.22,246.64,5.8693,6.6219,125.7,0.0,1440.842, NAN, NAN, NAN, NAN,,2024/03/31 22:48:33.008,2024-03-31 22:48:33.008000+00:00
2024/03/31, 22:49:33.008, 41.524, -70.672, -0.13,24.42,128.0, 0.000, NAN,8.8, NAN,1009.5, NAN,0.0, NAN,102.0, NAN,223, NAN,9.1, NAN,64.3, NAN, 9.1, NAN, 247.4, NAN,1011.6,22.91,279.64,226.74,5.8693,6.6164,125.4,0.0,1440.819, NAN, NAN, NAN, NAN,,2024/03/31 22:49:33.008,2024-03-31 22:49:33.008000+00:00
2024/03/31, 22:50:33.008, 41.524, -70.672, -0.13,24.47,231.49, 0.000, NAN,8.9, NAN,1009.5, NAN,0.0, NAN,102.0, NAN,223, NAN,7.5, NAN,63.7, NAN, 7.5, NAN, 247.5, NAN,1011.6,20.95,279.78,206.92,5.8693,6.6129,126.0,0.0,1440.804, NAN, NAN, NAN, NAN,,2024/03/31 22:50:33.008,2024-03-31 22:50:33.008000+00:00
2024/03/31, 22:51:33.008, 41.524, -70.672, -0.13,24.46,261.71, 0.000, NAN,8.9, NAN,1009.5, NAN,0.0, NAN,102.0, NAN,226, NAN,5.9, NAN,63.7, NAN, 5.9, NAN, 250.5, NAN,1011.6,19.47,279.53,191.67,5.8694,6.6117,126.0,0.0,1440.799, NAN, NAN, NAN, NAN,,2024/03/31 22:51:33.008,2024-03-31 22:51:33.008000+00:00
2024/03/31, 22:52:33.009, 41.524, -70.672, -0.13,24.51,301.55, 0.010, NAN,9.0, NAN,1009.5, NAN,0.0, NAN,102.0, NAN,220, NAN,6.5, NAN,63.5, NAN, 6.5, NAN, 244.5, NAN,1011.6,17.27,279.06,175.51,5.8694,6.6115,125.7,0.0,1440.798, NAN, NAN, NAN, NAN,,2024/03/31 22:52:33.009,2024-03-31 22:52:33.009000+00:00
2024/03/31, 22:53:33.009, 41.524, -70.672, -0.13,24.43,308.19, 0.000, NAN,9.0, NAN,1009.5, NAN,0.0, NAN,102.0, NAN,226, NAN,5.7, NAN,63.5, NAN, 5.7, NAN, 250.4, NAN,1011.6,15.54,278.97,161.86,5.8694,6.6141,126.0,0.0,1440.809, NAN, NAN, NAN, NAN,,2024/03/31 22:53:33.009,2024-03-31 22:53:33.009000+00:00
2024/03/31, 22:54:33.009, 41.524, -70.672, -0.13,24.45,74.68, 0.000, NAN,9.0, NAN,1009.5, NAN,0.0, NAN,102.0, NAN,227, NAN,7.3, NAN,63.3, NAN, 7.3, NAN, 251.4, NAN,1011.6,13.5,278.99,144.9,5.8694,6.6175,126.3,0.0,1440.824, NAN, NAN, NAN, NAN,,2024/03/31 22:54:33.009,2024-03-31 22:54:33.009000+00:00
2024/03/31, 22:55:33.009, 41.524, -70.672, -0.13,24.46,25.58, 0.010, NAN,8.9, NAN,1009.6, NAN,0.0, NAN,102.0, NAN,226, NAN,8.0, NAN,64.3, NAN, 8.0, NAN, 250.4, NAN,1011.7,11.4,278.83,131.94,5.8694,6.6193,126.0,0.0,1440.831, NAN, NAN, NAN, NAN,,2024/03/31 22:55:33.009,2024-03-31 22:55:33.009000+00:00
2024/03/31, 22:56:33.009, 41.524, -70.672, -0.13,24.44,33.12, 0.000, NAN,8.9, NAN,1009.6, NAN,0.0, NAN,102.0, NAN,223, NAN,7.4, NAN,64.8, NAN, 7.4, NAN, 247.4, NAN,1011.7,9.02,278.79,114.77,5.8695,6.6172,125.4,0.0,1440.822, NAN, NAN, NAN, NAN,,2024/03/31 22:56:33.009,2024-03-31 22:56:33.009000+00:00
2024/03/31, 22:57:33.009, 41.524, -70.672, -0.13,24.47,137.48, 0.010, NAN,8.8, NAN,1009.5, NAN,0.0, NAN,102.0, NAN,219, NAN,8.6, NAN,64.7, NAN, 8.6, NAN, 243.5, NAN,1011.6,7.93,278.86,102.94,5.8695,6.6188,126.0,0.0,1440.829, NAN, NAN, NAN, NAN,,2024/03/31 22:57:33.009,2024-03-31 22:57:33.009000+00:00
2024/03/31, 22:58:33.009, 41.524, -70.672, -0.13,24.47,136.22, 0.000, NAN,8.8, NAN,1009.6, NAN,0.0, NAN,102.0, NAN,225, NAN,8.1, NAN,64.7, NAN, 8.1, NAN, 249.5, NAN,1011.7,5.8,278.98,83.93,5.8696,6.6213,125.7,0.0,1440.84, NAN, NAN, NAN, NAN,,2024/03/31 22:58:33.009,2024-03-31 22:58:33.009000+00:00
2024/03/31, 22:59:33.009, 41.524, -70.672, -0.13,24.49,274.05, 0.010, NAN,8.8, NAN,1009.6, NAN,0.0, NAN,102.0, NAN,224, NAN,5.7, NAN,65.1, NAN, 5.7, NAN, 248.5, NAN,1011.7,4.67,278.49,73.53,5.8697,6.6193,126.3,0.0,1440.832, NAN, NAN, NAN, NAN,,2024/03/31 22:59:33.009,2024-03-31 22:59:33.009000+00:00
2024/03/31, 23:00:33.009, 41.524, -70.672, -0.13,24.43,108.08, 0.010, NAN,8.7, NAN,1009.7, NAN,0.0, NAN,102.0, NAN,225, NAN,9.1, NAN,65.5, NAN, 9.1, NAN, 249.4, NAN,1011.8,2.57,279.33,56.56,5.8697,6.6116,126.0,0.0,1440.799, NAN, NAN, NAN, NAN,,2024/03/31 23:00:33.009,2024-03-31 23:00:33.009000+00:00
2024/03/31, 23:01:33.009, 41.524, -70.672, -0.13,24.42,143.09, 0.010, NAN,8.7, NAN,1009.7, NAN,0.0, NAN,102.0, NAN,225, NAN,6.6, NAN,64.9, NAN, 6.6, NAN, 249.5, NAN,1011.8,1.06,278.84,45.63,5.8698,6.6061,125.7,0.0,1440.776, NAN, NAN, NAN, NAN,,2024/03/31 23:01:33.009,2024-03-31 23:01:33.009000+00:00
2024/03/31, 23:02:33.009, 41.524, -70.672, -0.13,24.48,212.18, 0.010, NAN,8.7, NAN,1009.7, NAN,0.0, NAN,102.0, NAN,224, NAN,6.4, NAN,65.5, NAN, 6.4, NAN, 248.4, NAN,1011.8,0.25,278.71,38.65,5.8699,6.6039,125.7,0.0,1440.767, NAN, NAN, NAN, NAN,,2024/03/31 23:02:33.009,2024-03-31 23:02:33.009000+00:00
2024/03/31, 23:03:33.009, 41.524, -70.672, -0.13,24.44,348.45, 0.000, NAN,8.7, NAN,1009.8, NAN,0.0, NAN,102.0, NAN,229, NAN,7.1, NAN,65.4, NAN, 7.1, NAN, 253.4, NAN,1011.9,-0.35,278.66,34.64,5.87,6.6028,125.7,0.0,1440.762, NAN, NAN, NAN, NAN,,2024/03/31 23:03:33.009,2024-03-31 23:03:33.009000+00:00
2024/03/31, 23:04:33.009, 41.524, -70.672, -0.13,24.44,324.04, 0.000, NAN,8.7, NAN,1009.8, NAN,0.0, NAN,102.0, NAN,231, NAN,6.4, NAN,66.1, NAN, 6.4, NAN, 255.4, NAN,1011.9,-1.0,278.21,30.99,5.8701,6.6004,126.3,0.0,1440.752, NAN, NAN, NAN, NAN,,2024/03/31 23:04:33.009,2024-03-31 23:04:33.009000+00:00
2024/03/31, 23:05:33.009, 41.524, -70.672, -0.13,24.45,121.07, 0.010, NAN,8.6, NAN,1009.8, NAN,0.0, NAN,102.0, NAN,234, NAN,8.0, NAN,66.5, NAN, 8.0, NAN, 258.5, NAN,1011.9,-1.76,278.73,27.68,5.8701,6.5969,126.0,0.0,1440.737, NAN, NAN, NAN, NAN,,2024/03/31 23:05:33.009,2024-03-31 23:05:33.009000+00:00
2024/03/31, 23:06:33.009, 41.524, -70.672, -0.13,24.49,286.44, 0.010, NAN,8.6, NAN,1009.8, NAN,0.0, NAN,102.0, NAN,228, NAN,6.9, NAN,66.8, NAN, 6.9, NAN, 252.4, NAN,1011.9,-2.26,278.5,24.68,5.8701,6.5924,126.0,0.0,1440.718, NAN, NAN, NAN, NAN,,2024/03/31 23:06:33.009,2024-03-31 23:06:33.009000+00:00
2024/03/31, 23:07:33.009, 41.524, -70.672, -0.13,24.49,319.61, 0.000, NAN,8.6, NAN,1009.8, NAN,0.0, NAN,102.0, NAN,231, NAN,5.4, NAN,66.4, NAN, 5.4, NAN, 255.5, NAN,1011.9,-2.65,278.38,21.55,5.8703,6.5886,126.0,0.0,1440.702, NAN, NAN, NAN, NAN,,2024/03/31 23:07:33.009,2024-03-31 23:07:33.009000+00:00
2024/03/31, 23:08:33.009, 41.524, -70.672, -0.13,24.49,300.49, 0.000, NAN,8.6, NAN,1009.8, NAN,0.0, NAN,102.0, NAN,224, NAN,7.1, NAN,66.8, NAN, 7.1, NAN, 248.5, NAN,1011.9,-3.1,278.32,19.09,5.8703,6.5864,126.0,0.7,1440.693, NAN, NAN, NAN, NAN,,2024/03/31 23:08:33.009,2024-03-31 23:08:33.009000+00:00
2024/03/31, 23:09:33.010, 41.524, -70.672, 0.00,24.44,333.24, 0.000, NAN,8.6, NAN,1009.8, NAN,0.0, NAN,102.0, NAN,226, NAN,5.0, NAN,66.9, NAN, 5.0, NAN, 250.4, NAN,1011.9,-3.34,278.11,16.85,5.8704,6.587,125.7,0.2,1440.695, NAN, NAN, NAN, NAN,,2024/03/31 23:09:33.010,2024-03-31 23:09:33.010000+00:00
2024/03/31, 23:10:33.010, 41.524, -70.672, 0.00,24.46,338.16, 0.010, NAN,8.5, NAN,1009.8, NAN,0.0, NAN,102.0, NAN,227, NAN,8.2, NAN,67.5, NAN, 8.2, NAN, 251.4, NAN,1011.9,-3.88,278.39,14.8,5.8704,6.5881,126.0,0.0,1440.7, NAN, NAN, NAN, NAN,,2024/03/31 23:10:33.010,2024-03-31 23:10:33.010000+00:00
2024/03/31, 23:11:33.010, 41.524, -70.672, 0.00,24.44,278.57, 0.010, NAN,8.5, NAN,1009.8, NAN,0.0, NAN,102.0, NAN,227, NAN,9.1, NAN,67.9, NAN, 9.1, NAN, 251.4, NAN,1011.9,-4.08,278.28,12.97,5.8705,6.589,126.0,0.0,1440.704, NAN, NAN, NAN, NAN,,2024/03/31 23:11:33.010,2024-03-31 23:11:33.010000+00:00
2024/03/31, 23:12:33.010, 41.524, -70.672, 0.00,24.41,86.06, 0.010, NAN,8.5, NAN,1009.8, NAN,0.0, NAN,102.0, NAN,227, NAN,8.8, NAN,68.0, NAN, 8.8, NAN, 251.4, NAN,1011.9,-4.37,278.44,11.05,5.8705,6.5891,125.7,0.0,1440.704, NAN, NAN, NAN, NAN,,2024/03/31 23:12:33.010,2024-03-31 23:12:33.010000+00:00
2024/03/31, 23:13:33.010, 41.524, -70.672, 0.00,24.43,313.87, 0.010, NAN,8.4, NAN,1009.9, NAN,0.0, NAN,102.0, NAN,226, NAN,7.5, NAN,68.3, NAN, 7.5, NAN, 250.4, NAN,1012.0,-4.42,278.13,9.6,5.8705,6.5902,126.0,0.0,1440.709, NAN, NAN, NAN, NAN,,2024/03/31 23:13:33.010,2024-03-31 23:13:33.010000+00:00
2024/03/31, 23:14:33.010, 41.524, -70.672, 0.00,24.43,359.17, 0.010, NAN,8.4, NAN,1009.9, NAN,0.0, NAN,102.0, NAN,225, NAN,8.2, NAN,68.7, NAN, 8.2, NAN, 249.4, NAN,1012.0,-4.66,278.6,8.31,5.8706,6.5918,125.7,0.0,1440.716, NAN, NAN, NAN, NAN,,2024/03/31 23:14:33.010,2024-03-31 23:14:33.010000+00:00
2024/03/31, 23:15:33.010, 41.524, -70.672, 0.00,24.46,300.25, 0.000, NAN,8.4, NAN,1009.9, NAN,0.0, NAN,102.0, NAN,228, NAN,7.9, NAN,68.7, NAN, 7.9, NAN, 252.5, NAN,1012.0,-4.98,279.03,7.16,5.8706,6.5941,125.7,0.0,1440.726, NAN, NAN, NAN, NAN,,2024/03/31 23:15:33.010,2024-03-31 23:15:33.010000+00:00
2024/03/31, 23:16:33.010, 41.524, -70.672, 0.00,24.42,128.17, 0.000, NAN,8.4, NAN,1009.9, NAN,0.0, NAN,102.0, NAN,228, NAN,7.3, NAN,68.9, NAN, 7.3, NAN, 252.4, NAN,1012.0,-5.27,278.78,5.99,5.8707,6.5962,126.0,0.0,1440.735, NAN, NAN, NAN, NAN,,2024/03/31 23:16:33.010,2024-03-31 23:16:33.010000+00:00
2024/03/31, 23:17:33.010, 41.524, -70.672, 0.00,24.44,163.54, 0.010, NAN,8.4, NAN,1010.0, NAN,0.0, NAN,102.0, NAN,232, NAN,6.7, NAN,69.0, NAN, 6.7, NAN, 256.5, NAN,1012.1,-5.3,278.41,5.11,5.8706,6.5988,126.3,0.0,1440.746, NAN, NAN, NAN, NAN,,2024/03/31 23:17:33.010,2024-03-31 23:17:33.010000+00:00
2024/03/31, 23:18:33.010, 41.524, -70.672, 0.00,24.44,228.71, 0.000, NAN,8.4, NAN,1009.9, NAN,0.0, NAN,102.0, NAN,230, NAN,6.8, NAN,69.0, NAN, 6.8, NAN, 254.4, NAN,1012.0,-5.37,278.64,4.35,5.8706,6.6005,125.7,0.0,1440.753, NAN, NAN, NAN, NAN,,2024/03/31 23:18:33.010,2024-03-31 23:18:33.010000+00:00
2024/03/31, 23:19:33.010, 41.524, -70.672, 0.00,24.46,281.07, 0.010, NAN,8.4, NAN,1009.9, NAN,0.0, NAN,102.0, NAN,224, NAN,6.2, NAN,69.0, NAN, 6.2, NAN, 248.4, NAN,1012.0,-5.44,278.6,3.68,5.8707,6.6007,125.4,0.0,1440.754, NAN, NAN, NAN, NAN,,2024/03/31 23:19:33.010,2024-03-31 23:19:33.010000+00:00
2024/03/31, 23:20:33.010, 41.524, -70.672, 0.00,24.49,2.35, 0.010, NAN,8.4, NAN,1010.0, NAN,0.0, NAN,102.0, NAN,229, NAN,7.5, NAN,69.0, NAN, 7.5, NAN, 253.5, NAN,1012.1,-5.61,278.65,3.09,5.8707,6.6053,126.0,0.0,1440.773, NAN, NAN, NAN, NAN,,2024/03/31 23:20:33.010,2024-03-31 23:20:33.010000+00:00
2024/03/31, 23:21:33.010, 41.524, -70.672, 0.00,24.44,162.97, 0.000, NAN,8.3, NAN,1010.0, NAN,0.0, NAN,102.0, NAN,225, NAN,7.7, NAN,68.9, NAN, 7.7, NAN, 249.4, NAN,1012.1,-5.75,278.71,2.52,5.8707,6.6104,126.0,0.0,1440.795, NAN, NAN, NAN, NAN,,2024/03/31 23:21:33.010,2024-03-31 23:21:33.010000+00:00
2024/03/31, 23:22:33.010, 41.524, -70.672, 0.00,24.45,248.69, 0.010, NAN,8.4, NAN,1010.0, NAN,0.0, NAN,102.0, NAN,222, NAN,8.7, NAN,69.3, NAN, 8.7, NAN, 246.4, NAN,1012.1,-5.84,278.72,2.09,5.8707,6.6133,126.0,0.0,1440.807, NAN, NAN, NAN, NAN,,2024/03/31 23:22:33.010,2024-03-31 23:22:33.010000+00:00
2024/03/31, 23:23:33.010, 41.524, -70.672, 0.00,24.46,291.09, 0.010, NAN,8.4, NAN,1010.0, NAN,0.0, NAN,102.0, NAN,226, NAN,8.1, NAN,69.2, NAN, 8.1, NAN, 250.4, NAN,1012.1,-5.82,278.44,1.75,5.8707,6.6011,125.4,0.0,1440.756, NAN, NAN, NAN, NAN,,2024/03/31 23:23:33.010,2024-03-31 23:23:33.010000+00:00
2024/03/31, 23:24:33.010, 41.524, -70.672, 0.00,24.45,150.46, 0.000, NAN,8.3, NAN,1010.0, NAN,0.0, NAN,102.0, NAN,231, NAN,6.9, NAN,69.7, NAN, 6.9, NAN, 255.4, NAN,1012.1,-6.04,278.26,1.45,5.8707,6.5857,125.7,0.0,1440.69, NAN, NAN, NAN, NAN,,2024/03/31 23:24:33.010,2024-03-31 23:24:33.010000+00:00
2024/03/31, 23:25:33.010, 41.524, -70.672, 0.00,24.46,314.34, 0.010, NAN,8.3, NAN,1010.0, NAN,0.0, NAN,102.0, NAN,226, NAN,7.8, NAN,70.1, NAN, 7.8, NAN, 250.4, NAN,1012.1,-5.96,278.66,1.18,5.8707,6.5704,125.7,0.0,1440.625, NAN, NAN, NAN, NAN,,2024/03/31 23:25:33.010,2024-03-31 23:25:33.010000+00:00
2024/03/31, 23:26:33.010, 41.524, -70.672, 0.00,24.46,39.67, 0.010, NAN,8.3, NAN,1010.0, NAN,0.0, NAN,102.0, NAN,231, NAN,6.8, NAN,70.1, NAN, 6.8, NAN, 255.5, NAN,1012.1,-6.16,278.27,0.92,5.8707,6.568,125.7,0.0,1440.615, NAN, NAN, NAN, NAN,,2024/03/31 23:26:33.010,2024-03-31 23:26:33.010000+00:00
2024/03/31, 23:27:33.011, 41.524, -70.672, 0.00,24.44,74.03, 0.000, NAN,8.2, NAN,1010.0, NAN,0.0, NAN,102.0, NAN,226, NAN,6.8, NAN,70.5, NAN, 6.8, NAN, 250.4, NAN,1012.1,-6.1,278.49,0.76,5.8707,6.5665,125.7,0.0,1440.609, NAN, NAN, NAN, NAN,,2024/03/31 23:27:33.011,2024-03-31 23:27:33.011000+00:00
2024/03/31, 23:28:33.011, 41.524, -70.672, 0.00,24.44,130.39, 0.010, NAN,8.2, NAN,1010.0, NAN,0.0, NAN,102.0, NAN,228, NAN,7.8, NAN,70.5, NAN, 7.8, NAN, 252.5, NAN,1012.1,-6.19,278.39,0.62,5.8706,6.5674,126.0,0.0,1440.612, NAN, NAN, NAN, NAN,,2024/03/31 23:28:33.011,2024-03-31 23:28:33.011000+00:00
2024/03/31, 23:29:33.011, 41.524, -70.672, 0.00,24.51,297.22, 0.010, NAN,8.2, NAN,1010.1, NAN,0.0, NAN,102.0, NAN,233, NAN,6.2, NAN,70.6, NAN, 6.2, NAN, 257.5, NAN,1012.2,-6.2,278.43,0.51,5.8707,6.5706,126.0,0.0,1440.626, NAN, NAN, NAN, NAN,,2024/03/31 23:29:33.011,2024-03-31 23:29:33.011000+00:00
2024/03/31, 23:30:33.011, 41.524, -70.672, 0.00,24.51,352.52, 0.000, NAN,8.2, NAN,1010.0, NAN,0.0, NAN,102.0, NAN,226, NAN,8.1, NAN,70.9, NAN, 8.1, NAN, 250.5, NAN,1012.1,-6.26,278.66,0.41,5.8706,6.5746,126.3,0.0,1440.643, NAN, NAN, NAN, NAN,,2024/03/31 23:30:33.011,2024-03-31 23:30:33.011000+00:00
2024/03/31, 23:31:33.011, 41.524, -70.672, 0.00,24.48,149.56, 0.000, NAN,8.2, NAN,1010.1, NAN,0.0, NAN,102.0, NAN,231, NAN,8.5, NAN,70.7, NAN, 8.5, NAN, 255.5, NAN,1012.2,-6.25,278.43,0.31,5.8706,6.58,125.7,0.0,1440.666, NAN, NAN, NAN, NAN,,2024/03/31 23:31:33.011,2024-03-31 23:31:33.011000+00:00
2024/03/31, 23:32:33.011, 41.524, -70.672, 0.00,24.52,196.83, 0.000, NAN,8.2, NAN,1010.1, NAN,0.0, NAN,102.0, NAN,229, NAN,7.0, NAN,70.5, NAN, 7.0, NAN, 253.5, NAN,1012.2,-6.13,278.36,0.26,5.8707,6.5869,125.7,0.0,1440.695, NAN, NAN, NAN, NAN,,2024/03/31 23:32:33.011,2024-03-31 23:32:33.011000+00:00
2024/03/31, 23:33:33.011, 41.524, -70.672, 0.00,24.49,319.83, 0.010, NAN,8.2, NAN,1010.1, NAN,0.0, NAN,102.0, NAN,226, NAN,8.9, NAN,70.8, NAN, 8.9, NAN, 250.5, NAN,1012.2,-6.11,278.19,0.21,5.8706,6.5936,125.7,0.0,1440.724, NAN, NAN, NAN, NAN,,2024/03/31 23:33:33.011,2024-03-31 23:33:33.011000+00:00
2024/03/31, 23:34:33.011, 41.524, -70.672, 0.00,24.45,30.71, 0.000, NAN,8.2, NAN,1010.1, NAN,0.0, NAN,102.0, NAN,231, NAN,7.1, NAN,70.3, NAN, 7.1, NAN, 255.4, NAN,1012.2,-6.06,278.03,0.17,5.8706,6.6016,125.7,0.0,1440.758, NAN, NAN, NAN, NAN,,2024/03/31 23:34:33.011,2024-03-31 23:34:33.011000+00:00
2024/03/31, 23:35:33.011, 41.524, -70.672, 0.00,24.44,91.98, 0.000, NAN,8.2, NAN,1010.1, NAN,0.0, NAN,102.0, NAN,224, NAN,7.8, NAN,70.3, NAN, 7.8, NAN, 248.4, NAN,1012.2,-5.97,277.88,0.13,5.8706,6.6088,126.0,0.0,1440.788, NAN, NAN, NAN, NAN,,2024/03/31 23:35:33.011,2024-03-31 23:35:33.011000+00:00
2024/03/31, 23:36:33.011, 41.524, -70.672, 0.00,24.45,82.44, 0.010, NAN,8.2, NAN,1010.2, NAN,0.0, NAN,102.0, NAN,226, NAN,7.3, NAN,70.5, NAN, 7.3, NAN, 250.4, NAN,1012.3,-6.12,277.91,0.1,5.8705,6.6147,125.7,0.0,1440.813, NAN, NAN, NAN, NAN,,2024/03/31 23:36:33.011,2024-03-31 23:36:33.011000+00:00
2024/03/31, 23:37:33.011, 41.524, -70.672, 0.00,24.49,244.99, 0.010, NAN,8.2, NAN,1010.2, NAN,0.0, NAN,102.0, NAN,227, NAN,7.0, NAN,70.3, NAN, 7.0, NAN, 251.5, NAN,1012.3,-6.08,277.7,0.07,5.8705,6.6191,125.7,0.0,1440.832, NAN, NAN, NAN, NAN,,2024/03/31 23:37:33.011,2024-03-31 23:37:33.011000+00:00
2024/03/31, 23:38:33.011, 41.524, -70.672, 0.00,24.46,238.55, 0.000, NAN,8.2, NAN,1010.2, NAN,0.0, NAN,102.0, NAN,226, NAN,6.9, NAN,70.5, NAN, 6.9, NAN, 250.5, NAN,1012.3,-6.1,277.9,0.05,5.8706,6.6221,125.7,0.0,1440.845, NAN, NAN, NAN, NAN,,2024/03/31 23:38:33.011,2024-03-31 23:38:33.011000+00:00
2024/03/31, 23:39:33.011, 41.524, -70.672, 0.00,24.45,277.89, 0.010, NAN,8.2, NAN,1010.1, NAN,0.0, NAN,102.0, NAN,230, NAN,5.9, NAN,70.4, NAN, 5.9, NAN, 254.5, NAN,1012.2,-6.02,278.1,0.03,5.8705,6.6235,125.7,0.0,1440.85, NAN, NAN, NAN, NAN,,2024/03/31 23:39:33.011,2024-03-31 23:39:33.011000+00:00
2024/03/31, 23:40:33.011, 41.524, -70.672, 0.00,24.49,204.35, 0.010, NAN,8.2, NAN,1010.1, NAN,0.0, NAN,102.0, NAN,232, NAN,5.5, NAN,70.4, NAN, 5.5, NAN, 256.5, NAN,1012.2,-6.07,277.78,0.03,5.8706,6.6227,126.0,0.0,1440.847, NAN, NAN, NAN, NAN,,2024/03/31 23:40:33.011,2024-03-31 23:40:33.011000+00:00
2024/03/31, 23:41:33.011, 41.524, -70.672, 0.00,24.49,161.98, 0.000, NAN,8.2, NAN,1010.2, NAN,0.0, NAN,102.0, NAN,227, NAN,6.4, NAN,70.7, NAN, 6.4, NAN, 251.5, NAN,1012.3,-6.11,277.64,0.02,5.8706,6.6218,125.7,0.0,1440.843, NAN, NAN, NAN, NAN,,2024/03/31 23:41:33.011,2024-03-31 23:41:33.011000+00:00
2024/03/31, 23:42:33.012, 41.524, -70.672, 0.00,24.49,254.7, 0.010, NAN,8.2, NAN,1010.2, NAN,0.0, NAN,102.0, NAN,231, NAN,7.3, NAN,71.0, NAN, 7.3, NAN, 255.5, NAN,1012.3,-6.22,277.95,0.01,5.8706,6.6209,125.7,0.0,1440.84, NAN, NAN, NAN, NAN,,2024/03/31 23:42:33.012,2024-03-31 23:42:33.012000+00:00
2024/03/31, 23:43:33.012, 41.524, -70.672, 0.00,24.46,144.05, 0.010, NAN,8.2, NAN,1010.2, NAN,0.0, NAN,102.0, NAN,236, NAN,6.0, NAN,70.9, NAN, 6.0, NAN, 260.5, NAN,1012.3,-6.26,277.63,-0.0,5.8706,6.6171,125.7,0.0,1440.823, NAN, NAN, NAN, NAN,,2024/03/31 23:43:33.012,2024-03-31 23:43:33.012000+00:00
2024/03/31, 23:44:33.012, 41.524, -70.672, 0.00,24.51,149.01, 0.000, NAN,8.2, NAN,1010.2, NAN,0.0, NAN,102.0, NAN,229, NAN,8.0, NAN,71.3, NAN, 8.0, NAN, 253.5, NAN,1012.3,-6.21,277.94,-0.01,5.8705,6.5971,126.0,0.0,1440.738, NAN, NAN, NAN, NAN,,2024/03/31 23:44:33.012,2024-03-31 23:44:33.012000+00:00
2024/03/31, 23:45:33.012, 41.524, -70.672, 0.00,24.49,222.47, 0.000, NAN,8.1, NAN,1010.2, NAN,0.0, NAN,102.0, NAN,229, NAN,8.1, NAN,71.6, NAN, 8.1, NAN, 253.5, NAN,1012.3,-6.15,278.26,-0.01,5.8705,6.576,125.7,0.0,1440.649, NAN, NAN, NAN, NAN,,2024/03/31 23:45:33.012,2024-03-31 23:45:33.012000+00:00
2024/03/31, 23:46:33.012, 41.524, -70.672, 0.00,24.49,185.82, 0.000, NAN,8.1, NAN,1010.2, NAN,0.0, NAN,102.0, NAN,229, NAN,7.1, NAN,71.3, NAN, 7.1, NAN, 253.5, NAN,1012.3,-6.21,277.66,-0.02,5.8704,6.5596,125.7,0.0,1440.579, NAN, NAN, NAN, NAN,,2024/03/31 23:46:33.012,2024-03-31 23:46:33.012000+00:00
2024/03/31, 23:47:33.012, 41.524, -70.672, 0.00,24.48,95.04, 0.010, NAN,8.1, NAN,1010.2, NAN,0.0, NAN,102.0, NAN,232, NAN,7.1, NAN,71.9, NAN, 7.1, NAN, 256.5, NAN,1012.3,-6.25,277.59,-0.01,5.8706,6.5403,126.0,0.0,1440.497, NAN, NAN, NAN, NAN,,2024/03/31 23:47:33.012,2024-03-31 23:47:33.012000+00:00
2024/03/31, 23:48:33.012, 41.524, -70.672, 0.00,24.45,340.0, 0.000, NAN,8.1, NAN,1010.2, NAN,0.0, NAN,102.0, NAN,236, NAN,5.6, NAN,71.9, NAN, 5.6, NAN, 260.4, NAN,1012.3,-6.22,277.52,-0.01,5.8706,6.5202,126.0,0.0,1440.412, NAN, NAN, NAN, NAN,,2024/03/31 23:48:33.012,2024-03-31 23:48:33.012000+00:00
2024/03/31, 23:49:33.012, 41.524, -70.672, 0.00,24.49,182.89, 0.000, NAN,8.1, NAN,1010.2, NAN,0.0, NAN,102.0, NAN,234, NAN,7.0, NAN,72.3, NAN, 7.0, NAN, 258.5, NAN,1012.3,-6.26,277.62,-0.02,5.8707,6.5036,125.7,0.0,1440.341, NAN, NAN, NAN, NAN,,2024/03/31 23:49:33.012,2024-03-31 23:49:33.012000+00:00
2024/03/31, 23:50:33.012, 41.524, -70.672, 0.00,24.49,351.07, 0.010, NAN,8.0, NAN,1010.3, NAN,0.0, NAN,102.0, NAN,234, NAN,7.4, NAN,72.7, NAN, 7.4, NAN, 258.5, NAN,1012.4,-6.27,278.2,-0.01,5.8709,6.4849,125.7,0.0,1440.262, NAN, NAN, NAN, NAN,,2024/03/31 23:50:33.012,2024-03-31 23:50:33.012000+00:00
2024/03/31, 23:51:33.012, 41.524, -70.672, 0.00,24.47,120.05, 0.010, NAN,8.0, NAN,1010.3, NAN,0.0, NAN,102.0, NAN,235, NAN,5.0, NAN,72.3, NAN, 5.0, NAN, 259.4, NAN,1012.4,-6.23,278.49,-0.01,5.8709,6.4684,125.7,0.0,1440.192, NAN, NAN, NAN, NAN,,2024/03/31 23:51:33.012,2024-03-31 23:51:33.012000+00:00
2024/03/31, 23:52:33.012, 41.524, -70.672, 0.02,24.44,143.1, 0.010, NAN,8.0, NAN,1010.3, NAN,0.0, NAN,102.0, NAN,231, NAN,5.0, NAN,72.3, NAN, 5.0, NAN, 255.5, NAN,1012.4,-6.28,278.29,-0.01,5.871,6.4563,125.7,0.0,1440.14, NAN, NAN, NAN, NAN,,2024/03/31 23:52:33.012,2024-03-31 23:52:33.012000+00:00
2024/03/31, 23:53:33.012, 41.524, -70.672, 0.06,24.47,245.57, 0.000, NAN,8.1, NAN,1010.3, NAN,0.0, NAN,102.0, NAN,240, NAN,5.5, NAN,71.6, NAN, 5.5, NAN, 264.5, NAN,1012.4,-6.24,278.59,-0.03,5.8711,6.4433,126.0,0.0,1440.085, NAN, NAN, NAN, NAN,,2024/03/31 23:53:33.012,2024-03-31 23:53:33.012000+00:00
2024/03/31, 23:54:33.012, 41.524, -70.672, 0.09,24.58,145.16, 0.010, NAN,8.1, NAN,1010.3, NAN,0.0, NAN,102.0, NAN,236, NAN,5.9, NAN,71.2, NAN, 5.9, NAN, 260.6, NAN,1012.4,-6.28,278.58,-0.03,5.8713,6.4311,125.7,0.0,1440.033, NAN, NAN, NAN, NAN,,2024/03/31 23:54:33.012,2024-03-31 23:54:33.012000+00:00
2024/03/31, 23:55:33.012, 41.524, -70.672, -0.16,24.46,49.99, 0.010, NAN,8.2, NAN,1010.4, NAN,0.0, NAN,102.0, NAN,237, NAN,4.7, NAN,70.6, NAN, 4.7, NAN, 261.4, NAN,1012.5,-6.31,277.99,-0.03,5.8714,6.4165,125.1,0.0,1439.971, NAN, NAN, NAN, NAN,,2024/03/31 23:55:33.012,2024-03-31 23:55:33.012000+00:00
2024/03/31, 23:56:33.012, 41.524, -70.672, -0.06,24.47,234.07, 0.000, NAN,8.2, NAN,1010.4, NAN,0.0, NAN,102.0, NAN,229, NAN,5.3, NAN,71.1, NAN, 5.3, NAN, 253.5, NAN,1012.5,-6.31,277.88,-0.04,5.8715,6.4021,126.0,0.0,1439.91, NAN, NAN, NAN, NAN,,2024/03/31 23:56:33.012,2024-03-31 23:56:33.012000+00:00
2024/03/31, 23:57:33.012, 41.524, -70.672, 0.07,24.47,148.39, 0.000, NAN,8.2, NAN,1010.4, NAN,0.0, NAN,102.0, NAN,235, NAN,5.5, NAN,70.9, NAN, 5.5, NAN, 259.5, NAN,1012.5,-6.2,277.74,-0.02,5.8716,6.3883,126.0,0.0,1439.851, NAN, NAN, NAN, NAN,,2024/03/31 23:57:33.012,2024-03-31 23:57:33.012000+00:00
2024/03/31, 23:58:33.013, 41.524, -70.672, 0.09,24.48,157.57, 0.010, NAN,8.2, NAN,1010.4, NAN,0.0, NAN,102.0, NAN,240, NAN,4.7, NAN,71.1, NAN, 4.7, NAN, 264.4, NAN,1012.5,-6.29,277.27,-0.03,5.8718,6.3766,125.7,0.0,1439.801, NAN, NAN, NAN, NAN,,2024/03/31 23:58:33.013,2024-03-31 23:58:33.013000+00:00
2024/03/31, 23:59:33.013, 41.524, -70.672, 0.09,24.47,347.86, 0.000, NAN,8.2, NAN,1010.5, NAN,0.0, NAN,102.0, NAN,239, NAN,4.6, NAN,71.6, NAN, 4.6, NAN, 263.5, NAN,1012.6,-6.32,277.22,-0.03,5.8719,6.3725,125.7,0.0,1439.784, NAN, NAN, NAN, NAN,,2024/03/31 23:59:33.013,2024-03-31 23:59:33.013000+00:00
2024/03/30, 00:00:32.837,41.524,-70.672,0.07,25.62,103.99,0.01, NAN,9.3, NAN,997.0, NAN,0.0, NAN,102.0, NAN,271, NAN,9.4, NAN,39.8, NAN,9.4, NAN,296.6, NAN,999.1,-6.17,283.94,-0.01,5.8578,5.795,126.3,0.0,1437.283, NAN, NAN, NAN, NAN,,2024/03/30 00:00:32.837,2024-03-30 00:00:32.837000+00:00
2024/03/30, 00:01:32.837,41.524,-70.672,0.08,25.63,55.19,0.01, NAN,9.3, NAN,997.0, NAN,0.0, NAN,102.0, NAN,270, NAN,11.0, NAN,42.3, NAN,11.0, NAN,295.6, NAN,999.1,-6.18,283.39,-0.02,5.8577,5.7926,126.6,0.0,1437.273, NAN, NAN, NAN, NAN,,2024/03/30 00:01:32.837,2024-03-30 00:01:32.837000+00:00
2024/03/30, 00:02:32.837,41.524,-70.672,0.14,25.47,192.66,0.01, NAN,9.3, NAN,997.0, NAN,0.0, NAN,102.0, NAN,265, NAN,9.4, NAN,42.0, NAN,9.4, NAN,290.5, NAN,999.1,-6.18,282.71,-0.02,5.8577,5.7906,126.9,0.0,1437.264, NAN, NAN, NAN, NAN,,2024/03/30 00:02:32.837,2024-03-30 00:02:32.837000+00:00
2024/03/30, 00:03:32.837,41.524,-70.672,0.2,25.52,211.83,0.0, NAN,9.2, NAN,997.0, NAN,0.0, NAN,102.0, NAN,265, NAN,10.1, NAN,43.4, NAN,10.1, NAN,290.5, NAN,999.1,-6.25,282.37,-0.02,5.8577,5.7878,126.6,0.0,1437.252, NAN, NAN, NAN, NAN,,2024/03/30 00:03:32.837,2024-03-30 00:03:32.837000+00:00
2024/03/30, 00:04:32.837,41.524,-70.672,0.03,25.7,34.7,0.01, NAN,9.2, NAN,997.1, NAN,0.0, NAN,102.0, NAN,260, NAN,9.8, NAN,43.4, NAN,9.8, NAN,285.7, NAN,999.2,-6.31,281.98,-0.02,5.8576,5.7848,126.6,0.0,1437.239, NAN, NAN, NAN, NAN,,2024/03/30 00:04:32.837,2024-03-30 00:04:32.837000+00:00
2024/03/30, 00:05:32.837,41.524,-70.672,0.16,25.51,263.58,0.02, NAN,9.2, NAN,997.1, NAN,0.0, NAN,102.0, NAN,263, NAN,10.0, NAN,42.6, NAN,10.0, NAN,288.5, NAN,999.2,-6.32,281.22,-0.02,5.8577,5.7847,126.6,0.0,1437.239, NAN, NAN, NAN, NAN,,2024/03/30 00:05:32.837,2024-03-30 00:05:32.837000+00:00
2024/03/30, 00:06:32.837,41.524,-70.672,0.04,25.52,300.66,0.01, NAN,9.2, NAN,997.1, NAN,0.0, NAN,102.0, NAN,267, NAN,8.6, NAN,43.6, NAN,8.6, NAN,292.5, NAN,999.2,-6.28,280.41,-0.02,5.8578,5.7838,126.6,0.0,1437.235, NAN, NAN, NAN, NAN,,2024/03/30 00:06:32.837,2024-03-30 00:06:32.837000+00:00
2024/03/30, 00:07:32.837,41.524,-70.672,0.06,25.51,99.76,0.02, NAN,9.1, NAN,997.2, NAN,0.0, NAN,102.0, NAN,264, NAN,10.4, NAN,45.1, NAN,10.4, NAN,289.5, NAN,999.3,-6.37,280.88,-0.02,5.8578,5.7812,126.3,0.0,1437.224, NAN, NAN, NAN, NAN,,2024/03/30 00:07:32.837,2024-03-30 00:07:32.837000+00:00
2024/03/30, 00:08:32.837,41.524,-70.672,0.05,25.53,293.24,0.01, NAN,9.1, NAN,997.2, NAN,0.0, NAN,102.0, NAN,281, NAN,9.0, NAN,44.6, NAN,9.0, NAN,306.5, NAN,999.3,-6.38,279.98,-0.02,5.8578,5.7802,127.2,0.0,1437.219, NAN, NAN, NAN, NAN,,2024/03/30 00:08:32.837,2024-03-30 00:08:32.837000+00:00
2024/03/30, 00:09:32.837,41.524,-70.672,-0.17,25.45,183.27,0.01, NAN,9.0, NAN,997.2, NAN,0.0, NAN,102.0, NAN,265, NAN,9.8, NAN,45.2, NAN,9.8, NAN,290.4, NAN,999.3,-6.41,279.77,-0.02,5.8577,5.7796,126.3,0.0,1437.217, NAN, NAN, NAN, NAN,,2024/03/30 00:09:32.837,2024-03-30 00:09:32.837000+00:00
2024/03/30, 00:10:32.837,41.524,-70.672,0.13,25.5,32.02,0.02, NAN,9.0, NAN,997.2, NAN,0.0, NAN,102.0, NAN,266, NAN,9.8, NAN,45.1, NAN,9.8, NAN,291.5, NAN,999.3,-6.39,279.9,-0.02,5.8577,5.7785,126.6,0.0,1437.212, NAN, NAN, NAN, NAN,,2024/03/30 00:10:32.837,2024-03-30 00:10:32.837000+00:00
2024/03/30, 00:11:32.837,41.524,-70.672,0.08,25.49,156.75,0.01, NAN,9.0, NAN,997.2, NAN,0.0, NAN,102.0, NAN,270, NAN,8.9, NAN,45.0, NAN,8.9, NAN,295.5, NAN,999.3,-6.36,279.41,-0.01,5.8578,5.7775,126.6,0.0,1437.208, NAN, NAN, NAN, NAN,,2024/03/30 00:11:32.837,2024-03-30 00:11:32.837000+00:00
2024/03/30, 00:12:32.837,41.524,-70.672,0.23,25.56,328.2,0.01, NAN,9.1, NAN,997.1, NAN,0.0, NAN,102.0, NAN,271, NAN,10.1, NAN,43.7, NAN,10.1, NAN,296.6, NAN,999.2,-6.24,279.44,-0.02,5.8578,5.7772,126.6,0.0,1437.206, NAN, NAN, NAN, NAN,,2024/03/30 00:12:32.837,2024-03-30 00:12:32.837000+00:00
2024/03/30, 00:13:32.837,41.524,-70.672,0.09,25.41,288.33,0.01, NAN,9.1, NAN,997.2, NAN,0.0, NAN,102.0, NAN,269, NAN,10.3, NAN,43.3, NAN,10.3, NAN,294.4, NAN,999.3,-6.25,279.08,-0.02,5.8578,5.7766,126.9,0.0,1437.204, NAN, NAN, NAN, NAN,,2024/03/30 00:13:32.837,2024-03-30 00:13:32.837000+00:00
2024/03/30, 00:14:32.838,41.524,-70.672,0.03,25.44,329.86,0.01, NAN,9.1, NAN,997.3, NAN,0.0, NAN,102.0, NAN,280, NAN,9.3, NAN,44.0, NAN,9.3, NAN,305.4, NAN,999.4,-6.24,278.95,-0.02,5.8578,5.7755,126.6,0.0,1437.199, NAN, NAN, NAN, NAN,,2024/03/30 00:14:32.838,2024-03-30 00:14:32.838000+00:00
2024/03/30, 00:15:32.838,41.524,-70.672,0.11,25.55,265.31,0.0, NAN,9.1, NAN,997.3, NAN,0.0, NAN,102.0, NAN,269, NAN,10.3, NAN,43.4, NAN,10.3, NAN,294.6, NAN,999.4,-6.21,278.33,-0.02,5.8578,5.7748,126.6,0.0,1437.196, NAN, NAN, NAN, NAN,,2024/03/30 00:15:32.838,2024-03-30 00:15:32.838000+00:00
2024/03/30, 00:16:32.838,41.524,-70.672,0.04,25.5,132.81,0.02, NAN,9.1, NAN,997.3, NAN,0.0, NAN,102.0, NAN,271, NAN,10.5, NAN,43.5, NAN,10.5, NAN,296.5, NAN,999.4,-6.35,278.23,-0.03,5.8578,5.7733,126.6,0.0,1437.189, NAN, NAN, NAN, NAN,,2024/03/30 00:16:32.838,2024-03-30 00:16:32.838000+00:00
2024/03/30, 00:17:32.838,41.524,-70.672,0.15,25.45,150.16,0.02, NAN,9.1, NAN,997.3, NAN,0.0, NAN,102.0, NAN,270, NAN,10.6, NAN,43.8, NAN,10.6, NAN,295.5, NAN,999.4,-6.29,278.19,-0.02,5.8578,5.7731,127.2,0.0,1437.189, NAN, NAN, NAN, NAN,,2024/03/30 00:17:32.838,2024-03-30 00:17:32.838000+00:00
2024/03/30, 00:18:32.838,41.524,-70.672,0.09,25.43,125.39,0.02, NAN,9.1, NAN,997.4, NAN,0.0, NAN,102.0, NAN,270, NAN,10.4, NAN,44.9, NAN,10.4, NAN,295.4, NAN,999.5,-6.29,278.46,-0.01,5.8578,5.7726,126.9,0.0,1437.186, NAN, NAN, NAN, NAN,,2024/03/30 00:18:32.838,2024-03-30 00:18:32.838000+00:00
2024/03/30, 00:19:32.838,41.524,-70.672,0.18,25.64,101.32,0.01, NAN,9.1, NAN,997.3, NAN,0.0, NAN,102.0, NAN,275, NAN,12.4, NAN,42.0, NAN,12.4, NAN,300.6, NAN,999.4,-6.32,279.38,-0.02,5.8578,5.7729,126.0,0.0,1437.188, NAN, NAN, NAN, NAN,,2024/03/30 00:19:32.838,2024-03-30 00:19:32.838000+00:00
2024/03/30, 00:20:32.838,41.524,-70.672,0.13,25.44,126.69,0.01, NAN,9.2, NAN,997.3, NAN,0.0, NAN,102.0, NAN,272, NAN,10.7, NAN,39.6, NAN,10.7, NAN,297.4, NAN,999.4,-6.09,278.67,-0.03,5.8579,5.7734,126.6,0.0,1437.19, NAN, NAN, NAN, NAN,,2024/03/30 00:20:32.838,2024-03-30 00:20:32.838000+00:00
2024/03/30, 00:21:32.838,41.524,-70.672,0.14,25.42,40.69,0.0, NAN,9.3, NAN,997.4, NAN,0.0, NAN,102.0, NAN,267, NAN,10.1, NAN,41.4, NAN,10.1, NAN,292.4, NAN,999.5,-6.16,278.52,-0.03,5.8579,5.7734,126.6,0.0,1437.19, NAN, NAN, NAN, NAN,,2024/03/30 00:21:32.838,2024-03-30 00:21:32.838000+00:00
2024/03/30, 00:22:32.838,41.524,-70.672,0.03,25.47,96.05,0.0, NAN,9.2, NAN,997.5, NAN,0.0, NAN,102.0, NAN,259, NAN,10.3, NAN,42.5, NAN,10.3, NAN,284.5, NAN,999.6,-6.2,277.47,-0.03,5.8579,5.7734,126.6,0.0,1437.19, NAN, NAN, NAN, NAN,,2024/03/30 00:22:32.838,2024-03-30 00:22:32.838000+00:00
2024/03/30, 00:23:32.838,41.524,-70.672,0.26,25.32,282.83,0.01, NAN,9.2, NAN,997.5, NAN,0.0, NAN,102.0, NAN,265, NAN,9.8, NAN,44.9, NAN,9.8, NAN,290.3, NAN,999.6,-6.2,277.25,-0.02,5.8579,5.7741,126.9,0.0,1437.193, NAN, NAN, NAN, NAN,,2024/03/30 00:23:32.838,2024-03-30 00:23:32.838000+00:00
2024/03/30, 00:24:32.838,41.524,-70.672,0.05,25.4,138.43,0.0, NAN,9.1, NAN,997.5, NAN,0.0, NAN,102.0, NAN,262, NAN,8.3, NAN,46.2, NAN,8.3, NAN,287.4, NAN,999.6,-6.38,277.12,-0.02,5.8578,5.7752,126.6,0.0,1437.198, NAN, NAN, NAN, NAN,,2024/03/30 00:24:32.838,2024-03-30 00:24:32.838000+00:00
2024/03/30, 00:25:32.838,41.524,-70.672,0.05,25.28,353.59,0.0, NAN,8.9, NAN,997.6, NAN,0.0, NAN,102.0, NAN,256, NAN,9.4, NAN,47.9, NAN,9.4, NAN,281.3, NAN,999.7,-6.45,277.23,-0.03,5.8578,5.7752,126.6,0.0,1437.198, NAN, NAN, NAN, NAN,,2024/03/30 00:25:32.838,2024-03-30 00:25:32.838000+00:00
2024/03/30, 00:26:32.838,41.524,-70.672,0.03,25.34,191.96,0.01, NAN,8.9, NAN,997.6, NAN,0.0, NAN,102.0, NAN,254, NAN,9.8, NAN,47.7, NAN,9.8, NAN,279.4, NAN,999.7,-6.33,277.19,-0.02,5.8578,5.7747,126.3,0.0,1437.196, NAN, NAN, NAN, NAN,,2024/03/30 00:26:32.838,2024-03-30 00:26:32.838000+00:00
2024/03/30, 00:27:32.838,41.524,-70.672,0.09,25.33,229.2,0.01, NAN,8.8, NAN,997.6, NAN,0.0, NAN,102.0, NAN,261, NAN,8.5, NAN,48.2, NAN,8.5, NAN,286.4, NAN,999.7,-6.35,276.81,-0.02,5.8577,5.7743,126.6,0.0,1437.194, NAN, NAN, NAN, NAN,,2024/03/30 00:27:32.838,2024-03-30 00:27:32.838000+00:00
2024/03/30, 00:28:32.838,41.524,-70.672,0.02,25.4,140.02,0.01, NAN,8.7, NAN,997.6, NAN,0.0, NAN,102.0, NAN,252, NAN,9.6, NAN,50.2, NAN,9.6, NAN,277.4, NAN,999.7,-6.44,276.52,-0.02,5.8578,5.7734,126.9,0.0,1437.19, NAN, NAN, NAN, NAN,,2024/03/30 00:28:32.838,2024-03-30 00:28:32.838000+00:00
2024/03/30, 00:29:32.838,41.524,-70.672,0.17,25.36,49.34,0.02, NAN,8.6, NAN,997.7, NAN,0.0, NAN,102.0, NAN,259, NAN,10.3, NAN,50.5, NAN,10.3, NAN,284.3, NAN,999.8,-6.42,275.91,-0.01,5.8578,5.7726,126.3,0.0,1437.186, NAN, NAN, NAN, NAN,,2024/03/30 00:29:32.838,2024-03-30 00:29:32.838000+00:00
2024/03/30, 00:30:32.838,41.524,-70.672,-0.16,25.31,107.49,0.02, NAN,8.4, NAN,997.6, NAN,0.0, NAN,102.0, NAN,254, NAN,9.9, NAN,51.9, NAN,9.9, NAN,279.3, NAN,999.7,-6.53,275.8,-0.02,5.8578,5.771,126.9,0.0,1437.18, NAN, NAN, NAN, NAN,,2024/03/30 00:30:32.838,2024-03-30 00:30:32.838000+00:00
2024/03/30, 00:31:32.839,41.524,-70.672,0.04,25.31,307.59,0.01, NAN,8.4, NAN,997.6, NAN,0.0, NAN,102.0, NAN,258, NAN,14.3, NAN,50.9, NAN,14.3, NAN,283.3, NAN,999.7,-6.38,275.57,-0.02,5.8579,5.7698,126.9,0.0,1437.174, NAN, NAN, NAN, NAN,,2024/03/30 00:31:32.839,2024-03-30 00:31:32.839000+00:00
2024/03/30, 00:32:32.839,41.524,-70.672,-0.01,25.34,220.81,0.01, NAN,8.3, NAN,997.6, NAN,0.0, NAN,102.0, NAN,259, NAN,13.8, NAN,51.1, NAN,13.8, NAN,284.4, NAN,999.7,-6.3,276.34,-0.03,5.8579,5.7693,126.9,0.0,1437.172, NAN, NAN, NAN, NAN,,2024/03/30 00:32:32.839,2024-03-30 00:32:32.839000+00:00
2024/03/30, 00:33:32.839,41.524,-70.672,0.06,25.38,271.42,0.01, NAN,8.3, NAN,997.6, NAN,0.0, NAN,102.0, NAN,259, NAN,13.4, NAN,49.0, NAN,13.4, NAN,284.4, NAN,999.7,-6.21,275.89,-0.02,5.8579,5.7691,126.6,0.0,1437.171, NAN, NAN, NAN, NAN,,2024/03/30 00:33:32.839,2024-03-30 00:33:32.839000+00:00
2024/03/30, 00:34:32.839,41.524,-70.672,0.03,25.39,311.14,0.01, NAN,8.3, NAN,997.7, NAN,0.0, NAN,102.0, NAN,261, NAN,15.2, NAN,49.9, NAN,15.2, NAN,286.4, NAN,999.8,-6.11,275.57,-0.04,5.8578,5.7682,126.6,0.0,1437.167, NAN, NAN, NAN, NAN,,2024/03/30 00:34:32.839,2024-03-30 00:34:32.839000+00:00
2024/03/30, 00:35:32.839,41.524,-70.672,0.07,25.36,129.77,0.01, NAN,8.3, NAN,997.6, NAN,0.0, NAN,102.0, NAN,249, NAN,15.3, NAN,49.6, NAN,15.3, NAN,274.4, NAN,999.7,-6.07,275.55,-0.02,5.8578,5.7672,126.9,0.0,1437.163, NAN, NAN, NAN, NAN,,2024/03/30 00:35:32.839,2024-03-30 00:35:32.839000+00:00
2024/03/30, 00:36:32.839,41.524,-70.672,0.03,25.34,82.97,0.01, NAN,8.3, NAN,997.7, NAN,0.0, NAN,102.0, NAN,262, NAN,11.4, NAN,49.5, NAN,11.4, NAN,287.4, NAN,999.8,-5.97,275.42,-0.01,5.8579,5.7678,126.9,0.0,1437.166, NAN, NAN, NAN, NAN,,2024/03/30 00:36:32.839,2024-03-30 00:36:32.839000+00:00
2024/03/30, 00:37:32.839,41.524,-70.672,-0.01,25.3,136.07,0.01, NAN,8.2, NAN,997.8, NAN,0.0, NAN,102.0, NAN,247, NAN,15.3, NAN,50.1, NAN,15.3, NAN,272.3, NAN,999.9,-6.03,274.86,-0.03,5.8579,5.7693,126.3,0.0,1437.172, NAN, NAN, NAN, NAN,,2024/03/30 00:37:32.839,2024-03-30 00:37:32.839000+00:00
2024/03/30, 00:38:32.839,41.524,-70.672,0.05,25.36,279.13,0.02, NAN,8.2, NAN,997.8, NAN,0.0, NAN,102.0, NAN,258, NAN,13.5, NAN,50.5, NAN,13.5, NAN,283.4, NAN,999.9,-5.92,274.73,-0.01,5.8579,5.7701,126.9,0.0,1437.176, NAN, NAN, NAN, NAN,,2024/03/30 00:38:32.839,2024-03-30 00:38:32.839000+00:00
2024/03/30, 00:39:32.839,41.524,-70.672,0.04,25.37,127.33,0.0, NAN,8.1, NAN,997.8, NAN,0.0, NAN,102.0, NAN,261, NAN,13.1, NAN,51.6, NAN,13.1, NAN,286.4, NAN,999.9,-6.04,274.8,-0.01,5.8578,5.7705,126.3,0.0,1437.177, NAN, NAN, NAN, NAN,,2024/03/30 00:39:32.839,2024-03-30 00:39:32.839000+00:00
2024/03/30, 00:40:32.839,41.524,-70.672,0.02,25.41,173.36,0.01, NAN,8.0, NAN,997.8, NAN,0.0, NAN,102.0, NAN,262, NAN,13.2, NAN,51.6, NAN,13.2, NAN,287.4, NAN,999.9,-6.09,274.75,-0.02,5.8579,5.7711,126.6,0.0,1437.18, NAN, NAN, NAN, NAN,,2024/03/30 00:40:32.839,2024-03-30 00:40:32.839000+00:00
2024/03/30, 00:41:32.839,41.524,-70.672,0.09,25.44,333.54,0.01, NAN,8.0, NAN,997.9, NAN,0.0, NAN,102.0, NAN,256, NAN,14.9, NAN,51.4, NAN,14.9, NAN,281.4, NAN,1000.0,-6.04,275.05,-0.02,5.8579,5.7717,126.9,0.0,1437.183, NAN, NAN, NAN, NAN,,2024/03/30 00:41:32.839,2024-03-30 00:41:32.839000+00:00
2024/03/30, 00:42:32.839,41.524,-70.672,0.0,25.27,153.17,0.01, NAN,8.0, NAN,997.9, NAN,0.0, NAN,102.0, NAN,265, NAN,11.2, NAN,50.5, NAN,11.2, NAN,290.3, NAN,1000.0,-5.99,274.98,-0.02,5.8579,5.7722,126.6,0.0,1437.185, NAN, NAN, NAN, NAN,,2024/03/30 00:42:32.839,2024-03-30 00:42:32.839000+00:00
2024/03/30, 00:43:32.839,41.524,-70.672,0.08,25.37,139.01,0.01, NAN,8.0, NAN,998.0, NAN,0.0, NAN,102.0, NAN,258, NAN,11.3, NAN,50.9, NAN,11.3, NAN,283.4, NAN,1000.1,-6.06,274.85,-0.02,5.8579,5.7717,126.3,0.0,1437.183, NAN, NAN, NAN, NAN,,2024/03/30 00:43:32.839,2024-03-30 00:43:32.839000+00:00
2024/03/30, 00:44:32.839,41.524,-70.672,0.1,25.32,40.27,0.01, NAN,8.0, NAN,997.8, NAN,0.0, NAN,102.0, NAN,256, NAN,13.8, NAN,51.2, NAN,13.8, NAN,281.3, NAN,999.9,-6.06,275.03,-0.02,5.8579,5.772,126.6,0.0,1437.184, NAN, NAN, NAN, NAN,,2024/03/30 00:44:32.839,2024-03-30 00:44:32.839000+00:00
2024/03/30, 00:45:32.839,41.524,-70.672,0.12,25.34,315.25,0.01, NAN,8.0, NAN,998.0, NAN,0.0, NAN,102.0, NAN,262, NAN,13.2, NAN,51.3, NAN,13.2, NAN,287.3, NAN,1000.1,-6.13,274.76,-0.02,5.8579,5.7719,126.6,0.0,1437.184, NAN, NAN, NAN, NAN,,2024/03/30 00:45:32.839,2024-03-30 00:45:32.839000+00:00
2024/03/30, 00:46:32.839,41.524,-70.672,0.06,25.27,91.6,0.0, NAN,7.9, NAN,998.0, NAN,0.0, NAN,102.0, NAN,262, NAN,13.1, NAN,51.6, NAN,13.1, NAN,287.3, NAN,1000.1,-6.05,274.93,-0.02,5.8579,5.7718,126.9,0.0,1437.183, NAN, NAN, NAN, NAN,,2024/03/30 00:46:32.839,2024-03-30 00:46:32.839000+00:00
2024/03/30, 00:47:32.839,41.524,-70.672,-0.07,25.2,76.21,0.01, NAN,7.9, NAN,998.0, NAN,0.0, NAN,102.0, NAN,267, NAN,10.8, NAN,51.5, NAN,10.8, NAN,292.2, NAN,1000.1,-5.96,275.08,-0.02,5.8579,5.7708,126.6,0.0,1437.179, NAN, NAN, NAN, NAN,,2024/03/30 00:47:32.839,2024-03-30 00:47:32.839000+00:00
2024/03/30, 00:48:32.840,41.524,-70.672,-0.01,25.33,5.43,0.01, NAN,7.9, NAN,998.0, NAN,0.0, NAN,102.0, NAN,263, NAN,12.3, NAN,52.9, NAN,12.3, NAN,288.3, NAN,1000.1,-6.11,274.52,-0.01,5.8579,5.7692,126.9,0.0,1437.172, NAN, NAN, NAN, NAN,,2024/03/30 00:48:32.840,2024-03-30 00:48:32.840000+00:00
2024/03/30, 00:49:32.840,41.524,-70.672,0.05,25.33,2.6,0.01, NAN,7.8, NAN,998.0, NAN,0.0, NAN,102.0, NAN,266, NAN,10.5, NAN,52.5, NAN,10.5, NAN,291.3, NAN,1000.1,-6.11,274.82,-0.01,5.8579,5.7686,126.9,0.0,1437.169, NAN, NAN, NAN, NAN,,2024/03/30 00:49:32.840,2024-03-30 00:49:32.840000+00:00
2024/03/30, 00:50:32.840,41.524,-70.672,-0.05,25.33,149.3,0.02, NAN,7.7, NAN,998.0, NAN,0.0, NAN,102.0, NAN,261, NAN,12.3, NAN,53.2, NAN,12.3, NAN,286.4, NAN,1000.1,-6.18,274.72,-0.02,5.8579,5.7684,126.6,0.0,1437.168, NAN, NAN, NAN, NAN,,2024/03/30 00:50:32.840,2024-03-30 00:50:32.840000+00:00
2024/03/30, 00:51:32.840,41.524,-70.672,0.01,25.29,263.76,0.01, NAN,7.8, NAN,998.1, NAN,0.0, NAN,102.0, NAN,264, NAN,10.4, NAN,53.0, NAN,10.4, NAN,289.3, NAN,1000.2,-6.1,274.76,-0.01,5.8579,5.7681,126.9,0.0,1437.167, NAN, NAN, NAN, NAN,,2024/03/30 00:51:32.840,2024-03-30 00:51:32.840000+00:00
2024/03/30, 00:52:32.840,41.524,-70.672,0.04,25.38,262.25,0.01, NAN,7.7, NAN,998.1, NAN,0.0, NAN,102.0, NAN,264, NAN,14.1, NAN,53.9, NAN,14.1, NAN,289.4, NAN,1000.2,-6.18,275.04,-0.01,5.8579,5.7676,126.9,0.0,1437.165, NAN, NAN, NAN, NAN,,2024/03/30 00:52:32.840,2024-03-30 00:52:32.840000+00:00
2024/03/30, 00:53:32.840,41.524,-70.672,0.05,25.35,74.69,0.01, NAN,7.6, NAN,998.1, NAN,0.0, NAN,102.0, NAN,260, NAN,14.4, NAN,52.9, NAN,14.4, NAN,285.3, NAN,1000.2,-6.11,274.97,-0.02,5.8579,5.7679,126.6,0.0,1437.166, NAN, NAN, NAN, NAN,,2024/03/30 00:53:32.840,2024-03-30 00:53:32.840000+00:00
2024/03/30, 00:54:32.840,41.524,-70.672,0.05,25.3,113.28,0.0, NAN,7.7, NAN,998.0, NAN,0.0, NAN,102.0, NAN,262, NAN,14.3, NAN,51.7, NAN,14.3, NAN,287.3, NAN,1000.1,-6.01,275.48,-0.02,5.858,5.7668,125.7,0.0,1437.162, NAN, NAN, NAN, NAN,,2024/03/30 00:54:32.840,2024-03-30 00:54:32.840000+00:00
2024/03/30, 00:55:32.840,41.524,-70.672,-0.21,25.54,300.67,0.02, NAN,7.7, NAN,998.0, NAN,0.0, NAN,102.0, NAN,262, NAN,15.1, NAN,50.9, NAN,15.1, NAN,287.5, NAN,1000.1,-6.0,274.95,-0.02,5.8579,5.7669,127.2,0.0,1437.162, NAN, NAN, NAN, NAN,,2024/03/30 00:55:32.840,2024-03-30 00:55:32.840000+00:00
2024/03/30, 00:56:32.840,41.524,-70.672,-0.02,25.38,255.87,0.01, NAN,7.7, NAN,998.1, NAN,0.0, NAN,102.0, NAN,266, NAN,12.8, NAN,51.3, NAN,12.8, NAN,291.4, NAN,1000.2,-5.81,275.05,-0.02,5.858,5.7666,126.3,0.0,1437.161, NAN, NAN, NAN, NAN,,2024/03/30 00:56:32.840,2024-03-30 00:56:32.840000+00:00
2024/03/30, 00:57:32.840,41.524,-70.672,-0.01,25.25,62.87,0.01, NAN,7.7, NAN,998.1, NAN,0.0, NAN,102.0, NAN,261, NAN,12.1, NAN,51.3, NAN,12.1, NAN,286.3, NAN,1000.2,-5.96,274.78,-0.01,5.858,5.7661,126.9,0.0,1437.159, NAN, NAN, NAN, NAN,,2024/03/30 00:57:32.840,2024-03-30 00:57:32.840000+00:00
2024/03/30, 00:58:32.840,41.524,-70.672,0.18,25.36,240.98,0.01, NAN,7.6, NAN,998.2, NAN,0.0, NAN,102.0, NAN,262, NAN,11.9, NAN,52.4, NAN,11.9, NAN,287.4, NAN,1000.3,-5.97,274.66,-0.02,5.8579,5.7664,126.9,0.0,1437.16, NAN, NAN, NAN, NAN,,2024/03/30 00:58:32.840,2024-03-30 00:58:32.840000+00:00
2024/03/30, 00:59:32.840,41.524,-70.672,0.13,25.2,341.48,0.01, NAN,7.6, NAN,998.2, NAN,0.0, NAN,102.0, NAN,262, NAN,13.2, NAN,52.2, NAN,13.2, NAN,287.2, NAN,1000.3,-5.96,274.56,-0.02,5.858,5.7674,126.6,0.0,1437.164, NAN, NAN, NAN, NAN,,2024/03/30 00:59:32.840,2024-03-30 00:59:32.840000+00:00
2024/03/30, 01:00:32.840,41.524,-70.672,0.01,25.31,307.25,0.02, NAN,7.6, NAN,998.1, NAN,0.0, NAN,102.0, NAN,263, NAN,13.2, NAN,51.4, NAN,13.2, NAN,288.3, NAN,1000.2,-5.95,274.8,-0.01,5.8581,5.7668,126.3,0.0,1437.162, NAN, NAN, NAN, NAN,,2024/03/30 01:00:32.840,2024-03-30 01:00:32.840000+00:00
2024/03/30, 01:01:32.840,41.524,-70.672,-0.05,25.28,308.15,0.01, NAN,7.6, NAN,998.2, NAN,0.0, NAN,102.0, NAN,263, NAN,13.6, NAN,51.0, NAN,13.6, NAN,288.3, NAN,1000.3,-5.89,274.59,-0.01,5.858,5.7667,126.6,0.0,1437.161, NAN, NAN, NAN, NAN,,2024/03/30 01:01:32.840,2024-03-30 01:01:32.840000+00:00
2024/03/30, 01:02:32.840,41.524,-70.672,0.02,25.28,141.37,0.01, NAN,7.6, NAN,998.2, NAN,0.0, NAN,102.0, NAN,256, NAN,13.2, NAN,52.0, NAN,13.2, NAN,281.3, NAN,1000.3,-5.93,274.21,-0.02,5.8581,5.7657,126.6,0.0,1437.157, NAN, NAN, NAN, NAN,,2024/03/30 01:02:32.840,2024-03-30 01:02:32.840000+00:00
2024/03/30, 01:03:32.840,41.524,-70.672,-0.16,25.26,109.54,0.01, NAN,7.5, NAN,998.3, NAN,0.0, NAN,102.0, NAN,264, NAN,12.3, NAN,52.9, NAN,12.3, NAN,289.2, NAN,1000.4,-5.98,274.21,-0.02,5.8581,5.7645,126.9,0.0,1437.152, NAN, NAN, NAN, NAN,,2024/03/30 01:03:32.840,2024-03-30 01:03:32.840000+00:00
2024/03/30, 01:04:32.841,41.524,-70.672,-0.02,25.25,151.06,0.02, NAN,7.5, NAN,998.3, NAN,0.0, NAN,102.0, NAN,257, NAN,13.9, NAN,52.4, NAN,13.9, NAN,282.3, NAN,1000.4,-5.97,274.15,-0.03,5.8581,5.7634,126.6,0.0,1437.147, NAN, NAN, NAN, NAN,,2024/03/30 01:04:32.841,2024-03-30 01:04:32.841000+00:00
2024/03/30, 01:05:32.841,41.524,-70.672,0.06,25.23,49.26,0.01, NAN,7.5, NAN,998.4, NAN,0.0, NAN,102.0, NAN,260, NAN,14.1, NAN,52.4, NAN,14.1, NAN,285.2, NAN,1000.5,-6.02,274.5,-0.03,5.8581,5.7624,127.2,0.0,1437.143, NAN, NAN, NAN, NAN,,2024/03/30 01:05:32.841,2024-03-30 01:05:32.841000+00:00
2024/03/30, 01:06:32.841,41.524,-70.672,0.08,25.32,268.95,0.01, NAN,7.5, NAN,998.3, NAN,0.0, NAN,102.0, NAN,255, NAN,13.0, NAN,51.7, NAN,13.0, NAN,280.3, NAN,1000.4,-5.83,274.03,-0.02,5.8582,5.7611,126.6,0.0,1437.137, NAN, NAN, NAN, NAN,,2024/03/30 01:06:32.841,2024-03-30 01:06:32.841000+00:00
2024/03/30, 01:07:32.841,41.524,-70.672,-0.06,25.25,10.38,0.0, NAN,7.5, NAN,998.4, NAN,0.0, NAN,102.0, NAN,260, NAN,13.5, NAN,53.3, NAN,13.5, NAN,285.2, NAN,1000.5,-5.89,274.05,-0.02,5.8581,5.7593,126.9,0.0,1437.129, NAN, NAN, NAN, NAN,,2024/03/30 01:07:32.841,2024-03-30 01:07:32.841000+00:00
2024/03/30, 01:08:32.841,41.524,-70.672,0.21,25.34,320.44,0.02, NAN,7.4, NAN,998.5, NAN,0.0, NAN,102.0, NAN,258, NAN,13.5, NAN,53.8, NAN,13.5, NAN,283.3, NAN,1000.6,-5.98,273.79,-0.02,5.8581,5.759,126.9,0.0,1437.128, NAN, NAN, NAN, NAN,,2024/03/30 01:08:32.841,2024-03-30 01:08:32.841000+00:00
2024/03/30, 01:09:32.841,41.524,-70.672,-0.15,25.29,189.92,0.02, NAN,7.4, NAN,998.6, NAN,0.0, NAN,102.0, NAN,257, NAN,14.6, NAN,53.3, NAN,14.6, NAN,282.3, NAN,1000.7,-5.91,273.84,-0.02,5.8581,5.76,126.9,0.0,1437.132, NAN, NAN, NAN, NAN,,2024/03/30 01:09:32.841,2024-03-30 01:09:32.841000+00:00
2024/03/30, 01:10:32.841,41.524,-70.672,0.0,25.42,331.93,0.0, NAN,7.4, NAN,998.5, NAN,0.0, NAN,102.0, NAN,262, NAN,14.9, NAN,51.9, NAN,14.9, NAN,287.4, NAN,1000.6,-5.89,273.75,-0.02,5.8582,5.7627,126.9,0.0,1437.144, NAN, NAN, NAN, NAN,,2024/03/30 01:10:32.841,2024-03-30 01:10:32.841000+00:00
2024/03/30, 01:11:32.841,41.524,-70.672,-0.02,25.31,212.38,0.0, NAN,7.4, NAN,998.5, NAN,0.0, NAN,102.0, NAN,257, NAN,13.8, NAN,51.9, NAN,13.8, NAN,282.3, NAN,1000.6,-5.86,273.87,-0.03,5.8582,5.7618,126.6,0.0,1437.14, NAN, NAN, NAN, NAN,,2024/03/30 01:11:32.841,2024-03-30 01:11:32.841000+00:00
2024/03/30, 01:12:32.841,41.524,-70.672,0.07,25.31,285.81,0.01, NAN,7.4, NAN,998.6, NAN,0.0, NAN,102.0, NAN,262, NAN,12.1, NAN,52.8, NAN,12.1, NAN,287.3, NAN,1000.7,-5.95,273.87,-0.02,5.8581,5.7603,126.3,0.0,1437.134, NAN, NAN, NAN, NAN,,2024/03/30 01:12:32.841,2024-03-30 01:12:32.841000+00:00
2024/03/30, 01:13:32.841,41.524,-70.672,-0.06,25.33,285.32,0.01, NAN,7.3, NAN,998.6, NAN,0.0, NAN,102.0, NAN,261, NAN,15.4, NAN,53.5, NAN,15.4, NAN,286.3, NAN,1000.7,-5.98,273.33,-0.02,5.8582,5.7599,126.6,0.0,1437.132, NAN, NAN, NAN, NAN,,2024/03/30 01:13:32.841,2024-03-30 01:13:32.841000+00:00
2024/03/30, 01:14:32.841,41.524,-70.672,-0.08,25.28,190.42,0.01, NAN,7.3, NAN,998.5, NAN,0.0, NAN,102.0, NAN,255, NAN,12.1, NAN,53.2, NAN,12.1, NAN,280.3, NAN,1000.6,-5.92,273.25,-0.03,5.8582,5.7595,126.9,0.0,1437.13, NAN, NAN, NAN, NAN,,2024/03/30 01:14:32.841,2024-03-30 01:14:32.841000+00:00
2024/03/30, 01:15:32.841,41.524,-70.672,0.03,25.26,44.44,0.02, NAN,7.2, NAN,998.5, NAN,0.0, NAN,102.0, NAN,258, NAN,13.3, NAN,54.1, NAN,13.3, NAN,283.3, NAN,1000.6,-5.94,273.4,-0.02,5.8582,5.7596,127.2,0.0,1437.131, NAN, NAN, NAN, NAN,,2024/03/30 01:15:32.841,2024-03-30 01:15:32.841000+00:00
2024/03/30, 01:16:32.841,41.524,-70.672,0.07,25.32,149.88,0.0, NAN,7.2, NAN,998.5, NAN,0.0, NAN,102.0, NAN,257, NAN,12.6, NAN,53.0, NAN,12.6, NAN,282.3, NAN,1000.6,-5.93,273.32,-0.02,5.8582,5.7596,126.6,0.0,1437.131, NAN, NAN, NAN, NAN,,2024/03/30 01:16:32.841,2024-03-30 01:16:32.841000+00:00
2024/03/30, 01:17:32.841,41.524,-70.672,0.02,25.29,201.89,0.02, NAN,7.2, NAN,998.7, NAN,0.0, NAN,102.0, NAN,259, NAN,15.1, NAN,54.1, NAN,15.1, NAN,284.3, NAN,1000.8,-5.97,273.35,-0.02,5.8582,5.7596,127.2,0.0,1437.131, NAN, NAN, NAN, NAN,,2024/03/30 01:17:32.841,2024-03-30 01:17:32.841000+00:00
2024/03/30, 01:18:32.841,41.524,-70.672,-0.04,25.19,79.3,0.03, NAN,7.2, NAN,998.6, NAN,0.0, NAN,102.0, NAN,260, NAN,14.2, NAN,54.1, NAN,14.2, NAN,285.2, NAN,1000.7,-5.96,273.47,-0.02,5.8582,5.7597,126.6,0.0,1437.131, NAN, NAN, NAN, NAN,,2024/03/30 01:18:32.841,2024-03-30 01:18:32.841000+00:00
2024/03/30, 01:19:32.841,41.524,-70.672,-0.1,25.35,215.59,0.01, NAN,7.2, NAN,998.6, NAN,0.0, NAN,102.0, NAN,261, NAN,14.7, NAN,50.6, NAN,14.7, NAN,286.4, NAN,1000.7,-5.88,273.41,-0.03,5.8582,5.7596,127.2,0.0,1437.131, NAN, NAN, NAN, NAN,,2024/03/30 01:19:32.841,2024-03-30 01:19:32.841000+00:00
2024/03/30, 01:20:32.841,41.524,-70.672,0.04,25.31,297.28,0.02, NAN,7.2, NAN,998.6, NAN,0.0, NAN,102.0, NAN,261, NAN,15.0, NAN,51.2, NAN,15.0, NAN,286.3, NAN,1000.7,-5.83,273.15,-0.02,5.8582,5.7589,126.0,0.0,1437.128, NAN, NAN, NAN, NAN,,2024/03/30 01:20:32.841,2024-03-30 01:20:32.841000+00:00
2024/03/30, 01:21:32.842,41.524,-70.672,0.0,25.4,286.02,0.02, NAN,7.2, NAN,998.6, NAN,0.0, NAN,102.0, NAN,267, NAN,14.4, NAN,51.3, NAN,14.4, NAN,292.4, NAN,1000.7,-5.79,273.06,-0.02,5.8582,5.7566,126.6,0.0,1437.118, NAN, NAN, NAN, NAN,,2024/03/30 01:21:32.842,2024-03-30 01:21:32.842000+00:00
2024/03/30, 01:22:32.842,41.524,-70.672,0.07,25.3,264.71,0.01, NAN,7.1, NAN,998.7, NAN,0.0, NAN,102.0, NAN,261, NAN,14.6, NAN,51.2, NAN,14.6, NAN,286.3, NAN,1000.8,-5.86,272.97,-0.02,5.8581,5.7571,126.6,0.0,1437.12, NAN, NAN, NAN, NAN,,2024/03/30 01:22:32.842,2024-03-30 01:22:32.842000+00:00
2024/03/30, 01:23:32.842,41.524,-70.672,0.22,25.34,305.04,0.01, NAN,7.1, NAN,998.7, NAN,0.0, NAN,102.0, NAN,267, NAN,14.2, NAN,51.7, NAN,14.2, NAN,292.3, NAN,1000.8,-5.93,272.84,-0.02,5.8582,5.7572,126.9,0.0,1437.12, NAN, NAN, NAN, NAN,,2024/03/30 01:23:32.842,2024-03-30 01:23:32.842000+00:00
2024/03/30, 01:24:32.842,41.524,-70.672,-0.11,25.22,266.39,0.03, NAN,7.1, NAN,998.7, NAN,0.0, NAN,102.0, NAN,252, NAN,17.2, NAN,52.6, NAN,17.2, NAN,277.2, NAN,1000.8,-6.01,272.79,-0.04,5.8581,5.7567,126.9,0.0,1437.118, NAN, NAN, NAN, NAN,,2024/03/30 01:24:32.842,2024-03-30 01:24:32.842000+00:00
2024/03/30, 01:25:32.842,41.524,-70.672,-0.31,25.19,109.29,0.01, NAN,7.0, NAN,998.7, NAN,0.0, NAN,102.0, NAN,267, NAN,13.2, NAN,52.4, NAN,13.2, NAN,292.2, NAN,1000.8,-5.86,273.0,-0.03,5.8581,5.7555,126.6,0.0,1437.113, NAN, NAN, NAN, NAN,,2024/03/30 01:25:32.842,2024-03-30 01:25:32.842000+00:00
2024/03/30, 01:26:32.842,41.524,-70.672,-0.08,25.24,123.28,0.02, NAN,7.0, NAN,998.7, NAN,0.0, NAN,102.0, NAN,251, NAN,15.2, NAN,52.6, NAN,15.2, NAN,276.2, NAN,1000.8,-6.01,272.71,-0.03,5.8582,5.7547,126.6,0.0,1437.109, NAN, NAN, NAN, NAN,,2024/03/30 01:26:32.842,2024-03-30 01:26:32.842000+00:00
2024/03/30, 01:27:32.842,41.524,-70.672,-0.1,25.27,282.21,0.01, NAN,7.0, NAN,998.7, NAN,0.0, NAN,102.0, NAN,256, NAN,15.0, NAN,52.7, NAN,15.0, NAN,281.3, NAN,1000.8,-5.96,272.82,-0.03,5.8581,5.7554,126.6,0.0,1437.112, NAN, NAN, NAN, NAN,,2024/03/30 01:27:32.842,2024-03-30 01:27:32.842000+00:00
2024/03/30, 01:28:32.842,41.524,-70.672,-0.11,25.33,170.28,0.0, NAN,7.0, NAN,998.7, NAN,0.0, NAN,102.0, NAN,265, NAN,13.6, NAN,52.5, NAN,13.6, NAN,290.3, NAN,1000.8,-5.85,272.73,-0.02,5.8581,5.757,126.6,0.0,1437.119, NAN, NAN, NAN, NAN,,2024/03/30 01:28:32.842,2024-03-30 01:28:32.842000+00:00
2024/03/30, 01:29:32.842,41.524,-70.672,-0.06,25.25,87.57,0.0, NAN,7.0, NAN,998.7, NAN,0.0, NAN,102.0, NAN,260, NAN,16.4, NAN,52.5, NAN,16.4, NAN,285.2, NAN,1000.8,-5.88,272.6,-0.02,5.8581,5.7599,126.6,0.0,1437.132, NAN, NAN, NAN, NAN,,2024/03/30 01:29:32.842,2024-03-30 01:29:32.842000+00:00
2024/03/30, 01:30:32.842,41.524,-70.672,-0.21,25.38,309.59,0.01, NAN,7.0, NAN,998.7, NAN,0.0, NAN,102.0, NAN,263, NAN,12.2, NAN,51.6, NAN,12.2, NAN,288.4, NAN,1000.8,-5.91,272.73,-0.02,5.858,5.7629,126.9,0.0,1437.145, NAN, NAN, NAN, NAN,,2024/03/30 01:30:32.842,2024-03-30 01:30:32.842000+00:00
2024/03/30, 01:31:32.842,41.524,-70.672,-0.01,25.3,291.58,0.04, NAN,7.0, NAN,998.8, NAN,0.0, NAN,102.0, NAN,266, NAN,15.1, NAN,52.4, NAN,15.1, NAN,291.3, NAN,1000.9,-5.96,273.13,-0.02,5.858,5.7652,126.6,0.0,1437.155, NAN, NAN, NAN, NAN,,2024/03/30 01:31:32.842,2024-03-30 01:31:32.842000+00:00
2024/03/30, 01:32:32.842,41.524,-70.672,-0.16,25.4,240.44,0.01, NAN,7.0, NAN,998.5, NAN,0.0, NAN,102.0, NAN,261, NAN,14.6, NAN,50.8, NAN,14.6, NAN,286.4, NAN,1000.6,-5.82,273.16,-0.03,5.858,5.7676,126.6,0.0,1437.165, NAN, NAN, NAN, NAN,,2024/03/30 01:32:32.842,2024-03-30 01:32:32.842000+00:00
2024/03/30, 01:33:32.842,41.524,-70.672,-0.04,25.36,233.42,0.01, NAN,7.0, NAN,998.8, NAN,0.0, NAN,102.0, NAN,250, NAN,14.0, NAN,50.8, NAN,14.0, NAN,275.4, NAN,1000.9,-5.78,272.75,-0.03,5.8579,5.7698,126.6,0.0,1437.174, NAN, NAN, NAN, NAN,,2024/03/30 01:33:32.842,2024-03-30 01:33:32.842000+00:00
2024/03/30, 01:34:32.842,41.524,-70.672,-0.11,25.34,293.07,0.01, NAN,7.0, NAN,998.4, NAN,0.0, NAN,102.0, NAN,256, NAN,13.4, NAN,51.2, NAN,13.4, NAN,281.3, NAN,1000.5,-5.88,272.79,-0.02,5.858,5.7717,126.9,0.0,1437.183, NAN, NAN, NAN, NAN,,2024/03/30 01:34:32.842,2024-03-30 01:34:32.842000+00:00
2024/03/30, 01:35:32.842,41.524,-70.672,-0.1,25.32,311.99,0.01, NAN,7.0, NAN,998.8, NAN,0.0, NAN,102.0, NAN,263, NAN,14.2, NAN,52.9, NAN,14.2, NAN,288.3, NAN,1000.9,-5.79,272.5,-0.02,5.8579,5.7739,126.9,0.0,1437.192, NAN, NAN, NAN, NAN,,2024/03/30 01:35:32.842,2024-03-30 01:35:32.842000+00:00
2024/03/30, 01:36:32.842,41.524,-70.672,-0.24,25.3,258.88,0.02, NAN,6.9, NAN,998.8, NAN,0.0, NAN,102.0, NAN,267, NAN,13.0, NAN,52.8, NAN,13.0, NAN,292.3, NAN,1000.9,-5.89,272.13,-0.02,5.858,5.7758,126.6,0.0,1437.201, NAN, NAN, NAN, NAN,,2024/03/30 01:36:32.842,2024-03-30 01:36:32.842000+00:00
2024/03/30, 01:37:32.842,41.524,-70.672,0.02,25.33,270.25,0.01, NAN,6.9, NAN,998.9, NAN,0.0, NAN,102.0, NAN,263, NAN,15.8, NAN,51.6, NAN,15.8, NAN,288.3, NAN,1001.0,-5.92,272.25,-0.02,5.8579,5.7771,126.6,0.0,1437.206, NAN, NAN, NAN, NAN,,2024/03/30 01:37:32.842,2024-03-30 01:37:32.842000+00:00
2024/03/30, 01:38:32.843,41.524,-70.672,0.03,25.33,327.32,0.01, NAN,6.9, NAN,998.9, NAN,0.0, NAN,102.0, NAN,265, NAN,14.1, NAN,51.1, NAN,14.1, NAN,290.3, NAN,1001.0,-5.93,272.29,-0.03,5.858,5.7761,126.9,0.0,1437.202, NAN, NAN, NAN, NAN,,2024/03/30 01:38:32.843,2024-03-30 01:38:32.843000+00:00
2024/03/30, 01:39:32.843,41.524,-70.672,0.0,25.23,20.87,0.02, NAN,6.9, NAN,998.8, NAN,0.0, NAN,102.0, NAN,264, NAN,13.1, NAN,50.4, NAN,13.1, NAN,289.2, NAN,1000.9,-5.81,272.12,-0.02,5.858,5.7745,126.6,0.0,1437.195, NAN, NAN, NAN, NAN,,2024/03/30 01:39:32.843,2024-03-30 01:39:32.843000+00:00
2024/03/30, 01:40:32.843,41.524,-70.672,-0.02,25.36,209.38,0.01, NAN,6.8, NAN,998.8, NAN,0.0, NAN,102.0, NAN,263, NAN,15.4, NAN,53.2, NAN,15.4, NAN,288.4, NAN,1000.9,-6.0,271.59,-0.03,5.858,5.7732,126.6,0.0,1437.189, NAN, NAN, NAN, NAN,,2024/03/30 01:40:32.843,2024-03-30 01:40:32.843000+00:00
2024/03/30, 01:41:32.843,41.524,-70.672,0.05,25.32,314.03,0.01, NAN,6.8, NAN,998.9, NAN,0.0, NAN,102.0, NAN,263, NAN,17.0, NAN,53.4, NAN,17.0, NAN,288.3, NAN,1001.0,-5.93,271.51,-0.02,5.858,5.7719,127.2,0.0,1437.184, NAN, NAN, NAN, NAN,,2024/03/30 01:41:32.843,2024-03-30 01:41:32.843000+00:00
2024/03/30, 01:42:32.843,41.524,-70.672,-0.01,25.4,327.33,0.01, NAN,6.8, NAN,998.8, NAN,0.0, NAN,102.0, NAN,264, NAN,15.5, NAN,50.8, NAN,15.5, NAN,289.4, NAN,1000.9,-5.99,271.81,-0.02,5.858,5.7718,126.6,0.0,1437.183, NAN, NAN, NAN, NAN,,2024/03/30 01:42:32.843,2024-03-30 01:42:32.843000+00:00
2024/03/30, 01:43:32.843,41.524,-70.672,-0.18,25.31,116.68,0.0, NAN,6.8, NAN,998.9, NAN,0.0, NAN,102.0, NAN,270, NAN,11.4, NAN,51.6, NAN,11.4, NAN,295.3, NAN,1001.0,-5.76,271.33,-0.02,5.8579,5.7694,126.9,0.0,1437.173, NAN, NAN, NAN, NAN,,2024/03/30 01:43:32.843,2024-03-30 01:43:32.843000+00:00
2024/03/30, 01:44:32.843,41.524,-70.672,-0.08,25.32,287.25,0.02, NAN,6.7, NAN,998.7, NAN,0.0, NAN,102.0, NAN,270, NAN,13.9, NAN,54.1, NAN,13.9, NAN,295.4, NAN,1000.8,-5.97,271.31,-0.03,5.858,5.7671,126.6,0.0,1437.163, NAN, NAN, NAN, NAN,,2024/03/30 01:44:32.843,2024-03-30 01:44:32.843000+00:00
2024/03/30, 01:45:32.843,41.524,-70.672,-0.24,25.25,122.59,0.03, NAN,6.7, NAN,998.9, NAN,0.0, NAN,102.0, NAN,260, NAN,15.1, NAN,54.1, NAN,15.1, NAN,285.3, NAN,1001.0,-6.0,271.16,-0.03,5.858,5.7649,126.6,0.0,1437.153, NAN, NAN, NAN, NAN,,2024/03/30 01:45:32.843,2024-03-30 01:45:32.843000+00:00
2024/03/30, 01:46:32.843,41.524,-70.672,-0.15,25.26,58.51,0.01, NAN,6.6, NAN,998.8, NAN,0.0, NAN,102.0, NAN,262, NAN,17.1, NAN,53.3, NAN,17.1, NAN,287.2, NAN,1000.9,-5.98,271.43,-0.02,5.858,5.7639,126.6,0.0,1437.149, NAN, NAN, NAN, NAN,,2024/03/30 01:46:32.843,2024-03-30 01:46:32.843000+00:00
2024/03/30, 01:47:32.843,41.524,-70.672,-0.26,25.28,309.82,0.02, NAN,6.6, NAN,998.8, NAN,0.0, NAN,102.0, NAN,260, NAN,15.7, NAN,50.9, NAN,15.7, NAN,285.3, NAN,1000.9,-5.9,271.57,-0.02,5.858,5.7629,126.9,0.0,1437.145, NAN, NAN, NAN, NAN,,2024/03/30 01:47:32.843,2024-03-30 01:47:32.843000+00:00
2024/03/30, 01:48:32.843,41.524,-70.672,-0.06,25.36,99.38,0.02, NAN,6.7, NAN,998.9, NAN,0.0, NAN,102.0, NAN,260, NAN,13.3, NAN,51.0, NAN,13.3, NAN,285.3, NAN,1001.0,-5.83,271.13,-0.03,5.8579,5.7623,126.9,0.0,1437.142, NAN, NAN, NAN, NAN,,2024/03/30 01:48:32.843,2024-03-30 01:48:32.843000+00:00
2024/03/30, 01:49:32.843,41.524,-70.672,-0.1,25.29,115.18,0.01, NAN,6.7, NAN,998.9, NAN,0.0, NAN,102.0, NAN,268, NAN,14.0, NAN,53.0, NAN,14.0, NAN,293.3, NAN,1001.0,-5.94,270.85,-0.02,5.858,5.7625,126.9,0.0,1437.143, NAN, NAN, NAN, NAN,,2024/03/30 01:49:32.843,2024-03-30 01:49:32.843000+00:00
2024/03/30, 01:50:32.843,41.524,-70.672,-0.44,25.19,289.43,0.02, NAN,6.6, NAN,999.0, NAN,0.0, NAN,102.0, NAN,269, NAN,14.7, NAN,53.0, NAN,14.7, NAN,294.2, NAN,1001.1,-5.85,271.01,-0.01,5.858,5.7629,126.6,0.0,1437.145, NAN, NAN, NAN, NAN,,2024/03/30 01:50:32.843,2024-03-30 01:50:32.843000+00:00
2024/03/30, 01:51:32.843,41.524,-70.672,-0.16,25.35,261.69,0.01, NAN,6.6, NAN,998.9, NAN,0.0, NAN,102.0, NAN,255, NAN,13.9, NAN,53.9, NAN,13.9, NAN,280.4, NAN,1001.0,-6.05,270.93,-0.02,5.858,5.7629,126.6,0.0,1437.145, NAN, NAN, NAN, NAN,,2024/03/30 01:51:32.843,2024-03-30 01:51:32.843000+00:00
2024/03/30, 01:52:32.843,41.524,-70.672,-0.3,25.29,297.85,0.01, NAN,6.6, NAN,998.9, NAN,0.0, NAN,102.0, NAN,272, NAN,12.3, NAN,52.6, NAN,12.3, NAN,297.3, NAN,1001.0,-5.96,271.21,-0.02,5.8579,5.763,126.9,0.0,1437.145, NAN, NAN, NAN, NAN,,2024/03/30 01:52:32.843,2024-03-30 01:52:32.843000+00:00
2024/03/30, 01:53:32.843,41.524,-70.672,-0.3,25.34,227.28,0.01, NAN,6.6, NAN,999.0, NAN,0.0, NAN,102.0, NAN,262, NAN,12.0, NAN,52.8, NAN,12.0, NAN,287.4, NAN,1001.1,-6.0,271.28,-0.02,5.858,5.7628,126.6,0.0,1437.144, NAN, NAN, NAN, NAN,,2024/03/30 01:53:32.843,2024-03-30 01:53:32.843000+00:00
2024/03/30, 01:54:32.844,41.524,-70.672,0.02,25.31,317.64,0.01, NAN,6.5, NAN,999.0, NAN,0.0, NAN,102.0, NAN,269, NAN,12.3, NAN,54.1, NAN,12.3, NAN,294.3, NAN,1001.1,-5.95,271.34,-0.02,5.8579,5.7628,126.6,0.0,1437.144, NAN, NAN, NAN, NAN,,2024/03/30 01:54:32.844,2024-03-30 01:54:32.844000+00:00
2024/03/30, 01:55:32.844,41.524,-70.672,-0.25,25.23,119.92,0.02, NAN,6.5, NAN,999.1, NAN,0.0, NAN,102.0, NAN,259, NAN,11.2, NAN,55.2, NAN,11.2, NAN,284.2, NAN,1001.2,-6.07,271.23,-0.01,5.858,5.7635,126.9,0.0,1437.147, NAN, NAN, NAN, NAN,,2024/03/30 01:55:32.844,2024-03-30 01:55:32.844000+00:00
2024/03/30, 01:56:32.844,41.524,-70.672,-0.32,25.35,299.31,0.03, NAN,6.5, NAN,998.9, NAN,0.0, NAN,102.0, NAN,255, NAN,15.4, NAN,55.6, NAN,15.4, NAN,280.3, NAN,1001.0,-6.0,271.41,-0.02,5.8579,5.764,126.6,0.0,1437.149, NAN, NAN, NAN, NAN,,2024/03/30 01:56:32.844,2024-03-30 01:56:32.844000+00:00
2024/03/30, 01:57:32.844,41.524,-70.672,-0.2,25.32,238.32,0.01, NAN,6.5, NAN,998.9, NAN,0.0, NAN,102.0, NAN,268, NAN,12.6, NAN,50.9, NAN,12.6, NAN,293.3, NAN,1001.0,-5.89,271.82,-0.02,5.8579,5.7646,126.9,0.0,1437.152, NAN, NAN, NAN, NAN,,2024/03/30 01:57:32.844,2024-03-30 01:57:32.844000+00:00
2024/03/30, 01:58:32.844,41.524,-70.672,-0.2,25.25,216.6,0.01, NAN,6.5, NAN,999.1, NAN,0.0, NAN,102.0, NAN,267, NAN,12.7, NAN,52.3, NAN,12.7, NAN,292.3, NAN,1001.2,-5.91,271.97,-0.02,5.8579,5.7657,126.6,0.0,1437.157, NAN, NAN, NAN, NAN,,2024/03/30 01:58:32.844,2024-03-30 01:58:32.844000+00:00
2024/03/30, 01:59:32.844,41.524,-70.672,-0.1,25.31,167.72,0.01, NAN,6.5, NAN,999.1, NAN,0.0, NAN,102.0, NAN,261, NAN,12.2, NAN,54.3, NAN,12.2, NAN,286.3, NAN,1001.2,-5.9,272.16,-0.02,5.8579,5.7669,126.6,0.0,1437.162, NAN, NAN, NAN, NAN,,2024/03/30 01:59:32.844,2024-03-30 01:59:32.844000+00:00
2024/03/30, 02:00:32.844,41.524,-70.672,-0.27,25.29,12.4,0.01, NAN,6.5, NAN,999.0, NAN,0.0, NAN,102.0, NAN,267, NAN,11.5, NAN,54.3, NAN,11.5, NAN,292.3, NAN,1001.1,-5.97,272.02,-0.02,5.8579,5.7676,126.6,0.0,1437.165, NAN, NAN, NAN, NAN,,2024/03/30 02:00:32.844,2024-03-30 02:00:32.844000+00:00
2024/03/30, 02:01:32.844,41.524,-70.672,-0.21,25.4,285.09,0.02, NAN,6.4, NAN,999.0, NAN,0.0, NAN,102.0, NAN,273, NAN,12.7, NAN,56.3, NAN,12.7, NAN,298.4, NAN,1001.1,-6.04,272.2,-0.03,5.8578,5.7681,126.9,0.0,1437.167, NAN, NAN, NAN, NAN,,2024/03/30 02:01:32.844,2024-03-30 02:01:32.844000+00:00
2024/03/30, 02:02:32.844,41.524,-70.672,-0.41,25.26,354.53,0.01, NAN,6.4, NAN,999.0, NAN,0.0, NAN,102.0, NAN,263, NAN,15.0, NAN,56.2, NAN,15.0, NAN,288.3, NAN,1001.1,-6.12,272.08,-0.03,5.8578,5.7679,126.9,0.0,1437.166, NAN, NAN, NAN, NAN,,2024/03/30 02:02:32.844,2024-03-30 02:02:32.844000+00:00
2024/03/30, 02:03:32.844,41.524,-70.672,-0.34,25.33,228.03,0.0, NAN,6.4, NAN,999.0, NAN,0.0, NAN,102.0, NAN,269, NAN,13.0, NAN,53.7, NAN,13.0, NAN,294.3, NAN,1001.1,-6.0,272.68,-0.02,5.8578,5.7682,126.6,0.0,1437.167, NAN, NAN, NAN, NAN,,2024/03/30 02:03:32.844,2024-03-30 02:03:32.844000+00:00
2024/03/30, 02:04:32.844,41.524,-70.672,-0.29,25.34,320.55,0.02, NAN,6.4, NAN,999.0, NAN,0.0, NAN,102.0, NAN,252, NAN,14.8, NAN,53.2, NAN,14.8, NAN,277.3, NAN,1001.1,-5.96,272.76,-0.03,5.8577,5.7697,126.9,0.0,1437.174, NAN, NAN, NAN, NAN,,2024/03/30 02:04:32.844,2024-03-30 02:04:32.844000+00:00
2024/03/30, 02:05:32.844,41.524,-70.672,-0.11,25.37,258.91,0.01, NAN,6.4, NAN,999.1, NAN,0.0, NAN,102.0, NAN,257, NAN,13.5, NAN,53.3, NAN,13.5, NAN,282.4, NAN,1001.2,-5.85,272.93,-0.03,5.8577,5.7719,127.2,0.0,1437.183, NAN, NAN, NAN, NAN,,2024/03/30 02:05:32.844,2024-03-30 02:05:32.844000+00:00
2024/03/30, 02:06:32.844,41.524,-70.672,-0.13,25.44,342.84,0.01, NAN,6.4, NAN,999.1, NAN,0.0, NAN,102.0, NAN,260, NAN,14.0, NAN,55.3, NAN,14.0, NAN,285.4, NAN,1001.2,-5.94,272.99,-0.03,5.8577,5.7726,126.9,0.0,1437.186, NAN, NAN, NAN, NAN,,2024/03/30 02:06:32.844,2024-03-30 02:06:32.844000+00:00
2024/03/30, 02:07:32.844,41.524,-70.672,-0.08,25.31,146.45,0.01, NAN,6.3, NAN,999.0, NAN,0.0, NAN,102.0, NAN,264, NAN,16.1, NAN,54.4, NAN,16.1, NAN,289.3, NAN,1001.1,-5.94,273.09,-0.04,5.8577,5.7733,126.9,0.0,1437.189, NAN, NAN, NAN, NAN,,2024/03/30 02:07:32.844,2024-03-30 02:07:32.844000+00:00
2024/03/30, 02:08:32.844,41.524,-70.672,-0.11,25.37,316.45,0.0, NAN,6.3, NAN,999.1, NAN,0.0, NAN,102.0, NAN,260, NAN,15.5, NAN,52.4, NAN,15.5, NAN,285.4, NAN,1001.2,-5.96,273.56,-0.04,5.8577,5.7738,126.9,0.0,1437.192, NAN, NAN, NAN, NAN,,2024/03/30 02:08:32.844,2024-03-30 02:08:32.844000+00:00
2024/03/30, 02:09:32.844,41.524,-70.672,-0.06,25.37,147.47,0.0, NAN,6.3, NAN,998.9, NAN,0.0, NAN,102.0, NAN,256, NAN,13.3, NAN,51.9, NAN,13.3, NAN,281.4, NAN,1001.0,-5.8,273.28,-0.04,5.8577,5.7737,126.9,0.0,1437.191, NAN, NAN, NAN, NAN,,2024/03/30 02:09:32.844,2024-03-30 02:09:32.844000+00:00
2024/03/30, 02:10:32.844,41.524,-70.672,0.03,25.29,37.48,0.02, NAN,6.3, NAN,999.1, NAN,0.0, NAN,102.0, NAN,251, NAN,14.4, NAN,52.9, NAN,14.4, NAN,276.3, NAN,1001.2,-5.8,273.71,-0.03,5.8576,5.7739,126.9,0.0,1437.192, NAN, NAN, NAN, NAN,,2024/03/30 02:10:32.844,2024-03-30 02:10:32.844000+00:00
2024/03/30, 02:11:32.845,41.524,-70.672,-0.09,25.43,292.71,0.01, NAN,6.3, NAN,999.1, NAN,0.0, NAN,102.0, NAN,261, NAN,14.4, NAN,53.1, NAN,14.4, NAN,286.4, NAN,1001.2,-5.73,273.55,-0.03,5.8577,5.7747,126.9,0.0,1437.195, NAN, NAN, NAN, NAN,,2024/03/30 02:11:32.845,2024-03-30 02:11:32.845000+00:00
2024/03/30, 02:12:32.845,41.524,-70.672,-0.05,25.37,302.03,0.01, NAN,6.3, NAN,999.2, NAN,0.0, NAN,102.0, NAN,264, NAN,12.1, NAN,54.3, NAN,12.1, NAN,289.3, NAN,1001.3,-5.94,273.47,-0.03,5.8576,5.7738,127.2,0.0,1437.191, NAN, NAN, NAN, NAN,,2024/03/30 02:12:32.845,2024-03-30 02:12:32.845000+00:00
2024/03/30, 02:13:32.845,41.524,-70.672,-0.09,25.41,245.22,0.02, NAN,6.2, NAN,999.1, NAN,0.0, NAN,102.0, NAN,267, NAN,10.9, NAN,55.7, NAN,10.9, NAN,292.4, NAN,1001.2,-5.96,273.62,-0.03,5.8576,5.7719,126.6,0.0,1437.183, NAN, NAN, NAN, NAN,,2024/03/30 02:13:32.845,2024-03-30 02:13:32.845000+00:00
2024/03/30, 02:14:32.845,41.524,-70.672,-0.2,25.42,329.52,0.02, NAN,6.2, NAN,999.1, NAN,0.0, NAN,102.0, NAN,265, NAN,12.6, NAN,56.5, NAN,12.6, NAN,290.4, NAN,1001.2,-6.0,273.64,-0.03,5.8576,5.7715,126.3,0.0,1437.181, NAN, NAN, NAN, NAN,,2024/03/30 02:14:32.845,2024-03-30 02:14:32.845000+00:00
2024/03/30, 02:15:32.845,41.524,-70.672,-0.14,25.41,30.69,0.02, NAN,6.2, NAN,999.1, NAN,0.0, NAN,102.0, NAN,265, NAN,12.1, NAN,56.1, NAN,12.1, NAN,290.4, NAN,1001.2,-5.95,273.8,-0.02,5.8575,5.7719,128.4,0.0,1437.183, NAN, NAN, NAN, NAN,,2024/03/30 02:15:32.845,2024-03-30 02:15:32.845000+00:00
2024/03/30, 02:16:32.845,41.524,-70.672,-0.23,25.39,212.79,0.01, NAN,6.1, NAN,999.1, NAN,0.0, NAN,102.0, NAN,254, NAN,14.7, NAN,56.8, NAN,14.7, NAN,279.4, NAN,1001.2,-5.99,274.06,-0.03,5.8575,5.7719,126.6,0.0,1437.183, NAN, NAN, NAN, NAN,,2024/03/30 02:16:32.845,2024-03-30 02:16:32.845000+00:00
2024/03/30, 02:17:32.845,41.524,-70.672,-0.26,25.44,9.79,0.02, NAN,6.1, NAN,999.1, NAN,0.0, NAN,102.0, NAN,268, NAN,15.7, NAN,52.7, NAN,15.7, NAN,293.4, NAN,1001.2,-5.86,274.14,-0.02,5.8575,5.7715,126.6,0.0,1437.181, NAN, NAN, NAN, NAN,,2024/03/30 02:17:32.845,2024-03-30 02:17:32.845000+00:00
2024/03/30, 02:18:32.845,41.524,-70.672,0.01,25.46,103.76,0.0, NAN,6.1, NAN,999.2, NAN,0.0, NAN,102.0, NAN,261, NAN,13.9, NAN,52.5, NAN,13.9, NAN,286.5, NAN,1001.3,-5.73,273.91,-0.02,5.8575,5.77,126.6,0.0,1437.175, NAN, NAN, NAN, NAN,,2024/03/30 02:18:32.845,2024-03-30 02:18:32.845000+00:00
2024/03/30, 02:19:32.845,41.524,-70.672,-0.18,25.36,144.65,0.01, NAN,6.1, NAN,999.3, NAN,0.0, NAN,102.0, NAN,267, NAN,14.4, NAN,54.0, NAN,14.4, NAN,292.4, NAN,1001.4,-5.7,273.95,-0.03,5.8574,5.7682,126.9,0.0,1437.167, NAN, NAN, NAN, NAN,,2024/03/30 02:19:32.845,2024-03-30 02:19:32.845000+00:00
2024/03/30, 02:20:32.845,41.524,-70.672,-0.25,25.34,162.81,0.02, NAN,6.1, NAN,999.1, NAN,0.0, NAN,102.0, NAN,252, NAN,14.5, NAN,54.2, NAN,14.5, NAN,277.4, NAN,1001.2,-5.88,274.07,-0.02,5.8575,5.7666,126.6,0.0,1437.16, NAN, NAN, NAN, NAN,,2024/03/30 02:20:32.845,2024-03-30 02:20:32.845000+00:00
2024/03/30, 02:21:32.845,41.524,-70.672,-0.18,25.42,207.13,0.01, NAN,6.1, NAN,999.3, NAN,0.0, NAN,102.0, NAN,263, NAN,14.4, NAN,54.8, NAN,14.4, NAN,288.4, NAN,1001.4,-5.85,274.24,-0.02,5.8574,5.7649,126.6,0.0,1437.153, NAN, NAN, NAN, NAN,,2024/03/30 02:21:32.845,2024-03-30 02:21:32.845000+00:00
2024/03/30, 02:22:32.845,41.524,-70.672,-0.16,25.54,323.33,0.02, NAN,6.1, NAN,999.3, NAN,0.0, NAN,102.0, NAN,260, NAN,16.7, NAN,55.4, NAN,16.7, NAN,285.5, NAN,1001.4,-5.9,273.98,-0.03,5.8574,5.7642,126.9,0.0,1437.15, NAN, NAN, NAN, NAN,,2024/03/30 02:22:32.845,2024-03-30 02:22:32.845000+00:00
2024/03/30, 02:23:32.845,41.524,-70.672,-0.18,25.33,133.8,0.0, NAN,6.1, NAN,999.2, NAN,0.0, NAN,102.0, NAN,249, NAN,15.4, NAN,53.7, NAN,15.4, NAN,274.3, NAN,1001.3,-5.77,274.19,-0.03,5.8574,5.7643,126.9,0.0,1437.15, NAN, NAN, NAN, NAN,,2024/03/30 02:23:32.845,2024-03-30 02:23:32.845000+00:00
2024/03/30, 02:24:32.845,41.524,-70.672,-0.24,25.35,327.18,0.01, NAN,6.1, NAN,999.1, NAN,0.0, NAN,102.0, NAN,256, NAN,13.5, NAN,53.1, NAN,13.5, NAN,281.3, NAN,1001.2,-5.72,273.99,-0.03,5.8575,5.7651,126.6,0.0,1437.154, NAN, NAN, NAN, NAN,,2024/03/30 02:24:32.845,2024-03-30 02:24:32.845000+00:00
2024/03/30, 02:25:32.845,41.524,-70.672,-0.25,25.36,164.76,0.01, NAN,6.1, NAN,999.3, NAN,0.0, NAN,102.0, NAN,262, NAN,13.4, NAN,54.9, NAN,13.4, NAN,287.4, NAN,1001.4,-5.76,273.98,-0.03,5.8573,5.7663,126.6,0.0,1437.159, NAN, NAN, NAN, NAN,,2024/03/30 02:25:32.845,2024-03-30 02:25:32.845000+00:00
2024/03/30, 02:26:32.845,41.524,-70.672,-0.21,25.39,117.18,0.02, NAN,6.0, NAN,999.3, NAN,0.0, NAN,102.0, NAN,263, NAN,15.1, NAN,55.3, NAN,15.1, NAN,288.4, NAN,1001.4,-5.76,273.74,-0.02,5.8574,5.7675,126.9,0.0,1437.164, NAN, NAN, NAN, NAN,,2024/03/30 02:26:32.845,2024-03-30 02:26:32.845000+00:00
2024/03/30, 02:27:32.845,41.524,-70.672,-0.22,25.44,84.06,0.02, NAN,6.0, NAN,999.3, NAN,0.0, NAN,102.0, NAN,260, NAN,14.9, NAN,53.9, NAN,14.9, NAN,285.4, NAN,1001.4,-5.86,273.45,-0.03,5.8572,5.7687,126.9,0.0,1437.169, NAN, NAN, NAN, NAN,,2024/03/30 02:27:32.845,2024-03-30 02:27:32.845000+00:00
2024/03/30, 02:28:32.846,41.524,-70.672,-0.18,25.35,194.78,0.0, NAN,6.0, NAN,999.3, NAN,0.0, NAN,102.0, NAN,272, NAN,11.9, NAN,53.9, NAN,11.9, NAN,297.4, NAN,1001.4,-5.85,273.55,-0.03,5.8573,5.7693,126.9,0.0,1437.172, NAN, NAN, NAN, NAN,,2024/03/30 02:28:32.846,2024-03-30 02:28:32.846000+00:00
2024/03/30, 02:29:32.846,41.524,-70.672,-0.21,25.38,291.84,0.01, NAN,6.0, NAN,999.1, NAN,0.0, NAN,102.0, NAN,253, NAN,15.2, NAN,55.7, NAN,15.2, NAN,278.4, NAN,1001.2,-5.83,273.34,-0.03,5.8572,5.7698,126.9,0.0,1437.174, NAN, NAN, NAN, NAN,,2024/03/30 02:29:32.846,2024-03-30 02:29:32.846000+00:00
2024/03/30, 02:30:32.846,41.524,-70.672,-0.01,25.42,168.12,0.01, NAN,5.9, NAN,999.3, NAN,0.0, NAN,102.0, NAN,259, NAN,15.1, NAN,54.2, NAN,15.1, NAN,284.4, NAN,1001.4,-5.82,273.35,-0.03,5.8572,5.7691,126.9,0.0,1437.171, NAN, NAN, NAN, NAN,,2024/03/30 02:30:32.846,2024-03-30 02:30:32.846000+00:00
2024/03/30, 02:31:32.846,41.524,-70.672,-0.14,25.41,343.69,0.02, NAN,5.9, NAN,999.3, NAN,0.0, NAN,102.0, NAN,251, NAN,13.7, NAN,54.6, NAN,13.7, NAN,276.4, NAN,1001.4,-5.82,273.07,-0.03,5.8573,5.7696,126.9,0.0,1437.173, NAN, NAN, NAN, NAN,,2024/03/30 02:31:32.846,2024-03-30 02:31:32.846000+00:00
2024/03/30, 02:32:32.846,41.524,-70.672,-0.16,25.38,320.66,0.01, NAN,5.9, NAN,999.4, NAN,0.0, NAN,102.0, NAN,247, NAN,15.2, NAN,56.5, NAN,15.2, NAN,272.4, NAN,1001.5,-5.9,272.98,-0.02,5.8572,5.7669,126.9,0.0,1437.161, NAN, NAN, NAN, NAN,,2024/03/30 02:32:32.846,2024-03-30 02:32:32.846000+00:00
2024/03/30, 02:33:32.846,41.524,-70.672,-0.1,25.37,275.97,0.01, NAN,5.9, NAN,999.3, NAN,0.0, NAN,102.0, NAN,258, NAN,14.5, NAN,55.4, NAN,14.5, NAN,283.3, NAN,1001.4,-5.94,272.99,-0.02,5.8572,5.7613,126.3,0.0,1437.137, NAN, NAN, NAN, NAN,,2024/03/30 02:33:32.846,2024-03-30 02:33:32.846000+00:00
2024/03/30, 02:34:32.846,41.524,-70.672,-0.11,25.36,291.7,0.01, NAN,5.8, NAN,999.3, NAN,0.0, NAN,102.0, NAN,254, NAN,14.7, NAN,54.7, NAN,14.7, NAN,279.4, NAN,1001.4,-5.87,273.05,-0.02,5.8571,5.7582,126.6,0.0,1437.123, NAN, NAN, NAN, NAN,,2024/03/30 02:34:32.846,2024-03-30 02:34:32.846000+00:00
2024/03/30, 02:35:32.846,41.524,-70.672,-0.2,25.38,19.03,0.01, NAN,5.8, NAN,999.3, NAN,0.0, NAN,102.0, NAN,256, NAN,13.1, NAN,54.6, NAN,13.1, NAN,281.4, NAN,1001.4,-5.83,272.8,-0.02,5.8572,5.7559,126.6,0.0,1437.113, NAN, NAN, NAN, NAN,,2024/03/30 02:35:32.846,2024-03-30 02:35:32.846000+00:00
2024/03/30, 02:36:32.846,41.524,-70.672,-0.23,25.43,320.02,0.01, NAN,5.8, NAN,999.3, NAN,0.0, NAN,102.0, NAN,256, NAN,15.3, NAN,55.8, NAN,15.3, NAN,281.4, NAN,1001.4,-5.84,272.84,-0.02,5.8571,5.7559,126.9,0.0,1437.113, NAN, NAN, NAN, NAN,,2024/03/30 02:36:32.846,2024-03-30 02:36:32.846000+00:00
2024/03/30, 02:37:32.846,41.524,-70.672,-0.23,25.34,56.99,0.02, NAN,5.8, NAN,999.3, NAN,0.0, NAN,102.0, NAN,260, NAN,14.5, NAN,55.7, NAN,14.5, NAN,285.3, NAN,1001.4,-5.83,272.68,-0.03,5.8572,5.759,126.9,0.0,1437.127, NAN, NAN, NAN, NAN,,2024/03/30 02:37:32.846,2024-03-30 02:37:32.846000+00:00
2024/03/30, 02:38:32.846,41.524,-70.672,-0.26,25.47,297.29,0.04, NAN,5.8, NAN,999.3, NAN,0.0, NAN,102.0, NAN,250, NAN,15.1, NAN,55.0, NAN,15.1, NAN,275.5, NAN,1001.4,-5.77,272.4,-0.02,5.8571,5.7625,126.9,0.0,1437.142, NAN, NAN, NAN, NAN,,2024/03/30 02:38:32.846,2024-03-30 02:38:32.846000+00:00
2024/03/30, 02:39:32.846,41.524,-70.672,-0.44,25.4,247.25,0.0, NAN,5.7, NAN,999.4, NAN,0.0, NAN,102.0, NAN,259, NAN,15.4, NAN,55.5, NAN,15.4, NAN,284.4, NAN,1001.5,-5.87,272.59,-0.02,5.857,5.7643,126.6,0.0,1437.149, NAN, NAN, NAN, NAN,,2024/03/30 02:39:32.846,2024-03-30 02:39:32.846000+00:00
2024/03/30, 02:40:32.846,41.524,-70.672,-0.38,25.29,80.38,0.01, NAN,5.7, NAN,999.3, NAN,0.0, NAN,102.0, NAN,266, NAN,14.7, NAN,54.3, NAN,14.7, NAN,291.3, NAN,1001.4,-5.85,272.51,-0.02,5.857,5.7649,126.6,0.0,1437.152, NAN, NAN, NAN, NAN,,2024/03/30 02:40:32.846,2024-03-30 02:40:32.846000+00:00
2024/03/30, 02:41:32.846,41.524,-70.672,-0.23,25.4,21.63,0.01, NAN,5.7, NAN,999.3, NAN,0.0, NAN,102.0, NAN,259, NAN,13.8, NAN,54.8, NAN,13.8, NAN,284.4, NAN,1001.4,-5.74,272.32,-0.02,5.857,5.7641,126.6,0.0,1437.149, NAN, NAN, NAN, NAN,,2024/03/30 02:41:32.846,2024-03-30 02:41:32.846000+00:00
2024/03/30, 02:42:32.846,41.524,-70.672,0.02,25.36,341.24,0.01, NAN,5.7, NAN,999.5, NAN,0.0, NAN,102.0, NAN,261, NAN,12.0, NAN,55.4, NAN,12.0, NAN,286.3, NAN,1001.6,-5.79,272.33,-0.02,5.8571,5.7623,126.9,0.0,1437.141, NAN, NAN, NAN, NAN,,2024/03/30 02:42:32.846,2024-03-30 02:42:32.846000+00:00
2024/03/30, 02:43:32.846,41.524,-70.672,-0.23,25.37,256.18,0.02, NAN,5.7, NAN,999.5, NAN,0.0, NAN,102.0, NAN,261, NAN,13.6, NAN,55.7, NAN,13.6, NAN,286.4, NAN,1001.6,-5.83,271.91,-0.02,5.857,5.7607,126.3,0.0,1437.134, NAN, NAN, NAN, NAN,,2024/03/30 02:43:32.846,2024-03-30 02:43:32.846000+00:00
2024/03/30, 02:44:32.847,41.524,-70.672,-0.21,25.31,81.11,0.01, NAN,5.7, NAN,999.3, NAN,0.0, NAN,102.0, NAN,266, NAN,13.6, NAN,54.1, NAN,13.6, NAN,291.3, NAN,1001.4,-5.83,272.21,-0.02,5.857,5.7592,126.3,0.0,1437.127, NAN, NAN, NAN, NAN,,2024/03/30 02:44:32.847,2024-03-30 02:44:32.847000+00:00
2024/03/30, 02:45:32.847,41.524,-70.672,-0.24,25.38,69.55,0.01, NAN,5.7, NAN,999.4, NAN,0.0, NAN,102.0, NAN,262, NAN,14.0, NAN,55.6, NAN,14.0, NAN,287.4, NAN,1001.5,-5.88,271.84,-0.02,5.857,5.7585,126.9,0.0,1437.124, NAN, NAN, NAN, NAN,,2024/03/30 02:45:32.847,2024-03-30 02:45:32.847000+00:00
2024/03/30, 02:46:32.847,41.524,-70.672,-0.23,25.51,49.38,0.02, NAN,5.7, NAN,999.5, NAN,0.0, NAN,102.0, NAN,262, NAN,12.4, NAN,56.4, NAN,12.4, NAN,287.5, NAN,1001.6,-5.87,271.75,-0.02,5.857,5.7574,126.9,0.0,1437.12, NAN, NAN, NAN, NAN,,2024/03/30 02:46:32.847,2024-03-30 02:46:32.847000+00:00
2024/03/30, 02:47:32.847,41.524,-70.672,-0.07,25.32,215.72,0.01, NAN,5.6, NAN,999.3, NAN,0.0, NAN,102.0, NAN,260, NAN,13.0, NAN,56.6, NAN,13.0, NAN,285.3, NAN,1001.4,-5.9,271.88,-0.02,5.857,5.7579,126.3,0.0,1437.122, NAN, NAN, NAN, NAN,,2024/03/30 02:47:32.847,2024-03-30 02:47:32.847000+00:00
2024/03/30, 02:48:32.847,41.524,-70.672,-0.25,25.4,284.65,0.0, NAN,5.6, NAN,999.4, NAN,0.0, NAN,102.0, NAN,253, NAN,16.5, NAN,54.9, NAN,16.5, NAN,278.4, NAN,1001.5,-5.86,271.57,-0.01,5.8571,5.7589,126.0,0.0,1437.126, NAN, NAN, NAN, NAN,,2024/03/30 02:48:32.847,2024-03-30 02:48:32.847000+00:00
2024/03/30, 02:49:32.847,41.524,-70.672,-0.26,25.31,351.95,0.01, NAN,5.6, NAN,999.5, NAN,0.0, NAN,102.0, NAN,255, NAN,13.9, NAN,54.1, NAN,13.9, NAN,280.3, NAN,1001.6,-5.75,271.36,-0.02,5.857,5.7597,126.6,0.0,1437.13, NAN, NAN, NAN, NAN,,2024/03/30 02:49:32.847,2024-03-30 02:49:32.847000+00:00
2024/03/30, 02:50:32.847,41.524,-70.672,-0.14,25.34,159.67,0.02, NAN,5.6, NAN,999.4, NAN,0.0, NAN,102.0, NAN,261, NAN,13.9, NAN,56.3, NAN,13.9, NAN,286.4, NAN,1001.5,-5.8,271.31,-0.01,5.8571,5.7604,126.3,0.0,1437.133, NAN, NAN, NAN, NAN,,2024/03/30 02:50:32.847,2024-03-30 02:50:32.847000+00:00
2024/03/30, 02:51:32.847,41.524,-70.672,-0.18,25.25,77.59,0.02, NAN,5.6, NAN,999.4, NAN,0.0, NAN,102.0, NAN,260, NAN,12.9, NAN,54.3, NAN,12.9, NAN,285.2, NAN,1001.5,-5.77,271.3,-0.02,5.857,5.7604,126.9,0.0,1437.133, NAN, NAN, NAN, NAN,,2024/03/30 02:51:32.847,2024-03-30 02:51:32.847000+00:00
2024/03/30, 02:52:32.847,41.524,-70.672,-0.18,25.29,42.05,0.0, NAN,5.6, NAN,999.5, NAN,0.0, NAN,102.0, NAN,260, NAN,13.9, NAN,56.2, NAN,13.9, NAN,285.3, NAN,1001.6,-5.83,270.79,-0.01,5.857,5.7613,126.6,0.0,1437.136, NAN, NAN, NAN, NAN,,2024/03/30 02:52:32.847,2024-03-30 02:52:32.847000+00:00
2024/03/30, 02:53:32.847,41.524,-70.672,-0.16,25.37,241.75,0.01, NAN,5.6, NAN,999.5, NAN,0.0, NAN,102.0, NAN,266, NAN,12.3, NAN,55.7, NAN,12.3, NAN,291.4, NAN,1001.6,-5.94,271.24,-0.02,5.857,5.7621,126.6,0.0,1437.14, NAN, NAN, NAN, NAN,,2024/03/30 02:53:32.847,2024-03-30 02:53:32.847000+00:00
2024/03/30, 02:54:32.847,41.524,-70.672,-0.16,25.32,341.98,0.01, NAN,5.6, NAN,999.4, NAN,0.0, NAN,102.0, NAN,263, NAN,12.4, NAN,55.9, NAN,12.4, NAN,288.3, NAN,1001.5,-5.82,270.88,-0.01,5.857,5.7629,126.6,0.0,1437.143, NAN, NAN, NAN, NAN,,2024/03/30 02:54:32.847,2024-03-30 02:54:32.847000+00:00
2024/03/30, 02:55:32.847,41.524,-70.672,-0.16,25.3,139.59,0.02, NAN,5.6, NAN,999.5, NAN,0.0, NAN,102.0, NAN,256, NAN,12.9, NAN,56.7, NAN,12.9, NAN,281.3, NAN,1001.6,-5.9,270.82,-0.02,5.857,5.7631,126.6,0.0,1437.144, NAN, NAN, NAN, NAN,,2024/03/30 02:55:32.847,2024-03-30 02:55:32.847000+00:00
2024/03/30, 02:56:32.847,41.524,-70.672,-0.19,25.41,314.73,0.04, NAN,5.5, NAN,999.5, NAN,0.0, NAN,102.0, NAN,253, NAN,14.1, NAN,56.6, NAN,14.1, NAN,278.3, NAN,1001.6,-5.93,270.65,-0.02,5.857,5.762,127.2,0.0,1437.14, NAN, NAN, NAN, NAN,,2024/03/30 02:56:32.847,2024-03-30 02:56:32.847000+00:00
2024/03/30, 02:57:32.847,41.524,-70.672,-0.18,25.37,324.46,0.03, NAN,5.5, NAN,999.5, NAN,0.0, NAN,102.0, NAN,252, NAN,13.1, NAN,58.4, NAN,13.1, NAN,277.3, NAN,1001.6,-5.99,270.5,-0.02,5.8569,5.7598,126.3,0.0,1437.13, NAN, NAN, NAN, NAN,,2024/03/30 02:57:32.847,2024-03-30 02:57:32.847000+00:00
2024/03/30, 02:58:32.847,41.524,-70.672,-0.25,25.37,296.19,0.01, NAN,5.5, NAN,999.5, NAN,0.0, NAN,102.0, NAN,254, NAN,12.6, NAN,58.2, NAN,12.6, NAN,279.4, NAN,1001.6,-5.82,270.29,-0.03,5.857,5.758,126.6,0.0,1437.122, NAN, NAN, NAN, NAN,,2024/03/30 02:58:32.847,2024-03-30 02:58:32.847000+00:00
2024/03/30, 02:59:32.847,41.524,-70.672,-0.27,25.25,159.62,0.02, NAN,5.5, NAN,999.5, NAN,0.0, NAN,102.0, NAN,262, NAN,12.6, NAN,57.2, NAN,12.6, NAN,287.3, NAN,1001.6,-5.84,270.01,-0.01,5.857,5.7561,126.6,0.0,1437.114, NAN, NAN, NAN, NAN,,2024/03/30 02:59:32.847,2024-03-30 02:59:32.847000+00:00
2024/03/30, 03:00:32.847,41.524,-70.672,-0.18,25.27,111.19,0.02, NAN,5.5, NAN,999.4, NAN,0.0, NAN,102.0, NAN,257, NAN,12.6, NAN,56.7, NAN,12.6, NAN,282.3, NAN,1001.5,-5.97,270.15,-0.02,5.857,5.7543,126.6,0.0,1437.106, NAN, NAN, NAN, NAN,,2024/03/30 03:00:32.847,2024-03-30 03:00:32.847000+00:00
2024/03/30, 03:01:32.848,41.524,-70.672,-0.13,25.46,321.45,0.03, NAN,5.5, NAN,999.5, NAN,0.0, NAN,102.0, NAN,259, NAN,16.2, NAN,57.4, NAN,16.2, NAN,284.4, NAN,1001.6,-6.05,269.95,-0.02,5.857,5.7538,126.9,0.0,1437.104, NAN, NAN, NAN, NAN,,2024/03/30 03:01:32.848,2024-03-30 03:01:32.848000+00:00
2024/03/30, 03:02:32.848,41.524,-70.672,-0.18,25.35,154.08,0.01, NAN,5.5, NAN,999.3, NAN,0.0, NAN,102.0, NAN,261, NAN,14.9, NAN,55.8, NAN,14.9, NAN,286.4, NAN,1001.4,-5.86,269.76,-0.02,5.857,5.7544,126.0,0.0,1437.107, NAN, NAN, NAN, NAN,,2024/03/30 03:02:32.848,2024-03-30 03:02:32.848000+00:00
2024/03/30, 03:03:32.848,41.524,-70.672,-0.16,25.37,117.25,0.01, NAN,5.5, NAN,999.3, NAN,0.0, NAN,102.0, NAN,259, NAN,14.1, NAN,54.4, NAN,14.1, NAN,284.4, NAN,1001.4,-5.71,269.64,-0.02,5.857,5.7545,126.6,0.0,1437.107, NAN, NAN, NAN, NAN,,2024/03/30 03:03:32.848,2024-03-30 03:03:32.848000+00:00
2024/03/30, 03:04:32.848,41.524,-70.672,-0.17,25.44,335.69,0.01, NAN,5.5, NAN,999.4, NAN,0.0, NAN,102.0, NAN,260, NAN,16.0, NAN,55.8, NAN,16.0, NAN,285.4, NAN,1001.5,-5.87,269.41,-0.02,5.857,5.7532,126.6,0.0,1437.101, NAN, NAN, NAN, NAN,,2024/03/30 03:04:32.848,2024-03-30 03:04:32.848000+00:00
2024/03/30, 03:05:32.848,41.524,-70.672,-0.03,25.46,356.14,0.02, NAN,5.5, NAN,999.3, NAN,0.0, NAN,102.0, NAN,252, NAN,14.6, NAN,55.3, NAN,14.6, NAN,277.4, NAN,1001.4,-5.78,269.34,-0.03,5.8571,5.7479,126.9,0.0,1437.079, NAN, NAN, NAN, NAN,,2024/03/30 03:05:32.848,2024-03-30 03:05:32.848000+00:00
2024/03/30, 03:06:32.848,41.524,-70.672,0.01,25.33,75.65,0.02, NAN,5.5, NAN,999.5, NAN,0.0, NAN,102.0, NAN,249, NAN,14.4, NAN,57.0, NAN,14.4, NAN,274.3, NAN,1001.6,-5.87,269.3,-0.03,5.8571,5.7452,126.6,0.0,1437.067, NAN, NAN, NAN, NAN,,2024/03/30 03:06:32.848,2024-03-30 03:06:32.848000+00:00
2024/03/30, 03:07:32.848,41.524,-70.672,-0.02,25.37,30.84,0.01, NAN,5.4, NAN,999.5, NAN,0.0, NAN,102.0, NAN,259, NAN,16.1, NAN,56.9, NAN,16.1, NAN,284.4, NAN,1001.6,-5.85,268.79,-0.02,5.8571,5.7439,126.3,0.0,1437.061, NAN, NAN, NAN, NAN,,2024/03/30 03:07:32.848,2024-03-30 03:07:32.848000+00:00
2024/03/30, 03:08:32.848,41.524,-70.672,-0.07,25.42,101.74,0.02, NAN,5.4, NAN,999.5, NAN,0.0, NAN,102.0, NAN,265, NAN,13.3, NAN,55.2, NAN,13.3, NAN,290.4, NAN,1001.6,-5.78,268.76,-0.02,5.8571,5.7414,126.3,0.0,1437.05, NAN, NAN, NAN, NAN,,2024/03/30 03:08:32.848,2024-03-30 03:08:32.848000+00:00
2024/03/30, 03:09:32.848,41.524,-70.672,-0.07,25.31,337.79,0.02, NAN,5.4, NAN,999.5, NAN,0.0, NAN,102.0, NAN,262, NAN,13.2, NAN,56.6, NAN,13.2, NAN,287.3, NAN,1001.6,-5.82,268.51,-0.02,5.8572,5.7402,126.9,0.0,1437.045, NAN, NAN, NAN, NAN,,2024/03/30 03:09:32.848,2024-03-30 03:09:32.848000+00:00
2024/03/30, 03:10:32.848,41.524,-70.672,-0.02,25.37,282.11,0.01, NAN,5.4, NAN,999.5, NAN,0.0, NAN,102.0, NAN,267, NAN,12.6, NAN,57.6, NAN,12.6, NAN,292.4, NAN,1001.6,-5.85,268.38,-0.02,5.8572,5.7387,126.3,0.0,1437.039, NAN, NAN, NAN, NAN,,2024/03/30 03:10:32.848,2024-03-30 03:10:32.848000+00:00
2024/03/30, 03:11:32.848,41.524,-70.672,-0.17,25.49,307.38,0.01, NAN,5.4, NAN,999.5, NAN,0.0, NAN,102.0, NAN,262, NAN,15.9, NAN,58.1, NAN,15.9, NAN,287.5, NAN,1001.6,-5.9,268.08,-0.02,5.8572,5.739,126.6,0.0,1437.04, NAN, NAN, NAN, NAN,,2024/03/30 03:11:32.848,2024-03-30 03:11:32.848000+00:00
2024/03/30, 03:12:32.848,41.524,-70.672,-0.13,25.42,28.19,0.01, NAN,5.4, NAN,999.5, NAN,0.0, NAN,102.0, NAN,255, NAN,13.2, NAN,56.9, NAN,13.2, NAN,280.4, NAN,1001.6,-5.77,268.06,-0.03,5.8573,5.7383,126.6,0.0,1437.037, NAN, NAN, NAN, NAN,,2024/03/30 03:12:32.848,2024-03-30 03:12:32.848000+00:00
2024/03/30, 03:13:32.848,41.524,-70.672,-0.15,25.31,123.75,0.01, NAN,5.4, NAN,999.6, NAN,0.0, NAN,102.0, NAN,262, NAN,12.5, NAN,57.6, NAN,12.5, NAN,287.3, NAN,1001.7,-5.9,267.82,-0.02,5.8573,5.7379,126.3,0.0,1437.035, NAN, NAN, NAN, NAN,,2024/03/30 03:13:32.848,2024-03-30 03:13:32.848000+00:00
2024/03/30, 03:14:32.848,41.524,-70.672,-0.08,25.38,255.77,0.0, NAN,5.4, NAN,999.5, NAN,0.0, NAN,102.0, NAN,258, NAN,14.4, NAN,59.0, NAN,14.4, NAN,283.4, NAN,1001.6,-5.97,267.47,-0.02,5.8574,5.7375,126.6,0.0,1437.034, NAN, NAN, NAN, NAN,,2024/03/30 03:14:32.848,2024-03-30 03:14:32.848000+00:00
2024/03/30, 03:15:32.848,41.524,-70.672,0.03,25.39,8.53,0.02, NAN,5.3, NAN,999.5, NAN,0.0, NAN,102.0, NAN,261, NAN,13.8, NAN,55.3, NAN,13.8, NAN,286.4, NAN,1001.6,-5.9,267.36,-0.03,5.8574,5.7375,126.6,0.0,1437.034, NAN, NAN, NAN, NAN,,2024/03/30 03:15:32.848,2024-03-30 03:15:32.848000+00:00
2024/03/30, 03:16:32.848,41.524,-70.672,0.01,25.34,117.67,0.02, NAN,5.3, NAN,999.5, NAN,0.0, NAN,102.0, NAN,264, NAN,14.1, NAN,56.6, NAN,14.1, NAN,289.3, NAN,1001.6,-5.84,267.02,-0.02,5.8574,5.7348,126.9,0.0,1437.022, NAN, NAN, NAN, NAN,,2024/03/30 03:16:32.848,2024-03-30 03:16:32.848000+00:00
2024/03/30, 03:17:32.848,41.524,-70.672,0.03,25.39,191.59,0.02, NAN,5.3, NAN,999.6, NAN,0.0, NAN,102.0, NAN,264, NAN,13.9, NAN,57.2, NAN,13.9, NAN,289.4, NAN,1001.7,-5.88,266.89,-0.03,5.8575,5.7326,126.6,0.0,1437.013, NAN, NAN, NAN, NAN,,2024/03/30 03:17:32.848,2024-03-30 03:17:32.848000+00:00
2024/03/30, 03:18:32.849,41.524,-70.672,0.15,25.49,227.14,0.01, NAN,5.3, NAN,999.5, NAN,0.0, NAN,102.0, NAN,257, NAN,15.7, NAN,57.3, NAN,15.7, NAN,282.5, NAN,1001.6,-5.87,266.8,-0.03,5.8575,5.732,126.0,0.0,1437.01, NAN, NAN, NAN, NAN,,2024/03/30 03:18:32.849,2024-03-30 03:18:32.849000+00:00
2024/03/30, 03:19:32.849,41.524,-70.672,0.02,25.36,96.99,0.01, NAN,5.3, NAN,999.5, NAN,0.0, NAN,102.0, NAN,259, NAN,13.1, NAN,56.4, NAN,13.1, NAN,284.4, NAN,1001.6,-5.79,266.52,-0.02,5.8575,5.7299,126.3,0.0,1437.001, NAN, NAN, NAN, NAN,,2024/03/30 03:19:32.849,2024-03-30 03:19:32.849000+00:00
2024/03/30, 03:20:32.849,41.524,-70.672,0.01,25.3,108.96,0.03, NAN,5.3, NAN,999.5, NAN,0.0, NAN,102.0, NAN,257, NAN,14.1, NAN,57.6, NAN,14.1, NAN,282.3, NAN,1001.6,-5.86,266.29,-0.02,5.8574,5.7283,126.9,0.0,1436.994, NAN, NAN, NAN, NAN,,2024/03/30 03:20:32.849,2024-03-30 03:20:32.849000+00:00
2024/03/30, 03:21:32.849,41.524,-70.672,-0.05,25.45,170.71,0.01, NAN,5.3, NAN,999.7, NAN,0.0, NAN,102.0, NAN,255, NAN,15.3, NAN,57.0, NAN,15.3, NAN,280.5, NAN,1001.8,-5.79,266.27,-0.03,5.8575,5.7258,126.3,0.0,1436.983, NAN, NAN, NAN, NAN,,2024/03/30 03:21:32.849,2024-03-30 03:21:32.849000+00:00
2024/03/30, 03:22:32.849,41.524,-70.672,-0.04,25.42,303.55,0.01, NAN,5.3, NAN,999.7, NAN,0.0, NAN,102.0, NAN,261, NAN,14.2, NAN,55.5, NAN,14.2, NAN,286.4, NAN,1001.8,-5.79,266.1,-0.02,5.8575,5.7238,126.3,0.0,1436.975, NAN, NAN, NAN, NAN,,2024/03/30 03:22:32.849,2024-03-30 03:22:32.849000+00:00
2024/03/30, 03:23:32.849,41.524,-70.672,-0.08,25.55,312.7,0.06, NAN,5.3, NAN,999.6, NAN,0.0, NAN,102.0, NAN,260, NAN,16.0, NAN,55.8, NAN,16.0, NAN,285.4, NAN,1001.7,-5.85,265.49,-0.02,5.8575,5.7226,126.6,0.0,1436.969, NAN, NAN, NAN, NAN,,2024/03/30 03:23:32.849,2024-03-30 03:23:32.849000+00:00
2024/03/30, 03:24:32.849,41.524,-70.672,0.0,25.4,25.8,0.0, NAN,5.3, NAN,999.7, NAN,0.0, NAN,102.0, NAN,262, NAN,13.9, NAN,56.0, NAN,13.9, NAN,287.4, NAN,1001.8,-5.84,265.54,-0.02,5.8575,5.7182,126.6,0.0,1436.95, NAN, NAN, NAN, NAN,,2024/03/30 03:24:32.849,2024-03-30 03:24:32.849000+00:00
2024/03/30, 03:25:32.849,41.524,-70.672,-0.04,25.41,350.7,0.01, NAN,5.3, NAN,999.7, NAN,0.0, NAN,102.0, NAN,260, NAN,13.3, NAN,55.2, NAN,13.3, NAN,285.4, NAN,1001.8,-5.77,265.72,-0.03,5.8575,5.7134,126.9,0.0,1436.929, NAN, NAN, NAN, NAN,,2024/03/30 03:25:32.849,2024-03-30 03:25:32.849000+00:00
2024/03/30, 03:26:32.849,41.524,-70.672,-0.07,25.39,140.11,0.0, NAN,5.3, NAN,999.5, NAN,0.0, NAN,102.0, NAN,259, NAN,14.3, NAN,56.4, NAN,14.3, NAN,284.4, NAN,1001.6,-5.82,265.32,-0.02,5.8575,5.7106,126.0,0.0,1436.917, NAN, NAN, NAN, NAN,,2024/03/30 03:26:32.849,2024-03-30 03:26:32.849000+00:00
2024/03/30, 03:27:32.849,41.524,-70.672,0.02,25.37,105.99,0.01, NAN,5.3, NAN,999.8, NAN,0.0, NAN,102.0, NAN,259, NAN,16.6, NAN,56.1, NAN,16.6, NAN,284.4, NAN,1001.9,-5.85,265.06,-0.03,5.8574,5.7077,126.9,0.0,1436.905, NAN, NAN, NAN, NAN,,2024/03/30 03:27:32.849,2024-03-30 03:27:32.849000+00:00
2024/03/30, 03:28:32.849,41.524,-70.672,-0.09,25.47,139.42,0.02, NAN,5.3, NAN,999.8, NAN,0.0, NAN,102.0, NAN,259, NAN,15.3, NAN,54.9, NAN,15.3, NAN,284.5, NAN,1001.9,-5.78,264.96,-0.02,5.8575,5.7057,126.6,0.0,1436.896, NAN, NAN, NAN, NAN,,2024/03/30 03:28:32.849,2024-03-30 03:28:32.849000+00:00
2024/03/30, 03:29:32.849,41.524,-70.672,0.01,25.42,92.83,0.01, NAN,5.2, NAN,999.7, NAN,0.0, NAN,102.0, NAN,260, NAN,14.4, NAN,54.7, NAN,14.4, NAN,285.4, NAN,1001.8,-5.86,264.86,-0.02,5.8575,5.7057,126.3,0.0,1436.896, NAN, NAN, NAN, NAN,,2024/03/30 03:29:32.849,2024-03-30 03:29:32.849000+00:00
2024/03/30, 03:30:32.849,41.524,-70.672,-0.19,25.5,326.69,0.02, NAN,5.2, NAN,999.7, NAN,0.0, NAN,102.0, NAN,263, NAN,14.3, NAN,56.2, NAN,14.3, NAN,288.5, NAN,1001.8,-5.87,264.56,-0.03,5.8575,5.7059,126.3,0.0,1436.897, NAN, NAN, NAN, NAN,,2024/03/30 03:30:32.849,2024-03-30 03:30:32.849000+00:00
2024/03/30, 03:31:32.849,41.524,-70.672,-0.16,25.32,135.95,0.03, NAN,5.2, NAN,999.6, NAN,0.0, NAN,102.0, NAN,261, NAN,13.0, NAN,56.4, NAN,13.0, NAN,286.4, NAN,1001.7,-5.9,264.44,-0.03,5.8576,5.7071,126.3,0.0,1436.902, NAN, NAN, NAN, NAN,,2024/03/30 03:31:32.849,2024-03-30 03:31:32.849000+00:00
2024/03/30, 03:32:32.849,41.524,-70.672,-0.09,25.45,355.92,0.01, NAN,5.2, NAN,999.7, NAN,0.0, NAN,102.0, NAN,264, NAN,14.0, NAN,56.8, NAN,14.0, NAN,289.5, NAN,1001.8,-5.85,264.28,-0.03,5.8576,5.7132,126.6,0.0,1436.929, NAN, NAN, NAN, NAN,,2024/03/30 03:32:32.849,2024-03-30 03:32:32.849000+00:00
2024/03/30, 03:33:32.849,41.524,-70.672,-0.08,25.4,87.34,0.01, NAN,5.2, NAN,999.7, NAN,0.0, NAN,102.0, NAN,261, NAN,14.6, NAN,56.7, NAN,14.6, NAN,286.4, NAN,1001.8,-5.91,264.4,-0.02,5.8575,5.7231,126.3,0.0,1436.972, NAN, NAN, NAN, NAN,,2024/03/30 03:33:32.849,2024-03-30 03:33:32.849000+00:00
2024/03/30, 03:34:32.849,41.524,-70.672,-0.08,25.34,112.01,0.01, NAN,5.2, NAN,999.7, NAN,0.0, NAN,102.0, NAN,262, NAN,13.1, NAN,56.1, NAN,13.1, NAN,287.3, NAN,1001.8,-5.98,264.35,-0.02,5.8575,5.7309,126.3,0.0,1437.005, NAN, NAN, NAN, NAN,,2024/03/30 03:34:32.849,2024-03-30 03:34:32.849000+00:00
2024/03/30, 03:35:32.850,41.524,-70.672,0.05,25.37,258.31,0.01, NAN,5.2, NAN,999.8, NAN,0.0, NAN,102.0, NAN,269, NAN,12.6, NAN,58.0, NAN,12.6, NAN,294.4, NAN,1001.9,-5.77,264.38,-0.02,5.8575,5.7373,126.6,0.0,1437.033, NAN, NAN, NAN, NAN,,2024/03/30 03:35:32.850,2024-03-30 03:35:32.850000+00:00
2024/03/30, 03:36:32.850,41.524,-70.672,-0.11,25.39,126.13,0.0, NAN,5.2, NAN,999.8, NAN,0.0, NAN,102.0, NAN,269, NAN,13.0, NAN,58.6, NAN,13.0, NAN,294.4, NAN,1001.9,-5.94,263.94,-0.02,5.8575,5.7395,126.3,0.0,1437.043, NAN, NAN, NAN, NAN,,2024/03/30 03:36:32.850,2024-03-30 03:36:32.850000+00:00
2024/03/30, 03:37:32.850,41.524,-70.672,0.03,25.41,123.14,0.01, NAN,5.2, NAN,999.8, NAN,0.0, NAN,102.0, NAN,260, NAN,10.9, NAN,59.8, NAN,10.9, NAN,285.4, NAN,1001.9,-6.04,263.94,-0.02,5.8575,5.7405,127.2,0.0,1437.047, NAN, NAN, NAN, NAN,,2024/03/30 03:37:32.850,2024-03-30 03:37:32.850000+00:00
2024/03/30, 03:38:32.850,41.524,-70.672,0.06,25.36,47.53,0.01, NAN,5.2, NAN,999.8, NAN,0.0, NAN,102.0, NAN,267, NAN,13.7, NAN,60.5, NAN,13.7, NAN,292.4, NAN,1001.9,-6.01,263.65,-0.02,5.8576,5.7414,126.6,0.0,1437.051, NAN, NAN, NAN, NAN,,2024/03/30 03:38:32.850,2024-03-30 03:38:32.850000+00:00
2024/03/30, 03:39:32.850,41.524,-70.672,0.11,25.43,243.88,0.02, NAN,5.2, NAN,999.8, NAN,0.0, NAN,102.0, NAN,257, NAN,11.7, NAN,57.4, NAN,11.7, NAN,282.5, NAN,1001.9,-6.03,263.66,-0.02,5.8576,5.7412,126.6,0.0,1437.05, NAN, NAN, NAN, NAN,,2024/03/30 03:39:32.850,2024-03-30 03:39:32.850000+00:00
2024/03/30, 03:40:32.850,41.524,-70.672,0.16,25.37,115.58,0.01, NAN,5.2, NAN,999.8, NAN,0.0, NAN,102.0, NAN,260, NAN,12.6, NAN,58.1, NAN,12.6, NAN,285.3, NAN,1001.9,-5.97,263.56,-0.02,5.8574,5.7413,126.6,0.0,1437.05, NAN, NAN, NAN, NAN,,2024/03/30 03:40:32.850,2024-03-30 03:40:32.850000+00:00
2024/03/30, 03:41:32.850,41.524,-70.672,0.07,25.44,323.15,0.0, NAN,5.2, NAN,999.7, NAN,0.0, NAN,102.0, NAN,265, NAN,13.7, NAN,58.1, NAN,13.7, NAN,290.4, NAN,1001.8,-6.05,263.41,-0.02,5.8575,5.7419,126.6,0.0,1437.053, NAN, NAN, NAN, NAN,,2024/03/30 03:41:32.850,2024-03-30 03:41:32.850000+00:00
2024/03/30, 03:42:32.850,41.524,-70.672,0.1,25.32,165.42,0.01, NAN,5.2, NAN,999.8, NAN,0.0, NAN,102.0, NAN,270, NAN,13.4, NAN,57.9, NAN,13.4, NAN,295.3, NAN,1001.9,-5.96,263.29,-0.02,5.8574,5.7436,126.6,0.0,1437.06, NAN, NAN, NAN, NAN,,2024/03/30 03:42:32.850,2024-03-30 03:42:32.850000+00:00
2024/03/30, 03:43:32.850,41.524,-70.672,0.06,25.38,161.72,0.01, NAN,5.2, NAN,999.7, NAN,0.0, NAN,102.0, NAN,268, NAN,12.0, NAN,57.7, NAN,12.0, NAN,293.4, NAN,1001.8,-5.87,263.24,-0.02,5.8574,5.746,126.6,0.0,1437.071, NAN, NAN, NAN, NAN,,2024/03/30 03:43:32.850,2024-03-30 03:43:32.850000+00:00
2024/03/30, 03:44:32.850,41.524,-70.672,0.11,25.33,345.92,0.01, NAN,5.2, NAN,999.8, NAN,0.0, NAN,102.0, NAN,258, NAN,13.5, NAN,58.4, NAN,13.5, NAN,283.3, NAN,1001.9,-5.88,263.22,-0.02,5.8575,5.7481,126.3,0.0,1437.08, NAN, NAN, NAN, NAN,,2024/03/30 03:44:32.850,2024-03-30 03:44:32.850000+00:00
2024/03/30, 03:45:32.850,41.524,-70.672,-0.03,25.41,201.4,0.04, NAN,5.2, NAN,999.8, NAN,0.0, NAN,102.0, NAN,261, NAN,13.2, NAN,57.8, NAN,13.2, NAN,286.5, NAN,1001.9,-5.93,263.07,-0.02,5.8575,5.7442,126.9,0.0,1437.063, NAN, NAN, NAN, NAN,,2024/03/30 03:45:32.850,2024-03-30 03:45:32.850000+00:00
2024/03/30, 03:46:32.850,41.524,-70.672,0.04,25.34,10.67,0.03, NAN,5.2, NAN,999.8, NAN,0.0, NAN,102.0, NAN,262, NAN,14.5, NAN,59.0, NAN,14.5, NAN,287.3, NAN,1001.9,-6.01,263.06,-0.02,5.8574,5.7393,126.9,0.0,1437.042, NAN, NAN, NAN, NAN,,2024/03/30 03:46:32.850,2024-03-30 03:46:32.850000+00:00
2024/03/30, 03:47:32.850,41.524,-70.672,0.05,25.43,347.94,0.02, NAN,5.2, NAN,999.8, NAN,0.0, NAN,102.0, NAN,263, NAN,11.6, NAN,57.6, NAN,11.6, NAN,288.4, NAN,1001.9,-5.97,263.1,-0.02,5.8574,5.7342,126.6,0.0,1437.02, NAN, NAN, NAN, NAN,,2024/03/30 03:47:32.850,2024-03-30 03:47:32.850000+00:00
2024/03/30, 03:48:32.850,41.524,-70.672,0.02,25.34,336.84,0.01, NAN,5.1, NAN,999.8, NAN,0.0, NAN,102.0, NAN,266, NAN,12.8, NAN,58.2, NAN,12.8, NAN,291.3, NAN,1001.9,-5.88,262.75,-0.02,5.8575,5.7305,126.9,0.0,1437.004, NAN, NAN, NAN, NAN,,2024/03/30 03:48:32.850,2024-03-30 03:48:32.850000+00:00
2024/03/30, 03:49:32.850,41.524,-70.672,0.09,25.36,198.23,0.01, NAN,5.1, NAN,999.7, NAN,0.0, NAN,102.0, NAN,259, NAN,12.3, NAN,57.9, NAN,12.3, NAN,284.4, NAN,1001.8,-5.89,262.77,-0.02,5.8575,5.7255,126.9,0.0,1436.982, NAN, NAN, NAN, NAN,,2024/03/30 03:49:32.850,2024-03-30 03:49:32.850000+00:00
2024/03/30, 03:50:32.850,41.524,-70.672,-0.11,25.39,264.55,0.01, NAN,5.1, NAN,999.8, NAN,0.0, NAN,102.0, NAN,267, NAN,13.3, NAN,57.9, NAN,13.3, NAN,292.4, NAN,1001.9,-6.03,262.73,-0.03,5.8574,5.7218,126.9,0.0,1436.966, NAN, NAN, NAN, NAN,,2024/03/30 03:50:32.850,2024-03-30 03:50:32.850000+00:00
2024/03/30, 03:51:32.851,41.524,-70.672,-0.22,25.43,119.09,0.02, NAN,5.1, NAN,999.8, NAN,0.0, NAN,102.0, NAN,263, NAN,13.8, NAN,57.3, NAN,13.8, NAN,288.4, NAN,1001.9,-6.05,262.84,-0.02,5.8575,5.7186,126.9,0.0,1436.952, NAN, NAN, NAN, NAN,,2024/03/30 03:51:32.851,2024-03-30 03:51:32.851000+00:00
2024/03/30, 03:52:32.851,41.524,-70.672,-0.08,25.33,149.44,0.01, NAN,5.1, NAN,999.8, NAN,0.0, NAN,102.0, NAN,263, NAN,13.2, NAN,57.8, NAN,13.2, NAN,288.3, NAN,1001.9,-6.05,262.78,-0.02,5.8574,5.7187,126.6,0.0,1436.952, NAN, NAN, NAN, NAN,,2024/03/30 03:52:32.851,2024-03-30 03:52:32.851000+00:00
2024/03/30, 03:53:32.851,41.524,-70.672,-0.12,25.41,256.46,0.02, NAN,5.1, NAN,999.8, NAN,0.0, NAN,102.0, NAN,257, NAN,15.2, NAN,56.7, NAN,15.2, NAN,282.4, NAN,1001.9,-5.87,262.77,-0.03,5.8573,5.7209,126.6,0.0,1436.962, NAN, NAN, NAN, NAN,,2024/03/30 03:53:32.851,2024-03-30 03:53:32.851000+00:00
2024/03/30, 03:54:32.851,41.524,-70.672,-0.06,25.47,47.28,0.0, NAN,5.1, NAN,999.7, NAN,0.0, NAN,102.0, NAN,259, NAN,15.4, NAN,56.8, NAN,15.4, NAN,284.5, NAN,1001.8,-5.88,262.67,-0.02,5.8574,5.726,126.9,0.0,1436.984, NAN, NAN, NAN, NAN,,2024/03/30 03:54:32.851,2024-03-30 03:54:32.851000+00:00
2024/03/30, 03:55:32.851,41.524,-70.672,-0.22,25.36,69.2,0.0, NAN,5.1, NAN,999.9, NAN,0.0, NAN,102.0, NAN,258, NAN,14.5, NAN,55.6, NAN,14.5, NAN,283.4, NAN,1002.0,-5.89,262.62,-0.03,5.8574,5.731,126.3,0.0,1437.006, NAN, NAN, NAN, NAN,,2024/03/30 03:55:32.851,2024-03-30 03:55:32.851000+00:00
2024/03/30, 03:56:32.851,41.524,-70.672,-0.22,25.41,268.21,0.02, NAN,5.1, NAN,999.9, NAN,0.0, NAN,102.0, NAN,260, NAN,14.8, NAN,56.6, NAN,14.8, NAN,285.4, NAN,1002.0,-5.85,262.5,-0.03,5.8575,5.7346,126.6,0.0,1437.021, NAN, NAN, NAN, NAN,,2024/03/30 03:56:32.851,2024-03-30 03:56:32.851000+00:00
2024/03/30, 03:57:32.851,41.524,-70.672,0.01,25.35,286.61,0.01, NAN,5.1, NAN,999.8, NAN,0.0, NAN,102.0, NAN,271, NAN,14.2, NAN,56.8, NAN,14.2, NAN,296.4, NAN,1001.9,-5.84,262.33,-0.03,5.8574,5.7382,126.6,0.0,1437.037, NAN, NAN, NAN, NAN,,2024/03/30 03:57:32.851,2024-03-30 03:57:32.851000+00:00
2024/03/30, 03:58:32.851,41.524,-70.672,-0.18,25.49,157.25,0.01, NAN,5.1, NAN,999.9, NAN,0.0, NAN,102.0, NAN,269, NAN,14.3, NAN,57.9, NAN,14.3, NAN,294.5, NAN,1002.0,-5.88,262.35,-0.03,5.8574,5.7411,126.9,0.0,1437.049, NAN, NAN, NAN, NAN,,2024/03/30 03:58:32.851,2024-03-30 03:58:32.851000+00:00
2024/03/30, 03:59:32.851,41.524,-70.672,-0.1,25.31,142.93,0.01, NAN,5.1, NAN,999.9, NAN,0.0, NAN,102.0, NAN,261, NAN,13.1, NAN,57.7, NAN,13.1, NAN,286.3, NAN,1002.0,-5.91,262.66,-0.02,5.8573,5.7432,126.3,0.0,1437.058, NAN, NAN, NAN, NAN,,2024/03/30 03:59:32.851,2024-03-30 03:59:32.851000+00:00
2024/03/30, 04:00:32.851,41.524,-70.672,0.03,25.39,289.62,0.01, NAN,5.1, NAN,999.9, NAN,0.0, NAN,102.0, NAN,258, NAN,14.3, NAN,58.4, NAN,14.3, NAN,283.4, NAN,1002.0,-5.95,262.51,-0.02,5.8573,5.7453,126.9,0.0,1437.068, NAN, NAN, NAN, NAN,,2024/03/30 04:00:32.851,2024-03-30 04:00:32.851000+00:00
2024/03/30, 04:01:32.851,41.524,-70.672,0.02,25.29,278.56,0.01, NAN,5.1, NAN,999.9, NAN,0.0, NAN,102.0, NAN,248, NAN,13.9, NAN,58.2, NAN,13.9, NAN,273.3, NAN,1002.0,-5.89,262.38,-0.02,5.8574,5.742,126.3,0.0,1437.053, NAN, NAN, NAN, NAN,,2024/03/30 04:01:32.851,2024-03-30 04:01:32.851000+00:00
2024/03/30, 04:02:32.851,41.524,-70.672,0.15,25.35,151.62,0.01, NAN,5.1, NAN,1000.0, NAN,0.0, NAN,102.0, NAN,269, NAN,13.4, NAN,57.6, NAN,13.4, NAN,294.4, NAN,1002.1,-5.94,262.1,-0.02,5.8574,5.7364,126.6,0.0,1437.029, NAN, NAN, NAN, NAN,,2024/03/30 04:02:32.851,2024-03-30 04:02:32.851000+00:00
2024/03/30, 04:03:32.851,41.524,-70.672,0.03,25.37,22.06,0.02, NAN,5.1, NAN,1000.0, NAN,0.0, NAN,102.0, NAN,261, NAN,12.9, NAN,57.4, NAN,12.9, NAN,286.3, NAN,1002.1,-6.01,262.24,-0.03,5.8574,5.7324,126.6,0.0,1437.012, NAN, NAN, NAN, NAN,,2024/03/30 04:03:32.851,2024-03-30 04:03:32.851000+00:00
2024/03/30, 04:04:32.851,41.524,-70.672,0.04,25.34,208.28,0.02, NAN,5.1, NAN,1000.1, NAN,0.0, NAN,102.0, NAN,266, NAN,13.0, NAN,58.6, NAN,13.0, NAN,291.3, NAN,1002.2,-5.95,262.33,-0.02,5.8573,5.7296,126.6,0.0,1436.999, NAN, NAN, NAN, NAN,,2024/03/30 04:04:32.851,2024-03-30 04:04:32.851000+00:00
2024/03/30, 04:05:32.851,41.524,-70.672,0.05,25.38,315.43,0.0, NAN,5.1, NAN,1000.1, NAN,0.0, NAN,102.0, NAN,264, NAN,13.2, NAN,57.2, NAN,13.2, NAN,289.4, NAN,1002.2,-5.88,262.41,-0.02,5.8573,5.7302,126.9,0.0,1437.002, NAN, NAN, NAN, NAN,,2024/03/30 04:05:32.851,2024-03-30 04:05:32.851000+00:00
2024/03/30, 04:06:32.851,41.524,-70.672,0.04,25.41,257.47,0.01, NAN,5.1, NAN,999.9, NAN,0.0, NAN,102.0, NAN,266, NAN,14.7, NAN,56.7, NAN,14.7, NAN,291.4, NAN,1002.0,-5.97,261.97,-0.02,5.8573,5.732,126.6,0.0,1437.01, NAN, NAN, NAN, NAN,,2024/03/30 04:06:32.851,2024-03-30 04:06:32.851000+00:00
2024/03/30, 04:07:32.852,41.524,-70.672,0.03,25.41,335.54,0.01, NAN,5.1, NAN,1000.0, NAN,0.0, NAN,102.0, NAN,272, NAN,13.6, NAN,55.9, NAN,13.6, NAN,297.4, NAN,1002.1,-5.95,262.06,-0.02,5.8573,5.7323,126.3,0.0,1437.011, NAN, NAN, NAN, NAN,,2024/03/30 04:07:32.852,2024-03-30 04:07:32.852000+00:00
2024/03/30, 04:08:32.852,41.524,-70.672,-0.09,25.46,284.09,0.02, NAN,5.1, NAN,1000.1, NAN,0.0, NAN,102.0, NAN,264, NAN,11.9, NAN,56.1, NAN,11.9, NAN,289.4, NAN,1002.2,-5.93,262.01,-0.03,5.8573,5.729,125.7,0.0,1436.997, NAN, NAN, NAN, NAN,,2024/03/30 04:08:32.852,2024-03-30 04:08:32.852000+00:00
2024/03/30, 04:09:32.852,41.524,-70.672,-0.03,25.4,101.19,0.02, NAN,5.1, NAN,1000.0, NAN,0.0, NAN,102.0, NAN,270, NAN,12.9, NAN,57.2, NAN,12.9, NAN,295.4, NAN,1002.1,-5.94,261.9,-0.03,5.8572,5.7242,126.9,0.0,1436.976, NAN, NAN, NAN, NAN,,2024/03/30 04:09:32.852,2024-03-30 04:09:32.852000+00:00
2024/03/30, 04:10:32.852,41.524,-70.672,-0.12,25.5,290.73,0.03, NAN,5.1, NAN,1000.0, NAN,0.0, NAN,102.0, NAN,265, NAN,13.9, NAN,57.4, NAN,13.9, NAN,290.5, NAN,1002.1,-5.91,262.03,-0.02,5.8572,5.7185,127.2,0.0,1436.951, NAN, NAN, NAN, NAN,,2024/03/30 04:10:32.852,2024-03-30 04:10:32.852000+00:00
2024/03/30, 04:11:32.852,41.524,-70.672,-0.13,25.42,275.52,0.02, NAN,5.1, NAN,1000.1, NAN,0.0, NAN,102.0, NAN,260, NAN,13.1, NAN,56.6, NAN,13.1, NAN,285.4, NAN,1002.2,-5.95,261.74,-0.02,5.8574,5.711,126.3,0.0,1436.919, NAN, NAN, NAN, NAN,,2024/03/30 04:11:32.852,2024-03-30 04:11:32.852000+00:00
2024/03/30, 04:12:32.852,41.524,-70.672,-0.17,25.42,87.41,0.01, NAN,5.1, NAN,1000.1, NAN,0.0, NAN,102.0, NAN,252, NAN,13.9, NAN,57.5, NAN,13.9, NAN,277.4, NAN,1002.2,-5.98,261.77,-0.02,5.8573,5.7063,126.9,0.0,1436.898, NAN, NAN, NAN, NAN,,2024/03/30 04:12:32.852,2024-03-30 04:12:32.852000+00:00
2024/03/30, 04:13:32.852,41.524,-70.672,-0.09,25.49,128.06,0.02, NAN,5.1, NAN,1000.0, NAN,0.0, NAN,102.0, NAN,260, NAN,14.6, NAN,57.7, NAN,14.6, NAN,285.5, NAN,1002.1,-5.97,261.81,-0.03,5.8572,5.7043,126.6,0.0,1436.89, NAN, NAN, NAN, NAN,,2024/03/30 04:13:32.852,2024-03-30 04:13:32.852000+00:00
2024/03/30, 04:14:32.852,41.524,-70.672,-0.08,25.48,53.76,0.02, NAN,5.0, NAN,1000.0, NAN,0.0, NAN,102.0, NAN,253, NAN,13.0, NAN,56.7, NAN,13.0, NAN,278.4, NAN,1002.1,-5.88,261.61,-0.02,5.8572,5.7017,126.6,0.0,1436.878, NAN, NAN, NAN, NAN,,2024/03/30 04:14:32.852,2024-03-30 04:14:32.852000+00:00
2024/03/30, 04:15:32.852,41.524,-70.672,-0.12,25.35,81.96,0.01, NAN,5.0, NAN,1000.0, NAN,0.0, NAN,102.0, NAN,252, NAN,11.1, NAN,57.4, NAN,11.1, NAN,277.4, NAN,1002.1,-5.89,261.86,-0.02,5.8572,5.6991,126.6,0.0,1436.867, NAN, NAN, NAN, NAN,,2024/03/30 04:15:32.852,2024-03-30 04:15:32.852000+00:00
2024/03/30, 04:16:32.852,41.524,-70.672,-0.13,25.38,137.53,0.01, NAN,5.0, NAN,1000.0, NAN,0.0, NAN,102.0, NAN,263, NAN,12.5, NAN,58.9, NAN,12.5, NAN,288.4, NAN,1002.1,-5.9,261.67,-0.02,5.8572,5.6968,126.3,0.0,1436.857, NAN, NAN, NAN, NAN,,2024/03/30 04:16:32.852,2024-03-30 04:16:32.852000+00:00
2024/03/30, 04:17:32.852,41.524,-70.672,-0.13,25.4,312.72,0.01, NAN,5.0, NAN,999.9, NAN,0.0, NAN,102.0, NAN,260, NAN,13.0, NAN,59.0, NAN,13.0, NAN,285.4, NAN,1002.0,-5.94,261.55,-0.03,5.8573,5.6987,126.9,0.0,1436.865, NAN, NAN, NAN, NAN,,2024/03/30 04:17:32.852,2024-03-30 04:17:32.852000+00:00
2024/03/30, 04:18:32.852,41.524,-70.672,-0.01,25.5,315.66,0.02, NAN,5.0, NAN,1000.1, NAN,0.0, NAN,102.0, NAN,252, NAN,14.3, NAN,58.3, NAN,14.3, NAN,277.5, NAN,1002.2,-6.02,261.86,-0.03,5.8571,5.7012,126.6,0.0,1436.876, NAN, NAN, NAN, NAN,,2024/03/30 04:18:32.852,2024-03-30 04:18:32.852000+00:00
2024/03/30, 04:19:32.852,41.524,-70.672,-0.12,25.42,290.57,0.0, NAN,5.0, NAN,999.9, NAN,0.0, NAN,102.0, NAN,260, NAN,13.2, NAN,57.7, NAN,13.2, NAN,285.4, NAN,1002.0,-5.91,261.83,-0.02,5.8572,5.705,126.9,0.0,1436.893, NAN, NAN, NAN, NAN,,2024/03/30 04:19:32.852,2024-03-30 04:19:32.852000+00:00
2024/03/30, 04:20:32.852,41.524,-70.672,-0.08,25.39,306.09,0.01, NAN,5.0, NAN,999.9, NAN,0.0, NAN,102.0, NAN,261, NAN,13.8, NAN,57.6, NAN,13.8, NAN,286.4, NAN,1002.0,-5.88,261.7,-0.03,5.8571,5.7107,126.9,0.0,1436.917, NAN, NAN, NAN, NAN,,2024/03/30 04:20:32.852,2024-03-30 04:20:32.852000+00:00
2024/03/30, 04:21:32.852,41.524,-70.672,-0.1,25.43,78.87,0.01, NAN,5.0, NAN,999.9, NAN,0.0, NAN,102.0, NAN,260, NAN,11.6, NAN,57.5, NAN,11.6, NAN,285.4, NAN,1002.0,-5.9,261.69,-0.03,5.8572,5.7115,126.9,0.0,1436.921, NAN, NAN, NAN, NAN,,2024/03/30 04:21:32.852,2024-03-30 04:21:32.852000+00:00
2024/03/30, 04:22:32.852,41.524,-70.672,0.03,25.48,275.06,0.01, NAN,5.0, NAN,1000.0, NAN,0.0, NAN,102.0, NAN,259, NAN,15.9, NAN,57.7, NAN,15.9, NAN,284.5, NAN,1002.1,-5.94,261.63,-0.03,5.8571,5.7098,126.6,0.0,1436.913, NAN, NAN, NAN, NAN,,2024/03/30 04:22:32.852,2024-03-30 04:22:32.852000+00:00
2024/03/30, 04:23:32.853,41.524,-70.672,-0.07,25.43,264.65,0.01, NAN,5.0, NAN,1000.0, NAN,0.0, NAN,102.0, NAN,256, NAN,15.2, NAN,56.6, NAN,15.2, NAN,281.4, NAN,1002.1,-5.94,261.55,-0.03,5.8572,5.7079,126.6,0.0,1436.905, NAN, NAN, NAN, NAN,,2024/03/30 04:23:32.853,2024-03-30 04:23:32.853000+00:00
2024/03/30, 04:24:32.853,41.524,-70.672,0.01,25.52,263.45,0.01, NAN,5.0, NAN,999.9, NAN,0.0, NAN,102.0, NAN,260, NAN,12.7, NAN,56.4, NAN,12.7, NAN,285.5, NAN,1002.0,-5.91,261.49,-0.02,5.8572,5.704,126.3,0.0,1436.888, NAN, NAN, NAN, NAN,,2024/03/30 04:24:32.853,2024-03-30 04:24:32.853000+00:00
2024/03/30, 04:25:32.853,41.524,-70.672,-0.04,25.58,14.94,0.01, NAN,5.0, NAN,1000.0, NAN,0.0, NAN,102.0, NAN,261, NAN,14.7, NAN,57.5, NAN,14.7, NAN,286.6, NAN,1002.1,-5.86,261.7,-0.03,5.8571,5.7006,126.6,0.0,1436.873, NAN, NAN, NAN, NAN,,2024/03/30 04:25:32.853,2024-03-30 04:25:32.853000+00:00
2024/03/30, 04:26:32.853,41.524,-70.672,0.03,25.38,26.18,0.01, NAN,5.0, NAN,1000.0, NAN,0.0, NAN,102.0, NAN,263, NAN,11.7, NAN,56.9, NAN,11.7, NAN,288.4, NAN,1002.1,-5.86,261.66,-0.02,5.8571,5.7006,126.6,0.0,1436.873, NAN, NAN, NAN, NAN,,2024/03/30 04:26:32.853,2024-03-30 04:26:32.853000+00:00
2024/03/30, 04:27:32.853,41.524,-70.672,-0.08,25.43,152.33,0.03, NAN,5.0, NAN,1000.1, NAN,0.0, NAN,102.0, NAN,262, NAN,14.9, NAN,58.7, NAN,14.9, NAN,287.5, NAN,1002.2,-5.88,261.51,-0.03,5.8571,5.7008,126.6,0.0,1436.874, NAN, NAN, NAN, NAN,,2024/03/30 04:27:32.853,2024-03-30 04:27:32.853000+00:00
2024/03/30, 04:28:32.853,41.524,-70.672,0.02,25.47,294.25,0.02, NAN,5.0, NAN,1000.0, NAN,0.0, NAN,102.0, NAN,254, NAN,15.2, NAN,56.4, NAN,15.2, NAN,279.5, NAN,1002.1,-5.93,261.44,-0.03,5.8571,5.7017,127.2,0.0,1436.878, NAN, NAN, NAN, NAN,,2024/03/30 04:28:32.853,2024-03-30 04:28:32.853000+00:00
2024/03/30, 04:29:32.853,41.524,-70.672,0.05,25.46,162.57,0.0, NAN,5.0, NAN,1000.1, NAN,0.0, NAN,102.0, NAN,256, NAN,14.9, NAN,56.7, NAN,14.9, NAN,281.5, NAN,1002.2,-5.87,261.61,-0.03,5.857,5.7029,126.6,0.0,1436.883, NAN, NAN, NAN, NAN,,2024/03/30 04:29:32.853,2024-03-30 04:29:32.853000+00:00
2024/03/30, 04:30:32.853,41.524,-70.672,0.01,25.44,125.36,0.01, NAN,5.0, NAN,1000.0, NAN,0.0, NAN,102.0, NAN,252, NAN,14.8, NAN,57.0, NAN,14.8, NAN,277.5, NAN,1002.1,-5.84,261.4,-0.03,5.8571,5.703,126.3,0.0,1436.884, NAN, NAN, NAN, NAN,,2024/03/30 04:30:32.853,2024-03-30 04:30:32.853000+00:00
2024/03/30, 04:31:32.853,41.524,-70.672,0.05,25.44,324.21,0.02, NAN,5.0, NAN,1000.1, NAN,0.0, NAN,102.0, NAN,257, NAN,14.5, NAN,57.5, NAN,14.5, NAN,282.4, NAN,1002.2,-5.93,261.3,-0.03,5.857,5.7029,126.9,0.0,1436.883, NAN, NAN, NAN, NAN,,2024/03/30 04:31:32.853,2024-03-30 04:31:32.853000+00:00
2024/03/30, 04:32:32.853,41.524,-70.672,0.09,25.49,176.15,0.01, NAN,5.0, NAN,1000.1, NAN,0.0, NAN,102.0, NAN,254, NAN,13.3, NAN,57.0, NAN,13.3, NAN,279.5, NAN,1002.2,-5.85,261.34,-0.02,5.857,5.7022,126.6,0.0,1436.88, NAN, NAN, NAN, NAN,,2024/03/30 04:32:32.853,2024-03-30 04:32:32.853000+00:00
2024/03/30, 04:33:32.853,41.524,-70.672,0.05,25.43,111.69,0.04, NAN,4.9, NAN,1000.0, NAN,0.0, NAN,102.0, NAN,261, NAN,14.4, NAN,57.6, NAN,14.4, NAN,286.5, NAN,1002.1,-5.95,261.32,-0.03,5.857,5.6991,126.3,0.0,1436.867, NAN, NAN, NAN, NAN,,2024/03/30 04:33:32.853,2024-03-30 04:33:32.853000+00:00
2024/03/30, 04:34:32.853,41.524,-70.672,0.1,25.43,280.46,0.02, NAN,4.9, NAN,1000.0, NAN,0.0, NAN,102.0, NAN,250, NAN,14.2, NAN,55.8, NAN,14.2, NAN,275.4, NAN,1002.1,-5.84,261.62,-0.03,5.8571,5.6959,126.6,0.0,1436.853, NAN, NAN, NAN, NAN,,2024/03/30 04:34:32.853,2024-03-30 04:34:32.853000+00:00
2024/03/30, 04:35:32.853,41.524,-70.672,0.03,25.47,312.77,0.0, NAN,5.0, NAN,1000.1, NAN,0.0, NAN,102.0, NAN,256, NAN,15.0, NAN,56.9, NAN,15.0, NAN,281.5, NAN,1002.2,-5.85,261.36,-0.03,5.8571,5.6931,126.9,0.0,1436.841, NAN, NAN, NAN, NAN,,2024/03/30 04:35:32.853,2024-03-30 04:35:32.853000+00:00
2024/03/30, 04:36:32.853,41.524,-70.672,-0.06,25.44,1.12,0.0, NAN,5.0, NAN,1000.0, NAN,0.0, NAN,102.0, NAN,262, NAN,15.3, NAN,57.3, NAN,15.3, NAN,287.4, NAN,1002.1,-5.82,261.55,-0.03,5.857,5.6915,126.9,0.0,1436.834, NAN, NAN, NAN, NAN,,2024/03/30 04:36:32.853,2024-03-30 04:36:32.853000+00:00
2024/03/30, 04:37:32.853,41.524,-70.672,0.0,25.44,298.83,0.03, NAN,4.9, NAN,1000.1, NAN,0.0, NAN,102.0, NAN,257, NAN,14.8, NAN,56.9, NAN,14.8, NAN,282.4, NAN,1002.2,-5.88,261.49,-0.02,5.8569,5.6906,126.0,0.0,1436.83, NAN, NAN, NAN, NAN,,2024/03/30 04:37:32.853,2024-03-30 04:37:32.853000+00:00
2024/03/30, 04:38:32.853,41.524,-70.672,0.13,25.4,13.37,0.02, NAN,4.9, NAN,1000.1, NAN,0.0, NAN,102.0, NAN,256, NAN,15.8, NAN,56.1, NAN,15.8, NAN,281.4, NAN,1002.2,-5.78,261.32,-0.03,5.857,5.6894,125.4,0.0,1436.825, NAN, NAN, NAN, NAN,,2024/03/30 04:38:32.853,2024-03-30 04:38:32.853000+00:00
2024/03/30, 04:39:32.854,41.524,-70.672,0.03,25.5,356.47,0.0, NAN,4.9, NAN,1000.0, NAN,0.0, NAN,102.0, NAN,260, NAN,15.7, NAN,54.2, NAN,15.7, NAN,285.5, NAN,1002.1,-5.72,261.5,-0.03,5.857,5.6894,126.9,0.0,1436.825, NAN, NAN, NAN, NAN,,2024/03/30 04:39:32.854,2024-03-30 04:39:32.854000+00:00
2024/03/30, 04:40:32.854,41.524,-70.672,0.01,25.5,187.56,0.01, NAN,4.9, NAN,1000.1, NAN,0.0, NAN,102.0, NAN,265, NAN,13.9, NAN,55.1, NAN,13.9, NAN,290.5, NAN,1002.2,-5.77,261.48,-0.03,5.8569,5.6886,127.2,0.0,1436.821, NAN, NAN, NAN, NAN,,2024/03/30 04:40:32.854,2024-03-30 04:40:32.854000+00:00
2024/03/30, 04:41:32.854,41.524,-70.672,0.05,25.39,117.93,0.0, NAN,4.9, NAN,1000.2, NAN,0.0, NAN,102.0, NAN,259, NAN,15.8, NAN,55.3, NAN,15.8, NAN,284.4, NAN,1002.3,-5.84,261.41,-0.03,5.8571,5.6849,126.3,0.0,1436.805, NAN, NAN, NAN, NAN,,2024/03/30 04:41:32.854,2024-03-30 04:41:32.854000+00:00
2024/03/30, 04:42:32.854,41.524,-70.672,-0.03,25.5,155.42,0.0, NAN,4.9, NAN,1000.1, NAN,0.0, NAN,102.0, NAN,264, NAN,12.8, NAN,55.8, NAN,12.8, NAN,289.5, NAN,1002.2,-5.92,261.3,-0.03,5.857,5.6828,125.4,0.0,1436.796, NAN, NAN, NAN, NAN,,2024/03/30 04:42:32.854,2024-03-30 04:42:32.854000+00:00
2024/03/30, 04:43:32.854,41.524,-70.672,0.0,25.43,154.89,0.01, NAN,4.9, NAN,1000.2, NAN,0.0, NAN,102.0, NAN,258, NAN,13.1, NAN,56.8, NAN,13.1, NAN,283.5, NAN,1002.3,-5.93,261.3,-0.02,5.8569,5.6823,126.6,0.0,1436.794, NAN, NAN, NAN, NAN,,2024/03/30 04:43:32.854,2024-03-30 04:43:32.854000+00:00
2024/03/30, 04:44:32.854,41.524,-70.672,-0.02,25.45,316.68,0.01, NAN,4.9, NAN,1000.2, NAN,0.0, NAN,102.0, NAN,258, NAN,12.6, NAN,57.6, NAN,12.6, NAN,283.4, NAN,1002.3,-5.9,261.54,-0.03,5.8569,5.6831,126.9,0.0,1436.797, NAN, NAN, NAN, NAN,,2024/03/30 04:44:32.854,2024-03-30 04:44:32.854000+00:00
2024/03/30, 04:45:32.854,41.524,-70.672,0.03,25.47,301.41,0.0, NAN,4.9, NAN,1000.2, NAN,0.0, NAN,102.0, NAN,266, NAN,13.8, NAN,58.1, NAN,13.8, NAN,291.5, NAN,1002.3,-5.96,261.33,-0.02,5.8569,5.6849,126.9,0.0,1436.805, NAN, NAN, NAN, NAN,,2024/03/30 04:45:32.854,2024-03-30 04:45:32.854000+00:00
2024/03/30, 04:46:32.854,41.524,-70.672,0.06,25.3,295.47,0.01, NAN,4.9, NAN,1000.1, NAN,0.0, NAN,102.0, NAN,251, NAN,14.1, NAN,56.4, NAN,14.1, NAN,276.3, NAN,1002.2,-5.95,261.31,-0.03,5.857,5.6864,126.6,0.0,1436.812, NAN, NAN, NAN, NAN,,2024/03/30 04:46:32.854,2024-03-30 04:46:32.854000+00:00
2024/03/30, 04:47:32.854,41.524,-70.672,0.14,25.39,135.28,0.01, NAN,4.9, NAN,1000.2, NAN,0.0, NAN,102.0, NAN,261, NAN,13.0, NAN,56.1, NAN,13.0, NAN,286.4, NAN,1002.3,-5.93,261.45,-0.03,5.8568,5.6875,126.9,0.0,1436.816, NAN, NAN, NAN, NAN,,2024/03/30 04:47:32.854,2024-03-30 04:47:32.854000+00:00
2024/03/30, 04:48:32.854,41.524,-70.672,-0.03,25.43,9.56,0.02, NAN,4.9, NAN,1000.2, NAN,0.0, NAN,102.0, NAN,254, NAN,14.9, NAN,56.1, NAN,14.9, NAN,279.4, NAN,1002.3,-5.74,261.32,-0.02,5.8568,5.6879,126.9,0.0,1436.818, NAN, NAN, NAN, NAN,,2024/03/30 04:48:32.854,2024-03-30 04:48:32.854000+00:00
2024/03/30, 04:49:32.854,41.524,-70.672,0.12,25.41,6.59,0.02, NAN,4.9, NAN,1000.2, NAN,0.0, NAN,102.0, NAN,267, NAN,13.3, NAN,55.6, NAN,13.3, NAN,292.4, NAN,1002.3,-5.81,261.43,-0.02,5.8568,5.689,126.6,0.0,1436.823, NAN, NAN, NAN, NAN,,2024/03/30 04:49:32.854,2024-03-30 04:49:32.854000+00:00
2024/03/30, 04:50:32.854,41.524,-70.672,0.04,25.45,303.72,0.02, NAN,4.9, NAN,1000.2, NAN,0.0, NAN,102.0, NAN,256, NAN,13.0, NAN,56.8, NAN,13.0, NAN,281.5, NAN,1002.3,-5.88,261.29,-0.02,5.8569,5.691,126.9,0.0,1436.832, NAN, NAN, NAN, NAN,,2024/03/30 04:50:32.854,2024-03-30 04:50:32.854000+00:00
2024/03/30, 04:51:32.854,41.524,-70.672,0.16,25.4,27.63,0.01, NAN,4.9, NAN,1000.2, NAN,0.0, NAN,102.0, NAN,265, NAN,12.5, NAN,57.7, NAN,12.5, NAN,290.4, NAN,1002.3,-5.96,261.58,-0.02,5.8569,5.6923,126.9,0.0,1436.837, NAN, NAN, NAN, NAN,,2024/03/30 04:51:32.854,2024-03-30 04:51:32.854000+00:00
2024/03/30, 04:52:32.854,41.524,-70.672,0.13,25.49,244.16,0.01, NAN,4.9, NAN,1000.3, NAN,0.0, NAN,102.0, NAN,270, NAN,12.7, NAN,59.6, NAN,12.7, NAN,295.5, NAN,1002.4,-6.04,261.32,-0.02,5.8568,5.6927,126.9,0.0,1436.839, NAN, NAN, NAN, NAN,,2024/03/30 04:52:32.854,2024-03-30 04:52:32.854000+00:00
2024/03/30, 04:53:32.854,41.524,-70.672,-0.04,25.35,55.27,0.01, NAN,4.9, NAN,1000.3, NAN,0.0, NAN,102.0, NAN,269, NAN,12.1, NAN,56.4, NAN,12.1, NAN,294.4, NAN,1002.4,-6.0,261.45,-0.02,5.8568,5.6925,126.6,0.0,1436.838, NAN, NAN, NAN, NAN,,2024/03/30 04:53:32.854,2024-03-30 04:53:32.854000+00:00
2024/03/30, 04:54:32.855,41.524,-70.672,0.13,25.45,313.23,0.01, NAN,4.9, NAN,1000.3, NAN,0.0, NAN,102.0, NAN,255, NAN,9.9, NAN,57.1, NAN,9.9, NAN,280.4, NAN,1002.4,-6.01,261.63,-0.02,5.8567,5.6923,126.3,0.0,1436.837, NAN, NAN, NAN, NAN,,2024/03/30 04:54:32.855,2024-03-30 04:54:32.855000+00:00
2024/03/30, 04:55:32.855,41.524,-70.672,0.1,25.38,263.5,0.01, NAN,4.9, NAN,1000.2, NAN,0.0, NAN,102.0, NAN,261, NAN,11.2, NAN,58.8, NAN,11.2, NAN,286.4, NAN,1002.3,-6.14,261.72,-0.02,5.8567,5.6909,126.9,0.0,1436.831, NAN, NAN, NAN, NAN,,2024/03/30 04:55:32.855,2024-03-30 04:55:32.855000+00:00
2024/03/30, 04:56:32.855,41.524,-70.672,0.03,25.41,160.85,0.01, NAN,4.9, NAN,1000.2, NAN,0.0, NAN,102.0, NAN,252, NAN,14.2, NAN,59.5, NAN,14.2, NAN,277.4, NAN,1002.3,-6.05,261.45,-0.03,5.8568,5.6892,126.6,0.0,1436.824, NAN, NAN, NAN, NAN,,2024/03/30 04:56:32.855,2024-03-30 04:56:32.855000+00:00
2024/03/30, 04:57:32.855,41.524,-70.672,0.06,25.4,353.74,0.01, NAN,4.9, NAN,1000.2, NAN,0.0, NAN,102.0, NAN,263, NAN,13.0, NAN,56.2, NAN,13.0, NAN,288.4, NAN,1002.3,-5.96,261.53,-0.02,5.8568,5.6876,126.9,0.0,1436.817, NAN, NAN, NAN, NAN,,2024/03/30 04:57:32.855,2024-03-30 04:57:32.855000+00:00
2024/03/30, 04:58:32.855,41.524,-70.672,-0.05,25.54,303.51,0.01, NAN,4.9, NAN,1000.2, NAN,0.0, NAN,102.0, NAN,268, NAN,13.1, NAN,55.8, NAN,13.1, NAN,293.5, NAN,1002.3,-5.92,261.71,-0.02,5.8567,5.6846,126.9,0.0,1436.804, NAN, NAN, NAN, NAN,,2024/03/30 04:58:32.855,2024-03-30 04:58:32.855000+00:00
2024/03/30, 04:59:32.855,41.524,-70.672,-0.15,25.45,123.5,0.01, NAN,4.9, NAN,1000.2, NAN,0.0, NAN,102.0, NAN,271, NAN,11.9, NAN,57.9, NAN,11.9, NAN,296.4, NAN,1002.3,-5.98,261.54,-0.02,5.8568,5.6828,126.6,0.0,1436.796, NAN, NAN, NAN, NAN,,2024/03/30 04:59:32.855,2024-03-30 04:59:32.855000+00:00
2024/03/30, 05:00:32.855,41.524,-70.672,0.09,25.57,112.01,0.0, NAN,4.9, NAN,1000.2, NAN,0.0, NAN,102.0, NAN,263, NAN,12.5, NAN,57.9, NAN,12.5, NAN,288.6, NAN,1002.3,-6.0,261.66,-0.02,5.8567,5.6808,126.9,0.0,1436.787, NAN, NAN, NAN, NAN,,2024/03/30 05:00:32.855,2024-03-30 05:00:32.855000+00:00
2024/03/30, 05:01:32.855,41.524,-70.672,0.1,25.55,302.64,0.01, NAN,4.9, NAN,1000.2, NAN,0.0, NAN,102.0, NAN,270, NAN,12.7, NAN,58.0, NAN,12.7, NAN,295.5, NAN,1002.3,-5.94,261.49,-0.02,5.8567,5.6805,126.9,0.0,1436.786, NAN, NAN, NAN, NAN,,2024/03/30 05:01:32.855,2024-03-30 05:01:32.855000+00:00
2024/03/30, 05:02:32.855,41.524,-70.672,-0.07,25.34,139.38,0.02, NAN,4.9, NAN,1000.2, NAN,0.0, NAN,102.0, NAN,256, NAN,14.2, NAN,56.1, NAN,14.2, NAN,281.3, NAN,1002.3,-5.94,261.58,-0.02,5.8568,5.6795,126.9,0.0,1436.781, NAN, NAN, NAN, NAN,,2024/03/30 05:02:32.855,2024-03-30 05:02:32.855000+00:00
2024/03/30, 05:03:32.855,41.524,-70.672,0.0,25.37,134.44,0.02, NAN,4.9, NAN,1000.2, NAN,0.0, NAN,102.0, NAN,268, NAN,13.7, NAN,55.1, NAN,13.7, NAN,293.4, NAN,1002.3,-5.87,261.41,-0.02,5.8568,5.6792,126.0,0.0,1436.78, NAN, NAN, NAN, NAN,,2024/03/30 05:03:32.855,2024-03-30 05:03:32.855000+00:00
2024/03/30, 05:04:32.855,41.524,-70.672,-0.01,25.43,26.97,0.01, NAN,4.9, NAN,1000.2, NAN,0.0, NAN,102.0, NAN,268, NAN,12.1, NAN,55.2, NAN,12.1, NAN,293.4, NAN,1002.3,-5.91,261.43,-0.02,5.8568,5.6799,126.6,0.0,1436.783, NAN, NAN, NAN, NAN,,2024/03/30 05:04:32.855,2024-03-30 05:04:32.855000+00:00
2024/03/30, 05:05:32.855,41.524,-70.672,-0.13,25.46,294.75,0.01, NAN,4.9, NAN,1000.2, NAN,0.0, NAN,102.0, NAN,263, NAN,13.1, NAN,57.3, NAN,13.1, NAN,288.5, NAN,1002.3,-6.01,261.46,-0.02,5.8567,5.68,126.6,0.0,1436.784, NAN, NAN, NAN, NAN,,2024/03/30 05:05:32.855,2024-03-30 05:05:32.855000+00:00
2024/03/30, 05:06:32.855,41.524,-70.672,-0.07,25.47,278.02,0.01, NAN,4.9, NAN,1000.3, NAN,0.0, NAN,102.0, NAN,269, NAN,12.0, NAN,55.9, NAN,12.0, NAN,294.5, NAN,1002.4,-5.97,261.48,-0.02,5.8567,5.6799,126.9,0.0,1436.783, NAN, NAN, NAN, NAN,,2024/03/30 05:06:32.855,2024-03-30 05:06:32.855000+00:00
2024/03/30, 05:07:32.855,41.524,-70.672,-0.12,25.46,348.04,0.01, NAN,4.9, NAN,1000.2, NAN,0.0, NAN,102.0, NAN,250, NAN,10.0, NAN,56.4, NAN,10.0, NAN,275.4, NAN,1002.3,-6.0,261.52,-0.02,5.8568,5.6784,126.9,0.0,1436.777, NAN, NAN, NAN, NAN,,2024/03/30 05:07:32.855,2024-03-30 05:07:32.855000+00:00
2024/03/30, 05:08:32.855,41.524,-70.672,-0.11,25.45,206.81,0.01, NAN,4.9, NAN,1000.2, NAN,0.0, NAN,102.0, NAN,263, NAN,12.5, NAN,59.4, NAN,12.5, NAN,288.5, NAN,1002.3,-6.17,261.45,-0.02,5.8567,5.6756,126.3,0.0,1436.764, NAN, NAN, NAN, NAN,,2024/03/30 05:08:32.855,2024-03-30 05:08:32.855000+00:00
2024/03/30, 05:09:32.855,41.524,-70.672,0.06,25.46,124.84,0.01, NAN,4.9, NAN,1000.2, NAN,0.0, NAN,102.0, NAN,267, NAN,12.0, NAN,57.4, NAN,12.0, NAN,292.5, NAN,1002.3,-6.08,261.75,-0.02,5.8567,5.6721,126.9,0.0,1436.749, NAN, NAN, NAN, NAN,,2024/03/30 05:09:32.855,2024-03-30 05:09:32.855000+00:00
2024/03/30, 05:10:32.856,41.524,-70.672,-0.04,25.45,125.33,0.01, NAN,4.9, NAN,1000.3, NAN,0.0, NAN,102.0, NAN,257, NAN,11.1, NAN,57.9, NAN,11.1, NAN,282.5, NAN,1002.4,-6.07,261.64,-0.02,5.8567,5.6738,126.6,0.0,1436.757, NAN, NAN, NAN, NAN,,2024/03/30 05:10:32.856,2024-03-30 05:10:32.856000+00:00
2024/03/30, 05:11:32.856,41.524,-70.672,-0.18,25.41,137.15,0.01, NAN,4.9, NAN,1000.3, NAN,0.0, NAN,102.0, NAN,255, NAN,11.8, NAN,58.3, NAN,11.8, NAN,280.4, NAN,1002.4,-5.99,261.45,-0.02,5.8568,5.6793,126.9,0.0,1436.781, NAN, NAN, NAN, NAN,,2024/03/30 05:11:32.856,2024-03-30 05:11:32.856000+00:00
2024/03/30, 05:12:32.856,41.524,-70.672,-0.09,25.42,145.49,0.01, NAN,4.9, NAN,1000.3, NAN,0.0, NAN,102.0, NAN,254, NAN,14.6, NAN,58.3, NAN,14.6, NAN,279.4, NAN,1002.4,-6.04,261.32,-0.02,5.8567,5.6855,126.9,0.0,1436.807, NAN, NAN, NAN, NAN,,2024/03/30 05:12:32.856,2024-03-30 05:12:32.856000+00:00
2024/03/30, 05:13:32.856,41.524,-70.672,-0.02,25.43,120.9,0.01, NAN,4.8, NAN,1000.2, NAN,0.0, NAN,102.0, NAN,260, NAN,10.7, NAN,56.5, NAN,10.7, NAN,285.4, NAN,1002.3,-6.1,261.62,-0.02,5.8567,5.6908,126.9,0.0,1436.83, NAN, NAN, NAN, NAN,,2024/03/30 05:13:32.856,2024-03-30 05:13:32.856000+00:00
2024/03/30, 05:14:32.856,41.524,-70.672,-0.02,25.41,184.71,0.0, NAN,4.8, NAN,1000.2, NAN,0.0, NAN,102.0, NAN,256, NAN,10.1, NAN,57.7, NAN,10.1, NAN,281.4, NAN,1002.3,-6.06,261.49,-0.02,5.8567,5.696,125.7,0.0,1436.853, NAN, NAN, NAN, NAN,,2024/03/30 05:14:32.856,2024-03-30 05:14:32.856000+00:00
2024/03/30, 05:15:32.856,41.524,-70.672,-0.06,25.41,78.03,0.01, NAN,4.8, NAN,1000.3, NAN,0.0, NAN,102.0, NAN,262, NAN,10.4, NAN,59.4, NAN,10.4, NAN,287.4, NAN,1002.4,-6.15,261.28,-0.02,5.8567,5.7011,126.6,0.0,1436.875, NAN, NAN, NAN, NAN,,2024/03/30 05:15:32.856,2024-03-30 05:15:32.856000+00:00
2024/03/30, 05:16:32.856,41.524,-70.672,-0.12,25.48,263.83,0.01, NAN,4.8, NAN,1000.2, NAN,0.0, NAN,102.0, NAN,251, NAN,12.5, NAN,59.3, NAN,12.5, NAN,276.5, NAN,1002.3,-6.2,261.15,-0.03,5.8567,5.7053,126.3,0.0,1436.893, NAN, NAN, NAN, NAN,,2024/03/30 05:16:32.856,2024-03-30 05:16:32.856000+00:00
2024/03/30, 05:17:32.856,41.524,-70.672,-0.04,25.43,118.94,0.02, NAN,4.8, NAN,1000.3, NAN,0.0, NAN,102.0, NAN,250, NAN,9.9, NAN,57.9, NAN,9.9, NAN,275.5, NAN,1002.4,-6.16,261.28,-0.02,5.8567,5.7062,125.4,0.0,1436.897, NAN, NAN, NAN, NAN,,2024/03/30 05:17:32.856,2024-03-30 05:17:32.856000+00:00
2024/03/30, 05:18:32.856,41.524,-70.672,-0.22,25.36,144.47,0.03, NAN,4.8, NAN,1000.3, NAN,0.0, NAN,102.0, NAN,254, NAN,10.8, NAN,58.7, NAN,10.8, NAN,279.4, NAN,1002.4,-6.02,261.28,-0.02,5.8567,5.7006,126.3,0.0,1436.873, NAN, NAN, NAN, NAN,,2024/03/30 05:18:32.856,2024-03-30 05:18:32.856000+00:00
2024/03/30, 05:19:32.856,41.524,-70.672,0.04,25.37,157.05,0.01, NAN,4.8, NAN,1000.2, NAN,0.0, NAN,102.0, NAN,249, NAN,9.3, NAN,58.4, NAN,9.3, NAN,274.4, NAN,1002.3,-6.07,261.36,-0.02,5.8567,5.6933,126.6,0.0,1436.841, NAN, NAN, NAN, NAN,,2024/03/30 05:19:32.856,2024-03-30 05:19:32.856000+00:00
2024/03/30, 05:20:32.856,41.524,-70.672,-0.04,25.36,332.41,0.01, NAN,4.8, NAN,1000.2, NAN,0.0, NAN,102.0, NAN,251, NAN,11.3, NAN,60.2, NAN,11.3, NAN,276.3, NAN,1002.3,-6.06,261.15,-0.02,5.8567,5.6882,126.9,0.0,1436.819, NAN, NAN, NAN, NAN,,2024/03/30 05:20:32.856,2024-03-30 05:20:32.856000+00:00
2024/03/30, 05:21:32.856,41.524,-70.672,0.01,25.54,325.89,0.02, NAN,4.8, NAN,1000.2, NAN,0.0, NAN,102.0, NAN,259, NAN,12.7, NAN,59.0, NAN,12.7, NAN,284.5, NAN,1002.3,-6.18,261.18,-0.02,5.8567,5.6853,126.3,0.0,1436.807, NAN, NAN, NAN, NAN,,2024/03/30 05:21:32.856,2024-03-30 05:21:32.856000+00:00
2024/03/30, 05:22:32.856,41.524,-70.672,0.08,25.48,320.63,0.02, NAN,4.8, NAN,1000.2, NAN,0.0, NAN,102.0, NAN,255, NAN,13.3, NAN,57.7, NAN,13.3, NAN,280.4, NAN,1002.3,-6.05,261.01,-0.02,5.8567,5.6816,126.3,0.0,1436.79, NAN, NAN, NAN, NAN,,2024/03/30 05:22:32.856,2024-03-30 05:22:32.856000+00:00
2024/03/30, 05:23:32.856,41.524,-70.672,0.15,25.47,260.39,0.01, NAN,4.8, NAN,1000.2, NAN,0.0, NAN,102.0, NAN,253, NAN,12.7, NAN,57.0, NAN,12.7, NAN,278.5, NAN,1002.3,-5.98,261.06,-0.02,5.8567,5.6783,126.6,0.0,1436.776, NAN, NAN, NAN, NAN,,2024/03/30 05:23:32.856,2024-03-30 05:23:32.856000+00:00
2024/03/30, 05:24:32.856,41.524,-70.672,0.09,25.39,47.18,0.01, NAN,4.8, NAN,1000.1, NAN,0.0, NAN,102.0, NAN,256, NAN,11.7, NAN,57.8, NAN,11.7, NAN,281.4, NAN,1002.2,-5.83,261.02,-0.02,5.8567,5.6762,126.9,0.0,1436.767, NAN, NAN, NAN, NAN,,2024/03/30 05:24:32.856,2024-03-30 05:24:32.856000+00:00
2024/03/30, 05:25:32.857,41.524,-70.672,0.16,25.43,128.61,0.03, NAN,4.7, NAN,1000.2, NAN,0.0, NAN,102.0, NAN,257, NAN,11.2, NAN,57.8, NAN,11.2, NAN,282.5, NAN,1002.3,-5.98,260.96,-0.02,5.8568,5.6723,126.3,0.0,1436.75, NAN, NAN, NAN, NAN,,2024/03/30 05:25:32.857,2024-03-30 05:25:32.857000+00:00
2024/03/30, 05:26:32.857,41.524,-70.672,0.14,25.39,150.81,0.01, NAN,4.7, NAN,1000.2, NAN,0.0, NAN,102.0, NAN,256, NAN,12.5, NAN,58.7, NAN,12.5, NAN,281.4, NAN,1002.3,-5.94,261.16,-0.02,5.8567,5.6681,125.7,0.0,1436.732, NAN, NAN, NAN, NAN,,2024/03/30 05:26:32.857,2024-03-30 05:26:32.857000+00:00
2024/03/30, 05:27:32.857,41.524,-70.672,0.06,25.43,133.81,0.01, NAN,4.7, NAN,1000.3, NAN,0.0, NAN,102.0, NAN,252, NAN,13.6, NAN,58.5, NAN,13.6, NAN,277.4, NAN,1002.4,-5.94,261.04,-0.02,5.8567,5.6646,126.6,0.0,1436.717, NAN, NAN, NAN, NAN,,2024/03/30 05:27:32.857,2024-03-30 05:27:32.857000+00:00
2024/03/30, 05:28:32.857,41.524,-70.672,0.16,25.52,313.24,0.04, NAN,4.7, NAN,1000.1, NAN,0.0, NAN,102.0, NAN,263, NAN,13.4, NAN,57.8, NAN,13.4, NAN,288.5, NAN,1002.2,-5.9,261.24,-0.02,5.8568,5.6607,126.3,0.0,1436.7, NAN, NAN, NAN, NAN,,2024/03/30 05:28:32.857,2024-03-30 05:28:32.857000+00:00
2024/03/30, 05:29:32.857,41.524,-70.672,0.15,25.43,199.43,0.01, NAN,4.7, NAN,1000.3, NAN,0.0, NAN,102.0, NAN,255, NAN,10.6, NAN,56.8, NAN,10.6, NAN,280.4, NAN,1002.4,-5.88,261.3,-0.01,5.8568,5.6572,126.6,0.0,1436.685, NAN, NAN, NAN, NAN,,2024/03/30 05:29:32.857,2024-03-30 05:29:32.857000+00:00
2024/03/30, 05:30:32.857,41.524,-70.672,0.17,25.46,7.38,0.0, NAN,4.7, NAN,1000.3, NAN,0.0, NAN,102.0, NAN,260, NAN,11.1, NAN,58.8, NAN,11.1, NAN,285.5, NAN,1002.4,-5.97,261.38,-0.01,5.8567,5.6556,126.3,0.0,1436.678, NAN, NAN, NAN, NAN,,2024/03/30 05:30:32.857,2024-03-30 05:30:32.857000+00:00
2024/03/30, 05:31:32.857,41.524,-70.672,-0.02,25.37,173.11,0.03, NAN,4.7, NAN,1000.3, NAN,0.0, NAN,102.0, NAN,261, NAN,12.5, NAN,60.2, NAN,12.5, NAN,286.4, NAN,1002.4,-6.05,261.14,-0.02,5.8567,5.6553,126.0,0.0,1436.676, NAN, NAN, NAN, NAN,,2024/03/30 05:31:32.857,2024-03-30 05:31:32.857000+00:00
2024/03/30, 05:32:32.857,41.524,-70.672,0.12,25.55,272.51,0.03, NAN,4.7, NAN,1000.2, NAN,0.0, NAN,102.0, NAN,262, NAN,12.3, NAN,59.1, NAN,12.3, NAN,287.5, NAN,1002.3,-6.04,261.04,-0.02,5.8568,5.6545,126.6,0.0,1436.673, NAN, NAN, NAN, NAN,,2024/03/30 05:32:32.857,2024-03-30 05:32:32.857000+00:00
2024/03/30, 05:33:32.857,41.524,-70.672,0.3,25.5,226.19,0.0, NAN,4.7, NAN,1000.3, NAN,0.0, NAN,102.0, NAN,262, NAN,13.8, NAN,58.6, NAN,13.8, NAN,287.5, NAN,1002.4,-6.08,260.84,-0.02,5.8568,5.6524,126.6,0.0,1436.664, NAN, NAN, NAN, NAN,,2024/03/30 05:33:32.857,2024-03-30 05:33:32.857000+00:00
2024/03/30, 05:34:32.857,41.524,-70.672,0.17,25.37,354.82,0.02, NAN,4.7, NAN,1000.3, NAN,0.0, NAN,102.0, NAN,255, NAN,11.4, NAN,58.7, NAN,11.4, NAN,280.3, NAN,1002.4,-5.96,260.85,-0.01,5.8568,5.6517,126.6,0.0,1436.661, NAN, NAN, NAN, NAN,,2024/03/30 05:34:32.857,2024-03-30 05:34:32.857000+00:00
2024/03/30, 05:35:32.857,41.524,-70.672,0.03,25.37,327.18,0.02, NAN,4.7, NAN,1000.3, NAN,0.0, NAN,102.0, NAN,254, NAN,10.9, NAN,58.7, NAN,10.9, NAN,279.4, NAN,1002.4,-5.98,261.12,-0.01,5.8567,5.6511,126.6,0.0,1436.658, NAN, NAN, NAN, NAN,,2024/03/30 05:35:32.857,2024-03-30 05:35:32.857000+00:00
2024/03/30, 05:36:32.857,41.524,-70.672,-0.01,25.4,291.79,0.01, NAN,4.7, NAN,1000.2, NAN,0.0, NAN,102.0, NAN,258, NAN,11.5, NAN,59.6, NAN,11.5, NAN,283.4, NAN,1002.3,-6.08,261.07,-0.02,5.8568,5.6492,126.6,0.0,1436.65, NAN, NAN, NAN, NAN,,2024/03/30 05:36:32.857,2024-03-30 05:36:32.857000+00:00
2024/03/30, 05:37:32.857,41.524,-70.672,0.14,25.36,301.72,0.01, NAN,4.7, NAN,1000.2, NAN,0.0, NAN,102.0, NAN,253, NAN,12.5, NAN,60.3, NAN,12.5, NAN,278.4, NAN,1002.3,-5.98,260.68,-0.02,5.8567,5.6485,126.6,0.0,1436.647, NAN, NAN, NAN, NAN,,2024/03/30 05:37:32.857,2024-03-30 05:37:32.857000+00:00
2024/03/30, 05:38:32.857,41.524,-70.672,-0.17,25.42,247.29,0.01, NAN,4.7, NAN,1000.3, NAN,0.0, NAN,102.0, NAN,258, NAN,11.4, NAN,58.6, NAN,11.4, NAN,283.4, NAN,1002.4,-5.88,260.68,-0.03,5.8567,5.6492,126.3,0.0,1436.65, NAN, NAN, NAN, NAN,,2024/03/30 05:38:32.857,2024-03-30 05:38:32.857000+00:00
2024/03/30, 05:39:32.857,41.524,-70.672,-0.06,25.35,50.16,0.0, NAN,4.7, NAN,1000.3, NAN,0.0, NAN,102.0, NAN,252, NAN,10.4, NAN,58.4, NAN,10.4, NAN,277.4, NAN,1002.4,-5.9,261.07,-0.02,5.8566,5.6497,125.4,0.0,1436.652, NAN, NAN, NAN, NAN,,2024/03/30 05:39:32.857,2024-03-30 05:39:32.857000+00:00
2024/03/30, 05:40:32.857,41.524,-70.672,-0.02,25.44,281.36,0.02, NAN,4.7, NAN,1000.3, NAN,0.0, NAN,102.0, NAN,247, NAN,12.8, NAN,60.5, NAN,12.8, NAN,272.4, NAN,1002.4,-5.94,261.33,-0.02,5.8567,5.6512,126.9,0.0,1436.658, NAN, NAN, NAN, NAN,,2024/03/30 05:40:32.857,2024-03-30 05:40:32.857000+00:00
2024/03/30, 05:41:32.858,41.524,-70.672,0.04,25.34,341.86,0.01, NAN,4.7, NAN,1000.3, NAN,0.0, NAN,102.0, NAN,253, NAN,11.9, NAN,61.0, NAN,11.9, NAN,278.3, NAN,1002.4,-5.93,261.16,-0.02,5.8567,5.652,126.3,0.0,1436.662, NAN, NAN, NAN, NAN,,2024/03/30 05:41:32.858,2024-03-30 05:41:32.858000+00:00
2024/03/30, 05:42:32.858,41.524,-70.672,0.01,25.38,289.77,0.01, NAN,4.7, NAN,1000.3, NAN,0.0, NAN,102.0, NAN,247, NAN,13.2, NAN,61.2, NAN,13.2, NAN,272.4, NAN,1002.4,-5.85,260.91,-0.02,5.8567,5.6545,126.6,0.0,1436.673, NAN, NAN, NAN, NAN,,2024/03/30 05:42:32.858,2024-03-30 05:42:32.858000+00:00
2024/03/30, 05:43:32.858,41.524,-70.672,-0.19,25.34,65.2,0.01, NAN,4.6, NAN,1000.3, NAN,0.0, NAN,102.0, NAN,256, NAN,11.1, NAN,58.6, NAN,11.1, NAN,281.4, NAN,1002.4,-5.89,260.66,-0.02,5.8567,5.657,126.3,0.0,1436.684, NAN, NAN, NAN, NAN,,2024/03/30 05:43:32.858,2024-03-30 05:43:32.858000+00:00
2024/03/30, 05:44:32.858,41.524,-70.672,-0.28,25.37,322.34,0.01, NAN,4.6, NAN,1000.3, NAN,0.0, NAN,102.0, NAN,254, NAN,11.0, NAN,59.6, NAN,11.0, NAN,279.3, NAN,1002.4,-5.9,261.02,-0.02,5.8567,5.6597,126.6,0.0,1436.695, NAN, NAN, NAN, NAN,,2024/03/30 05:44:32.858,2024-03-30 05:44:32.858000+00:00
2024/03/30, 05:45:32.858,41.524,-70.672,-0.12,25.39,270.26,0.0, NAN,4.6, NAN,1000.3, NAN,0.0, NAN,102.0, NAN,257, NAN,11.1, NAN,61.7, NAN,11.1, NAN,282.4, NAN,1002.4,-6.0,260.76,-0.03,5.8566,5.6616,126.6,0.0,1436.704, NAN, NAN, NAN, NAN,,2024/03/30 05:45:32.858,2024-03-30 05:45:32.858000+00:00
2024/03/30, 05:46:32.858,41.524,-70.672,-0.09,25.54,254.74,0.0, NAN,4.6, NAN,1000.2, NAN,0.0, NAN,102.0, NAN,263, NAN,14.5, NAN,60.3, NAN,14.5, NAN,288.5, NAN,1002.3,-6.02,260.68,-0.02,5.8568,5.6629,126.3,0.0,1436.709, NAN, NAN, NAN, NAN,,2024/03/30 05:46:32.858,2024-03-30 05:46:32.858000+00:00
2024/03/30, 05:47:32.858,41.524,-70.672,-0.3,25.43,286.1,0.01, NAN,4.6, NAN,1000.3, NAN,0.0, NAN,102.0, NAN,263, NAN,11.6, NAN,58.2, NAN,11.6, NAN,288.4, NAN,1002.4,-5.88,260.86,-0.02,5.8567,5.6643,126.3,0.0,1436.715, NAN, NAN, NAN, NAN,,2024/03/30 05:47:32.858,2024-03-30 05:47:32.858000+00:00
2024/03/30, 05:48:32.858,41.524,-70.672,-0.06,25.36,102.65,0.02, NAN,4.6, NAN,1000.3, NAN,0.0, NAN,102.0, NAN,252, NAN,13.1, NAN,60.1, NAN,13.1, NAN,277.4, NAN,1002.4,-5.9,260.78,-0.03,5.8567,5.6649,126.3,0.0,1436.718, NAN, NAN, NAN, NAN,,2024/03/30 05:48:32.858,2024-03-30 05:48:32.858000+00:00
2024/03/30, 05:49:32.858,41.524,-70.672,-0.09,25.41,261.71,0.01, NAN,4.6, NAN,1000.2, NAN,0.0, NAN,102.0, NAN,249, NAN,12.7, NAN,60.2, NAN,12.7, NAN,274.4, NAN,1002.3,-5.95,260.87,-0.02,5.8567,5.666,126.0,0.0,1436.723, NAN, NAN, NAN, NAN,,2024/03/30 05:49:32.858,2024-03-30 05:49:32.858000+00:00
2024/03/30, 05:50:32.858,41.524,-70.672,-0.15,25.37,282.15,0.01, NAN,4.6, NAN,1000.3, NAN,0.0, NAN,102.0, NAN,253, NAN,13.3, NAN,60.9, NAN,13.3, NAN,278.4, NAN,1002.4,-5.8,260.65,-0.03,5.8566,5.6676,126.6,0.0,1436.73, NAN, NAN, NAN, NAN,,2024/03/30 05:50:32.858,2024-03-30 05:50:32.858000+00:00
2024/03/30, 05:51:32.858,41.524,-70.672,-0.16,25.37,281.37,0.01, NAN,4.6, NAN,1000.3, NAN,0.0, NAN,102.0, NAN,249, NAN,14.8, NAN,59.2, NAN,14.8, NAN,274.4, NAN,1002.4,-5.84,260.59,-0.02,5.8566,5.6692,126.6,0.0,1436.737, NAN, NAN, NAN, NAN,,2024/03/30 05:51:32.858,2024-03-30 05:51:32.858000+00:00
2024/03/30, 05:52:32.858,41.524,-70.672,-0.17,25.38,319.65,0.01, NAN,4.6, NAN,1000.2, NAN,0.0, NAN,102.0, NAN,268, NAN,12.2, NAN,59.0, NAN,12.2, NAN,293.4, NAN,1002.3,-5.9,260.71,-0.03,5.8567,5.6696,126.3,0.0,1436.738, NAN, NAN, NAN, NAN,,2024/03/30 05:52:32.858,2024-03-30 05:52:32.858000+00:00
2024/03/30, 05:53:32.858,41.524,-70.672,0.01,25.39,199.42,0.0, NAN,4.6, NAN,1000.2, NAN,0.0, NAN,102.0, NAN,253, NAN,11.7, NAN,59.8, NAN,11.7, NAN,278.4, NAN,1002.3,-5.91,260.62,-0.03,5.8567,5.6701,126.6,0.0,1436.741, NAN, NAN, NAN, NAN,,2024/03/30 05:53:32.858,2024-03-30 05:53:32.858000+00:00
2024/03/30, 05:54:32.858,41.524,-70.672,-0.16,25.36,22.74,0.0, NAN,4.6, NAN,1000.3, NAN,0.0, NAN,102.0, NAN,257, NAN,11.4, NAN,60.3, NAN,11.4, NAN,282.4, NAN,1002.4,-5.92,260.63,-0.03,5.8567,5.6712,126.6,0.0,1436.745, NAN, NAN, NAN, NAN,,2024/03/30 05:54:32.858,2024-03-30 05:54:32.858000+00:00
2024/03/30, 05:55:32.858,41.524,-70.672,-0.11,25.39,351.76,0.01, NAN,4.6, NAN,1000.3, NAN,0.0, NAN,102.0, NAN,251, NAN,13.9, NAN,60.4, NAN,13.9, NAN,276.4, NAN,1002.4,-5.96,260.6,-0.02,5.8567,5.673,126.6,0.0,1436.753, NAN, NAN, NAN, NAN,,2024/03/30 05:55:32.858,2024-03-30 05:55:32.858000+00:00
2024/03/30, 05:56:32.858,41.524,-70.672,-0.06,25.48,302.76,0.01, NAN,4.6, NAN,1000.3, NAN,0.0, NAN,102.0, NAN,254, NAN,14.9, NAN,61.5, NAN,14.9, NAN,279.5, NAN,1002.4,-5.95,260.66,-0.03,5.8567,5.6742,126.3,0.0,1436.758, NAN, NAN, NAN, NAN,,2024/03/30 05:56:32.858,2024-03-30 05:56:32.858000+00:00
2024/03/30, 05:57:32.859,41.524,-70.672,0.02,25.34,300.91,0.0, NAN,4.6, NAN,1000.3, NAN,0.0, NAN,102.0, NAN,249, NAN,15.3, NAN,59.3, NAN,15.3, NAN,274.3, NAN,1002.4,-5.9,260.76,-0.03,5.8567,5.674,126.3,0.0,1436.757, NAN, NAN, NAN, NAN,,2024/03/30 05:57:32.859,2024-03-30 05:57:32.859000+00:00
2024/03/30, 05:58:32.859,41.524,-70.672,0.01,25.35,177.37,0.01, NAN,4.6, NAN,1000.3, NAN,0.0, NAN,102.0, NAN,259, NAN,12.4, NAN,58.8, NAN,12.4, NAN,284.4, NAN,1002.4,-5.86,260.73,-0.02,5.8567,5.6735,126.6,0.0,1436.755, NAN, NAN, NAN, NAN,,2024/03/30 05:58:32.859,2024-03-30 05:58:32.859000+00:00
2024/03/30, 05:59:32.859,41.524,-70.672,-0.18,25.32,140.58,0.01, NAN,4.6, NAN,1000.3, NAN,0.0, NAN,102.0, NAN,256, NAN,11.2, NAN,59.0, NAN,11.2, NAN,281.3, NAN,1002.4,-5.89,260.8,-0.03,5.8566,5.675,126.6,0.0,1436.762, NAN, NAN, NAN, NAN,,2024/03/30 05:59:32.859,2024-03-30 05:59:32.859000+00:00
2024/03/30, 06:00:32.859,41.524,-70.672,-0.03,25.35,232.99,0.0, NAN,4.6, NAN,1000.3, NAN,0.0, NAN,102.0, NAN,258, NAN,11.2, NAN,61.6, NAN,11.2, NAN,283.4, NAN,1002.4,-5.94,260.61,-0.02,5.8566,5.6762,126.9,0.0,1436.767, NAN, NAN, NAN, NAN,,2024/03/30 06:00:32.859,2024-03-30 06:00:32.859000+00:00
2024/03/30, 06:01:32.859,41.524,-70.672,0.01,25.39,319.11,0.01, NAN,4.6, NAN,1000.2, NAN,0.0, NAN,102.0, NAN,249, NAN,13.6, NAN,61.2, NAN,13.6, NAN,274.4, NAN,1002.3,-5.99,260.66,-0.02,5.8567,5.6786,126.3,0.0,1436.777, NAN, NAN, NAN, NAN,,2024/03/30 06:01:32.859,2024-03-30 06:01:32.859000+00:00
2024/03/30, 06:02:32.859,41.524,-70.672,-0.06,25.32,272.75,0.02, NAN,4.5, NAN,1000.3, NAN,0.0, NAN,102.0, NAN,253, NAN,10.7, NAN,60.3, NAN,10.7, NAN,278.3, NAN,1002.4,-5.93,260.78,-0.02,5.8567,5.6798,126.0,0.0,1436.783, NAN, NAN, NAN, NAN,,2024/03/30 06:02:32.859,2024-03-30 06:02:32.859000+00:00
2024/03/30, 06:03:32.859,41.524,-70.672,-0.13,25.26,15.36,0.01, NAN,4.6, NAN,1000.3, NAN,0.0, NAN,102.0, NAN,257, NAN,10.8, NAN,62.0, NAN,10.8, NAN,282.3, NAN,1002.4,-5.95,260.66,-0.02,5.8565,5.6803,126.0,0.0,1436.785, NAN, NAN, NAN, NAN,,2024/03/30 06:03:32.859,2024-03-30 06:03:32.859000+00:00
2024/03/30, 06:04:32.859,41.524,-70.672,-0.06,25.39,322.01,0.01, NAN,4.5, NAN,1000.2, NAN,0.0, NAN,102.0, NAN,253, NAN,10.0, NAN,61.6, NAN,10.0, NAN,278.4, NAN,1002.3,-5.95,260.87,-0.02,5.8566,5.6797,126.3,0.0,1436.782, NAN, NAN, NAN, NAN,,2024/03/30 06:04:32.859,2024-03-30 06:04:32.859000+00:00
2024/03/30, 06:05:32.859,41.524,-70.672,0.01,25.31,197.16,0.01, NAN,4.5, NAN,1000.2, NAN,0.0, NAN,102.0, NAN,250, NAN,9.9, NAN,62.0, NAN,9.9, NAN,275.3, NAN,1002.3,-5.88,260.91,-0.02,5.8567,5.6796,126.3,0.0,1436.782, NAN, NAN, NAN, NAN,,2024/03/30 06:05:32.859,2024-03-30 06:05:32.859000+00:00
2024/03/30, 06:06:32.859,41.524,-70.672,-0.05,25.38,12.13,0.01, NAN,4.5, NAN,1000.2, NAN,0.0, NAN,102.0, NAN,253, NAN,12.6, NAN,62.4, NAN,12.6, NAN,278.4, NAN,1002.3,-6.02,260.66,-0.01,5.8566,5.6803,126.6,0.0,1436.785, NAN, NAN, NAN, NAN,,2024/03/30 06:06:32.859,2024-03-30 06:06:32.859000+00:00
2024/03/30, 06:07:32.859,41.524,-70.672,0.03,25.37,238.0,0.01, NAN,4.5, NAN,1000.2, NAN,0.0, NAN,102.0, NAN,255, NAN,10.6, NAN,60.5, NAN,10.6, NAN,280.4, NAN,1002.3,-6.0,260.79,-0.02,5.8566,5.6804,126.0,0.0,1436.785, NAN, NAN, NAN, NAN,,2024/03/30 06:07:32.859,2024-03-30 06:07:32.859000+00:00
2024/03/30, 06:08:32.859,41.524,-70.672,-0.12,25.33,201.23,0.01, NAN,4.5, NAN,1000.2, NAN,0.0, NAN,102.0, NAN,264, NAN,12.1, NAN,60.8, NAN,12.1, NAN,289.3, NAN,1002.3,-5.99,261.03,-0.02,5.8567,5.6816,125.7,0.0,1436.79, NAN, NAN, NAN, NAN,,2024/03/30 06:08:32.859,2024-03-30 06:08:32.859000+00:00
2024/03/30, 06:09:32.859,41.524,-70.672,0.16,25.35,88.72,0.02, NAN,4.5, NAN,1000.2, NAN,0.0, NAN,102.0, NAN,254, NAN,11.2, NAN,60.2, NAN,11.2, NAN,279.4, NAN,1002.3,-5.87,260.97,-0.02,5.8567,5.6832,126.0,0.0,1436.797, NAN, NAN, NAN, NAN,,2024/03/30 06:09:32.859,2024-03-30 06:09:32.859000+00:00
2024/03/30, 06:10:32.859,41.524,-70.672,0.11,25.41,321.59,0.02, NAN,4.5, NAN,1000.2, NAN,0.0, NAN,102.0, NAN,250, NAN,13.8, NAN,60.8, NAN,13.8, NAN,275.4, NAN,1002.3,-6.04,260.82,-0.02,5.8566,5.6841,126.3,0.0,1436.801, NAN, NAN, NAN, NAN,,2024/03/30 06:10:32.859,2024-03-30 06:10:32.859000+00:00
2024/03/30, 06:11:32.859,41.524,-70.672,-0.03,25.4,32.77,0.01, NAN,4.5, NAN,1000.0, NAN,0.0, NAN,102.0, NAN,269, NAN,10.7, NAN,59.7, NAN,10.7, NAN,294.4, NAN,1002.1,-5.93,260.83,-0.02,5.8565,5.6796,126.3,0.0,1436.782, NAN, NAN, NAN, NAN,,2024/03/30 06:11:32.859,2024-03-30 06:11:32.859000+00:00
2024/03/30, 06:12:32.859,41.524,-70.672,-0.1,25.46,307.16,0.03, NAN,4.5, NAN,1000.1, NAN,0.0, NAN,102.0, NAN,262, NAN,12.1, NAN,59.7, NAN,12.1, NAN,287.5, NAN,1002.2,-5.92,260.87,-0.02,5.8566,5.6753,126.3,0.0,1436.763, NAN, NAN, NAN, NAN,,2024/03/30 06:12:32.859,2024-03-30 06:12:32.859000+00:00
2024/03/30, 06:13:32.860,41.524,-70.672,-0.07,25.48,303.1,0.01, NAN,4.5, NAN,1000.2, NAN,0.0, NAN,102.0, NAN,263, NAN,11.1, NAN,59.5, NAN,11.1, NAN,288.5, NAN,1002.3,-6.07,260.95,-0.02,5.8566,5.6747,126.3,0.0,1436.76, NAN, NAN, NAN, NAN,,2024/03/30 06:13:32.860,2024-03-30 06:13:32.860000+00:00
2024/03/30, 06:14:32.860,41.524,-70.672,0.03,25.37,130.82,0.01, NAN,4.5, NAN,1000.2, NAN,0.0, NAN,102.0, NAN,256, NAN,10.3, NAN,60.3, NAN,10.3, NAN,281.4, NAN,1002.3,-6.23,261.11,-0.02,5.8566,5.6735,126.0,0.0,1436.755, NAN, NAN, NAN, NAN,,2024/03/30 06:14:32.860,2024-03-30 06:14:32.860000+00:00
2024/03/30, 06:15:32.860,41.524,-70.672,-0.09,25.31,120.09,0.01, NAN,4.5, NAN,1000.2, NAN,0.0, NAN,102.0, NAN,259, NAN,9.6, NAN,61.8, NAN,9.6, NAN,284.3, NAN,1002.3,-6.11,261.13,-0.02,5.8566,5.6675,126.6,0.0,1436.729, NAN, NAN, NAN, NAN,,2024/03/30 06:15:32.860,2024-03-30 06:15:32.860000+00:00
2024/03/30, 06:16:32.860,41.524,-70.672,-0.02,25.39,136.56,0.01, NAN,4.5, NAN,1000.1, NAN,0.0, NAN,102.0, NAN,252, NAN,10.9, NAN,61.3, NAN,10.9, NAN,277.4, NAN,1002.2,-6.13,261.26,-0.02,5.8566,5.6623,126.0,0.0,1436.707, NAN, NAN, NAN, NAN,,2024/03/30 06:16:32.860,2024-03-30 06:16:32.860000+00:00
2024/03/30, 06:17:32.860,41.524,-70.672,0.02,25.37,338.94,0.0, NAN,4.5, NAN,1000.2, NAN,0.0, NAN,102.0, NAN,258, NAN,11.6, NAN,59.8, NAN,11.6, NAN,283.4, NAN,1002.3,-6.01,261.21,-0.02,5.8566,5.6591,126.0,0.0,1436.693, NAN, NAN, NAN, NAN,,2024/03/30 06:17:32.860,2024-03-30 06:17:32.860000+00:00
2024/03/30, 06:18:32.860,41.524,-70.672,0.04,25.34,283.17,0.01, NAN,4.5, NAN,1000.0, NAN,0.0, NAN,102.0, NAN,262, NAN,11.1, NAN,60.1, NAN,11.1, NAN,287.4, NAN,1002.1,-6.09,261.09,-0.03,5.8567,5.6572,126.6,0.0,1436.685, NAN, NAN, NAN, NAN,,2024/03/30 06:18:32.860,2024-03-30 06:18:32.860000+00:00
2024/03/30, 06:19:32.860,41.524,-70.672,-0.01,25.49,280.88,0.01, NAN,4.5, NAN,1000.1, NAN,0.0, NAN,102.0, NAN,256, NAN,11.1, NAN,60.1, NAN,11.1, NAN,281.5, NAN,1002.2,-6.0,261.09,-0.02,5.8566,5.6566,126.0,0.0,1436.682, NAN, NAN, NAN, NAN,,2024/03/30 06:19:32.860,2024-03-30 06:19:32.860000+00:00
2024/03/30, 06:20:32.860,41.524,-70.672,-0.27,25.43,242.22,0.01, NAN,4.5, NAN,1000.1, NAN,0.0, NAN,102.0, NAN,248, NAN,12.9, NAN,59.0, NAN,12.9, NAN,273.4, NAN,1002.2,-6.02,261.44,-0.02,5.8565,5.6556,125.4,0.0,1436.677, NAN, NAN, NAN, NAN,,2024/03/30 06:20:32.860,2024-03-30 06:20:32.860000+00:00
2024/03/30, 06:21:32.860,41.524,-70.672,-0.17,25.37,337.03,0.0, NAN,4.5, NAN,1000.0, NAN,0.0, NAN,102.0, NAN,256, NAN,12.3, NAN,60.3, NAN,12.3, NAN,281.4, NAN,1002.1,-5.89,261.29,-0.02,5.8566,5.6541,126.0,0.0,1436.671, NAN, NAN, NAN, NAN,,2024/03/30 06:21:32.860,2024-03-30 06:21:32.860000+00:00
2024/03/30, 06:22:32.860,41.524,-70.672,-0.25,25.44,279.9,0.01, NAN,4.5, NAN,1000.0, NAN,0.0, NAN,102.0, NAN,254, NAN,11.7, NAN,60.6, NAN,11.7, NAN,279.4, NAN,1002.1,-5.95,261.13,-0.03,5.8566,5.6516,125.7,0.0,1436.66, NAN, NAN, NAN, NAN,,2024/03/30 06:22:32.860,2024-03-30 06:22:32.860000+00:00
2024/03/30, 06:23:32.860,41.524,-70.672,-0.08,25.37,302.8,0.01, NAN,4.5, NAN,1000.1, NAN,0.0, NAN,102.0, NAN,255, NAN,11.1, NAN,59.5, NAN,11.1, NAN,280.4, NAN,1002.2,-5.91,261.27,-0.02,5.8565,5.65,126.9,0.0,1436.653, NAN, NAN, NAN, NAN,,2024/03/30 06:23:32.860,2024-03-30 06:23:32.860000+00:00
2024/03/30, 06:24:32.860,41.524,-70.672,0.03,25.45,355.92,0.0, NAN,4.5, NAN,1000.1, NAN,0.0, NAN,102.0, NAN,261, NAN,12.1, NAN,61.1, NAN,12.1, NAN,286.4, NAN,1002.2,-6.01,261.45,-0.02,5.8566,5.6487,126.3,0.0,1436.647, NAN, NAN, NAN, NAN,,2024/03/30 06:24:32.860,2024-03-30 06:24:32.860000+00:00
2024/03/30, 06:25:32.860,41.524,-70.672,-0.04,25.37,349.24,0.01, NAN,4.5, NAN,1000.1, NAN,0.0, NAN,102.0, NAN,254, NAN,9.3, NAN,61.4, NAN,9.3, NAN,279.4, NAN,1002.2,-5.95,261.44,-0.02,5.8566,5.6487,126.3,0.0,1436.647, NAN, NAN, NAN, NAN,,2024/03/30 06:25:32.860,2024-03-30 06:25:32.860000+00:00
2024/03/30, 06:26:32.860,41.524,-70.672,-0.2,25.47,171.0,0.0, NAN,4.5, NAN,1000.2, NAN,0.0, NAN,102.0, NAN,260, NAN,12.9, NAN,63.0, NAN,12.9, NAN,285.5, NAN,1002.3,-5.98,261.33,-0.02,5.8566,5.6492,125.7,0.0,1436.65, NAN, NAN, NAN, NAN,,2024/03/30 06:26:32.860,2024-03-30 06:26:32.860000+00:00
2024/03/30, 06:27:32.860,41.524,-70.672,0.04,25.5,170.49,0.02, NAN,4.5, NAN,1000.1, NAN,0.0, NAN,102.0, NAN,259, NAN,12.2, NAN,60.2, NAN,12.2, NAN,284.5, NAN,1002.2,-5.99,261.45,-0.02,5.8567,5.649,126.0,0.0,1436.649, NAN, NAN, NAN, NAN,,2024/03/30 06:27:32.860,2024-03-30 06:27:32.860000+00:00
2024/03/30, 06:28:32.861,41.524,-70.672,0.0,25.39,334.02,0.0, NAN,4.5, NAN,1000.2, NAN,0.0, NAN,102.0, NAN,253, NAN,10.7, NAN,59.9, NAN,10.7, NAN,278.4, NAN,1002.3,-5.97,261.43,-0.02,5.8566,5.6494,126.0,0.0,1436.651, NAN, NAN, NAN, NAN,,2024/03/30 06:28:32.861,2024-03-30 06:28:32.861000+00:00
2024/03/30, 06:29:32.861,41.524,-70.672,-0.02,25.39,231.74,0.0, NAN,4.5, NAN,1000.2, NAN,0.0, NAN,102.0, NAN,253, NAN,10.6, NAN,61.9, NAN,10.6, NAN,278.4, NAN,1002.3,-5.97,261.63,-0.03,5.8566,5.6508,126.0,0.0,1436.657, NAN, NAN, NAN, NAN,,2024/03/30 06:29:32.861,2024-03-30 06:29:32.861000+00:00
2024/03/30, 06:30:32.861,41.524,-70.672,-0.1,25.39,331.98,0.0, NAN,4.5, NAN,1000.2, NAN,0.0, NAN,102.0, NAN,259, NAN,11.7, NAN,61.9, NAN,11.7, NAN,284.4, NAN,1002.3,-5.91,261.92,-0.02,5.8566,5.6509,126.0,0.0,1436.657, NAN, NAN, NAN, NAN,,2024/03/30 06:30:32.861,2024-03-30 06:30:32.861000+00:00
2024/03/30, 06:31:32.861,41.524,-70.672,-0.1,25.44,342.7,0.01, NAN,4.5, NAN,1000.1, NAN,0.0, NAN,102.0, NAN,262, NAN,11.9, NAN,61.3, NAN,11.9, NAN,287.5, NAN,1002.2,-5.91,261.86,-0.02,5.8566,5.6502,125.7,0.0,1436.654, NAN, NAN, NAN, NAN,,2024/03/30 06:31:32.861,2024-03-30 06:31:32.861000+00:00
2024/03/30, 06:32:32.861,41.524,-70.672,-0.19,25.39,291.33,0.02, NAN,4.6, NAN,1000.2, NAN,0.0, NAN,102.0, NAN,250, NAN,11.9, NAN,61.6, NAN,11.9, NAN,275.4, NAN,1002.3,-5.91,261.91,-0.02,5.8567,5.6479,126.0,0.0,1436.644, NAN, NAN, NAN, NAN,,2024/03/30 06:32:32.861,2024-03-30 06:32:32.861000+00:00
2024/03/30, 06:33:32.861,41.524,-70.672,-0.25,25.36,143.71,0.02, NAN,4.6, NAN,1000.2, NAN,0.0, NAN,102.0, NAN,256, NAN,10.8, NAN,60.4, NAN,10.8, NAN,281.4, NAN,1002.3,-5.98,261.76,-0.02,5.8567,5.6467,126.3,0.0,1436.639, NAN, NAN, NAN, NAN,,2024/03/30 06:33:32.861,2024-03-30 06:33:32.861000+00:00
2024/03/30, 06:34:32.861,41.524,-70.672,0.05,25.45,192.12,0.0, NAN,4.6, NAN,1000.1, NAN,0.0, NAN,102.0, NAN,261, NAN,12.2, NAN,60.2, NAN,12.2, NAN,286.4, NAN,1002.2,-6.01,261.75,-0.02,5.8566,5.6461,125.4,0.0,1436.636, NAN, NAN, NAN, NAN,,2024/03/30 06:34:32.861,2024-03-30 06:34:32.861000+00:00
2024/03/30, 06:35:32.861,41.524,-70.672,-0.1,25.38,94.91,0.01, NAN,4.6, NAN,1000.2, NAN,0.0, NAN,102.0, NAN,254, NAN,10.1, NAN,59.9, NAN,10.1, NAN,279.4, NAN,1002.3,-5.98,262.05,-0.02,5.8565,5.6447,126.0,0.0,1436.63, NAN, NAN, NAN, NAN,,2024/03/30 06:35:32.861,2024-03-30 06:35:32.861000+00:00
2024/03/30, 06:36:32.861,41.524,-70.672,-0.14,25.5,131.55,0.01, NAN,4.6, NAN,1000.2, NAN,0.0, NAN,102.0, NAN,260, NAN,10.9, NAN,60.1, NAN,10.9, NAN,285.5, NAN,1002.3,-6.09,262.11,-0.02,5.8566,5.6453,126.6,0.0,1436.633, NAN, NAN, NAN, NAN,,2024/03/30 06:36:32.861,2024-03-30 06:36:32.861000+00:00
2024/03/30, 06:37:32.861,41.524,-70.672,-0.08,25.41,152.79,0.0, NAN,4.6, NAN,1000.2, NAN,0.0, NAN,102.0, NAN,259, NAN,10.9, NAN,61.0, NAN,10.9, NAN,284.4, NAN,1002.3,-6.11,262.26,-0.02,5.8566,5.6457,126.0,0.0,1436.634, NAN, NAN, NAN, NAN,,2024/03/30 06:37:32.861,2024-03-30 06:37:32.861000+00:00
2024/03/30, 06:38:32.861,41.524,-70.672,-0.22,25.35,235.24,0.01, NAN,4.6, NAN,1000.2, NAN,0.0, NAN,102.0, NAN,250, NAN,10.6, NAN,60.2, NAN,10.6, NAN,275.4, NAN,1002.3,-6.08,262.29,-0.03,5.8565,5.6458,126.3,0.0,1436.635, NAN, NAN, NAN, NAN,,2024/03/30 06:38:32.861,2024-03-30 06:38:32.861000+00:00
2024/03/30, 06:39:32.861,41.524,-70.672,-0.21,25.45,278.16,0.02, NAN,4.6, NAN,1000.1, NAN,0.0, NAN,102.0, NAN,256, NAN,10.9, NAN,60.7, NAN,10.9, NAN,281.5, NAN,1002.2,-6.03,262.23,-0.02,5.8566,5.6466,126.3,0.0,1436.638, NAN, NAN, NAN, NAN,,2024/03/30 06:39:32.861,2024-03-30 06:39:32.861000+00:00
2024/03/30, 06:40:32.861,41.524,-70.672,-0.17,25.38,299.66,0.01, NAN,4.6, NAN,1000.1, NAN,0.0, NAN,102.0, NAN,257, NAN,9.5, NAN,61.1, NAN,9.5, NAN,282.4, NAN,1002.2,-5.99,262.23,-0.02,5.8566,5.6474,126.3,0.0,1436.642, NAN, NAN, NAN, NAN,,2024/03/30 06:40:32.861,2024-03-30 06:40:32.861000+00:00
2024/03/30, 06:41:32.861,41.524,-70.672,-0.04,25.44,243.2,0.01, NAN,4.6, NAN,1000.1, NAN,0.0, NAN,102.0, NAN,257, NAN,11.8, NAN,61.4, NAN,11.8, NAN,282.5, NAN,1002.2,-6.0,262.29,-0.02,5.8566,5.6481,126.0,0.0,1436.645, NAN, NAN, NAN, NAN,,2024/03/30 06:41:32.861,2024-03-30 06:41:32.861000+00:00
2024/03/30, 06:42:32.861,41.524,-70.672,-0.16,25.39,128.56,0.0, NAN,4.6, NAN,1000.1, NAN,0.0, NAN,102.0, NAN,259, NAN,10.7, NAN,59.8, NAN,10.7, NAN,284.4, NAN,1002.2,-6.03,262.49,-0.02,5.8566,5.6473,126.0,0.0,1436.641, NAN, NAN, NAN, NAN,,2024/03/30 06:42:32.861,2024-03-30 06:42:32.861000+00:00
2024/03/30, 06:43:32.861,41.524,-70.672,-0.22,25.39,286.86,0.01, NAN,4.6, NAN,1000.1, NAN,0.0, NAN,102.0, NAN,271, NAN,12.8, NAN,61.0, NAN,12.8, NAN,296.4, NAN,1002.2,-6.02,262.48,-0.02,5.8566,5.6468,125.7,0.0,1436.639, NAN, NAN, NAN, NAN,,2024/03/30 06:43:32.861,2024-03-30 06:43:32.861000+00:00
2024/03/30, 06:44:32.862,41.524,-70.672,-0.15,25.41,325.62,0.0, NAN,4.6, NAN,1000.1, NAN,0.0, NAN,102.0, NAN,253, NAN,9.5, NAN,60.1, NAN,9.5, NAN,278.4, NAN,1002.2,-5.96,262.67,-0.02,5.8566,5.6475,125.7,0.0,1436.642, NAN, NAN, NAN, NAN,,2024/03/30 06:44:32.862,2024-03-30 06:44:32.862000+00:00
2024/03/30, 06:45:32.862,41.524,-70.672,-0.02,25.35,274.69,0.01, NAN,4.6, NAN,1000.2, NAN,0.0, NAN,102.0, NAN,258, NAN,10.3, NAN,62.4, NAN,10.3, NAN,283.3, NAN,1002.3,-6.03,262.53,-0.02,5.8566,5.6494,126.6,0.0,1436.651, NAN, NAN, NAN, NAN,,2024/03/30 06:45:32.862,2024-03-30 06:45:32.862000+00:00
2024/03/30, 06:46:32.862,41.524,-70.672,-0.16,25.44,288.85,0.01, NAN,4.6, NAN,1000.2, NAN,0.0, NAN,102.0, NAN,259, NAN,11.3, NAN,61.9, NAN,11.3, NAN,284.5, NAN,1002.3,-5.95,262.49,-0.02,5.8566,5.6493,125.7,0.0,1436.65, NAN, NAN, NAN, NAN,,2024/03/30 06:46:32.862,2024-03-30 06:46:32.862000+00:00
2024/03/30, 06:47:32.862,41.524,-70.672,-0.1,25.42,106.17,0.01, NAN,4.6, NAN,1000.1, NAN,0.0, NAN,102.0, NAN,247, NAN,10.0, NAN,61.9, NAN,10.0, NAN,272.4, NAN,1002.2,-6.11,262.51,-0.02,5.8566,5.648,125.7,0.0,1436.644, NAN, NAN, NAN, NAN,,2024/03/30 06:47:32.862,2024-03-30 06:47:32.862000+00:00
2024/03/30, 06:48:32.862,41.524,-70.672,-0.21,25.37,273.44,0.0, NAN,4.6, NAN,1000.2, NAN,0.0, NAN,102.0, NAN,254, NAN,10.0, NAN,61.4, NAN,10.0, NAN,279.4, NAN,1002.3,-6.21,262.55,-0.02,5.8566,5.6489,126.6,0.0,1436.648, NAN, NAN, NAN, NAN,,2024/03/30 06:48:32.862,2024-03-30 06:48:32.862000+00:00
2024/03/30, 06:49:32.862,41.524,-70.672,0.0,25.36,111.08,0.02, NAN,4.6, NAN,1000.2, NAN,0.0, NAN,102.0, NAN,257, NAN,10.6, NAN,61.5, NAN,10.6, NAN,282.4, NAN,1002.3,-6.08,262.49,-0.02,5.8566,5.6493,126.0,0.0,1436.65, NAN, NAN, NAN, NAN,,2024/03/30 06:49:32.862,2024-03-30 06:49:32.862000+00:00
2024/03/30, 06:50:32.862,41.524,-70.672,-0.09,25.42,173.47,0.01, NAN,4.6, NAN,1000.2, NAN,0.0, NAN,102.0, NAN,257, NAN,9.7, NAN,59.6, NAN,9.7, NAN,282.4, NAN,1002.3,-6.04,262.44,-0.01,5.8566,5.6483,126.0,0.0,1436.646, NAN, NAN, NAN, NAN,,2024/03/30 06:50:32.862,2024-03-30 06:50:32.862000+00:00
2024/03/30, 06:51:32.862,41.524,-70.672,-0.14,25.44,331.26,0.02, NAN,4.6, NAN,1000.2, NAN,0.0, NAN,102.0, NAN,247, NAN,13.6, NAN,61.9, NAN,13.6, NAN,272.4, NAN,1002.3,-6.01,262.5,-0.02,5.8566,5.649,126.3,0.0,1436.649, NAN, NAN, NAN, NAN,,2024/03/30 06:51:32.862,2024-03-30 06:51:32.862000+00:00
2024/03/30, 06:52:32.862,41.524,-70.672,-0.29,25.43,214.11,0.01, NAN,4.6, NAN,1000.2, NAN,0.0, NAN,102.0, NAN,260, NAN,11.9, NAN,60.7, NAN,11.9, NAN,285.5, NAN,1002.3,-5.92,262.58,-0.03,5.8566,5.6517,125.7,0.0,1436.661, NAN, NAN, NAN, NAN,,2024/03/30 06:52:32.862,2024-03-30 06:52:32.862000+00:00
2024/03/30, 06:53:32.862,41.524,-70.672,-0.16,25.37,120.89,0.01, NAN,4.6, NAN,1000.2, NAN,0.0, NAN,102.0, NAN,258, NAN,12.8, NAN,60.4, NAN,12.8, NAN,283.4, NAN,1002.3,-5.85,262.46,-0.02,5.8567,5.6557,126.0,0.0,1436.678, NAN, NAN, NAN, NAN,,2024/03/30 06:53:32.862,2024-03-30 06:53:32.862000+00:00
2024/03/30, 06:54:32.862,41.524,-70.672,-0.25,25.37,137.63,0.02, NAN,4.6, NAN,1000.2, NAN,0.0, NAN,102.0, NAN,258, NAN,11.3, NAN,60.0, NAN,11.3, NAN,283.4, NAN,1002.3,-5.82,262.52,-0.02,5.8567,5.6585,126.0,0.0,1436.69, NAN, NAN, NAN, NAN,,2024/03/30 06:54:32.862,2024-03-30 06:54:32.862000+00:00
2024/03/30, 06:55:32.862,41.524,-70.672,-0.2,25.44,220.19,0.01, NAN,4.6, NAN,1000.1, NAN,0.0, NAN,102.0, NAN,260, NAN,13.6, NAN,60.2, NAN,13.6, NAN,285.5, NAN,1002.2,-5.9,262.48,-0.02,5.8566,5.66,125.7,0.0,1436.697, NAN, NAN, NAN, NAN,,2024/03/30 06:55:32.862,2024-03-30 06:55:32.862000+00:00
2024/03/30, 06:56:32.862,41.524,-70.672,-0.38,25.48,196.67,0.01, NAN,4.6, NAN,1000.1, NAN,0.0, NAN,102.0, NAN,261, NAN,11.7, NAN,58.7, NAN,11.7, NAN,286.5, NAN,1002.2,-5.85,262.59,-0.02,5.8566,5.6622,126.0,0.0,1436.706, NAN, NAN, NAN, NAN,,2024/03/30 06:56:32.862,2024-03-30 06:56:32.862000+00:00
2024/03/30, 06:57:32.862,41.524,-70.672,-0.07,25.45,235.27,0.01, NAN,4.6, NAN,1000.1, NAN,0.0, NAN,102.0, NAN,255, NAN,12.4, NAN,60.0, NAN,12.4, NAN,280.5, NAN,1002.2,-5.83,262.28,-0.02,5.8566,5.6643,126.0,0.0,1436.715, NAN, NAN, NAN, NAN,,2024/03/30 06:57:32.862,2024-03-30 06:57:32.862000+00:00
2024/03/30, 06:58:32.862,41.524,-70.672,-0.08,25.45,282.13,0.02, NAN,4.6, NAN,1000.1, NAN,0.0, NAN,102.0, NAN,258, NAN,10.3, NAN,60.4, NAN,10.3, NAN,283.4, NAN,1002.2,-5.95,262.46,-0.02,5.8567,5.666,125.7,0.0,1436.723, NAN, NAN, NAN, NAN,,2024/03/30 06:58:32.862,2024-03-30 06:58:32.862000+00:00
2024/03/30, 06:59:32.862,41.524,-70.672,-0.1,25.43,298.29,0.01, NAN,4.6, NAN,1000.2, NAN,0.0, NAN,102.0, NAN,259, NAN,10.9, NAN,61.3, NAN,10.9, NAN,284.4, NAN,1002.3,-6.01,262.65,-0.02,5.8567,5.6667,125.7,0.0,1436.726, NAN, NAN, NAN, NAN,,2024/03/30 06:59:32.862,2024-03-30 06:59:32.862000+00:00
2024/03/30, 07:00:32.863,41.524,-70.672,-0.22,25.41,121.0,0.02, NAN,4.6, NAN,1000.1, NAN,0.0, NAN,102.0, NAN,252, NAN,12.6, NAN,62.0, NAN,12.6, NAN,277.4, NAN,1002.2,-6.05,262.63,-0.02,5.8566,5.6669,125.7,0.0,1436.727, NAN, NAN, NAN, NAN,,2024/03/30 07:00:32.863,2024-03-30 07:00:32.863000+00:00
2024/03/30, 07:01:32.863,41.524,-70.672,-0.16,25.35,53.22,0.01, NAN,4.6, NAN,1000.1, NAN,0.0, NAN,102.0, NAN,254, NAN,11.1, NAN,61.7, NAN,11.1, NAN,279.3, NAN,1002.2,-6.02,262.93,-0.02,5.8566,5.668,125.4,0.0,1436.731, NAN, NAN, NAN, NAN,,2024/03/30 07:01:32.863,2024-03-30 07:01:32.863000+00:00
2024/03/30, 07:02:32.863,41.524,-70.672,-0.15,25.34,252.01,0.01, NAN,4.6, NAN,1000.1, NAN,0.0, NAN,102.0, NAN,254, NAN,10.7, NAN,61.9, NAN,10.7, NAN,279.4, NAN,1002.2,-5.85,262.96,-0.02,5.8567,5.6686,125.1,0.0,1436.734, NAN, NAN, NAN, NAN,,2024/03/30 07:02:32.863,2024-03-30 07:02:32.863000+00:00
2024/03/30, 07:03:32.863,41.524,-70.672,-0.07,25.42,265.53,0.02, NAN,4.6, NAN,1000.1, NAN,0.0, NAN,102.0, NAN,252, NAN,9.8, NAN,61.4, NAN,9.8, NAN,277.4, NAN,1002.2,-5.89,263.13,-0.02,5.8566,5.6698,126.3,0.0,1436.739, NAN, NAN, NAN, NAN,,2024/03/30 07:03:32.863,2024-03-30 07:03:32.863000+00:00
2024/03/30, 07:04:32.863,41.524,-70.672,-0.32,25.35,173.11,0.01, NAN,4.6, NAN,1000.1, NAN,0.0, NAN,102.0, NAN,247, NAN,9.5, NAN,63.3, NAN,9.5, NAN,272.4, NAN,1002.2,-6.03,262.86,-0.02,5.8566,5.6701,126.3,0.0,1436.74, NAN, NAN, NAN, NAN,,2024/03/30 07:04:32.863,2024-03-30 07:04:32.863000+00:00
2024/03/30, 07:05:32.863,41.524,-70.672,-0.21,25.39,149.86,0.0, NAN,4.6, NAN,1000.1, NAN,0.0, NAN,102.0, NAN,256, NAN,10.1, NAN,63.9, NAN,10.1, NAN,281.4, NAN,1002.2,-6.08,262.52,-0.02,5.8566,5.6698,126.6,0.0,1436.739, NAN, NAN, NAN, NAN,,2024/03/30 07:05:32.863,2024-03-30 07:05:32.863000+00:00
2024/03/30, 07:06:32.863,41.524,-70.672,-0.08,25.34,133.13,0.02, NAN,4.6, NAN,1000.1, NAN,0.0, NAN,102.0, NAN,259, NAN,11.7, NAN,61.3, NAN,11.7, NAN,284.4, NAN,1002.2,-6.14,262.68,-0.02,5.8566,5.6699,126.9,0.0,1436.74, NAN, NAN, NAN, NAN,,2024/03/30 07:06:32.863,2024-03-30 07:06:32.863000+00:00
2024/03/30, 07:07:32.863,41.524,-70.672,-0.21,25.32,223.69,0.0, NAN,4.6, NAN,1000.1, NAN,0.0, NAN,102.0, NAN,252, NAN,9.8, NAN,60.7, NAN,9.8, NAN,277.3, NAN,1002.2,-6.06,263.0,-0.02,5.8567,5.6689,126.3,0.0,1436.735, NAN, NAN, NAN, NAN,,2024/03/30 07:07:32.863,2024-03-30 07:07:32.863000+00:00
2024/03/30, 07:08:32.863,41.524,-70.672,-0.27,25.27,97.87,0.01, NAN,4.6, NAN,1000.1, NAN,0.0, NAN,102.0, NAN,247, NAN,11.2, NAN,61.5, NAN,11.2, NAN,272.3, NAN,1002.2,-6.01,263.01,-0.02,5.8566,5.6676,125.7,0.0,1436.73, NAN, NAN, NAN, NAN,,2024/03/30 07:08:32.863,2024-03-30 07:08:32.863000+00:00
2024/03/30, 07:09:32.863,41.524,-70.672,-0.27,25.41,118.08,0.0, NAN,4.6, NAN,1000.0, NAN,0.0, NAN,102.0, NAN,261, NAN,11.5, NAN,62.8, NAN,11.5, NAN,286.4, NAN,1002.1,-5.97,262.87,-0.03,5.8566,5.662,126.0,0.0,1436.705, NAN, NAN, NAN, NAN,,2024/03/30 07:09:32.863,2024-03-30 07:09:32.863000+00:00
2024/03/30, 07:10:32.863,41.524,-70.672,-0.2,25.38,341.18,0.02, NAN,4.6, NAN,1000.1, NAN,0.0, NAN,102.0, NAN,259, NAN,12.7, NAN,60.9, NAN,12.7, NAN,284.4, NAN,1002.2,-5.9,262.85,-0.02,5.8567,5.6587,126.0,0.0,1436.691, NAN, NAN, NAN, NAN,,2024/03/30 07:10:32.863,2024-03-30 07:10:32.863000+00:00
2024/03/30, 07:11:32.863,41.524,-70.672,-0.13,25.34,105.75,0.0, NAN,4.6, NAN,1000.0, NAN,0.0, NAN,102.0, NAN,247, NAN,9.7, NAN,61.8, NAN,9.7, NAN,272.3, NAN,1002.1,-5.94,263.03,-0.02,5.8566,5.6593,126.3,0.0,1436.694, NAN, NAN, NAN, NAN,,2024/03/30 07:11:32.863,2024-03-30 07:11:32.863000+00:00
2024/03/30, 07:12:32.863,41.524,-70.672,0.03,25.39,313.84,0.01, NAN,4.6, NAN,1000.0, NAN,0.0, NAN,102.0, NAN,254, NAN,9.4, NAN,63.1, NAN,9.4, NAN,279.4, NAN,1002.1,-6.05,262.74,-0.02,5.8566,5.6615,126.9,0.0,1436.703, NAN, NAN, NAN, NAN,,2024/03/30 07:12:32.863,2024-03-30 07:12:32.863000+00:00
2024/03/30, 07:13:32.863,41.524,-70.672,-0.19,25.27,132.69,0.02, NAN,4.6, NAN,1000.0, NAN,0.0, NAN,102.0, NAN,253, NAN,10.8, NAN,62.8, NAN,10.8, NAN,278.3, NAN,1002.1,-6.09,262.92,-0.02,5.8567,5.6635,126.0,0.0,1436.712, NAN, NAN, NAN, NAN,,2024/03/30 07:13:32.863,2024-03-30 07:13:32.863000+00:00
2024/03/30, 07:14:32.863,41.524,-70.672,-0.06,25.37,128.89,0.02, NAN,4.6, NAN,999.9, NAN,0.0, NAN,102.0, NAN,257, NAN,11.8, NAN,62.4, NAN,11.8, NAN,282.4, NAN,1002.0,-5.99,263.06,-0.02,5.8566,5.6624,126.3,0.0,1436.707, NAN, NAN, NAN, NAN,,2024/03/30 07:14:32.863,2024-03-30 07:14:32.863000+00:00
2024/03/30, 07:15:32.863,41.524,-70.672,-0.03,25.41,297.34,0.01, NAN,4.6, NAN,1000.0, NAN,0.0, NAN,102.0, NAN,267, NAN,12.6, NAN,62.2, NAN,12.6, NAN,292.4, NAN,1002.1,-6.09,263.14,-0.02,5.8567,5.6618,126.0,0.0,1436.705, NAN, NAN, NAN, NAN,,2024/03/30 07:15:32.863,2024-03-30 07:15:32.863000+00:00
2024/03/30, 07:16:32.864,41.524,-70.672,-0.16,25.34,50.33,0.01, NAN,4.6, NAN,1000.0, NAN,0.0, NAN,102.0, NAN,261, NAN,10.8, NAN,61.4, NAN,10.8, NAN,286.3, NAN,1002.1,-6.0,263.09,-0.02,5.8566,5.66,126.0,0.0,1436.697, NAN, NAN, NAN, NAN,,2024/03/30 07:16:32.864,2024-03-30 07:16:32.864000+00:00
2024/03/30, 07:17:32.864,41.524,-70.672,-0.15,25.35,202.07,0.01, NAN,4.6, NAN,1000.0, NAN,0.0, NAN,102.0, NAN,252, NAN,10.4, NAN,61.6, NAN,10.4, NAN,277.4, NAN,1002.1,-6.02,263.1,-0.02,5.8567,5.6575,125.1,0.0,1436.686, NAN, NAN, NAN, NAN,,2024/03/30 07:17:32.864,2024-03-30 07:17:32.864000+00:00
2024/03/30, 07:18:32.864,41.524,-70.672,-0.12,25.44,303.79,0.02, NAN,4.6, NAN,999.9, NAN,0.0, NAN,102.0, NAN,257, NAN,11.9, NAN,63.3, NAN,11.9, NAN,282.4, NAN,1002.0,-6.04,263.0,-0.02,5.8567,5.6548,126.0,0.0,1436.674, NAN, NAN, NAN, NAN,,2024/03/30 07:18:32.864,2024-03-30 07:18:32.864000+00:00
2024/03/30, 07:19:32.864,41.524,-70.672,-0.13,25.32,244.21,0.01, NAN,4.6, NAN,999.9, NAN,0.0, NAN,102.0, NAN,251, NAN,12.4, NAN,61.3, NAN,12.4, NAN,276.3, NAN,1002.0,-5.84,263.11,-0.03,5.8566,5.6532,125.7,0.0,1436.667, NAN, NAN, NAN, NAN,,2024/03/30 07:19:32.864,2024-03-30 07:19:32.864000+00:00
2024/03/30, 07:20:32.864,41.524,-70.672,-0.11,25.37,313.02,0.01, NAN,4.6, NAN,999.9, NAN,0.0, NAN,102.0, NAN,247, NAN,13.7, NAN,61.5, NAN,13.7, NAN,272.4, NAN,1002.0,-5.86,263.06,-0.02,5.8566,5.6537,126.0,0.0,1436.669, NAN, NAN, NAN, NAN,,2024/03/30 07:20:32.864,2024-03-30 07:20:32.864000+00:00
2024/03/30, 07:21:32.864,41.524,-70.672,-0.1,25.33,85.37,0.0, NAN,4.6, NAN,1000.0, NAN,0.0, NAN,102.0, NAN,259, NAN,11.6, NAN,61.2, NAN,11.6, NAN,284.3, NAN,1002.1,-5.81,263.07,-0.02,5.8566,5.6524,126.3,0.0,1436.664, NAN, NAN, NAN, NAN,,2024/03/30 07:21:32.864,2024-03-30 07:21:32.864000+00:00
2024/03/30, 07:22:32.864,41.524,-70.672,0.01,25.38,270.02,0.0, NAN,4.6, NAN,1000.0, NAN,0.0, NAN,102.0, NAN,268, NAN,11.8, NAN,61.4, NAN,11.8, NAN,293.4, NAN,1002.1,-5.8,263.04,-0.03,5.8566,5.6502,125.7,0.0,1436.654, NAN, NAN, NAN, NAN,,2024/03/30 07:22:32.864,2024-03-30 07:22:32.864000+00:00
2024/03/30, 07:23:32.864,41.524,-70.672,-0.02,25.28,316.54,0.01, NAN,4.6, NAN,1000.0, NAN,0.0, NAN,102.0, NAN,251, NAN,10.4, NAN,61.6, NAN,10.4, NAN,276.3, NAN,1002.1,-5.71,262.77,-0.03,5.8566,5.6486,125.7,0.0,1436.647, NAN, NAN, NAN, NAN,,2024/03/30 07:23:32.864,2024-03-30 07:23:32.864000+00:00
2024/03/30, 07:24:32.864,41.524,-70.672,-0.04,25.36,131.41,0.01, NAN,4.6, NAN,1000.0, NAN,0.0, NAN,102.0, NAN,252, NAN,13.3, NAN,63.0, NAN,13.3, NAN,277.4, NAN,1002.1,-5.75,263.29,-0.02,5.8567,5.6472,126.3,0.0,1436.641, NAN, NAN, NAN, NAN,,2024/03/30 07:24:32.864,2024-03-30 07:24:32.864000+00:00
2024/03/30, 07:25:32.864,41.524,-70.672,-0.09,25.33,183.24,0.01, NAN,4.6, NAN,1000.1, NAN,0.0, NAN,102.0, NAN,240, NAN,13.4, NAN,62.1, NAN,13.4, NAN,265.3, NAN,1002.2,-5.8,263.13,-0.03,5.8566,5.6466,126.0,0.0,1436.638, NAN, NAN, NAN, NAN,,2024/03/30 07:25:32.864,2024-03-30 07:25:32.864000+00:00
2024/03/30, 07:26:32.864,41.524,-70.672,-0.06,25.35,205.64,0.0, NAN,4.6, NAN,1000.0, NAN,0.0, NAN,102.0, NAN,266, NAN,12.2, NAN,60.7, NAN,12.2, NAN,291.4, NAN,1002.1,-5.8,263.02,-0.02,5.8566,5.6466,125.7,0.0,1436.638, NAN, NAN, NAN, NAN,,2024/03/30 07:26:32.864,2024-03-30 07:26:32.864000+00:00
2024/03/30, 07:27:32.864,41.524,-70.672,-0.04,25.35,331.29,0.01, NAN,4.6, NAN,1000.0, NAN,0.0, NAN,102.0, NAN,250, NAN,10.4, NAN,61.9, NAN,10.4, NAN,275.3, NAN,1002.1,-5.84,263.09,-0.02,5.8566,5.6475,125.7,0.0,1436.642, NAN, NAN, NAN, NAN,,2024/03/30 07:27:32.864,2024-03-30 07:27:32.864000+00:00
2024/03/30, 07:28:32.864,41.524,-70.672,-0.06,25.28,318.82,0.01, NAN,4.6, NAN,1000.0, NAN,0.0, NAN,102.0, NAN,259, NAN,11.5, NAN,63.3, NAN,11.5, NAN,284.3, NAN,1002.1,-5.8,262.94,-0.03,5.8566,5.6489,125.7,0.0,1436.648, NAN, NAN, NAN, NAN,,2024/03/30 07:28:32.864,2024-03-30 07:28:32.864000+00:00
2024/03/30, 07:29:32.864,41.524,-70.672,-0.12,25.3,319.96,0.01, NAN,4.6, NAN,1000.0, NAN,0.0, NAN,102.0, NAN,256, NAN,11.1, NAN,62.1, NAN,11.1, NAN,281.3, NAN,1002.1,-5.9,262.8,-0.02,5.8566,5.6483,125.7,0.0,1436.646, NAN, NAN, NAN, NAN,,2024/03/30 07:29:32.864,2024-03-30 07:29:32.864000+00:00
2024/03/30, 07:30:32.864,41.524,-70.672,-0.12,25.33,287.66,0.01, NAN,4.6, NAN,999.9, NAN,0.0, NAN,102.0, NAN,251, NAN,12.3, NAN,62.6, NAN,12.3, NAN,276.3, NAN,1002.0,-5.87,263.0,-0.03,5.8566,5.6463,126.0,0.0,1436.637, NAN, NAN, NAN, NAN,,2024/03/30 07:30:32.864,2024-03-30 07:30:32.864000+00:00
2024/03/30, 07:31:32.864,41.524,-70.672,-0.09,25.3,133.42,0.01, NAN,4.6, NAN,999.9, NAN,0.0, NAN,102.0, NAN,249, NAN,12.7, NAN,62.1, NAN,12.7, NAN,274.3, NAN,1002.0,-5.9,263.01,-0.03,5.8566,5.647,125.4,0.0,1436.64, NAN, NAN, NAN, NAN,,2024/03/30 07:31:32.864,2024-03-30 07:31:32.864000+00:00
2024/03/30, 07:32:32.865,41.524,-70.672,-0.18,25.46,265.33,0.02, NAN,4.6, NAN,999.9, NAN,0.0, NAN,102.0, NAN,255, NAN,12.2, NAN,62.7, NAN,12.2, NAN,280.5, NAN,1002.0,-5.89,262.74,-0.03,5.8566,5.6515,126.0,0.0,1436.66, NAN, NAN, NAN, NAN,,2024/03/30 07:32:32.865,2024-03-30 07:32:32.865000+00:00
2024/03/30, 07:33:32.865,41.524,-70.672,-0.03,25.4,153.59,0.01, NAN,4.6, NAN,1000.0, NAN,0.0, NAN,102.0, NAN,257, NAN,11.2, NAN,61.3, NAN,11.2, NAN,282.4, NAN,1002.1,-5.91,262.97,-0.02,5.8566,5.6559,126.0,0.0,1436.679, NAN, NAN, NAN, NAN,,2024/03/30 07:33:32.865,2024-03-30 07:33:32.865000+00:00
2024/03/30, 07:34:32.865,41.524,-70.672,-0.03,25.3,159.5,0.01, NAN,4.6, NAN,999.9, NAN,0.0, NAN,102.0, NAN,250, NAN,10.4, NAN,62.5, NAN,10.4, NAN,275.3, NAN,1002.0,-6.04,263.02,-0.02,5.8566,5.6609,125.7,0.0,1436.7, NAN, NAN, NAN, NAN,,2024/03/30 07:34:32.865,2024-03-30 07:34:32.865000+00:00
2024/03/30, 07:35:32.865,41.524,-70.672,-0.13,25.39,279.62,0.02, NAN,4.6, NAN,1000.0, NAN,0.0, NAN,102.0, NAN,258, NAN,12.2, NAN,62.5, NAN,12.2, NAN,283.4, NAN,1002.1,-6.0,262.77,-0.02,5.8565,5.6652,125.7,0.0,1436.719, NAN, NAN, NAN, NAN,,2024/03/30 07:35:32.865,2024-03-30 07:35:32.865000+00:00
2024/03/30, 07:36:32.865,41.524,-70.672,-0.04,25.41,256.39,0.01, NAN,4.6, NAN,999.9, NAN,0.0, NAN,102.0, NAN,253, NAN,11.1, NAN,60.6, NAN,11.1, NAN,278.4, NAN,1002.0,-5.9,262.95,-0.03,5.8565,5.6687,126.0,0.0,1436.734, NAN, NAN, NAN, NAN,,2024/03/30 07:36:32.865,2024-03-30 07:36:32.865000+00:00
2024/03/30, 07:37:32.865,41.524,-70.672,-0.06,25.3,221.53,0.0, NAN,4.6, NAN,999.9, NAN,0.0, NAN,102.0, NAN,251, NAN,10.0, NAN,60.7, NAN,10.0, NAN,276.3, NAN,1002.0,-5.93,262.87,-0.02,5.8566,5.6724,126.0,0.0,1436.75, NAN, NAN, NAN, NAN,,2024/03/30 07:37:32.865,2024-03-30 07:37:32.865000+00:00
2024/03/30, 07:38:32.865,41.524,-70.672,-0.08,25.41,297.41,0.01, NAN,4.6, NAN,999.9, NAN,0.0, NAN,102.0, NAN,256, NAN,10.0, NAN,63.1, NAN,10.0, NAN,281.4, NAN,1002.0,-6.03,262.75,-0.02,5.8565,5.6754,126.0,0.0,1436.763, NAN, NAN, NAN, NAN,,2024/03/30 07:38:32.865,2024-03-30 07:38:32.865000+00:00
2024/03/30, 07:39:32.865,41.524,-70.672,0.05,25.36,210.7,0.01, NAN,4.6, NAN,999.9, NAN,0.0, NAN,102.0, NAN,253, NAN,11.3, NAN,63.2, NAN,11.3, NAN,278.4, NAN,1002.0,-5.93,262.74,-0.03,5.8567,5.6778,125.7,0.0,1436.774, NAN, NAN, NAN, NAN,,2024/03/30 07:39:32.865,2024-03-30 07:39:32.865000+00:00
2024/03/30, 07:40:32.865,41.524,-70.672,0.05,25.4,306.77,0.01, NAN,4.6, NAN,1000.0, NAN,0.0, NAN,102.0, NAN,259, NAN,11.7, NAN,61.5, NAN,11.7, NAN,284.4, NAN,1002.1,-5.97,262.9,-0.03,5.8566,5.6792,125.4,0.0,1436.78, NAN, NAN, NAN, NAN,,2024/03/30 07:40:32.865,2024-03-30 07:40:32.865000+00:00
2024/03/30, 07:41:32.865,41.524,-70.672,-0.08,25.37,228.55,0.01, NAN,4.6, NAN,1000.0, NAN,0.0, NAN,102.0, NAN,263, NAN,11.4, NAN,63.3, NAN,11.4, NAN,288.4, NAN,1002.1,-5.9,262.91,-0.03,5.8565,5.6806,126.0,0.0,1436.786, NAN, NAN, NAN, NAN,,2024/03/30 07:41:32.865,2024-03-30 07:41:32.865000+00:00
2024/03/30, 07:42:32.865,41.524,-70.672,-0.06,25.38,274.93,0.01, NAN,4.6, NAN,1000.0, NAN,0.0, NAN,102.0, NAN,254, NAN,11.2, NAN,62.2, NAN,11.2, NAN,279.4, NAN,1002.1,-5.99,262.76,-0.02,5.8565,5.6806,125.4,0.0,1436.786, NAN, NAN, NAN, NAN,,2024/03/30 07:42:32.865,2024-03-30 07:42:32.865000+00:00
2024/03/30, 07:43:32.865,41.524,-70.672,-0.16,25.3,103.83,0.01, NAN,4.6, NAN,1000.0, NAN,0.0, NAN,102.0, NAN,255, NAN,10.8, NAN,62.5, NAN,10.8, NAN,280.3, NAN,1002.1,-6.01,263.04,-0.03,5.8566,5.6819,126.3,0.0,1436.792, NAN, NAN, NAN, NAN,,2024/03/30 07:43:32.865,2024-03-30 07:43:32.865000+00:00
2024/03/30, 07:44:32.865,41.524,-70.672,-0.1,25.31,331.88,0.0, NAN,4.6, NAN,1000.0, NAN,0.0, NAN,102.0, NAN,253, NAN,10.9, NAN,62.1, NAN,10.9, NAN,278.3, NAN,1002.1,-5.93,262.74,-0.02,5.8566,5.6842,126.9,0.0,1436.802, NAN, NAN, NAN, NAN,,2024/03/30 07:44:32.865,2024-03-30 07:44:32.865000+00:00
2024/03/30, 07:45:32.865,41.524,-70.672,-0.24,25.31,278.08,0.02, NAN,4.6, NAN,999.9, NAN,0.0, NAN,102.0, NAN,257, NAN,11.2, NAN,62.5, NAN,11.2, NAN,282.4, NAN,1002.0,-5.98,262.77,-0.03,5.8566,5.6872,126.0,0.0,1436.815, NAN, NAN, NAN, NAN,,2024/03/30 07:45:32.865,2024-03-30 07:45:32.865000+00:00
2024/03/30, 07:46:32.865,41.524,-70.672,0.09,25.35,106.68,0.0, NAN,4.6, NAN,1000.0, NAN,0.0, NAN,102.0, NAN,261, NAN,12.8, NAN,61.7, NAN,12.8, NAN,286.4, NAN,1002.1,-5.99,263.0,-0.03,5.8566,5.6895,125.4,0.0,1436.825, NAN, NAN, NAN, NAN,,2024/03/30 07:46:32.865,2024-03-30 07:46:32.865000+00:00
2024/03/30, 07:47:32.865,41.524,-70.672,-0.18,25.35,201.41,0.0, NAN,4.6, NAN,1000.0, NAN,0.0, NAN,102.0, NAN,251, NAN,10.3, NAN,61.4, NAN,10.3, NAN,276.4, NAN,1002.1,-5.9,263.13,-0.03,5.8566,5.6918,126.0,0.0,1436.835, NAN, NAN, NAN, NAN,,2024/03/30 07:47:32.865,2024-03-30 07:47:32.865000+00:00
2024/03/30, 07:48:32.866,41.524,-70.672,-0.12,25.35,209.0,0.01, NAN,4.6, NAN,1000.0, NAN,0.0, NAN,102.0, NAN,253, NAN,10.3, NAN,63.0, NAN,10.3, NAN,278.3, NAN,1002.1,-5.9,262.73,-0.03,5.8565,5.694,126.3,0.0,1436.844, NAN, NAN, NAN, NAN,,2024/03/30 07:48:32.866,2024-03-30 07:48:32.866000+00:00
2024/03/30, 07:49:32.866,41.524,-70.672,-0.05,25.3,115.57,0.02, NAN,4.6, NAN,1000.0, NAN,0.0, NAN,102.0, NAN,256, NAN,11.5, NAN,61.9, NAN,11.5, NAN,281.3, NAN,1002.1,-5.94,262.92,-0.02,5.8565,5.6954,125.7,0.0,1436.85, NAN, NAN, NAN, NAN,,2024/03/30 07:49:32.866,2024-03-30 07:49:32.866000+00:00
2024/03/30, 07:50:32.866,41.524,-70.672,0.03,25.4,179.08,0.01, NAN,4.6, NAN,1000.0, NAN,0.0, NAN,102.0, NAN,250, NAN,11.1, NAN,62.0, NAN,11.1, NAN,275.4, NAN,1002.1,-6.06,262.99,-0.02,5.8566,5.6964,125.7,0.0,1436.855, NAN, NAN, NAN, NAN,,2024/03/30 07:50:32.866,2024-03-30 07:50:32.866000+00:00
2024/03/30, 07:51:32.866,41.524,-70.672,-0.03,25.36,256.76,0.02, NAN,4.6, NAN,1000.0, NAN,0.0, NAN,102.0, NAN,256, NAN,11.6, NAN,62.8, NAN,11.6, NAN,281.3, NAN,1002.1,-5.96,263.18,-0.03,5.8566,5.6978,125.7,0.0,1436.861, NAN, NAN, NAN, NAN,,2024/03/30 07:51:32.866,2024-03-30 07:51:32.866000+00:00
2024/03/30, 07:52:32.866,41.524,-70.672,-0.11,25.32,135.06,0.02, NAN,4.6, NAN,1000.0, NAN,0.0, NAN,102.0, NAN,257, NAN,10.3, NAN,63.3, NAN,10.3, NAN,282.4, NAN,1002.1,-5.86,262.73,-0.02,5.8566,5.6984,126.3,0.0,1436.863, NAN, NAN, NAN, NAN,,2024/03/30 07:52:32.866,2024-03-30 07:52:32.866000+00:00
2024/03/30, 07:53:32.866,41.524,-70.672,-0.04,25.3,193.76,0.01, NAN,4.6, NAN,1000.1, NAN,0.0, NAN,102.0, NAN,248, NAN,10.2, NAN,62.0, NAN,10.2, NAN,273.3, NAN,1002.2,-5.98,262.73,-0.02,5.8566,5.6989,126.0,0.0,1436.865, NAN, NAN, NAN, NAN,,2024/03/30 07:53:32.866,2024-03-30 07:53:32.866000+00:00
2024/03/30, 07:54:32.866,41.524,-70.672,0.01,25.37,186.51,0.01, NAN,4.6, NAN,1000.0, NAN,0.0, NAN,102.0, NAN,258, NAN,11.3, NAN,62.3, NAN,11.3, NAN,283.3, NAN,1002.1,-5.86,262.86,-0.03,5.8565,5.6994,126.6,0.0,1436.867, NAN, NAN, NAN, NAN,,2024/03/30 07:54:32.866,2024-03-30 07:54:32.866000+00:00
2024/03/30, 07:55:32.866,41.524,-70.672,-0.18,25.35,294.08,0.02, NAN,4.6, NAN,1000.1, NAN,0.0, NAN,102.0, NAN,247, NAN,9.8, NAN,61.7, NAN,9.8, NAN,272.3, NAN,1002.2,-5.85,262.79,-0.03,5.8566,5.7003,126.3,0.0,1436.872, NAN, NAN, NAN, NAN,,2024/03/30 07:55:32.866,2024-03-30 07:55:32.866000+00:00
2024/03/30, 07:56:32.866,41.524,-70.672,0.08,25.38,227.72,0.01, NAN,4.6, NAN,1000.0, NAN,0.0, NAN,102.0, NAN,254, NAN,11.0, NAN,63.6, NAN,11.0, NAN,279.4, NAN,1002.1,-5.94,262.69,-0.03,5.8565,5.7016,126.0,0.0,1436.877, NAN, NAN, NAN, NAN,,2024/03/30 07:56:32.866,2024-03-30 07:56:32.866000+00:00
2024/03/30, 07:57:32.866,41.524,-70.672,0.04,25.35,296.58,0.01, NAN,4.6, NAN,1000.1, NAN,0.0, NAN,102.0, NAN,251, NAN,13.8, NAN,63.5, NAN,13.8, NAN,276.3, NAN,1002.2,-5.85,262.6,-0.02,5.8565,5.7033,126.0,0.0,1436.884, NAN, NAN, NAN, NAN,,2024/03/30 07:57:32.866,2024-03-30 07:57:32.866000+00:00
2024/03/30, 07:58:32.866,41.524,-70.672,0.03,25.39,271.81,0.01, NAN,4.6, NAN,1000.1, NAN,0.0, NAN,102.0, NAN,259, NAN,11.6, NAN,62.3, NAN,11.6, NAN,284.4, NAN,1002.2,-5.78,262.86,-0.03,5.8566,5.7047,125.7,0.0,1436.891, NAN, NAN, NAN, NAN,,2024/03/30 07:58:32.866,2024-03-30 07:58:32.866000+00:00
2024/03/30, 07:59:32.866,41.524,-70.672,-0.09,25.41,296.58,0.01, NAN,4.6, NAN,1000.1, NAN,0.0, NAN,102.0, NAN,253, NAN,11.9, NAN,62.9, NAN,11.9, NAN,278.4, NAN,1002.2,-5.81,262.56,-0.02,5.8566,5.7063,126.3,0.0,1436.898, NAN, NAN, NAN, NAN,,2024/03/30 07:59:32.866,2024-03-30 07:59:32.866000+00:00
2024/03/30, 08:00:32.866,41.524,-70.672,-0.09,25.33,154.62,0.01, NAN,4.6, NAN,1000.0, NAN,0.0, NAN,102.0, NAN,251, NAN,9.1, NAN,61.1, NAN,9.1, NAN,276.4, NAN,1002.1,-5.76,262.56,-0.03,5.8566,5.7072,126.6,0.0,1436.901, NAN, NAN, NAN, NAN,,2024/03/30 08:00:32.866,2024-03-30 08:00:32.866000+00:00
2024/03/30, 08:01:32.866,41.524,-70.672,-0.21,25.32,118.39,0.01, NAN,4.6, NAN,1000.1, NAN,0.0, NAN,102.0, NAN,245, NAN,9.9, NAN,64.5, NAN,9.9, NAN,270.3, NAN,1002.2,-5.94,262.22,-0.03,5.8566,5.7075,125.4,0.0,1436.903, NAN, NAN, NAN, NAN,,2024/03/30 08:01:32.866,2024-03-30 08:01:32.866000+00:00
2024/03/30, 08:02:32.866,41.524,-70.672,-0.03,25.36,284.86,0.01, NAN,4.6, NAN,1000.1, NAN,0.0, NAN,102.0, NAN,240, NAN,9.9, NAN,64.6, NAN,9.9, NAN,265.3, NAN,1002.2,-5.88,262.33,-0.02,5.8565,5.7079,126.3,0.0,1436.904, NAN, NAN, NAN, NAN,,2024/03/30 08:02:32.866,2024-03-30 08:02:32.866000+00:00
2024/03/30, 08:03:32.866,41.524,-70.672,-0.38,25.32,145.45,0.01, NAN,4.5, NAN,1000.1, NAN,0.0, NAN,102.0, NAN,242, NAN,12.3, NAN,62.5, NAN,12.3, NAN,267.3, NAN,1002.2,-5.89,262.56,-0.03,5.8565,5.7075,126.6,0.0,1436.903, NAN, NAN, NAN, NAN,,2024/03/30 08:03:32.866,2024-03-30 08:03:32.866000+00:00
2024/03/30, 08:04:32.867,41.524,-70.672,0.11,25.41,287.56,0.01, NAN,4.5, NAN,1000.1, NAN,0.0, NAN,102.0, NAN,253, NAN,10.3, NAN,62.5, NAN,10.3, NAN,278.4, NAN,1002.2,-5.96,262.51,-0.03,5.8566,5.7023,126.0,0.0,1436.88, NAN, NAN, NAN, NAN,,2024/03/30 08:04:32.867,2024-03-30 08:04:32.867000+00:00
2024/03/30, 08:05:32.867,41.524,-70.672,0.11,25.3,63.23,0.01, NAN,4.6, NAN,1000.2, NAN,0.0, NAN,102.0, NAN,246, NAN,9.6, NAN,63.7, NAN,9.6, NAN,271.3, NAN,1002.3,-5.91,262.73,-0.03,5.8566,5.6972,126.0,0.0,1436.858, NAN, NAN, NAN, NAN,,2024/03/30 08:05:32.867,2024-03-30 08:05:32.867000+00:00
2024/03/30, 08:06:32.867,41.524,-70.672,0.0,25.27,50.14,0.01, NAN,4.6, NAN,1000.2, NAN,0.0, NAN,102.0, NAN,247, NAN,9.2, NAN,64.8, NAN,9.2, NAN,272.3, NAN,1002.3,-5.94,262.39,-0.03,5.8566,5.6935,125.4,0.0,1436.842, NAN, NAN, NAN, NAN,,2024/03/30 08:06:32.867,2024-03-30 08:06:32.867000+00:00
2024/03/30, 08:07:32.867,41.524,-70.672,0.01,25.39,313.73,0.01, NAN,4.6, NAN,1000.1, NAN,0.0, NAN,102.0, NAN,247, NAN,10.1, NAN,63.8, NAN,10.1, NAN,272.4, NAN,1002.2,-5.91,262.36,-0.03,5.8565,5.6899,125.7,0.0,1436.826, NAN, NAN, NAN, NAN,,2024/03/30 08:07:32.867,2024-03-30 08:07:32.867000+00:00
2024/03/30, 08:08:32.867,41.524,-70.672,-0.15,25.41,62.87,0.0, NAN,4.6, NAN,1000.0, NAN,0.0, NAN,102.0, NAN,243, NAN,8.8, NAN,61.7, NAN,8.8, NAN,268.4, NAN,1002.1,-5.92,262.4,-0.03,5.8566,5.6852,126.0,0.0,1436.806, NAN, NAN, NAN, NAN,,2024/03/30 08:08:32.867,2024-03-30 08:08:32.867000+00:00
2024/03/30, 08:09:32.867,41.524,-70.672,-0.05,25.41,150.87,0.02, NAN,4.6, NAN,1000.1, NAN,0.0, NAN,102.0, NAN,258, NAN,10.9, NAN,62.8, NAN,10.9, NAN,283.4, NAN,1002.2,-5.85,262.21,-0.03,5.8566,5.6836,125.7,0.0,1436.799, NAN, NAN, NAN, NAN,,2024/03/30 08:09:32.867,2024-03-30 08:09:32.867000+00:00
2024/03/30, 08:10:32.867,41.524,-70.672,0.02,25.31,72.91,0.02, NAN,4.6, NAN,1000.2, NAN,0.0, NAN,102.0, NAN,253, NAN,10.2, NAN,62.4, NAN,10.2, NAN,278.3, NAN,1002.3,-5.85,262.24,-0.02,5.8566,5.6822,125.4,0.0,1436.793, NAN, NAN, NAN, NAN,,2024/03/30 08:10:32.867,2024-03-30 08:10:32.867000+00:00
2024/03/30, 08:11:32.867,41.524,-70.672,-0.03,25.48,22.4,0.0, NAN,4.6, NAN,1000.1, NAN,0.0, NAN,102.0, NAN,256, NAN,10.3, NAN,61.6, NAN,10.3, NAN,281.5, NAN,1002.2,-5.93,261.88,-0.03,5.8565,5.6804,126.0,0.0,1436.785, NAN, NAN, NAN, NAN,,2024/03/30 08:11:32.867,2024-03-30 08:11:32.867000+00:00
2024/03/30, 08:12:32.867,41.524,-70.672,0.11,25.43,312.17,0.01, NAN,4.6, NAN,1000.2, NAN,0.0, NAN,102.0, NAN,254, NAN,13.1, NAN,61.8, NAN,13.1, NAN,279.4, NAN,1002.3,-5.89,262.0,-0.02,5.8565,5.6779,125.7,0.0,1436.774, NAN, NAN, NAN, NAN,,2024/03/30 08:12:32.867,2024-03-30 08:12:32.867000+00:00
2024/03/30, 08:13:32.867,41.524,-70.672,0.09,25.42,313.55,0.01, NAN,4.6, NAN,1000.1, NAN,0.0, NAN,102.0, NAN,255, NAN,11.1, NAN,61.6, NAN,11.1, NAN,280.4, NAN,1002.2,-5.79,261.95,-0.02,5.8565,5.6726,126.3,0.0,1436.751, NAN, NAN, NAN, NAN,,2024/03/30 08:13:32.867,2024-03-30 08:13:32.867000+00:00
2024/03/30, 08:14:32.867,41.524,-70.672,-0.04,25.43,335.54,0.01, NAN,4.6, NAN,999.9, NAN,0.0, NAN,102.0, NAN,251, NAN,10.6, NAN,61.4, NAN,10.6, NAN,276.4, NAN,1002.0,-5.93,262.07,-0.03,5.8565,5.6692,126.0,0.0,1436.736, NAN, NAN, NAN, NAN,,2024/03/30 08:14:32.867,2024-03-30 08:14:32.867000+00:00
2024/03/30, 08:15:32.867,41.524,-70.672,-0.1,25.39,297.71,0.01, NAN,4.6, NAN,1000.0, NAN,0.0, NAN,102.0, NAN,250, NAN,9.4, NAN,62.7, NAN,9.4, NAN,275.4, NAN,1002.1,-5.95,262.06,-0.03,5.8566,5.6642,125.7,0.0,1436.715, NAN, NAN, NAN, NAN,,2024/03/30 08:15:32.867,2024-03-30 08:15:32.867000+00:00
2024/03/30, 08:16:32.867,41.524,-70.672,-0.05,25.42,173.07,0.01, NAN,4.6, NAN,1000.1, NAN,0.0, NAN,102.0, NAN,249, NAN,11.2, NAN,64.0, NAN,11.2, NAN,274.4, NAN,1002.2,-5.97,262.03,-0.03,5.8566,5.6606,126.0,0.0,1436.699, NAN, NAN, NAN, NAN,,2024/03/30 08:16:32.867,2024-03-30 08:16:32.867000+00:00
2024/03/30, 08:17:32.867,41.524,-70.672,0.16,25.48,285.94,0.0, NAN,4.6, NAN,1000.1, NAN,0.0, NAN,102.0, NAN,258, NAN,12.1, NAN,62.1, NAN,12.1, NAN,283.5, NAN,1002.2,-5.97,262.06,-0.03,5.8567,5.6604,126.0,0.0,1436.698, NAN, NAN, NAN, NAN,,2024/03/30 08:17:32.867,2024-03-30 08:17:32.867000+00:00
2024/03/30, 08:18:32.867,41.524,-70.672,-0.02,25.38,82.61,0.02, NAN,4.5, NAN,1000.0, NAN,0.0, NAN,102.0, NAN,252, NAN,10.3, NAN,63.1, NAN,10.3, NAN,277.4, NAN,1002.1,-6.02,261.72,-0.03,5.8566,5.6588,125.7,0.0,1436.691, NAN, NAN, NAN, NAN,,2024/03/30 08:18:32.867,2024-03-30 08:18:32.867000+00:00
2024/03/30, 08:19:32.867,41.524,-70.672,0.03,25.38,48.87,0.01, NAN,4.6, NAN,1000.0, NAN,0.0, NAN,102.0, NAN,252, NAN,10.2, NAN,64.2, NAN,10.2, NAN,277.4, NAN,1002.1,-5.93,261.82,-0.02,5.8566,5.6562,126.0,0.0,1436.68, NAN, NAN, NAN, NAN,,2024/03/30 08:19:32.867,2024-03-30 08:19:32.867000+00:00
2024/03/30, 08:20:32.868,41.524,-70.672,0.03,25.37,203.55,0.01, NAN,4.6, NAN,1000.0, NAN,0.0, NAN,102.0, NAN,250, NAN,9.8, NAN,64.7, NAN,9.8, NAN,275.4, NAN,1002.1,-5.96,262.06,-0.03,5.8566,5.6546,125.7,0.0,1436.673, NAN, NAN, NAN, NAN,,2024/03/30 08:20:32.868,2024-03-30 08:20:32.868000+00:00
2024/03/30, 08:21:32.868,41.524,-70.672,-0.12,25.46,73.48,0.01, NAN,4.5, NAN,1000.0, NAN,0.0, NAN,102.0, NAN,251, NAN,13.0, NAN,63.7, NAN,13.0, NAN,276.5, NAN,1002.1,-6.0,262.33,-0.03,5.8566,5.6534,126.3,0.0,1436.668, NAN, NAN, NAN, NAN,,2024/03/30 08:21:32.868,2024-03-30 08:21:32.868000+00:00
2024/03/30, 08:22:32.868,41.524,-70.672,-0.03,25.42,228.71,0.01, NAN,4.5, NAN,1000.0, NAN,0.0, NAN,102.0, NAN,262, NAN,13.4, NAN,64.0, NAN,13.4, NAN,287.4, NAN,1002.1,-5.9,263.32,-0.03,5.8565,5.6529,125.7,0.0,1436.666, NAN, NAN, NAN, NAN,,2024/03/30 08:22:32.868,2024-03-30 08:22:32.868000+00:00
2024/03/30, 08:23:32.868,41.524,-70.672,-0.11,25.39,331.09,0.01, NAN,4.5, NAN,1000.0, NAN,0.0, NAN,102.0, NAN,252, NAN,10.1, NAN,61.1, NAN,10.1, NAN,277.4, NAN,1002.1,-5.94,264.46,-0.02,5.8566,5.6518,125.4,0.0,1436.661, NAN, NAN, NAN, NAN,,2024/03/30 08:23:32.868,2024-03-30 08:23:32.868000+00:00
2024/03/30, 08:24:32.868,41.524,-70.672,0.0,25.34,304.1,0.01, NAN,4.5, NAN,1000.0, NAN,0.0, NAN,102.0, NAN,256, NAN,10.5, NAN,63.5, NAN,10.5, NAN,281.4, NAN,1002.1,-5.92,265.1,-0.02,5.8566,5.6513,126.0,0.0,1436.659, NAN, NAN, NAN, NAN,,2024/03/30 08:24:32.868,2024-03-30 08:24:32.868000+00:00
2024/03/30, 08:25:32.868,41.524,-70.672,0.06,25.4,81.44,0.02, NAN,4.5, NAN,1000.0, NAN,0.0, NAN,102.0, NAN,262, NAN,11.9, NAN,63.8, NAN,11.9, NAN,287.4, NAN,1002.1,-5.87,265.37,-0.02,5.8565,5.652,126.6,0.0,1436.662, NAN, NAN, NAN, NAN,,2024/03/30 08:25:32.868,2024-03-30 08:25:32.868000+00:00
2024/03/30, 08:26:32.868,41.524,-70.672,-0.03,25.37,324.68,0.01, NAN,4.5, NAN,1000.0, NAN,0.0, NAN,102.0, NAN,253, NAN,10.8, NAN,62.7, NAN,10.8, NAN,278.4, NAN,1002.1,-5.83,265.3,-0.02,5.8566,5.6493,125.7,0.0,1436.65, NAN, NAN, NAN, NAN,,2024/03/30 08:26:32.868,2024-03-30 08:26:32.868000+00:00
2024/03/30, 08:27:32.868,41.524,-70.672,-0.06,25.32,336.86,0.01, NAN,4.5, NAN,1000.0, NAN,0.0, NAN,102.0, NAN,255, NAN,10.5, NAN,62.2, NAN,10.5, NAN,280.3, NAN,1002.1,-5.9,265.13,-0.03,5.8565,5.6438,125.7,0.0,1436.626, NAN, NAN, NAN, NAN,,2024/03/30 08:27:32.868,2024-03-30 08:27:32.868000+00:00
2024/03/30, 08:28:32.868,41.524,-70.672,0.06,25.42,298.4,0.01, NAN,4.5, NAN,1000.0, NAN,0.0, NAN,102.0, NAN,263, NAN,11.6, NAN,63.4, NAN,11.6, NAN,288.4, NAN,1002.1,-5.89,263.93,-0.03,5.8565,5.6407,126.0,0.0,1436.613, NAN, NAN, NAN, NAN,,2024/03/30 08:28:32.868,2024-03-30 08:28:32.868000+00:00
2024/03/30, 08:29:32.868,41.524,-70.672,0.05,25.32,41.23,0.02, NAN,4.5, NAN,1000.0, NAN,0.0, NAN,102.0, NAN,252, NAN,12.0, NAN,61.4, NAN,12.0, NAN,277.3, NAN,1002.1,-5.87,264.17,-0.03,5.8566,5.6389,125.7,0.0,1436.605, NAN, NAN, NAN, NAN,,2024/03/30 08:29:32.868,2024-03-30 08:29:32.868000+00:00
2024/03/30, 08:30:32.868,41.524,-70.672,-0.1,25.4,288.64,0.01, NAN,4.5, NAN,1000.0, NAN,0.0, NAN,102.0, NAN,259, NAN,11.4, NAN,62.2, NAN,11.4, NAN,284.4, NAN,1002.1,-5.89,263.69,-0.02,5.8566,5.6378,126.0,0.0,1436.6, NAN, NAN, NAN, NAN,,2024/03/30 08:30:32.868,2024-03-30 08:30:32.868000+00:00
2024/03/30, 08:31:32.868,41.524,-70.672,0.01,25.36,308.39,0.01, NAN,4.5, NAN,1000.0, NAN,0.0, NAN,102.0, NAN,248, NAN,10.0, NAN,61.8, NAN,10.0, NAN,273.4, NAN,1002.1,-5.83,264.25,-0.03,5.8566,5.6365,126.3,0.0,1436.594, NAN, NAN, NAN, NAN,,2024/03/30 08:31:32.868,2024-03-30 08:31:32.868000+00:00
2024/03/30, 08:32:32.868,41.524,-70.672,0.07,25.34,357.51,0.0, NAN,4.5, NAN,1000.1, NAN,0.0, NAN,102.0, NAN,254, NAN,10.8, NAN,62.2, NAN,10.8, NAN,279.3, NAN,1002.2,-5.88,262.9,-0.02,5.8565,5.6366,126.0,0.0,1436.595, NAN, NAN, NAN, NAN,,2024/03/30 08:32:32.868,2024-03-30 08:32:32.868000+00:00
2024/03/30, 08:33:32.868,41.524,-70.672,0.0,25.38,291.98,0.02, NAN,4.5, NAN,999.9, NAN,0.0, NAN,102.0, NAN,255, NAN,11.4, NAN,64.0, NAN,11.4, NAN,280.3, NAN,1002.0,-5.83,261.58,-0.03,5.8565,5.6377,126.3,0.0,1436.6, NAN, NAN, NAN, NAN,,2024/03/30 08:33:32.868,2024-03-30 08:33:32.868000+00:00
2024/03/30, 08:34:32.868,41.524,-70.672,-0.03,25.41,173.7,0.01, NAN,4.6, NAN,999.9, NAN,0.0, NAN,102.0, NAN,261, NAN,10.1, NAN,63.7, NAN,10.1, NAN,286.4, NAN,1002.0,-5.9,261.29,-0.02,5.8565,5.6384,125.7,0.0,1436.603, NAN, NAN, NAN, NAN,,2024/03/30 08:34:32.868,2024-03-30 08:34:32.868000+00:00
2024/03/30, 08:35:32.868,41.524,-70.672,-0.11,25.36,39.06,0.01, NAN,4.6, NAN,1000.0, NAN,0.0, NAN,102.0, NAN,249, NAN,11.9, NAN,62.5, NAN,11.9, NAN,274.4, NAN,1002.1,-5.87,261.14,-0.02,5.8566,5.6364,126.3,0.0,1436.594, NAN, NAN, NAN, NAN,,2024/03/30 08:35:32.868,2024-03-30 08:35:32.868000+00:00
2024/03/30, 08:36:32.869,41.524,-70.672,-0.01,25.39,237.71,0.0, NAN,4.6, NAN,1000.0, NAN,0.0, NAN,102.0, NAN,255, NAN,11.3, NAN,62.7, NAN,11.3, NAN,280.4, NAN,1002.1,-5.82,260.82,-0.03,5.8566,5.6325,126.3,0.0,1436.577, NAN, NAN, NAN, NAN,,2024/03/30 08:36:32.869,2024-03-30 08:36:32.869000+00:00
2024/03/30, 08:37:32.869,41.524,-70.672,-0.06,25.41,108.69,0.02, NAN,4.6, NAN,1000.0, NAN,0.0, NAN,102.0, NAN,261, NAN,11.1, NAN,62.6, NAN,11.1, NAN,286.4, NAN,1002.1,-5.97,260.79,-0.03,5.8566,5.6294,125.7,0.0,1436.564, NAN, NAN, NAN, NAN,,2024/03/30 08:37:32.869,2024-03-30 08:37:32.869000+00:00
2024/03/30, 08:38:32.869,41.524,-70.672,-0.14,25.45,203.49,0.0, NAN,4.5, NAN,1000.1, NAN,0.0, NAN,102.0, NAN,256, NAN,10.0, NAN,61.6, NAN,10.0, NAN,281.4, NAN,1002.2,-5.97,260.73,-0.03,5.8566,5.6259,125.7,0.0,1436.548, NAN, NAN, NAN, NAN,,2024/03/30 08:38:32.869,2024-03-30 08:38:32.869000+00:00
2024/03/30, 08:39:32.869,41.524,-70.672,-0.14,25.43,60.51,0.01, NAN,4.6, NAN,1000.1, NAN,0.0, NAN,102.0, NAN,251, NAN,10.4, NAN,61.7, NAN,10.4, NAN,276.4, NAN,1002.2,-5.9,260.9,-0.03,5.8566,5.6219,126.0,0.0,1436.531, NAN, NAN, NAN, NAN,,2024/03/30 08:39:32.869,2024-03-30 08:39:32.869000+00:00
2024/03/30, 08:40:32.869,41.524,-70.672,-0.24,25.4,152.69,0.0, NAN,4.6, NAN,1000.1, NAN,0.0, NAN,102.0, NAN,247, NAN,10.2, NAN,64.7, NAN,10.2, NAN,272.4, NAN,1002.2,-5.99,260.75,-0.02,5.8567,5.6202,125.7,0.0,1436.524, NAN, NAN, NAN, NAN,,2024/03/30 08:40:32.869,2024-03-30 08:40:32.869000+00:00
2024/03/30, 08:41:32.869,41.524,-70.672,-0.13,25.38,108.58,0.02, NAN,4.5, NAN,1000.1, NAN,0.0, NAN,102.0, NAN,257, NAN,11.3, NAN,63.7, NAN,11.3, NAN,282.4, NAN,1002.2,-6.05,260.92,-0.03,5.8567,5.6189,125.7,0.0,1436.518, NAN, NAN, NAN, NAN,,2024/03/30 08:41:32.869,2024-03-30 08:41:32.869000+00:00
2024/03/30, 08:42:32.869,41.524,-70.672,-0.03,25.37,356.77,0.01, NAN,4.5, NAN,1000.1, NAN,0.0, NAN,102.0, NAN,245, NAN,10.6, NAN,63.2, NAN,10.6, NAN,270.4, NAN,1002.2,-6.0,260.63,-0.03,5.8568,5.618,126.0,0.0,1436.514, NAN, NAN, NAN, NAN,,2024/03/30 08:42:32.869,2024-03-30 08:42:32.869000+00:00
2024/03/30, 08:43:32.869,41.524,-70.672,-0.03,25.4,148.92,0.02, NAN,4.5, NAN,1000.1, NAN,0.0, NAN,102.0, NAN,250, NAN,9.7, NAN,62.5, NAN,9.7, NAN,275.4, NAN,1002.2,-5.96,261.03,-0.02,5.8567,5.617,125.4,0.0,1436.51, NAN, NAN, NAN, NAN,,2024/03/30 08:43:32.869,2024-03-30 08:43:32.869000+00:00
2024/03/30, 08:44:32.869,41.524,-70.672,-0.09,25.44,208.86,0.01, NAN,4.5, NAN,1000.1, NAN,0.0, NAN,102.0, NAN,252, NAN,10.4, NAN,64.2, NAN,10.4, NAN,277.5, NAN,1002.2,-5.97,260.92,-0.03,5.8567,5.6176,126.3,0.0,1436.512, NAN, NAN, NAN, NAN,,2024/03/30 08:44:32.869,2024-03-30 08:44:32.869000+00:00
2024/03/30, 08:45:32.869,41.524,-70.672,0.18,25.27,129.65,0.0, NAN,4.5, NAN,1000.1, NAN,0.0, NAN,102.0, NAN,248, NAN,9.6, NAN,64.1, NAN,9.6, NAN,273.3, NAN,1002.2,-6.0,261.19,-0.03,5.8569,5.6194,127.2,0.0,1436.521, NAN, NAN, NAN, NAN,,2024/03/30 08:45:32.869,2024-03-30 08:45:32.869000+00:00
2024/03/30, 08:46:32.869,41.524,-70.672,0.11,25.43,263.79,0.01, NAN,4.5, NAN,1000.1, NAN,0.0, NAN,102.0, NAN,256, NAN,9.8, NAN,64.4, NAN,9.8, NAN,281.4, NAN,1002.2,-6.11,261.29,-0.03,5.857,5.6217,125.7,0.0,1436.531, NAN, NAN, NAN, NAN,,2024/03/30 08:46:32.869,2024-03-30 08:46:32.869000+00:00
2024/03/30, 08:47:32.869,41.524,-70.672,0.07,25.35,109.2,0.03, NAN,4.5, NAN,1000.1, NAN,0.0, NAN,102.0, NAN,250, NAN,13.1, NAN,63.4, NAN,13.1, NAN,275.4, NAN,1002.2,-6.12,261.1,-0.03,5.8569,5.6222,126.0,0.0,1436.533, NAN, NAN, NAN, NAN,,2024/03/30 08:47:32.869,2024-03-30 08:47:32.869000+00:00
2024/03/30, 08:48:32.869,41.524,-70.672,-0.03,25.33,40.21,0.01, NAN,4.5, NAN,1000.1, NAN,0.0, NAN,102.0, NAN,248, NAN,10.2, NAN,62.4, NAN,10.2, NAN,273.3, NAN,1002.2,-6.0,260.91,-0.03,5.8569,5.623,125.4,0.0,1436.536, NAN, NAN, NAN, NAN,,2024/03/30 08:48:32.869,2024-03-30 08:48:32.869000+00:00
2024/03/30, 08:49:32.869,41.524,-70.672,-0.02,25.4,270.81,0.01, NAN,4.5, NAN,1000.1, NAN,0.0, NAN,102.0, NAN,257, NAN,11.1, NAN,62.0, NAN,11.1, NAN,282.4, NAN,1002.2,-5.97,261.03,-0.02,5.8571,5.6243,126.0,0.0,1436.542, NAN, NAN, NAN, NAN,,2024/03/30 08:49:32.869,2024-03-30 08:49:32.869000+00:00
2024/03/30, 08:50:32.869,41.524,-70.672,-0.08,25.44,339.67,0.01, NAN,4.5, NAN,1000.1, NAN,0.0, NAN,102.0, NAN,255, NAN,10.5, NAN,62.2, NAN,10.5, NAN,280.4, NAN,1002.2,-6.0,260.95,-0.03,5.857,5.6249,126.0,0.0,1436.545, NAN, NAN, NAN, NAN,,2024/03/30 08:50:32.869,2024-03-30 08:50:32.869000+00:00
2024/03/30, 08:51:32.869,41.524,-70.672,0.01,25.38,307.98,0.01, NAN,4.5, NAN,1000.2, NAN,0.0, NAN,102.0, NAN,249, NAN,8.7, NAN,61.5, NAN,8.7, NAN,274.4, NAN,1002.3,-5.95,261.66,-0.03,5.857,5.6253,126.6,0.0,1436.546, NAN, NAN, NAN, NAN,,2024/03/30 08:51:32.869,2024-03-30 08:51:32.869000+00:00
2024/03/30, 08:52:32.870,41.524,-70.672,-0.04,25.37,112.97,0.02, NAN,4.5, NAN,1000.2, NAN,0.0, NAN,102.0, NAN,252, NAN,9.9, NAN,63.1, NAN,9.9, NAN,277.4, NAN,1002.3,-5.98,261.58,-0.02,5.857,5.6254,125.7,0.0,1436.547, NAN, NAN, NAN, NAN,,2024/03/30 08:52:32.870,2024-03-30 08:52:32.870000+00:00
2024/03/30, 08:53:32.870,41.524,-70.672,0.04,25.46,230.45,0.02, NAN,4.6, NAN,1000.2, NAN,0.0, NAN,102.0, NAN,250, NAN,9.9, NAN,62.9, NAN,9.9, NAN,275.5, NAN,1002.3,-6.03,262.35,-0.02,5.8571,5.6227,126.3,0.0,1436.535, NAN, NAN, NAN, NAN,,2024/03/30 08:53:32.870,2024-03-30 08:53:32.870000+00:00
2024/03/30, 08:54:32.870,41.524,-70.672,-0.02,25.45,322.2,0.02, NAN,4.6, NAN,1000.2, NAN,0.0, NAN,102.0, NAN,258, NAN,9.6, NAN,63.4, NAN,9.6, NAN,283.4, NAN,1002.3,-6.17,263.98,-0.03,5.857,5.6186,125.4,0.0,1436.517, NAN, NAN, NAN, NAN,,2024/03/30 08:54:32.870,2024-03-30 08:54:32.870000+00:00
2024/03/30, 08:55:32.870,41.524,-70.672,-0.07,25.48,265.27,0.01, NAN,4.6, NAN,1000.1, NAN,0.0, NAN,102.0, NAN,259, NAN,11.4, NAN,63.2, NAN,11.4, NAN,284.5, NAN,1002.2,-6.04,267.65,-0.02,5.8571,5.6133,126.0,0.0,1436.494, NAN, NAN, NAN, NAN,,2024/03/30 08:55:32.870,2024-03-30 08:55:32.870000+00:00
2024/03/30, 08:56:32.870,41.524,-70.672,-0.1,25.59,124.97,0.0, NAN,4.6, NAN,1000.3, NAN,0.0, NAN,102.0, NAN,256, NAN,11.0, NAN,61.5, NAN,11.0, NAN,281.6, NAN,1002.4,-5.93,273.81,-0.03,5.857,5.6083,125.7,0.0,1436.472, NAN, NAN, NAN, NAN,,2024/03/30 08:56:32.870,2024-03-30 08:56:32.870000+00:00
2024/03/30, 08:57:32.870,41.524,-70.672,-0.1,25.51,320.28,0.0, NAN,4.6, NAN,1000.3, NAN,0.0, NAN,102.0, NAN,258, NAN,11.8, NAN,62.8, NAN,11.8, NAN,283.5, NAN,1002.4,-5.91,283.53,-0.02,5.857,5.6043,126.0,0.0,1436.455, NAN, NAN, NAN, NAN,,2024/03/30 08:57:32.870,2024-03-30 08:57:32.870000+00:00
2024/03/30, 08:58:32.870,41.524,-70.672,-0.15,25.42,150.79,0.01, NAN,4.6, NAN,1000.1, NAN,0.0, NAN,102.0, NAN,256, NAN,10.8, NAN,61.1, NAN,10.8, NAN,281.4, NAN,1002.2,-5.77,285.06,-0.02,5.857,5.6036,126.0,0.0,1436.452, NAN, NAN, NAN, NAN,,2024/03/30 08:58:32.870,2024-03-30 08:58:32.870000+00:00
2024/03/30, 08:59:32.870,41.524,-70.672,-0.11,25.36,158.81,0.01, NAN,4.6, NAN,1000.2, NAN,0.0, NAN,102.0, NAN,252, NAN,10.1, NAN,61.5, NAN,10.1, NAN,277.4, NAN,1002.3,-5.72,283.28,-0.03,5.857,5.6046,125.1,0.0,1436.456, NAN, NAN, NAN, NAN,,2024/03/30 08:59:32.870,2024-03-30 08:59:32.870000+00:00
2024/03/30, 09:00:32.870,41.524,-70.672,0.0,25.45,301.61,0.01, NAN,4.6, NAN,1000.2, NAN,0.0, NAN,102.0, NAN,262, NAN,12.1, NAN,62.0, NAN,12.1, NAN,287.5, NAN,1002.3,-5.75,281.23,-0.03,5.8571,5.6034,126.0,0.0,1436.451, NAN, NAN, NAN, NAN,,2024/03/30 09:00:32.870,2024-03-30 09:00:32.870000+00:00
2024/03/30, 09:01:32.870,41.524,-70.672,0.0,25.37,150.19,0.01, NAN,4.6, NAN,1000.2, NAN,0.0, NAN,102.0, NAN,254, NAN,8.9, NAN,61.3, NAN,8.9, NAN,279.4, NAN,1002.3,-5.6,279.85,-0.03,5.857,5.6024,126.0,0.0,1436.447, NAN, NAN, NAN, NAN,,2024/03/30 09:01:32.870,2024-03-30 09:01:32.870000+00:00
2024/03/30, 09:02:32.870,41.524,-70.672,-0.01,25.45,339.16,0.0, NAN,4.6, NAN,1000.2, NAN,0.0, NAN,102.0, NAN,260, NAN,11.7, NAN,61.6, NAN,11.7, NAN,285.5, NAN,1002.3,-5.64,281.44,-0.03,5.857,5.6021,126.0,0.0,1436.445, NAN, NAN, NAN, NAN,,2024/03/30 09:02:32.870,2024-03-30 09:02:32.870000+00:00
2024/03/30, 09:03:32.870,41.524,-70.672,-0.01,25.41,106.45,0.01, NAN,4.6, NAN,1000.3, NAN,0.0, NAN,102.0, NAN,258, NAN,11.4, NAN,60.9, NAN,11.4, NAN,283.4, NAN,1002.4,-5.49,285.22,-0.02,5.8571,5.603,126.3,0.0,1436.449, NAN, NAN, NAN, NAN,,2024/03/30 09:03:32.870,2024-03-30 09:03:32.870000+00:00
2024/03/30, 09:04:32.870,41.524,-70.672,-0.01,25.46,198.98,0.01, NAN,4.6, NAN,1000.2, NAN,0.0, NAN,102.0, NAN,256, NAN,10.5, NAN,60.6, NAN,10.5, NAN,281.5, NAN,1002.3,-5.56,284.24,-0.02,5.8569,5.603,126.0,0.0,1436.449, NAN, NAN, NAN, NAN,,2024/03/30 09:04:32.870,2024-03-30 09:04:32.870000+00:00
2024/03/30, 09:05:32.870,41.524,-70.672,-0.01,25.4,332.6,0.0, NAN,4.6, NAN,1000.2, NAN,0.0, NAN,102.0, NAN,252, NAN,9.3, NAN,61.0, NAN,9.3, NAN,277.4, NAN,1002.3,-5.6,283.43,-0.02,5.857,5.6026,126.0,0.0,1436.448, NAN, NAN, NAN, NAN,,2024/03/30 09:05:32.870,2024-03-30 09:05:32.870000+00:00
2024/03/30, 09:06:32.870,41.524,-70.672,-0.01,25.43,296.27,0.01, NAN,4.6, NAN,1000.2, NAN,0.0, NAN,102.0, NAN,252, NAN,10.5, NAN,63.2, NAN,10.5, NAN,277.4, NAN,1002.3,-5.59,284.93,-0.02,5.857,5.6026,126.3,0.0,1436.448, NAN, NAN, NAN, NAN,,2024/03/30 09:06:32.870,2024-03-30 09:06:32.870000+00:00
2024/03/30, 09:07:32.870,41.524,-70.672,-0.01,25.41,292.48,0.01, NAN,4.6, NAN,1000.3, NAN,0.0, NAN,102.0, NAN,253, NAN,10.2, NAN,62.7, NAN,10.2, NAN,278.4, NAN,1002.4,-5.58,284.75,-0.02,5.857,5.6035,126.6,0.0,1436.452, NAN, NAN, NAN, NAN,,2024/03/30 09:07:32.870,2024-03-30 09:07:32.870000+00:00
2024/03/30, 09:08:32.871,41.524,-70.672,-0.01,25.39,308.97,0.01, NAN,4.7, NAN,1000.3, NAN,0.0, NAN,102.0, NAN,250, NAN,11.6, NAN,63.4, NAN,11.6, NAN,275.4, NAN,1002.4,-5.51,285.37,-0.02,5.8569,5.6037,126.3,0.0,1436.452, NAN, NAN, NAN, NAN,,2024/03/30 09:08:32.871,2024-03-30 09:08:32.871000+00:00
2024/03/30, 09:09:32.871,41.524,-70.672,-0.01,25.46,293.7,0.02, NAN,4.7, NAN,1000.3, NAN,0.0, NAN,102.0, NAN,260, NAN,14.1, NAN,62.7, NAN,14.1, NAN,285.5, NAN,1002.4,-5.53,283.81,-0.02,5.8569,5.6039,125.7,0.0,1436.453, NAN, NAN, NAN, NAN,,2024/03/30 09:09:32.871,2024-03-30 09:09:32.871000+00:00
2024/03/30, 09:10:32.871,41.524,-70.672,-0.01,25.42,115.37,0.01, NAN,4.7, NAN,1000.2, NAN,0.0, NAN,102.0, NAN,260, NAN,10.8, NAN,60.2, NAN,10.8, NAN,285.4, NAN,1002.3,-5.49,280.23,-0.02,5.8569,5.6034,126.3,0.0,1436.451, NAN, NAN, NAN, NAN,,2024/03/30 09:10:32.871,2024-03-30 09:10:32.871000+00:00
2024/03/30, 09:11:32.871,41.524,-70.672,-0.01,25.4,90.02,0.01, NAN,4.7, NAN,1000.3, NAN,0.0, NAN,102.0, NAN,251, NAN,10.0, NAN,60.8, NAN,10.0, NAN,276.4, NAN,1002.4,-5.57,277.09,-0.02,5.857,5.602,125.4,0.0,1436.445, NAN, NAN, NAN, NAN,,2024/03/30 09:11:32.871,2024-03-30 09:11:32.871000+00:00
2024/03/30, 09:12:32.871,41.524,-70.672,-0.01,25.33,227.93,0.01, NAN,4.7, NAN,1000.2, NAN,0.0, NAN,102.0, NAN,251, NAN,10.1, NAN,62.5, NAN,10.1, NAN,276.4, NAN,1002.3,-5.7,275.14,-0.02,5.8569,5.6017,126.6,0.0,1436.444, NAN, NAN, NAN, NAN,,2024/03/30 09:12:32.871,2024-03-30 09:12:32.871000+00:00
2024/03/30, 09:13:32.871,41.524,-70.672,-0.01,25.41,97.68,0.01, NAN,4.7, NAN,1000.3, NAN,0.0, NAN,102.0, NAN,258, NAN,11.7, NAN,62.5, NAN,11.7, NAN,283.4, NAN,1002.4,-5.67,276.13,-0.02,5.8568,5.6018,126.3,0.0,1436.444, NAN, NAN, NAN, NAN,,2024/03/30 09:13:32.871,2024-03-30 09:13:32.871000+00:00
2024/03/30, 09:14:32.871,41.524,-70.672,-0.01,25.37,138.73,0.01, NAN,4.7, NAN,1000.3, NAN,0.0, NAN,102.0, NAN,260, NAN,10.9, NAN,61.0, NAN,10.9, NAN,285.4, NAN,1002.4,-5.73,281.14,-0.02,5.8569,5.6028,125.1,0.0,1436.448, NAN, NAN, NAN, NAN,,2024/03/30 09:14:32.871,2024-03-30 09:14:32.871000+00:00
2024/03/30, 09:15:32.871,41.524,-70.672,-0.01,25.47,203.41,0.0, NAN,4.7, NAN,1000.2, NAN,0.0, NAN,102.0, NAN,265, NAN,9.1, NAN,60.7, NAN,9.1, NAN,290.5, NAN,1002.3,-5.64,281.17,-0.02,5.8569,5.6029,125.7,0.0,1436.449, NAN, NAN, NAN, NAN,,2024/03/30 09:15:32.871,2024-03-30 09:15:32.871000+00:00
2024/03/30, 09:16:32.871,41.524,-70.672,-0.01,25.51,312.59,0.01, NAN,4.7, NAN,1000.3, NAN,0.0, NAN,102.0, NAN,263, NAN,11.0, NAN,61.1, NAN,11.0, NAN,288.5, NAN,1002.4,-5.69,281.06,-0.02,5.8569,5.604,126.0,0.0,1436.454, NAN, NAN, NAN, NAN,,2024/03/30 09:16:32.871,2024-03-30 09:16:32.871000+00:00
2024/03/30, 09:17:32.871,41.524,-70.672,-0.01,25.4,215.8,0.01, NAN,4.7, NAN,1000.3, NAN,0.0, NAN,102.0, NAN,248, NAN,9.7, NAN,61.1, NAN,9.7, NAN,273.4, NAN,1002.4,-5.72,284.45,-0.02,5.8569,5.6022,126.0,0.0,1436.446, NAN, NAN, NAN, NAN,,2024/03/30 09:17:32.871,2024-03-30 09:17:32.871000+00:00
2024/03/30, 09:18:32.871,41.524,-70.672,-0.01,25.44,326.35,0.01, NAN,4.7, NAN,1000.3, NAN,0.0, NAN,102.0, NAN,253, NAN,12.3, NAN,62.1, NAN,12.3, NAN,278.4, NAN,1002.4,-5.72,291.06,-0.02,5.8568,5.6001,126.0,0.0,1436.436, NAN, NAN, NAN, NAN,,2024/03/30 09:18:32.871,2024-03-30 09:18:32.871000+00:00
2024/03/30, 09:19:32.871,41.524,-70.672,-0.01,25.46,294.8,0.0, NAN,4.7, NAN,1000.5, NAN,0.0, NAN,102.0, NAN,272, NAN,13.2, NAN,60.1, NAN,13.2, NAN,297.5, NAN,1002.6,-5.6,298.83,-0.02,5.8568,5.5969,126.0,0.0,1436.423, NAN, NAN, NAN, NAN,,2024/03/30 09:19:32.871,2024-03-30 09:19:32.871000+00:00
2024/03/30, 09:20:32.871,41.524,-70.672,-0.01,25.37,305.08,0.0, NAN,4.8, NAN,1000.3, NAN,0.0, NAN,102.0, NAN,252, NAN,10.8, NAN,59.5, NAN,10.8, NAN,277.4, NAN,1002.4,-5.53,299.46,-0.02,5.8568,5.5949,126.0,0.0,1436.414, NAN, NAN, NAN, NAN,,2024/03/30 09:20:32.871,2024-03-30 09:20:32.871000+00:00
2024/03/30, 09:21:32.871,41.524,-70.672,-0.01,25.41,86.54,0.0, NAN,4.8, NAN,1000.4, NAN,0.0, NAN,102.0, NAN,263, NAN,13.0, NAN,61.5, NAN,13.0, NAN,288.4, NAN,1002.5,-5.43,299.95,-0.02,5.8568,5.5916,126.3,0.0,1436.4, NAN, NAN, NAN, NAN,,2024/03/30 09:21:32.871,2024-03-30 09:21:32.871000+00:00
2024/03/30, 09:22:32.871,41.524,-70.672,-0.01,25.38,313.79,0.01, NAN,4.8, NAN,1000.3, NAN,0.0, NAN,102.0, NAN,258, NAN,11.5, NAN,58.9, NAN,11.5, NAN,283.4, NAN,1002.4,-5.4,302.67,-0.02,5.8568,5.5894,126.3,0.0,1436.39, NAN, NAN, NAN, NAN,,2024/03/30 09:22:32.871,2024-03-30 09:22:32.871000+00:00
2024/03/30, 09:23:32.871,41.524,-70.672,-0.01,25.36,234.08,0.01, NAN,4.8, NAN,1000.4, NAN,0.0, NAN,102.0, NAN,252, NAN,12.9, NAN,59.7, NAN,12.9, NAN,277.4, NAN,1002.5,-5.39,306.84,-0.03,5.8569,5.5869,126.0,0.0,1436.379, NAN, NAN, NAN, NAN,,2024/03/30 09:23:32.871,2024-03-30 09:23:32.871000+00:00
2024/03/30, 09:24:32.872,41.524,-70.672,-0.01,25.29,291.74,0.02, NAN,4.8, NAN,1000.4, NAN,0.0, NAN,102.0, NAN,257, NAN,10.8, NAN,59.4, NAN,10.8, NAN,282.3, NAN,1002.5,-5.42,307.34,-0.02,5.8568,5.5854,126.0,0.0,1436.373, NAN, NAN, NAN, NAN,,2024/03/30 09:24:32.872,2024-03-30 09:24:32.872000+00:00
2024/03/30, 09:25:32.872,41.524,-70.672,-0.01,25.43,351.66,0.01, NAN,4.8, NAN,1000.5, NAN,0.0, NAN,102.0, NAN,269, NAN,11.7, NAN,58.7, NAN,11.7, NAN,294.5, NAN,1002.6,-5.37,308.74,-0.03,5.8569,5.5853,126.0,0.0,1436.372, NAN, NAN, NAN, NAN,,2024/03/30 09:25:32.872,2024-03-30 09:25:32.872000+00:00
2024/03/30, 09:26:32.872,41.524,-70.672,-0.01,25.38,266.85,0.01, NAN,4.8, NAN,1000.4, NAN,0.0, NAN,102.0, NAN,258, NAN,10.8, NAN,58.2, NAN,10.8, NAN,283.4, NAN,1002.5,-5.39,309.75,-0.02,5.8568,5.5843,125.7,0.0,1436.368, NAN, NAN, NAN, NAN,,2024/03/30 09:26:32.872,2024-03-30 09:26:32.872000+00:00
2024/03/30, 09:27:32.872,41.524,-70.672,-0.01,25.44,137.83,0.02, NAN,4.8, NAN,1000.5, NAN,0.0, NAN,102.0, NAN,256, NAN,10.5, NAN,60.8, NAN,10.5, NAN,281.5, NAN,1002.6,-5.31,309.52,-0.01,5.8568,5.5832,125.1,0.0,1436.363, NAN, NAN, NAN, NAN,,2024/03/30 09:27:32.872,2024-03-30 09:27:32.872000+00:00
2024/03/30, 09:28:32.872,41.524,-70.672,-0.01,25.44,121.76,0.01, NAN,4.8, NAN,1000.5, NAN,0.0, NAN,102.0, NAN,266, NAN,11.9, NAN,61.0, NAN,11.9, NAN,291.4, NAN,1002.6,-5.34,311.24,-0.02,5.8569,5.584,125.7,0.0,1436.367, NAN, NAN, NAN, NAN,,2024/03/30 09:28:32.872,2024-03-30 09:28:32.872000+00:00
2024/03/30, 09:29:32.872,41.524,-70.672,-0.01,25.36,238.93,0.01, NAN,4.8, NAN,1000.4, NAN,0.0, NAN,102.0, NAN,263, NAN,10.7, NAN,58.5, NAN,10.7, NAN,288.4, NAN,1002.5,-5.27,312.19,-0.02,5.8569,5.5857,126.0,0.0,1436.374, NAN, NAN, NAN, NAN,,2024/03/30 09:29:32.872,2024-03-30 09:29:32.872000+00:00
2024/03/30, 09:30:32.872,41.524,-70.672,-0.01,25.41,224.0,0.01, NAN,4.9, NAN,1000.5, NAN,0.0, NAN,102.0, NAN,261, NAN,10.9, NAN,61.4, NAN,10.9, NAN,286.4, NAN,1002.6,-5.28,313.71,-0.02,5.8568,5.5882,125.7,0.0,1436.385, NAN, NAN, NAN, NAN,,2024/03/30 09:30:32.872,2024-03-30 09:30:32.872000+00:00
2024/03/30, 09:31:32.872,41.524,-70.672,-0.01,25.41,276.8,0.01, NAN,4.9, NAN,1000.4, NAN,0.0, NAN,102.0, NAN,269, NAN,12.5, NAN,59.1, NAN,12.5, NAN,294.4, NAN,1002.5,-5.31,317.49,-0.02,5.8569,5.5904,126.0,0.0,1436.394, NAN, NAN, NAN, NAN,,2024/03/30 09:31:32.872,2024-03-30 09:31:32.872000+00:00
2024/03/30, 09:32:32.872,41.524,-70.672,-0.01,25.43,111.28,0.0, NAN,4.9, NAN,1000.4, NAN,0.0, NAN,102.0, NAN,274, NAN,11.8, NAN,58.5, NAN,11.8, NAN,299.4, NAN,1002.5,-5.25,314.67,-0.02,5.8569,5.5871,126.6,0.7,1436.38, NAN, NAN, NAN, NAN,,2024/03/30 09:32:32.872,2024-03-30 09:32:32.872000+00:00
2024/03/30, 09:33:32.872,41.524,-70.672,-0.01,25.41,40.73,0.01, NAN,4.9, NAN,1000.4, NAN,0.0, NAN,102.0, NAN,266, NAN,11.0, NAN,57.3, NAN,11.0, NAN,291.4, NAN,1002.5,-5.26,304.84,-0.01,5.8569,5.5809,126.0,0.0,1436.353, NAN, NAN, NAN, NAN,,2024/03/30 09:33:32.872,2024-03-30 09:33:32.872000+00:00
2024/03/30, 09:34:32.872,41.524,-70.672,-0.01,25.56,92.6,0.03, NAN,4.9, NAN,1000.4, NAN,0.0, NAN,102.0, NAN,272, NAN,11.5, NAN,59.2, NAN,11.5, NAN,297.5, NAN,1002.5,-5.34,296.72,-0.03,5.8568,5.5765,126.0,0.0,1436.334, NAN, NAN, NAN, NAN,,2024/03/30 09:34:32.872,2024-03-30 09:34:32.872000+00:00
2024/03/30, 09:35:32.872,41.524,-70.672,-0.01,25.37,8.58,0.01, NAN,4.9, NAN,1000.5, NAN,0.0, NAN,102.0, NAN,260, NAN,11.0, NAN,59.5, NAN,11.0, NAN,285.3, NAN,1002.6,-5.39,295.03,-0.02,5.8569,5.573,126.3,0.0,1436.319, NAN, NAN, NAN, NAN,,2024/03/30 09:35:32.872,2024-03-30 09:35:32.872000+00:00
2024/03/30, 09:36:32.872,41.524,-70.672,-0.01,25.44,109.01,0.02, NAN,4.9, NAN,1000.5, NAN,0.0, NAN,102.0, NAN,266, NAN,13.9, NAN,59.8, NAN,13.9, NAN,291.4, NAN,1002.6,-5.4,292.67,-0.02,5.8569,5.5687,126.3,0.0,1436.3, NAN, NAN, NAN, NAN,,2024/03/30 09:36:32.872,2024-03-30 09:36:32.872000+00:00
2024/03/30, 09:37:32.872,41.524,-70.672,-0.01,25.41,311.22,0.01, NAN,4.9, NAN,1000.4, NAN,0.0, NAN,102.0, NAN,267, NAN,10.0, NAN,57.0, NAN,10.0, NAN,292.4, NAN,1002.5,-5.53,292.92,-0.02,5.8569,5.5661,125.7,0.0,1436.289, NAN, NAN, NAN, NAN,,2024/03/30 09:37:32.872,2024-03-30 09:37:32.872000+00:00
2024/03/30, 09:38:32.872,41.524,-70.672,0.06,25.46,338.36,0.01, NAN,4.9, NAN,1000.5, NAN,0.0, NAN,102.0, NAN,267, NAN,11.5, NAN,58.4, NAN,11.5, NAN,292.4, NAN,1002.6,-5.48,291.75,-0.02,5.857,5.5641,126.3,0.0,1436.28, NAN, NAN, NAN, NAN,,2024/03/30 09:38:32.872,2024-03-30 09:38:32.872000+00:00
2024/03/30, 09:39:32.873,41.524,-70.672,0.19,25.52,72.97,0.0, NAN,4.9, NAN,1000.5, NAN,0.0, NAN,102.0, NAN,274, NAN,13.3, NAN,58.2, NAN,13.3, NAN,299.5, NAN,1002.6,-5.47,288.37,-0.02,5.857,5.5631,125.7,0.0,1436.276, NAN, NAN, NAN, NAN,,2024/03/30 09:39:32.873,2024-03-30 09:39:32.873000+00:00
2024/03/30, 09:40:32.873,41.524,-70.672,0.24,25.48,327.33,0.01, NAN,4.9, NAN,1000.5, NAN,0.0, NAN,102.0, NAN,268, NAN,12.5, NAN,58.0, NAN,12.5, NAN,293.5, NAN,1002.6,-5.57,292.73,-0.02,5.8569,5.5635,126.3,0.0,1436.277, NAN, NAN, NAN, NAN,,2024/03/30 09:40:32.873,2024-03-30 09:40:32.873000+00:00
2024/03/30, 09:41:32.873,41.524,-70.672,0.24,25.5,164.76,0.01, NAN,4.9, NAN,1000.5, NAN,0.0, NAN,102.0, NAN,270, NAN,11.3, NAN,58.3, NAN,11.3, NAN,295.5, NAN,1002.6,-5.61,294.74,-0.02,5.8569,5.5636,126.0,0.0,1436.278, NAN, NAN, NAN, NAN,,2024/03/30 09:41:32.873,2024-03-30 09:41:32.873000+00:00
2024/03/30, 09:42:32.873,41.524,-70.672,0.24,25.48,298.95,0.02, NAN,4.9, NAN,1000.5, NAN,0.0, NAN,102.0, NAN,277, NAN,13.0, NAN,58.2, NAN,13.0, NAN,302.4, NAN,1002.6,-5.52,288.57,-0.02,5.857,5.5624,126.0,0.0,1436.273, NAN, NAN, NAN, NAN,,2024/03/30 09:42:32.873,2024-03-30 09:42:32.873000+00:00
2024/03/30, 09:43:32.873,41.524,-70.672,0.24,25.7,295.24,0.01, NAN,5.0, NAN,1000.5, NAN,0.0, NAN,102.0, NAN,273, NAN,12.3, NAN,57.6, NAN,12.3, NAN,298.7, NAN,1002.6,-5.64,284.45,-0.02,5.857,5.5609,126.0,0.0,1436.266, NAN, NAN, NAN, NAN,,2024/03/30 09:43:32.873,2024-03-30 09:43:32.873000+00:00
2024/03/30, 09:44:32.873,41.524,-70.672,0.24,25.48,313.14,0.0, NAN,5.0, NAN,1000.5, NAN,0.0, NAN,102.0, NAN,264, NAN,9.5, NAN,56.6, NAN,9.5, NAN,289.5, NAN,1002.6,-5.61,286.89,-0.02,5.857,5.5609,125.7,0.0,1436.266, NAN, NAN, NAN, NAN,,2024/03/30 09:44:32.873,2024-03-30 09:44:32.873000+00:00
2024/03/30, 09:45:32.873,41.524,-70.672,0.24,25.48,42.39,0.01, NAN,5.0, NAN,1000.6, NAN,0.0, NAN,102.0, NAN,269, NAN,11.1, NAN,57.8, NAN,11.1, NAN,294.5, NAN,1002.7,-5.64,288.13,-0.01,5.857,5.5601,126.6,0.0,1436.263, NAN, NAN, NAN, NAN,,2024/03/30 09:45:32.873,2024-03-30 09:45:32.873000+00:00
2024/03/30, 09:46:32.873,41.524,-70.672,0.24,25.4,262.94,0.01, NAN,5.0, NAN,1000.6, NAN,0.0, NAN,102.0, NAN,283, NAN,11.3, NAN,56.5, NAN,11.3, NAN,308.4, NAN,1002.7,-5.73,288.77,-0.01,5.857,5.5596,125.7,0.0,1436.261, NAN, NAN, NAN, NAN,,2024/03/30 09:46:32.873,2024-03-30 09:46:32.873000+00:00
2024/03/30, 09:47:32.873,41.524,-70.672,0.24,25.43,281.5,0.01, NAN,5.0, NAN,1000.5, NAN,0.0, NAN,102.0, NAN,275, NAN,9.2, NAN,56.8, NAN,9.2, NAN,300.4, NAN,1002.6,-5.73,284.52,-0.01,5.857,5.5593,126.0,0.0,1436.259, NAN, NAN, NAN, NAN,,2024/03/30 09:47:32.873,2024-03-30 09:47:32.873000+00:00
2024/03/30, 09:48:32.873,41.524,-70.672,0.24,25.5,173.32,0.0, NAN,5.0, NAN,1000.6, NAN,0.0, NAN,102.0, NAN,269, NAN,10.1, NAN,58.3, NAN,10.1, NAN,294.5, NAN,1002.7,-5.79,282.58,-0.0,5.857,5.5583,126.0,0.0,1436.255, NAN, NAN, NAN, NAN,,2024/03/30 09:48:32.873,2024-03-30 09:48:32.873000+00:00
2024/03/30, 09:49:32.873,41.524,-70.672,0.24,25.43,152.5,0.01, NAN,5.0, NAN,1000.6, NAN,0.0, NAN,102.0, NAN,276, NAN,9.1, NAN,60.0, NAN,9.1, NAN,301.5, NAN,1002.7,-5.81,286.43,-0.0,5.857,5.5576,125.4,0.0,1436.252, NAN, NAN, NAN, NAN,,2024/03/30 09:49:32.873,2024-03-30 09:49:32.873000+00:00
2024/03/30, 09:50:32.873,41.524,-70.672,0.24,25.33,107.03,0.01, NAN,5.0, NAN,1000.6, NAN,0.0, NAN,102.0, NAN,283, NAN,9.2, NAN,61.9, NAN,9.2, NAN,308.4, NAN,1002.7,-5.98,286.51,-0.0,5.8571,5.5584,125.7,0.0,1436.255, NAN, NAN, NAN, NAN,,2024/03/30 09:50:32.873,2024-03-30 09:50:32.873000+00:00
2024/03/30, 09:51:32.873,41.524,-70.672,0.24,25.34,217.48,0.01, NAN,5.0, NAN,1000.6, NAN,0.0, NAN,102.0, NAN,272, NAN,10.9, NAN,61.7, NAN,10.9, NAN,297.4, NAN,1002.7,-5.9,286.3,0.0,5.8569,5.5595,125.7,0.0,1436.26, NAN, NAN, NAN, NAN,,2024/03/30 09:51:32.873,2024-03-30 09:51:32.873000+00:00
2024/03/30, 09:52:32.873,41.524,-70.672,0.24,25.51,293.36,0.01, NAN,5.0, NAN,1000.6, NAN,0.0, NAN,102.0, NAN,271, NAN,10.7, NAN,57.3, NAN,10.7, NAN,296.5, NAN,1002.7,-5.8,281.94,0.02,5.8571,5.5617,126.0,0.0,1436.27, NAN, NAN, NAN, NAN,,2024/03/30 09:52:32.873,2024-03-30 09:52:32.873000+00:00
2024/03/30, 09:53:32.873,41.524,-70.672,0.24,25.6,282.71,0.01, NAN,5.0, NAN,1000.6, NAN,0.0, NAN,102.0, NAN,266, NAN,10.5, NAN,58.5, NAN,10.5, NAN,291.6, NAN,1002.7,-5.79,275.5,0.02,5.8569,5.5617,126.3,0.0,1436.27, NAN, NAN, NAN, NAN,,2024/03/30 09:53:32.873,2024-03-30 09:53:32.873000+00:00
2024/03/30, 09:54:32.873,41.524,-70.672,0.24,25.46,275.73,0.01, NAN,5.0, NAN,1000.6, NAN,0.0, NAN,102.0, NAN,275, NAN,10.6, NAN,58.1, NAN,10.6, NAN,300.4, NAN,1002.7,-5.89,271.91,0.03,5.857,5.5592,125.7,0.0,1436.259, NAN, NAN, NAN, NAN,,2024/03/30 09:54:32.873,2024-03-30 09:54:32.873000+00:00
2024/03/30, 09:55:32.873,41.524,-70.672,0.24,25.49,308.55,0.0, NAN,5.0, NAN,1000.6, NAN,0.0, NAN,102.0, NAN,281, NAN,10.9, NAN,58.4, NAN,10.9, NAN,306.5, NAN,1002.7,-6.03,268.17,0.05,5.857,5.557,126.0,0.0,1436.249, NAN, NAN, NAN, NAN,,2024/03/30 09:55:32.873,2024-03-30 09:55:32.873000+00:00
2024/03/30, 09:56:32.874,41.524,-70.672,0.24,25.5,139.49,0.01, NAN,5.0, NAN,1000.6, NAN,0.0, NAN,102.0, NAN,268, NAN,11.3, NAN,56.1, NAN,11.3, NAN,293.5, NAN,1002.7,-6.08,270.17,0.07,5.857,5.5567,126.0,0.0,1436.248, NAN, NAN, NAN, NAN,,2024/03/30 09:56:32.874,2024-03-30 09:56:32.874000+00:00
2024/03/30, 09:57:32.874,41.524,-70.672,0.24,25.38,129.2,0.01, NAN,5.0, NAN,1000.6, NAN,0.0, NAN,102.0, NAN,280, NAN,6.8, NAN,57.7, NAN,6.8, NAN,305.4, NAN,1002.7,-6.07,272.98,0.09,5.857,5.5561,126.3,0.0,1436.245, NAN, NAN, NAN, NAN,,2024/03/30 09:57:32.874,2024-03-30 09:57:32.874000+00:00
2024/03/30, 09:58:32.874,41.524,-70.672,0.24,25.4,70.42,0.02, NAN,5.0, NAN,1000.6, NAN,0.0, NAN,102.0, NAN,260, NAN,10.2, NAN,57.9, NAN,10.2, NAN,285.4, NAN,1002.7,-6.08,271.45,0.12,5.857,5.5539,125.7,0.0,1436.236, NAN, NAN, NAN, NAN,,2024/03/30 09:58:32.874,2024-03-30 09:58:32.874000+00:00
2024/03/30, 09:59:32.874,41.524,-70.672,0.24,25.46,322.63,0.01, NAN,5.0, NAN,1000.7, NAN,0.0, NAN,102.0, NAN,273, NAN,10.2, NAN,57.4, NAN,10.2, NAN,298.5, NAN,1002.8,-5.99,267.71,0.15,5.857,5.5528,126.3,0.0,1436.231, NAN, NAN, NAN, NAN,,2024/03/30 09:59:32.874,2024-03-30 09:59:32.874000+00:00
2024/03/30, 10:00:32.874,41.524,-70.672,0.24,25.44,279.55,0.0, NAN,5.0, NAN,1000.7, NAN,0.0, NAN,102.0, NAN,271, NAN,9.1, NAN,57.9, NAN,9.1, NAN,296.4, NAN,1002.8,-6.18,266.29,0.2,5.857,5.5527,126.3,0.0,1436.23, NAN, NAN, NAN, NAN,,2024/03/30 10:00:32.874,2024-03-30 10:00:32.874000+00:00
2024/03/30, 10:01:32.874,41.524,-70.672,0.13,25.37,336.64,0.0, NAN,5.0, NAN,1000.8, NAN,0.0, NAN,102.0, NAN,258, NAN,12.2, NAN,59.1, NAN,12.2, NAN,283.4, NAN,1002.9,-6.11,267.48,0.25,5.857,5.5519,126.3,0.0,1436.227, NAN, NAN, NAN, NAN,,2024/03/30 10:01:32.874,2024-03-30 10:01:32.874000+00:00
2024/03/30, 10:02:32.874,41.524,-70.672,0.13,25.38,38.2,0.01, NAN,5.0, NAN,1000.7, NAN,0.0, NAN,102.0, NAN,258, NAN,11.2, NAN,58.0, NAN,11.2, NAN,283.4, NAN,1002.8,-6.08,271.53,0.32,5.8569,5.553,126.3,0.0,1436.232, NAN, NAN, NAN, NAN,,2024/03/30 10:02:32.874,2024-03-30 10:02:32.874000+00:00
2024/03/30, 10:03:32.874,41.524,-70.672,0.13,25.38,105.83,0.02, NAN,5.0, NAN,1000.7, NAN,0.0, NAN,102.0, NAN,273, NAN,10.5, NAN,57.8, NAN,10.5, NAN,298.4, NAN,1002.8,-5.83,272.95,0.42,5.857,5.5556,125.4,0.0,1436.243, NAN, NAN, NAN, NAN,,2024/03/30 10:03:32.874,2024-03-30 10:03:32.874000+00:00
2024/03/30, 10:04:32.874,41.524,-70.672,0.13,25.46,296.6,0.0, NAN,5.0, NAN,1000.7, NAN,0.0, NAN,102.0, NAN,264, NAN,10.4, NAN,58.9, NAN,10.4, NAN,289.5, NAN,1002.8,-5.94,268.15,0.51,5.857,5.5551,125.7,0.0,1436.241, NAN, NAN, NAN, NAN,,2024/03/30 10:04:32.874,2024-03-30 10:04:32.874000+00:00
2024/03/30, 10:05:32.874,41.524,-70.672,0.15,25.36,20.86,0.01, NAN,5.0, NAN,1000.7, NAN,0.0, NAN,102.0, NAN,278, NAN,12.5, NAN,57.9, NAN,12.5, NAN,303.3, NAN,1002.8,-5.78,266.18,0.61,5.857,5.5539,125.7,0.0,1436.236, NAN, NAN, NAN, NAN,,2024/03/30 10:05:32.874,2024-03-30 10:05:32.874000+00:00
2024/03/30, 10:06:32.874,41.524,-70.672,0.12,25.37,229.53,0.01, NAN,5.0, NAN,1000.6, NAN,0.0, NAN,102.0, NAN,272, NAN,12.3, NAN,57.5, NAN,12.3, NAN,297.4, NAN,1002.7,-5.96,266.25,0.75,5.8569,5.5525,126.3,0.0,1436.229, NAN, NAN, NAN, NAN,,2024/03/30 10:06:32.874,2024-03-30 10:06:32.874000+00:00
2024/03/30, 10:07:32.874,41.524,-70.672,0.17,25.49,340.63,0.01, NAN,5.0, NAN,1000.6, NAN,0.0, NAN,102.0, NAN,267, NAN,11.2, NAN,56.3, NAN,11.2, NAN,292.5, NAN,1002.7,-5.85,268.49,0.95,5.8569,5.5529,126.0,0.0,1436.231, NAN, NAN, NAN, NAN,,2024/03/30 10:07:32.874,2024-03-30 10:07:32.874000+00:00
2024/03/30, 10:08:32.874,41.524,-70.672,0.09,25.38,263.55,0.01, NAN,5.0, NAN,1000.8, NAN,0.0, NAN,102.0, NAN,265, NAN,10.5, NAN,56.2, NAN,10.5, NAN,290.4, NAN,1002.9,-5.73,268.28,1.19,5.857,5.5546,126.0,0.0,1436.239, NAN, NAN, NAN, NAN,,2024/03/30 10:08:32.874,2024-03-30 10:08:32.874000+00:00
2024/03/30, 10:09:32.874,41.524,-70.672,-0.05,25.35,40.49,0.01, NAN,5.0, NAN,1000.7, NAN,0.0, NAN,102.0, NAN,273, NAN,12.7, NAN,58.3, NAN,12.7, NAN,298.3, NAN,1002.8,-5.74,267.84,1.47,5.857,5.5528,126.3,0.0,1436.231, NAN, NAN, NAN, NAN,,2024/03/30 10:09:32.874,2024-03-30 10:09:32.874000+00:00
2024/03/30, 10:10:32.874,41.524,-70.672,-0.09,25.49,340.41,0.01, NAN,5.0, NAN,1000.6, NAN,0.0, NAN,102.0, NAN,269, NAN,12.0, NAN,59.2, NAN,12.0, NAN,294.5, NAN,1002.7,-5.52,267.7,1.77,5.8569,5.5533,125.7,0.0,1436.233, NAN, NAN, NAN, NAN,,2024/03/30 10:10:32.874,2024-03-30 10:10:32.874000+00:00
2024/03/30, 10:11:32.874,41.524,-70.672,0.02,25.44,290.63,0.01, NAN,5.0, NAN,1000.7, NAN,0.0, NAN,102.0, NAN,263, NAN,12.8, NAN,58.4, NAN,12.8, NAN,288.4, NAN,1002.8,-5.44,266.77,2.12,5.857,5.5534,125.7,0.0,1436.234, NAN, NAN, NAN, NAN,,2024/03/30 10:11:32.874,2024-03-30 10:11:32.874000+00:00
2024/03/30, 10:12:32.875,41.524,-70.672,0.06,25.42,328.02,0.0, NAN,5.0, NAN,1000.6, NAN,0.0, NAN,102.0, NAN,268, NAN,13.7, NAN,57.3, NAN,13.7, NAN,293.4, NAN,1002.7,-5.45,265.06,2.54,5.8569,5.5516,126.3,0.0,1436.226, NAN, NAN, NAN, NAN,,2024/03/30 10:12:32.875,2024-03-30 10:12:32.875000+00:00
2024/03/30, 10:13:32.875,41.524,-70.672,0.06,25.45,87.47,0.01, NAN,5.0, NAN,1000.6, NAN,0.0, NAN,102.0, NAN,264, NAN,13.0, NAN,56.8, NAN,13.0, NAN,289.4, NAN,1002.7,-5.28,263.17,3.13,5.857,5.5472,125.7,0.0,1436.207, NAN, NAN, NAN, NAN,,2024/03/30 10:13:32.875,2024-03-30 10:13:32.875000+00:00
2024/03/30, 10:14:32.875,41.524,-70.672,0.08,25.47,81.13,0.0, NAN,5.0, NAN,1000.7, NAN,0.0, NAN,102.0, NAN,270, NAN,10.8, NAN,57.7, NAN,10.8, NAN,295.5, NAN,1002.8,-5.26,262.67,3.74,5.857,5.5439,126.0,0.0,1436.192, NAN, NAN, NAN, NAN,,2024/03/30 10:14:32.875,2024-03-30 10:14:32.875000+00:00
2024/03/30, 10:15:32.875,41.524,-70.672,0.08,25.39,317.58,0.02, NAN,5.0, NAN,1000.8, NAN,0.0, NAN,102.0, NAN,272, NAN,12.8, NAN,58.6, NAN,12.8, NAN,297.4, NAN,1002.9,-5.15,262.05,4.47,5.857,5.5429,126.3,0.0,1436.188, NAN, NAN, NAN, NAN,,2024/03/30 10:15:32.875,2024-03-30 10:15:32.875000+00:00
2024/03/30, 10:16:32.875,41.524,-70.672,0.16,25.33,70.12,0.02, NAN,5.0, NAN,1000.8, NAN,0.0, NAN,102.0, NAN,260, NAN,11.5, NAN,57.9, NAN,11.5, NAN,285.4, NAN,1002.9,-5.07,262.11,5.3,5.857,5.5427,125.7,0.0,1436.187, NAN, NAN, NAN, NAN,,2024/03/30 10:16:32.875,2024-03-30 10:16:32.875000+00:00
2024/03/30, 10:17:32.875,41.524,-70.672,0.11,25.39,172.43,0.01, NAN,5.0, NAN,1000.7, NAN,0.0, NAN,102.0, NAN,266, NAN,12.7, NAN,59.6, NAN,12.7, NAN,291.4, NAN,1002.8,-4.77,261.49,6.23,5.857,5.5439,126.3,0.0,1436.192, NAN, NAN, NAN, NAN,,2024/03/30 10:17:32.875,2024-03-30 10:17:32.875000+00:00
2024/03/30, 10:18:32.875,41.524,-70.672,0.16,25.48,297.13,0.01, NAN,5.0, NAN,1000.7, NAN,0.0, NAN,102.0, NAN,279, NAN,12.5, NAN,56.0, NAN,12.5, NAN,304.5, NAN,1002.8,-4.45,262.19,7.49,5.8568,5.5446,126.3,0.0,1436.195, NAN, NAN, NAN, NAN,,2024/03/30 10:18:32.875,2024-03-30 10:18:32.875000+00:00
2024/03/30, 10:19:32.875,41.524,-70.672,0.16,25.4,298.04,0.01, NAN,5.0, NAN,1000.8, NAN,0.0, NAN,102.0, NAN,261, NAN,11.5, NAN,56.4, NAN,11.5, NAN,286.4, NAN,1002.9,-4.32,262.07,8.73,5.8569,5.5422,126.6,0.0,1436.185, NAN, NAN, NAN, NAN,,2024/03/30 10:19:32.875,2024-03-30 10:19:32.875000+00:00
2024/03/30, 10:20:32.875,41.524,-70.672,0.14,25.38,143.9,0.02, NAN,5.0, NAN,1000.8, NAN,0.0, NAN,102.0, NAN,274, NAN,12.3, NAN,57.8, NAN,12.3, NAN,299.4, NAN,1002.9,-4.1,261.98,10.1,5.857,5.5419,125.7,0.0,1436.183, NAN, NAN, NAN, NAN,,2024/03/30 10:20:32.875,2024-03-30 10:20:32.875000+00:00
2024/03/30, 10:21:32.875,41.524,-70.672,0.11,25.57,311.9,0.01, NAN,4.9, NAN,1000.6, NAN,0.0, NAN,102.0, NAN,279, NAN,13.0, NAN,55.2, NAN,13.0, NAN,304.6, NAN,1002.7,-3.67,263.02,11.71,5.8568,5.5448,125.7,0.0,1436.196, NAN, NAN, NAN, NAN,,2024/03/30 10:21:32.875,2024-03-30 10:21:32.875000+00:00
2024/03/30, 10:22:32.875,41.524,-70.672,0.13,25.37,32.55,0.01, NAN,4.9, NAN,1000.8, NAN,0.0, NAN,102.0, NAN,270, NAN,9.8, NAN,55.2, NAN,9.8, NAN,295.3, NAN,1002.9,-3.34,263.15,13.47,5.8568,5.5457,125.7,0.0,1436.2, NAN, NAN, NAN, NAN,,2024/03/30 10:22:32.875,2024-03-30 10:22:32.875000+00:00
2024/03/30, 10:23:32.875,41.524,-70.672,0.13,25.45,63.49,0.01, NAN,4.9, NAN,1000.9, NAN,0.0, NAN,102.0, NAN,271, NAN,11.3, NAN,58.0, NAN,11.3, NAN,296.4, NAN,1003.0,-3.15,262.78,15.77,5.8569,5.5461,125.7,0.0,1436.202, NAN, NAN, NAN, NAN,,2024/03/30 10:23:32.875,2024-03-30 10:23:32.875000+00:00
2024/03/30, 10:24:32.875,41.524,-70.672,-0.02,25.39,124.47,0.01, NAN,4.9, NAN,1000.9, NAN,0.0, NAN,102.0, NAN,258, NAN,11.5, NAN,59.3, NAN,11.5, NAN,283.4, NAN,1003.0,-2.71,263.59,18.0,5.8569,5.5449,126.0,0.0,1436.196, NAN, NAN, NAN, NAN,,2024/03/30 10:24:32.875,2024-03-30 10:24:32.875000+00:00
2024/03/30, 10:25:32.875,41.524,-70.672,-0.05,25.37,268.13,0.01, NAN,4.9, NAN,1000.9, NAN,0.0, NAN,102.0, NAN,266, NAN,12.5, NAN,58.6, NAN,12.5, NAN,291.4, NAN,1003.0,-2.19,263.78,20.27,5.8569,5.5452,126.0,0.0,1436.198, NAN, NAN, NAN, NAN,,2024/03/30 10:25:32.875,2024-03-30 10:25:32.875000+00:00
2024/03/30, 10:26:32.875,41.524,-70.672,0.03,25.46,88.5,0.01, NAN,4.9, NAN,1000.9, NAN,0.0, NAN,102.0, NAN,272, NAN,12.2, NAN,56.4, NAN,12.2, NAN,297.5, NAN,1003.0,-1.78,262.42,22.56,5.8569,5.5459,126.0,0.0,1436.201, NAN, NAN, NAN, NAN,,2024/03/30 10:26:32.875,2024-03-30 10:26:32.875000+00:00
2024/03/30, 10:27:32.875,41.524,-70.672,0.01,25.37,131.03,0.02, NAN,4.9, NAN,1001.0, NAN,0.0, NAN,102.0, NAN,259, NAN,11.3, NAN,56.5, NAN,11.3, NAN,284.4, NAN,1003.1,-1.27,262.14,25.12,5.8569,5.5461,126.3,0.0,1436.202, NAN, NAN, NAN, NAN,,2024/03/30 10:27:32.875,2024-03-30 10:27:32.875000+00:00
2024/03/30, 10:28:32.876,41.524,-70.672,0.01,25.47,280.31,0.01, NAN,4.9, NAN,1001.0, NAN,0.0, NAN,102.0, NAN,272, NAN,12.2, NAN,56.9, NAN,12.2, NAN,297.5, NAN,1003.1,-0.75,262.24,28.51,5.8569,5.5459,126.6,0.0,1436.201, NAN, NAN, NAN, NAN,,2024/03/30 10:28:32.876,2024-03-30 10:28:32.876000+00:00
2024/03/30, 10:29:32.876,41.524,-70.672,0.01,25.38,291.4,0.01, NAN,4.9, NAN,1001.0, NAN,0.0, NAN,102.0, NAN,263, NAN,10.5, NAN,57.8, NAN,10.5, NAN,288.4, NAN,1003.1,-0.14,261.84,31.7,5.8568,5.544,126.9,0.0,1436.192, NAN, NAN, NAN, NAN,,2024/03/30 10:29:32.876,2024-03-30 10:29:32.876000+00:00
2024/03/30, 10:30:32.876,41.524,-70.672,0.01,25.53,351.38,0.02, NAN,4.9, NAN,1001.1, NAN,0.0, NAN,102.0, NAN,267, NAN,12.0, NAN,58.4, NAN,12.0, NAN,292.5, NAN,1003.2,-0.3,310.47,35.32,5.8569,5.5425,126.0,0.0,1436.186, NAN, NAN, NAN, NAN,,2024/03/30 10:30:32.876,2024-03-30 10:30:32.876000+00:00
2024/03/30, 10:31:32.876,41.524,-70.672,0.1,25.48,22.13,0.01, NAN,4.9, NAN,1001.0, NAN,0.0, NAN,102.0, NAN,272, NAN,12.8, NAN,57.0, NAN,12.8, NAN,297.5, NAN,1003.1,1.31,262.26,39.54,5.8568,5.5424,126.3,0.0,1436.185, NAN, NAN, NAN, NAN,,2024/03/30 10:31:32.876,2024-03-30 10:31:32.876000+00:00
2024/03/30, 10:32:32.876,41.524,-70.672,0.08,25.31,349.0,0.01, NAN,4.9, NAN,1001.0, NAN,0.0, NAN,102.0, NAN,268, NAN,11.7, NAN,57.3, NAN,11.7, NAN,293.3, NAN,1003.1,2.14,261.52,43.93,5.8568,5.5423,126.0,0.0,1436.185, NAN, NAN, NAN, NAN,,2024/03/30 10:32:32.876,2024-03-30 10:32:32.876000+00:00
2024/03/30, 10:33:32.876,41.524,-70.672,0.14,25.41,124.85,0.01, NAN,4.9, NAN,1001.0, NAN,0.0, NAN,102.0, NAN,270, NAN,13.0, NAN,57.3, NAN,13.0, NAN,295.4, NAN,1003.1,2.89,261.53,48.77,5.8568,5.5366,126.3,0.0,1436.16, NAN, NAN, NAN, NAN,,2024/03/30 10:33:32.876,2024-03-30 10:33:32.876000+00:00
2024/03/30, 10:34:32.876,41.524,-70.672,0.07,25.34,24.24,0.01, NAN,4.9, NAN,1000.9, NAN,0.0, NAN,102.0, NAN,280, NAN,10.6, NAN,57.3, NAN,10.6, NAN,305.4, NAN,1003.0,3.51,261.65,52.93,5.8568,5.5323,126.3,0.0,1436.141, NAN, NAN, NAN, NAN,,2024/03/30 10:34:32.876,2024-03-30 10:34:32.876000+00:00
2024/03/30, 10:35:32.876,41.524,-70.672,0.06,25.35,344.59,0.0, NAN,4.9, NAN,1001.0, NAN,0.0, NAN,102.0, NAN,257, NAN,10.5, NAN,59.1, NAN,10.5, NAN,282.4, NAN,1003.1,4.25,261.86,57.31,5.8568,5.5321,126.3,0.0,1436.14, NAN, NAN, NAN, NAN,,2024/03/30 10:35:32.876,2024-03-30 10:35:32.876000+00:00
2024/03/30, 10:36:32.876,41.524,-70.672,0.02,25.41,4.33,0.0, NAN,4.9, NAN,1001.0, NAN,0.0, NAN,102.0, NAN,273, NAN,13.0, NAN,59.9, NAN,13.0, NAN,298.4, NAN,1003.1,5.18,262.48,61.99,5.8568,5.5339,126.6,0.0,1436.148, NAN, NAN, NAN, NAN,,2024/03/30 10:36:32.876,2024-03-30 10:36:32.876000+00:00
2024/03/30, 10:37:32.876,41.524,-70.672,0.01,25.4,318.07,0.0, NAN,4.9, NAN,1001.0, NAN,0.0, NAN,102.0, NAN,273, NAN,9.7, NAN,58.4, NAN,9.7, NAN,298.4, NAN,1003.1,6.39,262.84,67.02,5.8567,5.5371,126.3,0.0,1436.162, NAN, NAN, NAN, NAN,,2024/03/30 10:37:32.876,2024-03-30 10:37:32.876000+00:00
2024/03/30, 10:38:32.876,41.524,-70.672,-0.12,25.47,344.26,0.01, NAN,4.9, NAN,1001.1, NAN,0.0, NAN,102.0, NAN,268, NAN,11.5, NAN,60.2, NAN,11.5, NAN,293.4, NAN,1003.2,6.89,262.17,72.19,5.8568,5.5421,126.6,0.0,1436.184, NAN, NAN, NAN, NAN,,2024/03/30 10:38:32.876,2024-03-30 10:38:32.876000+00:00
2024/03/30, 10:39:32.876,41.524,-70.672,-0.07,25.41,252.18,0.01, NAN,4.9, NAN,1001.0, NAN,0.0, NAN,102.0, NAN,272, NAN,12.7, NAN,58.0, NAN,12.7, NAN,297.4, NAN,1003.1,6.84,261.57,76.52,5.8568,5.5452,126.6,0.0,1436.198, NAN, NAN, NAN, NAN,,2024/03/30 10:39:32.876,2024-03-30 10:39:32.876000+00:00
2024/03/30, 10:40:32.876,41.524,-70.672,-0.07,25.41,39.71,0.01, NAN,4.9, NAN,1001.1, NAN,0.0, NAN,102.0, NAN,270, NAN,14.2, NAN,57.7, NAN,14.2, NAN,295.4, NAN,1003.2,7.45,261.0,82.09,5.8568,5.5454,126.0,0.0,1436.198, NAN, NAN, NAN, NAN,,2024/03/30 10:40:32.876,2024-03-30 10:40:32.876000+00:00
2024/03/30, 10:41:32.876,41.524,-70.672,0.02,25.41,209.47,0.01, NAN,4.8, NAN,1001.1, NAN,0.0, NAN,102.0, NAN,269, NAN,11.8, NAN,56.8, NAN,11.8, NAN,294.4, NAN,1003.2,8.26,260.99,94.07,5.8568,5.5453,125.7,0.0,1436.198, NAN, NAN, NAN, NAN,,2024/03/30 10:41:32.876,2024-03-30 10:41:32.876000+00:00
2024/03/30, 10:42:32.876,41.524,-70.672,0.07,25.46,80.06,0.01, NAN,4.8, NAN,1001.1, NAN,0.0, NAN,102.0, NAN,268, NAN,9.5, NAN,58.3, NAN,9.5, NAN,293.4, NAN,1003.2,10.35,261.49,119.11,5.8567,5.5451,126.0,0.0,1436.197, NAN, NAN, NAN, NAN,,2024/03/30 10:42:32.876,2024-03-30 10:42:32.876000+00:00
2024/03/30, 10:43:32.876,41.524,-70.672,0.02,25.54,283.26,0.02, NAN,4.8, NAN,1001.1, NAN,0.0, NAN,102.0, NAN,268, NAN,10.9, NAN,60.0, NAN,10.9, NAN,293.6, NAN,1003.2,13.89,261.7,165.22,5.8568,5.5442,126.0,0.0,1436.193, NAN, NAN, NAN, NAN,,2024/03/30 10:43:32.876,2024-03-30 10:43:32.876000+00:00
2024/03/30, 10:44:32.876,41.524,-70.672,0.11,25.41,300.48,0.0, NAN,4.8, NAN,1001.2, NAN,0.0, NAN,102.0, NAN,265, NAN,11.4, NAN,59.5, NAN,11.4, NAN,290.4, NAN,1003.3,17.01,261.94,196.81,5.8568,5.545,126.0,0.0,1436.197, NAN, NAN, NAN, NAN,,2024/03/30 10:44:32.876,2024-03-30 10:44:32.876000+00:00
2024/03/30, 10:45:32.877,41.524,-70.672,0.07,25.34,116.5,0.01, NAN,4.9, NAN,1001.2, NAN,0.0, NAN,102.0, NAN,271, NAN,9.3, NAN,60.5, NAN,9.3, NAN,296.3, NAN,1003.3,18.62,261.57,217.62,5.8566,5.5465,126.0,0.0,1436.203, NAN, NAN, NAN, NAN,,2024/03/30 10:45:32.877,2024-03-30 10:45:32.877000+00:00
2024/03/30, 10:46:32.877,41.524,-70.672,0.04,25.46,91.27,0.01, NAN,4.9, NAN,1001.2, NAN,0.0, NAN,102.0, NAN,268, NAN,12.7, NAN,60.3, NAN,12.7, NAN,293.5, NAN,1003.3,19.8,261.21,235.52,5.8566,5.5494,125.7,0.0,1436.216, NAN, NAN, NAN, NAN,,2024/03/30 10:46:32.877,2024-03-30 10:46:32.877000+00:00
2024/03/30, 10:47:32.877,41.524,-70.672,-0.01,25.45,357.54,0.01, NAN,4.8, NAN,1001.2, NAN,0.0, NAN,102.0, NAN,269, NAN,11.9, NAN,57.7, NAN,11.9, NAN,294.4, NAN,1003.3,21.36,261.36,253.66,5.8566,5.552,126.6,0.0,1436.227, NAN, NAN, NAN, NAN,,2024/03/30 10:47:32.877,2024-03-30 10:47:32.877000+00:00
2024/03/30, 10:48:32.877,41.524,-70.672,0.01,25.48,248.24,0.02, NAN,4.8, NAN,1001.2, NAN,0.0, NAN,102.0, NAN,272, NAN,11.5, NAN,58.4, NAN,11.5, NAN,297.5, NAN,1003.3,23.72,261.79,280.1,5.8567,5.5534,125.4,0.0,1436.233, NAN, NAN, NAN, NAN,,2024/03/30 10:48:32.877,2024-03-30 10:48:32.877000+00:00
2024/03/30, 10:49:32.877,41.524,-70.672,0.0,25.38,287.29,0.01, NAN,4.8, NAN,1001.2, NAN,0.0, NAN,102.0, NAN,275, NAN,11.0, NAN,58.4, NAN,11.0, NAN,300.4, NAN,1003.3,25.74,262.09,302.39,5.8566,5.5544,125.1,0.0,1436.237, NAN, NAN, NAN, NAN,,2024/03/30 10:49:32.877,2024-03-30 10:49:32.877000+00:00
2024/03/30, 10:50:32.877,41.524,-70.672,0.05,25.31,134.36,0.01, NAN,4.8, NAN,1001.2, NAN,0.0, NAN,102.0, NAN,260, NAN,11.5, NAN,58.1, NAN,11.5, NAN,285.3, NAN,1003.3,28.16,261.6,326.07,5.8566,5.5526,126.3,0.0,1436.23, NAN, NAN, NAN, NAN,,2024/03/30 10:50:32.877,2024-03-30 10:50:32.877000+00:00
2024/03/30, 10:51:32.877,41.524,-70.672,0.22,25.4,294.99,0.01, NAN,4.8, NAN,1001.2, NAN,0.0, NAN,102.0, NAN,265, NAN,11.8, NAN,58.5, NAN,11.8, NAN,290.4, NAN,1003.3,29.69,261.35,345.18,5.8566,5.5518,126.6,0.0,1436.226, NAN, NAN, NAN, NAN,,2024/03/30 10:51:32.877,2024-03-30 10:51:32.877000+00:00
2024/03/30, 10:52:32.877,41.524,-70.672,0.04,25.41,284.73,0.02, NAN,4.8, NAN,1001.2, NAN,0.0, NAN,102.0, NAN,269, NAN,11.8, NAN,57.7, NAN,11.8, NAN,294.4, NAN,1003.3,32.29,261.62,375.65,5.8567,5.5511,126.6,0.0,1436.223, NAN, NAN, NAN, NAN,,2024/03/30 10:52:32.877,2024-03-30 10:52:32.877000+00:00
2024/03/30, 10:53:32.877,41.524,-70.672,0.05,25.36,149.95,0.01, NAN,4.8, NAN,1001.2, NAN,0.0, NAN,102.0, NAN,262, NAN,13.7, NAN,57.2, NAN,13.7, NAN,287.4, NAN,1003.3,35.79,262.17,408.13,5.8566,5.551,126.3,0.0,1436.223, NAN, NAN, NAN, NAN,,2024/03/30 10:53:32.877,2024-03-30 10:53:32.877000+00:00
2024/03/30, 10:54:32.877,41.524,-70.672,0.08,25.44,299.48,0.01, NAN,4.8, NAN,1001.3, NAN,0.0, NAN,102.0, NAN,264, NAN,13.6, NAN,56.9, NAN,13.6, NAN,289.4, NAN,1003.4,39.48,263.27,436.07,5.8565,5.5493,125.7,0.0,1436.215, NAN, NAN, NAN, NAN,,2024/03/30 10:54:32.877,2024-03-30 10:54:32.877000+00:00
2024/03/30, 10:55:32.877,41.524,-70.672,0.04,25.45,116.11,0.01, NAN,4.8, NAN,1001.3, NAN,0.0, NAN,102.0, NAN,259, NAN,12.5, NAN,55.8, NAN,12.5, NAN,284.4, NAN,1003.4,42.89,264.74,466.45,5.8566,5.5475,126.3,0.0,1436.207, NAN, NAN, NAN, NAN,,2024/03/30 10:55:32.877,2024-03-30 10:55:32.877000+00:00
2024/03/30, 10:56:32.877,41.524,-70.672,0.02,25.53,349.19,0.02, NAN,4.8, NAN,1001.3, NAN,0.0, NAN,102.0, NAN,270, NAN,12.2, NAN,55.9, NAN,12.2, NAN,295.5, NAN,1003.4,43.84,262.67,486.44,5.8565,5.548,125.7,0.0,1436.209, NAN, NAN, NAN, NAN,,2024/03/30 10:56:32.877,2024-03-30 10:56:32.877000+00:00
2024/03/30, 10:57:32.877,41.524,-70.672,-0.01,25.48,2.11,0.01, NAN,4.8, NAN,1001.3, NAN,0.0, NAN,102.0, NAN,272, NAN,14.0, NAN,57.5, NAN,14.0, NAN,297.5, NAN,1003.4,43.49,261.57,510.18,5.8566,5.5468,126.3,0.0,1436.204, NAN, NAN, NAN, NAN,,2024/03/30 10:57:32.877,2024-03-30 10:57:32.877000+00:00
2024/03/30, 10:58:32.877,41.524,-70.672,0.08,25.58,290.36,0.02, NAN,4.8, NAN,1001.4, NAN,0.0, NAN,102.0, NAN,275, NAN,12.7, NAN,56.4, NAN,12.7, NAN,300.6, NAN,1003.5,45.28,261.64,539.11,5.8565,5.5467,126.3,0.0,1436.204, NAN, NAN, NAN, NAN,,2024/03/30 10:58:32.877,2024-03-30 10:58:32.877000+00:00
2024/03/30, 10:59:32.877,41.524,-70.672,0.12,25.43,259.27,0.01, NAN,4.8, NAN,1001.4, NAN,0.0, NAN,102.0, NAN,266, NAN,11.8, NAN,57.2, NAN,11.8, NAN,291.4, NAN,1003.5,47.41,261.48,559.31,5.8565,5.5467,125.4,0.0,1436.204, NAN, NAN, NAN, NAN,,2024/03/30 10:59:32.877,2024-03-30 10:59:32.877000+00:00
2024/03/30, 11:00:32.877,41.524,-70.672,0.13,25.38,246.11,0.0, NAN,4.8, NAN,1001.3, NAN,0.0, NAN,102.0, NAN,261, NAN,13.3, NAN,58.4, NAN,13.3, NAN,286.4, NAN,1003.4,50.72,261.36,595.59,5.8565,5.5468,125.7,0.0,1436.204, NAN, NAN, NAN, NAN,,2024/03/30 11:00:32.877,2024-03-30 11:00:32.877000+00:00
2024/03/30, 11:01:32.877,41.524,-70.672,-0.02,25.46,299.1,0.02, NAN,4.8, NAN,1001.3, NAN,0.0, NAN,102.0, NAN,271, NAN,12.9, NAN,56.0, NAN,12.9, NAN,296.4, NAN,1003.4,52.99,261.51,619.65,5.8564,5.5463,126.3,0.0,1436.202, NAN, NAN, NAN, NAN,,2024/03/30 11:01:32.877,2024-03-30 11:01:32.877000+00:00
2024/03/30, 11:02:32.878,41.524,-70.672,0.09,25.45,200.71,0.01, NAN,4.8, NAN,1001.3, NAN,0.0, NAN,102.0, NAN,266, NAN,11.2, NAN,56.0, NAN,11.2, NAN,291.5, NAN,1003.4,55.28,261.71,643.08,5.8565,5.5438,126.6,0.0,1436.191, NAN, NAN, NAN, NAN,,2024/03/30 11:02:32.878,2024-03-30 11:02:32.878000+00:00
2024/03/30, 11:03:32.878,41.524,-70.672,0.05,25.39,305.92,0.01, NAN,4.8, NAN,1001.3, NAN,0.0, NAN,102.0, NAN,280, NAN,10.4, NAN,57.5, NAN,10.4, NAN,305.4, NAN,1003.4,58.01,261.77,670.25,5.8564,5.5425,126.0,0.0,1436.185, NAN, NAN, NAN, NAN,,2024/03/30 11:03:32.878,2024-03-30 11:03:32.878000+00:00
2024/03/30, 11:04:32.878,41.524,-70.672,-0.04,25.51,269.65,0.01, NAN,4.8, NAN,1001.3, NAN,0.0, NAN,102.0, NAN,268, NAN,14.5, NAN,57.3, NAN,14.5, NAN,293.5, NAN,1003.4,61.08,261.4,698.6,5.8565,5.541,125.7,0.0,1436.179, NAN, NAN, NAN, NAN,,2024/03/30 11:04:32.878,2024-03-30 11:04:32.878000+00:00
2024/03/30, 11:05:32.878,41.524,-70.672,0.08,25.39,297.17,0.03, NAN,4.8, NAN,1001.3, NAN,0.0, NAN,102.0, NAN,278, NAN,12.5, NAN,56.5, NAN,12.5, NAN,303.4, NAN,1003.4,63.35,261.36,719.79,5.8564,5.5398,126.0,0.0,1436.174, NAN, NAN, NAN, NAN,,2024/03/30 11:05:32.878,2024-03-30 11:05:32.878000+00:00
2024/03/30, 11:06:32.878,41.524,-70.672,0.07,25.43,76.98,0.01, NAN,4.8, NAN,1001.4, NAN,0.0, NAN,102.0, NAN,277, NAN,13.6, NAN,54.6, NAN,13.6, NAN,302.4, NAN,1003.5,65.6,261.62,740.17,5.8564,5.5374,126.0,0.0,1436.163, NAN, NAN, NAN, NAN,,2024/03/30 11:06:32.878,2024-03-30 11:06:32.878000+00:00
2024/03/30, 11:07:32.878,41.524,-70.672,0.13,25.41,96.48,0.02, NAN,4.7, NAN,1001.4, NAN,0.0, NAN,102.0, NAN,273, NAN,9.2, NAN,55.7, NAN,9.2, NAN,298.4, NAN,1003.5,67.97,261.53,765.9,5.8564,5.537,125.7,0.0,1436.161, NAN, NAN, NAN, NAN,,2024/03/30 11:07:32.878,2024-03-30 11:07:32.878000+00:00
2024/03/30, 11:08:32.878,41.524,-70.672,0.09,25.33,23.46,0.01, NAN,4.7, NAN,1001.4, NAN,0.0, NAN,102.0, NAN,262, NAN,13.6, NAN,57.1, NAN,13.6, NAN,287.3, NAN,1003.5,71.26,261.44,793.74,5.8564,5.5394,126.0,0.0,1436.172, NAN, NAN, NAN, NAN,,2024/03/30 11:08:32.878,2024-03-30 11:08:32.878000+00:00
2024/03/30, 11:09:32.878,41.524,-70.672,0.02,25.42,20.38,0.01, NAN,4.7, NAN,1001.3, NAN,0.0, NAN,102.0, NAN,272, NAN,12.4, NAN,57.1, NAN,12.4, NAN,297.4, NAN,1003.4,73.48,261.43,814.34,5.8564,5.5406,126.6,0.0,1436.177, NAN, NAN, NAN, NAN,,2024/03/30 11:09:32.878,2024-03-30 11:09:32.878000+00:00
2024/03/30, 11:10:32.878,41.524,-70.672,0.03,25.37,352.85,0.01, NAN,4.7, NAN,1001.3, NAN,0.0, NAN,102.0, NAN,274, NAN,12.4, NAN,56.7, NAN,12.4, NAN,299.4, NAN,1003.4,75.81,261.44,834.61,5.8564,5.5386,126.3,0.0,1436.168, NAN, NAN, NAN, NAN,,2024/03/30 11:10:32.878,2024-03-30 11:10:32.878000+00:00
2024/03/30, 11:11:32.878,41.524,-70.672,0.02,25.5,136.98,0.01, NAN,4.7, NAN,1001.3, NAN,0.0, NAN,102.0, NAN,274, NAN,12.2, NAN,57.1, NAN,12.2, NAN,299.5, NAN,1003.4,78.28,261.82,856.0,5.8564,5.5363,125.7,0.0,1436.158, NAN, NAN, NAN, NAN,,2024/03/30 11:11:32.878,2024-03-30 11:11:32.878000+00:00
2024/03/30, 11:12:32.878,41.524,-70.672,0.04,25.47,255.62,0.01, NAN,4.7, NAN,1001.3, NAN,0.0, NAN,102.0, NAN,271, NAN,11.2, NAN,58.7, NAN,11.2, NAN,296.5, NAN,1003.4,80.64,261.66,874.42,5.8564,5.5362,126.3,0.0,1436.158, NAN, NAN, NAN, NAN,,2024/03/30 11:12:32.878,2024-03-30 11:12:32.878000+00:00
2024/03/30, 11:13:32.878,41.524,-70.672,0.1,25.37,217.94,0.01, NAN,4.7, NAN,1001.3, NAN,0.0, NAN,102.0, NAN,275, NAN,10.5, NAN,58.7, NAN,10.5, NAN,300.4, NAN,1003.4,83.74,261.88,893.45,5.8563,5.5351,126.0,0.0,1436.153, NAN, NAN, NAN, NAN,,2024/03/30 11:13:32.878,2024-03-30 11:13:32.878000+00:00
2024/03/30, 11:14:32.878,41.524,-70.672,0.04,25.37,253.64,0.01, NAN,4.7, NAN,1001.4, NAN,0.0, NAN,102.0, NAN,267, NAN,13.5, NAN,58.9, NAN,13.5, NAN,292.4, NAN,1003.5,87.35,261.74,913.54,5.8564,5.5327,125.7,0.0,1436.143, NAN, NAN, NAN, NAN,,2024/03/30 11:14:32.878,2024-03-30 11:14:32.878000+00:00
2024/03/30, 11:15:32.878,41.524,-70.672,0.08,25.39,281.29,0.01, NAN,4.7, NAN,1001.3, NAN,0.0, NAN,102.0, NAN,272, NAN,12.2, NAN,57.0, NAN,12.2, NAN,297.4, NAN,1003.4,90.11,261.64,921.68,5.8564,5.531,126.0,0.0,1436.135, NAN, NAN, NAN, NAN,,2024/03/30 11:15:32.878,2024-03-30 11:15:32.878000+00:00
2024/03/30, 11:16:32.878,41.524,-70.672,0.05,25.61,182.23,0.01, NAN,4.7, NAN,1001.4, NAN,0.0, NAN,102.0, NAN,266, NAN,11.3, NAN,57.5, NAN,11.3, NAN,291.6, NAN,1003.5,94.09,262.07,943.23,5.8563,5.529,126.6,0.0,1436.126, NAN, NAN, NAN, NAN,,2024/03/30 11:16:32.878,2024-03-30 11:16:32.878000+00:00
2024/03/30, 11:17:32.878,41.524,-70.672,0.16,25.44,144.9,0.01, NAN,4.7, NAN,1001.4, NAN,0.0, NAN,102.0, NAN,279, NAN,10.7, NAN,57.9, NAN,10.7, NAN,304.4, NAN,1003.5,97.09,261.47,955.33,5.8563,5.5274,126.3,0.0,1436.119, NAN, NAN, NAN, NAN,,2024/03/30 11:17:32.878,2024-03-30 11:17:32.878000+00:00
2024/03/30, 11:18:32.878,41.524,-70.672,0.16,25.37,230.45,0.01, NAN,4.7, NAN,1001.4, NAN,0.0, NAN,102.0, NAN,274, NAN,14.0, NAN,58.1, NAN,14.0, NAN,299.4, NAN,1003.5,100.47,261.16,973.51,5.8564,5.5273,126.6,0.0,1436.119, NAN, NAN, NAN, NAN,,2024/03/30 11:18:32.878,2024-03-30 11:18:32.878000+00:00
2024/03/30, 11:19:32.879,41.524,-70.672,0.05,25.31,148.11,0.01, NAN,4.7, NAN,1001.4, NAN,0.0, NAN,102.0, NAN,285, NAN,10.4, NAN,55.4, NAN,10.4, NAN,310.3, NAN,1003.5,102.71,261.43,993.17,5.8564,5.5269,125.7,0.0,1436.117, NAN, NAN, NAN, NAN,,2024/03/30 11:19:32.879,2024-03-30 11:19:32.879000+00:00
2024/03/30, 11:20:32.879,41.524,-70.672,0.14,25.39,41.31,0.02, NAN,4.7, NAN,1001.4, NAN,0.0, NAN,102.0, NAN,277, NAN,13.1, NAN,56.0, NAN,13.1, NAN,302.4, NAN,1003.5,106.59,261.77,1011.11,5.8565,5.527,125.7,0.0,1436.118, NAN, NAN, NAN, NAN,,2024/03/30 11:20:32.879,2024-03-30 11:20:32.879000+00:00
2024/03/30, 11:21:32.879,41.524,-70.672,0.14,25.39,240.43,0.01, NAN,4.7, NAN,1001.4, NAN,0.0, NAN,102.0, NAN,266, NAN,11.1, NAN,55.9, NAN,11.1, NAN,291.4, NAN,1003.5,109.89,261.93,1028.96,5.8565,5.5299,125.7,0.0,1436.131, NAN, NAN, NAN, NAN,,2024/03/30 11:21:32.879,2024-03-30 11:21:32.879000+00:00
2024/03/30, 11:22:32.879,41.524,-70.672,0.14,25.37,355.64,0.0, NAN,4.7, NAN,1001.4, NAN,0.0, NAN,102.0, NAN,272, NAN,12.1, NAN,58.6, NAN,12.1, NAN,297.4, NAN,1003.5,113.34,261.45,1046.55,5.8565,5.5358,126.0,0.0,1436.156, NAN, NAN, NAN, NAN,,2024/03/30 11:22:32.879,2024-03-30 11:22:32.879000+00:00
2024/03/30, 11:23:32.879,41.524,-70.672,0.12,25.35,139.17,0.01, NAN,4.7, NAN,1001.4, NAN,0.0, NAN,102.0, NAN,270, NAN,9.8, NAN,57.4, NAN,9.8, NAN,295.4, NAN,1003.5,115.55,262.17,1060.87,5.8566,5.5377,126.0,0.0,1436.165, NAN, NAN, NAN, NAN,,2024/03/30 11:23:32.879,2024-03-30 11:23:32.879000+00:00
2024/03/30, 11:24:32.879,41.524,-70.672,0.1,25.43,230.34,0.01, NAN,4.7, NAN,1001.4, NAN,0.0, NAN,102.0, NAN,263, NAN,10.7, NAN,57.7, NAN,10.7, NAN,288.4, NAN,1003.5,119.63,261.98,1077.32,5.8566,5.5403,126.0,0.0,1436.176, NAN, NAN, NAN, NAN,,2024/03/30 11:24:32.879,2024-03-30 11:24:32.879000+00:00
2024/03/30, 11:25:32.879,41.524,-70.672,-0.03,25.36,287.36,0.02, NAN,4.7, NAN,1001.4, NAN,0.0, NAN,102.0, NAN,257, NAN,10.8, NAN,58.4, NAN,10.8, NAN,282.3, NAN,1003.5,125.22,262.34,1096.1,5.8567,5.5453,125.7,0.0,1436.198, NAN, NAN, NAN, NAN,,2024/03/30 11:25:32.879,2024-03-30 11:25:32.879000+00:00
2024/03/30, 11:26:32.879,41.524,-70.672,0.06,25.39,87.34,0.01, NAN,4.7, NAN,1001.5, NAN,0.0, NAN,102.0, NAN,274, NAN,12.5, NAN,59.6, NAN,12.5, NAN,299.4, NAN,1003.6,127.47,261.92,1110.43,5.8567,5.5476,125.7,0.0,1436.208, NAN, NAN, NAN, NAN,,2024/03/30 11:26:32.879,2024-03-30 11:26:32.879000+00:00
2024/03/30, 11:27:32.879,41.524,-70.672,0.11,25.45,330.05,0.01, NAN,4.7, NAN,1001.5, NAN,0.0, NAN,102.0, NAN,260, NAN,11.3, NAN,55.5, NAN,11.3, NAN,285.5, NAN,1003.6,129.64,262.07,1127.38,5.8567,5.5481,126.0,0.0,1436.21, NAN, NAN, NAN, NAN,,2024/03/30 11:27:32.879,2024-03-30 11:27:32.879000+00:00
2024/03/30, 11:28:32.879,41.524,-70.672,0.1,25.37,299.49,0.02, NAN,4.7, NAN,1001.3, NAN,0.0, NAN,102.0, NAN,258, NAN,10.1, NAN,57.6, NAN,10.1, NAN,283.4, NAN,1003.4,132.77,261.94,1139.19,5.8568,5.5503,125.7,0.0,1436.22, NAN, NAN, NAN, NAN,,2024/03/30 11:28:32.879,2024-03-30 11:28:32.879000+00:00
2024/03/30, 11:29:32.879,41.524,-70.672,0.14,25.48,278.78,0.01, NAN,4.7, NAN,1001.5, NAN,0.0, NAN,102.0, NAN,278, NAN,12.1, NAN,59.0, NAN,12.1, NAN,303.5, NAN,1003.6,135.97,262.1,1154.04,5.8567,5.554,125.7,0.0,1436.236, NAN, NAN, NAN, NAN,,2024/03/30 11:29:32.879,2024-03-30 11:29:32.879000+00:00
2024/03/30, 11:30:32.879,41.524,-70.672,0.03,25.43,38.81,0.01, NAN,4.7, NAN,1001.4, NAN,0.0, NAN,102.0, NAN,272, NAN,10.4, NAN,57.7, NAN,10.4, NAN,297.4, NAN,1003.5,139.63,262.59,1167.13,5.8568,5.5578,126.0,0.0,1436.252, NAN, NAN, NAN, NAN,,2024/03/30 11:30:32.879,2024-03-30 11:30:32.879000+00:00
2024/03/30, 11:31:32.879,41.524,-70.672,0.04,25.29,92.71,0.02, NAN,4.7, NAN,1001.5, NAN,0.0, NAN,102.0, NAN,265, NAN,11.2, NAN,57.8, NAN,11.2, NAN,290.3, NAN,1003.6,143.59,262.04,1180.57,5.8568,5.5618,126.0,0.0,1436.27, NAN, NAN, NAN, NAN,,2024/03/30 11:31:32.879,2024-03-30 11:31:32.879000+00:00
2024/03/30, 11:32:32.879,41.524,-70.672,-0.04,25.32,27.95,0.01, NAN,4.7, NAN,1001.6, NAN,0.0, NAN,102.0, NAN,272, NAN,12.1, NAN,57.7, NAN,12.1, NAN,297.3, NAN,1003.7,146.99,262.1,1196.91,5.8568,5.5634,126.3,0.0,1436.277, NAN, NAN, NAN, NAN,,2024/03/30 11:32:32.879,2024-03-30 11:32:32.879000+00:00
2024/03/30, 11:33:32.879,41.524,-70.672,0.07,25.43,212.83,0.0, NAN,4.7, NAN,1001.4, NAN,0.0, NAN,102.0, NAN,276, NAN,9.9, NAN,57.3, NAN,9.9, NAN,301.4, NAN,1003.5,150.1,262.53,1212.87,5.8568,5.5574,126.3,0.0,1436.251, NAN, NAN, NAN, NAN,,2024/03/30 11:33:32.879,2024-03-30 11:33:32.879000+00:00
2024/03/30, 11:34:32.879,41.524,-70.672,0.15,25.39,109.71,0.01, NAN,4.7, NAN,1001.6, NAN,0.0, NAN,102.0, NAN,271, NAN,11.6, NAN,58.0, NAN,11.6, NAN,296.4, NAN,1003.7,154.32,262.12,1225.69,5.8569,5.5556,125.7,0.0,1436.243, NAN, NAN, NAN, NAN,,2024/03/30 11:34:32.879,2024-03-30 11:34:32.879000+00:00
2024/03/30, 11:35:32.880,41.524,-70.672,0.02,25.44,281.56,0.02, NAN,4.7, NAN,1001.7, NAN,0.0, NAN,102.0, NAN,277, NAN,12.6, NAN,59.1, NAN,12.6, NAN,302.4, NAN,1003.8,156.66,262.16,1236.96,5.8569,5.5543,125.7,0.0,1436.237, NAN, NAN, NAN, NAN,,2024/03/30 11:35:32.880,2024-03-30 11:35:32.880000+00:00
2024/03/30, 11:36:32.880,41.524,-70.672,0.1,25.5,80.95,0.0, NAN,4.7, NAN,1001.6, NAN,0.0, NAN,102.0, NAN,276, NAN,11.4, NAN,55.9, NAN,11.4, NAN,301.5, NAN,1003.7,159.22,262.43,1246.35,5.8568,5.5562,125.7,0.0,1436.245, NAN, NAN, NAN, NAN,,2024/03/30 11:36:32.880,2024-03-30 11:36:32.880000+00:00
2024/03/30, 11:37:32.880,41.524,-70.672,-0.06,25.39,47.14,0.01, NAN,4.7, NAN,1001.6, NAN,0.0, NAN,102.0, NAN,271, NAN,13.5, NAN,55.9, NAN,13.5, NAN,296.4, NAN,1003.7,161.94,262.65,1237.5,5.8569,5.5561,125.7,0.0,1436.245, NAN, NAN, NAN, NAN,,2024/03/30 11:37:32.880,2024-03-30 11:37:32.880000+00:00
2024/03/30, 11:38:32.880,41.524,-70.672,0.07,25.45,124.07,0.01, NAN,4.7, NAN,1001.8, NAN,0.0, NAN,102.0, NAN,250, NAN,9.5, NAN,57.0, NAN,9.5, NAN,275.4, NAN,1003.9,164.97,262.82,1120.85,5.8568,5.5549,126.3,0.0,1436.24, NAN, NAN, NAN, NAN,,2024/03/30 11:38:32.880,2024-03-30 11:38:32.880000+00:00
2024/03/30, 11:39:32.880,41.524,-70.672,0.15,25.41,336.26,0.02, NAN,4.7, NAN,1001.8, NAN,0.0, NAN,102.0, NAN,266, NAN,10.3, NAN,59.8, NAN,10.3, NAN,291.4, NAN,1003.9,168.63,262.77,989.65,5.8569,5.5563,125.7,0.0,1436.246, NAN, NAN, NAN, NAN,,2024/03/30 11:39:32.880,2024-03-30 11:39:32.880000+00:00
2024/03/30, 11:40:32.880,41.524,-70.672,0.11,25.44,281.18,0.01, NAN,4.7, NAN,1001.7, NAN,0.0, NAN,102.0, NAN,273, NAN,12.2, NAN,57.2, NAN,12.2, NAN,298.4, NAN,1003.8,175.31,263.56,756.52,5.857,5.5596,125.7,0.0,1436.261, NAN, NAN, NAN, NAN,,2024/03/30 11:40:32.880,2024-03-30 11:40:32.880000+00:00
2024/03/30, 11:41:32.880,41.524,-70.672,0.11,25.45,327.74,0.01, NAN,4.7, NAN,1001.7, NAN,0.0, NAN,102.0, NAN,261, NAN,11.8, NAN,57.9, NAN,11.8, NAN,286.4, NAN,1003.8,184.44,264.01,574.15,5.8569,5.5588,125.4,0.0,1436.257, NAN, NAN, NAN, NAN,,2024/03/30 11:41:32.880,2024-03-30 11:41:32.880000+00:00
2024/03/30, 11:42:32.880,41.524,-70.672,0.19,25.41,328.7,0.01, NAN,4.7, NAN,1001.6, NAN,0.0, NAN,102.0, NAN,267, NAN,10.8, NAN,57.3, NAN,10.8, NAN,292.4, NAN,1003.7,183.99,263.75,492.09,5.8569,5.5518,126.6,0.0,1436.226, NAN, NAN, NAN, NAN,,2024/03/30 11:42:32.880,2024-03-30 11:42:32.880000+00:00
2024/03/30, 11:43:32.880,41.524,-70.672,0.13,25.54,42.73,0.02, NAN,4.7, NAN,1001.8, NAN,0.0, NAN,102.0, NAN,273, NAN,13.1, NAN,57.0, NAN,13.1, NAN,298.5, NAN,1003.9,187.02,264.36,386.66,5.8569,5.5443,126.3,0.0,1436.194, NAN, NAN, NAN, NAN,,2024/03/30 11:43:32.880,2024-03-30 11:43:32.880000+00:00
2024/03/30, 11:44:32.880,41.524,-70.672,0.04,25.39,62.29,0.02, NAN,4.7, NAN,1001.8, NAN,0.0, NAN,102.0, NAN,267, NAN,10.3, NAN,57.5, NAN,10.3, NAN,292.3, NAN,1003.9,189.96,264.29,347.2,5.857,5.5401,126.0,0.0,1436.176, NAN, NAN, NAN, NAN,,2024/03/30 11:44:32.880,2024-03-30 11:44:32.880000+00:00
2024/03/30, 11:45:32.880,41.524,-70.672,0.08,25.45,39.83,0.01, NAN,4.7, NAN,1001.8, NAN,0.0, NAN,102.0, NAN,272, NAN,10.3, NAN,58.4, NAN,10.3, NAN,297.4, NAN,1003.9,188.94,263.36,344.38,5.8569,5.5388,126.6,0.0,1436.17, NAN, NAN, NAN, NAN,,2024/03/30 11:45:32.880,2024-03-30 11:45:32.880000+00:00
2024/03/30, 11:46:32.880,41.524,-70.672,0.05,25.45,109.11,0.01, NAN,4.7, NAN,1001.8, NAN,0.0, NAN,102.0, NAN,271, NAN,11.4, NAN,59.1, NAN,11.4, NAN,296.5, NAN,1003.9,191.59,262.53,340.93,5.857,5.5377,126.0,0.0,1436.165, NAN, NAN, NAN, NAN,,2024/03/30 11:46:32.880,2024-03-30 11:46:32.880000+00:00
2024/03/30, 11:47:32.880,41.524,-70.672,0.08,25.41,301.83,0.01, NAN,4.7, NAN,1001.7, NAN,0.0, NAN,102.0, NAN,274, NAN,8.3, NAN,57.1, NAN,8.3, NAN,299.4, NAN,1003.8,191.78,262.71,332.59,5.857,5.5387,126.0,0.0,1436.17, NAN, NAN, NAN, NAN,,2024/03/30 11:47:32.880,2024-03-30 11:47:32.880000+00:00
2024/03/30, 11:48:32.880,41.524,-70.672,-0.09,25.4,275.75,0.02, NAN,4.7, NAN,1001.7, NAN,0.0, NAN,102.0, NAN,261, NAN,10.5, NAN,59.7, NAN,10.5, NAN,286.4, NAN,1003.8,194.89,261.86,331.79,5.857,5.5416,126.0,0.0,1436.182, NAN, NAN, NAN, NAN,,2024/03/30 11:48:32.880,2024-03-30 11:48:32.880000+00:00
2024/03/30, 11:49:32.880,41.524,-70.672,0.12,25.46,203.14,0.01, NAN,4.7, NAN,1001.8, NAN,0.0, NAN,102.0, NAN,275, NAN,11.0, NAN,57.2, NAN,11.0, NAN,300.5, NAN,1003.9,197.83,262.08,333.41,5.857,5.5446,125.7,0.0,1436.195, NAN, NAN, NAN, NAN,,2024/03/30 11:49:32.880,2024-03-30 11:49:32.880000+00:00
2024/03/30, 11:50:32.880,41.524,-70.672,0.02,25.43,137.8,0.01, NAN,4.7, NAN,1001.7, NAN,0.0, NAN,102.0, NAN,277, NAN,10.8, NAN,56.5, NAN,10.8, NAN,302.4, NAN,1003.8,201.3,262.44,335.1,5.857,5.5471,126.0,0.0,1436.206, NAN, NAN, NAN, NAN,,2024/03/30 11:50:32.880,2024-03-30 11:50:32.880000+00:00
2024/03/30, 11:51:32.880,41.524,-70.672,0.11,25.42,253.26,0.01, NAN,4.7, NAN,1001.6, NAN,0.0, NAN,102.0, NAN,270, NAN,9.8, NAN,57.2, NAN,9.8, NAN,295.4, NAN,1003.7,203.49,262.35,336.76,5.857,5.5475,126.3,0.0,1436.208, NAN, NAN, NAN, NAN,,2024/03/30 11:51:32.880,2024-03-30 11:51:32.880000+00:00
2024/03/30, 11:52:32.881,41.524,-70.672,0.06,25.53,264.67,0.01, NAN,4.7, NAN,1001.7, NAN,0.0, NAN,102.0, NAN,273, NAN,12.4, NAN,57.1, NAN,12.4, NAN,298.5, NAN,1003.8,207.65,262.08,337.29,5.857,5.5469,126.6,0.0,1436.205, NAN, NAN, NAN, NAN,,2024/03/30 11:52:32.881,2024-03-30 11:52:32.881000+00:00
2024/03/30, 11:53:32.881,41.524,-70.672,0.03,25.36,32.09,0.01, NAN,4.7, NAN,1001.7, NAN,0.0, NAN,102.0, NAN,259, NAN,10.9, NAN,58.2, NAN,10.9, NAN,284.3, NAN,1003.8,211.85,262.5,341.84,5.8571,5.5488,126.3,0.0,1436.214, NAN, NAN, NAN, NAN,,2024/03/30 11:53:32.881,2024-03-30 11:53:32.881000+00:00
2024/03/30, 11:54:32.881,41.524,-70.672,0.14,25.37,242.88,0.02, NAN,4.7, NAN,1001.6, NAN,0.0, NAN,102.0, NAN,272, NAN,11.7, NAN,57.4, NAN,11.7, NAN,297.4, NAN,1003.7,215.9,262.63,345.94,5.857,5.5495,126.3,0.0,1436.217, NAN, NAN, NAN, NAN,,2024/03/30 11:54:32.881,2024-03-30 11:54:32.881000+00:00
2024/03/30, 11:55:32.881,41.524,-70.672,-0.08,25.39,303.36,0.01, NAN,4.7, NAN,1001.6, NAN,0.0, NAN,102.0, NAN,259, NAN,9.8, NAN,56.5, NAN,9.8, NAN,284.4, NAN,1003.7,218.03,262.72,343.69,5.857,5.5484,126.3,0.0,1436.212, NAN, NAN, NAN, NAN,,2024/03/30 11:55:32.881,2024-03-30 11:55:32.881000+00:00
2024/03/30, 11:56:32.881,41.524,-70.672,0.17,25.44,314.54,0.01, NAN,4.7, NAN,1001.6, NAN,0.0, NAN,102.0, NAN,270, NAN,11.3, NAN,57.9, NAN,11.3, NAN,295.4, NAN,1003.7,222.11,262.84,349.1,5.857,5.5456,126.0,0.0,1436.2, NAN, NAN, NAN, NAN,,2024/03/30 11:56:32.881,2024-03-30 11:56:32.881000+00:00
2024/03/30, 11:57:32.881,41.524,-70.672,0.06,25.33,298.42,0.01, NAN,4.7, NAN,1001.6, NAN,0.0, NAN,102.0, NAN,258, NAN,11.2, NAN,57.4, NAN,11.2, NAN,283.3, NAN,1003.7,230.32,262.6,357.2,5.8569,5.5432,126.0,0.0,1436.189, NAN, NAN, NAN, NAN,,2024/03/30 11:57:32.881,2024-03-30 11:57:32.881000+00:00
2024/03/30, 11:58:32.881,41.524,-70.672,0.16,25.39,143.56,0.01, NAN,4.7, NAN,1001.6, NAN,0.0, NAN,102.0, NAN,265, NAN,10.9, NAN,57.0, NAN,10.9, NAN,290.4, NAN,1003.7,241.87,263.78,379.49,5.857,5.5437,126.0,0.0,1436.191, NAN, NAN, NAN, NAN,,2024/03/30 11:58:32.881,2024-03-30 11:58:32.881000+00:00
2024/03/30, 11:59:32.881,41.524,-70.672,-0.03,25.37,352.94,0.0, NAN,4.7, NAN,1001.6, NAN,0.0, NAN,102.0, NAN,264, NAN,10.8, NAN,55.7, NAN,10.8, NAN,289.4, NAN,1003.7,241.84,263.11,377.13,5.857,5.5454,125.7,0.0,1436.199, NAN, NAN, NAN, NAN,,2024/03/30 11:59:32.881,2024-03-30 11:59:32.881000+00:00
2024/03/30, 12:00:32.881,41.524,-70.672,0.12,25.32,267.67,0.0, NAN,4.7, NAN,1001.6, NAN,0.0, NAN,102.0, NAN,264, NAN,9.9, NAN,56.2, NAN,9.9, NAN,289.3, NAN,1003.7,237.41,262.95,362.67,5.857,5.5459,126.0,0.0,1436.201, NAN, NAN, NAN, NAN,,2024/03/30 12:00:32.881,2024-03-30 12:00:32.881000+00:00
2024/03/30, 12:01:32.881,41.524,-70.672,0.07,25.36,299.48,0.01, NAN,4.7, NAN,1001.6, NAN,0.0, NAN,102.0, NAN,252, NAN,11.5, NAN,56.3, NAN,11.5, NAN,277.4, NAN,1003.7,240.53,262.51,357.14,5.857,5.5471,125.4,0.0,1436.206, NAN, NAN, NAN, NAN,,2024/03/30 12:01:32.881,2024-03-30 12:01:32.881000+00:00
2024/03/30, 12:02:32.881,41.524,-70.672,0.01,25.37,151.17,0.01, NAN,4.7, NAN,1001.5, NAN,0.0, NAN,102.0, NAN,264, NAN,10.7, NAN,57.4, NAN,10.7, NAN,289.4, NAN,1003.6,243.55,262.5,358.93,5.857,5.5482,126.0,0.0,1436.211, NAN, NAN, NAN, NAN,,2024/03/30 12:02:32.881,2024-03-30 12:02:32.881000+00:00
2024/03/30, 12:03:32.881,41.524,-70.672,0.12,25.34,334.19,0.0, NAN,4.7, NAN,1001.6, NAN,0.0, NAN,102.0, NAN,270, NAN,11.5, NAN,57.3, NAN,11.5, NAN,295.3, NAN,1003.7,246.55,262.46,359.64,5.857,5.5504,126.0,0.0,1436.22, NAN, NAN, NAN, NAN,,2024/03/30 12:03:32.881,2024-03-30 12:03:32.881000+00:00
2024/03/30, 12:04:32.881,41.524,-70.672,0.01,25.48,134.56,0.0, NAN,4.7, NAN,1001.7, NAN,0.0, NAN,102.0, NAN,277, NAN,11.0, NAN,56.7, NAN,11.0, NAN,302.5, NAN,1003.8,249.51,262.5,360.55,5.857,5.5549,126.0,0.0,1436.24, NAN, NAN, NAN, NAN,,2024/03/30 12:04:32.881,2024-03-30 12:04:32.881000+00:00
2024/03/30, 12:05:32.881,41.524,-70.672,0.18,25.4,316.93,0.02, NAN,4.7, NAN,1001.7, NAN,0.0, NAN,102.0, NAN,262, NAN,8.9, NAN,56.4, NAN,8.9, NAN,287.4, NAN,1003.8,252.52,263.22,372.88,5.8569,5.5572,125.7,0.0,1436.25, NAN, NAN, NAN, NAN,,2024/03/30 12:05:32.881,2024-03-30 12:05:32.881000+00:00
2024/03/30, 12:06:32.881,41.524,-70.672,0.0,25.43,301.97,0.03, NAN,4.7, NAN,1001.6, NAN,0.0, NAN,102.0, NAN,268, NAN,11.2, NAN,60.8, NAN,11.2, NAN,293.4, NAN,1003.7,254.04,262.59,469.01,5.857,5.559,125.7,0.0,1436.258, NAN, NAN, NAN, NAN,,2024/03/30 12:06:32.881,2024-03-30 12:06:32.881000+00:00
2024/03/30, 12:07:32.881,41.524,-70.672,0.11,25.42,230.69,0.0, NAN,4.7, NAN,1001.6, NAN,0.0, NAN,102.0, NAN,268, NAN,11.9, NAN,58.9, NAN,11.9, NAN,293.4, NAN,1003.7,260.63,262.44,767.72,5.8569,5.5568,126.3,0.0,1436.248, NAN, NAN, NAN, NAN,,2024/03/30 12:07:32.881,2024-03-30 12:07:32.881000+00:00
2024/03/30, 12:08:32.881,41.524,-70.672,0.14,25.43,349.93,0.01, NAN,4.7, NAN,1001.6, NAN,0.0, NAN,102.0, NAN,274, NAN,12.0, NAN,56.3, NAN,12.0, NAN,299.4, NAN,1003.7,263.94,262.86,1030.46,5.8569,5.5548,126.0,0.0,1436.239, NAN, NAN, NAN, NAN,,2024/03/30 12:08:32.881,2024-03-30 12:08:32.881000+00:00
2024/03/30, 12:09:32.882,41.524,-70.672,0.18,25.45,10.6,0.01, NAN,4.7, NAN,1001.6, NAN,0.0, NAN,102.0, NAN,262, NAN,9.7, NAN,56.1, NAN,9.7, NAN,287.5, NAN,1003.7,266.95,263.17,1366.62,5.8569,5.5551,126.0,0.0,1436.241, NAN, NAN, NAN, NAN,,2024/03/30 12:09:32.882,2024-03-30 12:09:32.882000+00:00
2024/03/30, 12:10:32.882,41.524,-70.672,0.04,25.3,152.7,0.01, NAN,4.7, NAN,1001.6, NAN,0.0, NAN,102.0, NAN,275, NAN,8.9, NAN,59.2, NAN,8.9, NAN,300.3, NAN,1003.7,271.68,263.36,1599.3,5.8569,5.5532,125.7,0.0,1436.233, NAN, NAN, NAN, NAN,,2024/03/30 12:10:32.882,2024-03-30 12:10:32.882000+00:00
2024/03/30, 12:11:32.882,41.524,-70.672,0.13,25.44,123.44,0.01, NAN,4.7, NAN,1001.6, NAN,0.0, NAN,102.0, NAN,268, NAN,10.5, NAN,60.2, NAN,10.5, NAN,293.5, NAN,1003.7,275.86,262.87,1611.75,5.8568,5.555,125.4,0.0,1436.24, NAN, NAN, NAN, NAN,,2024/03/30 12:11:32.882,2024-03-30 12:11:32.882000+00:00
2024/03/30, 12:12:32.882,41.524,-70.672,0.01,25.4,134.25,0.01, NAN,4.7, NAN,1001.6, NAN,0.0, NAN,102.0, NAN,269, NAN,10.2, NAN,57.3, NAN,10.2, NAN,294.4, NAN,1003.7,279.07,263.33,1621.62,5.8569,5.5608,125.7,0.0,1436.266, NAN, NAN, NAN, NAN,,2024/03/30 12:12:32.882,2024-03-30 12:12:32.882000+00:00
2024/03/30, 12:13:32.882,41.524,-70.672,0.04,25.51,330.78,0.02, NAN,4.7, NAN,1001.7, NAN,0.0, NAN,102.0, NAN,260, NAN,13.5, NAN,58.0, NAN,13.5, NAN,285.5, NAN,1003.8,288.28,262.64,1638.22,5.857,5.5647,126.0,0.0,1436.283, NAN, NAN, NAN, NAN,,2024/03/30 12:13:32.882,2024-03-30 12:13:32.882000+00:00
2024/03/30, 12:14:32.882,41.524,-70.672,0.04,25.36,138.18,0.01, NAN,4.7, NAN,1001.7, NAN,0.0, NAN,102.0, NAN,260, NAN,14.3, NAN,56.6, NAN,14.3, NAN,285.4, NAN,1003.8,295.17,262.84,1658.09,5.8569,5.5665,125.7,0.0,1436.29, NAN, NAN, NAN, NAN,,2024/03/30 12:14:32.882,2024-03-30 12:14:32.882000+00:00
2024/03/30, 12:15:32.882,41.524,-70.672,0.03,25.32,312.86,0.01, NAN,4.7, NAN,1001.7, NAN,0.0, NAN,102.0, NAN,258, NAN,13.9, NAN,55.0, NAN,13.9, NAN,283.3, NAN,1003.8,297.27,262.78,1661.66,5.8569,5.5664,125.7,0.0,1436.29, NAN, NAN, NAN, NAN,,2024/03/30 12:15:32.882,2024-03-30 12:15:32.882000+00:00
2024/03/30, 12:16:32.882,41.524,-70.672,0.15,25.39,28.94,0.02, NAN,4.7, NAN,1001.6, NAN,0.0, NAN,102.0, NAN,267, NAN,11.6, NAN,55.2, NAN,11.6, NAN,292.4, NAN,1003.7,299.9,263.18,1665.75,5.8569,5.566,126.0,0.0,1436.288, NAN, NAN, NAN, NAN,,2024/03/30 12:16:32.882,2024-03-30 12:16:32.882000+00:00
2024/03/30, 12:17:32.882,41.524,-70.672,0.18,25.41,257.65,0.01, NAN,4.7, NAN,1001.7, NAN,0.0, NAN,102.0, NAN,272, NAN,12.2, NAN,55.8, NAN,12.2, NAN,297.4, NAN,1003.8,302.24,263.61,1673.84,5.8568,5.5644,126.3,0.0,1436.281, NAN, NAN, NAN, NAN,,2024/03/30 12:17:32.882,2024-03-30 12:17:32.882000+00:00
2024/03/30, 12:18:32.882,41.524,-70.672,0.08,25.43,337.19,0.01, NAN,4.7, NAN,1001.7, NAN,0.0, NAN,102.0, NAN,257, NAN,10.2, NAN,55.6, NAN,10.2, NAN,282.4, NAN,1003.8,306.1,264.99,1680.79,5.8569,5.5676,126.6,0.0,1436.295, NAN, NAN, NAN, NAN,,2024/03/30 12:18:32.882,2024-03-30 12:18:32.882000+00:00
2024/03/30, 12:19:32.882,41.524,-70.672,0.2,25.44,108.67,0.01, NAN,4.7, NAN,1001.7, NAN,0.0, NAN,102.0, NAN,256, NAN,14.7, NAN,58.9, NAN,14.7, NAN,281.4, NAN,1003.8,311.8,264.01,1693.84,5.8568,5.5723,125.7,0.0,1436.316, NAN, NAN, NAN, NAN,,2024/03/30 12:19:32.882,2024-03-30 12:19:32.882000+00:00
2024/03/30, 12:20:32.882,41.524,-70.672,0.09,25.44,8.19,0.0, NAN,4.7, NAN,1001.6, NAN,0.0, NAN,102.0, NAN,270, NAN,12.5, NAN,55.3, NAN,12.5, NAN,295.4, NAN,1003.7,317.84,264.51,1709.32,5.8569,5.5756,125.7,0.0,1436.33, NAN, NAN, NAN, NAN,,2024/03/30 12:20:32.882,2024-03-30 12:20:32.882000+00:00
2024/03/30, 12:21:32.882,41.524,-70.672,-0.04,25.45,34.39,0.0, NAN,4.7, NAN,1001.7, NAN,0.0, NAN,102.0, NAN,268, NAN,10.9, NAN,57.1, NAN,10.9, NAN,293.4, NAN,1003.8,322.89,265.76,1720.53,5.8568,5.5769,125.7,0.0,1436.336, NAN, NAN, NAN, NAN,,2024/03/30 12:21:32.882,2024-03-30 12:21:32.882000+00:00
2024/03/30, 12:22:32.882,41.524,-70.672,0.09,25.56,304.23,0.01, NAN,4.7, NAN,1001.8, NAN,0.0, NAN,102.0, NAN,272, NAN,12.3, NAN,58.8, NAN,12.3, NAN,297.5, NAN,1003.9,326.01,265.79,1732.77,5.8569,5.5771,125.7,0.0,1436.337, NAN, NAN, NAN, NAN,,2024/03/30 12:22:32.882,2024-03-30 12:22:32.882000+00:00
2024/03/30, 12:23:32.882,41.524,-70.672,0.16,25.38,92.14,0.01, NAN,4.7, NAN,1001.8, NAN,0.0, NAN,102.0, NAN,260, NAN,9.7, NAN,58.7, NAN,9.7, NAN,285.4, NAN,1003.9,324.29,264.5,1723.88,5.8569,5.5771,126.0,0.0,1436.337, NAN, NAN, NAN, NAN,,2024/03/30 12:23:32.882,2024-03-30 12:23:32.882000+00:00
2024/03/30, 12:24:32.882,41.524,-70.672,0.07,25.31,145.12,0.01, NAN,4.7, NAN,1001.8, NAN,0.0, NAN,102.0, NAN,259, NAN,13.5, NAN,57.7, NAN,13.5, NAN,284.3, NAN,1003.9,285.31,263.23,1620.31,5.8569,5.5767,126.3,0.0,1436.335, NAN, NAN, NAN, NAN,,2024/03/30 12:24:32.882,2024-03-30 12:24:32.882000+00:00
2024/03/30, 12:25:32.883,41.524,-70.672,0.06,25.33,273.09,0.01, NAN,4.7, NAN,1001.8, NAN,0.0, NAN,102.0, NAN,258, NAN,11.5, NAN,55.0, NAN,11.5, NAN,283.4, NAN,1003.9,330.76,264.91,1737.1,5.8569,5.5772,126.0,0.0,1436.337, NAN, NAN, NAN, NAN,,2024/03/30 12:25:32.883,2024-03-30 12:25:32.883000+00:00
2024/03/30, 12:26:32.883,41.524,-70.672,0.03,25.3,0.95,0.01, NAN,4.7, NAN,1001.6, NAN,0.0, NAN,102.0, NAN,268, NAN,11.5, NAN,55.8, NAN,11.5, NAN,293.3, NAN,1003.7,340.51,265.5,1767.49,5.8569,5.5789,126.3,0.0,1436.344, NAN, NAN, NAN, NAN,,2024/03/30 12:26:32.883,2024-03-30 12:26:32.883000+00:00
2024/03/30, 12:27:32.883,41.524,-70.672,0.17,25.33,112.02,0.02, NAN,4.7, NAN,1001.8, NAN,0.0, NAN,102.0, NAN,251, NAN,14.1, NAN,55.1, NAN,14.1, NAN,276.3, NAN,1003.9,343.35,265.03,1777.42,5.8568,5.5829,126.0,0.0,1436.362, NAN, NAN, NAN, NAN,,2024/03/30 12:27:32.883,2024-03-30 12:27:32.883000+00:00
2024/03/30, 12:28:32.883,41.524,-70.672,0.0,25.1,123.34,0.01, NAN,4.7, NAN,1001.7, NAN,0.0, NAN,102.0, NAN,254, NAN,15.2, NAN,55.2, NAN,15.2, NAN,279.1, NAN,1003.8,348.66,264.69,1763.97,5.8568,5.5877,126.0,0.0,1436.383, NAN, NAN, NAN, NAN,,2024/03/30 12:28:32.883,2024-03-30 12:28:32.883000+00:00
2024/03/30, 12:29:32.883,41.524,-70.672,0.02,25.37,258.65,0.01, NAN,4.7, NAN,1001.7, NAN,0.0, NAN,102.0, NAN,272, NAN,14.0, NAN,53.8, NAN,14.0, NAN,297.4, NAN,1003.8,350.28,266.2,1771.98,5.8569,5.5888,126.0,0.0,1436.387, NAN, NAN, NAN, NAN,,2024/03/30 12:29:32.883,2024-03-30 12:29:32.883000+00:00
2024/03/30, 12:30:32.883,41.524,-70.672,-0.08,25.32,98.19,0.01, NAN,4.7, NAN,1001.8, NAN,0.0, NAN,102.0, NAN,265, NAN,12.0, NAN,55.8, NAN,12.0, NAN,290.3, NAN,1003.9,353.53,266.41,1775.24,5.8568,5.5886,125.7,0.0,1436.386, NAN, NAN, NAN, NAN,,2024/03/30 12:30:32.883,2024-03-30 12:30:32.883000+00:00
2024/03/30, 12:31:32.883,41.524,-70.672,-0.04,25.32,299.68,0.01, NAN,4.7, NAN,1001.8, NAN,0.0, NAN,102.0, NAN,270, NAN,13.3, NAN,53.6, NAN,13.3, NAN,295.3, NAN,1003.9,302.14,264.89,1794.38,5.8568,5.5896,126.6,0.0,1436.391, NAN, NAN, NAN, NAN,,2024/03/30 12:31:32.883,2024-03-30 12:31:32.883000+00:00
2024/03/30, 12:32:32.883,41.524,-70.672,0.17,25.39,304.67,0.01, NAN,4.7, NAN,1001.8, NAN,0.0, NAN,102.0, NAN,276, NAN,11.3, NAN,54.8, NAN,11.3, NAN,301.4, NAN,1003.9,363.92,268.03,1808.15,5.8569,5.5886,125.7,0.0,1436.387, NAN, NAN, NAN, NAN,,2024/03/30 12:32:32.883,2024-03-30 12:32:32.883000+00:00
2024/03/30, 12:33:32.883,41.524,-70.672,-0.01,25.28,205.0,0.0, NAN,4.7, NAN,1001.8, NAN,0.0, NAN,102.0, NAN,270, NAN,11.5, NAN,56.1, NAN,11.5, NAN,295.3, NAN,1003.9,318.36,269.28,1307.3,5.8568,5.5897,125.7,0.0,1436.391, NAN, NAN, NAN, NAN,,2024/03/30 12:33:32.883,2024-03-30 12:33:32.883000+00:00
2024/03/30, 12:34:32.883,41.524,-70.672,0.07,25.29,347.46,0.01, NAN,4.7, NAN,1001.8, NAN,0.0, NAN,102.0, NAN,280, NAN,9.8, NAN,58.3, NAN,9.8, NAN,305.3, NAN,1003.9,381.64,269.16,1842.44,5.8568,5.5904,126.0,0.0,1436.394, NAN, NAN, NAN, NAN,,2024/03/30 12:34:32.883,2024-03-30 12:34:32.883000+00:00
2024/03/30, 12:35:32.883,41.524,-70.672,0.09,25.32,239.13,0.01, NAN,4.7, NAN,1001.8, NAN,0.0, NAN,102.0, NAN,274, NAN,10.8, NAN,55.9, NAN,10.8, NAN,299.3, NAN,1003.9,373.46,266.31,1824.22,5.8568,5.5922,125.4,0.0,1436.402, NAN, NAN, NAN, NAN,,2024/03/30 12:35:32.883,2024-03-30 12:35:32.883000+00:00
2024/03/30, 12:36:32.883,41.524,-70.672,0.07,25.46,293.37,0.01, NAN,4.7, NAN,1001.8, NAN,0.0, NAN,102.0, NAN,273, NAN,11.7, NAN,55.9, NAN,11.7, NAN,298.5, NAN,1003.9,371.96,265.51,1812.55,5.8568,5.5954,125.4,0.0,1436.416, NAN, NAN, NAN, NAN,,2024/03/30 12:36:32.883,2024-03-30 12:36:32.883000+00:00
2024/03/30, 12:37:32.883,41.524,-70.672,0.07,25.25,354.56,0.0, NAN,4.7, NAN,1001.8, NAN,0.0, NAN,102.0, NAN,279, NAN,10.7, NAN,56.1, NAN,10.7, NAN,304.2, NAN,1003.9,142.49,261.92,736.66,5.8567,5.6005,126.0,0.0,1436.438, NAN, NAN, NAN, NAN,,2024/03/30 12:37:32.883,2024-03-30 12:37:32.883000+00:00
2024/03/30, 12:38:32.883,41.524,-70.672,0.13,25.32,108.44,0.02, NAN,4.7, NAN,1001.7, NAN,0.0, NAN,102.0, NAN,259, NAN,12.8, NAN,59.1, NAN,12.8, NAN,284.3, NAN,1003.8,377.34,264.91,1818.97,5.8567,5.6056,126.3,0.0,1436.46, NAN, NAN, NAN, NAN,,2024/03/30 12:38:32.883,2024-03-30 12:38:32.883000+00:00
2024/03/30, 12:39:32.883,41.524,-70.672,0.18,25.35,106.58,0.01, NAN,4.7, NAN,1001.7, NAN,0.0, NAN,102.0, NAN,266, NAN,10.7, NAN,55.2, NAN,10.7, NAN,291.3, NAN,1003.8,384.37,265.51,1828.19,5.8566,5.6122,126.0,0.0,1436.489, NAN, NAN, NAN, NAN,,2024/03/30 12:39:32.883,2024-03-30 12:39:32.883000+00:00
2024/03/30, 12:40:32.883,41.524,-70.672,0.06,25.4,234.22,0.01, NAN,4.7, NAN,1001.8, NAN,0.0, NAN,102.0, NAN,268, NAN,12.8, NAN,56.5, NAN,12.8, NAN,293.4, NAN,1003.9,387.85,265.45,1836.35,5.8567,5.617,126.0,0.0,1436.51, NAN, NAN, NAN, NAN,,2024/03/30 12:40:32.883,2024-03-30 12:40:32.883000+00:00
2024/03/30, 12:41:32.884,41.524,-70.672,0.06,25.29,114.93,0.01, NAN,4.7, NAN,1001.7, NAN,0.0, NAN,102.0, NAN,272, NAN,11.6, NAN,56.7, NAN,11.6, NAN,297.3, NAN,1003.8,389.88,265.97,1837.07,5.8567,5.6226,126.3,0.0,1436.534, NAN, NAN, NAN, NAN,,2024/03/30 12:41:32.884,2024-03-30 12:41:32.884000+00:00
2024/03/30, 12:42:32.884,41.524,-70.672,0.06,25.33,146.94,0.01, NAN,4.7, NAN,1001.8, NAN,0.0, NAN,102.0, NAN,267, NAN,11.1, NAN,56.7, NAN,11.1, NAN,292.4, NAN,1003.9,396.14,267.23,1865.54,5.8567,5.6308,126.0,0.0,1436.57, NAN, NAN, NAN, NAN,,2024/03/30 12:42:32.884,2024-03-30 12:42:32.884000+00:00
2024/03/30, 12:43:32.884,41.524,-70.672,0.06,25.36,299.47,0.01, NAN,4.8, NAN,1001.7, NAN,0.0, NAN,102.0, NAN,272, NAN,11.7, NAN,57.7, NAN,11.7, NAN,297.4, NAN,1003.8,403.88,269.52,1860.85,5.8566,5.6459,126.3,0.0,1436.635, NAN, NAN, NAN, NAN,,2024/03/30 12:43:32.884,2024-03-30 12:43:32.884000+00:00
2024/03/30, 12:44:32.884,41.524,-70.672,0.06,25.4,348.91,0.01, NAN,4.8, NAN,1001.8, NAN,0.0, NAN,102.0, NAN,268, NAN,10.5, NAN,58.4, NAN,10.5, NAN,293.4, NAN,1003.9,412.97,270.77,1878.67,5.8566,5.6576,124.8,0.0,1436.686, NAN, NAN, NAN, NAN,,2024/03/30 12:44:32.884,2024-03-30 12:44:32.884000+00:00
2024/03/30, 12:45:32.884,41.524,-70.672,0.15,25.35,263.34,0.01, NAN,4.8, NAN,1001.8, NAN,0.0, NAN,102.0, NAN,267, NAN,9.2, NAN,58.3, NAN,9.2, NAN,292.3, NAN,1003.9,416.06,269.02,1867.59,5.8566,5.6672,126.6,0.0,1436.728, NAN, NAN, NAN, NAN,,2024/03/30 12:45:32.884,2024-03-30 12:45:32.884000+00:00
2024/03/30, 12:46:32.884,41.524,-70.672,0.26,25.37,46.9,0.0, NAN,4.8, NAN,1001.7, NAN,0.0, NAN,102.0, NAN,268, NAN,9.5, NAN,58.8, NAN,9.5, NAN,293.4, NAN,1003.8,411.28,267.68,1874.04,5.8566,5.6793,126.0,0.0,1436.78, NAN, NAN, NAN, NAN,,2024/03/30 12:46:32.884,2024-03-30 12:46:32.884000+00:00
2024/03/30, 12:47:32.884,41.524,-70.672,0.26,25.35,268.38,0.01, NAN,4.8, NAN,1001.8, NAN,0.0, NAN,102.0, NAN,262, NAN,10.9, NAN,58.8, NAN,10.9, NAN,287.3, NAN,1003.9,412.58,267.61,1869.8,5.8566,5.6976,126.3,0.0,1436.86, NAN, NAN, NAN, NAN,,2024/03/30 12:47:32.884,2024-03-30 12:47:32.884000+00:00
2024/03/30, 12:48:32.884,41.524,-70.672,0.26,25.45,107.22,0.01, NAN,4.8, NAN,1001.8, NAN,0.0, NAN,102.0, NAN,270, NAN,12.8, NAN,58.4, NAN,12.8, NAN,295.4, NAN,1003.9,421.22,267.69,1891.29,5.8567,5.7189,125.4,0.0,1436.952, NAN, NAN, NAN, NAN,,2024/03/30 12:48:32.884,2024-03-30 12:48:32.884000+00:00
2024/03/30, 12:49:32.884,41.524,-70.672,0.08,25.43,308.28,0.0, NAN,4.8, NAN,1001.8, NAN,0.0, NAN,102.0, NAN,264, NAN,11.9, NAN,58.1, NAN,11.9, NAN,289.4, NAN,1003.9,425.67,267.71,1900.82,5.8566,5.7253,125.7,0.0,1436.98, NAN, NAN, NAN, NAN,,2024/03/30 12:49:32.884,2024-03-30 12:49:32.884000+00:00
2024/03/30, 12:50:32.884,41.524,-70.672,0.08,25.32,66.27,0.01, NAN,4.8, NAN,1001.8, NAN,0.0, NAN,102.0, NAN,264, NAN,10.6, NAN,53.8, NAN,10.6, NAN,289.3, NAN,1003.9,433.97,268.54,1923.44,5.8566,5.7379,126.0,0.0,1437.035, NAN, NAN, NAN, NAN,,2024/03/30 12:50:32.884,2024-03-30 12:50:32.884000+00:00
2024/03/30, 12:51:32.884,41.524,-70.672,0.14,25.3,307.46,0.01, NAN,4.8, NAN,1001.8, NAN,0.0, NAN,102.0, NAN,271, NAN,11.8, NAN,54.2, NAN,11.8, NAN,296.3, NAN,1003.9,435.15,269.22,1921.92,5.8565,5.7404,126.3,0.0,1437.045, NAN, NAN, NAN, NAN,,2024/03/30 12:51:32.884,2024-03-30 12:51:32.884000+00:00
2024/03/30, 12:52:32.884,41.524,-70.672,0.14,25.44,333.46,0.01, NAN,4.8, NAN,1001.8, NAN,0.0, NAN,102.0, NAN,271, NAN,11.4, NAN,55.4, NAN,11.4, NAN,296.4, NAN,1003.9,440.64,269.91,1926.88,5.8565,5.747,126.3,0.0,1437.074, NAN, NAN, NAN, NAN,,2024/03/30 12:52:32.884,2024-03-30 12:52:32.884000+00:00
2024/03/30, 12:53:32.884,41.524,-70.672,0.14,25.3,49.99,0.01, NAN,4.8, NAN,1001.8, NAN,0.0, NAN,102.0, NAN,265, NAN,9.6, NAN,56.4, NAN,9.6, NAN,290.3, NAN,1003.9,446.03,271.12,1943.27,5.8566,5.7578,126.3,0.0,1437.121, NAN, NAN, NAN, NAN,,2024/03/30 12:53:32.884,2024-03-30 12:53:32.884000+00:00
2024/03/30, 12:54:32.884,41.524,-70.672,0.22,25.4,250.36,0.01, NAN,4.8, NAN,1001.8, NAN,0.0, NAN,102.0, NAN,260, NAN,8.5, NAN,56.6, NAN,8.5, NAN,285.4, NAN,1003.9,451.08,271.76,1937.81,5.8566,5.7674,125.7,0.0,1437.162, NAN, NAN, NAN, NAN,,2024/03/30 12:54:32.884,2024-03-30 12:54:32.884000+00:00
2024/03/30, 12:55:32.884,41.524,-70.672,0.13,25.32,257.34,0.01, NAN,4.8, NAN,1001.8, NAN,0.0, NAN,102.0, NAN,267, NAN,9.0, NAN,57.0, NAN,9.0, NAN,292.3, NAN,1003.9,456.04,272.32,1950.17,5.8565,5.778,126.0,0.0,1437.208, NAN, NAN, NAN, NAN,,2024/03/30 12:55:32.884,2024-03-30 12:55:32.884000+00:00
2024/03/30, 12:56:32.884,41.524,-70.672,0.13,25.42,70.19,0.01, NAN,4.8, NAN,1001.8, NAN,0.0, NAN,102.0, NAN,267, NAN,10.3, NAN,58.8, NAN,10.3, NAN,292.4, NAN,1003.9,458.07,273.0,1956.97,5.8565,5.7909,126.6,0.0,1437.264, NAN, NAN, NAN, NAN,,2024/03/30 12:56:32.884,2024-03-30 12:56:32.884000+00:00
2024/03/30, 12:57:32.885,41.524,-70.672,0.13,25.43,29.97,0.01, NAN,4.8, NAN,1001.8, NAN,0.0, NAN,102.0, NAN,264, NAN,11.0, NAN,58.3, NAN,11.0, NAN,289.4, NAN,1003.9,467.08,274.47,1969.42,5.8565,5.7928,126.3,0.0,1437.272, NAN, NAN, NAN, NAN,,2024/03/30 12:57:32.885,2024-03-30 12:57:32.885000+00:00
2024/03/30, 12:58:32.885,41.524,-70.672,0.17,25.36,75.7,0.0, NAN,4.8, NAN,1001.8, NAN,0.0, NAN,102.0, NAN,256, NAN,10.1, NAN,58.4, NAN,10.1, NAN,281.4, NAN,1003.9,470.03,273.58,1966.82,5.8566,5.8049,126.0,0.0,1437.325, NAN, NAN, NAN, NAN,,2024/03/30 12:58:32.885,2024-03-30 12:58:32.885000+00:00
2024/03/30, 12:59:32.885,41.524,-70.672,0.17,25.36,200.52,0.01, NAN,4.8, NAN,1001.8, NAN,0.0, NAN,102.0, NAN,253, NAN,13.7, NAN,59.2, NAN,13.7, NAN,278.4, NAN,1003.9,466.74,271.26,1952.14,5.8566,5.8287,126.0,0.0,1437.428, NAN, NAN, NAN, NAN,,2024/03/30 12:59:32.885,2024-03-30 12:59:32.885000+00:00
2024/03/30, 13:00:32.885,41.524,-70.672,0.17,25.4,343.43,0.0, NAN,4.8, NAN,1001.7, NAN,0.0, NAN,102.0, NAN,248, NAN,13.4, NAN,56.8, NAN,13.4, NAN,273.4, NAN,1003.8,465.0,268.61,1940.83,5.8566,5.8268,126.0,0.0,1437.42, NAN, NAN, NAN, NAN,,2024/03/30 13:00:32.885,2024-03-30 13:00:32.885000+00:00
2024/03/30, 13:01:32.885,41.524,-70.672,0.17,25.28,109.61,0.01, NAN,4.7, NAN,1001.7, NAN,0.0, NAN,102.0, NAN,253, NAN,10.4, NAN,56.1, NAN,10.4, NAN,278.3, NAN,1003.8,462.19,267.6,1924.27,5.8566,5.8329,126.0,0.0,1437.446, NAN, NAN, NAN, NAN,,2024/03/30 13:01:32.885,2024-03-30 13:01:32.885000+00:00
2024/03/30, 13:02:32.885,41.524,-70.672,0.17,25.35,294.32,0.01, NAN,4.7, NAN,1001.7, NAN,0.0, NAN,102.0, NAN,254, NAN,10.3, NAN,56.1, NAN,10.3, NAN,279.3, NAN,1003.8,460.88,266.5,1908.61,5.8566,5.842,126.6,0.0,1437.485, NAN, NAN, NAN, NAN,,2024/03/30 13:02:32.885,2024-03-30 13:02:32.885000+00:00
2024/03/30, 13:03:32.885,41.524,-70.672,0.16,25.37,88.76,0.01, NAN,4.7, NAN,1001.7, NAN,0.0, NAN,102.0, NAN,260, NAN,12.5, NAN,59.7, NAN,12.5, NAN,285.4, NAN,1003.8,467.18,266.05,1923.28,5.8566,5.8462,126.0,0.0,1437.503, NAN, NAN, NAN, NAN,,2024/03/30 13:03:32.885,2024-03-30 13:03:32.885000+00:00
2024/03/30, 13:04:32.885,41.524,-70.672,0.25,25.32,88.21,0.01, NAN,4.8, NAN,1001.8, NAN,0.0, NAN,102.0, NAN,242, NAN,14.2, NAN,59.9, NAN,14.2, NAN,267.3, NAN,1003.9,467.42,264.95,1917.32,5.8568,5.8434,125.7,0.0,1437.492, NAN, NAN, NAN, NAN,,2024/03/30 13:04:32.885,2024-03-30 13:04:32.885000+00:00
2024/03/30, 13:05:32.885,41.524,-70.672,0.25,25.37,292.67,0.01, NAN,4.8, NAN,1001.8, NAN,0.0, NAN,102.0, NAN,247, NAN,9.9, NAN,57.8, NAN,9.9, NAN,272.3, NAN,1003.9,473.26,265.38,1917.02,5.8567,5.8386,125.4,0.0,1437.471, NAN, NAN, NAN, NAN,,2024/03/30 13:05:32.885,2024-03-30 13:05:32.885000+00:00
2024/03/30, 13:06:32.885,41.524,-70.672,0.16,25.28,67.41,0.01, NAN,4.8, NAN,1001.8, NAN,0.0, NAN,102.0, NAN,259, NAN,10.7, NAN,58.3, NAN,10.7, NAN,284.3, NAN,1003.9,476.48,265.59,1925.19,5.8568,5.8425,126.3,0.0,1437.488, NAN, NAN, NAN, NAN,,2024/03/30 13:06:32.885,2024-03-30 13:06:32.885000+00:00
2024/03/30, 13:07:32.885,41.524,-70.672,0.16,25.32,13.76,0.01, NAN,4.8, NAN,1001.8, NAN,0.0, NAN,102.0, NAN,254, NAN,11.2, NAN,58.5, NAN,11.2, NAN,279.3, NAN,1003.9,481.1,265.71,1933.74,5.8568,5.8426,126.0,0.0,1437.488, NAN, NAN, NAN, NAN,,2024/03/30 13:07:32.885,2024-03-30 13:07:32.885000+00:00
2024/03/30, 13:08:32.885,41.524,-70.672,0.16,25.35,112.06,0.0, NAN,4.8, NAN,1001.8, NAN,0.0, NAN,102.0, NAN,268, NAN,11.1, NAN,58.6, NAN,11.1, NAN,293.4, NAN,1003.9,473.37,265.54,1811.87,5.8569,5.8464,126.0,0.0,1437.505, NAN, NAN, NAN, NAN,,2024/03/30 13:08:32.885,2024-03-30 13:08:32.885000+00:00
2024/03/30, 13:09:32.885,41.524,-70.672,0.04,25.38,325.57,0.01, NAN,4.8, NAN,1001.8, NAN,0.0, NAN,102.0, NAN,259, NAN,9.6, NAN,56.6, NAN,9.6, NAN,284.4, NAN,1003.9,466.43,266.43,1795.9,5.857,5.8485,126.3,0.0,1437.514, NAN, NAN, NAN, NAN,,2024/03/30 13:09:32.885,2024-03-30 13:09:32.885000+00:00
2024/03/30, 13:10:32.885,41.524,-70.672,0.04,25.41,250.29,0.01, NAN,4.8, NAN,1001.8, NAN,0.0, NAN,102.0, NAN,251, NAN,10.1, NAN,58.6, NAN,10.1, NAN,276.4, NAN,1003.9,492.37,267.73,1937.19,5.857,5.8628,126.3,0.0,1437.576, NAN, NAN, NAN, NAN,,2024/03/30 13:10:32.885,2024-03-30 13:10:32.885000+00:00
2024/03/30, 13:11:32.885,41.524,-70.672,0.1,25.33,17.88,0.01, NAN,4.8, NAN,1001.8, NAN,0.0, NAN,102.0, NAN,245, NAN,9.3, NAN,58.8, NAN,9.3, NAN,270.3, NAN,1003.9,515.1,269.25,1980.1,5.857,5.8767,126.0,0.0,1437.636, NAN, NAN, NAN, NAN,,2024/03/30 13:11:32.885,2024-03-30 13:11:32.885000+00:00
2024/03/30, 13:12:32.885,41.524,-70.672,0.11,25.37,114.19,0.0, NAN,4.9, NAN,1001.8, NAN,0.0, NAN,102.0, NAN,262, NAN,9.9, NAN,59.7, NAN,9.9, NAN,287.4, NAN,1003.9,523.42,268.27,2005.69,5.857,5.8998,126.9,0.0,1437.736, NAN, NAN, NAN, NAN,,2024/03/30 13:12:32.885,2024-03-30 13:12:32.885000+00:00
2024/03/30, 13:13:32.885,41.524,-70.672,0.11,25.37,329.15,0.01, NAN,4.9, NAN,1001.8, NAN,0.0, NAN,102.0, NAN,260, NAN,10.3, NAN,59.8, NAN,10.3, NAN,285.4, NAN,1003.9,508.28,267.19,1963.91,5.8571,5.9155,126.9,0.0,1437.803, NAN, NAN, NAN, NAN,,2024/03/30 13:13:32.885,2024-03-30 13:13:32.885000+00:00
2024/03/30, 13:14:32.886,41.524,-70.672,0.11,25.36,95.9,0.02, NAN,4.9, NAN,1001.8, NAN,0.0, NAN,102.0, NAN,259, NAN,11.3, NAN,57.4, NAN,11.3, NAN,284.4, NAN,1003.9,466.04,265.76,1831.45,5.8572,5.9156,126.6,0.0,1437.804, NAN, NAN, NAN, NAN,,2024/03/30 13:14:32.886,2024-03-30 13:14:32.886000+00:00
2024/03/30, 13:15:32.886,41.524,-70.672,0.11,25.37,268.77,0.0, NAN,4.9, NAN,1001.8, NAN,0.0, NAN,102.0, NAN,267, NAN,12.6, NAN,58.7, NAN,12.6, NAN,292.4, NAN,1003.9,504.33,265.53,1946.18,5.8572,5.9087,126.6,0.0,1437.774, NAN, NAN, NAN, NAN,,2024/03/30 13:15:32.886,2024-03-30 13:15:32.886000+00:00
2024/03/30, 13:16:32.886,41.524,-70.672,0.11,25.5,4.12,0.01, NAN,4.9, NAN,1001.8, NAN,0.0, NAN,102.0, NAN,266, NAN,12.5, NAN,57.6, NAN,12.5, NAN,291.5, NAN,1003.9,508.39,264.81,1949.42,5.8573,5.907,126.3,0.0,1437.767, NAN, NAN, NAN, NAN,,2024/03/30 13:16:32.886,2024-03-30 13:16:32.886000+00:00
2024/03/30, 13:17:32.886,41.524,-70.672,0.11,25.4,163.75,0.01, NAN,4.9, NAN,1001.8, NAN,0.0, NAN,102.0, NAN,262, NAN,12.2, NAN,57.8, NAN,12.2, NAN,287.4, NAN,1003.9,513.77,264.35,1953.46,5.8573,5.9011,126.3,0.0,1437.742, NAN, NAN, NAN, NAN,,2024/03/30 13:17:32.886,2024-03-30 13:17:32.886000+00:00
2024/03/30, 13:18:32.886,41.524,-70.672,0.11,25.41,282.14,0.01, NAN,4.9, NAN,1001.8, NAN,0.0, NAN,102.0, NAN,260, NAN,11.5, NAN,56.3, NAN,11.5, NAN,285.4, NAN,1003.9,523.62,265.34,1967.62,5.8574,5.8952,126.6,0.0,1437.716, NAN, NAN, NAN, NAN,,2024/03/30 13:18:32.886,2024-03-30 13:18:32.886000+00:00
2024/03/30, 13:19:32.886,41.524,-70.672,0.11,25.37,15.17,0.0, NAN,4.9, NAN,1001.8, NAN,0.0, NAN,102.0, NAN,261, NAN,10.4, NAN,57.1, NAN,10.4, NAN,286.4, NAN,1003.9,526.79,266.59,1967.9,5.8574,5.8973,126.0,0.0,1437.725, NAN, NAN, NAN, NAN,,2024/03/30 13:19:32.886,2024-03-30 13:19:32.886000+00:00
2024/03/30, 13:20:32.886,41.524,-70.672,0.11,25.37,277.33,0.01, NAN,4.9, NAN,1002.0, NAN,0.0, NAN,102.0, NAN,269, NAN,10.3, NAN,57.6, NAN,10.3, NAN,294.3, NAN,1004.1,357.14,264.61,1698.84,5.8574,5.8995,126.3,0.0,1437.735, NAN, NAN, NAN, NAN,,2024/03/30 13:20:32.886,2024-03-30 13:20:32.886000+00:00
2024/03/30, 13:21:32.886,41.524,-70.672,0.03,25.43,11.94,0.0, NAN,4.9, NAN,1001.8, NAN,0.0, NAN,102.0, NAN,257, NAN,11.3, NAN,57.2, NAN,11.3, NAN,282.4, NAN,1003.9,530.53,267.56,1971.09,5.8574,5.9017,126.3,0.0,1437.744, NAN, NAN, NAN, NAN,,2024/03/30 13:21:32.886,2024-03-30 13:21:32.886000+00:00
2024/03/30, 13:22:32.886,41.524,-70.672,0.03,25.46,132.1,0.03, NAN,4.9, NAN,1002.0, NAN,0.0, NAN,102.0, NAN,259, NAN,13.3, NAN,57.1, NAN,13.3, NAN,284.5, NAN,1004.1,539.34,267.01,1993.54,5.8575,5.9078,126.6,0.0,1437.771, NAN, NAN, NAN, NAN,,2024/03/30 13:22:32.886,2024-03-30 13:22:32.886000+00:00
2024/03/30, 13:23:32.886,41.524,-70.672,0.07,25.35,357.16,0.02, NAN,4.9, NAN,1001.8, NAN,0.0, NAN,102.0, NAN,258, NAN,12.3, NAN,56.0, NAN,12.3, NAN,283.4, NAN,1003.9,533.94,264.99,1977.98,5.8575,5.9109,126.6,0.0,1437.784, NAN, NAN, NAN, NAN,,2024/03/30 13:23:32.886,2024-03-30 13:23:32.886000+00:00
2024/03/30, 13:24:32.886,41.524,-70.672,-0.03,25.4,287.55,0.01, NAN,4.9, NAN,1001.9, NAN,0.0, NAN,102.0, NAN,254, NAN,14.4, NAN,56.7, NAN,14.4, NAN,279.4, NAN,1004.0,531.91,264.15,1963.2,5.8574,5.9019,126.3,0.0,1437.745, NAN, NAN, NAN, NAN,,2024/03/30 13:24:32.886,2024-03-30 13:24:32.886000+00:00
2024/03/30, 13:25:32.886,41.524,-70.672,0.01,25.37,200.78,0.01, NAN,4.9, NAN,1002.0, NAN,0.0, NAN,102.0, NAN,262, NAN,11.2, NAN,55.6, NAN,11.2, NAN,287.3, NAN,1004.1,533.66,264.95,1968.73,5.8572,5.8937,126.0,0.0,1437.709, NAN, NAN, NAN, NAN,,2024/03/30 13:25:32.886,2024-03-30 13:25:32.886000+00:00
2024/03/30, 13:26:32.886,41.524,-70.672,0.01,25.32,20.6,0.0, NAN,4.9, NAN,1002.0, NAN,0.0, NAN,102.0, NAN,259, NAN,10.2, NAN,57.2, NAN,10.2, NAN,284.3, NAN,1004.1,537.63,265.31,1972.24,5.8574,5.8899,126.3,0.0,1437.693, NAN, NAN, NAN, NAN,,2024/03/30 13:26:32.886,2024-03-30 13:26:32.886000+00:00
2024/03/30, 13:27:32.886,41.524,-70.672,0.01,25.35,354.57,0.01, NAN,4.9, NAN,1002.0, NAN,0.0, NAN,102.0, NAN,267, NAN,11.2, NAN,58.8, NAN,11.2, NAN,292.3, NAN,1004.1,540.53,265.54,1973.91,5.8573,5.8966,125.7,0.0,1437.722, NAN, NAN, NAN, NAN,,2024/03/30 13:27:32.886,2024-03-30 13:27:32.886000+00:00
2024/03/30, 13:28:32.886,41.524,-70.672,0.01,25.34,237.98,0.02, NAN,4.9, NAN,1002.0, NAN,0.0, NAN,102.0, NAN,262, NAN,12.8, NAN,57.6, NAN,12.8, NAN,287.4, NAN,1004.1,545.27,265.18,1983.01,5.8573,5.8983,126.3,0.0,1437.729, NAN, NAN, NAN, NAN,,2024/03/30 13:28:32.886,2024-03-30 13:28:32.886000+00:00
2024/03/30, 13:29:32.886,41.524,-70.672,0.01,25.46,181.86,0.01, NAN,4.9, NAN,1002.0, NAN,0.0, NAN,102.0, NAN,265, NAN,12.7, NAN,57.2, NAN,12.7, NAN,290.5, NAN,1004.1,551.48,265.38,1992.47,5.8573,5.8993,126.6,0.0,1437.734, NAN, NAN, NAN, NAN,,2024/03/30 13:29:32.886,2024-03-30 13:29:32.886000+00:00
2024/03/30, 13:30:32.887,41.524,-70.672,0.01,25.45,305.0,0.01, NAN,4.9, NAN,1001.9, NAN,0.0, NAN,102.0, NAN,257, NAN,14.4, NAN,56.3, NAN,14.4, NAN,282.4, NAN,1004.0,558.93,265.83,2009.37,5.8571,5.9002,126.3,0.0,1437.737, NAN, NAN, NAN, NAN,,2024/03/30 13:30:32.887,2024-03-30 13:30:32.887000+00:00
2024/03/30, 13:31:32.887,41.524,-70.672,0.01,25.44,334.54,0.01, NAN,4.9, NAN,1002.1, NAN,0.0, NAN,102.0, NAN,261, NAN,12.4, NAN,55.0, NAN,12.4, NAN,286.4, NAN,1004.2,565.43,266.12,2020.51,5.857,5.8892,126.3,0.0,1437.69, NAN, NAN, NAN, NAN,,2024/03/30 13:31:32.887,2024-03-30 13:31:32.887000+00:00
2024/03/30, 13:32:32.887,41.524,-70.672,0.01,25.49,212.12,0.01, NAN,4.9, NAN,1002.2, NAN,0.0, NAN,102.0, NAN,267, NAN,10.9, NAN,55.7, NAN,10.9, NAN,292.5, NAN,1004.3,564.18,266.35,2022.97,5.8568,5.8893,126.0,0.0,1437.69, NAN, NAN, NAN, NAN,,2024/03/30 13:32:32.887,2024-03-30 13:32:32.887000+00:00
2024/03/30, 13:33:32.887,41.524,-70.672,0.01,25.46,326.9,0.02, NAN,4.9, NAN,1002.2, NAN,0.0, NAN,102.0, NAN,272, NAN,13.9, NAN,54.7, NAN,13.9, NAN,297.4, NAN,1004.3,567.75,265.93,2018.97,5.8565,5.8947,126.3,0.0,1437.713, NAN, NAN, NAN, NAN,,2024/03/30 13:33:32.887,2024-03-30 13:33:32.887000+00:00
2024/03/30, 13:34:32.887,41.524,-70.672,0.01,25.4,104.42,0.0, NAN,4.9, NAN,1002.2, NAN,0.0, NAN,102.0, NAN,268, NAN,12.2, NAN,53.7, NAN,12.2, NAN,293.4, NAN,1004.3,566.68,266.35,2015.82,5.8564,5.8998,126.3,0.0,1437.735, NAN, NAN, NAN, NAN,,2024/03/30 13:34:32.887,2024-03-30 13:34:32.887000+00:00
2024/03/30, 13:35:32.887,41.524,-70.672,0.01,25.42,240.51,0.01, NAN,4.9, NAN,1002.2, NAN,0.0, NAN,102.0, NAN,270, NAN,10.5, NAN,55.6, NAN,10.5, NAN,295.4, NAN,1004.3,569.19,266.37,2023.28,5.8561,5.9025,126.3,0.0,1437.746, NAN, NAN, NAN, NAN,,2024/03/30 13:35:32.887,2024-03-30 13:35:32.887000+00:00
2024/03/30, 13:36:32.887,41.524,-70.672,0.12,25.43,296.36,0.02, NAN,5.0, NAN,1002.2, NAN,0.0, NAN,102.0, NAN,262, NAN,10.1, NAN,55.5, NAN,10.1, NAN,287.4, NAN,1004.3,572.01,266.86,2027.01,5.8559,5.9175,126.3,0.0,1437.811, NAN, NAN, NAN, NAN,,2024/03/30 13:36:32.887,2024-03-30 13:36:32.887000+00:00
2024/03/30, 13:37:32.887,41.524,-70.672,0.08,25.45,307.42,0.0, NAN,5.0, NAN,1002.1, NAN,0.0, NAN,102.0, NAN,265, NAN,11.0, NAN,56.4, NAN,11.0, NAN,290.4, NAN,1004.2,568.87,265.96,2007.78,5.8557,5.9115,126.0,0.0,1437.784, NAN, NAN, NAN, NAN,,2024/03/30 13:37:32.887,2024-03-30 13:37:32.887000+00:00
2024/03/30, 13:38:32.887,41.524,-70.672,-0.07,25.49,293.86,0.05, NAN,5.0, NAN,1002.2, NAN,0.0, NAN,102.0, NAN,273, NAN,12.0, NAN,55.8, NAN,12.0, NAN,298.5, NAN,1004.3,570.62,265.48,2001.91,5.8554,5.8966,124.4,0.0,1437.72, NAN, NAN, NAN, NAN,,2024/03/30 13:38:32.887,2024-03-30 13:38:32.887000+00:00
2024/03/30, 13:39:32.887,41.524,-70.672,-0.07,25.41,225.14,0.01, NAN,5.0, NAN,1002.2, NAN,0.0, NAN,102.0, NAN,262, NAN,10.6, NAN,55.3, NAN,10.6, NAN,287.4, NAN,1004.3,578.83,265.81,2018.72,5.8551,5.8891,126.3,0.0,1437.687, NAN, NAN, NAN, NAN,,2024/03/30 13:39:32.887,2024-03-30 13:39:32.887000+00:00
2024/03/30, 13:40:32.887,41.524,-70.672,-0.07,25.48,296.29,0.01, NAN,5.0, NAN,1002.2, NAN,0.0, NAN,102.0, NAN,272, NAN,13.7, NAN,55.5, NAN,13.7, NAN,297.5, NAN,1004.3,583.49,265.41,2025.68,5.8549,5.8888,126.0,0.0,1437.685, NAN, NAN, NAN, NAN,,2024/03/30 13:40:32.887,2024-03-30 13:40:32.887000+00:00
2024/03/30, 13:41:32.887,41.524,-70.672,-0.07,25.38,96.52,0.02, NAN,5.0, NAN,1002.2, NAN,0.0, NAN,102.0, NAN,269, NAN,14.7, NAN,53.7, NAN,14.7, NAN,294.4, NAN,1004.3,584.24,264.92,2020.95,5.8547,5.8994,126.6,0.0,1437.731, NAN, NAN, NAN, NAN,,2024/03/30 13:41:32.887,2024-03-30 13:41:32.887000+00:00
2024/03/30, 13:42:32.887,41.524,-70.672,-0.07,25.36,163.44,0.02, NAN,5.0, NAN,1002.2, NAN,0.0, NAN,102.0, NAN,267, NAN,13.2, NAN,53.9, NAN,13.2, NAN,292.4, NAN,1004.3,585.26,265.01,2020.55,5.8543,5.924,125.1,0.0,1437.837, NAN, NAN, NAN, NAN,,2024/03/30 13:42:32.887,2024-03-30 13:42:32.887000+00:00
2024/03/30, 13:43:32.887,41.524,-70.672,-0.07,25.4,224.91,0.01, NAN,5.0, NAN,1002.3, NAN,0.0, NAN,102.0, NAN,268, NAN,11.5, NAN,54.2, NAN,11.5, NAN,293.4, NAN,1004.4,586.48,265.3,2018.22,5.8542,5.9597,125.1,0.0,1437.99, NAN, NAN, NAN, NAN,,2024/03/30 13:43:32.887,2024-03-30 13:43:32.887000+00:00
2024/03/30, 13:44:32.887,41.524,-70.672,-0.07,25.34,88.75,0.01, NAN,5.0, NAN,1002.2, NAN,0.0, NAN,102.0, NAN,275, NAN,12.6, NAN,55.6, NAN,12.6, NAN,300.3, NAN,1004.3,588.62,265.62,2020.62,5.8539,5.9841,125.4,0.0,1438.095, NAN, NAN, NAN, NAN,,2024/03/30 13:44:32.887,2024-03-30 13:44:32.887000+00:00
2024/03/30, 13:45:32.887,41.524,-70.672,-0.07,25.39,343.18,0.0, NAN,5.0, NAN,1002.3, NAN,0.0, NAN,102.0, NAN,271, NAN,13.9, NAN,54.7, NAN,13.9, NAN,296.4, NAN,1004.4,591.67,265.53,2023.01,5.8537,6.0037,125.7,0.0,1438.179, NAN, NAN, NAN, NAN,,2024/03/30 13:45:32.887,2024-03-30 13:45:32.887000+00:00
2024/03/30, 13:46:32.888,41.524,-70.672,-0.07,25.34,132.25,0.02, NAN,5.0, NAN,1002.3, NAN,0.0, NAN,102.0, NAN,263, NAN,9.9, NAN,54.9, NAN,9.9, NAN,288.4, NAN,1004.4,595.5,266.48,2027.05,5.8535,6.0114,125.1,0.0,1438.212, NAN, NAN, NAN, NAN,,2024/03/30 13:46:32.888,2024-03-30 13:46:32.888000+00:00
2024/03/30, 13:47:32.888,41.524,-70.672,-0.07,25.05,27.89,0.02, NAN,5.1, NAN,1002.3, NAN,0.0, NAN,102.0, NAN,276, NAN,12.3, NAN,56.0, NAN,12.3, NAN,301.0, NAN,1004.4,612.57,266.09,2035.79,5.8534,6.0273,125.7,0.0,1438.281, NAN, NAN, NAN, NAN,,2024/03/30 13:47:32.888,2024-03-30 13:47:32.888000+00:00
2024/03/30, 13:48:32.888,41.524,-70.672,-0.07,24.92,162.7,0.0, NAN,5.1, NAN,1002.4, NAN,0.0, NAN,102.0, NAN,268, NAN,10.5, NAN,54.1, NAN,10.5, NAN,292.9, NAN,1004.5,615.11,266.11,2034.06,5.8532,6.0483,125.1,0.0,1438.371, NAN, NAN, NAN, NAN,,2024/03/30 13:48:32.888,2024-03-30 13:48:32.888000+00:00
2024/03/30, 13:49:32.888,41.524,-70.672,0.0,24.86,286.32,0.02, NAN,5.1, NAN,1002.2, NAN,0.0, NAN,102.0, NAN,271, NAN,11.4, NAN,55.8, NAN,11.4, NAN,295.9, NAN,1004.3,618.29,265.74,2028.87,5.8531,6.0592,125.4,0.0,1438.418, NAN, NAN, NAN, NAN,,2024/03/30 13:49:32.888,2024-03-30 13:49:32.888000+00:00
2024/03/30, 13:50:32.888,41.524,-70.672,-0.04,24.92,12.95,0.01, NAN,5.1, NAN,1002.3, NAN,0.0, NAN,102.0, NAN,261, NAN,9.9, NAN,55.8, NAN,9.9, NAN,285.9, NAN,1004.4,616.45,266.08,2026.28,5.8529,6.0604,124.8,0.0,1438.423, NAN, NAN, NAN, NAN,,2024/03/30 13:50:32.888,2024-03-30 13:50:32.888000+00:00
2024/03/30, 13:51:32.888,41.524,-70.672,0.02,24.77,80.17,0.01, NAN,5.1, NAN,1002.3, NAN,0.0, NAN,102.0, NAN,273, NAN,11.6, NAN,57.0, NAN,11.6, NAN,297.8, NAN,1004.4,621.91,266.32,2032.31,5.8529,6.0381,125.4,0.0,1438.327, NAN, NAN, NAN, NAN,,2024/03/30 13:51:32.888,2024-03-30 13:51:32.888000+00:00
2024/03/30, 13:52:32.888,41.524,-70.672,-0.09,24.82,27.72,0.01, NAN,5.1, NAN,1002.3, NAN,0.0, NAN,102.0, NAN,269, NAN,12.4, NAN,57.5, NAN,12.4, NAN,293.8, NAN,1004.4,627.67,265.98,2039.35,5.8527,6.0269,124.4,0.0,1438.278, NAN, NAN, NAN, NAN,,2024/03/30 13:52:32.888,2024-03-30 13:52:32.888000+00:00
2024/03/30, 13:53:32.888,41.524,-70.672,-0.06,24.81,340.3,0.0, NAN,5.1, NAN,1002.2, NAN,0.0, NAN,102.0, NAN,274, NAN,12.2, NAN,55.2, NAN,12.2, NAN,298.8, NAN,1004.3,630.74,265.44,2042.78,5.8527,6.0299,125.1,0.0,1438.291, NAN, NAN, NAN, NAN,,2024/03/30 13:53:32.888,2024-03-30 13:53:32.888000+00:00
2024/03/30, 13:54:32.888,41.524,-70.672,-0.06,25.14,113.05,0.01, NAN,5.1, NAN,1002.3, NAN,0.0, NAN,102.0, NAN,272, NAN,10.2, NAN,52.2, NAN,10.2, NAN,297.1, NAN,1004.4,616.05,266.31,2039.41,5.8527,6.0316,125.7,0.0,1438.298, NAN, NAN, NAN, NAN,,2024/03/30 13:54:32.888,2024-03-30 13:54:32.888000+00:00
2024/03/30, 13:55:32.888,41.524,-70.672,-0.09,24.81,156.18,0.02, NAN,5.1, NAN,1002.3, NAN,0.0, NAN,102.0, NAN,257, NAN,10.0, NAN,54.3, NAN,10.0, NAN,281.9, NAN,1004.4,631.75,266.73,2043.39,5.8527,6.0208,125.4,0.0,1438.252, NAN, NAN, NAN, NAN,,2024/03/30 13:55:32.888,2024-03-30 13:55:32.888000+00:00
2024/03/30, 13:56:32.888,41.524,-70.672,-0.09,24.96,218.68,0.02, NAN,5.1, NAN,1002.3, NAN,0.0, NAN,102.0, NAN,270, NAN,9.5, NAN,56.9, NAN,9.5, NAN,295.0, NAN,1004.4,630.36,267.15,2043.79,5.8527,6.0106,126.0,0.0,1438.208, NAN, NAN, NAN, NAN,,2024/03/30 13:56:32.888,2024-03-30 13:56:32.888000+00:00
2024/03/30, 13:57:32.888,41.524,-70.672,-0.09,24.89,333.64,0.01, NAN,5.2, NAN,1002.4, NAN,0.0, NAN,102.0, NAN,276, NAN,10.7, NAN,56.9, NAN,10.7, NAN,300.9, NAN,1004.5,634.87,267.28,2046.79,5.8527,6.0113,125.1,0.0,1438.211, NAN, NAN, NAN, NAN,,2024/03/30 13:57:32.888,2024-03-30 13:57:32.888000+00:00
2024/03/30, 13:58:32.888,41.524,-70.672,-0.09,24.76,358.4,0.02, NAN,5.2, NAN,1002.3, NAN,0.0, NAN,102.0, NAN,279, NAN,10.3, NAN,54.4, NAN,10.3, NAN,303.7, NAN,1004.4,642.56,267.26,2047.59,5.8528,6.0139,125.4,0.0,1438.222, NAN, NAN, NAN, NAN,,2024/03/30 13:58:32.888,2024-03-30 13:58:32.888000+00:00
2024/03/30, 13:59:32.888,41.524,-70.672,-0.09,24.71,35.74,0.0, NAN,5.2, NAN,1002.4, NAN,0.0, NAN,102.0, NAN,276, NAN,10.0, NAN,55.8, NAN,10.0, NAN,300.7, NAN,1004.5,643.07,266.98,2047.12,5.8529,6.0218,125.1,0.0,1438.256, NAN, NAN, NAN, NAN,,2024/03/30 13:59:32.888,2024-03-30 13:59:32.888000+00:00
2024/03/30, 14:00:32.888,41.524,-70.672,-0.09,24.74,27.2,0.01, NAN,5.2, NAN,1002.4, NAN,0.0, NAN,102.0, NAN,270, NAN,10.9, NAN,55.9, NAN,10.9, NAN,294.7, NAN,1004.5,644.67,266.98,2048.34,5.853,6.0267,125.4,0.0,1438.278, NAN, NAN, NAN, NAN,,2024/03/30 14:00:32.888,2024-03-30 14:00:32.888000+00:00
2024/03/30, 14:01:32.888,41.524,-70.672,-0.2,24.58,233.2,0.0, NAN,5.2, NAN,1002.4, NAN,0.0, NAN,102.0, NAN,271, NAN,10.5, NAN,56.0, NAN,10.5, NAN,295.6, NAN,1004.5,649.56,265.92,2050.85,5.8529,6.0134,125.4,0.0,1438.22, NAN, NAN, NAN, NAN,,2024/03/30 14:01:32.888,2024-03-30 14:01:32.888000+00:00
2024/03/30, 14:02:32.888,41.524,-70.672,-0.12,24.63,231.06,0.01, NAN,5.2, NAN,1002.4, NAN,0.0, NAN,102.0, NAN,264, NAN,10.2, NAN,55.4, NAN,10.2, NAN,288.6, NAN,1004.5,652.58,265.92,2049.44,5.8531,5.9874,124.4,0.0,1438.108, NAN, NAN, NAN, NAN,,2024/03/30 14:02:32.888,2024-03-30 14:02:32.888000+00:00
2024/03/30, 14:03:32.889,41.524,-70.672,-0.23,24.62,329.33,0.01, NAN,5.2, NAN,1002.4, NAN,0.0, NAN,102.0, NAN,257, NAN,9.8, NAN,54.7, NAN,9.8, NAN,281.6, NAN,1004.5,652.55,266.07,2051.43,5.8533,5.9686,125.7,0.0,1438.028, NAN, NAN, NAN, NAN,,2024/03/30 14:03:32.889,2024-03-30 14:03:32.889000+00:00
2024/03/30, 14:04:32.889,41.524,-70.672,-0.22,24.63,88.64,0.01, NAN,5.2, NAN,1002.4, NAN,0.0, NAN,102.0, NAN,255, NAN,9.8, NAN,54.8, NAN,9.8, NAN,279.7, NAN,1004.5,653.34,266.25,2050.41,5.8533,5.9402,125.7,0.0,1437.905, NAN, NAN, NAN, NAN,,2024/03/30 14:04:32.889,2024-03-30 14:04:32.889000+00:00
2024/03/30, 14:05:32.889,41.524,-70.672,-0.22,24.64,328.5,0.03, NAN,5.2, NAN,1002.5, NAN,0.0, NAN,102.0, NAN,267, NAN,9.4, NAN,56.7, NAN,9.4, NAN,291.6, NAN,1004.6,657.38,266.74,2053.72,5.8535,5.9202,125.7,0.0,1437.819, NAN, NAN, NAN, NAN,,2024/03/30 14:05:32.889,2024-03-30 14:05:32.889000+00:00
2024/03/30, 14:06:32.889,41.524,-70.672,-0.22,24.59,68.2,0.01, NAN,5.2, NAN,1002.5, NAN,0.0, NAN,102.0, NAN,257, NAN,10.1, NAN,55.3, NAN,10.1, NAN,281.6, NAN,1004.6,659.18,266.54,2056.64,5.8535,5.9085,125.4,0.0,1437.769, NAN, NAN, NAN, NAN,,2024/03/30 14:06:32.889,2024-03-30 14:06:32.889000+00:00
2024/03/30, 14:07:32.889,41.524,-70.672,-0.22,24.59,24.11,0.01, NAN,5.3, NAN,1002.5, NAN,0.0, NAN,102.0, NAN,263, NAN,10.1, NAN,56.9, NAN,10.1, NAN,287.6, NAN,1004.6,661.62,266.47,2057.82,5.8536,5.8988,126.3,0.0,1437.727, NAN, NAN, NAN, NAN,,2024/03/30 14:07:32.889,2024-03-30 14:07:32.889000+00:00
2024/03/30, 14:08:32.889,41.524,-70.672,-0.15,24.44,244.51,0.0, NAN,5.3, NAN,1002.5, NAN,0.0, NAN,102.0, NAN,256, NAN,9.3, NAN,55.7, NAN,9.3, NAN,280.4, NAN,1004.6,668.48,266.56,2060.58,5.8537,5.8979,125.7,0.0,1437.723, NAN, NAN, NAN, NAN,,2024/03/30 14:08:32.889,2024-03-30 14:08:32.889000+00:00
2024/03/30, 14:09:32.889,41.524,-70.672,-0.15,24.38,8.2,0.01, NAN,5.3, NAN,1002.5, NAN,0.0, NAN,102.0, NAN,258, NAN,9.6, NAN,57.5, NAN,9.6, NAN,282.4, NAN,1004.6,669.53,266.33,2057.96,5.8538,5.8967,126.0,0.0,1437.718, NAN, NAN, NAN, NAN,,2024/03/30 14:09:32.889,2024-03-30 14:09:32.889000+00:00
2024/03/30, 14:10:32.889,41.524,-70.672,-0.33,24.35,276.61,0.0, NAN,5.3, NAN,1002.6, NAN,0.0, NAN,102.0, NAN,254, NAN,10.5, NAN,55.0, NAN,10.5, NAN,278.4, NAN,1004.7,673.27,265.79,2057.16,5.8539,5.8853,126.0,0.0,1437.669, NAN, NAN, NAN, NAN,,2024/03/30 14:10:32.889,2024-03-30 14:10:32.889000+00:00
2024/03/30, 14:11:32.889,41.524,-70.672,-0.15,24.35,291.7,0.01, NAN,5.3, NAN,1002.6, NAN,0.0, NAN,102.0, NAN,252, NAN,13.5, NAN,53.8, NAN,13.5, NAN,276.4, NAN,1004.7,677.87,265.61,2058.64,5.8539,5.8704,126.0,0.0,1437.605, NAN, NAN, NAN, NAN,,2024/03/30 14:11:32.889,2024-03-30 14:11:32.889000+00:00
2024/03/30, 14:12:32.889,41.524,-70.672,-0.05,24.72,278.01,0.02, NAN,5.3, NAN,1002.6, NAN,0.0, NAN,102.0, NAN,257, NAN,11.3, NAN,55.1, NAN,11.3, NAN,281.7, NAN,1004.7,668.29,266.16,2060.67,5.854,5.8631,126.0,0.0,1437.573, NAN, NAN, NAN, NAN,,2024/03/30 14:12:32.889,2024-03-30 14:12:32.889000+00:00
2024/03/30, 14:13:32.889,41.524,-70.672,-0.05,24.97,331.35,0.01, NAN,5.3, NAN,1002.5, NAN,0.0, NAN,102.0, NAN,261, NAN,12.8, NAN,55.4, NAN,12.8, NAN,285.9, NAN,1004.6,660.82,266.2,2058.94,5.854,5.8488,126.3,0.0,1437.511, NAN, NAN, NAN, NAN,,2024/03/30 14:13:32.889,2024-03-30 14:13:32.889000+00:00
2024/03/30, 14:14:32.889,41.524,-70.672,-0.05,24.99,306.19,0.0, NAN,5.3, NAN,1002.5, NAN,0.0, NAN,102.0, NAN,259, NAN,10.4, NAN,56.4, NAN,10.4, NAN,284.0, NAN,1004.6,662.52,266.08,2059.75,5.8539,5.848,126.3,0.0,1437.508, NAN, NAN, NAN, NAN,,2024/03/30 14:14:32.889,2024-03-30 14:14:32.889000+00:00
2024/03/30, 14:15:32.889,41.524,-70.672,-0.05,24.81,100.94,0.02, NAN,5.3, NAN,1002.4, NAN,0.0, NAN,102.0, NAN,263, NAN,11.3, NAN,55.9, NAN,11.3, NAN,287.8, NAN,1004.5,671.46,265.88,2063.63,5.8539,5.8562,126.3,0.0,1437.543, NAN, NAN, NAN, NAN,,2024/03/30 14:15:32.889,2024-03-30 14:15:32.889000+00:00
2024/03/30, 14:16:32.889,41.524,-70.672,-0.05,24.77,93.17,0.01, NAN,5.3, NAN,1002.4, NAN,0.0, NAN,102.0, NAN,270, NAN,12.2, NAN,53.4, NAN,12.2, NAN,294.8, NAN,1004.5,672.71,265.94,2063.97,5.854,5.8672,126.6,0.0,1437.591, NAN, NAN, NAN, NAN,,2024/03/30 14:16:32.889,2024-03-30 14:16:32.889000+00:00
2024/03/30, 14:17:32.889,41.524,-70.672,-0.05,24.99,64.4,0.0, NAN,5.3, NAN,1002.4, NAN,0.0, NAN,102.0, NAN,253, NAN,10.1, NAN,53.9, NAN,10.1, NAN,278.0, NAN,1004.5,664.51,266.15,2062.33,5.8539,5.8741,126.6,0.0,1437.621, NAN, NAN, NAN, NAN,,2024/03/30 14:17:32.889,2024-03-30 14:17:32.889000+00:00
2024/03/30, 14:18:32.889,41.524,-70.672,-0.05,24.96,299.58,0.01, NAN,5.3, NAN,1002.4, NAN,0.0, NAN,102.0, NAN,250, NAN,13.7, NAN,56.1, NAN,13.7, NAN,274.9, NAN,1004.5,662.94,265.69,2062.68,5.8539,5.8836,126.6,0.0,1437.662, NAN, NAN, NAN, NAN,,2024/03/30 14:18:32.889,2024-03-30 14:18:32.889000+00:00
2024/03/30, 14:19:32.890,41.524,-70.672,-0.05,24.67,120.56,0.01, NAN,5.3, NAN,1002.4, NAN,0.0, NAN,102.0, NAN,273, NAN,12.2, NAN,55.6, NAN,12.2, NAN,297.7, NAN,1004.5,683.97,266.38,2067.9,5.8539,5.8933,126.6,0.0,1437.704, NAN, NAN, NAN, NAN,,2024/03/30 14:19:32.890,2024-03-30 14:19:32.890000+00:00
2024/03/30, 14:20:32.890,41.524,-70.672,-0.05,24.61,193.15,0.02, NAN,5.3, NAN,1002.4, NAN,0.0, NAN,102.0, NAN,265, NAN,11.2, NAN,54.3, NAN,11.2, NAN,289.6, NAN,1004.5,689.64,266.19,2068.89,5.8539,5.8895,126.6,0.0,1437.687, NAN, NAN, NAN, NAN,,2024/03/30 14:20:32.890,2024-03-30 14:20:32.890000+00:00
2024/03/30, 14:21:32.890,41.524,-70.672,-0.05,24.67,24.08,0.01, NAN,5.4, NAN,1002.4, NAN,0.0, NAN,102.0, NAN,251, NAN,11.8, NAN,55.7, NAN,11.8, NAN,275.6, NAN,1004.5,692.97,265.8,2072.2,5.8539,5.8883,126.6,0.0,1437.682, NAN, NAN, NAN, NAN,,2024/03/30 14:21:32.890,2024-03-30 14:21:32.890000+00:00
2024/03/30, 14:22:32.890,41.524,-70.672,-0.05,24.63,328.23,0.0, NAN,5.4, NAN,1002.4, NAN,0.0, NAN,102.0, NAN,246, NAN,14.3, NAN,55.0, NAN,14.3, NAN,270.6, NAN,1004.5,696.25,266.08,2073.21,5.8539,5.8891,126.6,0.0,1437.685, NAN, NAN, NAN, NAN,,2024/03/30 14:22:32.890,2024-03-30 14:22:32.890000+00:00
2024/03/30, 14:23:32.890,41.524,-70.672,-0.05,24.67,107.92,0.01, NAN,5.4, NAN,1002.5, NAN,0.0, NAN,102.0, NAN,263, NAN,11.3, NAN,54.5, NAN,11.3, NAN,287.7, NAN,1004.6,698.51,266.69,2077.07,5.8539,5.9001,126.6,0.0,1437.733, NAN, NAN, NAN, NAN,,2024/03/30 14:23:32.890,2024-03-30 14:23:32.890000+00:00
2024/03/30, 14:24:32.890,41.524,-70.672,-0.15,24.67,320.93,0.01, NAN,5.4, NAN,1002.5, NAN,0.0, NAN,102.0, NAN,257, NAN,10.4, NAN,54.4, NAN,10.4, NAN,281.7, NAN,1004.6,703.54,266.9,2075.14,5.8539,5.9197,126.6,0.0,1437.818, NAN, NAN, NAN, NAN,,2024/03/30 14:24:32.890,2024-03-30 14:24:32.890000+00:00
2024/03/30, 14:25:32.890,41.524,-70.672,-0.15,24.88,25.29,0.02, NAN,5.4, NAN,1002.6, NAN,0.0, NAN,102.0, NAN,252, NAN,12.0, NAN,55.3, NAN,12.0, NAN,276.9, NAN,1004.7,694.43,266.88,2075.27,5.8538,5.9258,126.3,0.0,1437.844, NAN, NAN, NAN, NAN,,2024/03/30 14:25:32.890,2024-03-30 14:25:32.890000+00:00
2024/03/30, 14:26:32.890,41.524,-70.672,-0.15,24.98,130.98,0.0, NAN,5.4, NAN,1002.6, NAN,0.0, NAN,102.0, NAN,265, NAN,10.1, NAN,55.7, NAN,10.1, NAN,290.0, NAN,1004.7,693.84,267.05,2075.93,5.8537,5.9292,126.3,0.0,1437.858, NAN, NAN, NAN, NAN,,2024/03/30 14:26:32.890,2024-03-30 14:26:32.890000+00:00
2024/03/30, 14:27:32.890,41.524,-70.672,-0.15,24.94,345.37,0.0, NAN,5.4, NAN,1002.6, NAN,0.0, NAN,102.0, NAN,270, NAN,9.4, NAN,56.6, NAN,9.4, NAN,294.9, NAN,1004.7,698.41,267.53,2077.13,5.8536,5.9086,126.6,0.0,1437.769, NAN, NAN, NAN, NAN,,2024/03/30 14:27:32.890,2024-03-30 14:27:32.890000+00:00
2024/03/30, 14:28:32.890,41.524,-70.672,-0.15,24.6,350.55,0.01, NAN,5.5, NAN,1002.6, NAN,0.0, NAN,102.0, NAN,270, NAN,11.3, NAN,57.6, NAN,11.3, NAN,294.6, NAN,1004.7,711.84,267.24,2078.16,5.8536,5.8872,126.3,0.0,1437.677, NAN, NAN, NAN, NAN,,2024/03/30 14:28:32.890,2024-03-30 14:28:32.890000+00:00
2024/03/30, 14:29:32.890,41.524,-70.672,-0.15,24.71,276.0,0.01, NAN,5.5, NAN,1002.6, NAN,0.0, NAN,102.0, NAN,270, NAN,9.7, NAN,55.0, NAN,9.7, NAN,294.7, NAN,1004.7,713.64,267.35,2077.64,5.8536,5.863,126.3,0.0,1437.572, NAN, NAN, NAN, NAN,,2024/03/30 14:29:32.890,2024-03-30 14:29:32.890000+00:00
2024/03/30, 14:30:32.890,41.524,-70.672,-0.15,25.19,220.3,0.01, NAN,5.5, NAN,1002.6, NAN,0.0, NAN,102.0, NAN,260, NAN,9.1, NAN,55.8, NAN,9.1, NAN,285.2, NAN,1004.7,697.37,267.12,2078.67,5.8535,5.8545,126.3,0.0,1437.535, NAN, NAN, NAN, NAN,,2024/03/30 14:30:32.890,2024-03-30 14:30:32.890000+00:00
2024/03/30, 14:31:32.890,41.524,-70.672,0.04,25.12,142.24,0.02, NAN,5.5, NAN,1002.5, NAN,0.0, NAN,102.0, NAN,255, NAN,9.7, NAN,53.5, NAN,9.7, NAN,280.1, NAN,1004.6,703.36,266.95,2078.77,5.8534,5.8524,126.6,0.0,1437.526, NAN, NAN, NAN, NAN,,2024/03/30 14:31:32.890,2024-03-30 14:31:32.890000+00:00
2024/03/30, 14:32:32.890,41.524,-70.672,0.04,25.07,143.05,0.01, NAN,5.5, NAN,1002.5, NAN,0.0, NAN,102.0, NAN,256, NAN,11.2, NAN,55.3, NAN,11.2, NAN,281.1, NAN,1004.6,707.66,266.73,2080.12,5.8534,5.8543,126.9,0.0,1437.534, NAN, NAN, NAN, NAN,,2024/03/30 14:32:32.890,2024-03-30 14:32:32.890000+00:00
2024/03/30, 14:33:32.890,41.524,-70.672,0.15,25.17,256.93,0.01, NAN,5.5, NAN,1002.6, NAN,0.0, NAN,102.0, NAN,265, NAN,12.5, NAN,55.3, NAN,12.5, NAN,290.2, NAN,1004.7,710.24,266.58,2080.51,5.8532,5.8568,126.6,0.0,1437.545, NAN, NAN, NAN, NAN,,2024/03/30 14:33:32.890,2024-03-30 14:33:32.890000+00:00
2024/03/30, 14:34:32.890,41.524,-70.672,0.11,25.09,344.84,0.01, NAN,5.6, NAN,1002.6, NAN,0.0, NAN,102.0, NAN,265, NAN,10.5, NAN,56.5, NAN,10.5, NAN,290.1, NAN,1004.7,713.21,266.79,2082.9,5.8531,5.8512,126.6,0.0,1437.521, NAN, NAN, NAN, NAN,,2024/03/30 14:34:32.890,2024-03-30 14:34:32.890000+00:00
2024/03/30, 14:35:32.891,41.524,-70.672,0.32,24.76,0.06,0.01, NAN,5.6, NAN,1002.5, NAN,0.0, NAN,102.0, NAN,264, NAN,11.4, NAN,53.8, NAN,11.4, NAN,288.8, NAN,1004.6,729.92,266.34,2085.55,5.8531,5.8413,126.3,0.0,1437.478, NAN, NAN, NAN, NAN,,2024/03/30 14:35:32.891,2024-03-30 14:35:32.891000+00:00
2024/03/30, 14:36:32.891,41.524,-70.672,-0.02,24.74,24.46,0.01, NAN,5.5, NAN,1002.7, NAN,0.0, NAN,102.0, NAN,252, NAN,9.9, NAN,51.5, NAN,9.9, NAN,276.7, NAN,1004.8,732.12,266.59,2085.28,5.853,5.8315,126.9,0.0,1437.435, NAN, NAN, NAN, NAN,,2024/03/30 14:36:32.891,2024-03-30 14:36:32.891000+00:00
2024/03/30, 14:37:32.891,41.524,-70.672,0.16,25.18,112.34,0.04, NAN,5.5, NAN,1002.7, NAN,0.0, NAN,102.0, NAN,258, NAN,10.0, NAN,52.3, NAN,10.0, NAN,283.2, NAN,1004.8,715.47,266.81,2085.16,5.8529,5.8376,126.9,0.0,1437.462, NAN, NAN, NAN, NAN,,2024/03/30 14:37:32.891,2024-03-30 14:37:32.891000+00:00
2024/03/30, 14:38:32.891,41.524,-70.672,0.03,24.74,83.44,0.02, NAN,5.5, NAN,1002.7, NAN,0.0, NAN,102.0, NAN,269, NAN,7.6, NAN,52.8, NAN,7.6, NAN,293.7, NAN,1004.8,737.0,267.42,2087.63,5.8528,5.8673,126.6,0.0,1437.59, NAN, NAN, NAN, NAN,,2024/03/30 14:38:32.891,2024-03-30 14:38:32.891000+00:00
2024/03/30, 14:39:32.891,41.524,-70.672,-0.12,25.27,354.46,0.0, NAN,5.5, NAN,1002.7, NAN,0.0, NAN,102.0, NAN,254, NAN,9.4, NAN,54.0, NAN,9.4, NAN,279.3, NAN,1004.8,720.69,267.13,2087.45,5.8527,5.8895,126.6,0.0,1437.686, NAN, NAN, NAN, NAN,,2024/03/30 14:39:32.891,2024-03-30 14:39:32.891000+00:00
2024/03/30, 14:40:32.891,41.524,-70.672,-0.22,24.93,284.38,0.01, NAN,5.6, NAN,1002.6, NAN,0.0, NAN,102.0, NAN,256, NAN,9.3, NAN,54.4, NAN,9.3, NAN,280.9, NAN,1004.7,737.8,267.43,2088.95,5.8525,5.8827,126.3,0.0,1437.656, NAN, NAN, NAN, NAN,,2024/03/30 14:40:32.891,2024-03-30 14:40:32.891000+00:00
2024/03/30, 14:41:32.891,41.524,-70.672,0.04,24.88,148.41,0.01, NAN,5.6, NAN,1002.6, NAN,0.0, NAN,102.0, NAN,260, NAN,9.9, NAN,55.5, NAN,9.9, NAN,284.9, NAN,1004.7,741.06,267.37,2090.73,5.8524,5.8932,126.6,0.0,1437.701, NAN, NAN, NAN, NAN,,2024/03/30 14:41:32.891,2024-03-30 14:41:32.891000+00:00
2024/03/30, 14:42:32.891,41.524,-70.672,-0.42,24.92,353.1,0.01, NAN,5.6, NAN,1002.6, NAN,0.0, NAN,102.0, NAN,264, NAN,10.9, NAN,55.0, NAN,10.9, NAN,288.9, NAN,1004.7,743.65,267.2,2089.96,5.8523,5.8806,126.3,0.0,1437.647, NAN, NAN, NAN, NAN,,2024/03/30 14:42:32.891,2024-03-30 14:42:32.891000+00:00
2024/03/30, 14:43:32.891,41.524,-70.672,-0.24,24.9,33.31,0.01, NAN,5.6, NAN,1002.6, NAN,0.0, NAN,102.0, NAN,261, NAN,9.3, NAN,54.4, NAN,9.3, NAN,285.9, NAN,1004.7,745.87,267.92,2090.11,5.852,5.8709,126.9,0.0,1437.604, NAN, NAN, NAN, NAN,,2024/03/30 14:43:32.891,2024-03-30 14:43:32.891000+00:00
2024/03/30, 14:44:32.891,41.524,-70.672,-0.01,24.84,316.41,0.0, NAN,5.6, NAN,1002.6, NAN,0.0, NAN,102.0, NAN,262, NAN,10.2, NAN,55.5, NAN,10.2, NAN,286.8, NAN,1004.7,751.98,267.57,2091.95,5.852,5.868,126.3,0.0,1437.592, NAN, NAN, NAN, NAN,,2024/03/30 14:44:32.891,2024-03-30 14:44:32.891000+00:00
2024/03/30, 14:45:32.891,41.524,-70.672,-0.14,24.8,232.42,0.01, NAN,5.6, NAN,1002.6, NAN,0.0, NAN,102.0, NAN,263, NAN,10.1, NAN,52.2, NAN,10.1, NAN,287.8, NAN,1004.7,754.21,267.62,2092.56,5.8519,5.8519,126.9,0.0,1437.522, NAN, NAN, NAN, NAN,,2024/03/30 14:45:32.891,2024-03-30 14:45:32.891000+00:00
2024/03/30, 14:46:32.891,41.524,-70.672,-0.17,25.27,272.48,0.01, NAN,5.7, NAN,1002.6, NAN,0.0, NAN,102.0, NAN,258, NAN,9.9, NAN,53.1, NAN,9.9, NAN,283.3, NAN,1004.7,742.36,267.71,2093.32,5.8518,5.8448,127.2,0.0,1437.491, NAN, NAN, NAN, NAN,,2024/03/30 14:46:32.891,2024-03-30 14:46:32.891000+00:00
2024/03/30, 14:47:32.891,41.524,-70.672,-0.16,25.27,69.03,0.0, NAN,5.7, NAN,1002.6, NAN,0.0, NAN,102.0, NAN,259, NAN,13.2, NAN,54.5, NAN,13.2, NAN,284.3, NAN,1004.7,738.98,267.16,2094.55,5.8516,5.8488,126.9,0.0,1437.508, NAN, NAN, NAN, NAN,,2024/03/30 14:47:32.891,2024-03-30 14:47:32.891000+00:00
2024/03/30, 14:48:32.891,41.524,-70.672,0.11,25.33,339.93,0.01, NAN,5.7, NAN,1002.4, NAN,0.0, NAN,102.0, NAN,263, NAN,11.5, NAN,52.0, NAN,11.5, NAN,288.3, NAN,1004.5,743.0,267.06,2094.79,5.8515,5.8694,126.9,0.0,1437.597, NAN, NAN, NAN, NAN,,2024/03/30 14:48:32.891,2024-03-30 14:48:32.891000+00:00
2024/03/30, 14:49:32.891,41.524,-70.672,-0.39,25.22,318.28,0.02, NAN,5.7, NAN,1002.5, NAN,0.0, NAN,102.0, NAN,266, NAN,11.2, NAN,51.7, NAN,11.2, NAN,291.2, NAN,1004.6,746.09,267.39,2097.79,5.8513,5.8906,127.2,0.0,1437.689, NAN, NAN, NAN, NAN,,2024/03/30 14:49:32.891,2024-03-30 14:49:32.891000+00:00
2024/03/30, 14:50:32.891,41.524,-70.672,-0.24,25.05,213.83,0.01, NAN,5.7, NAN,1002.6, NAN,0.0, NAN,102.0, NAN,260, NAN,10.1, NAN,52.8, NAN,10.1, NAN,285.1, NAN,1004.7,759.29,267.7,2100.31,5.8512,5.9004,126.3,0.0,1437.731, NAN, NAN, NAN, NAN,,2024/03/30 14:50:32.891,2024-03-30 14:50:32.891000+00:00
2024/03/30, 14:51:32.891,41.524,-70.672,-0.28,24.91,140.41,0.01, NAN,5.7, NAN,1002.6, NAN,0.0, NAN,102.0, NAN,262, NAN,10.9, NAN,52.5, NAN,10.9, NAN,286.9, NAN,1004.7,768.93,267.6,2100.51,5.8513,5.911,126.9,0.0,1437.777, NAN, NAN, NAN, NAN,,2024/03/30 14:51:32.891,2024-03-30 14:51:32.891000+00:00
2024/03/30, 14:52:32.892,41.524,-70.672,-0.08,25.02,275.53,0.02, NAN,5.7, NAN,1002.6, NAN,0.0, NAN,102.0, NAN,262, NAN,12.7, NAN,50.9, NAN,12.7, NAN,287.0, NAN,1004.7,771.19,267.92,2099.66,5.8512,5.9241,126.9,0.0,1437.833, NAN, NAN, NAN, NAN,,2024/03/30 14:52:32.892,2024-03-30 14:52:32.892000+00:00
2024/03/30, 14:53:32.892,41.524,-70.672,-0.15,25.09,5.94,0.02, NAN,5.7, NAN,1002.6, NAN,0.0, NAN,102.0, NAN,255, NAN,9.4, NAN,51.1, NAN,9.4, NAN,280.0, NAN,1004.7,769.71,268.27,2099.23,5.8511,5.936,126.6,0.0,1437.884, NAN, NAN, NAN, NAN,,2024/03/30 14:53:32.892,2024-03-30 14:53:32.892000+00:00
2024/03/30, 14:54:32.892,41.524,-70.672,0.13,25.34,69.71,0.02, NAN,5.8, NAN,1002.7, NAN,0.0, NAN,102.0, NAN,252, NAN,12.3, NAN,52.2, NAN,12.3, NAN,277.3, NAN,1004.8,756.05,267.75,2095.49,5.8511,5.9424,126.9,0.0,1437.912, NAN, NAN, NAN, NAN,,2024/03/30 14:54:32.892,2024-03-30 14:54:32.892000+00:00
2024/03/30, 14:55:32.892,41.524,-70.672,-0.04,25.05,258.02,0.0, NAN,5.8, NAN,1002.8, NAN,0.0, NAN,102.0, NAN,258, NAN,10.8, NAN,52.6, NAN,10.8, NAN,283.1, NAN,1004.9,774.73,268.17,2098.74,5.851,5.947,127.2,0.0,1437.932, NAN, NAN, NAN, NAN,,2024/03/30 14:55:32.892,2024-03-30 14:55:32.892000+00:00
2024/03/30, 14:56:32.892,41.524,-70.672,0.1,25.03,298.84,0.02, NAN,5.8, NAN,1002.7, NAN,0.0, NAN,102.0, NAN,261, NAN,10.1, NAN,52.4, NAN,10.1, NAN,286.0, NAN,1004.8,777.14,268.3,2098.38,5.8509,5.9543,126.6,0.0,1437.963, NAN, NAN, NAN, NAN,,2024/03/30 14:56:32.892,2024-03-30 14:56:32.892000+00:00
2024/03/30, 14:57:32.892,41.524,-70.672,0.0,24.95,326.57,0.02, NAN,5.8, NAN,1002.7, NAN,0.0, NAN,102.0, NAN,262, NAN,10.6, NAN,52.2, NAN,10.6, NAN,286.9, NAN,1004.8,781.83,268.43,2100.59,5.8508,5.9657,126.9,0.0,1438.012, NAN, NAN, NAN, NAN,,2024/03/30 14:57:32.892,2024-03-30 14:57:32.892000+00:00
2024/03/30, 14:58:32.892,41.524,-70.672,0.0,24.93,333.26,0.01, NAN,5.8, NAN,1002.6, NAN,0.0, NAN,102.0, NAN,271, NAN,10.2, NAN,53.0, NAN,10.2, NAN,295.9, NAN,1004.7,783.94,268.56,2101.12,5.8507,5.9698,126.9,0.0,1438.03, NAN, NAN, NAN, NAN,,2024/03/30 14:58:32.892,2024-03-30 14:58:32.892000+00:00
2024/03/30, 14:59:32.892,41.524,-70.672,0.04,24.88,78.03,0.0, NAN,5.8, NAN,1002.7, NAN,0.0, NAN,102.0, NAN,261, NAN,9.3, NAN,52.3, NAN,9.3, NAN,285.9, NAN,1004.8,786.75,268.97,2104.63,5.8506,5.9674,126.6,0.0,1438.019, NAN, NAN, NAN, NAN,,2024/03/30 14:59:32.892,2024-03-30 14:59:32.892000+00:00
2024/03/30, 15:00:32.892,41.524,-70.672,-0.2,25.22,84.9,0.01, NAN,5.8, NAN,1002.7, NAN,0.0, NAN,102.0, NAN,252, NAN,8.8, NAN,54.6, NAN,8.8, NAN,277.2, NAN,1004.8,780.07,269.03,2102.5,5.8506,5.9538,126.6,0.0,1437.96, NAN, NAN, NAN, NAN,,2024/03/30 15:00:32.892,2024-03-30 15:00:32.892000+00:00
2024/03/30, 15:01:32.892,41.524,-70.672,-0.08,25.14,108.66,0.01, NAN,5.8, NAN,1002.7, NAN,0.0, NAN,102.0, NAN,273, NAN,9.1, NAN,54.6, NAN,9.1, NAN,298.2, NAN,1004.8,781.89,269.09,2105.55,5.8503,5.9616,126.9,0.0,1437.994, NAN, NAN, NAN, NAN,,2024/03/30 15:01:32.892,2024-03-30 15:01:32.892000+00:00
2024/03/30, 15:02:32.892,41.524,-70.672,0.0,24.98,30.76,0.01, NAN,5.8, NAN,1002.7, NAN,0.0, NAN,102.0, NAN,245, NAN,8.5, NAN,52.7, NAN,8.5, NAN,269.9, NAN,1004.8,791.74,269.15,2107.62,5.8502,5.9881,126.3,0.0,1438.108, NAN, NAN, NAN, NAN,,2024/03/30 15:02:32.892,2024-03-30 15:02:32.892000+00:00
2024/03/30, 15:03:32.892,41.524,-70.672,0.23,24.94,359.27,0.01, NAN,5.9, NAN,1002.8, NAN,0.0, NAN,102.0, NAN,250, NAN,11.1, NAN,53.3, NAN,11.1, NAN,274.9, NAN,1004.9,794.46,268.67,2109.29,5.8501,5.9954,127.2,0.0,1438.139, NAN, NAN, NAN, NAN,,2024/03/30 15:03:32.892,2024-03-30 15:03:32.892000+00:00
2024/03/30, 15:04:32.892,41.524,-70.672,0.06,24.89,121.95,0.0, NAN,5.9, NAN,1002.8, NAN,0.0, NAN,102.0, NAN,255, NAN,10.2, NAN,53.4, NAN,10.2, NAN,279.9, NAN,1004.9,797.5,268.76,2109.78,5.8498,5.9875,126.3,0.0,1438.105, NAN, NAN, NAN, NAN,,2024/03/30 15:04:32.892,2024-03-30 15:04:32.892000+00:00
2024/03/30, 15:05:32.892,41.524,-70.672,-0.02,24.88,146.62,0.01, NAN,5.9, NAN,1002.7, NAN,0.0, NAN,102.0, NAN,259, NAN,10.6, NAN,52.3, NAN,10.6, NAN,283.9, NAN,1004.8,800.75,268.89,2112.59,5.8498,5.9615,126.9,0.0,1437.993, NAN, NAN, NAN, NAN,,2024/03/30 15:05:32.892,2024-03-30 15:05:32.892000+00:00
2024/03/30, 15:06:32.892,41.524,-70.672,0.2,24.82,122.25,0.0, NAN,5.9, NAN,1002.7, NAN,0.0, NAN,102.0, NAN,251, NAN,10.1, NAN,52.2, NAN,10.1, NAN,275.8, NAN,1004.8,804.1,268.73,2114.83,5.8497,5.939,126.9,0.0,1437.895, NAN, NAN, NAN, NAN,,2024/03/30 15:06:32.892,2024-03-30 15:06:32.892000+00:00
2024/03/30, 15:07:32.892,41.524,-70.672,0.03,25.29,307.33,0.03, NAN,5.9, NAN,1002.7, NAN,0.0, NAN,102.0, NAN,251, NAN,10.1, NAN,54.6, NAN,10.1, NAN,276.3, NAN,1004.8,795.06,268.3,2113.75,5.8495,5.9182,126.9,0.0,1437.805, NAN, NAN, NAN, NAN,,2024/03/30 15:07:32.892,2024-03-30 15:07:32.892000+00:00
2024/03/30, 15:08:32.893,41.524,-70.672,-0.11,25.3,302.17,0.02, NAN,5.9, NAN,1002.7, NAN,0.0, NAN,102.0, NAN,253, NAN,10.6, NAN,53.6, NAN,10.6, NAN,278.3, NAN,1004.8,791.72,268.32,2114.12,5.8493,5.9128,126.9,0.0,1437.782, NAN, NAN, NAN, NAN,,2024/03/30 15:08:32.893,2024-03-30 15:08:32.893000+00:00
2024/03/30, 15:09:32.893,41.524,-70.672,0.01,24.95,84.15,0.01, NAN,5.9, NAN,1002.7, NAN,0.0, NAN,102.0, NAN,249, NAN,11.0, NAN,51.7, NAN,11.0, NAN,274.0, NAN,1004.8,806.2,268.28,2115.91,5.8491,5.9223,127.2,0.0,1437.823, NAN, NAN, NAN, NAN,,2024/03/30 15:09:32.893,2024-03-30 15:09:32.893000+00:00
2024/03/30, 15:10:32.893,41.524,-70.672,-0.11,24.96,175.75,0.0, NAN,5.9, NAN,1002.7, NAN,0.0, NAN,102.0, NAN,245, NAN,11.4, NAN,51.4, NAN,11.4, NAN,270.0, NAN,1004.8,809.0,268.6,2114.72,5.8491,5.9309,126.6,0.0,1437.86, NAN, NAN, NAN, NAN,,2024/03/30 15:10:32.893,2024-03-30 15:10:32.893000+00:00
2024/03/30, 15:11:32.893,41.524,-70.672,-0.06,25.01,298.02,0.01, NAN,5.9, NAN,1002.7, NAN,0.0, NAN,102.0, NAN,254, NAN,10.3, NAN,49.5, NAN,10.3, NAN,279.0, NAN,1004.8,810.92,268.87,2115.44,5.849,5.9383,126.6,0.0,1437.892, NAN, NAN, NAN, NAN,,2024/03/30 15:11:32.893,2024-03-30 15:11:32.893000+00:00
2024/03/30, 15:12:32.893,41.524,-70.672,0.18,25.06,299.08,0.01, NAN,5.9, NAN,1002.7, NAN,0.0, NAN,102.0, NAN,252, NAN,10.7, NAN,50.8, NAN,10.7, NAN,277.1, NAN,1004.8,808.62,268.57,2115.71,5.8488,5.944,126.6,0.0,1437.916, NAN, NAN, NAN, NAN,,2024/03/30 15:12:32.893,2024-03-30 15:12:32.893000+00:00
2024/03/30, 15:13:32.893,41.524,-70.672,-0.05,25.15,311.84,0.02, NAN,6.0, NAN,1002.6, NAN,0.0, NAN,102.0, NAN,258, NAN,10.8, NAN,53.1, NAN,10.8, NAN,283.1, NAN,1004.7,808.61,268.4,2117.14,5.8487,5.9289,126.6,0.0,1437.851, NAN, NAN, NAN, NAN,,2024/03/30 15:13:32.893,2024-03-30 15:13:32.893000+00:00
2024/03/30, 15:14:32.893,41.524,-70.672,-0.11,25.12,57.07,0.0, NAN,5.9, NAN,1002.7, NAN,0.0, NAN,102.0, NAN,245, NAN,10.0, NAN,50.4, NAN,10.0, NAN,270.1, NAN,1004.8,804.93,268.83,2116.03,5.8486,5.9168,126.6,0.0,1437.798, NAN, NAN, NAN, NAN,,2024/03/30 15:14:32.893,2024-03-30 15:14:32.893000+00:00
2024/03/30, 15:15:32.893,41.524,-70.672,-0.23,25.26,75.63,0.01, NAN,5.9, NAN,1002.6, NAN,0.0, NAN,102.0, NAN,258, NAN,10.7, NAN,53.0, NAN,10.7, NAN,283.3, NAN,1004.7,806.32,268.75,2115.91,5.8484,5.9195,126.9,0.0,1437.81, NAN, NAN, NAN, NAN,,2024/03/30 15:15:32.893,2024-03-30 15:15:32.893000+00:00
2024/03/30, 15:16:32.893,41.524,-70.672,0.0,25.28,122.37,0.0, NAN,6.0, NAN,1002.7, NAN,0.0, NAN,102.0, NAN,255, NAN,10.3, NAN,52.0, NAN,10.3, NAN,280.3, NAN,1004.8,808.72,269.09,2118.16,5.8484,5.9153,125.7,0.0,1437.792, NAN, NAN, NAN, NAN,,2024/03/30 15:16:32.893,2024-03-30 15:16:32.893000+00:00
2024/03/30, 15:17:32.893,41.524,-70.672,-0.12,25.26,307.86,0.0, NAN,6.0, NAN,1002.7, NAN,0.0, NAN,102.0, NAN,254, NAN,10.1, NAN,52.6, NAN,10.1, NAN,279.3, NAN,1004.8,809.82,269.12,2117.67,5.8482,5.9118,126.6,0.0,1437.776, NAN, NAN, NAN, NAN,,2024/03/30 15:17:32.893,2024-03-30 15:17:32.893000+00:00
2024/03/30, 15:18:32.893,41.524,-70.672,-0.3,25.2,158.87,0.02, NAN,6.0, NAN,1002.7, NAN,0.0, NAN,102.0, NAN,256, NAN,10.4, NAN,53.1, NAN,10.4, NAN,281.3, NAN,1004.8,811.49,269.09,2118.47,5.8482,5.9161,126.9,0.0,1437.795, NAN, NAN, NAN, NAN,,2024/03/30 15:18:32.893,2024-03-30 15:18:32.893000+00:00
2024/03/30, 15:19:32.893,41.524,-70.672,-0.09,25.27,308.38,0.01, NAN,6.0, NAN,1002.7, NAN,0.0, NAN,102.0, NAN,246, NAN,9.4, NAN,53.2, NAN,9.4, NAN,271.2, NAN,1004.8,813.15,269.67,2119.44,5.8482,5.8879,127.2,0.0,1437.673, NAN, NAN, NAN, NAN,,2024/03/30 15:19:32.893,2024-03-30 15:19:32.893000+00:00
2024/03/30, 15:20:32.893,41.524,-70.672,-0.14,25.21,66.92,0.02, NAN,6.0, NAN,1002.7, NAN,0.0, NAN,102.0, NAN,256, NAN,13.2, NAN,55.0, NAN,13.2, NAN,281.2, NAN,1004.8,814.52,269.2,2118.81,5.8481,5.8703,127.2,0.0,1437.597, NAN, NAN, NAN, NAN,,2024/03/30 15:20:32.893,2024-03-30 15:20:32.893000+00:00
2024/03/30, 15:21:32.893,41.524,-70.672,-0.32,25.24,245.88,0.01, NAN,6.0, NAN,1002.7, NAN,0.0, NAN,102.0, NAN,251, NAN,9.7, NAN,54.9, NAN,9.7, NAN,276.3, NAN,1004.8,815.41,269.2,2118.83,5.8482,5.8528,126.9,0.1,1437.521, NAN, NAN, NAN, NAN,,2024/03/30 15:21:32.893,2024-03-30 15:21:32.893000+00:00
2024/03/30, 15:22:32.893,41.524,-70.672,-0.25,25.28,161.19,0.03, NAN,6.0, NAN,1002.7, NAN,0.0, NAN,102.0, NAN,252, NAN,9.4, NAN,54.0, NAN,9.4, NAN,277.4, NAN,1004.8,816.45,269.28,2118.86,5.8482,5.8449,126.9,0.0,1437.487, NAN, NAN, NAN, NAN,,2024/03/30 15:22:32.893,2024-03-30 15:22:32.893000+00:00
2024/03/30, 15:23:32.893,41.524,-70.672,-0.28,25.2,160.57,0.01, NAN,6.0, NAN,1002.7, NAN,0.0, NAN,102.0, NAN,251, NAN,10.2, NAN,54.3, NAN,10.2, NAN,276.2, NAN,1004.8,818.68,269.78,2120.86,5.8481,5.8391,127.2,0.0,1437.462, NAN, NAN, NAN, NAN,,2024/03/30 15:23:32.893,2024-03-30 15:23:32.893000+00:00
2024/03/30, 15:24:32.893,41.524,-70.672,-0.14,25.35,303.38,0.02, NAN,6.0, NAN,1002.7, NAN,0.0, NAN,102.0, NAN,258, NAN,10.1, NAN,54.8, NAN,10.1, NAN,283.3, NAN,1004.8,820.13,269.96,2120.84,5.8481,5.8382,127.2,0.0,1437.458, NAN, NAN, NAN, NAN,,2024/03/30 15:24:32.893,2024-03-30 15:24:32.893000+00:00
2024/03/30, 15:25:32.894,41.524,-70.672,-0.24,25.35,232.66,0.01, NAN,6.0, NAN,1002.8, NAN,0.0, NAN,102.0, NAN,260, NAN,10.6, NAN,53.4, NAN,10.6, NAN,285.4, NAN,1004.9,821.95,269.85,2120.78,5.8481,5.838,127.2,0.0,1437.457, NAN, NAN, NAN, NAN,,2024/03/30 15:25:32.894,2024-03-30 15:25:32.894000+00:00
2024/03/30, 15:26:32.894,41.524,-70.672,-0.2,25.38,179.52,0.01, NAN,6.0, NAN,1002.7, NAN,0.0, NAN,102.0, NAN,256, NAN,10.3, NAN,54.0, NAN,10.3, NAN,281.4, NAN,1004.8,822.59,269.85,2121.0,5.8482,5.842,126.6,0.0,1437.475, NAN, NAN, NAN, NAN,,2024/03/30 15:26:32.894,2024-03-30 15:26:32.894000+00:00
2024/03/30, 15:27:32.894,41.524,-70.672,-0.38,25.37,246.76,0.01, NAN,6.1, NAN,1002.7, NAN,0.0, NAN,102.0, NAN,257, NAN,10.4, NAN,52.5, NAN,10.4, NAN,282.4, NAN,1004.8,824.82,269.96,2121.79,5.8481,5.8574,127.2,0.0,1437.541, NAN, NAN, NAN, NAN,,2024/03/30 15:27:32.894,2024-03-30 15:27:32.894000+00:00
2024/03/30, 15:28:32.894,41.524,-70.672,0.02,25.37,305.21,0.01, NAN,6.1, NAN,1002.7, NAN,0.0, NAN,102.0, NAN,250, NAN,10.5, NAN,52.0, NAN,10.5, NAN,275.4, NAN,1004.8,826.34,269.9,2121.59,5.8481,5.8482,126.9,0.0,1437.501, NAN, NAN, NAN, NAN,,2024/03/30 15:28:32.894,2024-03-30 15:28:32.894000+00:00
2024/03/30, 15:29:32.894,41.524,-70.672,-0.53,25.37,156.99,0.01, NAN,6.1, NAN,1002.6, NAN,0.0, NAN,102.0, NAN,260, NAN,10.3, NAN,51.9, NAN,10.3, NAN,285.4, NAN,1004.7,828.73,269.87,2122.96,5.848,5.8304,126.9,0.0,1437.424, NAN, NAN, NAN, NAN,,2024/03/30 15:29:32.894,2024-03-30 15:29:32.894000+00:00
2024/03/30, 15:30:32.894,41.524,-70.672,-0.29,25.37,81.31,0.0, NAN,6.1, NAN,1002.7, NAN,0.0, NAN,102.0, NAN,255, NAN,9.6, NAN,50.8, NAN,9.6, NAN,280.4, NAN,1004.8,830.42,270.49,2123.93,5.848,5.815,127.2,0.0,1437.358, NAN, NAN, NAN, NAN,,2024/03/30 15:30:32.894,2024-03-30 15:30:32.894000+00:00
2024/03/30, 15:31:32.894,41.524,-70.672,-0.28,25.38,219.79,0.01, NAN,6.1, NAN,1002.7, NAN,0.0, NAN,102.0, NAN,253, NAN,8.2, NAN,52.3, NAN,8.2, NAN,278.4, NAN,1004.8,832.12,270.56,2124.43,5.8479,5.8116,127.2,0.0,1437.343, NAN, NAN, NAN, NAN,,2024/03/30 15:31:32.894,2024-03-30 15:31:32.894000+00:00
2024/03/30, 15:32:32.894,41.524,-70.672,-0.21,25.48,179.42,0.01, NAN,6.2, NAN,1002.6, NAN,0.0, NAN,102.0, NAN,261, NAN,9.6, NAN,54.0, NAN,9.6, NAN,286.5, NAN,1004.7,833.48,270.83,2125.24,5.8478,5.8061,126.9,0.0,1437.319, NAN, NAN, NAN, NAN,,2024/03/30 15:32:32.894,2024-03-30 15:32:32.894000+00:00
2024/03/30, 15:33:32.894,41.524,-70.672,-0.23,25.44,35.13,0.01, NAN,6.2, NAN,1002.6, NAN,0.0, NAN,102.0, NAN,261, NAN,10.3, NAN,53.3, NAN,10.3, NAN,286.5, NAN,1004.7,835.09,270.52,2125.95,5.8475,5.8034,126.6,0.0,1437.307, NAN, NAN, NAN, NAN,,2024/03/30 15:33:32.894,2024-03-30 15:33:32.894000+00:00
2024/03/30, 15:34:32.894,41.524,-70.672,-0.09,25.48,148.1,0.02, NAN,6.2, NAN,1002.6, NAN,0.0, NAN,102.0, NAN,264, NAN,10.2, NAN,53.2, NAN,10.2, NAN,289.5, NAN,1004.7,836.59,270.7,2126.91,5.8475,5.7997,126.3,0.0,1437.291, NAN, NAN, NAN, NAN,,2024/03/30 15:34:32.894,2024-03-30 15:34:32.894000+00:00
2024/03/30, 15:35:32.894,41.524,-70.672,-0.26,25.5,154.62,0.0, NAN,6.2, NAN,1002.6, NAN,0.0, NAN,102.0, NAN,258, NAN,8.7, NAN,52.6, NAN,8.7, NAN,283.5, NAN,1004.7,837.51,271.2,2126.72,5.8473,5.8014,126.9,0.0,1437.298, NAN, NAN, NAN, NAN,,2024/03/30 15:35:32.894,2024-03-30 15:35:32.894000+00:00
2024/03/30, 15:36:32.894,41.524,-70.672,-0.2,25.48,338.64,0.01, NAN,6.2, NAN,1002.6, NAN,0.0, NAN,102.0, NAN,252, NAN,9.2, NAN,54.2, NAN,9.2, NAN,277.4, NAN,1004.7,839.83,270.63,2127.1,5.8471,5.8055,127.2,0.0,1437.315, NAN, NAN, NAN, NAN,,2024/03/30 15:36:32.894,2024-03-30 15:36:32.894000+00:00
2024/03/30, 15:37:32.894,41.524,-70.672,-0.13,25.49,62.26,0.01, NAN,6.2, NAN,1002.6, NAN,0.0, NAN,102.0, NAN,252, NAN,10.1, NAN,54.2, NAN,10.1, NAN,277.5, NAN,1004.7,840.63,270.25,2126.56,5.8471,5.8083,126.3,0.0,1437.327, NAN, NAN, NAN, NAN,,2024/03/30 15:37:32.894,2024-03-30 15:37:32.894000+00:00
2024/03/30, 15:38:32.894,41.524,-70.672,0.19,25.57,112.01,0.01, NAN,6.2, NAN,1002.6, NAN,0.0, NAN,102.0, NAN,246, NAN,6.7, NAN,54.6, NAN,6.7, NAN,271.6, NAN,1004.7,840.17,270.4,2125.93,5.8469,5.8121,126.9,0.0,1437.344, NAN, NAN, NAN, NAN,,2024/03/30 15:38:32.894,2024-03-30 15:38:32.894000+00:00
2024/03/30, 15:39:32.894,41.524,-70.672,0.03,25.57,219.31,0.0, NAN,6.2, NAN,1002.7, NAN,0.0, NAN,102.0, NAN,258, NAN,6.2, NAN,56.8, NAN,6.2, NAN,283.6, NAN,1004.8,841.0,270.91,2126.26,5.8466,5.8143,126.6,0.0,1437.353, NAN, NAN, NAN, NAN,,2024/03/30 15:39:32.894,2024-03-30 15:39:32.894000+00:00
2024/03/30, 15:40:32.894,41.524,-70.672,0.16,25.58,268.54,0.01, NAN,6.2, NAN,1002.7, NAN,0.0, NAN,102.0, NAN,237, NAN,8.7, NAN,58.1, NAN,8.7, NAN,262.6, NAN,1004.8,842.74,271.0,2127.07,5.8466,5.8128,126.6,0.0,1437.346, NAN, NAN, NAN, NAN,,2024/03/30 15:40:32.894,2024-03-30 15:40:32.894000+00:00
2024/03/30, 15:41:32.895,41.524,-70.672,0.34,25.57,10.42,0.01, NAN,6.2, NAN,1002.7, NAN,0.0, NAN,102.0, NAN,234, NAN,6.3, NAN,56.8, NAN,6.3, NAN,259.5, NAN,1004.8,843.09,270.82,2126.07,5.8463,5.8117,126.6,0.0,1437.341, NAN, NAN, NAN, NAN,,2024/03/30 15:41:32.895,2024-03-30 15:41:32.895000+00:00
2024/03/30, 15:42:32.895,41.524,-70.672,0.12,25.67,242.41,0.01, NAN,6.2, NAN,1002.7, NAN,0.0, NAN,102.0, NAN,241, NAN,10.6, NAN,54.7, NAN,10.6, NAN,266.7, NAN,1004.8,845.26,270.55,2126.13,5.8462,5.8144,126.6,0.0,1437.353, NAN, NAN, NAN, NAN,,2024/03/30 15:42:32.895,2024-03-30 15:42:32.895000+00:00
2024/03/30, 15:43:32.895,41.524,-70.672,0.17,25.64,333.53,0.01, NAN,6.2, NAN,1002.7, NAN,0.0, NAN,102.0, NAN,241, NAN,10.3, NAN,53.7, NAN,10.3, NAN,266.6, NAN,1004.8,845.69,270.31,2126.43,5.846,5.8167,127.2,0.0,1437.362, NAN, NAN, NAN, NAN,,2024/03/30 15:43:32.895,2024-03-30 15:43:32.895000+00:00
2024/03/30, 15:44:32.895,41.524,-70.672,0.2,25.68,341.06,0.01, NAN,6.2, NAN,1002.7, NAN,0.0, NAN,102.0, NAN,236, NAN,9.8, NAN,52.4, NAN,9.8, NAN,261.7, NAN,1004.8,846.98,270.8,2127.05,5.8459,5.8154,126.9,0.0,1437.357, NAN, NAN, NAN, NAN,,2024/03/30 15:44:32.895,2024-03-30 15:44:32.895000+00:00
2024/03/30, 15:45:32.895,41.524,-70.672,-0.01,25.62,157.99,0.01, NAN,6.3, NAN,1002.7, NAN,0.0, NAN,102.0, NAN,245, NAN,8.0, NAN,52.5, NAN,8.0, NAN,270.6, NAN,1004.8,848.77,270.96,2127.86,5.8456,5.8105,126.9,0.0,1437.335, NAN, NAN, NAN, NAN,,2024/03/30 15:45:32.895,2024-03-30 15:45:32.895000+00:00
2024/03/30, 15:46:32.895,41.524,-70.672,0.29,25.71,314.98,0.01, NAN,6.3, NAN,1002.7, NAN,0.0, NAN,102.0, NAN,247, NAN,10.4, NAN,53.4, NAN,10.4, NAN,272.7, NAN,1004.8,850.38,270.77,2128.6,5.8455,5.8079,126.9,0.0,1437.324, NAN, NAN, NAN, NAN,,2024/03/30 15:46:32.895,2024-03-30 15:46:32.895000+00:00
2024/03/30, 15:47:32.895,41.524,-70.672,0.15,25.72,283.21,0.01, NAN,6.3, NAN,1002.7, NAN,0.0, NAN,102.0, NAN,249, NAN,10.2, NAN,54.2, NAN,10.2, NAN,274.7, NAN,1004.8,850.77,270.63,2127.25,5.8453,5.8067,127.6,0.0,1437.318, NAN, NAN, NAN, NAN,,2024/03/30 15:47:32.895,2024-03-30 15:47:32.895000+00:00
2024/03/30, 15:48:32.895,41.524,-70.672,0.05,25.64,101.17,0.03, NAN,6.3, NAN,1002.7, NAN,0.0, NAN,102.0, NAN,241, NAN,9.1, NAN,54.1, NAN,9.1, NAN,266.7, NAN,1004.8,852.44,271.29,2128.88,5.8452,5.8051,127.6,0.0,1437.311, NAN, NAN, NAN, NAN,,2024/03/30 15:48:32.895,2024-03-30 15:48:32.895000+00:00
2024/03/30, 15:49:32.895,41.524,-70.672,-0.16,25.68,172.92,0.0, NAN,6.3, NAN,1002.7, NAN,0.0, NAN,102.0, NAN,243, NAN,8.9, NAN,54.0, NAN,8.9, NAN,268.7, NAN,1004.8,854.26,271.27,2129.35,5.8451,5.8032,126.9,0.0,1437.303, NAN, NAN, NAN, NAN,,2024/03/30 15:49:32.895,2024-03-30 15:49:32.895000+00:00
2024/03/30, 15:50:32.895,41.524,-70.672,-0.11,25.64,337.89,0.01, NAN,6.3, NAN,1002.7, NAN,0.0, NAN,102.0, NAN,239, NAN,9.6, NAN,53.5, NAN,9.6, NAN,264.6, NAN,1004.8,855.42,271.32,2129.11,5.845,5.8002,126.9,0.0,1437.29, NAN, NAN, NAN, NAN,,2024/03/30 15:50:32.895,2024-03-30 15:50:32.895000+00:00
2024/03/30, 15:51:32.895,41.524,-70.672,-0.11,25.63,326.98,0.0, NAN,6.4, NAN,1002.6, NAN,0.0, NAN,102.0, NAN,236, NAN,9.8, NAN,52.6, NAN,9.8, NAN,261.6, NAN,1004.7,856.57,271.37,2128.69,5.8449,5.799,127.6,0.0,1437.284, NAN, NAN, NAN, NAN,,2024/03/30 15:51:32.895,2024-03-30 15:51:32.895000+00:00
2024/03/30, 15:52:32.895,41.524,-70.672,-0.28,25.64,164.23,0.01, NAN,6.4, NAN,1002.7, NAN,0.0, NAN,102.0, NAN,241, NAN,8.6, NAN,52.7, NAN,8.6, NAN,266.7, NAN,1004.8,858.36,271.28,2130.15,5.8447,5.7997,126.6,0.0,1437.287, NAN, NAN, NAN, NAN,,2024/03/30 15:52:32.895,2024-03-30 15:52:32.895000+00:00
2024/03/30, 15:53:32.895,41.524,-70.672,0.0,25.67,48.15,0.01, NAN,6.3, NAN,1002.6, NAN,0.0, NAN,102.0, NAN,236, NAN,8.2, NAN,56.0, NAN,8.2, NAN,261.7, NAN,1004.7,858.93,271.62,2130.4,5.8447,5.8009,126.9,0.0,1437.292, NAN, NAN, NAN, NAN,,2024/03/30 15:53:32.895,2024-03-30 15:53:32.895000+00:00
2024/03/30, 15:54:32.895,41.524,-70.672,-0.22,25.67,335.73,0.01, NAN,6.4, NAN,1002.6, NAN,0.0, NAN,102.0, NAN,256, NAN,8.6, NAN,57.1, NAN,8.6, NAN,281.6, NAN,1004.7,859.35,271.36,2129.93,5.8446,5.801,127.2,0.0,1437.293, NAN, NAN, NAN, NAN,,2024/03/30 15:54:32.895,2024-03-30 15:54:32.895000+00:00
2024/03/30, 15:55:32.895,41.524,-70.672,0.17,25.68,332.44,0.0, NAN,6.4, NAN,1002.6, NAN,0.0, NAN,102.0, NAN,261, NAN,6.8, NAN,57.3, NAN,6.8, NAN,286.7, NAN,1004.7,861.4,271.64,2131.74,5.8445,5.8037,127.2,0.0,1437.304, NAN, NAN, NAN, NAN,,2024/03/30 15:55:32.895,2024-03-30 15:55:32.895000+00:00
2024/03/30, 15:56:32.895,41.524,-70.672,0.31,25.63,80.73,0.01, NAN,6.3, NAN,1002.6, NAN,0.0, NAN,102.0, NAN,236, NAN,7.3, NAN,58.8, NAN,7.3, NAN,261.7, NAN,1004.7,863.24,271.59,2131.08,5.8444,5.8036,126.9,0.0,1437.304, NAN, NAN, NAN, NAN,,2024/03/30 15:56:32.895,2024-03-30 15:56:32.895000+00:00
2024/03/30, 15:57:32.896,41.524,-70.672,0.06,25.7,3.71,0.01, NAN,6.3, NAN,1002.5, NAN,0.0, NAN,102.0, NAN,241, NAN,9.4, NAN,58.4, NAN,9.4, NAN,266.7, NAN,1004.6,864.88,271.89,2132.57,5.8442,5.8014,126.9,0.0,1437.294, NAN, NAN, NAN, NAN,,2024/03/30 15:57:32.896,2024-03-30 15:57:32.896000+00:00
2024/03/30, 15:58:32.896,41.524,-70.672,0.16,25.64,347.77,0.0, NAN,6.4, NAN,1002.5, NAN,0.0, NAN,102.0, NAN,245, NAN,9.4, NAN,54.7, NAN,9.4, NAN,270.6, NAN,1004.6,866.1,271.54,2132.73,5.8442,5.7973,126.9,0.0,1437.276, NAN, NAN, NAN, NAN,,2024/03/30 15:58:32.896,2024-03-30 15:58:32.896000+00:00
2024/03/30, 15:59:32.896,41.524,-70.672,-0.12,25.63,27.88,0.01, NAN,6.4, NAN,1002.5, NAN,0.0, NAN,102.0, NAN,245, NAN,10.1, NAN,54.3, NAN,10.1, NAN,270.6, NAN,1004.6,868.01,271.72,2133.2,5.8441,5.7953,127.6,0.0,1437.267, NAN, NAN, NAN, NAN,,2024/03/30 15:59:32.896,2024-03-30 15:59:32.896000+00:00
2024/03/30, 16:00:32.896,41.524,-70.672,-0.06,25.68,306.78,0.01, NAN,6.4, NAN,1002.6, NAN,0.0, NAN,102.0, NAN,251, NAN,9.7, NAN,53.8, NAN,9.7, NAN,276.7, NAN,1004.7,868.96,271.2,2133.99,5.844,5.7935,126.6,0.0,1437.259, NAN, NAN, NAN, NAN,,2024/03/30 16:00:32.896,2024-03-30 16:00:32.896000+00:00
2024/03/30, 16:01:32.896,41.524,-70.672,0.15,25.71,112.48,0.01, NAN,6.4, NAN,1002.5, NAN,0.0, NAN,102.0, NAN,255, NAN,10.0, NAN,53.2, NAN,10.0, NAN,280.7, NAN,1004.6,869.54,270.92,2134.11,5.844,5.7926,126.9,0.0,1437.256, NAN, NAN, NAN, NAN,,2024/03/30 16:01:32.896,2024-03-30 16:01:32.896000+00:00
2024/03/30, 16:02:32.896,41.524,-70.672,-0.02,25.69,116.77,0.01, NAN,6.5, NAN,1002.5, NAN,0.0, NAN,102.0, NAN,248, NAN,10.3, NAN,54.1, NAN,10.3, NAN,273.7, NAN,1004.6,869.74,271.31,2133.81,5.844,5.7939,126.9,0.0,1437.261, NAN, NAN, NAN, NAN,,2024/03/30 16:02:32.896,2024-03-30 16:02:32.896000+00:00
2024/03/30, 16:03:32.896,41.524,-70.672,0.04,25.61,41.74,0.0, NAN,6.5, NAN,1002.6, NAN,0.0, NAN,102.0, NAN,239, NAN,10.3, NAN,54.3, NAN,10.3, NAN,264.6, NAN,1004.7,871.18,271.69,2132.81,5.8438,5.795,126.9,0.0,1437.266, NAN, NAN, NAN, NAN,,2024/03/30 16:03:32.896,2024-03-30 16:03:32.896000+00:00
2024/03/30, 16:04:32.896,41.524,-70.672,-0.07,25.62,106.7,0.02, NAN,6.5, NAN,1002.5, NAN,0.0, NAN,102.0, NAN,241, NAN,9.0, NAN,53.6, NAN,9.0, NAN,266.7, NAN,1004.6,871.34,271.96,2131.65,5.8438,5.7969,126.3,0.0,1437.274, NAN, NAN, NAN, NAN,,2024/03/30 16:04:32.896,2024-03-30 16:04:32.896000+00:00
2024/03/30, 16:05:32.896,41.524,-70.672,0.09,25.66,138.35,0.01, NAN,6.5, NAN,1002.5, NAN,0.0, NAN,102.0, NAN,252, NAN,9.7, NAN,53.5, NAN,9.7, NAN,277.7, NAN,1004.6,872.78,271.31,2132.34,5.8438,5.7969,126.6,0.0,1437.274, NAN, NAN, NAN, NAN,,2024/03/30 16:05:32.896,2024-03-30 16:05:32.896000+00:00
2024/03/30, 16:06:32.896,41.524,-70.672,0.13,25.62,143.65,0.02, NAN,6.5, NAN,1002.4, NAN,0.0, NAN,102.0, NAN,250, NAN,10.1, NAN,52.2, NAN,10.1, NAN,275.7, NAN,1004.5,874.19,271.16,2132.89,5.8437,5.8001,126.3,0.0,1437.288, NAN, NAN, NAN, NAN,,2024/03/30 16:06:32.896,2024-03-30 16:06:32.896000+00:00
2024/03/30, 16:07:32.896,41.524,-70.672,-0.05,25.65,259.17,0.02, NAN,6.5, NAN,1002.5, NAN,0.0, NAN,102.0, NAN,251, NAN,9.6, NAN,52.5, NAN,9.6, NAN,276.7, NAN,1004.6,875.09,271.3,2133.31,5.8438,5.8016,126.6,0.0,1437.294, NAN, NAN, NAN, NAN,,2024/03/30 16:07:32.896,2024-03-30 16:07:32.896000+00:00
2024/03/30, 16:08:32.896,41.524,-70.672,-0.15,25.63,353.32,0.01, NAN,6.5, NAN,1002.5, NAN,0.0, NAN,102.0, NAN,251, NAN,9.7, NAN,53.5, NAN,9.7, NAN,276.6, NAN,1004.6,876.13,271.35,2133.43,5.8438,5.8043,125.1,0.0,1437.306, NAN, NAN, NAN, NAN,,2024/03/30 16:08:32.896,2024-03-30 16:08:32.896000+00:00
2024/03/30, 16:09:32.896,41.524,-70.672,-0.07,25.57,146.92,0.02, NAN,6.5, NAN,1002.6, NAN,0.0, NAN,102.0, NAN,250, NAN,10.3, NAN,54.1, NAN,10.3, NAN,275.6, NAN,1004.7,876.08,271.45,2132.68,5.8438,5.8098,126.0,0.0,1437.33, NAN, NAN, NAN, NAN,,2024/03/30 16:09:32.896,2024-03-30 16:09:32.896000+00:00
2024/03/30, 16:10:32.896,41.524,-70.672,0.21,25.58,65.61,0.0, NAN,6.5, NAN,1002.6, NAN,0.0, NAN,102.0, NAN,249, NAN,9.4, NAN,54.1, NAN,9.4, NAN,274.6, NAN,1004.7,876.47,271.83,2132.58,5.8438,5.8138,126.3,0.0,1437.347, NAN, NAN, NAN, NAN,,2024/03/30 16:10:32.896,2024-03-30 16:10:32.896000+00:00
2024/03/30, 16:11:32.896,41.524,-70.672,0.19,25.57,335.93,0.01, NAN,6.6, NAN,1002.6, NAN,0.0, NAN,102.0, NAN,248, NAN,9.0, NAN,56.2, NAN,9.0, NAN,273.5, NAN,1004.7,876.76,272.42,2132.97,5.844,5.8147,126.9,0.0,1437.351, NAN, NAN, NAN, NAN,,2024/03/30 16:11:32.896,2024-03-30 16:11:32.896000+00:00
2024/03/30, 16:12:32.896,41.524,-70.672,0.09,25.54,331.91,0.01, NAN,6.6, NAN,1002.6, NAN,0.0, NAN,102.0, NAN,240, NAN,8.2, NAN,56.6, NAN,8.2, NAN,265.5, NAN,1004.7,877.42,272.78,2133.55,5.8439,5.8116,126.6,0.0,1437.338, NAN, NAN, NAN, NAN,,2024/03/30 16:12:32.896,2024-03-30 16:12:32.896000+00:00
2024/03/30, 16:13:32.897,41.524,-70.672,0.02,25.56,297.38,0.03, NAN,6.6, NAN,1002.6, NAN,0.0, NAN,102.0, NAN,239, NAN,10.5, NAN,58.6, NAN,10.5, NAN,264.5, NAN,1004.7,877.99,271.94,2133.48,5.8439,5.8055,126.0,0.0,1437.311, NAN, NAN, NAN, NAN,,2024/03/30 16:13:32.897,2024-03-30 16:13:32.897000+00:00
2024/03/30, 16:14:32.897,41.524,-70.672,-0.05,25.54,254.93,0.01, NAN,6.6, NAN,1002.6, NAN,0.0, NAN,102.0, NAN,240, NAN,8.6, NAN,58.4, NAN,8.6, NAN,265.6, NAN,1004.7,878.52,271.8,2134.39,5.844,5.8055,126.6,0.0,1437.311, NAN, NAN, NAN, NAN,,2024/03/30 16:14:32.897,2024-03-30 16:14:32.897000+00:00
2024/03/30, 16:15:32.897,41.524,-70.672,-0.07,25.54,115.96,0.0, NAN,6.5, NAN,1002.6, NAN,0.0, NAN,102.0, NAN,244, NAN,9.5, NAN,55.7, NAN,9.5, NAN,269.5, NAN,1004.7,879.64,271.32,2134.97,5.8441,5.8084,126.6,0.0,1437.324, NAN, NAN, NAN, NAN,,2024/03/30 16:15:32.897,2024-03-30 16:15:32.897000+00:00
2024/03/30, 16:16:32.897,41.524,-70.672,-0.04,25.55,353.64,0.01, NAN,6.5, NAN,1002.5, NAN,0.0, NAN,102.0, NAN,242, NAN,8.7, NAN,55.3, NAN,8.7, NAN,267.6, NAN,1004.6,879.31,271.73,2135.12,5.8441,5.8097,127.6,0.0,1437.33, NAN, NAN, NAN, NAN,,2024/03/30 16:16:32.897,2024-03-30 16:16:32.897000+00:00
2024/03/30, 16:17:32.897,41.524,-70.672,-0.14,25.54,271.63,0.02, NAN,6.5, NAN,1002.6, NAN,0.0, NAN,102.0, NAN,258, NAN,11.1, NAN,57.5, NAN,11.1, NAN,283.6, NAN,1004.7,881.18,272.27,2136.9,5.8441,5.8093,126.9,0.0,1437.328, NAN, NAN, NAN, NAN,,2024/03/30 16:17:32.897,2024-03-30 16:17:32.897000+00:00
2024/03/30, 16:18:32.897,41.524,-70.672,-0.03,25.48,307.68,0.02, NAN,6.5, NAN,1002.6, NAN,0.0, NAN,102.0, NAN,252, NAN,10.2, NAN,54.9, NAN,10.2, NAN,277.5, NAN,1004.7,885.92,272.08,2136.66,5.8442,5.8086,126.3,0.0,1437.325, NAN, NAN, NAN, NAN,,2024/03/30 16:18:32.897,2024-03-30 16:18:32.897000+00:00
2024/03/30, 16:19:32.897,41.524,-70.672,0.23,25.49,354.41,0.01, NAN,6.6, NAN,1002.6, NAN,0.0, NAN,102.0, NAN,264, NAN,10.3, NAN,52.5, NAN,10.3, NAN,289.5, NAN,1004.7,885.74,272.34,2136.85,5.8443,5.8075,127.2,0.0,1437.32, NAN, NAN, NAN, NAN,,2024/03/30 16:19:32.897,2024-03-30 16:19:32.897000+00:00
2024/03/30, 16:20:32.897,41.524,-70.672,-0.4,25.35,125.73,0.01, NAN,6.6, NAN,1002.5, NAN,0.0, NAN,102.0, NAN,258, NAN,8.9, NAN,51.8, NAN,8.9, NAN,283.4, NAN,1004.6,887.47,272.93,2136.86,5.8444,5.8098,126.9,0.0,1437.331, NAN, NAN, NAN, NAN,,2024/03/30 16:20:32.897,2024-03-30 16:20:32.897000+00:00
2024/03/30, 16:21:32.897,41.524,-70.672,-0.29,25.31,13.31,0.01, NAN,6.8, NAN,1002.5, NAN,0.0, NAN,102.0, NAN,258, NAN,9.4, NAN,51.5, NAN,9.4, NAN,283.3, NAN,1004.6,888.36,272.76,2137.55,5.8445,5.8112,126.6,0.0,1437.337, NAN, NAN, NAN, NAN,,2024/03/30 16:21:32.897,2024-03-30 16:21:32.897000+00:00
2024/03/30, 16:22:32.897,41.524,-70.672,-0.32,25.41,280.7,0.01, NAN,6.8, NAN,1002.5, NAN,0.0, NAN,102.0, NAN,256, NAN,8.4, NAN,50.8, NAN,8.4, NAN,281.4, NAN,1004.6,888.6,272.95,2137.7,5.8445,5.8138,126.6,0.0,1437.348, NAN, NAN, NAN, NAN,,2024/03/30 16:22:32.897,2024-03-30 16:22:32.897000+00:00
2024/03/30, 16:23:32.897,41.524,-70.672,-0.32,25.44,312.05,0.0, NAN,6.9, NAN,1002.5, NAN,0.0, NAN,102.0, NAN,258, NAN,9.9, NAN,50.9, NAN,9.9, NAN,283.4, NAN,1004.6,887.59,272.32,2136.93,5.8446,5.8156,126.6,0.0,1437.356, NAN, NAN, NAN, NAN,,2024/03/30 16:23:32.897,2024-03-30 16:23:32.897000+00:00
2024/03/30, 16:24:32.897,41.524,-70.672,-0.09,25.44,290.89,0.01, NAN,6.9, NAN,1002.6, NAN,0.0, NAN,102.0, NAN,243, NAN,10.1, NAN,50.7, NAN,10.1, NAN,268.4, NAN,1004.7,883.24,272.43,2134.99,5.8446,5.8162,126.9,0.0,1437.358, NAN, NAN, NAN, NAN,,2024/03/30 16:24:32.897,2024-03-30 16:24:32.897000+00:00
2024/03/30, 16:25:32.897,41.524,-70.672,0.27,25.41,196.63,0.01, NAN,6.9, NAN,1002.6, NAN,0.0, NAN,102.0, NAN,238, NAN,9.2, NAN,53.1, NAN,9.2, NAN,263.4, NAN,1004.7,879.9,272.75,2133.58,5.8446,5.8184,126.6,0.0,1437.368, NAN, NAN, NAN, NAN,,2024/03/30 16:25:32.897,2024-03-30 16:25:32.897000+00:00
2024/03/30, 16:26:32.897,41.524,-70.672,-0.17,25.23,279.61,0.01, NAN,6.9, NAN,1002.6, NAN,0.0, NAN,102.0, NAN,238, NAN,9.1, NAN,53.0, NAN,9.1, NAN,263.2, NAN,1004.7,879.3,272.48,2133.59,5.8447,5.8226,126.3,0.0,1437.386, NAN, NAN, NAN, NAN,,2024/03/30 16:26:32.897,2024-03-30 16:26:32.897000+00:00
2024/03/30, 16:27:32.897,41.524,-70.672,-0.04,25.37,223.7,0.01, NAN,6.9, NAN,1002.6, NAN,0.0, NAN,102.0, NAN,238, NAN,9.1, NAN,52.5, NAN,9.1, NAN,263.4, NAN,1004.7,882.29,272.59,2134.73,5.8447,5.8275,126.6,0.0,1437.407, NAN, NAN, NAN, NAN,,2024/03/30 16:27:32.897,2024-03-30 16:27:32.897000+00:00
2024/03/30, 16:28:32.897,41.524,-70.672,0.13,25.34,120.97,0.01, NAN,6.8, NAN,1002.6, NAN,0.0, NAN,102.0, NAN,249, NAN,8.3, NAN,54.0, NAN,8.3, NAN,274.4, NAN,1004.7,887.47,272.32,2136.24,5.8447,5.8315,126.9,0.0,1437.425, NAN, NAN, NAN, NAN,,2024/03/30 16:28:32.897,2024-03-30 16:28:32.897000+00:00
2024/03/30, 16:29:32.898,41.524,-70.672,0.4,25.37,241.46,0.01, NAN,6.8, NAN,1002.6, NAN,0.0, NAN,102.0, NAN,231, NAN,9.3, NAN,54.9, NAN,9.3, NAN,256.4, NAN,1004.7,888.82,272.68,2136.56,5.8449,5.8336,126.0,0.0,1437.434, NAN, NAN, NAN, NAN,,2024/03/30 16:29:32.898,2024-03-30 16:29:32.898000+00:00
2024/03/30, 16:30:32.898,41.524,-70.672,0.29,25.43,157.92,0.01, NAN,6.7, NAN,1002.6, NAN,0.0, NAN,102.0, NAN,237, NAN,6.7, NAN,56.0, NAN,6.7, NAN,262.5, NAN,1004.7,887.81,273.16,2136.64,5.8451,5.8328,126.3,0.0,1437.431, NAN, NAN, NAN, NAN,,2024/03/30 16:30:32.898,2024-03-30 16:30:32.898000+00:00
2024/03/30, 16:31:32.898,41.524,-70.672,0.1,25.22,258.5,0.02, NAN,6.7, NAN,1002.6, NAN,0.0, NAN,102.0, NAN,241, NAN,6.5, NAN,56.1, NAN,6.5, NAN,266.2, NAN,1004.7,884.86,273.04,2137.18,5.845,5.832,126.9,0.0,1437.427, NAN, NAN, NAN, NAN,,2024/03/30 16:31:32.898,2024-03-30 16:31:32.898000+00:00
2024/03/30, 16:32:32.898,41.524,-70.672,0.39,25.33,3.11,0.01, NAN,6.8, NAN,1002.4, NAN,0.0, NAN,102.0, NAN,235, NAN,8.8, NAN,54.9, NAN,8.8, NAN,260.3, NAN,1004.5,885.39,272.77,2136.64,5.845,5.8322,126.9,0.0,1437.428, NAN, NAN, NAN, NAN,,2024/03/30 16:32:32.898,2024-03-30 16:32:32.898000+00:00
2024/03/30, 16:33:32.898,41.524,-70.672,0.02,25.32,292.79,0.0, NAN,6.8, NAN,1002.5, NAN,0.0, NAN,102.0, NAN,234, NAN,8.6, NAN,54.8, NAN,8.6, NAN,259.3, NAN,1004.6,887.03,272.49,2137.25,5.8451,5.8333,126.3,0.0,1437.433, NAN, NAN, NAN, NAN,,2024/03/30 16:33:32.898,2024-03-30 16:33:32.898000+00:00
2024/03/30, 16:34:32.898,41.524,-70.672,0.33,25.4,98.98,0.03, NAN,6.8, NAN,1002.5, NAN,0.0, NAN,102.0, NAN,228, NAN,8.2, NAN,54.5, NAN,8.2, NAN,253.5, NAN,1004.6,887.74,272.76,2137.44,5.8451,5.833,126.3,0.0,1437.432, NAN, NAN, NAN, NAN,,2024/03/30 16:34:32.898,2024-03-30 16:34:32.898000+00:00
2024/03/30, 16:35:32.898,41.524,-70.672,0.25,25.31,155.32,0.01, NAN,6.9, NAN,1002.4, NAN,0.0, NAN,102.0, NAN,245, NAN,7.8, NAN,55.9, NAN,7.8, NAN,270.3, NAN,1004.5,892.39,272.69,2137.85,5.8452,5.8335,126.3,0.0,1437.434, NAN, NAN, NAN, NAN,,2024/03/30 16:35:32.898,2024-03-30 16:35:32.898000+00:00
2024/03/30, 16:36:32.898,41.524,-70.672,0.05,25.2,167.04,0.02, NAN,6.9, NAN,1002.4, NAN,0.0, NAN,102.0, NAN,248, NAN,7.2, NAN,55.8, NAN,7.2, NAN,273.3, NAN,1004.5,892.65,272.45,2137.2,5.8454,5.8355,126.6,0.0,1437.443, NAN, NAN, NAN, NAN,,2024/03/30 16:36:32.898,2024-03-30 16:36:32.898000+00:00
2024/03/30, 16:37:32.898,41.524,-70.672,0.0,25.09,88.58,0.03, NAN,6.9, NAN,1002.4, NAN,0.0, NAN,102.0, NAN,243, NAN,7.4, NAN,56.5, NAN,7.4, NAN,268.1, NAN,1004.5,893.65,272.6,2138.26,5.8455,5.8371,126.0,0.0,1437.45, NAN, NAN, NAN, NAN,,2024/03/30 16:37:32.898,2024-03-30 16:37:32.898000+00:00
2024/03/30, 16:38:32.898,41.524,-70.672,-0.17,25.02,128.37,0.02, NAN,6.9, NAN,1002.4, NAN,0.0, NAN,102.0, NAN,231, NAN,6.9, NAN,54.6, NAN,6.9, NAN,256.1, NAN,1004.5,894.61,272.95,2137.69,5.8456,5.8392,126.3,0.0,1437.459, NAN, NAN, NAN, NAN,,2024/03/30 16:38:32.898,2024-03-30 16:38:32.898000+00:00
2024/03/30, 16:39:32.898,41.524,-70.672,-0.2,25.15,108.64,0.01, NAN,6.9, NAN,1002.4, NAN,0.0, NAN,102.0, NAN,228, NAN,8.1, NAN,53.6, NAN,8.1, NAN,253.1, NAN,1004.5,892.73,272.72,2137.25,5.8456,5.8388,126.6,0.0,1437.458, NAN, NAN, NAN, NAN,,2024/03/30 16:39:32.898,2024-03-30 16:39:32.898000+00:00
2024/03/30, 16:40:32.898,41.524,-70.672,-0.23,25.2,132.28,0.01, NAN,7.0, NAN,1002.3, NAN,0.0, NAN,102.0, NAN,240, NAN,9.7, NAN,53.9, NAN,9.7, NAN,265.2, NAN,1004.4,888.51,272.07,2137.38,5.8457,5.8391,125.7,0.0,1437.459, NAN, NAN, NAN, NAN,,2024/03/30 16:40:32.898,2024-03-30 16:40:32.898000+00:00
2024/03/30, 16:41:32.898,41.524,-70.672,-0.13,25.16,84.85,0.01, NAN,7.0, NAN,1002.4, NAN,0.0, NAN,102.0, NAN,235, NAN,7.8, NAN,53.6, NAN,7.8, NAN,260.2, NAN,1004.5,889.73,272.07,2137.11,5.8457,5.8419,126.3,0.0,1437.471, NAN, NAN, NAN, NAN,,2024/03/30 16:41:32.898,2024-03-30 16:41:32.898000+00:00
2024/03/30, 16:42:32.898,41.524,-70.672,-0.06,25.2,259.93,0.01, NAN,6.9, NAN,1002.4, NAN,0.0, NAN,102.0, NAN,233, NAN,8.5, NAN,54.8, NAN,8.5, NAN,258.2, NAN,1004.5,890.44,272.23,2137.24,5.8457,5.8456,126.3,0.0,1437.487, NAN, NAN, NAN, NAN,,2024/03/30 16:42:32.898,2024-03-30 16:42:32.898000+00:00
2024/03/30, 16:43:32.898,41.524,-70.672,-0.23,25.06,139.45,0.02, NAN,6.9, NAN,1002.3, NAN,0.0, NAN,102.0, NAN,232, NAN,7.8, NAN,53.5, NAN,7.8, NAN,257.1, NAN,1004.4,891.3,272.46,2136.46,5.8458,5.8481,126.6,0.0,1437.498, NAN, NAN, NAN, NAN,,2024/03/30 16:43:32.898,2024-03-30 16:43:32.898000+00:00
2024/03/30, 16:44:32.898,41.524,-70.672,-0.13,24.93,239.01,0.01, NAN,6.9, NAN,1002.3, NAN,0.0, NAN,102.0, NAN,238, NAN,9.5, NAN,53.7, NAN,9.5, NAN,262.9, NAN,1004.4,894.58,272.32,2137.46,5.8459,5.8475,126.9,0.0,1437.496, NAN, NAN, NAN, NAN,,2024/03/30 16:44:32.898,2024-03-30 16:44:32.898000+00:00
2024/03/30, 16:45:32.898,41.524,-70.672,-0.13,24.99,335.22,0.0, NAN,7.0, NAN,1002.3, NAN,0.0, NAN,102.0, NAN,232, NAN,8.7, NAN,52.7, NAN,8.7, NAN,257.0, NAN,1004.4,894.15,272.38,2137.21,5.846,5.8467,126.3,0.0,1437.492, NAN, NAN, NAN, NAN,,2024/03/30 16:45:32.898,2024-03-30 16:45:32.898000+00:00
2024/03/30, 16:46:32.899,41.524,-70.672,-0.01,24.94,52.58,0.01, NAN,7.0, NAN,1002.3, NAN,0.0, NAN,102.0, NAN,230, NAN,8.7, NAN,53.2, NAN,8.7, NAN,254.9, NAN,1004.4,894.67,272.35,2138.16,5.8462,5.8465,126.3,0.0,1437.492, NAN, NAN, NAN, NAN,,2024/03/30 16:46:32.899,2024-03-30 16:46:32.899000+00:00
2024/03/30, 16:47:32.899,41.524,-70.672,-0.25,24.92,31.51,0.01, NAN,7.0, NAN,1002.3, NAN,0.0, NAN,102.0, NAN,229, NAN,9.0, NAN,53.8, NAN,9.0, NAN,253.9, NAN,1004.4,895.52,272.71,2138.08,5.8463,5.8476,126.3,0.0,1437.496, NAN, NAN, NAN, NAN,,2024/03/30 16:47:32.899,2024-03-30 16:47:32.899000+00:00
2024/03/30, 16:48:32.899,41.524,-70.672,-0.1,24.85,65.77,0.01, NAN,7.0, NAN,1002.3, NAN,0.0, NAN,102.0, NAN,226, NAN,8.7, NAN,53.6, NAN,8.7, NAN,250.9, NAN,1004.4,894.35,272.45,2136.88,5.8464,5.8468,126.0,0.0,1437.493, NAN, NAN, NAN, NAN,,2024/03/30 16:48:32.899,2024-03-30 16:48:32.899000+00:00
2024/03/30, 16:49:32.899,41.524,-70.672,0.08,24.94,148.31,0.01, NAN,7.0, NAN,1002.3, NAN,0.0, NAN,102.0, NAN,229, NAN,8.6, NAN,53.5, NAN,8.6, NAN,254.0, NAN,1004.4,893.27,272.39,2135.26,5.8464,5.8455,126.3,0.0,1437.487, NAN, NAN, NAN, NAN,,2024/03/30 16:49:32.899,2024-03-30 16:49:32.899000+00:00
2024/03/30, 16:50:32.899,41.524,-70.672,0.25,24.79,109.59,0.02, NAN,7.0, NAN,1002.3, NAN,0.0, NAN,102.0, NAN,230, NAN,8.4, NAN,53.4, NAN,8.4, NAN,254.9, NAN,1004.4,892.52,272.47,2134.37,5.8466,5.8464,126.9,0.0,1437.492, NAN, NAN, NAN, NAN,,2024/03/30 16:50:32.899,2024-03-30 16:50:32.899000+00:00
2024/03/30, 16:51:32.899,41.524,-70.672,-0.55,24.98,96.58,0.01, NAN,7.0, NAN,1002.3, NAN,0.0, NAN,102.0, NAN,234, NAN,6.6, NAN,54.9, NAN,6.6, NAN,259.0, NAN,1004.4,888.72,272.58,2135.37,5.8467,5.8471,126.6,0.0,1437.495, NAN, NAN, NAN, NAN,,2024/03/30 16:51:32.899,2024-03-30 16:51:32.899000+00:00
2024/03/30, 16:52:32.899,41.524,-70.672,0.17,24.99,122.44,0.03, NAN,7.0, NAN,1002.3, NAN,0.0, NAN,102.0, NAN,230, NAN,9.5, NAN,55.2, NAN,9.5, NAN,255.1, NAN,1004.4,888.98,272.23,2135.97,5.8467,5.8466,126.3,0.0,1437.493, NAN, NAN, NAN, NAN,,2024/03/30 16:52:32.899,2024-03-30 16:52:32.899000+00:00
2024/03/30, 16:53:32.899,41.524,-70.672,0.1,24.98,189.35,0.0, NAN,7.0, NAN,1002.3, NAN,0.0, NAN,102.0, NAN,246, NAN,8.3, NAN,54.6, NAN,8.3, NAN,271.0, NAN,1004.4,888.87,272.16,2136.54,5.8467,5.8506,126.6,0.5,1437.51, NAN, NAN, NAN, NAN,,2024/03/30 16:53:32.899,2024-03-30 16:53:32.899000+00:00
2024/03/30, 16:54:32.899,41.524,-70.672,0.19,25.02,125.57,0.01, NAN,7.1, NAN,1002.3, NAN,0.0, NAN,102.0, NAN,245, NAN,10.2, NAN,56.2, NAN,10.2, NAN,270.0, NAN,1004.4,889.04,271.52,2136.79,5.8468,5.8557,126.3,0.0,1437.532, NAN, NAN, NAN, NAN,,2024/03/30 16:54:32.899,2024-03-30 16:54:32.899000+00:00
2024/03/30, 16:55:32.899,41.524,-70.672,-0.16,24.94,287.96,0.01, NAN,7.1, NAN,1002.3, NAN,0.0, NAN,102.0, NAN,239, NAN,9.2, NAN,53.9, NAN,9.2, NAN,263.9, NAN,1004.4,889.84,271.77,2138.03,5.8469,5.8601,126.6,0.0,1437.551, NAN, NAN, NAN, NAN,,2024/03/30 16:55:32.899,2024-03-30 16:55:32.899000+00:00
2024/03/30, 16:56:32.899,41.524,-70.672,0.23,24.96,5.58,0.0, NAN,7.1, NAN,1002.3, NAN,0.0, NAN,102.0, NAN,241, NAN,10.0, NAN,55.0, NAN,10.0, NAN,266.0, NAN,1004.4,889.23,271.54,2137.11,5.847,5.8628,126.9,0.0,1437.563, NAN, NAN, NAN, NAN,,2024/03/30 16:56:32.899,2024-03-30 16:56:32.899000+00:00
2024/03/30, 16:57:32.899,41.524,-70.672,0.08,24.97,221.72,0.01, NAN,7.1, NAN,1002.3, NAN,0.0, NAN,102.0, NAN,238, NAN,9.1, NAN,51.1, NAN,9.1, NAN,263.0, NAN,1004.4,889.43,272.01,2137.32,5.8471,5.8636,126.0,0.0,1437.567, NAN, NAN, NAN, NAN,,2024/03/30 16:57:32.899,2024-03-30 16:57:32.899000+00:00
2024/03/30, 16:58:32.899,41.524,-70.672,0.09,25.03,199.02,0.02, NAN,7.1, NAN,1002.3, NAN,0.0, NAN,102.0, NAN,231, NAN,8.2, NAN,51.9, NAN,8.2, NAN,256.1, NAN,1004.4,889.5,272.51,2137.91,5.8473,5.8663,126.3,0.0,1437.579, NAN, NAN, NAN, NAN,,2024/03/30 16:58:32.899,2024-03-30 16:58:32.899000+00:00
2024/03/30, 16:59:32.899,41.524,-70.672,0.02,25.01,89.6,0.01, NAN,7.1, NAN,1002.4, NAN,0.0, NAN,102.0, NAN,246, NAN,5.9, NAN,52.4, NAN,5.9, NAN,271.0, NAN,1004.5,888.96,272.39,2137.46,5.8473,5.8682,126.3,0.0,1437.587, NAN, NAN, NAN, NAN,,2024/03/30 16:59:32.899,2024-03-30 16:59:32.899000+00:00
2024/03/30, 17:00:32.899,41.524,-70.672,-0.06,25.05,339.14,0.01, NAN,7.2, NAN,1002.4, NAN,0.0, NAN,102.0, NAN,247, NAN,4.9, NAN,52.0, NAN,4.9, NAN,272.0, NAN,1004.5,887.65,272.96,2136.02,5.8475,5.8689,126.0,0.0,1437.59, NAN, NAN, NAN, NAN,,2024/03/30 17:00:32.899,2024-03-30 17:00:32.899000+00:00
2024/03/30, 17:01:32.899,41.524,-70.672,-0.02,25.1,65.36,0.01, NAN,7.2, NAN,1002.4, NAN,0.0, NAN,102.0, NAN,238, NAN,4.7, NAN,53.1, NAN,4.7, NAN,263.1, NAN,1004.5,886.49,272.91,2134.24,5.8475,5.8694,126.0,0.0,1437.592, NAN, NAN, NAN, NAN,,2024/03/30 17:01:32.899,2024-03-30 17:01:32.899000+00:00
2024/03/30, 17:02:32.899,41.524,-70.672,0.15,25.15,258.41,0.0, NAN,7.3, NAN,1002.4, NAN,0.0, NAN,102.0, NAN,237, NAN,7.1, NAN,54.0, NAN,7.1, NAN,262.1, NAN,1004.5,886.2,273.21,2134.34,5.8477,5.8704,126.6,0.0,1437.597, NAN, NAN, NAN, NAN,,2024/03/30 17:02:32.899,2024-03-30 17:02:32.899000+00:00
2024/03/30, 17:03:32.900,41.524,-70.672,0.04,25.19,83.72,0.0, NAN,7.3, NAN,1002.4, NAN,0.0, NAN,102.0, NAN,234, NAN,10.7, NAN,53.9, NAN,10.7, NAN,259.2, NAN,1004.5,885.33,272.51,2132.74,5.8479,5.8727,126.6,0.0,1437.607, NAN, NAN, NAN, NAN,,2024/03/30 17:03:32.900,2024-03-30 17:03:32.900000+00:00
2024/03/30, 17:04:32.900,41.524,-70.672,-0.02,25.14,298.74,0.01, NAN,7.3, NAN,1002.4, NAN,0.0, NAN,102.0, NAN,239, NAN,8.4, NAN,52.2, NAN,8.4, NAN,264.1, NAN,1004.5,885.12,272.96,2132.06,5.848,5.8749,126.0,0.0,1437.617, NAN, NAN, NAN, NAN,,2024/03/30 17:04:32.900,2024-03-30 17:04:32.900000+00:00
2024/03/30, 17:05:32.900,41.524,-70.672,-0.05,25.03,248.34,0.01, NAN,7.3, NAN,1002.3, NAN,0.0, NAN,102.0, NAN,229, NAN,7.4, NAN,52.4, NAN,7.4, NAN,254.0, NAN,1004.4,885.39,272.98,2132.37,5.8481,5.8756,126.0,0.0,1437.62, NAN, NAN, NAN, NAN,,2024/03/30 17:05:32.900,2024-03-30 17:05:32.900000+00:00
2024/03/30, 17:06:32.900,41.524,-70.672,-0.05,25.11,45.1,0.0, NAN,7.3, NAN,1002.4, NAN,0.0, NAN,102.0, NAN,228, NAN,10.1, NAN,52.3, NAN,10.1, NAN,253.1, NAN,1004.5,885.74,272.21,2133.88,5.8483,5.8756,126.3,0.0,1437.62, NAN, NAN, NAN, NAN,,2024/03/30 17:06:32.900,2024-03-30 17:06:32.900000+00:00
2024/03/30, 17:07:32.900,41.524,-70.672,-0.01,25.11,125.8,0.02, NAN,7.4, NAN,1002.3, NAN,0.0, NAN,102.0, NAN,230, NAN,9.4, NAN,52.0, NAN,9.4, NAN,255.2, NAN,1004.4,886.22,272.27,2134.8,5.8484,5.8766,126.3,0.0,1437.624, NAN, NAN, NAN, NAN,,2024/03/30 17:07:32.900,2024-03-30 17:07:32.900000+00:00
2024/03/30, 17:08:32.900,41.524,-70.672,0.06,25.1,359.01,0.01, NAN,7.3, NAN,1002.4, NAN,0.0, NAN,102.0, NAN,241, NAN,8.9, NAN,52.8, NAN,8.9, NAN,266.1, NAN,1004.5,885.71,272.23,2134.13,5.8485,5.879,126.9,0.0,1437.635, NAN, NAN, NAN, NAN,,2024/03/30 17:08:32.900,2024-03-30 17:08:32.900000+00:00
2024/03/30, 17:09:32.900,41.524,-70.672,0.06,25.04,309.78,0.02, NAN,7.3, NAN,1002.4, NAN,0.0, NAN,102.0, NAN,247, NAN,4.8, NAN,54.6, NAN,4.8, NAN,272.0, NAN,1004.5,886.32,272.34,2135.61,5.8485,5.8815,126.6,0.0,1437.646, NAN, NAN, NAN, NAN,,2024/03/30 17:09:32.900,2024-03-30 17:09:32.900000+00:00
2024/03/30, 17:10:32.900,41.524,-70.672,0.06,25.08,340.11,0.02, NAN,7.3, NAN,1002.3, NAN,0.0, NAN,102.0, NAN,232, NAN,8.6, NAN,56.7, NAN,8.6, NAN,257.0, NAN,1004.4,884.89,271.81,2134.62,5.8486,5.8834,126.6,0.0,1437.654, NAN, NAN, NAN, NAN,,2024/03/30 17:10:32.900,2024-03-30 17:10:32.900000+00:00
2024/03/30, 17:11:32.900,41.524,-70.672,0.06,25.11,60.76,0.01, NAN,7.3, NAN,1002.3, NAN,0.0, NAN,102.0, NAN,251, NAN,7.6, NAN,56.6, NAN,7.6, NAN,276.1, NAN,1004.4,884.2,271.79,2134.94,5.8489,5.8866,126.0,0.0,1437.668, NAN, NAN, NAN, NAN,,2024/03/30 17:11:32.900,2024-03-30 17:11:32.900000+00:00
2024/03/30, 17:12:32.900,41.524,-70.672,0.06,25.11,55.21,0.0, NAN,7.2, NAN,1002.3, NAN,0.0, NAN,102.0, NAN,238, NAN,9.4, NAN,57.7, NAN,9.4, NAN,263.1, NAN,1004.4,882.73,271.69,2133.78,5.8489,5.8872,126.6,0.0,1437.671, NAN, NAN, NAN, NAN,,2024/03/30 17:12:32.900,2024-03-30 17:12:32.900000+00:00
2024/03/30, 17:13:32.900,41.524,-70.672,0.06,25.06,96.58,0.01, NAN,7.2, NAN,1002.3, NAN,0.0, NAN,102.0, NAN,230, NAN,9.5, NAN,57.5, NAN,9.5, NAN,255.1, NAN,1004.4,882.4,272.0,2134.06,5.8491,5.8863,126.6,0.0,1437.667, NAN, NAN, NAN, NAN,,2024/03/30 17:13:32.900,2024-03-30 17:13:32.900000+00:00
2024/03/30, 17:14:32.900,41.524,-70.672,0.06,25.03,60.81,0.0, NAN,7.2, NAN,1002.3, NAN,0.0, NAN,102.0, NAN,242, NAN,7.5, NAN,57.2, NAN,7.5, NAN,267.0, NAN,1004.4,882.3,272.03,2134.16,5.8493,5.8851,126.6,0.0,1437.662, NAN, NAN, NAN, NAN,,2024/03/30 17:14:32.900,2024-03-30 17:14:32.900000+00:00
2024/03/30, 17:15:32.900,41.524,-70.672,0.06,24.98,199.18,0.01, NAN,7.3, NAN,1002.3, NAN,0.0, NAN,102.0, NAN,237, NAN,7.4, NAN,58.7, NAN,7.4, NAN,262.0, NAN,1004.4,882.55,272.77,2135.93,5.8495,5.8854,126.3,0.0,1437.664, NAN, NAN, NAN, NAN,,2024/03/30 17:15:32.900,2024-03-30 17:15:32.900000+00:00
2024/03/30, 17:16:32.900,41.524,-70.672,0.06,25.04,314.22,0.01, NAN,7.3, NAN,1002.3, NAN,0.0, NAN,102.0, NAN,234, NAN,5.1, NAN,58.3, NAN,5.1, NAN,259.0, NAN,1004.4,881.9,272.58,2134.84,5.8496,5.887,126.6,0.0,1437.671, NAN, NAN, NAN, NAN,,2024/03/30 17:16:32.900,2024-03-30 17:16:32.900000+00:00
2024/03/30, 17:17:32.900,41.524,-70.672,0.06,24.99,260.69,0.0, NAN,7.3, NAN,1002.4, NAN,0.0, NAN,102.0, NAN,237, NAN,9.6, NAN,60.2, NAN,9.6, NAN,262.0, NAN,1004.5,881.35,272.07,2135.06,5.8496,5.8875,126.6,0.0,1437.673, NAN, NAN, NAN, NAN,,2024/03/30 17:17:32.900,2024-03-30 17:17:32.900000+00:00
2024/03/30, 17:18:32.900,41.524,-70.672,0.06,25.04,284.79,0.01, NAN,7.3, NAN,1002.4, NAN,0.0, NAN,102.0, NAN,237, NAN,9.2, NAN,58.5, NAN,9.2, NAN,262.0, NAN,1004.5,880.11,272.53,2133.84,5.8498,5.8875,126.3,0.0,1437.673, NAN, NAN, NAN, NAN,,2024/03/30 17:18:32.900,2024-03-30 17:18:32.900000+00:00
2024/03/30, 17:19:32.901,41.524,-70.672,0.06,24.99,268.78,0.01, NAN,7.3, NAN,1002.3, NAN,0.0, NAN,102.0, NAN,240, NAN,9.1, NAN,56.0, NAN,9.1, NAN,265.0, NAN,1004.4,879.83,272.7,2134.49,5.8499,5.8878,126.0,0.0,1437.675, NAN, NAN, NAN, NAN,,2024/03/30 17:19:32.901,2024-03-30 17:19:32.901000+00:00
2024/03/30, 17:20:32.901,41.524,-70.672,0.06,25.05,331.22,0.01, NAN,7.3, NAN,1002.4, NAN,0.0, NAN,102.0, NAN,239, NAN,6.4, NAN,55.6, NAN,6.4, NAN,264.0, NAN,1004.5,879.7,273.37,2133.65,5.85,5.8889,126.6,0.0,1437.68, NAN, NAN, NAN, NAN,,2024/03/30 17:20:32.901,2024-03-30 17:20:32.901000+00:00
2024/03/30, 17:21:32.901,41.524,-70.672,0.06,25.13,96.04,0.0, NAN,7.4, NAN,1002.4, NAN,0.0, NAN,102.0, NAN,241, NAN,10.2, NAN,57.5, NAN,10.2, NAN,266.1, NAN,1004.5,878.49,272.66,2133.43,5.8502,5.8904,125.1,0.0,1437.686, NAN, NAN, NAN, NAN,,2024/03/30 17:21:32.901,2024-03-30 17:21:32.901000+00:00
2024/03/30, 17:22:32.901,41.524,-70.672,0.06,25.1,352.37,0.01, NAN,7.4, NAN,1002.4, NAN,0.0, NAN,102.0, NAN,242, NAN,10.0, NAN,55.3, NAN,10.0, NAN,267.1, NAN,1004.5,877.95,273.15,2132.28,5.8504,5.8923,124.8,0.0,1437.695, NAN, NAN, NAN, NAN,,2024/03/30 17:22:32.901,2024-03-30 17:22:32.901000+00:00
2024/03/30, 17:23:32.901,41.524,-70.672,0.06,25.08,15.49,0.01, NAN,7.3, NAN,1002.4, NAN,0.0, NAN,102.0, NAN,234, NAN,6.5, NAN,54.7, NAN,6.5, NAN,259.1, NAN,1004.5,877.33,273.9,2133.37,5.8505,5.8933,126.9,0.0,1437.699, NAN, NAN, NAN, NAN,,2024/03/30 17:23:32.901,2024-03-30 17:23:32.901000+00:00
2024/03/30, 17:24:32.901,41.524,-70.672,0.06,25.1,251.25,0.0, NAN,7.4, NAN,1002.4, NAN,0.0, NAN,102.0, NAN,234, NAN,8.5, NAN,56.0, NAN,8.5, NAN,259.1, NAN,1004.5,878.52,273.47,2134.09,5.8507,5.8937,126.0,0.0,1437.701, NAN, NAN, NAN, NAN,,2024/03/30 17:24:32.901,2024-03-30 17:24:32.901000+00:00
2024/03/30, 17:25:32.901,41.524,-70.672,0.06,25.17,335.65,0.01, NAN,7.4, NAN,1002.4, NAN,0.0, NAN,102.0, NAN,238, NAN,9.0, NAN,55.7, NAN,9.0, NAN,263.2, NAN,1004.5,877.32,273.58,2132.99,5.8509,5.895,126.6,0.0,1437.707, NAN, NAN, NAN, NAN,,2024/03/30 17:25:32.901,2024-03-30 17:25:32.901000+00:00
2024/03/30, 17:26:32.901,41.524,-70.672,0.06,25.15,22.61,0.0, NAN,7.4, NAN,1002.4, NAN,0.0, NAN,102.0, NAN,237, NAN,8.4, NAN,54.6, NAN,8.4, NAN,262.1, NAN,1004.5,876.97,273.42,2133.0,5.8511,5.8969,126.9,0.0,1437.716, NAN, NAN, NAN, NAN,,2024/03/30 17:26:32.901,2024-03-30 17:26:32.901000+00:00
2024/03/30, 17:27:32.901,41.524,-70.672,0.06,25.1,7.11,0.0, NAN,7.4, NAN,1002.3, NAN,0.0, NAN,102.0, NAN,237, NAN,8.3, NAN,55.7, NAN,8.3, NAN,262.1, NAN,1004.4,876.71,273.48,2132.89,5.8511,5.8994,126.6,0.0,1437.726, NAN, NAN, NAN, NAN,,2024/03/30 17:27:32.901,2024-03-30 17:27:32.901000+00:00
2024/03/30, 17:28:32.901,41.524,-70.672,0.06,25.16,333.31,0.02, NAN,7.4, NAN,1002.3, NAN,0.0, NAN,102.0, NAN,240, NAN,8.9, NAN,56.9, NAN,8.9, NAN,265.1, NAN,1004.4,877.11,273.57,2132.52,5.8512,5.9012,126.9,0.0,1437.734, NAN, NAN, NAN, NAN,,2024/03/30 17:28:32.901,2024-03-30 17:28:32.901000+00:00
2024/03/30, 17:29:32.901,41.524,-70.672,0.06,25.1,293.72,0.02, NAN,7.4, NAN,1002.3, NAN,0.0, NAN,102.0, NAN,238, NAN,5.8, NAN,58.0, NAN,5.8, NAN,263.0, NAN,1004.4,877.76,273.73,2132.5,5.8514,5.9024,126.3,0.0,1437.74, NAN, NAN, NAN, NAN,,2024/03/30 17:29:32.901,2024-03-30 17:29:32.901000+00:00
2024/03/30, 17:30:32.901,41.524,-70.672,0.06,25.14,218.7,0.02, NAN,7.3, NAN,1002.3, NAN,0.0, NAN,102.0, NAN,235, NAN,8.9, NAN,58.9, NAN,8.9, NAN,260.2, NAN,1004.4,877.87,273.57,2132.51,5.8515,5.9035,126.9,0.0,1437.745, NAN, NAN, NAN, NAN,,2024/03/30 17:30:32.901,2024-03-30 17:30:32.901000+00:00
2024/03/30, 17:31:32.901,41.524,-70.672,0.06,25.25,355.77,0.01, NAN,7.3, NAN,1002.3, NAN,0.0, NAN,102.0, NAN,234, NAN,8.3, NAN,57.7, NAN,8.3, NAN,259.2, NAN,1004.4,879.46,273.69,2133.56,5.8517,5.9059,126.6,0.0,1437.755, NAN, NAN, NAN, NAN,,2024/03/30 17:31:32.901,2024-03-30 17:31:32.901000+00:00
2024/03/30, 17:32:32.901,41.524,-70.672,0.06,25.2,277.24,0.01, NAN,7.4, NAN,1002.3, NAN,0.0, NAN,102.0, NAN,239, NAN,7.9, NAN,56.9, NAN,7.9, NAN,264.2, NAN,1004.4,880.34,273.57,2133.25,5.8517,5.9083,125.1,0.0,1437.766, NAN, NAN, NAN, NAN,,2024/03/30 17:32:32.901,2024-03-30 17:32:32.901000+00:00
2024/03/30, 17:33:32.901,41.524,-70.672,0.06,25.21,65.38,0.02, NAN,7.4, NAN,1002.3, NAN,0.0, NAN,102.0, NAN,252, NAN,6.8, NAN,55.8, NAN,6.8, NAN,277.2, NAN,1004.4,879.83,273.53,2131.37,5.8518,5.9101,126.6,0.0,1437.773, NAN, NAN, NAN, NAN,,2024/03/30 17:33:32.901,2024-03-30 17:33:32.901000+00:00
2024/03/30, 17:34:32.901,41.524,-70.672,0.06,25.19,319.52,0.01, NAN,7.4, NAN,1002.2, NAN,0.0, NAN,102.0, NAN,245, NAN,8.7, NAN,57.1, NAN,8.7, NAN,270.2, NAN,1004.3,879.91,273.28,2130.88,5.852,5.9129,126.3,0.0,1437.786, NAN, NAN, NAN, NAN,,2024/03/30 17:34:32.901,2024-03-30 17:34:32.901000+00:00
2024/03/30, 17:35:32.902,41.524,-70.672,0.06,25.31,18.39,0.0, NAN,7.4, NAN,1002.2, NAN,0.0, NAN,102.0, NAN,246, NAN,9.0, NAN,56.9, NAN,9.0, NAN,271.3, NAN,1004.3,879.87,272.61,2130.75,5.8521,5.9149,126.6,0.0,1437.795, NAN, NAN, NAN, NAN,,2024/03/30 17:35:32.902,2024-03-30 17:35:32.902000+00:00
2024/03/30, 17:36:32.902,41.524,-70.672,0.06,25.32,305.91,0.01, NAN,7.4, NAN,1002.2, NAN,0.0, NAN,102.0, NAN,237, NAN,8.7, NAN,57.9, NAN,8.7, NAN,262.4, NAN,1004.3,880.11,273.18,2129.63,5.8522,5.9162,126.0,0.0,1437.8, NAN, NAN, NAN, NAN,,2024/03/30 17:36:32.902,2024-03-30 17:36:32.902000+00:00
2024/03/30, 17:37:32.902,41.524,-70.672,0.06,25.41,100.63,0.01, NAN,7.4, NAN,1002.3, NAN,0.0, NAN,102.0, NAN,245, NAN,8.5, NAN,56.2, NAN,8.5, NAN,270.4, NAN,1004.4,879.59,273.63,2129.62,5.8524,5.917,126.3,0.0,1437.804, NAN, NAN, NAN, NAN,,2024/03/30 17:37:32.902,2024-03-30 17:37:32.902000+00:00
2024/03/30, 17:38:32.902,41.524,-70.672,0.09,25.41,140.65,0.01, NAN,7.5, NAN,1002.3, NAN,0.0, NAN,102.0, NAN,246, NAN,10.1, NAN,53.1, NAN,10.1, NAN,271.4, NAN,1004.4,879.65,273.88,2130.16,5.8524,5.9174,126.6,0.0,1437.806, NAN, NAN, NAN, NAN,,2024/03/30 17:38:32.902,2024-03-30 17:38:32.902000+00:00
2024/03/30, 17:39:32.902,41.524,-70.672,0.0,25.43,122.72,0.01, NAN,7.6, NAN,1002.3, NAN,0.0, NAN,102.0, NAN,243, NAN,9.6, NAN,51.1, NAN,9.6, NAN,268.4, NAN,1004.4,879.19,274.25,2131.8,5.8525,5.9182,126.6,0.0,1437.809, NAN, NAN, NAN, NAN,,2024/03/30 17:39:32.902,2024-03-30 17:39:32.902000+00:00
2024/03/30, 17:40:32.902,41.524,-70.672,-0.16,25.38,248.95,0.01, NAN,7.7, NAN,1002.3, NAN,0.0, NAN,102.0, NAN,236, NAN,9.9, NAN,49.8, NAN,9.9, NAN,261.4, NAN,1004.4,879.06,274.52,2130.95,5.8526,5.9186,126.0,0.0,1437.811, NAN, NAN, NAN, NAN,,2024/03/30 17:40:32.902,2024-03-30 17:40:32.902000+00:00
2024/03/30, 17:41:32.902,41.524,-70.672,0.06,25.45,65.26,0.0, NAN,7.8, NAN,1002.3, NAN,0.0, NAN,102.0, NAN,242, NAN,9.8, NAN,48.6, NAN,9.8, NAN,267.4, NAN,1004.4,877.78,274.28,2130.93,5.8527,5.9206,126.9,0.0,1437.82, NAN, NAN, NAN, NAN,,2024/03/30 17:41:32.902,2024-03-30 17:41:32.902000+00:00
2024/03/30, 17:42:32.902,41.524,-70.672,0.12,25.47,298.15,0.0, NAN,7.8, NAN,1002.2, NAN,0.0, NAN,102.0, NAN,239, NAN,8.6, NAN,48.1, NAN,8.6, NAN,264.5, NAN,1004.3,875.62,274.13,2130.37,5.8527,5.924,126.3,0.0,1437.835, NAN, NAN, NAN, NAN,,2024/03/30 17:42:32.902,2024-03-30 17:42:32.902000+00:00
2024/03/30, 17:43:32.902,41.524,-70.672,0.06,25.44,32.57,0.0, NAN,7.8, NAN,1002.3, NAN,0.0, NAN,102.0, NAN,242, NAN,9.2, NAN,50.5, NAN,9.2, NAN,267.4, NAN,1004.4,874.93,274.01,2128.8,5.8529,5.9269,126.9,0.0,1437.847, NAN, NAN, NAN, NAN,,2024/03/30 17:43:32.902,2024-03-30 17:43:32.902000+00:00
2024/03/30, 17:44:32.902,41.524,-70.672,0.15,25.43,353.86,0.02, NAN,7.8, NAN,1002.2, NAN,0.0, NAN,102.0, NAN,226, NAN,6.5, NAN,51.7, NAN,6.5, NAN,251.4, NAN,1004.3,875.46,273.92,2129.78,5.8531,5.9297,126.6,0.0,1437.86, NAN, NAN, NAN, NAN,,2024/03/30 17:44:32.902,2024-03-30 17:44:32.902000+00:00
2024/03/30, 17:45:32.902,41.524,-70.672,0.19,25.46,28.15,0.02, NAN,7.8, NAN,1002.2, NAN,0.0, NAN,102.0, NAN,224, NAN,9.4, NAN,55.0, NAN,9.4, NAN,249.4, NAN,1004.3,873.64,273.3,2128.82,5.8531,5.9315,126.9,0.0,1437.867, NAN, NAN, NAN, NAN,,2024/03/30 17:45:32.902,2024-03-30 17:45:32.902000+00:00
2024/03/30, 17:46:32.902,41.524,-70.672,0.09,25.41,28.61,0.01, NAN,7.7, NAN,1002.2, NAN,0.0, NAN,102.0, NAN,236, NAN,6.8, NAN,54.0, NAN,6.8, NAN,261.4, NAN,1004.3,872.46,273.61,2128.09,5.8532,5.9331,126.0,0.0,1437.874, NAN, NAN, NAN, NAN,,2024/03/30 17:46:32.902,2024-03-30 17:46:32.902000+00:00
2024/03/30, 17:47:32.902,41.524,-70.672,-0.05,25.52,232.69,0.01, NAN,7.7, NAN,1002.2, NAN,0.0, NAN,102.0, NAN,252, NAN,9.0, NAN,53.9, NAN,9.0, NAN,277.5, NAN,1004.3,872.67,273.15,2128.53,5.8533,5.9355,126.6,0.0,1437.885, NAN, NAN, NAN, NAN,,2024/03/30 17:47:32.902,2024-03-30 17:47:32.902000+00:00
2024/03/30, 17:48:32.902,41.524,-70.672,0.05,25.49,232.57,0.0, NAN,7.5, NAN,1002.2, NAN,0.0, NAN,102.0, NAN,247, NAN,10.0, NAN,58.1, NAN,10.0, NAN,272.5, NAN,1004.3,872.65,271.77,2129.13,5.8535,5.9376,126.3,0.0,1437.894, NAN, NAN, NAN, NAN,,2024/03/30 17:48:32.902,2024-03-30 17:48:32.902000+00:00
2024/03/30, 17:49:32.902,41.524,-70.672,0.1,25.5,52.52,0.0, NAN,7.4, NAN,1002.2, NAN,0.0, NAN,102.0, NAN,244, NAN,9.2, NAN,57.3, NAN,9.2, NAN,269.5, NAN,1004.3,872.33,271.53,2129.38,5.8535,5.9402,126.3,0.0,1437.905, NAN, NAN, NAN, NAN,,2024/03/30 17:49:32.902,2024-03-30 17:49:32.902000+00:00
2024/03/30, 17:50:32.902,41.524,-70.672,0.2,25.53,39.62,0.01, NAN,7.4, NAN,1002.3, NAN,0.0, NAN,102.0, NAN,249, NAN,8.4, NAN,58.9, NAN,8.4, NAN,274.5, NAN,1004.4,869.91,271.82,2127.88,5.8536,5.9415,126.3,0.0,1437.911, NAN, NAN, NAN, NAN,,2024/03/30 17:50:32.902,2024-03-30 17:50:32.902000+00:00
2024/03/30, 17:51:32.903,41.524,-70.672,0.23,25.57,263.49,0.0, NAN,7.3, NAN,1002.2, NAN,0.0, NAN,102.0, NAN,246, NAN,9.1, NAN,57.7, NAN,9.1, NAN,271.6, NAN,1004.3,868.91,271.9,2128.18,5.8538,5.9422,126.3,0.0,1437.914, NAN, NAN, NAN, NAN,,2024/03/30 17:51:32.903,2024-03-30 17:51:32.903000+00:00
2024/03/30, 17:52:32.903,41.524,-70.672,-0.01,25.58,349.74,0.0, NAN,7.3, NAN,1002.2, NAN,0.0, NAN,102.0, NAN,236, NAN,9.3, NAN,57.3, NAN,9.3, NAN,261.6, NAN,1004.3,867.8,271.84,2126.52,5.8539,5.942,126.9,0.0,1437.914, NAN, NAN, NAN, NAN,,2024/03/30 17:52:32.903,2024-03-30 17:52:32.903000+00:00
2024/03/30, 17:53:32.903,41.524,-70.672,-0.19,25.57,326.27,0.01, NAN,7.2, NAN,1002.2, NAN,0.0, NAN,102.0, NAN,245, NAN,9.7, NAN,58.1, NAN,9.7, NAN,270.6, NAN,1004.3,866.43,272.0,2128.18,5.8541,5.9395,126.6,0.0,1437.903, NAN, NAN, NAN, NAN,,2024/03/30 17:53:32.903,2024-03-30 17:53:32.903000+00:00
2024/03/30, 17:54:32.903,41.524,-70.672,-0.15,25.55,333.89,0.01, NAN,7.2, NAN,1002.2, NAN,0.0, NAN,102.0, NAN,244, NAN,7.1, NAN,57.9, NAN,7.1, NAN,269.5, NAN,1004.3,865.83,272.6,2126.97,5.854,5.9379,126.6,0.0,1437.896, NAN, NAN, NAN, NAN,,2024/03/30 17:54:32.903,2024-03-30 17:54:32.903000+00:00
2024/03/30, 17:55:32.903,41.524,-70.672,-0.12,25.59,222.35,0.02, NAN,7.2, NAN,1002.2, NAN,0.0, NAN,102.0, NAN,233, NAN,8.6, NAN,58.6, NAN,8.6, NAN,258.7, NAN,1004.3,865.39,273.35,2127.49,5.8542,5.9372,126.3,0.0,1437.893, NAN, NAN, NAN, NAN,,2024/03/30 17:55:32.903,2024-03-30 17:55:32.903000+00:00
2024/03/30, 17:56:32.903,41.524,-70.672,0.02,25.57,163.87,0.01, NAN,7.3, NAN,1002.2, NAN,0.0, NAN,102.0, NAN,221, NAN,8.8, NAN,54.2, NAN,8.8, NAN,246.6, NAN,1004.3,864.76,273.17,2127.85,5.8544,5.9375,126.3,0.0,1437.895, NAN, NAN, NAN, NAN,,2024/03/30 17:56:32.903,2024-03-30 17:56:32.903000+00:00
2024/03/30, 17:57:32.903,41.524,-70.672,0.04,25.58,339.85,0.01, NAN,7.4, NAN,1002.1, NAN,0.0, NAN,102.0, NAN,227, NAN,9.1, NAN,51.4, NAN,9.1, NAN,252.6, NAN,1004.2,864.66,273.41,2127.47,5.8545,5.9379,125.7,0.0,1437.897, NAN, NAN, NAN, NAN,,2024/03/30 17:57:32.903,2024-03-30 17:57:32.903000+00:00
2024/03/30, 17:58:32.903,41.524,-70.672,0.02,25.61,64.99,0.01, NAN,7.5, NAN,1002.2, NAN,0.0, NAN,102.0, NAN,228, NAN,9.1, NAN,50.8, NAN,9.1, NAN,253.6, NAN,1004.3,863.73,273.38,2127.07,5.8546,5.9391,127.6,0.0,1437.902, NAN, NAN, NAN, NAN,,2024/03/30 17:58:32.903,2024-03-30 17:58:32.903000+00:00
2024/03/30, 17:59:32.903,41.524,-70.672,0.12,25.54,125.79,0.0, NAN,7.5, NAN,1002.2, NAN,0.0, NAN,102.0, NAN,231, NAN,8.5, NAN,49.8, NAN,8.5, NAN,256.5, NAN,1004.3,861.79,273.08,2126.07,5.8547,5.9404,126.3,0.0,1437.908, NAN, NAN, NAN, NAN,,2024/03/30 17:59:32.903,2024-03-30 17:59:32.903000+00:00
2024/03/30, 18:00:32.903,41.524,-70.672,-0.04,25.5,183.13,0.02, NAN,7.6, NAN,1002.2, NAN,0.0, NAN,102.0, NAN,222, NAN,7.1, NAN,50.4, NAN,7.1, NAN,247.6, NAN,1004.3,859.78,273.17,2125.82,5.8549,5.9416,126.0,0.0,1437.913, NAN, NAN, NAN, NAN,,2024/03/30 18:00:32.903,2024-03-30 18:00:32.903000+00:00
2024/03/30, 18:01:32.903,41.524,-70.672,0.06,25.47,313.92,0.01, NAN,7.6, NAN,1002.2, NAN,0.0, NAN,102.0, NAN,227, NAN,9.0, NAN,50.9, NAN,9.0, NAN,252.4, NAN,1004.3,858.34,273.47,2125.36,5.8549,5.9419,126.6,0.0,1437.915, NAN, NAN, NAN, NAN,,2024/03/30 18:01:32.903,2024-03-30 18:01:32.903000+00:00
2024/03/30, 18:02:32.903,41.524,-70.672,-0.1,25.41,204.03,0.01, NAN,7.6, NAN,1002.3, NAN,0.0, NAN,102.0, NAN,220, NAN,8.9, NAN,49.8, NAN,8.9, NAN,245.4, NAN,1004.4,858.26,273.39,2125.65,5.8551,5.9417,126.0,0.0,1437.914, NAN, NAN, NAN, NAN,,2024/03/30 18:02:32.903,2024-03-30 18:02:32.903000+00:00
2024/03/30, 18:03:32.903,41.524,-70.672,-0.09,25.23,271.89,0.01, NAN,7.6, NAN,1002.2, NAN,0.0, NAN,102.0, NAN,228, NAN,7.6, NAN,49.7, NAN,7.6, NAN,253.2, NAN,1004.3,856.48,273.51,2123.9,5.8552,5.9413,126.9,0.0,1437.912, NAN, NAN, NAN, NAN,,2024/03/30 18:03:32.903,2024-03-30 18:03:32.903000+00:00
2024/03/30, 18:04:32.903,41.524,-70.672,-0.12,24.98,21.92,0.01, NAN,7.6, NAN,1002.2, NAN,0.0, NAN,102.0, NAN,225, NAN,8.8, NAN,51.0, NAN,8.8, NAN,250.0, NAN,1004.3,854.68,273.42,2124.62,5.8554,5.9397,126.6,0.0,1437.906, NAN, NAN, NAN, NAN,,2024/03/30 18:04:32.903,2024-03-30 18:04:32.903000+00:00
2024/03/30, 18:05:32.903,41.524,-70.672,-0.12,24.79,308.5,0.01, NAN,7.7, NAN,1002.2, NAN,0.0, NAN,102.0, NAN,223, NAN,7.1, NAN,51.3, NAN,7.1, NAN,247.8, NAN,1004.3,852.42,273.69,2123.04,5.8555,5.9395,126.3,0.0,1437.905, NAN, NAN, NAN, NAN,,2024/03/30 18:05:32.903,2024-03-30 18:05:32.903000+00:00
2024/03/30, 18:06:32.903,41.524,-70.672,-0.12,24.73,125.31,0.01, NAN,7.7, NAN,1002.2, NAN,0.0, NAN,102.0, NAN,221, NAN,8.0, NAN,50.6, NAN,8.0, NAN,245.8, NAN,1004.3,850.17,273.66,2122.96,5.8557,5.9407,126.0,0.0,1437.91, NAN, NAN, NAN, NAN,,2024/03/30 18:06:32.903,2024-03-30 18:06:32.903000+00:00
2024/03/30, 18:07:32.904,41.524,-70.672,-0.12,24.71,244.83,0.01, NAN,7.8, NAN,1002.1, NAN,0.0, NAN,102.0, NAN,223, NAN,7.8, NAN,50.2, NAN,7.8, NAN,247.7, NAN,1004.2,848.48,273.47,2122.74,5.8559,5.9434,126.6,0.0,1437.922, NAN, NAN, NAN, NAN,,2024/03/30 18:07:32.904,2024-03-30 18:07:32.904000+00:00
2024/03/30, 18:08:32.904,41.524,-70.672,-0.09,24.69,314.92,0.0, NAN,7.8, NAN,1002.0, NAN,0.0, NAN,102.0, NAN,222, NAN,7.5, NAN,50.3, NAN,7.5, NAN,246.7, NAN,1004.1,847.01,273.51,2122.18,5.8559,5.9447,126.0,0.0,1437.928, NAN, NAN, NAN, NAN,,2024/03/30 18:08:32.904,2024-03-30 18:08:32.904000+00:00
2024/03/30, 18:09:32.904,41.524,-70.672,-0.03,24.46,120.77,0.02, NAN,7.8, NAN,1002.2, NAN,0.0, NAN,102.0, NAN,220, NAN,8.7, NAN,52.1, NAN,8.7, NAN,244.5, NAN,1004.3,844.72,273.23,2122.03,5.8561,5.9458,126.0,0.0,1437.933, NAN, NAN, NAN, NAN,,2024/03/30 18:09:32.904,2024-03-30 18:09:32.904000+00:00
2024/03/30, 18:10:32.904,41.524,-70.672,-0.06,24.65,299.29,0.01, NAN,7.8, NAN,1002.0, NAN,0.0, NAN,102.0, NAN,225, NAN,9.5, NAN,51.7, NAN,9.5, NAN,249.6, NAN,1004.1,842.92,273.16,2121.09,5.8562,5.9467,126.6,0.0,1437.937, NAN, NAN, NAN, NAN,,2024/03/30 18:10:32.904,2024-03-30 18:10:32.904000+00:00
2024/03/30, 18:11:32.904,41.524,-70.672,-0.13,24.48,57.93,0.02, NAN,7.7, NAN,1002.0, NAN,0.0, NAN,102.0, NAN,220, NAN,10.1, NAN,50.8, NAN,10.1, NAN,244.5, NAN,1004.1,842.23,273.09,2121.11,5.8563,5.947,125.7,0.0,1437.938, NAN, NAN, NAN, NAN,,2024/03/30 18:11:32.904,2024-03-30 18:11:32.904000+00:00
2024/03/30, 18:12:32.904,41.524,-70.672,-0.11,24.8,69.71,0.0, NAN,7.7, NAN,1002.0, NAN,0.0, NAN,102.0, NAN,223, NAN,9.1, NAN,50.9, NAN,9.1, NAN,247.8, NAN,1004.1,843.52,273.19,2120.79,5.8563,5.9466,126.6,0.0,1437.937, NAN, NAN, NAN, NAN,,2024/03/30 18:12:32.904,2024-03-30 18:12:32.904000+00:00
2024/03/30, 18:13:32.904,41.524,-70.672,-0.17,24.83,352.07,0.02, NAN,7.7, NAN,1002.0, NAN,0.0, NAN,102.0, NAN,231, NAN,8.8, NAN,51.3, NAN,8.8, NAN,255.8, NAN,1004.1,840.76,273.42,2121.39,5.8564,5.9456,126.0,0.0,1437.932, NAN, NAN, NAN, NAN,,2024/03/30 18:13:32.904,2024-03-30 18:13:32.904000+00:00
2024/03/30, 18:14:32.904,41.524,-70.672,-0.23,24.78,178.9,0.01, NAN,7.7, NAN,1002.1, NAN,0.0, NAN,102.0, NAN,227, NAN,7.4, NAN,53.3, NAN,7.4, NAN,251.8, NAN,1004.2,838.9,273.71,2120.6,5.8565,5.946,126.3,0.0,1437.934, NAN, NAN, NAN, NAN,,2024/03/30 18:14:32.904,2024-03-30 18:14:32.904000+00:00
2024/03/30, 18:15:32.904,41.524,-70.672,-0.09,24.69,133.33,0.02, NAN,7.7, NAN,1002.0, NAN,0.0, NAN,102.0, NAN,222, NAN,9.6, NAN,53.3, NAN,9.6, NAN,246.8, NAN,1004.1,836.26,273.73,2119.41,5.8566,5.9475,126.9,0.0,1437.941, NAN, NAN, NAN, NAN,,2024/03/30 18:15:32.904,2024-03-30 18:15:32.904000+00:00
2024/03/30, 18:16:32.904,41.524,-70.672,-0.23,24.8,253.42,0.01, NAN,7.8, NAN,1002.1, NAN,0.0, NAN,102.0, NAN,229, NAN,9.4, NAN,50.9, NAN,9.4, NAN,253.8, NAN,1004.2,833.84,273.8,2119.58,5.8568,5.949,126.0,0.0,1437.948, NAN, NAN, NAN, NAN,,2024/03/30 18:16:32.904,2024-03-30 18:16:32.904000+00:00
2024/03/30, 18:17:32.904,41.524,-70.672,-0.32,24.66,28.29,0.0, NAN,7.9, NAN,1002.1, NAN,0.0, NAN,102.0, NAN,223, NAN,7.3, NAN,50.3, NAN,7.3, NAN,247.7, NAN,1004.2,830.81,274.3,2118.14,5.8568,5.9518,126.0,0.0,1437.96, NAN, NAN, NAN, NAN,,2024/03/30 18:17:32.904,2024-03-30 18:17:32.904000+00:00
2024/03/30, 18:18:32.904,41.524,-70.672,-0.17,24.57,140.51,0.01, NAN,7.9, NAN,1002.0, NAN,0.0, NAN,102.0, NAN,223, NAN,9.5, NAN,52.7, NAN,9.5, NAN,247.6, NAN,1004.1,829.24,273.97,2118.21,5.8569,5.9557,126.3,0.0,1437.977, NAN, NAN, NAN, NAN,,2024/03/30 18:18:32.904,2024-03-30 18:18:32.904000+00:00
2024/03/30, 18:19:32.904,41.524,-70.672,-0.08,24.6,194.49,0.01, NAN,7.9, NAN,1002.0, NAN,0.0, NAN,102.0, NAN,220, NAN,9.0, NAN,52.0, NAN,9.0, NAN,244.6, NAN,1004.1,827.67,274.07,2118.4,5.8572,5.959,126.6,0.0,1437.991, NAN, NAN, NAN, NAN,,2024/03/30 18:19:32.904,2024-03-30 18:19:32.904000+00:00
2024/03/30, 18:20:32.904,41.524,-70.672,-0.01,24.57,262.64,0.01, NAN,7.9, NAN,1002.1, NAN,0.0, NAN,102.0, NAN,221, NAN,9.6, NAN,52.0, NAN,9.6, NAN,245.5, NAN,1004.2,823.8,274.21,2117.78,5.8573,5.9625,126.0,0.0,1438.006, NAN, NAN, NAN, NAN,,2024/03/30 18:20:32.904,2024-03-30 18:20:32.904000+00:00
2024/03/30, 18:21:32.904,41.524,-70.672,-0.08,24.53,307.97,0.0, NAN,7.9, NAN,1002.0, NAN,0.0, NAN,102.0, NAN,228, NAN,9.7, NAN,51.2, NAN,9.7, NAN,252.5, NAN,1004.1,820.19,274.33,2117.24,5.8574,5.9643,125.7,0.0,1438.014, NAN, NAN, NAN, NAN,,2024/03/30 18:21:32.904,2024-03-30 18:21:32.904000+00:00
2024/03/30, 18:22:32.904,41.524,-70.672,0.04,24.46,90.2,0.01, NAN,7.9, NAN,1002.1, NAN,0.0, NAN,102.0, NAN,218, NAN,10.5, NAN,50.2, NAN,10.5, NAN,242.4, NAN,1004.2,816.82,273.77,2116.13,5.8576,5.9662,126.6,0.0,1438.023, NAN, NAN, NAN, NAN,,2024/03/30 18:22:32.904,2024-03-30 18:22:32.904000+00:00
2024/03/30, 18:23:32.904,41.524,-70.672,-0.04,24.47,86.24,0.01, NAN,7.9, NAN,1002.1, NAN,0.0, NAN,102.0, NAN,224, NAN,9.9, NAN,50.6, NAN,9.9, NAN,248.5, NAN,1004.2,813.61,273.54,2115.75,5.8578,5.9689,126.0,0.0,1438.035, NAN, NAN, NAN, NAN,,2024/03/30 18:23:32.904,2024-03-30 18:23:32.904000+00:00
2024/03/30, 18:24:32.905,41.524,-70.672,-0.13,24.44,24.64,0.0, NAN,7.9, NAN,1002.1, NAN,0.0, NAN,102.0, NAN,224, NAN,8.6, NAN,51.1, NAN,8.6, NAN,248.4, NAN,1004.2,809.36,274.13,2112.5,5.8579,5.9719,126.6,0.0,1438.048, NAN, NAN, NAN, NAN,,2024/03/30 18:24:32.905,2024-03-30 18:24:32.905000+00:00
2024/03/30, 18:25:32.905,41.524,-70.672,-0.06,24.52,313.01,0.01, NAN,7.9, NAN,1002.0, NAN,0.0, NAN,102.0, NAN,229, NAN,9.0, NAN,50.8, NAN,9.0, NAN,253.5, NAN,1004.1,806.32,274.62,2113.82,5.858,5.9757,126.0,0.0,1438.064, NAN, NAN, NAN, NAN,,2024/03/30 18:25:32.905,2024-03-30 18:25:32.905000+00:00
2024/03/30, 18:26:32.905,41.524,-70.672,-0.17,24.37,196.4,0.01, NAN,7.9, NAN,1002.1, NAN,0.0, NAN,102.0, NAN,225, NAN,8.1, NAN,49.0, NAN,8.1, NAN,249.4, NAN,1004.2,802.75,275.07,2112.85,5.8582,5.9795,126.3,0.0,1438.081, NAN, NAN, NAN, NAN,,2024/03/30 18:26:32.905,2024-03-30 18:26:32.905000+00:00
2024/03/30, 18:27:32.905,41.524,-70.672,0.0,24.42,316.87,0.01, NAN,8.0, NAN,1002.0, NAN,0.0, NAN,102.0, NAN,216, NAN,10.1, NAN,47.9, NAN,10.1, NAN,240.4, NAN,1004.1,800.27,274.48,2113.2,5.8583,5.9822,126.3,0.0,1438.093, NAN, NAN, NAN, NAN,,2024/03/30 18:27:32.905,2024-03-30 18:27:32.905000+00:00
2024/03/30, 18:28:32.905,41.524,-70.672,-0.09,24.45,320.55,0.02, NAN,8.1, NAN,1002.1, NAN,0.0, NAN,102.0, NAN,221, NAN,10.4, NAN,48.0, NAN,10.4, NAN,245.4, NAN,1004.2,796.61,274.86,2112.74,5.8584,5.9852,126.3,0.0,1438.106, NAN, NAN, NAN, NAN,,2024/03/30 18:28:32.905,2024-03-30 18:28:32.905000+00:00
2024/03/30, 18:29:32.905,41.524,-70.672,-0.14,24.31,149.87,0.02, NAN,8.1, NAN,1002.0, NAN,0.0, NAN,102.0, NAN,227, NAN,9.0, NAN,48.5, NAN,9.0, NAN,251.4, NAN,1004.1,792.4,275.07,2110.74,5.8585,5.988,126.3,0.0,1438.118, NAN, NAN, NAN, NAN,,2024/03/30 18:29:32.905,2024-03-30 18:29:32.905000+00:00
2024/03/30, 18:30:32.905,41.524,-70.672,0.02,24.27,78.59,0.01, NAN,8.1, NAN,1002.0, NAN,0.0, NAN,102.0, NAN,222, NAN,9.6, NAN,50.0, NAN,9.6, NAN,246.3, NAN,1004.1,788.28,274.62,2109.37,5.8587,5.9913,126.0,0.0,1438.132, NAN, NAN, NAN, NAN,,2024/03/30 18:30:32.905,2024-03-30 18:30:32.905000+00:00
2024/03/30, 18:31:32.905,41.524,-70.672,-0.09,24.27,46.26,0.0, NAN,8.1, NAN,1002.0, NAN,0.0, NAN,102.0, NAN,227, NAN,8.1, NAN,49.7, NAN,8.1, NAN,251.3, NAN,1004.1,785.82,274.42,2109.04,5.859,5.9937,126.6,0.0,1438.143, NAN, NAN, NAN, NAN,,2024/03/30 18:31:32.905,2024-03-30 18:31:32.905000+00:00
2024/03/30, 18:32:32.905,41.524,-70.672,0.14,24.26,330.49,0.02, NAN,8.1, NAN,1001.9, NAN,0.0, NAN,102.0, NAN,218, NAN,10.9, NAN,52.6, NAN,10.9, NAN,242.2, NAN,1004.0,783.03,274.26,2109.36,5.8589,5.9962,126.0,0.0,1438.154, NAN, NAN, NAN, NAN,,2024/03/30 18:32:32.905,2024-03-30 18:32:32.905000+00:00
2024/03/30, 18:33:32.905,41.524,-70.672,-0.1,24.27,203.24,0.0, NAN,8.1, NAN,1002.0, NAN,0.0, NAN,102.0, NAN,221, NAN,10.0, NAN,51.6, NAN,10.0, NAN,245.3, NAN,1004.1,779.25,274.16,2108.37,5.8591,5.9986,126.0,0.0,1438.164, NAN, NAN, NAN, NAN,,2024/03/30 18:33:32.905,2024-03-30 18:33:32.905000+00:00
2024/03/30, 18:34:32.905,41.524,-70.672,0.03,24.26,156.93,0.01, NAN,8.0, NAN,1001.9, NAN,0.0, NAN,102.0, NAN,223, NAN,9.1, NAN,53.6, NAN,9.1, NAN,247.3, NAN,1004.0,777.09,274.4,2108.55,5.8592,6.0001,126.6,0.0,1438.171, NAN, NAN, NAN, NAN,,2024/03/30 18:34:32.905,2024-03-30 18:34:32.905000+00:00
2024/03/30, 18:35:32.905,41.524,-70.672,-0.02,24.23,329.46,0.0, NAN,8.0, NAN,1002.0, NAN,0.0, NAN,102.0, NAN,217, NAN,9.1, NAN,54.9, NAN,9.1, NAN,241.2, NAN,1004.1,772.53,274.53,2106.89,5.8593,6.0002,126.6,0.0,1438.171, NAN, NAN, NAN, NAN,,2024/03/30 18:35:32.905,2024-03-30 18:35:32.905000+00:00
2024/03/30, 18:36:32.905,41.524,-70.672,0.26,24.17,96.34,0.01, NAN,8.0, NAN,1001.9, NAN,0.0, NAN,102.0, NAN,214, NAN,8.1, NAN,55.1, NAN,8.1, NAN,238.2, NAN,1004.0,768.3,274.11,2105.38,5.8594,6.0012,126.0,0.0,1438.176, NAN, NAN, NAN, NAN,,2024/03/30 18:36:32.905,2024-03-30 18:36:32.905000+00:00
2024/03/30, 18:37:32.905,41.524,-70.672,0.14,24.15,1.5,0.01, NAN,7.9, NAN,1001.8, NAN,0.0, NAN,102.0, NAN,223, NAN,8.8, NAN,55.4, NAN,8.8, NAN,247.1, NAN,1003.9,766.14,273.71,2105.75,5.8595,6.0031,126.6,0.0,1438.184, NAN, NAN, NAN, NAN,,2024/03/30 18:37:32.905,2024-03-30 18:37:32.905000+00:00
2024/03/30, 18:38:32.905,41.524,-70.672,0.29,24.17,311.04,0.01, NAN,7.9, NAN,1002.0, NAN,0.0, NAN,102.0, NAN,224, NAN,9.2, NAN,55.3, NAN,9.2, NAN,248.2, NAN,1004.1,765.05,272.98,2106.0,5.8596,6.0039,126.3,0.0,1438.188, NAN, NAN, NAN, NAN,,2024/03/30 18:38:32.905,2024-03-30 18:38:32.905000+00:00
2024/03/30, 18:39:32.905,41.524,-70.672,0.07,24.25,256.13,0.01, NAN,7.9, NAN,1001.8, NAN,0.0, NAN,102.0, NAN,219, NAN,11.9, NAN,55.4, NAN,11.9, NAN,243.2, NAN,1003.9,760.72,272.33,2104.31,5.8596,6.0052,126.6,0.0,1438.193, NAN, NAN, NAN, NAN,,2024/03/30 18:39:32.905,2024-03-30 18:39:32.905000+00:00
2024/03/30, 18:40:32.906,41.524,-70.672,0.21,24.22,283.62,0.01, NAN,7.7, NAN,1001.8, NAN,0.0, NAN,102.0, NAN,226, NAN,11.0, NAN,54.9, NAN,11.0, NAN,250.2, NAN,1003.9,757.61,272.4,2103.11,5.8597,6.007,126.3,0.0,1438.201, NAN, NAN, NAN, NAN,,2024/03/30 18:40:32.906,2024-03-30 18:40:32.906000+00:00
2024/03/30, 18:41:32.906,41.524,-70.672,0.04,24.22,272.16,0.01, NAN,7.6, NAN,1001.8, NAN,0.0, NAN,102.0, NAN,221, NAN,9.2, NAN,55.8, NAN,9.2, NAN,245.2, NAN,1003.9,754.54,272.95,2102.24,5.8598,6.0098,126.6,0.0,1438.213, NAN, NAN, NAN, NAN,,2024/03/30 18:41:32.906,2024-03-30 18:41:32.906000+00:00
2024/03/30, 18:42:32.906,41.524,-70.672,0.14,24.13,104.66,0.0, NAN,7.6, NAN,1001.8, NAN,0.0, NAN,102.0, NAN,217, NAN,9.9, NAN,55.9, NAN,9.9, NAN,241.1, NAN,1003.9,751.57,272.76,2101.86,5.8599,6.0121,126.3,0.0,1438.223, NAN, NAN, NAN, NAN,,2024/03/30 18:42:32.906,2024-03-30 18:42:32.906000+00:00
2024/03/30, 18:43:32.906,41.524,-70.672,0.05,24.21,252.52,0.0, NAN,7.6, NAN,1001.8, NAN,0.0, NAN,102.0, NAN,226, NAN,8.6, NAN,57.5, NAN,8.6, NAN,250.2, NAN,1003.9,749.12,272.85,2100.81,5.86,6.0138,125.4,0.0,1438.231, NAN, NAN, NAN, NAN,,2024/03/30 18:43:32.906,2024-03-30 18:43:32.906000+00:00
2024/03/30, 18:44:32.906,41.524,-70.672,0.08,24.19,300.31,0.0, NAN,7.6, NAN,1001.8, NAN,0.0, NAN,102.0, NAN,220, NAN,8.9, NAN,57.3, NAN,8.9, NAN,244.2, NAN,1003.9,746.38,273.16,2099.86,5.86,6.0165,126.6,0.0,1438.243, NAN, NAN, NAN, NAN,,2024/03/30 18:44:32.906,2024-03-30 18:44:32.906000+00:00
2024/03/30, 18:45:32.906,41.524,-70.672,0.0,24.13,39.71,0.01, NAN,7.6, NAN,1001.8, NAN,0.0, NAN,102.0, NAN,224, NAN,8.1, NAN,57.2, NAN,8.1, NAN,248.2, NAN,1003.9,742.18,273.2,2097.23,5.8601,6.0193,126.3,0.0,1438.255, NAN, NAN, NAN, NAN,,2024/03/30 18:45:32.906,2024-03-30 18:45:32.906000+00:00
2024/03/30, 18:46:32.906,41.524,-70.672,-0.07,24.17,297.06,0.01, NAN,7.6, NAN,1001.8, NAN,0.0, NAN,102.0, NAN,220, NAN,9.6, NAN,57.2, NAN,9.6, NAN,244.1, NAN,1003.9,740.64,273.53,2097.71,5.8601,6.0211,126.3,0.0,1438.262, NAN, NAN, NAN, NAN,,2024/03/30 18:46:32.906,2024-03-30 18:46:32.906000+00:00
2024/03/30, 18:47:32.906,41.524,-70.672,0.03,24.22,312.81,0.0, NAN,7.6, NAN,1001.8, NAN,0.0, NAN,102.0, NAN,223, NAN,9.7, NAN,57.4, NAN,9.7, NAN,247.2, NAN,1003.9,737.04,273.8,2095.44,5.8601,6.0227,126.3,0.0,1438.269, NAN, NAN, NAN, NAN,,2024/03/30 18:47:32.906,2024-03-30 18:47:32.906000+00:00
2024/03/30, 18:48:32.906,41.524,-70.672,-0.08,24.18,91.74,0.01, NAN,7.6, NAN,1001.8, NAN,0.0, NAN,102.0, NAN,226, NAN,9.7, NAN,56.6, NAN,9.7, NAN,250.2, NAN,1003.9,734.63,273.77,2094.01,5.8603,6.0239,126.0,0.0,1438.275, NAN, NAN, NAN, NAN,,2024/03/30 18:48:32.906,2024-03-30 18:48:32.906000+00:00
2024/03/30, 18:49:32.906,41.524,-70.672,0.08,24.12,81.11,0.01, NAN,7.7, NAN,1001.8, NAN,0.0, NAN,102.0, NAN,215, NAN,10.1, NAN,56.8, NAN,10.1, NAN,239.1, NAN,1003.9,732.61,273.65,2093.77,5.8603,6.0249,126.9,0.0,1438.279, NAN, NAN, NAN, NAN,,2024/03/30 18:49:32.906,2024-03-30 18:49:32.906000+00:00
2024/03/30, 18:50:32.906,41.524,-70.672,-0.12,24.13,53.5,0.01, NAN,7.7, NAN,1001.8, NAN,0.0, NAN,102.0, NAN,215, NAN,11.2, NAN,56.5, NAN,11.2, NAN,239.1, NAN,1003.9,730.8,272.97,2093.23,5.8604,6.0268,126.3,0.0,1438.287, NAN, NAN, NAN, NAN,,2024/03/30 18:50:32.906,2024-03-30 18:50:32.906000+00:00
2024/03/30, 18:51:32.906,41.524,-70.672,0.13,24.2,315.39,0.01, NAN,7.7, NAN,1001.8, NAN,0.0, NAN,102.0, NAN,223, NAN,9.9, NAN,57.1, NAN,9.9, NAN,247.2, NAN,1003.9,729.78,273.4,2093.24,5.8605,6.0278,126.0,0.0,1438.292, NAN, NAN, NAN, NAN,,2024/03/30 18:51:32.906,2024-03-30 18:51:32.906000+00:00
2024/03/30, 18:52:32.906,41.524,-70.672,-0.05,24.14,46.79,0.0, NAN,7.6, NAN,1001.8, NAN,0.0, NAN,102.0, NAN,221, NAN,10.1, NAN,58.6, NAN,10.1, NAN,245.1, NAN,1003.9,727.08,273.38,2092.57,5.8606,6.0286,126.3,0.0,1438.295, NAN, NAN, NAN, NAN,,2024/03/30 18:52:32.906,2024-03-30 18:52:32.906000+00:00
2024/03/30, 18:53:32.906,41.524,-70.672,0.17,24.19,82.67,0.0, NAN,7.6, NAN,1001.8, NAN,0.0, NAN,102.0, NAN,224, NAN,10.5, NAN,57.5, NAN,10.5, NAN,248.2, NAN,1003.9,724.68,272.8,2091.81,5.8606,6.0301,126.6,0.0,1438.302, NAN, NAN, NAN, NAN,,2024/03/30 18:53:32.906,2024-03-30 18:53:32.906000+00:00
2024/03/30, 18:54:32.906,41.524,-70.672,0.2,24.16,311.01,0.0, NAN,7.6, NAN,1001.8, NAN,0.0, NAN,102.0, NAN,219, NAN,10.3, NAN,57.4, NAN,10.3, NAN,243.2, NAN,1003.9,720.64,273.1,2088.86,5.8606,6.0321,126.6,0.0,1438.31, NAN, NAN, NAN, NAN,,2024/03/30 18:54:32.906,2024-03-30 18:54:32.906000+00:00
2024/03/30, 18:55:32.906,41.524,-70.672,0.21,24.18,85.57,0.0, NAN,7.6, NAN,1001.8, NAN,0.0, NAN,102.0, NAN,218, NAN,10.4, NAN,58.3, NAN,10.4, NAN,242.2, NAN,1003.9,718.41,273.17,2088.16,5.8606,6.0349,126.6,0.0,1438.323, NAN, NAN, NAN, NAN,,2024/03/30 18:55:32.906,2024-03-30 18:55:32.906000+00:00
2024/03/30, 18:56:32.907,41.524,-70.672,0.2,24.19,182.36,0.0, NAN,7.6, NAN,1001.8, NAN,0.0, NAN,102.0, NAN,213, NAN,11.3, NAN,57.0, NAN,11.3, NAN,237.2, NAN,1003.9,716.21,273.71,2088.13,5.8607,6.037,126.3,0.0,1438.332, NAN, NAN, NAN, NAN,,2024/03/30 18:56:32.907,2024-03-30 18:56:32.907000+00:00
2024/03/30, 18:57:32.907,41.524,-70.672,0.13,24.13,6.73,0.01, NAN,7.6, NAN,1001.9, NAN,0.0, NAN,102.0, NAN,213, NAN,10.8, NAN,56.9, NAN,10.8, NAN,237.1, NAN,1004.0,714.68,273.69,2087.25,5.8608,6.0385,126.0,0.0,1438.338, NAN, NAN, NAN, NAN,,2024/03/30 18:57:32.907,2024-03-30 18:57:32.907000+00:00
2024/03/30, 18:58:32.907,41.524,-70.672,0.11,24.17,324.07,0.01, NAN,7.6, NAN,1001.7, NAN,0.0, NAN,102.0, NAN,222, NAN,8.7, NAN,58.5, NAN,8.7, NAN,246.1, NAN,1003.8,713.22,273.7,2086.48,5.8608,6.042,126.3,0.0,1438.353, NAN, NAN, NAN, NAN,,2024/03/30 18:58:32.907,2024-03-30 18:58:32.907000+00:00
2024/03/30, 18:59:32.907,41.524,-70.672,-0.01,24.14,78.86,0.01, NAN,7.6, NAN,1001.8, NAN,0.0, NAN,102.0, NAN,215, NAN,7.8, NAN,58.5, NAN,7.8, NAN,239.2, NAN,1003.9,710.75,274.02,2084.28,5.8608,6.046,126.0,0.0,1438.371, NAN, NAN, NAN, NAN,,2024/03/30 18:59:32.907,2024-03-30 18:59:32.907000+00:00
2024/03/30, 19:00:32.907,41.524,-70.672,0.31,24.15,165.21,0.02, NAN,7.6, NAN,1001.6, NAN,0.0, NAN,102.0, NAN,219, NAN,7.4, NAN,59.0, NAN,7.4, NAN,243.2, NAN,1003.7,710.16,273.82,2084.35,5.8609,6.0497,126.0,0.0,1438.387, NAN, NAN, NAN, NAN,,2024/03/30 19:00:32.907,2024-03-30 19:00:32.907000+00:00
2024/03/30, 19:01:32.907,41.524,-70.672,0.14,24.24,313.45,0.01, NAN,7.7, NAN,1001.6, NAN,0.0, NAN,102.0, NAN,218, NAN,10.8, NAN,60.1, NAN,10.8, NAN,242.2, NAN,1003.7,707.27,273.54,2083.04,5.8609,6.0533,125.4,0.0,1438.402, NAN, NAN, NAN, NAN,,2024/03/30 19:01:32.907,2024-03-30 19:01:32.907000+00:00
2024/03/30, 19:02:32.907,41.524,-70.672,-0.02,24.18,134.15,0.01, NAN,7.7, NAN,1001.7, NAN,0.0, NAN,102.0, NAN,214, NAN,8.8, NAN,56.9, NAN,8.8, NAN,238.2, NAN,1003.8,704.79,274.35,2081.38,5.8609,6.0568,126.3,0.0,1438.417, NAN, NAN, NAN, NAN,,2024/03/30 19:02:32.907,2024-03-30 19:02:32.907000+00:00
2024/03/30, 19:03:32.907,41.524,-70.672,0.02,24.24,281.07,0.01, NAN,7.7, NAN,1001.6, NAN,0.0, NAN,102.0, NAN,225, NAN,9.2, NAN,57.0, NAN,9.2, NAN,249.2, NAN,1003.7,702.34,274.12,2080.74,5.8609,6.059,126.3,0.0,1438.427, NAN, NAN, NAN, NAN,,2024/03/30 19:03:32.907,2024-03-30 19:03:32.907000+00:00
2024/03/30, 19:04:32.907,41.524,-70.672,0.03,24.23,51.69,0.0, NAN,7.8, NAN,1001.8, NAN,0.0, NAN,102.0, NAN,222, NAN,9.8, NAN,57.4, NAN,9.8, NAN,246.2, NAN,1003.9,699.84,274.21,2078.81,5.861,6.0602,126.6,0.0,1438.432, NAN, NAN, NAN, NAN,,2024/03/30 19:04:32.907,2024-03-30 19:04:32.907000+00:00
2024/03/30, 19:05:32.907,41.524,-70.672,0.13,24.24,17.46,0.0, NAN,7.8, NAN,1001.6, NAN,0.0, NAN,102.0, NAN,218, NAN,8.2, NAN,57.1, NAN,8.2, NAN,242.2, NAN,1003.7,698.69,273.77,2078.51,5.8611,6.0587,125.4,0.0,1438.426, NAN, NAN, NAN, NAN,,2024/03/30 19:05:32.907,2024-03-30 19:05:32.907000+00:00
2024/03/30, 19:06:32.907,41.524,-70.672,0.24,24.15,107.73,0.02, NAN,7.8, NAN,1001.6, NAN,0.0, NAN,102.0, NAN,217, NAN,10.8, NAN,57.7, NAN,10.8, NAN,241.2, NAN,1003.7,696.04,273.74,2076.27,5.861,6.0562,125.7,0.0,1438.415, NAN, NAN, NAN, NAN,,2024/03/30 19:06:32.907,2024-03-30 19:06:32.907000+00:00
2024/03/30, 19:07:32.907,41.524,-70.672,-0.02,24.23,334.53,0.0, NAN,7.8, NAN,1001.6, NAN,0.0, NAN,102.0, NAN,217, NAN,10.8, NAN,57.9, NAN,10.8, NAN,241.2, NAN,1003.7,693.73,273.9,2075.53,5.8611,6.054,126.3,0.0,1438.405, NAN, NAN, NAN, NAN,,2024/03/30 19:07:32.907,2024-03-30 19:07:32.907000+00:00
2024/03/30, 19:08:32.907,41.524,-70.672,0.02,24.17,122.2,0.03, NAN,7.8, NAN,1001.6, NAN,0.0, NAN,102.0, NAN,220, NAN,9.8, NAN,57.8, NAN,9.8, NAN,244.2, NAN,1003.7,691.93,273.9,2074.43,5.8612,6.0529,126.6,0.0,1438.401, NAN, NAN, NAN, NAN,,2024/03/30 19:08:32.907,2024-03-30 19:08:32.907000+00:00
2024/03/30, 19:09:32.907,41.524,-70.672,0.12,24.23,40.93,0.01, NAN,7.8, NAN,1001.6, NAN,0.0, NAN,102.0, NAN,222, NAN,8.5, NAN,58.0, NAN,8.5, NAN,246.2, NAN,1003.7,689.26,274.03,2073.28,5.8612,6.0529,126.3,0.0,1438.401, NAN, NAN, NAN, NAN,,2024/03/30 19:09:32.907,2024-03-30 19:09:32.907000+00:00
2024/03/30, 19:10:32.907,41.524,-70.672,0.11,24.33,301.01,0.01, NAN,7.8, NAN,1001.6, NAN,0.0, NAN,102.0, NAN,222, NAN,10.5, NAN,59.2, NAN,10.5, NAN,246.3, NAN,1003.7,687.35,273.7,2073.4,5.8612,6.0521,126.6,0.0,1438.397, NAN, NAN, NAN, NAN,,2024/03/30 19:10:32.907,2024-03-30 19:10:32.907000+00:00
2024/03/30, 19:11:32.907,41.524,-70.672,-0.07,24.24,170.4,0.0, NAN,7.8, NAN,1001.6, NAN,0.0, NAN,102.0, NAN,219, NAN,10.5, NAN,57.3, NAN,10.5, NAN,243.2, NAN,1003.7,684.81,273.85,2071.64,5.8612,6.0515,126.9,0.0,1438.395, NAN, NAN, NAN, NAN,,2024/03/30 19:11:32.907,2024-03-30 19:11:32.907000+00:00
2024/03/30, 19:12:32.908,41.524,-70.672,0.04,24.27,301.57,0.01, NAN,7.8, NAN,1001.5, NAN,0.0, NAN,102.0, NAN,219, NAN,11.0, NAN,57.3, NAN,11.0, NAN,243.2, NAN,1003.6,682.57,273.94,2069.65,5.8613,6.0514,126.6,0.0,1438.394, NAN, NAN, NAN, NAN,,2024/03/30 19:12:32.908,2024-03-30 19:12:32.908000+00:00
2024/03/30, 19:13:32.908,41.524,-70.672,-0.01,24.28,234.84,0.01, NAN,7.8, NAN,1001.5, NAN,0.0, NAN,102.0, NAN,223, NAN,9.7, NAN,57.2, NAN,9.7, NAN,247.3, NAN,1003.6,680.21,274.08,2068.43,5.8613,6.0515,126.0,0.0,1438.395, NAN, NAN, NAN, NAN,,2024/03/30 19:13:32.908,2024-03-30 19:13:32.908000+00:00
2024/03/30, 19:14:32.908,41.524,-70.672,0.07,24.3,239.46,0.01, NAN,7.8, NAN,1001.5, NAN,0.0, NAN,102.0, NAN,222, NAN,9.8, NAN,56.5, NAN,9.8, NAN,246.3, NAN,1003.6,678.43,273.91,2067.91,5.8613,6.0513,125.4,0.0,1438.394, NAN, NAN, NAN, NAN,,2024/03/30 19:14:32.908,2024-03-30 19:14:32.908000+00:00
2024/03/30, 19:15:32.908,41.524,-70.672,0.11,24.3,272.64,0.01, NAN,7.8, NAN,1001.5, NAN,0.0, NAN,102.0, NAN,224, NAN,9.0, NAN,57.9, NAN,9.0, NAN,248.3, NAN,1003.6,675.03,274.12,2064.86,5.8614,6.0514,126.6,0.0,1438.395, NAN, NAN, NAN, NAN,,2024/03/30 19:15:32.908,2024-03-30 19:15:32.908000+00:00
2024/03/30, 19:16:32.908,41.524,-70.672,0.12,24.33,21.12,0.01, NAN,7.8, NAN,1001.4, NAN,0.0, NAN,102.0, NAN,223, NAN,8.8, NAN,58.9, NAN,8.8, NAN,247.3, NAN,1003.5,673.58,274.04,2064.63,5.8614,6.0525,126.3,0.0,1438.399, NAN, NAN, NAN, NAN,,2024/03/30 19:16:32.908,2024-03-30 19:16:32.908000+00:00
2024/03/30, 19:17:32.908,41.524,-70.672,0.04,24.36,96.9,0.01, NAN,7.8, NAN,1001.6, NAN,0.0, NAN,102.0, NAN,224, NAN,9.9, NAN,59.1, NAN,9.9, NAN,248.4, NAN,1003.7,670.98,273.71,2063.13,5.8614,6.0544,126.0,0.0,1438.407, NAN, NAN, NAN, NAN,,2024/03/30 19:17:32.908,2024-03-30 19:17:32.908000+00:00
2024/03/30, 19:18:32.908,41.524,-70.672,-0.06,24.31,162.52,0.01, NAN,7.8, NAN,1001.4, NAN,0.0, NAN,102.0, NAN,219, NAN,10.0, NAN,58.5, NAN,10.0, NAN,243.3, NAN,1003.5,669.58,273.24,2062.41,5.8614,6.0559,126.0,0.0,1438.414, NAN, NAN, NAN, NAN,,2024/03/30 19:18:32.908,2024-03-30 19:18:32.908000+00:00
2024/03/30, 19:19:32.908,41.524,-70.672,0.13,24.35,313.35,0.0, NAN,7.7, NAN,1001.6, NAN,0.0, NAN,102.0, NAN,220, NAN,9.2, NAN,58.7, NAN,9.2, NAN,244.3, NAN,1003.7,666.76,273.28,2060.1,5.8616,6.0591,126.3,0.0,1438.428, NAN, NAN, NAN, NAN,,2024/03/30 19:19:32.908,2024-03-30 19:19:32.908000+00:00
2024/03/30, 19:20:32.908,41.524,-70.672,0.04,24.38,205.18,0.0, NAN,7.6, NAN,1001.5, NAN,0.0, NAN,102.0, NAN,222, NAN,9.4, NAN,59.9, NAN,9.4, NAN,246.4, NAN,1003.6,663.88,273.1,2058.32,5.8615,6.0634,126.6,0.0,1438.446, NAN, NAN, NAN, NAN,,2024/03/30 19:20:32.908,2024-03-30 19:20:32.908000+00:00
2024/03/30, 19:21:32.908,41.524,-70.672,0.01,24.4,161.57,0.01, NAN,7.6, NAN,1001.5, NAN,0.0, NAN,102.0, NAN,219, NAN,7.6, NAN,60.3, NAN,7.6, NAN,243.4, NAN,1003.6,662.56,273.24,2058.54,5.8615,6.067,126.3,0.0,1438.462, NAN, NAN, NAN, NAN,,2024/03/30 19:21:32.908,2024-03-30 19:21:32.908000+00:00
2024/03/30, 19:22:32.908,41.524,-70.672,0.11,24.27,213.88,0.01, NAN,7.6, NAN,1001.6, NAN,0.0, NAN,102.0, NAN,218, NAN,10.8, NAN,59.1, NAN,10.8, NAN,242.3, NAN,1003.7,661.19,272.74,2058.65,5.8616,6.0703,126.3,0.0,1438.476, NAN, NAN, NAN, NAN,,2024/03/30 19:22:32.908,2024-03-30 19:22:32.908000+00:00
2024/03/30, 19:23:32.908,41.524,-70.672,0.03,24.35,76.87,0.01, NAN,7.6, NAN,1001.4, NAN,0.0, NAN,102.0, NAN,220, NAN,10.9, NAN,58.8, NAN,10.9, NAN,244.4, NAN,1003.5,658.46,272.29,2055.46,5.8616,6.0748,126.6,0.0,1438.495, NAN, NAN, NAN, NAN,,2024/03/30 19:23:32.908,2024-03-30 19:23:32.908000+00:00
2024/03/30, 19:24:32.908,41.524,-70.672,0.02,24.42,132.11,0.01, NAN,7.6, NAN,1001.4, NAN,0.0, NAN,102.0, NAN,221, NAN,9.0, NAN,58.7, NAN,9.0, NAN,245.4, NAN,1003.5,657.18,272.45,2055.54,5.8615,6.0786,125.7,0.0,1438.512, NAN, NAN, NAN, NAN,,2024/03/30 19:24:32.908,2024-03-30 19:24:32.908000+00:00
2024/03/30, 19:25:32.908,41.524,-70.672,0.06,24.47,299.74,0.03, NAN,7.5, NAN,1001.4, NAN,0.0, NAN,102.0, NAN,223, NAN,9.4, NAN,59.7, NAN,9.4, NAN,247.4, NAN,1003.5,653.84,271.74,2052.99,5.8616,6.0822,125.7,0.0,1438.527, NAN, NAN, NAN, NAN,,2024/03/30 19:25:32.908,2024-03-30 19:25:32.908000+00:00
2024/03/30, 19:26:32.908,41.524,-70.672,0.06,24.48,272.25,0.01, NAN,7.5, NAN,1001.4, NAN,0.0, NAN,102.0, NAN,220, NAN,10.9, NAN,59.6, NAN,10.9, NAN,244.5, NAN,1003.5,651.66,272.11,2050.82,5.8616,6.086,126.6,0.0,1438.544, NAN, NAN, NAN, NAN,,2024/03/30 19:26:32.908,2024-03-30 19:26:32.908000+00:00
2024/03/30, 19:27:32.908,41.524,-70.672,0.2,24.42,188.22,0.0, NAN,7.5, NAN,1001.6, NAN,0.0, NAN,102.0, NAN,220, NAN,11.6, NAN,59.6, NAN,11.6, NAN,244.4, NAN,1003.7,649.09,271.95,2048.94,5.8617,6.0893,126.3,0.0,1438.558, NAN, NAN, NAN, NAN,,2024/03/30 19:27:32.908,2024-03-30 19:27:32.908000+00:00
2024/03/30, 19:28:32.908,41.524,-70.672,-0.28,24.4,73.88,0.01, NAN,7.4, NAN,1001.4, NAN,0.0, NAN,102.0, NAN,219, NAN,10.1, NAN,59.8, NAN,10.1, NAN,243.4, NAN,1003.5,647.14,271.98,2047.36,5.8618,6.0938,126.6,0.0,1438.577, NAN, NAN, NAN, NAN,,2024/03/30 19:28:32.908,2024-03-30 19:28:32.908000+00:00
2024/03/30, 19:29:32.909,41.524,-70.672,-0.11,24.44,241.58,0.01, NAN,7.4, NAN,1001.4, NAN,0.0, NAN,102.0, NAN,223, NAN,7.8, NAN,59.6, NAN,7.8, NAN,247.4, NAN,1003.5,644.88,271.77,2046.25,5.8619,6.0964,126.6,0.0,1438.589, NAN, NAN, NAN, NAN,,2024/03/30 19:29:32.909,2024-03-30 19:29:32.909000+00:00
2024/03/30, 19:30:32.909,41.524,-70.672,-0.09,24.4,154.34,0.01, NAN,7.4, NAN,1001.4, NAN,0.0, NAN,102.0, NAN,227, NAN,9.4, NAN,61.1, NAN,9.4, NAN,251.4, NAN,1003.5,641.9,271.93,2043.81,5.862,6.0983,126.6,0.0,1438.597, NAN, NAN, NAN, NAN,,2024/03/30 19:30:32.909,2024-03-30 19:30:32.909000+00:00
2024/03/30, 19:31:32.909,41.524,-70.672,0.08,24.42,33.29,0.0, NAN,7.4, NAN,1001.4, NAN,0.0, NAN,102.0, NAN,225, NAN,9.4, NAN,60.7, NAN,9.4, NAN,249.4, NAN,1003.5,639.46,272.08,2040.08,5.8621,6.0985,125.7,0.0,1438.598, NAN, NAN, NAN, NAN,,2024/03/30 19:31:32.909,2024-03-30 19:31:32.909000+00:00
2024/03/30, 19:32:32.909,41.524,-70.672,-0.06,24.46,154.38,0.01, NAN,7.4, NAN,1001.4, NAN,0.0, NAN,102.0, NAN,225, NAN,9.6, NAN,60.5, NAN,9.6, NAN,249.5, NAN,1003.5,637.82,271.71,2040.38,5.8623,6.0995,126.3,0.0,1438.603, NAN, NAN, NAN, NAN,,2024/03/30 19:32:32.909,2024-03-30 19:32:32.909000+00:00
2024/03/30, 19:33:32.909,41.524,-70.672,-0.02,24.49,349.92,0.01, NAN,7.4, NAN,1001.4, NAN,0.0, NAN,102.0, NAN,228, NAN,10.6, NAN,60.5, NAN,10.6, NAN,252.5, NAN,1003.5,634.55,271.15,2037.47,5.8623,6.0988,126.3,0.0,1438.6, NAN, NAN, NAN, NAN,,2024/03/30 19:33:32.909,2024-03-30 19:33:32.909000+00:00
2024/03/30, 19:34:32.909,41.524,-70.672,0.0,24.47,163.28,0.0, NAN,7.4, NAN,1001.4, NAN,0.0, NAN,102.0, NAN,226, NAN,10.0, NAN,61.3, NAN,10.0, NAN,250.5, NAN,1003.5,632.89,271.43,2037.23,5.8623,6.0983,126.6,0.0,1438.597, NAN, NAN, NAN, NAN,,2024/03/30 19:34:32.909,2024-03-30 19:34:32.909000+00:00
2024/03/30, 19:35:32.909,41.524,-70.672,-0.08,24.44,111.36,0.01, NAN,7.3, NAN,1001.5, NAN,0.0, NAN,102.0, NAN,223, NAN,8.4, NAN,60.8, NAN,8.4, NAN,247.5, NAN,1003.6,631.1,271.55,2036.46,5.8625,6.0994,126.3,0.0,1438.602, NAN, NAN, NAN, NAN,,2024/03/30 19:35:32.909,2024-03-30 19:35:32.909000+00:00
2024/03/30, 19:36:32.909,41.524,-70.672,0.04,24.49,124.92,0.01, NAN,7.3, NAN,1001.3, NAN,0.0, NAN,102.0, NAN,223, NAN,11.1, NAN,61.9, NAN,11.1, NAN,247.5, NAN,1003.4,628.26,271.48,2033.88,5.8625,6.101,126.0,0.0,1438.609, NAN, NAN, NAN, NAN,,2024/03/30 19:36:32.909,2024-03-30 19:36:32.909000+00:00
2024/03/30, 19:37:32.909,41.524,-70.672,-0.09,24.47,236.48,0.01, NAN,7.3, NAN,1001.4, NAN,0.0, NAN,102.0, NAN,227, NAN,12.2, NAN,60.3, NAN,12.2, NAN,251.5, NAN,1003.5,624.78,271.1,2031.25,5.8626,6.1037,126.6,0.0,1438.621, NAN, NAN, NAN, NAN,,2024/03/30 19:37:32.909,2024-03-30 19:37:32.909000+00:00
2024/03/30, 19:38:32.909,41.524,-70.672,0.14,24.45,138.66,0.02, NAN,7.3, NAN,1001.3, NAN,0.0, NAN,102.0, NAN,223, NAN,10.1, NAN,60.4, NAN,10.1, NAN,247.5, NAN,1003.4,622.18,271.75,2029.7,5.8626,6.1061,126.6,0.0,1438.631, NAN, NAN, NAN, NAN,,2024/03/30 19:38:32.909,2024-03-30 19:38:32.909000+00:00
2024/03/30, 19:39:32.909,41.524,-70.672,-0.05,24.44,102.56,0.01, NAN,7.4, NAN,1001.4, NAN,0.0, NAN,102.0, NAN,225, NAN,9.3, NAN,60.5, NAN,9.3, NAN,249.5, NAN,1003.5,618.87,271.8,2028.38,5.8627,6.1085,126.6,0.0,1438.642, NAN, NAN, NAN, NAN,,2024/03/30 19:39:32.909,2024-03-30 19:39:32.909000+00:00
2024/03/30, 19:40:32.909,41.524,-70.672,0.04,24.5,328.86,0.01, NAN,7.4, NAN,1001.3, NAN,0.0, NAN,102.0, NAN,216, NAN,12.9, NAN,61.0, NAN,12.9, NAN,240.5, NAN,1003.4,614.5,271.83,2024.89,5.8628,6.1098,127.6,0.0,1438.647, NAN, NAN, NAN, NAN,,2024/03/30 19:40:32.909,2024-03-30 19:40:32.909000+00:00
2024/03/30, 19:41:32.909,41.524,-70.672,0.02,24.48,244.08,0.01, NAN,7.4, NAN,1001.6, NAN,0.0, NAN,102.0, NAN,215, NAN,10.5, NAN,59.5, NAN,10.5, NAN,239.5, NAN,1003.7,611.41,272.2,2022.59,5.8629,6.1107,126.6,0.0,1438.651, NAN, NAN, NAN, NAN,,2024/03/30 19:41:32.909,2024-03-30 19:41:32.909000+00:00
2024/03/30, 19:42:32.909,41.524,-70.672,0.0,24.57,253.43,0.01, NAN,7.4, NAN,1001.5, NAN,0.0, NAN,102.0, NAN,231, NAN,10.6, NAN,59.9, NAN,10.6, NAN,255.6, NAN,1003.6,608.0,271.85,2020.91,5.8629,6.1104,126.0,0.0,1438.65, NAN, NAN, NAN, NAN,,2024/03/30 19:42:32.909,2024-03-30 19:42:32.909000+00:00
2024/03/30, 19:43:32.909,41.524,-70.672,-0.03,24.57,132.63,0.0, NAN,7.5, NAN,1001.4, NAN,0.0, NAN,102.0, NAN,223, NAN,11.9, NAN,59.3, NAN,11.9, NAN,247.6, NAN,1003.5,604.02,272.15,2018.93,5.8628,6.1104,127.6,0.0,1438.65, NAN, NAN, NAN, NAN,,2024/03/30 19:43:32.909,2024-03-30 19:43:32.909000+00:00
2024/03/30, 19:44:32.909,41.524,-70.672,0.09,24.55,282.13,0.01, NAN,7.5, NAN,1001.3, NAN,0.0, NAN,102.0, NAN,223, NAN,10.6, NAN,58.6, NAN,10.6, NAN,247.5, NAN,1003.4,600.54,272.49,2017.79,5.863,6.1115,126.6,0.0,1438.655, NAN, NAN, NAN, NAN,,2024/03/30 19:44:32.909,2024-03-30 19:44:32.909000+00:00
2024/03/30, 19:45:32.910,41.524,-70.672,0.03,24.54,118.61,0.02, NAN,7.5, NAN,1001.4, NAN,0.0, NAN,102.0, NAN,221, NAN,11.1, NAN,58.5, NAN,11.1, NAN,245.6, NAN,1003.5,596.48,272.87,2015.4,5.8629,6.1123,126.3,0.0,1438.658, NAN, NAN, NAN, NAN,,2024/03/30 19:45:32.910,2024-03-30 19:45:32.910000+00:00
2024/03/30, 19:46:32.910,41.524,-70.672,-0.03,24.53,226.7,0.01, NAN,7.6, NAN,1001.5, NAN,0.0, NAN,102.0, NAN,219, NAN,13.6, NAN,58.5, NAN,13.6, NAN,243.5, NAN,1003.6,591.61,273.06,2012.34,5.863,6.1116,126.9,0.0,1438.655, NAN, NAN, NAN, NAN,,2024/03/30 19:46:32.910,2024-03-30 19:46:32.910000+00:00
2024/03/30, 19:47:32.910,41.524,-70.672,0.02,24.55,257.73,0.01, NAN,7.6, NAN,1001.4, NAN,0.0, NAN,102.0, NAN,225, NAN,12.3, NAN,56.8, NAN,12.3, NAN,249.5, NAN,1003.5,589.77,273.0,2009.8,5.863,6.1105,126.6,0.0,1438.651, NAN, NAN, NAN, NAN,,2024/03/30 19:47:32.910,2024-03-30 19:47:32.910000+00:00
2024/03/30, 19:48:32.910,41.524,-70.672,0.02,24.54,201.04,0.01, NAN,7.7, NAN,1001.5, NAN,0.0, NAN,102.0, NAN,224, NAN,10.8, NAN,56.7, NAN,10.8, NAN,248.6, NAN,1003.6,586.39,273.32,2007.91,5.863,6.1086,126.6,0.0,1438.642, NAN, NAN, NAN, NAN,,2024/03/30 19:48:32.910,2024-03-30 19:48:32.910000+00:00
2024/03/30, 19:49:32.910,41.524,-70.672,-0.08,24.58,255.97,0.01, NAN,7.7, NAN,1001.6, NAN,0.0, NAN,102.0, NAN,224, NAN,10.2, NAN,57.1, NAN,10.2, NAN,248.6, NAN,1003.7,581.96,273.17,2004.83,5.8629,6.107,126.3,0.0,1438.635, NAN, NAN, NAN, NAN,,2024/03/30 19:49:32.910,2024-03-30 19:49:32.910000+00:00
2024/03/30, 19:50:32.910,41.524,-70.672,0.01,24.54,38.17,0.02, NAN,7.7, NAN,1001.6, NAN,0.0, NAN,102.0, NAN,224, NAN,12.3, NAN,57.4, NAN,12.3, NAN,248.5, NAN,1003.7,577.33,272.66,2001.67,5.8628,6.1052,126.3,0.0,1438.628, NAN, NAN, NAN, NAN,,2024/03/30 19:50:32.910,2024-03-30 19:50:32.910000+00:00
2024/03/30, 19:51:32.910,41.524,-70.672,0.01,24.67,283.81,0.03, NAN,7.7, NAN,1001.4, NAN,0.0, NAN,102.0, NAN,226, NAN,12.0, NAN,56.9, NAN,12.0, NAN,250.6, NAN,1003.5,574.39,272.49,2000.49,5.8628,6.1015,126.6,0.0,1438.612, NAN, NAN, NAN, NAN,,2024/03/30 19:51:32.910,2024-03-30 19:51:32.910000+00:00
2024/03/30, 19:52:32.910,41.524,-70.672,-0.15,24.51,318.01,0.01, NAN,7.7, NAN,1001.6, NAN,0.0, NAN,102.0, NAN,219, NAN,11.6, NAN,57.0, NAN,11.6, NAN,243.5, NAN,1003.7,571.78,272.93,1998.82,5.8628,6.1,126.9,0.0,1438.605, NAN, NAN, NAN, NAN,,2024/03/30 19:52:32.910,2024-03-30 19:52:32.910000+00:00
2024/03/30, 19:53:32.910,41.524,-70.672,0.09,24.48,135.32,0.01, NAN,7.7, NAN,1001.6, NAN,0.0, NAN,102.0, NAN,221, NAN,9.5, NAN,57.1, NAN,9.5, NAN,245.5, NAN,1003.7,568.45,273.25,1996.83,5.8629,6.0995,126.6,0.0,1438.603, NAN, NAN, NAN, NAN,,2024/03/30 19:53:32.910,2024-03-30 19:53:32.910000+00:00
2024/03/30, 19:54:32.910,41.524,-70.672,-0.05,24.51,122.0,0.02, NAN,7.7, NAN,1001.4, NAN,0.0, NAN,102.0, NAN,221, NAN,10.6, NAN,57.8, NAN,10.6, NAN,245.6, NAN,1003.5,564.55,273.51,1994.81,5.8628,6.0991,126.3,0.0,1438.601, NAN, NAN, NAN, NAN,,2024/03/30 19:54:32.910,2024-03-30 19:54:32.910000+00:00
2024/03/30, 19:55:32.910,41.524,-70.672,-0.03,24.52,304.29,0.02, NAN,7.7, NAN,1001.5, NAN,0.0, NAN,102.0, NAN,219, NAN,10.1, NAN,56.7, NAN,10.1, NAN,243.5, NAN,1003.6,560.9,273.7,1990.43,5.8628,6.1011,126.6,0.0,1438.61, NAN, NAN, NAN, NAN,,2024/03/30 19:55:32.910,2024-03-30 19:55:32.910000+00:00
2024/03/30, 19:56:32.910,41.524,-70.672,-0.02,24.53,297.58,0.01, NAN,7.8, NAN,1001.3, NAN,0.0, NAN,102.0, NAN,222, NAN,11.3, NAN,56.2, NAN,11.3, NAN,246.5, NAN,1003.4,557.42,273.43,1988.45,5.8628,6.105,126.6,0.0,1438.627, NAN, NAN, NAN, NAN,,2024/03/30 19:56:32.910,2024-03-30 19:56:32.910000+00:00
2024/03/30, 19:57:32.910,41.524,-70.672,0.0,24.49,276.41,0.01, NAN,7.8, NAN,1001.5, NAN,0.0, NAN,102.0, NAN,227, NAN,13.0, NAN,56.7, NAN,13.0, NAN,251.5, NAN,1003.6,554.86,273.18,1987.06,5.8626,6.111,126.9,0.0,1438.652, NAN, NAN, NAN, NAN,,2024/03/30 19:57:32.910,2024-03-30 19:57:32.910000+00:00
2024/03/30, 19:58:32.910,41.524,-70.672,-0.04,24.45,150.46,0.01, NAN,7.9, NAN,1001.5, NAN,0.0, NAN,102.0, NAN,223, NAN,9.4, NAN,56.1, NAN,9.4, NAN,247.5, NAN,1003.6,551.58,273.38,1983.31,5.8627,6.1163,126.9,0.0,1438.675, NAN, NAN, NAN, NAN,,2024/03/30 19:58:32.910,2024-03-30 19:58:32.910000+00:00
2024/03/30, 19:59:32.910,41.524,-70.672,0.05,24.47,169.48,0.0, NAN,7.9, NAN,1001.4, NAN,0.0, NAN,102.0, NAN,219, NAN,11.6, NAN,56.6, NAN,11.6, NAN,243.5, NAN,1003.5,548.91,273.32,1982.28,5.8627,6.12,126.6,0.0,1438.691, NAN, NAN, NAN, NAN,,2024/03/30 19:59:32.910,2024-03-30 19:59:32.910000+00:00
2024/03/30, 20:00:32.910,41.524,-70.672,0.09,24.53,284.84,0.02, NAN,7.9, NAN,1001.4, NAN,0.0, NAN,102.0, NAN,226, NAN,11.1, NAN,56.8, NAN,11.1, NAN,250.5, NAN,1003.5,546.75,273.23,1979.03,5.8626,6.1227,127.2,0.0,1438.703, NAN, NAN, NAN, NAN,,2024/03/30 20:00:32.910,2024-03-30 20:00:32.910000+00:00
2024/03/30, 20:01:32.910,41.524,-70.672,0.07,24.45,112.12,0.02, NAN,7.9, NAN,1001.4, NAN,0.0, NAN,102.0, NAN,218, NAN,11.0, NAN,55.4, NAN,11.0, NAN,242.5, NAN,1003.5,544.29,273.52,1977.15,5.8627,6.1275,126.6,0.0,1438.723, NAN, NAN, NAN, NAN,,2024/03/30 20:01:32.910,2024-03-30 20:01:32.910000+00:00
2024/03/30, 20:02:32.910,41.524,-70.672,0.0,24.53,279.15,0.02, NAN,7.9, NAN,1001.6, NAN,0.0, NAN,102.0, NAN,218, NAN,12.6, NAN,55.3, NAN,12.6, NAN,242.5, NAN,1003.7,541.68,273.26,1974.31,5.8626,6.1325,126.6,0.0,1438.745, NAN, NAN, NAN, NAN,,2024/03/30 20:02:32.910,2024-03-30 20:02:32.910000+00:00
2024/03/30, 20:03:32.911,41.524,-70.672,0.03,24.43,107.83,0.02, NAN,7.9, NAN,1001.4, NAN,0.0, NAN,102.0, NAN,216, NAN,11.4, NAN,56.2, NAN,11.4, NAN,240.5, NAN,1003.5,539.48,273.25,1973.47,5.8627,6.1369,126.9,0.0,1438.764, NAN, NAN, NAN, NAN,,2024/03/30 20:03:32.911,2024-03-30 20:03:32.911000+00:00
2024/03/30, 20:04:32.911,41.524,-70.672,0.09,24.49,41.87,0.0, NAN,7.9, NAN,1001.6, NAN,0.0, NAN,102.0, NAN,222, NAN,12.0, NAN,55.1, NAN,12.0, NAN,246.5, NAN,1003.7,536.42,273.63,1970.53,5.8628,6.1421,126.6,0.0,1438.786, NAN, NAN, NAN, NAN,,2024/03/30 20:04:32.911,2024-03-30 20:04:32.911000+00:00
2024/03/30, 20:05:32.911,41.524,-70.672,0.02,24.47,74.62,0.0, NAN,7.9, NAN,1001.4, NAN,0.0, NAN,102.0, NAN,217, NAN,10.4, NAN,54.8, NAN,10.4, NAN,241.5, NAN,1003.5,532.19,273.35,1964.56,5.8627,6.1475,126.6,0.0,1438.809, NAN, NAN, NAN, NAN,,2024/03/30 20:05:32.911,2024-03-30 20:05:32.911000+00:00
2024/03/30, 20:06:32.911,41.524,-70.672,0.15,24.5,216.92,0.01, NAN,7.9, NAN,1001.5, NAN,0.0, NAN,102.0, NAN,218, NAN,12.3, NAN,56.7, NAN,12.3, NAN,242.5, NAN,1003.6,528.38,273.18,1962.82,5.8627,6.1525,126.0,0.0,1438.831, NAN, NAN, NAN, NAN,,2024/03/30 20:06:32.911,2024-03-30 20:06:32.911000+00:00
2024/03/30, 20:07:32.911,41.524,-70.672,-0.11,24.49,169.54,0.0, NAN,7.9, NAN,1001.4, NAN,0.0, NAN,102.0, NAN,224, NAN,12.6, NAN,55.4, NAN,12.6, NAN,248.5, NAN,1003.5,525.34,273.3,1961.01,5.8627,6.1579,127.2,0.0,1438.854, NAN, NAN, NAN, NAN,,2024/03/30 20:07:32.911,2024-03-30 20:07:32.911000+00:00
2024/03/30, 20:08:32.911,41.524,-70.672,-0.03,24.45,329.54,0.01, NAN,7.9, NAN,1001.4, NAN,0.0, NAN,102.0, NAN,225, NAN,13.7, NAN,55.2, NAN,13.7, NAN,249.4, NAN,1003.5,521.94,273.21,1959.01,5.8628,6.1614,126.3,0.0,1438.869, NAN, NAN, NAN, NAN,,2024/03/30 20:08:32.911,2024-03-30 20:08:32.911000+00:00
2024/03/30, 20:09:32.911,41.524,-70.672,0.04,24.44,108.25,0.0, NAN,7.9, NAN,1001.6, NAN,0.0, NAN,102.0, NAN,222, NAN,12.7, NAN,55.9, NAN,12.7, NAN,246.4, NAN,1003.7,518.69,273.35,1956.97,5.8628,6.1612,126.3,0.0,1438.868, NAN, NAN, NAN, NAN,,2024/03/30 20:09:32.911,2024-03-30 20:09:32.911000+00:00
2024/03/30, 20:10:32.911,41.524,-70.672,-0.01,24.36,126.32,0.01, NAN,7.9, NAN,1001.6, NAN,0.0, NAN,102.0, NAN,221, NAN,11.3, NAN,56.0, NAN,11.3, NAN,245.4, NAN,1003.7,515.03,273.36,1952.86,5.8628,6.158,126.6,0.0,1438.854, NAN, NAN, NAN, NAN,,2024/03/30 20:10:32.911,2024-03-30 20:10:32.911000+00:00
2024/03/30, 20:11:32.911,41.524,-70.672,0.02,24.35,120.02,0.01, NAN,7.9, NAN,1001.6, NAN,0.0, NAN,102.0, NAN,225, NAN,10.6, NAN,56.0, NAN,10.6, NAN,249.4, NAN,1003.7,511.74,272.95,1951.16,5.8628,6.1556,126.3,0.0,1438.844, NAN, NAN, NAN, NAN,,2024/03/30 20:11:32.911,2024-03-30 20:11:32.911000+00:00
2024/03/30, 20:12:32.911,41.524,-70.672,0.0,24.38,139.89,0.0, NAN,7.9, NAN,1001.4, NAN,0.0, NAN,102.0, NAN,220, NAN,11.3, NAN,55.7, NAN,11.3, NAN,244.4, NAN,1003.5,507.59,273.3,1947.63,5.8628,6.1537,126.3,0.0,1438.836, NAN, NAN, NAN, NAN,,2024/03/30 20:12:32.911,2024-03-30 20:12:32.911000+00:00
2024/03/30, 20:13:32.911,41.524,-70.672,0.0,24.41,218.49,0.01, NAN,7.9, NAN,1001.6, NAN,0.0, NAN,102.0, NAN,218, NAN,10.0, NAN,55.8, NAN,10.0, NAN,242.4, NAN,1003.7,503.52,273.4,1944.69,5.8628,6.1515,126.9,0.0,1438.826, NAN, NAN, NAN, NAN,,2024/03/30 20:13:32.911,2024-03-30 20:13:32.911000+00:00
2024/03/30, 20:14:32.911,41.524,-70.672,0.06,24.45,336.98,0.02, NAN,7.9, NAN,1001.4, NAN,0.0, NAN,102.0, NAN,224, NAN,12.1, NAN,55.9, NAN,12.1, NAN,248.4, NAN,1003.5,497.88,273.26,1940.3,5.8628,6.1516,126.3,0.0,1438.827, NAN, NAN, NAN, NAN,,2024/03/30 20:14:32.911,2024-03-30 20:14:32.911000+00:00
2024/03/30, 20:15:32.911,41.524,-70.672,0.15,24.38,290.84,0.02, NAN,7.9, NAN,1001.4, NAN,0.0, NAN,102.0, NAN,219, NAN,12.9, NAN,56.0, NAN,12.9, NAN,243.3, NAN,1003.5,493.45,273.37,1936.42,5.8628,6.1531,126.9,0.0,1438.833, NAN, NAN, NAN, NAN,,2024/03/30 20:15:32.911,2024-03-30 20:15:32.911000+00:00
2024/03/30, 20:16:32.911,41.524,-70.672,-0.07,24.31,156.13,0.01, NAN,7.9, NAN,1001.5, NAN,0.0, NAN,102.0, NAN,222, NAN,10.3, NAN,55.6, NAN,10.3, NAN,246.3, NAN,1003.6,489.77,273.28,1933.63,5.8628,6.154,127.2,0.0,1438.837, NAN, NAN, NAN, NAN,,2024/03/30 20:16:32.911,2024-03-30 20:16:32.911000+00:00
2024/03/30, 20:17:32.911,41.524,-70.672,0.0,24.31,131.47,0.02, NAN,7.9, NAN,1001.5, NAN,0.0, NAN,102.0, NAN,220, NAN,12.7, NAN,56.2, NAN,12.7, NAN,244.4, NAN,1003.6,485.51,273.11,1930.43,5.8628,6.1537,127.2,0.0,1438.836, NAN, NAN, NAN, NAN,,2024/03/30 20:17:32.911,2024-03-30 20:17:32.911000+00:00
2024/03/30, 20:18:32.911,41.524,-70.672,0.03,24.36,213.09,0.0, NAN,7.9, NAN,1001.4, NAN,0.0, NAN,102.0, NAN,223, NAN,12.9, NAN,55.9, NAN,12.9, NAN,247.4, NAN,1003.5,481.68,273.07,1926.73,5.8628,6.1545,126.3,0.0,1438.839, NAN, NAN, NAN, NAN,,2024/03/30 20:18:32.911,2024-03-30 20:18:32.911000+00:00
2024/03/30, 20:19:32.911,41.524,-70.672,-0.04,24.4,356.91,0.01, NAN,7.9, NAN,1001.5, NAN,0.0, NAN,102.0, NAN,221, NAN,8.8, NAN,56.5, NAN,8.8, NAN,245.4, NAN,1003.6,477.5,272.75,1923.38,5.8629,6.1548,126.6,0.0,1438.841, NAN, NAN, NAN, NAN,,2024/03/30 20:19:32.911,2024-03-30 20:19:32.911000+00:00
2024/03/30, 20:20:32.912,41.524,-70.672,0.03,24.31,145.75,0.02, NAN,7.9, NAN,1001.5, NAN,0.0, NAN,102.0, NAN,229, NAN,10.4, NAN,58.1, NAN,10.4, NAN,253.4, NAN,1003.6,473.97,272.85,1918.27,5.8628,6.1554,126.6,0.0,1438.843, NAN, NAN, NAN, NAN,,2024/03/30 20:20:32.912,2024-03-30 20:20:32.912000+00:00
2024/03/30, 20:21:32.912,41.524,-70.672,0.16,24.37,139.19,0.0, NAN,7.9, NAN,1001.6, NAN,0.0, NAN,102.0, NAN,218, NAN,10.7, NAN,58.5, NAN,10.7, NAN,242.4, NAN,1003.7,470.7,272.87,1914.85,5.8629,6.1579,126.9,0.0,1438.854, NAN, NAN, NAN, NAN,,2024/03/30 20:21:32.912,2024-03-30 20:21:32.912000+00:00
2024/03/30, 20:22:32.912,41.524,-70.672,0.15,24.35,46.81,0.01, NAN,7.9, NAN,1001.4, NAN,0.0, NAN,102.0, NAN,224, NAN,9.8, NAN,57.6, NAN,9.8, NAN,248.4, NAN,1003.5,468.38,273.08,1913.29,5.8628,6.1599,126.3,0.0,1438.863, NAN, NAN, NAN, NAN,,2024/03/30 20:22:32.912,2024-03-30 20:22:32.912000+00:00
2024/03/30, 20:23:32.912,41.524,-70.672,0.08,24.44,114.32,0.01, NAN,7.9, NAN,1001.4, NAN,0.0, NAN,102.0, NAN,229, NAN,8.3, NAN,57.5, NAN,8.3, NAN,253.4, NAN,1003.5,465.6,273.32,1909.39,5.8629,6.1613,126.6,0.0,1438.869, NAN, NAN, NAN, NAN,,2024/03/30 20:23:32.912,2024-03-30 20:23:32.912000+00:00
2024/03/30, 20:24:32.912,41.524,-70.672,0.02,24.39,114.28,0.01, NAN,7.9, NAN,1001.4, NAN,0.0, NAN,102.0, NAN,220, NAN,10.8, NAN,58.6, NAN,10.8, NAN,244.4, NAN,1003.5,463.15,273.39,1905.86,5.8628,6.1631,126.3,0.0,1438.876, NAN, NAN, NAN, NAN,,2024/03/30 20:24:32.912,2024-03-30 20:24:32.912000+00:00
2024/03/30, 20:25:32.912,41.524,-70.672,0.04,24.48,122.8,0.02, NAN,7.9, NAN,1001.4, NAN,0.0, NAN,102.0, NAN,223, NAN,9.4, NAN,57.8, NAN,9.4, NAN,247.5, NAN,1003.5,461.01,273.16,1902.71,5.8629,6.1631,125.4,0.0,1438.876, NAN, NAN, NAN, NAN,,2024/03/30 20:25:32.912,2024-03-30 20:25:32.912000+00:00
2024/03/30, 20:26:32.912,41.524,-70.672,-0.05,24.38,225.33,0.02, NAN,8.0, NAN,1001.5, NAN,0.0, NAN,102.0, NAN,223, NAN,9.8, NAN,57.8, NAN,9.8, NAN,247.4, NAN,1003.6,458.48,273.09,1899.63,5.8628,6.163,126.3,0.0,1438.876, NAN, NAN, NAN, NAN,,2024/03/30 20:26:32.912,2024-03-30 20:26:32.912000+00:00
2024/03/30, 20:27:32.912,41.524,-70.672,-0.04,24.4,276.2,0.01, NAN,7.9, NAN,1001.5, NAN,0.0, NAN,102.0, NAN,226, NAN,11.2, NAN,58.4, NAN,11.2, NAN,250.4, NAN,1003.6,455.09,272.78,1894.15,5.8628,6.1655,126.6,0.0,1438.887, NAN, NAN, NAN, NAN,,2024/03/30 20:27:32.912,2024-03-30 20:27:32.912000+00:00
2024/03/30, 20:28:32.912,41.524,-70.672,-0.06,24.4,327.6,0.01, NAN,7.9, NAN,1001.4, NAN,0.0, NAN,102.0, NAN,222, NAN,9.8, NAN,58.2, NAN,9.8, NAN,246.4, NAN,1003.5,453.01,273.03,1892.1,5.8628,6.1676,126.9,0.0,1438.896, NAN, NAN, NAN, NAN,,2024/03/30 20:28:32.912,2024-03-30 20:28:32.912000+00:00
2024/03/30, 20:29:32.912,41.524,-70.672,0.08,24.36,301.49,0.01, NAN,7.9, NAN,1001.4, NAN,0.0, NAN,102.0, NAN,224, NAN,11.6, NAN,58.5, NAN,11.6, NAN,248.3, NAN,1003.5,449.67,273.2,1887.69,5.8628,6.1702,126.6,0.0,1438.907, NAN, NAN, NAN, NAN,,2024/03/30 20:29:32.912,2024-03-30 20:29:32.912000+00:00
2024/03/30, 20:30:32.912,41.524,-70.672,0.06,24.52,4.98,0.02, NAN,7.9, NAN,1001.4, NAN,0.0, NAN,102.0, NAN,223, NAN,10.8, NAN,57.2, NAN,10.8, NAN,247.5, NAN,1003.5,446.88,273.09,1883.53,5.8627,6.1708,126.6,0.0,1438.909, NAN, NAN, NAN, NAN,,2024/03/30 20:30:32.912,2024-03-30 20:30:32.912000+00:00
2024/03/30, 20:31:32.912,41.524,-70.672,0.08,24.36,136.84,0.01, NAN,7.9, NAN,1001.6, NAN,0.0, NAN,102.0, NAN,220, NAN,10.8, NAN,57.0, NAN,10.8, NAN,244.4, NAN,1003.7,444.12,272.84,1879.17,5.8628,6.1713,126.3,0.0,1438.911, NAN, NAN, NAN, NAN,,2024/03/30 20:31:32.912,2024-03-30 20:31:32.912000+00:00
2024/03/30, 20:32:32.912,41.524,-70.672,0.01,24.49,136.47,0.01, NAN,7.9, NAN,1001.6, NAN,0.0, NAN,102.0, NAN,226, NAN,11.3, NAN,57.4, NAN,11.3, NAN,250.5, NAN,1003.7,441.44,272.72,1876.21,5.8628,6.172,125.7,0.0,1438.914, NAN, NAN, NAN, NAN,,2024/03/30 20:32:32.912,2024-03-30 20:32:32.912000+00:00
2024/03/30, 20:33:32.912,41.524,-70.672,0.04,24.45,319.04,0.01, NAN,7.9, NAN,1001.6, NAN,0.0, NAN,102.0, NAN,229, NAN,11.5, NAN,57.8, NAN,11.5, NAN,253.4, NAN,1003.7,438.24,272.74,1872.43,5.8628,6.1724,126.3,0.0,1438.916, NAN, NAN, NAN, NAN,,2024/03/30 20:33:32.912,2024-03-30 20:33:32.912000+00:00
2024/03/30, 20:34:32.912,41.524,-70.672,0.05,24.38,86.84,0.01, NAN,7.9, NAN,1001.6, NAN,0.0, NAN,102.0, NAN,215, NAN,9.0, NAN,57.7, NAN,9.0, NAN,239.4, NAN,1003.7,436.32,273.0,1869.39,5.8628,6.1721,126.9,0.0,1438.915, NAN, NAN, NAN, NAN,,2024/03/30 20:34:32.912,2024-03-30 20:34:32.912000+00:00
2024/03/30, 20:35:32.912,41.524,-70.672,0.04,24.5,118.65,0.0, NAN,7.9, NAN,1001.6, NAN,0.0, NAN,102.0, NAN,227, NAN,10.0, NAN,57.8, NAN,10.0, NAN,251.5, NAN,1003.7,433.41,272.62,1865.31,5.8629,6.1726,126.3,0.0,1438.917, NAN, NAN, NAN, NAN,,2024/03/30 20:35:32.912,2024-03-30 20:35:32.912000+00:00
2024/03/30, 20:36:32.912,41.524,-70.672,-0.02,24.35,2.05,0.01, NAN,7.9, NAN,1001.6, NAN,0.0, NAN,102.0, NAN,226, NAN,10.5, NAN,57.9, NAN,10.5, NAN,250.4, NAN,1003.7,430.27,272.5,1861.93,5.8627,6.1731,126.6,0.0,1438.919, NAN, NAN, NAN, NAN,,2024/03/30 20:36:32.912,2024-03-30 20:36:32.912000+00:00
2024/03/30, 20:37:32.913,41.524,-70.672,0.0,24.45,100.01,0.0, NAN,7.9, NAN,1001.6, NAN,0.0, NAN,102.0, NAN,229, NAN,9.1, NAN,58.3, NAN,9.1, NAN,253.4, NAN,1003.7,427.59,272.36,1857.85,5.8628,6.1729,126.3,0.0,1438.918, NAN, NAN, NAN, NAN,,2024/03/30 20:37:32.913,2024-03-30 20:37:32.913000+00:00
2024/03/30, 20:38:32.913,41.524,-70.672,-0.1,24.38,193.35,0.02, NAN,7.9, NAN,1001.6, NAN,0.0, NAN,102.0, NAN,229, NAN,9.0, NAN,58.6, NAN,9.0, NAN,253.4, NAN,1003.7,423.32,272.64,1853.86,5.8628,6.1752,126.3,0.0,1438.928, NAN, NAN, NAN, NAN,,2024/03/30 20:38:32.913,2024-03-30 20:38:32.913000+00:00
2024/03/30, 20:39:32.913,41.524,-70.672,0.06,24.4,113.52,0.01, NAN,7.9, NAN,1001.6, NAN,0.0, NAN,102.0, NAN,223, NAN,10.7, NAN,58.2, NAN,10.7, NAN,247.4, NAN,1003.7,420.24,272.77,1849.85,5.8627,6.1775,126.6,0.0,1438.938, NAN, NAN, NAN, NAN,,2024/03/30 20:39:32.913,2024-03-30 20:39:32.913000+00:00
2024/03/30, 20:40:32.913,41.524,-70.672,-0.04,24.47,240.29,0.01, NAN,7.9, NAN,1001.6, NAN,0.0, NAN,102.0, NAN,227, NAN,9.2, NAN,57.5, NAN,9.2, NAN,251.5, NAN,1003.7,417.08,272.66,1846.07,5.8627,6.179,126.3,0.0,1438.944, NAN, NAN, NAN, NAN,,2024/03/30 20:40:32.913,2024-03-30 20:40:32.913000+00:00
2024/03/30, 20:41:32.913,41.524,-70.672,-0.03,24.45,204.12,0.02, NAN,7.9, NAN,1001.4, NAN,0.0, NAN,102.0, NAN,218, NAN,10.8, NAN,58.1, NAN,10.8, NAN,242.5, NAN,1003.5,413.24,272.63,1841.24,5.8628,6.181,126.3,0.0,1438.953, NAN, NAN, NAN, NAN,,2024/03/30 20:41:32.913,2024-03-30 20:41:32.913000+00:00
2024/03/30, 20:42:32.913,41.524,-70.672,0.14,24.42,98.5,0.02, NAN,7.9, NAN,1001.4, NAN,0.0, NAN,102.0, NAN,220, NAN,10.5, NAN,57.8, NAN,10.5, NAN,244.5, NAN,1003.5,410.1,272.58,1837.59,5.8629,6.1827,126.0,0.0,1438.96, NAN, NAN, NAN, NAN,,2024/03/30 20:42:32.913,2024-03-30 20:42:32.913000+00:00
2024/03/30, 20:43:32.913,41.524,-70.672,0.05,24.49,191.81,0.01, NAN,7.9, NAN,1001.4, NAN,0.0, NAN,102.0, NAN,225, NAN,10.0, NAN,57.7, NAN,10.0, NAN,249.5, NAN,1003.5,407.33,272.66,1834.57,5.8629,6.1846,126.3,0.0,1438.969, NAN, NAN, NAN, NAN,,2024/03/30 20:43:32.913,2024-03-30 20:43:32.913000+00:00
2024/03/30, 20:44:32.913,41.524,-70.672,-0.02,24.44,344.6,0.01, NAN,7.9, NAN,1001.5, NAN,0.0, NAN,102.0, NAN,228, NAN,9.4, NAN,57.3, NAN,9.4, NAN,252.5, NAN,1003.6,404.84,272.7,1831.04,5.8628,6.186,126.3,0.0,1438.974, NAN, NAN, NAN, NAN,,2024/03/30 20:44:32.913,2024-03-30 20:44:32.913000+00:00
2024/03/30, 20:45:32.913,41.524,-70.672,-0.04,24.5,4.58,0.01, NAN,7.9, NAN,1001.4, NAN,0.0, NAN,102.0, NAN,220, NAN,10.1, NAN,57.0, NAN,10.1, NAN,244.5, NAN,1003.5,401.61,272.4,1826.11,5.8628,6.1882,126.6,0.0,1438.984, NAN, NAN, NAN, NAN,,2024/03/30 20:45:32.913,2024-03-30 20:45:32.913000+00:00
2024/03/30, 20:46:32.913,41.524,-70.672,-0.07,24.47,245.02,0.01, NAN,8.0, NAN,1001.5, NAN,0.0, NAN,102.0, NAN,229, NAN,8.7, NAN,57.3, NAN,8.7, NAN,253.5, NAN,1003.6,397.67,272.22,1821.08,5.8628,6.1909,126.9,0.0,1438.995, NAN, NAN, NAN, NAN,,2024/03/30 20:46:32.913,2024-03-30 20:46:32.913000+00:00
2024/03/30, 20:47:32.913,41.524,-70.672,0.13,24.44,22.14,0.01, NAN,8.0, NAN,1001.6, NAN,0.0, NAN,102.0, NAN,221, NAN,8.0, NAN,58.6, NAN,8.0, NAN,245.4, NAN,1003.7,394.72,272.09,1817.47,5.8628,6.1955,126.6,0.0,1439.015, NAN, NAN, NAN, NAN,,2024/03/30 20:47:32.913,2024-03-30 20:47:32.913000+00:00
2024/03/30, 20:48:32.913,41.524,-70.672,0.12,24.5,92.89,0.01, NAN,8.0, NAN,1001.6, NAN,0.0, NAN,102.0, NAN,216, NAN,10.7, NAN,57.9, NAN,10.7, NAN,240.5, NAN,1003.7,390.51,272.06,1810.72,5.8629,6.1995,126.3,0.0,1439.032, NAN, NAN, NAN, NAN,,2024/03/30 20:48:32.913,2024-03-30 20:48:32.913000+00:00
2024/03/30, 20:49:32.913,41.524,-70.672,0.04,24.52,17.07,0.0, NAN,8.0, NAN,1001.6, NAN,0.0, NAN,102.0, NAN,222, NAN,9.3, NAN,57.7, NAN,9.3, NAN,246.5, NAN,1003.7,387.63,271.85,1806.81,5.8628,6.2024,126.9,0.0,1439.045, NAN, NAN, NAN, NAN,,2024/03/30 20:49:32.913,2024-03-30 20:49:32.913000+00:00
2024/03/30, 20:50:32.913,41.524,-70.672,-0.01,24.46,54.6,0.01, NAN,8.0, NAN,1001.6, NAN,0.0, NAN,102.0, NAN,228, NAN,8.8, NAN,58.0, NAN,8.8, NAN,252.4, NAN,1003.7,385.21,272.05,1804.05,5.8629,6.2055,126.3,0.0,1439.058, NAN, NAN, NAN, NAN,,2024/03/30 20:50:32.913,2024-03-30 20:50:32.913000+00:00
2024/03/30, 20:51:32.913,41.524,-70.672,0.14,24.47,149.3,0.01, NAN,7.9, NAN,1001.5, NAN,0.0, NAN,102.0, NAN,220, NAN,11.3, NAN,57.8, NAN,11.3, NAN,244.5, NAN,1003.6,381.5,271.78,1798.42,5.8629,6.2091,126.6,0.0,1439.074, NAN, NAN, NAN, NAN,,2024/03/30 20:51:32.913,2024-03-30 20:51:32.913000+00:00
2024/03/30, 20:52:32.913,41.524,-70.672,0.14,24.47,227.43,0.01, NAN,7.9, NAN,1001.4, NAN,0.0, NAN,102.0, NAN,222, NAN,13.4, NAN,57.8, NAN,13.4, NAN,246.5, NAN,1003.5,377.62,271.58,1794.14,5.8629,6.2124,126.3,0.0,1439.088, NAN, NAN, NAN, NAN,,2024/03/30 20:52:32.913,2024-03-30 20:52:32.913000+00:00
2024/03/30, 20:53:32.913,41.524,-70.672,-0.04,24.46,108.99,0.01, NAN,7.9, NAN,1001.6, NAN,0.0, NAN,102.0, NAN,213, NAN,11.6, NAN,57.1, NAN,11.6, NAN,237.5, NAN,1003.7,373.51,271.53,1788.72,5.8629,6.2145,126.6,0.0,1439.097, NAN, NAN, NAN, NAN,,2024/03/30 20:53:32.913,2024-03-30 20:53:32.913000+00:00
2024/03/30, 20:54:32.913,41.524,-70.672,0.04,24.52,107.06,0.01, NAN,8.0, NAN,1001.6, NAN,0.0, NAN,102.0, NAN,218, NAN,9.9, NAN,57.7, NAN,9.9, NAN,242.5, NAN,1003.7,370.56,271.75,1784.48,5.863,6.218,126.6,0.0,1439.112, NAN, NAN, NAN, NAN,,2024/03/30 20:54:32.913,2024-03-30 20:54:32.913000+00:00
2024/03/30, 20:55:32.914,41.524,-70.672,0.06,24.55,279.34,0.03, NAN,8.0, NAN,1001.4, NAN,0.0, NAN,102.0, NAN,223, NAN,11.3, NAN,58.3, NAN,11.3, NAN,247.5, NAN,1003.5,366.98,271.89,1779.25,5.863,6.2208,126.3,0.0,1439.124, NAN, NAN, NAN, NAN,,2024/03/30 20:55:32.914,2024-03-30 20:55:32.914000+00:00
2024/03/30, 20:56:32.914,41.524,-70.672,0.04,24.52,315.62,0.02, NAN,8.0, NAN,1001.6, NAN,0.0, NAN,102.0, NAN,219, NAN,11.6, NAN,57.9, NAN,11.6, NAN,243.5, NAN,1003.7,364.12,271.87,1775.74,5.863,6.2239,126.9,0.0,1439.137, NAN, NAN, NAN, NAN,,2024/03/30 20:56:32.914,2024-03-30 20:56:32.914000+00:00
2024/03/30, 20:57:32.914,41.524,-70.672,0.09,24.54,344.56,0.01, NAN,8.0, NAN,1001.4, NAN,0.0, NAN,102.0, NAN,225, NAN,9.8, NAN,58.5, NAN,9.8, NAN,249.5, NAN,1003.5,360.96,271.65,1771.29,5.863,6.2277,126.9,0.0,1439.153, NAN, NAN, NAN, NAN,,2024/03/30 20:57:32.914,2024-03-30 20:57:32.914000+00:00
2024/03/30, 20:58:32.914,41.524,-70.672,0.07,24.48,329.49,0.02, NAN,8.0, NAN,1001.6, NAN,0.0, NAN,102.0, NAN,222, NAN,11.5, NAN,58.5, NAN,11.5, NAN,246.4, NAN,1003.7,356.3,271.5,1762.59,5.863,6.2315,126.3,0.0,1439.17, NAN, NAN, NAN, NAN,,2024/03/30 20:58:32.914,2024-03-30 20:58:32.914000+00:00
2024/03/30, 20:59:32.914,41.524,-70.672,0.15,24.48,343.5,0.01, NAN,7.9, NAN,1001.4, NAN,0.0, NAN,102.0, NAN,228, NAN,10.5, NAN,57.2, NAN,10.5, NAN,252.5, NAN,1003.5,353.98,271.66,1760.72,5.863,6.2383,126.6,0.0,1439.199, NAN, NAN, NAN, NAN,,2024/03/30 20:59:32.914,2024-03-30 20:59:32.914000+00:00
2024/03/30, 21:00:32.914,41.524,-70.672,0.07,24.49,171.86,0.01, NAN,7.9, NAN,1001.4, NAN,0.0, NAN,102.0, NAN,224, NAN,9.8, NAN,57.2, NAN,9.8, NAN,248.5, NAN,1003.5,350.23,271.88,1754.92,5.8631,6.2442,126.3,0.0,1439.224, NAN, NAN, NAN, NAN,,2024/03/30 21:00:32.914,2024-03-30 21:00:32.914000+00:00
2024/03/30, 21:01:32.914,41.524,-70.672,0.17,24.52,124.03,0.01, NAN,7.9, NAN,1001.6, NAN,0.0, NAN,102.0, NAN,218, NAN,12.4, NAN,58.1, NAN,12.4, NAN,242.5, NAN,1003.7,346.42,271.78,1747.6,5.8631,6.2484,126.6,0.0,1439.242, NAN, NAN, NAN, NAN,,2024/03/30 21:01:32.914,2024-03-30 21:01:32.914000+00:00
2024/03/30, 21:02:32.914,41.524,-70.672,0.13,24.54,89.32,0.02, NAN,7.9, NAN,1001.4, NAN,0.0, NAN,102.0, NAN,223, NAN,9.3, NAN,57.3, NAN,9.3, NAN,247.6, NAN,1003.5,343.28,271.7,1742.81,5.863,6.2576,126.3,0.0,1439.282, NAN, NAN, NAN, NAN,,2024/03/30 21:02:32.914,2024-03-30 21:02:32.914000+00:00
2024/03/30, 21:03:32.914,41.524,-70.672,0.16,24.46,68.74,0.0, NAN,7.9, NAN,1001.4, NAN,0.0, NAN,102.0, NAN,217, NAN,12.0, NAN,59.3, NAN,12.0, NAN,241.5, NAN,1003.5,339.54,271.48,1735.7,5.863,6.2689,126.9,0.0,1439.33, NAN, NAN, NAN, NAN,,2024/03/30 21:03:32.914,2024-03-30 21:03:32.914000+00:00
2024/03/30, 21:04:32.914,41.524,-70.672,0.13,24.48,133.37,0.01, NAN,7.9, NAN,1001.5, NAN,0.0, NAN,102.0, NAN,218, NAN,7.5, NAN,58.3, NAN,7.5, NAN,242.5, NAN,1003.6,337.19,271.34,1734.17,5.863,6.2752,126.3,0.0,1439.357, NAN, NAN, NAN, NAN,,2024/03/30 21:04:32.914,2024-03-30 21:04:32.914000+00:00
2024/03/30, 21:05:32.914,41.524,-70.672,0.05,24.51,274.45,0.01, NAN,7.9, NAN,1001.6, NAN,0.0, NAN,102.0, NAN,216, NAN,6.2, NAN,59.6, NAN,6.2, NAN,240.5, NAN,1003.7,333.83,271.69,1728.79,5.8632,6.2766,126.3,0.0,1439.363, NAN, NAN, NAN, NAN,,2024/03/30 21:05:32.914,2024-03-30 21:05:32.914000+00:00
2024/03/30, 21:06:32.914,41.524,-70.672,0.11,24.5,183.26,0.01, NAN,7.9, NAN,1001.6, NAN,0.0, NAN,102.0, NAN,223, NAN,9.2, NAN,59.7, NAN,9.2, NAN,247.5, NAN,1003.7,330.56,271.82,1722.83,5.8631,6.2782,126.0,0.0,1439.37, NAN, NAN, NAN, NAN,,2024/03/30 21:06:32.914,2024-03-30 21:06:32.914000+00:00
2024/03/30, 21:07:32.914,41.524,-70.672,0.07,24.63,230.23,0.02, NAN,7.9, NAN,1001.6, NAN,0.0, NAN,102.0, NAN,218, NAN,10.7, NAN,59.5, NAN,10.7, NAN,242.6, NAN,1003.7,327.39,271.78,1718.59,5.8631,6.2803,126.3,0.0,1439.379, NAN, NAN, NAN, NAN,,2024/03/30 21:07:32.914,2024-03-30 21:07:32.914000+00:00
2024/03/30, 21:08:32.914,41.524,-70.672,0.08,24.55,76.25,0.01, NAN,7.9, NAN,1001.6, NAN,0.0, NAN,102.0, NAN,227, NAN,8.9, NAN,58.3, NAN,8.9, NAN,251.6, NAN,1003.7,324.96,271.87,1714.86,5.8631,6.2828,126.9,0.0,1439.389, NAN, NAN, NAN, NAN,,2024/03/30 21:08:32.914,2024-03-30 21:08:32.914000+00:00
2024/03/30, 21:09:32.914,41.524,-70.672,0.23,24.46,355.06,0.02, NAN,7.9, NAN,1001.8, NAN,0.0, NAN,102.0, NAN,216, NAN,8.9, NAN,59.4, NAN,8.9, NAN,240.4, NAN,1003.9,321.75,272.16,1708.82,5.8631,6.2863,126.0,0.0,1439.404, NAN, NAN, NAN, NAN,,2024/03/30 21:09:32.914,2024-03-30 21:09:32.914000+00:00
2024/03/30, 21:10:32.914,41.524,-70.672,0.1,24.48,324.05,0.01, NAN,8.0, NAN,1001.6, NAN,0.0, NAN,102.0, NAN,219, NAN,10.7, NAN,59.1, NAN,10.7, NAN,243.5, NAN,1003.7,318.68,272.23,1703.65,5.8631,6.2891,126.6,0.0,1439.416, NAN, NAN, NAN, NAN,,2024/03/30 21:10:32.914,2024-03-30 21:10:32.914000+00:00
2024/03/30, 21:11:32.914,41.524,-70.672,0.13,24.48,204.54,0.01, NAN,8.0, NAN,1001.6, NAN,0.0, NAN,102.0, NAN,225, NAN,10.7, NAN,57.7, NAN,10.7, NAN,249.5, NAN,1003.7,314.63,271.65,1696.54,5.8631,6.2921,126.6,0.0,1439.429, NAN, NAN, NAN, NAN,,2024/03/30 21:11:32.914,2024-03-30 21:11:32.914000+00:00
2024/03/30, 21:12:32.915,41.524,-70.672,0.25,24.5,106.33,0.01, NAN,8.0, NAN,1001.8, NAN,0.0, NAN,102.0, NAN,220, NAN,11.4, NAN,57.9, NAN,11.4, NAN,244.5, NAN,1003.9,311.68,271.97,1687.22,5.8631,6.2957,126.3,0.0,1439.445, NAN, NAN, NAN, NAN,,2024/03/30 21:12:32.915,2024-03-30 21:12:32.915000+00:00
2024/03/30, 21:13:32.915,41.524,-70.672,0.16,24.55,292.84,0.02, NAN,8.0, NAN,1001.6, NAN,0.0, NAN,102.0, NAN,221, NAN,10.0, NAN,58.2, NAN,10.0, NAN,245.5, NAN,1003.7,308.36,271.98,1683.37,5.8633,6.3003,126.6,0.0,1439.465, NAN, NAN, NAN, NAN,,2024/03/30 21:13:32.915,2024-03-30 21:13:32.915000+00:00
2024/03/30, 21:14:32.915,41.524,-70.672,0.08,24.47,77.69,0.02, NAN,8.0, NAN,1001.6, NAN,0.0, NAN,102.0, NAN,227, NAN,8.4, NAN,57.9, NAN,8.4, NAN,251.5, NAN,1003.7,304.84,271.85,1675.44,5.8631,6.3084,125.7,0.0,1439.499, NAN, NAN, NAN, NAN,,2024/03/30 21:14:32.915,2024-03-30 21:14:32.915000+00:00
2024/03/30, 21:15:32.915,41.524,-70.672,0.0,24.5,172.21,0.0, NAN,8.0, NAN,1001.5, NAN,0.0, NAN,102.0, NAN,220, NAN,8.5, NAN,58.5, NAN,8.5, NAN,244.5, NAN,1003.6,301.26,271.94,1669.73,5.8631,6.3123,126.3,0.0,1439.516, NAN, NAN, NAN, NAN,,2024/03/30 21:15:32.915,2024-03-30 21:15:32.915000+00:00
2024/03/30, 21:16:32.915,41.524,-70.672,0.13,24.45,289.44,0.01, NAN,8.0, NAN,1001.6, NAN,0.0, NAN,102.0, NAN,214, NAN,8.5, NAN,59.2, NAN,8.5, NAN,238.4, NAN,1003.7,297.92,272.12,1662.48,5.8631,6.3157,126.3,0.0,1439.53, NAN, NAN, NAN, NAN,,2024/03/30 21:16:32.915,2024-03-30 21:16:32.915000+00:00
2024/03/30, 21:17:32.915,41.524,-70.672,0.07,24.48,209.47,0.01, NAN,8.0, NAN,1001.6, NAN,0.0, NAN,102.0, NAN,220, NAN,9.7, NAN,58.9, NAN,9.7, NAN,244.5, NAN,1003.7,290.63,271.71,1639.41,5.8633,6.3199,126.3,0.0,1439.548, NAN, NAN, NAN, NAN,,2024/03/30 21:17:32.915,2024-03-30 21:17:32.915000+00:00
2024/03/30, 21:18:32.915,41.524,-70.672,0.15,24.51,333.01,0.02, NAN,8.0, NAN,1001.6, NAN,0.0, NAN,102.0, NAN,220, NAN,9.1, NAN,59.0, NAN,9.1, NAN,244.4, NAN,1003.7,288.13,271.95,1631.22,5.8632,6.3232,126.6,0.0,1439.562, NAN, NAN, NAN, NAN,,2024/03/30 21:18:32.915,2024-03-30 21:18:32.915000+00:00
2024/03/30, 21:19:32.915,41.524,-70.672,0.12,24.45,119.51,0.01, NAN,8.1, NAN,1001.6, NAN,0.0, NAN,102.0, NAN,214, NAN,13.6, NAN,58.1, NAN,13.6, NAN,238.5, NAN,1003.7,269.31,272.52,1557.59,5.8632,6.3289,126.6,0.0,1439.587, NAN, NAN, NAN, NAN,,2024/03/30 21:19:32.915,2024-03-30 21:19:32.915000+00:00
2024/03/30, 21:20:32.915,41.524,-70.672,0.09,24.47,13.15,0.0, NAN,8.1, NAN,1001.6, NAN,0.0, NAN,102.0, NAN,223, NAN,10.5, NAN,55.7, NAN,10.5, NAN,247.5, NAN,1003.7,282.11,272.36,1623.3,5.8632,6.3355,126.9,0.0,1439.615, NAN, NAN, NAN, NAN,,2024/03/30 21:20:32.915,2024-03-30 21:20:32.915000+00:00
2024/03/30, 21:21:32.915,41.524,-70.672,0.02,24.46,325.63,0.02, NAN,8.2, NAN,1001.6, NAN,0.0, NAN,102.0, NAN,224, NAN,10.6, NAN,55.3, NAN,10.6, NAN,248.4, NAN,1003.7,279.71,272.2,1625.67,5.8632,6.3425,126.6,0.0,1439.645, NAN, NAN, NAN, NAN,,2024/03/30 21:21:32.915,2024-03-30 21:21:32.915000+00:00
2024/03/30, 21:22:32.915,41.524,-70.672,0.05,24.41,72.53,0.0, NAN,8.3, NAN,1001.4, NAN,0.0, NAN,102.0, NAN,228, NAN,9.4, NAN,55.6, NAN,9.4, NAN,252.4, NAN,1003.5,275.62,271.86,1614.15,5.8632,6.3469,126.6,0.0,1439.664, NAN, NAN, NAN, NAN,,2024/03/30 21:22:32.915,2024-03-30 21:22:32.915000+00:00
2024/03/30, 21:23:32.915,41.524,-70.672,0.17,24.43,207.83,0.02, NAN,8.3, NAN,1001.6, NAN,0.0, NAN,102.0, NAN,226, NAN,9.4, NAN,56.8, NAN,9.4, NAN,250.4, NAN,1003.7,267.95,271.65,1592.04,5.8632,6.3508,126.3,0.0,1439.68, NAN, NAN, NAN, NAN,,2024/03/30 21:23:32.915,2024-03-30 21:23:32.915000+00:00
2024/03/30, 21:24:32.915,41.524,-70.672,0.08,24.45,93.94,0.01, NAN,8.2, NAN,1001.4, NAN,0.0, NAN,102.0, NAN,232, NAN,9.0, NAN,56.1, NAN,9.0, NAN,256.5, NAN,1003.5,268.68,272.1,1601.03,5.8633,6.3617,126.6,0.0,1439.727, NAN, NAN, NAN, NAN,,2024/03/30 21:24:32.915,2024-03-30 21:24:32.915000+00:00
2024/03/30, 21:25:32.915,41.524,-70.672,0.13,24.54,203.86,0.01, NAN,8.2, NAN,1001.5, NAN,0.0, NAN,102.0, NAN,227, NAN,12.7, NAN,55.8, NAN,12.7, NAN,251.6, NAN,1003.6,264.8,272.12,1594.33,5.8632,6.3709,126.6,0.0,1439.766, NAN, NAN, NAN, NAN,,2024/03/30 21:25:32.915,2024-03-30 21:25:32.915000+00:00
2024/03/30, 21:26:32.915,41.524,-70.672,0.06,24.51,356.96,0.01, NAN,8.2, NAN,1001.6, NAN,0.0, NAN,102.0, NAN,225, NAN,12.0, NAN,55.7, NAN,12.0, NAN,249.5, NAN,1003.7,255.82,272.09,1559.98,5.8632,6.3753,126.9,0.0,1439.785, NAN, NAN, NAN, NAN,,2024/03/30 21:26:32.915,2024-03-30 21:26:32.915000+00:00
2024/03/30, 21:27:32.915,41.524,-70.672,-0.03,24.44,137.67,0.02, NAN,8.3, NAN,1001.6, NAN,0.0, NAN,102.0, NAN,220, NAN,7.9, NAN,55.5, NAN,7.9, NAN,244.5, NAN,1003.7,259.16,271.8,1585.61,5.8633,6.3756,126.9,0.0,1439.786, NAN, NAN, NAN, NAN,,2024/03/30 21:27:32.915,2024-03-30 21:27:32.915000+00:00
2024/03/30, 21:28:32.915,41.524,-70.672,0.09,24.45,82.83,0.01, NAN,8.3, NAN,1001.6, NAN,0.0, NAN,102.0, NAN,221, NAN,11.2, NAN,56.7, NAN,11.2, NAN,245.5, NAN,1003.7,246.51,271.9,1522.09,5.8633,6.3726,126.3,0.0,1439.774, NAN, NAN, NAN, NAN,,2024/03/30 21:28:32.915,2024-03-30 21:28:32.915000+00:00
2024/03/30, 21:29:32.916,41.524,-70.672,0.03,24.41,110.8,0.01, NAN,8.3, NAN,1001.6, NAN,0.0, NAN,102.0, NAN,221, NAN,10.7, NAN,56.0, NAN,10.7, NAN,245.4, NAN,1003.7,251.76,271.98,1567.39,5.8633,6.3734,126.6,0.0,1439.777, NAN, NAN, NAN, NAN,,2024/03/30 21:29:32.916,2024-03-30 21:29:32.916000+00:00
2024/03/30, 21:30:32.916,41.524,-70.672,0.18,24.44,354.65,0.0, NAN,8.2, NAN,1001.4, NAN,0.0, NAN,102.0, NAN,227, NAN,9.2, NAN,56.3, NAN,9.2, NAN,251.4, NAN,1003.5,248.01,271.91,1560.25,5.8632,6.3735,126.3,0.0,1439.777, NAN, NAN, NAN, NAN,,2024/03/30 21:30:32.916,2024-03-30 21:30:32.916000+00:00
2024/03/30, 21:31:32.916,41.524,-70.672,0.21,24.52,313.34,0.03, NAN,8.2, NAN,1001.6, NAN,0.0, NAN,102.0, NAN,223, NAN,11.3, NAN,56.8, NAN,11.3, NAN,247.4, NAN,1003.7,244.67,271.87,1553.03,5.8632,6.3735,126.6,0.0,1439.777, NAN, NAN, NAN, NAN,,2024/03/30 21:31:32.916,2024-03-30 21:31:32.916000+00:00
2024/03/30, 21:32:32.916,41.524,-70.672,-0.01,24.44,298.49,0.01, NAN,8.3, NAN,1001.6, NAN,0.0, NAN,102.0, NAN,225, NAN,9.5, NAN,55.9, NAN,9.5, NAN,249.5, NAN,1003.7,224.08,271.55,1464.03,5.8632,6.3741,126.6,0.0,1439.78, NAN, NAN, NAN, NAN,,2024/03/30 21:32:32.916,2024-03-30 21:32:32.916000+00:00
2024/03/30, 21:33:32.916,41.524,-70.672,0.21,24.45,70.32,0.01, NAN,8.3, NAN,1001.6, NAN,0.0, NAN,102.0, NAN,228, NAN,7.8, NAN,57.2, NAN,7.8, NAN,252.4, NAN,1003.7,229.12,271.89,1484.49,5.8632,6.381,126.9,0.0,1439.809, NAN, NAN, NAN, NAN,,2024/03/30 21:33:32.916,2024-03-30 21:33:32.916000+00:00
2024/03/30, 21:34:32.916,41.524,-70.672,0.0,24.47,197.32,0.01, NAN,8.3, NAN,1001.5, NAN,0.0, NAN,102.0, NAN,221, NAN,9.7, NAN,57.1, NAN,9.7, NAN,245.5, NAN,1003.6,223.41,272.08,1459.24,5.8632,6.3824,126.6,0.0,1439.815, NAN, NAN, NAN, NAN,,2024/03/30 21:34:32.916,2024-03-30 21:34:32.916000+00:00
2024/03/30, 21:35:32.916,41.524,-70.672,0.11,24.42,70.71,0.0, NAN,8.2, NAN,1001.6, NAN,0.0, NAN,102.0, NAN,220, NAN,8.9, NAN,56.7, NAN,8.9, NAN,244.4, NAN,1003.7,227.49,272.13,1491.73,5.8633,6.3857,126.3,0.0,1439.829, NAN, NAN, NAN, NAN,,2024/03/30 21:35:32.916,2024-03-30 21:35:32.916000+00:00
2024/03/30, 21:36:32.916,41.524,-70.672,0.2,24.42,299.34,0.02, NAN,8.2, NAN,1001.6, NAN,0.0, NAN,102.0, NAN,227, NAN,8.9, NAN,57.5, NAN,8.9, NAN,251.4, NAN,1003.7,227.71,272.32,1502.83,5.8632,6.3959,126.6,0.0,1439.873, NAN, NAN, NAN, NAN,,2024/03/30 21:36:32.916,2024-03-30 21:36:32.916000+00:00
2024/03/30, 21:37:32.916,41.524,-70.672,0.11,24.37,136.86,0.01, NAN,8.3, NAN,1001.5, NAN,0.0, NAN,102.0, NAN,222, NAN,9.8, NAN,57.0, NAN,9.8, NAN,246.4, NAN,1003.6,223.9,272.27,1495.96,5.8633,6.4041,126.6,0.0,1439.908, NAN, NAN, NAN, NAN,,2024/03/30 21:37:32.916,2024-03-30 21:37:32.916000+00:00
2024/03/30, 21:38:32.916,41.524,-70.672,0.1,24.5,315.48,0.01, NAN,8.3, NAN,1001.6, NAN,0.0, NAN,102.0, NAN,224, NAN,8.4, NAN,56.0, NAN,8.4, NAN,248.5, NAN,1003.7,221.93,272.12,1487.81,5.8632,6.4033,127.6,0.0,1439.904, NAN, NAN, NAN, NAN,,2024/03/30 21:38:32.916,2024-03-30 21:38:32.916000+00:00
2024/03/30, 21:39:32.916,41.524,-70.672,0.11,24.48,279.2,0.02, NAN,8.4, NAN,1001.6, NAN,0.0, NAN,102.0, NAN,234, NAN,11.3, NAN,56.4, NAN,11.3, NAN,258.5, NAN,1003.7,218.63,271.86,1481.32,5.8632,6.4037,126.3,0.0,1439.906, NAN, NAN, NAN, NAN,,2024/03/30 21:39:32.916,2024-03-30 21:39:32.916000+00:00
2024/03/30, 21:40:32.916,41.524,-70.672,0.07,24.39,89.8,0.01, NAN,8.4, NAN,1001.8, NAN,0.0, NAN,102.0, NAN,214, NAN,9.8, NAN,56.1, NAN,9.8, NAN,238.4, NAN,1003.9,215.39,271.84,1468.17,5.8632,6.3912,126.6,0.0,1439.853, NAN, NAN, NAN, NAN,,2024/03/30 21:40:32.916,2024-03-30 21:40:32.916000+00:00
2024/03/30, 21:41:32.916,41.524,-70.672,0.1,24.42,6.29,0.03, NAN,8.3, NAN,1001.6, NAN,0.0, NAN,102.0, NAN,222, NAN,10.6, NAN,56.3, NAN,10.6, NAN,246.3, NAN,1003.7,211.97,271.43,1459.61,5.8632,6.3677,126.6,0.0,1439.752, NAN, NAN, NAN, NAN,,2024/03/30 21:41:32.916,2024-03-30 21:41:32.916000+00:00
2024/03/30, 21:42:32.916,41.524,-70.672,0.03,24.42,163.88,0.0, NAN,8.3, NAN,1001.4, NAN,0.0, NAN,102.0, NAN,217, NAN,8.1, NAN,57.2, NAN,8.1, NAN,241.4, NAN,1003.5,210.14,271.45,1452.01,5.8632,6.3472,126.9,0.0,1439.665, NAN, NAN, NAN, NAN,,2024/03/30 21:42:32.916,2024-03-30 21:42:32.916000+00:00
2024/03/30, 21:43:32.916,41.524,-70.672,0.11,24.42,2.92,0.01, NAN,8.3, NAN,1001.6, NAN,0.0, NAN,102.0, NAN,222, NAN,11.8, NAN,57.2, NAN,11.8, NAN,246.4, NAN,1003.7,206.28,271.56,1442.33,5.8632,6.3282,126.9,0.0,1439.584, NAN, NAN, NAN, NAN,,2024/03/30 21:43:32.916,2024-03-30 21:43:32.916000+00:00
2024/03/30, 21:44:32.916,41.524,-70.672,0.12,24.38,43.84,0.01, NAN,8.3, NAN,1001.6, NAN,0.0, NAN,102.0, NAN,218, NAN,8.6, NAN,56.4, NAN,8.6, NAN,242.4, NAN,1003.7,203.92,271.4,1433.37,5.8633,6.3134,126.9,0.0,1439.521, NAN, NAN, NAN, NAN,,2024/03/30 21:44:32.916,2024-03-30 21:44:32.916000+00:00
2024/03/30, 21:45:32.916,41.524,-70.672,0.1,24.4,348.95,0.0, NAN,8.2, NAN,1001.6, NAN,0.0, NAN,102.0, NAN,234, NAN,7.6, NAN,58.5, NAN,7.6, NAN,258.4, NAN,1003.7,200.71,271.24,1423.73,5.8633,6.3063,126.3,0.0,1439.49, NAN, NAN, NAN, NAN,,2024/03/30 21:45:32.916,2024-03-30 21:45:32.916000+00:00
2024/03/30, 21:46:32.917,41.524,-70.672,0.13,24.49,355.69,0.02, NAN,8.2, NAN,1001.6, NAN,0.0, NAN,102.0, NAN,220, NAN,9.6, NAN,59.6, NAN,9.6, NAN,244.4, NAN,1003.7,197.18,271.3,1412.29,5.8632,6.301,126.9,0.0,1439.467, NAN, NAN, NAN, NAN,,2024/03/30 21:46:32.917,2024-03-30 21:46:32.917000+00:00
2024/03/30, 21:47:32.917,41.524,-70.672,-0.02,24.49,317.79,0.02, NAN,8.2, NAN,1001.8, NAN,0.0, NAN,102.0, NAN,222, NAN,6.9, NAN,59.0, NAN,6.9, NAN,246.4, NAN,1003.9,193.93,271.36,1398.38,5.8632,6.2989,126.6,0.0,1439.458, NAN, NAN, NAN, NAN,,2024/03/30 21:47:32.917,2024-03-30 21:47:32.917000+00:00
2024/03/30, 21:48:32.917,41.524,-70.672,-0.01,24.49,69.7,0.01, NAN,8.2, NAN,1001.6, NAN,0.0, NAN,102.0, NAN,230, NAN,10.2, NAN,59.4, NAN,10.2, NAN,254.5, NAN,1003.7,190.58,271.31,1388.87,5.8633,6.2987,126.6,0.0,1439.458, NAN, NAN, NAN, NAN,,2024/03/30 21:48:32.917,2024-03-30 21:48:32.917000+00:00
2024/03/30, 21:49:32.917,41.524,-70.672,0.11,24.42,97.57,0.02, NAN,8.2, NAN,1001.8, NAN,0.0, NAN,102.0, NAN,224, NAN,10.0, NAN,59.3, NAN,10.0, NAN,248.4, NAN,1003.9,186.21,271.47,1365.97,5.8633,6.2981,126.6,0.0,1439.455, NAN, NAN, NAN, NAN,,2024/03/30 21:49:32.917,2024-03-30 21:49:32.917000+00:00
2024/03/30, 21:50:32.917,41.524,-70.672,0.07,24.56,2.46,0.01, NAN,8.2, NAN,1001.8, NAN,0.0, NAN,102.0, NAN,223, NAN,9.9, NAN,59.3, NAN,9.9, NAN,247.5, NAN,1003.9,183.31,271.45,1353.92,5.8633,6.2962,126.9,0.0,1439.447, NAN, NAN, NAN, NAN,,2024/03/30 21:50:32.917,2024-03-30 21:50:32.917000+00:00
2024/03/30, 21:51:32.917,41.524,-70.672,0.09,24.53,137.23,0.01, NAN,8.1, NAN,1001.7, NAN,0.0, NAN,102.0, NAN,230, NAN,10.8, NAN,59.4, NAN,10.8, NAN,254.6, NAN,1003.8,181.17,271.4,1352.6,5.8633,6.2944,126.9,0.0,1439.439, NAN, NAN, NAN, NAN,,2024/03/30 21:51:32.917,2024-03-30 21:51:32.917000+00:00
2024/03/30, 21:52:32.917,41.524,-70.672,0.14,24.4,94.71,0.02, NAN,8.1, NAN,1001.6, NAN,0.0, NAN,102.0, NAN,225, NAN,6.0, NAN,59.3, NAN,6.0, NAN,249.5, NAN,1003.7,178.34,271.43,1340.14,5.8632,6.2887,126.6,0.0,1439.415, NAN, NAN, NAN, NAN,,2024/03/30 21:52:32.917,2024-03-30 21:52:32.917000+00:00
2024/03/30, 21:53:32.917,41.524,-70.672,0.07,24.52,303.7,0.03, NAN,8.1, NAN,1001.6, NAN,0.0, NAN,102.0, NAN,220, NAN,10.6, NAN,60.0, NAN,10.6, NAN,244.5, NAN,1003.7,174.3,271.71,1327.17,5.8632,6.279,126.3,0.0,1439.373, NAN, NAN, NAN, NAN,,2024/03/30 21:53:32.917,2024-03-30 21:53:32.917000+00:00
2024/03/30, 21:54:32.917,41.524,-70.672,0.12,24.48,327.02,0.02, NAN,8.1, NAN,1001.6, NAN,0.0, NAN,102.0, NAN,220, NAN,10.5, NAN,59.2, NAN,10.5, NAN,244.4, NAN,1003.7,170.95,271.31,1315.07,5.8633,6.2685,126.6,0.0,1439.329, NAN, NAN, NAN, NAN,,2024/03/30 21:54:32.917,2024-03-30 21:54:32.917000+00:00
2024/03/30, 21:55:32.917,41.524,-70.672,0.14,24.48,249.61,0.0, NAN,8.1, NAN,1001.6, NAN,0.0, NAN,102.0, NAN,218, NAN,11.0, NAN,59.9, NAN,11.0, NAN,242.5, NAN,1003.7,167.47,271.89,1299.96,5.8632,6.2578,126.6,0.0,1439.283, NAN, NAN, NAN, NAN,,2024/03/30 21:55:32.917,2024-03-30 21:55:32.917000+00:00
2024/03/30, 21:56:32.917,41.524,-70.672,0.02,24.52,315.07,0.02, NAN,8.1, NAN,1001.6, NAN,0.0, NAN,102.0, NAN,219, NAN,10.3, NAN,58.7, NAN,10.3, NAN,243.5, NAN,1003.7,164.33,271.58,1286.96,5.8632,6.2498,126.9,0.0,1439.248, NAN, NAN, NAN, NAN,,2024/03/30 21:56:32.917,2024-03-30 21:56:32.917000+00:00
2024/03/30, 21:57:32.917,41.524,-70.672,0.12,24.4,144.65,0.04, NAN,8.2, NAN,1001.6, NAN,0.0, NAN,102.0, NAN,224, NAN,11.3, NAN,59.3, NAN,11.3, NAN,248.5, NAN,1003.7,160.61,271.68,1268.11,5.8632,6.2414,126.9,0.0,1439.212, NAN, NAN, NAN, NAN,,2024/03/30 21:57:32.917,2024-03-30 21:57:32.917000+00:00
2024/03/30, 21:58:32.917,41.524,-70.672,0.14,24.56,238.01,0.01, NAN,8.2, NAN,1001.7, NAN,0.0, NAN,102.0, NAN,230, NAN,9.3, NAN,59.4, NAN,9.3, NAN,254.5, NAN,1003.8,158.55,271.76,1258.13,5.8633,6.2335,126.6,0.0,1439.179, NAN, NAN, NAN, NAN,,2024/03/30 21:58:32.917,2024-03-30 21:58:32.917000+00:00
2024/03/30, 21:59:32.917,41.524,-70.672,0.09,24.47,326.15,0.01, NAN,8.1, NAN,1001.7, NAN,0.0, NAN,102.0, NAN,223, NAN,10.0, NAN,59.8, NAN,10.0, NAN,247.5, NAN,1003.8,155.15,272.01,1244.04,5.8632,6.2391,126.6,0.0,1439.203, NAN, NAN, NAN, NAN,,2024/03/30 21:59:32.917,2024-03-30 21:59:32.917000+00:00
2024/03/30, 22:00:32.917,41.524,-70.672,0.04,24.5,100.05,0.02, NAN,8.1, NAN,1001.8, NAN,0.0, NAN,102.0, NAN,221, NAN,9.5, NAN,59.5, NAN,9.5, NAN,245.5, NAN,1003.9,152.16,272.02,1229.11,5.8633,6.2494,126.3,0.0,1439.247, NAN, NAN, NAN, NAN,,2024/03/30 22:00:32.917,2024-03-30 22:00:32.917000+00:00
2024/03/30, 22:01:32.917,41.524,-70.672,0.12,24.59,295.68,0.02, NAN,8.1, NAN,1001.8, NAN,0.0, NAN,102.0, NAN,223, NAN,8.8, NAN,59.3, NAN,8.8, NAN,247.5, NAN,1003.9,144.75,272.39,1182.91,5.8632,6.2563,127.6,0.0,1439.276, NAN, NAN, NAN, NAN,,2024/03/30 22:01:32.917,2024-03-30 22:01:32.917000+00:00
2024/03/30, 22:02:32.917,41.524,-70.672,0.09,24.47,327.42,0.01, NAN,8.2, NAN,1001.8, NAN,0.0, NAN,102.0, NAN,220, NAN,11.9, NAN,59.6, NAN,11.9, NAN,244.4, NAN,1003.9,128.49,272.31,1070.86,5.8633,6.2624,126.3,0.0,1439.302, NAN, NAN, NAN, NAN,,2024/03/30 22:02:32.917,2024-03-30 22:02:32.917000+00:00
2024/03/30, 22:03:32.918,41.524,-70.672,0.1,24.5,283.42,0.02, NAN,8.2, NAN,1001.8, NAN,0.0, NAN,102.0, NAN,215, NAN,11.2, NAN,59.0, NAN,11.2, NAN,239.4, NAN,1003.9,133.94,272.31,1116.3,5.8631,6.2654,126.6,0.0,1439.315, NAN, NAN, NAN, NAN,,2024/03/30 22:03:32.918,2024-03-30 22:03:32.918000+00:00
2024/03/30, 22:04:32.918,41.524,-70.672,0.02,24.44,144.99,0.02, NAN,8.2, NAN,1001.8, NAN,0.0, NAN,102.0, NAN,219, NAN,9.7, NAN,58.6, NAN,9.7, NAN,243.5, NAN,1003.9,119.41,271.84,1014.33,5.8632,6.2661,126.3,0.0,1439.318, NAN, NAN, NAN, NAN,,2024/03/30 22:04:32.918,2024-03-30 22:04:32.918000+00:00
2024/03/30, 22:05:32.918,41.524,-70.672,0.13,24.47,157.58,0.01, NAN,8.2, NAN,1001.8, NAN,0.0, NAN,102.0, NAN,218, NAN,11.2, NAN,60.2, NAN,11.2, NAN,242.5, NAN,1003.9,123.8,272.57,1060.67,5.8632,6.2643,127.6,0.0,1439.31, NAN, NAN, NAN, NAN,,2024/03/30 22:05:32.918,2024-03-30 22:05:32.918000+00:00
2024/03/30, 22:06:32.918,41.524,-70.672,0.05,24.45,2.26,0.01, NAN,8.2, NAN,1001.8, NAN,0.0, NAN,102.0, NAN,218, NAN,10.9, NAN,58.6, NAN,10.9, NAN,242.5, NAN,1003.9,124.45,272.45,1061.84,5.8631,6.2614,126.6,0.0,1439.298, NAN, NAN, NAN, NAN,,2024/03/30 22:06:32.918,2024-03-30 22:06:32.918000+00:00
2024/03/30, 22:07:32.918,41.524,-70.672,0.11,24.5,71.43,0.01, NAN,8.2, NAN,1001.8, NAN,0.0, NAN,102.0, NAN,222, NAN,8.8, NAN,59.6, NAN,8.8, NAN,246.5, NAN,1003.9,122.56,272.6,1068.2,5.8631,6.2573,126.3,0.0,1439.28, NAN, NAN, NAN, NAN,,2024/03/30 22:07:32.918,2024-03-30 22:07:32.918000+00:00
2024/03/30, 22:08:32.918,41.524,-70.672,0.15,24.44,150.15,0.01, NAN,8.2, NAN,1001.8, NAN,0.0, NAN,102.0, NAN,224, NAN,9.6, NAN,60.7, NAN,9.6, NAN,248.5, NAN,1003.9,122.26,272.72,1082.23,5.8631,6.2519,126.6,0.0,1439.257, NAN, NAN, NAN, NAN,,2024/03/30 22:08:32.918,2024-03-30 22:08:32.918000+00:00
2024/03/30, 22:09:32.918,41.524,-70.672,0.05,24.53,188.12,0.02, NAN,8.2, NAN,1001.8, NAN,0.0, NAN,102.0, NAN,221, NAN,9.3, NAN,59.4, NAN,9.3, NAN,245.6, NAN,1003.9,118.75,272.98,1063.24,5.8631,6.2471,126.9,0.0,1439.237, NAN, NAN, NAN, NAN,,2024/03/30 22:09:32.918,2024-03-30 22:09:32.918000+00:00
2024/03/30, 22:10:32.918,41.524,-70.672,-0.01,24.56,357.63,0.01, NAN,8.3, NAN,1002.0, NAN,0.0, NAN,102.0, NAN,210, NAN,8.9, NAN,58.1, NAN,8.9, NAN,234.6, NAN,1004.1,113.48,272.9,1027.43,5.863,6.2451,126.6,0.0,1439.228, NAN, NAN, NAN, NAN,,2024/03/30 22:10:32.918,2024-03-30 22:10:32.918000+00:00
2024/03/30, 22:11:32.918,41.524,-70.672,0.11,24.47,116.05,0.01, NAN,8.4, NAN,1001.8, NAN,0.0, NAN,102.0, NAN,225, NAN,9.9, NAN,58.7, NAN,9.9, NAN,249.5, NAN,1003.9,110.63,273.25,1011.9,5.863,6.2462,126.6,0.0,1439.233, NAN, NAN, NAN, NAN,,2024/03/30 22:11:32.918,2024-03-30 22:11:32.918000+00:00
2024/03/30, 22:12:32.918,41.524,-70.672,0.04,24.44,40.39,0.02, NAN,8.4, NAN,1002.0, NAN,0.0, NAN,102.0, NAN,216, NAN,9.1, NAN,58.4, NAN,9.1, NAN,240.5, NAN,1004.1,104.49,273.05,969.77,5.8628,6.2484,126.6,0.0,1439.242, NAN, NAN, NAN, NAN,,2024/03/30 22:12:32.918,2024-03-30 22:12:32.918000+00:00
2024/03/30, 22:13:32.918,41.524,-70.672,0.08,24.51,144.97,0.02, NAN,8.4, NAN,1002.0, NAN,0.0, NAN,102.0, NAN,220, NAN,11.4, NAN,58.6, NAN,11.4, NAN,244.6, NAN,1004.1,99.73,273.05,937.3,5.8628,6.2528,126.3,0.0,1439.261, NAN, NAN, NAN, NAN,,2024/03/30 22:13:32.918,2024-03-30 22:13:32.918000+00:00
2024/03/30, 22:14:32.918,41.524,-70.672,0.2,24.48,170.12,0.01, NAN,8.4, NAN,1001.9, NAN,0.0, NAN,102.0, NAN,219, NAN,10.1, NAN,58.4, NAN,10.1, NAN,243.5, NAN,1004.0,102.37,273.23,964.73,5.8629,6.257,126.3,0.0,1439.279, NAN, NAN, NAN, NAN,,2024/03/30 22:14:32.918,2024-03-30 22:14:32.918000+00:00
2024/03/30, 22:15:32.918,41.524,-70.672,0.06,24.51,258.18,0.01, NAN,8.4, NAN,1001.9, NAN,0.0, NAN,102.0, NAN,227, NAN,7.6, NAN,58.8, NAN,7.6, NAN,251.5, NAN,1004.0,103.13,273.18,977.88,5.8628,6.262,126.6,0.0,1439.3, NAN, NAN, NAN, NAN,,2024/03/30 22:15:32.918,2024-03-30 22:15:32.918000+00:00
2024/03/30, 22:16:32.918,41.524,-70.672,0.07,24.48,12.59,0.01, NAN,8.4, NAN,1002.0, NAN,0.0, NAN,102.0, NAN,221, NAN,10.8, NAN,59.9, NAN,10.8, NAN,245.5, NAN,1004.1,101.44,273.59,972.65,5.8627,6.2682,126.3,0.0,1439.327, NAN, NAN, NAN, NAN,,2024/03/30 22:16:32.918,2024-03-30 22:16:32.918000+00:00
2024/03/30, 22:17:32.918,41.524,-70.672,0.05,24.49,312.51,0.01, NAN,8.4, NAN,1002.0, NAN,0.0, NAN,102.0, NAN,223, NAN,10.2, NAN,57.6, NAN,10.2, NAN,247.5, NAN,1004.1,97.49,274.18,943.27,5.8627,6.2749,126.3,0.0,1439.355, NAN, NAN, NAN, NAN,,2024/03/30 22:17:32.918,2024-03-30 22:17:32.918000+00:00
2024/03/30, 22:18:32.918,41.524,-70.672,0.14,24.33,129.03,0.01, NAN,8.5, NAN,1001.9, NAN,0.0, NAN,102.0, NAN,219, NAN,13.9, NAN,55.8, NAN,13.9, NAN,243.3, NAN,1004.0,95.09,274.8,931.25,5.8627,6.2801,125.7,0.0,1439.377, NAN, NAN, NAN, NAN,,2024/03/30 22:18:32.918,2024-03-30 22:18:32.918000+00:00
2024/03/30, 22:19:32.918,41.524,-70.672,0.14,24.44,302.17,0.02, NAN,8.6, NAN,1002.0, NAN,0.0, NAN,102.0, NAN,218, NAN,12.8, NAN,54.5, NAN,12.8, NAN,242.4, NAN,1004.1,92.72,274.53,914.05,5.8627,6.2873,126.6,0.0,1439.408, NAN, NAN, NAN, NAN,,2024/03/30 22:19:32.918,2024-03-30 22:19:32.918000+00:00
2024/03/30, 22:20:32.919,41.524,-70.672,0.12,24.5,279.29,0.03, NAN,8.7, NAN,1002.0, NAN,0.0, NAN,102.0, NAN,220, NAN,12.0, NAN,54.6, NAN,12.0, NAN,244.4, NAN,1004.1,74.87,274.06,724.66,5.8626,6.2977,126.3,0.0,1439.453, NAN, NAN, NAN, NAN,,2024/03/30 22:20:32.919,2024-03-30 22:20:32.919000+00:00
2024/03/30, 22:21:32.919,41.524,-70.672,-0.09,24.42,47.54,0.02, NAN,8.7, NAN,1002.0, NAN,0.0, NAN,102.0, NAN,219, NAN,9.1, NAN,55.5, NAN,9.1, NAN,243.4, NAN,1004.1,86.23,273.57,859.49,5.8626,6.3064,126.3,0.0,1439.49, NAN, NAN, NAN, NAN,,2024/03/30 22:21:32.919,2024-03-30 22:21:32.919000+00:00
2024/03/30, 22:22:32.919,41.524,-70.672,0.01,24.48,274.44,0.02, NAN,8.6, NAN,1002.0, NAN,0.0, NAN,102.0, NAN,228, NAN,10.9, NAN,56.7, NAN,10.9, NAN,252.4, NAN,1004.1,81.41,273.21,825.76,5.8626,6.3141,126.3,0.0,1439.523, NAN, NAN, NAN, NAN,,2024/03/30 22:22:32.919,2024-03-30 22:22:32.919000+00:00
2024/03/30, 22:23:32.919,41.524,-70.672,0.12,24.43,217.51,0.01, NAN,8.6, NAN,1002.1, NAN,0.0, NAN,102.0, NAN,220, NAN,11.1, NAN,57.0, NAN,11.1, NAN,244.4, NAN,1004.2,76.31,273.22,779.81,5.8627,6.3194,126.3,0.0,1439.546, NAN, NAN, NAN, NAN,,2024/03/30 22:23:32.919,2024-03-30 22:23:32.919000+00:00
2024/03/30, 22:24:32.919,41.524,-70.672,0.18,24.44,137.8,0.01, NAN,8.5, NAN,1002.1, NAN,0.0, NAN,102.0, NAN,223, NAN,11.3, NAN,57.4, NAN,11.3, NAN,247.5, NAN,1004.2,72.42,273.09,743.91,5.8626,6.3227,126.3,0.0,1439.559, NAN, NAN, NAN, NAN,,2024/03/30 22:24:32.919,2024-03-30 22:24:32.919000+00:00
2024/03/30, 22:25:32.919,41.524,-70.672,0.18,24.39,110.03,0.0, NAN,8.5, NAN,1002.2, NAN,0.0, NAN,102.0, NAN,217, NAN,9.5, NAN,58.2, NAN,9.5, NAN,241.4, NAN,1004.3,66.06,272.97,688.21,5.8626,6.325,126.6,0.0,1439.569, NAN, NAN, NAN, NAN,,2024/03/30 22:25:32.919,2024-03-30 22:25:32.919000+00:00
2024/03/30, 22:26:32.919,41.524,-70.672,0.22,24.43,97.54,0.01, NAN,8.4, NAN,1002.2, NAN,0.0, NAN,102.0, NAN,217, NAN,10.2, NAN,59.2, NAN,10.2, NAN,241.4, NAN,1004.3,55.77,272.52,575.28,5.8627,6.3246,126.6,0.0,1439.568, NAN, NAN, NAN, NAN,,2024/03/30 22:26:32.919,2024-03-30 22:26:32.919000+00:00
2024/03/30, 22:27:32.919,41.524,-70.672,0.09,24.42,103.27,0.01, NAN,8.3, NAN,1002.3, NAN,0.0, NAN,102.0, NAN,224, NAN,10.6, NAN,60.3, NAN,10.6, NAN,248.4, NAN,1004.4,52.35,272.95,551.22,5.8627,6.3119,126.6,0.0,1439.513, NAN, NAN, NAN, NAN,,2024/03/30 22:27:32.919,2024-03-30 22:27:32.919000+00:00
2024/03/30, 22:28:32.919,41.524,-70.672,0.12,24.46,152.43,0.01, NAN,8.3, NAN,1001.9, NAN,0.0, NAN,102.0, NAN,221, NAN,9.9, NAN,59.2, NAN,9.9, NAN,245.5, NAN,1004.0,54.1,272.93,575.16,5.8627,6.2925,126.3,0.0,1439.43, NAN, NAN, NAN, NAN,,2024/03/30 22:28:32.919,2024-03-30 22:28:32.919000+00:00
2024/03/30, 22:29:32.919,41.524,-70.672,0.07,24.4,348.14,0.0, NAN,8.3, NAN,1002.3, NAN,0.0, NAN,102.0, NAN,220, NAN,8.9, NAN,59.8, NAN,8.9, NAN,244.4, NAN,1004.4,50.38,273.16,541.56,5.8627,6.2777,126.9,0.0,1439.367, NAN, NAN, NAN, NAN,,2024/03/30 22:29:32.919,2024-03-30 22:29:32.919000+00:00
2024/03/30, 22:30:32.919,41.524,-70.672,0.12,24.39,314.15,0.0, NAN,8.3, NAN,1002.2, NAN,0.0, NAN,102.0, NAN,216, NAN,9.7, NAN,60.4, NAN,9.7, NAN,240.4, NAN,1004.3,41.01,273.38,447.56,5.8626,6.2523,126.0,0.0,1439.258, NAN, NAN, NAN, NAN,,2024/03/30 22:30:32.919,2024-03-30 22:30:32.919000+00:00
2024/03/30, 22:31:32.919,41.524,-70.672,0.13,24.46,266.03,0.01, NAN,8.3, NAN,1002.3, NAN,0.0, NAN,102.0, NAN,226, NAN,10.8, NAN,59.1, NAN,10.8, NAN,250.4, NAN,1004.4,36.03,273.52,390.69,5.8627,6.2355,126.3,0.0,1439.187, NAN, NAN, NAN, NAN,,2024/03/30 22:31:32.919,2024-03-30 22:31:32.919000+00:00
2024/03/30, 22:32:32.919,41.524,-70.672,0.05,24.43,54.1,0.02, NAN,8.3, NAN,1002.3, NAN,0.0, NAN,102.0, NAN,223, NAN,12.1, NAN,59.2, NAN,12.1, NAN,247.4, NAN,1004.4,35.33,274.44,384.77,5.8627,6.2294,126.6,0.0,1439.16, NAN, NAN, NAN, NAN,,2024/03/30 22:32:32.919,2024-03-30 22:32:32.919000+00:00
2024/03/30, 22:33:32.919,41.524,-70.672,0.17,24.41,146.02,0.0, NAN,8.3, NAN,1002.3, NAN,0.0, NAN,102.0, NAN,220, NAN,10.8, NAN,59.2, NAN,10.8, NAN,244.4, NAN,1004.4,31.51,274.31,335.44,5.8627,6.2267,126.3,0.0,1439.149, NAN, NAN, NAN, NAN,,2024/03/30 22:33:32.919,2024-03-30 22:33:32.919000+00:00
2024/03/30, 22:34:32.919,41.524,-70.672,0.07,24.35,149.4,0.01, NAN,8.4, NAN,1002.4, NAN,0.0, NAN,102.0, NAN,221, NAN,10.4, NAN,56.8, NAN,10.4, NAN,245.4, NAN,1004.5,28.97,275.08,302.78,5.8628,6.2233,126.6,0.0,1439.134, NAN, NAN, NAN, NAN,,2024/03/30 22:34:32.919,2024-03-30 22:34:32.919000+00:00
2024/03/30, 22:35:32.919,41.524,-70.672,0.08,24.42,225.79,0.01, NAN,8.6, NAN,1002.2, NAN,0.0, NAN,102.0, NAN,223, NAN,10.7, NAN,55.6, NAN,10.7, NAN,247.4, NAN,1004.3,27.05,274.82,282.76,5.8629,6.2224,126.6,0.0,1439.131, NAN, NAN, NAN, NAN,,2024/03/30 22:35:32.919,2024-03-30 22:35:32.919000+00:00
2024/03/30, 22:36:32.919,41.524,-70.672,0.11,24.47,271.69,0.01, NAN,8.6, NAN,1002.2, NAN,0.0, NAN,102.0, NAN,221, NAN,11.2, NAN,55.4, NAN,11.2, NAN,245.5, NAN,1004.3,23.36,274.57,232.02,5.8629,6.2286,126.3,0.0,1439.157, NAN, NAN, NAN, NAN,,2024/03/30 22:36:32.919,2024-03-30 22:36:32.919000+00:00
2024/03/30, 22:37:32.920,41.524,-70.672,0.12,24.45,275.63,0.02, NAN,8.6, NAN,1002.3, NAN,0.0, NAN,102.0, NAN,227, NAN,11.0, NAN,55.6, NAN,11.0, NAN,251.4, NAN,1004.4,20.8,274.58,204.44,5.863,6.2355,126.0,0.0,1439.187, NAN, NAN, NAN, NAN,,2024/03/30 22:37:32.920,2024-03-30 22:37:32.920000+00:00
2024/03/30, 22:38:32.920,41.524,-70.672,0.09,24.52,234.19,0.01, NAN,8.7, NAN,1002.2, NAN,0.0, NAN,102.0, NAN,219, NAN,9.3, NAN,55.2, NAN,9.3, NAN,243.5, NAN,1004.3,18.5,274.26,180.69,5.863,6.2345,126.0,0.0,1439.183, NAN, NAN, NAN, NAN,,2024/03/30 22:38:32.920,2024-03-30 22:38:32.920000+00:00
2024/03/30, 22:39:32.920,41.524,-70.672,0.07,24.47,174.9,0.01, NAN,8.6, NAN,1002.4, NAN,0.0, NAN,102.0, NAN,226, NAN,10.2, NAN,56.2, NAN,10.2, NAN,250.5, NAN,1004.5,16.6,274.72,163.1,5.863,6.2249,126.9,0.0,1439.141, NAN, NAN, NAN, NAN,,2024/03/30 22:39:32.920,2024-03-30 22:39:32.920000+00:00
2024/03/30, 22:40:32.920,41.524,-70.672,0.16,24.34,137.69,0.01, NAN,8.6, NAN,1002.4, NAN,0.0, NAN,102.0, NAN,230, NAN,9.1, NAN,56.3, NAN,9.1, NAN,254.4, NAN,1004.5,16.05,274.42,160.01,5.863,6.2176,128.1,0.0,1439.11, NAN, NAN, NAN, NAN,,2024/03/30 22:40:32.920,2024-03-30 22:40:32.920000+00:00
2024/03/30, 22:41:32.920,41.524,-70.672,0.07,24.45,161.5,0.01, NAN,8.6, NAN,1002.3, NAN,0.0, NAN,102.0, NAN,219, NAN,10.9, NAN,56.8, NAN,10.9, NAN,243.5, NAN,1004.4,14.99,274.78,149.63,5.8631,6.2155,126.3,0.0,1439.101, NAN, NAN, NAN, NAN,,2024/03/30 22:41:32.920,2024-03-30 22:41:32.920000+00:00
2024/03/30, 22:42:32.920,41.524,-70.672,0.08,24.4,184.0,0.01, NAN,8.6, NAN,1002.3, NAN,0.0, NAN,102.0, NAN,211, NAN,11.8, NAN,57.1, NAN,11.8, NAN,235.4, NAN,1004.4,13.89,275.18,137.84,5.8631,6.22,126.3,0.0,1439.121, NAN, NAN, NAN, NAN,,2024/03/30 22:42:32.920,2024-03-30 22:42:32.920000+00:00
2024/03/30, 22:43:32.920,41.524,-70.672,-0.02,24.33,153.04,0.01, NAN,8.6, NAN,1002.4, NAN,0.0, NAN,102.0, NAN,224, NAN,9.8, NAN,56.3, NAN,9.8, NAN,248.3, NAN,1004.5,13.12,274.94,129.23,5.8632,6.2238,126.6,0.0,1439.137, NAN, NAN, NAN, NAN,,2024/03/30 22:43:32.920,2024-03-30 22:43:32.920000+00:00
2024/03/30, 22:44:32.920,41.524,-70.672,0.12,24.4,107.78,0.02, NAN,8.6, NAN,1002.4, NAN,0.0, NAN,102.0, NAN,220, NAN,13.4, NAN,56.2, NAN,13.4, NAN,244.4, NAN,1004.5,12.06,276.24,117.35,5.8632,6.2275,126.3,0.0,1439.153, NAN, NAN, NAN, NAN,,2024/03/30 22:44:32.920,2024-03-30 22:44:32.920000+00:00
2024/03/30, 22:45:32.920,41.524,-70.672,0.08,24.37,244.35,0.02, NAN,8.6, NAN,1002.6, NAN,0.0, NAN,102.0, NAN,219, NAN,12.3, NAN,54.6, NAN,12.3, NAN,243.4, NAN,1004.7,11.38,275.83,108.18,5.8633,6.2269,126.6,0.0,1439.15, NAN, NAN, NAN, NAN,,2024/03/30 22:45:32.920,2024-03-30 22:45:32.920000+00:00
2024/03/30, 22:46:32.920,41.524,-70.672,0.2,24.45,330.16,0.02, NAN,8.7, NAN,1002.5, NAN,0.0, NAN,102.0, NAN,218, NAN,10.8, NAN,54.9, NAN,10.8, NAN,242.4, NAN,1004.6,10.49,275.32,99.7,5.8633,6.2242,126.0,0.0,1439.139, NAN, NAN, NAN, NAN,,2024/03/30 22:46:32.920,2024-03-30 22:46:32.920000+00:00
2024/03/30, 22:47:32.920,41.524,-70.672,0.04,24.46,174.37,0.01, NAN,8.7, NAN,1002.5, NAN,0.0, NAN,102.0, NAN,216, NAN,11.6, NAN,55.8, NAN,11.6, NAN,240.5, NAN,1004.6,9.87,275.47,93.39,5.8633,6.2209,126.6,0.0,1439.125, NAN, NAN, NAN, NAN,,2024/03/30 22:47:32.920,2024-03-30 22:47:32.920000+00:00
2024/03/30, 22:48:32.920,41.524,-70.672,0.11,24.34,120.52,0.02, NAN,8.7, NAN,1002.4, NAN,0.0, NAN,102.0, NAN,222, NAN,10.2, NAN,55.4, NAN,10.2, NAN,246.4, NAN,1004.5,9.3,275.51,87.61,5.8633,6.2142,125.7,0.0,1439.096, NAN, NAN, NAN, NAN,,2024/03/30 22:48:32.920,2024-03-30 22:48:32.920000+00:00
2024/03/30, 22:49:32.920,41.524,-70.672,0.18,24.37,140.91,0.01, NAN,8.7, NAN,1002.4, NAN,0.0, NAN,102.0, NAN,222, NAN,10.1, NAN,55.7, NAN,10.1, NAN,246.4, NAN,1004.5,8.82,276.26,82.34,5.8633,6.207,126.6,0.0,1439.065, NAN, NAN, NAN, NAN,,2024/03/30 22:49:32.920,2024-03-30 22:49:32.920000+00:00
2024/03/30, 22:50:32.920,41.524,-70.672,0.19,24.46,263.7,0.01, NAN,8.7, NAN,1002.4, NAN,0.0, NAN,102.0, NAN,220, NAN,9.1, NAN,55.0, NAN,9.1, NAN,244.4, NAN,1004.5,8.13,276.28,77.34,5.8633,6.2036,126.0,0.0,1439.051, NAN, NAN, NAN, NAN,,2024/03/30 22:50:32.920,2024-03-30 22:50:32.920000+00:00
2024/03/30, 22:51:32.920,41.524,-70.672,0.11,24.41,222.22,0.0, NAN,8.7, NAN,1002.5, NAN,0.0, NAN,102.0, NAN,224, NAN,10.6, NAN,54.8, NAN,10.6, NAN,248.4, NAN,1004.6,7.51,276.72,71.73,5.8632,6.2039,126.3,0.0,1439.052, NAN, NAN, NAN, NAN,,2024/03/30 22:51:32.920,2024-03-30 22:51:32.920000+00:00
2024/03/30, 22:52:32.920,41.524,-70.672,0.06,24.36,320.49,0.01, NAN,8.7, NAN,1002.4, NAN,0.0, NAN,102.0, NAN,222, NAN,9.6, NAN,55.0, NAN,9.6, NAN,246.3, NAN,1004.5,7.03,277.02,67.05,5.8632,6.2047,126.0,0.0,1439.055, NAN, NAN, NAN, NAN,,2024/03/30 22:52:32.920,2024-03-30 22:52:32.920000+00:00
2024/03/30, 22:53:32.920,41.524,-70.672,0.1,24.4,10.47,0.01, NAN,8.8, NAN,1002.5, NAN,0.0, NAN,102.0, NAN,217, NAN,11.4, NAN,54.8, NAN,11.4, NAN,241.4, NAN,1004.6,6.38,277.22,62.48,5.8633,6.2051,125.7,0.0,1439.057, NAN, NAN, NAN, NAN,,2024/03/30 22:53:32.920,2024-03-30 22:53:32.920000+00:00
2024/03/30, 22:54:32.921,41.524,-70.672,0.03,24.31,58.02,0.01, NAN,8.8, NAN,1002.6, NAN,0.0, NAN,102.0, NAN,221, NAN,12.0, NAN,53.3, NAN,12.0, NAN,245.3, NAN,1004.7,5.6,277.5,58.0,5.8632,6.2048,126.3,0.0,1439.056, NAN, NAN, NAN, NAN,,2024/03/30 22:54:32.921,2024-03-30 22:54:32.921000+00:00
2024/03/30, 22:55:32.921,41.524,-70.672,0.03,24.36,55.6,0.02, NAN,8.9, NAN,1002.4, NAN,0.0, NAN,102.0, NAN,222, NAN,9.6, NAN,53.3, NAN,9.6, NAN,246.4, NAN,1004.5,4.98,277.55,53.62,5.8632,6.2048,126.0,0.0,1439.056, NAN, NAN, NAN, NAN,,2024/03/30 22:55:32.921,2024-03-30 22:55:32.921000+00:00
2024/03/30, 22:56:32.921,41.524,-70.672,0.05,24.36,24.42,0.01, NAN,9.0, NAN,1002.4, NAN,0.0, NAN,102.0, NAN,218, NAN,11.7, NAN,53.4, NAN,11.7, NAN,242.3, NAN,1004.5,4.03,277.71,48.63,5.8634,6.2061,126.6,0.0,1439.061, NAN, NAN, NAN, NAN,,2024/03/30 22:56:32.921,2024-03-30 22:56:32.921000+00:00
2024/03/30, 22:57:32.921,41.524,-70.672,0.13,24.48,330.46,0.01, NAN,9.0, NAN,1002.4, NAN,0.0, NAN,102.0, NAN,220, NAN,11.8, NAN,52.7, NAN,11.8, NAN,244.5, NAN,1004.5,3.19,278.17,44.52,5.8632,6.2098,126.6,0.0,1439.077, NAN, NAN, NAN, NAN,,2024/03/30 22:57:32.921,2024-03-30 22:57:32.921000+00:00
2024/03/30, 22:58:32.921,41.524,-70.672,0.19,24.42,298.64,0.02, NAN,9.0, NAN,1002.5, NAN,0.0, NAN,102.0, NAN,217, NAN,9.8, NAN,52.6, NAN,9.8, NAN,241.4, NAN,1004.6,2.31,277.6,40.58,5.8632,6.2154,126.0,0.0,1439.101, NAN, NAN, NAN, NAN,,2024/03/30 22:58:32.921,2024-03-30 22:58:32.921000+00:00
2024/03/30, 22:59:32.921,41.524,-70.672,0.0,24.42,143.2,0.0, NAN,9.0, NAN,1002.5, NAN,0.0, NAN,102.0, NAN,222, NAN,10.1, NAN,53.8, NAN,10.1, NAN,246.4, NAN,1004.6,1.48,278.14,36.84,5.8632,6.2224,125.7,0.0,1439.131, NAN, NAN, NAN, NAN,,2024/03/30 22:59:32.921,2024-03-30 22:59:32.921000+00:00
2024/03/30, 23:00:32.921,41.524,-70.672,0.09,24.4,137.39,0.01, NAN,9.0, NAN,1002.5, NAN,0.0, NAN,102.0, NAN,220, NAN,10.2, NAN,52.7, NAN,10.2, NAN,244.4, NAN,1004.6,0.75,278.05,33.3,5.8632,6.2248,126.3,0.0,1439.141, NAN, NAN, NAN, NAN,,2024/03/30 23:00:32.921,2024-03-30 23:00:32.921000+00:00
2024/03/30, 23:01:32.921,41.524,-70.672,0.0,24.44,312.3,0.02, NAN,9.0, NAN,1002.5, NAN,0.0, NAN,102.0, NAN,222, NAN,10.4, NAN,52.9, NAN,10.4, NAN,246.4, NAN,1004.6,-0.1,278.15,29.47,5.8631,6.2246,126.9,0.0,1439.14, NAN, NAN, NAN, NAN,,2024/03/30 23:01:32.921,2024-03-30 23:01:32.921000+00:00
2024/03/30, 23:02:32.921,41.524,-70.672,0.1,24.42,0.13,0.03, NAN,9.0, NAN,1002.6, NAN,0.0, NAN,102.0, NAN,228, NAN,10.2, NAN,53.4, NAN,10.2, NAN,252.3, NAN,1004.7,-0.77,277.87,26.49,5.8632,6.2207,126.6,0.5,1439.124, NAN, NAN, NAN, NAN,,2024/03/30 23:02:32.921,2024-03-30 23:02:32.921000+00:00
2024/03/30, 23:03:32.921,41.524,-70.672,-0.04,24.33,41.21,0.01, NAN,8.9, NAN,1002.6, NAN,0.0, NAN,102.0, NAN,224, NAN,9.4, NAN,54.3, NAN,9.4, NAN,248.3, NAN,1004.7,-1.5,278.0,23.85,5.8632,6.217,126.3,0.5,1439.108, NAN, NAN, NAN, NAN,,2024/03/30 23:03:32.921,2024-03-30 23:03:32.921000+00:00
2024/03/30, 23:04:32.921,41.524,-70.672,-0.01,24.37,110.59,0.01, NAN,8.9, NAN,1002.7, NAN,0.0, NAN,102.0, NAN,226, NAN,9.2, NAN,54.1, NAN,9.2, NAN,250.4, NAN,1004.8,-2.02,278.0,21.47,5.863,6.2144,126.0,0.0,1439.096, NAN, NAN, NAN, NAN,,2024/03/30 23:04:32.921,2024-03-30 23:04:32.921000+00:00
2024/03/30, 23:05:32.921,41.524,-70.672,0.13,24.39,243.67,0.02, NAN,8.9, NAN,1002.5, NAN,0.0, NAN,102.0, NAN,221, NAN,11.1, NAN,54.3, NAN,11.1, NAN,245.4, NAN,1004.6,-2.48,278.23,18.97,5.8631,6.2132,126.0,0.0,1439.091, NAN, NAN, NAN, NAN,,2024/03/30 23:05:32.921,2024-03-30 23:05:32.921000+00:00
2024/03/30, 23:06:32.921,41.524,-70.672,0.16,24.38,78.99,0.01, NAN,8.9, NAN,1002.6, NAN,0.0, NAN,102.0, NAN,227, NAN,10.4, NAN,54.9, NAN,10.4, NAN,251.4, NAN,1004.7,-2.81,278.48,17.03,5.863,6.2119,126.6,0.0,1439.086, NAN, NAN, NAN, NAN,,2024/03/30 23:06:32.921,2024-03-30 23:06:32.921000+00:00
2024/03/30, 23:07:32.921,41.524,-70.672,0.17,24.45,336.37,0.02, NAN,8.8, NAN,1002.6, NAN,0.0, NAN,102.0, NAN,224, NAN,11.6, NAN,55.0, NAN,11.6, NAN,248.4, NAN,1004.7,-3.16,278.45,15.23,5.863,6.2099,126.3,0.0,1439.077, NAN, NAN, NAN, NAN,,2024/03/30 23:07:32.921,2024-03-30 23:07:32.921000+00:00
2024/03/30, 23:08:32.921,41.524,-70.672,0.12,24.36,4.02,0.01, NAN,8.8, NAN,1002.6, NAN,0.0, NAN,102.0, NAN,219, NAN,12.3, NAN,55.0, NAN,12.3, NAN,243.4, NAN,1004.7,-3.43,278.66,13.57,5.8632,6.2067,126.3,0.0,1439.064, NAN, NAN, NAN, NAN,,2024/03/30 23:08:32.921,2024-03-30 23:08:32.921000+00:00
2024/03/30, 23:09:32.921,41.524,-70.672,0.17,24.42,6.74,0.0, NAN,8.8, NAN,1002.5, NAN,0.0, NAN,102.0, NAN,221, NAN,9.6, NAN,54.8, NAN,9.6, NAN,245.4, NAN,1004.6,-3.62,278.96,12.04,5.863,6.1998,126.3,0.0,1439.034, NAN, NAN, NAN, NAN,,2024/03/30 23:09:32.921,2024-03-30 23:09:32.921000+00:00
2024/03/30, 23:10:32.921,41.524,-70.672,0.17,24.4,202.09,0.02, NAN,8.8, NAN,1002.6, NAN,0.0, NAN,102.0, NAN,223, NAN,9.7, NAN,54.7, NAN,9.7, NAN,247.4, NAN,1004.7,-3.87,279.12,10.42,5.8631,6.1946,126.0,0.0,1439.012, NAN, NAN, NAN, NAN,,2024/03/30 23:10:32.921,2024-03-30 23:10:32.921000+00:00
2024/03/30, 23:11:32.922,41.524,-70.672,0.2,24.45,224.88,0.02, NAN,8.8, NAN,1002.7, NAN,0.0, NAN,102.0, NAN,217, NAN,10.5, NAN,55.0, NAN,10.5, NAN,241.5, NAN,1004.8,-4.16,278.64,9.15,5.8631,6.1906,126.6,0.0,1438.995, NAN, NAN, NAN, NAN,,2024/03/30 23:11:32.922,2024-03-30 23:11:32.922000+00:00
2024/03/30, 23:12:32.922,41.524,-70.672,0.07,24.46,305.34,0.01, NAN,8.8, NAN,1002.6, NAN,0.0, NAN,102.0, NAN,227, NAN,8.1, NAN,55.9, NAN,8.1, NAN,251.5, NAN,1004.7,-4.37,278.03,8.0,5.863,6.1855,126.3,0.0,1438.973, NAN, NAN, NAN, NAN,,2024/03/30 23:12:32.922,2024-03-30 23:12:32.922000+00:00
2024/03/30, 23:13:32.922,41.524,-70.672,0.11,24.45,205.57,0.02, NAN,8.7, NAN,1002.6, NAN,0.0, NAN,102.0, NAN,226, NAN,9.9, NAN,57.6, NAN,9.9, NAN,250.5, NAN,1004.7,-4.58,278.84,6.94,5.8631,6.1823,126.0,0.0,1438.959, NAN, NAN, NAN, NAN,,2024/03/30 23:13:32.922,2024-03-30 23:13:32.922000+00:00
2024/03/30, 23:14:32.922,41.524,-70.672,0.12,24.4,152.76,0.01, NAN,8.6, NAN,1002.6, NAN,0.0, NAN,102.0, NAN,227, NAN,10.2, NAN,56.5, NAN,10.2, NAN,251.4, NAN,1004.7,-4.9,279.05,5.99,5.8631,6.1781,126.0,0.0,1438.941, NAN, NAN, NAN, NAN,,2024/03/30 23:14:32.922,2024-03-30 23:14:32.922000+00:00
2024/03/30, 23:15:32.922,41.524,-70.672,0.01,24.46,168.18,0.01, NAN,8.6, NAN,1002.5, NAN,0.0, NAN,102.0, NAN,219, NAN,8.7, NAN,56.6, NAN,8.7, NAN,243.5, NAN,1004.6,-4.9,278.7,5.0,5.8631,6.1731,126.3,0.0,1438.92, NAN, NAN, NAN, NAN,,2024/03/30 23:15:32.922,2024-03-30 23:15:32.922000+00:00
2024/03/30, 23:16:32.922,41.524,-70.672,0.15,24.38,233.63,0.02, NAN,8.6, NAN,1002.6, NAN,0.0, NAN,102.0, NAN,223, NAN,8.1, NAN,57.6, NAN,8.1, NAN,247.4, NAN,1004.7,-5.24,278.52,4.26,5.8631,6.1679,126.3,0.0,1438.897, NAN, NAN, NAN, NAN,,2024/03/30 23:16:32.922,2024-03-30 23:16:32.922000+00:00
2024/03/30, 23:17:32.922,41.524,-70.672,0.05,24.44,178.31,0.01, NAN,8.6, NAN,1002.6, NAN,0.0, NAN,102.0, NAN,223, NAN,10.1, NAN,58.5, NAN,10.1, NAN,247.5, NAN,1004.7,-5.32,279.24,3.6,5.8632,6.1627,126.3,0.0,1438.875, NAN, NAN, NAN, NAN,,2024/03/30 23:17:32.922,2024-03-30 23:17:32.922000+00:00
2024/03/30, 23:18:32.922,41.524,-70.672,0.06,24.48,310.8,0.01, NAN,8.5, NAN,1002.6, NAN,0.0, NAN,102.0, NAN,227, NAN,9.2, NAN,57.7, NAN,9.2, NAN,251.5, NAN,1004.7,-5.4,278.89,3.03,5.8631,6.16,126.6,0.0,1438.863, NAN, NAN, NAN, NAN,,2024/03/30 23:18:32.922,2024-03-30 23:18:32.922000+00:00
2024/03/30, 23:19:32.922,41.524,-70.672,0.0,24.42,259.27,0.01, NAN,8.5, NAN,1002.7, NAN,0.0, NAN,102.0, NAN,218, NAN,9.6, NAN,58.3, NAN,9.6, NAN,242.4, NAN,1004.8,-5.51,278.84,2.53,5.8632,6.1574,126.0,0.0,1438.852, NAN, NAN, NAN, NAN,,2024/03/30 23:19:32.922,2024-03-30 23:19:32.922000+00:00
2024/03/30, 23:20:32.922,41.524,-70.672,0.08,24.39,10.52,0.01, NAN,8.5, NAN,1002.7, NAN,0.0, NAN,102.0, NAN,229, NAN,8.9, NAN,58.9, NAN,8.9, NAN,253.4, NAN,1004.8,-5.54,278.17,2.03,5.8633,6.1567,126.3,0.0,1438.849, NAN, NAN, NAN, NAN,,2024/03/30 23:20:32.922,2024-03-30 23:20:32.922000+00:00
2024/03/30, 23:21:32.922,41.524,-70.672,0.1,24.45,299.15,0.02, NAN,8.4, NAN,1002.7, NAN,0.0, NAN,102.0, NAN,231, NAN,8.1, NAN,59.6, NAN,8.1, NAN,255.4, NAN,1004.8,-5.67,278.52,1.67,5.8634,6.1573,126.6,0.0,1438.852, NAN, NAN, NAN, NAN,,2024/03/30 23:21:32.922,2024-03-30 23:21:32.922000+00:00
2024/03/30, 23:22:32.922,41.524,-70.672,0.11,24.37,127.27,0.01, NAN,8.4, NAN,1002.8, NAN,0.0, NAN,102.0, NAN,211, NAN,9.9, NAN,60.4, NAN,9.9, NAN,235.4, NAN,1004.9,-5.79,278.52,1.36,5.8634,6.1584,126.3,0.0,1438.857, NAN, NAN, NAN, NAN,,2024/03/30 23:22:32.922,2024-03-30 23:22:32.922000+00:00
2024/03/30, 23:23:32.922,41.524,-70.672,0.01,24.47,276.99,0.01, NAN,8.3, NAN,1002.6, NAN,0.0, NAN,102.0, NAN,223, NAN,10.2, NAN,60.9, NAN,10.2, NAN,247.4, NAN,1004.7,-5.97,278.42,1.12,5.8635,6.1601,126.6,0.0,1438.864, NAN, NAN, NAN, NAN,,2024/03/30 23:23:32.922,2024-03-30 23:23:32.922000+00:00
2024/03/30, 23:24:32.922,41.524,-70.672,0.1,24.45,119.62,0.01, NAN,8.2, NAN,1002.8, NAN,0.0, NAN,102.0, NAN,221, NAN,10.1, NAN,61.6, NAN,10.1, NAN,245.4, NAN,1004.9,-6.02,278.48,0.9,5.8635,6.1618,126.3,0.0,1438.872, NAN, NAN, NAN, NAN,,2024/03/30 23:24:32.922,2024-03-30 23:24:32.922000+00:00
2024/03/30, 23:25:32.922,41.524,-70.672,-0.07,24.46,168.12,0.02, NAN,8.2, NAN,1003.0, NAN,0.0, NAN,102.0, NAN,223, NAN,7.9, NAN,62.1, NAN,7.9, NAN,247.5, NAN,1005.1,-6.04,278.38,0.7,5.8636,6.1635,126.6,0.0,1438.879, NAN, NAN, NAN, NAN,,2024/03/30 23:25:32.922,2024-03-30 23:25:32.922000+00:00
2024/03/30, 23:26:32.922,41.524,-70.672,0.01,24.42,69.67,0.0, NAN,8.1, NAN,1002.8, NAN,0.0, NAN,102.0, NAN,219, NAN,9.7, NAN,63.4, NAN,9.7, NAN,243.4, NAN,1004.9,-6.1,278.87,0.56,5.8638,6.1627,126.0,0.0,1438.876, NAN, NAN, NAN, NAN,,2024/03/30 23:26:32.922,2024-03-30 23:26:32.922000+00:00
2024/03/30, 23:27:32.923,41.524,-70.672,0.1,24.39,125.17,0.01, NAN,8.0, NAN,1002.9, NAN,0.0, NAN,102.0, NAN,215, NAN,8.4, NAN,63.4, NAN,8.4, NAN,239.4, NAN,1005.0,-6.09,278.8,0.45,5.8638,6.1628,126.3,0.0,1438.876, NAN, NAN, NAN, NAN,,2024/03/30 23:27:32.923,2024-03-30 23:27:32.923000+00:00
2024/03/30, 23:28:32.923,41.524,-70.672,0.05,24.49,203.16,0.0, NAN,8.0, NAN,1002.9, NAN,0.0, NAN,102.0, NAN,221, NAN,8.5, NAN,64.5, NAN,8.5, NAN,245.5, NAN,1005.0,-6.18,279.0,0.36,5.8638,6.1631,126.6,0.0,1438.878, NAN, NAN, NAN, NAN,,2024/03/30 23:28:32.923,2024-03-30 23:28:32.923000+00:00
2024/03/30, 23:29:32.923,41.524,-70.672,0.03,24.52,41.45,0.02, NAN,8.0, NAN,1002.9, NAN,0.0, NAN,102.0, NAN,223, NAN,9.2, NAN,64.3, NAN,9.2, NAN,247.5, NAN,1005.0,-6.14,279.17,0.28,5.8639,6.1639,126.6,0.0,1438.881, NAN, NAN, NAN, NAN,,2024/03/30 23:29:32.923,2024-03-30 23:29:32.923000+00:00
2024/03/30, 23:30:32.923,41.524,-70.672,0.18,24.4,83.43,0.02, NAN,8.0, NAN,1003.0, NAN,0.0, NAN,102.0, NAN,222, NAN,8.5, NAN,64.4, NAN,8.5, NAN,246.4, NAN,1005.1,-6.17,279.05,0.22,5.8639,6.1661,126.3,0.0,1438.891, NAN, NAN, NAN, NAN,,2024/03/30 23:30:32.923,2024-03-30 23:30:32.923000+00:00
2024/03/30, 23:31:32.923,41.524,-70.672,0.05,24.48,135.46,0.02, NAN,7.9, NAN,1003.0, NAN,0.0, NAN,102.0, NAN,221, NAN,9.1, NAN,64.8, NAN,9.1, NAN,245.5, NAN,1005.1,-6.08,279.39,0.17,5.8639,6.1669,126.0,0.0,1438.894, NAN, NAN, NAN, NAN,,2024/03/30 23:31:32.923,2024-03-30 23:31:32.923000+00:00
2024/03/30, 23:32:32.923,41.524,-70.672,0.1,24.46,197.0,0.01, NAN,7.9, NAN,1003.0, NAN,0.0, NAN,102.0, NAN,222, NAN,10.3, NAN,65.3, NAN,10.3, NAN,246.5, NAN,1005.1,-6.06,279.29,0.14,5.864,6.1671,126.6,0.0,1438.895, NAN, NAN, NAN, NAN,,2024/03/30 23:32:32.923,2024-03-30 23:32:32.923000+00:00
2024/03/30, 23:33:32.923,41.524,-70.672,0.04,24.52,183.9,0.01, NAN,7.9, NAN,1003.0, NAN,0.0, NAN,102.0, NAN,227, NAN,9.4, NAN,65.5, NAN,9.4, NAN,251.6, NAN,1005.1,-6.09,279.91,0.1,5.8641,6.1681,126.6,0.0,1438.899, NAN, NAN, NAN, NAN,,2024/03/30 23:33:32.923,2024-03-30 23:33:32.923000+00:00
2024/03/30, 23:34:32.923,41.524,-70.672,-0.02,24.45,346.09,0.01, NAN,7.9, NAN,1003.0, NAN,0.0, NAN,102.0, NAN,232, NAN,10.4, NAN,65.6, NAN,10.4, NAN,256.4, NAN,1005.1,-6.02,280.02,0.08,5.8641,6.1688,126.6,0.0,1438.902, NAN, NAN, NAN, NAN,,2024/03/30 23:34:32.923,2024-03-30 23:34:32.923000+00:00
2024/03/30, 23:35:32.923,41.524,-70.672,0.04,24.57,332.65,0.01, NAN,7.8, NAN,1003.0, NAN,0.0, NAN,102.0, NAN,230, NAN,9.5, NAN,65.7, NAN,9.5, NAN,254.5, NAN,1005.1,-6.09,280.07,0.06,5.8641,6.1685,126.6,0.0,1438.901, NAN, NAN, NAN, NAN,,2024/03/30 23:35:32.923,2024-03-30 23:35:32.923000+00:00
2024/03/30, 23:36:32.923,41.524,-70.672,0.06,24.52,309.32,0.01, NAN,7.8, NAN,1003.0, NAN,0.0, NAN,102.0, NAN,230, NAN,8.9, NAN,66.0, NAN,8.9, NAN,254.5, NAN,1005.1,-5.98,279.81,0.04,5.8642,6.1687,126.3,0.0,1438.902, NAN, NAN, NAN, NAN,,2024/03/30 23:36:32.923,2024-03-30 23:36:32.923000+00:00
2024/03/30, 23:37:32.923,41.524,-70.672,0.05,24.47,68.47,0.02, NAN,7.8, NAN,1003.0, NAN,0.0, NAN,102.0, NAN,232, NAN,8.0, NAN,66.9, NAN,8.0, NAN,256.5, NAN,1005.1,-6.01,280.01,0.03,5.8642,6.1696,126.3,0.0,1438.906, NAN, NAN, NAN, NAN,,2024/03/30 23:37:32.923,2024-03-30 23:37:32.923000+00:00
2024/03/30, 23:38:32.923,41.524,-70.672,0.12,24.46,150.99,0.02, NAN,7.7, NAN,1003.0, NAN,0.0, NAN,102.0, NAN,220, NAN,9.8, NAN,67.2, NAN,9.8, NAN,244.5, NAN,1005.1,-5.99,279.82,0.02,5.8643,6.1706,126.0,0.0,1438.91, NAN, NAN, NAN, NAN,,2024/03/30 23:38:32.923,2024-03-30 23:38:32.923000+00:00
2024/03/30, 23:39:32.923,41.524,-70.672,0.06,24.5,73.37,0.0, NAN,7.7, NAN,1002.9, NAN,0.0, NAN,102.0, NAN,230, NAN,7.8, NAN,67.6, NAN,7.8, NAN,254.5, NAN,1005.0,-6.06,279.92,0.01,5.8643,6.1715,126.3,0.0,1438.914, NAN, NAN, NAN, NAN,,2024/03/30 23:39:32.923,2024-03-30 23:39:32.923000+00:00
2024/03/30, 23:40:32.923,41.524,-70.672,0.24,24.49,131.85,0.02, NAN,7.6, NAN,1002.8, NAN,0.0, NAN,102.0, NAN,226, NAN,8.7, NAN,68.3, NAN,8.7, NAN,250.5, NAN,1004.9,-6.11,280.0,-0.0,5.8644,6.1721,126.3,0.0,1438.917, NAN, NAN, NAN, NAN,,2024/03/30 23:40:32.923,2024-03-30 23:40:32.923000+00:00
2024/03/30, 23:41:32.923,41.524,-70.672,0.1,24.53,119.86,0.0, NAN,7.6, NAN,1002.9, NAN,0.0, NAN,102.0, NAN,226, NAN,7.3, NAN,68.6, NAN,7.3, NAN,250.5, NAN,1005.0,-6.13,279.92,0.0,5.8643,6.1718,126.6,0.0,1438.915, NAN, NAN, NAN, NAN,,2024/03/30 23:41:32.923,2024-03-30 23:41:32.923000+00:00
2024/03/30, 23:42:32.923,41.524,-70.672,0.05,24.55,314.91,0.01, NAN,7.5, NAN,1003.0, NAN,0.0, NAN,102.0, NAN,218, NAN,8.0, NAN,69.2, NAN,8.0, NAN,242.5, NAN,1005.1,-6.11,279.98,0.0,5.8644,6.1721,126.6,0.0,1438.917, NAN, NAN, NAN, NAN,,2024/03/30 23:42:32.923,2024-03-30 23:42:32.923000+00:00
2024/03/30, 23:43:32.924,41.524,-70.672,0.13,24.58,268.94,0.01, NAN,7.5, NAN,1003.0, NAN,0.0, NAN,102.0, NAN,226, NAN,8.0, NAN,69.5, NAN,8.0, NAN,250.6, NAN,1005.1,-6.15,280.2,-0.01,5.8645,6.1713,126.6,0.0,1438.914, NAN, NAN, NAN, NAN,,2024/03/30 23:43:32.924,2024-03-30 23:43:32.924000+00:00
2024/03/30, 23:44:32.924,41.524,-70.672,-0.11,24.6,216.52,0.01, NAN,7.5, NAN,1003.0, NAN,0.0, NAN,102.0, NAN,223, NAN,8.8, NAN,70.1, NAN,8.8, NAN,247.6, NAN,1005.1,-6.22,280.58,-0.02,5.8645,6.171,126.3,0.0,1438.912, NAN, NAN, NAN, NAN,,2024/03/30 23:44:32.924,2024-03-30 23:44:32.924000+00:00
2024/03/30, 23:45:32.924,41.524,-70.672,0.12,24.57,321.58,0.01, NAN,7.4, NAN,1002.9, NAN,0.0, NAN,102.0, NAN,227, NAN,8.0, NAN,70.1, NAN,8.0, NAN,251.5, NAN,1005.0,-6.23,280.82,-0.02,5.8645,6.1683,126.3,0.0,1438.901, NAN, NAN, NAN, NAN,,2024/03/30 23:45:32.924,2024-03-30 23:45:32.924000+00:00
2024/03/30, 23:46:32.924,41.524,-70.672,0.07,24.54,151.35,0.01, NAN,7.4, NAN,1002.9, NAN,0.0, NAN,102.0, NAN,233, NAN,9.2, NAN,70.5, NAN,9.2, NAN,257.6, NAN,1005.0,-6.21,281.03,-0.02,5.8645,6.1652,126.3,0.0,1438.887, NAN, NAN, NAN, NAN,,2024/03/30 23:46:32.924,2024-03-30 23:46:32.924000+00:00
2024/03/30, 23:47:32.924,41.524,-70.672,0.02,24.51,173.44,0.01, NAN,7.4, NAN,1003.0, NAN,0.0, NAN,102.0, NAN,225, NAN,9.0, NAN,70.6, NAN,9.0, NAN,249.5, NAN,1005.1,-6.19,281.41,-0.03,5.8646,6.161,126.3,0.0,1438.87, NAN, NAN, NAN, NAN,,2024/03/30 23:47:32.924,2024-03-30 23:47:32.924000+00:00
2024/03/30, 23:48:32.924,41.524,-70.672,0.12,24.54,228.88,0.01, NAN,7.4, NAN,1003.0, NAN,0.0, NAN,102.0, NAN,221, NAN,6.9, NAN,71.2, NAN,6.9, NAN,245.6, NAN,1005.1,-6.09,282.21,-0.02,5.8645,6.1568,126.6,0.0,1438.851, NAN, NAN, NAN, NAN,,2024/03/30 23:48:32.924,2024-03-30 23:48:32.924000+00:00
2024/03/30, 23:49:32.924,41.524,-70.672,0.06,24.51,202.91,0.01, NAN,7.4, NAN,1003.0, NAN,0.0, NAN,102.0, NAN,221, NAN,8.8, NAN,70.6, NAN,8.8, NAN,245.5, NAN,1005.1,-6.09,282.9,-0.02,5.8646,6.1498,126.3,0.0,1438.821, NAN, NAN, NAN, NAN,,2024/03/30 23:49:32.924,2024-03-30 23:49:32.924000+00:00
2024/03/30, 23:50:32.924,41.524,-70.672,0.08,24.5,53.62,0.01, NAN,7.4, NAN,1003.0, NAN,0.0, NAN,102.0, NAN,229, NAN,5.5, NAN,70.3, NAN,5.5, NAN,253.5, NAN,1005.1,-6.04,283.39,-0.03,5.8646,6.1429,126.6,0.0,1438.792, NAN, NAN, NAN, NAN,,2024/03/30 23:50:32.924,2024-03-30 23:50:32.924000+00:00
2024/03/30, 23:51:32.924,41.524,-70.672,0.07,24.52,14.09,0.01, NAN,7.4, NAN,1003.0, NAN,0.0, NAN,102.0, NAN,229, NAN,5.0, NAN,70.2, NAN,5.0, NAN,253.5, NAN,1005.1,-5.95,284.09,-0.02,5.8647,6.1402,126.3,0.0,1438.78, NAN, NAN, NAN, NAN,,2024/03/30 23:51:32.924,2024-03-30 23:51:32.924000+00:00
2024/03/30, 23:52:32.924,41.524,-70.672,0.11,24.56,115.24,0.01, NAN,7.4, NAN,1003.0, NAN,0.0, NAN,102.0, NAN,220, NAN,7.3, NAN,69.9, NAN,7.3, NAN,244.6, NAN,1005.1,-5.9,284.68,-0.02,5.8647,6.138,126.3,0.0,1438.771, NAN, NAN, NAN, NAN,,2024/03/30 23:52:32.924,2024-03-30 23:52:32.924000+00:00
2024/03/30, 23:53:32.924,41.524,-70.672,0.05,24.53,167.54,0.02, NAN,7.4, NAN,1003.1, NAN,0.0, NAN,102.0, NAN,235, NAN,6.6, NAN,69.3, NAN,6.6, NAN,259.6, NAN,1005.2,-5.85,285.41,-0.02,5.8647,6.1346,126.0,0.0,1438.756, NAN, NAN, NAN, NAN,,2024/03/30 23:53:32.924,2024-03-30 23:53:32.924000+00:00
2024/03/30, 23:54:32.924,41.524,-70.672,0.13,24.49,33.16,0.01, NAN,7.5, NAN,1003.1, NAN,0.0, NAN,102.0, NAN,227, NAN,4.9, NAN,69.3, NAN,4.9, NAN,251.5, NAN,1005.2,-5.92,286.06,-0.02,5.8647,6.132,126.9,0.0,1438.745, NAN, NAN, NAN, NAN,,2024/03/30 23:54:32.924,2024-03-30 23:54:32.924000+00:00
2024/03/30, 23:55:32.924,41.524,-70.672,0.07,24.51,170.64,0.01, NAN,7.5, NAN,1003.0, NAN,0.0, NAN,102.0, NAN,223, NAN,8.6, NAN,69.7, NAN,8.6, NAN,247.5, NAN,1005.1,-5.93,286.94,-0.03,5.8648,6.1271,126.6,0.0,1438.724, NAN, NAN, NAN, NAN,,2024/03/30 23:55:32.924,2024-03-30 23:55:32.924000+00:00
2024/03/30, 23:56:32.924,41.524,-70.672,0.06,24.61,261.35,0.01, NAN,7.5, NAN,1003.1, NAN,0.0, NAN,102.0, NAN,226, NAN,6.6, NAN,69.8, NAN,6.6, NAN,250.6, NAN,1005.2,-5.9,287.73,-0.02,5.8648,6.1209,126.9,0.0,1438.698, NAN, NAN, NAN, NAN,,2024/03/30 23:56:32.924,2024-03-30 23:56:32.924000+00:00
2024/03/30, 23:57:32.924,41.524,-70.672,0.06,24.48,197.43,0.0, NAN,7.5, NAN,1003.1, NAN,0.0, NAN,102.0, NAN,224, NAN,5.8, NAN,69.9, NAN,5.8, NAN,248.5, NAN,1005.2,-5.85,288.39,-0.02,5.8646,6.1155,126.3,0.0,1438.674, NAN, NAN, NAN, NAN,,2024/03/30 23:57:32.924,2024-03-30 23:57:32.924000+00:00
2024/03/30, 23:58:32.925,41.524,-70.672,0.13,24.59,140.96,0.01, NAN,7.5, NAN,1003.1, NAN,0.0, NAN,102.0, NAN,227, NAN,8.5, NAN,70.3, NAN,8.5, NAN,251.6, NAN,1005.2,-5.89,289.37,-0.02,5.8647,6.1085,126.3,0.0,1438.644, NAN, NAN, NAN, NAN,,2024/03/30 23:58:32.925,2024-03-30 23:58:32.925000+00:00
2024/03/30, 23:59:32.925,41.524,-70.672,0.18,24.6,31.68,0.01, NAN,7.4, NAN,1003.1, NAN,0.0, NAN,102.0, NAN,227, NAN,9.0, NAN,70.6, NAN,9.0, NAN,251.6, NAN,1005.2,-5.93,290.48,-0.02,5.8645,6.1,126.0,0.0,1438.607, NAN, NAN, NAN, NAN,,2024/03/30 23:59:32.925,2024-03-30 23:59:32.925000+00:00
2024/04/09, 00:00:48.242,36.194,-74.612,11.13,29.61,32.14,10.6,16.3,16.3,1020.3,1020.1,0.0,0.0,0.0,0.0,172,193,3.2,3.4,54.9,54.7,8.6,8.8,208.5,216.4,1022.4,1022.2,-7.65,319.5,0.01,35.7988,20.3849,241.8,54.1,1523.513, NAN, NAN, NAN, NAN,,2024/04/09 00:00:48.242,2024-04-09 00:00:48.242000+00:00
2024/04/09, 00:01:48.242,36.196,-74.61,11.23,29.54,32.12,10.28,16.3,16.3,1020.2,1020.2,0.0,0.0,0.0,0.0,178,180,3.2,3.4,53.0,53.5,8.5,8.7,210.8,211.5,1022.3,1022.3,-7.51,320.14,0.01,35.7778,20.3001,240.9,54.2,1523.257, NAN, NAN, NAN, NAN,,2024/04/09 00:01:48.242,2024-04-09 00:01:48.242000+00:00
2024/04/09, 00:02:48.242,36.199,-74.608,11.17,28.27,30.35,10.42,16.3,16.3,1020.3,1020.1,0.0,0.0,0.0,0.0,197,207,1.4,2.5,58.3,54.1,6.7,7.7,214.0,218.7,1022.4,1022.2,-7.58,320.12,-0.0,35.733,20.2873,236.3,54.1,1523.172, NAN, NAN, NAN, NAN,,2024/04/09 00:02:48.242,2024-04-09 00:02:48.242000+00:00
2024/04/09, 00:03:48.243,36.202,-74.606,11.18,29.62,33.59,10.53,16.3,16.3,1020.3,1020.1,0.0,0.0,0.0,0.0,161,250,1.5,1.6,56.6,57.1,6.8,6.2,207.8,226.2,1022.4,1022.2,-7.64,320.35,-0.0,35.6953,20.2909,233.6,54.1,1523.14, NAN, NAN, NAN, NAN,,2024/04/09 00:03:48.243,2024-04-09 00:03:48.243000+00:00
2024/04/09, 00:04:48.243,36.204,-74.604,11.19,29.7,32.05,10.67,16.3,16.3,1020.1,1020.1,0.0,0.0,0.0,0.0,171,202,1.2,2.0,55.8,56.2,6.7,7.4,210.3,217.5,1022.2,1022.2,-7.65,320.63,-0.0,35.6826,20.3192,232.0,53.1,1523.203, NAN, NAN, NAN, NAN,,2024/04/09 00:04:48.243,2024-04-09 00:04:48.243000+00:00
2024/04/09, 00:05:48.243,36.207,-74.603,11.26,29.48,32.21,10.57,16.4,16.4,1020.1,1020.1,0.0,0.0,0.0,0.0,154,199,1.5,1.9,58.9,58.6,6.8,7.3,206.5,216.8,1022.2,1022.2,-7.8,320.08,-0.01,35.6744,20.3545,230.8,53.2,1523.291, NAN, NAN, NAN, NAN,,2024/04/09 00:05:48.243,2024-04-09 00:05:48.243000+00:00
2024/04/09, 00:06:48.243,36.209,-74.601,11.19,28.55,32.18,10.62,16.4,16.4,1020.1,1020.1,0.0,0.0,0.0,0.0,192,192,4.3,2.6,53.4,54.3,9.7,8.0,215.4,214.3,1022.2,1022.2,-7.81,319.83,-0.01,35.6738,20.3952,229.9,53.4,1523.401, NAN, NAN, NAN, NAN,,2024/04/09 00:06:48.243,2024-04-09 00:06:48.243000+00:00
2024/04/09, 00:07:48.243,36.212,-74.599,11.19,29.07,32.59,10.67,16.4,16.4,1020.2,1020.3,0.0,0.0,0.0,0.0,171,203,1.8,2.5,53.2,54.4,7.3,7.9,209.0,218.2,1022.3,1022.4,-7.76,320.08,-0.01,35.6831,20.4511,229.9,53.2,1523.564, NAN, NAN, NAN, NAN,,2024/04/09 00:07:48.243,2024-04-09 00:07:48.243000+00:00
2024/04/09, 00:08:48.243,36.214,-74.597,11.11,29.5,31.11,10.75,16.4,16.4,1020.1,1020.0,0.0,0.0,0.0,0.0,176,184,3.1,3.7,50.9,50.6,8.6,9.2,209.1,212.1,1022.2,1022.1,-7.97,320.05,-0.01,35.6973,20.4927,231.7,53.2,1523.694, NAN, NAN, NAN, NAN,,2024/04/09 00:08:48.243,2024-04-09 00:08:48.243000+00:00
2024/04/09, 00:09:48.243,36.217,-74.595,11.28,29.11,29.68,10.59,16.4,16.3,1020.1,1020.1,0.0,0.0,0.0,0.0,171,173,3.9,4.5,54.3,53.8,9.3,9.9,206.1,206.6,1022.2,1022.2,-7.89,319.47,-0.01,35.7282,20.5278,233.6,53.8,1523.824, NAN, NAN, NAN, NAN,,2024/04/09 00:09:48.243,2024-04-09 00:09:48.243000+00:00
2024/04/09, 00:10:48.243,36.219,-74.593,11.18,28.41,30.51,10.65,16.3,16.3,1019.9,1019.9,0.0,0.0,0.0,0.0,177,185,3.2,3.8,51.7,50.8,8.7,9.3,208.2,211.3,1022.0,1022.0,-7.78,319.37,-0.01,35.7502,20.5421,236.9,53.3,1523.887, NAN, NAN, NAN, NAN,,2024/04/09 00:10:48.243,2024-04-09 00:10:48.243000+00:00
2024/04/09, 00:11:48.243,36.222,-74.591,11.21,29.68,33.31,10.96,16.3,16.3,1020.2,1020.1,0.0,0.0,0.0,0.0,199,220,1.6,2.3,47.3,47.4,7.2,7.6,216.1,223.1,1022.3,1022.2,-7.82,319.59,-0.01,35.7731,20.4954,236.3,53.6,1523.785, NAN, NAN, NAN, NAN,,2024/04/09 00:11:48.243,2024-04-09 00:11:48.243000+00:00
2024/04/09, 00:12:48.243,36.225,-74.589,11.11,29.3,30.69,10.81,16.3,16.3,1020.0,1020.1,0.0,0.0,0.0,0.0,192,197,1.9,3.1,47.8,48.5,7.4,8.6,213.7,216.5,1022.1,1022.2,-7.66,319.75,-0.02,35.78,20.3504,233.0,53.3,1523.397, NAN, NAN, NAN, NAN,,2024/04/09 00:12:48.243,2024-04-09 00:12:48.243000+00:00
2024/04/09, 00:13:48.243,36.227,-74.587,11.3,28.52,28.46,10.84,16.3,16.3,1020.0,1019.9,0.0,0.0,0.0,0.0,179,179,2.6,4.2,48.7,48.2,8.2,9.8,208.9,208.6,1022.1,1022.0,-7.73,319.83,-0.02,35.7761,20.1516,231.2,53.8,1522.848, NAN, NAN, NAN, NAN,,2024/04/09 00:13:48.243,2024-04-09 00:13:48.243000+00:00
2024/04/09, 00:14:48.243,36.23,-74.585,11.26,28.95,28.81,11.14,16.3,16.3,1020.3,1020.2,0.0,0.0,0.0,0.0,182,198,2.5,2.3,47.8,47.7,8.2,7.9,209.7,214.2,1022.4,1022.3,-7.59,319.84,-0.02,35.7421,20.0267,228.4,53.8,1522.466, NAN, NAN, NAN, NAN,,2024/04/09 00:14:48.243,2024-04-09 00:14:48.243000+00:00
2024/04/09, 00:15:48.243,36.232,-74.584,11.2,29.87,27.41,10.96,16.3,16.3,1020.2,1020.1,0.0,0.0,0.0,0.0,181,204,1.4,2.1,48.6,48.3,7.0,7.6,209.5,215.8,1022.3,1022.2,-7.7,320.16,-0.02,35.6859,19.9272,224.8,53.6,1522.128, NAN, NAN, NAN, NAN,,2024/04/09 00:15:48.243,2024-04-09 00:15:48.243000+00:00
2024/04/09, 00:16:48.243,36.235,-74.582,11.19,28.51,28.92,10.84,16.3,16.3,1019.9,1020.1,0.0,0.0,0.0,0.0,172,168,4.0,4.3,50.9,50.3,9.5,9.8,205.9,204.0,1022.0,1022.2,-7.64,320.13,-0.02,35.6423,19.871,223.6,53.8,1521.923, NAN, NAN, NAN, NAN,,2024/04/09 00:16:48.243,2024-04-09 00:16:48.243000+00:00
2024/04/09, 00:17:48.243,36.238,-74.58,11.29,29.5,31.23,10.65,16.3,16.3,1020.0,1019.9,0.0,0.0,0.0,0.0,189,184,3.3,3.6,49.7,49.7,8.8,9.1,214.4,212.5,1022.1,1022.0,-7.54,320.39,-0.02,35.6138,19.8407,223.6,53.7,1521.807, NAN, NAN, NAN, NAN,,2024/04/09 00:17:48.243,2024-04-09 00:17:48.243000+00:00
2024/04/09, 00:18:48.244,36.24,-74.578,11.22,29.94,31.41,11.04,16.3,16.3,1020.1,1020.1,0.0,0.0,0.0,0.0,204,209,3.5,3.7,51.7,48.8,9.0,9.1,219.7,222.0,1022.2,1022.2,-7.55,319.97,-0.01,35.5943,19.803,223.2,53.4,1521.681, NAN, NAN, NAN, NAN,,2024/04/09 00:18:48.244,2024-04-09 00:18:48.244000+00:00
2024/04/09, 00:19:48.244,36.243,-74.576,11.22,28.06,29.51,10.85,16.3,16.3,1019.9,1019.8,0.0,0.0,0.0,0.0,184,246,2.0,1.9,47.2,47.5,7.6,6.6,210.5,224.9,1022.0,1021.9,-7.49,320.3,-0.01,35.5828,19.7533,222.6,53.6,1521.53, NAN, NAN, NAN, NAN,,2024/04/09 00:19:48.244,2024-04-09 00:19:48.244000+00:00
2024/04/09, 00:20:48.244,36.245,-74.574,11.27,28.96,30.94,10.85,16.4,16.4,1020.1,1020.0,0.0,0.0,0.0,0.0,199,213,4.4,4.2,48.7,49.7,9.9,9.4,218.3,224.1,1022.2,1022.1,-7.53,319.95,-0.01,35.5663,19.7062,222.1,53.5,1521.38, NAN, NAN, NAN, NAN,,2024/04/09 00:20:48.244,2024-04-09 00:20:48.244000+00:00
2024/04/09, 00:21:48.244,36.248,-74.572,11.51,29.77,32.25,10.84,16.4,16.4,1020.2,1020.1,0.0,0.0,0.0,0.0,191,201,2.4,2.2,44.8,46.5,8.0,7.7,214.8,217.5,1022.3,1022.2,-7.42,320.61,-0.01,35.5448,19.6463,224.4,53.4,1521.189, NAN, NAN, NAN, NAN,,2024/04/09 00:21:48.244,2024-04-09 00:21:48.244000+00:00
2024/04/09, 00:22:48.244,36.251,-74.57,11.37,29.25,31.05,10.96,16.4,16.4,1020.2,1020.1,0.0,0.0,0.0,0.0,212,266,0.7,2.0,51.1,50.6,6.3,6.2,214.7,230.3,1022.3,1022.2,-7.42,320.19,-0.01,35.5191,19.6158,225.3,54.0,1521.075, NAN, NAN, NAN, NAN,,2024/04/09 00:22:48.244,2024-04-09 00:22:48.244000+00:00
2024/04/09, 00:23:48.244,36.253,-74.568,11.39,28.38,30.52,11.02,16.4,16.4,1020.2,1020.1,0.0,0.0,0.0,0.0,196,222,1.4,1.9,50.9,50.4,7.0,7.2,213.5,220.4,1022.3,1022.2,-7.6,320.48,-0.02,35.495,19.5764,225.2,54.2,1520.938, NAN, NAN, NAN, NAN,,2024/04/09 00:23:48.244,2024-04-09 00:23:48.244000+00:00
2024/04/09, 00:24:48.244,36.256,-74.566,11.36,28.54,32.33,10.73,16.4,16.4,1020.1,1020.1,0.0,0.0,0.0,0.0,160,225,0.8,1.5,46.0,46.6,6.3,6.7,209.0,220.4,1022.2,1022.2,-7.84,320.34,-0.01,35.4708,19.5369,227.2,54.5,1520.8, NAN, NAN, NAN, NAN,,2024/04/09 00:24:48.244,2024-04-09 00:24:48.244000+00:00
2024/04/09, 00:25:48.244,36.258,-74.564,11.23,28.49,30.27,10.8,16.4,16.4,1020.3,1020.3,0.0,0.0,0.0,0.0,152,228,1.6,2.4,50.6,50.6,7.0,7.4,204.6,224.6,1022.4,1022.4,-7.97,320.59,-0.02,35.4448,19.5256,227.8,54.3,1520.739, NAN, NAN, NAN, NAN,,2024/04/09 00:25:48.244,2024-04-09 00:25:48.244000+00:00
2024/04/09, 00:26:48.244,36.261,-74.562,11.39,27.36,30.44,11.24,16.5,16.5,1020.1,1020.1,0.0,0.0,0.0,0.0,177,183,2.7,3.8,48.1,48.2,8.5,9.6,208.3,210.3,1022.2,1022.2,-7.96,320.28,-0.02,35.404,19.5308,225.8,54.3,1520.708, NAN, NAN, NAN, NAN,,2024/04/09 00:26:48.244,2024-04-09 00:26:48.244000+00:00
2024/04/09, 00:27:48.244,36.264,-74.56,11.45,27.18,28.19,10.99,16.5,16.5,1020.1,1020.0,0.0,0.0,0.0,0.0,165,189,1.3,2.2,45.4,44.9,6.9,7.8,206.2,211.3,1022.2,1022.1,-7.87,320.5,-0.02,35.3763,19.552,224.3,54.5,1520.736, NAN, NAN, NAN, NAN,,2024/04/09 00:27:48.244,2024-04-09 00:27:48.244000+00:00
2024/04/09, 00:28:48.244,36.266,-74.559,11.4,28.92,31.61,11.0,16.5,16.5,1020.2,1020.1,0.0,0.0,0.0,0.0,199,258,2.8,2.0,46.8,46.1,8.4,6.4,216.6,228.5,1022.3,1022.2,-7.87,321.57,-0.01,35.3674,19.571,222.4,54.3,1520.779, NAN, NAN, NAN, NAN,,2024/04/09 00:28:48.244,2024-04-09 00:28:48.244000+00:00
2024/04/09, 00:29:48.244,36.269,-74.557,11.21,27.8,30.47,10.91,16.6,16.5,1020.1,1020.1,0.0,0.0,0.0,0.0,204,205,3.5,2.4,56.7,56.5,9.0,7.9,218.8,217.3,1022.2,1022.2,-7.71,321.49,-0.01,35.3692,19.5959,223.1,54.4,1520.851, NAN, NAN, NAN, NAN,,2024/04/09 00:29:48.244,2024-04-09 00:29:48.244000+00:00
2024/04/09, 00:30:48.244,36.272,-74.555,11.17,27.61,28.31,10.59,16.6,16.6,1020.1,1020.1,0.0,0.0,0.0,0.0,174,216,2.0,2.0,49.9,50.4,7.4,7.2,208.0,219.2,1022.2,1022.2,-7.58,321.72,-0.01,35.372,19.6137,223.1,54.3,1520.904, NAN, NAN, NAN, NAN,,2024/04/09 00:30:48.244,2024-04-09 00:30:48.244000+00:00
2024/04/09, 00:31:48.244,36.274,-74.553,11.31,28.25,33.67,11.23,16.6,16.6,1020.2,1020.1,0.0,0.0,0.0,0.0,209,260,2.1,1.4,53.0,52.7,7.7,6.2,217.8,223.6,1022.3,1022.2,-7.49,322.42,-0.02,35.3767,19.6296,222.4,54.7,1520.954, NAN, NAN, NAN, NAN,,2024/04/09 00:31:48.244,2024-04-09 00:31:48.244000+00:00
2024/04/09, 00:32:48.244,36.277,-74.551,11.31,27.63,29.17,10.75,16.7,16.7,1020.3,1020.1,0.0,0.0,0.0,0.0,201,202,4.3,4.1,49.3,49.9,9.7,9.5,217.9,218.1,1022.4,1022.2,-7.47,321.98,-0.02,35.3792,19.6525,222.1,54.3,1521.02, NAN, NAN, NAN, NAN,,2024/04/09 00:32:48.244,2024-04-09 00:32:48.244000+00:00
2024/04/09, 00:33:48.244,36.279,-74.549,11.17,28.18,29.84,10.55,16.7,16.7,1020.1,1020.1,0.0,0.0,0.0,0.0,201,200,4.8,3.9,49.0,45.5,10.1,9.2,219.7,218.4,1022.2,1022.2,-7.45,321.6,-0.02,35.3846,19.6693,222.4,54.5,1521.073, NAN, NAN, NAN, NAN,,2024/04/09 00:33:48.244,2024-04-09 00:33:48.244000+00:00
2024/04/09, 00:34:48.245,36.282,-74.547,11.23,28.15,29.29,10.57,16.7,16.7,1020.1,1020.1,0.0,0.0,0.0,0.0,158,191,2.5,3.1,46.4,46.9,7.8,8.5,202.6,213.4,1022.2,1022.2,-7.4,321.21,-0.02,35.3932,19.6933,220.9,54.5,1521.15, NAN, NAN, NAN, NAN,,2024/04/09 00:34:48.245,2024-04-09 00:34:48.245000+00:00
2024/04/09, 00:35:48.245,36.285,-74.545,11.25,27.24,28.97,10.77,16.7,16.7,1020.3,1020.3,0.0,0.0,0.0,0.0,204,244,4.1,2.7,47.8,46.7,9.5,7.2,219.1,229.2,1022.4,1022.4,-7.38,321.92,-0.02,35.4021,19.7186,221.8,54.7,1521.23, NAN, NAN, NAN, NAN,,2024/04/09 00:35:48.245,2024-04-09 00:35:48.245000+00:00
2024/04/09, 00:36:48.245,36.287,-74.543,11.35,28.32,30.77,10.66,16.7,16.7,1020.1,1020.1,0.0,0.0,0.0,0.0,183,239,1.4,1.6,46.0,46.8,6.9,6.5,211.1,222.9,1022.2,1022.2,-7.39,321.69,-0.02,35.4079,19.7401,220.6,54.8,1521.297, NAN, NAN, NAN, NAN,,2024/04/09 00:36:48.245,2024-04-09 00:36:48.245000+00:00
2024/04/09, 00:37:48.245,36.29,-74.541,11.33,27.84,28.99,10.95,16.7,16.7,1020.2,1020.2,0.0,0.0,0.0,0.0,208,219,3.5,2.9,50.3,50.6,8.9,8.1,220.1,222.6,1022.3,1022.3,-7.43,322.38,-0.01,35.4159,19.7597,221.1,54.5,1521.36, NAN, NAN, NAN, NAN,,2024/04/09 00:37:48.245,2024-04-09 00:37:48.245000+00:00
2024/04/09, 00:38:48.245,36.292,-74.54,11.37,27.64,30.32,10.84,16.7,16.7,1020.2,1020.1,0.0,0.0,0.0,0.0,205,207,4.5,4.2,46.8,47.5,9.9,9.6,220.9,221.4,1022.3,1022.2,-7.4,322.34,-0.02,35.4279,19.7791,220.0,55.0,1521.428, NAN, NAN, NAN, NAN,,2024/04/09 00:38:48.245,2024-04-09 00:38:48.245000+00:00
2024/04/09, 00:39:48.245,36.295,-74.538,11.45,28.0,31.26,10.94,16.7,16.7,1020.2,1020.3,0.0,0.0,0.0,0.0,214,215,4.1,3.0,49.1,49.2,9.4,8.3,224.3,222.3,1022.3,1022.4,-7.3,321.62,-0.02,35.4342,19.7927,219.1,54.7,1521.473, NAN, NAN, NAN, NAN,,2024/04/09 00:39:48.245,2024-04-09 00:39:48.245000+00:00
2024/04/09, 00:40:48.245,36.298,-74.536,11.46,27.91,32.22,10.97,16.7,16.7,1020.1,1020.0,0.0,0.0,0.0,0.0,207,210,4.2,4.0,44.2,44.1,9.7,9.4,221.9,222.8,1022.2,1022.1,-7.31,322.0,-0.02,35.4395,19.8083,219.4,54.6,1521.522, NAN, NAN, NAN, NAN,,2024/04/09 00:40:48.245,2024-04-09 00:40:48.245000+00:00
2024/04/09, 00:41:48.245,36.3,-74.534,11.42,27.43,32.47,10.73,16.7,16.7,1020.2,1020.1,0.0,0.0,0.0,0.0,204,207,4.0,3.8,44.7,48.9,9.4,9.2,221.0,222.0,1022.3,1022.2,-7.28,322.26,-0.02,35.4538,19.8273,218.4,54.6,1521.591, NAN, NAN, NAN, NAN,,2024/04/09 00:41:48.245,2024-04-09 00:41:48.245000+00:00
2024/04/09, 00:42:48.245,36.303,-74.532,11.46,27.87,33.4,10.85,16.7,16.7,1020.1,1020.2,0.0,0.0,0.0,0.0,209,217,3.7,2.7,48.3,49.2,9.1,8.0,222.1,222.9,1022.2,1022.3,-7.3,322.46,-0.01,35.4624,19.854,220.0,54.6,1521.674, NAN, NAN, NAN, NAN,,2024/04/09 00:42:48.245,2024-04-09 00:42:48.245000+00:00
2024/04/09, 00:43:48.245,36.305,-74.53,11.42,27.61,29.41,10.6,16.8,16.8,1020.1,1020.2,0.0,0.0,0.0,0.0,200,203,4.5,4.6,49.3,50.0,9.8,9.9,218.1,219.6,1022.2,1022.3,-7.26,321.9,-0.01,35.4657,19.8731,219.4,54.5,1521.731, NAN, NAN, NAN, NAN,,2024/04/09 00:43:48.245,2024-04-09 00:43:48.245000+00:00
2024/04/09, 00:44:48.245,36.308,-74.528,11.3,27.55,32.09,10.81,16.7,16.7,1020.0,1020.1,0.0,0.0,0.0,0.0,206,211,4.7,4.0,45.9,46.5,10.1,9.3,221.5,222.7,1022.1,1022.2,-7.21,322.37,-0.01,35.4729,19.885,218.4,54.5,1521.772, NAN, NAN, NAN, NAN,,2024/04/09 00:44:48.245,2024-04-09 00:44:48.245000+00:00
2024/04/09, 00:45:48.245,36.31,-74.526,11.3,27.92,33.49,10.77,16.7,16.7,1020.3,1020.1,0.0,0.0,0.0,0.0,215,277,2.9,1.7,48.5,49.3,8.2,5.7,222.8,229.7,1022.4,1022.2,-7.29,322.85,-0.02,35.4794,19.9091,218.8,54.7,1521.846, NAN, NAN, NAN, NAN,,2024/04/09 00:45:48.245,2024-04-09 00:45:48.245000+00:00
2024/04/09, 00:46:48.245,36.313,-74.524,11.49,27.6,32.46,10.91,16.7,16.7,1020.3,1020.3,0.0,0.0,0.0,0.0,210,213,4.3,3.2,49.7,49.8,9.7,8.6,223.5,222.8,1022.4,1022.4,-7.3,322.57,-0.02,35.4867,19.9409,219.1,54.7,1521.942, NAN, NAN, NAN, NAN,,2024/04/09 00:46:48.245,2024-04-09 00:46:48.245000+00:00
2024/04/09, 00:47:48.245,36.316,-74.522,11.4,27.16,31.51,10.85,16.7,16.8,1020.3,1020.3,0.0,0.0,0.0,0.0,218,230,3.3,2.0,50.1,50.3,8.5,7.1,223.2,222.2,1022.4,1022.4,-7.3,322.33,-0.02,35.4963,19.9616,219.4,54.8,1522.011, NAN, NAN, NAN, NAN,,2024/04/09 00:47:48.245,2024-04-09 00:47:48.245000+00:00
2024/04/09, 00:48:48.245,36.318,-74.52,11.57,27.95,30.51,10.71,16.8,16.8,1020.3,1020.3,0.0,0.0,0.0,0.0,221,228,3.2,2.2,52.7,53.8,8.3,7.2,224.8,223.5,1022.4,1022.4,-7.28,322.77,-0.02,35.512,19.9733,220.0,54.9,1522.06, NAN, NAN, NAN, NAN,,2024/04/09 00:48:48.245,2024-04-09 00:48:48.245000+00:00
2024/04/09, 00:49:48.245,36.321,-74.518,11.3,27.83,30.67,10.65,16.8,16.8,1020.3,1020.4,0.0,0.0,0.0,0.0,202,264,2.5,1.9,52.9,53.3,7.9,6.1,216.9,229.1,1022.4,1022.5,-7.38,323.48,-0.01,35.5245,19.9947,219.7,54.5,1522.134, NAN, NAN, NAN, NAN,,2024/04/09 00:49:48.245,2024-04-09 00:49:48.245000+00:00
2024/04/09, 00:50:48.246,36.323,-74.516,11.2,27.97,32.8,10.58,16.8,16.9,1020.2,1020.3,0.0,0.0,0.0,0.0,204,223,3.9,2.6,55.4,56.9,9.2,7.7,221.2,225.4,1022.3,1022.4,-7.39,323.66,-0.01,35.5286,20.0041,219.4,54.6,1522.164, NAN, NAN, NAN, NAN,,2024/04/09 00:50:48.246,2024-04-09 00:50:48.246000+00:00
2024/04/09, 00:51:48.246,36.326,-74.514,11.26,27.21,30.55,10.82,16.9,16.9,1020.3,1020.3,0.0,0.0,0.0,0.0,207,209,5.0,4.9,50.4,53.6,10.3,10.2,221.9,222.7,1022.4,1022.4,-7.36,322.51,-0.02,35.5439,20.0202,220.9,54.6,1522.226, NAN, NAN, NAN, NAN,,2024/04/09 00:51:48.246,2024-04-09 00:51:48.246000+00:00
2024/04/09, 00:52:48.246,36.328,-74.512,11.32,28.48,33.38,10.84,16.8,16.9,1020.5,1020.3,0.0,0.0,0.0,0.0,198,231,4.9,2.2,47.1,48.3,10.4,7.3,219.4,225.8,1022.6,1022.4,-7.28,323.07,-0.02,35.5572,20.0249,221.1,54.8,1522.254, NAN, NAN, NAN, NAN,,2024/04/09 00:52:48.246,2024-04-09 00:52:48.246000+00:00
2024/04/09, 00:53:48.246,36.331,-74.51,11.43,27.72,31.28,10.84,16.8,16.8,1020.3,1020.3,0.0,0.0,0.0,0.0,212,212,3.8,3.2,46.7,47.6,9.1,8.5,223.3,222.2,1022.4,1022.4,-7.15,323.46,-0.02,35.5746,20.036,220.9,54.7,1522.304, NAN, NAN, NAN, NAN,,2024/04/09 00:53:48.246,2024-04-09 00:53:48.246000+00:00
2024/04/09, 00:54:48.246,36.333,-74.508,11.21,27.35,30.11,10.72,16.8,16.9,1020.5,1020.7,0.0,0.0,0.0,0.0,206,210,5.1,4.7,46.5,51.1,10.4,9.9,221.5,222.9,1022.6,1022.8,-7.25,322.81,-0.01,35.5776,20.0462,220.3,54.5,1522.335, NAN, NAN, NAN, NAN,,2024/04/09 00:54:48.246,2024-04-09 00:54:48.246000+00:00
2024/04/09, 00:55:48.246,36.336,-74.506,11.36,27.54,29.77,10.57,16.8,16.9,1020.5,1020.3,0.0,0.0,0.0,0.0,205,208,5.0,4.9,52.3,51.7,10.2,10.1,221.2,222.5,1022.6,1022.4,-7.19,322.62,-0.02,35.6046,20.0475,218.8,54.9,1522.369, NAN, NAN, NAN, NAN,,2024/04/09 00:55:48.246,2024-04-09 00:55:48.246000+00:00
2024/04/09, 00:56:48.246,36.339,-74.505,11.43,28.91,32.8,10.87,16.8,16.9,1020.5,1020.3,0.0,0.0,0.0,0.0,203,204,4.4,4.5,48.4,49.0,9.8,9.9,221.2,221.7,1022.6,1022.4,-7.29,323.17,-0.01,35.6181,20.0461,219.7,57.0,1522.38, NAN, NAN, NAN, NAN,,2024/04/09 00:56:48.246,2024-04-09 00:56:48.246000+00:00
2024/04/09, 00:57:48.246,36.341,-74.503,11.33,27.44,30.2,10.63,16.8,16.9,1020.3,1020.3,0.0,0.0,0.0,0.0,182,209,3.3,3.0,46.8,47.6,8.8,8.3,209.7,219.2,1022.4,1022.4,-7.32,323.47,-0.02,35.6233,20.0451,218.2,54.5,1522.383, NAN, NAN, NAN, NAN,,2024/04/09 00:57:48.246,2024-04-09 00:57:48.246000+00:00
2024/04/09, 00:58:48.246,36.344,-74.501,11.17,28.55,30.92,10.78,16.8,16.9,1020.5,1020.5,0.0,0.0,0.0,0.0,210,236,3.5,2.3,46.4,51.2,8.8,7.1,221.0,225.2,1022.6,1022.6,-7.41,323.21,-0.01,35.6286,20.0409,219.4,55.0,1522.378, NAN, NAN, NAN, NAN,,2024/04/09 00:58:48.246,2024-04-09 00:58:48.246000+00:00
2024/04/09, 00:59:48.246,36.346,-74.499,11.13,28.63,30.05,10.72,16.9,16.9,1020.5,1020.6,0.0,0.0,0.0,0.0,221,221,3.5,2.5,51.5,52.2,8.5,7.6,226.0,223.0,1022.6,1022.7,-7.41,322.89,-0.02,35.6275,20.0147,218.8,54.7,1522.304, NAN, NAN, NAN, NAN,,2024/04/09 00:59:48.246,2024-04-09 00:59:48.246000+00:00
2024/04/09, 01:00:48.246,36.349,-74.497,11.21,27.38,28.43,10.78,16.9,16.9,1020.5,1020.3,0.0,0.0,0.0,0.0,222,226,4.8,4.1,49.6,50.1,9.7,9.0,227.9,227.9,1022.6,1022.4,-7.45,323.22,-0.02,35.6324,19.9953,218.2,54.8,1522.256, NAN, NAN, NAN, NAN,,2024/04/09 01:00:48.246,2024-04-09 01:00:48.246000+00:00
2024/04/09, 01:01:48.246,36.351,-74.495,11.2,27.02,27.43,10.59,16.9,16.9,1020.5,1020.5,0.0,0.0,0.0,0.0,215,218,5.0,4.2,49.2,49.6,10.0,9.2,224.8,224.6,1022.6,1022.6,-7.3,323.6,-0.01,35.6224,19.9676,218.8,54.7,1522.168, NAN, NAN, NAN, NAN,,2024/04/09 01:01:48.246,2024-04-09 01:01:48.246000+00:00
2024/04/09, 01:02:48.246,36.354,-74.493,11.16,28.74,32.49,10.94,16.9,16.9,1020.3,1020.5,0.0,0.0,0.0,0.0,205,219,4.7,3.9,51.1,50.7,10.1,9.1,221.4,226.0,1022.4,1022.6,-7.29,324.5,-0.01,35.616,19.9322,218.8,54.8,1522.063, NAN, NAN, NAN, NAN,,2024/04/09 01:02:48.246,2024-04-09 01:02:48.246000+00:00
2024/04/09, 01:03:48.246,36.356,-74.491,11.07,28.42,34.03,10.8,16.9,16.9,1020.5,1020.5,0.0,0.0,0.0,0.0,209,213,5.0,4.0,53.2,54.5,10.3,9.2,224.0,224.2,1022.6,1022.6,-7.31,323.85,-0.01,35.6037,19.9125,219.1,54.8,1521.995, NAN, NAN, NAN, NAN,,2024/04/09 01:03:48.246,2024-04-09 01:03:48.246000+00:00
2024/04/09, 01:04:48.246,36.359,-74.49,11.1,27.65,27.08,10.65,16.9,16.9,1020.3,1020.5,0.0,0.0,0.0,0.0,214,215,4.6,3.8,52.2,53.9,9.7,8.9,224.1,222.9,1022.4,1022.6,-7.29,324.16,-0.01,35.597,19.898,218.8,54.6,1521.947, NAN, NAN, NAN, NAN,,2024/04/09 01:04:48.246,2024-04-09 01:04:48.246000+00:00
2024/04/09, 01:05:48.246,36.362,-74.488,11.34,27.28,30.81,10.86,16.9,16.9,1020.3,1020.5,0.0,0.0,0.0,0.0,202,211,4.8,4.0,51.9,51.1,10.2,9.3,219.2,222.1,1022.4,1022.6,-7.18,324.64,-0.01,35.5896,19.8877,219.1,54.8,1521.91, NAN, NAN, NAN, NAN,,2024/04/09 01:05:48.246,2024-04-09 01:05:48.246000+00:00
2024/04/09, 01:06:48.247,36.364,-74.486,11.25,27.87,30.44,10.79,16.9,16.9,1020.5,1020.5,0.0,0.0,0.0,0.0,197,180,2.3,1.4,51.7,52.3,7.8,6.9,214.5,209.7,1022.6,1022.6,-7.34,324.51,-0.02,35.5838,19.8881,220.3,55.1,1521.905, NAN, NAN, NAN, NAN,,2024/04/09 01:06:48.247,2024-04-09 01:06:48.247000+00:00
2024/04/09, 01:07:48.247,36.367,-74.484,11.28,27.49,28.59,10.58,16.9,17.0,1020.5,1020.4,0.0,0.0,0.0,0.0,205,210,4.3,4.2,48.7,49.2,9.6,9.4,220.1,222.1,1022.6,1022.5,-7.34,325.11,-0.01,35.5857,19.8901,220.6,54.8,1521.913, NAN, NAN, NAN, NAN,,2024/04/09 01:07:48.247,2024-04-09 01:07:48.247000+00:00
2024/04/09, 01:08:48.247,36.369,-74.482,11.2,27.61,32.55,10.71,17.0,17.0,1020.5,1020.3,0.0,0.0,0.0,0.0,198,217,3.1,2.4,56.8,56.6,8.6,7.6,217.2,222.1,1022.6,1022.4,-7.3,325.1,-0.02,35.5945,19.8922,221.8,54.7,1521.928, NAN, NAN, NAN, NAN,,2024/04/09 01:08:48.247,2024-04-09 01:08:48.247000+00:00
2024/04/09, 01:09:48.247,36.372,-74.48,11.03,28.56,32.54,10.81,17.0,17.1,1020.5,1020.4,0.0,0.0,0.0,0.0,184,219,3.0,2.0,56.8,54.0,8.6,7.3,211.7,220.7,1022.6,1022.5,-7.28,324.98,-0.01,35.6164,19.8905,223.2,54.6,1521.948, NAN, NAN, NAN, NAN,,2024/04/09 01:09:48.247,2024-04-09 01:09:48.247000+00:00
2024/04/09, 01:10:48.247,36.374,-74.478,11.14,27.63,33.27,10.57,17.0,17.1,1020.7,1020.6,0.0,0.0,0.0,0.0,211,214,4.5,3.7,49.3,50.5,9.7,8.9,224.4,224.4,1022.8,1022.7,-7.31,324.54,-0.01,35.6319,19.8845,223.8,54.6,1521.949, NAN, NAN, NAN, NAN,,2024/04/09 01:10:48.247,2024-04-09 01:10:48.247000+00:00
2024/04/09, 01:11:48.247,36.377,-74.476,11.16,28.07,31.85,10.73,17.0,17.1,1020.5,1020.5,0.0,0.0,0.0,0.0,212,212,4.8,4.3,49.2,49.7,10.0,9.5,225.0,224.3,1022.6,1022.6,-7.45,324.73,-0.02,35.6393,19.8776,224.3,54.5,1521.938, NAN, NAN, NAN, NAN,,2024/04/09 01:11:48.247,2024-04-09 01:11:48.247000+00:00
2024/04/09, 01:12:48.247,36.379,-74.474,11.29,26.92,26.24,10.86,17.0,17.0,1020.5,1020.6,0.0,0.0,0.0,0.0,199,203,4.8,3.1,48.7,49.3,10.3,8.6,217.0,216.7,1022.6,1022.7,-7.36,325.85,-0.02,35.6342,19.8823,222.6,54.7,1521.945, NAN, NAN, NAN, NAN,,2024/04/09 01:12:48.247,2024-04-09 01:12:48.247000+00:00
2024/04/09, 01:13:48.247,36.382,-74.473,11.3,29.19,31.42,10.8,17.0,17.0,1020.5,1020.6,0.0,0.0,0.0,0.0,201,212,4.3,3.8,49.0,49.0,9.7,9.0,219.3,223.1,1022.6,1022.7,-7.28,326.08,-0.02,35.6213,19.8925,223.1,54.8,1521.959, NAN, NAN, NAN, NAN,,2024/04/09 01:13:48.247,2024-04-09 01:13:48.247000+00:00
2024/04/09, 01:14:48.247,36.384,-74.471,11.22,24.27,27.0,10.47,17.0,17.0,1020.7,1020.4,0.0,0.0,0.0,0.0,220,223,4.6,3.9,48.9,49.7,9.5,8.8,224.8,224.6,1022.8,1022.5,-7.3,326.27,-0.01,35.6191,19.9046,222.1,54.8,1521.99, NAN, NAN, NAN, NAN,,2024/04/09 01:14:48.247,2024-04-09 01:14:48.247000+00:00
2024/04/09, 01:15:48.247,36.387,-74.469,11.19,25.29,28.79,10.48,17.0,17.1,1020.5,1020.3,0.0,0.0,0.0,0.0,224,229,4.9,3.2,52.8,53.4,9.6,8.0,228.0,225.4,1022.6,1022.4,-7.15,327.08,-0.02,35.6254,19.9182,221.8,54.6,1522.035, NAN, NAN, NAN, NAN,,2024/04/09 01:15:48.247,2024-04-09 01:15:48.247000+00:00
2024/04/09, 01:16:48.247,36.39,-74.467,11.28,25.85,27.99,10.84,17.1,17.1,1020.7,1020.7,0.0,0.0,0.0,0.0,223,226,6.0,4.4,46.8,48.9,10.8,9.2,228.9,226.9,1022.8,1022.8,-7.01,325.95,-0.02,35.6322,19.9286,222.1,54.6,1522.071, NAN, NAN, NAN, NAN,,2024/04/09 01:16:48.247,2024-04-09 01:16:48.247000+00:00
2024/04/09, 01:17:48.247,36.392,-74.465,11.3,25.16,28.58,10.7,17.0,17.1,1020.9,1020.7,0.0,0.0,0.0,0.0,209,208,5.6,5.6,47.4,47.6,10.8,10.8,221.5,221.0,1023.0,1022.8,-6.96,326.65,-0.02,35.6392,19.9322,222.6,54.5,1522.089, NAN, NAN, NAN, NAN,,2024/04/09 01:17:48.247,2024-04-09 01:17:48.247000+00:00
2024/04/09, 01:18:48.247,36.395,-74.464,11.45,24.79,29.27,10.68,17.0,17.1,1020.6,1020.5,0.0,0.0,0.0,0.0,207,208,6.2,6.2,48.1,49.0,11.5,11.4,221.0,221.5,1022.7,1022.6,-6.82,326.19,-0.02,35.6534,19.9358,224.3,54.8,1522.115, NAN, NAN, NAN, NAN,,2024/04/09 01:18:48.247,2024-04-09 01:18:48.247000+00:00
2024/04/09, 01:19:48.247,36.397,-74.462,11.24,25.79,30.61,10.46,17.0,17.0,1020.6,1020.5,0.0,0.0,0.0,0.0,209,209,6.0,5.6,44.6,44.6,11.1,10.7,223.6,223.1,1022.7,1022.6,-6.84,326.08,-0.02,35.6655,19.9466,231.4,54.8,1522.158, NAN, NAN, NAN, NAN,,2024/04/09 01:19:48.247,2024-04-09 01:19:48.247000+00:00
2024/04/09, 01:20:48.247,36.4,-74.46,11.29,25.99,29.12,10.87,17.0,17.0,1020.7,1020.7,0.0,0.0,0.0,0.0,202,205,4.3,4.3,44.8,45.5,9.8,9.7,217.4,218.7,1022.8,1022.8,-6.96,326.41,-0.02,35.6687,19.9554,226.0,54.8,1522.186, NAN, NAN, NAN, NAN,,2024/04/09 01:20:48.247,2024-04-09 01:20:48.247000+00:00
2024/04/09, 01:21:48.247,36.403,-74.458,11.4,24.75,25.74,10.61,17.0,17.0,1020.3,1020.3,0.0,0.0,0.0,0.0,209,212,4.9,4.5,50.2,50.2,10.1,9.6,219.5,220.3,1022.4,1022.4,-7.16,326.98,-0.02,35.6731,19.9661,226.8,54.8,1522.221, NAN, NAN, NAN, NAN,,2024/04/09 01:21:48.247,2024-04-09 01:21:48.247000+00:00
2024/04/09, 01:22:48.248,36.405,-74.457,11.17,26.61,25.68,10.58,17.0,17.0,1020.5,1020.4,0.0,0.0,0.0,0.0,211,218,4.8,3.4,51.1,51.0,9.9,8.4,221.3,221.3,1022.6,1022.5,-7.15,327.54,-0.01,35.6816,19.961,227.8,54.6,1522.216, NAN, NAN, NAN, NAN,,2024/04/09 01:22:48.248,2024-04-09 01:22:48.248000+00:00
2024/04/09, 01:23:48.248,36.408,-74.455,11.07,26.7,29.05,10.55,17.1,17.0,1020.7,1020.5,0.0,0.0,0.0,0.0,219,223,5.7,4.2,50.3,51.8,10.6,9.1,228.2,227.1,1022.8,1022.6,-7.01,327.11,-0.01,35.699,19.9545,230.2,54.5,1522.218, NAN, NAN, NAN, NAN,,2024/04/09 01:23:48.248,2024-04-09 01:23:48.248000+00:00
2024/04/09, 01:24:48.248,36.41,-74.453,11.11,25.06,27.67,10.8,17.1,17.1,1020.5,1020.5,0.0,0.0,0.0,0.0,206,208,5.6,5.6,49.9,51.0,10.9,10.9,218.8,219.8,1022.6,1022.6,-6.99,327.06,-0.02,35.7223,19.9534,233.0,54.6,1522.241, NAN, NAN, NAN, NAN,,2024/04/09 01:24:48.248,2024-04-09 01:24:48.248000+00:00
2024/04/09, 01:25:48.248,36.413,-74.451,11.15,26.48,30.53,10.42,17.1,17.1,1020.7,1020.6,0.0,0.0,0.0,0.0,218,232,3.2,3.0,50.7,51.0,8.2,7.7,222.1,226.3,1022.8,1022.7,-7.01,327.99,-0.02,35.751,19.9446,237.6,54.5,1522.249, NAN, NAN, NAN, NAN,,2024/04/09 01:25:48.248,2024-04-09 01:25:48.248000+00:00
2024/04/09, 01:26:48.248,36.416,-74.45,11.12,25.54,28.53,10.84,17.2,17.2,1020.3,1020.5,0.0,0.0,0.0,0.0,216,234,3.7,2.2,55.6,54.7,8.9,7.1,221.2,221.9,1022.4,1022.6,-7.11,328.51,-0.02,35.7887,19.9137,244.0,54.7,1522.205, NAN, NAN, NAN, NAN,,2024/04/09 01:26:48.248,2024-04-09 01:26:48.248000+00:00
2024/04/09, 01:27:48.248,36.418,-74.448,11.28,27.04,30.04,10.74,17.3,17.3,1020.6,1020.6,0.0,0.0,0.0,0.0,224,218,5.1,3.8,54.3,55.1,9.9,8.9,229.4,223.9,1022.7,1022.7,-6.95,328.29,-0.02,35.8217,19.8733,249.1,54.9,1522.13, NAN, NAN, NAN, NAN,,2024/04/09 01:27:48.248,2024-04-09 01:27:48.248000+00:00
2024/04/09, 01:28:48.248,36.421,-74.446,11.34,25.59,28.91,10.97,17.3,17.3,1020.5,1020.3,0.0,0.0,0.0,0.0,214,217,5.1,4.1,49.7,52.0,10.4,9.3,223.5,223.0,1022.6,1022.4,-6.96,327.87,-0.02,35.8517,19.8736,255.5,54.8,1522.165, NAN, NAN, NAN, NAN,,2024/04/09 01:28:48.248,2024-04-09 01:28:48.248000+00:00
2024/04/09, 01:29:48.248,36.424,-74.444,11.33,25.81,27.72,10.76,17.2,17.3,1020.7,1020.6,0.0,0.0,0.0,0.0,210,214,5.4,5.0,47.6,50.9,10.6,10.1,221.5,222.8,1022.8,1022.7,-6.99,327.8,-0.02,35.8647,19.8795,260.8,54.6,1522.196, NAN, NAN, NAN, NAN,,2024/04/09 01:29:48.248,2024-04-09 01:29:48.248000+00:00
2024/04/09, 01:30:48.248,36.426,-74.443,11.33,26.12,28.12,10.82,17.2,17.3,1020.5,1020.5,0.0,0.0,0.0,0.0,221,224,5.9,4.2,49.4,50.2,10.8,9.1,228.2,226.0,1022.6,1022.6,-6.99,327.93,-0.02,35.8827,19.9289,262.8,55.0,1522.353, NAN, NAN, NAN, NAN,,2024/04/09 01:30:48.248,2024-04-09 01:30:48.248000+00:00
2024/04/09, 01:31:48.248,36.429,-74.441,11.29,26.57,30.98,11.16,17.2,17.3,1020.5,1020.5,0.0,0.0,0.0,0.0,222,225,5.9,3.8,50.4,50.8,10.9,8.9,229.0,225.6,1022.6,1022.6,-6.93,327.92,-0.02,35.899,20.0271,265.1,54.7,1522.642, NAN, NAN, NAN, NAN,,2024/04/09 01:31:48.248,2024-04-09 01:31:48.248000+00:00
2024/04/09, 01:32:48.248,36.432,-74.439,11.26,26.69,30.72,10.75,17.2,17.3,1020.7,1020.6,0.0,0.0,0.0,0.0,208,211,5.9,5.4,44.8,45.4,11.2,10.6,222.7,223.6,1022.8,1022.7,-6.89,328.04,-0.02,35.9327,20.1588,265.2,54.8,1523.043, NAN, NAN, NAN, NAN,,2024/04/09 01:32:48.248,2024-04-09 01:32:48.248000+00:00
2024/04/09, 01:33:48.248,36.434,-74.437,11.38,25.13,25.47,11.09,17.2,17.3,1020.7,1020.5,0.0,0.0,0.0,0.0,216,217,6.1,4.9,48.7,49.4,11.2,10.1,224.0,222.5,1022.8,1022.6,-6.86,327.31,-0.01,35.9899,20.259,267.2,55.1,1523.381, NAN, NAN, NAN, NAN,,2024/04/09 01:33:48.248,2024-04-09 01:33:48.248000+00:00
2024/04/09, 01:34:48.248,36.437,-74.436,11.35,26.19,28.21,10.76,17.2,17.3,1020.3,1020.3,0.0,0.0,0.0,0.0,208,207,5.8,5.8,46.0,46.3,11.1,11.1,221.8,221.3,1022.4,1022.4,-6.83,327.71,-0.02,36.0697,20.3918,270.8,54.6,1523.834, NAN, NAN, NAN, NAN,,2024/04/09 01:34:48.248,2024-04-09 01:34:48.248000+00:00
2024/04/09, 01:35:48.248,36.44,-74.434,11.33,25.29,27.87,10.9,17.2,17.2,1020.5,1020.3,0.0,0.0,0.0,0.0,218,220,5.7,4.4,46.9,47.3,10.8,9.5,225.6,224.1,1022.6,1022.4,-6.86,327.37,-0.01,36.1157,20.4961,272.6,54.5,1524.169, NAN, NAN, NAN, NAN,,2024/04/09 01:35:48.248,2024-04-09 01:35:48.248000+00:00
2024/04/09, 01:36:48.248,36.442,-74.432,11.33,26.09,25.66,10.98,17.2,17.2,1020.5,1020.5,0.0,0.0,0.0,0.0,219,219,5.5,4.4,46.8,46.8,10.5,9.5,225.7,223.5,1022.6,1022.6,-7.0,327.08,-0.01,36.1926,20.5487,285.7,54.5,1524.398, NAN, NAN, NAN, NAN,,2024/04/09 01:36:48.248,2024-04-09 01:36:48.248000+00:00
2024/04/09, 01:37:48.248,36.445,-74.431,11.34,25.77,25.33,10.96,17.2,17.2,1020.6,1020.5,0.0,0.0,0.0,0.0,215,219,6.2,4.9,49.5,49.5,11.3,9.9,224.1,223.8,1022.7,1022.6,-6.95,327.3,-0.01,36.2374,20.604,296.1,54.6,1524.598, NAN, NAN, NAN, NAN,,2024/04/09 01:37:48.248,2024-04-09 01:37:48.248000+00:00
2024/04/09, 01:38:48.249,36.448,-74.429,11.41,26.19,26.68,11.0,17.3,17.3,1020.5,1020.3,0.0,0.0,0.0,0.0,216,218,7.0,5.4,47.6,48.2,12.1,10.5,226.3,224.9,1022.6,1022.4,-6.89,326.94,-0.01,36.2543,20.644,296.4,54.5,1524.726, NAN, NAN, NAN, NAN,,2024/04/09 01:38:48.249,2024-04-09 01:38:48.249000+00:00
2024/04/09, 01:39:48.249,36.451,-74.427,11.39,27.08,29.94,10.94,17.2,17.3,1020.7,1020.5,0.0,0.0,0.0,0.0,216,222,5.4,4.2,46.5,46.9,10.5,9.2,225.4,225.7,1022.8,1022.6,-6.88,327.07,-0.01,36.2781,20.6594,298.5,54.5,1524.794, NAN, NAN, NAN, NAN,,2024/04/09 01:39:48.249,2024-04-09 01:39:48.249000+00:00
2024/04/09, 01:40:48.249,36.453,-74.425,11.16,24.71,25.37,10.74,17.3,17.3,1020.7,1020.6,0.0,0.0,0.0,0.0,219,216,5.1,4.3,51.7,52.1,10.0,9.4,224.0,221.0,1022.8,1022.7,-6.84,326.72,-0.02,36.2822,20.6525,298.5,54.2,1524.78, NAN, NAN, NAN, NAN,,2024/04/09 01:40:48.249,2024-04-09 01:40:48.249000+00:00
2024/04/09, 01:41:48.249,36.456,-74.424,11.27,27.01,27.09,10.86,17.3,17.3,1020.5,1020.5,0.0,0.0,0.0,0.0,217,223,5.4,4.3,54.1,55.4,10.4,9.2,225.5,225.9,1022.6,1022.6,-6.93,326.34,-0.02,36.2895,20.6013,293.7,54.4,1524.649, NAN, NAN, NAN, NAN,,2024/04/09 01:41:48.249,2024-04-09 01:41:48.249000+00:00
2024/04/09, 01:42:48.249,36.459,-74.422,11.31,27.26,29.36,10.89,17.3,17.3,1020.3,1020.3,0.0,0.0,0.0,0.0,210,214,5.4,4.6,50.6,51.4,10.7,9.8,223.2,223.8,1022.4,1022.4,-7.02,326.66,-0.02,36.2798,20.5569,288.1,54.1,1524.518, NAN, NAN, NAN, NAN,,2024/04/09 01:42:48.249,2024-04-09 01:42:48.249000+00:00
2024/04/09, 01:43:48.249,36.461,-74.42,11.2,26.36,28.55,10.97,17.3,17.3,1020.3,1020.3,0.0,0.0,0.0,0.0,207,208,5.6,5.4,52.7,53.0,11.0,10.8,220.7,220.9,1022.4,1022.4,-7.15,326.58,-0.01,36.258,20.5301,285.1,54.2,1524.421, NAN, NAN, NAN, NAN,,2024/04/09 01:43:48.249,2024-04-09 01:43:48.249000+00:00
2024/04/09, 01:44:48.249,36.464,-74.418,11.39,28.21,28.05,11.07,17.3,17.3,1020.5,1020.4,0.0,0.0,0.0,0.0,202,199,5.1,4.5,51.8,52.9,10.6,10.0,218.5,216.5,1022.6,1022.5,-7.09,326.56,-0.02,36.2365,20.522,285.1,54.5,1524.375, NAN, NAN, NAN, NAN,,2024/04/09 01:44:48.249,2024-04-09 01:44:48.249000+00:00
2024/04/09, 01:45:48.249,36.467,-74.416,11.41,28.09,29.64,10.89,17.3,17.3,1020.3,1020.3,0.0,0.0,0.0,0.0,208,211,4.0,3.5,53.6,53.5,9.4,8.8,220.8,221.1,1022.4,1022.4,-7.19,326.83,-0.02,36.2256,20.5304,284.3,54.3,1524.385, NAN, NAN, NAN, NAN,,2024/04/09 01:45:48.249,2024-04-09 01:45:48.249000+00:00
2024/04/09, 01:46:48.249,36.469,-74.415,11.25,27.02,27.66,11.08,17.3,17.4,1020.5,1020.3,0.0,0.0,0.0,0.0,220,223,5.8,4.0,54.8,53.3,10.8,9.1,227.9,225.4,1022.6,1022.4,-7.28,326.52,-0.01,36.2263,20.5596,281.7,54.3,1524.465, NAN, NAN, NAN, NAN,,2024/04/09 01:46:48.249,2024-04-09 01:46:48.249000+00:00
2024/04/09, 01:47:48.249,36.472,-74.413,11.3,26.53,28.55,11.09,17.3,17.4,1020.3,1020.3,0.0,0.0,0.0,0.0,215,216,5.2,4.7,52.2,53.0,10.5,10.0,224.4,224.1,1022.4,1022.4,-7.21,326.82,-0.02,36.2273,20.5853,278.7,54.5,1524.536, NAN, NAN, NAN, NAN,,2024/04/09 01:47:48.249,2024-04-09 01:47:48.249000+00:00
2024/04/09, 01:48:48.249,36.475,-74.411,11.37,28.15,29.18,10.87,17.4,17.4,1020.2,1020.1,0.0,0.0,0.0,0.0,224,229,4.4,3.5,54.7,54.5,9.3,8.3,227.9,227.2,1022.3,1022.2,-7.16,327.11,-0.02,36.2419,20.6015,276.0,54.5,1524.597, NAN, NAN, NAN, NAN,,2024/04/09 01:48:48.249,2024-04-09 01:48:48.249000+00:00
2024/04/09, 01:49:48.249,36.477,-74.409,11.3,27.4,26.19,10.66,17.4,17.4,1020.3,1020.3,0.0,0.0,0.0,0.0,213,218,6.2,4.7,50.5,51.7,11.2,9.6,224.9,224.9,1022.4,1022.4,-7.06,326.75,-0.01,36.2547,20.6004,275.6,54.4,1524.608, NAN, NAN, NAN, NAN,,2024/04/09 01:49:48.249,2024-04-09 01:49:48.249000+00:00
2024/04/09, 01:50:48.249,36.48,-74.407,11.36,27.68,27.45,11.1,17.4,17.4,1020.3,1020.1,0.0,0.0,0.0,0.0,208,229,3.9,2.9,56.1,56.1,9.3,7.9,218.7,223.4,1022.4,1022.2,-7.01,327.57,-0.01,36.2629,20.597,274.2,54.3,1524.608, NAN, NAN, NAN, NAN,,2024/04/09 01:50:48.249,2024-04-09 01:50:48.249000+00:00
2024/04/09, 01:51:48.249,36.483,-74.406,11.32,28.71,27.65,10.71,17.5,17.5,1020.3,1020.3,0.0,0.0,0.0,0.0,207,212,6.1,4.8,53.9,55.6,11.3,9.9,222.5,223.1,1022.4,1022.4,-6.99,327.07,-0.02,36.2637,20.5891,276.3,54.2,1524.587, NAN, NAN, NAN, NAN,,2024/04/09 01:51:48.249,2024-04-09 01:51:48.249000+00:00
2024/04/09, 01:52:48.249,36.485,-74.404,11.3,26.5,28.12,10.95,17.4,17.4,1020.3,1020.2,0.0,0.0,0.0,0.0,203,209,5.8,5.3,47.4,48.0,11.2,10.6,219.1,221.5,1022.4,1022.3,-7.06,327.41,-0.02,36.2563,20.5616,275.0,54.4,1524.504, NAN, NAN, NAN, NAN,,2024/04/09 01:52:48.249,2024-04-09 01:52:48.249000+00:00
2024/04/09, 01:53:48.249,36.488,-74.402,11.45,26.44,25.9,10.9,17.4,17.4,1020.3,1020.3,0.0,0.0,0.0,0.0,205,235,5.2,4.0,52.1,51.0,10.6,8.6,218.6,229.1,1022.4,1022.4,-6.99,327.95,-0.01,36.2638,20.5372,275.0,54.7,1524.446, NAN, NAN, NAN, NAN,,2024/04/09 01:53:48.249,2024-04-09 01:53:48.249000+00:00
2024/04/09, 01:54:48.250,36.491,-74.4,11.35,28.68,29.82,10.9,17.4,17.4,1020.3,1020.1,0.0,0.0,0.0,0.0,210,219,4.8,3.4,54.8,54.5,10.1,8.5,223.2,224.0,1022.4,1022.2,-7.14,328.5,-0.01,36.2585,20.5355,274.5,54.6,1524.436, NAN, NAN, NAN, NAN,,2024/04/09 01:54:48.250,2024-04-09 01:54:48.250000+00:00
2024/04/09, 01:55:48.250,36.493,-74.398,11.3,28.14,29.51,11.23,17.5,17.5,1020.1,1020.1,0.0,0.0,0.0,0.0,217,219,7.0,5.2,58.0,58.5,12.1,10.4,228.7,226.8,1022.2,1022.2,-7.11,327.57,-0.01,36.2394,20.5438,273.9,54.6,1524.437, NAN, NAN, NAN, NAN,,2024/04/09 01:55:48.250,2024-04-09 01:55:48.250000+00:00
2024/04/09, 01:56:48.250,36.496,-74.396,11.24,27.83,26.24,10.89,17.4,17.4,1020.3,1020.2,0.0,0.0,0.0,0.0,216,220,6.8,5.0,51.8,51.4,11.8,9.9,227.3,226.2,1022.4,1022.3,-7.02,327.83,-0.01,36.2325,20.5468,275.3,54.5,1524.438, NAN, NAN, NAN, NAN,,2024/04/09 01:56:48.250,2024-04-09 01:56:48.250000+00:00
2024/04/09, 01:57:48.250,36.499,-74.395,11.44,26.96,29.52,10.93,17.4,17.4,1020.3,1020.3,0.0,0.0,0.0,0.0,219,222,5.9,4.8,52.6,52.8,10.9,9.8,227.8,227.2,1022.4,1022.4,-6.99,328.46,-0.01,36.2374,20.5421,276.0,54.7,1524.43, NAN, NAN, NAN, NAN,,2024/04/09 01:57:48.250,2024-04-09 01:57:48.250000+00:00
2024/04/09, 01:58:48.250,36.501,-74.393,11.44,27.09,29.55,10.88,17.4,17.4,1020.3,1020.1,0.0,0.0,0.0,0.0,208,211,6.4,5.5,52.1,52.1,11.7,10.8,223.2,223.7,1022.4,1022.2,-6.91,327.94,-0.01,36.2348,20.4922,275.6,54.7,1524.292, NAN, NAN, NAN, NAN,,2024/04/09 01:58:48.250,2024-04-09 01:58:48.250000+00:00
2024/04/09, 01:59:48.250,36.504,-74.391,11.37,26.9,26.96,10.75,17.4,17.4,1020.2,1020.3,0.0,0.0,0.0,0.0,215,210,4.8,5.0,52.3,52.5,9.9,10.2,223.3,221.3,1022.3,1022.4,-6.99,329.87,-0.01,36.2348,20.4284,276.6,54.6,1524.118, NAN, NAN, NAN, NAN,,2024/04/09 01:59:48.250,2024-04-09 01:59:48.250000+00:00
2024/04/09, 02:00:48.250,36.507,-74.389,11.32,27.78,29.42,10.9,17.5,17.4,1020.0,1020.1,0.0,0.0,0.0,0.0,214,216,5.8,4.7,58.9,60.6,10.9,9.8,225.4,224.5,1022.1,1022.2,-6.87,329.09,-0.02,36.2054,20.3913,269.6,52.9,1523.984, NAN, NAN, NAN, NAN,,2024/04/09 02:00:48.250,2024-04-09 02:00:48.250000+00:00
2024/04/09, 02:01:48.250,36.509,-74.387,11.33,27.24,27.78,11.03,17.4,17.5,1020.3,1020.2,0.0,0.0,0.0,0.0,211,216,6.4,5.2,56.3,56.4,11.7,10.4,224.0,224.8,1022.4,1022.3,-6.9,328.4,-0.02,36.1728,20.3742,267.8,54.1,1523.901, NAN, NAN, NAN, NAN,,2024/04/09 02:01:48.250,2024-04-09 02:01:48.250000+00:00
2024/04/09, 02:02:48.250,36.512,-74.386,11.27,27.56,26.82,11.06,17.4,17.5,1020.1,1019.9,0.0,0.0,0.0,0.0,214,216,6.4,5.3,54.7,55.2,11.5,10.4,225.2,224.5,1022.2,1022.0,-6.93,328.86,-0.02,36.1495,20.3365,271.6,54.4,1523.772, NAN, NAN, NAN, NAN,,2024/04/09 02:02:48.250,2024-04-09 02:02:48.250000+00:00
2024/04/09, 02:03:48.250,36.515,-74.384,11.32,28.26,30.86,10.91,17.4,17.4,1020.3,1020.1,0.0,0.0,0.0,0.0,212,215,6.6,5.2,49.8,49.6,11.8,10.4,226.4,226.0,1022.4,1022.2,-6.93,328.15,-0.01,36.1405,20.2422,275.6,54.4,1523.504, NAN, NAN, NAN, NAN,,2024/04/09 02:03:48.250,2024-04-09 02:03:48.250000+00:00
2024/04/09, 02:04:48.250,36.517,-74.382,11.33,28.26,26.87,11.02,17.3,17.4,1020.0,1019.9,0.0,0.0,0.0,0.0,213,218,6.4,4.9,50.4,50.5,11.5,10.0,225.3,225.3,1022.1,1022.0,-6.92,328.87,-0.01,36.1324,20.1123,281.6,54.5,1523.138, NAN, NAN, NAN, NAN,,2024/04/09 02:04:48.250,2024-04-09 02:04:48.250000+00:00
2024/04/09, 02:05:48.250,36.52,-74.38,11.37,28.37,28.28,11.17,17.3,17.4,1019.9,1019.8,0.0,0.0,0.0,0.0,209,211,7.4,6.4,49.7,49.8,12.7,11.7,224.7,224.7,1022.0,1021.9,-6.89,328.16,-0.02,36.0928,20.0304,285.4,54.6,1522.868, NAN, NAN, NAN, NAN,,2024/04/09 02:05:48.250,2024-04-09 02:05:48.250000+00:00
2024/04/09, 02:06:48.250,36.523,-74.379,11.34,28.14,28.09,11.2,17.3,17.3,1020.0,1020.1,0.0,0.0,0.0,0.0,210,210,6.3,6.0,50.5,50.5,11.6,11.3,223.6,223.2,1022.1,1022.2,-7.03,327.92,-0.02,36.0267,20.0703,288.8,54.5,1522.904, NAN, NAN, NAN, NAN,,2024/04/09 02:06:48.250,2024-04-09 02:06:48.250000+00:00
2024/04/09, 02:07:48.250,36.526,-74.377,11.36,26.68,29.34,10.99,17.3,17.3,1020.3,1020.0,0.0,0.0,0.0,0.0,212,212,7.7,6.7,54.1,53.4,12.9,11.9,226.1,225.0,1022.4,1022.1,-7.02,327.93,-0.02,35.9801,20.0702,292.8,54.3,1522.852, NAN, NAN, NAN, NAN,,2024/04/09 02:07:48.250,2024-04-09 02:07:48.250000+00:00
2024/04/09, 02:08:48.250,36.528,-74.375,11.37,27.64,27.03,11.42,17.3,17.3,1019.8,1019.9,0.0,0.0,0.0,0.0,218,220,5.0,4.2,51.3,51.6,10.3,9.5,224.5,223.6,1021.9,1022.0,-6.95,328.85,-0.02,35.986,20.0138,294.7,53.4,1522.703, NAN, NAN, NAN, NAN,,2024/04/09 02:08:48.250,2024-04-09 02:08:48.250000+00:00
2024/04/09, 02:09:48.250,36.531,-74.373,11.36,28.28,29.35,11.28,17.3,17.3,1019.9,1019.9,0.0,0.0,0.0,0.0,206,214,6.4,5.7,50.4,50.7,11.9,11.0,222.4,225.6,1022.0,1022.0,-7.05,328.24,-0.01,35.9819,19.9594,288.1,53.4,1522.548, NAN, NAN, NAN, NAN,,2024/04/09 02:09:48.250,2024-04-09 02:09:48.250000+00:00
2024/04/09, 02:10:48.251,36.534,-74.371,11.45,27.96,27.61,10.95,17.2,17.3,1020.0,1019.9,0.0,0.0,0.0,0.0,209,208,5.4,4.3,50.2,50.4,10.7,9.6,222.2,220.1,1022.1,1022.0,-7.05,328.93,-0.02,35.9467,19.8947,284.3,53.6,1522.33, NAN, NAN, NAN, NAN,,2024/04/09 02:10:48.251,2024-04-09 02:10:48.251000+00:00
2024/04/09, 02:11:48.251,36.537,-74.37,11.39,26.33,27.96,11.34,17.3,17.3,1020.0,1019.9,0.0,0.0,0.0,0.0,215,214,5.1,5.0,55.6,56.0,10.4,10.4,223.1,222.5,1022.1,1022.0,-7.12,329.75,-0.02,35.9119,19.8372,282.4,53.6,1522.132, NAN, NAN, NAN, NAN,,2024/04/09 02:11:48.251,2024-04-09 02:11:48.251000+00:00
2024/04/09, 02:12:48.251,36.54,-74.368,11.34,27.68,24.83,11.41,17.3,17.3,1020.1,1020.1,0.0,0.0,0.0,0.0,214,213,6.5,5.2,55.7,56.1,11.8,10.6,224.8,222.3,1022.2,1022.2,-7.1,328.91,-0.02,35.8756,19.7702,282.7,53.8,1521.905, NAN, NAN, NAN, NAN,,2024/04/09 02:12:48.251,2024-04-09 02:12:48.251000+00:00
2024/04/09, 02:13:48.251,36.542,-74.366,11.27,27.7,27.09,11.09,17.3,17.3,1020.0,1020.0,0.0,0.0,0.0,0.0,206,205,4.9,4.7,55.1,52.5,10.3,10.2,219.8,219.0,1022.1,1022.1,-7.06,329.23,-0.02,35.8466,19.6859,279.6,53.5,1521.638, NAN, NAN, NAN, NAN,,2024/04/09 02:13:48.251,2024-04-09 02:13:48.251000+00:00
2024/04/09, 02:14:48.251,36.545,-74.364,11.28,28.15,30.71,11.59,17.2,17.2,1020.0,1019.9,0.0,0.0,0.0,0.0,211,216,6.0,4.9,56.6,57.9,11.5,10.3,224.0,224.6,1022.1,1022.0,-7.24,329.45,-0.02,35.818,19.6374,279.6,54.0,1521.471, NAN, NAN, NAN, NAN,,2024/04/09 02:14:48.251,2024-04-09 02:14:48.251000+00:00
2024/04/09, 02:15:48.251,36.548,-74.362,11.38,27.43,27.46,11.41,17.2,17.3,1019.9,1020.1,0.0,0.0,0.0,0.0,205,205,6.1,5.3,53.1,53.6,11.7,10.9,220.0,219.1,1022.0,1022.2,-7.15,330.07,-0.02,35.7746,19.598,280.6,54.0,1521.312, NAN, NAN, NAN, NAN,,2024/04/09 02:15:48.251,2024-04-09 02:15:48.251000+00:00
2024/04/09, 02:16:48.251,36.551,-74.361,11.51,27.48,28.2,11.4,17.2,17.2,1020.0,1019.9,0.0,0.0,0.0,0.0,205,204,5.3,5.0,53.1,53.2,10.9,10.6,219.8,219.0,1022.1,1022.0,-7.19,330.42,-0.02,35.7472,19.5504,281.7,53.8,1521.148, NAN, NAN, NAN, NAN,,2024/04/09 02:16:48.251,2024-04-09 02:16:48.251000+00:00
2024/04/09, 02:17:48.251,36.554,-74.359,11.38,28.54,27.94,11.4,17.3,17.3,1020.3,1020.1,0.0,0.0,0.0,0.0,225,231,4.3,3.7,59.7,59.7,9.4,8.7,227.3,227.7,1022.4,1022.2,-7.22,331.45,-0.02,35.7274,19.5061,279.3,54.4,1521.002, NAN, NAN, NAN, NAN,,2024/04/09 02:17:48.251,2024-04-09 02:17:48.251000+00:00
2024/04/09, 02:18:48.251,36.556,-74.357,11.32,26.71,25.64,11.12,17.3,17.3,1020.0,1020.1,0.0,0.0,0.0,0.0,217,217,5.7,4.6,57.3,57.7,10.9,9.8,225.7,223.7,1022.1,1022.2,-7.08,330.27,-0.02,35.6953,19.4678,280.3,54.6,1520.859, NAN, NAN, NAN, NAN,,2024/04/09 02:18:48.251,2024-04-09 02:18:48.251000+00:00
2024/04/09, 02:19:48.251,36.559,-74.355,11.34,28.1,24.71,11.44,17.3,17.3,1019.9,1019.9,0.0,0.0,0.0,0.0,216,222,5.0,4.5,55.4,55.6,10.3,9.6,223.2,224.7,1022.0,1022.0,-7.05,330.44,-0.02,35.6691,19.4303,278.7,55.0,1520.724, NAN, NAN, NAN, NAN,,2024/04/09 02:19:48.251,2024-04-09 02:19:48.251000+00:00
2024/04/09, 02:20:48.251,36.562,-74.353,11.37,28.64,26.41,11.37,17.3,17.3,1019.9,1019.9,0.0,0.0,0.0,0.0,204,200,4.7,4.4,55.6,55.8,10.3,10.1,218.5,216.4,1022.0,1022.0,-7.06,330.59,-0.02,35.6439,19.4063,277.6,55.0,1520.629, NAN, NAN, NAN, NAN,,2024/04/09 02:20:48.251,2024-04-09 02:20:48.251000+00:00
2024/04/09, 02:21:48.251,36.565,-74.351,11.33,27.48,28.35,11.36,17.3,17.3,1020.1,1020.0,0.0,0.0,0.0,0.0,222,227,6.3,5.1,58.6,57.8,11.4,10.1,229.8,229.8,1022.2,1022.1,-7.26,330.59,-0.02,35.6185,19.3823,278.2,53.9,1520.533, NAN, NAN, NAN, NAN,,2024/04/09 02:21:48.251,2024-04-09 02:21:48.251000+00:00
2024/04/09, 02:22:48.251,36.568,-74.35,11.36,27.11,26.82,11.07,17.3,17.3,1019.8,1019.9,0.0,0.0,0.0,0.0,217,221,6.9,5.3,59.3,53.4,12.0,10.3,227.6,227.1,1021.9,1022.0,-7.03,330.51,-0.02,35.6004,19.3778,281.6,53.2,1520.5, NAN, NAN, NAN, NAN,,2024/04/09 02:22:48.251,2024-04-09 02:22:48.251000+00:00
2024/04/09, 02:23:48.251,36.57,-74.348,11.38,27.76,26.0,11.43,17.3,17.3,1020.0,1020.0,0.0,0.0,0.0,0.0,212,217,5.9,5.1,55.3,56.0,11.3,10.4,223.7,224.8,1022.1,1022.1,-6.89,330.95,-0.02,35.5814,19.3713,281.2,53.4,1520.46, NAN, NAN, NAN, NAN,,2024/04/09 02:23:48.251,2024-04-09 02:23:48.251000+00:00
2024/04/09, 02:24:48.251,36.573,-74.346,11.41,27.9,26.98,11.35,17.3,17.3,1019.9,1019.9,0.0,0.0,0.0,0.0,210,212,6.2,5.2,55.2,55.2,11.6,10.6,222.9,222.4,1022.0,1022.0,-6.91,330.86,-0.02,35.5692,19.3573,284.3,53.4,1520.407, NAN, NAN, NAN, NAN,,2024/04/09 02:24:48.251,2024-04-09 02:24:48.251000+00:00
2024/04/09, 02:25:48.251,36.576,-74.344,11.44,28.3,28.57,11.53,17.2,17.2,1019.8,1019.8,0.0,0.0,0.0,0.0,212,213,5.1,3.9,53.7,53.8,10.6,9.4,223.0,221.2,1021.9,1021.9,-6.96,331.92,-0.02,35.5572,19.3423,286.0,53.6,1520.351, NAN, NAN, NAN, NAN,,2024/04/09 02:25:48.251,2024-04-09 02:25:48.251000+00:00
2024/04/09, 02:26:48.252,36.579,-74.342,11.45,27.07,21.45,11.3,17.2,17.2,1020.1,1020.0,0.0,0.0,0.0,0.0,218,221,5.9,4.6,59.3,59.4,11.0,9.7,224.9,223.6,1022.2,1022.1,-7.07,331.76,-0.02,35.5454,19.3336,284.0,53.4,1520.313, NAN, NAN, NAN, NAN,,2024/04/09 02:26:48.252,2024-04-09 02:26:48.252000+00:00
2024/04/09, 02:27:48.252,36.582,-74.341,11.22,29.32,28.45,11.57,17.3,17.3,1019.9,1019.9,0.0,0.0,0.0,0.0,206,208,6.9,6.0,60.7,60.7,12.5,11.6,223.1,223.2,1022.0,1022.0,-6.99,331.5,-0.02,35.5326,19.3329,283.3,53.0,1520.297, NAN, NAN, NAN, NAN,,2024/04/09 02:27:48.252,2024-04-09 02:27:48.252000+00:00
2024/04/09, 02:28:48.252,36.585,-74.339,11.32,28.19,26.46,11.26,17.3,17.3,1019.8,1019.9,0.0,0.0,0.0,0.0,211,215,4.5,3.7,60.5,60.0,9.9,9.1,221.4,221.4,1021.9,1022.0,-7.12,331.92,-0.02,35.5259,19.3146,287.3,53.4,1520.238, NAN, NAN, NAN, NAN,,2024/04/09 02:28:48.252,2024-04-09 02:28:48.252000+00:00
2024/04/09, 02:29:48.252,36.587,-74.337,11.33,26.56,29.12,11.57,17.3,17.3,1019.7,1019.7,0.0,0.0,0.0,0.0,216,217,4.8,4.6,60.4,59.4,10.3,10.1,223.8,223.9,1021.8,1021.8,-7.1,332.41,-0.02,35.5262,19.2904,286.0,53.4,1520.17, NAN, NAN, NAN, NAN,,2024/04/09 02:29:48.252,2024-04-09 02:29:48.252000+00:00
2024/04/09, 02:30:48.252,36.59,-74.335,11.3,27.99,27.12,11.38,17.3,17.3,1019.7,1019.7,0.0,0.0,0.0,0.0,217,218,6.3,5.1,58.0,57.9,11.5,10.3,226.8,225.2,1021.8,1021.8,-6.99,331.71,-0.02,35.5146,19.2617,289.4,53.4,1520.076, NAN, NAN, NAN, NAN,,2024/04/09 02:30:48.252,2024-04-09 02:30:48.252000+00:00
2024/04/09, 02:31:48.252,36.593,-74.333,11.25,28.17,25.55,11.53,17.3,17.3,1019.8,1019.7,0.0,0.0,0.0,0.0,212,215,6.6,5.0,55.3,55.7,12.0,10.4,224.1,223.0,1021.9,1021.8,-6.97,331.22,-0.02,35.5,19.2407,290.0,53.3,1520.001, NAN, NAN, NAN, NAN,,2024/04/09 02:31:48.252,2024-04-09 02:31:48.252000+00:00
2024/04/09, 02:32:48.252,36.596,-74.331,11.35,27.68,24.67,11.46,17.2,17.2,1019.8,1019.6,0.0,0.0,0.0,0.0,211,219,4.5,3.4,57.5,57.9,10.0,8.8,220.3,220.9,1021.9,1021.7,-7.07,331.86,-0.02,35.4875,19.2319,292.1,53.4,1519.962, NAN, NAN, NAN, NAN,,2024/04/09 02:32:48.252,2024-04-09 02:32:48.252000+00:00
2024/04/09, 02:33:48.252,36.599,-74.33,11.32,28.39,28.3,11.25,17.2,17.2,1019.8,1019.9,0.0,0.0,0.0,0.0,213,215,5.1,3.6,57.4,56.8,10.4,9.0,224.0,222.0,1021.9,1022.0,-7.05,331.75,-0.02,35.4762,19.235,293.7,53.4,1519.958, NAN, NAN, NAN, NAN,,2024/04/09 02:33:48.252,2024-04-09 02:33:48.252000+00:00
2024/04/09, 02:34:48.252,36.601,-74.328,11.29,28.29,29.05,11.58,17.2,17.2,1019.9,1019.8,0.0,0.0,0.0,0.0,214,218,5.5,4.7,57.2,57.3,11.0,10.1,224.7,225.0,1022.0,1021.9,-7.13,331.65,-0.01,35.4714,19.2443,295.8,53.5,1519.979, NAN, NAN, NAN, NAN,,2024/04/09 02:34:48.252,2024-04-09 02:34:48.252000+00:00
2024/04/09, 02:35:48.252,36.604,-74.326,11.34,27.42,27.19,11.47,17.2,17.2,1019.7,1019.7,0.0,0.0,0.0,0.0,219,222,5.1,4.4,56.6,56.8,10.4,9.6,225.2,224.9,1021.8,1021.8,-7.13,331.89,-0.01,35.4669,19.2575,293.1,53.6,1520.011, NAN, NAN, NAN, NAN,,2024/04/09 02:35:48.252,2024-04-09 02:35:48.252000+00:00
2024/04/09, 02:36:48.252,36.607,-74.324,11.29,27.18,25.47,11.49,17.2,17.2,1019.8,1019.7,0.0,0.0,0.0,0.0,211,210,5.1,4.6,57.4,57.3,10.6,10.2,222.0,220.7,1021.9,1021.8,-7.11,332.43,-0.01,35.4632,19.2812,292.4,53.8,1520.073, NAN, NAN, NAN, NAN,,2024/04/09 02:36:48.252,2024-04-09 02:36:48.252000+00:00
2024/04/09, 02:37:48.252,36.61,-74.322,11.3,27.62,28.02,11.49,17.2,17.2,1019.7,1019.6,0.0,0.0,0.0,0.0,202,204,5.5,4.9,58.8,58.9,11.2,10.6,218.2,218.4,1021.8,1021.7,-7.22,332.31,-0.02,35.4626,19.3484,292.8,53.8,1520.262, NAN, NAN, NAN, NAN,,2024/04/09 02:37:48.252,2024-04-09 02:37:48.252000+00:00
2024/04/09, 02:38:48.252,36.613,-74.32,11.28,28.95,28.6,11.69,17.1,17.2,1019.5,1019.4,0.0,0.0,0.0,0.0,213,212,5.1,4.5,55.3,56.2,10.7,10.1,224.5,223.0,1021.6,1021.5,-7.27,333.29,-0.02,35.4691,19.4054,296.8,54.0,1520.429, NAN, NAN, NAN, NAN,,2024/04/09 02:38:48.252,2024-04-09 02:38:48.252000+00:00
2024/04/09, 02:39:48.252,36.616,-74.319,11.23,26.6,28.78,11.16,17.2,17.2,1019.8,1019.8,0.0,0.0,0.0,0.0,206,205,3.9,3.3,59.6,55.8,9.4,8.9,218.2,216.9,1021.9,1021.9,-7.24,333.71,-0.02,35.4945,19.4159,299.8,54.0,1520.488, NAN, NAN, NAN, NAN,,2024/04/09 02:39:48.252,2024-04-09 02:39:48.252000+00:00
2024/04/09, 02:40:48.252,36.619,-74.317,11.29,27.86,30.36,11.69,17.2,17.2,1019.5,1019.6,0.0,0.0,0.0,0.0,208,211,4.6,4.0,59.3,59.7,10.3,9.6,219.5,219.7,1021.6,1021.7,-7.19,334.59,-0.02,35.5175,19.4035,297.4,53.6,1520.479, NAN, NAN, NAN, NAN,,2024/04/09 02:40:48.252,2024-04-09 02:40:48.252000+00:00
2024/04/09, 02:41:48.252,36.621,-74.315,11.21,28.93,26.28,11.79,17.3,17.3,1019.5,1019.5,0.0,0.0,0.0,0.0,212,216,4.3,3.6,60.9,60.9,9.9,9.2,221.1,221.1,1021.6,1021.6,-7.15,334.16,-0.02,35.5215,19.3754,296.1,53.8,1520.404, NAN, NAN, NAN, NAN,,2024/04/09 02:41:48.252,2024-04-09 02:41:48.252000+00:00
2024/04/09, 02:42:48.253,36.624,-74.313,11.3,27.23,24.97,11.41,17.3,17.3,1019.5,1019.7,0.0,0.0,0.0,0.0,209,221,4.0,3.1,62.8,63.3,9.6,8.5,219.0,221.2,1021.6,1021.8,-7.19,334.57,-0.02,35.5183,19.3497,293.4,53.4,1520.328, NAN, NAN, NAN, NAN,,2024/04/09 02:42:48.253,2024-04-09 02:42:48.253000+00:00
2024/04/09, 02:43:48.253,36.627,-74.311,11.23,27.89,28.46,11.59,17.4,17.3,1019.8,1019.7,0.0,0.0,0.0,0.0,217,220,5.1,4.2,63.0,63.5,10.5,9.6,225.6,225.0,1021.9,1021.8,-7.08,334.37,-0.02,35.5123,19.3358,294.4,53.3,1520.282, NAN, NAN, NAN, NAN,,2024/04/09 02:43:48.253,2024-04-09 02:43:48.253000+00:00
2024/04/09, 02:44:48.253,36.63,-74.309,11.29,26.52,24.09,11.46,17.4,17.4,1019.6,1019.7,0.0,0.0,0.0,0.0,222,224,6.5,5.0,62.5,61.1,11.5,10.1,228.1,226.0,1021.7,1021.8,-7.12,334.03,-0.02,35.5048,19.3236,296.8,53.0,1520.24, NAN, NAN, NAN, NAN,,2024/04/09 02:44:48.253,2024-04-09 02:44:48.253000+00:00
2024/04/09, 02:45:48.253,36.633,-74.307,11.4,28.09,26.97,11.92,17.3,17.3,1019.8,1019.7,0.0,0.0,0.0,0.0,220,224,5.5,4.6,58.9,58.8,10.9,9.9,226.2,226.0,1021.9,1021.8,-6.9,334.03,-0.02,35.5013,19.3166,295.2,52.5,1520.216, NAN, NAN, NAN, NAN,,2024/04/09 02:45:48.253,2024-04-09 02:45:48.253000+00:00
2024/04/09, 02:46:48.253,36.636,-74.306,11.23,27.55,27.08,11.74,17.3,17.3,1019.5,1019.4,0.0,0.0,0.0,0.0,225,237,3.7,2.5,56.5,57.3,9.0,7.7,224.3,223.3,1021.6,1021.5,-6.96,334.07,-0.02,35.4996,19.3116,296.1,52.1,1520.2, NAN, NAN, NAN, NAN,,2024/04/09 02:46:48.253,2024-04-09 02:46:48.253000+00:00
2024/04/09, 02:47:48.253,36.639,-74.304,11.17,27.03,25.35,11.57,17.3,17.3,1019.7,1019.7,0.0,0.0,0.0,0.0,226,227,5.0,4.5,58.1,58.3,10.0,9.5,227.1,226.3,1021.8,1021.8,-6.87,334.14,-0.02,35.5015,19.3074,298.8,52.5,1520.19, NAN, NAN, NAN, NAN,,2024/04/09 02:47:48.253,2024-04-09 02:47:48.253000+00:00
2024/04/09, 02:48:48.253,36.642,-74.302,11.27,27.81,25.7,11.69,17.3,17.3,1019.7,1019.7,0.0,0.0,0.0,0.0,222,227,5.7,4.5,58.1,58.7,10.9,9.7,228.3,227.8,1021.8,1021.8,-6.92,333.41,-0.02,35.5016,19.3044,299.5,52.4,1520.182, NAN, NAN, NAN, NAN,,2024/04/09 02:48:48.253,2024-04-09 02:48:48.253000+00:00
2024/04/09, 02:49:48.253,36.644,-74.3,11.35,26.77,26.56,11.69,17.3,17.4,1019.7,1019.8,0.0,0.0,0.0,0.0,222,220,5.1,4.4,60.6,60.8,10.4,9.8,226.0,223.6,1021.8,1021.9,-6.92,333.63,-0.02,35.504,19.3058,304.6,53.9,1520.189, NAN, NAN, NAN, NAN,,2024/04/09 02:49:48.253,2024-04-09 02:49:48.253000+00:00
2024/04/09, 02:50:48.253,36.647,-74.298,11.28,27.97,26.0,11.79,17.4,17.4,1019.5,1019.5,0.0,0.0,0.0,0.0,210,217,5.6,4.6,60.2,60.7,11.2,10.1,221.8,223.2,1021.6,1021.6,-6.88,333.06,-0.02,35.505,19.2961,308.0,53.6,1520.162, NAN, NAN, NAN, NAN,,2024/04/09 02:50:48.253,2024-04-09 02:50:48.253000+00:00
2024/04/09, 02:51:48.253,36.65,-74.296,11.28,26.47,29.2,11.41,17.3,17.3,1019.7,1019.5,0.0,0.0,0.0,0.0,224,232,5.8,4.3,57.7,57.9,10.9,9.2,229.5,229.5,1021.8,1021.6,-6.92,333.35,-0.02,35.5068,19.2961,312.3,53.6,1520.164, NAN, NAN, NAN, NAN,,2024/04/09 02:51:48.253,2024-04-09 02:51:48.253000+00:00
2024/04/09, 02:52:48.253,36.653,-74.294,11.37,27.04,27.6,11.85,17.3,17.3,1019.5,1019.5,0.0,0.0,0.0,0.0,207,208,6.8,6.1,57.4,57.9,12.6,11.9,221.7,221.5,1021.6,1021.6,-6.73,332.82,-0.02,35.5057,19.3036,312.6,54.0,1520.184, NAN, NAN, NAN, NAN,,2024/04/09 02:52:48.253,2024-04-09 02:52:48.253000+00:00
2024/04/09, 02:53:48.253,36.656,-74.292,11.43,28.61,29.56,11.99,17.3,17.3,1019.7,1019.7,0.0,0.0,0.0,0.0,198,221,4.8,3.2,53.9,54.0,10.8,8.8,216.7,222.6,1021.8,1021.8,-6.82,333.5,-0.02,35.5061,19.3178,307.8,54.1,1520.225, NAN, NAN, NAN, NAN,,2024/04/09 02:53:48.253,2024-04-09 02:53:48.253000+00:00
2024/04/09, 02:54:48.253,36.659,-74.29,11.33,27.76,28.77,12.01,17.4,17.4,1019.5,1019.5,0.0,0.0,0.0,0.0,203,201,5.5,5.5,59.0,59.1,11.5,11.5,219.0,218.0,1021.6,1021.6,-6.83,333.42,-0.02,35.5097,19.336,304.4,54.1,1520.28, NAN, NAN, NAN, NAN,,2024/04/09 02:54:48.253,2024-04-09 02:54:48.253000+00:00
2024/04/09, 02:55:48.253,36.662,-74.289,11.31,27.54,25.12,11.76,17.4,17.4,1019.7,1019.7,0.0,0.0,0.0,0.0,229,225,4.6,3.1,60.6,60.7,9.6,8.5,227.4,221.1,1021.8,1021.8,-6.95,334.09,-0.02,35.5196,19.3598,297.1,53.9,1520.358, NAN, NAN, NAN, NAN,,2024/04/09 02:55:48.253,2024-04-09 02:55:48.253000+00:00
2024/04/09, 02:56:48.253,36.665,-74.287,11.27,27.59,29.24,11.91,17.5,17.5,1019.5,1019.6,0.0,0.0,0.0,0.0,231,234,5.3,4.2,63.9,64.6,10.4,9.3,232.0,230.2,1021.6,1021.7,-6.92,333.31,-0.02,35.5313,19.4009,295.8,53.9,1520.487, NAN, NAN, NAN, NAN,,2024/04/09 02:56:48.253,2024-04-09 02:56:48.253000+00:00
2024/04/09, 02:57:48.253,36.668,-74.285,11.34,30.0,31.25,11.7,17.5,17.5,1019.5,1019.7,0.0,0.0,0.0,0.0,228,243,5.4,3.8,58.8,59.1,10.5,8.5,233.3,234.5,1021.6,1021.8,-6.9,333.7,-0.02,35.5435,19.5046,291.8,54.0,1520.791, NAN, NAN, NAN, NAN,,2024/04/09 02:57:48.253,2024-04-09 02:57:48.253000+00:00
2024/04/09, 02:58:48.254,36.67,-74.283,11.28,27.75,27.44,11.68,17.4,17.5,1019.8,1019.7,0.0,0.0,0.0,0.0,216,220,6.1,4.9,55.6,55.9,11.5,10.2,225.7,225.4,1021.9,1021.8,-6.8,332.86,-0.01,35.5628,19.81,284.3,54.0,1521.665, NAN, NAN, NAN, NAN,,2024/04/09 02:58:48.254,2024-04-09 02:58:48.254000+00:00
2024/04/09, 02:59:48.254,36.673,-74.281,11.24,28.57,31.5,11.58,17.5,17.4,1019.7,1019.5,0.0,0.0,0.0,0.0,207,208,4.1,4.0,55.4,56.4,9.8,9.7,220.7,220.9,1021.8,1021.6,-6.86,333.32,-0.01,35.5938,20.0172,278.7,53.9,1522.273, NAN, NAN, NAN, NAN,,2024/04/09 02:59:48.254,2024-04-09 02:59:48.254000+00:00
2024/04/09, 03:00:48.254,36.676,-74.279,11.2,29.07,27.8,11.63,17.4,17.4,1019.8,1019.5,0.0,0.0,0.0,0.0,207,211,5.0,4.4,59.7,59.9,10.7,10.0,220.7,221.5,1021.9,1021.6,-6.9,333.27,-0.02,35.6777,20.1326,263.5,54.0,1522.685, NAN, NAN, NAN, NAN,,2024/04/09 03:00:48.254,2024-04-09 03:00:48.254000+00:00
2024/04/09, 03:01:48.254,36.679,-74.277,11.29,29.6,25.58,11.94,17.5,17.5,1019.3,1019.2,0.0,0.0,0.0,0.0,212,212,4.7,4.1,58.5,58.6,10.4,9.8,222.2,221.1,1021.4,1021.3,-6.92,333.28,-0.02,35.758,20.1497,253.4,54.0,1522.822, NAN, NAN, NAN, NAN,,2024/04/09 03:01:48.254,2024-04-09 03:01:48.254000+00:00
2024/04/09, 03:02:48.254,36.682,-74.275,11.2,29.27,28.97,11.48,17.5,17.5,1019.8,1019.4,0.0,0.0,0.0,0.0,216,219,6.6,5.1,58.9,57.0,11.9,10.4,228.6,227.6,1021.9,1021.5,-6.9,332.74,-0.02,35.7873,20.1381,250.0,54.0,1522.823, NAN, NAN, NAN, NAN,,2024/04/09 03:02:48.254,2024-04-09 03:02:48.254000+00:00
2024/04/09, 03:03:48.254,36.685,-74.273,11.22,28.4,28.48,11.58,17.5,17.5,1019.9,1019.8,0.0,0.0,0.0,0.0,209,211,7.1,6.2,56.6,56.1,12.7,11.7,224.6,224.7,1022.0,1021.9,-6.79,333.11,-0.02,35.7847,20.1287,256.1,54.1,1522.794, NAN, NAN, NAN, NAN,,2024/04/09 03:03:48.254,2024-04-09 03:03:48.254000+00:00
2024/04/09, 03:04:48.254,36.687,-74.271,11.36,28.19,28.82,11.81,17.5,17.5,1019.8,1019.6,0.0,0.0,0.0,0.0,203,204,6.0,6.3,55.0,55.4,11.8,12.1,219.6,220.4,1021.9,1021.7,-6.89,332.74,-0.02,35.7715,20.1249,254.4,54.1,1522.769, NAN, NAN, NAN, NAN,,2024/04/09 03:04:48.254,2024-04-09 03:04:48.254000+00:00
2024/04/09, 03:05:48.254,36.69,-74.269,11.14,29.5,30.26,11.46,17.5,17.5,1019.5,1019.5,0.0,0.0,0.0,0.0,203,204,5.2,5.4,58.6,55.1,10.9,11.1,220.8,221.5,1021.6,1021.6,-6.76,333.19,-0.01,35.7578,20.1173,252.0,54.1,1522.733, NAN, NAN, NAN, NAN,,2024/04/09 03:05:48.254,2024-04-09 03:05:48.254000+00:00
2024/04/09, 03:06:48.254,36.693,-74.267,11.26,30.0,31.28,11.83,17.5,17.5,1019.7,1019.7,0.0,0.0,0.0,0.0,205,207,5.5,5.6,58.9,60.0,11.3,11.4,222.2,223.2,1021.8,1021.8,-6.87,333.16,-0.01,35.7513,20.1894,247.6,54.3,1522.924, NAN, NAN, NAN, NAN,,2024/04/09 03:06:48.254,2024-04-09 03:06:48.254000+00:00
2024/04/09, 03:07:48.254,36.696,-74.265,11.19,28.13,28.56,11.49,17.5,17.6,1019.7,1019.6,0.0,0.0,0.0,0.0,227,238,5.3,3.8,59.6,59.8,10.3,8.6,230.6,230.6,1021.8,1021.7,-7.02,333.12,-0.01,35.7416,20.3184,248.0,54.2,1523.267, NAN, NAN, NAN, NAN,,2024/04/09 03:07:48.254,2024-04-09 03:07:48.254000+00:00
2024/04/09, 03:08:48.254,36.698,-74.263,11.1,29.74,31.7,11.74,17.6,17.6,1019.5,1019.5,0.0,0.0,0.0,0.0,221,223,6.9,5.2,56.0,56.8,12.2,10.5,232.7,230.8,1021.6,1021.6,-6.89,332.49,-0.02,35.7496,20.4285,250.4,54.3,1523.577, NAN, NAN, NAN, NAN,,2024/04/09 03:08:48.254,2024-04-09 03:08:48.254000+00:00
2024/04/09, 03:09:48.254,36.701,-74.261,11.34,29.27,33.72,11.68,17.6,17.6,1019.7,1019.7,0.0,0.0,0.0,0.0,217,220,6.5,4.7,55.5,55.6,11.9,10.2,229.8,228.3,1021.8,1021.8,-6.75,332.89,-0.01,35.8147,20.5228,257.4,54.5,1523.906, NAN, NAN, NAN, NAN,,2024/04/09 03:09:48.254,2024-04-09 03:09:48.254000+00:00
2024/04/09, 03:10:48.254,36.704,-74.259,11.24,28.61,32.19,11.74,17.6,17.6,1020.2,1020.2,0.0,0.0,0.0,0.0,220,243,4.8,2.9,60.3,60.7,10.3,7.9,228.0,230.2,1022.3,1022.3,-6.77,332.88,-0.02,35.8537,20.5853,258.4,54.3,1524.12, NAN, NAN, NAN, NAN,,2024/04/09 03:10:48.254,2024-04-09 03:10:48.254000+00:00
2024/04/09, 03:11:48.254,36.707,-74.257,11.44,28.45,27.89,11.69,17.6,17.6,1019.8,1019.5,0.0,0.0,0.0,0.0,223,230,6.7,4.8,57.2,57.6,11.9,9.8,231.5,230.9,1021.9,1021.6,-6.72,332.62,-0.02,35.8923,20.6603,253.7,54.4,1524.367, NAN, NAN, NAN, NAN,,2024/04/09 03:11:48.254,2024-04-09 03:11:48.254000+00:00
2024/04/09, 03:12:48.254,36.71,-74.255,11.31,28.67,27.33,11.4,17.6,17.6,1019.4,1019.5,0.0,0.0,0.0,0.0,216,218,6.3,5.5,54.7,54.9,11.6,10.8,227.5,227.2,1021.5,1021.6,-6.63,332.2,-0.02,35.9201,20.7071,255.8,54.5,1524.524, NAN, NAN, NAN, NAN,,2024/04/09 03:12:48.254,2024-04-09 03:12:48.254000+00:00
2024/04/09, 03:13:48.254,36.713,-74.253,11.16,29.59,31.76,11.69,17.6,17.6,1019.8,1019.8,0.0,0.0,0.0,0.0,216,218,5.7,4.9,59.9,60.0,11.2,10.3,227.6,227.1,1021.9,1021.9,-6.7,332.62,-0.02,35.9444,20.6995,259.2,54.1,1524.531, NAN, NAN, NAN, NAN,,2024/04/09 03:13:48.254,2024-04-09 03:13:48.254000+00:00
2024/04/09, 03:14:48.255,36.715,-74.251,11.22,29.62,26.92,11.36,17.7,17.7,1019.7,1019.5,0.0,0.0,0.0,0.0,221,223,5.9,4.5,59.1,59.2,11.0,9.6,229.8,227.7,1021.8,1021.6,-6.72,332.5,-0.02,35.973,20.665,265.1,54.4,1524.469, NAN, NAN, NAN, NAN,,2024/04/09 03:14:48.255,2024-04-09 03:14:48.255000+00:00
2024/04/09, 03:15:48.255,36.718,-74.249,11.34,28.1,30.64,11.47,17.6,17.7,1019.8,1019.8,0.0,0.0,0.0,0.0,219,238,6.0,3.5,58.3,57.8,11.3,8.3,228.4,229.9,1021.9,1021.9,-6.86,333.3,-0.01,35.9742,20.6607,268.1,54.3,1524.459, NAN, NAN, NAN, NAN,,2024/04/09 03:15:48.255,2024-04-09 03:15:48.255000+00:00
2024/04/09, 03:16:48.255,36.721,-74.247,11.28,28.43,32.29,11.63,17.7,17.7,1019.8,1019.8,0.0,0.0,0.0,0.0,210,215,6.8,5.3,57.8,57.7,12.4,10.8,224.9,225.4,1021.9,1021.9,-6.72,332.62,-0.02,35.9555,20.6535,272.3,54.4,1524.418, NAN, NAN, NAN, NAN,,2024/04/09 03:16:48.255,2024-04-09 03:16:48.255000+00:00
2024/04/09, 03:17:48.255,36.724,-74.245,11.43,28.64,25.08,11.38,17.7,17.7,1019.9,1019.9,0.0,0.0,0.0,0.0,213,215,6.0,5.1,56.7,56.8,11.3,10.4,224.9,224.4,1022.0,1022.0,-6.77,332.45,-0.02,35.9509,20.6527,270.2,54.4,1524.411, NAN, NAN, NAN, NAN,,2024/04/09 03:17:48.255,2024-04-09 03:17:48.255000+00:00
2024/04/09, 03:18:48.255,36.727,-74.243,11.45,29.29,29.88,11.78,17.7,17.7,1019.5,1019.7,0.0,0.0,0.0,0.0,205,206,5.9,5.7,57.0,57.4,11.7,11.5,221.9,222.2,1021.6,1021.8,-6.7,332.22,-0.02,35.9489,20.7245,265.6,54.5,1524.603, NAN, NAN, NAN, NAN,,2024/04/09 03:18:48.255,2024-04-09 03:18:48.255000+00:00
2024/04/09, 03:19:48.255,36.729,-74.241,11.5,28.25,27.88,11.85,17.7,17.7,1019.7,1019.5,0.0,0.0,0.0,0.0,208,208,6.1,5.5,53.9,54.0,11.8,11.2,222.1,221.3,1021.8,1021.6,-6.75,333.1,-0.02,35.9447,20.8835,266.8,54.6,1525.028, NAN, NAN, NAN, NAN,,2024/04/09 03:19:48.255,2024-04-09 03:19:48.255000+00:00
2024/04/09, 03:20:48.255,36.732,-74.239,11.38,28.42,31.06,11.8,17.7,17.7,1019.7,1019.8,0.0,0.0,0.0,0.0,225,225,4.7,3.9,62.6,63.1,10.0,9.3,228.6,226.5,1021.8,1021.9,-6.91,333.32,-0.01,35.9756,21.0423,262.2,54.7,1525.49, NAN, NAN, NAN, NAN,,2024/04/09 03:20:48.255,2024-04-09 03:20:48.255000+00:00
2024/04/09, 03:21:48.255,36.735,-74.237,11.43,28.15,28.6,11.66,17.7,17.7,1019.4,1019.6,0.0,0.0,0.0,0.0,227,242,4.0,2.8,59.7,60.0,9.2,7.7,227.3,227.5,1021.5,1021.7,-6.89,334.2,-0.01,36.0425,21.0683,261.7,54.7,1525.634, NAN, NAN, NAN, NAN,,2024/04/09 03:21:48.255,2024-04-09 03:21:48.255000+00:00
2024/04/09, 03:22:48.255,36.738,-74.236,11.37,29.09,27.25,11.45,17.8,17.7,1019.7,1019.6,0.0,0.0,0.0,0.0,229,217,6.2,4.7,58.8,60.0,10.9,10.0,233.5,224.6,1021.8,1021.7,-6.8,332.79,-0.01,36.1204,21.0353,262.8,54.6,1525.632, NAN, NAN, NAN, NAN,,2024/04/09 03:22:48.255,2024-04-09 03:22:48.255000+00:00
2024/04/09, 03:23:48.255,36.741,-74.234,11.22,29.55,30.43,11.64,17.8,17.8,1019.7,1019.7,0.0,0.0,0.0,0.0,220,219,6.0,4.6,57.2,57.6,11.2,9.9,228.8,225.5,1021.8,1021.8,-6.79,333.72,-0.01,36.1358,21.0517,262.5,54.3,1525.693, NAN, NAN, NAN, NAN,,2024/04/09 03:23:48.255,2024-04-09 03:23:48.255000+00:00
2024/04/09, 03:24:48.255,36.744,-74.232,11.23,29.06,28.6,11.7,17.8,17.8,1019.8,1019.9,0.0,0.0,0.0,0.0,221,226,6.5,4.6,57.1,57.4,11.7,9.8,230.4,228.8,1021.9,1022.0,-6.71,333.49,-0.02,36.1359,21.1784,268.1,54.4,1526.032, NAN, NAN, NAN, NAN,,2024/04/09 03:24:48.255,2024-04-09 03:24:48.255000+00:00
2024/04/09, 03:25:48.255,36.746,-74.23,11.14,29.03,27.89,11.65,17.8,17.9,1019.5,1019.5,0.0,0.0,0.0,0.0,220,225,6.9,5.1,57.3,56.6,12.0,10.2,229.4,228.4,1021.6,1021.6,-6.64,333.78,-0.01,36.1353,21.3784,267.5,54.4,1526.564, NAN, NAN, NAN, NAN,,2024/04/09 03:25:48.255,2024-04-09 03:25:48.255000+00:00
2024/04/09, 03:26:48.255,36.749,-74.228,11.32,28.21,28.43,11.37,17.9,17.9,1019.8,1019.7,0.0,0.0,0.0,0.0,221,224,5.8,4.9,55.5,56.0,10.9,10.0,228.5,228.0,1021.9,1021.8,-6.61,334.47,-0.01,36.1836,21.4993,261.9,54.5,1526.938, NAN, NAN, NAN, NAN,,2024/04/09 03:26:48.255,2024-04-09 03:26:48.255000+00:00
2024/04/09, 03:27:48.255,36.752,-74.226,11.33,29.22,30.45,11.54,17.8,17.9,1020.0,1019.8,0.0,0.0,0.0,0.0,201,201,6.6,6.6,54.7,54.3,12.3,12.3,220.8,220.8,1022.1,1021.9,-6.6,335.6,-0.01,36.2535,21.5872,262.5,54.6,1527.248, NAN, NAN, NAN, NAN,,2024/04/09 03:27:48.255,2024-04-09 03:27:48.255000+00:00
2024/04/09, 03:28:48.255,36.755,-74.224,11.45,27.16,27.13,11.47,17.9,17.9,1019.7,1019.8,0.0,0.0,0.0,0.0,215,219,6.5,4.7,58.6,58.6,11.8,10.0,225.9,224.8,1021.8,1021.9,-6.7,336.28,-0.01,36.3145,21.653,256.4,54.7,1527.489, NAN, NAN, NAN, NAN,,2024/04/09 03:28:48.255,2024-04-09 03:28:48.255000+00:00
2024/04/09, 03:29:48.256,36.758,-74.222,11.38,28.32,25.92,11.56,17.9,17.9,1019.5,1019.7,0.0,0.0,0.0,0.0,218,220,6.5,5.0,54.5,55.2,11.8,10.3,228.1,226.5,1021.6,1021.8,-6.62,338.18,-0.01,36.3436,21.6867,253.1,54.5,1527.61, NAN, NAN, NAN, NAN,,2024/04/09 03:29:48.256,2024-04-09 03:29:48.256000+00:00
2024/04/09, 03:30:48.256,36.76,-74.22,11.41,28.95,26.93,11.51,17.9,17.9,1019.7,1019.7,0.0,0.0,0.0,0.0,219,217,5.6,4.4,53.6,53.7,10.8,9.8,227.7,224.4,1021.8,1021.8,-6.65,340.54,-0.01,36.3755,21.7124,252.4,54.5,1527.713, NAN, NAN, NAN, NAN,,2024/04/09 03:30:48.256,2024-04-09 03:30:48.256000+00:00
2024/04/09, 03:31:48.256,36.763,-74.218,11.18,27.55,31.32,11.33,17.9,17.9,1019.8,1019.8,0.0,0.0,0.0,0.0,214,216,6.6,5.5,53.6,54.1,12.0,10.9,227.1,226.6,1021.9,1021.9,-6.59,343.14,-0.01,36.3899,21.7271,247.6,54.3,1527.767, NAN, NAN, NAN, NAN,,2024/04/09 03:31:48.256,2024-04-09 03:31:48.256000+00:00
2024/04/09, 03:32:48.256,36.766,-74.216,11.24,28.72,30.55,11.68,18.0,18.0,1019.4,1019.4,0.0,0.0,0.0,0.0,211,209,4.9,5.1,58.1,58.2,10.5,10.8,223.2,222.5,1021.5,1021.5,-6.54,346.96,-0.01,36.3949,21.7339,248.8,54.3,1527.791, NAN, NAN, NAN, NAN,,2024/04/09 03:32:48.256,2024-04-09 03:32:48.256000+00:00
2024/04/09, 03:33:48.256,36.769,-74.214,11.29,28.41,27.9,11.51,18.1,18.0,1019.9,1020.0,0.0,0.0,0.0,0.0,210,211,7.1,6.0,58.3,58.6,12.6,11.5,225.1,224.4,1022.0,1022.1,-6.47,349.1,-0.01,36.3821,21.7394,251.6,54.2,1527.791, NAN, NAN, NAN, NAN,,2024/04/09 03:33:48.256,2024-04-09 03:33:48.256000+00:00
2024/04/09, 03:34:48.256,36.772,-74.212,11.32,29.18,29.68,11.57,18.0,18.1,1019.9,1019.9,0.0,0.0,0.0,0.0,222,222,5.6,4.9,55.7,56.4,10.9,10.2,230.8,229.5,1022.0,1022.0,-6.45,351.57,-0.01,36.4084,21.745,253.7,54.6,1527.835, NAN, NAN, NAN, NAN,,2024/04/09 03:34:48.256,2024-04-09 03:34:48.256000+00:00
2024/04/09, 03:35:48.256,36.774,-74.21,11.43,27.92,31.49,11.97,18.0,18.1,1020.1,1020.0,0.0,0.0,0.0,0.0,219,218,8.3,6.9,59.3,59.8,13.7,12.4,231.2,228.9,1022.2,1022.1,-6.44,352.26,-0.01,36.4106,21.7565,253.4,54.8,1527.868, NAN, NAN, NAN, NAN,,2024/04/09 03:35:48.256,2024-04-09 03:35:48.256000+00:00
2024/04/09, 03:36:48.256,36.777,-74.209,11.27,29.86,27.69,11.58,18.0,18.1,1019.5,1019.5,0.0,0.0,0.0,0.0,212,213,8.2,6.7,54.7,54.7,13.6,12.1,228.0,226.8,1021.6,1021.6,-6.39,351.83,-0.02,36.4002,21.7596,258.5,54.1,1527.864, NAN, NAN, NAN, NAN,,2024/04/09 03:36:48.256,2024-04-09 03:36:48.256000+00:00
2024/04/09, 03:37:48.256,36.78,-74.206,11.37,27.57,29.93,11.46,18.0,18.0,1019.7,1019.7,0.0,0.0,0.0,0.0,216,217,6.2,4.9,52.2,52.3,11.6,10.3,226.9,225.3,1021.8,1021.8,-6.34,351.76,-0.02,36.4133,21.7629,258.4,54.1,1527.887, NAN, NAN, NAN, NAN,,2024/04/09 03:37:48.256,2024-04-09 03:37:48.256000+00:00
2024/04/09, 03:38:48.256,36.783,-74.205,11.32,27.58,29.03,11.58,18.0,18.1,1019.7,1019.7,0.0,0.0,0.0,0.0,219,224,7.1,6.0,52.9,58.5,12.3,11.1,229.1,230.0,1021.8,1021.8,-6.38,349.85,-0.02,36.4134,21.7555,255.8,54.3,1527.868, NAN, NAN, NAN, NAN,,2024/04/09 03:38:48.256,2024-04-09 03:38:48.256000+00:00
2024/04/09, 03:39:48.256,36.786,-74.203,11.45,29.27,30.05,11.53,18.1,18.1,1019.7,1019.7,0.0,0.0,0.0,0.0,215,217,6.5,5.0,56.7,58.8,11.9,10.4,227.8,226.4,1021.8,1021.8,-6.38,348.31,-0.01,36.4139,21.7424,260.8,54.1,1527.834, NAN, NAN, NAN, NAN,,2024/04/09 03:39:48.256,2024-04-09 03:39:48.256000+00:00
2024/04/09, 03:40:48.256,36.788,-74.201,11.33,28.38,32.0,11.65,18.1,18.1,1019.8,1019.7,0.0,0.0,0.0,0.0,215,220,6.7,5.0,59.2,59.5,12.2,10.4,228.2,228.1,1021.9,1021.8,-6.39,345.04,-0.01,36.4098,21.7173,260.8,54.0,1527.764, NAN, NAN, NAN, NAN,,2024/04/09 03:40:48.256,2024-04-09 03:40:48.256000+00:00
2024/04/09, 03:41:48.256,36.791,-74.199,11.24,29.41,30.47,11.6,18.1,18.1,1019.3,1019.4,0.0,0.0,0.0,0.0,212,213,6.1,5.7,55.2,54.9,11.6,11.2,226.2,226.1,1021.4,1021.5,-6.49,343.52,-0.01,36.3998,21.6813,258.8,54.0,1527.658, NAN, NAN, NAN, NAN,,2024/04/09 03:41:48.256,2024-04-09 03:41:48.256000+00:00
2024/04/09, 03:42:48.256,36.794,-74.196,11.46,28.93,33.48,11.71,18.0,18.1,1019.8,1019.7,0.0,0.0,0.0,0.0,214,217,6.4,4.9,54.4,54.3,12.0,10.4,227.7,226.8,1021.9,1021.8,-6.62,341.59,-0.02,36.3896,21.6377,257.7,54.1,1527.532, NAN, NAN, NAN, NAN,,2024/04/09 03:42:48.256,2024-04-09 03:42:48.256000+00:00
2024/04/09, 03:43:48.256,36.797,-74.194,11.23,27.63,27.89,11.25,18.0,18.1,1019.6,1019.4,0.0,0.0,0.0,0.0,208,213,4.7,4.0,56.9,54.7,10.2,9.4,220.7,221.6,1021.7,1021.5,-6.69,341.51,-0.02,36.3701,21.6022,255.8,54.0,1527.417, NAN, NAN, NAN, NAN,,2024/04/09 03:43:48.256,2024-04-09 03:43:48.256000+00:00
2024/04/09, 03:44:48.256,36.8,-74.192,11.31,28.55,29.56,11.83,18.1,18.1,1019.5,1019.5,0.0,0.0,0.0,0.0,215,224,6.7,4.9,59.6,59.6,12.2,10.2,227.6,228.9,1021.6,1021.6,-6.69,340.34,-0.01,36.3501,21.548,255.2,54.1,1527.251, NAN, NAN, NAN, NAN,,2024/04/09 03:44:48.256,2024-04-09 03:44:48.256000+00:00
2024/04/09, 03:45:48.257,36.802,-74.19,11.19,28.84,22.74,11.4,18.1,18.1,1019.8,1019.8,0.0,0.0,0.0,0.0,224,226,7.8,6.8,54.8,55.0,12.6,11.5,232.9,232.3,1021.9,1021.9,-6.62,339.97,-0.01,36.3261,21.5079,255.0,53.9,1527.119, NAN, NAN, NAN, NAN,,2024/04/09 03:45:48.257,2024-04-09 03:45:48.257000+00:00
2024/04/09, 03:46:48.257,36.805,-74.188,11.22,28.98,28.88,11.36,18.2,18.2,1019.4,1019.4,0.0,0.0,0.0,0.0,215,219,6.3,4.7,51.2,51.3,11.6,10.0,227.4,226.6,1021.5,1021.5,-6.52,340.71,-0.01,36.3077,21.4579,254.7,54.0,1526.966, NAN, NAN, NAN, NAN,,2024/04/09 03:46:48.257,2024-04-09 03:46:48.257000+00:00
2024/04/09, 03:47:48.257,36.808,-74.186,11.21,29.0,29.03,11.87,18.2,18.2,1019.7,1019.5,0.0,0.0,0.0,0.0,212,211,5.9,4.5,56.2,55.9,11.6,10.2,225.1,222.6,1021.8,1021.6,-6.57,342.15,-0.01,36.2866,21.3913,255.5,53.9,1526.766, NAN, NAN, NAN, NAN,,2024/04/09 03:47:48.257,2024-04-09 03:47:48.257000+00:00
2024/04/09, 03:48:48.257,36.811,-74.184,11.33,28.65,26.96,11.72,18.2,18.2,1019.8,1019.9,0.0,0.0,0.0,0.0,211,212,7.6,6.5,53.8,53.9,13.1,12.1,226.1,225.4,1021.9,1022.0,-6.47,343.98,-0.01,36.2664,21.3473,258.4,54.3,1526.627, NAN, NAN, NAN, NAN,,2024/04/09 03:48:48.257,2024-04-09 03:48:48.257000+00:00
2024/04/09, 03:49:48.257,36.814,-74.182,11.28,28.35,28.68,11.72,18.1,18.2,1019.7,1019.7,0.0,0.0,0.0,0.0,217,218,6.0,5.0,50.2,50.8,11.4,10.5,227.4,226.2,1021.8,1021.8,-6.56,348.21,-0.01,36.236,21.3056,259.8,54.3,1526.482, NAN, NAN, NAN, NAN,,2024/04/09 03:49:48.257,2024-04-09 03:49:48.257000+00:00
2024/04/09, 03:50:48.257,36.816,-74.18,11.38,29.28,35.05,11.48,18.1,18.1,1019.7,1019.5,0.0,0.0,0.0,0.0,217,218,7.9,6.3,56.0,56.2,13.3,11.7,232.5,231.2,1021.8,1021.6,-6.52,352.62,-0.02,36.2106,21.2901,259.5,54.2,1526.413, NAN, NAN, NAN, NAN,,2024/04/09 03:50:48.257,2024-04-09 03:50:48.257000+00:00
2024/04/09, 03:51:48.257,36.819,-74.178,11.3,29.41,33.6,11.78,18.1,18.1,1019.8,1019.8,0.0,0.0,0.0,0.0,220,222,7.1,5.6,52.6,53.2,12.4,11.0,232.1,230.7,1021.9,1021.9,-6.5,357.83,-0.01,36.1908,21.2957,259.8,54.1,1526.406, NAN, NAN, NAN, NAN,,2024/04/09 03:51:48.257,2024-04-09 03:51:48.257000+00:00
2024/04/09, 03:52:48.257,36.822,-74.176,11.29,28.43,28.22,11.38,18.1,18.1,1019.7,1019.5,0.0,0.0,0.0,0.0,226,228,7.8,6.8,54.0,53.8,12.7,11.7,236.3,235.8,1021.8,1021.6,-6.41,363.01,-0.01,36.1822,21.3594,261.1,54.2,1526.565, NAN, NAN, NAN, NAN,,2024/04/09 03:52:48.257,2024-04-09 03:52:48.257000+00:00
2024/04/09, 03:53:48.257,36.825,-74.174,11.29,29.53,28.84,11.73,18.1,18.1,1019.5,1019.6,0.0,0.0,0.0,0.0,210,210,7.6,6.9,54.6,54.0,13.2,12.6,227.4,226.8,1021.6,1021.7,-6.38,367.43,-0.02,36.186,21.4245,262.5,54.2,1526.743, NAN, NAN, NAN, NAN,,2024/04/09 03:53:48.257,2024-04-09 03:53:48.257000+00:00
2024/04/09, 03:54:48.257,36.828,-74.172,11.2,29.06,32.01,11.66,18.1,18.2,1019.8,1019.5,0.0,0.0,0.0,0.0,207,210,7.1,6.2,54.1,54.6,12.8,11.8,224.8,225.5,1021.9,1021.6,-6.24,370.95,-0.02,36.207,21.4997,260.1,54.3,1526.965, NAN, NAN, NAN, NAN,,2024/04/09 03:54:48.257,2024-04-09 03:54:48.257000+00:00
2024/04/09, 03:55:48.257,36.83,-74.17,11.24,29.4,31.09,11.77,18.1,18.2,1019.7,1019.5,0.0,0.0,0.0,0.0,212,216,6.1,4.9,52.9,52.9,11.7,10.5,226.3,226.4,1021.8,1021.6,-6.26,374.07,-0.02,36.235,21.5983,257.7,54.3,1527.257, NAN, NAN, NAN, NAN,,2024/04/09 03:55:48.257,2024-04-09 03:55:48.257000+00:00
2024/04/09, 03:56:48.257,36.833,-74.167,11.17,29.87,31.25,11.86,18.2,18.2,1019.5,1019.5,0.0,0.0,0.0,0.0,207,207,6.6,6.6,59.4,58.2,12.4,12.4,224.5,224.5,1021.6,1021.6,-6.28,376.16,-0.02,36.2595,21.6446,253.1,54.1,1527.406, NAN, NAN, NAN, NAN,,2024/04/09 03:56:48.257,2024-04-09 03:56:48.257000+00:00
2024/04/09, 03:57:48.257,36.836,-74.165,11.24,27.85,29.13,11.59,18.2,18.2,1019.7,1019.5,0.0,0.0,0.0,0.0,205,207,7.2,7.2,53.2,53.4,12.9,12.9,222.8,223.9,1021.8,1021.6,-6.09,376.84,-0.02,36.3035,21.6893,251.6,54.2,1527.572, NAN, NAN, NAN, NAN,,2024/04/09 03:57:48.257,2024-04-09 03:57:48.257000+00:00
2024/04/09, 03:58:48.257,36.839,-74.163,11.35,29.3,30.49,11.82,18.2,18.2,1019.3,1019.5,0.0,0.0,0.0,0.0,203,203,5.6,4.8,58.8,57.8,11.5,10.7,221.8,221.0,1021.4,1021.6,-6.14,378.52,-0.02,36.3269,21.7478,248.0,54.3,1527.752, NAN, NAN, NAN, NAN,,2024/04/09 03:58:48.257,2024-04-09 03:58:48.257000+00:00
2024/04/09, 03:59:48.257,36.842,-74.161,11.18,28.45,33.83,12.02,18.2,18.2,1019.3,1019.0,0.0,0.0,0.0,0.0,211,211,6.6,6.0,59.0,59.9,12.4,11.9,226.6,225.9,1021.4,1021.1,-6.15,379.54,-0.02,36.3449,21.7788,249.7,54.2,1527.854, NAN, NAN, NAN, NAN,,2024/04/09 03:59:48.257,2024-04-09 03:59:48.257000+00:00
2024/04/09, 04:00:48.257,36.844,-74.159,11.13,27.81,32.66,11.65,18.2,18.3,1019.7,1019.4,0.0,0.0,0.0,0.0,212,213,6.6,5.9,56.3,57.0,12.2,11.5,226.4,226.0,1021.8,1021.5,-6.02,379.7,-0.02,36.3675,21.7773,257.1,53.7,1527.875, NAN, NAN, NAN, NAN,,2024/04/09 04:00:48.257,2024-04-09 04:00:48.257000+00:00
2024/04/09, 04:01:48.258,36.847,-74.157,11.16,29.53,30.22,11.85,18.3,18.3,1019.5,1019.5,0.0,0.0,0.0,0.0,223,223,8.1,8.5,59.4,59.8,13.3,13.7,235.4,235.9,1021.6,1021.6,-5.95,379.62,-0.02,36.3865,21.7348,251.6,54.1,1527.784, NAN, NAN, NAN, NAN,,2024/04/09 04:01:48.258,2024-04-09 04:01:48.258000+00:00
2024/04/09, 04:02:48.258,36.85,-74.154,11.32,28.39,34.46,11.89,18.2,18.3,1019.3,1019.3,0.0,0.0,0.0,0.0,217,221,7.3,5.7,53.8,54.0,12.9,11.2,231.0,230.9,1021.4,1021.4,-5.9,380.09,-0.02,36.3872,21.6911,256.1,54.1,1527.67, NAN, NAN, NAN, NAN,,2024/04/09 04:02:48.258,2024-04-09 04:02:48.258000+00:00
2024/04/09, 04:03:48.258,36.853,-74.152,11.61,28.38,32.14,12.08,18.2,18.3,1019.5,1019.5,0.0,0.0,0.0,0.0,218,221,7.8,7.1,56.1,56.3,13.4,12.6,231.5,232.3,1021.6,1021.6,-6.01,379.83,-0.02,36.3773,21.6305,258.4,54.4,1527.499, NAN, NAN, NAN, NAN,,2024/04/09 04:03:48.258,2024-04-09 04:03:48.258000+00:00
2024/04/09, 04:04:48.258,36.856,-74.15,11.24,28.75,30.6,11.91,18.2,18.2,1019.7,1019.4,0.0,0.0,0.0,0.0,219,219,8.5,8.5,57.7,58.2,13.9,13.9,232.2,232.2,1021.8,1021.5,-5.88,380.38,-0.01,36.3584,21.5678,267.2,54.1,1527.313, NAN, NAN, NAN, NAN,,2024/04/09 04:04:48.258,2024-04-09 04:04:48.258000+00:00
2024/04/09, 04:05:48.258,36.858,-74.148,11.16,29.8,36.12,11.93,18.2,18.2,1019.5,1019.7,0.0,0.0,0.0,0.0,211,211,7.8,7.3,56.6,56.7,13.6,13.1,229.4,229.0,1021.6,1021.8,-5.98,381.03,-0.02,36.3352,21.5273,270.2,54.1,1527.18, NAN, NAN, NAN, NAN,,2024/04/09 04:05:48.258,2024-04-09 04:05:48.258000+00:00
2024/04/09, 04:06:48.258,36.861,-74.146,11.29,29.67,35.23,11.76,18.2,18.2,1019.7,1019.5,0.0,0.0,0.0,0.0,204,201,8.0,7.3,52.7,53.5,13.9,13.2,225.4,223.3,1021.8,1021.6,-5.93,381.15,-0.02,36.3184,16.4842,271.6,53.7,1512.876, NAN, NAN, NAN, NAN,,2024/04/09 04:06:48.258,2024-04-09 04:06:48.258000+00:00
2024/04/09, 04:07:48.258,36.864,-74.143,11.35,27.57,29.98,11.7,18.1,18.2,1019.3,1019.3,0.0,0.0,0.0,0.0,212,213,9.0,8.4,51.1,51.5,14.6,14.0,228.3,228.5,1021.4,1021.4,-5.98,380.16,-0.02,36.3038,13.1158,268.6,53.4,1502.207, NAN, NAN, NAN, NAN,,2024/04/09 04:07:48.258,2024-04-09 04:07:48.258000+00:00
2024/04/09, 04:08:48.258,36.867,-74.141,11.36,29.19,30.44,11.91,18.1,18.1,1019.4,1019.4,0.0,0.0,0.0,0.0,217,216,6.9,6.2,51.5,51.8,12.4,11.8,229.9,228.5,1021.5,1021.5,-5.96,379.64,-0.02,35.0664,11.3341,348.0,52.7,1494.7, NAN, NAN, NAN, NAN,,2024/04/09 04:08:48.258,2024-04-09 04:08:48.258000+00:00
2024/04/09, 04:09:48.258,36.869,-74.139,11.3,29.76,34.81,11.68,17.9,18.1,1019.4,1019.7,0.0,0.0,0.0,0.0,222,224,5.7,4.7,57.6,51.4,11.1,10.1,233.3,232.4,1021.5,1021.8,-6.2,376.99,-0.02,33.559,10.5313,424.4,51.5,1490.062, NAN, NAN, NAN, NAN,,2024/04/09 04:09:48.258,2024-04-09 04:09:48.258000+00:00
2024/04/09, 04:10:48.258,36.872,-74.137,11.0,27.63,31.58,11.58,17.5,17.6,1019.4,1019.5,0.0,0.0,0.0,0.0,220,221,5.7,4.6,55.8,56.0,11.1,10.0,229.2,227.7,1021.5,1021.6,-6.52,377.61,-0.02,33.0051,10.2324,442.2,50.1,1488.323, NAN, NAN, NAN, NAN,,2024/04/09 04:10:48.258,2024-04-09 04:10:48.258000+00:00
2024/04/09, 04:11:48.258,36.875,-74.135,10.96,28.81,31.09,11.67,17.3,17.3,1019.3,1019.4,0.0,0.0,0.0,0.0,216,216,7.3,5.0,57.1,57.3,12.7,10.5,229.9,226.7,1021.4,1021.5,-6.72,378.12,-0.02,32.588,10.1206,462.7,49.3,1487.414, NAN, NAN, NAN, NAN,,2024/04/09 04:11:48.258,2024-04-09 04:11:48.258000+00:00
2024/04/09, 04:12:48.258,36.877,-74.132,11.07,30.36,34.65,11.9,17.1,17.1,1019.2,1019.4,0.0,0.0,0.0,0.0,218,218,7.2,5.9,56.2,56.5,12.8,11.5,233.3,231.6,1021.3,1021.5,-6.92,378.38,-0.02,32.4673,10.003,462.4,45.4,1486.843, NAN, NAN, NAN, NAN,,2024/04/09 04:12:48.258,2024-04-09 04:12:48.258000+00:00
2024/04/09, 04:13:48.258,36.88,-74.13,11.27,28.58,34.38,11.77,17.0,16.9,1019.8,1019.9,0.0,0.0,0.0,0.0,218,221,6.9,5.8,57.4,57.6,12.4,11.3,231.3,231.3,1021.9,1022.0,-6.75,377.57,-0.02,32.385,9.8772,467.5,46.2,1486.288, NAN, NAN, NAN, NAN,,2024/04/09 04:13:48.258,2024-04-09 04:13:48.258000+00:00
2024/04/09, 04:14:48.258,36.883,-74.128,11.14,26.14,32.38,11.86,16.9,16.9,1019.6,1019.6,0.0,0.0,0.0,0.0,222,223,8.0,6.9,55.3,55.5,13.4,12.3,231.9,231.0,1021.7,1021.7,-6.7,378.98,-0.02,32.3723,9.733,466.2,46.7,1485.748, NAN, NAN, NAN, NAN,,2024/04/09 04:14:48.258,2024-04-09 04:14:48.258000+00:00
2024/04/09, 04:15:48.258,36.886,-74.126,11.06,25.37,26.19,11.68,16.9,16.9,1019.6,1019.8,0.0,0.0,0.0,0.0,222,224,7.1,6.2,56.1,56.4,12.3,11.4,229.1,228.7,1021.7,1021.9,-6.43,377.2,-0.02,32.3455,9.6038,473.9,48.6,1485.244, NAN, NAN, NAN, NAN,,2024/04/09 04:15:48.258,2024-04-09 04:15:48.258000+00:00
2024/04/09, 04:16:48.258,36.889,-74.124,11.16,24.82,27.29,11.75,16.9,16.9,1019.5,1019.6,0.0,0.0,0.0,0.0,229,236,6.1,4.7,56.8,57.1,11.2,9.7,231.8,231.7,1021.6,1021.7,-6.42,375.24,-0.02,32.311,9.5412,485.7,48.6,1484.973, NAN, NAN, NAN, NAN,,2024/04/09 04:16:48.258,2024-04-09 04:16:48.258000+00:00
2024/04/09, 04:17:48.259,36.891,-74.122,11.22,26.32,33.75,12.07,16.7,16.7,1019.8,1019.7,0.0,0.0,0.0,0.0,229,231,5.9,4.2,58.0,58.1,11.3,9.6,233.3,230.4,1021.9,1021.8,-6.57,374.01,-0.02,32.3173,9.5892,494.4,48.6,1485.157, NAN, NAN, NAN, NAN,,2024/04/09 04:17:48.259,2024-04-09 04:17:48.259000+00:00
2024/04/09, 04:18:48.259,36.894,-74.12,11.15,25.24,22.9,11.9,16.5,16.5,1019.6,1019.4,0.0,0.0,0.0,0.0,225,229,6.2,5.0,59.5,59.9,11.4,10.1,228.1,227.4,1021.7,1021.5,-6.8,372.82,-0.02,32.3378,9.5407,498.0,48.5,1485.004, NAN, NAN, NAN, NAN,,2024/04/09 04:18:48.259,2024-04-09 04:18:48.259000+00:00
2024/04/09, 04:19:48.259,36.897,-74.118,11.13,24.64,27.71,11.82,16.4,16.4,1019.9,1019.8,0.0,0.0,0.0,0.0,230,237,5.6,4.3,59.6,60.0,10.7,9.3,230.2,229.7,1022.0,1021.9,-6.87,370.76,-0.02,32.3388,9.5352,496.1,48.6,1484.985, NAN, NAN, NAN, NAN,,2024/04/09 04:19:48.259,2024-04-09 04:19:48.259000+00:00
2024/04/09, 04:20:48.259,36.9,-74.116,11.12,24.96,30.05,11.75,16.4,16.3,1019.8,1019.4,0.0,0.0,0.0,0.0,223,227,5.3,4.1,59.4,58.4,10.7,9.4,226.9,225.9,1021.9,1021.5,-6.87,368.84,-0.01,32.3307,9.5458,496.1,48.4,1485.014, NAN, NAN, NAN, NAN,,2024/04/09 04:20:48.259,2024-04-09 04:20:48.259000+00:00
2024/04/09, 04:21:48.259,36.903,-74.114,11.11,25.22,28.79,11.99,16.1,16.1,1019.5,1019.7,0.0,0.0,0.0,0.0,227,229,4.8,3.6,57.9,58.0,10.2,9.1,228.0,225.6,1021.6,1021.8,-7.12,366.97,-0.01,32.3457,9.6002,508.8,48.9,1485.231, NAN, NAN, NAN, NAN,,2024/04/09 04:21:48.259,2024-04-09 04:21:48.259000+00:00
2024/04/09, 04:22:48.259,36.906,-74.112,11.18,25.72,36.53,12.09,15.9,16.0,1019.5,1019.5,0.0,0.0,0.0,0.0,227,233,5.1,3.6,57.9,58.1,10.7,9.1,231.7,230.4,1021.6,1021.6,-7.24,366.07,-0.02,32.3893,9.6484,508.1,48.6,1485.461, NAN, NAN, NAN, NAN,,2024/04/09 04:22:48.259,2024-04-09 04:22:48.259000+00:00
2024/04/09, 04:23:48.259,36.909,-74.109,11.21,24.1,27.62,11.71,15.8,15.8,1019.9,1019.9,0.0,0.0,0.0,0.0,230,232,5.6,3.9,59.2,59.4,10.7,9.1,230.6,227.1,1022.0,1022.0,-7.27,366.65,-0.02,32.3849,9.6215,499.2,48.6,1485.357, NAN, NAN, NAN, NAN,,2024/04/09 04:23:48.259,2024-04-09 04:23:48.259000+00:00
2024/04/09, 04:24:48.259,36.911,-74.107,11.24,25.36,36.25,12.29,15.7,15.7,1019.8,1019.5,0.0,0.0,0.0,0.0,227,231,5.1,4.3,59.8,60.0,10.8,9.9,231.3,231.3,1021.9,1021.6,-7.26,367.52,-0.01,32.3856,9.5832,481.9,49.0,1485.218, NAN, NAN, NAN, NAN,,2024/04/09 04:24:48.259,2024-04-09 04:24:48.259000+00:00
2024/04/09, 04:25:48.259,36.914,-74.105,11.14,24.69,25.48,11.6,15.7,15.7,1019.7,1019.7,0.0,0.0,0.0,0.0,229,248,5.0,3.4,61.2,61.5,10.1,8.0,228.7,230.5,1021.8,1021.8,-7.07,368.93,-0.02,32.3974,9.5732,477.6,48.5,1485.196, NAN, NAN, NAN, NAN,,2024/04/09 04:25:48.259,2024-04-09 04:25:48.259000+00:00
2024/04/09, 04:26:48.259,36.917,-74.103,11.07,23.4,28.93,11.99,15.6,15.6,1019.1,1019.0,0.0,0.0,0.0,0.0,231,245,4.2,3.3,61.6,62.0,9.6,8.3,226.9,228.6,1021.2,1021.1,-7.07,368.86,-0.02,32.4117,9.5651,477.9,48.4,1485.184, NAN, NAN, NAN, NAN,,2024/04/09 04:26:48.259,2024-04-09 04:26:48.259000+00:00
2024/04/09, 04:27:48.259,36.92,-74.101,11.24,25.03,32.16,12.14,15.6,15.6,1019.7,1019.5,0.0,0.0,0.0,0.0,227,234,4.8,3.5,61.8,62.1,10.4,9.0,228.8,228.0,1021.8,1021.6,-6.97,369.18,-0.02,32.4308,9.5287,471.8,48.9,1485.074, NAN, NAN, NAN, NAN,,2024/04/09 04:27:48.259,2024-04-09 04:27:48.259000+00:00
2024/04/09, 04:28:48.259,36.923,-74.099,10.91,25.03,38.54,11.81,15.5,15.5,1019.7,1019.5,0.0,0.0,0.0,0.0,233,247,4.5,3.6,62.0,62.2,9.8,8.6,233.0,235.4,1021.8,1021.6,-7.02,368.63,-0.02,32.5246,9.524,457.7,48.5,1485.171, NAN, NAN, NAN, NAN,,2024/04/09 04:28:48.259,2024-04-09 04:28:48.259000+00:00
2024/04/09, 04:29:48.259,36.925,-74.097,11.08,24.67,32.07,11.69,15.4,15.4,1019.6,1019.7,0.0,0.0,0.0,0.0,238,257,4.7,3.4,62.1,62.3,9.7,7.8,233.4,235.2,1021.7,1021.8,-6.95,367.52,-0.02,32.4778,9.5819,466.0,48.9,1485.326, NAN, NAN, NAN, NAN,,2024/04/09 04:29:48.259,2024-04-09 04:29:48.259000+00:00
2024/04/09, 04:30:48.259,36.928,-74.095,11.11,25.48,30.33,11.88,15.2,15.2,1019.7,1019.7,0.0,0.0,0.0,0.0,234,250,4.5,3.4,62.3,62.5,9.7,8.1,230.9,232.6,1021.8,1021.8,-6.97,368.16,-0.02,32.4992,9.6386,466.0,48.7,1485.559, NAN, NAN, NAN, NAN,,2024/04/09 04:30:48.259,2024-04-09 04:30:48.259000+00:00
2024/04/09, 04:31:48.259,36.931,-74.093,11.23,24.47,31.2,12.12,15.1,15.1,1019.5,1019.5,0.0,0.0,0.0,0.0,248,266,4.2,3.7,62.8,63.0,9.0,7.7,234.3,237.8,1021.6,1021.6,-7.14,367.6,-0.02,32.5145,9.5807,464.8,48.9,1485.366, NAN, NAN, NAN, NAN,,2024/04/09 04:31:48.259,2024-04-09 04:31:48.259000+00:00
2024/04/09, 04:32:48.260,36.934,-74.091,11.19,24.7,31.39,12.15,14.9,14.9,1019.5,1019.6,0.0,0.0,0.0,0.0,245,252,4.5,3.7,63.4,63.6,9.4,8.5,235.0,234.3,1021.6,1021.7,-7.28,368.24,-0.02,32.5249,9.4541,467.2,48.8,1484.916, NAN, NAN, NAN, NAN,,2024/04/09 04:32:48.260,2024-04-09 04:32:48.260000+00:00
2024/04/09, 04:33:48.260,36.937,-74.088,11.3,25.42,31.01,11.94,14.8,14.8,1019.7,1019.6,0.0,0.0,0.0,0.0,246,260,5.5,4.2,64.2,64.4,10.1,8.4,240.1,240.9,1021.8,1021.7,-7.31,368.84,-0.02,32.5396,9.3315,469.1,49.0,1484.484, NAN, NAN, NAN, NAN,,2024/04/09 04:33:48.260,2024-04-09 04:33:48.260000+00:00
2024/04/09, 04:34:48.260,36.94,-74.086,11.12,25.17,24.75,12.2,14.6,14.6,1019.7,1019.9,0.0,0.0,0.0,0.0,251,267,5.3,4.9,64.7,64.9,9.6,8.3,238.6,243.5,1021.8,1022.0,-7.19,368.41,-0.02,32.5841,9.41,464.8,49.0,1484.827, NAN, NAN, NAN, NAN,,2024/04/09 04:34:48.260,2024-04-09 04:34:48.260000+00:00
2024/04/09, 04:35:48.260,36.943,-74.084,11.25,25.1,34.45,11.85,14.6,14.5,1019.8,1019.8,0.0,0.0,0.0,0.0,248,264,4.8,4.2,64.8,65.0,9.4,8.2,239.1,242.9,1021.9,1021.9,-7.08,368.5,-0.02,32.6358,9.4975,440.6,48.6,1485.21, NAN, NAN, NAN, NAN,,2024/04/09 04:35:48.260,2024-04-09 04:35:48.260000+00:00
2024/04/09, 04:36:48.260,36.945,-74.082,11.25,24.6,32.9,11.53,14.5,14.4,1019.8,1019.8,0.0,0.0,0.0,0.0,232,275,3.9,3.9,64.4,64.7,9.1,7.2,228.7,243.7,1021.9,1021.9,-7.08,368.09,-0.02,32.6946,9.609,404.3,48.2,1485.689, NAN, NAN, NAN, NAN,,2024/04/09 04:36:48.260,2024-04-09 04:36:48.260000+00:00
2024/04/09, 04:37:48.260,36.948,-74.08,11.11,25.98,33.76,12.18,14.3,14.3,1019.9,1019.9,0.0,0.0,0.0,0.0,251,271,4.4,4.2,65.2,65.5,9.1,7.9,239.3,245.5,1022.0,1022.0,-7.11,367.19,-0.02,32.7235,9.6355,363.0,48.2,1485.821, NAN, NAN, NAN, NAN,,2024/04/09 04:37:48.260,2024-04-09 04:37:48.260000+00:00
2024/04/09, 04:38:48.260,36.951,-74.078,10.87,23.87,26.66,11.51,14.2,14.2,1019.7,1019.8,0.0,0.0,0.0,0.0,250,274,3.8,4.0,65.7,65.9,8.2,7.1,232.6,241.7,1021.8,1021.9,-7.25,366.6,-0.02,32.7615,9.7923,379.6,47.7,1486.438, NAN, NAN, NAN, NAN,,2024/04/09 04:38:48.260,2024-04-09 04:38:48.260000+00:00
2024/04/09, 04:39:48.260,36.954,-74.076,10.89,24.47,30.35,11.6,14.1,14.2,1019.7,1019.6,0.0,0.0,0.0,0.0,242,257,3.6,3.8,65.8,65.9,8.5,8.0,230.5,236.5,1021.8,1021.7,-7.24,365.87,-0.02,32.7916,10.2307,408.0,48.3,1488.057, NAN, NAN, NAN, NAN,,2024/04/09 04:39:48.260,2024-04-09 04:39:48.260000+00:00
2024/04/09, 04:40:48.260,36.957,-74.074,11.24,23.96,29.05,11.87,14.0,14.0,1019.5,1019.6,0.0,0.0,0.0,0.0,250,265,3.9,3.7,66.4,66.7,8.5,7.6,232.9,236.7,1021.6,1021.7,-7.24,365.16,-0.02,32.8352,10.8718,409.6,48.7,1490.393, NAN, NAN, NAN, NAN,,2024/04/09 04:40:48.260,2024-04-09 04:40:48.260000+00:00
2024/04/09, 04:41:48.260,36.96,-74.072,11.32,23.75,28.97,11.59,13.9,13.9,1019.5,1019.6,0.0,0.0,0.0,0.0,249,271,4.3,3.6,67.1,67.4,8.7,7.1,234.3,238.0,1021.6,1021.7,-7.33,364.93,-0.02,32.9157,11.7098,413.7,49.0,1493.419, NAN, NAN, NAN, NAN,,2024/04/09 04:41:48.260,2024-04-09 04:41:48.260000+00:00
2024/04/09, 04:42:48.260,36.963,-74.07,11.29,25.57,31.19,11.95,13.9,13.9,1019.8,1019.7,0.0,0.0,0.0,0.0,246,258,4.4,4.0,67.2,67.6,9.1,8.3,235.6,238.3,1021.9,1021.8,-7.18,364.95,-0.02,33.0972,12.0096,399.2,49.3,1494.668, NAN, NAN, NAN, NAN,,2024/04/09 04:42:48.260,2024-04-09 04:42:48.260000+00:00
2024/04/09, 04:43:48.260,36.965,-74.068,11.16,23.53,28.44,11.88,13.9,13.9,1019.5,1019.5,0.0,0.0,0.0,0.0,246,264,3.5,3.7,67.0,67.4,8.3,7.6,228.7,235.3,1021.6,1021.6,-7.19,365.35,-0.02,33.3462,12.1173,373.6,49.5,1495.334, NAN, NAN, NAN, NAN,,2024/04/09 04:43:48.260,2024-04-09 04:43:48.260000+00:00
2024/04/09, 04:44:48.260,36.968,-74.067,11.03,24.14,28.4,11.52,13.9,13.9,1019.4,1019.4,0.0,0.0,0.0,0.0,247,261,4.5,3.8,67.3,67.6,9.0,7.8,235.3,237.3,1021.5,1021.5,-6.82,366.98,-0.02,33.475,13.0368,352.3,49.5,1498.593, NAN, NAN, NAN, NAN,,2024/04/09 04:44:48.260,2024-04-09 04:44:48.260000+00:00
2024/04/09, 04:45:48.260,36.971,-74.065,11.02,25.32,26.48,11.13,14.0,14.0,1019.4,1019.4,0.0,0.0,0.0,0.0,240,251,4.5,3.5,67.7,67.9,9.0,7.7,233.1,233.1,1021.5,1021.5,-6.65,368.93,-0.02,33.4463,13.9819,355.0,49.8,1501.676, NAN, NAN, NAN, NAN,,2024/04/09 04:45:48.260,2024-04-09 04:45:48.260000+00:00
2024/04/09, 04:46:48.260,36.974,-74.063,11.02,25.27,37.17,11.53,14.1,14.0,1019.4,1019.3,0.0,0.0,0.0,0.0,224,263,3.5,2.9,66.9,67.2,8.9,7.1,224.9,234.2,1021.5,1021.4,-6.48,371.16,-0.02,33.6661,14.4714,352.3,50.0,1503.518, NAN, NAN, NAN, NAN,,2024/04/09 04:46:48.260,2024-04-09 04:46:48.260000+00:00
2024/04/09, 04:47:48.260,36.977,-74.061,11.06,23.93,25.09,11.34,14.2,14.2,1019.2,1018.9,0.0,0.0,0.0,0.0,235,270,3.2,2.2,66.2,66.7,8.2,6.3,224.1,226.2,1021.3,1021.0,-6.21,372.07,-0.02,33.9106,14.5994,370.0,49.9,1504.214, NAN, NAN, NAN, NAN,,2024/04/09 04:47:48.260,2024-04-09 04:47:48.260000+00:00
2024/04/09, 04:48:48.261,36.98,-74.059,11.03,25.06,30.17,11.14,14.3,14.3,1019.3,1019.1,0.0,0.0,0.0,0.0,236,262,3.5,3.4,67.0,67.1,8.4,7.2,228.4,236.4,1021.4,1021.2,-6.02,373.05,-0.02,34.0313,14.4675,372.8,50.5,1503.932, NAN, NAN, NAN, NAN,,2024/04/09 04:48:48.261,2024-04-09 04:48:48.261000+00:00
2024/04/09, 04:49:48.261,36.982,-74.057,11.0,24.31,31.94,11.65,14.4,14.4,1019.3,1019.3,0.0,0.0,0.0,0.0,231,243,3.8,2.8,67.4,67.9,9.1,7.9,227.4,227.5,1021.4,1021.4,-6.01,373.52,-0.02,34.0295,14.2286,353.2,50.7,1503.161, NAN, NAN, NAN, NAN,,2024/04/09 04:49:48.261,2024-04-09 04:49:48.261000+00:00
2024/04/09, 04:50:48.261,36.985,-74.055,11.11,25.24,27.68,11.56,14.4,14.4,1019.3,1018.9,0.0,0.0,0.0,0.0,226,243,3.5,2.8,67.4,68.0,8.8,7.7,223.6,226.2,1021.4,1021.0,-5.97,374.0,-0.02,33.9531,14.0103,352.3,50.8,1502.363, NAN, NAN, NAN, NAN,,2024/04/09 04:50:48.261,2024-04-09 04:50:48.261000+00:00
2024/04/09, 04:51:48.261,36.988,-74.054,11.04,25.28,31.1,11.38,14.5,14.4,1019.1,1018.9,0.0,0.0,0.0,0.0,230,236,4.0,3.3,67.2,67.9,9.1,8.3,227.0,226.8,1021.2,1021.0,-5.88,374.1,-0.01,33.8639,13.8988,348.9,50.7,1501.896, NAN, NAN, NAN, NAN,,2024/04/09 04:51:48.261,2024-04-09 04:51:48.261000+00:00
2024/04/09, 04:52:48.261,36.991,-74.052,11.09,25.06,30.88,11.4,14.5,14.5,1019.1,1019.1,0.0,0.0,0.0,0.0,233,240,4.6,3.7,67.8,67.7,9.6,8.6,231.8,231.8,1021.2,1021.2,-5.69,374.28,-0.02,33.771,13.8147,353.9,50.8,1501.512, NAN, NAN, NAN, NAN,,2024/04/09 04:52:48.261,2024-04-09 04:52:48.261000+00:00
2024/04/09, 04:53:48.261,36.994,-74.05,11.15,23.96,27.47,11.45,14.6,14.6,1019.1,1019.3,0.0,0.0,0.0,0.0,231,238,4.6,3.7,68.0,68.2,9.6,8.6,228.5,228.4,1021.2,1021.4,-5.58,373.93,-0.02,33.7205,13.7614,355.0,50.8,1501.278, NAN, NAN, NAN, NAN,,2024/04/09 04:53:48.261,2024-04-09 04:53:48.261000+00:00
2024/04/09, 04:54:48.261,36.996,-74.048,11.04,25.55,25.54,11.34,14.6,14.6,1019.2,1019.4,0.0,0.0,0.0,0.0,232,245,4.5,3.4,68.1,66.6,9.4,8.0,229.0,229.7,1021.3,1021.5,-5.6,373.78,-0.02,33.6955,13.7993,362.0,50.4,1501.373, NAN, NAN, NAN, NAN,,2024/04/09 04:54:48.261,2024-04-09 04:54:48.261000+00:00
2024/04/09, 04:55:48.261,36.999,-74.046,11.08,25.19,27.12,11.63,14.7,14.7,1018.8,1018.9,0.0,0.0,0.0,0.0,238,267,3.3,2.8,66.0,66.1,8.3,6.8,226.9,231.9,1020.9,1021.0,-5.6,373.08,-0.02,33.6812,13.8767,367.2,50.4,1501.609, NAN, NAN, NAN, NAN,,2024/04/09 04:55:48.261,2024-04-09 04:55:48.261000+00:00
2024/04/09, 04:56:48.261,37.002,-74.044,11.21,23.67,26.62,11.11,14.7,14.7,1018.7,1019.0,0.0,0.0,0.0,0.0,238,242,4.7,3.6,67.3,67.6,9.3,8.2,232.4,230.1,1020.8,1021.1,-5.63,373.23,-0.02,33.7165,14.0028,380.3,50.9,1502.061, NAN, NAN, NAN, NAN,,2024/04/09 04:56:48.261,2024-04-09 04:56:48.261000+00:00
2024/04/09, 04:57:48.261,37.005,-74.042,11.17,25.03,27.77,11.52,14.7,14.8,1019.5,1019.1,0.0,0.0,0.0,0.0,237,250,4.5,3.2,67.3,67.0,9.4,7.8,232.4,232.0,1021.6,1021.2,-5.55,372.48,-0.02,33.7709,14.2051,397.9,50.4,1502.781, NAN, NAN, NAN, NAN,,2024/04/09 04:57:48.261,2024-04-09 04:57:48.261000+00:00
2024/04/09, 04:58:48.261,37.008,-74.04,11.25,24.55,28.95,11.61,14.8,14.8,1019.4,1019.3,0.0,0.0,0.0,0.0,229,270,5.0,3.0,66.8,67.1,10.0,6.7,226.9,231.5,1021.5,1021.4,-5.52,371.1,-0.02,33.8522,14.5679,408.0,50.8,1504.045, NAN, NAN, NAN, NAN,,2024/04/09 04:58:48.261,2024-04-09 04:58:48.261000+00:00
2024/04/09, 04:59:48.261,37.011,-74.038,11.09,24.77,27.01,11.33,14.8,14.8,1019.1,1019.0,0.0,0.0,0.0,0.0,234,243,4.6,3.0,67.1,67.4,9.4,7.8,230.3,227.5,1021.2,1021.1,-5.61,369.91,-0.02,33.9364,14.8885,416.8,50.8,1505.166, NAN, NAN, NAN, NAN,,2024/04/09 04:59:48.261,2024-04-09 04:59:48.261000+00:00
2024/04/09, 05:00:48.261,37.013,-74.037,11.06,24.94,22.4,11.21,14.8,14.8,1018.8,1019.1,0.0,0.0,0.0,0.0,230,251,4.4,3.4,67.1,67.4,9.2,7.6,226.5,230.2,1020.9,1021.2,-5.51,369.05,-0.02,34.0443,14.8295,396.4,50.6,1505.105, NAN, NAN, NAN, NAN,,2024/04/09 05:00:48.261,2024-04-09 05:00:48.261000+00:00
2024/04/09, 05:01:48.261,37.016,-74.035,11.11,23.92,29.71,11.38,14.9,14.9,1018.8,1019.0,0.0,0.0,0.0,0.0,235,236,5.0,4.0,67.5,67.8,9.9,8.9,232.2,229.7,1020.9,1021.1,-5.66,369.38,-0.02,34.156,14.633,382.4,52.7,1504.608, NAN, NAN, NAN, NAN,,2024/04/09 05:01:48.261,2024-04-09 05:01:48.261000+00:00
2024/04/09, 05:02:48.261,37.019,-74.033,11.25,23.85,27.12,11.45,14.9,14.9,1019.1,1019.0,0.0,0.0,0.0,0.0,232,239,4.7,3.8,67.6,68.0,9.7,8.6,228.9,228.9,1021.2,1021.1,-5.68,369.92,-0.02,34.1568,14.3551,391.8,51.1,1503.718, NAN, NAN, NAN, NAN,,2024/04/09 05:02:48.261,2024-04-09 05:02:48.261000+00:00
2024/04/09, 05:03:48.261,37.022,-74.031,11.21,25.75,28.56,11.67,14.9,14.9,1018.9,1019.1,0.0,0.0,0.0,0.0,237,261,4.1,3.2,67.5,67.5,9.1,7.4,230.5,234.2,1021.0,1021.2,-5.7,371.38,-0.02,34.1071,14.0035,414.7,51.1,1502.522, NAN, NAN, NAN, NAN,,2024/04/09 05:03:48.261,2024-04-09 05:03:48.261000+00:00
2024/04/09, 05:04:48.262,37.025,-74.029,11.3,25.08,24.42,11.64,14.9,14.9,1019.3,1019.3,0.0,0.0,0.0,0.0,237,247,5.3,3.9,67.6,67.7,9.9,8.3,231.7,230.7,1021.4,1021.4,-5.6,373.13,-0.02,34.0251,13.6348,410.0,51.0,1501.222, NAN, NAN, NAN, NAN,,2024/04/09 05:04:48.262,2024-04-09 05:04:48.262000+00:00
2024/04/09, 05:05:48.262,37.027,-74.027,11.42,24.98,23.52,11.62,15.0,14.9,1019.1,1019.3,0.0,0.0,0.0,0.0,242,257,5.1,4.2,67.1,67.6,9.5,8.1,233.7,236.0,1021.2,1021.4,-5.48,374.13,-0.02,33.9119,13.419,418.0,50.9,1500.378, NAN, NAN, NAN, NAN,,2024/04/09 05:05:48.262,2024-04-09 05:05:48.262000+00:00
2024/04/09, 05:06:48.262,37.03,-74.025,11.52,23.12,27.42,11.72,15.0,15.0,1019.1,1019.0,0.0,0.0,0.0,0.0,236,245,5.3,3.8,67.0,67.8,10.2,8.6,231.6,230.3,1021.2,1021.1,-5.62,374.9,-0.02,33.8055,13.2636,419.0,51.0,1499.738, NAN, NAN, NAN, NAN,,2024/04/09 05:06:48.262,2024-04-09 05:06:48.262000+00:00
2024/04/09, 05:07:48.262,37.033,-74.023,11.21,24.02,25.85,11.18,15.0,15.0,1018.8,1018.7,0.0,0.0,0.0,0.0,231,235,5.8,4.4,67.0,67.2,10.5,9.1,230.9,229.1,1020.9,1020.8,-5.52,374.97,-0.02,33.7169,13.1426,428.1,50.6,1499.232, NAN, NAN, NAN, NAN,,2024/04/09 05:07:48.262,2024-04-09 05:07:48.262000+00:00
2024/04/09, 05:08:48.262,37.036,-74.021,11.23,25.88,34.02,11.73,15.0,14.9,1019.3,1019.1,0.0,0.0,0.0,0.0,234,242,5.1,3.9,67.0,67.2,10.1,8.8,233.1,232.6,1021.4,1021.2,-5.5,375.38,-0.02,33.6577,13.1225,427.8,50.4,1499.095, NAN, NAN, NAN, NAN,,2024/04/09 05:08:48.262,2024-04-09 05:08:48.262000+00:00
2024/04/09, 05:09:48.262,37.039,-74.02,11.38,24.51,27.53,11.34,15.0,14.9,1019.1,1019.0,0.0,0.0,0.0,0.0,232,240,4.6,3.6,66.6,66.9,9.5,8.4,229.6,229.5,1021.2,1021.1,-5.62,375.5,-0.02,33.616,13.1053,430.5,50.4,1498.988, NAN, NAN, NAN, NAN,,2024/04/09 05:09:48.262,2024-04-09 05:09:48.262000+00:00
2024/04/09, 05:10:48.262,37.041,-74.018,11.37,25.46,27.72,11.58,15.0,15.0,1019.1,1018.8,0.0,0.0,0.0,0.0,233,240,5.4,4.0,67.2,67.4,10.2,8.7,231.2,229.7,1021.2,1020.9,-5.67,376.04,-0.02,33.5961,13.0927,428.1,50.5,1498.923, NAN, NAN, NAN, NAN,,2024/04/09 05:10:48.262,2024-04-09 05:10:48.262000+00:00
2024/04/09, 05:11:48.262,37.044,-74.016,11.3,25.36,26.19,11.41,15.0,15.0,1019.2,1019.4,0.0,0.0,0.0,0.0,231,242,5.5,4.0,65.6,66.0,10.4,8.6,231.3,231.4,1021.3,1021.5,-5.56,376.61,-0.02,33.5864,13.1002,425.7,50.5,1498.936, NAN, NAN, NAN, NAN,,2024/04/09 05:11:48.262,2024-04-09 05:11:48.262000+00:00
2024/04/09, 05:12:48.262,37.047,-74.014,11.21,24.28,28.17,11.45,15.0,15.0,1019.3,1019.3,0.0,0.0,0.0,0.0,235,240,5.5,4.6,66.7,66.9,10.4,9.4,233.9,233.7,1021.4,1021.4,-5.57,376.49,-0.02,33.5781,13.1264,428.1,50.7,1499.014, NAN, NAN, NAN, NAN,,2024/04/09 05:12:48.262,2024-04-09 05:12:48.262000+00:00
2024/04/09, 05:13:48.262,37.05,-74.012,11.32,25.11,23.75,11.41,15.0,15.0,1018.7,1018.9,0.0,0.0,0.0,0.0,233,242,5.2,4.1,66.4,66.7,10.0,8.6,230.6,230.8,1020.8,1021.0,-5.56,377.68,-0.02,33.5785,13.1469,431.2,50.7,1499.082, NAN, NAN, NAN, NAN,,2024/04/09 05:13:48.262,2024-04-09 05:13:48.262000+00:00
2024/04/09, 05:14:48.262,37.053,-74.01,11.31,24.08,23.1,11.38,15.0,15.0,1018.7,1018.7,0.0,0.0,0.0,0.0,233,241,5.5,3.9,66.9,67.2,10.2,8.5,230.5,228.8,1020.8,1020.8,-5.54,377.8,-0.02,33.5962,13.1412,430.8,50.8,1499.084, NAN, NAN, NAN, NAN,,2024/04/09 05:14:48.262,2024-04-09 05:14:48.262000+00:00
2024/04/09, 05:15:48.262,37.055,-74.008,11.35,24.48,28.42,11.32,15.0,15.0,1019.3,1019.3,0.0,0.0,0.0,0.0,237,248,5.6,4.3,65.9,66.3,10.3,8.7,235.2,236.0,1021.4,1021.4,-5.54,377.73,-0.02,33.6095,13.1083,433.1,50.7,1498.991, NAN, NAN, NAN, NAN,,2024/04/09 05:15:48.262,2024-04-09 05:15:48.262000+00:00
2024/04/09, 05:16:48.262,37.058,-74.006,11.23,24.65,32.06,11.29,15.0,15.0,1019.1,1019.3,0.0,0.0,0.0,0.0,229,242,6.6,4.9,65.4,65.7,11.6,9.5,234.0,236.6,1021.2,1021.4,-5.62,378.05,-0.02,33.6165,13.1052,444.9,50.8,1498.989, NAN, NAN, NAN, NAN,,2024/04/09 05:16:48.262,2024-04-09 05:16:48.262000+00:00
2024/04/09, 05:17:48.262,37.061,-74.004,11.18,24.85,33.16,11.2,15.0,15.0,1019.5,1019.5,0.0,0.0,0.0,0.0,231,239,5.6,3.5,65.1,65.4,10.5,8.4,233.3,230.8,1021.6,1021.6,-5.58,377.72,-0.02,33.5917,13.143,434.2,50.7,1499.085, NAN, NAN, NAN, NAN,,2024/04/09 05:17:48.262,2024-04-09 05:17:48.262000+00:00
2024/04/09, 05:18:48.262,37.064,-74.002,11.26,24.27,32.39,11.56,15.0,15.0,1018.7,1018.6,0.0,0.0,0.0,0.0,233,242,6.1,4.7,64.5,64.6,11.1,9.5,234.9,235.7,1020.8,1020.7,-5.49,377.92,-0.02,33.5732,13.2503,419.6,50.8,1499.42, NAN, NAN, NAN, NAN,,2024/04/09 05:18:48.262,2024-04-09 05:18:48.262000+00:00
2024/04/09, 05:19:48.262,37.066,-74.0,11.31,23.74,28.53,11.49,15.1,15.1,1019.2,1018.8,0.0,0.0,0.0,0.0,237,248,6.2,5.0,63.8,63.9,10.9,9.4,236.0,238.0,1021.3,1020.9,-5.43,377.75,-0.02,33.5657,13.3067,419.0,50.9,1499.598, NAN, NAN, NAN, NAN,,2024/04/09 05:19:48.262,2024-04-09 05:19:48.262000+00:00
2024/04/09, 05:20:48.263,37.069,-73.998,11.24,24.25,29.34,11.06,15.1,15.1,1019.1,1018.9,0.0,0.0,0.0,0.0,232,236,6.2,4.6,63.4,63.7,11.0,9.4,235.2,233.5,1021.2,1021.0,-5.42,377.93,-0.02,33.5779,13.3329,398.5,50.9,1499.699, NAN, NAN, NAN, NAN,,2024/04/09 05:20:48.263,2024-04-09 05:20:48.263000+00:00
2024/04/09, 05:21:48.263,37.072,-73.996,11.26,24.63,31.08,11.29,15.1,15.1,1019.2,1019.0,0.0,0.0,0.0,0.0,233,236,6.9,6.0,63.6,63.8,11.6,10.7,235.9,235.6,1021.3,1021.1,-5.52,378.23,-0.02,33.5846,13.3623,389.4,50.9,1499.804, NAN, NAN, NAN, NAN,,2024/04/09 05:21:48.263,2024-04-09 05:21:48.263000+00:00
2024/04/09, 05:22:48.263,37.074,-73.994,11.17,23.96,20.79,11.07,15.1,15.1,1018.7,1018.8,0.0,0.0,0.0,0.0,231,230,6.3,4.6,62.5,62.5,10.9,9.4,231.6,227.0,1020.8,1020.9,-5.52,378.74,-0.02,33.5872,13.3906,393.9,50.9,1499.901, NAN, NAN, NAN, NAN,,2024/04/09 05:22:48.263,2024-04-09 05:22:48.263000+00:00
2024/04/09, 05:23:48.263,37.077,-73.993,10.98,23.84,32.73,11.1,15.1,15.1,1019.1,1019.0,0.0,0.0,0.0,0.0,229,230,7.1,5.2,62.8,63.1,12.0,10.1,234.2,231.3,1021.2,1021.1,-5.46,379.68,-0.02,33.5923,13.5197,400.3,50.5,1500.333, NAN, NAN, NAN, NAN,,2024/04/09 05:23:48.263,2024-04-09 05:23:48.263000+00:00
2024/04/09, 05:24:48.263,37.08,-73.991,11.15,23.73,35.06,11.07,15.1,15.1,1018.8,1019.0,0.0,0.0,0.0,0.0,232,232,7.6,6.8,62.0,62.0,12.3,11.5,236.7,235.4,1020.9,1021.1,-5.55,380.39,-0.02,33.5935,13.585,397.9,50.5,1500.55, NAN, NAN, NAN, NAN,,2024/04/09 05:24:48.263,2024-04-09 05:24:48.263000+00:00
2024/04/09, 05:25:48.263,37.083,-73.989,11.4,24.44,30.87,11.36,15.1,15.1,1019.3,1019.3,0.0,0.0,0.0,0.0,234,248,6.9,5.3,61.8,61.7,11.6,9.5,235.7,238.8,1021.4,1021.4,-5.46,381.12,-0.02,33.6188,13.7075,393.4,51.2,1500.982, NAN, NAN, NAN, NAN,,2024/04/09 05:25:48.263,2024-04-09 05:25:48.263000+00:00
2024/04/09, 05:26:48.263,37.085,-73.987,11.27,23.86,34.6,11.48,15.1,15.1,1019.7,1019.4,0.0,0.0,0.0,0.0,236,245,5.5,4.4,62.3,62.4,10.4,9.1,234.7,235.5,1021.8,1021.5,-5.45,381.46,-0.02,33.6356,13.8741,383.8,51.2,1501.547, NAN, NAN, NAN, NAN,,2024/04/09 05:26:48.263,2024-04-09 05:26:48.263000+00:00
2024/04/09, 05:27:48.263,37.088,-73.985,11.22,23.53,29.23,11.66,15.0,15.0,1018.6,1018.4,0.0,0.0,0.0,0.0,237,249,5.8,4.2,62.7,62.8,10.6,8.7,234.2,234.4,1020.7,1020.5,-5.6,382.17,-0.03,33.6618,14.0685,372.9,51.4,1502.21, NAN, NAN, NAN, NAN,,2024/04/09 05:27:48.263,2024-04-09 05:27:48.263000+00:00
2024/04/09, 05:28:48.263,37.091,-73.983,11.35,24.8,23.72,11.45,15.0,15.0,1019.0,1018.9,0.0,0.0,0.0,0.0,229,233,6.3,5.1,64.1,64.4,11.1,9.8,229.8,228.8,1021.1,1021.0,-5.71,382.92,-0.03,33.7043,14.164,364.0,51.5,1502.57, NAN, NAN, NAN, NAN,,2024/04/09 05:28:48.263,2024-04-09 05:28:48.263000+00:00
2024/04/09, 05:29:48.263,37.094,-73.981,11.26,23.99,30.02,11.36,14.9,14.9,1018.7,1018.8,0.0,0.0,0.0,0.0,231,237,6.6,5.0,62.9,63.2,11.5,9.8,234.2,233.7,1020.8,1020.9,-5.66,383.9,-0.02,33.7705,14.1143,351.3,51.4,1502.487, NAN, NAN, NAN, NAN,,2024/04/09 05:29:48.263,2024-04-09 05:29:48.263000+00:00
2024/04/09, 05:30:48.263,37.096,-73.979,11.24,25.38,27.48,11.04,14.8,14.9,1019.0,1018.8,0.0,0.0,0.0,0.0,233,244,5.9,4.4,62.5,62.6,10.5,8.8,234.5,235.4,1021.1,1020.9,-5.67,384.9,-0.02,33.8298,14.0138,348.6,51.6,1502.23, NAN, NAN, NAN, NAN,,2024/04/09 05:30:48.263,2024-04-09 05:30:48.263000+00:00
2024/04/09, 05:31:48.263,37.099,-73.977,11.4,24.11,28.17,11.28,14.8,14.8,1019.3,1019.3,0.0,0.0,0.0,0.0,230,237,6.9,5.2,64.0,64.6,11.7,9.9,233.8,233.7,1021.4,1021.4,-5.76,386.26,-0.02,33.8505,13.9188,353.6,51.5,1501.945, NAN, NAN, NAN, NAN,,2024/04/09 05:31:48.263,2024-04-09 05:31:48.263000+00:00
2024/04/09, 05:32:48.263,37.102,-73.975,11.06,23.13,29.02,11.34,14.8,14.8,1019.3,1018.8,0.0,0.0,0.0,0.0,233,251,5.3,4.0,62.3,62.6,10.1,8.2,230.2,233.3,1021.4,1020.9,-5.62,386.72,-0.02,33.8464,13.8893,360.6,51.5,1501.844, NAN, NAN, NAN, NAN,,2024/04/09 05:32:48.263,2024-04-09 05:32:48.263000+00:00
2024/04/09, 05:33:48.263,37.105,-73.973,10.96,24.11,27.8,11.23,14.8,14.8,1018.6,1018.5,0.0,0.0,0.0,0.0,235,244,5.5,4.0,62.4,62.6,10.2,8.5,233.4,232.7,1020.7,1020.6,-5.6,387.21,-0.03,33.8357,13.848,362.0,51.5,1501.697, NAN, NAN, NAN, NAN,,2024/04/09 05:33:48.263,2024-04-09 05:33:48.263000+00:00
2024/04/09, 05:34:48.263,37.107,-73.971,11.33,25.81,28.29,11.04,14.8,14.8,1018.7,1018.7,0.0,0.0,0.0,0.0,240,266,4.6,3.9,62.3,62.3,9.2,7.5,236.5,243.9,1020.8,1020.8,-5.58,387.13,-0.02,33.8314,13.7754,366.2,51.4,1501.454, NAN, NAN, NAN, NAN,,2024/04/09 05:34:48.263,2024-04-09 05:34:48.263000+00:00
2024/04/09, 05:35:48.263,37.11,-73.97,11.37,24.89,34.37,11.14,14.8,14.8,1018.8,1019.0,0.0,0.0,0.0,0.0,233,232,5.8,4.9,64.4,64.5,10.6,9.8,235.4,232.9,1020.9,1021.1,-5.6,387.69,-0.02,33.829,13.8143,370.0,51.3,1501.579, NAN, NAN, NAN, NAN,,2024/04/09 05:35:48.263,2024-04-09 05:35:48.263000+00:00
2024/04/09, 05:36:48.264,37.113,-73.968,11.21,24.23,25.14,10.6,14.7,14.8,1018.6,1018.6,0.0,0.0,0.0,0.0,226,234,4.9,3.6,63.5,63.6,9.6,8.1,226.5,226.0,1020.7,1020.7,-5.68,387.82,-0.02,33.823,13.9798,379.6,51.5,1502.111, NAN, NAN, NAN, NAN,,2024/04/09 05:36:48.264,2024-04-09 05:36:48.264000+00:00
2024/04/09, 05:37:48.264,37.115,-73.966,11.15,24.27,32.79,10.97,14.7,14.7,1018.6,1018.6,0.0,0.0,0.0,0.0,240,255,4.9,3.6,63.9,64.3,9.4,7.7,235.8,236.8,1020.7,1020.7,-5.73,387.98,-0.02,33.8396,14.1135,392.1,51.6,1502.565, NAN, NAN, NAN, NAN,,2024/04/09 05:37:48.264,2024-04-09 05:37:48.264000+00:00
2024/04/09, 05:38:48.264,37.118,-73.964,10.86,25.23,32.38,11.6,14.7,14.7,1019.0,1018.9,0.0,0.0,0.0,0.0,229,232,7.5,7.0,63.7,63.6,12.6,12.0,236.0,236.9,1021.1,1021.0,-5.95,389.0,-0.02,33.9013,14.1384,402.2,51.3,1502.718, NAN, NAN, NAN, NAN,,2024/04/09 05:38:48.264,2024-04-09 05:38:48.264000+00:00
2024/04/09, 05:39:48.264,37.121,-73.962,11.32,25.1,25.66,11.4,14.7,14.7,1018.6,1018.7,0.0,0.0,0.0,0.0,232,250,5.5,3.9,63.5,63.4,10.4,8.2,232.1,234.4,1020.7,1020.8,-6.07,388.6,-0.02,33.9468,14.0409,402.5,51.3,1502.455, NAN, NAN, NAN, NAN,,2024/04/09 05:39:48.264,2024-04-09 05:39:48.264000+00:00
2024/04/09, 05:40:48.264,37.124,-73.96,11.39,23.92,29.29,11.6,14.7,14.7,1018.6,1018.7,0.0,0.0,0.0,0.0,234,241,5.9,4.3,63.1,63.1,10.8,9.1,233.7,232.5,1020.7,1020.8,-6.05,388.95,-0.02,33.9561,13.918,400.9,51.3,1502.067, NAN, NAN, NAN, NAN,,2024/04/09 05:40:48.264,2024-04-09 05:40:48.264000+00:00
2024/04/09, 05:41:48.264,37.126,-73.958,11.53,25.54,30.62,11.33,14.7,14.7,1018.8,1018.8,0.0,0.0,0.0,0.0,233,239,5.7,4.4,62.8,62.7,10.6,9.2,234.6,233.9,1020.9,1020.9,-5.95,388.73,-0.02,33.925,13.9592,391.2,51.4,1502.164, NAN, NAN, NAN, NAN,,2024/04/09 05:41:48.264,2024-04-09 05:41:48.264000+00:00
2024/04/09, 05:42:48.264,37.129,-73.956,11.34,24.67,31.64,11.28,14.7,14.7,1018.4,1018.6,0.0,0.0,0.0,0.0,232,236,4.9,4.0,64.1,64.3,9.9,9.0,232.7,232.0,1020.5,1020.7,-5.76,388.75,-0.02,33.8764,13.9686,402.2,51.8,1502.138, NAN, NAN, NAN, NAN,,2024/04/09 05:42:48.264,2024-04-09 05:42:48.264000+00:00
2024/04/09, 05:43:48.264,37.132,-73.954,11.36,24.7,31.69,11.24,14.6,14.7,1018.4,1018.3,0.0,0.0,0.0,0.0,226,227,5.0,4.0,64.6,64.9,10.2,9.2,229.8,228.0,1020.5,1020.4,-5.72,388.82,-0.02,33.8855,13.9052,412.0,51.8,1501.942, NAN, NAN, NAN, NAN,,2024/04/09 05:43:48.264,2024-04-09 05:43:48.264000+00:00
2024/04/09, 05:44:48.264,37.134,-73.952,11.2,23.98,31.23,11.13,14.6,14.7,1018.4,1018.8,0.0,0.0,0.0,0.0,223,226,5.3,3.9,65.3,65.0,10.4,9.0,227.3,225.6,1020.5,1020.9,-6.04,389.21,-0.02,33.8947,13.8484,424.8,51.3,1501.767, NAN, NAN, NAN, NAN,,2024/04/09 05:44:48.264,2024-04-09 05:44:48.264000+00:00
2024/04/09, 05:45:48.264,37.137,-73.95,11.24,24.94,27.5,11.06,14.6,14.6,1018.7,1018.7,0.5,0.2,0.0,0.0,222,225,5.7,4.4,63.4,63.3,10.8,9.5,227.9,226.7,1020.8,1020.8,-6.4,388.95,-0.02,33.8761,13.7171,434.5,50.9,1501.316, NAN, NAN, NAN, NAN,,2024/04/09 05:45:48.264,2024-04-09 05:45:48.264000+00:00
2024/04/09, 05:46:48.264,37.14,-73.949,11.33,24.52,36.8,11.19,14.6,14.7,1018.6,1018.6,0.3,0.2,0.01,0.0,216,217,6.0,5.4,63.8,64.0,11.4,10.8,227.3,227.0,1020.7,1020.7,-7.22,388.12,-0.02,33.858,13.6384,431.8,51.2,1501.037, NAN, NAN, NAN, NAN,,2024/04/09 05:46:48.264,2024-04-09 05:46:48.264000+00:00
2024/04/09, 05:47:48.264,37.143,-73.947,11.17,25.82,28.72,11.23,14.6,14.6,1018.4,1018.4,0.0,0.0,0.01,0.0,217,221,5.3,4.4,63.8,64.4,10.6,9.7,225.7,225.8,1020.5,1020.5,-7.69,388.41,-0.02,33.8118,13.5232,414.7,51.3,1500.603, NAN, NAN, NAN, NAN,,2024/04/09 05:47:48.264,2024-04-09 05:47:48.264000+00:00
2024/04/09, 05:48:48.264,37.145,-73.945,11.41,24.23,25.67,10.97,14.6,14.6,1018.7,1018.7,0.0,0.0,0.01,0.01,222,226,6.5,4.6,63.0,63.3,11.5,9.6,228.6,226.9,1020.8,1020.8,-8.09,388.4,-0.02,33.7849,13.4252,408.0,51.4,1500.249, NAN, NAN, NAN, NAN,,2024/04/09 05:48:48.264,2024-04-09 05:48:48.264000+00:00
2024/04/09, 05:49:48.264,37.148,-73.943,10.95,25.51,23.99,11.33,14.6,14.6,1018.4,1018.6,0.2,0.1,0.02,0.01,224,226,7.0,5.1,65.2,65.5,12.0,10.1,230.5,227.9,1020.5,1020.7,-8.21,388.03,-0.02,33.7484,13.3589,413.2,51.6,1499.986, NAN, NAN, NAN, NAN,,2024/04/09 05:49:48.264,2024-04-09 05:49:48.264000+00:00
2024/04/09, 05:50:48.264,37.151,-73.941,11.19,24.96,29.37,11.4,14.6,14.6,1018.4,1018.3,0.1,0.1,0.02,0.01,223,228,6.2,4.6,64.5,64.9,11.4,9.7,228.9,228.0,1020.5,1020.4,-8.41,388.17,-0.02,33.7146,13.3557,412.0,51.8,1499.936, NAN, NAN, NAN, NAN,,2024/04/09 05:50:48.264,2024-04-09 05:50:48.264000+00:00
2024/04/09, 05:51:48.264,37.153,-73.939,11.17,24.78,29.86,11.35,14.5,14.5,1018.3,1018.2,0.0,0.0,0.02,0.01,228,235,5.5,3.6,64.9,65.1,10.6,8.6,231.2,229.2,1020.4,1020.3,-8.44,388.15,-0.02,33.689,13.3811,410.4,51.7,1499.99, NAN, NAN, NAN, NAN,,2024/04/09 05:51:48.264,2024-04-09 05:51:48.264000+00:00
2024/04/09, 05:52:48.265,37.156,-73.937,11.42,25.66,31.49,11.36,14.5,14.5,1018.2,1018.1,0.0,0.0,0.02,0.01,227,231,5.5,4.0,64.1,64.3,10.6,9.1,231.6,229.8,1020.3,1020.2,-8.38,387.96,-0.02,33.6794,13.4221,405.9,51.1,1500.114, NAN, NAN, NAN, NAN,,2024/04/09 05:52:48.265,2024-04-09 05:52:48.265000+00:00
2024/04/09, 05:53:48.265,37.159,-73.935,11.37,25.3,28.7,10.94,14.5,14.5,1018.3,1018.2,0.0,0.0,0.02,0.01,227,234,5.4,4.0,66.2,66.6,10.2,8.7,230.2,229.6,1020.4,1020.3,-8.21,387.6,-0.02,33.6904,13.5212,398.5,51.4,1500.454, NAN, NAN, NAN, NAN,,2024/04/09 05:53:48.265,2024-04-09 05:53:48.265000+00:00
2024/04/09, 05:54:48.265,37.161,-73.933,11.32,25.52,32.76,11.22,14.5,14.5,1018.3,1018.3,0.0,0.0,0.02,0.01,224,226,5.9,4.5,66.2,66.8,11.0,9.7,231.0,229.2,1020.4,1020.4,-7.98,387.69,-0.02,33.6933,13.5552,402.5,51.3,1500.569, NAN, NAN, NAN, NAN,,2024/04/09 05:54:48.265,2024-04-09 05:54:48.265000+00:00
2024/04/09, 05:55:48.265,37.164,-73.931,11.19,25.13,28.87,11.08,14.4,14.4,1018.3,1018.2,0.0,0.0,0.02,0.01,233,240,6.1,4.7,65.4,65.6,10.7,9.2,234.7,234.4,1020.4,1020.3,-7.73,387.85,-0.02,33.7346,13.5265,408.9,51.2,1500.523, NAN, NAN, NAN, NAN,,2024/04/09 05:55:48.265,2024-04-09 05:55:48.265000+00:00
2024/04/09, 05:56:48.265,37.167,-73.929,11.38,26.09,36.51,11.24,14.4,14.4,1018.0,1018.2,0.0,0.0,0.02,0.01,223,227,4.8,3.6,66.1,66.4,10.1,8.9,230.3,229.3,1020.1,1020.3,-7.36,387.91,-0.02,33.7343,13.4738,410.4,51.3,1500.349, NAN, NAN, NAN, NAN,,2024/04/09 05:56:48.265,2024-04-09 05:56:48.265000+00:00
2024/04/09, 05:57:48.265,37.17,-73.927,11.34,24.31,30.13,11.17,14.4,14.4,1018.4,1018.6,0.0,0.0,0.02,0.01,223,230,4.6,3.7,65.3,65.5,9.8,8.8,226.5,227.1,1020.5,1020.7,-6.74,387.9,-0.02,33.7381,13.4388,407.3,51.1,1500.238, NAN, NAN, NAN, NAN,,2024/04/09 05:57:48.265,2024-04-09 05:57:48.265000+00:00
2024/04/09, 05:58:48.265,37.172,-73.925,11.24,26.12,27.8,11.09,14.4,14.4,1017.9,1017.8,0.0,0.0,0.02,0.01,224,225,5.5,4.4,66.2,66.2,10.5,9.4,228.9,226.9,1020.0,1019.9,-6.39,387.7,-0.02,33.7219,13.3122,417.7,51.2,1499.801, NAN, NAN, NAN, NAN,,2024/04/09 05:58:48.265,2024-04-09 05:58:48.265000+00:00
2024/04/09, 05:59:48.265,37.175,-73.923,11.06,26.38,34.68,11.52,14.4,14.4,1018.2,1018.2,0.0,0.0,0.02,0.01,226,229,6.1,4.5,66.6,66.6,11.4,9.8,233.4,231.7,1020.3,1020.3,-6.19,387.29,-0.02,33.7218,13.1352,428.4,51.3,1499.213, NAN, NAN, NAN, NAN,,2024/04/09 05:59:48.265,2024-04-09 05:59:48.265000+00:00
2024/04/09, 06:00:48.265,37.178,-73.921,11.33,24.58,32.83,11.28,14.4,14.4,1018.4,1018.4,0.0,0.0,0.02,0.01,228,239,5.8,4.4,66.1,66.4,10.8,9.1,231.2,232.8,1020.5,1020.5,-5.96,386.74,-0.02,33.6943,12.7459,431.5,51.1,1497.879, NAN, NAN, NAN, NAN,,2024/04/09 06:00:48.265,2024-04-09 06:00:48.265000+00:00
2024/04/09, 06:01:48.265,37.18,-73.919,11.53,26.44,30.72,11.54,14.4,14.4,1018.4,1018.4,0.2,0.0,0.02,0.01,227,232,5.9,5.1,65.8,66.1,11.1,10.2,233.2,233.9,1020.5,1020.5,-5.7,386.05,-0.02,33.6444,12.2332,430.8,51.2,1496.086, NAN, NAN, NAN, NAN,,2024/04/09 06:01:48.265,2024-04-09 06:01:48.265000+00:00
2024/04/09, 06:02:48.265,37.183,-73.917,11.23,25.92,27.54,11.12,14.5,14.5,1018.1,1018.1,0.1,0.0,0.02,0.01,221,223,6.4,5.3,66.0,66.0,11.4,10.3,228.7,227.8,1020.2,1020.2,-5.7,385.22,-0.02,33.5637,11.7181,429.9,50.9,1494.224, NAN, NAN, NAN, NAN,,2024/04/09 06:02:48.265,2024-04-09 06:02:48.265000+00:00
2024/04/09, 06:03:48.265,37.186,-73.915,11.54,25.91,32.77,11.08,14.4,14.5,1018.3,1018.3,0.0,0.0,0.03,0.01,221,226,5.6,4.1,65.1,65.9,10.8,9.2,229.3,228.6,1020.4,1020.4,-6.26,384.57,-0.02,33.4206,11.6187,433.2,50.7,1493.709, NAN, NAN, NAN, NAN,,2024/04/09 06:03:48.265,2024-04-09 06:03:48.265000+00:00
2024/04/09, 06:04:48.265,37.188,-73.913,11.18,25.53,27.46,10.81,14.4,14.4,1018.2,1018.1,0.0,0.0,0.03,0.01,223,228,5.7,4.4,65.1,65.6,10.6,9.2,229.0,228.5,1020.3,1020.2,-6.53,385.5,-0.02,33.2817,11.4944,433.6,50.5,1493.111, NAN, NAN, NAN, NAN,,2024/04/09 06:04:48.265,2024-04-09 06:04:48.265000+00:00
2024/04/09, 06:05:48.265,37.191,-73.911,11.51,25.27,28.19,11.0,14.4,14.4,1018.0,1017.8,0.0,0.0,0.03,0.01,226,226,5.4,3.6,65.0,65.2,10.3,8.7,229.6,225.2,1020.1,1019.9,-6.75,385.64,-0.02,33.2382,11.1583,437.9,50.4,1491.887, NAN, NAN, NAN, NAN,,2024/04/09 06:05:48.265,2024-04-09 06:05:48.265000+00:00
2024/04/09, 06:06:48.265,37.194,-73.909,11.11,26.14,26.86,10.81,14.4,14.4,1018.2,1018.2,0.0,0.0,0.03,0.01,231,236,5.2,4.1,65.6,65.7,9.8,8.7,232.4,231.5,1020.3,1020.3,-6.9,386.65,-0.02,33.2376,11.0959,438.5,50.5,1491.667, NAN, NAN, NAN, NAN,,2024/04/09 06:06:48.265,2024-04-09 06:06:48.265000+00:00
2024/04/09, 06:07:48.266,37.196,-73.907,11.27,25.47,30.53,11.18,14.4,14.3,1018.2,1018.2,0.0,0.0,0.03,0.01,218,211,4.8,3.9,65.6,66.3,10.1,9.4,225.1,220.5,1020.3,1020.3,-6.83,386.78,-0.02,33.1451,11.1188,444.0,50.4,1491.636, NAN, NAN, NAN, NAN,,2024/04/09 06:07:48.266,2024-04-09 06:07:48.266000+00:00
2024/04/09, 06:08:48.266,37.199,-73.905,11.66,25.27,26.51,10.99,14.3,14.3,1018.1,1017.8,0.0,0.0,0.03,0.01,230,238,4.8,4.0,66.1,66.4,9.5,8.5,229.1,229.9,1020.2,1019.9,-6.66,387.45,-0.02,33.1096,11.1289,448.6,50.2,1491.629, NAN, NAN, NAN, NAN,,2024/04/09 06:08:48.266,2024-04-09 06:08:48.266000+00:00
2024/04/09, 06:09:48.266,37.201,-73.903,11.4,25.26,31.97,10.83,14.2,14.2,1018.3,1018.2,0.0,0.0,0.03,0.01,231,249,4.8,3.5,65.6,65.7,9.6,7.8,232.2,235.0,1020.4,1020.3,-6.41,387.63,-0.02,33.1174,11.1605,441.2,50.5,1491.749, NAN, NAN, NAN, NAN,,2024/04/09 06:09:48.266,2024-04-09 06:09:48.266000+00:00
2024/04/09, 06:10:48.266,37.204,-73.901,11.26,25.94,33.24,11.05,14.2,14.2,1018.6,1018.4,0.0,0.0,0.03,0.01,224,232,4.1,3.2,66.2,66.4,9.3,8.2,227.9,228.4,1020.7,1020.5,-6.21,387.26,-0.02,33.1212,11.1114,443.6,50.1,1491.581, NAN, NAN, NAN, NAN,,2024/04/09 06:10:48.266,2024-04-09 06:10:48.266000+00:00
2024/04/09, 06:11:48.266,37.207,-73.899,11.24,24.89,33.89,10.6,14.2,14.2,1018.4,1018.5,0.0,0.0,0.03,0.01,236,253,4.4,3.3,66.3,66.8,9.0,7.5,234.0,236.3,1020.5,1020.6,-6.0,387.57,-0.02,33.1255,10.9298,447.6,50.0,1490.948, NAN, NAN, NAN, NAN,,2024/04/09 06:11:48.266,2024-04-09 06:11:48.266000+00:00
2024/04/09, 06:12:48.266,37.209,-73.897,11.11,24.51,25.53,10.7,14.2,14.2,1018.2,1018.1,0.0,0.0,0.03,0.01,233,247,5.6,3.8,66.5,66.8,10.0,7.9,232.4,232.5,1020.3,1020.2,-5.73,388.12,-0.02,33.1296,10.7665,438.8,50.5,1490.376, NAN, NAN, NAN, NAN,,2024/04/09 06:12:48.266,2024-04-09 06:12:48.266000+00:00
2024/04/09, 06:13:48.266,37.212,-73.895,11.28,25.06,30.65,10.72,14.1,14.2,1017.8,1017.8,0.0,0.0,0.03,0.01,234,241,5.5,4.2,66.9,67.2,10.0,8.6,234.4,233.8,1019.9,1019.9,-5.6,387.97,-0.01,33.0652,10.6016,448.6,50.0,1489.714, NAN, NAN, NAN, NAN,,2024/04/09 06:13:48.266,2024-04-09 06:13:48.266000+00:00
2024/04/09, 06:14:48.266,37.214,-73.893,11.09,26.17,33.49,10.84,14.1,14.1,1018.2,1018.0,0.0,0.0,0.03,0.01,235,244,5.2,4.0,66.3,66.5,9.8,8.4,236.1,236.4,1020.3,1020.1,-5.54,387.48,-0.02,33.0301,10.4892,442.2,50.1,1489.271, NAN, NAN, NAN, NAN,,2024/04/09 06:14:48.266,2024-04-09 06:14:48.266000+00:00
2024/04/09, 06:15:48.266,37.217,-73.891,11.28,26.4,32.84,10.62,14.1,14.1,1018.3,1018.1,0.0,0.0,0.03,0.01,229,236,4.5,3.8,66.2,66.4,9.3,8.5,232.9,233.9,1020.4,1020.2,-5.53,386.76,-0.01,32.9881,10.4078,444.0,50.0,1488.93, NAN, NAN, NAN, NAN,,2024/04/09 06:15:48.266,2024-04-09 06:15:48.266000+00:00
2024/04/09, 06:16:48.266,37.219,-73.889,11.4,24.31,32.08,10.68,14.1,14.1,1018.2,1018.3,0.0,0.0,0.03,0.01,230,240,4.5,3.7,66.8,66.9,9.3,8.2,230.0,231.6,1020.3,1020.4,-5.49,386.37,-0.02,32.9311,10.3259,445.6,50.0,1488.568, NAN, NAN, NAN, NAN,,2024/04/09 06:16:48.266,2024-04-09 06:16:48.266000+00:00
2024/04/09, 06:17:48.266,37.222,-73.887,11.05,26.59,34.0,10.72,14.0,14.0,1018.0,1017.9,0.0,0.0,0.03,0.01,236,241,4.4,3.5,66.5,66.8,9.1,8.1,235.6,234.6,1020.1,1020.0,-5.55,386.39,-0.02,32.9118,10.2778,444.0,49.9,1488.372, NAN, NAN, NAN, NAN,,2024/04/09 06:17:48.266,2024-04-09 06:17:48.266000+00:00
2024/04/09, 06:18:48.266,37.224,-73.885,11.23,25.59,32.11,10.89,14.0,14.0,1018.0,1017.8,0.0,0.0,0.03,0.01,232,240,4.7,3.8,66.9,67.2,9.5,8.4,232.1,232.6,1020.1,1019.9,-5.57,386.8,-0.02,32.8856,10.2515,441.6,49.9,1488.246, NAN, NAN, NAN, NAN,,2024/04/09 06:18:48.266,2024-04-09 06:18:48.266000+00:00
2024/04/09, 06:19:48.266,37.227,-73.883,11.32,25.2,31.87,10.88,13.9,13.9,1018.2,1018.0,0.0,0.0,0.03,0.01,229,237,4.3,3.2,66.7,67.0,9.2,8.0,230.3,230.0,1020.3,1020.1,-5.56,386.9,-0.02,32.8678,10.3205,438.8,50.1,1488.472, NAN, NAN, NAN, NAN,,2024/04/09 06:19:48.266,2024-04-09 06:19:48.266000+00:00
2024/04/09, 06:20:48.266,37.229,-73.882,11.07,24.55,37.91,10.57,13.9,13.9,1018.0,1018.0,0.0,0.0,0.03,0.01,230,242,4.3,3.0,67.2,67.6,9.2,7.7,232.4,232.9,1020.1,1020.1,-5.57,387.12,-0.02,32.8576,10.3257,435.8,50.2,1488.478, NAN, NAN, NAN, NAN,,2024/04/09 06:20:48.266,2024-04-09 06:20:48.266000+00:00
2024/04/09, 06:21:48.266,37.232,-73.88,10.89,25.65,31.06,10.68,13.8,13.8,1018.4,1018.3,0.0,0.0,0.03,0.01,231,246,4.3,3.5,67.2,67.6,9.1,7.8,231.2,234.3,1020.5,1020.4,-5.59,387.01,-0.02,32.8824,10.2797,434.8,49.9,1488.343, NAN, NAN, NAN, NAN,,2024/04/09 06:21:48.266,2024-04-09 06:21:48.266000+00:00
2024/04/09, 06:22:48.266,37.234,-73.878,10.92,24.77,29.87,10.47,13.7,13.7,1018.0,1018.0,0.0,0.0,0.03,0.01,231,238,5.1,3.8,67.9,68.1,9.6,8.2,231.9,231.1,1020.1,1020.1,-5.77,387.53,-0.02,32.8973,10.2436,436.4,50.1,1488.232, NAN, NAN, NAN, NAN,,2024/04/09 06:22:48.266,2024-04-09 06:22:48.266000+00:00
2024/04/09, 06:23:48.266,37.237,-73.876,10.92,24.87,32.07,10.5,13.7,13.7,1018.2,1018.3,0.0,0.0,0.03,0.01,225,236,4.2,3.3,67.2,67.6,9.0,7.9,227.4,229.0,1020.3,1020.4,-5.76,387.76,-0.01,32.8864,10.2181,428.1,50.2,1488.127, NAN, NAN, NAN, NAN,,2024/04/09 06:23:48.266,2024-04-09 06:23:48.266000+00:00
2024/04/09, 06:24:48.267,37.239,-73.874,11.0,26.0,33.9,10.76,13.7,13.6,1018.0,1017.9,0.0,0.0,0.03,0.01,225,239,3.9,2.9,67.5,67.8,8.9,7.7,229.0,230.8,1020.1,1020.0,-5.61,387.79,-0.02,32.878,10.2304,433.6,50.1,1488.161, NAN, NAN, NAN, NAN,,2024/04/09 06:24:48.267,2024-04-09 06:24:48.267000+00:00
2024/04/09, 06:25:48.267,37.242,-73.872,11.28,25.4,29.34,10.65,13.6,13.6,1018.1,1018.0,0.0,0.0,0.03,0.01,233,246,4.8,3.2,67.8,68.1,9.4,7.6,232.7,232.1,1020.2,1020.1,-5.7,388.14,-0.01,32.8724,10.2473,438.8,50.2,1488.215, NAN, NAN, NAN, NAN,,2024/04/09 06:25:48.267,2024-04-09 06:25:48.267000+00:00
2024/04/09, 06:26:48.267,37.244,-73.87,11.01,24.0,32.17,10.98,13.6,13.6,1018.2,1018.0,0.0,0.0,0.03,0.01,235,247,4.7,3.6,67.7,68.0,9.5,8.1,233.2,234.4,1020.3,1020.1,-5.67,388.16,-0.02,32.8789,10.3605,432.4,50.2,1488.628, NAN, NAN, NAN, NAN,,2024/04/09 06:26:48.267,2024-04-09 06:26:48.267000+00:00
2024/04/09, 06:27:48.267,37.247,-73.868,11.11,23.87,30.92,10.62,13.6,13.6,1018.2,1018.1,0.0,0.0,0.03,0.01,228,226,4.9,3.7,68.0,68.3,9.7,8.7,230.9,227.3,1020.3,1020.2,-5.57,388.2,-0.01,32.8812,10.5338,432.1,49.9,1489.25, NAN, NAN, NAN, NAN,,2024/04/09 06:27:48.267,2024-04-09 06:27:48.267000+00:00
2024/04/09, 06:28:48.267,37.25,-73.866,11.19,23.3,26.31,10.25,13.6,13.6,1018.1,1018.1,0.0,0.0,0.03,0.01,234,242,4.2,3.7,67.8,68.0,8.6,7.9,229.4,230.9,1020.2,1020.2,-5.56,387.75,-0.02,32.8971,10.6573,428.4,50.0,1489.708, NAN, NAN, NAN, NAN,,2024/04/09 06:28:48.267,2024-04-09 06:28:48.267000+00:00
2024/04/09, 06:29:48.267,37.252,-73.864,10.78,26.34,29.6,10.61,13.6,13.5,1017.7,1017.8,0.0,0.0,0.03,0.01,229,245,4.1,2.9,67.8,68.0,8.8,7.3,229.2,230.3,1019.8,1019.9,-5.59,387.69,-0.02,32.9586,10.8225,423.0,50.1,1490.368, NAN, NAN, NAN, NAN,,2024/04/09 06:29:48.267,2024-04-09 06:29:48.267000+00:00
2024/04/09, 06:30:48.267,37.255,-73.862,11.01,23.99,28.82,10.69,13.5,13.6,1018.3,1018.2,0.0,0.0,0.03,0.01,235,248,4.5,3.3,68.1,68.1,9.1,7.6,231.2,231.6,1020.4,1020.3,-5.6,387.44,-0.01,32.9945,11.007,420.1,50.0,1491.062, NAN, NAN, NAN, NAN,,2024/04/09 06:30:48.267,2024-04-09 06:30:48.267000+00:00
2024/04/09, 06:31:48.267,37.257,-73.86,11.05,23.68,31.66,10.7,13.5,13.5,1018.0,1018.0,0.0,0.0,0.03,0.01,231,253,4.0,2.6,68.5,68.6,8.8,7.0,229.3,230.9,1020.1,1020.1,-5.56,387.12,-0.02,33.0614,11.2371,418.4,50.1,1491.95, NAN, NAN, NAN, NAN,,2024/04/09 06:31:48.267,2024-04-09 06:31:48.267000+00:00
2024/04/09, 06:32:48.267,37.26,-73.859,11.22,26.2,30.23,10.64,13.5,13.5,1018.1,1018.0,0.0,0.0,0.03,0.01,232,239,4.4,3.5,68.5,68.8,9.1,8.1,232.2,232.1,1020.2,1020.1,-5.58,386.75,-0.02,33.1152,11.3666,417.1,50.4,1492.467, NAN, NAN, NAN, NAN,,2024/04/09 06:32:48.267,2024-04-09 06:32:48.267000+00:00
2024/04/09, 06:33:48.267,37.262,-73.857,11.08,24.22,31.91,10.23,13.5,13.4,1018.0,1018.0,0.0,0.0,0.03,0.01,232,238,4.3,3.7,68.4,68.7,8.9,8.2,232.0,232.7,1020.1,1020.1,-5.65,386.52,-0.02,33.1977,11.4419,413.2,50.6,1492.828, NAN, NAN, NAN, NAN,,2024/04/09 06:33:48.267,2024-04-09 06:33:48.267000+00:00
2024/04/09, 06:34:48.267,37.265,-73.855,11.21,24.44,35.82,10.5,13.4,13.4,1018.3,1018.1,0.0,0.0,0.03,0.01,228,263,3.8,3.3,68.2,68.6,8.7,7.0,228.7,239.3,1020.4,1020.2,-5.57,386.42,-0.02,33.2665,11.4966,405.9,50.7,1493.101, NAN, NAN, NAN, NAN,,2024/04/09 06:34:48.267,2024-04-09 06:34:48.267000+00:00
2024/04/09, 06:35:48.267,37.267,-73.853,11.22,23.65,28.61,10.39,13.4,13.4,1018.0,1018.0,0.0,0.0,0.03,0.01,237,251,5.3,4.1,68.8,69.0,9.6,8.0,234.8,237.0,1020.1,1020.1,-5.58,386.5,-0.02,33.3283,11.9438,408.3,50.7,1494.719, NAN, NAN, NAN, NAN,,2024/04/09 06:35:48.267,2024-04-09 06:35:48.267000+00:00
2024/04/09, 06:36:48.267,37.269,-73.851,11.11,26.16,35.77,10.45,13.4,13.4,1018.1,1018.2,0.0,0.0,0.03,0.01,231,239,4.7,3.7,68.7,69.0,9.3,8.2,233.3,233.6,1020.2,1020.3,-5.57,386.4,-0.02,33.3179,12.4393,409.9,50.9,1496.397, NAN, NAN, NAN, NAN,,2024/04/09 06:36:48.267,2024-04-09 06:36:48.267000+00:00
2024/04/09, 06:37:48.267,37.272,-73.849,11.05,23.73,35.82,10.59,13.4,13.4,1017.8,1017.8,0.0,0.0,0.03,0.01,231,251,4.4,2.8,68.2,68.5,9.2,7.2,231.8,233.3,1019.9,1019.9,-5.59,386.27,-0.02,33.429,12.675,404.0,51.1,1497.325, NAN, NAN, NAN, NAN,,2024/04/09 06:37:48.267,2024-04-09 06:37:48.267000+00:00
2024/04/09, 06:38:48.267,37.275,-73.847,11.17,24.1,32.52,10.53,13.4,13.4,1018.0,1017.8,0.0,0.0,0.03,0.01,229,259,4.0,2.7,68.1,68.3,8.8,6.8,229.0,233.7,1020.1,1019.9,-5.52,385.32,-0.02,33.7507,12.841,393.4,51.2,1498.265, NAN, NAN, NAN, NAN,,2024/04/09 06:38:48.267,2024-04-09 06:38:48.267000+00:00
2024/04/09, 06:39:48.267,37.277,-73.846,11.25,24.35,30.09,10.67,13.4,13.4,1018.0,1018.0,0.0,0.0,0.03,0.01,236,248,4.2,3.2,68.5,68.7,8.8,7.5,231.5,232.1,1020.1,1020.1,-5.45,384.7,-0.02,33.8144,12.84,388.8,51.3,1498.337, NAN, NAN, NAN, NAN,,2024/04/09 06:39:48.267,2024-04-09 06:39:48.267000+00:00
2024/04/09, 06:40:48.268,37.28,-73.844,11.31,23.56,27.26,10.19,13.4,13.4,1018.0,1018.1,0.0,0.0,0.03,0.01,237,250,5.1,3.9,68.7,69.0,9.3,7.8,234.4,236.0,1020.1,1020.2,-5.52,384.29,-0.03,33.8291,13.6396,388.8,51.4,1501.007, NAN, NAN, NAN, NAN,,2024/04/09 06:40:48.268,2024-04-09 06:40:48.268000+00:00
2024/04/09, 06:41:48.268,37.282,-73.842,11.08,25.8,32.07,10.63,13.4,13.4,1018.1,1017.8,0.0,0.0,0.03,0.01,238,247,4.0,3.5,68.9,69.0,8.5,7.8,233.2,234.6,1020.2,1019.9,-5.51,383.35,-0.02,33.7744,14.6296,390.2,52.0,1504.152, NAN, NAN, NAN, NAN,,2024/04/09 06:41:48.268,2024-04-09 06:41:48.268000+00:00
2024/04/09, 06:42:48.268,37.285,-73.84,11.23,23.24,24.25,10.94,13.3,13.4,1018.2,1017.8,0.0,0.0,0.03,0.01,237,259,4.4,3.4,69.2,69.6,8.8,7.1,228.0,231.3,1020.3,1019.9,-5.6,382.78,-0.02,33.9348,14.8949,380.4,52.5,1505.185, NAN, NAN, NAN, NAN,,2024/04/09 06:42:48.268,2024-04-09 06:42:48.268000+00:00
2024/04/09, 06:43:48.268,37.287,-73.838,11.15,23.77,23.9,10.66,13.3,13.3,1017.8,1017.7,0.0,0.0,0.03,0.01,242,250,4.1,3.5,69.3,69.7,8.3,7.5,230.7,231.0,1019.9,1019.8,-5.55,382.0,-0.02,34.3431,14.9044,367.5,52.5,1505.691, NAN, NAN, NAN, NAN,,2024/04/09 06:43:48.268,2024-04-09 06:43:48.268000+00:00
2024/04/09, 06:44:48.268,37.29,-73.837,11.29,24.08,23.85,10.67,13.3,13.3,1018.0,1017.8,0.0,0.0,0.03,0.01,236,252,3.9,3.3,69.6,70.0,8.4,7.3,228.2,231.3,1020.1,1019.9,-5.65,381.84,-0.02,34.4412,14.9236,370.2,52.7,1505.866, NAN, NAN, NAN, NAN,,2024/04/09 06:44:48.268,2024-04-09 06:44:48.268000+00:00
2024/04/09, 06:45:48.268,37.293,-73.835,11.53,23.06,29.07,10.64,13.3,13.3,1017.8,1017.8,0.0,0.0,0.03,0.01,239,259,3.9,3.2,69.8,69.8,8.4,7.1,230.3,234.0,1019.9,1019.9,-5.67,381.39,-0.02,34.4227,14.8948,367.0,52.9,1505.753, NAN, NAN, NAN, NAN,,2024/04/09 06:45:48.268,2024-04-09 06:45:48.268000+00:00
2024/04/09, 06:46:48.268,37.295,-73.833,11.49,23.97,30.41,10.68,13.3,13.3,1018.0,1018.0,0.0,0.0,0.03,0.01,229,235,4.5,3.9,70.1,70.1,9.3,8.5,228.8,229.6,1020.1,1020.1,-5.64,380.7,-0.02,34.4217,14.8692,364.1,53.2,1505.671, NAN, NAN, NAN, NAN,,2024/04/09 06:46:48.268,2024-04-09 06:46:48.268000+00:00
2024/04/09, 06:47:48.268,37.298,-73.831,11.44,24.48,26.32,10.59,13.3,13.3,1017.7,1017.6,0.0,0.0,0.03,0.01,233,239,4.7,3.8,70.1,70.4,9.2,8.2,230.1,229.6,1019.8,1019.7,-5.65,380.66,-0.03,34.3983,14.8641,360.6,53.1,1505.627, NAN, NAN, NAN, NAN,,2024/04/09 06:47:48.268,2024-04-09 06:47:48.268000+00:00
2024/04/09, 06:48:48.268,37.3,-73.83,11.67,24.33,29.1,10.45,13.3,13.3,1018.0,1018.0,0.0,0.0,0.03,0.01,230,250,4.7,3.3,70.0,70.2,9.3,7.4,229.7,232.6,1020.1,1020.1,-5.64,381.24,-0.03,34.3758,14.8855,362.7,53.1,1505.669, NAN, NAN, NAN, NAN,,2024/04/09 06:48:48.268,2024-04-09 06:48:48.268000+00:00
2024/04/09, 06:49:48.268,37.303,-73.828,11.57,23.84,30.49,10.54,13.3,13.4,1017.8,1017.8,0.0,0.0,0.03,0.01,227,229,4.7,3.9,69.3,69.6,9.5,8.7,228.6,227.5,1019.9,1019.9,-5.51,381.3,-0.03,34.3574,14.92,364.0,53.1,1505.757, NAN, NAN, NAN, NAN,,2024/04/09 06:49:48.268,2024-04-09 06:49:48.268000+00:00
2024/04/09, 06:50:48.268,37.306,-73.826,11.46,25.28,30.15,10.45,13.4,13.4,1017.8,1017.8,0.0,0.0,0.03,0.01,228,238,3.5,2.8,69.7,69.9,8.3,7.4,227.7,228.6,1019.9,1019.9,-5.49,380.74,-0.02,34.3521,14.9564,362.7,53.2,1505.866, NAN, NAN, NAN, NAN,,2024/04/09 06:50:48.268,2024-04-09 06:50:48.268000+00:00
2024/04/09, 06:51:48.268,37.308,-73.824,11.29,23.37,25.56,10.51,13.4,13.4,1017.8,1017.8,0.0,0.0,0.03,0.01,222,228,5.2,4.2,70.6,71.0,10.0,8.9,225.6,226.0,1019.9,1019.9,-5.5,379.75,-0.02,34.3575,14.9753,367.5,53.1,1505.933, NAN, NAN, NAN, NAN,,2024/04/09 06:51:48.268,2024-04-09 06:51:48.268000+00:00
2024/04/09, 06:52:48.268,37.311,-73.823,11.35,24.8,26.07,10.48,13.5,13.5,1018.0,1018.0,0.0,0.0,0.03,0.01,231,235,4.5,3.9,70.5,70.7,9.0,8.4,229.4,229.2,1020.1,1020.1,-5.42,378.6,-0.02,34.3684,14.9724,362.4,53.1,1505.936, NAN, NAN, NAN, NAN,,2024/04/09 06:52:48.268,2024-04-09 06:52:48.268000+00:00
2024/04/09, 06:53:48.268,37.313,-73.821,11.48,22.79,25.88,10.54,13.5,13.5,1017.8,1017.8,0.0,0.0,0.03,0.01,234,240,4.4,3.9,71.0,71.0,8.9,8.3,229.4,230.2,1019.9,1019.9,-5.52,378.58,-0.02,34.3842,14.9831,363.6,53.3,1505.988, NAN, NAN, NAN, NAN,,2024/04/09 06:53:48.268,2024-04-09 06:53:48.268000+00:00
2024/04/09, 06:54:48.269,37.316,-73.819,11.49,24.19,31.71,10.54,13.5,13.5,1017.8,1017.8,0.0,0.0,0.03,0.01,222,227,5.2,4.2,70.0,70.1,10.1,9.0,227.7,227.8,1019.9,1019.9,-5.39,378.8,-0.02,34.398,14.9888,359.3,53.4,1506.022, NAN, NAN, NAN, NAN,,2024/04/09 06:54:48.269,2024-04-09 06:54:48.269000+00:00
2024/04/09, 06:55:48.269,37.318,-73.817,11.42,24.48,29.88,10.38,13.6,13.6,1017.7,1018.0,0.0,0.0,0.03,0.01,226,233,5.0,3.8,69.6,69.7,9.7,8.4,230.2,230.2,1019.8,1020.1,-5.35,380.6,-0.02,34.4156,14.9585,362.7,53.3,1505.947, NAN, NAN, NAN, NAN,,2024/04/09 06:55:48.269,2024-04-09 06:55:48.269000+00:00
2024/04/09, 06:56:48.269,37.321,-73.816,11.27,23.57,25.54,10.19,13.6,13.6,1017.7,1017.8,0.0,0.0,0.03,0.01,224,225,4.8,3.8,70.3,70.3,9.4,8.4,225.8,223.7,1019.8,1019.9,-5.34,382.55,-0.02,34.4301,14.8752,358.7,53.4,1505.7, NAN, NAN, NAN, NAN,,2024/04/09 06:56:48.269,2024-04-09 06:56:48.269000+00:00
2024/04/09, 06:57:48.269,37.323,-73.814,11.44,23.37,27.39,10.16,13.6,13.6,1017.9,1017.8,0.0,0.0,0.03,0.01,227,227,4.9,4.2,69.7,69.8,9.5,8.8,228.7,227.0,1020.0,1019.9,-5.34,384.31,-0.02,34.4289,15.0662,358.7,53.2,1506.303, NAN, NAN, NAN, NAN,,2024/04/09 06:57:48.269,2024-04-09 06:57:48.269000+00:00
2024/04/09, 06:58:48.269,37.326,-73.812,11.7,24.56,27.24,10.3,13.6,13.7,1018.1,1017.8,0.0,0.0,0.03,0.01,223,226,6.0,4.5,69.7,69.9,10.6,9.1,228.7,227.1,1020.2,1019.9,-5.43,385.08,-0.02,34.4177,15.394,359.0,53.4,1507.321, NAN, NAN, NAN, NAN,,2024/04/09 06:58:48.269,2024-04-09 06:58:48.269000+00:00
2024/04/09, 06:59:48.269,37.328,-73.811,11.4,23.97,29.01,10.2,13.6,13.6,1018.0,1018.0,0.0,0.0,0.03,0.01,227,230,5.4,4.4,69.8,70.2,9.9,8.8,229.2,228.1,1020.1,1020.1,-5.24,385.25,-0.02,34.4338,15.5224,353.2,53.6,1507.741, NAN, NAN, NAN, NAN,,2024/04/09 06:59:48.269,2024-04-09 06:59:48.269000+00:00
2024/04/09, 07:00:48.269,37.331,-73.809,11.17,24.29,25.11,10.26,13.6,13.7,1017.8,1018.0,0.0,0.0,0.03,0.01,233,250,4.4,2.9,69.5,69.7,8.8,6.9,229.6,229.6,1019.9,1020.1,-5.38,385.84,-0.02,34.5726,15.4364,345.9,53.6,1507.634, NAN, NAN, NAN, NAN,,2024/04/09 07:00:48.269,2024-04-09 07:00:48.269000+00:00
2024/04/09, 07:01:48.269,37.333,-73.807,11.3,24.64,27.56,10.37,13.7,13.7,1018.0,1017.6,0.0,0.0,0.03,0.01,228,233,5.1,4.0,70.1,69.6,9.7,8.5,230.5,229.8,1020.1,1019.7,-5.27,386.12,-0.02,34.6118,15.3657,337.4,53.7,1507.458, NAN, NAN, NAN, NAN,,2024/04/09 07:01:48.269,2024-04-09 07:01:48.269000+00:00
2024/04/09, 07:02:48.269,37.336,-73.806,11.33,24.65,26.19,10.49,13.7,13.7,1017.8,1017.8,0.0,0.0,0.03,0.01,224,230,5.5,4.1,70.3,70.1,10.2,8.7,228.0,227.3,1019.9,1019.9,-5.29,386.38,-0.02,34.5625,15.3169,339.2,53.8,1507.248, NAN, NAN, NAN, NAN,,2024/04/09 07:02:48.269,2024-04-09 07:02:48.269000+00:00
2024/04/09, 07:03:48.269,37.339,-73.804,11.47,24.3,28.07,10.65,13.7,13.7,1017.8,1017.8,0.0,0.0,0.03,0.01,237,254,5.5,4.1,70.4,70.5,9.8,7.9,234.6,237.3,1019.9,1019.9,-5.34,386.81,-0.02,34.5039,15.2888,334.8,53.6,1507.091, NAN, NAN, NAN, NAN,,2024/04/09 07:03:48.269,2024-04-09 07:03:48.269000+00:00
2024/04/09, 07:04:48.269,37.341,-73.802,11.42,23.82,27.92,10.4,13.7,13.7,1017.8,1017.7,0.0,0.0,0.03,0.01,236,261,5.2,3.4,69.8,70.2,9.5,7.0,233.5,236.4,1019.9,1019.8,-5.28,387.67,-0.02,34.4522,15.269,336.8,54.0,1506.969, NAN, NAN, NAN, NAN,,2024/04/09 07:04:48.269,2024-04-09 07:04:48.269000+00:00
2024/04/09, 07:05:48.269,37.344,-73.801,11.45,23.95,28.75,10.49,13.7,13.7,1017.8,1017.9,0.0,0.0,0.03,0.01,223,231,5.4,3.7,70.0,70.0,10.2,8.4,227.8,227.2,1019.9,1020.0,-5.23,387.59,-0.02,34.4126,15.2761,344.3,53.8,1506.945, NAN, NAN, NAN, NAN,,2024/04/09 07:05:48.269,2024-04-09 07:05:48.269000+00:00
2024/04/09, 07:06:48.269,37.346,-73.799,11.58,23.0,21.79,10.53,13.7,13.7,1017.8,1017.8,0.0,0.0,0.03,0.01,229,237,5.8,4.4,70.7,70.8,10.2,8.7,228.8,228.7,1019.9,1019.9,-5.31,387.74,-0.02,34.3859,15.2758,348.0,54.2,1506.913, NAN, NAN, NAN, NAN,,2024/04/09 07:06:48.269,2024-04-09 07:06:48.269000+00:00
2024/04/09, 07:07:48.269,37.349,-73.797,11.49,24.9,29.28,10.63,13.7,13.7,1018.0,1018.0,0.0,0.0,0.03,0.01,220,226,5.4,4.5,70.9,71.0,10.3,9.3,226.8,227.8,1020.1,1020.1,-5.33,387.62,-0.02,34.3755,15.2679,353.6,54.3,1506.877, NAN, NAN, NAN, NAN,,2024/04/09 07:07:48.269,2024-04-09 07:07:48.269000+00:00
2024/04/09, 07:08:48.269,37.352,-73.795,11.33,24.26,26.63,10.37,13.7,13.7,1018.0,1017.8,0.0,0.0,0.03,0.01,230,240,4.1,3.2,70.1,70.4,8.7,7.6,227.7,228.2,1020.1,1019.9,-5.27,387.46,-0.02,34.3761,15.244,356.9,54.1,1506.802, NAN, NAN, NAN, NAN,,2024/04/09 07:08:48.269,2024-04-09 07:08:48.269000+00:00
2024/04/09, 07:09:48.269,37.354,-73.794,11.38,23.91,26.79,10.61,13.7,13.8,1017.8,1017.8,0.0,0.0,0.03,0.01,238,249,4.4,3.3,71.2,71.4,8.8,7.4,231.3,230.9,1019.9,1019.9,-5.21,387.87,-0.02,34.3758,15.1612,362.4,54.2,1506.541, NAN, NAN, NAN, NAN,,2024/04/09 07:09:48.269,2024-04-09 07:09:48.269000+00:00
2024/04/09, 07:10:48.270,37.357,-73.792,11.55,23.0,21.48,10.35,13.7,13.7,1017.8,1017.6,0.0,0.0,0.03,0.01,229,240,5.3,3.7,70.9,70.9,9.7,7.9,227.8,227.5,1019.9,1019.7,-5.29,387.79,-0.02,34.3789,14.981,356.6,54.4,1505.976, NAN, NAN, NAN, NAN,,2024/04/09 07:10:48.270,2024-04-09 07:10:48.270000+00:00
2024/04/09, 07:11:48.270,37.359,-73.79,11.6,25.37,27.24,10.47,13.7,13.7,1018.0,1017.6,0.0,0.0,0.03,0.01,226,227,5.3,4.1,71.1,70.6,9.9,8.8,229.4,226.9,1020.1,1019.7,-5.4,387.55,-0.02,34.3645,14.9164,356.0,54.5,1505.754, NAN, NAN, NAN, NAN,,2024/04/09 07:11:48.270,2024-04-09 07:11:48.270000+00:00
2024/04/09, 07:12:48.270,37.362,-73.789,11.54,24.06,25.5,10.43,13.7,13.7,1018.1,1018.0,0.0,0.0,0.03,0.01,224,227,5.3,3.9,71.1,71.7,10.0,8.6,227.1,225.0,1020.2,1020.1,-5.39,386.86,-0.02,34.3416,15.0713,350.5,54.6,1506.218, NAN, NAN, NAN, NAN,,2024/04/09 07:12:48.270,2024-04-09 07:12:48.270000+00:00
2024/04/09, 07:13:48.270,37.364,-73.787,11.36,24.47,25.89,10.33,13.7,13.7,1018.0,1018.0,0.0,0.0,0.03,0.01,229,239,4.6,3.4,71.9,72.2,9.0,7.7,227.5,227.4,1020.1,1020.1,-5.36,386.41,-0.02,34.3235,15.1119,364.1,54.3,1506.325, NAN, NAN, NAN, NAN,,2024/04/09 07:13:48.270,2024-04-09 07:13:48.270000+00:00
2024/04/09, 07:14:48.270,37.367,-73.785,11.43,24.41,23.4,10.28,13.7,13.7,1017.4,1017.6,0.0,0.0,0.03,0.01,225,229,5.4,4.1,71.2,71.6,9.9,8.6,228.1,226.6,1019.5,1019.7,-5.4,386.2,-0.02,34.3909,14.9711,359.0,54.3,1505.958, NAN, NAN, NAN, NAN,,2024/04/09 07:14:48.270,2024-04-09 07:14:48.270000+00:00
2024/04/09, 07:15:48.270,37.369,-73.784,11.39,24.5,29.11,10.09,13.6,13.6,1017.6,1017.6,0.0,0.0,0.03,0.01,229,234,5.8,4.4,70.8,71.0,10.2,8.8,233.2,232.4,1019.7,1019.7,-5.39,386.14,-0.02,34.4455,14.9018,359.0,54.3,1505.802, NAN, NAN, NAN, NAN,,2024/04/09 07:15:48.270,2024-04-09 07:15:48.270000+00:00
2024/04/09, 07:16:48.270,37.372,-73.782,11.36,24.41,29.13,10.01,13.6,13.6,1018.0,1018.1,0.0,0.0,0.03,0.01,222,229,6.1,4.5,70.4,70.3,10.7,9.0,229.8,230.2,1020.1,1020.2,-5.43,385.9,-0.02,34.4042,14.9179,357.7,54.0,1505.805, NAN, NAN, NAN, NAN,,2024/04/09 07:16:48.270,2024-04-09 07:16:48.270000+00:00
2024/04/09, 07:17:48.270,37.374,-73.781,11.39,23.07,26.0,10.02,13.6,13.6,1018.0,1018.0,0.0,0.0,0.03,0.01,228,238,6.1,4.5,71.7,71.8,10.4,8.6,230.6,231.6,1020.1,1020.1,-5.42,386.02,-0.02,34.3913,15.133,363.6,54.4,1506.47, NAN, NAN, NAN, NAN,,2024/04/09 07:17:48.270,2024-04-09 07:17:48.270000+00:00
2024/04/09, 07:18:48.270,37.377,-73.779,11.51,24.24,27.78,10.1,13.6,13.6,1017.7,1017.6,0.0,0.0,0.03,0.01,229,243,6.1,3.9,71.4,72.0,10.5,8.0,232.8,233.4,1019.8,1019.7,-5.42,385.22,-0.02,34.3926,15.41,360.8,54.3,1507.342, NAN, NAN, NAN, NAN,,2024/04/09 07:18:48.270,2024-04-09 07:18:48.270000+00:00
2024/04/09, 07:19:48.270,37.379,-73.777,11.4,23.31,24.77,9.88,13.6,13.6,1017.6,1017.4,0.0,0.0,0.03,0.01,221,224,6.2,4.7,70.7,70.9,10.6,9.1,226.8,225.5,1019.7,1019.5,-5.49,382.77,-0.02,34.457,15.6068,356.6,54.5,1508.031, NAN, NAN, NAN, NAN,,2024/04/09 07:19:48.270,2024-04-09 07:19:48.270000+00:00
2024/04/09, 07:20:48.270,37.382,-73.776,11.35,22.68,25.61,10.1,13.6,13.6,1017.4,1017.4,0.0,0.0,0.03,0.01,222,222,5.6,5.1,71.7,72.0,10.2,9.7,225.8,224.9,1019.5,1019.5,-5.36,380.06,-0.02,34.5455,15.7894,353.6,54.2,1508.701, NAN, NAN, NAN, NAN,,2024/04/09 07:20:48.270,2024-04-09 07:20:48.270000+00:00
2024/04/09, 07:21:48.270,37.385,-73.774,11.47,23.89,25.49,10.28,13.7,13.7,1017.6,1017.6,0.0,0.0,0.03,0.01,227,227,5.9,4.5,72.2,72.2,10.3,9.0,229.0,225.7,1019.7,1019.7,-5.43,377.2,-0.02,34.5977,15.9361,355.6,54.7,1509.215, NAN, NAN, NAN, NAN,,2024/04/09 07:21:48.270,2024-04-09 07:21:48.270000+00:00
2024/04/09, 07:22:48.270,37.387,-73.773,11.43,22.84,28.06,9.94,13.7,13.7,1017.8,1017.8,0.0,0.0,0.03,0.01,230,232,5.7,4.5,71.4,72.0,10.0,8.8,231.3,229.4,1019.9,1019.9,-5.44,374.31,-0.02,34.6545,16.0341,346.8,54.5,1509.583, NAN, NAN, NAN, NAN,,2024/04/09 07:22:48.270,2024-04-09 07:22:48.270000+00:00
2024/04/09, 07:23:48.270,37.39,-73.771,11.39,23.67,24.62,10.24,13.7,13.7,1017.5,1017.5,0.0,0.0,0.03,0.01,229,233,6.2,4.9,71.5,71.7,10.5,9.1,230.8,229.7,1019.6,1019.6,-5.49,370.21,-0.02,34.6977,16.1728,342.5,54.4,1510.059, NAN, NAN, NAN, NAN,,2024/04/09 07:23:48.270,2024-04-09 07:23:48.270000+00:00
2024/04/09, 07:24:48.270,37.392,-73.77,11.27,24.34,25.76,9.75,13.7,13.8,1017.8,1017.7,0.0,0.0,0.03,0.01,226,229,6.7,5.0,71.7,71.7,10.9,9.2,231.6,229.7,1019.9,1019.8,-5.48,365.76,-0.03,34.7296,16.266,340.9,54.6,1510.381, NAN, NAN, NAN, NAN,,2024/04/09 07:24:48.270,2024-04-09 07:24:48.270000+00:00
2024/04/09, 07:25:48.270,37.394,-73.768,11.42,24.23,25.5,10.08,13.8,13.8,1017.5,1017.6,0.0,0.0,0.03,0.01,224,229,6.8,5.3,70.8,71.0,11.2,9.6,230.4,230.3,1019.6,1019.7,-5.58,361.73,-0.03,34.7681,16.3591,333.7,54.9,1510.71, NAN, NAN, NAN, NAN,,2024/04/09 07:25:48.270,2024-04-09 07:25:48.270000+00:00
2024/04/09, 07:26:48.270,37.397,-73.767,11.45,23.06,24.63,9.67,13.8,13.8,1017.7,1017.9,0.0,0.0,0.03,0.01,229,234,6.8,5.2,70.8,71.4,10.9,9.2,232.9,232.2,1019.8,1020.0,-5.65,359.32,-0.03,34.7809,16.4504,337.9,55.0,1511.003, NAN, NAN, NAN, NAN,,2024/04/09 07:26:48.270,2024-04-09 07:26:48.270000+00:00
2024/04/09, 07:27:48.271,37.399,-73.765,11.39,22.92,27.06,9.86,13.8,13.9,1017.5,1017.5,0.0,0.0,0.03,0.01,226,232,6.3,4.5,71.2,71.4,10.6,8.7,230.4,229.5,1019.6,1019.6,-5.58,358.66,-0.03,34.8049,16.3463,334.5,54.6,1510.713, NAN, NAN, NAN, NAN,,2024/04/09 07:27:48.271,2024-04-09 07:27:48.271000+00:00
2024/04/09, 07:28:48.271,37.402,-73.764,11.52,24.65,23.09,10.06,13.9,13.9,1017.6,1017.4,0.0,0.0,0.03,0.01,222,232,5.6,4.5,72.4,72.5,10.1,8.7,226.9,229.1,1019.7,1019.5,-5.71,357.58,-0.02,34.8292,16.0778,333.7,54.7,1509.919, NAN, NAN, NAN, NAN,,2024/04/09 07:28:48.271,2024-04-09 07:28:48.271000+00:00
2024/04/09, 07:29:48.271,37.404,-73.762,11.38,23.0,23.63,9.91,13.9,13.9,1017.5,1017.6,0.0,0.0,0.03,0.01,224,231,7.4,6.1,70.0,70.4,11.7,10.2,230.2,232.0,1019.6,1019.7,-5.73,355.8,-0.03,34.8109,15.73,329.1,54.5,1508.824, NAN, NAN, NAN, NAN,,2024/04/09 07:29:48.271,2024-04-09 07:29:48.271000+00:00
2024/04/09, 07:30:48.271,37.407,-73.761,11.56,23.85,31.75,9.91,13.9,13.9,1017.5,1017.4,0.0,0.0,0.03,0.01,219,219,7.8,6.5,71.2,71.4,12.4,11.1,229.7,228.2,1019.6,1019.5,-5.75,356.31,-0.03,34.7132,15.5292,332.1,54.9,1508.087, NAN, NAN, NAN, NAN,,2024/04/09 07:30:48.271,2024-04-09 07:30:48.271000+00:00
2024/04/09, 07:31:48.271,37.409,-73.759,11.51,23.93,31.46,9.8,13.9,13.9,1017.5,1017.4,0.0,0.0,0.03,0.01,225,230,6.2,4.4,71.2,71.3,10.6,8.7,231.4,230.2,1019.6,1019.5,-5.75,358.15,-0.02,34.5901,15.467,332.1,54.6,1507.75, NAN, NAN, NAN, NAN,,2024/04/09 07:31:48.271,2024-04-09 07:31:48.271000+00:00
2024/04/09, 07:32:48.271,37.412,-73.757,11.43,24.02,32.06,9.84,13.9,13.9,1017.0,1017.0,0.0,0.0,0.03,0.01,222,224,7.2,5.5,70.4,70.7,11.7,10.0,231.1,229.6,1019.1,1019.1,-5.87,359.72,-0.02,34.5178,15.471,339.2,54.5,1507.678, NAN, NAN, NAN, NAN,,2024/04/09 07:32:48.271,2024-04-09 07:32:48.271000+00:00
2024/04/09, 07:33:48.271,37.414,-73.756,11.28,24.41,29.35,10.01,13.9,13.9,1017.2,1017.3,0.0,0.0,0.03,0.01,231,233,6.4,5.2,72.2,72.3,10.6,9.4,234.9,233.4,1019.3,1019.4,-5.81,361.43,-0.03,34.4751,15.4372,344.9,54.5,1507.523, NAN, NAN, NAN, NAN,,2024/04/09 07:33:48.271,2024-04-09 07:33:48.271000+00:00
2024/04/09, 07:34:48.271,37.417,-73.754,11.34,24.05,28.75,10.07,13.9,13.9,1017.4,1017.4,0.0,0.0,0.03,0.01,236,246,5.4,4.3,69.7,69.9,9.6,8.2,235.7,237.1,1019.5,1019.5,-5.84,361.36,-0.03,34.4761,15.3556,345.6,54.5,1507.269, NAN, NAN, NAN, NAN,,2024/04/09 07:34:48.271,2024-04-09 07:34:48.271000+00:00
2024/04/09, 07:35:48.271,37.419,-73.752,11.32,23.58,27.31,10.1,13.9,13.9,1017.5,1017.4,0.0,0.0,0.03,0.01,227,228,6.5,5.4,69.1,69.4,10.9,9.8,231.8,230.3,1019.6,1019.5,-5.8,360.31,-0.03,34.4763,15.248,354.4,54.5,1506.931, NAN, NAN, NAN, NAN,,2024/04/09 07:35:48.271,2024-04-09 07:35:48.271000+00:00
2024/04/09, 07:36:48.271,37.422,-73.751,11.3,23.66,27.95,10.2,13.9,13.9,1017.2,1017.2,0.0,0.0,0.03,0.01,230,234,5.6,3.7,70.9,70.8,10.0,8.1,231.3,227.9,1019.3,1019.3,-5.85,359.08,-0.03,34.448,15.1284,355.0,54.4,1506.522, NAN, NAN, NAN, NAN,,2024/04/09 07:36:48.271,2024-04-09 07:36:48.271000+00:00
2024/04/09, 07:37:48.271,37.424,-73.749,11.52,23.86,27.15,10.35,13.9,13.9,1017.2,1017.2,0.0,0.0,0.03,0.01,222,225,6.0,4.5,71.0,71.3,10.7,9.2,227.8,226.3,1019.3,1019.3,-5.76,357.44,-0.02,34.4157,15.0081,353.9,54.5,1506.104, NAN, NAN, NAN, NAN,,2024/04/09 07:37:48.271,2024-04-09 07:37:48.271000+00:00
2024/04/09, 07:38:48.271,37.427,-73.747,11.33,24.23,26.32,10.13,13.9,13.9,1017.2,1017.1,0.0,0.0,0.03,0.01,222,225,6.6,5.2,72.1,72.2,11.1,9.7,229.2,228.4,1019.3,1019.2,-5.81,356.68,-0.02,34.3745,14.9239,347.6,54.4,1505.79, NAN, NAN, NAN, NAN,,2024/04/09 07:38:48.271,2024-04-09 07:38:48.271000+00:00
2024/04/09, 07:39:48.271,37.429,-73.746,11.38,25.09,30.47,10.48,13.9,13.9,1017.3,1017.3,0.0,0.0,0.03,0.01,222,221,8.6,8.7,69.8,69.8,13.3,13.4,232.7,232.2,1019.4,1019.4,-5.83,355.13,-0.02,34.3331,14.8853,350.5,54.4,1505.619, NAN, NAN, NAN, NAN,,2024/04/09 07:39:48.271,2024-04-09 07:39:48.271000+00:00
2024/04/09, 07:40:48.271,37.432,-73.744,11.48,24.32,31.86,10.52,13.9,13.9,1016.9,1016.9,0.0,0.0,0.03,0.01,222,220,6.3,5.4,70.4,70.4,11.1,10.3,229.6,227.1,1019.0,1019.0,-5.89,352.89,-0.03,34.3061,14.8343,355.6,54.5,1505.425, NAN, NAN, NAN, NAN,,2024/04/09 07:40:48.271,2024-04-09 07:40:48.271000+00:00
2024/04/09, 07:41:48.271,37.434,-73.742,11.42,23.81,27.42,10.3,13.9,13.9,1017.2,1017.0,0.0,0.0,0.03,0.01,228,231,6.4,4.8,69.9,69.9,10.9,9.3,232.3,230.4,1019.3,1019.1,-5.94,348.88,-0.03,34.2937,14.7375,363.0,54.1,1505.103, NAN, NAN, NAN, NAN,,2024/04/09 07:41:48.271,2024-04-09 07:41:48.271000+00:00
2024/04/09, 07:42:48.271,37.437,-73.74,11.51,24.02,29.1,10.36,13.9,14.0,1017.0,1016.9,0.0,0.0,0.03,0.01,223,224,8.4,8.1,69.9,70.4,13.0,12.7,232.2,232.4,1019.1,1019.0,-6.0,344.23,-0.02,34.2827,14.645,370.5,53.9,1504.795, NAN, NAN, NAN, NAN,,2024/04/09 07:42:48.271,2024-04-09 07:42:48.271000+00:00
2024/04/09, 07:43:48.272,37.439,-73.739,11.43,24.48,26.35,10.01,13.9,14.0,1017.4,1017.3,0.0,0.0,0.03,0.01,238,252,6.0,4.3,68.9,69.2,9.9,7.8,237.5,238.8,1019.5,1019.4,-6.1,339.89,-0.02,34.255,14.5255,383.0,54.2,1504.38, NAN, NAN, NAN, NAN,,2024/04/09 07:43:48.272,2024-04-09 07:43:48.272000+00:00
2024/04/09, 07:44:48.272,37.442,-73.737,11.45,24.57,30.12,10.21,14.0,14.0,1017.1,1016.9,0.0,0.0,0.03,0.01,225,228,6.2,4.9,69.2,69.6,10.9,9.5,232.6,231.8,1019.2,1019.0,-6.19,337.52,-0.02,34.2324,14.6006,385.4,54.2,1504.594, NAN, NAN, NAN, NAN,,2024/04/09 07:44:48.272,2024-04-09 07:44:48.272000+00:00
2024/04/09, 07:45:48.272,37.444,-73.735,11.39,23.37,26.07,9.79,14.0,14.0,1017.1,1017.2,0.0,0.0,0.03,0.01,230,231,5.8,4.5,68.9,69.3,10.0,8.7,232.1,229.5,1019.2,1019.3,-6.17,336.36,-0.02,34.1991,14.8623,390.8,54.1,1505.389, NAN, NAN, NAN, NAN,,2024/04/09 07:45:48.272,2024-04-09 07:45:48.272000+00:00
2024/04/09, 07:46:48.272,37.447,-73.734,11.38,23.68,28.09,10.0,14.0,14.0,1017.3,1017.2,0.0,0.0,0.03,0.01,231,232,7.1,6.0,70.4,70.6,11.3,10.2,235.2,233.7,1019.4,1019.3,-6.18,335.81,-0.02,34.2117,14.8282,391.2,54.3,1505.296, NAN, NAN, NAN, NAN,,2024/04/09 07:46:48.272,2024-04-09 07:46:48.272000+00:00
2024/04/09, 07:47:48.272,37.449,-73.732,11.35,22.7,25.44,10.23,14.0,14.1,1017.0,1017.3,0.0,0.0,0.03,0.01,227,229,7.5,7.4,69.6,70.3,11.9,11.7,232.0,233.0,1019.1,1019.4,-6.15,334.95,-0.02,34.3092,14.9249,382.4,54.5,1505.717, NAN, NAN, NAN, NAN,,2024/04/09 07:47:48.272,2024-04-09 07:47:48.272000+00:00
2024/04/09, 07:48:48.272,37.452,-73.73,11.46,23.09,26.87,10.2,14.0,14.1,1017.0,1016.8,0.0,0.0,0.03,0.01,225,224,8.7,8.6,68.9,69.6,13.1,13.0,232.6,231.9,1019.1,1018.9,-6.21,334.55,-0.02,34.2961,14.9801,385.4,54.3,1505.876, NAN, NAN, NAN, NAN,,2024/04/09 07:48:48.272,2024-04-09 07:48:48.272000+00:00
2024/04/09, 07:49:48.272,37.454,-73.729,11.4,23.61,25.11,10.33,14.1,14.1,1016.9,1016.8,0.0,0.0,0.03,0.01,229,236,6.8,5.7,68.7,69.0,11.2,9.9,232.8,234.3,1019.0,1018.9,-6.21,333.83,-0.02,34.3243,15.099,387.8,54.1,1506.285, NAN, NAN, NAN, NAN,,2024/04/09 07:49:48.272,2024-04-09 07:49:48.272000+00:00
2024/04/09, 07:50:48.272,37.457,-73.727,11.36,24.53,27.39,10.23,14.1,14.1,1017.1,1017.0,0.0,0.0,0.03,0.01,227,226,7.3,6.7,70.0,70.2,11.7,11.1,233.3,231.8,1019.2,1019.1,-6.23,333.61,-0.02,34.3366,15.3412,376.8,54.1,1507.062, NAN, NAN, NAN, NAN,,2024/04/09 07:50:48.272,2024-04-09 07:50:48.272000+00:00
2024/04/09, 07:51:48.272,37.459,-73.725,11.42,24.83,26.93,10.3,14.1,14.2,1017.0,1017.0,0.0,0.0,0.03,0.01,223,226,7.6,6.8,69.5,69.3,12.1,11.3,231.6,232.2,1019.1,1019.1,-6.23,333.34,-0.02,34.3694,15.9468,374.7,54.4,1508.984, NAN, NAN, NAN, NAN,,2024/04/09 07:51:48.272,2024-04-09 07:51:48.272000+00:00
2024/04/09, 07:52:48.272,37.462,-73.723,11.55,22.66,28.73,10.15,14.2,14.2,1017.0,1017.0,0.0,0.0,0.03,0.01,223,223,8.0,7.5,70.2,70.6,12.6,12.1,231.3,230.7,1019.1,1019.1,-6.17,333.03,-0.02,34.4345,16.1338,365.7,54.8,1509.636, NAN, NAN, NAN, NAN,,2024/04/09 07:52:48.272,2024-04-09 07:52:48.272000+00:00
2024/04/09, 07:53:48.272,37.464,-73.722,11.53,23.37,30.1,10.45,14.2,14.2,1017.2,1017.0,0.0,0.0,0.03,0.01,240,243,6.9,6.5,68.8,69.3,11.0,10.5,240.5,241.4,1019.3,1019.1,-6.23,333.73,-0.02,34.6198,16.0018,348.3,55.0,1509.443, NAN, NAN, NAN, NAN,,2024/04/09 07:53:48.272,2024-04-09 07:53:48.272000+00:00
2024/04/09, 07:54:48.272,37.467,-73.72,11.44,23.94,29.28,10.33,14.2,14.2,1017.0,1017.0,0.0,0.0,0.03,0.01,233,238,7.1,5.8,69.0,69.3,11.3,9.9,236.3,236.3,1019.1,1019.1,-6.19,333.7,-0.02,34.7275,15.8759,338.5,55.0,1509.179, NAN, NAN, NAN, NAN,,2024/04/09 07:54:48.272,2024-04-09 07:54:48.272000+00:00
2024/04/09, 07:55:48.272,37.469,-73.718,11.53,25.08,31.1,10.15,14.3,14.3,1016.9,1017.0,0.0,0.0,0.03,0.01,228,231,7.4,6.3,69.5,69.6,11.9,10.7,236.4,236.4,1019.0,1019.1,-6.17,333.72,-0.02,34.6732,15.8438,343.2,55.3,1509.017, NAN, NAN, NAN, NAN,,2024/04/09 07:55:48.272,2024-04-09 07:55:48.272000+00:00
2024/04/09, 07:56:48.272,37.472,-73.717,11.44,23.92,26.97,10.34,14.3,14.3,1017.0,1017.1,0.0,0.0,0.03,0.01,225,225,8.8,7.8,71.6,71.7,13.3,12.3,233.5,232.3,1019.1,1019.2,-6.14,333.24,-0.03,34.6168,15.7001,354.4,55.2,1508.507, NAN, NAN, NAN, NAN,,2024/04/09 07:56:48.272,2024-04-09 07:56:48.272000+00:00
2024/04/09, 07:57:48.272,37.474,-73.715,11.51,26.33,33.63,10.55,14.3,14.3,1016.9,1016.8,0.0,0.0,0.03,0.01,227,229,7.6,7.3,69.7,69.6,12.2,11.8,236.2,236.9,1019.0,1018.9,-6.23,333.73,-0.02,34.5988,15.6787,352.6,55.3,1508.419, NAN, NAN, NAN, NAN,,2024/04/09 07:57:48.272,2024-04-09 07:57:48.272000+00:00
2024/04/09, 07:58:48.272,37.477,-73.713,11.59,23.67,27.91,10.17,14.3,14.3,1016.8,1016.8,0.0,0.0,0.03,0.01,228,230,6.9,5.9,68.4,69.0,11.3,10.3,233.1,232.4,1018.9,1018.9,-6.22,333.69,-0.02,34.5431,15.8066,360.3,55.4,1508.752, NAN, NAN, NAN, NAN,,2024/04/09 07:58:48.272,2024-04-09 07:58:48.272000+00:00
2024/04/09, 07:59:48.273,37.479,-73.711,11.65,23.96,30.36,10.04,14.3,14.4,1016.8,1016.8,0.0,0.0,0.03,0.01,232,224,6.0,5.8,69.4,69.8,10.3,10.3,234.5,229.8,1018.9,1018.9,-6.29,333.89,-0.02,34.5268,15.8321,362.0,55.2,1508.812, NAN, NAN, NAN, NAN,,2024/04/09 07:59:48.273,2024-04-09 07:59:48.273000+00:00
2024/04/09, 08:00:48.273,37.482,-73.71,11.53,23.65,28.0,10.14,14.4,14.4,1016.8,1016.5,0.0,0.0,0.03,0.01,228,233,6.7,5.0,69.5,69.8,11.1,9.3,232.9,232.0,1018.9,1018.6,-6.26,333.44,-0.02,34.5678,15.8914,359.6,55.4,1509.043, NAN, NAN, NAN, NAN,,2024/04/09 08:00:48.273,2024-04-09 08:00:48.273000+00:00
2024/04/09, 08:01:48.273,37.484,-73.708,11.51,24.17,23.53,10.09,14.4,14.4,1016.3,1016.4,0.0,0.0,0.03,0.01,221,224,7.1,5.8,69.8,69.8,11.6,10.3,228.8,228.4,1018.4,1018.5,-6.21,332.76,-0.02,34.5823,15.996,357.2,54.9,1509.382, NAN, NAN, NAN, NAN,,2024/04/09 08:01:48.273,2024-04-09 08:01:48.273000+00:00
2024/04/09, 08:02:48.273,37.486,-73.706,11.39,24.53,27.71,9.98,14.4,14.5,1016.8,1016.5,0.0,0.0,0.03,0.01,223,225,9.1,9.1,71.6,71.8,13.4,13.3,233.1,234.5,1018.9,1018.6,-6.23,332.51,-0.02,34.6064,16.1725,356.9,55.1,1509.953, NAN, NAN, NAN, NAN,,2024/04/09 08:02:48.273,2024-04-09 08:02:48.273000+00:00
2024/04/09, 08:03:48.273,37.489,-73.705,11.36,22.8,31.19,9.72,14.4,14.4,1016.8,1016.6,0.0,0.0,0.03,0.01,232,232,7.8,6.6,68.0,68.0,11.8,10.7,236.9,234.9,1018.9,1018.7,-6.32,332.53,-0.02,34.6364,16.2582,352.0,55.2,1510.25, NAN, NAN, NAN, NAN,,2024/04/09 08:03:48.273,2024-04-09 08:03:48.273000+00:00
2024/04/09, 08:04:48.273,37.491,-73.703,11.57,24.84,31.31,10.06,14.4,14.4,1016.8,1016.9,0.0,0.0,0.03,0.01,227,229,8.2,8.1,66.6,67.0,12.5,12.3,235.6,236.8,1018.9,1019.0,-6.19,332.19,-0.02,34.7013,16.5253,340.1,55.4,1511.139, NAN, NAN, NAN, NAN,,2024/04/09 08:04:48.273,2024-04-09 08:04:48.273000+00:00
2024/04/09, 08:05:48.273,37.494,-73.702,11.67,23.5,27.47,10.03,14.4,14.4,1016.9,1017.0,0.0,0.0,0.03,0.01,228,232,7.9,7.5,67.6,68.1,12.2,11.6,234.7,236.5,1019.0,1019.1,-6.25,332.14,-0.02,34.7218,16.8679,341.9,55.4,1512.199, NAN, NAN, NAN, NAN,,2024/04/09 08:05:48.273,2024-04-09 08:05:48.273000+00:00
2024/04/09, 08:06:48.273,37.496,-73.7,11.57,23.58,31.57,10.18,14.4,14.5,1016.6,1016.7,0.0,0.0,0.03,0.01,232,239,6.4,4.6,68.5,68.8,10.7,8.8,235.2,234.5,1018.7,1018.8,-6.25,333.29,-0.02,34.8088,17.0694,326.7,55.7,1512.904, NAN, NAN, NAN, NAN,,2024/04/09 08:06:48.273,2024-04-09 08:06:48.273000+00:00
2024/04/09, 08:07:48.273,37.499,-73.698,11.49,24.01,27.59,10.11,14.5,14.5,1016.2,1016.1,0.0,0.0,0.03,0.01,221,221,7.5,6.2,68.5,69.2,12.0,10.8,229.5,227.6,1018.3,1018.2,-6.24,332.17,-0.02,34.9252,17.1387,316.3,55.7,1513.244, NAN, NAN, NAN, NAN,,2024/04/09 08:07:48.273,2024-04-09 08:07:48.273000+00:00
2024/04/09, 08:08:48.273,37.501,-73.697,11.47,23.16,28.64,9.97,14.5,14.5,1016.6,1016.8,0.0,0.0,0.03,0.01,223,221,7.9,7.1,69.2,69.5,12.4,11.7,231.5,229.3,1018.7,1018.9,-6.2,331.98,-0.02,34.9987,17.078,310.5,55.6,1513.147, NAN, NAN, NAN, NAN,,2024/04/09 08:08:48.273,2024-04-09 08:08:48.273000+00:00
2024/04/09, 08:09:48.273,37.504,-73.695,11.49,23.77,27.33,9.69,14.4,14.5,1016.8,1016.8,0.0,0.0,0.03,0.01,232,231,6.9,5.4,68.5,69.0,10.9,9.5,235.7,232.1,1018.9,1018.9,-6.27,333.05,-0.02,35.0279,17.0462,308.0,55.7,1513.085, NAN, NAN, NAN, NAN,,2024/04/09 08:09:48.273,2024-04-09 08:09:48.273000+00:00
2024/04/09, 08:10:48.273,37.506,-73.694,11.41,24.86,31.26,9.8,14.5,14.5,1016.5,1016.5,0.0,0.0,0.03,0.01,222,224,8.5,8.3,68.4,68.6,12.9,12.6,233.1,234.1,1018.6,1018.6,-6.32,332.42,-0.02,35.0027,17.1169,304.6,55.7,1513.268, NAN, NAN, NAN, NAN,,2024/04/09 08:10:48.273,2024-04-09 08:10:48.273000+00:00
2024/04/09, 08:11:48.273,37.509,-73.692,11.55,24.55,27.77,9.87,14.5,14.5,1016.5,1016.6,0.0,0.0,0.03,0.01,222,228,8.0,6.6,71.1,71.4,12.4,10.8,232.0,233.6,1018.6,1018.7,-6.33,332.5,-0.02,34.9936,17.0522,302.5,56.0,1513.064, NAN, NAN, NAN, NAN,,2024/04/09 08:11:48.273,2024-04-09 08:11:48.273000+00:00
2024/04/09, 08:12:48.273,37.511,-73.69,11.54,23.49,25.81,9.77,14.5,14.5,1016.6,1016.6,0.0,0.0,0.03,0.01,223,223,8.7,8.7,69.1,69.6,13.0,13.0,232.2,232.2,1018.7,1018.7,-6.3,332.31,-0.02,35.0142,16.7204,301.4,56.1,1512.09, NAN, NAN, NAN, NAN,,2024/04/09 08:12:48.273,2024-04-09 08:12:48.273000+00:00
2024/04/09, 08:13:48.273,37.514,-73.689,11.43,24.35,29.8,10.03,14.4,14.4,1016.8,1016.8,0.0,0.0,0.03,0.01,226,226,7.8,6.8,69.3,69.5,12.1,11.2,233.8,232.4,1018.9,1018.9,-6.24,332.51,-0.02,35.0232,16.3843,304.6,56.2,1511.081, NAN, NAN, NAN, NAN,,2024/04/09 08:13:48.273,2024-04-09 08:13:48.273000+00:00
2024/04/09, 08:14:48.273,37.516,-73.687,11.38,23.0,25.26,10.05,14.3,14.4,1016.6,1016.8,0.0,0.0,0.03,0.01,229,224,7.3,6.8,69.5,69.8,11.6,11.3,233.6,229.9,1018.7,1018.9,-6.29,333.61,-0.02,34.8995,16.1321,309.9,56.1,1510.167, NAN, NAN, NAN, NAN,,2024/04/09 08:14:48.273,2024-04-09 08:14:48.273000+00:00
2024/04/09, 08:15:48.274,37.518,-73.685,11.37,23.87,28.98,9.97,14.3,14.3,1016.9,1016.8,0.0,0.0,0.03,0.01,229,228,7.5,7.7,69.1,70.8,11.7,11.9,234.6,234.3,1019.0,1018.9,-6.35,334.63,-0.02,34.7916,16.0507,319.3,56.0,1509.792, NAN, NAN, NAN, NAN,,2024/04/09 08:15:48.274,2024-04-09 08:15:48.274000+00:00
2024/04/09, 08:16:48.274,37.521,-73.684,11.56,23.91,27.93,9.92,14.3,14.3,1016.9,1016.8,0.0,0.0,0.03,0.01,236,237,7.0,6.5,70.3,70.2,10.9,10.4,238.5,238.1,1019.0,1018.9,-6.38,336.4,-0.02,34.7089,16.1459,325.1,56.0,1509.989, NAN, NAN, NAN, NAN,,2024/04/09 08:16:48.274,2024-04-09 08:16:48.274000+00:00
2024/04/09, 08:17:48.274,37.523,-73.682,11.51,24.12,26.7,10.13,14.2,14.3,1016.8,1016.7,0.0,0.0,0.03,0.01,230,230,8.9,8.7,69.7,69.9,13.0,12.8,236.8,236.5,1018.9,1018.8,-6.38,337.31,-0.02,34.6835,16.2087,331.2,55.6,1510.153, NAN, NAN, NAN, NAN,,2024/04/09 08:17:48.274,2024-04-09 08:17:48.274000+00:00
2024/04/09, 08:18:48.274,37.526,-73.681,11.45,24.27,25.93,10.13,14.2,14.2,1016.8,1016.8,0.0,0.0,0.03,0.01,222,223,6.7,5.9,71.0,70.9,11.2,10.4,229.2,228.4,1018.9,1018.9,-6.26,338.86,-0.02,34.6889,16.1328,327.8,55.4,1509.926, NAN, NAN, NAN, NAN,,2024/04/09 08:18:48.274,2024-04-09 08:18:48.274000+00:00
2024/04/09, 08:19:48.274,37.528,-73.679,11.43,24.09,29.07,9.98,14.2,14.2,1016.5,1016.7,0.0,0.0,0.03,0.01,227,229,7.6,6.8,71.6,71.3,11.9,11.0,234.0,234.0,1018.6,1018.8,-6.35,339.1,-0.02,34.7153,16.0594,328.4,55.9,1509.731, NAN, NAN, NAN, NAN,,2024/04/09 08:19:48.274,2024-04-09 08:19:48.274000+00:00
2024/04/09, 08:20:48.274,37.531,-73.677,11.51,24.11,21.76,9.95,14.2,14.2,1016.8,1016.5,0.0,0.0,0.03,0.01,227,230,6.9,5.7,69.9,70.0,11.0,9.8,231.4,230.6,1018.9,1018.6,-6.36,339.55,-0.02,34.6916,16.1652,334.4,56.0,1510.029, NAN, NAN, NAN, NAN,,2024/04/09 08:20:48.274,2024-04-09 08:20:48.274000+00:00
2024/04/09, 08:21:48.274,37.533,-73.676,11.44,23.94,28.93,9.97,14.2,14.2,1016.8,1016.6,0.0,0.0,0.03,0.01,232,238,6.5,5.2,71.0,71.1,10.6,9.2,234.9,235.1,1018.9,1018.7,-6.38,339.62,-0.02,34.6547,16.341,333.4,55.8,1510.524, NAN, NAN, NAN, NAN,,2024/04/09 08:21:48.274,2024-04-09 08:21:48.274000+00:00
2024/04/09, 08:22:48.274,37.536,-73.674,11.45,23.51,26.59,10.15,14.2,14.2,1016.6,1016.8,0.0,0.0,0.03,0.01,223,224,8.4,8.4,70.9,71.1,12.8,12.8,231.4,232.0,1018.7,1018.9,-6.34,339.12,-0.03,34.6834,16.4958,337.4,55.9,1511.029, NAN, NAN, NAN, NAN,,2024/04/09 08:22:48.274,2024-04-09 08:22:48.274000+00:00
2024/04/09, 08:23:48.274,37.538,-73.673,11.43,25.09,27.32,10.0,14.2,14.2,1016.5,1016.6,0.0,0.0,0.03,0.01,231,236,5.7,5.0,70.7,70.9,9.9,9.1,233.7,234.6,1018.6,1018.7,-6.33,340.76,-0.02,34.7295,16.6614,344.6,55.8,1511.584, NAN, NAN, NAN, NAN,,2024/04/09 08:23:48.274,2024-04-09 08:23:48.274000+00:00
2024/04/09, 08:24:48.274,37.541,-73.671,11.4,24.7,31.33,9.96,14.2,14.2,1016.9,1017.0,0.0,0.0,0.03,0.01,224,227,8.5,8.1,71.9,72.3,12.9,12.4,233.9,235.3,1019.0,1019.1,-6.27,339.91,-0.03,34.763,16.8386,344.1,56.2,1512.158, NAN, NAN, NAN, NAN,,2024/04/09 08:24:48.274,2024-04-09 08:24:48.274000+00:00
2024/04/09, 08:25:48.274,37.543,-73.669,11.49,23.47,30.64,9.97,14.2,14.2,1016.9,1016.8,0.0,0.0,0.03,0.01,222,223,8.3,8.4,71.7,71.8,12.8,12.8,231.7,232.4,1019.0,1018.9,-6.24,339.95,-0.02,34.8104,17.015,340.8,56.1,1512.743, NAN, NAN, NAN, NAN,,2024/04/09 08:25:48.274,2024-04-09 08:25:48.274000+00:00
2024/04/09, 08:26:48.274,37.546,-73.668,11.37,24.2,27.72,9.91,14.2,14.2,1016.4,1016.8,0.0,0.0,0.03,0.01,225,227,8.4,7.3,71.8,71.9,12.7,11.6,234.0,233.8,1018.5,1018.9,-6.27,339.04,-0.02,34.859,17.1343,343.2,56.0,1513.155, NAN, NAN, NAN, NAN,,2024/04/09 08:26:48.274,2024-04-09 08:26:48.274000+00:00
2024/04/09, 08:27:48.274,37.548,-73.666,11.49,24.48,30.58,10.09,14.2,14.2,1016.5,1016.6,0.0,0.0,0.03,0.01,221,223,8.5,8.6,72.0,71.9,13.1,13.1,232.2,233.6,1018.6,1018.7,-6.28,338.24,-0.02,34.9084,17.2039,334.5,56.2,1513.42, NAN, NAN, NAN, NAN,,2024/04/09 08:27:48.274,2024-04-09 08:27:48.274000+00:00
2024/04/09, 08:28:48.274,37.551,-73.664,11.45,26.63,27.59,10.13,14.2,14.2,1016.5,1016.4,0.0,0.0,0.03,0.01,225,224,8.9,9.2,70.1,70.3,13.1,13.4,235.2,234.9,1018.6,1018.5,-6.25,337.3,-0.02,34.9446,17.2421,335.5,56.4,1513.575, NAN, NAN, NAN, NAN,,2024/04/09 08:28:48.274,2024-04-09 08:28:48.274000+00:00
2024/04/09, 08:29:48.274,37.553,-73.663,11.55,27.01,30.17,10.04,14.2,14.2,1016.5,1016.5,0.0,0.0,0.03,0.01,228,228,8.6,8.7,72.1,72.2,12.8,12.9,238.5,238.7,1018.6,1018.6,-6.2,336.95,-0.02,34.9605,17.1636,331.5,56.4,1513.359, NAN, NAN, NAN, NAN,,2024/04/09 08:29:48.274,2024-04-09 08:29:48.274000+00:00
2024/04/09, 08:30:48.275,37.555,-73.661,11.54,26.25,29.44,10.15,14.3,14.3,1016.8,1016.8,0.0,0.0,0.03,0.01,230,227,8.2,8.2,72.3,72.6,12.3,12.4,237.9,236.0,1018.9,1018.9,-6.27,336.47,-0.03,34.9727,17.2012,335.2,56.5,1513.485, NAN, NAN, NAN, NAN,,2024/04/09 08:30:48.275,2024-04-09 08:30:48.275000+00:00
2024/04/09, 08:31:48.275,37.558,-73.659,11.5,25.48,29.59,10.11,14.3,14.3,1016.8,1016.8,0.0,0.0,0.03,0.01,223,223,8.4,8.4,71.9,71.8,12.8,12.8,233.5,233.5,1018.9,1018.9,-6.15,336.17,-0.02,34.9381,17.2537,336.8,56.3,1513.602, NAN, NAN, NAN, NAN,,2024/04/09 08:31:48.275,2024-04-09 08:31:48.275000+00:00
2024/04/09, 08:32:48.275,37.56,-73.658,11.48,24.79,26.43,9.98,14.3,14.4,1016.8,1016.6,0.0,0.0,0.03,0.01,230,232,8.0,7.8,71.2,71.3,12.0,11.7,236.1,237.0,1018.9,1018.7,-6.23,336.25,-0.03,34.9391,17.2234,336.1,56.4,1513.513, NAN, NAN, NAN, NAN,,2024/04/09 08:32:48.275,2024-04-09 08:32:48.275000+00:00
2024/04/09, 08:33:48.275,37.563,-73.656,11.37,26.49,26.25,10.1,14.4,14.4,1016.7,1016.5,0.0,0.0,0.03,0.01,221,221,8.9,9.0,72.0,72.3,13.2,13.3,232.5,232.6,1018.8,1018.6,-6.2,335.7,-0.02,34.9551,17.135,333.1,56.5,1513.267, NAN, NAN, NAN, NAN,,2024/04/09 08:33:48.275,2024-04-09 08:33:48.275000+00:00
2024/04/09, 08:34:48.275,37.565,-73.655,11.46,27.23,25.84,10.23,14.4,14.4,1016.7,1016.6,0.0,0.0,0.03,0.01,224,223,8.7,8.8,71.1,71.3,13.0,13.1,234.5,234.0,1018.8,1018.7,-6.18,335.7,-0.02,34.9458,16.927,332.4,56.4,1512.634, NAN, NAN, NAN, NAN,,2024/04/09 08:34:48.275,2024-04-09 08:34:48.275000+00:00
2024/04/09, 08:35:48.275,37.568,-73.653,11.39,25.75,26.32,9.97,14.4,14.4,1016.8,1016.9,0.0,0.0,0.03,0.01,227,226,8.1,8.5,71.3,71.3,12.3,12.7,235.5,235.4,1018.9,1019.0,-6.27,336.07,-0.02,34.9132,16.7495,333.4,56.1,1512.062, NAN, NAN, NAN, NAN,,2024/04/09 08:35:48.275,2024-04-09 08:35:48.275000+00:00
2024/04/09, 08:36:48.275,37.57,-73.651,11.53,25.28,29.29,10.13,14.4,14.4,1016.6,1016.6,0.0,0.0,0.03,0.01,227,234,6.4,5.0,70.4,71.4,10.7,9.2,232.4,232.9,1018.7,1018.7,-6.16,336.56,-0.02,34.8568,16.6505,342.2,56.0,1511.698, NAN, NAN, NAN, NAN,,2024/04/09 08:36:48.275,2024-04-09 08:36:48.275000+00:00
2024/04/09, 08:37:48.275,37.573,-73.65,11.53,26.76,29.45,10.13,14.5,14.5,1016.5,1016.6,0.0,0.0,0.03,0.01,234,230,6.6,5.5,71.7,71.6,10.7,9.8,238.5,233.9,1018.6,1018.7,-6.22,335.95,-0.02,34.7892,16.6269,340.1,55.9,1511.548, NAN, NAN, NAN, NAN,,2024/04/09 08:37:48.275,2024-04-09 08:37:48.275000+00:00
2024/04/09, 08:38:48.275,37.575,-73.648,11.6,26.44,28.17,10.08,14.5,14.5,1016.5,1016.3,0.0,0.0,0.03,0.01,223,225,7.6,6.5,70.9,71.1,11.9,10.8,232.3,231.7,1018.6,1018.4,-6.23,335.68,-0.02,34.7406,16.5851,345.9,55.8,1511.366, NAN, NAN, NAN, NAN,,2024/04/09 08:38:48.275,2024-04-09 08:38:48.275000+00:00
2024/04/09, 08:39:48.275,37.578,-73.646,11.57,26.5,29.84,10.45,14.5,14.5,1016.8,1016.7,0.0,0.0,0.03,0.01,228,226,7.8,7.6,71.1,71.1,12.2,12.1,236.0,234.5,1018.9,1018.8,-6.27,335.42,-0.02,34.725,16.5582,345.2,55.6,1511.266, NAN, NAN, NAN, NAN,,2024/04/09 08:39:48.275,2024-04-09 08:39:48.275000+00:00
2024/04/09, 08:40:48.275,37.58,-73.645,11.42,26.85,26.36,10.23,14.5,14.5,1016.8,1016.6,0.0,0.0,0.03,0.01,222,221,7.9,6.7,70.3,70.6,12.4,11.2,232.6,230.3,1018.9,1018.7,-6.2,336.06,-0.03,34.7049,16.5863,347.2,55.6,1511.328, NAN, NAN, NAN, NAN,,2024/04/09 08:40:48.275,2024-04-09 08:40:48.275000+00:00
2024/04/09, 08:41:48.275,37.583,-73.643,11.43,25.97,29.99,10.0,14.5,14.5,1016.7,1016.6,0.0,0.0,0.03,0.01,225,231,6.5,5.1,70.4,70.8,10.9,9.4,232.8,233.1,1018.8,1018.7,-6.22,336.89,-0.02,34.6845,16.799,346.8,55.9,1511.948, NAN, NAN, NAN, NAN,,2024/04/09 08:41:48.275,2024-04-09 08:41:48.275000+00:00
2024/04/09, 08:42:48.275,37.585,-73.641,11.47,26.64,29.22,10.06,14.5,14.5,1016.5,1016.6,0.0,0.0,0.03,0.01,228,233,6.6,4.7,71.0,71.3,10.8,8.9,234.4,232.7,1018.6,1018.7,-6.34,337.28,-0.02,34.6814,17.0041,348.6,56.5,1512.562, NAN, NAN, NAN, NAN,,2024/04/09 08:42:48.275,2024-04-09 08:42:48.275000+00:00
2024/04/09, 08:43:48.275,37.588,-73.64,11.37,27.75,30.03,10.03,14.5,14.5,1016.7,1016.6,0.0,0.0,0.03,0.01,229,229,7.5,7.0,71.4,71.7,11.7,11.2,238.3,237.5,1018.8,1018.7,-6.3,338.02,-0.02,34.7585,17.1146,340.9,56.1,1512.981, NAN, NAN, NAN, NAN,,2024/04/09 08:43:48.275,2024-04-09 08:43:48.275000+00:00
2024/04/09, 08:44:48.275,37.59,-73.638,11.37,26.0,32.7,10.22,14.5,14.5,1016.3,1016.3,0.0,0.0,0.03,0.01,223,225,7.3,6.2,71.6,71.7,11.9,10.8,233.2,232.7,1018.4,1018.4,-6.38,338.88,-0.03,34.859,17.1352,337.4,56.3,1513.158, NAN, NAN, NAN, NAN,,2024/04/09 08:44:48.275,2024-04-09 08:44:48.275000+00:00
2024/04/09, 08:45:48.275,37.593,-73.636,11.53,26.31,35.0,10.38,14.5,14.5,1016.6,1016.8,0.0,0.0,0.03,0.01,225,223,7.1,5.7,71.4,71.8,11.8,10.5,235.3,232.1,1018.7,1018.9,-6.3,340.5,-0.02,34.914,17.1739,332.8,56.4,1513.337, NAN, NAN, NAN, NAN,,2024/04/09 08:45:48.275,2024-04-09 08:45:48.275000+00:00
2024/04/09, 08:46:48.275,37.595,-73.634,11.4,26.54,29.43,10.41,14.5,14.5,1016.3,1016.3,0.0,0.0,0.03,0.01,225,227,6.3,4.8,70.8,71.8,10.8,9.4,231.9,229.8,1018.4,1018.4,-6.34,341.6,-0.02,34.9208,17.1288,332.8,56.6,1513.21, NAN, NAN, NAN, NAN,,2024/04/09 08:46:48.275,2024-04-09 08:46:48.275000+00:00
2024/04/09, 08:47:48.276,37.598,-73.633,11.39,26.73,29.98,10.04,14.5,14.5,1016.7,1016.6,0.0,0.0,0.03,0.01,217,220,7.6,6.7,71.8,71.7,12.2,11.3,230.4,231.0,1018.8,1018.7,-6.29,341.77,-0.02,34.9404,17.0247,337.6,56.4,1512.921, NAN, NAN, NAN, NAN,,2024/04/09 08:47:48.276,2024-04-09 08:47:48.276000+00:00
2024/04/09, 08:48:48.276,37.6,-73.631,11.44,26.52,29.56,10.15,14.5,14.5,1016.5,1016.5,0.0,0.0,0.03,0.01,218,225,6.4,5.2,71.3,71.3,11.1,9.7,228.9,230.5,1018.6,1018.6,-6.29,341.95,-0.02,34.938,16.9077,336.8,56.6,1512.567, NAN, NAN, NAN, NAN,,2024/04/09 08:48:48.276,2024-04-09 08:48:48.276000+00:00
2024/04/09, 08:49:48.276,37.602,-73.629,11.51,27.33,29.35,10.08,14.4,14.5,1016.6,1016.7,0.0,0.0,0.03,0.01,231,233,6.0,5.3,71.3,71.5,10.2,9.5,235.7,235.1,1018.7,1018.8,-6.35,342.27,-0.03,34.9183,16.883,331.5,56.7,1512.47, NAN, NAN, NAN, NAN,,2024/04/09 08:49:48.276,2024-04-09 08:49:48.276000+00:00
2024/04/09, 08:50:48.276,37.605,-73.627,11.51,26.03,28.7,10.17,14.4,14.4,1016.6,1016.6,0.0,0.0,0.03,0.01,222,224,7.0,5.7,70.1,70.4,11.6,10.3,231.7,230.7,1018.7,1018.7,-6.36,341.14,-0.02,34.8755,16.8224,338.5,56.1,1512.238, NAN, NAN, NAN, NAN,,2024/04/09 08:50:48.276,2024-04-09 08:50:48.276000+00:00
2024/04/09, 08:51:48.276,37.607,-73.626,11.5,25.69,29.19,10.29,14.4,14.4,1016.8,1016.8,0.0,0.0,0.03,0.01,223,223,7.8,7.2,71.5,72.0,12.3,11.8,232.6,231.8,1018.9,1018.9,-6.36,340.87,-0.02,34.8658,16.7343,338.8,56.5,1511.961, NAN, NAN, NAN, NAN,,2024/04/09 08:51:48.276,2024-04-09 08:51:48.276000+00:00
2024/04/09, 08:52:48.276,37.61,-73.624,11.38,26.73,30.69,10.29,14.4,14.4,1016.5,1016.6,0.0,0.0,0.03,0.01,235,238,7.5,6.8,69.8,70.0,11.6,10.8,240.7,241.1,1018.6,1018.7,-6.31,340.86,-0.02,34.8721,16.6401,339.5,56.5,1511.684, NAN, NAN, NAN, NAN,,2024/04/09 08:52:48.276,2024-04-09 08:52:48.276000+00:00
2024/04/09, 08:53:48.276,37.612,-73.622,11.39,26.55,27.18,10.13,14.4,14.4,1016.5,1016.5,0.0,0.0,0.03,0.01,227,229,8.2,7.8,70.5,70.7,12.4,12.0,236.4,237.1,1018.6,1018.6,-6.3,340.81,-0.02,34.8425,16.5248,338.5,56.6,1511.3, NAN, NAN, NAN, NAN,,2024/04/09 08:53:48.276,2024-04-09 08:53:48.276000+00:00
2024/04/09, 08:54:48.276,37.615,-73.62,11.44,27.17,28.16,10.13,14.4,14.4,1016.3,1016.5,0.0,0.0,0.03,0.01,224,227,6.2,4.4,71.1,71.4,10.7,8.9,232.2,229.8,1018.4,1018.6,-6.36,341.62,-0.02,34.8263,16.474,334.0,56.6,1511.127, NAN, NAN, NAN, NAN,,2024/04/09 08:54:48.276,2024-04-09 08:54:48.276000+00:00
2024/04/09, 08:55:48.276,37.617,-73.618,11.4,27.56,30.06,10.12,14.5,14.5,1016.5,1016.5,0.0,0.0,0.03,0.01,224,223,7.6,6.8,72.1,72.1,12.0,11.3,234.8,233.1,1018.6,1018.6,-6.21,343.14,-0.02,34.7828,16.4474,337.6,56.3,1510.996, NAN, NAN, NAN, NAN,,2024/04/09 08:55:48.276,2024-04-09 08:55:48.276000+00:00
2024/04/09, 08:56:48.276,37.62,-73.617,11.45,26.66,28.7,10.19,14.5,14.5,1016.5,1016.6,0.0,0.0,0.03,0.01,229,229,8.3,8.3,71.6,72.0,12.5,12.5,237.8,237.8,1018.6,1018.7,-6.26,344.97,-0.02,34.7684,16.4133,335.2,56.1,1510.876, NAN, NAN, NAN, NAN,,2024/04/09 08:56:48.276,2024-04-09 08:56:48.276000+00:00
2024/04/09, 08:57:48.276,37.622,-73.615,11.37,27.4,30.06,10.25,14.5,14.5,1016.5,1016.6,0.0,0.0,0.03,0.01,223,220,8.4,8.6,69.7,69.8,12.9,13.2,235.6,233.9,1018.6,1018.7,-6.19,347.52,-0.03,34.7672,16.3737,339.8,56.3,1510.753, NAN, NAN, NAN, NAN,,2024/04/09 08:57:48.276,2024-04-09 08:57:48.276000+00:00
2024/04/09, 08:58:48.276,37.625,-73.613,11.39,26.18,31.82,10.26,14.5,14.6,1016.5,1016.5,0.0,0.0,0.03,0.01,229,226,6.4,5.5,67.6,67.7,10.8,10.0,234.8,231.4,1018.6,1018.6,-6.08,349.14,-0.03,34.7526,16.2383,338.5,56.4,1510.323, NAN, NAN, NAN, NAN,,2024/04/09 08:58:48.276,2024-04-09 08:58:48.276000+00:00
2024/04/09, 08:59:48.276,37.627,-73.611,11.26,27.46,27.6,10.27,14.6,14.6,1016.5,1016.5,0.0,0.0,0.03,0.01,230,229,8.6,9.1,71.1,71.1,12.7,13.2,239.0,239.0,1018.6,1018.6,-5.95,349.51,-0.02,34.7514,16.3671,341.2,56.5,1510.715, NAN, NAN, NAN, NAN,,2024/04/09 08:59:48.276,2024-04-09 08:59:48.276000+00:00
2024/04/09, 09:00:48.276,37.629,-73.61,11.53,26.94,31.18,10.45,14.6,14.6,1016.6,1016.6,0.0,0.0,0.03,0.01,228,227,7.8,8.2,68.2,68.2,12.2,12.6,236.5,236.4,1018.7,1018.7,-6.03,350.17,-0.02,34.6827,16.5809,339.8,56.6,1511.287, NAN, NAN, NAN, NAN,,2024/04/09 09:00:48.276,2024-04-09 09:00:48.276000+00:00
2024/04/09, 09:01:48.276,37.632,-73.608,11.32,26.5,28.71,10.36,14.5,14.6,1016.5,1016.6,0.0,0.0,0.03,0.01,231,232,8.0,7.8,67.9,68.0,12.2,12.0,238.8,239.1,1018.6,1018.7,-6.05,349.97,-0.02,34.7287,16.7527,340.1,56.3,1511.859, NAN, NAN, NAN, NAN,,2024/04/09 09:01:48.276,2024-04-09 09:01:48.276000+00:00
2024/04/09, 09:02:48.276,37.634,-73.606,11.36,27.19,29.81,10.36,14.6,14.6,1016.6,1016.6,0.0,0.0,0.03,0.01,230,234,7.0,6.0,68.3,68.6,11.3,10.2,237.2,237.5,1018.7,1018.7,-6.03,348.29,-0.02,34.8036,16.873,336.1,56.6,1512.308, NAN, NAN, NAN, NAN,,2024/04/09 09:02:48.276,2024-04-09 09:02:48.276000+00:00
2024/04/09, 09:03:48.277,37.637,-73.604,11.37,27.48,30.44,10.34,14.6,14.6,1016.4,1016.1,0.0,0.0,0.03,0.01,233,233,7.2,7.3,71.4,71.8,11.3,11.4,239.1,239.2,1018.5,1018.2,-6.15,346.34,-0.02,34.8524,16.8509,333.7,56.8,1512.298, NAN, NAN, NAN, NAN,,2024/04/09 09:03:48.277,2024-04-09 09:03:48.277000+00:00
2024/04/09, 09:04:48.277,37.639,-73.603,11.47,27.55,28.48,10.39,14.6,14.6,1016.3,1016.1,0.0,0.0,0.03,0.01,239,245,6.6,5.7,69.0,69.2,10.5,9.4,241.6,242.5,1018.4,1018.2,-6.08,342.71,-0.03,34.8974,16.8373,331.2,56.8,1512.308, NAN, NAN, NAN, NAN,,2024/04/09 09:04:48.277,2024-04-09 09:04:48.277000+00:00
2024/04/09, 09:05:48.277,37.642,-73.601,11.42,27.5,29.84,10.25,14.6,14.6,1016.6,1016.6,0.0,0.0,0.03,0.01,228,227,8.6,8.8,70.4,70.9,12.9,13.1,239.0,238.6,1018.7,1018.7,-6.1,339.71,-0.02,34.8889,16.866,330.7,56.9,1512.385, NAN, NAN, NAN, NAN,,2024/04/09 09:05:48.277,2024-04-09 09:05:48.277000+00:00
2024/04/09, 09:06:48.277,37.644,-73.599,11.49,27.04,31.08,10.21,14.6,14.6,1016.2,1016.1,0.0,0.0,0.03,0.01,233,240,7.1,6.4,70.0,70.4,11.2,10.2,238.7,241.3,1018.3,1018.2,-6.23,338.72,-0.02,34.8827,16.8423,333.7,56.8,1512.306, NAN, NAN, NAN, NAN,,2024/04/09 09:06:48.277,2024-04-09 09:06:48.277000+00:00
2024/04/09, 09:07:48.277,37.647,-73.597,11.48,26.92,26.99,10.27,14.6,14.6,1016.5,1016.6,0.0,0.0,0.03,0.01,232,232,9.5,9.0,69.9,69.9,13.5,13.0,241.2,240.6,1018.6,1018.7,-6.3,338.12,-0.02,34.8942,16.8444,329.4,56.5,1512.326, NAN, NAN, NAN, NAN,,2024/04/09 09:07:48.277,2024-04-09 09:07:48.277000+00:00
2024/04/09, 09:08:48.277,37.649,-73.596,11.48,27.18,27.75,10.26,14.5,14.5,1016.5,1016.1,0.0,0.0,0.03,0.01,233,230,8.0,7.9,69.9,70.1,11.9,12.0,239.5,237.5,1018.6,1018.2,-6.27,338.59,-0.02,34.8795,16.6213,333.1,56.7,1511.635, NAN, NAN, NAN, NAN,,2024/04/09 09:08:48.277,2024-04-09 09:08:48.277000+00:00
2024/04/09, 09:09:48.277,37.652,-73.594,11.34,27.2,33.09,9.81,14.5,14.5,1016.3,1016.2,0.0,0.0,0.03,0.01,236,252,6.1,4.4,71.0,71.4,10.0,7.8,239.9,242.6,1018.4,1018.3,-6.26,340.54,-0.02,34.9095,16.5277,331.5,56.3,1511.386, NAN, NAN, NAN, NAN,,2024/04/09 09:09:48.277,2024-04-09 09:09:48.277000+00:00
2024/04/09, 09:10:48.277,37.654,-73.592,11.35,26.3,30.64,9.92,14.5,14.5,1016.3,1016.2,0.0,0.0,0.03,0.01,235,239,7.1,6.3,70.6,70.8,11.0,10.1,239.8,240.5,1018.4,1018.3,-6.31,341.94,-0.03,34.8266,16.2589,334.8,56.5,1510.471, NAN, NAN, NAN, NAN,,2024/04/09 09:10:48.277,2024-04-09 09:10:48.277000+00:00
2024/04/09, 09:11:48.277,37.657,-73.59,11.25,27.33,28.24,10.14,14.4,14.5,1016.5,1016.3,0.0,0.0,0.03,0.01,233,234,8.0,7.7,71.9,72.0,11.9,11.6,239.9,240.0,1018.6,1018.4,-6.33,343.04,-0.02,34.8155,15.8148,330.4,56.7,1509.092, NAN, NAN, NAN, NAN,,2024/04/09 09:11:48.277,2024-04-09 09:11:48.277000+00:00
2024/04/09, 09:12:48.277,37.659,-73.589,11.4,28.41,33.62,10.11,14.4,14.5,1016.2,1016.1,0.0,0.0,0.03,0.01,232,233,7.2,7.4,69.9,71.8,11.3,11.5,240.3,241.2,1018.3,1018.2,-6.35,343.99,-0.02,34.7488,15.6048,320.0,56.2,1508.363, NAN, NAN, NAN, NAN,,2024/04/09 09:12:48.277,2024-04-09 09:12:48.277000+00:00
2024/04/09, 09:13:48.277,37.661,-73.587,11.5,26.53,25.19,10.2,14.3,14.3,1016.1,1016.1,0.0,0.0,0.03,0.01,236,237,7.5,6.5,71.2,71.3,11.3,10.3,239.6,238.0,1018.2,1018.2,-6.33,343.13,-0.02,34.6113,15.4886,315.0,56.2,1507.842, NAN, NAN, NAN, NAN,,2024/04/09 09:13:48.277,2024-04-09 09:13:48.277000+00:00
2024/04/09, 09:14:48.277,37.664,-73.585,11.4,27.46,32.26,10.18,14.3,14.3,1016.5,1016.4,0.0,0.0,0.03,0.01,240,235,8.1,8.1,72.1,72.3,11.8,12.1,245.9,242.7,1018.6,1018.5,-6.37,341.73,-0.02,34.5179,15.4896,326.0,55.9,1507.736, NAN, NAN, NAN, NAN,,2024/04/09 09:14:48.277,2024-04-09 09:14:48.277000+00:00
2024/04/09, 09:15:48.277,37.666,-73.583,11.27,26.07,28.76,9.92,14.2,14.2,1016.3,1016.1,0.0,0.0,0.03,0.01,229,228,8.0,8.3,70.4,70.5,12.1,12.4,237.3,237.1,1018.4,1018.2,-6.3,338.44,-0.02,34.4949,15.4674,319.3,55.9,1507.64, NAN, NAN, NAN, NAN,,2024/04/09 09:15:48.277,2024-04-09 09:15:48.277000+00:00
2024/04/09, 09:16:48.277,37.669,-73.582,11.14,27.01,31.19,9.81,14.2,14.2,1016.3,1016.1,0.0,0.0,0.03,0.01,236,244,6.1,4.5,71.1,71.5,10.0,8.2,239.1,238.4,1018.4,1018.2,-6.38,336.56,-0.03,34.4735,15.3524,320.3,55.9,1507.256, NAN, NAN, NAN, NAN,,2024/04/09 09:16:48.277,2024-04-09 09:16:48.277000+00:00
2024/04/09, 09:17:48.277,37.671,-73.58,11.27,28.81,33.56,9.9,14.2,14.2,1016.3,1016.2,0.0,0.0,0.03,0.01,231,225,7.0,6.5,72.2,72.5,11.0,10.8,239.4,235.1,1018.4,1018.3,-6.4,334.91,-0.03,34.4837,15.3705,322.0,56.1,1507.324, NAN, NAN, NAN, NAN,,2024/04/09 09:17:48.277,2024-04-09 09:17:48.277000+00:00
2024/04/09, 09:18:48.277,37.674,-73.578,11.39,27.63,30.01,10.04,14.2,14.2,1016.2,1016.2,0.0,0.0,0.03,0.01,223,227,7.7,6.5,72.9,73.1,12.1,10.8,234.5,235.0,1018.3,1018.3,-6.41,333.81,-0.02,34.4594,15.4893,326.4,56.1,1507.668, NAN, NAN, NAN, NAN,,2024/04/09 09:18:48.277,2024-04-09 09:18:48.277000+00:00
2024/04/09, 09:19:48.278,37.676,-73.577,11.4,27.5,30.26,10.18,14.2,14.2,1016.3,1016.2,0.0,0.0,0.03,0.01,222,227,6.1,5.7,73.4,73.6,10.6,10.1,231.1,233.0,1018.4,1018.3,-6.47,333.3,-0.02,34.4379,15.617,330.0,55.8,1508.041, NAN, NAN, NAN, NAN,,2024/04/09 09:19:48.278,2024-04-09 09:19:48.278000+00:00
2024/04/09, 09:20:48.278,37.678,-73.575,11.44,28.82,30.94,10.1,14.2,14.2,1016.1,1016.2,0.0,0.0,0.03,0.01,227,228,7.6,6.2,73.7,74.0,11.9,10.5,238.3,236.5,1018.2,1018.3,-6.48,333.22,-0.03,34.5008,15.8765,326.4,55.8,1508.919, NAN, NAN, NAN, NAN,,2024/04/09 09:20:48.278,2024-04-09 09:20:48.278000+00:00
2024/04/09, 09:21:48.278,37.681,-73.573,11.44,28.08,31.25,10.15,14.1,14.2,1016.5,1016.5,0.0,0.0,0.03,0.01,222,232,7.7,8.4,71.4,71.6,12.2,12.5,234.9,242.0,1018.6,1018.6,-6.47,332.39,-0.02,34.5236,16.0085,325.7,55.9,1509.353, NAN, NAN, NAN, NAN,,2024/04/09 09:21:48.278,2024-04-09 09:21:48.278000+00:00
2024/04/09, 09:22:48.278,37.683,-73.571,11.35,27.63,33.11,10.21,14.1,14.1,1016.5,1016.2,0.0,0.0,0.03,0.01,233,236,7.3,5.5,72.5,72.7,11.5,9.7,240.7,238.6,1018.6,1018.3,-6.45,333.57,-0.03,34.6025,15.9717,323.0,56.1,1509.331, NAN, NAN, NAN, NAN,,2024/04/09 09:22:48.278,2024-04-09 09:22:48.278000+00:00
2024/04/09, 09:23:48.278,37.686,-73.569,11.32,26.61,26.89,10.03,14.1,14.2,1016.2,1016.2,0.0,0.0,0.03,0.01,231,233,7.6,6.9,72.4,72.6,11.7,10.9,238.1,238.1,1018.3,1018.3,-6.41,333.35,-0.02,34.6684,16.0235,325.4,56.2,1509.566, NAN, NAN, NAN, NAN,,2024/04/09 09:23:48.278,2024-04-09 09:23:48.278000+00:00
2024/04/09, 09:24:48.278,37.688,-73.568,11.32,26.7,28.62,9.74,14.2,14.2,1016.2,1016.2,0.0,0.0,0.03,0.01,236,233,7.6,7.1,73.9,74.1,11.3,11.0,241.9,239.2,1018.3,1018.3,-6.36,334.0,-0.02,34.6505,16.049,328.1,56.2,1509.624, NAN, NAN, NAN, NAN,,2024/04/09 09:24:48.278,2024-04-09 09:24:48.278000+00:00
2024/04/09, 09:25:48.278,37.69,-73.566,11.34,29.86,31.95,10.09,14.3,14.3,1016.3,1016.4,0.0,0.0,0.03,0.01,227,225,7.5,7.3,72.8,72.7,11.7,11.6,238.6,237.1,1018.4,1018.5,-6.26,333.96,-0.02,34.6591,15.997,326.7,55.9,1509.474, NAN, NAN, NAN, NAN,,2024/04/09 09:25:48.278,2024-04-09 09:25:48.278000+00:00
2024/04/09, 09:26:48.278,37.693,-73.564,11.29,27.56,33.68,10.06,14.3,14.3,1016.3,1016.2,0.0,0.0,0.03,0.01,238,237,8.2,7.3,72.4,72.6,12.1,11.3,245.6,243.4,1018.4,1018.3,-6.3,333.74,-0.02,34.671,15.9901,331.8,56.1,1509.466, NAN, NAN, NAN, NAN,,2024/04/09 09:26:48.278,2024-04-09 09:26:48.278000+00:00
2024/04/09, 09:27:48.278,37.695,-73.562,11.32,27.67,26.21,10.02,14.3,14.3,1016.2,1016.2,0.0,0.0,0.03,0.01,234,236,6.9,6.3,71.3,71.5,10.8,10.2,239.4,239.2,1018.3,1018.3,-6.29,333.29,-0.02,34.6572,16.0102,330.4,56.1,1509.512, NAN, NAN, NAN, NAN,,2024/04/09 09:27:48.278,2024-04-09 09:27:48.278000+00:00
2024/04/09, 09:28:48.278,37.698,-73.561,11.34,27.81,31.18,10.14,14.2,14.3,1016.2,1015.9,0.0,0.0,0.03,0.01,225,227,7.2,6.2,72.0,72.1,11.6,10.6,235.3,234.8,1018.3,1018.0,-6.27,333.46,-0.02,34.6443,16.0657,332.1,55.9,1509.668, NAN, NAN, NAN, NAN,,2024/04/09 09:28:48.278,2024-04-09 09:28:48.278000+00:00
2024/04/09, 09:29:48.278,37.7,-73.559,11.22,28.48,30.88,10.33,14.2,14.3,1016.3,1015.8,0.0,0.0,0.03,0.01,228,226,7.2,6.9,72.2,73.4,11.5,11.3,236.8,235.1,1018.4,1017.9,-6.3,333.35,-0.02,34.6484,16.0345,332.1,55.7,1509.577, NAN, NAN, NAN, NAN,,2024/04/09 09:29:48.278,2024-04-09 09:29:48.278000+00:00
2024/04/09, 09:30:48.278,37.703,-73.557,11.25,27.54,27.01,10.25,14.3,14.3,1016.1,1016.1,0.0,0.0,0.03,0.01,229,236,6.4,5.1,72.9,73.3,10.6,9.2,234.6,235.0,1018.2,1018.2,-6.3,332.8,-0.02,34.6665,15.9682,336.4,55.7,1509.394, NAN, NAN, NAN, NAN,,2024/04/09 09:30:48.278,2024-04-09 09:30:48.278000+00:00
2024/04/09, 09:31:48.278,37.705,-73.555,11.2,28.28,33.94,10.06,14.3,14.3,1016.3,1016.3,0.0,0.0,0.03,0.01,231,232,7.1,6.1,72.3,72.6,11.3,10.3,239.7,238.4,1018.4,1018.4,-6.33,331.99,-0.02,34.6519,15.2455,338.2,55.8,1507.127, NAN, NAN, NAN, NAN,,2024/04/09 09:31:48.278,2024-04-09 09:31:48.278000+00:00
2024/04/09, 09:32:48.278,37.707,-73.553,11.36,27.46,28.76,10.05,14.1,14.2,1016.0,1015.9,0.0,0.0,0.03,0.01,232,236,6.8,5.6,71.9,72.2,10.9,9.6,238.5,238.1,1018.1,1018.0,-6.48,331.26,-0.02,34.6383,13.7942,339.2,56.2,1502.465, NAN, NAN, NAN, NAN,,2024/04/09 09:32:48.278,2024-04-09 09:32:48.278000+00:00
2024/04/09, 09:33:48.278,37.71,-73.552,11.28,26.12,31.48,10.16,14.0,14.0,1016.0,1015.8,0.0,0.0,0.03,0.01,233,238,6.9,5.4,72.1,72.3,11.1,9.5,238.5,237.9,1018.1,1017.9,-6.58,330.55,-0.02,34.5901,12.4279,340.4,55.8,1497.873, NAN, NAN, NAN, NAN,,2024/04/09 09:33:48.278,2024-04-09 09:33:48.278000+00:00
2024/04/09, 09:34:48.278,37.712,-73.55,11.22,26.57,29.41,9.88,13.8,13.9,1016.5,1016.3,0.0,0.0,0.03,0.01,237,239,7.3,6.8,72.2,72.4,11.2,10.6,242.5,242.8,1018.6,1018.4,-6.7,329.84,-0.02,34.0381,11.6049,352.0,55.7,1494.402, NAN, NAN, NAN, NAN,,2024/04/09 09:34:48.278,2024-04-09 09:34:48.278000+00:00
2024/04/09, 09:35:48.279,37.715,-73.548,11.25,26.48,26.25,9.87,13.7,13.7,1016.1,1016.2,0.0,0.0,0.03,0.01,233,242,7.6,6.0,72.2,72.5,11.5,9.6,239.4,241.3,1018.2,1018.3,-6.75,330.22,-0.02,33.5976,11.3381,354.7,54.8,1492.947, NAN, NAN, NAN, NAN,,2024/04/09 09:35:48.279,2024-04-09 09:35:48.279000+00:00
2024/04/09, 09:36:48.279,37.717,-73.546,11.26,26.65,32.07,10.04,13.5,13.5,1016.1,1016.0,0.0,0.0,0.03,0.01,234,242,6.7,5.6,72.4,72.6,10.8,9.4,239.3,241.1,1018.2,1018.1,-6.92,329.58,-0.02,33.2905,11.134,354.7,54.5,1491.865, NAN, NAN, NAN, NAN,,2024/04/09 09:36:48.279,2024-04-09 09:36:48.279000+00:00
2024/04/09, 09:37:48.279,37.719,-73.545,11.18,27.02,26.77,9.98,13.3,13.3,1016.1,1016.2,0.0,0.0,0.03,0.01,238,248,5.7,4.2,72.9,73.1,9.5,7.8,238.1,237.6,1018.2,1018.3,-7.03,329.27,-0.02,33.2277,10.9529,353.9,54.3,1491.153, NAN, NAN, NAN, NAN,,2024/04/09 09:37:48.279,2024-04-09 09:37:48.279000+00:00
2024/04/09, 09:38:48.279,37.722,-73.543,11.3,26.45,28.12,10.01,13.2,13.2,1016.2,1016.3,0.0,0.0,0.03,0.01,237,242,5.4,3.9,73.0,73.3,9.4,7.9,236.9,234.2,1018.3,1018.4,-7.08,329.37,-0.02,33.2062,10.5142,352.9,54.7,1489.573, NAN, NAN, NAN, NAN,,2024/04/09 09:38:48.279,2024-04-09 09:38:48.279000+00:00
2024/04/09, 09:39:48.279,37.724,-73.541,11.29,27.02,29.13,9.87,13.0,13.0,1016.2,1016.1,0.0,0.0,0.03,0.01,233,240,6.3,4.2,73.2,73.4,10.3,8.1,237.5,235.1,1018.3,1018.2,-7.29,329.99,-0.01,33.1492,10.4989,349.9,54.1,1489.45, NAN, NAN, NAN, NAN,,2024/04/09 09:39:48.279,2024-04-09 09:39:48.279000+00:00
2024/04/09, 09:40:48.279,37.727,-73.539,11.35,25.76,24.47,9.95,13.0,13.0,1016.0,1016.1,0.0,0.0,0.03,0.01,235,237,6.7,5.3,73.2,73.5,10.6,9.2,238.0,235.7,1018.1,1018.2,-7.3,330.18,-0.01,33.0112,10.4619,351.6,54.0,1489.151, NAN, NAN, NAN, NAN,,2024/04/09 09:40:48.279,2024-04-09 09:40:48.279000+00:00
2024/04/09, 09:41:48.279,37.729,-73.537,11.28,26.66,30.14,10.09,12.8,12.8,1015.8,1015.9,0.0,0.0,0.03,0.01,238,239,6.7,5.7,74.0,74.2,10.6,9.7,241.3,239.5,1017.9,1018.0,-7.23,329.49,-0.01,33.0512,10.3152,352.9,53.6,1488.675, NAN, NAN, NAN, NAN,,2024/04/09 09:41:48.279,2024-04-09 09:41:48.279000+00:00
2024/04/09, 09:42:48.279,37.731,-73.536,11.23,26.15,25.11,9.8,12.7,12.7,1016.1,1016.1,0.0,0.0,0.03,0.01,236,248,5.3,3.8,74.3,74.5,9.1,7.4,234.9,234.7,1018.2,1018.2,-7.27,329.14,-0.01,33.01,10.1005,355.0,54.0,1487.854, NAN, NAN, NAN, NAN,,2024/04/09 09:42:48.279,2024-04-09 09:42:48.279000+00:00
2024/04/09, 09:43:48.279,37.734,-73.534,11.28,25.94,28.63,10.09,12.6,12.6,1016.3,1016.2,0.0,0.0,0.03,0.01,235,242,5.6,4.3,74.5,74.7,9.7,8.2,235.6,234.9,1018.4,1018.3,-7.25,328.82,-0.01,32.9619,9.8921,358.0,53.9,1487.044, NAN, NAN, NAN, NAN,,2024/04/09 09:43:48.279,2024-04-09 09:43:48.279000+00:00
2024/04/09, 09:44:48.279,37.736,-73.532,11.26,27.76,36.07,10.3,12.5,12.5,1016.1,1015.9,0.0,0.0,0.03,0.01,235,242,5.6,4.3,74.6,74.8,9.9,8.5,238.9,238.5,1018.2,1018.0,-7.22,328.54,-0.01,32.9239,9.6532,357.4,54.2,1486.13, NAN, NAN, NAN, NAN,,2024/04/09 09:44:48.279,2024-04-09 09:44:48.279000+00:00
2024/04/09, 09:45:48.279,37.739,-73.53,11.24,25.38,31.28,10.0,12.4,12.4,1016.1,1016.0,0.0,0.0,0.03,0.01,237,245,6.2,4.7,74.7,75.0,10.2,8.5,239.2,239.2,1018.2,1018.1,-7.29,328.03,-0.01,32.8573,9.4546,368.1,53.9,1485.324, NAN, NAN, NAN, NAN,,2024/04/09 09:45:48.279,2024-04-09 09:45:48.279000+00:00
2024/04/09, 09:46:48.279,37.741,-73.529,11.23,26.46,25.46,9.91,12.3,12.3,1016.2,1016.0,0.0,0.0,0.03,0.01,239,248,5.6,3.9,74.8,75.1,9.4,7.5,237.9,235.9,1018.3,1018.1,-7.24,327.55,-0.01,32.7788,9.3348,362.7,53.6,1484.789, NAN, NAN, NAN, NAN,,2024/04/09 09:46:48.279,2024-04-09 09:46:48.279000+00:00
2024/04/09, 09:47:48.279,37.744,-73.527,11.11,25.76,28.28,10.2,12.2,12.1,1016.1,1015.8,0.0,0.0,0.03,0.01,239,248,6.0,4.6,74.9,75.2,9.9,8.3,238.2,238.2,1018.2,1017.9,-7.29,327.38,-0.01,32.7235,9.307,371.6,53.3,1484.619, NAN, NAN, NAN, NAN,,2024/04/09 09:47:48.279,2024-04-09 09:47:48.279000+00:00
2024/04/09, 09:48:48.279,37.746,-73.525,11.23,25.99,28.23,10.04,12.0,12.0,1016.1,1015.8,0.0,0.0,0.03,0.01,243,251,6.0,5.1,75.1,75.4,9.6,8.4,240.7,241.9,1018.2,1017.9,-7.29,327.17,-0.01,32.6768,9.1735,373.6,53.9,1484.07, NAN, NAN, NAN, NAN,,2024/04/09 09:48:48.279,2024-04-09 09:48:48.279000+00:00
2024/04/09, 09:49:48.279,37.749,-73.524,11.19,25.34,29.44,10.14,11.9,11.9,1016.2,1016.2,0.0,0.0,0.03,0.01,240,251,6.4,5.0,75.3,75.6,10.2,8.5,240.2,241.8,1018.3,1018.3,-7.24,327.93,-0.0,32.7201,8.9465,373.6,53.7,1483.284, NAN, NAN, NAN, NAN,,2024/04/09 09:49:48.279,2024-04-09 09:49:48.279000+00:00
2024/04/09, 09:50:48.280,37.751,-73.522,11.34,26.22,28.32,10.06,11.8,11.8,1016.2,1016.2,0.0,0.0,0.03,0.01,241,251,6.5,5.1,75.6,75.9,10.2,8.5,241.8,242.9,1018.3,1018.3,-7.16,328.24,0.0,32.6847,8.7075,375.2,53.5,1482.351, NAN, NAN, NAN, NAN,,2024/04/09 09:50:48.280,2024-04-09 09:50:48.280000+00:00
2024/04/09, 09:51:48.280,37.754,-73.52,11.31,25.72,26.83,10.15,11.7,11.7,1016.2,1016.1,0.0,0.0,0.03,0.01,241,254,6.2,4.8,75.9,76.3,9.9,8.1,239.7,241.7,1018.3,1018.2,-7.06,328.25,0.0,32.6369,8.5912,371.6,53.8,1481.858, NAN, NAN, NAN, NAN,,2024/04/09 09:51:48.280,2024-04-09 09:51:48.280000+00:00
2024/04/09, 09:52:48.280,37.756,-73.519,11.26,25.68,26.08,10.05,11.6,11.7,1016.3,1016.4,0.0,0.0,0.03,0.01,235,240,5.7,4.4,76.2,76.5,9.7,8.4,235.8,234.4,1018.4,1018.5,-7.13,327.93,0.01,32.5794,8.5578,363.3,53.8,1481.662, NAN, NAN, NAN, NAN,,2024/04/09 09:52:48.280,2024-04-09 09:52:48.280000+00:00
2024/04/09, 09:53:48.280,37.758,-73.517,11.19,26.92,29.8,10.19,11.6,11.6,1016.5,1016.2,0.0,0.0,0.03,0.01,232,239,5.9,4.7,76.6,76.8,10.1,8.8,236.1,236.4,1018.6,1018.3,-7.16,328.33,0.02,32.5455,8.4909,362.4,53.3,1481.369, NAN, NAN, NAN, NAN,,2024/04/09 09:53:48.280,2024-04-09 09:53:48.280000+00:00
2024/04/09, 09:54:48.280,37.761,-73.515,11.34,25.56,24.19,10.11,11.5,11.5,1016.2,1016.1,0.0,0.0,0.03,0.01,238,243,6.4,5.5,77.1,77.3,10.2,9.1,238.0,238.3,1018.3,1018.2,-7.08,328.08,0.03,32.5522,8.3742,357.7,53.3,1480.939, NAN, NAN, NAN, NAN,,2024/04/09 09:54:48.280,2024-04-09 09:54:48.280000+00:00
2024/04/09, 09:55:48.280,37.763,-73.514,11.32,25.94,29.88,10.11,11.4,11.4,1016.6,1016.2,0.0,0.0,0.03,0.01,238,250,5.6,4.5,77.3,77.5,9.6,8.1,237.6,239.8,1018.7,1018.3,-7.1,327.55,0.03,32.5528,8.2843,352.9,53.4,1480.601, NAN, NAN, NAN, NAN,,2024/04/09 09:55:48.280,2024-04-09 09:55:48.280000+00:00
2024/04/09, 09:56:48.280,37.766,-73.512,11.27,24.6,28.42,9.98,11.4,11.4,1016.3,1016.3,0.0,0.0,0.03,0.01,244,256,5.6,4.3,77.5,77.8,9.3,7.6,240.0,240.8,1018.4,1018.4,-7.01,327.18,0.05,32.5331,8.2753,357.7,53.2,1480.543, NAN, NAN, NAN, NAN,,2024/04/09 09:56:48.280,2024-04-09 09:56:48.280000+00:00
2024/04/09, 09:57:48.280,37.768,-73.51,11.35,26.64,24.98,10.24,11.3,11.3,1016.3,1016.2,0.0,0.0,0.03,0.01,238,252,5.8,4.1,77.8,78.1,9.7,7.6,236.9,237.2,1018.4,1018.3,-7.1,327.27,0.07,32.508,8.2474,364.0,53.4,1480.407, NAN, NAN, NAN, NAN,,2024/04/09 09:57:48.280,2024-04-09 09:57:48.280000+00:00
2024/04/09, 09:58:48.280,37.771,-73.509,11.33,26.28,29.94,10.17,11.2,11.2,1016.5,1016.2,0.0,0.0,0.03,0.01,240,254,5.8,4.4,78.3,78.6,9.7,7.8,239.2,241.1,1018.6,1018.3,-7.07,327.19,0.09,32.5394,8.3095,356.6,53.2,1480.68, NAN, NAN, NAN, NAN,,2024/04/09 09:58:48.280,2024-04-09 09:58:48.280000+00:00
2024/04/09, 09:59:48.280,37.773,-73.507,11.19,25.44,25.43,10.09,11.2,11.2,1016.3,1016.2,0.0,0.0,0.03,0.01,240,255,5.1,3.6,78.6,78.6,8.9,7.0,235.2,235.1,1018.4,1018.3,-6.96,326.48,0.12,32.5572,8.4832,354.0,53.2,1481.355, NAN, NAN, NAN, NAN,,2024/04/09 09:59:48.280,2024-04-09 09:59:48.280000+00:00
2024/04/09, 10:00:48.280,37.776,-73.505,11.16,25.74,29.61,10.06,11.1,11.1,1016.2,1016.3,0.0,0.0,0.03,0.01,240,252,5.1,4.0,78.7,79.1,9.0,7.5,236.5,237.6,1018.3,1018.4,-7.01,326.48,0.16,32.5734,8.6983,359.3,53.1,1482.18, NAN, NAN, NAN, NAN,,2024/04/09 10:00:48.280,2024-04-09 10:00:48.280000+00:00
2024/04/09, 10:01:48.280,37.778,-73.504,11.2,25.92,23.66,9.99,11.1,11.0,1016.2,1016.0,0.0,0.0,0.03,0.01,243,254,5.1,4.2,79.0,79.5,8.7,7.5,237.2,238.5,1018.3,1018.1,-6.93,326.21,0.21,32.6514,8.4763,359.3,53.2,1481.445, NAN, NAN, NAN, NAN,,2024/04/09 10:01:48.280,2024-04-09 10:01:48.280000+00:00
2024/04/09, 10:02:48.280,37.781,-73.502,11.24,27.11,29.65,10.21,11.0,11.0,1016.1,1016.1,0.0,0.0,0.03,0.01,244,253,5.2,4.0,79.2,79.6,9.0,7.6,240.1,239.3,1018.2,1018.2,-6.88,326.22,0.28,32.8428,8.3022,363.3,53.7,1481.027, NAN, NAN, NAN, NAN,,2024/04/09 10:02:48.280,2024-04-09 10:02:48.280000+00:00
2024/04/09, 10:03:48.280,37.783,-73.5,11.24,25.2,21.86,10.07,11.0,11.0,1016.4,1016.2,0.0,0.0,0.03,0.01,242,255,5.7,4.5,79.5,79.9,9.3,7.7,237.9,239.6,1018.5,1018.3,-6.91,326.25,0.35,32.7362,8.1992,363.3,53.7,1480.507, NAN, NAN, NAN, NAN,,2024/04/09 10:03:48.280,2024-04-09 10:03:48.280000+00:00
2024/04/09, 10:04:48.280,37.786,-73.499,11.24,25.26,29.39,9.84,11.0,10.9,1016.3,1016.3,0.0,0.0,0.03,0.01,242,261,4.9,3.6,79.7,80.1,8.6,6.8,237.0,239.1,1018.4,1018.4,-6.83,325.89,0.44,32.5874,8.1684,362.4,53.6,1480.206, NAN, NAN, NAN, NAN,,2024/04/09 10:04:48.280,2024-04-09 10:04:48.280000+00:00
2024/04/09, 10:05:48.280,37.788,-73.497,11.16,27.05,31.65,10.12,10.9,10.9,1016.3,1016.3,0.0,0.0,0.03,0.01,241,252,4.9,3.4,79.8,80.2,8.8,7.2,238.2,236.5,1018.4,1018.4,-6.79,326.44,0.56,32.5193,8.1676,361.4,53.3,1480.119, NAN, NAN, NAN, NAN,,2024/04/09 10:05:48.280,2024-04-09 10:05:48.280000+00:00
2024/04/09, 10:06:48.280,37.791,-73.495,11.21,25.52,30.72,10.13,10.9,10.8,1016.3,1016.1,0.0,0.0,0.03,0.01,241,255,4.8,4.0,80.1,80.5,8.8,7.5,236.9,239.8,1018.4,1018.2,-6.73,326.29,0.71,32.4971,8.1507,358.7,53.4,1480.028, NAN, NAN, NAN, NAN,,2024/04/09 10:06:48.280,2024-04-09 10:06:48.280000+00:00
2024/04/09, 10:07:48.281,37.793,-73.494,11.15,25.26,27.73,10.01,10.8,10.8,1016.3,1016.1,0.0,0.0,0.03,0.01,239,260,3.9,3.2,80.3,80.7,8.0,6.6,232.1,236.3,1018.4,1018.2,-6.65,325.79,0.92,32.4902,8.0942,364.1,53.4,1479.805, NAN, NAN, NAN, NAN,,2024/04/09 10:07:48.281,2024-04-09 10:07:48.281000+00:00
2024/04/09, 10:08:48.281,37.796,-73.492,11.16,24.78,27.68,10.05,10.8,10.7,1016.4,1016.2,0.0,0.0,0.03,0.01,244,270,5.0,3.7,80.5,80.9,8.7,6.4,237.1,241.5,1018.5,1018.3,-6.59,325.64,1.15,32.4982,8.0386,371.2,53.2,1479.604, NAN, NAN, NAN, NAN,,2024/04/09 10:08:48.281,2024-04-09 10:08:48.281000+00:00
2024/04/09, 10:09:48.281,37.798,-73.49,11.17,26.62,25.05,10.23,10.7,10.7,1016.1,1016.2,0.0,0.0,0.03,0.01,244,258,5.1,4.1,80.7,81.1,8.8,7.3,237.9,239.7,1018.2,1018.3,-6.5,325.54,1.41,32.472,8.0031,380.3,53.2,1479.437, NAN, NAN, NAN, NAN,,2024/04/09 10:09:48.281,2024-04-09 10:09:48.281000+00:00
2024/04/09, 10:10:48.281,37.801,-73.489,11.03,26.18,28.71,10.17,10.7,10.7,1016.2,1016.1,0.0,0.0,0.03,0.01,247,261,5.2,4.2,80.9,81.3,8.8,7.3,240.3,242.3,1018.3,1018.2,-6.36,325.53,1.73,32.4573,7.9842,397.9,53.4,1479.347, NAN, NAN, NAN, NAN,,2024/04/09 10:10:48.281,2024-04-09 10:10:48.281000+00:00
2024/04/09, 10:11:48.281,37.803,-73.487,11.1,25.46,24.66,9.73,10.7,10.7,1016.1,1016.1,0.0,0.0,0.03,0.01,244,255,5.4,4.6,80.9,81.4,8.8,7.6,238.2,240.5,1018.2,1018.2,-6.31,325.57,2.1,32.4466,7.9418,393.6,53.2,1479.172, NAN, NAN, NAN, NAN,,2024/04/09 10:11:48.281,2024-04-09 10:11:48.281000+00:00
2024/04/09, 10:12:48.281,37.806,-73.486,11.08,25.59,25.56,10.07,10.7,10.7,1016.3,1016.3,0.0,0.0,0.03,0.01,250,267,5.4,4.7,81.0,81.3,8.7,7.2,242.0,247.1,1018.4,1018.4,-6.12,325.03,2.65,32.432,7.9068,391.8,52.8,1479.021, NAN, NAN, NAN, NAN,,2024/04/09 10:12:48.281,2024-04-09 10:12:48.281000+00:00
2024/04/09, 10:13:48.281,37.808,-73.484,10.99,25.45,22.67,9.79,10.7,10.7,1016.1,1016.1,0.0,0.0,0.03,0.01,245,261,5.1,4.2,80.9,81.3,8.5,7.0,237.9,241.2,1018.2,1018.2,-5.76,325.06,3.2,32.4458,7.8797,385.7,52.9,1478.935, NAN, NAN, NAN, NAN,,2024/04/09 10:13:48.281,2024-04-09 10:13:48.281000+00:00
2024/04/09, 10:14:48.281,37.811,-73.482,11.04,25.23,27.09,10.28,10.6,10.6,1016.3,1016.3,0.0,0.0,0.03,0.01,249,263,5.3,4.2,80.9,81.3,8.8,7.2,240.7,242.0,1018.4,1018.4,-5.63,324.8,3.86,32.4419,7.8293,378.0,53.2,1478.738, NAN, NAN, NAN, NAN,,2024/04/09 10:14:48.281,2024-04-09 10:14:48.281000+00:00
2024/04/09, 10:15:48.281,37.813,-73.481,10.97,26.23,26.26,10.23,10.6,10.6,1016.3,1016.2,0.0,0.0,0.03,0.01,244,257,5.0,4.3,81.1,81.6,8.7,7.5,237.2,240.0,1018.4,1018.3,-5.33,325.01,4.63,32.4452,7.7972,365.7,53.1,1478.619, NAN, NAN, NAN, NAN,,2024/04/09 10:15:48.281,2024-04-09 10:15:48.281000+00:00
2024/04/09, 10:16:48.281,37.816,-73.479,10.95,26.18,24.8,9.91,10.6,10.6,1016.1,1016.0,0.0,0.0,0.03,0.01,250,265,5.6,4.6,81.3,81.6,8.8,7.2,243.4,246.3,1018.2,1018.1,-5.19,324.98,5.55,32.4416,7.7818,378.4,52.8,1478.556, NAN, NAN, NAN, NAN,,2024/04/09 10:16:48.281,2024-04-09 10:16:48.281000+00:00
2024/04/09, 10:17:48.281,37.818,-73.477,10.89,25.39,27.32,9.78,10.6,10.5,1016.4,1016.1,0.0,0.0,0.03,0.01,244,262,5.0,3.7,81.5,81.8,8.6,6.8,238.9,240.9,1018.5,1018.2,-4.7,324.94,6.73,32.431,7.7632,377.7,53.0,1478.472, NAN, NAN, NAN, NAN,,2024/04/09 10:17:48.281,2024-04-09 10:17:48.281000+00:00
2024/04/09, 10:18:48.281,37.821,-73.476,10.94,25.57,27.12,9.8,10.5,10.5,1016.2,1016.1,0.0,0.0,0.03,0.01,246,260,5.5,4.5,81.4,81.8,8.9,7.4,240.8,243.5,1018.3,1018.2,-4.38,325.05,7.84,32.4217,7.7563,373.6,52.7,1478.434, NAN, NAN, NAN, NAN,,2024/04/09 10:18:48.281,2024-04-09 10:18:48.281000+00:00
2024/04/09, 10:19:48.281,37.823,-73.474,11.1,25.08,25.89,10.36,10.5,10.5,1016.2,1016.1,0.0,0.0,0.03,0.01,250,267,5.5,5.2,81.5,81.8,8.8,7.6,240.5,247.7,1018.3,1018.2,-4.1,324.92,9.02,32.4266,7.7502,376.3,52.6,1478.417, NAN, NAN, NAN, NAN,,2024/04/09 10:19:48.281,2024-04-09 10:19:48.281000+00:00
2024/04/09, 10:20:48.281,37.826,-73.473,11.06,26.15,25.91,10.01,10.5,10.5,1016.3,1016.3,0.0,0.0,0.03,0.01,245,254,5.4,4.3,81.4,81.8,8.9,7.6,239.7,239.4,1018.4,1018.4,-3.85,325.14,10.32,32.4234,7.7417,372.9,52.9,1478.38, NAN, NAN, NAN, NAN,,2024/04/09 10:20:48.281,2024-04-09 10:20:48.281000+00:00
2024/04/09, 10:21:48.281,37.828,-73.471,11.04,25.06,23.27,10.16,10.5,10.5,1016.4,1016.2,0.0,0.0,0.03,0.01,251,268,5.9,5.5,81.5,81.9,9.1,7.8,243.3,250.7,1018.5,1018.3,-3.59,325.09,11.69,32.4447,7.7483,382.7,52.6,1478.432, NAN, NAN, NAN, NAN,,2024/04/09 10:21:48.281,2024-04-09 10:21:48.281000+00:00
2024/04/09, 10:22:48.281,37.831,-73.469,11.16,25.61,25.88,10.4,10.5,10.5,1016.5,1016.4,0.0,0.0,0.03,0.01,250,266,6.0,5.4,81.6,82.0,9.3,7.9,243.1,249.1,1018.6,1018.5,-3.4,325.13,13.34,32.4537,7.7652,376.8,52.8,1478.508, NAN, NAN, NAN, NAN,,2024/04/09 10:22:48.281,2024-04-09 10:22:48.281000+00:00
2024/04/09, 10:23:48.282,37.833,-73.468,11.11,25.7,30.5,10.62,10.5,10.5,1016.3,1016.2,0.0,0.0,0.03,0.01,253,273,5.8,5.2,81.7,82.2,9.2,7.5,244.4,251.7,1018.4,1018.3,-3.24,324.72,14.74,32.4612,7.7983,378.7,52.8,1478.643, NAN, NAN, NAN, NAN,,2024/04/09 10:23:48.282,2024-04-09 10:23:48.282000+00:00
2024/04/09, 10:24:48.282,37.836,-73.466,11.03,25.29,26.44,10.41,10.5,10.5,1016.2,1016.0,0.0,0.0,0.03,0.01,250,267,5.9,5.3,81.7,82.1,9.3,7.8,242.9,249.2,1018.3,1018.1,-2.91,324.99,16.4,32.4563,7.8425,398.5,52.6,1478.806, NAN, NAN, NAN, NAN,,2024/04/09 10:24:48.282,2024-04-09 10:24:48.282000+00:00
2024/04/09, 10:25:48.282,37.838,-73.464,11.06,25.98,24.49,10.21,10.5,10.4,1016.5,1016.3,0.0,0.0,0.03,0.01,253,270,5.9,5.8,81.9,82.2,9.0,7.8,245.0,253.9,1018.6,1018.4,-2.39,324.5,18.27,32.4612,7.8623,400.3,52.8,1478.888, NAN, NAN, NAN, NAN,,2024/04/09 10:25:48.282,2024-04-09 10:25:48.282000+00:00
2024/04/09, 10:26:48.282,37.841,-73.463,11.03,26.37,27.54,10.36,10.5,10.4,1016.3,1016.4,0.0,0.0,0.03,0.01,251,268,5.8,4.8,81.9,82.2,9.1,7.4,244.3,248.3,1018.4,1018.5,-2.05,324.76,20.65,32.4676,7.8673,412.3,52.5,1478.915, NAN, NAN, NAN, NAN,,2024/04/09 10:26:48.282,2024-04-09 10:26:48.282000+00:00
2024/04/09, 10:27:48.282,37.844,-73.461,11.04,25.63,29.61,10.51,10.5,10.4,1016.5,1016.5,0.0,0.0,0.03,0.01,252,269,5.9,5.5,82.1,82.4,9.3,7.9,244.7,251.9,1018.6,1018.6,-1.39,324.76,22.75,32.4739,7.8644,395.8,53.0,1478.911, NAN, NAN, NAN, NAN,,2024/04/09 10:27:48.282,2024-04-09 10:27:48.282000+00:00
2024/04/09, 10:28:48.282,37.846,-73.459,11.13,26.23,29.51,10.36,10.5,10.4,1016.3,1016.3,0.0,0.0,0.03,0.01,251,270,5.5,5.4,82.1,82.4,9.0,7.8,243.7,253.0,1018.4,1018.4,-0.84,324.88,25.1,32.4741,7.8768,387.2,53.1,1478.959, NAN, NAN, NAN, NAN,,2024/04/09 10:28:48.282,2024-04-09 10:28:48.282000+00:00
2024/04/09, 10:29:48.282,37.849,-73.458,11.19,25.4,29.16,10.7,10.5,10.4,1016.5,1016.3,0.0,0.0,0.03,0.01,251,270,5.6,5.5,82.2,82.5,9.2,8.0,243.0,252.2,1018.6,1018.4,-0.3,324.57,27.55,32.4755,7.8894,385.4,53.0,1479.009, NAN, NAN, NAN, NAN,,2024/04/09 10:29:48.282,2024-04-09 10:29:48.282000+00:00
2024/04/09, 10:30:48.282,37.851,-73.456,11.12,25.48,26.86,10.68,10.4,10.4,1016.5,1016.1,0.0,0.0,0.03,0.01,253,271,6.0,5.7,82.4,82.6,9.3,7.9,244.4,252.7,1018.6,1018.2,0.19,325.0,30.34,32.4831,7.8928,375.5,53.0,1479.031, NAN, NAN, NAN, NAN,,2024/04/09 10:30:48.282,2024-04-09 10:30:48.282000+00:00
2024/04/09, 10:31:48.282,37.854,-73.454,11.09,25.54,25.42,10.48,10.4,10.4,1016.3,1016.3,0.0,0.0,0.03,0.01,252,271,5.7,5.4,82.4,82.7,9.0,7.6,243.1,251.5,1018.4,1018.4,0.88,324.69,33.98,32.4939,7.904,364.8,52.7,1479.087, NAN, NAN, NAN, NAN,,2024/04/09 10:31:48.282,2024-04-09 10:31:48.282000+00:00
2024/04/09, 10:32:48.282,37.857,-73.453,11.19,26.72,30.67,10.5,10.4,10.4,1016.5,1016.4,0.0,0.0,0.03,0.01,253,270,5.9,5.5,82.5,82.7,9.2,7.9,246.2,253.4,1018.6,1018.5,1.54,325.04,37.34,32.4935,7.9124,372.9,52.9,1479.118, NAN, NAN, NAN, NAN,,2024/04/09 10:32:48.282,2024-04-09 10:32:48.282000+00:00
2024/04/09, 10:33:48.282,37.859,-73.451,11.1,26.23,25.4,10.62,10.4,10.4,1016.3,1016.3,0.0,0.0,0.03,0.01,254,273,5.9,6.0,82.5,82.7,9.1,7.9,245.1,255.7,1018.4,1018.4,2.18,324.86,41.2,32.4988,7.9184,376.0,52.9,1479.148, NAN, NAN, NAN, NAN,,2024/04/09 10:33:48.282,2024-04-09 10:33:48.282000+00:00
2024/04/09, 10:34:48.282,37.862,-73.449,11.16,25.14,29.37,10.49,10.4,10.4,1016.8,1016.5,0.0,0.0,0.03,0.01,253,274,5.4,5.4,82.5,82.8,8.8,7.5,242.6,253.1,1018.9,1018.6,3.1,324.64,45.21,32.5017,7.9369,378.0,52.8,1479.222, NAN, NAN, NAN, NAN,,2024/04/09 10:34:48.282,2024-04-09 10:34:48.282000+00:00
2024/04/09, 10:35:48.282,37.865,-73.447,11.28,27.07,28.44,10.7,10.4,10.4,1016.2,1016.2,0.0,0.0,0.03,0.01,256,277,5.7,5.8,82.5,82.8,8.8,7.4,245.5,256.9,1018.3,1018.3,3.83,324.91,49.22,32.5084,7.9331,381.1,52.3,1479.216, NAN, NAN, NAN, NAN,,2024/04/09 10:35:48.282,2024-04-09 10:35:48.282000+00:00
2024/04/09, 10:36:48.282,37.867,-73.446,11.06,25.56,27.24,10.52,10.4,10.4,1016.4,1016.5,0.0,0.0,0.03,0.01,250,270,4.9,4.9,82.6,82.9,8.6,7.4,239.7,248.9,1018.5,1018.6,4.73,324.55,54.23,32.5186,7.9743,395.8,52.0,1479.385, NAN, NAN, NAN, NAN,,2024/04/09 10:36:48.282,2024-04-09 10:36:48.282000+00:00
2024/04/09, 10:37:48.282,37.87,-73.444,11.1,25.75,27.78,10.64,10.3,10.3,1016.2,1016.1,0.0,0.0,0.03,0.01,255,274,5.5,5.5,82.7,83.0,8.8,7.6,244.4,254.0,1018.3,1018.2,5.53,324.63,59.0,32.5221,8.0461,414.0,52.0,1479.662, NAN, NAN, NAN, NAN,,2024/04/09 10:37:48.282,2024-04-09 10:37:48.282000+00:00
2024/04/09, 10:38:48.282,37.872,-73.442,11.38,25.38,25.47,10.59,10.3,10.3,1016.6,1016.3,0.0,0.0,0.03,0.01,251,276,5.0,5.8,82.8,83.1,8.5,7.6,239.5,255.7,1018.7,1018.4,7.05,324.65,64.4,32.5349,8.0834,452.6,52.0,1479.819, NAN, NAN, NAN, NAN,,2024/04/09 10:38:48.282,2024-04-09 10:38:48.282000+00:00
2024/04/09, 10:39:48.283,37.875,-73.441,11.12,25.07,29.71,10.78,10.3,10.3,1016.4,1016.3,0.0,0.0,0.03,0.01,258,277,5.7,5.9,82.9,83.2,8.9,7.8,246.0,256.8,1018.5,1018.4,8.75,324.46,70.9,32.5295,8.1006,499.5,51.6,1479.878, NAN, NAN, NAN, NAN,,2024/04/09 10:39:48.283,2024-04-09 10:39:48.283000+00:00
2024/04/09, 10:40:48.283,37.878,-73.439,11.15,26.14,27.1,10.72,10.3,10.3,1016.5,1016.3,0.0,0.0,0.03,0.01,258,273,5.1,5.2,83.1,83.3,8.3,7.5,244.0,251.5,1018.6,1018.4,10.21,324.85,77.92,32.5362,8.0999,499.0,51.8,1479.884, NAN, NAN, NAN, NAN,,2024/04/09 10:40:48.283,2024-04-09 10:40:48.283000+00:00
2024/04/09, 10:41:48.283,37.88,-73.437,11.2,26.37,26.29,10.97,10.2,10.2,1016.9,1016.8,0.0,0.0,0.03,0.01,256,276,5.3,5.6,83.1,83.4,8.7,7.6,243.5,254.6,1019.0,1018.9,12.15,324.53,87.73,32.5435,8.0862,519.3,51.9,1479.841, NAN, NAN, NAN, NAN,,2024/04/09 10:41:48.283,2024-04-09 10:41:48.283000+00:00
2024/04/09, 10:42:48.283,37.883,-73.435,11.21,25.62,30.23,10.58,10.2,10.3,1016.6,1016.2,0.0,0.0,0.03,0.01,257,273,5.3,5.6,83.2,83.3,8.6,7.9,245.5,254.8,1018.7,1018.3,14.38,324.7,97.3,32.5437,8.0644,536.1,51.9,1479.758, NAN, NAN, NAN, NAN,,2024/04/09 10:42:48.283,2024-04-09 10:42:48.283000+00:00
2024/04/09, 10:43:48.283,37.886,-73.434,11.24,25.85,29.96,10.46,10.2,10.2,1016.5,1016.5,0.0,0.0,0.03,0.01,248,276,4.8,5.7,83.4,83.6,8.6,7.6,239.4,257.2,1018.6,1018.6,15.61,324.77,105.66,32.5477,8.045,517.2,52.3,1479.69, NAN, NAN, NAN, NAN,,2024/04/09 10:43:48.283,2024-04-09 10:43:48.283000+00:00
2024/04/09, 10:44:48.283,37.888,-73.432,11.15,25.19,25.58,10.62,10.2,10.2,1016.5,1016.5,0.0,0.0,0.03,0.01,257,276,5.2,5.4,83.5,83.7,8.4,7.4,243.2,253.5,1018.6,1018.6,18.1,324.79,117.31,32.555,8.022,519.0,51.9,1479.611, NAN, NAN, NAN, NAN,,2024/04/09 10:44:48.283,2024-04-09 10:44:48.283000+00:00
2024/04/09, 10:45:48.283,37.891,-73.43,11.21,26.44,28.1,10.55,10.1,10.1,1016.5,1016.5,0.0,0.0,0.03,0.01,260,278,5.2,5.5,83.5,83.8,8.2,7.3,246.3,256.8,1018.6,1018.6,21.66,324.97,132.87,32.5561,7.9934,541.7,52.0,1479.504, NAN, NAN, NAN, NAN,,2024/04/09 10:45:48.283,2024-04-09 10:45:48.283000+00:00
2024/04/09, 10:46:48.283,37.893,-73.428,11.21,26.08,23.39,10.51,10.1,10.1,1016.7,1016.5,0.0,0.0,0.03,0.01,259,277,5.5,5.9,83.7,84.0,8.3,7.4,245.4,256.9,1018.8,1018.6,24.3,325.16,146.74,32.5579,7.9566,535.0,52.3,1479.366, NAN, NAN, NAN, NAN,,2024/04/09 10:46:48.283,2024-04-09 10:46:48.283000+00:00
2024/04/09, 10:47:48.283,37.896,-73.427,11.23,25.67,29.07,10.7,10.1,10.1,1016.5,1016.5,0.0,0.0,0.03,0.01,261,278,4.9,5.3,83.9,84.1,8.1,7.3,245.2,255.2,1018.6,1018.6,26.61,325.0,161.34,32.5598,7.901,497.1,52.1,1479.157, NAN, NAN, NAN, NAN,,2024/04/09 10:47:48.283,2024-04-09 10:47:48.283000+00:00
2024/04/09, 10:48:48.283,37.899,-73.425,11.19,25.79,26.78,10.54,10.1,10.1,1016.5,1016.5,0.0,0.0,0.03,0.01,260,276,5.4,5.6,83.9,84.1,8.4,7.5,246.5,255.6,1018.6,1018.6,29.12,325.13,173.56,32.5699,7.854,499.0,52.0,1478.991, NAN, NAN, NAN, NAN,,2024/04/09 10:48:48.283,2024-04-09 10:48:48.283000+00:00
2024/04/09, 10:49:48.283,37.901,-73.423,11.23,26.34,30.11,10.49,10.1,10.1,1016.5,1016.5,0.0,0.0,0.03,0.01,263,277,4.6,5.3,83.9,84.1,7.6,7.2,244.6,255.0,1018.6,1018.6,30.91,325.32,181.53,32.5765,7.8249,484.3,52.0,1478.888, NAN, NAN, NAN, NAN,,2024/04/09 10:49:48.283,2024-04-09 10:49:48.283000+00:00
2024/04/09, 10:50:48.283,37.904,-73.421,11.07,26.1,24.76,10.52,10.1,10.1,1016.2,1016.2,0.0,0.0,0.03,0.01,261,279,4.2,5.7,83.9,84.2,7.3,7.2,240.2,257.2,1018.3,1018.3,34.06,325.15,196.67,32.5866,7.7925,486.4,52.3,1478.777, NAN, NAN, NAN, NAN,,2024/04/09 10:50:48.283,2024-04-09 10:50:48.283000+00:00
2024/04/09, 10:51:48.283,37.906,-73.42,11.1,25.28,25.79,10.65,10.1,10.1,1016.3,1016.1,0.0,0.0,0.03,0.01,262,278,5.2,5.6,84.0,84.3,8.1,7.4,245.7,255.7,1018.4,1018.2,36.28,325.56,216.71,32.5942,7.7634,479.3,52.0,1478.675, NAN, NAN, NAN, NAN,,2024/04/09 10:51:48.283,2024-04-09 10:51:48.283000+00:00
2024/04/09, 10:52:48.283,37.909,-73.418,11.12,26.37,26.72,10.35,10.1,10.1,1016.8,1016.7,0.0,0.0,0.03,0.01,264,282,5.4,6.3,84.0,84.2,8.0,7.4,249.1,263.6,1018.9,1018.8,40.03,325.94,235.06,32.5989,7.7389,480.0,52.3,1478.587, NAN, NAN, NAN, NAN,,2024/04/09 10:52:48.283,2024-04-09 10:52:48.283000+00:00
2024/04/09, 10:53:48.283,37.912,-73.416,11.03,26.15,27.19,10.55,10.1,10.1,1016.5,1016.5,0.0,0.0,0.03,0.01,271,279,4.4,5.3,84.1,84.3,7.0,7.1,246.8,255.9,1018.6,1018.6,41.99,325.94,249.09,32.5895,7.721,484.6,52.3,1478.507, NAN, NAN, NAN, NAN,,2024/04/09 10:53:48.283,2024-04-09 10:53:48.283000+00:00
2024/04/09, 10:54:48.283,37.914,-73.414,11.16,25.44,26.71,10.46,10.1,10.1,1016.3,1016.2,0.0,0.0,0.03,0.01,263,278,5.1,5.6,84.3,84.4,7.9,7.3,246.3,256.4,1018.4,1018.3,45.44,325.88,267.48,32.5948,7.7158,473.2,52.6,1478.494, NAN, NAN, NAN, NAN,,2024/04/09 10:54:48.283,2024-04-09 10:54:48.283000+00:00
2024/04/09, 10:55:48.283,37.917,-73.413,11.08,25.85,28.67,10.57,10.1,10.1,1016.5,1016.5,0.0,0.0,0.03,0.01,264,280,4.6,5.3,84.2,84.4,7.6,7.0,244.6,256.0,1018.6,1018.6,47.42,326.04,285.42,32.5903,7.7184,454.0,52.5,1478.498, NAN, NAN, NAN, NAN,,2024/04/09 10:55:48.283,2024-04-09 10:55:48.283000+00:00
2024/04/09, 10:56:48.284,37.92,-73.411,11.13,24.9,24.84,10.53,10.1,10.1,1016.3,1016.5,0.0,0.0,0.03,0.01,267,276,4.6,5.3,84.2,84.3,7.4,7.3,244.7,252.9,1018.4,1018.6,50.72,325.74,308.15,32.5887,7.7174,457.7,52.6,1478.492, NAN, NAN, NAN, NAN,,2024/04/09 10:56:48.284,2024-04-09 10:56:48.284000+00:00
2024/04/09, 10:57:48.284,37.922,-73.409,11.23,25.84,26.97,10.76,10.0,10.1,1016.5,1016.6,0.0,0.0,0.03,0.01,262,275,5.0,5.2,84.3,84.4,8.0,7.3,244.9,252.0,1018.6,1018.7,53.95,325.84,329.84,32.5887,7.7105,443.3,52.7,1478.466, NAN, NAN, NAN, NAN,,2024/04/09 10:57:48.284,2024-04-09 10:57:48.284000+00:00
2024/04/09, 10:58:48.284,37.925,-73.408,11.21,26.13,26.97,10.89,10.0,10.1,1016.5,1016.5,0.0,0.0,0.03,0.01,264,280,4.3,5.4,84.3,84.4,7.5,7.2,242.5,255.8,1018.6,1018.6,56.88,325.85,350.48,32.5851,7.6881,424.8,52.7,1478.376, NAN, NAN, NAN, NAN,,2024/04/09 10:58:48.284,2024-04-09 10:58:48.284000+00:00
2024/04/09, 10:59:48.284,37.928,-73.406,11.21,25.98,25.98,10.74,10.1,10.1,1016.8,1016.6,0.0,0.0,0.03,0.01,263,280,5.0,5.5,84.4,84.6,7.9,7.1,245.0,255.9,1018.9,1018.7,59.01,325.68,372.6,32.5839,7.666,435.8,52.7,1478.29, NAN, NAN, NAN, NAN,,2024/04/09 10:59:48.284,2024-04-09 10:59:48.284000+00:00
2024/04/09, 11:00:48.284,37.93,-73.404,11.28,26.09,29.64,10.88,10.1,10.1,1016.8,1016.6,0.0,0.0,0.03,0.01,262,277,5.1,5.6,84.2,84.4,8.3,7.6,246.5,256.2,1018.9,1018.7,62.11,325.38,394.79,32.5833,7.6611,416.6,52.6,1478.27, NAN, NAN, NAN, NAN,,2024/04/09 11:00:48.284,2024-04-09 11:00:48.284000+00:00
2024/04/09, 11:01:48.284,37.933,-73.402,11.26,26.58,28.81,10.99,10.1,10.1,1016.7,1016.3,0.0,0.0,0.03,0.01,262,278,5.0,5.3,84.3,84.5,8.2,7.4,245.8,254.7,1018.8,1018.4,64.07,325.49,416.13,32.5809,7.6463,408.9,52.5,1478.211, NAN, NAN, NAN, NAN,,2024/04/09 11:01:48.284,2024-04-09 11:01:48.284000+00:00
2024/04/09, 11:02:48.284,37.936,-73.4,11.26,26.76,25.78,10.94,10.1,10.1,1016.6,1016.6,0.0,0.0,0.03,0.01,259,275,5.4,5.6,84.2,84.4,8.5,7.6,245.4,254.3,1018.7,1018.7,67.03,325.72,434.53,32.5784,7.6247,412.3,52.7,1478.125, NAN, NAN, NAN, NAN,,2024/04/09 11:02:48.284,2024-04-09 11:02:48.284000+00:00
2024/04/09, 11:03:48.284,37.938,-73.399,11.16,26.96,32.01,11.23,10.1,10.1,1016.6,1016.6,0.0,0.0,0.03,0.01,253,272,4.7,4.9,84.1,84.3,8.7,7.7,241.5,250.5,1018.7,1018.7,70.07,325.15,453.82,32.5813,7.6291,394.5,52.0,1478.145, NAN, NAN, NAN, NAN,,2024/04/09 11:03:48.284,2024-04-09 11:03:48.284000+00:00
2024/04/09, 11:04:48.284,37.941,-73.397,11.1,29.48,29.0,10.49,10.1,10.1,1016.6,1016.6,0.0,0.0,0.03,0.01,259,272,4.9,5.0,84.2,84.4,7.9,7.2,246.4,252.9,1018.7,1018.7,72.57,325.22,477.72,32.5828,7.6609,405.9,52.0,1478.269, NAN, NAN, NAN, NAN,,2024/04/09 11:04:48.284,2024-04-09 11:04:48.284000+00:00
2024/04/09, 11:05:48.284,37.944,-73.395,11.24,29.32,28.45,10.82,10.1,10.1,1016.5,1016.3,0.0,0.0,0.03,0.01,257,272,4.4,4.7,84.3,84.4,7.8,7.2,242.6,250.4,1018.6,1018.4,73.45,325.07,500.99,32.5755,7.6781,391.2,52.0,1478.326, NAN, NAN, NAN, NAN,,2024/04/09 11:05:48.284,2024-04-09 11:05:48.284000+00:00
2024/04/09, 11:06:48.284,37.946,-73.393,11.25,29.06,35.25,10.96,10.0,10.1,1016.9,1016.6,0.0,0.0,0.03,0.01,256,270,5.2,5.3,84.2,84.3,8.8,8.0,247.4,254.5,1019.0,1018.7,75.31,324.8,520.33,32.5771,7.6844,391.8,52.6,1478.352, NAN, NAN, NAN, NAN,,2024/04/09 11:06:48.284,2024-04-09 11:06:48.284000+00:00
2024/04/09, 11:07:48.284,37.949,-73.391,11.3,28.51,29.78,11.09,10.0,10.0,1016.6,1016.5,0.0,0.0,0.03,0.01,256,269,4.7,5.0,84.4,84.5,8.3,7.8,243.2,250.3,1018.7,1018.6,78.06,324.88,536.79,32.5775,7.6777,403.2,52.5,1478.327, NAN, NAN, NAN, NAN,,2024/04/09 11:07:48.284,2024-04-09 11:07:48.284000+00:00
2024/04/09, 11:08:48.284,37.951,-73.389,11.26,28.02,30.23,11.11,10.0,10.1,1016.6,1016.5,0.0,0.0,0.03,0.01,257,272,5.0,5.1,84.4,84.5,8.5,7.7,244.9,252.1,1018.7,1018.6,77.55,324.38,537.41,32.5799,7.6738,410.4,52.3,1478.315, NAN, NAN, NAN, NAN,,2024/04/09 11:08:48.284,2024-04-09 11:08:48.284000+00:00
2024/04/09, 11:09:48.284,37.954,-73.387,11.3,28.75,29.9,11.14,10.0,10.0,1016.8,1016.5,0.0,0.0,0.03,0.01,252,269,5.0,5.1,84.4,84.5,8.8,7.8,242.8,250.9,1018.9,1018.6,80.05,324.5,546.05,32.5749,7.6971,414.0,52.6,1478.398, NAN, NAN, NAN, NAN,,2024/04/09 11:09:48.284,2024-04-09 11:09:48.284000+00:00
2024/04/09, 11:10:48.284,37.957,-73.385,11.3,28.47,28.59,11.14,10.0,10.0,1016.8,1016.6,0.0,0.0,0.03,0.01,254,275,5.5,5.5,84.6,84.5,9.0,7.6,245.0,255.1,1018.9,1018.7,81.51,324.63,560.24,32.5754,7.7252,406.7,52.7,1478.506, NAN, NAN, NAN, NAN,,2024/04/09 11:10:48.284,2024-04-09 11:10:48.284000+00:00
2024/04/09, 11:11:48.284,37.959,-73.383,11.29,29.09,31.73,11.13,10.0,10.0,1016.9,1016.3,0.0,0.0,0.03,0.01,254,273,5.3,5.1,84.6,84.7,9.0,7.7,245.9,253.7,1019.0,1018.4,80.94,324.19,557.8,32.5749,7.7458,419.0,52.6,1478.584, NAN, NAN, NAN, NAN,,2024/04/09 11:11:48.284,2024-04-09 11:11:48.284000+00:00
2024/04/09, 11:12:48.285,37.962,-73.381,11.15,30.0,32.33,10.86,10.0,10.1,1016.8,1016.8,0.0,0.0,0.03,0.01,252,273,5.1,4.9,84.5,84.6,8.8,7.4,245.5,254.1,1018.9,1018.9,79.51,323.92,568.58,32.5718,7.7529,432.8,51.9,1478.607, NAN, NAN, NAN, NAN,,2024/04/09 11:12:48.285,2024-04-09 11:12:48.285000+00:00
2024/04/09, 11:13:48.285,37.965,-73.379,11.18,29.03,30.03,11.0,10.0,10.0,1016.5,1016.5,0.0,0.0,0.03,0.01,256,268,5.1,4.9,84.5,84.6,8.5,7.7,245.2,249.6,1018.6,1018.6,85.07,323.71,593.4,32.5786,7.7504,442.2,51.9,1478.606, NAN, NAN, NAN, NAN,,2024/04/09 11:13:48.285,2024-04-09 11:13:48.285000+00:00
2024/04/09, 11:14:48.285,37.967,-73.377,11.13,28.27,28.76,11.09,10.0,10.0,1016.8,1016.8,0.0,0.0,0.03,0.01,254,277,4.3,5.5,84.4,84.6,8.1,7.5,240.2,256.5,1018.9,1018.9,86.02,323.23,593.23,32.5787,7.7541,441.9,52.4,1478.62, NAN, NAN, NAN, NAN,,2024/04/09 11:14:48.285,2024-04-09 11:14:48.285000+00:00
2024/04/09, 11:15:48.285,37.97,-73.375,11.17,28.94,31.27,11.24,10.0,10.0,1016.5,1016.8,0.0,0.0,0.03,0.01,260,276,5.5,5.8,84.6,84.7,8.8,8.0,249.2,258.4,1018.6,1018.9,82.45,323.18,574.0,32.5797,7.767,441.2,52.2,1478.671, NAN, NAN, NAN, NAN,,2024/04/09 11:15:48.285,2024-04-09 11:15:48.285000+00:00
2024/04/09, 11:16:48.285,37.973,-73.373,11.22,27.95,29.01,11.17,9.9,10.0,1016.6,1016.7,0.0,0.0,0.03,0.01,252,270,5.9,5.5,85.0,85.1,9.5,8.1,245.3,252.6,1018.7,1018.8,78.57,323.63,560.9,32.5819,7.7846,437.9,52.5,1478.741, NAN, NAN, NAN, NAN,,2024/04/09 11:16:48.285,2024-04-09 11:16:48.285000+00:00
2024/04/09, 11:17:48.285,37.975,-73.371,11.17,29.23,29.66,11.09,10.0,10.0,1016.6,1016.6,0.0,0.0,0.03,0.01,246,259,6.3,5.4,85.2,85.3,10.1,8.6,244.4,247.8,1018.7,1018.7,89.08,324.19,637.25,32.5876,7.7805,456.1,52.6,1478.732, NAN, NAN, NAN, NAN,,2024/04/09 11:17:48.285,2024-04-09 11:17:48.285000+00:00
2024/04/09, 11:18:48.285,37.978,-73.369,11.23,29.01,31.8,11.15,10.0,10.0,1016.6,1016.6,0.0,0.0,0.03,0.01,251,266,6.2,5.6,85.1,85.2,9.9,8.4,247.2,252.6,1018.7,1018.7,89.26,323.99,638.75,32.5959,7.7347,458.4,52.7,1478.567, NAN, NAN, NAN, NAN,,2024/04/09 11:18:48.285,2024-04-09 11:18:48.285000+00:00
2024/04/09, 11:19:48.285,37.981,-73.367,11.34,28.93,29.46,11.18,10.0,10.0,1016.3,1016.2,0.0,0.0,0.03,0.01,257,269,5.6,5.8,84.8,84.9,8.9,8.3,247.1,254.0,1018.4,1018.3,94.95,323.3,681.83,32.6024,7.6976,462.4,52.7,1478.434, NAN, NAN, NAN, NAN,,2024/04/09 11:19:48.285,2024-04-09 11:19:48.285000+00:00
2024/04/09, 11:20:48.285,37.983,-73.365,11.1,28.59,28.11,10.97,10.0,10.0,1017.0,1016.5,0.0,0.0,0.03,0.01,260,282,4.4,5.5,84.8,84.7,7.8,7.0,242.9,258.9,1019.1,1018.6,102.2,322.74,728.75,32.6138,7.6547,455.0,52.3,1478.284, NAN, NAN, NAN, NAN,,2024/04/09 11:20:48.285,2024-04-09 11:20:48.285000+00:00
2024/04/09, 11:21:48.285,37.986,-73.363,11.17,29.0,29.91,10.99,10.0,10.0,1016.8,1016.6,0.0,0.0,0.03,0.01,257,277,4.7,5.7,84.5,84.7,8.2,7.6,243.8,258.2,1018.9,1018.7,107.7,322.97,767.31,32.6093,7.632,430.2,52.7,1478.191, NAN, NAN, NAN, NAN,,2024/04/09 11:21:48.285,2024-04-09 11:21:48.285000+00:00
2024/04/09, 11:22:48.285,37.988,-73.361,11.26,28.42,28.13,11.16,9.9,9.9,1016.8,1016.8,0.0,0.0,0.03,0.01,257,274,4.9,5.7,84.8,84.9,8.3,7.8,243.0,255.0,1018.9,1018.9,112.75,322.96,793.76,32.6177,7.6161,429.4,52.9,1478.14, NAN, NAN, NAN, NAN,,2024/04/09 11:22:48.285,2024-04-09 11:22:48.285000+00:00
2024/04/09, 11:23:48.285,37.991,-73.359,11.26,28.31,32.14,11.1,9.9,9.9,1016.9,1016.7,0.0,0.0,0.03,0.01,262,277,5.5,6.0,85.1,85.3,8.7,8.0,250.1,260.0,1019.0,1018.8,113.88,323.14,818.18,32.6234,7.6486,426.8,52.8,1478.272, NAN, NAN, NAN, NAN,,2024/04/09 11:23:48.285,2024-04-09 11:23:48.285000+00:00
2024/04/09, 11:24:48.285,37.994,-73.357,11.26,29.45,32.63,11.04,9.9,9.9,1016.5,1016.3,0.0,0.0,0.03,0.01,259,276,5.3,5.8,85.4,85.5,8.6,7.8,248.3,259.0,1018.6,1018.4,118.39,323.3,853.06,32.6288,7.6861,403.2,52.5,1478.422, NAN, NAN, NAN, NAN,,2024/04/09 11:24:48.285,2024-04-09 11:24:48.285000+00:00
2024/04/09, 11:25:48.285,37.997,-73.355,11.39,28.13,28.24,10.96,9.9,9.9,1016.8,1016.5,0.0,0.0,0.03,0.01,259,275,5.5,6.0,85.3,85.4,8.6,7.9,247.5,258.0,1018.9,1018.6,122.05,323.6,876.74,32.6404,7.7317,421.1,52.7,1478.611, NAN, NAN, NAN, NAN,,2024/04/09 11:25:48.285,2024-04-09 11:25:48.285000+00:00
2024/04/09, 11:26:48.285,37.999,-73.353,11.44,29.08,31.45,11.26,9.9,10.0,1016.8,1016.5,0.0,0.0,0.03,0.01,259,281,4.9,6.4,85.4,85.4,8.4,8.0,246.0,264.1,1018.9,1018.6,127.18,323.05,891.59,32.6529,7.7643,430.2,52.9,1478.751, NAN, NAN, NAN, NAN,,2024/04/09 11:26:48.285,2024-04-09 11:26:48.285000+00:00
2024/04/09, 11:27:48.285,38.002,-73.351,11.46,28.31,27.8,11.05,9.9,9.9,1016.8,1016.8,0.0,0.0,0.03,0.01,261,277,5.5,6.0,85.3,85.4,8.5,7.8,248.2,258.8,1018.9,1018.9,128.6,322.79,914.69,32.6626,7.7944,441.9,52.7,1478.878, NAN, NAN, NAN, NAN,,2024/04/09 11:27:48.285,2024-04-09 11:27:48.285000+00:00
2024/04/09, 11:28:48.285,38.004,-73.349,11.46,29.24,30.32,11.1,9.9,9.9,1016.8,1016.7,0.0,0.0,0.03,0.01,257,276,5.4,6.3,85.5,85.6,8.7,8.0,246.5,260.4,1018.9,1018.8,130.4,322.85,929.82,32.6858,7.9063,435.2,52.5,1479.334, NAN, NAN, NAN, NAN,,2024/04/09 11:28:48.285,2024-04-09 11:28:48.285000+00:00
2024/04/09, 11:29:48.286,38.007,-73.347,11.41,28.3,30.9,11.02,9.9,9.9,1016.8,1016.8,0.0,0.0,0.03,0.01,258,277,5.9,6.3,85.6,85.7,9.2,8.1,249.5,261.4,1018.9,1018.9,132.53,322.94,925.28,32.6941,8.0679,439.2,52.5,1479.958, NAN, NAN, NAN, NAN,,2024/04/09 11:29:48.286,2024-04-09 11:29:48.286000+00:00
2024/04/09, 11:30:48.286,38.01,-73.345,11.49,28.88,29.98,11.0,9.9,9.9,1016.8,1016.6,0.0,0.0,0.03,0.01,264,278,5.8,6.2,85.7,85.8,8.6,7.9,252.1,261.4,1018.9,1018.7,132.68,322.94,942.18,32.7262,8.1872,464.8,52.7,1480.449, NAN, NAN, NAN, NAN,,2024/04/09 11:30:48.286,2024-04-09 11:30:48.286000+00:00
2024/04/09, 11:31:48.286,38.012,-73.343,11.39,28.77,30.26,10.97,9.9,10.0,1016.8,1016.5,0.0,0.0,0.03,0.01,261,274,5.1,5.7,85.7,85.8,8.3,7.8,247.6,256.9,1018.9,1018.6,136.88,322.51,957.11,32.7736,8.2112,511.8,52.9,1480.598, NAN, NAN, NAN, NAN,,2024/04/09 11:31:48.286,2024-04-09 11:31:48.286000+00:00
2024/04/09, 11:32:48.286,38.015,-73.342,11.24,29.27,27.0,11.03,9.9,10.0,1016.6,1016.8,0.0,0.0,0.03,0.01,260,278,5.0,6.0,85.6,85.7,8.2,7.6,245.9,259.9,1018.7,1018.9,137.35,322.34,969.99,32.8116,8.1872,544.8,52.7,1480.555, NAN, NAN, NAN, NAN,,2024/04/09 11:32:48.286,2024-04-09 11:32:48.286000+00:00
2024/04/09, 11:33:48.286,38.018,-73.34,11.43,28.41,35.67,10.86,9.9,10.0,1016.6,1016.5,0.0,0.0,0.03,0.01,261,277,4.8,6.2,85.8,85.8,8.2,8.2,248.0,262.5,1018.7,1018.6,143.4,322.64,1005.08,32.8132,8.149,533.1,52.9,1480.412, NAN, NAN, NAN, NAN,,2024/04/09 11:33:48.286,2024-04-09 11:33:48.286000+00:00
2024/04/09, 11:34:48.286,38.02,-73.338,11.44,29.65,31.12,11.01,9.9,10.0,1016.5,1016.5,0.0,0.0,0.03,0.01,260,277,6.0,6.4,85.8,85.9,9.0,8.1,251.6,262.6,1018.6,1018.6,148.63,322.82,1037.7,32.806,8.1049,508.9,53.0,1480.236, NAN, NAN, NAN, NAN,,2024/04/09 11:34:48.286,2024-04-09 11:34:48.286000+00:00
2024/04/09, 11:35:48.286,38.023,-73.336,11.5,28.99,25.84,10.95,10.0,10.0,1016.6,1016.6,0.0,0.0,0.03,0.01,267,284,5.6,6.3,85.6,85.7,8.1,7.3,252.1,264.9,1018.7,1018.7,151.16,322.77,1054.74,32.804,8.0787,488.3,53.2,1480.135, NAN, NAN, NAN, NAN,,2024/04/09 11:35:48.286,2024-04-09 11:35:48.286000+00:00
2024/04/09, 11:36:48.286,38.026,-73.334,11.56,28.6,34.49,10.85,10.0,10.0,1016.8,1016.6,0.0,0.0,0.03,0.01,261,278,5.9,6.7,85.5,85.7,9.0,8.4,252.4,265.2,1018.9,1018.7,155.26,322.64,1074.3,32.7984,8.0638,484.0,52.9,1480.071, NAN, NAN, NAN, NAN,,2024/04/09 11:36:48.286,2024-04-09 11:36:48.286000+00:00
2024/04/09, 11:37:48.286,38.028,-73.332,11.27,27.98,28.44,10.68,10.0,10.0,1016.6,1016.8,0.0,0.0,0.03,0.01,263,281,6.2,7.1,85.4,85.6,8.8,8.2,252.8,267.5,1018.7,1018.9,160.61,322.6,1097.93,32.7946,8.0706,471.5,52.5,1480.092, NAN, NAN, NAN, NAN,,2024/04/09 11:37:48.286,2024-04-09 11:37:48.286000+00:00
2024/04/09, 11:38:48.286,38.031,-73.33,11.39,29.53,29.15,10.85,10.0,10.0,1016.9,1016.7,0.0,0.0,0.03,0.01,258,275,6.3,6.5,85.3,85.5,9.2,8.2,251.2,261.6,1019.0,1018.8,161.72,323.08,1109.6,32.7904,8.0866,463.5,52.9,1480.148, NAN, NAN, NAN, NAN,,2024/04/09 11:38:48.286,2024-04-09 11:38:48.286000+00:00
2024/04/09, 11:39:48.286,38.033,-73.328,11.43,29.12,26.9,11.03,10.1,10.1,1016.8,1016.6,0.0,0.0,0.03,0.01,260,276,6.6,7.1,85.2,85.3,9.3,8.5,252.2,263.7,1018.9,1018.7,164.35,323.16,1132.42,32.788,8.1081,459.3,53.1,1480.226, NAN, NAN, NAN, NAN,,2024/04/09 11:39:48.286,2024-04-09 11:39:48.286000+00:00
2024/04/09, 11:40:48.286,38.036,-73.326,11.32,30.09,31.75,10.65,10.1,10.1,1016.6,1016.5,0.0,0.0,0.03,0.01,267,282,5.5,6.8,84.9,85.0,8.0,7.9,254.2,269.1,1018.7,1018.6,166.71,322.37,1153.02,32.785,8.1089,464.8,52.6,1480.225, NAN, NAN, NAN, NAN,,2024/04/09 11:40:48.286,2024-04-09 11:40:48.286000+00:00
2024/04/09, 11:41:48.286,38.039,-73.324,11.44,28.61,28.73,10.66,10.1,10.1,1016.6,1016.5,0.0,0.0,0.03,0.01,267,281,5.8,6.5,84.7,84.8,8.2,7.7,253.9,265.2,1018.7,1018.6,170.21,322.41,1167.25,32.7931,8.0991,479.6,52.9,1480.198, NAN, NAN, NAN, NAN,,2024/04/09 11:41:48.286,2024-04-09 11:41:48.286000+00:00
2024/04/09, 11:42:48.286,38.041,-73.322,11.38,28.03,26.98,10.85,10.1,10.1,1016.6,1016.5,0.0,0.0,0.03,0.01,267,283,6.1,7.2,84.7,84.8,8.5,8.1,254.0,268.7,1018.7,1018.6,174.5,322.68,1180.17,32.7906,8.0861,480.9,53.2,1480.146, NAN, NAN, NAN, NAN,,2024/04/09 11:42:48.286,2024-04-09 11:42:48.286000+00:00
2024/04/09, 11:43:48.286,38.044,-73.321,11.4,29.4,27.23,10.66,10.1,10.1,1016.7,1016.9,0.0,0.0,0.03,0.01,265,282,6.4,7.2,84.8,84.9,8.7,8.0,255.6,269.6,1018.8,1019.0,179.46,322.59,1197.58,32.7842,8.0721,478.8,53.1,1480.085, NAN, NAN, NAN, NAN,,2024/04/09 11:43:48.286,2024-04-09 11:43:48.286000+00:00
2024/04/09, 11:44:48.286,38.046,-73.319,11.36,28.95,31.85,10.83,10.1,10.1,1016.8,1016.7,0.0,0.0,0.03,0.01,263,281,6.3,7.3,84.5,84.6,9.0,8.5,254.4,269.4,1018.9,1018.8,180.31,322.55,1212.5,32.7779,8.0455,484.9,53.2,1479.977, NAN, NAN, NAN, NAN,,2024/04/09 11:44:48.286,2024-04-09 11:44:48.286000+00:00
2024/04/09, 11:45:48.287,38.049,-73.317,11.36,29.87,27.84,10.78,10.1,10.1,1016.8,1016.6,0.0,0.0,0.03,0.01,261,278,6.0,7.0,84.5,84.6,8.7,8.2,251.7,266.0,1018.9,1018.7,182.89,322.49,1226.62,32.7752,7.9983,502.0,52.9,1479.794, NAN, NAN, NAN, NAN,,2024/04/09 11:45:48.287,2024-04-09 11:45:48.287000+00:00
2024/04/09, 11:46:48.287,38.052,-73.315,11.26,28.55,28.04,10.76,10.1,10.2,1016.8,1016.5,0.0,0.0,0.03,0.01,259,272,7.0,7.5,84.4,84.5,9.7,9.2,253.7,263.5,1018.9,1018.6,184.24,322.9,1238.94,32.7679,7.959,504.8,53.1,1479.636, NAN, NAN, NAN, NAN,,2024/04/09 11:46:48.287,2024-04-09 11:46:48.287000+00:00
2024/04/09, 11:47:48.287,38.054,-73.313,11.3,28.33,27.52,10.62,10.2,10.2,1016.6,1016.5,0.0,0.0,0.03,0.01,263,277,6.7,7.4,84.4,84.5,9.1,8.6,254.8,266.3,1018.7,1018.6,185.24,322.71,1248.9,32.7616,7.9269,507.5,52.8,1479.506, NAN, NAN, NAN, NAN,,2024/04/09 11:47:48.287,2024-04-09 11:47:48.287000+00:00
2024/04/09, 11:48:48.287,38.057,-73.311,11.23,28.95,31.38,10.66,10.2,10.2,1016.7,1016.5,0.0,0.0,0.03,0.01,271,286,6.0,7.1,84.0,84.1,8.2,7.8,257.8,272.2,1018.8,1018.6,189.32,322.16,1264.2,32.7582,7.8974,494.7,53.0,1479.389, NAN, NAN, NAN, NAN,,2024/04/09 11:48:48.287,2024-04-09 11:48:48.287000+00:00
2024/04/09, 11:49:48.287,38.059,-73.31,11.19,29.03,28.13,10.73,10.2,10.2,1016.8,1016.6,0.0,0.0,0.03,0.01,271,287,6.6,7.6,83.9,84.0,8.5,7.9,259.6,274.5,1018.9,1018.7,194.55,322.15,1290.18,32.7527,7.8725,488.3,52.9,1479.288, NAN, NAN, NAN, NAN,,2024/04/09 11:49:48.287,2024-04-09 11:49:48.287000+00:00
2024/04/09, 11:50:48.287,38.062,-73.308,11.25,29.62,30.35,10.79,10.1,10.2,1016.5,1016.3,0.0,0.0,0.03,0.01,266,281,6.6,7.1,84.1,84.1,9.0,8.2,257.5,268.8,1018.6,1018.4,194.47,322.7,1294.87,32.7439,7.8545,477.6,53.0,1479.208, NAN, NAN, NAN, NAN,,2024/04/09 11:50:48.287,2024-04-09 11:50:48.287000+00:00
2024/04/09, 11:51:48.287,38.064,-73.306,11.14,28.88,32.23,10.62,10.2,10.2,1016.5,1016.8,0.0,0.0,0.03,0.01,262,278,6.9,7.5,84.2,84.3,9.5,8.8,256.6,268.9,1018.6,1018.9,200.87,323.1,1316.99,32.7408,7.8454,475.2,52.7,1479.17, NAN, NAN, NAN, NAN,,2024/04/09 11:51:48.287,2024-04-09 11:51:48.287000+00:00
2024/04/09, 11:52:48.287,38.067,-73.304,11.18,28.63,27.95,10.67,10.2,10.2,1016.6,1016.5,0.0,0.0,0.03,0.01,268,282,6.1,7.4,84.1,84.2,8.3,8.2,255.3,269.8,1018.7,1018.6,201.53,322.76,1325.03,32.7347,7.8622,504.4,52.6,1479.226, NAN, NAN, NAN, NAN,,2024/04/09 11:52:48.287,2024-04-09 11:52:48.287000+00:00
2024/04/09, 11:53:48.287,38.07,-73.302,11.14,29.2,29.77,10.62,10.3,10.3,1016.6,1016.5,0.0,0.0,0.03,0.01,258,279,5.6,6.8,83.8,83.8,8.6,8.1,248.9,266.1,1018.7,1018.6,202.66,322.7,1339.62,32.7291,7.8717,484.3,52.7,1479.256, NAN, NAN, NAN, NAN,,2024/04/09 11:53:48.287,2024-04-09 11:53:48.287000+00:00
2024/04/09, 11:54:48.287,38.072,-73.3,11.29,29.05,31.04,10.82,10.3,10.3,1016.5,1016.5,0.0,0.0,0.03,0.01,263,280,5.6,6.7,83.5,83.6,8.5,8.1,251.5,266.0,1018.6,1018.6,205.43,322.62,1351.5,32.7235,7.8343,490.7,52.7,1479.106, NAN, NAN, NAN, NAN,,2024/04/09 11:54:48.287,2024-04-09 11:54:48.287000+00:00
2024/04/09, 11:55:48.287,38.075,-73.299,11.22,28.35,25.42,10.69,10.3,10.3,1016.3,1016.4,0.0,0.0,0.03,0.01,262,278,6.6,7.0,83.3,83.4,9.0,8.1,253.2,264.6,1018.4,1018.5,209.84,322.91,1358.25,32.7219,7.7744,480.9,52.7,1478.876, NAN, NAN, NAN, NAN,,2024/04/09 11:55:48.287,2024-04-09 11:55:48.287000+00:00
2024/04/09, 11:56:48.287,38.077,-73.297,11.2,28.35,30.38,10.74,10.3,10.3,1016.5,1016.3,0.0,0.0,0.03,0.01,263,278,6.0,6.6,83.5,83.6,8.7,8.1,252.5,263.7,1018.6,1018.4,211.52,322.42,1375.98,32.7137,7.7382,467.5,52.7,1478.727, NAN, NAN, NAN, NAN,,2024/04/09 11:56:48.287,2024-04-09 11:56:48.287000+00:00
2024/04/09, 11:57:48.287,38.08,-73.295,11.21,28.22,25.95,10.77,10.2,10.3,1016.4,1016.2,0.0,0.0,0.03,0.01,246,279,5.3,6.8,83.4,83.5,9.0,8.0,239.8,264.1,1018.5,1018.3,214.61,322.64,1387.35,32.7066,7.7137,459.3,52.5,1478.625, NAN, NAN, NAN, NAN,,2024/04/09 11:57:48.287,2024-04-09 11:57:48.287000+00:00
2024/04/09, 11:58:48.287,38.083,-73.293,11.23,28.59,31.16,10.6,10.3,10.3,1016.5,1016.5,0.0,0.0,0.03,0.01,264,278,6.2,7.1,83.5,83.5,8.8,8.5,254.7,266.8,1018.6,1018.6,215.46,322.63,1394.76,32.7007,7.6869,425.4,52.7,1478.515, NAN, NAN, NAN, NAN,,2024/04/09 11:58:48.287,2024-04-09 11:58:48.287000+00:00
2024/04/09, 11:59:48.287,38.085,-73.291,11.22,28.72,27.69,10.63,10.3,10.3,1016.6,1016.6,0.0,0.0,0.03,0.01,262,278,6.6,7.4,83.3,83.4,9.1,8.5,254.2,267.4,1018.7,1018.7,220.46,322.8,1405.7,32.7017,7.6554,416.3,52.5,1478.395, NAN, NAN, NAN, NAN,,2024/04/09 11:59:48.287,2024-04-09 11:59:48.287000+00:00
2024/04/09, 12:00:48.287,38.088,-73.29,11.26,28.69,28.93,10.67,10.3,10.3,1016.3,1016.3,0.0,0.0,0.03,0.01,264,282,6.2,6.9,83.3,83.3,8.8,7.9,254.2,268.0,1018.4,1018.4,221.26,322.48,1413.49,32.6961,7.6318,412.6,52.5,1478.298, NAN, NAN, NAN, NAN,,2024/04/09 12:00:48.287,2024-04-09 12:00:48.287000+00:00
2024/04/09, 12:01:48.288,38.09,-73.288,11.28,28.79,33.81,10.62,10.3,10.3,1016.4,1016.5,0.0,0.0,0.03,0.01,262,275,5.7,6.4,83.2,83.3,8.6,8.3,252.5,262.6,1018.5,1018.6,225.07,322.93,1426.86,32.6946,7.6052,396.4,52.7,1478.194, NAN, NAN, NAN, NAN,,2024/04/09 12:01:48.288,2024-04-09 12:01:48.288000+00:00
2024/04/09, 12:02:48.288,38.093,-73.286,11.17,27.94,27.33,10.51,10.3,10.3,1016.4,1016.4,0.0,0.0,0.03,0.01,260,277,6.3,6.6,83.2,83.2,9.0,8.0,251.7,263.0,1018.5,1018.5,227.12,323.11,1435.61,32.693,7.5893,402.8,52.9,1478.131, NAN, NAN, NAN, NAN,,2024/04/09 12:02:48.288,2024-04-09 12:02:48.288000+00:00
2024/04/09, 12:03:48.288,38.096,-73.284,11.07,28.58,30.17,10.45,10.3,10.4,1016.4,1016.3,0.0,0.0,0.03,0.01,262,278,6.1,6.7,83.1,83.1,8.8,8.1,253.4,265.3,1018.5,1018.4,231.3,322.81,1457.34,32.6916,7.5899,385.7,52.8,1478.132, NAN, NAN, NAN, NAN,,2024/04/09 12:03:48.288,2024-04-09 12:03:48.288000+00:00
2024/04/09, 12:04:48.288,38.098,-73.282,11.25,29.3,31.87,10.49,10.3,10.4,1016.3,1016.3,0.0,0.0,0.03,0.01,262,278,6.0,6.9,82.9,83.0,8.7,8.3,253.7,266.9,1018.4,1018.4,232.85,322.58,1466.34,32.6904,7.5907,381.7,52.7,1478.133, NAN, NAN, NAN, NAN,,2024/04/09 12:04:48.288,2024-04-09 12:04:48.288000+00:00
2024/04/09, 12:05:48.288,38.101,-73.28,11.22,28.71,31.33,10.65,10.4,10.4,1016.3,1016.1,0.0,0.0,0.03,0.01,263,279,6.1,6.7,82.7,82.8,8.8,8.1,253.7,265.5,1018.4,1018.2,235.89,322.8,1475.55,32.6901,7.5928,384.1,52.5,1478.141, NAN, NAN, NAN, NAN,,2024/04/09 12:05:48.288,2024-04-09 12:05:48.288000+00:00
2024/04/09, 12:06:48.288,38.103,-73.278,11.31,28.8,30.17,10.89,10.4,10.4,1016.3,1016.2,0.0,0.0,0.03,0.01,263,278,5.9,6.8,82.6,82.7,8.7,8.3,252.3,264.7,1018.4,1018.3,239.97,322.71,1483.48,32.69,7.5886,384.8,52.0,1478.125, NAN, NAN, NAN, NAN,,2024/04/09 12:06:48.288,2024-04-09 12:06:48.288000+00:00
2024/04/09, 12:07:48.288,38.106,-73.277,11.1,28.26,30.33,10.6,10.4,10.4,1016.4,1016.2,0.0,0.0,0.03,0.01,263,280,6.3,7.3,82.6,82.7,8.9,8.5,254.1,268.6,1018.5,1018.3,244.79,322.91,1489.87,32.6907,7.5802,366.7,51.8,1478.094, NAN, NAN, NAN, NAN,,2024/04/09 12:07:48.288,2024-04-09 12:07:48.288000+00:00
2024/04/09, 12:08:48.288,38.108,-73.275,11.22,29.68,29.75,10.86,10.4,10.4,1016.3,1016.2,0.0,0.0,0.03,0.01,263,283,5.8,7.0,82.7,82.7,8.6,8.0,252.5,269.5,1018.4,1018.3,226.85,322.03,1397.68,32.6858,7.5758,368.9,52.3,1478.071, NAN, NAN, NAN, NAN,,2024/04/09 12:08:48.288,2024-04-09 12:08:48.288000+00:00
2024/04/09, 12:09:48.288,38.111,-73.273,11.23,27.72,26.46,10.83,10.4,10.4,1016.3,1016.3,0.0,0.0,0.03,0.01,263,278,6.6,7.2,82.7,82.8,9.1,8.5,253.5,265.1,1018.4,1018.4,244.13,322.75,1493.7,32.6855,7.5762,363.3,52.4,1478.072, NAN, NAN, NAN, NAN,,2024/04/09 12:09:48.288,2024-04-09 12:09:48.288000+00:00
2024/04/09, 12:10:48.288,38.114,-73.271,11.31,27.77,32.51,11.05,10.4,10.4,1016.4,1016.3,0.0,0.0,0.03,0.01,263,277,6.6,7.5,82.7,82.7,9.5,9.2,254.8,266.5,1018.5,1018.4,199.17,321.86,1229.76,32.6858,7.5753,364.0,52.5,1478.069, NAN, NAN, NAN, NAN,,2024/04/09 12:10:48.288,2024-04-09 12:10:48.288000+00:00
2024/04/09, 12:11:48.288,38.116,-73.269,11.34,27.34,27.54,11.02,10.4,10.4,1016.3,1016.1,0.0,0.0,0.03,0.01,258,278,6.4,7.0,82.5,82.5,9.4,8.4,249.6,263.6,1018.4,1018.2,255.75,323.08,1534.42,32.6879,7.5709,357.2,52.5,1478.054, NAN, NAN, NAN, NAN,,2024/04/09 12:11:48.288,2024-04-09 12:11:48.288000+00:00
2024/04/09, 12:12:48.288,38.119,-73.267,11.23,28.83,28.68,10.94,10.4,10.5,1016.0,1016.0,0.0,0.0,0.03,0.01,262,281,6.0,7.3,82.4,82.4,8.8,8.3,251.6,268.4,1018.1,1018.1,259.74,322.67,1530.64,32.6887,7.5778,362.7,52.4,1478.082, NAN, NAN, NAN, NAN,,2024/04/09 12:12:48.288,2024-04-09 12:12:48.288000+00:00
2024/04/09, 12:13:48.288,38.122,-73.265,11.25,28.34,26.11,10.98,10.5,10.5,1016.1,1016.3,0.0,0.0,0.03,0.01,264,280,7.0,7.6,82.2,82.4,9.4,8.6,255.6,268.1,1018.2,1018.4,244.03,322.46,1416.23,32.6872,7.5924,356.6,52.4,1478.136, NAN, NAN, NAN, NAN,,2024/04/09 12:13:48.288,2024-04-09 12:13:48.288000+00:00
2024/04/09, 12:14:48.288,38.124,-73.263,11.22,28.9,29.83,10.98,10.5,10.5,1016.1,1015.9,0.0,0.0,0.03,0.01,262,279,6.2,7.1,82.2,82.2,9.0,8.5,252.9,266.5,1018.2,1018.0,245.68,321.75,1464.05,32.6846,7.6054,349.6,52.5,1478.183, NAN, NAN, NAN, NAN,,2024/04/09 12:14:48.288,2024-04-09 12:14:48.288000+00:00
2024/04/09, 12:15:48.288,38.127,-73.261,11.23,28.75,29.36,10.77,10.5,10.5,1016.2,1016.3,0.0,0.0,0.03,0.01,263,279,6.1,7.3,81.9,82.0,8.8,8.5,253.0,267.6,1018.3,1018.4,267.09,322.21,1563.3,32.681,7.6049,349.9,52.5,1478.176, NAN, NAN, NAN, NAN,,2024/04/09 12:15:48.288,2024-04-09 12:15:48.288000+00:00
2024/04/09, 12:16:48.288,38.129,-73.26,11.09,28.34,27.16,10.47,10.5,10.5,1016.2,1016.2,0.0,0.0,0.03,0.01,270,281,4.5,6.6,82.1,82.1,7.0,7.6,247.9,265.7,1018.3,1018.3,276.94,322.33,1585.79,32.6782,7.6193,346.5,52.0,1478.228, NAN, NAN, NAN, NAN,,2024/04/09 12:16:48.288,2024-04-09 12:16:48.288000+00:00
2024/04/09, 12:17:48.289,38.132,-73.258,11.14,29.62,34.88,10.89,10.5,10.5,1016.3,1016.3,0.0,0.0,0.03,0.01,266,282,5.6,7.3,82.1,82.1,8.4,8.5,254.4,271.1,1018.4,1018.4,275.01,322.24,1568.54,32.6711,7.65,346.5,52.5,1478.337, NAN, NAN, NAN, NAN,,2024/04/09 12:17:48.289,2024-04-09 12:17:48.289000+00:00
2024/04/09, 12:18:48.289,38.135,-73.256,11.26,29.05,30.41,10.71,10.5,10.5,1016.3,1016.2,0.0,0.0,0.03,0.01,255,277,6.1,6.6,81.9,81.9,9.3,8.1,249.2,263.8,1018.4,1018.3,277.97,322.3,1593.32,32.6744,7.6607,341.9,52.8,1478.382, NAN, NAN, NAN, NAN,,2024/04/09 12:18:48.289,2024-04-09 12:18:48.289000+00:00
2024/04/09, 12:19:48.289,38.137,-73.254,11.09,28.98,27.66,10.84,10.5,10.6,1016.3,1016.1,0.0,0.0,0.03,0.01,264,280,6.4,7.2,81.9,81.9,8.9,8.3,254.3,267.4,1018.4,1018.2,287.3,322.57,1625.81,32.6744,7.6667,341.9,52.7,1478.405, NAN, NAN, NAN, NAN,,2024/04/09 12:19:48.289,2024-04-09 12:19:48.289000+00:00
2024/04/09, 12:20:48.289,38.14,-73.252,11.2,28.83,31.2,10.75,10.5,10.6,1016.1,1016.1,0.0,0.0,0.03,0.01,257,277,5.4,6.5,81.8,81.8,8.6,8.1,247.7,263.2,1018.2,1018.2,293.75,322.35,1637.8,32.6775,7.6803,346.2,53.0,1478.461, NAN, NAN, NAN, NAN,,2024/04/09 12:20:48.289,2024-04-09 12:20:48.289000+00:00
2024/04/09, 12:21:48.289,38.142,-73.25,11.12,29.36,28.94,10.72,10.5,10.6,1016.1,1015.9,0.0,0.0,0.03,0.01,264,282,5.6,6.8,81.9,81.9,8.2,7.8,251.5,267.5,1018.2,1018.0,289.86,321.77,1618.87,32.6803,7.6944,351.6,53.0,1478.518, NAN, NAN, NAN, NAN,,2024/04/09 12:21:48.289,2024-04-09 12:21:48.289000+00:00
2024/04/09, 12:22:48.289,38.145,-73.248,11.05,29.16,29.46,10.88,10.5,10.5,1016.5,1016.1,0.0,0.0,0.03,0.01,262,280,5.5,6.6,82.0,82.0,8.4,7.9,249.9,264.9,1018.6,1018.2,300.61,321.99,1650.06,32.6858,7.6994,345.6,53.0,1478.544, NAN, NAN, NAN, NAN,,2024/04/09 12:22:48.289,2024-04-09 12:22:48.289000+00:00
2024/04/09, 12:23:48.289,38.148,-73.246,11.09,28.26,29.2,10.67,10.5,10.6,1015.9,1016.0,0.0,0.0,0.03,0.01,265,280,6.0,6.8,81.9,81.9,8.6,8.1,253.8,266.1,1018.0,1018.1,288.41,321.74,1533.92,32.6889,7.6938,346.8,52.8,1478.527, NAN, NAN, NAN, NAN,,2024/04/09 12:23:48.289,2024-04-09 12:23:48.289000+00:00
2024/04/09, 12:24:48.289,38.15,-73.245,11.25,27.67,29.85,10.78,10.5,10.6,1016.2,1016.1,0.0,0.0,0.03,0.01,258,278,5.7,7.1,81.8,81.8,8.9,8.6,248.5,265.6,1018.3,1018.2,311.61,321.92,1673.87,32.697,7.6844,348.0,52.6,1478.501, NAN, NAN, NAN, NAN,,2024/04/09 12:24:48.289,2024-04-09 12:24:48.289000+00:00
2024/04/09, 12:25:48.289,38.153,-73.243,11.1,29.09,26.44,10.59,10.5,10.5,1016.0,1015.9,0.0,0.0,0.03,0.01,263,278,6.3,7.3,82.0,82.0,8.7,8.4,253.8,267.2,1018.1,1018.0,311.94,322.09,1663.22,32.6998,7.6805,349.2,52.6,1478.489, NAN, NAN, NAN, NAN,,2024/04/09 12:25:48.289,2024-04-09 12:25:48.289000+00:00
2024/04/09, 12:26:48.289,38.155,-73.241,11.11,28.49,27.08,10.78,10.5,10.5,1016.1,1016.0,0.0,0.0,0.03,0.01,260,278,5.6,6.6,81.9,82.0,8.5,7.9,248.2,262.8,1018.2,1018.1,315.59,321.73,1682.58,32.6964,7.7048,353.2,52.8,1478.578, NAN, NAN, NAN, NAN,,2024/04/09 12:26:48.289,2024-04-09 12:26:48.289000+00:00
2024/04/09, 12:27:48.289,38.158,-73.239,11.06,28.56,32.57,10.54,10.5,10.5,1016.2,1015.9,0.0,0.0,0.03,0.01,259,273,6.1,7.0,82.0,82.1,9.1,8.8,252.1,263.8,1018.3,1018.0,271.87,321.34,1514.03,32.6984,7.731,351.0,52.7,1478.681, NAN, NAN, NAN, NAN,,2024/04/09 12:27:48.289,2024-04-09 12:27:48.289000+00:00
2024/04/09, 12:28:48.289,38.161,-73.237,11.02,29.43,33.15,10.6,10.5,10.5,1016.1,1016.0,0.0,0.0,0.03,0.01,259,276,6.5,6.9,82.2,82.2,9.4,8.5,254.1,265.8,1018.2,1018.1,315.68,322.01,1680.99,32.7081,7.7554,355.3,52.7,1478.786, NAN, NAN, NAN, NAN,,2024/04/09 12:28:48.289,2024-04-09 12:28:48.289000+00:00
2024/04/09, 12:29:48.289,38.163,-73.235,11.03,28.52,25.82,10.62,10.5,10.5,1016.1,1016.1,0.0,0.0,0.03,0.01,260,279,6.1,7.1,82.2,82.1,8.8,8.1,250.5,266.2,1018.2,1018.2,325.42,321.79,1721.77,32.7132,7.7681,355.3,52.9,1478.841, NAN, NAN, NAN, NAN,,2024/04/09 12:29:48.289,2024-04-09 12:29:48.289000+00:00
2024/04/09, 12:30:48.289,38.166,-73.233,11.02,28.8,29.45,10.88,10.5,10.5,1016.2,1016.1,0.0,0.0,0.03,0.01,267,282,6.8,7.6,82.1,82.1,9.1,8.5,257.8,270.6,1018.3,1018.2,328.63,322.23,1706.81,32.7176,7.7719,360.6,52.9,1478.861, NAN, NAN, NAN, NAN,,2024/04/09 12:30:48.289,2024-04-09 12:30:48.289000+00:00
2024/04/09, 12:31:48.289,38.168,-73.232,11.19,28.37,28.0,10.69,10.5,10.5,1016.1,1016.1,0.0,0.0,0.03,0.01,260,281,6.1,6.6,82.1,82.2,8.9,7.8,251.1,265.4,1018.2,1018.2,333.93,321.52,1716.4,32.7235,7.7587,362.0,53.1,1478.818, NAN, NAN, NAN, NAN,,2024/04/09 12:31:48.289,2024-04-09 12:31:48.289000+00:00
2024/04/09, 12:32:48.289,38.171,-73.23,11.15,28.77,29.46,11.08,10.5,10.5,1016.0,1015.7,0.0,0.0,0.03,0.01,267,281,6.8,7.6,82.1,82.1,9.1,8.6,257.2,269.2,1018.1,1017.8,345.28,322.1,1739.85,32.7252,7.7344,366.7,52.9,1478.727, NAN, NAN, NAN, NAN,,2024/04/09 12:32:48.289,2024-04-09 12:32:48.289000+00:00
2024/04/09, 12:33:48.290,38.174,-73.228,11.1,29.6,28.33,10.94,10.5,10.5,1016.1,1016.1,0.0,0.0,0.03,0.01,265,281,6.8,7.7,82.2,82.2,9.1,8.6,256.7,270.6,1018.2,1018.2,340.83,322.09,1733.76,32.7257,7.72,369.7,52.7,1478.672, NAN, NAN, NAN, NAN,,2024/04/09 12:33:48.290,2024-04-09 12:33:48.290000+00:00
2024/04/09, 12:34:48.290,38.176,-73.226,11.19,29.52,29.44,10.91,10.5,10.5,1016.1,1016.1,0.0,0.0,0.03,0.01,257,279,5.9,7.0,82.3,82.3,9.0,8.3,249.4,266.6,1018.2,1018.2,350.89,321.85,1756.86,32.7277,7.7192,366.7,52.8,1478.672, NAN, NAN, NAN, NAN,,2024/04/09 12:34:48.290,2024-04-09 12:34:48.290000+00:00
2024/04/09, 12:35:48.290,38.179,-73.224,11.17,28.6,31.39,10.73,10.5,10.5,1016.2,1015.9,0.0,0.0,0.03,0.01,262,280,6.3,7.5,82.4,82.4,9.1,8.7,253.8,269.6,1018.3,1018.0,362.66,322.32,1771.54,32.7261,7.7087,364.8,52.9,1478.63, NAN, NAN, NAN, NAN,,2024/04/09 12:35:48.290,2024-04-09 12:35:48.290000+00:00
2024/04/09, 12:36:48.290,38.182,-73.222,11.14,24.31,30.04,10.6,10.5,10.5,1016.1,1016.1,0.0,0.0,0.03,0.01,265,281,6.9,7.4,82.4,82.4,9.5,8.7,254.7,266.7,1018.2,1018.2,365.68,322.17,1775.3,32.7268,7.6887,361.7,52.9,1478.554, NAN, NAN, NAN, NAN,,2024/04/09 12:36:48.290,2024-04-09 12:36:48.290000+00:00
2024/04/09, 12:37:48.290,38.184,-73.221,10.54,1.43,2.52,10.33,10.5,10.5,1016.1,1015.9,0.0,0.0,0.03,0.01,283,292,9.8,11.2,82.4,82.5,10.2,10.6,253.7,265.4,1018.2,1018.0,366.01,321.85,1692.02,32.7262,7.6644,366.2,52.5,1478.46, NAN, NAN, NAN, NAN,,2024/04/09 12:37:48.290,2024-04-09 12:37:48.290000+00:00
2024/04/09, 12:38:48.290,38.187,-73.221,10.76,358.71,356.22,10.62,10.5,10.5,1016.2,1016.1,0.0,0.0,0.03,0.01,290,296,10.3,12.2,82.2,82.2,9.7,10.8,257.2,268.1,1018.3,1018.2,335.35,320.75,1561.88,32.7287,7.6709,365.1,52.9,1478.488, NAN, NAN, NAN, NAN,,2024/04/09 12:38:48.290,2024-04-09 12:38:48.290000+00:00
2024/04/09, 12:39:48.290,38.19,-73.221,10.99,0.0,0.53,10.91,10.5,10.5,1016.1,1016.0,0.0,0.0,0.03,0.01,290,296,10.2,12.0,82.3,82.3,9.9,10.8,257.6,268.2,1018.2,1018.1,382.66,321.86,1766.56,32.7288,7.684,357.2,52.9,1478.539, NAN, NAN, NAN, NAN,,2024/04/09 12:39:48.290,2024-04-09 12:39:48.290000+00:00
2024/04/09, 12:40:48.290,38.193,-73.221,11.09,6.79,3.91,10.95,10.5,10.5,1016.0,1015.9,0.0,0.0,0.03,0.01,288,296,9.8,11.8,82.1,82.1,9.4,10.3,260.8,274.3,1018.1,1018.0,331.04,320.87,1535.25,32.7313,7.7014,367.0,53.1,1478.608, NAN, NAN, NAN, NAN,,2024/04/09 12:40:48.290,2024-04-09 12:40:48.290000+00:00
2024/04/09, 12:41:48.290,38.196,-73.221,11.09,4.76,6.53,10.8,10.5,10.5,1016.3,1016.2,0.0,0.0,0.03,0.01,284,293,9.7,11.6,82.1,82.2,10.1,10.9,256.2,269.4,1018.4,1018.3,390.98,322.52,1786.79,32.7352,7.7223,368.9,52.9,1478.693, NAN, NAN, NAN, NAN,,2024/04/09 12:41:48.290,2024-04-09 12:41:48.290000+00:00
2024/04/09, 12:42:48.290,38.199,-73.221,10.95,10.14,9.31,10.64,10.5,10.6,1016.1,1016.1,0.0,0.0,0.03,0.01,280,291,9.1,11.0,82.2,82.2,9.7,10.3,256.5,271.6,1018.2,1018.2,379.1,322.49,1752.38,32.7402,7.7049,374.0,52.9,1478.633, NAN, NAN, NAN, NAN,,2024/04/09 12:42:48.290,2024-04-09 12:42:48.290000+00:00
2024/04/09, 12:43:48.290,38.202,-73.22,10.98,11.85,11.38,11.03,10.5,10.6,1016.1,1016.0,0.0,0.0,0.03,0.01,279,289,8.9,10.6,82.2,82.3,9.7,10.2,255.8,269.3,1018.2,1018.1,379.98,322.29,1727.42,32.7524,7.6838,398.5,52.5,1478.567, NAN, NAN, NAN, NAN,,2024/04/09 12:43:48.290,2024-04-09 12:43:48.290000+00:00
2024/04/09, 12:44:48.290,38.205,-73.219,11.05,10.04,9.58,10.93,10.5,10.6,1016.2,1015.9,0.0,0.0,0.03,0.01,281,290,9.3,11.0,82.2,82.2,9.9,10.5,257.2,269.9,1018.3,1018.0,372.93,322.4,1706.64,32.7531,7.6962,418.0,52.7,1478.615, NAN, NAN, NAN, NAN,,2024/04/09 12:44:48.290,2024-04-09 12:44:48.290000+00:00
2024/04/09, 12:45:48.290,38.208,-73.218,11.17,9.91,12.83,11.05,10.5,10.6,1016.0,1016.1,0.0,0.0,0.03,0.01,280,291,9.3,10.9,82.2,82.3,10.2,10.6,256.6,270.3,1018.1,1018.2,382.31,322.71,1738.81,32.755,7.7141,414.4,52.8,1478.686, NAN, NAN, NAN, NAN,,2024/04/09 12:45:48.290,2024-04-09 12:45:48.290000+00:00
2024/04/09, 12:46:48.290,38.211,-73.218,11.15,9.7,9.47,10.92,10.5,10.5,1016.0,1016.0,0.0,0.0,0.03,0.01,284,292,9.3,10.9,82.3,82.4,9.7,10.3,259.3,271.1,1018.1,1018.1,399.91,322.69,1794.78,32.7614,7.7316,386.0,52.9,1478.761, NAN, NAN, NAN, NAN,,2024/04/09 12:46:48.290,2024-04-09 12:46:48.290000+00:00
2024/04/09, 12:47:48.290,38.214,-73.217,11.15,10.3,14.38,11.03,10.5,10.5,1016.2,1015.9,0.0,0.0,0.03,0.01,283,292,9.7,11.2,82.2,82.2,10.3,10.8,260.6,272.5,1018.3,1018.0,409.98,322.95,1818.09,32.7681,7.7485,375.6,52.6,1478.834, NAN, NAN, NAN, NAN,,2024/04/09 12:47:48.290,2024-04-09 12:47:48.290000+00:00
2024/04/09, 12:48:48.290,38.217,-73.216,11.13,9.86,12.72,11.06,10.5,10.5,1016.3,1016.0,0.0,0.0,0.03,0.01,281,291,9.4,11.2,82.4,82.4,10.2,10.8,257.5,271.0,1018.4,1018.1,408.94,323.15,1823.0,32.7742,7.7597,355.0,52.8,1478.884, NAN, NAN, NAN, NAN,,2024/04/09 12:48:48.290,2024-04-09 12:48:48.290000+00:00
2024/04/09, 12:49:48.291,38.22,-73.215,11.15,10.56,11.81,10.89,10.5,10.5,1016.2,1016.2,0.0,0.0,0.03,0.01,281,292,8.7,10.3,82.4,82.5,9.5,9.9,256.2,270.4,1018.3,1018.3,417.41,322.83,1833.77,32.7776,7.7706,344.9,52.8,1478.93, NAN, NAN, NAN, NAN,,2024/04/09 12:49:48.291,2024-04-09 12:49:48.291000+00:00
2024/04/09, 12:50:48.291,38.223,-73.215,11.01,10.51,10.16,10.68,10.5,10.5,1016.5,1016.2,0.0,0.0,0.03,0.01,281,292,9.2,10.8,82.3,82.3,9.8,10.2,258.1,272.3,1018.6,1018.3,415.3,322.84,1833.65,32.7777,7.7705,347.2,52.9,1478.93, NAN, NAN, NAN, NAN,,2024/04/09 12:50:48.291,2024-04-09 12:50:48.291000+00:00
2024/04/09, 12:51:48.291,38.226,-73.214,11.16,10.06,10.82,10.93,10.5,10.5,1016.3,1015.8,0.0,0.0,0.03,0.01,284,294,9.2,11.0,82.4,82.5,9.6,10.2,259.5,273.6,1018.4,1017.9,421.45,322.85,1845.14,32.78,7.7696,332.8,53.0,1478.929, NAN, NAN, NAN, NAN,,2024/04/09 12:51:48.291,2024-04-09 12:51:48.291000+00:00
2024/04/09, 12:52:48.291,38.229,-73.213,11.05,10.22,13.19,11.08,10.5,10.5,1016.3,1016.1,0.0,0.0,0.03,0.01,281,290,9.3,10.5,82.5,82.5,10.2,10.3,257.6,268.5,1018.4,1018.2,433.46,323.18,1856.38,32.7861,7.7518,325.4,52.5,1478.869, NAN, NAN, NAN, NAN,,2024/04/09 12:52:48.291,2024-04-09 12:52:48.291000+00:00
2024/04/09, 12:53:48.291,38.232,-73.212,11.12,10.64,14.42,11.02,10.5,10.6,1016.3,1016.1,0.0,0.0,0.03,0.01,282,293,9.2,10.9,82.5,82.5,9.9,10.3,258.5,272.8,1018.4,1018.2,433.05,322.73,1862.09,32.7866,7.7001,324.4,52.6,1478.672, NAN, NAN, NAN, NAN,,2024/04/09 12:53:48.291,2024-04-09 12:53:48.291000+00:00
2024/04/09, 12:54:48.291,38.235,-73.212,11.08,9.24,6.33,11.05,10.5,10.5,1016.0,1016.0,0.0,0.0,0.03,0.01,283,294,8.9,10.7,82.5,82.5,9.3,9.7,256.0,271.4,1018.1,1018.1,441.6,322.68,1871.92,32.7867,7.6561,322.0,52.0,1478.504, NAN, NAN, NAN, NAN,,2024/04/09 12:54:48.291,2024-04-09 12:54:48.291000+00:00
2024/04/09, 12:55:48.291,38.238,-73.211,10.92,16.34,16.77,10.75,10.5,10.6,1016.2,1016.0,0.0,0.0,0.03,0.01,279,290,8.6,10.3,82.5,82.5,9.4,9.8,260.0,274.6,1018.3,1018.1,446.17,322.52,1881.44,32.7871,7.6369,331.5,52.1,1478.431, NAN, NAN, NAN, NAN,,2024/04/09 12:55:48.291,2024-04-09 12:55:48.291000+00:00
2024/04/09, 12:56:48.291,38.241,-73.21,11.15,14.51,12.92,11.17,10.5,10.6,1016.1,1015.9,0.0,0.0,0.03,0.01,278,289,8.5,10.3,82.5,82.5,9.5,10.0,255.9,270.7,1018.2,1018.0,422.09,322.12,1760.91,32.7834,7.6306,330.0,52.3,1478.402, NAN, NAN, NAN, NAN,,2024/04/09 12:56:48.291,2024-04-09 12:56:48.291000+00:00
2024/04/09, 12:57:48.291,38.244,-73.209,11.24,14.12,14.68,11.17,10.5,10.5,1016.3,1016.0,0.0,0.0,0.03,0.01,279,290,8.5,10.3,82.5,82.5,9.6,10.0,256.6,271.3,1018.4,1018.1,443.37,322.13,1869.31,32.7841,7.6275,331.2,52.5,1478.391, NAN, NAN, NAN, NAN,,2024/04/09 12:57:48.291,2024-04-09 12:57:48.291000+00:00
2024/04/09, 12:58:48.291,38.247,-73.208,11.18,15.63,13.58,11.03,10.5,10.5,1016.1,1016.2,0.0,0.0,0.03,0.01,279,290,8.6,10.0,82.6,82.7,9.4,9.6,258.3,272.0,1018.2,1018.3,439.06,321.78,1821.6,32.7843,7.6313,331.2,52.3,1478.406, NAN, NAN, NAN, NAN,,2024/04/09 12:58:48.291,2024-04-09 12:58:48.291000+00:00
2024/04/09, 12:59:48.291,38.25,-73.207,11.17,15.37,18.08,11.06,10.5,10.5,1016.2,1015.8,0.0,0.0,0.03,0.01,279,290,8.4,10.0,82.5,82.5,9.5,9.8,258.1,272.1,1018.3,1017.9,453.09,322.01,1873.33,32.7843,7.6411,333.1,52.4,1478.443, NAN, NAN, NAN, NAN,,2024/04/09 12:59:48.291,2024-04-09 12:59:48.291000+00:00
2024/04/09, 13:00:48.291,38.253,-73.206,11.18,15.09,17.85,11.0,10.5,10.6,1016.0,1016.1,0.0,0.0,0.03,0.01,280,291,8.1,9.7,82.5,82.5,9.2,9.5,257.6,271.8,1018.1,1018.2,441.93,321.42,1798.97,32.7869,7.6627,331.0,52.4,1478.529, NAN, NAN, NAN, NAN,,2024/04/09 13:00:48.291,2024-04-09 13:00:48.291000+00:00
2024/04/09, 13:01:48.291,38.256,-73.204,11.1,14.94,14.8,11.01,10.5,10.5,1016.2,1015.9,0.0,0.0,0.03,0.01,280,292,8.3,10.0,82.6,82.7,9.2,9.5,257.6,273.3,1018.3,1018.0,460.67,321.56,1891.69,32.7843,7.6888,349.2,52.5,1478.626, NAN, NAN, NAN, NAN,,2024/04/09 13:01:48.291,2024-04-09 13:01:48.291000+00:00
2024/04/09, 13:02:48.291,38.259,-73.203,11.03,15.36,13.3,10.93,10.4,10.5,1016.2,1016.0,0.0,0.0,0.03,0.01,280,291,8.3,10.0,82.8,82.9,9.1,9.4,257.9,272.9,1018.3,1018.1,460.53,321.35,1899.38,32.7819,7.71,371.6,52.5,1478.704, NAN, NAN, NAN, NAN,,2024/04/09 13:02:48.291,2024-04-09 13:02:48.291000+00:00
2024/04/09, 13:03:48.291,38.262,-73.202,11.1,15.49,12.73,11.14,10.4,10.4,1016.0,1016.1,0.0,0.0,0.03,0.01,280,291,8.4,9.9,82.8,82.8,9.2,9.4,257.9,272.1,1018.1,1018.2,464.2,321.06,1894.81,32.7754,7.7103,387.2,52.3,1478.697, NAN, NAN, NAN, NAN,,2024/04/09 13:03:48.291,2024-04-09 13:03:48.291000+00:00
2024/04/09, 13:04:48.291,38.265,-73.201,11.01,15.84,15.66,11.1,10.4,10.4,1016.3,1016.1,0.0,0.0,0.03,0.01,279,290,8.4,10.0,83.1,83.1,9.4,9.7,258.1,272.2,1018.4,1018.2,470.92,321.02,1905.04,32.7682,7.6904,390.5,52.2,1478.612, NAN, NAN, NAN, NAN,,2024/04/09 13:04:48.291,2024-04-09 13:04:48.291000+00:00
2024/04/09, 13:05:48.292,38.268,-73.2,11.09,15.48,19.11,10.95,10.4,10.4,1016.1,1016.2,0.0,0.0,0.03,0.01,282,292,8.5,10.2,83.1,83.1,9.3,9.8,261.0,274.9,1018.2,1018.3,481.11,321.1,1908.8,32.7647,7.6808,390.5,52.1,1478.571, NAN, NAN, NAN, NAN,,2024/04/09 13:05:48.292,2024-04-09 13:05:48.292000+00:00
2024/04/09, 13:06:48.292,38.271,-73.199,11.0,15.44,16.57,10.82,10.3,10.4,1016.2,1016.1,0.0,0.0,0.03,0.01,282,292,8.4,10.1,83.3,83.1,9.1,9.6,260.6,274.7,1018.3,1018.2,475.42,320.45,1904.24,32.7608,7.6752,387.5,52.1,1478.545, NAN, NAN, NAN, NAN,,2024/04/09 13:06:48.292,2024-04-09 13:06:48.292000+00:00
2024/04/09, 13:07:48.292,38.274,-73.198,10.99,14.44,14.78,10.85,10.3,10.3,1016.3,1016.2,0.0,0.0,0.03,0.01,284,294,8.4,10.1,83.4,83.4,8.9,9.3,260.9,275.4,1018.4,1018.3,483.42,320.35,1914.66,32.7568,7.6617,376.9,52.2,1478.488, NAN, NAN, NAN, NAN,,2024/04/09 13:07:48.292,2024-04-09 13:07:48.292000+00:00
2024/04/09, 13:08:48.292,38.277,-73.197,11.06,15.92,20.99,11.03,10.3,10.3,1016.3,1016.1,0.0,0.0,0.03,0.01,286,295,8.4,9.9,83.6,83.6,9.1,9.4,264.3,276.9,1018.4,1018.2,485.13,320.06,1921.81,32.7576,7.6437,380.3,52.1,1478.42, NAN, NAN, NAN, NAN,,2024/04/09 13:08:48.292,2024-04-09 13:08:48.292000+00:00
2024/04/09, 13:09:48.292,38.279,-73.196,10.98,15.46,15.62,11.12,10.2,10.3,1016.3,1016.2,0.0,0.0,0.03,0.01,285,293,8.2,9.6,83.8,83.8,8.7,9.1,261.2,273.0,1018.4,1018.3,490.36,320.09,1929.71,32.7627,7.6301,379.6,52.3,1478.374, NAN, NAN, NAN, NAN,,2024/04/09 13:09:48.292,2024-04-09 13:09:48.292000+00:00
2024/04/09, 13:10:48.292,38.282,-73.195,10.89,22.25,16.23,11.17,10.2,10.2,1016.1,1016.1,0.0,0.0,0.03,0.01,284,294,8.1,9.9,83.9,83.9,8.3,8.8,265.3,281.1,1018.2,1018.2,493.31,320.44,1934.02,32.7665,7.6295,374.7,52.3,1478.377, NAN, NAN, NAN, NAN,,2024/04/09 13:10:48.292,2024-04-09 13:10:48.292000+00:00
2024/04/09, 13:11:48.292,38.285,-73.194,10.86,20.6,21.27,11.02,10.2,10.2,1016.4,1016.3,0.0,0.0,0.03,0.01,282,294,7.8,9.5,84.1,84.2,8.7,9.0,263.1,279.1,1018.5,1018.4,491.93,320.58,1928.43,32.771,7.6484,378.4,52.0,1478.455, NAN, NAN, NAN, NAN,,2024/04/09 13:11:48.292,2024-04-09 13:11:48.292000+00:00
2024/04/09, 13:12:48.292,38.288,-73.192,10.93,23.83,23.73,10.81,10.2,10.2,1016.2,1016.1,0.0,0.0,0.03,0.01,283,293,8.0,9.6,84.1,84.2,8.6,8.9,267.8,282.1,1018.3,1018.2,503.47,320.19,1926.61,32.7669,7.707,387.2,52.2,1478.674, NAN, NAN, NAN, NAN,,2024/04/09 13:12:48.292,2024-04-09 13:12:48.292000+00:00
2024/04/09, 13:13:48.292,38.291,-73.191,10.8,28.31,27.4,10.96,10.2,10.2,1016.5,1016.2,0.0,0.0,0.03,0.01,276,290,7.6,9.0,84.2,84.3,8.9,8.7,265.4,281.3,1018.6,1018.3,495.18,320.32,1936.15,32.7737,7.79,384.8,52.2,1478.999, NAN, NAN, NAN, NAN,,2024/04/09 13:13:48.292,2024-04-09 13:13:48.292000+00:00
2024/04/09, 13:14:48.292,38.293,-73.189,10.79,30.98,33.52,10.74,10.1,10.2,1016.3,1016.1,0.0,0.0,0.03,0.01,275,289,6.1,7.3,84.5,84.6,8.0,7.8,262.5,277.1,1018.4,1018.2,473.73,320.66,1928.02,32.7785,7.8427,381.1,52.5,1479.206, NAN, NAN, NAN, NAN,,2024/04/09 13:14:48.292,2024-04-09 13:14:48.292000+00:00
2024/04/09, 13:15:48.292,38.296,-73.187,10.93,33.18,31.16,10.93,10.1,10.2,1016.5,1016.5,0.0,0.0,0.03,0.01,274,285,6.5,7.5,84.5,84.6,8.2,8.0,264.2,276.0,1018.6,1018.6,484.53,320.88,1945.16,32.7993,7.8824,390.2,52.5,1479.383, NAN, NAN, NAN, NAN,,2024/04/09 13:15:48.292,2024-04-09 13:15:48.292000+00:00
2024/04/09, 13:16:48.292,38.298,-73.184,11.14,32.93,32.09,11.08,10.1,10.1,1016.3,1016.1,0.0,0.0,0.03,0.01,276,288,6.4,7.7,84.5,84.6,8.1,8.0,264.4,278.4,1018.4,1018.2,492.07,321.1,1958.78,32.8123,7.924,389.1,52.7,1479.558, NAN, NAN, NAN, NAN,,2024/04/09 13:16:48.292,2024-04-09 13:16:48.292000+00:00
2024/04/09, 13:17:48.292,38.301,-73.182,11.07,31.65,26.97,10.82,10.1,10.1,1016.7,1016.3,0.0,0.0,0.03,0.01,276,288,6.5,7.6,84.7,84.8,7.8,7.6,263.2,276.7,1018.8,1018.4,494.15,320.87,1961.75,32.8228,7.9815,380.0,52.7,1479.789, NAN, NAN, NAN, NAN,,2024/04/09 13:17:48.292,2024-04-09 13:17:48.292000+00:00
2024/04/09, 13:18:48.292,38.304,-73.18,10.99,30.85,29.35,11.17,10.1,10.1,1016.3,1016.3,0.0,0.0,0.03,0.01,275,289,6.4,7.7,84.8,84.9,8.1,7.9,261.3,276.6,1018.4,1018.4,501.41,321.05,1966.93,32.8367,8.0581,371.5,52.1,1480.097, NAN, NAN, NAN, NAN,,2024/04/09 13:18:48.292,2024-04-09 13:18:48.292000+00:00
2024/04/09, 13:19:48.292,38.306,-73.178,11.0,32.51,31.42,10.55,10.1,10.1,1016.5,1016.3,0.0,0.0,0.03,0.01,275,288,5.8,7.4,84.9,85.0,7.5,7.6,261.6,278.2,1018.6,1018.4,506.04,320.68,1973.67,32.8646,8.1187,366.7,52.4,1480.361, NAN, NAN, NAN, NAN,,2024/04/09 13:19:48.292,2024-04-09 13:19:48.292000+00:00
2024/04/09, 13:20:48.292,38.309,-73.176,10.77,31.85,36.52,10.77,10.1,10.1,1016.5,1016.5,0.0,0.0,0.03,0.01,276,291,6.7,8.0,85.0,85.1,8.4,8.2,266.9,282.8,1018.6,1018.6,506.99,320.89,1974.34,32.9053,8.167,354.7,52.1,1480.594, NAN, NAN, NAN, NAN,,2024/04/09 13:20:48.292,2024-04-09 13:20:48.292000+00:00
2024/04/09, 13:21:48.292,38.311,-73.174,10.9,31.74,29.07,10.58,10.1,10.1,1016.6,1016.5,0.0,0.0,0.03,0.01,277,289,6.9,8.2,85.0,85.1,8.0,8.0,266.9,281.5,1018.7,1018.6,511.1,320.87,1973.68,32.9663,8.2343,358.7,52.5,1480.924, NAN, NAN, NAN, NAN,,2024/04/09 13:21:48.292,2024-04-09 13:21:48.292000+00:00
2024/04/09, 13:22:48.293,38.314,-73.172,10.82,31.63,29.59,10.92,10.1,10.1,1016.7,1016.5,0.0,0.0,0.03,0.01,275,289,6.5,7.5,84.9,85.0,8.0,7.6,262.8,276.9,1018.8,1018.6,516.85,320.97,1979.98,33.0019,8.2857,370.0,52.4,1481.161, NAN, NAN, NAN, NAN,,2024/04/09 13:22:48.293,2024-04-09 13:22:48.293000+00:00
2024/04/09, 13:23:48.293,38.317,-73.17,10.88,31.65,28.16,11.12,10.1,10.1,1016.5,1016.3,0.0,0.0,0.03,0.01,273,287,6.5,7.8,85.0,85.1,8.3,8.0,261.1,276.3,1018.6,1018.4,521.56,320.74,1985.8,33.0468,8.3135,404.3,52.7,1481.321, NAN, NAN, NAN, NAN,,2024/04/09 13:23:48.293,2024-04-09 13:23:48.293000+00:00
2024/04/09, 13:24:48.293,38.319,-73.168,10.92,32.67,32.32,10.93,10.1,10.1,1016.4,1016.5,0.0,0.0,0.03,0.01,275,289,6.5,7.9,85.3,85.4,8.2,8.0,264.4,280.3,1018.5,1018.6,527.67,321.14,1999.98,33.0782,8.2865,428.8,52.7,1481.259, NAN, NAN, NAN, NAN,,2024/04/09 13:24:48.293,2024-04-09 13:24:48.293000+00:00
2024/04/09, 13:25:48.293,38.322,-73.166,10.93,31.44,31.05,10.96,10.1,10.1,1016.5,1016.3,0.0,0.0,0.03,0.01,277,294,6.9,8.2,85.3,85.3,8.3,7.8,266.4,284.3,1018.6,1018.4,531.24,320.99,2007.82,33.0988,8.2274,445.6,52.7,1481.061, NAN, NAN, NAN, NAN,,2024/04/09 13:25:48.293,2024-04-09 13:25:48.293000+00:00
2024/04/09, 13:26:48.293,38.324,-73.164,10.88,31.18,30.71,11.09,10.1,10.1,1016.5,1016.2,0.0,0.0,0.03,0.01,279,292,6.5,7.6,85.3,85.4,7.9,7.6,265.0,279.1,1018.6,1018.3,535.99,320.96,2012.43,33.1008,8.1694,464.1,52.8,1480.845, NAN, NAN, NAN, NAN,,2024/04/09 13:26:48.293,2024-04-09 13:26:48.293000+00:00
2024/04/09, 13:27:48.293,38.327,-73.162,10.88,32.36,30.26,10.9,10.1,10.1,1016.8,1016.6,0.0,0.0,0.03,0.01,279,291,6.5,7.7,85.4,85.5,7.8,7.6,266.2,280.4,1018.9,1018.7,533.38,320.89,2005.21,33.0865,8.1388,452.0,52.9,1480.712, NAN, NAN, NAN, NAN,,2024/04/09 13:27:48.293,2024-04-09 13:27:48.293000+00:00
2024/04/09, 13:28:48.293,38.33,-73.16,10.87,32.58,32.61,11.05,10.1,10.1,1016.5,1016.3,0.0,0.0,0.03,0.01,279,293,6.4,7.4,85.5,85.6,7.8,7.3,265.9,280.2,1018.6,1018.4,532.84,321.17,1992.46,33.0645,8.1382,403.5,52.8,1480.682, NAN, NAN, NAN, NAN,,2024/04/09 13:28:48.293,2024-04-09 13:28:48.293000+00:00
2024/04/09, 13:29:48.293,38.332,-73.158,10.77,31.41,28.98,10.49,10.1,10.1,1016.6,1016.4,0.0,0.0,0.03,0.01,281,291,6.7,8.0,85.7,85.8,7.5,7.6,268.4,282.2,1018.7,1018.5,540.64,321.27,2001.37,33.0441,8.1498,364.8,52.9,1480.701, NAN, NAN, NAN, NAN,,2024/04/09 13:29:48.293,2024-04-09 13:29:48.293000+00:00
2024/04/09, 13:30:48.293,38.335,-73.156,10.77,31.35,31.36,10.68,10.1,10.1,1016.6,1016.7,0.0,0.0,0.03,0.01,281,290,6.5,7.7,85.6,85.7,7.7,7.8,267.7,279.8,1018.7,1018.8,545.66,321.32,1993.89,33.0332,8.1121,347.5,52.1,1480.545, NAN, NAN, NAN, NAN,,2024/04/09 13:30:48.293,2024-04-09 13:30:48.293000+00:00
2024/04/09, 13:31:48.293,38.337,-73.154,10.87,37.32,32.79,10.63,10.1,10.1,1016.5,1016.2,0.0,0.0,0.03,0.01,282,288,6.6,7.7,85.5,85.5,7.2,7.5,272.9,283.1,1018.6,1018.3,545.16,321.22,1996.31,33.0229,8.0743,350.5,52.6,1480.389, NAN, NAN, NAN, NAN,,2024/04/09 13:31:48.293,2024-04-09 13:31:48.293000+00:00
2024/04/09, 13:32:48.293,38.339,-73.152,10.71,49.64,47.24,10.43,10.1,10.1,1016.5,1016.6,0.0,0.0,0.03,0.01,282,291,3.6,4.9,85.5,85.6,5.7,5.7,265.8,280.5,1018.6,1018.7,517.02,321.44,1999.41,32.9936,8.0319,356.3,52.9,1480.192, NAN, NAN, NAN, NAN,,2024/04/09 13:32:48.293,2024-04-09 13:32:48.293000+00:00
2024/04/09, 13:33:48.293,38.341,-73.149,10.99,51.77,51.13,10.96,10.1,10.1,1016.6,1016.5,0.0,0.0,0.03,0.01,260,269,4.2,4.5,85.6,85.7,7.5,7.2,264.1,269.3,1018.7,1018.6,516.87,322.18,2016.69,32.9498,7.9945,341.6,52.8,1479.996, NAN, NAN, NAN, NAN,,2024/04/09 13:33:48.293,2024-04-09 13:33:48.293000+00:00
2024/04/09, 13:34:48.293,38.343,-73.146,10.98,50.72,49.88,10.59,10.1,10.1,1016.9,1016.7,0.0,0.0,0.03,0.01,280,282,3.6,5.0,85.6,85.6,5.9,6.5,266.4,278.2,1019.0,1018.8,523.88,321.74,2022.96,32.9191,7.9331,339.8,52.4,1479.725, NAN, NAN, NAN, NAN,,2024/04/09 13:34:48.293,2024-04-09 13:34:48.293000+00:00
2024/04/09, 13:35:48.293,38.345,-73.143,11.03,51.0,48.23,10.98,10.1,10.1,1016.7,1016.7,0.0,0.0,0.03,0.01,269,279,4.2,5.2,85.7,85.7,7.0,6.9,265.8,276.5,1018.8,1018.8,526.79,321.81,2007.4,32.8888,7.8544,340.1,52.7,1479.388, NAN, NAN, NAN, NAN,,2024/04/09 13:35:48.293,2024-04-09 13:35:48.293000+00:00
2024/04/09, 13:36:48.293,38.347,-73.14,11.05,49.64,51.42,10.87,10.1,10.1,1016.8,1016.5,0.0,0.0,0.03,0.01,270,281,3.9,5.0,85.7,85.7,6.9,6.8,265.3,276.9,1018.9,1018.6,518.38,321.83,1980.56,32.8632,7.7982,344.3,52.4,1479.142, NAN, NAN, NAN, NAN,,2024/04/09 13:36:48.293,2024-04-09 13:36:48.293000+00:00
2024/04/09, 13:37:48.293,38.349,-73.137,10.93,51.91,49.22,10.75,10.0,10.1,1016.4,1016.7,0.0,0.0,0.03,0.01,270,280,4.4,5.3,85.7,85.7,6.9,6.8,268.7,279.0,1018.5,1018.8,524.56,321.39,2012.73,32.8446,7.7498,343.8,52.3,1478.934, NAN, NAN, NAN, NAN,,2024/04/09 13:37:48.293,2024-04-09 13:37:48.293000+00:00
2024/04/09, 13:38:48.294,38.351,-73.134,10.92,50.02,53.74,10.95,10.0,10.1,1016.8,1016.7,0.0,0.0,0.03,0.01,272,281,4.6,5.3,85.7,85.8,7.3,7.1,271.4,279.6,1018.9,1018.8,544.57,321.61,2050.14,32.8353,7.7179,347.2,52.3,1478.801, NAN, NAN, NAN, NAN,,2024/04/09 13:38:48.294,2024-04-09 13:38:48.294000+00:00
2024/04/09, 13:39:48.294,38.353,-73.132,10.98,51.18,50.04,11.05,10.0,10.1,1016.6,1016.5,0.0,0.0,0.03,0.01,266,281,3.9,5.0,85.9,85.8,7.0,6.7,263.4,276.4,1018.7,1018.6,543.36,321.44,2046.64,32.8088,7.6896,352.9,52.5,1478.659, NAN, NAN, NAN, NAN,,2024/04/09 13:39:48.294,2024-04-09 13:39:48.294000+00:00
2024/04/09, 13:40:48.294,38.355,-73.129,11.12,50.93,51.58,10.78,10.0,10.1,1016.6,1016.8,0.0,0.0,0.03,0.01,269,281,4.2,5.0,85.9,85.9,7.0,6.7,267.7,277.9,1018.7,1018.9,551.4,321.22,2066.55,32.7885,7.6673,349.6,52.3,1478.549, NAN, NAN, NAN, NAN,,2024/04/09 13:40:48.294,2024-04-09 13:40:48.294000+00:00
2024/04/09, 13:41:48.294,38.357,-73.126,11.25,50.92,49.36,10.95,10.0,10.0,1016.5,1016.3,0.0,0.0,0.03,0.01,261,279,3.7,4.9,85.9,85.8,7.2,6.8,261.1,275.5,1018.6,1018.4,551.28,321.47,2073.51,32.7692,7.6505,348.0,52.4,1478.461, NAN, NAN, NAN, NAN,,2024/04/09 13:41:48.294,2024-04-09 13:41:48.294000+00:00
2024/04/09, 13:42:48.294,38.359,-73.123,11.03,49.94,47.46,10.57,10.0,10.0,1016.6,1016.6,0.0,0.0,0.03,0.01,266,282,3.6,5.0,85.9,85.9,6.6,6.4,260.5,276.6,1018.7,1018.7,558.64,321.25,2073.49,32.7697,7.6428,345.2,51.9,1478.432, NAN, NAN, NAN, NAN,,2024/04/09 13:42:48.294,2024-04-09 13:42:48.294000+00:00
2024/04/09, 13:43:48.294,38.361,-73.12,10.91,51.62,50.18,10.91,10.0,10.0,1016.8,1016.5,0.0,0.0,0.03,0.01,263,283,3.8,4.8,85.9,85.9,7.1,6.4,262.5,276.7,1018.9,1018.6,556.66,321.17,2072.95,32.736,7.6275,337.9,52.0,1478.331, NAN, NAN, NAN, NAN,,2024/04/09 13:43:48.294,2024-04-09 13:43:48.294000+00:00
2024/04/09, 13:44:48.294,38.363,-73.117,10.92,49.81,51.68,10.9,10.0,10.0,1016.9,1016.8,0.0,0.0,0.03,0.01,268,277,4.0,5.0,86.1,86.1,7.1,7.2,265.8,275.6,1019.0,1018.9,566.83,321.29,2063.66,32.7187,7.6163,331.8,52.0,1478.267, NAN, NAN, NAN, NAN,,2024/04/09 13:44:48.294,2024-04-09 13:44:48.294000+00:00
2024/04/09, 13:45:48.294,38.365,-73.114,11.03,51.73,50.89,10.96,10.0,10.0,1016.8,1016.8,0.0,0.0,0.03,0.01,269,287,3.9,4.5,86.1,86.1,6.9,6.0,265.4,276.0,1018.9,1018.9,567.47,321.22,2077.27,32.7068,7.6135,337.6,52.1,1478.241, NAN, NAN, NAN, NAN,,2024/04/09 13:45:48.294,2024-04-09 13:45:48.294000+00:00
2024/04/09, 13:46:48.294,38.366,-73.111,11.11,51.16,50.38,10.83,10.0,10.0,1016.5,1016.8,0.0,0.0,0.03,0.01,272,290,4.0,5.0,86.2,86.2,6.7,6.0,267.1,281.4,1018.6,1018.9,570.01,321.09,2078.78,32.693,7.6161,335.2,52.0,1478.234, NAN, NAN, NAN, NAN,,2024/04/09 13:46:48.294,2024-04-09 13:46:48.294000+00:00
2024/04/09, 13:47:48.294,38.368,-73.108,11.13,50.92,49.48,10.91,10.0,10.0,1016.6,1016.8,0.0,0.0,0.03,0.01,272,286,3.9,4.7,86.2,86.2,6.7,6.2,265.8,276.7,1018.7,1018.9,582.22,320.91,2097.45,32.6852,7.6044,326.7,52.1,1478.18, NAN, NAN, NAN, NAN,,2024/04/09 13:47:48.294,2024-04-09 13:47:48.294000+00:00
2024/04/09, 13:48:48.294,38.37,-73.105,11.23,50.88,50.49,11.22,9.9,10.0,1016.8,1016.7,0.0,0.0,0.03,0.01,270,287,4.0,5.0,86.2,86.1,7.0,6.4,265.4,278.7,1018.9,1018.8,572.78,320.82,2060.31,32.6634,7.5809,328.8,52.4,1478.062, NAN, NAN, NAN, NAN,,2024/04/09 13:48:48.294,2024-04-09 13:48:48.294000+00:00
2024/04/09, 13:49:48.294,38.372,-73.102,11.12,50.2,53.43,10.94,9.9,10.0,1016.8,1016.7,0.0,0.0,0.03,0.01,273,291,3.8,4.8,86.3,86.3,6.7,6.1,266.6,280.4,1018.9,1018.8,580.26,321.11,2072.65,32.6493,7.5637,315.6,52.1,1477.979, NAN, NAN, NAN, NAN,,2024/04/09 13:49:48.294,2024-04-09 13:49:48.294000+00:00
2024/04/09, 13:50:48.294,38.374,-73.099,11.17,51.3,49.34,11.07,9.9,10.0,1016.9,1016.9,0.0,0.0,0.03,0.01,275,294,4.0,4.6,86.4,86.4,6.6,5.6,267.1,278.2,1019.0,1019.0,585.02,320.6,2087.39,32.6357,7.5492,321.1,52.3,1477.906, NAN, NAN, NAN, NAN,,2024/04/09 13:50:48.294,2024-04-09 13:50:48.294000+00:00
2024/04/09, 13:51:48.294,38.376,-73.096,11.22,50.99,46.65,11.24,9.9,10.0,1016.5,1016.5,0.0,0.0,0.03,0.01,278,292,4.0,4.5,86.4,86.3,6.4,5.7,266.7,275.1,1018.6,1018.6,594.55,320.42,2092.44,32.6286,7.5317,315.6,51.9,1477.83, NAN, NAN, NAN, NAN,,2024/04/09 13:51:48.294,2024-04-09 13:51:48.294000+00:00
2024/04/09, 13:52:48.294,38.378,-73.093,10.98,50.78,52.18,11.05,9.9,10.0,1016.9,1016.6,0.0,0.0,0.03,0.01,278,298,4.0,5.5,86.3,86.3,6.5,5.8,268.9,288.6,1019.0,1018.7,600.17,320.48,2099.89,32.6189,7.4796,311.3,51.8,1477.618, NAN, NAN, NAN, NAN,,2024/04/09 13:52:48.294,2024-04-09 13:52:48.294000+00:00
2024/04/09, 13:53:48.294,38.38,-73.09,11.14,51.96,49.64,10.97,9.9,9.9,1016.8,1016.6,0.0,0.0,0.03,0.01,276,294,4.1,5.0,86.4,86.4,6.5,5.7,269.0,282.7,1018.9,1018.7,600.31,320.74,2106.24,32.6171,7.419,317.2,52.0,1477.382, NAN, NAN, NAN, NAN,,2024/04/09 13:53:48.294,2024-04-09 13:53:48.294000+00:00
2024/04/09, 13:54:48.295,38.382,-73.087,11.03,50.88,51.08,10.9,9.9,9.9,1016.8,1016.5,0.0,0.0,0.03,0.01,284,302,4.0,5.7,86.6,86.6,6.1,5.5,271.2,293.0,1018.9,1018.6,609.26,320.14,2111.48,32.6203,7.3757,315.3,51.8,1477.219, NAN, NAN, NAN, NAN,,2024/04/09 13:54:48.295,2024-04-09 13:54:48.295000+00:00
2024/04/09, 13:55:48.295,38.384,-73.084,11.03,51.13,48.83,11.0,9.9,9.9,1016.8,1016.4,0.0,0.0,0.03,0.01,283,303,3.9,5.5,86.3,86.3,6.0,5.2,268.4,290.3,1018.9,1018.5,617.9,319.96,2130.28,32.6135,7.3484,314.2,52.3,1477.105, NAN, NAN, NAN, NAN,,2024/04/09 13:55:48.295,2024-04-09 13:55:48.295000+00:00
2024/04/09, 13:56:48.295,38.386,-73.081,10.99,51.07,49.39,11.18,9.9,9.9,1016.6,1016.8,0.0,0.0,0.03,0.01,277,291,3.8,5.0,86.3,86.5,6.4,6.1,266.0,280.3,1018.7,1018.9,616.22,320.41,2119.59,32.6132,7.3409,322.0,51.7,1477.076, NAN, NAN, NAN, NAN,,2024/04/09 13:56:48.295,2024-04-09 13:56:48.295000+00:00
2024/04/09, 13:57:48.295,38.388,-73.078,11.15,50.07,51.25,11.13,9.8,9.9,1016.8,1016.6,0.0,0.0,0.03,0.01,291,306,3.9,5.7,86.5,86.8,5.7,5.2,270.7,293.2,1018.9,1018.7,610.13,319.42,2087.76,32.6056,7.3331,308.9,51.8,1477.037, NAN, NAN, NAN, NAN,,2024/04/09 13:57:48.295,2024-04-09 13:57:48.295000+00:00
2024/04/09, 13:58:48.295,38.39,-73.075,10.96,52.12,52.16,11.06,9.8,9.8,1016.6,1016.5,0.0,0.0,0.03,0.01,279,300,3.7,5.0,86.6,86.6,6.3,5.4,267.6,285.7,1018.7,1018.6,612.06,319.99,2094.47,32.605,7.3342,308.6,52.0,1477.04, NAN, NAN, NAN, NAN,,2024/04/09 13:58:48.295,2024-04-09 13:58:48.295000+00:00
2024/04/09, 13:59:48.295,38.391,-73.072,11.12,50.77,48.09,11.24,9.8,9.8,1016.6,1016.8,0.0,0.0,0.03,0.01,280,300,3.6,5.0,86.9,86.9,6.2,5.4,264.7,283.2,1018.7,1018.9,622.82,320.36,2107.72,32.609,7.3499,300.8,52.1,1477.106, NAN, NAN, NAN, NAN,,2024/04/09 13:59:48.295,2024-04-09 13:59:48.295000+00:00
2024/04/09, 14:00:48.295,38.393,-73.068,11.18,50.8,49.84,11.08,9.8,9.8,1016.8,1016.8,0.0,0.0,0.03,0.01,283,303,3.7,5.5,86.9,87.0,6.0,5.3,267.1,290.3,1018.9,1018.9,630.15,320.18,2110.67,32.6014,7.3574,298.2,52.3,1477.125, NAN, NAN, NAN, NAN,,2024/04/09 14:00:48.295,2024-04-09 14:00:48.295000+00:00
2024/04/09, 14:01:48.295,38.395,-73.065,11.13,51.29,53.3,11.23,9.8,9.8,1016.7,1016.6,0.0,0.0,0.03,0.01,280,300,3.5,4.9,87.0,87.1,6.3,5.6,266.6,284.6,1018.8,1018.7,632.51,320.68,2108.14,32.6011,7.3501,290.7,52.4,1477.097, NAN, NAN, NAN, NAN,,2024/04/09 14:01:48.295,2024-04-09 14:01:48.295000+00:00
2024/04/09, 14:02:48.295,38.397,-73.062,11.12,50.46,50.34,10.9,9.8,9.8,1016.5,1016.6,0.0,0.0,0.03,0.01,287,304,3.5,5.0,87.0,87.2,5.7,5.0,266.9,286.6,1018.6,1018.7,581.33,319.53,1968.51,32.6102,7.3628,285.4,52.3,1477.157, NAN, NAN, NAN, NAN,,2024/04/09 14:02:48.295,2024-04-09 14:02:48.295000+00:00
2024/04/09, 14:03:48.295,38.399,-73.059,11.14,51.91,52.68,10.83,9.8,9.8,1016.6,1016.5,0.0,0.0,0.03,0.01,277,304,2.9,3.4,87.3,87.4,6.0,4.7,262.4,271.3,1018.7,1018.6,629.77,320.88,2101.87,32.6125,7.3974,281.2,52.0,1477.293, NAN, NAN, NAN, NAN,,2024/04/09 14:03:48.295,2024-04-09 14:03:48.295000+00:00
2024/04/09, 14:04:48.295,38.401,-73.056,11.22,50.4,51.48,11.33,9.8,9.8,1016.5,1016.3,0.0,0.0,0.03,0.01,291,308,3.4,5.2,87.2,87.4,5.7,5.0,266.0,288.6,1018.6,1018.4,639.99,320.6,2101.27,32.6192,7.4323,274.5,52.3,1477.436, NAN, NAN, NAN, NAN,,2024/04/09 14:04:48.295,2024-04-09 14:04:48.295000+00:00
2024/04/09, 14:05:48.295,38.403,-73.053,11.18,50.66,52.46,10.97,9.7,9.8,1016.9,1016.9,0.0,0.0,0.03,0.01,289,307,3.4,5.0,87.2,87.4,5.7,4.9,267.4,288.4,1019.0,1019.0,637.26,320.33,2101.82,32.6317,7.4832,272.6,52.2,1477.648, NAN, NAN, NAN, NAN,,2024/04/09 14:05:48.295,2024-04-09 14:05:48.295000+00:00
2024/04/09, 14:06:48.295,38.405,-73.05,11.16,50.4,51.6,11.08,9.7,9.8,1016.8,1016.9,0.0,0.0,0.03,0.01,286,303,3.7,5.4,87.3,87.4,5.9,5.4,268.6,289.8,1018.9,1019.0,632.63,320.37,2051.0,32.6432,7.5892,274.8,52.7,1478.069, NAN, NAN, NAN, NAN,,2024/04/09 14:06:48.295,2024-04-09 14:06:48.295000+00:00
2024/04/09, 14:07:48.295,38.407,-73.047,11.1,51.45,53.03,10.96,9.8,9.8,1016.5,1016.7,0.0,0.0,0.03,0.01,285,307,3.3,5.1,87.4,87.5,5.8,4.9,266.2,290.1,1018.6,1018.8,616.57,320.03,2021.92,32.6593,7.6398,262.2,52.7,1478.283, NAN, NAN, NAN, NAN,,2024/04/09 14:07:48.295,2024-04-09 14:07:48.295000+00:00
2024/04/09, 14:08:48.295,38.408,-73.044,11.18,51.15,54.96,11.07,9.8,9.8,1016.6,1016.7,0.0,0.0,0.03,0.01,290,309,3.3,4.9,87.3,87.4,5.7,4.8,267.6,288.6,1018.7,1018.8,635.51,320.52,2063.73,32.6982,7.6654,266.5,52.9,1478.429, NAN, NAN, NAN, NAN,,2024/04/09 14:08:48.295,2024-04-09 14:08:48.295000+00:00
2024/04/09, 14:09:48.295,38.41,-73.04,11.23,50.41,55.12,11.34,9.8,9.8,1016.9,1016.7,0.0,0.0,0.03,0.01,286,303,3.5,5.2,87.4,87.5,6.1,5.5,267.3,287.6,1019.0,1018.8,647.2,320.58,2079.36,32.7206,7.6484,269.9,53.2,1478.392, NAN, NAN, NAN, NAN,,2024/04/09 14:09:48.295,2024-04-09 14:09:48.295000+00:00
2024/04/09, 14:10:48.296,38.412,-73.037,11.2,51.65,52.52,10.85,9.8,9.8,1016.8,1016.5,0.0,0.0,0.03,0.01,285,305,3.5,5.4,87.3,87.4,5.8,5.2,268.4,293.0,1018.9,1018.6,651.04,320.61,2096.31,32.7313,7.6275,272.3,52.9,1478.325, NAN, NAN, NAN, NAN,,2024/04/09 14:10:48.296,2024-04-09 14:10:48.296000+00:00
2024/04/09, 14:11:48.296,38.414,-73.034,11.1,50.23,52.41,11.0,9.8,9.8,1016.8,1016.8,0.0,0.0,0.03,0.01,279,303,3.6,4.9,87.4,87.5,6.3,5.3,266.8,285.7,1018.9,1018.9,671.8,321.48,2120.49,32.7384,7.6132,273.6,52.9,1478.279, NAN, NAN, NAN, NAN,,2024/04/09 14:11:48.296,2024-04-09 14:11:48.296000+00:00
2024/04/09, 14:12:48.296,38.416,-73.031,11.09,51.14,55.88,10.84,9.8,9.8,1016.3,1016.5,0.0,0.0,0.03,0.01,281,303,3.3,4.6,87.5,87.7,6.1,5.2,267.0,285.0,1018.4,1018.6,665.93,321.3,2100.68,32.7511,7.6013,268.9,52.9,1478.25, NAN, NAN, NAN, NAN,,2024/04/09 14:12:48.296,2024-04-09 14:12:48.296000+00:00
2024/04/09, 14:13:48.296,38.418,-73.028,11.01,50.84,53.63,11.1,9.8,9.8,1016.5,1016.3,0.0,0.0,0.03,0.01,284,304,3.5,5.1,87.3,87.4,6.1,5.4,268.3,288.8,1018.6,1018.4,642.08,320.69,2058.4,32.7517,7.592,264.4,52.7,1478.215, NAN, NAN, NAN, NAN,,2024/04/09 14:13:48.296,2024-04-09 14:13:48.296000+00:00
2024/04/09, 14:14:48.296,38.419,-73.025,10.81,46.48,50.02,10.9,9.8,9.8,1016.6,1016.6,0.0,0.0,0.03,0.01,275,301,3.8,4.4,87.3,87.4,6.7,5.3,265.1,278.0,1018.7,1018.7,656.04,321.16,2048.18,32.7558,7.5887,268.4,52.4,1478.207, NAN, NAN, NAN, NAN,,2024/04/09 14:14:48.296,2024-04-09 14:14:48.296000+00:00
2024/04/09, 14:15:48.296,38.421,-73.022,10.92,49.33,52.05,11.09,9.8,9.8,1016.9,1016.5,0.0,0.0,0.03,0.01,286,299,3.6,5.1,87.5,87.7,6.0,5.8,268.2,285.4,1019.0,1018.6,656.64,320.59,2032.58,32.7602,7.5675,259.8,52.9,1478.131, NAN, NAN, NAN, NAN,,2024/04/09 14:15:48.296,2024-04-09 14:15:48.296000+00:00
2024/04/09, 14:16:48.296,38.423,-73.019,10.86,48.94,57.75,10.7,9.8,9.8,1016.3,1016.6,0.0,0.0,0.03,0.01,298,310,3.3,5.4,87.5,87.3,5.3,5.2,271.1,296.2,1018.4,1018.7,661.65,319.74,2041.51,32.765,7.6465,259.5,52.9,1478.44, NAN, NAN, NAN, NAN,,2024/04/09 14:16:48.296,2024-04-09 14:16:48.296000+00:00
2024/04/09, 14:17:48.296,38.425,-73.016,10.96,49.59,53.87,10.98,9.7,9.7,1016.6,1016.6,0.0,0.0,0.03,0.01,287,305,3.5,5.2,87.4,87.5,5.9,5.3,268.3,289.7,1018.7,1018.7,681.75,320.38,2089.91,32.7657,7.7545,267.2,53.1,1478.854, NAN, NAN, NAN, NAN,,2024/04/09 14:17:48.296,2024-04-09 14:17:48.296000+00:00
2024/04/09, 14:18:48.296,38.427,-73.013,10.95,47.85,49.42,10.69,9.7,9.7,1016.7,1016.6,0.0,0.0,0.03,0.01,300,310,3.4,5.3,87.6,87.7,5.0,4.8,268.4,292.3,1018.8,1018.7,691.21,319.48,2101.74,32.7789,7.8351,274.5,52.5,1479.178, NAN, NAN, NAN, NAN,,2024/04/09 14:18:48.296,2024-04-09 14:18:48.296000+00:00
2024/04/09, 14:19:48.296,38.429,-73.01,11.01,48.79,52.91,11.14,9.6,9.6,1016.8,1016.7,0.0,0.0,0.03,0.01,294,310,3.4,5.1,87.6,87.7,5.6,5.0,268.0,289.4,1018.9,1018.8,703.42,320.05,2138.0,32.8008,7.8693,259.2,52.7,1479.335, NAN, NAN, NAN, NAN,,2024/04/09 14:19:48.296,2024-04-09 14:19:48.296000+00:00
2024/04/09, 14:20:48.296,38.431,-73.006,11.0,48.97,54.39,11.25,9.6,9.6,1016.8,1016.9,0.0,0.0,0.03,0.01,281,301,3.4,4.8,87.8,87.9,6.4,5.6,265.3,283.0,1018.9,1019.0,717.89,320.89,2166.22,32.816,7.8884,262.2,53.3,1479.427, NAN, NAN, NAN, NAN,,2024/04/09 14:20:48.296,2024-04-09 14:20:48.296000+00:00
2024/04/09, 14:21:48.296,38.433,-73.003,10.96,48.43,52.86,11.15,9.6,9.6,1016.5,1016.3,0.0,0.0,0.03,0.01,273,300,3.4,4.4,88.3,88.4,6.7,5.4,262.2,278.0,1018.6,1018.4,710.82,321.06,2132.76,32.8195,7.8886,260.1,52.8,1479.432, NAN, NAN, NAN, NAN,,2024/04/09 14:21:48.296,2024-04-09 14:21:48.296000+00:00
2024/04/09, 14:22:48.296,38.434,-73.0,11.01,49.87,51.37,11.06,9.6,9.6,1016.8,1016.7,0.0,0.0,0.03,0.01,281,295,3.6,5.0,88.3,88.5,6.2,5.9,266.6,282.8,1018.9,1018.8,707.22,320.29,2118.17,32.8051,7.8993,264.1,53.2,1479.455, NAN, NAN, NAN, NAN,,2024/04/09 14:22:48.296,2024-04-09 14:22:48.296000+00:00
2024/04/09, 14:23:48.296,38.436,-72.997,11.06,48.29,49.01,11.34,9.6,9.6,1016.5,1016.6,0.0,0.0,0.03,0.01,284,301,3.2,4.5,88.3,88.4,6.0,5.4,261.5,277.5,1018.6,1018.7,721.46,320.01,2153.77,32.7919,7.9146,280.3,53.2,1479.497, NAN, NAN, NAN, NAN,,2024/04/09 14:23:48.296,2024-04-09 14:23:48.296000+00:00
2024/04/09, 14:24:48.296,38.438,-72.994,10.91,48.66,50.36,11.18,9.6,9.6,1016.8,1016.6,0.0,0.0,0.03,0.01,276,297,3.5,4.7,88.3,88.4,6.6,5.7,263.6,279.7,1018.9,1018.7,722.4,320.55,2118.8,32.7753,7.9524,296.4,52.1,1479.62, NAN, NAN, NAN, NAN,,2024/04/09 14:24:48.296,2024-04-09 14:24:48.296000+00:00
2024/04/09, 14:25:48.297,38.44,-72.991,11.07,48.51,51.17,11.43,9.6,9.6,1016.8,1016.9,0.0,0.0,0.03,0.01,272,302,3.2,4.4,88.4,88.5,6.8,5.4,260.1,277.5,1018.9,1019.0,730.8,320.73,2146.67,32.7772,7.9926,293.7,52.7,1479.775, NAN, NAN, NAN, NAN,,2024/04/09 14:25:48.297,2024-04-09 14:25:48.297000+00:00
2024/04/09, 14:26:48.297,38.442,-72.988,11.01,49.49,52.53,11.32,9.6,9.6,1016.8,1016.9,0.0,0.0,0.03,0.01,289,309,2.9,4.8,88.4,88.5,5.8,4.9,261.7,285.0,1018.9,1019.0,745.54,319.52,2177.04,32.7768,7.9915,293.7,52.9,1479.77, NAN, NAN, NAN, NAN,,2024/04/09 14:26:48.297,2024-04-09 14:26:48.297000+00:00
2024/04/09, 14:27:48.297,38.444,-72.985,11.04,49.25,50.92,11.17,9.5,9.6,1016.8,1016.8,0.0,0.0,0.03,0.01,280,301,3.3,4.9,88.4,88.5,6.2,5.5,263.3,283.3,1018.9,1018.9,732.75,319.64,2142.66,32.7728,7.9368,293.4,53.2,1479.557, NAN, NAN, NAN, NAN,,2024/04/09 14:27:48.297,2024-04-09 14:27:48.297000+00:00
2024/04/09, 14:28:48.297,38.446,-72.982,11.1,48.79,53.24,11.26,9.5,9.5,1016.9,1016.7,0.0,0.0,0.03,0.01,274,300,3.2,4.8,88.6,88.7,6.6,5.7,261.9,282.4,1019.0,1018.8,705.85,319.52,2051.7,32.7623,7.8938,284.3,53.3,1479.381, NAN, NAN, NAN, NAN,,2024/04/09 14:28:48.297,2024-04-09 14:28:48.297000+00:00
2024/04/09, 14:29:48.297,38.448,-72.978,11.09,48.44,50.33,10.97,9.5,9.5,1016.9,1016.6,0.0,0.0,0.03,0.01,291,311,3.0,5.0,88.8,88.9,5.5,4.6,261.9,287.9,1019.0,1018.7,749.69,319.06,2163.99,32.7445,7.8381,282.0,53.1,1479.147, NAN, NAN, NAN, NAN,,2024/04/09 14:29:48.297,2024-04-09 14:29:48.297000+00:00
2024/04/09, 14:30:48.297,38.45,-72.975,10.74,49.89,53.46,11.08,9.5,9.5,1017.0,1016.9,0.0,0.0,0.03,0.01,282,306,3.1,5.0,88.8,88.8,6.0,5.1,263.0,287.3,1019.1,1019.0,753.4,319.23,2168.16,32.7277,7.7852,291.0,52.5,1478.924, NAN, NAN, NAN, NAN,,2024/04/09 14:30:48.297,2024-04-09 14:30:48.297000+00:00
2024/04/09, 14:31:48.297,38.452,-72.972,10.92,48.4,51.21,11.14,9.5,9.5,1016.8,1016.5,0.0,0.0,0.03,0.01,282,304,3.1,4.7,89.0,89.0,6.1,5.2,261.9,282.2,1018.9,1018.6,751.79,319.1,2163.86,32.7084,7.7377,281.6,53.0,1478.719, NAN, NAN, NAN, NAN,,2024/04/09 14:31:48.297,2024-04-09 14:31:48.297000+00:00
2024/04/09, 14:32:48.297,38.453,-72.969,10.93,49.89,53.19,11.1,9.5,9.5,1016.8,1016.9,0.0,0.0,0.03,0.01,291,308,3.1,4.9,89.0,89.2,5.6,5.0,265.1,287.4,1018.9,1019.0,763.37,318.93,2174.01,32.6927,7.6763,280.9,52.9,1478.464, NAN, NAN, NAN, NAN,,2024/04/09 14:32:48.297,2024-04-09 14:32:48.297000+00:00
2024/04/09, 14:33:48.297,38.455,-72.966,10.82,48.31,53.65,10.58,9.5,9.5,1016.7,1016.8,0.0,0.0,0.03,0.01,290,308,3.2,5.0,89.2,89.2,5.5,5.0,267.1,290.3,1018.8,1018.9,754.04,318.36,2150.96,32.6874,7.6756,279.0,52.8,1478.455, NAN, NAN, NAN, NAN,,2024/04/09 14:33:48.297,2024-04-09 14:33:48.297000+00:00
2024/04/09, 14:34:48.297,38.457,-72.963,10.89,48.67,50.71,11.14,9.5,9.5,1016.9,1016.8,0.0,0.0,0.03,0.01,287,307,3.1,5.0,89.2,89.2,5.8,5.0,262.5,286.2,1019.0,1018.9,759.6,318.65,2160.39,32.6648,7.7239,281.2,52.9,1478.612, NAN, NAN, NAN, NAN,,2024/04/09 14:34:48.297,2024-04-09 14:34:48.297000+00:00
2024/04/09, 14:35:48.297,38.459,-72.96,11.02,49.01,51.96,11.14,9.5,9.5,1016.9,1016.8,0.0,0.0,0.03,0.01,296,313,2.9,5.1,89.3,89.4,5.3,4.7,262.8,290.4,1019.0,1018.9,774.6,318.63,2192.82,32.6564,7.7546,282.4,52.9,1478.719, NAN, NAN, NAN, NAN,,2024/04/09 14:35:48.297,2024-04-09 14:35:48.297000+00:00
2024/04/09, 14:36:48.297,38.461,-72.957,10.88,48.44,49.79,11.0,9.4,9.5,1016.8,1016.9,0.0,0.0,0.03,0.01,294,311,3.0,5.0,89.3,89.4,5.4,4.7,262.9,288.2,1018.9,1019.0,763.94,318.13,2152.5,32.6483,7.7543,285.1,53.1,1478.707, NAN, NAN, NAN, NAN,,2024/04/09 14:36:48.297,2024-04-09 14:36:48.297000+00:00
2024/04/09, 14:37:48.297,38.463,-72.954,10.91,49.09,54.71,10.98,9.4,9.4,1016.8,1016.6,0.0,0.0,0.03,0.01,291,307,3.0,4.6,89.4,89.5,5.6,5.0,264.5,284.3,1018.9,1018.7,785.11,318.87,2192.14,32.6371,7.7289,293.4,53.0,1478.596, NAN, NAN, NAN, NAN,,2024/04/09 14:37:48.297,2024-04-09 14:37:48.297000+00:00
2024/04/09, 14:38:48.297,38.465,-72.951,10.86,49.65,54.64,10.74,9.4,9.4,1016.9,1016.6,0.0,0.0,0.03,0.01,298,313,2.9,4.5,89.5,89.6,5.1,4.4,265.1,286.1,1019.0,1018.7,780.06,318.64,2189.05,32.6236,7.6678,281.7,52.8,1478.346, NAN, NAN, NAN, NAN,,2024/04/09 14:38:48.297,2024-04-09 14:38:48.297000+00:00
2024/04/09, 14:39:48.297,38.466,-72.948,10.88,48.91,53.33,11.15,9.4,9.4,1016.7,1016.7,0.0,0.0,0.03,0.01,291,305,3.1,4.9,89.4,89.5,5.7,5.3,264.6,285.6,1018.8,1018.8,782.6,318.47,2184.81,32.6068,7.6194,275.6,53.0,1478.14, NAN, NAN, NAN, NAN,,2024/04/09 14:39:48.297,2024-04-09 14:39:48.297000+00:00
2024/04/09, 14:40:48.297,38.468,-72.945,10.8,49.07,52.55,11.01,9.4,9.4,1016.8,1016.8,0.0,0.0,0.03,0.01,288,306,3.3,5.1,89.5,89.6,5.8,5.2,266.1,288.4,1018.9,1018.9,804.42,319.3,2223.46,32.5942,7.5728,262.2,52.8,1477.945, NAN, NAN, NAN, NAN,,2024/04/09 14:40:48.297,2024-04-09 14:40:48.297000+00:00
2024/04/09, 14:41:48.297,38.47,-72.942,10.98,49.38,51.67,11.22,9.4,9.4,1016.5,1016.4,0.0,0.0,0.03,0.01,295,309,3.0,4.9,89.6,89.8,5.4,4.9,263.4,286.4,1018.6,1018.5,784.44,319.1,2187.78,32.5829,7.5412,264.4,53.0,1477.81, NAN, NAN, NAN, NAN,,2024/04/09 14:41:48.297,2024-04-09 14:41:48.297000+00:00
2024/04/09, 14:42:48.298,38.472,-72.938,11.06,48.11,53.74,11.12,9.4,9.4,1016.6,1016.5,0.0,0.0,0.03,0.01,298,310,3.2,5.2,89.6,89.7,5.3,5.1,266.4,290.4,1018.7,1018.6,784.0,318.98,2199.1,32.5681,7.5229,268.6,53.0,1477.721, NAN, NAN, NAN, NAN,,2024/04/09 14:42:48.298,2024-04-09 14:42:48.298000+00:00
2024/04/09, 14:43:48.298,38.474,-72.935,11.0,49.3,49.45,11.0,9.4,9.4,1016.8,1016.6,0.0,0.0,0.03,0.01,297,310,3.3,5.3,89.5,89.7,5.3,4.9,267.2,292.0,1018.9,1018.7,789.68,319.19,2187.53,32.558,7.4934,262.8,52.4,1477.595, NAN, NAN, NAN, NAN,,2024/04/09 14:43:48.298,2024-04-09 14:43:48.298000+00:00
2024/04/09, 14:44:48.298,38.476,-72.932,11.06,49.53,52.11,11.25,9.3,9.3,1016.8,1016.5,0.0,0.0,0.03,0.01,298,307,3.4,5.3,89.6,89.7,5.3,5.2,267.4,289.5,1018.9,1018.6,784.71,319.17,2171.01,32.5514,7.4477,262.5,52.8,1477.411, NAN, NAN, NAN, NAN,,2024/04/09 14:44:48.298,2024-04-09 14:44:48.298000+00:00
2024/04/09, 14:45:48.298,38.478,-72.929,11.07,49.61,53.05,10.92,9.3,9.3,1016.7,1016.8,0.0,0.0,0.03,0.01,298,310,3.4,5.4,89.8,89.9,5.2,4.9,268.9,293.8,1018.8,1018.9,681.23,318.26,1935.75,32.543,7.414,266.8,52.6,1477.271, NAN, NAN, NAN, NAN,,2024/04/09 14:45:48.298,2024-04-09 14:45:48.298000+00:00
2024/04/09, 14:46:48.298,38.48,-72.926,11.06,48.02,51.1,11.17,9.3,9.3,1016.6,1016.5,0.0,0.0,0.03,0.01,296,309,3.5,5.4,90.0,90.2,5.5,5.1,268.1,291.0,1018.7,1018.6,793.08,319.25,2188.45,32.5393,7.3904,264.1,52.9,1477.175, NAN, NAN, NAN, NAN,,2024/04/09 14:46:48.298,2024-04-09 14:46:48.298000+00:00
2024/04/09, 14:47:48.298,38.482,-72.923,11.1,49.11,53.76,11.2,9.4,9.3,1016.5,1016.3,0.0,0.0,0.03,0.01,298,310,3.7,5.7,89.9,90.1,5.4,5.2,271.2,295.3,1018.6,1018.4,760.56,318.92,2122.57,32.5348,7.3664,265.2,52.9,1477.077, NAN, NAN, NAN, NAN,,2024/04/09 14:47:48.298,2024-04-09 14:47:48.298000+00:00
2024/04/09, 14:48:48.298,38.483,-72.92,10.94,47.48,51.79,10.96,9.4,9.4,1016.7,1016.5,0.0,0.0,0.03,0.01,296,310,3.5,5.6,90.0,90.1,5.4,5.1,268.6,294.3,1018.8,1018.6,748.18,318.33,2095.62,32.5329,7.3489,265.1,52.8,1477.007, NAN, NAN, NAN, NAN,,2024/04/09 14:48:48.298,2024-04-09 14:48:48.298000+00:00
2024/04/09, 14:49:48.298,38.485,-72.917,10.92,48.19,52.38,11.03,9.4,9.4,1016.5,1016.3,0.0,0.0,0.03,0.01,300,309,3.8,5.8,89.8,90.1,5.3,5.3,272.8,296.0,1018.6,1018.4,793.6,319.14,2197.12,32.5271,7.3819,260.4,53.0,1477.127, NAN, NAN, NAN, NAN,,2024/04/09 14:49:48.298,2024-04-09 14:49:48.298000+00:00
2024/04/09, 14:50:48.298,38.487,-72.914,10.84,48.99,52.95,11.09,9.4,9.4,1016.3,1016.5,0.0,0.0,0.03,0.01,300,311,3.9,6.1,90.0,90.2,5.4,5.4,274.9,300.7,1018.4,1018.6,810.21,319.34,2225.73,32.5208,7.4001,256.1,52.9,1477.189, NAN, NAN, NAN, NAN,,2024/04/09 14:50:48.298,2024-04-09 14:50:48.298000+00:00
2024/04/09, 14:51:48.298,38.489,-72.911,10.92,47.59,51.23,10.93,9.4,9.4,1016.7,1016.5,0.0,0.0,0.03,0.01,303,312,4.2,6.4,89.8,89.9,5.1,5.2,276.6,302.9,1018.8,1018.6,838.01,319.26,2289.2,32.5155,7.3968,252.4,52.9,1477.17, NAN, NAN, NAN, NAN,,2024/04/09 14:51:48.298,2024-04-09 14:51:48.298000+00:00
2024/04/09, 14:52:48.298,38.491,-72.907,10.9,47.97,52.33,11.12,9.4,9.4,1016.6,1016.6,0.0,0.0,0.03,0.01,299,310,4.2,6.3,89.7,89.9,5.5,5.5,275.9,300.4,1018.7,1018.7,751.36,318.64,2134.72,32.5135,7.3954,248.8,52.8,1477.162, NAN, NAN, NAN, NAN,,2024/04/09 14:52:48.298,2024-04-09 14:52:48.298000+00:00
2024/04/09, 14:53:48.298,38.493,-72.904,11.04,47.6,49.39,11.0,9.4,9.4,1016.6,1016.3,0.0,0.0,0.03,0.01,299,309,4.6,6.7,89.7,89.9,5.5,5.7,279.3,303.1,1018.7,1018.4,777.36,318.92,2156.76,32.5131,7.402,244.9,52.9,1477.187, NAN, NAN, NAN, NAN,,2024/04/09 14:53:48.298,2024-04-09 14:53:48.298000+00:00
2024/04/09, 14:54:48.298,38.495,-72.901,10.99,47.5,53.52,11.37,9.4,9.4,1016.5,1016.5,0.0,0.0,0.03,0.01,302,310,4.7,6.9,89.6,89.9,5.6,5.9,280.7,303.9,1018.6,1018.6,762.39,318.56,2117.77,32.5116,7.3961,248.0,53.0,1477.163, NAN, NAN, NAN, NAN,,2024/04/09 14:54:48.298,2024-04-09 14:54:48.298000+00:00
2024/04/09, 14:55:48.298,38.497,-72.898,11.03,47.38,51.95,11.18,9.4,9.4,1016.6,1016.4,0.0,0.0,0.03,0.01,300,309,4.8,6.8,89.6,89.8,5.7,5.9,281.5,303.2,1018.7,1018.5,822.49,319.46,2240.14,32.5194,7.3772,245.2,52.8,1477.099, NAN, NAN, NAN, NAN,,2024/04/09 14:55:48.298,2024-04-09 14:55:48.298000+00:00
2024/04/09, 14:56:48.298,38.499,-72.895,11.03,48.02,50.62,11.02,9.4,9.4,1016.5,1016.5,0.0,0.0,0.03,0.01,298,309,4.7,6.8,89.6,89.8,5.7,5.8,280.7,304.4,1018.6,1018.6,821.91,319.11,2244.52,32.5143,7.3722,244.3,53.0,1477.074, NAN, NAN, NAN, NAN,,2024/04/09 14:56:48.298,2024-04-09 14:56:48.298000+00:00
2024/04/09, 14:57:48.298,38.501,-72.892,10.84,48.17,50.47,11.16,9.4,9.4,1016.6,1016.3,0.0,0.0,0.03,0.01,299,310,4.4,6.5,89.6,89.8,5.6,5.6,277.9,302.1,1018.7,1018.4,802.1,318.71,2207.25,32.5194,7.3916,247.3,53.0,1477.155, NAN, NAN, NAN, NAN,,2024/04/09 14:57:48.298,2024-04-09 14:57:48.298000+00:00
2024/04/09, 14:58:48.299,38.503,-72.889,11.12,47.43,48.29,11.06,9.4,9.4,1016.5,1016.4,0.0,0.0,0.03,0.01,300,308,4.7,6.7,89.5,89.6,5.5,5.7,279.8,301.7,1018.6,1018.5,764.63,318.29,2147.99,32.5216,7.4017,246.0,53.2,1477.197, NAN, NAN, NAN, NAN,,2024/04/09 14:58:48.299,2024-04-09 14:58:48.299000+00:00
2024/04/09, 14:59:48.299,38.504,-72.886,11.06,47.92,50.93,10.94,9.4,9.4,1016.5,1016.3,0.0,0.0,0.03,0.01,299,309,4.6,6.6,89.5,89.7,5.5,5.7,280.1,303.0,1018.6,1018.4,808.8,318.7,2213.8,32.538,7.4489,250.4,53.0,1477.399, NAN, NAN, NAN, NAN,,2024/04/09 14:59:48.299,2024-04-09 14:59:48.299000+00:00
2024/04/09, 15:00:48.299,38.506,-72.883,11.2,48.11,54.25,11.23,9.4,9.4,1016.6,1016.3,0.0,0.0,0.03,0.01,299,308,4.6,6.5,89.4,89.7,5.7,5.8,279.9,300.7,1018.7,1018.4,818.58,318.88,2221.69,32.5548,7.6779,247.3,53.5,1478.299, NAN, NAN, NAN, NAN,,2024/04/09 15:00:48.299,2024-04-09 15:00:48.299000+00:00
2024/04/09, 15:01:48.299,38.508,-72.88,10.8,47.18,50.32,10.76,9.4,9.4,1016.6,1016.3,0.0,0.0,0.03,0.01,294,306,4.6,6.4,89.4,89.6,5.8,5.8,278.3,299.5,1018.7,1018.4,849.04,319.84,2305.91,32.5943,7.9644,248.3,52.8,1479.441, NAN, NAN, NAN, NAN,,2024/04/09 15:01:48.299,2024-04-09 15:01:48.299000+00:00
2024/04/09, 15:02:48.299,38.51,-72.877,11.0,47.4,51.86,10.9,9.4,9.4,1016.5,1016.6,0.0,0.0,0.03,0.01,296,308,4.6,6.7,89.5,89.7,5.7,5.8,278.8,302.8,1018.6,1018.7,847.69,319.87,2279.94,32.6291,8.1826,252.4,53.2,1480.311, NAN, NAN, NAN, NAN,,2024/04/09 15:02:48.299,2024-04-09 15:02:48.299000+00:00
2024/04/09, 15:03:48.299,38.512,-72.874,10.96,47.77,49.84,10.95,9.4,9.4,1016.5,1016.5,0.0,0.0,0.03,0.01,296,308,4.7,6.7,89.2,89.5,5.7,5.7,279.2,302.6,1018.6,1018.6,850.17,319.61,2284.9,32.718,8.0932,261.7,53.7,1480.083, NAN, NAN, NAN, NAN,,2024/04/09 15:03:48.299,2024-04-09 15:03:48.299000+00:00
2024/04/09, 15:04:48.299,38.514,-72.871,11.06,48.89,50.62,11.07,9.3,9.4,1016.5,1016.5,0.0,0.0,0.03,0.01,296,308,4.7,6.7,89.2,89.4,5.7,5.7,279.5,303.0,1018.6,1018.6,851.37,319.9,2276.55,32.7809,7.9814,258.5,53.6,1479.737, NAN, NAN, NAN, NAN,,2024/04/09 15:04:48.299,2024-04-09 15:04:48.299000+00:00
2024/04/09, 15:05:48.299,38.516,-72.868,10.99,47.89,51.3,10.91,9.3,9.3,1016.3,1016.2,0.0,0.0,0.03,0.01,295,306,4.9,6.7,89.5,89.6,5.9,6.0,281.4,301.8,1018.4,1018.3,829.19,319.3,2233.94,32.7912,7.9375,271.5,53.7,1479.583, NAN, NAN, NAN, NAN,,2024/04/09 15:05:48.299,2024-04-09 15:05:48.299000+00:00
2024/04/09, 15:06:48.299,38.518,-72.865,10.87,48.04,51.11,11.07,9.3,9.3,1016.5,1016.2,0.0,0.0,0.03,0.01,297,308,4.7,6.8,89.6,89.7,5.7,5.8,279.4,303.1,1018.6,1018.3,778.78,318.27,2139.74,32.7631,7.9095,276.3,53.6,1479.442, NAN, NAN, NAN, NAN,,2024/04/09 15:06:48.299,2024-04-09 15:06:48.299000+00:00
2024/04/09, 15:07:48.299,38.52,-72.862,11.01,48.15,49.51,11.28,9.3,9.3,1016.5,1016.3,0.0,0.0,0.03,0.01,297,307,4.7,6.7,89.5,89.7,5.7,5.8,278.4,300.6,1018.6,1018.4,835.09,319.09,2240.81,32.7513,7.8675,276.6,53.6,1479.267, NAN, NAN, NAN, NAN,,2024/04/09 15:07:48.299,2024-04-09 15:07:48.299000+00:00
2024/04/09, 15:08:48.299,38.522,-72.859,11.08,47.54,51.29,10.78,9.3,9.3,1016.5,1016.2,0.0,0.0,0.03,0.01,298,309,4.4,6.6,89.6,89.8,5.5,5.7,278.7,303.6,1018.6,1018.3,782.72,318.9,2106.39,32.7209,7.8427,273.6,53.5,1479.135, NAN, NAN, NAN, NAN,,2024/04/09 15:08:48.299,2024-04-09 15:08:48.299000+00:00
2024/04/09, 15:09:48.299,38.524,-72.856,11.11,48.39,50.34,11.03,9.3,9.3,1016.4,1016.3,0.0,0.0,0.03,0.01,294,308,4.5,6.5,89.7,89.9,5.8,5.6,276.7,301.0,1018.5,1018.4,788.32,319.34,2137.51,32.69,7.9093,263.8,54.2,1479.35, NAN, NAN, NAN, NAN,,2024/04/09 15:09:48.299,2024-04-09 15:09:48.299000+00:00
2024/04/09, 15:10:48.299,38.526,-72.853,11.05,48.44,48.33,10.94,9.3,9.3,1016.5,1016.3,0.0,0.0,0.03,0.01,295,306,4.6,6.6,89.8,89.9,5.6,5.7,277.3,300.5,1018.6,1018.4,835.69,319.97,2284.55,32.6698,7.9439,252.0,54.3,1479.457, NAN, NAN, NAN, NAN,,2024/04/09 15:10:48.299,2024-04-09 15:10:48.299000+00:00
2024/04/09, 15:11:48.299,38.528,-72.85,10.97,48.37,49.51,10.82,9.4,9.4,1016.3,1016.3,0.0,0.0,0.03,0.01,296,309,4.2,6.2,89.9,90.0,5.4,5.2,274.8,299.9,1018.4,1018.4,858.46,320.53,2227.07,32.6761,7.9134,283.0,54.0,1479.349, NAN, NAN, NAN, NAN,,2024/04/09 15:11:48.299,2024-04-09 15:11:48.299000+00:00
2024/04/09, 15:12:48.299,38.53,-72.847,10.93,46.82,51.19,10.86,9.4,9.4,1016.2,1016.1,0.0,0.0,0.03,0.01,299,310,4.1,6.3,89.8,90.0,5.3,5.3,273.9,300.2,1018.3,1018.2,764.26,320.25,2041.25,32.6728,7.8849,294.7,53.9,1479.236, NAN, NAN, NAN, NAN,,2024/04/09 15:12:48.299,2024-04-09 15:12:48.299000+00:00
2024/04/09, 15:13:48.299,38.532,-72.844,10.98,48.04,49.81,10.76,9.4,9.4,1016.3,1016.2,0.0,0.0,0.03,0.01,297,308,4.5,6.5,89.8,90.0,5.5,5.5,278.4,302.0,1018.4,1018.3,737.19,320.28,1997.89,32.6307,7.834,303.8,53.9,1478.99, NAN, NAN, NAN, NAN,,2024/04/09 15:13:48.299,2024-04-09 15:13:48.299000+00:00
2024/04/09, 15:14:48.300,38.533,-72.841,11.03,48.0,50.72,10.86,9.4,9.4,1016.2,1016.1,0.0,0.0,0.03,0.01,296,309,4.4,6.3,89.8,90.0,5.6,5.4,277.1,300.6,1018.3,1018.2,792.35,321.3,2116.75,32.6066,7.782,314.7,53.8,1478.761, NAN, NAN, NAN, NAN,,2024/04/09 15:14:48.300,2024-04-09 15:14:48.300000+00:00
2024/04/09, 15:15:48.300,38.535,-72.838,10.82,48.26,48.58,10.88,9.4,9.4,1016.3,1016.1,0.0,0.0,0.03,0.01,295,307,4.3,6.3,90.0,90.1,5.4,5.4,274.3,298.6,1018.4,1018.2,677.04,320.16,1811.64,32.5921,7.7382,310.5,53.9,1478.576, NAN, NAN, NAN, NAN,,2024/04/09 15:15:48.300,2024-04-09 15:15:48.300000+00:00
2024/04/09, 15:16:48.300,38.537,-72.835,10.74,48.18,53.18,10.41,9.4,9.4,1016.2,1016.2,0.0,0.0,0.03,0.01,300,306,4.1,6.1,89.8,90.0,5.1,5.5,277.6,299.6,1018.3,1018.3,755.85,321.13,2038.39,32.5833,7.7249,296.1,53.8,1478.514, NAN, NAN, NAN, NAN,,2024/04/09 15:16:48.300,2024-04-09 15:16:48.300000+00:00
2024/04/09, 15:17:48.300,38.539,-72.832,10.87,48.4,52.39,10.84,9.4,9.4,1016.3,1016.3,0.0,0.0,0.03,0.01,294,306,4.3,6.2,89.7,89.9,5.7,5.7,276.4,298.6,1018.4,1018.4,740.02,321.0,1968.35,32.577,7.713,289.1,53.7,1478.461, NAN, NAN, NAN, NAN,,2024/04/09 15:17:48.300,2024-04-09 15:17:48.300000+00:00
2024/04/09, 15:18:48.300,38.541,-72.829,10.8,47.97,49.28,10.62,9.4,9.4,1016.1,1016.1,0.0,0.0,0.03,0.01,297,308,4.2,6.1,89.7,89.8,5.2,5.2,275.4,298.9,1018.2,1018.2,761.76,321.05,2039.21,32.5765,7.6814,286.0,53.7,1478.339, NAN, NAN, NAN, NAN,,2024/04/09 15:18:48.300,2024-04-09 15:18:48.300000+00:00
2024/04/09, 15:19:48.300,38.543,-72.827,10.86,48.29,52.6,10.84,9.4,9.4,1016.3,1016.1,0.0,0.0,0.03,0.01,298,310,4.1,5.9,89.6,89.8,5.4,5.2,276.0,298.5,1018.4,1018.2,739.4,319.98,1964.44,32.5737,7.6334,293.4,53.6,1478.152, NAN, NAN, NAN, NAN,,2024/04/09 15:19:48.300,2024-04-09 15:19:48.300000+00:00
2024/04/09, 15:20:48.300,38.545,-72.824,10.79,48.45,50.14,10.74,9.4,9.4,1016.3,1016.0,0.0,0.0,0.03,0.01,298,308,3.9,6.1,89.7,89.8,5.2,5.3,273.2,299.1,1018.4,1018.1,558.31,317.88,1505.43,32.5686,7.6072,286.7,53.4,1478.045, NAN, NAN, NAN, NAN,,2024/04/09 15:20:48.300,2024-04-09 15:20:48.300000+00:00
2024/04/09, 15:21:48.300,38.546,-72.821,10.98,47.75,49.09,10.75,9.4,9.4,1016.1,1016.1,0.0,0.0,0.03,0.01,295,309,3.8,5.8,89.7,89.8,5.4,5.1,270.9,296.2,1018.2,1018.2,648.17,317.81,1745.33,32.5622,7.6289,276.6,53.5,1478.121, NAN, NAN, NAN, NAN,,2024/04/09 15:21:48.300,2024-04-09 15:21:48.300000+00:00
2024/04/09, 15:22:48.300,38.548,-72.818,10.8,47.83,50.58,10.77,9.4,9.4,1016.1,1015.9,0.0,0.0,0.03,0.01,297,311,3.7,5.8,89.7,89.9,5.3,5.0,270.9,297.6,1018.2,1018.0,780.97,318.47,2104.95,32.5579,7.6849,275.3,53.1,1478.33, NAN, NAN, NAN, NAN,,2024/04/09 15:22:48.300,2024-04-09 15:22:48.300000+00:00
2024/04/09, 15:23:48.300,38.55,-72.815,10.84,48.98,51.72,10.55,9.4,9.4,1016.0,1016.0,0.0,0.0,0.03,0.01,295,308,3.8,5.8,89.7,89.8,5.3,5.2,273.1,298.0,1018.1,1018.1,873.23,319.19,2297.2,32.5763,7.7504,284.0,53.2,1478.603, NAN, NAN, NAN, NAN,,2024/04/09 15:23:48.300,2024-04-09 15:23:48.300000+00:00
2024/04/09, 15:24:48.300,38.552,-72.812,10.96,47.99,51.69,10.62,9.4,9.4,1016.1,1015.9,0.0,0.0,0.03,0.01,296,308,3.7,5.6,89.7,89.8,5.4,5.2,272.4,295.6,1018.2,1018.0,874.0,318.85,2287.99,32.5881,7.8018,289.4,53.8,1478.814, NAN, NAN, NAN, NAN,,2024/04/09 15:24:48.300,2024-04-09 15:24:48.300000+00:00
2024/04/09, 15:25:48.300,38.554,-72.809,10.81,47.62,50.0,10.39,9.4,9.4,1016.1,1015.8,0.0,0.0,0.03,0.01,298,311,3.5,5.6,89.7,89.9,5.0,4.8,270.0,297.4,1018.2,1017.9,797.77,317.78,2109.29,32.6103,7.8418,296.4,53.6,1478.994, NAN, NAN, NAN, NAN,,2024/04/09 15:25:48.300,2024-04-09 15:25:48.300000+00:00
2024/04/09, 15:26:48.300,38.556,-72.806,10.91,47.44,50.54,10.42,9.4,9.4,1016.0,1015.8,0.0,0.0,0.03,0.01,294,309,3.5,5.5,89.8,89.9,5.3,5.0,269.3,295.1,1018.1,1017.9,868.67,318.4,2263.88,32.6246,7.8929,310.5,53.6,1479.207, NAN, NAN, NAN, NAN,,2024/04/09 15:26:48.300,2024-04-09 15:26:48.300000+00:00
2024/04/09, 15:27:48.300,38.558,-72.803,10.94,49.1,52.01,10.65,9.4,9.4,1016.0,1016.1,0.0,0.0,0.03,0.01,293,308,3.4,5.3,89.9,90.0,5.4,5.0,268.5,292.7,1018.1,1018.2,831.36,317.99,2183.75,32.6548,7.9378,321.1,53.6,1479.415, NAN, NAN, NAN, NAN,,2024/04/09 15:27:48.300,2024-04-09 15:27:48.300000+00:00
2024/04/09, 15:28:48.300,38.559,-72.8,10.96,47.97,51.42,10.86,9.4,9.4,1016.0,1016.0,0.0,0.0,0.03,0.01,297,310,3.3,5.4,89.9,90.1,5.2,4.9,266.2,292.5,1018.1,1018.1,847.48,318.31,2211.18,32.692,7.9806,320.0,53.8,1479.624, NAN, NAN, NAN, NAN,,2024/04/09 15:28:48.300,2024-04-09 15:28:48.300000+00:00
2024/04/09, 15:29:48.301,38.561,-72.797,11.07,45.36,46.21,10.69,9.4,9.4,1015.9,1015.9,0.0,0.0,0.03,0.01,296,309,3.7,5.7,89.9,90.0,5.2,4.9,266.6,292.4,1018.0,1018.0,867.3,318.24,2244.92,32.7308,8.0403,321.1,53.8,1479.898, NAN, NAN, NAN, NAN,,2024/04/09 15:29:48.301,2024-04-09 15:29:48.301000+00:00
2024/04/09, 15:30:48.301,38.563,-72.794,10.94,49.75,51.0,10.74,9.4,9.4,1016.0,1015.9,0.0,0.0,0.03,0.01,294,310,3.4,5.4,89.9,90.0,5.2,4.6,266.4,293.3,1018.1,1018.0,862.61,317.65,2226.51,32.7627,7.9626,326.7,54.1,1479.643, NAN, NAN, NAN, NAN,,2024/04/09 15:30:48.301,2024-04-09 15:30:48.301000+00:00
2024/04/09, 15:31:48.301,38.565,-72.792,10.88,48.66,48.94,10.4,9.4,9.4,1016.1,1016.1,0.0,0.0,0.03,0.01,292,307,3.6,5.5,89.9,90.0,5.2,4.8,268.4,293.7,1018.2,1018.2,828.9,317.46,2156.02,32.7897,7.9538,314.7,53.8,1479.643, NAN, NAN, NAN, NAN,,2024/04/09 15:31:48.301,2024-04-09 15:31:48.301000+00:00
2024/04/09, 15:32:48.301,38.567,-72.789,10.79,48.27,49.49,10.34,9.4,9.4,1016.0,1015.9,0.0,0.0,0.03,0.01,299,307,3.4,5.3,89.9,90.1,4.7,4.8,267.5,291.7,1018.1,1018.0,880.56,317.81,2279.5,32.7688,7.973,317.2,53.5,1479.69, NAN, NAN, NAN, NAN,,2024/04/09 15:32:48.301,2024-04-09 15:32:48.301000+00:00
2024/04/09, 15:33:48.301,38.569,-72.786,10.85,47.81,48.59,10.64,9.4,9.4,1016.1,1015.9,0.0,0.0,0.03,0.01,293,310,3.3,5.2,89.9,90.1,5.2,4.6,264.7,290.3,1018.2,1018.0,877.44,318.22,2256.74,32.7063,8.0082,327.6,53.6,1479.746, NAN, NAN, NAN, NAN,,2024/04/09 15:33:48.301,2024-04-09 15:33:48.301000+00:00
2024/04/09, 15:34:48.301,38.571,-72.783,10.84,48.03,49.23,10.77,9.4,9.4,1015.9,1016.0,0.0,0.0,0.03,0.01,296,307,3.6,5.5,90.1,90.2,5.1,5.0,267.6,291.3,1018.0,1018.1,898.67,318.3,2302.09,32.664,7.9763,323.0,53.6,1479.573, NAN, NAN, NAN, NAN,,2024/04/09 15:34:48.301,2024-04-09 15:34:48.301000+00:00
2024/04/09, 15:35:48.301,38.573,-72.78,10.88,47.67,46.29,10.49,9.4,9.4,1016.0,1015.8,0.0,0.0,0.03,0.01,298,311,3.7,5.8,90.0,90.1,4.8,4.6,268.6,297.3,1018.1,1017.9,896.96,318.03,2283.39,32.6313,7.8534,285.7,53.9,1479.065, NAN, NAN, NAN, NAN,,2024/04/09 15:35:48.301,2024-04-09 15:35:48.301000+00:00
2024/04/09, 15:36:48.301,38.575,-72.778,10.87,48.23,48.57,10.5,9.4,9.4,1015.9,1015.9,0.0,0.0,0.03,0.01,297,309,3.8,5.9,90.0,90.1,5.0,4.9,271.4,298.3,1018.0,1018.0,882.37,318.25,2273.44,32.5884,7.6785,259.5,54.0,1478.343, NAN, NAN, NAN, NAN,,2024/04/09 15:36:48.301,2024-04-09 15:36:48.301000+00:00
2024/04/09, 15:37:48.301,38.577,-72.775,10.73,48.31,49.42,10.7,9.4,9.4,1016.1,1016.1,0.0,0.0,0.03,0.01,298,309,3.9,5.8,89.9,90.1,5.1,5.0,272.2,296.4,1018.2,1018.2,901.39,318.26,2295.09,32.5335,7.5744,242.8,53.9,1477.876, NAN, NAN, NAN, NAN,,2024/04/09 15:37:48.301,2024-04-09 15:37:48.301000+00:00
2024/04/09, 15:38:48.301,38.579,-72.772,10.89,47.66,47.1,10.98,9.4,9.4,1016.0,1016.1,0.0,0.0,0.03,0.01,298,310,3.9,6.0,90.0,90.1,5.1,4.9,269.0,296.1,1018.1,1018.2,918.19,318.37,2332.22,32.4693,7.4428,235.1,53.9,1477.29, NAN, NAN, NAN, NAN,,2024/04/09 15:38:48.301,2024-04-09 15:38:48.301000+00:00
2024/04/09, 15:39:48.301,38.581,-72.769,10.98,47.58,47.13,10.73,9.4,9.4,1016.0,1016.1,0.0,0.0,0.03,0.01,296,309,3.9,5.9,90.1,90.2,5.2,4.9,270.2,296.1,1018.1,1018.2,799.53,317.02,2014.0,32.4132,7.3593,233.0,53.6,1476.898, NAN, NAN, NAN, NAN,,2024/04/09 15:39:48.301,2024-04-09 15:39:48.301000+00:00
2024/04/09, 15:40:48.301,38.583,-72.766,10.89,48.7,52.16,10.65,9.4,9.4,1016.1,1016.1,0.0,0.0,0.03,0.01,297,309,3.8,5.7,90.0,90.1,5.2,5.1,273.1,296.9,1018.2,1018.2,643.92,314.79,1811.73,32.3641,7.3069,231.4,53.5,1476.634, NAN, NAN, NAN, NAN,,2024/04/09 15:40:48.301,2024-04-09 15:40:48.301000+00:00
2024/04/09, 15:41:48.301,38.585,-72.763,10.97,47.54,50.13,10.77,9.4,9.4,1016.0,1015.9,0.0,0.0,0.03,0.01,300,311,3.9,5.9,89.9,90.0,5.0,4.9,271.9,297.6,1018.1,1018.0,834.43,316.47,2161.85,32.33,7.2475,225.2,53.8,1476.362, NAN, NAN, NAN, NAN,,2024/04/09 15:41:48.301,2024-04-09 15:41:48.301000+00:00
2024/04/09, 15:42:48.301,38.587,-72.761,11.03,48.36,50.41,10.89,9.4,9.4,1015.9,1015.8,0.0,0.0,0.03,0.01,301,310,3.8,5.9,89.8,89.9,5.0,5.0,271.6,297.3,1018.0,1017.9,859.62,316.33,2208.86,32.3086,7.2119,220.9,54.0,1476.197, NAN, NAN, NAN, NAN,,2024/04/09 15:42:48.301,2024-04-09 15:42:48.301000+00:00
2024/04/09, 15:43:48.301,38.589,-72.758,10.99,47.16,48.36,10.61,9.4,9.4,1016.0,1015.9,0.0,0.0,0.03,0.01,306,313,3.8,5.9,89.7,89.9,4.5,4.7,272.1,299.4,1018.1,1018.0,862.08,315.87,2207.97,32.2945,7.1466,219.4,53.7,1475.926, NAN, NAN, NAN, NAN,,2024/04/09 15:43:48.301,2024-04-09 15:43:48.301000+00:00
2024/04/09, 15:44:48.301,38.591,-72.755,10.86,48.09,49.83,10.45,9.4,9.4,1015.8,1015.8,0.0,0.0,0.03,0.01,304,313,3.8,5.8,89.6,89.7,4.7,4.7,274.2,300.5,1017.9,1017.9,896.68,316.13,2296.87,32.2924,7.1118,213.6,53.5,1475.789, NAN, NAN, NAN, NAN,,2024/04/09 15:44:48.301,2024-04-09 15:44:48.301000+00:00
2024/04/09, 15:45:48.302,38.593,-72.752,10.92,48.91,50.79,10.66,9.4,9.4,1016.0,1016.1,0.0,0.0,0.03,0.01,305,314,3.7,6.0,89.6,89.8,4.6,4.6,272.1,302.5,1018.1,1018.2,911.32,316.17,2301.55,32.2771,7.119,215.7,53.7,1475.797, NAN, NAN, NAN, NAN,,2024/04/09 15:45:48.302,2024-04-09 15:45:48.302000+00:00
2024/04/09, 15:46:48.302,38.595,-72.749,10.83,47.61,50.4,10.38,9.3,9.4,1016.1,1016.1,0.0,0.0,0.03,0.01,306,314,3.7,5.9,89.6,89.7,4.5,4.7,273.5,302.3,1018.2,1018.2,908.97,315.88,2297.8,32.2711,7.1602,216.0,53.6,1475.95, NAN, NAN, NAN, NAN,,2024/04/09 15:46:48.302,2024-04-09 15:46:48.302000+00:00
2024/04/09, 15:47:48.302,38.596,-72.746,10.65,48.26,51.24,10.54,9.3,9.3,1016.1,1015.9,0.0,0.0,0.03,0.01,310,316,3.6,6.0,89.7,89.8,4.3,4.6,272.6,304.4,1018.2,1018.0,911.95,315.6,2298.36,32.2741,7.1772,218.8,53.5,1476.02, NAN, NAN, NAN, NAN,,2024/04/09 15:47:48.302,2024-04-09 15:47:48.302000+00:00
2024/04/09, 15:48:48.302,38.598,-72.743,10.96,47.3,53.03,10.63,9.3,9.3,1016.0,1016.0,0.0,0.0,0.03,0.01,314,317,3.7,6.0,89.7,89.8,4.2,4.6,274.2,304.0,1018.1,1018.1,921.59,315.4,2304.19,32.2612,7.1821,216.6,53.8,1476.023, NAN, NAN, NAN, NAN,,2024/04/09 15:48:48.302,2024-04-09 15:48:48.302000+00:00
2024/04/09, 15:49:48.302,38.6,-72.74,10.85,47.71,50.58,10.64,9.3,9.3,1016.0,1015.8,0.0,0.0,0.03,0.01,313,317,3.4,5.9,89.7,89.8,4.2,4.4,268.7,302.7,1018.1,1017.9,914.5,315.57,2292.01,32.2584,7.1804,218.2,53.7,1476.013, NAN, NAN, NAN, NAN,,2024/04/09 15:49:48.302,2024-04-09 15:49:48.302000+00:00
2024/04/09, 15:50:48.302,38.602,-72.738,10.92,48.83,52.31,10.56,9.3,9.3,1016.0,1015.9,0.0,0.0,0.03,0.01,313,317,3.4,5.8,89.8,89.9,4.1,4.4,270.4,303.2,1018.1,1018.0,897.6,315.4,2258.93,32.2548,7.1913,216.9,54.1,1476.05, NAN, NAN, NAN, NAN,,2024/04/09 15:50:48.302,2024-04-09 15:50:48.302000+00:00
2024/04/09, 15:51:48.302,38.604,-72.735,10.87,47.81,51.35,10.44,9.2,9.3,1015.9,1015.8,0.0,0.0,0.03,0.01,315,320,3.2,5.7,89.9,89.9,4.0,4.1,267.8,303.9,1018.0,1017.9,904.5,315.69,2254.4,32.2524,7.1962,221.8,53.8,1476.066, NAN, NAN, NAN, NAN,,2024/04/09 15:51:48.302,2024-04-09 15:51:48.302000+00:00
2024/04/09, 15:52:48.302,38.606,-72.732,10.79,47.02,50.95,10.63,9.2,9.2,1016.0,1015.9,0.0,0.0,0.03,0.01,313,318,3.3,5.7,90.0,90.1,4.2,4.3,267.4,300.6,1018.1,1018.0,884.72,315.29,2199.45,32.2555,7.2026,223.2,53.8,1476.095, NAN, NAN, NAN, NAN,,2024/04/09 15:52:48.302,2024-04-09 15:52:48.302000+00:00
2024/04/09, 15:53:48.302,38.607,-72.729,10.75,47.98,50.78,10.33,9.2,9.2,1015.9,1015.8,0.0,0.0,0.03,0.01,316,320,3.1,5.6,90.0,90.1,3.9,4.0,266.0,303.2,1018.0,1017.9,878.96,315.49,2202.61,32.249,7.1804,224.3,53.8,1476.001, NAN, NAN, NAN, NAN,,2024/04/09 15:53:48.302,2024-04-09 15:53:48.302000+00:00
2024/04/09, 15:54:48.302,38.609,-72.726,10.81,48.13,53.04,10.46,9.2,9.2,1015.9,1015.9,0.0,0.0,0.03,0.01,315,319,3.1,5.5,90.1,90.2,4.1,4.2,267.2,301.2,1018.0,1018.0,876.03,315.68,2172.69,32.2448,7.1391,223.1,54.0,1475.835, NAN, NAN, NAN, NAN,,2024/04/09 15:54:48.302,2024-04-09 15:54:48.302000+00:00
2024/04/09, 15:55:48.302,38.611,-72.723,10.75,48.14,51.68,10.57,9.2,9.2,1016.0,1016.1,0.0,0.0,0.03,0.01,312,317,3.2,5.4,90.1,90.2,4.2,4.2,267.3,297.8,1018.1,1018.2,860.02,315.56,2150.35,32.2399,7.0809,220.9,54.1,1475.603, NAN, NAN, NAN, NAN,,2024/04/09 15:55:48.302,2024-04-09 15:55:48.302000+00:00
2024/04/09, 15:56:48.302,38.613,-72.72,10.87,48.11,51.02,10.42,9.1,9.2,1016.1,1016.1,0.0,0.0,0.03,0.01,311,316,3.2,5.5,90.2,90.2,4.2,4.3,268.0,299.4,1018.2,1018.2,850.72,315.23,2136.3,32.2344,7.0549,222.1,53.8,1475.495, NAN, NAN, NAN, NAN,,2024/04/09 15:56:48.302,2024-04-09 15:56:48.302000+00:00
2024/04/09, 15:57:48.302,38.615,-72.717,10.85,47.19,51.86,10.39,9.1,9.2,1016.1,1016.1,0.0,0.0,0.03,0.01,314,319,3.1,5.6,90.2,90.3,4.1,4.2,266.7,302.0,1018.2,1018.2,888.83,315.92,2205.26,32.2357,7.0379,222.1,53.8,1475.43, NAN, NAN, NAN, NAN,,2024/04/09 15:57:48.302,2024-04-09 15:57:48.302000+00:00
2024/04/09, 15:58:48.302,38.616,-72.714,10.86,48.05,51.04,10.49,9.1,9.1,1016.0,1015.8,0.0,0.0,0.03,0.01,313,318,3.1,5.6,90.2,90.3,4.1,4.2,265.7,301.1,1018.1,1017.9,885.36,315.98,2212.84,32.2268,7.0047,220.0,53.8,1475.29, NAN, NAN, NAN, NAN,,2024/04/09 15:58:48.302,2024-04-09 15:58:48.302000+00:00
2024/04/09, 15:59:48.302,38.618,-72.711,10.64,48.62,51.9,10.54,9.1,9.1,1016.0,1015.8,0.0,0.0,0.03,0.01,315,319,3.0,5.4,90.1,90.3,4.1,4.1,264.8,299.4,1018.1,1017.9,878.54,316.1,2213.17,32.2213,6.9729,218.8,53.7,1475.159, NAN, NAN, NAN, NAN,,2024/04/09 15:59:48.302,2024-04-09 15:59:48.302000+00:00
2024/04/09, 16:00:48.302,38.62,-72.709,10.42,47.52,50.28,10.1,9.1,9.1,1016.1,1016.1,0.0,0.0,0.03,0.01,316,319,2.9,5.0,90.3,90.3,3.9,3.9,265.2,296.5,1018.2,1018.2,836.74,315.85,2099.1,32.2128,6.9561,220.3,53.1,1475.083, NAN, NAN, NAN, NAN,,2024/04/09 16:00:48.302,2024-04-09 16:00:48.302000+00:00
2024/04/09, 16:01:48.303,38.622,-72.706,10.37,47.45,53.11,10.09,9.1,9.1,1016.1,1016.0,0.0,0.0,0.03,0.01,315,320,2.9,5.3,90.4,90.5,4.0,4.0,266.1,301.4,1018.2,1018.1,887.28,316.34,2197.67,32.2102,6.9313,221.1,53.2,1474.983, NAN, NAN, NAN, NAN,,2024/04/09 16:01:48.303,2024-04-09 16:01:48.303000+00:00
2024/04/09, 16:02:48.303,38.623,-72.703,10.38,47.83,51.37,10.14,9.1,9.1,1016.1,1016.2,0.0,0.0,0.03,0.01,317,320,3.1,5.6,90.5,90.6,3.8,4.1,268.1,304.9,1018.2,1018.3,883.38,316.12,2186.65,32.2149,6.9637,222.4,53.3,1475.115, NAN, NAN, NAN, NAN,,2024/04/09 16:02:48.303,2024-04-09 16:02:48.303000+00:00
2024/04/09, 16:03:48.303,38.625,-72.7,10.37,47.37,51.76,10.37,9.0,9.1,1016.2,1016.3,0.0,0.0,0.03,0.01,315,320,3.2,5.6,90.5,90.6,4.1,4.2,268.9,303.2,1018.3,1018.4,904.08,315.86,2224.39,32.2151,6.9817,229.3,53.4,1475.186, NAN, NAN, NAN, NAN,,2024/04/09 16:03:48.303,2024-04-09 16:03:48.303000+00:00
2024/04/09, 16:04:48.303,38.627,-72.697,10.52,48.53,55.71,10.4,9.0,9.0,1016.1,1016.1,0.0,0.0,0.03,0.01,320,322,3.2,5.7,90.5,90.6,3.9,4.2,271.0,307.1,1018.2,1018.2,882.71,315.71,2171.16,32.2209,7.0099,229.0,53.9,1475.303, NAN, NAN, NAN, NAN,,2024/04/09 16:04:48.303,2024-04-09 16:04:48.303000+00:00
2024/04/09, 16:05:48.303,38.629,-72.694,10.48,48.01,50.96,10.46,9.0,9.0,1016.3,1016.3,0.0,0.0,0.03,0.01,316,319,3.3,5.8,90.6,90.7,4.0,4.3,269.3,304.6,1018.4,1018.4,887.18,315.45,2198.54,32.2293,7.021,233.6,53.2,1475.356, NAN, NAN, NAN, NAN,,2024/04/09 16:05:48.303,2024-04-09 16:05:48.303000+00:00
2024/04/09, 16:06:48.303,38.63,-72.691,10.64,46.89,50.94,10.44,9.0,9.0,1016.3,1016.2,0.0,0.0,0.03,0.01,316,319,3.3,5.8,90.7,90.8,4.0,4.3,268.9,303.8,1018.4,1018.3,921.01,316.04,2259.26,32.2073,7.0003,234.8,53.7,1475.248, NAN, NAN, NAN, NAN,,2024/04/09 16:06:48.303,2024-04-09 16:06:48.303000+00:00
2024/04/09, 16:07:48.303,38.632,-72.688,10.61,48.21,52.48,10.44,9.0,9.0,1016.2,1016.3,0.0,0.0,0.03,0.01,315,318,3.4,5.8,90.7,90.8,4.1,4.4,271.5,304.4,1018.3,1018.4,898.21,315.4,2212.35,32.2282,7.0118,237.2,53.7,1475.319, NAN, NAN, NAN, NAN,,2024/04/09 16:07:48.303,2024-04-09 16:07:48.303000+00:00
2024/04/09, 16:08:48.303,38.634,-72.685,10.6,48.11,50.2,10.51,9.0,9.0,1016.2,1016.1,0.0,0.0,0.03,0.01,316,319,3.4,5.8,90.8,90.8,4.0,4.3,270.8,304.4,1018.3,1018.2,939.63,316.13,2278.25,32.2402,7.0092,245.7,53.8,1475.324, NAN, NAN, NAN, NAN,,2024/04/09 16:08:48.303,2024-04-09 16:08:48.303000+00:00
2024/04/09, 16:09:48.303,38.636,-72.682,10.5,48.17,51.27,10.31,9.0,9.0,1016.6,1016.4,0.0,0.0,0.03,0.01,315,318,3.3,5.9,90.9,91.0,4.0,4.4,271.1,306.5,1018.7,1018.5,923.49,315.88,2267.93,32.2505,7.0281,246.7,53.5,1475.411, NAN, NAN, NAN, NAN,,2024/04/09 16:09:48.303,2024-04-09 16:09:48.303000+00:00
2024/04/09, 16:10:48.303,38.637,-72.679,10.63,48.64,54.58,10.69,9.0,9.0,1016.2,1015.9,0.0,0.0,0.03,0.01,314,318,3.3,5.7,91.0,91.0,4.3,4.5,270.6,302.6,1018.3,1018.0,907.71,316.22,2222.18,32.2655,7.0532,246.4,53.8,1475.527, NAN, NAN, NAN, NAN,,2024/04/09 16:10:48.303,2024-04-09 16:10:48.303000+00:00
2024/04/09, 16:11:48.303,38.639,-72.676,10.72,47.06,53.43,10.38,9.0,9.0,1016.3,1016.2,0.0,0.0,0.03,0.01,308,315,3.4,5.7,91.0,91.1,4.5,4.7,272.0,301.4,1018.4,1018.3,945.84,316.98,2294.57,32.295,7.0856,243.6,53.4,1475.69, NAN, NAN, NAN, NAN,,2024/04/09 16:11:48.303,2024-04-09 16:11:48.303000+00:00
2024/04/09, 16:12:48.303,38.641,-72.674,10.86,47.86,54.24,10.49,9.0,9.0,1016.2,1016.2,0.0,0.0,0.03,0.01,307,315,3.4,5.8,91.0,91.1,4.7,4.8,272.4,302.7,1018.3,1018.3,957.82,316.97,2319.84,32.3264,7.1269,242.1,53.4,1475.89, NAN, NAN, NAN, NAN,,2024/04/09 16:12:48.303,2024-04-09 16:12:48.303000+00:00
2024/04/09, 16:13:48.303,38.643,-72.671,10.97,47.86,52.63,10.28,9.0,9.0,1016.5,1016.3,0.0,0.0,0.03,0.01,306,314,3.6,6.0,91.0,91.1,4.6,4.9,275.3,305.1,1018.6,1018.4,916.19,316.65,2233.9,32.3576,7.1515,236.9,53.7,1476.024, NAN, NAN, NAN, NAN,,2024/04/09 16:13:48.303,2024-04-09 16:13:48.303000+00:00
2024/04/09, 16:14:48.303,38.644,-72.668,10.82,47.6,50.87,10.32,8.9,9.0,1016.1,1016.2,0.0,0.0,0.03,0.01,305,315,3.4,5.4,91.0,91.1,4.6,4.5,271.3,298.4,1018.2,1018.3,893.1,316.65,2178.28,32.3958,7.1739,238.4,53.5,1476.159, NAN, NAN, NAN, NAN,,2024/04/09 16:14:48.303,2024-04-09 16:14:48.303000+00:00
2024/04/09, 16:15:48.303,38.646,-72.665,10.6,48.14,52.32,10.16,8.9,8.9,1016.5,1016.3,0.0,0.0,0.03,0.01,303,313,3.5,5.7,91.0,91.1,4.7,4.7,272.9,301.8,1018.6,1018.4,935.44,316.96,2266.91,32.4434,7.19,239.1,53.6,1476.281, NAN, NAN, NAN, NAN,,2024/04/09 16:15:48.303,2024-04-09 16:15:48.303000+00:00
2024/04/09, 16:16:48.303,38.648,-72.662,10.81,47.86,54.86,10.22,8.9,8.9,1016.2,1016.2,0.0,0.0,0.03,0.01,306,314,3.4,5.7,91.0,91.1,4.6,4.8,273.6,302.7,1018.3,1018.3,875.64,315.7,2147.08,32.4986,7.2675,240.3,53.8,1476.65, NAN, NAN, NAN, NAN,,2024/04/09 16:16:48.303,2024-04-09 16:16:48.303000+00:00
2024/04/09, 16:17:48.304,38.65,-72.659,10.74,46.95,54.51,10.73,8.9,8.9,1016.3,1016.5,0.0,0.0,0.03,0.01,305,314,3.3,5.7,91.0,91.0,4.9,5.0,269.9,299.2,1018.4,1018.6,907.01,316.1,2217.16,32.5486,7.4113,252.0,53.8,1477.267, NAN, NAN, NAN, NAN,,2024/04/09 16:17:48.304,2024-04-09 16:17:48.304000+00:00
2024/04/09, 16:18:48.304,38.651,-72.656,10.83,48.22,50.93,10.33,8.9,8.9,1016.5,1016.3,0.0,0.0,0.03,0.01,304,313,3.3,5.4,91.0,91.1,4.6,4.6,269.6,297.4,1018.6,1018.4,937.17,316.57,2285.71,32.5668,7.472,245.4,53.9,1477.524, NAN, NAN, NAN, NAN,,2024/04/09 16:18:48.304,2024-04-09 16:18:48.304000+00:00
2024/04/09, 16:19:48.304,38.653,-72.653,10.72,47.86,50.05,10.29,8.8,8.9,1016.3,1016.3,0.0,0.0,0.03,0.01,301,311,3.1,5.2,91.3,91.3,4.7,4.6,266.1,293.7,1018.4,1018.4,921.31,316.35,2248.17,32.5931,7.5258,232.4,54.0,1477.763, NAN, NAN, NAN, NAN,,2024/04/09 16:19:48.304,2024-04-09 16:19:48.304000+00:00
2024/04/09, 16:20:48.304,38.655,-72.65,10.83,47.39,51.02,10.5,8.8,8.9,1016.6,1016.3,0.0,0.0,0.03,0.01,300,313,3.1,5.3,91.2,91.3,4.9,4.6,266.2,294.9,1018.7,1018.4,921.26,316.41,2243.32,32.6282,7.6277,229.3,54.3,1478.198, NAN, NAN, NAN, NAN,,2024/04/09 16:20:48.304,2024-04-09 16:20:48.304000+00:00
2024/04/09, 16:21:48.304,38.657,-72.647,10.94,47.65,52.79,10.46,8.8,8.8,1016.5,1016.5,0.0,0.0,0.03,0.01,301,313,2.9,5.1,91.3,91.3,4.8,4.6,264.7,293.4,1018.6,1018.6,861.67,315.87,2126.37,32.6815,7.7375,232.4,54.3,1478.684, NAN, NAN, NAN, NAN,,2024/04/09 16:21:48.304,2024-04-09 16:21:48.304000+00:00
2024/04/09, 16:22:48.304,38.659,-72.644,10.9,47.4,50.75,10.37,8.8,8.8,1016.5,1016.2,0.0,0.0,0.03,0.01,299,310,2.9,4.9,91.4,91.5,4.8,4.6,262.8,288.9,1018.6,1018.3,942.92,316.86,2272.86,32.7399,7.9558,231.4,54.1,1479.589, NAN, NAN, NAN, NAN,,2024/04/09 16:22:48.304,2024-04-09 16:22:48.304000+00:00
2024/04/09, 16:23:48.304,38.66,-72.642,10.8,46.24,44.84,10.03,8.8,8.8,1016.4,1016.3,0.0,0.0,0.03,0.01,294,307,2.8,4.8,91.5,91.5,4.8,4.5,259.2,285.9,1018.5,1018.4,975.1,317.65,2344.56,32.8265,8.3656,231.4,54.4,1481.245, NAN, NAN, NAN, NAN,,2024/04/09 16:23:48.304,2024-04-09 16:23:48.304000+00:00
2024/04/09, 16:24:48.304,38.662,-72.639,10.54,48.06,48.29,10.33,8.7,8.8,1016.5,1016.5,0.0,0.0,0.03,0.01,294,315,2.6,4.5,91.5,91.7,4.9,3.9,258.1,285.0,1018.6,1018.6,973.31,317.42,2357.65,32.8842,8.6021,221.5,54.5,1482.203, NAN, NAN, NAN, NAN,,2024/04/09 16:24:48.304,2024-04-09 16:24:48.304000+00:00
2024/04/09, 16:25:48.304,38.664,-72.636,10.67,47.37,50.06,10.22,8.7,8.8,1016.6,1016.6,0.0,0.0,0.03,0.01,287,303,2.7,4.4,91.7,91.7,5.3,4.9,259.7,281.4,1018.7,1018.7,883.93,316.56,2181.53,33.0205,8.7788,213.6,54.5,1483.03, NAN, NAN, NAN, NAN,,2024/04/09 16:25:48.304,2024-04-09 16:25:48.304000+00:00
2024/04/09, 16:26:48.304,38.666,-72.633,10.79,48.59,50.77,10.24,8.7,8.7,1016.6,1016.5,0.0,0.0,0.03,0.01,284,308,2.2,3.9,91.8,91.9,5.3,4.4,255.2,277.7,1018.7,1018.6,833.07,316.16,2073.93,33.1395,8.9324,212.4,54.4,1483.747, NAN, NAN, NAN, NAN,,2024/04/09 16:26:48.304,2024-04-09 16:26:48.304000+00:00
2024/04/09, 16:27:48.304,38.668,-72.63,10.7,46.97,46.23,10.19,8.7,8.7,1016.5,1016.3,0.0,0.0,0.03,0.01,289,315,2.5,4.4,91.9,92.0,5.1,3.9,256.7,284.0,1018.6,1018.4,921.65,316.97,2253.45,33.2421,9.0414,216.0,54.6,1484.276, NAN, NAN, NAN, NAN,,2024/04/09 16:27:48.304,2024-04-09 16:27:48.304000+00:00
2024/04/09, 16:28:48.304,38.67,-72.628,10.8,47.79,48.28,10.2,8.7,8.7,1016.7,1016.5,0.0,0.0,0.03,0.01,287,316,2.4,3.9,92.0,92.2,5.1,3.7,255.5,276.8,1018.8,1018.6,892.84,317.41,2159.31,33.3658,9.0419,220.9,54.9,1484.43, NAN, NAN, NAN, NAN,,2024/04/09 16:28:48.304,2024-04-09 16:28:48.304000+00:00
2024/04/09, 16:29:48.304,38.672,-72.625,10.91,48.08,52.76,10.09,8.7,8.7,1016.5,1016.3,0.0,0.0,0.03,0.01,283,302,2.1,3.4,92.2,92.4,5.2,4.6,254.3,271.1,1018.6,1018.4,894.31,317.46,2218.05,33.4536,9.0841,226.3,55.0,1484.693, NAN, NAN, NAN, NAN,,2024/04/09 16:29:48.304,2024-04-09 16:29:48.304000+00:00
2024/04/09, 16:30:48.304,38.673,-72.622,10.8,47.67,50.41,10.21,8.7,8.7,1016.6,1016.5,0.0,0.0,0.03,0.01,275,307,2.3,4.1,92.3,92.5,5.7,4.5,254.6,279.6,1018.7,1018.6,856.44,317.53,2118.44,33.4344,9.2484,224.4,55.1,1485.274, NAN, NAN, NAN, NAN,,2024/04/09 16:30:48.304,2024-04-09 16:30:48.304000+00:00
2024/04/09, 16:31:48.304,38.675,-72.619,10.84,47.77,47.85,10.34,8.7,8.7,1016.3,1016.3,0.0,0.0,0.03,0.01,278,308,2.2,3.7,92.5,92.6,5.5,4.3,252.4,272.7,1018.4,1018.4,867.74,318.02,2153.39,33.4397,9.4608,225.8,55.1,1486.059, NAN, NAN, NAN, NAN,,2024/04/09 16:31:48.304,2024-04-09 16:31:48.304000+00:00
2024/04/09, 16:32:48.305,38.677,-72.617,10.91,48.17,49.35,10.27,8.7,8.8,1016.5,1016.6,0.0,0.0,0.03,0.01,294,317,1.9,4.3,92.5,92.7,4.9,3.7,250.8,283.4,1018.6,1018.7,918.07,318.67,2211.47,33.4694,9.6075,224.3,55.4,1486.63, NAN, NAN, NAN, NAN,,2024/04/09 16:32:48.305,2024-04-09 16:32:48.305000+00:00
2024/04/09, 16:33:48.305,38.679,-72.614,10.9,47.68,46.96,10.39,8.8,8.8,1016.3,1016.2,0.0,0.0,0.03,0.01,288,308,2.4,4.1,92.7,92.8,5.1,4.3,254.4,276.9,1018.4,1018.3,825.23,317.52,2050.5,33.5148,9.7001,227.8,55.1,1487.022, NAN, NAN, NAN, NAN,,2024/04/09 16:33:48.305,2024-04-09 16:33:48.305000+00:00
2024/04/09, 16:34:48.305,38.681,-72.611,10.97,48.24,49.78,10.14,8.8,8.8,1016.3,1016.3,0.0,0.0,0.03,0.01,293,315,2.3,4.5,92.8,92.8,4.9,3.9,255.7,286.7,1018.4,1018.4,951.68,318.28,2312.22,33.5555,9.7476,224.4,55.2,1487.244, NAN, NAN, NAN, NAN,,2024/04/09 16:34:48.305,2024-04-09 16:34:48.305000+00:00
2024/04/09, 16:35:48.305,38.683,-72.608,11.01,47.24,47.36,10.47,8.8,8.8,1016.4,1016.6,0.0,0.0,0.03,0.01,291,312,2.4,4.5,92.9,92.8,5.1,4.2,254.7,282.8,1018.5,1018.7,992.6,319.33,2390.39,33.566,9.7836,220.3,55.0,1487.387, NAN, NAN, NAN, NAN,,2024/04/09 16:35:48.305,2024-04-09 16:35:48.305000+00:00
2024/04/09, 16:36:48.305,38.685,-72.606,11.06,46.64,47.01,10.51,8.8,8.8,1016.5,1016.5,0.0,0.0,0.03,0.01,298,309,2.6,4.5,92.9,93.3,4.8,4.4,256.3,281.0,1018.6,1018.6,961.61,318.59,2332.66,33.5966,9.818,222.4,55.5,1487.549, NAN, NAN, NAN, NAN,,2024/04/09 16:36:48.305,2024-04-09 16:36:48.305000+00:00
2024/04/09, 16:37:48.305,38.687,-72.603,10.92,47.88,47.58,10.5,8.9,8.9,1016.3,1016.2,0.0,0.0,0.03,0.01,300,315,2.5,4.7,92.9,93.1,4.7,3.9,255.8,286.2,1018.4,1018.3,899.12,318.0,2175.01,33.6049,9.8266,222.6,55.4,1487.59, NAN, NAN, NAN, NAN,,2024/04/09 16:37:48.305,2024-04-09 16:37:48.305000+00:00
2024/04/09, 16:38:48.305,38.688,-72.6,10.94,48.26,52.73,10.27,8.9,8.9,1016.3,1016.1,0.0,0.0,0.03,0.01,307,319,2.3,4.6,92.8,92.9,4.4,3.8,256.9,289.7,1018.4,1018.2,864.79,316.87,2130.16,33.6031,9.7998,219.7,55.3,1487.491, NAN, NAN, NAN, NAN,,2024/04/09 16:38:48.305,2024-04-09 16:38:48.305000+00:00
2024/04/09, 16:39:48.305,38.69,-72.597,10.93,47.55,50.07,10.27,8.9,8.9,1016.5,1016.3,0.0,0.0,0.03,0.01,313,318,2.4,4.8,92.8,92.9,4.1,3.8,256.0,291.1,1018.6,1018.4,872.63,316.74,2147.92,33.5997,9.7417,216.4,55.4,1487.276, NAN, NAN, NAN, NAN,,2024/04/09 16:39:48.305,2024-04-09 16:39:48.305000+00:00
2024/04/09, 16:40:48.305,38.692,-72.594,10.98,47.03,48.47,10.41,8.9,8.9,1016.3,1016.2,0.0,0.0,0.03,0.01,313,319,2.7,4.9,92.8,92.9,4.1,3.7,257.5,290.5,1018.4,1018.3,962.56,317.31,2330.47,33.5932,9.7225,216.9,55.4,1487.199, NAN, NAN, NAN, NAN,,2024/04/09 16:40:48.305,2024-04-09 16:40:48.305000+00:00
2024/04/09, 16:41:48.305,38.694,-72.592,11.01,47.34,47.97,10.52,8.9,9.0,1016.5,1016.3,0.0,0.0,0.03,0.01,310,317,2.9,5.2,92.8,92.8,4.2,3.9,260.1,293.4,1018.6,1018.4,933.03,316.95,2300.91,33.5787,9.7432,221.1,55.5,1487.256, NAN, NAN, NAN, NAN,,2024/04/09 16:41:48.305,2024-04-09 16:41:48.305000+00:00
2024/04/09, 16:42:48.305,38.696,-72.589,11.05,47.95,49.57,10.61,9.0,9.0,1016.3,1016.3,0.0,0.0,0.03,0.01,318,321,2.7,5.2,92.8,92.9,4.0,3.7,257.5,295.5,1018.4,1018.4,943.27,316.74,2317.65,33.5809,9.7363,220.3,55.4,1487.234, NAN, NAN, NAN, NAN,,2024/04/09 16:42:48.305,2024-04-09 16:42:48.305000+00:00
2024/04/09, 16:43:48.305,38.698,-72.586,11.02,48.33,53.85,10.61,9.0,9.0,1016.2,1016.2,0.0,0.0,0.03,0.01,316,319,3.0,5.2,92.7,92.9,4.1,4.0,264.3,296.1,1018.3,1018.3,905.38,316.37,2202.86,33.5874,9.7306,217.6,55.6,1487.221, NAN, NAN, NAN, NAN,,2024/04/09 16:43:48.305,2024-04-09 16:43:48.305000+00:00
2024/04/09, 16:44:48.305,38.7,-72.583,11.01,47.86,46.19,10.43,9.0,9.0,1016.5,1016.5,0.0,0.0,0.03,0.01,315,320,2.9,5.4,92.8,92.9,3.9,3.6,258.7,298.1,1018.6,1018.6,910.16,316.49,2222.36,33.5894,9.6913,215.4,55.5,1487.081, NAN, NAN, NAN, NAN,,2024/04/09 16:44:48.305,2024-04-09 16:44:48.305000+00:00
2024/04/09, 16:45:48.305,38.702,-72.58,10.98,47.36,49.92,10.47,9.0,9.0,1016.5,1016.1,0.0,0.0,0.03,0.01,316,322,2.8,5.3,92.7,92.9,4.0,3.6,259.4,298.0,1018.6,1018.2,940.55,316.75,2284.47,33.5895,9.6412,210.5,55.7,1486.899, NAN, NAN, NAN, NAN,,2024/04/09 16:45:48.305,2024-04-09 16:45:48.305000+00:00
2024/04/09, 16:46:48.305,38.704,-72.578,11.0,47.81,46.26,10.52,9.0,9.0,1016.4,1016.3,0.0,0.0,0.03,0.01,316,321,2.9,5.4,92.7,92.8,3.9,3.6,258.4,297.9,1018.5,1018.4,927.88,316.36,2257.42,33.5795,9.6183,209.3,55.2,1486.803, NAN, NAN, NAN, NAN,,2024/04/09 16:46:48.305,2024-04-09 16:46:48.305000+00:00
2024/04/09, 16:47:48.305,38.706,-72.575,10.99,47.82,49.34,10.34,9.0,9.0,1016.5,1016.4,0.0,0.0,0.03,0.01,314,319,3.1,5.5,92.7,92.7,4.0,4.0,265.5,300.9,1018.6,1018.5,933.48,316.94,2231.97,33.5657,9.6002,207.8,55.2,1486.721, NAN, NAN, NAN, NAN,,2024/04/09 16:47:48.305,2024-04-09 16:47:48.305000+00:00
2024/04/09, 16:48:48.306,38.708,-72.572,10.86,48.42,50.99,10.15,9.0,9.0,1016.4,1016.2,0.0,0.0,0.03,0.01,310,320,2.9,5.0,92.7,92.9,4.1,3.7,264.6,296.5,1018.5,1018.3,897.45,316.7,2161.77,33.5598,9.5765,206.3,55.1,1486.627, NAN, NAN, NAN, NAN,,2024/04/09 16:48:48.306,2024-04-09 16:48:48.306000+00:00
2024/04/09, 16:49:48.306,38.709,-72.569,10.92,47.8,51.31,10.31,9.0,9.1,1016.3,1016.5,0.0,0.0,0.03,0.01,308,317,3.1,5.5,92.6,92.9,4.3,4.2,265.8,300.0,1018.4,1018.6,952.61,316.95,2312.08,33.5492,9.55,205.3,55.2,1486.518, NAN, NAN, NAN, NAN,,2024/04/09 16:49:48.306,2024-04-09 16:49:48.306000+00:00
2024/04/09, 16:50:48.306,38.711,-72.566,10.88,47.56,50.0,10.55,9.0,9.1,1016.5,1016.3,0.0,0.0,0.03,0.01,318,320,2.8,5.3,92.6,92.7,3.9,3.9,259.6,297.0,1018.6,1018.4,936.57,316.98,2289.99,33.5372,9.5204,202.9,55.2,1486.395, NAN, NAN, NAN, NAN,,2024/04/09 16:50:48.306,2024-04-09 16:50:48.306000+00:00
2024/04/09, 16:51:48.306,38.713,-72.564,10.92,47.2,47.99,10.65,9.0,9.1,1016.6,1016.7,0.0,0.0,0.03,0.01,314,320,3.0,5.4,92.6,92.7,4.0,3.8,260.4,296.4,1018.7,1018.8,937.97,317.06,2298.15,33.5249,9.5197,205.6,55.3,1486.378, NAN, NAN, NAN, NAN,,2024/04/09 16:51:48.306,2024-04-09 16:51:48.306000+00:00
2024/04/09, 16:52:48.306,38.715,-72.561,10.92,47.04,52.1,10.22,9.0,9.1,1016.8,1016.6,0.0,0.0,0.03,0.01,313,317,3.1,5.4,92.7,92.8,4.0,4.2,266.0,298.8,1018.9,1018.7,957.48,317.67,2333.33,33.512,9.5319,205.6,55.0,1486.406, NAN, NAN, NAN, NAN,,2024/04/09 16:52:48.306,2024-04-09 16:52:48.306000+00:00
2024/04/09, 16:53:48.306,38.717,-72.558,10.99,47.2,51.71,10.53,9.0,9.1,1016.5,1016.5,0.0,0.0,0.03,0.01,320,321,2.6,4.9,92.7,92.8,3.9,3.7,257.2,292.0,1018.6,1018.6,917.43,317.75,2243.9,33.5063,9.5267,204.4,55.1,1486.38, NAN, NAN, NAN, NAN,,2024/04/09 16:53:48.306,2024-04-09 16:53:48.306000+00:00
2024/04/09, 16:54:48.306,38.719,-72.555,11.01,47.34,50.04,10.44,9.1,9.1,1016.7,1016.7,0.0,0.0,0.03,0.01,319,321,2.8,5.3,92.7,92.8,3.9,3.8,259.9,298.2,1018.8,1018.8,881.07,317.67,2186.31,33.5023,9.5266,202.9,55.2,1486.375, NAN, NAN, NAN, NAN,,2024/04/09 16:54:48.306,2024-04-09 16:54:48.306000+00:00
2024/04/09, 16:55:48.306,38.721,-72.552,11.04,48.86,51.69,10.5,9.1,9.1,1016.5,1016.6,0.0,0.0,0.03,0.01,307,317,2.9,5.1,92.7,92.8,4.5,4.1,264.4,295.1,1018.6,1018.7,915.36,318.02,2262.14,33.5012,9.5068,201.1,55.5,1486.302, NAN, NAN, NAN, NAN,,2024/04/09 16:55:48.306,2024-04-09 16:55:48.306000+00:00
2024/04/09, 16:56:48.306,38.722,-72.549,11.14,46.93,50.94,10.32,9.1,9.1,1016.6,1016.5,0.0,0.0,0.03,0.01,312,319,2.8,5.3,92.7,92.8,4.2,4.1,263.2,298.7,1018.7,1018.6,704.79,315.71,1790.12,33.5013,9.5032,200.1,55.6,1486.289, NAN, NAN, NAN, NAN,,2024/04/09 16:56:48.306,2024-04-09 16:56:48.306000+00:00
2024/04/09, 16:57:48.306,38.724,-72.547,10.96,47.06,52.21,10.3,9.1,9.1,1016.5,1016.5,0.0,0.0,0.03,0.01,310,318,2.6,5.0,92.8,92.9,4.3,4.0,260.4,294.3,1018.6,1018.6,965.83,318.61,2383.2,33.5082,9.5038,201.7,55.4,1486.299, NAN, NAN, NAN, NAN,,2024/04/09 16:57:48.306,2024-04-09 16:57:48.306000+00:00
2024/04/09, 16:58:48.306,38.726,-72.544,10.86,55.98,60.85,10.12,9.1,9.1,1016.4,1016.5,0.0,0.0,0.03,0.01,314,319,2.5,4.8,92.9,93.0,4.0,3.7,266.1,300.9,1018.5,1018.6,945.08,318.6,2316.97,33.5298,9.4978,205.3,55.4,1486.304, NAN, NAN, NAN, NAN,,2024/04/09 16:58:48.306,2024-04-09 16:58:48.306000+00:00
2024/04/09, 16:59:48.306,38.727,-72.541,10.82,54.31,56.69,10.32,9.1,9.1,1016.5,1016.3,0.0,0.0,0.03,0.01,318,322,2.0,4.2,92.8,92.9,4.2,3.5,257.9,290.0,1018.6,1018.4,825.1,317.55,2051.9,33.5664,9.5301,211.2,55.5,1486.466, NAN, NAN, NAN, NAN,,2024/04/09 16:59:48.306,2024-04-09 16:59:48.306000+00:00
2024/04/09, 17:00:48.306,38.729,-72.538,10.91,54.5,54.54,10.39,9.1,9.1,1016.6,1016.3,0.0,0.0,0.03,0.01,312,319,2.4,4.5,92.9,93.0,4.2,3.7,262.2,292.7,1018.7,1018.4,826.84,316.99,2044.54,33.5964,9.5789,213.9,55.3,1486.681, NAN, NAN, NAN, NAN,,2024/04/09 17:00:48.306,2024-04-09 17:00:48.306000+00:00
2024/04/09, 17:01:48.306,38.73,-72.534,10.95,54.16,58.57,10.26,9.1,9.1,1016.6,1016.5,0.0,0.0,0.03,0.01,309,319,2.2,4.4,92.8,92.9,4.4,3.8,262.9,293.8,1018.7,1018.6,941.0,317.92,2252.14,33.5808,9.6003,209.3,55.3,1486.74, NAN, NAN, NAN, NAN,,2024/04/09 17:01:48.306,2024-04-09 17:01:48.306000+00:00
2024/04/09, 17:02:48.306,38.732,-72.531,10.81,54.51,57.79,10.41,9.1,9.2,1016.5,1016.5,0.0,0.0,0.03,0.01,307,319,2.2,4.6,92.9,92.9,4.5,3.8,261.5,295.0,1018.6,1018.6,925.74,317.85,2256.39,33.5641,9.6263,205.3,55.0,1486.814, NAN, NAN, NAN, NAN,,2024/04/09 17:02:48.306,2024-04-09 17:02:48.306000+00:00
2024/04/09, 17:03:48.306,38.734,-72.528,10.93,54.48,58.63,10.18,9.1,9.2,1016.5,1016.5,0.0,0.0,0.03,0.01,314,322,2.3,4.8,92.8,92.9,4.2,3.6,263.9,301.2,1018.6,1018.6,899.73,316.95,2218.25,33.567,9.662,203.5,55.6,1486.947, NAN, NAN, NAN, NAN,,2024/04/09 17:03:48.306,2024-04-09 17:03:48.306000+00:00
2024/04/09, 17:04:48.307,38.735,-72.525,10.83,54.63,57.75,10.36,9.2,9.2,1016.5,1016.3,0.0,0.0,0.03,0.01,309,318,2.5,4.8,92.8,92.9,4.3,3.9,265.2,297.9,1018.6,1018.4,916.36,316.74,2255.34,33.5644,9.7089,203.8,55.2,1487.114, NAN, NAN, NAN, NAN,,2024/04/09 17:04:48.307,2024-04-09 17:04:48.307000+00:00
2024/04/09, 17:05:48.307,38.737,-72.522,11.0,55.26,59.14,10.62,9.2,9.2,1016.3,1016.3,0.0,0.0,0.03,0.01,304,316,2.7,5.0,92.8,92.9,4.7,4.2,268.0,299.1,1018.4,1018.4,928.59,316.38,2276.66,33.5741,9.758,202.0,55.6,1487.304, NAN, NAN, NAN, NAN,,2024/04/09 17:05:48.307,2024-04-09 17:05:48.307000+00:00
2024/04/09, 17:06:48.307,38.738,-72.519,11.05,54.95,56.63,10.38,9.2,9.2,1016.3,1016.3,0.0,0.0,0.03,0.01,310,318,2.7,5.1,92.7,92.8,4.3,4.0,267.5,302.0,1018.4,1018.4,920.2,316.54,2245.58,33.6113,9.8135,202.3,55.6,1487.55, NAN, NAN, NAN, NAN,,2024/04/09 17:06:48.307,2024-04-09 17:06:48.307000+00:00
2024/04/09, 17:07:48.307,38.74,-72.516,11.02,55.06,56.67,10.35,9.2,9.2,1016.6,1016.5,0.0,0.0,0.03,0.01,320,323,2.7,5.2,92.7,92.8,3.8,3.6,266.5,306.1,1018.7,1018.6,933.47,316.26,2283.56,33.6603,9.848,201.7,55.7,1487.735, NAN, NAN, NAN, NAN,,2024/04/09 17:07:48.307,2024-04-09 17:07:48.307000+00:00
2024/04/09, 17:08:48.307,38.742,-72.513,11.06,55.23,55.98,10.51,9.2,9.2,1016.5,1016.4,0.0,0.0,0.03,0.01,312,318,3.0,5.5,92.8,92.9,4.1,4.1,270.4,306.3,1018.6,1018.5,913.58,315.8,2241.15,33.6831,9.8757,200.1,55.7,1487.863, NAN, NAN, NAN, NAN,,2024/04/09 17:08:48.307,2024-04-09 17:08:48.307000+00:00
2024/04/09, 17:09:48.307,38.743,-72.51,11.02,54.81,59.86,10.56,9.2,9.2,1016.5,1016.3,0.0,0.0,0.03,0.01,319,320,2.7,5.1,92.8,92.9,4.0,3.9,266.3,301.9,1018.6,1018.4,905.26,315.95,2215.72,33.6935,9.9222,199.6,55.8,1488.043, NAN, NAN, NAN, NAN,,2024/04/09 17:09:48.307,2024-04-09 17:09:48.307000+00:00
2024/04/09, 17:10:48.307,38.745,-72.506,10.93,54.09,56.98,10.9,9.2,9.2,1016.6,1016.3,0.0,0.0,0.03,0.01,319,320,2.8,5.0,92.7,92.9,4.1,3.9,265.1,297.1,1018.7,1018.4,931.04,315.97,2292.83,33.7018,9.9667,199.2,55.9,1488.214, NAN, NAN, NAN, NAN,,2024/04/09 17:10:48.307,2024-04-09 17:10:48.307000+00:00
2024/04/09, 17:11:48.307,38.746,-72.503,10.92,54.85,57.0,10.59,9.2,9.3,1016.3,1016.2,0.0,0.0,0.03,0.01,307,316,3.2,5.6,92.8,92.9,4.5,4.3,273.0,305.8,1018.4,1018.3,864.74,315.18,2082.93,33.7082,10.041,199.2,55.4,1488.489, NAN, NAN, NAN, NAN,,2024/04/09 17:11:48.307,2024-04-09 17:11:48.307000+00:00
2024/04/09, 17:12:48.307,38.748,-72.5,11.03,55.47,57.2,10.54,9.3,9.3,1016.3,1016.3,0.0,0.0,0.03,0.01,310,315,3.3,5.6,92.7,92.8,4.3,4.4,274.9,306.1,1018.4,1018.4,890.13,315.21,2205.87,33.7314,10.1122,200.4,56.1,1488.773, NAN, NAN, NAN, NAN,,2024/04/09 17:12:48.307,2024-04-09 17:12:48.307000+00:00
2024/04/09, 17:13:48.307,38.75,-72.497,11.05,54.22,51.85,9.99,9.3,9.3,1016.5,1016.4,0.0,0.0,0.03,0.01,309,316,3.5,5.9,92.9,93.0,3.9,4.1,276.3,311.7,1018.6,1018.5,929.83,315.47,2262.74,33.7545,10.131,196.8,55.8,1488.869, NAN, NAN, NAN, NAN,,2024/04/09 17:13:48.307,2024-04-09 17:13:48.307000+00:00
2024/04/09, 17:14:48.307,38.751,-72.494,11.02,54.7,55.85,10.05,9.3,9.3,1016.3,1016.3,0.0,0.0,0.03,0.01,313,317,3.4,5.3,92.8,93.0,3.8,3.9,276.2,305.2,1018.4,1018.4,877.5,315.51,2158.8,33.7744,10.1085,191.3,55.5,1488.812, NAN, NAN, NAN, NAN,,2024/04/09 17:14:48.307,2024-04-09 17:14:48.307000+00:00
2024/04/09, 17:15:48.307,38.753,-72.491,10.9,54.62,56.02,10.46,9.3,9.3,1016.3,1016.2,0.0,0.0,0.03,0.01,311,317,3.3,5.5,93.0,93.1,4.1,4.1,273.2,305.1,1018.4,1018.3,813.77,314.53,2090.73,33.7977,10.0428,193.5,55.8,1488.605, NAN, NAN, NAN, NAN,,2024/04/09 17:15:48.307,2024-04-09 17:15:48.307000+00:00
2024/04/09, 17:16:48.307,38.755,-72.488,10.87,54.16,52.94,10.3,9.3,9.3,1016.4,1016.5,0.0,0.0,0.03,0.01,311,316,3.6,6.0,93.1,93.2,3.9,4.2,275.6,310.6,1018.5,1018.6,920.1,315.2,2264.71,33.8,10.0004,195.2,55.9,1488.455, NAN, NAN, NAN, NAN,,2024/04/09 17:16:48.307,2024-04-09 17:16:48.307000+00:00
2024/04/09, 17:17:48.307,38.756,-72.485,10.91,54.16,56.43,10.22,9.3,9.3,1016.5,1016.5,0.0,0.0,0.03,0.01,310,316,3.8,6.2,92.8,92.9,4.1,4.5,281.3,314.0,1018.6,1018.6,936.15,315.08,2292.27,33.7802,9.9604,195.2,55.6,1488.287, NAN, NAN, NAN, NAN,,2024/04/09 17:17:48.307,2024-04-09 17:17:48.307000+00:00
2024/04/09, 17:18:48.307,38.758,-72.482,10.94,54.03,54.88,10.35,9.3,9.4,1016.6,1016.6,0.0,0.0,0.03,0.01,313,315,3.9,6.2,93.0,93.1,3.9,4.5,281.3,312.0,1018.7,1018.7,922.11,314.62,2260.18,33.7583,9.9445,195.9,55.7,1488.203, NAN, NAN, NAN, NAN,,2024/04/09 17:18:48.307,2024-04-09 17:18:48.307000+00:00
2024/04/09, 17:19:48.307,38.759,-72.479,10.86,55.42,57.2,10.18,9.3,9.4,1016.7,1016.3,0.0,0.0,0.03,0.01,310,316,4.1,6.2,93.0,93.0,4.1,4.4,285.8,315.2,1018.8,1018.4,863.07,313.88,2142.8,33.7402,9.9462,197.4,55.7,1488.187, NAN, NAN, NAN, NAN,,2024/04/09 17:19:48.307,2024-04-09 17:19:48.307000+00:00
2024/04/09, 17:20:48.308,38.761,-72.476,10.99,55.19,56.46,10.25,9.4,9.4,1016.4,1016.5,0.0,0.0,0.03,0.01,308,316,3.8,6.2,92.8,93.0,4.2,4.5,281.6,314.8,1018.5,1018.6,811.14,313.12,2053.68,33.726,9.9573,198.0,55.3,1488.209, NAN, NAN, NAN, NAN,,2024/04/09 17:20:48.308,2024-04-09 17:20:48.308000+00:00
2024/04/09, 17:21:48.308,38.763,-72.473,10.97,54.7,55.78,10.16,9.4,9.4,1016.5,1016.5,0.0,0.0,0.03,0.01,312,316,4.0,6.4,92.8,92.9,4.0,4.6,285.2,317.0,1018.6,1018.6,918.92,313.93,2254.32,33.7185,9.9666,197.4,55.3,1488.234, NAN, NAN, NAN, NAN,,2024/04/09 17:21:48.308,2024-04-09 17:21:48.308000+00:00
2024/04/09, 17:22:48.308,38.764,-72.47,11.0,53.88,52.89,10.23,9.4,9.4,1016.6,1016.5,0.0,0.0,0.03,0.01,309,314,4.0,6.4,92.8,93.2,4.2,4.7,282.6,313.9,1018.7,1018.6,915.11,313.76,2244.34,33.7183,9.9948,196.2,55.6,1488.335, NAN, NAN, NAN, NAN,,2024/04/09 17:22:48.308,2024-04-09 17:22:48.308000+00:00
2024/04/09, 17:23:48.308,38.766,-72.467,10.84,54.03,56.94,10.25,9.4,9.4,1016.5,1016.5,0.0,0.0,0.03,0.01,307,315,3.8,6.1,92.9,93.0,4.4,4.6,281.1,312.0,1018.6,1018.6,895.22,314.17,2214.43,33.7151,10.0151,196.5,55.4,1488.404, NAN, NAN, NAN, NAN,,2024/04/09 17:23:48.308,2024-04-09 17:23:48.308000+00:00
2024/04/09, 17:24:48.308,38.768,-72.464,11.02,54.44,55.23,10.11,9.4,9.4,1016.5,1016.5,0.0,0.0,0.03,0.01,310,316,4.0,6.4,92.9,93.0,4.1,4.6,284.6,317.0,1018.6,1018.6,885.57,313.48,2202.25,33.7188,10.0274,198.0,55.4,1488.453, NAN, NAN, NAN, NAN,,2024/04/09 17:24:48.308,2024-04-09 17:24:48.308000+00:00
2024/04/09, 17:25:48.308,38.769,-72.461,11.0,54.29,55.07,10.35,9.4,9.4,1016.5,1016.5,0.0,0.0,0.03,0.01,308,314,4.1,6.4,93.0,93.1,4.3,4.8,284.2,313.7,1018.6,1018.6,887.84,313.98,2201.93,33.7242,10.0483,198.6,55.7,1488.535, NAN, NAN, NAN, NAN,,2024/04/09 17:25:48.308,2024-04-09 17:25:48.308000+00:00
2024/04/09, 17:26:48.308,38.771,-72.458,10.96,54.71,55.52,10.31,9.4,9.4,1016.5,1016.5,0.0,0.0,0.03,0.01,306,314,4.3,6.5,93.1,93.2,4.5,4.8,286.5,315.3,1018.6,1018.6,890.62,313.85,2229.64,33.7286,10.0514,199.6,56.1,1488.551, NAN, NAN, NAN, NAN,,2024/04/09 17:26:48.308,2024-04-09 17:26:48.308000+00:00
2024/04/09, 17:27:48.308,38.773,-72.455,11.08,54.54,56.62,10.34,9.5,9.5,1016.5,1016.6,0.0,0.0,0.03,0.01,307,314,4.4,6.7,93.3,93.3,4.5,5.0,288.5,317.0,1018.6,1018.7,909.72,314.76,2252.83,33.7307,10.0614,198.9,55.8,1488.59, NAN, NAN, NAN, NAN,,2024/04/09 17:27:48.308,2024-04-09 17:27:48.308000+00:00
2024/04/09, 17:28:48.308,38.774,-72.452,11.03,55.06,55.25,10.49,9.5,9.5,1016.6,1016.6,0.0,0.0,0.03,0.01,309,316,4.1,6.5,93.1,93.4,4.2,4.5,282.7,315.8,1018.7,1018.7,924.3,315.18,2279.21,33.7315,10.0544,196.2,55.9,1488.566, NAN, NAN, NAN, NAN,,2024/04/09 17:28:48.308,2024-04-09 17:28:48.308000+00:00
2024/04/09, 17:29:48.308,38.776,-72.449,11.15,54.11,54.14,10.34,9.5,9.5,1016.5,1016.6,0.0,0.0,0.03,0.01,306,313,4.4,6.6,93.2,93.3,4.5,5.0,287.2,314.7,1018.6,1018.7,897.92,314.78,2221.28,33.725,10.0485,194.4,56.1,1488.537, NAN, NAN, NAN, NAN,,2024/04/09 17:29:48.308,2024-04-09 17:29:48.308000+00:00
2024/04/09, 17:30:48.308,38.777,-72.446,11.01,55.79,54.38,10.11,9.5,9.5,1016.6,1016.4,0.0,0.0,0.03,0.01,310,315,4.2,6.6,93.1,93.2,4.0,4.6,287.4,319.2,1018.7,1018.5,870.42,314.67,2179.32,33.7253,10.0399,194.4,56.1,1488.506, NAN, NAN, NAN, NAN,,2024/04/09 17:30:48.308,2024-04-09 17:30:48.308000+00:00
2024/04/09, 17:31:48.308,38.779,-72.443,11.08,54.42,55.22,10.21,9.5,9.6,1016.5,1016.5,0.0,0.0,0.03,0.01,308,314,4.1,6.4,93.2,93.3,4.2,4.7,284.3,314.5,1018.6,1018.6,889.74,315.02,2214.48,33.7216,10.0323,194.4,56.1,1488.474, NAN, NAN, NAN, NAN,,2024/04/09 17:31:48.308,2024-04-09 17:31:48.308000+00:00
2024/04/09, 17:32:48.308,38.781,-72.44,10.96,55.15,53.74,9.7,9.5,9.6,1016.6,1016.6,0.0,0.0,0.03,0.01,314,318,4.3,6.6,93.1,93.2,3.6,4.3,291.5,324.1,1018.7,1018.7,884.84,314.76,2218.43,33.7193,10.0193,198.0,56.3,1488.425, NAN, NAN, NAN, NAN,,2024/04/09 17:32:48.308,2024-04-09 17:32:48.308000+00:00
2024/04/09, 17:33:48.308,38.782,-72.438,10.81,53.94,56.95,9.95,9.6,9.6,1016.3,1016.5,0.0,0.0,0.03,0.01,309,315,3.9,6.2,93.1,93.2,4.2,4.6,284.4,314.9,1018.4,1018.6,896.91,314.76,2235.96,33.7166,10.029,198.4,56.0,1488.456, NAN, NAN, NAN, NAN,,2024/04/09 17:33:48.308,2024-04-09 17:33:48.308000+00:00
2024/04/09, 17:34:48.308,38.784,-72.435,10.88,54.58,55.04,10.01,9.6,9.6,1016.8,1016.6,0.0,0.0,0.03,0.01,308,315,4.3,6.6,93.2,93.2,4.3,4.8,288.8,318.8,1018.9,1018.7,891.6,314.9,2221.95,33.7189,10.0549,201.1,55.9,1488.552, NAN, NAN, NAN, NAN,,2024/04/09 17:34:48.308,2024-04-09 17:34:48.308000+00:00
2024/04/09, 17:35:48.309,38.785,-72.432,10.9,54.92,54.82,10.29,9.6,9.6,1016.5,1016.5,0.0,0.0,0.03,0.01,303,311,4.2,6.1,93.2,93.3,4.6,4.7,284.2,309.2,1018.6,1018.6,892.76,314.67,2240.05,33.715,10.0375,198.0,55.4,1488.485, NAN, NAN, NAN, NAN,,2024/04/09 17:35:48.309,2024-04-09 17:35:48.309000+00:00
2024/04/09, 17:36:48.309,38.787,-72.429,10.95,53.73,55.12,9.9,9.6,9.6,1016.6,1016.5,0.0,0.0,0.03,0.01,306,312,4.2,6.4,93.1,93.2,4.4,5.0,287.2,314.4,1018.7,1018.6,877.32,314.43,2211.24,33.717,10.0259,195.0,55.6,1488.446, NAN, NAN, NAN, NAN,,2024/04/09 17:36:48.309,2024-04-09 17:36:48.309000+00:00
2024/04/09, 17:37:48.309,38.789,-72.426,10.98,54.8,57.11,10.18,9.6,9.7,1016.3,1016.3,0.0,0.0,0.03,0.01,313,317,4.2,6.7,93.2,93.3,4.0,4.7,288.5,320.8,1018.4,1018.4,898.37,314.72,2252.95,33.7146,10.0438,197.1,55.3,1488.507, NAN, NAN, NAN, NAN,,2024/04/09 17:37:48.309,2024-04-09 17:37:48.309000+00:00
2024/04/09, 17:38:48.309,38.79,-72.423,10.75,54.54,55.21,9.97,9.7,9.7,1016.5,1016.3,0.0,0.0,0.03,0.01,313,316,4.1,6.3,93.2,93.2,3.8,4.5,287.2,316.9,1018.6,1018.4,893.85,314.7,2252.66,33.7109,10.0241,199.2,55.4,1488.432, NAN, NAN, NAN, NAN,,2024/04/09 17:38:48.309,2024-04-09 17:38:48.309000+00:00
2024/04/09, 17:39:48.309,38.792,-72.42,10.89,54.51,55.02,10.17,9.7,9.7,1016.3,1016.3,0.0,0.0,0.03,0.01,317,319,4.1,6.5,93.2,93.3,3.6,4.2,285.7,320.2,1018.4,1018.4,853.79,314.62,2160.02,33.7109,10.0315,198.9,55.4,1488.458, NAN, NAN, NAN, NAN,,2024/04/09 17:39:48.309,2024-04-09 17:39:48.309000+00:00
2024/04/09, 17:40:48.309,38.793,-72.417,10.87,54.54,54.49,10.07,9.7,9.7,1016.6,1016.5,0.0,0.0,0.03,0.01,314,319,4.1,6.4,93.2,93.3,3.8,4.3,286.7,319.9,1018.7,1018.6,902.81,315.33,2266.68,33.7077,10.033,201.4,55.2,1488.46, NAN, NAN, NAN, NAN,,2024/04/09 17:40:48.309,2024-04-09 17:40:48.309000+00:00
2024/04/09, 17:41:48.309,38.795,-72.414,10.9,54.24,57.22,10.42,9.7,9.7,1016.4,1016.2,0.0,0.0,0.03,0.01,317,318,4.3,6.7,93.3,93.4,3.9,4.7,289.4,319.7,1018.5,1018.3,901.06,315.35,2250.64,33.7052,10.0227,200.4,55.0,1488.42, NAN, NAN, NAN, NAN,,2024/04/09 17:41:48.309,2024-04-09 17:41:48.309000+00:00
2024/04/09, 17:42:48.309,38.797,-72.411,10.97,54.02,53.51,10.11,9.7,9.7,1016.6,1016.5,0.0,0.0,0.03,0.01,321,322,4.3,6.7,93.1,93.2,3.2,4.1,289.1,325.2,1018.7,1018.6,903.21,315.39,2266.5,33.704,10.0127,197.1,55.2,1488.382, NAN, NAN, NAN, NAN,,2024/04/09 17:42:48.309,2024-04-09 17:42:48.309000+00:00
2024/04/09, 17:43:48.309,38.798,-72.408,11.05,54.52,54.67,10.34,9.7,9.8,1016.5,1016.3,0.0,0.0,0.03,0.01,322,321,4.5,6.7,93.1,93.1,3.4,4.3,292.8,323.1,1018.6,1018.4,893.43,315.03,2256.39,33.7026,10.0168,195.2,55.7,1488.395, NAN, NAN, NAN, NAN,,2024/04/09 17:43:48.309,2024-04-09 17:43:48.309000+00:00
2024/04/09, 17:44:48.309,38.8,-72.405,10.93,54.95,53.88,9.96,9.8,9.8,1016.6,1016.5,0.0,0.0,0.03,0.01,320,320,4.8,7.4,93.1,93.2,3.4,4.8,299.7,331.6,1018.7,1018.6,877.35,314.45,2208.74,33.6996,10.0393,196.2,55.7,1488.473, NAN, NAN, NAN, NAN,,2024/04/09 17:44:48.309,2024-04-09 17:44:48.309000+00:00
2024/04/09, 17:45:48.309,38.802,-72.402,10.9,54.7,56.55,10.5,9.8,9.8,1016.3,1016.2,0.0,0.0,0.03,0.01,322,321,4.7,7.1,93.0,93.2,3.5,4.6,295.8,326.2,1018.4,1018.3,876.46,314.72,2226.15,33.6973,10.0466,195.6,55.5,1488.496, NAN, NAN, NAN, NAN,,2024/04/09 17:45:48.309,2024-04-09 17:45:48.309000+00:00
2024/04/09, 17:46:48.309,38.803,-72.399,11.09,54.83,54.86,10.34,9.8,9.8,1016.3,1016.3,0.0,0.0,0.03,0.01,322,321,4.9,7.2,92.9,93.0,3.4,4.6,299.3,328.4,1018.4,1018.4,887.2,314.53,2242.36,33.697,10.0189,192.5,56.1,1488.396, NAN, NAN, NAN, NAN,,2024/04/09 17:46:48.309,2024-04-09 17:46:48.309000+00:00
2024/04/09, 17:47:48.309,38.805,-72.396,10.97,53.53,51.97,10.32,9.8,9.8,1016.4,1016.1,0.0,0.0,0.03,0.01,320,321,5.0,7.4,93.0,93.0,3.5,4.7,298.7,329.0,1018.5,1018.2,888.09,314.69,2252.02,33.6971,9.9848,192.8,55.7,1488.273, NAN, NAN, NAN, NAN,,2024/04/09 17:47:48.309,2024-04-09 17:47:48.309000+00:00
2024/04/09, 17:48:48.309,38.806,-72.393,11.08,54.96,56.17,10.05,9.8,9.8,1016.4,1016.3,0.0,0.0,0.03,0.01,321,322,4.8,7.3,92.9,93.0,3.4,4.6,300.2,332.3,1018.5,1018.4,888.68,314.41,2247.74,33.6927,9.9832,193.7,56.1,1488.262, NAN, NAN, NAN, NAN,,2024/04/09 17:48:48.309,2024-04-09 17:48:48.309000+00:00
2024/04/09, 17:49:48.309,38.808,-72.39,10.93,54.55,54.9,10.14,9.8,9.8,1016.5,1016.7,0.0,0.0,0.03,0.01,319,320,4.8,7.2,93.0,93.1,3.6,4.7,298.2,328.3,1018.6,1018.8,864.87,314.09,2184.81,33.6919,9.985,195.9,55.9,1488.268, NAN, NAN, NAN, NAN,,2024/04/09 17:49:48.309,2024-04-09 17:49:48.309000+00:00
2024/04/09, 17:50:48.309,38.81,-72.387,11.03,53.88,57.59,10.26,9.8,9.8,1016.3,1016.2,0.0,0.0,0.03,0.01,325,323,5.0,7.4,93.0,93.1,3.2,4.6,302.3,331.8,1018.4,1018.3,872.55,314.5,2208.58,33.6924,9.9818,196.8,56.0,1488.257, NAN, NAN, NAN, NAN,,2024/04/09 17:50:48.309,2024-04-09 17:50:48.309000+00:00
2024/04/09, 17:51:48.310,38.811,-72.384,10.83,55.52,55.79,10.19,9.8,9.8,1016.4,1016.2,0.0,0.0,0.03,0.01,324,323,4.8,7.8,93.1,93.2,3.2,4.9,300.7,337.2,1018.5,1018.3,859.27,314.24,2196.09,33.6991,9.9786,194.7,55.8,1488.254, NAN, NAN, NAN, NAN,,2024/04/09 17:51:48.310,2024-04-09 17:51:48.310000+00:00
2024/04/09, 17:52:48.310,38.813,-72.381,10.84,55.24,57.11,10.07,9.8,9.8,1016.3,1016.3,0.0,0.0,0.03,0.01,324,322,5.1,7.7,93.2,93.3,3.1,4.8,305.5,336.0,1018.4,1018.4,882.17,314.37,2238.92,33.6968,9.9783,196.5,55.9,1488.25, NAN, NAN, NAN, NAN,,2024/04/09 17:52:48.310,2024-04-09 17:52:48.310000+00:00
2024/04/09, 17:53:48.310,38.814,-72.378,10.89,55.39,53.48,10.26,9.8,9.9,1016.1,1016.2,0.0,0.0,0.03,0.01,324,323,5.0,7.5,93.2,93.2,3.1,4.5,302.2,334.6,1018.2,1018.3,876.34,314.35,2242.82,33.6914,9.9443,195.6,56.1,1488.12, NAN, NAN, NAN, NAN,,2024/04/09 17:53:48.310,2024-04-09 17:53:48.310000+00:00
2024/04/09, 17:54:48.310,38.816,-72.375,10.84,53.98,53.46,10.23,9.8,9.9,1016.3,1016.2,0.0,0.0,0.03,0.01,322,323,5.3,7.9,93.2,93.3,3.5,4.9,306.0,336.3,1018.4,1018.3,885.9,314.3,2243.39,33.6934,9.9683,196.2,55.9,1488.209, NAN, NAN, NAN, NAN,,2024/04/09 17:54:48.310,2024-04-09 17:54:48.310000+00:00
2024/04/09, 17:55:48.310,38.818,-72.372,10.81,55.29,52.95,10.4,9.9,9.9,1016.1,1016.0,0.0,0.0,0.03,0.01,323,322,5.4,8.0,93.1,93.3,3.4,5.0,307.6,336.3,1018.2,1018.1,879.63,314.72,2240.66,33.6959,9.9478,197.1,55.4,1488.139, NAN, NAN, NAN, NAN,,2024/04/09 17:55:48.310,2024-04-09 17:55:48.310000+00:00
2024/04/09, 17:56:48.310,38.819,-72.369,10.91,54.52,53.48,10.24,9.9,9.9,1016.3,1016.0,0.0,0.0,0.03,0.01,327,325,5.1,7.4,93.3,93.3,2.9,4.3,304.7,335.3,1018.4,1018.1,857.67,314.49,2201.04,33.6991,9.9164,197.7,55.6,1488.029, NAN, NAN, NAN, NAN,,2024/04/09 17:56:48.310,2024-04-09 17:56:48.310000+00:00
2024/04/09, 17:57:48.310,38.821,-72.366,10.98,55.03,55.22,10.3,9.9,9.9,1016.0,1016.1,0.0,0.0,0.03,0.01,327,326,4.7,7.0,93.2,93.3,2.9,3.9,296.9,332.5,1018.1,1018.2,842.35,314.39,2170.86,33.6982,9.9403,199.2,55.9,1488.114, NAN, NAN, NAN, NAN,,2024/04/09 17:57:48.310,2024-04-09 17:57:48.310000+00:00
2024/04/09, 17:58:48.310,38.823,-72.363,10.98,54.54,52.08,10.33,9.9,9.9,1016.2,1016.1,0.0,0.0,0.03,0.01,324,323,5.1,7.4,93.2,93.2,3.1,4.3,302.0,332.5,1018.3,1018.2,872.02,314.69,2238.49,33.6986,9.9574,198.6,55.8,1488.176, NAN, NAN, NAN, NAN,,2024/04/09 17:58:48.310,2024-04-09 17:58:48.310000+00:00
2024/04/09, 17:59:48.310,38.824,-72.36,10.94,54.25,57.44,10.56,9.9,9.9,1016.1,1016.1,0.0,0.0,0.03,0.01,328,324,5.0,7.5,93.1,93.2,3.0,4.6,301.2,332.3,1018.2,1018.2,874.39,314.83,2219.43,33.7026,9.9594,198.4,56.2,1488.189, NAN, NAN, NAN, NAN,,2024/04/09 17:59:48.310,2024-04-09 17:59:48.310000+00:00
2024/04/09, 18:00:48.310,38.826,-72.357,10.98,55.29,56.84,10.21,9.9,9.9,1016.1,1016.1,0.0,0.0,0.03,0.01,330,327,5.0,7.0,93.2,93.2,2.8,4.0,306.1,334.3,1018.2,1018.2,859.26,314.97,2188.82,33.7022,9.988,199.2,55.9,1488.291, NAN, NAN, NAN, NAN,,2024/04/09 18:00:48.310,2024-04-09 18:00:48.310000+00:00
2024/04/09, 18:01:48.310,38.828,-72.354,10.97,54.62,53.0,10.07,9.9,9.9,1016.1,1016.2,0.0,0.0,0.03,0.01,329,326,4.8,6.5,93.2,93.3,2.6,3.5,300.4,328.1,1018.2,1018.3,888.43,315.22,2262.08,33.7042,10.0711,204.8,55.9,1488.593, NAN, NAN, NAN, NAN,,2024/04/09 18:01:48.310,2024-04-09 18:01:48.310000+00:00
2024/04/09, 18:02:48.310,38.829,-72.351,10.86,54.85,56.31,10.37,9.9,9.9,1016.3,1016.1,0.0,0.0,0.03,0.01,329,326,5.0,7.2,93.3,93.3,2.9,4.2,303.5,333.7,1018.4,1018.2,881.1,315.26,2247.27,33.7085,10.1,204.1,55.9,1488.702, NAN, NAN, NAN, NAN,,2024/04/09 18:02:48.310,2024-04-09 18:02:48.310000+00:00
2024/04/09, 18:03:48.310,38.831,-72.348,10.77,54.35,52.5,10.25,9.9,10.0,1016.1,1016.0,0.0,0.0,0.03,0.01,322,322,5.1,7.5,93.3,93.3,3.3,4.6,302.2,332.4,1018.2,1018.1,877.28,315.37,2246.52,33.7112,10.1376,199.2,55.9,1488.84, NAN, NAN, NAN, NAN,,2024/04/09 18:03:48.310,2024-04-09 18:03:48.310000+00:00
2024/04/09, 18:04:48.310,38.833,-72.345,10.63,47.03,48.93,9.9,9.9,10.0,1016.1,1016.2,0.0,0.0,0.03,0.01,329,326,5.0,6.9,93.3,93.3,3.0,4.2,301.5,325.8,1018.2,1018.3,869.9,315.42,2229.45,33.7054,10.1802,197.1,56.2,1488.986, NAN, NAN, NAN, NAN,,2024/04/09 18:04:48.310,2024-04-09 18:04:48.310000+00:00
2024/04/09, 18:05:48.310,38.834,-72.343,10.66,47.38,47.08,10.29,9.9,10.0,1016.2,1016.1,0.0,0.0,0.03,0.01,331,327,5.0,7.3,93.1,93.2,2.6,4.1,296.6,329.2,1018.3,1018.2,803.47,314.8,2074.24,33.7042,10.1891,193.2,55.8,1489.016, NAN, NAN, NAN, NAN,,2024/04/09 18:05:48.310,2024-04-09 18:05:48.310000+00:00
2024/04/09, 18:06:48.310,38.836,-72.34,10.84,47.71,47.92,10.38,10.0,10.0,1016.1,1016.1,0.0,0.0,0.03,0.01,333,328,5.0,6.8,93.3,93.4,2.5,3.7,297.1,324.4,1018.2,1018.2,853.13,315.25,2202.03,33.7015,10.1716,190.4,55.9,1488.95, NAN, NAN, NAN, NAN,,2024/04/09 18:06:48.310,2024-04-09 18:06:48.310000+00:00
2024/04/09, 18:07:48.311,38.838,-72.337,10.91,47.44,46.07,10.44,10.0,10.0,1016.1,1015.9,0.0,0.0,0.03,0.01,329,326,5.0,7.1,93.2,93.3,2.7,3.9,293.9,325.1,1018.2,1018.0,863.18,315.51,2221.66,33.6997,10.1593,191.9,56.1,1488.904, NAN, NAN, NAN, NAN,,2024/04/09 18:07:48.311,2024-04-09 18:07:48.311000+00:00
2024/04/09, 18:08:48.311,38.84,-72.335,10.78,48.13,50.35,10.19,10.0,10.0,1016.2,1016.1,0.0,0.0,0.03,0.01,331,327,5.0,7.0,93.2,93.2,2.7,4.0,299.4,327.3,1018.3,1018.2,855.7,315.11,2226.08,33.7008,10.1381,194.7,56.1,1488.829, NAN, NAN, NAN, NAN,,2024/04/09 18:08:48.311,2024-04-09 18:08:48.311000+00:00
2024/04/09, 18:09:48.311,38.842,-72.332,10.86,47.7,49.2,10.03,10.0,10.0,1016.2,1016.1,0.0,0.0,0.03,0.01,329,326,5.1,7.3,93.3,93.4,2.7,4.1,300.8,330.2,1018.3,1018.2,870.3,315.04,2225.77,33.6937,10.1454,192.2,55.9,1488.847, NAN, NAN, NAN, NAN,,2024/04/09 18:09:48.311,2024-04-09 18:09:48.311000+00:00
2024/04/09, 18:10:48.311,38.844,-72.329,10.75,48.24,50.26,10.26,10.0,10.0,1016.3,1016.3,0.0,0.0,0.03,0.01,333,329,4.7,6.4,93.4,93.4,2.5,3.4,292.4,321.8,1018.4,1018.4,854.06,315.16,2210.56,33.6905,10.1591,195.6,56.1,1488.892, NAN, NAN, NAN, NAN,,2024/04/09 18:10:48.311,2024-04-09 18:10:48.311000+00:00
2024/04/09, 18:11:48.311,38.846,-72.327,10.9,47.81,47.16,10.24,10.0,10.0,1016.3,1016.2,0.0,0.0,0.03,0.01,331,327,4.7,6.7,93.4,93.4,2.5,3.6,290.5,323.5,1018.4,1018.3,862.31,315.06,2216.6,33.6892,10.1837,195.9,56.3,1488.979, NAN, NAN, NAN, NAN,,2024/04/09 18:11:48.311,2024-04-09 18:11:48.311000+00:00
2024/04/09, 18:12:48.311,38.848,-72.324,10.88,46.99,48.86,10.04,10.0,10.0,1016.2,1016.1,0.0,0.0,0.03,0.01,323,322,4.6,7.0,93.4,93.4,3.2,4.4,289.6,321.6,1018.3,1018.2,869.48,314.86,2215.15,33.6712,10.1889,195.0,56.4,1488.975, NAN, NAN, NAN, NAN,,2024/04/09 18:12:48.311,2024-04-09 18:12:48.311000+00:00
2024/04/09, 18:13:48.311,38.85,-72.321,10.88,47.73,46.83,10.34,10.0,10.0,1016.3,1016.1,0.0,0.0,0.03,0.01,325,324,4.4,6.7,93.4,93.4,3.0,3.8,282.6,319.3,1018.4,1018.2,857.55,314.85,2208.7,33.6848,10.1691,193.2,56.3,1488.921, NAN, NAN, NAN, NAN,,2024/04/09 18:13:48.311,2024-04-09 18:13:48.311000+00:00
2024/04/09, 18:14:48.311,38.852,-72.318,10.85,48.24,48.33,10.21,10.0,10.0,1016.2,1016.1,0.0,0.0,0.03,0.01,326,324,4.6,6.7,93.4,93.4,2.9,3.9,288.8,320.8,1018.3,1018.2,870.66,315.06,2234.19,33.6777,10.1492,193.5,56.3,1488.841, NAN, NAN, NAN, NAN,,2024/04/09 18:14:48.311,2024-04-09 18:14:48.311000+00:00
2024/04/09, 18:15:48.311,38.854,-72.316,10.79,47.88,47.03,9.93,10.0,10.0,1016.1,1016.1,0.0,0.0,0.03,0.01,320,319,4.8,7.2,93.4,93.4,3.3,4.6,292.3,322.0,1018.2,1018.2,874.89,314.71,2232.58,33.6768,10.1372,197.1,56.3,1488.797, NAN, NAN, NAN, NAN,,2024/04/09 18:15:48.311,2024-04-09 18:15:48.311000+00:00
2024/04/09, 18:16:48.311,38.856,-72.313,10.77,48.37,47.56,10.04,10.0,10.0,1016.1,1016.1,0.0,0.0,0.03,0.01,326,324,4.5,7.0,93.3,93.3,2.9,4.1,288.7,325.3,1018.2,1018.2,875.24,314.53,2235.74,33.6765,10.1256,198.6,56.1,1488.755, NAN, NAN, NAN, NAN,,2024/04/09 18:16:48.311,2024-04-09 18:16:48.311000+00:00
2024/04/09, 18:17:48.311,38.857,-72.31,10.72,47.85,46.03,10.09,10.0,10.0,1016.1,1016.1,0.0,0.0,0.03,0.01,330,328,4.7,6.4,93.2,93.3,2.5,3.3,291.4,322.1,1018.2,1018.2,875.41,314.77,2228.98,33.6752,10.1396,201.7,56.1,1488.803, NAN, NAN, NAN, NAN,,2024/04/09 18:17:48.311,2024-04-09 18:17:48.311000+00:00
2024/04/09, 18:18:48.311,38.859,-72.308,10.86,47.58,47.57,10.35,10.0,10.1,1016.1,1016.0,0.0,0.0,0.03,0.01,323,322,5.1,7.4,93.4,93.5,3.3,4.6,295.4,324.0,1018.2,1018.1,870.03,313.73,2215.01,33.6719,10.145,203.8,56.5,1488.819, NAN, NAN, NAN, NAN,,2024/04/09 18:18:48.311,2024-04-09 18:18:48.311000+00:00
2024/04/09, 18:19:48.311,38.861,-72.305,10.81,48.18,48.1,10.14,10.1,10.1,1016.1,1016.1,0.0,0.0,0.03,0.01,324,323,4.9,7.4,93.5,93.5,3.0,4.4,294.0,327.3,1018.2,1018.2,863.47,314.27,2201.53,33.6711,10.1275,201.1,56.5,1488.755, NAN, NAN, NAN, NAN,,2024/04/09 18:19:48.311,2024-04-09 18:19:48.311000+00:00
2024/04/09, 18:20:48.311,38.863,-72.302,10.67,47.47,46.48,10.09,10.1,10.1,1016.1,1016.3,0.0,0.0,0.03,0.01,329,326,4.6,6.8,93.4,93.4,2.6,3.8,289.3,324.3,1018.2,1018.4,856.27,314.02,2184.29,33.6775,10.0919,199.6,56.2,1488.635, NAN, NAN, NAN, NAN,,2024/04/09 18:20:48.311,2024-04-09 18:20:48.311000+00:00
2024/04/09, 18:21:48.311,38.865,-72.3,10.83,47.31,47.34,10.4,10.1,10.1,1016.3,1016.3,0.0,0.0,0.03,0.01,327,325,4.5,7.1,93.3,93.4,2.9,4.0,284.0,324.0,1018.4,1018.4,852.03,314.19,2173.83,33.6678,10.0657,203.2,56.7,1488.529, NAN, NAN, NAN, NAN,,2024/04/09 18:21:48.311,2024-04-09 18:21:48.311000+00:00
2024/04/09, 18:22:48.311,38.867,-72.297,10.79,48.23,46.17,10.19,10.1,10.1,1016.2,1016.1,0.0,0.0,0.03,0.01,326,324,4.7,6.9,93.2,93.3,2.9,4.0,290.7,323.2,1018.3,1018.2,852.38,314.44,2176.68,33.667,10.0528,202.6,56.3,1488.482, NAN, NAN, NAN, NAN,,2024/04/09 18:22:48.311,2024-04-09 18:22:48.311000+00:00
2024/04/09, 18:23:48.312,38.869,-72.294,10.76,47.93,44.14,10.17,10.1,10.1,1016.1,1016.1,0.0,0.0,0.03,0.01,324,323,4.8,7.3,93.1,93.2,3.0,4.3,291.1,326.1,1018.2,1018.2,852.18,314.28,2173.01,33.6723,10.037,208.1,56.1,1488.431, NAN, NAN, NAN, NAN,,2024/04/09 18:23:48.312,2024-04-09 18:23:48.312000+00:00
2024/04/09, 18:24:48.312,38.871,-72.292,10.81,47.27,46.38,10.12,10.1,10.1,1016.1,1016.1,0.0,0.0,0.03,0.01,322,322,4.7,7.0,93.1,93.1,3.2,4.3,289.4,321.5,1018.2,1018.2,863.53,313.94,2192.77,33.6682,10.0547,207.2,56.3,1488.49, NAN, NAN, NAN, NAN,,2024/04/09 18:24:48.312,2024-04-09 18:24:48.312000+00:00
2024/04/09, 18:25:48.312,38.873,-72.289,10.89,48.5,48.23,10.08,10.1,10.1,1016.2,1016.3,0.0,0.0,0.03,0.01,328,325,4.9,7.6,93.1,93.2,2.7,4.4,296.6,332.1,1018.3,1018.4,869.51,314.2,2203.82,33.6692,10.0772,205.3,56.2,1488.572, NAN, NAN, NAN, NAN,,2024/04/09 18:25:48.312,2024-04-09 18:25:48.312000+00:00
2024/04/09, 18:26:48.312,38.875,-72.286,10.75,47.64,47.9,10.32,10.1,10.1,1016.1,1015.9,0.0,0.0,0.03,0.01,328,324,5.1,7.2,92.9,93.0,2.8,4.2,297.2,324.8,1018.2,1018.0,868.54,314.19,2202.5,33.6676,10.051,202.6,55.7,1488.476, NAN, NAN, NAN, NAN,,2024/04/09 18:26:48.312,2024-04-09 18:26:48.312000+00:00
2024/04/09, 18:27:48.312,38.877,-72.284,10.73,47.52,47.77,10.13,10.1,10.1,1016.1,1016.1,0.0,0.0,0.03,0.01,329,325,5.0,7.2,92.9,93.0,2.7,4.1,297.4,327.2,1018.2,1018.2,870.29,314.2,2204.69,33.6759,10.027,199.9,55.6,1488.4, NAN, NAN, NAN, NAN,,2024/04/09 18:27:48.312,2024-04-09 18:27:48.312000+00:00
2024/04/09, 18:28:48.312,38.879,-72.281,10.86,47.36,45.73,10.46,10.1,10.1,1016.4,1016.2,0.0,0.0,0.03,0.01,327,325,4.9,7.3,92.8,92.7,2.8,4.1,290.6,325.9,1018.5,1018.3,867.7,314.11,2197.49,33.6713,10.0466,202.6,56.3,1488.464, NAN, NAN, NAN, NAN,,2024/04/09 18:28:48.312,2024-04-09 18:28:48.312000+00:00
2024/04/09, 18:29:48.312,38.88,-72.278,10.87,48.03,46.67,10.26,10.1,10.1,1016.4,1016.2,0.0,0.0,0.03,0.01,321,321,5.0,7.6,92.8,92.8,3.3,4.7,293.5,325.8,1018.5,1018.3,866.29,313.91,2198.39,33.6707,10.0323,203.5,56.1,1488.412, NAN, NAN, NAN, NAN,,2024/04/09 18:29:48.312,2024-04-09 18:29:48.312000+00:00
2024/04/09, 18:30:48.312,38.882,-72.276,10.81,47.45,46.04,10.14,10.1,10.1,1016.3,1016.3,0.0,0.0,0.03,0.01,324,322,5.2,7.6,92.7,92.8,3.1,4.7,298.8,327.0,1018.4,1018.4,864.65,313.74,2196.95,33.6748,10.0584,199.6,56.1,1488.511, NAN, NAN, NAN, NAN,,2024/04/09 18:30:48.312,2024-04-09 18:30:48.312000+00:00
2024/04/09, 18:31:48.312,38.884,-72.273,10.84,47.67,48.25,9.92,10.1,10.1,1016.5,1016.2,0.0,0.0,0.03,0.01,325,323,5.2,7.6,92.8,92.8,3.2,4.8,302.5,329.4,1018.6,1018.3,864.19,313.58,2199.32,33.6757,10.1139,201.4,56.1,1488.712, NAN, NAN, NAN, NAN,,2024/04/09 18:31:48.312,2024-04-09 18:31:48.312000+00:00
2024/04/09, 18:32:48.312,38.886,-72.271,10.74,48.12,46.89,10.16,10.1,10.1,1016.3,1016.3,0.0,0.0,0.03,0.01,327,325,5.4,8.0,92.8,92.9,3.0,4.8,304.8,334.3,1018.4,1018.4,858.89,313.77,2183.14,33.6784,10.0865,201.7,56.2,1488.617, NAN, NAN, NAN, NAN,,2024/04/09 18:32:48.312,2024-04-09 18:32:48.312000+00:00
2024/04/09, 18:33:48.312,38.888,-72.268,10.76,48.04,48.56,10.15,10.1,10.1,1016.2,1016.3,0.0,0.0,0.03,0.01,328,325,5.5,7.9,92.7,92.8,2.9,4.6,307.0,333.8,1018.3,1018.4,857.43,313.93,2193.94,33.6852,10.0428,197.4,56.2,1488.468, NAN, NAN, NAN, NAN,,2024/04/09 18:33:48.312,2024-04-09 18:33:48.312000+00:00
2024/04/09, 18:34:48.312,38.89,-72.265,10.66,48.01,45.98,9.72,10.1,10.1,1016.4,1016.2,0.0,0.0,0.03,0.01,328,325,5.5,7.8,92.8,92.9,2.9,4.7,311.4,335.4,1018.5,1018.3,860.6,313.62,2199.61,33.6872,10.042,198.0,56.0,1488.467, NAN, NAN, NAN, NAN,,2024/04/09 18:34:48.312,2024-04-09 18:34:48.312000+00:00
2024/04/09, 18:35:48.312,38.892,-72.263,10.63,47.33,47.42,10.01,10.1,10.1,1016.2,1016.1,0.0,0.0,0.03,0.01,329,326,5.2,7.5,92.8,93.0,2.8,4.4,303.1,331.6,1018.3,1018.2,858.33,314.09,2200.05,33.6955,10.0782,200.4,55.9,1488.608, NAN, NAN, NAN, NAN,,2024/04/09 18:35:48.312,2024-04-09 18:35:48.312000+00:00
2024/04/09, 18:36:48.312,38.894,-72.26,10.91,47.92,48.34,10.02,10.1,10.1,1016.3,1016.2,0.0,0.0,0.03,0.01,325,324,5.5,7.8,92.9,92.5,3.3,4.8,306.6,331.9,1018.4,1018.3,857.65,313.92,2213.17,33.6929,10.0511,200.1,56.1,1488.507, NAN, NAN, NAN, NAN,,2024/04/09 18:36:48.312,2024-04-09 18:36:48.312000+00:00
2024/04/09, 18:37:48.312,38.896,-72.257,10.88,47.48,51.42,10.22,10.1,10.1,1016.3,1016.3,0.0,0.0,0.03,0.01,323,322,5.7,8.3,92.5,92.6,3.7,5.4,306.5,331.2,1018.4,1018.4,863.48,313.56,2221.53,33.6964,10.003,195.9,56.6,1488.338, NAN, NAN, NAN, NAN,,2024/04/09 18:37:48.312,2024-04-09 18:37:48.312000+00:00
2024/04/09, 18:38:48.313,38.898,-72.254,10.86,47.79,46.94,10.24,10.1,10.1,1016.1,1016.1,0.0,0.0,0.03,0.01,328,325,5.0,7.3,92.4,92.5,2.7,4.1,295.9,327.7,1018.2,1018.2,861.92,314.03,2220.79,33.6993,9.9876,195.0,56.3,1488.286, NAN, NAN, NAN, NAN,,2024/04/09 18:38:48.313,2024-04-09 18:38:48.313000+00:00
2024/04/09, 18:39:48.313,38.899,-72.252,10.92,49.15,47.72,10.29,10.1,10.1,1016.5,1016.3,0.0,0.0,0.03,0.01,328,325,5.1,7.4,92.3,92.4,2.8,4.2,299.1,329.6,1018.6,1018.4,856.96,314.03,2215.86,33.6978,9.9216,196.5,56.4,1488.046, NAN, NAN, NAN, NAN,,2024/04/09 18:39:48.313,2024-04-09 18:39:48.313000+00:00
2024/04/09, 18:40:48.313,38.901,-72.249,10.86,47.72,47.67,10.09,10.1,10.1,1016.2,1016.3,0.0,0.0,0.03,0.01,325,324,5.1,7.5,92.3,92.4,3.1,4.5,298.6,329.1,1018.3,1018.4,856.63,314.15,2224.11,33.7005,9.873,197.7,56.1,1487.874, NAN, NAN, NAN, NAN,,2024/04/09 18:40:48.313,2024-04-09 18:40:48.313000+00:00
2024/04/09, 18:41:48.313,38.903,-72.246,10.82,47.13,41.98,10.23,10.1,10.1,1016.2,1016.3,0.0,0.0,0.03,0.01,325,323,4.9,7.5,92.4,92.4,2.9,4.4,291.7,326.8,1018.3,1018.4,852.51,313.88,2221.03,33.698,9.8584,201.1,55.8,1487.818, NAN, NAN, NAN, NAN,,2024/04/09 18:41:48.313,2024-04-09 18:41:48.313000+00:00
2024/04/09, 18:42:48.313,38.905,-72.244,10.97,47.11,47.96,10.37,10.1,10.1,1016.5,1016.5,0.0,0.0,0.03,0.01,320,321,5.1,7.7,92.0,92.1,3.6,5.0,294.1,324.7,1018.6,1018.6,852.1,313.87,2215.38,33.7009,9.8538,204.1,56.1,1487.805, NAN, NAN, NAN, NAN,,2024/04/09 18:42:48.313,2024-04-09 18:42:48.313000+00:00
2024/04/09, 18:43:48.313,38.907,-72.241,10.93,48.23,47.61,10.25,10.1,10.1,1016.2,1016.2,0.0,0.0,0.03,0.01,323,322,5.0,7.7,91.9,91.9,3.1,4.6,294.0,328.2,1018.3,1018.3,831.3,313.6,2184.55,33.7014,9.8578,209.6,56.0,1487.82, NAN, NAN, NAN, NAN,,2024/04/09 18:43:48.313,2024-04-09 18:43:48.313000+00:00
2024/04/09, 18:44:48.313,38.909,-72.238,10.79,48.13,48.03,10.54,10.1,10.1,1016.3,1016.3,0.0,0.0,0.03,0.01,324,323,4.6,7.1,91.5,91.7,3.2,4.3,286.1,321.5,1018.4,1018.4,826.87,313.76,2177.02,33.7063,9.875,209.3,56.0,1487.889, NAN, NAN, NAN, NAN,,2024/04/09 18:44:48.313,2024-04-09 18:44:48.313000+00:00
2024/04/09, 18:45:48.313,38.911,-72.236,10.91,47.6,48.88,10.2,10.1,10.1,1016.2,1016.2,0.0,0.0,0.03,0.01,321,321,5.0,7.6,91.6,91.6,3.5,4.9,294.6,325.4,1018.3,1018.3,842.64,313.55,2223.43,33.7085,9.9018,210.0,55.8,1487.988, NAN, NAN, NAN, NAN,,2024/04/09 18:45:48.313,2024-04-09 18:45:48.313000+00:00
2024/04/09, 18:46:48.313,38.913,-72.233,10.87,48.4,50.04,10.64,10.1,10.1,1016.3,1016.5,0.0,0.0,0.03,0.01,325,323,4.6,6.9,91.0,91.1,3.2,4.2,286.2,319.0,1018.4,1018.6,841.28,313.56,2226.67,33.707,9.9254,210.2,55.9,1488.071, NAN, NAN, NAN, NAN,,2024/04/09 18:46:48.313,2024-04-09 18:46:48.313000+00:00
2024/04/09, 18:47:48.313,38.915,-72.23,10.92,47.2,46.86,10.17,10.1,10.1,1016.3,1016.1,0.0,0.0,0.03,0.01,326,324,4.5,7.0,90.6,90.7,2.9,4.2,286.6,323.2,1018.4,1018.2,836.45,313.65,2221.07,33.7105,9.9067,208.1,56.0,1488.008, NAN, NAN, NAN, NAN,,2024/04/09 18:47:48.313,2024-04-09 18:47:48.313000+00:00
2024/04/09, 18:48:48.313,38.917,-72.227,10.93,47.88,46.97,10.5,10.1,10.1,1016.3,1016.4,0.0,0.0,0.03,0.01,323,321,4.5,7.0,90.7,90.8,3.3,4.4,284.4,318.4,1018.4,1018.5,825.52,312.86,2202.86,33.7079,9.8965,208.7,56.3,1487.968, NAN, NAN, NAN, NAN,,2024/04/09 18:48:48.313,2024-04-09 18:48:48.313000+00:00
2024/04/09, 18:49:48.313,38.919,-72.225,11.0,48.35,51.54,10.73,10.1,10.1,1016.5,1016.5,0.0,0.0,0.03,0.01,323,322,4.6,7.0,90.7,90.8,3.4,4.4,285.9,318.4,1018.6,1018.6,806.93,312.81,2151.38,33.7008,9.895,209.3,56.1,1487.954, NAN, NAN, NAN, NAN,,2024/04/09 18:49:48.313,2024-04-09 18:49:48.313000+00:00
2024/04/09, 18:50:48.313,38.921,-72.222,10.98,47.39,49.18,10.6,10.1,10.1,1016.3,1016.2,0.0,0.0,0.03,0.01,323,322,4.2,6.7,90.6,90.7,3.3,4.2,278.4,315.1,1018.4,1018.3,815.64,313.0,2187.45,33.693,9.8938,209.6,56.1,1487.94, NAN, NAN, NAN, NAN,,2024/04/09 18:50:48.313,2024-04-09 18:50:48.313000+00:00
2024/04/09, 18:51:48.313,38.923,-72.219,11.01,47.41,50.28,10.44,10.1,10.1,1016.2,1016.2,0.0,0.0,0.03,0.01,327,324,4.2,6.2,90.2,90.3,3.0,3.8,280.0,312.1,1018.3,1018.3,823.8,313.21,2212.05,33.6889,9.9054,213.6,56.2,1487.977, NAN, NAN, NAN, NAN,,2024/04/09 18:51:48.313,2024-04-09 18:51:48.313000+00:00
2024/04/09, 18:52:48.313,38.925,-72.216,11.04,48.47,49.69,10.62,10.0,10.1,1016.1,1016.3,0.0,0.0,0.03,0.01,324,323,4.0,6.5,90.3,90.4,3.2,3.9,274.4,314.5,1018.2,1018.4,827.0,313.21,2220.19,33.684,9.8947,212.0,56.1,1487.932, NAN, NAN, NAN, NAN,,2024/04/09 18:52:48.313,2024-04-09 18:52:48.313000+00:00
2024/04/09, 18:53:48.313,38.927,-72.214,11.05,47.84,48.45,10.61,10.0,10.0,1016.3,1016.2,0.0,0.0,0.03,0.01,328,325,3.8,6.2,90.5,90.6,3.0,3.6,269.6,311.8,1018.4,1018.3,827.93,313.08,2230.13,33.6828,9.8866,206.0,56.3,1487.902, NAN, NAN, NAN, NAN,,2024/04/09 18:53:48.313,2024-04-09 18:53:48.313000+00:00
2024/04/09, 18:54:48.314,38.929,-72.211,11.09,47.96,50.02,10.39,10.0,10.0,1016.1,1016.2,0.0,0.0,0.03,0.01,326,325,3.7,6.0,90.3,90.6,3.1,3.5,271.3,311.1,1018.2,1018.3,827.71,313.22,2234.94,33.684,9.8525,209.6,56.4,1487.78, NAN, NAN, NAN, NAN,,2024/04/09 18:54:48.314,2024-04-09 18:54:48.314000+00:00
2024/04/09, 18:55:48.314,38.931,-72.208,11.04,48.0,47.53,10.62,10.0,10.0,1016.3,1016.1,0.0,0.0,0.03,0.01,332,327,3.5,5.6,90.3,90.5,2.8,3.0,260.7,303.4,1018.4,1018.2,823.76,313.52,2230.38,33.6802,9.834,208.7,56.3,1487.709, NAN, NAN, NAN, NAN,,2024/04/09 18:55:48.314,2024-04-09 18:55:48.314000+00:00
2024/04/09, 18:56:48.314,38.933,-72.205,10.95,48.37,50.16,10.58,10.0,10.0,1016.1,1016.1,0.0,0.0,0.03,0.01,332,329,3.5,5.2,90.2,90.3,2.9,2.9,264.0,298.5,1018.2,1018.2,820.82,313.24,2230.69,33.6795,9.7994,211.7,56.2,1487.582, NAN, NAN, NAN, NAN,,2024/04/09 18:56:48.314,2024-04-09 18:56:48.314000+00:00
2024/04/09, 18:57:48.314,38.935,-72.203,10.96,47.83,49.87,10.6,10.0,10.0,1016.3,1016.1,0.0,0.0,0.03,0.01,325,324,4.0,6.1,90.4,90.5,3.3,3.8,276.3,310.1,1018.4,1018.2,817.4,312.52,2228.11,33.6795,9.7876,216.0,56.1,1487.54, NAN, NAN, NAN, NAN,,2024/04/09 18:57:48.314,2024-04-09 18:57:48.314000+00:00
2024/04/09, 18:58:48.314,38.937,-72.2,10.97,48.5,49.65,10.41,9.9,10.0,1016.0,1015.8,0.0,0.0,0.03,0.01,330,326,4.2,6.4,90.4,90.4,2.8,3.7,281.5,317.9,1018.1,1017.9,816.65,312.12,2234.09,33.6791,9.6783,215.7,55.8,1487.143, NAN, NAN, NAN, NAN,,2024/04/09 18:58:48.314,2024-04-09 18:58:48.314000+00:00
2024/04/09, 18:59:48.314,38.939,-72.197,10.97,47.86,44.95,10.67,9.9,10.0,1016.2,1016.2,0.0,0.0,0.03,0.01,328,327,4.2,6.2,90.3,90.3,2.9,3.3,276.5,313.0,1018.3,1018.3,818.31,312.15,2234.28,33.6789,9.5934,217.2,56.2,1486.834, NAN, NAN, NAN, NAN,,2024/04/09 18:59:48.314,2024-04-09 18:59:48.314000+00:00
2024/04/09, 19:00:48.314,38.941,-72.194,10.89,48.45,49.88,10.54,9.9,10.0,1016.2,1016.1,0.0,0.0,0.03,0.01,329,326,4.7,6.9,90.3,90.4,2.9,4.0,289.9,322.8,1018.3,1018.2,817.98,312.04,2243.56,33.6753,9.5805,220.0,55.9,1486.783, NAN, NAN, NAN, NAN,,2024/04/09 19:00:48.314,2024-04-09 19:00:48.314000+00:00
2024/04/09, 19:01:48.314,38.942,-72.191,10.87,47.77,51.0,10.64,9.9,10.0,1016.2,1016.1,0.0,0.0,0.03,0.01,332,328,4.7,7.0,90.4,90.5,2.8,4.0,289.3,324.6,1018.3,1018.2,816.05,312.0,2248.63,33.6758,9.7434,218.8,56.3,1487.375, NAN, NAN, NAN, NAN,,2024/04/09 19:01:48.314,2024-04-09 19:01:48.314000+00:00
2024/04/09, 19:02:48.314,38.944,-72.188,10.99,47.74,49.05,10.66,9.9,9.9,1016.2,1016.1,0.0,0.0,0.03,0.01,333,328,4.6,6.6,90.6,90.4,2.6,3.6,285.5,319.6,1018.3,1018.2,813.7,312.12,2250.12,33.6784,9.9285,218.4,56.1,1488.048, NAN, NAN, NAN, NAN,,2024/04/09 19:02:48.314,2024-04-09 19:02:48.314000+00:00
2024/04/09, 19:03:48.314,38.946,-72.186,11.11,48.51,50.1,10.74,9.9,9.9,1016.1,1016.1,0.0,0.0,0.03,0.01,332,329,4.6,6.5,90.7,90.7,2.8,3.5,286.6,319.4,1018.2,1018.2,785.51,312.33,2187.78,33.6825,9.9575,207.5,56.1,1488.157, NAN, NAN, NAN, NAN,,2024/04/09 19:03:48.314,2024-04-09 19:03:48.314000+00:00
2024/04/09, 19:04:48.314,38.948,-72.183,11.03,49.73,51.32,10.82,9.9,9.9,1016.2,1016.1,0.0,0.0,0.03,0.01,332,329,4.6,6.6,90.7,90.7,2.7,3.5,285.6,321.3,1018.3,1018.2,810.74,312.74,2254.67,33.6883,10.0249,196.8,56.1,1488.407, NAN, NAN, NAN, NAN,,2024/04/09 19:04:48.314,2024-04-09 19:04:48.314000+00:00
2024/04/09, 19:05:48.314,38.95,-72.18,10.79,48.94,49.13,10.7,9.9,9.9,1016.1,1015.9,0.0,0.0,0.03,0.01,333,329,4.7,6.2,90.7,90.7,2.6,3.3,288.3,315.7,1018.2,1018.0,814.08,313.06,2262.98,33.6865,10.2119,196.2,56.3,1489.076, NAN, NAN, NAN, NAN,,2024/04/09 19:05:48.314,2024-04-09 19:05:48.314000+00:00
2024/04/09, 19:06:48.314,38.952,-72.177,10.89,46.94,44.24,10.43,9.9,9.9,1016.0,1016.0,0.0,0.0,0.03,0.01,333,329,4.9,6.5,90.7,90.5,2.4,3.3,292.4,320.6,1018.1,1018.1,809.1,312.49,2266.57,33.6991,10.4172,199.2,56.3,1489.825, NAN, NAN, NAN, NAN,,2024/04/09 19:06:48.314,2024-04-09 19:06:48.314000+00:00
2024/04/09, 19:07:48.314,38.954,-72.174,11.0,49.1,48.49,10.47,9.9,9.9,1016.1,1016.1,0.0,0.0,0.03,0.01,333,328,4.7,6.8,90.4,90.4,2.4,3.5,288.7,325.4,1018.2,1018.2,808.93,312.99,2272.46,33.7311,10.7987,197.1,56.6,1491.217, NAN, NAN, NAN, NAN,,2024/04/09 19:07:48.314,2024-04-09 19:07:48.314000+00:00
2024/04/09, 19:08:48.314,38.956,-72.171,10.85,49.04,48.68,10.43,9.9,9.9,1015.9,1015.9,0.0,0.0,0.03,0.01,333,328,4.6,6.9,90.5,90.4,2.5,3.7,288.1,326.7,1018.0,1018.0,809.21,312.85,2274.94,33.7646,10.9946,197.4,56.9,1491.947, NAN, NAN, NAN, NAN,,2024/04/09 19:08:48.314,2024-04-09 19:08:48.314000+00:00
2024/04/09, 19:09:48.314,38.958,-72.168,10.91,48.69,50.62,10.31,9.9,9.9,1016.0,1016.1,0.0,0.0,0.03,0.01,333,328,4.8,7.0,90.4,90.4,2.5,3.9,294.7,328.2,1018.1,1018.2,802.3,312.78,2266.37,33.8776,10.9223,202.6,56.6,1491.829, NAN, NAN, NAN, NAN,,2024/04/09 19:09:48.314,2024-04-09 19:09:48.314000+00:00
2024/04/09, 19:10:48.315,38.959,-72.166,10.89,48.15,51.55,10.44,9.8,9.9,1016.1,1016.1,0.0,0.0,0.03,0.01,334,328,4.5,6.3,90.4,90.4,2.5,3.5,286.2,317.8,1018.2,1018.2,797.02,313.26,2264.59,33.9472,10.8105,206.3,56.9,1491.52, NAN, NAN, NAN, NAN,,2024/04/09 19:10:48.315,2024-04-09 19:10:48.315000+00:00
2024/04/09, 19:11:48.315,38.961,-72.163,10.74,48.23,48.52,10.23,9.8,9.9,1015.9,1015.9,0.0,0.0,0.03,0.01,332,328,4.7,6.5,90.5,90.5,2.5,3.4,291.4,322.5,1018.0,1018.0,769.65,313.28,2252.23,33.9578,10.7144,210.2,56.8,1491.193, NAN, NAN, NAN, NAN,,2024/04/09 19:11:48.315,2024-04-09 19:11:48.315000+00:00
2024/04/09, 19:12:48.315,38.963,-72.16,10.87,48.49,48.03,10.17,9.8,9.8,1015.9,1015.9,0.0,0.0,0.03,0.01,332,327,4.6,6.4,90.6,90.6,2.5,3.5,290.5,320.8,1018.0,1018.0,820.83,314.03,2323.43,34.0002,10.6196,216.9,56.8,1490.909, NAN, NAN, NAN, NAN,,2024/04/09 19:12:48.315,2024-04-09 19:12:48.315000+00:00
2024/04/09, 19:13:48.315,38.965,-72.157,10.86,48.35,49.47,10.13,9.8,9.8,1015.9,1015.8,0.0,0.0,0.03,0.01,333,330,4.3,5.7,90.6,90.6,2.5,3.0,284.8,313.2,1018.0,1017.9,820.16,314.89,2332.73,33.9977,10.5356,229.6,56.9,1490.608, NAN, NAN, NAN, NAN,,2024/04/09 19:13:48.315,2024-04-09 19:13:48.315000+00:00
2024/04/09, 19:14:48.315,38.967,-72.155,10.9,48.84,45.86,10.2,9.8,9.8,1016.0,1015.8,0.0,0.0,0.03,0.01,332,328,4.6,6.3,90.6,90.6,2.5,3.3,290.2,320.6,1018.1,1017.9,807.68,314.33,2312.16,33.9649,10.5021,237.2,56.7,1490.449, NAN, NAN, NAN, NAN,,2024/04/09 19:14:48.315,2024-04-09 19:14:48.315000+00:00
2024/04/09, 19:15:48.315,38.969,-72.152,10.89,47.42,46.75,9.97,9.8,9.8,1016.2,1015.9,0.0,0.0,0.03,0.01,333,329,4.7,6.7,90.7,90.6,2.4,3.6,294.7,327.3,1018.3,1018.0,807.26,314.46,2322.27,33.9423,10.4891,240.0,56.8,1490.376, NAN, NAN, NAN, NAN,,2024/04/09 19:15:48.315,2024-04-09 19:15:48.315000+00:00
2024/04/09, 19:16:48.315,38.971,-72.149,10.86,49.14,48.65,10.36,9.7,9.8,1015.9,1015.9,0.0,0.0,0.03,0.01,335,331,4.7,5.8,90.6,90.6,2.3,2.9,291.6,314.1,1018.0,1018.0,807.75,314.54,2332.59,33.9467,10.4893,244.0,56.9,1490.382, NAN, NAN, NAN, NAN,,2024/04/09 19:16:48.315,2024-04-09 19:16:48.315000+00:00
2024/04/09, 19:17:48.315,38.972,-72.146,10.92,48.25,51.65,10.32,9.7,9.8,1015.8,1015.7,0.0,0.0,0.03,0.01,339,333,4.9,5.7,90.6,90.6,2.1,2.8,297.9,313.7,1017.9,1017.8,805.93,314.11,2335.9,33.9929,10.426,251.3,57.0,1490.213, NAN, NAN, NAN, NAN,,2024/04/09 19:17:48.315,2024-04-09 19:17:48.315000+00:00
2024/04/09, 19:18:48.315,38.974,-72.144,10.94,48.23,48.75,10.26,9.7,9.7,1015.9,1015.9,0.0,0.0,0.03,0.01,337,331,4.9,6.4,90.6,90.6,2.2,3.2,297.7,324.0,1018.0,1018.0,800.26,314.27,2336.22,34.0387,10.4058,252.1,57.1,1490.196, NAN, NAN, NAN, NAN,,2024/04/09 19:18:48.315,2024-04-09 19:18:48.315000+00:00
2024/04/09, 19:19:48.315,38.976,-72.141,10.84,48.54,49.76,10.33,9.7,9.7,1016.0,1015.8,0.0,0.0,0.03,0.01,338,332,5.0,6.0,90.6,90.6,2.1,3.0,300.3,318.4,1018.1,1017.9,798.75,314.2,2335.92,33.9934,10.442,246.0,57.1,1490.27, NAN, NAN, NAN, NAN,,2024/04/09 19:19:48.315,2024-04-09 19:19:48.315000+00:00
2024/04/09, 19:20:48.315,38.978,-72.138,10.84,48.53,46.91,10.21,9.7,9.7,1016.1,1015.8,0.0,0.0,0.03,0.01,338,332,4.9,5.4,90.8,90.7,1.9,2.6,297.2,307.7,1018.2,1017.9,793.23,314.12,2332.43,33.9583,10.5323,239.6,56.4,1490.549, NAN, NAN, NAN, NAN,,2024/04/09 19:20:48.315,2024-04-09 19:20:48.315000+00:00
2024/04/09, 19:21:48.315,38.98,-72.135,10.81,49.15,48.85,10.32,9.7,9.7,1016.1,1015.9,0.0,0.0,0.03,0.01,337,331,4.9,5.9,90.9,90.9,2.1,2.9,296.6,316.3,1018.2,1018.0,789.41,314.21,2329.62,33.9152,10.6516,236.6,56.6,1490.919, NAN, NAN, NAN, NAN,,2024/04/09 19:21:48.315,2024-04-09 19:21:48.315000+00:00
2024/04/09, 19:22:48.315,38.981,-72.132,10.75,48.1,51.05,9.99,9.7,9.7,1016.2,1016.0,0.0,0.0,0.03,0.01,336,331,4.9,6.4,90.9,90.9,2.3,3.4,301.8,326.1,1018.3,1018.1,786.15,314.01,2325.6,33.9392,10.7048,231.4,56.6,1491.137, NAN, NAN, NAN, NAN,,2024/04/09 19:22:48.315,2024-04-09 19:22:48.315000+00:00
2024/04/09, 19:23:48.315,38.983,-72.13,10.73,48.54,46.8,9.95,9.7,9.7,1016.0,1015.8,0.0,0.0,0.03,0.01,334,331,4.7,6.2,90.9,90.9,2.2,3.0,294.6,324.5,1018.1,1017.9,776.78,313.89,2315.98,33.9664,10.6984,221.1,56.6,1491.147, NAN, NAN, NAN, NAN,,2024/04/09 19:23:48.315,2024-04-09 19:23:48.315000+00:00
2024/04/09, 19:24:48.315,38.985,-72.127,10.77,49.05,46.97,9.82,9.7,9.7,1016.1,1016.0,0.0,0.0,0.03,0.01,334,331,4.5,6.1,90.9,90.9,2.2,2.9,291.6,324.7,1018.2,1018.1,758.09,313.82,2248.95,33.97,10.6894,215.4,56.4,1491.119, NAN, NAN, NAN, NAN,,2024/04/09 19:24:48.315,2024-04-09 19:24:48.315000+00:00
2024/04/09, 19:25:48.316,38.987,-72.124,10.69,48.81,52.02,9.99,9.7,9.7,1016.1,1015.7,0.0,0.0,0.03,0.01,334,330,4.5,6.2,91.0,90.9,2.3,3.2,290.7,323.0,1018.2,1017.8,740.71,313.08,2220.31,33.971,10.6838,211.7,56.5,1491.101, NAN, NAN, NAN, NAN,,2024/04/09 19:25:48.316,2024-04-09 19:25:48.316000+00:00
2024/04/09, 19:26:48.316,38.989,-72.122,10.82,48.4,48.12,10.45,9.7,9.7,1015.9,1015.9,0.0,0.0,0.03,0.01,337,331,4.8,5.8,90.9,90.9,2.0,2.7,290.4,312.2,1018.0,1018.0,749.09,312.77,2244.92,33.9687,10.6821,212.0,56.8,1491.092, NAN, NAN, NAN, NAN,,2024/04/09 19:26:48.316,2024-04-09 19:26:48.316000+00:00
2024/04/09, 19:27:48.316,38.991,-72.119,10.82,48.18,50.2,10.16,9.7,9.7,1016.1,1016.1,0.0,0.0,0.03,0.01,336,331,4.8,5.9,91.0,91.0,2.4,3.1,297.7,317.2,1018.2,1018.2,679.62,311.79,2106.06,33.9591,10.7235,214.8,56.7,1491.227, NAN, NAN, NAN, NAN,,2024/04/09 19:27:48.316,2024-04-09 19:27:48.316000+00:00
2024/04/09, 19:28:48.316,38.993,-72.116,10.83,48.55,52.8,10.34,9.7,9.7,1016.0,1015.8,0.0,0.0,0.03,0.01,337,332,4.9,6.0,91.1,91.0,2.3,3.1,298.7,318.4,1018.1,1017.9,709.24,312.1,2177.16,33.9431,10.7842,214.2,56.8,1491.422, NAN, NAN, NAN, NAN,,2024/04/09 19:28:48.316,2024-04-09 19:28:48.316000+00:00
2024/04/09, 19:29:48.316,38.995,-72.113,10.69,48.13,47.69,10.55,9.7,9.7,1015.9,1015.8,0.0,0.0,0.03,0.01,337,332,4.5,5.5,91.0,91.0,2.1,2.6,281.4,305.6,1018.0,1017.9,622.77,311.4,2140.02,33.9373,10.8581,213.6,56.6,1491.675, NAN, NAN, NAN, NAN,,2024/04/09 19:29:48.316,2024-04-09 19:29:48.316000+00:00
2024/04/09, 19:30:48.316,38.996,-72.11,10.7,48.43,51.59,10.55,9.7,9.7,1015.8,1015.9,0.0,0.0,0.03,0.01,338,332,4.7,6.0,91.1,91.0,2.1,2.9,288.6,316.0,1017.9,1018.0,681.95,312.11,2099.62,33.9347,10.946,211.5,56.1,1491.981, NAN, NAN, NAN, NAN,,2024/04/09 19:30:48.316,2024-04-09 19:30:48.316000+00:00
2024/04/09, 19:31:48.316,38.998,-72.108,10.82,49.05,50.16,10.5,9.7,9.7,1015.9,1015.8,0.0,0.0,0.03,0.01,339,333,4.8,5.9,91.1,91.0,2.0,2.7,291.2,316.1,1018.0,1017.9,656.6,312.07,2042.04,33.9433,11.0354,206.3,56.8,1492.306, NAN, NAN, NAN, NAN,,2024/04/09 19:31:48.316,2024-04-09 19:31:48.316000+00:00
2024/04/09, 19:32:48.316,39.0,-72.105,10.73,48.57,49.45,10.49,9.7,9.7,1016.1,1015.9,0.0,0.0,0.03,0.01,338,332,4.6,5.6,91.2,91.2,2.1,2.8,287.0,309.3,1018.2,1018.0,687.82,312.88,2129.09,33.9543,11.0445,203.8,56.6,1492.351, NAN, NAN, NAN, NAN,,2024/04/09 19:32:48.316,2024-04-09 19:32:48.316000+00:00
2024/04/09, 19:33:48.316,39.002,-72.102,10.85,48.74,47.36,10.75,9.7,9.7,1015.9,1015.9,0.0,0.0,0.03,0.01,338,334,4.7,5.5,90.9,91.0,2.1,2.5,285.0,305.1,1018.0,1018.0,726.18,313.19,2219.02,33.9735,11.0402,200.4,56.8,1492.359, NAN, NAN, NAN, NAN,,2024/04/09 19:33:48.316,2024-04-09 19:33:48.316000+00:00
2024/04/09, 19:34:48.316,39.004,-72.099,10.9,48.3,50.0,10.3,9.7,9.7,1016.1,1016.1,0.0,0.0,0.03,0.01,340,333,4.6,5.5,91.0,90.9,2.0,2.7,289.0,309.9,1018.2,1018.2,697.22,313.29,2089.24,33.9818,11.0042,200.8,56.6,1492.243, NAN, NAN, NAN, NAN,,2024/04/09 19:34:48.316,2024-04-09 19:34:48.316000+00:00
2024/04/09, 19:35:48.316,39.006,-72.096,10.71,47.61,46.22,10.63,9.7,9.7,1015.9,1016.0,0.0,0.0,0.03,0.01,342,336,4.3,4.8,91.1,91.1,1.9,2.2,272.0,288.9,1018.0,1018.1,707.53,313.96,2045.91,33.9888,11.0897,202.3,56.8,1492.551, NAN, NAN, NAN, NAN,,2024/04/09 19:35:48.316,2024-04-09 19:35:48.316000+00:00
2024/04/09, 19:36:48.316,39.008,-72.094,10.73,49.5,52.23,10.48,9.7,9.7,1016.2,1015.9,0.0,0.0,0.03,0.01,342,336,4.4,4.9,91.1,91.2,1.9,2.2,279.2,295.6,1018.3,1018.0,736.22,314.48,2273.05,33.9951,11.1828,201.4,56.7,1492.884, NAN, NAN, NAN, NAN,,2024/04/09 19:36:48.316,2024-04-09 19:36:48.316000+00:00
2024/04/09, 19:37:48.316,39.01,-72.091,10.71,48.2,52.83,10.38,9.7,9.7,1016.0,1016.0,0.0,0.0,0.03,0.01,339,333,4.4,5.1,91.2,91.2,2.2,2.7,285.0,301.5,1018.1,1018.1,749.45,314.16,2294.73,34.014,11.2439,201.7,56.5,1493.12, NAN, NAN, NAN, NAN,,2024/04/09 19:37:48.316,2024-04-09 19:37:48.316000+00:00
2024/04/09, 19:38:48.316,39.012,-72.088,10.75,48.15,47.28,10.53,9.7,9.7,1015.8,1015.8,0.0,0.0,0.03,0.01,344,339,4.3,4.4,91.2,91.1,1.8,2.1,273.3,280.3,1017.9,1017.9,706.07,314.07,2200.25,34.0517,11.2817,201.4,57.0,1493.297, NAN, NAN, NAN, NAN,,2024/04/09 19:38:48.316,2024-04-09 19:38:48.316000+00:00
2024/04/09, 19:39:48.316,39.013,-72.085,10.8,48.41,49.56,10.59,9.7,9.7,1015.8,1015.8,0.0,0.0,0.03,0.01,344,339,4.3,4.4,91.1,91.1,1.8,2.2,273.4,280.3,1017.9,1017.9,708.57,313.67,2211.49,34.0815,11.2348,203.8,57.5,1493.169, NAN, NAN, NAN, NAN,,2024/04/09 19:39:48.316,2024-04-09 19:39:48.316000+00:00
2024/04/09, 19:40:48.316,39.015,-72.082,10.77,48.1,51.48,10.53,9.7,9.7,1015.9,1015.9,0.0,0.0,0.03,0.01,347,341,4.2,4.2,91.2,91.1,1.8,2.2,270.7,276.8,1018.0,1018.0,713.4,313.11,2238.6,34.1322,11.0922,215.1,57.4,1492.732, NAN, NAN, NAN, NAN,,2024/04/09 19:40:48.316,2024-04-09 19:40:48.316000+00:00
2024/04/09, 19:41:48.317,39.017,-72.079,10.82,47.98,47.36,10.18,9.7,9.7,1015.9,1015.7,0.0,0.0,0.03,0.01,344,339,4.4,4.4,91.2,91.2,1.6,2.0,280.3,283.9,1018.0,1017.8,700.07,312.16,2222.27,34.1646,11.0519,221.5,57.2,1492.63, NAN, NAN, NAN, NAN,,2024/04/09 19:41:48.317,2024-04-09 19:41:48.317000+00:00
2024/04/09, 19:42:48.317,39.019,-72.076,10.62,52.75,58.34,10.24,9.7,9.7,1015.7,1015.8,0.0,0.0,0.03,0.01,345,339,4.2,4.4,91.2,91.1,1.9,2.2,282.7,291.8,1017.8,1017.9,702.47,311.6,2199.05,34.0736,11.0533,218.4,57.2,1492.525, NAN, NAN, NAN, NAN,,2024/04/09 19:42:48.317,2024-04-09 19:42:48.317000+00:00
2024/04/09, 19:43:48.317,39.021,-72.073,10.64,53.08,56.1,10.3,9.7,9.7,1016.2,1016.0,0.0,0.0,0.03,0.01,344,338,3.9,4.1,91.4,91.4,2.1,2.5,277.8,286.3,1018.3,1018.1,700.02,311.95,2192.05,34.082,11.123,223.2,57.0,1492.779, NAN, NAN, NAN, NAN,,2024/04/09 19:43:48.317,2024-04-09 19:43:48.317000+00:00
2024/04/09, 19:44:48.317,39.022,-72.07,10.49,49.56,50.21,10.23,9.7,9.7,1015.8,1015.9,0.0,0.0,0.03,0.01,341,336,4.1,4.3,91.4,91.5,2.0,2.3,276.7,284.6,1017.9,1018.0,679.98,311.21,2170.95,34.0786,11.1942,225.2,57.2,1493.024, NAN, NAN, NAN, NAN,,2024/04/09 19:44:48.317,2024-04-09 19:44:48.317000+00:00
2024/04/09, 19:45:48.317,39.024,-72.068,10.76,49.9,49.31,10.52,9.7,9.7,1015.7,1015.8,0.0,0.0,0.03,0.01,340,335,4.4,4.6,91.5,91.5,2.0,2.4,281.4,288.6,1017.8,1017.9,671.26,311.19,2157.14,34.0982,11.2998,223.8,57.0,1493.416, NAN, NAN, NAN, NAN,,2024/04/09 19:45:48.317,2024-04-09 19:45:48.317000+00:00
2024/04/09, 19:46:48.317,39.026,-72.065,10.84,49.49,51.06,10.54,9.7,9.8,1016.1,1016.0,0.0,0.0,0.03,0.01,341,334,4.5,4.9,91.4,91.4,2.0,2.5,283.3,295.5,1018.2,1018.1,659.55,311.19,2147.84,34.0634,11.4561,215.4,57.1,1493.917, NAN, NAN, NAN, NAN,,2024/04/09 19:46:48.317,2024-04-09 19:46:48.317000+00:00
2024/04/09, 19:47:48.317,39.028,-72.062,10.79,50.39,55.7,10.53,9.7,9.8,1015.8,1015.8,0.0,0.0,0.03,0.01,346,339,4.4,4.6,91.5,91.4,1.8,2.3,281.3,291.2,1017.9,1017.9,634.63,311.24,2074.27,34.118,11.6124,222.6,57.1,1494.523, NAN, NAN, NAN, NAN,,2024/04/09 19:47:48.317,2024-04-09 19:47:48.317000+00:00
2024/04/09, 19:48:48.317,39.03,-72.059,10.85,49.23,49.6,10.55,9.8,9.8,1015.8,1015.8,0.0,0.0,0.03,0.01,341,337,4.7,5.3,91.5,91.4,2.0,2.3,289.3,305.6,1017.9,1017.9,632.72,311.3,2063.73,34.1937,11.7433,232.0,57.4,1495.065, NAN, NAN, NAN, NAN,,2024/04/09 19:48:48.317,2024-04-09 19:48:48.317000+00:00
2024/04/09, 19:49:48.317,39.031,-72.056,10.91,50.11,54.66,10.39,9.8,9.8,1015.8,1015.8,0.0,0.0,0.03,0.01,340,335,5.0,5.6,91.4,91.4,2.1,2.7,303.0,314.8,1017.9,1017.9,598.57,310.91,2017.79,34.2696,11.8843,241.2,57.2,1495.641, NAN, NAN, NAN, NAN,,2024/04/09 19:49:48.317,2024-04-09 19:49:48.317000+00:00
2024/04/09, 19:50:48.317,39.033,-72.053,10.77,50.22,56.67,10.62,9.8,9.8,1015.8,1015.8,0.0,0.0,0.03,0.01,339,333,5.2,6.2,91.3,91.3,2.2,3.1,304.7,321.6,1017.9,1017.9,589.8,311.58,1941.59,34.3201,11.9593,240.0,57.3,1495.958, NAN, NAN, NAN, NAN,,2024/04/09 19:50:48.317,2024-04-09 19:50:48.317000+00:00
2024/04/09, 19:51:48.317,39.035,-72.05,10.76,49.58,54.15,10.69,9.8,9.8,1015.8,1015.7,0.0,0.0,0.03,0.01,340,333,5.2,5.9,91.3,91.3,2.0,2.9,302.4,314.9,1017.9,1017.8,522.72,311.55,1749.39,34.3486,12.1108,237.9,57.7,1496.509, NAN, NAN, NAN, NAN,,2024/04/09 19:51:48.317,2024-04-09 19:51:48.317000+00:00
2024/04/09, 19:52:48.317,39.037,-72.047,10.56,49.74,51.5,10.58,9.8,9.8,1016.0,1015.6,0.0,0.0,0.03,0.01,340,335,5.5,5.4,91.5,91.4,2.0,2.4,312.0,306.9,1018.1,1017.7,469.81,311.97,1615.72,34.3358,12.1623,234.8,57.3,1496.669, NAN, NAN, NAN, NAN,,2024/04/09 19:52:48.317,2024-04-09 19:52:48.317000+00:00
2024/04/09, 19:53:48.317,39.039,-72.044,10.75,49.64,51.49,10.77,9.8,9.8,1015.8,1015.7,0.0,0.0,0.03,0.01,342,336,5.7,5.7,91.4,91.2,2.0,2.6,316.6,312.5,1017.9,1017.8,627.25,314.16,2075.27,34.4104,12.139,247.3,57.6,1496.679, NAN, NAN, NAN, NAN,,2024/04/09 19:53:48.317,2024-04-09 19:53:48.317000+00:00
2024/04/09, 19:54:48.317,39.041,-72.041,10.81,49.8,50.21,10.52,9.8,9.8,1015.8,1015.7,0.0,0.0,0.03,0.01,342,337,5.4,5.6,91.3,91.3,1.8,2.3,311.3,313.6,1017.9,1017.8,654.31,315.1,2185.95,34.4375,12.0981,248.0,57.5,1496.572, NAN, NAN, NAN, NAN,,2024/04/09 19:54:48.317,2024-04-09 19:54:48.317000+00:00
2024/04/09, 19:55:48.317,39.043,-72.038,10.85,49.5,50.62,10.6,9.8,9.8,1015.7,1015.7,0.0,0.0,0.03,0.01,343,336,5.6,5.6,91.5,91.5,1.8,2.4,316.5,311.6,1017.8,1017.8,669.72,315.15,2202.72,34.4077,12.0817,239.4,57.6,1496.481, NAN, NAN, NAN, NAN,,2024/04/09 19:55:48.317,2024-04-09 19:55:48.317000+00:00
2024/04/09, 19:56:48.317,39.044,-72.035,10.74,49.56,48.96,10.49,9.8,9.8,1015.8,1015.7,0.0,0.0,0.03,0.01,344,338,5.4,5.6,91.5,91.4,1.6,2.2,312.3,314.3,1017.9,1017.8,611.54,314.27,2050.68,34.3755,12.1321,233.9,57.8,1496.614, NAN, NAN, NAN, NAN,,2024/04/09 19:56:48.317,2024-04-09 19:56:48.317000+00:00
2024/04/09, 19:57:48.318,39.046,-72.033,10.8,50.3,48.85,10.42,9.8,9.8,1015.7,1015.6,0.0,0.0,0.03,0.01,341,336,5.8,6.1,91.3,91.4,2.0,2.6,324.0,325.1,1017.8,1017.7,566.47,313.3,1929.24,34.3445,12.2167,233.2,57.7,1496.865, NAN, NAN, NAN, NAN,,2024/04/09 19:57:48.318,2024-04-09 19:57:48.318000+00:00
2024/04/09, 19:58:48.318,39.048,-72.03,10.85,49.37,49.85,10.64,9.8,9.8,1015.5,1015.5,0.0,0.0,0.03,0.01,344,338,5.6,5.8,91.3,91.4,1.6,2.2,316.3,317.0,1017.6,1017.6,488.74,312.64,1733.0,34.3515,12.2622,233.0,57.7,1497.028, NAN, NAN, NAN, NAN,,2024/04/09 19:58:48.318,2024-04-09 19:58:48.318000+00:00
2024/04/09, 19:59:48.318,39.05,-72.027,10.82,49.55,49.66,10.39,9.8,9.8,1015.5,1015.5,0.0,0.0,0.03,0.01,345,339,5.6,5.8,91.1,91.1,1.5,2.1,322.2,321.5,1017.6,1017.6,513.76,312.69,1979.35,34.3611,12.2823,233.0,57.6,1497.107, NAN, NAN, NAN, NAN,,2024/04/09 19:59:48.318,2024-04-09 19:59:48.318000+00:00
2024/04/09, 20:00:48.318,39.052,-72.024,10.82,49.42,52.37,10.63,9.8,9.8,1015.7,1015.7,0.0,0.0,0.03,0.01,346,339,5.4,5.6,91.4,91.4,1.5,2.2,310.6,313.2,1017.8,1017.8,600.72,313.53,2059.37,34.4232,12.287,245.7,57.8,1497.197, NAN, NAN, NAN, NAN,,2024/04/09 20:00:48.318,2024-04-09 20:00:48.318000+00:00
2024/04/09, 20:01:48.318,39.054,-72.021,10.78,50.42,51.56,10.5,9.8,9.8,1015.7,1015.6,0.0,0.0,0.03,0.01,343,339,5.4,5.4,91.4,91.4,1.8,2.2,313.1,311.1,1017.8,1017.7,609.79,313.4,2092.95,34.4409,12.3039,252.0,57.6,1497.276, NAN, NAN, NAN, NAN,,2024/04/09 20:01:48.318,2024-04-09 20:01:48.318000+00:00
2024/04/09, 20:02:48.318,39.056,-72.018,10.82,49.05,52.15,10.46,9.8,9.8,1015.4,1015.3,0.0,0.0,0.03,0.01,345,340,5.2,5.4,91.5,91.5,1.6,2.1,306.8,311.0,1017.5,1017.4,614.11,313.27,2118.55,34.4424,12.3267,252.0,57.7,1497.355, NAN, NAN, NAN, NAN,,2024/04/09 20:02:48.318,2024-04-09 20:02:48.318000+00:00
2024/04/09, 20:03:48.318,39.057,-72.015,10.75,49.73,49.88,10.41,9.8,9.9,1015.8,1015.6,0.0,0.0,0.03,0.01,345,339,5.4,5.5,91.6,91.6,1.5,2.1,314.6,313.8,1017.9,1017.7,620.8,312.75,2149.82,34.453,12.344,252.4,57.6,1497.426, NAN, NAN, NAN, NAN,,2024/04/09 20:03:48.318,2024-04-09 20:03:48.318000+00:00
2024/04/09, 20:04:48.318,39.059,-72.012,10.8,50.36,50.64,10.43,9.9,9.9,1015.6,1015.4,0.0,0.0,0.03,0.01,348,342,5.2,5.3,91.6,91.7,1.3,1.8,307.8,310.2,1017.7,1017.5,615.45,312.36,2149.09,34.4586,12.354,253.4,57.8,1497.466, NAN, NAN, NAN, NAN,,2024/04/09 20:04:48.318,2024-04-09 20:04:48.318000+00:00
2024/04/09, 20:05:48.318,39.061,-72.009,10.87,49.02,49.05,10.74,9.9,9.9,1015.7,1015.8,0.0,0.0,0.03,0.01,343,338,5.2,5.6,91.5,91.6,1.7,2.2,299.9,310.4,1017.8,1017.9,614.08,311.63,2152.52,34.4566,12.3371,251.0,57.8,1497.407, NAN, NAN, NAN, NAN,,2024/04/09 20:05:48.318,2024-04-09 20:05:48.318000+00:00
2024/04/09, 20:06:48.318,39.063,-72.006,10.74,50.12,50.18,10.8,9.9,9.9,1015.7,1015.6,0.0,0.0,0.03,0.01,343,338,5.1,5.3,91.5,91.5,1.6,2.1,295.5,302.1,1017.8,1017.7,614.52,311.16,2149.85,34.4516,12.3218,251.6,57.7,1497.349, NAN, NAN, NAN, NAN,,2024/04/09 20:06:48.318,2024-04-09 20:06:48.318000+00:00
2024/04/09, 20:07:48.318,39.065,-72.003,10.77,50.02,50.4,10.5,9.9,10.0,1015.8,1015.6,0.0,0.0,0.03,0.01,343,337,5.4,5.5,91.6,91.5,1.7,2.2,312.0,311.4,1017.9,1017.7,602.89,311.12,2128.87,34.4587,12.3038,255.8,57.9,1497.297, NAN, NAN, NAN, NAN,,2024/04/09 20:07:48.318,2024-04-09 20:07:48.318000+00:00
2024/04/09, 20:08:48.318,39.067,-72.001,10.79,49.69,48.63,10.59,10.0,10.0,1015.7,1015.7,0.0,0.0,0.03,0.01,344,339,5.1,5.3,91.2,91.4,1.5,2.0,298.7,305.1,1017.8,1017.8,594.51,311.05,2108.56,34.4697,12.2759,260.4,57.8,1497.215, NAN, NAN, NAN, NAN,,2024/04/09 20:08:48.318,2024-04-09 20:08:48.318000+00:00
2024/04/09, 20:09:48.318,39.069,-71.998,10.84,49.07,47.74,10.77,10.0,10.0,1015.8,1015.5,0.0,0.0,0.03,0.01,343,339,5.1,5.3,91.3,91.4,1.6,1.9,294.3,301.3,1017.9,1017.6,585.58,310.84,2090.59,34.4854,12.2444,260.1,57.9,1497.127, NAN, NAN, NAN, NAN,,2024/04/09 20:09:48.318,2024-04-09 20:09:48.318000+00:00
2024/04/09, 20:10:48.318,39.07,-71.995,10.88,50.13,52.19,10.61,10.0,10.0,1015.7,1015.7,0.0,0.0,0.03,0.01,348,342,4.9,5.0,91.2,91.2,1.4,1.9,292.9,299.1,1017.8,1017.8,587.22,310.78,2111.17,34.4952,12.2263,261.7,57.9,1497.077, NAN, NAN, NAN, NAN,,2024/04/09 20:10:48.318,2024-04-09 20:10:48.318000+00:00
2024/04/09, 20:11:48.318,39.072,-71.992,10.69,50.11,49.93,10.64,10.0,10.0,1015.7,1015.6,0.0,0.0,0.03,0.01,345,339,5.1,5.3,91.0,91.2,1.5,2.0,298.2,305.0,1017.8,1017.7,582.78,310.94,2096.83,34.4917,12.2213,269.6,57.6,1497.056, NAN, NAN, NAN, NAN,,2024/04/09 20:11:48.318,2024-04-09 20:11:48.318000+00:00
2024/04/09, 20:12:48.318,39.074,-71.989,10.67,49.92,52.27,10.75,10.0,10.0,1015.7,1015.4,0.0,0.0,0.03,0.01,348,342,4.9,4.8,91.3,91.4,1.4,1.9,288.4,289.9,1017.8,1017.5,596.22,311.52,2134.98,34.4943,12.1816,272.6,57.4,1496.924, NAN, NAN, NAN, NAN,,2024/04/09 20:12:48.318,2024-04-09 20:12:48.318000+00:00
2024/04/09, 20:13:48.319,39.076,-71.986,10.88,51.07,52.98,10.84,10.0,10.1,1015.7,1015.7,0.0,0.0,0.03,0.01,345,340,4.9,5.3,91.2,91.2,1.7,2.1,291.7,304.9,1017.8,1017.8,594.43,311.4,2126.98,34.4713,12.1814,266.8,57.9,1496.896, NAN, NAN, NAN, NAN,,2024/04/09 20:13:48.319,2024-04-09 20:13:48.319000+00:00
2024/04/09, 20:14:48.319,39.078,-71.983,10.83,49.63,46.5,10.63,10.0,10.0,1015.7,1015.5,0.0,0.0,0.03,0.01,343,338,5.0,5.1,90.8,90.9,1.5,1.9,292.9,297.5,1017.8,1017.6,588.76,311.03,2115.61,34.4129,12.1716,255.5,58.1,1496.793, NAN, NAN, NAN, NAN,,2024/04/09 20:14:48.319,2024-04-09 20:14:48.319000+00:00
2024/04/09, 20:15:48.319,39.08,-71.98,10.79,50.02,53.13,10.59,10.0,10.1,1015.5,1015.9,0.0,0.0,0.03,0.01,346,340,4.7,4.9,90.8,90.9,1.7,2.1,288.7,297.2,1017.6,1018.0,579.73,311.85,2089.71,34.4207,12.1471,261.4,57.7,1496.719, NAN, NAN, NAN, NAN,,2024/04/09 20:15:48.319,2024-04-09 20:15:48.319000+00:00
2024/04/09, 20:16:48.319,39.082,-71.977,10.68,50.27,53.63,10.76,10.0,10.1,1015.8,1015.7,0.0,0.0,0.03,0.01,346,339,4.9,4.9,90.8,90.9,1.6,2.2,291.6,294.6,1017.9,1017.8,538.63,312.04,1955.21,34.4349,12.1431,267.5,57.9,1496.722, NAN, NAN, NAN, NAN,,2024/04/09 20:16:48.319,2024-04-09 20:16:48.319000+00:00
2024/04/09, 20:17:48.319,39.083,-71.974,10.72,49.86,49.69,10.6,10.1,10.1,1015.5,1015.5,0.0,0.0,0.03,0.01,344,338,5.0,5.1,91.0,91.1,1.4,1.9,292.9,298.0,1017.6,1017.6,507.74,311.99,1850.13,34.437,12.1493,265.2,57.8,1496.746, NAN, NAN, NAN, NAN,,2024/04/09 20:17:48.319,2024-04-09 20:17:48.319000+00:00
2024/04/09, 20:18:48.319,39.085,-71.971,10.76,50.41,52.94,10.97,10.1,10.1,1015.7,1015.5,0.0,0.0,0.03,0.01,349,341,4.9,5.0,91.2,91.2,1.3,2.0,282.5,293.0,1017.8,1017.6,406.85,311.62,1530.82,34.4312,12.1045,261.4,58.1,1496.586, NAN, NAN, NAN, NAN,,2024/04/09 20:18:48.319,2024-04-09 20:18:48.319000+00:00
2024/04/09, 20:19:48.319,39.087,-71.968,10.61,50.34,53.7,10.68,10.1,10.1,1015.7,1015.7,0.0,0.0,0.03,0.01,350,344,4.9,5.0,90.8,90.9,1.3,1.8,290.0,298.1,1017.8,1017.8,438.07,312.64,1935.82,34.4331,12.0673,265.9,57.6,1496.462, NAN, NAN, NAN, NAN,,2024/04/09 20:19:48.319,2024-04-09 20:19:48.319000+00:00
2024/04/09, 20:20:48.319,39.089,-71.965,10.75,50.26,49.14,10.6,10.1,10.1,1015.7,1015.7,0.0,0.0,0.03,0.01,347,341,5.1,5.1,91.1,91.2,1.3,1.8,298.0,299.9,1017.8,1017.8,556.26,313.99,1996.82,34.4309,12.0385,267.5,58.1,1496.361, NAN, NAN, NAN, NAN,,2024/04/09 20:20:48.319,2024-04-09 20:20:48.319000+00:00
2024/04/09, 20:21:48.319,39.091,-71.962,10.71,50.14,51.94,10.67,10.1,10.1,1015.7,1015.5,0.0,0.0,0.03,0.01,348,342,5.0,5.1,91.0,91.1,1.2,1.7,291.4,298.8,1017.8,1017.6,576.57,315.1,2082.23,34.4182,11.9409,268.4,57.7,1496.012, NAN, NAN, NAN, NAN,,2024/04/09 20:21:48.319,2024-04-09 20:21:48.319000+00:00
2024/04/09, 20:22:48.319,39.093,-71.959,10.7,50.73,53.86,10.66,10.1,10.1,1015.5,1015.5,0.0,0.0,0.03,0.01,351,345,4.9,5.1,91.2,91.2,1.2,1.6,287.6,301.0,1017.6,1017.6,586.89,315.2,2135.93,34.3974,11.8854,260.8,57.8,1495.797, NAN, NAN, NAN, NAN,,2024/04/09 20:22:48.319,2024-04-09 20:22:48.319000+00:00
2024/04/09, 20:23:48.319,39.094,-71.956,10.74,50.47,51.77,10.8,10.1,10.2,1015.7,1015.6,0.0,0.0,0.03,0.01,348,343,5.0,5.2,91.1,91.1,1.3,1.7,289.1,300.2,1017.8,1017.7,576.0,314.36,2107.45,34.3845,11.8477,257.7,58.2,1495.653, NAN, NAN, NAN, NAN,,2024/04/09 20:23:48.319,2024-04-09 20:23:48.319000+00:00
2024/04/09, 20:24:48.319,39.096,-71.953,10.84,51.05,50.62,10.7,10.1,10.2,1015.5,1015.7,0.0,0.0,0.03,0.01,350,344,5.2,5.2,90.7,90.8,1.1,1.6,300.4,303.0,1017.6,1017.8,562.09,313.4,2086.11,34.3649,11.8115,255.2,57.8,1495.505, NAN, NAN, NAN, NAN,,2024/04/09 20:24:48.319,2024-04-09 20:24:48.319000+00:00
2024/04/09, 20:25:48.319,39.098,-71.95,10.84,50.7,51.87,10.77,10.2,10.2,1015.7,1015.7,0.0,0.0,0.03,0.01,351,345,5.5,5.5,90.8,90.9,1.0,1.6,314.8,312.6,1017.8,1017.8,549.51,312.54,2068.36,34.352,11.7615,249.4,58.2,1495.318, NAN, NAN, NAN, NAN,,2024/04/09 20:25:48.319,2024-04-09 20:25:48.319000+00:00
2024/04/09, 20:26:48.319,39.1,-71.947,10.73,50.28,50.55,10.28,10.2,10.2,1015.5,1015.5,0.0,0.0,0.03,0.01,352,345,5.4,5.4,90.7,90.8,0.7,1.4,325.2,317.5,1017.6,1017.6,537.84,312.05,2051.3,34.3457,11.7654,247.6,57.5,1495.324, NAN, NAN, NAN, NAN,,2024/04/09 20:26:48.319,2024-04-09 20:26:48.319000+00:00
2024/04/09, 20:27:48.319,39.102,-71.944,10.77,50.84,50.02,10.6,10.2,10.2,1015.7,1015.6,0.0,0.0,0.03,0.01,349,344,5.2,5.3,90.5,90.6,1.1,1.6,302.6,307.7,1017.8,1017.7,536.46,311.73,2035.14,34.2957,11.8219,240.6,57.7,1495.458, NAN, NAN, NAN, NAN,,2024/04/09 20:27:48.319,2024-04-09 20:27:48.319000+00:00
2024/04/09, 20:28:48.319,39.104,-71.941,10.81,50.87,52.12,10.8,10.2,10.2,1015.8,1015.7,0.0,0.0,0.03,0.01,354,348,5.1,5.1,91.0,91.0,0.8,1.2,281.5,294.0,1017.9,1017.8,528.59,311.63,2031.46,34.2799,11.8413,239.6,57.9,1495.505, NAN, NAN, NAN, NAN,,2024/04/09 20:28:48.319,2024-04-09 20:28:48.319000+00:00
2024/04/09, 20:29:48.320,39.106,-71.938,10.84,50.78,51.05,10.65,10.2,10.3,1015.6,1015.6,0.0,0.0,0.03,0.01,358,353,4.9,4.7,90.8,90.8,0.6,1.0,250.9,267.9,1017.7,1017.7,523.7,312.05,2017.75,34.3046,11.8777,246.4,57.6,1495.66, NAN, NAN, NAN, NAN,,2024/04/09 20:29:48.320,2024-04-09 20:29:48.320000+00:00
2024/04/09, 20:30:48.320,39.107,-71.935,10.81,50.82,52.8,10.85,10.3,10.3,1015.6,1015.6,0.0,0.0,0.03,0.01,2,355,5.2,5.0,90.7,90.7,0.4,0.8,215.3,271.5,1017.7,1017.7,526.08,311.78,2025.75,34.333,11.9067,250.7,57.9,1495.793, NAN, NAN, NAN, NAN,,2024/04/09 20:30:48.320,2024-04-09 20:30:48.320000+00:00
2024/04/09, 20:31:48.320,39.109,-71.932,10.85,50.48,52.41,10.87,10.3,10.3,1015.7,1015.6,0.0,0.0,0.03,0.01,3,357,5.0,4.7,90.7,90.8,0.6,1.0,224.2,256.9,1017.8,1017.7,520.32,312.07,2023.28,34.3392,11.9621,259.8,58.0,1495.99, NAN, NAN, NAN, NAN,,2024/04/09 20:31:48.320,2024-04-09 20:31:48.320000+00:00
2024/04/09, 20:32:48.320,39.111,-71.93,10.96,50.26,51.28,10.51,10.3,10.3,1015.7,1015.6,0.0,0.0,0.03,0.01,5,359,4.8,4.6,90.4,90.4,0.7,0.8,205.7,245.4,1017.8,1017.7,515.33,312.11,2020.1,34.3604,12.0332,256.8,58.3,1496.259, NAN, NAN, NAN, NAN,,2024/04/09 20:32:48.320,2024-04-09 20:32:48.320000+00:00
2024/04/09, 20:33:48.320,39.113,-71.927,10.83,51.4,52.9,10.63,10.3,10.3,1015.5,1015.7,0.0,0.0,0.03,0.01,9,2,4.8,4.5,90.6,90.7,1.0,1.0,190.0,228.9,1017.6,1017.8,515.84,312.01,2018.82,34.3329,12.1046,250.4,57.7,1496.469, NAN, NAN, NAN, NAN,,2024/04/09 20:33:48.320,2024-04-09 20:33:48.320000+00:00
2024/04/09, 20:34:48.320,39.115,-71.924,10.89,50.75,52.56,10.79,10.3,10.4,1015.6,1015.7,0.0,0.0,0.03,0.01,11,4,4.6,4.5,90.2,90.7,1.3,1.1,195.1,221.4,1017.7,1017.8,510.55,312.61,2021.21,34.3768,12.1817,254.7,58.1,1496.784, NAN, NAN, NAN, NAN,,2024/04/09 20:34:48.320,2024-04-09 20:34:48.320000+00:00
2024/04/09, 20:35:48.320,39.117,-71.921,10.88,50.68,51.24,10.68,10.4,10.4,1015.3,1015.3,0.0,0.0,0.03,0.01,10,4,4.7,4.3,90.4,90.4,1.3,1.3,183.8,212.1,1017.4,1017.4,510.96,312.52,2020.27,34.3801,12.2796,251.6,57.9,1497.121, NAN, NAN, NAN, NAN,,2024/04/09 20:35:48.320,2024-04-09 20:35:48.320000+00:00
2024/04/09, 20:36:48.320,39.119,-71.918,10.84,49.99,48.5,10.55,10.4,10.4,1015.7,1015.5,0.0,0.0,0.03,0.01,11,5,4.1,4.1,90.3,90.3,1.6,1.4,201.1,215.5,1017.8,1017.6,504.86,312.9,1986.16,34.4182,12.3651,263.5,57.9,1497.456, NAN, NAN, NAN, NAN,,2024/04/09 20:36:48.320,2024-04-09 20:36:48.320000+00:00
2024/04/09, 20:37:48.320,39.12,-71.915,10.86,50.88,52.74,10.45,10.5,10.5,1015.4,1015.4,0.0,0.0,0.03,0.01,13,6,4.5,4.3,90.5,90.5,1.3,1.1,189.4,215.2,1017.5,1017.5,398.57,312.45,1679.65,34.4046,12.3792,255.8,58.1,1497.487, NAN, NAN, NAN, NAN,,2024/04/09 20:37:48.320,2024-04-09 20:37:48.320000+00:00
2024/04/09, 20:38:48.320,39.122,-71.912,10.89,50.71,52.95,10.71,10.5,10.5,1015.7,1015.5,0.0,0.0,0.03,0.01,15,9,4.5,4.2,89.7,90.4,1.5,1.4,191.1,212.4,1017.8,1017.6,476.58,313.17,1958.73,34.398,12.3328,250.4,58.2,1497.322, NAN, NAN, NAN, NAN,,2024/04/09 20:38:48.320,2024-04-09 20:38:48.320000+00:00
2024/04/09, 20:39:48.320,39.124,-71.909,10.86,50.5,48.58,10.8,10.5,10.6,1015.7,1015.6,0.0,0.0,0.03,0.01,13,8,4.3,4.1,89.9,90.0,1.7,1.6,194.8,209.2,1017.8,1017.7,452.5,313.45,1841.91,34.4123,12.2333,255.2,58.2,1497.002, NAN, NAN, NAN, NAN,,2024/04/09 20:39:48.320,2024-04-09 20:39:48.320000+00:00
2024/04/09, 20:40:48.320,39.126,-71.906,10.81,50.48,53.02,10.88,10.6,10.6,1015.5,1015.4,0.0,0.0,0.03,0.01,17,10,4.3,4.1,90.0,89.9,1.9,1.7,191.5,207.7,1017.6,1017.5,425.3,313.29,1756.83,34.4293,12.1311,257.4,57.9,1496.675, NAN, NAN, NAN, NAN,,2024/04/09 20:40:48.320,2024-04-09 20:40:48.320000+00:00
2024/04/09, 20:41:48.320,39.128,-71.903,10.93,50.39,51.48,10.65,10.6,10.7,1015.6,1015.4,0.0,0.0,0.03,0.01,14,8,4.2,4.0,89.7,89.8,1.6,1.6,198.4,215.1,1017.7,1017.5,303.5,312.08,1292.63,34.4331,12.1407,270.2,58.2,1496.712, NAN, NAN, NAN, NAN,,2024/04/09 20:41:48.320,2024-04-09 20:41:48.320000+00:00
2024/04/09, 20:42:48.320,39.13,-71.899,10.91,50.47,51.09,11.08,10.7,10.7,1015.7,1015.7,0.0,0.0,0.03,0.01,16,9,4.2,3.9,89.4,89.8,2.0,1.9,197.3,214.2,1017.8,1017.8,313.4,311.94,1540.72,34.4739,12.1589,285.1,58.3,1496.823, NAN, NAN, NAN, NAN,,2024/04/09 20:42:48.320,2024-04-09 20:42:48.320000+00:00
2024/04/09, 20:43:48.320,39.132,-71.896,10.87,50.64,50.07,10.94,10.7,10.7,1015.5,1015.7,0.0,0.0,0.03,0.01,13,6,4.3,4.1,89.0,89.0,1.8,1.6,193.9,211.7,1017.6,1017.8,426.59,312.88,1799.28,34.5015,12.0162,290.4,58.2,1496.369, NAN, NAN, NAN, NAN,,2024/04/09 20:43:48.320,2024-04-09 20:43:48.320000+00:00
2024/04/09, 20:44:48.321,39.134,-71.893,10.93,50.11,51.83,11.01,10.8,10.8,1015.7,1015.7,0.0,0.0,0.03,0.01,14,8,4.4,4.3,88.8,88.7,1.7,1.5,192.9,207.3,1017.8,1017.8,473.95,313.5,1979.43,34.5171,11.922,304.4,57.9,1496.066, NAN, NAN, NAN, NAN,,2024/04/09 20:44:48.321,2024-04-09 20:44:48.321000+00:00
2024/04/09, 20:45:48.321,39.136,-71.89,10.75,50.22,48.16,11.0,10.8,10.8,1015.8,1015.7,0.0,0.0,0.03,0.01,12,6,4.4,4.1,88.1,88.4,1.7,1.7,193.8,212.3,1017.9,1017.8,484.61,313.48,1998.95,34.5052,12.016,308.6,58.1,1496.373, NAN, NAN, NAN, NAN,,2024/04/09 20:45:48.321,2024-04-09 20:45:48.321000+00:00
2024/04/09, 20:46:48.321,39.138,-71.888,10.96,51.3,48.15,10.9,10.8,10.8,1015.4,1015.5,0.0,0.0,0.03,0.01,10,1,4.4,4.1,88.1,87.7,1.7,1.5,190.3,216.2,1017.5,1017.6,447.89,313.04,1853.13,34.4985,11.9792,312.9,58.0,1496.239, NAN, NAN, NAN, NAN,,2024/04/09 20:46:48.321,2024-04-09 20:46:48.321000+00:00
2024/04/09, 20:47:48.321,39.14,-71.885,10.98,51.14,49.61,11.09,10.8,10.8,1015.6,1015.5,0.0,0.0,0.03,0.01,7,0,4.5,4.3,87.6,87.6,1.5,1.4,198.4,221.3,1017.7,1017.6,440.36,313.36,1878.7,34.44,11.5285,283.6,58.4,1494.62, NAN, NAN, NAN, NAN,,2024/04/09 20:47:48.321,2024-04-09 20:47:48.321000+00:00
2024/04/09, 20:48:48.321,39.142,-71.882,10.8,50.26,51.62,10.96,10.8,10.9,1015.5,1015.5,0.0,0.0,0.03,0.01,9,1,4.4,4.1,86.6,86.7,1.5,1.5,201.9,227.4,1017.6,1017.6,437.3,313.04,1852.39,34.4162,11.234,275.6,57.8,1493.569, NAN, NAN, NAN, NAN,,2024/04/09 20:48:48.321,2024-04-09 20:48:48.321000+00:00
2024/04/09, 20:49:48.321,39.144,-71.879,10.91,50.82,50.0,10.85,10.9,10.9,1015.7,1015.7,0.0,0.0,0.03,0.01,7,1,4.2,4.0,86.9,87.0,1.5,1.6,207.7,225.0,1017.8,1017.8,449.17,313.59,1901.84,34.3103,11.0748,273.2,57.9,1492.886, NAN, NAN, NAN, NAN,,2024/04/09 20:49:48.321,2024-04-09 20:49:48.321000+00:00
2024/04/09, 20:50:48.321,39.146,-71.876,10.99,50.41,47.96,10.92,10.9,10.9,1015.7,1015.5,0.0,0.0,0.03,0.01,8,0,4.3,4.0,87.1,87.2,1.6,1.6,198.4,221.7,1017.8,1017.6,443.56,313.7,1889.8,34.1832,11.0052,269.2,58.3,1492.489, NAN, NAN, NAN, NAN,,2024/04/09 20:50:48.321,2024-04-09 20:50:48.321000+00:00
2024/04/09, 20:51:48.321,39.148,-71.873,10.92,50.01,48.35,10.92,10.9,10.9,1015.7,1015.7,0.0,0.0,0.03,0.01,3,357,4.3,4.1,86.9,86.8,1.4,1.5,211.1,229.6,1017.8,1017.8,480.06,314.5,1999.11,34.1315,11.0142,263.8,57.8,1492.458, NAN, NAN, NAN, NAN,,2024/04/09 20:51:48.321,2024-04-09 20:51:48.321000+00:00
2024/04/09, 20:52:48.321,39.15,-71.87,10.87,50.21,48.85,10.77,10.9,11.0,1015.7,1015.6,0.0,0.0,0.03,0.01,5,358,4.6,4.4,87.4,87.3,1.1,1.1,200.3,230.6,1017.8,1017.7,403.46,314.42,1793.06,34.1053,11.0305,260.1,57.9,1492.484, NAN, NAN, NAN, NAN,,2024/04/09 20:52:48.321,2024-04-09 20:52:48.321000+00:00
2024/04/09, 20:53:48.321,39.151,-71.867,10.91,50.25,48.63,10.9,10.9,11.0,1015.5,1015.6,0.0,0.0,0.03,0.01,0,354,4.3,4.4,87.3,87.3,1.3,1.3,227.9,248.6,1017.6,1017.7,456.3,315.0,1948.64,34.1011,10.8726,256.1,57.9,1491.924, NAN, NAN, NAN, NAN,,2024/04/09 20:53:48.321,2024-04-09 20:53:48.321000+00:00
2024/04/09, 20:54:48.321,39.153,-71.864,10.94,51.0,51.12,11.25,10.9,11.0,1015.8,1015.5,0.0,0.0,0.03,0.01,357,352,4.7,4.5,86.8,86.9,1.1,1.4,240.2,253.7,1017.9,1017.6,474.92,314.74,2011.71,34.0907,10.7734,253.1,57.8,1491.562, NAN, NAN, NAN, NAN,,2024/04/09 20:54:48.321,2024-04-09 20:54:48.321000+00:00
2024/04/09, 20:55:48.321,39.155,-71.861,10.89,50.96,51.1,10.96,10.9,10.9,1015.5,1015.5,0.0,0.0,0.03,0.01,357,351,4.6,4.6,87.6,87.5,1.1,1.3,240.0,261.6,1017.6,1017.6,452.05,314.41,1931.16,34.0363,10.6443,256.1,57.4,1491.04, NAN, NAN, NAN, NAN,,2024/04/09 20:55:48.321,2024-04-09 20:55:48.321000+00:00
2024/04/09, 20:56:48.321,39.157,-71.858,10.95,50.14,53.38,10.97,10.9,10.9,1015.7,1015.9,0.0,0.0,0.03,0.01,357,350,4.3,4.3,87.3,87.3,1.4,1.7,246.3,263.1,1017.8,1018.0,433.68,313.49,1853.05,33.9627,10.5539,266.5,57.5,1490.631, NAN, NAN, NAN, NAN,,2024/04/09 20:56:48.321,2024-04-09 20:56:48.321000+00:00
2024/04/09, 20:57:48.321,39.159,-71.855,11.11,48.94,50.26,10.86,10.9,10.9,1015.6,1015.7,0.0,0.0,0.03,0.01,356,350,4.5,4.5,87.1,87.1,1.1,1.4,246.2,264.0,1017.7,1017.8,364.01,312.38,1643.31,33.8964,10.5952,271.2,57.0,1490.697, NAN, NAN, NAN, NAN,,2024/04/09 20:57:48.321,2024-04-09 20:57:48.321000+00:00
2024/04/09, 20:58:48.321,39.161,-71.852,10.97,50.64,49.09,10.84,10.9,10.9,1015.7,1015.5,0.0,0.0,0.03,0.01,354,348,4.5,4.5,87.8,87.7,1.2,1.4,248.8,265.8,1017.8,1017.6,381.31,312.28,1752.48,33.8768,10.6046,266.8,56.7,1490.706, NAN, NAN, NAN, NAN,,2024/04/09 20:58:48.321,2024-04-09 20:58:48.321000+00:00
2024/04/09, 20:59:48.322,39.163,-71.849,11.09,51.04,52.89,10.98,10.9,10.9,1015.7,1015.6,0.0,0.0,0.03,0.01,356,349,4.6,4.4,87.8,87.8,1.1,1.6,249.2,264.2,1017.8,1017.7,314.1,311.53,1422.36,33.8585,10.5325,257.4,57.5,1490.428, NAN, NAN, NAN, NAN,,2024/04/09 20:59:48.322,2024-04-09 20:59:48.322000+00:00
2024/04/09, 21:00:48.322,39.165,-71.846,10.97,50.46,47.74,10.97,10.8,10.9,1015.7,1015.6,0.0,0.0,0.03,0.01,354,348,4.5,4.4,87.4,87.3,1.2,1.5,244.8,259.6,1017.8,1017.7,251.23,311.05,1136.79,33.8279,10.405,253.1,57.1,1489.938, NAN, NAN, NAN, NAN,,2024/04/09 21:00:48.322,2024-04-09 21:00:48.322000+00:00
2024/04/09, 21:01:48.322,39.167,-71.843,10.92,50.11,48.17,10.65,10.8,10.8,1015.4,1015.5,0.0,0.0,0.03,0.01,356,350,4.5,4.4,87.1,87.0,1.0,1.3,243.6,261.2,1017.5,1017.6,170.56,311.02,833.34,33.792,10.3113,256.8,57.1,1489.56, NAN, NAN, NAN, NAN,,2024/04/09 21:01:48.322,2024-04-09 21:01:48.322000+00:00
2024/04/09, 21:02:48.322,39.169,-71.84,10.96,49.81,47.72,11.09,10.8,10.8,1015.7,1015.7,0.0,0.0,0.03,0.01,357,351,4.4,4.3,87.6,87.5,1.3,1.6,236.8,252.3,1017.8,1017.8,119.9,311.46,646.92,33.7854,10.3236,258.8,57.1,1489.596, NAN, NAN, NAN, NAN,,2024/04/09 21:02:48.322,2024-04-09 21:02:48.322000+00:00
2024/04/09, 21:03:48.322,39.171,-71.837,11.05,50.0,50.74,10.92,10.8,10.8,1015.7,1015.8,0.0,0.0,0.03,0.01,357,350,4.3,4.1,87.6,87.6,1.3,1.7,240.9,255.2,1017.8,1017.9,222.4,312.48,1059.81,33.7548,10.1159,257.4,57.2,1488.815, NAN, NAN, NAN, NAN,,2024/04/09 21:03:48.322,2024-04-09 21:03:48.322000+00:00
2024/04/09, 21:04:48.322,39.173,-71.834,11.05,50.6,49.36,11.08,10.8,10.8,1015.8,1015.7,0.0,0.0,0.03,0.01,358,352,4.2,4.1,87.7,87.7,1.5,1.7,236.6,250.1,1017.9,1017.8,251.75,314.03,1174.86,33.7207,9.9902,265.9,57.0,1488.322, NAN, NAN, NAN, NAN,,2024/04/09 21:04:48.322,2024-04-09 21:04:48.322000+00:00
2024/04/09, 21:05:48.322,39.175,-71.831,10.99,49.94,49.67,11.02,10.7,10.8,1015.7,1015.7,0.0,0.0,0.03,0.01,356,350,4.2,4.0,87.4,87.2,1.5,1.8,239.9,250.9,1017.8,1017.8,269.47,314.73,1142.84,33.6991,10.0575,272.0,57.3,1488.538, NAN, NAN, NAN, NAN,,2024/04/09 21:05:48.322,2024-04-09 21:05:48.322000+00:00
2024/04/09, 21:06:48.322,39.177,-71.828,10.68,49.84,47.65,10.63,10.7,10.8,1015.8,1015.7,0.0,0.0,0.03,0.01,354,348,4.2,4.2,87.4,87.3,1.3,1.5,240.6,256.5,1017.9,1017.8,222.07,315.45,1046.6,33.6953,10.1882,278.4,57.1,1489.002, NAN, NAN, NAN, NAN,,2024/04/09 21:06:48.322,2024-04-09 21:06:48.322000+00:00
2024/04/09, 21:07:48.322,39.179,-71.825,10.55,49.98,50.82,10.69,10.7,10.7,1015.7,1015.7,0.0,0.0,0.03,0.01,352,346,4.2,4.0,87.1,87.1,1.5,1.9,256.1,262.7,1017.8,1017.8,274.51,316.16,1278.28,33.6728,10.2507,280.3,57.1,1489.199, NAN, NAN, NAN, NAN,,2024/04/09 21:07:48.322,2024-04-09 21:07:48.322000+00:00
2024/04/09, 21:08:48.322,39.18,-71.822,10.67,51.11,50.03,10.79,10.7,10.7,1015.8,1015.6,0.0,0.0,0.03,0.01,353,347,4.2,4.1,87.5,87.5,1.4,1.7,246.7,258.3,1017.9,1017.7,396.32,317.41,1828.21,33.6056,10.0344,268.1,57.3,1488.341, NAN, NAN, NAN, NAN,,2024/04/09 21:08:48.322,2024-04-09 21:08:48.322000+00:00
2024/04/09, 21:09:48.322,39.182,-71.819,10.92,50.17,46.88,10.79,10.7,10.8,1015.7,1015.7,0.0,0.0,0.03,0.01,354,348,4.3,4.3,88.5,88.5,1.3,1.5,243.4,259.2,1017.8,1017.8,430.26,317.53,1969.08,33.5377,9.6571,269.9,57.4,1486.893, NAN, NAN, NAN, NAN,,2024/04/09 21:09:48.322,2024-04-09 21:09:48.322000+00:00
2024/04/09, 21:10:48.322,39.184,-71.816,10.87,49.7,50.54,10.84,10.8,10.8,1015.8,1015.7,0.0,0.0,0.03,0.01,353,347,4.1,4.2,88.7,88.7,1.6,1.9,254.2,267.1,1017.9,1017.8,421.51,317.19,1942.76,33.4895,9.5296,284.9,57.1,1486.37, NAN, NAN, NAN, NAN,,2024/04/09 21:10:48.322,2024-04-09 21:10:48.322000+00:00
2024/04/09, 21:11:48.322,39.186,-71.813,10.75,49.42,48.78,10.4,10.8,10.8,1015.6,1015.8,0.0,0.0,0.03,0.01,353,346,4.2,4.2,88.5,88.5,1.3,1.6,250.1,266.2,1017.7,1017.9,372.25,315.79,1803.78,33.4805,9.4447,288.1,56.8,1486.05, NAN, NAN, NAN, NAN,,2024/04/09 21:11:48.322,2024-04-09 21:11:48.322000+00:00
2024/04/09, 21:12:48.322,39.188,-71.81,10.78,50.2,51.72,10.57,10.7,10.7,1015.9,1015.9,0.0,0.0,0.03,0.01,354,347,4.3,4.2,88.3,88.3,1.3,1.7,257.3,269.3,1018.0,1018.0,357.29,314.89,1712.57,33.5233,9.4795,294.0,56.6,1486.229, NAN, NAN, NAN, NAN,,2024/04/09 21:12:48.322,2024-04-09 21:12:48.322000+00:00
2024/04/09, 21:13:48.322,39.19,-71.807,10.87,49.22,50.32,10.65,10.7,10.7,1015.7,1015.7,0.0,0.0,0.03,0.01,351,346,4.1,4.2,88.3,88.3,1.6,1.8,259.5,270.0,1017.8,1017.8,289.37,313.56,1462.36,33.4878,9.5032,281.7,56.7,1486.272, NAN, NAN, NAN, NAN,,2024/04/09 21:13:48.322,2024-04-09 21:13:48.322000+00:00
2024/04/09, 21:14:48.322,39.192,-71.804,10.86,49.96,50.96,10.71,10.6,10.7,1015.8,1015.7,0.0,0.0,0.03,0.01,353,348,4.4,4.3,88.4,88.4,1.3,1.7,262.1,269.5,1017.9,1017.8,298.91,313.2,1500.7,33.4527,9.6296,275.0,57.0,1486.69, NAN, NAN, NAN, NAN,,2024/04/09 21:14:48.322,2024-04-09 21:14:48.322000+00:00
2024/04/09, 21:15:48.323,39.194,-71.801,10.82,50.22,53.83,10.81,10.7,10.6,1015.8,1015.7,0.0,0.0,0.03,0.01,353,346,4.5,4.4,88.5,88.6,1.3,1.8,263.8,274.1,1017.9,1017.8,239.95,311.89,1140.28,33.415,9.7232,271.2,56.9,1486.984, NAN, NAN, NAN, NAN,,2024/04/09 21:15:48.323,2024-04-09 21:15:48.323000+00:00
2024/04/09, 21:16:48.323,39.196,-71.798,10.83,49.87,52.71,10.65,10.6,10.6,1015.7,1015.6,0.0,0.0,0.03,0.01,353,346,4.6,4.6,89.0,88.9,1.1,1.6,264.6,279.4,1017.8,1017.7,357.62,312.85,1819.21,33.3726,9.7298,270.2,57.4,1486.956, NAN, NAN, NAN, NAN,,2024/04/09 21:16:48.323,2024-04-09 21:16:48.323000+00:00
2024/04/09, 21:17:48.323,39.197,-71.795,10.77,50.65,53.57,10.75,10.6,10.6,1015.7,1015.7,0.0,0.0,0.03,0.01,352,347,4.6,4.5,88.6,88.6,1.3,1.6,270.2,276.5,1017.8,1017.8,350.49,312.43,1791.69,33.3365,9.6539,262.8,57.0,1486.636, NAN, NAN, NAN, NAN,,2024/04/09 21:17:48.323,2024-04-09 21:17:48.323000+00:00
2024/04/09, 21:18:48.323,39.199,-71.792,10.79,50.04,54.58,10.67,10.6,10.6,1015.7,1015.8,0.0,0.0,0.03,0.01,353,347,4.6,4.7,89.1,89.0,1.3,1.7,276.1,288.2,1017.8,1017.9,333.05,311.99,1711.26,33.3194,9.615,265.1,56.9,1486.474, NAN, NAN, NAN, NAN,,2024/04/09 21:18:48.323,2024-04-09 21:18:48.323000+00:00
2024/04/09, 21:19:48.323,39.201,-71.789,10.79,49.72,52.47,10.69,10.6,10.6,1015.9,1015.7,0.0,0.0,0.03,0.01,352,346,4.5,4.6,89.5,89.5,1.3,1.7,268.6,281.9,1018.0,1017.8,333.39,311.97,1707.02,33.3217,9.4903,260.8,57.2,1486.022, NAN, NAN, NAN, NAN,,2024/04/09 21:19:48.323,2024-04-09 21:19:48.323000+00:00
2024/04/09, 21:20:48.323,39.203,-71.786,10.84,50.05,54.19,10.64,10.6,10.7,1015.8,1015.6,0.0,0.0,0.03,0.01,351,345,4.8,4.8,89.7,89.7,1.2,1.7,284.6,291.3,1017.9,1017.7,339.78,311.66,1763.32,33.3282,9.32,253.7,57.1,1485.407, NAN, NAN, NAN, NAN,,2024/04/09 21:20:48.323,2024-04-09 21:20:48.323000+00:00
2024/04/09, 21:21:48.323,39.205,-71.783,10.69,49.62,52.05,10.87,10.6,10.6,1015.7,1015.7,0.0,0.0,0.03,0.01,352,346,4.8,4.8,89.9,89.9,1.2,1.7,277.0,286.0,1017.8,1017.8,334.23,311.24,1738.01,33.3232,9.2276,248.0,57.0,1485.061, NAN, NAN, NAN, NAN,,2024/04/09 21:21:48.323,2024-04-09 21:21:48.323000+00:00
2024/04/09, 21:22:48.323,39.207,-71.78,10.76,50.66,48.48,10.84,10.6,10.6,1015.8,1015.7,0.0,0.0,0.03,0.01,350,344,4.8,4.8,89.9,89.8,1.1,1.5,269.2,281.2,1017.9,1017.8,216.79,310.27,1168.1,33.3356,9.2476,248.3,56.9,1485.15, NAN, NAN, NAN, NAN,,2024/04/09 21:22:48.323,2024-04-09 21:22:48.323000+00:00
2024/04/09, 21:23:48.323,39.209,-71.777,10.98,49.41,52.89,10.72,10.6,10.6,1015.7,1015.6,0.0,0.0,0.03,0.01,350,344,5.0,5.1,89.9,89.9,1.3,1.8,292.4,299.7,1017.8,1017.7,166.92,309.54,977.52,33.3382,9.296,246.4,57.1,1485.331, NAN, NAN, NAN, NAN,,2024/04/09 21:23:48.323,2024-04-09 21:23:48.323000+00:00
2024/04/09, 21:24:48.323,39.211,-71.774,10.95,50.56,48.1,10.87,10.6,10.6,1015.9,1015.7,0.0,0.0,0.03,0.01,350,345,5.0,5.0,90.0,90.0,0.9,1.3,276.3,286.2,1018.0,1017.8,201.7,309.95,1203.47,33.3475,9.2202,248.6,57.1,1485.064, NAN, NAN, NAN, NAN,,2024/04/09 21:24:48.323,2024-04-09 21:24:48.323000+00:00
2024/04/09, 21:25:48.323,39.213,-71.771,10.75,49.93,46.38,10.82,10.5,10.6,1015.9,1015.6,0.0,0.0,0.03,0.01,350,343,4.9,4.9,90.2,90.0,1.0,1.5,270.4,284.1,1018.0,1017.7,286.98,310.6,1663.77,33.3476,9.1777,251.3,56.9,1484.908, NAN, NAN, NAN, NAN,,2024/04/09 21:25:48.323,2024-04-09 21:25:48.323000+00:00
2024/04/09, 21:26:48.323,39.215,-71.769,10.81,49.69,49.74,10.62,10.5,10.6,1015.7,1015.7,0.0,0.0,0.03,0.01,351,345,4.8,5.0,90.0,90.0,1.0,1.4,273.8,292.8,1017.8,1017.8,321.38,310.81,1726.86,33.3351,9.2466,244.0,57.0,1485.146, NAN, NAN, NAN, NAN,,2024/04/09 21:26:48.323,2024-04-09 21:26:48.323000+00:00
2024/04/09, 21:27:48.323,39.216,-71.766,10.73,50.31,53.4,10.74,10.5,10.5,1015.7,1015.9,0.0,0.0,0.03,0.01,350,345,4.6,4.6,89.5,89.5,1.4,1.8,275.4,282.5,1017.8,1018.0,320.37,310.55,1725.08,33.3443,9.364,240.3,56.8,1485.588, NAN, NAN, NAN, NAN,,2024/04/09 21:27:48.323,2024-04-09 21:27:48.323000+00:00
2024/04/09, 21:28:48.323,39.218,-71.763,10.74,49.82,50.77,10.52,10.5,10.5,1015.7,1015.7,0.0,0.0,0.03,0.01,350,343,4.6,4.5,88.8,88.8,1.2,1.8,274.7,281.4,1017.8,1017.8,318.14,310.39,1717.32,33.3503,9.3791,239.4,57.0,1485.65, NAN, NAN, NAN, NAN,,2024/04/09 21:28:48.323,2024-04-09 21:28:48.323000+00:00
2024/04/09, 21:29:48.323,39.22,-71.76,10.81,50.74,52.9,10.74,10.4,10.4,1015.7,1015.6,0.0,0.0,0.03,0.01,351,345,4.5,4.4,88.1,88.1,1.3,1.8,267.9,275.3,1017.8,1017.7,313.15,310.9,1708.81,33.3432,9.4124,248.3,56.4,1485.764, NAN, NAN, NAN, NAN,,2024/04/09 21:29:48.323,2024-04-09 21:29:48.323000+00:00
2024/04/09, 21:30:48.323,39.222,-71.757,10.89,49.42,50.49,10.77,10.4,10.4,1015.8,1015.7,0.0,0.0,0.03,0.01,350,345,4.4,4.3,87.4,87.6,1.5,1.9,268.2,273.0,1017.9,1017.8,308.61,310.88,1683.15,33.3427,9.4654,255.0,56.9,1485.957, NAN, NAN, NAN, NAN,,2024/04/09 21:30:48.323,2024-04-09 21:30:48.323000+00:00
2024/04/09, 21:31:48.324,39.224,-71.754,10.8,49.65,52.79,10.68,10.4,10.4,1015.6,1015.7,0.0,0.0,0.03,0.01,352,346,4.0,4.1,87.2,87.3,1.7,2.0,258.0,269.5,1017.7,1017.8,230.71,310.67,1270.42,33.3611,9.4719,257.1,56.6,1486.003, NAN, NAN, NAN, NAN,,2024/04/09 21:31:48.324,2024-04-09 21:31:48.324000+00:00
2024/04/09, 21:32:48.324,39.226,-71.751,10.78,49.76,49.19,10.55,10.4,10.4,1015.9,1015.7,0.0,0.0,0.03,0.01,351,345,3.9,4.0,87.6,87.7,1.7,1.9,252.6,264.6,1018.0,1017.8,182.06,310.57,1058.19,33.3559,9.4172,257.7,57.0,1485.797, NAN, NAN, NAN, NAN,,2024/04/09 21:32:48.324,2024-04-09 21:32:48.324000+00:00
2024/04/09, 21:33:48.324,39.228,-71.748,10.94,49.74,50.04,10.85,10.5,10.5,1015.8,1015.8,0.0,0.0,0.03,0.01,355,348,3.9,3.8,88.3,88.4,1.7,2.1,244.1,255.2,1017.9,1017.9,207.07,311.35,1206.56,33.3657,9.3553,256.4,56.9,1485.582, NAN, NAN, NAN, NAN,,2024/04/09 21:33:48.324,2024-04-09 21:33:48.324000+00:00
2024/04/09, 21:34:48.324,39.229,-71.745,11.06,49.54,51.73,10.67,10.5,10.5,1015.7,1015.8,0.0,0.0,0.03,0.01,356,349,3.9,3.7,88.9,89.0,1.7,2.1,249.8,258.4,1017.8,1017.9,240.55,311.55,1391.47,33.3807,9.3513,250.4,57.3,1485.586, NAN, NAN, NAN, NAN,,2024/04/09 21:34:48.324,2024-04-09 21:34:48.324000+00:00
2024/04/09, 21:35:48.324,39.231,-71.742,11.03,49.61,49.41,11.05,10.5,10.6,1015.7,1015.7,0.0,0.0,0.03,0.01,354,349,3.8,3.6,89.0,89.0,2.0,2.3,245.1,250.4,1017.8,1017.8,274.06,312.21,1537.57,33.4038,9.3935,253.4,57.2,1485.769, NAN, NAN, NAN, NAN,,2024/04/09 21:35:48.324,2024-04-09 21:35:48.324000+00:00
2024/04/09, 21:36:48.324,39.233,-71.739,10.9,49.58,52.24,10.89,10.6,10.6,1015.7,1015.7,0.0,0.0,0.03,0.01,358,351,3.7,3.5,88.7,88.7,1.9,2.3,239.9,249.3,1017.8,1017.8,214.61,311.98,1219.87,33.4231,9.585,255.5,57.1,1486.491, NAN, NAN, NAN, NAN,,2024/04/09 21:36:48.324,2024-04-09 21:36:48.324000+00:00
2024/04/09, 21:37:48.324,39.235,-71.735,10.97,50.06,49.79,10.8,10.5,10.6,1015.7,1015.7,0.0,0.0,0.03,0.01,359,351,3.8,3.6,88.3,88.4,1.8,2.1,236.1,249.0,1017.8,1017.8,141.09,311.52,835.65,33.4386,9.7428,251.3,57.1,1487.084, NAN, NAN, NAN, NAN,,2024/04/09 21:37:48.324,2024-04-09 21:37:48.324000+00:00
2024/04/09, 21:38:48.324,39.237,-71.732,10.97,49.96,50.24,10.89,10.5,10.6,1015.7,1015.7,0.0,0.0,0.03,0.01,355,350,3.7,3.7,89.0,89.0,2.0,2.1,243.0,251.3,1017.8,1017.8,124.19,311.5,756.56,33.4506,9.7893,260.8,57.2,1487.267, NAN, NAN, NAN, NAN,,2024/04/09 21:38:48.324,2024-04-09 21:38:48.324000+00:00
2024/04/09, 21:39:48.324,39.239,-71.729,10.92,50.36,51.91,11.06,10.5,10.5,1015.8,1015.8,0.0,0.0,0.03,0.01,356,350,3.7,3.6,88.5,88.5,2.0,2.2,239.2,248.0,1017.9,1017.9,172.08,312.19,1095.09,33.4492,9.7939,267.2,57.1,1487.282, NAN, NAN, NAN, NAN,,2024/04/09 21:39:48.324,2024-04-09 21:39:48.324000+00:00
2024/04/09, 21:40:48.324,39.241,-71.726,10.91,49.18,48.26,10.7,10.5,10.5,1015.6,1015.6,0.0,0.0,0.03,0.01,358,352,3.8,3.7,88.6,88.5,1.7,1.9,236.9,247.6,1017.7,1017.7,241.43,312.77,1350.28,33.4581,9.8471,263.2,57.2,1487.485, NAN, NAN, NAN, NAN,,2024/04/09 21:40:48.324,2024-04-09 21:40:48.324000+00:00
2024/04/09, 21:41:48.324,39.243,-71.723,10.96,50.42,52.77,10.84,10.5,10.5,1015.5,1015.5,0.0,0.0,0.03,0.01,359,352,3.9,3.7,88.5,88.5,1.7,2.1,241.3,252.3,1017.6,1017.6,203.41,312.38,1164.52,33.4737,9.8383,261.1,57.4,1487.472, NAN, NAN, NAN, NAN,,2024/04/09 21:41:48.324,2024-04-09 21:41:48.324000+00:00
2024/04/09, 21:42:48.324,39.244,-71.72,10.94,50.48,51.1,10.8,10.4,10.4,1015.5,1015.6,0.0,0.0,0.03,0.01,357,351,3.8,3.6,87.4,87.5,1.8,2.1,238.6,247.6,1017.6,1017.7,191.13,312.65,1117.28,33.4915,9.7936,260.4,57.3,1487.332, NAN, NAN, NAN, NAN,,2024/04/09 21:42:48.324,2024-04-09 21:42:48.324000+00:00
2024/04/09, 21:43:48.324,39.246,-71.717,10.92,49.61,51.67,11.1,10.4,10.4,1015.5,1015.6,0.0,0.0,0.03,0.01,354,349,3.8,3.7,87.5,87.3,2.0,2.2,245.7,252.3,1017.6,1017.7,222.29,313.27,1302.69,33.5009,9.8069,260.8,57.0,1487.392, NAN, NAN, NAN, NAN,,2024/04/09 21:43:48.324,2024-04-09 21:43:48.324000+00:00
2024/04/09, 21:44:48.324,39.248,-71.714,11.08,50.11,51.15,10.89,10.5,10.5,1015.6,1015.6,0.0,0.0,0.03,0.01,357,351,4.0,3.8,88.6,88.7,1.6,2.0,241.3,250.9,1017.7,1017.7,265.47,313.55,1548.51,33.5171,9.9201,265.2,57.3,1487.821, NAN, NAN, NAN, NAN,,2024/04/09 21:44:48.324,2024-04-09 21:44:48.324000+00:00
2024/04/09, 21:45:48.324,39.25,-71.711,11.05,49.45,51.32,11.0,10.5,10.5,1015.6,1015.6,0.0,0.0,0.03,0.01,355,350,3.8,3.7,88.2,88.1,1.9,2.1,243.1,250.3,1017.7,1017.7,227.92,313.83,1283.97,33.5425,10.08,269.6,57.4,1488.428, NAN, NAN, NAN, NAN,,2024/04/09 21:45:48.324,2024-04-09 21:45:48.324000+00:00
2024/04/09, 21:46:48.325,39.252,-71.708,11.03,50.08,48.67,10.98,10.5,10.5,1015.8,1015.8,0.0,0.0,0.03,0.01,357,352,3.7,3.6,88.3,88.5,2.0,2.1,237.0,244.7,1017.9,1017.9,172.83,313.57,1029.18,33.5712,10.2297,279.6,57.3,1489.0, NAN, NAN, NAN, NAN,,2024/04/09 21:46:48.325,2024-04-09 21:46:48.325000+00:00
2024/04/09, 21:47:48.325,39.254,-71.705,11.07,49.69,52.4,10.86,10.5,10.5,1015.7,1015.8,0.0,0.0,0.03,0.01,0,353,3.9,3.8,88.8,88.6,1.7,1.9,238.6,251.6,1017.8,1017.9,173.98,313.56,1062.48,33.5953,10.4499,280.6,57.2,1489.816, NAN, NAN, NAN, NAN,,2024/04/09 21:47:48.325,2024-04-09 21:47:48.325000+00:00
2024/04/09, 21:48:48.325,39.256,-71.702,11.12,50.09,51.96,10.84,10.6,10.6,1015.7,1015.8,0.0,0.0,0.03,0.01,0,353,3.7,3.6,89.5,89.6,1.9,2.1,233.7,245.7,1017.8,1017.9,128.11,312.98,761.9,33.6179,10.5482,277.9,57.5,1490.193, NAN, NAN, NAN, NAN,,2024/04/09 21:48:48.325,2024-04-09 21:48:48.325000+00:00
2024/04/09, 21:49:48.325,39.258,-71.699,11.11,49.69,47.84,11.07,10.6,10.6,1015.7,1015.8,0.0,0.0,0.03,0.01,358,353,3.4,3.4,89.3,89.2,2.3,2.4,232.9,240.1,1017.8,1017.9,161.23,313.04,1024.77,33.6627,10.476,289.7,57.5,1489.99, NAN, NAN, NAN, NAN,,2024/04/09 21:49:48.325,2024-04-09 21:49:48.325000+00:00
2024/04/09, 21:50:48.325,39.26,-71.696,11.02,49.38,52.06,10.71,10.6,10.6,1015.8,1015.8,0.0,0.0,0.03,0.01,4,357,4.1,3.9,89.6,89.4,1.4,1.7,229.5,246.5,1017.9,1017.9,214.76,313.27,1387.63,33.7077,10.3673,288.4,57.2,1489.658, NAN, NAN, NAN, NAN,,2024/04/09 21:50:48.325,2024-04-09 21:50:48.325000+00:00
2024/04/09, 21:51:48.325,39.262,-71.693,10.9,50.0,50.23,11.1,10.6,10.6,1015.8,1015.8,0.0,0.0,0.03,0.01,5,357,4.1,3.9,89.8,89.8,1.6,1.8,219.6,238.3,1017.9,1017.9,242.21,312.97,1517.29,33.7575,10.3327,281.7,56.8,1489.595, NAN, NAN, NAN, NAN,,2024/04/09 21:51:48.325,2024-04-09 21:51:48.325000+00:00
2024/04/09, 21:52:48.325,39.264,-71.69,10.98,50.01,48.57,11.12,10.6,10.7,1015.7,1015.6,0.0,0.0,0.03,0.01,2,356,3.7,3.7,90.1,90.0,2.0,2.0,225.2,236.1,1017.8,1017.7,239.02,313.28,1512.13,33.8072,10.3535,276.3,57.4,1489.729, NAN, NAN, NAN, NAN,,2024/04/09 21:52:48.325,2024-04-09 21:52:48.325000+00:00
2024/04/09, 21:53:48.325,39.266,-71.687,11.07,49.64,49.39,11.23,10.6,10.7,1015.7,1015.6,0.0,0.0,0.03,0.01,2,355,4.2,4.0,90.2,90.0,1.6,1.8,224.2,240.6,1017.8,1017.7,228.19,312.67,1434.34,33.8443,10.3854,277.2,57.5,1489.888, NAN, NAN, NAN, NAN,,2024/04/09 21:53:48.325,2024-04-09 21:53:48.325000+00:00
2024/04/09, 21:54:48.325,39.268,-71.683,10.91,49.97,49.38,11.08,10.6,10.6,1015.8,1015.7,0.0,0.0,0.03,0.01,0,356,4.4,4.2,89.8,89.8,1.3,1.5,233.2,243.6,1017.9,1017.8,199.62,312.4,1310.99,33.8709,10.4214,277.2,57.4,1490.048, NAN, NAN, NAN, NAN,,2024/04/09 21:54:48.325,2024-04-09 21:54:48.325000+00:00
2024/04/09, 21:55:48.325,39.269,-71.68,10.89,50.13,48.53,11.12,10.6,10.6,1015.7,1015.6,0.0,0.0,0.03,0.01,1,356,4.2,4.1,90.2,90.0,1.5,1.7,228.4,241.0,1017.8,1017.7,221.3,312.52,1435.34,33.8908,10.5546,275.3,57.5,1490.546, NAN, NAN, NAN, NAN,,2024/04/09 21:55:48.325,2024-04-09 21:55:48.325000+00:00
2024/04/09, 21:56:48.325,39.271,-71.677,10.82,49.92,48.56,11.15,10.6,10.6,1015.7,1015.7,0.0,0.0,0.03,0.01,2,357,4.4,4.2,90.1,90.0,1.3,1.5,221.2,236.2,1017.8,1017.8,211.85,312.32,1393.43,33.9212,10.653,269.2,57.5,1490.932, NAN, NAN, NAN, NAN,,2024/04/09 21:56:48.325,2024-04-09 21:56:48.325000+00:00
2024/04/09, 21:57:48.325,39.273,-71.674,10.87,50.01,50.35,10.98,10.6,10.6,1015.8,1015.9,0.0,0.0,0.03,0.01,4,356,4.3,4.1,89.9,90.0,1.4,1.6,218.7,241.5,1017.9,1018.0,201.06,311.85,1350.49,33.9372,10.6993,272.9,57.6,1491.115, NAN, NAN, NAN, NAN,,2024/04/09 21:57:48.325,2024-04-09 21:57:48.325000+00:00
2024/04/09, 21:58:48.325,39.275,-71.671,10.96,49.56,49.9,11.35,10.6,10.6,1015.8,1015.9,0.0,0.0,0.03,0.01,4,357,4.5,4.3,90.4,90.2,1.4,1.6,219.5,240.6,1017.9,1018.0,207.7,312.33,1414.43,33.9399,10.6982,281.6,57.7,1491.114, NAN, NAN, NAN, NAN,,2024/04/09 21:58:48.325,2024-04-09 21:58:48.325000+00:00
2024/04/09, 21:59:48.325,39.277,-71.668,11.01,50.35,51.1,11.16,10.6,10.6,1015.8,1015.8,0.0,0.0,0.03,0.01,3,356,4.3,4.0,90.9,90.3,1.5,1.8,221.7,239.6,1017.9,1017.9,199.16,311.63,1379.09,33.938,10.7152,288.4,57.6,1491.172, NAN, NAN, NAN, NAN,,2024/04/09 21:59:48.325,2024-04-09 21:59:48.325000+00:00
2024/04/09, 22:00:48.325,39.279,-71.665,10.77,50.51,51.74,10.97,10.6,10.6,1015.9,1015.9,0.0,0.0,0.03,0.01,2,357,4.2,4.1,90.8,90.0,1.4,1.6,227.4,240.9,1018.0,1018.0,200.37,311.23,1375.3,33.9487,10.8011,292.1,57.7,1491.488, NAN, NAN, NAN, NAN,,2024/04/09 22:00:48.325,2024-04-09 22:00:48.325000+00:00
2024/04/09, 22:01:48.325,39.281,-71.662,10.75,50.15,49.46,11.12,10.6,10.6,1015.8,1015.8,0.0,0.0,0.03,0.01,4,358,4.2,4.1,90.2,90.2,1.6,1.6,217.7,233.6,1017.9,1017.9,186.41,310.91,1312.02,33.9583,10.8841,293.7,59.9,1491.792, NAN, NAN, NAN, NAN,,2024/04/09 22:01:48.325,2024-04-09 22:01:48.325000+00:00
2024/04/09, 22:02:48.326,39.283,-71.659,10.75,49.56,50.7,10.86,10.6,10.6,1015.8,1015.8,0.0,0.0,0.03,0.01,1,355,3.9,3.9,89.8,89.8,1.7,1.8,230.4,243.8,1017.9,1017.9,192.36,310.67,1358.67,33.9501,11.0468,292.8,57.5,1492.354, NAN, NAN, NAN, NAN,,2024/04/09 22:02:48.326,2024-04-09 22:02:48.326000+00:00
2024/04/09, 22:03:48.326,39.285,-71.656,10.75,49.77,51.57,10.71,10.5,10.6,1015.8,1015.8,0.0,0.0,0.03,0.01,3,358,4.4,4.2,90.0,89.9,1.1,1.3,227.5,244.0,1017.9,1017.9,141.23,310.51,936.73,33.9534,11.0937,304.1,57.0,1492.522, NAN, NAN, NAN, NAN,,2024/04/09 22:03:48.326,2024-04-09 22:03:48.326000+00:00
2024/04/09, 22:04:48.326,39.287,-71.653,10.95,50.34,49.69,10.93,10.6,10.6,1015.8,1015.9,0.0,0.0,0.03,0.01,5,358,4.4,4.2,90.9,90.9,1.3,1.4,215.4,238.4,1017.9,1018.0,149.32,311.35,1164.42,33.9492,11.0683,298.0,57.0,1492.428, NAN, NAN, NAN, NAN,,2024/04/09 22:04:48.326,2024-04-09 22:04:48.326000+00:00
2024/04/09, 22:05:48.326,39.289,-71.65,10.82,50.14,48.67,11.08,10.6,10.7,1015.9,1015.7,0.0,0.0,0.03,0.01,5,359,4.3,4.2,91.1,91.2,1.5,1.5,210.0,227.5,1018.0,1017.8,178.71,311.39,1276.68,33.9543,11.003,296.8,57.2,1492.205, NAN, NAN, NAN, NAN,,2024/04/09 22:05:48.326,2024-04-09 22:05:48.326000+00:00
2024/04/09, 22:06:48.326,39.291,-71.647,10.95,49.53,46.28,11.04,10.7,10.7,1015.9,1015.9,0.0,0.0,0.03,0.01,4,359,4.6,4.4,90.7,90.7,1.2,1.3,206.9,227.1,1018.0,1018.0,161.51,311.29,1155.06,33.9714,10.9909,305.9,57.3,1492.183, NAN, NAN, NAN, NAN,,2024/04/09 22:06:48.326,2024-04-09 22:06:48.326000+00:00
2024/04/09, 22:07:48.326,39.293,-71.644,10.84,49.92,49.65,11.13,10.7,10.7,1015.8,1015.7,0.0,0.0,0.03,0.01,3,357,4.8,4.6,90.7,90.7,1.0,1.1,211.3,238.9,1017.9,1017.8,168.29,311.25,1226.2,33.9948,10.9408,299.2,57.4,1492.036, NAN, NAN, NAN, NAN,,2024/04/09 22:07:48.326,2024-04-09 22:07:48.326000+00:00
2024/04/09, 22:08:48.326,39.295,-71.641,10.85,50.4,50.94,10.88,10.7,10.7,1016.0,1015.9,0.0,0.0,0.03,0.01,6,359,4.9,4.7,90.3,90.3,0.8,0.9,204.0,245.4,1018.1,1018.0,149.23,311.34,1172.4,34.0198,10.9585,293.1,57.3,1492.128, NAN, NAN, NAN, NAN,,2024/04/09 22:08:48.326,2024-04-09 22:08:48.326000+00:00
2024/04/09, 22:09:48.326,39.297,-71.638,10.81,49.24,50.55,10.94,10.7,10.7,1015.9,1015.8,0.0,0.0,0.03,0.01,6,359,5.0,4.9,90.7,90.7,0.8,0.7,193.5,240.2,1018.0,1017.9,166.73,311.69,1236.45,34.0472,11.0376,278.7,57.6,1492.439, NAN, NAN, NAN, NAN,,2024/04/09 22:09:48.326,2024-04-09 22:09:48.326000+00:00
2024/04/09, 22:10:48.326,39.299,-71.635,10.9,49.54,51.78,10.86,10.7,10.7,1015.8,1015.9,0.0,0.0,0.03,0.01,6,359,5.1,4.9,90.8,90.9,0.7,0.7,187.5,242.7,1017.9,1018.0,165.51,311.26,1242.34,34.0625,11.1592,270.5,57.7,1492.882, NAN, NAN, NAN, NAN,,2024/04/09 22:10:48.326,2024-04-09 22:10:48.326000+00:00
2024/04/09, 22:11:48.326,39.301,-71.632,10.82,49.61,47.87,10.69,10.7,10.7,1015.9,1015.8,0.0,0.0,0.03,0.01,6,359,5.1,4.9,90.7,90.7,0.7,0.6,174.3,230.4,1018.0,1017.9,155.3,311.44,1164.55,34.0728,11.1383,265.2,57.7,1492.822, NAN, NAN, NAN, NAN,,2024/04/09 22:11:48.326,2024-04-09 22:11:48.326000+00:00
2024/04/09, 22:12:48.326,39.303,-71.629,10.73,49.45,50.84,11.1,10.7,10.7,1015.9,1015.9,0.0,0.0,0.03,0.01,6,1,5.2,5.0,90.7,90.8,0.7,0.7,190.0,230.9,1018.0,1018.0,149.88,311.12,1190.52,34.1002,11.1562,276.0,57.6,1492.917, NAN, NAN, NAN, NAN,,2024/04/09 22:12:48.326,2024-04-09 22:12:48.326000+00:00
2024/04/09, 22:13:48.326,39.305,-71.626,10.93,50.36,50.34,11.06,10.7,10.7,1015.9,1015.9,0.0,0.0,0.03,0.01,4,359,5.3,5.1,89.5,89.5,0.5,0.6,192.7,245.0,1018.0,1018.0,157.67,310.26,1194.32,34.1476,11.194,277.2,58.0,1493.106, NAN, NAN, NAN, NAN,,2024/04/09 22:13:48.326,2024-04-09 22:13:48.326000+00:00
2024/04/09, 22:14:48.326,39.307,-71.623,10.9,50.11,51.1,11.09,10.7,10.7,1015.9,1015.9,0.0,0.0,0.03,0.01,4,358,5.4,5.1,89.1,89.1,0.5,0.6,180.6,247.3,1018.0,1018.0,149.31,310.49,1165.46,34.1756,11.2595,279.6,58.0,1493.369, NAN, NAN, NAN, NAN,,2024/04/09 22:14:48.326,2024-04-09 22:14:48.326000+00:00
2024/04/09, 22:15:48.326,39.309,-71.62,10.91,50.17,49.61,11.07,10.7,10.7,1015.8,1015.8,0.0,0.0,0.03,0.01,4,358,5.4,5.1,89.5,89.5,0.5,0.6,178.5,246.3,1017.9,1017.9,146.67,310.49,1143.7,34.1888,11.3056,280.0,58.1,1493.545, NAN, NAN, NAN, NAN,,2024/04/09 22:15:48.326,2024-04-09 22:15:48.326000+00:00
2024/04/09, 22:16:48.326,39.311,-71.617,10.97,49.73,47.37,10.94,10.8,10.8,1015.8,1015.9,0.0,0.0,0.03,0.01,4,358,5.2,4.9,89.9,89.9,0.7,0.7,176.8,226.7,1017.9,1018.0,146.88,310.78,1143.15,34.2002,11.3275,290.0,57.9,1493.635, NAN, NAN, NAN, NAN,,2024/04/09 22:16:48.326,2024-04-09 22:16:48.326000+00:00
2024/04/09, 22:17:48.327,39.313,-71.614,11.07,49.81,52.91,11.06,10.8,10.8,1015.8,1015.9,0.0,0.0,0.03,0.01,6,0,5.3,5.0,89.3,89.4,0.6,0.7,183.2,239.6,1017.9,1018.0,119.25,310.78,899.31,34.2168,11.2944,288.8,58.1,1493.54, NAN, NAN, NAN, NAN,,2024/04/09 22:17:48.327,2024-04-09 22:17:48.327000+00:00
2024/04/09, 22:18:48.327,39.315,-71.611,10.91,50.15,48.36,11.0,10.8,10.8,1015.9,1015.9,0.0,0.0,0.03,0.01,5,359,5.2,5.0,89.2,89.2,0.7,0.7,181.5,230.4,1018.0,1018.0,103.28,310.85,819.44,34.2341,11.2875,293.7,58.1,1493.536, NAN, NAN, NAN, NAN,,2024/04/09 22:18:48.327,2024-04-09 22:18:48.327000+00:00
2024/04/09, 22:19:48.327,39.317,-71.608,11.05,50.43,47.81,10.84,10.8,10.8,1015.9,1015.8,0.0,0.0,0.03,0.01,4,357,5.3,4.9,89.6,89.6,0.6,0.7,167.7,237.1,1018.0,1017.9,101.82,311.57,797.91,34.2584,11.2387,299.5,58.2,1493.396, NAN, NAN, NAN, NAN,,2024/04/09 22:19:48.327,2024-04-09 22:19:48.327000+00:00
2024/04/09, 22:20:48.327,39.319,-71.605,11.1,50.1,49.91,11.23,10.8,10.9,1015.9,1015.8,0.0,0.0,0.03,0.01,3,357,5.1,4.9,89.6,89.6,0.8,0.9,203.7,242.0,1018.0,1017.9,108.56,311.36,877.64,34.2681,11.1168,312.0,57.9,1492.982, NAN, NAN, NAN, NAN,,2024/04/09 22:20:48.327,2024-04-09 22:20:48.327000+00:00
2024/04/09, 22:21:48.327,39.321,-71.602,11.11,50.13,49.68,11.22,10.9,10.9,1015.8,1015.9,0.0,0.0,0.03,0.01,4,358,5.4,5.1,89.6,89.6,0.5,0.7,186.7,246.4,1017.9,1018.0,114.08,311.17,930.12,34.2554,11.0452,325.4,58.2,1492.716, NAN, NAN, NAN, NAN,,2024/04/09 22:21:48.327,2024-04-09 22:21:48.327000+00:00
2024/04/09, 22:22:48.327,39.323,-71.599,11.14,50.65,50.51,11.04,10.9,10.9,1015.8,1015.9,0.0,0.0,0.03,0.01,4,359,5.2,5.0,89.3,89.3,0.6,0.7,191.4,235.1,1017.9,1018.0,114.34,311.17,920.78,34.2295,11.0151,332.8,58.3,1492.58, NAN, NAN, NAN, NAN,,2024/04/09 22:22:48.327,2024-04-09 22:22:48.327000+00:00
2024/04/09, 22:23:48.327,39.325,-71.596,11.06,49.93,51.99,10.75,10.9,10.9,1016.1,1016.0,0.0,0.0,0.03,0.01,5,358,5.2,4.9,89.2,89.3,0.5,0.7,181.5,250.5,1018.2,1018.1,110.62,311.25,892.4,34.1953,11.093,329.4,57.9,1492.811, NAN, NAN, NAN, NAN,,2024/04/09 22:23:48.327,2024-04-09 22:23:48.327000+00:00
2024/04/09, 22:24:48.327,39.327,-71.593,11.1,50.02,52.38,11.07,10.9,10.9,1015.8,1015.9,0.0,0.0,0.03,0.01,5,358,5.2,4.9,89.3,89.3,0.6,0.8,192.9,246.8,1017.9,1018.0,104.8,311.13,861.29,34.1801,11.1532,327.8,58.1,1493.003, NAN, NAN, NAN, NAN,,2024/04/09 22:24:48.327,2024-04-09 22:24:48.327000+00:00
2024/04/09, 22:25:48.327,39.329,-71.59,11.0,50.23,53.33,11.15,10.9,10.9,1016.0,1016.0,0.0,0.0,0.03,0.01,6,0,5.1,4.9,89.2,89.3,0.8,0.8,200.4,241.0,1018.1,1018.1,94.53,310.93,786.96,34.1756,11.1718,328.4,58.0,1493.063, NAN, NAN, NAN, NAN,,2024/04/09 22:25:48.327,2024-04-09 22:25:48.327000+00:00
2024/04/09, 22:26:48.327,39.331,-71.587,11.08,50.5,50.65,11.27,10.9,11.0,1016.0,1015.9,0.0,0.0,0.03,0.01,7,1,5.1,4.9,88.9,89.0,1.0,0.9,190.6,225.7,1018.1,1018.0,104.63,310.64,876.1,34.1617,11.1689,327.8,58.2,1493.036, NAN, NAN, NAN, NAN,,2024/04/09 22:26:48.327,2024-04-09 22:26:48.327000+00:00
2024/04/09, 22:27:48.327,39.333,-71.584,11.28,49.85,52.81,11.07,10.9,11.0,1016.1,1015.9,0.0,0.0,0.03,0.01,6,359,5.1,4.8,88.7,88.9,0.7,0.9,198.9,245.4,1018.2,1018.0,90.82,310.86,757.1,34.1623,11.1444,341.2,58.1,1492.951, NAN, NAN, NAN, NAN,,2024/04/09 22:27:48.327,2024-04-09 22:27:48.327000+00:00
2024/04/09, 22:28:48.327,39.335,-71.58,11.26,50.08,53.24,11.41,11.0,11.0,1016.1,1015.9,0.0,0.0,0.03,0.01,7,0,4.8,4.5,89.0,89.0,1.2,1.4,210.6,238.3,1018.2,1018.0,80.58,311.04,649.58,34.1574,11.1088,339.5,58.1,1492.821, NAN, NAN, NAN, NAN,,2024/04/09 22:28:48.327,2024-04-09 22:28:48.327000+00:00
2024/04/09, 22:29:48.327,39.336,-71.577,11.26,49.69,51.55,11.28,11.0,11.0,1016.0,1016.0,0.0,0.0,0.03,0.01,5,359,4.8,4.5,89.4,89.4,1.1,1.3,211.9,237.2,1018.1,1018.1,55.66,311.25,435.8,34.1373,11.1021,340.1,58.2,1492.773, NAN, NAN, NAN, NAN,,2024/04/09 22:29:48.327,2024-04-09 22:29:48.327000+00:00
2024/04/09, 22:30:48.327,39.338,-71.574,11.22,49.72,50.67,10.91,11.0,11.0,1016.1,1016.1,0.0,0.0,0.03,0.01,5,358,4.6,4.4,89.1,89.1,1.1,1.2,214.7,242.7,1018.2,1018.2,43.95,311.5,344.42,34.1749,11.0743,336.8,58.3,1492.721, NAN, NAN, NAN, NAN,,2024/04/09 22:30:48.327,2024-04-09 22:30:48.327000+00:00
2024/04/09, 22:31:48.327,39.34,-71.571,11.12,49.85,52.67,11.17,11.0,11.0,1016.1,1016.0,0.0,0.0,0.03,0.01,5,358,4.6,4.4,88.9,88.8,1.2,1.4,222.7,246.8,1018.2,1018.1,41.06,311.22,323.19,34.1775,11.126,335.8,58.3,1492.905, NAN, NAN, NAN, NAN,,2024/04/09 22:31:48.327,2024-04-09 22:31:48.327000+00:00
2024/04/09, 22:32:48.327,39.342,-71.568,11.06,50.14,48.44,10.85,10.9,11.0,1016.1,1015.9,0.0,0.0,0.03,0.01,3,358,4.7,4.5,88.7,88.6,0.9,1.1,216.1,239.7,1018.2,1018.0,39.16,311.17,314.25,34.1571,11.148,336.1,58.3,1492.957, NAN, NAN, NAN, NAN,,2024/04/09 22:32:48.327,2024-04-09 22:32:48.327000+00:00
2024/04/09, 22:33:48.328,39.344,-71.565,10.89,49.46,48.97,10.78,10.9,11.0,1016.1,1016.3,0.0,0.0,0.03,0.01,0,354,4.7,4.5,88.6,88.6,0.8,1.2,231.0,254.3,1018.2,1018.4,42.83,311.26,354.12,34.0743,11.132,353.9,57.8,1492.802, NAN, NAN, NAN, NAN,,2024/04/09 22:33:48.328,2024-04-09 22:33:48.328000+00:00
2024/04/09, 22:34:48.328,39.346,-71.562,10.94,49.24,49.95,11.1,10.9,11.0,1016.1,1016.2,0.0,0.0,0.03,0.01,1,355,4.7,4.5,88.6,88.6,1.0,1.3,230.0,251.0,1018.2,1018.3,41.08,311.45,338.0,34.0073,11.062,362.0,57.7,1492.476, NAN, NAN, NAN, NAN,,2024/04/09 22:34:48.328,2024-04-09 22:34:48.328000+00:00
2024/04/09, 22:35:48.328,39.348,-71.559,10.86,49.64,54.37,11.05,10.9,10.9,1016.1,1016.1,0.0,0.0,0.03,0.01,1,355,4.5,4.4,88.6,88.6,1.2,1.4,233.3,252.2,1018.2,1018.2,61.65,311.74,533.07,33.9688,11.0143,366.7,57.9,1492.262, NAN, NAN, NAN, NAN,,2024/04/09 22:35:48.328,2024-04-09 22:35:48.328000+00:00
2024/04/09, 22:36:48.328,39.35,-71.556,10.85,50.22,52.77,11.06,10.9,10.9,1016.3,1016.2,0.0,0.0,0.03,0.01,2,355,4.7,4.5,88.8,88.8,1.0,1.3,229.8,254.8,1018.4,1018.3,57.47,311.32,487.97,33.9568,10.938,367.8,57.9,1491.98, NAN, NAN, NAN, NAN,,2024/04/09 22:36:48.328,2024-04-09 22:36:48.328000+00:00
2024/04/09, 22:37:48.328,39.352,-71.553,10.74,49.81,49.54,10.83,10.9,10.9,1016.3,1016.1,0.0,0.0,0.03,0.01,0,355,4.7,4.5,88.6,88.6,0.9,1.2,231.7,251.0,1018.4,1018.2,47.1,311.79,377.9,33.943,10.9138,356.6,57.5,1491.878, NAN, NAN, NAN, NAN,,2024/04/09 22:37:48.328,2024-04-09 22:37:48.328000+00:00
2024/04/09, 22:38:48.328,39.354,-71.55,10.78,50.58,50.63,10.91,10.9,10.9,1016.2,1016.2,0.0,0.0,0.03,0.01,1,355,4.7,4.6,88.9,89.0,0.9,1.1,224.3,251.1,1018.3,1018.3,39.97,312.07,300.28,33.9397,10.9018,370.5,57.9,1491.832, NAN, NAN, NAN, NAN,,2024/04/09 22:38:48.328,2024-04-09 22:38:48.328000+00:00
2024/04/09, 22:39:48.328,39.356,-71.547,10.9,49.31,47.43,11.18,10.9,10.9,1016.2,1016.2,0.0,0.0,0.03,0.01,1,356,4.9,4.6,89.0,89.0,0.9,1.2,222.1,243.8,1018.3,1018.3,38.44,312.32,292.34,33.9399,10.879,379.6,58.1,1491.752, NAN, NAN, NAN, NAN,,2024/04/09 22:39:48.328,2024-04-09 22:39:48.328000+00:00
2024/04/09, 22:40:48.328,39.358,-71.544,10.83,49.34,49.49,10.9,10.9,10.9,1016.2,1016.2,0.0,0.0,0.03,0.01,1,354,4.8,4.6,88.8,89.0,0.8,1.1,224.5,255.1,1018.3,1018.3,43.33,312.73,338.48,33.9383,10.859,395.2,57.7,1491.68, NAN, NAN, NAN, NAN,,2024/04/09 22:40:48.328,2024-04-09 22:40:48.328000+00:00
2024/04/09, 22:41:48.328,39.36,-71.541,10.82,49.74,51.89,11.0,10.9,10.9,1016.3,1016.2,0.0,0.0,0.03,0.01,2,354,4.9,4.7,88.7,88.7,0.8,1.2,227.7,262.8,1018.4,1018.3,41.45,313.5,305.76,33.9431,10.82,397.9,58.1,1491.548, NAN, NAN, NAN, NAN,,2024/04/09 22:41:48.328,2024-04-09 22:41:48.328000+00:00
2024/04/09, 22:42:48.328,39.362,-71.538,10.88,49.43,49.96,11.25,10.9,10.9,1016.2,1016.2,0.0,0.0,0.03,0.01,3,357,4.5,4.3,88.7,88.8,1.3,1.5,222.4,240.9,1018.3,1018.3,42.68,314.1,319.82,33.95,10.763,394.2,58.0,1491.355, NAN, NAN, NAN, NAN,,2024/04/09 22:42:48.328,2024-04-09 22:42:48.328000+00:00
2024/04/09, 22:43:48.328,39.364,-71.535,10.94,50.17,51.77,11.12,10.8,10.9,1016.3,1016.2,0.0,0.0,0.03,0.01,3,357,4.9,4.7,88.9,88.9,0.8,1.1,218.9,248.5,1018.4,1018.3,50.27,314.63,377.82,33.9562,10.8333,400.9,58.1,1491.611, NAN, NAN, NAN, NAN,,2024/04/09 22:43:48.328,2024-04-09 22:43:48.328000+00:00
2024/04/09, 22:44:48.328,39.366,-71.532,10.91,50.03,53.38,11.27,10.9,10.9,1016.1,1016.1,0.0,0.0,0.03,0.01,4,358,4.7,4.5,89.2,89.2,1.1,1.3,222.8,245.0,1018.2,1018.2,59.11,315.16,447.02,33.9681,10.9536,393.4,57.9,1492.048, NAN, NAN, NAN, NAN,,2024/04/09 22:44:48.328,2024-04-09 22:44:48.328000+00:00
2024/04/09, 22:45:48.328,39.367,-71.529,10.9,49.45,50.7,10.96,10.8,10.9,1016.3,1016.3,0.0,0.0,0.03,0.01,5,359,4.9,4.6,89.2,89.2,0.8,1.1,206.8,240.1,1018.4,1018.4,54.3,315.59,395.05,33.9786,10.9857,396.9,57.7,1492.174, NAN, NAN, NAN, NAN,,2024/04/09 22:45:48.328,2024-04-09 22:45:48.328000+00:00
2024/04/09, 22:46:48.328,39.369,-71.526,10.77,49.31,51.43,11.05,10.8,10.9,1016.4,1016.2,0.0,0.0,0.03,0.01,5,358,4.9,4.8,89.3,89.2,0.8,0.9,212.5,251.3,1018.5,1018.3,46.32,316.24,301.62,33.9834,10.9626,416.0,58.1,1492.098, NAN, NAN, NAN, NAN,,2024/04/09 22:46:48.328,2024-04-09 22:46:48.328000+00:00
2024/04/09, 22:47:48.328,39.371,-71.523,10.84,49.1,49.04,10.98,10.8,10.8,1016.3,1016.2,0.0,0.0,0.03,0.01,5,359,4.8,4.6,89.3,89.3,0.9,1.1,208.2,238.3,1018.4,1018.3,36.06,317.17,208.68,33.9741,10.9219,432.1,58.4,1491.944, NAN, NAN, NAN, NAN,,2024/04/09 22:47:48.328,2024-04-09 22:47:48.328000+00:00
2024/04/09, 22:48:48.328,39.373,-71.52,10.85,49.61,49.68,10.9,10.8,10.8,1016.2,1016.2,0.0,0.0,0.03,0.01,5,359,4.8,4.5,89.8,89.8,0.9,1.1,207.0,237.7,1018.3,1018.3,33.71,317.54,191.15,33.9539,10.9088,431.8,58.1,1491.874, NAN, NAN, NAN, NAN,,2024/04/09 22:48:48.328,2024-04-09 22:48:48.328000+00:00
2024/04/09, 22:49:48.329,39.375,-71.517,10.85,50.02,51.5,10.84,10.8,10.8,1016.2,1016.2,0.0,0.0,0.03,0.01,9,3,4.6,4.5,88.9,88.9,1.2,1.1,200.7,225.2,1018.3,1018.3,32.78,317.46,188.03,33.9443,10.8385,426.5,58.3,1491.615, NAN, NAN, NAN, NAN,,2024/04/09 22:49:48.329,2024-04-09 22:49:48.329000+00:00
2024/04/09, 22:50:48.329,39.377,-71.514,10.69,49.58,51.04,10.76,10.7,10.8,1016.3,1016.3,0.0,0.0,0.03,0.01,12,5,4.3,4.1,89.2,89.2,1.5,1.5,200.4,221.7,1018.4,1018.4,34.0,317.96,202.04,33.9371,10.7641,422.7,57.9,1491.344, NAN, NAN, NAN, NAN,,2024/04/09 22:50:48.329,2024-04-09 22:50:48.329000+00:00
2024/04/09, 22:51:48.329,39.379,-71.511,10.69,49.42,51.28,10.61,10.8,10.8,1016.2,1016.4,0.0,0.0,0.03,0.01,9,2,4.4,4.1,90.0,90.0,1.2,1.4,207.1,233.4,1018.3,1018.5,28.15,317.92,156.27,33.9247,10.6783,429.1,57.9,1491.025, NAN, NAN, NAN, NAN,,2024/04/09 22:51:48.329,2024-04-09 22:51:48.329000+00:00
2024/04/09, 22:52:48.329,39.381,-71.507,10.82,49.64,51.21,10.79,10.8,10.8,1016.3,1016.3,0.0,0.0,0.03,0.01,9,3,4.4,4.1,90.5,90.5,1.3,1.4,208.2,229.8,1018.4,1018.4,24.98,317.95,140.36,33.8963,10.555,481.2,58.1,1490.554, NAN, NAN, NAN, NAN,,2024/04/09 22:52:48.329,2024-04-09 22:52:48.329000+00:00
2024/04/09, 22:53:48.329,39.383,-71.504,10.73,50.04,53.19,10.72,10.8,10.8,1016.5,1016.5,0.0,0.0,0.03,0.01,10,2,4.4,4.0,90.8,90.8,1.3,1.5,202.8,230.8,1018.6,1018.6,22.42,317.89,129.86,33.8713,10.4939,502.8,57.8,1490.307, NAN, NAN, NAN, NAN,,2024/04/09 22:53:48.329,2024-04-09 22:53:48.329000+00:00
2024/04/09, 22:54:48.329,39.385,-71.501,10.82,49.19,48.34,10.89,10.8,10.8,1016.3,1016.3,0.0,0.0,0.03,0.01,10,5,4.3,4.2,90.7,90.6,1.6,1.5,200.5,214.7,1018.4,1018.4,20.61,317.65,122.02,33.8633,10.5668,524.6,58.0,1490.556, NAN, NAN, NAN, NAN,,2024/04/09 22:54:48.329,2024-04-09 22:54:48.329000+00:00
2024/04/09, 22:55:48.329,39.387,-71.498,10.88,49.12,49.95,10.94,10.8,10.8,1016.3,1016.3,0.0,0.0,0.03,0.01,12,6,4.5,4.2,90.2,90.2,1.5,1.5,195.2,216.5,1018.4,1018.4,19.12,317.66,115.17,33.8248,10.583,554.2,58.1,1490.567, NAN, NAN, NAN, NAN,,2024/04/09 22:55:48.329,2024-04-09 22:55:48.329000+00:00
2024/04/09, 22:56:48.329,39.388,-71.495,10.87,49.2,50.58,10.78,10.8,10.8,1016.6,1016.3,0.0,0.0,0.03,0.01,9,5,3.9,4.2,90.6,90.6,1.8,1.4,213.5,219.5,1018.7,1018.4,17.63,318.22,106.44,33.7755,10.5778,571.6,57.5,1490.489, NAN, NAN, NAN, NAN,,2024/04/09 22:56:48.329,2024-04-09 22:56:48.329000+00:00
2024/04/09, 22:57:48.329,39.39,-71.492,10.9,48.9,46.46,10.67,10.8,10.8,1016.2,1016.2,0.0,0.0,0.03,0.01,12,6,4.6,4.4,90.4,90.4,1.4,1.2,184.2,205.5,1018.3,1018.3,16.37,317.48,100.1,33.7302,10.5881,556.9,57.7,1490.47, NAN, NAN, NAN, NAN,,2024/04/09 22:57:48.329,2024-04-09 22:57:48.329000+00:00
2024/04/09, 22:58:48.329,39.392,-71.489,11.13,50.06,49.15,10.92,10.7,10.7,1016.3,1016.3,0.0,0.0,0.03,0.01,12,6,4.6,4.3,89.4,89.4,1.5,1.4,188.4,210.1,1018.4,1018.4,15.24,317.55,96.33,33.7214,10.651,577.2,57.8,1490.683, NAN, NAN, NAN, NAN,,2024/04/09 22:58:48.329,2024-04-09 22:58:48.329000+00:00
2024/04/09, 22:59:48.329,39.394,-71.486,11.15,48.98,49.5,10.9,10.7,10.7,1016.4,1016.3,0.0,0.0,0.03,0.01,11,4,4.6,4.3,89.4,89.3,1.3,1.3,193.4,220.3,1018.5,1018.4,13.68,317.69,89.81,33.7341,10.7579,593.1,57.7,1491.076, NAN, NAN, NAN, NAN,,2024/04/09 22:59:48.329,2024-04-09 22:59:48.329000+00:00
2024/04/09, 23:00:48.329,39.396,-71.483,11.21,50.39,49.29,11.01,10.7,10.7,1016.2,1016.2,0.0,0.0,0.03,0.01,11,5,4.5,4.2,89.6,89.6,1.5,1.5,196.4,217.2,1018.3,1018.3,12.17,317.65,81.5,33.7743,10.93,599.2,57.8,1491.732, NAN, NAN, NAN, NAN,,2024/04/09 23:00:48.329,2024-04-09 23:00:48.329000+00:00
2024/04/09, 23:01:48.329,39.398,-71.48,11.07,50.31,49.87,10.89,10.7,10.7,1016.3,1016.2,0.0,0.0,0.03,0.01,11,5,4.2,3.9,88.9,88.9,1.7,1.8,197.8,214.7,1018.4,1018.3,10.85,318.16,75.06,33.8647,11.0022,583.0,58.1,1492.094, NAN, NAN, NAN, NAN,,2024/04/09 23:01:48.329,2024-04-09 23:01:48.329000+00:00
2024/04/09, 23:02:48.329,39.4,-71.477,11.03,49.52,47.65,10.9,10.7,10.7,1016.3,1016.2,0.0,0.0,0.03,0.01,11,5,4.0,3.9,88.9,89.0,1.9,1.8,202.8,215.8,1018.4,1018.3,9.69,318.75,69.73,33.9607,11.0127,557.2,58.1,1492.247, NAN, NAN, NAN, NAN,,2024/04/09 23:02:48.329,2024-04-09 23:02:48.329000+00:00
2024/04/09, 23:03:48.329,39.402,-71.474,11.1,49.97,49.26,10.99,10.7,10.7,1016.3,1016.3,0.0,0.0,0.03,0.01,8,3,4.1,3.9,89.1,89.1,1.7,1.8,207.5,220.6,1018.4,1018.4,8.51,319.52,64.7,34.0148,11.0328,543.8,58.5,1492.383, NAN, NAN, NAN, NAN,,2024/04/09 23:03:48.329,2024-04-09 23:03:48.329000+00:00
2024/04/09, 23:04:48.329,39.404,-71.472,11.08,51.06,49.21,10.72,10.8,10.8,1016.3,1016.3,0.0,0.0,0.03,0.01,7,2,4.2,4.0,89.5,89.5,1.5,1.5,205.1,220.6,1018.4,1018.4,7.57,320.77,60.2,34.0117,10.9251,538.5,58.4,1492.001, NAN, NAN, NAN, NAN,,2024/04/09 23:04:48.329,2024-04-09 23:04:48.329000+00:00
2024/04/09, 23:05:48.330,39.406,-71.469,11.04,49.46,48.83,10.46,10.8,10.8,1016.3,1016.3,0.0,0.0,0.03,0.01,8,0,4.4,4.1,89.9,89.9,1.2,1.3,196.3,227.1,1018.4,1018.4,6.72,321.56,55.33,33.9952,10.73,576.9,58.1,1491.293, NAN, NAN, NAN, NAN,,2024/04/09 23:05:48.330,2024-04-09 23:05:48.330000+00:00
2024/04/09, 23:06:48.330,39.408,-71.466,10.98,49.47,48.69,10.61,10.9,10.9,1016.2,1016.3,0.0,0.0,0.03,0.01,9,2,4.1,3.9,90.2,90.2,1.5,1.6,204.7,224.2,1018.3,1018.4,5.99,322.16,50.23,33.8837,10.5546,571.2,58.0,1490.537, NAN, NAN, NAN, NAN,,2024/04/09 23:06:48.330,2024-04-09 23:06:48.330000+00:00
2024/04/09, 23:07:48.330,39.41,-71.463,11.06,50.46,49.59,10.78,10.9,10.9,1016.3,1016.3,0.0,0.0,0.03,0.01,8,1,4.2,4.1,90.0,90.0,1.5,1.5,204.3,224.0,1018.4,1018.4,5.18,322.89,46.34,33.8014,10.4705,602.8,58.0,1490.139, NAN, NAN, NAN, NAN,,2024/04/09 23:07:48.330,2024-04-09 23:07:48.330000+00:00
2024/04/09, 23:08:48.330,39.412,-71.46,11.18,49.87,50.37,10.97,10.9,10.9,1016.2,1016.3,0.0,0.0,0.03,0.01,9,2,4.6,4.4,89.9,89.9,1.3,1.2,197.0,223.4,1018.3,1018.4,4.52,322.66,42.81,33.782,10.4727,600.4,58.4,1490.123, NAN, NAN, NAN, NAN,,2024/04/09 23:08:48.330,2024-04-09 23:08:48.330000+00:00
2024/04/09, 23:09:48.330,39.414,-71.457,11.2,49.96,50.49,10.78,10.8,10.9,1016.5,1016.2,0.0,0.0,0.03,0.01,8,1,4.5,4.3,90.0,90.0,1.2,1.2,202.1,228.9,1018.6,1018.3,3.97,323.47,39.31,33.7898,10.474,614.7,58.0,1490.137, NAN, NAN, NAN, NAN,,2024/04/09 23:09:48.330,2024-04-09 23:09:48.330000+00:00
2024/04/09, 23:10:48.330,39.416,-71.454,11.22,49.08,49.1,11.07,10.8,10.9,1016.3,1016.2,0.0,0.0,0.03,0.01,7,1,4.5,4.4,90.3,90.0,1.3,1.3,204.6,225.3,1018.4,1018.3,3.09,323.95,35.86,33.8078,10.4872,601.2,57.8,1490.206, NAN, NAN, NAN, NAN,,2024/04/09 23:10:48.330,2024-04-09 23:10:48.330000+00:00
2024/04/09, 23:11:48.330,39.418,-71.451,11.24,49.96,49.91,11.03,10.9,10.9,1016.3,1016.3,0.0,0.0,0.03,0.01,6,359,4.8,4.4,90.6,90.6,1.0,1.3,200.4,233.2,1018.4,1018.4,2.04,324.19,31.65,33.8247,10.5389,600.8,58.1,1490.41, NAN, NAN, NAN, NAN,,2024/04/09 23:11:48.330,2024-04-09 23:11:48.330000+00:00
2024/04/09, 23:12:48.330,39.42,-71.448,11.25,50.39,50.19,11.07,10.9,10.9,1016.5,1016.3,0.0,0.0,0.03,0.01,7,1,4.9,4.7,91.0,91.0,1.0,1.0,193.2,224.0,1018.6,1018.4,0.81,324.14,28.07,33.8503,10.5988,607.5,58.0,1490.654, NAN, NAN, NAN, NAN,,2024/04/09 23:12:48.330,2024-04-09 23:12:48.330000+00:00
2024/04/09, 23:13:48.330,39.422,-71.445,11.2,49.64,50.26,11.0,10.9,10.9,1016.3,1016.3,0.0,0.0,0.03,0.01,7,1,5.4,5.0,90.9,90.9,0.7,0.7,164.6,224.3,1018.4,1018.4,-0.23,323.9,24.74,33.8896,10.7103,607.6,57.6,1491.096, NAN, NAN, NAN, NAN,,2024/04/09 23:13:48.330,2024-04-09 23:13:48.330000+00:00
2024/04/09, 23:14:48.330,39.424,-71.442,11.21,49.83,49.89,10.77,10.9,10.9,1016.5,1016.3,0.0,0.0,0.03,0.01,8,2,5.5,5.2,90.9,90.7,0.8,0.4,146.5,201.3,1018.6,1018.4,-1.53,323.32,21.9,33.9352,10.836,590.0,58.1,1491.595, NAN, NAN, NAN, NAN,,2024/04/09 23:14:48.330,2024-04-09 23:14:48.330000+00:00
2024/04/09, 23:15:48.330,39.426,-71.439,11.27,50.33,50.22,11.04,10.9,10.9,1016.5,1016.4,0.0,0.0,0.03,0.01,9,3,5.4,5.2,90.7,90.7,0.9,0.5,162.7,202.4,1018.6,1018.5,-2.2,322.98,19.29,33.973,10.8892,564.3,58.1,1491.828, NAN, NAN, NAN, NAN,,2024/04/09 23:15:48.330,2024-04-09 23:15:48.330000+00:00
2024/04/09, 23:16:48.330,39.427,-71.435,11.14,50.04,51.03,11.08,10.9,10.9,1016.5,1016.5,0.0,0.0,0.03,0.01,9,3,5.8,5.6,90.7,90.7,0.8,0.2,137.5,171.2,1018.6,1018.6,-2.52,321.88,17.49,34.0213,10.9862,538.0,58.2,1492.227, NAN, NAN, NAN, NAN,,2024/04/09 23:16:48.330,2024-04-09 23:16:48.330000+00:00
2024/04/09, 23:17:48.330,39.429,-71.432,11.1,49.84,53.08,11.05,10.9,10.9,1016.5,1016.5,0.0,0.0,0.03,0.01,10,4,5.7,5.5,89.8,89.8,0.8,0.3,144.3,182.1,1018.6,1018.6,-2.9,321.04,15.77,34.0637,11.0889,503.8,58.0,1492.638, NAN, NAN, NAN, NAN,,2024/04/09 23:17:48.330,2024-04-09 23:17:48.330000+00:00
2024/04/09, 23:18:48.330,39.431,-71.429,11.0,50.02,50.21,11.05,10.9,10.9,1016.5,1016.5,0.0,0.0,0.03,0.01,8,2,5.7,5.5,89.8,89.9,0.8,0.3,142.6,183.4,1018.6,1018.6,-3.33,320.52,13.84,34.1002,11.2154,480.0,58.0,1493.124, NAN, NAN, NAN, NAN,,2024/04/09 23:18:48.330,2024-04-09 23:18:48.330000+00:00
2024/04/09, 23:19:48.330,39.433,-71.426,10.87,50.22,50.23,10.79,10.9,10.9,1016.3,1016.5,0.0,0.0,0.03,0.01,7,1,6.1,5.8,89.8,89.9,0.9,0.3,104.5,64.5,1018.4,1018.6,-4.09,320.44,11.75,34.0963,11.2326,492.3,58.1,1493.179, NAN, NAN, NAN, NAN,,2024/04/09 23:19:48.330,2024-04-09 23:19:48.330000+00:00
2024/04/09, 23:20:48.330,39.435,-71.423,10.8,50.01,48.97,11.04,10.9,10.9,1016.5,1016.3,0.0,0.0,0.03,0.01,8,2,6.1,5.8,89.7,89.8,1.0,0.3,118.5,116.6,1018.6,1018.4,-4.47,320.86,9.77,34.0769,11.1792,504.1,57.9,1492.97, NAN, NAN, NAN, NAN,,2024/04/09 23:20:48.330,2024-04-09 23:20:48.330000+00:00
2024/04/09, 23:21:48.331,39.437,-71.42,10.95,50.09,51.37,10.88,10.9,10.9,1016.3,1016.3,0.0,0.0,0.03,0.01,10,4,6.1,5.7,89.8,89.8,1.1,0.3,117.1,123.6,1018.4,1018.4,-4.73,321.57,8.5,34.0708,11.1482,545.1,57.8,1492.854, NAN, NAN, NAN, NAN,,2024/04/09 23:21:48.331,2024-04-09 23:21:48.331000+00:00
2024/04/09, 23:22:48.331,39.439,-71.417,11.11,50.3,50.94,11.05,10.9,10.9,1016.5,1016.3,0.0,0.0,0.03,0.01,10,4,6.3,5.9,89.7,89.8,1.3,0.5,115.6,116.2,1018.6,1018.4,-5.09,321.77,7.41,34.0772,11.2177,525.4,58.1,1493.104, NAN, NAN, NAN, NAN,,2024/04/09 23:22:48.331,2024-04-09 23:22:48.331000+00:00
2024/04/09, 23:23:48.331,39.441,-71.414,11.16,49.85,50.29,11.06,10.9,11.0,1016.6,1016.5,0.0,0.0,0.03,0.01,11,5,6.4,6.1,89.7,89.8,1.3,0.6,111.9,97.9,1018.7,1018.6,-5.27,322.13,6.45,34.0934,11.2065,505.1,58.4,1493.085, NAN, NAN, NAN, NAN,,2024/04/09 23:23:48.331,2024-04-09 23:23:48.331000+00:00
2024/04/09, 23:24:48.331,39.443,-71.411,11.13,50.21,51.29,11.03,11.0,11.0,1016.5,1016.5,0.0,0.0,0.03,0.01,10,4,6.3,6.2,89.7,89.7,1.1,0.6,112.4,84.7,1018.6,1018.6,-5.36,322.57,5.6,34.1148,11.2109,494.7,57.9,1493.126, NAN, NAN, NAN, NAN,,2024/04/09 23:24:48.331,2024-04-09 23:24:48.331000+00:00
2024/04/09, 23:25:48.331,39.445,-71.408,11.1,50.37,51.48,11.01,11.0,11.0,1016.5,1016.5,0.0,0.0,0.03,0.01,9,3,6.2,6.0,89.5,89.5,1.0,0.4,113.5,88.5,1018.6,1018.6,-5.43,322.76,4.74,34.1289,11.2319,470.5,57.7,1493.216, NAN, NAN, NAN, NAN,,2024/04/09 23:25:48.331,2024-04-09 23:25:48.331000+00:00
2024/04/09, 23:26:48.331,39.447,-71.405,11.07,49.88,51.55,10.88,10.9,11.0,1016.6,1016.4,0.0,0.0,0.03,0.01,8,2,6.4,6.3,89.2,89.3,1.1,0.7,99.3,65.6,1018.7,1018.5,-5.66,322.81,4.07,34.1404,11.1552,477.2,57.9,1492.962, NAN, NAN, NAN, NAN,,2024/04/09 23:26:48.331,2024-04-09 23:26:48.331000+00:00
2024/04/09, 23:27:48.331,39.449,-71.402,11.07,50.14,51.06,10.75,10.9,11.0,1016.5,1016.3,0.0,0.0,0.03,0.01,10,3,6.6,6.3,89.4,89.5,1.4,0.8,96.5,65.3,1018.6,1018.4,-5.66,322.91,3.48,34.1327,11.046,487.6,58.1,1492.571, NAN, NAN, NAN, NAN,,2024/04/09 23:27:48.331,2024-04-09 23:27:48.331000+00:00
2024/04/09, 23:28:48.331,39.451,-71.399,11.09,50.38,50.69,10.72,10.9,11.0,1016.5,1016.5,0.0,0.0,0.03,0.01,11,4,6.9,6.5,89.8,89.9,1.8,1.1,95.7,73.4,1018.6,1018.6,-5.9,322.98,2.94,34.1202,10.951,497.1,58.2,1492.223, NAN, NAN, NAN, NAN,,2024/04/09 23:28:48.331,2024-04-09 23:28:48.331000+00:00
2024/04/09, 23:29:48.331,39.453,-71.396,10.96,50.15,49.4,10.9,10.9,11.0,1016.6,1016.5,0.0,0.0,0.03,0.01,12,6,6.6,6.3,90.1,90.2,1.7,1.0,109.1,96.8,1018.7,1018.6,-5.96,323.25,2.47,34.1137,10.9857,506.5,57.9,1492.337, NAN, NAN, NAN, NAN,,2024/04/09 23:29:48.331,2024-04-09 23:29:48.331000+00:00
2024/04/09, 23:30:48.331,39.455,-71.393,11.14,50.0,48.94,10.83,10.9,11.0,1016.5,1016.3,0.0,0.0,0.03,0.01,13,7,6.6,6.4,91.3,91.2,1.7,1.1,110.0,95.1,1018.6,1018.4,-6.07,322.48,2.0,34.1053,10.886,524.0,58.1,1491.976, NAN, NAN, NAN, NAN,,2024/04/09 23:30:48.331,2024-04-09 23:30:48.331000+00:00
2024/04/09, 23:31:48.331,39.456,-71.39,11.15,49.92,50.33,10.88,10.8,10.9,1016.5,1016.5,0.0,0.0,0.03,0.01,15,9,6.4,6.1,90.8,90.6,1.7,1.0,119.2,113.1,1018.6,1018.6,-6.16,322.0,1.67,34.0862,10.8613,528.6,58.0,1491.866, NAN, NAN, NAN, NAN,,2024/04/09 23:31:48.331,2024-04-09 23:31:48.331000+00:00
2024/04/09, 23:32:48.331,39.458,-71.387,11.17,50.52,50.15,10.96,10.7,10.8,1016.6,1016.5,0.0,0.0,0.03,0.01,15,9,6.6,6.3,90.1,90.1,1.8,1.1,116.8,109.2,1018.7,1018.6,-6.26,321.39,1.37,34.0687,10.9482,542.8,58.1,1492.151, NAN, NAN, NAN, NAN,,2024/04/09 23:32:48.331,2024-04-09 23:32:48.331000+00:00
2024/04/09, 23:33:48.331,39.46,-71.384,11.25,50.06,53.66,11.07,10.6,10.6,1016.5,1016.5,0.0,0.0,0.03,0.01,16,10,6.6,6.2,89.7,89.7,1.7,0.9,117.4,113.3,1018.6,1018.6,-6.47,321.57,1.13,34.0651,10.8684,556.6,58.6,1491.866, NAN, NAN, NAN, NAN,,2024/04/09 23:33:48.331,2024-04-09 23:33:48.331000+00:00
2024/04/09, 23:34:48.331,39.462,-71.381,11.17,49.33,49.11,10.72,10.5,10.5,1016.5,1016.7,0.0,0.0,0.03,0.01,14,8,6.8,6.4,88.9,89.0,1.9,1.2,105.1,94.9,1018.6,1018.8,-6.59,321.22,0.92,34.0522,10.8671,581.4,58.1,1491.846, NAN, NAN, NAN, NAN,,2024/04/09 23:34:48.331,2024-04-09 23:34:48.331000+00:00
2024/04/09, 23:35:48.331,39.464,-71.378,11.17,50.09,49.7,10.87,10.3,10.5,1016.6,1016.5,0.0,0.0,0.03,0.01,13,7,7.3,6.9,86.0,88.6,2.3,1.5,97.7,84.7,1018.7,1018.6,-6.73,320.65,0.73,34.0433,10.8748,582.0,58.3,1491.862, NAN, NAN, NAN, NAN,,2024/04/09 23:35:48.331,2024-04-09 23:35:48.331000+00:00
2024/04/09, 23:36:48.331,39.466,-71.375,11.18,50.11,51.42,10.63,10.4,10.4,1016.6,1016.5,0.0,0.0,0.03,0.01,14,8,7.1,6.8,89.1,89.1,2.1,1.5,96.8,80.5,1018.7,1018.6,-6.63,321.03,0.59,34.0407,10.8865,581.2,58.4,1491.9, NAN, NAN, NAN, NAN,,2024/04/09 23:36:48.331,2024-04-09 23:36:48.331000+00:00
2024/04/09, 23:37:48.332,39.468,-71.372,11.18,50.77,51.76,10.87,10.4,10.4,1016.5,1016.5,0.0,0.0,0.03,0.01,15,9,7.0,6.6,89.3,89.6,2.1,1.3,106.1,95.4,1018.6,1018.6,-6.54,321.18,0.48,34.036,10.9322,584.6,58.4,1492.055, NAN, NAN, NAN, NAN,,2024/04/09 23:37:48.332,2024-04-09 23:37:48.332000+00:00
2024/04/09, 23:38:48.332,39.47,-71.369,11.12,49.44,50.84,10.59,10.4,10.4,1016.5,1016.5,0.0,0.0,0.03,0.01,15,9,6.9,6.6,88.8,88.9,2.0,1.4,102.3,88.2,1018.6,1018.6,-6.51,320.31,0.38,34.0263,10.9519,578.4,58.1,1492.113, NAN, NAN, NAN, NAN,,2024/04/09 23:38:48.332,2024-04-09 23:38:48.332000+00:00
2024/04/09, 23:39:48.332,39.472,-71.366,11.1,49.64,49.88,10.72,10.4,10.4,1016.5,1016.5,0.0,0.0,0.03,0.01,15,10,6.9,6.6,88.7,88.6,2.1,1.5,105.6,96.9,1018.6,1018.6,-6.56,320.24,0.3,33.9851,10.9838,609.2,58.1,1492.175, NAN, NAN, NAN, NAN,,2024/04/09 23:39:48.332,2024-04-09 23:39:48.332000+00:00
2024/04/09, 23:40:48.332,39.473,-71.363,11.16,49.72,52.58,10.87,10.4,10.4,1016.6,1016.6,0.0,0.0,0.03,0.01,14,8,6.8,6.5,89.1,89.2,1.8,1.2,106.1,92.2,1018.7,1018.7,-6.55,320.03,0.23,33.9489,10.9968,609.9,58.5,1492.177, NAN, NAN, NAN, NAN,,2024/04/09 23:40:48.332,2024-04-09 23:40:48.332000+00:00
2024/04/09, 23:41:48.332,39.475,-71.36,11.14,50.3,50.77,10.6,10.3,10.4,1016.5,1016.5,0.0,0.0,0.03,0.01,14,8,6.6,6.3,88.5,88.5,1.9,1.2,109.8,99.2,1018.6,1018.6,-6.51,318.98,0.18,33.9077,10.9401,639.8,58.6,1491.928, NAN, NAN, NAN, NAN,,2024/04/09 23:41:48.332,2024-04-09 23:41:48.332000+00:00
2024/04/09, 23:42:48.332,39.477,-71.357,11.09,49.9,51.06,10.81,10.3,10.3,1016.7,1016.7,0.0,0.0,0.03,0.01,16,10,6.5,6.2,88.1,88.1,1.8,1.1,117.7,110.6,1018.8,1018.8,-6.6,318.65,0.14,33.8651,10.8957,654.4,58.3,1491.72, NAN, NAN, NAN, NAN,,2024/04/09 23:42:48.332,2024-04-09 23:42:48.332000+00:00
2024/04/09, 23:43:48.332,39.479,-71.354,11.05,49.19,51.64,10.58,10.3,10.3,1016.6,1016.6,0.0,0.0,0.03,0.01,17,11,6.3,5.8,88.0,88.0,1.8,1.0,120.2,124.4,1018.7,1018.7,-6.71,318.24,0.11,33.8417,10.8136,673.9,58.1,1491.403, NAN, NAN, NAN, NAN,,2024/04/09 23:43:48.332,2024-04-09 23:43:48.332000+00:00
2024/04/09, 23:44:48.332,39.481,-71.352,11.08,49.56,49.1,10.72,10.2,10.3,1016.6,1016.6,0.0,0.0,0.03,0.01,17,11,6.1,5.7,87.6,87.6,1.9,1.2,129.7,135.4,1018.7,1018.7,-6.65,318.37,0.08,33.8225,10.6509,690.4,58.5,1490.805, NAN, NAN, NAN, NAN,,2024/04/09 23:44:48.332,2024-04-09 23:44:48.332000+00:00
2024/04/09, 23:45:48.332,39.483,-71.349,11.07,50.43,50.5,10.72,10.2,10.3,1016.8,1016.6,0.0,0.0,0.03,0.01,17,11,5.9,5.5,87.8,87.8,1.8,1.1,136.2,146.1,1018.9,1018.7,-6.63,317.92,0.06,33.805,10.5633,672.1,58.4,1490.473, NAN, NAN, NAN, NAN,,2024/04/09 23:45:48.332,2024-04-09 23:45:48.332000+00:00
2024/04/09, 23:46:48.332,39.485,-71.346,11.03,49.73,47.72,10.69,10.3,10.3,1016.8,1016.8,0.0,0.0,0.03,0.01,17,11,5.7,5.5,88.1,88.0,1.8,1.2,141.1,144.3,1018.9,1018.9,-6.74,317.32,0.04,33.7932,10.6312,684.3,58.3,1490.7, NAN, NAN, NAN, NAN,,2024/04/09 23:46:48.332,2024-04-09 23:46:48.332000+00:00
2024/04/09, 23:47:48.332,39.487,-71.343,11.03,49.51,50.68,10.45,10.2,10.2,1016.7,1016.8,0.0,0.0,0.03,0.01,16,9,5.8,5.4,86.2,86.4,1.5,0.8,131.8,142.3,1018.8,1018.9,-6.7,316.22,0.03,33.7413,10.5672,694.4,58.4,1490.41, NAN, NAN, NAN, NAN,,2024/04/09 23:47:48.332,2024-04-09 23:47:48.332000+00:00
2024/04/09, 23:48:48.332,39.489,-71.34,11.01,49.86,48.33,10.83,10.2,10.2,1016.8,1016.8,0.0,0.0,0.03,0.01,17,12,5.6,5.4,85.8,85.8,1.7,1.2,147.0,153.6,1018.9,1018.9,-6.78,316.67,0.02,33.6675,10.3919,750.8,58.1,1489.697, NAN, NAN, NAN, NAN,,2024/04/09 23:48:48.332,2024-04-09 23:48:48.332000+00:00
2024/04/09, 23:49:48.332,39.491,-71.337,11.07,49.76,49.66,10.93,10.2,10.2,1016.8,1016.8,0.0,0.0,0.03,0.01,16,10,5.9,5.4,86.8,87.0,1.6,1.0,137.9,157.2,1018.9,1018.9,-6.78,315.86,0.01,33.6039,10.1857,768.9,58.2,1488.882, NAN, NAN, NAN, NAN,,2024/04/09 23:49:48.332,2024-04-09 23:49:48.332000+00:00
2024/04/09, 23:50:48.332,39.493,-71.334,11.06,49.03,47.52,10.8,10.2,10.2,1016.9,1016.9,0.0,0.0,0.03,0.01,15,8,6.0,5.7,86.4,86.6,1.6,0.9,130.5,132.8,1019.0,1019.0,-6.7,315.43,-0.0,33.5461,9.9187,741.1,58.0,1487.851, NAN, NAN, NAN, NAN,,2024/04/09 23:50:48.332,2024-04-09 23:50:48.332000+00:00
2024/04/09, 23:51:48.332,39.495,-71.331,11.15,49.3,50.11,10.88,10.2,10.2,1016.9,1016.9,0.0,0.0,0.03,0.01,15,9,6.0,5.6,86.2,86.2,1.6,0.9,131.8,143.3,1019.0,1019.0,-6.79,315.57,-0.0,33.4763,9.6474,769.1,58.1,1486.783, NAN, NAN, NAN, NAN,,2024/04/09 23:51:48.332,2024-04-09 23:51:48.332000+00:00
2024/04/09, 23:52:48.333,39.496,-71.328,11.16,50.25,50.04,10.9,10.3,10.3,1016.9,1017.0,0.0,0.0,0.03,0.01,17,11,5.6,5.4,87.9,87.7,1.7,1.2,148.4,155.3,1019.0,1019.1,-6.75,316.58,-0.01,33.4587,9.4242,732.3,57.9,1485.948, NAN, NAN, NAN, NAN,,2024/04/09 23:52:48.333,2024-04-09 23:52:48.333000+00:00
2024/04/09, 23:53:48.333,39.498,-71.325,11.19,49.3,47.76,10.66,10.3,10.3,1017.0,1016.9,0.0,0.0,0.03,0.01,19,13,5.3,5.0,87.6,87.5,1.8,1.3,154.2,166.9,1019.1,1019.0,-6.65,316.35,-0.01,33.4253,9.2519,701.7,58.1,1485.276, NAN, NAN, NAN, NAN,,2024/04/09 23:53:48.333,2024-04-09 23:53:48.333000+00:00
2024/04/09, 23:54:48.333,39.5,-71.322,11.16,50.47,51.09,10.67,10.3,10.3,1017.0,1017.1,0.0,0.0,0.03,0.01,20,14,5.0,4.8,88.2,88.1,1.8,1.4,166.2,177.8,1019.1,1019.2,-6.65,316.53,-0.01,33.4134,9.2047,675.8,57.9,1485.088, NAN, NAN, NAN, NAN,,2024/04/09 23:54:48.333,2024-04-09 23:54:48.333000+00:00
2024/04/09, 23:55:48.333,39.502,-71.319,11.16,50.72,51.63,10.99,10.2,10.2,1017.0,1017.0,0.0,0.0,0.03,0.01,20,15,5.0,4.7,87.8,87.6,1.9,1.6,170.8,184.7,1019.1,1019.1,-6.82,315.92,-0.01,33.3638,9.1429,694.7,57.6,1484.8, NAN, NAN, NAN, NAN,,2024/04/09 23:55:48.333,2024-04-09 23:55:48.333000+00:00
2024/04/09, 23:56:48.333,39.504,-71.316,11.16,49.66,49.49,10.71,10.1,10.2,1017.0,1017.0,0.0,0.0,0.03,0.01,21,16,5.0,4.7,87.0,86.9,2.0,1.6,164.5,176.6,1019.1,1019.1,-6.88,316.11,-0.01,33.3347,9.0471,691.3,57.7,1484.411, NAN, NAN, NAN, NAN,,2024/04/09 23:56:48.333,2024-04-09 23:56:48.333000+00:00
2024/04/09, 23:57:48.333,39.506,-71.313,11.1,50.06,48.51,10.52,10.1,10.1,1017.0,1017.0,0.0,0.0,0.03,0.01,19,14,5.1,4.8,86.6,86.7,1.8,1.4,159.5,173.0,1019.1,1019.1,-6.96,315.88,-0.02,33.3192,8.9939,641.9,57.5,1484.195, NAN, NAN, NAN, NAN,,2024/04/09 23:57:48.333,2024-04-09 23:57:48.333000+00:00
2024/04/09, 23:58:48.333,39.508,-71.31,11.13,49.76,50.72,10.88,10.1,10.1,1016.9,1016.9,0.0,0.0,0.03,0.01,20,14,5.1,4.7,86.1,86.2,1.8,1.5,165.8,184.9,1019.0,1019.0,-7.11,315.46,-0.02,33.3023,8.973,629.1,57.2,1484.097, NAN, NAN, NAN, NAN,,2024/04/09 23:58:48.333,2024-04-09 23:58:48.333000+00:00
2024/04/09, 23:59:48.333,39.51,-71.307,11.26,50.28,51.45,10.87,10.0,10.1,1017.0,1016.9,0.0,0.0,0.03,0.01,20,15,5.1,4.7,85.3,85.4,1.7,1.4,168.1,187.3,1019.1,1019.0,-6.97,314.99,-0.02,33.298,9.0135,632.4,57.4,1484.241, NAN, NAN, NAN, NAN,,2024/04/09 23:59:48.333,2024-04-09 23:59:48.333000+00:00
2024/04/08, 00:00:48.150,35.946,-75.117, 0.01,22.35,58.61,0.01,9.9,9.9,1018.4,1018.3,0.0,0.0,0.0,0.0,359,353,2.9,2.8,64.0,64.0,2.9,2.8,21.4,15.4,1020.5,1020.4,-7.54,288.31,0.04,32.2436,9.755,418.0,43.7,1485.671, NAN, NAN, NAN, NAN,,2024/04/08 00:00:48.150,2024-04-08 00:00:48.150000+00:00
2024/04/08, 00:01:48.151,35.946,-75.117, -0.02,14.95,129.64,0.12,9.9,9.9,1018.4,1018.4,0.0,0.0,0.0,0.0,18,12,3.0,3.0,63.8,63.8,3.0,3.0,32.1,26.0,1020.5,1020.5,-7.57,288.52,0.03,32.2431,9.757,412.3,43.7,1485.678, NAN, NAN, NAN, NAN,,2024/04/08 00:01:48.151,2024-04-08 00:01:48.151000+00:00
2024/04/08, 00:02:48.151,35.946,-75.117, 0.03,14.7,194.45,0.07,9.9,9.9,1018.4,1018.4,0.0,0.0,0.0,0.0,18,11,3.7,3.4,63.7,63.6,3.7,3.4,32.5,25.4,1020.5,1020.5,-7.42,288.53,0.02,32.2469,9.7565,411.0,43.8,1485.681, NAN, NAN, NAN, NAN,,2024/04/08 00:02:48.151,2024-04-08 00:02:48.151000+00:00
2024/04/08, 00:03:48.151,35.946,-75.117, 0.01,12.97,134.75,0.04,9.9,9.9,1018.4,1018.4,0.0,0.0,0.0,0.0,20,13,3.7,3.4,63.2,63.6,3.7,3.4,32.7,25.6,1020.5,1020.5,-7.51,288.68,0.01,32.2425,9.7573,412.9,43.9,1485.678, NAN, NAN, NAN, NAN,,2024/04/08 00:03:48.151,2024-04-08 00:03:48.151000+00:00
2024/04/08, 00:04:48.151,35.946,-75.117, 0.01,13.18,112.96,0.05,9.9,10.0,1018.4,1018.4,0.0,0.0,0.0,0.0,27,22,3.6,3.5,63.1,63.0,3.6,3.5,39.9,34.9,1020.5,1020.5,-7.43,288.55,0.01,32.2429,9.7571,413.7,43.9,1485.678, NAN, NAN, NAN, NAN,,2024/04/08 00:04:48.151,2024-04-08 00:04:48.151000+00:00
2024/04/08, 00:05:48.151,35.946,-75.117, 0.01,12.43,36.77,0.16,10.0,10.0,1018.4,1018.4,0.0,0.0,0.0,0.0,28,23,3.9,3.7,63.0,63.2,3.8,3.6,39.8,34.7,1020.5,1020.5,-7.4,288.52,0.0,32.2427,9.7565,409.9,43.9,1485.676, NAN, NAN, NAN, NAN,,2024/04/08 00:05:48.151,2024-04-08 00:05:48.151000+00:00
2024/04/08, 00:06:48.151,35.946,-75.117, -0.01,12.79,289.02,0.12,10.0,10.0,1018.4,1018.4,0.0,0.0,0.0,0.0,29,23,4.0,4.0,61.8,62.0,4.0,4.0,42.7,36.7,1020.5,1020.5,-7.31,288.56,-0.0,32.242,9.7541,409.9,43.9,1485.666, NAN, NAN, NAN, NAN,,2024/04/08 00:06:48.151,2024-04-08 00:06:48.151000+00:00
2024/04/08, 00:07:48.151,35.946,-75.117, 0.00,13.27,290.37,0.18,10.0,10.0,1018.4,1018.4,0.0,0.0,0.0,0.0,29,24,4.0,4.2,60.9,61.0,4.0,4.2,43.5,38.5,1020.5,1020.5,-7.24,288.86,-0.01,32.2402,9.7522,415.6,43.9,1485.657, NAN, NAN, NAN, NAN,,2024/04/08 00:07:48.151,2024-04-08 00:07:48.151000+00:00
2024/04/08, 00:08:48.151,35.946,-75.117, 0.01,12.94,130.15,0.31,10.1,10.1,1018.4,1018.4,0.0,0.0,0.0,0.0,29,23,4.4,4.1,61.3,61.4,4.4,4.1,39.9,33.7,1020.5,1020.5,-7.2,288.91,-0.01,32.2402,9.7526,411.3,43.7,1485.659, NAN, NAN, NAN, NAN,,2024/04/08 00:08:48.151,2024-04-08 00:08:48.151000+00:00
2024/04/08, 00:09:48.151,35.946,-75.117, 0.00,12.09,203.3,0.14,10.1,10.1,1018.4,1018.4,0.0,0.0,0.0,0.0,29,24,4.3,4.1,61.8,61.8,4.3,4.1,41.9,36.9,1020.5,1020.5,-7.06,288.93,-0.01,32.2398,9.753,410.4,43.8,1485.659, NAN, NAN, NAN, NAN,,2024/04/08 00:09:48.151,2024-04-08 00:09:48.151000+00:00
2024/04/08, 00:10:48.151,35.946,-75.117, -0.02,12.99,308.48,0.24,10.1,10.1,1018.4,1018.4,0.0,0.0,0.0,0.0,31,26,4.3,4.2,61.7,61.8,4.4,4.2,45.5,40.6,1020.5,1020.5,-7.08,288.98,-0.01,32.2393,9.7544,408.3,43.8,1485.664, NAN, NAN, NAN, NAN,,2024/04/08 00:10:48.151,2024-04-08 00:10:48.151000+00:00
2024/04/08, 00:11:48.151,35.946,-75.117, 0.02,12.86,244.34,0.1,10.1,10.1,1018.4,1018.5,0.0,0.0,0.0,0.0,26,20,4.0,3.8,62.5,62.4,4.1,3.9,38.7,32.8,1020.5,1020.6,-7.08,288.82,-0.01,32.2398,9.7551,408.6,43.8,1485.667, NAN, NAN, NAN, NAN,,2024/04/08 00:11:48.151,2024-04-08 00:11:48.151000+00:00
2024/04/08, 00:12:48.151,35.946,-75.117, -0.03,12.12,138.38,0.17,10.1,10.1,1018.4,1018.4,0.0,0.0,0.0,0.0,27,22,4.0,3.8,62.7,62.7,4.0,3.8,38.0,32.9,1020.5,1020.5,-7.15,288.94,-0.01,32.2424,9.7547,410.0,43.8,1485.669, NAN, NAN, NAN, NAN,,2024/04/08 00:12:48.151,2024-04-08 00:12:48.151000+00:00
2024/04/08, 00:13:48.151,35.946,-75.117, -0.03,12.52,232.71,0.32,10.1,10.1,1018.4,1018.4,0.0,0.0,0.0,0.0,20,18,3.2,3.6,63.3,63.2,3.4,3.8,33.2,31.2,1020.5,1020.5,-7.2,288.6,-0.02,32.2396,9.7529,411.3,43.8,1485.659, NAN, NAN, NAN, NAN,,2024/04/08 00:13:48.151,2024-04-08 00:13:48.151000+00:00
2024/04/08, 00:14:48.151,35.946,-75.117, 0.04,13.46,293.84,0.11,10.1,10.1,1018.4,1018.5,0.0,0.0,0.0,0.0,26,19,4.0,3.8,63.3,63.8,4.0,3.8,38.7,31.6,1020.5,1020.6,-7.3,288.93,-0.01,32.2388,9.7503,407.6,43.7,1485.648, NAN, NAN, NAN, NAN,,2024/04/08 00:14:48.151,2024-04-08 00:14:48.151000+00:00
2024/04/08, 00:15:48.151,35.946,-75.117, -0.01,12.59,214.7,0.15,10.1,10.1,1018.6,1018.5,0.0,0.0,0.0,0.0,18,11,3.5,3.5,64.3,64.1,3.6,3.6,31.1,24.2,1020.7,1020.6,-7.31,288.78,-0.02,32.2411,9.7488,412.3,43.6,1485.646, NAN, NAN, NAN, NAN,,2024/04/08 00:15:48.151,2024-04-08 00:15:48.151000+00:00
2024/04/08, 00:16:48.151,35.946,-75.117, -0.03,11.75,263.44,0.15,10.0,10.1,1018.6,1018.5,0.0,0.0,0.0,0.0,20,14,3.6,3.3,64.8,64.8,3.7,3.4,31.1,25.2,1020.7,1020.6,-7.31,288.85,-0.01,32.2407,9.7485,413.2,43.6,1485.644, NAN, NAN, NAN, NAN,,2024/04/08 00:16:48.151,2024-04-08 00:16:48.151000+00:00
2024/04/08, 00:17:48.151,35.946,-75.117, 0.00,12.77,82.23,0.27,10.0,10.1,1018.4,1018.4,0.0,0.0,0.0,0.0,22,15,3.5,3.2,65.6,65.6,3.4,3.1,32.9,25.6,1020.5,1020.5,-7.37,288.96,-0.02,32.2392,9.7484,413.4,43.1,1485.642, NAN, NAN, NAN, NAN,,2024/04/08 00:17:48.151,2024-04-08 00:17:48.151000+00:00
2024/04/08, 00:18:48.152,35.946,-75.117, 0.04,12.6,282.02,0.01,10.0,10.0,1018.6,1018.5,0.0,0.0,0.0,0.0,20,13,3.6,3.3,65.8,66.4,3.6,3.3,32.6,25.6,1020.7,1020.6,-7.41,288.96,-0.02,32.2367,9.7479,413.7,43.3,1485.637, NAN, NAN, NAN, NAN,,2024/04/08 00:18:48.152,2024-04-08 00:18:48.152000+00:00
2024/04/08, 00:19:48.152,35.946,-75.117, -0.01,12.29,81.65,0.13,10.0,10.0,1018.6,1018.6,0.0,0.0,0.0,0.0,18,12,3.5,3.2,67.4,67.3,3.5,3.2,29.5,23.4,1020.7,1020.7,-7.45,289.0,-0.02,32.2385,9.7489,412.9,43.5,1485.643, NAN, NAN, NAN, NAN,,2024/04/08 00:19:48.152,2024-04-08 00:19:48.152000+00:00
2024/04/08, 00:20:48.152,35.946,-75.117, -0.01,12.94,289.5,0.34,10.0,10.0,1018.5,1018.6,0.0,0.0,0.0,0.0,20,11,3.6,3.2,67.5,67.9,3.7,3.2,35.6,27.0,1020.6,1020.7,-7.44,289.36,-0.02,32.2385,9.7511,410.7,43.3,1485.651, NAN, NAN, NAN, NAN,,2024/04/08 00:20:48.152,2024-04-08 00:20:48.152000+00:00
2024/04/08, 00:21:48.152,35.946,-75.117, -0.01,12.79,112.11,0.08,9.9,10.0,1018.6,1018.6,0.0,0.0,0.0,0.0,21,13,3.6,3.2,67.7,67.7,3.6,3.2,33.2,25.1,1020.7,1020.7,-7.56,289.4,-0.01,32.239,9.7533,414.4,42.9,1485.66, NAN, NAN, NAN, NAN,,2024/04/08 00:21:48.152,2024-04-08 00:21:48.152000+00:00
2024/04/08, 00:22:48.152,35.946,-75.117, -0.02,12.17,155.2,0.18,9.9,10.0,1018.6,1018.6,0.0,0.0,0.0,0.0,19,12,3.6,3.4,67.5,67.3,3.7,3.5,30.1,23.2,1020.7,1020.7,-7.54,289.4,-0.01,32.2387,9.7478,411.3,43.1,1485.639, NAN, NAN, NAN, NAN,,2024/04/08 00:22:48.152,2024-04-08 00:22:48.152000+00:00
2024/04/08, 00:23:48.152,35.946,-75.117, -0.02,11.86,113.45,0.41,9.9,10.0,1018.6,1018.6,0.0,0.0,0.0,0.0,19,14,3.8,3.5,67.5,67.5,3.8,3.6,27.8,22.6,1020.7,1020.7,-7.55,289.46,-0.02,32.242,9.7444,414.7,43.0,1485.631, NAN, NAN, NAN, NAN,,2024/04/08 00:23:48.152,2024-04-08 00:23:48.152000+00:00
2024/04/08, 00:24:48.152,35.946,-75.117, 0.02,12.78,106.54,0.31,10.0,10.0,1018.7,1018.6,0.0,0.0,0.0,0.0,22,14,3.7,3.6,67.5,67.1,3.7,3.6,32.4,24.2,1020.8,1020.7,-7.49,289.39,-0.02,32.2379,9.7434,412.0,43.0,1485.622, NAN, NAN, NAN, NAN,,2024/04/08 00:24:48.152,2024-04-08 00:24:48.152000+00:00
2024/04/08, 00:25:48.152,35.946,-75.117, -0.01,12.76,280.78,0.24,10.0,10.0,1018.7,1018.7,0.0,0.0,0.0,0.0,20,15,3.8,3.5,67.8,67.6,3.9,3.5,34.4,29.6,1020.8,1020.8,-7.54,289.44,-0.02,32.2377,9.7434,415.3,43.1,1485.622, NAN, NAN, NAN, NAN,,2024/04/08 00:25:48.152,2024-04-08 00:25:48.152000+00:00
2024/04/08, 00:26:48.152,35.946,-75.117, 0.01,12.26,120.08,0.21,10.0,10.0,1018.7,1018.7,0.0,0.0,0.0,0.0,21,15,3.7,3.4,68.3,68.5,3.7,3.4,31.6,25.5,1020.8,1020.8,-7.5,289.62,-0.02,32.237,9.7445,411.6,43.2,1485.625, NAN, NAN, NAN, NAN,,2024/04/08 00:26:48.152,2024-04-08 00:26:48.152000+00:00
2024/04/08, 00:27:48.152,35.946,-75.117, -0.01,13.04,353.18,0.06,10.0,10.0,1018.8,1018.7,0.0,0.0,0.0,0.0,24,17,3.7,3.4,68.7,68.8,3.7,3.4,37.0,29.9,1020.9,1020.8,-7.42,289.8,-0.03,32.2375,9.7453,415.3,43.0,1485.629, NAN, NAN, NAN, NAN,,2024/04/08 00:27:48.152,2024-04-08 00:27:48.152000+00:00
2024/04/08, 00:28:48.152,35.946,-75.117, 0.00,13.14,16.06,0.15,10.0,10.0,1018.8,1018.7,0.0,0.0,0.0,0.0,24,18,3.7,3.7,69.1,68.9,3.7,3.7,36.1,30.2,1020.9,1020.8,-7.45,289.83,-0.02,32.2361,9.7444,415.3,43.0,1485.624, NAN, NAN, NAN, NAN,,2024/04/08 00:28:48.152,2024-04-08 00:28:48.152000+00:00
2024/04/08, 00:29:48.152,35.946,-75.117, 0.03,8.5,304.53,0.17,10.0,10.0,1018.7,1018.7,0.0,0.0,0.0,0.0,27,24,4.1,3.9,68.0,67.9,4.1,3.9,36.7,33.8,1020.8,1020.8,-7.49,289.75,-0.02,32.2349,9.7438,412.3,43.5,1485.62, NAN, NAN, NAN, NAN,,2024/04/08 00:29:48.152,2024-04-08 00:29:48.152000+00:00
2024/04/08, 00:30:48.152,35.946,-75.117, 0.01,7.21,282.18,0.22,10.0,10.0,1018.7,1018.7,0.0,0.0,0.0,0.0,31,27,4.1,4.2,67.0,67.1,4.1,4.2,39.7,35.7,1020.8,1020.8,-7.46,289.72,-0.02,32.2349,9.741,414.4,43.2,1485.61, NAN, NAN, NAN, NAN,,2024/04/08 00:30:48.152,2024-04-08 00:30:48.152000+00:00
2024/04/08, 00:31:48.152,35.946,-75.117, -0.02,7.05,305.05,0.15,10.0,10.0,1018.7,1018.6,0.0,0.0,0.0,0.0,35,27,3.7,4.6,66.4,66.9,3.7,4.6,43.2,35.0,1020.8,1020.7,-7.37,289.65,-0.02,32.2345,9.7369,413.7,43.0,1485.594, NAN, NAN, NAN, NAN,,2024/04/08 00:31:48.152,2024-04-08 00:31:48.152000+00:00
2024/04/08, 00:32:48.152,35.946,-75.117, 0.01,8.11,61.22,0.17,10.0,10.0,1018.7,1018.7,0.0,0.0,0.0,0.0,36,30,4.2,5.5,65.7,65.9,4.1,5.4,43.3,37.4,1020.8,1020.8,-7.33,289.68,-0.02,32.2343,9.7376,412.0,43.1,1485.597, NAN, NAN, NAN, NAN,,2024/04/08 00:32:48.152,2024-04-08 00:32:48.152000+00:00
2024/04/08, 00:33:48.152,35.946,-75.117, -0.02,7.55,185.97,0.11,10.1,10.1,1018.7,1018.6,0.0,0.0,0.0,0.0,36,30,4.2,5.4,65.1,65.1,4.2,5.4,44.0,37.9,1020.8,1020.7,-7.19,289.65,-0.02,32.2349,9.7397,412.6,43.0,1485.605, NAN, NAN, NAN, NAN,,2024/04/08 00:33:48.152,2024-04-08 00:33:48.152000+00:00
2024/04/08, 00:34:48.153,35.946,-75.117, 0.00,7.7,280.31,0.44,10.1,10.1,1018.7,1018.6,0.0,0.0,0.0,0.0,37,32,4.5,6.7,64.5,64.6,4.6,6.8,46.9,41.3,1020.8,1020.7,-7.25,289.69,-0.03,32.2328,9.7421,412.0,42.9,1485.611, NAN, NAN, NAN, NAN,,2024/04/08 00:34:48.153,2024-04-08 00:34:48.153000+00:00
2024/04/08, 00:35:48.153,35.946,-75.117, -0.01,8.26,299.15,0.19,10.1,10.1,1018.6,1018.6,0.0,0.0,0.0,0.0,36,31,4.5,5.9,64.4,64.4,4.6,6.0,45.2,40.1,1020.7,1020.7,-7.06,289.73,-0.02,32.2346,9.7445,412.0,43.0,1485.622, NAN, NAN, NAN, NAN,,2024/04/08 00:35:48.153,2024-04-08 00:35:48.153000+00:00
2024/04/08, 00:36:48.153,35.946,-75.117, -0.02,7.8,97.93,0.15,10.1,10.1,1018.6,1018.6,0.0,0.0,0.0,0.0,36,30,4.4,5.3,64.4,64.4,4.3,5.2,43.5,37.5,1020.7,1020.7,-7.09,289.49,-0.02,32.2351,9.7429,415.0,43.0,1485.617, NAN, NAN, NAN, NAN,,2024/04/08 00:36:48.153,2024-04-08 00:36:48.153000+00:00
2024/04/08, 00:37:48.153,35.946,-75.117, 0.01,7.19,279.67,0.11,10.1,10.2,1018.6,1018.6,0.0,0.0,0.0,0.0,38,32,4.3,6.0,63.7,63.6,4.4,6.1,45.0,39.1,1020.7,1020.7,-7.08,289.76,-0.02,32.2326,9.7434,414.4,42.1,1485.616, NAN, NAN, NAN, NAN,,2024/04/08 00:37:48.153,2024-04-08 00:37:48.153000+00:00
2024/04/08, 00:38:48.153,35.946,-75.117, 0.00,8.09,287.5,0.07,10.2,10.2,1018.6,1018.6,0.0,0.0,0.0,0.0,38,31,4.1,5.9,64.5,64.5,4.1,5.9,46.6,39.4,1020.7,1020.7,-7.07,289.74,-0.02,32.2338,9.7431,411.6,40.9,1485.616, NAN, NAN, NAN, NAN,,2024/04/08 00:38:48.153,2024-04-08 00:38:48.153000+00:00
2024/04/08, 00:39:48.153,35.946,-75.117, -0.01,7.69,98.03,0.17,10.2,10.2,1018.7,1018.7,0.0,0.0,0.0,0.0,36,31,4.0,5.6,64.8,65.1,4.0,5.6,44.8,39.5,1020.8,1020.8,-7.05,289.64,-0.02,32.2336,9.7435,413.2,41.9,1485.617, NAN, NAN, NAN, NAN,,2024/04/08 00:39:48.153,2024-04-08 00:39:48.153000+00:00
2024/04/08, 00:40:48.153,35.946,-75.117, 0.01,7.24,272.43,0.22,10.2,10.2,1018.8,1018.7,0.0,0.0,0.0,0.0,36,31,4.0,5.3,65.3,65.5,4.1,5.4,44.5,39.3,1020.9,1020.8,-7.19,289.46,-0.02,32.2331,9.7424,410.0,42.2,1485.613, NAN, NAN, NAN, NAN,,2024/04/08 00:40:48.153,2024-04-08 00:40:48.153000+00:00
2024/04/08, 00:41:48.153,35.946,-75.117, 0.01,8.15,270.42,0.39,10.1,10.2,1018.7,1018.7,0.0,0.0,0.0,0.0,39,33,3.9,6.1,65.5,65.6,4.0,6.2,49.3,42.6,1020.8,1020.8,-7.14,289.67,-0.02,32.2341,9.742,412.9,42.4,1485.613, NAN, NAN, NAN, NAN,,2024/04/08 00:41:48.153,2024-04-08 00:41:48.153000+00:00
2024/04/08, 00:42:48.153,35.946,-75.117, -0.04,7.78,300.93,0.07,10.1,10.2,1018.8,1018.7,0.0,0.0,0.0,0.0,37,30,3.5,4.7,65.2,65.3,3.5,4.7,45.2,38.1,1020.9,1020.8,-7.24,289.67,-0.02,32.2337,9.741,412.3,42.4,1485.608, NAN, NAN, NAN, NAN,,2024/04/08 00:42:48.153,2024-04-08 00:42:48.153000+00:00
2024/04/08, 00:43:48.153,35.946,-75.117, 0.00,7.04,75.69,0.21,10.1,10.2,1018.8,1018.8,0.0,0.0,0.0,0.0,35,30,3.6,4.6,67.2,67.3,3.6,4.6,40.4,35.7,1020.9,1020.9,-7.18,289.55,-0.02,32.2317,9.7401,412.6,42.5,1485.603, NAN, NAN, NAN, NAN,,2024/04/08 00:43:48.153,2024-04-08 00:43:48.153000+00:00
2024/04/08, 00:44:48.153,35.946,-75.117, 0.00,7.82,130.85,0.22,10.1,10.1,1018.8,1018.8,0.0,0.0,0.0,0.0,36,31,3.5,5.0,67.2,67.0,3.4,5.0,42.1,37.6,1020.9,1020.9,-7.32,289.59,-0.02,32.2352,9.7413,411.3,42.5,1485.611, NAN, NAN, NAN, NAN,,2024/04/08 00:44:48.153,2024-04-08 00:44:48.153000+00:00
2024/04/08, 00:45:48.153,35.946,-75.117, 0.00,7.5,96.55,0.3,10.1,10.1,1018.8,1018.7,0.0,0.0,0.0,0.0,36,31,3.3,4.5,67.2,67.1,3.2,4.4,41.2,36.7,1020.9,1020.8,-7.39,289.74,-0.02,32.2321,9.7418,414.7,42.8,1485.609, NAN, NAN, NAN, NAN,,2024/04/08 00:45:48.153,2024-04-08 00:45:48.153000+00:00
2024/04/08, 00:46:48.153,35.946,-75.117, -0.03,6.62,33.18,0.08,10.1,10.1,1018.8,1018.8,0.0,0.0,0.0,0.0,33,28,3.1,3.5,67.8,67.8,3.1,3.5,38.9,33.9,1020.9,1020.9,-7.37,289.96,-0.02,32.2321,9.7435,409.9,42.9,1485.616, NAN, NAN, NAN, NAN,,2024/04/08 00:46:48.153,2024-04-08 00:46:48.153000+00:00
2024/04/08, 00:47:48.153,35.946,-75.117, -0.01,8.4,263.94,0.21,10.1,10.1,1018.8,1018.7,0.0,0.0,0.0,0.0,40,33,3.3,5.2,66.5,66.7,3.4,5.3,49.3,42.1,1020.9,1020.8,-7.39,289.96,-0.02,32.2328,9.7416,412.6,42.6,1485.609, NAN, NAN, NAN, NAN,,2024/04/08 00:47:48.153,2024-04-08 00:47:48.153000+00:00
2024/04/08, 00:48:48.153,35.946,-75.117, 0.01,8.23,199.0,0.15,10.1,10.1,1018.8,1018.8,0.0,0.0,0.0,0.0,35,29,3.0,4.2,65.7,65.7,3.0,4.2,44.6,38.3,1020.9,1020.9,-7.44,289.92,-0.02,32.2297,9.7423,412.0,42.7,1485.608, NAN, NAN, NAN, NAN,,2024/04/08 00:48:48.153,2024-04-08 00:48:48.153000+00:00
2024/04/08, 00:49:48.154,35.946,-75.117, -0.01,7.1,107.18,0.09,10.1,10.2,1018.8,1018.8,0.0,0.0,0.0,0.0,38,32,3.4,4.9,64.3,64.4,3.4,4.9,44.6,38.7,1020.9,1020.9,-7.46,289.96,-0.02,32.2318,9.7453,412.6,42.7,1485.622, NAN, NAN, NAN, NAN,,2024/04/08 00:49:48.154,2024-04-08 00:49:48.154000+00:00
2024/04/08, 00:50:48.154,35.946,-75.117, -0.02,7.94,126.88,0.05,10.2,10.2,1018.9,1018.8,0.0,0.0,0.0,0.0,35,28,2.5,3.2,64.8,65.0,2.5,3.2,42.8,35.7,1021.0,1020.9,-7.47,289.74,-0.02,32.2316,9.7472,414.0,42.9,1485.628, NAN, NAN, NAN, NAN,,2024/04/08 00:50:48.154,2024-04-08 00:50:48.154000+00:00
2024/04/08, 00:51:48.154,35.946,-75.117, 0.01,7.89,286.66,0.19,10.2,10.2,1018.8,1018.8,0.0,0.0,0.0,0.0,38,29,2.6,4.0,65.8,65.9,2.6,4.0,48.0,38.3,1020.9,1020.9,-7.49,289.92,-0.02,32.2323,9.7485,414.0,42.9,1485.634, NAN, NAN, NAN, NAN,,2024/04/08 00:51:48.154,2024-04-08 00:51:48.154000+00:00
2024/04/08, 00:52:48.154,35.946,-75.117, -0.03,6.99,96.67,0.16,10.2,10.2,1018.9,1018.8,0.0,0.0,0.0,0.0,36,30,3.0,4.2,66.0,65.8,3.0,4.2,44.4,38.1,1021.0,1020.9,-7.45,289.93,-0.02,32.231,9.7494,413.4,42.8,1485.636, NAN, NAN, NAN, NAN,,2024/04/08 00:52:48.154,2024-04-08 00:52:48.154000+00:00
2024/04/08, 00:53:48.154,35.946,-75.117, 0.00,7.54,99.78,0.04,10.2,10.2,1018.9,1018.8,0.0,0.0,0.0,0.0,37,29,2.6,4.1,66.2,66.2,2.6,4.1,44.4,36.5,1021.0,1020.9,-7.53,289.85,-0.02,32.2312,9.7474,411.6,43.0,1485.629, NAN, NAN, NAN, NAN,,2024/04/08 00:53:48.154,2024-04-08 00:53:48.154000+00:00
2024/04/08, 00:54:48.154,35.946,-75.117, -0.06,7.59,64.75,0.17,10.2,10.2,1019.0,1018.9,0.0,0.0,0.0,0.0,39,32,3.1,4.8,66.4,66.3,3.0,4.7,45.6,38.8,1021.1,1021.0,-7.53,289.8,-0.02,32.2303,9.746,413.2,43.0,1485.622, NAN, NAN, NAN, NAN,,2024/04/08 00:54:48.154,2024-04-08 00:54:48.154000+00:00
2024/04/08, 00:55:48.154,35.946,-75.117, 0.05,7.78,284.74,0.22,10.2,10.2,1018.9,1018.8,0.0,0.0,0.0,0.0,30,23,2.9,3.2,66.8,66.8,3.0,3.2,39.7,32.6,1021.0,1020.9,-7.62,289.62,-0.02,32.2297,9.7483,414.7,43.0,1485.63, NAN, NAN, NAN, NAN,,2024/04/08 00:55:48.154,2024-04-08 00:55:48.154000+00:00
2024/04/08, 00:56:48.154,35.946,-75.117, 0.00,7.58,302.39,0.09,10.2,10.2,1018.8,1018.8,0.0,0.0,0.0,0.0,35,28,2.4,3.3,66.7,66.6,2.4,3.3,42.0,35.1,1020.9,1020.9,-7.57,289.88,-0.02,32.2315,9.7511,413.7,43.0,1485.642, NAN, NAN, NAN, NAN,,2024/04/08 00:56:48.154,2024-04-08 00:56:48.154000+00:00
2024/04/08, 00:57:48.154,35.946,-75.117, -0.09,7.18,68.95,0.14,10.2,10.2,1019.1,1018.9,0.0,0.0,0.0,0.0,39,28,1.6,2.4,66.7,67.0,1.5,2.3,46.4,35.0,1021.2,1021.0,-7.64,289.93,-0.02,32.2299,9.7528,413.7,43.0,1485.647, NAN, NAN, NAN, NAN,,2024/04/08 00:57:48.154,2024-04-08 00:57:48.154000+00:00
2024/04/08, 00:58:48.154,35.946,-75.117, 0.05,7.69,181.88,0.06,10.2,10.2,1019.0,1019.0,0.0,0.0,0.0,0.0,30,24,2.4,2.6,67.7,67.8,2.4,2.6,37.0,31.0,1021.1,1021.1,-7.58,289.98,-0.02,32.2277,9.7527,416.0,43.2,1485.644, NAN, NAN, NAN, NAN,,2024/04/08 00:58:48.154,2024-04-08 00:58:48.154000+00:00
2024/04/08, 00:59:48.154,35.946,-75.117, -0.02,7.05,242.93,0.3,10.2,10.2,1019.0,1019.0,0.0,0.0,0.0,0.0,32,28,2.1,3.3,67.6,67.7,2.2,3.4,37.2,34.0,1021.1,1021.1,-7.78,290.11,-0.02,32.2308,9.7541,416.6,43.0,1485.653, NAN, NAN, NAN, NAN,,2024/04/08 00:59:48.154,2024-04-08 00:59:48.154000+00:00
2024/04/08, 01:00:48.154,35.946,-75.117, 0.01,8.53,109.32,0.04,10.2,10.2,1018.9,1018.8,0.0,0.0,0.0,0.0,41,32,1.9,3.4,68.4,68.4,1.9,3.4,49.5,40.5,1021.0,1020.9,-7.82,289.96,-0.02,32.2323,9.7535,410.7,42.9,1485.652, NAN, NAN, NAN, NAN,,2024/04/08 01:00:48.154,2024-04-08 01:00:48.154000+00:00
2024/04/08, 01:01:48.154,35.946,-75.117, 0.02,7.8,95.34,0.21,10.1,10.2,1018.9,1018.8,0.0,0.0,0.0,0.0,28,23,1.9,2.2,68.5,68.4,1.8,2.1,33.7,28.8,1021.0,1020.9,-7.85,290.31,-0.01,32.2295,9.7529,415.6,43.0,1485.647, NAN, NAN, NAN, NAN,,2024/04/08 01:01:48.154,2024-04-08 01:01:48.154000+00:00
2024/04/08, 01:02:48.154,35.946,-75.117, 0.00,2.2,84.43,0.24,10.1,10.1,1019.1,1019.0,0.0,0.0,0.0,0.0,27,20,1.6,2.2,68.3,68.2,1.6,2.2,24.8,19.0,1021.2,1021.1,-7.94,290.26,-0.02,32.2287,9.7525,419.3,43.0,1485.644, NAN, NAN, NAN, NAN,,2024/04/08 01:02:48.154,2024-04-08 01:02:48.154000+00:00
2024/04/08, 01:03:48.154,35.946,-75.117, 0.00,359.33,72.32,0.06,10.1,10.1,1019.0,1019.0,0.0,0.0,0.0,0.0,33,29,1.6,2.3,68.6,68.8,1.6,2.3,31.3,27.6,1021.1,1021.1,-8.06,290.32,-0.02,32.2279,9.7516,417.4,43.0,1485.64, NAN, NAN, NAN, NAN,,2024/04/08 01:03:48.154,2024-04-08 01:03:48.154000+00:00
2024/04/08, 01:04:48.155,35.946,-75.117, 0.00,0.27,209.69,0.08,10.1,10.1,1019.0,1019.0,0.0,0.0,0.0,0.0,35,27,1.8,2.4,68.7,68.9,1.8,2.4,34.1,26.3,1021.1,1021.1,-8.22,290.47,-0.02,32.2289,9.7529,413.7,42.6,1485.646, NAN, NAN, NAN, NAN,,2024/04/08 01:04:48.155,2024-04-08 01:04:48.155000+00:00
2024/04/08, 01:05:48.155,35.946,-75.117, -0.03,358.65,330.08,0.16,10.1,10.1,1019.0,1019.0,0.0,0.0,0.0,0.0,30,20,1.4,1.7,69.2,69.2,1.4,1.7,31.7,20.9,1021.1,1021.1,-8.21,290.55,-0.02,32.2288,9.7539,416.0,42.8,1485.649, NAN, NAN, NAN, NAN,,2024/04/08 01:05:48.155,2024-04-08 01:05:48.155000+00:00
2024/04/08, 01:06:48.155,35.946,-75.117, 0.04,359.78,79.86,0.01,10.1,10.1,1019.0,1019.1,0.0,0.0,0.0,0.0,28,18,1.5,2.4,69.1,69.3,1.5,2.4,27.8,17.8,1021.1,1021.2,-8.32,290.67,-0.02,32.2257,9.7545,416.6,43.0,1485.648, NAN, NAN, NAN, NAN,,2024/04/08 01:06:48.155,2024-04-08 01:06:48.155000+00:00
2024/04/08, 01:07:48.155,35.946,-75.117, 0.01,0.6,357.37,0.13,10.1,10.1,1019.0,1018.9,0.0,0.0,0.0,0.0,48,33,1.1,3.0,69.6,69.6,1.1,2.9,51.2,34.3,1021.1,1021.0,-8.34,290.75,-0.02,32.2279,9.7547,417.1,43.2,1485.651, NAN, NAN, NAN, NAN,,2024/04/08 01:07:48.155,2024-04-08 01:07:48.155000+00:00
2024/04/08, 01:08:48.155,35.946,-75.117, 0.01,0.38,279.55,0.24,10.1,10.1,1019.1,1019.1,0.0,0.0,0.0,0.0,28,23,1.3,2.3,70.0,70.1,1.4,2.4,32.3,25.8,1021.2,1021.2,-8.38,291.23,-0.02,32.2248,9.7537,418.7,43.3,1485.644, NAN, NAN, NAN, NAN,,2024/04/08 01:08:48.155,2024-04-08 01:08:48.155000+00:00
2024/04/08, 01:09:48.155,35.946,-75.117, -0.03,359.54,58.71,0.15,10.1,10.1,1019.2,1019.1,0.0,0.0,0.0,0.0,26,17,1.5,2.0,70.2,70.3,1.5,2.0,28.3,18.7,1021.3,1021.2,-8.42,291.49,-0.02,32.2231,9.753,418.0,43.1,1485.639, NAN, NAN, NAN, NAN,,2024/04/08 01:09:48.155,2024-04-08 01:09:48.155000+00:00
2024/04/08, 01:10:48.155,35.946,-75.117, 0.02,359.65,161.06,0.13,10.1,10.1,1019.1,1019.1,0.0,0.0,0.0,0.0,27,17,1.3,1.8,70.8,70.8,1.3,1.9,24.5,15.4,1021.2,1021.2,-8.38,291.81,-0.02,32.2243,9.7546,419.0,43.2,1485.646, NAN, NAN, NAN, NAN,,2024/04/08 01:10:48.155,2024-04-08 01:10:48.155000+00:00
2024/04/08, 01:11:48.155,35.946,-75.117, 0.01,359.95,205.12,0.17,10.1,10.1,1019.1,1019.1,0.0,0.0,0.0,0.0,38,21,1.1,1.8,70.8,70.9,1.1,1.8,33.5,18.5,1021.2,1021.2,-8.44,291.94,-0.02,32.2239,9.7562,417.7,43.2,1485.652, NAN, NAN, NAN, NAN,,2024/04/08 01:11:48.155,2024-04-08 01:11:48.155000+00:00
2024/04/08, 01:12:48.155,35.946,-75.117, 0.00,359.04,153.15,0.12,10.0,10.1,1019.1,1019.1,0.0,0.0,0.0,0.0,32,24,1.9,2.1,70.5,70.6,1.9,2.1,29.3,21.5,1021.2,1021.2,-8.45,291.84,-0.02,32.226,9.7568,420.4,43.2,1485.657, NAN, NAN, NAN, NAN,,2024/04/08 01:12:48.155,2024-04-08 01:12:48.155000+00:00
2024/04/08, 01:13:48.155,35.946,-75.117, 0.00,359.81,279.72,0.59,10.0,10.0,1019.1,1019.1,0.0,0.0,0.0,0.0,38,29,1.5,2.4,70.7,70.9,1.7,2.5,46.7,35.2,1021.2,1021.2,-8.38,292.47,-0.02,32.2243,9.7606,418.7,43.3,1485.668, NAN, NAN, NAN, NAN,,2024/04/08 01:13:48.155,2024-04-08 01:13:48.155000+00:00
2024/04/08, 01:14:48.155,35.946,-75.117, -0.01,0.6,94.96,0.09,10.0,10.0,1019.1,1019.1,0.0,0.0,0.0,0.0,39,32,1.5,2.9,70.8,70.7,1.5,2.9,41.1,33.3,1021.2,1021.2,-8.43,292.26,-0.02,32.2251,9.7639,418.0,43.3,1485.681, NAN, NAN, NAN, NAN,,2024/04/08 01:14:48.155,2024-04-08 01:14:48.155000+00:00
2024/04/08, 01:15:48.155,35.946,-75.117, 0.01,359.37,108.47,0.19,10.0,10.0,1019.2,1019.1,0.0,0.0,0.0,0.0,34,24,1.7,2.6,70.7,70.7,1.6,2.6,30.7,21.4,1021.3,1021.2,-8.39,292.24,-0.02,32.2263,9.7613,417.1,43.2,1485.673, NAN, NAN, NAN, NAN,,2024/04/08 01:15:48.155,2024-04-08 01:15:48.155000+00:00
2024/04/08, 01:16:48.155,35.946,-75.117, -0.02,359.59,19.0,0.07,10.0,10.0,1019.1,1019.1,0.0,0.0,0.0,0.0,38,33,1.6,3.6,69.6,69.7,1.6,3.6,38.3,32.8,1021.2,1021.2,-8.31,291.87,-0.02,32.226,9.7581,416.0,43.0,1485.661, NAN, NAN, NAN, NAN,,2024/04/08 01:16:48.155,2024-04-08 01:16:48.155000+00:00
2024/04/08, 01:17:48.155,35.946,-75.117, 0.01,0.46,185.58,0.1,10.0,10.0,1019.1,1019.1,0.0,0.0,0.0,0.0,37,29,1.6,2.9,69.4,69.2,1.6,2.9,38.5,30.2,1021.2,1021.2,-8.43,291.71,-0.02,32.225,9.7551,415.0,43.3,1485.649, NAN, NAN, NAN, NAN,,2024/04/08 01:17:48.155,2024-04-08 01:17:48.155000+00:00
2024/04/08, 01:18:48.155,35.946,-75.117, -0.01,359.06,94.93,0.04,10.0,10.0,1019.3,1019.1,0.0,0.0,0.0,0.0,29,17,1.1,1.6,69.0,69.0,1.1,1.6,28.7,16.6,1021.4,1021.2,-8.41,291.63,-0.02,32.2243,9.753,418.4,43.3,1485.641, NAN, NAN, NAN, NAN,,2024/04/08 01:18:48.155,2024-04-08 01:18:48.155000+00:00
2024/04/08, 01:19:48.155,35.946,-75.117, 0.00,359.65,63.83,0.2,10.0,10.0,1019.3,1019.1,0.0,0.0,0.0,0.0,25,19,1.1,1.3,69.5,69.5,1.1,1.3,19.6,14.3,1021.4,1021.2,-8.34,291.45,-0.02,32.2246,9.7537,419.0,43.2,1485.644, NAN, NAN, NAN, NAN,,2024/04/08 01:19:48.155,2024-04-08 01:19:48.155000+00:00
2024/04/08, 01:20:48.156,35.946,-75.117, 0.01,0.96,60.49,0.17,10.0,10.0,1019.3,1019.2,0.0,0.0,0.0,0.0,20,13,1.0,1.7,69.5,69.5,0.9,1.6,22.5,14.5,1021.4,1021.3,-8.43,291.6,-0.02,32.2238,9.7565,417.7,43.0,1485.653, NAN, NAN, NAN, NAN,,2024/04/08 01:20:48.156,2024-04-08 01:20:48.156000+00:00
2024/04/08, 01:21:48.156,35.946,-75.117, 0.00,358.81,85.23,0.49,10.0,10.1,1019.3,1019.2,0.0,0.0,0.0,0.0,13,6,1.2,1.4,69.6,69.4,1.2,1.4,359.7,354.6,1021.4,1021.3,-8.47,291.66,-0.02,32.2224,9.7592,420.0,42.8,1485.661, NAN, NAN, NAN, NAN,,2024/04/08 01:21:48.156,2024-04-08 01:21:48.156000+00:00
2024/04/08, 01:22:48.156,35.946,-75.117, -0.02,359.48,100.64,0.02,10.0,10.0,1019.1,1019.1,0.0,0.0,0.0,0.0,19,357,0.6,1.6,69.4,69.4,0.6,1.6,19.3,356.7,1021.2,1021.2,-8.59,291.46,-0.02,32.2192,9.7613,419.6,43.0,1485.665, NAN, NAN, NAN, NAN,,2024/04/08 01:22:48.156,2024-04-08 01:22:48.156000+00:00
2024/04/08, 01:23:48.156,35.946,-75.117, -0.05,0.79,283.69,0.31,10.0,10.0,1019.1,1019.1,0.0,0.0,0.0,0.0,13,358,1.0,2.5,69.3,69.5,0.9,2.4,22.7,1.8,1021.2,1021.2,-8.62,291.73,-0.02,32.2193,9.7625,419.6,43.0,1485.669, NAN, NAN, NAN, NAN,,2024/04/08 01:23:48.156,2024-04-08 01:23:48.156000+00:00
2024/04/08, 01:24:48.156,35.946,-75.117, 0.03,358.9,226.81,0.2,10.0,10.0,1019.3,1019.3,0.0,0.0,0.0,0.0,351,343,1.2,1.8,69.8,69.7,1.3,1.9,352.6,344.1,1021.4,1021.4,-8.57,292.04,-0.02,32.2175,9.7646,419.6,42.8,1485.675, NAN, NAN, NAN, NAN,,2024/04/08 01:24:48.156,2024-04-08 01:24:48.156000+00:00
2024/04/08, 01:25:48.156,35.946,-75.117, -0.01,0.4,283.42,0.15,10.0,10.0,1019.3,1019.2,0.0,0.0,0.0,0.0,343,329,0.6,2.3,69.8,70.0,0.6,2.3,350.8,331.2,1021.4,1021.3,-8.62,292.27,-0.02,32.2178,9.7661,419.6,42.9,1485.68, NAN, NAN, NAN, NAN,,2024/04/08 01:25:48.156,2024-04-08 01:25:48.156000+00:00
2024/04/08, 01:26:48.156,35.946,-75.117, 0.00,0.1,235.59,0.11,10.0,10.0,1019.4,1019.3,0.0,0.0,0.0,0.0,330,329,0.9,3.0,70.6,70.5,0.9,3.0,333.0,330.0,1021.5,1021.4,-8.58,292.65,-0.02,32.2162,9.7664,418.7,42.9,1485.68, NAN, NAN, NAN, NAN,,2024/04/08 01:26:48.156,2024-04-08 01:26:48.156000+00:00
2024/04/08, 01:27:48.156,35.946,-75.117, 0.01,359.3,81.37,0.28,10.0,10.0,1019.3,1019.2,0.0,0.0,0.0,0.0,3,357,0.8,1.6,70.4,70.5,0.8,1.6,351.9,351.1,1021.4,1021.3,-8.57,292.59,-0.02,32.2166,9.7686,418.4,43.1,1485.688, NAN, NAN, NAN, NAN,,2024/04/08 01:27:48.156,2024-04-08 01:27:48.156000+00:00
2024/04/08, 01:28:48.156,35.946,-75.117, 0.00,353.51,87.27,0.17,10.0,10.0,1019.4,1019.3,0.0,0.0,0.0,0.0,324,322,0.5,2.8,70.3,70.3,0.6,2.9,310.6,314.2,1021.5,1021.4,-8.65,292.68,-0.02,32.2163,9.7693,418.7,43.0,1485.69, NAN, NAN, NAN, NAN,,2024/04/08 01:28:48.156,2024-04-08 01:28:48.156000+00:00
2024/04/08, 01:29:48.156,35.946,-75.117, -0.01,351.55,2.4,0.29,10.0,10.0,1019.2,1019.1,0.0,0.0,0.0,0.0,326,328,0.7,3.2,70.7,70.6,0.6,3.1,321.5,320.4,1021.3,1021.2,-8.63,292.97,-0.02,32.216,9.7713,417.4,43.0,1485.697, NAN, NAN, NAN, NAN,,2024/04/08 01:29:48.156,2024-04-08 01:29:48.156000+00:00
2024/04/08, 01:30:48.156,35.946,-75.117, -0.01,350.42,266.0,0.47,10.0,10.0,1019.3,1019.3,0.0,0.0,0.0,0.0,353,343,0.5,1.6,71.1,71.2,0.5,1.5,11.5,341.7,1021.4,1021.4,-8.69,293.24,-0.02,32.2184,9.7716,420.4,42.9,1485.701, NAN, NAN, NAN, NAN,,2024/04/08 01:30:48.156,2024-04-08 01:30:48.156000+00:00
2024/04/08, 01:31:48.156,35.946,-75.117, 0.04,351.66,24.93,0.08,10.0,10.0,1019.3,1019.3,0.0,0.0,0.0,0.0,333,325,1.0,3.4,71.6,71.7,1.0,3.4,323.3,316.2,1021.4,1021.4,-8.7,293.21,-0.02,32.2155,9.7698,416.8,43.0,1485.691, NAN, NAN, NAN, NAN,,2024/04/08 01:31:48.156,2024-04-08 01:31:48.156000+00:00
2024/04/08, 01:32:48.156,35.946,-75.117, 0.01,349.41,272.27,0.47,10.0,10.0,1019.3,1019.3,0.0,0.0,0.0,0.0,332,327,0.7,3.2,72.2,72.3,0.6,3.1,341.4,320.2,1021.4,1021.4,-8.54,293.41,-0.02,32.2158,9.7686,421.7,43.2,1485.687, NAN, NAN, NAN, NAN,,2024/04/08 01:32:48.156,2024-04-08 01:32:48.156000+00:00
2024/04/08, 01:33:48.156,35.946,-75.117, -0.02,350.04,67.38,0.28,10.0,10.0,1019.4,1019.3,0.0,0.0,0.0,0.0,319,321,1.1,3.3,72.3,72.3,1.2,3.4,305.1,309.6,1021.5,1021.4,-8.68,293.6,-0.02,32.2173,9.768,423.0,43.0,1485.687, NAN, NAN, NAN, NAN,,2024/04/08 01:33:48.156,2024-04-08 01:33:48.156000+00:00
2024/04/08, 01:34:48.157,35.946,-75.117, -0.03,350.47,273.63,0.06,10.0,10.0,1019.3,1019.1,0.0,0.0,0.0,0.0,316,323,1.1,3.3,72.5,72.3,1.1,3.3,305.8,313.3,1021.4,1021.2,-8.62,293.27,-0.02,32.2172,9.7686,421.1,43.1,1485.689, NAN, NAN, NAN, NAN,,2024/04/08 01:34:48.157,2024-04-08 01:34:48.157000+00:00
2024/04/08, 01:35:48.157,35.946,-75.117, 0.03,349.45,224.84,0.35,9.9,9.9,1019.3,1019.1,0.0,0.0,0.0,0.0,324,326,1.1,3.6,72.5,72.6,1.1,3.6,322.8,318.3,1021.4,1021.2,-8.57,293.64,-0.02,32.2153,9.7715,424.8,43.1,1485.697, NAN, NAN, NAN, NAN,,2024/04/08 01:35:48.157,2024-04-08 01:35:48.157000+00:00
2024/04/08, 01:36:48.157,35.946,-75.117, 0.01,350.59,271.13,0.19,9.9,9.9,1019.4,1019.3,0.0,0.0,0.0,0.0,317,324,1.1,3.4,72.5,72.5,1.1,3.4,312.3,316.2,1021.5,1021.4,-8.58,293.63,-0.02,32.215,9.7737,423.8,43.2,1485.705, NAN, NAN, NAN, NAN,,2024/04/08 01:36:48.157,2024-04-08 01:36:48.157000+00:00
2024/04/08, 01:37:48.157,35.946,-75.117, 0.02,349.7,272.61,0.19,9.9,9.9,1019.4,1019.4,0.0,0.0,0.0,0.0,319,323,1.6,4.3,72.5,72.5,1.5,4.3,311.7,313.8,1021.5,1021.5,-8.47,293.92,-0.02,32.2144,9.7731,421.7,43.4,1485.702, NAN, NAN, NAN, NAN,,2024/04/08 01:37:48.157,2024-04-08 01:37:48.157000+00:00
2024/04/08, 01:38:48.157,35.946,-75.117, -0.04,350.24,145.77,0.23,9.9,9.9,1019.4,1019.3,0.0,0.0,0.0,0.0,334,329,1.3,3.4,72.4,72.5,1.4,3.5,320.4,317.8,1021.5,1021.4,-8.44,294.09,-0.02,32.2143,9.7705,419.0,43.5,1485.692, NAN, NAN, NAN, NAN,,2024/04/08 01:38:48.157,2024-04-08 01:38:48.157000+00:00
2024/04/08, 01:39:48.157,35.946,-75.117, -0.02,350.13,228.64,0.15,9.8,9.9,1019.4,1019.3,0.0,0.0,0.0,0.0,329,326,1.3,3.5,72.3,72.3,1.3,3.5,321.8,317.2,1021.5,1021.4,-8.36,294.07,-0.02,32.2127,9.7724,421.7,43.3,1485.697, NAN, NAN, NAN, NAN,,2024/04/08 01:39:48.157,2024-04-08 01:39:48.157000+00:00
2024/04/08, 01:40:48.157,35.946,-75.117, -0.01,348.7,327.72,0.12,9.8,9.9,1019.4,1019.3,0.0,0.0,0.0,0.0,333,330,1.4,3.3,72.2,72.2,1.4,3.3,319.4,317.7,1021.5,1021.4,-8.36,294.17,-0.02,32.2129,9.7733,424.1,43.1,1485.701, NAN, NAN, NAN, NAN,,2024/04/08 01:40:48.157,2024-04-08 01:40:48.157000+00:00
2024/04/08, 01:41:48.157,35.946,-75.117, 0.02,349.89,46.65,0.12,9.8,9.9,1019.4,1019.3,0.0,0.0,0.0,0.0,345,338,1.3,1.8,72.0,72.1,1.3,1.8,332.2,325.9,1021.5,1021.4,-8.27,294.05,-0.02,32.2107,9.7733,423.0,43.2,1485.698, NAN, NAN, NAN, NAN,,2024/04/08 01:41:48.157,2024-04-08 01:41:48.157000+00:00
2024/04/08, 01:42:48.157,35.946,-75.117, 0.02,350.76,157.39,0.1,9.8,9.9,1019.4,1019.3,0.0,0.0,0.0,0.0,354,346,1.4,1.9,71.7,71.8,1.4,1.9,342.9,335.3,1021.5,1021.4,-8.24,294.11,-0.02,32.2112,9.7741,423.5,43.3,1485.701, NAN, NAN, NAN, NAN,,2024/04/08 01:42:48.157,2024-04-08 01:42:48.157000+00:00
2024/04/08, 01:43:48.157,35.946,-75.117, 0.01,349.57,69.24,0.42,9.8,9.9,1019.4,1019.4,0.0,0.0,0.0,0.0,341,337,1.6,2.2,71.9,72.0,1.7,2.3,323.2,321.3,1021.5,1021.5,-8.17,294.4,-0.02,32.2103,9.7772,422.0,43.3,1485.712, NAN, NAN, NAN, NAN,,2024/04/08 01:43:48.157,2024-04-08 01:43:48.157000+00:00
2024/04/08, 01:44:48.157,35.946,-75.117, 0.00,350.33,255.82,0.07,9.9,9.9,1019.5,1019.4,0.0,0.0,0.0,0.0,355,345,1.7,1.9,72.0,72.0,1.7,1.9,346.4,336.4,1021.6,1021.5,-8.09,294.36,-0.02,32.209,9.7795,421.4,43.2,1485.718, NAN, NAN, NAN, NAN,,2024/04/08 01:44:48.157,2024-04-08 01:44:48.157000+00:00
2024/04/08, 01:45:48.157,35.946,-75.117, 0.00,350.68,243.72,0.1,9.9,9.9,1019.5,1019.4,0.0,0.0,0.0,0.0,18,7,1.9,1.8,70.7,71.0,1.9,1.8,9.5,358.8,1021.6,1021.5,-8.1,294.47,-0.02,32.2101,9.7797,426.8,43.4,1485.72, NAN, NAN, NAN, NAN,,2024/04/08 01:45:48.157,2024-04-08 01:45:48.157000+00:00
2024/04/08, 01:46:48.157,35.946,-75.117, -0.06,349.28,95.28,0.05,9.9,9.9,1019.5,1019.5,0.0,0.0,0.0,0.0,357,354,1.7,1.7,70.7,70.8,1.7,1.7,345.5,342.5,1021.6,1021.6,-7.97,294.37,-0.02,32.2099,9.7795,422.0,43.0,1485.719, NAN, NAN, NAN, NAN,,2024/04/08 01:46:48.157,2024-04-08 01:46:48.157000+00:00
2024/04/08, 01:47:48.157,35.946,-75.117, 0.04,350.7,88.55,0.59,9.9,9.9,1019.5,1019.5,0.0,0.0,0.0,0.0,7,358,1.9,1.9,70.3,70.4,1.9,2.0,348.6,339.9,1021.6,1021.6,-7.91,294.51,-0.02,32.2068,9.7807,423.8,43.4,1485.72, NAN, NAN, NAN, NAN,,2024/04/08 01:47:48.157,2024-04-08 01:47:48.157000+00:00
2024/04/08, 01:48:48.157,35.946,-75.117, -0.04,349.62,261.72,0.33,9.9,9.9,1019.5,1019.4,0.0,0.0,0.0,0.0,5,356,1.8,1.7,70.1,70.1,1.9,1.8,358.4,350.2,1021.6,1021.5,-7.7,294.43,-0.02,32.2089,9.7801,423.2,43.3,1485.72, NAN, NAN, NAN, NAN,,2024/04/08 01:48:48.157,2024-04-08 01:48:48.157000+00:00
2024/04/08, 01:49:48.157,35.946,-75.117, 0.02,350.07,114.76,0.26,9.9,10.0,1019.5,1019.5,0.0,0.0,0.0,0.0,0,353,1.8,1.7,69.6,69.7,1.8,1.8,346.0,339.0,1021.6,1021.6,-7.74,294.58,-0.02,32.2096,9.7797,422.7,43.0,1485.72, NAN, NAN, NAN, NAN,,2024/04/08 01:49:48.157,2024-04-08 01:49:48.157000+00:00
2024/04/08, 01:50:48.158,35.946,-75.117, 0.01,349.25,60.76,0.28,10.0,10.0,1019.5,1019.6,0.0,0.0,0.0,0.0,2,357,2.0,1.8,68.3,68.5,1.9,1.7,347.6,342.0,1021.6,1021.7,-7.71,294.43,-0.02,32.209,9.7796,421.1,43.2,1485.719, NAN, NAN, NAN, NAN,,2024/04/08 01:50:48.158,2024-04-08 01:50:48.158000+00:00
2024/04/08, 01:51:48.158,35.946,-75.117, 0.02,350.59,177.47,0.13,10.0,10.0,1019.7,1019.6,0.0,0.0,0.0,0.0,9,2,2.1,1.9,67.6,67.7,2.1,1.9,358.2,351.2,1021.8,1021.7,-7.63,294.5,-0.02,32.2087,9.7812,422.0,43.3,1485.724, NAN, NAN, NAN, NAN,,2024/04/08 01:51:48.158,2024-04-08 01:51:48.158000+00:00
2024/04/08, 01:52:48.158,35.946,-75.117, -0.01,350.33,356.34,0.32,10.0,10.1,1019.7,1019.5,0.0,0.0,0.0,0.0,8,2,2.0,2.1,67.5,67.5,1.9,2.0,2.0,355.5,1021.8,1021.6,-7.64,294.61,-0.02,32.2085,9.784,422.0,43.4,1485.734, NAN, NAN, NAN, NAN,,2024/04/08 01:52:48.158,2024-04-08 01:52:48.158000+00:00
2024/04/08, 01:53:48.158,35.946,-75.117, 0.00,349.66,91.68,0.23,10.1,10.1,1019.5,1019.5,0.0,0.0,0.0,0.0,12,4,2.2,2.0,67.5,67.4,2.2,2.0,358.6,350.4,1021.6,1021.6,-7.63,294.49,-0.02,32.2102,9.7844,421.7,43.2,1485.738, NAN, NAN, NAN, NAN,,2024/04/08 01:53:48.158,2024-04-08 01:53:48.158000+00:00
2024/04/08, 01:54:48.158,35.946,-75.117, 0.00,350.44,66.42,0.19,10.1,10.1,1019.5,1019.5,0.0,0.0,0.0,0.0,15,9,2.0,1.9,66.8,66.7,1.9,1.8,3.3,357.0,1021.6,1021.6,-7.51,294.33,-0.02,32.2066,9.7856,423.2,43.2,1485.738, NAN, NAN, NAN, NAN,,2024/04/08 01:54:48.158,2024-04-08 01:54:48.158000+00:00
2024/04/08, 01:55:48.158,35.946,-75.117, -0.02,350.3,271.73,0.23,10.1,10.1,1019.7,1019.6,0.0,0.0,0.0,0.0,17,12,2.4,2.2,66.4,66.4,2.4,2.2,10.0,5.2,1021.8,1021.7,-7.46,294.3,-0.02,32.207,9.7828,421.4,43.2,1485.728, NAN, NAN, NAN, NAN,,2024/04/08 01:55:48.158,2024-04-08 01:55:48.158000+00:00
2024/04/08, 01:56:48.158,35.946,-75.117, -0.02,349.63,310.9,0.19,10.1,10.2,1019.5,1019.5,0.0,0.0,0.0,0.0,20,13,2.3,2.1,66.2,66.3,2.3,2.1,12.1,5.2,1021.6,1021.6,-7.43,294.3,-0.02,32.2066,9.7809,421.7,43.4,1485.721, NAN, NAN, NAN, NAN,,2024/04/08 01:56:48.158,2024-04-08 01:56:48.158000+00:00
2024/04/08, 01:57:48.158,35.946,-75.117, 0.02,351.17,250.34,0.39,10.2,10.2,1019.7,1019.5,0.0,0.0,0.0,0.0,18,12,2.1,2.1,65.6,65.6,2.1,2.1,14.6,8.6,1021.8,1021.6,-7.53,294.17,-0.02,32.2078,9.7803,423.2,43.3,1485.72, NAN, NAN, NAN, NAN,,2024/04/08 01:57:48.158,2024-04-08 01:57:48.158000+00:00
2024/04/08, 01:58:48.158,35.946,-75.117, -0.01,349.64,156.16,0.13,10.2,10.2,1019.5,1019.5,0.0,0.0,0.0,0.0,16,11,2.4,2.2,66.2,66.2,2.4,2.2,7.2,2.4,1021.6,1021.6,-7.46,294.08,-0.02,32.2064,9.7794,423.5,43.0,1485.715, NAN, NAN, NAN, NAN,,2024/04/08 01:58:48.158,2024-04-08 01:58:48.158000+00:00
2024/04/08, 01:59:48.158,35.946,-75.117, 0.01,350.35,95.89,0.11,10.2,10.2,1019.5,1019.5,0.0,0.0,0.0,0.0,18,11,2.5,2.4,66.2,66.2,2.5,2.4,9.6,2.7,1021.6,1021.6,-7.46,294.01,-0.02,32.2064,9.7812,424.8,43.3,1485.721, NAN, NAN, NAN, NAN,,2024/04/08 01:59:48.158,2024-04-08 01:59:48.158000+00:00
2024/04/08, 02:00:48.158,35.946,-75.117, -0.01,350.58,96.72,0.42,10.2,10.2,1019.5,1019.5,0.0,0.0,0.0,0.0,18,12,2.4,2.3,66.1,66.0,2.4,2.3,3.5,357.2,1021.6,1021.6,-7.48,294.13,-0.02,32.2062,9.7842,423.2,43.2,1485.732, NAN, NAN, NAN, NAN,,2024/04/08 02:00:48.158,2024-04-08 02:00:48.158000+00:00
2024/04/08, 02:01:48.158,35.946,-75.117, -0.03,354.0,83.98,0.32,10.2,10.2,1019.5,1019.5,0.0,0.0,0.0,0.0,19,13,2.4,2.4,65.8,65.6,2.3,2.3,10.6,4.3,1021.6,1021.6,-7.43,294.42,-0.02,32.2066,9.7907,425.4,43.2,1485.756, NAN, NAN, NAN, NAN,,2024/04/08 02:01:48.158,2024-04-08 02:01:48.158000+00:00
2024/04/08, 02:02:48.158,35.946,-75.117, 0.00,355.22,57.95,0.35,10.2,10.2,1019.7,1019.7,0.0,0.0,0.0,0.0,14,8,2.6,2.4,65.5,65.4,2.5,2.3,6.0,359.5,1021.8,1021.8,-7.46,294.09,-0.02,32.205,9.7939,423.8,43.3,1485.766, NAN, NAN, NAN, NAN,,2024/04/08 02:02:48.158,2024-04-08 02:02:48.158000+00:00
2024/04/08, 02:03:48.158,35.946,-75.117, 0.02,355.44,111.99,0.18,10.2,10.2,1019.5,1019.5,0.0,0.0,0.0,0.0,18,12,2.6,2.6,65.1,65.2,2.6,2.6,11.4,5.5,1021.6,1021.6,-7.43,294.17,-0.02,32.2066,9.7924,423.5,43.1,1485.762, NAN, NAN, NAN, NAN,,2024/04/08 02:03:48.158,2024-04-08 02:03:48.158000+00:00
2024/04/08, 02:04:48.158,35.946,-75.117, 0.00,355.95,259.65,0.18,10.2,10.3,1019.7,1019.6,0.0,0.0,0.0,0.0,15,8,2.6,2.4,65.2,65.3,2.6,2.4,9.0,1.9,1021.8,1021.7,-7.48,294.03,-0.02,32.2055,9.7879,428.1,43.4,1485.745, NAN, NAN, NAN, NAN,,2024/04/08 02:04:48.158,2024-04-08 02:04:48.158000+00:00
2024/04/08, 02:05:48.159,35.946,-75.117, 0.02,354.36,270.68,0.32,10.2,10.3,1019.5,1019.5,0.0,0.0,0.0,0.0,8,2,2.4,2.4,65.6,65.6,2.5,2.4,5.9,0.1,1021.6,1021.6,-7.42,294.08,-0.02,32.2064,9.7886,423.2,43.3,1485.748, NAN, NAN, NAN, NAN,,2024/04/08 02:05:48.159,2024-04-08 02:05:48.159000+00:00
2024/04/08, 02:06:48.159,35.946,-75.117, -0.03,355.31,93.26,0.09,10.2,10.3,1019.7,1019.5,0.0,0.0,0.0,0.0,9,4,2.3,2.3,65.4,65.3,2.3,2.3,3.9,359.0,1021.8,1021.6,-7.4,294.17,-0.02,32.2041,9.7895,425.1,43.3,1485.749, NAN, NAN, NAN, NAN,,2024/04/08 02:06:48.159,2024-04-08 02:06:48.159000+00:00
2024/04/08, 02:07:48.159,35.946,-75.117, 0.00,355.86,331.98,0.14,10.2,10.3,1019.7,1019.6,0.0,0.0,0.0,0.0,18,11,2.6,2.3,64.8,64.8,2.5,2.2,13.3,6.1,1021.8,1021.7,-7.46,294.0,-0.02,32.2046,9.7899,425.4,43.4,1485.751, NAN, NAN, NAN, NAN,,2024/04/08 02:07:48.159,2024-04-08 02:07:48.159000+00:00
2024/04/08, 02:08:48.159,35.946,-75.117, 0.00,355.6,264.88,0.31,10.3,10.3,1019.7,1019.6,0.0,0.0,0.0,0.0,11,4,2.5,2.4,64.9,64.9,2.5,2.4,10.1,3.3,1021.8,1021.7,-7.45,294.07,-0.02,32.2056,9.7906,423.5,43.1,1485.755, NAN, NAN, NAN, NAN,,2024/04/08 02:08:48.159,2024-04-08 02:08:48.159000+00:00
2024/04/08, 02:09:48.159,35.946,-75.117, 0.00,353.67,317.05,0.22,10.3,10.3,1019.6,1019.5,0.0,0.0,0.0,0.0,15,8,2.7,2.5,64.9,64.9,2.7,2.5,11.0,4.1,1021.7,1021.6,-7.51,294.19,-0.02,32.2053,9.7968,423.5,43.0,1485.777, NAN, NAN, NAN, NAN,,2024/04/08 02:09:48.159,2024-04-08 02:09:48.159000+00:00
2024/04/08, 02:10:48.159,35.946,-75.117, 0.03,355.55,100.54,0.03,10.3,10.3,1019.5,1019.5,0.0,0.0,0.0,0.0,18,12,2.8,2.6,64.3,64.4,2.8,2.6,13.7,7.8,1021.6,1021.6,-7.52,294.05,-0.02,32.2071,9.8014,423.0,43.2,1485.796, NAN, NAN, NAN, NAN,,2024/04/08 02:10:48.159,2024-04-08 02:10:48.159000+00:00
2024/04/08, 02:11:48.159,35.946,-75.117, 0.02,355.32,214.93,0.13,10.3,10.3,1019.5,1019.6,0.0,0.0,0.0,0.0,18,11,2.8,2.5,63.5,63.4,2.9,2.6,12.6,5.7,1021.6,1021.7,-7.46,293.99,-0.03,32.2058,9.8046,429.9,43.4,1485.806, NAN, NAN, NAN, NAN,,2024/04/08 02:11:48.159,2024-04-08 02:11:48.159000+00:00
2024/04/08, 02:12:48.159,35.946,-75.117, 0.00,354.9,276.87,0.09,10.3,10.3,1019.6,1019.6,0.0,0.0,0.0,0.0,21,14,2.9,2.7,62.3,62.3,2.9,2.7,16.2,9.3,1021.7,1021.7,-7.53,294.03,-0.03,32.2072,9.808,421.7,43.1,1485.82, NAN, NAN, NAN, NAN,,2024/04/08 02:12:48.159,2024-04-08 02:12:48.159000+00:00
2024/04/08, 02:13:48.159,35.946,-75.117, 0.00,354.8,94.72,0.22,10.3,10.4,1019.7,1019.6,0.0,0.0,0.0,0.0,15,8,3.0,2.7,63.3,63.3,3.0,2.7,7.7,0.5,1021.8,1021.7,-7.46,294.11,-0.02,32.2063,9.8093,423.2,42.9,1485.823, NAN, NAN, NAN, NAN,,2024/04/08 02:13:48.159,2024-04-08 02:13:48.159000+00:00
2024/04/08, 02:14:48.159,35.946,-75.117, -0.02,355.24,262.58,0.44,10.3,10.3,1019.7,1019.6,0.0,0.0,0.0,0.0,18,12,2.7,2.8,64.3,64.3,2.8,2.9,17.3,11.4,1021.8,1021.7,-7.38,293.98,-0.02,32.2057,9.809,426.5,43.0,1485.822, NAN, NAN, NAN, NAN,,2024/04/08 02:14:48.159,2024-04-08 02:14:48.159000+00:00
2024/04/08, 02:15:48.159,35.946,-75.117, 0.04,355.63,69.07,0.17,10.3,10.3,1019.7,1019.6,0.0,0.0,0.0,0.0,25,19,3.2,3.0,62.9,64.3,3.1,2.9,20.6,14.5,1021.8,1021.7,-7.45,294.0,-0.02,32.2039,9.8088,422.4,43.2,1485.819, NAN, NAN, NAN, NAN,,2024/04/08 02:15:48.159,2024-04-08 02:15:48.159000+00:00
2024/04/08, 02:16:48.159,35.946,-75.117, 0.03,354.4,92.96,0.14,10.3,10.3,1019.7,1019.6,0.0,0.0,0.0,0.0,26,21,3.3,3.1,61.3,61.3,3.3,3.1,19.4,14.3,1021.8,1021.7,-7.36,294.0,-0.02,32.206,9.8105,420.1,43.1,1485.827, NAN, NAN, NAN, NAN,,2024/04/08 02:16:48.159,2024-04-08 02:16:48.159000+00:00
2024/04/08, 02:17:48.159,35.946,-75.117, -0.01,355.08,247.62,0.12,10.4,10.4,1019.5,1019.5,0.0,0.0,0.0,0.0,26,20,3.2,3.2,61.3,61.3,3.2,3.2,20.3,14.3,1021.6,1021.6,-7.34,293.7,-0.02,32.2058,9.8115,421.1,43.2,1485.831, NAN, NAN, NAN, NAN,,2024/04/08 02:17:48.159,2024-04-08 02:17:48.159000+00:00
2024/04/08, 02:18:48.159,35.946,-75.117, 0.01,356.05,318.0,0.36,10.4,10.4,1019.7,1019.7,0.0,0.0,0.0,0.0,24,18,3.3,3.1,62.1,62.1,3.2,3.0,17.1,10.8,1021.8,1021.8,-7.38,293.66,-0.02,32.2059,9.8128,421.1,43.3,1485.836, NAN, NAN, NAN, NAN,,2024/04/08 02:18:48.159,2024-04-08 02:18:48.159000+00:00
2024/04/08, 02:19:48.159,35.946,-75.117, 0.02,354.23,77.13,0.09,10.4,10.4,1019.7,1019.7,0.0,0.0,0.0,0.0,27,21,3.2,3.0,61.7,61.7,3.2,3.0,21.0,14.9,1021.8,1021.8,-7.24,293.79,-0.02,32.2047,9.8146,423.8,43.3,1485.841, NAN, NAN, NAN, NAN,,2024/04/08 02:19:48.159,2024-04-08 02:19:48.159000+00:00
2024/04/08, 02:20:48.159,35.946,-75.117, 0.00,355.22,62.78,0.12,10.4,10.4,1019.7,1019.6,0.0,0.0,0.0,0.0,30,25,3.3,3.2,60.6,60.6,3.3,3.2,26.2,21.2,1021.8,1021.7,-7.3,293.85,-0.02,32.2052,9.8155,419.0,43.4,1485.845, NAN, NAN, NAN, NAN,,2024/04/08 02:20:48.159,2024-04-08 02:20:48.159000+00:00
2024/04/08, 02:21:48.160,35.946,-75.117, 0.00,356.32,83.61,0.16,10.4,10.4,1019.7,1019.7,0.0,0.0,0.0,0.0,34,28,3.3,4.1,60.2,60.2,3.2,4.0,30.0,23.9,1021.8,1021.8,-7.25,294.2,-0.02,32.2059,9.8166,419.6,43.4,1485.85, NAN, NAN, NAN, NAN,,2024/04/08 02:21:48.160,2024-04-08 02:21:48.160000+00:00
2024/04/08, 02:22:48.160,35.946,-75.117, 0.00,353.75,231.55,0.04,10.5,10.5,1019.5,1019.5,0.0,0.0,0.0,0.0,28,22,3.4,3.2,60.5,60.5,3.4,3.2,21.4,15.4,1021.6,1021.6,-7.31,293.79,-0.02,32.2054,9.8185,418.0,43.1,1485.856, NAN, NAN, NAN, NAN,,2024/04/08 02:22:48.160,2024-04-08 02:22:48.160000+00:00
2024/04/08, 02:23:48.160,35.946,-75.117, -0.01,355.01,103.56,0.35,10.5,10.5,1019.5,1019.5,0.0,0.0,0.0,0.0,33,27,2.9,3.8,61.0,61.0,2.9,3.9,24.6,19.5,1021.6,1021.6,-7.16,293.73,-0.02,32.204,9.8177,424.1,43.0,1485.851, NAN, NAN, NAN, NAN,,2024/04/08 02:23:48.160,2024-04-08 02:23:48.160000+00:00
2024/04/08, 02:24:48.160,35.946,-75.117, 0.02,355.45,262.39,0.29,10.5,10.5,1019.5,1019.5,0.0,0.0,0.0,0.0,35,29,3.1,4.0,60.5,60.5,3.2,4.1,32.3,26.1,1021.6,1021.6,-7.21,293.86,-0.02,32.2009,9.8179,421.7,43.1,1485.848, NAN, NAN, NAN, NAN,,2024/04/08 02:24:48.160,2024-04-08 02:24:48.160000+00:00
2024/04/08, 02:25:48.160,35.946,-75.117, 0.05,354.38,88.21,0.38,10.5,10.5,1019.5,1019.5,0.0,0.0,0.0,0.0,29,23,3.2,3.5,60.4,60.4,3.1,3.4,20.6,14.6,1021.6,1021.6,-7.2,293.75,-0.02,32.2074,9.8161,420.4,43.2,1485.85, NAN, NAN, NAN, NAN,,2024/04/08 02:25:48.160,2024-04-08 02:25:48.160000+00:00
2024/04/08, 02:26:48.160,35.946,-75.117, 0.03,354.61,81.56,0.08,10.6,10.6,1019.5,1019.5,0.0,0.0,0.0,0.0,32,27,2.9,3.6,60.2,60.3,2.9,3.6,27.4,22.2,1021.6,1021.6,-7.16,293.53,-0.02,32.2047,9.8159,421.4,43.3,1485.846, NAN, NAN, NAN, NAN,,2024/04/08 02:26:48.160,2024-04-08 02:26:48.160000+00:00
2024/04/08, 02:27:48.160,35.946,-75.117, -0.02,355.53,62.57,0.15,10.6,10.6,1019.5,1019.5,0.0,0.0,0.0,0.0,30,25,3.3,4.0,59.9,59.9,3.3,4.0,24.4,19.5,1021.6,1021.6,-7.15,293.43,-0.02,32.2053,9.816,421.4,43.3,1485.847, NAN, NAN, NAN, NAN,,2024/04/08 02:27:48.160,2024-04-08 02:27:48.160000+00:00
2024/04/08, 02:28:48.160,35.946,-75.117, -0.01,354.02,34.98,0.05,10.6,10.6,1019.5,1019.5,0.0,0.0,0.0,0.0,28,22,2.9,3.2,59.7,59.9,2.9,3.2,22.5,16.5,1021.6,1021.6,-7.24,293.24,-0.02,32.2048,9.819,424.8,43.2,1485.857, NAN, NAN, NAN, NAN,,2024/04/08 02:28:48.160,2024-04-08 02:28:48.160000+00:00
2024/04/08, 02:29:48.160,35.946,-75.117, -0.02,354.64,59.45,0.37,10.6,10.6,1019.5,1019.5,0.0,0.0,0.0,0.0,28,23,2.7,2.9,59.7,59.1,2.6,2.8,19.1,14.2,1021.6,1021.6,-7.27,293.29,-0.02,32.2122,9.8208,571.2,39.6,1485.872, NAN, NAN, NAN, NAN,,2024/04/08 02:29:48.160,2024-04-08 02:29:48.160000+00:00
2024/04/08, 02:30:48.160,35.946,-75.117, 0.05,356.32,7.29,0.15,10.6,10.6,1019.5,1019.5,0.0,0.0,0.0,0.0,26,20,3.1,3.2,59.1,58.9,3.0,3.1,23.2,17.1,1021.6,1021.6,-7.31,293.03,-0.02,32.2082,9.8216,404.0,32.2,1485.87, NAN, NAN, NAN, NAN,,2024/04/08 02:30:48.160,2024-04-08 02:30:48.160000+00:00
2024/04/08, 02:31:48.160,35.946,-75.117, 0.02,355.64,109.07,0.09,10.6,10.6,1019.5,1019.5,0.0,0.0,0.0,0.0,24,17,3.0,2.7,58.9,58.9,3.0,2.7,18.8,11.7,1021.6,1021.6,-7.4,293.01,-0.02,32.2091,9.8213,402.8,32.6,1485.87, NAN, NAN, NAN, NAN,,2024/04/08 02:31:48.160,2024-04-08 02:31:48.160000+00:00
2024/04/08, 02:32:48.160,35.946,-75.117, 0.01,354.05,124.72,0.37,10.6,10.6,1019.5,1019.5,0.0,0.0,0.0,0.0,18,13,2.9,2.7,58.9,58.9,2.9,2.7,8.4,3.2,1021.6,1021.6,-7.48,292.65,-0.02,32.2084,9.8213,402.2,32.6,1485.87, NAN, NAN, NAN, NAN,,2024/04/08 02:32:48.160,2024-04-08 02:32:48.160000+00:00
2024/04/08, 02:33:48.160,35.946,-75.117, -0.02,354.88,120.4,0.11,10.6,10.6,1019.5,1019.5,0.0,0.0,0.0,0.0,16,9,2.8,2.6,58.9,58.9,2.9,2.7,11.1,4.3,1021.6,1021.6,-7.48,292.44,-0.02,32.2089,9.8194,402.2,33.2,1485.863, NAN, NAN, NAN, NAN,,2024/04/08 02:33:48.160,2024-04-08 02:33:48.160000+00:00
2024/04/08, 02:34:48.160,35.946,-75.117, -0.01,354.93,91.88,0.38,10.5,10.5,1019.7,1019.6,0.0,0.0,0.0,0.0,7,1,2.6,2.4,59.7,59.8,2.6,2.4,357.6,351.3,1021.8,1021.7,-7.53,292.61,-0.02,32.2084,9.8188,405.9,33.5,1485.861, NAN, NAN, NAN, NAN,,2024/04/08 02:34:48.160,2024-04-08 02:34:48.160000+00:00
2024/04/08, 02:35:48.160,35.946,-75.117, 0.00,354.14,279.77,0.34,10.5,10.5,1019.7,1019.7,0.0,0.0,0.0,0.0,9,2,2.5,2.3,60.1,60.1,2.5,2.3,7.1,0.5,1021.8,1021.8,-7.68,292.66,-0.02,32.2078,9.8169,404.0,33.7,1485.853, NAN, NAN, NAN, NAN,,2024/04/08 02:35:48.160,2024-04-08 02:35:48.160000+00:00
2024/04/08, 02:36:48.161,35.946,-75.117, 0.02,355.73,278.22,0.29,10.4,10.5,1019.7,1019.7,0.0,0.0,0.0,0.0,7,0,2.6,2.4,60.2,60.2,2.6,2.4,6.0,359.3,1021.8,1021.8,-7.74,292.63,-0.01,32.2092,9.8128,403.2,33.7,1485.84, NAN, NAN, NAN, NAN,,2024/04/08 02:36:48.161,2024-04-08 02:36:48.161000+00:00
2024/04/08, 02:37:48.161,35.946,-75.117, -0.02,355.38,70.57,0.22,10.4,10.4,1019.7,1019.7,0.0,0.0,0.0,0.0,0,353,2.5,2.4,60.4,60.4,2.5,2.4,352.9,345.7,1021.8,1021.8,-7.76,292.39,-0.01,32.2076,9.8118,401.6,33.7,1485.834, NAN, NAN, NAN, NAN,,2024/04/08 02:37:48.161,2024-04-08 02:37:48.161000+00:00
2024/04/08, 02:38:48.161,35.946,-75.117, -0.03,354.45,302.34,0.06,10.4,10.4,1019.6,1019.6,0.0,0.0,0.0,0.0,2,355,2.5,2.4,60.1,60.1,2.5,2.4,357.0,350.0,1021.7,1021.7,-7.81,292.42,-0.01,32.206,9.8117,404.0,33.7,1485.832, NAN, NAN, NAN, NAN,,2024/04/08 02:38:48.161,2024-04-08 02:38:48.161000+00:00
2024/04/08, 02:39:48.161,35.946,-75.117, 0.00,354.71,277.52,0.25,10.4,10.4,1019.7,1019.7,0.0,0.0,0.0,0.0,2,355,2.5,2.3,59.7,59.7,2.6,2.4,359.2,352.6,1021.8,1021.8,-7.83,292.37,-0.01,32.2056,9.8131,405.2,33.7,1485.836, NAN, NAN, NAN, NAN,,2024/04/08 02:39:48.161,2024-04-08 02:39:48.161000+00:00
2024/04/08, 02:40:48.161,35.946,-75.117, 0.00,355.38,162.63,0.08,10.4,10.4,1019.8,1019.6,0.0,0.0,0.0,0.0,359,353,2.5,2.4,59.7,59.7,2.5,2.4,355.3,349.4,1021.9,1021.7,-7.84,292.34,-0.02,32.206,9.8134,403.5,33.8,1485.838, NAN, NAN, NAN, NAN,,2024/04/08 02:40:48.161,2024-04-08 02:40:48.161000+00:00
2024/04/08, 02:41:48.161,35.946,-75.117, 0.01,354.73,100.38,0.32,10.4,10.4,1019.7,1019.6,0.0,0.0,0.0,0.0,1,355,2.5,2.4,59.4,59.5,2.5,2.4,352.0,345.8,1021.8,1021.7,-7.78,292.37,-0.01,32.2038,9.8157,403.6,33.9,1485.844, NAN, NAN, NAN, NAN,,2024/04/08 02:41:48.161,2024-04-08 02:41:48.161000+00:00
2024/04/08, 02:42:48.161,35.946,-75.117, 0.00,355.0,102.01,0.09,10.4,10.4,1019.7,1019.7,0.0,0.0,0.0,0.0,3,355,2.5,2.4,59.7,59.7,2.5,2.4,358.9,350.8,1021.8,1021.8,-7.88,292.38,-0.02,32.2025,9.8169,403.6,34.6,1485.846, NAN, NAN, NAN, NAN,,2024/04/08 02:42:48.161,2024-04-08 02:42:48.161000+00:00
2024/04/08, 02:43:48.161,35.946,-75.117, -0.05,354.63,117.29,0.2,10.3,10.4,1019.5,1019.5,0.0,0.0,0.0,0.0,1,354,2.4,2.3,60.0,60.1,2.5,2.4,353.8,346.9,1021.6,1021.6,-7.76,292.42,-0.02,32.2034,9.8164,403.6,34.8,1485.846, NAN, NAN, NAN, NAN,,2024/04/08 02:43:48.161,2024-04-08 02:43:48.161000+00:00
2024/04/08, 02:44:48.161,35.946,-75.117, -0.01,355.42,13.35,0.12,10.3,10.4,1019.5,1019.5,0.0,0.0,0.0,0.0,5,356,2.3,2.2,60.4,60.4,2.3,2.2,1.9,352.9,1021.6,1021.6,-7.81,292.21,-0.02,32.2023,9.8116,402.8,34.8,1485.827, NAN, NAN, NAN, NAN,,2024/04/08 02:44:48.161,2024-04-08 02:44:48.161000+00:00
2024/04/08, 02:45:48.161,35.946,-75.117, -0.02,355.31,262.33,0.59,10.3,10.4,1019.7,1019.5,0.0,0.0,0.0,0.0,0,353,2.4,2.3,60.6,60.7,2.4,2.2,2.5,355.7,1021.8,1021.6,-7.91,292.54,-0.02,32.2013,9.8092,402.2,34.8,1485.817, NAN, NAN, NAN, NAN,,2024/04/08 02:45:48.161,2024-04-08 02:45:48.161000+00:00
2024/04/08, 02:46:48.161,35.946,-75.117, 0.05,354.55,179.76,0.29,10.3,10.3,1019.5,1019.6,0.0,0.0,0.0,0.0,1,354,2.5,2.4,60.9,60.9,2.6,2.5,355.9,349.3,1021.6,1021.7,-7.81,292.19,-0.02,32.2023,9.8107,406.2,35.2,1485.824, NAN, NAN, NAN, NAN,,2024/04/08 02:46:48.161,2024-04-08 02:46:48.161000+00:00
2024/04/08, 02:47:48.161,35.946,-75.117, 0.03,355.43,339.94,0.31,10.3,10.3,1019.7,1019.7,0.0,0.0,0.0,0.0,0,354,2.6,2.5,61.0,61.0,2.5,2.4,358.7,352.7,1021.8,1021.8,-7.85,292.4,-0.03,32.203,9.8086,403.5,35.2,1485.817, NAN, NAN, NAN, NAN,,2024/04/08 02:47:48.161,2024-04-08 02:47:48.161000+00:00
2024/04/08, 02:48:48.161,35.946,-75.117, 0.02,354.79,228.27,0.08,10.3,10.3,1019.7,1019.6,0.0,0.0,0.0,0.0,359,351,2.5,2.4,61.1,61.1,2.5,2.4,354.0,346.1,1021.8,1021.7,-7.8,292.58,-0.02,32.2008,9.8089,402.8,35.5,1485.815, NAN, NAN, NAN, NAN,,2024/04/08 02:48:48.161,2024-04-08 02:48:48.161000+00:00
2024/04/08, 02:49:48.161,35.946,-75.117, -0.02,354.62,354.91,0.16,10.3,10.3,1019.8,1019.8,0.0,0.0,0.0,0.0,353,345,2.5,2.5,61.2,61.2,2.5,2.5,345.8,337.8,1021.9,1021.9,-7.85,292.26,-0.02,32.2007,9.8084,406.2,35.5,1485.813, NAN, NAN, NAN, NAN,,2024/04/08 02:49:48.161,2024-04-08 02:49:48.161000+00:00
2024/04/08, 02:50:48.161,35.946,-75.117, -0.02,354.43,190.69,0.26,10.3,10.3,1019.8,1019.7,0.0,0.0,0.0,0.0,353,346,2.4,2.4,61.3,61.3,2.5,2.5,345.3,338.6,1021.9,1021.8,-7.87,292.36,-0.02,32.1992,9.8081,404.6,35.6,1485.81, NAN, NAN, NAN, NAN,,2024/04/08 02:50:48.161,2024-04-08 02:50:48.161000+00:00
2024/04/08, 02:51:48.161,35.946,-75.117, 0.02,354.87,90.33,0.2,10.3,10.3,1019.8,1019.8,0.0,0.0,0.0,0.0,353,346,2.4,2.4,61.3,61.4,2.4,2.4,345.4,338.4,1021.9,1021.9,-7.85,292.63,-0.02,32.1999,9.8094,401.2,35.7,1485.816, NAN, NAN, NAN, NAN,,2024/04/08 02:51:48.161,2024-04-08 02:51:48.161000+00:00
2024/04/08, 02:52:48.162,35.946,-75.117, 0.00,354.9,147.49,0.23,10.2,10.3,1019.8,1019.8,0.0,0.0,0.0,0.0,348,341,2.4,2.7,61.5,61.6,2.4,2.7,345.7,338.4,1021.9,1021.9,-7.77,292.24,-0.02,32.1999,9.8129,405.9,35.8,1485.829, NAN, NAN, NAN, NAN,,2024/04/08 02:52:48.162,2024-04-08 02:52:48.162000+00:00
2024/04/08, 02:53:48.162,35.946,-75.117, 0.00,355.1,275.11,0.08,10.2,10.2,1019.8,1019.8,0.0,0.0,0.0,0.0,345,338,2.3,2.4,61.5,61.5,2.3,2.4,341.1,334.1,1021.9,1021.9,-7.9,292.58,-0.02,32.1988,9.8128,404.9,35.8,1485.827, NAN, NAN, NAN, NAN,,2024/04/08 02:53:48.162,2024-04-08 02:53:48.162000+00:00
2024/04/08, 02:54:48.162,35.946,-75.117, -0.01,354.95,66.32,0.12,10.2,10.2,1019.8,1019.8,0.0,0.0,0.0,0.0,340,334,2.4,3.1,61.5,61.4,2.4,3.1,333.5,327.8,1021.9,1021.9,-7.86,292.11,-0.02,32.1993,9.8108,404.3,35.8,1485.82, NAN, NAN, NAN, NAN,,2024/04/08 02:54:48.162,2024-04-08 02:54:48.162000+00:00
2024/04/08, 02:55:48.162,35.946,-75.117, -0.04,354.48,82.64,0.49,10.2,10.2,1019.8,1019.8,0.0,0.0,0.0,0.0,336,331,2.5,4.1,61.7,61.6,2.7,4.3,326.1,322.9,1021.9,1021.9,-7.94,292.41,-0.02,32.1996,9.8111,408.6,35.7,1485.822, NAN, NAN, NAN, NAN,,2024/04/08 02:55:48.162,2024-04-08 02:55:48.162000+00:00
2024/04/08, 02:56:48.162,35.946,-75.117, 0.00,354.62,103.04,0.21,10.2,10.2,1019.8,1019.8,0.0,0.0,0.0,0.0,333,329,2.5,4.7,63.1,63.0,2.6,4.8,325.5,322.5,1021.9,1021.9,-7.95,292.44,-0.02,32.1992,9.8115,404.9,35.7,1485.823, NAN, NAN, NAN, NAN,,2024/04/08 02:56:48.162,2024-04-08 02:56:48.162000+00:00
2024/04/08, 02:57:48.162,35.946,-75.117, -0.01,354.21,219.01,0.35,10.1,10.2,1019.8,1019.8,0.0,0.0,0.0,0.0,327,326,2.5,4.9,64.5,64.4,2.6,5.0,325.0,322.2,1021.9,1021.9,-7.95,292.58,-0.02,32.1978,9.8131,407.3,35.5,1485.827, NAN, NAN, NAN, NAN,,2024/04/08 02:57:48.162,2024-04-08 02:57:48.162000+00:00
2024/04/08, 02:58:48.162,35.946,-75.117, -0.02,354.46,115.8,0.21,10.1,10.1,1019.8,1019.8,0.0,0.0,0.0,0.0,323,324,2.5,5.3,65.6,65.5,2.6,5.4,317.6,318.5,1021.9,1021.9,-7.92,292.56,-0.02,32.197,9.8127,403.5,35.4,1485.825, NAN, NAN, NAN, NAN,,2024/04/08 02:58:48.162,2024-04-08 02:58:48.162000+00:00
2024/04/08, 02:59:48.162,35.946,-75.117, 0.05,355.31,338.79,0.06,10.0,10.1,1019.9,1019.9,0.0,0.0,0.0,0.0,316,320,2.7,5.4,66.4,66.5,2.7,5.4,310.7,315.0,1022.0,1022.0,-7.88,292.5,-0.02,32.1979,9.8128,404.9,35.6,1485.826, NAN, NAN, NAN, NAN,,2024/04/08 02:59:48.162,2024-04-08 02:59:48.162000+00:00
2024/04/08, 03:00:48.162,35.946,-75.117, -0.02,354.79,9.98,0.17,10.0,10.0,1019.9,1019.8,0.0,0.0,0.0,0.0,310,317,2.7,5.3,67.5,67.5,2.6,5.2,304.0,311.5,1022.0,1021.9,-7.91,292.46,-0.02,32.1992,9.8122,402.8,35.4,1485.825, NAN, NAN, NAN, NAN,,2024/04/08 03:00:48.162,2024-04-08 03:00:48.162000+00:00
2024/04/08, 03:01:48.162,35.946,-75.117, 0.01,354.85,296.4,0.36,10.0,10.0,1020.0,1019.9,0.0,0.0,0.0,0.0,304,314,2.7,5.2,68.4,68.4,2.5,5.0,300.5,310.0,1022.1,1022.0,-7.87,292.43,-0.02,32.1968,9.8135,407.6,35.2,1485.827, NAN, NAN, NAN, NAN,,2024/04/08 03:01:48.162,2024-04-08 03:01:48.162000+00:00
2024/04/08, 03:02:48.162,35.946,-75.117, 0.02,354.97,275.72,0.53,9.9,10.0,1020.0,1019.9,0.0,0.0,0.0,0.0,293,308,3.0,5.1,69.9,70.1,2.7,4.9,289.8,304.7,1022.1,1022.0,-7.84,293.11,-0.02,32.1979,9.8134,404.0,35.3,1485.828, NAN, NAN, NAN, NAN,,2024/04/08 03:02:48.162,2024-04-08 03:02:48.162000+00:00
2024/04/08, 03:03:48.162,35.946,-75.117, -0.01,355.57,302.47,0.16,10.0,10.0,1020.0,1019.8,0.0,0.0,0.0,0.0,281,302,3.1,4.9,72.9,73.1,3.0,4.8,275.5,297.2,1022.1,1021.9,-7.82,293.87,-0.03,32.197,9.8139,408.9,35.4,1485.829, NAN, NAN, NAN, NAN,,2024/04/08 03:03:48.162,2024-04-08 03:03:48.162000+00:00
2024/04/08, 03:04:48.162,35.946,-75.117, 0.02,355.33,27.87,0.3,10.0,10.0,1020.0,1019.9,0.0,0.0,0.0,0.0,279,304,3.0,4.8,76.9,77.0,3.1,4.8,272.0,297.5,1022.1,1022.0,-7.93,295.03,-0.02,32.1964,9.8143,405.6,35.4,1485.83, NAN, NAN, NAN, NAN,,2024/04/08 03:04:48.162,2024-04-08 03:04:48.162000+00:00
2024/04/08, 03:05:48.162,35.946,-75.117, -0.02,354.82,268.86,0.38,10.1,10.1,1019.8,1019.8,0.0,0.0,0.0,0.0,275,299,3.6,5.1,78.4,78.5,3.4,4.9,270.5,295.2,1021.9,1021.9,-7.84,294.79,-0.02,32.1968,9.816,405.9,35.4,1485.836, NAN, NAN, NAN, NAN,,2024/04/08 03:05:48.162,2024-04-08 03:05:48.162000+00:00
2024/04/08, 03:06:48.162,35.946,-75.117, 0.00,355.55,244.26,0.15,10.0,10.1,1020.0,1019.9,0.0,0.0,0.0,0.0,281,301,3.5,5.3,78.2,78.2,3.4,5.3,277.4,297.3,1022.1,1022.0,-7.95,294.39,-0.02,32.1956,9.817,404.6,35.5,1485.838, NAN, NAN, NAN, NAN,,2024/04/08 03:06:48.162,2024-04-08 03:06:48.162000+00:00
2024/04/08, 03:07:48.163,35.946,-75.117, 0.04,354.47,118.84,0.41,9.9,10.0,1020.0,1020.0,0.0,0.0,0.0,0.0,284,302,4.1,5.7,78.1,78.2,4.3,5.9,278.8,296.0,1022.1,1022.1,-8.15,294.54,-0.02,32.1964,9.8159,405.9,35.5,1485.835, NAN, NAN, NAN, NAN,,2024/04/08 03:07:48.163,2024-04-08 03:07:48.163000+00:00
2024/04/08, 03:08:48.163,35.946,-75.117, 0.01,354.72,328.05,0.17,9.8,9.8,1020.0,1019.9,0.0,0.0,0.0,0.0,283,303,3.6,5.5,78.5,78.5,3.5,5.4,277.4,297.8,1022.1,1022.0,-8.06,294.67,-0.02,32.1945,9.8154,403.2,35.6,1485.831, NAN, NAN, NAN, NAN,,2024/04/08 03:08:48.163,2024-04-08 03:08:48.163000+00:00
2024/04/08, 03:09:48.163,35.946,-75.117, 0.03,343.35,2.28,0.21,9.7,9.7,1020.1,1020.0,0.0,0.0,0.0,0.0,297,312,3.1,5.1,78.6,78.8,3.2,5.1,278.7,294.2,1022.2,1022.1,-8.11,294.6,-0.01,32.1954,9.8149,405.6,35.5,1485.831, NAN, NAN, NAN, NAN,,2024/04/08 03:09:48.163,2024-04-08 03:09:48.163000+00:00
2024/04/08, 03:10:48.163,35.946,-75.117, -0.03,340.31,230.13,0.26,9.6,9.6,1020.0,1019.9,0.0,0.0,0.0,0.0,309,317,3.0,5.3,78.2,78.4,2.9,5.2,291.0,298.4,1022.1,1022.0,-8.18,294.32,-0.01,32.196,9.8159,404.6,35.5,1485.835, NAN, NAN, NAN, NAN,,2024/04/08 03:10:48.163,2024-04-08 03:10:48.163000+00:00
2024/04/08, 03:11:48.163,35.946,-75.117, 0.04,336.88,258.47,0.16,9.5,9.6,1020.1,1020.0,0.0,0.0,0.0,0.0,318,320,3.0,5.5,76.1,78.3,2.9,5.4,295.7,297.3,1022.2,1022.1,-8.27,293.74,-0.01,32.1939,9.8167,403.6,35.9,1485.835, NAN, NAN, NAN, NAN,,2024/04/08 03:11:48.163,2024-04-08 03:11:48.163000+00:00
2024/04/08, 03:12:48.163,35.946,-75.117, 0.00,336.27,251.99,0.21,9.4,9.4,1020.1,1020.0,0.0,0.0,0.0,0.0,319,320,2.7,5.6,75.0,75.2,2.7,5.6,297.5,297.3,1022.2,1022.1,-8.11,293.96,-0.02,32.1941,9.8201,402.5,35.8,1485.848, NAN, NAN, NAN, NAN,,2024/04/08 03:12:48.163,2024-04-08 03:12:48.163000+00:00
2024/04/08, 03:13:48.163,35.946,-75.117, -0.05,335.79,94.85,0.08,9.4,9.4,1020.1,1020.0,0.0,0.0,0.0,0.0,325,324,2.6,4.9,73.6,73.8,2.6,4.9,299.9,299.3,1022.2,1022.1,-8.04,293.6,-0.02,32.1936,9.8225,399.8,35.8,1485.856, NAN, NAN, NAN, NAN,,2024/04/08 03:13:48.163,2024-04-08 03:13:48.163000+00:00
2024/04/08, 03:14:48.163,35.946,-75.117, 0.03,335.72,55.72,0.27,9.4,9.5,1020.2,1020.1,0.0,0.0,0.0,0.0,323,325,2.8,5.0,72.7,72.7,2.8,5.0,295.9,299.1,1022.3,1022.2,-7.92,293.51,-0.02,32.1928,9.8233,401.9,36.0,1485.858, NAN, NAN, NAN, NAN,,2024/04/08 03:14:48.163,2024-04-08 03:14:48.163000+00:00
2024/04/08, 03:15:48.163,35.946,-75.117, 0.00,335.21,142.09,0.15,9.5,9.5,1020.2,1020.1,0.0,0.0,0.0,0.0,325,326,3.0,5.5,71.0,72.5,3.1,5.6,300.0,301.1,1022.3,1022.2,-7.79,293.76,-0.02,32.1944,9.8238,402.2,36.0,1485.862, NAN, NAN, NAN, NAN,,2024/04/08 03:15:48.163,2024-04-08 03:15:48.163000+00:00
2024/04/08, 03:16:48.163,35.946,-75.117, 0.03,335.96,227.21,0.14,9.5,9.5,1020.2,1020.1,0.0,0.0,0.0,0.0,326,324,2.5,5.5,69.8,69.8,2.5,5.5,303.2,300.6,1022.3,1022.2,-7.66,293.49,-0.02,32.1933,9.8253,403.2,35.9,1485.866, NAN, NAN, NAN, NAN,,2024/04/08 03:16:48.163,2024-04-08 03:16:48.163000+00:00
2024/04/08, 03:17:48.163,35.946,-75.117, -0.01,334.88,196.17,0.21,9.6,9.6,1020.2,1020.2,0.0,0.0,0.0,0.0,324,325,2.7,4.8,69.3,69.4,2.8,4.9,300.1,300.6,1022.3,1022.3,-7.58,293.9,-0.02,32.1944,9.8253,400.9,36.2,1485.867, NAN, NAN, NAN, NAN,,2024/04/08 03:17:48.163,2024-04-08 03:17:48.163000+00:00
2024/04/08, 03:18:48.163,35.946,-75.117, -0.05,336.13,82.65,0.1,9.7,9.7,1020.3,1020.2,0.0,0.0,0.0,0.0,323,323,2.5,5.4,70.0,69.9,2.5,5.4,298.6,298.9,1022.4,1022.3,-7.4,293.6,-0.02,32.1937,9.8242,402.8,29.6,1485.862, NAN, NAN, NAN, NAN,,2024/04/08 03:18:48.163,2024-04-08 03:18:48.163000+00:00
2024/04/08, 03:19:48.163,35.946,-75.117, 0.05,336.01,290.32,0.3,9.8,9.8,1020.3,1020.3,0.0,0.0,0.0,0.0,318,322,2.6,5.5,69.2,69.1,2.5,5.4,295.0,298.6,1022.4,1022.4,-7.46,293.59,-0.02,32.1917,9.8247,401.2,35.2,1485.862, NAN, NAN, NAN, NAN,,2024/04/08 03:19:48.163,2024-04-08 03:19:48.163000+00:00
2024/04/08, 03:20:48.163,35.946,-75.117, -0.04,335.83,354.01,0.16,9.8,9.8,1020.3,1020.3,0.0,0.0,0.0,0.0,313,318,3.2,5.7,69.5,69.4,3.2,5.7,287.4,293.0,1022.4,1022.4,-7.4,293.33,-0.03,32.1934,9.8246,400.6,35.6,1485.863, NAN, NAN, NAN, NAN,,2024/04/08 03:20:48.163,2024-04-08 03:20:48.163000+00:00
2024/04/08, 03:21:48.163,35.946,-75.117, -0.03,335.46,25.6,0.18,9.8,9.8,1020.3,1020.3,0.0,0.0,0.0,0.0,308,313,3.5,5.8,69.0,68.9,3.6,5.9,282.4,287.7,1022.4,1022.4,-7.39,293.58,-0.02,32.1922,9.8242,404.0,36.0,1485.86, NAN, NAN, NAN, NAN,,2024/04/08 03:21:48.163,2024-04-08 03:21:48.163000+00:00
2024/04/08, 03:22:48.163,35.946,-75.117, 0.02,335.78,88.01,0.2,9.9,9.8,1020.3,1020.2,0.0,0.0,0.0,0.0,292,305,4.5,6.5,72.4,68.9,4.6,6.6,267.8,280.6,1022.4,1022.3,-7.4,293.76,-0.02,32.1924,9.8256,403.6,36.2,1485.866, NAN, NAN, NAN, NAN,,2024/04/08 03:22:48.163,2024-04-08 03:22:48.163000+00:00
2024/04/08, 03:23:48.164,35.946,-75.117, 0.00,336.03,5.66,0.24,9.9,9.9,1020.3,1020.2,0.0,0.0,0.0,0.0,285,301,4.8,6.7,72.6,72.7,4.8,6.7,259.6,276.0,1022.4,1022.3,-7.3,293.42,-0.02,32.1931,9.8264,400.3,36.2,1485.87, NAN, NAN, NAN, NAN,,2024/04/08 03:23:48.164,2024-04-08 03:23:48.164000+00:00
2024/04/08, 03:24:48.164,35.946,-75.117, -0.01,335.35,71.56,0.17,9.8,9.8,1020.3,1020.2,0.0,0.0,0.0,0.0,290,303,5.3,7.2,73.3,73.4,5.4,7.3,265.2,278.1,1022.4,1022.3,-7.26,293.23,-0.02,32.1933,9.8264,404.0,36.2,1485.87, NAN, NAN, NAN, NAN,,2024/04/08 03:24:48.164,2024-04-08 03:24:48.164000+00:00
2024/04/08, 03:25:48.164,35.946,-75.117, 0.01,335.64,53.25,0.24,9.7,9.8,1020.3,1020.3,0.0,0.0,0.0,0.0,291,302,5.3,7.0,73.8,73.9,5.4,7.0,265.5,276.7,1022.4,1022.4,-7.25,293.47,-0.02,32.1924,9.8265,404.0,36.4,1485.869, NAN, NAN, NAN, NAN,,2024/04/08 03:25:48.164,2024-04-08 03:25:48.164000+00:00
2024/04/08, 03:26:48.164,35.946,-75.117, -0.02,335.94,61.52,0.09,9.7,9.7,1020.5,1020.3,0.0,0.0,0.0,0.0,292,302,4.8,6.9,75.1,75.3,4.8,6.9,267.5,277.6,1022.6,1022.4,-7.31,293.38,-0.02,32.192,9.8289,402.8,36.4,1485.877, NAN, NAN, NAN, NAN,,2024/04/08 03:26:48.164,2024-04-08 03:26:48.164000+00:00
2024/04/08, 03:27:48.164,35.946,-75.117, 0.01,335.6,0.34,0.24,9.6,9.7,1020.3,1020.3,0.0,0.0,0.0,0.0,291,305,5.0,6.9,75.1,75.2,5.1,7.0,265.9,279.9,1022.4,1022.4,-7.28,293.31,-0.02,32.1915,9.8297,403.6,36.5,1485.88, NAN, NAN, NAN, NAN,,2024/04/08 03:27:48.164,2024-04-08 03:27:48.164000+00:00
2024/04/08, 03:28:48.164,35.946,-75.117, 0.01,335.61,329.76,0.12,9.6,9.6,1020.3,1020.3,0.0,0.0,0.0,0.0,294,308,4.7,6.9,74.7,75.0,4.6,6.8,269.6,283.7,1022.4,1022.4,-7.34,293.32,-0.02,32.1922,9.8309,402.5,36.5,1485.885, NAN, NAN, NAN, NAN,,2024/04/08 03:28:48.164,2024-04-08 03:28:48.164000+00:00
2024/04/08, 03:29:48.164,35.946,-75.117, -0.01,335.69,345.24,0.09,9.6,9.6,1020.2,1020.2,0.0,0.0,0.0,0.0,297,308,4.4,6.7,76.1,76.3,4.4,6.7,272.4,283.4,1022.3,1022.3,-7.31,292.98,-0.02,32.1942,9.8331,400.6,36.5,1485.895, NAN, NAN, NAN, NAN,,2024/04/08 03:29:48.164,2024-04-08 03:29:48.164000+00:00
2024/04/08, 03:30:48.164,35.946,-75.117, -0.03,335.36,233.5,0.35,9.5,9.5,1020.2,1020.2,0.0,0.0,0.0,0.0,307,315,3.7,6.1,71.3,71.4,3.6,6.0,284.1,291.6,1022.3,1022.3,-7.39,292.97,-0.02,32.195,9.8336,404.3,36.5,1485.898, NAN, NAN, NAN, NAN,,2024/04/08 03:30:48.164,2024-04-08 03:30:48.164000+00:00
2024/04/08, 03:31:48.164,35.946,-75.117, 0.00,335.8,53.16,0.2,9.5,9.5,1020.3,1020.2,0.0,0.0,0.0,0.0,314,318,3.6,6.2,71.4,71.5,3.7,6.3,288.7,293.1,1022.4,1022.3,-7.35,292.99,-0.01,32.1948,9.8333,404.3,36.5,1485.897, NAN, NAN, NAN, NAN,,2024/04/08 03:31:48.164,2024-04-08 03:31:48.164000+00:00
2024/04/08, 03:32:48.164,35.946,-75.117, 0.02,335.24,86.89,0.13,9.5,9.5,1020.3,1020.2,0.0,0.0,0.0,0.0,323,324,3.2,6.0,70.5,70.3,3.1,5.9,298.7,299.5,1022.4,1022.3,-7.34,293.0,-0.01,32.1954,9.8337,403.6,36.5,1485.899, NAN, NAN, NAN, NAN,,2024/04/08 03:32:48.164,2024-04-08 03:32:48.164000+00:00
2024/04/08, 03:33:48.164,35.946,-75.117, -0.01,335.11,176.07,0.08,9.5,9.5,1020.1,1020.1,0.0,0.0,0.0,0.0,326,325,3.3,6.1,69.6,69.3,3.3,6.1,301.7,300.4,1022.2,1022.2,-7.48,293.33,-0.02,32.1958,9.817,407.3,36.4,1485.839, NAN, NAN, NAN, NAN,,2024/04/08 03:33:48.164,2024-04-08 03:33:48.164000+00:00
2024/04/08, 03:34:48.164,35.946,-75.117, 0.00,336.47,343.2,0.13,9.5,9.5,1020.3,1020.2,0.0,0.0,0.0,0.0,326,324,3.0,5.6,68.7,68.5,3.0,5.6,303.5,301.0,1022.4,1022.3,-7.34,293.27,-0.02,32.1943,9.7905,400.9,36.4,1485.741, NAN, NAN, NAN, NAN,,2024/04/08 03:34:48.164,2024-04-08 03:34:48.164000+00:00
2024/04/08, 03:35:48.164,35.946,-75.117, 0.00,335.54,257.98,0.41,9.6,9.6,1020.3,1020.2,0.0,0.0,0.0,0.0,323,324,3.1,5.9,69.1,68.6,3.0,5.8,301.5,301.1,1022.4,1022.3,-7.37,293.07,-0.02,32.1958,9.7762,400.3,36.5,1485.69, NAN, NAN, NAN, NAN,,2024/04/08 03:35:48.164,2024-04-08 03:35:48.164000+00:00
2024/04/08, 03:36:48.164,35.946,-75.117, -0.01,335.19,84.49,0.43,9.6,9.7,1020.3,1020.3,0.0,0.0,0.0,0.0,320,320,3.3,6.2,70.1,69.8,3.5,6.4,292.9,293.9,1022.4,1022.4,-7.39,293.0,-0.02,32.1946,9.768,400.6,36.5,1485.659, NAN, NAN, NAN, NAN,,2024/04/08 03:36:48.164,2024-04-08 03:36:48.164000+00:00
2024/04/08, 03:37:48.165,35.946,-75.117, -0.02,335.62,246.47,0.06,9.6,9.7,1020.3,1020.3,0.0,0.0,0.0,0.0,310,316,3.4,6.1,68.6,69.8,3.4,6.1,285.6,291.6,1022.4,1022.4,-7.4,293.33,-0.02,32.1953,9.7617,404.3,36.6,1485.637, NAN, NAN, NAN, NAN,,2024/04/08 03:37:48.165,2024-04-08 03:37:48.165000+00:00
2024/04/08, 03:38:48.165,35.946,-75.117, 0.01,334.89,50.77,0.15,9.7,9.7,1020.3,1020.3,0.0,0.0,0.0,0.0,300,309,4.3,6.8,68.8,68.7,4.3,6.8,273.9,283.3,1022.4,1022.4,-7.37,293.15,-0.02,32.1892,9.7558,402.2,36.6,1485.608, NAN, NAN, NAN, NAN,,2024/04/08 03:38:48.165,2024-04-08 03:38:48.165000+00:00
2024/04/08, 03:39:48.165,35.946,-75.117, 0.00,336.65,72.89,0.5,9.7,9.7,1020.3,1020.3,0.0,0.0,0.0,0.0,298,306,5.4,7.1,70.7,70.5,5.7,7.3,274.1,282.0,1022.4,1022.4,-7.25,292.94,-0.02,32.1818,9.7513,407.3,36.6,1485.583, NAN, NAN, NAN, NAN,,2024/04/08 03:39:48.165,2024-04-08 03:39:48.165000+00:00
2024/04/08, 03:40:48.165,35.946,-75.117, -0.02,335.35,72.33,0.36,9.7,9.7,1020.3,1020.3,0.0,0.0,0.0,0.0,294,305,5.3,7.5,70.8,72.7,5.5,7.6,268.3,279.4,1022.4,1022.4,-7.1,292.67,-0.02,32.1789,9.7466,407.6,36.5,1485.562, NAN, NAN, NAN, NAN,,2024/04/08 03:40:48.165,2024-04-08 03:40:48.165000+00:00
2024/04/08, 03:41:48.165,35.946,-75.117, 0.04,336.01,247.82,0.14,9.6,9.7,1020.3,1020.3,0.0,0.0,0.0,0.0,295,307,5.0,7.3,73.3,73.3,5.1,7.4,271.1,282.9,1022.4,1022.4,-7.18,292.89,-0.03,32.1749,9.7455,410.4,36.9,1485.553, NAN, NAN, NAN, NAN,,2024/04/08 03:41:48.165,2024-04-08 03:41:48.165000+00:00
2024/04/08, 03:42:48.165,35.946,-75.117, 0.00,335.48,210.29,0.25,9.6,9.6,1020.3,1020.3,0.0,0.0,0.0,0.0,301,309,4.3,6.7,75.1,75.1,4.3,6.7,278.2,285.6,1022.4,1022.4,-7.18,293.38,-0.02,32.1762,9.7449,409.2,36.7,1485.553, NAN, NAN, NAN, NAN,,2024/04/08 03:42:48.165,2024-04-08 03:42:48.165000+00:00
2024/04/08, 03:43:48.165,35.946,-75.117, 0.00,335.79,57.95,0.35,9.6,9.6,1020.5,1020.3,0.0,0.0,0.0,0.0,297,307,4.3,6.3,76.0,76.2,4.4,6.4,271.2,281.5,1022.6,1022.4,-7.26,293.74,-0.02,32.1737,9.7432,410.0,36.7,1485.543, NAN, NAN, NAN, NAN,,2024/04/08 03:43:48.165,2024-04-08 03:43:48.165000+00:00
2024/04/08, 03:44:48.165,35.946,-75.117, 0.00,335.1,267.94,0.17,9.5,9.6,1020.5,1020.3,0.0,0.0,0.0,0.0,291,308,4.5,6.2,76.4,76.4,4.4,6.2,266.9,283.8,1022.6,1022.4,-7.33,293.34,-0.02,32.1716,9.7442,408.9,36.6,1485.544, NAN, NAN, NAN, NAN,,2024/04/08 03:44:48.165,2024-04-08 03:44:48.165000+00:00
2024/04/08, 03:45:48.165,35.946,-75.117, -0.02,335.89,56.64,0.19,9.5,9.6,1020.5,1020.3,0.0,0.0,0.0,0.0,299,309,3.7,6.1,74.4,76.1,3.7,6.1,273.5,284.0,1022.6,1022.4,-7.43,293.48,-0.02,32.172,9.7427,410.7,36.7,1485.539, NAN, NAN, NAN, NAN,,2024/04/08 03:45:48.165,2024-04-08 03:45:48.165000+00:00
2024/04/08, 03:46:48.165,35.946,-75.117, 0.07,335.56,253.31,0.28,9.4,9.5,1020.3,1020.3,0.0,0.0,0.0,0.0,300,313,3.8,6.2,74.2,74.1,3.7,6.1,276.0,289.1,1022.4,1022.4,-7.45,293.16,-0.02,32.1664,9.7409,412.9,37.1,1485.526, NAN, NAN, NAN, NAN,,2024/04/08 03:46:48.165,2024-04-08 03:46:48.165000+00:00
2024/04/08, 03:47:48.165,35.946,-75.117, -0.03,335.93,62.22,0.13,9.4,9.4,1020.3,1020.3,0.0,0.0,0.0,0.0,303,311,3.9,6.5,73.9,74.0,4.0,6.6,278.6,286.7,1022.4,1022.4,-7.53,293.4,-0.02,32.1664,9.7386,411.6,37.0,1485.518, NAN, NAN, NAN, NAN,,2024/04/08 03:47:48.165,2024-04-08 03:47:48.165000+00:00
2024/04/08, 03:48:48.165,35.946,-75.117, 0.02,335.59,223.66,0.32,9.4,9.5,1020.3,1020.3,0.0,0.0,0.0,0.0,306,313,4.0,6.1,74.7,74.7,3.9,6.1,283.8,290.1,1022.4,1022.4,-7.41,293.52,-0.02,32.1658,9.7379,411.3,36.9,1485.514, NAN, NAN, NAN, NAN,,2024/04/08 03:48:48.165,2024-04-08 03:48:48.165000+00:00
2024/04/08, 03:49:48.165,35.946,-75.117, 0.08,336.45,259.39,0.23,9.5,9.5,1020.3,1020.3,0.0,0.0,0.0,0.0,303,311,3.6,6.2,75.6,75.7,3.5,6.1,279.6,287.7,1022.4,1022.4,-7.41,293.53,-0.02,32.1664,9.7377,413.7,37.1,1485.514, NAN, NAN, NAN, NAN,,2024/04/08 03:49:48.165,2024-04-08 03:49:48.165000+00:00
2024/04/08, 03:50:48.165,35.946,-75.117, 0.01,335.96,305.56,0.08,9.5,9.5,1020.3,1020.3,0.0,0.0,0.0,0.0,300,312,4.1,6.4,75.8,76.1,4.1,6.4,276.3,288.2,1022.4,1022.4,-7.39,292.83,-0.03,32.1656,9.736,414.4,37.1,1485.507, NAN, NAN, NAN, NAN,,2024/04/08 03:50:48.165,2024-04-08 03:50:48.165000+00:00
2024/04/08, 03:51:48.165,35.946,-75.117, -0.03,335.82,67.15,0.02,9.5,9.5,1020.3,1020.3,0.0,0.0,0.0,0.0,301,311,3.8,6.0,76.0,76.1,3.8,6.0,276.9,286.8,1022.4,1022.4,-7.45,293.1,-0.02,32.1653,9.7368,415.6,37.1,1485.51, NAN, NAN, NAN, NAN,,2024/04/08 03:51:48.165,2024-04-08 03:51:48.165000+00:00
2024/04/08, 03:52:48.165,35.946,-75.117, -0.01,335.66,252.83,0.24,9.5,9.5,1020.3,1020.3,0.0,0.0,0.0,0.0,302,312,3.7,5.9,74.7,75.2,3.6,5.8,278.7,288.4,1022.4,1022.4,-7.38,293.05,-0.02,32.1651,9.7378,412.3,37.1,1485.513, NAN, NAN, NAN, NAN,,2024/04/08 03:52:48.165,2024-04-08 03:52:48.165000+00:00
2024/04/08, 03:53:48.166,35.946,-75.117, 0.00,335.57,236.56,0.38,9.5,9.5,1020.3,1020.3,0.0,0.0,0.0,0.0,303,313,3.2,5.7,74.6,75.1,3.1,5.6,281.5,290.4,1022.4,1022.4,-7.4,293.2,-0.02,32.1638,9.7364,415.3,37.2,1485.506, NAN, NAN, NAN, NAN,,2024/04/08 03:53:48.166,2024-04-08 03:53:48.166000+00:00
2024/04/08, 03:54:48.166,35.946,-75.117, -0.03,334.84,121.0,0.33,9.5,9.5,1020.3,1020.2,0.0,0.0,0.0,0.0,304,313,3.4,6.0,76.3,76.4,3.3,5.9,281.0,289.2,1022.4,1022.3,-7.41,293.21,-0.03,32.1637,9.7345,413.4,37.2,1485.499, NAN, NAN, NAN, NAN,,2024/04/08 03:54:48.166,2024-04-08 03:54:48.166000+00:00
2024/04/08, 03:55:48.166,35.946,-75.117, 0.04,336.58,355.67,0.21,9.5,9.5,1020.3,1020.1,0.0,0.0,0.0,0.0,301,312,3.7,5.9,76.1,76.5,3.6,5.8,276.3,287.9,1022.4,1022.2,-7.48,293.04,-0.02,32.1625,9.7303,418.0,37.4,1485.483, NAN, NAN, NAN, NAN,,2024/04/08 03:55:48.166,2024-04-08 03:55:48.166000+00:00
2024/04/08, 03:56:48.166,35.946,-75.117, -0.01,336.1,229.12,0.26,9.4,9.5,1020.3,1020.2,0.0,0.0,0.0,0.0,302,312,3.3,5.8,75.6,75.7,3.2,5.7,279.4,289.0,1022.4,1022.3,-7.46,293.58,-0.02,32.1647,9.7277,412.9,37.3,1485.476, NAN, NAN, NAN, NAN,,2024/04/08 03:56:48.166,2024-04-08 03:56:48.166000+00:00
2024/04/08, 03:57:48.166,35.946,-75.117, 0.02,336.05,266.26,0.05,9.5,9.5,1020.2,1020.3,0.0,0.0,0.0,0.0,302,311,3.7,6.1,76.6,76.9,3.7,6.1,277.9,287.0,1022.3,1022.4,-7.46,293.37,-0.03,32.162,9.7261,416.6,37.5,1485.467, NAN, NAN, NAN, NAN,,2024/04/08 03:57:48.166,2024-04-08 03:57:48.166000+00:00
2024/04/08, 03:58:48.166,35.946,-75.117, 0.01,335.62,236.28,0.46,9.5,9.5,1020.3,1020.3,0.0,0.0,0.0,0.0,301,312,4.0,6.1,77.0,77.1,3.9,6.0,279.4,289.6,1022.4,1022.4,-7.48,293.41,-0.03,32.1624,9.7274,414.7,37.2,1485.472, NAN, NAN, NAN, NAN,,2024/04/08 03:58:48.166,2024-04-08 03:58:48.166000+00:00
2024/04/08, 03:59:48.166,35.946,-75.117, -0.01,336.14,83.36,0.17,9.5,9.5,1020.3,1020.3,0.0,0.0,0.0,0.0,302,309,3.9,6.3,77.2,76.9,4.0,6.4,278.0,285.0,1022.4,1022.4,-7.49,293.37,-0.02,32.1612,9.7306,416.8,37.5,1485.482, NAN, NAN, NAN, NAN,,2024/04/08 03:59:48.166,2024-04-08 03:59:48.166000+00:00
2024/04/08, 04:00:48.166,35.946,-75.117, 0.01,336.08,238.96,0.49,9.5,9.5,1020.3,1020.3,0.0,0.0,0.0,0.0,298,310,4.3,6.4,76.8,78.0,4.1,6.2,275.8,287.6,1022.4,1022.4,-7.42,293.62,-0.03,32.1606,9.732,415.0,37.6,1485.487, NAN, NAN, NAN, NAN,,2024/04/08 04:00:48.166,2024-04-08 04:00:48.166000+00:00
2024/04/08, 04:01:48.166,35.946,-75.117, -0.06,335.64,79.38,0.22,9.5,9.5,1020.3,1020.3,0.0,0.0,0.0,0.0,294,309,4.2,6.3,78.6,78.8,4.3,6.4,269.9,284.6,1022.4,1022.4,-7.4,294.03,-0.02,32.1584,9.7336,412.9,37.5,1485.49, NAN, NAN, NAN, NAN,,2024/04/08 04:01:48.166,2024-04-08 04:01:48.166000+00:00
2024/04/08, 04:02:48.166,35.946,-75.117, -0.04,335.6,102.16,0.17,9.5,9.5,1020.3,1020.3,0.0,0.0,0.0,0.0,297,308,3.9,6.4,79.0,79.1,3.9,6.4,273.9,284.3,1022.4,1022.4,-7.36,294.39,-0.03,32.1575,9.7366,415.0,37.6,1485.5, NAN, NAN, NAN, NAN,,2024/04/08 04:02:48.166,2024-04-08 04:02:48.166000+00:00
2024/04/08, 04:03:48.166,35.946,-75.117, 0.04,336.19,256.13,0.41,9.5,9.5,1020.3,1020.3,0.0,0.0,0.0,0.0,297,309,4.3,6.3,78.7,78.9,4.1,6.1,274.1,286.2,1022.4,1022.4,-7.33,293.67,-0.03,32.157,9.7383,416.0,37.4,1485.505, NAN, NAN, NAN, NAN,,2024/04/08 04:03:48.166,2024-04-08 04:03:48.166000+00:00
2024/04/08, 04:04:48.166,35.946,-75.117, 0.01,336.18,228.83,0.21,9.5,9.5,1020.3,1020.3,0.0,0.0,0.0,0.0,299,310,3.6,6.0,78.4,78.6,3.5,5.9,276.0,286.8,1022.4,1022.4,-7.36,293.82,-0.02,32.156,9.7387,415.3,37.4,1485.505, NAN, NAN, NAN, NAN,,2024/04/08 04:04:48.166,2024-04-08 04:04:48.166000+00:00
2024/04/08, 04:05:48.166,35.946,-75.117, 0.02,335.99,345.48,0.15,9.5,9.5,1020.3,1020.3,0.0,0.0,0.0,0.0,298,309,3.8,6.0,78.5,79.4,3.7,5.9,274.1,285.2,1022.4,1022.4,-7.43,294.28,-0.02,32.1557,9.7398,413.4,37.5,1485.509, NAN, NAN, NAN, NAN,,2024/04/08 04:05:48.166,2024-04-08 04:05:48.166000+00:00
2024/04/08, 04:06:48.166,35.946,-75.117, 0.00,335.79,35.63,0.16,9.5,9.5,1020.3,1020.1,0.0,0.0,0.0,0.0,297,310,3.6,6.0,79.9,80.0,3.7,6.1,272.4,285.4,1022.4,1022.2,-7.41,294.27,-0.02,32.1564,9.7369,416.3,37.4,1485.499, NAN, NAN, NAN, NAN,,2024/04/08 04:06:48.166,2024-04-08 04:06:48.166000+00:00
2024/04/08, 04:07:48.166,35.946,-75.117, -0.01,336.64,3.72,0.14,9.5,9.5,1020.2,1020.1,0.0,0.0,0.0,0.0,300,312,3.5,5.7,79.9,80.1,3.5,5.7,275.5,288.0,1022.3,1022.2,-7.46,294.5,-0.03,32.154,9.7344,416.6,37.6,1485.487, NAN, NAN, NAN, NAN,,2024/04/08 04:07:48.166,2024-04-08 04:07:48.166000+00:00
2024/04/08, 04:08:48.166,35.946,-75.117, -0.02,335.2,205.79,0.14,9.5,9.5,1020.3,1020.2,0.0,0.0,0.0,0.0,301,312,3.5,5.9,80.6,80.8,3.5,6.0,277.1,287.7,1022.4,1022.3,-7.49,294.15,-0.02,32.1555,9.7336,416.3,37.6,1485.486, NAN, NAN, NAN, NAN,,2024/04/08 04:08:48.166,2024-04-08 04:08:48.166000+00:00
2024/04/08, 04:09:48.167,35.946,-75.117, 0.01,336.01,204.06,0.31,9.4,9.4,1020.3,1020.2,0.0,0.0,0.0,0.0,300,311,3.7,6.0,79.9,80.1,3.9,6.2,276.6,287.1,1022.4,1022.3,-7.51,294.08,-0.03,32.1572,9.7332,416.8,37.5,1485.487, NAN, NAN, NAN, NAN,,2024/04/08 04:09:48.167,2024-04-08 04:09:48.167000+00:00
2024/04/08, 04:10:48.167,35.946,-75.117, -0.05,336.71,242.63,0.49,9.4,9.4,1020.3,1020.3,0.0,0.0,0.0,0.0,297,311,3.7,5.7,79.2,79.5,3.5,5.5,275.4,289.3,1022.4,1022.4,-7.48,293.91,-0.03,32.1581,9.7312,412.9,37.3,1485.481, NAN, NAN, NAN, NAN,,2024/04/08 04:10:48.167,2024-04-08 04:10:48.167000+00:00
2024/04/08, 04:11:48.167,35.946,-75.117, 0.07,336.37,89.38,0.16,9.3,9.4,1020.3,1020.2,0.0,0.0,0.0,0.0,300,310,3.7,5.7,79.1,79.3,3.8,5.8,276.8,286.5,1022.4,1022.3,-7.48,294.23,-0.02,32.1538,9.7301,416.3,37.6,1485.471, NAN, NAN, NAN, NAN,,2024/04/08 04:11:48.167,2024-04-08 04:11:48.167000+00:00
2024/04/08, 04:12:48.167,35.946,-75.117, 0.02,335.15,258.7,0.6,9.3,9.3,1020.3,1020.2,0.0,0.0,0.0,0.0,299,312,3.1,5.4,79.6,79.9,2.8,5.2,276.6,289.2,1022.4,1022.3,-7.51,294.22,-0.02,32.1541,9.731,416.0,37.3,1485.475, NAN, NAN, NAN, NAN,,2024/04/08 04:12:48.167,2024-04-08 04:12:48.167000+00:00
2024/04/08, 04:13:48.167,35.946,-75.117, 0.01,335.59,96.59,0.37,9.3,9.4,1020.3,1020.3,0.0,0.0,0.0,0.0,302,311,3.7,5.9,79.3,79.8,3.9,6.1,277.4,286.2,1022.4,1022.4,-7.47,294.08,-0.03,32.1533,9.7305,419.6,37.2,1485.472, NAN, NAN, NAN, NAN,,2024/04/08 04:13:48.167,2024-04-08 04:13:48.167000+00:00
2024/04/08, 04:14:48.167,35.946,-75.117, 0.06,335.94,34.32,0.27,9.3,9.4,1020.3,1020.3,0.0,0.0,0.0,0.0,299,307,3.8,5.9,79.7,79.9,3.8,5.8,273.0,281.7,1022.4,1022.4,-7.52,294.18,-0.03,32.1521,9.7321,416.8,37.6,1485.477, NAN, NAN, NAN, NAN,,2024/04/08 04:14:48.167,2024-04-08 04:14:48.167000+00:00
2024/04/08, 04:15:48.167,35.946,-75.117, -0.01,336.98,69.38,0.29,9.3,9.4,1020.3,1020.3,0.0,0.0,0.0,0.0,295,308,3.7,6.0,79.5,79.5,3.8,6.1,270.6,283.9,1022.4,1022.4,-7.48,294.69,-0.02,32.1523,9.7311,417.1,37.4,1485.473, NAN, NAN, NAN, NAN,,2024/04/08 04:15:48.167,2024-04-08 04:15:48.167000+00:00
2024/04/08, 04:16:48.167,35.946,-75.117, 0.02,336.25,246.85,0.53,9.4,9.4,1020.3,1020.3,0.0,0.0,0.0,0.0,294,308,4.2,6.3,79.9,80.1,3.9,6.1,271.3,285.5,1022.4,1022.4,-7.42,294.46,-0.03,32.1523,9.7304,421.4,37.6,1485.471, NAN, NAN, NAN, NAN,,2024/04/08 04:16:48.167,2024-04-08 04:16:48.167000+00:00
2024/04/08, 04:17:48.167,35.946,-75.117, -0.03,335.89,153.14,0.19,9.4,9.4,1020.3,1020.3,0.0,0.0,0.0,0.0,291,307,4.2,6.1,80.1,80.3,4.3,6.2,267.5,283.1,1022.4,1022.4,-7.4,294.76,-0.02,32.1507,9.7314,422.0,37.6,1485.472, NAN, NAN, NAN, NAN,,2024/04/08 04:17:48.167,2024-04-08 04:17:48.167000+00:00
2024/04/08, 04:18:48.167,35.946,-75.117, -0.01,335.77,245.21,0.57,9.4,9.4,1020.3,1020.3,0.0,0.0,0.0,0.0,293,307,4.3,6.4,80.7,81.0,4.1,6.2,270.9,284.7,1022.4,1022.4,-7.46,294.99,-0.02,32.1509,9.7307,416.0,37.8,1485.47, NAN, NAN, NAN, NAN,,2024/04/08 04:18:48.167,2024-04-08 04:18:48.167000+00:00
2024/04/08, 04:19:48.167,35.946,-75.117, 0.01,336.21,109.85,0.39,9.4,9.4,1020.3,1020.2,0.0,0.0,0.0,0.0,293,306,4.4,6.6,80.7,81.0,4.6,6.8,268.5,281.4,1022.4,1022.3,-7.28,295.01,-0.03,32.151,9.7267,418.0,37.6,1485.456, NAN, NAN, NAN, NAN,,2024/04/08 04:19:48.167,2024-04-08 04:19:48.167000+00:00
2024/04/08, 04:20:48.167,35.946,-75.117, 0.00,336.67,73.36,0.26,9.4,9.4,1020.3,1020.3,0.0,0.0,0.0,0.0,295,306,4.3,6.4,81.0,81.0,4.4,6.5,271.3,282.2,1022.4,1022.4,-7.3,295.19,-0.02,32.1508,9.7266,420.1,37.7,1485.455, NAN, NAN, NAN, NAN,,2024/04/08 04:20:48.167,2024-04-08 04:20:48.167000+00:00
2024/04/08, 04:21:48.167,35.946,-75.117, -0.05,336.42,187.45,0.25,9.4,9.4,1020.2,1020.2,0.0,0.0,0.0,0.0,296,308,3.9,6.0,81.0,81.7,3.9,6.1,274.2,285.5,1022.3,1022.3,-7.3,295.34,-0.02,32.1525,9.726,421.1,37.5,1485.455, NAN, NAN, NAN, NAN,,2024/04/08 04:21:48.167,2024-04-08 04:21:48.167000+00:00
2024/04/08, 04:22:48.167,35.946,-75.117, -0.01,334.5,344.96,0.12,9.4,9.4,1020.3,1020.3,0.0,0.0,0.0,0.0,297,309,3.6,5.6,81.4,81.6,3.6,5.6,270.6,282.9,1022.4,1022.4,-7.33,295.25,-0.02,32.1491,9.7278,420.8,37.6,1485.457, NAN, NAN, NAN, NAN,,2024/04/08 04:22:48.167,2024-04-08 04:22:48.167000+00:00
2024/04/08, 04:23:48.167,35.946,-75.117, 0.05,335.75,64.25,0.2,9.4,9.4,1020.3,1020.2,0.0,0.0,0.0,0.0,296,309,3.5,5.6,81.4,81.6,3.6,5.7,271.3,284.3,1022.4,1022.3,-7.31,294.94,-0.02,32.1493,9.7262,418.7,37.6,1485.452, NAN, NAN, NAN, NAN,,2024/04/08 04:23:48.167,2024-04-08 04:23:48.167000+00:00
2024/04/08, 04:24:48.167,35.946,-75.117, -0.04,335.81,142.21,0.18,9.3,9.4,1020.3,1020.3,0.0,0.0,0.0,0.0,300,312,3.6,6.1,81.3,81.5,3.5,6.0,276.3,288.3,1022.4,1022.4,-7.41,294.23,-0.02,32.1493,9.7247,417.7,37.3,1485.446, NAN, NAN, NAN, NAN,,2024/04/08 04:24:48.167,2024-04-08 04:24:48.167000+00:00
2024/04/08, 04:25:48.168,35.946,-75.117, 0.02,336.27,57.92,0.31,9.3,9.3,1020.2,1020.3,0.0,0.0,0.0,0.0,306,312,3.6,5.9,81.2,80.4,3.7,6.0,280.6,287.1,1022.3,1022.4,-7.38,294.42,-0.02,32.1487,9.7249,420.1,37.6,1485.446, NAN, NAN, NAN, NAN,,2024/04/08 04:25:48.168,2024-04-08 04:25:48.168000+00:00
2024/04/08, 04:26:48.168,35.946,-75.117, 0.02,336.15,133.29,0.17,9.3,9.3,1020.3,1020.3,0.0,0.0,0.0,0.0,306,314,3.5,6.0,79.9,80.4,3.6,6.1,281.6,289.7,1022.4,1022.4,-7.45,294.44,-0.02,32.1491,9.7253,420.1,37.5,1485.448, NAN, NAN, NAN, NAN,,2024/04/08 04:26:48.168,2024-04-08 04:26:48.168000+00:00
2024/04/08, 04:27:48.168,35.946,-75.117, -0.04,335.41,213.03,0.36,9.2,9.3,1020.3,1020.2,0.0,0.0,0.0,0.0,308,317,3.5,5.8,79.1,79.4,3.7,6.0,282.1,291.4,1022.4,1022.3,-7.49,294.33,-0.02,32.1485,9.725,420.8,37.6,1485.446, NAN, NAN, NAN, NAN,,2024/04/08 04:27:48.168,2024-04-08 04:27:48.168000+00:00
2024/04/08, 04:28:48.168,35.946,-75.117, 0.02,336.1,291.77,0.16,9.2,9.2,1020.3,1020.2,0.0,0.0,0.0,0.0,311,317,3.1,5.9,78.8,79.1,3.0,5.8,286.2,292.7,1022.4,1022.3,-7.48,294.22,-0.03,32.1484,9.7252,421.7,37.8,1485.447, NAN, NAN, NAN, NAN,,2024/04/08 04:28:48.168,2024-04-08 04:28:48.168000+00:00
2024/04/08, 04:29:48.168,35.946,-75.117, 0.01,336.21,85.23,0.23,9.2,9.2,1020.3,1020.3,0.0,0.0,0.0,0.0,315,319,2.9,5.9,78.1,78.2,3.0,6.0,292.2,295.6,1022.4,1022.4,-7.39,294.01,-0.02,32.1499,9.7236,422.4,37.8,1485.443, NAN, NAN, NAN, NAN,,2024/04/08 04:29:48.168,2024-04-08 04:29:48.168000+00:00
2024/04/08, 04:30:48.168,35.946,-75.117, 0.06,336.12,173.46,0.12,9.2,9.2,1020.2,1020.3,0.0,0.0,0.0,0.0,319,320,3.0,5.7,77.6,78.3,3.0,5.7,296.3,296.7,1022.3,1022.4,-7.4,294.48,-0.03,32.1488,9.7249,420.8,37.8,1485.446, NAN, NAN, NAN, NAN,,2024/04/08 04:30:48.168,2024-04-08 04:30:48.168000+00:00
2024/04/08, 04:31:48.168,35.946,-75.117, -0.04,335.74,165.24,0.11,9.3,9.3,1020.2,1020.1,0.0,0.0,0.0,0.0,321,321,3.1,5.8,77.6,77.8,3.1,5.8,295.8,296.3,1022.3,1022.2,-7.43,294.04,-0.02,32.1494,9.7256,421.7,37.7,1485.45, NAN, NAN, NAN, NAN,,2024/04/08 04:31:48.168,2024-04-08 04:31:48.168000+00:00
2024/04/08, 04:32:48.168,35.946,-75.117, 0.02,336.16,63.52,0.16,9.3,9.3,1020.3,1020.3,0.0,0.0,0.0,0.0,320,321,3.3,5.9,76.9,77.0,3.2,5.8,297.2,297.7,1022.4,1022.4,-7.44,294.03,-0.01,32.1481,9.7264,422.0,37.9,1485.451, NAN, NAN, NAN, NAN,,2024/04/08 04:32:48.168,2024-04-08 04:32:48.168000+00:00
2024/04/08, 04:33:48.168,35.946,-75.117, 0.00,336.2,48.13,0.18,9.3,9.3,1020.3,1020.2,0.0,0.0,0.0,0.0,318,320,3.4,5.9,76.9,76.6,3.5,5.9,292.9,295.4,1022.4,1022.3,-7.39,294.1,-0.02,32.1482,9.7277,423.8,37.8,1485.456, NAN, NAN, NAN, NAN,,2024/04/08 04:33:48.168,2024-04-08 04:33:48.168000+00:00
2024/04/08, 04:34:48.168,35.946,-75.117, 0.00,335.94,29.37,0.19,9.3,9.3,1020.3,1020.3,0.0,0.0,0.0,0.0,316,319,3.3,6.1,76.9,77.0,3.3,6.1,290.4,294.1,1022.4,1022.4,-7.4,294.06,-0.03,32.1482,9.7288,423.8,37.6,1485.46, NAN, NAN, NAN, NAN,,2024/04/08 04:34:48.168,2024-04-08 04:34:48.168000+00:00
2024/04/08, 04:35:48.168,35.946,-75.117, -0.04,336.3,263.49,0.38,9.3,9.4,1020.0,1019.9,0.0,0.0,0.0,0.0,316,319,3.3,6.1,77.3,77.4,3.2,6.0,294.7,296.7,1022.1,1022.0,-7.43,294.2,-0.03,32.1478,9.7283,422.0,37.6,1485.457, NAN, NAN, NAN, NAN,,2024/04/08 04:35:48.168,2024-04-08 04:35:48.168000+00:00
2024/04/08, 04:36:48.168,35.946,-75.117, -0.01,335.4,199.43,0.2,9.4,9.4,1020.2,1020.0,0.0,0.0,0.0,0.0,312,316,3.7,6.1,77.4,77.4,3.7,6.1,288.9,292.3,1022.3,1022.1,-7.4,294.23,-0.02,32.148,9.7284,422.4,37.8,1485.458, NAN, NAN, NAN, NAN,,2024/04/08 04:36:48.168,2024-04-08 04:36:48.168000+00:00
2024/04/08, 04:37:48.168,35.946,-75.117, -0.03,336.21,50.98,0.14,9.4,9.4,1020.1,1020.0,0.0,0.0,0.0,0.0,310,315,3.7,6.2,77.1,77.1,3.6,6.1,285.5,290.9,1022.2,1022.1,-7.3,294.37,-0.02,32.1491,9.7252,421.7,37.8,1485.448, NAN, NAN, NAN, NAN,,2024/04/08 04:37:48.168,2024-04-08 04:37:48.168000+00:00
2024/04/08, 04:38:48.168,35.946,-75.117, 0.04,336.47,258.67,0.15,9.4,9.4,1020.1,1020.0,0.0,0.0,0.0,0.0,307,314,3.7,6.3,77.1,77.1,3.6,6.2,283.4,290.5,1022.2,1022.1,-7.35,294.27,-0.02,32.1482,9.7243,422.0,37.8,1485.443, NAN, NAN, NAN, NAN,,2024/04/08 04:38:48.168,2024-04-08 04:38:48.168000+00:00
2024/04/08, 04:39:48.168,35.946,-75.117, -0.05,335.25,234.93,0.31,9.4,9.4,1020.2,1020.0,0.0,0.0,0.0,0.0,306,314,3.7,6.2,77.3,77.3,3.7,6.2,283.7,290.7,1022.3,1022.1,-7.28,294.31,-0.02,32.1476,9.724,423.2,37.7,1485.442, NAN, NAN, NAN, NAN,,2024/04/08 04:39:48.168,2024-04-08 04:39:48.168000+00:00
2024/04/08, 04:40:48.169,35.946,-75.117, -0.03,336.03,77.97,0.34,9.4,9.4,1020.2,1020.1,0.0,0.0,0.0,0.0,307,313,3.6,6.3,77.4,77.4,3.8,6.5,282.1,288.4,1022.3,1022.2,-7.36,293.96,-0.02,32.1515,9.7244,422.0,37.4,1485.448, NAN, NAN, NAN, NAN,,2024/04/08 04:40:48.169,2024-04-08 04:40:48.169000+00:00
2024/04/08, 04:41:48.169,35.946,-75.117, 0.02,335.85,172.88,0.11,9.4,9.4,1020.2,1020.2,0.0,0.0,0.0,0.0,308,313,3.9,6.4,77.4,77.4,3.9,6.4,284.5,289.2,1022.3,1022.3,-7.3,293.97,-0.02,32.1493,9.7271,420.8,37.6,1485.455, NAN, NAN, NAN, NAN,,2024/04/08 04:41:48.169,2024-04-08 04:41:48.169000+00:00
2024/04/08, 04:42:48.169,35.946,-75.117, 0.06,336.55,58.26,0.17,9.4,9.4,1020.1,1020.1,0.0,0.0,0.0,0.0,304,314,3.9,6.5,76.8,76.8,4.0,6.6,279.8,290.0,1022.2,1022.2,-7.27,294.13,-0.03,32.1504,9.726,422.0,37.8,1485.452, NAN, NAN, NAN, NAN,,2024/04/08 04:42:48.169,2024-04-08 04:42:48.169000+00:00
2024/04/08, 04:43:48.169,35.946,-75.117, 0.06,335.43,48.17,0.12,9.4,9.4,1020.3,1020.2,0.0,0.0,0.0,0.0,306,313,3.8,6.2,76.5,76.4,3.7,6.1,281.2,288.4,1022.4,1022.3,-7.29,294.4,-0.03,32.1485,9.7281,420.8,37.9,1485.458, NAN, NAN, NAN, NAN,,2024/04/08 04:43:48.169,2024-04-08 04:43:48.169000+00:00
2024/04/08, 04:44:48.169,35.946,-75.117, 0.00,335.91,48.77,0.11,9.4,9.4,1020.2,1020.1,0.0,0.0,0.0,0.0,306,312,4.0,6.0,77.0,77.2,3.9,5.9,281.9,288.0,1022.3,1022.2,-7.1,294.19,-0.02,32.1488,9.7289,422.7,37.9,1485.461, NAN, NAN, NAN, NAN,,2024/04/08 04:44:48.169,2024-04-08 04:44:48.169000+00:00
2024/04/08, 04:45:48.169,35.946,-75.117, 0.00,336.59,53.43,0.44,9.4,9.4,1020.3,1020.1,0.0,0.0,0.0,0.0,304,313,3.7,6.1,76.5,76.6,3.9,6.3,278.4,288.0,1022.4,1022.2,-7.27,294.08,-0.02,32.1489,9.7273,423.5,37.9,1485.455, NAN, NAN, NAN, NAN,,2024/04/08 04:45:48.169,2024-04-08 04:45:48.169000+00:00
2024/04/08, 04:46:48.169,35.946,-75.117, -0.02,335.65,195.16,0.14,9.4,9.4,1020.1,1020.0,0.0,0.0,0.0,0.0,303,312,3.9,6.2,77.0,76.9,3.9,6.2,279.7,288.3,1022.2,1022.1,-7.31,294.05,-0.03,32.1493,9.7278,422.7,38.0,1485.457, NAN, NAN, NAN, NAN,,2024/04/08 04:46:48.169,2024-04-08 04:46:48.169000+00:00
2024/04/08, 04:47:48.169,35.946,-75.117, -0.01,336.17,262.39,0.03,9.4,9.4,1020.2,1020.2,0.0,0.0,0.0,0.0,301,310,3.8,6.3,76.7,76.6,3.8,6.3,277.4,286.3,1022.3,1022.3,-7.27,294.27,-0.03,32.1503,9.7287,421.7,37.9,1485.462, NAN, NAN, NAN, NAN,,2024/04/08 04:47:48.169,2024-04-08 04:47:48.169000+00:00
2024/04/08, 04:48:48.169,35.946,-75.117, -0.01,336.27,240.86,0.05,9.4,9.4,1020.1,1020.1,0.0,0.0,0.0,0.0,300,310,4.2,6.3,77.0,76.6,4.2,6.3,276.6,286.5,1022.2,1022.2,-7.3,294.38,-0.03,32.1488,9.7298,423.2,32.1,1485.464, NAN, NAN, NAN, NAN,,2024/04/08 04:48:48.169,2024-04-08 04:48:48.169000+00:00
2024/04/08, 04:49:48.169,35.946,-75.117, -0.02,335.66,85.77,0.16,9.4,9.4,1020.3,1020.1,0.0,0.0,0.0,0.0,297,307,4.1,6.6,77.1,77.2,4.2,6.7,273.3,282.9,1022.4,1022.2,-7.3,294.46,-0.03,32.1499,9.7285,424.1,0.0,1485.461, NAN, NAN, NAN, NAN,,2024/04/08 04:49:48.169,2024-04-08 04:49:48.169000+00:00
2024/04/08, 04:50:48.169,35.946,-75.117, 0.02,335.69,29.12,0.46,9.4,9.4,1020.3,1020.2,0.0,0.0,0.0,0.0,295,306,4.7,6.6,77.2,77.3,4.9,6.8,269.0,280.2,1022.4,1022.3,-7.18,294.34,-0.03,32.1495,9.7295,424.4,0.0,1485.464, NAN, NAN, NAN, NAN,,2024/04/08 04:50:48.169,2024-04-08 04:50:48.169000+00:00
2024/04/08, 04:51:48.169,35.946,-75.117, -0.10,335.44,354.34,0.06,9.4,9.5,1020.2,1020.1,0.0,0.0,0.0,0.0,295,307,4.3,6.6,77.3,77.3,4.3,6.6,270.2,282.3,1022.3,1022.2,-7.24,294.5,-0.03,32.149,9.7285,423.8,0.0,1485.46, NAN, NAN, NAN, NAN,,2024/04/08 04:51:48.169,2024-04-08 04:51:48.169000+00:00
2024/04/08, 04:52:48.169,35.946,-75.117, 0.02,335.13,322.22,0.1,9.4,9.5,1020.1,1020.0,0.0,0.0,0.0,0.0,295,309,4.9,6.8,77.4,77.4,4.9,6.8,270.5,284.5,1022.2,1022.1,-7.19,294.29,-0.02,32.1494,9.7286,422.0,0.0,1485.46, NAN, NAN, NAN, NAN,,2024/04/08 04:52:48.169,2024-04-08 04:52:48.169000+00:00
2024/04/08, 04:53:48.169,35.946,-75.117, -0.01,336.82,252.1,0.24,9.4,9.5,1020.3,1020.3,0.0,0.0,0.0,0.0,292,307,4.6,6.7,77.4,77.3,4.5,6.6,269.2,284.3,1022.4,1022.4,-7.15,294.23,-0.02,32.1489,9.727,430.2,0.0,1485.454, NAN, NAN, NAN, NAN,,2024/04/08 04:53:48.169,2024-04-08 04:53:48.169000+00:00
2024/04/08, 04:54:48.169,35.946,-75.117, 0.07,336.34,217.58,0.15,9.4,9.4,1020.3,1020.2,0.0,0.0,0.0,0.0,294,306,4.6,6.5,76.9,76.9,4.5,6.4,270.3,282.5,1022.4,1022.3,-7.12,294.3,-0.03,32.1489,9.7281,420.8,0.0,1485.458, NAN, NAN, NAN, NAN,,2024/04/08 04:54:48.169,2024-04-08 04:54:48.169000+00:00
2024/04/08, 04:55:48.170,35.946,-75.117, 0.03,335.11,244.07,0.1,9.4,9.4,1020.2,1020.1,0.0,0.0,0.0,0.0,294,306,5.0,6.6,76.8,77.0,5.0,6.6,269.6,281.4,1022.3,1022.2,-7.15,294.24,-0.02,32.1495,9.7268,423.0,0.0,1485.454, NAN, NAN, NAN, NAN,,2024/04/08 04:55:48.170,2024-04-08 04:55:48.170000+00:00
2024/04/08, 04:56:48.170,35.946,-75.117, 0.00,336.32,19.57,0.15,9.4,9.5,1020.3,1020.3,0.0,0.0,0.0,0.0,294,303,4.6,6.9,77.1,77.3,4.5,6.8,269.7,279.0,1022.4,1022.4,-7.09,294.22,-0.02,32.1497,9.7274,422.4,0.0,1485.456, NAN, NAN, NAN, NAN,,2024/04/08 04:56:48.170,2024-04-08 04:56:48.170000+00:00
2024/04/08, 04:57:48.170,35.946,-75.117, 0.01,336.09,210.66,0.06,9.4,9.5,1020.3,1020.2,0.0,0.0,0.0,0.0,296,302,4.6,6.6,77.2,76.8,4.6,6.6,271.9,278.0,1022.4,1022.3,-7.27,294.18,-0.02,32.151,9.7279,421.1,0.0,1485.46, NAN, NAN, NAN, NAN,,2024/04/08 04:57:48.170,2024-04-08 04:57:48.170000+00:00
2024/04/08, 04:58:48.170,35.946,-75.117, -0.02,336.35,249.58,0.44,9.5,9.5,1020.3,1020.1,0.0,0.0,0.0,0.0,290,303,4.9,7.0,77.1,77.3,4.7,6.8,266.7,280.0,1022.4,1022.2,-7.07,294.4,-0.02,32.1507,9.7282,422.7,0.0,1485.461, NAN, NAN, NAN, NAN,,2024/04/08 04:58:48.170,2024-04-08 04:58:48.170000+00:00
2024/04/08, 04:59:48.170,35.946,-75.117, -0.03,335.01,85.62,0.07,9.5,9.5,1020.3,1020.1,0.0,0.0,0.0,0.0,291,303,4.9,6.9,77.2,77.3,4.9,6.9,265.9,277.9,1022.4,1022.2,-7.08,294.08,-0.03,32.1517,9.7273,419.3,0.0,1485.459, NAN, NAN, NAN, NAN,,2024/04/08 04:59:48.170,2024-04-08 04:59:48.170000+00:00
2024/04/08, 05:00:48.170,35.946,-75.117, 0.03,336.07,72.87,0.37,9.5,9.5,1020.3,1020.1,0.0,0.0,0.0,0.0,290,303,4.7,7.0,76.8,76.9,4.9,7.2,265.5,278.3,1022.4,1022.2,-7.1,294.18,-0.02,32.1509,9.7279,420.8,0.0,1485.46, NAN, NAN, NAN, NAN,,2024/04/08 05:00:48.170,2024-04-08 05:00:48.170000+00:00
2024/04/08, 05:01:48.170,35.946,-75.117, 0.00,336.51,240.98,0.34,9.5,9.5,1020.1,1020.1,0.0,0.0,0.0,0.0,291,304,4.2,6.3,76.9,77.0,4.0,6.1,268.2,281.3,1022.2,1022.2,-7.11,294.59,-0.03,32.1511,9.7274,419.0,0.0,1485.458, NAN, NAN, NAN, NAN,,2024/04/08 05:01:48.170,2024-04-08 05:01:48.170000+00:00
2024/04/08, 05:02:48.170,35.946,-75.117, -0.04,335.75,229.99,0.3,9.5,9.5,1020.1,1020.1,0.0,0.0,0.0,0.0,292,304,4.5,6.5,77.2,77.3,4.4,6.4,269.2,280.9,1022.2,1022.2,-7.18,294.55,-0.02,32.1516,9.7284,419.6,0.0,1485.462, NAN, NAN, NAN, NAN,,2024/04/08 05:02:48.170,2024-04-08 05:02:48.170000+00:00
2024/04/08, 05:03:48.170,35.946,-75.117, 0.06,335.79,261.35,0.61,9.5,9.5,1020.1,1020.1,0.0,0.0,0.0,0.0,289,306,4.8,6.5,76.6,76.6,4.5,6.3,266.1,283.5,1022.2,1022.2,-7.18,294.37,-0.02,32.151,9.7279,421.4,0.0,1485.46, NAN, NAN, NAN, NAN,,2024/04/08 05:03:48.170,2024-04-08 05:03:48.170000+00:00
2024/04/08, 05:04:48.170,35.946,-75.117, -0.09,336.69,170.18,0.2,9.5,9.5,1020.3,1020.2,0.0,0.0,0.0,0.0,289,301,4.7,6.7,76.4,76.5,4.6,6.7,266.7,278.5,1022.4,1022.3,-7.19,294.3,-0.03,32.1523,9.7266,418.7,0.0,1485.457, NAN, NAN, NAN, NAN,,2024/04/08 05:04:48.170,2024-04-08 05:04:48.170000+00:00
2024/04/08, 05:05:48.170,35.946,-75.117, -0.03,335.58,22.37,0.12,9.5,9.5,1020.2,1020.1,0.0,0.0,0.0,0.0,290,303,4.8,6.8,76.5,76.5,4.7,6.7,265.7,278.8,1022.3,1022.2,-7.15,294.1,-0.03,32.1502,9.7257,418.7,0.0,1485.451, NAN, NAN, NAN, NAN,,2024/04/08 05:05:48.170,2024-04-08 05:05:48.170000+00:00
2024/04/08, 05:06:48.170,35.946,-75.117, 0.07,335.73,73.13,0.4,9.5,9.5,1020.3,1020.2,0.0,0.0,0.0,0.0,290,302,4.8,6.8,76.1,76.2,5.0,7.0,264.8,276.7,1022.4,1022.3,-7.21,294.66,-0.02,32.1504,9.7256,421.4,0.0,1485.451, NAN, NAN, NAN, NAN,,2024/04/08 05:06:48.170,2024-04-08 05:06:48.170000+00:00
2024/04/08, 05:07:48.170,35.946,-75.117, 0.01,335.46,227.52,0.13,9.5,9.5,1020.1,1020.0,0.0,0.0,0.0,0.0,287,302,4.6,6.8,76.7,76.8,4.7,6.9,263.0,277.7,1022.2,1022.1,-7.15,294.86,-0.02,32.1509,9.7281,421.4,0.0,1485.461, NAN, NAN, NAN, NAN,,2024/04/08 05:07:48.170,2024-04-08 05:07:48.170000+00:00
2024/04/08, 05:08:48.170,35.946,-75.117, -0.04,336.38,40.73,0.15,9.5,9.5,1020.2,1020.1,0.0,0.0,0.0,0.0,287,301,5.1,6.7,77.0,77.1,5.1,6.7,262.5,276.7,1022.3,1022.2,-7.09,294.46,-0.03,32.1503,9.7305,419.6,0.0,1485.469, NAN, NAN, NAN, NAN,,2024/04/08 05:08:48.170,2024-04-08 05:08:48.170000+00:00
2024/04/08, 05:09:48.170,35.946,-75.117, -0.03,336.29,268.09,0.23,9.5,9.5,1020.2,1020.1,0.0,0.0,0.0,0.0,287,302,4.9,6.9,76.5,76.6,4.8,6.8,263.5,278.7,1022.3,1022.2,-7.13,294.51,-0.03,32.1508,9.7294,423.8,0.0,1485.465, NAN, NAN, NAN, NAN,,2024/04/08 05:09:48.170,2024-04-08 05:09:48.170000+00:00
2024/04/08, 05:10:48.170,35.946,-75.117, -0.01,336.56,254.31,0.57,9.5,9.5,1020.3,1020.1,0.0,0.0,0.0,0.0,287,300,5.0,6.9,76.8,76.8,4.7,6.6,264.0,277.5,1022.4,1022.2,-7.13,294.63,-0.03,32.1528,9.7274,421.4,0.0,1485.46, NAN, NAN, NAN, NAN,,2024/04/08 05:10:48.170,2024-04-08 05:10:48.170000+00:00
2024/04/08, 05:11:48.171,35.946,-75.117, 0.04,335.85,318.57,0.3,9.5,9.5,1020.3,1020.2,0.0,0.0,0.0,0.0,289,300,5.2,7.1,76.8,76.9,5.0,6.9,264.6,275.9,1022.4,1022.3,-7.15,294.78,-0.02,32.1501,9.7278,421.4,0.0,1485.458, NAN, NAN, NAN, NAN,,2024/04/08 05:11:48.171,2024-04-08 05:11:48.171000+00:00
2024/04/08, 05:12:48.171,35.946,-75.117, -0.03,336.13,16.44,0.17,9.5,9.5,1020.3,1020.2,0.0,0.0,0.0,0.0,287,300,5.4,7.0,77.0,77.2,5.4,7.0,262.2,275.4,1022.4,1022.3,-7.03,294.83,-0.03,32.1507,9.7267,420.1,0.0,1485.455, NAN, NAN, NAN, NAN,,2024/04/08 05:12:48.171,2024-04-08 05:12:48.171000+00:00
2024/04/08, 05:13:48.171,35.946,-75.117, 0.02,336.07,67.29,0.19,9.5,9.5,1020.3,1020.1,0.0,0.0,0.0,0.0,284,297,5.7,7.1,77.0,77.1,5.8,7.2,260.0,272.8,1022.4,1022.2,-6.98,294.34,-0.02,32.1497,9.7238,420.8,0.0,1485.443, NAN, NAN, NAN, NAN,,2024/04/08 05:13:48.171,2024-04-08 05:13:48.171000+00:00
2024/04/08, 05:14:48.171,35.946,-75.117, -0.01,335.91,84.38,0.49,9.5,9.5,1020.3,1020.2,0.0,0.0,0.0,0.0,290,297,6.0,7.2,77.1,77.2,6.2,7.4,265.4,272.2,1022.4,1022.3,-6.92,294.33,-0.02,32.1507,9.7236,420.0,0.0,1485.444, NAN, NAN, NAN, NAN,,2024/04/08 05:14:48.171,2024-04-08 05:14:48.171000+00:00
2024/04/08, 05:15:48.171,35.946,-75.117, 0.00,335.1,187.83,0.09,9.6,9.6,1020.3,1020.2,0.0,0.0,0.0,0.0,287,297,5.4,7.1,77.7,77.8,5.4,7.1,262.6,272.5,1022.4,1022.3,-6.97,295.03,-0.02,32.1503,9.7249,419.0,0.0,1485.448, NAN, NAN, NAN, NAN,,2024/04/08 05:15:48.171,2024-04-08 05:15:48.171000+00:00
2024/04/08, 05:16:48.171,35.946,-75.117, 0.02,336.6,212.3,0.18,9.6,9.6,1020.2,1020.2,0.0,0.0,0.0,0.0,289,299,5.6,7.2,77.9,78.0,5.5,7.1,265.5,275.7,1022.3,1022.3,-6.98,295.1,-0.02,32.151,9.7271,420.8,0.0,1485.457, NAN, NAN, NAN, NAN,,2024/04/08 05:16:48.171,2024-04-08 05:16:48.171000+00:00
2024/04/08, 05:17:48.171,35.946,-75.117, -0.03,335.18,46.73,0.11,9.6,9.6,1020.3,1020.2,0.0,0.0,0.0,0.0,285,298,5.6,7.6,77.5,77.6,5.6,7.6,260.8,273.6,1022.4,1022.3,-6.88,294.7,-0.02,32.1502,9.73,420.8,0.0,1485.467, NAN, NAN, NAN, NAN,,2024/04/08 05:17:48.171,2024-04-08 05:17:48.171000+00:00
2024/04/08, 05:18:48.171,35.946,-75.117, -0.01,336.44,33.79,0.13,9.5,9.6,1020.2,1020.1,0.0,0.0,0.0,0.0,286,298,5.3,7.2,77.2,77.3,5.3,7.2,261.9,274.0,1022.3,1022.2,-7.03,294.74,-0.02,32.1505,9.7307,421.7,0.0,1485.469, NAN, NAN, NAN, NAN,,2024/04/08 05:18:48.171,2024-04-08 05:18:48.171000+00:00
2024/04/08, 05:19:48.171,35.946,-75.117, 0.01,335.9,275.87,0.26,9.6,9.6,1020.2,1020.1,0.0,0.0,0.0,0.0,290,300,5.5,7.2,77.8,77.9,5.4,7.1,266.4,276.5,1022.3,1022.2,-6.98,294.75,-0.02,32.1507,9.7309,420.1,0.0,1485.47, NAN, NAN, NAN, NAN,,2024/04/08 05:19:48.171,2024-04-08 05:19:48.171000+00:00
2024/04/08, 05:20:48.171,35.946,-75.117, 0.00,335.82,162.24,0.18,9.6,9.6,1020.3,1020.2,0.0,0.0,0.0,0.0,286,295,5.5,6.9,77.7,77.7,5.4,6.8,262.4,271.4,1022.4,1022.3,-7.03,294.99,-0.02,32.1518,9.7314,420.4,0.0,1485.474, NAN, NAN, NAN, NAN,,2024/04/08 05:20:48.171,2024-04-08 05:20:48.171000+00:00
2024/04/08, 05:21:48.171,35.946,-75.117, 0.02,335.49,61.9,0.49,9.6,9.6,1020.2,1020.1,0.0,0.0,0.0,0.0,287,300,5.6,7.1,78.0,78.1,5.8,7.3,261.7,274.5,1022.3,1022.2,-7.08,295.15,-0.02,32.1509,9.7303,422.4,0.0,1485.469, NAN, NAN, NAN, NAN,,2024/04/08 05:21:48.171,2024-04-08 05:21:48.171000+00:00
2024/04/08, 05:22:48.171,35.946,-75.117, 0.00,336.03,12.2,0.14,9.6,9.6,1020.2,1020.1,0.0,0.0,0.0,0.0,288,297,5.6,7.1,77.9,78.1,5.6,7.0,263.4,272.6,1022.3,1022.2,-7.15,294.9,-0.02,32.1516,9.7296,421.7,0.0,1485.467, NAN, NAN, NAN, NAN,,2024/04/08 05:22:48.171,2024-04-08 05:22:48.171000+00:00
2024/04/08, 05:23:48.171,35.946,-75.117, -0.02,336.33,269.48,0.06,9.6,9.6,1020.2,1020.1,0.0,0.0,0.0,0.0,285,297,5.6,7.4,77.9,77.9,5.6,7.4,261.0,273.1,1022.3,1022.2,-7.01,294.81,-0.02,32.1505,9.7269,421.4,0.0,1485.456, NAN, NAN, NAN, NAN,,2024/04/08 05:23:48.171,2024-04-08 05:23:48.171000+00:00
2024/04/08, 05:24:48.171,35.946,-75.117, -0.02,335.68,222.4,0.09,9.6,9.6,1020.2,1020.2,0.0,0.0,0.0,0.0,286,295,6.0,7.5,77.5,78.0,6.0,7.5,262.1,271.0,1022.3,1022.3,-7.1,294.64,-0.02,32.1517,9.7265,421.1,0.0,1485.456, NAN, NAN, NAN, NAN,,2024/04/08 05:24:48.171,2024-04-08 05:24:48.171000+00:00
2024/04/08, 05:25:48.171,35.946,-75.117, -0.01,335.6,79.68,0.06,9.6,9.6,1020.1,1020.1,0.0,0.0,0.0,0.0,287,296,5.9,7.2,77.9,77.9,5.9,7.2,262.3,271.4,1022.2,1022.2,-6.94,294.94,-0.03,32.1514,9.7252,423.2,0.0,1485.451, NAN, NAN, NAN, NAN,,2024/04/08 05:25:48.171,2024-04-08 05:25:48.171000+00:00
2024/04/08, 05:26:48.172,35.946,-75.117, 0.00,336.47,254.24,0.19,9.6,9.6,1020.1,1020.1,0.0,0.0,0.0,0.0,285,300,5.7,7.7,78.5,78.6,5.6,7.6,261.6,276.7,1022.2,1022.2,-6.88,294.99,-0.02,32.1501,9.7232,420.1,0.0,1485.442, NAN, NAN, NAN, NAN,,2024/04/08 05:26:48.172,2024-04-08 05:26:48.172000+00:00
2024/04/08, 05:27:48.172,35.946,-75.117, 0.02,335.86,90.09,0.12,9.6,9.6,1020.0,1019.9,0.0,0.0,0.0,0.0,285,296,6.2,7.4,78.9,79.0,6.3,7.5,260.9,271.8,1022.1,1022.0,-6.93,294.76,-0.02,32.1506,9.7238,418.7,0.0,1485.444, NAN, NAN, NAN, NAN,,2024/04/08 05:27:48.172,2024-04-08 05:27:48.172000+00:00
2024/04/08, 05:28:48.172,35.946,-75.117, -0.02,336.31,210.55,0.06,9.6,9.6,1020.0,1019.9,0.0,0.0,0.0,0.0,287,300,6.2,7.5,78.5,78.7,6.2,7.5,263.3,276.3,1022.1,1022.0,-6.94,295.1,-0.02,32.1511,9.7244,422.4,0.0,1485.447, NAN, NAN, NAN, NAN,,2024/04/08 05:28:48.172,2024-04-08 05:28:48.172000+00:00
2024/04/08, 05:29:48.172,35.946,-75.117, 0.03,335.44,241.36,0.24,9.6,9.6,1020.0,1019.9,0.0,0.0,0.0,0.0,288,297,5.9,7.3,78.6,78.8,5.8,7.2,264.0,273.0,1022.1,1022.0,-6.96,295.06,-0.02,32.1497,9.7247,422.0,0.0,1485.447, NAN, NAN, NAN, NAN,,2024/04/08 05:29:48.172,2024-04-08 05:29:48.172000+00:00
2024/04/08, 05:30:48.172,35.946,-75.117, -0.01,335.94,76.67,0.09,9.6,9.6,1020.0,1019.9,0.0,0.0,0.0,0.0,291,298,5.9,7.6,79.0,79.1,5.9,7.6,267.4,274.3,1022.1,1022.0,-7.0,295.23,-0.02,32.1519,9.7231,419.6,0.0,1485.444, NAN, NAN, NAN, NAN,,2024/04/08 05:30:48.172,2024-04-08 05:30:48.172000+00:00
2024/04/08, 05:31:48.172,35.946,-75.117, -0.01,336.59,276.52,0.01,9.6,9.6,1020.0,1020.0,0.0,0.0,0.0,0.0,289,300,5.8,7.6,78.9,79.1,5.8,7.6,265.6,276.6,1022.1,1022.1,-7.01,295.24,-0.02,32.1505,9.7223,419.6,0.0,1485.439, NAN, NAN, NAN, NAN,,2024/04/08 05:31:48.172,2024-04-08 05:31:48.172000+00:00
2024/04/08, 05:32:48.172,35.946,-75.117, 0.02,336.12,237.42,0.25,9.6,9.6,1020.2,1020.1,0.0,0.0,0.0,0.0,290,299,6.4,7.9,78.9,78.9,6.4,7.9,267.2,276.0,1022.3,1022.2,-6.96,295.22,-0.02,32.1491,9.7231,422.0,0.0,1485.44, NAN, NAN, NAN, NAN,,2024/04/08 05:32:48.172,2024-04-08 05:32:48.172000+00:00
2024/04/08, 05:33:48.172,35.946,-75.117, -0.08,335.6,233.74,0.39,9.6,9.6,1020.3,1020.3,0.0,0.0,0.0,0.0,290,302,6.0,7.4,78.8,78.9,5.8,7.2,266.4,278.5,1022.4,1022.4,-6.95,295.26,-0.02,32.1516,9.7226,418.7,0.0,1485.441, NAN, NAN, NAN, NAN,,2024/04/08 05:33:48.172,2024-04-08 05:33:48.172000+00:00
2024/04/08, 05:34:48.172,35.946,-75.117, 0.07,337.01,276.6,0.24,9.6,9.6,1020.1,1020.0,0.0,0.0,0.0,0.0,286,300,6.0,7.7,79.2,79.3,5.9,7.6,262.7,277.0,1022.2,1022.1,-6.87,295.44,-0.02,32.1484,9.7235,422.7,0.0,1485.441, NAN, NAN, NAN, NAN,,2024/04/08 05:34:48.172,2024-04-08 05:34:48.172000+00:00
2024/04/08, 05:35:48.172,35.946,-75.117, 0.00,335.94,38.21,0.2,9.6,9.6,1020.1,1020.1,0.0,0.0,0.0,0.0,286,296,6.2,8.0,79.8,79.9,6.3,8.1,261.9,271.8,1022.2,1022.2,-6.85,295.55,-0.02,32.1274,9.7242,419.6,0.0,1485.418, NAN, NAN, NAN, NAN,,2024/04/08 05:35:48.172,2024-04-08 05:35:48.172000+00:00
2024/04/08, 05:36:48.172,35.946,-75.117, 0.01,335.87,64.82,0.08,9.6,9.6,1020.1,1020.1,0.0,0.0,0.0,0.0,287,297,6.3,7.7,80.4,80.6,6.3,7.7,262.5,272.6,1022.2,1022.2,-6.92,295.64,-0.02,32.1488,9.7234,425.1,0.0,1485.441, NAN, NAN, NAN, NAN,,2024/04/08 05:36:48.172,2024-04-08 05:36:48.172000+00:00
2024/04/08, 05:37:48.172,35.946,-75.117, -0.05,335.83,232.26,0.04,9.6,9.6,1020.1,1020.0,0.0,0.0,0.0,0.0,289,296,6.4,7.8,80.3,80.5,6.4,7.8,264.7,271.7,1022.2,1022.1,-6.98,295.71,-0.02,32.1496,9.7225,423.0,0.0,1485.439, NAN, NAN, NAN, NAN,,2024/04/08 05:37:48.172,2024-04-08 05:37:48.172000+00:00
2024/04/08, 05:38:48.172,35.946,-75.117, 0.01,336.68,220.52,0.26,9.6,9.6,1020.1,1019.9,0.0,0.0,0.0,0.0,291,300,6.1,7.2,80.6,80.7,6.0,7.1,268.5,277.5,1022.2,1022.0,-6.88,295.51,-0.02,32.1481,9.7211,422.0,0.0,1485.432, NAN, NAN, NAN, NAN,,2024/04/08 05:38:48.172,2024-04-08 05:38:48.172000+00:00
2024/04/08, 05:39:48.172,35.946,-75.117, -0.02,336.86,248.29,0.24,9.6,9.6,1020.1,1020.1,0.0,0.0,0.0,0.0,289,298,6.5,7.6,80.1,80.2,6.6,7.7,265.3,274.3,1022.2,1022.2,-6.83,295.56,-0.02,32.1497,9.7217,420.8,0.0,1485.436, NAN, NAN, NAN, NAN,,2024/04/08 05:39:48.172,2024-04-08 05:39:48.172000+00:00
2024/04/08, 05:40:48.172,35.946,-75.117, 0.03,336.09,168.01,0.22,9.6,9.6,1020.1,1020.1,0.0,0.0,0.0,0.0,289,297,5.9,7.8,80.1,80.3,5.8,7.7,265.5,273.5,1022.2,1022.2,-6.93,295.62,-0.02,32.1488,9.7216,422.4,0.0,1485.434, NAN, NAN, NAN, NAN,,2024/04/08 05:40:48.172,2024-04-08 05:40:48.172000+00:00
2024/04/08, 05:41:48.172,35.946,-75.117, -0.01,335.15,180.44,0.35,9.6,9.6,1020.1,1019.9,0.0,0.0,0.0,0.0,287,300,6.4,7.7,80.4,80.6,6.5,7.8,263.6,276.2,1022.2,1022.0,-6.97,295.22,-0.02,32.1498,9.7211,421.1,0.0,1485.434, NAN, NAN, NAN, NAN,,2024/04/08 05:41:48.172,2024-04-08 05:41:48.172000+00:00
2024/04/08, 05:42:48.173,35.946,-75.117, 0.00,336.56,240.58,0.01,9.6,9.6,1020.1,1019.9,0.0,0.0,0.0,0.0,287,296,5.8,7.6,80.1,80.3,5.8,7.6,263.5,272.5,1022.2,1022.0,-6.9,295.28,-0.02,32.1517,9.7213,424.8,0.0,1485.437, NAN, NAN, NAN, NAN,,2024/04/08 05:42:48.173,2024-04-08 05:42:48.173000+00:00
2024/04/08, 05:43:48.173,35.946,-75.117, -0.01,335.15,184.19,0.23,9.6,9.6,1020.0,1019.8,0.0,0.0,0.0,0.0,289,298,6.1,7.6,80.1,80.3,6.2,7.7,264.4,273.2,1022.1,1021.9,-6.98,295.11,-0.02,32.1487,9.7231,422.0,0.0,1485.44, NAN, NAN, NAN, NAN,,2024/04/08 05:43:48.173,2024-04-08 05:43:48.173000+00:00
2024/04/08, 05:44:48.173,35.946,-75.117, 0.02,336.15,96.36,0.45,9.6,9.6,1019.9,1019.8,0.0,0.0,0.0,0.0,288,297,6.0,7.6,79.5,79.7,6.2,7.8,263.8,272.6,1022.0,1021.9,-6.96,295.02,-0.02,32.1488,9.7239,425.7,0.0,1485.443, NAN, NAN, NAN, NAN,,2024/04/08 05:44:48.173,2024-04-08 05:44:48.173000+00:00
2024/04/08, 05:45:48.173,35.946,-75.117, -0.01,336.32,225.5,0.28,9.6,9.6,1020.0,1019.8,0.0,0.0,0.0,0.0,286,295,6.0,7.4,80.0,80.1,5.9,7.4,263.6,272.4,1022.1,1021.9,-6.95,295.02,-0.02,32.1497,9.7207,423.8,0.0,1485.432, NAN, NAN, NAN, NAN,,2024/04/08 05:45:48.173,2024-04-08 05:45:48.173000+00:00
2024/04/08, 05:46:48.173,35.946,-75.117, 0.00,336.17,341.78,0.18,9.6,9.6,1019.9,1019.9,0.0,0.0,0.0,0.0,288,300,5.6,7.4,79.1,79.3,5.5,7.3,263.6,275.9,1022.0,1022.0,-7.03,294.92,-0.02,32.1507,9.7197,423.5,0.0,1485.43, NAN, NAN, NAN, NAN,,2024/04/08 05:46:48.173,2024-04-08 05:46:48.173000+00:00
2024/04/08, 05:47:48.173,35.946,-75.117, 0.00,335.85,223.3,0.17,9.5,9.6,1019.9,1019.8,0.0,0.0,0.0,0.0,288,299,5.5,7.2,78.8,78.9,5.5,7.2,264.7,275.5,1022.0,1021.9,-7.02,294.81,-0.03,32.1502,9.7192,420.8,0.0,1485.427, NAN, NAN, NAN, NAN,,2024/04/08 05:47:48.173,2024-04-08 05:47:48.173000+00:00
2024/04/08, 05:48:48.173,35.946,-75.117, 0.01,334.57,162.62,0.26,9.5,9.6,1019.8,1019.8,0.0,0.0,0.0,0.0,289,300,5.8,7.5,78.0,78.0,5.9,7.6,264.3,274.9,1021.9,1021.9,-7.08,294.88,-0.02,32.149,9.7206,421.7,0.0,1485.431, NAN, NAN, NAN, NAN,,2024/04/08 05:48:48.173,2024-04-08 05:48:48.173000+00:00
2024/04/08, 05:49:48.173,35.946,-75.117, -0.03,335.91,54.85,0.4,9.6,9.6,1019.9,1019.8,0.0,0.0,0.0,0.0,290,302,5.0,6.9,78.1,78.2,5.2,7.1,264.7,276.8,1022.0,1021.9,-7.08,295.25,-0.02,32.1506,9.7215,422.0,0.0,1485.436, NAN, NAN, NAN, NAN,,2024/04/08 05:49:48.173,2024-04-08 05:49:48.173000+00:00
2024/04/08, 05:50:48.173,35.946,-75.117, 0.00,335.97,242.33,0.43,9.6,9.6,1019.9,1019.8,0.0,0.0,0.0,0.0,286,298,5.5,7.1,78.2,78.3,5.3,6.9,263.0,275.1,1022.0,1021.9,-7.08,294.83,-0.02,32.1493,9.7223,420.1,0.0,1485.437, NAN, NAN, NAN, NAN,,2024/04/08 05:50:48.173,2024-04-08 05:50:48.173000+00:00
2024/04/08, 05:51:48.173,35.946,-75.117, -0.01,336.83,284.06,0.13,9.6,9.6,1019.9,1019.8,0.0,0.0,0.0,0.0,286,297,5.9,7.5,77.8,77.9,5.8,7.4,262.8,273.9,1022.0,1021.9,-7.07,294.84,-0.02,32.1497,9.7236,422.4,0.0,1485.443, NAN, NAN, NAN, NAN,,2024/04/08 05:51:48.173,2024-04-08 05:51:48.173000+00:00
2024/04/08, 05:52:48.173,35.946,-75.117, -0.01,335.83,237.9,0.3,9.6,9.6,1020.0,1019.8,0.0,0.0,0.0,0.0,286,299,6.2,8.0,77.4,77.5,6.1,7.9,262.4,275.5,1022.1,1021.9,-7.06,294.55,-0.02,32.1502,9.7244,420.0,0.0,1485.446, NAN, NAN, NAN, NAN,,2024/04/08 05:52:48.173,2024-04-08 05:52:48.173000+00:00
2024/04/08, 05:53:48.173,35.946,-75.117, 0.02,336.08,216.67,0.2,9.6,9.6,1020.0,1019.8,0.0,0.0,0.0,0.0,289,300,5.6,7.2,77.1,77.2,5.5,7.1,265.5,276.5,1022.1,1021.9,-6.95,295.03,-0.02,32.1496,9.7257,422.4,0.0,1485.45, NAN, NAN, NAN, NAN,,2024/04/08 05:53:48.173,2024-04-08 05:53:48.173000+00:00
2024/04/08, 05:54:48.173,35.946,-75.117, -0.04,335.26,94.1,0.06,9.6,9.6,1020.0,1019.8,0.0,0.0,0.0,0.0,288,298,5.9,7.5,76.3,76.3,5.9,7.5,263.6,273.5,1022.1,1021.9,-6.98,294.88,-0.02,32.1498,9.7279,423.0,0.0,1485.458, NAN, NAN, NAN, NAN,,2024/04/08 05:54:48.173,2024-04-08 05:54:48.173000+00:00
2024/04/08, 05:55:48.173,35.946,-75.117, 0.01,336.52,14.04,0.08,9.6,9.6,1019.9,1019.8,0.0,0.0,0.0,0.0,290,300,6.1,7.7,75.4,75.6,6.1,7.7,266.4,276.4,1022.0,1021.9,-6.97,294.31,-0.02,32.1501,9.7263,424.1,0.0,1485.453, NAN, NAN, NAN, NAN,,2024/04/08 05:55:48.173,2024-04-08 05:55:48.173000+00:00
2024/04/08, 05:56:48.174,35.946,-75.117, -0.01,335.26,218.15,0.14,9.6,9.6,1019.8,1019.7,0.0,0.0,0.0,0.0,291,300,5.8,7.5,74.3,74.4,5.8,7.5,267.0,275.8,1021.9,1021.8,-6.97,294.6,-0.02,32.1505,9.7226,421.1,0.0,1485.44, NAN, NAN, NAN, NAN,,2024/04/08 05:56:48.174,2024-04-08 05:56:48.174000+00:00
2024/04/08, 05:57:48.174,35.946,-75.117, 0.01,337.0,230.82,0.12,9.7,9.7,1019.9,1019.9,0.0,0.0,0.0,0.0,291,303,5.2,7.3,74.5,74.6,5.1,7.2,268.1,280.1,1022.0,1022.0,-7.01,294.73,-0.02,32.1505,9.7206,421.1,0.0,1485.433, NAN, NAN, NAN, NAN,,2024/04/08 05:57:48.174,2024-04-08 05:57:48.174000+00:00
2024/04/08, 05:58:48.174,35.946,-75.117, 0.00,335.03,213.02,0.12,9.7,9.7,1019.9,1019.8,0.0,0.0,0.0,0.0,292,302,5.7,7.5,75.0,75.1,5.7,7.5,267.6,277.5,1022.0,1021.9,-6.81,294.76,-0.02,32.1502,9.7233,421.7,0.0,1485.442, NAN, NAN, NAN, NAN,,2024/04/08 05:58:48.174,2024-04-08 05:58:48.174000+00:00
2024/04/08, 05:59:48.174,35.946,-75.117, 0.01,336.54,197.58,0.24,9.7,9.7,1019.9,1019.8,0.0,0.0,0.0,0.0,289,304,5.4,7.4,74.9,75.0,5.5,7.5,265.1,280.0,1022.0,1021.9,-6.88,294.45,-0.02,32.151,9.7268,423.8,0.0,1485.456, NAN, NAN, NAN, NAN,,2024/04/08 05:59:48.174,2024-04-08 05:59:48.174000+00:00
2024/04/08, 06:00:48.174,35.946,-75.117, 0.00,336.01,53.62,0.68,9.7,9.7,1019.9,1019.9,0.0,0.0,0.0,0.0,292,301,5.6,7.5,74.5,74.5,5.9,7.8,266.4,275.4,1022.0,1022.0,-6.92,294.74,-0.02,32.1519,9.7253,426.0,0.0,1485.452, NAN, NAN, NAN, NAN,,2024/04/08 06:00:48.174,2024-04-08 06:00:48.174000+00:00
2024/04/08, 06:01:48.174,35.946,-75.117, -0.01,336.36,234.2,0.09,9.7,9.8,1019.8,1019.8,0.0,0.0,0.0,0.0,291,303,5.5,7.5,74.3,74.5,5.5,7.5,267.7,279.5,1021.9,1021.9,-6.96,294.68,-0.02,32.1512,9.7263,421.7,0.0,1485.454, NAN, NAN, NAN, NAN,,2024/04/08 06:01:48.174,2024-04-08 06:01:48.174000+00:00
2024/04/08, 06:02:48.174,35.946,-75.117, -0.05,334.61,172.03,0.08,9.7,9.8,1019.8,1019.7,0.0,0.0,0.0,0.0,291,303,5.3,7.5,74.7,74.7,5.3,7.5,266.1,277.9,1021.9,1021.8,-6.91,294.61,-0.02,32.151,9.7253,421.7,0.0,1485.45, NAN, NAN, NAN, NAN,,2024/04/08 06:02:48.174,2024-04-08 06:02:48.174000+00:00
2024/04/08, 06:03:48.174,35.946,-75.117, 0.00,335.94,62.98,0.15,9.8,9.8,1020.0,1019.8,0.0,0.0,0.0,0.0,292,303,5.7,7.6,75.1,75.1,5.7,7.6,267.2,278.4,1022.1,1021.9,-6.93,294.84,-0.02,32.1508,9.7247,420.8,0.0,1485.448, NAN, NAN, NAN, NAN,,2024/04/08 06:03:48.174,2024-04-08 06:03:48.174000+00:00
2024/04/08, 06:04:48.174,35.946,-75.117, 0.03,336.09,266.08,0.01,9.8,9.8,1019.8,1019.7,0.0,0.0,0.0,0.0,291,302,5.5,7.3,75.0,74.9,5.5,7.3,267.1,278.1,1021.9,1021.8,-6.96,294.59,-0.02,32.1498,9.7244,421.4,0.0,1485.446, NAN, NAN, NAN, NAN,,2024/04/08 06:04:48.174,2024-04-08 06:04:48.174000+00:00
2024/04/08, 06:05:48.174,35.946,-75.117, -0.04,335.91,71.14,0.36,9.8,9.8,1019.9,1019.9,0.0,0.0,0.0,0.0,288,299,5.6,7.4,74.7,74.7,5.8,7.6,264.3,274.9,1022.0,1022.0,-6.9,294.4,-0.02,32.1511,9.7252,424.1,0.0,1485.45, NAN, NAN, NAN, NAN,,2024/04/08 06:05:48.174,2024-04-08 06:05:48.174000+00:00
2024/04/08, 06:06:48.174,35.946,-75.117, 0.06,336.2,49.44,0.37,9.8,9.8,1019.9,1019.8,0.0,0.0,0.0,0.0,289,301,5.8,7.3,75.3,75.4,6.0,7.4,264.2,276.2,1022.0,1021.9,-6.91,294.55,-0.02,32.1529,9.7257,420.8,0.0,1485.454, NAN, NAN, NAN, NAN,,2024/04/08 06:06:48.174,2024-04-08 06:06:48.174000+00:00
2024/04/08, 06:07:48.174,35.946,-75.117, 0.02,335.44,65.27,0.25,9.8,9.8,1019.9,1019.8,0.0,0.0,0.0,0.0,291,302,6.0,7.6,74.5,74.7,6.1,7.7,265.9,276.8,1022.0,1021.9,-7.05,294.76,-0.02,32.151,9.7281,421.4,0.0,1485.461, NAN, NAN, NAN, NAN,,2024/04/08 06:07:48.174,2024-04-08 06:07:48.174000+00:00
2024/04/08, 06:08:48.174,35.946,-75.117, 0.02,336.39,197.9,0.22,9.8,9.8,1019.8,1019.7,0.0,0.0,0.0,0.0,288,299,5.7,7.4,74.8,74.7,5.7,7.4,265.5,276.2,1021.9,1021.8,-7.09,294.76,-0.02,32.1515,9.7292,420.4,0.0,1485.465, NAN, NAN, NAN, NAN,,2024/04/08 06:08:48.174,2024-04-08 06:08:48.174000+00:00
2024/04/08, 06:09:48.174,35.946,-75.117, -0.03,336.02,108.72,0.17,9.8,9.8,1019.8,1019.7,0.0,0.0,0.0,0.0,290,299,5.8,7.4,74.3,74.4,5.9,7.5,266.5,275.3,1021.9,1021.8,-7.03,294.32,-0.02,32.1502,9.7311,420.8,0.0,1485.471, NAN, NAN, NAN, NAN,,2024/04/08 06:09:48.174,2024-04-08 06:09:48.174000+00:00
2024/04/08, 06:10:48.174,35.946,-75.117, 0.01,336.12,342.2,0.16,9.8,9.8,1019.8,1019.7,0.0,0.0,0.0,0.0,286,301,5.7,7.4,74.4,74.4,5.7,7.3,261.4,276.7,1021.9,1021.8,-6.92,294.47,-0.02,32.1509,9.7302,423.5,0.0,1485.468, NAN, NAN, NAN, NAN,,2024/04/08 06:10:48.174,2024-04-08 06:10:48.174000+00:00
2024/04/08, 06:11:48.175,35.946,-75.117, -0.05,335.26,75.45,0.46,9.8,9.8,1019.7,1019.6,0.0,0.0,0.0,0.0,290,300,5.2,7.4,74.4,74.5,5.4,7.6,265.3,275.0,1021.8,1021.7,-7.02,294.53,-0.02,32.1514,9.7298,422.4,0.0,1485.467, NAN, NAN, NAN, NAN,,2024/04/08 06:11:48.175,2024-04-08 06:11:48.175000+00:00
2024/04/08, 06:12:48.175,35.946,-75.117, 0.04,336.01,161.76,0.08,9.8,9.8,1019.7,1019.7,0.0,0.0,0.0,0.0,288,305,5.5,7.1,74.8,74.7,5.5,7.1,264.4,281.3,1021.8,1021.8,-6.95,294.73,-0.02,32.1514,9.7294,423.8,0.0,1485.466, NAN, NAN, NAN, NAN,,2024/04/08 06:12:48.175,2024-04-08 06:12:48.175000+00:00
2024/04/08, 06:13:48.175,35.946,-75.117, -0.03,335.35,247.08,0.3,9.8,9.8,1019.7,1019.6,0.0,0.0,0.0,0.0,291,304,5.3,7.1,74.9,74.9,5.2,7.0,267.0,280.1,1021.8,1021.7,-7.01,294.66,-0.02,32.1523,9.7277,423.8,0.0,1485.461, NAN, NAN, NAN, NAN,,2024/04/08 06:13:48.175,2024-04-08 06:13:48.175000+00:00
2024/04/08, 06:14:48.175,35.946,-75.117, 0.03,336.62,50.93,0.36,9.8,9.8,1019.7,1019.6,0.0,0.0,0.0,0.0,289,303,5.4,7.2,75.1,75.2,5.5,7.3,264.2,278.3,1021.8,1021.7,-7.09,294.53,-0.02,32.1518,9.7255,422.7,0.0,1485.452, NAN, NAN, NAN, NAN,,2024/04/08 06:14:48.175,2024-04-08 06:14:48.175000+00:00
2024/04/08, 06:15:48.175,35.946,-75.117, -0.04,335.03,243.06,0.08,9.8,9.8,1019.5,1019.5,0.0,0.0,0.0,0.0,290,304,5.1,7.0,74.7,74.8,5.1,7.0,265.3,279.3,1021.6,1021.6,-7.16,294.63,-0.02,32.1527,9.722,424.1,0.0,1485.44, NAN, NAN, NAN, NAN,,2024/04/08 06:15:48.175,2024-04-08 06:15:48.175000+00:00
2024/04/08, 06:16:48.175,35.946,-75.117, 0.00,335.82,170.15,0.13,9.8,9.8,1019.7,1019.5,0.0,0.0,0.0,0.0,292,304,5.0,7.2,74.8,74.9,5.1,7.3,268.1,279.9,1021.8,1021.6,-7.15,294.51,-0.03,32.1514,9.7214,424.1,0.0,1485.437, NAN, NAN, NAN, NAN,,2024/04/08 06:16:48.175,2024-04-08 06:16:48.175000+00:00
2024/04/08, 06:17:48.175,35.946,-75.117, 0.02,335.64,239.19,0.29,9.8,9.8,1019.5,1019.5,0.0,0.0,0.0,0.0,293,303,4.9,6.7,75.0,74.6,4.8,6.7,270.3,279.9,1021.6,1021.6,-7.1,294.66,-0.02,32.1517,9.7237,426.4,0.0,1485.445, NAN, NAN, NAN, NAN,,2024/04/08 06:17:48.175,2024-04-08 06:17:48.175000+00:00
2024/04/08, 06:18:48.175,35.946,-75.117, 0.00,336.32,252.84,0.46,9.8,9.8,1019.7,1019.5,0.0,0.0,0.0,0.0,292,305,5.4,7.1,74.7,74.8,5.2,6.9,269.1,282.3,1021.8,1021.6,-7.16,294.54,-0.02,32.1559,9.7264,423.2,0.0,1485.46, NAN, NAN, NAN, NAN,,2024/04/08 06:18:48.175,2024-04-08 06:18:48.175000+00:00
2024/04/08, 06:19:48.175,35.946,-75.117, 0.07,335.96,190.45,0.2,9.8,9.8,1019.6,1019.5,0.0,0.0,0.0,0.0,290,301,5.4,7.2,74.3,74.4,5.5,7.3,266.3,277.1,1021.7,1021.6,-7.1,294.63,-0.02,32.1527,9.7273,422.0,0.0,1485.46, NAN, NAN, NAN, NAN,,2024/04/08 06:19:48.175,2024-04-08 06:19:48.175000+00:00
2024/04/08, 06:20:48.175,35.946,-75.117, -0.02,333.74,113.86,0.19,9.8,9.9,1019.7,1019.5,0.0,0.0,0.0,0.0,294,302,5.2,7.2,74.3,74.5,5.3,7.3,268.1,275.9,1021.8,1021.6,-7.01,294.59,-0.02,32.1526,9.7266,421.7,0.0,1485.457, NAN, NAN, NAN, NAN,,2024/04/08 06:20:48.175,2024-04-08 06:20:48.175000+00:00
2024/04/08, 06:21:48.175,35.946,-75.117, 0.06,336.51,270.3,0.04,9.9,9.9,1019.5,1019.5,0.0,0.0,0.0,0.0,293,305,5.3,7.1,74.4,74.5,5.3,7.1,269.4,281.4,1021.6,1021.6,-7.08,294.72,-0.02,32.1512,9.7234,421.1,0.0,1485.444, NAN, NAN, NAN, NAN,,2024/04/08 06:21:48.175,2024-04-08 06:21:48.175000+00:00
2024/04/08, 06:22:48.175,35.946,-75.117, 0.03,336.68,70.82,0.12,9.9,9.9,1019.6,1019.5,0.0,0.0,0.0,0.0,290,304,5.3,6.9,74.5,74.4,5.4,7.0,266.4,280.4,1021.7,1021.6,-7.12,294.58,-0.02,32.1531,9.7223,423.8,0.0,1485.442, NAN, NAN, NAN, NAN,,2024/04/08 06:22:48.175,2024-04-08 06:22:48.175000+00:00
2024/04/08, 06:23:48.175,35.946,-75.117, -0.03,335.78,214.45,0.09,9.9,9.9,1019.7,1019.5,0.0,0.0,0.0,0.0,290,304,5.1,6.9,74.1,74.4,5.1,6.9,266.0,280.0,1021.8,1021.6,-7.15,294.78,-0.02,32.1529,9.7243,423.0,0.0,1485.449, NAN, NAN, NAN, NAN,,2024/04/08 06:23:48.175,2024-04-08 06:23:48.175000+00:00
2024/04/08, 06:24:48.175,35.946,-75.117, -0.02,336.09,270.53,0.09,9.9,9.9,1019.5,1019.5,0.0,0.0,0.0,0.0,291,305,5.5,7.4,74.0,74.2,5.5,7.4,267.1,281.2,1021.6,1021.6,-7.09,294.49,-0.03,32.1522,9.7226,422.4,0.0,1485.442, NAN, NAN, NAN, NAN,,2024/04/08 06:24:48.175,2024-04-08 06:24:48.175000+00:00
2024/04/08, 06:25:48.175,35.946,-75.117, 0.02,335.43,318.17,0.22,9.9,9.9,1019.5,1019.5,0.0,0.0,0.0,0.0,289,301,5.4,7.2,72.2,72.1,5.3,7.1,264.3,276.5,1021.6,1021.6,-7.13,294.57,-0.02,32.1532,9.721,421.7,0.0,1485.437, NAN, NAN, NAN, NAN,,2024/04/08 06:25:48.175,2024-04-08 06:25:48.175000+00:00
2024/04/08, 06:26:48.175,35.946,-75.117, 0.02,336.35,69.51,0.05,9.9,9.9,1019.7,1019.5,0.0,0.0,0.0,0.0,290,301,5.5,7.1,71.4,71.7,5.5,7.1,266.3,277.4,1021.8,1021.6,-7.02,294.36,-0.02,32.1538,9.7205,423.2,0.0,1485.436, NAN, NAN, NAN, NAN,,2024/04/08 06:26:48.175,2024-04-08 06:26:48.175000+00:00
2024/04/08, 06:27:48.175,35.946,-75.117, 0.00,336.4,241.36,0.4,9.9,9.9,1019.7,1019.5,0.0,0.0,0.0,0.0,290,303,5.1,7.2,71.5,71.6,4.9,7.0,266.9,280.1,1021.8,1021.6,-6.97,294.43,-0.02,32.1543,9.7205,420.1,0.0,1485.437, NAN, NAN, NAN, NAN,,2024/04/08 06:27:48.175,2024-04-08 06:27:48.175000+00:00
2024/04/08, 06:28:48.176,35.946,-75.117, 0.00,334.47,100.92,0.1,10.0,10.0,1019.5,1019.5,0.0,0.0,0.0,0.0,293,303,5.0,7.0,71.4,71.4,5.1,7.1,267.5,277.4,1021.6,1021.6,-7.09,294.14,-0.02,32.1537,9.7182,420.4,0.0,1485.428, NAN, NAN, NAN, NAN,,2024/04/08 06:28:48.176,2024-04-08 06:28:48.176000+00:00
2024/04/08, 06:29:48.176,35.946,-75.117, 0.07,335.87,299.29,0.1,10.0,10.0,1019.5,1019.5,0.0,0.0,0.0,0.0,292,305,5.1,7.0,71.9,71.9,5.1,7.0,267.5,280.6,1021.6,1021.6,-6.98,294.39,-0.01,32.153,9.7159,420.1,0.0,1485.419, NAN, NAN, NAN, NAN,,2024/04/08 06:29:48.176,2024-04-08 06:29:48.176000+00:00
2024/04/08, 06:30:48.176,35.946,-75.117, 0.02,336.02,85.66,0.24,10.0,10.0,1019.5,1019.5,0.0,0.0,0.0,0.0,291,305,5.0,6.9,71.7,71.7,5.1,7.0,267.1,280.9,1021.6,1021.6,-7.06,294.58,-0.02,32.1532,9.7184,420.8,0.0,1485.428, NAN, NAN, NAN, NAN,,2024/04/08 06:30:48.176,2024-04-08 06:30:48.176000+00:00
2024/04/08, 06:31:48.176,35.946,-75.117, -0.02,334.73,106.31,0.29,10.0,10.0,1019.5,1019.5,0.0,0.0,0.0,0.0,292,303,5.0,7.3,72.1,72.0,5.1,7.4,267.2,277.8,1021.6,1021.6,-7.18,294.55,-0.02,32.1541,9.7202,422.4,0.0,1485.436, NAN, NAN, NAN, NAN,,2024/04/08 06:31:48.176,2024-04-08 06:31:48.176000+00:00
2024/04/08, 06:32:48.176,35.946,-75.117, 0.00,336.07,58.79,0.5,10.0,10.0,1019.5,1019.4,0.0,0.0,0.0,0.0,293,303,4.8,7.1,72.2,72.2,5.0,7.3,267.6,277.8,1021.6,1021.5,-7.05,294.29,-0.02,32.1527,9.7166,423.0,0.0,1485.421, NAN, NAN, NAN, NAN,,2024/04/08 06:32:48.176,2024-04-08 06:32:48.176000+00:00
2024/04/08, 06:33:48.176,35.946,-75.117, -0.02,335.34,66.22,0.11,10.0,10.0,1019.5,1019.4,0.0,0.0,0.0,0.0,292,306,5.3,7.2,72.8,72.7,5.3,7.1,267.0,281.2,1021.6,1021.5,-7.11,294.42,-0.02,32.1545,9.7159,421.4,0.0,1485.42, NAN, NAN, NAN, NAN,,2024/04/08 06:33:48.176,2024-04-08 06:33:48.176000+00:00
2024/04/08, 06:34:48.176,35.946,-75.117, 0.04,336.16,12.27,0.15,10.0,10.0,1019.5,1019.5,0.0,0.0,0.0,0.0,292,304,4.9,7.1,72.9,72.9,4.9,7.0,267.4,279.7,1021.6,1021.6,-7.09,294.58,-0.02,32.1523,9.7185,421.1,0.0,1485.427, NAN, NAN, NAN, NAN,,2024/04/08 06:34:48.176,2024-04-08 06:34:48.176000+00:00
2024/04/08, 06:35:48.176,35.946,-75.117, -0.01,335.88,144.11,0.25,10.0,10.0,1019.5,1019.4,0.0,0.0,0.0,0.0,293,303,5.1,6.8,73.3,73.3,5.2,6.9,268.7,278.6,1021.6,1021.5,-7.1,294.7,-0.02,32.1534,9.7237,421.4,0.0,1485.448, NAN, NAN, NAN, NAN,,2024/04/08 06:35:48.176,2024-04-08 06:35:48.176000+00:00
2024/04/08, 06:36:48.176,35.946,-75.117, -0.02,335.73,250.1,0.17,10.0,10.0,1019.4,1019.3,0.0,0.0,0.0,0.0,292,304,4.9,6.8,73.0,73.0,4.8,6.7,268.2,280.2,1021.5,1021.4,-7.13,294.66,-0.02,32.1546,9.7248,420.8,0.0,1485.453, NAN, NAN, NAN, NAN,,2024/04/08 06:36:48.176,2024-04-08 06:36:48.176000+00:00
2024/04/08, 06:37:48.176,35.946,-75.117, -0.04,335.94,166.33,0.15,10.0,10.0,1019.5,1019.5,0.0,0.0,0.0,0.0,294,304,5.3,6.9,73.0,73.2,5.4,7.0,270.0,279.9,1021.6,1021.6,-7.16,294.65,-0.02,32.1538,9.7258,423.2,0.0,1485.456, NAN, NAN, NAN, NAN,,2024/04/08 06:37:48.176,2024-04-08 06:37:48.176000+00:00
2024/04/08, 06:38:48.176,35.946,-75.117, -0.03,335.97,283.7,0.03,10.0,10.0,1019.5,1019.5,0.0,0.0,0.0,0.0,294,307,4.8,7.1,73.6,73.6,4.8,7.1,269.8,282.8,1021.6,1021.6,-7.19,294.67,-0.02,32.1539,9.7259,426.0,0.0,1485.456, NAN, NAN, NAN, NAN,,2024/04/08 06:38:48.176,2024-04-08 06:38:48.176000+00:00
2024/04/08, 06:39:48.176,35.946,-75.117, 0.01,335.57,90.17,0.37,10.0,10.0,1019.4,1019.4,0.0,0.0,0.0,0.0,293,304,4.9,7.0,73.1,73.1,5.1,7.2,268.2,279.0,1021.5,1021.5,-7.15,294.62,-0.02,32.1539,9.7266,422.0,0.0,1485.459, NAN, NAN, NAN, NAN,,2024/04/08 06:39:48.176,2024-04-08 06:39:48.176000+00:00
2024/04/08, 06:40:48.176,35.946,-75.117, 0.01,336.44,282.24,0.1,10.0,10.0,1019.4,1019.4,0.0,0.0,0.0,0.0,293,306,4.8,6.7,73.6,73.7,4.7,6.6,269.4,282.5,1021.5,1021.5,-7.13,294.74,-0.02,32.1566,9.7244,422.4,0.0,1485.454, NAN, NAN, NAN, NAN,,2024/04/08 06:40:48.176,2024-04-08 06:40:48.176000+00:00
2024/04/08, 06:41:48.176,35.946,-75.117, 0.02,335.51,254.6,0.35,10.0,10.0,1019.4,1019.3,0.0,0.0,0.0,0.0,293,304,4.9,6.7,74.0,74.0,5.1,6.9,268.1,278.9,1021.5,1021.4,-7.12,294.71,-0.02,32.1543,9.7229,424.8,0.0,1485.446, NAN, NAN, NAN, NAN,,2024/04/08 06:41:48.176,2024-04-08 06:41:48.176000+00:00
2024/04/08, 06:42:48.176,35.946,-75.117, -0.01,335.53,72.13,0.32,10.0,10.0,1019.4,1019.4,0.0,0.0,0.0,0.0,293,306,4.8,6.8,73.8,73.8,5.0,6.9,268.0,280.9,1021.5,1021.5,-7.22,294.53,-0.02,32.1538,9.7233,423.2,0.0,1485.447, NAN, NAN, NAN, NAN,,2024/04/08 06:42:48.176,2024-04-08 06:42:48.176000+00:00
2024/04/08, 06:43:48.176,35.946,-75.117, 0.01,335.93,178.73,0.1,10.0,10.0,1019.5,1019.4,0.0,0.0,0.0,0.0,293,306,4.8,6.9,73.7,73.8,4.8,7.0,269.1,281.9,1021.6,1021.5,-7.27,294.7,-0.02,32.1549,9.7258,422.7,0.0,1485.457, NAN, NAN, NAN, NAN,,2024/04/08 06:43:48.176,2024-04-08 06:43:48.176000+00:00
2024/04/08, 06:44:48.177,35.946,-75.117, -0.01,335.42,71.8,0.24,10.0,10.0,1019.4,1019.4,0.0,0.0,0.0,0.0,295,307,4.4,6.6,74.0,74.1,4.5,6.7,269.8,281.8,1021.5,1021.5,-7.22,294.67,-0.02,32.1539,9.7275,420.8,0.0,1485.462, NAN, NAN, NAN, NAN,,2024/04/08 06:44:48.177,2024-04-08 06:44:48.177000+00:00
2024/04/08, 06:45:48.177,35.946,-75.117, -0.01,336.47,294.67,0.24,10.0,10.0,1019.4,1019.3,0.0,0.0,0.0,0.0,296,307,4.7,6.5,74.0,74.1,4.6,6.4,272.3,283.6,1021.5,1021.4,-7.26,294.58,-0.02,32.1544,9.7271,422.0,0.0,1485.461, NAN, NAN, NAN, NAN,,2024/04/08 06:45:48.177,2024-04-08 06:45:48.177000+00:00
2024/04/08, 06:46:48.177,35.946,-75.117, 0.03,335.97,233.81,0.3,10.0,10.0,1019.5,1019.4,0.0,0.0,0.0,0.0,296,308,4.7,6.8,74.1,74.2,4.6,6.7,273.2,285.0,1021.6,1021.5,-7.3,294.61,-0.02,32.1553,9.7228,423.2,0.0,1485.447, NAN, NAN, NAN, NAN,,2024/04/08 06:46:48.177,2024-04-08 06:46:48.177000+00:00
2024/04/08, 06:47:48.177,35.946,-75.117, 0.01,335.66,58.74,0.22,10.0,10.0,1019.5,1019.4,0.0,0.0,0.0,0.0,297,308,4.5,6.6,74.5,74.6,4.6,6.7,272.3,283.2,1021.6,1021.5,-7.28,294.63,-0.02,32.1552,9.7201,420.8,0.0,1485.437, NAN, NAN, NAN, NAN,,2024/04/08 06:47:48.177,2024-04-08 06:47:48.177000+00:00
2024/04/08, 06:48:48.177,35.946,-75.117, -0.03,335.5,244.1,0.12,10.0,10.0,1019.5,1019.4,0.0,0.0,0.0,0.0,298,309,4.3,6.3,74.3,74.7,4.2,6.3,273.9,284.8,1021.6,1021.5,-7.36,294.72,-0.02,32.1544,9.7169,423.8,0.0,1485.424, NAN, NAN, NAN, NAN,,2024/04/08 06:48:48.177,2024-04-08 06:48:48.177000+00:00
2024/04/08, 06:49:48.177,35.946,-75.117, 0.02,336.74,235.33,0.44,10.0,10.0,1019.4,1019.4,0.0,0.0,0.0,0.0,301,310,4.1,6.3,74.2,74.6,3.9,6.1,279.4,288.1,1021.5,1021.5,-7.33,294.91,-0.02,32.1553,9.7172,421.7,0.0,1485.426, NAN, NAN, NAN, NAN,,2024/04/08 06:49:48.177,2024-04-08 06:49:48.177000+00:00
2024/04/08, 06:50:48.177,35.946,-75.117, -0.02,334.95,78.74,0.24,10.0,10.0,1019.4,1019.4,0.0,0.0,0.0,0.0,301,309,4.2,6.5,74.6,74.8,4.3,6.6,275.3,283.4,1021.5,1021.5,-7.3,295.14,-0.02,32.146,9.7174,421.4,0.0,1485.416, NAN, NAN, NAN, NAN,,2024/04/08 06:50:48.177,2024-04-08 06:50:48.177000+00:00
2024/04/08, 06:51:48.177,35.946,-75.117, -0.04,335.62,234.71,0.49,10.0,10.0,1019.4,1019.4,0.0,0.0,0.0,0.0,299,309,4.0,6.2,74.2,74.3,3.9,6.1,277.7,286.8,1021.5,1021.5,-7.37,295.1,-0.02,32.1557,9.7153,425.4,0.0,1485.42, NAN, NAN, NAN, NAN,,2024/04/08 06:51:48.177,2024-04-08 06:51:48.177000+00:00
2024/04/08, 06:52:48.177,35.946,-75.117, 0.02,335.46,103.45,0.21,10.0,10.0,1019.4,1019.3,0.0,0.0,0.0,0.0,299,309,4.4,6.3,74.0,74.2,4.5,6.4,273.7,283.8,1021.5,1021.4,-7.31,294.87,-0.02,32.1552,9.7163,422.4,0.0,1485.423, NAN, NAN, NAN, NAN,,2024/04/08 06:52:48.177,2024-04-08 06:52:48.177000+00:00
2024/04/08, 06:53:48.177,35.946,-75.117, 0.02,335.73,282.24,0.27,10.0,10.0,1019.4,1019.3,0.0,0.0,0.0,0.0,298,309,4.0,6.2,74.2,74.3,3.9,6.1,274.1,285.2,1021.5,1021.4,-7.35,294.92,-0.02,32.1567,9.7167,419.3,0.0,1485.426, NAN, NAN, NAN, NAN,,2024/04/08 06:53:48.177,2024-04-08 06:53:48.177000+00:00
2024/04/08, 06:54:48.177,35.946,-75.117, 0.04,335.73,258.95,0.12,10.0,10.0,1019.4,1019.3,0.0,0.0,0.0,0.0,301,309,3.8,5.8,73.9,74.0,3.8,5.8,277.6,285.3,1021.5,1021.4,-7.35,295.01,-0.02,32.1569,9.7163,424.1,0.0,1485.425, NAN, NAN, NAN, NAN,,2024/04/08 06:54:48.177,2024-04-08 06:54:48.177000+00:00
2024/04/08, 06:55:48.177,35.946,-75.117, 0.00,336.16,291.89,0.3,10.0,10.0,1019.5,1019.4,0.0,0.0,0.0,0.0,301,311,3.8,6.1,74.5,74.4,3.7,6.0,277.7,287.8,1021.6,1021.5,-7.27,294.98,-0.02,32.1537,9.7143,421.4,0.0,1485.414, NAN, NAN, NAN, NAN,,2024/04/08 06:55:48.177,2024-04-08 06:55:48.177000+00:00
2024/04/08, 06:56:48.177,35.946,-75.117, 0.02,336.35,261.59,0.06,10.0,10.0,1019.4,1019.4,0.0,0.0,0.0,0.0,301,310,4.2,6.5,74.3,74.4,4.2,6.5,277.1,286.2,1021.5,1021.5,-7.36,294.67,-0.02,32.1575,9.7162,423.8,0.0,1485.425, NAN, NAN, NAN, NAN,,2024/04/08 06:56:48.177,2024-04-08 06:56:48.177000+00:00
2024/04/08, 06:57:48.177,35.946,-75.117, -0.02,335.17,233.85,0.24,10.0,10.0,1019.4,1019.3,0.0,0.0,0.0,0.0,299,311,3.9,6.3,73.7,73.9,3.8,6.3,275.8,287.3,1021.5,1021.4,-7.42,295.02,-0.02,32.1573,9.7173,423.8,0.0,1485.429, NAN, NAN, NAN, NAN,,2024/04/08 06:57:48.177,2024-04-08 06:57:48.177000+00:00
2024/04/08, 06:58:48.177,35.946,-75.117, 0.02,336.07,66.24,0.44,10.0,10.0,1019.5,1019.4,0.0,0.0,0.0,0.0,303,312,4.2,6.0,74.3,74.3,4.4,6.2,277.7,286.8,1021.6,1021.5,-7.37,294.89,-0.02,32.1572,9.716,420.0,0.0,1485.424, NAN, NAN, NAN, NAN,,2024/04/08 06:58:48.177,2024-04-08 06:58:48.177000+00:00
2024/04/08, 06:59:48.177,35.946,-75.117, -0.01,336.89,300.82,0.41,10.0,10.0,1019.5,1019.5,0.0,0.0,0.0,0.0,302,312,4.0,6.1,73.9,74.0,4.1,6.2,276.8,287.3,1021.6,1021.6,-7.4,295.03,-0.02,32.158,9.7195,422.7,0.0,1485.438, NAN, NAN, NAN, NAN,,2024/04/08 06:59:48.177,2024-04-08 06:59:48.177000+00:00
2024/04/08, 07:00:48.178,35.946,-75.117, -0.01,335.67,107.51,0.05,10.0,10.0,1019.4,1019.4,0.0,0.0,0.0,0.0,301,312,3.7,6.4,73.7,74.0,3.7,6.4,277.1,287.9,1021.5,1021.5,-7.37,294.84,-0.02,32.1592,9.7204,419.6,0.0,1485.443, NAN, NAN, NAN, NAN,,2024/04/08 07:00:48.178,2024-04-08 07:00:48.178000+00:00
2024/04/08, 07:01:48.178,35.946,-75.117, 0.00,335.92,55.95,0.17,10.0,10.0,1019.4,1019.4,0.0,0.0,0.0,0.0,299,310,4.1,6.3,73.2,73.3,4.1,6.3,273.9,285.2,1021.5,1021.5,-7.4,294.84,-0.02,32.1592,9.7225,421.7,0.0,1485.45, NAN, NAN, NAN, NAN,,2024/04/08 07:01:48.178,2024-04-08 07:01:48.178000+00:00
2024/04/08, 07:02:48.178,35.946,-75.117, -0.02,336.05,77.9,0.34,10.0,10.0,1019.4,1019.3,0.0,0.0,0.0,0.0,301,311,3.9,6.3,73.4,73.5,4.1,6.4,275.9,286.1,1021.5,1021.4,-7.32,294.9,-0.02,32.1605,9.7214,422.7,0.0,1485.448, NAN, NAN, NAN, NAN,,2024/04/08 07:02:48.178,2024-04-08 07:02:48.178000+00:00
2024/04/08, 07:03:48.178,35.946,-75.117, 0.01,336.31,72.24,0.29,10.0,10.0,1019.5,1019.5,0.0,0.0,0.0,0.0,300,310,3.9,6.3,73.5,73.5,4.0,6.4,275.1,285.4,1021.6,1021.6,-7.42,294.98,-0.02,32.1596,9.7195,422.7,0.0,1485.44, NAN, NAN, NAN, NAN,,2024/04/08 07:03:48.178,2024-04-08 07:03:48.178000+00:00
2024/04/08, 07:04:48.178,35.946,-75.117, 0.00,336.16,276.97,0.14,10.0,10.1,1019.4,1019.3,0.0,0.0,0.0,0.0,301,310,3.8,6.3,73.3,73.3,3.9,6.4,276.6,285.8,1021.5,1021.4,-7.33,294.8,-0.02,32.1613,9.7172,422.0,0.0,1485.433, NAN, NAN, NAN, NAN,,2024/04/08 07:04:48.178,2024-04-08 07:04:48.178000+00:00
2024/04/08, 07:05:48.178,35.946,-75.117, 0.00,336.52,248.19,0.45,10.0,10.1,1019.5,1019.4,0.0,0.0,0.0,0.0,302,312,3.9,6.1,73.4,73.5,3.7,5.9,280.3,289.9,1021.6,1021.5,-7.38,294.73,-0.02,32.1613,9.7148,423.8,0.0,1485.425, NAN, NAN, NAN, NAN,,2024/04/08 07:05:48.178,2024-04-08 07:05:48.178000+00:00
2024/04/08, 07:06:48.178,35.946,-75.117, -0.06,335.7,14.55,0.18,10.1,10.1,1019.3,1019.3,0.0,0.0,0.0,0.0,302,312,4.0,6.4,73.5,73.6,3.9,6.3,277.7,287.8,1021.4,1021.4,-7.36,294.57,-0.02,32.1612,9.7115,423.8,0.0,1485.413, NAN, NAN, NAN, NAN,,2024/04/08 07:06:48.178,2024-04-08 07:06:48.178000+00:00
2024/04/08, 07:07:48.178,35.946,-75.117, 0.02,335.68,79.14,0.1,10.1,10.1,1019.4,1019.3,0.0,0.0,0.0,0.0,303,312,3.7,6.1,73.5,73.5,3.7,6.1,277.9,287.2,1021.5,1021.4,-7.43,294.59,-0.02,32.1604,9.7071,421.4,0.0,1485.396, NAN, NAN, NAN, NAN,,2024/04/08 07:07:48.178,2024-04-08 07:07:48.178000+00:00
2024/04/08, 07:08:48.178,35.946,-75.117, 0.02,336.77,267.71,0.08,10.1,10.1,1019.3,1019.3,0.0,0.0,0.0,0.0,303,313,3.7,6.3,73.6,73.8,3.7,6.3,279.1,289.4,1021.4,1021.4,-7.34,294.71,-0.02,32.1628,9.706,423.5,0.0,1485.394, NAN, NAN, NAN, NAN,,2024/04/08 07:08:48.178,2024-04-08 07:08:48.178000+00:00
2024/04/08, 07:09:48.178,35.946,-75.117, -0.04,335.72,62.85,0.04,10.1,10.1,1019.3,1019.1,0.0,0.0,0.0,0.0,304,314,3.6,6.1,74.4,74.3,3.6,6.1,279.4,289.5,1021.4,1021.2,-7.36,294.81,-0.02,32.16,9.7039,419.0,0.0,1485.383, NAN, NAN, NAN, NAN,,2024/04/08 07:09:48.178,2024-04-08 07:09:48.178000+00:00
2024/04/08, 07:10:48.178,35.946,-75.117, -0.01,336.09,223.07,0.35,10.1,10.1,1019.3,1019.2,0.0,0.0,0.0,0.0,306,312,3.8,6.1,74.5,74.4,3.7,6.0,284.0,289.4,1021.4,1021.3,-7.43,294.85,-0.02,32.1619,9.7018,423.2,0.0,1485.378, NAN, NAN, NAN, NAN,,2024/04/08 07:10:48.178,2024-04-08 07:10:48.178000+00:00
2024/04/08, 07:11:48.178,35.946,-75.117, 0.05,336.9,278.7,0.59,10.0,10.1,1019.3,1019.2,0.0,0.0,0.0,0.0,305,315,3.6,5.7,74.4,74.4,3.3,5.4,283.0,293.1,1021.4,1021.3,-7.4,294.79,-0.01,32.165,9.7,422.7,0.0,1485.375, NAN, NAN, NAN, NAN,,2024/04/08 07:11:48.178,2024-04-08 07:11:48.178000+00:00
2024/04/08, 07:12:48.178,35.946,-75.117, -0.01,336.61,231.37,0.65,10.0,10.1,1019.3,1019.3,0.0,0.0,0.0,0.0,309,315,3.4,5.8,74.3,74.3,3.2,5.6,290.1,294.4,1021.4,1021.4,-7.42,294.72,-0.02,32.1676,9.7004,421.7,0.0,1485.38, NAN, NAN, NAN, NAN,,2024/04/08 07:12:48.178,2024-04-08 07:12:48.178000+00:00
2024/04/08, 07:13:48.178,35.946,-75.117, 0.02,336.42,263.28,0.24,10.0,10.1,1019.3,1019.3,0.0,0.0,0.0,0.0,305,313,3.7,5.9,74.5,74.5,3.6,5.8,281.7,289.8,1021.4,1021.4,-7.48,294.63,-0.02,32.167,9.7004,421.1,0.0,1485.379, NAN, NAN, NAN, NAN,,2024/04/08 07:13:48.178,2024-04-08 07:13:48.178000+00:00
2024/04/08, 07:14:48.178,35.946,-75.117, -0.02,335.11,122.2,0.21,10.0,10.0,1019.4,1019.4,0.0,0.0,0.0,0.0,307,315,3.7,6.0,74.5,74.5,3.8,6.1,282.5,290.2,1021.5,1021.5,-7.43,294.66,-0.02,32.167,9.7027,420.4,0.0,1485.388, NAN, NAN, NAN, NAN,,2024/04/08 07:14:48.178,2024-04-08 07:14:48.178000+00:00
2024/04/08, 07:15:48.178,35.946,-75.117, 0.01,335.5,74.24,0.49,10.0,10.0,1019.3,1019.2,0.0,0.0,0.0,0.0,307,314,3.5,6.0,74.6,74.7,3.7,6.2,279.8,287.7,1021.4,1021.3,-7.5,294.82,-0.02,32.1676,9.7044,422.4,0.0,1485.394, NAN, NAN, NAN, NAN,,2024/04/08 07:15:48.178,2024-04-08 07:15:48.178000+00:00
2024/04/08, 07:16:48.179,35.946,-75.117, 0.01,336.32,144.99,0.03,10.0,10.1,1019.3,1019.1,0.0,0.0,0.0,0.0,306,313,3.6,6.1,74.8,74.7,3.6,6.1,282.1,289.2,1021.4,1021.2,-7.42,294.88,-0.02,32.1683,9.7048,421.1,0.0,1485.397, NAN, NAN, NAN, NAN,,2024/04/08 07:16:48.179,2024-04-08 07:16:48.179000+00:00
2024/04/08, 07:17:48.179,35.946,-75.117, 0.01,335.8,247.42,0.12,10.0,10.0,1019.3,1019.2,0.0,0.0,0.0,0.0,306,316,3.6,6.0,74.8,75.0,3.6,6.0,282.4,292.2,1021.4,1021.3,-7.44,294.98,-0.02,32.1685,9.7054,422.7,0.0,1485.399, NAN, NAN, NAN, NAN,,2024/04/08 07:17:48.179,2024-04-08 07:17:48.179000+00:00
2024/04/08, 07:18:48.179,35.946,-75.117, -0.01,336.24,349.59,0.04,10.0,10.0,1019.3,1019.2,0.0,0.0,0.0,0.0,307,313,3.7,6.2,74.8,75.5,3.7,6.2,283.0,289.1,1021.4,1021.3,-7.41,294.9,-0.02,32.1692,9.7062,423.2,0.0,1485.403, NAN, NAN, NAN, NAN,,2024/04/08 07:18:48.179,2024-04-08 07:18:48.179000+00:00
2024/04/08, 07:19:48.179,35.946,-75.117, -0.02,336.49,80.09,0.11,10.0,10.0,1019.4,1019.4,0.0,0.0,0.0,0.0,305,313,3.7,6.1,75.1,75.2,3.8,6.2,281.4,289.4,1021.5,1021.5,-7.46,294.9,-0.02,32.1736,9.706,424.1,0.0,1485.408, NAN, NAN, NAN, NAN,,2024/04/08 07:19:48.179,2024-04-08 07:19:48.179000+00:00
2024/04/08, 07:20:48.179,35.946,-75.117, 0.01,336.09,72.24,0.03,10.0,10.0,1019.3,1019.2,0.0,0.0,0.0,0.0,308,315,3.5,6.1,75.2,75.2,3.5,6.1,284.0,291.1,1021.4,1021.3,-7.46,294.83,-0.02,32.1702,9.705,418.0,0.0,1485.4, NAN, NAN, NAN, NAN,,2024/04/08 07:20:48.179,2024-04-08 07:20:48.179000+00:00
2024/04/08, 07:21:48.179,35.946,-75.117, -0.01,336.45,54.39,0.32,10.0,10.0,1019.3,1019.3,0.0,0.0,0.0,0.0,309,315,3.4,5.8,75.0,75.0,3.4,5.8,282.7,289.8,1021.4,1021.4,-7.49,294.87,-0.02,32.1705,9.7035,422.7,0.0,1485.395, NAN, NAN, NAN, NAN,,2024/04/08 07:21:48.179,2024-04-08 07:21:48.179000+00:00
2024/04/08, 07:22:48.179,35.946,-75.117, -0.01,335.57,302.79,0.1,10.0,10.0,1019.4,1019.3,0.0,0.0,0.0,0.0,306,315,3.4,5.8,75.0,75.0,3.4,5.8,280.7,290.1,1021.5,1021.4,-7.46,294.88,-0.02,32.1761,9.7014,423.0,0.0,1485.394, NAN, NAN, NAN, NAN,,2024/04/08 07:22:48.179,2024-04-08 07:22:48.179000+00:00
2024/04/08, 07:23:48.179,35.946,-75.117, 0.02,336.54,52.41,0.2,10.0,10.0,1019.3,1019.3,0.0,0.0,0.0,0.0,306,313,3.6,5.9,75.4,75.4,3.6,5.9,281.1,288.6,1021.4,1021.4,-7.4,295.04,-0.02,32.1711,9.6998,422.0,0.0,1485.382, NAN, NAN, NAN, NAN,,2024/04/08 07:23:48.179,2024-04-08 07:23:48.179000+00:00
2024/04/08, 07:24:48.179,35.946,-75.117, -0.01,336.92,229.9,0.23,10.0,10.0,1019.3,1019.3,0.0,0.0,0.0,0.0,308,313,3.7,6.2,75.6,75.6,3.7,6.2,286.6,291.0,1021.4,1021.4,-7.49,295.19,-0.02,32.1721,9.7012,425.7,0.0,1485.388, NAN, NAN, NAN, NAN,,2024/04/08 07:24:48.179,2024-04-08 07:24:48.179000+00:00
2024/04/08, 07:25:48.179,35.946,-75.117, -0.01,335.12,118.06,0.18,10.0,10.0,1019.4,1019.3,0.0,0.0,0.0,0.0,307,314,3.7,6.2,75.8,75.9,3.8,6.3,282.5,289.2,1021.5,1021.4,-7.47,295.1,-0.02,32.1716,9.7024,419.3,0.0,1485.392, NAN, NAN, NAN, NAN,,2024/04/08 07:25:48.179,2024-04-08 07:25:48.179000+00:00
2024/04/08, 07:26:48.179,35.946,-75.117, -0.01,335.42,106.07,0.2,10.0,10.0,1019.4,1019.4,0.0,0.0,0.0,0.0,308,315,3.6,6.1,75.8,75.8,3.7,6.2,283.8,290.5,1021.5,1021.5,-7.45,295.34,-0.02,32.1725,9.7003,421.7,0.0,1485.386, NAN, NAN, NAN, NAN,,2024/04/08 07:26:48.179,2024-04-08 07:26:48.179000+00:00
2024/04/08, 07:27:48.179,35.946,-75.117, 0.03,335.98,205.23,0.26,10.0,10.0,1019.4,1019.3,0.0,0.0,0.0,0.0,305,314,3.5,5.9,76.0,76.0,3.6,6.0,280.9,289.7,1021.5,1021.4,-7.46,295.28,-0.02,32.1724,9.696,420.4,0.0,1485.37, NAN, NAN, NAN, NAN,,2024/04/08 07:27:48.179,2024-04-08 07:27:48.179000+00:00
2024/04/08, 07:28:48.179,35.946,-75.117, 0.02,336.27,95.64,0.26,10.0,10.0,1019.5,1019.4,0.0,0.0,0.0,0.0,306,314,3.4,5.9,76.1,76.5,3.3,5.8,284.0,291.4,1021.6,1021.5,-7.51,295.28,-0.02,32.1738,9.6963,421.7,0.0,1485.373, NAN, NAN, NAN, NAN,,2024/04/08 07:28:48.179,2024-04-08 07:28:48.179000+00:00
2024/04/08, 07:29:48.179,35.946,-75.117, -0.10,334.98,99.31,0.41,10.0,10.0,1019.4,1019.4,0.0,0.0,0.0,0.0,308,316,3.7,6.0,76.1,76.2,3.9,6.2,282.5,290.4,1021.5,1021.5,-7.37,294.84,-0.02,32.1738,9.6962,422.4,0.0,1485.372, NAN, NAN, NAN, NAN,,2024/04/08 07:29:48.179,2024-04-08 07:29:48.179000+00:00
2024/04/08, 07:30:48.179,35.946,-75.117, 0.05,336.21,228.15,0.06,10.0,10.0,1019.5,1019.5,0.0,0.0,0.0,0.0,305,313,3.7,6.2,76.6,76.5,3.7,6.2,281.4,289.4,1021.6,1021.6,-7.41,295.16,-0.02,32.1715,9.6956,421.4,0.0,1485.367, NAN, NAN, NAN, NAN,,2024/04/08 07:30:48.179,2024-04-08 07:30:48.179000+00:00
2024/04/08, 07:31:48.179,35.946,-75.117, 0.00,336.77,258.52,0.37,10.0,10.0,1019.4,1019.5,0.0,0.0,0.0,0.0,306,314,3.6,6.0,76.5,76.6,3.4,5.8,284.3,291.9,1021.5,1021.6,-7.47,295.13,-0.02,32.1745,9.6954,422.7,0.0,1485.37, NAN, NAN, NAN, NAN,,2024/04/08 07:31:48.179,2024-04-08 07:31:48.179000+00:00
2024/04/08, 07:32:48.180,35.946,-75.117, 0.02,336.15,320.99,0.22,10.0,10.0,1019.5,1019.5,0.0,0.0,0.0,0.0,305,314,3.8,6.1,76.9,77.1,3.7,6.0,282.0,290.8,1021.6,1021.6,-7.42,295.28,-0.02,32.175,9.6957,424.1,0.0,1485.372, NAN, NAN, NAN, NAN,,2024/04/08 07:32:48.180,2024-04-08 07:32:48.180000+00:00
2024/04/08, 07:33:48.180,35.946,-75.117, 0.01,336.05,1.63,0.13,10.0,10.0,1019.5,1019.4,0.0,0.0,0.0,0.0,305,314,3.7,6.0,77.1,77.3,3.6,5.9,280.7,289.9,1021.6,1021.5,-7.44,295.36,-0.02,32.1754,9.6967,425.4,0.0,1485.376, NAN, NAN, NAN, NAN,,2024/04/08 07:33:48.180,2024-04-08 07:33:48.180000+00:00
2024/04/08, 07:34:48.180,35.946,-75.117, -0.03,335.28,129.25,0.08,10.0,10.0,1019.5,1019.4,0.0,0.0,0.0,0.0,303,313,3.8,6.0,77.2,77.3,3.8,6.0,278.5,288.4,1021.6,1021.5,-7.42,295.49,-0.02,32.1756,9.6963,427.2,0.0,1485.375, NAN, NAN, NAN, NAN,,2024/04/08 07:34:48.180,2024-04-08 07:34:48.180000+00:00
2024/04/08, 07:35:48.180,35.946,-75.117, 0.00,335.8,254.91,0.3,10.0,10.0,1019.5,1019.4,0.0,0.0,0.0,0.0,304,313,3.7,6.1,77.3,77.4,3.6,6.0,281.3,289.9,1021.6,1021.5,-7.4,295.37,-0.02,32.1752,9.6951,420.8,0.0,1485.37, NAN, NAN, NAN, NAN,,2024/04/08 07:35:48.180,2024-04-08 07:35:48.180000+00:00
2024/04/08, 07:36:48.180,35.946,-75.117, 0.00,336.17,67.17,0.25,10.0,10.0,1019.5,1019.4,0.0,0.0,0.0,0.0,305,312,3.7,6.0,77.3,77.6,3.8,6.1,279.8,287.2,1021.6,1021.5,-7.49,295.45,-0.02,32.1756,9.6961,422.0,0.0,1485.374, NAN, NAN, NAN, NAN,,2024/04/08 07:36:48.180,2024-04-08 07:36:48.180000+00:00
2024/04/08, 07:37:48.180,35.946,-75.117, 0.00,335.6,49.76,0.22,10.0,10.0,1019.5,1019.5,0.0,0.0,0.0,0.0,305,314,3.8,6.0,77.6,77.7,3.9,6.1,279.8,289.0,1021.6,1021.6,-7.48,295.41,-0.02,32.1758,9.6974,425.1,0.0,1485.379, NAN, NAN, NAN, NAN,,2024/04/08 07:37:48.180,2024-04-08 07:37:48.180000+00:00
2024/04/08, 07:38:48.180,35.946,-75.117, -0.02,336.85,276.48,0.26,10.0,10.0,1019.5,1019.5,0.0,0.0,0.0,0.0,305,314,3.6,5.8,77.9,77.9,3.5,5.7,281.8,291.0,1021.6,1021.6,-7.43,295.44,-0.02,32.1766,9.6968,421.1,0.0,1485.378, NAN, NAN, NAN, NAN,,2024/04/08 07:38:48.180,2024-04-08 07:38:48.180000+00:00
2024/04/08, 07:39:48.180,35.946,-75.117, -0.01,336.11,61.99,0.28,10.0,10.0,1019.5,1019.5,0.0,0.0,0.0,0.0,305,313,3.5,5.9,77.6,77.7,3.6,6.0,279.4,288.0,1021.6,1021.6,-7.46,295.41,-0.01,32.1788,9.6936,422.4,0.0,1485.369, NAN, NAN, NAN, NAN,,2024/04/08 07:39:48.180,2024-04-08 07:39:48.180000+00:00
2024/04/08, 07:40:48.181,35.946,-75.117, 0.02,336.27,56.62,0.19,10.0,10.0,1019.5,1019.5,0.0,0.0,0.0,0.0,305,313,3.6,6.0,77.9,77.9,3.7,6.1,280.1,288.5,1021.6,1021.6,-7.45,295.26,-0.02,32.1771,9.692,427.8,0.0,1485.361, NAN, NAN, NAN, NAN,,2024/04/08 07:40:48.181,2024-04-08 07:40:48.181000+00:00
2024/04/08, 07:41:48.181,35.946,-75.117, 0.01,336.24,248.25,0.16,10.0,10.0,1019.5,1019.4,0.0,0.0,0.0,0.0,305,315,3.6,5.9,78.0,78.0,3.5,5.8,282.0,291.8,1021.6,1021.5,-7.44,295.35,-0.02,32.1783,9.69,422.7,0.0,1485.355, NAN, NAN, NAN, NAN,,2024/04/08 07:41:48.181,2024-04-08 07:41:48.181000+00:00
2024/04/08, 07:42:48.181,35.946,-75.117, 0.01,336.44,263.36,0.18,10.0,10.0,1019.4,1019.4,0.0,0.0,0.0,0.0,305,313,3.5,6.1,77.9,78.0,3.6,6.2,280.8,288.9,1021.5,1021.5,-7.48,295.36,-0.01,32.1785,9.6889,424.1,0.0,1485.351, NAN, NAN, NAN, NAN,,2024/04/08 07:42:48.181,2024-04-08 07:42:48.181000+00:00
2024/04/08, 07:43:48.181,35.946,-75.117, 0.01,335.55,271.52,0.04,9.9,10.0,1019.4,1019.4,0.0,0.0,0.0,0.0,304,313,3.4,5.7,77.7,77.8,3.4,5.7,279.3,288.4,1021.5,1021.5,-7.4,295.32,-0.02,32.1777,9.6878,423.8,0.0,1485.346, NAN, NAN, NAN, NAN,,2024/04/08 07:43:48.181,2024-04-08 07:43:48.181000+00:00
2024/04/08, 07:44:48.181,35.946,-75.117, -0.01,335.96,328.88,0.2,9.9,10.0,1019.5,1019.4,0.0,0.0,0.0,0.0,305,315,3.5,5.8,78.0,78.0,3.5,5.8,279.4,290.0,1021.6,1021.5,-7.51,295.32,-0.02,32.1793,9.6856,422.7,0.0,1485.34, NAN, NAN, NAN, NAN,,2024/04/08 07:44:48.181,2024-04-08 07:44:48.181000+00:00
2024/04/08, 07:45:48.181,35.946,-75.117, -0.02,335.76,257.45,0.27,9.9,9.9,1019.4,1019.3,0.0,0.0,0.0,0.0,308,315,3.5,6.2,77.5,77.5,3.4,6.1,285.4,291.8,1021.5,1021.4,-7.43,295.17,-0.02,32.1815,9.6816,423.2,0.0,1485.328, NAN, NAN, NAN, NAN,,2024/04/08 07:45:48.181,2024-04-08 07:45:48.181000+00:00
2024/04/08, 07:46:48.181,35.946,-75.117, 0.07,336.14,69.91,0.11,9.9,10.0,1019.4,1019.4,0.0,0.0,0.0,0.0,307,313,3.8,6.0,77.7,77.7,3.8,6.0,282.5,288.7,1021.5,1021.5,-7.5,294.99,-0.02,32.1796,9.683,424.8,0.0,1485.331, NAN, NAN, NAN, NAN,,2024/04/08 07:46:48.181,2024-04-08 07:46:48.181000+00:00
2024/04/08, 07:47:48.181,35.946,-75.117, 0.01,336.04,47.31,0.07,9.9,10.0,1019.5,1019.4,0.0,0.0,0.0,0.0,308,316,3.9,6.3,77.7,77.7,3.9,6.3,284.2,292.2,1021.6,1021.5,-7.48,295.26,-0.02,32.1775,9.6841,426.4,0.0,1485.333, NAN, NAN, NAN, NAN,,2024/04/08 07:47:48.181,2024-04-08 07:47:48.181000+00:00
2024/04/08, 07:48:48.181,35.946,-75.117, -0.03,335.67,90.51,0.06,9.9,10.0,1019.5,1019.5,0.0,0.0,0.0,0.0,310,315,3.5,6.2,77.5,77.6,3.5,6.2,285.7,290.6,1021.6,1021.6,-7.53,295.34,-0.01,32.1822,9.6847,423.2,0.0,1485.34, NAN, NAN, NAN, NAN,,2024/04/08 07:48:48.181,2024-04-08 07:48:48.181000+00:00
2024/04/08, 07:49:48.181,35.946,-75.117, -0.01,336.45,56.42,0.09,10.0,10.0,1019.5,1019.5,0.0,0.0,0.0,0.0,312,316,3.4,5.9,77.8,77.8,3.4,5.9,288.7,292.6,1021.6,1021.6,-7.43,295.24,-0.01,32.1831,9.6812,426.0,0.0,1485.329, NAN, NAN, NAN, NAN,,2024/04/08 07:49:48.181,2024-04-08 07:49:48.181000+00:00
2024/04/08, 07:50:48.181,35.946,-75.117, 0.01,335.99,46.8,0.34,10.0,10.0,1019.4,1019.3,0.0,0.0,0.0,0.0,310,317,3.2,6.2,77.9,77.9,3.3,6.3,284.4,292.0,1021.5,1021.4,-7.46,295.33,-0.01,32.1829,9.6803,423.2,0.0,1485.325, NAN, NAN, NAN, NAN,,2024/04/08 07:50:48.181,2024-04-08 07:50:48.181000+00:00
2024/04/08, 07:51:48.181,35.946,-75.117, 0.01,336.12,182.55,0.13,10.0,10.0,1019.4,1019.3,0.0,0.0,0.0,0.0,315,316,3.3,6.1,78.0,78.0,3.3,6.1,292.3,292.7,1021.5,1021.4,-7.39,295.19,-0.02,32.1835,9.6819,425.1,0.0,1485.332, NAN, NAN, NAN, NAN,,2024/04/08 07:51:48.181,2024-04-08 07:51:48.181000+00:00
2024/04/08, 07:52:48.181,35.946,-75.117, 0.01,335.8,203.68,0.13,10.0,10.0,1019.4,1019.4,0.0,0.0,0.0,0.0,313,317,3.6,6.1,77.9,77.9,3.6,6.1,289.8,293.4,1021.5,1021.5,-7.46,295.33,-0.01,32.1826,9.6841,423.2,0.0,1485.339, NAN, NAN, NAN, NAN,,2024/04/08 07:52:48.181,2024-04-08 07:52:48.181000+00:00
2024/04/08, 07:53:48.181,35.946,-75.117, 0.01,335.78,246.72,0.28,10.0,10.0,1019.5,1019.4,0.0,0.0,0.0,0.0,314,319,3.6,6.3,78.4,78.4,3.5,6.2,291.4,295.8,1021.6,1021.5,-7.5,295.4,-0.01,32.1839,9.6864,424.8,0.0,1485.349, NAN, NAN, NAN, NAN,,2024/04/08 07:53:48.181,2024-04-08 07:53:48.181000+00:00
2024/04/08, 07:54:48.181,35.946,-75.117, -0.08,334.96,327.32,0.15,10.0,10.0,1019.5,1019.4,0.0,0.0,0.0,0.0,316,321,3.6,6.4,78.4,78.4,3.7,6.5,291.5,296.2,1021.6,1021.5,-7.44,295.37,-0.02,32.1817,9.6884,426.0,0.0,1485.353, NAN, NAN, NAN, NAN,,2024/04/08 07:54:48.181,2024-04-08 07:54:48.181000+00:00
2024/04/08, 07:55:48.181,35.946,-75.117, 0.06,337.4,58.89,0.18,10.0,10.0,1019.4,1019.4,0.0,0.0,0.0,0.0,319,320,3.7,6.5,78.6,78.6,3.7,6.5,295.0,296.6,1021.5,1021.5,-7.43,295.46,-0.02,32.1791,9.6855,423.5,0.0,1485.34, NAN, NAN, NAN, NAN,,2024/04/08 07:55:48.181,2024-04-08 07:55:48.181000+00:00
2024/04/08, 07:56:48.182,35.946,-75.117, 0.02,336.15,241.96,0.15,10.0,10.0,1019.4,1019.3,0.0,0.0,0.0,0.0,319,321,3.6,6.3,78.7,78.7,3.6,6.3,296.2,297.8,1021.5,1021.4,-7.46,295.62,-0.02,32.1813,9.6832,433.2,0.0,1485.334, NAN, NAN, NAN, NAN,,2024/04/08 07:56:48.182,2024-04-08 07:56:48.182000+00:00
2024/04/08, 07:57:48.182,35.946,-75.117, -0.04,334.71,85.47,0.05,10.0,10.0,1019.5,1019.4,0.0,0.0,0.0,0.0,320,322,3.7,6.4,78.9,78.9,3.7,6.4,294.7,296.7,1021.6,1021.5,-7.34,295.68,-0.02,32.1808,9.6805,426.8,0.0,1485.323, NAN, NAN, NAN, NAN,,2024/04/08 07:57:48.182,2024-04-08 07:57:48.182000+00:00
2024/04/08, 07:58:48.182,35.946,-75.117, 0.03,336.09,11.8,0.08,10.0,10.0,1019.4,1019.3,0.0,0.0,0.0,0.0,321,322,3.6,6.6,79.0,79.0,3.6,6.6,296.6,297.8,1021.5,1021.4,-7.31,295.71,-0.02,32.1789,9.6776,421.7,0.0,1485.311, NAN, NAN, NAN, NAN,,2024/04/08 07:58:48.182,2024-04-08 07:58:48.182000+00:00
2024/04/08, 07:59:48.182,35.946,-75.117, 0.00,336.04,30.67,0.04,10.0,10.0,1019.5,1019.5,0.0,0.0,0.0,0.0,319,321,3.5,6.5,79.1,79.1,3.5,6.5,295.3,297.2,1021.6,1021.6,-7.25,295.86,-0.02,32.1804,9.6783,422.4,0.0,1485.315, NAN, NAN, NAN, NAN,,2024/04/08 07:59:48.182,2024-04-08 07:59:48.182000+00:00
2024/04/08, 08:00:48.182,35.946,-75.117, 0.01,336.31,58.86,0.57,10.0,10.0,1019.5,1019.4,0.0,0.0,0.0,0.0,317,320,3.9,6.5,79.4,79.4,4.1,6.7,290.3,294.4,1021.6,1021.5,-7.4,296.12,-0.02,32.1811,9.6788,425.4,0.0,1485.318, NAN, NAN, NAN, NAN,,2024/04/08 08:00:48.182,2024-04-08 08:00:48.182000+00:00
2024/04/08, 08:01:48.182,35.946,-75.117, -0.01,335.37,79.1,0.18,10.0,10.0,1019.5,1019.4,0.0,0.0,0.0,0.0,319,320,3.9,6.4,79.7,79.7,4.0,6.5,295.0,295.7,1021.6,1021.5,-7.32,296.11,-0.02,32.1808,9.6818,423.8,0.0,1485.328, NAN, NAN, NAN, NAN,,2024/04/08 08:01:48.182,2024-04-08 08:01:48.182000+00:00
2024/04/08, 08:02:48.182,35.946,-75.117, -0.03,336.03,159.94,0.14,10.0,10.0,1019.6,1019.5,0.0,0.0,0.0,0.0,317,320,3.9,6.4,79.6,79.6,3.9,6.4,294.1,296.7,1021.7,1021.6,-7.35,296.17,-0.02,32.183,9.6833,423.5,0.0,1485.336, NAN, NAN, NAN, NAN,,2024/04/08 08:02:48.182,2024-04-08 08:02:48.182000+00:00
2024/04/08, 08:03:48.182,35.946,-75.117, 0.04,336.12,244.08,0.21,10.0,10.0,1019.6,1019.5,0.0,0.0,0.0,0.0,317,319,3.8,6.4,79.8,79.7,3.8,6.4,294.6,296.0,1021.7,1021.6,-7.31,296.18,-0.01,32.1825,9.6851,422.4,0.0,1485.342, NAN, NAN, NAN, NAN,,2024/04/08 08:03:48.182,2024-04-08 08:03:48.182000+00:00
2024/04/08, 08:04:48.182,35.946,-75.117, -0.02,335.45,68.52,0.3,10.0,10.0,1019.5,1019.5,0.0,0.0,0.0,0.0,318,320,3.9,6.7,79.8,79.7,4.0,6.8,291.7,294.4,1021.6,1021.6,-7.31,296.23,-0.02,32.1832,9.6857,422.0,0.0,1485.345, NAN, NAN, NAN, NAN,,2024/04/08 08:04:48.182,2024-04-08 08:04:48.182000+00:00
2024/04/08, 08:05:48.182,35.946,-75.117, 0.04,335.63,243.81,0.17,10.0,10.0,1019.5,1019.5,0.0,0.0,0.0,0.0,318,321,3.9,6.6,79.8,79.7,3.9,6.6,294.9,297.4,1021.6,1021.6,-7.31,296.3,-0.02,32.1828,9.6865,422.0,0.0,1485.348, NAN, NAN, NAN, NAN,,2024/04/08 08:05:48.182,2024-04-08 08:05:48.182000+00:00
2024/04/08, 08:06:48.182,35.946,-75.117, -0.02,335.35,155.28,0.06,10.0,10.0,1019.5,1019.5,0.0,0.0,0.0,0.0,320,321,3.8,6.6,79.9,79.9,3.8,6.6,295.8,296.6,1021.6,1021.6,-7.29,296.24,-0.02,32.1835,9.6864,424.8,0.0,1485.348, NAN, NAN, NAN, NAN,,2024/04/08 08:06:48.182,2024-04-08 08:06:48.182000+00:00
2024/04/08, 08:07:48.182,35.946,-75.117, 0.00,336.06,67.94,0.13,10.0,10.0,1019.7,1019.5,0.0,0.0,0.0,0.0,318,320,3.8,6.4,80.0,80.0,3.8,6.4,293.3,295.6,1021.8,1021.6,-7.32,296.21,-0.02,32.1857,9.685,424.1,0.0,1485.346, NAN, NAN, NAN, NAN,,2024/04/08 08:07:48.182,2024-04-08 08:07:48.182000+00:00
2024/04/08, 08:08:48.182,35.946,-75.117, -0.02,335.36,243.95,0.18,10.0,10.0,1019.5,1019.5,0.0,0.0,0.0,0.0,319,321,3.7,6.5,80.0,80.0,3.8,6.6,295.4,296.9,1021.6,1021.6,-7.27,296.28,-0.01,32.1831,9.6846,423.2,0.0,1485.341, NAN, NAN, NAN, NAN,,2024/04/08 08:08:48.182,2024-04-08 08:08:48.182000+00:00
2024/04/08, 08:09:48.182,35.946,-75.117, 0.04,335.99,37.28,0.16,10.0,10.0,1019.6,1019.6,0.0,0.0,0.0,0.0,318,320,3.9,6.5,80.3,80.3,3.9,6.5,292.8,295.3,1021.7,1021.7,-7.33,296.34,-0.02,32.1825,9.6839,423.8,0.0,1485.338, NAN, NAN, NAN, NAN,,2024/04/08 08:09:48.182,2024-04-08 08:09:48.182000+00:00
2024/04/08, 08:10:48.182,35.946,-75.117, 0.00,335.45,245.08,0.11,10.0,10.0,1019.6,1019.6,0.0,0.0,0.0,0.0,314,319,3.8,6.5,80.2,80.2,3.8,6.5,290.3,294.9,1021.7,1021.7,-7.33,296.32,-0.02,32.1843,9.683,420.8,0.0,1485.337, NAN, NAN, NAN, NAN,,2024/04/08 08:10:48.182,2024-04-08 08:10:48.182000+00:00
2024/04/08, 08:11:48.183,35.946,-75.117, -0.05,335.1,69.01,0.45,10.0,10.0,1019.7,1019.7,0.0,0.0,0.0,0.0,314,318,3.9,6.5,80.4,80.5,4.1,6.7,287.5,292.0,1021.8,1021.8,-7.39,296.1,-0.02,32.1832,9.6814,420.8,0.0,1485.33, NAN, NAN, NAN, NAN,,2024/04/08 08:11:48.183,2024-04-08 08:11:48.183000+00:00
2024/04/08, 08:12:48.183,35.946,-75.117, 0.06,336.93,322.47,0.21,10.0,10.0,1019.5,1019.5,0.0,0.0,0.0,0.0,314,317,3.7,6.5,80.3,80.4,3.6,6.4,290.8,293.9,1021.6,1021.6,-7.3,296.32,-0.02,32.1813,9.6824,423.0,0.0,1485.331, NAN, NAN, NAN, NAN,,2024/04/08 08:12:48.183,2024-04-08 08:12:48.183000+00:00
2024/04/08, 08:13:48.183,35.946,-75.117, 0.00,336.05,70.96,0.24,9.9,10.0,1019.7,1019.6,0.0,0.0,0.0,0.0,311,317,4.0,6.5,80.4,80.4,4.1,6.6,285.9,292.3,1021.8,1021.7,-7.25,296.05,-0.02,32.1838,9.6857,421.4,0.0,1485.346, NAN, NAN, NAN, NAN,,2024/04/08 08:13:48.183,2024-04-08 08:13:48.183000+00:00
2024/04/08, 08:14:48.183,35.946,-75.117, -0.03,335.94,110.19,0.25,9.9,10.0,1019.7,1019.5,0.0,0.0,0.0,0.0,312,318,3.8,6.2,80.4,80.4,3.7,6.1,289.5,295.0,1021.8,1021.6,-7.31,296.24,-0.02,32.1842,9.6883,426.0,0.0,1485.356, NAN, NAN, NAN, NAN,,2024/04/08 08:14:48.183,2024-04-08 08:14:48.183000+00:00
2024/04/08, 08:15:48.183,35.946,-75.117, 0.77,0.54,338.43,0.97,9.9,10.0,1019.7,1019.5,0.0,0.0,0.0,0.0,305,313,3.7,6.0,80.5,80.4,3.4,5.7,298.8,309.9,1021.8,1021.6,-7.42,296.28,-0.02,32.1842,9.6909,421.4,0.0,1485.366, NAN, NAN, NAN, NAN,,2024/04/08 08:15:48.183,2024-04-08 08:15:48.183000+00:00
2024/04/08, 08:16:48.183,35.947,-75.117, 1.46,48.38,36.11,1.77,10.0,10.0,1019.6,1019.5,0.0,0.0,0.0,0.0,271,286,3.3,4.3,80.8,81.0,3.3,4.0,303.5,322.4,1021.7,1021.6,-7.38,296.21,-0.02,32.1826,9.6915,423.2,0.0,1485.366, NAN, NAN, NAN, NAN,,2024/04/08 08:16:48.183,2024-04-08 08:16:48.183000+00:00
2024/04/08, 08:17:48.183,35.947,-75.116, 2.94,68.43,80.1,3.0,10.0,10.0,1019.7,1019.6,0.0,0.0,0.0,0.0,238,286,2.9,2.4,81.3,81.4,4.0,2.6,289.2,319.2,1021.8,1021.7,-7.41,296.58,-0.02,32.1845,9.6931,420.0,0.0,1485.374, NAN, NAN, NAN, NAN,,2024/04/08 08:17:48.183,2024-04-08 08:17:48.183000+00:00
2024/04/08, 08:18:48.183,35.947,-75.114, 4.86,68.1,74.19,5.03,10.0,10.0,1019.7,1019.6,0.0,0.0,0.0,0.0,252,300,1.9,3.5,81.5,81.6,3.8,3.4,280.9,323.9,1021.8,1021.7,-7.34,296.39,-0.02,32.1834,9.6947,424.8,0.0,1485.378, NAN, NAN, NAN, NAN,,2024/04/08 08:18:48.183,2024-04-08 08:18:48.183000+00:00
2024/04/08, 08:19:48.183,35.948,-75.112, 7.70,68.46,70.57,7.9,9.9,9.9,1019.7,1019.6,0.0,0.0,0.0,0.0,288,312,2.9,4.9,81.3,81.4,4.3,3.9,291.1,326.9,1021.8,1021.7,-7.57,296.2,-0.02,32.1823,9.6968,423.0,0.0,1485.385, NAN, NAN, NAN, NAN,,2024/04/08 08:19:48.183,2024-04-08 08:19:48.183000+00:00
2024/04/08, 08:20:48.183,35.949,-75.109, 9.35,67.59,71.72,9.51,9.9,9.9,1019.7,1019.7,0.0,0.0,0.0,0.0,312,317,3.2,5.6,81.4,81.4,3.8,4.2,292.0,326.8,1021.8,1021.8,-7.52,296.57,-0.02,32.1833,9.6897,419.0,0.0,1485.36, NAN, NAN, NAN, NAN,,2024/04/08 08:20:48.183,2024-04-08 08:20:48.183000+00:00
2024/04/08, 08:21:48.183,35.95,-75.106, 10.13,67.97,70.68,9.99,9.9,9.9,1019.6,1019.6,0.0,0.0,0.0,0.0,312,318,3.4,6.2,81.2,81.4,4.0,4.4,291.8,331.1,1021.7,1021.7,-7.46,296.42,-0.02,32.184,9.6822,423.8,0.0,1485.334, NAN, NAN, NAN, NAN,,2024/04/08 08:21:48.183,2024-04-08 08:21:48.183000+00:00
2024/04/08, 08:22:48.183,35.951,-75.103, 10.34,67.79,71.78,10.31,9.9,9.9,1019.5,1019.5,0.0,0.0,0.0,0.0,314,319,3.4,6.2,81.2,81.3,4.1,4.5,291.7,330.0,1021.6,1021.6,-7.59,296.49,-0.02,32.1881,9.6725,419.6,0.0,1485.303, NAN, NAN, NAN, NAN,,2024/04/08 08:22:48.183,2024-04-08 08:22:48.183000+00:00
2024/04/08, 08:23:48.183,35.952,-75.099, 10.25,67.75,69.73,10.43,9.9,9.9,1019.7,1019.7,0.0,0.0,0.0,0.0,314,320,3.5,6.0,81.3,81.3,4.0,4.2,291.0,327.2,1021.8,1021.8,-7.46,296.44,-0.02,32.2036,9.6565,420.8,0.0,1485.264, NAN, NAN, NAN, NAN,,2024/04/08 08:23:48.183,2024-04-08 08:23:48.183000+00:00
2024/04/08, 08:24:48.183,35.952,-75.096, 9.66,68.11,68.68,10.37,9.9,9.9,1019.5,1019.6,0.0,0.0,0.0,0.0,316,320,3.6,6.3,81.4,81.5,3.9,4.3,292.9,331.4,1021.6,1021.7,-7.43,296.6,-0.02,32.2049,9.6402,422.7,0.0,1485.206, NAN, NAN, NAN, NAN,,2024/04/08 08:24:48.183,2024-04-08 08:24:48.183000+00:00
2024/04/08, 08:25:48.183,35.954,-75.093, 8.79,65.95,70.75,10.31,9.9,9.9,1019.7,1019.5,0.0,0.0,0.0,0.0,317,319,3.9,6.5,81.6,81.7,3.9,4.6,296.8,331.2,1021.8,1021.6,-7.42,296.67,-0.02,32.2152,9.6328,421.1,0.0,1485.191, NAN, NAN, NAN, NAN,,2024/04/08 08:25:48.183,2024-04-08 08:25:48.183000+00:00
2024/04/08, 08:26:48.183,35.955,-75.09, 8.81,66.11,69.31,10.49,9.9,9.9,1019.6,1019.5,0.0,0.0,0.0,0.0,317,322,3.8,6.6,81.8,81.9,3.9,4.3,293.7,333.7,1021.7,1021.6,-7.39,296.73,-0.02,32.224,9.6423,416.8,0.0,1485.237, NAN, NAN, NAN, NAN,,2024/04/08 08:26:48.183,2024-04-08 08:26:48.183000+00:00
2024/04/08, 08:27:48.184,35.956,-75.086, 10.34,66.5,68.45,10.3,9.9,9.9,1019.7,1019.6,0.0,0.0,0.0,0.0,322,324,3.9,6.7,81.9,81.9,3.4,4.1,295.5,338.3,1021.8,1021.7,-7.34,296.93,-0.01,32.2329,9.651,416.3,0.0,1485.279, NAN, NAN, NAN, NAN,,2024/04/08 08:27:48.184,2024-04-08 08:27:48.184000+00:00
2024/04/08, 08:28:48.184,35.957,-75.083, 10.23,65.58,69.03,10.38,9.9,9.9,1019.7,1019.6,0.0,0.0,0.0,0.0,325,325,4.0,6.6,82.2,82.2,3.3,4.1,297.3,336.7,1021.8,1021.7,-7.33,296.72,-0.02,32.2434,9.6461,414.4,0.0,1485.274, NAN, NAN, NAN, NAN,,2024/04/08 08:28:48.184,2024-04-08 08:28:48.184000+00:00
2024/04/08, 08:29:48.184,35.958,-75.08, 10.19,66.08,68.87,10.43,9.9,9.9,1019.4,1019.4,0.0,0.0,0.0,0.0,325,325,4.2,6.8,82.5,82.6,3.3,4.2,300.6,339.0,1021.5,1021.5,-7.26,296.76,-0.02,32.2466,9.6364,413.4,0.0,1485.243, NAN, NAN, NAN, NAN,,2024/04/08 08:29:48.184,2024-04-08 08:29:48.184000+00:00
2024/04/08, 08:30:48.184,35.959,-75.076, 10.34,66.23,67.64,10.56,9.9,9.9,1019.7,1019.7,0.0,0.0,0.0,0.0,326,326,4.4,6.8,82.6,82.7,3.2,4.0,302.4,339.3,1021.8,1021.8,-7.19,296.73,-0.02,32.2513,9.6198,413.7,0.0,1485.188, NAN, NAN, NAN, NAN,,2024/04/08 08:30:48.184,2024-04-08 08:30:48.184000+00:00
2024/04/08, 08:31:48.184,35.96,-75.073, 10.24,65.67,69.05,10.47,9.9,9.9,1019.7,1019.6,0.0,0.0,0.0,0.0,328,325,4.5,7.0,82.6,82.7,3.1,4.4,305.9,340.4,1021.8,1021.7,-7.19,296.67,-0.02,32.2599,9.5966,419.6,0.0,1485.114, NAN, NAN, NAN, NAN,,2024/04/08 08:31:48.184,2024-04-08 08:31:48.184000+00:00
2024/04/08, 08:32:48.184,35.961,-75.07, 10.29,66.26,68.56,10.27,9.9,9.9,1019.7,1019.6,0.0,0.0,0.0,0.0,327,325,4.4,6.9,82.5,82.5,3.1,4.2,305.1,341.4,1021.8,1021.7,-7.24,296.76,-0.02,32.2647,9.5747,422.4,0.0,1485.039, NAN, NAN, NAN, NAN,,2024/04/08 08:32:48.184,2024-04-08 08:32:48.184000+00:00
2024/04/08, 08:33:48.184,35.962,-75.066, 10.40,65.93,69.5,10.51,9.9,9.9,1019.7,1019.6,0.0,0.0,0.0,0.0,328,325,4.6,7.4,82.7,82.8,3.1,4.6,307.4,344.3,1021.8,1021.7,-7.2,296.7,-0.02,32.2684,9.5528,427.8,0.0,1484.964, NAN, NAN, NAN, NAN,,2024/04/08 08:33:48.184,2024-04-08 08:33:48.184000+00:00
2024/04/08, 08:34:48.184,35.963,-75.063, 10.15,65.43,68.17,10.41,9.8,9.9,1019.8,1019.8,0.0,0.0,0.0,0.0,327,326,4.4,7.1,82.6,82.6,3.0,4.2,302.4,342.9,1021.9,1021.9,-7.15,296.65,-0.02,32.2757,9.537,435.2,0.0,1484.915, NAN, NAN, NAN, NAN,,2024/04/08 08:34:48.184,2024-04-08 08:34:48.184000+00:00
2024/04/08, 08:35:48.184,35.964,-75.06, 10.31,66.19,69.87,10.35,9.8,9.9,1019.7,1019.6,0.0,0.0,0.0,0.0,323,324,4.6,7.4,82.6,82.7,3.4,4.7,307.8,344.5,1021.8,1021.7,-7.12,296.54,-0.02,32.2797,9.536,444.3,0.0,1484.916, NAN, NAN, NAN, NAN,,2024/04/08 08:35:48.184,2024-04-08 08:35:48.184000+00:00
2024/04/08, 08:36:48.184,35.965,-75.057, 10.30,65.98,66.74,10.25,9.8,9.8,1019.5,1019.5,0.0,0.0,0.0,0.0,324,323,4.6,7.4,82.6,82.6,3.2,4.6,307.5,344.0,1021.6,1021.6,-7.14,296.5,-0.02,32.2848,9.532,444.0,0.0,1484.908, NAN, NAN, NAN, NAN,,2024/04/08 08:36:48.184,2024-04-08 08:36:48.184000+00:00
2024/04/08, 08:37:48.184,35.966,-75.053, 10.31,66.23,67.62,10.03,9.8,9.8,1019.6,1019.5,0.0,0.0,0.0,0.0,322,323,4.5,7.3,82.7,82.8,3.3,4.6,307.3,344.7,1021.7,1021.6,-7.12,296.46,-0.02,32.2874,9.5258,452.6,0.0,1484.888, NAN, NAN, NAN, NAN,,2024/04/08 08:37:48.184,2024-04-08 08:37:48.184000+00:00
2024/04/08, 08:38:48.184,35.967,-75.05, 10.25,66.03,66.8,10.05,9.8,9.8,1019.8,1019.7,0.0,0.0,0.0,0.0,321,322,4.5,7.2,82.7,82.6,3.4,4.6,306.7,342.4,1021.9,1021.8,-7.08,296.35,-0.02,32.2919,9.5131,459.8,0.0,1484.847, NAN, NAN, NAN, NAN,,2024/04/08 08:38:48.184,2024-04-08 08:38:48.184000+00:00
2024/04/08, 08:39:48.184,35.968,-75.047, 10.17,65.82,68.3,10.18,9.8,9.8,1019.7,1019.7,0.0,0.0,0.0,0.0,322,321,4.6,7.3,82.7,82.7,3.4,4.8,307.9,341.1,1021.8,1021.8,-7.0,296.53,-0.02,32.296,9.4981,462.8,0.0,1484.797, NAN, NAN, NAN, NAN,,2024/04/08 08:39:48.184,2024-04-08 08:39:48.184000+00:00
2024/04/08, 08:40:48.184,35.969,-75.044, 10.29,66.0,71.03,10.14,9.8,9.8,1019.8,1019.8,0.0,0.0,0.0,0.0,322,323,4.5,7.2,82.7,82.8,3.5,4.7,307.9,342.7,1021.9,1021.9,-7.01,296.4,-0.02,32.2928,9.4844,470.2,0.0,1484.743, NAN, NAN, NAN, NAN,,2024/04/08 08:40:48.184,2024-04-08 08:40:48.184000+00:00
2024/04/08, 08:41:48.184,35.97,-75.04, 10.24,65.81,68.61,10.28,9.8,9.8,1019.8,1019.8,0.0,0.0,0.0,0.0,321,322,4.5,7.2,82.8,82.8,3.5,4.7,305.6,340.6,1021.9,1021.9,-7.02,296.5,-0.02,32.2946,9.477,471.8,0.0,1484.718, NAN, NAN, NAN, NAN,,2024/04/08 08:41:48.184,2024-04-08 08:41:48.184000+00:00
2024/04/08, 08:42:48.184,35.971,-75.037, 10.27,66.47,68.82,10.38,9.8,9.8,1019.7,1019.7,0.0,0.0,0.0,0.0,321,321,4.6,7.2,82.7,82.8,3.6,4.8,307.0,339.7,1021.8,1021.8,-7.11,296.48,-0.02,32.2969,9.4723,473.6,0.0,1484.704, NAN, NAN, NAN, NAN,,2024/04/08 08:42:48.184,2024-04-08 08:42:48.184000+00:00
2024/04/08, 08:43:48.185,35.972,-75.034, 10.23,65.86,67.26,9.97,9.8,9.8,1019.8,1019.8,0.0,0.0,0.0,0.0,323,321,4.8,7.3,82.7,82.8,3.3,4.8,313.0,342.5,1021.9,1021.9,-7.07,296.53,-0.02,32.3029,9.4674,474.8,0.0,1484.693, NAN, NAN, NAN, NAN,,2024/04/08 08:43:48.185,2024-04-08 08:43:48.185000+00:00
2024/04/08, 08:44:48.185,35.973,-75.031, 10.16,65.68,68.95,10.25,9.8,9.8,1019.9,1019.8,0.0,0.0,0.0,0.0,324,323,4.7,7.4,82.8,82.9,3.4,4.8,310.0,343.5,1022.0,1021.9,-6.99,296.48,-0.02,32.302,9.4612,474.5,0.0,1484.67, NAN, NAN, NAN, NAN,,2024/04/08 08:44:48.185,2024-04-08 08:44:48.185000+00:00
2024/04/08, 08:45:48.185,35.974,-75.027, 10.20,66.12,67.62,10.19,9.8,9.8,1019.7,1019.7,0.0,0.0,0.0,0.0,325,325,4.7,7.6,82.9,82.9,3.2,4.7,310.7,348.4,1021.8,1021.8,-7.06,296.51,-0.02,32.3051,9.4505,473.9,0.0,1484.634, NAN, NAN, NAN, NAN,,2024/04/08 08:45:48.185,2024-04-08 08:45:48.185000+00:00
2024/04/08, 08:46:48.185,35.976,-75.024, 10.20,65.5,70.38,10.37,9.8,9.8,1019.8,1019.7,0.0,0.0,0.0,0.0,327,325,4.9,7.5,83.1,83.2,3.3,4.8,314.2,345.5,1021.9,1021.8,-7.06,296.44,-0.02,32.307,9.4438,469.1,0.0,1484.612, NAN, NAN, NAN, NAN,,2024/04/08 08:46:48.185,2024-04-08 08:46:48.185000+00:00
2024/04/08, 08:47:48.185,35.977,-75.021, 9.93,66.47,69.26,10.22,9.8,9.8,1019.8,1019.7,0.0,0.0,0.0,0.0,330,327,4.9,7.6,83.2,83.3,2.8,4.5,315.6,351.0,1021.9,1021.8,-7.02,296.32,-0.01,32.3096,9.4372,470.5,0.0,1484.591, NAN, NAN, NAN, NAN,,2024/04/08 08:47:48.185,2024-04-08 08:47:48.185000+00:00
2024/04/08, 08:48:48.185,35.978,-75.017, 5.33,65.16,68.4,10.28,9.8,9.8,1019.8,1019.7,0.0,0.0,0.0,0.0,332,328,5.1,7.4,83.2,83.2,2.8,4.4,319.3,348.4,1021.9,1021.8,-7.09,296.34,-0.01,32.3147,9.4304,473.6,0.0,1484.572, NAN, NAN, NAN, NAN,,2024/04/08 08:48:48.185,2024-04-08 08:48:48.185000+00:00
2024/04/08, 08:49:48.185,35.979,-75.014, 6.37,65.77,67.9,10.58,9.8,9.8,1019.8,1019.7,0.0,0.0,0.0,0.0,334,330,5.2,7.3,83.4,83.4,2.7,4.1,319.5,348.5,1021.9,1021.8,-6.99,296.26,-0.01,32.3164,9.4243,470.2,0.0,1484.552, NAN, NAN, NAN, NAN,,2024/04/08 08:49:48.185,2024-04-08 08:49:48.185000+00:00
2024/04/08, 08:50:48.185,35.98,-75.011, 11.71,66.5,70.24,10.16,9.7,9.8,1019.7,1019.6,0.0,0.0,0.0,0.0,334,329,5.3,7.2,83.5,83.4,2.7,4.1,326.7,350.0,1021.8,1021.7,-7.01,296.08,-0.02,32.3202,9.4232,470.2,0.0,1484.552, NAN, NAN, NAN, NAN,,2024/04/08 08:50:48.185,2024-04-08 08:50:48.185000+00:00
2024/04/08, 08:51:48.185,35.981,-75.008, 10.79,65.68,69.35,10.17,9.7,9.8,1019.7,1019.6,0.0,0.0,0.0,0.0,335,330,5.4,7.2,83.6,83.6,2.6,4.0,328.4,350.4,1021.8,1021.7,-6.93,295.96,-0.02,32.3217,9.4291,471.5,0.0,1484.576, NAN, NAN, NAN, NAN,,2024/04/08 08:51:48.185,2024-04-08 08:51:48.185000+00:00
2024/04/08, 08:52:48.185,35.982,-75.005, 10.90,66.18,69.03,10.03,9.7,9.7,1019.5,1019.7,0.0,0.0,0.0,0.0,337,332,5.6,6.6,83.6,83.7,2.4,3.4,336.3,347.7,1021.6,1021.8,-6.93,295.87,-0.02,32.3249,9.4947,476.9,0.0,1484.82, NAN, NAN, NAN, NAN,,2024/04/08 08:52:48.185,2024-04-08 08:52:48.185000+00:00
2024/04/08, 08:53:48.185,35.983,-75.001, 10.84,65.77,68.04,10.15,9.7,9.7,1019.7,1019.5,0.0,0.0,0.0,0.0,339,333,5.7,6.2,83.9,83.9,2.3,3.1,338.5,341.6,1021.8,1021.6,-6.96,295.95,-0.02,32.3276,9.5494,477.9,0.0,1485.024, NAN, NAN, NAN, NAN,,2024/04/08 08:53:48.185,2024-04-08 08:53:48.185000+00:00
2024/04/08, 08:54:48.185,35.984,-74.998, 10.85,65.74,67.41,10.1,9.7,9.7,1019.6,1019.5,0.0,0.0,0.0,0.0,339,333,5.6,6.2,84.2,84.2,2.2,3.1,336.8,342.1,1021.7,1021.6,-6.89,296.1,-0.02,32.3396,9.5875,476.0,0.0,1485.178, NAN, NAN, NAN, NAN,,2024/04/08 08:54:48.185,2024-04-08 08:54:48.185000+00:00
2024/04/08, 08:55:48.185,35.985,-74.995, 10.82,65.65,68.36,10.27,9.7,9.7,1019.5,1019.5,0.0,0.0,0.0,0.0,336,332,5.5,6.1,84.3,84.2,2.5,3.2,330.1,337.7,1021.6,1021.6,-6.79,296.18,-0.02,32.3526,9.6226,479.6,0.0,1485.322, NAN, NAN, NAN, NAN,,2024/04/08 08:55:48.185,2024-04-08 08:55:48.185000+00:00
2024/04/08, 08:56:48.185,35.986,-74.991, 10.97,65.78,70.38,10.44,9.7,9.7,1019.7,1019.5,0.0,0.0,0.0,0.0,337,331,5.8,6.8,84.1,84.2,2.6,3.7,335.4,345.0,1021.8,1021.6,-6.85,296.1,-0.02,32.3602,9.6582,479.2,0.0,1485.461, NAN, NAN, NAN, NAN,,2024/04/08 08:56:48.185,2024-04-08 08:56:48.185000+00:00
2024/04/08, 08:57:48.185,35.987,-74.988, 11.07,65.62,69.6,10.28,9.7,9.7,1019.7,1019.5,0.0,0.0,0.0,0.0,339,333,5.8,6.6,84.2,84.2,2.4,3.3,339.0,346.1,1021.8,1021.6,-6.89,296.07,-0.02,32.3712,9.6879,476.6,0.0,1485.583, NAN, NAN, NAN, NAN,,2024/04/08 08:57:48.185,2024-04-08 08:57:48.185000+00:00
2024/04/08, 08:58:48.186,35.988,-74.985, 11.04,66.05,67.74,10.37,9.7,9.7,1019.5,1019.5,0.0,0.0,0.0,0.0,341,335,6.0,6.2,84.3,84.3,2.2,2.9,345.0,341.9,1021.6,1021.6,-6.79,296.07,-0.02,32.3771,9.7056,473.9,0.0,1485.654, NAN, NAN, NAN, NAN,,2024/04/08 08:58:48.186,2024-04-08 08:58:48.186000+00:00
2024/04/08, 08:59:48.186,35.989,-74.982, 10.87,66.01,68.16,10.39,9.7,9.7,1019.7,1019.5,0.0,0.0,0.0,0.0,343,337,5.9,6.2,84.7,84.7,2.0,2.7,344.9,344.0,1021.8,1021.6,-6.74,296.19,-0.02,32.3824,9.7143,475.2,0.0,1485.692, NAN, NAN, NAN, NAN,,2024/04/08 08:59:48.186,2024-04-08 08:59:48.186000+00:00
2024/04/08, 09:00:48.186,35.99,-74.978, 10.91,65.98,69.02,10.31,9.7,9.7,1019.7,1019.8,0.0,0.0,0.0,0.0,343,337,6.1,6.1,84.6,84.7,2.1,2.7,350.7,342.9,1021.8,1021.9,-6.68,296.14,-0.02,32.3828,9.7226,470.2,0.0,1485.723, NAN, NAN, NAN, NAN,,2024/04/08 09:00:48.186,2024-04-08 09:00:48.186000+00:00
2024/04/08, 09:01:48.186,35.991,-74.975, 10.68,66.3,70.44,10.47,9.7,9.7,1019.7,1019.5,0.0,0.0,0.0,0.0,344,338,6.1,6.4,84.5,84.6,2.2,2.9,349.6,347.7,1021.8,1021.6,-6.7,296.0,-0.02,32.3833,9.7388,469.6,0.0,1485.783, NAN, NAN, NAN, NAN,,2024/04/08 09:01:48.186,2024-04-08 09:01:48.186000+00:00
2024/04/08, 09:02:48.186,35.992,-74.972, 10.83,65.84,70.18,10.0,9.7,9.7,1019.8,1019.7,0.0,0.0,0.0,0.0,343,338,6.0,6.3,84.3,84.5,2.2,2.8,351.8,350.5,1021.9,1021.8,-6.76,295.8,-0.02,32.387,9.7661,471.2,0.0,1485.886, NAN, NAN, NAN, NAN,,2024/04/08 09:02:48.186,2024-04-08 09:02:48.186000+00:00
2024/04/08, 09:03:48.186,35.993,-74.968, 10.80,65.53,69.71,10.11,9.7,9.7,1019.7,1019.7,0.0,0.0,0.0,0.0,343,338,6.1,6.3,84.1,84.2,2.2,2.8,352.4,349.1,1021.8,1021.8,-6.68,295.75,-0.02,32.3924,9.8116,475.2,0.0,1486.058, NAN, NAN, NAN, NAN,,2024/04/08 09:03:48.186,2024-04-08 09:03:48.186000+00:00
2024/04/08, 09:04:48.186,35.994,-74.965, 10.74,66.4,70.56,10.2,9.7,9.7,1019.8,1019.8,0.0,0.0,0.0,0.0,341,336,5.8,6.1,83.9,84.0,2.2,2.8,342.9,343.3,1021.9,1021.9,-6.58,295.7,-0.02,32.3964,9.8633,481.6,0.0,1486.251, NAN, NAN, NAN, NAN,,2024/04/08 09:04:48.186,2024-04-08 09:04:48.186000+00:00
2024/04/08, 09:05:48.186,35.995,-74.962, 10.85,66.01,69.52,9.92,9.7,9.7,1019.8,1019.8,0.0,0.0,0.0,0.0,342,337,5.9,6.1,83.9,83.9,2.2,2.7,349.8,347.1,1021.9,1021.9,-6.69,295.46,-0.02,32.4012,9.9117,482.5,0.0,1486.432, NAN, NAN, NAN, NAN,,2024/04/08 09:05:48.186,2024-04-08 09:05:48.186000+00:00
2024/04/08, 09:06:48.186,35.996,-74.959, 10.78,65.88,69.82,10.54,9.7,9.7,1019.7,1019.6,0.0,0.0,0.0,0.0,343,337,5.9,6.1,83.5,83.5,2.1,2.7,342.4,340.2,1021.8,1021.7,-6.64,295.5,-0.02,32.4052,9.9687,479.2,0.0,1486.644, NAN, NAN, NAN, NAN,,2024/04/08 09:06:48.186,2024-04-08 09:06:48.186000+00:00
2024/04/08, 09:07:48.186,35.997,-74.955, 10.85,65.97,67.49,10.15,9.7,9.7,1019.9,1019.8,0.0,0.0,0.0,0.0,342,336,5.9,6.0,83.5,83.6,2.1,2.7,346.9,341.7,1022.0,1021.9,-6.69,295.38,-0.02,32.4094,10.0233,483.3,0.0,1486.846, NAN, NAN, NAN, NAN,,2024/04/08 09:07:48.186,2024-04-08 09:07:48.186000+00:00
2024/04/08, 09:08:48.186,35.998,-74.952, 10.92,66.57,69.22,10.34,9.7,9.7,1019.7,1019.7,0.0,0.0,0.0,0.0,342,336,6.1,6.2,83.3,83.4,2.2,2.8,349.6,343.9,1021.8,1021.8,-6.7,295.56,-0.02,32.4167,10.0748,473.9,0.0,1487.041, NAN, NAN, NAN, NAN,,2024/04/08 09:08:48.186,2024-04-08 09:08:48.186000+00:00
2024/04/08, 09:09:48.186,35.999,-74.949, 10.88,66.02,69.79,10.33,9.7,9.7,1019.7,1019.7,0.0,0.0,0.0,0.0,341,335,6.2,6.1,83.3,83.4,2.5,3.0,349.3,340.5,1021.8,1021.8,-6.66,295.81,-0.02,32.4235,10.1436,471.5,38.6,1487.297, NAN, NAN, NAN, NAN,,2024/04/08 09:09:48.186,2024-04-08 09:09:48.186000+00:00
2024/04/08, 09:10:48.186,36.0,-74.945, 10.75,65.83,69.47,10.26,9.7,9.7,1019.8,1019.7,0.0,0.0,0.0,0.0,341,335,5.8,6.0,83.2,83.3,2.2,2.9,341.5,339.3,1021.9,1021.8,-6.65,295.43,-0.02,32.427,10.1984,471.8,43.8,1487.499, NAN, NAN, NAN, NAN,,2024/04/08 09:10:48.186,2024-04-08 09:10:48.186000+00:00
2024/04/08, 09:11:48.186,36.001,-74.942, 10.82,65.83,68.68,10.08,9.7,9.8,1019.8,1019.8,0.0,0.0,0.0,0.0,338,332,6.0,6.7,82.5,82.6,2.6,3.6,344.5,347.9,1021.9,1021.9,-6.64,295.72,-0.02,32.4387,10.2594,463.8,44.0,1487.732, NAN, NAN, NAN, NAN,,2024/04/08 09:11:48.186,2024-04-08 09:11:48.186000+00:00
2024/04/08, 09:12:48.186,36.002,-74.939, 10.67,66.27,71.21,9.9,9.8,9.8,1020.2,1020.0,0.0,0.0,0.0,0.0,338,332,7.2,8.1,82.9,83.0,3.5,4.7,3.6,2.6,1022.3,1022.1,-6.62,295.89,-0.02,32.4436,10.3191,458.0,43.4,1487.952, NAN, NAN, NAN, NAN,,2024/04/08 09:12:48.186,2024-04-08 09:12:48.186000+00:00
2024/04/08, 09:13:48.186,36.003,-74.935, 10.78,65.67,70.45,10.15,9.8,9.8,1019.8,1019.8,0.0,0.0,0.0,0.0,338,333,8.4,8.6,83.2,83.3,4.4,5.0,11.8,5.4,1021.9,1021.9,-6.62,296.11,-0.02,32.4508,10.3619,455.3,44.3,1488.115, NAN, NAN, NAN, NAN,,2024/04/08 09:13:48.186,2024-04-08 09:13:48.186000+00:00
2024/04/08, 09:14:48.187,36.004,-74.932, 10.88,66.29,73.4,10.21,9.8,9.9,1019.8,1019.8,0.0,0.0,0.0,0.0,340,335,7.3,7.3,83.1,83.2,3.4,3.8,5.0,357.6,1021.9,1021.9,-6.41,295.99,-0.02,32.4599,10.4096,449.6,44.7,1488.296, NAN, NAN, NAN, NAN,,2024/04/08 09:14:48.187,2024-04-08 09:14:48.187000+00:00
2024/04/08, 09:15:48.187,36.005,-74.929, 10.80,64.21,68.8,10.52,9.8,9.9,1020.0,1020.0,0.0,0.0,0.0,0.0,342,334,6.9,6.9,82.3,82.4,2.9,3.6,358.5,347.3,1022.1,1022.1,-6.5,295.46,-0.02,32.4649,10.4663,439.6,44.5,1488.505, NAN, NAN, NAN, NAN,,2024/04/08 09:15:48.187,2024-04-08 09:15:48.187000+00:00
2024/04/08, 09:16:48.187,36.006,-74.926, 10.82,64.22,68.19,10.51,9.8,9.8,1019.8,1019.8,0.0,0.0,0.0,0.0,339,332,7.3,8.7,80.0,80.3,3.4,5.1,359.3,1.1,1021.9,1021.9,-6.53,295.16,-0.02,32.4703,10.5166,433.9,44.6,1488.691, NAN, NAN, NAN, NAN,,2024/04/08 09:16:48.187,2024-04-08 09:16:48.187000+00:00
2024/04/08, 09:17:48.187,36.007,-74.922, 10.96,63.91,66.66,10.49,9.9,9.9,1020.1,1020.1,0.0,0.0,0.0,0.0,339,334,8.0,8.1,80.7,80.9,3.9,4.4,6.6,359.7,1022.2,1022.2,-6.48,295.37,-0.02,32.476,10.5716,430.8,44.6,1488.894, NAN, NAN, NAN, NAN,,2024/04/08 09:17:48.187,2024-04-08 09:17:48.187000+00:00
2024/04/08, 09:18:48.187,36.008,-74.919, 10.96,63.91,69.59,10.48,9.9,9.9,1020.0,1020.0,0.0,0.0,0.0,0.0,338,333,7.5,7.6,80.1,80.5,3.6,4.1,359.9,353.7,1022.1,1022.1,-6.47,295.83,-0.02,32.4834,10.6277,424.8,44.7,1489.103, NAN, NAN, NAN, NAN,,2024/04/08 09:18:48.187,2024-04-08 09:18:48.187000+00:00
2024/04/08, 09:19:48.187,36.009,-74.916, 11.02,63.98,69.38,10.58,10.0,10.0,1020.2,1020.1,0.0,0.0,0.0,0.0,339,334,7.3,7.8,79.9,80.1,3.4,4.3,358.0,356.0,1022.3,1022.2,-6.41,295.37,-0.02,32.4857,10.6744,420.1,44.5,1489.272, NAN, NAN, NAN, NAN,,2024/04/08 09:19:48.187,2024-04-08 09:19:48.187000+00:00
2024/04/08, 09:20:48.187,36.01,-74.912, 11.05,63.67,67.28,10.4,10.0,10.0,1020.0,1020.1,0.0,0.0,0.0,0.0,339,333,7.8,8.1,79.2,79.4,3.8,4.5,4.8,358.3,1022.1,1022.2,-6.31,295.2,-0.02,32.4883,10.7195,415.0,44.9,1489.435, NAN, NAN, NAN, NAN,,2024/04/08 09:20:48.187,2024-04-08 09:20:48.187000+00:00
2024/04/08, 09:21:48.187,36.011,-74.909, 10.95,63.5,71.07,10.24,10.0,10.1,1020.1,1020.1,0.0,0.0,0.0,0.0,342,335,7.9,8.1,78.6,78.6,3.8,4.5,10.8,1.4,1022.2,1022.2,-6.33,294.92,-0.01,32.4904,10.7456,406.2,44.9,1489.53, NAN, NAN, NAN, NAN,,2024/04/08 09:21:48.187,2024-04-08 09:21:48.187000+00:00
2024/04/08, 09:22:48.187,36.012,-74.906, 10.80,63.46,68.72,10.52,10.1,10.1,1019.9,1019.9,0.0,0.0,0.0,0.0,341,336,7.4,7.6,78.8,79.0,3.3,3.9,2.4,356.9,1022.0,1022.0,-6.36,294.9,-0.02,32.4891,10.7813,403.6,44.7,1489.655, NAN, NAN, NAN, NAN,,2024/04/08 09:22:48.187,2024-04-08 09:22:48.187000+00:00
2024/04/08, 09:23:48.187,36.013,-74.902, 10.72,64.3,69.01,9.93,10.1,10.1,1020.3,1020.1,0.0,0.0,0.0,0.0,339,333,7.4,7.6,78.0,78.0,3.6,4.2,5.1,357.9,1022.4,1022.2,-6.36,294.96,-0.02,32.4884,10.8328,402.2,44.7,1489.837, NAN, NAN, NAN, NAN,,2024/04/08 09:23:48.187,2024-04-08 09:23:48.187000+00:00
2024/04/08, 09:24:48.187,36.014,-74.899, 10.81,64.6,69.24,10.18,10.1,10.1,1020.0,1020.1,0.0,0.0,0.0,0.0,342,337,7.7,8.0,77.8,77.9,3.4,4.1,12.2,6.3,1022.1,1022.2,-6.41,295.24,-0.03,32.4907,10.885,394.5,44.7,1490.024, NAN, NAN, NAN, NAN,,2024/04/08 09:24:48.187,2024-04-08 09:24:48.187000+00:00
2024/04/08, 09:25:48.187,36.015,-74.896, 10.77,63.87,68.07,10.2,10.1,10.1,1020.3,1020.2,0.0,0.0,0.0,0.0,337,331,7.2,8.4,76.9,76.9,3.5,4.9,357.5,359.3,1022.4,1022.3,-6.44,294.71,-0.02,32.4948,10.9901,392.8,44.7,1490.4, NAN, NAN, NAN, NAN,,2024/04/08 09:25:48.187,2024-04-08 09:25:48.187000+00:00
2024/04/08, 09:26:48.187,36.016,-74.893, 10.80,64.03,66.42,10.31,10.1,10.1,1020.1,1019.9,0.0,0.0,0.0,0.0,342,335,7.2,7.7,76.2,76.3,3.0,4.0,5.5,359.3,1022.2,1022.0,-6.39,295.27,-0.02,32.496,11.1145,387.2,44.7,1490.84, NAN, NAN, NAN, NAN,,2024/04/08 09:26:48.187,2024-04-08 09:26:48.187000+00:00
2024/04/08, 09:27:48.187,36.017,-74.889, 10.87,64.27,70.51,10.02,10.2,10.2,1020.1,1020.0,0.0,0.0,0.0,0.0,340,333,7.3,8.1,76.5,76.6,3.3,4.6,5.3,1.5,1022.2,1022.1,-6.4,294.49,-0.02,32.4915,11.1805,377.7,44.9,1491.066, NAN, NAN, NAN, NAN,,2024/04/08 09:27:48.187,2024-04-08 09:27:48.187000+00:00
2024/04/08, 09:28:48.187,36.019,-74.886, 10.72,63.69,68.63,10.31,10.2,10.2,1020.1,1020.1,0.0,0.0,0.0,0.0,337,333,7.4,7.6,75.4,75.4,3.7,4.2,358.4,354.7,1022.2,1022.2,-6.41,294.52,-0.03,32.479,11.2847,364.8,44.8,1491.416, NAN, NAN, NAN, NAN,,2024/04/08 09:28:48.187,2024-04-08 09:28:48.187000+00:00
2024/04/08, 09:29:48.187,36.02,-74.883, 10.79,64.18,68.41,10.37,10.2,10.2,1020.2,1020.0,0.0,0.0,0.0,0.0,341,336,7.3,7.1,74.5,74.5,3.2,3.5,4.1,353.9,1022.3,1022.1,-6.42,295.02,-0.03,32.4659,11.4441,354.7,44.9,1491.957, NAN, NAN, NAN, NAN,,2024/04/08 09:29:48.187,2024-04-08 09:29:48.187000+00:00
2024/04/08, 09:30:48.188,36.021,-74.88, 10.88,64.28,68.84,10.57,10.3,10.3,1020.2,1020.1,0.0,0.0,0.0,0.0,340,336,7.0,7.7,74.5,74.6,3.0,3.9,356.9,358.9,1022.3,1022.2,-6.32,295.05,-0.02,32.4571,11.5324,346.5,45.0,1492.254, NAN, NAN, NAN, NAN,,2024/04/08 09:30:48.188,2024-04-08 09:30:48.188000+00:00
2024/04/08, 09:31:48.188,36.022,-74.876, 10.85,63.39,67.25,10.05,10.3,10.4,1020.1,1020.1,0.0,0.0,0.0,0.0,337,333,7.1,7.9,74.4,74.5,3.4,4.3,357.4,359.1,1022.2,1022.2,-6.42,295.31,-0.02,32.4685,11.6293,337.4,45.0,1492.604, NAN, NAN, NAN, NAN,,2024/04/08 09:31:48.188,2024-04-08 09:31:48.188000+00:00
2024/04/08, 09:32:48.188,36.023,-74.873, 10.75,63.68,68.92,10.28,10.3,10.4,1020.2,1020.1,0.0,0.0,0.0,0.0,340,332,7.5,7.7,71.7,74.3,3.5,4.3,4.5,354.5,1022.3,1022.2,-6.38,294.32,-0.02,32.4757,11.7443,331.5,45.0,1493.011, NAN, NAN, NAN, NAN,,2024/04/08 09:32:48.188,2024-04-08 09:32:48.188000+00:00
2024/04/08, 09:33:48.188,36.024,-74.87, 10.80,64.14,69.7,10.71,10.3,10.4,1020.1,1020.0,0.0,0.0,0.0,0.0,339,334,6.8,7.5,71.3,71.3,3.1,4.0,350.4,352.4,1022.2,1022.1,-6.39,294.32,-0.02,32.4666,11.8903,323.6,45.2,1493.505, NAN, NAN, NAN, NAN,,2024/04/08 09:33:48.188,2024-04-08 09:33:48.188000+00:00
2024/04/08, 09:34:48.188,36.025,-74.866, 10.79,63.47,69.78,10.38,10.4,10.4,1020.3,1020.2,0.0,0.0,0.0,0.0,338,331,7.0,8.6,72.0,71.9,3.4,5.2,353.9,358.6,1022.4,1022.3,-6.35,294.54,-0.02,32.4927,11.9938,323.3,45.0,1493.892, NAN, NAN, NAN, NAN,,2024/04/08 09:34:48.188,2024-04-08 09:34:48.188000+00:00
2024/04/08, 09:35:48.188,36.026,-74.863, 10.89,63.91,66.91,10.33,10.4,10.5,1020.3,1020.1,0.0,0.0,0.0,0.0,336,331,7.3,8.3,71.9,71.9,3.6,4.8,356.4,358.1,1022.4,1022.2,-6.42,294.32,-0.02,32.5211,12.0663,334.5,45.5,1494.175, NAN, NAN, NAN, NAN,,2024/04/08 09:35:48.188,2024-04-08 09:35:48.188000+00:00
2024/04/08, 09:36:48.188,36.027,-74.86, 10.74,64.17,67.05,10.56,10.5,10.5,1020.3,1020.1,0.0,0.0,0.0,0.0,341,331,6.9,8.3,71.7,71.5,2.9,4.8,356.8,356.8,1022.4,1022.2,-6.5,295.21,-0.02,32.5519,12.2195,322.4,45.0,1494.736, NAN, NAN, NAN, NAN,,2024/04/08 09:36:48.188,2024-04-08 09:36:48.188000+00:00
2024/04/08, 09:37:48.188,36.028,-74.856, 10.77,64.49,69.1,10.59,10.5,10.5,1020.3,1020.2,0.0,0.0,0.0,0.0,340,333,7.1,7.2,70.9,70.9,3.1,3.8,358.3,349.6,1022.4,1022.3,-6.5,294.41,-0.02,32.5757,12.3146,324.3,45.2,1495.089, NAN, NAN, NAN, NAN,,2024/04/08 09:37:48.188,2024-04-08 09:37:48.188000+00:00
2024/04/08, 09:38:48.188,36.029,-74.853, 10.70,63.77,70.11,10.69,10.5,10.5,1020.3,1020.1,0.0,0.0,0.0,0.0,340,335,7.0,7.4,71.5,71.5,3.2,3.9,354.4,352.4,1022.4,1022.2,-6.41,294.39,-0.02,32.6184,12.3513,330.7,45.3,1495.265, NAN, NAN, NAN, NAN,,2024/04/08 09:38:48.188,2024-04-08 09:38:48.188000+00:00
2024/04/08, 09:39:48.188,36.03,-74.85, 10.82,64.19,69.64,10.31,10.5,10.5,1020.3,1020.2,0.0,0.0,0.0,0.0,341,335,7.2,7.4,69.8,69.8,3.2,3.8,3.1,356.1,1022.4,1022.3,-6.47,294.24,-0.02,32.6605,12.3877,337.6,45.4,1495.439, NAN, NAN, NAN, NAN,,2024/04/08 09:39:48.188,2024-04-08 09:39:48.188000+00:00
2024/04/08, 09:40:48.188,36.031,-74.846, 10.77,64.16,69.13,10.68,10.5,10.5,1020.3,1020.3,0.0,0.0,0.0,0.0,338,333,7.3,7.7,71.0,71.0,3.4,4.2,356.3,353.5,1022.4,1022.4,-6.45,294.93,-0.03,32.6765,12.4583,344.3,45.0,1495.698, NAN, NAN, NAN, NAN,,2024/04/08 09:40:48.188,2024-04-08 09:40:48.188000+00:00
2024/04/08, 09:41:48.188,36.032,-74.843, 10.91,64.14,68.76,10.46,10.6,10.6,1020.2,1020.2,0.0,0.0,0.0,0.0,340,335,6.8,6.7,70.0,70.1,3.0,3.4,354.6,346.4,1022.3,1022.3,-6.42,294.32,-0.02,32.6903,12.5032,346.5,45.4,1495.867, NAN, NAN, NAN, NAN,,2024/04/08 09:41:48.188,2024-04-08 09:41:48.188000+00:00
2024/04/08, 09:42:48.188,36.033,-74.84, 10.59,64.04,72.07,9.96,10.6,10.6,1020.5,1020.5,0.0,0.0,0.0,0.0,337,333,6.7,6.5,69.3,69.5,3.3,3.5,353.2,345.5,1022.6,1022.6,-6.47,294.08,-0.02,32.7087,12.5597,353.6,45.2,1496.08, NAN, NAN, NAN, NAN,,2024/04/08 09:42:48.188,2024-04-08 09:42:48.188000+00:00
2024/04/08, 09:43:48.188,36.034,-74.836, 10.83,64.66,67.28,10.4,10.6,10.6,1020.3,1020.2,0.0,0.0,0.0,0.0,341,335,6.2,6.7,68.4,68.5,2.4,3.3,347.2,347.7,1022.4,1022.3,-6.58,294.44,-0.02,32.7283,12.7373,358.7,45.5,1496.703, NAN, NAN, NAN, NAN,,2024/04/08 09:43:48.188,2024-04-08 09:43:48.188000+00:00
2024/04/08, 09:44:48.188,36.035,-74.833, 10.70,63.56,69.39,10.2,10.6,10.6,1020.2,1020.1,0.0,0.0,0.0,0.0,338,335,6.6,7.5,69.5,69.5,3.1,4.0,350.3,356.7,1022.3,1022.2,-6.51,294.65,-0.02,32.7376,12.9424,359.3,45.2,1497.404, NAN, NAN, NAN, NAN,,2024/04/08 09:44:48.188,2024-04-08 09:44:48.188000+00:00
2024/04/08, 09:45:48.188,36.036,-74.83, 10.73,63.69,67.36,10.65,10.6,10.7,1020.3,1020.2,0.0,0.0,0.0,0.0,343,335,6.8,6.7,68.5,68.5,2.7,3.4,356.8,344.3,1022.4,1022.3,-6.48,294.6,-0.02,32.7743,13.0823,358.7,45.5,1497.916, NAN, NAN, NAN, NAN,,2024/04/08 09:45:48.188,2024-04-08 09:45:48.188000+00:00
2024/04/08, 09:46:48.189,36.037,-74.826, 10.91,64.01,72.68,10.58,10.7,10.7,1020.3,1020.3,0.0,0.0,0.0,0.0,341,336,6.9,7.2,69.0,69.0,3.1,3.7,355.4,352.4,1022.4,1022.4,-6.52,294.41,-0.02,32.8456,13.205,359.6,46.1,1498.409, NAN, NAN, NAN, NAN,,2024/04/08 09:46:48.189,2024-04-08 09:46:48.189000+00:00
2024/04/08, 09:47:48.189,36.039,-74.823, 10.64,63.97,68.41,10.24,10.7,10.7,1020.3,1020.2,0.0,0.0,0.0,0.0,335,332,6.4,7.3,68.4,69.0,3.2,4.1,343.9,351.1,1022.4,1022.3,-6.53,294.34,-0.01,32.8822,13.3473,356.6,45.4,1498.925, NAN, NAN, NAN, NAN,,2024/04/08 09:47:48.189,2024-04-08 09:47:48.189000+00:00
2024/04/08, 09:48:48.189,36.04,-74.819, 10.78,63.98,70.71,10.45,10.7,10.7,1020.3,1020.2,0.0,0.0,0.0,0.0,339,335,6.1,6.7,66.6,66.6,2.8,3.5,341.3,346.2,1022.4,1022.3,-6.57,293.89,-0.02,32.9433,13.5381,354.7,46.1,1499.629, NAN, NAN, NAN, NAN,,2024/04/08 09:48:48.189,2024-04-08 09:48:48.189000+00:00
2024/04/08, 09:49:48.189,36.041,-74.816, 10.77,64.27,69.25,10.49,10.7,10.7,1020.3,1020.3,0.0,0.0,0.0,0.0,341,335,6.6,7.1,67.5,67.5,2.8,3.7,352.4,351.1,1022.4,1022.4,-6.52,294.3,-0.01,32.9943,13.684,353.2,45.9,1500.169, NAN, NAN, NAN, NAN,,2024/04/08 09:49:48.189,2024-04-08 09:49:48.189000+00:00
2024/04/08, 09:50:48.189,36.042,-74.813, 10.65,64.09,71.62,10.42,10.7,10.7,1020.3,1020.2,0.0,0.0,0.0,0.0,338,333,6.9,7.0,67.9,67.8,3.4,3.9,352.6,347.6,1022.4,1022.3,-6.57,294.67,-0.01,33.043,13.7791,349.6,45.9,1500.539, NAN, NAN, NAN, NAN,,2024/04/08 09:50:48.189,2024-04-08 09:50:48.189000+00:00
2024/04/08, 09:51:48.189,36.042,-74.809, 10.55,63.88,70.17,10.41,10.8,10.8,1020.5,1020.4,0.0,0.0,0.0,0.0,337,331,6.7,7.6,67.7,67.8,3.4,4.5,348.6,351.1,1022.6,1022.5,-6.58,294.66,-0.01,33.1248,13.8558,342.8,45.4,1500.886, NAN, NAN, NAN, NAN,,2024/04/08 09:51:48.189,2024-04-08 09:51:48.189000+00:00
2024/04/08, 09:52:48.189,36.043,-74.806, 10.68,64.16,67.45,10.75,10.8,10.8,1020.5,1020.3,0.0,0.0,0.0,0.0,337,330,6.7,8.2,67.4,67.4,3.2,4.9,346.2,353.3,1022.6,1022.4,-6.47,293.75,-0.01,33.1671,13.9066,343.5,45.9,1501.102, NAN, NAN, NAN, NAN,,2024/04/08 09:52:48.189,2024-04-08 09:52:48.189000+00:00
2024/04/08, 09:53:48.189,36.044,-74.803, 10.75,64.21,69.41,10.56,10.8,10.8,1020.5,1020.4,0.0,0.0,0.0,0.0,335,330,6.4,8.1,67.3,67.0,3.3,4.9,341.2,353.5,1022.6,1022.5,-6.48,294.26,-0.01,33.2034,13.9951,337.9,45.5,1501.434, NAN, NAN, NAN, NAN,,2024/04/08 09:53:48.189,2024-04-08 09:53:48.189000+00:00
2024/04/08, 09:54:48.189,36.045,-74.799, 10.71,63.39,71.79,10.6,10.8,10.8,1020.3,1020.3,0.0,0.0,0.0,0.0,340,334,6.5,6.9,66.1,66.3,3.0,3.8,346.9,345.4,1022.4,1022.4,-6.54,294.24,-0.01,33.2393,14.1868,333.4,45.5,1502.099, NAN, NAN, NAN, NAN,,2024/04/08 09:54:48.189,2024-04-08 09:54:48.189000+00:00
2024/04/08, 09:55:48.189,36.046,-74.796, 10.68,64.38,70.55,10.48,10.8,10.8,1020.3,1020.3,0.0,0.0,0.0,0.0,339,335,6.5,6.8,67.0,67.0,3.0,3.5,348.2,347.6,1022.4,1022.4,-6.57,294.99,0.0,33.2902,14.4423,333.7,43.2,1502.984, NAN, NAN, NAN, NAN,,2024/04/08 09:55:48.189,2024-04-08 09:55:48.189000+00:00
2024/04/08, 09:56:48.189,36.047,-74.793, 10.54,64.01,70.5,10.49,10.8,10.8,1020.5,1020.5,0.0,0.0,0.0,0.0,334,330,6.4,8.3,66.5,66.5,3.5,5.2,340.6,354.8,1022.6,1022.6,-6.59,294.25,0.0,33.351,14.9092,328.1,42.6,1504.55, NAN, NAN, NAN, NAN,,2024/04/08 09:56:48.189,2024-04-08 09:56:48.189000+00:00
2024/04/08, 09:57:48.189,36.048,-74.789, 10.61,63.73,70.03,10.87,10.9,10.9,1020.3,1020.4,0.0,0.0,0.0,0.0,337,334,6.4,7.3,66.6,66.6,3.2,4.0,339.9,348.4,1022.4,1022.5,-6.62,294.58,0.01,33.4889,15.2175,324.3,43.2,1505.688, NAN, NAN, NAN, NAN,,2024/04/08 09:57:48.189,2024-04-08 09:57:48.189000+00:00
2024/04/08, 09:58:48.189,36.049,-74.786, 10.62,64.04,69.71,10.63,10.9,10.9,1020.3,1020.2,0.0,0.0,0.0,0.0,339,332,6.6,7.1,66.0,66.0,3.0,4.0,348.0,346.2,1022.4,1022.3,-6.62,294.97,0.02,33.6499,15.8381,312.6,43.2,1507.816, NAN, NAN, NAN, NAN,,2024/04/08 09:58:48.189,2024-04-08 09:58:48.189000+00:00
2024/04/08, 09:59:48.189,36.05,-74.783, 10.73,63.66,68.33,10.02,11.0,11.0,1020.3,1020.3,0.0,0.0,0.0,0.0,336,328,6.9,8.7,66.1,66.2,3.5,5.6,353.2,357.4,1022.4,1022.4,-6.61,294.66,0.03,33.7896,16.5966,307.2,43.5,1510.308, NAN, NAN, NAN, NAN,,2024/04/08 09:59:48.189,2024-04-08 09:59:48.189000+00:00
2024/04/08, 10:00:48.189,36.051,-74.78, 6.25,34.41,47.91,5.65,11.0,11.0,1020.6,1020.3,0.0,0.0,0.0,0.0,332,330,5.2,7.9,65.2,65.2,3.6,6.2,333.7,345.1,1022.7,1022.4,-6.65,295.46,0.04,33.9574,17.2022,297.1,43.2,1512.327, NAN, NAN, NAN, NAN,,2024/04/08 10:00:48.189,2024-04-08 10:00:48.189000+00:00
2024/04/08, 10:01:48.189,36.052,-74.779, 4.11,3.51,15.36,3.42,11.0,11.0,1020.5,1020.4,0.0,0.0,0.0,0.0,345,345,4.8,4.7,64.2,64.1,3.4,3.3,333.5,333.1,1022.6,1022.5,-6.65,295.29,0.05,34.2307,17.619,279.0,43.7,1513.879, NAN, NAN, NAN, NAN,,2024/04/08 10:01:48.189,2024-04-08 10:01:48.189000+00:00
2024/04/08, 10:02:48.190,36.053,-74.779, 2.72,355.76,24.71,2.39,11.1,11.1,1020.5,1020.3,0.0,0.0,0.0,0.0,351,341,4.6,4.4,66.1,64.0,3.5,3.5,338.5,325.2,1022.6,1022.4,-6.72,294.99,0.07,34.5416,17.8047,265.2,44.1,1514.78, NAN, NAN, NAN, NAN,,2024/04/08 10:02:48.190,2024-04-08 10:02:48.190000+00:00
2024/04/08, 10:03:48.190,36.053,-74.779, 2.00,342.93,331.37,1.51,11.1,11.1,1020.5,1020.6,0.0,0.0,0.0,0.0,355,0,3.8,3.9,63.2,63.4,3.0,3.2,340.6,346.7,1022.6,1022.7,-6.84,295.97,0.09,34.7198,17.884,255.8,44.2,1515.216, NAN, NAN, NAN, NAN,,2024/04/08 10:03:48.190,2024-04-08 10:03:48.190000+00:00
2024/04/08, 10:04:48.190,36.054,-74.779, 1.20,331.2,8.47,0.83,11.2,11.2,1020.5,1020.5,0.0,0.0,0.0,0.0,14,6,3.9,3.2,66.7,66.4,3.5,2.8,344.5,335.2,1022.6,1022.6,-6.89,295.18,0.12,34.8263,17.9039,253.4,44.3,1515.395, NAN, NAN, NAN, NAN,,2024/04/08 10:04:48.190,2024-04-08 10:04:48.190000+00:00
2024/04/08, 10:05:48.190,36.054,-74.78, 0.68,321.73,245.12,1.04,11.2,11.2,1020.5,1020.5,0.0,0.0,0.0,0.0,7,3,3.8,3.6,65.2,65.5,3.8,3.5,336.8,333.3,1022.6,1022.6,-7.13,294.3,0.15,34.8879,17.911,252.4,41.8,1515.486, NAN, NAN, NAN, NAN,,2024/04/08 10:05:48.190,2024-04-08 10:05:48.190000+00:00
2024/04/08, 10:06:48.190,36.054,-74.78, 0.66,336.29,87.36,0.18,11.1,11.1,1020.5,1020.5,0.0,0.0,0.0,0.0,7,354,3.3,3.0,61.5,61.5,3.2,2.9,342.9,329.5,1022.6,1022.6,-7.3,294.18,0.19,34.9393,17.9308,249.7,41.2,1515.603, NAN, NAN, NAN, NAN,,2024/04/08 10:06:48.190,2024-04-08 10:06:48.190000+00:00
2024/04/08, 10:07:48.190,36.054,-74.78, 0.40,0.07,11.39,0.49,11.1,11.1,1020.5,1020.4,0.0,0.0,0.0,0.0,356,345,2.8,3.2,67.3,67.4,2.8,3.2,350.9,340.6,1022.6,1022.5,-7.42,295.53,0.24,34.9558,17.9804,250.7,40.9,1515.766, NAN, NAN, NAN, NAN,,2024/04/08 10:07:48.190,2024-04-08 10:07:48.190000+00:00
2024/04/08, 10:08:48.190,36.054,-74.78, 0.31,0.35,93.51,0.17,11.1,11.2,1020.5,1020.6,0.0,0.0,0.0,0.0,346,336,3.0,3.9,65.6,66.3,3.1,4.0,345.2,335.6,1022.6,1022.7,-7.37,294.79,0.32,34.9139,18.0127,248.3,40.7,1515.813, NAN, NAN, NAN, NAN,,2024/04/08 10:08:48.190,2024-04-08 10:08:48.190000+00:00
2024/04/08, 10:09:48.190,36.054,-74.78, 0.36,346.54,59.71,0.42,11.2,11.2,1020.5,1020.5,0.0,0.0,0.0,0.0,346,334,2.6,3.5,67.6,68.0,2.7,3.6,328.1,317.6,1022.6,1022.6,-7.49,294.96,0.4,34.9856,18.0565,340.1,41.6,1516.022, NAN, NAN, NAN, NAN,,2024/04/08 10:09:48.190,2024-04-08 10:09:48.190000+00:00
2024/04/08, 10:10:48.190,36.054,-74.78, 0.34,341.27,55.64,0.37,11.2,11.3,1020.7,1020.5,0.0,0.0,0.0,0.0,4,0,2.8,2.9,67.9,68.1,2.7,2.9,341.5,337.6,1022.8,1022.6,-7.48,294.97,0.5,34.9927,18.0847,256.1,41.4,1516.113, NAN, NAN, NAN, NAN,,2024/04/08 10:10:48.190,2024-04-08 10:10:48.190000+00:00
2024/04/08, 10:11:48.190,36.054,-74.78, 1.14,341.33,321.38,0.88,11.2,11.3,1020.6,1020.5,0.0,0.0,0.0,0.0,14,11,3.5,3.2,65.8,65.7,3.1,2.8,359.7,356.8,1022.7,1022.6,-7.41,294.37,0.62,35.0017,18.0882,252.1,41.9,1516.133, NAN, NAN, NAN, NAN,,2024/04/08 10:11:48.190,2024-04-08 10:11:48.190000+00:00
2024/04/08, 10:12:48.190,36.054,-74.78, 1.56,342.3,296.15,1.27,11.2,11.2,1020.7,1020.6,0.0,0.0,0.0,0.0,2,355,3.8,3.3,64.3,64.2,3.3,2.7,350.8,343.7,1022.8,1022.7,-7.48,294.47,0.77,35.0052,18.1078,251.0,41.9,1516.194, NAN, NAN, NAN, NAN,,2024/04/08 10:12:48.190,2024-04-08 10:12:48.190000+00:00
2024/04/08, 10:13:48.190,36.054,-74.78, 1.37,342.77,331.37,1.01,11.1,11.2,1020.5,1020.5,0.0,0.0,0.0,0.0,4,0,3.1,3.6,63.0,62.9,2.6,3.1,347.8,343.0,1022.6,1022.6,-7.41,295.16,0.98,35.0058,18.0915,251.0,42.1,1516.147, NAN, NAN, NAN, NAN,,2024/04/08 10:13:48.190,2024-04-08 10:13:48.190000+00:00
2024/04/08, 10:14:48.190,36.055,-74.78, 1.24,343.22,4.48,0.93,11.2,11.2,1020.5,1020.5,0.0,0.0,0.0,0.0,0,356,3.1,3.0,64.6,64.4,2.7,2.6,339.4,334.6,1022.6,1022.6,-7.42,294.28,1.21,34.9955,18.1084,251.0,42.0,1516.185, NAN, NAN, NAN, NAN,,2024/04/08 10:14:48.190,2024-04-08 10:14:48.190000+00:00
2024/04/08, 10:15:48.190,36.055,-74.78, 1.10,342.61,297.53,0.79,11.2,11.2,1020.5,1020.5,0.0,0.0,0.0,0.0,355,348,2.4,2.9,65.3,64.9,2.0,2.5,342.5,333.5,1022.6,1022.6,-7.38,294.65,1.48,35.027,18.0597,251.3,42.0,1516.079, NAN, NAN, NAN, NAN,,2024/04/08 10:15:48.190,2024-04-08 10:15:48.190000+00:00
2024/04/08, 10:16:48.190,36.055,-74.78, 1.07,342.32,297.51,0.79,11.2,11.3,1020.6,1020.5,0.0,0.0,0.0,0.0,358,354,3.7,3.3,67.0,67.2,3.3,2.9,343.2,339.1,1022.7,1022.6,-7.37,294.55,1.8,35.0261,18.1037,253.1,42.2,1516.206, NAN, NAN, NAN, NAN,,2024/04/08 10:16:48.190,2024-04-08 10:16:48.190000+00:00
2024/04/08, 10:17:48.190,36.055,-74.781, 1.10,341.28,342.71,0.6,11.2,11.2,1020.5,1020.5,0.0,0.0,0.0,0.0,14,12,3.4,3.1,64.3,64.2,3.1,2.8,356.8,354.7,1022.6,1022.6,-7.3,294.28,2.25,35.0333,18.2629,250.7,42.3,1516.677, NAN, NAN, NAN, NAN,,2024/04/08 10:17:48.190,2024-04-08 10:17:48.190000+00:00
2024/04/08, 10:18:48.191,36.055,-74.781, 1.19,341.14,337.13,0.67,11.2,11.2,1020.7,1020.6,0.0,0.0,0.0,0.0,2,356,3.9,3.3,64.4,63.8,3.6,3.0,343.5,336.8,1022.8,1022.7,-7.24,293.84,2.73,35.0452,18.3537,252.4,42.3,1516.953, NAN, NAN, NAN, NAN,,2024/04/08 10:18:48.191,2024-04-08 10:18:48.191000+00:00
2024/04/08, 10:19:48.191,36.055,-74.781, 1.05,341.7,331.39,0.68,11.1,11.2,1020.6,1020.6,0.0,0.0,0.0,0.0,351,355,3.0,3.0,64.0,64.2,2.7,2.7,333.5,338.0,1022.7,1022.7,-7.09,294.52,3.29,35.0189,18.3242,252.0,42.2,1516.838, NAN, NAN, NAN, NAN,,2024/04/08 10:19:48.191,2024-04-08 10:19:48.191000+00:00
2024/04/08, 10:20:48.191,36.056,-74.781, 0.94,342.5,328.61,0.44,11.1,11.2,1020.7,1020.6,0.0,0.0,0.0,0.0,355,356,2.9,3.0,64.1,63.7,2.7,2.8,338.3,339.4,1022.8,1022.7,-6.9,294.71,3.91,35.0251,18.278,252.8,42.2,1516.711, NAN, NAN, NAN, NAN,,2024/04/08 10:20:48.191,2024-04-08 10:20:48.191000+00:00
2024/04/08, 10:21:48.191,36.056,-74.781, 0.85,342.55,292.61,0.57,11.2,11.2,1020.5,1020.6,0.0,0.0,0.0,0.0,355,355,3.4,3.2,64.9,64.7,3.2,3.0,340.3,340.5,1022.6,1022.7,-6.75,294.0,4.66,35.0966,18.1801,246.0,42.4,1516.508, NAN, NAN, NAN, NAN,,2024/04/08 10:21:48.191,2024-04-08 10:21:48.191000+00:00
2024/04/08, 10:22:48.191,36.056,-74.781, 0.92,342.9,9.68,0.72,11.2,11.2,1020.7,1020.6,0.0,0.0,0.0,0.0,2,356,3.2,3.2,64.4,64.2,2.9,2.9,349.2,342.6,1022.8,1022.7,-6.5,294.86,5.7,35.1065,18.081,248.6,42.4,1516.231, NAN, NAN, NAN, NAN,,2024/04/08 10:22:48.191,2024-04-08 10:22:48.191000+00:00
2024/04/08, 10:23:48.191,36.056,-74.782, 0.88,342.15,22.03,0.6,11.2,11.2,1020.7,1020.6,0.0,0.0,0.0,0.0,359,358,3.1,2.7,65.1,65.3,2.8,2.4,339.0,337.5,1022.8,1022.7,-6.43,294.5,6.75,35.0898,18.0132,246.0,42.3,1516.014, NAN, NAN, NAN, NAN,,2024/04/08 10:23:48.191,2024-04-08 10:23:48.191000+00:00
2024/04/08, 10:24:48.191,36.056,-74.782, 0.88,341.19,299.59,0.82,11.2,11.3,1020.8,1020.7,0.0,0.0,0.0,0.0,348,353,3.0,3.3,64.2,64.2,2.7,3.0,334.9,339.8,1022.9,1022.8,-6.26,294.92,7.92,35.0774,17.961,248.6,42.5,1515.848, NAN, NAN, NAN, NAN,,2024/04/08 10:24:48.191,2024-04-08 10:24:48.191000+00:00
2024/04/08, 10:25:48.191,36.056,-74.782, 0.97,340.96,3.61,0.66,11.2,11.3,1020.7,1020.6,0.0,0.0,0.0,0.0,350,345,2.9,2.8,64.2,64.1,2.6,2.5,327.1,321.4,1022.8,1022.7,-6.02,294.48,9.21,35.0526,17.911,246.0,42.5,1515.673, NAN, NAN, NAN, NAN,,2024/04/08 10:25:48.191,2024-04-08 10:25:48.191000+00:00
2024/04/08, 10:26:48.191,36.056,-74.782, 1.12,340.74,293.1,0.99,11.2,11.3,1020.7,1020.7,0.0,0.0,0.0,0.0,356,347,3.4,2.9,64.7,65.1,3.0,2.4,342.1,332.7,1022.8,1022.8,-5.52,294.05,10.75,35.0323,17.9571,247.3,42.6,1515.785, NAN, NAN, NAN, NAN,,2024/04/08 10:26:48.191,2024-04-08 10:26:48.191000+00:00
2024/04/08, 10:27:48.191,36.056,-74.782, 1.12,341.26,18.45,0.7,11.2,11.3,1020.8,1020.7,0.0,0.0,0.0,0.0,346,346,3.0,3.2,63.3,63.4,2.7,2.9,325.5,325.6,1022.9,1022.8,-5.36,293.54,12.73,34.9913,17.9617,247.0,42.6,1515.752, NAN, NAN, NAN, NAN,,2024/04/08 10:27:48.191,2024-04-08 10:27:48.191000+00:00
2024/04/08, 10:28:48.191,36.057,-74.782, 1.14,331.1,302.23,1.04,11.2,11.2,1020.7,1020.7,0.0,0.0,0.0,0.0,0,1,1.9,2.5,63.0,63.2,1.4,2.0,339.1,338.0,1022.8,1022.8,-5.11,294.6,14.62,34.9719,17.7625,247.0,42.1,1515.146, NAN, NAN, NAN, NAN,,2024/04/08 10:28:48.191,2024-04-08 10:28:48.191000+00:00
2024/04/08, 10:29:48.191,36.057,-74.783, 1.17,330.4,274.5,1.3,11.2,11.3,1020.7,1020.7,0.0,0.0,0.0,0.0,11,9,2.1,3.1,64.0,64.0,1.9,2.8,359.5,351.0,1022.8,1022.8,-4.61,294.14,16.6,34.9358,17.7295,248.8,41.7,1515.008, NAN, NAN, NAN, NAN,,2024/04/08 10:29:48.191,2024-04-08 10:29:48.191000+00:00
2024/04/08, 10:30:48.191,36.057,-74.783, 1.14,338.87,323.02,0.84,11.3,11.3,1020.7,1020.7,0.0,0.0,0.0,0.0,12,8,3.0,3.2,63.3,64.1,2.6,2.8,353.7,348.9,1022.8,1022.8,-4.27,294.44,18.91,34.9648,17.7105,246.4,42.1,1514.985, NAN, NAN, NAN, NAN,,2024/04/08 10:30:48.191,2024-04-08 10:30:48.191000+00:00
2024/04/08, 10:31:48.191,36.057,-74.783, 0.55,45.07,137.31,0.69,11.3,11.3,1020.7,1020.7,0.0,0.0,0.0,0.0,311,314,1.8,3.8,63.9,64.1,1.9,3.8,345.3,353.8,1022.8,1022.8,-4.07,293.36,21.78,34.93,17.6214,249.1,41.3,1514.683, NAN, NAN, NAN, NAN,,2024/04/08 10:31:48.191,2024-04-08 10:31:48.191000+00:00
2024/04/08, 10:32:48.191,36.057,-74.783, 0.63,107.66,181.59,1.26,11.2,11.3,1020.8,1020.7,0.0,0.0,0.0,0.0,220,260,2.0,1.7,61.2,61.1,2.6,2.3,330.3,359.7,1022.9,1022.8,-3.71,293.73,25.32,34.9186,17.6269,248.0,41.1,1514.686, NAN, NAN, NAN, NAN,,2024/04/08 10:32:48.191,2024-04-08 10:32:48.191000+00:00
2024/04/08, 10:33:48.191,36.056,-74.782, 1.45,128.44,159.31,3.43,11.2,11.3,1020.7,1020.6,0.0,0.0,0.0,0.0,205,272,1.8,1.9,63.4,63.3,3.6,3.0,331.4,6.4,1022.8,1022.7,-3.24,294.13,28.11,34.9625,17.6851,248.8,41.3,1514.908, NAN, NAN, NAN, NAN,,2024/04/08 10:33:48.191,2024-04-08 10:33:48.191000+00:00
2024/04/08, 10:34:48.192,36.056,-74.781, 2.83,130.47,137.58,4.68,11.2,11.3,1020.8,1020.8,0.0,0.0,0.0,0.0,223,308,1.3,2.2,63.8,63.8,3.5,2.2,328.6,12.3,1022.9,1022.9,-3.09,293.4,31.28,34.9387,17.8076,249.7,41.4,1515.241, NAN, NAN, NAN, NAN,,2024/04/08 10:34:48.192,2024-04-08 10:34:48.192000+00:00
2024/04/08, 10:35:48.192,36.054,-74.78, 2.87,130.03,131.41,6.35,11.2,11.3,1020.8,1020.7,0.0,0.0,0.0,0.0,294,314,1.1,3.3,63.1,63.0,3.0,2.7,332.5,19.1,1022.9,1022.8,-2.39,293.66,35.69,34.899,18.0948,251.6,41.5,1516.036, NAN, NAN, NAN, NAN,,2024/04/08 10:35:48.192,2024-04-08 10:35:48.192000+00:00
2024/04/08, 10:36:48.192,36.053,-74.778, 2.83,130.46,134.34,6.31,11.2,11.2,1020.8,1020.7,0.0,0.0,0.0,0.0,321,323,1.4,3.5,62.6,62.6,2.4,2.3,336.0,29.3,1022.9,1022.8,-1.57,294.06,42.06,34.8684,18.1473,250.4,41.7,1516.154, NAN, NAN, NAN, NAN,,2024/04/08 10:36:48.192,2024-04-08 10:36:48.192000+00:00
2024/04/08, 10:37:48.192,36.052,-74.777, 4.38,124.5,128.64,3.83,11.2,11.3,1020.7,1020.7,0.0,0.0,0.0,0.0,240,313,0.8,2.4,62.5,62.4,2.6,2.1,328.1,26.2,1022.8,1022.8,-0.91,293.55,47.1,34.8997,18.0655,249.4,41.8,1515.951, NAN, NAN, NAN, NAN,,2024/04/08 10:37:48.192,2024-04-08 10:37:48.192000+00:00
2024/04/08, 10:38:48.192,36.052,-74.777, 1.62,87.0,143.74,1.6,11.2,11.3,1020.8,1020.7,0.0,0.0,0.0,0.0,227,298,1.9,1.9,62.6,62.6,2.7,2.3,314.8,5.8,1022.9,1022.8,-0.61,294.32,49.77,34.99,18.0058,249.7,41.9,1515.879, NAN, NAN, NAN, NAN,,2024/04/08 10:38:48.192,2024-04-08 10:38:48.192000+00:00
2024/04/08, 10:39:48.192,36.051,-74.776, -0.48,50.52,199.77,1.27,11.3,11.3,1020.8,1020.8,0.0,0.0,0.0,0.0,253,280,3.1,3.6,64.0,63.9,3.4,4.1,314.2,337.0,1022.9,1022.9,0.3,295.12,56.46,34.9859,18.0065,254.7,41.9,1515.877, NAN, NAN, NAN, NAN,,2024/04/08 10:39:48.192,2024-04-08 10:39:48.192000+00:00
2024/04/08, 10:40:48.192,36.051,-74.777, -0.85,21.45,169.9,1.11,11.4,11.3,1020.9,1020.8,0.0,0.0,0.0,0.0,280,307,2.7,4.7,64.9,64.9,3.0,5.2,311.5,332.4,1023.0,1022.9,2.27,295.39,71.88,34.9712,18.0143,257.4,42.1,1515.883, NAN, NAN, NAN, NAN,,2024/04/08 10:40:48.192,2024-04-08 10:40:48.192000+00:00
2024/04/08, 10:41:48.192,36.051,-74.777, 0.45,2.59,240.47,0.32,11.4,11.4,1020.9,1020.8,0.0,0.0,0.0,0.0,327,325,3.0,5.6,65.1,65.3,3.1,5.7,331.2,328.5,1023.0,1022.9,4.52,294.81,84.08,34.9585,17.9999,259.2,42.1,1515.826, NAN, NAN, NAN, NAN,,2024/04/08 10:41:48.192,2024-04-08 10:41:48.192000+00:00
2024/04/08, 10:42:48.192,36.051,-74.777, 0.39,352.97,77.89,0.61,11.4,11.4,1020.7,1020.6,0.0,0.0,0.0,0.0,335,330,2.8,4.4,64.5,64.8,3.0,4.6,323.1,320.0,1022.8,1022.7,5.7,294.4,97.39,34.9418,17.9739,262.8,42.0,1515.731, NAN, NAN, NAN, NAN,,2024/04/08 10:42:48.192,2024-04-08 10:42:48.192000+00:00
2024/04/08, 10:43:48.192,36.051,-74.777, 0.23,339.72,279.99,0.15,11.3,11.4,1020.9,1020.8,0.0,0.0,0.0,0.0,358,354,2.8,2.9,60.7,64.4,2.8,2.9,339.2,335.1,1023.0,1022.9,7.71,295.12,110.29,34.9318,17.9482,260.8,41.9,1515.645, NAN, NAN, NAN, NAN,,2024/04/08 10:43:48.192,2024-04-08 10:43:48.192000+00:00
2024/04/08, 10:44:48.192,36.051,-74.776, 0.17,333.03,276.76,0.13,11.4,11.4,1020.9,1020.9,0.0,0.0,0.0,0.0,14,7,3.0,2.8,62.3,62.3,3.0,2.8,345.8,338.8,1023.0,1023.0,8.49,294.51,120.29,34.9273,17.9514,263.8,41.9,1515.649, NAN, NAN, NAN, NAN,,2024/04/08 10:44:48.192,2024-04-08 10:44:48.192000+00:00
2024/04/08, 10:45:48.192,36.051,-74.776, 0.22,334.1,234.3,0.26,11.4,11.4,1020.8,1020.8,0.0,0.0,0.0,0.0,7,0,2.9,2.7,61.9,61.5,3.0,2.8,343.3,336.6,1022.9,1022.9,11.34,295.04,139.52,34.923,17.9595,264.4,42.0,1515.668, NAN, NAN, NAN, NAN,,2024/04/08 10:45:48.192,2024-04-08 10:45:48.192000+00:00
2024/04/08, 10:46:48.192,36.051,-74.776, 0.22,334.93,228.96,0.25,11.4,11.4,1020.9,1020.8,0.0,0.0,0.0,0.0,357,349,2.5,2.4,62.8,62.7,2.6,2.5,329.9,322.1,1023.0,1022.9,13.39,295.1,154.79,34.9207,17.9998,262.5,42.2,1515.783, NAN, NAN, NAN, NAN,,2024/04/08 10:46:48.192,2024-04-08 10:46:48.192000+00:00
2024/04/08, 10:47:48.192,36.051,-74.776, 0.22,334.6,71.45,0.37,11.4,11.4,1020.8,1020.8,0.0,0.0,0.0,0.0,357,347,2.0,2.0,63.7,64.0,2.0,2.1,326.2,316.4,1022.9,1022.9,15.67,295.06,171.01,34.9227,18.0278,259.5,42.3,1515.867, NAN, NAN, NAN, NAN,,2024/04/08 10:47:48.192,2024-04-08 10:47:48.192000+00:00
2024/04/08, 10:48:48.192,36.051,-74.776, 0.25,335.19,223.57,0.35,11.4,11.5,1020.9,1020.9,0.0,0.0,0.0,0.0,347,344,2.7,3.2,65.5,65.6,2.8,3.3,318.6,316.2,1023.0,1023.0,18.21,295.79,191.57,34.9118,18.0446,261.9,42.0,1515.904, NAN, NAN, NAN, NAN,,2024/04/08 10:48:48.192,2024-04-08 10:48:48.192000+00:00
2024/04/08, 10:49:48.193,36.051,-74.776, 0.22,334.5,74.67,0.25,11.4,11.5,1021.0,1020.9,0.0,0.0,0.0,0.0,357,353,2.8,2.8,63.9,64.1,2.8,2.8,328.9,324.9,1023.1,1023.0,19.49,295.32,219.92,34.9024,18.0625,261.9,42.2,1515.945, NAN, NAN, NAN, NAN,,2024/04/08 10:49:48.193,2024-04-08 10:49:48.193000+00:00
2024/04/08, 10:50:48.193,36.051,-74.776, 0.24,334.03,60.86,0.28,11.5,11.5,1021.0,1020.9,0.0,0.0,0.0,0.0,357,342,2.6,2.6,63.8,63.8,2.7,2.7,328.1,313.5,1023.1,1023.0,21.92,294.57,242.63,34.9046,18.0919,261.4,42.3,1516.033, NAN, NAN, NAN, NAN,,2024/04/08 10:50:48.193,2024-04-08 10:50:48.193000+00:00
2024/04/08, 10:51:48.193,36.051,-74.776, 0.21,334.68,53.02,0.33,11.5,11.5,1021.1,1021.1,0.0,0.0,0.0,0.0,336,332,2.2,3.2,61.8,61.2,2.3,3.3,306.6,304.0,1023.2,1023.2,24.69,294.92,275.4,34.9097,18.1053,261.7,42.0,1516.078, NAN, NAN, NAN, NAN,,2024/04/08 10:51:48.193,2024-04-08 10:51:48.193000+00:00
2024/04/08, 10:52:48.193,36.051,-74.776, 0.19,333.63,87.26,0.42,11.5,11.5,1021.0,1021.0,0.0,0.0,0.0,0.0,340,328,2.0,3.6,61.9,61.9,2.1,3.8,308.7,299.3,1023.1,1023.1,27.04,295.08,288.14,34.967,18.1066,258.5,41.7,1516.147, NAN, NAN, NAN, NAN,,2024/04/08 10:52:48.193,2024-04-08 10:52:48.193000+00:00
2024/04/08, 10:53:48.193,36.051,-74.776, 0.21,334.7,70.49,0.08,11.5,11.5,1021.0,1021.1,0.0,0.0,0.0,0.0,0,357,2.7,2.7,62.9,63.2,2.7,2.7,333.9,330.9,1023.1,1023.2,28.04,295.54,326.84,34.9755,18.118,256.8,41.4,1516.19, NAN, NAN, NAN, NAN,,2024/04/08 10:53:48.193,2024-04-08 10:53:48.193000+00:00
2024/04/08, 10:54:48.193,36.051,-74.776, 0.25,334.43,25.71,0.21,11.5,11.5,1021.1,1020.9,0.0,0.0,0.0,0.0,7,353,2.9,2.6,62.1,62.0,2.9,2.6,339.3,325.1,1023.2,1023.0,31.56,295.44,350.63,34.9738,18.1405,258.8,41.3,1516.254, NAN, NAN, NAN, NAN,,2024/04/08 10:54:48.193,2024-04-08 10:54:48.193000+00:00
2024/04/08, 10:55:48.193,36.051,-74.776, 0.17,334.29,118.19,0.19,11.5,11.5,1021.1,1021.1,0.0,0.0,0.0,0.0,357,347,2.0,1.9,63.0,63.0,2.1,2.0,329.6,319.9,1023.2,1023.2,33.72,295.7,373.06,34.9724,18.1677,259.5,41.0,1516.331, NAN, NAN, NAN, NAN,,2024/04/08 10:55:48.193,2024-04-08 10:55:48.193000+00:00
2024/04/08, 10:56:48.193,36.051,-74.776, 0.25,335.45,245.96,0.25,11.5,11.6,1021.1,1021.1,0.0,0.0,0.0,0.0,2,3,2.8,2.7,63.8,63.8,2.8,2.7,340.1,341.2,1023.2,1023.2,34.51,295.2,397.45,34.9767,18.1779,258.4,41.1,1516.366, NAN, NAN, NAN, NAN,,2024/04/08 10:56:48.193,2024-04-08 10:56:48.193000+00:00
2024/04/08, 10:57:48.193,36.051,-74.776, 0.17,334.48,63.57,0.33,11.5,11.5,1021.1,1021.1,0.0,0.0,0.0,0.0,5,0,3.5,3.1,59.4,59.6,3.5,3.1,336.7,331.3,1023.2,1023.2,37.66,294.67,428.87,34.9859,18.1566,258.0,40.9,1516.314, NAN, NAN, NAN, NAN,,2024/04/08 10:57:48.193,2024-04-08 10:57:48.193000+00:00
2024/04/08, 10:58:48.193,36.051,-74.776, 0.22,334.64,70.01,0.56,11.4,11.5,1021.3,1021.2,0.0,0.0,0.0,0.0,347,335,2.5,3.7,59.6,59.4,2.6,3.8,315.5,305.9,1023.4,1023.3,40.86,294.51,448.58,34.9993,18.1653,255.0,40.9,1516.355, NAN, NAN, NAN, NAN,,2024/04/08 10:58:48.193,2024-04-08 10:58:48.193000+00:00
2024/04/08, 10:59:48.193,36.051,-74.776, 0.24,335.45,258.85,0.63,11.5,11.5,1021.3,1021.1,0.0,0.0,0.0,0.0,340,334,2.4,3.4,61.4,61.3,2.2,3.2,322.4,313.9,1023.4,1023.2,43.31,294.83,480.34,35.0064,18.168,257.1,41.1,1516.371, NAN, NAN, NAN, NAN,,2024/04/08 10:59:48.193,2024-04-08 10:59:48.193000+00:00
2024/04/08, 11:00:48.193,36.051,-74.776, 0.20,334.85,294.96,0.11,11.5,11.5,1021.2,1021.2,0.0,0.0,0.0,0.0,354,350,3.2,2.9,62.0,62.3,3.2,2.9,327.8,323.8,1023.3,1023.3,45.28,294.68,506.1,35.0065,18.1802,257.4,41.0,1516.406, NAN, NAN, NAN, NAN,,2024/04/08 11:00:48.193,2024-04-08 11:00:48.193000+00:00
2024/04/08, 11:01:48.193,36.051,-74.776, 0.22,334.95,58.08,0.31,11.5,11.5,1021.2,1021.2,0.0,0.0,0.0,0.0,359,344,2.4,2.0,61.4,62.3,2.4,2.0,330.1,314.5,1023.3,1023.3,49.27,294.73,542.43,35.0005,18.2133,258.5,40.9,1516.495, NAN, NAN, NAN, NAN,,2024/04/08 11:01:48.193,2024-04-08 11:01:48.193000+00:00
2024/04/08, 11:02:48.193,36.051,-74.776, 0.24,334.21,232.7,0.44,11.5,11.5,1021.3,1021.3,0.0,0.0,0.0,0.0,348,347,3.0,3.0,61.5,61.3,3.1,3.1,326.4,325.4,1023.4,1023.4,50.23,294.62,576.79,34.9977,18.2354,258.0,41.0,1516.556, NAN, NAN, NAN, NAN,,2024/04/08 11:02:48.193,2024-04-08 11:02:48.193000+00:00
2024/04/08, 11:03:48.193,36.051,-74.776, 0.22,335.2,65.04,0.79,11.5,11.5,1021.4,1021.4,0.0,0.0,0.0,0.0,353,345,2.6,3.2,60.7,60.7,2.6,3.2,319.2,313.0,1023.5,1023.5,53.13,294.77,575.56,34.9963,18.2161,258.0,40.8,1516.499, NAN, NAN, NAN, NAN,,2024/04/08 11:03:48.193,2024-04-08 11:03:48.193000+00:00
2024/04/08, 11:04:48.194,36.051,-74.776, 0.28,334.94,223.02,0.16,11.5,11.5,1021.4,1021.4,0.0,0.0,0.0,0.0,350,351,2.6,2.3,61.8,61.9,2.6,2.3,326.6,327.8,1023.5,1023.5,55.7,295.18,613.13,34.989,18.1892,259.2,41.0,1516.412, NAN, NAN, NAN, NAN,,2024/04/08 11:04:48.194,2024-04-08 11:04:48.194000+00:00
2024/04/08, 11:05:48.194,36.051,-74.776, 0.25,334.79,251.18,0.03,11.5,11.5,1021.4,1021.3,0.0,0.0,0.0,0.0,348,338,1.9,3.1,64.0,63.9,1.9,3.1,323.1,313.0,1023.5,1023.4,57.69,295.45,637.01,34.9924,18.2089,259.5,40.9,1516.474, NAN, NAN, NAN, NAN,,2024/04/08 11:05:48.194,2024-04-08 11:05:48.194000+00:00
2024/04/08, 11:06:48.194,36.051,-74.776, 0.24,334.41,215.23,0.21,11.6,11.6,1021.4,1021.4,0.0,0.0,0.0,0.0,358,347,3.4,3.2,64.5,64.0,3.4,3.2,334.2,323.3,1023.5,1023.5,61.63,295.1,676.35,35.0141,18.2379,256.1,41.1,1516.582, NAN, NAN, NAN, NAN,,2024/04/08 11:06:48.194,2024-04-08 11:06:48.194000+00:00
2024/04/08, 11:07:48.194,36.051,-74.776, 0.24,334.42,188.7,0.27,11.6,11.6,1021.3,1021.3,0.0,0.0,0.0,0.0,356,344,3.1,3.3,61.9,63.9,3.1,3.3,333.0,320.8,1023.4,1023.4,63.41,295.18,703.43,35.0224,18.2669,258.0,41.0,1516.676, NAN, NAN, NAN, NAN,,2024/04/08 11:07:48.194,2024-04-08 11:07:48.194000+00:00
2024/04/08, 11:08:48.194,36.051,-74.776, 0.21,336.09,243.48,0.89,11.5,11.6,1021.3,1021.3,0.0,0.0,0.0,0.0,352,348,2.5,2.6,60.8,62.0,2.5,2.6,338.6,334.2,1023.4,1023.4,65.54,294.94,690.28,35.0043,18.2895,259.2,41.0,1516.721, NAN, NAN, NAN, NAN,,2024/04/08 11:08:48.194,2024-04-08 11:08:48.194000+00:00
2024/04/08, 11:09:48.194,36.051,-74.776, 0.27,334.63,44.95,0.11,11.5,11.6,1021.4,1021.4,0.0,0.0,0.0,0.0,346,332,3.5,4.5,61.4,61.3,3.4,4.4,321.0,306.8,1023.5,1023.5,68.45,294.98,751.37,35.0212,18.2897,256.8,40.9,1516.741, NAN, NAN, NAN, NAN,,2024/04/08 11:09:48.194,2024-04-08 11:09:48.194000+00:00
2024/04/08, 11:10:48.194,36.051,-74.776, 0.19,335.08,290.56,0.33,11.5,11.5,1021.3,1021.2,0.0,0.0,0.0,0.0,330,329,2.9,4.6,58.4,58.3,3.0,4.7,302.6,302.5,1023.4,1023.3,72.21,293.93,756.81,35.0179,18.2749,258.5,41.0,1516.694, NAN, NAN, NAN, NAN,,2024/04/08 11:10:48.194,2024-04-08 11:10:48.194000+00:00
2024/04/08, 11:11:48.194,36.051,-74.776, 0.29,335.04,233.64,0.22,11.5,11.5,1021.5,1021.4,0.0,0.0,0.0,0.0,337,335,2.3,3.3,59.8,59.7,2.4,3.4,309.6,308.4,1023.6,1023.5,76.57,293.97,804.07,35.0059,18.3015,260.4,41.1,1516.757, NAN, NAN, NAN, NAN,,2024/04/08 11:11:48.194,2024-04-08 11:11:48.194000+00:00
2024/04/08, 11:12:48.194,36.051,-74.776, 0.23,335.02,39.28,0.16,11.5,11.5,1021.6,1021.5,0.0,0.0,0.0,0.0,342,331,2.1,3.7,62.9,63.0,2.1,3.7,314.8,304.7,1023.7,1023.6,79.34,294.48,811.34,35.001,18.3121,258.8,40.9,1516.783, NAN, NAN, NAN, NAN,,2024/04/08 11:12:48.194,2024-04-08 11:12:48.194000+00:00
2024/04/08, 11:13:48.194,36.051,-74.776, 0.26,334.83,67.14,0.19,11.5,11.6,1021.4,1021.4,0.0,0.0,0.0,0.0,352,352,2.5,2.6,63.2,63.5,2.5,2.6,329.1,329.0,1023.5,1023.5,80.05,295.32,847.67,35.0119,18.3504,257.7,41.0,1516.906, NAN, NAN, NAN, NAN,,2024/04/08 11:13:48.194,2024-04-08 11:13:48.194000+00:00
2024/04/08, 11:14:48.194,36.051,-74.776, 0.25,335.01,269.16,0.23,11.6,11.6,1021.5,1021.5,0.0,0.0,0.0,0.0,2,354,2.8,2.6,62.4,62.3,2.8,2.6,339.4,331.5,1023.6,1023.6,85.09,294.55,873.31,35.0498,18.3878,256.4,41.1,1517.057, NAN, NAN, NAN, NAN,,2024/04/08 11:14:48.194,2024-04-08 11:14:48.194000+00:00
2024/04/08, 11:15:48.194,36.051,-74.776, 0.27,334.79,62.19,0.63,11.6,11.6,1021.4,1021.4,0.0,0.0,0.0,0.0,352,352,2.4,2.4,63.7,63.9,2.4,2.4,319.1,319.1,1023.5,1023.5,86.81,295.06,887.86,35.0588,18.4216,259.5,41.3,1517.165, NAN, NAN, NAN, NAN,,2024/04/08 11:15:48.194,2024-04-08 11:15:48.194000+00:00
2024/04/08, 11:16:48.194,36.051,-74.776, 0.28,335.33,24.58,0.27,11.6,11.7,1021.4,1021.5,0.0,0.0,0.0,0.0,344,342,1.9,2.6,64.3,65.0,1.9,2.6,315.2,314.3,1023.5,1023.6,88.96,295.48,917.41,35.0447,18.4781,258.5,41.2,1517.312, NAN, NAN, NAN, NAN,,2024/04/08 11:16:48.194,2024-04-08 11:16:48.194000+00:00
2024/04/08, 11:17:48.194,36.051,-74.776, 0.26,334.44,235.68,0.52,11.6,11.7,1021.6,1021.6,0.0,0.0,0.0,0.0,3,355,3.3,2.9,63.9,64.0,3.4,2.9,341.8,334.6,1023.7,1023.7,93.45,294.61,934.38,35.003,18.4767,261.4,41.2,1517.26, NAN, NAN, NAN, NAN,,2024/04/08 11:17:48.194,2024-04-08 11:17:48.194000+00:00
2024/04/08, 11:18:48.194,36.051,-74.776, 0.25,335.23,246.48,0.54,11.6,11.7,1021.5,1021.4,0.0,0.0,0.0,0.0,16,2,2.8,3.1,62.8,62.8,2.9,3.1,356.6,342.3,1023.6,1023.5,95.95,295.2,953.54,35.0264,18.4611,258.0,41.2,1517.242, NAN, NAN, NAN, NAN,,2024/04/08 11:18:48.194,2024-04-08 11:18:48.194000+00:00
2024/04/08, 11:19:48.194,36.051,-74.776, 0.24,334.58,72.46,0.79,11.6,11.7,1021.6,1021.6,0.0,0.0,0.0,0.0,347,344,2.8,3.5,64.3,64.2,2.9,3.6,313.8,312.4,1023.7,1023.7,99.69,295.15,976.44,35.0531,18.4492,259.5,41.2,1517.238, NAN, NAN, NAN, NAN,,2024/04/08 11:19:48.194,2024-04-08 11:19:48.194000+00:00
2024/04/08, 11:20:48.195,36.051,-74.776, 0.23,334.84,261.85,0.05,11.6,11.7,1021.4,1021.5,0.0,0.0,0.0,0.0,3,5,2.5,2.6,62.3,62.5,2.5,2.6,337.3,339.3,1023.5,1023.6,103.06,295.21,1001.09,35.073,18.4422,258.8,41.4,1517.24, NAN, NAN, NAN, NAN,,2024/04/08 11:20:48.195,2024-04-08 11:20:48.195000+00:00
2024/04/08, 11:21:48.195,36.051,-74.776, 0.21,334.65,77.52,0.46,11.6,11.7,1021.5,1021.5,0.0,0.0,0.0,0.0,14,4,3.5,3.1,62.1,62.1,3.5,3.1,344.8,334.3,1023.6,1023.6,104.76,294.45,1015.78,35.1025,18.4432,254.7,41.2,1517.277, NAN, NAN, NAN, NAN,,2024/04/08 11:21:48.195,2024-04-08 11:21:48.195000+00:00
2024/04/08, 11:22:48.195,36.051,-74.776, 0.28,335.57,160.9,0.1,11.6,11.7,1021.5,1021.5,0.0,0.0,0.0,0.0,14,2,2.9,2.7,61.5,61.6,2.9,2.7,348.6,336.5,1023.6,1023.6,109.16,294.36,1032.26,35.1091,18.4384,256.1,41.2,1517.27, NAN, NAN, NAN, NAN,,2024/04/08 11:22:48.195,2024-04-08 11:22:48.195000+00:00
2024/04/08, 11:23:48.195,36.051,-74.776, 0.29,334.1,336.99,0.28,11.6,11.7,1021.6,1021.5,0.0,0.0,0.0,0.0,2,355,2.4,2.5,60.3,60.1,2.4,2.5,339.5,332.3,1023.7,1023.6,108.83,294.75,1049.88,35.0868,18.4066,257.1,41.2,1517.153, NAN, NAN, NAN, NAN,,2024/04/08 11:23:48.195,2024-04-08 11:23:48.195000+00:00
2024/04/08, 11:24:48.195,36.051,-74.776, 0.25,334.38,250.31,0.41,11.6,11.6,1021.6,1021.6,0.0,0.0,0.0,0.0,5,358,2.0,2.5,62.6,61.9,2.1,2.5,345.0,337.1,1023.7,1023.7,113.74,294.85,1072.42,35.0622,18.4088,258.0,41.2,1517.132, NAN, NAN, NAN, NAN,,2024/04/08 11:24:48.195,2024-04-08 11:24:48.195000+00:00
2024/04/08, 11:25:48.195,36.051,-74.776, 0.28,334.29,306.1,0.19,11.7,11.7,1021.6,1021.6,0.0,0.0,0.0,0.0,359,359,2.0,2.0,64.0,63.8,2.0,2.0,335.9,335.9,1023.7,1023.7,118.02,295.39,1091.86,35.0751,18.4698,260.1,41.2,1517.322, NAN, NAN, NAN, NAN,,2024/04/08 11:25:48.195,2024-04-08 11:25:48.195000+00:00
2024/04/08, 11:26:48.195,36.051,-74.776, 0.24,335.31,36.99,0.19,11.7,11.7,1021.7,1021.6,0.0,0.0,0.0,0.0,11,4,2.4,2.2,64.0,64.3,2.4,2.2,344.0,336.8,1023.8,1023.7,122.51,295.15,1109.6,35.0802,18.5293,257.7,41.4,1517.499, NAN, NAN, NAN, NAN,,2024/04/08 11:26:48.195,2024-04-08 11:26:48.195000+00:00
2024/04/08, 11:27:48.195,36.051,-74.776, 0.20,335.06,125.89,0.01,11.7,11.8,1021.8,1021.6,0.0,0.0,0.0,0.0,16,7,2.3,3.0,65.2,65.2,2.3,3.0,351.1,342.1,1023.9,1023.7,124.75,295.39,1121.95,35.113,18.5249,257.4,41.3,1517.524, NAN, NAN, NAN, NAN,,2024/04/08 11:27:48.195,2024-04-08 11:27:48.195000+00:00
2024/04/08, 11:28:48.195,36.051,-74.776, 0.25,334.52,64.53,0.72,11.7,11.8,1021.5,1021.6,0.0,0.0,0.0,0.0,18,7,2.4,2.5,65.2,62.6,2.3,2.5,343.7,333.0,1023.6,1023.7,127.86,295.39,1142.68,35.1138,18.529,256.4,41.5,1517.537, NAN, NAN, NAN, NAN,,2024/04/08 11:28:48.195,2024-04-08 11:28:48.195000+00:00
2024/04/08, 11:29:48.195,36.051,-74.776, 0.25,334.85,280.4,0.2,11.7,11.8,1021.8,1021.6,0.0,0.0,0.0,0.0,349,353,2.5,2.8,63.4,63.4,2.4,2.7,325.2,329.1,1023.9,1023.7,130.77,295.56,1156.94,35.1153,18.555,258.4,41.5,1517.613, NAN, NAN, NAN, NAN,,2024/04/08 11:29:48.195,2024-04-08 11:29:48.195000+00:00
2024/04/08, 11:30:48.195,36.051,-74.776, 0.23,334.98,81.29,0.15,11.7,11.8,1021.8,1021.6,0.0,0.0,0.0,0.0,6,3,3.0,3.1,64.1,64.0,3.0,3.1,339.7,336.8,1023.9,1023.7,133.51,294.85,1171.91,35.1229,18.538,256.4,41.5,1517.573, NAN, NAN, NAN, NAN,,2024/04/08 11:30:48.195,2024-04-08 11:30:48.195000+00:00
2024/04/08, 11:31:48.195,36.051,-74.776, 0.27,335.05,233.3,0.42,11.7,11.8,1021.6,1021.5,0.0,0.0,0.0,0.0,5,352,3.1,2.7,62.9,62.7,3.1,2.7,344.0,331.6,1023.7,1023.6,137.44,294.2,1189.45,35.134,18.5365,257.4,41.3,1517.581, NAN, NAN, NAN, NAN,,2024/04/08 11:31:48.195,2024-04-08 11:31:48.195000+00:00
2024/04/08, 11:32:48.195,36.051,-74.776, 0.27,334.75,253.58,0.19,11.7,11.7,1021.6,1021.6,0.0,0.0,0.0,0.0,9,0,2.5,2.1,60.2,60.0,2.5,2.1,341.6,332.4,1023.7,1023.7,141.16,294.34,1202.21,35.1373,18.5536,256.8,41.5,1517.634, NAN, NAN, NAN, NAN,,2024/04/08 11:32:48.195,2024-04-08 11:32:48.195000+00:00
2024/04/08, 11:33:48.195,36.051,-74.776, 0.13,334.64,66.17,0.14,11.7,11.7,1021.6,1021.6,0.0,0.0,0.0,0.0,12,4,2.5,2.2,63.3,63.0,2.5,2.2,345.1,337.0,1023.7,1023.7,145.17,294.81,1217.67,35.1412,18.5617,256.4,41.5,1517.662, NAN, NAN, NAN, NAN,,2024/04/08 11:33:48.195,2024-04-08 11:33:48.195000+00:00
2024/04/08, 11:34:48.195,36.051,-74.776, 0.26,334.3,167.79,0.26,11.7,11.8,1021.8,1021.7,0.0,0.0,0.0,0.0,9,17,2.1,2.6,65.4,65.2,2.1,2.6,346.9,354.1,1023.9,1023.8,144.43,295.61,1229.39,35.1265,18.5995,260.1,41.3,1517.754, NAN, NAN, NAN, NAN,,2024/04/08 11:34:48.195,2024-04-08 11:34:48.195000+00:00
2024/04/08, 11:35:48.195,36.051,-74.776, 0.28,334.88,59.09,0.4,11.7,11.8,1021.8,1021.8,0.0,0.0,0.0,0.0,19,14,3.0,2.7,65.7,65.5,3.0,2.7,350.0,344.5,1023.9,1023.9,151.93,295.15,1246.97,35.1126,18.5984,259.2,41.4,1517.735, NAN, NAN, NAN, NAN,,2024/04/08 11:35:48.195,2024-04-08 11:35:48.195000+00:00
2024/04/08, 11:36:48.196,36.051,-74.776, 0.24,335.55,278.29,0.3,11.8,11.8,1021.8,1021.6,0.0,0.0,0.0,0.0,9,1,2.3,2.1,61.8,61.5,2.2,2.0,341.2,332.6,1023.9,1023.7,155.33,295.14,1261.12,35.1166,18.5671,257.1,41.5,1517.649, NAN, NAN, NAN, NAN,,2024/04/08 11:36:48.196,2024-04-08 11:36:48.196000+00:00
2024/04/08, 11:37:48.196,36.051,-74.777, 0.27,335.2,248.49,0.66,11.8,11.8,1021.8,1021.6,0.0,0.0,0.0,0.0,25,13,2.8,2.9,63.5,63.2,3.0,3.0,6.2,354.6,1023.9,1023.7,157.93,295.41,1280.67,35.1398,18.5567,256.8,41.3,1517.646, NAN, NAN, NAN, NAN,,2024/04/08 11:37:48.196,2024-04-08 11:37:48.196000+00:00
2024/04/08, 11:38:48.196,36.051,-74.776, 0.25,334.55,63.19,0.28,11.8,11.8,1021.5,1021.7,0.0,0.0,0.0,0.0,36,23,2.4,2.6,65.0,63.3,2.3,2.5,8.6,355.2,1023.6,1023.8,162.91,295.38,1291.0,35.1595,18.5521,258.0,41.6,1517.655, NAN, NAN, NAN, NAN,,2024/04/08 11:38:48.196,2024-04-08 11:38:48.196000+00:00
2024/04/08, 11:39:48.196,36.051,-74.776, 0.26,334.66,244.9,0.25,11.8,11.8,1021.5,1021.5,0.0,0.0,0.0,0.0,24,20,2.3,2.8,63.3,63.2,2.4,2.9,1.2,356.9,1023.6,1023.6,165.07,295.11,1306.29,35.1834,18.5186,256.4,41.6,1517.585, NAN, NAN, NAN, NAN,,2024/04/08 11:39:48.196,2024-04-08 11:39:48.196000+00:00
2024/04/08, 11:40:48.196,36.051,-74.776, 0.26,334.42,255.58,0.41,11.8,11.8,1021.7,1021.7,0.0,0.0,0.0,0.0,24,21,2.5,2.4,65.0,64.6,2.6,2.5,2.9,0.1,1023.8,1023.8,170.32,295.31,1318.49,35.2095,18.4785,254.0,41.4,1517.5, NAN, NAN, NAN, NAN,,2024/04/08 11:40:48.196,2024-04-08 11:40:48.196000+00:00
2024/04/08, 11:41:48.196,36.051,-74.776, 0.29,334.65,79.28,0.14,11.8,11.8,1021.7,1021.6,0.0,0.0,0.0,0.0,18,19,0.9,2.1,63.4,63.0,0.9,2.1,356.0,355.1,1023.8,1023.7,171.22,296.02,1331.13,35.2142,18.4268,255.5,41.5,1517.356, NAN, NAN, NAN, NAN,,2024/04/08 11:41:48.196,2024-04-08 11:41:48.196000+00:00
2024/04/08, 11:42:48.196,36.051,-74.776, 0.23,334.14,78.75,0.34,11.8,11.9,1021.5,1021.5,0.0,0.0,0.0,0.0,20,22,2.5,2.0,63.2,63.0,2.5,2.0,350.1,351.1,1023.6,1023.6,174.0,295.33,1342.87,35.2014,18.3676,255.8,41.5,1517.17, NAN, NAN, NAN, NAN,,2024/04/08 11:42:48.196,2024-04-08 11:42:48.196000+00:00
2024/04/08, 11:43:48.196,36.051,-74.776, 0.30,334.7,291.76,0.16,11.9,11.9,1021.6,1021.6,0.0,0.0,0.0,0.0,30,20,2.1,2.6,65.2,65.2,2.1,2.6,6.9,356.5,1023.7,1023.7,178.51,295.68,1351.33,35.2032,18.3948,255.2,41.4,1517.251, NAN, NAN, NAN, NAN,,2024/04/08 11:43:48.196,2024-04-08 11:43:48.196000+00:00
2024/04/08, 11:44:48.196,36.051,-74.776, 0.28,335.0,52.82,0.15,11.8,11.9,1021.6,1021.6,0.0,0.0,0.0,0.0,28,28,2.7,2.5,64.1,64.1,2.6,2.4,2.2,2.1,1023.7,1023.7,183.52,295.05,1369.34,35.2068,18.4323,257.1,41.2,1517.363, NAN, NAN, NAN, NAN,,2024/04/08 11:44:48.196,2024-04-08 11:44:48.196000+00:00
2024/04/08, 11:45:48.196,36.051,-74.776, 0.32,334.72,45.29,0.13,11.8,11.9,1021.8,1021.6,0.0,0.0,0.0,0.0,22,9,2.9,2.4,64.6,65.0,2.9,2.4,357.9,344.9,1023.9,1023.7,187.2,295.04,1380.4,35.2049,18.4387,258.0,41.3,1517.38, NAN, NAN, NAN, NAN,,2024/04/08 11:45:48.196,2024-04-08 11:45:48.196000+00:00
2024/04/08, 11:46:48.196,36.051,-74.776, 0.26,335.03,85.22,0.06,11.8,11.9,1021.8,1021.6,0.0,0.0,0.0,0.0,21,17,2.6,2.8,63.0,62.8,2.6,2.8,355.6,351.7,1023.9,1023.7,191.48,295.29,1387.74,35.1569,18.3897,258.4,41.4,1517.184, NAN, NAN, NAN, NAN,,2024/04/08 11:46:48.196,2024-04-08 11:46:48.196000+00:00
2024/04/08, 11:47:48.196,36.051,-74.776, 0.25,334.47,47.36,0.23,11.8,11.9,1021.8,1021.7,0.0,0.0,0.0,0.0,12,8,2.5,2.3,64.9,65.2,2.4,2.2,344.2,339.9,1023.9,1023.8,194.66,295.59,1400.57,35.138,18.3447,260.1,41.2,1517.032, NAN, NAN, NAN, NAN,,2024/04/08 11:47:48.196,2024-04-08 11:47:48.196000+00:00
2024/04/08, 11:48:48.196,36.051,-74.776, 0.30,335.08,49.39,0.19,11.8,11.9,1021.8,1021.8,0.0,0.0,0.0,0.0,19,21,2.7,2.7,65.5,65.4,2.6,2.6,352.3,354.4,1023.9,1023.9,199.17,295.71,1415.04,35.1243,18.3102,261.9,41.5,1516.917, NAN, NAN, NAN, NAN,,2024/04/08 11:48:48.196,2024-04-08 11:48:48.196000+00:00
2024/04/08, 11:49:48.196,36.051,-74.777, 0.25,335.33,276.32,0.84,11.8,11.9,1021.8,1021.6,0.0,0.0,0.0,0.0,38,31,2.6,3.6,63.4,63.3,2.8,3.7,21.8,12.8,1023.9,1023.7,197.94,295.33,1417.97,35.1331,18.2496,260.8,41.5,1516.751, NAN, NAN, NAN, NAN,,2024/04/08 11:49:48.196,2024-04-08 11:49:48.196000+00:00
2024/04/08, 11:50:48.196,36.051,-74.777, 0.31,334.1,82.72,0.2,11.8,11.9,1021.9,1021.8,0.0,0.0,0.0,0.0,45,23,2.1,1.9,64.4,64.4,2.2,2.0,17.1,355.8,1024.0,1023.9,204.63,295.94,1435.9,35.1425,18.2205,262.5,41.2,1516.678, NAN, NAN, NAN, NAN,,2024/04/08 11:50:48.196,2024-04-08 11:50:48.196000+00:00
2024/04/08, 11:51:48.197,36.051,-74.776, 0.28,334.0,187.06,0.25,11.9,11.9,1021.8,1021.8,0.0,0.0,0.0,0.0,36,26,1.9,2.2,66.6,66.6,2.0,2.3,9.4,0.0,1023.9,1023.9,209.05,296.66,1444.29,35.1501,18.2651,260.4,41.2,1516.815, NAN, NAN, NAN, NAN,,2024/04/08 11:51:48.197,2024-04-08 11:51:48.197000+00:00
2024/04/08, 11:52:48.197,36.051,-74.776, 0.24,334.97,241.77,0.59,11.9,12.0,1021.9,1021.9,0.0,0.0,0.0,0.0,35,31,2.3,3.2,66.6,66.3,2.5,3.3,16.2,10.7,1024.0,1024.0,210.46,295.39,1449.85,35.1352,18.2595,259.8,41.4,1516.782, NAN, NAN, NAN, NAN,,2024/04/08 11:52:48.197,2024-04-08 11:52:48.197000+00:00
2024/04/08, 11:53:48.197,36.051,-74.777, 0.26,335.48,249.36,1.18,11.9,11.9,1021.9,1021.8,0.0,0.0,0.0,0.0,29,16,2.6,3.3,63.4,63.1,2.9,3.5,15.4,1.3,1024.0,1023.9,213.5,295.55,1464.29,35.1193,18.263,261.4,41.5,1516.774, NAN, NAN, NAN, NAN,,2024/04/08 11:53:48.197,2024-04-08 11:53:48.197000+00:00
2024/04/08, 11:54:48.197,36.051,-74.777, 0.28,334.85,66.75,0.19,11.9,11.9,1021.9,1021.9,0.0,0.0,0.0,0.0,26,16,2.8,3.4,64.3,64.1,2.7,3.3,359.6,349.6,1024.0,1024.0,219.09,295.59,1481.06,35.0845,18.2686,260.1,41.2,1516.751, NAN, NAN, NAN, NAN,,2024/04/08 11:54:48.197,2024-04-08 11:54:48.197000+00:00
2024/04/08, 11:55:48.197,36.051,-74.776, 0.25,334.37,116.98,0.09,11.8,11.9,1021.9,1021.8,0.0,0.0,0.0,0.0,29,19,2.9,2.7,61.5,61.6,2.9,2.7,2.8,352.9,1024.0,1023.9,222.24,295.41,1485.65,35.0758,18.2931,264.4,41.4,1516.812, NAN, NAN, NAN, NAN,,2024/04/08 11:55:48.197,2024-04-08 11:55:48.197000+00:00
2024/04/08, 11:56:48.197,36.051,-74.776, 0.27,334.76,90.45,0.26,11.9,11.9,1021.9,1021.9,0.0,0.0,0.0,0.0,5,346,1.9,1.9,63.3,63.7,1.9,1.9,335.7,317.0,1024.0,1024.0,226.67,295.72,1492.61,35.0719,18.1646,269.6,41.5,1516.435, NAN, NAN, NAN, NAN,,2024/04/08 11:56:48.197,2024-04-08 11:56:48.197000+00:00
2024/04/08, 11:57:48.197,36.051,-74.776, 0.26,335.21,65.3,0.29,11.9,11.9,1021.9,1021.8,0.0,0.0,0.0,0.0,10,3,2.1,2.1,60.4,60.8,2.1,2.1,341.2,334.1,1024.0,1023.9,229.18,295.6,1504.92,35.0441,18.0414,265.1,41.6,1516.045, NAN, NAN, NAN, NAN,,2024/04/08 11:57:48.197,2024-04-08 11:57:48.197000+00:00
2024/04/08, 11:58:48.197,36.051,-74.776, 0.23,335.21,66.11,0.94,11.9,11.9,1022.0,1022.0,0.0,0.0,0.0,0.0,14,11,2.3,3.0,63.7,63.6,2.2,3.0,337.1,336.9,1024.1,1024.1,238.6,296.09,1518.12,35.0098,17.9366,266.5,41.4,1515.7, NAN, NAN, NAN, NAN,,2024/04/08 11:58:48.197,2024-04-08 11:58:48.197000+00:00
2024/04/08, 11:59:48.197,36.051,-74.776, 0.26,334.76,72.35,0.36,11.9,12.0,1022.0,1022.0,0.0,0.0,0.0,0.0,28,28,1.9,3.6,64.8,65.0,1.8,3.5,358.4,0.5,1024.1,1024.1,235.42,296.15,1523.48,34.9878,18.0954,268.4,40.8,1516.138, NAN, NAN, NAN, NAN,,2024/04/08 11:59:48.197,2024-04-08 11:59:48.197000+00:00
2024/04/08, 12:00:48.197,36.051,-74.776, 0.03,334.5,235.8,0.43,11.9,12.0,1022.0,1021.9,0.0,0.0,0.0,0.0,40,31,2.4,3.2,65.9,65.7,2.5,3.3,18.5,8.9,1024.1,1024.0,238.96,295.96,1532.0,34.9767,18.1809,269.9,41.0,1516.374, NAN, NAN, NAN, NAN,,2024/04/08 12:00:48.197,2024-04-08 12:00:48.197000+00:00
2024/04/08, 12:01:48.197,36.051,-74.776, 0.07,334.21,230.98,0.21,11.9,12.0,1021.8,1021.8,0.0,0.0,0.0,0.0,28,18,2.3,2.8,63.0,62.9,2.4,2.9,2.1,352.5,1023.9,1023.9,244.82,296.05,1539.59,34.9496,18.252,268.4,41.0,1516.55, NAN, NAN, NAN, NAN,,2024/04/08 12:01:48.197,2024-04-08 12:01:48.197000+00:00
2024/04/08, 12:02:48.197,36.051,-74.776, 0.22,335.21,251.99,0.08,11.9,12.0,1022.0,1022.0,0.0,0.0,0.0,0.0,26,25,2.2,3.1,64.1,64.4,2.2,3.1,2.2,0.9,1024.1,1024.1,247.34,295.73,1546.96,34.986,18.3047,267.5,41.2,1516.744, NAN, NAN, NAN, NAN,,2024/04/08 12:02:48.197,2024-04-08 12:02:48.197000+00:00
2024/04/08, 12:03:48.197,36.051,-74.776, 0.21,334.36,63.31,0.56,11.9,12.0,1022.0,1022.0,0.0,0.0,0.0,0.0,27,14,2.1,2.3,63.0,63.8,2.0,2.3,353.7,341.2,1024.1,1024.1,253.36,295.64,1556.0,34.978,18.1564,268.1,41.1,1516.305, NAN, NAN, NAN, NAN,,2024/04/08 12:03:48.197,2024-04-08 12:03:48.197000+00:00
2024/04/08, 12:04:48.197,36.051,-74.776, 0.20,335.25,47.0,0.09,11.9,12.0,1022.0,1021.9,0.0,0.0,0.0,0.0,22,13,2.7,2.4,61.6,62.7,2.7,2.4,356.9,347.7,1024.1,1024.0,253.46,295.67,1564.7,34.9239,17.9731,271.2,41.0,1515.709, NAN, NAN, NAN, NAN,,2024/04/08 12:04:48.197,2024-04-08 12:04:48.197000+00:00
2024/04/08, 12:05:48.197,36.051,-74.776, 0.20,335.07,233.49,0.3,11.9,11.9,1022.0,1022.0,0.0,0.0,0.0,0.0,9,352,2.2,1.8,63.9,63.8,2.3,1.9,347.2,331.6,1024.1,1024.1,259.38,295.96,1571.36,34.8996,18.2139,271.2,41.0,1516.383, NAN, NAN, NAN, NAN,,2024/04/08 12:05:48.197,2024-04-08 12:05:48.197000+00:00
2024/04/08, 12:06:48.198,36.051,-74.776, 0.20,333.93,231.51,0.34,11.9,12.0,1022.1,1022.0,0.0,0.0,0.0,0.0,4,0,1.3,1.3,61.4,61.3,1.4,1.4,344.7,340.9,1024.2,1024.1,264.22,296.32,1575.47,34.8533,18.4593,275.6,41.0,1517.041, NAN, NAN, NAN, NAN,,2024/04/08 12:06:48.198,2024-04-08 12:06:48.198000+00:00
2024/04/08, 12:07:48.198,36.051,-74.776, 0.22,335.54,54.53,0.64,11.9,12.0,1022.0,1022.0,0.0,0.0,0.0,0.0,349,4,1.4,1.5,64.2,64.1,1.5,1.5,312.6,327.2,1024.1,1024.1,268.92,297.62,1589.5,34.8112,18.6584,276.0,41.0,1517.566, NAN, NAN, NAN, NAN,,2024/04/08 12:07:48.198,2024-04-08 12:07:48.198000+00:00
2024/04/08, 12:08:48.198,36.051,-74.776, 0.23,335.08,243.32,0.27,12.0,12.0,1022.0,1022.0,0.0,0.0,0.0,0.0,18,13,2.2,2.0,65.6,65.3,2.2,2.0,356.6,352.0,1024.1,1024.1,268.16,296.45,1593.76,34.8221,18.7713,274.8,40.6,1517.902, NAN, NAN, NAN, NAN,,2024/04/08 12:08:48.198,2024-04-08 12:08:48.198000+00:00
2024/04/08, 12:09:48.198,36.051,-74.776, 0.18,335.25,252.88,0.12,12.0,12.1,1022.1,1022.1,0.0,0.0,0.0,0.0,19,13,2.6,2.7,65.4,65.0,2.6,2.7,352.9,346.9,1024.2,1024.2,274.29,296.3,1603.14,34.8598,18.8278,271.2,40.2,1518.106, NAN, NAN, NAN, NAN,,2024/04/08 12:09:48.198,2024-04-08 12:09:48.198000+00:00
2024/04/08, 12:10:48.198,36.051,-74.776, 0.16,334.64,55.6,0.23,12.0,12.1,1022.0,1022.0,0.0,0.0,0.0,0.0,8,1,2.8,2.9,65.7,65.2,2.7,2.8,340.7,333.6,1024.1,1024.1,279.94,295.76,1609.09,34.9133,18.8453,268.9,40.5,1518.217, NAN, NAN, NAN, NAN,,2024/04/08 12:10:48.198,2024-04-08 12:10:48.198000+00:00
2024/04/08, 12:11:48.198,36.051,-74.776, 0.20,334.88,62.32,0.34,12.0,12.0,1022.0,1022.0,0.0,0.0,0.0,0.0,10,10,1.9,2.0,59.0,58.6,1.9,2.0,339.6,339.9,1024.1,1024.1,281.2,296.63,1617.63,35.0463,18.873,261.4,40.7,1518.446, NAN, NAN, NAN, NAN,,2024/04/08 12:11:48.198,2024-04-08 12:11:48.198000+00:00
2024/04/08, 12:12:48.198,36.051,-74.777, 0.99,332.18,338.76,0.9,12.0,12.0,1022.0,1022.0,0.0,0.0,0.0,0.0,7,2,2.8,2.6,61.8,58.2,2.3,2.1,340.4,334.5,1024.1,1024.1,285.17,295.55,1623.36,35.1446,18.8934,258.0,41.0,1518.615, NAN, NAN, NAN, NAN,,2024/04/08 12:12:48.198,2024-04-08 12:12:48.198000+00:00
2024/04/08, 12:13:48.198,36.051,-74.777, 2.68,278.85,281.57,2.41,12.0,12.0,1022.0,1022.0,0.0,0.0,0.0,0.0,37,34,2.8,4.6,63.4,63.2,1.9,3.6,337.6,323.4,1024.1,1024.1,296.15,294.67,1616.9,35.1921,18.9507,255.0,40.7,1518.832, NAN, NAN, NAN, NAN,,2024/04/08 12:13:48.198,2024-04-08 12:13:48.198000+00:00
2024/04/08, 12:14:48.198,36.051,-74.778, 2.90,212.16,223.74,3.29,11.9,12.0,1022.2,1022.0,0.0,0.0,0.0,0.0,60,51,2.2,3.4,63.9,64.0,1.6,2.3,322.0,289.6,1024.3,1024.1,295.68,294.03,1654.93,35.2172,19.0006,253.1,40.6,1519.002, NAN, NAN, NAN, NAN,,2024/04/08 12:14:48.198,2024-04-08 12:14:48.198000+00:00
2024/04/08, 12:15:48.198,36.05,-74.779, 4.25,187.91,195.77,4.34,11.9,11.9,1022.2,1022.1,0.0,0.0,0.0,0.0,65,47,2.0,4.1,63.4,63.5,2.0,2.7,320.8,265.3,1024.3,1024.2,291.17,294.31,1691.94,35.2415,18.9792,254.0,40.9,1518.969, NAN, NAN, NAN, NAN,,2024/04/08 12:15:48.198,2024-04-08 12:15:48.198000+00:00
2024/04/08, 12:16:48.198,36.049,-74.779, 4.77,158.48,158.89,5.24,11.9,11.9,1022.2,1022.2,0.0,0.0,0.0,0.0,79,31,0.8,2.3,61.8,61.6,2.6,1.3,322.3,280.9,1024.3,1024.3,288.74,296.06,1715.47,35.29,18.6331,248.3,40.9,1518.035, NAN, NAN, NAN, NAN,,2024/04/08 12:16:48.198,2024-04-08 12:16:48.198000+00:00
2024/04/08, 12:17:48.198,36.047,-74.778, 5.94,158.04,168.86,6.19,11.9,11.9,1022.1,1022.1,0.0,0.0,0.0,0.0,116,24,0.6,2.4,60.2,60.1,3.4,1.2,334.7,304.9,1024.2,1024.2,300.05,297.09,1730.13,35.3273,18.3775,249.1,41.0,1517.342, NAN, NAN, NAN, NAN,,2024/04/08 12:17:48.198,2024-04-08 12:17:48.198000+00:00
2024/04/08, 12:18:48.198,36.045,-74.777, 6.34,158.68,167.81,6.67,11.9,11.9,1022.0,1022.1,0.0,0.0,0.0,0.0,352,331,0.9,2.0,60.6,60.4,2.6,2.1,349.3,17.1,1024.1,1024.2,299.86,297.56,1738.5,35.3031,18.2549,249.4,41.2,1516.959, NAN, NAN, NAN, NAN,,2024/04/08 12:18:48.198,2024-04-08 12:18:48.198000+00:00
2024/04/08, 12:19:48.198,36.044,-74.777, 6.67,158.84,164.73,6.9,12.0,12.0,1022.1,1022.1,0.0,0.0,0.0,0.0,343,345,1.6,2.8,62.0,61.8,2.1,1.3,357.7,27.4,1024.2,1024.2,327.7,298.38,1741.83,35.1802,18.2196,254.0,41.2,1516.718, NAN, NAN, NAN, NAN,,2024/04/08 12:19:48.198,2024-04-08 12:19:48.198000+00:00
2024/04/08, 12:20:48.198,36.042,-74.776, 6.81,158.3,165.93,7.02,12.0,12.1,1022.2,1022.1,0.0,0.0,0.0,0.0,348,356,1.0,1.1,61.5,61.3,2.7,2.5,348.1,345.6,1024.3,1024.2,323.45,298.16,1747.68,35.1074,18.0911,255.0,40.7,1516.261, NAN, NAN, NAN, NAN,,2024/04/08 12:20:48.198,2024-04-08 12:20:48.198000+00:00
2024/04/08, 12:21:48.198,36.04,-74.775, 6.34,158.24,156.66,6.29,12.1,12.1,1022.1,1022.1,0.0,0.0,0.0,0.0,13,7,1.8,1.6,61.6,61.3,1.5,1.7,322.0,330.6,1024.2,1024.2,316.03,297.04,1757.14,35.0624,17.9916,256.4,41.0,1515.92, NAN, NAN, NAN, NAN,,2024/04/08 12:21:48.198,2024-04-08 12:21:48.198000+00:00
2024/04/08, 12:22:48.199,36.039,-74.774, 4.85,158.0,159.02,4.93,12.2,12.2,1022.2,1022.1,0.0,0.0,0.0,0.0,16,1,0.6,1.6,62.1,62.0,2.0,0.9,335.2,340.6,1024.3,1024.2,317.99,298.3,1762.83,35.0316,17.9259,257.1,41.2,1515.693, NAN, NAN, NAN, NAN,,2024/04/08 12:22:48.199,2024-04-08 12:22:48.199000+00:00
2024/04/08, 12:23:48.199,36.037,-74.774, 4.04,158.69,149.71,4.26,12.2,12.3,1022.0,1022.2,0.0,0.0,0.0,0.0,96,32,0.5,2.3,62.1,62.6,2.3,1.3,325.5,259.6,1024.1,1024.3,324.43,298.73,1766.63,34.9688,17.9041,256.8,41.4,1515.558, NAN, NAN, NAN, NAN,,2024/04/08 12:23:48.199,2024-04-08 12:23:48.199000+00:00
2024/04/08, 12:24:48.199,36.036,-74.773, 3.60,157.64,140.96,4.12,12.3,12.3,1022.3,1022.2,0.0,0.0,0.0,0.0,35,10,0.5,2.0,64.3,63.8,1.8,0.8,314.5,255.4,1024.4,1024.3,322.51,299.2,1777.66,34.9416,17.8808,259.2,41.2,1515.459, NAN, NAN, NAN, NAN,,2024/04/08 12:24:48.199,2024-04-08 12:24:48.199000+00:00
2024/04/08, 12:25:48.199,36.035,-74.773, 4.44,127.69,147.05,4.68,12.4,12.4,1022.2,1022.1,0.0,0.0,0.0,0.0,355,343,1.2,2.5,64.2,64.1,1.3,1.3,339.8,40.4,1024.3,1024.2,313.96,299.1,1797.91,34.9199,17.8723,259.5,41.2,1515.409, NAN, NAN, NAN, NAN,,2024/04/08 12:25:48.199,2024-04-08 12:25:48.199000+00:00
2024/04/08, 12:26:48.199,36.034,-74.771, 5.38,106.91,114.46,5.21,12.4,12.5,1022.2,1022.2,0.0,0.0,0.0,0.0,334,333,1.0,2.7,63.1,63.0,2.0,1.7,314.1,9.0,1024.3,1024.3,313.06,300.04,1809.47,34.9084,17.8963,260.4,41.1,1515.466, NAN, NAN, NAN, NAN,,2024/04/08 12:26:48.199,2024-04-08 12:26:48.199000+00:00
2024/04/08, 12:27:48.199,36.034,-74.77, 5.27,72.78,82.7,5.22,12.5,12.5,1022.2,1022.2,0.0,0.0,0.0,0.0,315,320,2.9,5.7,62.9,62.9,2.7,4.6,330.5,5.2,1024.3,1024.3,308.89,299.39,1807.0,34.8986,17.9037,261.9,40.9,1515.477, NAN, NAN, NAN, NAN,,2024/04/08 12:27:48.199,2024-04-08 12:27:48.199000+00:00
2024/04/08, 12:28:48.199,36.034,-74.768, 5.38,72.44,76.22,5.34,12.5,12.6,1022.0,1022.1,0.0,0.0,0.0,0.0,319,324,3.6,5.3,60.7,60.6,2.6,3.7,342.1,7.2,1024.1,1024.2,313.47,298.69,1809.67,34.8976,17.9313,262.8,40.8,1515.557, NAN, NAN, NAN, NAN,,2024/04/08 12:28:48.199,2024-04-08 12:28:48.199000+00:00
2024/04/08, 12:29:48.199,36.035,-74.766, 5.60,68.57,76.24,5.4,12.5,12.6,1022.3,1022.3,0.0,0.0,0.0,0.0,320,318,3.3,5.7,61.0,61.1,2.4,4.4,333.2,358.3,1024.4,1024.4,317.92,298.33,1816.33,34.9017,17.9463,260.1,40.7,1515.605, NAN, NAN, NAN, NAN,,2024/04/08 12:29:48.199,2024-04-08 12:29:48.199000+00:00
2024/04/08, 12:30:48.199,36.035,-74.764, 5.12,63.61,72.58,4.65,12.5,12.6,1022.3,1022.0,0.0,0.0,0.0,0.0,310,320,2.9,5.3,58.4,58.3,2.6,4.1,322.2,358.1,1024.4,1024.1,339.71,298.18,1815.47,34.91,18.0031,259.2,40.6,1515.781, NAN, NAN, NAN, NAN,,2024/04/08 12:30:48.199,2024-04-08 12:30:48.199000+00:00
2024/04/08, 12:31:48.199,36.036,-74.763, 3.91,45.35,57.75,3.26,12.5,12.5,1022.1,1022.1,0.0,0.0,0.0,0.0,304,318,2.0,4.2,56.9,56.8,2.1,3.5,301.1,340.4,1024.2,1024.2,329.73,298.8,1813.75,34.9242,18.08,259.2,40.9,1516.021, NAN, NAN, NAN, NAN,,2024/04/08 12:31:48.199,2024-04-08 12:31:48.199000+00:00
2024/04/08, 12:32:48.199,36.036,-74.763, 2.68,17.75,34.7,2.52,12.5,12.5,1022.2,1022.1,0.0,0.0,0.0,0.0,306,317,2.1,4.2,58.2,58.4,2.1,3.7,287.5,317.3,1024.3,1024.2,347.9,299.11,1785.02,34.9408,18.1462,258.8,41.0,1516.233, NAN, NAN, NAN, NAN,,2024/04/08 12:32:48.199,2024-04-08 12:32:48.199000+00:00
2024/04/08, 12:33:48.199,36.036,-74.762, 0.99,326.62,306.26,0.57,12.5,12.5,1022.2,1022.1,0.0,0.0,0.0,0.0,336,344,2.8,3.2,61.1,61.0,2.5,2.9,299.4,308.6,1024.3,1024.2,361.67,298.33,1751.08,34.9689,18.1855,257.7,40.9,1516.379, NAN, NAN, NAN, NAN,,2024/04/08 12:33:48.199,2024-04-08 12:33:48.199000+00:00
2024/04/08, 12:34:48.199,36.037,-74.763, 0.81,315.06,320.25,0.66,12.5,12.6,1022.2,1022.1,0.0,0.0,0.0,0.0,26,23,2.6,3.0,62.7,62.6,2.3,2.7,340.4,337.1,1024.3,1024.2,368.33,297.04,1749.04,34.9958,18.2201,256.4,41.0,1516.51, NAN, NAN, NAN, NAN,,2024/04/08 12:34:48.199,2024-04-08 12:34:48.199000+00:00
2024/04/08, 12:35:48.199,36.037,-74.763, 0.63,327.81,296.84,0.38,12.5,12.5,1022.2,1022.2,0.0,0.0,0.0,0.0,11,11,1.9,2.6,60.7,60.9,1.7,2.4,337.8,338.1,1024.3,1024.3,372.7,297.89,1756.85,35.0269,18.2462,255.8,41.2,1516.621, NAN, NAN, NAN, NAN,,2024/04/08 12:35:48.199,2024-04-08 12:35:48.199000+00:00
2024/04/08, 12:36:48.199,36.037,-74.763, 0.42,334.29,269.26,0.38,12.5,12.5,1022.2,1022.1,0.0,0.0,0.0,0.0,353,346,2.6,2.8,60.6,60.6,2.5,2.7,331.2,323.7,1024.3,1024.2,378.82,297.42,1765.82,35.0428,18.2603,255.2,41.3,1516.68, NAN, NAN, NAN, NAN,,2024/04/08 12:36:48.199,2024-04-08 12:36:48.199000+00:00
2024/04/08, 12:37:48.199,36.037,-74.763, 0.25,334.86,64.94,0.05,12.4,12.4,1022.2,1022.2,0.0,0.0,0.0,0.0,348,338,2.0,3.5,60.0,60.0,2.0,3.5,322.5,312.7,1024.3,1024.3,380.1,297.97,1772.91,35.0562,18.2695,261.7,41.1,1516.722, NAN, NAN, NAN, NAN,,2024/04/08 12:37:48.199,2024-04-08 12:37:48.199000+00:00
2024/04/08, 12:38:48.200,36.037,-74.763, 0.28,335.62,191.5,0.35,12.4,12.4,1022.3,1022.2,0.0,0.0,0.0,0.0,339,336,1.8,2.2,61.8,61.9,1.9,2.3,319.8,316.0,1024.4,1024.3,382.02,297.95,1778.73,35.0657,18.2758,258.5,41.2,1516.751, NAN, NAN, NAN, NAN,,2024/04/08 12:38:48.200,2024-04-08 12:38:48.200000+00:00
2024/04/08, 12:39:48.200,36.037,-74.763, 0.22,335.13,249.38,0.73,12.4,12.4,1022.2,1022.2,0.0,0.0,0.0,0.0,8,359,2.8,2.9,61.6,61.5,2.9,2.9,350.5,341.5,1024.3,1024.3,388.77,297.88,1780.15,35.0724,18.2743,260.1,41.1,1516.754, NAN, NAN, NAN, NAN,,2024/04/08 12:39:48.200,2024-04-08 12:39:48.200000+00:00
2024/04/08, 12:40:48.200,36.037,-74.763, 0.59,335.19,296.22,0.08,12.3,12.4,1022.0,1022.0,0.0,0.0,0.0,0.0,345,341,3.1,3.1,60.5,60.3,3.1,3.1,319.9,315.8,1024.1,1024.1,390.86,297.62,1787.12,35.0757,18.2704,261.4,41.2,1516.746, NAN, NAN, NAN, NAN,,2024/04/08 12:40:48.200,2024-04-08 12:40:48.200000+00:00
2024/04/08, 12:41:48.200,36.037,-74.763, 0.45,334.96,39.3,0.24,12.3,12.4,1022.3,1022.2,0.0,0.0,0.0,0.0,345,336,2.5,2.7,59.0,58.9,2.4,2.6,321.6,312.1,1024.4,1024.3,396.02,297.91,1793.07,35.0744,18.2713,258.0,41.2,1516.748, NAN, NAN, NAN, NAN,,2024/04/08 12:41:48.200,2024-04-08 12:41:48.200000+00:00
2024/04/08, 12:42:48.200,36.037,-74.763, 0.39,334.56,330.19,0.19,12.3,12.3,1022.2,1022.1,0.0,0.0,0.0,0.0,340,327,2.7,4.8,59.2,59.3,2.6,4.7,315.9,302.1,1024.3,1024.2,401.46,297.88,1795.69,35.0734,18.27,257.7,41.1,1516.743, NAN, NAN, NAN, NAN,,2024/04/08 12:42:48.200,2024-04-08 12:42:48.200000+00:00
2024/04/08, 12:43:48.200,36.037,-74.763, 0.47,334.77,243.16,0.52,12.3,12.3,1022.2,1022.1,0.0,0.0,0.0,0.0,334,329,2.0,3.2,59.2,59.1,1.9,3.1,315.9,307.9,1024.3,1024.2,406.36,298.74,1802.6,35.0748,18.2645,258.8,41.2,1516.728, NAN, NAN, NAN, NAN,,2024/04/08 12:43:48.200,2024-04-08 12:43:48.200000+00:00
2024/04/08, 12:44:48.200,36.037,-74.763, 0.47,334.23,347.3,0.32,12.4,12.4,1022.3,1022.3,0.0,0.0,0.0,0.0,327,328,2.8,5.0,62.1,62.1,2.7,4.8,299.8,301.5,1024.4,1024.4,406.84,298.17,1807.99,35.075,18.2457,259.8,41.1,1516.674, NAN, NAN, NAN, NAN,,2024/04/08 12:44:48.200,2024-04-08 12:44:48.200000+00:00
2024/04/08, 12:45:48.200,36.037,-74.763, 0.76,335.22,40.31,0.49,12.4,12.4,1022.2,1022.2,0.0,0.0,0.0,0.0,329,329,2.3,4.1,59.1,59.3,2.2,4.0,298.0,300.8,1024.3,1024.3,411.55,297.97,1814.1,35.0746,18.2578,265.2,41.2,1516.709, NAN, NAN, NAN, NAN,,2024/04/08 12:45:48.200,2024-04-08 12:45:48.200000+00:00
2024/04/08, 12:46:48.200,36.037,-74.763, 0.66,334.81,295.05,0.58,12.4,12.4,1022.3,1022.2,0.0,0.0,0.0,0.0,329,328,2.3,4.2,59.5,59.2,2.3,4.2,296.4,298.7,1024.4,1024.3,417.07,298.43,1819.33,35.0698,18.2696,263.2,41.2,1516.737, NAN, NAN, NAN, NAN,,2024/04/08 12:46:48.200,2024-04-08 12:46:48.200000+00:00
2024/04/08, 12:47:48.200,36.037,-74.763, 0.66,334.89,356.25,0.4,12.4,12.4,1022.2,1022.2,0.0,0.0,0.0,0.0,338,332,2.2,3.6,61.6,61.6,2.0,3.4,310.7,305.3,1024.3,1024.3,420.5,298.64,1820.69,35.0681,18.2693,264.1,41.1,1516.735, NAN, NAN, NAN, NAN,,2024/04/08 12:47:48.200,2024-04-08 12:47:48.200000+00:00
2024/04/08, 12:48:48.200,36.037,-74.763, 0.66,335.08,7.32,0.41,12.4,12.4,1022.3,1022.3,0.0,0.0,0.0,0.0,335,331,2.4,3.5,61.9,61.6,2.2,3.3,307.1,303.9,1024.4,1024.4,423.0,298.27,1826.97,35.0678,18.2591,264.8,41.1,1516.705, NAN, NAN, NAN, NAN,,2024/04/08 12:48:48.200,2024-04-08 12:48:48.200000+00:00
2024/04/08, 12:49:48.200,36.037,-74.763, 0.66,334.42,269.49,0.86,12.4,12.4,1022.3,1022.3,0.0,0.0,0.0,0.0,342,335,2.3,3.2,60.8,60.6,2.0,2.9,325.5,315.0,1024.4,1024.4,424.33,298.6,1829.99,35.0675,18.2596,265.2,41.0,1516.706, NAN, NAN, NAN, NAN,,2024/04/08 12:49:48.200,2024-04-08 12:49:48.200000+00:00
2024/04/08, 12:50:48.200,36.037,-74.763, 0.54,334.79,280.35,0.56,12.4,12.4,1022.3,1022.3,0.0,0.0,0.0,0.0,334,332,1.6,2.7,61.9,61.9,1.3,2.4,313.6,309.2,1024.4,1024.4,427.7,298.88,1833.55,35.0708,18.2604,262.8,41.0,1516.712, NAN, NAN, NAN, NAN,,2024/04/08 12:50:48.200,2024-04-08 12:50:48.200000+00:00
2024/04/08, 12:51:48.200,36.038,-74.764, 0.61,334.46,290.45,0.4,12.4,12.4,1022.3,1022.2,0.0,0.0,0.0,0.0,344,329,2.4,3.7,62.8,62.8,2.2,3.5,321.0,304.3,1024.4,1024.3,430.9,298.7,1839.03,35.0716,18.2635,262.2,41.1,1516.722, NAN, NAN, NAN, NAN,,2024/04/08 12:51:48.200,2024-04-08 12:51:48.200000+00:00
2024/04/08, 12:52:48.200,36.038,-74.764, 0.63,334.16,264.4,0.97,12.4,12.4,1022.3,1022.2,0.0,0.0,0.0,0.0,338,341,3.0,3.5,62.7,63.4,2.7,3.2,319.8,321.9,1024.4,1024.3,434.76,298.24,1842.65,35.0722,18.2596,262.5,41.0,1516.711, NAN, NAN, NAN, NAN,,2024/04/08 12:52:48.200,2024-04-08 12:52:48.200000+00:00
2024/04/08, 12:53:48.201,36.038,-74.764, 0.77,336.38,281.29,1.24,12.4,12.4,1022.3,1022.2,0.0,0.0,0.0,0.0,343,337,3.0,4.0,60.8,60.6,2.4,3.4,324.6,316.0,1024.4,1024.3,438.68,298.14,1849.2,35.0773,18.2545,260.1,41.0,1516.702, NAN, NAN, NAN, NAN,,2024/04/08 12:53:48.201,2024-04-08 12:53:48.201000+00:00
2024/04/08, 12:54:48.201,36.038,-74.764, 0.99,334.7,40.59,0.85,12.4,12.4,1022.4,1022.3,0.0,0.0,0.0,0.0,332,333,3.0,4.3,61.0,60.5,2.8,4.1,299.1,302.6,1024.5,1024.4,444.31,298.42,1854.1,35.0769,18.2406,260.8,41.0,1516.661, NAN, NAN, NAN, NAN,,2024/04/08 12:54:48.201,2024-04-08 12:54:48.201000+00:00
2024/04/08, 12:55:48.201,36.038,-74.764, 1.04,333.87,318.3,1.0,12.4,12.4,1022.4,1022.3,0.0,0.0,0.0,0.0,340,339,2.2,3.2,63.2,63.4,1.7,2.7,319.7,316.4,1024.5,1024.4,443.87,299.09,1855.73,35.0728,18.25,261.9,41.2,1516.684, NAN, NAN, NAN, NAN,,2024/04/08 12:55:48.201,2024-04-08 12:55:48.201000+00:00
2024/04/08, 12:56:48.201,36.038,-74.764, 1.16,334.65,269.27,1.09,12.4,12.4,1022.4,1022.3,0.0,0.0,0.0,0.0,346,348,2.6,3.0,61.2,61.2,2.2,2.6,329.5,330.5,1024.5,1024.4,448.01,298.23,1861.46,35.0633,18.2571,263.2,41.0,1516.694, NAN, NAN, NAN, NAN,,2024/04/08 12:56:48.201,2024-04-08 12:56:48.201000+00:00
2024/04/08, 12:57:48.201,36.039,-74.764, 1.09,334.76,301.92,0.92,12.3,12.4,1022.4,1022.3,0.0,0.0,0.0,0.0,336,330,3.7,5.4,61.2,61.0,3.2,4.9,310.2,303.8,1024.5,1024.4,454.39,298.05,1866.72,35.0599,18.273,260.8,41.1,1516.736, NAN, NAN, NAN, NAN,,2024/04/08 12:57:48.201,2024-04-08 12:57:48.201000+00:00
2024/04/08, 12:58:48.201,36.039,-74.764, 1.12,334.26,327.71,0.8,12.3,12.4,1022.3,1022.3,0.0,0.0,0.0,0.0,331,329,3.3,5.5,59.5,59.3,3.0,5.2,300.2,300.2,1024.4,1024.4,457.15,297.77,1869.77,35.0583,18.2715,261.9,41.1,1516.73, NAN, NAN, NAN, NAN,,2024/04/08 12:58:48.201,2024-04-08 12:58:48.201000+00:00
2024/04/08, 12:59:48.201,36.039,-74.764, 1.12,335.24,305.29,0.92,12.3,12.3,1022.3,1022.3,0.0,0.0,0.0,0.0,325,324,2.9,5.6,60.1,60.0,2.5,5.2,295.7,297.0,1024.4,1024.4,459.57,298.4,1873.49,35.0683,18.2613,260.1,41.0,1516.712, NAN, NAN, NAN, NAN,,2024/04/08 12:59:48.201,2024-04-08 12:59:48.201000+00:00
2024/04/08, 13:00:48.201,36.039,-74.765, 1.10,334.69,316.02,0.94,12.3,12.3,1022.6,1022.4,0.0,0.0,0.0,0.0,341,335,2.9,3.8,61.3,60.9,2.4,3.3,315.3,308.5,1024.7,1024.5,464.75,298.51,1877.34,35.0743,18.2266,257.4,41.2,1516.618, NAN, NAN, NAN, NAN,,2024/04/08 13:00:48.201,2024-04-08 13:00:48.201000+00:00
2024/04/08, 13:01:48.201,36.04,-74.765, 1.08,334.37,331.78,0.91,12.3,12.4,1022.4,1022.3,0.0,0.0,0.0,0.0,323,321,2.9,5.3,61.7,61.8,2.5,4.9,291.8,292.4,1024.5,1024.4,466.39,298.65,1881.59,35.084,18.1876,258.4,41.1,1516.516, NAN, NAN, NAN, NAN,,2024/04/08 13:01:48.201,2024-04-08 13:01:48.201000+00:00
2024/04/08, 13:02:48.201,36.04,-74.765, 1.09,334.56,313.34,0.96,12.3,12.4,1022.5,1022.4,0.0,0.0,0.0,0.0,323,325,2.7,4.8,61.2,60.7,2.3,4.4,292.1,296.9,1024.6,1024.5,470.2,298.73,1885.95,35.0827,18.13,255.5,41.1,1516.347, NAN, NAN, NAN, NAN,,2024/04/08 13:02:48.201,2024-04-08 13:02:48.201000+00:00
2024/04/08, 13:03:48.201,36.04,-74.765, 1.09,334.43,279.37,1.01,12.3,12.4,1022.6,1022.4,0.0,0.0,0.0,0.0,321,325,2.6,4.6,62.5,62.7,2.1,4.1,295.4,299.9,1024.7,1024.5,471.3,299.23,1886.48,35.0782,18.0615,255.8,41.0,1516.142, NAN, NAN, NAN, NAN,,2024/04/08 13:03:48.201,2024-04-08 13:03:48.201000+00:00
2024/04/08, 13:04:48.201,36.04,-74.765, 1.10,334.75,292.18,1.16,12.4,12.4,1022.4,1022.3,0.0,0.0,0.0,0.0,342,338,2.7,4.0,63.4,63.3,2.2,3.4,322.2,315.5,1024.5,1024.4,476.48,298.58,1891.41,35.0649,18.0152,255.0,40.9,1515.992, NAN, NAN, NAN, NAN,,2024/04/08 13:04:48.201,2024-04-08 13:04:48.201000+00:00
2024/04/08, 13:05:48.201,36.04,-74.765, 1.09,335.37,282.27,1.06,12.3,12.4,1022.5,1022.4,0.0,0.0,0.0,0.0,340,333,2.9,4.3,62.2,62.1,2.4,3.8,317.0,308.4,1024.6,1024.5,480.07,298.41,1895.39,35.0459,17.9468,257.4,41.0,1515.771, NAN, NAN, NAN, NAN,,2024/04/08 13:05:48.201,2024-04-08 13:05:48.201000+00:00
2024/04/08, 13:06:48.201,36.041,-74.765, 1.10,334.27,9.9,1.08,12.3,12.4,1022.5,1022.5,0.0,0.0,0.0,0.0,336,330,2.5,3.7,61.9,61.9,2.0,3.2,305.3,300.2,1024.6,1024.6,486.71,299.06,1899.58,35.0261,17.8972,258.0,40.7,1515.603, NAN, NAN, NAN, NAN,,2024/04/08 13:06:48.201,2024-04-08 13:06:48.201000+00:00
2024/04/08, 13:07:48.201,36.041,-74.766, 1.12,335.12,301.2,0.71,12.3,12.3,1022.4,1022.4,0.0,0.0,0.0,0.0,319,320,3.0,5.5,62.8,62.9,2.7,5.2,289.3,292.7,1024.5,1024.5,491.36,299.18,1903.79,35.0041,17.892,259.2,40.8,1515.563, NAN, NAN, NAN, NAN,,2024/04/08 13:07:48.201,2024-04-08 13:07:48.201000+00:00
2024/04/08, 13:08:48.201,36.041,-74.766, 1.11,335.49,347.35,1.05,12.3,12.3,1022.4,1022.3,0.0,0.0,0.0,0.0,329,327,2.9,4.7,63.1,63.3,2.5,4.3,296.2,297.5,1024.5,1024.4,494.54,298.53,1907.79,34.9909,17.9161,259.5,40.8,1515.618, NAN, NAN, NAN, NAN,,2024/04/08 13:08:48.201,2024-04-08 13:08:48.201000+00:00
2024/04/08, 13:09:48.202,36.041,-74.766, 1.10,334.71,301.14,0.88,12.3,12.3,1022.4,1022.4,0.0,0.0,0.0,0.0,340,332,3.3,4.4,62.3,62.3,2.9,4.0,311.2,303.4,1024.5,1024.5,494.92,298.37,1908.04,34.9654,17.9181,267.8,40.8,1515.595, NAN, NAN, NAN, NAN,,2024/04/08 13:09:48.202,2024-04-08 13:09:48.202000+00:00
2024/04/08, 13:10:48.202,36.042,-74.766, 1.10,335.48,307.06,0.89,12.3,12.3,1022.6,1022.5,0.0,0.0,0.0,0.0,329,326,2.9,5.1,60.4,60.1,2.5,4.7,298.9,298.3,1024.7,1024.6,499.63,298.64,1915.05,34.9496,17.8576,265.2,41.0,1515.4, NAN, NAN, NAN, NAN,,2024/04/08 13:10:48.202,2024-04-08 13:10:48.202000+00:00
2024/04/08, 13:11:48.202,36.042,-74.766, 1.09,334.79,333.03,0.94,12.3,12.3,1022.5,1022.4,0.0,0.0,0.0,0.0,327,324,2.8,5.4,62.1,62.3,2.4,5.0,296.3,295.9,1024.6,1024.5,504.94,298.88,1917.22,34.9559,17.7494,265.6,41.0,1515.089, NAN, NAN, NAN, NAN,,2024/04/08 13:11:48.202,2024-04-08 13:11:48.202000+00:00
2024/04/08, 13:12:48.202,36.042,-74.766, 1.10,334.46,324.2,1.09,12.3,12.3,1022.6,1022.6,0.0,0.0,0.0,0.0,327,325,3.1,5.7,60.1,59.9,2.6,5.2,297.9,297.5,1024.7,1024.7,509.12,298.69,1920.45,34.9703,17.6945,262.5,41.1,1514.944, NAN, NAN, NAN, NAN,,2024/04/08 13:12:48.202,2024-04-08 13:12:48.202000+00:00
2024/04/08, 13:13:48.202,36.042,-74.766, 1.09,335.24,349.57,1.05,12.2,12.3,1022.6,1022.6,0.0,0.0,0.0,0.0,321,320,3.2,5.7,60.0,59.8,3.0,5.5,287.1,290.3,1024.7,1024.7,514.69,298.79,1924.87,34.9608,17.7057,263.8,41.0,1514.966, NAN, NAN, NAN, NAN,,2024/04/08 13:13:48.202,2024-04-08 13:13:48.202000+00:00
2024/04/08, 13:14:48.202,36.042,-74.767, 1.12,335.47,306.5,1.0,12.2,12.3,1022.6,1022.4,0.0,0.0,0.0,0.0,322,321,2.7,5.7,60.1,61.8,2.2,5.2,293.9,294.8,1024.7,1024.5,512.93,299.26,1925.54,34.9405,17.7051,264.8,41.0,1514.941, NAN, NAN, NAN, NAN,,2024/04/08 13:14:48.202,2024-04-08 13:14:48.202000+00:00
2024/04/08, 13:15:48.202,36.043,-74.767, 1.07,334.38,18.92,0.81,12.2,12.3,1022.5,1022.5,0.0,0.0,0.0,0.0,314,320,2.8,5.1,61.0,60.8,2.6,4.9,280.5,290.5,1024.6,1024.6,519.82,299.34,1929.31,34.9193,17.815,264.4,41.0,1515.24, NAN, NAN, NAN, NAN,,2024/04/08 13:15:48.202,2024-04-08 13:15:48.202000+00:00
2024/04/08, 13:16:48.202,36.043,-74.767, 1.08,334.63,325.62,1.27,12.3,12.3,1022.6,1022.5,0.0,0.0,0.0,0.0,308,320,3.2,5.3,62.6,62.6,2.6,4.6,279.0,294.3,1024.7,1024.6,520.9,299.18,1931.6,34.8992,18.0744,267.8,41.0,1515.976, NAN, NAN, NAN, NAN,,2024/04/08 13:16:48.202,2024-04-08 13:16:48.202000+00:00
2024/04/08, 13:17:48.202,36.043,-74.767, 1.13,335.6,285.47,1.05,12.3,12.3,1022.7,1022.6,0.0,0.0,0.0,0.0,308,321,2.9,5.3,60.5,60.5,2.4,4.8,279.7,296.1,1024.8,1024.7,523.9,299.18,1936.05,34.9084,18.2223,267.5,40.9,1516.417, NAN, NAN, NAN, NAN,,2024/04/08 13:17:48.202,2024-04-08 13:17:48.202000+00:00
2024/04/08, 13:18:48.202,36.043,-74.767, 1.11,335.24,281.95,1.01,12.3,12.3,1022.6,1022.6,0.0,0.0,0.0,0.0,314,318,2.9,4.7,63.9,63.8,2.4,4.2,289.8,294.0,1024.7,1024.7,524.74,299.96,1936.96,34.8988,18.2926,268.6,41.0,1516.61, NAN, NAN, NAN, NAN,,2024/04/08 13:18:48.202,2024-04-08 13:18:48.202000+00:00
2024/04/08, 13:19:48.202,36.044,-74.767, 1.11,335.8,324.22,0.95,12.3,12.3,1022.5,1022.5,0.0,0.0,0.0,0.0,321,321,3.2,5.7,63.3,63.5,2.8,5.3,291.8,294.2,1024.6,1024.6,534.47,299.0,1942.93,34.9741,18.3017,261.7,41.0,1516.722, NAN, NAN, NAN, NAN,,2024/04/08 13:19:48.202,2024-04-08 13:19:48.202000+00:00
2024/04/08, 13:20:48.202,36.044,-74.767, 1.07,334.9,322.5,0.98,12.3,12.3,1022.7,1022.7,0.0,0.0,0.0,0.0,314,319,3.1,5.8,61.0,60.9,2.7,5.3,284.2,292.0,1024.8,1024.8,536.27,298.81,1944.45,35.0588,18.2957,257.1,41.0,1516.801, NAN, NAN, NAN, NAN,,2024/04/08 13:20:48.202,2024-04-08 13:20:48.202000+00:00
2024/04/08, 13:21:48.202,36.044,-74.768, 1.11,334.53,340.59,0.77,12.2,12.3,1022.7,1022.7,0.0,0.0,0.0,0.0,306,316,3.0,5.5,62.2,61.9,2.8,5.3,273.5,287.2,1024.8,1024.8,543.3,299.48,1947.76,35.1018,18.2134,255.2,41.2,1516.611, NAN, NAN, NAN, NAN,,2024/04/08 13:21:48.202,2024-04-08 13:21:48.202000+00:00
2024/04/08, 13:22:48.202,36.044,-74.768, 1.10,335.22,20.75,0.96,12.3,12.3,1022.7,1022.6,0.0,0.0,0.0,0.0,319,320,2.9,5.5,62.7,62.6,2.5,5.1,287.1,291.8,1024.8,1024.7,543.04,299.08,1953.21,35.1131,18.0831,255.0,41.1,1516.245, NAN, NAN, NAN, NAN,,2024/04/08 13:22:48.202,2024-04-08 13:22:48.202000+00:00
2024/04/08, 13:23:48.202,36.044,-74.768, 1.04,335.28,3.0,0.87,12.2,12.3,1022.8,1022.7,0.0,0.0,0.0,0.0,322,322,3.4,6.2,62.1,62.1,3.1,5.9,290.9,293.9,1024.9,1024.8,548.03,298.92,1954.15,35.1027,18.0251,259.5,41.1,1516.064, NAN, NAN, NAN, NAN,,2024/04/08 13:23:48.202,2024-04-08 13:23:48.202000+00:00
2024/04/08, 13:24:48.202,36.045,-74.768, 1.06,335.31,310.12,0.85,12.2,12.2,1022.7,1022.7,0.0,0.0,0.0,0.0,314,319,3.0,5.9,60.9,60.8,2.7,5.6,282.3,291.1,1024.8,1024.8,554.97,298.86,1960.21,35.116,18.1053,260.8,41.2,1516.313, NAN, NAN, NAN, NAN,,2024/04/08 13:24:48.202,2024-04-08 13:24:48.202000+00:00
2024/04/08, 13:25:48.203,36.045,-74.768, 1.05,335.01,349.04,0.87,12.2,12.2,1022.8,1022.7,0.0,0.0,0.0,0.0,314,321,2.9,5.8,61.1,61.0,2.7,5.5,281.1,292.5,1024.9,1024.8,559.41,299.3,1961.69,35.1117,18.2902,260.1,41.2,1516.845, NAN, NAN, NAN, NAN,,2024/04/08 13:25:48.203,2024-04-08 13:25:48.203000+00:00
2024/04/08, 13:26:48.203,36.045,-74.768, 1.07,334.18,350.22,0.94,12.2,12.2,1023.0,1022.8,0.0,0.0,0.0,0.0,315,316,2.9,5.2,63.4,63.2,2.6,4.9,281.3,286.0,1025.1,1024.9,564.27,299.03,1963.87,35.1301,18.4886,257.7,40.9,1517.439, NAN, NAN, NAN, NAN,,2024/04/08 13:26:48.203,2024-04-08 13:26:48.203000+00:00
2024/04/08, 13:27:48.203,36.045,-74.768, 1.07,335.43,325.24,0.98,12.2,12.2,1023.0,1022.8,0.0,0.0,0.0,0.0,321,321,3.1,5.7,62.0,62.1,2.6,5.2,292.1,294.3,1025.1,1024.9,566.15,299.19,1966.68,35.1562,18.6321,256.4,41.0,1517.881, NAN, NAN, NAN, NAN,,2024/04/08 13:27:48.203,2024-04-08 13:27:48.203000+00:00
2024/04/08, 13:28:48.203,36.046,-74.769, 1.07,334.49,316.87,0.85,12.2,12.2,1022.8,1022.8,0.0,0.0,0.0,0.0,318,325,2.4,5.7,62.8,62.9,2.0,5.3,286.7,297.8,1024.9,1024.9,565.32,299.34,1969.47,35.2154,18.7211,256.1,41.2,1518.203, NAN, NAN, NAN, NAN,,2024/04/08 13:28:48.203,2024-04-08 13:28:48.203000+00:00
2024/04/08, 13:29:48.203,36.046,-74.769, 1.06,334.27,292.2,0.85,12.2,12.2,1022.8,1022.8,0.0,0.0,0.0,0.0,305,318,3.5,5.8,63.3,63.1,3.2,5.4,273.9,289.9,1024.9,1024.9,573.14,299.14,1974.14,35.2499,18.7784,254.0,41.2,1518.406, NAN, NAN, NAN, NAN,,2024/04/08 13:29:48.203,2024-04-08 13:29:48.203000+00:00
2024/04/08, 13:30:48.203,36.046,-74.769, 1.11,334.84,317.16,0.93,12.1,12.2,1022.8,1022.7,0.0,0.0,0.0,0.0,315,318,3.1,5.4,61.5,61.3,2.8,5.0,283.3,289.5,1024.9,1024.8,570.01,299.05,1976.27,35.2813,18.8607,255.0,41.4,1518.676, NAN, NAN, NAN, NAN,,2024/04/08 13:30:48.203,2024-04-08 13:30:48.203000+00:00
2024/04/08, 13:31:48.203,36.046,-74.769, 1.11,334.43,330.46,1.02,12.1,12.2,1022.8,1022.6,0.0,0.0,0.0,0.0,311,318,2.5,5.0,62.7,62.6,2.2,4.7,274.3,287.6,1024.9,1024.7,578.28,299.4,1978.21,35.3005,18.9545,253.1,41.4,1518.965, NAN, NAN, NAN, NAN,,2024/04/08 13:31:48.203,2024-04-08 13:31:48.203000+00:00
2024/04/08, 13:32:48.203,36.046,-74.769, 1.10,334.25,350.74,0.76,12.2,12.2,1022.8,1022.7,0.0,0.0,0.0,0.0,303,313,3.4,5.7,64.0,64.2,3.2,5.4,271.4,284.2,1024.9,1024.8,581.6,299.34,1981.48,35.3144,19.0352,251.3,41.3,1519.21, NAN, NAN, NAN, NAN,,2024/04/08 13:32:48.203,2024-04-08 13:32:48.203000+00:00
2024/04/08, 13:33:48.203,36.047,-74.769, 1.07,336.04,333.25,1.04,12.1,12.2,1022.8,1022.8,0.0,0.0,0.0,0.0,309,317,2.7,5.3,62.4,62.3,2.4,4.9,274.8,288.6,1024.9,1024.9,589.11,299.19,1984.55,35.3259,19.1176,252.1,41.2,1519.457, NAN, NAN, NAN, NAN,,2024/04/08 13:33:48.203,2024-04-08 13:33:48.203000+00:00
2024/04/08, 13:34:48.203,36.047,-74.769, 1.10,335.49,352.57,1.01,12.1,12.2,1022.8,1022.8,0.0,0.0,0.0,0.0,308,315,3.0,5.4,63.8,63.3,2.9,5.3,273.5,285.1,1024.9,1024.9,591.01,299.45,1987.13,35.3402,19.1902,250.4,41.3,1519.678, NAN, NAN, NAN, NAN,,2024/04/08 13:34:48.203,2024-04-08 13:34:48.203000+00:00
2024/04/08, 13:35:48.203,36.047,-74.77, 1.23,335.78,325.63,1.3,12.1,12.2,1022.8,1022.8,0.0,0.0,0.0,0.0,321,322,2.8,5.3,63.8,63.8,2.2,4.6,293.1,296.2,1024.9,1024.9,590.24,300.86,1989.58,35.3701,19.2561,250.7,41.4,1519.898, NAN, NAN, NAN, NAN,,2024/04/08 13:35:48.203,2024-04-08 13:35:48.203000+00:00
2024/04/08, 13:36:48.203,36.047,-74.77, 1.16,334.89,20.98,1.07,12.2,12.2,1022.8,1022.8,0.0,0.0,0.0,0.0,302,314,3.0,5.3,64.1,64.1,2.8,5.0,266.6,283.8,1024.9,1024.9,594.55,299.51,1992.35,35.3946,19.2855,250.0,41.5,1520.008, NAN, NAN, NAN, NAN,,2024/04/08 13:36:48.203,2024-04-08 13:36:48.203000+00:00
2024/04/08, 13:37:48.203,36.048,-74.77, 1.17,334.87,341.27,1.14,12.2,12.2,1022.8,1022.8,0.0,0.0,0.0,0.0,320,324,2.8,5.5,64.5,64.5,2.4,5.0,285.7,294.9,1024.9,1024.9,600.53,299.38,1993.75,35.414,19.2927,249.1,41.4,1520.05, NAN, NAN, NAN, NAN,,2024/04/08 13:37:48.203,2024-04-08 13:37:48.203000+00:00
2024/04/08, 13:38:48.203,36.048,-74.77, 1.24,335.12,318.49,1.23,12.1,12.2,1022.8,1022.8,0.0,0.0,0.0,0.0,320,323,3.1,5.6,63.4,63.2,2.6,5.1,286.5,294.0,1024.9,1024.9,604.74,299.59,1996.64,35.4363,19.2968,248.6,41.3,1520.087, NAN, NAN, NAN, NAN,,2024/04/08 13:38:48.203,2024-04-08 13:38:48.203000+00:00
2024/04/08, 13:39:48.203,36.048,-74.77, 1.20,334.6,3.78,0.81,12.2,12.2,1022.8,1022.8,0.0,0.0,0.0,0.0,323,323,2.9,5.4,63.4,65.9,2.6,5.1,292.3,294.9,1024.9,1024.9,605.0,299.36,1997.38,35.4535,19.323,248.0,41.4,1520.18, NAN, NAN, NAN, NAN,,2024/04/08 13:39:48.203,2024-04-08 13:39:48.203000+00:00
2024/04/08, 13:40:48.204,36.048,-74.77, 1.24,335.1,300.35,1.11,12.2,12.2,1022.8,1022.8,0.0,0.0,0.0,0.0,320,322,2.7,5.6,63.7,64.2,2.2,5.1,289.1,294.7,1024.9,1024.9,610.05,299.2,2001.84,35.4603,19.3545,248.8,41.4,1520.276, NAN, NAN, NAN, NAN,,2024/04/08 13:40:48.204,2024-04-08 13:40:48.204000+00:00
2024/04/08, 13:41:48.204,36.049,-74.771, 1.21,335.32,346.93,1.06,12.2,12.2,1022.8,1022.8,0.0,0.0,0.0,0.0,321,322,2.9,5.7,65.3,65.1,2.6,5.4,286.4,292.6,1024.9,1024.9,616.21,299.79,2004.82,35.4692,19.3903,248.6,41.4,1520.387, NAN, NAN, NAN, NAN,,2024/04/08 13:41:48.204,2024-04-08 13:41:48.204000+00:00
2024/04/08, 13:42:48.204,36.049,-74.771, 1.24,333.83,286.55,1.04,12.2,12.2,1022.8,1022.8,0.0,0.0,0.0,0.0,317,319,2.7,4.8,64.9,64.6,2.2,4.3,288.8,292.0,1024.9,1024.9,614.15,299.94,2004.28,35.4692,19.4124,249.4,41.4,1520.449, NAN, NAN, NAN, NAN,,2024/04/08 13:42:48.204,2024-04-08 13:42:48.204000+00:00
2024/04/08, 13:43:48.204,36.049,-74.771, 1.13,334.85,323.45,1.16,12.2,12.2,1022.8,1022.8,0.0,0.0,0.0,0.0,327,325,3.1,5.6,64.4,63.8,2.5,5.0,298.0,297.7,1024.9,1024.9,621.13,299.67,2009.27,35.4734,19.3936,246.7,41.5,1520.401, NAN, NAN, NAN, NAN,,2024/04/08 13:43:48.204,2024-04-08 13:43:48.204000+00:00
2024/04/08, 13:44:48.204,36.049,-74.771, 1.16,335.74,350.77,0.91,12.1,12.2,1022.8,1022.8,0.0,0.0,0.0,0.0,325,325,3.3,5.7,64.6,64.4,3.1,5.5,293.2,296.5,1024.9,1024.9,623.49,299.46,2010.97,35.4914,19.3771,246.0,41.6,1520.375, NAN, NAN, NAN, NAN,,2024/04/08 13:44:48.204,2024-04-08 13:44:48.204000+00:00
2024/04/08, 13:45:48.204,36.05,-74.771, 1.18,335.22,325.87,0.92,12.1,12.1,1022.8,1022.8,0.0,0.0,0.0,0.0,323,323,2.9,5.3,63.5,63.3,2.5,4.9,292.1,295.1,1024.9,1024.9,627.46,299.55,2012.21,35.5017,19.3656,246.0,41.5,1520.354, NAN, NAN, NAN, NAN,,2024/04/08 13:45:48.204,2024-04-08 13:45:48.204000+00:00
2024/04/08, 13:46:48.204,36.05,-74.772, 1.16,334.92,315.62,1.21,12.1,12.1,1022.8,1022.8,0.0,0.0,0.0,0.0,329,326,3.0,5.3,63.8,63.8,2.4,4.7,299.5,298.3,1024.9,1024.9,629.69,299.5,2015.48,35.4898,19.3525,243.6,41.3,1520.304, NAN, NAN, NAN, NAN,,2024/04/08 13:46:48.204,2024-04-08 13:46:48.204000+00:00
2024/04/08, 13:47:48.204,36.05,-74.772, 1.19,334.45,344.55,0.92,12.1,12.1,1022.8,1022.8,0.0,0.0,0.0,0.0,304,315,3.5,5.8,64.5,64.4,3.2,5.4,272.2,286.5,1024.9,1024.9,627.32,300.02,2016.78,35.4741,19.3439,237.9,41.4,1520.262, NAN, NAN, NAN, NAN,,2024/04/08 13:47:48.204,2024-04-08 13:47:48.204000+00:00
2024/04/08, 13:48:48.204,36.05,-74.772, 1.19,335.24,344.15,1.02,12.1,12.1,1022.8,1022.8,0.0,0.0,0.0,0.0,307,318,2.5,5.1,65.3,65.4,2.2,4.7,272.2,289.5,1024.9,1024.9,629.19,299.68,2019.02,35.4565,19.3451,236.3,41.6,1520.246, NAN, NAN, NAN, NAN,,2024/04/08 13:48:48.204,2024-04-08 13:48:48.204000+00:00
2024/04/08, 13:49:48.204,36.05,-74.772, 1.19,333.41,302.1,1.22,12.1,12.1,1022.8,1022.7,0.0,0.0,0.0,0.0,311,319,2.6,5.0,65.3,65.0,2.0,4.4,281.9,292.4,1024.9,1024.8,629.83,300.67,2019.01,35.4527,19.3304,233.9,41.6,1520.2, NAN, NAN, NAN, NAN,,2024/04/08 13:49:48.204,2024-04-08 13:49:48.204000+00:00
2024/04/08, 13:50:48.204,36.051,-74.772, 1.15,333.8,310.5,1.02,12.1,12.1,1022.8,1022.6,0.0,0.0,0.0,0.0,305,314,3.0,5.3,64.9,64.8,2.7,4.9,270.5,284.0,1024.9,1024.7,640.81,299.98,2024.8,35.4421,19.3164,232.0,41.4,1520.149, NAN, NAN, NAN, NAN,,2024/04/08 13:50:48.204,2024-04-08 13:50:48.204000+00:00
2024/04/08, 13:51:48.204,36.051,-74.772, 1.14,333.58,25.34,0.93,12.1,12.1,1022.8,1022.8,0.0,0.0,0.0,0.0,309,317,2.7,4.8,65.0,65.0,2.7,4.7,272.4,285.0,1024.9,1024.9,639.03,300.86,2027.38,35.4432,19.3024,233.0,41.6,1520.111, NAN, NAN, NAN, NAN,,2024/04/08 13:51:48.204,2024-04-08 13:51:48.204000+00:00
2024/04/08, 13:52:48.204,36.051,-74.773, 1.17,333.66,355.62,1.01,12.2,12.2,1022.8,1022.8,0.0,0.0,0.0,0.0,304,315,2.7,5.1,66.5,66.5,2.6,4.9,266.6,283.2,1024.9,1024.9,642.14,299.6,2027.88,35.4349,19.2949,230.2,41.6,1520.08, NAN, NAN, NAN, NAN,,2024/04/08 13:52:48.204,2024-04-08 13:52:48.204000+00:00
2024/04/08, 13:53:48.204,36.051,-74.773, 1.18,334.8,350.64,1.2,12.1,12.2,1023.0,1023.0,0.0,0.0,0.0,0.0,308,317,2.7,5.2,64.5,64.7,2.5,4.9,269.9,285.8,1025.1,1025.1,644.67,299.89,2030.6,35.4294,19.2929,230.8,41.5,1520.068, NAN, NAN, NAN, NAN,,2024/04/08 13:53:48.204,2024-04-08 13:53:48.204000+00:00
2024/04/08, 13:54:48.204,36.052,-74.773, 1.12,334.37,337.12,0.96,12.1,12.2,1022.8,1022.8,0.0,0.0,0.0,0.0,321,323,3.0,5.6,65.1,65.2,2.7,5.3,287.5,293.5,1024.9,1024.9,646.12,299.69,2031.72,35.4155,19.2909,228.7,41.4,1520.047, NAN, NAN, NAN, NAN,,2024/04/08 13:54:48.204,2024-04-08 13:54:48.204000+00:00
2024/04/08, 13:55:48.204,36.052,-74.773, 1.14,334.31,348.01,1.08,12.1,12.1,1022.8,1022.8,0.0,0.0,0.0,0.0,326,325,2.7,4.8,64.7,64.7,2.2,4.3,293.2,295.5,1024.9,1024.9,648.28,300.09,2033.65,35.4161,19.2876,229.9,41.5,1520.038, NAN, NAN, NAN, NAN,,2024/04/08 13:55:48.204,2024-04-08 13:55:48.204000+00:00
2024/04/08, 13:56:48.205,36.052,-74.773, 1.13,333.75,305.54,1.05,12.1,12.1,1023.0,1022.8,0.0,0.0,0.0,0.0,323,323,2.8,5.2,64.9,65.1,2.3,4.7,294.0,295.4,1025.1,1024.9,650.58,299.57,2035.61,35.4274,19.2802,232.4,41.4,1520.03, NAN, NAN, NAN, NAN,,2024/04/08 13:56:48.205,2024-04-08 13:56:48.205000+00:00
2024/04/08, 13:57:48.205,36.052,-74.773, 1.21,332.89,351.34,0.96,12.1,12.1,1023.0,1022.8,0.0,0.0,0.0,0.0,327,325,2.5,4.3,65.9,65.8,2.1,3.9,292.5,293.7,1025.1,1024.9,652.72,300.5,2037.23,35.4186,19.2686,232.0,40.9,1519.988, NAN, NAN, NAN, NAN,,2024/04/08 13:57:48.205,2024-04-08 13:57:48.205000+00:00
2024/04/08, 13:58:48.205,36.053,-74.774, 1.17,333.1,322.31,0.85,12.1,12.1,1022.8,1023.0,0.0,0.0,0.0,0.0,324,325,2.7,5.3,65.9,65.8,2.3,4.9,294.0,296.7,1024.9,1025.1,655.51,300.38,2039.84,35.4204,19.2615,230.2,40.8,1519.97, NAN, NAN, NAN, NAN,,2024/04/08 13:58:48.205,2024-04-08 13:58:48.205000+00:00
2024/04/08, 13:59:48.205,36.053,-74.774, 1.22,334.85,330.79,1.13,12.1,12.1,1023.0,1023.0,0.0,0.0,0.0,0.0,310,319,2.7,5.0,67.8,67.8,2.3,4.5,275.7,290.2,1025.1,1025.1,660.48,300.61,2042.1,35.4238,19.2579,229.9,40.6,1519.963, NAN, NAN, NAN, NAN,,2024/04/08 13:59:48.205,2024-04-08 13:59:48.205000+00:00
2024/04/08, 14:00:48.205,36.053,-74.774, 1.16,333.34,312.59,1.05,12.1,12.2,1023.0,1022.9,0.0,0.0,0.0,0.0,322,325,2.4,5.0,67.2,67.3,1.9,4.5,290.8,296.8,1025.1,1025.0,660.04,300.77,2041.86,35.4122,19.2524,230.5,40.8,1519.935, NAN, NAN, NAN, NAN,,2024/04/08 14:00:48.205,2024-04-08 14:00:48.205000+00:00
2024/04/08, 14:01:48.205,36.053,-74.774, 1.14,334.32,319.68,1.1,12.1,12.1,1022.8,1022.8,0.0,0.0,0.0,0.0,322,322,2.6,5.4,66.1,66.0,2.1,4.9,289.6,293.4,1024.9,1024.9,663.73,300.27,2044.51,35.4111,19.2393,231.2,40.9,1519.897, NAN, NAN, NAN, NAN,,2024/04/08 14:01:48.205,2024-04-08 14:01:48.205000+00:00
2024/04/08, 14:02:48.205,36.054,-74.774, 1.17,334.41,335.29,1.2,12.1,12.1,1023.0,1022.8,0.0,0.0,0.0,0.0,297,313,2.5,4.6,66.1,66.1,2.1,4.1,260.0,283.6,1025.1,1024.9,667.11,300.91,2043.92,35.4143,19.2257,230.8,40.9,1519.862, NAN, NAN, NAN, NAN,,2024/04/08 14:02:48.205,2024-04-08 14:02:48.205000+00:00
2024/04/08, 14:03:48.205,36.054,-74.774, 1.19,334.08,317.97,0.91,12.1,12.1,1023.0,1022.9,0.0,0.0,0.0,0.0,319,321,2.3,4.5,66.1,66.0,2.1,4.2,282.4,290.0,1025.1,1025.0,670.71,300.38,2047.3,35.4031,19.2083,229.3,40.8,1519.8, NAN, NAN, NAN, NAN,,2024/04/08 14:03:48.205,2024-04-08 14:03:48.205000+00:00
2024/04/08, 14:04:48.205,36.054,-74.775, 1.15,334.1,290.43,0.89,12.1,12.1,1022.8,1022.8,0.0,0.0,0.0,0.0,321,322,3.1,5.4,65.9,66.0,2.7,5.0,290.2,293.5,1024.9,1024.9,673.69,300.46,2049.79,35.3997,19.2006,229.0,40.9,1519.774, NAN, NAN, NAN, NAN,,2024/04/08 14:04:48.205,2024-04-08 14:04:48.205000+00:00
2024/04/08, 14:05:48.205,36.054,-74.775, 1.18,334.17,319.38,1.1,12.1,12.1,1023.0,1022.8,0.0,0.0,0.0,0.0,314,319,3.0,5.5,65.7,65.6,2.5,5.0,282.4,290.8,1025.1,1024.9,674.69,300.04,2052.54,35.3902,19.1997,229.3,41.0,1519.761, NAN, NAN, NAN, NAN,,2024/04/08 14:05:48.205,2024-04-08 14:05:48.205000+00:00
2024/04/08, 14:06:48.205,36.055,-74.775, 1.19,333.82,311.34,1.14,12.1,12.1,1023.0,1023.0,0.0,0.0,0.0,0.0,311,318,2.7,5.0,67.3,67.3,2.2,4.5,277.4,289.0,1025.1,1025.1,676.55,300.11,2053.96,35.3721,19.1998,232.0,40.9,1519.741, NAN, NAN, NAN, NAN,,2024/04/08 14:06:48.205,2024-04-08 14:06:48.205000+00:00
2024/04/08, 14:07:48.205,36.055,-74.775, 1.15,333.1,312.8,0.95,12.1,12.1,1023.0,1023.0,0.0,0.0,0.0,0.0,304,314,2.8,4.9,67.3,64.4,2.5,4.6,268.3,282.9,1025.1,1025.1,682.94,300.59,2055.55,35.3647,19.1997,229.0,40.8,1519.733, NAN, NAN, NAN, NAN,,2024/04/08 14:07:48.205,2024-04-08 14:07:48.205000+00:00
2024/04/08, 14:08:48.205,36.055,-74.775, 1.17,334.13,308.41,1.01,12.0,12.0,1023.1,1023.1,0.0,0.0,0.0,0.0,297,311,3.3,5.3,63.0,62.8,3.1,4.9,262.8,280.9,1025.2,1025.2,684.23,301.09,2058.13,35.3567,19.1961,227.5,40.9,1519.713, NAN, NAN, NAN, NAN,,2024/04/08 14:08:48.205,2024-04-08 14:08:48.205000+00:00
2024/04/08, 14:09:48.205,36.055,-74.775, 1.15,334.29,290.92,1.04,12.1,12.1,1023.0,1023.0,0.0,0.0,0.0,0.0,302,313,3.2,5.6,66.3,66.5,2.7,5.1,271.5,285.8,1025.1,1025.1,688.58,300.15,2060.27,35.3502,19.1915,226.8,40.9,1519.693, NAN, NAN, NAN, NAN,,2024/04/08 14:09:48.205,2024-04-08 14:09:48.205000+00:00
2024/04/08, 14:10:48.205,36.056,-74.776, 1.17,334.36,355.31,0.98,12.1,12.1,1023.0,1023.0,0.0,0.0,0.0,0.0,312,318,2.7,5.2,63.8,63.9,2.5,4.9,276.2,287.6,1025.1,1025.1,688.98,300.28,2060.91,35.3423,19.1873,227.2,40.7,1519.672, NAN, NAN, NAN, NAN,,2024/04/08 14:10:48.205,2024-04-08 14:10:48.205000+00:00
2024/04/08, 14:11:48.205,36.056,-74.776, 1.18,333.67,277.7,1.01,12.0,12.1,1023.0,1023.0,0.0,0.0,0.0,0.0,305,314,2.8,5.3,64.5,64.4,2.3,4.8,273.2,285.9,1025.1,1025.1,695.63,300.43,2061.66,35.3373,19.1822,228.4,40.9,1519.652, NAN, NAN, NAN, NAN,,2024/04/08 14:11:48.205,2024-04-08 14:11:48.205000+00:00
2024/04/08, 14:12:48.205,36.056,-74.776, 1.17,333.33,13.25,1.09,12.0,12.1,1023.0,1023.0,0.0,0.0,0.0,0.0,301,313,3.2,5.3,65.7,65.6,3.2,5.2,264.3,280.3,1025.1,1025.1,700.07,300.68,2063.4,35.3329,19.181,227.8,41.0,1519.644, NAN, NAN, NAN, NAN,,2024/04/08 14:12:48.205,2024-04-08 14:12:48.205000+00:00
2024/04/08, 14:13:48.206,36.056,-74.776, 1.15,333.49,353.31,0.96,12.0,12.1,1023.1,1023.0,0.0,0.0,0.0,0.0,297,312,2.7,4.7,65.6,65.5,2.5,4.4,260.4,280.6,1025.2,1025.1,705.01,301.19,2066.25,35.3332,19.1727,227.8,40.9,1519.621, NAN, NAN, NAN, NAN,,2024/04/08 14:13:48.206,2024-04-08 14:13:48.206000+00:00
2024/04/08, 14:14:48.206,36.057,-74.776, 1.12,334.12,316.44,1.02,12.1,12.1,1023.2,1023.0,0.0,0.0,0.0,0.0,297,311,3.2,5.4,65.6,65.5,3.0,5.1,262.1,280.6,1025.3,1025.1,707.58,300.56,2067.66,35.3316,19.1773,227.8,40.8,1519.632, NAN, NAN, NAN, NAN,,2024/04/08 14:14:48.206,2024-04-08 14:14:48.206000+00:00
2024/04/08, 14:15:48.206,36.057,-74.776, 1.10,333.87,308.52,0.84,12.1,12.1,1023.0,1023.0,0.0,0.0,0.0,0.0,320,322,2.7,5.3,64.7,64.5,2.3,4.9,288.5,293.5,1025.1,1025.1,711.43,300.7,2069.8,35.3267,19.1859,228.0,40.9,1519.651, NAN, NAN, NAN, NAN,,2024/04/08 14:15:48.206,2024-04-08 14:15:48.206000+00:00
2024/04/08, 14:16:48.206,36.057,-74.777, 1.12,334.11,9.12,1.05,12.1,12.1,1023.0,1023.0,0.0,0.0,0.0,0.0,309,317,2.6,4.9,66.1,66.0,2.5,4.7,271.2,285.1,1025.1,1025.1,715.4,300.97,2068.86,35.3225,19.1981,228.4,40.7,1519.68, NAN, NAN, NAN, NAN,,2024/04/08 14:16:48.206,2024-04-08 14:16:48.206000+00:00
2024/04/08, 14:17:48.206,36.057,-74.777, 1.10,333.41,325.47,1.03,12.1,12.1,1023.0,1023.0,0.0,0.0,0.0,0.0,319,322,2.9,5.4,66.9,66.8,2.5,5.0,284.8,291.9,1025.1,1025.1,721.75,300.93,2071.34,35.3226,19.1837,227.5,40.8,1519.64, NAN, NAN, NAN, NAN,,2024/04/08 14:17:48.206,2024-04-08 14:17:48.206000+00:00
2024/04/08, 14:18:48.206,36.057,-74.777, 1.17,333.45,314.52,1.14,12.1,12.1,1023.2,1023.2,0.0,0.0,0.0,0.0,315,320,2.7,5.2,66.0,66.0,2.3,4.7,278.8,289.3,1025.3,1025.3,727.35,300.42,2073.1,35.324,19.1174,227.8,40.9,1519.454, NAN, NAN, NAN, NAN,,2024/04/08 14:18:48.206,2024-04-08 14:18:48.206000+00:00
2024/04/08, 14:19:48.206,36.058,-74.777, 1.13,333.28,317.96,0.95,12.0,12.1,1023.2,1023.2,0.0,0.0,0.0,0.0,312,318,3.2,5.7,65.9,65.8,2.8,5.3,279.6,288.7,1025.3,1025.3,726.46,300.33,2074.49,35.3211,19.0269,230.2,41.0,1519.194, NAN, NAN, NAN, NAN,,2024/04/08 14:19:48.206,2024-04-08 14:19:48.206000+00:00
2024/04/08, 14:20:48.206,36.058,-74.777, 1.14,333.98,15.94,1.03,12.0,12.1,1023.3,1023.2,0.0,0.0,0.0,0.0,295,311,2.9,5.1,66.0,66.0,2.9,5.0,258.6,279.2,1025.4,1025.3,731.95,300.79,2075.63,35.3247,18.534,228.4,40.8,1517.79, NAN, NAN, NAN, NAN,,2024/04/08 14:20:48.206,2024-04-08 14:20:48.206000+00:00
2024/04/08, 14:21:48.206,36.058,-74.777, 1.13,333.56,329.44,0.88,12.0,12.0,1023.2,1023.1,0.0,0.0,0.0,0.0,310,317,2.9,5.4,66.3,66.3,2.7,5.1,275.4,286.6,1025.3,1025.2,734.96,301.28,2077.9,35.2992,17.9933,228.4,40.8,1516.194, NAN, NAN, NAN, NAN,,2024/04/08 14:21:48.206,2024-04-08 14:21:48.206000+00:00
2024/04/08, 14:22:48.206,36.058,-74.778, 1.16,333.79,295.98,1.0,12.0,12.0,1023.3,1023.2,0.0,0.0,0.0,0.0,300,312,3.0,5.3,66.2,66.1,2.7,4.9,266.1,282.6,1025.4,1025.3,736.62,301.06,2078.99,35.2683,17.5728,225.3,40.5,1514.925, NAN, NAN, NAN, NAN,,2024/04/08 14:22:48.206,2024-04-08 14:22:48.206000+00:00
2024/04/08, 14:23:48.206,36.059,-74.778, 1.13,333.35,339.32,1.12,12.0,12.0,1023.2,1023.2,0.0,0.0,0.0,0.0,303,314,3.0,5.4,64.7,64.5,2.8,5.1,265.5,282.0,1025.3,1025.3,746.21,300.39,2079.32,35.1882,17.345,224.4,40.5,1514.16, NAN, NAN, NAN, NAN,,2024/04/08 14:23:48.206,2024-04-08 14:23:48.206000+00:00
2024/04/08, 14:24:48.206,36.059,-74.778, 1.15,333.61,333.56,0.96,12.0,12.0,1023.3,1023.2,0.0,0.0,0.0,0.0,302,314,2.9,5.3,63.6,63.5,2.7,5.0,266.3,283.2,1025.4,1025.3,747.78,300.61,2080.36,34.9756,17.2512,226.8,40.4,1513.638, NAN, NAN, NAN, NAN,,2024/04/08 14:24:48.206,2024-04-08 14:24:48.206000+00:00
2024/04/08, 14:25:48.206,36.059,-74.778, 1.13,334.18,350.21,0.98,12.0,12.0,1023.2,1023.2,0.0,0.0,0.0,0.0,304,315,2.6,5.0,63.9,63.8,2.4,4.7,267.6,284.5,1025.3,1025.3,749.78,300.93,2079.32,34.8607,17.1989,227.5,40.3,1513.35, NAN, NAN, NAN, NAN,,2024/04/08 14:25:48.206,2024-04-08 14:25:48.206000+00:00
2024/04/08, 14:26:48.206,36.059,-74.778, 1.17,333.96,335.7,1.04,12.0,12.0,1023.3,1023.2,0.0,0.0,0.0,0.0,294,311,3.6,5.6,65.8,65.6,3.3,5.2,260.8,281.8,1025.4,1025.3,755.59,301.19,2080.74,34.79,17.1598,228.0,40.3,1513.153, NAN, NAN, NAN, NAN,,2024/04/08 14:26:48.206,2024-04-08 14:26:48.206000+00:00
2024/04/08, 14:27:48.206,36.06,-74.779, 1.17,333.09,311.49,0.93,12.0,12.0,1023.3,1023.2,0.0,0.0,0.0,0.0,291,306,3.2,5.2,65.8,65.8,3.0,4.9,255.8,274.7,1025.4,1025.3,755.63,301.29,2079.42,34.7134,17.0803,230.2,40.2,1512.827, NAN, NAN, NAN, NAN,,2024/04/08 14:27:48.206,2024-04-08 14:27:48.206000+00:00
2024/04/08, 14:28:48.207,36.06,-74.779, 1.15,333.73,317.84,1.06,12.0,12.0,1023.3,1023.2,0.0,0.0,0.0,0.0,287,310,2.7,4.8,64.2,64.1,2.4,4.3,250.3,280.1,1025.4,1025.3,760.94,301.41,2079.65,34.7036,16.7775,232.4,40.2,1511.905, NAN, NAN, NAN, NAN,,2024/04/08 14:28:48.207,2024-04-08 14:28:48.207000+00:00
2024/04/08, 14:29:48.207,36.06,-74.779, 1.08,334.71,7.34,0.77,12.0,12.0,1023.2,1023.1,0.0,0.0,0.0,0.0,296,311,3.3,5.5,66.7,66.5,3.1,5.2,264.4,282.6,1025.3,1025.2,764.97,301.16,2086.37,34.6251,16.5313,230.2,40.2,1511.07, NAN, NAN, NAN, NAN,,2024/04/08 14:29:48.207,2024-04-08 14:29:48.207000+00:00
2024/04/08, 14:30:48.207,36.06,-74.779, 0.71,334.22,357.34,0.59,12.0,12.0,1023.3,1023.3,0.0,0.0,0.0,0.0,311,317,2.9,5.5,64.9,64.8,2.7,5.3,280.7,289.1,1025.4,1025.4,770.3,300.73,2088.3,34.5323,16.337,229.3,40.1,1510.371, NAN, NAN, NAN, NAN,,2024/04/08 14:30:48.207,2024-04-08 14:30:48.207000+00:00
2024/04/08, 14:31:48.207,36.06,-74.779, 0.72,333.76,319.82,0.66,12.0,12.0,1023.3,1023.3,0.0,0.0,0.0,0.0,304,314,2.5,4.7,64.6,64.3,2.2,4.4,272.7,285.9,1025.4,1025.4,771.34,300.82,2089.73,34.4226,16.2268,231.4,40.0,1509.907, NAN, NAN, NAN, NAN,,2024/04/08 14:31:48.207,2024-04-08 14:31:48.207000+00:00
2024/04/08, 14:32:48.207,36.061,-74.779, 0.65,333.91,19.39,0.42,12.0,12.0,1023.2,1023.1,0.0,0.0,0.0,0.0,293,309,3.1,5.1,65.5,65.4,3.2,5.1,263.1,280.5,1025.3,1025.2,778.5,301.21,2091.38,34.3852,16.1704,232.7,39.8,1509.691, NAN, NAN, NAN, NAN,,2024/04/08 14:32:48.207,2024-04-08 14:32:48.207000+00:00
2024/04/08, 14:33:48.207,36.061,-74.779, 0.49,334.25,0.22,0.45,12.0,12.0,1023.2,1023.1,0.0,0.0,0.0,0.0,296,309,3.2,5.0,64.3,64.2,3.2,4.9,266.1,280.7,1025.3,1025.2,779.98,301.23,2092.59,34.2765,16.127,231.7,40.0,1509.432, NAN, NAN, NAN, NAN,,2024/04/08 14:33:48.207,2024-04-08 14:33:48.207000+00:00
2024/04/08, 14:34:48.207,36.061,-74.779, 0.51,333.63,349.94,0.27,12.0,12.0,1023.3,1023.2,0.0,0.0,0.0,0.0,281,304,3.3,5.1,63.6,63.6,3.3,5.0,252.2,276.2,1025.4,1025.3,784.2,301.34,2094.18,34.1398,16.0952,231.4,39.7,1509.177, NAN, NAN, NAN, NAN,,2024/04/08 14:34:48.207,2024-04-08 14:34:48.207000+00:00
2024/04/08, 14:35:48.207,36.061,-74.779, 0.47,333.87,40.92,0.35,12.0,12.0,1023.1,1023.0,0.0,0.0,0.0,0.0,293,308,3.3,5.3,65.5,65.5,3.3,5.3,263.8,279.9,1025.2,1025.1,784.77,301.3,2094.42,34.0821,16.0749,231.4,39.7,1509.048, NAN, NAN, NAN, NAN,,2024/04/08 14:35:48.207,2024-04-08 14:35:48.207000+00:00
2024/04/08, 14:36:48.207,36.061,-74.78, 0.53,309.81,289.67,1.33,12.0,12.0,1023.3,1023.2,0.0,0.0,0.0,0.0,308,317,3.1,5.6,64.9,64.8,2.4,4.9,254.5,266.4,1025.4,1025.3,792.7,300.9,2097.54,34.0499,16.0574,229.3,39.6,1508.957, NAN, NAN, NAN, NAN,,2024/04/08 14:36:48.207,2024-04-08 14:36:48.207000+00:00
2024/04/08, 14:37:48.207,36.061,-74.78, 1.85,282.74,270.48,2.23,12.0,12.0,1023.2,1023.1,0.0,0.0,0.0,0.0,340,333,3.5,4.1,66.0,65.9,2.4,3.0,261.3,251.9,1025.3,1025.2,766.03,299.72,2108.39,34.025,16.0179,229.6,39.5,1508.806, NAN, NAN, NAN, NAN,,2024/04/08 14:37:48.207,2024-04-08 14:37:48.207000+00:00
2024/04/08, 14:38:48.207,36.061,-74.781, 1.57,277.14,243.67,2.18,12.0,12.0,1023.2,1023.0,0.0,0.0,0.0,0.0,355,348,3.4,3.5,65.5,65.5,2.4,2.4,282.8,272.6,1025.3,1025.1,766.4,299.16,2115.13,34.0103,15.9619,229.9,39.4,1508.616, NAN, NAN, NAN, NAN,,2024/04/08 14:38:48.207,2024-04-08 14:38:48.207000+00:00
2024/04/08, 14:39:48.207,36.061,-74.781, 0.63,317.48,272.21,0.99,12.0,12.0,1023.2,1023.2,0.0,0.0,0.0,0.0,331,331,2.3,3.5,64.2,64.5,1.8,3.0,291.7,290.4,1025.3,1025.3,796.45,300.46,2103.2,33.985,15.8475,230.2,39.3,1508.233, NAN, NAN, NAN, NAN,,2024/04/08 14:39:48.207,2024-04-08 14:39:48.207000+00:00
2024/04/08, 14:40:48.207,36.061,-74.782, 0.05,335.29,251.96,0.71,12.0,12.0,1023.3,1023.2,0.0,0.0,0.0,0.0,285,305,3.5,5.4,64.4,64.4,3.1,5.1,261.3,282.3,1025.4,1025.3,802.67,301.51,2101.67,34.0485,15.7335,237.9,39.5,1507.953, NAN, NAN, NAN, NAN,,2024/04/08 14:40:48.207,2024-04-08 14:40:48.207000+00:00
2024/04/08, 14:41:48.207,36.061,-74.782, 0.09,343.13,242.03,0.54,12.0,12.0,1023.2,1023.2,0.0,0.0,0.0,0.0,277,304,2.8,4.7,65.2,65.1,2.5,4.5,261.2,289.3,1025.3,1025.3,803.61,301.94,2103.22,33.9301,15.6818,236.0,39.5,1507.655, NAN, NAN, NAN, NAN,,2024/04/08 14:41:48.207,2024-04-08 14:41:48.207000+00:00
2024/04/08, 14:42:48.207,36.061,-74.782, 0.43,7.35,258.04,0.47,12.0,12.0,1023.1,1023.2,0.0,0.0,0.0,0.0,245,293,2.4,2.9,66.2,66.3,2.2,2.7,249.2,302.0,1025.2,1025.3,795.71,303.36,2114.24,34.0386,15.619,243.6,39.6,1507.585, NAN, NAN, NAN, NAN,,2024/04/08 14:42:48.207,2024-04-08 14:42:48.207000+00:00
2024/04/08, 14:43:48.207,36.061,-74.782, 0.22,17.49,177.53,0.2,12.0,12.0,1023.2,1023.2,0.0,0.0,0.0,0.0,253,280,2.5,2.7,67.3,67.4,2.4,2.6,269.4,297.5,1025.3,1025.3,792.49,303.1,2119.2,33.9328,15.6518,238.8,39.6,1507.564, NAN, NAN, NAN, NAN,,2024/04/08 14:43:48.207,2024-04-08 14:43:48.207000+00:00
2024/04/08, 14:44:48.207,36.061,-74.782, 0.36,20.24,132.71,0.1,12.0,12.0,1023.2,1023.2,0.0,0.0,0.0,0.0,251,269,2.8,2.9,65.8,65.7,2.8,2.9,270.3,288.6,1025.3,1025.3,789.63,302.79,2123.64,33.873,15.7065,239.6,39.5,1507.665, NAN, NAN, NAN, NAN,,2024/04/08 14:44:48.207,2024-04-08 14:44:48.207000+00:00
2024/04/08, 14:45:48.208,36.061,-74.782, 0.40,19.23,259.91,0.34,12.0,12.1,1023.2,1023.1,0.0,0.0,0.0,0.0,247,265,2.6,2.6,66.6,66.3,2.6,2.7,270.0,287.6,1025.3,1025.2,794.13,302.76,2125.24,33.8825,15.7141,241.2,39.1,1507.7, NAN, NAN, NAN, NAN,,2024/04/08 14:45:48.208,2024-04-08 14:45:48.208000+00:00
2024/04/08, 14:46:48.208,36.061,-74.782, 0.42,20.68,268.97,0.13,12.0,12.1,1023.0,1023.0,0.0,0.0,0.0,0.0,232,268,2.4,2.2,65.4,65.2,2.4,2.2,254.2,290.3,1025.1,1025.1,799.21,302.97,2124.91,33.8728,15.6874,246.4,39.0,1507.606, NAN, NAN, NAN, NAN,,2024/04/08 14:46:48.208,2024-04-08 14:46:48.208000+00:00
2024/04/08, 14:47:48.208,36.061,-74.782, 0.49,18.94,60.76,0.14,12.0,12.1,1023.0,1023.0,0.0,0.0,0.0,0.0,241,287,2.4,2.7,64.7,64.7,2.5,2.7,259.8,304.8,1025.1,1025.1,799.24,302.58,2125.33,34.1797,15.6601,253.1,39.1,1507.876, NAN, NAN, NAN, NAN,,2024/04/08 14:47:48.208,2024-04-08 14:47:48.208000+00:00
2024/04/08, 14:48:48.208,36.061,-74.782, 0.43,20.56,177.71,0.16,12.0,12.1,1023.2,1023.2,0.0,0.0,0.0,0.0,238,267,2.8,2.2,64.9,64.8,2.8,2.2,260.2,289.5,1025.3,1025.3,802.03,303.0,2126.82,34.1945,15.6429,252.1,39.6,1507.84, NAN, NAN, NAN, NAN,,2024/04/08 14:48:48.208,2024-04-08 14:48:48.208000+00:00
2024/04/08, 14:49:48.208,36.061,-74.782, 0.50,20.33,284.11,0.34,12.0,12.1,1023.3,1023.2,0.0,0.0,0.0,0.0,239,257,2.9,2.5,65.2,65.0,2.8,2.3,257.4,276.3,1025.4,1025.3,805.82,302.46,2127.24,34.1288,15.6559,252.1,39.6,1507.804, NAN, NAN, NAN, NAN,,2024/04/08 14:49:48.208,2024-04-08 14:49:48.208000+00:00
2024/04/08, 14:50:48.208,36.061,-74.782, 0.43,23.65,342.18,0.26,12.0,12.1,1023.2,1023.1,0.0,0.0,0.0,0.0,237,262,2.5,2.5,64.1,64.0,2.6,2.5,258.1,282.6,1025.3,1025.2,807.52,302.94,2129.28,34.0802,15.6522,250.0,39.7,1507.736, NAN, NAN, NAN, NAN,,2024/04/08 14:50:48.208,2024-04-08 14:50:48.208000+00:00
2024/04/08, 14:51:48.208,36.061,-74.782, 2.16,49.54,41.31,2.17,12.0,12.1,1023.3,1023.3,0.0,0.0,0.0,0.0,229,276,1.9,1.8,64.7,64.5,2.7,1.9,258.6,290.6,1025.4,1025.4,815.79,303.58,2149.43,34.0542,15.652,248.3,39.4,1507.706, NAN, NAN, NAN, NAN,,2024/04/08 14:51:48.208,2024-04-08 14:51:48.208000+00:00
2024/04/08, 14:52:48.208,36.061,-74.781, 3.21,82.23,77.45,2.99,12.1,12.1,1023.3,1023.3,0.0,0.0,0.0,0.0,171,229,1.0,1.2,65.9,65.6,2.5,2.5,259.9,284.7,1025.4,1025.4,788.86,304.62,2170.6,34.0281,15.6763,249.4,39.4,1507.751, NAN, NAN, NAN, NAN,,2024/04/08 14:52:48.208,2024-04-08 14:52:48.208000+00:00
2024/04/08, 14:53:48.208,36.061,-74.78, 4.80,89.49,97.91,4.35,12.2,12.2,1023.2,1023.1,0.0,0.0,0.0,0.0,90,32,0.7,1.3,66.4,66.9,2.3,1.2,257.7,247.4,1025.3,1025.2,782.93,305.41,2185.73,34.0297,15.7299,248.0,39.8,1507.92, NAN, NAN, NAN, NAN,,2024/04/08 14:53:48.208,2024-04-08 14:53:48.208000+00:00
2024/04/08, 14:54:48.208,36.061,-74.778, 5.63,86.45,99.79,5.25,12.3,12.3,1023.2,1023.2,0.0,0.0,0.0,0.0,61,40,1.0,3.2,65.4,67.0,2.2,1.5,257.6,183.7,1025.3,1025.3,793.22,304.59,2184.2,33.9768,15.7324,244.9,39.8,1507.866, NAN, NAN, NAN, NAN,,2024/04/08 14:54:48.208,2024-04-08 14:54:48.208000+00:00
2024/04/08, 14:55:48.208,36.061,-74.776, 6.13,94.26,109.73,5.97,12.4,12.4,1023.0,1023.0,0.0,0.0,0.0,0.0,63,54,1.1,2.1,63.6,63.5,2.5,2.1,266.1,242.9,1025.1,1025.1,789.82,304.52,2189.23,33.9577,15.8051,242.4,39.8,1508.07, NAN, NAN, NAN, NAN,,2024/04/08 14:55:48.208,2024-04-08 14:55:48.208000+00:00
2024/04/08, 14:56:48.208,36.06,-74.775, 5.94,83.86,99.54,5.28,12.4,12.4,1023.2,1023.1,0.0,0.0,0.0,0.0,114,61,0.6,1.9,61.0,61.0,2.9,1.9,267.3,234.9,1025.3,1025.2,802.76,304.91,2186.45,33.9877,15.8571,243.3,39.8,1508.266, NAN, NAN, NAN, NAN,,2024/04/08 14:56:48.208,2024-04-08 14:56:48.208000+00:00
2024/04/08, 14:57:48.208,36.06,-74.773, 2.94,48.52,67.09,2.19,12.5,12.5,1023.2,1023.2,0.0,0.0,0.0,0.0,224,309,1.3,1.9,60.8,61.0,2.4,1.9,263.3,323.5,1025.3,1025.3,845.43,305.64,2160.26,33.9538,15.899,239.6,39.7,1508.356, NAN, NAN, NAN, NAN,,2024/04/08 14:57:48.208,2024-04-08 14:57:48.208000+00:00
2024/04/08, 14:58:48.208,36.06,-74.773, 0.76,31.04,101.81,0.8,12.5,12.5,1023.3,1023.3,0.0,0.0,0.0,0.0,231,286,2.1,1.6,60.5,60.7,2.5,1.9,263.5,308.1,1025.4,1025.4,824.7,303.78,2138.21,33.9932,15.9662,241.5,39.6,1508.61, NAN, NAN, NAN, NAN,,2024/04/08 14:58:48.208,2024-04-08 14:58:48.208000+00:00
2024/04/08, 14:59:48.208,36.06,-74.773, 0.56,31.22,58.62,0.28,12.5,12.6,1023.0,1023.0,0.0,0.0,0.0,0.0,226,243,3.0,2.1,62.9,63.0,3.1,2.2,259.1,275.9,1025.1,1025.1,828.16,303.28,2139.31,34.0117,15.9551,236.9,39.9,1508.597, NAN, NAN, NAN, NAN,,2024/04/08 14:59:48.208,2024-04-08 14:59:48.208000+00:00
2024/04/08, 15:00:48.208,36.06,-74.773, 0.29,24.81,118.86,0.27,12.5,12.5,1023.2,1023.1,0.0,0.0,0.0,0.0,238,294,2.5,2.4,60.9,60.7,2.6,2.5,264.4,317.5,1025.3,1025.2,833.61,302.86,2134.86,34.049,15.9531,235.7,39.7,1508.634, NAN, NAN, NAN, NAN,,2024/04/08 15:00:48.208,2024-04-08 15:00:48.208000+00:00
2024/04/08, 15:01:48.209,36.06,-74.773, 0.60,25.1,160.6,0.51,12.5,12.5,1023.0,1023.0,0.0,0.0,0.0,0.0,243,263,2.5,2.3,60.9,61.3,2.7,2.5,272.2,290.8,1025.1,1025.1,837.67,302.52,2134.52,33.9776,15.9611,232.0,39.9,1508.576, NAN, NAN, NAN, NAN,,2024/04/08 15:01:48.209,2024-04-08 15:01:48.209000+00:00
2024/04/08, 15:02:48.209,36.06,-74.772, 0.36,24.56,4.82,0.23,12.4,12.4,1023.2,1023.1,0.0,0.0,0.0,0.0,246,261,2.9,2.7,61.1,61.2,2.9,2.6,268.3,283.4,1025.3,1025.2,841.84,302.59,2136.66,34.0421,15.9597,233.6,39.6,1508.646, NAN, NAN, NAN, NAN,,2024/04/08 15:02:48.209,2024-04-08 15:02:48.209000+00:00
2024/04/08, 15:03:48.209,36.06,-74.772, 0.33,24.31,313.32,0.35,12.3,12.4,1023.2,1023.2,0.0,0.0,0.0,0.0,237,265,2.7,2.2,62.6,62.3,2.6,2.0,258.4,287.6,1025.3,1025.3,843.74,302.56,2137.14,34.1331,16.0035,236.3,39.7,1508.886, NAN, NAN, NAN, NAN,,2024/04/08 15:03:48.209,2024-04-08 15:03:48.209000+00:00
2024/04/08, 15:04:48.209,36.06,-74.772, 1.36,47.21,52.38,1.15,12.3,12.4,1023.0,1022.9,0.0,0.0,0.0,0.0,218,266,2.3,1.7,63.6,63.3,2.8,1.8,257.6,294.4,1025.1,1025.0,840.63,302.68,2151.96,34.2762,15.9547,239.1,39.9,1508.901, NAN, NAN, NAN, NAN,,2024/04/08 15:04:48.209,2024-04-08 15:04:48.209000+00:00
2024/04/08, 15:05:48.209,36.061,-74.772, 2.15,106.55,120.28,2.42,12.3,12.4,1023.0,1022.8,0.0,0.0,0.0,0.0,118,21,0.9,2.0,63.8,64.1,1.7,0.8,267.5,143.7,1025.1,1024.9,817.77,304.46,2188.57,34.4259,15.9006,241.8,39.9,1508.907, NAN, NAN, NAN, NAN,,2024/04/08 15:05:48.209,2024-04-08 15:05:48.209000+00:00
2024/04/08, 15:06:48.209,36.06,-74.771, 2.85,174.84,170.35,3.53,12.3,12.4,1023.1,1023.0,0.0,0.0,0.0,0.0,77,62,3.2,4.5,63.8,64.3,3.6,4.3,282.3,260.5,1025.2,1025.1,804.48,302.44,2214.06,34.6883,16.0381,240.9,40.0,1509.634, NAN, NAN, NAN, NAN,,2024/04/08 15:06:48.209,2024-04-08 15:06:48.209000+00:00
2024/04/08, 15:07:48.209,36.059,-74.771, 3.53,210.94,203.32,4.05,12.4,12.4,1023.2,1023.0,0.0,0.0,0.0,0.0,32,27,4.1,4.0,62.7,62.8,2.8,2.5,270.5,264.7,1025.3,1025.1,838.55,300.0,2192.06,34.2634,16.0419,238.8,40.1,1509.155, NAN, NAN, NAN, NAN,,2024/04/08 15:07:48.209,2024-04-08 15:07:48.209000+00:00
2024/04/08, 15:08:48.209,36.058,-74.772, 4.70,220.75,214.91,5.21,12.4,12.4,1023.0,1023.0,0.0,0.0,0.0,0.0,34,29,4.7,4.9,62.4,62.2,3.2,3.2,288.1,279.8,1025.1,1025.1,851.14,298.91,2186.76,34.0762,16.031,235.4,40.0,1508.906, NAN, NAN, NAN, NAN,,2024/04/08 15:08:48.209,2024-04-08 15:08:48.209000+00:00
2024/04/08, 15:09:48.209,36.057,-74.773, 5.42,225.44,221.65,5.74,12.3,12.3,1023.2,1023.1,0.0,0.0,0.0,0.0,20,14,5.6,5.3,62.8,62.9,3.1,2.6,267.4,258.8,1025.3,1025.2,859.04,299.44,2183.83,34.071,15.9623,232.7,40.0,1508.688, NAN, NAN, NAN, NAN,,2024/04/08 15:09:48.209,2024-04-08 15:09:48.209000+00:00
2024/04/08, 15:10:48.209,36.055,-74.775, 5.70,226.23,222.21,5.89,12.3,12.3,1023.1,1023.1,0.0,0.0,0.0,0.0,25,20,5.4,5.1,64.6,65.1,3.1,2.6,278.9,273.5,1025.2,1025.2,859.37,299.02,2184.26,34.1814,16.0133,230.2,40.0,1508.972, NAN, NAN, NAN, NAN,,2024/04/08 15:10:48.209,2024-04-08 15:10:48.209000+00:00
2024/04/08, 15:11:48.209,36.054,-74.776, 4.36,249.21,232.6,4.63,12.2,12.2,1023.0,1023.0,0.0,0.0,0.0,0.0,15,9,5.0,4.8,63.3,63.3,3.2,2.9,287.2,279.7,1025.1,1025.1,867.02,299.48,2175.67,34.3605,16.1988,227.8,40.2,1509.75, NAN, NAN, NAN, NAN,,2024/04/08 15:11:48.209,2024-04-08 15:11:48.209000+00:00
2024/04/08, 15:12:48.209,36.054,-74.777, 1.50,300.77,226.78,2.62,12.2,12.2,1023.0,1023.0,0.0,0.0,0.0,0.0,344,338,3.1,3.8,63.4,63.5,2.3,2.8,307.9,294.9,1025.1,1025.1,804.55,300.89,2143.03,34.3859,16.226,229.3,40.3,1509.862, NAN, NAN, NAN, NAN,,2024/04/08 15:12:48.209,2024-04-08 15:12:48.209000+00:00
2024/04/08, 15:13:48.209,36.054,-74.777, -0.29,353.03,208.23,0.46,12.2,12.2,1023.2,1023.2,0.0,0.0,0.0,0.0,276,304,2.9,4.6,63.3,62.4,2.8,4.6,273.2,300.0,1025.3,1025.3,877.19,302.91,2130.42,34.4663,16.1595,229.3,40.3,1509.751, NAN, NAN, NAN, NAN,,2024/04/08 15:13:48.209,2024-04-08 15:13:48.209000+00:00
2024/04/08, 15:14:48.209,36.054,-74.778, 0.63,2.06,288.79,0.55,12.2,12.3,1023.0,1023.0,0.0,0.0,0.0,0.0,263,294,2.8,4.1,63.8,63.7,2.6,3.8,261.1,295.5,1025.1,1025.1,879.41,303.75,2134.95,34.5216,16.1372,228.7,40.3,1509.746, NAN, NAN, NAN, NAN,,2024/04/08 15:14:48.209,2024-04-08 15:14:48.209000+00:00
2024/04/08, 15:15:48.209,36.054,-74.778, 0.30,9.69,280.35,0.71,12.3,12.3,1023.2,1023.1,0.0,0.0,0.0,0.0,255,278,3.1,3.5,63.5,63.7,2.8,3.1,262.1,288.0,1025.3,1025.2,875.38,303.34,2138.34,34.4469,16.119,228.7,40.2,1509.604, NAN, NAN, NAN, NAN,,2024/04/08 15:15:48.209,2024-04-08 15:15:48.209000+00:00
2024/04/08, 15:16:48.209,36.054,-74.778, 0.30,9.06,264.3,0.4,12.3,12.3,1023.0,1023.0,0.0,0.0,0.0,0.0,246,263,3.5,3.1,63.5,60.1,3.3,2.9,254.3,272.3,1025.1,1025.1,876.92,303.17,2140.47,34.2327,16.1145,226.8,40.3,1509.343, NAN, NAN, NAN, NAN,,2024/04/08 15:16:48.209,2024-04-08 15:16:48.209000+00:00
2024/04/08, 15:17:48.210,36.054,-74.778, 0.28,13.95,232.57,0.43,12.3,12.4,1023.2,1023.1,0.0,0.0,0.0,0.0,251,267,3.2,3.2,58.7,58.6,3.0,3.0,263.2,280.3,1025.3,1025.2,876.95,303.28,2142.85,34.3914,16.0895,229.6,40.2,1509.45, NAN, NAN, NAN, NAN,,2024/04/08 15:17:48.210,2024-04-08 15:17:48.210000+00:00
2024/04/08, 15:18:48.210,36.054,-74.778, 0.25,13.87,176.98,0.25,12.3,12.4,1023.0,1023.0,0.0,0.0,0.0,0.0,246,258,3.6,3.5,58.7,59.8,3.5,3.4,258.3,270.6,1025.1,1025.1,878.92,302.85,2142.99,34.7167,16.1158,238.1,40.3,1509.906, NAN, NAN, NAN, NAN,,2024/04/08 15:18:48.210,2024-04-08 15:18:48.210000+00:00
2024/04/08, 15:19:48.210,36.054,-74.778, 0.33,14.85,327.55,0.09,12.3,12.4,1023.2,1023.0,0.0,0.0,0.0,0.0,244,273,2.8,2.6,59.4,59.3,2.8,2.6,258.9,287.4,1025.3,1025.1,883.66,303.24,2143.9,34.9568,16.1151,244.3,40.4,1510.181, NAN, NAN, NAN, NAN,,2024/04/08 15:19:48.210,2024-04-08 15:19:48.210000+00:00
2024/04/08, 15:20:48.210,36.054,-74.778, 0.28,14.39,85.0,0.25,12.3,12.4,1023.1,1023.0,0.0,0.0,0.0,0.0,248,258,3.1,2.8,59.9,59.8,3.2,2.9,262.0,271.5,1025.2,1025.1,884.16,303.25,2144.1,34.9614,16.0991,246.0,40.7,1510.137, NAN, NAN, NAN, NAN,,2024/04/08 15:20:48.210,2024-04-08 15:20:48.210000+00:00
2024/04/08, 15:21:48.210,36.054,-74.778, 0.34,15.02,163.9,0.21,12.4,12.4,1023.1,1023.1,0.0,0.0,0.0,0.0,243,286,2.6,2.6,61.9,61.8,2.6,2.7,260.1,301.9,1025.2,1025.2,884.03,303.45,2145.18,34.7473,16.2002,243.6,40.7,1510.2, NAN, NAN, NAN, NAN,,2024/04/08 15:21:48.210,2024-04-08 15:21:48.210000+00:00
2024/04/08, 15:22:48.210,36.054,-74.778, 0.43,15.0,318.33,0.2,12.4,12.4,1023.0,1023.0,0.0,0.0,0.0,0.0,226,275,2.5,2.2,61.0,60.9,2.5,2.1,238.6,288.4,1025.1,1025.1,887.24,303.58,2144.28,34.9191,16.4312,242.1,40.7,1511.104, NAN, NAN, NAN, NAN,,2024/04/08 15:22:48.210,2024-04-08 15:22:48.210000+00:00
2024/04/08, 15:23:48.210,36.054,-74.778, 0.34,14.41,121.66,0.1,12.4,12.5,1023.1,1023.0,0.0,0.0,0.0,0.0,249,280,2.7,3.1,63.0,62.5,2.7,3.1,264.5,295.3,1025.2,1025.1,890.56,303.14,2145.89,34.9412,16.6352,243.0,40.6,1511.748, NAN, NAN, NAN, NAN,,2024/04/08 15:23:48.210,2024-04-08 15:23:48.210000+00:00
2024/04/08, 15:24:48.210,36.054,-74.778, 0.34,14.57,242.93,0.27,12.4,12.5,1023.0,1023.0,0.0,0.0,0.0,0.0,240,251,2.7,2.5,61.0,60.8,2.6,2.4,255.4,267.0,1025.1,1025.1,894.22,303.29,2146.6,34.6138,16.5409,241.5,40.5,1511.086, NAN, NAN, NAN, NAN,,2024/04/08 15:24:48.210,2024-04-08 15:24:48.210000+00:00
2024/04/08, 15:25:48.210,36.054,-74.778, 0.36,14.73,307.8,0.1,12.4,12.5,1023.1,1023.0,0.0,0.0,0.0,0.0,235,277,2.6,2.2,62.8,62.6,2.6,2.2,248.6,290.8,1025.2,1025.1,892.88,303.56,2146.42,34.6203,16.3976,239.1,40.1,1510.657, NAN, NAN, NAN, NAN,,2024/04/08 15:25:48.210,2024-04-08 15:25:48.210000+00:00
2024/04/08, 15:26:48.210,36.054,-74.778, 0.48,14.25,267.5,0.26,12.4,12.5,1023.0,1023.0,0.0,0.0,0.0,0.0,235,301,2.4,1.8,61.3,60.9,2.3,1.7,248.3,318.6,1025.1,1025.1,897.21,303.7,2148.09,34.5713,16.4013,240.0,40.4,1510.612, NAN, NAN, NAN, NAN,,2024/04/08 15:26:48.210,2024-04-08 15:26:48.210000+00:00
2024/04/08, 15:27:48.210,36.054,-74.778, 0.32,14.67,148.56,0.04,12.4,12.5,1023.0,1023.0,0.0,0.0,0.0,0.0,242,286,2.4,2.6,63.0,63.0,2.4,2.6,257.2,301.0,1025.1,1025.1,899.73,303.73,2147.75,34.7159,16.444,240.0,40.4,1510.909, NAN, NAN, NAN, NAN,,2024/04/08 15:27:48.210,2024-04-08 15:27:48.210000+00:00
2024/04/08, 15:28:48.210,36.054,-74.778, 0.33,14.57,273.46,0.08,12.4,12.5,1023.1,1023.0,0.0,0.0,0.0,0.0,233,279,2.6,1.9,62.6,62.4,2.6,1.9,247.9,294.7,1025.2,1025.1,901.82,304.27,2148.16,34.6177,16.3684,237.9,40.4,1510.565, NAN, NAN, NAN, NAN,,2024/04/08 15:28:48.210,2024-04-08 15:28:48.210000+00:00
2024/04/08, 15:29:48.210,36.054,-74.778, 0.54,14.27,292.29,0.17,12.5,12.6,1023.1,1023.0,0.0,0.0,0.0,0.0,242,277,2.7,2.4,65.3,65.1,2.6,2.3,255.1,291.1,1025.2,1025.1,905.21,303.38,2148.5,34.721,16.3265,239.1,40.4,1510.556, NAN, NAN, NAN, NAN,,2024/04/08 15:29:48.210,2024-04-08 15:29:48.210000+00:00
2024/04/08, 15:30:48.210,36.054,-74.778, 0.36,14.99,296.39,0.16,12.4,12.5,1023.0,1022.8,0.0,0.0,0.0,0.0,247,254,3.2,2.9,59.0,58.5,3.1,2.8,261.0,268.0,1025.1,1024.9,906.89,302.99,2148.95,34.613,16.2512,236.9,40.4,1510.201, NAN, NAN, NAN, NAN,,2024/04/08 15:30:48.210,2024-04-08 15:30:48.210000+00:00
2024/04/08, 15:31:48.210,36.054,-74.778, 0.38,14.44,302.08,0.71,12.4,12.5,1023.2,1023.0,0.0,0.0,0.0,0.0,235,284,2.3,2.8,60.0,59.5,2.1,2.4,241.6,298.1,1025.3,1025.1,910.46,303.53,2148.22,34.7511,16.1735,239.1,40.4,1510.123, NAN, NAN, NAN, NAN,,2024/04/08 15:31:48.210,2024-04-08 15:31:48.210000+00:00
2024/04/08, 15:32:48.210,36.054,-74.778, 0.34,14.04,185.06,0.09,12.4,12.5,1023.2,1023.1,0.0,0.0,0.0,0.0,239,263,3.0,2.7,60.6,60.2,3.0,2.7,253.5,277.8,1025.3,1025.2,910.28,303.71,2149.33,34.5924,16.1515,240.3,40.1,1509.872, NAN, NAN, NAN, NAN,,2024/04/08 15:32:48.210,2024-04-08 15:32:48.210000+00:00
2024/04/08, 15:33:48.210,36.054,-74.778, 0.36,15.46,95.66,0.13,12.4,12.5,1023.1,1023.1,0.0,0.0,0.0,0.0,238,290,2.3,2.3,60.1,59.7,2.3,2.3,252.2,303.8,1025.2,1025.2,910.02,303.38,2149.36,34.5632,16.0734,239.1,40.2,1509.598, NAN, NAN, NAN, NAN,,2024/04/08 15:33:48.210,2024-04-08 15:33:48.210000+00:00
2024/04/08, 15:34:48.211,36.054,-74.778, 0.35,13.34,89.14,0.34,12.4,12.5,1023.0,1023.0,0.0,0.0,0.0,0.0,229,269,3.2,1.8,60.7,60.4,3.4,2.0,243.3,280.5,1025.1,1025.1,913.67,303.6,2150.0,34.6165,16.0085,240.0,40.3,1509.46, NAN, NAN, NAN, NAN,,2024/04/08 15:34:48.211,2024-04-08 15:34:48.211000+00:00
2024/04/08, 15:35:48.211,36.054,-74.778, 0.30,13.95,319.93,0.08,12.4,12.5,1023.0,1023.0,0.0,0.0,0.0,0.0,233,252,3.3,2.3,58.8,58.6,3.3,2.3,247.6,267.0,1025.1,1025.1,914.34,303.41,2150.0,34.5605,15.974,240.0,40.3,1509.289, NAN, NAN, NAN, NAN,,2024/04/08 15:35:48.211,2024-04-08 15:35:48.211000+00:00
2024/04/08, 15:36:48.211,36.054,-74.778, 0.39,14.93,355.21,0.06,12.4,12.5,1023.1,1023.1,0.0,0.0,0.0,0.0,235,274,2.7,2.3,58.9,58.6,2.7,2.3,249.4,288.2,1025.2,1025.2,917.85,303.28,2152.02,34.581,15.9182,243.0,40.3,1509.141, NAN, NAN, NAN, NAN,,2024/04/08 15:36:48.211,2024-04-08 15:36:48.211000+00:00
2024/04/08, 15:37:48.211,36.054,-74.778, 0.38,14.61,137.75,0.12,12.4,12.5,1023.0,1023.0,0.0,0.0,0.0,0.0,230,274,2.7,1.7,59.4,59.2,2.8,1.8,245.3,288.2,1025.1,1025.1,916.62,303.49,2152.49,34.5629,15.8831,240.9,40.1,1509.011, NAN, NAN, NAN, NAN,,2024/04/08 15:37:48.211,2024-04-08 15:37:48.211000+00:00
2024/04/08, 15:38:48.211,36.054,-74.778, 0.37,13.86,302.01,0.22,12.4,12.5,1023.0,1023.0,0.0,0.0,0.0,0.0,239,261,3.3,2.8,61.7,61.8,3.2,2.7,251.6,274.2,1025.1,1025.1,921.47,303.34,2153.46,34.5958,15.8481,242.8,39.9,1508.941, NAN, NAN, NAN, NAN,,2024/04/08 15:38:48.211,2024-04-08 15:38:48.211000+00:00
2024/04/08, 15:39:48.211,36.054,-74.778, 0.23,15.24,62.5,0.12,12.4,12.5,1023.0,1023.0,0.0,0.0,0.0,0.0,235,240,3.6,3.1,60.0,59.8,3.6,3.1,249.5,254.3,1025.1,1025.1,923.44,303.02,2153.45,34.4403,15.7701,240.9,40.2,1508.52, NAN, NAN, NAN, NAN,,2024/04/08 15:39:48.211,2024-04-08 15:39:48.211000+00:00
2024/04/08, 15:40:48.211,36.054,-74.778, 0.24,14.26,224.68,0.11,12.4,12.5,1023.1,1023.0,0.0,0.0,0.0,0.0,241,271,3.0,2.7,59.7,59.4,3.0,2.7,256.3,286.1,1025.2,1025.1,925.33,303.09,2153.93,34.3886,15.7652,242.4,40.1,1508.445, NAN, NAN, NAN, NAN,,2024/04/08 15:40:48.211,2024-04-08 15:40:48.211000+00:00
2024/04/08, 15:41:48.211,36.054,-74.778, 0.41,13.67,80.59,0.09,12.4,12.5,1023.0,1022.9,0.0,0.0,0.0,0.0,245,272,3.1,2.6,59.4,59.2,3.1,2.6,258.7,285.3,1025.1,1025.0,923.77,303.22,2153.32,34.4522,15.7113,243.6,40.2,1508.351, NAN, NAN, NAN, NAN,,2024/04/08 15:41:48.211,2024-04-08 15:41:48.211000+00:00
2024/04/08, 15:42:48.211,36.054,-74.778, 0.29,14.64,303.85,0.15,12.4,12.5,1023.2,1023.1,0.0,0.0,0.0,0.0,248,262,3.2,3.0,59.7,59.9,3.1,2.9,262.1,276.4,1025.3,1025.2,929.23,302.91,2154.86,34.2973,15.6277,244.9,40.3,1507.911, NAN, NAN, NAN, NAN,,2024/04/08 15:42:48.211,2024-04-08 15:42:48.211000+00:00
2024/04/08, 15:43:48.211,36.054,-74.778, 0.30,14.17,326.11,0.17,12.4,12.5,1023.0,1023.0,0.0,0.0,0.0,0.0,240,274,3.0,2.7,60.4,60.2,3.0,2.7,252.6,286.4,1025.1,1025.1,930.11,303.55,2155.14,34.3505,15.5841,243.0,40.0,1507.837, NAN, NAN, NAN, NAN,,2024/04/08 15:43:48.211,2024-04-08 15:43:48.211000+00:00
2024/04/08, 15:44:48.211,36.054,-74.778, 0.26,13.72,164.35,0.21,12.5,12.5,1023.0,1023.0,0.0,0.0,0.0,0.0,237,246,3.6,2.9,61.7,61.6,3.6,2.9,252.4,261.8,1025.1,1025.1,931.73,303.58,2155.07,34.3848,15.5613,245.7,40.2,1507.806, NAN, NAN, NAN, NAN,,2024/04/08 15:44:48.211,2024-04-08 15:44:48.211000+00:00
2024/04/08, 15:45:48.211,36.054,-74.778, 0.38,14.65,99.97,0.24,12.5,12.5,1023.0,1023.0,0.0,0.0,0.0,0.0,239,254,3.4,2.8,59.9,59.6,3.5,2.9,253.7,268.1,1025.1,1025.1,932.46,303.5,2154.78,34.2761,15.5581,244.9,40.1,1507.67, NAN, NAN, NAN, NAN,,2024/04/08 15:45:48.211,2024-04-08 15:45:48.211000+00:00
2024/04/08, 15:46:48.211,36.054,-74.778, 0.32,14.18,123.56,0.3,12.5,12.5,1023.0,1022.9,0.0,0.0,0.0,0.0,243,254,3.7,3.1,60.6,60.3,3.8,3.2,258.6,269.4,1025.1,1025.0,932.99,302.98,2154.73,34.0855,15.5555,241.2,39.9,1507.441, NAN, NAN, NAN, NAN,,2024/04/08 15:46:48.211,2024-04-08 15:46:48.211000+00:00
2024/04/08, 15:47:48.211,36.054,-74.778, 0.24,13.82,123.68,0.04,12.4,12.5,1023.0,1023.1,0.0,0.0,0.0,0.0,236,256,3.9,2.8,58.9,58.7,3.9,2.8,250.1,270.2,1025.1,1025.2,936.61,303.51,2155.37,34.1619,15.5253,243.3,39.9,1507.435, NAN, NAN, NAN, NAN,,2024/04/08 15:47:48.211,2024-04-08 15:47:48.211000+00:00
2024/04/08, 15:48:48.211,36.054,-74.778, 0.27,15.08,115.96,0.14,12.4,12.5,1023.0,1023.0,0.0,0.0,0.0,0.0,240,254,3.6,3.0,59.7,59.5,3.6,3.0,256.2,270.2,1025.1,1025.1,938.12,303.27,2156.33,34.2783,15.5034,245.2,39.8,1507.502, NAN, NAN, NAN, NAN,,2024/04/08 15:48:48.211,2024-04-08 15:48:48.211000+00:00
2024/04/08, 15:49:48.211,36.054,-74.778, 0.24,13.79,67.91,0.03,12.5,12.5,1023.0,1022.9,0.0,0.0,0.0,0.0,230,233,3.9,3.0,61.3,60.6,3.9,3.0,244.0,247.0,1025.1,1025.0,938.67,303.07,2156.48,34.2977,15.482,244.9,40.0,1507.457, NAN, NAN, NAN, NAN,,2024/04/08 15:49:48.211,2024-04-08 15:49:48.211000+00:00
2024/04/08, 15:50:48.212,36.054,-74.778, 0.23,13.8,296.47,0.33,12.4,12.5,1023.0,1023.0,0.0,0.0,0.0,0.0,236,250,3.6,2.9,58.9,58.5,3.5,2.7,248.2,262.5,1025.1,1025.1,938.64,303.32,2156.65,34.2267,15.476,245.2,40.1,1507.356, NAN, NAN, NAN, NAN,,2024/04/08 15:50:48.212,2024-04-08 15:50:48.212000+00:00
2024/04/08, 15:51:48.212,36.054,-74.778, 0.32,14.98,153.41,0.03,12.4,12.5,1023.0,1023.0,0.0,0.0,0.0,0.0,240,274,3.0,2.6,59.4,59.3,3.0,2.6,255.3,289.2,1025.1,1025.1,937.86,303.52,2156.47,34.2137,15.478,243.0,40.0,1507.347, NAN, NAN, NAN, NAN,,2024/04/08 15:51:48.212,2024-04-08 15:51:48.212000+00:00
2024/04/08, 15:52:48.212,36.054,-74.778, 0.25,14.19,311.24,0.08,12.4,12.5,1023.0,1023.0,0.0,0.0,0.0,0.0,244,253,3.9,3.7,60.6,60.4,3.9,3.7,257.6,266.6,1025.1,1025.1,939.21,302.99,2156.93,34.2442,15.4991,244.3,40.0,1507.449, NAN, NAN, NAN, NAN,,2024/04/08 15:52:48.212,2024-04-08 15:52:48.212000+00:00
2024/04/08, 15:53:48.212,36.054,-74.778, 0.26,13.84,168.85,0.18,12.4,12.5,1023.0,1022.8,0.0,0.0,0.0,0.0,231,240,4.0,2.9,60.0,59.8,4.0,2.9,246.1,255.5,1025.1,1024.9,939.12,303.37,2157.97,34.2017,15.5001,244.0,40.1,1507.403, NAN, NAN, NAN, NAN,,2024/04/08 15:53:48.212,2024-04-08 15:53:48.212000+00:00
2024/04/08, 15:54:48.212,36.054,-74.778, 0.25,15.03,299.51,0.47,12.4,12.5,1023.0,1022.8,0.0,0.0,0.0,0.0,232,267,3.2,2.4,59.1,59.0,3.0,2.2,243.6,280.4,1025.1,1024.9,939.02,303.66,2158.23,34.3615,15.5058,246.7,40.1,1507.606, NAN, NAN, NAN, NAN,,2024/04/08 15:54:48.212,2024-04-08 15:54:48.212000+00:00
2024/04/08, 15:55:48.212,36.054,-74.778, 0.20,13.87,180.3,0.18,12.4,12.5,1023.0,1023.0,0.0,0.0,0.0,0.0,237,243,4.3,3.8,60.3,60.1,4.2,3.8,251.9,258.1,1025.1,1025.1,940.97,303.4,2159.19,34.3185,15.5283,247.0,39.9,1507.626, NAN, NAN, NAN, NAN,,2024/04/08 15:55:48.212,2024-04-08 15:55:48.212000+00:00
2024/04/08, 15:56:48.212,36.054,-74.778, 0.16,13.69,284.26,0.39,12.4,12.5,1023.0,1023.0,0.0,0.0,0.0,0.0,237,246,3.5,2.6,58.8,59.7,3.4,2.4,248.4,257.1,1025.1,1025.1,941.6,303.3,2158.18,34.4155,15.5345,246.7,40.1,1507.758, NAN, NAN, NAN, NAN,,2024/04/08 15:56:48.212,2024-04-08 15:56:48.212000+00:00
2024/04/08, 15:57:48.212,36.054,-74.778, 0.22,14.44,289.66,0.68,12.4,12.5,1023.0,1022.8,0.0,0.0,0.0,0.0,247,260,3.8,3.6,59.0,59.2,3.5,3.3,258.5,272.6,1025.1,1024.9,940.57,303.39,2158.43,34.1133,15.5059,244.0,39.5,1507.318, NAN, NAN, NAN, NAN,,2024/04/08 15:57:48.212,2024-04-08 15:57:48.212000+00:00
2024/04/08, 15:58:48.212,36.054,-74.778, 0.27,14.37,112.66,0.26,12.4,12.5,1023.0,1023.0,0.0,0.0,0.0,0.0,237,247,3.5,2.8,59.5,59.4,3.6,2.9,252.3,262.1,1025.1,1025.1,939.75,303.81,2158.66,34.5091,15.4514,248.0,39.8,1507.607, NAN, NAN, NAN, NAN,,2024/04/08 15:58:48.212,2024-04-08 15:58:48.212000+00:00
2024/04/08, 15:59:48.212,36.054,-74.778, 0.22,13.82,109.51,0.17,12.4,12.5,1023.1,1023.0,0.0,0.0,0.0,0.0,252,274,4.0,2.7,61.6,61.6,4.1,2.8,266.5,288.1,1025.2,1025.1,940.79,303.48,2159.17,34.4849,15.4107,247.3,39.9,1507.452, NAN, NAN, NAN, NAN,,2024/04/08 15:59:48.212,2024-04-08 15:59:48.212000+00:00
2024/04/08, 16:00:48.212,36.054,-74.778, NAN,14.62,291.47,0.32,12.5,12.5,1023.0,1023.0,0.0,0.0,0.0,0.0,242,256,4.0,2.5,60.7,60.7,3.8,2.3,256.0,270.5,1025.1,1025.1,939.93,303.46,2159.07,34.3231,15.4075,248.0,40.0,1507.254, NAN, NAN, NAN, NAN,,2024/04/08 16:00:48.212,2024-04-08 16:00:48.212000+00:00
2024/04/08, 16:01:48.212,36.054,-74.778, NAN,13.3,138.31,0.21,12.5,12.5,1023.0,1023.0,0.0,0.0,0.0,0.0,242,262,3.4,3.0,60.1,59.5,3.4,3.0,257.1,277.2,1025.1,1025.1,938.54,303.49,2158.95,34.3723,15.4096,248.3,39.9,1507.317, NAN, NAN, NAN, NAN,,2024/04/08 16:01:48.212,2024-04-08 16:01:48.212000+00:00
2024/04/08, 16:02:48.212,36.054,-74.778, NAN,13.79,134.05,0.14,12.4,12.5,1023.0,1023.0,0.0,0.0,0.0,0.0,244,268,3.5,2.8,61.3,61.1,3.5,2.8,259.0,283.2,1025.1,1025.1,939.87,303.69,2159.24,34.3245,15.4137,248.6,40.1,1507.275, NAN, NAN, NAN, NAN,,2024/04/08 16:02:48.212,2024-04-08 16:02:48.212000+00:00
2024/04/08, 16:03:48.212,36.054,-74.778, NAN,14.7,101.44,0.19,12.5,12.5,1023.0,1023.0,0.0,0.0,0.0,0.0,230,240,3.9,3.2,61.4,60.8,4.0,3.3,245.4,255.2,1025.1,1025.1,939.09,303.49,2159.54,34.4208,15.4205,249.7,40.0,1507.408, NAN, NAN, NAN, NAN,,2024/04/08 16:03:48.212,2024-04-08 16:03:48.212000+00:00
2024/04/08, 16:04:48.212,36.054,-74.778, NAN,14.2,116.28,0.16,12.5,12.5,1022.8,1022.8,0.0,0.0,0.0,0.0,239,245,3.6,3.2,60.4,59.7,3.7,3.3,253.8,259.8,1024.9,1024.9,939.27,303.59,2161.2,34.2905,15.427,248.8,39.8,1507.277, NAN, NAN, NAN, NAN,,2024/04/08 16:04:48.212,2024-04-08 16:04:48.212000+00:00
2024/04/08, 16:05:48.213,36.054,-74.778, NAN,13.57,307.59,0.18,12.5,12.5,1023.0,1023.0,0.0,0.0,0.0,0.0,248,281,3.5,3.7,58.8,58.8,3.4,3.6,260.9,294.7,1025.1,1025.1,936.25,303.71,2161.46,34.1966,15.4219,247.6,39.6,1507.152, NAN, NAN, NAN, NAN,,2024/04/08 16:05:48.213,2024-04-08 16:05:48.213000+00:00
2024/04/08, 16:06:48.213,36.054,-74.778, NAN,14.63,74.11,0.12,12.5,12.5,1022.8,1022.8,0.0,0.0,0.0,0.0,251,282,3.0,3.1,59.8,59.6,3.1,3.2,265.7,296.1,1024.9,1024.9,938.87,303.96,2161.28,34.1205,15.4347,247.6,39.6,1507.104, NAN, NAN, NAN, NAN,,2024/04/08 16:06:48.213,2024-04-08 16:06:48.213000+00:00
2024/04/08, 16:07:48.213,36.054,-74.778, NAN,14.39,226.89,0.05,12.5,12.5,1022.8,1022.8,0.0,0.0,0.0,0.0,238,295,3.3,1.9,61.0,61.1,3.3,1.9,252.8,310.0,1024.9,1024.9,936.7,304.15,2162.1,34.0109,15.4478,245.7,39.7,1507.018, NAN, NAN, NAN, NAN,,2024/04/08 16:07:48.213,2024-04-08 16:07:48.213000+00:00
2024/04/08, 16:08:48.213,36.054,-74.778, NAN,13.87,106.08,0.41,12.5,12.6,1023.0,1023.0,0.0,0.0,0.0,0.0,235,257,3.5,2.4,63.4,62.8,3.7,2.6,250.5,271.5,1025.1,1025.1,936.39,303.67,2161.22,34.0549,15.4611,246.7,39.6,1507.11, NAN, NAN, NAN, NAN,,2024/04/08 16:08:48.213,2024-04-08 16:08:48.213000+00:00
2024/04/08, 16:09:48.213,36.054,-74.778, NAN,14.05,326.79,0.22,12.5,12.6,1022.8,1022.8,0.0,0.0,0.0,0.0,235,260,3.1,2.3,59.1,58.8,3.1,2.3,247.0,271.5,1024.9,1024.9,932.78,303.62,2162.45,34.0561,15.5061,247.6,39.2,1507.252, NAN, NAN, NAN, NAN,,2024/04/08 16:09:48.213,2024-04-08 16:09:48.213000+00:00
2024/04/08, 16:10:48.213,36.054,-74.778, NAN,14.61,294.14,0.26,12.5,12.6,1023.0,1022.9,0.0,0.0,0.0,0.0,249,266,3.3,2.8,59.8,59.8,3.2,2.7,262.0,279.4,1025.1,1025.0,927.62,303.63,2162.9,33.9178,15.5647,243.3,38.9,1507.275, NAN, NAN, NAN, NAN,,2024/04/08 16:10:48.213,2024-04-08 16:10:48.213000+00:00
2024/04/08, 16:11:48.213,36.054,-74.778, NAN,12.85,281.41,0.36,12.5,12.5,1023.0,1023.0,0.0,0.0,0.0,0.0,242,266,3.5,2.6,60.5,60.3,3.3,2.4,253.4,278.6,1025.1,1025.1,931.07,304.22,2163.35,33.9264,15.579,245.4,39.0,1507.33, NAN, NAN, NAN, NAN,,2024/04/08 16:11:48.213,2024-04-08 16:11:48.213000+00:00
2024/04/08, 16:12:48.213,36.054,-74.778, NAN,14.44,206.31,0.2,12.5,12.6,1022.8,1022.8,0.0,0.0,0.0,0.0,250,259,3.6,3.1,61.9,62.0,3.5,3.0,265.6,275.0,1024.9,1024.9,918.49,303.88,2164.18,34.0431,15.5998,247.6,38.9,1507.53, NAN, NAN, NAN, NAN,,2024/04/08 16:12:48.213,2024-04-08 16:12:48.213000+00:00
2024/04/08, 16:13:48.213,36.054,-74.778, NAN,14.48,301.04,0.21,12.5,12.6,1023.0,1023.0,0.0,0.0,0.0,0.0,237,251,3.6,3.0,61.4,61.3,3.6,3.0,249.8,263.5,1025.1,1025.1,917.56,303.98,2163.86,34.0022,15.6078,245.4,39.2,1507.508, NAN, NAN, NAN, NAN,,2024/04/08 16:13:48.213,2024-04-08 16:13:48.213000+00:00
2024/04/08, 16:14:48.213,36.054,-74.778, NAN,57.48,50.58,1.9,12.5,12.6,1022.8,1022.8,0.0,0.0,0.0,0.0,204,226,3.1,2.4,61.3,61.0,4.0,3.1,255.2,269.9,1024.9,1024.9,972.05,304.35,2172.48,34.1038,15.5951,250.0,39.2,1507.586, NAN, NAN, NAN, NAN,,2024/04/08 16:14:48.213,2024-04-08 16:14:48.213000+00:00
2024/04/08, 16:15:48.213,36.054,-74.777, NAN,129.38,136.39,2.97,12.5,12.6,1023.0,1023.0,0.0,0.0,0.0,0.0,118,102,3.0,3.0,61.6,61.5,3.9,3.6,268.3,256.5,1025.1,1025.1,967.13,304.52,2225.97,34.0874,15.6326,247.6,39.4,1507.684, NAN, NAN, NAN, NAN,,2024/04/08 16:15:48.213,2024-04-08 16:15:48.213000+00:00
2024/04/08, 16:16:48.213,36.053,-74.776, NAN,164.3,167.96,4.89,12.6,12.6,1023.0,1023.0,0.0,0.0,0.0,0.0,69,51,3.9,6.1,60.2,60.0,3.7,4.8,271.9,238.2,1025.1,1025.1,885.68,303.03,2241.94,34.2534,15.8179,248.6,39.2,1508.452, NAN, NAN, NAN, NAN,,2024/04/08 16:16:48.213,2024-04-08 16:16:48.213000+00:00
2024/04/08, 16:17:48.213,36.052,-74.776, NAN,166.15,169.53,6.53,12.6,12.6,1023.0,1022.8,0.0,0.0,0.0,0.0,53,46,5.3,7.4,60.3,60.2,4.0,5.4,258.4,236.7,1025.1,1024.9,908.91,302.37,2242.15,34.1318,16.032,243.6,39.3,1508.973, NAN, NAN, NAN, NAN,,2024/04/08 16:17:48.213,2024-04-08 16:17:48.213000+00:00
2024/04/08, 16:18:48.213,36.05,-74.776, NAN,168.56,171.46,7.58,12.5,12.6,1023.0,1022.8,0.0,0.0,0.0,0.0,41,37,5.5,8.3,61.4,61.6,3.4,5.5,254.1,228.7,1025.1,1024.9,920.67,302.56,2241.74,33.9745,16.1106,238.1,39.3,1509.033, NAN, NAN, NAN, NAN,,2024/04/08 16:18:48.213,2024-04-08 16:18:48.213000+00:00
2024/04/08, 16:19:48.213,36.047,-74.776, NAN,170.85,174.13,8.71,12.6,12.6,1022.8,1022.8,0.0,0.0,0.0,0.0,47,40,5.7,7.8,61.0,60.9,3.9,5.0,269.4,243.1,1024.9,1024.9,921.36,302.05,2241.48,34.0244,16.203,235.7,39.4,1509.375, NAN, NAN, NAN, NAN,,2024/04/08 16:19:48.213,2024-04-08 16:19:48.213000+00:00
2024/04/08, 16:20:48.213,36.045,-74.775, NAN,168.85,172.57,10.45,12.6,12.6,1022.8,1022.8,0.0,0.0,0.0,0.0,38,32,6.9,9.1,61.7,61.9,3.9,5.0,257.7,231.0,1024.9,1024.9,916.32,301.79,2241.33,34.1642,16.186,236.0,15.8,1509.484, NAN, NAN, NAN, NAN,,2024/04/08 16:20:48.213,2024-04-08 16:20:48.213000+00:00
2024/04/08, 16:21:48.214,36.042,-74.775, NAN,169.07,169.68,11.43,12.5,12.6,1022.8,1022.8,0.0,0.0,0.0,0.0,36,32,7.4,8.8,61.7,62.0,4.2,4.7,257.5,239.5,1024.9,1024.9,915.03,301.53,2241.18,34.2365,16.3157,236.3,0.0,1509.965, NAN, NAN, NAN, NAN,,2024/04/08 16:21:48.214,2024-04-08 16:21:48.214000+00:00
2024/04/08, 16:22:48.214,36.038,-74.774, NAN,167.48,170.34,11.5,12.6,12.6,1022.8,1022.8,0.0,0.0,0.0,0.0,32,29,6.2,7.5,62.4,62.3,3.1,3.5,269.4,246.7,1024.9,1024.9,911.08,302.75,2240.48,34.3022,16.9608,233.2,0.0,1511.997, NAN, NAN, NAN, NAN,,2024/04/08 16:22:48.214,2024-04-08 16:22:48.214000+00:00
2024/04/08, 16:23:48.214,36.035,-74.773, NAN,169.5,169.59,11.24,12.6,12.6,1023.0,1022.8,0.0,0.0,0.0,0.0,35,29,6.9,7.4,61.9,62.1,3.9,3.6,261.3,248.3,1025.1,1024.9,916.89,302.97,2242.01,34.3098,17.7683,231.2,0.0,1514.409, NAN, NAN, NAN, NAN,,2024/04/08 16:23:48.214,2024-04-08 16:23:48.214000+00:00
2024/04/08, 16:24:48.214,36.032,-74.773, NAN,170.25,167.82,11.34,12.6,12.7,1022.8,1022.8,0.0,0.0,0.0,0.0,38,33,6.5,8.6,61.1,61.4,4.2,5.1,269.8,244.3,1024.9,1024.9,914.02,302.61,2242.09,34.4513,17.9171,226.8,0.0,1515.007, NAN, NAN, NAN, NAN,,2024/04/08 16:24:48.214,2024-04-08 16:24:48.214000+00:00
2024/04/08, 16:25:48.214,36.029,-74.772, NAN,169.36,167.0,11.19,12.7,12.7,1022.8,1022.8,0.0,0.0,0.0,0.0,31,26,6.9,6.8,61.6,61.6,3.7,3.1,256.8,252.7,1024.9,1024.9,906.42,303.58,2242.44,34.8554,17.7897,226.5,0.0,1515.093, NAN, NAN, NAN, NAN,,2024/04/08 16:25:48.214,2024-04-08 16:25:48.214000+00:00
2024/04/08, 16:26:48.214,36.026,-74.771, NAN,169.07,167.28,11.23,12.7,12.7,1022.7,1022.8,0.0,0.0,0.0,0.0,36,31,6.8,8.0,62.3,62.5,4.1,4.4,262.8,244.7,1024.8,1024.9,905.03,303.14,2242.54,34.9039,17.7499,231.4,0.0,1515.032, NAN, NAN, NAN, NAN,,2024/04/08 16:26:48.214,2024-04-08 16:26:48.214000+00:00
2024/04/08, 16:27:48.214,36.023,-74.771, NAN,173.81,170.36,11.01,12.7,12.8,1022.8,1022.8,0.0,0.0,0.0,0.0,31,26,5.6,6.6,62.0,62.0,3.2,3.2,279.1,258.7,1024.9,1024.9,930.92,303.99,2242.7,34.8541,17.7959,236.6,0.0,1515.11, NAN, NAN, NAN, NAN,,2024/04/08 16:27:48.214,2024-04-08 16:27:48.214000+00:00
2024/04/08, 16:28:48.214,36.02,-74.77, NAN,174.25,170.95,11.2,12.8,12.8,1022.8,1022.8,0.0,0.0,0.0,0.0,36,32,7.2,8.9,61.9,61.8,4.5,5.3,263.3,244.3,1024.9,1024.9,925.02,303.55,2243.05,34.8169,17.8522,238.1,0.0,1515.233, NAN, NAN, NAN, NAN,,2024/04/08 16:28:48.214,2024-04-08 16:28:48.214000+00:00
2024/04/08, 16:29:48.214,36.017,-74.77, NAN,174.32,177.34,11.23,12.8,12.8,1022.7,1022.7,0.0,0.0,0.0,0.0,31,26,6.6,6.4,60.9,61.0,3.2,2.6,266.3,264.7,1024.8,1024.8,921.04,303.52,2243.27,34.8362,17.884,237.6,0.0,1515.348, NAN, NAN, NAN, NAN,,2024/04/08 16:29:48.214,2024-04-08 16:29:48.214000+00:00
2024/04/08, 16:30:48.214,36.014,-74.769, NAN,174.62,179.99,11.24,12.8,12.8,1022.8,1022.8,0.0,0.0,0.0,0.0,35,30,7.4,8.5,61.7,60.9,4.0,4.3,260.4,242.8,1024.9,1024.9,920.63,303.34,2242.71,34.8786,17.9249,239.1,0.0,1515.516, NAN, NAN, NAN, NAN,,2024/04/08 16:30:48.214,2024-04-08 16:30:48.214000+00:00
2024/04/08, 16:31:48.214,36.011,-74.769, NAN,174.48,174.76,11.29,12.7,12.8,1022.8,1022.8,0.0,0.0,0.0,0.0,39,34,7.5,9.5,61.8,62.0,4.7,5.7,264.2,243.2,1024.9,1024.9,919.74,302.83,2243.32,34.9134,17.944,240.0,0.0,1515.612, NAN, NAN, NAN, NAN,,2024/04/08 16:31:48.214,2024-04-08 16:31:48.214000+00:00
2024/04/08, 16:32:48.214,36.008,-74.768, NAN,174.62,177.51,11.09,12.7,12.7,1022.8,1022.8,0.0,0.0,0.0,0.0,36,31,7.7,8.7,60.9,61.0,4.4,4.7,257.7,242.6,1024.9,1024.9,917.47,303.3,2243.36,34.9267,17.9438,239.6,0.0,1515.626, NAN, NAN, NAN, NAN,,2024/04/08 16:32:48.214,2024-04-08 16:32:48.214000+00:00
2024/04/08, 16:33:48.214,36.004,-74.768, NAN,174.14,170.26,11.31,12.7,12.7,1022.6,1022.6,0.0,0.0,0.0,0.0,36,31,7.4,9.0,62.3,62.7,4.6,5.2,261.9,242.8,1024.7,1024.7,913.13,303.19,2243.65,34.9252,17.9182,238.1,0.0,1515.55, NAN, NAN, NAN, NAN,,2024/04/08 16:33:48.214,2024-04-08 16:33:48.214000+00:00
2024/04/08, 16:34:48.214,36.001,-74.768, NAN,174.26,175.58,11.28,12.7,12.7,1022.8,1022.8,0.0,0.0,0.0,0.0,38,31,6.0,8.5,61.2,60.9,3.8,4.6,280.7,245.2,1024.9,1024.9,911.37,303.74,2243.34,34.9135,17.9015,238.1,0.0,1515.487, NAN, NAN, NAN, NAN,,2024/04/08 16:34:48.214,2024-04-08 16:34:48.214000+00:00
2024/04/08, 16:35:48.214,35.998,-74.767, NAN,175.05,172.51,11.3,12.7,12.7,1022.8,1022.8,0.0,0.0,0.0,0.0,34,28,8.2,8.4,61.8,61.9,4.9,4.4,253.3,243.7,1024.9,1024.9,912.23,303.86,2243.44,34.9188,17.8891,240.0,0.0,1515.457, NAN, NAN, NAN, NAN,,2024/04/08 16:35:48.214,2024-04-08 16:35:48.214000+00:00
2024/04/08, 16:36:48.214,35.995,-74.767, NAN,175.13,177.07,11.24,12.7,12.7,1022.8,1022.8,0.0,0.0,0.0,0.0,36,31,7.7,9.1,61.1,61.1,4.5,5.0,259.3,241.4,1024.9,1024.9,914.08,303.59,2243.26,34.9197,17.8666,238.8,0.0,1515.392, NAN, NAN, NAN, NAN,,2024/04/08 16:36:48.214,2024-04-08 16:36:48.214000+00:00
2024/04/08, 16:37:48.215,35.992,-74.766, NAN,173.71,172.73,11.21,12.7,12.7,1022.7,1022.7,0.0,0.0,0.0,0.0,37,32,7.9,9.4,63.1,61.2,4.9,5.5,257.2,240.1,1024.8,1024.8,913.85,303.38,2243.03,34.9296,17.8567,239.4,0.0,1515.374, NAN, NAN, NAN, NAN,,2024/04/08 16:37:48.215,2024-04-08 16:37:48.215000+00:00
2024/04/08, 16:38:48.215,35.989,-74.766, NAN,173.31,173.47,11.26,12.7,12.7,1022.6,1022.8,0.0,0.0,0.0,0.0,34,29,7.7,7.9,61.5,61.6,4.4,4.0,255.5,247.1,1024.7,1024.9,909.43,303.47,2243.57,34.9233,17.8358,250.7,34.4,1515.306, NAN, NAN, NAN, NAN,,2024/04/08 16:38:48.215,2024-04-08 16:38:48.215000+00:00
2024/04/08, 16:39:48.215,35.986,-74.766, NAN,173.83,172.09,11.38,12.6,12.7,1022.8,1022.8,0.0,0.0,0.0,0.0,32,27,7.5,7.6,61.1,61.2,4.2,3.7,256.7,249.5,1024.9,1024.9,912.7,303.97,2242.65,34.8959,17.7894,244.9,53.8,1515.139, NAN, NAN, NAN, NAN,,2024/04/08 16:39:48.215,2024-04-08 16:39:48.215000+00:00
2024/04/08, 16:40:48.215,35.983,-74.765, NAN,173.89,173.03,11.28,12.7,12.7,1022.8,1022.7,0.0,0.0,0.0,0.0,32,26,8.2,8.2,63.9,61.0,4.5,4.0,249.1,240.5,1024.9,1024.8,910.8,304.26,2243.55,34.8699,17.6802,236.9,54.4,1514.788, NAN, NAN, NAN, NAN,,2024/04/08 16:40:48.215,2024-04-08 16:40:48.215000+00:00
2024/04/08, 16:41:48.215,35.98,-74.765, NAN,174.19,169.25,11.22,12.7,12.7,1022.8,1022.8,0.0,0.0,0.0,0.0,31,25,8.4,8.1,63.6,64.0,4.9,4.1,247.0,241.4,1024.9,1024.9,917.2,303.78,2243.67,34.8199,17.5555,237.2,53.6,1514.363, NAN, NAN, NAN, NAN,,2024/04/08 16:41:48.215,2024-04-08 16:41:48.215000+00:00
2024/04/08, 16:42:48.215,35.977,-74.764, NAN,174.68,170.53,11.19,12.7,12.7,1022.4,1022.8,0.0,0.0,0.0,0.0,32,27,6.8,6.8,63.9,60.7,3.9,3.4,264.3,259.4,1024.5,1024.9,912.57,303.81,2243.41,34.7535,17.3773,236.0,53.1,1513.759, NAN, NAN, NAN, NAN,,2024/04/08 16:42:48.215,2024-04-08 16:42:48.215000+00:00
2024/04/08, 16:43:48.215,35.973,-74.764, NAN,174.29,171.8,11.41,12.7,12.7,1022.6,1022.6,0.0,0.0,0.0,0.0,26,22,6.9,7.5,62.2,62.3,3.2,3.1,258.2,243.9,1024.7,1024.7,909.25,304.31,2243.4,34.683,17.1742,236.3,53.2,1513.073, NAN, NAN, NAN, NAN,,2024/04/08 16:43:48.215,2024-04-08 16:43:48.215000+00:00
2024/04/08, 16:44:48.215,35.97,-74.764, NAN,174.59,175.87,11.23,12.7,12.7,1022.8,1022.8,0.0,0.0,0.0,0.0,30,25,7.6,7.3,62.1,62.2,3.8,3.1,252.3,248.9,1024.9,1024.9,914.41,304.3,2243.24,34.6179,17.0493,236.6,53.2,1512.625, NAN, NAN, NAN, NAN,,2024/04/08 16:44:48.215,2024-04-08 16:44:48.215000+00:00
2024/04/08, 16:45:48.215,35.967,-74.763, NAN,174.57,174.36,11.35,12.7,12.7,1022.8,1022.8,0.0,0.0,0.0,0.0,29,24,7.1,6.9,63.3,63.5,3.5,2.9,258.4,255.2,1024.9,1024.9,914.59,304.29,2243.04,34.6023,16.9912,240.3,53.2,1512.433, NAN, NAN, NAN, NAN,,2024/04/08 16:45:48.215,2024-04-08 16:45:48.215000+00:00
2024/04/08, 16:46:48.215,35.964,-74.763, NAN,174.59,173.22,11.52,12.7,12.7,1022.6,1022.5,0.0,0.0,0.0,0.0,30,25,7.7,7.5,62.5,62.6,4.0,3.4,253.8,249.5,1024.7,1024.6,914.73,303.77,2243.48,34.5954,16.9787,245.4,53.4,1512.387, NAN, NAN, NAN, NAN,,2024/04/08 16:46:48.215,2024-04-08 16:46:48.215000+00:00
2024/04/08, 16:47:48.215,35.961,-74.762, NAN,174.01,174.57,11.29,12.7,12.7,1022.8,1022.8,0.0,0.0,0.0,0.0,33,27,7.6,7.7,62.8,62.8,4.2,3.6,256.1,247.1,1024.9,1024.9,920.86,304.01,2242.53,34.5835,16.9769,243.0,53.2,1512.368, NAN, NAN, NAN, NAN,,2024/04/08 16:47:48.215,2024-04-08 16:47:48.215000+00:00
2024/04/08, 16:48:48.215,35.958,-74.762, NAN,174.08,171.05,11.47,12.7,12.7,1022.6,1022.6,0.0,0.0,0.0,0.0,31,26,8.1,7.8,62.5,62.5,4.5,3.8,250.5,246.8,1024.7,1024.7,921.98,304.16,2242.17,34.5638,16.9844,237.6,53.4,1512.368, NAN, NAN, NAN, NAN,,2024/04/08 16:48:48.215,2024-04-08 16:48:48.215000+00:00
2024/04/08, 16:49:48.215,35.955,-74.762, NAN,174.03,173.72,11.49,12.7,12.7,1022.6,1022.8,0.0,0.0,0.0,0.0,29,24,7.5,7.7,62.2,62.5,3.7,3.3,253.8,244.2,1024.7,1024.9,921.95,304.46,2242.62,34.5598,16.996,239.1,53.3,1512.398, NAN, NAN, NAN, NAN,,2024/04/08 16:49:48.215,2024-04-08 16:49:48.215000+00:00
2024/04/08, 16:50:48.215,35.951,-74.761, NAN,174.09,174.65,11.45,12.7,12.8,1022.7,1022.7,0.0,0.0,0.0,0.0,33,27,8.3,8.6,61.8,62.2,4.6,4.3,250.6,239.4,1024.8,1024.8,925.42,304.19,2242.28,34.5493,17.003,236.0,53.4,1512.407, NAN, NAN, NAN, NAN,,2024/04/08 16:50:48.215,2024-04-08 16:50:48.215000+00:00
2024/04/08, 16:51:48.215,35.948,-74.761, NAN,174.38,170.96,11.61,12.7,12.8,1022.5,1022.6,0.0,0.0,0.0,0.0,31,25,8.2,8.0,62.3,62.6,4.5,3.8,250.8,244.6,1024.6,1024.7,925.73,303.84,2242.33,34.5436,16.9894,234.5,53.2,1512.36, NAN, NAN, NAN, NAN,,2024/04/08 16:51:48.215,2024-04-08 16:51:48.215000+00:00
2024/04/08, 16:52:48.215,35.945,-74.761, NAN,175.11,173.97,11.54,12.7,12.7,1022.6,1022.6,0.0,0.0,0.0,0.0,30,26,7.1,7.0,61.5,61.7,3.6,3.1,261.7,258.5,1024.7,1024.7,926.01,304.16,2242.16,34.5681,17.0413,236.6,53.3,1512.544, NAN, NAN, NAN, NAN,,2024/04/08 16:52:48.215,2024-04-08 16:52:48.215000+00:00
2024/04/08, 16:53:48.216,35.942,-74.76, NAN,174.37,173.85,11.5,12.7,12.8,1022.7,1022.7,0.0,0.0,0.0,0.0,32,28,7.9,8.5,61.3,62.1,4.2,4.3,253.7,242.5,1024.8,1024.8,931.8,304.18,2241.49,34.6509,17.0786,235.7,53.2,1512.75, NAN, NAN, NAN, NAN,,2024/04/08 16:53:48.216,2024-04-08 16:53:48.216000+00:00
2024/04/08, 16:54:48.216,35.939,-74.76, NAN,175.12,171.82,11.57,12.7,12.8,1022.6,1022.7,0.0,0.0,0.0,0.0,25,19,7.8,7.4,62.1,62.3,3.6,2.8,247.1,242.8,1024.7,1024.8,931.55,304.34,2241.74,34.7844,17.0442,233.9,53.4,1512.8, NAN, NAN, NAN, NAN,,2024/04/08 16:54:48.216,2024-04-08 16:54:48.216000+00:00
2024/04/08, 16:55:48.216,35.935,-74.76, NAN,174.37,172.45,11.57,12.7,12.7,1022.7,1022.6,0.0,0.0,0.0,0.0,28,22,7.3,7.2,62.5,62.4,3.6,2.9,256.4,249.9,1024.8,1024.7,936.67,304.76,2242.07,34.8872,16.9794,234.2,53.3,1512.724, NAN, NAN, NAN, NAN,,2024/04/08 16:55:48.216,2024-04-08 16:55:48.216000+00:00
2024/04/08, 16:56:48.216,35.932,-74.759, NAN,175.39,176.1,11.54,12.8,12.8,1022.6,1022.5,0.0,0.0,0.0,0.0,26,23,7.0,7.3,63.8,63.7,3.0,2.9,258.6,249.7,1024.7,1024.6,941.76,304.94,2241.47,34.8895,17.0776,234.5,53.4,1513.021, NAN, NAN, NAN, NAN,,2024/04/08 16:56:48.216,2024-04-08 16:56:48.216000+00:00
2024/04/08, 16:57:48.216,35.929,-74.759, NAN,197.73,192.4,11.22,12.8,12.8,1022.7,1022.7,0.0,0.0,0.0,0.0,21,16,8.5,8.0,63.5,63.4,4.2,3.3,256.1,252.2,1024.8,1024.8,938.78,304.37,2244.41,34.8275,17.1725,234.8,54.8,1513.233, NAN, NAN, NAN, NAN,,2024/04/08 16:57:48.216,2024-04-08 16:57:48.216000+00:00
2024/04/08, 16:58:48.216,35.926,-74.761, NAN,219.85,215.92,10.87,12.8,12.8,1022.8,1022.8,0.0,0.0,0.0,0.0,7,1,8.2,7.8,62.4,62.5,2.9,2.3,248.4,233.3,1024.9,1024.9,995.81,303.78,2240.97,34.8476,17.1241,230.2,55.1,1513.112, NAN, NAN, NAN, NAN,,2024/04/08 16:58:48.216,2024-04-08 16:58:48.216000+00:00
2024/04/08, 16:59:48.216,35.924,-74.764, NAN,245.12,243.87,10.32,12.8,12.8,1022.6,1022.7,0.0,0.0,0.0,0.0,0,354,7.6,7.4,61.6,61.6,2.3,2.1,249.3,228.7,1024.7,1024.8,966.81,303.96,2229.94,34.9134,16.8881,226.0,55.2,1512.479, NAN, NAN, NAN, NAN,,2024/04/08 16:59:48.216,2024-04-08 16:59:48.216000+00:00
2024/04/08, 17:00:48.216,35.923,-74.767, NAN,247.61,245.53,10.89,12.8,12.8,1022.6,1022.6,0.0,0.0,0.0,0.0,355,348,8.2,7.9,63.9,64.0,2.6,2.6,237.1,214.2,1024.7,1024.7,959.4,303.98,2230.32,34.978,16.6014,223.6,54.9,1511.688, NAN, NAN, NAN, NAN,,2024/04/08 17:00:48.216,2024-04-08 17:00:48.216000+00:00
2024/04/08, 17:01:48.216,35.922,-74.771, NAN,245.4,242.61,11.34,12.8,12.8,1022.6,1022.4,0.0,0.0,0.0,0.0,356,353,8.4,8.0,63.9,61.8,2.6,2.2,238.7,227.4,1024.7,1024.5,959.39,303.52,2232.55,34.7529,16.181,228.0,55.0,1510.148, NAN, NAN, NAN, NAN,,2024/04/08 17:01:48.216,2024-04-08 17:01:48.216000+00:00
2024/04/08, 17:02:48.216,35.92,-74.774, NAN,245.0,242.55,11.01,12.8,12.8,1022.7,1022.6,0.0,0.0,0.0,0.0,356,350,8.0,7.7,62.6,62.7,2.3,2.2,237.9,216.0,1024.8,1024.7,961.66,304.24,2232.43,34.5187,16.0671,233.9,54.6,1509.528, NAN, NAN, NAN, NAN,,2024/04/08 17:02:48.216,2024-04-08 17:02:48.216000+00:00
2024/04/08, 17:03:48.216,35.919,-74.777, NAN,245.69,241.69,11.27,12.8,12.8,1022.7,1022.6,0.0,0.0,0.0,0.0,355,349,7.5,7.3,63.6,63.6,1.7,1.7,234.6,207.9,1024.8,1024.7,961.15,304.13,2232.75,34.3072,16.0516,239.4,54.2,1509.236, NAN, NAN, NAN, NAN,,2024/04/08 17:03:48.216,2024-04-08 17:03:48.216000+00:00
2024/04/08, 17:04:48.216,35.917,-74.781, NAN,228.12,230.77,10.93,12.8,12.8,1022.6,1022.6,0.0,0.0,0.0,0.0,2,356,8.3,8.0,63.7,64.0,2.7,2.5,229.3,209.6,1024.7,1024.7,955.44,303.72,2238.78,34.1824,15.8026,244.3,54.0,1508.322, NAN, NAN, NAN, NAN,,2024/04/08 17:04:48.216,2024-04-08 17:04:48.216000+00:00
2024/04/08, 17:05:48.216,35.915,-74.783, NAN,210.15,209.28,11.15,12.8,12.8,1022.7,1022.7,0.0,0.0,0.0,0.0,11,5,8.0,8.0,62.4,62.7,2.7,2.4,247.0,229.0,1024.8,1024.8,992.96,304.46,2244.54,34.138,15.5854,244.0,53.8,1507.595, NAN, NAN, NAN, NAN,,2024/04/08 17:05:48.216,2024-04-08 17:05:48.216000+00:00
2024/04/08, 17:06:48.216,35.912,-74.785, NAN,207.65,206.45,11.39,12.8,12.8,1022.7,1022.7,0.0,0.0,0.0,0.0,11,5,8.6,8.2,61.6,61.5,3.1,2.5,241.8,227.4,1024.8,1024.8,988.66,304.54,2246.36,34.0561,15.4483,246.7,54.1,1507.072, NAN, NAN, NAN, NAN,,2024/04/08 17:06:48.216,2024-04-08 17:06:48.216000+00:00
2024/04/08, 17:07:48.216,35.909,-74.787, NAN,209.56,208.7,11.4,12.8,12.8,1022.7,1022.7,0.0,0.0,0.0,0.0,7,1,8.5,8.1,62.3,62.3,2.8,2.3,233.1,215.4,1024.8,1024.8,990.12,303.76,2245.48,33.9687,15.3172,241.8,54.1,1506.559, NAN, NAN, NAN, NAN,,2024/04/08 17:07:48.216,2024-04-08 17:07:48.216000+00:00
2024/04/08, 17:08:48.216,35.907,-74.788, NAN,209.79,209.18,11.25,12.8,12.8,1022.6,1022.6,0.0,0.0,0.0,0.0,7,0,8.6,8.1,62.5,62.9,3.0,2.3,232.1,211.8,1024.7,1024.7,990.84,304.44,2247.16,33.9082,15.2635,241.5,53.9,1506.32, NAN, NAN, NAN, NAN,,2024/04/08 17:08:48.216,2024-04-08 17:08:48.216000+00:00
2024/04/08, 17:09:48.217,35.904,-74.79, NAN,209.78,208.74,11.05,12.8,12.8,1022.6,1022.7,0.0,0.0,0.0,0.0,6,359,8.1,7.7,63.8,63.9,2.5,2.0,231.0,208.2,1024.7,1024.8,990.53,304.33,2247.89,33.8604,15.0187,241.5,53.9,1505.491, NAN, NAN, NAN, NAN,,2024/04/08 17:09:48.217,2024-04-08 17:09:48.217000+00:00
2024/04/08, 17:10:48.217,35.901,-74.792, NAN,210.74,211.51,11.04,12.7,12.8,1022.6,1022.6,0.0,0.0,0.0,0.0,6,0,8.0,7.7,63.0,63.7,2.4,2.0,229.2,208.6,1024.7,1024.7,995.22,303.95,2247.17,33.8422,14.585,243.3,54.0,1504.088, NAN, NAN, NAN, NAN,,2024/04/08 17:10:48.217,2024-04-08 17:10:48.217000+00:00
2024/04/08, 17:11:48.217,35.899,-74.794, NAN,207.89,208.36,11.06,12.7,12.7,1022.6,1022.6,0.0,0.0,0.0,0.0,10,4,8.2,7.9,63.3,63.3,2.8,2.3,238.8,222.2,1024.7,1024.7,980.04,304.01,2249.05,33.7348,14.3134,247.0,53.9,1503.089, NAN, NAN, NAN, NAN,,2024/04/08 17:11:48.217,2024-04-08 17:11:48.217000+00:00
2024/04/08, 17:12:48.217,35.896,-74.796, NAN,206.41,206.59,11.16,12.7,12.8,1022.5,1022.6,0.0,0.0,0.0,0.0,12,6,8.3,7.9,63.4,63.5,2.9,2.3,242.3,227.7,1024.6,1024.7,982.34,304.1,2249.32,33.5748,14.0745,255.0,54.0,1502.128, NAN, NAN, NAN, NAN,,2024/04/08 17:12:48.217,2024-04-08 17:12:48.217000+00:00
2024/04/08, 17:13:48.217,35.893,-74.797, NAN,206.99,206.24,11.31,12.7,12.8,1022.4,1022.6,0.0,0.0,0.0,0.0,8,2,8.3,8.0,64.2,64.1,2.7,2.2,233.6,215.6,1024.5,1024.7,980.83,304.16,2248.82,33.4506,13.8826,256.8,53.8,1501.357, NAN, NAN, NAN, NAN,,2024/04/08 17:13:48.217,2024-04-08 17:13:48.217000+00:00
2024/04/08, 17:14:48.217,35.89,-74.799, NAN,207.45,207.64,11.25,12.8,12.8,1022.5,1022.5,0.0,0.0,0.0,0.0,8,2,8.3,8.0,64.2,64.4,2.7,2.2,232.1,213.7,1024.6,1024.6,980.24,304.23,2248.14,33.3634,13.8145,251.3,53.8,1501.032, NAN, NAN, NAN, NAN,,2024/04/08 17:14:48.217,2024-04-08 17:14:48.217000+00:00
2024/04/08, 17:15:48.217,35.887,-74.801, NAN,207.23,208.04,11.27,12.8,12.8,1022.5,1022.5,0.0,0.0,0.0,0.0,10,4,8.1,7.8,64.1,64.1,2.6,2.1,239.3,221.5,1024.6,1024.6,976.67,304.58,2248.28,33.272,13.6812,245.7,53.9,1500.487, NAN, NAN, NAN, NAN,,2024/04/08 17:15:48.217,2024-04-08 17:15:48.217000+00:00
2024/04/08, 17:16:48.217,35.885,-74.803, NAN,211.75,212.45,10.96,12.8,12.8,1022.5,1022.6,0.0,0.0,0.0,0.0,4,359,7.8,7.5,64.8,64.9,2.2,1.9,224.1,205.5,1024.6,1024.7,987.32,304.64,2247.65,33.2035,13.3693,239.1,53.9,1499.378, NAN, NAN, NAN, NAN,,2024/04/08 17:16:48.217,2024-04-08 17:16:48.217000+00:00
2024/04/08, 17:17:48.217,35.882,-74.805, NAN,214.64,215.13,10.79,12.8,12.8,1022.5,1022.6,0.0,0.0,0.0,0.0,5,359,7.7,7.4,66.3,66.4,2.2,1.9,231.1,209.3,1024.6,1024.7,993.14,304.63,2248.43,33.1404,13.1488,231.4,53.8,1498.571, NAN, NAN, NAN, NAN,,2024/04/08 17:17:48.217,2024-04-08 17:17:48.217000+00:00
2024/04/08, 17:18:48.217,35.88,-74.807, NAN,219.04,219.09,10.94,12.8,12.8,1022.5,1022.6,0.0,0.0,0.0,0.0,4,358,7.8,7.5,66.8,67.0,2.2,1.9,233.8,211.8,1024.6,1024.7,990.55,305.09,2247.57,33.0478,12.9777,235.7,53.7,1497.89, NAN, NAN, NAN, NAN,,2024/04/08 17:18:48.217,2024-04-08 17:18:48.217000+00:00
2024/04/08, 17:19:48.217,35.877,-74.809, NAN,228.9,227.17,10.75,12.8,12.8,1022.5,1022.5,0.0,0.0,0.0,0.0,1,355,7.5,7.1,67.4,67.7,2.0,1.6,239.8,215.6,1024.6,1024.6,995.65,304.77,2245.77,32.9763,12.8166,235.4,53.7,1497.265, NAN, NAN, NAN, NAN,,2024/04/08 17:19:48.217,2024-04-08 17:19:48.217000+00:00
2024/04/08, 17:20:48.217,35.875,-74.812, NAN,230.98,229.3,9.4,12.8,12.8,1022.6,1022.5,0.0,0.0,0.0,0.0,358,352,6.6,6.4,66.6,66.8,1.8,1.7,227.6,204.0,1024.7,1024.6,993.17,304.9,2244.39,32.9351,12.6654,233.6,53.6,1496.706, NAN, NAN, NAN, NAN,,2024/04/08 17:20:48.217,2024-04-08 17:20:48.217000+00:00
2024/04/08, 17:21:48.217,35.874,-74.814, NAN,231.44,233.12,6.43,12.8,12.8,1022.5,1022.5,0.0,0.0,0.0,0.0,357,351,5.5,5.3,66.7,67.0,2.2,2.1,223.6,207.8,1024.6,1024.6,989.61,305.36,2244.16,32.8548,12.55,236.9,53.5,1496.221, NAN, NAN, NAN, NAN,,2024/04/08 17:21:48.217,2024-04-08 17:21:48.217000+00:00
2024/04/08, 17:22:48.217,35.873,-74.816, NAN,229.38,229.6,4.6,12.8,12.8,1022.4,1022.4,0.0,0.0,0.0,0.0,358,352,4.5,4.4,66.2,66.3,2.1,2.1,225.5,212.6,1024.5,1024.5,987.96,305.8,2244.47,32.7906,12.4831,240.0,53.3,1495.918, NAN, NAN, NAN, NAN,,2024/04/08 17:22:48.217,2024-04-08 17:22:48.217000+00:00
2024/04/08, 17:23:48.217,35.872,-74.816, NAN,221.9,223.68,3.19,12.8,12.8,1022.6,1022.6,0.0,0.0,0.0,0.0,359,353,4.0,3.7,66.9,66.8,2.4,2.1,219.4,208.6,1024.7,1024.7,990.01,306.11,2246.33,32.7549,12.4827,237.9,53.3,1495.874, NAN, NAN, NAN, NAN,,2024/04/08 17:23:48.217,2024-04-08 17:23:48.217000+00:00
2024/04/08, 17:24:48.217,35.872,-74.817, NAN,210.35,219.13,2.38,12.8,12.8,1022.5,1022.6,0.0,0.0,0.0,0.0,11,6,3.5,3.4,67.0,67.0,2.3,2.2,223.6,215.9,1024.6,1024.7,970.28,306.31,2247.35,32.7402,12.5251,238.1,53.2,1496.0, NAN, NAN, NAN, NAN,,2024/04/08 17:24:48.217,2024-04-08 17:24:48.217000+00:00
2024/04/08, 17:25:48.218,35.871,-74.817, NAN,195.41,214.96,1.67,12.8,12.8,1022.7,1022.7,0.0,0.0,0.0,0.0,24,18,3.0,3.0,66.8,67.0,2.2,2.1,223.3,214.9,1024.8,1024.8,913.14,306.94,2246.47,32.7326,12.6783,234.2,53.1,1496.51, NAN, NAN, NAN, NAN,,2024/04/08 17:25:48.218,2024-04-08 17:25:48.218000+00:00
2024/04/08, 17:26:48.218,35.871,-74.818, NAN,209.07,210.16,1.15,12.8,12.9,1022.6,1022.6,0.0,0.0,0.0,0.0,9,2,2.7,2.5,67.9,68.1,2.1,1.9,219.5,210.5,1024.7,1024.7,927.35,306.95,2247.33,32.7264,12.9835,230.8,53.3,1497.529, NAN, NAN, NAN, NAN,,2024/04/08 17:26:48.218,2024-04-08 17:26:48.218000+00:00
2024/04/08, 17:27:48.218,35.871,-74.818, NAN,231.68,155.78,0.25,12.9,12.9,1022.5,1022.4,0.0,0.0,0.0,0.0,347,339,2.2,2.2,67.5,67.8,2.1,2.1,219.5,211.0,1024.6,1024.5,982.65,307.17,2242.61,32.7205,13.2923,220.6,53.0,1498.552, NAN, NAN, NAN, NAN,,2024/04/08 17:27:48.218,2024-04-08 17:27:48.218000+00:00
2024/04/08, 17:28:48.218,35.871,-74.818, NAN,231.13,141.35,0.19,12.9,12.9,1022.4,1022.6,0.0,0.0,0.0,0.0,347,339,2.4,2.4,67.2,68.0,2.4,2.4,220.4,212.3,1024.5,1024.7,983.19,306.87,2242.09,32.7134,13.4428,216.4,53.1,1499.043, NAN, NAN, NAN, NAN,,2024/04/08 17:28:48.218,2024-04-08 17:28:48.218000+00:00
2024/04/08, 17:29:48.218,35.871,-74.818, 0.45,229.56,208.56,0.71,12.9,12.9,1022.4,1022.4,0.0,0.0,0.0,0.0,353,345,2.5,2.4,67.7,67.7,2.1,2.0,223.5,214.2,1024.5,1024.5,982.02,306.9,2242.37,32.71,13.439,227.2,53.2,1499.026, NAN, NAN, NAN, NAN,,2024/04/08 17:29:48.218,2024-04-08 17:29:48.218000+00:00
2024/04/08, 17:30:48.218,35.87,-74.818, 1.42,230.63,230.22,1.23,12.9,12.9,1022.5,1022.4,0.0,0.0,0.0,0.0,352,345,2.6,2.5,67.5,67.7,2.0,1.9,220.2,210.8,1024.6,1024.5,982.1,306.61,2241.76,32.7122,13.3094,252.0,53.3,1498.599, NAN, NAN, NAN, NAN,,2024/04/08 17:30:48.218,2024-04-08 17:30:48.218000+00:00
2024/04/08, 17:31:48.218,35.87,-74.818, 1.49,229.97,209.83,1.11,12.9,12.9,1022.5,1022.5,0.0,0.0,0.0,0.0,355,347,2.4,2.4,68.3,68.3,1.8,1.8,226.3,215.8,1024.6,1024.6,983.2,306.51,2241.32,32.7154,13.1913,269.6,53.3,1498.21, NAN, NAN, NAN, NAN,,2024/04/08 17:31:48.218,2024-04-08 17:31:48.218000+00:00
2024/04/08, 17:32:48.218,35.87,-74.819, 1.34,230.87,229.17,1.12,12.9,12.9,1022.4,1022.4,0.0,0.0,0.0,0.0,344,338,2.5,2.6,69.7,69.7,1.9,2.1,210.7,203.4,1024.5,1024.5,979.19,306.53,2241.45,32.7095,13.1707,292.1,53.2,1498.134, NAN, NAN, NAN, NAN,,2024/04/08 17:32:48.218,2024-04-08 17:32:48.218000+00:00
2024/04/08, 17:33:48.218,35.87,-74.819, 1.82,281.4,268.14,1.81,12.9,12.9,1022.5,1022.4,0.0,0.0,0.0,0.0,317,321,2.6,5.1,69.0,68.7,1.9,4.3,222.3,236.1,1024.6,1024.5,955.04,306.77,2223.94,32.7204,13.2695,289.1,53.2,1498.476, NAN, NAN, NAN, NAN,,2024/04/08 17:33:48.218,2024-04-08 17:33:48.218000+00:00
2024/04/08, 17:34:48.218,35.87,-74.82, 2.45,309.06,295.69,2.55,12.9,12.9,1022.4,1022.3,0.0,0.0,0.0,0.0,289,309,2.8,4.8,69.5,69.6,2.4,3.9,210.2,245.4,1024.5,1024.4,949.27,307.08,2204.84,32.7111,13.3604,274.5,53.5,1498.767, NAN, NAN, NAN, NAN,,2024/04/08 17:34:48.218,2024-04-08 17:34:48.218000+00:00
2024/04/08, 17:35:48.218,35.87,-74.821, 2.94,304.36,296.26,3.82,12.9,12.9,1022.5,1022.4,0.0,0.0,0.0,0.0,305,314,2.9,5.3,69.5,68.7,2.2,4.0,206.8,239.8,1024.6,1024.5,944.15,306.51,2206.57,32.7096,12.9843,255.8,53.5,1497.511, NAN, NAN, NAN, NAN,,2024/04/08 17:35:48.218,2024-04-08 17:35:48.218000+00:00
2024/04/08, 17:36:48.218,35.871,-74.822, 3.35,300.64,300.63,4.5,12.9,12.9,1022.4,1022.4,0.0,0.0,0.0,0.0,315,319,3.1,5.7,68.0,68.1,2.2,4.2,207.5,238.7,1024.5,1024.5,938.34,306.35,2208.28,32.7114,12.7423,249.7,53.3,1496.7, NAN, NAN, NAN, NAN,,2024/04/08 17:36:48.218,2024-04-08 17:36:48.218000+00:00
2024/04/08, 17:37:48.218,35.872,-74.823, 4.12,297.97,303.94,5.06,12.9,12.9,1022.6,1022.4,0.0,0.0,0.0,0.0,317,320,3.5,6.0,69.0,69.0,2.6,4.5,207.2,234.3,1024.7,1024.5,941.42,305.81,2209.41,32.7104,12.651,239.4,53.3,1496.391, NAN, NAN, NAN, NAN,,2024/04/08 17:37:48.218,2024-04-08 17:37:48.218000+00:00
2024/04/08, 17:38:48.218,35.872,-74.825, 5.02,298.46,298.87,5.23,12.9,12.9,1022.3,1022.3,0.0,0.0,0.0,0.0,318,320,3.6,6.1,68.4,68.5,2.4,4.4,208.2,235.2,1024.4,1024.4,940.31,306.15,2211.02,32.7103,12.722,235.1,53.3,1496.631, NAN, NAN, NAN, NAN,,2024/04/08 17:38:48.218,2024-04-08 17:38:48.218000+00:00
2024/04/08, 17:39:48.218,35.873,-74.827, 5.39,293.32,297.92,5.36,12.9,12.9,1022.4,1022.3,0.0,0.0,0.0,0.0,319,321,3.9,6.5,69.1,69.2,2.7,4.8,207.4,231.9,1024.5,1024.4,943.15,305.76,2212.35,32.7069,12.8251,229.3,53.3,1496.974, NAN, NAN, NAN, NAN,,2024/04/08 17:39:48.218,2024-04-08 17:39:48.218000+00:00
2024/04/08, 17:40:48.218,35.874,-74.828, 4.53,287.29,298.59,4.2,12.9,12.9,1022.3,1022.2,0.0,0.0,0.0,0.0,318,320,3.7,6.4,69.0,69.2,2.8,5.2,209.8,229.5,1024.4,1024.3,966.34,305.76,2216.75,32.6999,12.9345,224.8,53.4,1497.333, NAN, NAN, NAN, NAN,,2024/04/08 17:40:48.218,2024-04-08 17:40:48.218000+00:00
2024/04/08, 17:41:48.219,35.874,-74.829, 2.53,287.04,272.19,2.25,12.9,12.9,1022.3,1022.3,0.0,0.0,0.0,0.0,306,315,3.0,5.6,69.1,69.3,2.3,4.7,213.0,234.1,1024.4,1024.4,973.55,306.02,2217.84,32.692,13.0679,217.9,53.5,1497.77, NAN, NAN, NAN, NAN,,2024/04/08 17:41:48.219,2024-04-08 17:41:48.219000+00:00
2024/04/08, 17:42:48.219,35.874,-74.83, 1.00,290.02,245.4,0.73,12.9,12.9,1022.5,1022.4,0.0,0.0,0.0,0.0,287,309,2.8,4.8,69.6,69.6,2.5,4.5,211.2,237.3,1024.6,1024.5,969.91,306.94,2216.3,32.6824,13.2835,216.9,53.6,1498.478, NAN, NAN, NAN, NAN,,2024/04/08 17:42:48.219,2024-04-08 17:42:48.219000+00:00
2024/04/08, 17:43:48.219,35.874,-74.83, 0.23,284.66,298.41,0.09,12.9,12.9,1022.5,1022.4,0.0,0.0,0.0,0.0,283,306,3.2,5.1,70.1,70.3,3.2,5.1,206.8,230.2,1024.6,1024.5,971.72,307.24,2218.93,32.6731,13.4159,214.5,53.6,1498.906, NAN, NAN, NAN, NAN,,2024/04/08 17:43:48.219,2024-04-08 17:43:48.219000+00:00
2024/04/08, 17:44:48.219,35.874,-74.83, -0.03,253.76,303.52,0.13,12.9,12.9,1022.5,1022.3,0.0,0.0,0.0,0.0,305,317,2.8,5.2,70.0,70.2,2.9,5.3,199.3,210.9,1024.6,1024.4,949.37,306.73,2231.5,32.6628,13.3417,220.3,53.6,1498.648, NAN, NAN, NAN, NAN,,2024/04/08 17:44:48.219,2024-04-08 17:44:48.219000+00:00
2024/04/08, 17:45:48.219,35.874,-74.83, -0.03,223.2,4.36,0.1,13.0,12.9,1022.5,1022.4,0.0,0.0,0.0,0.0,345,336,2.6,2.9,71.6,70.2,2.7,2.9,208.4,199.6,1024.6,1024.5,954.08,306.9,2242.65,32.6486,13.269,216.9,53.4,1498.39, NAN, NAN, NAN, NAN,,2024/04/08 17:45:48.219,2024-04-08 17:45:48.219000+00:00
2024/04/08, 17:46:48.219,35.874,-74.83, -0.04,220.3,1.89,0.2,13.0,13.0,1022.4,1022.3,0.0,0.0,0.0,0.0,358,352,2.9,2.8,72.1,72.3,2.9,2.9,216.5,210.6,1024.5,1024.4,939.52,306.74,2242.37,32.6368,13.0146,215.1,53.2,1497.527, NAN, NAN, NAN, NAN,,2024/04/08 17:46:48.219,2024-04-08 17:46:48.219000+00:00
2024/04/08, 17:47:48.219,35.874,-74.83, 0.19,223.49,248.09,0.25,13.0,13.0,1022.6,1022.4,0.0,0.0,0.0,0.0,356,350,2.8,2.8,71.0,71.3,2.7,2.7,217.8,211.6,1024.7,1024.5,939.65,306.39,2242.78,32.6114,13.0909,210.0,53.0,1497.752, NAN, NAN, NAN, NAN,,2024/04/08 17:47:48.219,2024-04-08 17:47:48.219000+00:00
2024/04/08, 17:48:48.219,35.874,-74.83, 0.23,223.35,277.98,0.32,13.0,13.0,1022.6,1022.6,0.0,0.0,0.0,0.0,354,347,3.0,3.0,71.0,71.2,2.9,3.0,214.4,207.3,1024.7,1024.7,939.46,306.78,2242.28,32.5779,13.2488,205.0,53.2,1498.239, NAN, NAN, NAN, NAN,,2024/04/08 17:48:48.219,2024-04-08 17:48:48.219000+00:00
2024/04/08, 17:49:48.219,35.874,-74.83, 0.59,222.83,271.91,0.41,13.0,13.0,1022.6,1022.5,0.0,0.0,0.0,0.0,351,346,3.2,3.1,71.1,71.3,3.1,3.0,211.0,205.7,1024.7,1024.6,937.91,306.53,2241.95,32.5591,13.3492,204.1,53.2,1498.55, NAN, NAN, NAN, NAN,,2024/04/08 17:49:48.219,2024-04-08 17:49:48.219000+00:00
2024/04/08, 17:50:48.219,35.874,-74.83, 0.51,222.58,250.94,0.48,13.0,13.0,1022.6,1022.6,0.0,0.0,0.0,0.0,350,344,3.1,3.1,71.8,72.0,2.9,2.9,210.3,203.8,1024.7,1024.7,933.4,306.02,2241.49,32.574,13.2998,214.5,53.2,1498.404, NAN, NAN, NAN, NAN,,2024/04/08 17:50:48.219,2024-04-08 17:50:48.219000+00:00
2024/04/08, 17:51:48.219,35.874,-74.83, 0.53,222.93,189.61,0.54,12.9,12.9,1022.4,1022.4,0.0,0.0,0.0,0.0,358,351,3.1,2.9,70.6,70.8,2.8,2.6,222.9,215.4,1024.5,1024.5,934.64,306.15,2241.73,32.5966,13.1633,215.1,52.9,1497.976, NAN, NAN, NAN, NAN,,2024/04/08 17:51:48.219,2024-04-08 17:51:48.219000+00:00
2024/04/08, 17:52:48.219,35.874,-74.83, 0.54,223.16,215.05,0.58,12.9,12.9,1022.4,1022.4,0.0,0.0,0.0,0.0,349,344,2.7,2.8,70.3,70.6,2.4,2.5,211.4,205.8,1024.5,1024.5,928.65,306.39,2242.28,32.5826,13.2122,212.0,52.8,1498.122, NAN, NAN, NAN, NAN,,2024/04/08 17:52:48.219,2024-04-08 17:52:48.219000+00:00
2024/04/08, 17:53:48.219,35.873,-74.83, 0.53,223.52,232.75,0.55,12.9,12.9,1022.5,1022.4,0.0,0.0,0.0,0.0,348,342,2.6,2.6,70.3,70.5,2.3,2.3,209.4,202.8,1024.6,1024.5,929.47,306.54,2242.45,32.5882,13.3752,225.3,53.2,1498.671, NAN, NAN, NAN, NAN,,2024/04/08 17:53:48.219,2024-04-08 17:53:48.219000+00:00
2024/04/08, 17:54:48.219,35.873,-74.83, 0.57,223.17,210.09,0.61,13.0,13.0,1022.3,1022.3,0.0,0.0,0.0,0.0,348,343,2.7,2.8,70.9,71.0,2.4,2.5,210.5,204.9,1024.4,1024.4,923.47,306.28,2241.83,32.5941,13.4796,229.0,53.2,1499.024, NAN, NAN, NAN, NAN,,2024/04/08 17:54:48.219,2024-04-08 17:54:48.219000+00:00
2024/04/08, 17:55:48.219,35.873,-74.831, 0.59,222.65,191.88,0.55,13.0,13.0,1022.5,1022.4,0.0,0.0,0.0,0.0,349,342,2.8,2.9,70.4,70.7,2.5,2.6,213.0,205.2,1024.6,1024.5,923.03,306.07,2241.47,32.5985,13.5033,249.1,53.4,1499.107, NAN, NAN, NAN, NAN,,2024/04/08 17:55:48.219,2024-04-08 17:55:48.219000+00:00
2024/04/08, 17:56:48.220,35.873,-74.831, 0.60,223.42,238.9,0.6,13.0,13.0,1022.5,1022.5,0.0,0.0,0.0,0.0,345,338,2.7,2.7,70.5,70.6,2.4,2.4,205.4,197.6,1024.6,1024.6,920.35,306.22,2241.28,32.6168,13.5258,261.7,53.1,1499.203, NAN, NAN, NAN, NAN,,2024/04/08 17:56:48.220,2024-04-08 17:56:48.220000+00:00
2024/04/08, 17:57:48.220,35.873,-74.831, 1.16,222.9,208.8,0.99,13.0,13.0,1022.4,1022.5,0.0,0.0,0.0,0.0,347,341,2.9,3.0,70.4,70.3,2.4,2.5,208.8,201.6,1024.5,1024.6,919.26,306.22,2240.69,32.6169,13.5406,266.8,53.2,1499.252, NAN, NAN, NAN, NAN,,2024/04/08 17:57:48.220,2024-04-08 17:57:48.220000+00:00
2024/04/08, 17:58:48.220,35.873,-74.831, 1.13,223.17,217.1,1.07,13.0,13.0,1022.4,1022.4,0.0,0.0,0.0,0.0,348,342,3.2,3.2,70.9,71.1,2.7,2.7,209.4,202.2,1024.5,1024.5,915.87,305.94,2240.7,32.6116,13.5381,268.4,53.3,1499.238, NAN, NAN, NAN, NAN,,2024/04/08 17:58:48.220,2024-04-08 17:58:48.220000+00:00
2024/04/08, 17:59:48.220,35.873,-74.831, 1.10,223.05,232.84,1.04,13.0,13.0,1022.5,1022.4,0.0,0.0,0.0,0.0,349,343,3.1,3.1,71.2,71.4,2.6,2.6,208.5,201.4,1024.6,1024.5,908.35,306.12,2240.76,32.5967,13.5281,271.6,53.2,1499.187, NAN, NAN, NAN, NAN,,2024/04/08 17:59:48.220,2024-04-08 17:59:48.220000+00:00
2024/04/08, 18:00:48.220,35.872,-74.832, 1.12,223.51,238.53,1.01,13.0,13.0,1022.3,1022.3,0.0,0.0,0.0,0.0,345,338,3.1,3.1,71.2,71.3,2.6,2.7,204.0,195.9,1024.4,1024.4,910.19,306.12,2240.47,32.5944,13.5288,260.8,53.2,1499.187, NAN, NAN, NAN, NAN,,2024/04/08 18:00:48.220,2024-04-08 18:00:48.220000+00:00
2024/04/08, 18:01:48.220,35.872,-74.832, 1.14,223.43,219.68,1.01,13.0,13.0,1022.3,1022.5,0.0,0.0,0.0,0.0,345,338,2.7,2.8,71.2,71.4,2.2,2.3,205.7,197.3,1024.4,1024.6,906.17,306.26,2241.23,32.5923,13.5081,247.6,52.9,1499.116, NAN, NAN, NAN, NAN,,2024/04/08 18:01:48.220,2024-04-08 18:01:48.220000+00:00
2024/04/08, 18:02:48.220,35.872,-74.832, 1.13,222.73,215.18,1.01,13.0,13.0,1022.5,1022.5,0.0,0.0,0.0,0.0,351,345,3.0,3.1,71.7,71.4,2.5,2.6,212.8,205.6,1024.6,1024.6,903.42,306.17,2240.37,32.5605,13.4732,229.9,52.9,1498.963, NAN, NAN, NAN, NAN,,2024/04/08 18:02:48.220,2024-04-08 18:02:48.220000+00:00
2024/04/08, 18:03:48.220,35.872,-74.832, 1.14,222.69,223.22,0.99,13.0,13.0,1022.5,1022.5,0.0,0.0,0.0,0.0,355,348,3.0,3.0,70.8,70.8,2.5,2.5,217.5,209.1,1024.6,1024.6,901.36,305.86,2240.28,32.5482,13.4471,220.3,53.1,1498.862, NAN, NAN, NAN, NAN,,2024/04/08 18:03:48.220,2024-04-08 18:03:48.220000+00:00
2024/04/08, 18:04:48.220,35.872,-74.832, 1.12,223.62,215.4,0.98,13.0,13.0,1022.5,1022.4,0.0,0.0,0.0,0.0,349,343,3.1,3.0,71.1,71.1,2.6,2.5,211.5,204.3,1024.6,1024.5,897.66,306.33,2238.51,32.5486,13.402,217.2,53.0,1498.713, NAN, NAN, NAN, NAN,,2024/04/08 18:04:48.220,2024-04-08 18:04:48.220000+00:00
2024/04/08, 18:05:48.220,35.871,-74.833, 1.09,223.8,215.72,1.03,13.0,13.0,1022.5,1022.4,0.0,0.0,0.0,0.0,340,333,3.0,3.8,72.2,72.1,2.5,3.3,200.6,193.4,1024.6,1024.5,893.74,306.34,2237.34,32.5427,13.3517,222.6,53.0,1498.539, NAN, NAN, NAN, NAN,,2024/04/08 18:05:48.220,2024-04-08 18:05:48.220000+00:00
2024/04/08, 18:06:48.220,35.871,-74.833, 1.09,222.86,240.92,0.92,13.1,13.1,1022.4,1022.3,0.0,0.0,0.0,0.0,344,337,3.0,3.1,72.3,72.5,2.6,2.7,202.6,194.7,1024.5,1024.4,894.78,306.14,2235.75,32.5979,13.324,240.0,53.0,1498.513, NAN, NAN, NAN, NAN,,2024/04/08 18:06:48.220,2024-04-08 18:06:48.220000+00:00
2024/04/08, 18:07:48.220,35.871,-74.833, 1.06,223.25,209.13,1.07,13.1,13.1,1022.5,1022.4,0.0,0.0,0.0,0.0,344,339,2.8,2.9,72.8,72.6,2.3,2.4,205.7,199.6,1024.6,1024.5,885.6,306.51,2232.01,32.5793,13.293,225.2,52.8,1498.388, NAN, NAN, NAN, NAN,,2024/04/08 18:07:48.220,2024-04-08 18:07:48.220000+00:00
2024/04/08, 18:08:48.220,35.871,-74.833, 1.07,223.52,224.18,1.09,13.1,13.1,1022.4,1022.3,0.0,0.0,0.0,0.0,345,339,3.6,3.7,72.9,72.8,3.1,3.2,205.4,198.5,1024.5,1024.4,881.72,305.64,2226.58,32.5841,13.2874,230.5,52.9,1498.375, NAN, NAN, NAN, NAN,,2024/04/08 18:08:48.220,2024-04-08 18:08:48.220000+00:00
2024/04/08, 18:09:48.220,35.871,-74.834, 1.06,223.45,230.77,1.01,13.1,13.1,1022.4,1022.3,0.0,0.0,0.0,0.0,345,339,3.2,3.3,72.1,72.2,2.7,2.8,204.6,197.8,1024.5,1024.4,874.6,305.82,2218.16,32.5633,13.2671,224.8,52.9,1498.282, NAN, NAN, NAN, NAN,,2024/04/08 18:09:48.220,2024-04-08 18:09:48.220000+00:00
2024/04/08, 18:10:48.220,35.87,-74.834, 1.06,222.75,227.67,0.94,13.0,13.1,1022.4,1022.3,0.0,0.0,0.0,0.0,346,341,3.1,3.2,71.8,72.1,2.6,2.8,205.7,200.0,1024.5,1024.4,869.27,305.77,2209.21,32.5454,13.192,222.4,52.9,1498.011, NAN, NAN, NAN, NAN,,2024/04/08 18:10:48.220,2024-04-08 18:10:48.220000+00:00
2024/04/08, 18:11:48.221,35.87,-74.834, 1.07,223.06,230.0,1.07,13.0,13.0,1022.4,1022.4,0.0,0.0,0.0,0.0,343,336,3.1,3.2,72.4,72.4,2.6,2.7,201.3,193.3,1024.5,1024.5,859.7,305.67,2198.88,32.5359,13.1357,220.0,52.9,1497.812, NAN, NAN, NAN, NAN,,2024/04/08 18:11:48.221,2024-04-08 18:11:48.221000+00:00
2024/04/08, 18:12:48.221,35.87,-74.834, 1.06,222.86,236.54,0.88,13.0,13.0,1022.3,1022.3,0.0,0.0,0.0,0.0,343,336,3.0,3.1,72.3,72.5,2.6,2.7,201.7,193.8,1024.4,1024.4,854.55,305.46,2188.35,32.5363,13.0969,220.6,52.8,1497.683, NAN, NAN, NAN, NAN,,2024/04/08 18:12:48.221,2024-04-08 18:12:48.221000+00:00
2024/04/08, 18:13:48.221,35.87,-74.835, 1.07,222.91,217.45,0.99,13.0,13.0,1022.4,1022.4,0.0,0.0,0.0,0.0,349,342,3.1,3.1,71.3,71.6,2.6,2.6,210.0,201.7,1024.5,1024.5,843.45,305.37,2175.98,32.5641,13.071,230.5,52.6,1497.629, NAN, NAN, NAN, NAN,,2024/04/08 18:13:48.221,2024-04-08 18:13:48.221000+00:00
2024/04/08, 18:14:48.221,35.869,-74.835, 1.13,223.06,224.41,1.09,13.0,13.0,1022.3,1022.3,0.0,0.0,0.0,0.0,347,340,3.0,3.1,72.1,72.1,2.5,2.6,206.9,198.6,1024.4,1024.4,836.82,305.91,2160.37,32.5956,12.9984,239.1,52.8,1497.424, NAN, NAN, NAN, NAN,,2024/04/08 18:14:48.221,2024-04-08 18:14:48.221000+00:00
2024/04/08, 18:15:48.221,35.869,-74.835, 0.98,223.62,228.36,0.96,13.0,13.0,1022.3,1022.3,0.0,0.0,0.0,0.0,347,340,3.2,3.2,72.2,72.3,2.7,2.8,207.6,199.4,1024.4,1024.4,830.42,305.46,2146.04,32.5612,12.9707,231.4,52.9,1497.29, NAN, NAN, NAN, NAN,,2024/04/08 18:15:48.221,2024-04-08 18:15:48.221000+00:00
2024/04/08, 18:16:48.221,35.869,-74.835, 1.07,222.83,203.49,1.0,13.0,13.0,1022.3,1022.3,0.0,0.0,0.0,0.0,347,341,3.1,3.2,72.5,72.6,2.6,2.7,209.6,202.5,1024.4,1024.4,818.86,305.5,2130.24,32.589,12.912,233.9,52.9,1497.126, NAN, NAN, NAN, NAN,,2024/04/08 18:16:48.221,2024-04-08 18:16:48.221000+00:00
2024/04/08, 18:17:48.221,35.869,-74.836, 1.06,223.29,207.7,1.16,13.1,13.1,1022.3,1022.3,0.0,0.0,0.0,0.0,348,341,3.2,3.2,72.2,72.3,2.6,2.6,210.5,201.9,1024.4,1024.4,810.1,305.33,2114.56,32.5648,12.8224,236.6,53.0,1496.796, NAN, NAN, NAN, NAN,,2024/04/08 18:17:48.221,2024-04-08 18:17:48.221000+00:00
2024/04/08, 18:18:48.221,35.869,-74.836, 1.11,223.0,200.0,1.0,13.1,13.1,1022.4,1022.3,0.0,0.0,0.0,0.0,349,342,3.0,3.1,73.1,73.2,2.5,2.6,212.3,203.9,1024.5,1024.4,801.06,305.19,2096.19,32.5675,12.7278,232.7,52.9,1496.481, NAN, NAN, NAN, NAN,,2024/04/08 18:18:48.221,2024-04-08 18:18:48.221000+00:00
2024/04/08, 18:19:48.221,35.868,-74.836, 1.12,223.31,235.38,0.97,13.1,13.1,1022.3,1022.2,0.0,0.0,0.0,0.0,345,338,3.2,3.3,72.8,73.0,2.7,2.9,204.4,196.5,1024.4,1024.3,790.17,305.27,2074.05,32.5285,12.6856,225.3,53.1,1496.292, NAN, NAN, NAN, NAN,,2024/04/08 18:19:48.221,2024-04-08 18:19:48.221000+00:00
2024/04/08, 18:20:48.221,35.868,-74.836, 1.09,223.06,231.0,0.98,13.1,13.1,1022.2,1022.2,0.0,0.0,0.0,0.0,346,340,3.4,3.5,72.3,72.6,2.9,3.1,205.7,198.9,1024.3,1024.3,775.97,304.97,2054.52,32.5527,12.6754,229.9,53.1,1496.286, NAN, NAN, NAN, NAN,,2024/04/08 18:20:48.221,2024-04-08 18:20:48.221000+00:00
2024/04/08, 18:21:48.221,35.868,-74.836, 1.08,223.17,221.35,1.07,13.1,13.1,1022.2,1022.2,0.0,0.0,0.0,0.0,347,341,3.3,3.5,72.6,72.8,2.8,3.0,207.9,201.0,1024.3,1024.3,768.24,305.0,2034.86,32.5152,12.6614,221.5,52.9,1496.194, NAN, NAN, NAN, NAN,,2024/04/08 18:21:48.221,2024-04-08 18:21:48.221000+00:00
2024/04/08, 18:22:48.221,35.868,-74.837, 1.14,223.26,203.93,0.94,13.1,13.1,1022.3,1022.3,0.0,0.0,0.0,0.0,343,337,3.7,3.8,73.4,73.3,3.2,3.3,205.1,198.2,1024.4,1024.4,756.33,304.91,2013.67,32.5339,12.6598,225.2,53.0,1496.211, NAN, NAN, NAN, NAN,,2024/04/08 18:22:48.221,2024-04-08 18:22:48.221000+00:00
2024/04/08, 18:23:48.221,35.868,-74.837, 1.10,223.57,224.18,1.0,13.1,13.1,1022.3,1022.2,0.0,0.0,0.0,0.0,348,342,3.7,3.8,72.4,72.7,3.2,3.3,209.8,203.0,1024.4,1024.3,747.2,304.65,1991.28,32.4693,12.6721,215.7,52.9,1496.176, NAN, NAN, NAN, NAN,,2024/04/08 18:23:48.221,2024-04-08 18:23:48.221000+00:00
2024/04/08, 18:24:48.221,35.867,-74.837, 1.16,223.88,207.65,1.19,13.0,13.1,1022.4,1022.3,0.0,0.0,0.0,0.0,347,341,3.6,3.7,72.0,72.1,3.0,3.1,210.0,202.9,1024.5,1024.4,735.38,304.64,1967.02,32.5207,12.6563,227.5,53.1,1496.184, NAN, NAN, NAN, NAN,,2024/04/08 18:24:48.221,2024-04-08 18:24:48.221000+00:00
2024/04/08, 18:25:48.221,35.867,-74.837, 1.06,223.8,219.68,1.06,13.0,13.1,1022.3,1022.3,0.0,0.0,0.0,0.0,344,339,3.4,3.5,72.7,72.8,2.9,3.0,205.1,199.3,1024.4,1024.4,722.6,305.07,1943.48,32.5282,12.6385,231.4,52.9,1496.132, NAN, NAN, NAN, NAN,,2024/04/08 18:25:48.221,2024-04-08 18:25:48.221000+00:00
2024/04/08, 18:26:48.221,35.867,-74.838, 1.05,223.62,213.61,1.06,13.1,13.1,1022.3,1022.3,0.0,0.0,0.0,0.0,346,339,3.6,3.7,73.2,73.2,3.1,3.2,208.1,200.0,1024.4,1024.4,712.1,304.89,1919.53,32.5254,12.6459,229.0,53.0,1496.154, NAN, NAN, NAN, NAN,,2024/04/08 18:26:48.221,2024-04-08 18:26:48.221000+00:00
2024/04/08, 18:27:48.221,35.867,-74.838, 1.05,223.24,227.29,1.03,13.1,13.1,1022.3,1022.3,0.0,0.0,0.0,0.0,344,338,3.5,3.6,73.7,73.6,3.0,3.1,204.1,197.2,1024.4,1024.4,700.47,304.56,1894.56,32.4873,12.6374,225.2,52.9,1496.08, NAN, NAN, NAN, NAN,,2024/04/08 18:27:48.221,2024-04-08 18:27:48.221000+00:00
2024/04/08, 18:28:48.222,35.867,-74.838, 1.04,224.1,231.18,0.99,13.1,13.1,1022.3,1022.3,0.0,0.0,0.0,0.0,340,334,3.5,3.6,73.3,73.3,3.0,3.2,200.1,193.4,1024.4,1024.4,686.78,304.69,1865.85,32.4659,12.6198,225.2,52.9,1495.995, NAN, NAN, NAN, NAN,,2024/04/08 18:28:48.222,2024-04-08 18:28:48.222000+00:00
2024/04/08, 18:29:48.222,35.866,-74.838, 1.04,223.18,218.02,0.98,13.1,13.1,1022.3,1022.3,0.0,0.0,0.0,0.0,344,338,3.7,3.9,73.4,73.3,3.2,3.4,205.2,198.5,1024.4,1024.4,675.11,304.77,1840.31,32.5173,12.5752,233.0,52.7,1495.905, NAN, NAN, NAN, NAN,,2024/04/08 18:29:48.222,2024-04-08 18:29:48.222000+00:00
2024/04/08, 18:30:48.222,35.866,-74.839, 1.05,223.08,213.83,0.96,13.1,13.1,1022.3,1022.2,0.0,0.0,0.0,0.0,344,338,3.8,3.9,73.3,73.3,3.3,3.4,205.6,198.8,1024.4,1024.3,665.6,304.38,1814.35,32.5203,12.5359,230.8,52.9,1495.776, NAN, NAN, NAN, NAN,,2024/04/08 18:30:48.222,2024-04-08 18:30:48.222000+00:00
2024/04/08, 18:31:48.222,35.866,-74.839, 1.03,223.12,234.89,0.83,13.1,13.1,1022.3,1022.2,0.0,0.0,0.0,0.0,345,339,3.6,3.7,73.0,73.2,3.2,3.3,205.2,198.6,1024.4,1024.3,651.08,304.53,1787.71,32.5189,12.491,232.4,52.8,1495.622, NAN, NAN, NAN, NAN,,2024/04/08 18:31:48.222,2024-04-08 18:31:48.222000+00:00
2024/04/08, 18:32:48.222,35.866,-74.839, 1.01,223.43,209.5,0.97,13.1,13.1,1022.3,1022.3,0.0,0.0,0.0,0.0,341,335,3.7,3.7,73.8,73.8,3.2,3.2,202.8,195.9,1024.4,1024.4,640.21,304.64,1760.81,32.5427,12.4562,232.7,52.9,1495.532, NAN, NAN, NAN, NAN,,2024/04/08 18:32:48.222,2024-04-08 18:32:48.222000+00:00
2024/04/08, 18:33:48.222,35.866,-74.839, 1.04,224.12,231.34,1.11,13.1,13.1,1022.2,1022.1,0.0,0.0,0.0,0.0,343,337,3.4,3.5,74.1,74.2,2.9,3.0,203.5,196.6,1024.3,1024.2,624.21,304.77,1728.83,32.5555,12.4673,233.0,53.0,1495.585, NAN, NAN, NAN, NAN,,2024/04/08 18:33:48.222,2024-04-08 18:33:48.222000+00:00
2024/04/08, 18:34:48.222,35.865,-74.839, 0.99,223.79,226.96,0.95,13.2,13.2,1022.3,1022.2,0.0,0.0,0.0,0.0,338,331,3.7,4.3,74.4,74.5,3.2,3.9,198.7,191.4,1024.4,1024.3,612.44,304.65,1701.72,32.4818,12.4776,233.2,52.9,1495.532, NAN, NAN, NAN, NAN,,2024/04/08 18:34:48.222,2024-04-08 18:34:48.222000+00:00
2024/04/08, 18:35:48.222,35.865,-74.84, 1.00,223.69,227.22,0.95,13.2,13.2,1022.2,1022.3,0.0,0.0,0.0,0.0,347,341,3.7,3.9,74.1,74.2,3.2,3.5,208.3,201.7,1024.3,1024.4,599.92,304.28,1672.77,32.5205,12.473,236.0,53.1,1495.562, NAN, NAN, NAN, NAN,,2024/04/08 18:35:48.222,2024-04-08 18:35:48.222000+00:00
2024/04/08, 18:36:48.222,35.865,-74.84, 1.00,224.17,230.52,1.05,13.1,13.1,1022.2,1022.1,0.0,0.0,0.0,0.0,348,342,3.6,3.7,72.9,73.0,3.1,3.2,209.5,202.7,1024.3,1024.2,586.62,304.57,1642.82,32.5277,12.4727,237.6,53.2,1495.57, NAN, NAN, NAN, NAN,,2024/04/08 18:36:48.222,2024-04-08 18:36:48.222000+00:00
2024/04/08, 18:37:48.222,35.865,-74.84, 1.02,223.49,228.02,0.97,13.1,13.1,1022.1,1022.1,0.0,0.0,0.0,0.0,342,334,3.4,3.4,74.1,74.1,2.9,3.0,201.7,192.6,1024.2,1024.2,573.21,304.88,1613.13,32.4919,12.534,231.7,53.2,1495.735, NAN, NAN, NAN, NAN,,2024/04/08 18:37:48.222,2024-04-08 18:37:48.222000+00:00
2024/04/08, 18:38:48.222,35.865,-74.84, 1.00,222.97,230.19,1.05,13.2,13.1,1022.2,1022.1,0.0,0.0,0.0,0.0,338,332,3.5,4.8,74.8,74.7,3.0,4.4,196.3,191.1,1024.3,1024.2,561.41,304.27,1577.65,32.4618,12.6222,229.3,53.2,1495.998, NAN, NAN, NAN, NAN,,2024/04/08 18:38:48.222,2024-04-08 18:38:48.222000+00:00
2024/04/08, 18:39:48.222,35.864,-74.841, 1.00,223.75,230.18,1.12,13.2,13.2,1022.1,1022.1,0.0,0.0,0.0,0.0,343,337,3.7,3.8,73.8,73.9,3.2,3.3,203.2,196.4,1024.2,1024.2,547.55,304.25,1547.91,32.4268,12.6665,224.4,53.0,1496.107, NAN, NAN, NAN, NAN,,2024/04/08 18:39:48.222,2024-04-08 18:39:48.222000+00:00
2024/04/08, 18:40:48.222,35.864,-74.841, 1.00,223.89,223.51,1.07,13.1,13.1,1022.0,1022.0,0.0,0.0,0.0,0.0,340,334,3.6,3.7,74.1,74.0,3.1,3.2,200.4,193.6,1024.1,1024.1,534.11,304.04,1516.69,32.3914,12.7097,220.3,52.9,1496.211, NAN, NAN, NAN, NAN,,2024/04/08 18:40:48.222,2024-04-08 18:40:48.222000+00:00
2024/04/08, 18:41:48.222,35.864,-74.841, 1.04,223.67,219.5,1.07,13.1,13.1,1022.1,1022.2,0.0,0.0,0.0,0.0,342,336,3.6,3.7,74.4,74.6,3.1,3.2,203.1,196.3,1024.2,1024.3,522.4,303.68,1486.73,32.36,12.7379,216.0,52.7,1496.269, NAN, NAN, NAN, NAN,,2024/04/08 18:41:48.222,2024-04-08 18:41:48.222000+00:00
2024/04/08, 18:42:48.222,35.864,-74.841, 1.02,223.77,223.96,1.07,13.1,13.1,1022.0,1022.0,0.0,0.0,0.0,0.0,339,332,3.6,3.7,73.8,73.9,3.1,3.2,199.3,191.4,1024.1,1024.1,509.96,303.78,1456.59,32.3353,12.743,214.2,52.9,1496.257, NAN, NAN, NAN, NAN,,2024/04/08 18:42:48.222,2024-04-08 18:42:48.222000+00:00
2024/04/08, 18:43:48.222,35.864,-74.842, 0.99,223.54,218.34,0.99,13.1,13.1,1022.0,1022.0,0.0,0.0,0.0,0.0,339,332,3.7,4.2,73.8,73.9,3.2,3.7,199.8,192.3,1024.1,1024.1,498.12,303.84,1420.29,32.3758,12.7338,220.6,52.9,1496.273, NAN, NAN, NAN, NAN,,2024/04/08 18:43:48.222,2024-04-08 18:43:48.222000+00:00
2024/04/08, 18:44:48.223,35.863,-74.842, 1.01,223.24,233.3,1.15,13.1,13.1,1022.0,1021.9,0.0,0.0,0.0,0.0,334,330,3.9,5.3,74.3,74.3,3.4,4.8,192.1,189.2,1024.1,1024.0,486.07,303.27,1389.15,32.3974,12.7263,229.3,53.1,1496.274, NAN, NAN, NAN, NAN,,2024/04/08 18:44:48.223,2024-04-08 18:44:48.223000+00:00
2024/04/08, 18:45:48.223,35.863,-74.842, 0.98,223.12,223.95,1.0,13.1,13.1,1022.0,1021.9,0.0,0.0,0.0,0.0,336,330,3.8,5.2,74.1,74.2,3.3,4.7,195.9,190.3,1024.1,1024.0,472.19,303.49,1358.06,32.4206,12.7328,235.4,53.4,1496.323, NAN, NAN, NAN, NAN,,2024/04/08 18:45:48.223,2024-04-08 18:45:48.223000+00:00
2024/04/08, 18:46:48.223,35.863,-74.842, 0.99,223.72,213.94,1.18,13.1,13.1,1022.0,1021.9,0.0,0.0,0.0,0.0,338,332,3.9,4.4,74.3,74.3,3.3,3.8,198.8,192.3,1024.1,1024.0,460.16,303.32,1326.55,32.441,12.7129,238.4,53.6,1496.28, NAN, NAN, NAN, NAN,,2024/04/08 18:46:48.223,2024-04-08 18:46:48.223000+00:00
2024/04/08, 18:47:48.223,35.863,-74.842, 1.03,223.17,227.8,1.02,13.0,13.1,1022.0,1022.0,0.0,0.0,0.0,0.0,342,336,4.0,4.1,73.6,73.8,3.5,3.6,202.2,195.5,1024.1,1024.1,447.94,303.26,1290.12,32.4375,12.6917,242.1,53.4,1496.205, NAN, NAN, NAN, NAN,,2024/04/08 18:47:48.223,2024-04-08 18:47:48.223000+00:00
2024/04/08, 18:48:48.223,35.862,-74.843, 0.98,223.46,210.07,1.11,13.0,13.0,1022.0,1021.9,0.0,0.0,0.0,0.0,339,333,3.9,4.1,73.0,73.1,3.3,3.6,200.3,193.5,1024.1,1024.0,436.01,302.98,1259.42,32.4393,12.7142,244.3,53.5,1496.283, NAN, NAN, NAN, NAN,,2024/04/08 18:48:48.223,2024-04-08 18:48:48.223000+00:00
2024/04/08, 18:49:48.223,35.862,-74.843, 0.98,223.38,222.53,1.01,13.0,13.0,1022.0,1022.0,0.0,0.0,0.0,0.0,338,332,3.8,4.5,74.0,74.1,3.3,4.0,198.5,192.3,1024.1,1024.1,423.65,303.04,1228.67,32.4238,12.6934,240.0,53.5,1496.194, NAN, NAN, NAN, NAN,,2024/04/08 18:49:48.223,2024-04-08 18:49:48.223000+00:00
2024/04/08, 18:50:48.223,35.862,-74.843, 0.96,223.43,188.97,1.0,13.0,13.0,1021.9,1021.9,0.0,0.0,0.0,0.0,336,331,3.9,5.4,74.3,74.4,3.4,4.9,198.5,193.2,1024.0,1024.0,411.91,303.13,1196.97,32.3846,12.7406,234.8,53.6,1496.307, NAN, NAN, NAN, NAN,,2024/04/08 18:50:48.223,2024-04-08 18:50:48.223000+00:00
2024/04/08, 18:51:48.223,35.862,-74.843, 1.00,223.15,222.27,1.02,13.0,13.0,1021.9,1021.8,0.0,0.0,0.0,0.0,335,330,4.0,6.0,73.9,74.0,3.5,5.5,195.1,190.8,1024.0,1023.9,399.52,302.91,1166.01,32.3986,12.7963,241.2,53.6,1496.511, NAN, NAN, NAN, NAN,,2024/04/08 18:51:48.223,2024-04-08 18:51:48.223000+00:00
2024/04/08, 18:52:48.223,35.862,-74.844, 0.99,223.44,217.04,1.04,13.0,13.0,1022.0,1021.9,0.0,0.0,0.0,0.0,336,330,4.0,5.6,74.1,74.2,3.5,5.1,196.3,190.7,1024.1,1024.0,388.25,302.88,1129.38,32.3867,12.7743,236.6,53.7,1496.423, NAN, NAN, NAN, NAN,,2024/04/08 18:52:48.223,2024-04-08 18:52:48.223000+00:00
2024/04/08, 18:53:48.223,35.861,-74.844, 1.04,223.4,239.34,0.88,13.0,13.0,1021.9,1021.8,0.0,0.0,0.0,0.0,336,330,4.1,5.5,75.0,75.1,3.7,5.1,195.8,190.4,1024.0,1023.9,376.43,302.79,1098.42,32.3628,12.7409,235.4,53.6,1496.282, NAN, NAN, NAN, NAN,,2024/04/08 18:53:48.223,2024-04-08 18:53:48.223000+00:00
2024/04/08, 18:54:48.223,35.861,-74.844, 0.98,223.61,228.38,1.04,13.0,13.1,1021.8,1021.7,0.0,0.0,0.0,0.0,337,331,4.2,5.3,74.0,74.1,3.7,4.9,197.0,191.2,1023.9,1023.8,364.26,302.62,1068.03,32.3371,12.5989,233.0,53.6,1495.771, NAN, NAN, NAN, NAN,,2024/04/08 18:54:48.223,2024-04-08 18:54:48.223000+00:00
2024/04/08, 18:55:48.223,35.861,-74.844, 0.99,223.12,230.03,0.9,13.0,13.0,1021.9,1021.8,0.0,0.0,0.0,0.0,334,329,4.1,6.6,74.1,74.2,3.7,6.2,193.7,189.8,1024.0,1023.9,353.82,302.83,1037.22,32.311,12.5048,230.5,53.7,1495.421, NAN, NAN, NAN, NAN,,2024/04/08 18:55:48.223,2024-04-08 18:55:48.223000+00:00
2024/04/08, 18:56:48.223,35.861,-74.845, 0.98,223.13,214.98,0.94,13.0,13.0,1021.9,1021.9,0.0,0.0,0.0,0.0,342,336,3.8,4.1,74.4,74.5,3.3,3.6,203.4,196.8,1024.0,1024.0,341.94,302.65,1006.74,32.3311,12.4711,237.9,53.5,1495.331, NAN, NAN, NAN, NAN,,2024/04/08 18:56:48.223,2024-04-08 18:56:48.223000+00:00
2024/04/08, 18:57:48.223,35.861,-74.845, 0.97,222.92,211.03,1.03,13.0,13.0,1021.8,1021.8,0.0,0.0,0.0,0.0,334,329,4.1,6.5,74.5,74.7,3.6,6.0,194.5,190.0,1023.9,1023.9,329.91,302.39,971.99,32.3304,12.4547,242.1,53.6,1495.274, NAN, NAN, NAN, NAN,,2024/04/08 18:57:48.223,2024-04-08 18:57:48.223000+00:00
2024/04/08, 18:58:48.223,35.86,-74.845, 0.97,222.93,216.89,0.98,13.0,13.0,1021.9,1021.9,0.0,0.0,0.0,0.0,338,332,4.2,4.7,74.5,74.5,3.8,4.3,197.2,191.1,1024.0,1024.0,319.76,302.74,942.82,32.3413,12.4763,246.0,53.6,1495.361, NAN, NAN, NAN, NAN,,2024/04/08 18:58:48.223,2024-04-08 18:58:48.223000+00:00
2024/04/08, 18:59:48.224,35.86,-74.845, 0.96,222.55,227.12,0.9,13.0,13.0,1021.9,1021.8,0.0,0.0,0.0,0.0,337,331,3.9,5.1,73.8,73.9,3.5,4.7,195.8,190.3,1024.0,1023.9,310.13,302.5,913.69,32.3281,12.5444,244.9,53.5,1495.576, NAN, NAN, NAN, NAN,,2024/04/08 18:59:48.224,2024-04-08 18:59:48.224000+00:00
2024/04/08, 19:00:48.224,35.86,-74.845, 0.96,223.37,219.91,1.05,13.0,13.0,1021.8,1021.8,0.0,0.0,0.0,0.0,337,331,4.1,5.2,74.1,74.2,3.6,4.7,197.9,191.8,1023.9,1023.9,298.2,302.67,885.35,32.3012,12.6346,238.8,53.6,1495.85, NAN, NAN, NAN, NAN,,2024/04/08 19:00:48.224,2024-04-08 19:00:48.224000+00:00
2024/04/08, 19:01:48.224,35.86,-74.846, 0.92,222.44,216.02,1.13,13.0,13.0,1021.9,1021.8,0.0,0.0,0.0,0.0,333,329,4.1,6.7,74.2,74.3,3.6,6.2,192.0,189.1,1024.0,1023.9,288.64,302.55,857.26,32.2887,12.6655,241.5,53.3,1495.939, NAN, NAN, NAN, NAN,,2024/04/08 19:01:48.224,2024-04-08 19:01:48.224000+00:00
2024/04/08, 19:02:48.224,35.86,-74.846, 0.94,223.39,223.37,0.97,13.0,13.0,1021.9,1021.8,0.0,0.0,0.0,0.0,338,332,3.9,4.8,74.4,74.6,3.5,4.4,198.0,192.1,1024.0,1023.9,278.81,302.31,825.47,32.2955,12.7246,244.0,53.5,1496.147, NAN, NAN, NAN, NAN,,2024/04/08 19:02:48.224,2024-04-08 19:02:48.224000+00:00
2024/04/08, 19:03:48.224,35.859,-74.846, 0.94,223.14,232.77,0.97,13.0,13.0,1021.9,1021.8,0.0,0.0,0.0,0.0,338,331,4.2,5.2,74.2,74.5,3.8,4.8,197.8,190.9,1024.0,1023.9,269.08,302.19,798.73,32.2831,12.8045,244.0,53.6,1496.402, NAN, NAN, NAN, NAN,,2024/04/08 19:03:48.224,2024-04-08 19:03:48.224000+00:00
2024/04/08, 19:04:48.224,35.859,-74.846, 0.94,223.27,209.7,1.01,12.9,13.0,1021.8,1021.7,0.0,0.0,0.0,0.0,337,331,4.1,5.4,73.5,73.6,3.6,4.9,197.9,191.9,1023.9,1023.8,259.3,302.23,772.94,32.2753,12.8387,242.8,53.8,1496.508, NAN, NAN, NAN, NAN,,2024/04/08 19:04:48.224,2024-04-08 19:04:48.224000+00:00
2024/04/08, 19:05:48.224,35.859,-74.847, 0.95,223.32,238.15,0.9,12.9,13.0,1021.9,1021.9,0.0,0.0,0.0,0.0,336,330,3.8,5.1,74.4,74.5,3.5,4.8,194.2,189.2,1024.0,1024.0,250.04,302.51,747.66,32.2709,12.8617,243.3,53.5,1496.58, NAN, NAN, NAN, NAN,,2024/04/08 19:05:48.224,2024-04-08 19:05:48.224000+00:00
2024/04/08, 19:06:48.224,35.859,-74.847, 0.93,223.12,208.01,1.07,13.0,13.0,1021.8,1021.7,0.0,0.0,0.0,0.0,338,332,3.6,4.4,74.3,74.4,3.1,3.9,199.1,192.7,1023.9,1023.8,240.79,302.42,723.67,32.2563,12.9207,242.4,53.8,1496.761, NAN, NAN, NAN, NAN,,2024/04/08 19:06:48.224,2024-04-08 19:06:48.224000+00:00
2024/04/08, 19:07:48.224,35.859,-74.847, 0.97,222.8,227.87,0.99,13.0,13.0,1021.8,1021.8,0.0,0.0,0.0,0.0,335,330,3.9,5.6,75.2,75.4,3.4,5.2,194.3,190.0,1023.9,1023.9,231.66,302.52,696.79,32.2487,13.0075,237.6,53.9,1497.044, NAN, NAN, NAN, NAN,,2024/04/08 19:07:48.224,2024-04-08 19:07:48.224000+00:00
2024/04/08, 19:08:48.224,35.858,-74.847, 0.95,222.73,245.81,0.98,13.0,13.0,1021.6,1021.6,0.0,0.0,0.0,0.0,333,329,3.7,6.0,75.1,75.2,3.3,5.7,189.9,188.0,1023.7,1023.7,223.0,303.06,674.74,32.2379,13.0426,237.6,53.9,1497.148, NAN, NAN, NAN, NAN,,2024/04/08 19:08:48.224,2024-04-08 19:08:48.224000+00:00
2024/04/08, 19:09:48.224,35.858,-74.848, 0.95,223.18,220.54,0.98,13.0,13.0,1021.7,1021.6,0.0,0.0,0.0,0.0,334,329,3.7,5.9,75.2,75.3,3.3,5.5,193.2,189.4,1023.8,1023.7,215.63,302.63,653.8,32.2257,13.0633,239.4,54.1,1497.203, NAN, NAN, NAN, NAN,,2024/04/08 19:09:48.224,2024-04-08 19:09:48.224000+00:00
2024/04/08, 19:10:48.224,35.858,-74.848, 0.97,223.52,225.13,1.0,13.0,13.0,1021.8,1021.8,0.0,0.0,0.0,0.0,333,329,4.0,6.4,75.2,75.3,3.5,5.9,193.2,190.2,1023.9,1023.9,208.84,302.5,634.37,32.2228,13.0549,238.1,53.9,1497.172, NAN, NAN, NAN, NAN,,2024/04/08 19:10:48.224,2024-04-08 19:10:48.224000+00:00
2024/04/08, 19:11:48.224,35.858,-74.848, 0.95,223.09,218.82,1.04,13.0,13.0,1021.6,1021.6,0.0,0.0,0.0,0.0,335,330,4.1,6.2,74.5,74.6,3.6,5.7,195.0,190.7,1023.7,1023.7,201.52,302.11,613.42,32.2061,12.961,231.2,53.8,1496.837, NAN, NAN, NAN, NAN,,2024/04/08 19:11:48.224,2024-04-08 19:11:48.224000+00:00
2024/04/08, 19:12:48.224,35.858,-74.848, 0.99,222.91,220.77,1.08,13.0,13.0,1021.6,1021.4,0.0,0.0,0.0,0.0,336,331,4.0,5.7,73.8,73.9,3.5,5.2,195.1,190.9,1023.7,1023.5,196.29,302.22,596.77,32.2043,12.9171,234.2,54.2,1496.688, NAN, NAN, NAN, NAN,,2024/04/08 19:12:48.224,2024-04-08 19:12:48.224000+00:00
2024/04/08, 19:13:48.224,35.857,-74.849, 1.03,223.54,220.73,1.23,12.9,13.0,1021.6,1021.6,0.0,0.0,0.0,0.0,334,329,3.9,6.1,74.6,73.9,3.3,5.6,193.0,189.3,1023.7,1023.7,189.37,302.0,581.49,32.208,12.8818,240.0,54.1,1496.573, NAN, NAN, NAN, NAN,,2024/04/08 19:13:48.224,2024-04-08 19:13:48.224000+00:00
2024/04/08, 19:14:48.224,35.857,-74.849, 0.99,223.46,222.86,1.09,12.9,13.0,1021.6,1021.7,0.0,0.0,0.0,0.0,335,330,4.1,6.1,74.6,74.6,3.6,5.6,194.7,190.6,1023.7,1023.8,184.79,302.04,568.11,32.2169,12.8476,247.0,53.9,1496.469, NAN, NAN, NAN, NAN,,2024/04/08 19:14:48.224,2024-04-08 19:14:48.224000+00:00
2024/04/08, 19:15:48.225,35.857,-74.849, 0.98,222.82,225.27,0.95,12.9,12.9,1021.6,1021.6,0.0,0.0,0.0,0.0,340,334,4.1,4.4,74.3,74.5,3.7,4.0,200.0,193.5,1023.7,1023.7,181.52,302.51,556.03,32.2252,12.8181,249.4,54.0,1496.379, NAN, NAN, NAN, NAN,,2024/04/08 19:15:48.225,2024-04-08 19:15:48.225000+00:00
2024/04/08, 19:16:48.225,35.857,-74.849, 1.01,222.81,224.77,0.96,12.9,12.9,1021.6,1021.4,0.0,0.0,0.0,0.0,337,331,4.0,5.3,74.3,74.5,3.6,4.9,196.3,190.7,1023.7,1023.5,177.16,302.53,544.32,32.2238,12.8138,246.7,53.6,1496.363, NAN, NAN, NAN, NAN,,2024/04/08 19:16:48.225,2024-04-08 19:16:48.225000+00:00
2024/04/08, 19:17:48.225,35.857,-74.849, 0.96,222.6,226.44,0.97,12.9,12.9,1021.5,1021.5,0.0,0.0,0.0,0.0,335,329,3.8,6.0,75.5,75.5,3.4,5.6,193.4,188.6,1023.6,1023.6,171.77,303.36,536.16,32.2241,12.8368,259.5,54.0,1496.441, NAN, NAN, NAN, NAN,,2024/04/08 19:17:48.225,2024-04-08 19:17:48.225000+00:00
2024/04/08, 19:18:48.225,35.856,-74.85, 0.97,223.19,228.81,1.0,13.0,13.0,1021.5,1021.6,0.0,0.0,0.0,0.0,337,331,3.9,5.1,75.9,75.6,3.4,4.7,196.4,190.8,1023.6,1023.7,168.53,303.13,529.75,32.2292,12.8761,258.4,53.8,1496.579, NAN, NAN, NAN, NAN,,2024/04/08 19:18:48.225,2024-04-08 19:18:48.225000+00:00
2024/04/08, 19:19:48.225,35.856,-74.85, 0.97,223.24,215.67,0.98,13.0,13.0,1021.6,1021.5,0.0,0.0,0.0,0.0,340,334,4.1,4.2,74.8,74.9,3.6,3.7,201.0,194.3,1023.7,1023.6,167.62,303.02,525.47,32.2255,12.8825,257.4,42.6,1496.596, NAN, NAN, NAN, NAN,,2024/04/08 19:19:48.225,2024-04-08 19:19:48.225000+00:00
2024/04/08, 19:20:48.225,35.856,-74.85, 0.98,223.12,235.93,1.03,12.9,13.0,1021.5,1021.5,0.0,0.0,0.0,0.0,342,335,4.0,4.1,74.6,74.7,3.5,3.7,201.2,193.5,1023.6,1023.6,166.4,303.09,522.85,32.2259,12.8497,259.5,2.1,1496.486, NAN, NAN, NAN, NAN,,2024/04/08 19:20:48.225,2024-04-08 19:20:48.225000+00:00
2024/04/08, 19:21:48.225,35.856,-74.85, 0.95,223.42,232.34,0.95,12.9,12.9,1021.4,1021.3,0.0,0.0,0.0,0.0,340,334,4.2,5.0,74.9,75.0,3.8,4.6,200.4,194.4,1023.5,1023.4,166.08,302.83,521.96,32.2339,12.8141,262.8,53.6,1496.376, NAN, NAN, NAN, NAN,,2024/04/08 19:21:48.225,2024-04-08 19:21:48.225000+00:00
2024/04/08, 19:22:48.225,35.856,-74.851, 0.98,223.48,230.83,1.03,12.9,12.9,1021.5,1021.4,0.0,0.0,0.0,0.0,341,334,4.1,4.2,74.7,74.7,3.6,3.7,201.5,193.7,1023.6,1023.5,165.39,302.84,523.44,32.2276,12.773,262.2,53.7,1496.23, NAN, NAN, NAN, NAN,,2024/04/08 19:22:48.225,2024-04-08 19:22:48.225000+00:00
2024/04/08, 19:23:48.225,35.855,-74.851, 0.98,223.68,211.43,1.12,12.9,12.9,1021.4,1021.3,0.0,0.0,0.0,0.0,336,330,4.1,5.9,75.1,75.2,3.6,5.4,197.1,191.4,1023.5,1023.4,165.01,303.39,526.69,32.2192,12.6962,258.4,53.9,1495.961, NAN, NAN, NAN, NAN,,2024/04/08 19:23:48.225,2024-04-08 19:23:48.225000+00:00
2024/04/08, 19:24:48.225,35.855,-74.851, 0.95,222.74,240.46,1.0,12.9,12.9,1021.3,1021.3,0.0,0.0,0.0,0.0,338,331,3.8,4.8,75.4,75.6,3.4,4.4,196.1,189.5,1023.4,1023.4,166.7,304.13,532.15,32.2103,12.6332,258.8,54.0,1495.737, NAN, NAN, NAN, NAN,,2024/04/08 19:24:48.225,2024-04-08 19:24:48.225000+00:00
2024/04/08, 19:25:48.225,35.855,-74.851, 0.96,222.89,228.35,0.86,12.9,12.9,1021.4,1021.4,0.0,0.0,0.0,0.0,339,332,4.0,4.1,75.5,75.6,3.6,3.7,199.2,191.6,1023.5,1023.5,169.19,303.9,539.28,32.206,12.6309,258.5,54.2,1495.724, NAN, NAN, NAN, NAN,,2024/04/08 19:25:48.225,2024-04-08 19:25:48.225000+00:00
2024/04/08, 19:26:48.225,35.855,-74.852, 0.97,223.16,234.12,1.01,12.9,12.9,1021.4,1021.3,0.0,0.0,0.0,0.0,339,333,3.9,4.4,74.9,75.6,3.5,4.0,197.9,191.8,1023.5,1023.4,171.64,303.45,550.09,32.2113,12.6045,259.8,54.2,1495.641, NAN, NAN, NAN, NAN,,2024/04/08 19:26:48.225,2024-04-08 19:26:48.225000+00:00
2024/04/08, 19:27:48.225,35.854,-74.852, 0.99,222.93,228.66,1.0,12.9,12.9,1021.5,1021.4,0.0,0.0,0.0,0.0,337,331,3.9,5.1,75.1,75.2,3.4,4.7,196.4,190.7,1023.6,1023.5,174.54,303.81,561.68,32.2153,12.5645,263.2,53.8,1495.51, NAN, NAN, NAN, NAN,,2024/04/08 19:27:48.225,2024-04-08 19:27:48.225000+00:00
2024/04/08, 19:28:48.225,35.854,-74.852, 0.98,222.84,239.99,1.07,12.9,12.9,1021.4,1021.4,0.0,0.0,0.0,0.0,338,333,4.0,4.4,75.9,76.0,3.5,4.0,196.3,191.2,1023.5,1023.5,177.66,304.47,574.41,32.212,12.5606,263.8,53.7,1495.493, NAN, NAN, NAN, NAN,,2024/04/08 19:28:48.225,2024-04-08 19:28:48.225000+00:00
2024/04/08, 19:29:48.225,35.854,-74.852, 0.97,223.07,227.23,0.87,12.9,12.9,1021.4,1021.4,0.0,0.0,0.0,0.0,336,330,4.0,5.8,75.3,75.5,3.6,5.4,195.9,190.5,1023.5,1023.5,181.99,304.13,589.07,32.2013,12.5845,267.8,53.8,1495.561, NAN, NAN, NAN, NAN,,2024/04/08 19:29:48.225,2024-04-08 19:29:48.225000+00:00
2024/04/08, 19:30:48.225,35.854,-74.852, 0.96,223.05,219.87,0.98,12.9,12.9,1021.3,1021.3,0.0,0.0,0.0,0.0,335,330,4.0,5.8,75.5,75.6,3.5,5.4,194.9,190.5,1023.4,1023.4,186.09,304.39,604.99,32.2031,12.5919,261.1,53.7,1495.589, NAN, NAN, NAN, NAN,,2024/04/08 19:30:48.225,2024-04-08 19:30:48.225000+00:00
2024/04/08, 19:31:48.226,35.854,-74.853, 1.00,223.3,207.16,1.04,12.9,12.9,1021.4,1021.2,0.0,0.0,0.0,0.0,333,328,3.7,6.3,75.6,75.9,3.2,5.8,193.6,189.4,1023.5,1023.3,190.03,304.72,625.09,32.2035,12.5698,261.9,53.9,1495.514, NAN, NAN, NAN, NAN,,2024/04/08 19:31:48.226,2024-04-08 19:31:48.226000+00:00
2024/04/08, 19:32:48.226,35.853,-74.853, 0.99,223.4,231.52,0.92,12.9,12.9,1021.3,1021.3,0.0,0.0,0.0,0.0,335,329,3.9,6.4,76.3,76.4,3.5,6.0,194.4,189.7,1023.4,1023.4,194.99,305.53,643.79,32.2055,12.5593,262.2,29.2,1495.481, NAN, NAN, NAN, NAN,,2024/04/08 19:32:48.226,2024-04-08 19:32:48.226000+00:00
2024/04/08, 19:33:48.226,35.853,-74.853, 0.97,223.27,208.35,1.0,12.9,12.9,1021.2,1021.2,0.0,0.0,0.0,0.0,335,329,4.0,6.3,76.4,76.4,3.5,5.8,196.3,190.6,1023.3,1023.3,200.99,305.45,663.93,32.1996,12.552,266.5,0.1,1495.449, NAN, NAN, NAN, NAN,,2024/04/08 19:33:48.226,2024-04-08 19:33:48.226000+00:00
2024/04/08, 19:34:48.226,35.853,-74.853, 0.93,222.77,243.01,0.96,12.9,12.9,1021.2,1021.2,0.0,0.0,0.0,0.0,334,329,3.7,6.2,76.2,76.3,3.4,5.9,191.0,188.2,1023.3,1023.3,206.04,305.51,685.19,32.1906,12.5534,258.5,0.1,1495.443, NAN, NAN, NAN, NAN,,2024/04/08 19:34:48.226,2024-04-08 19:34:48.226000+00:00
2024/04/08, 19:35:48.226,35.853,-74.853, 0.75,222.13,229.88,1.05,12.9,12.9,1021.3,1021.2,0.0,0.0,0.0,0.0,334,329,4.2,6.2,76.2,76.3,3.7,5.8,191.9,188.0,1023.4,1023.3,213.38,305.37,710.86,32.1834,12.5823,257.1,0.0,1495.533, NAN, NAN, NAN, NAN,,2024/04/08 19:35:48.226,2024-04-08 19:35:48.226000+00:00
2024/04/08, 19:36:48.226,35.853,-74.854, 2.08,223.18,236.17,2.28,12.9,12.9,1021.3,1021.2,0.0,0.0,0.0,0.0,337,331,4.4,5.2,76.2,76.4,3.5,4.3,189.7,184.5,1023.4,1023.3,218.78,305.71,734.37,32.1784,12.532,253.7,0.1,1495.356, NAN, NAN, NAN, NAN,,2024/04/08 19:36:48.226,2024-04-08 19:36:48.226000+00:00
2024/04/08, 19:37:48.226,35.852,-74.855, 2.40,223.05,222.91,2.41,12.9,12.9,1021.2,1021.2,0.0,0.0,0.0,0.0,338,332,4.5,4.7,77.1,77.1,3.4,3.7,192.4,185.3,1023.3,1023.3,226.52,306.09,759.15,32.1756,12.4481,287.0,8.8,1495.068, NAN, NAN, NAN, NAN,,2024/04/08 19:37:48.226,2024-04-08 19:37:48.226000+00:00
2024/04/08, 19:38:48.226,35.852,-74.855, 2.43,223.11,229.65,2.43,12.9,12.9,1021.2,1021.2,0.0,0.0,0.0,0.0,335,330,4.7,6.7,76.5,76.7,3.7,5.7,188.1,185.8,1023.3,1023.3,232.85,306.01,785.32,32.1954,12.4584,272.0,52.5,1495.126, NAN, NAN, NAN, NAN,,2024/04/08 19:38:48.226,2024-04-08 19:38:48.226000+00:00
2024/04/08, 19:39:48.226,35.851,-74.856, 2.01,223.19,228.45,1.97,12.9,12.9,1021.2,1021.1,0.0,0.0,0.0,0.0,337,331,4.4,5.5,76.9,77.0,3.5,4.7,192.5,187.3,1023.3,1023.2,238.58,306.23,803.32,32.1962,12.5016,260.4,53.4,1495.274, NAN, NAN, NAN, NAN,,2024/04/08 19:39:48.226,2024-04-08 19:39:48.226000+00:00
2024/04/08, 19:40:48.226,35.851,-74.856, 1.49,222.99,223.05,1.4,12.8,12.9,1021.2,1021.1,0.0,0.0,0.0,0.0,334,329,4.3,6.6,76.3,76.8,3.7,6.0,191.7,188.2,1023.3,1023.2,238.04,306.01,800.29,32.1759,12.563,248.0,54.3,1495.458, NAN, NAN, NAN, NAN,,2024/04/08 19:40:48.226,2024-04-08 19:40:48.226000+00:00
2024/04/08, 19:41:48.226,35.851,-74.856, 1.04,192.65,202.96,0.87,12.8,12.9,1021.2,1021.2,0.0,0.0,0.0,0.0,347,340,4.1,4.2,76.7,77.0,3.7,3.8,177.7,170.0,1023.3,1023.3,223.78,306.09,813.52,32.1655,12.5862,240.6,53.9,1495.525, NAN, NAN, NAN, NAN,,2024/04/08 19:41:48.226,2024-04-08 19:41:48.226000+00:00
2024/04/08, 19:42:48.226,35.851,-74.856, 0.56,119.91,162.1,1.03,12.9,12.9,1021.2,1021.2,0.0,0.0,0.0,0.0,53,41,3.6,5.4,76.7,77.6,3.1,4.9,175.7,161.4,1023.3,1023.3,250.52,306.88,842.85,32.1579,12.5509,244.9,54.0,1495.396, NAN, NAN, NAN, NAN,,2024/04/08 19:42:48.226,2024-04-08 19:42:48.226000+00:00
2024/04/08, 19:43:48.226,35.851,-74.856, 2.39,85.52,90.85,2.47,12.9,12.9,1021.2,1021.2,0.0,0.0,0.0,0.0,89,73,3.7,4.6,77.4,77.6,3.8,4.3,193.8,174.5,1023.3,1023.3,310.22,306.85,889.12,32.157,12.4985,246.4,53.7,1495.217, NAN, NAN, NAN, NAN,,2024/04/08 19:43:48.226,2024-04-08 19:43:48.226000+00:00
2024/04/08, 19:44:48.226,35.851,-74.855, 3.14,77.26,71.47,3.38,12.9,12.9,1021.1,1021.1,0.0,0.0,0.0,0.0,91,73,3.4,4.2,77.6,77.7,3.9,4.1,194.9,174.4,1023.2,1023.2,320.17,307.28,915.62,32.1584,12.3583,237.6,53.6,1494.741, NAN, NAN, NAN, NAN,,2024/04/08 19:44:48.226,2024-04-08 19:44:48.226000+00:00
2024/04/08, 19:45:48.226,35.851,-74.854, 2.70,77.6,72.99,3.68,12.8,12.8,1021.2,1021.1,0.0,0.0,0.0,0.0,85,72,3.4,4.4,77.9,78.0,3.8,4.2,192.7,174.8,1023.3,1023.2,327.34,307.09,948.08,32.1494,12.3133,239.4,53.5,1494.577, NAN, NAN, NAN, NAN,,2024/04/08 19:45:48.226,2024-04-08 19:45:48.226000+00:00
2024/04/08, 19:46:48.227,35.851,-74.852, 3.76,79.18,79.13,3.98,12.8,12.8,1021.2,1021.1,0.0,0.0,0.0,0.0,86,70,3.6,4.6,78.0,78.1,4.0,4.4,195.6,175.4,1023.3,1023.2,336.88,307.24,975.73,32.1444,12.4271,246.0,53.4,1494.959, NAN, NAN, NAN, NAN,,2024/04/08 19:46:48.227,2024-04-08 19:46:48.227000+00:00
2024/04/08, 19:47:48.227,35.851,-74.851, 3.08,79.72,82.85,3.05,12.8,12.8,1021.1,1021.0,0.0,0.0,0.0,0.0,94,76,3.5,4.2,77.4,77.5,4.0,4.1,197.0,177.4,1023.2,1023.1,346.22,307.18,1005.21,32.1432,12.504,244.3,53.7,1495.219, NAN, NAN, NAN, NAN,,2024/04/08 19:47:48.227,2024-04-08 19:47:48.227000+00:00
2024/04/08, 19:48:48.227,35.851,-74.85, 2.22,79.64,62.02,2.03,12.8,12.8,1021.3,1021.1,0.0,0.0,0.0,0.0,107,85,3.6,3.4,77.8,78.0,4.2,3.6,199.6,181.3,1023.4,1023.2,356.17,307.09,1035.31,32.1493,12.5006,242.4,53.6,1495.215, NAN, NAN, NAN, NAN,,2024/04/08 19:48:48.227,2024-04-08 19:48:48.227000+00:00
2024/04/08, 19:49:48.227,35.852,-74.85, 1.68,89.17,89.19,1.9,12.8,12.8,1021.1,1021.1,0.0,0.0,0.0,0.0,98,79,3.5,4.0,77.9,78.1,3.7,3.9,202.4,182.3,1023.2,1023.2,365.91,307.42,1064.47,32.1515,12.3535,237.6,53.8,1494.717, NAN, NAN, NAN, NAN,,2024/04/08 19:49:48.227,2024-04-08 19:49:48.227000+00:00
2024/04/08, 19:50:48.227,35.852,-74.849, 1.26,94.96,91.55,1.27,12.8,12.8,1021.0,1021.0,0.0,0.0,0.0,0.0,91,74,3.7,4.5,78.0,78.2,3.8,4.4,195.8,177.3,1023.1,1023.1,366.49,307.77,1098.74,32.1532,12.2661,234.5,53.7,1494.421, NAN, NAN, NAN, NAN,,2024/04/08 19:50:48.227,2024-04-08 19:50:48.227000+00:00
2024/04/08, 19:51:48.227,35.851,-74.849, 0.82,94.47,73.75,0.84,12.8,12.8,1021.1,1021.0,0.0,0.0,0.0,0.0,94,76,3.8,4.4,77.4,77.6,3.8,4.3,194.9,176.0,1023.2,1023.1,375.28,307.39,1128.55,32.1599,12.2553,235.4,53.6,1494.392, NAN, NAN, NAN, NAN,,2024/04/08 19:51:48.227,2024-04-08 19:51:48.227000+00:00
2024/04/08, 19:52:48.227,35.851,-74.849, -0.10,96.69,205.6,0.16,12.8,12.8,1021.0,1021.0,0.0,0.0,0.0,0.0,104,85,3.8,3.9,77.7,77.9,3.7,3.8,201.5,182.1,1023.1,1023.1,383.32,307.25,1157.2,32.1687,12.357,239.4,53.8,1494.749, NAN, NAN, NAN, NAN,,2024/04/08 19:52:48.227,2024-04-08 19:52:48.227000+00:00
2024/04/08, 19:53:48.227,35.851,-74.848, -0.22,122.7,267.09,0.24,12.8,12.8,1021.1,1021.1,0.0,0.0,0.0,0.0,83,70,4.2,5.1,76.8,76.9,4.1,5.0,205.7,192.4,1023.2,1023.2,396.45,307.4,1189.27,32.1686,12.4883,235.7,53.9,1495.196, NAN, NAN, NAN, NAN,,2024/04/08 19:53:48.227,2024-04-08 19:53:48.227000+00:00
2024/04/08, 19:54:48.227,35.851,-74.848, -0.14,162.37,47.47,0.25,12.8,12.8,1021.1,1021.1,0.0,0.0,0.0,0.0,50,40,4.0,6.2,76.8,76.9,4.0,6.2,214.1,203.5,1023.2,1023.2,395.28,307.61,1232.98,32.1828,12.6382,244.0,53.8,1495.721, NAN, NAN, NAN, NAN,,2024/04/08 19:54:48.227,2024-04-08 19:54:48.227000+00:00
2024/04/08, 19:55:48.227,35.851,-74.848, -0.14,202.81,291.02,0.25,12.8,12.8,1021.1,1021.0,0.0,0.0,0.0,0.0,3,357,3.6,3.5,76.7,76.8,3.5,3.4,204.3,198.1,1023.2,1023.1,387.07,307.53,1295.68,32.2059,12.7312,258.4,53.8,1496.063, NAN, NAN, NAN, NAN,,2024/04/08 19:55:48.227,2024-04-08 19:55:48.227000+00:00
2024/04/08, 19:56:48.227,35.851,-74.848, 0.04,213.26,305.01,0.03,12.8,12.8,1021.1,1021.0,0.0,0.0,0.0,0.0,339,333,3.4,3.6,76.4,76.5,3.4,3.6,192.0,186.1,1023.2,1023.1,372.62,307.39,1332.72,32.2155,12.7635,267.5,53.7,1496.184, NAN, NAN, NAN, NAN,,2024/04/08 19:56:48.227,2024-04-08 19:56:48.227000+00:00
2024/04/08, 19:57:48.227,35.851,-74.848, -0.08,210.66,248.09,0.25,12.9,12.8,1020.9,1020.9,0.0,0.0,0.0,0.0,344,337,3.4,3.8,76.9,76.5,3.4,3.8,192.6,185.8,1023.0,1023.0,381.33,307.88,1361.51,32.1966,12.7697,254.0,53.8,1496.182, NAN, NAN, NAN, NAN,,2024/04/08 19:57:48.227,2024-04-08 19:57:48.227000+00:00
2024/04/08, 19:58:48.227,35.851,-74.848, -0.12,210.47,316.32,0.11,12.9,12.9,1021.1,1021.0,0.0,0.0,0.0,0.0,343,337,3.6,3.7,76.3,76.3,3.6,3.7,192.7,186.7,1023.2,1023.1,394.39,307.33,1390.53,32.1856,12.7444,248.6,53.5,1496.084, NAN, NAN, NAN, NAN,,2024/04/08 19:58:48.227,2024-04-08 19:58:48.227000+00:00
2024/04/08, 19:59:48.227,35.851,-74.848, -0.10,209.85,84.61,0.18,12.9,12.9,1021.1,1021.0,0.0,0.0,0.0,0.0,342,335,3.3,3.4,76.8,76.8,3.4,3.5,191.8,185.0,1023.2,1023.1,402.0,307.78,1425.47,32.1907,12.6489,251.0,53.6,1495.767, NAN, NAN, NAN, NAN,,2024/04/08 19:59:48.227,2024-04-08 19:59:48.227000+00:00
2024/04/08, 20:00:48.227,35.851,-74.848, -0.13,210.63,135.85,0.34,12.9,12.9,1021.0,1021.0,0.0,0.0,0.0,0.0,343,336,3.5,3.5,77.1,77.1,3.4,3.4,195.8,188.6,1023.1,1023.1,409.91,307.92,1455.41,32.2149,12.404,256.1,53.5,1494.964, NAN, NAN, NAN, NAN,,2024/04/08 20:00:48.227,2024-04-08 20:00:48.227000+00:00
2024/04/08, 20:01:48.227,35.851,-74.848, -0.16,210.19,214.68,0.06,12.9,12.9,1021.1,1021.0,0.0,0.0,0.0,0.0,342,335,3.6,3.7,77.0,77.2,3.6,3.7,192.1,185.1,1023.2,1023.1,416.51,307.94,1484.93,32.2291,12.2344,270.2,53.5,1494.403, NAN, NAN, NAN, NAN,,2024/04/08 20:01:48.227,2024-04-08 20:01:48.227000+00:00
2024/04/08, 20:02:48.228,35.851,-74.848, -0.13,209.91,131.13,0.16,12.9,13.0,1020.9,1020.9,0.0,0.0,0.0,0.0,344,338,3.6,3.7,77.3,77.6,3.6,3.7,195.2,189.1,1023.0,1023.0,426.1,308.02,1512.91,32.2394,12.2519,274.8,53.5,1494.475, NAN, NAN, NAN, NAN,,2024/04/08 20:02:48.228,2024-04-08 20:02:48.228000+00:00
2024/04/08, 20:03:48.228,35.851,-74.848, -0.15,210.44,112.33,0.04,12.9,13.0,1020.9,1020.9,0.0,0.0,0.0,0.0,345,338,3.1,3.2,77.5,77.7,3.1,3.2,195.8,188.8,1023.0,1023.0,432.28,308.08,1541.13,32.2487,12.3931,280.6,53.3,1494.968, NAN, NAN, NAN, NAN,,2024/04/08 20:03:48.228,2024-04-08 20:03:48.228000+00:00
2024/04/08, 20:04:48.228,35.851,-74.848, -0.15,210.43,307.19,0.15,13.0,13.0,1020.9,1020.8,0.0,0.0,0.0,0.0,345,339,3.4,3.3,77.5,77.9,3.4,3.3,194.1,188.1,1023.0,1022.9,437.19,308.13,1573.86,32.2518,12.4792,278.7,53.5,1495.264, NAN, NAN, NAN, NAN,,2024/04/08 20:04:48.228,2024-04-08 20:04:48.228000+00:00
2024/04/08, 20:05:48.228,35.851,-74.848, -0.18,210.13,23.09,0.07,12.9,13.0,1020.8,1020.8,0.0,0.0,0.0,0.0,342,336,3.5,3.6,77.6,77.9,3.5,3.6,192.1,186.2,1022.9,1022.9,443.47,308.34,1601.06,32.248,12.5218,273.2,53.6,1495.404, NAN, NAN, NAN, NAN,,2024/04/08 20:05:48.228,2024-04-08 20:05:48.228000+00:00
2024/04/08, 20:06:48.228,35.851,-74.848, -0.14,210.7,21.22,0.09,12.9,12.9,1020.9,1020.8,0.0,0.0,0.0,0.0,346,340,3.9,4.0,77.6,77.6,3.9,4.0,196.4,190.5,1023.0,1022.9,451.96,307.92,1628.35,32.2466,12.4615,272.3,53.6,1495.198, NAN, NAN, NAN, NAN,,2024/04/08 20:06:48.228,2024-04-08 20:06:48.228000+00:00
2024/04/08, 20:07:48.228,35.851,-74.848, -0.18,210.79,106.87,0.35,12.9,12.9,1020.9,1020.9,0.0,0.0,0.0,0.0,346,339,3.8,3.8,76.9,77.0,3.8,3.7,199.5,192.4,1023.0,1023.0,459.92,307.94,1653.61,32.2455,12.4644,269.9,53.6,1495.206, NAN, NAN, NAN, NAN,,2024/04/08 20:07:48.228,2024-04-08 20:07:48.228000+00:00
2024/04/08, 20:08:48.228,35.851,-74.848, -0.19,209.95,68.63,0.21,12.9,12.9,1021.0,1020.9,0.0,0.0,0.0,0.0,345,339,3.7,3.9,76.9,76.9,3.7,3.9,196.6,190.5,1023.1,1023.0,465.18,308.25,1680.52,32.2394,12.5257,270.5,53.4,1495.407, NAN, NAN, NAN, NAN,,2024/04/08 20:08:48.228,2024-04-08 20:08:48.228000+00:00
2024/04/08, 20:09:48.228,35.851,-74.848, -0.15,210.41,85.73,0.16,13.0,13.0,1020.9,1020.9,0.0,0.0,0.0,0.0,344,338,4.2,4.4,77.4,77.6,4.2,4.5,193.5,187.6,1023.0,1023.0,473.6,307.84,1709.85,32.2417,12.6233,276.3,53.4,1495.741, NAN, NAN, NAN, NAN,,2024/04/08 20:09:48.228,2024-04-08 20:09:48.228000+00:00
2024/04/08, 20:10:48.228,35.851,-74.848, -0.21,210.54,78.88,0.04,12.9,12.9,1020.9,1020.9,0.0,0.0,0.0,0.0,344,337,4.0,4.1,76.5,76.8,4.0,4.1,194.7,187.7,1023.0,1023.0,477.93,307.93,1736.71,32.2356,12.6442,268.1,53.6,1495.804, NAN, NAN, NAN, NAN,,2024/04/08 20:10:48.228,2024-04-08 20:10:48.228000+00:00
2024/04/08, 20:11:48.228,35.851,-74.848, -0.14,210.32,46.37,0.08,13.0,13.0,1020.9,1020.9,0.0,0.0,0.0,0.0,342,336,4.2,4.2,76.5,76.8,4.2,4.2,192.9,186.8,1023.0,1023.0,483.79,308.34,1762.5,32.2146,12.6538,260.8,53.7,1495.812, NAN, NAN, NAN, NAN,,2024/04/08 20:11:48.228,2024-04-08 20:11:48.228000+00:00
2024/04/08, 20:12:48.228,35.851,-74.848, -0.17,210.1,5.23,0.12,13.0,13.0,1020.8,1020.9,0.0,0.0,0.0,0.0,339,334,3.9,4.6,76.6,76.7,4.0,4.7,189.0,184.0,1022.9,1023.0,488.82,308.28,1788.77,32.2032,12.6859,252.0,53.8,1495.907, NAN, NAN, NAN, NAN,,2024/04/08 20:12:48.228,2024-04-08 20:12:48.228000+00:00
2024/04/08, 20:13:48.228,35.851,-74.848, -0.16,210.34,107.04,0.2,13.0,13.0,1020.9,1020.9,0.0,0.0,0.0,0.0,340,334,4.2,4.4,77.6,77.6,4.2,4.3,191.6,185.5,1023.0,1023.0,494.44,308.38,1812.8,32.2032,12.7317,253.1,53.7,1496.062, NAN, NAN, NAN, NAN,,2024/04/08 20:13:48.228,2024-04-08 20:13:48.228000+00:00
2024/04/08, 20:14:48.228,35.851,-74.848, -0.12,210.24,322.31,0.18,13.0,13.0,1020.9,1020.9,0.0,0.0,0.0,0.0,337,331,4.3,5.4,78.1,78.1,4.4,5.5,186.4,180.6,1023.0,1023.0,498.54,308.55,1841.74,32.2016,12.7456,252.0,53.6,1496.107, NAN, NAN, NAN, NAN,,2024/04/08 20:14:48.228,2024-04-08 20:14:48.228000+00:00
2024/04/08, 20:15:48.228,35.851,-74.848, -0.18,210.54,244.29,0.19,13.0,13.0,1020.9,1020.8,0.0,0.0,0.0,0.0,337,332,4.1,5.0,78.3,78.3,4.1,5.0,186.2,181.5,1023.0,1022.9,504.13,308.47,1866.22,32.1987,12.758,253.7,53.7,1496.145, NAN, NAN, NAN, NAN,,2024/04/08 20:15:48.228,2024-04-08 20:15:48.228000+00:00
2024/04/08, 20:16:48.228,35.851,-74.848, -0.14,210.3,299.35,0.13,13.0,13.0,1020.8,1020.8,0.0,0.0,0.0,0.0,339,333,3.8,4.5,77.3,77.5,3.8,4.5,188.3,182.5,1022.9,1022.9,503.47,308.74,1876.8,32.1971,12.733,254.7,53.5,1496.059, NAN, NAN, NAN, NAN,,2024/04/08 20:16:48.228,2024-04-08 20:16:48.228000+00:00
2024/04/08, 20:17:48.228,35.851,-74.848, -0.16,210.07,88.89,0.15,13.0,13.0,1020.9,1020.9,0.0,0.0,0.0,0.0,341,334,4.1,4.2,78.2,78.3,4.1,4.2,192.1,185.1,1023.0,1023.0,496.76,308.86,1878.49,32.1938,12.7259,258.4,53.7,1496.031, NAN, NAN, NAN, NAN,,2024/04/08 20:17:48.228,2024-04-08 20:17:48.228000+00:00
2024/04/08, 20:18:48.229,35.851,-74.848, -0.19,210.09,111.15,0.24,13.0,13.0,1020.9,1020.9,0.0,0.0,0.0,0.0,339,332,4.1,4.5,77.7,77.9,4.0,4.4,190.4,183.2,1023.0,1023.0,477.0,308.55,1806.24,32.1996,12.6983,259.5,53.2,1495.945, NAN, NAN, NAN, NAN,,2024/04/08 20:18:48.229,2024-04-08 20:18:48.229000+00:00
2024/04/08, 20:19:48.229,35.851,-74.848, -0.17,210.18,307.58,0.12,13.0,13.0,1020.9,1020.9,0.0,0.0,0.0,0.0,343,335,4.4,4.4,78.2,78.2,4.4,4.4,192.4,184.5,1023.0,1023.0,502.63,309.05,1916.01,32.205,12.7191,256.1,53.2,1496.021, NAN, NAN, NAN, NAN,,2024/04/08 20:19:48.229,2024-04-08 20:19:48.229000+00:00
2024/04/08, 20:20:48.229,35.851,-74.848, -0.19,210.89,327.97,0.08,12.9,13.0,1020.9,1020.8,0.0,0.0,0.0,0.0,343,337,4.4,4.5,77.7,77.9,4.4,4.5,194.4,188.3,1023.0,1022.9,489.03,308.74,1892.05,32.188,12.6883,252.1,53.3,1495.897, NAN, NAN, NAN, NAN,,2024/04/08 20:20:48.229,2024-04-08 20:20:48.229000+00:00
2024/04/08, 20:21:48.229,35.851,-74.848, -0.20,210.18,19.01,0.08,12.9,12.9,1021.0,1020.9,0.0,0.0,0.0,0.0,339,333,4.4,4.4,77.3,77.6,4.4,4.4,189.1,183.1,1023.1,1023.0,488.29,308.79,1850.71,32.1839,12.6656,250.7,53.4,1495.815, NAN, NAN, NAN, NAN,,2024/04/08 20:21:48.229,2024-04-08 20:21:48.229000+00:00
2024/04/08, 20:22:48.229,35.851,-74.848, -0.17,210.2,132.98,0.24,12.9,12.9,1020.8,1020.8,0.0,0.0,0.0,0.0,340,333,4.3,4.7,78.1,78.2,4.2,4.6,191.6,184.4,1022.9,1022.9,472.24,308.98,1816.45,32.1721,12.6355,244.9,53.4,1495.7, NAN, NAN, NAN, NAN,,2024/04/08 20:22:48.229,2024-04-08 20:22:48.229000+00:00
2024/04/08, 20:23:48.229,35.851,-74.848, -0.17,210.66,290.11,0.27,12.9,12.9,1020.9,1020.8,0.0,0.0,0.0,0.0,338,333,4.6,4.9,77.8,78.0,4.7,5.0,187.1,182.2,1023.0,1022.9,491.68,309.14,1857.35,32.1631,12.5725,240.6,53.3,1495.475, NAN, NAN, NAN, NAN,,2024/04/08 20:23:48.229,2024-04-08 20:23:48.229000+00:00
2024/04/08, 20:24:48.229,35.851,-74.848, -0.22,210.17,118.56,0.09,12.9,12.9,1020.8,1020.8,0.0,0.0,0.0,0.0,340,334,4.6,4.7,77.6,77.9,4.6,4.7,190.1,184.1,1022.9,1022.9,473.07,308.82,1828.35,32.1607,12.5604,242.1,53.2,1495.431, NAN, NAN, NAN, NAN,,2024/04/08 20:24:48.229,2024-04-08 20:24:48.229000+00:00
2024/04/08, 20:25:48.229,35.851,-74.848, -0.20,209.77,139.29,0.04,12.9,12.9,1020.9,1020.8,0.0,0.0,0.0,0.0,341,335,4.4,4.7,77.9,77.9,4.4,4.7,190.9,184.9,1023.0,1022.9,472.92,308.94,1851.97,32.1613,12.528,238.4,53.3,1495.322, NAN, NAN, NAN, NAN,,2024/04/08 20:25:48.229,2024-04-08 20:25:48.229000+00:00
2024/04/08, 20:26:48.229,35.851,-74.848, -0.21,209.84,60.01,0.08,12.9,13.0,1020.9,1020.9,0.0,0.0,0.0,0.0,341,335,4.7,5.0,77.9,78.1,4.7,5.0,190.7,184.7,1023.0,1023.0,455.1,308.9,1778.82,32.1597,12.5576,234.5,53.3,1495.421, NAN, NAN, NAN, NAN,,2024/04/08 20:26:48.229,2024-04-08 20:26:48.229000+00:00
2024/04/08, 20:27:48.229,35.851,-74.848, -0.20,209.88,357.74,0.06,12.9,13.0,1020.9,1020.8,0.0,0.0,0.0,0.0,336,331,4.1,5.6,78.0,78.1,4.1,5.6,185.7,180.8,1023.0,1022.9,457.79,309.0,1804.9,32.1534,12.6262,229.3,53.3,1495.646, NAN, NAN, NAN, NAN,,2024/04/08 20:27:48.229,2024-04-08 20:27:48.229000+00:00
2024/04/08, 20:28:48.229,35.851,-74.848, -0.23,209.97,166.32,0.04,13.0,13.0,1020.8,1020.8,0.0,0.0,0.0,0.0,336,331,4.7,6.0,78.7,78.7,4.7,6.0,185.8,180.8,1022.9,1022.9,443.12,308.88,1752.87,32.1518,12.6397,228.0,53.3,1495.69, NAN, NAN, NAN, NAN,,2024/04/08 20:28:48.229,2024-04-08 20:28:48.229000+00:00
2024/04/08, 20:29:48.229,35.851,-74.848, -0.26,210.04,167.45,0.19,13.0,13.0,1020.9,1020.8,0.0,0.0,0.0,0.0,337,332,4.4,5.3,78.0,78.2,4.3,5.2,187.7,182.5,1023.0,1022.9,462.79,308.86,1865.69,32.1507,12.6308,225.2,53.4,1495.658, NAN, NAN, NAN, NAN,,2024/04/08 20:29:48.229,2024-04-08 20:29:48.229000+00:00
2024/04/08, 20:30:48.229,35.851,-74.848, -0.22,210.42,317.11,0.04,12.9,13.0,1020.8,1020.8,0.0,0.0,0.0,0.0,337,331,4.4,5.3,78.1,78.3,4.4,5.3,187.2,181.2,1022.9,1022.9,491.92,309.4,1972.89,32.1501,12.6434,227.5,53.3,1495.7, NAN, NAN, NAN, NAN,,2024/04/08 20:30:48.229,2024-04-08 20:30:48.229000+00:00
2024/04/08, 20:31:48.229,35.851,-74.848, -0.22,210.21,167.17,0.1,13.0,13.0,1020.8,1020.8,0.0,0.0,0.0,0.0,335,330,4.5,6.1,78.6,78.6,4.5,6.1,184.6,179.7,1022.9,1022.9,490.85,309.27,1959.68,32.1527,12.6352,226.5,53.3,1495.675, NAN, NAN, NAN, NAN,,2024/04/08 20:31:48.229,2024-04-08 20:31:48.229000+00:00
2024/04/08, 20:32:48.229,35.851,-74.848, -0.20,210.43,293.35,0.27,13.0,13.0,1020.9,1020.8,0.0,0.0,0.0,0.0,336,331,4.4,5.6,78.1,78.3,4.5,5.7,184.8,180.2,1023.0,1022.9,473.34,309.0,1922.98,32.1522,12.6573,229.3,53.4,1495.75, NAN, NAN, NAN, NAN,,2024/04/08 20:32:48.229,2024-04-08 20:32:48.229000+00:00
2024/04/08, 20:33:48.229,35.851,-74.848, -0.24,209.94,99.31,0.09,13.0,13.0,1020.8,1020.6,0.0,0.0,0.0,0.0,333,329,4.3,6.6,78.1,78.2,4.3,6.6,183.5,179.3,1022.9,1022.7,470.93,308.67,1873.77,32.154,12.6835,230.8,53.3,1495.84, NAN, NAN, NAN, NAN,,2024/04/08 20:33:48.229,2024-04-08 20:33:48.229000+00:00
2024/04/08, 20:34:48.229,35.851,-74.848, -0.20,209.99,168.53,0.07,13.0,13.0,1020.8,1020.7,0.0,0.0,0.0,0.0,333,329,4.3,6.2,78.4,78.5,4.3,6.2,183.1,179.1,1022.9,1022.8,493.99,309.02,2008.76,32.1548,12.6937,229.6,53.5,1495.876, NAN, NAN, NAN, NAN,,2024/04/08 20:34:48.229,2024-04-08 20:34:48.229000+00:00
2024/04/08, 20:35:48.230,35.851,-74.848, -0.15,210.35,262.6,0.13,13.0,13.0,1020.8,1020.8,0.0,0.0,0.0,0.0,335,330,4.3,6.1,78.6,78.7,4.3,6.1,184.5,179.7,1022.9,1022.9,498.38,309.16,2051.34,32.1526,12.7228,229.6,53.3,1495.972, NAN, NAN, NAN, NAN,,2024/04/08 20:35:48.230,2024-04-08 20:35:48.230000+00:00
2024/04/08, 20:36:48.230,35.851,-74.848, -0.19,210.11,127.16,0.13,13.0,13.0,1020.7,1020.7,0.0,0.0,0.0,0.0,332,328,4.2,6.4,78.2,78.3,4.2,6.4,183.0,178.7,1022.8,1022.8,491.66,308.98,2018.4,32.1511,12.7301,227.5,53.3,1495.994, NAN, NAN, NAN, NAN,,2024/04/08 20:36:48.230,2024-04-08 20:36:48.230000+00:00
2024/04/08, 20:37:48.230,35.851,-74.848, -0.17,210.41,8.56,0.11,13.0,13.0,1020.7,1020.7,0.0,0.0,0.0,0.0,332,327,4.3,6.3,78.1,78.4,4.3,6.3,182.8,177.7,1022.8,1022.8,505.84,309.14,2064.13,32.1507,12.7003,227.5,53.3,1495.893, NAN, NAN, NAN, NAN,,2024/04/08 20:37:48.230,2024-04-08 20:37:48.230000+00:00
2024/04/08, 20:38:48.230,35.851,-74.848, -0.13,209.81,114.83,0.13,13.0,13.0,1020.9,1020.8,0.0,0.0,0.0,0.0,332,328,4.2,6.5,77.9,78.0,4.2,6.5,182.7,178.4,1023.0,1022.9,490.42,309.31,2023.87,32.1497,12.6134,230.8,53.4,1495.598, NAN, NAN, NAN, NAN,,2024/04/08 20:38:48.230,2024-04-08 20:38:48.230000+00:00
2024/04/08, 20:39:48.230,35.851,-74.848, -0.14,209.74,328.0,0.08,13.0,12.9,1020.8,1020.7,0.0,0.0,0.0,0.0,333,328,4.3,6.7,77.9,77.6,4.3,6.7,182.8,177.8,1022.9,1022.8,497.38,309.44,2059.2,32.1517,12.6028,236.9,53.5,1495.565, NAN, NAN, NAN, NAN,,2024/04/08 20:39:48.230,2024-04-08 20:39:48.230000+00:00
2024/04/08, 20:40:48.230,35.851,-74.849, 0.41,250.91,314.69,0.92,13.0,13.0,1020.8,1020.9,0.0,0.0,0.0,0.0,314,318,4.0,6.6,77.6,77.7,3.9,6.5,198.2,204.9,1022.9,1023.0,474.21,309.31,2088.45,32.1659,12.6134,244.9,53.4,1495.617, NAN, NAN, NAN, NAN,,2024/04/08 20:40:48.230,2024-04-08 20:40:48.230000+00:00
2024/04/08, 20:41:48.230,35.852,-74.849, 1.31,343.8,311.96,1.69,13.0,13.0,1020.7,1020.7,0.0,0.0,0.0,0.0,209,211,4.0,3.7,77.8,77.9,4.6,4.3,184.2,185.3,1022.8,1022.8,520.31,308.66,2076.99,32.1724,12.6073,252.1,53.3,1495.604, NAN, NAN, NAN, NAN,,2024/04/08 20:41:48.230,2024-04-08 20:41:48.230000+00:00
2024/04/08, 20:42:48.230,35.852,-74.849, 1.26,48.75,21.82,1.31,13.0,13.0,1020.8,1020.8,0.0,0.0,0.0,0.0,129,118,4.6,3.3,78.6,78.9,5.2,3.9,181.1,172.9,1022.9,1022.9,536.24,307.39,1994.73,32.1715,12.5929,248.3,53.4,1495.555, NAN, NAN, NAN, NAN,,2024/04/08 20:42:48.230,2024-04-08 20:42:48.230000+00:00
2024/04/08, 20:43:48.230,35.852,-74.848, 2.78,49.27,50.2,3.05,13.0,13.0,1020.8,1020.8,0.0,0.0,0.0,0.0,121,115,4.1,3.6,78.8,78.5,5.1,4.5,185.5,182.6,1022.9,1022.9,538.18,307.43,1988.35,32.185,12.5118,259.8,53.1,1495.295, NAN, NAN, NAN, NAN,,2024/04/08 20:43:48.230,2024-04-08 20:43:48.230000+00:00
2024/04/08, 20:44:48.230,35.853,-74.847, 5.10,45.36,48.57,5.25,13.0,13.0,1020.9,1020.8,0.0,0.0,0.0,0.0,111,106,3.6,3.3,78.7,78.7,5.2,4.7,186.0,184.8,1023.0,1022.9,529.79,307.98,1978.39,32.2053,12.4308,255.0,52.1,1495.044, NAN, NAN, NAN, NAN,,2024/04/08 20:44:48.230,2024-04-08 20:44:48.230000+00:00
2024/04/08, 20:45:48.230,35.855,-74.846, 8.17,44.13,43.27,8.04,13.0,13.0,1020.9,1020.8,0.0,0.0,0.0,0.0,84,69,3.2,4.4,78.9,79.1,5.0,4.8,184.2,166.0,1023.0,1022.9,495.32,308.34,1894.31,32.1928,12.3994,245.4,52.6,1494.922, NAN, NAN, NAN, NAN,,2024/04/08 20:45:48.230,2024-04-08 20:45:48.230000+00:00
2024/04/08, 20:46:48.230,35.856,-74.843, 10.04,45.59,46.19,9.9,13.0,13.0,1020.9,1020.8,0.0,0.0,0.0,0.0,71,58,3.9,5.3,79.1,79.3,5.2,5.0,182.4,163.0,1023.0,1022.9,437.24,307.89,1716.03,32.1842,12.3154,234.5,52.4,1494.626, NAN, NAN, NAN, NAN,,2024/04/08 20:46:48.230,2024-04-08 20:46:48.230000+00:00
2024/04/08, 20:47:48.230,35.858,-74.841, 10.61,44.57,47.88,10.59,13.0,12.9,1020.9,1020.9,0.0,0.0,0.0,0.0,64,54,3.9,5.5,79.4,79.6,4.9,4.7,183.7,162.4,1023.0,1023.0,486.6,308.03,1927.22,32.1763,12.1795,224.4,52.5,1494.152, NAN, NAN, NAN, NAN,,2024/04/08 20:47:48.230,2024-04-08 20:47:48.230000+00:00
2024/04/08, 20:48:48.230,35.86,-74.838, 10.96,44.77,46.99,10.72,12.9,12.9,1020.9,1020.8,0.0,0.0,0.0,0.0,64,51,4.0,5.9,79.4,79.5,5.0,4.7,183.0,157.2,1023.0,1022.9,482.9,307.47,1918.29,32.178,12.1131,219.7,52.7,1493.926, NAN, NAN, NAN, NAN,,2024/04/08 20:48:48.230,2024-04-08 20:48:48.230000+00:00
2024/04/08, 20:49:48.230,35.862,-74.835, 11.08,45.27,48.68,10.87,12.9,12.9,1021.0,1021.0,0.0,0.0,0.0,0.0,62,51,4.4,6.1,79.2,79.3,5.0,4.8,179.4,156.5,1023.1,1023.1,494.52,307.78,1955.41,32.2238,12.2438,222.4,53.1,1494.428, NAN, NAN, NAN, NAN,,2024/04/08 20:49:48.230,2024-04-08 20:49:48.230000+00:00
2024/04/08, 20:50:48.230,35.864,-74.833, 10.92,45.07,47.72,10.88,12.9,12.9,1020.9,1021.0,0.0,0.0,0.0,0.0,59,49,4.6,6.3,79.7,79.8,4.9,4.8,175.7,152.8,1023.0,1023.1,495.46,307.98,1976.2,32.3439,12.4232,220.6,52.5,1495.183, NAN, NAN, NAN, NAN,,2024/04/08 20:50:48.230,2024-04-08 20:50:48.230000+00:00
2024/04/08, 20:51:48.231,35.867,-74.83, 11.03,45.38,46.81,10.67,12.9,12.9,1020.7,1020.8,0.0,0.0,0.0,0.0,62,51,4.6,6.2,79.8,79.9,5.2,5.0,175.4,153.9,1022.8,1022.9,484.56,307.65,1973.28,32.41,12.6023,220.3,52.7,1495.87, NAN, NAN, NAN, NAN,,2024/04/08 20:51:48.231,2024-04-08 20:51:48.231000+00:00
2024/04/08, 20:52:48.231,35.869,-74.827, 10.78,45.37,48.93,10.62,12.9,12.9,1021.0,1020.9,0.0,0.0,0.0,0.0,61,49,4.5,6.3,79.6,79.8,5.0,4.7,176.6,151.6,1023.1,1023.0,483.56,307.38,1969.63,32.436,12.6746,216.6,52.3,1496.145, NAN, NAN, NAN, NAN,,2024/04/08 20:52:48.231,2024-04-08 20:52:48.231000+00:00
2024/04/08, 20:53:48.231,35.871,-74.825, 10.83,45.48,45.83,10.58,12.9,12.9,1020.8,1020.8,0.0,0.0,0.0,0.0,62,50,4.7,6.5,80.4,80.5,5.2,5.0,174.1,150.0,1022.9,1022.9,480.52,307.84,1963.49,32.4744,12.8291,217.2,52.6,1496.712, NAN, NAN, NAN, NAN,,2024/04/08 20:53:48.231,2024-04-08 20:53:48.231000+00:00
2024/04/08, 20:54:48.231,35.873,-74.822, 10.92,45.5,49.72,10.22,12.9,12.9,1020.9,1020.8,0.0,0.0,0.0,0.0,64,51,4.2,6.1,80.5,80.6,4.9,4.7,179.6,152.9,1023.0,1022.9,474.41,307.77,1963.51,32.5594,12.965,222.1,53.0,1497.269, NAN, NAN, NAN, NAN,,2024/04/08 20:54:48.231,2024-04-08 20:54:48.231000+00:00
2024/04/08, 20:55:48.231,35.875,-74.819, 10.77,45.29,47.75,10.71,12.9,12.9,1020.9,1020.9,0.0,0.0,0.0,0.0,60,49,4.6,6.6,80.7,80.8,4.9,4.9,176.0,149.2,1023.0,1023.0,466.92,307.66,1961.65,32.6175,13.0687,224.3,52.9,1497.685, NAN, NAN, NAN, NAN,,2024/04/08 20:55:48.231,2024-04-08 20:55:48.231000+00:00
2024/04/08, 20:56:48.231,35.877,-74.816, 10.99,44.48,46.7,10.92,12.9,12.9,1020.9,1020.9,0.0,0.0,0.0,0.0,60,50,4.5,6.2,80.9,80.9,5.0,4.8,177.2,154.3,1023.0,1023.0,464.08,307.96,1961.4,32.6566,13.0194,226.8,53.2,1497.566, NAN, NAN, NAN, NAN,,2024/04/08 20:56:48.231,2024-04-08 20:56:48.231000+00:00
2024/04/08, 20:57:48.231,35.879,-74.814, 11.03,45.89,48.37,11.02,12.9,12.9,1020.8,1020.8,0.0,0.0,0.0,0.0,58,49,4.6,6.3,80.7,80.7,4.9,4.7,177.4,154.7,1022.9,1022.9,459.67,308.16,1957.27,32.6958,13.0766,224.8,53.1,1497.804, NAN, NAN, NAN, NAN,,2024/04/08 20:57:48.231,2024-04-08 20:57:48.231000+00:00
2024/04/08, 20:58:48.231,35.881,-74.811, 10.88,45.35,49.01,10.52,12.9,12.9,1020.8,1020.9,0.0,0.0,0.0,0.0,63,52,4.3,6.0,81.0,81.1,4.9,4.7,179.9,156.5,1022.9,1023.0,455.18,308.23,1957.16,32.7356,13.1659,228.0,53.0,1498.149, NAN, NAN, NAN, NAN,,2024/04/08 20:58:48.231,2024-04-08 20:58:48.231000+00:00
2024/04/08, 20:59:48.231,35.882,-74.808, 11.03,44.88,47.03,10.91,12.9,12.9,1020.9,1020.9,0.0,0.0,0.0,0.0,60,49,4.8,6.7,81.7,81.9,5.1,5.0,174.1,148.9,1023.0,1023.0,449.81,308.37,1953.44,32.8156,13.2027,225.3,53.4,1498.366, NAN, NAN, NAN, NAN,,2024/04/08 20:59:48.231,2024-04-08 20:59:48.231000+00:00
2024/04/08, 21:00:48.231,35.884,-74.806, 10.90,44.9,48.43,10.8,12.9,12.9,1021.0,1020.9,0.0,0.0,0.0,0.0,60,49,4.4,6.2,81.7,81.8,4.8,4.6,178.7,153.6,1023.1,1023.0,448.24,308.69,1950.24,32.8769,13.2369,227.5,53.3,1498.552, NAN, NAN, NAN, NAN,,2024/04/08 21:00:48.231,2024-04-08 21:00:48.231000+00:00
2024/04/08, 21:01:48.231,35.887,-74.803, 10.76,39.34,44.64,10.33,12.9,12.9,1020.8,1020.7,0.0,0.0,0.0,0.0,72,59,4.0,5.3,81.9,81.9,5.1,4.7,181.0,162.3,1022.9,1022.8,455.5,309.1,1949.1,32.9534,13.4607,231.4,53.0,1499.385, NAN, NAN, NAN, NAN,,2024/04/08 21:01:48.231,2024-04-08 21:01:48.231000+00:00
2024/04/08, 21:02:48.231,35.889,-74.8, 10.97,40.36,43.37,10.92,12.9,12.9,1020.8,1020.8,0.0,0.0,0.0,0.0,72,58,3.8,5.3,81.5,81.5,5.6,5.1,183.2,163.8,1022.9,1022.9,469.18,308.86,1950.58,32.9842,13.7077,236.9,53.6,1500.235, NAN, NAN, NAN, NAN,,2024/04/08 21:02:48.231,2024-04-08 21:02:48.231000+00:00
2024/04/08, 21:03:48.231,35.891,-74.798, 10.90,40.53,43.71,10.83,12.9,12.9,1020.9,1021.0,0.0,0.0,0.0,0.0,68,54,3.8,5.7,80.8,80.8,5.2,4.8,182.6,157.6,1023.0,1023.1,468.82,308.86,1948.43,33.0462,13.9468,238.8,53.8,1501.091, NAN, NAN, NAN, NAN,,2024/04/08 21:03:48.231,2024-04-08 21:03:48.231000+00:00
2024/04/08, 21:04:48.231,35.893,-74.795, 11.08,39.97,43.78,11.03,12.9,12.9,1020.9,1020.9,0.0,0.0,0.0,0.0,67,54,4.0,5.7,80.9,81.1,5.3,4.8,181.0,158.5,1023.0,1023.0,466.47,308.85,1947.98,33.1374,14.1282,236.3,53.8,1501.789, NAN, NAN, NAN, NAN,,2024/04/08 21:04:48.231,2024-04-08 21:04:48.231000+00:00
2024/04/08, 21:05:48.231,35.895,-74.793, 10.68,40.09,44.02,10.71,12.9,12.9,1021.0,1021.1,0.0,0.0,0.0,0.0,74,61,3.7,5.3,80.0,80.2,5.5,5.2,184.1,164.2,1023.1,1023.2,458.43,309.54,1926.41,33.2232,14.351,240.9,53.0,1502.611, NAN, NAN, NAN, NAN,,2024/04/08 21:05:48.231,2024-04-08 21:05:48.231000+00:00
2024/04/08, 21:06:48.231,35.897,-74.79, 11.05,40.17,41.51,11.03,13.0,13.0,1021.0,1020.9,0.0,0.0,0.0,0.0,74,63,3.4,4.6,80.6,80.5,5.7,5.3,186.9,172.4,1023.1,1023.0,456.58,309.82,1934.59,33.3075,14.6106,241.8,54.0,1503.546, NAN, NAN, NAN, NAN,,2024/04/08 21:06:48.231,2024-04-08 21:06:48.231000+00:00
2024/04/08, 21:07:48.232,35.9,-74.788, 11.17,40.31,44.32,10.76,13.0,13.0,1021.1,1021.1,0.0,0.0,0.0,0.0,73,59,3.7,5.2,80.6,80.5,5.5,5.0,184.7,165.1,1023.2,1023.2,456.89,309.99,1935.64,33.354,14.7252,242.8,54.1,1503.967, NAN, NAN, NAN, NAN,,2024/04/08 21:07:48.232,2024-04-08 21:07:48.232000+00:00
2024/04/08, 21:08:48.232,35.902,-74.785, 11.07,39.83,44.19,11.17,13.1,13.1,1021.2,1021.1,0.0,0.0,0.0,0.0,67,56,4.0,5.4,79.2,79.2,5.3,4.9,181.4,163.3,1023.3,1023.2,453.28,310.08,1928.75,33.422,14.8994,246.0,53.9,1504.602, NAN, NAN, NAN, NAN,,2024/04/08 21:08:48.232,2024-04-08 21:08:48.232000+00:00
2024/04/08, 21:09:48.232,35.904,-74.783, 11.28,39.63,42.01,10.73,13.1,13.1,1021.1,1021.1,0.0,0.0,0.0,0.0,74,61,3.7,5.0,80.1,80.1,5.5,5.1,183.8,166.8,1023.2,1023.2,445.93,309.49,1921.94,33.453,15.1043,251.3,53.9,1505.288, NAN, NAN, NAN, NAN,,2024/04/08 21:09:48.232,2024-04-08 21:09:48.232000+00:00
2024/04/08, 21:10:48.232,35.906,-74.78, 11.21,40.43,43.4,11.18,13.1,13.1,1021.1,1020.9,0.0,0.0,0.0,0.0,69,59,3.8,4.9,79.4,79.4,5.5,5.1,183.6,169.7,1023.2,1023.0,449.65,310.02,1927.43,33.5911,15.2693,260.8,54.0,1505.97, NAN, NAN, NAN, NAN,,2024/04/08 21:10:48.232,2024-04-08 21:10:48.232000+00:00
2024/04/08, 21:11:48.232,35.909,-74.778, 10.82,39.88,41.3,10.72,13.2,13.2,1020.9,1020.9,0.0,0.0,0.0,0.0,73,61,3.4,4.8,78.8,78.8,5.5,5.2,185.4,168.0,1023.0,1023.0,444.77,310.52,1928.71,33.6552,15.6563,260.1,53.8,1507.257, NAN, NAN, NAN, NAN,,2024/04/08 21:11:48.232,2024-04-08 21:11:48.232000+00:00
2024/04/08, 21:12:48.232,35.911,-74.775, 10.95,40.69,43.55,11.07,13.2,13.2,1021.0,1021.1,0.0,0.0,0.0,0.0,79,64,3.7,4.9,79.2,79.2,6.0,5.5,186.1,170.8,1023.1,1023.2,444.75,310.38,1927.54,33.7747,16.0019,264.1,54.1,1508.468, NAN, NAN, NAN, NAN,,2024/04/08 21:12:48.232,2024-04-08 21:12:48.232000+00:00
2024/04/08, 21:13:48.232,35.913,-74.773, 11.10,39.85,43.11,10.98,13.3,13.3,1021.1,1021.2,0.0,0.0,0.0,0.0,77,64,4.0,5.3,78.6,78.7,5.9,5.5,182.8,166.5,1023.2,1023.3,436.49,310.85,1927.1,33.9669,16.2191,271.5,54.4,1509.358, NAN, NAN, NAN, NAN,,2024/04/08 21:13:48.232,2024-04-08 21:13:48.232000+00:00
2024/04/08, 21:14:48.232,35.915,-74.77, 11.09,39.63,41.95,10.64,13.3,13.3,1021.2,1021.2,0.0,0.0,0.0,0.0,87,69,3.6,4.6,78.7,78.8,6.2,5.5,187.4,173.1,1023.3,1023.3,433.23,310.69,1931.04,34.0677,16.4492,264.8,54.6,1510.179, NAN, NAN, NAN, NAN,,2024/04/08 21:14:48.232,2024-04-08 21:14:48.232000+00:00
2024/04/08, 21:15:48.232,35.917,-74.768, 11.12,40.28,43.29,10.98,13.3,13.4,1020.9,1020.9,0.0,0.0,0.0,0.0,76,65,3.7,4.9,78.2,78.2,5.8,5.5,185.4,170.9,1023.0,1023.0,438.24,311.56,1935.2,34.2074,16.6712,268.4,54.5,1511.014, NAN, NAN, NAN, NAN,,2024/04/08 21:15:48.232,2024-04-08 21:15:48.232000+00:00
2024/04/08, 21:16:48.232,35.92,-74.765, 11.01,39.94,42.62,10.79,13.4,13.4,1020.9,1021.1,0.0,0.0,0.0,0.0,83,66,2.8,3.9,78.2,78.2,5.8,5.1,194.5,180.4,1023.0,1023.2,435.29,311.96,1937.75,34.3289,16.7921,273.2,54.3,1511.52, NAN, NAN, NAN, NAN,,2024/04/08 21:16:48.232,2024-04-08 21:16:48.232000+00:00
2024/04/08, 21:17:48.232,35.922,-74.763, 11.16,39.92,43.29,10.92,13.5,13.4,1021.1,1021.2,0.0,0.0,0.0,0.0,81,63,2.9,4.3,78.1,78.0,5.8,5.1,193.2,175.7,1023.2,1023.3,425.12,312.53,1909.0,34.4772,16.8828,281.2,54.8,1511.963, NAN, NAN, NAN, NAN,,2024/04/08 21:17:48.232,2024-04-08 21:17:48.232000+00:00
2024/04/08, 21:18:48.232,35.924,-74.76, 10.90,33.81,36.33,10.34,13.5,13.5,1020.9,1020.9,0.0,0.0,0.0,0.0,77,63,2.5,3.8,75.8,75.9,5.1,4.6,190.7,174.1,1023.0,1023.0,429.71,313.53,1945.38,34.5153,17.0883,277.6,54.8,1512.624, NAN, NAN, NAN, NAN,,2024/04/08 21:18:48.232,2024-04-08 21:18:48.232000+00:00
2024/04/08, 21:19:48.232,35.926,-74.758, 10.89,35.57,36.58,10.5,13.5,13.5,1021.1,1021.1,0.0,0.0,0.0,0.0,88,63,2.2,3.5,77.1,77.1,5.7,4.9,193.8,176.9,1023.2,1023.2,415.56,313.07,1898.87,34.5378,17.6696,271.5,55.0,1514.378, NAN, NAN, NAN, NAN,,2024/04/08 21:19:48.232,2024-04-08 21:19:48.232000+00:00
2024/04/08, 21:20:48.232,35.929,-74.756, 11.02,35.33,36.31,10.89,13.6,13.6,1021.1,1021.1,0.0,0.0,0.0,0.0,90,66,2.5,3.7,77.0,77.0,6.1,5.2,192.1,176.6,1023.2,1023.2,427.28,313.29,1942.89,34.5807,18.3677,266.5,55.2,1516.467, NAN, NAN, NAN, NAN,,2024/04/08 21:20:48.232,2024-04-08 21:20:48.232000+00:00
2024/04/08, 21:21:48.232,35.931,-74.754, 11.06,34.95,35.78,10.59,13.6,13.6,1021.1,1021.1,0.0,0.0,0.0,0.0,94,74,3.0,4.0,75.1,75.2,6.3,5.7,188.2,174.5,1023.2,1023.2,423.48,313.63,1949.57,34.8517,18.8695,248.0,55.0,1518.216, NAN, NAN, NAN, NAN,,2024/04/08 21:21:48.232,2024-04-08 21:21:48.232000+00:00
2024/04/08, 21:22:48.232,35.934,-74.751, 10.83,35.04,34.26,10.58,13.6,13.6,1021.2,1021.2,0.0,0.0,0.0,0.0,95,72,2.9,3.7,72.9,73.2,6.4,5.5,188.3,175.9,1023.3,1023.3,421.97,313.52,1946.92,35.3857,19.2067,228.7,54.8,1519.776, NAN, NAN, NAN, NAN,,2024/04/08 21:22:48.232,2024-04-08 21:22:48.232000+00:00
2024/04/08, 21:23:48.233,35.936,-74.749, 11.29,35.08,37.23,10.82,13.6,13.7,1021.0,1021.1,0.0,0.0,0.0,0.0,85,58,2.1,3.3,73.4,70.8,5.7,4.7,194.8,179.9,1023.1,1023.2,419.2,314.69,1942.12,35.6675,19.6063,219.1,55.8,1521.215, NAN, NAN, NAN, NAN,,2024/04/08 21:23:48.233,2024-04-08 21:23:48.233000+00:00
2024/04/08, 21:24:48.233,35.939,-74.747, 11.26,35.39,36.76,11.1,13.8,13.8,1021.1,1021.1,0.0,0.0,0.0,0.0,96,70,2.7,3.5,74.8,74.9,6.5,5.5,191.8,179.9,1023.2,1023.2,416.91,314.17,1930.64,35.7342,19.9082,217.2,55.8,1522.129, NAN, NAN, NAN, NAN,,2024/04/08 21:24:48.233,2024-04-08 21:24:48.233000+00:00
2024/04/08, 21:25:48.233,35.941,-74.745, 11.18,34.76,36.14,11.25,13.8,13.8,1021.1,1021.2,0.0,0.0,0.0,0.0,83,61,2.0,3.4,68.2,69.3,5.9,5.1,195.6,179.6,1023.2,1023.3,406.03,314.55,1934.31,35.7605,20.0726,215.7,55.7,1522.613, NAN, NAN, NAN, NAN,,2024/04/08 21:25:48.233,2024-04-08 21:25:48.233000+00:00
2024/04/08, 21:26:48.233,35.944,-74.743, 10.93,19.35,22.94,10.52,14.0,14.0,1021.1,1021.1,0.0,0.0,0.0,0.0,120,78,1.8,1.9,74.2,74.3,6.4,5.2,188.0,182.0,1023.2,1023.2,397.89,313.91,1910.38,35.841,20.1571,213.6,55.4,1522.935, NAN, NAN, NAN, NAN,,2024/04/08 21:26:48.233,2024-04-08 21:26:48.233000+00:00
2024/04/08, 21:27:48.233,35.947,-74.742, 10.95,2.4,3.11,10.97,14.1,14.1,1021.3,1021.1,0.0,0.0,0.0,0.0,218,344,0.9,2.0,71.3,71.4,6.4,3.8,187.8,191.6,1023.4,1023.2,340.52,315.5,1764.74,35.8816,20.1948,211.7,55.7,1523.084, NAN, NAN, NAN, NAN,,2024/04/08 21:27:48.233,2024-04-08 21:27:48.233000+00:00
2024/04/08, 21:28:48.233,35.949,-74.743, 10.99,345.61,348.08,10.86,14.3,14.3,1021.2,1021.2,0.0,0.0,0.0,0.0,287,306,3.3,4.9,72.4,72.4,5.7,4.9,201.1,222.2,1023.3,1023.3,371.0,315.05,1886.05,35.8791,20.2125,209.6,56.2,1523.13, NAN, NAN, NAN, NAN,,2024/04/08 21:28:48.233,2024-04-08 21:28:48.233000+00:00
2024/04/08, 21:29:48.233,35.952,-74.744, 11.36,343.77,351.85,11.25,14.3,14.3,1021.1,1021.1,0.0,0.0,0.0,0.0,283,301,2.6,4.1,69.2,69.2,6.0,5.4,194.0,211.4,1023.2,1023.2,385.28,315.97,1879.86,35.8693,20.2152,210.2,56.4,1523.127, NAN, NAN, NAN, NAN,,2024/04/08 21:29:48.233,2024-04-08 21:29:48.233000+00:00
2024/04/08, 21:30:48.233,35.955,-74.745, 11.34,344.78,347.02,11.08,14.3,14.3,1021.1,1021.2,0.0,0.0,0.0,0.0,289,305,3.5,5.4,66.7,66.4,5.6,5.2,201.0,224.5,1023.2,1023.3,358.39,314.61,1784.14,35.861,20.2102,210.5,56.2,1523.104, NAN, NAN, NAN, NAN,,2024/04/08 21:30:48.233,2024-04-08 21:30:48.233000+00:00
2024/04/08, 21:31:48.233,35.959,-74.746, 11.37,345.98,345.16,11.18,14.4,14.3,1021.2,1021.2,0.0,0.0,0.0,0.0,279,299,3.5,5.1,69.1,66.7,6.3,5.6,200.0,220.0,1023.3,1023.3,294.85,314.33,1530.96,35.8626,19.9557,209.6,56.4,1522.404, NAN, NAN, NAN, NAN,,2024/04/08 21:31:48.233,2024-04-08 21:31:48.233000+00:00
2024/04/08, 21:32:48.233,35.962,-74.747, 11.33,345.15,346.22,11.22,14.4,14.4,1021.1,1021.1,0.0,0.0,0.0,0.0,273,302,2.8,4.1,69.0,68.8,6.3,5.1,192.3,209.9,1023.2,1023.2,299.26,314.48,1519.86,35.8586,19.5548,211.7,56.5,1521.286, NAN, NAN, NAN, NAN,,2024/04/08 21:32:48.233,2024-04-08 21:32:48.233000+00:00
2024/04/08, 21:33:48.233,35.965,-74.747, 11.25,344.79,347.14,11.0,14.4,14.5,1021.1,1020.9,0.0,0.0,0.0,0.0,276,294,3.4,4.7,71.0,71.0,6.5,6.0,200.7,216.6,1023.2,1023.0,336.25,314.28,1756.24,35.8001,19.2206,218.8,56.4,1520.282, NAN, NAN, NAN, NAN,,2024/04/08 21:33:48.233,2024-04-08 21:33:48.233000+00:00
2024/04/08, 21:34:48.233,35.968,-74.748, 11.17,344.94,342.8,11.13,14.4,14.4,1021.0,1021.0,0.0,0.0,0.0,0.0,269,295,2.8,4.1,67.0,66.9,6.4,5.4,190.7,207.8,1023.1,1023.1,302.13,313.83,1495.48,35.5999,18.9886,234.5,56.5,1519.4, NAN, NAN, NAN, NAN,,2024/04/08 21:34:48.233,2024-04-08 21:34:48.233000+00:00
2024/04/08, 21:35:48.233,35.971,-74.749, 11.32,345.88,347.21,10.97,14.4,14.4,1021.1,1021.1,0.0,0.0,0.0,0.0,282,299,3.5,5.0,69.2,68.9,6.1,5.5,201.7,220.3,1023.2,1023.2,330.19,314.41,1718.95,35.4329,18.864,246.7,56.4,1518.857, NAN, NAN, NAN, NAN,,2024/04/08 21:35:48.233,2024-04-08 21:35:48.233000+00:00
2024/04/08, 21:36:48.233,35.973,-74.75, 11.20,344.93,350.6,10.92,14.4,14.4,1021.0,1020.9,0.0,0.0,0.0,0.0,262,295,2.5,3.9,63.3,63.4,6.6,5.5,190.3,209.3,1023.1,1023.0,262.66,313.58,1428.07,35.3342,18.8013,254.7,56.3,1518.567, NAN, NAN, NAN, NAN,,2024/04/08 21:36:48.233,2024-04-08 21:36:48.233000+00:00
2024/04/08, 21:37:48.233,35.976,-74.751, 11.21,344.97,346.21,11.11,14.3,14.4,1020.9,1020.9,0.0,0.0,0.0,0.0,272,302,2.5,4.0,67.5,67.4,6.2,5.1,190.5,209.9,1023.0,1023.0,258.41,313.76,1425.09,35.2756,18.6801,260.4,56.1,1518.154, NAN, NAN, NAN, NAN,,2024/04/08 21:37:48.233,2024-04-08 21:37:48.233000+00:00
2024/04/08, 21:38:48.234,35.979,-74.752, 11.23,345.05,347.0,11.07,14.4,14.4,1020.9,1020.9,0.0,0.0,0.0,0.0,279,301,3.5,5.1,70.4,70.6,6.3,5.5,200.7,221.4,1023.0,1023.0,241.24,313.63,1236.7,35.2745,18.5083,264.1,55.9,1517.659, NAN, NAN, NAN, NAN,,2024/04/08 21:38:48.234,2024-04-08 21:38:48.234000+00:00
2024/04/08, 21:39:48.234,35.982,-74.753, 11.23,345.81,348.05,11.04,14.4,14.4,1021.1,1021.1,0.0,0.0,0.0,0.0,269,299,2.5,4.0,66.9,66.8,6.4,5.3,192.0,211.4,1023.2,1023.2,251.31,313.93,1349.5,35.2224,18.3347,265.1,56.2,1517.099, NAN, NAN, NAN, NAN,,2024/04/08 21:39:48.234,2024-04-08 21:39:48.234000+00:00
2024/04/08, 21:40:48.234,35.985,-74.753, 11.17,345.09,347.49,11.04,14.4,14.4,1021.0,1021.1,0.0,0.0,0.0,0.0,275,302,3.0,4.4,66.6,66.5,6.3,5.2,195.8,215.0,1023.1,1023.2,284.78,314.43,1515.48,35.114,18.1726,265.6,56.3,1516.506, NAN, NAN, NAN, NAN,,2024/04/08 21:40:48.234,2024-04-08 21:40:48.234000+00:00
2024/04/08, 21:41:48.234,35.988,-74.754, 11.15,344.66,347.5,11.02,14.4,14.4,1021.1,1021.1,0.0,0.0,0.0,0.0,285,305,2.5,4.4,68.0,67.9,5.6,4.8,190.5,213.7,1023.2,1023.2,312.98,315.02,1649.29,35.045,18.0504,268.9,56.0,1516.072, NAN, NAN, NAN, NAN,,2024/04/08 21:41:48.234,2024-04-08 21:41:48.234000+00:00
2024/04/08, 21:42:48.234,35.991,-74.755, 11.10,344.93,345.25,10.86,14.4,14.4,1020.8,1020.8,0.0,0.0,0.0,0.0,262,297,2.1,3.5,67.2,67.0,6.3,5.1,185.1,203.6,1022.9,1022.9,321.77,316.22,1729.14,34.9635,17.9546,269.2,56.0,1515.7, NAN, NAN, NAN, NAN,,2024/04/08 21:42:48.234,2024-04-08 21:42:48.234000+00:00
2024/04/08, 21:43:48.234,35.994,-74.756, 11.02,344.23,344.47,10.89,14.5,14.5,1020.9,1021.0,0.0,0.0,0.0,0.0,294,306,1.9,3.1,68.7,68.8,5.2,4.6,185.5,199.3,1023.0,1023.1,326.51,316.39,1791.5,34.9172,17.8344,270.2,56.1,1515.295, NAN, NAN, NAN, NAN,,2024/04/08 21:43:48.234,2024-04-08 21:43:48.234000+00:00
2024/04/08, 21:44:48.234,35.997,-74.757, 10.98,344.55,348.52,10.93,14.5,14.5,1020.9,1020.9,0.0,0.0,0.0,0.0,268,301,2.8,4.0,67.1,67.2,6.5,5.2,193.6,211.5,1023.0,1023.0,328.6,315.78,1814.11,34.8397,17.7329,267.2,56.2,1514.908, NAN, NAN, NAN, NAN,,2024/04/08 21:44:48.234,2024-04-08 21:44:48.234000+00:00
2024/04/08, 21:45:48.234,36.0,-74.757, 11.07,345.56,347.54,10.95,14.5,14.5,1021.0,1021.0,0.0,0.0,0.0,0.0,275,298,3.3,4.7,67.2,67.0,6.4,5.6,199.3,217.9,1023.1,1023.1,309.24,315.65,1742.26,34.7527,17.7175,266.2,56.2,1514.764, NAN, NAN, NAN, NAN,,2024/04/08 21:45:48.234,2024-04-08 21:45:48.234000+00:00
2024/04/08, 21:46:48.234,36.003,-74.758, 11.01,345.46,347.46,11.0,14.5,14.5,1020.9,1020.9,0.0,0.0,0.0,0.0,284,309,1.8,3.1,63.4,63.2,5.6,4.5,185.9,200.7,1023.0,1023.0,311.83,315.76,1782.63,34.6776,17.7224,264.4,53.8,1514.693, NAN, NAN, NAN, NAN,,2024/04/08 21:46:48.234,2024-04-08 21:46:48.234000+00:00
2024/04/08, 21:47:48.234,36.006,-74.759, 11.04,344.83,346.15,11.04,14.6,14.6,1020.8,1020.8,0.0,0.0,0.0,0.0,268,298,2.6,4.1,67.9,67.8,6.4,5.4,190.9,210.6,1022.9,1022.9,301.45,315.18,1759.5,34.6624,17.7455,263.8,55.4,1514.744, NAN, NAN, NAN, NAN,,2024/04/08 21:47:48.234,2024-04-08 21:47:48.234000+00:00
2024/04/08, 21:48:48.234,36.009,-74.76, 11.11,345.0,347.99,10.98,14.6,14.6,1020.9,1020.9,0.0,0.0,0.0,0.0,285,309,3.1,4.1,66.6,66.6,5.8,4.5,197.8,212.3,1023.0,1023.0,302.33,314.52,1746.74,34.6963,17.7411,266.5,55.8,1514.769, NAN, NAN, NAN, NAN,,2024/04/08 21:48:48.234,2024-04-08 21:48:48.234000+00:00
2024/04/08, 21:49:48.234,36.012,-74.761, 11.05,345.48,347.34,10.95,14.6,14.6,1020.9,1020.9,0.0,0.0,0.0,0.0,267,290,3.2,4.1,64.1,63.9,6.7,5.8,194.9,208.4,1023.0,1023.0,291.39,313.78,1717.17,34.6985,17.7213,266.5,56.0,1514.714, NAN, NAN, NAN, NAN,,2024/04/08 21:49:48.234,2024-04-08 21:49:48.234000+00:00
2024/04/08, 21:50:48.234,36.015,-74.761, 10.93,345.41,348.27,10.82,14.6,14.6,1021.1,1021.1,0.0,0.0,0.0,0.0,277,294,2.5,3.6,65.0,64.9,5.9,5.4,193.1,206.4,1023.2,1023.2,278.3,314.14,1704.05,34.7157,17.8823,269.6,56.3,1515.206, NAN, NAN, NAN, NAN,,2024/04/08 21:50:48.234,2024-04-08 21:50:48.234000+00:00
2024/04/08, 21:51:48.234,36.018,-74.762, 10.86,345.2,346.23,10.56,14.6,14.6,1021.0,1021.0,0.0,0.0,0.0,0.0,275,303,3.7,4.4,64.1,64.1,6.4,4.9,202.3,217.2,1023.1,1023.1,275.9,313.27,1691.85,34.7151,17.9795,270.2,56.0,1515.49, NAN, NAN, NAN, NAN,,2024/04/08 21:51:48.234,2024-04-08 21:51:48.234000+00:00
2024/04/08, 21:52:48.234,36.021,-74.763, 10.89,345.48,346.45,10.73,14.6,14.6,1020.9,1020.9,0.0,0.0,0.0,0.0,280,305,3.1,4.2,63.8,64.3,5.9,4.7,197.5,213.9,1023.0,1023.0,269.17,314.18,1676.52,34.7672,18.1625,271.6,56.0,1516.083, NAN, NAN, NAN, NAN,,2024/04/08 21:52:48.234,2024-04-08 21:52:48.234000+00:00
2024/04/08, 21:53:48.235,36.024,-74.764, 10.98,347.87,346.95,10.74,14.6,14.7,1021.0,1021.0,0.0,0.0,0.0,0.0,265,290,3.2,4.3,63.4,63.4,6.6,5.7,196.5,212.7,1023.1,1023.1,265.75,313.4,1689.83,34.8014,18.451,269.2,56.2,1516.958, NAN, NAN, NAN, NAN,,2024/04/08 21:53:48.235,2024-04-08 21:53:48.235000+00:00
2024/04/08, 21:54:48.235,36.027,-74.765, 10.92,348.77,349.31,10.54,14.6,14.6,1020.9,1020.9,0.0,0.0,0.0,0.0,249,285,2.7,3.0,62.6,62.3,6.9,5.5,190.8,201.4,1023.0,1023.0,270.68,314.36,1676.84,34.8542,18.5965,268.6,56.2,1517.437, NAN, NAN, NAN, NAN,,2024/04/08 21:54:48.235,2024-04-08 21:54:48.235000+00:00
2024/04/08, 21:55:48.235,36.03,-74.765, 11.04,348.14,347.56,10.78,14.6,14.6,1021.2,1021.2,0.0,0.0,0.0,0.0,265,285,2.8,4.0,63.1,62.8,6.4,5.9,192.8,207.8,1023.3,1023.3,262.16,314.49,1648.74,34.9902,18.5063,263.5,54.6,1517.331, NAN, NAN, NAN, NAN,,2024/04/08 21:55:48.235,2024-04-08 21:55:48.235000+00:00
2024/04/08, 21:56:48.235,36.033,-74.766, 11.06,349.17,346.09,10.79,14.7,14.7,1021.1,1021.1,0.0,0.0,0.0,0.0,244,283,2.5,2.6,64.2,64.3,6.9,5.5,186.0,194.0,1023.2,1023.2,260.21,314.41,1639.9,35.1072,18.4394,253.4,54.8,1517.271, NAN, NAN, NAN, NAN,,2024/04/08 21:56:48.235,2024-04-08 21:56:48.235000+00:00
2024/04/08, 21:57:48.235,36.036,-74.767, 11.10,348.79,348.68,10.85,14.7,14.7,1021.2,1021.1,0.0,0.0,0.0,0.0,271,291,3.6,4.8,66.8,66.2,6.6,6.0,202.4,218.5,1023.3,1023.2,255.11,314.52,1611.0,35.1555,18.3826,244.6,55.0,1517.162, NAN, NAN, NAN, NAN,,2024/04/08 21:57:48.235,2024-04-08 21:57:48.235000+00:00
2024/04/08, 21:58:48.235,36.039,-74.768, 11.20,350.56,350.45,10.64,14.7,14.7,1021.0,1020.9,0.0,0.0,0.0,0.0,269,300,3.2,4.3,64.9,64.5,6.3,4.9,199.5,217.7,1023.1,1023.0,243.48,313.49,1567.59,34.9887,18.4081,236.3,55.2,1517.046, NAN, NAN, NAN, NAN,,2024/04/08 21:58:48.235,2024-04-08 21:58:48.235000+00:00
2024/04/08, 21:59:48.235,36.041,-74.768, 10.97,1.55,1.3,10.42,14.7,14.7,1021.1,1020.9,0.0,0.0,0.0,0.0,233,292,1.7,3.1,62.2,62.1,6.5,5.0,191.6,213.8,1023.2,1023.0,256.27,314.05,1545.41,35.0239,18.4513,232.4,54.4,1517.211, NAN, NAN, NAN, NAN,,2024/04/08 21:59:48.235,2024-04-08 21:59:48.235000+00:00
2024/04/08, 22:00:48.235,36.044,-74.768, 10.66,354.84,2.69,10.15,14.7,14.7,1021.1,1021.0,0.0,0.0,0.0,0.0,261,291,3.1,4.1,65.7,65.3,6.6,5.5,205.1,222.4,1023.2,1023.1,235.58,313.52,1544.11,35.1348,18.4612,231.4,55.0,1517.365, NAN, NAN, NAN, NAN,,2024/04/08 22:00:48.235,2024-04-08 22:00:48.235000+00:00
2024/04/08, 22:01:48.235,36.047,-74.769, 10.82,351.96,346.86,10.5,14.8,14.8,1021.0,1021.0,0.0,0.0,0.0,0.0,265,284,3.6,4.2,65.3,65.2,6.6,5.9,202.8,213.6,1023.1,1023.1,227.77,312.96,1518.98,35.2417,18.5728,229.6,55.2,1517.807, NAN, NAN, NAN, NAN,,2024/04/08 22:01:48.235,2024-04-08 22:01:48.235000+00:00
2024/04/08, 22:02:48.235,36.05,-74.77, 10.71,344.55,343.5,10.44,14.8,14.8,1021.1,1021.1,0.0,0.0,0.0,0.0,272,284,4.3,5.0,64.0,63.8,6.6,6.3,202.9,212.9,1023.2,1023.2,177.27,312.59,1472.5,35.234,18.4543,230.5,55.4,1517.458, NAN, NAN, NAN, NAN,,2024/04/08 22:02:48.235,2024-04-08 22:02:48.235000+00:00
2024/04/08, 22:03:48.235,36.052,-74.771, 10.12,323.91,327.49,9.82,14.7,14.8,1021.2,1021.1,0.0,0.0,0.0,0.0,278,290,4.9,6.1,61.3,61.1,6.6,6.5,192.3,206.9,1023.3,1023.2,212.24,313.21,1442.9,35.2273,18.1906,231.4,55.6,1516.687, NAN, NAN, NAN, NAN,,2024/04/08 22:03:48.235,2024-04-08 22:03:48.235000+00:00
2024/04/08, 22:04:48.235,36.054,-74.773, 9.19,320.82,323.32,8.47,14.7,14.8,1021.0,1020.9,0.0,0.0,0.0,0.0,282,297,6.0,6.8,62.2,61.8,6.7,6.3,203.4,219.2,1023.1,1023.0,208.67,313.48,1396.93,35.152,18.0733,238.4,56.0,1516.26, NAN, NAN, NAN, NAN,,2024/04/08 22:04:48.235,2024-04-08 22:04:48.235000+00:00
2024/04/08, 22:05:48.235,36.056,-74.774, 6.82,324.78,310.77,5.43,14.7,14.8,1021.0,1020.9,0.0,0.0,0.0,0.0,258,278,6.3,6.9,61.1,61.0,7.2,6.8,200.0,219.3,1023.1,1023.0,199.43,312.98,1365.3,35.0806,17.9949,241.5,56.0,1515.951, NAN, NAN, NAN, NAN,,2024/04/08 22:05:48.235,2024-04-08 22:05:48.235000+00:00
2024/04/08, 22:06:48.235,36.057,-74.775, 1.61,257.48,280.95,1.61,14.7,14.8,1021.0,1020.9,0.0,0.0,0.0,0.0,291,296,8.4,10.2,59.8,59.4,8.5,10.2,182.9,188.8,1023.1,1023.0,191.71,313.77,1384.37,35.0398,17.8198,246.7,55.9,1515.392, NAN, NAN, NAN, NAN,,2024/04/08 22:06:48.235,2024-04-08 22:06:48.235000+00:00
2024/04/08, 22:07:48.235,36.057,-74.776, 0.46,201.03,243.55,0.44,14.7,14.8,1021.1,1021.0,0.0,0.0,0.0,0.0,347,328,6.5,9.0,58.8,58.4,6.4,8.9,186.5,167.7,1023.2,1023.1,193.08,314.01,1331.36,35.0256,17.9241,247.3,55.9,1515.681, NAN, NAN, NAN, NAN,,2024/04/08 22:07:48.235,2024-04-08 22:07:48.235000+00:00
2024/04/08, 22:08:48.235,36.057,-74.776, 0.19,190.67,196.86,0.75,14.7,14.7,1020.9,1020.9,0.0,0.0,0.0,0.0,13,6,7.2,6.9,59.5,59.1,6.8,6.5,202.9,195.4,1023.0,1023.0,196.46,313.74,1304.1,35.0027,18.0429,258.4,55.9,1516.002, NAN, NAN, NAN, NAN,,2024/04/08 22:08:48.235,2024-04-08 22:08:48.235000+00:00
2024/04/08, 22:09:48.236,36.056,-74.776, 0.16,195.89,271.84,1.63,14.7,14.8,1020.9,1020.8,0.0,0.0,0.0,0.0,11,5,7.2,6.8,60.5,60.2,6.9,6.6,200.6,194.0,1023.0,1022.9,176.26,312.5,722.54,34.7404,18.0777,252.1,55.7,1515.806, NAN, NAN, NAN, NAN,,2024/04/08 22:09:48.236,2024-04-08 22:09:48.236000+00:00
2024/04/08, 22:10:48.236,36.056,-74.777, 0.15,201.06,276.93,1.49,14.7,14.8,1020.9,1020.9,0.0,0.0,0.0,0.0,7,1,6.6,6.3,60.9,61.2,6.3,6.1,201.8,195.3,1023.0,1023.0,156.42,312.64,1107.9,34.7133,18.0433,250.4,55.4,1515.674, NAN, NAN, NAN, NAN,,2024/04/08 22:10:48.236,2024-04-08 22:10:48.236000+00:00
2024/04/08, 22:11:48.236,36.056,-74.777, -0.34,203.32,304.31,1.28,14.7,14.8,1020.9,1020.9,0.0,0.0,0.0,0.0,7,1,7.1,6.9,61.0,60.9,7.1,7.0,205.0,199.0,1023.0,1023.0,147.75,312.27,1043.94,34.7183,18.0779,251.6,55.6,1515.781, NAN, NAN, NAN, NAN,,2024/04/08 22:11:48.236,2024-04-08 22:11:48.236000+00:00
2024/04/08, 22:12:48.236,36.057,-74.777, -0.50,203.37,296.91,1.28,14.7,14.8,1020.9,1020.8,0.0,0.0,0.0,0.0,6,359,7.4,7.0,59.9,59.4,7.5,7.1,204.3,197.2,1023.0,1022.9,138.25,311.98,1000.51,34.7085,18.0554,250.4,55.7,1515.704, NAN, NAN, NAN, NAN,,2024/04/08 22:12:48.236,2024-04-08 22:12:48.236000+00:00
2024/04/08, 22:13:48.236,36.057,-74.778, -0.56,200.46,297.15,1.23,14.7,14.7,1020.9,1020.9,0.0,0.0,0.0,0.0,6,358,6.3,6.1,54.3,53.9,6.4,6.2,200.8,192.8,1023.0,1023.0,153.15,313.0,1060.42,34.7655,18.1765,249.4,55.5,1516.122, NAN, NAN, NAN, NAN,,2024/04/08 22:13:48.236,2024-04-08 22:13:48.236000+00:00
2024/04/08, 22:14:48.236,36.057,-74.778, -0.47,196.63,298.15,0.49,14.7,14.8,1020.9,1020.9,0.0,0.0,0.0,0.0,7,1,6.4,6.3,58.8,58.8,6.4,6.4,201.4,195.4,1023.0,1023.0,170.76,313.58,444.72,34.7651,18.3142,250.7,55.1,1516.521, NAN, NAN, NAN, NAN,,2024/04/08 22:14:48.236,2024-04-08 22:14:48.236000+00:00
2024/04/08, 22:15:48.236,36.057,-74.778, -0.02,195.63,115.35,0.37,14.8,14.8,1020.8,1020.9,0.0,0.0,0.0,0.0,7,1,7.1,6.9,64.3,64.3,7.1,6.9,201.1,195.1,1022.9,1023.0,166.5,312.35,581.21,34.8821,18.3791,257.1,55.2,1516.842, NAN, NAN, NAN, NAN,,2024/04/08 22:15:48.236,2024-04-08 22:15:48.236000+00:00
2024/04/08, 22:16:48.236,36.057,-74.778, -0.40,198.12,83.28,0.06,14.8,14.8,1020.9,1020.8,0.0,0.0,0.0,0.0,0,355,6.7,6.4,59.6,59.2,6.7,6.4,198.2,193.3,1023.0,1022.9,165.52,312.82,441.07,34.9123,18.4128,254.7,55.5,1516.973, NAN, NAN, NAN, NAN,,2024/04/08 22:16:48.236,2024-04-08 22:16:48.236000+00:00
2024/04/08, 22:17:48.236,36.057,-74.778, -0.55,199.52,333.22,0.21,14.7,14.8,1020.9,1020.8,0.0,0.0,0.0,0.0,359,354,6.5,6.1,60.2,60.6,6.6,6.2,198.8,193.9,1023.0,1022.9,166.83,312.58,440.89,34.9297,18.464,261.4,54.7,1517.141, NAN, NAN, NAN, NAN,,2024/04/08 22:17:48.236,2024-04-08 22:17:48.236000+00:00
2024/04/08, 22:18:48.236,36.057,-74.778, -0.37,199.99,65.22,0.33,14.7,14.7,1020.9,1020.8,0.0,0.0,0.0,0.0,1,354,7.3,7.0,58.4,58.4,7.5,7.2,200.5,193.7,1023.0,1022.9,159.54,312.18,648.02,34.9506,18.5359,284.9,54.3,1517.372, NAN, NAN, NAN, NAN,,2024/04/08 22:18:48.236,2024-04-08 22:18:48.236000+00:00
2024/04/08, 22:19:48.236,36.057,-74.778, -0.58,199.94,340.36,0.44,14.7,14.7,1020.8,1020.9,0.0,0.0,0.0,0.0,1,355,6.3,6.0,59.2,59.0,6.5,6.2,200.3,194.4,1022.9,1023.0,143.34,312.46,458.28,35.0459,18.5892,314.2,54.2,1517.633, NAN, NAN, NAN, NAN,,2024/04/08 22:19:48.236,2024-04-08 22:19:48.236000+00:00
2024/04/08, 22:20:48.236,36.057,-74.778, -0.58,199.71,337.05,0.36,14.7,14.7,1020.8,1020.7,0.0,0.0,0.0,0.0,358,353,6.5,6.1,61.4,61.6,6.7,6.3,197.0,192.1,1022.9,1022.8,139.58,312.02,428.95,35.0701,18.6736,320.3,54.3,1517.903, NAN, NAN, NAN, NAN,,2024/04/08 22:20:48.236,2024-04-08 22:20:48.236000+00:00
2024/04/08, 22:21:48.236,36.057,-74.778, -0.54,199.04,5.96,0.43,14.7,14.7,1020.8,1020.8,0.0,0.0,0.0,0.0,4,357,6.6,6.3,59.4,59.4,6.8,6.5,203.6,196.8,1022.9,1022.9,139.26,312.3,421.15,35.0821,18.6917,322.7,54.1,1517.968, NAN, NAN, NAN, NAN,,2024/04/08 22:21:48.236,2024-04-08 22:21:48.236000+00:00
2024/04/08, 22:22:48.236,36.057,-74.778, -0.57,200.52,314.22,0.56,14.7,14.7,1020.8,1020.7,0.0,0.0,0.0,0.0,357,353,6.5,6.4,59.7,59.8,6.7,6.6,195.8,191.9,1022.9,1022.8,145.7,312.46,529.86,35.0862,18.691,329.1,54.3,1517.971, NAN, NAN, NAN, NAN,,2024/04/08 22:22:48.236,2024-04-08 22:22:48.236000+00:00
2024/04/08, 22:23:48.236,36.057,-74.778, -0.60,199.72,33.97,0.49,14.7,14.7,1020.5,1020.4,0.0,0.0,0.0,0.0,353,347,6.3,6.2,56.3,56.2,6.5,6.4,193.9,188.1,1022.6,1022.5,155.53,313.21,416.04,35.0866,18.6882,322.7,54.3,1517.963, NAN, NAN, NAN, NAN,,2024/04/08 22:23:48.236,2024-04-08 22:23:48.236000+00:00
2024/04/08, 22:24:48.236,36.058,-74.778, -0.57,200.25,341.54,0.44,14.7,14.7,1020.7,1020.7,0.0,0.0,0.0,0.0,356,351,6.6,6.4,59.0,59.6,6.8,6.6,195.2,190.3,1022.8,1022.8,151.41,313.11,411.66,35.0872,18.6819,330.4,54.3,1517.946, NAN, NAN, NAN, NAN,,2024/04/08 22:24:48.236,2024-04-08 22:24:48.236000+00:00
2024/04/08, 22:25:48.237,36.058,-74.778, -0.58,199.1,0.22,0.36,14.7,14.7,1020.6,1020.6,0.0,0.0,0.0,0.0,359,354,6.4,6.2,56.6,56.2,6.6,6.4,198.0,193.2,1022.7,1022.7,148.7,313.22,403.9,35.0993,18.6668,330.4,54.5,1517.916, NAN, NAN, NAN, NAN,,2024/04/08 22:25:48.237,2024-04-08 22:25:48.237000+00:00
2024/04/08, 22:26:48.237,36.058,-74.778, -0.57,199.53,353.37,0.35,14.8,14.8,1020.7,1020.7,0.0,0.0,0.0,0.0,352,347,5.4,5.8,60.8,60.0,5.6,6.0,191.9,187.0,1022.8,1022.8,144.15,313.96,399.12,35.0985,18.6791,330.7,54.3,1517.95, NAN, NAN, NAN, NAN,,2024/04/08 22:26:48.237,2024-04-08 22:26:48.237000+00:00
2024/04/08, 22:27:48.237,36.058,-74.778, -0.36,200.11,297.33,0.09,14.8,14.8,1020.5,1020.5,0.0,0.0,0.0,0.0,355,349,6.8,6.6,60.2,59.4,6.8,6.6,195.1,189.0,1022.6,1022.6,136.12,313.44,392.83,35.0931,18.6807,331.8,54.3,1517.949, NAN, NAN, NAN, NAN,,2024/04/08 22:27:48.237,2024-04-08 22:27:48.237000+00:00
2024/04/08, 22:28:48.237,36.058,-74.778, -0.27,199.21,77.68,0.21,14.8,14.8,1020.5,1020.5,0.0,0.0,0.0,0.0,351,345,6.7,6.7,56.4,56.3,6.8,6.8,190.0,184.1,1022.6,1022.6,143.3,313.17,390.52,35.0949,18.6866,331.8,54.3,1517.968, NAN, NAN, NAN, NAN,,2024/04/08 22:28:48.237,2024-04-08 22:28:48.237000+00:00
2024/04/08, 22:29:48.237,36.058,-74.778, -0.21,200.31,242.55,0.29,14.8,14.8,1020.6,1020.5,0.0,0.0,0.0,0.0,355,349,7.8,7.6,57.2,57.3,7.7,7.5,195.7,189.6,1022.7,1022.6,142.42,313.22,391.9,35.0894,18.6952,336.1,54.3,1517.986, NAN, NAN, NAN, NAN,,2024/04/08 22:29:48.237,2024-04-08 22:29:48.237000+00:00
2024/04/08, 22:30:48.237,36.058,-74.778, -0.29,199.54,128.65,0.19,14.8,14.8,1020.3,1020.3,0.0,0.0,0.0,0.0,356,350,7.0,6.9,52.8,52.9,7.0,6.9,196.3,190.3,1022.4,1022.4,138.54,313.66,388.17,35.093,18.6974,334.8,54.3,1517.997, NAN, NAN, NAN, NAN,,2024/04/08 22:30:48.237,2024-04-08 22:30:48.237000+00:00
2024/04/08, 22:31:48.237,36.058,-74.778, -0.43,199.93,109.48,0.38,14.9,14.9,1020.2,1020.3,0.0,0.0,0.0,0.0,355,348,6.6,6.5,58.5,58.3,6.6,6.4,196.6,189.6,1022.3,1022.4,135.47,313.4,385.58,35.0917,18.7036,336.4,54.4,1518.013, NAN, NAN, NAN, NAN,,2024/04/08 22:31:48.237,2024-04-08 22:31:48.237000+00:00
2024/04/08, 22:32:48.237,36.058,-74.778, -0.23,199.64,277.66,0.03,14.9,14.9,1020.3,1020.3,0.0,0.0,0.0,0.0,352,346,7.3,7.2,57.3,57.3,7.3,7.2,191.5,185.5,1022.4,1022.4,134.39,313.14,381.69,35.1076,18.7115,346.8,54.5,1518.054, NAN, NAN, NAN, NAN,,2024/04/08 22:32:48.237,2024-04-08 22:32:48.237000+00:00
2024/04/08, 22:33:48.237,36.058,-74.778, -0.28,199.67,111.44,0.32,14.9,14.9,1020.3,1020.3,0.0,0.0,0.0,0.0,351,345,7.4,7.5,55.8,55.9,7.3,7.4,191.9,185.8,1022.4,1022.4,133.75,313.13,374.81,35.1143,18.7061,357.7,54.7,1518.046, NAN, NAN, NAN, NAN,,2024/04/08 22:33:48.237,2024-04-08 22:33:48.237000+00:00
2024/04/08, 22:34:48.237,36.058,-74.778, 0.41,200.02,121.58,0.44,14.8,14.9,1020.3,1020.3,0.0,0.0,0.0,0.0,349,343,6.5,6.7,54.4,54.3,6.4,6.6,190.9,184.8,1022.4,1022.4,101.15,313.21,399.2,35.1136,18.7092,358.0,54.8,1518.054, NAN, NAN, NAN, NAN,,2024/04/08 22:34:48.237,2024-04-08 22:34:48.237000+00:00
2024/04/08, 22:35:48.237,36.058,-74.778, -0.26,199.56,141.84,0.05,14.9,14.9,1020.2,1020.3,0.0,0.0,0.0,0.0,350,345,6.8,6.6,56.4,56.7,6.8,6.6,189.8,184.8,1022.3,1022.4,87.21,312.38,353.72,35.1291,18.7318,357.7,54.9,1518.136, NAN, NAN, NAN, NAN,,2024/04/08 22:35:48.237,2024-04-08 22:35:48.237000+00:00
2024/04/08, 22:36:48.237,36.058,-74.778, -0.22,200.01,309.7,0.15,14.9,14.9,1020.3,1020.1,0.0,0.0,0.0,0.0,343,340,6.8,6.9,55.7,55.9,6.8,6.9,183.6,180.6,1022.4,1022.2,118.45,314.19,490.82,35.1211,18.7335,356.9,55.1,1518.132, NAN, NAN, NAN, NAN,,2024/04/08 22:36:48.237,2024-04-08 22:36:48.237000+00:00
2024/04/08, 22:37:48.237,36.058,-74.778, -0.26,199.2,128.29,0.09,14.9,14.9,1020.3,1020.2,0.0,0.0,0.0,0.0,352,345,7.1,7.1,57.4,56.3,7.1,7.1,191.6,184.6,1022.4,1022.3,114.35,313.83,498.03,35.107,18.7395,356.6,54.8,1518.133, NAN, NAN, NAN, NAN,,2024/04/08 22:37:48.237,2024-04-08 22:37:48.237000+00:00
2024/04/08, 22:38:48.237,36.058,-74.778, -0.26,199.65,341.52,0.29,14.9,14.9,1020.2,1020.2,0.0,0.0,0.0,0.0,355,348,7.1,7.0,56.3,56.2,7.2,7.1,193.7,186.8,1022.3,1022.3,109.19,312.89,660.96,35.1317,18.7137,353.9,54.8,1518.087, NAN, NAN, NAN, NAN,,2024/04/08 22:38:48.237,2024-04-08 22:38:48.237000+00:00
2024/04/08, 22:39:48.237,36.058,-74.778, -0.22,200.25,313.5,0.56,14.9,14.9,1020.2,1020.2,0.0,0.0,0.0,0.0,356,350,7.2,7.1,57.0,56.8,7.3,7.2,194.2,188.3,1022.3,1022.3,107.16,313.45,494.24,35.1179,18.6611,358.4,54.8,1517.921, NAN, NAN, NAN, NAN,,2024/04/08 22:39:48.237,2024-04-08 22:39:48.237000+00:00
2024/04/08, 22:40:48.237,36.058,-74.778, -0.18,200.02,353.23,0.18,14.9,14.9,1020.2,1020.1,0.0,0.0,0.0,0.0,349,344,7.4,7.4,55.6,56.0,7.5,7.5,188.4,183.5,1022.3,1022.2,101.28,313.41,573.07,35.0984,18.6223,353.2,55.1,1517.787, NAN, NAN, NAN, NAN,,2024/04/08 22:40:48.237,2024-04-08 22:40:48.237000+00:00
2024/04/08, 22:41:48.237,36.058,-74.778, -0.23,200.08,296.79,0.34,14.9,14.9,1020.5,1020.5,0.0,0.0,0.0,0.0,351,346,7.5,7.5,55.7,55.8,7.6,7.6,190.0,185.0,1022.6,1022.6,97.31,313.35,606.16,35.0948,18.6144,356.9,54.5,1517.761, NAN, NAN, NAN, NAN,,2024/04/08 22:41:48.237,2024-04-08 22:41:48.237000+00:00
2024/04/08, 22:42:48.238,36.058,-74.778, -0.20,199.1,136.34,0.55,14.9,14.9,1020.3,1020.1,0.0,0.0,0.0,0.0,357,349,7.1,6.9,56.9,56.8,7.0,6.8,198.3,190.2,1022.4,1022.2,94.03,312.02,786.21,35.0907,18.6195,357.4,54.6,1517.771, NAN, NAN, NAN, NAN,,2024/04/08 22:42:48.238,2024-04-08 22:42:48.238000+00:00
2024/04/08, 22:43:48.238,36.058,-74.778, -0.26,199.52,77.72,0.11,14.9,14.9,1020.3,1020.2,0.0,0.0,0.0,0.0,354,349,7.4,7.4,54.5,55.0,7.4,7.4,193.2,188.2,1022.4,1022.3,90.46,312.77,711.11,35.093,18.6204,355.3,54.6,1517.776, NAN, NAN, NAN, NAN,,2024/04/08 22:43:48.238,2024-04-08 22:43:48.238000+00:00
2024/04/08, 22:44:48.238,36.058,-74.778, -0.27,200.04,299.95,0.27,14.9,15.0,1020.2,1020.3,0.0,0.0,0.0,0.0,349,344,7.2,7.3,56.1,54.4,7.2,7.3,188.0,183.0,1022.3,1022.4,86.4,312.59,749.18,35.0949,18.625,354.4,54.7,1517.791, NAN, NAN, NAN, NAN,,2024/04/08 22:44:48.238,2024-04-08 22:44:48.238000+00:00
2024/04/08, 22:45:48.238,36.058,-74.778, -0.27,199.9,359.99,0.32,14.9,14.9,1020.3,1020.3,0.0,0.0,0.0,0.0,349,344,7.6,7.6,55.5,55.6,7.7,7.7,188.0,183.0,1022.4,1022.4,84.81,312.15,741.09,35.0886,18.647,352.9,54.6,1517.847, NAN, NAN, NAN, NAN,,2024/04/08 22:45:48.238,2024-04-08 22:45:48.238000+00:00
2024/04/08, 22:46:48.238,36.058,-74.778, -0.24,199.86,102.95,0.45,14.9,14.9,1020.3,1020.3,0.0,0.0,0.0,0.0,349,343,7.6,7.6,54.2,54.2,7.6,7.5,190.6,184.6,1022.4,1022.4,80.11,312.57,716.27,35.0857,18.6549,353.2,54.7,1517.867, NAN, NAN, NAN, NAN,,2024/04/08 22:46:48.238,2024-04-08 22:46:48.238000+00:00
2024/04/08, 22:47:48.238,36.058,-74.778, -0.28,199.81,269.14,0.14,14.9,14.9,1020.2,1020.3,0.0,0.0,0.0,0.0,357,350,7.6,7.5,58.7,59.9,7.6,7.5,196.3,189.3,1022.3,1022.4,74.25,312.13,674.36,35.0829,18.6619,350.7,54.8,1517.884, NAN, NAN, NAN, NAN,,2024/04/08 22:47:48.238,2024-04-08 22:47:48.238000+00:00
2024/04/08, 22:48:48.238,36.058,-74.778, -0.26,199.58,352.52,0.35,15.0,15.0,1020.2,1020.2,0.0,0.0,0.0,0.0,1,355,8.3,8.0,55.6,55.4,8.4,8.1,199.5,193.5,1022.3,1022.3,74.96,312.71,672.01,35.0841,18.6679,349.2,54.6,1517.902, NAN, NAN, NAN, NAN,,2024/04/08 22:48:48.238,2024-04-08 22:48:48.238000+00:00
2024/04/08, 22:49:48.238,36.058,-74.778, 0.51,200.1,154.83,0.54,14.9,15.0,1020.3,1020.3,0.0,0.0,0.0,0.0,0,354,8.6,8.5,55.2,55.0,8.3,8.2,200.6,194.4,1022.4,1022.4,67.17,312.4,646.67,35.0807,18.6424,353.2,54.8,1517.825, NAN, NAN, NAN, NAN,,2024/04/08 22:49:48.238,2024-04-08 22:49:48.238000+00:00
2024/04/08, 22:50:48.238,36.058,-74.778, -0.03,200.24,130.48,0.39,14.9,14.9,1020.5,1020.3,0.0,0.0,0.0,0.0,358,352,7.8,7.5,54.5,54.3,7.7,7.3,199.3,193.2,1022.6,1022.4,69.5,313.65,446.75,35.1077,18.6311,356.3,54.6,1517.823, NAN, NAN, NAN, NAN,,2024/04/08 22:50:48.238,2024-04-08 22:50:48.238000+00:00
2024/04/08, 22:51:48.238,36.057,-74.778, 0.89,199.62,195.75,0.86,14.9,15.0,1020.5,1020.5,0.0,0.0,0.0,0.0,3,357,8.4,8.2,51.8,51.5,8.0,7.8,202.5,196.2,1022.6,1022.6,65.63,313.12,607.97,35.1144,18.6823,354.4,54.8,1517.978, NAN, NAN, NAN, NAN,,2024/04/08 22:51:48.238,2024-04-08 22:51:48.238000+00:00
2024/04/08, 22:52:48.238,36.057,-74.778, 2.88,169.37,168.56,3.05,15.0,15.0,1020.5,1020.3,0.0,0.0,0.0,0.0,12,5,9.2,9.0,58.5,58.8,7.7,7.4,183.7,175.3,1022.6,1022.4,61.05,313.92,542.37,35.1119,18.7115,350.5,54.7,1518.058, NAN, NAN, NAN, NAN,,2024/04/08 22:52:48.238,2024-04-08 22:52:48.238000+00:00
2024/04/08, 22:53:48.238,36.056,-74.777, 4.02,108.36,109.53,4.33,15.0,15.0,1020.1,1020.3,0.0,0.0,0.0,0.0,78,71,9.6,10.1,57.1,57.4,9.3,9.6,199.8,192.0,1022.2,1022.4,57.55,313.53,540.65,35.1485,18.6619,347.5,54.7,1517.958, NAN, NAN, NAN, NAN,,2024/04/08 22:53:48.238,2024-04-08 22:53:48.238000+00:00
2024/04/08, 22:54:48.238,36.056,-74.776, 5.73,70.53,79.69,5.41,15.0,15.0,1020.2,1020.3,0.0,0.0,0.0,0.0,97,96,7.9,8.0,53.3,53.1,8.1,8.2,187.5,186.3,1022.3,1022.4,53.22,313.22,519.5,35.1621,18.6364,344.1,54.5,1517.9, NAN, NAN, NAN, NAN,,2024/04/08 22:54:48.238,2024-04-08 22:54:48.238000+00:00
2024/04/08, 22:55:48.238,36.057,-74.774, 6.13,38.59,42.66,6.12,15.0,15.0,1020.3,1020.4,0.0,0.0,0.0,0.0,126,135,3.6,4.3,55.4,55.5,5.9,6.8,190.8,193.5,1022.4,1022.5,51.13,313.69,501.56,35.1573,18.504,342.8,54.5,1517.514, NAN, NAN, NAN, NAN,,2024/04/08 22:55:48.238,2024-04-08 22:55:48.238000+00:00
2024/04/08, 22:56:48.238,36.058,-74.772, 7.74,48.22,45.06,7.85,15.1,15.1,1020.5,1020.5,0.0,0.0,0.0,0.0,126,120,5.6,5.0,59.8,59.4,8.7,8.0,195.3,193.4,1022.6,1022.6,49.78,313.42,477.9,35.0995,18.3966,327.8,54.5,1517.139, NAN, NAN, NAN, NAN,,2024/04/08 22:56:48.238,2024-04-08 22:56:48.238000+00:00
2024/04/08, 22:57:48.238,36.06,-74.77, 9.06,55.7,58.2,8.73,15.1,15.1,1020.3,1020.2,0.0,0.0,0.0,0.0,114,107,6.0,5.7,60.0,55.4,8.8,8.1,198.0,194.8,1022.4,1022.3,44.57,313.79,444.0,35.0538,18.4204,313.6,54.7,1517.156, NAN, NAN, NAN, NAN,,2024/04/08 22:57:48.238,2024-04-08 22:57:48.238000+00:00
2024/04/08, 22:58:48.238,36.061,-74.767, 10.28,58.5,56.91,10.12,15.1,15.1,1020.2,1020.3,0.0,0.0,0.0,0.0,106,100,6.2,5.9,55.9,55.8,9.2,8.6,197.0,194.7,1022.3,1022.4,42.29,313.8,425.72,34.9648,18.5122,298.8,54.7,1517.32, NAN, NAN, NAN, NAN,,2024/04/08 22:58:48.238,2024-04-08 22:58:48.238000+00:00
2024/04/08, 22:59:48.239,36.062,-74.764, 10.77,61.0,61.73,10.61,15.1,15.1,1020.3,1020.3,0.0,0.0,0.0,0.0,86,84,5.7,5.9,52.3,52.4,7.5,7.5,193.5,191.3,1022.4,1022.4,41.27,314.77,400.14,34.9788,18.5488,294.0,54.6,1517.441, NAN, NAN, NAN, NAN,,2024/04/08 22:59:48.239,2024-04-08 22:59:48.239000+00:00
2024/04/08, 23:00:48.239,36.064,-74.761, 11.10,60.06,60.71,10.76,15.1,15.1,1020.2,1020.3,0.0,0.0,0.0,0.0,102,98,6.0,5.8,53.3,53.3,8.9,8.5,199.7,198.4,1022.3,1022.4,37.55,314.04,368.62,35.0094,18.5896,298.8,54.7,1517.593, NAN, NAN, NAN, NAN,,2024/04/08 23:00:48.239,2024-04-08 23:00:48.239000+00:00
2024/04/08, 23:01:48.239,36.065,-74.758, 11.16,60.41,63.44,10.72,15.1,15.2,1020.5,1020.3,0.0,0.0,0.0,0.0,92,87,5.8,6.3,53.0,52.9,8.0,8.0,196.0,190.8,1022.6,1022.4,35.46,314.39,341.24,35.0139,18.5222,303.8,54.5,1517.404, NAN, NAN, NAN, NAN,,2024/04/08 23:01:48.239,2024-04-08 23:01:48.239000+00:00
2024/04/08, 23:02:48.239,36.067,-74.754, 11.25,60.21,62.97,10.87,15.2,15.2,1020.1,1020.1,0.0,0.0,0.0,0.0,103,99,5.6,5.4,52.7,52.6,8.6,8.2,202.8,201.7,1022.2,1022.2,32.77,314.03,317.61,35.0317,18.4232,309.2,54.5,1517.139, NAN, NAN, NAN, NAN,,2024/04/08 23:02:48.239,2024-04-08 23:02:48.239000+00:00
2024/04/08, 23:03:48.239,36.068,-74.751, 11.13,59.5,62.26,11.02,15.2,15.2,1020.2,1020.1,0.0,0.0,0.0,0.0,89,86,6.4,6.9,51.9,51.8,8.3,8.5,191.3,187.2,1022.3,1022.2,31.42,314.48,295.41,35.0067,18.1167,303.2,54.5,1516.222, NAN, NAN, NAN, NAN,,2024/04/08 23:03:48.239,2024-04-08 23:03:48.239000+00:00
2024/04/08, 23:04:48.239,36.069,-74.748, 11.29,60.72,62.59,11.2,15.2,15.2,1020.3,1020.3,0.0,0.0,0.0,0.0,98,95,6.9,6.6,49.9,49.9,9.5,9.0,196.0,195.4,1022.4,1022.4,29.54,314.84,275.47,34.9604,17.9185,297.4,54.7,1515.591, NAN, NAN, NAN, NAN,,2024/04/08 23:04:48.239,2024-04-08 23:04:48.239000+00:00
2024/04/08, 23:05:48.239,36.071,-74.744, 11.29,59.9,63.25,11.2,15.3,15.3,1020.2,1020.1,0.0,0.0,0.0,0.0,91,90,6.4,6.6,55.3,55.6,8.5,8.5,193.7,192.2,1022.3,1022.2,27.65,314.42,253.6,34.8476,17.7745,284.6,55.1,1515.04, NAN, NAN, NAN, NAN,,2024/04/08 23:05:48.239,2024-04-08 23:05:48.239000+00:00
2024/04/08, 23:06:48.239,36.072,-74.741, 11.15,59.87,62.4,10.97,15.2,15.3,1020.3,1020.1,0.0,0.0,0.0,0.0,90,84,5.9,6.4,50.1,50.0,8.0,7.9,194.6,188.8,1022.4,1022.2,25.84,315.03,235.19,34.7201,17.5046,278.4,54.3,1514.098, NAN, NAN, NAN, NAN,,2024/04/08 23:06:48.239,2024-04-08 23:06:48.239000+00:00
2024/04/08, 23:07:48.239,36.074,-74.738, 11.25,59.9,63.72,10.79,15.3,15.3,1020.3,1020.3,0.0,0.0,0.0,0.0,95,92,6.8,6.9,55.3,55.3,8.9,8.8,193.4,191.2,1022.4,1022.4,22.99,315.16,215.44,34.645,17.3923,275.0,54.4,1513.679, NAN, NAN, NAN, NAN,,2024/04/08 23:07:48.239,2024-04-08 23:07:48.239000+00:00
2024/04/08, 23:08:48.239,36.075,-74.734, 11.16,60.28,63.83,10.84,15.3,15.3,1020.2,1020.3,0.0,0.0,0.0,0.0,91,89,6.8,6.9,52.2,52.4,8.7,8.6,191.2,189.6,1022.3,1022.4,20.88,314.8,192.92,34.5121,17.4759,269.9,54.2,1513.776, NAN, NAN, NAN, NAN,,2024/04/08 23:08:48.239,2024-04-08 23:08:48.239000+00:00
2024/04/08, 23:09:48.239,36.076,-74.731, 11.23,60.38,63.96,10.98,15.3,15.3,1020.2,1020.1,0.0,0.0,0.0,0.0,94,91,6.8,6.8,53.6,53.7,8.9,8.7,193.7,191.9,1022.3,1022.2,17.67,314.98,170.04,34.4763,17.5432,266.2,54.4,1513.934, NAN, NAN, NAN, NAN,,2024/04/08 23:09:48.239,2024-04-08 23:09:48.239000+00:00
2024/04/08, 23:10:48.239,36.078,-74.728, 11.20,60.14,63.92,10.83,15.4,15.4,1020.1,1020.1,0.0,0.0,0.0,0.0,94,91,5.9,6.0,53.4,53.4,8.1,8.0,197.2,195.1,1022.2,1022.2,15.34,315.2,143.63,34.609,17.3127,262.5,54.2,1513.402, NAN, NAN, NAN, NAN,,2024/04/08 23:10:48.239,2024-04-08 23:10:48.239000+00:00
2024/04/08, 23:11:48.239,36.079,-74.724, 11.11,59.81,63.46,10.96,15.4,15.4,1020.3,1020.1,0.0,0.0,0.0,0.0,98,96,6.4,6.4,53.8,54.0,8.9,8.7,197.0,195.8,1022.4,1022.2,13.5,315.1,132.19,34.6369,16.9694,260.1,54.3,1512.407, NAN, NAN, NAN, NAN,,2024/04/08 23:11:48.239,2024-04-08 23:11:48.239000+00:00
2024/04/08, 23:12:48.239,36.081,-74.721, 11.27,59.83,63.36,10.95,15.4,15.4,1020.3,1020.2,0.0,0.0,0.0,0.0,88,86,6.0,6.2,52.9,52.8,7.8,7.8,193.5,191.3,1022.4,1022.3,11.41,315.51,114.48,34.5907,16.8522,255.0,54.9,1512.001, NAN, NAN, NAN, NAN,,2024/04/08 23:12:48.239,2024-04-08 23:12:48.239000+00:00
2024/04/08, 23:13:48.239,36.082,-74.718, 11.10,60.15,62.04,10.91,15.4,15.5,1020.1,1020.3,0.0,0.0,0.0,0.0,91,87,5.8,5.8,50.6,50.6,8.0,7.7,195.6,193.5,1022.2,1022.4,9.05,315.77,96.48,34.293,17.1594,258.5,54.3,1512.583, NAN, NAN, NAN, NAN,,2024/04/08 23:13:48.239,2024-04-08 23:13:48.239000+00:00
2024/04/08, 23:14:48.239,36.083,-74.714, 11.22,60.26,63.27,11.3,15.5,15.5,1020.2,1020.1,0.0,0.0,0.0,0.0,92,89,6.4,6.5,51.1,51.0,8.6,8.4,195.0,192.9,1022.3,1022.2,7.44,315.5,85.49,34.1663,17.6916,256.8,54.4,1514.02, NAN, NAN, NAN, NAN,,2024/04/08 23:14:48.239,2024-04-08 23:14:48.239000+00:00
2024/04/08, 23:15:48.240,36.085,-74.711, 11.21,59.76,62.9,11.17,15.5,15.5,1020.1,1020.1,0.0,0.0,0.0,0.0,88,87,5.1,5.6,53.2,53.3,7.4,7.6,198.8,195.4,1022.2,1022.2,6.16,316.33,75.51,34.2776,18.4119,252.8,54.4,1516.252, NAN, NAN, NAN, NAN,,2024/04/08 23:15:48.240,2024-04-08 23:15:48.240000+00:00
2024/04/08, 23:16:48.240,36.086,-74.707, 11.20,59.69,60.93,11.14,15.6,15.5,1020.2,1020.3,0.0,0.0,0.0,0.0,103,99,6.2,5.9,51.6,52.9,9.2,8.7,200.2,199.3,1022.3,1022.4,4.82,316.34,67.57,34.5537,18.769,249.1,54.5,1517.593, NAN, NAN, NAN, NAN,,2024/04/08 23:16:48.240,2024-04-08 23:16:48.240000+00:00
2024/04/08, 23:17:48.240,36.088,-74.704, 11.34,59.81,61.91,11.36,15.6,15.6,1020.3,1020.2,0.0,0.0,0.0,0.0,102,100,6.1,5.9,52.3,52.3,9.1,8.8,200.9,200.6,1022.4,1022.3,3.59,316.13,61.14,35.0796,19.0752,244.3,55.4,1519.059, NAN, NAN, NAN, NAN,,2024/04/08 23:17:48.240,2024-04-08 23:17:48.240000+00:00
2024/04/08, 23:18:48.240,36.089,-74.701, 11.35,59.87,60.98,11.03,15.7,15.7,1020.2,1020.0,0.0,0.0,0.0,0.0,94,92,5.8,5.8,54.4,54.5,8.3,8.2,196.9,195.9,1022.3,1022.1,2.62,316.96,55.19,35.2123,19.3848,240.3,54.6,1520.083, NAN, NAN, NAN, NAN,,2024/04/08 23:18:48.240,2024-04-08 23:18:48.240000+00:00
2024/04/08, 23:19:48.240,36.091,-74.697, 11.40,60.58,62.13,11.25,15.8,15.8,1020.3,1020.3,0.0,0.0,0.0,0.0,104,99,5.7,5.5,53.1,53.1,9.0,8.5,203.6,202.0,1022.4,1022.4,1.5,316.4,49.27,35.3145,19.6081,236.3,54.8,1520.824, NAN, NAN, NAN, NAN,,2024/04/08 23:19:48.240,2024-04-08 23:19:48.240000+00:00
2024/04/08, 23:20:48.240,36.092,-74.694, 11.30,60.39,61.34,11.0,15.8,15.8,1020.2,1020.2,0.0,0.0,0.0,0.0,96,94,6.1,6.0,52.3,52.3,8.6,8.4,197.0,196.4,1022.3,1022.3,0.55,316.78,42.74,35.4353,19.8353,235.1,54.7,1521.592, NAN, NAN, NAN, NAN,,2024/04/08 23:20:48.240,2024-04-08 23:20:48.240000+00:00
2024/04/08, 23:21:48.240,36.094,-74.691, 11.19,59.75,61.63,10.82,15.8,15.9,1020.2,1020.2,0.0,0.0,0.0,0.0,97,91,5.1,5.3,51.5,51.5,7.9,7.6,201.3,197.5,1022.3,1022.3,-0.12,317.49,38.31,35.5261,20.0743,234.2,53.6,1522.355, NAN, NAN, NAN, NAN,,2024/04/08 23:21:48.240,2024-04-08 23:21:48.240000+00:00
2024/04/08, 23:22:48.240,36.095,-74.687, 10.86,59.9,59.89,10.46,15.9,15.9,1020.3,1020.3,0.0,0.0,0.0,0.0,101,98,5.9,5.9,52.1,52.9,8.7,8.5,198.3,196.6,1022.4,1022.4,-1.02,316.94,34.54,35.6349,20.2454,231.4,53.4,1522.948, NAN, NAN, NAN, NAN,,2024/04/08 23:22:48.240,2024-04-08 23:22:48.240000+00:00
2024/04/08, 23:23:48.240,36.097,-74.684, 10.93,50.93,55.22,10.29,15.9,16.0,1020.3,1020.1,0.0,0.0,0.0,0.0,104,100,5.7,5.6,51.9,51.8,8.4,8.1,193.4,191.7,1022.4,1022.2,-1.81,316.44,30.54,35.752,20.3377,231.2,53.5,1523.331, NAN, NAN, NAN, NAN,,2024/04/08 23:23:48.240,2024-04-08 23:23:48.240000+00:00
2024/04/08, 23:24:48.240,36.099,-74.682, 10.67,31.89,33.28,10.47,15.9,15.9,1020.1,1020.2,0.0,0.0,0.0,0.0,161,90,2.3,2.0,49.5,48.8,7.6,5.7,207.3,192.8,1022.2,1022.3,-2.61,317.25,26.27,35.8572,20.3417,231.7,53.7,1523.46, NAN, NAN, NAN, NAN,,2024/04/08 23:24:48.240,2024-04-08 23:24:48.240000+00:00
2024/04/08, 23:25:48.240,36.101,-74.68, 11.05,28.1,27.18,11.09,16.0,16.0,1020.2,1020.3,0.0,0.0,0.0,0.0,123,84,1.4,1.7,52.8,53.8,6.6,5.8,197.5,190.7,1022.3,1022.4,-3.25,317.82,23.33,35.9003,20.338,227.5,53.8,1523.498, NAN, NAN, NAN, NAN,,2024/04/08 23:25:48.240,2024-04-08 23:25:48.240000+00:00
2024/04/08, 23:26:48.240,36.104,-74.678, 11.12,29.19,29.56,10.96,16.0,16.0,1020.3,1020.3,0.0,0.0,0.0,0.0,152,154,3.5,3.0,53.1,53.1,8.9,8.4,198.7,200.4,1022.4,1022.4,-4.03,317.25,20.7,35.8821,20.32,223.2,53.4,1523.428, NAN, NAN, NAN, NAN,,2024/04/08 23:26:48.240,2024-04-08 23:26:48.240000+00:00
2024/04/08, 23:27:48.240,36.107,-74.676, 11.29,28.96,28.57,11.23,16.0,16.0,1020.3,1020.1,0.0,0.0,0.0,0.0,157,172,3.3,3.1,52.3,50.2,8.9,8.9,200.9,206.4,1022.4,1022.2,-4.49,317.52,18.33,35.8683,20.3111,222.4,53.3,1523.388, NAN, NAN, NAN, NAN,,2024/04/08 23:27:48.240,2024-04-08 23:27:48.240000+00:00
2024/04/08, 23:28:48.240,36.109,-74.675, 11.33,28.8,28.62,11.27,16.1,16.1,1020.3,1020.2,0.0,0.0,0.0,0.0,174,191,1.8,2.4,56.6,57.1,7.6,8.2,208.3,212.9,1022.4,1022.3,-4.98,317.31,16.2,35.847,20.3152,220.9,53.5,1523.376, NAN, NAN, NAN, NAN,,2024/04/08 23:28:48.240,2024-04-08 23:28:48.240000+00:00
2024/04/08, 23:29:48.240,36.112,-74.673, 11.26,28.53,28.45,11.08,16.1,16.1,1020.3,1020.3,0.0,0.0,0.0,0.0,138,174,2.2,2.4,54.5,53.0,7.5,8.1,198.0,207.5,1022.4,1022.4,-5.29,317.65,14.0,35.826,20.3076,220.3,53.3,1523.332, NAN, NAN, NAN, NAN,,2024/04/08 23:29:48.240,2024-04-08 23:29:48.240000+00:00
2024/04/08, 23:30:48.240,36.115,-74.671, 11.29,28.8,29.27,11.14,16.2,16.1,1020.5,1020.5,0.0,0.0,0.0,0.0,146,159,2.0,2.2,52.7,51.5,7.5,7.8,200.9,203.7,1022.6,1022.6,-5.5,317.34,12.37,35.8191,20.2923,220.9,54.0,1523.282, NAN, NAN, NAN, NAN,,2024/04/08 23:30:48.240,2024-04-08 23:30:48.240000+00:00
2024/04/08, 23:31:48.241,36.117,-74.669, 11.37,29.27,33.13,11.17,16.1,16.1,1020.3,1020.3,0.0,0.0,0.0,0.0,125,70,1.8,1.9,51.2,51.2,6.9,5.3,198.6,192.0,1022.4,1022.4,-6.05,318.22,10.89,35.8179,20.283,219.7,54.5,1523.255, NAN, NAN, NAN, NAN,,2024/04/08 23:31:48.241,2024-04-08 23:31:48.241000+00:00
2024/04/08, 23:32:48.241,36.12,-74.667, 11.29,28.66,28.48,10.91,16.2,16.2,1020.5,1020.3,0.0,0.0,0.0,0.0,155,85,2.0,2.0,53.6,52.6,7.5,5.7,203.1,189.7,1022.6,1022.4,-6.21,318.38,9.56,35.8042,20.2791,221.8,54.1,1523.229, NAN, NAN, NAN, NAN,,2024/04/08 23:32:48.241,2024-04-08 23:32:48.241000+00:00
2024/04/08, 23:33:48.241,36.123,-74.665, 11.22,28.71,31.68,11.14,16.2,16.2,1020.3,1020.3,0.0,0.0,0.0,0.0,157,166,3.7,3.2,52.8,51.8,9.2,8.8,201.3,205.4,1022.4,1022.4,-6.32,317.18,8.34,35.804,20.2711,222.6,54.2,1523.207, NAN, NAN, NAN, NAN,,2024/04/08 23:33:48.241,2024-04-08 23:33:48.241000+00:00
2024/04/08, 23:34:48.241,36.126,-74.663, 11.31,29.06,31.28,10.97,16.2,16.2,1020.5,1020.3,0.0,0.0,0.0,0.0,141,119,2.4,2.2,50.8,50.6,7.6,6.9,198.8,194.2,1022.6,1022.4,-6.54,316.85,7.09,35.7981,20.2592,224.8,54.4,1523.168, NAN, NAN, NAN, NAN,,2024/04/08 23:34:48.241,2024-04-08 23:34:48.241000+00:00
2024/04/08, 23:35:48.241,36.128,-74.661, 11.28,28.67,29.96,11.39,16.2,16.2,1020.5,1020.6,0.0,0.0,0.0,0.0,149,147,3.0,2.4,49.8,49.9,8.6,8.0,198.8,199.8,1022.6,1022.7,-6.59,317.26,6.1,35.7846,20.2448,224.3,54.5,1523.113, NAN, NAN, NAN, NAN,,2024/04/08 23:35:48.241,2024-04-08 23:35:48.241000+00:00
2024/04/08, 23:36:48.241,36.131,-74.659, 11.32,29.33,30.97,11.25,16.1,16.1,1020.5,1020.5,0.0,0.0,0.0,0.0,157,168,3.0,2.7,52.1,51.3,8.6,8.4,202.6,206.6,1022.6,1022.6,-6.86,317.24,5.25,35.7689,20.2456,224.4,54.6,1523.098, NAN, NAN, NAN, NAN,,2024/04/08 23:36:48.241,2024-04-08 23:36:48.241000+00:00
2024/04/08, 23:37:48.241,36.134,-74.657, 11.22,28.99,35.62,10.97,16.2,16.2,1020.3,1020.4,0.0,0.0,0.0,0.0,163,165,3.6,3.2,52.6,52.9,9.1,8.7,204.8,206.1,1022.4,1022.5,-7.1,317.7,4.45,35.7556,20.255,225.3,54.3,1523.109, NAN, NAN, NAN, NAN,,2024/04/08 23:37:48.241,2024-04-08 23:37:48.241000+00:00
2024/04/08, 23:38:48.241,36.136,-74.655, 11.22,28.55,29.31,10.86,16.2,16.2,1020.5,1020.4,0.0,0.0,0.0,0.0,154,114,3.0,2.5,51.7,51.4,8.3,6.9,201.0,191.2,1022.6,1022.5,-7.17,318.14,3.77,35.7497,20.2584,227.5,54.5,1523.111, NAN, NAN, NAN, NAN,,2024/04/08 23:38:48.241,2024-04-08 23:38:48.241000+00:00
2024/04/08, 23:39:48.241,36.139,-74.653, 11.18,28.55,28.49,10.97,16.2,16.2,1020.6,1020.5,0.0,0.0,0.0,0.0,155,182,3.1,3.0,53.6,53.5,8.5,8.6,199.8,209.3,1022.7,1022.6,-7.19,317.82,3.08,35.7488,20.2861,229.0,54.5,1523.186, NAN, NAN, NAN, NAN,,2024/04/08 23:39:48.241,2024-04-08 23:39:48.241000+00:00
2024/04/08, 23:40:48.241,36.142,-74.651, 11.30,28.94,28.41,10.87,16.3,16.3,1020.3,1020.3,0.0,0.0,0.0,0.0,186,185,2.5,2.8,53.4,53.8,8.1,8.4,211.9,211.7,1022.4,1022.4,-7.18,318.12,2.56,35.7357,20.298,229.9,54.6,1523.204, NAN, NAN, NAN, NAN,,2024/04/08 23:40:48.241,2024-04-08 23:40:48.241000+00:00
2024/04/08, 23:41:48.241,36.144,-74.649, 11.17,28.54,30.33,11.21,16.3,16.3,1020.5,1020.5,0.0,0.0,0.0,0.0,171,184,2.3,2.9,49.8,49.3,8.0,8.7,206.9,210.8,1022.6,1022.6,-7.37,318.11,2.12,35.7266,20.3074,232.7,53.1,1523.22, NAN, NAN, NAN, NAN,,2024/04/08 23:41:48.241,2024-04-08 23:41:48.241000+00:00
2024/04/08, 23:42:48.241,36.147,-74.647, 11.20,29.09,31.4,10.99,16.3,16.3,1020.3,1020.3,0.0,0.0,0.0,0.0,149,202,1.9,2.1,51.6,51.3,7.3,7.7,202.9,216.4,1022.4,1022.4,-7.55,318.71,1.74,35.7103,20.3211,231.4,54.3,1523.239, NAN, NAN, NAN, NAN,,2024/04/08 23:42:48.241,2024-04-08 23:42:48.241000+00:00
2024/04/08, 23:43:48.241,36.149,-74.645, 11.25,29.11,34.04,10.99,16.3,16.3,1020.3,1020.3,0.0,0.0,0.0,0.0,166,210,3.1,3.1,56.2,52.0,8.7,8.5,206.2,221.7,1022.4,1022.4,-7.55,318.31,1.42,35.7042,20.355,232.4,53.2,1523.325, NAN, NAN, NAN, NAN,,2024/04/08 23:43:48.241,2024-04-08 23:43:48.241000+00:00
2024/04/08, 23:44:48.241,36.152,-74.643, 11.32,28.4,27.35,11.12,16.3,16.3,1020.3,1020.3,0.0,0.0,0.0,0.0,163,193,2.2,2.4,53.5,52.3,7.8,8.1,204.3,212.8,1022.4,1022.4,-7.49,318.46,1.09,35.7084,20.3836,232.0,53.8,1523.408, NAN, NAN, NAN, NAN,,2024/04/08 23:44:48.241,2024-04-08 23:44:48.241000+00:00
2024/04/08, 23:45:48.241,36.155,-74.641, 11.30,28.79,29.81,11.03,16.3,16.3,1020.6,1020.3,0.0,0.0,0.0,0.0,192,188,2.2,3.3,50.7,50.1,7.8,9.0,213.4,212.9,1022.7,1022.4,-7.63,317.93,0.88,35.7218,20.4192,232.0,54.2,1523.52, NAN, NAN, NAN, NAN,,2024/04/08 23:45:48.241,2024-04-08 23:45:48.241000+00:00
2024/04/08, 23:46:48.241,36.157,-74.639, 11.30,29.28,31.05,10.72,16.3,16.3,1020.3,1020.3,0.0,0.0,0.0,0.0,149,155,3.0,2.8,51.8,52.0,8.2,8.1,200.1,202.5,1022.4,1022.4,-7.62,318.89,0.7,35.7365,20.4646,231.4,54.1,1523.661, NAN, NAN, NAN, NAN,,2024/04/08 23:46:48.241,2024-04-08 23:46:48.241000+00:00
2024/04/08, 23:47:48.242,36.16,-74.638, 11.20,29.06,30.6,11.25,16.3,16.3,1020.3,1020.3,0.0,0.0,0.0,0.0,167,177,2.6,3.1,51.1,50.7,8.3,8.9,205.4,208.4,1022.4,1022.4,-7.7,319.01,0.55,35.7473,20.4951,233.0,53.8,1523.756, NAN, NAN, NAN, NAN,,2024/04/08 23:47:48.242,2024-04-08 23:47:48.242000+00:00
2024/04/08, 23:48:48.242,36.163,-74.636, 11.07,28.89,31.84,10.89,16.3,16.3,1020.3,1020.1,0.0,0.0,0.0,0.0,183,177,1.6,3.6,55.8,55.1,7.2,9.2,212.1,209.7,1022.4,1022.2,-7.6,319.16,0.42,35.7666,20.5235,237.6,53.8,1523.855, NAN, NAN, NAN, NAN,,2024/04/08 23:48:48.242,2024-04-08 23:48:48.242000+00:00
2024/04/08, 23:49:48.242,36.165,-74.634, 11.09,28.16,31.36,10.84,16.4,16.4,1020.5,1020.2,0.0,0.0,0.0,0.0,159,161,4.3,4.7,55.9,55.3,9.7,10.1,200.8,201.2,1022.6,1022.3,-7.52,318.69,0.33,35.7853,20.5749,240.9,54.0,1524.015, NAN, NAN, NAN, NAN,,2024/04/08 23:49:48.242,2024-04-08 23:49:48.242000+00:00
2024/04/08, 23:50:48.242,36.168,-74.632, 11.22,29.22,31.32,10.98,16.3,16.3,1020.3,1020.3,0.0,0.0,0.0,0.0,163,167,4.0,4.1,51.6,51.0,9.5,9.7,203.8,205.4,1022.4,1022.4,-7.49,318.74,0.26,35.787,20.6149,244.6,54.1,1524.126, NAN, NAN, NAN, NAN,,2024/04/08 23:50:48.242,2024-04-08 23:50:48.242000+00:00
2024/04/08, 23:51:48.242,36.171,-74.63, 11.23,28.9,31.08,11.12,16.3,16.3,1020.3,1020.3,0.0,0.0,0.0,0.0,169,170,3.9,4.3,51.0,50.8,9.6,10.0,205.6,205.8,1022.4,1022.4,-7.47,318.64,0.2,35.8012,20.6339,252.0,54.1,1524.193, NAN, NAN, NAN, NAN,,2024/04/08 23:51:48.242,2024-04-08 23:51:48.242000+00:00
2024/04/08, 23:52:48.242,36.173,-74.628, 11.22,28.45,29.27,10.89,16.2,16.2,1020.3,1020.1,0.0,0.0,0.0,0.0,164,218,1.4,1.8,53.0,51.5,6.9,7.1,207.0,219.1,1022.4,1022.2,-7.52,318.73,0.15,35.8039,20.635,252.0,54.1,1524.199, NAN, NAN, NAN, NAN,,2024/04/08 23:52:48.242,2024-04-08 23:52:48.242000+00:00
2024/04/08, 23:53:48.242,36.176,-74.626, 11.26,27.92,30.0,11.13,16.2,16.2,1020.1,1020.1,0.0,0.0,0.0,0.0,180,215,1.2,1.8,53.0,53.1,6.9,7.3,210.1,218.2,1022.2,1022.2,-7.71,318.98,0.11,35.7966,20.6139,249.1,54.2,1524.134, NAN, NAN, NAN, NAN,,2024/04/08 23:53:48.242,2024-04-08 23:53:48.242000+00:00
2024/04/08, 23:54:48.242,36.178,-74.624, 11.38,29.02,29.22,11.06,16.3,16.3,1020.1,1020.1,0.0,0.0,0.0,0.0,186,247,1.5,1.9,54.2,52.5,7.2,6.7,211.8,225.9,1022.2,1022.2,-7.88,318.81,0.08,35.7936,20.5725,247.6,54.0,1524.018, NAN, NAN, NAN, NAN,,2024/04/08 23:54:48.242,2024-04-08 23:54:48.242000+00:00
2024/04/08, 23:55:48.242,36.181,-74.622, 11.33,29.33,32.49,11.21,16.3,16.3,1020.2,1020.1,0.0,0.0,0.0,0.0,188,219,1.1,2.5,52.5,51.5,6.9,7.9,212.5,222.5,1022.3,1022.2,-8.0,318.82,0.07,35.7871,20.5435,249.7,54.0,1523.932, NAN, NAN, NAN, NAN,,2024/04/08 23:55:48.242,2024-04-08 23:55:48.242000+00:00
2024/04/08, 23:56:48.242,36.184,-74.62, 11.19,28.89,31.73,11.03,16.3,16.3,1020.3,1020.2,0.0,0.0,0.0,0.0,172,223,2.0,1.7,52.2,51.0,7.6,7.1,209.0,220.7,1022.4,1022.3,-8.04,319.49,0.05,35.7775,20.5516,247.3,54.0,1523.943, NAN, NAN, NAN, NAN,,2024/04/08 23:56:48.242,2024-04-08 23:56:48.242000+00:00
2024/04/08, 23:57:48.242,36.186,-74.618, 11.28,28.61,30.36,11.06,16.3,16.2,1020.0,1019.9,0.0,0.0,0.0,0.0,198,212,3.7,2.6,52.9,52.5,9.3,8.0,217.1,220.2,1022.1,1022.0,-8.21,319.77,0.04,35.774,20.5844,244.9,54.1,1524.029, NAN, NAN, NAN, NAN,,2024/04/08 23:57:48.242,2024-04-08 23:57:48.242000+00:00
2024/04/08, 23:58:48.242,36.189,-74.616, 11.31,28.94,33.12,10.89,16.3,16.2,1020.1,1020.1,0.0,0.0,0.0,0.0,174,175,3.5,4.2,52.3,52.5,9.1,9.8,209.1,209.1,1022.2,1022.2,-7.89,319.76,0.02,35.7763,20.5732,242.1,53.7,1524.001, NAN, NAN, NAN, NAN,,2024/04/08 23:58:48.242,2024-04-08 23:58:48.242000+00:00
2024/04/08, 23:59:48.242,36.191,-74.614, 11.25,28.42,31.3,11.03,16.3,16.2,1020.3,1020.1,0.0,0.0,0.0,0.0,164,195,1.7,2.7,54.3,54.6,7.3,8.3,206.2,214.5,1022.4,1022.2,-7.74,320.32,0.02,35.7922,20.4889,244.6,53.8,1523.789, NAN, NAN, NAN, NAN,,2024/04/08 23:59:48.242,2024-04-08 23:59:48.242000+00:00
2024/04/04, 00:00:47.781,35.954,-75.121,0.07,218.65,120.12,0.97,15.6,15.6,992.2,991.7,0.0,0.0,13.74,11.62,330,325,11.5,13.4,96.7,96.8,11.3,13.2,191.0,185.6,994.3,993.8,-5.51,391.67,-0.01,28.5992,11.3666,337.4,49.3,1487.049, NAN, NAN, NAN, NAN,,2024/04/04 00:00:47.781,2024-04-04 00:00:47.781000+00:00
2024/04/04, 00:01:47.781,35.954,-75.121,-0.16,218.25,320.98,0.21,15.6,15.6,992.4,992.3,0.0,0.0,13.74,11.62,336,328,12.7,13.5,96.8,96.8,12.7,13.5,193.8,185.8,994.5,994.4,-5.56,391.63,-0.01,28.6175,11.3677,337.1,49.6,1487.075, NAN, NAN, NAN, NAN,,2024/04/04 00:01:47.781,2024-04-04 00:01:47.781000+00:00
2024/04/04, 00:02:47.781,35.954,-75.121,0.44,220.25,309.95,0.28,15.6,15.6,992.3,992.0,0.0,0.0,13.74,11.62,331,327,12.1,12.9,97.0,97.1,12.2,13.0,190.6,186.7,994.4,994.1,-5.58,391.28,-0.01,28.6078,11.3674,338.2,50.0,1487.063, NAN, NAN, NAN, NAN,,2024/04/04 00:02:47.781,2024-04-04 00:02:47.781000+00:00
2024/04/04, 00:03:47.781,35.954,-75.121,0.62,216.52,252.75,0.34,15.6,15.6,992.0,991.8,0.0,0.0,13.74,11.62,332,328,11.2,13.2,97.0,97.0,11.1,13.2,187.7,183.8,994.1,993.9,-5.57,391.36,-0.01,28.5965,11.364,336.4,50.3,1487.037, NAN, NAN, NAN, NAN,,2024/04/04 00:03:47.781,2024-04-04 00:03:47.781000+00:00
2024/04/04, 00:04:47.781,35.954,-75.121,0.25,219.68,271.27,0.25,15.5,15.6,992.2,991.8,0.0,0.0,13.74,11.62,331,326,12.1,13.6,96.8,96.8,12.1,13.6,190.1,185.1,994.3,993.9,-5.54,391.66,-0.01,28.597,11.3699,337.4,50.3,1487.059, NAN, NAN, NAN, NAN,,2024/04/04 00:04:47.781,2024-04-04 00:04:47.781000+00:00
2024/04/04, 00:05:47.781,35.954,-75.121,0.23,217.19,355.23,0.21,15.5,15.6,992.0,991.9,0.0,0.0,13.74,11.62,330,328,11.4,12.8,97.4,97.3,11.5,12.9,186.8,184.8,994.1,994.0,-5.57,391.34,-0.01,28.6011,11.3701,336.4,50.5,1487.064, NAN, NAN, NAN, NAN,,2024/04/04 00:05:47.781,2024-04-04 00:05:47.781000+00:00
2024/04/04, 00:06:47.781,35.954,-75.121,-0.15,218.25,75.97,0.17,15.5,15.6,992.0,991.8,0.0,0.0,13.74,11.62,332,327,12.7,13.5,97.4,97.3,12.7,13.5,190.6,185.6,994.1,993.9,-5.53,391.31,-0.01,28.6067,11.3632,334.0,50.4,1487.046, NAN, NAN, NAN, NAN,,2024/04/04 00:06:47.781,2024-04-04 00:06:47.781000+00:00
2024/04/04, 00:07:47.781,35.954,-75.121,-0.12,220.76,103.1,0.44,15.5,15.6,992.2,992.2,0.0,0.0,13.74,11.62,329,324,12.4,14.7,97.3,97.4,12.3,14.6,190.7,185.5,994.3,994.3,-5.51,392.26,-0.01,28.6138,11.3571,336.1,49.8,1487.033, NAN, NAN, NAN, NAN,,2024/04/04 00:07:47.781,2024-04-04 00:07:47.781000+00:00
2024/04/04, 00:08:47.781,35.954,-75.121,-0.12,217.25,117.24,0.79,15.6,15.6,992.0,991.8,0.0,0.0,13.74,11.62,331,326,12.8,14.4,97.6,97.7,12.8,14.3,190.1,184.8,994.1,993.9,-5.46,391.62,-0.01,28.6227,11.3501,336.4,49.8,1487.019, NAN, NAN, NAN, NAN,,2024/04/04 00:08:47.781,2024-04-04 00:08:47.781000+00:00
2024/04/04, 00:09:47.781,35.954,-75.121,-0.12,214.72,279.84,0.27,15.5,15.6,992.2,991.9,0.0,0.0,13.74,11.62,333,328,12.6,14.1,97.2,97.2,12.6,14.1,187.1,182.2,994.3,994.0,-5.51,391.0,-0.01,28.6266,11.3496,337.4,50.3,1487.022, NAN, NAN, NAN, NAN,,2024/04/04 00:09:47.781,2024-04-04 00:09:47.781000+00:00
2024/04/04, 00:10:47.781,35.954,-75.121,-0.12,216.2,307.64,0.17,15.5,15.6,992.2,992.0,0.0,0.0,13.74,11.62,334,330,12.8,14.1,97.3,97.4,12.8,14.1,189.8,185.8,994.3,994.1,-5.48,390.63,-0.01,28.6438,11.3507,337.1,49.7,1487.047, NAN, NAN, NAN, NAN,,2024/04/04 00:10:47.781,2024-04-04 00:10:47.781000+00:00
2024/04/04, 00:11:47.781,35.954,-75.121,-0.24,215.41,143.33,0.36,15.6,15.6,991.8,991.8,0.0,0.0,13.74,11.62,331,329,11.9,13.3,97.7,97.7,11.8,13.2,187.0,185.0,993.9,993.9,-5.56,389.42,-0.01,28.645,11.349,335.5,50.3,1487.042, NAN, NAN, NAN, NAN,,2024/04/04 00:11:47.781,2024-04-04 00:11:47.781000+00:00
2024/04/04, 00:12:47.781,35.954,-75.121,-0.22,217.49,306.82,0.63,15.5,15.6,992.2,991.8,0.0,0.0,13.74,11.62,331,326,11.5,13.3,97.0,97.2,11.7,13.5,187.1,182.3,994.3,993.9,-5.47,389.18,-0.01,28.6555,11.3469,333.1,50.4,1487.047, NAN, NAN, NAN, NAN,,2024/04/04 00:12:47.781,2024-04-04 00:12:47.781000+00:00
2024/04/04, 00:13:47.781,35.954,-75.121,-0.22,217.22,292.15,0.3,15.5,15.5,992.0,991.8,0.0,0.0,13.74,11.62,331,327,11.6,14.0,97.1,97.2,11.7,14.1,187.6,183.7,994.1,993.9,-5.5,389.06,-0.02,28.6563,11.3502,337.1,50.3,1487.06, NAN, NAN, NAN, NAN,,2024/04/04 00:13:47.781,2024-04-04 00:13:47.781000+00:00
2024/04/04, 00:14:47.782,35.954,-75.121,-0.22,216.24,291.61,0.11,15.5,15.5,992.2,991.8,0.0,0.0,13.74,11.62,333,329,12.4,14.1,97.7,97.7,12.5,14.2,189.1,185.1,994.3,993.9,-5.53,389.96,-0.01,28.66,11.3425,336.1,50.3,1487.037, NAN, NAN, NAN, NAN,,2024/04/04 00:14:47.782,2024-04-04 00:14:47.782000+00:00
2024/04/04, 00:15:47.782,35.954,-75.121,-0.31,214.88,103.77,0.72,15.5,15.6,992.2,992.0,0.0,0.0,13.74,11.62,332,330,12.3,13.2,98.2,98.1,12.3,13.2,188.6,186.5,994.3,994.1,-5.5,389.39,-0.01,28.6728,11.3333,337.6,49.8,1487.02, NAN, NAN, NAN, NAN,,2024/04/04 00:15:47.782,2024-04-04 00:15:47.782000+00:00
2024/04/04, 00:16:47.782,35.954,-75.121,-0.15,214.84,273.32,0.35,15.5,15.6,992.6,992.2,0.0,0.0,13.74,11.62,338,337,12.4,12.6,97.8,97.6,12.3,12.5,192.1,191.1,994.7,994.3,-5.45,391.65,-0.01,28.662,11.3344,337.4,49.7,1487.011, NAN, NAN, NAN, NAN,,2024/04/04 00:16:47.782,2024-04-04 00:16:47.782000+00:00
2024/04/04, 00:17:47.782,35.954,-75.121,-0.19,214.86,51.76,0.26,15.5,15.6,992.3,992.4,0.0,0.0,13.74,11.62,340,333,12.3,13.3,98.0,98.0,12.4,13.4,195.1,188.1,994.4,994.5,-5.52,389.45,-0.01,28.6815,11.3229,336.4,49.9,1486.994, NAN, NAN, NAN, NAN,,2024/04/04 00:17:47.782,2024-04-04 00:17:47.782000+00:00
2024/04/04, 00:18:47.782,35.954,-75.121,-0.22,214.07,153.58,0.39,15.6,15.6,992.3,992.2,0.0,0.0,13.74,11.62,340,336,13.4,13.1,98.0,97.9,13.3,13.0,194.9,190.8,994.4,994.3,-5.51,389.27,-0.01,28.6991,11.3075,337.1,50.0,1486.96, NAN, NAN, NAN, NAN,,2024/04/04 00:18:47.782,2024-04-04 00:18:47.782000+00:00
2024/04/04, 00:19:47.782,35.954,-75.121,-0.24,216.4,263.17,0.07,15.6,15.6,992.7,992.3,0.0,0.0,13.74,11.62,342,338,12.3,13.5,98.1,97.9,12.3,13.5,198.3,194.3,994.8,994.4,-5.41,389.24,-0.01,28.6928,11.3091,336.4,50.5,1486.958, NAN, NAN, NAN, NAN,,2024/04/04 00:19:47.782,2024-04-04 00:19:47.782000+00:00
2024/04/04, 00:20:47.782,35.954,-75.121,-0.22,217.4,306.46,0.68,15.7,15.7,992.3,992.2,0.0,0.0,13.74,11.62,342,336,13.1,13.9,98.0,98.1,13.2,14.0,198.0,192.1,994.4,994.3,-5.52,389.73,-0.01,28.697,11.3116,335.2,50.3,1486.972, NAN, NAN, NAN, NAN,,2024/04/04 00:20:47.782,2024-04-04 00:20:47.782000+00:00
2024/04/04, 00:21:47.782,35.954,-75.121,-0.14,216.14,96.03,0.53,15.7,15.7,992.6,992.3,0.0,0.0,13.74,11.62,342,336,13.0,13.4,97.8,97.8,13.1,13.5,199.2,193.2,994.7,994.4,-5.51,389.02,-0.01,28.7309,11.3198,337.4,50.3,1487.042, NAN, NAN, NAN, NAN,,2024/04/04 00:21:47.782,2024-04-04 00:21:47.782000+00:00
2024/04/04, 00:22:47.782,35.954,-75.121,-0.46,216.53,58.19,0.54,15.7,15.7,992.4,992.3,0.0,0.0,13.74,11.62,341,333,13.3,13.8,97.3,97.1,13.5,14.0,198.2,190.3,994.5,994.4,-5.45,388.63,-0.01,28.726,11.3226,339.5,50.2,1487.046, NAN, NAN, NAN, NAN,,2024/04/04 00:22:47.782,2024-04-04 00:22:47.782000+00:00
2024/04/04, 00:23:47.782,35.954,-75.121,-0.45,217.47,179.74,0.47,15.7,15.7,992.8,992.4,0.0,0.0,13.74,11.62,339,336,13.9,14.0,97.4,97.4,13.7,13.8,196.9,193.9,994.9,994.5,-5.51,388.97,-0.01,28.7296,11.3179,339.8,49.8,1487.034, NAN, NAN, NAN, NAN,,2024/04/04 00:23:47.782,2024-04-04 00:23:47.782000+00:00
2024/04/04, 00:24:47.782,35.954,-75.121,-0.45,216.01,270.78,0.77,15.7,15.7,992.4,992.3,0.0,0.0,13.74,11.62,343,337,13.2,13.3,97.4,97.4,13.1,13.2,197.3,191.3,994.5,994.4,-5.45,388.21,-0.01,28.7223,11.3156,341.2,49.7,1487.017, NAN, NAN, NAN, NAN,,2024/04/04 00:24:47.782,2024-04-04 00:24:47.782000+00:00
2024/04/04, 00:25:47.782,35.954,-75.121,-0.43,215.52,240.91,0.2,15.7,15.7,992.4,992.2,0.0,0.0,13.74,11.62,340,337,12.7,13.3,96.8,96.8,12.6,13.2,195.4,192.4,994.5,994.3,-5.57,388.53,-0.01,28.7136,11.3104,341.6,49.6,1486.988, NAN, NAN, NAN, NAN,,2024/04/04 00:25:47.782,2024-04-04 00:25:47.782000+00:00
2024/04/04, 00:26:47.782,35.954,-75.121,-0.43,211.93,133.84,0.76,15.7,15.7,992.6,992.4,0.0,0.0,13.74,11.62,346,338,13.2,12.7,96.6,96.8,13.3,12.9,196.3,188.3,994.7,994.5,-5.47,387.87,-0.01,28.7314,11.2991,332.4,49.8,1486.969, NAN, NAN, NAN, NAN,,2024/04/04 00:26:47.782,2024-04-04 00:26:47.782000+00:00
2024/04/04, 00:27:47.782,35.954,-75.121,-0.24,215.85,117.94,0.32,15.7,15.7,992.4,992.0,0.0,0.0,13.74,11.62,341,336,13.7,13.5,96.5,96.7,13.7,13.5,197.5,192.5,994.5,994.1,-5.57,388.51,-0.01,28.7478,11.2964,334.5,49.9,1486.979, NAN, NAN, NAN, NAN,,2024/04/04 00:27:47.782,2024-04-04 00:27:47.782000+00:00
2024/04/04, 00:28:47.782,35.954,-75.121,-0.38,218.48,341.73,0.39,15.7,15.7,992.7,992.5,0.0,0.0,13.74,11.62,340,333,12.8,14.2,97.3,97.3,13.0,14.4,198.0,191.2,994.8,994.6,-5.48,388.02,-0.01,28.7533,11.2948,332.8,49.5,1486.98, NAN, NAN, NAN, NAN,,2024/04/04 00:28:47.782,2024-04-04 00:28:47.782000+00:00
2024/04/04, 00:29:47.782,35.954,-75.121,-0.27,217.36,299.47,0.32,15.7,15.7,992.8,992.7,0.0,0.0,13.74,11.62,337,333,12.1,13.2,96.8,96.8,12.2,13.3,193.6,189.7,994.9,994.8,-5.49,388.32,-0.01,28.7599,11.292,334.0,49.0,1486.978, NAN, NAN, NAN, NAN,,2024/04/04 00:29:47.782,2024-04-04 00:29:47.782000+00:00
2024/04/04, 00:30:47.783,35.954,-75.121,-0.14,213.79,104.22,0.27,15.7,15.7,992.8,992.2,0.0,0.0,13.74,11.62,342,338,12.7,13.3,96.5,96.8,12.7,13.3,196.4,192.4,994.9,994.3,-5.5,388.01,-0.01,28.7816,11.2899,333.4,49.5,1486.997, NAN, NAN, NAN, NAN,,2024/04/04 00:30:47.783,2024-04-04 00:30:47.783000+00:00
2024/04/04, 00:31:47.783,35.954,-75.121,-0.08,216.62,56.89,0.3,15.6,15.7,992.6,992.6,0.0,0.0,13.74,11.62,343,337,12.5,12.5,96.0,96.1,12.7,12.6,199.8,193.8,994.7,994.7,-5.5,387.61,-0.01,28.7882,11.2931,334.8,49.7,1487.016, NAN, NAN, NAN, NAN,,2024/04/04 00:31:47.783,2024-04-04 00:31:47.783000+00:00
2024/04/04, 00:32:47.783,35.954,-75.121,-0.2,216.25,313.28,0.36,15.6,15.6,992.4,992.4,0.0,0.0,13.74,11.62,340,336,13.3,13.5,96.1,96.3,13.4,13.7,195.8,191.8,994.5,994.5,-5.55,387.84,-0.01,28.785,11.289,337.1,50.5,1486.998, NAN, NAN, NAN, NAN,,2024/04/04 00:32:47.783,2024-04-04 00:32:47.783000+00:00
2024/04/04, 00:33:47.783,35.954,-75.121,-0.22,216.9,199.58,0.31,15.6,15.6,992.4,992.3,0.0,0.0,13.74,11.62,343,337,12.8,12.9,96.5,96.6,12.6,12.7,200.0,194.0,994.5,994.4,-5.47,387.28,-0.01,28.8079,11.2795,337.4,49.7,1486.992, NAN, NAN, NAN, NAN,,2024/04/04 00:33:47.783,2024-04-04 00:33:47.783000+00:00
2024/04/04, 00:34:47.783,35.954,-75.121,-0.49,217.37,164.0,0.21,15.5,15.6,992.6,992.6,0.0,0.0,13.74,11.62,341,333,12.4,13.0,95.6,95.8,12.3,12.9,198.5,190.5,994.7,994.7,-5.45,386.57,-0.01,28.8063,11.2707,333.7,49.3,1486.958, NAN, NAN, NAN, NAN,,2024/04/04 00:34:47.783,2024-04-04 00:34:47.783000+00:00
2024/04/04, 00:35:47.783,35.954,-75.121,-0.5,216.06,124.97,0.39,15.5,15.5,992.5,992.6,0.0,0.0,13.74,11.62,343,339,12.9,12.5,95.9,96.0,12.8,12.4,199.7,195.7,994.6,994.7,-5.6,387.2,-0.01,28.8215,11.264,337.1,49.7,1486.953, NAN, NAN, NAN, NAN,,2024/04/04 00:35:47.783,2024-04-04 00:35:47.783000+00:00
2024/04/04, 00:36:47.783,35.954,-75.121,-0.37,216.49,120.49,0.52,15.5,15.5,992.5,992.4,0.0,0.0,13.74,11.62,343,338,12.4,12.2,96.3,96.3,12.3,12.1,200.7,195.6,994.6,994.5,-5.56,386.93,-0.01,28.829,11.2682,334.8,49.9,1486.977, NAN, NAN, NAN, NAN,,2024/04/04 00:36:47.783,2024-04-04 00:36:47.783000+00:00
2024/04/04, 00:37:47.783,35.954,-75.121,-0.16,217.55,54.71,0.55,15.5,15.5,992.7,992.4,0.0,0.0,13.74,11.62,341,338,11.7,12.3,96.4,96.0,11.8,12.4,199.9,196.8,994.8,994.5,-5.52,387.04,-0.01,28.8396,11.2735,333.1,50.6,1487.008, NAN, NAN, NAN, NAN,,2024/04/04 00:37:47.783,2024-04-04 00:37:47.783000+00:00
2024/04/04, 00:38:47.783,35.954,-75.121,-0.44,219.23,106.52,0.62,15.5,15.5,992.3,992.2,0.0,0.0,13.74,11.62,339,334,12.2,11.8,96.6,96.4,12.2,11.8,199.7,194.8,994.4,994.3,-5.58,386.27,-0.01,28.861,11.2668,336.4,50.0,1487.01, NAN, NAN, NAN, NAN,,2024/04/04 00:38:47.783,2024-04-04 00:38:47.783000+00:00
2024/04/04, 00:39:47.783,35.954,-75.121,-0.17,217.97,293.49,0.14,15.4,15.5,992.2,992.3,0.0,0.0,13.74,11.62,337,333,11.5,11.8,95.9,96.6,11.5,11.8,194.6,190.6,994.3,994.4,-5.55,386.81,-0.01,28.8691,11.2635,340.1,49.8,1487.008, NAN, NAN, NAN, NAN,,2024/04/04 00:39:47.783,2024-04-04 00:39:47.783000+00:00
2024/04/04, 00:40:47.783,35.954,-75.121,-0.42,219.48,231.7,0.37,15.3,15.4,992.5,992.3,0.0,0.0,13.74,11.62,335,331,11.5,11.7,95.9,95.9,11.3,11.5,194.8,190.7,994.6,994.4,-5.63,387.84,-0.01,28.8584,11.2655,339.8,49.7,1487.002, NAN, NAN, NAN, NAN,,2024/04/04 00:40:47.783,2024-04-04 00:40:47.783000+00:00
2024/04/04, 00:41:47.783,35.954,-75.121,-0.2,217.06,196.41,0.63,15.3,15.3,992.3,992.4,0.0,0.0,13.74,11.62,337,334,11.9,12.9,96.0,95.9,11.7,12.7,195.4,192.3,994.4,994.5,-5.58,394.38,-0.01,28.8658,11.2593,336.4,49.2,1486.989, NAN, NAN, NAN, NAN,,2024/04/04 00:41:47.783,2024-04-04 00:41:47.783000+00:00
2024/04/04, 00:42:47.783,35.954,-75.121,-0.15,219.68,87.54,0.24,15.3,15.3,992.6,992.6,0.0,0.0,13.74,11.62,340,333,12.3,12.3,96.4,96.3,12.4,12.4,200.0,193.0,994.7,994.7,-5.61,398.06,-0.01,28.8895,11.2598,337.1,48.9,1487.02, NAN, NAN, NAN, NAN,,2024/04/04 00:42:47.783,2024-04-04 00:42:47.783000+00:00
2024/04/04, 00:43:47.783,35.954,-75.121,-0.15,221.15,288.97,0.69,15.3,15.3,992.9,992.5,0.0,0.0,13.74,11.62,339,334,12.5,13.5,96.8,96.3,12.6,13.7,198.7,193.8,995.0,994.6,-5.5,394.75,-0.01,28.8839,11.2585,339.5,49.5,1487.008, NAN, NAN, NAN, NAN,,2024/04/04 00:43:47.783,2024-04-04 00:43:47.783000+00:00
2024/04/04, 00:44:47.783,35.954,-75.121,-0.26,219.03,287.51,0.52,15.4,15.4,992.4,992.5,0.0,0.0,13.74,11.62,341,337,12.6,12.5,96.9,96.8,12.6,12.5,198.8,194.8,994.5,994.6,-5.51,394.74,-0.02,28.8967,11.2511,335.5,49.9,1486.997, NAN, NAN, NAN, NAN,,2024/04/04 00:44:47.783,2024-04-04 00:44:47.783000+00:00
2024/04/04, 00:45:47.783,35.954,-75.121,-0.27,220.11,231.26,0.14,15.4,15.4,992.9,992.7,0.0,0.0,13.74,11.62,341,336,12.4,11.8,96.3,96.3,12.3,11.7,201.1,196.0,995.0,994.8,-5.4,394.93,-0.02,28.9118,11.2363,336.4,50.0,1486.963, NAN, NAN, NAN, NAN,,2024/04/04 00:45:47.783,2024-04-04 00:45:47.783000+00:00
2024/04/04, 00:46:47.784,35.954,-75.121,-0.35,220.78,151.47,0.24,15.4,15.4,992.7,992.7,0.0,0.0,13.74,11.62,337,333,11.9,12.3,96.8,96.6,11.8,12.2,197.7,193.6,994.8,994.8,-5.38,397.31,-0.02,28.912,11.2403,336.1,50.3,1486.978, NAN, NAN, NAN, NAN,,2024/04/04 00:46:47.784,2024-04-04 00:46:47.784000+00:00
2024/04/04, 00:47:47.784,35.954,-75.121,-0.2,221.47,255.28,0.13,15.3,15.4,992.7,992.4,0.0,0.0,13.74,11.62,336,333,11.8,12.3,95.9,95.9,11.8,12.3,197.1,194.2,994.8,994.5,-5.34,406.09,-0.01,28.9175,11.2419,336.4,49.5,1486.99, NAN, NAN, NAN, NAN,,2024/04/04 00:47:47.784,2024-04-04 00:47:47.784000+00:00
2024/04/04, 00:48:47.784,35.954,-75.121,-0.19,221.97,275.4,0.33,15.3,15.4,992.4,992.4,0.0,0.0,13.74,11.62,338,332,12.0,12.6,95.9,96.2,12.0,12.6,199.2,193.2,994.5,994.5,-5.27,409.6,-0.01,28.9399,11.2362,337.9,50.0,1486.996, NAN, NAN, NAN, NAN,,2024/04/04 00:48:47.784,2024-04-04 00:48:47.784000+00:00
2024/04/04, 00:49:47.784,35.954,-75.121,-0.26,222.79,42.23,0.25,15.3,15.4,992.6,992.5,0.0,0.0,13.74,11.62,335,332,12.0,12.3,96.1,96.2,12.0,12.3,198.4,195.4,994.7,994.6,-5.31,409.78,-0.01,28.9495,11.2308,335.2,50.3,1486.989, NAN, NAN, NAN, NAN,,2024/04/04 00:49:47.784,2024-04-04 00:49:47.784000+00:00
2024/04/04, 00:50:47.784,35.954,-75.121,-0.23,222.29,265.19,0.27,15.3,15.3,992.8,992.6,0.0,0.0,13.74,11.62,339,334,11.7,12.4,96.0,96.0,11.6,12.3,201.2,196.1,994.9,994.7,-5.31,405.21,-0.01,28.9473,11.2243,338.2,50.1,1486.963, NAN, NAN, NAN, NAN,,2024/04/04 00:50:47.784,2024-04-04 00:50:47.784000+00:00
2024/04/04, 00:51:47.784,35.954,-75.121,-0.28,220.01,342.98,0.64,15.3,15.3,992.7,992.4,0.0,0.0,13.74,11.62,341,334,12.0,12.0,96.0,96.1,12.1,12.2,199.5,192.6,994.8,994.5,-5.28,401.28,-0.01,28.9527,11.2212,338.8,50.4,1486.959, NAN, NAN, NAN, NAN,,2024/04/04 00:51:47.784,2024-04-04 00:51:47.784000+00:00
2024/04/04, 00:52:47.784,35.954,-75.121,-0.29,221.16,76.19,0.2,15.3,15.4,992.9,992.6,0.0,0.0,13.74,11.62,340,335,12.0,11.8,96.1,96.3,11.9,11.7,201.5,196.5,995.0,994.7,-5.31,402.29,-0.01,28.966,11.2202,334.4,50.1,1486.971, NAN, NAN, NAN, NAN,,2024/04/04 00:52:47.784,2024-04-04 00:52:47.784000+00:00
2024/04/04, 00:53:47.784,35.954,-75.121,-0.25,222.53,306.57,1.19,15.3,15.4,992.8,992.6,0.0,0.0,13.74,11.62,340,338,11.5,12.3,96.0,95.9,11.6,12.5,199.6,197.8,994.9,994.7,-5.31,407.95,-0.02,28.9772,11.2175,338.5,50.4,1486.975, NAN, NAN, NAN, NAN,,2024/04/04 00:53:47.784,2024-04-04 00:53:47.784000+00:00
2024/04/04, 00:54:47.784,35.954,-75.121,-0.24,222.67,303.65,0.52,15.3,15.4,992.8,992.6,0.0,0.0,13.74,11.62,337,333,12.4,11.6,95.9,95.9,12.4,11.6,198.4,194.4,994.9,994.7,-5.33,406.36,-0.01,28.9909,11.2169,337.9,49.9,1486.989, NAN, NAN, NAN, NAN,,2024/04/04 00:54:47.784,2024-04-04 00:54:47.784000+00:00
2024/04/04, 00:55:47.784,35.954,-75.121,-0.13,221.25,79.75,0.17,15.3,15.4,992.7,992.5,0.0,0.0,13.74,11.62,338,336,11.7,11.2,95.6,95.9,11.8,11.3,199.4,197.4,994.8,994.6,-5.29,403.68,-0.01,28.9987,11.2216,339.8,50.9,1487.015, NAN, NAN, NAN, NAN,,2024/04/04 00:55:47.784,2024-04-04 00:55:47.784000+00:00
2024/04/04, 00:56:47.784,35.954,-75.121,-0.39,221.35,144.18,0.16,15.3,15.4,992.4,992.5,0.0,0.0,13.74,11.62,336,333,11.1,11.0,95.9,96.0,11.0,10.9,197.6,194.6,994.5,994.6,-5.22,403.1,-0.02,29.0119,11.2162,339.8,50.7,1487.012, NAN, NAN, NAN, NAN,,2024/04/04 00:56:47.784,2024-04-04 00:56:47.784000+00:00
2024/04/04, 00:57:47.784,35.954,-75.121,-0.31,221.06,112.56,0.55,15.3,15.4,992.4,992.4,0.0,0.0,13.74,11.62,339,333,10.8,11.5,95.8,95.8,10.8,11.5,201.6,195.5,994.5,994.5,-5.33,405.63,-0.02,29.0219,11.2045,341.2,50.7,1486.983, NAN, NAN, NAN, NAN,,2024/04/04 00:57:47.784,2024-04-04 00:57:47.784000+00:00
2024/04/04, 00:58:47.784,35.954,-75.121,-0.35,223.04,276.18,0.2,15.3,15.4,992.6,992.4,0.0,0.0,13.74,11.62,342,336,11.0,10.9,95.8,95.9,11.0,10.9,205.6,199.6,994.7,994.5,-5.25,407.07,-0.02,29.0221,11.1855,341.9,50.5,1486.915, NAN, NAN, NAN, NAN,,2024/04/04 00:58:47.784,2024-04-04 00:58:47.784000+00:00
2024/04/04, 00:59:47.784,35.954,-75.121,-0.1,219.94,137.19,0.27,15.3,15.3,992.4,992.6,0.0,0.0,13.74,11.62,338,333,11.2,12.1,95.8,95.9,11.2,12.1,198.6,193.6,994.5,994.7,-5.29,409.19,-0.01,29.038,11.198,338.2,49.9,1486.979, NAN, NAN, NAN, NAN,,2024/04/04 00:59:47.784,2024-04-04 00:59:47.784000+00:00
2024/04/04, 01:00:47.784,35.954,-75.121,-0.25,221.09,158.17,0.18,15.3,15.3,992.4,992.3,0.0,0.0,13.74,11.62,341,335,11.1,10.8,95.8,95.8,11.0,10.7,202.4,196.4,994.5,994.4,-5.22,409.32,-0.02,29.0448,11.2047,343.8,50.8,1487.011, NAN, NAN, NAN, NAN,,2024/04/04 01:00:47.784,2024-04-04 01:00:47.784000+00:00
2024/04/04, 01:01:47.784,35.954,-75.121,-0.31,222.11,120.45,0.09,15.3,15.3,992.7,992.4,0.0,0.0,13.74,11.62,338,333,11.3,11.4,95.8,95.9,11.3,11.4,200.3,195.3,994.8,994.5,-5.29,409.19,-0.02,29.0684,11.2231,337.1,50.9,1487.104, NAN, NAN, NAN, NAN,,2024/04/04 01:01:47.784,2024-04-04 01:01:47.784000+00:00
2024/04/04, 01:02:47.784,35.954,-75.121,-0.46,223.97,305.58,0.27,15.3,15.3,992.7,992.7,0.0,0.0,13.74,11.62,337,333,10.8,11.6,95.6,95.5,10.9,11.7,200.3,196.4,994.8,994.8,-5.21,409.38,-0.01,29.0595,11.2313,339.8,51.2,1487.123, NAN, NAN, NAN, NAN,,2024/04/04 01:02:47.784,2024-04-04 01:02:47.784000+00:00
2024/04/04, 01:03:47.785,35.954,-75.121,-0.24,223.5,313.34,0.27,15.3,15.3,992.7,992.4,0.0,0.0,13.74,11.62,340,335,10.6,11.1,95.5,95.7,10.7,11.1,204.2,199.2,994.8,994.5,-5.25,408.73,-0.02,29.0497,11.2354,342.5,50.6,1487.125, NAN, NAN, NAN, NAN,,2024/04/04 01:03:47.785,2024-04-04 01:03:47.785000+00:00
2024/04/04, 01:04:47.785,35.954,-75.121,-0.29,221.24,51.14,0.39,15.2,15.3,992.6,992.6,0.0,0.0,13.74,11.62,340,333,11.5,11.6,95.9,95.7,11.7,11.8,201.5,194.6,994.7,994.7,-5.27,408.08,-0.02,29.0164,11.2484,341.6,50.2,1487.131, NAN, NAN, NAN, NAN,,2024/04/04 01:04:47.785,2024-04-04 01:04:47.785000+00:00
2024/04/04, 01:05:47.785,35.954,-75.121,-0.2,223.78,124.61,0.56,15.3,15.3,992.7,992.4,0.0,0.0,13.74,11.62,336,331,11.3,12.3,96.1,96.1,11.3,12.2,201.2,196.1,994.8,994.5,-5.3,408.06,-0.01,29.0083,11.2522,341.6,50.7,1487.135, NAN, NAN, NAN, NAN,,2024/04/04 01:05:47.785,2024-04-04 01:05:47.785000+00:00
2024/04/04, 01:06:47.785,35.954,-75.121,-0.18,221.68,121.38,0.19,15.3,15.3,992.5,992.4,0.0,0.0,13.74,11.62,336,330,11.4,12.3,96.4,96.5,11.4,12.3,198.1,192.1,994.6,994.5,-5.18,408.74,-0.02,28.9966,11.2458,342.5,50.9,1487.098, NAN, NAN, NAN, NAN,,2024/04/04 01:06:47.785,2024-04-04 01:06:47.785000+00:00
2024/04/04, 01:07:47.785,35.954,-75.121,-0.44,225.92,0.46,0.35,15.3,15.3,992.6,992.3,0.0,0.0,13.74,11.62,333,329,11.4,13.2,95.7,95.7,11.6,13.4,199.0,195.1,994.7,994.4,-5.25,410.04,-0.02,28.981,11.2459,341.6,51.0,1487.08, NAN, NAN, NAN, NAN,,2024/04/04 01:07:47.785,2024-04-04 01:07:47.785000+00:00
2024/04/04, 01:08:47.785,35.954,-75.121,-0.4,223.34,154.97,0.07,15.2,15.3,992.4,992.6,0.0,0.0,13.74,11.62,335,330,11.5,11.8,95.8,95.8,11.5,11.8,198.5,193.5,994.5,994.7,-5.15,411.75,-0.02,28.9745,11.2463,344.3,50.7,1487.074, NAN, NAN, NAN, NAN,,2024/04/04 01:08:47.785,2024-04-04 01:08:47.785000+00:00
2024/04/04, 01:09:47.785,35.954,-75.121,-0.23,222.41,292.37,0.26,15.2,15.3,992.4,992.5,0.0,0.0,13.74,11.62,335,331,11.9,12.6,96.2,95.9,11.9,12.6,198.0,194.0,994.5,994.6,-5.18,412.55,-0.02,28.9859,11.2419,339.8,50.9,1487.072, NAN, NAN, NAN, NAN,,2024/04/04 01:09:47.785,2024-04-04 01:09:47.785000+00:00
2024/04/04, 01:10:47.785,35.954,-75.121,-0.33,224.44,248.94,0.27,15.3,15.3,992.7,992.3,0.0,0.0,13.74,11.62,334,330,12.6,13.0,96.6,96.7,12.6,13.0,197.8,193.8,994.8,994.4,-5.21,413.0,-0.01,28.9792,11.2386,342.5,50.7,1487.052, NAN, NAN, NAN, NAN,,2024/04/04 01:10:47.785,2024-04-04 01:10:47.785000+00:00
2024/04/04, 01:11:47.785,35.954,-75.121,0.0,220.92,134.52,0.83,15.4,15.3,992.8,992.3,0.0,0.0,13.74,11.62,335,331,12.2,13.0,96.7,96.7,12.0,12.8,197.7,193.5,994.9,994.4,-5.09,412.86,-0.02,28.9716,11.2394,343.8,50.6,1487.046, NAN, NAN, NAN, NAN,,2024/04/04 01:11:47.785,2024-04-04 01:11:47.785000+00:00
2024/04/04, 01:12:47.785,35.954,-75.121,-0.24,222.56,339.63,0.31,15.4,15.4,992.5,992.6,0.0,0.0,13.74,11.62,335,331,12.5,13.4,96.0,95.9,12.5,13.5,196.9,192.9,994.6,994.7,-5.18,412.29,-0.02,28.9768,11.2395,342.8,51.1,1487.052, NAN, NAN, NAN, NAN,,2024/04/04 01:12:47.785,2024-04-04 01:12:47.785000+00:00
2024/04/04, 01:13:47.785,35.954,-75.121,-0.28,222.92,174.26,0.29,15.3,15.4,992.4,992.5,0.0,0.0,13.74,11.62,330,328,11.5,12.8,95.5,95.5,11.4,12.7,193.2,191.1,994.5,994.6,-5.15,411.34,-0.02,28.9897,11.2304,379.3,50.5,1487.036, NAN, NAN, NAN, NAN,,2024/04/04 01:13:47.785,2024-04-04 01:13:47.785000+00:00
2024/04/04, 01:14:47.785,35.954,-75.121,-0.04,225.8,288.91,1.31,15.3,15.3,992.4,992.5,0.0,0.0,13.74,11.62,331,328,11.8,13.1,95.2,95.2,12.0,13.4,193.7,191.1,994.5,994.6,-5.13,411.1,-0.01,28.9944,11.2229,344.9,50.1,1487.015, NAN, NAN, NAN, NAN,,2024/04/04 01:14:47.785,2024-04-04 01:14:47.785000+00:00
2024/04/04, 01:15:47.785,35.954,-75.121,-0.04,220.58,140.34,0.11,15.2,15.2,992.4,992.5,0.0,0.0,13.74,11.62,333,331,11.8,12.6,95.8,95.7,11.8,12.6,193.3,191.3,994.5,994.6,-5.24,412.06,-0.01,28.9962,11.2148,343.2,50.0,1486.988, NAN, NAN, NAN, NAN,,2024/04/04 01:15:47.785,2024-04-04 01:15:47.785000+00:00
2024/04/04, 01:16:47.785,35.954,-75.121,-0.21,223.01,343.57,0.25,15.2,15.2,992.4,992.7,0.0,0.0,13.74,11.62,334,331,12.5,13.5,95.7,95.8,12.5,13.5,196.4,193.5,994.5,994.8,-5.27,412.33,-0.01,29.005,11.2091,343.5,49.9,1486.979, NAN, NAN, NAN, NAN,,2024/04/04 01:16:47.785,2024-04-04 01:16:47.785000+00:00
2024/04/04, 01:17:47.785,35.954,-75.121,-0.25,224.07,358.18,0.39,15.2,15.2,992.4,992.4,0.0,0.0,13.74,11.62,333,329,12.4,13.0,96.0,96.1,12.6,13.2,196.7,192.8,994.5,994.5,-5.26,412.31,-0.02,29.0217,11.2026,345.9,50.5,1486.976, NAN, NAN, NAN, NAN,,2024/04/04 01:17:47.785,2024-04-04 01:17:47.785000+00:00
2024/04/04, 01:18:47.786,35.954,-75.121,-0.27,225.17,138.99,0.24,15.2,15.2,992.7,992.6,0.0,0.0,13.74,11.62,331,325,11.7,13.0,95.9,96.0,11.6,12.9,196.3,190.2,994.8,994.7,-5.3,411.59,-0.01,28.9936,11.2052,344.9,49.9,1486.951, NAN, NAN, NAN, NAN,,2024/04/04 01:18:47.786,2024-04-04 01:18:47.786000+00:00
2024/04/04, 01:19:47.786,35.954,-75.121,-0.37,225.16,141.45,0.68,15.2,15.2,992.3,992.3,0.0,0.0,13.74,11.62,329,325,11.6,13.4,95.5,95.4,11.4,13.2,195.7,191.4,994.4,994.4,-5.14,411.89,-0.01,29.0379,11.2093,343.2,49.3,1487.019, NAN, NAN, NAN, NAN,,2024/04/04 01:19:47.786,2024-04-04 01:19:47.786000+00:00
2024/04/04, 01:20:47.786,35.954,-75.121,-0.37,220.7,288.12,0.91,15.2,15.2,992.8,992.5,0.0,0.0,13.74,11.62,335,333,11.3,12.1,96.3,96.2,11.4,12.2,193.4,191.6,994.9,994.6,-5.21,412.02,-0.01,29.0564,11.2035,345.9,50.6,1487.02, NAN, NAN, NAN, NAN,,2024/04/04 01:20:47.786,2024-04-04 01:20:47.786000+00:00
2024/04/04, 01:21:47.786,35.954,-75.121,-0.1,225.31,173.29,0.32,15.1,15.2,992.8,992.7,0.0,0.0,13.74,11.62,334,328,11.8,13.0,96.2,96.2,11.8,13.0,198.5,192.6,994.9,994.8,-5.17,411.34,-0.02,29.0654,11.2042,341.9,49.8,1487.034, NAN, NAN, NAN, NAN,,2024/04/04 01:21:47.786,2024-04-04 01:21:47.786000+00:00
2024/04/04, 01:22:47.786,35.954,-75.121,-0.07,224.15,39.11,0.39,15.1,15.1,992.8,992.5,0.0,0.0,13.74,11.62,335,329,11.5,13.3,95.6,95.6,11.6,13.4,199.9,193.9,994.9,994.6,-5.28,411.41,-0.01,29.0474,11.2032,344.1,50.1,1487.009, NAN, NAN, NAN, NAN,,2024/04/04 01:22:47.786,2024-04-04 01:22:47.786000+00:00
2024/04/04, 01:23:47.786,35.954,-75.121,-0.11,224.2,285.58,0.57,15.0,15.1,992.5,992.5,0.0,0.0,13.74,11.62,332,328,11.0,12.9,95.6,95.5,11.0,12.9,194.7,190.9,994.6,994.6,-5.27,411.97,-0.01,29.045,11.1987,343.2,50.0,1486.99, NAN, NAN, NAN, NAN,,2024/04/04 01:23:47.786,2024-04-04 01:23:47.786000+00:00
2024/04/04, 01:24:47.786,35.954,-75.121,-0.16,222.23,46.38,0.06,15.0,15.0,992.7,992.6,0.0,0.0,13.74,11.62,338,332,10.9,11.4,96.4,96.4,10.9,11.4,200.3,194.3,994.8,994.7,-5.33,411.35,-0.01,29.0499,11.1913,340.9,50.6,1486.969, NAN, NAN, NAN, NAN,,2024/04/04 01:24:47.786,2024-04-04 01:24:47.786000+00:00
2024/04/04, 01:25:47.786,35.954,-75.121,-0.35,223.46,92.09,0.24,15.0,15.1,992.7,992.4,0.0,0.0,13.74,11.62,339,335,10.3,11.1,96.6,96.7,10.4,11.2,203.0,199.0,994.8,994.5,-5.27,410.82,-0.01,29.048,11.1838,341.2,50.3,1486.94, NAN, NAN, NAN, NAN,,2024/04/04 01:25:47.786,2024-04-04 01:25:47.786000+00:00
2024/04/04, 01:26:47.786,35.954,-75.121,-0.21,223.95,138.9,0.57,15.0,15.0,992.7,992.4,0.0,0.0,13.74,11.62,341,337,10.4,10.0,96.3,96.3,10.2,9.8,206.3,202.3,994.8,994.5,-5.21,409.06,-0.01,29.0505,11.1725,345.2,50.3,1486.903, NAN, NAN, NAN, NAN,,2024/04/04 01:26:47.786,2024-04-04 01:26:47.786000+00:00
2024/04/04, 01:27:47.786,35.954,-75.121,-0.17,223.74,325.98,0.82,14.9,15.0,992.7,992.7,0.0,0.0,13.74,11.62,341,337,10.3,9.7,95.6,95.5,10.5,9.9,202.7,198.6,994.8,994.8,-5.26,405.92,-0.02,29.0637,11.1721,345.2,50.9,1486.918, NAN, NAN, NAN, NAN,,2024/04/04 01:27:47.786,2024-04-04 01:27:47.786000+00:00
2024/04/04, 01:28:47.786,35.954,-75.121,-0.31,224.3,277.22,0.42,14.9,15.0,992.6,992.6,0.0,0.0,13.74,11.62,340,336,10.4,11.8,96.2,95.6,10.3,11.8,203.1,199.3,994.7,994.7,-5.4,404.72,-0.01,29.0765,11.1739,344.9,50.0,1486.94, NAN, NAN, NAN, NAN,,2024/04/04 01:28:47.786,2024-04-04 01:28:47.786000+00:00
2024/04/04, 01:29:47.786,35.954,-75.121,-0.22,223.25,305.76,0.53,15.0,15.0,992.3,992.2,0.0,0.0,13.74,11.62,338,333,10.9,11.6,97.2,97.0,11.0,11.7,199.9,195.0,994.4,994.3,-5.38,403.53,-0.01,29.0948,11.1814,347.6,50.5,1486.988, NAN, NAN, NAN, NAN,,2024/04/04 01:29:47.786,2024-04-04 01:29:47.786000+00:00
2024/04/04, 01:30:47.786,35.954,-75.121,-0.21,225.56,315.27,0.41,15.0,15.0,992.6,992.2,0.0,0.0,13.74,11.62,338,333,11.6,11.8,97.8,97.2,11.7,11.9,202.7,197.8,994.7,994.3,-5.22,401.61,-0.01,29.0874,11.1858,346.2,50.8,1486.995, NAN, NAN, NAN, NAN,,2024/04/04 01:30:47.786,2024-04-04 01:30:47.786000+00:00
2024/04/04, 01:31:47.786,35.954,-75.121,-0.16,226.03,312.52,0.89,15.2,15.2,992.6,992.2,0.0,0.0,13.74,11.62,336,331,11.4,13.3,98.2,98.3,11.5,13.5,199.8,195.2,994.7,994.3,-5.27,401.51,-0.02,29.0816,11.1825,346.5,49.9,1486.976, NAN, NAN, NAN, NAN,,2024/04/04 01:31:47.786,2024-04-04 01:31:47.786000+00:00
2024/04/04, 01:32:47.786,35.954,-75.121,-0.06,224.1,269.01,0.34,15.3,15.3,992.3,992.3,0.0,0.0,13.74,11.62,339,335,11.6,12.1,98.3,98.2,11.5,12.0,202.5,198.5,994.4,994.4,-5.21,402.84,-0.02,29.0784,11.1793,343.8,50.5,1486.961, NAN, NAN, NAN, NAN,,2024/04/04 01:32:47.786,2024-04-04 01:32:47.786000+00:00
2024/04/04, 01:33:47.786,35.954,-75.121,-0.29,222.64,319.7,0.11,15.4,15.4,992.4,992.3,0.0,0.0,13.74,11.62,340,336,11.3,11.9,97.7,97.6,11.3,11.9,202.9,198.8,994.5,994.4,-5.11,403.66,-0.02,29.0672,11.1846,348.3,50.7,1486.966, NAN, NAN, NAN, NAN,,2024/04/04 01:33:47.786,2024-04-04 01:33:47.786000+00:00
2024/04/04, 01:34:47.787,35.954,-75.121,-0.35,224.8,271.91,0.67,15.4,15.5,992.0,992.2,0.0,0.0,13.74,11.62,340,334,12.3,12.5,97.4,97.4,12.4,12.6,203.2,197.3,994.1,994.3,-5.15,400.71,-0.02,29.0842,11.1813,350.2,50.5,1486.975, NAN, NAN, NAN, NAN,,2024/04/04 01:34:47.787,2024-04-04 01:34:47.787000+00:00
2024/04/04, 01:35:47.787,35.954,-75.121,-0.08,224.83,309.15,0.49,15.4,15.6,992.0,992.0,0.0,0.0,13.74,11.62,337,336,12.8,12.5,97.4,97.7,12.9,12.6,200.9,199.9,994.1,994.1,-5.08,404.79,-0.02,29.0761,11.1736,347.6,50.6,1486.938, NAN, NAN, NAN, NAN,,2024/04/04 01:35:47.787,2024-04-04 01:35:47.787000+00:00
2024/04/04, 01:36:47.787,35.954,-75.121,-0.2,223.84,265.86,0.29,15.6,15.6,992.4,991.8,0.0,0.0,13.74,11.62,339,334,11.6,12.3,97.8,97.6,11.6,12.3,202.1,197.2,994.5,993.9,-5.15,407.52,-0.01,29.0637,11.1739,347.5,49.9,1486.924, NAN, NAN, NAN, NAN,,2024/04/04 01:36:47.787,2024-04-04 01:36:47.787000+00:00
2024/04/04, 01:37:47.787,35.954,-75.121,-0.03,225.42,178.55,0.3,15.6,15.6,991.8,992.0,0.0,0.0,13.74,11.62,339,334,11.6,12.3,97.8,96.3,11.5,12.3,203.7,198.7,993.9,994.1,-5.05,404.13,-0.01,29.0509,11.1735,349.9,50.3,1486.907, NAN, NAN, NAN, NAN,,2024/04/04 01:37:47.787,2024-04-04 01:37:47.787000+00:00
2024/04/04, 01:38:47.787,35.954,-75.121,-0.13,226.55,307.04,1.15,15.6,15.6,992.2,992.1,0.0,0.0,13.74,11.62,338,334,11.9,12.1,96.3,96.3,12.1,12.3,201.9,198.0,994.3,994.2,-5.04,406.4,-0.01,29.0602,11.1697,346.2,50.3,1486.905, NAN, NAN, NAN, NAN,,2024/04/04 01:38:47.787,2024-04-04 01:38:47.787000+00:00
2024/04/04, 01:39:47.787,35.954,-75.121,-0.1,221.65,141.98,0.1,15.6,15.6,992.0,992.0,0.0,0.0,13.74,11.62,336,332,10.5,11.5,96.3,96.3,10.5,11.5,197.9,193.9,994.1,994.1,-5.11,397.22,-0.02,29.0526,11.1702,344.9,50.5,1486.898, NAN, NAN, NAN, NAN,,2024/04/04 01:39:47.787,2024-04-04 01:39:47.787000+00:00
2024/04/04, 01:40:47.787,35.954,-75.121,-0.24,220.64,141.03,0.34,15.5,15.5,992.0,991.9,0.0,0.0,13.74,11.62,340,336,11.1,11.2,95.8,95.9,11.0,11.1,201.3,197.2,994.1,994.0,-5.24,387.16,-0.01,29.0465,11.1692,343.2,48.4,1486.887, NAN, NAN, NAN, NAN,,2024/04/04 01:40:47.787,2024-04-04 01:40:47.787000+00:00
2024/04/04, 01:41:47.787,35.954,-75.121,-0.44,223.71,153.08,0.11,15.5,15.5,992.3,992.0,0.0,0.0,13.74,11.62,335,333,11.1,12.2,95.8,96.3,11.1,12.2,198.6,196.6,994.4,994.1,-5.35,385.75,-0.01,29.0445,11.1696,351.6,49.5,1486.886, NAN, NAN, NAN, NAN,,2024/04/04 01:41:47.787,2024-04-04 01:41:47.787000+00:00
2024/04/04, 01:42:47.787,35.954,-75.121,-0.31,225.74,124.37,0.27,15.5,15.5,992.3,991.9,0.0,0.0,13.74,11.62,333,329,11.1,12.7,96.6,96.6,11.1,12.7,199.5,195.4,994.4,994.0,-5.4,385.02,-0.01,29.038,11.1739,346.8,49.5,1486.893, NAN, NAN, NAN, NAN,,2024/04/04 01:42:47.787,2024-04-04 01:42:47.787000+00:00
2024/04/04, 01:43:47.787,35.954,-75.121,-0.15,222.81,272.34,0.29,15.4,15.5,992.3,992.0,0.0,0.0,13.74,11.62,334,329,10.8,12.1,96.1,96.3,10.8,12.1,196.0,191.1,994.4,994.1,-5.38,384.54,-0.01,29.0382,11.1781,350.5,49.9,1486.908, NAN, NAN, NAN, NAN,,2024/04/04 01:43:47.787,2024-04-04 01:43:47.787000+00:00
2024/04/04, 01:44:47.787,35.954,-75.121,-0.24,225.96,293.34,0.31,15.4,15.4,992.2,991.9,0.0,0.0,13.74,11.62,336,329,11.4,12.3,96.7,96.5,11.4,12.3,201.2,194.2,994.3,994.0,-5.49,385.03,-0.02,29.0438,11.1787,343.2,50.3,1486.917, NAN, NAN, NAN, NAN,,2024/04/04 01:44:47.787,2024-04-04 01:44:47.787000+00:00
2024/04/04, 01:45:47.787,35.954,-75.121,-0.3,225.63,47.39,0.5,15.4,15.5,992.0,992.2,0.0,0.0,13.74,11.62,334,329,11.4,12.5,96.8,97.3,11.5,12.5,200.9,195.8,994.1,994.3,-5.53,384.59,-0.01,29.0358,11.1895,341.6,49.6,1486.946, NAN, NAN, NAN, NAN,,2024/04/04 01:45:47.787,2024-04-04 01:45:47.787000+00:00
2024/04/04, 01:46:47.787,35.954,-75.121,-0.12,223.75,127.56,0.59,15.4,15.5,992.0,992.0,0.0,0.0,13.74,11.62,334,331,11.5,12.4,97.1,97.1,11.4,12.3,199.1,196.0,994.1,994.1,-5.46,384.8,-0.01,29.0242,11.2029,344.3,50.2,1486.98, NAN, NAN, NAN, NAN,,2024/04/04 01:46:47.787,2024-04-04 01:46:47.787000+00:00
2024/04/04, 01:47:47.787,35.954,-75.121,-0.17,224.7,321.6,0.45,15.5,15.5,991.7,991.8,0.0,0.0,13.74,11.62,335,332,11.7,12.3,97.3,97.2,11.8,12.4,198.7,195.8,993.8,993.9,-5.47,384.96,-0.01,29.0177,11.2099,345.2,50.2,1486.997, NAN, NAN, NAN, NAN,,2024/04/04 01:47:47.787,2024-04-04 01:47:47.787000+00:00
2024/04/04, 01:48:47.787,35.954,-75.121,-0.28,225.03,11.01,0.18,15.5,15.6,991.8,991.7,0.0,0.0,13.74,11.62,336,330,11.0,11.6,97.2,97.2,11.1,11.7,201.2,195.2,993.9,993.8,-5.44,383.72,-0.02,29.0071,11.219,346.5,50.4,1487.016, NAN, NAN, NAN, NAN,,2024/04/04 01:48:47.787,2024-04-04 01:48:47.787000+00:00
2024/04/04, 01:49:47.788,35.954,-75.121,-0.22,225.12,89.18,0.74,15.5,15.5,991.8,991.6,0.0,0.0,13.74,11.62,335,330,11.4,11.9,96.7,96.6,11.4,11.9,202.0,196.9,993.9,993.7,-5.47,382.96,-0.01,28.9632,11.2211,345.2,50.4,1486.971, NAN, NAN, NAN, NAN,,2024/04/04 01:49:47.788,2024-04-04 01:49:47.788000+00:00
2024/04/04, 01:50:47.788,35.954,-75.121,-0.28,226.26,294.92,0.97,15.4,15.5,992.0,991.8,0.0,0.0,13.74,11.62,336,329,10.7,11.6,96.3,96.2,10.8,11.8,199.7,193.0,994.1,993.9,-5.43,382.71,-0.01,28.941,11.2189,342.2,49.9,1486.936, NAN, NAN, NAN, NAN,,2024/04/04 01:50:47.788,2024-04-04 01:50:47.788000+00:00
2024/04/04, 01:51:47.788,35.954,-75.121,-0.1,224.89,262.13,0.12,15.4,15.4,991.8,991.6,0.0,0.0,13.74,11.62,335,332,11.2,12.3,97.0,96.9,11.1,12.2,199.8,196.8,993.9,993.7,-5.53,382.81,-0.02,28.915,11.235,346.2,50.2,1486.962, NAN, NAN, NAN, NAN,,2024/04/04 01:51:47.788,2024-04-04 01:51:47.788000+00:00
2024/04/04, 01:52:47.788,35.954,-75.121,-0.07,221.59,142.09,0.5,15.5,15.5,991.8,991.8,0.0,0.0,13.74,11.62,340,336,11.2,12.7,97.7,97.9,11.0,12.5,202.6,198.5,993.9,993.9,-5.61,383.74,-0.01,28.8979,11.237,345.6,50.3,1486.949, NAN, NAN, NAN, NAN,,2024/04/04 01:52:47.788,2024-04-04 01:52:47.788000+00:00
2024/04/04, 01:53:47.788,35.954,-75.121,-0.21,226.59,305.12,0.7,15.5,15.5,992.0,991.7,0.0,0.0,13.74,11.62,338,334,11.2,12.0,97.1,97.1,11.3,12.2,202.9,199.1,994.1,993.8,-5.49,382.42,-0.01,28.9076,11.2371,345.2,49.8,1486.961, NAN, NAN, NAN, NAN,,2024/04/04 01:53:47.788,2024-04-04 01:53:47.788000+00:00
2024/04/04, 01:54:47.788,35.954,-75.121,-0.13,222.94,130.09,0.38,15.5,15.5,991.7,991.6,0.0,0.0,13.74,11.62,339,334,11.2,11.2,97.5,97.4,11.1,11.1,202.8,197.8,993.8,993.7,-5.45,381.43,-0.02,28.8828,11.2421,345.2,50.5,1486.949, NAN, NAN, NAN, NAN,,2024/04/04 01:54:47.788,2024-04-04 01:54:47.788000+00:00
2024/04/04, 01:55:47.788,35.954,-75.121,-0.25,225.29,279.33,0.45,15.5,15.5,991.8,991.5,0.0,0.0,13.74,11.62,340,335,10.9,11.7,97.5,97.4,10.9,11.7,204.1,199.2,993.9,993.6,-5.43,381.7,-0.01,28.8648,11.2426,347.2,50.8,1486.929, NAN, NAN, NAN, NAN,,2024/04/04 01:55:47.788,2024-04-04 01:55:47.788000+00:00
2024/04/04, 01:56:47.788,35.954,-75.121,-0.34,225.66,92.42,0.31,15.5,15.5,991.6,991.8,0.0,0.0,13.74,11.62,336,334,11.0,11.4,97.2,97.1,10.9,11.3,202.3,200.2,993.7,993.9,-5.49,381.55,-0.01,28.8537,11.238,344.6,50.2,1486.899, NAN, NAN, NAN, NAN,,2024/04/04 01:56:47.788,2024-04-04 01:56:47.788000+00:00
2024/04/04, 01:57:47.788,35.954,-75.121,-0.13,223.03,136.76,0.29,15.5,15.5,991.7,991.5,0.0,0.0,13.74,11.62,341,335,10.7,11.4,97.1,97.1,10.7,11.4,203.3,197.3,993.8,993.6,-5.49,381.16,-0.01,28.8461,11.2341,347.2,50.0,1486.877, NAN, NAN, NAN, NAN,,2024/04/04 01:57:47.788,2024-04-04 01:57:47.788000+00:00
2024/04/04, 01:58:47.788,35.954,-75.121,-0.1,223.53,137.75,0.16,15.5,15.5,991.7,991.5,0.0,0.0,13.74,11.62,341,337,11.3,11.5,96.8,97.1,11.2,11.4,204.7,200.7,993.8,993.6,-5.53,381.21,-0.01,28.8312,11.2338,342.8,50.7,1486.858, NAN, NAN, NAN, NAN,,2024/04/04 01:58:47.788,2024-04-04 01:58:47.788000+00:00
2024/04/04, 01:59:47.788,35.954,-75.121,-0.17,226.16,323.78,0.33,15.5,15.5,991.6,991.5,0.0,0.0,13.74,11.62,340,335,11.6,10.9,97.7,97.7,11.7,11.0,205.4,200.4,993.7,993.6,-5.55,380.63,-0.01,28.8393,11.2362,346.2,51.1,1486.876, NAN, NAN, NAN, NAN,,2024/04/04 01:59:47.788,2024-04-04 01:59:47.788000+00:00
2024/04/04, 02:00:47.788,35.954,-75.121,-0.22,226.01,84.56,0.26,15.5,15.5,991.7,991.7,0.0,0.0,13.74,11.62,338,336,11.6,11.4,97.6,97.5,11.6,11.4,204.7,202.7,993.8,993.8,-5.48,381.04,-0.01,28.8391,11.2344,342.2,50.5,1486.869, NAN, NAN, NAN, NAN,,2024/04/04 02:00:47.788,2024-04-04 02:00:47.788000+00:00
2024/04/04, 02:01:47.788,35.954,-75.121,-0.17,225.46,118.63,0.78,15.5,15.5,991.6,991.6,0.0,0.0,13.74,11.62,342,337,11.4,11.3,97.4,97.3,11.3,11.2,209.4,204.4,993.7,993.7,-5.52,380.84,-0.01,28.8508,11.2266,341.9,50.1,1486.856, NAN, NAN, NAN, NAN,,2024/04/04 02:01:47.788,2024-04-04 02:01:47.788000+00:00
2024/04/04, 02:02:47.788,35.954,-75.121,-0.2,225.44,61.58,0.1,15.5,15.5,991.7,991.4,0.0,0.0,13.74,11.62,343,339,11.3,11.3,97.4,97.4,11.3,11.3,208.6,204.6,993.8,993.5,-5.52,380.19,-0.02,28.8432,11.2274,341.9,50.8,1486.849, NAN, NAN, NAN, NAN,,2024/04/04 02:02:47.788,2024-04-04 02:02:47.788000+00:00
2024/04/04, 02:03:47.788,35.954,-75.121,-0.16,226.82,5.71,0.33,15.5,15.5,991.7,991.6,0.0,0.0,13.74,11.62,341,336,11.1,11.6,97.5,97.4,11.3,11.8,207.5,202.6,993.8,993.7,-5.49,380.57,-0.01,28.8429,11.2247,344.9,50.8,1486.839, NAN, NAN, NAN, NAN,,2024/04/04 02:03:47.788,2024-04-04 02:03:47.788000+00:00
2024/04/04, 02:04:47.788,35.954,-75.121,-0.01,223.65,211.73,0.48,15.5,15.5,991.8,991.4,0.0,0.0,13.74,11.62,341,339,11.3,11.8,97.3,97.3,11.2,11.7,205.7,203.7,993.9,993.5,-5.55,380.0,-0.01,28.8616,11.2149,342.5,50.5,1486.827, NAN, NAN, NAN, NAN,,2024/04/04 02:04:47.788,2024-04-04 02:04:47.788000+00:00
2024/04/04, 02:05:47.789,35.954,-75.121,-0.07,222.05,72.38,0.1,15.5,15.5,991.4,991.4,0.0,0.0,13.74,11.62,346,341,11.4,12.3,97.6,97.9,11.4,12.3,208.1,203.1,993.5,993.5,-5.46,380.73,-0.01,28.8684,11.2147,341.9,50.5,1486.835, NAN, NAN, NAN, NAN,,2024/04/04 02:05:47.789,2024-04-04 02:05:47.789000+00:00
2024/04/04, 02:06:47.789,35.954,-75.121,-0.14,225.39,327.91,0.39,15.5,15.5,991.6,991.4,0.0,0.0,13.74,11.62,347,341,11.3,11.2,98.0,97.9,11.4,11.3,211.4,205.5,993.7,993.5,-5.52,379.49,-0.01,28.8707,11.2148,345.6,51.0,1486.838, NAN, NAN, NAN, NAN,,2024/04/04 02:06:47.789,2024-04-04 02:06:47.789000+00:00
2024/04/04, 02:07:47.789,35.954,-75.121,-0.22,229.09,314.55,0.18,15.5,15.6,991.6,991.6,0.0,0.0,13.74,11.62,343,337,11.6,11.3,97.7,97.7,11.7,11.4,212.4,206.4,993.7,993.7,-5.5,379.56,-0.01,28.8777,11.2099,344.9,50.9,1486.829, NAN, NAN, NAN, NAN,,2024/04/04 02:07:47.789,2024-04-04 02:07:47.789000+00:00
2024/04/04, 02:08:47.789,35.954,-75.121,-0.03,225.74,150.52,0.24,15.5,15.6,991.4,991.3,0.0,0.0,13.74,11.62,343,339,11.2,12.1,97.9,97.8,11.2,12.1,209.4,205.3,993.5,993.4,-5.46,378.86,-0.02,28.8759,11.2046,344.6,50.7,1486.808, NAN, NAN, NAN, NAN,,2024/04/04 02:08:47.789,2024-04-04 02:08:47.789000+00:00
2024/04/04, 02:09:47.789,35.954,-75.121,-0.13,224.59,126.96,0.05,15.5,15.5,991.2,991.0,0.0,0.0,13.74,11.62,344,339,10.8,11.3,97.5,97.5,10.8,11.3,208.5,203.5,993.3,993.1,-5.56,378.11,-0.02,28.8626,11.2067,346.8,50.9,1486.799, NAN, NAN, NAN, NAN,,2024/04/04 02:09:47.789,2024-04-04 02:09:47.789000+00:00
2024/04/04, 02:10:47.789,35.954,-75.121,-0.47,226.81,38.97,0.19,15.5,15.5,991.2,991.4,0.0,0.0,13.74,11.62,345,338,12.3,11.7,97.7,97.7,12.3,11.7,211.4,204.4,993.3,993.5,-5.53,377.37,-0.02,28.8673,11.205,343.2,50.2,1486.799, NAN, NAN, NAN, NAN,,2024/04/04 02:10:47.789,2024-04-04 02:10:47.789000+00:00
2024/04/04, 02:11:47.789,35.954,-75.121,-0.12,227.5,330.86,0.08,15.6,15.6,991.2,991.2,0.0,0.0,13.74,11.62,342,336,11.8,12.1,98.4,98.4,11.8,12.1,209.7,203.7,993.3,993.3,-5.52,376.16,-0.02,28.885,11.203,346.5,50.4,1486.813, NAN, NAN, NAN, NAN,,2024/04/04 02:11:47.789,2024-04-04 02:11:47.789000+00:00
2024/04/04, 02:12:47.789,35.954,-75.121,-0.16,228.04,54.17,0.2,15.6,15.6,991.4,991.3,0.0,0.0,13.74,11.62,340,335,12.2,13.2,98.5,98.4,12.2,13.2,208.5,203.5,993.5,993.4,-5.56,375.84,-0.02,28.8804,11.2029,342.5,50.6,1486.807, NAN, NAN, NAN, NAN,,2024/04/04 02:12:47.789,2024-04-04 02:12:47.789000+00:00
2024/04/04, 02:13:47.789,35.954,-75.121,0.03,226.28,345.62,0.74,15.6,15.6,991.5,991.2,0.0,0.0,13.74,11.62,343,337,12.5,13.0,98.1,98.1,12.4,12.9,211.0,204.9,993.6,993.3,-5.55,375.32,-0.02,28.8736,11.2008,344.9,50.3,1486.791, NAN, NAN, NAN, NAN,,2024/04/04 02:13:47.789,2024-04-04 02:13:47.789000+00:00
2024/04/04, 02:14:47.789,35.954,-75.121,0.27,226.99,93.54,0.43,15.7,15.7,991.4,991.1,0.0,0.0,13.74,11.62,344,336,13.2,12.7,98.3,98.0,13.3,12.8,211.7,203.8,993.5,993.2,-5.57,375.58,-0.01,28.888,11.2008,340.9,49.4,1486.809, NAN, NAN, NAN, NAN,,2024/04/04 02:14:47.789,2024-04-04 02:14:47.789000+00:00
2024/04/04, 02:15:47.789,35.954,-75.121,0.1,225.87,306.75,0.47,15.7,15.7,991.4,991.2,0.0,0.0,13.74,11.62,342,338,12.1,13.1,97.9,97.8,12.0,13.1,206.8,202.8,993.5,993.3,-5.47,376.04,-0.01,28.887,11.2042,345.9,50.3,1486.82, NAN, NAN, NAN, NAN,,2024/04/04 02:15:47.789,2024-04-04 02:15:47.789000+00:00
2024/04/04, 02:16:47.789,35.954,-75.121,-0.04,225.14,319.96,0.28,15.7,15.7,991.4,991.4,0.0,0.0,13.74,11.62,345,340,12.5,13.0,98.3,98.3,12.5,13.0,209.5,204.5,993.5,993.5,-5.54,375.36,-0.01,28.8874,11.2009,347.6,50.7,1486.808, NAN, NAN, NAN, NAN,,2024/04/04 02:16:47.789,2024-04-04 02:16:47.789000+00:00
2024/04/04, 02:17:47.789,35.954,-75.121,-0.26,227.33,274.3,0.37,15.7,15.7,991.3,991.4,0.0,0.0,13.74,11.62,342,336,12.2,12.3,97.9,97.8,12.2,12.3,208.4,202.4,993.4,993.5,-5.37,376.35,-0.02,28.8949,11.1978,351.6,50.5,1486.806, NAN, NAN, NAN, NAN,,2024/04/04 02:17:47.789,2024-04-04 02:17:47.789000+00:00
2024/04/04, 02:18:47.789,35.954,-75.121,-0.02,224.76,131.5,0.11,15.7,15.7,991.2,991.0,0.0,0.0,13.74,11.62,342,335,12.8,13.7,97.7,97.7,12.8,13.7,206.5,199.5,993.3,993.1,-5.53,378.29,-0.01,28.8834,11.1974,342.2,50.4,1486.791, NAN, NAN, NAN, NAN,,2024/04/04 02:18:47.789,2024-04-04 02:18:47.789000+00:00
2024/04/04, 02:19:47.789,35.954,-75.121,-0.05,225.59,118.94,0.07,15.7,15.7,991.0,991.0,0.0,0.0,13.74,11.62,338,333,12.8,13.2,97.7,97.9,12.8,13.2,203.5,198.5,993.1,993.1,-5.4,377.32,-0.02,28.8912,11.1964,345.2,49.6,1486.797, NAN, NAN, NAN, NAN,,2024/04/04 02:19:47.789,2024-04-04 02:19:47.789000+00:00
2024/04/04, 02:20:47.789,35.954,-75.121,0.04,226.78,292.39,0.52,15.7,15.8,990.9,990.8,0.0,0.0,13.74,11.62,341,336,11.8,12.8,97.7,98.1,11.8,12.9,206.5,201.6,993.0,992.9,-5.52,376.05,-0.02,28.905,11.1909,347.5,51.2,1486.794, NAN, NAN, NAN, NAN,,2024/04/04 02:20:47.789,2024-04-04 02:20:47.789000+00:00
2024/04/04, 02:21:47.789,35.954,-75.121,-0.16,226.74,132.53,0.12,15.7,15.8,990.8,990.7,0.0,0.0,13.74,11.62,341,336,13.3,13.4,98.0,97.9,13.3,13.4,208.0,203.0,992.9,992.8,-5.53,376.49,-0.01,28.9077,11.1851,343.2,50.4,1486.777, NAN, NAN, NAN, NAN,,2024/04/04 02:21:47.789,2024-04-04 02:21:47.789000+00:00
2024/04/04, 02:22:47.790,35.954,-75.121,0.06,227.83,317.6,0.71,15.7,15.8,991.0,990.9,0.0,0.0,13.74,11.62,340,337,13.0,13.2,97.9,97.9,13.2,13.4,206.4,203.4,993.1,993.0,-5.52,375.55,-0.01,28.9037,11.1803,345.2,51.1,1486.755, NAN, NAN, NAN, NAN,,2024/04/04 02:22:47.790,2024-04-04 02:22:47.790000+00:00
2024/04/04, 02:23:47.790,35.954,-75.121,0.0,226.82,329.28,0.41,15.8,15.8,991.0,991.0,0.0,0.0,13.74,11.62,341,336,13.1,14.1,97.9,98.0,13.1,14.2,206.9,202.0,993.1,993.1,-5.55,374.76,-0.02,28.9178,11.1757,343.2,50.0,1486.755, NAN, NAN, NAN, NAN,,2024/04/04 02:23:47.790,2024-04-04 02:23:47.790000+00:00
2024/04/04, 02:24:47.790,35.954,-75.121,-0.09,225.93,1.72,0.33,15.8,15.8,990.9,990.9,0.0,0.0,13.74,11.62,341,337,12.7,12.9,97.8,97.8,12.7,13.0,206.2,202.2,993.0,993.0,-5.46,376.08,-0.01,28.927,11.1709,346.2,50.3,1486.749, NAN, NAN, NAN, NAN,,2024/04/04 02:24:47.790,2024-04-04 02:24:47.790000+00:00
2024/04/04, 02:25:47.790,35.954,-75.121,-0.23,227.91,221.94,0.65,15.8,15.8,991.0,990.9,0.0,0.0,13.74,11.62,342,337,12.2,13.1,97.6,97.8,12.1,13.0,208.4,203.5,993.1,993.0,-5.53,378.26,-0.01,28.9378,11.1684,344.3,49.8,1486.754, NAN, NAN, NAN, NAN,,2024/04/04 02:25:47.790,2024-04-04 02:25:47.790000+00:00
2024/04/04, 02:26:47.790,35.954,-75.121,-0.13,225.0,76.32,0.29,15.7,15.8,991.2,991.0,0.0,0.0,13.74,11.62,347,339,12.1,12.8,97.5,97.5,12.2,12.9,212.2,204.3,993.3,993.1,-5.58,378.97,-0.01,28.9489,11.1637,344.6,50.1,1486.75, NAN, NAN, NAN, NAN,,2024/04/04 02:26:47.790,2024-04-04 02:26:47.790000+00:00
2024/04/04, 02:27:47.790,35.954,-75.121,-0.09,224.91,109.86,0.41,15.7,15.7,990.8,990.8,0.0,0.0,13.74,11.62,344,339,12.6,12.8,97.8,97.7,12.6,12.8,209.8,204.8,992.9,992.9,-5.53,379.16,-0.01,28.9585,11.1637,345.6,50.4,1486.762, NAN, NAN, NAN, NAN,,2024/04/04 02:27:47.790,2024-04-04 02:27:47.790000+00:00
2024/04/04, 02:28:47.790,35.954,-75.121,-0.16,227.43,113.76,0.65,15.8,15.8,990.9,990.7,0.0,0.0,13.74,11.62,345,341,12.6,12.6,98.1,98.2,12.6,12.6,213.9,209.9,993.0,992.8,-5.52,378.06,-0.02,28.9545,11.1591,346.5,50.2,1486.741, NAN, NAN, NAN, NAN,,2024/04/04 02:28:47.790,2024-04-04 02:28:47.790000+00:00
2024/04/04, 02:29:47.790,35.954,-75.121,-0.12,226.46,268.15,0.26,15.8,15.8,990.9,991.0,0.0,0.0,13.74,11.62,348,346,13.4,13.1,97.8,97.9,13.3,13.0,214.0,212.0,993.0,993.1,-5.55,378.14,-0.01,28.9696,11.1552,345.6,50.7,1486.745, NAN, NAN, NAN, NAN,,2024/04/04 02:29:47.790,2024-04-04 02:29:47.790000+00:00
2024/04/04, 02:30:47.790,35.954,-75.121,-0.31,227.25,148.38,0.8,15.8,15.8,991.0,991.0,0.0,0.0,13.74,11.62,346,341,12.4,13.3,97.9,97.9,12.2,13.1,215.0,209.8,993.1,993.1,-5.53,379.53,-0.01,28.9641,11.162,347.6,50.3,1486.762, NAN, NAN, NAN, NAN,,2024/04/04 02:30:47.790,2024-04-04 02:30:47.790000+00:00
2024/04/04, 02:31:47.790,35.954,-75.121,-0.14,226.83,315.36,0.62,15.8,15.8,991.3,991.0,0.0,0.0,13.74,11.62,347,344,12.5,13.1,97.9,98.0,12.5,13.1,212.4,209.5,993.4,993.1,-5.46,380.83,-0.01,28.9728,11.1659,344.6,50.4,1486.787, NAN, NAN, NAN, NAN,,2024/04/04 02:31:47.790,2024-04-04 02:31:47.790000+00:00
2024/04/04, 02:32:47.790,35.954,-75.121,-0.11,226.4,21.35,0.29,15.8,15.8,990.8,990.7,0.0,0.0,13.74,11.62,350,344,12.2,12.6,97.1,97.1,12.2,12.6,215.7,209.7,992.9,992.8,-5.49,380.83,-0.01,28.9921,11.1685,347.2,50.3,1486.819, NAN, NAN, NAN, NAN,,2024/04/04 02:32:47.790,2024-04-04 02:32:47.790000+00:00
2024/04/04, 02:33:47.790,35.954,-75.121,-0.06,226.82,85.79,0.74,15.8,15.8,990.5,990.8,0.0,0.0,13.74,11.62,347,344,12.6,12.6,97.4,97.4,12.6,12.6,215.5,212.5,992.6,992.9,-5.51,380.69,-0.01,28.9859,11.1701,345.9,49.8,1486.817, NAN, NAN, NAN, NAN,,2024/04/04 02:33:47.790,2024-04-04 02:33:47.790000+00:00
2024/04/04, 02:34:47.790,35.954,-75.121,-0.02,224.85,341.89,0.44,15.8,15.8,990.8,990.8,0.0,0.0,13.74,11.62,351,345,12.2,12.5,97.5,97.8,12.2,12.5,216.9,210.9,992.9,992.9,-5.53,377.29,-0.01,28.9633,11.1672,348.6,50.6,1486.78, NAN, NAN, NAN, NAN,,2024/04/04 02:34:47.790,2024-04-04 02:34:47.790000+00:00
2024/04/04, 02:35:47.790,35.954,-75.121,-0.23,229.86,295.68,0.34,15.7,15.7,990.8,990.8,0.0,0.0,13.74,11.62,349,342,12.5,12.2,97.1,97.2,12.5,12.2,219.7,212.7,992.9,992.9,-5.64,375.05,-0.02,28.9671,11.1631,351.3,50.3,1486.77, NAN, NAN, NAN, NAN,,2024/04/04 02:35:47.790,2024-04-04 02:35:47.790000+00:00
2024/04/04, 02:36:47.790,35.954,-75.121,-0.08,230.66,300.07,0.44,15.7,15.7,991.0,991.0,0.0,0.0,13.74,11.62,351,345,11.4,12.4,97.2,97.3,11.3,12.4,220.6,214.6,993.1,993.1,-5.45,374.63,-0.01,28.9732,11.1537,348.6,50.6,1486.744, NAN, NAN, NAN, NAN,,2024/04/04 02:36:47.790,2024-04-04 02:36:47.790000+00:00
2024/04/04, 02:37:47.790,35.954,-75.121,-0.1,230.53,341.57,0.38,15.6,15.7,991.2,990.8,0.0,0.0,13.74,11.62,347,343,11.9,13.1,97.2,97.4,11.8,13.0,218.4,214.3,993.3,992.9,-5.63,374.81,-0.02,28.981,11.1425,349.2,49.6,1486.714, NAN, NAN, NAN, NAN,,2024/04/04 02:37:47.790,2024-04-04 02:37:47.790000+00:00
2024/04/04, 02:38:47.790,35.954,-75.121,0.05,225.84,276.56,0.39,15.6,15.6,991.0,991.0,0.0,0.0,13.74,11.62,354,349,12.8,12.6,97.8,97.7,12.7,12.5,219.2,214.1,993.1,993.1,-5.65,375.75,-0.01,28.9953,11.1345,346.2,50.4,1486.702, NAN, NAN, NAN, NAN,,2024/04/04 02:38:47.790,2024-04-04 02:38:47.790000+00:00
2024/04/04, 02:39:47.790,35.954,-75.121,-0.23,230.02,270.41,0.43,15.7,15.7,990.8,990.8,0.0,0.0,13.74,11.62,350,345,12.2,12.9,98.3,98.2,12.1,12.8,220.9,215.8,992.9,992.9,-5.67,376.06,-0.01,29.0014,11.1329,350.2,49.7,1486.704, NAN, NAN, NAN, NAN,,2024/04/04 02:39:47.790,2024-04-04 02:39:47.790000+00:00
2024/04/04, 02:40:47.791,35.954,-75.121,-0.17,232.04,130.94,0.72,15.7,15.7,990.8,990.7,0.0,0.0,13.74,11.62,354,344,12.5,12.3,97.8,98.1,12.5,12.3,227.7,217.8,992.9,992.8,-5.53,373.75,-0.02,29.0114,11.1312,345.9,49.1,1486.71, NAN, NAN, NAN, NAN,,2024/04/04 02:40:47.791,2024-04-04 02:40:47.791000+00:00
2024/04/04, 02:41:47.791,35.954,-75.121,-0.03,235.85,196.37,0.3,15.7,15.7,990.8,990.8,0.0,0.0,13.74,11.62,349,341,11.5,12.2,97.5,97.5,11.4,12.1,224.2,216.2,992.9,992.9,-5.53,371.21,-0.01,29.0391,11.1272,350.5,50.0,1486.729, NAN, NAN, NAN, NAN,,2024/04/04 02:41:47.791,2024-04-04 02:41:47.791000+00:00
2024/04/04, 02:42:47.791,35.954,-75.121,-0.23,235.9,89.95,0.36,15.6,15.6,990.7,990.8,0.0,0.0,13.74,11.62,348,342,11.8,11.8,97.6,97.6,11.9,11.9,224.5,218.5,992.8,992.9,-5.66,370.36,-0.02,29.0471,11.1219,347.2,50.7,1486.72, NAN, NAN, NAN, NAN,,2024/04/04 02:42:47.791,2024-04-04 02:42:47.791000+00:00
2024/04/04, 02:43:47.791,35.954,-75.121,-0.13,239.63,316.99,1.13,15.6,15.6,990.9,990.6,0.0,0.0,13.74,11.62,344,338,11.7,11.8,97.5,97.6,11.8,12.0,220.8,214.9,993.0,992.7,-5.67,368.91,-0.02,29.0607,11.1174,348.3,50.2,1486.72, NAN, NAN, NAN, NAN,,2024/04/04 02:43:47.791,2024-04-04 02:43:47.791000+00:00
2024/04/04, 02:44:47.791,35.954,-75.121,0.14,236.26,180.91,0.11,15.6,15.6,990.9,990.8,0.0,0.0,13.74,11.62,342,340,10.9,11.8,97.5,97.5,10.8,11.7,218.2,216.2,993.0,992.9,-5.72,366.41,-0.01,29.0787,11.1101,347.2,50.7,1486.716, NAN, NAN, NAN, NAN,,2024/04/04 02:44:47.791,2024-04-04 02:44:47.791000+00:00
2024/04/04, 02:45:47.791,35.954,-75.121,0.05,239.36,340.93,0.54,15.5,15.5,991.4,991.2,0.0,0.0,13.74,11.62,343,339,11.3,12.5,97.7,97.7,11.2,12.4,223.7,219.5,993.5,993.3,-5.76,365.55,-0.01,29.0868,11.1031,345.9,50.7,1486.701, NAN, NAN, NAN, NAN,,2024/04/04 02:45:47.791,2024-04-04 02:45:47.791000+00:00
2024/04/04, 02:46:47.791,35.954,-75.121,-0.07,239.68,31.25,0.36,15.5,15.5,991.3,991.4,0.0,0.0,13.74,11.62,340,337,12.1,12.6,97.9,98.0,12.1,12.6,220.5,217.5,993.4,993.5,-5.76,361.9,-0.02,29.1075,11.0977,350.2,50.6,1486.706, NAN, NAN, NAN, NAN,,2024/04/04 02:46:47.791,2024-04-04 02:46:47.791000+00:00
2024/04/04, 02:47:47.791,35.954,-75.121,-0.06,238.1,359.87,0.27,15.5,15.5,991.4,991.0,0.0,0.0,13.74,11.62,341,335,11.4,12.8,97.7,97.9,11.5,12.9,218.7,212.8,993.5,993.1,-5.82,359.03,-0.02,29.1024,11.0932,348.9,50.3,1486.684, NAN, NAN, NAN, NAN,,2024/04/04 02:47:47.791,2024-04-04 02:47:47.791000+00:00
2024/04/04, 02:48:47.791,35.954,-75.121,-0.1,236.64,153.15,0.41,15.4,15.4,991.6,991.2,0.0,0.0,13.74,11.62,340,336,12.0,12.5,97.9,97.8,11.9,12.4,217.5,213.5,993.7,993.3,-5.9,358.65,-0.01,29.1073,11.0842,346.8,50.3,1486.658, NAN, NAN, NAN, NAN,,2024/04/04 02:48:47.791,2024-04-04 02:48:47.791000+00:00
2024/04/04, 02:49:47.791,35.954,-75.121,-0.07,236.16,307.67,0.4,15.4,15.4,991.4,991.3,0.0,0.0,13.74,11.62,344,338,11.8,12.3,98.0,98.0,11.8,12.3,219.2,213.2,993.5,993.4,-5.98,361.33,-0.01,29.109,11.0785,347.6,51.0,1486.64, NAN, NAN, NAN, NAN,,2024/04/04 02:49:47.791,2024-04-04 02:49:47.791000+00:00
2024/04/04, 02:50:47.791,35.954,-75.121,-0.22,237.15,152.94,0.19,15.4,15.4,991.2,991.1,0.0,0.0,13.74,11.62,343,338,11.2,11.2,98.1,98.1,11.2,11.2,220.6,215.6,993.3,993.2,-5.94,361.92,-0.01,29.1412,11.0733,348.9,50.7,1486.66, NAN, NAN, NAN, NAN,,2024/04/04 02:50:47.791,2024-04-04 02:50:47.791000+00:00
2024/04/04, 02:51:47.791,35.954,-75.121,-0.15,237.28,346.18,0.18,15.4,15.3,991.4,991.2,0.0,0.0,13.74,11.62,343,338,11.6,11.8,98.1,98.0,11.7,11.9,220.2,215.2,993.5,993.3,-6.03,362.34,-0.01,29.1503,11.0699,347.5,50.7,1486.659, NAN, NAN, NAN, NAN,,2024/04/04 02:51:47.791,2024-04-04 02:51:47.791000+00:00
2024/04/04, 02:52:47.791,35.954,-75.121,-0.08,236.38,337.78,0.34,15.3,15.3,991.4,991.3,0.0,0.0,13.74,11.62,344,341,12.4,11.5,98.4,98.4,12.5,11.6,219.8,216.8,993.5,993.4,-5.95,364.17,-0.01,29.1611,11.0677,348.3,50.9,1486.664, NAN, NAN, NAN, NAN,,2024/04/04 02:52:47.791,2024-04-04 02:52:47.791000+00:00
2024/04/04, 02:53:47.791,35.954,-75.121,-0.2,237.59,88.71,0.45,15.3,15.3,991.0,991.0,0.0,0.0,13.74,11.62,340,339,11.4,12.0,98.6,98.7,11.3,11.9,218.7,217.7,993.1,993.1,-5.99,367.26,-0.02,29.1806,11.0646,348.3,50.7,1486.676, NAN, NAN, NAN, NAN,,2024/04/04 02:53:47.791,2024-04-04 02:53:47.791000+00:00
2024/04/04, 02:54:47.791,35.954,-75.121,-0.04,234.87,359.46,0.13,15.4,15.4,991.2,991.2,0.0,0.0,13.74,11.62,348,339,11.9,12.0,99.1,99.2,12.0,12.1,222.9,214.0,993.3,993.3,-5.82,368.35,-0.02,29.1826,11.0594,352.9,50.7,1486.66, NAN, NAN, NAN, NAN,,2024/04/04 02:54:47.791,2024-04-04 02:54:47.791000+00:00
2024/04/04, 02:55:47.792,35.954,-75.121,-0.22,232.97,299.35,0.85,15.4,15.4,991.3,991.2,0.0,0.0,13.74,11.62,346,342,12.7,12.3,99.0,98.8,12.7,12.3,217.0,212.9,993.4,993.3,-5.8,370.54,-0.02,29.1888,11.0598,351.3,50.5,1486.669, NAN, NAN, NAN, NAN,,2024/04/04 02:55:47.792,2024-04-04 02:55:47.792000+00:00
2024/04/04, 02:56:47.792,35.954,-75.121,0.01,234.59,52.27,0.13,15.4,15.4,991.2,991.3,0.0,0.0,13.74,11.62,349,339,12.0,11.9,99.2,99.3,12.0,11.9,223.3,213.3,993.3,993.4,-5.71,371.72,-0.01,29.2113,11.0579,349.6,50.7,1486.69, NAN, NAN, NAN, NAN,,2024/04/04 02:56:47.792,2024-04-04 02:56:47.792000+00:00
2024/04/04, 02:57:47.792,35.954,-75.121,-0.13,233.0,134.63,0.29,15.4,15.4,991.2,991.1,0.0,0.0,13.74,11.62,345,340,11.6,11.6,98.8,98.7,11.6,11.6,218.7,213.7,993.3,993.2,-5.66,374.17,-0.02,29.2409,11.0573,352.0,51.0,1486.723, NAN, NAN, NAN, NAN,,2024/04/04 02:57:47.792,2024-04-04 02:57:47.792000+00:00
2024/04/04, 02:58:47.792,35.954,-75.121,-0.12,236.4,140.43,0.07,15.4,15.4,990.9,991.0,0.0,0.0,13.74,11.62,346,342,11.6,10.9,98.8,98.7,11.6,10.9,222.3,218.3,993.0,993.1,-5.58,375.53,-0.02,29.257,11.0575,349.2,51.3,1486.743, NAN, NAN, NAN, NAN,,2024/04/04 02:58:47.792,2024-04-04 02:58:47.792000+00:00
2024/04/04, 02:59:47.792,35.954,-75.121,-0.17,236.92,336.78,0.28,15.4,15.4,991.2,991.0,0.0,0.0,13.74,11.62,346,343,11.3,11.3,98.8,98.8,11.4,11.4,222.3,219.4,993.3,993.1,-5.68,376.33,-0.02,29.2442,11.0552,350.5,51.0,1486.719, NAN, NAN, NAN, NAN,,2024/04/04 02:59:47.792,2024-04-04 02:59:47.792000+00:00
2024/04/04, 03:00:47.792,35.954,-75.121,-0.19,234.32,341.82,0.41,15.4,15.4,991.2,991.0,0.0,0.0,13.74,11.62,350,345,12.7,12.3,99.4,99.4,12.8,12.4,223.5,218.5,993.3,993.1,-5.61,378.65,-0.01,29.2354,11.0536,349.6,50.8,1486.703, NAN, NAN, NAN, NAN,,2024/04/04 03:00:47.792,2024-04-04 03:00:47.792000+00:00
2024/04/04, 03:01:47.792,35.954,-75.121,-0.19,233.22,150.12,0.52,15.5,15.5,991.2,991.0,0.0,0.0,13.74,11.62,350,345,11.1,11.3,99.2,99.4,11.2,11.3,224.6,219.6,993.3,993.1,-5.64,376.59,-0.02,29.2302,11.0529,350.5,51.1,1486.694, NAN, NAN, NAN, NAN,,2024/04/04 03:01:47.792,2024-04-04 03:01:47.792000+00:00
2024/04/04, 03:02:47.792,35.954,-75.121,-0.11,235.23,282.82,0.17,15.4,15.5,991.2,991.0,0.0,0.0,13.74,11.62,351,346,11.9,12.2,99.1,99.2,11.8,12.1,226.3,221.3,993.3,993.1,-5.55,376.05,-0.01,29.2461,11.0504,349.2,50.9,1486.705, NAN, NAN, NAN, NAN,,2024/04/04 03:02:47.792,2024-04-04 03:02:47.792000+00:00
2024/04/04, 03:03:47.792,35.954,-75.121,-0.27,235.83,135.33,0.82,15.4,15.5,991.2,991.0,0.0,0.0,13.74,11.62,353,347,12.0,12.0,99.0,99.0,12.2,12.1,230.7,224.8,993.3,993.1,-5.52,375.7,-0.01,29.2548,11.0476,348.3,50.9,1486.705, NAN, NAN, NAN, NAN,,2024/04/04 03:03:47.792,2024-04-04 03:03:47.792000+00:00
2024/04/04, 03:04:47.792,35.954,-75.121,-0.01,238.11,333.51,0.17,15.4,15.4,991.3,991.4,0.0,0.0,13.74,11.62,355,349,12.5,12.2,99.0,98.8,12.6,12.3,232.9,226.9,993.4,993.5,-5.54,374.27,-0.02,29.2451,11.0438,352.0,50.6,1486.68, NAN, NAN, NAN, NAN,,2024/04/04 03:04:47.792,2024-04-04 03:04:47.792000+00:00
2024/04/04, 03:05:47.792,35.954,-75.121,-0.01,234.98,167.78,0.74,15.4,15.4,991.6,991.3,0.0,0.0,13.74,11.62,356,349,12.4,12.0,98.6,98.9,12.3,11.8,232.6,225.6,993.7,993.4,-5.6,373.91,-0.02,29.2576,11.0397,346.5,50.9,1486.68, NAN, NAN, NAN, NAN,,2024/04/04 03:05:47.792,2024-04-04 03:05:47.792000+00:00
2024/04/04, 03:06:47.792,35.954,-75.121,-0.09,235.11,357.4,0.22,15.4,15.4,991.4,991.3,0.0,0.0,13.74,11.62,354,347,11.9,11.9,98.9,98.8,11.9,11.9,228.6,221.6,993.5,993.4,-5.58,373.9,-0.02,29.2688,11.0372,348.9,50.8,1486.685, NAN, NAN, NAN, NAN,,2024/04/04 03:06:47.792,2024-04-04 03:06:47.792000+00:00
2024/04/04, 03:07:47.792,35.954,-75.121,-0.26,237.07,258.64,0.19,15.4,15.4,991.4,991.3,0.0,0.0,13.74,11.62,353,348,12.2,12.3,99.0,99.1,12.1,12.2,229.8,224.8,993.5,993.4,-5.68,374.83,-0.01,29.2792,11.0323,349.6,50.9,1486.68, NAN, NAN, NAN, NAN,,2024/04/04 03:07:47.792,2024-04-04 03:07:47.792000+00:00
2024/04/04, 03:08:47.792,35.954,-75.121,0.01,234.84,303.62,0.32,15.4,15.5,991.2,990.9,0.0,0.0,13.74,11.62,353,347,10.4,10.6,99.0,99.2,10.3,10.5,227.0,221.0,993.3,993.0,-5.53,375.57,-0.01,29.2916,11.0288,346.8,51.1,1486.683, NAN, NAN, NAN, NAN,,2024/04/04 03:08:47.792,2024-04-04 03:08:47.792000+00:00
2024/04/04, 03:09:47.792,35.954,-75.121,-0.17,235.71,142.12,0.3,15.4,15.5,990.8,990.8,0.0,0.0,13.74,11.62,348,344,11.1,11.5,98.9,98.9,11.1,11.5,222.9,219.0,992.9,992.9,-5.55,375.3,-0.01,29.3091,11.0265,345.9,51.1,1486.695, NAN, NAN, NAN, NAN,,2024/04/04 03:09:47.792,2024-04-04 03:09:47.792000+00:00
2024/04/04, 03:10:47.792,35.954,-75.121,-0.02,234.38,56.0,0.33,15.4,15.5,991.2,991.2,0.0,0.0,13.74,11.62,355,350,12.6,12.1,99.1,99.1,12.7,12.2,228.9,223.9,993.3,993.3,-5.52,372.69,-0.01,29.3162,11.0224,348.9,51.2,1486.689, NAN, NAN, NAN, NAN,,2024/04/04 03:10:47.792,2024-04-04 03:10:47.792000+00:00
2024/04/04, 03:11:47.793,35.954,-75.121,-0.07,234.45,230.25,0.29,15.4,15.5,991.7,991.0,0.0,0.0,13.74,11.62,356,352,12.8,12.9,98.9,99.1,12.7,12.8,229.8,225.8,993.8,993.1,-5.6,369.46,-0.01,29.325,11.0195,347.2,51.4,1486.69, NAN, NAN, NAN, NAN,,2024/04/04 03:11:47.793,2024-04-04 03:11:47.793000+00:00
2024/04/04, 03:12:47.793,35.954,-75.121,-0.12,232.76,162.13,0.73,15.5,15.5,991.5,991.5,0.0,0.0,13.74,11.62,359,353,12.2,12.3,99.0,99.2,12.1,12.1,233.4,227.3,993.6,993.6,-5.58,371.21,-0.01,29.3327,11.0176,347.2,51.7,1486.692, NAN, NAN, NAN, NAN,,2024/04/04 03:12:47.793,2024-04-04 03:12:47.793000+00:00
2024/04/04, 03:13:47.793,35.954,-75.121,0.05,234.41,298.29,0.04,15.5,15.5,991.2,991.5,0.0,0.0,13.74,11.62,357,350,12.6,12.2,99.2,99.1,12.6,12.2,231.3,224.3,993.3,993.6,-5.78,373.98,-0.01,29.3377,11.0141,343.8,50.7,1486.686, NAN, NAN, NAN, NAN,,2024/04/04 03:13:47.793,2024-04-04 03:13:47.793000+00:00
2024/04/04, 03:14:47.793,35.954,-75.121,-0.06,232.95,139.8,0.85,15.5,15.5,991.2,991.3,0.0,0.0,13.74,11.62,357,351,11.9,11.7,98.8,98.9,11.9,11.6,232.1,226.1,993.3,993.4,-5.58,374.17,-0.01,29.3526,11.0122,347.5,51.5,1486.697, NAN, NAN, NAN, NAN,,2024/04/04 03:14:47.793,2024-04-04 03:14:47.793000+00:00
2024/04/04, 03:15:47.793,35.954,-75.121,-0.14,238.5,135.74,0.25,15.5,15.5,991.4,991.2,0.0,0.0,13.74,11.62,354,349,11.6,11.6,98.8,98.8,11.6,11.6,233.1,228.1,993.5,993.3,-5.58,373.55,-0.02,29.3605,11.01,348.9,51.6,1486.699, NAN, NAN, NAN, NAN,,2024/04/04 03:15:47.793,2024-04-04 03:15:47.793000+00:00
2024/04/04, 03:16:47.793,35.954,-75.121,-0.14,237.05,146.46,0.59,15.4,15.5,991.4,991.4,0.0,0.0,13.74,11.62,355,349,11.6,11.6,98.6,98.7,11.6,11.6,233.5,227.5,993.5,993.5,-5.58,373.27,-0.01,29.36,11.0071,347.2,51.5,1486.688, NAN, NAN, NAN, NAN,,2024/04/04 03:16:47.793,2024-04-04 03:16:47.793000+00:00
2024/04/04, 03:17:47.793,35.954,-75.121,-0.03,238.99,203.09,0.34,15.4,15.4,991.4,991.2,0.0,0.0,13.74,11.62,356,350,12.5,12.2,98.3,98.2,12.4,12.1,235.6,229.5,993.5,993.3,-5.61,373.29,-0.01,29.3711,11.0051,350.5,51.8,1486.694, NAN, NAN, NAN, NAN,,2024/04/04 03:17:47.793,2024-04-04 03:17:47.793000+00:00
2024/04/04, 03:18:47.793,35.954,-75.121,-0.11,239.51,347.56,0.13,15.4,15.4,991.4,991.2,0.0,0.0,13.74,11.62,353,347,11.9,11.9,98.7,98.7,11.9,11.9,232.8,226.8,993.5,993.3,-5.66,371.84,-0.01,29.3688,11.0016,348.3,51.3,1486.679, NAN, NAN, NAN, NAN,,2024/04/04 03:18:47.793,2024-04-04 03:18:47.793000+00:00
2024/04/04, 03:19:47.793,35.954,-75.121,-0.1,238.42,152.38,0.66,15.4,15.4,991.6,991.6,0.0,0.0,13.74,11.62,350,345,12.0,12.1,98.6,98.7,12.0,12.1,230.0,225.0,993.7,993.7,-5.57,371.29,-0.01,29.378,10.9983,345.9,51.2,1486.678, NAN, NAN, NAN, NAN,,2024/04/04 03:19:47.793,2024-04-04 03:19:47.793000+00:00
2024/04/04, 03:20:47.793,35.954,-75.121,-0.11,238.03,114.51,0.42,15.4,15.4,991.8,991.8,0.0,0.0,13.74,11.62,355,349,12.0,11.7,98.6,98.5,12.0,11.6,234.0,228.0,993.9,993.9,-5.63,371.09,-0.01,29.3806,10.9953,349.9,51.1,1486.67, NAN, NAN, NAN, NAN,,2024/04/04 03:20:47.793,2024-04-04 03:20:47.793000+00:00
2024/04/04, 03:21:47.793,35.954,-75.121,-0.01,235.77,134.15,0.43,15.4,15.4,991.6,991.5,0.0,0.0,13.74,11.62,356,349,11.8,11.7,98.4,98.6,11.8,11.7,232.8,225.8,993.7,993.6,-5.67,370.02,-0.01,29.3943,10.9914,348.6,51.5,1486.673, NAN, NAN, NAN, NAN,,2024/04/04 03:21:47.793,2024-04-04 03:21:47.793000+00:00
2024/04/04, 03:22:47.793,35.954,-75.121,-0.08,237.89,180.42,0.29,15.3,15.3,991.4,991.5,0.0,0.0,13.74,11.62,355,348,11.1,10.9,98.2,98.2,11.0,10.8,233.5,226.5,993.5,993.6,-5.65,369.98,-0.01,29.3976,10.9886,348.0,51.7,1486.667, NAN, NAN, NAN, NAN,,2024/04/04 03:22:47.793,2024-04-04 03:22:47.793000+00:00
2024/04/04, 03:23:47.793,35.954,-75.121,-0.13,239.12,158.03,0.18,15.3,15.3,991.4,991.5,0.0,0.0,13.74,11.62,351,346,12.5,12.0,98.7,98.8,12.5,12.0,230.5,225.5,993.5,993.6,-5.76,370.45,-0.01,29.4085,10.9863,348.0,51.5,1486.672, NAN, NAN, NAN, NAN,,2024/04/04 03:23:47.793,2024-04-04 03:23:47.793000+00:00
2024/04/04, 03:24:47.793,35.954,-75.121,-0.03,238.11,208.18,0.17,15.3,15.3,991.6,991.7,0.0,0.0,13.74,11.62,354,350,12.3,12.4,98.8,98.9,12.2,12.3,232.2,228.2,993.7,993.8,-5.79,368.97,-0.01,29.4211,10.9836,349.9,51.0,1486.677, NAN, NAN, NAN, NAN,,2024/04/04 03:24:47.793,2024-04-04 03:24:47.793000+00:00
2024/04/04, 03:25:47.793,35.954,-75.121,-0.02,238.66,133.83,1.32,15.3,15.3,991.8,991.8,0.0,0.0,13.74,11.62,357,350,12.6,12.6,98.5,98.7,12.7,12.6,238.7,231.7,993.9,993.9,-5.75,364.92,-0.01,29.4322,10.981,344.9,51.4,1486.682, NAN, NAN, NAN, NAN,,2024/04/04 03:25:47.793,2024-04-04 03:25:47.793000+00:00
2024/04/04, 03:26:47.793,35.954,-75.121,-0.19,241.88,354.71,0.39,15.3,15.3,991.5,991.8,0.0,0.0,13.74,11.62,356,350,12.6,12.4,98.7,98.9,12.8,12.6,237.6,231.7,993.6,993.9,-5.77,363.03,-0.01,29.4372,10.9791,348.0,51.0,1486.681, NAN, NAN, NAN, NAN,,2024/04/04 03:26:47.793,2024-04-04 03:26:47.793000+00:00
2024/04/04, 03:27:47.794,35.954,-75.121,0.01,238.59,329.49,0.28,15.3,15.3,991.7,991.8,0.0,0.0,13.74,11.62,354,348,12.5,12.5,98.5,98.7,12.5,12.5,231.9,225.9,993.8,993.9,-5.75,364.7,-0.01,29.4381,10.9762,348.0,50.8,1486.672, NAN, NAN, NAN, NAN,,2024/04/04 03:27:47.794,2024-04-04 03:27:47.794000+00:00
2024/04/04, 03:28:47.794,35.954,-75.121,-0.01,236.67,147.68,0.23,15.4,15.3,991.4,991.4,0.0,0.0,13.74,11.62,353,349,11.6,12.0,99.1,99.3,11.6,12.0,229.1,225.1,993.5,993.5,-5.8,365.86,-0.01,29.4429,10.9747,345.9,51.6,1486.672, NAN, NAN, NAN, NAN,,2024/04/04 03:28:47.794,2024-04-04 03:28:47.794000+00:00
2024/04/04, 03:29:47.794,35.954,-75.121,-0.16,238.98,120.8,0.71,15.3,15.4,991.7,991.7,0.0,0.0,13.74,11.62,354,348,12.0,12.2,98.6,98.9,12.1,12.3,234.6,228.6,993.8,993.8,-5.77,365.04,-0.01,29.4492,10.9734,346.5,51.8,1486.675, NAN, NAN, NAN, NAN,,2024/04/04 03:29:47.794,2024-04-04 03:29:47.794000+00:00
2024/04/04, 03:30:47.794,35.954,-75.121,-0.13,239.3,229.72,0.18,15.3,15.4,991.7,991.8,0.0,0.0,13.74,11.62,355,350,12.6,12.2,98.6,98.8,12.5,12.1,234.4,229.4,993.8,993.9,-5.82,361.77,-0.01,29.4597,10.971,349.2,51.4,1486.679, NAN, NAN, NAN, NAN,,2024/04/04 03:30:47.794,2024-04-04 03:30:47.794000+00:00
2024/04/04, 03:31:47.794,35.954,-75.121,-0.05,240.46,187.39,0.59,15.4,15.4,991.7,991.7,0.0,0.0,13.74,11.62,352,346,12.6,12.6,98.8,98.7,12.6,12.6,233.8,227.8,993.8,993.8,-5.69,359.47,-0.01,29.4641,10.9677,344.9,51.0,1486.673, NAN, NAN, NAN, NAN,,2024/04/04 03:31:47.794,2024-04-04 03:31:47.794000+00:00
2024/04/04, 03:32:47.794,35.954,-75.121,-0.07,239.58,336.64,0.25,15.3,15.4,991.7,991.6,0.0,0.0,13.74,11.62,355,348,11.9,11.8,98.2,98.5,11.9,11.9,234.0,227.0,993.8,993.7,-5.71,358.09,-0.01,29.4755,10.9629,349.6,51.2,1486.669, NAN, NAN, NAN, NAN,,2024/04/04 03:32:47.794,2024-04-04 03:32:47.794000+00:00
2024/04/04, 03:33:47.794,35.954,-75.121,0.01,240.02,325.19,0.46,15.3,15.3,991.9,991.7,0.0,0.0,13.74,11.62,355,349,12.4,12.2,98.5,98.6,12.4,12.2,233.9,227.9,994.0,993.8,-5.84,357.63,-0.01,29.4864,10.9607,349.6,51.7,1486.674, NAN, NAN, NAN, NAN,,2024/04/04 03:33:47.794,2024-04-04 03:33:47.794000+00:00
2024/04/04, 03:34:47.794,35.954,-75.121,-0.15,239.86,130.33,0.52,15.4,15.3,991.8,991.8,0.0,0.0,13.74,11.62,351,345,12.1,12.2,98.6,98.7,12.2,12.3,232.0,226.0,993.9,993.9,-5.87,353.84,-0.01,29.4963,10.9592,350.7,51.1,1486.681, NAN, NAN, NAN, NAN,,2024/04/04 03:34:47.794,2024-04-04 03:34:47.794000+00:00
2024/04/04, 03:35:47.794,35.954,-75.121,-0.03,243.56,125.34,0.36,15.4,15.4,991.8,991.8,0.0,0.0,13.74,11.62,351,347,12.2,12.0,98.5,98.7,12.3,12.1,233.8,229.8,993.9,993.9,-5.87,350.76,-0.01,29.5047,10.9579,348.6,51.4,1486.686, NAN, NAN, NAN, NAN,,2024/04/04 03:35:47.794,2024-04-04 03:35:47.794000+00:00
2024/04/04, 03:36:47.794,35.954,-75.121,0.0,239.87,135.13,0.28,15.4,15.4,991.8,991.6,0.0,0.0,13.74,11.62,349,344,12.0,12.2,98.6,98.8,12.0,12.2,228.2,223.2,993.9,993.7,-6.05,347.43,-0.01,29.5132,10.9547,346.2,51.5,1486.685, NAN, NAN, NAN, NAN,,2024/04/04 03:36:47.794,2024-04-04 03:36:47.794000+00:00
2024/04/04, 03:37:47.794,35.954,-75.121,0.01,243.98,282.72,0.82,15.4,15.4,991.7,991.7,0.0,0.0,13.74,11.62,348,344,12.1,12.4,98.8,98.8,12.1,12.4,230.0,226.0,993.8,993.8,-6.01,346.18,-0.02,29.5214,10.9519,347.6,51.6,1486.685, NAN, NAN, NAN, NAN,,2024/04/04 03:37:47.794,2024-04-04 03:37:47.794000+00:00
2024/04/04, 03:38:47.794,35.954,-75.121,-0.1,238.19,150.56,0.49,15.4,15.4,991.7,991.8,0.0,0.0,13.74,11.62,352,346,11.7,11.8,98.4,98.5,11.6,11.7,231.4,225.3,993.8,993.9,-5.95,345.37,-0.02,29.5249,10.9481,348.9,51.0,1486.676, NAN, NAN, NAN, NAN,,2024/04/04 03:38:47.794,2024-04-04 03:38:47.794000+00:00
2024/04/04, 03:39:47.794,35.954,-75.121,-0.1,238.19,346.52,0.37,15.4,15.4,991.7,991.6,0.0,0.0,13.74,11.62,352,346,12.4,12.5,98.2,98.5,12.4,12.5,231.1,225.1,993.8,993.7,-5.96,345.64,-0.02,29.5317,10.9461,348.9,51.6,1486.677, NAN, NAN, NAN, NAN,,2024/04/04 03:39:47.794,2024-04-04 03:39:47.794000+00:00
2024/04/04, 03:40:47.794,35.954,-75.121,-0.09,238.26,134.25,0.3,15.4,15.4,991.7,991.6,0.0,0.0,13.74,11.62,349,343,11.2,11.9,98.2,98.4,11.3,12.0,227.5,221.6,993.8,993.7,-5.83,345.96,-0.02,29.5392,10.946,347.6,51.5,1486.686, NAN, NAN, NAN, NAN,,2024/04/04 03:40:47.794,2024-04-04 03:40:47.794000+00:00
2024/04/04, 03:41:47.794,35.954,-75.121,-0.09,238.76,320.6,0.1,15.4,15.4,991.7,991.6,0.0,0.0,13.74,11.62,351,346,11.3,11.2,98.5,98.6,11.4,11.3,229.7,224.7,993.8,993.7,-5.94,346.34,-0.01,29.5391,10.9447,348.6,51.9,1486.681, NAN, NAN, NAN, NAN,,2024/04/04 03:41:47.794,2024-04-04 03:41:47.794000+00:00
2024/04/04, 03:42:47.795,35.954,-75.121,-0.03,238.51,320.44,0.15,15.3,15.3,991.6,991.6,0.0,0.0,13.74,11.62,352,346,11.9,11.7,97.9,97.9,12.0,11.8,230.3,224.3,993.7,993.7,-6.07,347.84,-0.01,29.5487,10.9433,348.6,51.6,1486.687, NAN, NAN, NAN, NAN,,2024/04/04 03:42:47.795,2024-04-04 03:42:47.795000+00:00
2024/04/04, 03:43:47.795,35.954,-75.121,-0.22,236.25,287.12,0.24,15.3,15.3,991.6,991.8,0.0,0.0,13.74,11.62,352,345,11.8,11.9,98.1,98.2,11.7,11.8,228.7,221.6,993.7,993.9,-6.03,346.76,-0.01,29.563,10.9418,349.9,51.1,1486.699, NAN, NAN, NAN, NAN,,2024/04/04 03:43:47.795,2024-04-04 03:43:47.795000+00:00
2024/04/04, 03:44:47.795,35.954,-75.121,0.01,237.99,283.45,0.35,15.3,15.3,991.8,991.8,0.0,0.0,13.74,11.62,350,344,11.7,11.6,98.0,98.5,11.6,11.5,227.3,221.2,993.9,993.9,-6.07,349.04,-0.01,29.568,10.9388,347.2,51.1,1486.695, NAN, NAN, NAN, NAN,,2024/04/04 03:44:47.795,2024-04-04 03:44:47.795000+00:00
2024/04/04, 03:45:47.795,35.954,-75.121,0.04,237.86,61.01,0.14,15.3,15.3,991.8,991.6,0.0,0.0,13.74,11.62,350,345,11.7,11.6,98.2,98.1,11.8,11.7,227.9,222.9,993.9,993.7,-6.01,353.97,-0.01,29.5795,10.9346,346.8,51.2,1486.693, NAN, NAN, NAN, NAN,,2024/04/04 03:45:47.795,2024-04-04 03:45:47.795000+00:00
2024/04/04, 03:46:47.795,35.954,-75.121,-0.14,236.33,136.15,0.78,15.2,15.2,991.7,991.6,0.0,0.0,13.74,11.62,347,343,11.3,11.7,97.7,97.9,11.4,11.8,225.3,221.3,993.8,993.7,-6.02,357.82,-0.01,29.5937,10.933,346.5,51.5,1486.705, NAN, NAN, NAN, NAN,,2024/04/04 03:46:47.795,2024-04-04 03:46:47.795000+00:00
2024/04/04, 03:47:47.795,35.954,-75.121,-0.14,239.79,86.38,0.88,15.2,15.2,991.6,991.4,0.0,0.0,13.74,11.62,353,346,11.6,11.6,98.0,98.1,11.7,11.6,235.0,228.0,993.7,993.5,-6.03,356.32,-0.01,29.5949,10.9307,347.6,51.6,1486.698, NAN, NAN, NAN, NAN,,2024/04/04 03:47:47.795,2024-04-04 03:47:47.795000+00:00
2024/04/04, 03:48:47.795,35.954,-75.121,-0.1,238.9,101.88,0.34,15.2,15.2,991.6,991.6,0.0,0.0,13.74,11.62,351,346,11.5,11.8,97.9,98.0,11.6,11.9,230.7,225.7,993.7,993.7,-5.96,352.29,-0.02,29.592,10.9286,347.6,51.8,1486.687, NAN, NAN, NAN, NAN,,2024/04/04 03:48:47.795,2024-04-04 03:48:47.795000+00:00
2024/04/04, 03:49:47.795,35.954,-75.121,-0.14,237.97,322.98,0.4,15.2,15.2,991.6,991.8,0.0,0.0,13.74,11.62,351,344,11.4,11.4,98.1,98.2,11.4,11.4,228.0,220.9,993.7,993.9,-5.97,347.65,-0.01,29.5967,10.9261,346.5,51.4,1486.684, NAN, NAN, NAN, NAN,,2024/04/04 03:49:47.795,2024-04-04 03:49:47.795000+00:00
2024/04/04, 03:50:47.795,35.954,-75.121,0.13,236.66,201.12,0.24,15.2,15.2,991.7,991.7,0.0,0.0,13.74,11.62,355,348,11.5,11.1,98.8,99.0,11.4,11.0,232.0,225.0,993.8,993.8,-6.1,344.26,-0.01,29.6166,10.9226,346.5,51.9,1486.695, NAN, NAN, NAN, NAN,,2024/04/04 03:50:47.795,2024-04-04 03:50:47.795000+00:00
2024/04/04, 03:51:47.795,35.954,-75.121,-0.05,237.81,125.92,0.26,15.2,15.2,991.7,991.8,0.0,0.0,13.74,11.62,353,346,11.8,11.6,98.3,98.2,11.8,11.6,231.5,224.5,993.8,993.9,-6.11,342.12,-0.01,29.6307,10.9194,347.6,51.5,1486.701, NAN, NAN, NAN, NAN,,2024/04/04 03:51:47.795,2024-04-04 03:51:47.795000+00:00
2024/04/04, 03:52:47.795,35.954,-75.121,-0.14,237.56,324.24,0.81,15.2,15.2,991.6,991.7,0.0,0.0,13.74,11.62,355,349,12.1,12.0,98.5,98.8,12.1,12.1,230.6,224.6,993.7,993.8,-6.14,341.53,-0.01,29.6417,10.9198,349.9,51.6,1486.716, NAN, NAN, NAN, NAN,,2024/04/04 03:52:47.795,2024-04-04 03:52:47.795000+00:00
2024/04/04, 03:53:47.795,35.954,-75.121,-0.02,238.14,112.0,0.94,15.2,15.2,991.8,991.6,0.0,0.0,13.74,11.62,353,346,12.1,12.1,98.3,98.4,12.2,12.1,233.4,226.4,993.9,993.7,-6.18,340.64,-0.01,29.6469,10.921,347.5,51.4,1486.726, NAN, NAN, NAN, NAN,,2024/04/04 03:53:47.795,2024-04-04 03:53:47.795000+00:00
2024/04/04, 03:54:47.795,35.954,-75.121,0.11,237.05,299.04,0.58,15.2,15.2,991.8,991.8,0.0,0.0,13.74,11.62,355,351,12.1,12.1,97.9,98.4,12.1,12.1,230.6,226.6,993.9,993.9,-6.11,340.37,-0.01,29.6578,10.9201,347.6,51.4,1486.736, NAN, NAN, NAN, NAN,,2024/04/04 03:54:47.795,2024-04-04 03:54:47.795000+00:00
2024/04/04, 03:55:47.795,35.954,-75.121,-0.05,237.81,114.61,0.66,15.2,15.2,991.8,991.6,0.0,0.0,13.74,11.62,357,351,11.6,11.6,98.1,98.2,11.7,11.7,236.4,230.4,993.9,993.7,-6.21,340.18,-0.02,29.6663,10.9202,347.6,51.4,1486.747, NAN, NAN, NAN, NAN,,2024/04/04 03:55:47.795,2024-04-04 03:55:47.795000+00:00
2024/04/04, 03:56:47.795,35.954,-75.121,-0.16,238.75,135.46,0.48,15.1,15.1,991.8,991.6,0.0,0.0,13.74,11.62,357,351,11.8,12.0,97.9,98.0,11.9,12.0,236.9,230.9,993.9,993.7,-6.14,340.24,-0.01,29.6721,10.9226,349.2,51.2,1486.762, NAN, NAN, NAN, NAN,,2024/04/04 03:56:47.795,2024-04-04 03:56:47.795000+00:00
2024/04/04, 03:57:47.795,35.954,-75.121,-0.09,235.89,157.87,0.3,15.1,15.2,991.7,991.8,0.0,0.0,13.74,11.62,355,350,11.6,11.8,98.5,98.6,11.6,11.8,231.6,226.6,993.8,993.9,-6.11,341.56,-0.01,29.6712,10.9222,348.0,51.5,1486.76, NAN, NAN, NAN, NAN,,2024/04/04 03:57:47.795,2024-04-04 03:57:47.795000+00:00
2024/04/04, 03:58:47.796,35.954,-75.121,-0.01,236.69,296.79,0.58,15.2,15.2,991.8,991.6,0.0,0.0,13.74,11.62,359,354,12.2,12.0,98.4,98.5,12.2,11.9,237.1,232.1,993.9,993.7,-6.13,342.87,-0.01,29.6766,10.9203,349.9,51.6,1486.759, NAN, NAN, NAN, NAN,,2024/04/04 03:58:47.796,2024-04-04 03:58:47.796000+00:00
2024/04/04, 03:59:47.796,35.954,-75.121,-0.08,236.93,90.62,0.36,15.2,15.2,991.7,991.7,0.0,0.0,13.74,11.62,355,351,11.8,11.5,98.4,98.4,11.9,11.6,231.2,227.2,993.8,993.8,-6.2,344.04,-0.02,29.6908,10.92,350.2,51.8,1486.775, NAN, NAN, NAN, NAN,,2024/04/04 03:59:47.796,2024-04-04 03:59:47.796000+00:00
2024/04/04, 04:00:47.796,35.954,-75.121,-0.13,238.71,139.97,0.79,15.2,15.2,991.4,991.7,0.0,0.0,13.74,11.62,357,349,11.8,11.7,98.6,98.6,11.9,11.7,237.7,229.7,993.5,993.8,-6.14,344.69,-0.01,29.6945,10.9187,347.6,51.3,1486.775, NAN, NAN, NAN, NAN,,2024/04/04 04:00:47.796,2024-04-04 04:00:47.796000+00:00
2024/04/04, 04:01:47.796,35.954,-75.121,0.09,238.99,152.97,0.29,15.2,15.3,991.7,991.8,0.0,0.0,13.74,11.62,359,353,12.0,12.0,98.6,98.9,11.9,11.9,237.5,231.4,993.8,993.9,-6.15,344.7,-0.02,29.6893,10.9169,349.9,51.7,1486.763, NAN, NAN, NAN, NAN,,2024/04/04 04:01:47.796,2024-04-04 04:01:47.796000+00:00
2024/04/04, 04:02:47.796,35.954,-75.121,-0.11,238.76,321.57,0.98,15.2,15.3,991.8,991.8,0.0,0.0,13.74,11.62,355,349,11.8,11.7,97.9,98.0,11.8,11.8,231.3,225.3,993.9,993.9,-6.08,344.26,-0.01,29.694,10.9164,350.7,51.9,1486.766, NAN, NAN, NAN, NAN,,2024/04/04 04:02:47.796,2024-04-04 04:02:47.796000+00:00
2024/04/04, 04:03:47.796,35.954,-75.121,-0.05,237.44,137.53,0.18,15.3,15.3,991.6,991.6,0.0,0.0,13.74,11.62,355,349,12.6,12.2,98.2,98.4,12.7,12.3,232.4,226.5,993.7,993.7,-6.11,345.1,-0.01,29.6984,10.9168,345.9,51.7,1486.773, NAN, NAN, NAN, NAN,,2024/04/04 04:03:47.796,2024-04-04 04:03:47.796000+00:00
2024/04/04, 04:04:47.796,35.954,-75.121,0.03,240.01,16.21,0.34,15.3,15.3,991.8,991.9,0.0,0.0,13.74,11.62,357,350,12.0,11.7,97.9,98.0,12.2,11.9,237.0,230.2,993.9,994.0,-6.06,344.03,-0.01,29.7002,10.915,352.3,51.7,1486.769, NAN, NAN, NAN, NAN,,2024/04/04 04:04:47.796,2024-04-04 04:04:47.796000+00:00
2024/04/04, 04:05:47.796,35.954,-75.121,0.0,237.09,132.42,0.65,15.3,15.3,991.8,991.8,0.0,0.0,13.74,11.62,356,350,12.6,11.8,97.7,97.8,12.7,11.8,234.6,228.7,993.9,993.9,-5.99,343.34,-0.01,29.7024,10.9142,348.0,51.5,1486.769, NAN, NAN, NAN, NAN,,2024/04/04 04:05:47.796,2024-04-04 04:05:47.796000+00:00
2024/04/04, 04:06:47.796,35.954,-75.121,0.13,239.41,102.17,0.2,15.3,15.3,991.8,991.8,0.0,0.0,13.74,11.62,354,346,12.3,11.8,97.7,97.8,12.4,11.9,233.2,225.2,993.9,993.9,-6.09,343.78,-0.01,29.705,10.9129,346.8,50.5,1486.767, NAN, NAN, NAN, NAN,,2024/04/04 04:06:47.796,2024-04-04 04:06:47.796000+00:00
2024/04/04, 04:07:47.796,35.954,-75.121,0.03,238.04,126.79,0.09,15.3,15.3,991.8,991.8,0.0,0.0,13.74,11.62,356,350,12.1,11.8,97.4,97.4,12.1,11.8,234.0,228.0,993.9,993.9,-5.94,343.99,-0.01,29.708,10.9086,343.8,50.9,1486.755, NAN, NAN, NAN, NAN,,2024/04/04 04:07:47.796,2024-04-04 04:07:47.796000+00:00
2024/04/04, 04:08:47.796,35.954,-75.121,-0.03,239.99,316.03,0.16,15.3,15.3,991.8,991.8,0.0,0.0,13.74,11.62,354,354,12.0,11.7,97.3,97.5,12.1,11.8,234.2,234.2,993.9,993.9,-5.9,343.47,-0.02,29.716,10.8893,347.6,51.7,1486.696, NAN, NAN, NAN, NAN,,2024/04/04 04:08:47.796,2024-04-04 04:08:47.796000+00:00
2024/04/04, 04:09:47.796,35.954,-75.121,-0.11,238.55,280.23,1.05,15.2,15.2,991.8,991.7,0.0,0.0,13.74,11.62,355,352,11.3,11.8,97.0,97.1,11.2,11.7,230.9,228.0,993.9,993.8,-6.02,341.58,-0.02,29.7211,10.8908,347.2,51.5,1486.708, NAN, NAN, NAN, NAN,,2024/04/04 04:09:47.796,2024-04-04 04:09:47.796000+00:00
2024/04/04, 04:10:47.796,35.954,-75.121,-0.04,237.1,1.51,0.24,15.2,15.2,991.8,991.9,0.0,0.0,13.74,11.62,358,350,12.1,11.2,96.9,97.2,12.1,11.2,234.5,226.5,993.9,994.0,-6.19,339.46,-0.02,29.7208,10.8988,347.2,51.7,1486.736, NAN, NAN, NAN, NAN,,2024/04/04 04:10:47.796,2024-04-04 04:10:47.796000+00:00
2024/04/04, 04:11:47.796,35.954,-75.121,-0.09,239.6,105.33,0.35,15.1,15.1,992.0,992.0,0.0,0.0,13.74,11.62,356,349,11.3,10.8,96.8,96.9,11.5,10.9,236.0,229.1,994.1,994.1,-6.18,338.86,-0.01,29.7185,10.903,346.5,51.7,1486.748, NAN, NAN, NAN, NAN,,2024/04/04 04:11:47.796,2024-04-04 04:11:47.796000+00:00
2024/04/04, 04:12:47.796,35.954,-75.121,-0.01,238.77,37.21,0.6,15.1,15.1,991.9,991.9,0.0,0.0,13.74,11.62,357,350,11.5,11.1,97.0,97.0,11.7,11.3,234.5,227.6,994.0,994.0,-6.18,338.2,-0.01,29.7183,10.9026,345.9,51.5,1486.747, NAN, NAN, NAN, NAN,,2024/04/04 04:12:47.796,2024-04-04 04:12:47.796000+00:00
2024/04/04, 04:13:47.796,35.954,-75.121,-0.14,238.99,338.97,0.35,15.1,15.1,991.8,991.8,0.0,0.0,13.74,11.62,357,351,11.6,11.5,97.2,97.4,11.7,11.6,235.3,229.3,993.9,993.9,-6.25,337.71,-0.02,29.7257,10.9009,347.5,51.3,1486.749, NAN, NAN, NAN, NAN,,2024/04/04 04:13:47.796,2024-04-04 04:13:47.796000+00:00
2024/04/04, 04:14:47.797,35.954,-75.121,0.14,237.41,123.92,0.9,15.1,15.1,991.6,992.1,0.0,0.0,13.74,11.62,357,352,11.0,11.3,97.3,97.4,11.0,11.3,236.8,231.7,993.7,994.2,-6.14,337.25,-0.02,29.7325,10.8994,348.6,51.6,1486.752, NAN, NAN, NAN, NAN,,2024/04/04 04:14:47.797,2024-04-04 04:14:47.797000+00:00
2024/04/04, 04:15:47.797,35.954,-75.121,-0.03,238.34,146.39,0.33,15.1,15.1,991.8,991.8,0.0,0.0,13.74,11.62,359,353,11.5,11.0,97.9,98.0,11.5,11.0,238.2,232.2,993.9,993.9,-6.21,336.53,-0.02,29.7315,10.8981,346.5,51.8,1486.746, NAN, NAN, NAN, NAN,,2024/04/04 04:15:47.797,2024-04-04 04:15:47.797000+00:00
2024/04/04, 04:16:47.797,35.954,-75.121,-0.15,239.05,125.93,0.05,15.1,15.1,991.8,992.0,0.0,0.0,13.74,11.62,357,350,10.6,10.5,97.5,97.6,10.6,10.5,236.1,229.2,993.9,994.1,-6.2,336.04,-0.02,29.7334,10.8958,346.5,51.5,1486.74, NAN, NAN, NAN, NAN,,2024/04/04 04:16:47.797,2024-04-04 04:16:47.797000+00:00
2024/04/04, 04:17:47.797,35.954,-75.121,-0.14,239.78,109.47,0.42,15.1,15.1,991.8,992.0,0.0,0.0,13.74,11.62,357,350,11.5,11.0,97.6,97.7,11.6,11.1,237.6,230.7,993.9,994.1,-6.26,336.67,-0.02,29.7376,10.8929,344.6,51.7,1486.735, NAN, NAN, NAN, NAN,,2024/04/04 04:17:47.797,2024-04-04 04:17:47.797000+00:00
2024/04/04, 04:18:47.797,35.954,-75.121,-0.03,238.16,323.29,0.67,15.1,15.1,991.8,992.0,0.0,0.0,13.74,11.62,356,350,11.5,11.3,97.7,97.7,11.5,11.4,232.5,226.5,993.9,994.1,-6.23,336.62,-0.01,29.7356,10.8924,348.3,51.9,1486.731, NAN, NAN, NAN, NAN,,2024/04/04 04:18:47.797,2024-04-04 04:18:47.797000+00:00
2024/04/04, 04:19:47.797,35.954,-75.121,-0.04,239.79,305.82,0.25,15.1,15.1,991.8,992.0,0.0,0.0,13.74,11.62,354,349,11.2,11.1,97.7,97.9,11.1,11.0,234.2,229.2,993.9,994.1,-6.27,336.28,-0.02,29.7483,10.8914,349.2,52.2,1486.743, NAN, NAN, NAN, NAN,,2024/04/04 04:19:47.797,2024-04-04 04:19:47.797000+00:00
2024/04/04, 04:20:47.797,35.954,-75.121,-0.05,238.99,54.43,0.23,15.1,15.1,991.7,991.9,0.0,0.0,13.74,11.62,354,349,11.4,11.7,97.6,97.8,11.5,11.8,232.6,227.7,993.8,994.0,-6.25,336.86,-0.02,29.7525,10.891,345.9,51.5,1486.746, NAN, NAN, NAN, NAN,,2024/04/04 04:20:47.797,2024-04-04 04:20:47.797000+00:00
2024/04/04, 04:21:47.797,35.954,-75.121,-0.08,237.58,239.56,0.51,15.2,15.2,991.9,991.8,0.0,0.0,13.74,11.62,355,351,11.3,12.0,97.9,98.1,11.2,11.9,231.3,227.4,994.0,993.9,-6.18,337.17,-0.02,29.7612,10.8912,346.8,52.0,1486.758, NAN, NAN, NAN, NAN,,2024/04/04 04:21:47.797,2024-04-04 04:21:47.797000+00:00
2024/04/04, 04:22:47.797,35.954,-75.121,-0.03,240.33,0.12,0.21,15.2,15.2,992.0,992.0,0.0,0.0,13.74,11.62,356,349,11.8,11.9,97.5,97.4,11.9,12.0,236.2,229.3,994.1,994.1,-6.14,337.17,-0.01,29.773,10.8897,347.2,51.5,1486.766, NAN, NAN, NAN, NAN,,2024/04/04 04:22:47.797,2024-04-04 04:22:47.797000+00:00
2024/04/04, 04:23:47.797,35.954,-75.121,-0.02,238.11,91.18,0.22,15.2,15.2,991.8,991.8,0.0,0.0,13.74,11.62,357,350,12.3,12.1,97.8,97.8,12.4,12.2,234.7,227.8,993.9,993.9,-6.19,336.93,-0.01,29.7795,10.8876,349.2,52.0,1486.767, NAN, NAN, NAN, NAN,,2024/04/04 04:23:47.797,2024-04-04 04:23:47.797000+00:00
2024/04/04, 04:24:47.797,35.954,-75.121,-0.07,238.96,134.38,0.07,15.3,15.3,992.0,992.0,0.0,0.0,13.74,11.62,354,350,11.0,11.6,97.7,97.9,11.0,11.6,233.1,229.1,994.1,994.1,-6.16,336.49,-0.01,29.7841,10.8821,348.9,51.7,1486.753, NAN, NAN, NAN, NAN,,2024/04/04 04:24:47.797,2024-04-04 04:24:47.797000+00:00
2024/04/04, 04:25:47.797,35.954,-75.121,-0.02,238.22,186.25,0.13,15.3,15.3,992.2,992.0,0.0,0.0,13.74,11.62,354,347,12.2,11.6,97.0,97.1,12.2,11.6,232.5,225.5,994.3,994.1,-6.03,336.3,-0.01,29.7861,10.8805,348.9,51.7,1486.749, NAN, NAN, NAN, NAN,,2024/04/04 04:25:47.797,2024-04-04 04:25:47.797000+00:00
2024/04/04, 04:26:47.797,35.954,-75.121,-0.04,238.27,242.23,0.2,15.3,15.3,991.9,991.9,0.0,0.0,13.74,11.62,353,350,11.8,11.8,97.4,97.5,11.8,11.8,230.8,227.8,994.0,994.0,-6.18,337.02,-0.01,29.7902,10.8765,350.5,52.0,1486.74, NAN, NAN, NAN, NAN,,2024/04/04 04:26:47.797,2024-04-04 04:26:47.797000+00:00
2024/04/04, 04:27:47.797,35.954,-75.121,-0.09,239.64,320.94,1.67,15.2,15.3,992.0,991.9,0.0,0.0,13.74,11.62,354,349,11.6,11.8,96.5,96.5,11.7,12.0,229.4,224.6,994.1,994.0,-6.11,337.13,-0.01,29.7959,10.878,348.9,52.4,1486.752, NAN, NAN, NAN, NAN,,2024/04/04 04:27:47.797,2024-04-04 04:27:47.797000+00:00
2024/04/04, 04:28:47.797,35.954,-75.121,-0.05,241.28,11.07,0.19,15.2,15.2,992.1,992.2,0.0,0.0,13.74,11.62,354,350,11.8,10.8,96.7,96.8,11.8,10.9,234.9,230.8,994.2,994.3,-6.18,336.89,-0.01,29.7957,10.8775,345.9,51.4,1486.75, NAN, NAN, NAN, NAN,,2024/04/04 04:28:47.797,2024-04-04 04:28:47.797000+00:00
2024/04/04, 04:29:47.797,35.954,-75.121,-0.03,238.92,141.06,0.4,15.2,15.2,991.8,992.0,0.0,0.0,13.74,11.62,355,350,11.6,11.3,96.7,96.8,11.6,11.3,234.9,230.0,993.9,994.1,-6.18,337.62,-0.01,29.8066,10.8778,345.6,51.8,1486.764, NAN, NAN, NAN, NAN,,2024/04/04 04:29:47.797,2024-04-04 04:29:47.797000+00:00
2024/04/04, 04:30:47.798,35.954,-75.121,-0.14,240.26,352.92,0.25,15.2,15.2,992.0,992.2,0.0,0.0,13.74,11.62,355,350,11.3,11.7,97.0,97.1,11.3,11.7,234.6,229.6,994.1,994.3,-6.16,338.1,-0.01,29.8118,10.8767,348.3,52.5,1486.767, NAN, NAN, NAN, NAN,,2024/04/04 04:30:47.798,2024-04-04 04:30:47.798000+00:00
2024/04/04, 04:31:47.798,35.954,-75.121,-0.05,240.35,188.99,0.76,15.2,15.1,992.2,992.2,0.0,0.0,13.74,11.62,355,349,11.5,11.1,97.1,97.2,11.3,10.9,237.1,231.1,994.3,994.3,-6.26,339.02,-0.02,29.8224,10.8759,348.0,52.2,1486.777, NAN, NAN, NAN, NAN,,2024/04/04 04:31:47.798,2024-04-04 04:31:47.798000+00:00
2024/04/04, 04:32:47.798,35.954,-75.121,-0.03,238.7,6.42,0.11,15.2,15.1,991.9,992.0,0.0,0.0,13.74,11.62,359,355,11.3,11.1,97.2,97.0,11.3,11.1,237.4,233.4,994.0,994.1,-6.13,341.32,-0.01,29.8236,10.8744,348.6,51.9,1486.773, NAN, NAN, NAN, NAN,,2024/04/04 04:32:47.798,2024-04-04 04:32:47.798000+00:00
2024/04/04, 04:33:47.798,35.954,-75.121,-0.04,237.78,151.43,0.49,15.1,15.1,992.3,992.3,0.0,0.0,13.74,11.62,359,353,11.6,11.0,96.7,96.9,11.5,10.9,238.0,232.0,994.4,994.4,-6.24,348.16,-0.01,29.8307,10.8734,346.8,52.0,1486.778, NAN, NAN, NAN, NAN,,2024/04/04 04:33:47.798,2024-04-04 04:33:47.798000+00:00
2024/04/04, 04:34:47.798,35.954,-75.121,-0.12,238.79,331.25,0.08,15.0,15.0,992.2,992.3,0.0,0.0,13.74,11.62,2,355,11.1,10.8,96.9,96.9,11.1,10.8,240.8,233.9,994.3,994.4,-6.18,354.45,-0.02,29.8366,10.8722,348.0,52.1,1486.781, NAN, NAN, NAN, NAN,,2024/04/04 04:34:47.798,2024-04-04 04:34:47.798000+00:00
2024/04/04, 04:35:47.798,35.954,-75.121,-0.06,240.11,67.02,0.16,15.0,15.0,992.4,992.5,0.0,0.0,13.74,11.62,0,354,10.5,10.8,97.1,97.1,10.6,10.9,240.0,234.0,994.5,994.6,-6.01,365.89,-0.02,29.8493,10.8708,344.6,51.6,1486.791, NAN, NAN, NAN, NAN,,2024/04/04 04:35:47.798,2024-04-04 04:35:47.798000+00:00
2024/04/04, 04:36:47.798,35.954,-75.121,-0.04,239.89,324.36,0.56,14.9,14.9,992.3,992.2,0.0,0.0,13.74,11.62,2,356,10.8,10.4,97.0,97.1,10.8,10.4,240.4,234.3,994.4,994.3,-5.9,376.57,-0.01,29.8568,10.8705,346.8,51.4,1486.799, NAN, NAN, NAN, NAN,,2024/04/04 04:36:47.798,2024-04-04 04:36:47.798000+00:00
2024/04/04, 04:37:47.798,35.954,-75.121,0.02,238.65,19.3,0.15,14.9,14.9,992.7,992.6,0.0,0.0,13.74,11.62,8,0,11.0,10.9,97.0,97.1,11.0,10.9,246.3,238.3,994.8,994.7,-5.74,382.25,-0.02,29.8627,10.8702,348.6,51.4,1486.805, NAN, NAN, NAN, NAN,,2024/04/04 04:37:47.798,2024-04-04 04:37:47.798000+00:00
2024/04/04, 04:38:47.798,35.954,-75.121,-0.02,238.09,148.73,0.18,14.8,14.8,992.6,992.7,0.0,0.0,13.74,11.62,5,1,11.0,11.6,96.8,96.9,11.1,11.7,243.3,239.3,994.7,994.8,-5.62,402.01,-0.01,29.8632,10.8686,346.8,51.6,1486.8, NAN, NAN, NAN, NAN,,2024/04/04 04:38:47.798,2024-04-04 04:38:47.798000+00:00
2024/04/04, 04:39:47.798,35.954,-75.121,0.01,238.33,82.97,0.65,14.9,14.9,993.1,993.1,0.0,0.0,13.74,11.62,46,57,11.4,13.4,98.4,98.7,11.7,13.7,285.3,296.0,995.2,995.2,-5.47,401.06,-0.02,29.8738,10.8682,347.6,37.4,1486.811, NAN, NAN, NAN, NAN,,2024/04/04 04:39:47.798,2024-04-04 04:39:47.798000+00:00
2024/04/04, 04:40:47.798,35.954,-75.121,0.09,236.4,123.56,0.79,14.4,14.5,992.8,993.4,0.0,0.0,13.74,11.62,89,86,20.8,21.9,90.1,90.3,21.2,22.3,325.4,322.5,994.9,995.5,-5.23,386.78,-0.01,29.8735,10.8658,347.5,50.9,1486.802, NAN, NAN, NAN, NAN,,2024/04/04 04:40:47.798,2024-04-04 04:40:47.798000+00:00
2024/04/04, 04:41:47.798,35.954,-75.121,-0.03,273.75,168.96,0.85,13.4,13.5,992.9,993.0,0.0,0.0,13.74,11.62,83,74,20.3,20.4,84.6,84.7,20.7,20.8,357.1,348.2,995.0,995.1,-5.83,385.56,-0.02,29.8811,10.8636,346.5,51.6,1486.803, NAN, NAN, NAN, NAN,,2024/04/04 04:41:47.798,2024-04-04 04:41:47.798000+00:00
2024/04/04, 04:42:47.798,35.953,-75.121,0.1,298.68,97.31,0.43,12.9,12.9,992.9,993.8,0.0,0.0,13.74,11.62,48,37,22.0,23.6,86.2,86.7,22.2,23.8,346.6,335.7,995.0,995.9,-6.11,385.15,-0.01,29.8878,10.864,346.8,51.1,1486.813, NAN, NAN, NAN, NAN,,2024/04/04 04:42:47.798,2024-04-04 04:42:47.798000+00:00
2024/04/04, 04:43:47.798,35.953,-75.121,0.04,320.4,109.72,0.4,12.6,12.6,993.4,993.8,0.0,0.0,13.74,11.62,19,12,22.9,19.9,86.4,87.0,23.1,20.1,339.1,332.1,995.5,995.9,-6.14,384.44,-0.02,29.884,10.8629,351.0,51.2,1486.804, NAN, NAN, NAN, NAN,,2024/04/04 04:43:47.798,2024-04-04 04:43:47.798000+00:00
2024/04/04, 04:44:47.798,35.953,-75.121,-0.06,325.7,214.04,0.28,12.6,12.5,993.0,993.8,0.0,0.0,13.74,11.62,22,15,20.4,19.0,86.3,87.1,20.5,19.1,347.9,341.0,995.1,995.9,-6.17,383.22,-0.02,30.0794,10.8608,352.3,51.6,1487.032, NAN, NAN, NAN, NAN,,2024/04/04 04:44:47.798,2024-04-04 04:44:47.798000+00:00
2024/04/04, 04:45:47.799,35.953,-75.121,-0.13,331.7,90.41,0.9,12.3,12.4,993.4,993.7,0.0,0.0,13.74,11.62,11,2,18.3,17.5,87.5,87.5,18.4,17.7,341.3,332.3,995.5,995.8,-6.14,380.49,-0.01,30.1754,10.8591,354.0,47.7,1487.142, NAN, NAN, NAN, NAN,,2024/04/04 04:45:47.799,2024-04-04 04:45:47.799000+00:00
2024/04/04, 04:46:47.799,35.953,-75.121,0.0,332.9,172.55,0.17,12.3,12.3,993.8,993.7,0.0,0.0,13.74,11.62,0,354,17.2,15.4,88.1,87.9,17.3,15.5,332.9,326.9,995.9,995.8,-6.09,382.9,-0.02,30.1527,10.8575,356.0,43.4,1487.109, NAN, NAN, NAN, NAN,,2024/04/04 04:46:47.799,2024-04-04 04:46:47.799000+00:00
2024/04/04, 04:47:47.799,35.953,-75.121,0.31,332.97,297.95,0.25,12.2,12.3,994.0,993.8,0.0,0.0,13.74,11.62,1,0,15.8,16.1,88.0,87.9,15.7,16.0,333.6,332.6,996.1,995.9,-5.92,383.75,-0.02,30.1162,10.8564,354.4,41.5,1487.061, NAN, NAN, NAN, NAN,,2024/04/04 04:47:47.799,2024-04-04 04:47:47.799000+00:00
2024/04/04, 04:48:47.799,35.953,-75.12,-0.27,331.57,83.11,0.37,12.2,12.2,993.8,993.7,0.0,0.0,13.74,11.62,8,2,16.6,16.4,88.1,87.9,16.6,16.4,338.9,332.9,995.9,995.8,-5.76,383.19,-0.01,30.0655,10.8549,355.0,40.3,1486.995, NAN, NAN, NAN, NAN,,2024/04/04 04:48:47.799,2024-04-04 04:48:47.799000+00:00
2024/04/04, 04:49:47.799,35.953,-75.12,0.32,331.09,318.38,0.34,12.1,12.2,994.0,994.3,0.0,0.0,13.74,11.62,5,2,15.6,15.1,88.3,88.0,15.4,14.9,336.1,333.1,996.1,996.4,-5.7,383.82,-0.02,30.0303,10.8542,354.7,40.6,1486.95, NAN, NAN, NAN, NAN,,2024/04/04 04:49:47.799,2024-04-04 04:49:47.799000+00:00
2024/04/04, 04:50:47.799,35.953,-75.12,-0.18,329.23,76.71,0.42,12.1,12.2,993.8,993.8,0.0,0.0,13.74,11.62,8,3,15.9,16.3,88.5,88.3,15.9,16.3,336.5,331.5,995.9,995.9,-5.59,383.96,-0.01,29.9966,10.8526,351.0,40.1,1486.903, NAN, NAN, NAN, NAN,,2024/04/04 04:50:47.799,2024-04-04 04:50:47.799000+00:00
2024/04/04, 04:51:47.799,35.954,-75.12,-0.26,330.03,42.62,0.46,12.1,12.1,994.0,994.3,0.0,0.0,13.74,11.62,3,357,14.0,13.9,88.5,88.2,13.9,13.8,332.2,326.2,996.1,996.4,-5.55,383.64,-0.02,29.9829,10.8511,351.6,39.7,1486.882, NAN, NAN, NAN, NAN,,2024/04/04 04:51:47.799,2024-04-04 04:51:47.799000+00:00
2024/04/04, 04:52:47.799,35.954,-75.12,-0.11,330.63,121.42,0.43,12.0,12.1,993.8,993.9,0.0,0.0,13.74,11.62,3,2,15.4,14.5,88.6,88.3,15.5,14.6,332.9,331.8,995.9,996.0,-5.53,384.41,-0.01,29.9795,10.8496,350.5,40.1,1486.872, NAN, NAN, NAN, NAN,,2024/04/04 04:52:47.799,2024-04-04 04:52:47.799000+00:00
2024/04/04, 04:53:47.799,35.954,-75.12,0.15,330.04,186.72,0.63,12.0,12.1,994.1,994.1,0.0,0.0,13.74,11.62,359,359,15.7,14.7,88.5,88.3,15.9,14.9,328.2,328.2,996.2,996.2,-5.43,384.43,-0.01,30.0261,10.8492,354.7,39.4,1486.927, NAN, NAN, NAN, NAN,,2024/04/04 04:53:47.799,2024-04-04 04:53:47.799000+00:00
2024/04/04, 04:54:47.799,35.954,-75.12,-0.42,331.36,42.99,0.43,12.0,12.1,993.8,994.0,0.0,0.0,13.74,11.62,1,0,15.2,14.3,88.3,88.1,15.1,14.2,331.7,330.7,995.9,996.1,-5.45,383.77,-0.01,30.0832,10.848,354.0,38.5,1486.991, NAN, NAN, NAN, NAN,,2024/04/04 04:54:47.799,2024-04-04 04:54:47.799000+00:00
2024/04/04, 04:55:47.799,35.954,-75.12,0.07,331.36,14.29,0.65,12.0,12.1,994.2,994.2,0.0,0.0,13.74,11.62,2,356,16.2,14.8,88.4,88.2,16.1,14.7,332.3,326.1,996.3,996.3,-5.39,384.17,-0.01,30.1137,10.8461,361.4,39.2,1487.021, NAN, NAN, NAN, NAN,,2024/04/04 04:55:47.799,2024-04-04 04:55:47.799000+00:00
2024/04/04, 04:56:47.799,35.954,-75.12,-0.02,327.02,256.83,0.25,12.0,12.1,994.2,994.3,0.0,0.0,13.74,11.62,3,2,15.2,16.0,88.3,88.1,15.2,16.0,330.5,329.5,996.3,996.4,-5.48,384.27,-0.01,30.0935,10.8446,356.6,38.6,1486.992, NAN, NAN, NAN, NAN,,2024/04/04 04:56:47.799,2024-04-04 04:56:47.799000+00:00
2024/04/04, 04:57:47.799,35.954,-75.12,-0.04,326.57,50.46,0.08,12.0,12.1,994.3,994.1,0.0,0.0,13.74,11.62,12,0,16.0,15.0,88.4,88.1,16.0,15.0,338.5,326.5,996.4,996.2,-5.42,383.36,-0.01,30.0839,10.8433,354.7,38.6,1486.975, NAN, NAN, NAN, NAN,,2024/04/04 04:57:47.799,2024-04-04 04:57:47.799000+00:00
2024/04/04, 04:58:47.799,35.954,-75.12,-0.07,328.23,251.56,0.07,12.0,12.0,993.7,994.0,0.0,0.0,13.74,11.62,6,357,16.7,16.2,88.3,88.1,16.7,16.2,334.1,325.1,995.8,996.1,-5.32,384.19,-0.01,30.0731,10.8424,356.3,39.4,1486.959, NAN, NAN, NAN, NAN,,2024/04/04 04:58:47.799,2024-04-04 04:58:47.799000+00:00
2024/04/04, 04:59:47.799,35.954,-75.12,-0.06,327.74,286.61,0.1,12.0,12.1,994.3,994.3,0.0,0.0,13.74,11.62,6,359,15.2,15.5,88.2,88.1,15.2,15.5,333.9,326.9,996.4,996.4,-5.39,383.78,-0.01,30.078,10.842,355.6,39.1,1486.964, NAN, NAN, NAN, NAN,,2024/04/04 04:59:47.799,2024-04-04 04:59:47.799000+00:00
2024/04/04, 05:00:47.799,35.954,-75.12,-0.27,326.87,36.79,0.14,12.0,12.0,994.2,994.3,0.0,0.0,13.74,11.62,8,352,16.4,14.1,88.1,88.0,16.4,14.1,334.6,318.6,996.3,996.4,-5.43,383.88,-0.02,30.0891,10.8406,355.0,38.4,1486.972, NAN, NAN, NAN, NAN,,2024/04/04 05:00:47.799,2024-04-04 05:00:47.799000+00:00
2024/04/04, 05:01:47.800,35.954,-75.12,-0.3,325.58,68.64,0.39,12.0,12.0,994.2,994.1,0.0,0.0,13.74,11.62,8,4,16.0,15.9,88.1,88.0,16.0,15.9,332.9,328.9,996.3,996.2,-5.34,383.71,-0.02,30.1186,10.8404,355.3,38.5,1487.007, NAN, NAN, NAN, NAN,,2024/04/04 05:01:47.800,2024-04-04 05:01:47.800000+00:00
2024/04/04, 05:02:47.800,35.954,-75.12,-0.3,326.12,203.67,0.21,12.0,12.0,993.8,994.3,0.0,0.0,13.74,11.62,7,1,15.1,16.1,88.0,88.0,15.2,16.2,333.4,327.4,995.9,996.4,-5.37,383.91,-0.02,30.1645,10.8388,356.0,38.2,1487.056, NAN, NAN, NAN, NAN,,2024/04/04 05:02:47.800,2024-04-04 05:02:47.800000+00:00
2024/04/04, 05:03:47.800,35.954,-75.12,-0.08,325.97,76.16,0.48,12.0,12.0,994.3,994.4,0.0,0.0,13.74,11.62,10,5,16.3,16.2,87.6,87.5,16.2,16.1,335.2,330.1,996.4,996.5,-5.35,384.06,-0.02,30.2326,10.8373,356.9,39.1,1487.133, NAN, NAN, NAN, NAN,,2024/04/04 05:03:47.800,2024-04-04 05:03:47.800000+00:00
2024/04/04, 05:04:47.800,35.954,-75.12,-0.27,328.59,224.95,0.23,12.0,12.0,994.3,994.6,0.0,0.0,13.74,11.62,9,5,15.3,15.2,87.9,87.7,15.2,15.1,338.0,334.0,996.4,996.7,-5.27,383.83,-0.02,30.2335,10.8373,356.6,38.8,1487.134, NAN, NAN, NAN, NAN,,2024/04/04 05:04:47.800,2024-04-04 05:04:47.800000+00:00
2024/04/04, 05:05:47.800,35.954,-75.12,-0.14,326.02,146.39,0.31,11.9,12.0,994.0,994.3,0.0,0.0,13.74,11.62,9,4,17.0,16.7,88.0,87.9,17.1,16.8,334.7,329.7,996.1,996.4,-5.31,384.19,-0.02,30.2758,10.8364,358.4,39.1,1487.182, NAN, NAN, NAN, NAN,,2024/04/04 05:05:47.800,2024-04-04 05:05:47.800000+00:00
2024/04/04, 05:06:47.800,35.954,-75.12,-0.34,327.05,267.89,0.09,11.9,12.0,994.3,994.3,0.0,0.0,13.74,11.62,17,5,17.1,17.9,87.7,87.6,17.1,17.9,343.9,331.9,996.4,996.4,-5.34,384.29,-0.02,30.3308,10.8372,365.7,36.0,1487.251, NAN, NAN, NAN, NAN,,2024/04/04 05:06:47.800,2024-04-04 05:06:47.800000+00:00
2024/04/04, 05:07:47.800,35.954,-75.12,-0.11,326.49,189.87,0.12,11.9,12.0,994.1,994.4,0.0,0.0,13.74,11.62,10,8,15.3,15.2,87.2,87.1,15.4,15.3,336.5,334.5,996.2,996.5,-5.28,384.07,-0.02,30.3306,10.8375,362.0,34.6,1487.252, NAN, NAN, NAN, NAN,,2024/04/04 05:07:47.800,2024-04-04 05:07:47.800000+00:00
2024/04/04, 05:08:47.800,35.954,-75.12,-0.26,325.16,105.52,0.3,11.9,12.0,994.5,994.4,0.0,0.0,13.74,11.62,14,11,13.6,13.5,87.4,87.3,13.7,13.6,338.9,336.0,996.6,996.5,-5.27,383.08,-0.01,30.264,10.8365,360.8,34.4,1487.168, NAN, NAN, NAN, NAN,,2024/04/04 05:08:47.800,2024-04-04 05:08:47.800000+00:00
2024/04/04, 05:09:47.800,35.954,-75.12,-0.26,327.2,195.67,0.31,11.9,11.9,994.5,994.3,0.0,0.0,13.74,11.62,15,8,18.6,15.9,87.9,87.6,18.8,16.1,342.2,335.3,996.6,996.4,-5.39,382.77,-0.01,30.239,10.8374,359.3,34.4,1487.141, NAN, NAN, NAN, NAN,,2024/04/04 05:09:47.800,2024-04-04 05:09:47.800000+00:00
2024/04/04, 05:10:47.800,35.954,-75.12,-0.24,327.92,278.24,0.38,11.9,11.9,994.4,994.8,0.0,0.0,13.74,11.62,13,7,14.7,17.0,87.5,87.4,14.6,16.9,341.6,335.5,996.5,996.9,-5.28,383.03,-0.01,30.2793,10.838,358.0,34.0,1487.192, NAN, NAN, NAN, NAN,,2024/04/04 05:10:47.800,2024-04-04 05:10:47.800000+00:00
2024/04/04, 05:11:47.800,35.954,-75.12,-0.09,325.0,44.38,0.24,11.9,11.9,994.4,994.4,0.0,0.0,13.74,11.62,15,11,17.2,14.5,87.1,87.0,17.2,14.5,339.6,335.5,996.5,996.5,-5.35,382.4,-0.02,30.2719,10.8341,361.1,33.2,1487.169, NAN, NAN, NAN, NAN,,2024/04/04 05:11:47.800,2024-04-04 05:11:47.800000+00:00
2024/04/04, 05:12:47.800,35.954,-75.12,-0.15,326.69,288.69,0.11,11.8,11.9,994.8,994.8,0.0,0.0,13.74,11.62,11,5,13.3,13.8,87.2,87.1,13.3,13.8,337.5,331.5,996.9,996.9,-5.39,382.03,-0.01,30.2385,10.8324,360.6,33.5,1487.123, NAN, NAN, NAN, NAN,,2024/04/04 05:12:47.800,2024-04-04 05:12:47.800000+00:00
2024/04/04, 05:13:47.800,35.954,-75.12,-0.27,326.65,92.45,0.1,11.8,11.9,994.6,994.8,0.0,0.0,13.74,11.62,10,3,16.0,15.2,87.3,87.1,16.0,15.2,336.6,329.6,996.7,996.9,-5.45,382.07,-0.02,30.2549,10.832,359.6,33.0,1487.141, NAN, NAN, NAN, NAN,,2024/04/04 05:13:47.800,2024-04-04 05:13:47.800000+00:00
2024/04/04, 05:14:47.800,35.954,-75.12,0.08,327.16,299.89,0.45,11.8,11.8,994.7,994.7,0.0,0.0,13.74,11.62,9,2,16.5,16.2,86.9,86.9,16.3,16.0,336.7,329.6,996.8,996.8,-5.34,382.1,-0.01,30.2829,10.8336,361.1,32.9,1487.181, NAN, NAN, NAN, NAN,,2024/04/04 05:14:47.800,2024-04-04 05:14:47.800000+00:00
2024/04/04, 05:15:47.800,35.954,-75.12,0.03,326.07,287.18,0.45,11.8,11.8,994.2,994.3,0.0,0.0,13.74,11.62,15,9,17.6,15.5,86.7,86.7,17.5,15.4,341.8,335.8,996.3,996.4,-5.33,381.68,-0.02,30.3378,10.8322,366.0,32.4,1487.242, NAN, NAN, NAN, NAN,,2024/04/04 05:15:47.800,2024-04-04 05:15:47.800000+00:00
2024/04/04, 05:16:47.800,35.954,-75.12,-0.15,327.26,206.2,0.13,11.8,11.8,994.7,994.8,0.0,0.0,13.74,11.62,12,10,14.4,13.7,86.5,86.5,14.4,13.7,339.5,337.5,996.8,996.9,-5.36,381.52,-0.01,30.3183,10.8297,360.6,32.9,1487.209, NAN, NAN, NAN, NAN,,2024/04/04 05:16:47.800,2024-04-04 05:16:47.800000+00:00
2024/04/04, 05:17:47.801,35.954,-75.12,-0.15,324.38,28.67,0.37,11.8,11.8,994.3,994.7,0.0,0.0,13.74,11.62,13,9,15.2,15.1,86.8,86.5,15.2,15.1,336.7,332.7,996.4,996.8,-5.36,381.17,-0.01,30.3018,10.8279,359.3,32.5,1487.183, NAN, NAN, NAN, NAN,,2024/04/04 05:17:47.801,2024-04-04 05:17:47.801000+00:00
2024/04/04, 05:18:47.801,35.954,-75.12,-0.18,327.17,313.99,0.5,11.8,11.8,994.8,994.8,0.0,0.0,13.74,11.62,12,8,15.1,14.8,86.8,86.9,14.9,14.6,339.8,335.8,996.9,996.9,-5.37,380.74,-0.02,30.3918,10.8268,368.1,33.4,1487.288, NAN, NAN, NAN, NAN,,2024/04/04 05:18:47.801,2024-04-04 05:18:47.801000+00:00
2024/04/04, 05:19:47.801,35.954,-75.12,-0.3,325.88,201.12,0.37,11.7,11.7,994.6,994.8,0.0,0.0,13.74,11.62,11,10,15.1,13.2,87.2,87.3,15.2,13.3,337.4,336.5,996.7,996.9,-5.34,380.48,-0.02,30.4216,10.8285,359.6,32.9,1487.329, NAN, NAN, NAN, NAN,,2024/04/04 05:19:47.801,2024-04-04 05:19:47.801000+00:00
2024/04/04, 05:20:47.801,35.954,-75.12,-0.1,325.32,233.24,0.45,11.7,11.7,995.0,994.8,0.0,0.0,13.74,11.62,13,6,14.6,13.6,87.4,87.3,14.7,13.7,339.1,332.2,997.1,996.9,-5.35,380.29,-0.01,30.4058,10.8318,360.6,32.5,1487.322, NAN, NAN, NAN, NAN,,2024/04/04 05:20:47.801,2024-04-04 05:20:47.801000+00:00
2024/04/04, 05:21:47.801,35.954,-75.12,-0.11,324.66,76.31,0.81,11.7,11.7,994.5,994.8,0.0,0.0,13.74,11.62,18,5,14.9,13.5,87.4,87.7,14.9,13.6,341.1,328.0,996.6,996.9,-5.41,380.58,-0.02,30.4004,10.8344,357.7,32.1,1487.325, NAN, NAN, NAN, NAN,,2024/04/04 05:21:47.801,2024-04-04 05:21:47.801000+00:00
2024/04/04, 05:22:47.801,35.954,-75.12,-0.31,324.17,29.26,0.14,11.6,11.6,995.1,994.8,0.0,0.0,13.74,11.62,16,10,13.4,12.4,88.2,88.1,13.3,12.3,340.0,334.0,997.2,996.9,-5.29,380.49,-0.02,30.3928,10.8357,362.4,31.7,1487.32, NAN, NAN, NAN, NAN,,2024/04/04 05:22:47.801,2024-04-04 05:22:47.801000+00:00
2024/04/04, 05:23:47.801,35.954,-75.12,-0.29,326.33,200.85,0.55,11.6,11.6,994.9,994.9,0.0,0.0,13.74,11.62,17,15,12.2,12.5,88.6,88.6,12.5,12.8,343.7,341.7,997.0,997.0,-5.36,380.55,-0.02,30.4032,10.8336,361.4,31.7,1487.325, NAN, NAN, NAN, NAN,,2024/04/04 05:23:47.801,2024-04-04 05:23:47.801000+00:00
2024/04/04, 05:24:47.801,35.954,-75.12,0.2,324.92,101.32,0.14,11.5,11.5,994.9,994.8,0.0,0.0,13.74,11.62,14,9,11.9,11.3,88.7,88.6,11.9,11.3,339.3,334.3,997.0,996.9,-5.39,380.28,-0.02,30.3992,10.8309,359.0,31.1,1487.311, NAN, NAN, NAN, NAN,,2024/04/04 05:24:47.801,2024-04-04 05:24:47.801000+00:00
2024/04/04, 05:25:47.801,35.954,-75.12,-0.14,326.31,274.14,0.26,11.5,11.5,994.8,995.3,0.0,0.0,13.74,11.62,13,4,12.9,12.6,89.1,89.0,12.9,12.6,339.9,330.9,996.9,997.4,-5.39,380.26,-0.01,30.3839,10.8287,362.4,31.6,1487.285, NAN, NAN, NAN, NAN,,2024/04/04 05:25:47.801,2024-04-04 05:25:47.801000+00:00
2024/04/04, 05:26:47.801,35.954,-75.12,-0.14,325.36,94.75,0.63,11.4,11.4,994.7,994.9,0.0,0.0,13.74,11.62,13,8,16.2,14.4,88.4,88.4,16.3,14.5,337.3,332.2,996.8,997.0,-5.42,380.26,-0.01,30.3718,10.8277,357.7,31.6,1487.267, NAN, NAN, NAN, NAN,,2024/04/04 05:26:47.801,2024-04-04 05:26:47.801000+00:00
2024/04/04, 05:27:47.801,35.954,-75.12,-0.13,326.8,223.61,0.38,11.4,11.4,995.1,995.0,0.0,0.0,13.74,11.62,16,10,13.2,14.7,88.1,88.1,13.3,14.8,343.6,337.5,997.2,997.1,-5.37,380.11,-0.02,30.3717,10.8255,360.3,31.6,1487.259, NAN, NAN, NAN, NAN,,2024/04/04 05:27:47.801,2024-04-04 05:27:47.801000+00:00
2024/04/04, 05:28:47.801,35.954,-75.12,-0.29,325.19,231.88,0.4,11.3,11.3,994.6,994.8,0.0,0.0,13.74,11.62,14,7,16.0,15.6,88.1,88.1,16.1,15.7,339.9,332.9,996.7,996.9,-5.43,379.52,-0.01,30.3941,10.8265,365.7,31.4,1487.289, NAN, NAN, NAN, NAN,,2024/04/04 05:28:47.801,2024-04-04 05:28:47.801000+00:00
2024/04/04, 05:29:47.801,35.954,-75.12,-0.2,325.65,91.56,0.54,11.3,11.3,994.8,995.2,0.0,0.0,13.74,11.62,12,7,13.0,13.3,88.6,88.6,13.1,13.4,336.5,331.5,996.9,997.3,-5.4,379.14,-0.01,30.4062,10.826,362.7,31.6,1487.302, NAN, NAN, NAN, NAN,,2024/04/04 05:29:47.801,2024-04-04 05:29:47.801000+00:00
2024/04/04, 05:30:47.801,35.954,-75.12,-0.17,324.11,256.5,0.63,11.2,11.3,995.1,995.0,0.0,0.0,13.74,11.62,12,4,13.4,16.6,89.0,88.9,13.4,16.6,337.5,329.2,997.2,997.1,-5.41,379.11,-0.02,30.4253,10.8265,361.4,33.8,1487.327, NAN, NAN, NAN, NAN,,2024/04/04 05:30:47.801,2024-04-04 05:30:47.801000+00:00
2024/04/04, 05:31:47.801,35.954,-75.12,-0.11,329.19,278.53,0.25,11.3,11.3,994.9,994.5,0.0,0.0,13.74,11.62,12,6,16.6,15.3,89.1,88.8,16.5,15.2,341.6,335.6,997.0,996.6,-5.57,379.29,-0.02,30.4213,10.8255,358.4,33.4,1487.318, NAN, NAN, NAN, NAN,,2024/04/04 05:31:47.801,2024-04-04 05:31:47.801000+00:00
2024/04/04, 05:32:47.801,35.954,-75.12,-0.06,332.13,285.27,0.36,11.3,11.3,994.9,995.1,0.0,0.0,13.74,11.62,6,359,13.7,13.3,88.9,88.8,13.6,13.2,338.7,331.7,997.0,997.2,-5.55,379.14,-0.01,30.4165,10.8216,359.6,33.9,1487.299, NAN, NAN, NAN, NAN,,2024/04/04 05:32:47.801,2024-04-04 05:32:47.801000+00:00
2024/04/04, 05:33:47.802,35.954,-75.12,-0.15,332.91,291.72,0.93,11.3,11.3,994.7,995.0,0.0,0.0,13.74,11.62,6,357,14.4,14.1,88.9,88.9,14.1,13.7,340.3,331.1,996.8,997.1,-5.42,379.84,-0.02,30.4554,10.8206,362.7,34.1,1487.342, NAN, NAN, NAN, NAN,,2024/04/04 05:33:47.802,2024-04-04 05:33:47.802000+00:00
2024/04/04, 05:34:47.802,35.954,-75.12,-0.3,332.06,219.5,0.31,11.3,11.3,995.1,995.1,0.0,0.0,13.74,11.62,4,358,11.3,13.3,88.7,88.7,11.2,13.2,336.8,330.6,997.2,997.2,-5.35,379.51,-0.01,30.4369,10.8206,357.7,33.5,1487.32, NAN, NAN, NAN, NAN,,2024/04/04 05:34:47.802,2024-04-04 05:34:47.802000+00:00
2024/04/04, 05:35:47.802,35.954,-75.12,-0.18,331.64,55.73,0.39,11.3,11.3,994.8,994.9,0.0,0.0,13.74,11.62,358,356,15.5,13.9,88.5,88.5,15.5,13.9,328.9,326.8,996.9,997.0,-5.45,379.78,-0.02,30.4509,10.8181,360.3,33.7,1487.328, NAN, NAN, NAN, NAN,,2024/04/04 05:35:47.802,2024-04-04 05:35:47.802000+00:00
2024/04/04, 05:36:47.802,35.954,-75.12,-0.1,330.02,150.87,0.43,11.3,11.3,994.9,994.9,0.0,0.0,13.74,11.62,1,358,15.2,14.4,88.1,88.1,15.3,14.5,331.8,328.9,997.0,997.0,-5.32,379.22,-0.02,30.4783,10.8179,360.0,34.1,1487.36, NAN, NAN, NAN, NAN,,2024/04/04 05:36:47.802,2024-04-04 05:36:47.802000+00:00
2024/04/04, 05:37:47.802,35.954,-75.12,-0.27,331.48,247.59,0.25,11.3,11.3,994.8,994.9,0.0,0.0,13.74,11.62,6,354,14.3,13.0,88.4,88.4,14.4,13.0,337.9,326.0,996.9,997.0,-5.3,378.02,-0.01,30.4579,10.8162,361.4,33.8,1487.329, NAN, NAN, NAN, NAN,,2024/04/04 05:37:47.802,2024-04-04 05:37:47.802000+00:00
2024/04/04, 05:38:47.802,35.954,-75.12,-0.03,332.19,250.53,0.34,11.3,11.3,994.8,994.8,0.0,0.0,13.74,11.62,0,355,14.6,14.6,88.5,88.5,14.5,14.4,332.6,327.5,996.9,996.9,-5.28,373.53,-0.02,30.5089,10.8168,363.0,32.9,1487.393, NAN, NAN, NAN, NAN,,2024/04/04 05:38:47.802,2024-04-04 05:38:47.802000+00:00
2024/04/04, 05:39:47.802,35.954,-75.12,-0.2,329.66,106.8,0.16,11.3,11.3,994.7,994.8,0.0,0.0,13.74,11.62,6,358,14.2,13.9,88.5,88.4,14.2,14.0,335.4,327.4,996.8,996.9,-5.31,367.94,-0.01,30.5172,10.8182,364.1,34.0,1487.408, NAN, NAN, NAN, NAN,,2024/04/04 05:39:47.802,2024-04-04 05:39:47.802000+00:00
2024/04/04, 05:40:47.802,35.954,-75.12,-0.15,330.11,193.22,0.39,11.2,11.3,994.6,994.9,0.0,0.0,13.74,11.62,2,356,13.7,12.1,88.4,88.4,13.8,12.2,332.7,326.8,996.7,997.0,-5.42,364.54,-0.01,30.5493,10.8173,361.1,33.7,1487.443, NAN, NAN, NAN, NAN,,2024/04/04 05:40:47.802,2024-04-04 05:40:47.802000+00:00
2024/04/04, 05:41:47.802,35.954,-75.12,-0.15,330.36,27.8,0.29,11.2,11.2,994.8,994.9,0.0,0.0,13.74,11.62,4,357,12.8,11.6,88.3,88.7,12.7,11.5,333.9,326.8,996.9,997.0,-5.45,346.7,-0.02,30.5745,10.811,365.1,33.7,1487.451, NAN, NAN, NAN, NAN,,2024/04/04 05:41:47.802,2024-04-04 05:41:47.802000+00:00
2024/04/04, 05:42:47.802,35.954,-75.12,-0.15,330.3,336.58,0.13,11.1,11.2,994.7,994.8,0.0,0.0,13.74,11.62,5,358,13.0,12.5,88.6,88.7,12.9,12.4,335.3,328.3,996.8,996.9,-5.55,331.53,-0.01,30.5604,10.8109,364.0,33.7,1487.434, NAN, NAN, NAN, NAN,,2024/04/04 05:42:47.802,2024-04-04 05:42:47.802000+00:00
2024/04/04, 05:43:47.802,35.954,-75.12,-0.21,330.44,111.77,0.18,11.1,11.1,994.7,994.9,0.0,0.0,13.74,11.62,9,5,12.4,12.9,88.1,88.3,12.5,13.0,339.4,335.4,996.8,997.0,-5.74,321.04,-0.01,30.5972,10.8092,358.7,33.5,1487.472, NAN, NAN, NAN, NAN,,2024/04/04 05:43:47.802,2024-04-04 05:43:47.802000+00:00
2024/04/04, 05:44:47.802,35.954,-75.12,-0.23,332.13,248.87,0.19,11.1,11.1,994.8,994.8,0.0,0.0,13.74,11.62,9,3,14.2,13.3,87.3,87.3,14.1,13.2,341.3,335.2,996.9,996.9,-5.9,313.61,-0.02,30.6343,10.802,360.0,33.5,1487.491, NAN, NAN, NAN, NAN,,2024/04/04 05:44:47.802,2024-04-04 05:44:47.802000+00:00
2024/04/04, 05:45:47.802,35.954,-75.12,-0.13,330.43,88.18,0.39,11.1,11.1,994.8,994.7,0.0,0.0,13.74,11.62,9,0,13.7,11.5,86.0,86.1,13.7,11.5,338.6,329.4,996.9,996.8,-6.0,311.99,-0.01,30.6194,10.7971,362.7,34.0,1487.456, NAN, NAN, NAN, NAN,,2024/04/04 05:45:47.802,2024-04-04 05:45:47.802000+00:00
2024/04/04, 05:46:47.802,35.954,-75.12,-0.19,330.61,158.17,0.06,11.1,11.1,994.8,994.9,0.0,0.0,13.74,11.62,9,1,13.4,12.7,86.1,86.1,13.4,12.7,339.7,331.7,996.9,997.0,-6.05,311.51,-0.01,30.6244,10.7995,360.0,34.0,1487.471, NAN, NAN, NAN, NAN,,2024/04/04 05:46:47.802,2024-04-04 05:46:47.802000+00:00
2024/04/04, 05:47:47.802,35.954,-75.12,0.0,330.49,260.54,0.21,11.1,11.1,994.7,994.6,0.0,0.0,13.74,11.62,9,7,13.3,15.3,85.1,86.1,13.2,15.2,339.9,337.8,996.8,996.7,-6.16,311.18,-0.01,30.5996,10.8008,362.4,34.2,1487.445, NAN, NAN, NAN, NAN,,2024/04/04 05:47:47.802,2024-04-04 05:47:47.802000+00:00
2024/04/04, 05:48:47.802,35.954,-75.12,-0.26,330.74,313.94,0.45,11.0,11.1,994.5,994.5,0.0,0.0,13.74,11.62,12,8,12.8,11.5,83.9,84.0,12.8,11.4,343.8,339.9,996.6,996.6,-6.12,311.06,-0.02,30.5985,10.7977,365.7,33.9,1487.433, NAN, NAN, NAN, NAN,,2024/04/04 05:48:47.802,2024-04-04 05:48:47.802000+00:00
2024/04/04, 05:49:47.803,35.954,-75.12,-0.38,329.5,122.09,0.35,11.1,11.1,994.8,994.8,0.0,0.0,13.74,11.62,13,11,12.3,12.8,84.8,84.9,12.4,13.0,342.0,340.1,996.9,996.9,-6.13,310.81,-0.01,30.5964,10.7954,362.7,33.2,1487.422, NAN, NAN, NAN, NAN,,2024/04/04 05:49:47.803,2024-04-04 05:49:47.803000+00:00
2024/04/04, 05:50:47.803,35.954,-75.12,-0.24,333.62,260.05,0.3,11.1,11.1,994.8,994.9,0.0,0.0,13.74,11.62,8,7,11.7,11.3,84.1,84.2,11.6,11.2,342.2,341.2,996.9,997.0,-6.21,310.14,-0.01,30.595,10.7877,364.0,34.0,1487.393, NAN, NAN, NAN, NAN,,2024/04/04 05:50:47.803,2024-04-04 05:50:47.803000+00:00
2024/04/04, 05:51:47.803,35.954,-75.12,-0.06,332.37,180.05,0.33,11.1,11.1,994.8,994.7,0.0,0.0,13.74,11.62,13,5,12.6,11.9,84.2,84.4,12.6,11.9,344.6,336.6,996.9,996.8,-6.18,309.23,-0.01,30.6035,10.7885,363.3,33.0,1487.406, NAN, NAN, NAN, NAN,,2024/04/04 05:51:47.803,2024-04-04 05:51:47.803000+00:00
2024/04/04, 05:52:47.803,35.954,-75.12,-0.17,331.05,32.57,0.29,11.0,11.1,994.8,994.9,0.0,0.0,13.74,11.62,16,10,11.3,11.0,84.5,84.5,11.2,10.9,346.5,340.4,996.9,997.0,-6.21,308.07,-0.02,30.6223,10.7907,370.2,32.0,1487.437, NAN, NAN, NAN, NAN,,2024/04/04 05:52:47.803,2024-04-04 05:52:47.803000+00:00
2024/04/04, 05:53:47.803,35.954,-75.12,-0.23,331.3,161.6,0.32,11.0,11.1,994.8,994.9,0.0,0.0,13.74,11.62,16,11,13.1,12.5,83.5,83.5,13.2,12.6,346.7,341.8,996.9,997.0,-6.26,307.4,-0.01,30.6418,10.7924,368.4,31.5,1487.466, NAN, NAN, NAN, NAN,,2024/04/04 05:53:47.803,2024-04-04 05:53:47.803000+00:00
2024/04/04, 05:54:47.803,35.954,-75.12,-0.17,330.17,329.93,0.18,11.0,11.0,994.6,994.7,0.0,0.0,13.74,11.62,14,8,14.5,13.5,82.9,82.9,14.4,13.4,344.1,338.1,996.7,996.8,-6.22,306.43,-0.02,30.6409,10.793,364.0,32.2,1487.467, NAN, NAN, NAN, NAN,,2024/04/04 05:54:47.803,2024-04-04 05:54:47.803000+00:00
2024/04/04, 05:55:47.803,35.954,-75.12,-0.12,336.04,237.69,0.22,11.0,11.0,994.8,994.5,0.0,0.0,13.74,11.62,12,7,13.5,12.5,82.0,82.1,13.5,12.5,348.5,343.5,996.9,996.6,-6.29,306.85,-0.01,30.6462,10.7917,366.2,31.8,1487.469, NAN, NAN, NAN, NAN,,2024/04/04 05:55:47.803,2024-04-04 05:55:47.803000+00:00
2024/04/04, 05:56:47.803,35.954,-75.12,-0.3,335.02,81.74,0.17,11.0,11.0,994.7,994.8,0.0,0.0,13.74,11.62,12,5,12.8,12.2,82.4,82.5,12.8,12.2,346.6,339.6,996.8,996.9,-6.15,306.65,-0.01,30.6334,10.7884,364.1,32.4,1487.442, NAN, NAN, NAN, NAN,,2024/04/04 05:56:47.803,2024-04-04 05:56:47.803000+00:00
2024/04/04, 05:57:47.803,35.954,-75.12,-0.1,335.84,256.74,0.3,11.0,11.0,994.5,994.5,0.0,0.0,13.74,11.62,12,6,12.0,11.2,82.4,82.5,12.1,11.2,348.5,342.6,996.6,996.6,-6.23,308.36,-0.02,30.6382,10.7889,363.6,32.4,1487.449, NAN, NAN, NAN, NAN,,2024/04/04 05:57:47.803,2024-04-04 05:57:47.803000+00:00
2024/04/04, 05:58:47.803,35.954,-75.12,-0.32,337.55,337.49,0.19,11.0,11.0,995.0,994.6,0.0,0.0,13.74,11.62,14,6,13.1,12.5,83.0,82.9,13.0,12.4,351.2,343.2,997.1,996.7,-6.23,309.92,-0.01,30.6423,10.7871,363.6,31.8,1487.448, NAN, NAN, NAN, NAN,,2024/04/04 05:58:47.803,2024-04-04 05:58:47.803000+00:00
2024/04/04, 05:59:47.803,35.954,-75.12,-0.4,339.73,58.22,0.04,11.0,11.0,994.7,994.5,0.0,0.0,13.74,11.62,3,357,10.8,10.5,82.6,83.0,10.8,10.5,342.7,336.8,996.8,996.6,-6.26,308.91,-0.02,30.654,10.7862,368.1,31.9,1487.459, NAN, NAN, NAN, NAN,,2024/04/04 05:59:47.803,2024-04-04 05:59:47.803000+00:00
2024/04/04, 06:00:47.803,35.954,-75.12,-0.23,341.68,271.77,0.72,11.0,11.0,994.7,994.4,0.0,0.0,13.74,11.62,7,2,12.3,12.2,82.8,82.8,12.3,12.1,350.4,345.4,996.8,996.5,-6.19,306.56,-0.01,30.6599,10.7915,368.4,31.2,1487.485, NAN, NAN, NAN, NAN,,2024/04/04 06:00:47.803,2024-04-04 06:00:47.803000+00:00
2024/04/04, 06:01:47.803,35.954,-75.12,-0.1,342.47,141.99,0.26,10.9,11.0,994.5,994.8,0.0,0.0,13.74,11.62,7,2,11.9,11.5,82.0,82.7,12.0,11.6,349.4,344.4,996.6,996.9,-6.28,305.78,-0.01,30.6725,10.7952,364.0,31.9,1487.513, NAN, NAN, NAN, NAN,,2024/04/04 06:01:47.803,2024-04-04 06:01:47.803000+00:00
2024/04/04, 06:02:47.803,35.954,-75.12,-0.42,343.01,28.29,0.18,11.0,11.0,994.5,994.8,0.0,0.0,13.74,11.62,9,3,11.0,10.9,83.1,83.0,10.9,10.8,352.1,346.0,996.6,996.9,-6.34,305.75,-0.02,30.6789,10.7952,367.0,31.7,1487.521, NAN, NAN, NAN, NAN,,2024/04/04 06:02:47.803,2024-04-04 06:02:47.803000+00:00
2024/04/04, 06:03:47.803,35.954,-75.12,-0.1,342.69,258.62,0.37,10.9,11.0,994.5,994.4,0.0,0.0,13.74,11.62,5,358,10.6,10.2,83.3,83.2,10.5,10.1,348.5,341.4,996.6,996.5,-6.33,305.72,-0.02,30.6798,10.797,367.5,31.7,1487.528, NAN, NAN, NAN, NAN,,2024/04/04 06:03:47.803,2024-04-04 06:03:47.803000+00:00
2024/04/04, 06:04:47.803,35.954,-75.12,-0.24,342.04,44.22,0.28,10.9,10.9,994.5,994.9,0.0,0.0,13.74,11.62,9,2,10.6,10.1,82.8,82.8,10.5,10.0,350.4,343.4,996.6,997.0,-6.34,305.72,-0.02,30.7075,10.7979,366.7,31.5,1487.565, NAN, NAN, NAN, NAN,,2024/04/04 06:04:47.803,2024-04-04 06:04:47.803000+00:00
2024/04/04, 06:05:47.804,35.954,-75.12,0.12,341.81,151.1,0.03,10.9,10.9,994.4,994.5,0.0,0.0,13.74,11.62,5,0,9.3,9.1,83.4,83.5,9.3,9.1,346.9,341.9,996.5,996.6,-6.32,306.35,-0.01,30.7127,10.795,366.7,31.5,1487.561, NAN, NAN, NAN, NAN,,2024/04/04 06:05:47.804,2024-04-04 06:05:47.804000+00:00
2024/04/04, 06:06:47.804,35.954,-75.12,-0.11,341.78,90.38,0.47,10.9,10.9,994.8,994.8,0.0,0.0,13.74,11.62,12,8,9.9,10.0,83.8,83.9,9.9,10.0,352.4,348.4,996.9,996.9,-6.33,307.5,-0.02,30.7307,10.7904,363.3,31.4,1487.566, NAN, NAN, NAN, NAN,,2024/04/04 06:06:47.804,2024-04-04 06:06:47.804000+00:00
2024/04/04, 06:07:47.804,35.954,-75.12,-0.07,342.4,216.19,0.17,10.8,10.9,994.7,994.7,0.0,0.0,13.74,11.62,13,7,9.9,9.8,84.0,83.9,9.9,9.8,354.9,348.9,996.8,996.8,-6.39,309.01,-0.02,30.744,10.7856,364.4,31.5,1487.565, NAN, NAN, NAN, NAN,,2024/04/04 06:07:47.804,2024-04-04 06:07:47.804000+00:00
2024/04/04, 06:08:47.804,35.954,-75.12,-0.22,343.03,108.46,0.12,10.8,10.8,994.5,994.3,0.0,0.0,13.74,11.62,10,2,9.9,9.4,84.0,84.1,9.9,9.4,352.7,344.7,996.6,996.4,-6.33,311.56,-0.02,30.7202,10.7861,364.1,32.9,1487.538, NAN, NAN, NAN, NAN,,2024/04/04 06:08:47.804,2024-04-04 06:08:47.804000+00:00
2024/04/04, 06:09:47.804,35.954,-75.12,-0.1,342.06,350.24,0.12,10.8,10.8,994.4,994.5,0.0,0.0,13.74,11.62,9,3,9.9,9.2,84.4,84.4,9.8,9.1,351.0,345.0,996.5,996.6,-6.33,313.84,-0.02,30.7402,10.7909,360.6,38.3,1487.58, NAN, NAN, NAN, NAN,,2024/04/04 06:09:47.804,2024-04-04 06:09:47.804000+00:00
2024/04/04, 06:10:47.804,35.954,-75.12,-0.18,340.69,137.83,0.08,10.8,10.8,994.4,994.3,0.0,0.0,13.74,11.62,15,10,9.6,9.5,84.6,84.7,9.6,9.5,355.4,350.4,996.5,996.4,-6.31,312.78,-0.01,30.7433,10.7902,360.8,38.2,1487.581, NAN, NAN, NAN, NAN,,2024/04/04 06:10:47.804,2024-04-04 06:10:47.804000+00:00
2024/04/04, 06:11:47.804,35.954,-75.12,-0.05,341.81,226.71,0.17,10.8,10.8,994.5,994.7,0.0,0.0,13.74,11.62,9,4,10.2,10.3,84.7,84.7,10.2,10.3,350.3,345.4,996.6,996.8,-6.33,311.75,-0.02,30.7419,10.7899,361.7,38.1,1487.578, NAN, NAN, NAN, NAN,,2024/04/04 06:11:47.804,2024-04-04 06:11:47.804000+00:00
2024/04/04, 06:12:47.804,35.954,-75.12,-0.09,341.74,47.1,0.17,10.7,10.8,994.4,994.6,0.0,0.0,13.74,11.62,11,5,8.8,8.4,84.2,84.3,8.8,8.4,352.2,346.1,996.5,996.7,-6.29,314.01,-0.02,30.7408,10.794,363.6,38.5,1487.591, NAN, NAN, NAN, NAN,,2024/04/04 06:12:47.804,2024-04-04 06:12:47.804000+00:00
2024/04/04, 06:13:47.804,35.954,-75.12,-0.01,340.4,113.57,0.3,10.7,10.8,994.3,994.4,0.0,0.0,13.74,11.62,14,8,11.1,10.3,85.4,85.4,11.2,10.5,354.2,348.3,996.4,996.5,-6.26,317.06,-0.02,30.7474,10.7963,368.1,38.1,1487.607, NAN, NAN, NAN, NAN,,2024/04/04 06:13:47.804,2024-04-04 06:13:47.804000+00:00
2024/04/04, 06:14:47.804,35.954,-75.12,-0.14,341.81,245.09,0.07,10.7,10.7,994.3,994.5,0.0,0.0,13.74,11.62,13,6,11.8,11.2,84.3,84.4,11.8,11.2,355.0,348.0,996.4,996.6,-6.24,319.79,-0.02,30.7442,10.7933,362.4,38.0,1487.593, NAN, NAN, NAN, NAN,,2024/04/04 06:14:47.804,2024-04-04 06:14:47.804000+00:00
2024/04/04, 06:15:47.804,35.954,-75.12,0.05,342.62,113.85,0.53,10.7,10.7,994.3,994.5,0.0,0.0,13.74,11.62,10,3,10.3,10.0,83.6,83.7,10.3,10.0,351.1,344.1,996.4,996.6,-6.26,317.44,-0.01,30.7617,10.7885,362.4,38.3,1487.597, NAN, NAN, NAN, NAN,,2024/04/04 06:15:47.804,2024-04-04 06:15:47.804000+00:00
2024/04/04, 06:16:47.804,35.954,-75.12,-0.09,343.24,268.79,0.33,10.7,10.7,994.5,994.5,0.0,0.0,13.74,11.62,12,7,9.3,9.1,84.0,84.0,9.3,9.1,356.3,351.3,996.6,996.6,-6.18,312.45,-0.01,30.7646,10.7875,364.1,38.0,1487.597, NAN, NAN, NAN, NAN,,2024/04/04 06:16:47.804,2024-04-04 06:16:47.804000+00:00
2024/04/04, 06:17:47.804,35.954,-75.12,0.14,342.85,221.58,0.06,10.7,10.7,994.3,994.4,0.0,0.0,13.74,11.62,8,2,10.2,9.5,85.3,85.3,10.2,9.5,351.0,345.0,996.4,996.5,-6.23,307.93,-0.02,30.7536,10.7931,361.1,38.1,1487.604, NAN, NAN, NAN, NAN,,2024/04/04 06:17:47.804,2024-04-04 06:17:47.804000+00:00
2024/04/04, 06:18:47.804,35.954,-75.12,0.0,341.72,142.02,0.3,10.6,10.7,994.4,994.5,0.0,0.0,13.74,11.62,11,6,10.3,9.8,84.5,84.6,10.4,9.9,352.2,347.2,996.5,996.6,-6.26,306.07,-0.02,30.7598,10.7965,362.4,38.2,1487.623, NAN, NAN, NAN, NAN,,2024/04/04 06:18:47.804,2024-04-04 06:18:47.804000+00:00
2024/04/04, 06:19:47.804,35.954,-75.12,0.0,341.07,358.93,0.2,10.6,10.7,994.5,994.4,0.0,0.0,13.74,11.62,8,2,11.1,10.7,84.8,84.8,11.0,10.6,349.2,343.1,996.6,996.5,-6.34,305.37,-0.02,30.7653,10.7967,367.0,37.9,1487.63, NAN, NAN, NAN, NAN,,2024/04/04 06:19:47.804,2024-04-04 06:19:47.804000+00:00
2024/04/04, 06:20:47.804,35.954,-75.12,-0.06,341.37,26.38,0.13,10.6,10.6,994.5,994.5,0.0,0.0,13.74,11.62,8,1,9.8,9.5,84.7,84.7,9.7,9.4,349.2,342.1,996.6,996.6,-6.32,305.35,-0.02,30.7795,10.799,364.0,38.3,1487.656, NAN, NAN, NAN, NAN,,2024/04/04 06:20:47.804,2024-04-04 06:20:47.804000+00:00
2024/04/04, 06:21:47.805,35.954,-75.12,0.13,341.67,239.74,0.44,10.6,10.6,994.4,994.3,0.0,0.0,13.74,11.62,8,2,8.8,8.7,85.0,85.0,8.9,8.8,351.0,345.1,996.5,996.4,-6.39,304.84,-0.01,30.7865,10.8002,365.7,38.0,1487.668, NAN, NAN, NAN, NAN,,2024/04/04 06:21:47.805,2024-04-04 06:21:47.805000+00:00
2024/04/04, 06:22:47.805,35.954,-75.12,-0.07,341.59,23.27,0.21,10.6,10.6,994.2,994.4,0.0,0.0,13.74,11.62,10,5,9.7,9.6,85.6,85.6,9.7,9.6,352.2,347.2,996.3,996.5,-6.4,303.9,-0.02,30.8051,10.7991,364.4,37.2,1487.687, NAN, NAN, NAN, NAN,,2024/04/04 06:22:47.805,2024-04-04 06:22:47.805000+00:00
2024/04/04, 06:23:47.805,35.954,-75.12,-0.13,343.62,123.54,0.24,10.6,10.6,994.5,994.6,0.0,0.0,13.74,11.62,12,5,9.2,8.9,85.7,85.6,9.3,9.0,355.3,348.3,996.6,996.7,-6.33,303.55,-0.02,30.8041,10.7986,364.8,37.4,1487.684, NAN, NAN, NAN, NAN,,2024/04/04 06:23:47.805,2024-04-04 06:23:47.805000+00:00
2024/04/04, 06:24:47.805,35.954,-75.12,-0.13,344.08,58.3,0.32,10.6,10.6,994.4,994.5,0.0,0.0,13.74,11.62,9,5,9.5,9.1,85.7,85.7,9.4,9.0,352.2,348.2,996.5,996.6,-6.35,302.96,-0.02,30.7953,10.7976,363.6,37.4,1487.67, NAN, NAN, NAN, NAN,,2024/04/04 06:24:47.805,2024-04-04 06:24:47.805000+00:00
2024/04/04, 06:25:47.805,35.954,-75.12,-0.08,341.94,130.15,0.27,10.5,10.6,994.5,994.4,0.0,0.0,13.74,11.62,11,5,8.5,8.7,85.7,85.7,8.5,8.7,352.0,346.0,996.6,996.5,-6.39,303.06,-0.01,30.7939,10.7953,364.4,37.2,1487.66, NAN, NAN, NAN, NAN,,2024/04/04 06:25:47.805,2024-04-04 06:25:47.805000+00:00
2024/04/04, 06:26:47.805,35.954,-75.12,-0.21,341.66,301.8,0.32,10.5,10.6,994.6,994.8,0.0,0.0,13.74,11.62,10,4,8.9,9.0,86.1,86.1,8.8,8.9,352.4,346.3,996.7,996.9,-6.38,303.03,-0.01,30.8055,10.7938,365.7,37.0,1487.669, NAN, NAN, NAN, NAN,,2024/04/04 06:26:47.805,2024-04-04 06:26:47.805000+00:00
2024/04/04, 06:27:47.805,35.954,-75.12,0.05,340.65,349.17,0.14,10.5,10.6,994.5,994.3,0.0,0.0,13.74,11.62,10,6,7.6,7.9,86.2,86.1,7.5,7.8,351.0,347.0,996.6,996.4,-6.42,303.16,-0.01,30.7993,10.7926,364.0,37.1,1487.657, NAN, NAN, NAN, NAN,,2024/04/04 06:27:47.805,2024-04-04 06:27:47.805000+00:00
2024/04/04, 06:28:47.805,35.954,-75.12,-0.18,342.5,4.38,0.36,10.5,10.6,994.6,994.7,0.0,0.0,13.74,11.62,11,4,8.7,8.7,87.3,87.4,8.5,8.5,353.1,345.9,996.7,996.8,-6.38,302.72,-0.02,30.8059,10.7931,363.6,37.0,1487.667, NAN, NAN, NAN, NAN,,2024/04/04 06:28:47.805,2024-04-04 06:28:47.805000+00:00
2024/04/04, 06:29:47.805,35.954,-75.12,0.01,341.85,7.45,0.18,10.5,10.5,994.7,994.8,0.0,0.0,13.74,11.62,6,0,9.4,9.1,86.8,86.9,9.4,9.1,347.3,341.3,996.8,996.9,-6.54,302.2,-0.02,30.8158,10.7923,370.0,37.1,1487.676, NAN, NAN, NAN, NAN,,2024/04/04 06:29:47.805,2024-04-04 06:29:47.805000+00:00
2024/04/04, 06:30:47.805,35.954,-75.12,-0.04,341.36,346.42,0.14,10.5,10.5,994.7,994.8,0.0,0.0,13.74,11.62,10,5,9.0,8.9,86.4,86.4,8.9,8.8,351.6,346.6,996.8,996.9,-6.47,302.3,-0.01,30.8218,10.7891,364.1,35.7,1487.672, NAN, NAN, NAN, NAN,,2024/04/04 06:30:47.805,2024-04-04 06:30:47.805000+00:00
2024/04/04, 06:31:47.805,35.954,-75.12,-0.29,342.94,83.09,0.2,10.5,10.5,994.8,994.8,0.0,0.0,13.74,11.62,10,3,9.0,8.6,86.6,86.7,9.0,8.7,352.3,345.4,996.9,996.9,-6.51,302.31,-0.02,30.8261,10.7878,364.1,34.9,1487.672, NAN, NAN, NAN, NAN,,2024/04/04 06:31:47.805,2024-04-04 06:31:47.805000+00:00
2024/04/04, 06:32:47.805,35.954,-75.12,0.05,341.98,287.13,0.5,10.5,10.5,994.8,994.7,0.0,0.0,13.74,11.62,10,4,9.2,8.7,86.9,86.9,9.2,8.6,353.6,347.6,996.9,996.8,-6.48,301.86,-0.02,30.8318,10.7889,365.4,35.5,1487.683, NAN, NAN, NAN, NAN,,2024/04/04 06:32:47.805,2024-04-04 06:32:47.805000+00:00
2024/04/04, 06:33:47.805,35.954,-75.12,-0.1,342.0,127.57,0.21,10.4,10.5,994.8,994.8,0.0,0.0,13.74,11.62,5,0,9.4,9.0,86.9,86.9,9.5,9.1,346.8,341.9,996.9,996.9,-6.53,301.65,-0.02,30.8354,10.7946,361.1,35.6,1487.708, NAN, NAN, NAN, NAN,,2024/04/04 06:33:47.805,2024-04-04 06:33:47.805000+00:00
2024/04/04, 06:34:47.805,35.954,-75.12,-0.01,342.24,169.64,0.12,10.4,10.4,994.8,994.8,0.0,0.0,13.74,11.62,7,2,9.2,8.3,86.4,86.6,9.1,8.2,349.3,344.2,996.9,996.9,-6.44,301.39,-0.02,30.8431,10.7979,362.4,35.7,1487.729, NAN, NAN, NAN, NAN,,2024/04/04 06:34:47.805,2024-04-04 06:34:47.805000+00:00
2024/04/04, 06:35:47.805,35.954,-75.12,-0.09,341.67,88.85,0.13,10.4,10.4,994.7,994.9,0.0,0.0,13.74,11.62,9,3,9.3,9.1,86.9,86.9,9.4,9.2,350.6,344.7,996.8,997.0,-6.44,301.32,-0.02,30.8474,10.7962,366.2,35.9,1487.728, NAN, NAN, NAN, NAN,,2024/04/04 06:35:47.805,2024-04-04 06:35:47.805000+00:00
2024/04/04, 06:36:47.806,35.954,-75.12,-0.15,342.08,169.14,0.19,10.4,10.4,994.8,994.8,0.0,0.0,13.74,11.62,5,0,8.3,8.4,87.1,86.8,8.3,8.4,347.7,342.7,996.9,996.9,-6.4,301.38,-0.01,30.8536,10.7944,361.4,35.9,1487.729, NAN, NAN, NAN, NAN,,2024/04/04 06:36:47.806,2024-04-04 06:36:47.806000+00:00
2024/04/04, 06:37:47.806,35.954,-75.12,-0.06,342.33,286.72,0.37,10.4,10.4,994.9,994.8,0.0,0.0,13.74,11.62,3,357,9.9,9.5,87.2,87.2,9.9,9.5,346.4,340.5,997.0,996.9,-6.48,301.19,-0.01,30.8552,10.7952,363.6,35.9,1487.734, NAN, NAN, NAN, NAN,,2024/04/04 06:37:47.806,2024-04-04 06:37:47.806000+00:00
2024/04/04, 06:38:47.806,35.954,-75.12,-0.1,342.23,256.43,0.18,10.4,10.4,994.8,995.0,0.0,0.0,13.74,11.62,2,356,9.5,9.1,86.8,86.9,9.5,9.1,344.8,338.7,996.9,997.1,-6.49,301.15,-0.01,30.859,10.7989,365.1,35.7,1487.751, NAN, NAN, NAN, NAN,,2024/04/04 06:38:47.806,2024-04-04 06:38:47.806000+00:00
2024/04/04, 06:39:47.806,35.954,-75.12,-0.06,342.94,217.99,0.51,10.4,10.4,994.9,995.0,0.0,0.0,13.74,11.62,1,355,10.1,9.6,86.9,87.0,10.2,9.7,345.3,339.4,997.0,997.1,-6.44,301.36,-0.02,30.8655,10.8024,361.4,35.4,1487.772, NAN, NAN, NAN, NAN,,2024/04/04 06:39:47.806,2024-04-04 06:39:47.806000+00:00
2024/04/04, 06:40:47.806,35.954,-75.12,0.03,342.82,82.52,0.15,10.4,10.4,994.8,995.1,0.0,0.0,13.74,11.62,1,355,9.6,9.3,86.3,86.5,9.6,9.3,343.4,337.3,996.9,997.2,-6.42,301.07,-0.01,30.8712,10.8038,363.6,35.5,1487.783, NAN, NAN, NAN, NAN,,2024/04/04 06:40:47.806,2024-04-04 06:40:47.806000+00:00
2024/04/04, 06:41:47.806,35.954,-75.12,0.02,342.78,37.74,0.33,10.4,10.4,995.2,995.0,0.0,0.0,13.74,11.62,3,357,10.0,9.9,86.4,86.4,10.0,9.9,344.8,338.8,997.3,997.1,-6.39,300.86,-0.02,30.8781,10.8046,365.7,35.6,1487.795, NAN, NAN, NAN, NAN,,2024/04/04 06:41:47.806,2024-04-04 06:41:47.806000+00:00
2024/04/04, 06:42:47.806,35.954,-75.12,-0.17,342.72,66.53,0.41,10.3,10.4,995.2,995.2,0.0,0.0,13.74,11.62,1,355,8.9,8.8,85.6,85.6,8.9,8.8,342.4,336.4,997.3,997.3,-6.41,301.19,-0.01,30.8787,10.8065,365.1,35.5,1487.802, NAN, NAN, NAN, NAN,,2024/04/04 06:42:47.806,2024-04-04 06:42:47.806000+00:00
2024/04/04, 06:43:47.806,35.954,-75.12,0.07,341.4,89.96,0.35,10.3,10.4,995.4,995.2,0.0,0.0,13.74,11.62,358,352,9.1,8.8,85.9,85.9,9.2,8.9,338.5,332.5,997.5,997.3,-6.34,300.7,-0.02,30.8915,10.807,364.8,35.5,1487.819, NAN, NAN, NAN, NAN,,2024/04/04 06:43:47.806,2024-04-04 06:43:47.806000+00:00
2024/04/04, 06:44:47.806,35.954,-75.12,-0.14,342.01,201.84,0.23,10.3,10.4,995.1,994.9,0.0,0.0,13.74,11.62,357,349,9.9,9.1,85.6,85.7,10.0,9.2,339.6,331.7,997.2,997.0,-6.37,300.71,-0.01,30.8927,10.8033,360.8,35.0,1487.808, NAN, NAN, NAN, NAN,,2024/04/04 06:44:47.806,2024-04-04 06:44:47.806000+00:00
2024/04/04, 06:45:47.806,35.954,-75.12,-0.1,341.99,136.58,0.06,10.3,10.4,995.4,995.4,0.0,0.0,13.74,11.62,359,356,8.6,9.1,86.0,86.1,8.6,9.1,341.1,338.1,997.5,997.5,-6.38,301.32,-0.02,30.8926,10.8009,364.8,34.0,1487.799, NAN, NAN, NAN, NAN,,2024/04/04 06:45:47.806,2024-04-04 06:45:47.806000+00:00
2024/04/04, 06:46:47.806,35.954,-75.12,-0.07,344.17,184.36,0.19,10.3,10.4,995.2,995.2,0.0,0.0,13.74,11.62,356,350,10.0,9.8,85.7,85.8,10.1,9.9,340.6,334.6,997.3,997.3,-6.36,300.99,-0.02,30.8919,10.8022,363.0,33.9,1487.803, NAN, NAN, NAN, NAN,,2024/04/04 06:46:47.806,2024-04-04 06:46:47.806000+00:00
2024/04/04, 06:47:47.806,35.954,-75.12,0.12,340.77,32.72,0.05,10.3,10.3,995.2,995.2,0.0,0.0,13.74,11.62,355,348,9.3,9.3,84.9,84.9,9.3,9.3,335.7,328.7,997.3,997.3,-6.37,300.52,-0.02,30.901,10.8014,363.0,33.9,1487.811, NAN, NAN, NAN, NAN,,2024/04/04 06:47:47.806,2024-04-04 06:47:47.806000+00:00
2024/04/04, 06:48:47.806,35.954,-75.12,0.04,341.04,22.12,0.33,10.3,10.3,995.0,995.4,0.0,0.0,13.74,11.62,355,350,9.7,9.6,85.2,85.2,9.6,9.5,335.4,330.3,997.1,997.5,-6.4,300.96,-0.02,30.9043,10.7971,363.6,33.8,1487.799, NAN, NAN, NAN, NAN,,2024/04/04 06:48:47.806,2024-04-04 06:48:47.806000+00:00
2024/04/04, 06:49:47.806,35.954,-75.12,-0.14,343.03,192.24,0.29,10.3,10.3,995.1,995.2,0.0,0.0,13.74,11.62,357,353,8.6,8.7,85.1,85.1,8.7,8.8,340.7,336.7,997.2,997.3,-6.36,301.16,-0.02,30.915,10.7929,364.4,33.9,1487.797, NAN, NAN, NAN, NAN,,2024/04/04 06:49:47.806,2024-04-04 06:49:47.806000+00:00
2024/04/04, 06:50:47.806,35.954,-75.12,0.06,341.22,310.62,0.27,10.3,10.3,995.4,995.1,0.0,0.0,13.74,11.62,356,352,8.4,8.6,85.6,85.7,8.3,8.5,336.4,332.4,997.5,997.2,-6.38,301.09,-0.02,30.9266,10.7879,365.4,33.7,1487.794, NAN, NAN, NAN, NAN,,2024/04/04 06:50:47.806,2024-04-04 06:50:47.806000+00:00
2024/04/04, 06:51:47.806,35.954,-75.12,0.1,341.29,253.33,0.37,10.3,10.3,995.3,995.2,0.0,0.0,13.74,11.62,353,347,7.3,7.4,85.5,85.6,7.3,7.3,335.8,329.7,997.4,997.3,-6.42,300.68,-0.02,30.9304,10.7841,366.0,33.9,1487.785, NAN, NAN, NAN, NAN,,2024/04/04 06:51:47.806,2024-04-04 06:51:47.806000+00:00
2024/04/04, 06:52:47.807,35.954,-75.12,0.17,342.46,275.31,0.15,10.3,10.4,995.4,995.2,0.0,0.0,13.74,11.62,350,345,8.6,8.4,85.5,86.5,8.6,8.4,333.0,328.0,997.5,997.3,-6.38,300.48,-0.02,30.9346,10.7814,366.7,33.5,1487.78, NAN, NAN, NAN, NAN,,2024/04/04 06:52:47.807,2024-04-04 06:52:47.807000+00:00
2024/04/04, 06:53:47.807,35.954,-75.12,-0.02,342.05,32.18,0.4,10.3,10.3,995.3,995.3,0.0,0.0,13.74,11.62,354,349,8.2,8.2,86.0,86.0,8.1,8.1,334.9,329.8,997.4,997.4,-6.43,300.53,-0.02,30.9386,10.7769,362.4,35.0,1487.769, NAN, NAN, NAN, NAN,,2024/04/04 06:53:47.807,2024-04-04 06:53:47.807000+00:00
2024/04/04, 06:54:47.807,35.954,-75.12,0.1,342.24,111.15,0.54,10.3,10.3,995.6,995.5,0.0,0.0,13.74,11.62,351,346,9.1,8.8,85.8,85.8,9.3,9.0,331.9,327.0,997.7,997.6,-6.38,300.37,-0.02,30.9461,10.7732,360.6,35.6,1487.765, NAN, NAN, NAN, NAN,,2024/04/04 06:54:47.807,2024-04-04 06:54:47.807000+00:00
2024/04/04, 06:55:47.807,35.954,-75.12,0.04,343.01,107.9,0.17,10.3,10.3,995.5,995.5,0.0,0.0,13.74,11.62,355,349,8.3,8.3,85.1,85.3,8.4,8.4,338.2,332.3,997.6,997.6,-6.53,300.23,-0.02,30.9474,10.7723,367.0,35.3,1487.763, NAN, NAN, NAN, NAN,,2024/04/04 06:55:47.807,2024-04-04 06:55:47.807000+00:00
2024/04/04, 06:56:47.807,35.954,-75.12,0.15,341.36,305.61,0.41,10.3,10.3,995.7,995.5,0.0,0.0,13.74,11.62,353,345,8.1,8.0,85.5,85.5,8.0,7.9,335.7,327.6,997.8,997.6,-6.45,300.61,-0.02,30.9551,10.7713,360.6,35.9,1487.769, NAN, NAN, NAN, NAN,,2024/04/04 06:56:47.807,2024-04-04 06:56:47.807000+00:00
2024/04/04, 06:57:47.807,35.954,-75.12,0.01,340.63,94.61,0.29,10.3,10.3,995.7,995.6,0.0,0.0,13.74,11.62,351,345,9.0,8.6,85.5,85.5,9.1,8.7,330.8,324.8,997.8,997.7,-6.41,300.65,-0.02,30.9641,10.778,364.1,35.5,1487.804, NAN, NAN, NAN, NAN,,2024/04/04 06:57:47.807,2024-04-04 06:57:47.807000+00:00
2024/04/04, 06:58:47.807,35.954,-75.12,-0.07,341.89,304.22,0.16,10.3,10.3,995.6,995.6,0.0,0.0,13.74,11.62,349,344,8.6,8.5,84.7,84.8,8.6,8.5,331.3,326.4,997.7,997.7,-6.32,300.63,-0.02,30.9691,10.7867,366.0,35.5,1487.841, NAN, NAN, NAN, NAN,,2024/04/04 06:58:47.807,2024-04-04 06:58:47.807000+00:00
2024/04/04, 06:59:47.807,35.954,-75.12,-0.12,342.77,307.13,0.27,10.3,10.3,995.4,995.6,0.0,0.0,13.74,11.62,354,347,8.6,8.5,85.6,85.5,8.5,8.4,337.5,330.4,997.5,997.7,-6.41,300.64,-0.02,30.9729,10.7869,367.8,35.4,1487.846, NAN, NAN, NAN, NAN,,2024/04/04 06:59:47.807,2024-04-04 06:59:47.807000+00:00
2024/04/04, 07:00:47.807,35.954,-75.12,0.02,342.51,236.45,0.42,10.3,10.3,995.6,995.6,0.0,0.0,13.74,11.62,351,344,9.9,9.9,85.1,85.1,10.0,10.0,334.6,327.7,997.7,997.7,-6.42,300.41,-0.02,30.9764,10.786,363.6,35.3,1487.847, NAN, NAN, NAN, NAN,,2024/04/04 07:00:47.807,2024-04-04 07:00:47.807000+00:00
2024/04/04, 07:01:47.807,35.954,-75.12,-0.01,342.32,175.71,0.16,10.3,10.3,995.8,995.6,0.0,0.0,13.74,11.62,352,345,8.2,8.3,84.6,84.7,8.3,8.4,334.3,327.3,997.9,997.7,-6.27,300.62,-0.02,30.9789,10.7886,361.7,35.4,1487.859, NAN, NAN, NAN, NAN,,2024/04/04 07:01:47.807,2024-04-04 07:01:47.807000+00:00
2024/04/04, 07:02:47.807,35.954,-75.12,-0.04,341.66,270.15,0.5,10.4,10.4,995.8,995.6,0.0,0.0,13.74,11.62,352,346,8.9,8.7,86.1,86.0,8.8,8.6,335.1,329.1,997.9,997.7,-6.39,300.39,-0.02,30.9831,10.7887,363.0,35.3,1487.865, NAN, NAN, NAN, NAN,,2024/04/04 07:02:47.807,2024-04-04 07:02:47.807000+00:00
2024/04/04, 07:03:47.807,35.954,-75.12,-0.04,340.85,85.31,0.31,10.4,10.4,995.6,995.6,0.0,0.0,13.74,11.62,347,342,7.6,7.7,85.1,86.1,7.7,7.8,327.0,322.1,997.7,997.7,-6.35,301.12,-0.01,30.9925,10.7929,363.6,35.4,1487.891, NAN, NAN, NAN, NAN,,2024/04/04 07:03:47.807,2024-04-04 07:03:47.807000+00:00
2024/04/04, 07:04:47.807,35.954,-75.12,-0.04,343.17,29.25,0.17,10.4,10.4,995.8,995.6,0.0,0.0,13.74,11.62,344,339,9.3,9.8,85.3,86.3,9.3,9.8,326.6,321.7,997.9,997.7,-6.39,300.54,-0.02,30.9947,10.7962,363.0,35.2,1487.905, NAN, NAN, NAN, NAN,,2024/04/04 07:04:47.807,2024-04-04 07:04:47.807000+00:00
2024/04/04, 07:05:47.807,35.954,-75.12,0.03,342.17,19.32,0.41,10.4,10.4,995.5,995.6,0.0,0.0,13.74,11.62,341,336,9.5,9.8,84.7,84.8,9.3,9.6,322.5,317.5,997.6,997.7,-6.38,300.32,-0.02,31.0009,10.7962,360.6,35.1,1487.913, NAN, NAN, NAN, NAN,,2024/04/04 07:05:47.807,2024-04-04 07:05:47.807000+00:00
2024/04/04, 07:06:47.807,35.954,-75.12,0.06,340.68,53.26,0.38,10.3,10.4,995.8,995.8,0.0,0.0,13.74,11.62,351,345,8.9,8.9,84.7,84.8,9.0,9.0,330.8,324.8,997.9,997.9,-6.36,300.12,-0.02,31.0008,10.7965,363.0,35.8,1487.914, NAN, NAN, NAN, NAN,,2024/04/04 07:06:47.807,2024-04-04 07:06:47.807000+00:00
2024/04/04, 07:07:47.808,35.954,-75.12,-0.16,341.84,240.88,0.05,10.4,10.4,995.8,995.6,0.0,0.0,13.74,11.62,346,340,9.2,9.3,85.3,85.3,9.2,9.3,327.7,321.7,997.9,997.7,-6.33,299.88,-0.02,31.0237,10.7977,360.6,35.6,1487.946, NAN, NAN, NAN, NAN,,2024/04/04 07:07:47.808,2024-04-04 07:07:47.808000+00:00
2024/04/04, 07:08:47.808,35.954,-75.12,-0.14,341.54,359.53,0.15,10.4,10.4,995.9,995.9,0.0,0.0,13.74,11.62,346,341,9.1,9.2,84.6,85.4,9.0,9.1,327.2,322.2,998.0,998.0,-6.29,300.21,-0.01,31.0178,10.7998,363.6,35.1,1487.946, NAN, NAN, NAN, NAN,,2024/04/04 07:08:47.808,2024-04-04 07:08:47.808000+00:00
2024/04/04, 07:09:47.808,35.954,-75.12,0.15,343.38,251.36,0.43,10.4,10.4,995.9,995.8,0.0,0.0,13.74,11.62,345,340,9.3,9.8,84.8,84.8,9.1,9.6,329.3,324.2,998.0,997.9,-6.33,299.76,-0.01,31.0108,10.8006,360.6,35.6,1487.94, NAN, NAN, NAN, NAN,,2024/04/04 07:09:47.808,2024-04-04 07:09:47.808000+00:00
2024/04/04, 07:10:47.808,35.954,-75.12,0.18,342.75,248.96,0.15,10.4,10.4,995.9,995.6,0.0,0.0,13.74,11.62,345,340,8.9,9.1,84.4,84.5,9.0,9.2,328.0,323.0,998.0,997.7,-6.35,299.7,-0.02,31.0169,10.8008,362.4,35.9,1487.948, NAN, NAN, NAN, NAN,,2024/04/04 07:10:47.808,2024-04-04 07:10:47.808000+00:00
2024/04/04, 07:11:47.808,35.954,-75.12,0.2,343.06,32.57,0.19,10.4,10.4,995.6,995.8,0.0,0.0,13.74,11.62,347,342,8.2,8.5,84.2,84.4,8.3,8.6,329.5,324.5,997.7,997.9,-6.32,299.32,-0.02,31.0175,10.8001,360.0,35.3,1487.947, NAN, NAN, NAN, NAN,,2024/04/04 07:11:47.808,2024-04-04 07:11:47.808000+00:00
2024/04/04, 07:12:47.808,35.954,-75.12,0.26,340.72,62.78,0.43,10.4,10.4,995.9,995.8,0.0,0.0,13.74,11.62,341,335,9.0,9.2,84.2,84.1,9.1,9.3,320.5,314.6,998.0,997.9,-6.35,299.36,-0.01,31.0155,10.7989,361.4,35.4,1487.94, NAN, NAN, NAN, NAN,,2024/04/04 07:12:47.808,2024-04-04 07:12:47.808000+00:00
2024/04/04, 07:13:47.808,35.954,-75.12,-0.07,340.7,117.45,0.4,10.4,10.4,995.8,995.6,0.0,0.0,13.74,11.62,346,341,8.6,8.9,84.4,84.6,8.6,8.9,328.0,323.0,997.9,997.7,-6.36,299.37,-0.02,31.0164,10.7966,358.7,35.3,1487.933, NAN, NAN, NAN, NAN,,2024/04/04 07:13:47.808,2024-04-04 07:13:47.808000+00:00
2024/04/04, 07:14:47.808,35.954,-75.12,0.03,343.67,224.89,0.13,10.4,10.4,996.0,995.8,0.0,0.0,13.74,11.62,343,337,10.3,10.6,83.4,83.6,10.4,10.7,326.8,320.8,998.1,997.9,-6.35,299.41,-0.01,31.0204,10.7949,360.8,35.3,1487.932, NAN, NAN, NAN, NAN,,2024/04/04 07:14:47.808,2024-04-04 07:14:47.808000+00:00
2024/04/04, 07:15:47.808,35.954,-75.12,0.05,343.07,100.21,0.39,10.4,10.4,995.9,995.5,0.0,0.0,13.74,11.62,344,339,9.3,9.6,82.3,82.4,9.5,9.8,326.3,321.5,998.0,997.6,-6.3,299.06,-0.02,31.0206,10.7944,362.0,35.2,1487.93, NAN, NAN, NAN, NAN,,2024/04/04 07:15:47.808,2024-04-04 07:15:47.808000+00:00
2024/04/04, 07:16:47.808,35.954,-75.12,0.08,340.34,154.55,0.14,10.4,10.4,995.9,995.8,0.0,0.0,13.74,11.62,345,339,8.4,8.6,82.7,82.9,8.5,8.7,325.2,319.3,998.0,997.9,-6.36,299.06,-0.01,31.0226,10.7944,362.0,35.0,1487.933, NAN, NAN, NAN, NAN,,2024/04/04 07:16:47.808,2024-04-04 07:16:47.808000+00:00
2024/04/04, 07:17:47.808,35.954,-75.12,0.1,341.52,291.96,0.12,10.4,10.4,995.8,995.8,0.0,0.0,13.74,11.62,348,344,8.4,8.7,83.6,83.5,8.5,8.8,329.6,325.6,997.9,997.9,-6.36,298.76,-0.02,31.0288,10.7921,360.6,35.0,1487.932, NAN, NAN, NAN, NAN,,2024/04/04 07:17:47.808,2024-04-04 07:17:47.808000+00:00
2024/04/04, 07:18:47.808,35.954,-75.12,-0.22,340.61,48.71,0.46,10.4,10.5,995.9,996.0,0.0,0.0,13.74,11.62,348,343,8.8,9.0,83.7,83.8,8.7,8.9,327.2,322.2,998.0,998.1,-6.37,298.5,-0.01,31.0306,10.7874,359.3,34.5,1487.917, NAN, NAN, NAN, NAN,,2024/04/04 07:18:47.808,2024-04-04 07:18:47.808000+00:00
2024/04/04, 07:19:47.808,35.954,-75.12,0.06,343.93,240.62,0.27,10.4,10.4,996.0,996.0,0.0,0.0,13.74,11.62,346,340,8.9,9.3,82.3,82.4,8.8,9.2,330.8,324.7,998.1,998.1,-6.27,298.28,-0.01,31.0294,10.7871,359.3,35.2,1487.915, NAN, NAN, NAN, NAN,,2024/04/04 07:19:47.808,2024-04-04 07:19:47.808000+00:00
2024/04/04, 07:20:47.808,35.954,-75.12,0.0,341.71,219.07,0.22,10.4,10.4,996.0,996.0,0.0,0.0,13.74,11.62,350,344,9.1,9.1,82.1,82.1,9.2,9.2,332.2,326.2,998.1,998.1,-6.41,298.39,-0.02,31.0372,10.7919,362.0,34.8,1487.941, NAN, NAN, NAN, NAN,,2024/04/04 07:20:47.808,2024-04-04 07:20:47.808000+00:00
2024/04/04, 07:21:47.808,35.954,-75.12,0.26,342.21,38.14,0.02,10.4,10.4,995.9,996.1,0.0,0.0,13.74,11.62,347,342,8.2,8.6,82.4,82.5,8.2,8.6,329.3,324.3,998.0,998.2,-6.34,298.47,-0.01,31.042,10.7944,362.0,34.3,1487.956, NAN, NAN, NAN, NAN,,2024/04/04 07:21:47.808,2024-04-04 07:21:47.808000+00:00
2024/04/04, 07:22:47.808,35.954,-75.12,0.38,341.0,68.89,0.34,10.4,10.4,995.8,995.9,0.0,0.0,13.74,11.62,345,340,8.3,8.7,82.2,82.1,8.2,8.6,324.9,319.9,997.9,998.0,-6.37,298.14,-0.02,31.0444,10.7962,361.4,34.7,1487.965, NAN, NAN, NAN, NAN,,2024/04/04 07:22:47.808,2024-04-04 07:22:47.808000+00:00
2024/04/04, 07:23:47.808,35.954,-75.12,0.29,340.1,337.92,0.29,10.4,10.4,995.8,995.8,0.0,0.0,13.74,11.62,346,341,8.2,8.4,82.2,82.2,8.1,8.3,326.9,321.8,997.9,997.9,-6.38,298.17,-0.01,31.0474,10.7953,360.3,35.7,1487.966, NAN, NAN, NAN, NAN,,2024/04/04 07:23:47.808,2024-04-04 07:23:47.808000+00:00
2024/04/04, 07:24:47.809,35.954,-75.12,-0.04,343.1,44.06,0.01,10.4,10.5,996.2,995.9,0.0,0.0,13.74,11.62,347,341,7.7,8.0,82.0,82.0,7.7,8.0,330.1,324.1,998.3,998.0,-6.39,298.15,-0.02,31.0526,10.7928,358.0,36.2,1487.963, NAN, NAN, NAN, NAN,,2024/04/04 07:24:47.809,2024-04-04 07:24:47.809000+00:00
2024/04/04, 07:25:47.809,35.954,-75.12,0.23,341.33,36.52,0.23,10.4,10.5,996.0,995.8,0.0,0.0,13.74,11.62,342,338,9.0,9.3,82.3,82.4,9.0,9.3,322.6,318.7,998.1,997.9,-6.41,297.96,-0.01,31.0535,10.79,361.1,36.7,1487.954, NAN, NAN, NAN, NAN,,2024/04/04 07:25:47.809,2024-04-04 07:25:47.809000+00:00
2024/04/04, 07:26:47.809,35.954,-75.12,0.25,341.6,70.83,0.24,10.4,10.5,995.9,996.0,0.0,0.0,13.74,11.62,347,341,8.0,8.0,82.5,82.6,8.0,8.1,327.8,321.8,998.0,998.1,-6.41,297.79,-0.01,31.059,10.7887,360.0,36.3,1487.956, NAN, NAN, NAN, NAN,,2024/04/04 07:26:47.809,2024-04-04 07:26:47.809000+00:00
2024/04/04, 07:27:47.809,35.954,-75.12,0.16,343.06,256.29,0.36,10.4,10.5,995.9,996.0,0.0,0.0,13.74,11.62,348,343,8.9,9.4,81.7,81.9,8.8,9.2,331.8,326.7,998.0,998.1,-6.42,297.45,-0.02,31.0619,10.787,359.3,36.0,1487.954, NAN, NAN, NAN, NAN,,2024/04/04 07:27:47.809,2024-04-04 07:27:47.809000+00:00
2024/04/04, 07:28:47.809,35.954,-75.12,0.13,341.52,61.09,0.13,10.4,10.5,995.9,995.9,0.0,0.0,13.74,11.62,346,341,7.6,7.7,81.9,82.0,7.6,7.7,327.0,322.0,998.0,998.0,-6.34,297.8,-0.02,31.0628,10.7856,357.7,35.9,1487.95, NAN, NAN, NAN, NAN,,2024/04/04 07:28:47.809,2024-04-04 07:28:47.809000+00:00
2024/04/04, 07:29:47.809,35.954,-75.12,0.3,342.86,236.89,0.31,10.5,10.5,995.8,995.9,0.0,0.0,13.74,11.62,350,345,7.2,7.5,82.6,82.8,7.1,7.4,334.0,328.9,997.9,998.0,-6.4,297.87,-0.02,31.0704,10.787,359.6,36.2,1487.964, NAN, NAN, NAN, NAN,,2024/04/04 07:29:47.809,2024-04-04 07:29:47.809000+00:00
2024/04/04, 07:30:47.809,35.954,-75.12,0.29,343.51,88.81,0.82,10.4,10.5,996.2,996.0,0.0,0.0,13.74,11.62,352,348,8.5,8.6,81.7,81.8,8.7,8.8,333.0,329.2,998.3,998.1,-6.41,297.61,-0.01,31.069,10.7882,355.6,36.3,1487.966, NAN, NAN, NAN, NAN,,2024/04/04 07:30:47.809,2024-04-04 07:30:47.809000+00:00
2024/04/04, 07:31:47.809,35.954,-75.12,0.09,343.68,243.85,0.25,10.4,10.4,996.0,995.8,0.0,0.0,13.74,11.62,350,344,7.5,7.6,81.3,81.4,7.4,7.5,334.5,328.4,998.1,997.9,-6.41,297.74,-0.02,31.0755,10.7879,361.1,35.7,1487.973, NAN, NAN, NAN, NAN,,2024/04/04 07:31:47.809,2024-04-04 07:31:47.809000+00:00
2024/04/04, 07:32:47.809,35.954,-75.12,0.08,342.33,260.72,0.52,10.4,10.5,995.9,995.8,0.0,0.0,13.74,11.62,353,348,8.9,9.3,81.7,81.8,8.7,9.1,336.4,331.2,998.0,997.9,-6.38,297.73,-0.01,31.0791,10.7837,360.6,35.6,1487.963, NAN, NAN, NAN, NAN,,2024/04/04 07:32:47.809,2024-04-04 07:32:47.809000+00:00
2024/04/04, 07:33:47.809,35.954,-75.12,0.05,341.71,342.17,0.35,10.4,10.5,996.0,995.8,0.0,0.0,13.74,11.62,349,343,8.3,8.2,81.8,81.8,8.1,8.0,330.4,324.3,998.1,997.9,-6.44,297.88,-0.02,31.0777,10.7806,361.1,36.0,1487.95, NAN, NAN, NAN, NAN,,2024/04/04 07:33:47.809,2024-04-04 07:33:47.809000+00:00
2024/04/04, 07:34:47.809,35.954,-75.12,0.23,342.02,155.33,0.39,10.4,10.5,995.8,995.5,0.0,0.0,13.74,11.62,349,343,8.7,8.7,81.8,82.0,8.9,8.8,331.9,326.0,997.9,997.6,-6.45,297.57,-0.01,31.084,10.778,357.2,35.7,1487.948, NAN, NAN, NAN, NAN,,2024/04/04 07:34:47.809,2024-04-04 07:34:47.809000+00:00
2024/04/04, 07:35:47.809,35.954,-75.12,0.07,342.03,107.88,0.12,10.4,10.4,995.9,995.8,0.0,0.0,13.74,11.62,348,343,8.2,8.4,81.1,81.1,8.2,8.4,329.7,324.7,998.0,997.9,-6.57,297.66,-0.02,31.0884,10.7766,358.4,36.0,1487.949, NAN, NAN, NAN, NAN,,2024/04/04 07:35:47.809,2024-04-04 07:35:47.809000+00:00
2024/04/04, 07:36:47.809,35.954,-75.12,0.14,342.79,23.49,0.14,10.4,10.5,996.0,995.6,0.0,0.0,13.74,11.62,346,341,8.3,8.5,81.4,81.6,8.2,8.4,329.0,324.0,998.1,997.7,-6.47,297.95,-0.01,31.0917,10.7717,359.3,36.1,1487.935, NAN, NAN, NAN, NAN,,2024/04/04 07:36:47.809,2024-04-04 07:36:47.809000+00:00
2024/04/04, 07:37:47.809,35.954,-75.12,0.12,342.21,166.5,0.27,10.4,10.5,995.9,995.9,0.0,0.0,13.74,11.62,354,347,7.7,7.7,81.8,81.8,7.8,7.8,336.5,329.6,998.0,998.0,-6.45,298.14,-0.02,31.0931,10.7681,360.8,35.9,1487.924, NAN, NAN, NAN, NAN,,2024/04/04 07:37:47.809,2024-04-04 07:37:47.809000+00:00
2024/04/04, 07:38:47.810,35.954,-75.12,-0.01,341.39,313.23,0.2,10.4,10.5,996.0,996.2,0.0,0.0,13.74,11.62,353,347,7.4,7.6,82.2,82.2,7.3,7.5,334.7,328.6,998.1,998.3,-6.5,297.96,-0.02,31.1009,10.7658,362.4,35.9,1487.925, NAN, NAN, NAN, NAN,,2024/04/04 07:38:47.810,2024-04-04 07:38:47.810000+00:00
2024/04/04, 07:39:47.810,35.954,-75.12,0.1,342.23,243.69,0.22,10.4,10.5,995.8,995.8,0.0,0.0,13.74,11.62,348,343,8.3,8.3,81.7,81.7,8.4,8.3,330.9,325.9,997.9,997.9,-6.54,297.83,-0.01,31.1024,10.7627,360.0,36.2,1487.916, NAN, NAN, NAN, NAN,,2024/04/04 07:39:47.810,2024-04-04 07:39:47.810000+00:00
2024/04/04, 07:40:47.810,35.954,-75.12,0.01,342.24,302.16,0.39,10.4,10.5,996.0,996.0,0.0,0.0,13.74,11.62,354,349,7.2,7.1,81.6,81.5,7.0,6.9,337.3,332.2,998.1,998.1,-6.53,298.14,-0.01,31.1121,10.7613,360.0,36.0,1487.923, NAN, NAN, NAN, NAN,,2024/04/04 07:40:47.810,2024-04-04 07:40:47.810000+00:00
2024/04/04, 07:41:47.810,35.954,-75.12,-0.11,342.76,81.53,0.39,10.4,10.5,995.9,996.0,0.0,0.0,13.74,11.62,347,342,6.1,6.0,82.9,82.8,6.1,6.1,327.9,322.9,998.0,998.1,-6.57,298.52,-0.01,31.1111,10.7596,359.3,35.5,1487.915, NAN, NAN, NAN, NAN,,2024/04/04 07:41:47.810,2024-04-04 07:41:47.810000+00:00
2024/04/04, 07:42:47.810,35.954,-75.12,-0.11,341.61,16.7,0.67,10.5,10.5,996.0,996.1,0.0,0.0,13.74,11.62,351,344,6.8,7.1,84.1,84.1,6.6,7.0,330.1,323.1,998.1,998.2,-6.46,298.42,-0.02,31.1138,10.7551,358.4,35.7,1487.903, NAN, NAN, NAN, NAN,,2024/04/04 07:42:47.810,2024-04-04 07:42:47.810000+00:00
2024/04/04, 07:43:47.810,35.954,-75.12,0.16,341.19,64.09,0.42,10.4,10.5,995.8,995.9,0.0,0.0,13.74,11.62,353,348,7.2,7.1,83.1,83.0,7.1,7.0,332.9,327.7,997.9,998.0,-6.5,298.3,-0.02,31.1212,10.754,359.0,35.9,1487.908, NAN, NAN, NAN, NAN,,2024/04/04 07:43:47.810,2024-04-04 07:43:47.810000+00:00
2024/04/04, 07:44:47.810,35.954,-75.12,0.07,340.94,284.87,0.36,10.4,10.4,995.9,995.9,0.0,0.0,13.74,11.62,348,343,6.7,6.7,82.2,82.4,6.6,6.6,330.3,325.3,998.0,998.0,-6.54,298.24,-0.02,31.1256,10.7548,362.0,36.2,1487.916, NAN, NAN, NAN, NAN,,2024/04/04 07:44:47.810,2024-04-04 07:44:47.810000+00:00
2024/04/04, 07:45:47.810,35.954,-75.12,0.05,342.91,344.47,0.42,10.4,10.4,996.0,995.9,0.0,0.0,13.74,11.62,350,345,6.9,6.8,83.4,83.5,6.7,6.6,332.1,326.9,998.1,998.0,-6.54,298.35,-0.02,31.13,10.7549,361.7,35.8,1487.921, NAN, NAN, NAN, NAN,,2024/04/04 07:45:47.810,2024-04-04 07:45:47.810000+00:00
2024/04/04, 07:46:47.810,35.954,-75.12,0.03,341.96,221.18,0.03,10.4,10.4,995.9,995.8,0.0,0.0,13.74,11.62,349,344,7.9,7.9,83.4,83.4,7.9,7.9,331.1,326.1,998.0,997.9,-6.6,298.0,-0.01,31.1333,10.7545,359.0,35.8,1487.924, NAN, NAN, NAN, NAN,,2024/04/04 07:46:47.810,2024-04-04 07:46:47.810000+00:00
2024/04/04, 07:47:47.810,35.954,-75.12,0.26,341.19,10.93,0.13,10.4,10.4,996.0,995.9,0.0,0.0,13.74,11.62,350,344,8.3,8.3,82.6,83.3,8.4,8.4,331.4,325.4,998.1,998.0,-6.48,297.85,-0.02,31.1383,10.7545,360.6,35.9,1487.93, NAN, NAN, NAN, NAN,,2024/04/04 07:47:47.810,2024-04-04 07:47:47.810000+00:00
2024/04/04, 07:48:47.810,35.954,-75.12,0.19,340.63,289.46,0.05,10.4,10.4,995.8,995.9,0.0,0.0,13.74,11.62,354,349,7.8,7.8,81.8,82.0,7.8,7.8,334.6,329.5,997.9,998.0,-6.45,297.71,-0.01,31.1412,10.7517,359.0,35.9,1487.924, NAN, NAN, NAN, NAN,,2024/04/04 07:48:47.810,2024-04-04 07:48:47.810000+00:00
2024/04/04, 07:49:47.810,35.954,-75.12,0.1,343.25,254.07,0.31,10.4,10.4,995.9,995.8,0.0,0.0,13.74,11.62,345,339,7.9,8.1,82.1,82.1,7.9,8.1,329.4,323.4,998.0,997.9,-6.51,297.91,-0.01,31.1447,10.7484,360.8,35.6,1487.916, NAN, NAN, NAN, NAN,,2024/04/04 07:49:47.810,2024-04-04 07:49:47.810000+00:00
2024/04/04, 07:50:47.810,35.954,-75.12,0.08,342.37,352.31,0.15,10.4,10.4,995.9,995.9,0.0,0.0,13.74,11.62,355,349,7.0,7.1,82.8,82.9,6.9,7.0,337.8,331.8,998.0,998.0,-6.39,298.06,-0.02,31.1485,10.7428,360.0,35.8,1487.901, NAN, NAN, NAN, NAN,,2024/04/04 07:50:47.810,2024-04-04 07:50:47.810000+00:00
2024/04/04, 07:51:47.810,35.954,-75.12,-0.11,342.36,218.74,0.09,10.4,10.5,996.2,996.0,0.0,0.0,13.74,11.62,350,344,7.0,6.9,83.3,83.2,7.0,6.9,332.6,326.6,998.3,998.1,-6.55,297.98,-0.01,31.1524,10.7376,358.7,35.7,1487.887, NAN, NAN, NAN, NAN,,2024/04/04 07:51:47.810,2024-04-04 07:51:47.810000+00:00
2024/04/04, 07:52:47.810,35.954,-75.12,0.18,341.69,114.46,0.44,10.4,10.5,995.8,995.9,0.0,0.0,13.74,11.62,352,347,7.7,7.9,82.4,83.3,7.7,8.0,332.0,327.1,997.9,998.0,-6.49,297.89,-0.01,31.1585,10.7346,357.4,35.9,1487.883, NAN, NAN, NAN, NAN,,2024/04/04 07:52:47.810,2024-04-04 07:52:47.810000+00:00
2024/04/04, 07:53:47.810,35.954,-75.12,0.07,342.09,243.68,0.18,10.4,10.4,996.0,996.0,0.0,0.0,13.74,11.62,357,352,7.6,7.7,83.0,83.0,7.6,7.7,339.7,334.7,998.1,998.1,-6.48,297.98,-0.02,31.1596,10.7297,357.4,36.4,1487.867, NAN, NAN, NAN, NAN,,2024/04/04 07:53:47.810,2024-04-04 07:53:47.810000+00:00
2024/04/04, 07:54:47.811,35.954,-75.12,0.0,340.66,246.42,0.05,10.4,10.4,995.9,995.8,0.0,0.0,13.74,11.62,356,351,8.0,8.0,82.6,82.5,8.0,8.0,336.5,331.5,998.0,997.9,-6.51,297.59,-0.02,31.1662,10.7251,359.6,36.4,1487.859, NAN, NAN, NAN, NAN,,2024/04/04 07:54:47.811,2024-04-04 07:54:47.811000+00:00
2024/04/04, 07:55:47.811,35.954,-75.12,0.21,341.42,146.2,0.18,10.4,10.4,996.0,995.8,0.0,0.0,13.74,11.62,354,348,8.2,8.1,82.4,82.5,8.3,8.2,335.6,329.6,998.1,997.9,-6.54,297.53,-0.01,31.169,10.723,360.6,36.3,1487.855, NAN, NAN, NAN, NAN,,2024/04/04 07:55:47.811,2024-04-04 07:55:47.811000+00:00
2024/04/04, 07:56:47.811,35.954,-75.12,0.03,342.39,25.96,0.45,10.4,10.4,995.9,995.6,0.0,0.0,13.74,11.62,357,352,7.9,7.9,82.4,82.5,7.8,7.8,337.8,332.8,998.0,997.7,-6.41,297.53,-0.01,31.1732,10.7195,358.7,36.4,1487.847, NAN, NAN, NAN, NAN,,2024/04/04 07:56:47.811,2024-04-04 07:56:47.811000+00:00
2024/04/04, 07:57:47.811,35.954,-75.12,0.26,341.46,83.57,0.33,10.4,10.4,996.0,995.9,0.0,0.0,13.74,11.62,359,351,7.8,7.6,82.6,82.4,7.9,7.7,339.6,331.7,998.1,998.0,-6.44,297.84,-0.02,31.1748,10.7185,358.7,36.5,1487.846, NAN, NAN, NAN, NAN,,2024/04/04 07:57:47.811,2024-04-04 07:57:47.811000+00:00
2024/04/04, 07:58:47.811,35.954,-75.12,0.22,342.36,238.79,0.3,10.4,10.4,996.0,995.8,0.0,0.0,13.74,11.62,357,351,8.5,8.3,83.6,83.5,8.5,8.2,340.4,334.3,998.1,997.9,-6.42,297.63,-0.02,31.1794,10.7183,361.1,36.3,1487.851, NAN, NAN, NAN, NAN,,2024/04/04 07:58:47.811,2024-04-04 07:58:47.811000+00:00
2024/04/04, 07:59:47.811,35.954,-75.12,-0.14,342.62,168.62,0.13,10.4,10.4,995.8,996.0,0.0,0.0,13.74,11.62,354,348,7.9,8.0,82.6,82.6,8.0,8.1,336.7,330.7,997.9,998.1,-6.48,297.64,-0.02,31.1808,10.7166,361.1,36.0,1487.846, NAN, NAN, NAN, NAN,,2024/04/04 07:59:47.811,2024-04-04 07:59:47.811000+00:00
2024/04/04, 08:00:47.811,35.954,-75.12,-0.16,341.1,75.83,0.11,10.4,10.4,996.1,995.8,0.0,0.0,13.74,11.62,350,345,7.7,7.8,83.0,83.0,7.6,7.7,330.9,325.9,998.2,997.9,-6.46,297.7,-0.02,31.1849,10.7134,361.4,36.2,1487.84, NAN, NAN, NAN, NAN,,2024/04/04 08:00:47.811,2024-04-04 08:00:47.811000+00:00
2024/04/04, 08:01:47.811,35.954,-75.12,-0.13,341.37,82.35,0.39,10.4,10.4,995.9,996.0,0.0,0.0,13.74,11.62,352,347,6.3,6.6,83.7,83.7,6.4,6.7,331.9,327.1,998.0,998.1,-6.5,297.89,-0.02,31.1909,10.7107,360.3,36.3,1487.837, NAN, NAN, NAN, NAN,,2024/04/04 08:01:47.811,2024-04-04 08:01:47.811000+00:00
2024/04/04, 08:02:47.811,35.954,-75.12,0.1,341.37,313.76,0.5,10.4,10.4,995.9,996.0,0.0,0.0,13.74,11.62,355,348,6.9,7.3,83.8,83.7,6.7,7.1,337.6,330.3,998.0,998.1,-6.49,298.0,-0.02,31.1936,10.7069,360.8,36.4,1487.827, NAN, NAN, NAN, NAN,,2024/04/04 08:02:47.811,2024-04-04 08:02:47.811000+00:00
2024/04/04, 08:03:47.811,35.954,-75.12,0.14,340.88,137.93,0.1,10.4,10.4,996.2,995.9,0.0,0.0,13.74,11.62,351,345,7.8,7.6,84.1,83.6,7.9,7.7,331.9,325.9,998.3,998.0,-6.44,298.02,-0.02,31.1961,10.7032,360.0,36.3,1487.817, NAN, NAN, NAN, NAN,,2024/04/04 08:03:47.811,2024-04-04 08:03:47.811000+00:00
2024/04/04, 08:04:47.811,35.954,-75.12,0.0,342.48,176.12,0.2,10.4,10.4,995.6,995.8,0.0,0.0,13.74,11.62,355,350,8.1,7.7,84.2,84.1,8.2,7.8,337.0,332.0,997.7,997.9,-6.53,297.52,-0.02,31.2043,10.7002,360.6,36.4,1487.816, NAN, NAN, NAN, NAN,,2024/04/04 08:04:47.811,2024-04-04 08:04:47.811000+00:00
2024/04/04, 08:05:47.811,35.954,-75.12,0.12,340.39,86.92,0.08,10.4,10.4,995.9,996.1,0.0,0.0,13.74,11.62,355,348,7.8,7.7,83.9,84.0,7.8,7.7,335.2,328.2,998.0,998.2,-6.52,297.63,-0.02,31.2079,10.6965,359.0,36.3,1487.807, NAN, NAN, NAN, NAN,,2024/04/04 08:05:47.811,2024-04-04 08:05:47.811000+00:00
2024/04/04, 08:06:47.811,35.954,-75.12,0.07,340.42,79.44,0.19,10.4,10.4,995.9,995.8,0.0,0.0,13.74,11.62,0,353,7.5,7.3,84.0,84.2,7.6,7.4,340.4,333.5,998.0,997.9,-6.56,297.52,-0.03,31.2153,10.6937,361.4,36.5,1487.806, NAN, NAN, NAN, NAN,,2024/04/04 08:06:47.811,2024-04-04 08:06:47.811000+00:00
2024/04/04, 08:07:47.811,35.954,-75.12,-0.04,340.86,273.91,0.2,10.4,10.4,996.2,996.1,0.0,0.0,13.74,11.62,2,357,7.4,7.3,83.5,83.7,7.4,7.3,343.7,338.7,998.3,998.2,-6.57,297.76,-0.02,31.2207,10.6913,360.8,36.0,1487.804, NAN, NAN, NAN, NAN,,2024/04/04 08:07:47.811,2024-04-04 08:07:47.811000+00:00
2024/04/04, 08:08:47.811,35.954,-75.12,0.01,340.4,354.8,0.23,10.4,10.4,995.9,995.9,0.0,0.0,13.74,11.62,3,356,7.4,7.1,83.6,83.7,7.3,7.1,342.6,335.5,998.0,998.0,-6.48,297.53,-0.02,31.2282,10.69,365.1,36.1,1487.809, NAN, NAN, NAN, NAN,,2024/04/04 08:08:47.811,2024-04-04 08:08:47.811000+00:00
2024/04/04, 08:09:47.812,35.954,-75.12,0.07,343.41,157.2,0.23,10.4,10.4,995.9,995.7,0.0,0.0,13.74,11.62,3,356,8.0,7.8,83.3,83.4,8.1,7.9,345.7,338.7,998.0,997.8,-6.53,297.79,-0.02,31.2082,10.6882,360.8,36.3,1487.778, NAN, NAN, NAN, NAN,,2024/04/04 08:09:47.812,2024-04-04 08:09:47.812000+00:00
2024/04/04, 08:10:47.812,35.954,-75.12,0.27,342.42,289.36,0.21,10.4,10.4,995.9,996.1,0.0,0.0,13.74,11.62,359,353,8.0,7.8,83.3,83.4,8.0,7.8,340.6,334.6,998.0,998.2,-6.56,298.0,-0.02,31.2395,10.6858,368.1,35.7,1487.807, NAN, NAN, NAN, NAN,,2024/04/04 08:10:47.812,2024-04-04 08:10:47.812000+00:00
2024/04/04, 08:11:47.812,35.954,-75.12,-0.07,342.31,278.58,0.61,10.4,10.4,995.9,996.0,0.0,0.0,13.74,11.62,3,357,7.9,7.8,83.5,83.5,7.7,7.6,347.3,341.1,998.0,998.1,-6.51,298.05,-0.02,31.2381,10.684,362.0,36.3,1487.799, NAN, NAN, NAN, NAN,,2024/04/04 08:11:47.812,2024-04-04 08:11:47.812000+00:00
2024/04/04, 08:12:47.812,35.954,-75.12,0.26,339.06,16.72,0.61,10.4,10.4,995.9,995.8,0.0,0.0,13.74,11.62,5,359,8.1,8.0,83.4,83.4,7.8,7.8,342.7,336.5,998.0,997.9,-6.54,298.07,-0.02,31.2445,10.6851,363.6,36.0,1487.811, NAN, NAN, NAN, NAN,,2024/04/04 08:12:47.812,2024-04-04 08:12:47.812000+00:00
2024/04/04, 08:13:47.812,35.954,-75.12,0.1,341.28,335.19,0.08,10.4,10.4,996.1,995.9,0.0,0.0,13.74,11.62,0,355,7.9,7.5,83.9,83.9,7.9,7.5,341.0,336.0,998.2,998.0,-6.55,298.15,-0.02,31.2488,10.6874,362.0,36.3,1487.824, NAN, NAN, NAN, NAN,,2024/04/04 08:13:47.812,2024-04-04 08:13:47.812000+00:00
2024/04/04, 08:14:47.812,35.954,-75.12,0.04,342.62,292.0,0.4,10.4,10.4,996.0,996.0,0.0,0.0,13.74,11.62,359,353,7.2,6.6,83.9,83.9,7.0,6.4,341.5,335.3,998.1,998.1,-6.53,298.1,-0.02,31.2499,10.6878,361.4,36.2,1487.827, NAN, NAN, NAN, NAN,,2024/04/04 08:14:47.812,2024-04-04 08:14:47.812000+00:00
2024/04/04, 08:15:47.812,35.954,-75.12,0.34,341.77,217.82,0.1,10.4,10.4,996.0,995.8,0.0,0.0,13.74,11.62,357,353,6.9,6.7,83.9,83.9,6.9,6.7,339.1,335.1,998.1,997.9,-6.5,297.67,-0.02,31.2546,10.6878,364.4,33.2,1487.833, NAN, NAN, NAN, NAN,,2024/04/04 08:15:47.812,2024-04-04 08:15:47.812000+00:00
2024/04/04, 08:16:47.812,35.954,-75.12,0.09,341.72,145.4,0.34,10.4,10.4,996.2,995.9,0.0,0.0,13.74,11.62,359,354,6.8,6.9,84.2,84.3,7.0,7.1,340.4,335.5,998.3,998.0,-6.51,297.57,-0.02,31.2579,10.6831,360.8,35.1,1487.82, NAN, NAN, NAN, NAN,,2024/04/04 08:16:47.812,2024-04-04 08:16:47.812000+00:00
2024/04/04, 08:17:47.812,35.954,-75.12,0.14,342.59,239.12,0.49,10.4,10.4,995.8,995.8,0.0,0.0,13.74,11.62,356,352,7.2,7.2,84.9,84.9,7.2,7.2,340.6,336.6,997.9,997.9,-6.57,297.37,-0.01,31.2605,10.6788,364.8,35.8,1487.808, NAN, NAN, NAN, NAN,,2024/04/04 08:17:47.812,2024-04-04 08:17:47.812000+00:00
2024/04/04, 08:18:47.812,35.954,-75.12,0.23,341.81,15.29,0.4,10.4,10.4,996.0,996.0,0.0,0.0,13.74,11.62,357,351,6.9,6.7,84.7,84.8,6.9,6.7,337.1,331.1,998.1,998.1,-6.6,297.31,-0.01,31.2575,10.6757,360.6,35.6,1487.793, NAN, NAN, NAN, NAN,,2024/04/04 08:18:47.812,2024-04-04 08:18:47.812000+00:00
2024/04/04, 08:19:47.812,35.954,-75.12,0.17,342.92,250.38,0.73,10.4,10.4,995.8,995.8,0.0,0.0,13.74,11.62,358,351,7.5,7.5,84.5,84.5,7.5,7.5,343.8,336.8,997.9,997.9,-6.6,297.33,-0.02,31.2582,10.6734,361.1,35.8,1487.786, NAN, NAN, NAN, NAN,,2024/04/04 08:19:47.812,2024-04-04 08:19:47.812000+00:00
2024/04/04, 08:20:47.812,35.954,-75.12,0.1,340.95,321.02,0.49,10.4,10.4,995.9,996.0,0.0,0.0,13.74,11.62,356,350,6.7,6.7,84.4,84.3,6.5,6.4,337.4,331.2,998.0,998.1,-6.65,297.79,-0.02,31.2593,10.6711,358.7,35.7,1487.779, NAN, NAN, NAN, NAN,,2024/04/04 08:20:47.812,2024-04-04 08:20:47.812000+00:00
2024/04/04, 08:21:47.812,35.954,-75.12,0.1,340.2,44.93,0.11,10.4,10.4,996.0,996.0,0.0,0.0,13.74,11.62,356,350,6.7,6.7,84.4,84.4,6.7,6.7,335.9,329.9,998.1,998.1,-6.56,298.14,-0.02,31.2631,10.6708,359.6,35.7,1487.782, NAN, NAN, NAN, NAN,,2024/04/04 08:21:47.812,2024-04-04 08:21:47.812000+00:00
2024/04/04, 08:22:47.812,35.954,-75.12,0.17,343.66,186.67,0.31,10.4,10.4,995.9,996.0,0.0,0.0,13.74,11.62,356,349,6.1,6.3,84.5,84.5,6.2,6.4,340.6,333.7,998.0,998.1,-6.64,298.17,-0.02,31.2666,10.6677,362.7,35.7,1487.775, NAN, NAN, NAN, NAN,,2024/04/04 08:22:47.812,2024-04-04 08:22:47.812000+00:00
2024/04/04, 08:23:47.812,35.954,-75.12,0.1,341.78,347.89,0.4,10.3,10.4,995.9,995.9,0.0,0.0,13.74,11.62,359,352,7.8,7.6,84.3,84.2,7.8,7.6,342.3,335.3,998.0,998.0,-6.59,297.57,-0.01,31.2642,10.6602,366.2,35.7,1487.746, NAN, NAN, NAN, NAN,,2024/04/04 08:23:47.812,2024-04-04 08:23:47.812000+00:00
2024/04/04, 08:24:47.812,35.954,-75.12,0.24,342.87,195.58,0.14,10.3,10.4,996.3,996.2,0.0,0.0,13.74,11.62,357,352,6.2,6.1,84.0,84.1,6.3,6.2,339.8,334.9,998.4,998.3,-6.63,297.41,-0.02,31.2684,10.6538,361.4,35.3,1487.728, NAN, NAN, NAN, NAN,,2024/04/04 08:24:47.812,2024-04-04 08:24:47.812000+00:00
2024/04/04, 08:25:47.813,35.954,-75.12,0.25,340.42,251.68,0.11,10.4,10.4,996.0,996.3,0.0,0.0,13.74,11.62,3,357,6.5,6.5,84.6,84.7,6.5,6.5,343.0,337.1,998.1,998.4,-6.69,297.56,-0.02,31.2718,10.6472,365.4,35.5,1487.709, NAN, NAN, NAN, NAN,,2024/04/04 08:25:47.813,2024-04-04 08:25:47.813000+00:00
2024/04/04, 08:26:47.813,35.954,-75.12,-0.07,342.04,168.52,0.58,10.4,10.4,996.3,996.3,0.0,0.0,13.74,11.62,357,353,5.8,5.8,85.2,85.3,6.1,6.1,338.7,334.9,998.4,998.4,-6.71,298.18,-0.02,31.2694,10.6411,369.7,35.5,1487.684, NAN, NAN, NAN, NAN,,2024/04/04 08:26:47.813,2024-04-04 08:26:47.813000+00:00
2024/04/04, 08:27:47.813,35.954,-75.12,-0.03,341.48,51.94,0.39,10.4,10.4,996.0,995.9,0.0,0.0,13.74,11.62,0,354,6.8,6.5,84.6,84.5,6.8,6.5,339.8,333.7,998.1,998.0,-6.68,298.39,-0.02,31.2679,10.6383,363.6,35.7,1487.672, NAN, NAN, NAN, NAN,,2024/04/04 08:27:47.813,2024-04-04 08:27:47.813000+00:00
2024/04/04, 08:28:47.813,35.954,-75.12,0.1,342.32,278.71,0.84,10.3,10.4,995.8,996.0,0.0,0.0,13.74,11.62,1,354,7.3,7.0,84.3,84.3,7.2,6.8,346.6,339.7,997.9,998.1,-6.61,298.15,-0.02,31.2753,10.6328,367.0,36.8,1487.661, NAN, NAN, NAN, NAN,,2024/04/04 08:28:47.813,2024-04-04 08:28:47.813000+00:00
2024/04/04, 08:29:47.813,35.954,-75.12,-0.07,340.56,152.79,0.28,10.3,10.4,996.2,996.0,0.0,0.0,13.74,11.62,359,353,6.4,6.4,84.1,84.2,6.5,6.5,338.4,332.5,998.3,998.1,-6.66,297.92,-0.02,31.2738,10.6286,365.4,37.8,1487.645, NAN, NAN, NAN, NAN,,2024/04/04 08:29:47.813,2024-04-04 08:29:47.813000+00:00
2024/04/04, 08:30:47.813,35.954,-75.12,0.02,340.68,37.23,0.49,10.3,10.4,996.3,996.1,0.0,0.0,13.74,11.62,0,355,5.9,5.9,84.8,84.6,5.7,5.7,338.9,333.7,998.4,998.2,-6.61,297.91,-0.02,31.2708,10.6266,366.7,37.9,1487.634, NAN, NAN, NAN, NAN,,2024/04/04 08:30:47.813,2024-04-04 08:30:47.813000+00:00
2024/04/04, 08:31:47.813,35.954,-75.12,0.16,341.62,145.71,0.67,10.4,10.4,996.1,996.2,0.0,0.0,13.74,11.62,359,355,6.2,6.0,84.7,84.6,6.5,6.3,339.2,335.4,998.2,998.3,-6.68,297.58,-0.02,31.2756,10.6275,370.8,36.2,1487.643, NAN, NAN, NAN, NAN,,2024/04/04 08:31:47.813,2024-04-04 08:31:47.813000+00:00
2024/04/04, 08:32:47.813,35.954,-75.12,0.25,341.15,132.77,0.17,10.3,10.4,996.1,996.0,0.0,0.0,13.74,11.62,358,351,6.5,6.4,84.5,84.6,6.6,6.5,339.6,332.7,998.2,998.1,-6.67,297.51,-0.02,31.2761,10.6298,368.8,35.4,1487.652, NAN, NAN, NAN, NAN,,2024/04/04 08:32:47.813,2024-04-04 08:32:47.813000+00:00
2024/04/04, 08:33:47.813,35.954,-75.12,0.03,342.48,239.24,0.21,10.3,10.4,996.2,996.3,0.0,0.0,13.74,11.62,356,350,6.0,5.9,84.6,85.0,6.0,5.9,339.5,333.5,998.3,998.4,-6.68,297.37,-0.02,31.2798,10.6286,367.0,35.3,1487.652, NAN, NAN, NAN, NAN,,2024/04/04 08:33:47.813,2024-04-04 08:33:47.813000+00:00
2024/04/04, 08:34:47.813,35.954,-75.12,0.01,343.07,287.94,0.11,10.3,10.4,996.0,996.1,0.0,0.0,13.74,11.62,352,345,5.8,5.9,85.0,85.2,5.7,5.9,334.9,327.8,998.1,998.2,-6.81,296.73,-0.01,31.2809,10.6269,368.4,36.6,1487.647, NAN, NAN, NAN, NAN,,2024/04/04 08:34:47.813,2024-04-04 08:34:47.813000+00:00
2024/04/04, 08:35:47.813,35.954,-75.12,-0.15,341.6,188.15,0.36,10.3,10.4,996.1,996.3,0.0,0.0,13.74,11.62,350,345,5.4,5.5,85.1,85.1,5.4,5.5,333.5,328.5,998.2,998.4,-6.8,296.62,-0.02,31.2847,10.6281,371.2,36.8,1487.656, NAN, NAN, NAN, NAN,,2024/04/04 08:35:47.813,2024-04-04 08:35:47.813000+00:00
2024/04/04, 08:36:47.813,35.954,-75.12,0.0,340.19,10.58,0.25,10.4,10.4,996.3,996.2,0.0,0.0,13.74,11.62,346,341,5.8,5.9,85.6,85.5,5.8,5.9,324.9,319.9,998.4,998.3,-6.75,296.2,-0.02,31.2889,10.6288,366.7,36.6,1487.664, NAN, NAN, NAN, NAN,,2024/04/04 08:36:47.813,2024-04-04 08:36:47.813000+00:00
2024/04/04, 08:37:47.813,35.954,-75.12,0.06,341.64,241.13,0.13,10.3,10.4,996.2,996.1,0.0,0.0,13.74,11.62,345,340,6.0,5.9,84.6,84.6,6.0,5.9,327.3,322.3,998.3,998.2,-6.9,295.86,-0.01,31.2901,10.6278,369.4,36.2,1487.661, NAN, NAN, NAN, NAN,,2024/04/04 08:37:47.813,2024-04-04 08:37:47.813000+00:00
2024/04/04, 08:38:47.813,35.954,-75.12,-0.07,343.22,306.35,0.61,10.3,10.4,996.5,996.5,0.0,0.0,13.74,11.62,351,345,6.1,6.2,84.8,84.9,5.8,5.9,335.4,329.1,998.6,998.6,-6.86,296.02,-0.01,31.2962,10.6287,371.5,35.0,1487.672, NAN, NAN, NAN, NAN,,2024/04/04 08:38:47.813,2024-04-04 08:38:47.813000+00:00
2024/04/04, 08:39:47.813,35.954,-75.12,-0.1,343.01,195.17,0.32,10.3,10.4,996.2,996.1,0.0,0.0,13.74,11.62,351,345,6.1,6.1,84.6,84.7,6.2,6.2,335.2,329.3,998.3,998.2,-6.86,296.13,-0.01,31.2985,10.6284,373.2,35.1,1487.674, NAN, NAN, NAN, NAN,,2024/04/04 08:39:47.813,2024-04-04 08:39:47.813000+00:00
2024/04/04, 08:40:47.813,35.954,-75.12,-0.1,340.18,56.06,0.16,10.3,10.4,996.2,996.2,0.0,0.0,13.74,11.62,356,350,5.9,5.6,84.6,84.7,5.9,5.6,335.4,329.4,998.3,998.3,-6.7,296.48,-0.02,31.3044,10.6277,367.2,35.1,1487.678, NAN, NAN, NAN, NAN,,2024/04/04 08:40:47.813,2024-04-04 08:40:47.813000+00:00
2024/04/04, 08:41:47.814,35.954,-75.12,0.14,341.83,291.1,0.35,10.3,10.4,996.2,996.3,0.0,0.0,13.74,11.62,349,342,5.5,5.6,85.0,85.0,5.4,5.5,332.6,325.5,998.3,998.4,-6.79,296.74,-0.01,31.3078,10.6284,365.4,35.3,1487.685, NAN, NAN, NAN, NAN,,2024/04/04 08:41:47.814,2024-04-04 08:41:47.814000+00:00
2024/04/04, 08:42:47.814,35.954,-75.12,0.18,341.53,5.31,0.07,10.4,10.4,996.2,996.2,0.0,0.0,13.74,11.62,352,347,5.9,6.0,85.0,85.1,5.9,6.0,333.8,328.9,998.3,998.3,-6.71,296.99,-0.01,31.3154,10.6309,366.2,35.3,1487.703, NAN, NAN, NAN, NAN,,2024/04/04 08:42:47.814,2024-04-04 08:42:47.814000+00:00
2024/04/04, 08:43:47.814,35.954,-75.12,-0.01,341.67,175.41,0.31,10.4,10.4,996.4,996.3,0.0,0.0,13.74,11.62,353,347,5.6,5.3,85.3,85.3,5.8,5.5,334.5,328.7,998.5,998.4,-6.75,297.51,-0.01,31.3198,10.6321,367.0,34.9,1487.713, NAN, NAN, NAN, NAN,,2024/04/04 08:43:47.814,2024-04-04 08:43:47.814000+00:00
2024/04/04, 08:44:47.814,35.954,-75.12,0.12,342.72,233.6,0.16,10.4,10.4,996.3,996.3,0.0,0.0,13.74,11.62,353,347,5.7,5.7,85.4,85.4,5.8,5.8,335.4,329.4,998.4,998.4,-6.75,297.53,-0.01,31.3209,10.6322,368.1,34.8,1487.714, NAN, NAN, NAN, NAN,,2024/04/04 08:44:47.814,2024-04-04 08:44:47.814000+00:00
2024/04/04, 08:45:47.814,35.954,-75.12,0.2,342.6,209.3,0.09,10.4,10.4,996.5,996.3,0.0,0.0,13.74,11.62,355,350,6.0,6.0,85.3,85.4,6.0,6.0,338.0,333.0,998.6,998.4,-6.7,297.3,-0.01,31.3252,10.6318,363.0,35.0,1487.718, NAN, NAN, NAN, NAN,,2024/04/04 08:45:47.814,2024-04-04 08:45:47.814000+00:00
2024/04/04, 08:46:47.814,35.954,-75.12,0.27,342.54,354.55,0.36,10.4,10.4,996.3,996.3,0.0,0.0,13.74,11.62,352,346,5.2,5.0,85.5,85.5,5.0,4.8,333.5,327.3,998.4,998.4,-6.79,297.1,-0.01,31.333,10.6308,364.1,35.3,1487.724, NAN, NAN, NAN, NAN,,2024/04/04 08:46:47.814,2024-04-04 08:46:47.814000+00:00
2024/04/04, 08:47:47.814,35.954,-75.12,0.11,342.56,28.84,0.01,10.4,10.4,996.2,996.1,0.0,0.0,13.74,11.62,350,345,5.6,5.9,86.0,86.0,5.6,5.9,332.6,327.6,998.3,998.2,-6.78,296.69,-0.01,31.3347,10.6279,363.0,35.0,1487.716, NAN, NAN, NAN, NAN,,2024/04/04 08:47:47.814,2024-04-04 08:47:47.814000+00:00
2024/04/04, 08:48:47.814,35.954,-75.12,0.11,341.42,358.97,0.33,10.4,10.4,996.3,996.2,0.0,0.0,13.74,11.62,351,347,5.5,5.5,85.7,85.8,5.3,5.3,332.3,328.2,998.4,998.3,-6.86,296.58,-0.01,31.3373,10.6245,364.8,33.6,1487.707, NAN, NAN, NAN, NAN,,2024/04/04 08:48:47.814,2024-04-04 08:48:47.814000+00:00
2024/04/04, 08:49:47.814,35.954,-75.12,0.02,341.79,322.66,0.3,10.4,10.4,996.2,996.2,0.0,0.0,13.74,11.62,349,343,4.9,5.0,85.7,85.8,4.8,4.9,331.8,325.7,998.3,998.3,-6.83,296.47,-0.02,31.3376,10.6226,367.0,33.3,1487.7, NAN, NAN, NAN, NAN,,2024/04/04 08:49:47.814,2024-04-04 08:49:47.814000+00:00
2024/04/04, 08:50:47.814,35.954,-75.12,0.17,341.44,60.97,0.69,10.4,10.4,996.3,996.1,0.0,0.0,13.74,11.62,351,346,5.6,5.6,86.2,86.2,5.7,5.7,328.9,324.0,998.4,998.2,-6.93,296.06,-0.01,31.3381,10.6193,363.6,33.6,1487.689, NAN, NAN, NAN, NAN,,2024/04/04 08:50:47.814,2024-04-04 08:50:47.814000+00:00
2024/04/04, 08:51:47.814,35.954,-75.12,0.14,341.48,55.43,0.47,10.4,10.4,996.2,996.2,0.0,0.0,13.74,11.62,348,342,4.5,4.8,86.1,86.2,4.5,4.8,326.4,320.6,998.3,998.3,-6.92,296.2,-0.02,31.3389,10.6157,368.1,33.7,1487.677, NAN, NAN, NAN, NAN,,2024/04/04 08:51:47.814,2024-04-04 08:51:47.814000+00:00
2024/04/04, 08:52:47.814,35.954,-75.12,0.27,342.43,92.72,0.24,10.4,10.4,996.3,996.2,0.0,0.0,13.74,11.62,343,338,5.1,5.4,86.4,86.3,5.2,5.5,324.6,319.7,998.4,998.3,-6.93,295.99,-0.01,31.3387,10.6135,368.1,33.7,1487.669, NAN, NAN, NAN, NAN,,2024/04/04 08:52:47.814,2024-04-04 08:52:47.814000+00:00
2024/04/04, 08:53:47.814,35.954,-75.12,0.11,342.18,202.84,0.52,10.4,10.4,996.5,996.3,0.0,0.0,13.74,11.62,344,337,4.5,4.6,86.3,86.4,4.7,4.8,328.7,321.9,998.6,998.4,-7.03,296.19,-0.02,31.3418,10.6146,368.4,32.7,1487.677, NAN, NAN, NAN, NAN,,2024/04/04 08:53:47.814,2024-04-04 08:53:47.814000+00:00
2024/04/04, 08:54:47.814,35.954,-75.12,0.28,342.29,9.96,0.32,10.4,10.4,996.2,996.2,0.0,0.0,13.74,11.62,350,345,4.9,4.8,86.3,86.3,4.8,4.7,331.3,326.2,998.3,998.3,-6.94,296.21,-0.01,31.3415,10.6166,367.5,33.0,1487.683, NAN, NAN, NAN, NAN,,2024/04/04 08:54:47.814,2024-04-04 08:54:47.814000+00:00
2024/04/04, 08:55:47.814,35.954,-75.12,0.28,341.1,172.2,0.16,10.4,10.4,996.6,996.0,0.0,0.0,13.74,11.62,352,347,5.1,5.1,86.3,86.4,5.2,5.2,333.0,328.1,998.7,998.1,-7.15,296.48,-0.01,31.346,10.6174,370.2,32.2,1487.692, NAN, NAN, NAN, NAN,,2024/04/04 08:55:47.814,2024-04-04 08:55:47.814000+00:00
2024/04/04, 08:56:47.814,35.954,-75.12,0.25,341.07,220.52,0.26,10.4,10.4,996.3,996.2,0.0,0.0,13.74,11.62,353,347,4.7,4.7,86.6,86.6,4.8,4.8,334.8,328.9,998.4,998.3,-6.98,297.11,-0.01,31.3477,10.6174,370.5,30.9,1487.694, NAN, NAN, NAN, NAN,,2024/04/04 08:56:47.814,2024-04-04 08:56:47.814000+00:00
2024/04/04, 08:57:47.815,35.954,-75.12,0.22,340.95,170.44,0.3,10.4,10.4,996.6,996.5,0.0,0.0,13.74,11.62,351,345,5.2,5.2,86.6,86.6,5.4,5.4,331.8,326.0,998.7,998.6,-7.1,297.85,-0.01,31.3526,10.6174,370.5,29.9,1487.7, NAN, NAN, NAN, NAN,,2024/04/04 08:57:47.815,2024-04-04 08:57:47.815000+00:00
2024/04/04, 08:58:47.815,35.954,-75.12,0.13,343.14,167.09,0.29,10.4,10.4,996.3,996.2,0.0,0.0,13.74,11.62,346,339,5.2,5.3,86.5,86.5,5.3,5.4,328.7,321.9,998.4,998.3,-7.07,299.55,-0.01,31.3539,10.6165,370.5,30.4,1487.698, NAN, NAN, NAN, NAN,,2024/04/04 08:58:47.815,2024-04-04 08:58:47.815000+00:00
2024/04/04, 08:59:47.815,35.954,-75.12,-0.24,342.85,265.24,0.35,10.4,10.4,996.2,996.3,0.0,0.0,13.74,11.62,346,342,4.5,4.6,86.8,86.9,4.4,4.5,330.5,326.3,998.3,998.4,-7.1,302.62,-0.02,31.3594,10.6161,366.2,31.2,1487.703, NAN, NAN, NAN, NAN,,2024/04/04 08:59:47.815,2024-04-04 08:59:47.815000+00:00
2024/04/04, 09:00:47.815,35.954,-75.12,-0.13,341.24,21.89,0.24,10.4,10.4,996.3,996.5,0.0,0.0,13.74,11.62,349,343,5.3,5.3,87.0,87.1,5.2,5.2,330.0,323.9,998.4,998.6,-6.9,305.59,-0.01,31.3579,10.6131,364.4,31.6,1487.691, NAN, NAN, NAN, NAN,,2024/04/04 09:00:47.815,2024-04-04 09:00:47.815000+00:00
2024/04/04, 09:01:47.815,35.954,-75.12,-0.11,341.65,307.1,0.17,10.4,10.4,996.5,996.5,0.0,0.0,13.74,11.62,345,339,4.9,4.9,86.8,86.8,4.8,4.8,326.0,320.0,998.6,998.6,-6.83,310.55,-0.02,31.3684,10.6127,360.0,30.3,1487.702, NAN, NAN, NAN, NAN,,2024/04/04 09:01:47.815,2024-04-04 09:01:47.815000+00:00
2024/04/04, 09:02:47.815,35.954,-75.12,0.41,342.89,224.43,0.11,10.4,10.4,996.3,996.4,0.0,0.0,13.74,11.62,348,343,4.8,4.7,86.8,86.8,4.9,4.8,330.8,325.8,998.4,998.5,-6.81,314.67,-0.02,31.3524,10.6122,361.4,32.2,1487.681, NAN, NAN, NAN, NAN,,2024/04/04 09:02:47.815,2024-04-04 09:02:47.815000+00:00
2024/04/04, 09:03:47.815,35.954,-75.12,-0.07,340.7,108.82,0.15,10.3,10.4,996.5,996.7,0.0,0.0,13.74,11.62,340,334,4.3,5.4,86.7,86.9,4.4,5.5,321.0,315.0,998.6,998.8,-6.72,314.51,-0.01,31.3719,10.609,362.4,31.7,1487.693, NAN, NAN, NAN, NAN,,2024/04/04 09:03:47.815,2024-04-04 09:03:47.815000+00:00
2024/04/04, 09:04:47.815,35.954,-75.12,0.05,342.08,165.86,0.29,10.4,10.4,996.3,996.4,0.0,0.0,13.74,11.62,338,333,4.2,4.7,86.9,87.0,4.3,4.8,318.7,313.9,998.4,998.5,-6.63,311.33,-0.01,31.3803,10.6073,362.0,30.8,1487.697, NAN, NAN, NAN, NAN,,2024/04/04 09:04:47.815,2024-04-04 09:04:47.815000+00:00
2024/04/04, 09:05:47.815,35.954,-75.12,0.18,341.57,31.75,0.34,10.4,10.4,996.5,996.3,0.0,0.0,13.74,11.62,346,342,4.1,4.1,86.7,86.8,4.0,4.0,326.2,322.0,998.6,998.4,-6.75,310.1,-0.01,31.3843,10.608,362.0,30.7,1487.704, NAN, NAN, NAN, NAN,,2024/04/04 09:05:47.815,2024-04-04 09:05:47.815000+00:00
2024/04/04, 09:06:47.815,35.954,-75.12,0.23,341.38,196.7,0.41,10.4,10.4,996.3,996.3,0.0,0.0,13.74,11.62,353,345,4.8,4.7,86.8,86.9,5.0,4.8,336.0,328.3,998.4,998.4,-6.66,310.0,-0.01,31.3835,10.6069,369.7,30.3,1487.7, NAN, NAN, NAN, NAN,,2024/04/04 09:06:47.815,2024-04-04 09:06:47.815000+00:00
2024/04/04, 09:07:47.815,35.954,-75.12,-0.07,342.26,12.7,0.75,10.3,10.4,996.3,996.2,0.0,0.0,13.74,11.62,353,346,5.2,5.2,86.5,86.7,4.9,4.9,333.1,325.7,998.4,998.3,-6.6,308.72,-0.01,31.388,10.6027,370.5,27.7,1487.69, NAN, NAN, NAN, NAN,,2024/04/04 09:07:47.815,2024-04-04 09:07:47.815000+00:00
2024/04/04, 09:08:47.815,35.954,-75.12,0.28,342.35,255.64,0.34,10.3,10.4,996.3,996.4,0.0,0.0,13.74,11.62,344,336,4.3,4.4,86.7,86.7,4.2,4.3,328.5,320.3,998.4,998.5,-6.77,305.63,-0.01,31.3863,10.5967,367.5,28.7,1487.667, NAN, NAN, NAN, NAN,,2024/04/04 09:08:47.815,2024-04-04 09:08:47.815000+00:00
2024/04/04, 09:09:47.815,35.954,-75.12,0.17,342.51,307.13,0.22,10.4,10.4,996.4,996.3,0.0,0.0,13.74,11.62,330,328,4.5,6.9,86.9,86.9,4.5,6.9,311.1,309.6,998.5,998.4,-6.78,303.12,-0.01,31.3933,10.5925,370.2,29.0,1487.66, NAN, NAN, NAN, NAN,,2024/04/04 09:09:47.815,2024-04-04 09:09:47.815000+00:00
2024/04/04, 09:10:47.815,35.954,-75.12,0.42,341.95,31.53,0.18,10.4,10.4,996.7,996.4,0.0,0.0,13.74,11.62,335,331,4.4,5.5,86.9,86.7,4.3,5.4,317.3,313.2,998.8,998.5,-6.78,303.73,-0.02,31.3947,10.5867,366.0,29.0,1487.641, NAN, NAN, NAN, NAN,,2024/04/04 09:10:47.815,2024-04-04 09:10:47.815000+00:00
2024/04/04, 09:11:47.815,35.954,-75.12,0.36,342.42,166.13,0.37,10.4,10.4,996.5,996.2,0.0,0.0,13.74,11.62,347,341,4.8,4.7,86.9,86.9,5.0,4.9,330.0,324.2,998.6,998.3,-6.87,306.56,-0.01,31.3922,10.5818,390.8,30.1,1487.62, NAN, NAN, NAN, NAN,,2024/04/04 09:11:47.815,2024-04-04 09:11:47.815000+00:00
2024/04/04, 09:12:47.815,35.954,-75.12,0.25,341.93,223.91,0.19,10.4,10.4,996.6,996.3,0.0,0.0,13.74,11.62,349,343,4.4,4.5,86.9,86.9,4.4,4.5,329.7,323.7,998.7,998.4,-6.86,307.36,-0.01,31.3948,10.5778,373.2,30.0,1487.609, NAN, NAN, NAN, NAN,,2024/04/04 09:12:47.815,2024-04-04 09:12:47.815000+00:00
2024/04/04, 09:13:47.816,35.954,-75.12,0.1,342.68,159.05,0.18,10.4,10.4,996.3,996.5,0.0,0.0,13.74,11.62,342,339,4.6,4.8,87.2,87.2,4.7,4.9,324.0,321.1,998.4,998.6,-6.85,305.45,-0.01,31.3965,10.5741,370.8,28.7,1487.598, NAN, NAN, NAN, NAN,,2024/04/04 09:13:47.816,2024-04-04 09:13:47.816000+00:00
2024/04/04, 09:14:47.816,35.954,-75.12,0.23,341.92,198.99,0.01,10.4,10.4,996.4,996.3,0.0,0.0,13.74,11.62,344,336,4.4,4.8,87.2,87.3,4.4,4.8,326.0,318.0,998.5,998.4,-6.83,305.85,-0.02,31.3932,10.5748,370.0,28.5,1487.597, NAN, NAN, NAN, NAN,,2024/04/04 09:14:47.816,2024-04-04 09:14:47.816000+00:00
2024/04/04, 09:15:47.816,35.954,-75.12,0.15,341.65,178.72,0.12,10.4,10.4,996.2,996.5,0.0,0.0,13.74,11.62,344,338,4.0,4.2,87.3,87.4,4.1,4.3,326.0,320.1,998.3,998.6,-6.89,309.55,-0.02,31.4012,10.5753,376.8,27.8,1487.608, NAN, NAN, NAN, NAN,,2024/04/04 09:15:47.816,2024-04-04 09:15:47.816000+00:00
2024/04/04, 09:16:47.816,35.954,-75.12,0.22,342.1,224.16,0.12,10.4,10.4,996.3,996.2,0.0,0.0,13.74,11.62,344,340,5.0,5.2,87.5,87.5,5.0,5.2,325.6,321.6,998.4,998.3,-6.88,312.35,-0.01,31.3985,10.5753,372.8,28.0,1487.605, NAN, NAN, NAN, NAN,,2024/04/04 09:16:47.816,2024-04-04 09:16:47.816000+00:00
2024/04/04, 09:17:47.816,35.954,-75.12,0.21,342.08,18.09,0.1,10.4,10.4,996.4,996.5,0.0,0.0,13.74,11.62,348,342,4.3,4.3,87.1,87.1,4.3,4.3,329.4,323.4,998.5,998.6,-6.81,310.47,-0.02,31.4051,10.5751,382.7,26.7,1487.612, NAN, NAN, NAN, NAN,,2024/04/04 09:17:47.816,2024-04-04 09:17:47.816000+00:00
2024/04/04, 09:18:47.816,35.954,-75.12,0.16,342.67,102.18,0.22,10.4,10.4,996.7,996.5,0.0,0.0,13.74,11.62,348,343,4.5,4.6,87.3,87.3,4.6,4.7,329.8,324.9,998.8,998.6,-6.76,305.98,-0.01,31.4061,10.5757,371.5,27.3,1487.615, NAN, NAN, NAN, NAN,,2024/04/04 09:18:47.816,2024-04-04 09:18:47.816000+00:00
2024/04/04, 09:19:47.816,35.954,-75.12,0.19,341.28,49.8,0.23,10.4,10.4,996.5,996.3,0.0,0.0,13.74,11.62,343,336,4.7,5.2,87.2,87.4,4.7,5.2,322.8,316.0,998.6,998.4,-6.84,302.78,-0.02,31.41,10.5748,372.8,27.2,1487.617, NAN, NAN, NAN, NAN,,2024/04/04 09:19:47.816,2024-04-04 09:19:47.816000+00:00
2024/04/04, 09:20:47.816,35.954,-75.12,0.1,341.59,115.86,0.53,10.4,10.4,996.3,996.2,0.0,0.0,13.74,11.62,346,341,4.5,4.5,87.2,87.6,4.6,4.7,324.7,319.9,998.4,998.3,-6.81,302.38,-0.01,31.4123,10.576,371.6,27.3,1487.624, NAN, NAN, NAN, NAN,,2024/04/04 09:20:47.816,2024-04-04 09:20:47.816000+00:00
2024/04/04, 09:21:47.816,35.954,-75.12,0.31,340.73,183.63,0.13,10.4,10.4,996.5,996.6,0.0,0.0,13.74,11.62,350,344,4.3,4.5,87.6,87.6,4.3,4.5,331.5,325.4,998.6,998.7,-6.84,302.74,-0.01,31.4119,10.5753,371.2,29.3,1487.621, NAN, NAN, NAN, NAN,,2024/04/04 09:21:47.816,2024-04-04 09:21:47.816000+00:00
2024/04/04, 09:22:47.816,35.954,-75.12,0.24,341.57,89.04,0.14,10.4,10.4,996.5,996.7,0.0,0.0,13.74,11.62,350,344,4.1,4.4,87.5,87.5,4.2,4.5,332.0,326.1,998.6,998.8,-6.83,302.64,-0.01,31.419,10.5728,377.4,28.1,1487.621, NAN, NAN, NAN, NAN,,2024/04/04 09:22:47.816,2024-04-04 09:22:47.816000+00:00
2024/04/04, 09:23:47.816,35.954,-75.12,0.3,341.23,191.11,0.1,10.4,10.4,996.6,996.6,0.0,0.0,13.74,11.62,345,338,4.6,4.7,87.6,87.6,4.6,4.7,326.4,319.5,998.7,998.7,-6.88,302.22,-0.01,31.4196,10.5706,370.5,28.5,1487.613, NAN, NAN, NAN, NAN,,2024/04/04 09:23:47.816,2024-04-04 09:23:47.816000+00:00
2024/04/04, 09:24:47.816,35.954,-75.12,0.12,342.12,179.7,0.36,10.4,10.4,996.7,996.5,0.0,0.0,13.74,11.62,344,338,4.2,4.2,87.6,87.6,4.4,4.4,326.6,320.8,998.8,998.6,-6.93,302.75,-0.01,31.4282,10.5676,373.6,28.0,1487.613, NAN, NAN, NAN, NAN,,2024/04/04 09:24:47.816,2024-04-04 09:24:47.816000+00:00
2024/04/04, 09:25:47.816,35.954,-75.12,0.28,341.47,283.49,0.32,10.4,10.4,996.6,996.6,0.0,0.0,13.74,11.62,347,341,4.2,4.3,87.6,87.6,4.1,4.2,330.5,324.4,998.7,998.7,-6.99,304.25,-0.01,31.4118,10.5653,367.8,28.3,1487.585, NAN, NAN, NAN, NAN,,2024/04/04 09:25:47.816,2024-04-04 09:25:47.816000+00:00
2024/04/04, 09:26:47.816,35.954,-75.12,0.37,341.85,135.52,0.4,10.4,10.4,996.6,996.5,0.0,0.0,13.74,11.62,347,341,5.0,5.1,88.0,87.9,5.1,5.2,326.8,320.9,998.7,998.6,-6.85,306.27,-0.01,31.4381,10.5661,370.8,28.4,1487.62, NAN, NAN, NAN, NAN,,2024/04/04 09:26:47.816,2024-04-04 09:26:47.816000+00:00
2024/04/04, 09:27:47.816,35.954,-75.12,0.22,341.76,225.17,0.2,10.4,10.4,996.5,996.4,0.0,0.0,13.74,11.62,344,337,4.3,4.5,87.7,87.6,4.3,4.4,327.0,319.8,998.6,998.5,-6.87,307.95,-0.02,31.4415,10.5658,367.8,28.1,1487.623, NAN, NAN, NAN, NAN,,2024/04/04 09:27:47.816,2024-04-04 09:27:47.816000+00:00
2024/04/04, 09:28:47.816,35.954,-75.12,0.38,341.95,238.26,0.24,10.4,10.4,996.7,996.4,0.0,0.0,13.74,11.62,346,340,4.3,4.5,87.8,87.9,4.3,4.5,329.6,323.5,998.8,998.5,-6.8,308.82,-0.01,31.441,10.565,366.0,27.7,1487.619, NAN, NAN, NAN, NAN,,2024/04/04 09:28:47.816,2024-04-04 09:28:47.816000+00:00
2024/04/04, 09:29:47.816,35.954,-75.12,0.48,342.03,170.76,0.28,10.4,10.4,996.8,996.5,0.0,0.0,13.74,11.62,352,345,4.3,4.4,87.9,88.1,4.4,4.5,334.5,327.7,998.9,998.6,-6.84,309.88,-0.01,31.4441,10.5626,365.1,27.9,1487.614, NAN, NAN, NAN, NAN,,2024/04/04 09:29:47.816,2024-04-04 09:29:47.816000+00:00
2024/04/04, 09:30:47.817,35.954,-75.12,0.36,340.33,143.32,0.18,10.4,10.4,996.8,996.5,0.0,0.0,13.74,11.62,350,344,4.4,4.6,88.3,88.1,4.5,4.7,330.5,324.6,998.9,998.6,-6.75,310.47,-0.01,31.4587,10.5604,368.9,27.3,1487.624, NAN, NAN, NAN, NAN,,2024/04/04 09:30:47.817,2024-04-04 09:30:47.817000+00:00
2024/04/04, 09:31:47.817,35.954,-75.12,0.21,343.37,110.34,0.31,10.4,10.4,996.7,996.7,0.0,0.0,13.74,11.62,349,343,4.3,4.3,88.0,88.0,4.5,4.5,332.4,326.6,998.8,998.8,-6.81,309.8,-0.02,31.449,10.5573,365.4,27.3,1487.601, NAN, NAN, NAN, NAN,,2024/04/04 09:31:47.817,2024-04-04 09:31:47.817000+00:00
2024/04/04, 09:32:47.817,35.954,-75.12,0.53,339.62,333.27,0.16,10.4,10.4,996.7,996.8,0.0,0.0,13.74,11.62,350,344,4.1,4.0,88.2,88.2,4.0,3.9,330.4,324.4,998.8,998.9,-6.7,308.7,-0.01,31.4563,10.5572,372.8,28.2,1487.61, NAN, NAN, NAN, NAN,,2024/04/04 09:32:47.817,2024-04-04 09:32:47.817000+00:00
2024/04/04, 09:33:47.817,35.954,-75.12,0.18,340.54,136.56,0.23,10.4,10.4,996.6,996.5,0.0,0.0,13.74,11.62,348,342,4.3,4.3,88.3,88.4,4.4,4.4,328.0,322.2,998.7,998.6,-6.75,308.32,-0.01,31.4598,10.5554,376.0,27.8,1487.608, NAN, NAN, NAN, NAN,,2024/04/04 09:33:47.817,2024-04-04 09:33:47.817000+00:00
2024/04/04, 09:34:47.817,35.954,-75.12,0.23,342.28,314.76,0.44,10.3,10.4,996.5,996.5,0.0,0.0,13.74,11.62,349,342,4.3,4.4,88.3,88.3,4.1,4.2,333.4,326.1,998.6,998.6,-6.82,308.64,-0.02,31.4606,10.5546,374.7,27.1,1487.606, NAN, NAN, NAN, NAN,,2024/04/04 09:34:47.817,2024-04-04 09:34:47.817000+00:00
2024/04/04, 09:35:47.817,35.954,-75.12,0.18,341.13,138.89,0.16,10.3,10.4,996.3,996.7,0.0,0.0,13.74,11.62,351,344,4.1,4.0,88.3,88.4,4.2,4.1,332.3,325.4,998.4,998.8,-6.94,310.14,-0.01,31.4615,10.5508,363.6,26.0,1487.593, NAN, NAN, NAN, NAN,,2024/04/04 09:35:47.817,2024-04-04 09:35:47.817000+00:00
2024/04/04, 09:36:47.817,35.954,-75.12,0.36,342.41,305.85,0.3,10.3,10.3,997.0,996.8,0.0,0.0,13.74,11.62,352,346,4.5,4.4,88.2,88.2,4.5,4.4,336.4,330.4,999.1,998.9,-6.81,310.53,-0.01,31.4619,10.5471,375.5,25.5,1487.581, NAN, NAN, NAN, NAN,,2024/04/04 09:36:47.817,2024-04-04 09:36:47.817000+00:00
2024/04/04, 09:37:47.817,35.954,-75.12,0.13,342.71,296.58,0.5,10.3,10.3,996.7,996.7,0.0,0.0,13.74,11.62,352,345,4.1,4.1,88.1,88.1,3.9,3.9,337.1,329.7,998.8,998.8,-6.81,310.62,-0.01,31.4626,10.5445,368.9,25.8,1487.572, NAN, NAN, NAN, NAN,,2024/04/04 09:37:47.817,2024-04-04 09:37:47.817000+00:00
2024/04/04, 09:38:47.817,35.954,-75.12,0.22,341.25,112.26,0.56,10.3,10.3,996.6,996.8,0.0,0.0,13.74,11.62,348,342,4.0,4.0,88.3,88.4,4.1,4.1,325.2,319.3,998.7,998.9,-6.83,310.26,-0.01,31.4724,10.5422,370.2,25.8,1487.576, NAN, NAN, NAN, NAN,,2024/04/04 09:38:47.817,2024-04-04 09:38:47.817000+00:00
2024/04/04, 09:39:47.817,35.954,-75.12,0.22,342.41,283.14,0.49,10.3,10.3,996.6,996.4,0.0,0.0,13.74,11.62,347,341,3.7,3.7,88.5,88.5,3.6,3.6,333.2,327.1,998.7,998.5,-6.83,308.5,-0.01,31.4725,10.5388,368.8,26.0,1487.564, NAN, NAN, NAN, NAN,,2024/04/04 09:39:47.817,2024-04-04 09:39:47.817000+00:00
2024/04/04, 09:40:47.817,35.954,-75.12,0.22,341.74,270.47,0.2,10.3,10.3,996.8,996.7,0.0,0.0,13.74,11.62,356,350,4.0,3.9,88.8,88.8,3.9,3.8,337.2,331.0,998.9,998.8,-6.79,305.86,-0.01,31.4745,10.5369,370.0,26.2,1487.559, NAN, NAN, NAN, NAN,,2024/04/04 09:40:47.817,2024-04-04 09:40:47.817000+00:00
2024/04/04, 09:41:47.817,35.954,-75.12,0.48,343.11,244.42,0.08,10.3,10.3,996.6,996.5,0.0,0.0,13.74,11.62,352,347,3.7,3.6,88.4,88.4,3.7,3.6,335.6,330.6,998.7,998.6,-7.04,304.38,-0.02,31.4796,10.5355,365.1,26.5,1487.56, NAN, NAN, NAN, NAN,,2024/04/04 09:41:47.817,2024-04-04 09:41:47.817000+00:00
2024/04/04, 09:42:47.817,35.954,-75.12,0.27,340.33,352.93,0.17,10.3,10.3,996.7,996.4,0.0,0.0,13.74,11.62,355,349,4.1,4.1,89.0,89.0,4.1,4.1,336.5,330.4,998.8,998.5,-7.02,304.19,-0.01,31.4817,10.5342,368.4,26.5,1487.558, NAN, NAN, NAN, NAN,,2024/04/04 09:42:47.817,2024-04-04 09:42:47.817000+00:00
2024/04/04, 09:43:47.817,35.954,-75.12,0.31,343.0,186.89,0.29,10.3,10.3,996.7,996.5,0.0,0.0,13.74,11.62,352,348,3.8,3.7,88.8,88.8,3.8,3.7,337.2,333.3,998.8,998.6,-7.08,304.23,-0.01,31.4821,10.5352,370.0,26.4,1487.562, NAN, NAN, NAN, NAN,,2024/04/04 09:43:47.817,2024-04-04 09:43:47.817000+00:00
2024/04/04, 09:44:47.817,35.954,-75.12,0.47,342.46,239.73,0.95,10.3,10.3,996.7,996.6,0.0,0.0,13.74,11.62,353,347,3.5,3.6,89.0,89.0,3.7,3.8,342.5,336.6,998.8,998.7,-7.04,303.14,-0.01,31.4839,10.5363,367.8,26.2,1487.569, NAN, NAN, NAN, NAN,,2024/04/04 09:44:47.817,2024-04-04 09:44:47.817000+00:00
2024/04/04, 09:45:47.817,35.954,-75.12,0.38,342.11,268.8,0.33,10.3,10.3,996.7,996.6,0.0,0.0,13.74,11.62,355,348,4.0,4.0,88.9,88.9,3.9,3.9,339.4,332.2,998.8,998.7,-7.17,301.78,-0.02,31.4882,10.5337,366.2,25.6,1487.564, NAN, NAN, NAN, NAN,,2024/04/04 09:45:47.817,2024-04-04 09:45:47.817000+00:00
2024/04/04, 09:46:47.818,35.954,-75.12,0.31,341.95,47.06,0.04,10.3,10.3,996.5,996.5,0.0,0.0,13.74,11.62,348,343,3.4,3.7,88.8,88.8,3.4,3.7,329.8,324.8,998.6,998.6,-7.16,299.96,-0.01,31.4917,10.531,366.2,25.6,1487.559, NAN, NAN, NAN, NAN,,2024/04/04 09:46:47.818,2024-04-04 09:46:47.818000+00:00
2024/04/04, 09:47:47.818,35.954,-75.12,0.11,340.79,304.7,0.17,10.3,10.3,996.6,996.5,0.0,0.0,13.74,11.62,346,341,3.9,3.9,89.0,88.9,3.8,3.8,327.6,322.5,998.7,998.6,-7.18,298.6,-0.01,31.493,10.5292,370.8,24.4,1487.554, NAN, NAN, NAN, NAN,,2024/04/04 09:47:47.818,2024-04-04 09:47:47.818000+00:00
2024/04/04, 09:48:47.818,35.954,-75.12,0.2,341.55,42.58,0.67,10.2,10.3,996.8,997.0,0.0,0.0,13.74,11.62,339,334,3.5,4.0,88.9,88.8,3.5,4.0,314.9,310.7,998.9,999.1,-7.28,298.36,-0.02,31.4893,10.5256,367.0,24.5,1487.537, NAN, NAN, NAN, NAN,,2024/04/04 09:48:47.818,2024-04-04 09:48:47.818000+00:00
2024/04/04, 09:49:47.818,35.954,-75.12,0.38,342.26,184.41,0.6,10.3,10.3,996.8,996.8,0.0,0.0,13.74,11.62,341,335,3.6,3.7,89.3,89.3,3.9,4.0,324.9,319.3,998.9,998.9,-7.42,298.21,-0.01,31.4946,10.5247,368.8,24.7,1487.54, NAN, NAN, NAN, NAN,,2024/04/04 09:49:47.818,2024-04-04 09:49:47.818000+00:00
2024/04/04, 09:50:47.818,35.954,-75.12,0.38,340.69,169.96,0.18,10.2,10.3,997.0,996.8,0.0,0.0,13.74,11.62,338,334,3.9,4.6,88.9,89.0,4.0,4.7,318.2,314.3,999.1,998.9,-7.43,297.48,-0.01,31.5001,10.5218,364.8,25.0,1487.536, NAN, NAN, NAN, NAN,,2024/04/04 09:50:47.818,2024-04-04 09:50:47.818000+00:00
2024/04/04, 09:51:47.818,35.954,-75.12,0.1,340.79,73.2,0.25,10.2,10.2,996.8,996.8,0.0,0.0,13.74,11.62,342,335,3.7,3.9,88.6,88.6,3.8,4.0,321.0,314.3,998.9,998.9,-7.36,297.39,-0.01,31.5039,10.5214,365.4,25.3,1487.539, NAN, NAN, NAN, NAN,,2024/04/04 09:51:47.818,2024-04-04 09:51:47.818000+00:00
2024/04/04, 09:52:47.818,35.954,-75.12,0.28,342.23,252.91,0.91,10.2,10.2,996.8,996.8,0.0,0.0,13.74,11.62,340,334,3.2,3.8,88.6,88.7,3.2,3.7,330.6,323.2,998.9,998.9,-7.36,296.84,-0.01,31.4971,10.5205,366.2,26.5,1487.528, NAN, NAN, NAN, NAN,,2024/04/04 09:52:47.818,2024-04-04 09:52:47.818000+00:00
2024/04/04, 09:53:47.818,35.954,-75.12,0.4,343.05,304.52,0.49,10.2,10.2,996.8,996.7,0.0,0.0,13.74,11.62,339,334,3.4,3.7,88.6,88.7,3.1,3.5,321.7,316.3,998.9,998.8,-7.43,296.62,-0.01,31.5151,10.5156,368.1,26.6,1487.532, NAN, NAN, NAN, NAN,,2024/04/04 09:53:47.818,2024-04-04 09:53:47.818000+00:00
2024/04/04, 09:54:47.818,35.954,-75.12,0.35,341.44,38.0,0.41,10.2,10.2,996.8,996.8,0.0,0.0,13.74,11.62,334,331,3.4,4.5,88.7,88.8,3.4,4.5,311.9,309.8,998.9,998.9,-7.48,296.28,-0.01,31.521,10.5078,367.8,25.7,1487.511, NAN, NAN, NAN, NAN,,2024/04/04 09:54:47.818,2024-04-04 09:54:47.818000+00:00
2024/04/04, 09:55:47.818,35.954,-75.12,0.55,341.62,44.32,0.1,10.2,10.2,996.8,997.0,0.0,0.0,13.74,11.62,335,329,3.2,4.8,88.8,88.9,3.2,4.8,316.3,310.4,998.9,999.1,-7.44,295.82,-0.01,31.5204,10.5038,366.2,27.0,1487.496, NAN, NAN, NAN, NAN,,2024/04/04 09:55:47.818,2024-04-04 09:55:47.818000+00:00
2024/04/04, 09:56:47.818,35.954,-75.12,0.28,342.83,165.83,0.31,10.2,10.2,996.7,996.8,0.0,0.0,13.74,11.62,330,324,2.1,3.7,88.9,88.9,2.3,3.9,312.5,306.9,998.8,998.9,-7.48,295.77,-0.01,31.523,10.5031,362.4,26.9,1487.497, NAN, NAN, NAN, NAN,,2024/04/04 09:56:47.818,2024-04-04 09:56:47.818000+00:00
2024/04/04, 09:57:47.818,35.954,-75.12,0.61,340.37,37.42,0.07,10.2,10.2,996.8,996.8,0.0,0.0,13.74,11.62,331,330,3.0,4.2,89.0,89.1,3.0,4.2,311.4,310.4,998.9,998.9,-7.49,296.1,-0.01,31.523,10.5027,365.7,27.1,1487.496, NAN, NAN, NAN, NAN,,2024/04/04 09:57:47.818,2024-04-04 09:57:47.818000+00:00
2024/04/04, 09:58:47.818,35.954,-75.12,0.34,341.56,87.31,0.25,10.2,10.2,996.8,996.7,0.0,0.0,13.74,11.62,333,328,2.5,4.1,89.1,89.1,2.6,4.2,313.0,308.7,998.9,998.8,-7.55,295.66,-0.01,31.5234,10.5004,366.0,26.8,1487.488, NAN, NAN, NAN, NAN,,2024/04/04 09:58:47.818,2024-04-04 09:58:47.818000+00:00
2024/04/04, 09:59:47.818,35.954,-75.12,0.53,342.36,3.83,0.55,10.2,10.2,996.8,996.6,0.0,0.0,13.74,11.62,333,329,3.0,4.7,89.2,89.2,2.7,4.5,312.8,309.6,998.9,998.7,-7.59,296.14,-0.01,31.5254,10.5007,370.8,26.9,1487.491, NAN, NAN, NAN, NAN,,2024/04/04 09:59:47.818,2024-04-04 09:59:47.818000+00:00
2024/04/04, 10:00:47.818,35.954,-75.12,0.61,340.92,168.46,0.26,10.2,10.2,996.7,996.9,0.0,0.0,13.74,11.62,338,332,3.0,4.2,89.2,89.2,3.1,4.3,320.5,314.2,998.8,999.0,-7.54,295.8,-0.0,31.5291,10.4995,364.0,26.7,1487.492, NAN, NAN, NAN, NAN,,2024/04/04 10:00:47.818,2024-04-04 10:00:47.818000+00:00
2024/04/04, 10:01:47.818,35.954,-75.12,0.55,341.96,134.71,0.41,10.2,10.2,996.7,996.8,0.0,0.0,13.74,11.62,331,331,2.6,3.8,88.9,89.0,2.8,4.0,311.7,312.1,998.8,998.9,-7.67,296.16,-0.01,31.5291,10.4998,365.1,26.7,1487.493, NAN, NAN, NAN, NAN,,2024/04/04 10:01:47.818,2024-04-04 10:01:47.818000+00:00
2024/04/04, 10:02:47.818,35.954,-75.12,0.51,342.43,11.5,0.55,10.2,10.2,996.7,996.7,0.0,0.0,13.74,11.62,338,332,2.9,3.5,89.2,89.3,2.7,3.4,315.7,310.3,998.8,998.8,-7.65,295.68,-0.01,31.5299,10.4987,370.2,27.4,1487.49, NAN, NAN, NAN, NAN,,2024/04/04 10:02:47.818,2024-04-04 10:02:47.818000+00:00
2024/04/04, 10:03:47.818,35.954,-75.12,0.8,340.86,118.83,0.34,10.2,10.2,996.6,996.8,0.0,0.0,13.74,11.62,336,332,2.7,3.7,89.0,89.1,2.9,3.9,315.1,311.7,998.7,998.9,-7.55,295.97,-0.0,31.5353,10.4969,370.5,26.8,1487.49, NAN, NAN, NAN, NAN,,2024/04/04 10:03:47.818,2024-04-04 10:03:47.818000+00:00
2024/04/04, 10:04:47.819,35.954,-75.12,0.17,341.82,299.3,0.63,10.1,10.2,996.8,996.6,0.0,0.0,13.74,11.62,333,331,2.5,3.8,88.9,89.0,2.2,3.5,317.9,314.6,998.9,998.7,-7.58,295.54,0.0,31.5277,10.4933,366.7,26.7,1487.468, NAN, NAN, NAN, NAN,,2024/04/04 10:04:47.819,2024-04-04 10:04:47.819000+00:00
2024/04/04, 10:05:47.819,35.954,-75.12,0.3,342.41,252.5,0.29,10.2,10.2,996.7,996.8,0.0,0.0,13.74,11.62,340,333,2.6,3.5,89.2,89.2,2.6,3.5,325.7,317.9,998.8,998.9,-7.58,295.77,0.0,31.5396,10.4887,365.4,26.7,1487.466, NAN, NAN, NAN, NAN,,2024/04/04 10:05:47.819,2024-04-04 10:05:47.819000+00:00
2024/04/04, 10:06:47.819,35.954,-75.12,0.29,342.88,7.28,0.12,10.2,10.2,996.6,996.8,0.0,0.0,13.74,11.62,345,339,2.5,2.4,89.1,89.2,2.5,2.4,326.7,320.5,998.7,998.9,-7.55,295.32,0.01,31.5402,10.4858,380.4,26.6,1487.456, NAN, NAN, NAN, NAN,,2024/04/04 10:06:47.819,2024-04-04 10:06:47.819000+00:00
2024/04/04, 10:07:47.819,35.954,-75.12,0.19,342.69,229.88,0.31,10.2,10.2,996.8,996.8,0.0,0.0,13.74,11.62,344,335,2.0,2.1,89.3,89.3,2.1,2.1,330.8,321.9,998.9,998.9,-7.73,295.35,0.02,31.5444,10.4845,372.8,26.5,1487.456, NAN, NAN, NAN, NAN,,2024/04/04 10:07:47.819,2024-04-04 10:07:47.819000+00:00
2024/04/04, 10:08:47.819,35.954,-75.12,0.46,341.7,69.09,0.43,10.2,10.2,996.8,996.6,0.0,0.0,13.74,11.62,347,341,2.4,2.5,89.2,89.5,2.4,2.5,323.5,317.6,998.9,998.7,-7.67,295.49,0.02,31.5439,10.4824,370.5,26.8,1487.448, NAN, NAN, NAN, NAN,,2024/04/04 10:08:47.819,2024-04-04 10:08:47.819000+00:00
2024/04/04, 10:09:47.819,35.954,-75.12,0.44,341.53,86.46,0.08,10.2,10.2,996.6,996.6,0.0,0.0,13.74,11.62,344,339,2.3,2.1,89.5,89.6,2.3,2.1,324.8,319.9,998.7,998.7,-7.7,295.5,0.04,31.5499,10.4796,371.2,26.5,1487.445, NAN, NAN, NAN, NAN,,2024/04/04 10:09:47.819,2024-04-04 10:09:47.819000+00:00
2024/04/04, 10:10:47.819,35.954,-75.12,0.54,341.24,283.55,0.12,10.2,10.2,996.7,996.8,0.0,0.0,13.74,11.62,349,343,2.4,2.2,89.6,89.6,2.3,2.1,331.0,324.9,998.8,998.9,-7.7,295.45,0.05,31.5494,10.4787,375.5,26.9,1487.442, NAN, NAN, NAN, NAN,,2024/04/04 10:10:47.819,2024-04-04 10:10:47.819000+00:00
2024/04/04, 10:11:47.819,35.954,-75.12,0.26,344.68,330.93,0.99,10.1,10.2,996.8,996.8,0.0,0.0,13.74,11.62,341,337,2.7,2.5,89.6,89.7,2.2,2.0,322.3,317.0,998.9,998.9,-7.68,295.31,0.06,31.5539,10.4778,375.6,26.1,1487.444, NAN, NAN, NAN, NAN,,2024/04/04 10:11:47.819,2024-04-04 10:11:47.819000+00:00
2024/04/04, 10:12:47.819,35.954,-75.12,0.75,341.59,192.27,0.21,10.1,10.2,996.8,996.7,0.0,0.0,13.74,11.62,338,334,2.2,2.9,89.6,89.7,2.2,2.9,322.2,317.5,998.9,998.8,-7.75,295.48,0.09,31.5553,10.4796,369.7,26.4,1487.452, NAN, NAN, NAN, NAN,,2024/04/04 10:12:47.819,2024-04-04 10:12:47.819000+00:00
2024/04/04, 10:13:47.819,35.954,-75.12,0.47,341.87,180.07,0.3,10.1,10.1,996.6,996.6,0.0,0.0,13.74,11.62,340,334,2.4,3.1,89.7,89.8,2.5,3.2,322.9,317.0,998.7,998.7,-7.78,295.27,0.11,31.5599,10.4795,373.9,26.7,1487.457, NAN, NAN, NAN, NAN,,2024/04/04 10:13:47.819,2024-04-04 10:13:47.819000+00:00
2024/04/04, 10:14:47.819,35.954,-75.12,0.3,342.86,202.33,0.53,10.1,10.1,996.9,996.5,0.0,0.0,13.74,11.62,335,331,2.3,3.4,89.5,89.6,2.4,3.5,323.8,318.1,999.0,998.6,-7.68,295.26,0.14,31.561,10.4727,374.7,26.2,1487.434, NAN, NAN, NAN, NAN,,2024/04/04 10:14:47.819,2024-04-04 10:14:47.819000+00:00
2024/04/04, 10:15:47.819,35.954,-75.12,0.3,342.37,74.61,0.68,10.1,10.1,996.7,996.8,0.0,0.0,13.74,11.62,334,328,2.1,3.6,89.6,89.7,2.4,3.9,310.6,307.3,998.8,998.9,-7.64,295.63,0.17,31.5589,10.4664,374.7,26.2,1487.409, NAN, NAN, NAN, NAN,,2024/04/04 10:15:47.819,2024-04-04 10:15:47.819000+00:00
2024/04/04, 10:16:47.819,35.954,-75.12,0.23,341.62,276.26,0.17,10.1,10.1,996.8,996.8,0.0,0.0,13.74,11.62,332,328,2.3,4.5,89.8,89.8,2.2,4.4,314.8,310.2,998.9,998.9,-7.65,295.66,0.22,31.5644,10.4587,376.9,25.4,1487.388, NAN, NAN, NAN, NAN,,2024/04/04 10:16:47.819,2024-04-04 10:16:47.819000+00:00
2024/04/04, 10:17:47.819,35.954,-75.12,0.4,340.86,213.29,0.05,10.1,10.1,996.8,996.8,0.0,0.0,13.74,11.62,332,329,2.3,3.8,89.9,89.8,2.3,3.8,313.3,310.1,998.9,998.9,-7.54,295.65,0.28,31.5652,10.4555,374.0,25.5,1487.378, NAN, NAN, NAN, NAN,,2024/04/04 10:17:47.819,2024-04-04 10:17:47.819000+00:00
2024/04/04, 10:18:47.819,35.954,-75.12,0.25,342.28,63.55,0.28,10.1,10.1,997.1,996.8,0.0,0.0,13.74,11.62,334,331,2.2,3.8,89.9,89.9,2.2,3.8,312.6,311.1,999.2,998.9,-7.59,295.84,0.36,31.5675,10.4547,372.4,25.1,1487.378, NAN, NAN, NAN, NAN,,2024/04/04 10:18:47.819,2024-04-04 10:18:47.819000+00:00
2024/04/04, 10:19:47.819,35.954,-75.12,0.43,342.44,12.15,0.39,10.1,10.1,996.9,997.0,0.0,0.0,13.74,11.62,327,325,2.0,4.1,89.9,89.9,2.0,4.1,303.8,304.7,999.0,999.1,-7.7,295.63,0.45,31.5675,10.4541,376.9,25.3,1487.375, NAN, NAN, NAN, NAN,,2024/04/04 10:19:47.819,2024-04-04 10:19:47.819000+00:00
2024/04/04, 10:20:47.820,35.954,-75.12,0.58,341.95,307.54,0.28,10.1,10.1,996.7,996.8,0.0,0.0,13.74,11.62,330,327,2.1,3.5,89.9,89.9,2.2,3.6,312.8,309.6,998.8,998.9,-7.69,295.85,0.57,31.5727,10.4531,378.7,24.8,1487.378, NAN, NAN, NAN, NAN,,2024/04/04 10:20:47.820,2024-04-04 10:20:47.820000+00:00
2024/04/04, 10:21:47.820,35.954,-75.12,0.38,342.34,158.47,0.3,10.1,10.1,996.9,996.8,0.0,0.0,13.74,11.62,328,327,1.9,4.0,89.8,89.9,2.0,4.1,314.0,311.1,999.0,998.9,-7.67,295.71,0.71,31.5757,10.4546,378.4,24.6,1487.387, NAN, NAN, NAN, NAN,,2024/04/04 10:21:47.820,2024-04-04 10:21:47.820000+00:00
2024/04/04, 10:22:47.820,35.954,-75.12,0.1,341.7,80.63,0.22,10.1,10.1,996.9,996.9,0.0,0.0,13.74,11.62,332,329,1.9,3.7,90.0,90.0,2.0,3.8,311.7,309.7,999.0,999.0,-7.67,295.73,0.93,31.5753,10.4518,380.8,24.9,1487.377, NAN, NAN, NAN, NAN,,2024/04/04 10:22:47.820,2024-04-04 10:22:47.820000+00:00
2024/04/04, 10:23:47.820,35.954,-75.12,0.52,341.05,338.8,0.56,10.1,10.1,996.8,996.5,0.0,0.0,13.74,11.62,326,326,2.1,3.6,90.0,90.0,1.9,3.4,302.3,304.4,998.9,998.6,-7.62,296.07,1.17,31.5772,10.453,379.0,24.3,1487.383, NAN, NAN, NAN, NAN,,2024/04/04 10:23:47.820,2024-04-04 10:23:47.820000+00:00
2024/04/04, 10:24:47.820,35.954,-75.12,0.67,342.59,336.54,0.57,10.1,10.1,996.8,996.9,0.0,0.0,13.74,11.62,331,325,1.4,2.5,90.2,90.2,1.2,2.3,305.9,303.0,998.9,999.0,-7.67,295.91,1.47,31.5754,10.4555,376.8,24.7,1487.39, NAN, NAN, NAN, NAN,,2024/04/04 10:24:47.820,2024-04-04 10:24:47.820000+00:00
2024/04/04, 10:25:47.820,35.954,-75.12,0.46,342.06,102.12,0.17,10.1,10.1,997.0,996.9,0.0,0.0,13.74,11.62,324,325,1.8,4.2,90.2,90.2,1.8,4.2,303.4,305.9,999.1,999.0,-7.52,296.07,1.84,31.5814,10.4558,385.4,24.9,1487.398, NAN, NAN, NAN, NAN,,2024/04/04 10:25:47.820,2024-04-04 10:25:47.820000+00:00
2024/04/04, 10:26:47.820,35.954,-75.12,0.3,341.51,118.44,0.42,10.1,10.1,996.8,996.8,0.0,0.0,13.74,11.62,322,323,1.9,4.0,90.0,90.0,2.1,4.2,300.0,302.7,998.9,998.9,-7.57,295.65,2.29,31.5876,10.4529,381.7,24.7,1487.395, NAN, NAN, NAN, NAN,,2024/04/04 10:26:47.820,2024-04-04 10:26:47.820000+00:00
2024/04/04, 10:27:47.820,35.954,-75.12,0.46,342.89,10.21,0.17,10.1,10.1,996.8,996.8,0.0,0.0,13.74,11.62,325,325,1.6,3.6,90.1,90.2,1.6,3.6,304.9,306.6,998.9,998.9,-7.43,296.04,2.87,31.5945,10.4525,378.0,25.0,1487.402, NAN, NAN, NAN, NAN,,2024/04/04 10:27:47.820,2024-04-04 10:27:47.820000+00:00
2024/04/04, 10:28:47.820,35.954,-75.12,0.56,341.56,213.29,0.7,10.1,10.1,997.0,997.0,0.0,0.0,13.74,11.62,310,318,1.2,2.7,90.2,90.2,1.3,2.8,307.4,306.6,999.1,999.1,-7.45,295.97,3.47,31.6003,10.4538,380.4,24.7,1487.414, NAN, NAN, NAN, NAN,,2024/04/04 10:28:47.820,2024-04-04 10:28:47.820000+00:00
2024/04/04, 10:29:47.820,35.954,-75.12,0.47,343.1,4.0,0.18,10.1,10.1,996.8,996.8,0.0,0.0,13.74,11.62,324,325,1.6,3.4,90.2,90.3,1.6,3.4,303.8,306.6,998.9,998.9,-7.19,296.14,4.2,31.6027,10.4552,384.1,24.8,1487.422, NAN, NAN, NAN, NAN,,2024/04/04 10:29:47.820,2024-04-04 10:29:47.820000+00:00
2024/04/04, 10:30:47.820,35.954,-75.12,0.69,342.21,76.11,0.12,10.1,10.1,996.9,996.8,0.0,0.0,13.74,11.62,314,321,1.4,3.6,90.3,90.3,1.5,3.7,296.7,303.3,999.0,998.9,-7.15,296.3,5.02,31.6014,10.4557,378.7,24.9,1487.422, NAN, NAN, NAN, NAN,,2024/04/04 10:30:47.820,2024-04-04 10:30:47.820000+00:00
2024/04/04, 10:31:47.820,35.954,-75.12,0.36,341.27,26.28,0.29,10.1,10.1,996.8,996.6,0.0,0.0,13.74,11.62,320,322,1.3,3.1,90.3,90.4,1.2,3.0,295.0,300.7,998.9,998.7,-6.86,296.22,5.94,31.601,10.4561,381.4,24.0,1487.423, NAN, NAN, NAN, NAN,,2024/04/04 10:31:47.820,2024-04-04 10:31:47.820000+00:00
2024/04/04, 10:32:47.820,35.954,-75.12,0.46,342.72,128.07,0.42,10.1,10.1,997.2,997.2,0.0,0.0,13.74,11.62,313,323,1.0,2.4,90.3,90.3,1.1,2.6,304.5,309.1,999.3,999.3,-6.59,296.45,7.27,31.5975,10.4546,375.5,24.5,1487.413, NAN, NAN, NAN, NAN,,2024/04/04 10:32:47.820,2024-04-04 10:32:47.820000+00:00
2024/04/04, 10:33:47.820,35.954,-75.12,0.45,342.52,326.43,0.19,10.1,10.1,997.0,997.0,0.0,0.0,13.74,11.62,313,320,1.7,4.0,90.4,90.4,1.6,3.9,293.6,301.9,999.1,999.1,-6.42,296.45,8.66,31.6075,10.4561,381.1,24.4,1487.431, NAN, NAN, NAN, NAN,,2024/04/04 10:33:47.820,2024-04-04 10:33:47.820000+00:00
2024/04/04, 10:34:47.820,35.954,-75.12,0.69,342.29,351.02,0.08,10.1,10.1,997.0,997.0,0.0,0.0,13.74,11.62,315,321,1.5,3.4,90.4,90.4,1.5,3.4,296.5,302.9,999.1,999.1,-6.25,296.26,10.11,31.6128,10.4607,381.1,24.4,1487.454, NAN, NAN, NAN, NAN,,2024/04/04 10:34:47.820,2024-04-04 10:34:47.820000+00:00
2024/04/04, 10:35:47.820,35.954,-75.12,0.27,341.88,127.12,0.35,10.1,10.1,997.2,997.0,0.0,0.0,13.74,11.62,315,322,1.6,3.7,90.4,90.4,1.8,3.9,299.3,304.7,999.3,999.1,-5.9,296.74,11.89,31.6155,10.4659,381.4,24.0,1487.476, NAN, NAN, NAN, NAN,,2024/04/04 10:35:47.820,2024-04-04 10:35:47.820000+00:00
2024/04/04, 10:36:47.821,35.954,-75.12,0.44,341.24,112.28,0.32,10.1,10.1,997.0,997.0,0.0,0.0,13.74,11.62,319,323,1.2,3.1,90.4,90.5,1.4,3.3,302.8,305.1,999.1,999.1,-5.44,296.51,13.94,31.6132,10.4666,380.3,24.0,1487.475, NAN, NAN, NAN, NAN,,2024/04/04 10:36:47.821,2024-04-04 10:36:47.821000+00:00
2024/04/04, 10:37:47.821,35.954,-75.12,0.66,340.7,123.93,0.24,10.1,10.1,996.8,997.0,0.0,0.0,13.74,11.62,313,322,1.2,3.0,90.5,90.5,1.3,3.1,295.7,303.2,998.9,999.1,-5.12,296.58,16.71,31.6172,10.4679,381.1,24.0,1487.485, NAN, NAN, NAN, NAN,,2024/04/04 10:37:47.821,2024-04-04 10:37:47.821000+00:00
2024/04/04, 10:38:47.821,35.954,-75.12,0.69,342.34,44.32,0.6,10.1,10.1,997.0,997.0,0.0,0.0,13.74,11.62,310,320,1.4,3.1,90.5,90.6,1.6,3.3,284.1,297.7,999.1,999.1,-4.54,296.98,19.32,31.6199,10.4642,384.1,24.4,1487.475, NAN, NAN, NAN, NAN,,2024/04/04 10:38:47.821,2024-04-04 10:38:47.821000+00:00
2024/04/04, 10:39:47.821,35.954,-75.12,0.44,342.69,188.95,0.56,10.1,10.1,997.2,997.2,0.0,0.0,13.74,11.62,314,321,1.5,3.5,90.5,90.6,1.6,3.6,307.1,308.1,999.3,999.3,-4.13,296.79,22.45,31.6269,10.4657,375.6,24.5,1487.489, NAN, NAN, NAN, NAN,,2024/04/04 10:39:47.821,2024-04-04 10:39:47.821000+00:00
2024/04/04, 10:40:47.821,35.954,-75.12,0.53,341.7,6.38,0.63,10.1,10.1,997.2,997.0,0.0,0.0,13.74,11.62,315,320,1.2,2.9,90.6,90.7,1.2,2.8,281.1,295.4,999.3,999.1,-3.31,296.77,26.02,31.6268,10.4689,376.3,24.0,1487.5, NAN, NAN, NAN, NAN,,2024/04/04 10:40:47.821,2024-04-04 10:40:47.821000+00:00
2024/04/04, 10:41:47.821,35.954,-75.12,0.51,340.34,185.84,0.48,10.1,10.1,997.2,997.0,0.0,0.0,13.74,11.62,305,315,1.5,3.3,90.7,90.6,1.7,3.5,289.2,296.6,999.3,999.1,-2.5,296.99,29.66,31.6294,10.4693,378.7,24.1,1487.505, NAN, NAN, NAN, NAN,,2024/04/04 10:41:47.821,2024-04-04 10:41:47.821000+00:00
2024/04/04, 10:42:47.821,35.954,-75.12,0.43,342.18,342.56,0.48,10.1,10.1,997.3,997.3,0.0,0.0,13.74,11.62,315,320,1.4,3.1,90.7,90.8,1.2,2.9,289.5,299.3,999.4,999.4,-1.57,297.38,35.03,31.6498,10.466,374.0,24.3,1487.518, NAN, NAN, NAN, NAN,,2024/04/04 10:42:47.821,2024-04-04 10:42:47.821000+00:00
2024/04/04, 10:43:47.821,35.954,-75.12,0.24,343.44,275.59,0.15,10.1,10.1,997.0,997.2,0.0,0.0,13.74,11.62,303,314,1.6,3.6,90.7,90.8,1.6,3.6,284.2,296.3,999.1,999.3,-0.01,297.18,43.11,31.6514,10.4639,374.7,24.0,1487.512, NAN, NAN, NAN, NAN,,2024/04/04 10:43:47.821,2024-04-04 10:43:47.821000+00:00
2024/04/04, 10:44:47.821,35.954,-75.12,0.71,341.31,89.54,0.2,10.1,10.1,997.0,996.8,0.0,0.0,13.74,11.62,307,317,1.5,3.1,90.8,90.8,1.5,3.1,284.4,296.4,999.1,998.9,1.84,297.28,52.35,31.657,10.4612,376.0,23.9,1487.509, NAN, NAN, NAN, NAN,,2024/04/04 10:44:47.821,2024-04-04 10:44:47.821000+00:00
2024/04/04, 10:45:47.821,35.954,-75.12,0.21,342.25,255.23,0.39,10.1,10.1,997.2,997.2,0.0,0.0,13.74,11.62,289,312,1.4,3.1,90.8,90.8,1.3,3.1,278.7,297.9,999.3,999.3,2.37,297.42,59.77,31.6658,10.4552,375.6,23.3,1487.498, NAN, NAN, NAN, NAN,,2024/04/04 10:45:47.821,2024-04-04 10:45:47.821000+00:00
2024/04/04, 10:46:47.821,35.954,-75.12,0.37,342.1,180.83,0.3,10.1,10.1,997.2,997.2,0.0,0.0,13.74,11.62,289,312,1.8,3.7,90.8,90.9,1.8,3.7,275.9,296.5,999.3,999.3,3.58,297.23,67.44,31.6701,10.4504,376.9,24.4,1487.486, NAN, NAN, NAN, NAN,,2024/04/04 10:46:47.821,2024-04-04 10:46:47.821000+00:00
2024/04/04, 10:47:47.821,35.954,-75.12,0.35,340.91,157.86,0.41,10.1,10.1,997.2,997.0,0.0,0.0,13.74,11.62,289,270,1.6,2.4,90.8,90.9,1.7,2.5,275.3,255.5,999.3,999.1,4.27,297.32,75.92,31.6752,10.449,378.7,23.9,1487.487, NAN, NAN, NAN, NAN,,2024/04/04 10:47:47.821,2024-04-04 10:47:47.821000+00:00
2024/04/04, 10:48:47.821,35.954,-75.12,0.29,342.49,284.78,0.48,10.1,10.1,997.2,997.2,0.0,0.0,13.74,11.62,284,310,1.9,3.4,90.9,90.9,1.7,3.2,265.6,294.0,999.3,999.3,5.26,297.59,86.13,31.6722,10.4457,377.4,24.2,1487.472, NAN, NAN, NAN, NAN,,2024/04/04 10:48:47.821,2024-04-04 10:48:47.821000+00:00
2024/04/04, 10:49:47.821,35.954,-75.12,0.54,342.06,342.14,0.24,10.1,10.1,997.3,997.4,0.0,0.0,13.74,11.62,301,305,1.7,2.9,90.8,90.9,1.6,2.8,281.1,286.1,999.4,999.5,6.47,297.53,94.19,31.6702,10.4417,380.8,24.0,1487.455, NAN, NAN, NAN, NAN,,2024/04/04 10:49:47.821,2024-04-04 10:49:47.821000+00:00
2024/04/04, 10:50:47.821,35.954,-75.12,0.28,341.98,98.71,0.5,10.1,10.1,997.2,997.3,0.0,0.0,13.74,11.62,274,304,2.1,3.4,90.8,90.9,2.4,3.6,255.9,283.9,999.3,999.4,9.13,297.64,113.86,31.6692,10.4371,375.2,23.0,1487.438, NAN, NAN, NAN, NAN,,2024/04/04 10:50:47.821,2024-04-04 10:50:47.821000+00:00
2024/04/04, 10:51:47.821,35.954,-75.12,0.15,339.71,37.53,0.45,10.1,10.1,997.4,997.5,0.0,0.0,13.74,11.62,274,297,2.2,3.4,90.7,90.8,2.4,3.5,251.0,273.8,999.5,999.6,9.23,297.42,128.15,31.6673,10.4343,378.4,23.9,1487.425, NAN, NAN, NAN, NAN,,2024/04/04 10:51:47.821,2024-04-04 10:51:47.821000+00:00
2024/04/04, 10:52:47.821,35.954,-75.12,0.63,343.29,195.25,0.27,10.1,10.1,997.2,997.3,0.0,0.0,13.74,11.62,272,308,2.1,3.1,90.7,90.8,2.1,3.2,259.1,293.3,999.3,999.4,11.24,297.66,136.6,31.6721,10.4381,376.9,23.9,1487.445, NAN, NAN, NAN, NAN,,2024/04/04 10:52:47.821,2024-04-04 10:52:47.821000+00:00
2024/04/04, 10:53:47.822,35.954,-75.12,0.45,339.91,97.04,0.83,10.1,10.1,997.5,997.4,0.0,0.0,13.74,11.62,284,311,2.0,2.5,90.8,90.9,2.4,2.9,266.3,288.9,999.6,999.5,14.04,297.82,149.25,31.6699,10.4399,392.1,23.6,1487.448, NAN, NAN, NAN, NAN,,2024/04/04 10:53:47.822,2024-04-04 10:53:47.822000+00:00
2024/04/04, 10:54:47.822,35.954,-75.12,0.39,342.35,208.22,0.38,10.1,10.1,997.4,997.5,0.0,0.0,13.74,11.62,275,308,2.2,3.5,90.8,90.9,2.0,3.4,259.1,292.9,999.5,999.6,14.91,297.64,167.87,31.667,10.4404,378.0,23.8,1487.447, NAN, NAN, NAN, NAN,,2024/04/04 10:54:47.822,2024-04-04 10:54:47.822000+00:00
2024/04/04, 10:55:47.822,35.954,-75.12,0.5,341.88,73.01,0.45,10.1,10.2,997.6,997.2,0.0,0.0,13.74,11.62,269,302,2.2,3.6,90.9,91.0,2.4,3.8,254.7,284.5,999.7,999.3,16.68,297.75,180.48,31.6628,10.4418,378.7,23.9,1487.447, NAN, NAN, NAN, NAN,,2024/04/04 10:55:47.822,2024-04-04 10:55:47.822000+00:00
2024/04/04, 10:56:47.822,35.954,-75.12,0.46,343.27,147.39,0.5,10.2,10.2,997.5,997.4,0.0,0.0,13.74,11.62,267,302,2.1,3.7,90.9,91.0,1.9,3.5,248.0,286.6,999.6,999.5,20.07,297.62,198.57,31.6631,10.443,375.2,23.8,1487.451, NAN, NAN, NAN, NAN,,2024/04/04 10:56:47.822,2024-04-04 10:56:47.822000+00:00
2024/04/04, 10:57:47.822,35.954,-75.12,0.49,343.36,244.56,0.64,10.2,10.2,997.3,997.6,0.0,0.0,13.74,11.62,275,294,1.9,3.2,90.9,91.0,1.6,2.9,253.3,276.6,999.4,999.7,19.77,297.61,223.12,31.6631,10.4435,375.5,23.6,1487.453, NAN, NAN, NAN, NAN,,2024/04/04 10:57:47.822,2024-04-04 10:57:47.822000+00:00
2024/04/04, 10:58:47.822,35.954,-75.12,0.73,342.17,283.75,0.38,10.2,10.2,997.5,997.3,0.0,0.0,13.74,11.62,266,282,2.2,3.1,91.0,91.1,2.1,2.9,244.6,262.5,999.6,999.4,23.06,297.74,249.26,31.6617,10.4432,389.1,24.1,1487.45, NAN, NAN, NAN, NAN,,2024/04/04 10:58:47.822,2024-04-04 10:58:47.822000+00:00
2024/04/04, 10:59:47.822,35.954,-75.12,0.23,340.79,147.79,0.45,10.2,10.2,997.6,997.4,0.0,0.0,13.74,11.62,252,296,1.9,3.0,91.0,91.2,1.9,3.2,239.6,279.5,999.7,999.5,25.04,297.65,269.85,31.679,10.4442,375.2,23.1,1487.475, NAN, NAN, NAN, NAN,,2024/04/04 10:59:47.822,2024-04-04 10:59:47.822000+00:00
2024/04/04, 11:00:47.822,35.954,-75.12,0.4,342.71,255.37,0.44,10.2,10.2,997.6,997.4,0.0,0.0,13.74,11.62,257,295,2.1,3.6,91.0,91.1,1.9,3.4,236.4,278.3,999.7,999.5,27.67,297.73,289.89,31.6838,10.4416,376.3,25.6,1487.471, NAN, NAN, NAN, NAN,,2024/04/04 11:00:47.822,2024-04-04 11:00:47.822000+00:00
2024/04/04, 11:01:47.822,35.954,-75.12,0.43,342.54,318.46,0.23,10.2,10.2,997.4,997.7,0.0,0.0,13.74,11.62,260,291,2.6,3.6,91.0,91.1,2.5,3.5,240.2,272.5,999.5,999.8,30.7,297.86,333.83,31.6879,10.4399,372.8,25.3,1487.47, NAN, NAN, NAN, NAN,,2024/04/04 11:01:47.822,2024-04-04 11:01:47.822000+00:00
2024/04/04, 11:02:47.822,35.954,-75.12,0.3,341.14,195.65,0.3,10.2,10.2,997.7,997.5,0.0,0.0,13.74,11.62,273,293,2.4,3.4,90.9,91.0,2.3,3.4,257.5,276.7,999.8,999.6,30.34,297.53,354.08,31.6953,10.4393,372.9,25.3,1487.477, NAN, NAN, NAN, NAN,,2024/04/04 11:02:47.822,2024-04-04 11:02:47.822000+00:00
2024/04/04, 11:03:47.822,35.954,-75.12,0.4,341.66,240.04,0.1,10.2,10.2,997.8,997.6,0.0,0.0,13.74,11.62,267,294,2.6,3.9,90.8,90.9,2.5,3.9,248.7,276.0,999.9,999.7,33.24,297.61,361.12,31.7091,10.4407,366.7,25.4,1487.499, NAN, NAN, NAN, NAN,,2024/04/04 11:03:47.822,2024-04-04 11:03:47.822000+00:00
2024/04/04, 11:04:47.822,35.954,-75.12,0.29,342.5,318.87,0.22,10.2,10.2,997.6,997.8,0.0,0.0,13.74,11.62,272,288,2.3,3.5,90.8,90.7,2.3,3.5,251.7,268.7,999.7,999.9,35.38,297.52,391.52,31.718,10.4421,366.7,25.1,1487.514, NAN, NAN, NAN, NAN,,2024/04/04 11:04:47.822,2024-04-04 11:04:47.822000+00:00
2024/04/04, 11:05:47.822,35.954,-75.12,0.27,341.35,206.72,0.19,10.2,10.2,997.7,997.4,0.0,0.0,13.74,11.62,282,287,2.0,3.4,90.6,90.8,1.9,3.3,265.3,269.6,999.8,999.5,39.01,297.48,406.11,31.7029,10.4438,367.2,25.2,1487.502, NAN, NAN, NAN, NAN,,2024/04/04 11:05:47.822,2024-04-04 11:05:47.822000+00:00
2024/04/04, 11:06:47.822,35.954,-75.12,0.39,341.84,257.86,0.43,10.2,10.2,997.7,997.6,0.0,0.0,13.74,11.62,266,292,2.3,3.3,90.7,90.8,2.1,3.1,247.8,275.6,999.8,999.7,40.17,297.73,446.51,31.7065,10.4409,370.8,25.8,1487.496, NAN, NAN, NAN, NAN,,2024/04/04 11:06:47.822,2024-04-04 11:06:47.822000+00:00
2024/04/04, 11:07:47.822,35.954,-75.12,0.5,343.77,197.36,0.31,10.2,10.2,997.7,997.6,0.0,0.0,13.74,11.62,270,295,2.2,3.5,90.7,90.8,2.1,3.5,257.0,281.3,999.8,999.7,44.36,297.49,481.91,31.7133,10.4392,368.4,26.1,1487.498, NAN, NAN, NAN, NAN,,2024/04/04 11:07:47.822,2024-04-04 11:07:47.822000+00:00
2024/04/04, 11:08:47.822,35.954,-75.12,0.44,342.59,75.35,0.54,10.2,10.2,998.1,997.8,0.0,0.0,13.74,11.62,281,293,2.1,3.3,90.7,90.8,2.4,3.6,264.4,275.2,1000.2,999.9,48.43,297.83,485.1,31.5347,10.4346,367.2,25.7,1487.266, NAN, NAN, NAN, NAN,,2024/04/04 11:08:47.822,2024-04-04 11:08:47.822000+00:00
2024/04/04, 11:09:47.822,35.954,-75.12,0.46,340.91,206.62,0.19,10.2,10.3,997.7,997.6,0.0,0.0,13.74,11.62,279,295,2.2,3.7,90.7,90.8,2.1,3.7,262.0,277.4,999.8,999.7,45.26,297.41,495.73,31.7147,10.4328,366.2,25.3,1487.477, NAN, NAN, NAN, NAN,,2024/04/04 11:09:47.822,2024-04-04 11:09:47.822000+00:00
2024/04/04, 11:10:47.823,35.954,-75.12,0.55,341.67,354.37,0.13,10.2,10.3,997.7,997.8,0.0,0.0,13.74,11.62,268,297,2.6,4.1,90.5,90.7,2.5,4.1,250.2,279.4,999.8,999.9,49.6,297.55,552.41,31.7195,10.4312,370.2,25.8,1487.477, NAN, NAN, NAN, NAN,,2024/04/04 11:10:47.823,2024-04-04 11:10:47.823000+00:00
2024/04/04, 11:11:47.823,35.954,-75.12,0.28,341.95,64.6,0.51,10.3,10.3,998.0,997.8,0.0,0.0,13.74,11.62,273,299,2.3,3.8,90.6,90.6,2.6,4.0,254.8,279.2,1000.1,999.9,53.16,297.81,565.37,31.7272,10.4301,368.8,25.4,1487.483, NAN, NAN, NAN, NAN,,2024/04/04 11:11:47.823,2024-04-04 11:11:47.823000+00:00
2024/04/04, 11:12:47.823,35.954,-75.12,0.44,341.86,188.3,0.12,10.3,10.3,997.8,997.7,0.0,0.0,13.74,11.62,271,295,2.6,3.7,90.6,90.7,2.6,3.6,251.7,276.3,999.9,999.8,52.69,297.46,580.4,31.7262,10.4291,371.2,26.0,1487.478, NAN, NAN, NAN, NAN,,2024/04/04 11:12:47.823,2024-04-04 11:12:47.823000+00:00
2024/04/04, 11:13:47.823,35.954,-75.12,0.33,341.38,219.34,0.29,10.3,10.3,997.9,997.9,0.0,0.0,13.74,11.62,263,297,2.7,3.9,90.6,90.7,2.6,3.8,243.4,279.0,1000.0,1000.0,57.34,297.41,610.29,31.7257,10.431,364.4,25.6,1487.484, NAN, NAN, NAN, NAN,,2024/04/04 11:13:47.823,2024-04-04 11:13:47.823000+00:00
2024/04/04, 11:14:47.823,35.954,-75.12,0.25,342.15,87.66,0.25,10.3,10.3,997.9,997.8,0.0,0.0,13.74,11.62,271,294,2.4,3.5,90.8,90.8,2.5,3.6,254.0,275.9,1000.0,999.9,61.42,297.54,663.81,31.7268,10.4334,369.4,25.8,1487.494, NAN, NAN, NAN, NAN,,2024/04/04 11:14:47.823,2024-04-04 11:14:47.823000+00:00
2024/04/04, 11:15:47.823,35.954,-75.12,0.33,342.24,95.05,0.3,10.3,10.3,997.9,997.9,0.0,0.0,13.74,11.62,264,297,2.5,3.7,90.8,90.8,2.6,3.9,247.4,278.7,1000.0,1000.0,63.02,297.36,679.15,31.7331,10.4292,366.2,25.9,1487.487, NAN, NAN, NAN, NAN,,2024/04/04 11:15:47.823,2024-04-04 11:15:47.823000+00:00
2024/04/04, 11:16:47.823,35.954,-75.12,0.68,341.88,329.4,0.13,10.3,10.4,997.9,997.8,0.0,0.0,13.74,11.62,291,289,1.8,3.2,90.8,90.8,1.8,3.3,271.5,270.1,1000.0,999.9,67.41,297.25,705.65,31.7336,10.4245,371.6,25.4,1487.47, NAN, NAN, NAN, NAN,,2024/04/04 11:16:47.823,2024-04-04 11:16:47.823000+00:00
2024/04/04, 11:17:47.823,35.954,-75.12,0.23,341.83,19.8,0.7,10.3,10.4,998.1,997.9,0.0,0.0,13.74,11.62,266,299,2.5,3.7,90.8,90.8,2.9,4.0,247.7,277.9,1000.2,1000.0,77.25,297.22,696.25,31.7315,10.423,371.2,25.4,1487.462, NAN, NAN, NAN, NAN,,2024/04/04 11:17:47.823,2024-04-04 11:17:47.823000+00:00
2024/04/04, 11:18:47.823,35.954,-75.12,0.65,340.38,54.39,0.2,10.3,10.4,998.0,997.8,0.0,0.0,13.74,11.62,277,290,1.9,2.6,90.8,90.7,2.0,2.7,256.6,269.3,1000.1,999.9,72.94,297.36,759.16,31.7304,10.4192,370.2,25.7,1487.447, NAN, NAN, NAN, NAN,,2024/04/04 11:18:47.823,2024-04-04 11:18:47.823000+00:00
2024/04/04, 11:19:47.823,35.954,-75.12,0.41,340.63,32.2,0.41,10.3,10.4,997.9,997.8,0.0,0.0,13.74,11.62,260,297,2.1,3.4,90.8,90.9,2.1,3.3,235.0,274.4,1000.0,999.9,77.96,297.3,771.3,31.7307,10.4144,371.6,25.7,1487.431, NAN, NAN, NAN, NAN,,2024/04/04 11:19:47.823,2024-04-04 11:19:47.823000+00:00
2024/04/04, 11:20:47.823,35.954,-75.12,0.42,342.97,86.55,0.19,10.4,10.4,997.9,997.7,0.0,0.0,13.74,11.62,250,291,2.1,3.0,91.0,91.0,2.1,3.1,235.6,275.3,1000.0,999.8,79.35,297.2,798.27,31.7371,10.4099,370.2,25.4,1487.422, NAN, NAN, NAN, NAN,,2024/04/04 11:20:47.823,2024-04-04 11:20:47.823000+00:00
2024/04/04, 11:21:47.823,35.954,-75.12,0.56,341.68,49.86,0.38,10.4,10.4,997.9,997.9,0.0,0.0,13.74,11.62,239,289,2.2,3.2,91.0,91.0,2.4,3.3,219.4,267.6,1000.0,1000.0,81.26,296.99,828.7,31.7375,10.4057,366.2,25.8,1487.408, NAN, NAN, NAN, NAN,,2024/04/04 11:21:47.823,2024-04-04 11:21:47.823000+00:00
2024/04/04, 11:22:47.823,35.954,-75.12,0.61,342.72,247.54,0.54,10.4,10.4,998.0,997.9,0.0,0.0,13.74,11.62,245,293,2.1,2.9,91.1,91.1,1.8,2.7,226.2,279.4,1000.1,1000.0,85.53,296.96,842.25,31.7462,10.4031,370.2,25.3,1487.409, NAN, NAN, NAN, NAN,,2024/04/04 11:22:47.823,2024-04-04 11:22:47.823000+00:00
2024/04/04, 11:23:47.823,35.954,-75.12,0.55,342.7,177.8,0.44,10.4,10.4,997.9,997.9,0.0,0.0,13.74,11.62,226,275,2.1,2.4,91.1,91.0,1.9,2.3,209.7,262.5,1000.0,1000.0,90.99,297.02,875.44,31.7513,10.3992,362.7,25.7,1487.401, NAN, NAN, NAN, NAN,,2024/04/04 11:23:47.823,2024-04-04 11:23:47.823000+00:00
2024/04/04, 11:24:47.823,35.954,-75.12,0.36,341.81,51.44,0.19,10.4,10.4,998.1,998.0,0.0,0.0,13.74,11.62,249,277,2.7,2.8,91.2,91.0,2.8,2.9,230.6,257.8,1000.2,1000.1,92.95,297.07,898.72,31.7549,10.4229,364.4,26.1,1487.49, NAN, NAN, NAN, NAN,,2024/04/04 11:24:47.823,2024-04-04 11:24:47.823000+00:00
2024/04/04, 11:25:47.823,35.954,-75.12,0.61,341.99,285.3,0.1,10.4,10.4,997.9,997.8,0.0,0.0,13.74,11.62,251,282,2.5,2.8,91.2,91.1,2.5,2.8,231.9,263.3,1000.0,999.9,95.52,297.36,920.59,31.7525,10.4409,364.1,26.2,1487.552, NAN, NAN, NAN, NAN,,2024/04/04 11:25:47.823,2024-04-04 11:25:47.823000+00:00
2024/04/04, 11:26:47.824,35.954,-75.12,0.27,341.18,228.51,0.35,10.4,10.5,997.9,997.8,0.0,0.0,13.74,11.62,245,278,2.7,2.7,91.5,91.4,2.5,2.6,227.6,262.4,1000.0,999.9,99.09,297.53,943.1,31.7653,10.4678,364.0,25.9,1487.664, NAN, NAN, NAN, NAN,,2024/04/04 11:26:47.824,2024-04-04 11:26:47.824000+00:00
2024/04/04, 11:27:47.824,35.954,-75.12,0.45,342.39,201.07,0.13,10.4,10.5,998.1,998.0,0.0,0.0,13.74,11.62,247,271,2.8,2.6,91.6,91.4,2.9,2.7,229.8,253.2,1000.2,1000.1,104.18,297.73,965.68,31.7654,10.4937,361.7,25.8,1487.757, NAN, NAN, NAN, NAN,,2024/04/04 11:27:47.824,2024-04-04 11:27:47.824000+00:00
2024/04/04, 11:28:47.824,35.954,-75.12,0.41,341.86,221.05,0.07,10.4,10.5,997.9,998.0,0.0,0.0,13.74,11.62,233,280,2.2,2.9,91.6,91.5,2.2,2.9,214.8,261.3,1000.0,1000.1,107.93,297.85,990.3,31.7719,10.5081,356.6,25.4,1487.816, NAN, NAN, NAN, NAN,,2024/04/04 11:28:47.824,2024-04-04 11:28:47.824000+00:00
2024/04/04, 11:29:47.824,35.954,-75.12,0.26,340.88,76.25,0.79,10.4,10.5,998.0,997.9,0.0,0.0,13.74,11.62,245,275,2.8,2.6,91.7,91.5,3.2,3.0,226.8,252.9,1000.1,1000.0,113.7,297.88,1003.23,31.7789,10.5081,355.3,26.0,1487.824, NAN, NAN, NAN, NAN,,2024/04/04 11:29:47.824,2024-04-04 11:29:47.824000+00:00
2024/04/04, 11:30:47.824,35.954,-75.12,0.5,342.37,57.0,0.61,10.4,10.5,998.1,998.1,0.0,0.0,13.74,11.62,240,272,2.6,2.7,91.6,91.4,2.9,3.0,223.1,251.8,1000.2,1000.2,115.78,297.91,1024.48,31.7892,10.51,350.7,26.1,1487.844, NAN, NAN, NAN, NAN,,2024/04/04 11:30:47.824,2024-04-04 11:30:47.824000+00:00
2024/04/04, 11:31:47.824,35.954,-75.12,0.31,341.63,213.72,0.64,10.4,10.5,998.2,997.9,0.0,0.0,13.74,11.62,243,256,3.2,2.7,91.4,91.2,2.9,2.4,222.5,236.8,1000.3,1000.0,118.09,298.05,1043.35,31.7932,10.5155,350.5,25.1,1487.868, NAN, NAN, NAN, NAN,,2024/04/04 11:31:47.824,2024-04-04 11:31:47.824000+00:00
2024/04/04, 11:32:47.824,35.954,-75.12,0.25,342.86,293.28,0.53,10.4,10.5,998.1,998.0,0.0,0.0,13.74,11.62,242,267,2.7,2.3,91.5,91.3,2.6,2.1,219.2,244.5,1000.2,1000.1,121.77,298.13,1062.48,31.7983,10.5199,347.2,25.3,1487.89, NAN, NAN, NAN, NAN,,2024/04/04 11:32:47.824,2024-04-04 11:32:47.824000+00:00
2024/04/04, 11:33:47.824,35.954,-75.12,0.19,342.58,137.45,0.14,10.4,10.5,998.0,998.1,0.0,0.0,13.74,11.62,232,263,2.6,1.8,91.6,91.4,2.6,1.8,216.1,247.7,1000.1,1000.2,129.37,298.65,1087.41,31.8038,10.5225,344.6,24.9,1487.906, NAN, NAN, NAN, NAN,,2024/04/04 11:33:47.824,2024-04-04 11:33:47.824000+00:00
2024/04/04, 11:34:47.824,35.954,-75.12,0.42,340.66,155.66,0.38,10.4,10.5,997.9,997.9,0.0,0.0,13.74,11.62,233,256,2.8,2.2,91.8,91.6,2.7,2.2,217.4,241.7,1000.0,1000.0,131.68,299.6,1106.2,31.8029,10.5201,343.2,25.3,1487.896, NAN, NAN, NAN, NAN,,2024/04/04 11:34:47.824,2024-04-04 11:34:47.824000+00:00
2024/04/04, 11:35:47.824,35.954,-75.12,0.15,343.36,52.53,0.25,10.4,10.5,998.0,997.9,0.0,0.0,13.74,11.62,225,268,2.6,1.5,92.0,91.7,2.7,1.6,208.9,249.0,1000.1,1000.0,139.8,300.01,1132.69,31.8111,10.5239,346.5,25.3,1487.92, NAN, NAN, NAN, NAN,,2024/04/04 11:35:47.824,2024-04-04 11:35:47.824000+00:00
2024/04/04, 11:36:47.824,35.954,-75.12,0.62,342.34,186.95,0.37,10.4,10.5,998.0,998.1,0.0,0.0,13.74,11.62,227,240,2.9,2.0,92.2,91.9,2.7,1.8,207.3,220.5,1000.1,1000.2,143.26,300.37,1155.67,31.8189,10.5213,342.5,25.3,1487.92, NAN, NAN, NAN, NAN,,2024/04/04 11:36:47.824,2024-04-04 11:36:47.824000+00:00
2024/04/04, 11:37:47.824,35.954,-75.12,0.59,341.88,330.71,0.54,10.4,10.5,998.0,997.8,0.0,0.0,13.74,11.62,224,256,2.5,1.8,92.2,92.0,2.6,1.8,200.1,229.0,1000.1,999.9,149.38,300.87,1175.51,31.8308,10.5196,346.2,25.5,1487.928, NAN, NAN, NAN, NAN,,2024/04/04 11:37:47.824,2024-04-04 11:37:47.824000+00:00
2024/04/04, 11:38:47.824,35.954,-75.12,0.31,342.46,295.0,0.13,10.4,10.5,998.2,998.1,0.0,0.0,13.74,11.62,223,238,2.7,1.6,92.4,92.1,2.7,1.6,204.1,218.4,1000.3,1000.2,156.2,301.01,1192.07,31.83,10.5222,344.3,25.3,1487.937, NAN, NAN, NAN, NAN,,2024/04/04 11:38:47.824,2024-04-04 11:38:47.824000+00:00
2024/04/04, 11:39:47.824,35.954,-75.12,0.1,343.42,211.28,0.15,10.4,10.5,998.2,998.1,0.0,0.0,13.74,11.62,229,246,2.7,2.0,92.5,92.2,2.6,1.9,213.1,230.9,1000.3,1000.2,157.66,300.84,1208.49,31.7951,10.5217,343.5,25.4,1487.893, NAN, NAN, NAN, NAN,,2024/04/04 11:39:47.824,2024-04-04 11:39:47.824000+00:00
2024/04/04, 11:40:47.824,35.954,-75.12,0.76,341.89,126.19,0.18,10.4,10.5,998.0,998.1,0.0,0.0,13.74,11.62,229,242,2.9,2.0,92.6,92.2,2.9,2.1,212.5,225.9,1000.1,1000.2,163.66,300.6,1236.83,31.8299,10.5252,346.8,25.5,1487.947, NAN, NAN, NAN, NAN,,2024/04/04 11:40:47.824,2024-04-04 11:40:47.824000+00:00
2024/04/04, 11:41:47.824,35.954,-75.12,0.48,340.92,134.22,0.16,10.4,10.5,998.2,998.1,0.0,0.0,13.74,11.62,228,275,2.5,1.7,92.7,92.4,2.6,1.8,210.3,255.9,1000.3,1000.2,164.73,300.37,1237.24,31.8253,10.5256,344.3,25.9,1487.943, NAN, NAN, NAN, NAN,,2024/04/04 11:41:47.824,2024-04-04 11:41:47.824000+00:00
2024/04/04, 11:42:47.825,35.954,-75.12,0.68,342.08,206.84,0.21,10.4,10.5,998.4,998.2,0.0,0.0,13.74,11.62,225,267,2.4,1.5,92.9,92.6,2.3,1.5,208.5,253.1,1000.5,1000.3,167.29,299.72,1257.92,31.8316,10.5208,347.6,25.3,1487.934, NAN, NAN, NAN, NAN,,2024/04/04 11:42:47.825,2024-04-04 11:42:47.825000+00:00
2024/04/04, 11:43:47.825,35.954,-75.12,0.36,344.1,88.93,0.24,10.5,10.5,998.4,998.2,0.0,0.0,13.74,11.62,219,251,2.5,1.4,93.0,92.7,2.6,1.5,204.6,235.2,1000.5,1000.3,168.12,299.19,1276.21,31.8299,10.5178,343.5,25.2,1487.921, NAN, NAN, NAN, NAN,,2024/04/04 11:43:47.825,2024-04-04 11:43:47.825000+00:00
2024/04/04, 11:44:47.825,35.954,-75.12,0.44,341.12,23.09,0.13,10.5,10.5,998.2,998.0,0.0,0.0,13.74,11.62,223,240,2.8,1.5,93.2,92.9,2.8,1.5,202.9,218.6,1000.3,1000.1,145.72,298.31,1140.89,31.8375,10.5176,346.5,25.9,1487.929, NAN, NAN, NAN, NAN,,2024/04/04 11:44:47.825,2024-04-04 11:44:47.825000+00:00
2024/04/04, 11:45:47.825,35.954,-75.12,0.78,341.07,46.7,0.41,10.5,10.5,998.1,998.3,0.0,0.0,13.74,11.62,224,222,2.8,2.2,93.4,93.1,3.0,2.4,206.8,205.4,1000.2,1000.4,168.58,298.34,1268.71,31.8419,10.5162,349.9,25.7,1487.93, NAN, NAN, NAN, NAN,,2024/04/04 11:45:47.825,2024-04-04 11:45:47.825000+00:00
2024/04/04, 11:46:47.825,35.954,-75.12,0.49,342.61,254.59,0.43,10.5,10.5,998.2,998.1,0.0,0.0,13.74,11.62,218,223,3.2,2.4,93.5,93.2,3.1,2.3,197.3,201.4,1000.3,1000.2,53.08,295.19,416.72,31.8445,10.5121,344.9,25.8,1487.918, NAN, NAN, NAN, NAN,,2024/04/04 11:46:47.825,2024-04-04 11:46:47.825000+00:00
2024/04/04, 11:47:47.825,35.954,-75.12,0.51,340.87,197.54,0.34,10.5,10.5,998.4,998.4,0.0,0.0,13.74,11.62,218,227,3.3,2.7,93.8,93.4,3.1,2.5,198.4,208.0,1000.5,1000.5,49.99,295.34,409.87,31.8459,10.5085,344.9,25.3,1487.907, NAN, NAN, NAN, NAN,,2024/04/04 11:47:47.825,2024-04-04 11:47:47.825000+00:00
2024/04/04, 11:48:47.825,35.954,-75.12,0.62,342.59,59.71,0.17,10.5,10.5,998.2,998.1,0.0,0.0,13.74,11.62,213,218,2.9,2.2,94.0,93.7,2.9,2.2,193.9,198.4,1000.3,1000.2,131.66,296.74,941.29,31.8428,10.5052,345.6,25.7,1487.891, NAN, NAN, NAN, NAN,,2024/04/04 11:48:47.825,2024-04-04 11:48:47.825000+00:00
2024/04/04, 11:49:47.825,35.954,-75.12,0.68,341.02,168.89,0.26,10.5,10.5,998.4,998.3,0.0,0.0,13.74,11.62,216,246,3.4,2.3,94.3,94.0,3.3,2.2,198.0,229.8,1000.5,1000.4,76.55,295.99,696.95,31.8371,10.5049,341.6,25.5,1487.883, NAN, NAN, NAN, NAN,,2024/04/04 11:49:47.825,2024-04-04 11:49:47.825000+00:00
2024/04/04, 11:50:47.825,35.954,-75.12,0.54,341.53,43.31,0.37,10.5,10.5,998.1,998.0,0.0,0.0,13.74,11.62,216,218,3.3,2.4,94.5,94.2,3.4,2.5,199.8,202.4,1000.2,1000.1,141.94,296.88,1217.41,31.8347,10.5074,344.1,25.3,1487.889, NAN, NAN, NAN, NAN,,2024/04/04 11:50:47.825,2024-04-04 11:50:47.825000+00:00
2024/04/04, 11:51:47.825,35.954,-75.12,0.97,342.58,333.58,0.43,10.5,10.5,998.1,998.1,0.0,0.0,13.74,11.62,217,219,3.4,2.3,94.6,94.4,3.5,2.4,196.1,196.5,1000.2,1000.2,177.75,297.94,1355.58,31.8326,10.5095,348.9,25.4,1487.894, NAN, NAN, NAN, NAN,,2024/04/04 11:51:47.825,2024-04-04 11:51:47.825000+00:00
2024/04/04, 11:52:47.825,35.954,-75.12,0.46,343.43,311.94,0.18,10.5,10.5,998.2,998.2,0.0,0.0,13.74,11.62,217,218,3.4,2.8,94.7,94.4,3.5,2.9,200.1,201.0,1000.3,1000.3,178.26,297.75,1364.22,31.843,10.5128,348.3,25.8,1487.919, NAN, NAN, NAN, NAN,,2024/04/04 11:52:47.825,2024-04-04 11:52:47.825000+00:00
2024/04/04, 11:53:47.825,35.954,-75.12,0.46,341.43,335.83,0.2,10.5,10.5,998.4,998.2,0.0,0.0,13.74,11.62,216,220,3.9,2.8,94.8,94.5,4.0,2.9,198.6,203.0,1000.5,1000.3,182.44,297.82,1374.91,31.8408,10.5132,348.6,25.4,1487.918, NAN, NAN, NAN, NAN,,2024/04/04 11:53:47.825,2024-04-04 11:53:47.825000+00:00
2024/04/04, 11:54:47.825,35.954,-75.12,0.72,342.68,83.47,0.16,10.5,10.5,998.2,998.3,0.0,0.0,13.74,11.62,218,217,4.0,3.7,94.8,94.6,4.0,3.7,201.8,200.9,1000.3,1000.4,189.25,297.93,1388.86,31.8408,10.5144,348.6,25.6,1487.922, NAN, NAN, NAN, NAN,,2024/04/04 11:54:47.825,2024-04-04 11:54:47.825000+00:00
2024/04/04, 11:55:47.825,35.954,-75.12,0.38,341.39,166.46,0.5,10.5,10.5,998.2,998.3,0.0,0.0,13.74,11.62,215,224,4.0,3.4,94.9,94.7,3.9,3.3,199.6,209.5,1000.3,1000.4,194.05,297.85,1393.06,31.8452,10.5118,342.5,25.5,1487.918, NAN, NAN, NAN, NAN,,2024/04/04 11:55:47.825,2024-04-04 11:55:47.825000+00:00
2024/04/04, 11:56:47.825,35.954,-75.12,0.04,343.56,261.26,0.25,10.5,10.5,998.1,998.1,0.0,0.0,13.74,11.62,216,216,4.0,3.6,94.9,94.7,3.9,3.5,198.8,198.7,1000.2,1000.2,189.72,297.46,1400.07,31.8468,10.5175,338.8,25.6,1487.94, NAN, NAN, NAN, NAN,,2024/04/04 11:56:47.825,2024-04-04 11:56:47.825000+00:00
2024/04/04, 11:57:47.826,35.954,-75.12,0.3,342.95,47.6,0.07,10.5,10.5,998.3,998.4,0.0,0.0,13.74,11.62,218,218,3.8,3.7,95.0,94.9,3.8,3.7,201.0,201.0,1000.4,1000.5,199.04,297.6,1421.82,31.8422,10.5187,340.4,25.8,1487.939, NAN, NAN, NAN, NAN,,2024/04/04 11:57:47.826,2024-04-04 11:57:47.826000+00:00
2024/04/04, 11:58:47.826,35.954,-75.12,0.69,341.19,209.09,0.12,10.5,10.5,998.3,998.1,0.0,0.0,13.74,11.62,219,218,4.0,3.3,95.0,95.0,4.0,3.3,200.7,199.9,1000.4,1000.2,201.22,297.65,1431.64,31.8511,10.5173,336.8,25.8,1487.945, NAN, NAN, NAN, NAN,,2024/04/04 11:58:47.826,2024-04-04 11:58:47.826000+00:00
2024/04/04, 11:59:47.826,35.954,-75.12,0.58,341.84,34.97,0.19,10.5,10.5,998.2,998.2,0.0,0.0,13.74,11.62,220,219,3.9,3.7,95.1,95.0,4.0,3.8,202.9,202.0,1000.3,1000.3,207.17,297.76,1431.09,31.8529,10.5171,338.2,25.9,1487.946, NAN, NAN, NAN, NAN,,2024/04/04 11:59:47.826,2024-04-04 11:59:47.826000+00:00
2024/04/04, 12:00:47.826,35.954,-75.12,0.57,340.83,216.1,0.73,10.5,10.5,998.3,998.3,0.0,0.0,13.74,11.62,218,226,3.7,3.2,95.1,94.9,3.3,2.8,200.2,209.4,1000.4,1000.4,208.73,297.76,1451.21,31.8477,10.5181,342.2,25.4,1487.943, NAN, NAN, NAN, NAN,,2024/04/04 12:00:47.826,2024-04-04 12:00:47.826000+00:00
2024/04/04, 12:01:47.826,35.954,-75.12,0.61,341.15,156.82,0.47,10.5,10.5,998.4,998.4,0.0,0.0,13.74,11.62,221,223,4.2,3.5,95.1,95.0,4.0,3.3,204.6,207.2,1000.5,1000.5,215.4,297.78,1461.14,31.8433,10.5248,345.2,25.3,1487.962, NAN, NAN, NAN, NAN,,2024/04/04 12:01:47.826,2024-04-04 12:01:47.826000+00:00
2024/04/04, 12:02:47.826,35.954,-75.12,0.35,342.76,245.38,0.41,10.5,10.5,998.4,998.3,0.0,0.0,13.74,11.62,219,226,3.9,3.1,95.0,95.0,3.7,2.9,202.2,209.8,1000.5,1000.4,215.04,297.77,1468.89,31.8508,10.5271,344.3,25.3,1487.979, NAN, NAN, NAN, NAN,,2024/04/04 12:02:47.826,2024-04-04 12:02:47.826000+00:00
2024/04/04, 12:03:47.826,35.954,-75.12,0.42,343.23,314.05,0.6,10.5,10.5,998.3,998.3,0.0,0.0,13.74,11.62,221,221,4.0,3.6,95.0,94.9,4.3,3.9,202.8,202.6,1000.4,1000.4,228.4,297.72,1484.15,31.8507,10.5307,345.9,25.1,1487.992, NAN, NAN, NAN, NAN,,2024/04/04 12:03:47.826,2024-04-04 12:03:47.826000+00:00
2024/04/04, 12:04:47.826,35.954,-75.12,0.47,342.55,130.81,0.71,10.5,10.5,998.5,998.4,0.0,0.0,13.74,11.62,218,217,4.6,4.1,95.0,95.0,4.6,4.1,205.1,204.7,1000.6,1000.5,225.78,297.57,1491.34,31.8477,10.5323,344.6,25.0,1487.994, NAN, NAN, NAN, NAN,,2024/04/04 12:04:47.826,2024-04-04 12:04:47.826000+00:00
2024/04/04, 12:05:47.826,35.954,-75.12,0.54,341.75,307.97,0.16,10.5,10.5,998.4,998.5,0.0,0.0,13.74,11.62,219,217,4.0,3.7,94.8,94.9,3.9,3.6,201.4,199.4,1000.5,1000.6,228.81,297.5,1501.66,31.8398,10.525,338.8,25.6,1487.959, NAN, NAN, NAN, NAN,,2024/04/04 12:05:47.826,2024-04-04 12:05:47.826000+00:00
2024/04/04, 12:06:47.826,35.954,-75.12,0.44,342.18,278.38,0.13,10.5,10.5,998.4,998.3,0.0,0.0,13.74,11.62,214,216,4.3,3.9,94.8,94.8,4.3,3.9,195.3,197.2,1000.5,1000.4,229.91,297.24,1503.41,31.8448,10.5171,342.8,25.6,1487.936, NAN, NAN, NAN, NAN,,2024/04/04 12:06:47.826,2024-04-04 12:06:47.826000+00:00
2024/04/04, 12:07:47.826,35.954,-75.12,0.68,342.1,141.65,0.17,10.5,10.5,998.2,998.3,0.0,0.0,13.74,11.62,217,217,4.1,3.8,94.8,94.8,4.0,3.7,200.0,200.0,1000.3,1000.4,236.04,297.42,1514.03,31.8524,10.5169,345.6,25.6,1487.945, NAN, NAN, NAN, NAN,,2024/04/04 12:07:47.826,2024-04-04 12:07:47.826000+00:00
2024/04/04, 12:08:47.826,35.954,-75.12,0.26,342.4,218.74,0.4,10.5,10.5,998.4,998.5,0.0,0.0,13.74,11.62,214,217,4.4,3.9,94.8,94.8,4.2,3.7,196.3,199.4,1000.5,1000.6,244.47,297.7,1529.73,31.856,10.5208,343.8,25.3,1487.963, NAN, NAN, NAN, NAN,,2024/04/04 12:08:47.826,2024-04-04 12:08:47.826000+00:00
2024/04/04, 12:09:47.826,35.954,-75.12,0.4,341.73,45.8,0.31,10.5,10.5,998.5,998.4,0.0,0.0,13.74,11.62,215,221,4.1,3.5,94.7,94.8,4.3,3.7,197.5,203.3,1000.6,1000.5,248.36,297.45,1533.86,31.8466,10.5212,340.8,25.5,1487.953, NAN, NAN, NAN, NAN,,2024/04/04 12:09:47.826,2024-04-04 12:09:47.826000+00:00
2024/04/04, 12:10:47.826,35.954,-75.12,0.07,342.19,231.22,0.1,10.5,10.5,998.5,998.3,0.0,0.0,13.74,11.62,215,216,4.7,4.8,94.7,94.7,4.7,4.8,196.6,197.6,1000.6,1000.4,250.86,297.58,1545.34,31.8029,10.5217,338.8,25.7,1487.902, NAN, NAN, NAN, NAN,,2024/04/04 12:10:47.826,2024-04-04 12:10:47.826000+00:00
2024/04/04, 12:11:47.826,35.954,-75.12,0.59,342.24,324.6,0.14,10.5,10.5,998.4,998.3,0.0,0.0,13.74,11.62,213,213,4.7,4.7,94.6,94.6,4.8,4.8,194.7,194.7,1000.5,1000.4,251.03,297.37,1551.83,31.8555,10.5211,339.8,25.8,1487.964, NAN, NAN, NAN, NAN,,2024/04/04 12:11:47.826,2024-04-04 12:11:47.826000+00:00
2024/04/04, 12:12:47.826,35.954,-75.12,0.56,342.58,31.04,0.31,10.5,10.5,998.3,998.3,0.0,0.0,13.74,11.62,210,210,4.6,4.9,94.5,94.6,4.7,5.0,193.4,193.3,1000.4,1000.4,253.52,297.41,1560.57,31.8509,10.5186,338.5,25.9,1487.949, NAN, NAN, NAN, NAN,,2024/04/04 12:12:47.826,2024-04-04 12:12:47.826000+00:00
2024/04/04, 12:13:47.827,35.954,-75.12,0.11,341.89,210.93,0.15,10.5,10.5,998.3,998.3,0.0,0.0,13.74,11.62,211,214,5.0,4.8,94.5,94.6,4.9,4.7,192.4,195.4,1000.4,1000.4,262.57,297.39,1574.84,31.8512,10.5121,337.9,25.5,1487.926, NAN, NAN, NAN, NAN,,2024/04/04 12:13:47.827,2024-04-04 12:13:47.827000+00:00
2024/04/04, 12:14:47.827,35.954,-75.12,0.83,341.62,352.71,0.4,10.5,10.5,998.1,998.3,0.0,0.0,13.74,11.62,211,211,4.8,4.9,94.4,94.5,4.9,5.0,190.9,190.9,1000.2,1000.4,259.12,297.33,1583.82,31.8473,10.5189,341.9,25.6,1487.946, NAN, NAN, NAN, NAN,,2024/04/04 12:14:47.827,2024-04-04 12:14:47.827000+00:00
2024/04/04, 12:15:47.827,35.954,-75.12,0.48,343.2,150.82,0.14,10.5,10.5,998.3,998.2,0.0,0.0,13.74,11.62,209,211,5.4,5.2,94.4,94.5,5.4,5.2,191.5,193.5,1000.4,1000.3,263.05,297.27,1596.11,31.8453,10.5244,328.4,25.6,1487.963, NAN, NAN, NAN, NAN,,2024/04/04 12:15:47.827,2024-04-04 12:15:47.827000+00:00
2024/04/04, 12:16:47.827,35.954,-75.12,0.99,341.63,43.72,0.34,10.5,10.5,998.4,998.3,0.0,0.0,13.74,11.62,211,211,4.9,4.5,94.3,94.4,5.0,4.6,194.2,194.4,1000.5,1000.4,275.09,297.3,1604.89,31.8523,10.5253,334.4,26.0,1487.975, NAN, NAN, NAN, NAN,,2024/04/04 12:16:47.827,2024-04-04 12:16:47.827000+00:00
2024/04/04, 12:17:47.827,35.954,-75.12,0.62,341.81,51.58,0.09,10.5,10.5,998.4,998.5,0.0,0.0,13.74,11.62,209,212,5.2,4.6,94.4,94.5,5.2,4.6,191.3,194.3,1000.5,1000.6,279.98,297.66,1612.35,31.8581,10.5282,343.5,25.8,1487.992, NAN, NAN, NAN, NAN,,2024/04/04 12:17:47.827,2024-04-04 12:17:47.827000+00:00
2024/04/04, 12:18:47.827,35.954,-75.12,0.86,341.91,90.62,0.28,10.5,10.5,998.1,998.1,0.0,0.0,13.74,11.62,208,211,5.1,4.8,94.3,94.4,5.0,4.7,188.6,191.6,1000.2,1000.2,279.33,297.56,1613.61,31.8641,10.529,342.2,25.6,1488.002, NAN, NAN, NAN, NAN,,2024/04/04 12:18:47.827,2024-04-04 12:18:47.827000+00:00
2024/04/04, 12:19:47.827,35.954,-75.12,0.6,341.83,119.61,0.31,10.5,10.5,998.2,998.2,0.0,0.0,13.74,11.62,211,218,4.7,3.7,94.2,94.3,4.6,3.6,194.0,201.5,1000.3,1000.3,280.08,297.74,1623.23,31.8648,10.5291,335.8,25.2,1488.003, NAN, NAN, NAN, NAN,,2024/04/04 12:19:47.827,2024-04-04 12:19:47.827000+00:00
2024/04/04, 12:20:47.827,35.954,-75.12,0.8,342.89,330.97,0.38,10.5,10.5,998.2,998.1,0.0,0.0,13.74,11.62,208,208,4.8,4.7,94.3,94.3,5.0,4.9,189.9,189.9,1000.3,1000.2,280.6,297.57,1626.22,31.857,10.5305,346.2,25.6,1487.999, NAN, NAN, NAN, NAN,,2024/04/04 12:20:47.827,2024-04-04 12:20:47.827000+00:00
2024/04/04, 12:21:47.827,35.954,-75.12,0.76,341.19,100.55,0.2,10.5,10.5,998.3,998.1,0.0,0.0,13.74,11.62,208,210,5.2,4.8,94.3,94.3,5.1,4.7,190.2,192.3,1000.4,1000.2,286.22,297.67,1629.06,31.8581,10.525,348.3,25.0,1487.981, NAN, NAN, NAN, NAN,,2024/04/04 12:21:47.827,2024-04-04 12:21:47.827000+00:00
2024/04/04, 12:22:47.827,35.954,-75.12,0.44,341.12,57.39,0.69,10.5,10.5,998.4,998.4,0.0,0.0,13.74,11.62,207,207,5.2,5.1,94.1,94.1,5.4,5.3,191.5,191.6,1000.5,1000.5,294.29,297.45,1646.7,31.8294,10.5189,351.0,25.8,1487.924, NAN, NAN, NAN, NAN,,2024/04/04 12:22:47.827,2024-04-04 12:22:47.827000+00:00
2024/04/04, 12:23:47.827,35.954,-75.12,0.69,340.35,69.86,0.61,10.5,10.5,998.3,998.4,0.0,0.0,13.74,11.62,208,209,5.5,5.3,94.1,94.1,5.6,5.4,191.5,192.6,1000.4,1000.5,294.19,297.5,1655.9,31.8565,10.5205,350.5,24.6,1487.963, NAN, NAN, NAN, NAN,,2024/04/04 12:23:47.827,2024-04-04 12:23:47.827000+00:00
2024/04/04, 12:24:47.827,35.954,-75.12,0.68,342.05,190.89,0.08,10.5,10.5,998.2,998.3,0.0,0.0,13.74,11.62,209,209,5.0,5.2,94.1,94.1,5.0,5.2,191.4,191.4,1000.3,1000.4,292.86,297.78,1656.35,31.8555,10.52,348.3,25.5,1487.96, NAN, NAN, NAN, NAN,,2024/04/04 12:24:47.827,2024-04-04 12:24:47.827000+00:00
2024/04/04, 12:25:47.827,35.954,-75.12,0.59,342.88,354.93,0.18,10.5,10.5,998.5,998.4,0.0,0.0,13.74,11.62,204,205,5.6,5.6,94.1,94.1,5.5,5.5,187.3,188.3,1000.6,1000.5,309.25,297.64,1664.86,31.859,10.5225,337.6,25.9,1487.973, NAN, NAN, NAN, NAN,,2024/04/04 12:25:47.827,2024-04-04 12:25:47.827000+00:00
2024/04/04, 12:26:47.827,35.954,-75.12,1.01,340.86,247.9,0.22,10.5,10.5,998.3,998.3,0.0,0.0,13.74,11.62,205,208,5.6,5.3,94.1,93.9,5.5,5.2,184.9,187.9,1000.4,1000.4,310.84,297.61,1671.86,31.8574,10.5238,330.7,26.2,1487.976, NAN, NAN, NAN, NAN,,2024/04/04 12:26:47.827,2024-04-04 12:26:47.827000+00:00
2024/04/04, 12:27:47.827,35.954,-75.12,0.76,341.82,314.42,0.43,10.5,10.5,998.5,998.5,0.0,0.0,13.74,11.62,203,204,4.9,4.8,93.9,94.0,5.0,4.9,182.5,183.4,1000.6,1000.6,315.24,298.17,1678.71,31.8587,10.5249,329.7,26.0,1487.981, NAN, NAN, NAN, NAN,,2024/04/04 12:27:47.827,2024-04-04 12:27:47.827000+00:00
2024/04/04, 12:28:47.827,35.954,-75.12,0.65,342.02,84.55,0.34,10.5,10.5,998.3,998.3,0.0,0.0,13.74,11.62,202,204,5.7,5.5,94.0,93.9,5.6,5.4,185.6,187.7,1000.4,1000.4,317.19,297.9,1683.72,31.8621,10.5253,335.8,26.7,1487.987, NAN, NAN, NAN, NAN,,2024/04/04 12:28:47.827,2024-04-04 12:28:47.827000+00:00
2024/04/04, 12:29:47.828,35.954,-75.12,0.86,340.93,289.41,0.31,10.5,10.5,998.3,998.1,0.0,0.0,13.74,11.62,204,207,6.0,5.8,94.0,93.9,6.0,5.7,183.5,186.4,1000.4,1000.2,316.59,298.09,1691.26,31.8679,10.5262,343.2,26.2,1487.997, NAN, NAN, NAN, NAN,,2024/04/04 12:29:47.828,2024-04-04 12:29:47.828000+00:00
2024/04/04, 12:30:47.828,35.954,-75.12,0.54,342.19,219.58,0.39,10.5,10.5,998.3,998.5,0.0,0.0,13.74,11.62,203,206,5.8,5.5,93.9,93.9,5.7,5.4,183.6,186.6,1000.4,1000.6,323.14,298.28,1696.11,31.8632,10.5281,346.8,26.5,1487.998, NAN, NAN, NAN, NAN,,2024/04/04 12:30:47.828,2024-04-04 12:30:47.828000+00:00
2024/04/04, 12:31:47.828,35.954,-75.12,0.89,341.95,178.24,0.23,10.5,10.5,998.4,998.3,0.0,0.0,13.74,11.62,202,208,5.5,5.4,93.9,93.8,5.4,5.3,184.9,191.0,1000.5,1000.4,332.2,298.33,1702.26,31.8665,10.5273,334.0,26.5,1487.999, NAN, NAN, NAN, NAN,,2024/04/04 12:31:47.828,2024-04-04 12:31:47.828000+00:00
2024/04/04, 12:32:47.828,35.954,-75.12,0.65,341.69,149.74,0.45,10.5,10.5,998.1,998.3,0.0,0.0,13.74,11.62,206,206,5.4,5.5,93.9,93.7,5.2,5.3,189.5,189.5,1000.2,1000.4,332.98,298.48,1703.4,31.8711,10.535,336.1,26.7,1488.032, NAN, NAN, NAN, NAN,,2024/04/04 12:32:47.828,2024-04-04 12:32:47.828000+00:00
2024/04/04, 12:33:47.828,35.954,-75.12,0.81,341.06,136.29,0.1,10.5,10.5,998.3,998.4,0.0,0.0,13.74,11.62,207,209,5.6,5.1,93.8,93.7,5.7,5.2,188.1,190.1,1000.4,1000.5,334.71,298.51,1707.41,31.8724,10.5362,338.8,26.7,1488.038, NAN, NAN, NAN, NAN,,2024/04/04 12:33:47.828,2024-04-04 12:33:47.828000+00:00
2024/04/04, 12:34:47.828,35.954,-75.12,0.94,341.88,176.37,0.27,10.5,10.5,998.4,998.3,0.0,0.0,13.74,11.62,206,203,5.6,4.8,93.9,93.8,5.5,4.7,188.0,184.9,1000.5,1000.4,338.12,298.76,1714.64,31.8724,10.538,340.9,26.6,1488.044, NAN, NAN, NAN, NAN,,2024/04/04 12:34:47.828,2024-04-04 12:34:47.828000+00:00
2024/04/04, 12:35:47.828,35.954,-75.12,0.46,342.99,240.78,0.41,10.5,10.5,998.4,998.5,0.0,0.0,13.74,11.62,205,207,5.5,5.2,93.7,93.6,5.4,5.1,186.1,188.0,1000.5,1000.6,345.72,298.84,1725.38,31.8737,10.5352,341.2,26.7,1488.036, NAN, NAN, NAN, NAN,,2024/04/04 12:35:47.828,2024-04-04 12:35:47.828000+00:00
2024/04/04, 12:36:47.828,35.954,-75.12,1.03,341.21,54.94,0.12,10.5,10.5,998.3,998.2,0.0,0.0,13.74,11.62,206,208,6.0,5.6,93.6,93.6,6.0,5.6,187.8,189.8,1000.4,1000.3,351.91,298.75,1729.06,31.8739,10.531,341.6,26.7,1488.021, NAN, NAN, NAN, NAN,,2024/04/04 12:36:47.828,2024-04-04 12:36:47.828000+00:00
2024/04/04, 12:37:47.828,35.954,-75.12,0.89,341.35,336.79,0.24,10.5,10.5,998.3,998.4,0.0,0.0,13.74,11.62,201,200,5.9,5.0,93.6,93.6,5.8,4.9,181.3,180.1,1000.4,1000.5,358.1,298.7,1732.09,31.8713,10.5324,344.6,27.0,1488.023, NAN, NAN, NAN, NAN,,2024/04/04 12:37:47.828,2024-04-04 12:37:47.828000+00:00
2024/04/04, 12:38:47.828,35.954,-75.12,1.09,342.93,304.0,0.74,10.5,10.5,998.5,998.5,0.0,0.0,13.74,11.62,207,208,5.8,5.9,93.6,93.4,5.9,6.0,186.4,187.5,1000.6,1000.6,352.72,298.63,1744.19,31.8721,10.5328,347.2,26.8,1488.025, NAN, NAN, NAN, NAN,,2024/04/04 12:38:47.828,2024-04-04 12:38:47.828000+00:00
2024/04/04, 12:39:47.828,35.954,-75.12,0.54,340.95,259.48,0.19,10.5,10.5,998.2,998.4,0.0,0.0,13.74,11.62,204,209,6.2,5.2,93.6,93.5,6.2,5.2,184.1,188.9,1000.3,1000.5,359.38,298.69,1747.57,31.8728,10.5282,345.9,26.7,1488.01, NAN, NAN, NAN, NAN,,2024/04/04 12:39:47.828,2024-04-04 12:39:47.828000+00:00
2024/04/04, 12:40:47.828,35.954,-75.12,0.71,341.81,89.64,0.43,10.5,10.5,998.3,998.4,0.0,0.0,13.74,11.62,203,202,6.7,6.4,93.5,93.3,6.6,6.3,186.4,185.4,1000.4,1000.5,371.81,298.49,1753.9,31.8726,10.5274,350.2,26.6,1488.007, NAN, NAN, NAN, NAN,,2024/04/04 12:40:47.828,2024-04-04 12:40:47.828000+00:00
2024/04/04, 12:41:47.828,35.954,-75.12,0.63,342.57,181.7,0.33,10.5,10.5,998.4,998.4,0.0,0.0,13.74,11.62,205,206,6.3,6.3,93.2,93.1,6.2,6.2,189.0,190.0,1000.5,1000.5,370.48,298.52,1753.81,31.8743,10.5209,344.9,26.7,1487.986, NAN, NAN, NAN, NAN,,2024/04/04 12:41:47.828,2024-04-04 12:41:47.828000+00:00
2024/04/04, 12:42:47.828,35.954,-75.12,0.76,340.89,86.79,0.4,10.5,10.5,998.3,998.1,0.0,0.0,13.74,11.62,198,217,5.6,4.6,93.2,93.0,5.7,4.7,180.9,199.9,1000.4,1000.2,380.64,298.84,1759.15,31.8737,10.5147,340.4,27.0,1487.963, NAN, NAN, NAN, NAN,,2024/04/04 12:42:47.828,2024-04-04 12:42:47.828000+00:00
2024/04/04, 12:43:47.828,35.954,-75.12,0.89,340.64,115.34,0.21,10.5,10.6,998.2,998.3,0.0,0.0,13.74,11.62,203,200,5.6,4.3,93.0,92.9,5.6,4.3,184.7,181.9,1000.3,1000.4,383.84,298.7,1762.17,31.8767,10.5197,343.5,27.0,1487.984, NAN, NAN, NAN, NAN,,2024/04/04 12:43:47.828,2024-04-04 12:43:47.828000+00:00
2024/04/04, 12:44:47.829,35.954,-75.12,0.9,342.18,104.49,0.28,10.5,10.6,998.2,998.3,0.0,0.0,13.74,11.62,201,203,5.9,5.4,93.0,92.9,5.9,5.4,184.6,186.7,1000.3,1000.4,389.37,298.83,1771.84,31.8793,10.5234,341.2,27.0,1488.001, NAN, NAN, NAN, NAN,,2024/04/04 12:44:47.829,2024-04-04 12:44:47.829000+00:00
2024/04/04, 12:45:47.829,35.954,-75.12,0.84,342.22,84.53,0.6,10.5,10.6,998.4,998.6,0.0,0.0,13.74,11.62,203,205,6.0,5.9,92.9,92.7,6.1,6.0,188.0,190.0,1000.5,1000.7,392.57,298.94,1784.24,31.8756,10.5291,339.8,26.5,1488.016, NAN, NAN, NAN, NAN,,2024/04/04 12:45:47.829,2024-04-04 12:45:47.829000+00:00
2024/04/04, 12:46:47.829,35.954,-75.12,0.75,342.29,318.83,0.19,10.5,10.6,998.0,998.2,0.0,0.0,13.74,11.62,202,205,6.7,6.3,92.7,92.7,6.7,6.3,183.6,186.5,1000.1,1000.3,391.54,298.56,1781.36,31.8714,10.5134,332.4,26.8,1487.955, NAN, NAN, NAN, NAN,,2024/04/04 12:46:47.829,2024-04-04 12:46:47.829000+00:00
2024/04/04, 12:47:47.829,35.954,-75.12,0.79,341.32,59.29,0.59,10.5,10.6,997.9,998.0,0.0,0.0,13.74,11.62,201,204,6.3,5.9,92.7,92.5,6.4,6.1,184.8,187.8,1000.0,1000.1,401.52,298.69,1788.17,31.8699,10.5221,325.4,26.3,1487.985, NAN, NAN, NAN, NAN,,2024/04/04 12:47:47.829,2024-04-04 12:47:47.829000+00:00
2024/04/04, 12:48:47.829,35.954,-75.12,0.9,340.39,211.78,0.15,10.5,10.6,998.2,998.2,0.0,0.0,13.74,11.62,199,199,6.6,5.7,92.6,92.3,6.5,5.6,179.4,179.4,1000.3,1000.3,395.95,298.52,1788.83,31.8686,10.5252,343.5,26.5,1487.994, NAN, NAN, NAN, NAN,,2024/04/04 12:48:47.829,2024-04-04 12:48:47.829000+00:00
2024/04/04, 12:49:47.829,35.954,-75.12,0.61,341.42,278.96,0.34,10.5,10.6,998.2,998.0,0.0,0.0,13.74,11.62,202,204,6.4,6.0,92.5,92.1,6.5,6.1,182.5,184.4,1000.3,1000.1,405.48,298.39,1799.82,31.8786,10.5304,336.4,26.6,1488.025, NAN, NAN, NAN, NAN,,2024/04/04 12:49:47.829,2024-04-04 12:49:47.829000+00:00
2024/04/04, 12:50:47.829,35.954,-75.12,1.08,340.82,135.09,0.08,10.6,10.7,998.1,998.3,0.0,0.0,13.74,11.62,201,212,6.3,4.8,92.5,92.2,6.3,4.8,182.1,193.0,1000.2,1000.4,410.61,298.75,1800.18,31.8792,10.5334,341.6,26.7,1488.036, NAN, NAN, NAN, NAN,,2024/04/04 12:50:47.829,2024-04-04 12:50:47.829000+00:00
2024/04/04, 12:51:47.829,35.954,-75.12,1.07,342.15,8.12,0.29,10.6,10.7,998.0,998.0,0.0,0.0,13.74,11.62,202,204,5.5,5.3,92.7,92.2,5.6,5.4,183.7,185.7,1000.1,1000.1,412.79,298.61,1805.58,31.8797,10.5246,340.4,26.5,1488.005, NAN, NAN, NAN, NAN,,2024/04/04 12:51:47.829,2024-04-04 12:51:47.829000+00:00
2024/04/04, 12:52:47.829,35.954,-75.12,0.84,342.57,18.96,0.25,10.6,10.7,998.4,998.1,0.0,0.0,13.74,11.62,203,207,5.5,4.4,92.7,92.2,5.6,4.5,185.2,189.1,1000.5,1000.2,419.77,298.56,1813.66,31.8814,10.5264,325.4,27.0,1488.014, NAN, NAN, NAN, NAN,,2024/04/04 12:52:47.829,2024-04-04 12:52:47.829000+00:00
2024/04/04, 12:53:47.829,35.954,-75.12,0.78,341.67,274.42,0.18,10.6,10.7,998.3,998.1,0.0,0.0,13.74,11.62,203,203,6.5,6.4,92.5,92.2,6.5,6.4,183.9,183.9,1000.4,1000.2,421.99,298.57,1817.49,31.8884,10.523,330.7,27.0,1488.01, NAN, NAN, NAN, NAN,,2024/04/04 12:53:47.829,2024-04-04 12:53:47.829000+00:00
2024/04/04, 12:54:47.829,35.954,-75.12,0.96,341.75,194.8,0.26,10.6,10.7,998.1,998.2,0.0,0.0,13.74,11.62,204,208,6.9,5.9,92.3,91.9,6.8,5.8,185.7,189.8,1000.2,1000.3,418.01,298.72,1821.31,31.8952,10.5278,328.4,26.9,1488.036, NAN, NAN, NAN, NAN,,2024/04/04 12:54:47.829,2024-04-04 12:54:47.829000+00:00
2024/04/04, 12:55:47.829,35.954,-75.12,0.7,340.9,67.82,0.64,10.6,10.7,998.0,998.0,0.0,0.0,13.74,11.62,202,206,7.1,5.1,92.0,91.5,7.3,5.3,185.2,190.0,1000.1,1000.1,432.67,298.52,1827.19,31.9002,10.5375,334.4,26.6,1488.076, NAN, NAN, NAN, NAN,,2024/04/04 12:55:47.829,2024-04-04 12:55:47.829000+00:00
2024/04/04, 12:56:47.829,35.954,-75.12,0.7,341.85,79.72,0.27,10.6,10.7,998.2,998.2,0.0,0.0,13.74,11.62,202,209,7.3,6.5,91.6,91.2,7.3,6.6,184.9,192.0,1000.3,1000.3,435.86,298.4,1828.61,31.8926,10.5374,337.4,26.9,1488.067, NAN, NAN, NAN, NAN,,2024/04/04 12:56:47.829,2024-04-04 12:56:47.829000+00:00
2024/04/04, 12:57:47.829,35.954,-75.12,0.38,340.55,40.1,0.27,10.6,10.7,998.1,998.1,0.0,0.0,13.74,11.62,206,206,6.6,6.5,91.4,90.9,6.7,6.6,186.9,186.9,1000.2,1000.2,435.33,298.56,1833.99,31.8931,10.5358,335.8,27.3,1488.062, NAN, NAN, NAN, NAN,,2024/04/04 12:57:47.829,2024-04-04 12:57:47.829000+00:00
2024/04/04, 12:58:47.829,35.954,-75.12,0.38,340.93,183.4,0.41,10.6,10.7,998.2,998.0,0.0,0.0,13.74,11.62,205,205,6.9,6.6,91.3,90.9,6.7,6.4,186.6,186.6,1000.3,1000.1,433.27,298.46,1844.11,31.8907,10.524,322.0,26.9,1488.017, NAN, NAN, NAN, NAN,,2024/04/04 12:58:47.829,2024-04-04 12:58:47.829000+00:00
2024/04/04, 12:59:47.829,35.954,-75.12,0.81,342.65,93.97,0.16,10.6,10.7,998.2,998.1,0.0,0.0,13.74,11.62,205,205,6.2,6.6,91.2,90.8,6.3,6.7,188.0,188.0,1000.3,1000.2,440.43,298.55,1846.16,31.8883,10.5159,326.0,27.0,1487.985, NAN, NAN, NAN, NAN,,2024/04/04 12:59:47.829,2024-04-04 12:59:47.829000+00:00
2024/04/04, 13:00:47.830,35.954,-75.12,0.89,342.17,286.9,0.27,10.6,10.7,998.1,998.1,0.0,0.0,13.74,11.62,199,202,6.2,6.1,91.2,91.0,6.2,6.1,179.9,182.9,1000.2,1000.2,445.9,299.03,1845.25,31.8938,10.5096,333.4,27.2,1487.969, NAN, NAN, NAN, NAN,,2024/04/04 13:00:47.830,2024-04-04 13:00:47.830000+00:00
2024/04/04, 13:01:47.830,35.954,-75.12,1.34,337.79,7.14,1.04,10.7,10.8,998.2,998.1,0.0,0.0,13.74,11.62,207,205,5.9,5.3,91.3,91.0,6.4,5.8,183.9,182.0,1000.3,1000.2,442.71,298.56,1845.88,31.8937,10.5023,325.7,26.9,1487.943, NAN, NAN, NAN, NAN,,2024/04/04 13:01:47.830,2024-04-04 13:01:47.830000+00:00
2024/04/04, 13:02:47.830,35.954,-75.12,3.38,17.15,11.48,2.98,10.7,10.8,998.3,998.1,0.0,0.0,13.74,11.62,180,192,2.5,3.0,91.4,91.0,4.0,4.5,193.5,201.9,1000.4,1000.2,432.57,300.18,1887.15,31.8991,10.5103,328.1,26.7,1487.978, NAN, NAN, NAN, NAN,,2024/04/04 13:02:47.830,2024-04-04 13:02:47.830000+00:00
2024/04/04, 13:03:47.830,35.955,-75.119,3.94,56.11,53.69,5.24,10.7,10.8,998.1,998.1,0.0,0.0,13.74,11.62,111,105,5.6,5.7,91.5,90.8,7.1,7.0,187.5,182.7,1000.2,1000.2,433.44,298.7,1942.3,31.9017,10.5187,333.7,27.8,1488.011, NAN, NAN, NAN, NAN,,2024/04/04 13:03:47.830,2024-04-04 13:03:47.830000+00:00
2024/04/04, 13:04:47.830,35.956,-75.117,6.92,57.85,59.96,7.44,10.8,10.8,998.2,998.2,0.0,0.0,13.74,11.62,93,85,5.5,6.3,90.7,90.2,6.6,6.8,186.4,176.7,1000.3,1000.3,451.02,299.32,1945.98,31.9103,10.5111,346.5,27.2,1487.994, NAN, NAN, NAN, NAN,,2024/04/04 13:04:47.830,2024-04-04 13:04:47.830000+00:00
2024/04/04, 13:05:47.830,35.957,-75.115,9.08,56.67,55.07,8.83,10.8,10.8,998.2,998.1,0.0,0.0,13.74,11.62,87,81,5.9,6.4,90.7,90.3,7.3,7.3,182.1,175.7,1000.3,1000.2,452.64,299.38,1951.53,31.909,10.496,334.4,27.8,1487.939, NAN, NAN, NAN, NAN,,2024/04/04 13:05:47.830,2024-04-04 13:05:47.830000+00:00
2024/04/04, 13:06:47.830,35.958,-75.112,9.7,58.36,53.92,9.61,10.8,10.8,998.1,998.1,0.0,0.0,13.74,11.62,80,73,6.4,6.9,90.7,90.5,7.5,7.3,179.1,171.8,1000.2,1000.2,456.48,299.62,1953.6,31.8871,10.4695,303.8,27.3,1487.817, NAN, NAN, NAN, NAN,,2024/04/04 13:06:47.830,2024-04-04 13:06:47.830000+00:00
2024/04/04, 13:07:47.830,35.96,-75.109,9.96,56.9,65.49,10.1,10.8,10.8,998.1,998.3,0.0,0.0,13.74,11.62,79,72,6.7,7.2,90.7,90.6,7.3,7.1,179.1,171.5,1000.2,1000.4,465.8,299.49,1958.31,31.8814,10.4368,275.6,26.4,1487.693, NAN, NAN, NAN, NAN,,2024/04/04 13:07:47.830,2024-04-04 13:07:47.830000+00:00
2024/04/04, 13:08:47.830,35.961,-75.106,10.63,56.05,65.08,10.64,10.8,10.8,998.3,998.1,0.0,0.0,13.74,11.62,77,70,6.1,6.8,90.5,90.4,6.5,6.3,184.4,175.1,1000.4,1000.2,469.32,299.59,1965.67,31.883,10.4042,255.5,26.6,1487.578, NAN, NAN, NAN, NAN,,2024/04/04 13:08:47.830,2024-04-04 13:08:47.830000+00:00
2024/04/04, 13:09:47.830,35.963,-75.103,10.86,58.26,67.55,10.42,10.8,10.8,998.1,998.1,0.0,0.0,13.74,11.62,80,72,6.6,7.2,90.5,90.5,7.1,6.9,184.0,175.0,1000.2,1000.2,472.86,299.6,1970.69,31.8924,10.3553,250.0,26.6,1487.414, NAN, NAN, NAN, NAN,,2024/04/04 13:09:47.830,2024-04-04 13:09:47.830000+00:00
2024/04/04, 13:10:47.830,35.964,-75.1,10.86,58.69,58.83,10.65,10.8,10.8,998.2,998.1,0.0,0.0,13.74,11.62,76,69,6.4,6.8,90.6,90.6,7.4,7.1,180.8,174.1,1000.3,1000.2,473.25,299.48,1971.51,31.9154,10.3161,245.4,26.2,1487.301, NAN, NAN, NAN, NAN,,2024/04/04 13:10:47.830,2024-04-04 13:10:47.830000+00:00
2024/04/04, 13:11:47.830,35.965,-75.097,10.98,56.54,62.25,10.94,10.8,10.8,998.2,998.3,0.0,0.0,13.74,11.62,72,64,6.0,7.0,90.7,90.6,6.2,6.1,183.4,170.9,1000.3,1000.4,478.52,299.5,1976.85,31.9496,10.271,240.6,26.2,1487.181, NAN, NAN, NAN, NAN,,2024/04/04 13:11:47.830,2024-04-04 13:11:47.830000+00:00
2024/04/04, 13:12:47.830,35.967,-75.094,10.85,56.35,62.66,10.62,10.8,10.8,998.1,998.3,0.0,0.0,13.74,11.62,74,68,6.4,7.2,90.9,90.8,6.8,6.8,179.2,170.1,1000.2,1000.4,479.52,299.34,1980.84,31.9711,10.2556,241.2,26.0,1487.152, NAN, NAN, NAN, NAN,,2024/04/04 13:12:47.830,2024-04-04 13:12:47.830000+00:00
2024/04/04, 13:13:47.830,35.968,-75.09,10.83,48.82,49.53,10.53,10.8,10.8,998.2,998.1,0.0,0.0,13.74,11.62,81,72,5.3,5.9,90.9,90.8,7.1,6.8,179.1,170.7,1000.3,1000.2,500.31,299.82,1982.46,31.9881,10.2352,241.5,25.8,1487.099, NAN, NAN, NAN, NAN,,2024/04/04 13:13:47.830,2024-04-04 13:13:47.830000+00:00
2024/04/04, 13:14:47.830,35.97,-75.088,10.74,45.0,45.09,10.3,10.8,10.8,998.4,998.1,0.0,0.0,13.74,11.62,79,71,5.2,5.9,91.2,91.1,6.6,6.4,175.6,166.5,1000.5,1000.2,491.04,299.94,1976.85,32.0092,10.2056,241.8,25.0,1487.018, NAN, NAN, NAN, NAN,,2024/04/04 13:14:47.830,2024-04-04 13:14:47.830000+00:00
2024/04/04, 13:15:47.830,35.972,-75.085,11.01,44.93,46.44,10.51,10.8,10.8,998.4,998.1,0.0,0.0,13.74,11.62,83,72,5.3,6.0,91.3,91.3,7.0,6.6,177.5,167.2,1000.5,1000.2,486.39,299.74,1973.0,32.02,10.1798,236.0,24.0,1486.938, NAN, NAN, NAN, NAN,,2024/04/04 13:15:47.830,2024-04-04 13:15:47.830000+00:00
2024/04/04, 13:16:47.831,35.974,-75.082,10.93,44.22,45.39,10.77,10.8,10.8,998.2,998.3,0.0,0.0,13.74,11.62,78,70,5.1,5.9,91.4,91.4,6.7,6.5,176.4,166.9,1000.3,1000.4,491.12,299.61,1976.5,32.0412,10.1638,239.1,24.0,1486.906, NAN, NAN, NAN, NAN,,2024/04/04 13:16:47.831,2024-04-04 13:16:47.831000+00:00
2024/04/04, 13:17:47.831,35.976,-75.08,11.08,44.19,45.91,10.7,10.8,10.8,998.1,998.1,0.0,0.0,13.74,11.62,74,67,5.2,6.1,91.5,91.5,6.3,6.3,174.1,163.8,1000.2,1000.2,497.2,299.48,1981.31,32.0634,10.1527,239.4,26.0,1486.893, NAN, NAN, NAN, NAN,,2024/04/04 13:17:47.831,2024-04-04 13:17:47.831000+00:00
2024/04/04, 13:18:47.831,35.978,-75.077,11.06,46.3,48.66,10.74,10.7,10.8,998.2,998.1,0.0,0.0,13.74,11.62,75,66,4.9,6.0,91.7,91.7,6.3,6.2,178.9,166.1,1000.3,1000.2,498.51,299.29,1990.6,32.0981,10.131,238.8,26.2,1486.857, NAN, NAN, NAN, NAN,,2024/04/04 13:18:47.831,2024-04-04 13:18:47.831000+00:00
2024/04/04, 13:19:47.831,35.98,-75.074,10.59,50.5,54.54,10.53,10.7,10.8,998.1,998.2,0.0,0.0,13.74,11.62,75,66,5.1,6.0,91.8,91.7,6.3,6.2,180.7,169.3,1000.2,1000.3,509.92,299.16,1998.17,32.1308,10.111,238.8,25.9,1486.824, NAN, NAN, NAN, NAN,,2024/04/04 13:19:47.831,2024-04-04 13:19:47.831000+00:00
2024/04/04, 13:20:47.831,35.982,-75.072,10.81,47.84,57.93,10.47,10.7,10.7,998.2,998.1,0.0,0.0,13.74,11.62,74,67,5.5,6.4,91.8,91.8,6.0,5.9,177.7,166.5,1000.3,1000.2,504.39,298.92,1995.72,32.156,10.0834,238.8,26.0,1486.755, NAN, NAN, NAN, NAN,,2024/04/04 13:20:47.831,2024-04-04 13:20:47.831000+00:00
2024/04/04, 13:21:47.831,35.984,-75.069,10.87,48.37,53.67,10.38,10.7,10.7,998.2,998.2,0.0,0.0,13.74,11.62,76,68,5.4,6.2,91.8,92.0,6.1,5.9,179.1,168.4,1000.3,1000.3,510.09,298.99,2001.18,32.1856,10.0625,237.6,26.1,1486.716, NAN, NAN, NAN, NAN,,2024/04/04 13:21:47.831,2024-04-04 13:21:47.831000+00:00
2024/04/04, 13:22:47.831,35.985,-75.066,10.75,48.5,57.11,10.35,10.7,10.7,998.1,998.1,0.0,0.0,13.74,11.62,74,67,5.9,6.6,92.1,92.1,6.3,6.1,174.3,164.8,1000.2,1000.2,511.89,298.76,2005.03,32.2048,10.0375,236.3,26.0,1486.649, NAN, NAN, NAN, NAN,,2024/04/04 13:22:47.831,2024-04-04 13:22:47.831000+00:00
2024/04/04, 13:23:47.831,35.987,-75.063,10.86,49.22,50.95,10.63,10.7,10.7,998.4,998.0,0.0,0.0,13.74,11.62,78,69,5.9,6.6,92.2,92.2,7.0,6.7,176.3,166.5,1000.5,1000.1,522.53,299.01,2011.49,32.2344,10.0233,235.7,25.8,1486.633, NAN, NAN, NAN, NAN,,2024/04/04 13:23:47.831,2024-04-04 13:23:47.831000+00:00
2024/04/04, 13:24:47.831,35.989,-75.06,10.84,49.06,54.63,10.46,10.6,10.7,998.2,998.1,0.0,0.0,13.74,11.62,74,67,5.7,6.5,92.3,92.3,6.2,6.1,176.6,166.5,1000.3,1000.2,519.83,298.76,2013.68,32.2552,10.0133,231.7,26.0,1486.623, NAN, NAN, NAN, NAN,,2024/04/04 13:24:47.831,2024-04-04 13:24:47.831000+00:00
2024/04/04, 13:25:47.831,35.991,-75.057,10.89,49.83,60.11,10.78,10.6,10.6,998.0,998.1,0.0,0.0,13.74,11.62,75,68,5.9,6.7,92.4,92.4,6.6,6.5,177.3,167.6,1000.1,1000.2,522.55,299.1,2013.54,32.2824,9.9894,231.2,25.9,1486.569, NAN, NAN, NAN, NAN,,2024/04/04 13:25:47.831,2024-04-04 13:25:47.831000+00:00
2024/04/04, 13:26:47.831,35.992,-75.054,10.72,49.27,52.01,10.64,10.6,10.6,998.3,998.1,0.0,0.0,13.74,11.62,75,68,6.0,6.9,92.4,92.4,6.4,6.4,176.3,165.6,1000.4,1000.2,530.89,298.77,2013.2,32.3097,9.9671,225.8,25.7,1486.522, NAN, NAN, NAN, NAN,,2024/04/04 13:26:47.831,2024-04-04 13:26:47.831000+00:00
2024/04/04, 13:27:47.831,35.994,-75.051,10.91,48.75,51.45,10.28,10.6,10.6,998.0,997.8,0.0,0.0,13.74,11.62,75,68,6.0,6.7,92.5,92.5,6.6,6.5,172.9,163.8,1000.1,999.9,523.59,298.74,2023.49,32.324,9.9537,226.0,25.4,1486.491, NAN, NAN, NAN, NAN,,2024/04/04 13:27:47.831,2024-04-04 13:27:47.831000+00:00
2024/04/04, 13:28:47.831,35.996,-75.048,10.94,48.48,48.45,10.72,10.6,10.6,998.1,998.0,0.0,0.0,13.74,11.62,77,68,6.4,7.2,92.5,92.5,6.9,6.7,174.1,163.1,1000.2,1000.1,533.1,299.09,2020.65,32.3338,9.9272,227.2,25.6,1486.407, NAN, NAN, NAN, NAN,,2024/04/04 13:28:47.831,2024-04-04 13:28:47.831000+00:00
2024/04/04, 13:29:47.831,35.998,-75.046,10.8,49.76,47.87,10.57,10.6,10.6,998.1,997.9,0.0,0.0,13.74,11.62,76,69,6.3,7.1,92.5,92.6,7.1,7.1,173.0,163.8,1000.2,1000.0,536.29,298.48,2019.52,32.3526,9.8965,223.1,25.3,1486.318, NAN, NAN, NAN, NAN,,2024/04/04 13:29:47.831,2024-04-04 13:29:47.831000+00:00
2024/04/04, 13:30:47.831,35.999,-75.043,11.06,47.8,62.38,10.84,10.6,10.6,998.1,997.9,0.0,0.0,13.74,11.62,77,71,5.9,6.5,92.5,92.6,6.3,6.2,178.9,170.9,1000.2,1000.0,553.26,298.98,2031.31,32.3776,9.8723,217.2,25.6,1486.261, NAN, NAN, NAN, NAN,,2024/04/04 13:30:47.831,2024-04-04 13:30:47.831000+00:00
2024/04/04, 13:31:47.831,36.001,-75.04,10.82,50.47,52.7,10.64,10.5,10.6,997.9,997.9,0.0,0.0,13.74,11.62,76,71,6.2,6.6,92.6,92.6,7.2,7.1,173.8,168.4,1000.0,1000.0,541.22,298.79,2024.03,32.4017,9.8461,215.7,25.6,1486.195, NAN, NAN, NAN, NAN,,2024/04/04 13:31:47.831,2024-04-04 13:31:47.831000+00:00
2024/04/04, 13:32:47.832,36.003,-75.037,10.84,47.93,60.21,10.67,10.5,10.6,998.1,998.1,0.0,0.0,13.74,11.62,72,66,6.5,7.3,92.5,92.6,6.4,6.4,170.3,160.6,1000.2,1000.2,553.32,298.55,2019.85,32.4187,9.8232,213.2,25.7,1486.133, NAN, NAN, NAN, NAN,,2024/04/04 13:32:47.832,2024-04-04 13:32:47.832000+00:00
2024/04/04, 13:33:47.832,36.005,-75.034,10.87,48.15,49.74,10.55,10.5,10.5,997.9,998.0,0.0,0.0,13.74,11.62,78,71,6.0,7.0,92.6,92.7,6.7,6.8,176.2,165.4,1000.0,1000.1,556.5,298.96,2038.77,32.4393,9.8266,211.2,25.6,1486.17, NAN, NAN, NAN, NAN,,2024/04/04 13:33:47.832,2024-04-04 13:33:47.832000+00:00
2024/04/04, 13:34:47.832,36.007,-75.031,10.8,47.52,48.0,10.41,10.5,10.5,998.1,997.9,0.0,0.0,13.74,11.62,79,72,6.1,6.9,92.5,92.6,7.0,7.0,174.2,164.9,1000.2,1000.0,561.3,299.04,2042.32,32.4612,9.8233,207.5,25.7,1486.185, NAN, NAN, NAN, NAN,,2024/04/04 13:34:47.832,2024-04-04 13:34:47.832000+00:00
2024/04/04, 13:35:47.832,36.008,-75.028,10.78,50.67,50.61,10.78,10.5,10.5,997.9,998.0,0.0,0.0,13.74,11.62,73,66,6.0,6.9,92.5,92.6,6.9,6.9,174.0,164.0,1000.0,1000.1,562.84,298.71,2037.82,32.4786,9.8114,208.4,25.8,1486.163, NAN, NAN, NAN, NAN,,2024/04/04 13:35:47.832,2024-04-04 13:35:47.832000+00:00
2024/04/04, 13:36:47.832,36.01,-75.025,10.81,47.98,56.99,10.51,10.5,10.5,998.0,998.0,0.0,0.0,13.74,11.62,77,71,6.1,6.7,92.5,92.6,6.7,6.5,174.9,167.1,1000.1,1000.1,569.2,298.84,2038.07,32.4927,9.7968,210.0,25.8,1486.127, NAN, NAN, NAN, NAN,,2024/04/04 13:36:47.832,2024-04-04 13:36:47.832000+00:00
2024/04/04, 13:37:47.832,36.012,-75.022,10.94,48.32,53.21,10.48,10.5,10.5,997.8,998.0,0.0,0.0,13.74,11.62,75,68,6.1,6.9,92.5,92.6,6.7,6.7,172.6,163.0,999.9,1000.1,572.21,298.88,2050.59,32.4971,9.7764,211.5,26.0,1486.058, NAN, NAN, NAN, NAN,,2024/04/04 13:37:47.832,2024-04-04 13:37:47.832000+00:00
2024/04/04, 13:38:47.832,36.014,-75.02,11.02,47.82,56.24,10.61,10.5,10.5,997.9,997.8,0.0,0.0,13.74,11.62,77,71,6.4,6.9,92.5,92.6,6.9,6.8,172.8,165.8,1000.0,999.9,582.12,298.93,2054.89,32.5031,9.757,211.2,25.9,1485.995, NAN, NAN, NAN, NAN,,2024/04/04 13:38:47.832,2024-04-04 13:38:47.832000+00:00
2024/04/04, 13:39:47.832,36.015,-75.017,10.67,48.15,52.76,10.44,10.5,10.5,998.0,997.9,0.0,0.0,13.74,11.62,75,68,6.6,7.4,92.4,92.5,7.0,7.0,169.3,159.8,1000.1,1000.0,577.72,299.34,2052.1,32.5091,9.7279,214.8,25.8,1485.896, NAN, NAN, NAN, NAN,,2024/04/04 13:39:47.832,2024-04-04 13:39:47.832000+00:00
2024/04/04, 13:40:47.832,36.017,-75.014,10.97,48.4,54.22,10.59,10.5,10.5,997.9,997.9,0.0,0.0,13.74,11.62,77,70,6.0,6.7,92.4,92.5,6.5,6.3,176.9,167.7,1000.0,1000.0,583.41,299.55,2060.72,32.51,9.7072,215.4,25.7,1485.822, NAN, NAN, NAN, NAN,,2024/04/04 13:40:47.832,2024-04-04 13:40:47.832000+00:00
2024/04/04, 13:41:47.832,36.019,-75.011,10.93,47.36,61.79,10.58,10.5,10.5,998.0,998.0,0.0,0.0,13.74,11.62,79,72,6.4,7.0,92.3,92.5,6.6,6.4,175.6,166.9,1000.1,1000.1,590.83,299.34,2062.96,32.513,9.7012,216.6,25.8,1485.804, NAN, NAN, NAN, NAN,,2024/04/04 13:41:47.832,2024-04-04 13:41:47.832000+00:00
2024/04/04, 13:42:47.832,36.021,-75.008,10.87,48.05,60.47,10.57,10.5,10.5,997.8,998.0,0.0,0.0,13.74,11.62,78,71,6.0,6.6,92.3,92.5,6.5,6.3,177.4,168.9,999.9,1000.1,595.21,299.22,2063.47,32.5135,9.6876,220.9,26.0,1485.755, NAN, NAN, NAN, NAN,,2024/04/04 13:42:47.832,2024-04-04 13:42:47.832000+00:00
2024/04/04, 13:43:47.832,36.022,-75.005,10.84,48.92,59.81,10.7,10.5,10.5,997.9,997.8,0.0,0.0,13.74,11.62,76,69,6.3,7.1,92.4,92.5,6.7,6.6,175.0,165.1,1000.0,999.9,603.08,299.21,2069.11,32.5155,9.6693,233.2,26.0,1485.691, NAN, NAN, NAN, NAN,,2024/04/04 13:43:47.832,2024-04-04 13:43:47.832000+00:00
2024/04/04, 13:44:47.832,36.024,-75.002,10.84,48.51,49.11,10.53,10.5,10.5,997.9,997.9,0.0,0.0,13.74,11.62,74,69,6.5,7.1,92.4,92.5,7.0,7.0,169.6,162.7,1000.0,1000.0,602.97,298.87,2056.51,32.5137,9.6424,236.0,26.1,1485.59, NAN, NAN, NAN, NAN,,2024/04/04 13:44:47.832,2024-04-04 13:44:47.832000+00:00
2024/04/04, 13:45:47.832,36.026,-74.999,10.82,47.6,51.13,10.31,10.5,10.5,997.9,997.9,0.0,0.0,13.74,11.62,80,73,6.3,6.9,92.4,92.5,7.1,6.9,173.9,165.8,1000.0,1000.0,607.44,298.94,2061.07,32.5085,9.6096,239.1,25.6,1485.464, NAN, NAN, NAN, NAN,,2024/04/04 13:45:47.832,2024-04-04 13:45:47.832000+00:00
2024/04/04, 13:46:47.832,36.028,-74.997,10.9,49.34,54.39,10.44,10.4,10.4,997.8,997.7,0.0,0.0,13.74,11.62,77,70,6.4,7.0,92.4,92.5,7.0,6.8,173.2,165.0,999.9,999.8,599.28,299.12,2063.89,32.5034,9.5757,247.3,26.1,1485.334, NAN, NAN, NAN, NAN,,2024/04/04 13:46:47.832,2024-04-04 13:46:47.832000+00:00
2024/04/04, 13:47:47.832,36.029,-74.994,10.85,49.34,52.94,10.47,10.4,10.4,997.8,997.8,0.0,0.0,13.74,11.62,78,71,5.9,6.6,92.3,92.4,6.7,6.6,177.2,168.4,999.9,999.9,611.03,299.01,2074.44,32.503,9.5434,248.0,25.8,1485.216, NAN, NAN, NAN, NAN,,2024/04/04 13:47:47.832,2024-04-04 13:47:47.832000+00:00
2024/04/04, 13:48:47.832,36.031,-74.991,10.72,49.18,50.39,10.71,10.4,10.4,998.0,997.9,0.0,0.0,13.74,11.62,77,70,6.0,6.7,92.3,92.4,7.1,7.0,175.2,166.7,1000.1,1000.0,621.81,299.0,2078.05,32.5025,9.5184,252.1,25.9,1485.124, NAN, NAN, NAN, NAN,,2024/04/04 13:48:47.832,2024-04-04 13:48:47.832000+00:00
2024/04/04, 13:49:47.833,36.033,-74.988,10.76,49.4,50.76,10.25,10.4,10.4,997.9,998.0,0.0,0.0,13.74,11.62,81,75,6.4,7.0,92.3,92.4,7.5,7.5,173.8,166.8,1000.0,1000.1,622.95,298.97,2090.75,32.4955,9.5017,255.2,25.7,1485.054, NAN, NAN, NAN, NAN,,2024/04/04 13:49:47.833,2024-04-04 13:49:47.833000+00:00
2024/04/04, 13:50:47.833,36.034,-74.985,10.68,48.23,47.95,10.24,10.4,10.4,997.8,997.9,0.0,0.0,13.74,11.62,79,71,5.9,6.6,92.2,92.3,7.2,7.0,173.5,164.5,999.9,1000.0,618.39,299.15,2086.57,32.4947,9.484,256.4,25.4,1484.988, NAN, NAN, NAN, NAN,,2024/04/04 13:50:47.833,2024-04-04 13:50:47.833000+00:00
2024/04/04, 13:51:47.833,36.036,-74.982,10.87,47.65,47.81,10.54,10.4,10.4,997.9,998.0,0.0,0.0,13.74,11.62,83,74,5.7,6.3,92.2,92.3,7.2,6.9,178.3,169.6,1000.0,1000.1,631.82,299.38,2076.87,32.4957,9.4677,257.1,25.8,1484.93, NAN, NAN, NAN, NAN,,2024/04/04 13:51:47.833,2024-04-04 13:51:47.833000+00:00
2024/04/04, 13:52:47.833,36.038,-74.98,10.8,46.02,57.19,10.29,10.4,10.4,997.9,998.0,0.0,0.0,13.74,11.62,79,72,5.6,6.3,92.3,92.3,6.4,6.2,177.0,167.9,1000.0,1000.1,632.99,299.44,2083.93,32.5008,9.4912,255.5,26.0,1485.022, NAN, NAN, NAN, NAN,,2024/04/04 13:52:47.833,2024-04-04 13:52:47.833000+00:00
2024/04/04, 13:53:47.833,36.04,-74.977,10.86,47.0,51.28,10.26,10.4,10.4,997.7,997.8,0.0,0.0,13.74,11.62,80,72,5.8,6.4,92.3,92.4,6.8,6.6,175.5,166.9,999.8,999.9,630.81,299.47,2083.63,32.5044,9.5929,251.3,25.9,1485.398, NAN, NAN, NAN, NAN,,2024/04/04 13:53:47.833,2024-04-04 13:53:47.833000+00:00
2024/04/04, 13:54:47.833,36.042,-74.974,11.04,47.01,47.64,10.19,10.4,10.4,998.0,997.9,0.0,0.0,13.74,11.62,84,76,5.4,6.1,92.3,92.5,7.0,6.9,179.0,170.3,1000.1,1000.0,637.71,299.22,2085.36,32.5085,9.6899,249.4,25.9,1485.757, NAN, NAN, NAN, NAN,,2024/04/04 13:54:47.833,2024-04-04 13:54:47.833000+00:00
2024/04/04, 13:55:47.833,36.044,-74.971,10.81,43.94,49.08,10.05,10.4,10.4,997.8,997.8,0.0,0.0,13.74,11.62,86,74,4.8,5.8,92.3,92.4,6.7,6.5,180.3,167.4,999.9,999.9,652.43,299.71,2094.47,32.5112,9.7603,242.4,25.8,1486.017, NAN, NAN, NAN, NAN,,2024/04/04 13:55:47.833,2024-04-04 13:55:47.833000+00:00
2024/04/04, 13:56:47.833,36.046,-74.969,10.89,45.91,49.5,10.15,10.4,10.4,998.0,997.9,0.0,0.0,13.74,11.62,87,76,5.2,5.8,92.2,92.3,6.9,6.5,181.3,171.5,1000.1,1000.0,649.91,299.57,2099.32,32.508,9.7619,238.1,26.0,1486.019, NAN, NAN, NAN, NAN,,2024/04/04 13:56:47.833,2024-04-04 13:56:47.833000+00:00
2024/04/04, 13:57:47.833,36.047,-74.966,10.82,45.56,49.1,10.36,10.5,10.4,998.0,998.0,0.0,0.0,13.74,11.62,88,79,5.2,5.5,92.1,92.3,7.1,6.6,182.1,175.6,1000.1,1000.1,653.7,299.61,2103.52,32.5245,9.777,235.4,26.0,1486.094, NAN, NAN, NAN, NAN,,2024/04/04 13:57:47.833,2024-04-04 13:57:47.833000+00:00
2024/04/04, 13:58:47.833,36.049,-74.963,10.98,45.35,48.19,10.28,10.5,10.5,998.1,998.0,0.0,0.0,13.74,11.62,86,77,5.0,5.7,92.0,92.2,7.0,6.8,180.5,171.6,1000.2,1000.1,647.72,300.07,2090.76,32.5369,9.8066,228.4,25.9,1486.216, NAN, NAN, NAN, NAN,,2024/04/04 13:58:47.833,2024-04-04 13:58:47.833000+00:00
2024/04/04, 13:59:47.833,36.051,-74.961,10.94,43.31,43.39,10.35,10.5,10.5,998.1,998.2,0.0,0.0,13.74,11.62,84,74,4.6,5.3,92.0,92.2,6.5,6.2,181.8,172.1,1000.2,1000.3,659.09,300.29,2101.67,32.5306,9.8445,231.2,25.8,1486.346, NAN, NAN, NAN, NAN,,2024/04/04 13:59:47.833,2024-04-04 13:59:47.833000+00:00
2024/04/04, 14:00:47.833,36.053,-74.958,10.88,42.52,45.39,9.92,10.5,10.5,997.9,997.9,0.0,0.0,13.74,11.62,84,76,4.8,5.5,92.0,92.2,6.5,6.3,177.9,168.9,1000.0,1000.0,663.65,300.38,2120.97,32.5284,9.891,233.2,25.5,1486.512, NAN, NAN, NAN, NAN,,2024/04/04 14:00:47.833,2024-04-04 14:00:47.833000+00:00
2024/04/04, 14:01:47.833,36.055,-74.956,10.78,40.44,45.65,10.35,10.5,10.5,998.1,998.1,0.0,0.0,13.74,11.62,87,78,4.8,5.4,91.9,92.2,6.8,6.5,178.8,170.5,1000.2,1000.2,680.05,300.24,2125.48,32.5288,9.9327,232.7,25.8,1486.664, NAN, NAN, NAN, NAN,,2024/04/04 14:01:47.833,2024-04-04 14:01:47.833000+00:00
2024/04/04, 14:02:47.833,36.058,-74.953,11.03,40.93,45.18,10.51,10.5,10.5,998.0,998.1,0.0,0.0,13.74,11.62,92,81,4.8,5.5,91.9,92.2,7.0,6.7,183.1,173.4,1000.1,1000.2,679.44,300.26,2138.57,32.541,9.9556,231.4,25.9,1486.761, NAN, NAN, NAN, NAN,,2024/04/04 14:02:47.833,2024-04-04 14:02:47.833000+00:00
2024/04/04, 14:03:47.833,36.06,-74.951,10.84,40.79,46.21,10.55,10.5,10.5,998.0,997.9,0.0,0.0,13.74,11.62,91,79,4.8,5.5,91.8,92.1,6.9,6.5,182.9,172.6,1000.1,1000.0,686.79,300.24,2139.36,32.5545,9.9612,226.0,25.8,1486.798, NAN, NAN, NAN, NAN,,2024/04/04 14:03:47.833,2024-04-04 14:03:47.833000+00:00
2024/04/04, 14:04:47.833,36.062,-74.949,10.86,41.93,45.42,10.33,10.5,10.5,998.1,998.0,0.0,0.0,13.74,11.62,87,80,4.6,5.2,91.8,92.1,6.7,6.6,181.4,174.1,1000.2,1000.1,685.21,300.23,2148.7,32.5655,9.9725,227.5,25.8,1486.852, NAN, NAN, NAN, NAN,,2024/04/04 14:04:47.833,2024-04-04 14:04:47.833000+00:00
2024/04/04, 14:05:47.834,36.064,-74.946,10.96,40.44,44.8,10.3,10.5,10.5,998.0,998.1,0.0,0.0,13.74,11.62,83,76,4.2,5.1,91.8,92.1,6.0,6.0,182.8,172.6,1000.1,1000.2,680.56,300.18,2159.11,32.571,9.9754,226.5,25.6,1486.869, NAN, NAN, NAN, NAN,,2024/04/04 14:05:47.834,2024-04-04 14:05:47.834000+00:00
2024/04/04, 14:06:47.834,36.066,-74.944,11.2,40.89,51.13,10.54,10.5,10.5,998.2,998.0,0.0,0.0,13.74,11.62,85,75,4.3,5.2,91.8,92.1,6.1,5.8,186.1,174.6,1000.3,1000.1,680.42,300.49,2136.51,32.5743,9.9749,225.8,25.9,1486.872, NAN, NAN, NAN, NAN,,2024/04/04 14:06:47.834,2024-04-04 14:06:47.834000+00:00
2024/04/04, 14:07:47.834,36.068,-74.941,11.13,40.91,39.45,10.38,10.6,10.5,998.4,998.1,0.0,0.0,13.74,11.62,87,77,4.3,5.2,91.8,92.1,6.5,6.3,182.9,172.0,1000.5,1000.2,687.48,300.54,2130.53,32.5786,9.9811,225.2,25.5,1486.899, NAN, NAN, NAN, NAN,,2024/04/04 14:07:47.834,2024-04-04 14:07:47.834000+00:00
2024/04/04, 14:08:47.834,36.07,-74.939,10.97,41.02,41.92,10.59,10.6,10.6,998.3,998.3,0.0,0.0,13.74,11.62,95,81,4.2,4.7,91.7,91.9,7.1,6.5,185.9,177.1,1000.4,1000.4,686.68,300.7,2111.8,32.5779,9.9945,226.8,26.0,1486.947, NAN, NAN, NAN, NAN,,2024/04/04 14:08:47.834,2024-04-04 14:08:47.834000+00:00
2024/04/04, 14:09:47.834,36.072,-74.936,11.09,42.04,42.81,10.73,10.6,10.6,998.2,998.1,0.0,0.0,13.74,11.62,85,74,3.9,4.7,91.5,91.8,6.4,6.1,186.3,176.1,1000.3,1000.2,685.26,300.33,2112.34,32.5827,9.9886,227.8,26.4,1486.931, NAN, NAN, NAN, NAN,,2024/04/04 14:09:47.834,2024-04-04 14:09:47.834000+00:00
2024/04/04, 14:10:47.834,36.075,-74.934,11.23,41.65,47.02,10.66,10.6,10.6,998.2,998.0,0.0,0.0,13.74,11.62,88,76,4.0,4.7,91.4,91.7,6.3,5.9,188.7,178.7,1000.3,1000.1,688.59,300.76,2127.65,32.5875,10.0032,229.6,26.4,1486.99, NAN, NAN, NAN, NAN,,2024/04/04 14:10:47.834,2024-04-04 14:10:47.834000+00:00
2024/04/04, 14:11:47.834,36.077,-74.931,10.86,41.61,41.85,10.48,10.6,10.6,998.0,997.9,0.0,0.0,13.74,11.62,91,79,4.0,4.7,91.4,91.6,6.9,6.6,184.0,174.6,1000.1,1000.0,680.62,300.56,2126.3,32.5949,10.0259,226.8,25.9,1487.081, NAN, NAN, NAN, NAN,,2024/04/04 14:11:47.834,2024-04-04 14:11:47.834000+00:00
2024/04/04, 14:12:47.834,36.079,-74.929,10.9,38.79,39.54,10.14,10.6,10.6,998.2,998.3,0.0,0.0,13.74,11.62,97,78,3.6,4.3,91.4,91.7,6.6,6.0,187.2,175.2,1000.3,1000.4,690.05,300.43,2114.26,32.5915,10.0188,224.8,26.0,1487.051, NAN, NAN, NAN, NAN,,2024/04/04 14:12:47.834,2024-04-04 14:12:47.834000+00:00
2024/04/04, 14:13:47.834,36.081,-74.927,10.96,39.23,41.66,10.59,10.6,10.6,998.2,998.1,0.0,0.0,13.74,11.62,90,76,3.6,4.4,91.4,91.7,6.4,6.0,187.2,176.3,1000.3,1000.2,691.06,300.81,2119.02,32.5958,9.9842,225.2,26.3,1486.931, NAN, NAN, NAN, NAN,,2024/04/04 14:13:47.834,2024-04-04 14:13:47.834000+00:00
2024/04/04, 14:14:47.834,36.083,-74.924,10.99,40.64,33.95,10.45,10.6,10.6,998.2,998.1,0.0,0.0,13.74,11.62,93,80,3.8,4.1,91.4,91.7,6.9,6.4,184.1,177.5,1000.3,1000.2,693.5,300.67,2117.82,32.6039,9.9652,221.5,26.3,1486.873, NAN, NAN, NAN, NAN,,2024/04/04 14:14:47.834,2024-04-04 14:14:47.834000+00:00
2024/04/04, 14:15:47.834,36.085,-74.922,11.01,39.6,35.56,10.35,10.7,10.6,998.2,998.1,0.0,0.0,13.74,11.62,87,74,3.8,4.5,91.3,91.6,6.5,6.0,182.1,172.1,1000.3,1000.2,689.73,300.5,2111.35,32.609,9.9185,222.6,26.6,1486.71, NAN, NAN, NAN, NAN,,2024/04/04 14:15:47.834,2024-04-04 14:15:47.834000+00:00
2024/04/04, 14:16:47.834,36.088,-74.919,11.06,38.93,42.81,10.55,10.7,10.6,998.1,998.0,0.0,0.0,13.74,11.62,90,80,3.9,4.4,91.2,91.5,6.6,6.3,184.3,177.0,1000.2,1000.1,694.47,300.61,2118.47,32.6068,9.8661,220.9,26.5,1486.517, NAN, NAN, NAN, NAN,,2024/04/04 14:16:47.834,2024-04-04 14:16:47.834000+00:00
2024/04/04, 14:17:47.834,36.09,-74.917,11.11,39.18,44.77,10.64,10.7,10.7,998.1,998.0,0.0,0.0,13.74,11.62,89,77,3.8,4.5,91.2,91.5,6.4,6.0,186.3,176.7,1000.2,1000.1,700.99,300.97,2123.39,32.6075,9.7968,218.4,26.4,1486.267, NAN, NAN, NAN, NAN,,2024/04/04 14:17:47.834,2024-04-04 14:17:47.834000+00:00
2024/04/04, 14:18:47.834,36.092,-74.915,11.09,40.29,37.89,10.68,10.7,10.7,998.0,998.1,0.0,0.0,13.74,11.62,94,80,3.3,3.8,91.2,91.5,6.6,6.2,189.8,182.0,1000.1,1000.2,697.78,301.26,2132.7,32.6023,9.7623,220.3,26.5,1486.135, NAN, NAN, NAN, NAN,,2024/04/04 14:18:47.834,2024-04-04 14:18:47.834000+00:00
2024/04/04, 14:19:47.834,36.094,-74.912,11.0,40.18,44.24,10.7,10.7,10.7,998.1,998.0,0.0,0.0,13.74,11.62,89,77,3.3,4.1,91.2,91.5,6.2,5.8,191.7,181.6,1000.2,1000.1,712.17,300.91,2131.07,32.5941,9.7483,221.5,26.3,1486.074, NAN, NAN, NAN, NAN,,2024/04/04 14:19:47.834,2024-04-04 14:19:47.834000+00:00
2024/04/04, 14:20:47.834,36.096,-74.91,10.94,38.69,38.47,10.45,10.7,10.7,998.1,998.1,0.0,0.0,13.74,11.62,88,75,3.2,4.0,91.1,91.5,6.2,5.8,187.0,176.6,1000.2,1000.2,713.25,301.05,2141.85,32.5795,9.7426,220.6,26.6,1486.036, NAN, NAN, NAN, NAN,,2024/04/04 14:20:47.834,2024-04-04 14:20:47.834000+00:00
2024/04/04, 14:21:47.835,36.099,-74.907,11.06,39.27,36.25,10.54,10.7,10.7,998.3,998.2,0.0,0.0,13.74,11.62,92,74,3.5,4.2,91.1,91.4,6.6,5.9,186.4,175.2,1000.4,1000.3,712.52,300.99,2138.59,32.5706,9.7382,217.2,26.8,1486.009, NAN, NAN, NAN, NAN,,2024/04/04 14:21:47.835,2024-04-04 14:21:47.835000+00:00
2024/04/04, 14:22:47.835,36.101,-74.905,11.06,40.09,37.23,10.48,10.7,10.7,998.2,998.1,0.0,0.0,13.74,11.62,81,67,3.0,4.0,91.1,91.4,5.7,5.3,189.7,176.8,1000.3,1000.2,715.06,300.96,2133.14,32.5653,9.7238,216.4,26.7,1485.95, NAN, NAN, NAN, NAN,,2024/04/04 14:22:47.835,2024-04-04 14:22:47.835000+00:00
2024/04/04, 14:23:47.835,36.103,-74.903,11.0,40.57,40.81,10.64,10.7,10.7,998.2,998.1,0.0,0.0,13.74,11.62,92,75,2.9,3.7,91.1,91.5,6.3,5.8,192.0,181.2,1000.3,1000.2,725.63,301.45,2139.05,32.5559,9.7166,215.1,26.5,1485.912, NAN, NAN, NAN, NAN,,2024/04/04 14:23:47.835,2024-04-04 14:23:47.835000+00:00
2024/04/04, 14:24:47.835,36.105,-74.9,10.95,40.31,40.19,10.69,10.7,10.7,998.2,998.1,0.0,0.0,13.74,11.62,86,70,2.8,3.8,91.1,91.5,6.0,5.6,191.9,179.4,1000.3,1000.2,722.85,301.54,2136.44,32.55,9.699,219.7,26.5,1485.841, NAN, NAN, NAN, NAN,,2024/04/04 14:24:47.835,2024-04-04 14:24:47.835000+00:00
2024/04/04, 14:25:47.835,36.108,-74.898,10.91,38.74,41.19,10.49,10.7,10.7,998.2,998.1,0.0,0.0,13.74,11.62,86,71,2.7,3.6,91.2,91.5,5.8,5.3,192.7,181.1,1000.3,1000.2,719.49,301.55,2141.24,32.545,9.6497,213.9,26.4,1485.655, NAN, NAN, NAN, NAN,,2024/04/04 14:25:47.835,2024-04-04 14:25:47.835000+00:00
2024/04/04, 14:26:47.835,36.11,-74.896,10.97,39.06,37.94,10.5,10.7,10.7,998.3,998.2,0.0,0.0,13.74,11.62,82,64,2.6,3.9,91.2,91.5,5.7,5.1,191.8,175.4,1000.4,1000.3,714.57,301.73,2143.06,32.5455,9.6074,215.7,26.6,1485.502, NAN, NAN, NAN, NAN,,2024/04/04 14:26:47.835,2024-04-04 14:26:47.835000+00:00
2024/04/04, 14:27:47.835,36.112,-74.894,10.85,41.25,38.24,10.6,10.7,10.7,998.3,998.2,0.0,0.0,13.74,11.62,84,68,2.6,3.7,91.2,91.5,5.9,5.4,193.3,179.8,1000.4,1000.3,728.64,301.86,2142.28,32.5432,9.5929,218.8,26.2,1485.446, NAN, NAN, NAN, NAN,,2024/04/04 14:27:47.835,2024-04-04 14:27:47.835000+00:00
2024/04/04, 14:28:47.835,36.114,-74.891,10.88,40.91,43.11,10.64,10.7,10.7,998.3,998.2,0.0,0.0,13.74,11.62,89,69,2.5,3.5,91.1,91.5,5.9,5.2,198.5,185.4,1000.4,1000.3,732.29,301.96,2137.52,32.5231,9.5857,226.8,26.5,1485.395, NAN, NAN, NAN, NAN,,2024/04/04 14:28:47.835,2024-04-04 14:28:47.835000+00:00
2024/04/04, 14:29:47.835,36.117,-74.889,10.92,41.1,41.37,10.45,10.7,10.7,998.2,998.0,0.0,0.0,13.74,11.62,84,66,2.8,3.8,91.1,91.5,5.8,5.2,191.5,178.0,1000.3,1000.1,731.07,301.82,2149.99,32.5047,9.5793,235.7,26.5,1485.349, NAN, NAN, NAN, NAN,,2024/04/04 14:29:47.835,2024-04-04 14:29:47.835000+00:00
2024/04/04, 14:30:47.835,36.119,-74.887,10.97,39.21,42.36,10.34,10.7,10.7,998.1,998.0,0.0,0.0,13.74,11.62,83,66,2.7,3.9,91.1,91.4,5.6,5.0,192.9,177.3,1000.2,1000.1,732.57,301.67,2153.96,32.4947,9.5689,236.3,26.7,1485.299, NAN, NAN, NAN, NAN,,2024/04/04 14:30:47.835,2024-04-04 14:30:47.835000+00:00
2024/04/04, 14:31:47.835,36.121,-74.884,10.99,38.93,42.2,10.63,10.7,10.7,998.2,998.2,0.0,0.0,13.74,11.62,76,62,2.7,3.7,91.1,91.4,5.3,4.8,193.1,180.3,1000.3,1000.3,738.59,301.86,2153.87,32.4896,9.5412,238.1,26.7,1485.192, NAN, NAN, NAN, NAN,,2024/04/04 14:31:47.835,2024-04-04 14:31:47.835000+00:00
2024/04/04, 14:32:47.835,36.123,-74.882,10.99,39.56,40.2,10.33,10.7,10.7,998.1,998.3,0.0,0.0,13.74,11.62,77,61,2.7,4.0,91.2,91.5,5.3,4.8,191.5,174.5,1000.2,1000.4,737.0,302.2,2160.94,32.4863,9.5211,241.8,26.5,1485.114, NAN, NAN, NAN, NAN,,2024/04/04 14:32:47.835,2024-04-04 14:32:47.835000+00:00
2024/04/04, 14:33:47.835,36.125,-74.88,10.96,39.26,38.68,10.17,10.7,10.7,998.1,998.0,0.0,0.0,13.74,11.62,86,68,2.6,3.7,91.2,91.5,5.7,5.1,192.2,177.6,1000.2,1000.1,738.57,302.14,2168.16,32.4831,9.5147,246.4,26.3,1485.087, NAN, NAN, NAN, NAN,,2024/04/04 14:33:47.835,2024-04-04 14:33:47.835000+00:00
2024/04/04, 14:34:47.835,36.128,-74.877,10.87,41.82,44.35,10.64,10.7,10.7,998.3,998.1,0.0,0.0,13.74,11.62,81,67,3.1,4.1,91.3,91.5,5.8,5.4,190.5,177.7,1000.4,1000.2,749.72,302.22,2166.98,32.4776,9.5056,250.0,26.4,1485.047, NAN, NAN, NAN, NAN,,2024/04/04 14:34:47.835,2024-04-04 14:34:47.835000+00:00
2024/04/04, 14:35:47.835,36.13,-74.875,10.93,38.27,42.03,10.54,10.7,10.7,998.1,998.1,0.0,0.0,13.74,11.62,77,59,2.7,4.2,91.3,91.5,5.2,4.5,194.2,174.4,1000.2,1000.2,748.07,302.23,2166.73,32.4756,9.4979,248.3,26.4,1485.016, NAN, NAN, NAN, NAN,,2024/04/04 14:35:47.835,2024-04-04 14:35:47.835000+00:00
2024/04/04, 14:36:47.835,36.132,-74.873,10.84,38.84,40.56,10.59,10.7,10.7,998.2,998.0,0.0,0.0,13.74,11.62,77,61,2.6,3.9,91.3,91.5,5.3,4.7,194.7,178.1,1000.3,1000.1,749.67,302.66,2177.39,32.4746,9.4901,248.0,26.4,1484.986, NAN, NAN, NAN, NAN,,2024/04/04 14:36:47.835,2024-04-04 14:36:47.835000+00:00
2024/04/04, 14:37:47.836,36.134,-74.87,10.95,38.48,37.83,10.29,10.7,10.7,998.3,998.2,0.0,0.0,13.74,11.62,77,62,2.4,3.5,91.3,91.5,5.4,4.9,190.8,176.8,1000.4,1000.3,747.0,302.63,2178.32,32.4726,9.4882,248.6,26.6,1484.977, NAN, NAN, NAN, NAN,,2024/04/04 14:37:47.836,2024-04-04 14:37:47.836000+00:00
2024/04/04, 14:38:47.836,36.136,-74.868,11.03,39.64,42.59,10.54,10.7,10.7,998.3,998.4,0.0,0.0,13.74,11.62,72,60,2.3,3.5,91.3,91.5,5.0,4.5,198.2,183.3,1000.4,1000.5,757.0,302.88,2192.93,32.4727,9.4879,245.7,26.6,1484.976, NAN, NAN, NAN, NAN,,2024/04/04 14:38:47.836,2024-04-04 14:38:47.836000+00:00
2024/04/04, 14:39:47.836,36.139,-74.866,11.05,38.53,44.45,10.55,10.7,10.7,998.1,998.2,0.0,0.0,13.74,11.62,75,61,2.7,4.1,91.3,91.5,5.2,4.7,193.7,175.8,1000.2,1000.3,763.78,303.03,2205.99,32.4732,9.4882,246.4,26.3,1484.978, NAN, NAN, NAN, NAN,,2024/04/04 14:39:47.836,2024-04-04 14:39:47.836000+00:00
2024/04/04, 14:40:47.836,36.141,-74.863,11.09,40.68,41.19,10.83,10.7,10.7,998.3,998.1,0.0,0.0,13.74,11.62,71,55,2.8,4.1,91.3,91.5,5.3,4.5,192.3,175.6,1000.4,1000.2,766.17,303.79,2219.61,32.4757,9.4832,246.0,26.3,1484.962, NAN, NAN, NAN, NAN,,2024/04/04 14:40:47.836,2024-04-04 14:40:47.836000+00:00
2024/04/04, 14:41:47.836,36.143,-74.861,11.25,38.99,37.35,10.52,10.7,10.7,998.3,998.2,0.0,0.0,13.74,11.62,75,60,2.6,3.6,91.3,91.5,5.3,4.7,191.5,178.6,1000.4,1000.3,778.56,305.39,2250.72,32.4791,9.4842,244.3,26.2,1484.97, NAN, NAN, NAN, NAN,,2024/04/04 14:41:47.836,2024-04-04 14:41:47.836000+00:00
2024/04/04, 14:42:47.836,36.145,-74.859,11.18,38.62,40.68,10.93,10.7,10.7,998.3,998.2,0.0,0.0,13.74,11.62,72,57,2.5,3.8,91.3,91.5,5.3,4.7,193.9,178.0,1000.4,1000.3,822.45,307.99,2328.95,32.4807,9.4931,245.4,26.7,1485.005, NAN, NAN, NAN, NAN,,2024/04/04 14:42:47.836,2024-04-04 14:42:47.836000+00:00
2024/04/04, 14:43:47.836,36.147,-74.856,11.1,38.83,39.54,10.52,10.7,10.7,998.3,998.2,0.0,0.0,13.74,11.62,75,57,2.6,4.0,91.3,91.5,5.2,4.5,193.5,175.1,1000.4,1000.3,868.41,310.39,2309.14,32.4857,9.5024,245.7,26.4,1485.045, NAN, NAN, NAN, NAN,,2024/04/04 14:43:47.836,2024-04-04 14:43:47.836000+00:00
2024/04/04, 14:44:47.836,36.15,-74.854,11.23,39.9,38.49,10.89,10.7,10.7,998.1,998.3,0.0,0.0,13.74,11.62,77,62,2.7,3.7,91.3,91.5,5.7,5.1,191.0,178.6,1000.2,1000.4,383.45,305.13,1267.86,32.4891,9.509,246.0,26.8,1485.073, NAN, NAN, NAN, NAN,,2024/04/04 14:44:47.836,2024-04-04 14:44:47.836000+00:00
2024/04/04, 14:45:47.836,36.152,-74.851,11.04,37.58,39.41,10.57,10.7,10.7,998.3,998.3,0.0,0.0,13.74,11.62,71,58,2.7,4.0,91.3,91.5,5.1,4.5,191.0,174.3,1000.4,1000.4,332.02,304.21,1145.78,32.4972,9.5162,242.1,26.4,1485.109, NAN, NAN, NAN, NAN,,2024/04/04 14:45:47.836,2024-04-04 14:45:47.836000+00:00
2024/04/04, 14:46:47.836,36.154,-74.849,10.92,39.08,40.14,10.56,10.7,10.7,998.2,998.4,0.0,0.0,13.74,11.62,77,62,3.0,4.1,91.4,91.6,5.6,5.0,187.6,173.2,1000.3,1000.5,589.68,307.53,1891.32,32.5002,9.5161,245.7,26.4,1485.113, NAN, NAN, NAN, NAN,,2024/04/04 14:46:47.836,2024-04-04 14:46:47.836000+00:00
2024/04/04, 14:47:47.836,36.156,-74.847,11.11,38.76,45.82,10.7,10.7,10.7,998.2,998.1,0.0,0.0,13.74,11.62,81,65,2.5,3.4,91.7,91.8,5.5,4.9,196.0,184.6,1000.3,1000.2,705.61,309.0,2496.62,32.5011,9.5262,245.7,26.7,1485.151, NAN, NAN, NAN, NAN,,2024/04/04 14:47:47.836,2024-04-04 14:47:47.836000+00:00
2024/04/04, 14:48:47.836,36.159,-74.844,11.12,38.78,44.58,10.59,10.7,10.7,998.3,998.1,0.0,0.0,13.74,11.62,76,63,2.6,3.9,91.9,92.0,5.2,4.8,194.9,178.7,1000.4,1000.2,905.83,313.16,2525.32,32.5022,9.5473,250.7,26.7,1485.229, NAN, NAN, NAN, NAN,,2024/04/04 14:48:47.836,2024-04-04 14:48:47.836000+00:00
2024/04/04, 14:49:47.836,36.161,-74.842,11.16,40.08,42.59,10.65,10.7,10.7,998.1,998.1,0.0,0.0,13.74,11.62,78,64,2.7,3.7,92.0,92.0,5.5,5.0,193.1,180.5,1000.2,1000.2,697.25,312.55,2131.8,32.507,9.5683,258.8,26.4,1485.312, NAN, NAN, NAN, NAN,,2024/04/04 14:49:47.836,2024-04-04 14:49:47.836000+00:00
2024/04/04, 14:50:47.836,36.163,-74.84,11.21,39.15,43.59,10.85,10.7,10.7,998.2,998.1,0.0,0.0,13.74,11.62,76,63,2.7,3.6,92.0,92.1,5.5,5.0,192.6,181.4,1000.3,1000.2,617.88,313.49,1923.78,32.5123,9.583,266.8,26.7,1485.372, NAN, NAN, NAN, NAN,,2024/04/04 14:50:47.836,2024-04-04 14:50:47.836000+00:00
2024/04/04, 14:51:47.836,36.165,-74.837,11.1,39.41,41.73,10.47,10.7,10.7,998.2,998.1,0.0,0.0,13.74,11.62,83,66,2.6,3.7,92.0,92.0,5.6,5.0,193.9,179.7,1000.3,1000.2,633.7,317.03,1973.15,32.5209,9.5932,272.3,26.5,1485.42, NAN, NAN, NAN, NAN,,2024/04/04 14:51:47.836,2024-04-04 14:51:47.836000+00:00
2024/04/04, 14:52:47.836,36.167,-74.835,11.08,39.43,37.55,10.62,10.7,10.7,998.2,998.2,0.0,0.0,13.74,11.62,75,60,2.7,3.8,92.0,92.0,5.5,4.9,190.1,176.1,1000.3,1000.3,516.56,317.5,1588.53,32.523,9.5984,278.4,26.7,1485.441, NAN, NAN, NAN, NAN,,2024/04/04 14:52:47.836,2024-04-04 14:52:47.836000+00:00
2024/04/04, 14:53:47.837,36.17,-74.832,11.13,39.5,43.73,10.65,10.7,10.7,998.1,998.2,0.0,0.0,13.74,11.62,70,56,2.6,4.1,92.0,92.1,5.1,4.6,192.8,173.7,1000.2,1000.3,599.67,318.59,2012.87,32.5269,9.6013,280.3,26.6,1485.457, NAN, NAN, NAN, NAN,,2024/04/04 14:53:47.837,2024-04-04 14:53:47.837000+00:00
2024/04/04, 14:54:47.837,36.172,-74.83,10.3,39.56,39.48,9.5,10.7,10.7,998.1,998.1,0.0,0.0,13.74,11.62,83,64,2.5,3.7,92.0,92.1,5.1,4.6,192.3,175.1,1000.2,1000.2,940.84,323.05,2718.17,32.5307,9.6013,277.2,26.9,1485.461, NAN, NAN, NAN, NAN,,2024/04/04 14:54:47.837,2024-04-04 14:54:47.837000+00:00
2024/04/04, 14:55:47.837,36.174,-74.828,7.82,73.36,54.7,7.32,10.7,10.7,998.3,998.3,0.0,0.0,13.74,11.62,99,87,3.6,3.6,92.2,92.2,6.2,5.7,205.8,200.0,1000.4,1000.4,954.25,322.28,2749.67,32.5343,9.5805,271.2,26.8,1485.39, NAN, NAN, NAN, NAN,,2024/04/04 14:55:47.837,2024-04-04 14:55:47.837000+00:00
2024/04/04, 14:56:47.837,36.174,-74.827,2.95,141.3,115.44,2.84,10.7,10.7,998.1,998.2,0.0,0.0,13.74,11.62,59,53,6.8,8.0,92.0,92.1,6.5,7.6,212.7,204.6,1000.2,1000.3,935.19,320.03,2796.94,32.5374,9.5693,266.5,26.7,1485.353, NAN, NAN, NAN, NAN,,2024/04/04 14:56:47.837,2024-04-04 14:56:47.837000+00:00
2024/04/04, 14:57:47.837,36.173,-74.826,0.74,162.06,126.59,0.78,10.7,10.7,998.1,998.1,0.0,0.0,13.74,11.62,36,32,5.6,7.4,92.0,92.1,5.5,7.3,202.0,197.0,1000.2,1000.2,884.61,317.78,2425.13,32.5414,9.5799,262.8,26.5,1485.396, NAN, NAN, NAN, NAN,,2024/04/04 14:57:47.837,2024-04-04 14:57:47.837000+00:00
2024/04/04, 14:58:47.837,36.173,-74.826,0.06,158.63,53.1,0.58,10.7,10.7,998.0,998.1,0.0,0.0,13.74,11.62,41,35,6.0,7.6,92.0,92.3,6.2,7.7,202.1,195.7,1000.1,1000.2,1040.45,320.03,3045.76,32.5366,9.5862,260.1,26.3,1485.413, NAN, NAN, NAN, NAN,,2024/04/04 14:58:47.837,2024-04-04 14:58:47.837000+00:00
2024/04/04, 14:59:47.837,36.173,-74.826,-0.15,168.25,334.01,0.47,10.7,10.7,998.2,998.3,0.0,0.0,13.74,11.62,39,33,4.8,5.9,92.3,92.4,5.0,6.1,207.9,202.0,1000.3,1000.4,699.79,319.2,2220.68,32.5452,9.5851,402.8,17.9,1485.42, NAN, NAN, NAN, NAN,,2024/04/04 14:59:47.837,2024-04-04 14:59:47.837000+00:00
2024/04/04, 15:00:47.837,36.173,-74.826,0.0,169.6,33.99,0.5,10.7,10.7,998.2,998.2,0.0,0.0,13.74,11.62,37,32,5.9,7.3,92.4,92.5,6.1,7.5,207.5,202.5,1000.3,1000.3,437.01,321.48,1549.89,32.519,9.575,268.6,22.5,1485.351, NAN, NAN, NAN, NAN,,2024/04/04 15:00:47.837,2024-04-04 15:00:47.837000+00:00
2024/04/04, 15:01:47.837,36.173,-74.826,-0.1,174.41,105.09,0.51,10.7,10.7,998.5,998.4,0.0,0.0,13.74,11.62,34,29,4.6,6.3,92.5,92.6,4.7,6.3,211.5,205.7,1000.6,1000.5,443.68,327.37,1528.53,32.5485,9.5703,270.5,26.3,1485.37, NAN, NAN, NAN, NAN,,2024/04/04 15:01:47.837,2024-04-04 15:01:47.837000+00:00
2024/04/04, 15:02:47.837,36.173,-74.826,-0.21,174.93,282.76,0.22,10.6,10.7,998.3,998.1,0.0,0.0,13.74,11.62,28,25,4.1,5.6,92.7,92.7,4.0,5.5,202.4,199.5,1000.4,1000.2,500.9,332.16,1705.12,32.5476,9.5546,271.2,26.3,1485.311, NAN, NAN, NAN, NAN,,2024/04/04 15:02:47.837,2024-04-04 15:02:47.837000+00:00
2024/04/04, 15:03:47.837,36.173,-74.825,-0.16,174.68,127.5,0.28,10.6,10.6,998.2,998.1,0.0,0.0,13.74,11.62,32,28,5.3,6.1,92.8,92.9,5.2,6.0,207.8,203.6,1000.3,1000.2,651.17,334.66,2115.46,32.5491,9.5468,268.6,27.1,1485.285, NAN, NAN, NAN, NAN,,2024/04/04 15:03:47.837,2024-04-04 15:03:47.837000+00:00
2024/04/04, 15:04:47.837,36.173,-74.825,-0.17,182.5,291.52,0.29,10.6,10.6,998.4,998.4,0.0,0.0,13.74,11.62,31,28,5.3,6.2,92.9,93.0,5.3,6.2,215.1,211.9,1000.5,1000.5,616.74,335.57,1994.8,32.5489,9.5435,272.0,26.7,1485.272, NAN, NAN, NAN, NAN,,2024/04/04 15:04:47.837,2024-04-04 15:04:47.837000+00:00
2024/04/04, 15:05:47.837,36.173,-74.825,-0.2,183.94,73.46,0.58,10.6,10.6,998.1,998.0,0.0,0.0,13.74,11.62,21,14,5.6,5.5,93.1,93.1,5.8,5.6,207.4,200.6,1000.2,1000.1,661.24,337.47,2139.44,32.5484,9.5411,272.3,26.7,1485.263, NAN, NAN, NAN, NAN,,2024/04/04 15:05:47.837,2024-04-04 15:05:47.837000+00:00
2024/04/04, 15:06:47.837,36.173,-74.825,-0.36,202.22,358.46,0.12,10.6,10.6,998.3,998.1,0.0,0.0,13.74,11.62,11,7,6.0,5.6,93.1,93.2,6.0,5.6,213.7,209.8,1000.4,1000.2,617.02,339.1,2175.86,32.5495,9.5374,273.2,27.0,1485.251, NAN, NAN, NAN, NAN,,2024/04/04 15:06:47.837,2024-04-04 15:06:47.837000+00:00
2024/04/04, 15:07:47.837,36.173,-74.825,-0.18,208.72,120.62,0.74,10.6,10.6,998.4,998.3,0.0,0.0,13.74,11.62,358,353,5.3,5.1,93.2,93.3,5.3,5.1,210.8,206.0,1000.5,1000.4,600.59,340.0,1936.72,32.5496,9.5327,272.3,27.5,1485.234, NAN, NAN, NAN, NAN,,2024/04/04 15:07:47.837,2024-04-04 15:07:47.837000+00:00
2024/04/04, 15:08:47.837,36.173,-74.825,-0.19,209.85,231.6,0.29,10.6,10.6,998.3,998.2,0.0,0.0,13.74,11.62,356,350,5.4,5.3,93.3,93.3,5.3,5.2,206.9,200.8,1000.4,1000.3,571.53,339.68,1902.08,32.5493,9.5213,271.2,27.1,1485.192, NAN, NAN, NAN, NAN,,2024/04/04 15:08:47.837,2024-04-04 15:08:47.837000+00:00
2024/04/04, 15:09:47.837,36.173,-74.825,-0.38,207.62,274.5,0.45,10.6,10.6,998.3,997.9,0.0,0.0,13.74,11.62,357,353,5.2,5.2,93.3,93.3,5.2,5.2,202.1,198.1,1000.4,1000.0,518.08,337.69,1759.98,32.5488,9.5067,268.4,26.9,1485.138, NAN, NAN, NAN, NAN,,2024/04/04 15:09:47.837,2024-04-04 15:09:47.837000+00:00
2024/04/04, 15:10:47.838,36.173,-74.825,-0.01,208.03,164.8,0.4,10.6,10.6,998.4,998.1,0.0,0.0,13.74,11.62,359,354,5.4,5.0,93.3,93.3,5.2,4.8,207.4,202.2,1000.5,1000.2,531.6,335.52,1787.78,32.5483,9.4956,265.2,32.4,1485.096, NAN, NAN, NAN, NAN,,2024/04/04 15:10:47.838,2024-04-04 15:10:47.838000+00:00
2024/04/04, 15:11:47.838,36.173,-74.825,0.46,209.03,206.76,0.7,10.6,10.6,998.1,998.2,0.0,0.0,13.74,11.62,0,355,5.6,5.6,93.3,93.4,5.2,5.2,209.2,203.9,1000.2,1000.3,497.55,332.83,1704.75,32.5491,9.4883,271.6,36.5,1485.071, NAN, NAN, NAN, NAN,,2024/04/04 15:11:47.838,2024-04-04 15:11:47.838000+00:00
2024/04/04, 15:12:47.838,36.173,-74.825,0.91,208.2,138.26,0.77,10.6,10.6,998.2,998.1,0.0,0.0,13.74,11.62,359,354,6.1,6.0,93.3,93.4,5.7,5.6,208.2,202.9,1000.3,1000.2,531.81,331.47,1806.98,32.5509,9.4944,295.2,33.1,1485.095, NAN, NAN, NAN, NAN,,2024/04/04 15:12:47.838,2024-04-04 15:12:47.838000+00:00
2024/04/04, 15:13:47.838,36.172,-74.825,1.1,207.28,143.57,1.4,10.6,10.6,998.1,998.1,0.0,0.0,13.74,11.62,356,349,5.7,5.6,93.4,93.4,5.1,5.0,208.1,200.4,1000.2,1000.2,635.49,332.71,2119.95,32.5524,9.5556,315.3,32.8,1485.321, NAN, NAN, NAN, NAN,,2024/04/04 15:13:47.838,2024-04-04 15:13:47.838000+00:00
2024/04/04, 15:14:47.838,36.172,-74.826,0.02,207.9,220.99,1.6,10.6,10.6,998.3,998.1,0.0,0.0,13.74,11.62,359,355,6.2,6.0,93.4,93.4,5.4,5.2,205.9,201.2,1000.4,1000.2,604.22,335.24,1984.12,32.5488,9.5925,351.0,33.1,1485.451, NAN, NAN, NAN, NAN,,2024/04/04 15:14:47.838,2024-04-04 15:14:47.838000+00:00
2024/04/04, 15:15:47.838,36.172,-74.826,1.0,208.26,185.83,1.37,10.6,10.6,998.1,998.3,0.0,0.0,13.74,11.62,359,354,6.0,5.7,93.5,93.5,5.3,5.0,208.6,203.0,1000.2,1000.4,545.56,337.5,1821.1,32.5507,9.6157,386.0,33.0,1485.538, NAN, NAN, NAN, NAN,,2024/04/04 15:15:47.838,2024-04-04 15:15:47.838000+00:00
2024/04/04, 15:16:47.838,36.171,-74.826,0.56,207.84,215.23,0.93,10.6,10.6,998.2,998.3,0.0,0.0,13.74,11.62,2,355,6.0,5.8,93.4,93.5,5.5,5.3,209.4,201.8,1000.3,1000.4,657.44,340.72,2257.37,32.5381,9.6319,407.0,32.9,1485.582, NAN, NAN, NAN, NAN,,2024/04/04 15:16:47.838,2024-04-04 15:16:47.838000+00:00
2024/04/04, 15:17:47.838,36.171,-74.826,0.45,207.96,252.52,0.52,10.6,10.7,998.1,998.0,0.0,0.0,13.74,11.62,3,355,5.8,5.6,93.4,93.5,5.5,5.3,210.8,202.4,1000.2,1000.1,502.26,342.85,1688.98,32.5518,9.6385,383.8,32.5,1485.623, NAN, NAN, NAN, NAN,,2024/04/04 15:17:47.838,2024-04-04 15:17:47.838000+00:00
2024/04/04, 15:18:47.838,36.171,-74.826,0.23,208.79,331.04,0.79,10.7,10.7,998.2,998.1,0.0,0.0,13.74,11.62,1,356,5.5,5.7,93.4,93.5,5.5,5.7,205.6,200.7,1000.3,1000.2,428.84,345.9,1510.47,32.5525,9.6423,357.4,31.3,1485.637, NAN, NAN, NAN, NAN,,2024/04/04 15:18:47.838,2024-04-04 15:18:47.838000+00:00
2024/04/04, 15:19:47.838,36.171,-74.826,0.04,208.61,294.12,0.23,10.7,10.7,998.1,998.3,0.0,0.0,13.74,11.62,2,355,5.9,5.7,93.3,93.4,5.9,5.7,209.5,202.4,1000.2,1000.4,398.71,348.55,1438.02,32.5517,9.6467,344.1,31.2,1485.652, NAN, NAN, NAN, NAN,,2024/04/04 15:19:47.838,2024-04-04 15:19:47.838000+00:00
2024/04/04, 15:20:47.838,36.171,-74.826,-0.08,208.55,291.21,0.13,10.7,10.7,998.4,998.4,0.0,0.0,13.74,11.62,0,353,5.4,5.3,93.3,93.4,5.3,5.2,208.3,201.2,1000.5,1000.5,389.3,349.57,1414.73,32.548,9.6518,345.9,31.4,1485.667, NAN, NAN, NAN, NAN,,2024/04/04 15:20:47.838,2024-04-04 15:20:47.838000+00:00
2024/04/04, 15:21:47.838,36.171,-74.826,-0.23,208.61,99.74,0.18,10.7,10.7,998.1,998.0,0.0,0.0,13.74,11.62,2,357,5.8,5.5,93.4,93.5,5.8,5.5,211.5,206.5,1000.2,1000.1,393.76,348.45,1425.8,32.5483,9.6444,356.0,31.6,1485.64, NAN, NAN, NAN, NAN,,2024/04/04 15:21:47.838,2024-04-04 15:21:47.838000+00:00
2024/04/04, 15:22:47.838,36.171,-74.826,-0.3,207.69,146.52,0.18,10.7,10.7,998.0,998.0,0.0,0.0,13.74,11.62,0,355,5.5,5.4,93.3,93.4,5.5,5.4,208.6,203.5,1000.1,1000.1,427.43,346.74,1507.21,32.5498,9.6403,370.2,31.6,1485.627, NAN, NAN, NAN, NAN,,2024/04/04 15:22:47.838,2024-04-04 15:22:47.838000+00:00
2024/04/04, 15:23:47.838,36.171,-74.826,-0.45,209.26,246.22,0.3,10.7,10.7,998.1,998.1,0.0,0.0,13.74,11.62,1,354,5.8,5.4,93.4,93.4,5.7,5.3,209.2,201.9,1000.2,1000.2,490.19,345.59,1661.38,32.5515,9.577,390.5,31.3,1485.398, NAN, NAN, NAN, NAN,,2024/04/04 15:23:47.838,2024-04-04 15:23:47.838000+00:00
2024/04/04, 15:24:47.838,36.171,-74.826,-0.14,207.76,225.81,0.33,10.7,10.7,998.1,998.2,0.0,0.0,13.74,11.62,1,356,5.6,5.6,93.3,93.4,5.4,5.4,208.2,203.1,1000.2,1000.3,543.65,345.36,1789.83,32.5474,9.5205,406.2,31.8,1485.186, NAN, NAN, NAN, NAN,,2024/04/04 15:24:47.838,2024-04-04 15:24:47.838000+00:00
2024/04/04, 15:25:47.838,36.171,-74.826,-0.45,210.06,14.61,0.43,10.7,10.7,998.4,998.2,0.0,0.0,13.74,11.62,0,355,5.4,5.2,93.3,93.4,5.6,5.4,210.1,205.3,1000.5,1000.3,601.36,344.31,1963.77,32.5533,9.4659,420.0,31.4,1484.994, NAN, NAN, NAN, NAN,,2024/04/04 15:25:47.838,2024-04-04 15:25:47.838000+00:00
2024/04/04, 15:26:47.839,36.171,-74.826,-0.28,207.92,305.71,0.56,10.7,10.7,998.1,998.1,0.0,0.0,13.74,11.62,1,355,5.7,5.6,93.3,93.4,5.7,5.7,206.1,200.1,1000.2,1000.2,588.1,341.81,1894.26,32.5515,9.4366,429.4,31.7,1484.884, NAN, NAN, NAN, NAN,,2024/04/04 15:26:47.839,2024-04-04 15:26:47.839000+00:00
2024/04/04, 15:27:47.839,36.171,-74.826,-0.31,209.56,73.64,0.44,10.7,10.7,998.2,998.0,0.0,0.0,13.74,11.62,358,352,5.9,5.7,93.2,93.3,6.0,5.8,209.3,203.5,1000.3,1000.1,569.44,338.32,1849.22,32.5535,9.4293,448.9,31.6,1484.86, NAN, NAN, NAN, NAN,,2024/04/04 15:27:47.839,2024-04-04 15:27:47.839000+00:00
2024/04/04, 15:28:47.839,36.171,-74.826,-0.1,209.14,290.44,0.11,10.7,10.7,998.1,998.1,0.0,0.0,13.74,11.62,357,353,5.6,5.7,93.2,93.2,5.5,5.6,206.1,202.1,1000.2,1000.2,571.74,334.55,1840.22,32.5554,9.4214,437.6,32.8,1484.833, NAN, NAN, NAN, NAN,,2024/04/04 15:28:47.839,2024-04-04 15:28:47.839000+00:00
2024/04/04, 15:29:47.839,36.171,-74.826,-0.28,209.25,30.06,0.19,10.7,10.7,998.0,997.8,0.0,0.0,13.74,11.62,359,352,5.7,5.4,93.2,93.2,5.8,5.5,209.0,202.1,1000.1,999.9,588.52,332.72,1882.02,32.5535,9.4234,438.2,33.3,1484.838, NAN, NAN, NAN, NAN,,2024/04/04 15:29:47.839,2024-04-04 15:29:47.839000+00:00
2024/04/04, 15:30:47.839,36.171,-74.826,-0.25,208.65,225.39,0.12,10.7,10.7,997.9,997.9,0.0,0.0,13.74,11.62,358,353,5.8,5.9,92.9,93.1,5.8,5.9,206.1,201.1,1000.0,1000.0,547.24,330.25,1754.78,32.544,9.4196,443.3,32.9,1484.813, NAN, NAN, NAN, NAN,,2024/04/04 15:30:47.839,2024-04-04 15:30:47.839000+00:00
2024/04/04, 15:31:47.839,36.171,-74.826,-0.31,207.94,138.24,0.86,10.7,10.7,998.1,998.0,0.0,0.0,13.74,11.62,358,352,5.7,5.5,92.8,93.0,5.6,5.4,210.3,204.4,1000.2,1000.1,665.08,328.11,1923.15,32.5526,9.4172,440.3,33.2,1484.814, NAN, NAN, NAN, NAN,,2024/04/04 15:31:47.839,2024-04-04 15:31:47.839000+00:00
2024/04/04, 15:32:47.839,36.171,-74.826,-0.2,209.52,245.51,0.36,10.7,10.8,998.1,997.9,0.0,0.0,13.74,11.62,0,354,5.8,5.6,92.8,92.9,5.6,5.4,210.0,203.8,1000.2,1000.0,862.91,325.24,2424.92,32.5534,9.4037,448.9,33.1,1484.766, NAN, NAN, NAN, NAN,,2024/04/04 15:32:47.839,2024-04-04 15:32:47.839000+00:00
2024/04/04, 15:33:47.839,36.171,-74.826,0.02,209.67,295.6,0.41,10.8,10.8,998.0,998.0,0.0,0.0,13.74,11.62,359,353,5.7,5.6,92.7,92.8,5.7,5.6,206.6,200.5,1000.1,1000.1,519.07,318.97,1744.3,32.5505,9.3903,446.2,32.9,1484.713, NAN, NAN, NAN, NAN,,2024/04/04 15:33:47.839,2024-04-04 15:33:47.839000+00:00
2024/04/04, 15:34:47.839,36.171,-74.826,-0.29,209.31,153.47,0.63,10.8,10.8,997.8,998.0,0.0,0.0,13.74,11.62,359,353,5.3,5.2,92.6,92.7,5.4,5.2,211.7,205.9,999.9,1000.1,1026.01,321.17,2847.89,32.5543,9.3972,439.6,33.6,1484.743, NAN, NAN, NAN, NAN,,2024/04/04 15:34:47.839,2024-04-04 15:34:47.839000+00:00
2024/04/04, 15:35:47.839,36.171,-74.826,-0.15,210.0,342.05,0.17,10.8,10.8,997.9,997.8,0.0,0.0,13.74,11.62,357,351,5.2,5.3,92.5,92.7,5.2,5.3,206.1,200.1,1000.0,999.9,998.36,319.08,2787.45,32.5542,9.4391,436.1,33.6,1484.897, NAN, NAN, NAN, NAN,,2024/04/04 15:35:47.839,2024-04-04 15:35:47.839000+00:00
2024/04/04, 15:36:47.839,36.171,-74.826,-0.31,209.13,138.06,0.75,10.8,10.8,998.1,997.9,0.0,0.0,13.74,11.62,358,352,5.4,5.2,92.4,92.6,5.4,5.1,211.2,205.3,1000.2,1000.0,760.85,315.71,1969.85,32.5553,9.4633,447.3,32.8,1484.987, NAN, NAN, NAN, NAN,,2024/04/04 15:36:47.839,2024-04-04 15:36:47.839000+00:00
2024/04/04, 15:37:47.839,36.171,-74.826,-0.13,209.87,332.33,0.46,10.8,10.8,997.9,997.9,0.0,0.0,13.74,11.62,354,351,5.1,5.2,92.3,92.4,5.3,5.4,201.9,199.0,1000.0,1000.0,579.35,312.97,1817.12,32.5558,9.4814,440.6,33.2,1485.054, NAN, NAN, NAN, NAN,,2024/04/04 15:37:47.839,2024-04-04 15:37:47.839000+00:00
2024/04/04, 15:38:47.839,36.171,-74.826,-0.1,208.33,141.5,0.81,10.8,10.8,998.0,997.9,0.0,0.0,13.74,11.62,358,351,5.5,5.3,92.2,92.3,5.4,5.1,210.5,203.5,1000.1,1000.0,741.8,315.36,2203.25,32.5556,9.4753,433.9,33.8,1485.031, NAN, NAN, NAN, NAN,,2024/04/04 15:38:47.839,2024-04-04 15:38:47.839000+00:00
2024/04/04, 15:39:47.839,36.171,-74.826,-0.25,208.97,267.89,0.18,10.8,10.8,998.1,998.0,0.0,0.0,13.74,11.62,354,350,5.2,5.2,92.1,92.3,5.2,5.2,202.0,198.0,1000.2,1000.1,528.11,314.04,1699.64,32.5565,9.4561,430.2,33.1,1484.962, NAN, NAN, NAN, NAN,,2024/04/04 15:39:47.839,2024-04-04 15:39:47.839000+00:00
2024/04/04, 15:40:47.839,36.171,-74.826,-0.4,210.37,29.67,0.33,10.8,10.8,998.1,998.0,0.0,0.0,13.74,11.62,353,348,5.1,5.1,92.1,92.2,5.3,5.3,203.1,198.2,1000.2,1000.1,646.2,315.01,1972.79,32.5567,9.4558,430.8,33.2,1484.961, NAN, NAN, NAN, NAN,,2024/04/04 15:40:47.839,2024-04-04 15:40:47.839000+00:00
2024/04/04, 15:41:47.839,36.171,-74.826,-0.35,208.66,143.8,0.51,10.8,10.8,998.0,998.0,0.0,0.0,13.74,11.62,353,345,4.9,4.9,92.0,92.1,4.8,4.7,204.4,196.1,1000.1,1000.1,461.96,313.11,1567.37,32.5567,9.4959,429.4,33.6,1485.108, NAN, NAN, NAN, NAN,,2024/04/04 15:41:47.839,2024-04-04 15:41:47.839000+00:00
2024/04/04, 15:42:47.840,36.171,-74.826,-0.13,207.92,284.23,0.41,10.8,10.8,997.9,997.9,0.0,0.0,13.74,11.62,356,352,5.0,5.1,92.0,92.1,5.0,5.1,201.5,197.6,1000.0,1000.0,536.81,313.12,1762.06,32.5533,9.504,435.5,34.2,1485.133, NAN, NAN, NAN, NAN,,2024/04/04 15:42:47.840,2024-04-04 15:42:47.840000+00:00
2024/04/04, 15:43:47.840,36.171,-74.826,-0.36,209.17,105.76,0.48,10.8,10.9,998.1,997.8,0.0,0.0,13.74,11.62,358,353,4.8,4.6,92.0,92.1,4.9,4.7,210.0,205.2,1000.2,999.9,566.03,314.4,1849.97,32.5563,9.4915,425.7,34.0,1485.091, NAN, NAN, NAN, NAN,,2024/04/04 15:43:47.840,2024-04-04 15:43:47.840000+00:00
2024/04/04, 15:44:47.840,36.171,-74.826,-0.03,209.78,18.19,0.09,10.8,10.9,998.0,997.9,0.0,0.0,13.74,11.62,355,350,4.8,4.7,91.9,92.0,4.8,4.7,205.3,200.3,1000.1,1000.0,733.08,317.99,2262.24,32.5555,9.4756,422.4,34.3,1485.032, NAN, NAN, NAN, NAN,,2024/04/04 15:44:47.840,2024-04-04 15:44:47.840000+00:00
2024/04/04, 15:45:47.840,36.171,-74.826,-0.26,208.28,100.53,0.57,10.8,10.8,998.1,998.0,0.0,0.0,13.74,11.62,354,349,4.8,4.8,92.0,92.0,4.9,4.9,205.6,200.7,1000.2,1000.1,423.15,319.87,1446.31,32.5554,9.4661,427.2,34.4,1484.997, NAN, NAN, NAN, NAN,,2024/04/04 15:45:47.840,2024-04-04 15:45:47.840000+00:00
2024/04/04, 15:46:47.840,36.171,-74.826,-0.35,209.99,287.34,0.56,10.8,10.8,998.1,998.0,0.0,0.0,13.74,11.62,359,354,4.8,4.5,92.0,92.0,4.8,4.5,205.6,200.3,1000.2,1000.1,425.87,324.71,1526.98,32.5543,9.4659,422.4,34.5,1484.995, NAN, NAN, NAN, NAN,,2024/04/04 15:46:47.840,2024-04-04 15:46:47.840000+00:00
2024/04/04, 15:47:47.840,36.171,-74.826,-0.25,208.01,123.52,0.49,10.8,10.8,997.9,997.8,0.0,0.0,13.74,11.62,357,350,5.1,4.8,92.0,92.0,5.1,4.7,207.8,200.9,1000.0,999.9,526.95,329.81,1789.62,32.5562,9.4758,424.8,17.2,1485.034, NAN, NAN, NAN, NAN,,2024/04/04 15:47:47.840,2024-04-04 15:47:47.840000+00:00
2024/04/04, 15:48:47.840,36.171,-74.826,-0.32,209.51,110.62,0.48,10.8,10.8,997.7,997.9,0.0,0.0,13.74,11.62,358,351,5.1,4.9,91.9,91.9,5.1,4.9,210.3,203.4,999.8,1000.0,590.94,331.61,1929.08,32.5553,9.4834,418.0,0.0,1485.06, NAN, NAN, NAN, NAN,,2024/04/04 15:48:47.840,2024-04-04 15:48:47.840000+00:00
2024/04/04, 15:49:47.840,36.171,-74.826,-0.36,209.19,11.72,0.57,10.8,10.8,997.9,997.9,0.0,0.0,13.74,11.62,359,353,4.8,4.5,91.7,91.8,5.1,4.8,207.2,201.5,1000.0,1000.0,466.93,331.58,1623.78,32.5544,9.4996,430.8,0.0,1485.118, NAN, NAN, NAN, NAN,,2024/04/04 15:49:47.840,2024-04-04 15:49:47.840000+00:00
2024/04/04, 15:50:47.840,36.171,-74.826,-1.07,209.54,46.44,1.06,10.8,10.8,997.9,998.0,0.0,0.0,13.74,11.62,358,352,4.3,4.3,91.6,91.6,4.8,4.8,208.7,203.4,1000.0,1000.1,446.53,334.24,1574.47,32.5564,9.5266,429.7,0.0,1485.22, NAN, NAN, NAN, NAN,,2024/04/04 15:50:47.840,2024-04-04 15:50:47.840000+00:00
2024/04/04, 15:51:47.840,36.171,-74.825,-1.3,207.47,49.12,1.28,10.8,10.9,997.8,997.8,0.0,0.0,13.74,11.62,358,354,4.4,4.2,91.5,91.6,5.0,4.9,203.8,200.3,999.9,999.9,492.53,337.78,1678.82,32.5571,9.5427,435.8,0.0,1485.279, NAN, NAN, NAN, NAN,,2024/04/04 15:51:47.840,2024-04-04 15:51:47.840000+00:00
2024/04/04, 15:52:47.840,36.172,-74.825,-1.73,209.54,16.74,1.68,10.8,10.9,997.8,997.6,0.0,0.0,13.74,11.62,357,352,4.0,3.8,91.3,91.4,4.9,4.7,205.5,201.3,999.9,999.7,807.74,341.21,2466.68,32.5574,9.5767,425.4,0.0,1485.404, NAN, NAN, NAN, NAN,,2024/04/04 15:52:47.840,2024-04-04 15:52:47.840000+00:00
2024/04/04, 15:53:47.840,36.172,-74.825,-1.84,208.81,25.32,2.06,10.9,10.9,997.9,997.9,0.0,0.0,13.74,11.62,0,355,3.7,3.5,91.3,91.4,4.7,4.5,212.9,209.2,1000.0,1000.0,655.07,337.7,2058.05,32.5523,9.6015,382.0,0.0,1485.488, NAN, NAN, NAN, NAN,,2024/04/04 15:53:47.840,2024-04-04 15:53:47.840000+00:00
2024/04/04, 15:54:47.840,36.173,-74.824,-1.32,209.4,58.29,1.76,10.9,10.9,997.7,997.8,0.0,0.0,13.74,11.62,358,352,3.5,3.3,91.3,91.4,4.3,4.1,212.1,207.6,999.8,999.9,527.09,333.18,1737.75,32.5518,9.5487,338.5,0.0,1485.295, NAN, NAN, NAN, NAN,,2024/04/04 15:54:47.840,2024-04-04 15:54:47.840000+00:00
2024/04/04, 15:55:47.840,36.173,-74.824,-1.23,209.74,352.29,1.53,10.9,10.9,997.9,997.9,0.0,0.0,13.74,11.62,354,347,3.7,3.6,91.0,91.1,4.5,4.4,201.1,195.2,1000.0,1000.0,528.54,329.67,1780.46,32.5514,9.524,318.4,0.0,1485.204, NAN, NAN, NAN, NAN,,2024/04/04 15:55:47.840,2024-04-04 15:55:47.840000+00:00
2024/04/04, 15:56:47.840,36.173,-74.824,0.58,215.01,231.5,1.76,10.9,10.9,997.7,998.0,0.0,0.0,13.74,11.62,356,348,4.7,4.6,90.9,91.0,3.8,3.8,207.6,197.8,999.8,1000.1,663.12,327.74,2136.99,32.5515,9.5247,295.8,0.0,1485.207, NAN, NAN, NAN, NAN,,2024/04/04 15:56:47.840,2024-04-04 15:56:47.840000+00:00
2024/04/04, 15:57:47.840,36.172,-74.825,3.78,246.28,246.01,4.46,10.9,10.9,997.4,997.6,0.0,0.0,13.74,11.62,337,331,5.9,7.0,90.7,90.9,3.9,5.2,209.0,204.0,999.5,999.7,907.06,329.09,2571.61,32.5503,9.526,284.0,4.4,1485.21, NAN, NAN, NAN, NAN,,2024/04/04 15:57:47.840,2024-04-04 15:57:47.840000+00:00
2024/04/04, 15:58:47.841,36.172,-74.827,5.55,286.62,277.52,5.87,10.9,10.9,997.7,997.6,0.0,0.0,13.74,11.62,312,314,5.6,7.6,90.6,90.7,3.8,5.5,208.1,221.1,999.8,999.7,1175.13,332.75,3222.01,32.5536,9.5189,273.6,33.0,1485.188, NAN, NAN, NAN, NAN,,2024/04/04 15:58:47.841,2024-04-04 15:58:47.841000+00:00
2024/04/04, 15:59:47.841,36.173,-74.828,6.33,326.2,322.73,6.36,10.9,10.9,997.7,997.6,0.0,0.0,13.74,11.62,284,297,4.4,5.7,90.6,90.7,4.6,4.9,207.5,228.3,999.8,999.7,1215.3,336.51,3041.34,32.5535,9.5332,272.3,33.7,1485.24, NAN, NAN, NAN, NAN,,2024/04/04 15:59:47.841,2024-04-04 15:59:47.841000+00:00
2024/04/04, 16:00:47.841,36.175,-74.829,6.74,7.14,2.02,6.49,10.9,10.9,997.6,997.7,0.0,0.0,13.74,11.62,244,281,2.1,2.3,90.5,90.6,4.5,3.5,208.0,221.7,999.7,999.8,1107.9,341.62,2827.28,32.5532,9.5532,294.0,34.2,1485.313, NAN, NAN, NAN, NAN,,2024/04/04 16:00:47.841,2024-04-04 16:00:47.841000+00:00
2024/04/04, 16:01:47.841,36.176,-74.828,6.9,44.14,36.78,6.64,10.9,10.9,997.7,997.7,0.0,0.0,13.74,11.62,100,81,1.8,2.6,90.7,90.9,4.3,4.2,194.7,180.2,999.8,999.8,1051.14,346.8,2842.57,32.5536,9.5676,290.7,34.3,1485.366, NAN, NAN, NAN, NAN,,2024/04/04 16:01:47.841,2024-04-04 16:01:47.841000+00:00
2024/04/04, 16:02:47.841,36.178,-74.827,7.29,31.97,42.63,7.1,11.0,11.0,997.7,997.5,0.0,0.0,13.74,11.62,118,86,1.2,1.7,90.7,90.7,4.2,3.7,203.6,192.3,999.8,999.6,556.85,345.64,1763.34,32.5527,9.5847,278.7,34.3,1485.427, NAN, NAN, NAN, NAN,,2024/04/04 16:02:47.841,2024-04-04 16:02:47.841000+00:00
2024/04/04, 16:03:47.841,36.179,-74.825,7.67,29.05,32.72,7.31,11.0,11.0,997.7,997.8,0.0,0.0,13.74,11.62,117,71,0.9,1.6,90.2,90.2,4.2,3.5,200.7,186.8,999.8,999.9,584.11,348.51,1829.02,32.5516,9.5735,261.7,34.2,1485.385, NAN, NAN, NAN, NAN,,2024/04/04 16:03:47.841,2024-04-04 16:03:47.841000+00:00
2024/04/04, 16:04:47.841,36.181,-74.824,7.84,29.52,34.57,7.39,11.0,11.0,997.7,997.6,0.0,0.0,13.74,11.62,100,85,0.7,1.5,90.1,90.2,3.9,3.9,203.6,191.2,999.8,999.7,633.77,351.47,1926.42,32.5516,9.5864,248.6,34.3,1485.432, NAN, NAN, NAN, NAN,,2024/04/04 16:04:47.841,2024-04-04 16:04:47.841000+00:00
2024/04/04, 16:05:47.841,36.183,-74.823,7.96,29.92,36.55,7.41,11.0,11.0,997.7,997.6,0.0,0.0,13.74,11.62,94,48,0.8,2.2,89.9,90.1,3.9,2.7,201.8,179.2,999.8,999.7,570.21,352.79,1790.99,32.5549,9.5564,234.8,34.7,1485.327, NAN, NAN, NAN, NAN,,2024/04/04 16:05:47.841,2024-04-04 16:05:47.841000+00:00
2024/04/04, 16:06:47.841,36.185,-74.822,7.86,30.61,36.35,7.12,11.1,11.0,997.6,997.5,0.0,0.0,13.74,11.62,109,63,0.8,1.9,89.5,89.8,3.9,3.1,203.4,183.4,999.7,999.6,599.83,354.29,1864.11,32.5512,9.5203,223.6,34.5,1485.19, NAN, NAN, NAN, NAN,,2024/04/04 16:06:47.841,2024-04-04 16:06:47.841000+00:00
2024/04/04, 16:07:47.841,36.186,-74.82,7.8,29.46,31.29,7.49,11.1,11.1,997.6,997.4,0.0,0.0,13.74,11.62,94,25,0.6,1.9,89.4,89.6,3.9,2.2,202.5,191.7,999.7,999.5,538.15,354.97,1734.23,32.5528,9.4847,219.4,34.4,1485.062, NAN, NAN, NAN, NAN,,2024/04/04 16:07:47.841,2024-04-04 16:07:47.841000+00:00
2024/04/04, 16:08:47.841,36.188,-74.819,7.88,30.9,29.47,7.26,11.2,11.1,997.3,997.4,0.0,0.0,13.74,11.62,116,85,0.7,1.5,89.4,89.6,4.1,3.9,200.6,187.0,999.4,999.5,490.23,355.38,1635.56,32.544,9.4779,225.3,34.4,1485.026, NAN, NAN, NAN, NAN,,2024/04/04 16:08:47.841,2024-04-04 16:08:47.841000+00:00
2024/04/04, 16:09:47.841,36.19,-74.818,7.95,30.59,23.2,7.38,11.2,11.1,997.4,997.5,0.0,0.0,13.74,11.62,84,59,0.5,1.7,88.9,89.4,3.8,3.4,197.7,178.6,999.5,999.6,445.28,355.65,1530.84,32.5348,9.4804,233.0,34.5,1485.024, NAN, NAN, NAN, NAN,,2024/04/04 16:09:47.841,2024-04-04 16:09:47.841000+00:00
2024/04/04, 16:10:47.841,36.192,-74.817,7.87,30.85,27.1,7.33,11.2,11.1,997.4,997.3,0.0,0.0,13.74,11.62,104,64,0.6,1.4,88.6,89.1,4.0,3.5,199.7,186.2,999.5,999.4,426.27,356.11,1494.64,32.5241,9.4747,242.4,34.3,1484.99, NAN, NAN, NAN, NAN,,2024/04/04 16:10:47.841,2024-04-04 16:10:47.841000+00:00
2024/04/04, 16:11:47.841,36.194,-74.815,7.88,29.88,29.29,7.59,11.2,11.1,997.4,997.5,0.0,0.0,13.74,11.62,86,14,0.5,2.0,88.7,89.1,3.9,2.0,203.5,197.9,999.5,999.6,420.66,356.2,1478.32,32.5145,9.4661,251.0,34.5,1484.947, NAN, NAN, NAN, NAN,,2024/04/04 16:11:47.841,2024-04-04 16:11:47.841000+00:00
2024/04/04, 16:12:47.841,36.195,-74.814,7.89,29.22,32.6,7.41,11.2,11.1,997.4,997.4,0.0,0.0,13.74,11.62,49,23,0.4,1.6,88.7,89.1,3.6,2.4,205.5,195.9,999.5,999.5,427.17,356.7,1488.48,32.488,9.4234,261.7,34.5,1484.758, NAN, NAN, NAN, NAN,,2024/04/04 16:12:47.841,2024-04-04 16:12:47.841000+00:00
2024/04/04, 16:13:47.841,36.197,-74.813,7.92,29.99,30.23,7.39,11.1,11.1,997.4,997.4,0.0,0.0,13.74,11.62,75,25,0.5,2.0,88.5,88.9,3.7,2.2,202.5,187.0,999.5,999.5,389.37,356.17,1391.19,32.495,9.3968,275.6,34.6,1484.669, NAN, NAN, NAN, NAN,,2024/04/04 16:13:47.841,2024-04-04 16:13:47.841000+00:00
2024/04/04, 16:14:47.841,36.199,-74.811,8.04,28.89,29.58,7.53,11.1,11.1,997.4,997.4,0.0,0.0,13.74,11.62,53,20,0.6,2.1,88.5,89.0,3.5,2.0,202.0,189.6,999.5,999.5,366.72,356.41,1344.09,32.4853,9.3942,290.4,34.8,1484.648, NAN, NAN, NAN, NAN,,2024/04/04 16:14:47.841,2024-04-04 16:14:47.841000+00:00
2024/04/04, 16:15:47.842,36.201,-74.81,8.04,29.59,27.44,7.75,11.1,11.1,997.5,997.4,0.0,0.0,13.74,11.62,110,57,0.7,2.0,88.5,88.9,4.3,3.4,199.9,178.6,999.6,999.5,352.47,356.79,1314.58,32.4742,9.3974,304.9,34.8,1484.646, NAN, NAN, NAN, NAN,,2024/04/04 16:15:47.842,2024-04-04 16:15:47.842000+00:00
2024/04/04, 16:16:47.842,36.203,-74.809,8.04,29.11,42.05,7.71,11.1,11.1,997.4,997.4,0.0,0.0,13.74,11.62,161,27,0.4,1.3,88.4,88.9,4.3,2.8,215.2,209.0,999.5,999.5,347.83,356.69,1298.86,32.4584,9.3874,313.2,34.6,1484.59, NAN, NAN, NAN, NAN,,2024/04/04 16:16:47.842,2024-04-04 16:16:47.842000+00:00
2024/04/04, 16:17:47.842,36.204,-74.808,7.86,28.85,32.61,7.57,11.2,11.1,997.6,997.4,0.0,0.0,13.74,11.62,125,46,0.2,1.8,88.4,88.6,4.0,2.8,210.1,187.2,999.7,999.5,351.78,356.92,1303.24,32.4593,9.3895,319.3,34.4,1484.599, NAN, NAN, NAN, NAN,,2024/04/04 16:17:47.842,2024-04-04 16:17:47.842000+00:00
2024/04/04, 16:18:47.842,36.206,-74.806,7.99,29.75,27.32,7.72,11.2,11.1,997.5,997.4,0.0,0.0,13.74,11.62,184,266,0.7,1.3,88.3,88.7,4.7,4.2,209.7,226.8,999.6,999.5,363.99,357.17,1324.78,32.4551,9.4052,326.4,34.4,1484.651, NAN, NAN, NAN, NAN,,2024/04/04 16:18:47.842,2024-04-04 16:18:47.842000+00:00
2024/04/04, 16:19:47.842,36.208,-74.805,7.94,30.08,26.5,7.27,11.3,11.2,997.4,997.4,0.0,0.0,13.74,11.62,108,348,0.3,1.2,87.4,88.3,3.8,2.6,204.5,213.6,999.5,999.5,378.9,357.21,1346.69,32.4526,9.4114,332.8,34.5,1484.671, NAN, NAN, NAN, NAN,,2024/04/04 16:19:47.842,2024-04-04 16:19:47.842000+00:00
2024/04/04, 16:20:47.842,36.21,-74.804,6.5,32.01,23.82,6.13,11.3,11.2,997.4,997.5,0.0,0.0,13.74,11.62,209,278,0.8,1.5,87.4,88.0,3.8,3.2,213.4,234.2,999.5,999.6,386.64,357.45,1360.55,32.4528,9.4118,334.8,34.6,1484.673, NAN, NAN, NAN, NAN,,2024/04/04 16:20:47.842,2024-04-04 16:20:47.842000+00:00
2024/04/04, 16:21:47.842,36.211,-74.803,5.49,62.46,58.84,5.21,11.4,11.3,997.6,997.4,0.0,0.0,13.74,11.62,128,108,2.5,1.6,86.8,87.3,4.8,3.6,214.6,213.1,999.7,999.5,383.34,355.76,1359.18,32.4527,9.4213,331.5,34.3,1484.707, NAN, NAN, NAN, NAN,,2024/04/04 16:21:47.842,2024-04-04 16:21:47.842000+00:00
2024/04/04, 16:22:47.842,36.211,-74.801,4.53,101.11,89.28,4.35,11.3,11.2,997.5,997.4,0.0,0.0,13.74,11.62,91,77,3.8,4.7,85.8,86.2,4.7,5.1,219.9,204.3,999.6,999.5,363.32,354.67,1322.89,32.4537,9.416,330.7,34.2,1484.689, NAN, NAN, NAN, NAN,,2024/04/04 16:22:47.842,2024-04-04 16:22:47.842000+00:00
2024/04/04, 16:23:47.842,36.211,-74.8,3.53,133.81,122.48,3.37,11.2,11.1,997.4,997.4,0.0,0.0,13.74,11.62,68,59,5.1,6.4,85.9,86.3,5.0,6.0,221.5,208.4,999.5,999.5,363.46,353.38,1317.33,32.4547,9.4136,335.2,34.3,1484.682, NAN, NAN, NAN, NAN,,2024/04/04 16:23:47.842,2024-04-04 16:23:47.842000+00:00
2024/04/04, 16:24:47.842,36.21,-74.799,3.13,143.65,149.89,3.15,11.1,11.1,997.4,997.4,0.0,0.0,13.74,11.62,57,49,5.5,7.4,86.4,86.7,4.7,6.4,216.6,203.0,999.5,999.5,393.89,352.58,1351.16,32.4572,9.4193,340.9,34.2,1484.706, NAN, NAN, NAN, NAN,,2024/04/04 16:24:47.842,2024-04-04 16:24:47.842000+00:00
2024/04/04, 16:25:47.842,36.209,-74.799,2.82,151.51,165.07,2.77,11.0,11.0,997.6,997.4,0.0,0.0,13.74,11.62,52,45,5.7,7.6,86.7,86.9,4.8,6.5,215.4,204.0,999.7,999.5,392.85,350.84,1320.63,32.4544,9.4136,334.4,34.1,1484.681, NAN, NAN, NAN, NAN,,2024/04/04 16:25:47.842,2024-04-04 16:25:47.842000+00:00
2024/04/04, 16:26:47.842,36.209,-74.798,1.74,172.3,142.37,1.59,11.0,11.0,997.4,997.4,0.0,0.0,13.74,11.62,47,40,5.6,7.5,86.8,87.0,5.3,7.1,227.2,217.7,999.5,999.5,358.0,349.29,1237.02,32.4543,9.4111,318.7,34.1,1484.672, NAN, NAN, NAN, NAN,,2024/04/04 16:26:47.842,2024-04-04 16:26:47.842000+00:00
2024/04/04, 16:27:47.842,36.209,-74.798,0.33,203.56,263.74,0.63,11.0,11.0,997.3,997.4,0.0,0.0,13.74,11.62,21,17,4.9,4.6,86.8,87.0,4.6,4.3,223.1,218.8,999.4,999.5,314.17,350.0,1134.21,32.4527,9.4164,319.3,34.3,1484.689, NAN, NAN, NAN, NAN,,2024/04/04 16:27:47.842,2024-04-04 16:27:47.842000+00:00
2024/04/04, 16:28:47.842,36.209,-74.798,0.02,208.73,202.8,0.28,10.9,11.0,997.5,997.4,0.0,0.0,13.74,11.62,8,3,4.5,4.4,86.8,86.9,4.4,4.3,218.1,213.0,999.6,999.5,284.42,351.99,1052.79,32.4508,9.4195,326.7,34.6,1484.698, NAN, NAN, NAN, NAN,,2024/04/04 16:28:47.842,2024-04-04 16:28:47.842000+00:00
2024/04/04, 16:29:47.842,36.209,-74.798,-0.22,208.19,340.04,0.3,10.9,11.0,997.5,997.4,0.0,0.0,13.74,11.62,8,2,4.3,4.0,86.7,86.6,4.4,4.1,214.7,208.8,999.6,999.5,264.49,353.56,1002.29,32.4512,9.4062,339.2,34.6,1484.65, NAN, NAN, NAN, NAN,,2024/04/04 16:29:47.842,2024-04-04 16:29:47.842000+00:00
2024/04/04, 16:30:47.842,36.209,-74.798,-0.18,207.06,284.1,0.09,10.9,11.0,997.3,997.3,0.0,0.0,13.74,11.62,10,4,4.5,4.2,86.5,86.5,4.5,4.2,217.5,211.5,999.4,999.4,248.69,354.26,952.73,32.4561,9.417,367.8,34.4,1484.696, NAN, NAN, NAN, NAN,,2024/04/04 16:30:47.842,2024-04-04 16:30:47.842000+00:00
2024/04/04, 16:31:47.843,36.208,-74.798,1.25,207.21,209.69,1.63,10.9,11.0,997.4,997.3,0.0,0.0,13.74,11.62,9,3,5.2,5.1,86.5,86.6,4.4,4.3,216.4,209.2,999.5,999.4,229.52,354.31,898.67,32.456,9.4182,361.4,34.2,1484.7, NAN, NAN, NAN, NAN,,2024/04/04 16:31:47.843,2024-04-04 16:31:47.843000+00:00
2024/04/04, 16:32:47.843,36.208,-74.799,1.67,208.99,229.28,1.69,10.9,11.0,997.4,997.5,0.0,0.0,13.74,11.62,11,4,5.4,5.1,86.5,86.4,4.6,4.2,222.4,214.2,999.5,999.6,206.94,354.38,825.45,32.4574,9.4368,376.9,34.3,1484.77, NAN, NAN, NAN, NAN,,2024/04/04 16:32:47.843,2024-04-04 16:32:47.843000+00:00
2024/04/04, 16:33:47.843,36.208,-74.799,0.59,207.79,163.46,0.96,10.9,11.0,997.6,997.4,0.0,0.0,13.74,11.62,12,5,5.0,4.8,86.6,86.5,4.7,4.4,224.1,216.7,999.7,999.5,185.87,354.55,765.6,32.4777,9.456,429.4,34.6,1484.865, NAN, NAN, NAN, NAN,,2024/04/04 16:33:47.843,2024-04-04 16:33:47.843000+00:00
2024/04/04, 16:34:47.843,36.208,-74.799,-0.16,207.74,188.47,0.25,10.9,11.0,997.3,997.4,0.0,0.0,13.74,11.62,12,6,4.9,4.6,86.5,86.4,4.8,4.5,220.6,214.6,999.4,999.5,167.27,354.93,715.14,32.4783,9.4792,437.6,34.7,1484.951, NAN, NAN, NAN, NAN,,2024/04/04 16:34:47.843,2024-04-04 16:34:47.843000+00:00
2024/04/04, 16:35:47.843,36.208,-74.799,-0.18,207.41,99.99,0.71,10.9,11.0,997.4,997.6,0.0,0.0,13.74,11.62,10,4,4.8,4.6,86.3,86.4,5.0,4.7,221.3,215.7,999.5,999.7,150.98,354.99,669.45,32.4816,9.4848,442.8,34.2,1484.975, NAN, NAN, NAN, NAN,,2024/04/04 16:35:47.843,2024-04-04 16:35:47.843000+00:00
2024/04/04, 16:36:47.843,36.207,-74.799,0.02,208.03,286.46,0.68,10.9,10.9,997.4,997.4,0.0,0.0,13.74,11.62,12,6,5.0,4.8,86.2,86.1,4.8,4.7,216.4,210.1,999.5,999.5,137.38,355.19,627.51,32.4493,9.4417,433.9,34.4,1484.778, NAN, NAN, NAN, NAN,,2024/04/04 16:36:47.843,2024-04-04 16:36:47.843000+00:00
2024/04/04, 16:37:47.843,36.207,-74.799,0.24,208.68,265.79,0.97,10.9,10.9,997.4,997.5,0.0,0.0,13.74,11.62,11,5,5.2,4.8,86.0,85.9,4.7,4.4,217.2,210.4,999.5,999.6,126.0,355.51,586.73,32.4622,9.4402,422.7,34.5,1484.788, NAN, NAN, NAN, NAN,,2024/04/04 16:37:47.843,2024-04-04 16:37:47.843000+00:00
2024/04/04, 16:38:47.843,36.207,-74.799,0.65,208.28,240.1,1.07,10.9,10.9,997.4,997.4,0.0,0.0,13.74,11.62,13,7,5.2,4.9,85.9,85.8,4.7,4.4,219.8,213.0,999.5,999.5,116.37,355.5,559.93,32.4636,9.4647,426.4,34.4,1484.88, NAN, NAN, NAN, NAN,,2024/04/04 16:38:47.843,2024-04-04 16:38:47.843000+00:00
2024/04/04, 16:39:47.843,36.207,-74.8,0.8,208.04,192.2,1.32,10.9,10.9,997.4,997.4,0.0,0.0,13.74,11.62,11,5,5.2,5.0,85.9,85.9,4.6,4.4,222.2,215.4,999.5,999.5,108.46,355.59,534.52,32.4564,9.4809,433.9,34.4,1484.93, NAN, NAN, NAN, NAN,,2024/04/04 16:39:47.843,2024-04-04 16:39:47.843000+00:00
2024/04/04, 16:40:47.843,36.207,-74.8,0.99,208.27,231.1,1.65,10.9,10.9,997.3,997.3,0.0,0.0,13.74,11.62,10,4,5.4,5.1,86.1,85.9,4.6,4.3,217.4,210.2,999.4,999.4,102.63,355.77,515.34,32.4542,9.4871,425.1,34.3,1484.95, NAN, NAN, NAN, NAN,,2024/04/04 16:40:47.843,2024-04-04 16:40:47.843000+00:00
2024/04/04, 16:41:47.843,36.206,-74.8,0.93,207.38,224.7,1.45,10.9,10.9,997.4,997.4,0.0,0.0,13.74,11.62,10,5,5.4,5.3,86.2,86.0,4.7,4.6,216.7,210.8,999.5,999.5,98.4,356.08,499.72,32.4522,9.4787,436.9,33.9,1484.917, NAN, NAN, NAN, NAN,,2024/04/04 16:41:47.843,2024-04-04 16:41:47.843000+00:00
2024/04/04, 16:42:47.843,36.206,-74.801,1.07,206.46,245.59,1.73,10.9,10.9,997.3,997.4,0.0,0.0,13.74,11.62,10,6,5.6,5.3,86.1,86.1,4.8,4.5,212.7,207.8,999.4,999.5,95.65,356.39,485.81,32.4623,9.4639,451.0,34.2,1484.875, NAN, NAN, NAN, NAN,,2024/04/04 16:42:47.843,2024-04-04 16:42:47.843000+00:00
2024/04/04, 16:43:47.843,36.206,-74.801,1.1,207.15,213.91,1.44,10.9,10.9,997.3,997.3,0.0,0.0,13.74,11.62,12,6,5.5,5.3,86.0,86.0,4.8,4.6,220.0,213.0,999.4,999.4,92.95,356.58,477.77,32.4677,9.4558,455.0,34.1,1484.852, NAN, NAN, NAN, NAN,,2024/04/04 16:43:47.843,2024-04-04 16:43:47.843000+00:00
2024/04/04, 16:44:47.843,36.205,-74.801,1.12,208.3,228.32,1.63,10.9,10.9,997.4,997.3,0.0,0.0,13.74,11.62,11,6,5.5,5.3,85.9,86.0,4.7,4.5,218.4,212.5,999.5,999.4,90.28,356.97,468.27,32.4573,9.4589,458.0,34.5,1484.851, NAN, NAN, NAN, NAN,,2024/04/04 16:44:47.843,2024-04-04 16:44:47.843000+00:00
2024/04/04, 16:45:47.843,36.205,-74.802,1.92,208.23,214.48,2.07,10.9,10.9,997.3,997.4,0.0,0.0,13.74,11.62,11,7,5.6,5.4,85.5,85.5,4.5,4.3,220.4,215.5,999.4,999.5,87.53,356.85,458.88,32.4558,9.4498,457.7,34.3,1484.816, NAN, NAN, NAN, NAN,,2024/04/04 16:45:47.843,2024-04-04 16:45:47.843000+00:00
2024/04/04, 16:46:47.843,36.204,-74.802,2.07,205.95,214.45,2.7,10.9,10.9,997.4,997.4,0.0,0.0,13.74,11.62,11,5,5.9,5.8,85.5,85.5,4.5,4.4,217.8,209.9,999.5,999.5,82.46,357.28,444.35,32.4314,9.4409,466.2,34.2,1484.753, NAN, NAN, NAN, NAN,,2024/04/04 16:46:47.843,2024-04-04 16:46:47.843000+00:00
2024/04/04, 16:47:47.843,36.204,-74.803,2.38,203.74,205.64,3.7,10.9,10.9,997.4,997.3,0.0,0.0,13.74,11.62,14,8,6.5,6.3,85.2,85.1,4.7,4.4,222.6,214.3,999.5,999.4,75.18,357.72,422.84,32.452,9.4535,463.5,34.6,1484.825, NAN, NAN, NAN, NAN,,2024/04/04 16:47:47.843,2024-04-04 16:47:47.843000+00:00
2024/04/04, 16:48:47.844,36.203,-74.803,2.38,204.55,218.45,4.63,10.9,10.9,997.4,997.5,0.0,0.0,13.74,11.62,15,9,7.0,6.7,84.5,84.5,4.6,4.3,222.2,213.1,999.5,999.6,70.02,357.95,410.8,32.4514,9.4481,466.8,34.3,1484.804, NAN, NAN, NAN, NAN,,2024/04/04 16:48:47.844,2024-04-04 16:48:47.844000+00:00
2024/04/04, 16:49:47.844,36.202,-74.804,3.57,202.03,214.66,3.52,11.0,11.0,997.3,997.4,0.0,0.0,13.74,11.62,13,7,6.2,5.9,84.4,84.4,4.4,4.1,217.0,208.5,999.4,999.5,69.65,358.22,409.96,32.4513,9.4361,457.7,34.5,1484.76, NAN, NAN, NAN, NAN,,2024/04/04 16:49:47.844,2024-04-04 16:49:47.844000+00:00
2024/04/04, 16:50:47.844,36.201,-74.804,1.91,204.1,211.59,2.07,11.0,11.0,997.3,997.3,0.0,0.0,13.74,11.62,16,9,5.7,5.6,84.7,84.7,4.6,4.5,221.7,213.1,999.4,999.4,70.93,358.52,412.3,32.4514,9.4358,456.8,34.6,1484.759, NAN, NAN, NAN, NAN,,2024/04/04 16:50:47.844,2024-04-04 16:50:47.844000+00:00
2024/04/04, 16:51:47.844,36.201,-74.805,0.82,202.94,241.37,0.95,11.0,11.0,997.3,997.4,0.0,0.0,13.74,11.62,18,13,5.2,5.0,84.8,84.8,4.7,4.5,219.8,214.3,999.4,999.5,72.49,358.68,416.42,32.4504,9.4344,453.4,34.4,1484.753, NAN, NAN, NAN, NAN,,2024/04/04 16:51:47.844,2024-04-04 16:51:47.844000+00:00
2024/04/04, 16:52:47.844,36.2,-74.805,-0.1,204.37,264.78,0.37,10.9,11.0,997.2,997.3,0.0,0.0,13.74,11.62,18,11,4.3,4.0,84.9,84.9,4.1,3.9,221.0,213.6,999.3,999.4,72.01,359.64,414.89,32.4468,9.4339,461.7,34.6,1484.746, NAN, NAN, NAN, NAN,,2024/04/04 16:52:47.844,2024-04-04 16:52:47.844000+00:00
2024/04/04, 16:53:47.844,36.2,-74.805,0.33,209.33,231.95,0.6,10.9,10.9,997.4,997.4,0.0,0.0,13.74,11.62,11,6,4.9,4.6,85.1,85.0,4.6,4.3,221.7,216.5,999.5,999.5,68.9,360.58,409.42,32.4468,9.4352,470.2,34.6,1484.751, NAN, NAN, NAN, NAN,,2024/04/04 16:53:47.844,2024-04-04 16:53:47.844000+00:00
2024/04/04, 16:54:47.844,36.2,-74.805,0.23,208.75,220.45,0.4,10.9,10.9,997.4,997.4,0.0,0.0,13.74,11.62,16,10,5.9,5.5,85.4,85.3,5.7,5.3,225.7,219.6,999.5,999.5,68.01,361.74,417.63,32.4495,9.4183,483.0,34.6,1484.692, NAN, NAN, NAN, NAN,,2024/04/04 16:54:47.844,2024-04-04 16:54:47.844000+00:00
2024/04/04, 16:55:47.844,36.2,-74.805,-0.28,208.34,127.89,0.75,10.9,10.9,997.7,997.5,0.0,0.0,13.74,11.62,20,14,6.7,6.6,85.6,85.5,6.8,6.7,231.5,225.6,999.8,999.6,87.99,361.52,471.28,32.4565,9.3707,484.6,34.6,1484.526, NAN, NAN, NAN, NAN,,2024/04/04 16:55:47.844,2024-04-04 16:55:47.844000+00:00
2024/04/04, 16:56:47.844,36.2,-74.805,-0.13,208.34,298.7,0.33,10.8,10.9,997.6,997.5,0.0,0.0,13.74,11.62,19,14,6.8,6.5,85.5,85.4,6.8,6.5,225.9,220.8,999.7,999.6,121.63,359.79,557.93,32.459,9.3349,505.9,34.7,1484.398, NAN, NAN, NAN, NAN,,2024/04/04 16:56:47.844,2024-04-04 16:56:47.844000+00:00
2024/04/04, 16:57:47.844,36.2,-74.805,-0.49,208.95,297.68,0.16,10.8,10.9,997.4,997.5,0.0,0.0,13.74,11.62,16,10,6.9,6.5,85.3,85.4,6.9,6.5,224.3,218.2,999.5,999.6,147.59,358.43,645.83,32.4536,9.303,482.5,34.7,1484.274, NAN, NAN, NAN, NAN,,2024/04/04 16:57:47.844,2024-04-04 16:57:47.844000+00:00
2024/04/04, 16:58:47.844,36.2,-74.805,-0.14,208.55,119.45,0.67,10.8,10.8,997.6,997.4,0.0,0.0,13.74,11.62,16,10,6.3,6.2,85.2,84.9,6.3,6.2,227.7,221.7,999.7,999.5,160.41,358.14,687.54,32.4473,9.2921,492.3,34.6,1484.226, NAN, NAN, NAN, NAN,,2024/04/04 16:58:47.844,2024-04-04 16:58:47.844000+00:00
2024/04/04, 16:59:47.844,36.2,-74.805,-0.37,209.19,2.9,0.4,10.8,10.9,997.4,997.5,0.0,0.0,13.74,11.62,15,14,5.3,5.9,83.9,84.1,5.5,6.1,222.7,221.9,999.5,999.6,169.64,358.03,724.0,32.4603,9.2838,512.9,34.2,1484.211, NAN, NAN, NAN, NAN,,2024/04/04 16:59:47.844,2024-04-04 16:59:47.844000+00:00
2024/04/04, 17:00:47.844,36.2,-74.805,-0.15,208.11,168.59,0.08,10.9,10.9,997.4,997.5,0.0,0.0,13.74,11.62,24,18,6.0,5.8,83.2,83.3,6.0,5.8,232.3,226.2,999.5,999.6,182.17,357.97,769.24,32.4732,9.277,526.4,34.5,1484.202, NAN, NAN, NAN, NAN,,2024/04/04 17:00:47.844,2024-04-04 17:00:47.844000+00:00
2024/04/04, 17:01:47.844,36.2,-74.805,-0.09,209.05,138.45,0.22,10.9,10.9,997.3,997.4,0.0,0.0,13.74,11.62,24,19,6.4,6.1,82.4,82.5,6.4,6.1,234.0,229.0,999.4,999.5,213.74,356.91,868.27,32.4817,9.2751,529.4,34.9,1484.206, NAN, NAN, NAN, NAN,,2024/04/04 17:01:47.844,2024-04-04 17:01:47.844000+00:00
2024/04/04, 17:02:47.844,36.2,-74.805,-0.22,208.05,100.87,0.34,11.0,11.0,997.4,997.5,0.0,0.0,13.74,11.62,26,20,6.3,6.2,81.5,81.8,6.4,6.3,235.2,229.3,999.5,999.6,280.99,354.2,1019.47,32.4748,9.2762,542.2,34.8,1484.201, NAN, NAN, NAN, NAN,,2024/04/04 17:02:47.844,2024-04-04 17:02:47.844000+00:00
2024/04/04, 17:03:47.844,36.2,-74.805,-0.09,208.73,213.61,0.64,11.0,11.0,997.4,997.2,0.0,0.0,13.74,11.62,27,22,6.1,5.8,81.0,81.3,5.8,5.5,236.7,231.5,999.5,999.3,357.6,350.07,1173.9,32.4741,9.2752,538.5,35.1,1484.197, NAN, NAN, NAN, NAN,,2024/04/04 17:03:47.844,2024-04-04 17:03:47.844000+00:00
2024/04/04, 17:04:47.845,36.2,-74.805,0.13,209.2,175.41,0.53,11.1,11.1,997.4,997.3,0.0,0.0,13.74,11.62,24,19,6.1,5.9,80.7,80.8,5.9,5.7,234.8,229.6,999.5,999.4,951.86,349.87,2338.43,32.4647,9.2768,543.5,34.4,1484.191, NAN, NAN, NAN, NAN,,2024/04/04 17:04:47.845,2024-04-04 17:04:47.845000+00:00
2024/04/04, 17:05:47.845,36.2,-74.805,0.72,209.0,186.92,0.95,11.1,11.1,997.3,997.4,0.0,0.0,13.74,11.62,25,20,5.4,5.6,80.0,80.1,5.1,5.2,238.0,232.5,999.4,999.5,1204.56,347.62,2945.13,32.4566,9.2918,541.9,35.0,1484.236, NAN, NAN, NAN, NAN,,2024/04/04 17:05:47.845,2024-04-04 17:05:47.845000+00:00
2024/04/04, 17:06:47.845,36.2,-74.805,0.32,208.9,203.24,0.64,11.1,11.1,997.4,997.2,0.0,0.0,13.74,11.62,24,19,5.7,5.5,79.5,79.7,5.4,5.2,234.6,229.3,999.5,999.3,1165.94,342.41,2855.09,32.4525,9.3184,534.4,34.8,1484.329, NAN, NAN, NAN, NAN,,2024/04/04 17:06:47.845,2024-04-04 17:06:47.845000+00:00
2024/04/04, 17:07:47.845,36.199,-74.805,0.4,208.7,243.56,0.53,11.2,11.2,997.3,997.3,0.0,0.0,13.74,11.62,27,22,5.6,5.4,79.4,79.5,5.3,5.1,236.1,230.9,999.4,999.4,1127.1,337.78,2778.39,32.4485,9.3405,513.9,34.7,1484.406, NAN, NAN, NAN, NAN,,2024/04/04 17:07:47.845,2024-04-04 17:07:47.845000+00:00
2024/04/04, 17:08:47.845,36.199,-74.805,0.36,208.73,141.65,1.02,11.2,11.2,997.7,997.6,0.0,0.0,13.74,11.62,26,20,5.5,5.2,79.5,79.5,5.4,5.0,240.1,234.3,999.8,999.7,1100.25,333.91,2725.43,32.4578,9.354,522.0,34.4,1484.467, NAN, NAN, NAN, NAN,,2024/04/04 17:08:47.845,2024-04-04 17:08:47.845000+00:00
2024/04/04, 17:09:47.845,36.199,-74.805,0.11,209.98,259.37,0.85,11.2,11.2,997.3,997.2,0.0,0.0,13.74,11.62,24,20,5.1,5.1,79.8,79.8,4.7,4.7,232.9,228.6,999.4,999.3,1098.1,330.14,2707.84,32.466,9.3565,521.6,34.3,1484.486, NAN, NAN, NAN, NAN,,2024/04/04 17:09:47.845,2024-04-04 17:09:47.845000+00:00
2024/04/04, 17:10:47.845,36.199,-74.805,0.5,208.68,229.29,0.61,11.2,11.2,997.3,997.4,0.0,0.0,13.74,11.62,22,16,5.5,5.1,79.8,79.8,5.2,4.8,231.4,225.1,999.4,999.5,1072.19,327.06,2667.69,32.4599,9.3567,503.8,34.6,1484.479, NAN, NAN, NAN, NAN,,2024/04/04 17:10:47.845,2024-04-04 17:10:47.845000+00:00
2024/04/04, 17:11:47.845,36.199,-74.806,0.42,209.54,232.75,0.71,11.2,11.2,997.3,997.4,0.0,0.0,13.74,11.62,17,16,5.1,5.5,80.7,80.6,4.7,5.1,226.7,225.6,999.4,999.5,1116.32,324.55,2398.31,32.4568,9.3474,467.2,34.4,1484.441, NAN, NAN, NAN, NAN,,2024/04/04 17:11:47.845,2024-04-04 17:11:47.845000+00:00
2024/04/04, 17:12:47.845,36.199,-74.806,0.39,209.03,269.25,0.78,11.2,11.2,997.3,997.4,0.0,0.0,13.74,11.62,24,19,5.8,5.6,80.7,80.6,5.4,5.2,232.7,227.3,999.4,999.5,868.76,318.25,2372.42,32.4507,9.3476,450.0,34.7,1484.434, NAN, NAN, NAN, NAN,,2024/04/04 17:12:47.845,2024-04-04 17:12:47.845000+00:00
2024/04/04, 17:13:47.845,36.198,-74.806,0.37,209.5,334.6,0.39,11.1,11.2,997.3,997.2,0.0,0.0,13.74,11.62,24,19,5.4,5.2,80.8,80.6,5.2,5.0,233.6,228.4,999.4,999.3,1002.09,316.01,2462.76,32.4513,9.3473,441.9,34.5,1484.434, NAN, NAN, NAN, NAN,,2024/04/04 17:13:47.845,2024-04-04 17:13:47.845000+00:00
2024/04/04, 17:14:47.845,36.198,-74.806,0.45,207.71,252.14,1.07,11.1,11.2,997.2,997.2,0.0,0.0,13.74,11.62,20,16,5.1,5.1,81.2,81.2,4.6,4.6,225.2,220.7,999.3,999.3,975.67,312.3,2403.15,32.4492,9.3464,439.5,34.6,1484.428, NAN, NAN, NAN, NAN,,2024/04/04 17:14:47.845,2024-04-04 17:14:47.845000+00:00
2024/04/04, 17:15:47.845,36.198,-74.806,0.67,207.62,251.18,0.74,11.1,11.1,997.4,997.3,0.0,0.0,13.74,11.62,20,17,5.1,5.0,81.5,81.4,4.7,4.6,227.4,224.1,999.5,999.4,965.43,309.96,2373.28,32.4558,9.348,457.1,34.4,1484.442, NAN, NAN, NAN, NAN,,2024/04/04 17:15:47.845,2024-04-04 17:15:47.845000+00:00
2024/04/04, 17:16:47.845,36.198,-74.806,0.29,208.41,273.65,0.41,11.1,11.1,997.5,997.2,0.0,0.0,13.74,11.62,25,19,5.5,5.3,81.5,81.5,5.3,5.1,234.3,228.1,999.6,999.3,957.03,308.55,2356.32,32.4517,9.3578,429.4,34.9,1484.473, NAN, NAN, NAN, NAN,,2024/04/04 17:16:47.845,2024-04-04 17:16:47.845000+00:00
2024/04/04, 17:17:47.845,36.198,-74.806,0.48,208.75,218.06,0.66,11.0,11.1,997.3,997.2,0.0,0.0,13.74,11.62,24,19,5.6,5.3,81.2,81.1,5.3,5.0,234.1,228.8,999.4,999.3,956.22,308.33,2352.69,32.4522,9.3576,420.4,35.0,1484.473, NAN, NAN, NAN, NAN,,2024/04/04 17:17:47.845,2024-04-04 17:17:47.845000+00:00
2024/04/04, 17:18:47.845,36.198,-74.806,0.51,209.35,238.45,0.71,11.1,11.1,997.3,997.4,0.0,0.0,13.74,11.62,22,18,4.9,5.2,80.5,80.7,4.5,4.8,232.1,227.8,999.4,999.5,953.54,308.56,2349.43,32.4671,9.3677,450.4,35.7,1484.528, NAN, NAN, NAN, NAN,,2024/04/04 17:18:47.845,2024-04-04 17:18:47.845000+00:00
2024/04/04, 17:19:47.845,36.197,-74.807,0.45,208.97,217.52,0.85,11.1,11.1,997.1,997.0,0.0,0.0,13.74,11.62,26,20,5.4,5.3,79.4,79.5,5.0,4.9,236.6,230.1,999.2,999.1,954.03,308.82,2351.95,32.4628,9.3661,436.9,35.6,1484.517, NAN, NAN, NAN, NAN,,2024/04/04 17:19:47.845,2024-04-04 17:19:47.845000+00:00
2024/04/04, 17:20:47.845,36.197,-74.807,0.49,208.26,237.13,0.96,11.2,11.2,997.2,997.2,0.0,0.0,13.74,11.62,26,22,5.2,4.9,78.5,78.5,4.7,4.4,235.4,231.0,999.3,999.3,958.64,308.73,2359.48,32.46,9.3625,434.5,35.7,1484.5, NAN, NAN, NAN, NAN,,2024/04/04 17:20:47.845,2024-04-04 17:20:47.845000+00:00
2024/04/04, 17:21:47.846,36.197,-74.807,0.46,208.94,170.48,0.68,11.2,11.2,997.2,997.0,0.0,0.0,13.74,11.62,22,16,5.3,5.0,78.2,78.1,5.1,4.7,233.7,227.6,999.3,999.1,958.99,309.82,2372.55,32.4562,9.3643,412.9,35.7,1484.502, NAN, NAN, NAN, NAN,,2024/04/04 17:21:47.846,2024-04-04 17:21:47.846000+00:00
2024/04/04, 17:22:47.846,36.197,-74.807,0.53,208.2,220.65,0.73,11.3,11.3,997.3,997.3,0.0,0.0,13.74,11.62,20,14,5.0,4.9,77.2,77.1,4.6,4.5,229.2,222.8,999.4,999.4,965.12,310.23,2389.67,32.4567,9.3592,426.5,35.7,1484.484, NAN, NAN, NAN, NAN,,2024/04/04 17:22:47.846,2024-04-04 17:22:47.846000+00:00
2024/04/04, 17:23:47.846,36.197,-74.807,0.44,208.82,245.62,0.71,11.3,11.3,997.2,997.1,0.0,0.0,13.74,11.62,19,14,5.4,5.0,77.4,77.3,5.0,4.6,227.5,222.1,999.3,999.2,967.97,310.92,2409.64,32.4438,9.3581,420.1,36.0,1484.465, NAN, NAN, NAN, NAN,,2024/04/04 17:23:47.846,2024-04-04 17:23:47.846000+00:00
2024/04/04, 17:24:47.846,36.196,-74.807,0.32,210.08,206.75,0.6,11.3,11.3,997.4,997.0,0.0,0.0,13.74,11.62,12,10,5.1,5.3,78.4,78.4,4.8,5.0,223.1,221.0,999.5,999.1,988.06,312.65,2439.21,32.4561,9.3564,418.0,35.7,1484.473, NAN, NAN, NAN, NAN,,2024/04/04 17:24:47.846,2024-04-04 17:24:47.846000+00:00
2024/04/04, 17:25:47.846,36.196,-74.807,0.47,209.2,98.94,0.47,11.3,11.3,997.3,997.0,0.0,0.0,13.74,11.62,19,14,5.2,5.1,78.6,78.6,5.1,5.0,230.8,225.7,999.4,999.1,998.12,315.38,2477.7,32.4466,9.3628,404.6,36.0,1484.485, NAN, NAN, NAN, NAN,,2024/04/04 17:25:47.846,2024-04-04 17:25:47.846000+00:00
2024/04/04, 17:26:47.846,36.196,-74.807,0.49,207.13,206.99,0.84,11.3,11.3,997.3,997.1,0.0,0.0,13.74,11.62,20,13,5.1,4.8,78.4,78.3,4.7,4.4,229.2,221.7,999.4,999.2,1013.63,317.46,2508.19,32.4503,9.3744,406.2,35.7,1484.532, NAN, NAN, NAN, NAN,,2024/04/04 17:26:47.846,2024-04-04 17:26:47.846000+00:00
2024/04/04, 17:27:47.846,36.196,-74.807,0.45,208.8,177.3,0.55,11.3,11.3,997.2,997.0,0.0,0.0,13.74,11.62,17,17,4.3,4.7,78.1,78.3,4.0,4.4,226.8,226.7,999.3,999.1,1020.07,318.83,2524.92,32.4519,9.3726,421.1,36.1,1484.528, NAN, NAN, NAN, NAN,,2024/04/04 17:27:47.846,2024-04-04 17:27:47.846000+00:00
2024/04/04, 17:28:47.846,36.196,-74.808,0.47,208.01,165.96,0.75,11.3,11.3,997.1,997.2,0.0,0.0,13.74,11.62,22,19,4.3,4.5,78.0,78.1,4.1,4.3,234.3,230.9,999.2,999.3,1019.63,319.09,2523.55,32.4504,9.3715,415.0,36.1,1484.522, NAN, NAN, NAN, NAN,,2024/04/04 17:28:47.846,2024-04-04 17:28:47.846000+00:00
2024/04/04, 17:29:47.846,36.196,-74.808,0.51,208.9,190.16,0.63,11.3,11.3,997.2,997.1,0.0,0.0,13.74,11.62,24,19,5.2,5.0,77.6,77.6,5.0,4.7,235.4,230.2,999.3,999.2,1013.35,317.35,2508.59,32.4487,9.3774,419.3,36.2,1484.541, NAN, NAN, NAN, NAN,,2024/04/04 17:29:47.846,2024-04-04 17:29:47.846000+00:00
2024/04/04, 17:30:47.846,36.195,-74.808,0.49,209.06,185.18,0.78,11.3,11.3,997.2,997.1,0.0,0.0,13.74,11.62,26,20,4.9,4.8,76.9,76.9,4.6,4.5,237.9,231.5,999.3,999.2,991.96,315.19,2478.88,32.4479,9.3916,399.5,36.2,1484.593, NAN, NAN, NAN, NAN,,2024/04/04 17:30:47.846,2024-04-04 17:30:47.846000+00:00
2024/04/04, 17:31:47.846,36.195,-74.808,0.53,208.59,231.28,0.86,11.3,11.3,997.2,997.1,0.0,0.0,13.74,11.62,25,21,4.9,4.7,76.3,76.5,4.5,4.3,234.3,229.9,999.3,999.2,977.03,313.92,2471.64,32.4503,9.4135,429.9,36.3,1484.676, NAN, NAN, NAN, NAN,,2024/04/04 17:31:47.846,2024-04-04 17:31:47.846000+00:00
2024/04/04, 17:32:47.846,36.195,-74.808,0.46,208.09,217.88,0.74,11.3,11.4,997.0,997.0,0.0,0.0,13.74,11.62,25,21,4.8,5.0,75.6,76.0,4.5,4.6,235.0,230.6,999.1,999.1,1006.59,313.65,2559.62,32.454,9.4198,439.2,36.2,1484.703, NAN, NAN, NAN, NAN,,2024/04/04 17:32:47.846,2024-04-04 17:32:47.846000+00:00
2024/04/04, 17:33:47.846,36.195,-74.808,0.46,208.25,232.21,0.63,11.4,11.4,997.0,997.0,0.0,0.0,13.74,11.62,28,23,5.1,4.8,74.3,74.8,4.8,4.5,237.7,232.4,999.1,999.1,925.29,314.03,2480.03,32.4497,9.4306,407.0,36.2,1484.738, NAN, NAN, NAN, NAN,,2024/04/04 17:33:47.846,2024-04-04 17:33:47.846000+00:00
2024/04/04, 17:34:47.846,36.195,-74.808,0.44,208.67,225.93,0.73,11.4,11.4,997.1,997.0,0.0,0.0,13.74,11.62,25,24,4.3,4.8,73.1,73.4,3.9,4.4,235.2,234.0,999.2,999.1,913.33,315.7,2365.05,32.4463,9.4388,379.6,36.3,1484.764, NAN, NAN, NAN, NAN,,2024/04/04 17:34:47.846,2024-04-04 17:34:47.846000+00:00
2024/04/04, 17:35:47.846,36.195,-74.808,0.47,208.47,197.29,0.82,11.5,11.5,997.0,996.8,0.0,0.0,13.74,11.62,28,24,5.4,5.3,71.3,71.5,5.1,5.0,239.6,235.4,999.1,998.9,540.24,314.86,1611.92,32.4431,9.4515,364.8,36.3,1484.806, NAN, NAN, NAN, NAN,,2024/04/04 17:35:47.846,2024-04-04 17:35:47.846000+00:00
2024/04/04, 17:36:47.847,36.194,-74.808,0.48,208.82,241.23,0.91,11.6,11.6,997.1,997.0,0.0,0.0,13.74,11.62,27,22,5.2,5.2,70.4,70.2,4.7,4.7,236.6,231.2,999.2,999.1,927.74,321.0,2443.36,32.4407,9.4642,370.8,36.3,1484.85, NAN, NAN, NAN, NAN,,2024/04/04 17:36:47.847,2024-04-04 17:36:47.847000+00:00
2024/04/04, 17:37:47.847,36.194,-74.809,0.43,208.85,216.29,0.87,11.6,11.6,996.9,996.9,0.0,0.0,13.74,11.62,22,23,4.1,4.8,70.6,70.5,3.7,4.4,233.5,234.2,999.0,999.0,1006.81,324.87,2389.9,32.4413,9.4577,383.0,36.0,1484.827, NAN, NAN, NAN, NAN,,2024/04/04 17:37:47.847,2024-04-04 17:37:47.847000+00:00
2024/04/04, 17:38:47.847,36.194,-74.809,0.51,208.73,263.42,0.66,11.6,11.7,996.9,996.8,0.0,0.0,13.74,11.62,24,17,4.7,4.5,71.4,71.2,4.4,4.2,232.6,225.1,999.0,998.9,1120.89,328.98,2841.21,32.4396,9.46,396.1,36.4,1484.833, NAN, NAN, NAN, NAN,,2024/04/04 17:38:47.847,2024-04-04 17:38:47.847000+00:00
2024/04/04, 17:39:47.847,36.194,-74.809,0.9,208.55,225.27,1.75,11.6,11.7,996.9,996.8,0.0,0.0,13.74,11.62,24,18,4.3,4.7,72.3,72.3,3.4,3.8,235.7,228.0,999.0,998.9,1145.08,333.13,2889.36,32.4443,9.4659,381.4,36.1,1484.861, NAN, NAN, NAN, NAN,,2024/04/04 17:39:47.847,2024-04-04 17:39:47.847000+00:00
2024/04/04, 17:40:47.847,36.194,-74.809,0.65,209.77,154.21,0.84,11.6,11.6,996.8,997.0,0.0,0.0,13.74,11.62,25,20,5.2,4.9,71.0,71.1,4.9,4.6,238.6,233.5,998.9,999.1,761.99,331.76,2110.38,32.4423,9.4752,376.3,35.9,1484.892, NAN, NAN, NAN, NAN,,2024/04/04 17:40:47.847,2024-04-04 17:40:47.847000+00:00
2024/04/04, 17:41:47.847,36.193,-74.809,1.02,209.32,224.38,1.04,11.6,11.6,996.7,996.8,0.0,0.0,13.74,11.62,27,21,5.4,5.1,70.6,71.1,4.9,4.6,238.2,231.7,998.8,998.9,1214.99,336.08,3220.94,32.44,9.4858,401.9,36.1,1484.928, NAN, NAN, NAN, NAN,,2024/04/04 17:41:47.847,2024-04-04 17:41:47.847000+00:00
2024/04/04, 17:42:47.847,36.193,-74.809,1.0,208.12,177.2,1.27,11.7,11.7,996.8,996.8,0.0,0.0,13.74,11.62,24,19,5.3,5.1,70.2,70.3,4.9,4.6,237.6,232.4,998.9,998.9,1095.23,336.34,2768.83,32.4495,9.5003,411.6,36.1,1484.993, NAN, NAN, NAN, NAN,,2024/04/04 17:42:47.847,2024-04-04 17:42:47.847000+00:00
2024/04/04, 17:43:47.847,36.193,-74.81,0.95,208.19,188.37,1.1,11.7,11.7,996.9,996.7,0.0,0.0,13.74,11.62,14,16,4.1,4.6,70.1,70.1,3.6,4.1,226.8,228.5,999.0,998.8,999.56,337.12,2649.98,32.45,9.504,372.9,36.0,1485.007, NAN, NAN, NAN, NAN,,2024/04/04 17:43:47.847,2024-04-04 17:43:47.847000+00:00
2024/04/04, 17:44:47.847,36.192,-74.81,1.07,209.76,238.39,1.13,11.7,11.7,996.7,996.6,0.0,0.0,13.74,11.62,23,19,4.2,5.0,69.5,69.5,3.6,4.4,234.1,229.3,998.8,998.7,600.94,336.41,1740.84,32.4497,9.5027,336.1,36.1,1485.002, NAN, NAN, NAN, NAN,,2024/04/04 17:44:47.847,2024-04-04 17:44:47.847000+00:00
2024/04/04, 17:45:47.847,36.192,-74.81,1.05,209.07,223.37,1.23,11.7,11.7,996.8,996.6,0.0,0.0,13.74,11.62,25,19,5.0,5.0,69.2,69.0,4.4,4.4,235.9,229.0,998.9,998.7,581.3,340.15,1716.76,32.4506,9.4967,312.6,36.1,1484.981, NAN, NAN, NAN, NAN,,2024/04/04 17:45:47.847,2024-04-04 17:45:47.847000+00:00
2024/04/04, 17:46:47.847,36.192,-74.81,1.01,207.44,227.66,1.4,11.7,11.7,996.8,996.8,0.0,0.0,13.74,11.62,23,22,4.9,5.2,69.2,69.3,4.2,4.5,233.1,231.8,998.9,998.9,490.77,344.01,1485.94,32.4509,9.4968,329.7,36.2,1484.982, NAN, NAN, NAN, NAN,,2024/04/04 17:46:47.847,2024-04-04 17:46:47.847000+00:00
2024/04/04, 17:47:47.847,36.192,-74.81,0.96,208.37,230.74,1.19,11.7,11.7,996.7,996.8,0.0,0.0,13.74,11.62,26,24,4.8,5.1,66.3,66.7,4.2,4.5,236.1,233.7,998.8,998.9,441.01,347.74,1373.03,32.4534,9.4997,305.2,36.3,1484.995, NAN, NAN, NAN, NAN,,2024/04/04 17:47:47.847,2024-04-04 17:47:47.847000+00:00
2024/04/04, 17:48:47.847,36.191,-74.81,0.99,207.71,203.62,1.29,11.8,11.8,996.8,996.8,0.0,0.0,13.74,11.62,28,25,4.6,5.1,65.3,65.5,4.1,4.5,241.0,237.0,998.9,998.9,409.69,350.41,1310.52,32.4524,9.5093,302.2,36.3,1485.029, NAN, NAN, NAN, NAN,,2024/04/04 17:48:47.847,2024-04-04 17:48:47.847000+00:00
2024/04/04, 17:49:47.847,36.191,-74.811,1.01,209.74,213.58,1.15,11.8,11.9,996.8,996.8,0.0,0.0,13.74,11.62,28,25,4.7,5.3,63.5,63.8,4.1,4.7,240.4,236.8,998.9,998.9,389.84,352.99,1265.66,32.4517,9.5137,301.6,36.3,1485.045, NAN, NAN, NAN, NAN,,2024/04/04 17:49:47.847,2024-04-04 17:49:47.847000+00:00
2024/04/04, 17:50:47.847,36.191,-74.811,0.99,208.65,206.91,1.32,11.9,11.9,996.8,996.8,0.0,0.0,13.74,11.62,31,27,5.3,5.6,63.2,63.7,4.8,5.0,244.2,239.5,998.9,998.9,374.05,354.59,1232.04,32.4527,9.5178,306.2,36.3,1485.061, NAN, NAN, NAN, NAN,,2024/04/04 17:50:47.847,2024-04-04 17:50:47.847000+00:00
2024/04/04, 17:51:47.848,36.19,-74.811,0.98,209.71,217.35,1.09,11.9,11.9,996.9,996.9,0.0,0.0,13.74,11.62,33,28,4.9,5.9,63.4,63.3,4.4,5.4,245.5,239.5,999.0,999.0,361.31,356.19,1201.94,32.4529,9.5253,310.5,36.3,1485.089, NAN, NAN, NAN, NAN,,2024/04/04 17:51:47.848,2024-04-04 17:51:47.848000+00:00
2024/04/04, 17:52:47.848,36.19,-74.811,0.98,207.73,193.99,1.42,11.9,11.9,996.7,996.7,0.0,0.0,13.74,11.62,32,28,5.2,5.5,62.0,61.9,4.7,5.0,246.1,241.3,998.8,998.8,341.77,356.52,1159.99,32.4534,9.5339,350.5,36.2,1485.121, NAN, NAN, NAN, NAN,,2024/04/04 17:52:47.848,2024-04-04 17:52:47.848000+00:00
2024/04/04, 17:53:47.848,36.19,-74.811,0.96,208.86,249.66,1.43,12.0,11.9,996.9,996.8,0.0,0.0,13.74,11.62,31,27,5.3,6.1,63.4,63.5,4.6,5.4,240.4,235.8,999.0,998.9,322.38,357.29,1116.88,32.4539,9.539,370.0,36.0,1485.14, NAN, NAN, NAN, NAN,,2024/04/04 17:53:47.848,2024-04-04 17:53:47.848000+00:00
2024/04/04, 17:54:47.848,36.189,-74.812,0.99,208.47,185.91,1.14,11.9,11.9,996.9,996.8,0.0,0.0,13.74,11.62,24,23,4.4,5.1,64.1,64.2,4.0,4.7,238.1,236.2,999.0,998.9,304.58,357.25,1070.76,32.4529,9.5506,366.7,35.7,1485.181, NAN, NAN, NAN, NAN,,2024/04/04 17:54:47.848,2024-04-04 17:54:47.848000+00:00
2024/04/04, 17:55:47.848,36.189,-74.812,1.06,208.58,206.09,1.16,11.9,11.9,996.9,996.7,0.0,0.0,13.74,11.62,27,22,5.2,5.1,65.3,65.2,4.7,4.6,239.0,233.5,999.0,998.8,286.13,357.14,1029.61,32.4535,9.5631,385.1,35.8,1485.227, NAN, NAN, NAN, NAN,,2024/04/04 17:55:47.848,2024-04-04 17:55:47.848000+00:00
2024/04/04, 17:56:47.848,36.189,-74.812,1.02,207.52,175.16,1.52,11.9,11.9,996.8,996.8,0.0,0.0,13.74,11.62,27,21,5.2,5.0,66.9,66.9,4.7,4.5,241.8,235.5,998.9,998.9,271.39,357.47,995.04,32.4566,9.5695,385.7,35.8,1485.255, NAN, NAN, NAN, NAN,,2024/04/04 17:56:47.848,2024-04-04 17:56:47.848000+00:00
2024/04/04, 17:57:47.848,36.189,-74.812,0.93,209.66,203.42,1.06,11.8,11.9,997.0,996.9,0.0,0.0,13.74,11.62,29,23,4.6,5.2,66.3,66.9,4.1,4.7,242.1,235.0,999.1,999.0,259.12,357.95,968.21,32.455,9.5635,398.8,36.0,1485.231, NAN, NAN, NAN, NAN,,2024/04/04 17:57:47.848,2024-04-04 17:57:47.848000+00:00
2024/04/04, 17:58:47.848,36.188,-74.812,1.08,208.86,207.64,1.49,11.8,11.8,997.0,996.8,0.0,0.0,13.74,11.62,29,24,5.3,5.2,65.6,65.5,4.7,4.5,243.1,237.5,999.1,998.9,246.48,358.29,940.2,32.4563,9.5634,384.1,36.1,1485.232, NAN, NAN, NAN, NAN,,2024/04/04 17:58:47.848,2024-04-04 17:58:47.848000+00:00
2024/04/04, 17:59:47.848,36.188,-74.813,1.02,207.88,202.97,1.12,11.8,11.8,996.8,996.8,0.0,0.0,13.74,11.62,28,23,5.2,4.9,65.5,65.3,4.7,4.4,239.4,234.1,998.9,998.9,236.95,358.17,912.08,32.4577,9.5693,396.9,35.9,1485.255, NAN, NAN, NAN, NAN,,2024/04/04 17:59:47.848,2024-04-04 17:59:47.848000+00:00
2024/04/04, 18:00:47.848,36.188,-74.813,0.96,208.31,208.49,1.15,11.8,11.8,997.0,996.8,0.0,0.0,13.74,11.62,28,22,4.9,4.9,66.7,65.4,4.4,4.4,239.9,233.1,999.1,998.9,231.77,357.61,893.9,32.4438,9.5812,384.4,35.8,1485.282, NAN, NAN, NAN, NAN,,2024/04/04 18:00:47.848,2024-04-04 18:00:47.848000+00:00
2024/04/04, 18:01:47.848,36.187,-74.813,1.01,209.35,177.19,1.01,11.8,11.8,996.8,996.8,0.0,0.0,13.74,11.62,24,22,4.7,5.0,67.2,66.6,4.3,4.6,237.3,234.9,998.9,998.9,226.98,357.09,874.08,32.4609,9.5937,402.2,35.5,1485.348, NAN, NAN, NAN, NAN,,2024/04/04 18:01:47.848,2024-04-04 18:01:47.848000+00:00
2024/04/04, 18:02:47.848,36.187,-74.813,1.0,208.01,140.91,1.37,11.7,11.8,996.8,996.8,0.0,0.0,13.74,11.62,25,19,4.8,4.6,67.4,67.1,4.5,4.3,241.0,235.0,998.9,998.9,216.7,356.1,843.74,32.4625,9.6176,400.6,35.8,1485.438, NAN, NAN, NAN, NAN,,2024/04/04 18:02:47.848,2024-04-04 18:02:47.848000+00:00
2024/04/04, 18:03:47.848,36.187,-74.813,1.02,207.56,234.29,1.32,11.7,11.7,996.7,996.6,0.0,0.0,13.74,11.62,25,19,4.8,4.7,68.8,68.8,4.1,4.0,233.7,226.7,998.8,998.7,206.29,354.47,812.95,32.4665,9.6364,385.1,35.6,1485.511, NAN, NAN, NAN, NAN,,2024/04/04 18:03:47.848,2024-04-04 18:03:47.848000+00:00
2024/04/04, 18:04:47.848,36.187,-74.814,0.99,208.23,170.58,1.36,11.7,11.7,996.9,996.8,0.0,0.0,13.74,11.62,18,12,4.6,4.3,69.1,69.0,4.1,3.8,233.2,227.0,999.0,998.9,202.83,352.65,789.19,32.465,9.6469,404.3,35.7,1485.547, NAN, NAN, NAN, NAN,,2024/04/04 18:04:47.848,2024-04-04 18:04:47.848000+00:00
2024/04/04, 18:05:47.848,36.186,-74.814,0.92,209.21,221.29,1.35,11.6,11.7,996.9,996.7,0.0,0.0,13.74,11.62,9,2,4.3,4.1,72.1,71.9,3.6,3.4,218.4,210.0,999.0,998.8,204.11,350.65,778.26,32.4675,9.6471,424.8,35.5,1485.551, NAN, NAN, NAN, NAN,,2024/04/04 18:05:47.848,2024-04-04 18:05:47.848000+00:00
2024/04/04, 18:06:47.848,36.186,-74.814,1.07,208.01,166.17,1.21,11.5,11.6,996.6,996.8,0.0,0.0,13.74,11.62,15,8,4.5,4.4,72.3,72.2,4.1,3.9,229.2,221.7,998.7,998.9,197.47,350.47,758.43,32.4693,9.661,418.7,35.6,1485.604, NAN, NAN, NAN, NAN,,2024/04/04 18:06:47.848,2024-04-04 18:06:47.848000+00:00
2024/04/04, 18:07:47.848,36.186,-74.814,1.02,208.06,246.87,1.15,11.5,11.5,996.8,996.7,0.0,0.0,13.74,11.62,14,7,4.6,4.4,72.1,71.9,4.0,3.8,221.1,213.0,998.9,998.8,187.62,349.77,738.76,32.4723,9.6778,407.3,35.8,1485.669, NAN, NAN, NAN, NAN,,2024/04/04 18:07:47.848,2024-04-04 18:07:47.848000+00:00
2024/04/04, 18:08:47.849,36.185,-74.814,1.05,207.48,179.92,1.29,11.5,11.5,996.8,996.6,0.0,0.0,13.74,11.62,14,9,4.8,4.7,72.1,72.3,4.3,4.1,226.5,220.9,998.9,998.7,182.7,349.39,731.47,32.4726,9.6876,421.7,35.9,1485.705, NAN, NAN, NAN, NAN,,2024/04/04 18:08:47.849,2024-04-04 18:08:47.849000+00:00
2024/04/04, 18:09:47.849,36.185,-74.815,0.99,208.86,215.15,1.24,11.4,11.4,996.8,996.7,0.0,0.0,13.74,11.62,12,10,4.8,4.6,71.4,71.4,4.2,4.0,221.9,219.6,998.9,998.8,190.2,348.7,753.36,32.4755,9.6978,420.4,36.0,1485.746, NAN, NAN, NAN, NAN,,2024/04/04 18:09:47.849,2024-04-04 18:09:47.849000+00:00
2024/04/04, 18:10:47.849,36.185,-74.815,1.04,208.43,240.14,1.39,11.5,11.5,996.6,996.6,0.0,0.0,13.74,11.62,14,8,4.8,4.7,72.6,72.5,4.1,4.0,221.5,214.4,998.7,998.7,209.2,345.87,790.65,32.4805,9.7083,415.3,36.1,1485.79, NAN, NAN, NAN, NAN,,2024/04/04 18:10:47.849,2024-04-04 18:10:47.849000+00:00
2024/04/04, 18:11:47.849,36.184,-74.815,1.01,208.7,222.64,1.32,11.5,11.5,996.8,996.8,0.0,0.0,13.74,11.62,16,11,5.0,4.9,72.8,73.5,4.3,4.2,225.5,219.7,998.9,998.9,219.87,341.87,819.3,32.4825,9.7136,427.2,35.6,1485.812, NAN, NAN, NAN, NAN,,2024/04/04 18:11:47.849,2024-04-04 18:11:47.849000+00:00
2024/04/04, 18:12:47.849,36.184,-74.815,1.02,207.19,197.4,1.24,11.5,11.5,996.8,996.7,0.0,0.0,13.74,11.62,20,14,5.0,4.8,72.8,72.8,4.4,4.2,231.1,224.5,998.9,998.8,248.75,337.23,883.66,32.4816,9.7193,428.1,36.3,1485.831, NAN, NAN, NAN, NAN,,2024/04/04 18:12:47.849,2024-04-04 18:12:47.849000+00:00
2024/04/04, 18:13:47.849,36.184,-74.815,0.94,208.23,215.29,1.29,11.5,11.5,996.9,996.8,0.0,0.0,13.74,11.62,17,13,4.9,4.6,72.6,72.6,4.3,3.9,227.5,223.0,999.0,998.9,293.7,332.45,978.51,32.4857,9.726,417.1,36.2,1485.861, NAN, NAN, NAN, NAN,,2024/04/04 18:13:47.849,2024-04-04 18:13:47.849000+00:00
2024/04/04, 18:14:47.849,36.184,-74.815,1.11,208.78,229.21,1.32,11.5,11.5,996.8,997.0,0.0,0.0,13.74,11.62,18,13,5.0,4.5,73.1,73.1,4.3,3.8,227.9,222.2,998.9,999.1,526.26,329.44,2399.17,32.4866,9.7261,430.8,35.9,1485.862, NAN, NAN, NAN, NAN,,2024/04/04 18:14:47.849,2024-04-04 18:14:47.849000+00:00
2024/04/04, 18:15:47.849,36.183,-74.816,0.95,209.7,227.73,1.43,11.5,11.5,996.8,997.0,0.0,0.0,13.74,11.62,21,16,5.2,4.9,71.9,72.3,4.5,4.2,231.7,225.9,998.9,999.1,515.46,327.13,1552.38,32.4892,9.726,427.5,36.0,1485.865, NAN, NAN, NAN, NAN,,2024/04/04 18:15:47.849,2024-04-04 18:15:47.849000+00:00
2024/04/04, 18:16:47.849,36.183,-74.816,1.21,207.87,225.04,1.44,11.5,11.5,996.8,996.8,0.0,0.0,13.74,11.62,22,16,5.3,5.1,72.2,72.3,4.6,4.4,231.8,224.9,998.9,998.9,461.85,323.75,1629.48,32.491,9.7229,429.4,35.9,1485.856, NAN, NAN, NAN, NAN,,2024/04/04 18:16:47.849,2024-04-04 18:16:47.849000+00:00
2024/04/04, 18:17:47.849,36.183,-74.816,1.06,208.6,210.38,1.29,11.5,11.5,997.0,996.9,0.0,0.0,13.74,11.62,26,20,5.0,5.1,71.9,72.0,4.4,4.5,238.6,231.7,999.1,999.0,991.33,327.02,2744.92,32.4907,9.7203,439.5,36.1,1485.846, NAN, NAN, NAN, NAN,,2024/04/04 18:17:47.849,2024-04-04 18:17:47.849000+00:00
2024/04/04, 18:18:47.849,36.182,-74.816,1.08,208.37,175.33,1.41,11.6,11.5,997.0,997.0,0.0,0.0,13.74,11.62,25,19,5.4,5.2,72.1,72.2,4.9,4.7,239.6,233.3,999.1,999.1,963.19,325.41,2714.93,32.4932,9.708,420.8,35.9,1485.804, NAN, NAN, NAN, NAN,,2024/04/04 18:18:47.849,2024-04-04 18:18:47.849000+00:00
2024/04/04, 18:19:47.849,36.182,-74.816,1.04,208.24,219.47,1.21,11.6,11.6,996.9,997.0,0.0,0.0,13.74,11.62,24,19,4.3,4.6,72.2,72.3,3.7,4.0,235.6,229.6,999.0,999.1,405.36,318.8,1987.51,32.4947,9.708,410.7,35.7,1485.806, NAN, NAN, NAN, NAN,,2024/04/04 18:19:47.849,2024-04-04 18:19:47.849000+00:00
2024/04/04, 18:20:47.849,36.182,-74.817,1.09,208.65,223.35,1.24,11.6,11.6,997.2,996.9,0.0,0.0,13.74,11.62,27,22,5.5,5.3,72.1,71.7,4.9,4.7,238.0,232.4,999.3,999.0,531.29,321.58,1485.3,32.4925,9.7189,407.3,35.7,1485.843, NAN, NAN, NAN, NAN,,2024/04/04 18:20:47.849,2024-04-04 18:20:47.849000+00:00
2024/04/04, 18:21:47.849,36.182,-74.817,1.07,208.46,200.21,1.29,11.5,11.6,997.0,996.8,0.0,0.0,13.74,11.62,26,21,5.6,5.4,72.1,72.1,5.1,4.8,238.6,233.2,999.1,998.9,523.05,321.96,1701.6,32.4976,9.7277,393.1,35.3,1485.882, NAN, NAN, NAN, NAN,,2024/04/04 18:21:47.849,2024-04-04 18:21:47.849000+00:00
2024/04/04, 18:22:47.849,36.181,-74.817,1.06,208.9,237.97,1.26,11.5,11.5,997.2,997.2,0.0,0.0,13.74,11.62,27,21,5.5,5.2,71.1,71.2,4.9,4.6,237.2,230.4,999.3,999.3,963.66,327.04,2698.24,32.4988,9.7261,388.1,35.1,1485.877, NAN, NAN, NAN, NAN,,2024/04/04 18:22:47.849,2024-04-04 18:22:47.849000+00:00
2024/04/04, 18:23:47.850,36.181,-74.817,1.08,208.75,236.54,1.16,11.5,11.6,997.1,996.9,0.0,0.0,13.74,11.62,25,20,5.3,5.3,71.5,71.4,4.7,4.7,234.6,228.9,999.2,999.0,575.44,325.18,1807.45,32.5033,9.7133,374.0,35.0,1485.836, NAN, NAN, NAN, NAN,,2024/04/04 18:23:47.850,2024-04-04 18:23:47.850000+00:00
2024/04/04, 18:24:47.850,36.181,-74.817,1.01,207.94,203.96,1.09,11.5,11.6,997.2,997.2,0.0,0.0,13.74,11.62,26,21,5.4,5.2,72.1,72.1,4.9,4.7,237.1,231.7,999.3,999.3,646.42,328.67,1918.23,32.5037,9.6933,362.7,34.9,1485.764, NAN, NAN, NAN, NAN,,2024/04/04 18:24:47.850,2024-04-04 18:24:47.850000+00:00
2024/04/04, 18:25:47.850,36.18,-74.818,1.09,207.87,165.21,1.28,11.5,11.6,996.9,997.0,0.0,0.0,13.74,11.62,27,22,5.1,5.2,71.7,71.7,4.7,4.7,240.9,235.3,999.0,999.1,754.43,334.78,1956.18,32.5055,9.6859,362.0,35.1,1485.739, NAN, NAN, NAN, NAN,,2024/04/04 18:25:47.850,2024-04-04 18:25:47.850000+00:00
2024/04/04, 18:26:47.850,36.18,-74.818,1.05,207.36,176.58,1.5,11.5,11.6,997.2,996.9,0.0,0.0,13.74,11.62,28,23,5.2,5.2,72.1,72.1,4.8,4.7,242.8,237.3,999.3,999.0,534.31,337.29,1655.66,32.506,9.6944,344.3,35.0,1485.771, NAN, NAN, NAN, NAN,,2024/04/04 18:26:47.850,2024-04-04 18:26:47.850000+00:00
2024/04/04, 18:27:47.850,36.18,-74.818,1.05,209.35,158.82,1.04,11.5,11.5,997.2,997.0,0.0,0.0,13.74,11.62,32,25,4.9,5.4,72.5,72.6,4.6,5.1,246.8,238.8,999.3,999.1,497.8,341.13,1556.42,32.5023,9.6949,338.8,35.1,1485.768, NAN, NAN, NAN, NAN,,2024/04/04 18:27:47.850,2024-04-04 18:27:47.850000+00:00
2024/04/04, 18:28:47.850,36.179,-74.818,1.05,208.29,194.78,1.43,11.5,11.5,997.0,996.9,0.0,0.0,13.74,11.62,33,28,4.6,5.0,72.5,72.7,4.1,4.4,248.4,242.2,999.1,999.0,479.01,344.76,1499.29,32.5046,9.7126,344.3,35.0,1485.835, NAN, NAN, NAN, NAN,,2024/04/04 18:28:47.850,2024-04-04 18:28:47.850000+00:00
2024/04/04, 18:29:47.850,36.179,-74.818,1.06,207.7,182.16,1.18,11.5,11.5,997.0,997.0,0.0,0.0,13.74,11.62,39,32,4.3,6.1,72.0,71.9,3.9,5.7,253.5,243.9,999.1,999.1,482.41,347.46,1515.82,32.522,9.7184,356.6,35.2,1485.877, NAN, NAN, NAN, NAN,,2024/04/04 18:29:47.850,2024-04-04 18:29:47.850000+00:00
2024/04/04, 18:30:47.850,36.179,-74.819,1.08,207.38,206.41,1.03,11.5,11.5,997.2,996.8,0.0,0.0,13.74,11.62,36,30,5.1,5.9,70.9,71.0,4.7,5.5,247.7,240.7,999.3,998.9,478.99,350.12,1491.24,32.5171,9.7242,358.4,35.1,1485.893, NAN, NAN, NAN, NAN,,2024/04/04 18:30:47.850,2024-04-04 18:30:47.850000+00:00
2024/04/04, 18:31:47.850,36.179,-74.819,1.05,207.95,252.34,1.29,11.5,11.5,997.0,997.1,0.0,0.0,13.74,11.62,37,31,4.8,6.4,66.1,66.4,4.1,5.7,245.7,238.8,999.1,999.2,460.83,352.17,1435.47,32.5172,9.7227,363.3,35.1,1485.887, NAN, NAN, NAN, NAN,,2024/04/04 18:31:47.850,2024-04-04 18:31:47.850000+00:00
2024/04/04, 18:32:47.850,36.178,-74.819,1.06,207.85,184.21,1.28,11.6,11.6,997.2,997.0,0.0,0.0,13.74,11.62,36,30,4.4,5.7,65.4,65.4,4.0,5.2,251.1,242.9,999.3,999.1,419.29,353.13,1323.95,32.5219,9.7184,347.6,35.3,1485.877, NAN, NAN, NAN, NAN,,2024/04/04 18:32:47.850,2024-04-04 18:32:47.850000+00:00
2024/04/04, 18:33:47.850,36.178,-74.819,1.01,208.42,168.53,1.23,11.6,11.7,996.8,996.9,0.0,0.0,13.74,11.62,35,30,5.1,5.8,65.6,62.3,4.8,5.5,250.0,243.9,998.9,999.0,381.64,354.06,1210.56,32.5245,9.707,351.6,34.7,1485.839, NAN, NAN, NAN, NAN,,2024/04/04 18:33:47.850,2024-04-04 18:33:47.850000+00:00
2024/04/04, 18:34:47.850,36.178,-74.819,0.96,207.87,179.11,1.31,11.8,11.8,997.0,997.0,0.0,0.0,13.74,11.62,34,29,4.7,5.7,64.5,63.9,4.3,5.3,249.0,242.3,999.1,999.1,343.87,354.24,1112.91,32.538,9.6994,351.0,34.9,1485.828, NAN, NAN, NAN, NAN,,2024/04/04 18:34:47.850,2024-04-04 18:34:47.850000+00:00
2024/04/04, 18:35:47.850,36.177,-74.82,1.12,207.79,198.5,1.23,11.7,11.8,997.1,997.0,0.0,0.0,13.74,11.62,35,31,5.2,6.4,66.5,66.3,4.8,5.9,248.1,242.7,999.2,999.1,303.32,355.66,1017.34,32.5321,9.7003,345.9,35.0,1485.824, NAN, NAN, NAN, NAN,,2024/04/04 18:35:47.850,2024-04-04 18:35:47.850000+00:00
2024/04/04, 18:36:47.850,36.177,-74.82,1.06,207.25,225.76,1.27,11.7,11.8,997.0,996.9,0.0,0.0,13.74,11.62,35,30,5.1,5.4,63.7,63.2,4.5,4.8,245.7,239.9,999.1,999.0,263.5,356.84,928.29,32.5314,9.6936,344.3,34.8,1485.799, NAN, NAN, NAN, NAN,,2024/04/04 18:36:47.850,2024-04-04 18:36:47.850000+00:00
2024/04/04, 18:37:47.850,36.177,-74.82,1.01,209.06,231.09,1.37,11.7,11.8,997.0,996.9,0.0,0.0,13.74,11.62,34,29,5.3,6.2,62.7,62.6,4.6,5.5,246.1,240.0,999.1,999.0,230.67,357.67,839.19,32.5399,9.6872,335.8,34.8,1485.786, NAN, NAN, NAN, NAN,,2024/04/04 18:37:47.850,2024-04-04 18:37:47.850000+00:00
2024/04/04, 18:38:47.850,36.176,-74.82,1.08,208.97,183.03,1.34,11.8,11.8,997.0,997.0,0.0,0.0,13.74,11.62,35,30,5.1,5.8,60.4,60.3,4.7,5.4,250.6,244.4,999.1,999.1,205.85,358.7,774.55,32.5441,9.684,335.5,34.8,1485.779, NAN, NAN, NAN, NAN,,2024/04/04 18:38:47.850,2024-04-04 18:38:47.850000+00:00
2024/04/04, 18:39:47.850,36.176,-74.82,1.13,208.36,198.12,1.29,11.9,11.9,997.0,996.8,0.0,0.0,13.74,11.62,33,27,5.3,5.9,58.9,58.9,4.8,5.4,246.4,239.3,999.1,998.9,181.98,359.32,711.27,32.5503,9.6761,330.7,34.7,1485.758, NAN, NAN, NAN, NAN,,2024/04/04 18:39:47.850,2024-04-04 18:39:47.850000+00:00
2024/04/04, 18:40:47.850,36.176,-74.821,0.89,208.28,216.04,1.37,12.0,12.0,996.8,997.0,0.0,0.0,13.74,11.62,35,30,4.8,5.6,58.8,58.8,4.2,5.0,248.2,241.9,998.9,999.1,158.11,359.52,648.6,32.5471,9.6641,341.9,34.5,1485.71, NAN, NAN, NAN, NAN,,2024/04/04 18:40:47.850,2024-04-04 18:40:47.850000+00:00
2024/04/04, 18:41:47.851,36.176,-74.821,1.04,208.16,200.26,1.51,12.0,12.0,997.2,997.2,0.0,0.0,13.74,11.62,36,30,4.7,5.8,58.2,58.2,4.2,5.2,251.6,243.5,999.3,999.3,137.08,360.57,588.76,32.5441,9.6673,343.2,34.3,1485.718, NAN, NAN, NAN, NAN,,2024/04/04 18:41:47.851,2024-04-04 18:41:47.851000+00:00
2024/04/04, 18:42:47.851,36.175,-74.821,1.07,208.52,246.5,1.16,12.1,12.1,996.9,996.8,0.0,0.0,13.74,11.62,37,31,4.8,6.1,55.9,58.1,4.2,5.5,247.8,240.7,999.0,998.9,119.59,360.72,530.0,32.5622,9.6699,351.6,34.4,1485.75, NAN, NAN, NAN, NAN,,2024/04/04 18:42:47.851,2024-04-04 18:42:47.851000+00:00
2024/04/04, 18:43:47.851,36.175,-74.821,1.03,208.42,168.61,1.12,12.1,12.1,997.2,996.9,0.0,0.0,13.74,11.62,40,35,4.3,5.9,56.6,56.6,4.1,5.6,255.6,248.3,999.3,999.0,104.98,361.31,484.88,32.5593,9.6746,349.6,34.5,1485.763, NAN, NAN, NAN, NAN,,2024/04/04 18:43:47.851,2024-04-04 18:43:47.851000+00:00
2024/04/04, 18:44:47.851,36.175,-74.821,1.08,207.39,183.92,1.13,12.1,12.2,996.8,997.0,0.0,0.0,13.74,11.62,39,33,5.0,6.9,56.8,56.8,4.7,6.5,252.1,244.1,998.9,999.1,93.65,361.69,447.95,32.5634,9.6834,352.6,34.6,1485.8, NAN, NAN, NAN, NAN,,2024/04/04 18:44:47.851,2024-04-04 18:44:47.851000+00:00
2024/04/04, 18:45:47.851,36.174,-74.821,1.08,208.29,252.93,1.3,12.1,12.2,996.8,997.0,0.0,0.0,13.74,11.62,43,34,4.9,6.7,57.0,57.0,4.3,6.0,253.6,243.0,998.9,999.1,86.02,361.97,420.56,32.5555,9.7319,354.7,34.6,1485.967, NAN, NAN, NAN, NAN,,2024/04/04 18:45:47.851,2024-04-04 18:45:47.851000+00:00
2024/04/04, 18:46:47.851,36.174,-74.822,1.07,208.82,186.99,1.03,12.1,12.2,996.9,996.8,0.0,0.0,13.74,11.62,38,32,5.1,7.1,57.1,57.1,4.8,6.7,251.8,244.1,999.0,998.9,82.99,362.23,406.37,32.5731,9.8443,363.3,34.5,1486.397, NAN, NAN, NAN, NAN,,2024/04/04 18:46:47.851,2024-04-04 18:46:47.851000+00:00
2024/04/04, 18:47:47.851,36.174,-74.822,1.09,207.94,165.14,1.43,12.1,12.2,997.0,997.0,0.0,0.0,13.74,11.62,38,32,5.1,6.4,56.6,57.1,4.8,6.0,253.8,245.8,999.1,999.1,81.44,362.4,394.72,32.5761,9.9516,367.8,34.8,1486.79, NAN, NAN, NAN, NAN,,2024/04/04 18:47:47.851,2024-04-04 18:47:47.851000+00:00
2024/04/04, 18:48:47.851,36.174,-74.822,0.98,208.47,202.97,1.1,12.2,12.2,997.2,997.0,0.0,0.0,13.74,11.62,36,31,5.2,6.4,56.4,56.4,4.8,6.0,249.0,242.7,999.3,999.1,80.18,362.65,387.32,32.5758,10.0018,369.7,35.3,1486.971, NAN, NAN, NAN, NAN,,2024/04/04 18:48:47.851,2024-04-04 18:48:47.851000+00:00
2024/04/04, 18:49:47.851,36.173,-74.822,1.03,209.09,246.55,1.4,12.2,12.2,996.9,997.0,0.0,0.0,13.74,11.62,37,31,5.0,6.3,56.5,56.5,4.3,5.6,248.0,240.8,999.0,999.1,77.84,362.78,376.73,32.5702,10.0083,367.8,35.3,1486.987, NAN, NAN, NAN, NAN,,2024/04/04 18:49:47.851,2024-04-04 18:49:47.851000+00:00
2024/04/04, 18:50:47.851,36.173,-74.822,1.04,207.27,222.05,1.27,12.2,12.2,997.0,997.0,0.0,0.0,13.74,11.62,38,33,5.3,7.2,56.5,56.5,4.7,6.6,248.7,242.3,999.1,999.1,72.11,362.67,360.72,32.5839,9.9951,375.6,34.7,1486.956, NAN, NAN, NAN, NAN,,2024/04/04 18:50:47.851,2024-04-04 18:50:47.851000+00:00
2024/04/04, 18:51:47.851,36.173,-74.823,1.02,208.21,243.1,1.3,12.2,12.2,997.0,997.0,0.0,0.0,13.74,11.62,42,35,5.3,7.3,56.7,56.7,4.7,6.6,252.9,244.4,999.1,999.1,65.09,363.13,344.16,32.5932,9.9796,360.8,34.8,1486.912, NAN, NAN, NAN, NAN,,2024/04/04 18:51:47.851,2024-04-04 18:51:47.851000+00:00
2024/04/04, 18:52:47.851,36.172,-74.823,0.42,208.24,94.87,1.04,12.1,12.2,997.2,997.1,0.0,0.0,13.74,11.62,44,36,4.8,7.0,56.3,56.4,5.3,7.5,254.3,246.2,999.3,999.2,61.38,363.4,335.12,32.5842,9.9749,348.3,34.6,1486.884, NAN, NAN, NAN, NAN,,2024/04/04 18:52:47.851,2024-04-04 18:52:47.851000+00:00
2024/04/04, 18:53:47.851,36.172,-74.823,-0.68,216.21,118.78,0.68,12.1,12.2,997.0,996.8,0.0,0.0,13.74,11.62,40,35,4.9,6.9,58.1,57.8,5.1,7.1,259.5,253.7,999.1,998.9,62.34,363.13,341.83,32.61,9.9755,349.2,34.8,1486.917, NAN, NAN, NAN, NAN,,2024/04/04 18:53:47.851,2024-04-04 18:53:47.851000+00:00
2024/04/04, 18:54:47.851,36.172,-74.823,-0.03,247.55,142.43,0.42,12.1,12.1,997.2,997.0,0.0,0.0,13.74,11.62,15,13,5.1,5.0,59.2,58.9,5.1,5.0,265.0,263.0,999.3,999.1,68.64,363.46,362.52,32.6111,9.9792,349.2,34.5,1486.932, NAN, NAN, NAN, NAN,,2024/04/04 18:54:47.851,2024-04-04 18:54:47.851000+00:00
2024/04/04, 18:55:47.851,36.172,-74.823,0.14,290.86,134.09,0.3,12.0,12.1,997.1,996.8,0.0,0.0,13.74,11.62,331,329,4.6,6.5,59.1,59.0,4.5,6.4,260.7,259.0,999.2,998.9,78.95,363.9,394.37,32.6173,9.976,356.6,34.4,1486.928, NAN, NAN, NAN, NAN,,2024/04/04 18:55:47.851,2024-04-04 18:55:47.851000+00:00
2024/04/04, 18:56:47.851,36.172,-74.823,0.23,311.16,33.64,0.64,12.0,12.1,997.2,997.1,0.0,0.0,13.74,11.62,296,307,5.0,7.0,58.7,58.6,5.3,7.2,245.3,256.4,999.3,999.2,88.84,363.93,425.4,32.617,9.9721,353.9,34.2,1486.913, NAN, NAN, NAN, NAN,,2024/04/04 18:56:47.851,2024-04-04 18:56:47.851000+00:00
2024/04/04, 18:57:47.852,36.173,-74.823,2.31,311.45,299.04,2.75,12.1,12.1,997.2,997.1,0.0,0.0,13.74,11.62,306,312,5.3,7.4,58.2,58.0,4.5,6.4,244.1,255.2,999.3,999.2,101.4,363.84,472.18,32.6204,9.9767,361.7,33.9,1486.934, NAN, NAN, NAN, NAN,,2024/04/04 18:57:47.852,2024-04-04 18:57:47.852000+00:00
2024/04/04, 18:58:47.852,36.173,-74.824,5.28,309.9,313.72,5.22,12.1,12.1,997.2,997.0,0.0,0.0,13.74,11.62,320,320,6.1,8.6,59.3,59.1,4.5,6.9,246.0,254.5,999.3,999.1,119.68,362.89,531.18,32.6172,9.9724,383.8,33.7,1486.915, NAN, NAN, NAN, NAN,,2024/04/04 18:58:47.852,2024-04-04 18:58:47.852000+00:00
2024/04/04, 18:59:47.852,36.174,-74.826,6.6,310.94,300.76,6.55,12.0,12.1,997.0,997.0,0.0,0.0,13.74,11.62,322,321,6.5,9.0,60.9,60.7,4.0,6.4,247.1,255.6,999.1,999.1,150.96,362.62,606.72,32.6274,9.8753,389.4,34.0,1486.576, NAN, NAN, NAN, NAN,,2024/04/04 18:59:47.852,2024-04-04 18:59:47.852000+00:00
2024/04/04, 19:00:47.852,36.176,-74.828,7.19,310.29,312.94,6.31,12.0,12.0,997.1,996.9,0.0,0.0,13.74,11.62,322,321,6.5,8.9,59.2,59.0,4.5,6.8,244.8,253.0,999.2,999.0,177.76,362.41,667.58,32.6265,9.7315,383.0,34.0,1486.053, NAN, NAN, NAN, NAN,,2024/04/04 19:00:47.852,2024-04-04 19:00:47.852000+00:00
2024/04/04, 19:01:47.852,36.177,-74.829,5.19,332.99,326.86,4.82,12.0,12.0,997.2,996.9,0.0,0.0,13.74,11.62,302,309,5.2,7.5,58.9,58.9,4.2,6.0,247.0,264.9,999.3,999.0,181.73,362.63,681.5,32.6164,9.6562,365.7,34.0,1485.766, NAN, NAN, NAN, NAN,,2024/04/04 19:01:47.852,2024-04-04 19:01:47.852000+00:00
2024/04/04, 19:02:47.852,36.178,-74.829,3.95,9.33,358.1,3.75,12.0,12.0,997.0,997.0,0.0,0.0,13.74,11.62,262,275,3.9,4.3,58.4,58.5,4.3,4.2,244.6,258.2,999.1,999.1,172.92,362.84,672.08,32.5862,9.6269,367.2,33.9,1485.622, NAN, NAN, NAN, NAN,,2024/04/04 19:02:47.852,2024-04-04 19:02:47.852000+00:00
2024/04/04, 19:03:47.852,36.179,-74.829,3.23,44.22,31.87,3.05,12.0,12.0,997.2,997.2,0.0,0.0,13.74,11.62,205,229,2.7,2.0,59.5,59.8,4.0,3.0,233.0,243.5,999.3,999.3,165.9,362.6,660.94,32.5489,9.6257,383.0,33.9,1485.572, NAN, NAN, NAN, NAN,,2024/04/04 19:03:47.852,2024-04-04 19:03:47.852000+00:00
2024/04/04, 19:04:47.852,36.179,-74.828,2.95,75.84,60.79,3.16,12.0,12.0,997.2,996.9,0.0,0.0,13.74,11.62,154,161,2.7,2.2,62.5,63.8,4.3,3.8,235.6,240.4,999.3,999.0,161.14,362.87,652.64,32.5301,9.6561,394.5,33.7,1485.66, NAN, NAN, NAN, NAN,,2024/04/04 19:04:47.852,2024-04-04 19:04:47.852000+00:00
2024/04/04, 19:05:47.852,36.179,-74.827,2.95,105.18,100.86,3.26,12.0,11.9,997.2,997.0,0.0,0.0,13.74,11.62,118,99,3.6,2.7,61.6,61.3,4.7,3.5,240.2,231.5,999.3,999.1,151.15,362.27,638.12,32.5128,9.6573,405.6,33.7,1485.644, NAN, NAN, NAN, NAN,,2024/04/04 19:05:47.852,2024-04-04 19:05:47.852000+00:00
2024/04/04, 19:06:47.852,36.179,-74.826,3.06,136.15,146.26,2.97,11.9,11.9,997.2,997.2,0.0,0.0,13.74,11.62,81,74,4.6,5.3,62.5,62.1,4.6,5.0,236.3,226.9,999.3,999.3,135.76,362.71,609.4,32.5046,9.6251,400.1,33.9,1485.516, NAN, NAN, NAN, NAN,,2024/04/04 19:06:47.852,2024-04-04 19:06:47.852000+00:00
2024/04/04, 19:07:47.852,36.178,-74.826,3.29,145.88,150.02,3.61,11.8,11.9,996.9,996.8,0.0,0.0,13.74,11.62,70,62,5.1,6.2,61.7,62.1,4.8,5.6,237.2,225.0,999.0,998.9,121.53,363.07,590.04,32.5026,9.6056,383.0,33.8,1485.443, NAN, NAN, NAN, NAN,,2024/04/04 19:07:47.852,2024-04-04 19:07:47.852000+00:00
2024/04/04, 19:08:47.852,36.177,-74.825,3.63,161.02,158.7,3.6,11.8,11.8,997.2,997.0,0.0,0.0,13.74,11.62,61,53,6.0,7.5,62.2,61.7,5.5,6.7,239.8,227.4,999.3,999.1,111.53,363.16,578.87,32.5001,9.6125,385.4,33.7,1485.465, NAN, NAN, NAN, NAN,,2024/04/04 19:08:47.852,2024-04-04 19:08:47.852000+00:00
2024/04/04, 19:09:47.852,36.176,-74.825,3.58,192.5,177.24,4.23,11.8,11.8,997.0,996.9,0.0,0.0,13.74,11.62,38,34,6.4,8.2,62.2,62.0,5.3,6.9,249.1,239.8,999.1,999.0,110.08,363.21,601.03,32.4945,9.6364,390.5,33.7,1485.545, NAN, NAN, NAN, NAN,,2024/04/04 19:09:47.852,2024-04-04 19:09:47.852000+00:00
2024/04/04, 19:10:47.852,36.175,-74.825,3.42,226.7,219.28,3.7,11.8,11.8,997.0,997.0,0.0,0.0,13.74,11.62,10,4,6.3,6.2,62.3,63.6,4.5,4.3,243.3,235.0,999.1,999.1,128.52,362.51,683.47,32.4898,9.64,405.6,33.3,1485.553, NAN, NAN, NAN, NAN,,2024/04/04 19:10:47.852,2024-04-04 19:10:47.852000+00:00
2024/04/04, 19:11:47.852,36.175,-74.826,2.47,237.12,225.95,2.51,11.7,11.7,997.1,997.2,0.0,0.0,13.74,11.62,353,346,4.8,4.9,67.7,67.4,3.5,3.6,232.3,222.7,999.2,999.3,183.41,360.63,887.9,32.4536,9.6212,422.7,33.4,1485.44, NAN, NAN, NAN, NAN,,2024/04/04 19:11:47.852,2024-04-04 19:11:47.852000+00:00
2024/04/04, 19:12:47.853,36.174,-74.826,-0.12,237.89,160.65,0.14,11.6,11.6,997.2,997.1,0.0,0.0,13.74,11.62,346,341,3.2,3.2,72.6,72.1,3.1,3.1,223.7,218.6,999.3,999.2,328.97,359.36,1420.3,32.4911,9.5998,413.7,33.6,1485.407, NAN, NAN, NAN, NAN,,2024/04/04 19:12:47.853,2024-04-04 19:12:47.853000+00:00
2024/04/04, 19:13:47.853,36.175,-74.826,-0.13,232.73,186.2,0.13,11.5,11.6,997.2,997.0,0.0,0.0,13.74,11.62,352,345,3.1,3.4,75.1,74.7,3.1,3.4,225.7,218.6,999.3,999.1,833.33,361.46,2679.08,32.4946,9.5842,401.2,33.6,1485.355, NAN, NAN, NAN, NAN,,2024/04/04 19:13:47.853,2024-04-04 19:13:47.853000+00:00
2024/04/04, 19:14:47.853,36.175,-74.826,-0.09,234.01,320.07,0.55,11.4,11.5,997.3,997.2,0.0,0.0,13.74,11.62,354,348,2.8,2.8,76.0,75.7,2.8,2.8,222.2,216.3,999.4,999.3,585.27,356.78,1889.33,32.4948,9.596,408.0,33.7,1485.398, NAN, NAN, NAN, NAN,,2024/04/04 19:14:47.853,2024-04-04 19:14:47.853000+00:00
2024/04/04, 19:15:47.853,36.175,-74.826,-0.11,234.86,327.77,0.77,11.4,11.4,997.2,997.2,0.0,0.0,13.74,11.62,358,350,3.1,3.1,76.1,75.8,3.1,3.2,225.6,217.8,999.3,999.3,931.45,358.18,2795.43,32.501,9.5927,420.4,33.6,1485.394, NAN, NAN, NAN, NAN,,2024/04/04 19:15:47.853,2024-04-04 19:15:47.853000+00:00
2024/04/04, 19:16:47.853,36.175,-74.827,-0.26,234.62,332.39,1.5,11.2,11.3,997.3,997.0,0.0,0.0,13.74,11.62,0,352,3.7,3.5,75.0,74.7,3.9,3.8,223.2,215.3,999.4,999.1,907.69,355.95,2943.45,32.5122,9.6045,409.6,33.8,1485.45, NAN, NAN, NAN, NAN,,2024/04/04 19:16:47.853,2024-04-04 19:16:47.853000+00:00
2024/04/04, 19:17:47.853,36.175,-74.827,-0.2,228.38,323.45,0.69,11.2,11.3,997.2,997.2,0.0,0.0,13.74,11.62,1,354,3.9,3.7,74.9,74.7,4.0,3.9,224.5,217.5,999.3,999.3,1008.44,355.55,2938.78,32.5159,9.6403,385.7,33.5,1485.585, NAN, NAN, NAN, NAN,,2024/04/04 19:17:47.853,2024-04-04 19:17:47.853000+00:00
2024/04/04, 19:18:47.853,36.175,-74.827,-0.09,227.08,258.26,0.09,11.2,11.2,997.3,997.4,0.0,0.0,13.74,11.62,5,0,4.4,4.3,72.3,72.8,4.4,4.3,231.7,226.7,999.4,999.5,974.43,352.16,2906.82,32.515,9.6886,345.6,33.4,1485.76, NAN, NAN, NAN, NAN,,2024/04/04 19:18:47.853,2024-04-04 19:18:47.853000+00:00
2024/04/04, 19:19:47.853,36.175,-74.827,-0.12,226.19,131.95,0.24,11.2,11.2,997.3,997.3,0.0,0.0,13.74,11.62,9,3,4.7,4.5,69.9,72.5,4.7,4.5,236.7,230.7,999.4,999.4,970.67,347.55,2928.63,32.5212,9.7171,323.3,32.9,1485.872, NAN, NAN, NAN, NAN,,2024/04/04 19:19:47.853,2024-04-04 19:19:47.853000+00:00
2024/04/04, 19:20:47.853,36.175,-74.827,-0.09,225.71,73.54,0.3,11.4,11.3,997.2,997.2,0.0,0.0,13.74,11.62,7,1,4.7,4.7,67.7,68.4,4.9,4.8,233.0,227.2,999.3,999.3,822.45,340.84,2518.95,32.5131,9.742,298.0,32.8,1485.952, NAN, NAN, NAN, NAN,,2024/04/04 19:20:47.853,2024-04-04 19:20:47.853000+00:00
2024/04/04, 19:21:47.853,36.175,-74.827,-0.12,227.48,298.49,0.23,11.5,11.4,997.3,997.3,0.0,0.0,13.74,11.62,10,3,4.8,4.6,65.5,66.0,4.7,4.6,236.2,229.1,999.4,999.4,939.07,338.68,2800.9,32.5121,9.7525,292.4,32.8,1485.989, NAN, NAN, NAN, NAN,,2024/04/04 19:21:47.853,2024-04-04 19:21:47.853000+00:00
2024/04/04, 19:22:47.853,36.175,-74.827,-0.08,226.19,87.99,0.14,11.6,11.6,997.2,997.3,0.0,0.0,13.74,11.62,5,359,4.9,4.6,64.7,65.0,5.0,4.7,231.7,225.8,999.3,999.4,1003.31,339.21,3028.09,32.5158,9.758,314.5,32.8,1486.014, NAN, NAN, NAN, NAN,,2024/04/04 19:22:47.853,2024-04-04 19:22:47.853000+00:00
2024/04/04, 19:23:47.853,36.175,-74.827,-0.05,225.58,190.06,0.42,11.7,11.7,997.2,997.3,0.0,0.0,13.74,11.62,5,1,4.1,4.0,65.0,65.1,4.0,4.0,227.6,223.5,999.3,999.4,444.93,334.99,1524.61,32.5233,9.741,330.0,33.2,1485.961, NAN, NAN, NAN, NAN,,2024/04/04 19:23:47.853,2024-04-04 19:23:47.853000+00:00
2024/04/04, 19:24:47.853,36.175,-74.827,-0.13,225.09,122.44,0.5,11.7,11.7,997.6,997.3,0.0,0.0,13.74,11.62,355,349,3.3,3.3,70.6,65.4,3.3,3.3,224.6,218.5,999.7,999.4,407.14,339.14,1405.28,32.5291,9.7198,343.2,33.0,1485.891, NAN, NAN, NAN, NAN,,2024/04/04 19:24:47.853,2024-04-04 19:24:47.853000+00:00
2024/04/04, 19:25:47.853,36.175,-74.827,-0.15,226.06,139.88,0.37,11.6,11.6,997.3,997.0,0.0,0.0,13.74,11.62,357,351,3.8,3.5,74.3,74.2,3.8,3.5,225.9,220.2,999.4,999.1,362.73,345.32,1292.0,32.5263,9.7214,353.9,32.9,1485.894, NAN, NAN, NAN, NAN,,2024/04/04 19:25:47.853,2024-04-04 19:25:47.853000+00:00
2024/04/04, 19:26:47.853,36.175,-74.827,-0.15,225.65,103.89,0.21,11.4,11.5,997.3,997.3,0.0,0.0,13.74,11.62,8,0,4.6,4.4,71.5,71.8,4.6,4.4,234.9,227.0,999.4,999.4,349.85,349.53,1270.12,32.5194,9.7178,358.0,33.0,1485.872, NAN, NAN, NAN, NAN,,2024/04/04 19:26:47.853,2024-04-04 19:26:47.853000+00:00
2024/04/04, 19:27:47.853,36.175,-74.827,-0.12,226.09,169.15,0.15,11.3,11.4,997.5,997.4,0.0,0.0,13.74,11.62,11,6,4.5,4.2,67.6,67.8,4.5,4.2,238.1,233.1,999.6,999.5,366.99,351.2,1304.04,32.5155,9.6825,356.9,33.1,1485.739, NAN, NAN, NAN, NAN,,2024/04/04 19:27:47.853,2024-04-04 19:27:47.853000+00:00
2024/04/04, 19:28:47.854,36.175,-74.827,-0.18,225.87,127.7,0.39,11.4,11.4,997.6,997.4,0.0,0.0,13.74,11.62,14,6,4.7,4.5,66.8,67.1,4.8,4.6,242.0,234.2,999.7,999.5,341.86,351.83,1267.1,32.5133,9.6624,360.6,33.0,1485.663, NAN, NAN, NAN, NAN,,2024/04/04 19:28:47.854,2024-04-04 19:28:47.854000+00:00
2024/04/04, 19:29:47.854,36.175,-74.827,-0.29,225.26,115.21,0.36,11.5,11.4,997.4,997.2,0.0,0.0,13.74,11.62,18,15,4.2,4.6,64.9,67.2,4.4,4.8,244.4,241.4,999.5,999.3,360.26,352.39,1329.78,32.5098,9.6788,361.7,32.9,1485.718, NAN, NAN, NAN, NAN,,2024/04/04 19:29:47.854,2024-04-04 19:29:47.854000+00:00
2024/04/04, 19:30:47.854,36.175,-74.827,-0.23,225.91,132.84,0.44,11.6,11.6,997.4,997.4,0.0,0.0,13.74,11.62,21,15,4.5,4.3,64.9,65.2,4.6,4.3,249.7,243.9,999.5,999.5,627.68,355.41,1909.02,32.509,9.7167,362.4,33.1,1485.855, NAN, NAN, NAN, NAN,,2024/04/04 19:30:47.854,2024-04-04 19:30:47.854000+00:00
2024/04/04, 19:31:47.854,36.175,-74.827,-0.04,225.92,298.27,0.6,11.6,11.6,997.4,997.4,0.0,0.0,13.74,11.62,21,15,4.3,4.0,64.3,64.5,4.1,3.9,243.3,236.9,999.5,999.5,616.42,355.11,1732.35,32.5076,9.7624,364.0,32.9,1486.02, NAN, NAN, NAN, NAN,,2024/04/04 19:31:47.854,2024-04-04 19:31:47.854000+00:00
2024/04/04, 19:32:47.854,36.175,-74.827,-0.11,226.52,98.94,0.07,11.7,11.7,997.4,997.4,0.0,0.0,13.74,11.62,22,17,3.4,3.8,66.5,66.6,3.4,3.8,248.4,243.5,999.5,999.5,644.71,353.65,1806.38,32.5082,9.7785,347.2,32.9,1486.079, NAN, NAN, NAN, NAN,,2024/04/04 19:32:47.854,2024-04-04 19:32:47.854000+00:00
2024/04/04, 19:33:47.854,36.175,-74.827,-0.13,226.34,284.77,0.49,11.6,11.7,997.4,997.3,0.0,0.0,13.74,11.62,25,18,4.1,3.7,67.2,67.2,3.9,3.5,248.8,241.2,999.5,999.4,478.46,348.0,1599.38,32.5057,9.798,335.2,33.3,1486.147, NAN, NAN, NAN, NAN,,2024/04/04 19:33:47.854,2024-04-04 19:33:47.854000+00:00
2024/04/04, 19:34:47.854,36.175,-74.827,-0.11,225.75,137.63,0.39,11.6,11.6,997.3,997.4,0.0,0.0,13.74,11.62,24,18,4.0,3.8,68.5,67.1,4.1,3.8,252.4,246.7,999.4,999.5,574.25,345.92,1900.47,32.5036,9.8072,355.6,33.0,1486.178, NAN, NAN, NAN, NAN,,2024/04/04 19:34:47.854,2024-04-04 19:34:47.854000+00:00
2024/04/04, 19:35:47.854,36.175,-74.827,-0.16,224.76,122.88,0.75,11.6,11.6,997.4,997.4,0.0,0.0,13.74,11.62,29,23,4.0,3.8,68.4,69.5,4.3,4.0,257.8,252.3,999.5,999.5,467.91,341.91,1453.54,32.5022,9.8109,378.4,33.1,1486.19, NAN, NAN, NAN, NAN,,2024/04/04 19:35:47.854,2024-04-04 19:35:47.854000+00:00
2024/04/04, 19:36:47.854,36.175,-74.827,-0.18,225.8,280.68,0.5,11.5,11.5,997.3,997.2,0.0,0.0,13.74,11.62,32,27,4.4,5.2,68.7,69.3,4.2,5.0,256.7,251.6,999.4,999.3,954.93,345.11,2474.02,32.5031,9.8079,375.5,33.0,1486.18, NAN, NAN, NAN, NAN,,2024/04/04 19:36:47.854,2024-04-04 19:36:47.854000+00:00
2024/04/04, 19:37:47.854,36.175,-74.827,-0.12,225.37,271.57,0.16,11.5,11.5,997.4,997.5,0.0,0.0,13.74,11.62,24,23,4.5,5.1,63.8,63.6,4.4,5.0,248.9,247.9,999.5,999.6,339.83,336.82,1270.67,32.5021,9.8104,359.6,33.1,1486.188, NAN, NAN, NAN, NAN,,2024/04/04 19:37:47.854,2024-04-04 19:37:47.854000+00:00
2024/04/04, 19:38:47.854,36.175,-74.827,-0.22,226.34,350.3,0.54,11.6,11.6,997.3,997.4,0.0,0.0,13.74,11.62,20,20,4.0,5.3,62.1,61.6,4.0,5.3,242.4,243.3,999.4,999.5,347.52,334.85,1286.78,32.5027,9.8023,330.0,33.2,1486.159, NAN, NAN, NAN, NAN,,2024/04/04 19:38:47.854,2024-04-04 19:38:47.854000+00:00
2024/04/04, 19:39:47.854,36.175,-74.827,-0.11,226.61,190.2,0.25,11.8,11.8,997.4,997.3,0.0,0.0,13.74,11.62,29,24,5.1,4.8,59.5,59.2,5.0,4.7,256.4,251.4,999.5,999.4,921.85,339.3,2894.79,32.4988,9.8021,338.2,33.7,1486.154, NAN, NAN, NAN, NAN,,2024/04/04 19:39:47.854,2024-04-04 19:39:47.854000+00:00
2024/04/04, 19:40:47.854,36.175,-74.827,-0.1,226.17,102.71,0.26,11.9,12.0,997.5,997.3,0.0,0.0,13.74,11.62,28,26,3.8,5.0,61.0,60.8,3.9,5.1,255.4,253.1,999.6,999.4,863.15,335.18,2772.63,32.507,9.813,349.6,33.6,1486.203, NAN, NAN, NAN, NAN,,2024/04/04 19:40:47.854,2024-04-04 19:40:47.854000+00:00
2024/04/04, 19:41:47.854,36.175,-74.827,-0.14,225.33,281.25,0.08,12.0,12.0,997.3,997.3,0.0,0.0,13.74,11.62,32,26,4.3,5.1,59.6,59.4,4.3,5.1,257.3,251.3,999.4,999.4,547.28,328.67,1512.75,32.5141,9.8192,365.1,33.7,1486.234, NAN, NAN, NAN, NAN,,2024/04/04 19:41:47.854,2024-04-04 19:41:47.854000+00:00
2024/04/04, 19:42:47.854,36.175,-74.827,-0.13,225.71,240.59,0.3,12.0,12.0,997.4,997.3,0.0,0.0,13.74,11.62,35,29,4.8,5.5,60.9,60.7,4.7,5.4,261.8,255.6,999.5,999.4,315.63,321.23,1146.11,32.5211,9.8192,372.0,33.5,1486.243, NAN, NAN, NAN, NAN,,2024/04/04 19:42:47.854,2024-04-04 19:42:47.854000+00:00
2024/04/04, 19:43:47.854,36.175,-74.827,-0.12,227.21,121.52,0.14,12.0,12.0,997.3,997.4,0.0,0.0,13.74,11.62,32,27,4.8,5.0,63.6,63.5,4.8,5.0,259.9,254.9,999.4,999.5,271.73,318.64,1037.89,32.5181,9.8143,389.4,33.3,1486.221, NAN, NAN, NAN, NAN,,2024/04/04 19:43:47.854,2024-04-04 19:43:47.854000+00:00
2024/04/04, 19:44:47.855,36.175,-74.827,-0.02,225.03,283.47,0.09,11.9,12.0,997.3,997.4,0.0,0.0,13.74,11.62,33,27,5.0,5.1,61.8,63.6,5.0,5.1,258.0,251.9,999.4,999.5,506.48,319.45,1740.63,32.5125,9.8176,390.0,33.5,1486.227, NAN, NAN, NAN, NAN,,2024/04/04 19:44:47.855,2024-04-04 19:44:47.855000+00:00
2024/04/04, 19:45:47.855,36.175,-74.827,0.3,226.07,172.62,0.83,11.9,11.9,997.4,997.3,0.0,0.0,13.74,11.62,33,28,5.3,6.0,62.9,63.0,5.1,5.8,263.3,257.6,999.5,999.4,765.08,318.43,2414.88,32.5093,9.8328,372.9,33.5,1486.278, NAN, NAN, NAN, NAN,,2024/04/04 19:45:47.855,2024-04-04 19:45:47.855000+00:00
2024/04/04, 19:46:47.855,36.175,-74.827,-0.37,226.86,291.49,0.24,11.9,11.9,997.2,997.4,0.0,0.0,13.74,11.62,32,27,5.1,5.3,63.2,62.8,5.0,5.2,258.0,253.0,999.3,999.5,693.99,312.65,2299.72,32.5066,9.8373,368.1,33.6,1486.291, NAN, NAN, NAN, NAN,,2024/04/04 19:46:47.855,2024-04-04 19:46:47.855000+00:00
2024/04/04, 19:47:47.855,36.175,-74.827,-0.09,226.85,102.61,0.29,12.0,11.9,997.4,997.6,0.0,0.0,13.74,11.62,32,30,4.5,6.0,55.8,55.7,4.6,6.1,259.5,257.4,999.5,999.7,687.35,308.37,2305.03,32.5084,9.8475,374.7,33.5,1486.33, NAN, NAN, NAN, NAN,,2024/04/04 19:47:47.855,2024-04-04 19:47:47.855000+00:00
2024/04/04, 19:48:47.855,36.175,-74.827,-0.08,224.88,301.82,0.24,12.1,12.0,997.4,997.3,0.0,0.0,13.74,11.62,39,33,5.1,6.9,54.4,55.5,5.0,6.8,263.0,257.1,999.5,999.4,679.55,306.47,2294.17,32.5042,9.85,384.1,33.3,1486.334, NAN, NAN, NAN, NAN,,2024/04/04 19:48:47.855,2024-04-04 19:48:47.855000+00:00
2024/04/04, 19:49:47.855,36.175,-74.827,-0.06,225.66,114.01,0.17,12.3,12.1,997.4,997.5,0.0,0.0,13.74,11.62,38,32,4.9,6.6,56.1,54.4,5.0,6.7,264.1,258.0,999.5,999.6,673.08,306.05,2278.51,32.5038,9.8594,372.4,33.5,1486.368, NAN, NAN, NAN, NAN,,2024/04/04 19:49:47.855,2024-04-04 19:49:47.855000+00:00
2024/04/04, 19:50:47.855,36.175,-74.827,-0.08,226.19,330.04,0.18,12.3,12.3,997.6,997.4,0.0,0.0,13.74,11.62,39,33,5.1,6.5,55.7,55.6,5.1,6.5,264.3,258.4,999.7,999.5,675.07,305.48,2298.14,32.5033,9.8705,337.4,33.5,1486.407, NAN, NAN, NAN, NAN,,2024/04/04 19:50:47.855,2024-04-04 19:50:47.855000+00:00
2024/04/04, 19:51:47.855,36.175,-74.827,-0.14,226.05,142.1,0.59,12.3,12.4,997.6,997.4,0.0,0.0,13.74,11.62,38,32,5.0,6.0,55.5,55.4,5.2,6.2,266.6,260.4,999.7,999.5,577.01,304.21,1754.37,32.4984,9.869,302.2,33.3,1486.396, NAN, NAN, NAN, NAN,,2024/04/04 19:51:47.855,2024-04-04 19:51:47.855000+00:00
2024/04/04, 19:52:47.855,36.175,-74.827,-0.03,225.26,140.54,0.49,12.3,12.3,997.5,997.7,0.0,0.0,13.74,11.62,38,33,4.6,6.5,58.5,58.7,4.7,6.6,265.9,260.3,999.6,999.8,710.51,305.18,2342.04,32.4934,9.8573,289.7,33.5,1486.347, NAN, NAN, NAN, NAN,,2024/04/04 19:52:47.855,2024-04-04 19:52:47.855000+00:00
2024/04/04, 19:53:47.855,36.175,-74.827,-0.08,226.11,287.17,0.29,12.3,12.2,997.6,997.7,0.0,0.0,13.74,11.62,36,31,5.0,6.2,58.6,58.9,4.9,6.1,261.6,256.5,999.7,999.8,506.36,304.6,1812.88,32.4961,9.8589,273.9,33.7,1486.356, NAN, NAN, NAN, NAN,,2024/04/04 19:53:47.855,2024-04-04 19:53:47.855000+00:00
2024/04/04, 19:54:47.855,36.175,-74.827,-0.18,226.08,209.49,0.18,12.1,12.1,997.5,997.6,0.0,0.0,13.74,11.62,36,31,5.7,6.4,59.9,59.9,5.7,6.4,263.0,257.9,999.6,999.7,667.41,306.02,2382.95,32.4962,9.8467,268.1,33.5,1486.312, NAN, NAN, NAN, NAN,,2024/04/04 19:54:47.855,2024-04-04 19:54:47.855000+00:00
2024/04/04, 19:55:47.855,36.175,-74.827,-0.14,227.04,22.4,0.37,12.1,12.1,997.7,997.7,0.0,0.0,13.74,11.62,43,36,5.3,7.1,60.4,60.3,5.3,7.1,268.0,261.5,999.8,999.8,289.19,301.85,1183.42,32.4951,9.8364,259.5,33.6,1486.274, NAN, NAN, NAN, NAN,,2024/04/04 19:55:47.855,2024-04-04 19:55:47.855000+00:00
2024/04/04, 19:56:47.855,36.175,-74.827,-0.13,225.56,123.18,0.21,12.0,12.0,997.4,997.5,0.0,0.0,13.74,11.62,41,33,5.4,7.2,61.6,61.6,5.5,7.3,267.3,259.2,999.5,999.6,524.37,304.44,2165.47,32.4949,9.8237,271.2,33.6,1486.227, NAN, NAN, NAN, NAN,,2024/04/04 19:56:47.855,2024-04-04 19:56:47.855000+00:00
2024/04/04, 19:57:47.855,36.175,-74.827,-0.07,226.34,315.62,0.28,12.0,12.0,997.7,997.8,0.0,0.0,13.74,11.62,43,37,5.6,7.8,61.2,61.1,5.5,7.7,268.4,262.6,999.8,999.9,727.94,308.79,2436.55,32.4951,9.8203,277.6,33.3,1486.215, NAN, NAN, NAN, NAN,,2024/04/04 19:57:47.855,2024-04-04 19:57:47.855000+00:00
2024/04/04, 19:58:47.855,36.175,-74.827,-0.11,226.15,226.92,0.13,12.0,12.0,997.8,997.7,0.0,0.0,13.74,11.62,44,38,6.2,7.7,61.8,61.7,6.2,7.7,270.7,264.6,999.9,999.8,726.04,310.08,2438.76,32.493,9.8271,276.3,33.5,1486.237, NAN, NAN, NAN, NAN,,2024/04/04 19:58:47.855,2024-04-04 19:58:47.855000+00:00
2024/04/04, 19:59:47.855,36.175,-74.827,-0.17,226.43,319.43,0.03,12.0,12.0,997.7,997.6,0.0,0.0,13.74,11.62,46,39,5.9,7.8,61.9,61.8,5.9,7.8,272.5,265.5,999.8,999.7,720.04,311.63,2412.24,32.4954,9.8181,269.2,33.4,1486.207, NAN, NAN, NAN, NAN,,2024/04/04 19:59:47.855,2024-04-04 19:59:47.855000+00:00
2024/04/04, 20:00:47.855,36.175,-74.827,-0.06,225.96,170.9,0.34,12.0,12.0,997.6,997.6,0.0,0.0,13.74,11.62,45,39,6.2,8.0,62.0,62.0,6.3,8.0,272.5,266.2,999.7,999.7,723.8,312.63,2419.6,32.4937,9.828,264.1,33.5,1486.241, NAN, NAN, NAN, NAN,,2024/04/04 20:00:47.855,2024-04-04 20:00:47.855000+00:00
2024/04/04, 20:01:47.856,36.175,-74.827,-0.07,225.38,212.79,0.18,12.0,12.0,997.7,997.4,0.0,0.0,13.74,11.62,48,40,4.9,6.7,61.7,61.7,4.9,6.7,274.5,266.2,999.8,999.5,606.34,311.2,2032.51,32.4951,9.8282,263.8,33.3,1486.244, NAN, NAN, NAN, NAN,,2024/04/04 20:01:47.856,2024-04-04 20:01:47.856000+00:00
2024/04/04, 20:02:47.856,36.175,-74.827,-0.13,223.44,357.13,0.47,11.9,11.9,997.6,997.6,0.0,0.0,13.74,11.62,48,41,5.4,7.2,65.3,65.3,5.3,7.1,269.3,262.7,999.7,999.7,684.24,312.42,2320.33,32.4933,9.8437,264.4,33.3,1486.298, NAN, NAN, NAN, NAN,,2024/04/04 20:02:47.856,2024-04-04 20:02:47.856000+00:00
2024/04/04, 20:03:47.856,36.175,-74.827,-0.25,194.94,115.56,0.25,11.8,11.8,997.8,997.8,0.0,0.0,13.74,11.62,67,57,5.5,6.8,65.0,64.9,5.6,6.9,261.2,251.5,999.9,999.9,752.86,314.53,2460.01,32.4948,9.8576,261.4,33.5,1486.35, NAN, NAN, NAN, NAN,,2024/04/04 20:03:47.856,2024-04-04 20:03:47.856000+00:00
2024/04/04, 20:04:47.856,36.175,-74.827,-0.11,153.93,266.05,0.36,11.8,11.8,997.7,997.7,0.0,0.0,13.74,11.62,112,101,5.8,5.1,65.2,65.1,5.7,5.0,264.8,253.4,999.8,999.8,642.52,315.05,2327.17,32.4948,9.8572,260.8,33.4,1486.349, NAN, NAN, NAN, NAN,,2024/04/04 20:04:47.856,2024-04-04 20:04:47.856000+00:00
2024/04/04, 20:05:47.856,36.175,-74.827,-0.31,111.0,205.55,0.5,11.7,11.8,997.8,997.7,0.0,0.0,13.74,11.62,158,169,5.4,5.2,65.3,65.0,5.2,5.0,270.4,281.9,999.9,999.8,743.84,316.73,2298.95,32.4915,9.7667,258.5,33.5,1486.016, NAN, NAN, NAN, NAN,,2024/04/04 20:05:47.856,2024-04-04 20:05:47.856000+00:00
2024/04/04, 20:06:47.856,36.175,-74.827,-0.07,71.74,323.11,0.29,11.7,11.7,997.7,997.6,0.0,0.0,13.74,11.62,206,245,3.6,2.3,66.9,66.7,3.5,2.2,276.8,317.9,999.8,999.7,734.63,318.34,2316.82,32.4944,9.6523,257.7,33.3,1485.603, NAN, NAN, NAN, NAN,,2024/04/04 20:06:47.856,2024-04-04 20:06:47.856000+00:00
2024/04/04, 20:07:47.856,36.175,-74.827,0.79,57.14,73.33,0.73,11.8,11.8,997.8,997.9,0.0,0.0,13.74,11.62,217,216,5.1,4.8,64.0,64.9,5.3,5.0,270.8,269.6,999.9,1000.0,355.8,311.84,1288.4,32.4946,9.5617,254.0,33.3,1485.273, NAN, NAN, NAN, NAN,,2024/04/04 20:07:47.856,2024-04-04 20:07:47.856000+00:00
2024/04/04, 20:08:47.856,36.175,-74.826,1.75,59.28,79.46,2.73,11.8,11.8,997.9,998.0,0.0,0.0,13.74,11.62,218,224,3.9,3.0,64.0,64.6,5.2,4.3,272.2,275.3,1000.0,1000.1,715.02,315.24,2008.9,32.4931,9.5358,253.4,33.3,1485.176, NAN, NAN, NAN, NAN,,2024/04/04 20:08:47.856,2024-04-04 20:08:47.856000+00:00
2024/04/04, 20:09:47.856,36.176,-74.825,3.09,60.08,53.98,3.45,11.8,11.8,997.8,997.8,0.0,0.0,13.74,11.62,226,228,3.8,3.0,65.2,65.8,5.1,4.3,270.8,269.4,999.9,999.9,464.78,316.29,933.16,32.4912,9.576,251.3,33.0,1485.321, NAN, NAN, NAN, NAN,,2024/04/04 20:09:47.856,2024-04-04 20:09:47.856000+00:00
2024/04/04, 20:10:47.856,36.176,-74.824,3.89,60.25,68.4,4.07,11.7,11.7,997.9,997.8,0.0,0.0,13.74,11.62,228,230,3.8,3.5,65.0,65.4,5.5,5.2,273.5,274.0,1000.0,999.9,192.58,315.67,752.17,32.4904,9.5684,265.6,33.3,1485.292, NAN, NAN, NAN, NAN,,2024/04/04 20:10:47.856,2024-04-04 20:10:47.856000+00:00
2024/04/04, 20:11:47.856,36.177,-74.823,3.33,55.69,57.83,3.87,11.7,11.7,997.7,997.7,0.0,0.0,13.74,11.62,232,238,3.9,3.2,64.3,64.6,5.5,4.8,273.6,275.4,999.8,999.8,189.9,318.41,747.21,32.4947,9.568,309.9,33.5,1485.296, NAN, NAN, NAN, NAN,,2024/04/04 20:11:47.856,2024-04-04 20:11:47.856000+00:00
2024/04/04, 20:12:47.856,36.177,-74.822,3.41,56.09,47.99,3.3,11.7,11.7,997.9,997.7,0.0,0.0,13.74,11.62,229,232,3.9,3.0,64.1,64.1,5.2,4.3,272.0,271.3,1000.0,999.8,200.58,321.9,768.57,32.5034,9.6127,330.0,33.4,1485.47, NAN, NAN, NAN, NAN,,2024/04/04 20:12:47.856,2024-04-04 20:12:47.856000+00:00
2024/04/04, 20:13:47.856,36.178,-74.821,2.94,52.22,60.21,3.12,11.7,11.7,997.7,997.7,0.0,0.0,13.74,11.62,232,237,3.8,3.1,64.3,64.6,5.0,4.3,270.8,272.2,999.8,999.8,214.89,325.99,797.8,32.499,9.6251,337.4,33.7,1485.509, NAN, NAN, NAN, NAN,,2024/04/04 20:13:47.856,2024-04-04 20:13:47.856000+00:00
2024/04/04, 20:14:47.856,36.178,-74.82,3.3,50.73,54.51,3.17,11.7,11.7,997.6,997.7,0.0,0.0,13.74,11.62,238,251,4.0,3.3,65.3,65.7,5.2,4.2,274.2,281.2,999.7,999.8,221.05,329.45,801.09,32.4945,9.6239,355.6,33.9,1485.5, NAN, NAN, NAN, NAN,,2024/04/04 20:14:47.856,2024-04-04 20:14:47.856000+00:00
2024/04/04, 20:15:47.856,36.178,-74.819,2.58,51.74,57.93,2.06,11.7,11.7,997.8,997.9,0.0,0.0,13.74,11.62,230,231,4.2,3.7,64.8,64.8,5.0,4.5,273.4,273.3,999.9,1000.0,224.05,333.11,808.73,32.4878,9.6176,368.9,34.1,1485.468, NAN, NAN, NAN, NAN,,2024/04/04 20:15:47.856,2024-04-04 20:15:47.856000+00:00
2024/04/04, 20:16:47.857,36.178,-74.819,-0.19,50.74,303.68,0.59,11.7,11.7,997.6,997.5,0.0,0.0,13.74,11.62,220,220,5.1,4.5,64.8,65.0,4.8,4.2,269.7,269.5,999.7,999.6,224.44,337.24,807.4,32.4845,9.5933,388.1,32.1,1485.376, NAN, NAN, NAN, NAN,,2024/04/04 20:16:47.857,2024-04-04 20:16:47.857000+00:00
2024/04/04, 20:17:47.857,36.178,-74.819,-0.08,49.45,149.13,0.11,11.6,11.6,997.8,997.6,0.0,0.0,13.74,11.62,224,228,4.8,4.1,65.1,65.3,4.9,4.2,273.3,277.3,999.9,999.7,242.89,341.55,863.32,32.4808,9.5273,403.6,31.7,1485.13, NAN, NAN, NAN, NAN,,2024/04/04 20:17:47.857,2024-04-04 20:17:47.857000+00:00
2024/04/04, 20:18:47.857,36.179,-74.819,0.56,49.98,337.46,0.98,11.6,11.6,997.9,997.7,0.0,0.0,13.74,11.62,227,228,4.7,4.2,64.6,64.8,4.7,4.2,270.9,271.1,1000.0,999.8,269.07,344.6,937.43,32.4799,9.5028,417.1,31.8,1485.039, NAN, NAN, NAN, NAN,,2024/04/04 20:18:47.857,2024-04-04 20:18:47.857000+00:00
2024/04/04, 20:19:47.857,36.179,-74.819,0.57,50.52,63.27,0.67,11.6,11.6,997.8,997.8,0.0,0.0,13.74,11.62,223,224,4.8,4.4,64.9,65.2,4.8,4.4,269.4,270.0,999.9,999.9,286.32,345.47,1062.5,32.4895,9.5022,430.8,31.7,1485.049, NAN, NAN, NAN, NAN,,2024/04/04 20:19:47.857,2024-04-04 20:19:47.857000+00:00
2024/04/04, 20:20:47.857,36.179,-74.819,0.56,50.22,113.6,0.49,11.6,11.6,997.5,997.9,0.0,0.0,13.74,11.62,222,223,4.7,4.2,65.1,65.5,4.9,4.4,272.7,273.7,999.6,1000.0,261.85,346.21,875.62,32.5022,9.5169,433.2,31.3,1485.118, NAN, NAN, NAN, NAN,,2024/04/04 20:20:47.857,2024-04-04 20:20:47.857000+00:00
2024/04/04, 20:21:47.857,36.179,-74.818,0.71,50.02,77.46,0.79,11.6,11.6,997.6,997.8,0.0,0.0,13.74,11.62,222,223,4.4,4.2,64.6,65.5,4.8,4.6,269.9,270.8,999.7,999.9,249.09,346.68,835.23,32.512,9.5472,442.8,31.5,1485.241, NAN, NAN, NAN, NAN,,2024/04/04 20:21:47.857,2024-04-04 20:21:47.857000+00:00
2024/04/04, 20:22:47.857,36.179,-74.818,0.34,50.29,82.34,0.22,11.6,11.6,998.0,997.8,0.0,0.0,13.74,11.62,219,220,4.5,3.9,64.9,65.2,4.6,4.0,268.7,269.5,1000.1,999.9,233.02,347.38,793.34,32.5189,9.5662,449.6,31.6,1485.319, NAN, NAN, NAN, NAN,,2024/04/04 20:22:47.857,2024-04-04 20:22:47.857000+00:00
2024/04/04, 20:23:47.857,36.179,-74.818,-0.01,49.69,305.17,1.04,11.6,11.6,997.7,997.7,0.0,0.0,13.74,11.62,219,220,4.9,4.4,65.2,65.6,4.5,4.0,264.2,264.8,999.8,999.8,218.92,348.76,755.93,32.5065,9.5815,451.3,32.0,1485.359, NAN, NAN, NAN, NAN,,2024/04/04 20:23:47.857,2024-04-04 20:23:47.857000+00:00
2024/04/04, 20:24:47.857,36.179,-74.818,0.08,49.51,180.21,0.09,11.6,11.6,997.7,997.6,0.0,0.0,13.74,11.62,219,218,4.7,4.3,65.0,65.4,4.7,4.3,269.1,268.1,999.8,999.7,211.13,350.8,740.21,32.4933,9.5309,448.6,31.4,1485.158, NAN, NAN, NAN, NAN,,2024/04/04 20:24:47.857,2024-04-04 20:24:47.857000+00:00
2024/04/04, 20:25:47.857,36.179,-74.818,0.14,54.45,174.77,0.18,11.6,11.6,998.0,997.7,0.0,0.0,13.74,11.62,215,217,4.4,4.0,65.5,65.8,4.5,4.1,269.8,271.8,1000.1,999.8,207.61,352.49,729.55,32.4903,9.5321,442.8,31.6,1485.159, NAN, NAN, NAN, NAN,,2024/04/04 20:25:47.857,2024-04-04 20:25:47.857000+00:00
2024/04/04, 20:26:47.857,36.179,-74.818,0.15,86.36,10.41,0.3,11.6,11.6,997.8,997.9,0.0,0.0,13.74,11.62,189,182,2.7,1.8,65.1,65.5,2.8,1.9,273.7,266.5,999.9,1000.0,200.63,354.32,707.58,32.4873,9.5457,439.5,31.7,1485.205, NAN, NAN, NAN, NAN,,2024/04/04 20:26:47.857,2024-04-04 20:26:47.857000+00:00
2024/04/04, 20:27:47.857,36.179,-74.818,0.8,125.8,104.42,1.71,11.6,11.6,997.9,997.9,0.0,0.0,13.74,11.62,137,120,4.0,3.0,66.5,66.9,4.7,3.6,269.8,257.9,1000.0,1000.0,188.63,354.12,679.26,32.4874,9.5353,444.6,31.2,1485.167, NAN, NAN, NAN, NAN,,2024/04/04 20:27:47.857,2024-04-04 20:27:47.857000+00:00
2024/04/04, 20:28:47.857,36.178,-74.818,1.45,169.02,175.23,1.87,11.6,11.6,997.8,997.8,0.0,0.0,13.74,11.62,95,86,4.8,5.1,65.8,65.6,5.0,5.2,275.0,265.7,999.9,999.9,173.94,354.65,642.04,32.4822,9.5115,462.7,31.7,1485.074, NAN, NAN, NAN, NAN,,2024/04/04 20:28:47.857,2024-04-04 20:28:47.857000+00:00
2024/04/04, 20:29:47.857,36.178,-74.818,1.87,187.98,188.96,2.31,11.5,11.5,997.9,997.9,0.0,0.0,13.74,11.62,72,62,4.9,6.2,64.2,64.1,4.8,5.9,274.0,260.8,1000.0,1000.0,162.29,355.6,619.48,32.4783,9.4848,440.0,31.9,1484.971, NAN, NAN, NAN, NAN,,2024/04/04 20:29:47.857,2024-04-04 20:29:47.857000+00:00
2024/04/04, 20:30:47.857,36.177,-74.818,2.68,188.44,189.06,2.96,11.6,11.6,997.9,997.8,0.0,0.0,13.74,11.62,69,61,4.9,6.1,62.8,62.6,4.7,5.6,275.5,263.6,1000.0,999.9,155.59,355.98,608.13,32.4756,9.4973,438.2,32.0,1485.014, NAN, NAN, NAN, NAN,,2024/04/04 20:30:47.857,2024-04-04 20:30:47.857000+00:00
2024/04/04, 20:31:47.858,36.176,-74.818,3.24,186.22,190.49,3.5,11.6,11.6,997.8,998.0,0.0,0.0,13.74,11.62,68,60,5.2,6.4,62.6,61.5,4.8,5.7,274.5,262.1,999.9,1000.1,155.86,355.77,611.24,32.4848,9.5669,469.1,31.6,1485.28, NAN, NAN, NAN, NAN,,2024/04/04 20:31:47.858,2024-04-04 20:31:47.858000+00:00
2024/04/04, 20:32:47.858,36.175,-74.818,3.41,184.89,190.31,3.72,11.7,11.7,997.8,997.9,0.0,0.0,13.74,11.62,65,56,5.6,7.1,62.3,62.1,5.1,6.2,269.8,255.6,999.9,1000.0,162.77,355.2,630.56,32.4833,9.6104,456.8,32.0,1485.437, NAN, NAN, NAN, NAN,,2024/04/04 20:32:47.858,2024-04-04 20:32:47.858000+00:00
2024/04/04, 20:33:47.858,36.174,-74.818,3.13,184.95,198.18,3.54,11.7,11.7,997.8,998.0,0.0,0.0,13.74,11.62,63,53,5.3,6.9,63.0,62.8,4.4,5.7,266.9,250.4,999.9,1000.1,173.13,354.94,655.38,32.4936,9.648,457.7,31.9,1485.586, NAN, NAN, NAN, NAN,,2024/04/04 20:33:47.858,2024-04-04 20:33:47.858000+00:00
2024/04/04, 20:34:47.858,36.173,-74.818,2.69,186.55,185.99,3.09,11.6,11.7,998.0,997.8,0.0,0.0,13.74,11.62,70,61,4.7,5.9,63.9,63.7,4.6,5.5,276.2,263.0,1000.1,999.9,186.29,355.52,688.19,32.4942,9.6898,447.0,31.6,1485.739, NAN, NAN, NAN, NAN,,2024/04/04 20:34:47.858,2024-04-04 20:34:47.858000+00:00
2024/04/04, 20:35:47.858,36.173,-74.818,1.88,185.5,183.66,2.25,11.6,11.7,997.9,997.8,0.0,0.0,13.74,11.62,73,64,4.6,5.7,62.1,62.0,4.4,5.3,273.1,260.9,1000.0,999.9,202.72,355.19,726.47,32.4974,9.7249,443.3,31.8,1485.871, NAN, NAN, NAN, NAN,,2024/04/04 20:35:47.858,2024-04-04 20:35:47.858000+00:00
2024/04/04, 20:36:47.858,36.172,-74.818,1.36,183.72,207.22,1.72,11.6,11.7,997.8,997.8,0.0,0.0,13.74,11.62,74,64,5.0,6.0,62.7,62.5,4.7,5.6,267.6,255.3,999.9,999.9,218.79,354.47,758.1,32.5009,9.7393,440.6,31.9,1485.928, NAN, NAN, NAN, NAN,,2024/04/04 20:36:47.858,2024-04-04 20:36:47.858000+00:00
2024/04/04, 20:37:47.858,36.172,-74.818,0.92,184.93,192.77,1.43,11.6,11.7,997.9,997.9,0.0,0.0,13.74,11.62,77,67,4.9,5.8,62.8,62.6,4.8,5.5,270.5,258.8,1000.0,1000.0,228.35,353.95,774.31,32.5068,9.7513,435.5,31.7,1485.979, NAN, NAN, NAN, NAN,,2024/04/04 20:37:47.858,2024-04-04 20:37:47.858000+00:00
2024/04/04, 20:38:47.858,36.171,-74.818,0.56,186.23,189.12,0.79,11.6,11.7,998.0,997.9,0.0,0.0,13.74,11.62,82,70,4.6,5.5,62.6,62.4,4.6,5.4,273.3,260.4,1000.1,1000.0,256.13,353.66,845.08,32.507,9.758,423.8,24.3,1486.003, NAN, NAN, NAN, NAN,,2024/04/04 20:38:47.858,2024-04-04 20:38:47.858000+00:00
2024/04/04, 20:39:47.858,36.171,-74.818,-0.29,186.51,49.65,0.31,11.6,11.7,997.8,997.9,0.0,0.0,13.74,11.62,89,77,4.1,4.9,62.4,62.3,4.2,5.1,274.8,263.2,999.9,1000.0,221.86,352.87,733.74,32.512,9.7611,415.3,26.7,1486.021, NAN, NAN, NAN, NAN,,2024/04/04 20:39:47.858,2024-04-04 20:39:47.858000+00:00
2024/04/04, 20:40:47.858,36.171,-74.818,0.02,185.85,219.86,0.47,11.6,11.7,998.0,997.8,0.0,0.0,13.74,11.62,89,75,4.1,4.9,62.3,62.2,4.0,4.8,278.0,263.1,1000.1,999.9,212.17,352.13,701.71,32.5085,9.7657,399.8,28.2,1486.033, NAN, NAN, NAN, NAN,,2024/04/04 20:40:47.858,2024-04-04 20:40:47.858000+00:00
2024/04/04, 20:41:47.858,36.171,-74.818,-0.03,186.28,174.24,0.38,11.6,11.7,997.8,998.0,0.0,0.0,13.74,11.62,90,78,4.1,4.8,62.2,62.2,4.0,4.7,278.9,266.4,999.9,1000.1,201.18,352.19,668.28,32.5292,9.7743,402.5,28.6,1486.09, NAN, NAN, NAN, NAN,,2024/04/04 20:41:47.858,2024-04-04 20:41:47.858000+00:00
2024/04/04, 20:42:47.858,36.171,-74.818,-0.05,186.12,263.4,0.43,11.7,11.7,997.9,997.8,0.0,0.0,13.74,11.62,87,76,3.9,4.6,62.0,61.9,3.7,4.4,275.1,263.3,1000.0,999.9,189.48,352.05,629.19,32.5269,9.7774,392.1,28.3,1486.098, NAN, NAN, NAN, NAN,,2024/04/04 20:42:47.858,2024-04-04 20:42:47.858000+00:00
2024/04/04, 20:43:47.858,36.171,-74.818,-0.35,185.58,280.77,0.58,11.6,11.7,997.9,998.0,0.0,0.0,13.74,11.62,88,74,3.9,4.7,62.4,62.3,3.6,4.4,273.2,258.3,1000.0,1000.1,177.3,352.55,592.92,32.5162,9.7727,377.4,28.5,1486.068, NAN, NAN, NAN, NAN,,2024/04/04 20:43:47.858,2024-04-04 20:43:47.858000+00:00
2024/04/04, 20:44:47.858,36.171,-74.818,-0.36,185.62,231.59,0.16,11.6,11.7,998.0,998.0,0.0,0.0,13.74,11.62,85,71,3.6,4.7,62.9,62.8,3.7,4.8,270.9,257.0,1000.1,1000.1,165.5,353.22,558.14,32.5133,9.7706,373.2,28.2,1486.057, NAN, NAN, NAN, NAN,,2024/04/04 20:44:47.858,2024-04-04 20:44:47.858000+00:00
2024/04/04, 20:45:47.858,36.171,-74.818,-0.37,186.38,324.71,0.33,11.6,11.6,998.1,998.0,0.0,0.0,13.74,11.62,83,68,3.7,4.8,64.4,64.4,3.6,4.7,267.6,252.7,1000.2,1000.1,152.5,353.69,523.54,32.5084,9.7665,360.8,28.1,1486.036, NAN, NAN, NAN, NAN,,2024/04/04 20:45:47.858,2024-04-04 20:45:47.858000+00:00
2024/04/04, 20:46:47.858,36.171,-74.818,-0.45,186.44,309.36,0.31,11.6,11.6,998.0,997.8,0.0,0.0,13.74,11.62,82,69,3.8,4.8,64.0,64.5,3.7,4.7,267.4,254.2,1000.1,999.9,137.54,354.48,486.56,32.5046,9.7639,351.6,28.2,1486.022, NAN, NAN, NAN, NAN,,2024/04/04 20:46:47.858,2024-04-04 20:46:47.858000+00:00
2024/04/04, 20:47:47.859,36.171,-74.818,-0.43,185.4,127.91,0.16,11.5,11.6,997.9,997.8,0.0,0.0,13.74,11.62,84,70,3.6,4.4,64.4,64.3,3.7,4.5,269.9,256.0,1000.0,999.9,120.87,355.32,441.12,32.5133,9.7606,367.2,28.3,1486.02, NAN, NAN, NAN, NAN,,2024/04/04 20:47:47.859,2024-04-04 20:47:47.859000+00:00
2024/04/04, 20:48:47.859,36.171,-74.818,-0.36,185.31,49.47,0.17,11.5,11.5,997.8,997.8,0.0,0.0,13.74,11.62,81,68,3.6,4.6,64.5,64.4,3.7,4.7,265.6,253.0,999.9,999.9,105.01,355.98,402.74,32.5174,9.7579,372.8,28.3,1486.016, NAN, NAN, NAN, NAN,,2024/04/04 20:48:47.859,2024-04-04 20:48:47.859000+00:00
2024/04/04, 20:49:47.859,36.171,-74.818,-0.39,185.21,75.39,0.12,11.5,11.5,998.0,998.0,0.0,0.0,13.74,11.62,83,67,3.7,4.8,65.0,64.8,3.8,4.9,268.3,252.5,1000.1,1000.1,92.17,356.29,370.54,32.5113,9.7522,370.8,28.1,1485.987, NAN, NAN, NAN, NAN,,2024/04/04 20:49:47.859,2024-04-04 20:49:47.859000+00:00
2024/04/04, 20:50:47.859,36.171,-74.818,-0.37,185.49,147.07,0.11,11.5,11.5,998.0,998.0,0.0,0.0,13.74,11.62,86,71,3.7,4.7,63.4,63.3,3.7,4.7,272.2,257.0,1000.1,1000.1,83.54,356.71,343.96,32.5029,9.7486,372.8,28.5,1485.964, NAN, NAN, NAN, NAN,,2024/04/04 20:50:47.859,2024-04-04 20:50:47.859000+00:00
2024/04/04, 20:51:47.859,36.171,-74.818,-0.38,186.53,197.8,0.19,11.5,11.5,997.9,998.1,0.0,0.0,13.74,11.62,86,70,3.5,4.4,62.9,62.7,3.6,4.4,273.9,257.8,1000.0,1000.2,76.21,356.71,319.89,32.4994,9.7426,379.6,28.3,1485.938, NAN, NAN, NAN, NAN,,2024/04/04 20:51:47.859,2024-04-04 20:51:47.859000+00:00
2024/04/04, 20:52:47.859,36.171,-74.818,-0.36,185.57,70.76,0.73,11.5,11.5,997.9,997.8,0.0,0.0,13.74,11.62,82,70,3.5,4.6,63.4,63.2,3.8,5.0,265.1,254.5,1000.0,999.9,68.33,356.97,291.44,32.4967,9.7399,385.7,28.0,1485.925, NAN, NAN, NAN, NAN,,2024/04/04 20:52:47.859,2024-04-04 20:52:47.859000+00:00
2024/04/04, 20:53:47.859,36.171,-74.818,-0.42,186.21,282.63,0.2,11.5,11.5,998.0,997.9,0.0,0.0,13.74,11.62,83,69,3.5,4.4,63.2,63.1,3.4,4.3,269.2,254.9,1000.1,1000.0,60.79,357.21,270.76,32.4964,9.7397,391.8,28.5,1485.924, NAN, NAN, NAN, NAN,,2024/04/04 20:53:47.859,2024-04-04 20:53:47.859000+00:00
2024/04/04, 20:54:47.859,36.171,-74.818,-0.42,185.91,5.93,0.09,11.5,11.5,998.1,998.1,0.0,0.0,13.74,11.62,82,69,3.7,4.6,63.1,63.1,3.7,4.6,267.2,254.4,1000.2,1000.2,54.7,357.44,252.53,32.4935,9.7424,401.2,28.9,1485.93, NAN, NAN, NAN, NAN,,2024/04/04 20:54:47.859,2024-04-04 20:54:47.859000+00:00
2024/04/04, 20:55:47.859,36.171,-74.818,-0.4,185.41,185.78,0.39,11.5,11.5,998.1,998.1,0.0,0.0,13.74,11.62,81,67,3.6,4.7,62.3,62.0,3.8,4.9,266.7,253.2,1000.2,1000.2,50.94,357.49,239.99,32.4921,9.743,406.5,29.0,1485.931, NAN, NAN, NAN, NAN,,2024/04/04 20:55:47.859,2024-04-04 20:55:47.859000+00:00
2024/04/04, 20:56:47.859,36.171,-74.818,-0.33,185.94,274.55,0.52,11.5,11.6,998.1,998.1,0.0,0.0,13.74,11.62,76,62,3.7,5.0,62.4,62.2,3.4,4.8,261.0,246.5,1000.2,1000.2,49.21,357.34,232.2,32.4697,9.7431,408.0,28.7,1485.904, NAN, NAN, NAN, NAN,,2024/04/04 20:56:47.859,2024-04-04 20:56:47.859000+00:00
2024/04/04, 20:57:47.859,36.171,-74.818,-0.37,186.08,216.44,0.04,11.6,11.6,998.1,998.0,0.0,0.0,13.74,11.62,77,64,3.5,4.6,62.6,62.4,3.5,4.6,263.0,250.0,1000.2,1000.1,48.71,357.37,226.83,32.4913,9.7422,425.7,28.9,1485.927, NAN, NAN, NAN, NAN,,2024/04/04 20:57:47.859,2024-04-04 20:57:47.859000+00:00
2024/04/04, 20:58:47.859,36.171,-74.818,-0.36,186.35,223.95,0.18,11.6,11.6,998.3,998.2,0.0,0.0,13.74,11.62,81,66,3.5,4.4,61.8,61.7,3.6,4.5,267.9,253.0,1000.4,1000.3,47.9,357.55,222.06,32.4901,9.7404,429.1,28.7,1485.919, NAN, NAN, NAN, NAN,,2024/04/04 20:58:47.859,2024-04-04 20:58:47.859000+00:00
2024/04/04, 20:59:47.859,36.171,-74.818,-0.35,185.98,290.73,0.34,11.6,11.6,998.0,998.1,0.0,0.0,13.74,11.62,71,58,3.5,4.9,61.0,60.8,3.4,4.8,255.3,242.4,1000.1,1000.2,46.98,357.0,217.35,32.4879,9.742,433.2,28.9,1485.922, NAN, NAN, NAN, NAN,,2024/04/04 20:59:47.859,2024-04-04 20:59:47.859000+00:00
2024/04/04, 21:00:47.859,36.171,-74.818,-0.44,186.59,251.19,0.05,11.6,11.6,998.2,998.2,0.0,0.0,13.74,11.62,73,61,3.5,4.8,61.2,62.7,3.5,4.8,259.2,247.4,1000.3,1000.3,46.12,356.85,212.87,32.4866,9.7408,439.6,29.0,1485.916, NAN, NAN, NAN, NAN,,2024/04/04 21:00:47.859,2024-04-04 21:00:47.859000+00:00
2024/04/04, 21:01:47.859,36.171,-74.818,-0.32,186.83,305.02,0.26,11.6,11.6,998.1,998.1,0.0,0.0,13.74,11.62,73,60,3.5,4.8,62.9,62.8,3.4,4.7,258.0,245.4,1000.2,1000.2,45.35,356.79,208.13,32.4844,9.739,444.3,29.1,1485.907, NAN, NAN, NAN, NAN,,2024/04/04 21:01:47.859,2024-04-04 21:01:47.859000+00:00
2024/04/04, 21:02:47.859,36.171,-74.818,-0.46,186.4,130.32,0.41,11.5,11.6,998.3,998.1,0.0,0.0,13.74,11.62,74,61,3.5,4.6,63.1,63.1,3.7,4.8,262.0,249.1,1000.4,1000.2,43.51,356.84,203.21,32.4844,9.738,448.0,29.2,1485.903, NAN, NAN, NAN, NAN,,2024/04/04 21:02:47.859,2024-04-04 21:02:47.859000+00:00
2024/04/04, 21:03:47.860,36.171,-74.818,-0.36,185.46,111.67,0.39,11.5,11.5,998.2,998.1,0.0,0.0,13.74,11.62,69,56,3.7,5.1,62.8,62.7,3.9,5.3,255.7,242.8,1000.3,1000.2,41.6,356.59,198.8,32.481,9.7338,458.4,29.1,1485.884, NAN, NAN, NAN, NAN,,2024/04/04 21:03:47.860,2024-04-04 21:03:47.860000+00:00
2024/04/04, 21:04:47.860,36.171,-74.818,-0.32,164.22,183.11,0.23,11.5,11.5,998.1,998.1,0.0,0.0,13.74,11.62,79,64,3.7,4.8,63.5,62.7,3.7,4.8,245.0,229.6,1000.2,1000.2,40.91,356.59,196.24,32.4814,9.7318,459.8,29.2,1485.877, NAN, NAN, NAN, NAN,,2024/04/04 21:04:47.860,2024-04-04 21:04:47.860000+00:00
2024/04/04, 21:05:47.860,36.171,-74.818,-0.07,124.53,215.72,0.13,11.5,11.5,998.1,998.1,0.0,0.0,13.74,11.62,120,103,3.4,2.4,63.3,63.2,3.3,2.3,244.6,227.1,1000.2,1000.2,41.14,356.4,195.66,32.4814,9.6924,459.8,29.1,1485.733, NAN, NAN, NAN, NAN,,2024/04/04 21:05:47.860,2024-04-04 21:05:47.860000+00:00
2024/04/04, 21:06:47.860,36.171,-74.818,0.13,95.45,0.56,0.18,11.5,11.5,998.1,998.2,0.0,0.0,13.74,11.62,150,152,3.9,3.2,64.9,63.3,3.8,3.1,246.5,248.7,1000.2,1000.3,42.12,356.22,196.75,32.4803,9.6263,466.2,29.0,1485.491, NAN, NAN, NAN, NAN,,2024/04/04 21:06:47.860,2024-04-04 21:06:47.860000+00:00
2024/04/04, 21:07:47.860,36.171,-74.818,1.04,95.15,90.93,2.26,11.4,11.5,998.1,998.0,0.0,0.0,13.74,11.62,142,145,3.4,2.6,66.6,65.5,4.4,3.6,245.9,250.0,1000.2,1000.1,43.82,356.19,197.52,32.4797,9.5618,462.8,28.9,1485.255, NAN, NAN, NAN, NAN,,2024/04/04 21:07:47.860,2024-04-04 21:07:47.860000+00:00
2024/04/04, 21:08:47.860,36.171,-74.816,5.14,96.64,108.16,5.4,11.4,11.4,998.3,998.1,0.0,0.0,13.74,11.62,103,72,2.1,2.3,65.3,64.7,3.7,2.8,247.2,232.9,1000.4,1000.2,44.61,356.08,196.91,32.479,9.5664,464.1,28.7,1485.271, NAN, NAN, NAN, NAN,,2024/04/04 21:08:47.860,2024-04-04 21:08:47.860000+00:00
2024/04/04, 21:09:47.860,36.17,-74.814,6.89,96.81,97.46,6.99,11.3,11.4,998.4,998.1,0.0,0.0,13.74,11.62,86,65,2.1,3.2,66.6,66.1,3.9,3.5,248.1,226.5,1000.5,1000.2,43.1,356.65,192.92,32.4788,9.6159,474.8,28.9,1485.451, NAN, NAN, NAN, NAN,,2024/04/04 21:09:47.860,2024-04-04 21:09:47.860000+00:00
2024/04/04, 21:10:47.860,36.17,-74.812,7.66,95.59,97.41,7.63,11.3,11.4,998.3,998.2,0.0,0.0,13.74,11.62,81,56,2.2,3.3,64.5,64.2,4.1,3.3,246.6,224.8,1000.4,1000.3,40.08,357.26,186.34,32.4785,9.6521,480.9,29.2,1485.583, NAN, NAN, NAN, NAN,,2024/04/04 21:10:47.860,2024-04-04 21:10:47.860000+00:00
2024/04/04, 21:11:47.860,36.17,-74.809,7.99,95.06,101.89,8.1,11.3,11.4,998.2,998.2,0.0,0.0,13.74,11.62,74,57,2.4,4.0,63.9,63.6,4.0,3.6,246.3,218.7,1000.3,1000.3,36.86,357.3,178.66,32.4978,9.6643,482.5,29.3,1485.651, NAN, NAN, NAN, NAN,,2024/04/04 21:11:47.860,2024-04-04 21:11:47.860000+00:00
2024/04/04, 21:12:47.860,36.169,-74.806,8.07,95.3,100.65,8.03,11.4,11.4,998.4,998.3,0.0,0.0,13.74,11.62,74,56,2.2,3.7,63.8,63.5,4.0,3.5,246.7,220.9,1000.5,1000.4,34.59,357.85,173.12,32.5175,9.6735,470.2,29.2,1485.708, NAN, NAN, NAN, NAN,,2024/04/04 21:12:47.860,2024-04-04 21:12:47.860000+00:00
2024/04/04, 21:13:47.860,36.169,-74.803,8.78,94.7,96.79,8.97,11.4,11.4,998.3,998.3,0.0,0.0,13.74,11.62,73,57,2.6,4.0,63.8,63.6,4.4,3.9,245.5,223.5,1000.4,1000.4,32.91,357.51,167.88,32.5186,9.6967,466.2,29.6,1485.794, NAN, NAN, NAN, NAN,,2024/04/04 21:13:47.860,2024-04-04 21:13:47.860000+00:00
2024/04/04, 21:14:47.860,36.169,-74.8,9.04,91.67,91.89,9.09,11.4,11.5,998.4,998.3,0.0,0.0,13.74,11.62,71,53,2.2,3.8,63.6,63.3,4.4,3.8,244.8,220.5,1000.5,1000.4,31.55,358.16,162.51,32.5217,9.7079,461.7,29.6,1485.839, NAN, NAN, NAN, NAN,,2024/04/04 21:14:47.860,2024-04-04 21:14:47.860000+00:00
2024/04/04, 21:15:47.860,36.169,-74.797,9.25,90.42,89.96,9.41,11.4,11.5,998.2,998.3,0.0,0.0,13.74,11.62,74,53,2.0,3.5,62.9,62.5,4.6,3.7,249.0,227.3,1000.3,1000.4,30.89,358.07,158.63,32.5167,9.7301,459.3,29.4,1485.914, NAN, NAN, NAN, NAN,,2024/04/04 21:15:47.860,2024-04-04 21:15:47.860000+00:00
2024/04/04, 21:16:47.860,36.168,-74.794,9.13,90.08,96.39,9.28,11.5,11.5,998.2,998.4,0.0,0.0,13.74,11.62,71,53,2.2,3.7,63.5,63.3,4.3,3.5,248.7,225.8,1000.3,1000.5,30.41,358.25,155.0,32.5192,9.7624,454.7,29.3,1486.034, NAN, NAN, NAN, NAN,,2024/04/04 21:16:47.860,2024-04-04 21:16:47.860000+00:00
2024/04/04, 21:17:47.860,36.168,-74.791,9.32,89.9,92.62,9.29,11.5,11.5,998.4,998.2,0.0,0.0,13.74,11.62,78,54,2.1,3.7,62.8,62.6,4.7,3.8,246.6,222.6,1000.5,1000.3,29.6,358.29,151.55,32.5418,9.8215,452.6,29.7,1486.276, NAN, NAN, NAN, NAN,,2024/04/04 21:17:47.860,2024-04-04 21:17:47.860000+00:00
2024/04/04, 21:18:47.860,36.168,-74.788,9.3,90.95,93.16,9.39,11.5,11.5,998.4,998.2,0.0,0.0,13.74,11.62,71,53,2.2,3.8,62.7,62.5,4.4,3.7,248.1,224.3,1000.5,1000.3,28.37,358.4,147.8,32.5585,9.9719,448.0,29.8,1486.842, NAN, NAN, NAN, NAN,,2024/04/04 21:18:47.860,2024-04-04 21:18:47.860000+00:00
2024/04/04, 21:19:47.861,36.168,-74.784,9.36,92.66,96.71,9.43,11.5,11.5,998.2,998.2,0.0,0.0,13.74,11.62,58,42,2.3,3.5,61.4,61.0,4.0,3.1,247.5,229.6,1000.3,1000.3,27.26,358.74,144.65,32.5892,10.1168,444.0,29.9,1487.402, NAN, NAN, NAN, NAN,,2024/04/04 21:19:47.861,2024-04-04 21:19:47.861000+00:00
2024/04/04, 21:20:47.861,36.168,-74.781,9.31,92.47,94.92,9.36,11.5,11.5,998.4,998.4,0.0,0.0,13.74,11.62,70,55,1.9,3.3,60.4,60.4,4.4,3.8,251.8,232.0,1000.5,1000.5,26.09,358.71,142.16,32.6376,10.1591,429.7,30.3,1487.613, NAN, NAN, NAN, NAN,,2024/04/04 21:20:47.861,2024-04-04 21:20:47.861000+00:00
2024/04/04, 21:21:47.861,36.167,-74.778,9.29,92.37,95.18,9.07,11.6,11.6,998.5,998.4,0.0,0.0,13.74,11.62,75,53,2.1,3.5,60.7,60.5,4.5,3.7,248.2,226.7,1000.6,1000.5,25.72,358.53,140.79,32.6691,10.152,416.0,30.3,1487.626, NAN, NAN, NAN, NAN,,2024/04/04 21:21:47.861,2024-04-04 21:21:47.861000+00:00
2024/04/04, 21:22:47.861,36.167,-74.775,9.37,92.59,91.97,9.36,11.6,11.6,998.5,998.4,0.0,0.0,13.74,11.62,66,50,2.2,4.2,62.5,62.4,4.4,3.8,245.7,216.1,1000.6,1000.5,26.05,358.17,141.6,32.6722,10.0649,418.7,30.3,1487.316, NAN, NAN, NAN, NAN,,2024/04/04 21:22:47.861,2024-04-04 21:22:47.861000+00:00
2024/04/04, 21:23:47.861,36.167,-74.772,9.37,91.51,91.23,9.49,11.6,11.6,998.3,998.5,0.0,0.0,13.74,11.62,72,56,2.5,3.9,63.1,63.2,4.7,4.2,242.0,221.8,1000.4,1000.6,27.09,357.7,143.81,32.648,10.0054,443.3,30.3,1487.072, NAN, NAN, NAN, NAN,,2024/04/04 21:23:47.861,2024-04-04 21:23:47.861000+00:00
2024/04/04, 21:24:47.861,36.167,-74.768,9.37,92.68,95.91,9.52,11.5,11.6,998.4,998.4,0.0,0.0,13.74,11.62,69,54,2.5,3.9,62.8,63.2,4.5,3.8,245.9,225.1,1000.5,1000.5,28.25,357.48,146.95,32.6244,9.9805,459.0,29.9,1486.953, NAN, NAN, NAN, NAN,,2024/04/04 21:24:47.861,2024-04-04 21:24:47.861000+00:00
2024/04/04, 21:25:47.861,36.167,-74.765,9.29,92.61,99.69,9.38,11.5,11.5,998.3,998.4,0.0,0.0,13.74,11.62,76,58,2.3,3.6,64.3,64.1,4.7,4.0,247.6,228.6,1000.4,1000.5,29.82,356.91,151.87,32.6128,9.9276,495.0,29.4,1486.747, NAN, NAN, NAN, NAN,,2024/04/04 21:25:47.861,2024-04-04 21:25:47.861000+00:00
2024/04/04, 21:26:47.861,36.166,-74.762,9.14,91.86,94.54,9.16,11.5,11.5,998.2,998.4,0.0,0.0,13.74,11.62,68,56,3.0,4.3,64.5,64.0,4.2,3.9,238.8,218.2,1000.3,1000.5,32.23,356.57,159.97,32.6007,9.9176,509.2,29.2,1486.696, NAN, NAN, NAN, NAN,,2024/04/04 21:26:47.861,2024-04-04 21:26:47.861000+00:00
2024/04/04, 21:27:47.861,36.166,-74.759,9.33,91.52,88.18,9.57,11.4,11.5,998.5,998.4,0.0,0.0,13.74,11.62,64,51,3.0,4.8,66.3,66.3,4.4,4.0,236.5,209.5,1000.6,1000.5,35.26,356.5,168.16,32.6025,9.9433,493.4,29.3,1486.792, NAN, NAN, NAN, NAN,,2024/04/04 21:27:47.861,2024-04-04 21:27:47.861000+00:00
2024/04/04, 21:28:47.861,36.166,-74.755,9.46,92.9,99.84,9.61,11.4,11.4,998.4,998.4,0.0,0.0,13.74,11.62,66,52,2.8,4.3,63.9,63.4,4.4,3.8,242.5,219.7,1000.5,1000.5,38.74,356.21,175.43,32.5942,9.9778,504.8,29.3,1486.906, NAN, NAN, NAN, NAN,,2024/04/04 21:28:47.861,2024-04-04 21:28:47.861000+00:00
2024/04/04, 21:29:47.861,36.166,-74.752,9.41,92.06,96.11,9.54,11.4,11.4,998.4,998.5,0.0,0.0,13.74,11.62,70,56,3.0,4.4,64.9,64.5,4.8,4.3,236.6,216.3,1000.5,1000.6,42.54,355.82,182.41,32.5868,10.009,500.1,29.5,1487.01, NAN, NAN, NAN, NAN,,2024/04/04 21:29:47.861,2024-04-04 21:29:47.861000+00:00
2024/04/04, 21:30:47.861,36.165,-74.749,9.42,92.08,91.85,9.51,11.4,11.4,998.6,998.5,0.0,0.0,13.74,11.62,72,59,2.9,4.3,65.6,65.3,4.7,4.4,239.2,219.4,1000.7,1000.6,46.2,355.62,190.92,32.5825,10.0129,498.7,29.3,1487.019, NAN, NAN, NAN, NAN,,2024/04/04 21:30:47.861,2024-04-04 21:30:47.861000+00:00
2024/04/04, 21:31:47.861,36.165,-74.746,9.35,95.06,91.54,9.69,11.4,11.4,998.4,998.5,0.0,0.0,13.74,11.62,68,57,3.1,4.4,65.3,65.0,4.9,4.6,236.8,219.1,1000.5,1000.6,49.89,355.43,198.59,32.5808,10.0525,501.1,29.4,1487.16, NAN, NAN, NAN, NAN,,2024/04/04 21:31:47.861,2024-04-04 21:31:47.861000+00:00
2024/04/04, 21:32:47.861,36.165,-74.742,9.33,94.5,92.54,9.26,11.4,11.4,998.5,998.4,0.0,0.0,13.74,11.62,72,58,2.9,4.2,65.9,65.7,4.7,4.3,239.5,220.3,1000.6,1000.5,53.75,355.61,206.59,32.5854,10.1106,502.0,29.0,1487.375, NAN, NAN, NAN, NAN,,2024/04/04 21:32:47.861,2024-04-04 21:32:47.861000+00:00
2024/04/04, 21:33:47.861,36.165,-74.739,9.28,92.59,92.06,9.35,11.4,11.4,998.5,998.5,0.0,0.0,13.74,11.62,72,57,3.2,4.5,65.0,64.6,4.9,4.4,234.3,214.8,1000.6,1000.6,57.21,355.13,213.62,32.5903,10.2121,495.8,29.2,1487.746, NAN, NAN, NAN, NAN,,2024/04/04 21:33:47.861,2024-04-04 21:33:47.861000+00:00
2024/04/04, 21:34:47.861,36.164,-74.736,9.22,94.89,99.11,9.62,11.4,11.4,998.5,998.5,0.0,0.0,13.74,11.62,72,56,2.8,4.2,66.9,66.4,4.9,4.3,242.0,221.8,1000.6,1000.6,59.87,355.15,219.36,32.5926,10.5872,475.2,29.0,1489.091, NAN, NAN, NAN, NAN,,2024/04/04 21:34:47.861,2024-04-04 21:34:47.861000+00:00
2024/04/04, 21:35:47.862,36.164,-74.733,9.37,95.11,97.98,9.66,11.4,11.4,998.5,998.6,0.0,0.0,13.74,11.62,66,55,3.3,4.8,64.8,64.3,4.6,4.3,237.4,215.8,1000.6,1000.7,61.27,354.88,222.44,32.5978,10.8667,459.0,29.4,1490.089, NAN, NAN, NAN, NAN,,2024/04/04 21:35:47.862,2024-04-04 21:35:47.862000+00:00
2024/04/04, 21:36:47.862,36.164,-74.729,9.41,93.85,93.41,9.73,11.4,11.4,998.7,998.8,0.0,0.0,13.74,11.62,66,52,3.2,4.9,67.6,67.1,4.8,4.4,234.7,210.6,1000.8,1000.9,61.7,354.64,222.96,32.6143,10.997,440.3,29.7,1490.569, NAN, NAN, NAN, NAN,,2024/04/04 21:36:47.862,2024-04-04 21:36:47.862000+00:00
2024/04/04, 21:37:47.862,36.164,-74.726,9.42,93.49,88.31,9.6,11.4,11.4,998.7,998.4,0.0,0.0,13.74,11.62,62,49,3.0,4.7,65.3,65.7,4.6,4.2,233.9,209.3,1000.8,1000.5,61.78,354.66,222.72,32.6747,11.1329,415.3,29.4,1491.119, NAN, NAN, NAN, NAN,,2024/04/04 21:37:47.862,2024-04-04 21:37:47.862000+00:00
2024/04/04, 21:38:47.862,36.163,-74.723,9.24,97.32,101.27,9.68,11.4,11.4,998.7,998.6,0.0,0.0,13.74,11.62,63,49,3.2,4.8,66.4,66.4,4.5,3.9,239.5,214.8,1000.8,1000.7,62.0,354.57,223.14,32.7028,10.8979,391.8,29.3,1490.326, NAN, NAN, NAN, NAN,,2024/04/04 21:38:47.862,2024-04-04 21:38:47.862000+00:00
2024/04/04, 21:39:47.862,36.163,-74.719,9.38,97.12,100.0,9.61,11.4,11.5,998.7,998.6,0.0,0.0,13.74,11.62,62,55,3.0,4.3,67.0,66.6,4.4,4.3,240.0,222.0,1000.8,1000.7,62.64,354.52,224.23,32.708,10.6775,376.0,29.2,1489.551, NAN, NAN, NAN, NAN,,2024/04/04 21:39:47.862,2024-04-04 21:39:47.862000+00:00
2024/04/04, 21:40:47.862,36.163,-74.716,9.37,95.27,94.54,9.78,11.4,11.5,998.5,998.7,0.0,0.0,13.74,11.62,66,51,2.8,4.3,67.6,67.5,4.6,4.0,242.2,220.3,1000.6,1000.8,63.12,354.57,225.39,32.7034,10.5351,371.6,29.3,1489.039, NAN, NAN, NAN, NAN,,2024/04/04 21:40:47.862,2024-04-04 21:40:47.862000+00:00
2024/04/04, 21:41:47.862,36.163,-74.713,8.62,95.71,103.19,8.12,11.4,11.5,998.8,998.7,0.0,0.0,13.74,11.62,78,56,2.3,3.9,65.6,65.2,4.3,3.8,244.5,217.4,1000.9,1000.8,63.85,354.39,226.22,32.5536,10.4151,339.8,29.4,1488.43, NAN, NAN, NAN, NAN,,2024/04/04 21:41:47.862,2024-04-04 21:41:47.862000+00:00
2024/04/04, 21:42:47.862,36.163,-74.711,6.13,95.71,81.08,6.0,11.4,11.5,998.7,998.7,0.0,0.0,13.74,11.62,99,71,2.4,2.7,67.2,67.1,4.5,3.7,235.8,221.2,1000.8,1000.8,64.26,354.07,226.94,32.3795,10.3569,330.0,29.4,1488.01, NAN, NAN, NAN, NAN,,2024/04/04 21:42:47.862,2024-04-04 21:42:47.862000+00:00
2024/04/04, 21:43:47.862,36.163,-74.709,5.07,95.11,83.32,5.39,11.4,11.5,998.8,998.6,0.0,0.0,13.74,11.62,114,75,2.2,2.2,68.1,68.0,4.4,3.4,240.9,225.1,1000.9,1000.7,64.43,353.86,227.2,32.2735,10.3311,328.1,29.1,1487.789, NAN, NAN, NAN, NAN,,2024/04/04 21:43:47.862,2024-04-04 21:43:47.862000+00:00
2024/04/04, 21:44:47.862,36.163,-74.707,4.44,104.16,94.39,4.74,11.4,11.5,998.8,998.8,0.0,0.0,13.74,11.62,112,73,2.6,2.4,69.5,69.0,4.4,3.2,243.8,225.8,1000.9,1000.9,64.28,354.21,226.5,32.1776,10.3251,335.5,28.7,1487.652, NAN, NAN, NAN, NAN,,2024/04/04 21:44:47.862,2024-04-04 21:44:47.862000+00:00
2024/04/04, 21:45:47.862,36.163,-74.705,4.2,106.64,86.76,4.5,11.4,11.4,998.6,998.5,0.0,0.0,13.74,11.62,116,83,2.8,2.5,69.0,68.6,4.6,3.5,246.9,231.1,1000.7,1000.6,63.43,354.15,224.3,32.1341,10.3153,339.5,28.7,1487.564, NAN, NAN, NAN, NAN,,2024/04/04 21:45:47.862,2024-04-04 21:45:47.862000+00:00
2024/04/04, 21:46:47.862,36.162,-74.704,0.3,168.49,123.43,2.45,11.4,11.4,998.8,998.7,0.0,0.0,13.74,11.62,84,76,4.4,5.2,69.0,68.7,5.1,5.7,265.1,256.4,1000.9,1000.8,62.24,354.39,220.79,32.0952,10.2988,341.2,28.5,1487.457, NAN, NAN, NAN, NAN,,2024/04/04 21:46:47.862,2024-04-04 21:46:47.862000+00:00
2024/04/04, 21:47:47.862,36.162,-74.704,0.55,232.06,150.38,0.3,11.4,11.4,998.7,998.7,0.0,0.0,13.74,11.62,32,28,4.6,5.4,67.3,66.8,4.6,5.4,266.0,261.7,1000.8,1000.8,60.97,354.61,217.29,32.0836,10.2968,345.9,28.7,1487.436, NAN, NAN, NAN, NAN,,2024/04/04 21:47:47.862,2024-04-04 21:47:47.862000+00:00
2024/04/04, 21:48:47.862,36.162,-74.704,0.47,236.89,156.0,0.22,11.4,11.4,998.7,998.6,0.0,0.0,13.74,11.62,17,10,4.9,4.5,65.1,64.9,4.8,4.4,254.6,247.5,1000.8,1000.7,59.58,354.92,212.98,32.0613,10.2974,342.8,28.8,1487.411, NAN, NAN, NAN, NAN,,2024/04/04 21:48:47.862,2024-04-04 21:48:47.862000+00:00
2024/04/04, 21:49:47.862,36.162,-74.704,0.46,235.62,35.71,0.12,11.5,11.5,998.8,998.6,0.0,0.0,13.74,11.62,21,15,5.0,4.6,64.2,63.9,5.0,4.6,256.0,250.0,1000.9,1000.7,56.92,355.16,206.7,32.047,10.3016,348.3,28.8,1487.409, NAN, NAN, NAN, NAN,,2024/04/04 21:49:47.862,2024-04-04 21:49:47.862000+00:00
2024/04/04, 21:50:47.862,36.162,-74.704,0.54,231.4,332.67,0.34,11.5,11.6,998.9,998.8,0.0,0.0,13.74,11.62,23,16,4.5,4.5,63.1,62.7,4.5,4.5,252.2,245.2,1001.0,1000.9,53.22,354.98,197.22,32.0442,10.3026,353.9,28.7,1487.409, NAN, NAN, NAN, NAN,,2024/04/04 21:50:47.862,2024-04-04 21:50:47.862000+00:00
2024/04/04, 21:51:47.863,36.162,-74.704,0.46,230.94,86.85,0.26,11.6,11.6,999.0,999.1,0.0,0.0,13.74,11.62,20,13,5.0,4.6,66.9,66.6,5.0,4.6,252.5,245.6,1001.1,1001.2,49.22,355.03,189.31,32.04,10.2967,354.4,28.4,1487.383, NAN, NAN, NAN, NAN,,2024/04/04 21:51:47.863,2024-04-04 21:51:47.863000+00:00
2024/04/04, 21:52:47.863,36.162,-74.704,0.4,232.33,329.38,0.23,11.6,11.6,998.7,999.0,0.0,0.0,13.74,11.62,24,17,4.6,4.4,64.3,64.2,4.6,4.4,254.9,247.8,1000.8,1001.1,45.9,355.06,182.79,32.0422,10.2886,378.0,28.3,1487.356, NAN, NAN, NAN, NAN,,2024/04/04 21:52:47.863,2024-04-04 21:52:47.863000+00:00
2024/04/04, 21:53:47.863,36.162,-74.704,0.39,228.16,145.84,0.2,11.6,11.6,998.8,998.8,0.0,0.0,13.74,11.62,28,21,4.7,4.7,65.9,65.1,4.7,4.7,257.4,250.4,1000.9,1000.9,42.98,355.64,177.35,32.0431,10.2825,390.8,28.9,1487.336, NAN, NAN, NAN, NAN,,2024/04/04 21:53:47.863,2024-04-04 21:53:47.863000+00:00
2024/04/04, 21:54:47.863,36.162,-74.704,0.57,227.56,321.49,0.5,11.6,11.6,999.0,998.7,0.0,0.0,13.74,11.62,25,17,5.1,4.9,62.8,62.7,4.9,4.8,250.2,241.9,1001.1,1000.8,40.79,355.72,172.75,32.0471,10.2749,399.5,28.5,1487.313, NAN, NAN, NAN, NAN,,2024/04/04 21:54:47.863,2024-04-04 21:54:47.863000+00:00
2024/04/04, 21:55:47.863,36.162,-74.704,0.78,226.29,30.01,0.25,11.7,11.7,998.8,998.8,0.0,0.0,13.74,11.62,23,22,3.7,4.5,62.9,63.1,3.8,4.6,247.6,246.9,1000.9,1000.9,39.35,355.15,168.13,32.0438,10.2746,389.7,29.1,1487.308, NAN, NAN, NAN, NAN,,2024/04/04 21:55:47.863,2024-04-04 21:55:47.863000+00:00
2024/04/04, 21:56:47.863,36.162,-74.704,0.54,226.21,282.7,0.39,11.7,11.7,998.7,999.0,0.0,0.0,13.74,11.62,23,18,4.5,4.8,64.0,63.9,4.4,4.7,247.1,242.2,1000.8,1001.1,38.15,355.39,163.46,32.0414,10.2758,380.0,28.8,1487.309, NAN, NAN, NAN, NAN,,2024/04/04 21:56:47.863,2024-04-04 21:56:47.863000+00:00
2024/04/04, 21:57:47.863,36.162,-74.704,0.56,225.84,175.96,0.29,11.7,11.7,998.8,998.7,0.0,0.0,13.74,11.62,20,14,5.1,4.9,64.6,64.4,5.1,4.9,247.5,241.6,1000.9,1000.8,36.4,355.57,157.46,32.037,10.2757,387.0,27.7,1487.304, NAN, NAN, NAN, NAN,,2024/04/04 21:57:47.863,2024-04-04 21:57:47.863000+00:00
2024/04/04, 21:58:47.863,36.162,-74.704,0.6,226.99,94.38,0.29,11.7,11.7,998.8,998.9,0.0,0.0,13.74,11.62,23,19,5.2,5.1,63.4,63.5,5.3,5.2,251.3,247.4,1000.9,1001.0,34.64,355.79,151.93,32.0347,10.2695,376.8,27.8,1487.279, NAN, NAN, NAN, NAN,,2024/04/04 21:58:47.863,2024-04-04 21:58:47.863000+00:00
2024/04/04, 21:59:47.863,36.162,-74.704,0.43,226.63,194.27,0.1,11.7,11.7,998.8,998.8,0.0,0.0,13.74,11.62,23,16,5.5,5.2,63.3,63.5,5.5,5.2,250.0,242.9,1000.9,1000.9,33.42,355.95,147.8,32.0336,10.2624,381.7,28.5,1487.252, NAN, NAN, NAN, NAN,,2024/04/04 21:59:47.863,2024-04-04 21:59:47.863000+00:00
2024/04/04, 22:00:47.863,36.162,-74.704,0.47,226.32,348.25,0.42,11.8,11.8,999.0,999.0,0.0,0.0,13.74,11.62,24,19,5.4,5.2,62.6,62.4,5.4,5.2,248.0,243.0,1001.1,1001.1,32.41,356.16,143.9,32.0319,10.2621,372.8,29.0,1487.249, NAN, NAN, NAN, NAN,,2024/04/04 22:00:47.863,2024-04-04 22:00:47.863000+00:00
2024/04/04, 22:01:47.863,36.162,-74.704,0.42,227.32,276.02,0.46,11.8,11.8,998.9,998.9,0.0,0.0,13.74,11.62,26,18,5.9,5.8,62.4,62.4,5.7,5.7,251.6,243.4,1001.0,1001.0,31.51,356.12,141.1,32.0308,10.2613,375.6,28.1,1487.244, NAN, NAN, NAN, NAN,,2024/04/04 22:01:47.863,2024-04-04 22:01:47.863000+00:00
2024/04/04, 22:02:47.863,36.162,-74.704,0.65,227.14,249.16,0.25,11.8,11.8,999.0,999.1,0.0,0.0,13.74,11.62,23,16,5.6,5.3,62.4,63.0,5.6,5.2,251.4,244.4,1001.1,1001.2,30.97,355.75,138.61,32.032,10.253,374.0,27.6,1487.216, NAN, NAN, NAN, NAN,,2024/04/04 22:02:47.863,2024-04-04 22:02:47.863000+00:00
2024/04/04, 22:03:47.863,36.162,-74.704,0.37,225.43,106.56,0.43,11.8,11.9,999.1,998.9,0.0,0.0,13.74,11.62,27,21,5.5,5.1,63.8,62.9,5.6,5.2,254.5,248.7,1001.2,1001.0,30.13,355.81,135.27,32.0304,10.2467,375.6,27.4,1487.191, NAN, NAN, NAN, NAN,,2024/04/04 22:03:47.863,2024-04-04 22:03:47.863000+00:00
2024/04/04, 22:04:47.863,36.162,-74.704,0.35,225.28,127.7,0.22,11.8,11.9,999.0,999.1,0.0,0.0,13.74,11.62,21,20,5.7,5.7,63.5,63.9,5.8,5.8,247.0,246.0,1001.1,1001.2,28.76,356.0,130.77,32.0304,10.2414,377.1,26.9,1487.172, NAN, NAN, NAN, NAN,,2024/04/04 22:04:47.863,2024-04-04 22:04:47.863000+00:00
2024/04/04, 22:05:47.863,36.162,-74.704,0.49,226.55,147.47,0.2,11.9,11.9,999.1,999.0,0.0,0.0,13.74,11.62,23,18,5.3,5.5,64.6,64.6,5.3,5.5,250.6,245.6,1001.2,1001.1,28.0,355.98,127.98,32.0324,10.2346,376.0,26.6,1487.15, NAN, NAN, NAN, NAN,,2024/04/04 22:05:47.863,2024-04-04 22:05:47.863000+00:00
2024/04/04, 22:06:47.863,36.162,-74.704,0.36,226.42,126.35,0.17,11.9,11.9,999.1,999.1,0.0,0.0,13.74,11.62,21,16,5.6,5.4,64.4,64.3,5.6,5.4,248.2,243.3,1001.2,1001.2,27.82,355.99,126.63,32.03,10.234,371.5,26.6,1487.145, NAN, NAN, NAN, NAN,,2024/04/04 22:06:47.863,2024-04-04 22:06:47.863000+00:00
2024/04/04, 22:07:47.864,36.162,-74.704,0.61,226.65,142.85,0.37,11.8,11.9,999.2,999.3,0.0,0.0,13.74,11.62,21,15,5.9,5.5,64.9,64.9,5.9,5.5,249.5,243.6,1001.3,1001.4,27.95,356.0,125.61,32.0297,10.2294,377.7,27.3,1487.128, NAN, NAN, NAN, NAN,,2024/04/04 22:07:47.864,2024-04-04 22:07:47.864000+00:00
2024/04/04, 22:08:47.864,36.162,-74.704,0.4,224.98,131.53,0.69,11.8,11.8,999.1,999.1,0.0,0.0,13.74,11.62,18,12,5.9,5.6,64.9,64.9,6.0,5.7,246.2,240.5,1001.2,1001.2,28.24,355.93,125.05,32.0305,10.2232,374.7,27.7,1487.107, NAN, NAN, NAN, NAN,,2024/04/04 22:08:47.864,2024-04-04 22:08:47.864000+00:00
2024/04/04, 22:09:47.864,36.162,-74.704,0.26,227.58,288.25,0.2,11.8,11.8,999.0,999.2,0.0,0.0,13.74,11.62,13,10,5.5,5.7,64.9,64.8,5.6,5.8,241.3,238.3,1001.1,1001.3,28.38,355.77,123.6,32.0287,10.2285,372.4,27.4,1487.124, NAN, NAN, NAN, NAN,,2024/04/04 22:09:47.864,2024-04-04 22:09:47.864000+00:00
2024/04/04, 22:10:47.864,36.162,-74.704,0.33,227.66,353.6,0.18,11.8,11.8,999.1,999.0,0.0,0.0,13.74,11.62,15,10,5.7,5.5,64.8,65.6,5.8,5.6,242.2,237.3,1001.2,1001.1,27.28,355.83,119.64,32.0282,10.2294,372.9,30.2,1487.127, NAN, NAN, NAN, NAN,,2024/04/04 22:10:47.864,2024-04-04 22:10:47.864000+00:00
2024/04/04, 22:11:47.864,36.162,-74.704,0.48,225.01,108.23,0.21,11.8,11.8,999.1,999.2,0.0,0.0,13.74,11.62,11,8,5.2,5.0,66.0,66.1,5.2,5.0,237.1,234.2,1001.2,1001.3,25.28,355.53,114.04,32.0302,10.2215,373.2,27.1,1487.1, NAN, NAN, NAN, NAN,,2024/04/04 22:11:47.864,2024-04-04 22:11:47.864000+00:00
2024/04/04, 22:12:47.864,36.162,-74.704,0.55,223.47,355.31,0.2,11.7,11.8,999.1,999.0,0.0,0.0,13.74,11.62,18,12,5.8,5.5,66.5,66.4,5.7,5.4,242.3,236.3,1001.2,1001.1,23.2,356.16,108.75,32.0313,10.2219,369.4,27.4,1487.103, NAN, NAN, NAN, NAN,,2024/04/04 22:12:47.864,2024-04-04 22:12:47.864000+00:00
2024/04/04, 22:13:47.864,36.162,-74.704,0.33,224.03,308.3,0.56,11.7,11.7,998.8,999.1,0.0,0.0,13.74,11.62,17,11,5.8,5.5,66.6,66.7,5.7,5.5,238.2,232.0,1000.9,1001.2,21.25,356.13,103.54,32.0329,10.2187,367.5,27.8,1487.094, NAN, NAN, NAN, NAN,,2024/04/04 22:13:47.864,2024-04-04 22:13:47.864000+00:00
2024/04/04, 22:14:47.864,36.162,-74.704,0.48,221.79,236.95,0.53,11.7,11.7,999.3,999.1,0.0,0.0,13.74,11.62,15,9,5.4,5.1,67.4,67.2,5.2,4.9,234.6,228.2,1001.4,1001.2,19.84,355.82,98.79,32.0375,10.2166,368.8,27.5,1487.092, NAN, NAN, NAN, NAN,,2024/04/04 22:14:47.864,2024-04-04 22:14:47.864000+00:00
2024/04/04, 22:15:47.864,36.162,-74.704,0.52,222.0,107.64,0.58,11.7,11.7,999.1,999.1,0.0,0.0,13.74,11.62,15,11,5.4,5.2,67.9,67.9,5.5,5.3,239.8,236.0,1001.2,1001.2,18.92,355.9,96.13,32.0331,10.2231,374.4,27.5,1487.11, NAN, NAN, NAN, NAN,,2024/04/04 22:15:47.864,2024-04-04 22:15:47.864000+00:00
2024/04/04, 22:16:47.864,36.162,-74.704,0.43,224.49,51.13,0.48,11.7,11.7,999.2,999.3,0.0,0.0,13.74,11.62,13,8,5.0,5.2,68.1,68.2,5.2,5.4,239.3,234.4,1001.3,1001.4,18.09,355.84,94.15,32.0371,10.2282,370.2,26.9,1487.133, NAN, NAN, NAN, NAN,,2024/04/04 22:16:47.864,2024-04-04 22:16:47.864000+00:00
2024/04/04, 22:17:47.864,36.162,-74.704,0.72,224.05,169.15,0.03,11.6,11.7,999.3,999.1,0.0,0.0,13.74,11.62,11,5,5.4,5.3,68.2,68.5,5.4,5.3,235.0,229.0,1001.4,1001.2,17.93,355.96,93.07,32.0363,10.2262,379.0,26.8,1487.125, NAN, NAN, NAN, NAN,,2024/04/04 22:17:47.864,2024-04-04 22:17:47.864000+00:00
2024/04/04, 22:18:47.864,36.162,-74.704,0.58,221.57,114.66,0.16,11.6,11.7,999.2,999.1,0.0,0.0,13.74,11.62,10,2,5.4,4.9,68.6,68.4,5.4,4.9,232.4,224.5,1001.3,1001.2,18.32,355.6,93.28,32.0359,10.2206,373.6,27.1,1487.104, NAN, NAN, NAN, NAN,,2024/04/04 22:18:47.864,2024-04-04 22:18:47.864000+00:00
2024/04/04, 22:19:47.864,36.162,-74.704,0.46,220.33,80.43,0.29,11.6,11.6,999.1,999.3,0.0,0.0,13.74,11.62,9,1,5.3,4.8,69.2,69.4,5.3,4.8,230.9,223.1,1001.2,1001.4,18.8,355.35,94.16,32.0366,10.2155,373.2,28.8,1487.087, NAN, NAN, NAN, NAN,,2024/04/04 22:19:47.864,2024-04-04 22:19:47.864000+00:00
2024/04/04, 22:20:47.864,36.162,-74.704,0.62,221.18,1.89,0.34,11.6,11.6,999.5,999.3,0.0,0.0,13.74,11.62,9,4,5.2,4.9,69.8,69.6,5.3,5.0,228.8,223.9,1001.6,1001.4,19.38,355.0,94.47,32.0396,10.2091,374.0,30.8,1487.067, NAN, NAN, NAN, NAN,,2024/04/04 22:20:47.864,2024-04-04 22:20:47.864000+00:00
2024/04/04, 22:21:47.864,36.162,-74.704,0.28,221.27,291.47,0.36,11.5,11.6,999.3,999.2,0.0,0.0,13.74,11.62,10,5,5.1,4.9,71.0,71.1,5.0,4.8,229.4,224.3,1001.4,1001.3,19.69,354.64,94.89,32.0395,10.1998,368.4,27.4,1487.034, NAN, NAN, NAN, NAN,,2024/04/04 22:21:47.864,2024-04-04 22:21:47.864000+00:00
2024/04/04, 22:22:47.864,36.162,-74.704,0.26,222.17,313.94,0.42,11.5,11.5,999.1,999.3,0.0,0.0,13.74,11.62,6,359,4.6,4.3,71.2,71.3,4.7,4.4,225.7,218.6,1001.2,1001.4,19.66,354.49,94.31,32.0389,10.1913,371.2,27.6,1487.002, NAN, NAN, NAN, NAN,,2024/04/04 22:22:47.864,2024-04-04 22:22:47.864000+00:00
2024/04/04, 22:23:47.865,36.162,-74.704,0.56,221.38,288.69,0.12,11.5,11.5,999.4,999.3,0.0,0.0,13.74,11.62,11,4,5.1,5.0,70.7,70.8,5.0,4.9,232.1,225.1,1001.5,1001.4,18.92,354.68,92.56,32.0374,10.1839,376.8,27.8,1486.974, NAN, NAN, NAN, NAN,,2024/04/04 22:23:47.865,2024-04-04 22:23:47.865000+00:00
2024/04/04, 22:24:47.865,36.162,-74.704,0.38,221.03,238.84,0.06,11.4,11.5,999.3,999.3,0.0,0.0,13.74,11.62,8,3,5.1,5.0,71.3,71.3,5.1,5.0,229.3,224.3,1001.4,1001.4,18.2,354.81,89.91,32.0378,10.18,377.7,28.1,1486.96, NAN, NAN, NAN, NAN,,2024/04/04 22:24:47.865,2024-04-04 22:24:47.865000+00:00
2024/04/04, 22:25:47.865,36.162,-74.704,0.33,221.18,251.56,0.27,11.4,11.4,999.2,999.3,0.0,0.0,13.74,11.62,15,9,5.3,5.0,71.0,71.3,5.2,4.9,234.9,228.8,1001.3,1001.4,17.57,354.86,87.82,32.038,10.1799,379.6,27.9,1486.96, NAN, NAN, NAN, NAN,,2024/04/04 22:25:47.865,2024-04-04 22:25:47.865000+00:00
2024/04/04, 22:26:47.865,36.162,-74.704,0.22,220.97,126.5,0.09,11.4,11.4,999.2,999.3,0.0,0.0,13.74,11.62,14,8,5.6,5.2,70.9,71.1,5.6,5.2,235.3,229.3,1001.3,1001.4,16.83,355.54,85.7,32.0378,10.177,375.6,27.7,1486.949, NAN, NAN, NAN, NAN,,2024/04/04 22:26:47.865,2024-04-04 22:26:47.865000+00:00
2024/04/04, 22:27:47.865,36.162,-74.704,0.38,220.44,273.86,0.32,11.5,11.5,999.2,999.3,0.0,0.0,13.74,11.62,17,11,5.9,5.6,70.8,70.9,5.8,5.5,236.1,229.9,1001.3,1001.4,15.75,355.43,83.19,32.0369,10.1714,374.0,27.6,1486.928, NAN, NAN, NAN, NAN,,2024/04/04 22:27:47.865,2024-04-04 22:27:47.865000+00:00
2024/04/04, 22:28:47.865,36.162,-74.704,0.34,220.06,45.48,0.21,11.5,11.5,999.3,999.5,0.0,0.0,13.74,11.62,18,12,6.3,5.6,70.6,70.6,6.4,5.7,238.6,232.7,1001.4,1001.6,14.83,355.46,80.44,32.034,10.1632,383.8,27.2,1486.895, NAN, NAN, NAN, NAN,,2024/04/04 22:28:47.865,2024-04-04 22:28:47.865000+00:00
2024/04/04, 22:29:47.865,36.162,-74.704,0.23,220.6,245.58,0.27,11.5,11.5,999.3,999.3,0.0,0.0,13.74,11.62,20,13,5.4,5.4,71.0,71.0,5.3,5.3,241.8,234.7,1001.4,1001.4,14.48,355.4,78.56,32.034,10.1645,381.1,27.4,1486.9, NAN, NAN, NAN, NAN,,2024/04/04 22:29:47.865,2024-04-04 22:29:47.865000+00:00
2024/04/04, 22:30:47.865,36.162,-74.704,0.33,220.91,109.49,0.57,11.6,11.6,999.4,999.5,0.0,0.0,13.74,11.62,19,14,5.9,5.5,71.5,71.4,6.1,5.7,242.1,237.4,1001.5,1001.6,14.38,355.41,78.13,32.0355,10.1588,380.4,27.4,1486.881, NAN, NAN, NAN, NAN,,2024/04/04 22:30:47.865,2024-04-04 22:30:47.865000+00:00
2024/04/04, 22:31:47.865,36.162,-74.704,0.31,221.28,86.22,0.23,11.6,11.6,999.5,999.5,0.0,0.0,13.74,11.62,19,13,6.0,5.6,71.7,71.5,6.1,5.7,241.1,235.2,1001.6,1001.6,14.31,355.46,77.73,32.0346,10.1635,374.0,27.6,1486.897, NAN, NAN, NAN, NAN,,2024/04/04 22:31:47.865,2024-04-04 22:31:47.865000+00:00
2024/04/04, 22:32:47.865,36.162,-74.704,0.59,222.06,100.72,0.73,11.6,11.6,999.3,999.4,0.0,0.0,13.74,11.62,15,13,4.6,4.8,71.7,71.7,4.8,5.0,241.0,238.9,1001.4,1001.5,14.1,355.15,76.67,32.0341,10.1674,381.1,27.6,1486.91, NAN, NAN, NAN, NAN,,2024/04/04 22:32:47.865,2024-04-04 22:32:47.865000+00:00
2024/04/04, 22:33:47.865,36.162,-74.704,0.4,221.97,116.15,0.21,11.6,11.6,999.3,999.3,0.0,0.0,13.74,11.62,22,17,5.7,5.3,71.8,71.8,5.8,5.4,244.4,239.5,1001.4,1001.4,13.69,355.18,75.98,32.0328,10.156,390.2,27.6,1486.868, NAN, NAN, NAN, NAN,,2024/04/04 22:33:47.865,2024-04-04 22:33:47.865000+00:00
2024/04/04, 22:34:47.865,36.162,-74.704,0.24,219.46,147.55,0.14,11.6,11.6,999.3,999.3,0.0,0.0,13.74,11.62,23,17,5.8,5.6,72.3,72.4,5.7,5.5,242.8,236.8,1001.4,1001.4,13.44,355.03,74.88,32.0337,10.1465,392.4,27.4,1486.835, NAN, NAN, NAN, NAN,,2024/04/04 22:34:47.865,2024-04-04 22:34:47.865000+00:00
2024/04/04, 22:35:47.865,36.162,-74.704,0.27,220.93,120.53,0.22,11.5,11.6,999.3,999.5,0.0,0.0,13.74,11.62,22,15,5.8,5.5,72.2,72.3,5.9,5.5,243.9,237.0,1001.4,1001.6,13.25,354.82,74.26,32.0313,10.132,400.3,27.1,1486.779, NAN, NAN, NAN, NAN,,2024/04/04 22:35:47.865,2024-04-04 22:35:47.865000+00:00
2024/04/04, 22:36:47.865,36.162,-74.704,0.18,220.91,93.69,0.38,11.5,11.6,999.4,999.3,0.0,0.0,13.74,11.62,23,19,5.4,5.5,72.7,72.7,5.5,5.6,245.5,241.6,1001.5,1001.4,12.83,355.02,73.4,32.0332,10.1256,403.5,27.2,1486.759, NAN, NAN, NAN, NAN,,2024/04/04 22:36:47.865,2024-04-04 22:36:47.865000+00:00
2024/04/04, 22:37:47.865,36.162,-74.704,0.42,222.26,273.1,0.4,11.5,11.6,999.3,999.3,0.0,0.0,13.74,11.62,24,18,5.7,5.5,72.6,72.7,5.5,5.4,244.9,238.7,1001.4,1001.4,12.6,355.0,72.98,32.0327,10.1328,404.6,27.1,1486.784, NAN, NAN, NAN, NAN,,2024/04/04 22:37:47.865,2024-04-04 22:37:47.865000+00:00
2024/04/04, 22:38:47.865,36.162,-74.704,0.3,221.89,290.71,0.04,11.5,11.5,999.3,999.3,0.0,0.0,13.74,11.62,21,17,5.0,5.6,72.7,72.8,5.0,5.6,242.8,238.9,1001.4,1001.4,12.65,354.76,72.81,32.0352,10.1387,403.2,27.1,1486.808, NAN, NAN, NAN, NAN,,2024/04/04 22:38:47.865,2024-04-04 22:38:47.865000+00:00
2024/04/04, 22:39:47.866,36.162,-74.704,0.6,220.45,109.6,0.31,11.5,11.5,999.5,999.3,0.0,0.0,13.74,11.62,24,19,6.2,6.0,73.6,73.6,6.3,6.1,245.2,240.3,1001.6,1001.4,12.73,354.33,72.98,32.0341,10.1363,405.6,27.1,1486.798, NAN, NAN, NAN, NAN,,2024/04/04 22:39:47.866,2024-04-04 22:39:47.866000+00:00
2024/04/04, 22:40:47.866,36.162,-74.704,0.06,221.48,113.65,0.71,11.5,11.5,999.5,999.4,0.0,0.0,13.74,11.62,26,20,6.1,5.9,73.6,73.6,6.3,6.1,250.0,244.3,1001.6,1001.5,12.64,354.55,72.91,32.0382,10.1338,405.9,27.5,1486.794, NAN, NAN, NAN, NAN,,2024/04/04 22:40:47.866,2024-04-04 22:40:47.866000+00:00
2024/04/04, 22:41:47.866,36.162,-74.704,0.34,220.76,153.87,0.47,11.5,11.5,999.4,999.5,0.0,0.0,13.74,11.62,26,20,5.7,5.9,74.0,73.9,5.7,5.9,249.2,243.1,1001.5,1001.6,12.83,354.31,73.07,32.0371,10.1235,409.6,27.6,1486.756, NAN, NAN, NAN, NAN,,2024/04/04 22:41:47.866,2024-04-04 22:41:47.866000+00:00
2024/04/04, 22:42:47.866,36.162,-74.704,0.62,221.65,275.57,0.49,11.5,11.5,999.6,999.4,0.0,0.0,13.74,11.62,29,23,5.8,5.8,73.9,73.9,5.5,5.6,250.6,244.3,1001.7,1001.5,13.12,354.16,73.97,32.0379,10.1205,414.4,27.8,1486.746, NAN, NAN, NAN, NAN,,2024/04/04 22:42:47.866,2024-04-04 22:42:47.866000+00:00
2024/04/04, 22:43:47.866,36.162,-74.704,0.38,222.11,268.44,0.33,11.4,11.5,999.8,999.7,0.0,0.0,13.74,11.62,29,23,6.3,6.5,74.1,74.1,6.1,6.3,250.7,244.5,1001.9,1001.8,13.79,354.15,75.75,32.0425,10.1184,407.0,27.2,1486.744, NAN, NAN, NAN, NAN,,2024/04/04 22:43:47.866,2024-04-04 22:43:47.866000+00:00
2024/04/04, 22:44:47.866,36.162,-74.704,0.75,221.99,222.22,0.27,11.4,11.5,999.5,999.4,0.0,0.0,13.74,11.62,23,19,5.0,5.5,74.1,74.3,5.0,5.5,246.6,242.4,1001.6,1001.5,14.76,353.82,77.45,32.0415,10.1213,400.9,27.1,1486.753, NAN, NAN, NAN, NAN,,2024/04/04 22:44:47.866,2024-04-04 22:44:47.866000+00:00
2024/04/04, 22:45:47.866,36.162,-74.704,0.3,221.42,277.58,0.58,11.4,11.4,999.5,999.6,0.0,0.0,13.74,11.62,22,21,5.1,5.6,73.6,73.7,4.8,5.3,243.0,242.0,1001.6,1001.7,15.52,353.23,79.04,32.0513,10.1202,406.7,27.2,1486.761, NAN, NAN, NAN, NAN,,2024/04/04 22:45:47.866,2024-04-04 22:45:47.866000+00:00
2024/04/04, 22:46:47.866,36.162,-74.705,0.61,220.53,237.25,0.73,11.4,11.4,999.6,999.4,0.0,0.0,13.74,11.62,26,21,6.0,6.1,73.5,74.0,5.6,5.7,246.5,241.1,1001.7,1001.5,15.95,352.9,79.9,32.0576,10.1124,411.6,27.5,1486.741, NAN, NAN, NAN, NAN,,2024/04/04 22:46:47.866,2024-04-04 22:46:47.866000+00:00
2024/04/04, 22:47:47.866,36.162,-74.705,0.7,221.42,195.11,0.5,11.4,11.4,999.6,999.5,0.0,0.0,13.74,11.62,25,21,5.9,6.3,74.3,74.4,5.7,6.1,248.4,244.1,1001.7,1001.6,16.21,352.64,80.24,32.0527,10.1064,412.3,27.5,1486.713, NAN, NAN, NAN, NAN,,2024/04/04 22:47:47.866,2024-04-04 22:47:47.866000+00:00
2024/04/04, 22:48:47.866,36.162,-74.705,0.51,221.31,115.19,0.72,11.4,11.4,999.5,999.4,0.0,0.0,13.74,11.62,25,20,6.4,6.0,74.4,74.5,6.5,6.0,249.6,244.8,1001.6,1001.5,15.88,352.6,80.14,32.0531,10.1039,420.0,27.4,1486.704, NAN, NAN, NAN, NAN,,2024/04/04 22:48:47.866,2024-04-04 22:48:47.866000+00:00
2024/04/04, 22:49:47.866,36.161,-74.705,1.15,220.92,171.77,0.66,11.4,11.4,999.5,999.7,0.0,0.0,13.74,11.62,23,21,5.9,6.3,74.3,74.4,5.7,6.1,246.9,244.6,1001.6,1001.8,15.55,352.23,79.42,32.0573,10.1023,414.4,26.6,1486.704, NAN, NAN, NAN, NAN,,2024/04/04 22:49:47.866,2024-04-04 22:49:47.866000+00:00
2024/04/04, 22:50:47.866,36.161,-74.705,0.4,222.62,272.14,0.23,11.4,11.4,999.8,999.6,0.0,0.0,13.74,11.62,33,26,5.7,6.0,74.7,74.6,5.6,5.9,256.4,249.3,1001.9,1001.7,15.48,352.3,78.96,32.06,10.1037,418.4,25.5,1486.712, NAN, NAN, NAN, NAN,,2024/04/04 22:50:47.866,2024-04-04 22:50:47.866000+00:00
2024/04/04, 22:51:47.866,36.161,-74.705,0.32,221.22,278.67,0.22,11.4,11.4,999.7,999.5,0.0,0.0,13.74,11.62,31,26,5.5,6.1,74.7,74.5,5.4,6.0,252.2,247.1,1001.8,1001.6,15.59,351.93,78.97,32.0571,10.1006,418.7,25.6,1486.697, NAN, NAN, NAN, NAN,,2024/04/04 22:51:47.866,2024-04-04 22:51:47.866000+00:00
2024/04/04, 22:52:47.866,36.161,-74.705,0.37,221.29,24.33,0.22,11.3,11.3,999.6,999.8,0.0,0.0,13.74,11.62,33,29,5.9,6.7,74.8,74.8,5.8,6.6,253.6,249.7,1001.7,1001.9,15.84,352.3,79.21,32.0483,10.0914,420.1,25.6,1486.653, NAN, NAN, NAN, NAN,,2024/04/04 22:52:47.866,2024-04-04 22:52:47.866000+00:00
2024/04/04, 22:53:47.866,36.161,-74.705,0.35,222.28,294.89,0.34,11.3,11.3,999.6,999.5,0.0,0.0,13.74,11.62,38,32,5.6,6.8,74.3,74.8,5.5,6.7,258.9,253.1,1001.7,1001.6,16.0,352.05,78.16,32.0211,10.0782,416.3,26.2,1486.573, NAN, NAN, NAN, NAN,,2024/04/04 22:53:47.866,2024-04-04 22:53:47.866000+00:00
2024/04/04, 22:54:47.867,36.161,-74.705,0.54,221.55,116.31,0.38,11.3,11.3,999.5,999.3,0.0,0.0,13.74,11.62,40,34,5.7,7.8,74.3,74.3,5.8,7.9,262.9,256.7,1001.6,1001.4,15.68,352.36,77.61,32.0489,10.0664,412.3,26.1,1486.564, NAN, NAN, NAN, NAN,,2024/04/04 22:54:47.867,2024-04-04 22:54:47.867000+00:00
2024/04/04, 22:55:47.867,36.161,-74.705,0.5,221.83,220.42,0.39,11.3,11.3,999.6,999.7,0.0,0.0,13.74,11.62,37,31,6.7,7.6,73.6,73.7,6.5,7.4,259.7,253.5,1001.7,1001.8,15.26,352.86,76.77,32.0402,10.0643,411.0,26.1,1486.546, NAN, NAN, NAN, NAN,,2024/04/04 22:55:47.867,2024-04-04 22:55:47.867000+00:00
2024/04/04, 22:56:47.867,36.161,-74.705,0.42,221.09,242.28,0.2,11.3,11.3,999.6,999.8,0.0,0.0,13.74,11.62,38,32,6.4,8.0,72.8,72.8,6.3,7.9,259.7,253.6,1001.7,1001.9,15.14,352.86,75.73,32.0576,10.0653,412.9,26.3,1486.57, NAN, NAN, NAN, NAN,,2024/04/04 22:56:47.867,2024-04-04 22:56:47.867000+00:00
2024/04/04, 22:57:47.867,36.161,-74.705,0.31,220.93,260.17,0.44,11.4,11.4,999.4,999.4,0.0,0.0,13.74,11.62,37,31,6.8,7.9,72.7,72.6,6.6,7.7,259.3,253.0,1001.5,1001.5,15.45,353.25,85.11,32.0574,10.0605,415.3,27.2,1486.553, NAN, NAN, NAN, NAN,,2024/04/04 22:57:47.867,2024-04-04 22:57:47.867000+00:00
2024/04/04, 22:58:47.867,36.161,-74.705,0.36,222.72,267.08,0.41,11.4,11.4,999.6,999.6,0.0,0.0,13.74,11.62,36,30,6.0,7.5,72.4,72.5,5.8,7.3,258.3,252.2,1001.7,1001.7,30.62,354.16,280.36,32.0606,10.056,418.0,27.0,1486.54, NAN, NAN, NAN, NAN,,2024/04/04 22:58:47.867,2024-04-04 22:58:47.867000+00:00
2024/04/04, 22:59:47.867,36.161,-74.705,0.61,221.19,222.35,0.41,11.4,11.5,999.5,999.6,0.0,0.0,13.74,11.62,36,31,6.9,8.3,72.4,72.2,6.9,8.2,258.9,253.6,1001.6,1001.7,33.78,354.66,320.92,32.061,10.0514,422.0,26.5,1486.524, NAN, NAN, NAN, NAN,,2024/04/04 22:59:47.867,2024-04-04 22:59:47.867000+00:00
2024/04/04, 23:00:47.867,36.161,-74.705,0.07,221.76,162.21,0.26,11.5,11.5,999.6,999.8,0.0,0.0,13.74,11.62,37,32,6.5,8.0,72.4,72.4,6.5,8.0,259.9,254.7,1001.7,1001.9,35.06,354.6,291.69,32.0721,10.0524,423.0,26.7,1486.541, NAN, NAN, NAN, NAN,,2024/04/04 23:00:47.867,2024-04-04 23:00:47.867000+00:00
2024/04/04, 23:01:47.867,36.161,-74.705,0.13,223.39,287.69,0.57,11.5,11.5,999.7,999.8,0.0,0.0,13.74,11.62,39,33,6.5,8.3,72.3,72.1,6.2,8.1,261.2,255.2,1001.8,1001.9,31.35,354.57,281.59,32.0764,10.0539,414.0,26.6,1486.552, NAN, NAN, NAN, NAN,,2024/04/04 23:01:47.867,2024-04-04 23:01:47.867000+00:00
2024/04/04, 23:02:47.867,36.161,-74.705,0.08,220.47,296.94,0.37,11.6,11.6,999.6,999.8,0.0,0.0,13.74,11.62,39,33,7.0,8.6,71.9,71.9,6.9,8.5,258.5,252.6,1001.7,1001.9,28.38,353.82,257.05,32.0784,10.0543,413.7,26.7,1486.556, NAN, NAN, NAN, NAN,,2024/04/04 23:02:47.867,2024-04-04 23:02:47.867000+00:00
2024/04/04, 23:03:47.867,36.161,-74.705,0.28,220.93,130.19,0.11,11.6,11.6,999.4,999.6,0.0,0.0,13.74,11.62,36,31,6.8,8.1,72.2,72.3,6.8,8.1,257.4,252.3,1001.5,1001.7,28.3,353.13,243.58,32.0749,10.0546,415.6,26.6,1486.553, NAN, NAN, NAN, NAN,,2024/04/04 23:03:47.867,2024-04-04 23:03:47.867000+00:00
2024/04/04, 23:04:47.867,36.161,-74.705,0.03,220.67,275.14,0.31,11.6,11.6,999.8,999.9,0.0,0.0,13.74,11.62,40,35,7.2,9.0,71.1,71.3,7.0,8.8,260.5,255.5,1001.9,1002.0,24.84,351.67,219.79,32.0854,10.0526,409.2,26.4,1486.558, NAN, NAN, NAN, NAN,,2024/04/04 23:04:47.867,2024-04-04 23:04:47.867000+00:00
2024/04/04, 23:05:47.867,36.161,-74.705,0.2,221.45,125.38,0.37,11.6,11.6,999.7,999.5,0.0,0.0,13.74,11.62,43,37,7.5,9.4,71.3,71.4,7.6,9.5,265.3,259.3,1001.8,1001.6,23.92,350.78,195.65,32.0925,10.05,413.4,26.4,1486.558, NAN, NAN, NAN, NAN,,2024/04/04 23:05:47.867,2024-04-04 23:05:47.867000+00:00
2024/04/04, 23:06:47.867,36.161,-74.705,0.16,225.85,275.79,0.5,11.6,11.6,999.6,999.8,0.0,0.0,13.74,11.62,41,35,7.2,8.9,70.3,71.2,7.4,9.0,268.4,262.2,1001.7,1001.9,19.95,350.33,178.84,32.0858,10.0455,412.6,26.5,1486.533, NAN, NAN, NAN, NAN,,2024/04/04 23:06:47.867,2024-04-04 23:06:47.867000+00:00
2024/04/04, 23:07:47.867,36.161,-74.705,0.29,225.03,276.67,0.2,11.7,11.7,999.6,999.5,0.0,0.0,13.74,11.62,38,30,8.2,8.7,69.8,69.8,8.2,8.7,263.7,255.7,1001.7,1001.6,17.81,350.21,170.97,32.0981,10.0424,411.3,26.8,1486.537, NAN, NAN, NAN, NAN,,2024/04/04 23:07:47.867,2024-04-04 23:07:47.867000+00:00
2024/04/04, 23:08:47.867,36.161,-74.705,0.07,225.06,275.64,0.18,11.7,11.7,999.6,999.9,0.0,0.0,13.74,11.62,41,35,7.8,9.9,69.8,69.8,7.7,9.8,265.8,259.8,1001.7,1002.0,13.5,350.41,120.77,32.1035,10.041,410.7,26.6,1486.538, NAN, NAN, NAN, NAN,,2024/04/04 23:08:47.867,2024-04-04 23:08:47.867000+00:00
2024/04/04, 23:09:47.867,36.161,-74.705,0.08,224.86,162.13,0.36,11.8,11.8,999.7,999.9,0.0,0.0,13.74,11.62,39,34,8.0,10.1,68.1,68.2,8.0,10.1,265.2,259.9,1001.8,1002.0,6.8,350.38,60.24,32.1013,10.0387,409.6,26.5,1486.527, NAN, NAN, NAN, NAN,,2024/04/04 23:09:47.867,2024-04-04 23:09:47.867000+00:00
2024/04/04, 23:10:47.868,36.161,-74.705,0.22,225.43,297.85,0.03,11.8,11.8,999.7,999.9,0.0,0.0,13.74,11.62,41,35,8.2,10.0,68.7,68.7,8.2,10.0,266.5,260.5,1001.8,1002.0,5.13,350.06,49.25,32.1055,10.0353,412.9,26.8,1486.52, NAN, NAN, NAN, NAN,,2024/04/04 23:10:47.868,2024-04-04 23:10:47.868000+00:00
2024/04/04, 23:11:47.868,36.161,-74.705,0.13,226.42,308.02,0.48,11.8,11.8,999.5,999.8,0.0,0.0,13.74,11.62,39,34,7.8,10.1,68.7,68.8,7.7,10.0,263.8,259.1,1001.6,1001.9,4.2,349.59,45.3,32.1049,10.0299,414.7,27.0,1486.5, NAN, NAN, NAN, NAN,,2024/04/04 23:11:47.868,2024-04-04 23:11:47.868000+00:00
2024/04/04, 23:12:47.868,36.161,-74.705,0.23,225.05,185.91,0.14,11.8,11.8,999.8,999.7,0.0,0.0,13.74,11.62,41,36,7.7,9.8,68.8,68.9,7.7,9.8,266.4,261.4,1001.9,1001.8,3.42,349.19,41.86,32.1406,10.0263,418.0,26.9,1486.53, NAN, NAN, NAN, NAN,,2024/04/04 23:12:47.868,2024-04-04 23:12:47.868000+00:00
2024/04/04, 23:13:47.868,36.161,-74.705,0.29,225.06,184.93,0.34,11.8,11.8,999.8,999.8,0.0,0.0,13.74,11.62,40,35,7.8,9.6,69.0,69.0,7.6,9.4,264.6,259.6,1001.9,1001.9,2.92,348.86,39.16,32.1359,10.0275,414.7,27.0,1486.529, NAN, NAN, NAN, NAN,,2024/04/04 23:13:47.868,2024-04-04 23:13:47.868000+00:00
2024/04/04, 23:14:47.868,36.161,-74.705,0.48,223.27,132.2,0.76,11.8,11.8,999.6,999.7,0.0,0.0,13.74,11.62,40,35,7.8,9.7,69.1,69.0,8.1,9.9,265.4,260.1,1001.7,1001.8,2.2,347.94,36.72,32.1612,10.0289,411.0,27.2,1486.565, NAN, NAN, NAN, NAN,,2024/04/04 23:14:47.868,2024-04-04 23:14:47.868000+00:00
2024/04/04, 23:15:47.868,36.161,-74.705,0.2,225.92,235.35,0.08,11.8,11.8,999.8,999.8,0.0,0.0,13.74,11.62,41,35,7.7,9.8,68.5,68.5,7.7,9.8,267.2,261.2,1001.9,1001.9,1.79,346.89,34.75,32.1688,10.0298,412.0,27.8,1486.577, NAN, NAN, NAN, NAN,,2024/04/04 23:15:47.868,2024-04-04 23:15:47.868000+00:00
2024/04/04, 23:16:47.868,36.161,-74.705,0.06,225.97,346.7,0.2,11.8,11.8,999.8,999.6,0.0,0.0,13.74,11.62,42,36,7.8,9.5,68.5,68.4,7.8,9.5,267.2,261.4,1001.9,1001.7,1.38,345.27,32.84,32.1678,10.0257,405.2,28.5,1486.561, NAN, NAN, NAN, NAN,,2024/04/04 23:16:47.868,2024-04-04 23:16:47.868000+00:00
2024/04/04, 23:17:47.868,36.161,-74.705,0.31,225.65,99.87,0.54,11.7,11.8,999.8,999.7,0.0,0.0,13.74,11.62,40,35,8.0,9.9,69.0,69.1,8.2,10.0,267.2,262.0,1001.9,1001.8,1.17,344.64,31.08,32.1965,10.0181,403.6,28.9,1486.569, NAN, NAN, NAN, NAN,,2024/04/04 23:17:47.868,2024-04-04 23:17:47.868000+00:00
2024/04/04, 23:18:47.868,36.161,-74.705,0.12,225.37,152.1,0.16,11.7,11.8,999.8,999.9,0.0,0.0,13.74,11.62,40,35,7.9,9.5,69.1,69.2,7.9,9.5,264.8,259.9,1001.9,1002.0,1.01,344.52,29.56,32.1683,10.0177,409.2,29.1,1486.533, NAN, NAN, NAN, NAN,,2024/04/04 23:18:47.868,2024-04-04 23:18:47.868000+00:00
2024/04/04, 23:19:47.868,36.161,-74.705,0.28,225.86,272.53,0.27,11.7,11.7,999.7,999.8,0.0,0.0,13.74,11.62,39,34,7.6,9.4,69.2,69.0,7.5,9.3,264.5,259.5,1001.8,1001.9,0.36,343.28,28.13,32.1742,10.0222,408.9,29.2,1486.556, NAN, NAN, NAN, NAN,,2024/04/04 23:19:47.868,2024-04-04 23:19:47.868000+00:00
2024/04/04, 23:20:47.868,36.161,-74.705,0.22,226.05,339.92,0.31,11.7,11.7,999.9,999.9,0.0,0.0,13.74,11.62,37,31,7.8,9.0,69.6,69.6,7.8,9.0,261.9,256.0,1002.0,1002.0,-0.28,341.46,26.52,32.1836,10.0276,408.3,29.0,1486.587, NAN, NAN, NAN, NAN,,2024/04/04 23:20:47.868,2024-04-04 23:20:47.868000+00:00
2024/04/04, 23:21:47.868,36.161,-74.705,0.15,225.78,132.43,0.5,11.7,11.7,999.9,1000.1,0.0,0.0,13.74,11.62,36,30,7.4,7.9,69.7,69.7,7.6,8.1,263.1,257.2,1002.0,1002.2,-1.0,338.74,24.98,32.1812,10.0341,412.6,29.3,1486.608, NAN, NAN, NAN, NAN,,2024/04/04 23:21:47.868,2024-04-04 23:21:47.868000+00:00
2024/04/04, 23:22:47.868,36.161,-74.705,0.19,225.1,311.09,0.15,11.7,11.7,999.8,1000.0,0.0,0.0,13.74,11.62,33,27,6.9,7.4,69.3,69.3,6.9,7.4,258.7,252.7,1001.9,1002.1,-1.46,333.74,23.16,32.1815,10.0433,410.7,29.3,1486.641, NAN, NAN, NAN, NAN,,2024/04/04 23:22:47.868,2024-04-04 23:22:47.868000+00:00
2024/04/04, 23:23:47.868,36.161,-74.705,0.14,224.77,119.57,0.33,11.7,11.7,999.8,999.9,0.0,0.0,13.74,11.62,30,26,7.1,7.1,70.0,70.1,7.2,7.2,255.5,251.6,1001.9,1002.0,-1.89,327.06,21.51,32.1508,10.0443,408.9,29.0,1486.608, NAN, NAN, NAN, NAN,,2024/04/04 23:23:47.868,2024-04-04 23:23:47.868000+00:00
2024/04/04, 23:24:47.868,36.161,-74.705,0.11,225.0,133.51,0.05,11.6,11.6,999.8,999.8,0.0,0.0,13.74,11.62,21,22,5.8,6.4,70.8,71.0,5.8,6.4,246.1,247.1,1001.9,1001.9,-2.26,320.38,19.71,32.1239,10.0442,423.0,29.1,1486.575, NAN, NAN, NAN, NAN,,2024/04/04 23:24:47.868,2024-04-04 23:24:47.868000+00:00
2024/04/04, 23:25:47.869,36.16,-74.705,0.17,225.91,58.38,0.41,11.6,11.6,999.9,1000.1,0.0,0.0,13.74,11.62,28,23,6.5,7.0,70.8,71.0,6.7,7.2,254.4,249.5,1002.0,1002.2,-2.84,312.88,17.71,32.1402,10.0427,411.6,29.4,1486.589, NAN, NAN, NAN, NAN,,2024/04/04 23:25:47.869,2024-04-04 23:25:47.869000+00:00
2024/04/04, 23:26:47.869,36.16,-74.705,0.29,225.19,155.16,0.18,11.5,11.6,999.9,999.9,0.0,0.0,13.74,11.62,31,28,6.6,7.4,71.1,71.3,6.6,7.4,256.9,253.8,1002.0,1002.0,-3.3,307.27,15.92,32.1589,10.0435,401.9,29.5,1486.615, NAN, NAN, NAN, NAN,,2024/04/04 23:26:47.869,2024-04-04 23:26:47.869000+00:00
2024/04/04, 23:27:47.869,36.16,-74.705,0.09,224.41,196.49,0.17,11.5,11.5,1000.0,999.9,0.0,0.0,13.74,11.62,35,30,6.9,7.8,70.8,70.9,6.8,7.7,259.5,254.4,1002.1,1002.0,-3.86,302.41,13.93,32.1522,10.0455,409.9,29.7,1486.614, NAN, NAN, NAN, NAN,,2024/04/04 23:27:47.869,2024-04-04 23:27:47.869000+00:00
2024/04/04, 23:28:47.869,36.16,-74.705,0.18,227.1,303.92,0.76,11.5,11.5,999.8,1000.1,0.0,0.0,13.74,11.62,32,27,7.2,7.5,71.6,71.7,6.9,7.3,256.8,251.7,1001.9,1002.2,-4.19,299.58,12.32,32.1609,10.0436,405.6,29.4,1486.617, NAN, NAN, NAN, NAN,,2024/04/04 23:28:47.869,2024-04-04 23:28:47.869000+00:00
2024/04/04, 23:29:47.869,36.16,-74.705,0.31,225.57,149.37,0.3,11.5,11.5,1000.0,1000.0,0.0,0.0,13.74,11.62,33,29,6.9,7.4,71.2,71.3,7.0,7.5,259.7,255.6,1002.1,1002.1,-4.66,297.64,10.82,32.1784,10.0505,400.1,29.7,1486.664, NAN, NAN, NAN, NAN,,2024/04/04 23:29:47.869,2024-04-04 23:29:47.869000+00:00
2024/04/04, 23:30:47.869,36.16,-74.705,0.23,224.68,44.59,0.15,11.5,11.5,999.9,1000.0,0.0,0.0,13.74,11.62,37,31,6.9,7.8,70.9,71.0,7.0,7.9,262.0,256.0,1002.0,1002.1,-4.9,296.17,9.42,32.191,10.0589,407.6,29.4,1486.709, NAN, NAN, NAN, NAN,,2024/04/04 23:30:47.869,2024-04-04 23:30:47.869000+00:00
2024/04/04, 23:31:47.869,36.16,-74.705,0.19,226.59,28.34,0.28,11.6,11.6,1000.1,999.8,0.0,0.0,13.74,11.62,34,29,6.5,8.0,70.1,70.2,6.6,8.1,261.3,256.2,1002.2,1001.9,-5.22,295.37,8.2,32.1793,10.0624,399.2,29.2,1486.708, NAN, NAN, NAN, NAN,,2024/04/04 23:31:47.869,2024-04-04 23:31:47.869000+00:00
2024/04/04, 23:32:47.869,36.16,-74.705,0.17,225.8,117.48,0.34,11.6,11.6,1000.1,1000.2,0.0,0.0,13.74,11.62,33,28,6.5,7.6,69.5,69.4,6.6,7.7,259.8,254.8,1002.2,1002.3,-5.44,294.85,6.87,32.1525,10.0653,403.5,29.1,1486.686, NAN, NAN, NAN, NAN,,2024/04/04 23:32:47.869,2024-04-04 23:32:47.869000+00:00
2024/04/04, 23:33:47.869,36.16,-74.705,0.23,225.17,324.21,0.18,11.6,11.6,1000.2,1000.1,0.0,0.0,13.74,11.62,35,30,7.0,7.9,70.7,70.3,6.9,7.8,260.8,255.7,1002.3,1002.2,-5.51,294.21,5.84,32.1506,10.0713,408.6,29.0,1486.705, NAN, NAN, NAN, NAN,,2024/04/04 23:33:47.869,2024-04-04 23:33:47.869000+00:00
2024/04/04, 23:34:47.869,36.16,-74.705,0.17,225.1,139.98,0.2,11.6,11.6,1000.2,1000.2,0.0,0.0,13.74,11.62,36,30,6.8,7.8,70.6,70.6,6.8,7.8,261.9,255.8,1002.3,1002.3,-5.83,294.04,4.95,32.1458,10.0738,404.9,29.0,1486.708, NAN, NAN, NAN, NAN,,2024/04/04 23:34:47.869,2024-04-04 23:34:47.869000+00:00
2024/04/04, 23:35:47.869,36.16,-74.705,0.19,226.26,42.17,0.15,11.6,11.6,1000.1,1000.1,0.0,0.0,13.74,11.62,36,30,6.3,7.7,70.9,70.8,6.4,7.8,262.1,256.2,1002.2,1002.2,-5.98,294.07,4.15,32.1466,10.0722,407.3,29.1,1486.703, NAN, NAN, NAN, NAN,,2024/04/04 23:35:47.869,2024-04-04 23:35:47.869000+00:00
2024/04/04, 23:36:47.869,36.16,-74.704,0.06,223.98,135.19,0.23,11.6,11.6,1000.1,1000.2,0.0,0.0,13.74,11.62,36,30,7.2,8.5,70.2,70.3,7.2,8.5,260.9,254.8,1002.2,1002.3,-6.26,293.9,3.33,32.1565,10.0739,411.3,29.1,1486.722, NAN, NAN, NAN, NAN,,2024/04/04 23:36:47.869,2024-04-04 23:36:47.869000+00:00
2024/04/04, 23:37:47.869,36.16,-74.704,0.13,224.96,110.61,0.5,11.6,11.6,1000.1,1000.3,0.0,0.0,13.74,11.62,37,32,7.1,8.6,70.4,70.2,7.3,8.8,263.0,258.0,1002.2,1002.4,-6.3,294.12,2.74,32.165,10.0761,400.1,29.2,1486.74, NAN, NAN, NAN, NAN,,2024/04/04 23:37:47.869,2024-04-04 23:37:47.869000+00:00
2024/04/04, 23:38:47.869,36.16,-74.704,0.2,226.54,84.46,0.25,11.6,11.6,1000.0,1000.3,0.0,0.0,13.74,11.62,36,30,6.5,7.4,70.5,70.4,6.6,7.5,263.0,257.0,1002.1,1002.4,-6.4,293.71,2.23,32.2486,10.0835,386.7,29.2,1486.868, NAN, NAN, NAN, NAN,,2024/04/04 23:38:47.869,2024-04-04 23:38:47.869000+00:00
2024/04/04, 23:39:47.869,36.16,-74.704,0.21,223.0,131.77,0.17,11.6,11.6,1000.2,1000.2,0.0,0.0,13.74,11.62,34,30,7.1,8.0,70.1,70.1,7.1,8.0,257.7,253.6,1002.3,1002.3,-6.45,293.97,1.78,32.2792,10.0876,381.7,29.4,1486.92, NAN, NAN, NAN, NAN,,2024/04/04 23:39:47.869,2024-04-04 23:39:47.869000+00:00
2024/04/04, 23:40:47.869,36.16,-74.704,0.13,225.28,112.21,0.36,11.6,11.6,1000.5,1000.4,0.0,0.0,13.74,11.62,35,29,5.7,7.7,70.2,70.0,5.9,7.8,261.3,255.1,1002.6,1002.5,-6.53,293.93,1.45,32.257,10.0927,391.5,29.1,1486.912, NAN, NAN, NAN, NAN,,2024/04/04 23:40:47.869,2024-04-04 23:40:47.869000+00:00
2024/04/04, 23:41:47.870,36.16,-74.704,0.06,226.27,296.4,0.16,11.6,11.6,1000.2,1000.2,0.0,0.0,13.74,11.62,33,28,5.9,6.9,69.9,70.0,6.0,7.0,259.6,254.6,1002.3,1002.3,-6.59,293.69,1.1,32.1784,10.0945,405.2,29.5,1486.823, NAN, NAN, NAN, NAN,,2024/04/04 23:41:47.870,2024-04-04 23:41:47.870000+00:00
2024/04/04, 23:42:47.870,36.16,-74.704,0.23,224.26,85.08,0.12,11.6,11.6,1000.4,1000.2,0.0,0.0,13.74,11.62,37,32,6.5,8.3,69.8,69.8,6.4,8.2,261.6,256.5,1002.5,1002.3,-6.72,294.1,0.88,32.1754,10.0941,398.5,30.8,1486.818, NAN, NAN, NAN, NAN,,2024/04/04 23:42:47.870,2024-04-04 23:42:47.870000+00:00
2024/04/04, 23:43:47.870,36.16,-74.704,0.17,225.86,188.13,0.42,11.5,11.6,1000.3,1000.3,0.0,0.0,13.74,11.62,34,29,6.1,7.5,70.2,70.2,6.2,7.6,261.6,256.3,1002.4,1002.4,-6.72,294.06,0.69,32.1537,10.0927,398.5,31.0,1486.786, NAN, NAN, NAN, NAN,,2024/04/04 23:43:47.870,2024-04-04 23:43:47.870000+00:00
2024/04/04, 23:44:47.870,36.16,-74.704,0.15,224.58,334.32,0.08,11.5,11.5,1000.1,1000.2,0.0,0.0,13.74,11.62,36,29,6.5,7.2,70.8,70.9,6.5,7.2,260.6,253.6,1002.2,1002.3,-6.78,294.18,0.55,32.167,10.0969,404.3,31.3,1486.817, NAN, NAN, NAN, NAN,,2024/04/04 23:44:47.870,2024-04-04 23:44:47.870000+00:00
2024/04/04, 23:45:47.870,36.16,-74.704,0.18,226.22,309.64,0.26,11.5,11.5,1000.6,1000.5,0.0,0.0,13.74,11.62,34,29,7.0,7.9,69.8,70.0,6.9,7.8,259.3,254.3,1002.7,1002.6,-6.78,294.52,0.44,32.1618,10.103,397.2,31.4,1486.833, NAN, NAN, NAN, NAN,,2024/04/04 23:45:47.870,2024-04-04 23:45:47.870000+00:00
2024/04/04, 23:46:47.870,36.16,-74.704,-0.04,224.2,113.01,0.32,11.5,11.5,1000.6,1000.5,0.0,0.0,13.74,11.62,37,31,6.6,7.5,70.0,70.2,6.8,7.7,261.3,255.4,1002.7,1002.6,-6.77,294.42,0.33,32.1593,10.1114,394.8,30.9,1486.86, NAN, NAN, NAN, NAN,,2024/04/04 23:46:47.870,2024-04-04 23:46:47.870000+00:00
2024/04/04, 23:47:47.870,36.16,-74.704,0.15,225.59,121.85,0.29,11.5,11.5,1000.6,1000.4,0.0,0.0,13.74,11.62,39,34,7.3,9.3,69.7,69.8,7.4,9.4,264.9,259.9,1002.7,1002.5,-6.74,294.04,0.26,32.159,10.1202,400.9,31.2,1486.892, NAN, NAN, NAN, NAN,,2024/04/04 23:47:47.870,2024-04-04 23:47:47.870000+00:00
2024/04/04, 23:48:47.870,36.16,-74.704,0.15,226.5,19.86,0.31,11.5,11.5,1000.6,1000.5,0.0,0.0,13.74,11.62,37,33,7.7,9.3,69.6,69.6,7.9,9.5,263.6,259.7,1002.7,1002.6,-6.75,294.29,0.21,32.1767,10.1292,392.4,31.4,1486.946, NAN, NAN, NAN, NAN,,2024/04/04 23:48:47.870,2024-04-04 23:48:47.870000+00:00
2024/04/04, 23:49:47.870,36.16,-74.704,0.07,225.69,115.59,0.28,11.5,11.5,1000.7,1000.6,0.0,0.0,13.74,11.62,39,33,7.5,9.2,69.8,69.8,7.6,9.3,265.2,259.2,1002.8,1002.7,-6.79,294.52,0.16,32.2395,10.1348,379.6,31.4,1487.042, NAN, NAN, NAN, NAN,,2024/04/04 23:49:47.870,2024-04-04 23:49:47.870000+00:00
2024/04/04, 23:50:47.870,36.16,-74.704,0.15,226.29,135.52,0.12,11.5,11.5,1000.7,1000.6,0.0,0.0,13.74,11.62,37,32,7.9,9.5,70.3,70.2,7.9,9.5,263.7,258.7,1002.8,1002.7,-6.78,294.84,0.12,32.2024,10.1379,387.2,31.5,1487.008, NAN, NAN, NAN, NAN,,2024/04/04 23:50:47.870,2024-04-04 23:50:47.870000+00:00
2024/04/04, 23:51:47.870,36.16,-74.704,0.27,225.03,106.52,0.56,11.5,11.5,1000.6,1000.5,0.0,0.0,13.74,11.62,38,32,7.2,8.7,69.8,69.7,7.3,8.8,265.0,258.7,1002.7,1002.6,-6.69,294.66,0.1,32.1948,10.1409,393.6,31.6,1487.01, NAN, NAN, NAN, NAN,,2024/04/04 23:51:47.870,2024-04-04 23:51:47.870000+00:00
2024/04/04, 23:52:47.870,36.16,-74.704,0.14,225.2,128.9,0.31,11.5,11.5,1000.6,1000.6,0.0,0.0,13.74,11.62,39,33,7.7,9.6,70.8,70.8,7.7,9.6,265.3,259.1,1002.7,1002.7,-6.7,294.99,0.08,32.1981,10.1398,386.4,31.5,1487.01, NAN, NAN, NAN, NAN,,2024/04/04 23:52:47.870,2024-04-04 23:52:47.870000+00:00
2024/04/04, 23:53:47.870,36.16,-74.704,0.15,225.01,157.67,0.82,11.5,11.5,1000.7,1000.5,0.0,0.0,13.74,11.62,39,33,7.8,9.5,70.1,70.0,8.0,9.7,266.5,260.2,1002.8,1002.6,-6.66,295.15,0.05,32.1794,10.1369,391.2,31.2,1486.977, NAN, NAN, NAN, NAN,,2024/04/04 23:53:47.870,2024-04-04 23:53:47.870000+00:00
2024/04/04, 23:54:47.870,36.159,-74.703,0.11,224.6,120.8,0.07,11.5,11.5,1000.9,1000.8,0.0,0.0,13.74,11.62,40,34,7.4,9.2,70.2,70.2,7.4,9.2,264.7,258.7,1003.0,1002.9,-6.77,295.21,0.05,32.1874,10.1383,391.8,31.5,1486.992, NAN, NAN, NAN, NAN,,2024/04/04 23:54:47.870,2024-04-04 23:54:47.870000+00:00
2024/04/04, 23:55:47.870,36.159,-74.703,0.15,224.73,119.17,0.47,11.5,11.5,1000.7,1000.8,0.0,0.0,13.74,11.62,40,35,8.1,10.2,70.2,70.1,8.3,10.3,266.0,260.8,1002.8,1002.9,-6.76,295.31,0.03,32.2123,10.1372,383.8,31.7,1487.018, NAN, NAN, NAN, NAN,,2024/04/04 23:55:47.870,2024-04-04 23:55:47.870000+00:00
2024/04/04, 23:56:47.871,36.159,-74.703,0.25,225.3,139.05,0.46,11.5,11.5,1000.9,1000.6,0.0,0.0,13.74,11.62,38,32,7.3,9.0,69.5,69.5,7.4,9.1,264.9,258.6,1003.0,1002.7,-6.69,295.25,0.02,32.2078,10.1353,392.8,31.6,1487.005, NAN, NAN, NAN, NAN,,2024/04/04 23:56:47.871,2024-04-04 23:56:47.871000+00:00
2024/04/04, 23:57:47.871,36.159,-74.703,0.13,226.0,66.35,0.32,11.5,11.5,1000.8,1000.8,0.0,0.0,13.74,11.62,40,34,7.7,9.5,69.7,69.8,7.9,9.7,266.2,260.3,1002.9,1002.9,-6.65,295.27,0.02,32.2137,10.1352,388.1,31.8,1487.012, NAN, NAN, NAN, NAN,,2024/04/04 23:57:47.871,2024-04-04 23:57:47.871000+00:00
2024/04/04, 23:58:47.871,36.159,-74.703,-0.01,222.53,197.41,1.01,11.5,11.5,1000.9,1000.6,0.0,0.0,13.74,11.62,40,35,7.5,9.3,69.5,69.9,7.2,8.9,265.7,259.9,1003.0,1002.7,-6.68,295.16,0.01,32.2295,10.1317,382.4,31.4,1487.019, NAN, NAN, NAN, NAN,,2024/04/04 23:58:47.871,2024-04-04 23:58:47.871000+00:00
2024/04/04, 23:59:47.871,36.159,-74.704,3.81,231.45,238.31,3.97,11.5,11.5,1000.5,1001.0,0.0,0.0,13.74,11.62,28,21,9.4,9.2,69.5,69.5,7.6,7.3,266.3,257.8,1002.6,1003.1,-6.64,295.32,0.01,32.2176,10.1279,391.8,30.8,1486.991, NAN, NAN, NAN, NAN,,2024/04/04 23:59:47.871,2024-04-04 23:59:47.871000+00:00
2024/04/05, 00:00:47.871,36.158,-74.705,4.94,280.74,293.62,4.92,11.5,11.5,1000.8,1000.8,0.0,0.0,13.74,11.62,349,344,10.0,10.0,69.3,69.3,7.6,7.7,264.9,258.4,1002.9,1002.9,-6.47,295.44,0.0,32.2009,10.1272,394.2,31.2,1486.968, NAN, NAN, NAN, NAN,,2024/04/05 00:00:47.871,2024-04-05 00:00:47.871000+00:00
2024/04/05, 00:01:47.871,36.159,-74.707,7.19,278.65,285.15,7.28,11.6,11.6,1000.8,1000.6,0.0,0.0,13.74,11.62,346,340,10.3,10.4,69.4,69.6,6.8,7.1,255.4,246.8,1002.9,1002.7,-6.43,295.13,0.0,32.186,10.0945,393.6,31.3,1486.832, NAN, NAN, NAN, NAN,,2024/04/05 00:01:47.871,2024-04-05 00:01:47.871000+00:00
2024/04/05, 00:02:47.871,36.159,-74.71,8.77,278.12,284.36,8.46,11.6,11.6,1000.9,1000.8,0.0,0.0,13.74,11.62,347,340,10.9,10.8,69.0,69.4,6.9,7.1,253.4,242.7,1003.0,1002.9,-6.33,294.64,-0.0,32.1863,10.0815,395.2,31.7,1486.785, NAN, NAN, NAN, NAN,,2024/04/05 00:02:47.871,2024-04-05 00:02:47.871000+00:00
2024/04/05, 00:03:47.871,36.16,-74.713,9.32,281.87,280.45,8.9,11.6,11.6,1000.6,1000.6,0.0,0.0,13.74,11.62,346,340,11.1,11.3,69.3,69.5,6.7,7.1,259.7,250.4,1002.7,1002.7,-6.36,294.5,-0.0,32.1473,10.1348,390.8,31.6,1486.93, NAN, NAN, NAN, NAN,,2024/04/05 00:03:47.871,2024-04-05 00:03:47.871000+00:00
2024/04/05, 00:04:47.871,36.16,-74.716,9.51,280.77,288.32,9.15,11.6,11.6,1000.9,1000.8,0.0,0.0,13.74,11.62,346,340,11.1,11.2,69.2,69.2,7.0,7.4,252.2,243.5,1003.0,1002.9,-6.29,293.94,-0.0,32.125,10.2172,389.7,31.6,1487.2, NAN, NAN, NAN, NAN,,2024/04/05 00:04:47.871,2024-04-05 00:04:47.871000+00:00
2024/04/05, 00:05:47.871,36.161,-74.719,9.64,281.84,285.44,9.21,11.6,11.6,1000.9,1000.8,0.0,0.0,13.74,11.62,346,340,11.4,11.4,69.2,69.5,7.0,7.3,256.4,247.0,1003.0,1002.9,-6.3,293.95,-0.01,32.1252,10.3058,387.5,31.5,1487.519, NAN, NAN, NAN, NAN,,2024/04/05 00:05:47.871,2024-04-05 00:05:47.871000+00:00
2024/04/05, 00:06:47.871,36.162,-74.722,9.79,281.08,282.2,9.38,11.6,11.6,1000.9,1000.8,0.0,0.0,13.74,11.62,348,341,11.3,11.3,69.3,69.5,6.7,7.0,259.1,247.8,1003.0,1002.9,-6.27,293.94,-0.01,32.16,10.5147,375.6,31.7,1488.309, NAN, NAN, NAN, NAN,,2024/04/05 00:06:47.871,2024-04-05 00:06:47.871000+00:00
2024/04/05, 00:07:47.871,36.162,-74.725,9.66,280.91,283.77,9.17,11.5,11.6,1001.0,1000.8,0.0,0.0,13.74,11.62,346,339,11.4,11.2,69.4,69.5,7.1,7.3,254.0,243.0,1003.1,1002.9,-6.36,294.05,-0.01,32.2176,10.7628,364.8,31.7,1489.262, NAN, NAN, NAN, NAN,,2024/04/05 00:07:47.871,2024-04-05 00:07:47.871000+00:00
2024/04/05, 00:08:47.871,36.163,-74.728,9.66,281.95,277.71,9.44,11.5,11.5,1000.7,1000.9,0.0,0.0,13.74,11.62,347,340,10.8,10.9,69.7,69.7,6.1,6.5,260.3,248.6,1002.8,1003.0,-6.33,293.64,-0.01,32.2779,10.7889,355.6,31.8,1489.427, NAN, NAN, NAN, NAN,,2024/04/05 00:08:47.871,2024-04-05 00:08:47.871000+00:00
2024/04/05, 00:09:47.871,36.163,-74.732,9.79,282.19,282.5,9.47,11.5,11.5,1001.0,1000.9,0.0,0.0,13.74,11.62,347,340,10.6,10.8,70.3,70.3,6.0,6.4,258.6,247.2,1003.1,1003.0,-6.38,293.71,-0.01,32.3808,10.5243,348.6,31.9,1488.61, NAN, NAN, NAN, NAN,,2024/04/05 00:09:47.871,2024-04-05 00:09:47.871000+00:00
2024/04/05, 00:10:47.871,36.164,-74.735,9.8,281.88,281.16,9.51,11.4,11.4,1001.2,1001.0,0.0,0.0,13.74,11.62,347,341,10.8,11.0,70.3,70.5,6.1,6.6,258.6,248.9,1003.3,1003.1,-6.4,293.75,-0.02,32.5509,10.3811,376.9,32.0,1488.305, NAN, NAN, NAN, NAN,,2024/04/05 00:10:47.871,2024-04-05 00:10:47.871000+00:00
2024/04/05, 00:11:47.872,36.164,-74.738,9.75,280.36,276.97,9.38,11.4,11.4,1000.9,1000.9,0.0,0.0,13.74,11.62,346,340,11.1,11.0,70.8,71.0,6.5,6.6,257.4,247.3,1003.0,1003.0,-6.4,294.17,-0.01,32.6358,10.2506,394.5,31.9,1487.94, NAN, NAN, NAN, NAN,,2024/04/05 00:11:47.872,2024-04-05 00:11:47.872000+00:00
2024/04/05, 00:12:47.872,36.165,-74.741,9.77,280.61,274.6,9.53,11.4,11.4,1000.9,1000.9,0.0,0.0,13.74,11.62,345,339,10.7,11.0,70.6,71.0,6.0,6.5,256.1,246.4,1003.0,1003.0,-6.3,294.21,-0.01,32.642,10.0766,436.4,31.8,1487.321, NAN, NAN, NAN, NAN,,2024/04/05 00:12:47.872,2024-04-05 00:12:47.872000+00:00
2024/04/05, 00:13:47.872,36.165,-74.744,9.71,280.57,286.75,9.19,11.4,11.4,1001.2,1000.9,0.0,0.0,13.74,11.62,346,339,11.2,11.2,70.6,70.7,6.9,7.2,254.4,243.6,1003.3,1003.0,-6.45,294.3,-0.01,32.6505,10.0778,453.1,31.9,1487.336, NAN, NAN, NAN, NAN,,2024/04/05 00:13:47.872,2024-04-05 00:13:47.872000+00:00
2024/04/05, 00:14:47.872,36.166,-74.748,9.57,281.63,278.11,9.55,11.4,11.4,1000.9,1000.9,0.0,0.0,13.74,11.62,345,339,11.1,11.4,70.3,70.3,6.4,6.9,258.1,248.5,1003.0,1003.0,-6.38,294.42,-0.01,32.6614,10.0748,480.9,31.8,1487.338, NAN, NAN, NAN, NAN,,2024/04/05 00:14:47.872,2024-04-05 00:14:47.872000+00:00
2024/04/05, 00:15:47.872,36.166,-74.751,9.4,281.58,284.55,9.27,11.4,11.4,1000.9,1000.9,0.0,0.0,13.74,11.62,343,338,11.9,12.1,69.9,69.9,7.6,8.1,251.9,244.8,1003.0,1003.0,-6.34,294.76,-0.01,32.6536,9.9651,499.5,31.6,1486.933, NAN, NAN, NAN, NAN,,2024/04/05 00:15:47.872,2024-04-05 00:15:47.872000+00:00
2024/04/05, 00:16:47.872,36.167,-74.754,9.59,280.67,282.04,9.14,11.4,11.4,1000.9,1000.9,0.0,0.0,13.74,11.62,344,339,11.7,12.2,69.6,69.5,7.3,8.0,253.8,246.9,1003.0,1003.0,-6.36,294.8,-0.01,32.6637,9.8491,476.9,31.4,1486.525, NAN, NAN, NAN, NAN,,2024/04/05 00:16:47.872,2024-04-05 00:16:47.872000+00:00
2024/04/05, 00:17:47.872,36.167,-74.757,9.47,281.74,281.27,9.03,11.4,11.4,1000.9,1000.9,0.0,0.0,13.74,11.62,344,339,11.8,11.9,69.8,69.7,7.5,7.8,255.7,248.2,1003.0,1003.0,-6.29,294.87,-0.01,32.668,9.7246,465.4,31.4,1486.078, NAN, NAN, NAN, NAN,,2024/04/05 00:17:47.872,2024-04-05 00:17:47.872000+00:00
2024/04/05, 00:18:47.872,36.167,-74.76,9.46,282.64,272.31,9.34,11.4,11.4,1000.9,1000.9,0.0,0.0,13.74,11.62,345,338,11.8,11.9,69.6,69.5,7.0,7.3,263.3,251.9,1003.0,1003.0,-6.28,295.23,-0.01,32.6413,9.6321,473.9,31.5,1485.709, NAN, NAN, NAN, NAN,,2024/04/05 00:18:47.872,2024-04-05 00:18:47.872000+00:00
2024/04/05, 00:19:47.872,36.168,-74.763,9.46,280.42,284.05,8.79,11.4,11.4,1001.0,1000.9,0.0,0.0,13.74,11.62,344,337,11.9,12.4,69.1,69.1,7.8,8.6,253.3,243.9,1003.1,1003.0,-6.29,295.29,-0.01,32.6052,9.5558,488.3,31.2,1485.386, NAN, NAN, NAN, NAN,,2024/04/05 00:19:47.872,2024-04-05 00:19:47.872000+00:00
2024/04/05, 00:20:47.872,36.168,-74.766,9.62,279.44,284.16,9.35,11.4,11.5,1001.2,1001.0,0.0,0.0,13.74,11.62,344,338,12.1,12.7,68.8,68.8,7.7,8.5,252.5,244.4,1003.3,1003.1,-6.27,295.68,-0.01,32.5677,9.5032,501.4,31.1,1485.148, NAN, NAN, NAN, NAN,,2024/04/05 00:20:47.872,2024-04-05 00:20:47.872000+00:00
2024/04/05, 00:21:47.872,36.169,-74.769,10.09,281.6,277.16,9.77,11.5,11.5,1000.9,1001.2,0.0,0.0,13.74,11.62,342,336,12.2,12.6,68.8,68.8,7.4,8.0,254.6,245.6,1003.0,1003.3,-6.21,295.09,-0.01,32.537,9.4788,529.4,31.0,1485.021, NAN, NAN, NAN, NAN,,2024/04/05 00:21:47.872,2024-04-05 00:21:47.872000+00:00
2024/04/05, 00:22:47.872,36.169,-74.773,10.2,281.58,274.38,10.09,11.5,11.5,1001.0,1000.9,0.0,0.0,13.74,11.62,344,338,12.2,12.5,69.2,69.2,7.1,7.6,259.4,249.8,1003.1,1003.0,-6.15,295.13,-0.01,32.4827,9.4443,550.8,31.0,1484.828, NAN, NAN, NAN, NAN,,2024/04/05 00:22:47.872,2024-04-05 00:22:47.872000+00:00
2024/04/05, 00:23:47.872,36.17,-74.776,10.25,278.56,274.95,9.77,11.4,11.5,1000.9,1000.9,0.0,0.0,13.74,11.62,346,340,12.3,12.3,68.8,68.8,7.5,7.8,254.9,245.5,1003.0,1003.0,-6.31,294.9,-0.02,32.4839,9.4151,567.2,31.0,1484.723, NAN, NAN, NAN, NAN,,2024/04/05 00:23:47.872,2024-04-05 00:23:47.872000+00:00
2024/04/05, 00:24:47.872,36.17,-74.78,10.11,277.62,278.36,9.74,11.5,11.5,1001.0,1001.1,0.0,0.0,13.74,11.62,347,338,12.5,12.7,68.8,68.9,7.9,8.6,253.0,239.9,1003.1,1003.2,-6.25,296.03,-0.02,32.4724,9.3692,572.0,30.4,1484.54, NAN, NAN, NAN, NAN,,2024/04/05 00:24:47.872,2024-04-05 00:24:47.872000+00:00
2024/04/05, 00:25:47.872,36.17,-74.783,10.17,279.45,280.48,9.82,11.5,11.5,1001.0,1001.0,0.0,0.0,13.74,11.62,344,338,12.2,12.5,68.5,68.8,7.5,8.1,251.9,243.2,1003.1,1003.1,-6.25,295.31,-0.01,32.4639,9.2896,594.4,30.4,1484.237, NAN, NAN, NAN, NAN,,2024/04/05 00:25:47.872,2024-04-05 00:25:47.872000+00:00
2024/04/05, 00:26:47.872,36.171,-74.786,10.15,279.34,282.92,9.36,11.5,11.5,1001.0,1001.1,0.0,0.0,13.74,11.62,343,338,12.0,12.3,68.5,68.5,7.7,8.3,249.2,242.3,1003.1,1003.2,-6.29,295.07,-0.02,32.4604,9.2235,587.6,30.5,1483.99, NAN, NAN, NAN, NAN,,2024/04/05 00:26:47.872,2024-04-05 00:26:47.872000+00:00
2024/04/05, 00:27:47.873,36.171,-74.789,10.15,280.1,268.18,9.77,11.5,11.5,1001.0,1001.0,0.0,0.0,13.74,11.62,342,336,11.9,12.2,68.4,68.5,7.0,7.5,254.3,244.9,1003.1,1003.1,-6.2,295.08,-0.02,32.4591,9.2027,594.5,30.5,1483.911, NAN, NAN, NAN, NAN,,2024/04/05 00:27:47.873,2024-04-05 00:27:47.873000+00:00
2024/04/05, 00:28:47.873,36.171,-74.793,10.25,280.5,287.11,9.51,11.5,11.5,1001.0,1000.9,0.0,0.0,13.74,11.62,342,337,11.7,12.1,68.8,69.0,7.2,7.8,251.2,244.1,1003.1,1003.0,-6.26,295.61,-0.02,32.4221,9.186,597.7,30.6,1483.804, NAN, NAN, NAN, NAN,,2024/04/05 00:28:47.873,2024-04-05 00:28:47.873000+00:00
2024/04/05, 00:29:47.873,36.172,-74.796,9.89,279.8,282.69,9.83,11.5,11.5,1001.4,1001.2,0.0,0.0,13.74,11.62,341,335,11.6,11.9,68.7,69.0,7.0,7.6,248.0,239.2,1003.5,1003.3,-6.31,296.04,-0.01,32.4578,9.1902,597.1,30.6,1483.864, NAN, NAN, NAN, NAN,,2024/04/05 00:29:47.873,2024-04-05 00:29:47.873000+00:00
2024/04/05, 00:30:47.873,36.172,-74.799,9.94,281.74,273.6,9.26,11.5,11.5,1001.2,1001.2,0.0,0.0,13.74,11.62,345,337,11.3,11.8,69.2,69.3,6.7,7.5,258.9,246.7,1003.3,1003.3,-6.22,297.14,-0.01,32.4559,9.1972,580.9,30.4,1483.887, NAN, NAN, NAN, NAN,,2024/04/05 00:30:47.873,2024-04-05 00:30:47.873000+00:00
2024/04/05, 00:31:47.873,36.172,-74.802,9.05,279.7,272.32,8.54,11.4,11.5,1001.0,1001.2,0.0,0.0,13.74,11.62,342,336,11.0,11.1,69.2,69.2,7.0,7.4,249.9,241.1,1003.1,1003.3,-6.3,297.51,-0.02,32.4573,9.2103,572.0,30.3,1483.937, NAN, NAN, NAN, NAN,,2024/04/05 00:31:47.873,2024-04-05 00:31:47.873000+00:00
2024/04/05, 00:32:47.873,36.173,-74.805,8.76,280.61,275.41,8.33,11.4,11.4,1001.2,1001.2,0.0,0.0,13.74,11.62,341,335,11.2,11.7,69.3,69.4,7.1,7.8,253.7,245.2,1003.3,1003.3,-6.33,299.04,-0.02,32.4612,9.22,554.8,30.2,1483.978, NAN, NAN, NAN, NAN,,2024/04/05 00:32:47.873,2024-04-05 00:32:47.873000+00:00
2024/04/05, 00:33:47.873,36.173,-74.808,8.61,278.92,286.1,8.19,11.4,11.4,1001.2,1001.4,0.0,0.0,13.74,11.62,340,333,10.7,11.1,69.4,69.5,7.1,7.8,244.6,235.6,1003.3,1003.5,-6.3,300.58,-0.01,32.4635,9.2278,542.8,28.9,1484.009, NAN, NAN, NAN, NAN,,2024/04/05 00:33:47.873,2024-04-05 00:33:47.873000+00:00
2024/04/05, 00:34:47.873,36.173,-74.811,8.6,279.42,283.76,7.93,11.4,11.4,1001.3,1001.3,0.0,0.0,13.74,11.62,340,335,10.9,11.0,69.7,69.8,7.2,7.5,248.8,241.6,1003.4,1003.4,-6.2,303.57,-0.01,32.4654,9.241,524.6,29.9,1484.06, NAN, NAN, NAN, NAN,,2024/04/05 00:34:47.873,2024-04-05 00:34:47.873000+00:00
2024/04/05, 00:35:47.873,36.173,-74.813,8.52,278.91,277.72,8.2,11.4,11.4,1001.3,1001.4,0.0,0.0,13.74,11.62,340,334,10.7,10.8,69.9,69.9,6.9,7.3,246.6,238.0,1003.4,1003.5,-6.33,307.73,-0.01,32.4686,9.2505,519.6,30.2,1484.099, NAN, NAN, NAN, NAN,,2024/04/05 00:35:47.873,2024-04-05 00:35:47.873000+00:00
2024/04/05, 00:36:47.873,36.174,-74.816,8.27,278.42,278.63,7.61,11.4,11.4,1001.3,1001.3,0.0,0.0,13.74,11.62,339,332,10.6,11.0,70.3,70.4,7.0,7.6,247.3,237.8,1003.4,1003.4,-6.21,309.62,-0.01,32.4687,9.2591,513.6,30.2,1484.131, NAN, NAN, NAN, NAN,,2024/04/05 00:36:47.873,2024-04-05 00:36:47.873000+00:00
2024/04/05, 00:37:47.873,36.173,-74.818,4.36,246.79,247.24,3.83,11.3,11.4,1001.3,1001.3,0.0,0.0,13.74,11.62,355,348,9.5,9.5,70.6,70.7,7.5,7.6,241.4,232.6,1003.4,1003.4,-6.22,309.3,-0.02,32.4718,9.2688,513.9,30.0,1484.17, NAN, NAN, NAN, NAN,,2024/04/05 00:37:47.873,2024-04-05 00:37:47.873000+00:00
2024/04/05, 00:38:47.873,36.173,-74.818,0.77,225.09,237.56,0.86,11.3,11.3,1001.4,1001.6,0.0,0.0,13.74,11.62,22,17,8.6,8.2,70.6,70.7,8.3,7.9,249.2,244.1,1003.5,1003.7,-6.2,308.53,-0.01,32.4685,9.2726,514.2,30.1,1484.18, NAN, NAN, NAN, NAN,,2024/04/05 00:38:47.873,2024-04-05 00:38:47.873000+00:00
2024/04/05, 00:39:47.873,36.173,-74.818,-0.66,225.05,73.08,0.67,11.3,11.3,1001.6,1001.6,0.0,0.0,13.74,11.62,28,22,7.6,7.5,70.4,70.5,7.9,7.8,253.9,248.1,1003.7,1003.7,-6.34,307.77,-0.01,32.4743,9.274,513.2,29.9,1484.193, NAN, NAN, NAN, NAN,,2024/04/05 00:39:47.873,2024-04-05 00:39:47.873000+00:00
2024/04/05, 00:40:47.873,36.173,-74.818,-1.52,227.44,55.12,0.92,11.3,11.3,1001.6,1001.4,0.0,0.0,13.74,11.62,24,19,7.3,7.3,70.6,70.5,7.8,7.8,251.3,246.6,1003.7,1003.5,-6.37,308.48,-0.01,32.4733,9.2762,517.2,29.9,1484.199, NAN, NAN, NAN, NAN,,2024/04/05 00:40:47.873,2024-04-05 00:40:47.873000+00:00
2024/04/05, 00:41:47.873,36.173,-74.817,-1.8,226.08,35.12,1.43,11.3,11.3,1001.7,1001.6,0.0,0.0,13.74,11.62,24,17,7.1,7.0,71.0,71.0,7.8,7.7,249.6,243.2,1003.8,1003.7,-6.48,308.81,-0.01,32.4714,9.2772,521.6,30.1,1484.201, NAN, NAN, NAN, NAN,,2024/04/05 00:41:47.873,2024-04-05 00:41:47.873000+00:00
2024/04/05, 00:42:47.874,36.173,-74.817,-2.24,225.9,81.75,2.49,11.3,11.3,1001.7,1001.8,0.0,0.0,13.74,11.62,27,22,7.2,6.9,70.6,70.5,8.5,8.2,253.1,248.9,1003.8,1003.9,-6.42,309.38,-0.01,32.4772,9.2757,517.2,30.1,1484.202, NAN, NAN, NAN, NAN,,2024/04/05 00:42:47.874,2024-04-05 00:42:47.874000+00:00
2024/04/05, 00:43:47.874,36.173,-74.816,-1.4,260.53,78.96,1.5,11.4,11.4,1001.8,1001.8,0.0,0.0,13.74,11.62,8,2,7.2,6.6,69.2,69.2,8.0,7.4,268.2,262.8,1003.9,1003.9,-6.53,309.2,-0.01,32.4751,9.2761,522.4,30.2,1484.201, NAN, NAN, NAN, NAN,,2024/04/05 00:43:47.874,2024-04-05 00:43:47.874000+00:00
2024/04/05, 00:44:47.874,36.173,-74.816,0.05,308.91,102.57,1.31,11.4,11.4,1001.8,1001.8,0.0,0.0,13.74,11.62,309,312,6.5,9.2,69.1,69.3,7.1,9.8,260.2,262.3,1003.9,1003.9,-6.48,309.25,-0.01,32.4741,9.2728,525.4,30.1,1484.188, NAN, NAN, NAN, NAN,,2024/04/05 00:44:47.874,2024-04-05 00:44:47.874000+00:00
2024/04/05, 00:45:47.874,36.173,-74.815,0.76,323.85,358.29,1.13,11.4,11.4,1001.8,1001.8,0.0,0.0,13.74,11.62,287,295,8.6,10.2,69.7,69.2,8.8,10.3,247.2,255.6,1003.9,1003.9,-6.42,311.14,-0.01,32.4755,9.273,519.6,30.0,1484.19, NAN, NAN, NAN, NAN,,2024/04/05 00:45:47.874,2024-04-05 00:45:47.874000+00:00
2024/04/05, 00:46:47.874,36.174,-74.816,2.35,317.8,312.0,2.05,11.4,11.4,1001.8,1001.8,0.0,0.0,13.74,11.62,296,300,8.4,10.1,69.8,70.0,8.0,9.6,247.1,252.4,1003.9,1003.9,-6.42,315.79,-0.01,32.4706,9.271,513.2,30.3,1484.177, NAN, NAN, NAN, NAN,,2024/04/05 00:46:47.874,2024-04-05 00:46:47.874000+00:00
2024/04/05, 00:47:47.874,36.174,-74.816,3.63,318.36,321.32,3.04,11.4,11.4,1002.0,1001.7,0.0,0.0,13.74,11.62,301,305,8.8,11.0,70.4,70.5,8.3,10.3,249.5,255.8,1004.1,1003.8,-6.35,320.02,-0.01,32.4769,9.2622,519.3,30.3,1484.152, NAN, NAN, NAN, NAN,,2024/04/05 00:47:47.874,2024-04-05 00:47:47.874000+00:00
2024/04/05, 00:48:47.874,36.175,-74.817,4.53,317.44,309.82,3.98,11.4,11.4,1002.0,1001.8,0.0,0.0,13.74,11.62,306,308,8.4,10.9,70.6,70.7,7.3,9.7,250.9,256.4,1004.1,1003.9,-6.24,321.01,-0.01,32.4762,9.2534,530.4,30.3,1484.119, NAN, NAN, NAN, NAN,,2024/04/05 00:48:47.874,2024-04-05 00:48:47.874000+00:00
2024/04/05, 00:49:47.874,36.176,-74.818,5.21,317.65,325.01,4.49,11.4,11.4,1001.9,1001.8,0.0,0.0,13.74,11.62,306,309,8.9,11.4,70.5,70.6,8.0,10.3,249.1,255.8,1004.0,1003.9,-6.18,318.93,-0.01,32.4773,9.2494,519.0,30.5,1484.106, NAN, NAN, NAN, NAN,,2024/04/05 00:49:47.874,2024-04-05 00:49:47.874000+00:00
2024/04/05, 00:50:47.874,36.177,-74.819,4.72,296.16,314.76,3.61,11.4,11.4,1001.8,1001.8,0.0,0.0,13.74,11.62,314,313,9.6,12.2,70.6,70.7,8.8,11.4,239.7,241.0,1003.9,1003.9,-6.23,315.84,-0.01,32.4782,9.251,516.9,30.4,1484.113, NAN, NAN, NAN, NAN,,2024/04/05 00:50:47.874,2024-04-05 00:50:47.874000+00:00
2024/04/05, 00:51:47.874,36.177,-74.82,1.62,259.72,285.63,1.26,11.4,11.4,1002.0,1001.8,0.0,0.0,13.74,11.62,357,349,9.1,9.0,69.2,69.3,8.6,8.5,254.5,246.0,1004.1,1003.9,-6.07,310.71,-0.01,32.4783,9.264,516.9,30.4,1484.161, NAN, NAN, NAN, NAN,,2024/04/05 00:51:47.874,2024-04-05 00:51:47.874000+00:00
2024/04/05, 00:52:47.874,36.177,-74.82,0.4,266.12,155.49,0.47,11.5,11.5,1002.0,1001.8,0.0,0.0,13.74,11.62,0,355,9.0,8.7,68.9,68.9,9.0,8.7,267.7,262.7,1004.1,1003.9,-6.1,305.92,-0.01,32.4813,9.2736,514.5,30.2,1484.2, NAN, NAN, NAN, NAN,,2024/04/05 00:52:47.874,2024-04-05 00:52:47.874000+00:00
2024/04/05, 00:53:47.874,36.177,-74.82,0.18,271.58,320.66,0.21,11.5,11.5,1001.8,1002.0,0.0,0.0,13.74,11.62,350,344,8.5,8.7,68.6,68.6,8.5,8.7,260.9,254.9,1003.9,1004.1,-6.23,302.61,-0.01,32.4833,9.2856,516.6,30.4,1484.246, NAN, NAN, NAN, NAN,,2024/04/05 00:53:47.874,2024-04-05 00:53:47.874000+00:00
2024/04/05, 00:54:47.874,36.177,-74.82,0.32,284.83,161.29,0.47,11.6,11.6,1002.1,1001.8,0.0,0.0,13.74,11.62,345,339,10.7,10.5,66.4,66.3,10.6,10.4,271.1,265.0,1004.2,1003.9,-6.3,301.13,-0.02,32.484,9.2973,510.2,30.2,1484.29, NAN, NAN, NAN, NAN,,2024/04/05 00:54:47.874,2024-04-05 00:54:47.874000+00:00
2024/04/05, 00:55:47.874,36.177,-74.82,0.35,288.73,50.67,0.38,11.6,11.8,1002.0,1002.2,0.0,0.0,13.74,11.62,353,345,10.6,10.1,66.0,65.6,10.8,10.3,281.1,273.2,1004.1,1004.3,-6.16,299.55,-0.01,32.484,9.3044,514.5,30.3,1484.316, NAN, NAN, NAN, NAN,,2024/04/05 00:55:47.874,2024-04-05 00:55:47.874000+00:00
2024/04/05, 00:56:47.874,36.177,-74.82,0.47,287.83,125.3,0.37,11.9,11.9,1002.2,1002.2,0.0,0.0,13.74,11.62,347,340,9.9,10.0,64.1,64.2,10.1,10.2,274.5,267.6,1004.3,1004.3,-6.09,298.86,-0.02,32.4858,9.3062,502.0,30.4,1484.325, NAN, NAN, NAN, NAN,,2024/04/05 00:56:47.874,2024-04-05 00:56:47.874000+00:00
2024/04/05, 00:57:47.874,36.177,-74.82,0.35,287.11,348.21,0.26,11.9,11.9,1002.1,1002.0,0.0,0.0,13.74,11.62,349,342,10.4,10.3,63.6,63.8,10.3,10.2,276.6,269.5,1004.2,1004.1,-6.12,298.47,-0.01,32.487,9.3032,515.6,30.4,1484.316, NAN, NAN, NAN, NAN,,2024/04/05 00:57:47.874,2024-04-05 00:57:47.874000+00:00
2024/04/05, 00:58:47.875,36.177,-74.82,0.4,286.72,45.14,0.16,12.0,12.0,1002.1,1001.9,0.0,0.0,13.74,11.62,347,341,9.6,9.8,64.1,64.1,9.7,9.9,273.4,267.4,1004.2,1004.0,-6.07,297.79,-0.01,32.4839,9.3016,516.3,30.6,1484.306, NAN, NAN, NAN, NAN,,2024/04/05 00:58:47.875,2024-04-05 00:58:47.875000+00:00
2024/04/05, 00:59:47.875,36.177,-74.82,0.47,286.28,190.95,0.34,11.9,12.0,1002.3,1002.3,0.0,0.0,13.74,11.62,353,347,9.7,9.3,64.6,64.7,9.7,9.3,280.3,274.4,1004.4,1004.4,-6.11,297.03,-0.02,32.4855,9.3074,515.2,30.6,1484.329, NAN, NAN, NAN, NAN,,2024/04/05 00:59:47.875,2024-04-05 00:59:47.875000+00:00
2024/04/05, 01:00:47.875,36.177,-74.82,0.3,284.83,173.0,0.63,11.9,11.9,1002.4,1002.0,0.0,0.0,13.74,11.62,351,345,8.6,8.5,64.5,64.3,8.7,8.6,277.8,271.9,1004.5,1004.1,-6.24,296.13,-0.01,32.4872,9.3085,517.2,30.4,1484.335, NAN, NAN, NAN, NAN,,2024/04/05 01:00:47.875,2024-04-05 01:00:47.875000+00:00
2024/04/05, 01:01:47.875,36.177,-74.82,0.32,287.56,78.01,0.5,11.9,11.9,1002.4,1002.3,0.0,0.0,13.74,11.62,353,349,9.6,9.2,65.1,65.0,9.9,9.5,280.3,276.4,1004.5,1004.4,-6.3,296.24,-0.02,32.4877,9.3093,517.2,30.5,1484.339, NAN, NAN, NAN, NAN,,2024/04/05 01:01:47.875,2024-04-05 01:01:47.875000+00:00
2024/04/05, 01:02:47.875,36.177,-74.82,0.19,287.49,23.35,0.27,11.8,11.9,1002.3,1002.1,0.0,0.0,13.74,11.62,353,348,9.1,8.9,63.6,64.0,9.2,9.0,280.7,275.7,1004.4,1004.2,-6.33,296.04,-0.01,32.4883,9.311,519.3,30.1,1484.346, NAN, NAN, NAN, NAN,,2024/04/05 01:02:47.875,2024-04-05 01:02:47.875000+00:00
2024/04/05, 01:03:47.875,36.177,-74.82,0.29,286.84,215.54,0.12,11.9,11.9,1002.3,1002.3,0.0,0.0,13.74,11.62,355,347,10.1,9.9,63.3,63.5,10.1,9.9,282.2,274.2,1004.4,1004.4,-6.36,296.3,-0.02,32.4867,9.3118,527.3,30.2,1484.347, NAN, NAN, NAN, NAN,,2024/04/05 01:03:47.875,2024-04-05 01:03:47.875000+00:00
2024/04/05, 01:04:47.875,36.177,-74.82,0.23,285.22,53.97,0.7,11.9,11.9,1002.4,1002.3,0.0,0.0,13.74,11.62,358,351,9.8,9.6,63.8,63.8,10.0,9.8,281.5,274.6,1004.5,1004.4,-6.39,295.68,-0.01,32.4889,9.3105,523.0,30.1,1484.345, NAN, NAN, NAN, NAN,,2024/04/05 01:04:47.875,2024-04-05 01:04:47.875000+00:00
2024/04/05, 01:05:47.875,36.177,-74.82,0.2,288.34,180.75,0.25,11.8,11.9,1002.3,1002.4,0.0,0.0,13.74,11.62,3,357,9.1,8.8,63.6,63.8,9.2,8.9,292.0,286.1,1004.4,1004.5,-6.36,295.44,-0.01,32.489,9.3087,524.9,30.2,1484.338, NAN, NAN, NAN, NAN,,2024/04/05 01:05:47.875,2024-04-05 01:05:47.875000+00:00
2024/04/05, 01:06:47.875,36.177,-74.819,-0.04,285.72,29.01,0.61,11.8,11.8,1002.4,1002.5,0.0,0.0,13.74,11.62,4,358,9.5,8.8,64.5,64.5,9.6,8.9,287.9,281.9,1004.5,1004.6,-6.4,295.41,-0.02,32.4905,9.3089,521.2,29.8,1484.341, NAN, NAN, NAN, NAN,,2024/04/05 01:06:47.875,2024-04-05 01:06:47.875000+00:00
2024/04/05, 01:07:47.875,36.177,-74.819,0.32,292.53,201.61,0.17,11.7,11.8,1002.4,1002.2,0.0,0.0,13.74,11.62,7,0,9.3,9.0,64.3,64.3,9.3,9.0,300.0,293.0,1004.5,1004.3,-6.47,295.04,-0.01,32.4893,9.3079,522.0,29.8,1484.336, NAN, NAN, NAN, NAN,,2024/04/05 01:07:47.875,2024-04-05 01:07:47.875000+00:00
2024/04/05, 01:08:47.875,36.177,-74.819,0.12,294.75,177.76,0.18,11.7,11.7,1002.3,1002.4,0.0,0.0,13.74,11.62,4,356,8.9,9.0,64.6,64.6,9.0,9.1,298.3,290.4,1004.4,1004.5,-6.46,294.74,-0.01,32.4877,9.3068,525.4,30.1,1484.33, NAN, NAN, NAN, NAN,,2024/04/05 01:08:47.875,2024-04-05 01:08:47.875000+00:00
2024/04/05, 01:09:47.875,36.177,-74.819,0.37,295.84,70.3,0.53,11.7,11.7,1002.6,1002.5,0.0,0.0,13.74,11.62,355,348,9.0,8.9,64.4,64.7,9.2,9.2,290.0,283.2,1004.7,1004.6,-6.48,294.53,-0.01,32.4907,9.3107,521.9,29.9,1484.348, NAN, NAN, NAN, NAN,,2024/04/05 01:09:47.875,2024-04-05 01:09:47.875000+00:00
2024/04/05, 01:10:47.875,36.177,-74.819,0.39,299.93,47.82,0.55,11.6,11.7,1002.4,1002.4,0.0,0.0,13.74,11.62,355,350,9.3,8.8,64.2,64.1,9.5,9.0,293.6,288.6,1004.5,1004.5,-6.5,295.15,-0.01,32.4912,9.3157,526.0,29.5,1484.367, NAN, NAN, NAN, NAN,,2024/04/05 01:10:47.875,2024-04-05 01:10:47.875000+00:00
2024/04/05, 01:11:47.875,36.177,-74.819,0.36,299.48,42.18,0.14,11.6,11.7,1002.4,1002.7,0.0,0.0,13.74,11.62,1,354,8.9,8.4,64.2,64.3,9.0,8.5,300.2,293.3,1004.5,1004.8,-6.49,295.06,-0.02,32.4881,9.3166,526.7,28.7,1484.366, NAN, NAN, NAN, NAN,,2024/04/05 01:11:47.875,2024-04-05 01:11:47.875000+00:00
2024/04/05, 01:12:47.875,36.177,-74.819,0.76,298.2,46.31,0.5,11.6,11.6,1002.7,1002.3,0.0,0.0,13.74,11.62,357,353,9.4,9.6,64.2,64.3,9.6,9.8,293.9,290.0,1004.8,1004.4,-6.45,295.2,-0.01,32.4797,9.3183,525.7,28.8,1484.362, NAN, NAN, NAN, NAN,,2024/04/05 01:12:47.875,2024-04-05 01:12:47.875000+00:00
2024/04/05, 01:13:47.876,36.177,-74.819,0.68,301.37,158.51,0.06,11.6,11.6,1002.7,1002.6,0.0,0.0,13.74,11.62,359,352,9.5,9.1,64.2,64.5,9.5,9.1,300.2,293.2,1004.8,1004.7,-6.55,295.16,-0.01,32.4874,9.317,528.6,29.3,1484.367, NAN, NAN, NAN, NAN,,2024/04/05 01:13:47.876,2024-04-05 01:13:47.876000+00:00
2024/04/05, 01:14:47.876,36.177,-74.819,0.59,300.81,243.48,0.35,11.6,11.6,1002.9,1002.4,0.0,0.0,13.74,11.62,0,353,9.2,8.8,64.6,64.6,9.1,8.7,301.9,294.9,1005.0,1004.5,-6.39,294.57,-0.01,32.4905,9.3139,531.6,28.9,1484.359, NAN, NAN, NAN, NAN,,2024/04/05 01:14:47.876,2024-04-05 01:14:47.876000+00:00
2024/04/05, 01:15:47.876,36.177,-74.819,0.5,298.73,48.53,0.04,11.6,11.6,1002.7,1002.6,0.0,0.0,13.74,11.62,359,354,9.0,8.9,65.2,65.3,9.0,8.9,297.7,292.7,1004.8,1004.7,-6.51,294.51,-0.01,32.4889,9.3132,523.0,29.0,1484.355, NAN, NAN, NAN, NAN,,2024/04/05 01:15:47.876,2024-04-05 01:15:47.876000+00:00
2024/04/05, 01:16:47.876,36.177,-74.819,0.54,300.43,181.07,0.11,11.5,11.5,1002.6,1002.7,0.0,0.0,13.74,11.62,3,356,8.5,8.2,65.7,65.6,8.5,8.2,303.8,296.8,1004.7,1004.8,-6.48,294.47,-0.01,32.4922,9.3071,524.9,28.9,1484.336, NAN, NAN, NAN, NAN,,2024/04/05 01:16:47.876,2024-04-05 01:16:47.876000+00:00
2024/04/05, 01:17:47.876,36.177,-74.819,0.51,300.99,22.41,0.06,11.5,11.5,1002.7,1002.6,0.0,0.0,13.74,11.62,1,354,8.1,7.7,66.1,66.1,8.1,7.7,301.9,294.8,1004.8,1004.7,-6.54,294.39,-0.01,32.4917,9.3024,525.7,29.0,1484.318, NAN, NAN, NAN, NAN,,2024/04/05 01:17:47.876,2024-04-05 01:17:47.876000+00:00
2024/04/05, 01:18:47.876,36.177,-74.819,0.55,299.59,175.53,0.27,11.4,11.5,1002.6,1002.7,0.0,0.0,13.74,11.62,2,355,9.0,8.5,67.2,67.2,9.1,8.5,302.4,295.5,1004.7,1004.8,-6.57,294.71,-0.01,32.492,9.3038,534.7,28.9,1484.324, NAN, NAN, NAN, NAN,,2024/04/05 01:18:47.876,2024-04-05 01:18:47.876000+00:00
2024/04/05, 01:19:47.876,36.177,-74.819,0.53,300.0,48.33,0.22,11.4,11.4,1002.6,1002.8,0.0,0.0,13.74,11.62,5,359,8.7,8.2,67.7,67.6,8.7,8.2,304.3,298.2,1004.7,1004.9,-6.69,295.14,-0.01,32.4927,9.3034,524.6,28.8,1484.323, NAN, NAN, NAN, NAN,,2024/04/05 01:19:47.876,2024-04-05 01:19:47.876000+00:00
2024/04/05, 01:20:47.876,36.177,-74.819,0.52,299.09,33.26,0.85,11.3,11.4,1002.6,1002.7,0.0,0.0,13.74,11.62,6,358,9.3,8.4,68.3,68.4,9.3,8.4,302.4,294.1,1004.7,1004.8,-6.65,295.59,-0.02,32.4917,9.3077,527.3,28.7,1484.338, NAN, NAN, NAN, NAN,,2024/04/05 01:20:47.876,2024-04-05 01:20:47.876000+00:00
2024/04/05, 01:21:47.876,36.177,-74.819,0.55,301.03,30.11,0.41,11.3,11.3,1002.8,1002.6,0.0,0.0,13.74,11.62,6,1,8.7,8.6,68.6,68.6,8.6,8.5,305.8,300.7,1004.9,1004.7,-6.63,296.96,-0.02,32.4938,9.3089,526.4,29.1,1484.345, NAN, NAN, NAN, NAN,,2024/04/05 01:21:47.876,2024-04-05 01:21:47.876000+00:00
2024/04/05, 01:22:47.876,36.177,-74.819,0.67,300.49,221.83,0.07,11.3,11.3,1002.7,1002.9,0.0,0.0,13.74,11.62,5,357,7.6,7.4,69.0,69.2,7.6,7.4,305.3,297.2,1004.8,1005.0,-6.67,298.66,-0.01,32.4903,9.3041,523.3,29.1,1484.323, NAN, NAN, NAN, NAN,,2024/04/05 01:22:47.876,2024-04-05 01:22:47.876000+00:00
2024/04/05, 01:23:47.876,36.177,-74.819,0.75,300.15,41.13,0.19,11.2,11.3,1003.0,1003.0,0.0,0.0,13.74,11.62,7,1,8.4,7.7,69.8,69.8,8.5,7.8,307.1,301.2,1005.1,1005.1,-6.62,302.6,-0.02,32.4923,9.291,518.5,28.5,1484.277, NAN, NAN, NAN, NAN,,2024/04/05 01:23:47.876,2024-04-05 01:23:47.876000+00:00
2024/04/05, 01:24:47.876,36.177,-74.819,0.51,303.46,154.88,0.26,11.2,11.2,1002.8,1002.8,0.0,0.0,13.74,11.62,3,356,7.7,7.6,70.0,69.9,7.8,7.6,307.4,300.4,1004.9,1004.9,-6.65,308.93,-0.02,32.4881,9.2893,522.4,29.3,1484.266, NAN, NAN, NAN, NAN,,2024/04/05 01:24:47.876,2024-04-05 01:24:47.876000+00:00
2024/04/05, 01:25:47.876,36.177,-74.819,0.55,302.99,201.67,0.32,11.2,11.2,1003.0,1002.7,0.0,0.0,13.74,11.62,3,358,7.8,7.7,70.0,70.0,7.9,7.7,307.1,302.2,1005.1,1004.8,-6.5,318.35,-0.02,32.4928,9.2867,527.0,29.4,1484.262, NAN, NAN, NAN, NAN,,2024/04/05 01:25:47.876,2024-04-05 01:25:47.876000+00:00
2024/04/05, 01:26:47.876,36.177,-74.819,0.75,300.85,40.47,0.17,11.1,11.2,1002.8,1002.7,0.0,0.0,13.74,11.62,3,358,8.1,7.7,70.0,70.1,8.1,7.7,303.3,298.2,1004.9,1004.8,-6.5,327.53,-0.02,32.4948,9.2837,520.6,29.0,1484.253, NAN, NAN, NAN, NAN,,2024/04/05 01:26:47.876,2024-04-05 01:26:47.876000+00:00
2024/04/05, 01:27:47.876,36.177,-74.819,0.29,302.32,201.72,0.36,11.1,11.2,1002.8,1002.8,0.0,0.0,13.74,11.62,5,358,7.5,7.2,70.8,69.9,7.6,7.2,308.6,301.7,1004.9,1004.9,-6.38,333.98,-0.02,32.4908,9.2817,525.4,29.4,1484.241, NAN, NAN, NAN, NAN,,2024/04/05 01:27:47.876,2024-04-05 01:27:47.876000+00:00
2024/04/05, 01:28:47.877,36.177,-74.819,0.62,301.07,36.93,0.93,11.1,11.2,1002.8,1002.9,0.0,0.0,13.74,11.62,5,359,7.6,7.5,71.2,70.7,7.6,7.6,302.5,296.5,1004.9,1005.0,-6.29,338.15,-0.02,32.4921,9.2797,525.2,29.5,1484.235, NAN, NAN, NAN, NAN,,2024/04/05 01:28:47.877,2024-04-05 01:28:47.877000+00:00
2024/04/05, 01:29:47.877,36.177,-74.819,0.56,302.21,26.56,0.24,11.1,11.1,1003.0,1003.1,0.0,0.0,13.74,11.62,3,358,7.0,7.1,71.2,71.2,7.0,7.2,304.3,299.3,1005.1,1005.2,-6.26,340.49,-0.02,32.491,9.2763,525.4,29.6,1484.221, NAN, NAN, NAN, NAN,,2024/04/05 01:29:47.877,2024-04-05 01:29:47.877000+00:00
2024/04/05, 01:30:47.877,36.177,-74.819,0.61,304.89,186.23,0.24,11.1,11.1,1002.9,1002.6,0.0,0.0,13.74,11.62,7,0,6.8,6.8,71.3,71.5,6.9,6.9,312.2,305.3,1005.0,1004.7,-6.21,342.06,-0.02,32.4914,9.277,525.2,29.7,1484.225, NAN, NAN, NAN, NAN,,2024/04/05 01:30:47.877,2024-04-05 01:30:47.877000+00:00
2024/04/05, 01:31:47.877,36.177,-74.819,0.53,301.71,45.54,0.4,11.0,11.1,1002.6,1003.0,0.0,0.0,13.74,11.62,7,0,7.3,7.2,71.8,71.5,7.4,7.3,307.3,300.4,1004.7,1005.1,-6.1,343.42,-0.02,32.4944,9.2737,516.9,29.4,1484.216, NAN, NAN, NAN, NAN,,2024/04/05 01:31:47.877,2024-04-05 01:31:47.877000+00:00
2024/04/05, 01:32:47.877,36.177,-74.819,0.52,304.84,235.41,0.34,11.0,11.0,1002.9,1002.8,0.0,0.0,13.74,11.62,2,358,7.0,6.8,71.6,71.7,6.9,6.7,308.2,304.2,1005.0,1004.9,-6.05,343.65,-0.02,32.491,9.2704,522.4,29.9,1484.2, NAN, NAN, NAN, NAN,,2024/04/05 01:32:47.877,2024-04-05 01:32:47.877000+00:00
2024/04/05, 01:33:47.877,36.177,-74.819,0.77,305.96,222.66,0.33,11.0,11.0,1002.7,1002.9,0.0,0.0,13.74,11.62,5,359,7.2,6.8,71.7,71.7,7.2,6.8,312.3,306.4,1004.8,1005.0,-5.98,343.78,-0.01,32.4937,9.2638,519.6,29.6,1484.179, NAN, NAN, NAN, NAN,,2024/04/05 01:33:47.877,2024-04-05 01:33:47.877000+00:00
2024/04/05, 01:34:47.877,36.177,-74.819,0.63,304.56,176.58,0.33,11.0,11.0,1002.9,1003.0,0.0,0.0,13.74,11.62,5,358,7.4,7.1,72.0,72.0,7.5,7.2,310.5,303.7,1005.0,1005.1,-5.99,343.86,-0.01,32.4947,9.2658,516.6,29.7,1484.187, NAN, NAN, NAN, NAN,,2024/04/05 01:34:47.877,2024-04-05 01:34:47.877000+00:00
2024/04/05, 01:35:47.877,36.177,-74.819,0.53,305.66,308.08,0.19,10.9,11.0,1003.2,1003.0,0.0,0.0,13.74,11.62,4,358,7.6,7.4,71.9,71.8,7.5,7.3,309.3,303.3,1005.3,1005.1,-6.04,343.4,-0.02,32.4976,9.2694,519.3,30.0,1484.204, NAN, NAN, NAN, NAN,,2024/04/05 01:35:47.877,2024-04-05 01:35:47.877000+00:00
2024/04/05, 01:36:47.877,36.177,-74.819,0.67,305.42,52.53,0.41,10.9,10.9,1002.9,1003.0,0.0,0.0,13.74,11.62,4,357,7.8,7.3,71.5,71.7,7.9,7.4,308.0,300.9,1005.0,1005.1,-6.0,342.67,-0.02,32.497,9.2653,513.6,29.8,1484.188, NAN, NAN, NAN, NAN,,2024/04/05 01:36:47.877,2024-04-05 01:36:47.877000+00:00
2024/04/05, 01:37:47.877,36.177,-74.819,0.7,304.05,60.81,0.67,10.9,10.9,1002.9,1003.0,0.0,0.0,13.74,11.62,2,356,7.6,7.5,71.8,71.8,7.7,7.7,303.7,297.8,1005.0,1005.1,-6.03,342.5,-0.02,32.496,9.2582,514.2,30.0,1484.161, NAN, NAN, NAN, NAN,,2024/04/05 01:37:47.877,2024-04-05 01:37:47.877000+00:00
2024/04/05, 01:38:47.877,36.177,-74.819,0.59,306.49,155.5,0.49,10.9,10.9,1003.1,1003.0,0.0,0.0,13.74,11.62,4,359,7.4,7.5,71.6,71.7,7.6,7.7,309.3,304.4,1005.2,1005.1,-5.98,341.87,-0.02,32.4973,9.2498,524.9,29.9,1484.132, NAN, NAN, NAN, NAN,,2024/04/05 01:38:47.877,2024-04-05 01:38:47.877000+00:00
2024/04/05, 01:39:47.877,36.177,-74.819,0.43,308.13,154.76,0.15,10.9,10.9,1002.9,1003.0,0.0,0.0,13.74,11.62,3,355,7.9,7.6,71.1,71.1,8.0,7.7,310.8,302.9,1005.0,1005.1,-5.88,341.91,-0.01,32.4976,9.2457,519.3,30.0,1484.117, NAN, NAN, NAN, NAN,,2024/04/05 01:39:47.877,2024-04-05 01:39:47.877000+00:00
2024/04/05, 01:40:47.877,36.177,-74.819,0.47,306.66,74.37,0.42,10.9,10.9,1002.9,1003.0,0.0,0.0,13.74,11.62,0,352,7.7,7.3,70.9,71.0,7.8,7.4,305.2,297.2,1005.0,1005.1,-6.08,341.93,-0.02,32.4961,9.2447,522.4,30.1,1484.111, NAN, NAN, NAN, NAN,,2024/04/05 01:40:47.877,2024-04-05 01:40:47.877000+00:00
2024/04/05, 01:41:47.877,36.177,-74.819,0.41,307.28,242.0,0.3,10.9,10.9,1003.1,1003.3,0.0,0.0,13.74,11.62,0,355,7.7,7.6,70.4,70.6,7.7,7.6,308.4,303.4,1005.2,1005.4,-5.9,342.25,-0.02,32.4974,9.2499,517.6,29.6,1484.132, NAN, NAN, NAN, NAN,,2024/04/05 01:41:47.877,2024-04-05 01:41:47.877000+00:00
2024/04/05, 01:42:47.877,36.177,-74.819,0.63,305.56,134.61,0.28,10.9,10.9,1003.1,1003.1,0.0,0.0,13.74,11.62,359,353,7.4,7.4,70.5,70.5,7.5,7.5,304.8,298.9,1005.2,1005.2,-5.88,342.87,-0.01,32.4939,9.2578,513.2,30.1,1484.157, NAN, NAN, NAN, NAN,,2024/04/05 01:42:47.877,2024-04-05 01:42:47.877000+00:00
2024/04/05, 01:43:47.878,36.177,-74.819,0.34,310.06,289.86,0.58,10.9,10.9,1003.2,1003.1,0.0,0.0,13.74,11.62,1,355,7.6,7.4,70.9,70.5,7.4,7.1,312.4,306.2,1005.3,1005.2,-5.95,343.69,-0.02,32.4997,9.2565,515.5,30.4,1484.159, NAN, NAN, NAN, NAN,,2024/04/05 01:43:47.878,2024-04-05 01:43:47.878000+00:00
2024/04/05, 01:44:47.878,36.177,-74.819,0.68,307.94,235.45,0.69,10.9,10.9,1003.2,1003.0,0.0,0.0,13.74,11.62,354,349,7.2,7.3,71.3,70.7,7.1,7.2,304.7,299.6,1005.3,1005.1,-5.93,343.75,-0.02,32.5003,9.2567,520.3,30.2,1484.161, NAN, NAN, NAN, NAN,,2024/04/05 01:44:47.878,2024-04-05 01:44:47.878000+00:00
2024/04/05, 01:45:47.878,36.177,-74.819,0.61,308.03,205.76,0.33,10.9,10.9,1002.9,1003.2,0.0,0.0,13.74,11.62,359,353,6.9,6.3,71.4,71.2,7.0,6.4,307.8,302.0,1005.0,1005.3,-5.82,344.14,-0.02,32.5026,9.2583,516.3,37.1,1484.169, NAN, NAN, NAN, NAN,,2024/04/05 01:45:47.878,2024-04-05 01:45:47.878000+00:00
2024/04/05, 01:46:47.878,36.177,-74.819,0.54,308.22,317.16,0.44,10.9,10.9,1003.0,1003.1,0.0,0.0,13.74,11.62,357,351,6.5,6.5,71.6,71.6,6.4,6.4,306.9,300.8,1005.1,1005.2,-5.83,344.63,-0.02,32.5005,9.2544,508.8,36.8,1484.152, NAN, NAN, NAN, NAN,,2024/04/05 01:46:47.878,2024-04-05 01:46:47.878000+00:00
2024/04/05, 01:47:47.878,36.177,-74.819,0.72,307.18,201.77,0.34,10.9,10.9,1003.5,1003.0,0.0,0.0,13.74,11.62,354,349,7.1,7.0,71.7,71.5,7.0,6.9,302.5,297.5,1005.6,1005.1,-5.93,345.34,-0.02,32.5,9.2475,508.8,36.9,1484.126, NAN, NAN, NAN, NAN,,2024/04/05 01:47:47.878,2024-04-05 01:47:47.878000+00:00
2024/04/05, 01:48:47.878,36.177,-74.819,0.46,308.01,24.81,0.36,10.9,10.9,1003.3,1003.1,0.0,0.0,13.74,11.62,353,348,7.5,7.5,71.6,71.5,7.5,7.5,299.6,294.6,1005.4,1005.2,-5.88,346.31,-0.02,32.4981,9.2445,512.6,36.7,1484.113, NAN, NAN, NAN, NAN,,2024/04/05 01:48:47.878,2024-04-05 01:48:47.878000+00:00
2024/04/05, 01:49:47.878,36.177,-74.819,0.63,305.57,56.71,0.39,10.9,10.9,1003.2,1003.1,0.0,0.0,13.74,11.62,355,348,7.3,7.0,71.6,71.1,7.4,7.1,299.1,292.2,1005.3,1005.2,-5.79,346.94,-0.02,32.498,9.2405,510.8,36.9,1484.098, NAN, NAN, NAN, NAN,,2024/04/05 01:49:47.878,2024-04-05 01:49:47.878000+00:00
2024/04/05, 01:50:47.878,36.177,-74.819,0.59,309.05,264.08,0.62,10.9,10.9,1003.1,1003.1,0.0,0.0,13.74,11.62,353,347,6.9,6.7,71.0,70.9,6.7,6.5,304.2,298.1,1005.2,1005.2,-5.73,347.43,-0.02,32.4977,9.245,515.5,36.7,1484.114, NAN, NAN, NAN, NAN,,2024/04/05 01:50:47.878,2024-04-05 01:50:47.878000+00:00
2024/04/05, 01:51:47.878,36.177,-74.819,0.53,307.41,54.0,0.55,10.9,10.9,1003.2,1003.4,0.0,0.0,13.74,11.62,354,348,7.4,7.2,70.8,70.8,7.5,7.4,299.5,293.5,1005.3,1005.5,-5.68,348.01,-0.02,32.5011,9.2509,505.9,36.2,1484.14, NAN, NAN, NAN, NAN,,2024/04/05 01:51:47.878,2024-04-05 01:51:47.878000+00:00
2024/04/05, 01:52:47.878,36.177,-74.819,0.53,307.99,323.47,0.06,10.9,10.9,1003.3,1003.2,0.0,0.0,13.74,11.62,347,342,7.5,8.0,70.3,70.1,7.5,8.0,295.0,290.0,1005.4,1005.3,-5.71,348.24,-0.02,32.4977,9.256,513.9,37.1,1484.155, NAN, NAN, NAN, NAN,,2024/04/05 01:52:47.878,2024-04-05 01:52:47.878000+00:00
2024/04/05, 01:53:47.878,36.177,-74.819,0.57,308.13,59.69,0.24,10.9,11.0,1003.3,1003.1,0.0,0.0,13.74,11.62,347,340,7.5,7.4,69.7,69.6,7.6,7.5,294.3,287.4,1005.4,1005.2,-5.67,348.86,-0.01,32.4976,9.2572,507.8,37.3,1484.159, NAN, NAN, NAN, NAN,,2024/04/05 01:53:47.878,2024-04-05 01:53:47.878000+00:00
2024/04/05, 01:54:47.878,36.177,-74.819,0.59,308.22,309.49,0.18,11.0,11.0,1003.1,1003.0,0.0,0.0,13.74,11.62,346,340,7.2,7.2,69.5,69.3,7.2,7.2,293.5,287.5,1005.2,1005.1,-5.52,348.88,-0.02,32.4989,9.2588,516.9,35.4,1484.167, NAN, NAN, NAN, NAN,,2024/04/05 01:54:47.878,2024-04-05 01:54:47.878000+00:00
2024/04/05, 01:55:47.878,36.177,-74.819,0.9,309.18,155.32,0.45,11.0,11.0,1003.2,1003.2,0.0,0.0,13.74,11.62,346,338,7.0,7.2,69.2,69.1,6.9,7.1,296.9,288.7,1005.3,1005.3,-5.59,349.82,-0.02,32.4952,9.2533,513.9,34.7,1484.142, NAN, NAN, NAN, NAN,,2024/04/05 01:55:47.878,2024-04-05 01:55:47.878000+00:00
2024/04/05, 01:56:47.878,36.177,-74.819,0.59,309.0,226.74,0.75,11.0,11.1,1003.1,1003.2,0.0,0.0,13.74,11.62,344,339,7.7,7.8,68.2,68.0,7.5,7.6,295.6,290.5,1005.2,1005.3,-5.45,351.08,-0.02,32.4971,9.254,515.5,34.6,1484.147, NAN, NAN, NAN, NAN,,2024/04/05 01:56:47.878,2024-04-05 01:56:47.878000+00:00
2024/04/05, 01:57:47.878,36.177,-74.819,0.59,304.95,159.24,0.23,11.1,11.1,1003.2,1003.4,0.0,0.0,13.74,11.62,346,340,7.8,8.0,68.3,68.2,7.9,8.1,290.4,284.5,1005.3,1005.5,-5.46,351.59,-0.01,32.4972,9.2553,515.5,34.6,1484.152, NAN, NAN, NAN, NAN,,2024/04/05 01:57:47.878,2024-04-05 01:57:47.878000+00:00
2024/04/05, 01:58:47.878,36.177,-74.819,0.5,304.31,21.48,0.17,11.1,11.2,1003.1,1003.1,0.0,0.0,13.74,11.62,347,340,8.0,7.9,67.4,67.5,7.9,7.8,291.0,283.9,1005.2,1005.2,-5.43,352.25,-0.02,32.4984,9.2576,513.2,34.6,1484.162, NAN, NAN, NAN, NAN,,2024/04/05 01:58:47.878,2024-04-05 01:58:47.878000+00:00
2024/04/05, 01:59:47.879,36.177,-74.819,0.34,305.07,245.35,0.27,11.2,11.2,1003.0,1003.2,0.0,0.0,13.74,11.62,344,338,7.0,7.2,68.5,68.3,7.0,7.1,290.2,284.1,1005.1,1005.3,-5.45,352.28,-0.01,32.4964,9.2561,516.9,34.0,1484.154, NAN, NAN, NAN, NAN,,2024/04/05 01:59:47.879,2024-04-05 01:59:47.879000+00:00
2024/04/05, 02:00:47.879,36.177,-74.819,0.43,304.28,192.53,0.2,11.2,11.2,1003.4,1003.1,0.0,0.0,13.74,11.62,344,339,7.2,7.5,68.0,68.2,7.3,7.6,287.8,282.9,1005.5,1005.2,-5.43,352.8,-0.01,32.4956,9.2539,520.6,33.3,1484.145, NAN, NAN, NAN, NAN,,2024/04/05 02:00:47.879,2024-04-05 02:00:47.879000+00:00
2024/04/05, 02:01:47.879,36.177,-74.819,0.5,305.72,218.88,0.1,11.2,11.2,1003.2,1003.2,0.0,0.0,13.74,11.62,341,335,8.0,8.4,68.5,68.8,8.0,8.4,287.1,281.0,1005.3,1005.3,-5.51,353.47,-0.01,32.4976,9.2579,517.9,33.4,1484.162, NAN, NAN, NAN, NAN,,2024/04/05 02:01:47.879,2024-04-05 02:01:47.879000+00:00
2024/04/05, 02:02:47.879,36.177,-74.819,0.52,303.61,34.72,0.58,11.2,11.2,1003.2,1003.2,0.0,0.0,13.74,11.62,344,338,8.0,8.5,67.6,68.7,8.1,8.7,285.8,280.0,1005.3,1005.3,-5.48,353.31,-0.02,32.4976,9.2597,517.6,32.8,1484.168, NAN, NAN, NAN, NAN,,2024/04/05 02:02:47.879,2024-04-05 02:02:47.879000+00:00
2024/04/05, 02:03:47.879,36.177,-74.819,0.57,304.92,144.98,0.1,11.2,11.2,1003.2,1003.3,0.0,0.0,13.74,11.62,341,333,7.7,8.5,67.9,67.9,7.7,8.5,286.1,278.1,1005.3,1005.4,-5.47,353.3,-0.02,32.4959,9.2602,514.8,33.1,1484.168, NAN, NAN, NAN, NAN,,2024/04/05 02:03:47.879,2024-04-05 02:03:47.879000+00:00
2024/04/05, 02:04:47.879,36.177,-74.819,0.79,303.88,38.68,0.37,11.2,11.2,1003.5,1003.2,0.0,0.0,13.74,11.62,338,333,7.5,8.2,67.1,67.3,7.6,8.3,280.8,275.9,1005.6,1005.3,-5.49,352.88,-0.02,32.4965,9.2591,518.7,33.0,1484.165, NAN, NAN, NAN, NAN,,2024/04/05 02:04:47.879,2024-04-05 02:04:47.879000+00:00
2024/04/05, 02:05:47.879,36.177,-74.819,0.64,302.55,42.63,0.67,11.2,11.2,1003.1,1003.3,0.0,0.0,13.74,11.62,339,333,7.4,8.4,67.5,67.6,7.6,8.6,279.4,273.8,1005.2,1005.4,-5.45,352.81,-0.02,32.4961,9.2607,523.6,33.2,1484.17, NAN, NAN, NAN, NAN,,2024/04/05 02:05:47.879,2024-04-05 02:05:47.879000+00:00
2024/04/05, 02:06:47.879,36.177,-74.819,0.74,304.21,218.37,0.3,11.2,11.2,1003.5,1003.2,0.0,0.0,13.74,11.62,337,332,7.9,9.5,68.2,68.1,7.9,9.5,282.3,277.1,1005.6,1005.3,-5.44,352.5,-0.01,32.4994,9.2567,519.6,32.6,1484.16, NAN, NAN, NAN, NAN,,2024/04/05 02:06:47.879,2024-04-05 02:06:47.879000+00:00
2024/04/05, 02:07:47.879,36.177,-74.819,0.63,302.58,43.89,0.8,11.2,11.2,1003.2,1003.4,0.0,0.0,13.74,11.62,339,333,7.5,7.7,67.9,68.0,7.7,7.9,278.9,273.2,1005.3,1005.5,-5.48,351.39,-0.02,32.495,9.2468,516.3,32.8,1484.118, NAN, NAN, NAN, NAN,,2024/04/05 02:07:47.879,2024-04-05 02:07:47.879000+00:00
2024/04/05, 02:08:47.879,36.177,-74.819,0.68,305.95,215.1,0.81,11.2,11.2,1003.5,1003.3,0.0,0.0,13.74,11.62,339,333,7.9,7.8,68.4,68.5,7.7,7.6,287.8,281.7,1005.6,1005.4,-5.48,351.55,-0.01,32.4976,9.2423,520.3,32.9,1484.104, NAN, NAN, NAN, NAN,,2024/04/05 02:08:47.879,2024-04-05 02:08:47.879000+00:00
2024/04/05, 02:09:47.879,36.177,-74.819,0.43,302.77,27.91,0.5,11.2,11.2,1003.4,1003.4,0.0,0.0,13.74,11.62,337,330,7.4,8.7,67.4,67.5,7.5,8.8,277.9,271.2,1005.5,1005.5,-5.5,350.61,-0.02,32.4977,9.2379,516.3,32.1,1484.088, NAN, NAN, NAN, NAN,,2024/04/05 02:09:47.879,2024-04-05 02:09:47.879000+00:00
2024/04/05, 02:10:47.879,36.177,-74.819,0.69,304.04,236.15,0.35,11.2,11.2,1003.3,1003.4,0.0,0.0,13.74,11.62,337,333,7.7,8.2,67.7,67.9,7.8,8.3,279.9,276.1,1005.4,1005.5,-5.6,349.79,-0.02,32.4967,9.2278,517.9,31.1,1484.05, NAN, NAN, NAN, NAN,,2024/04/05 02:10:47.879,2024-04-05 02:10:47.879000+00:00
2024/04/05, 02:11:47.879,36.177,-74.819,0.61,304.19,231.21,0.93,11.2,11.2,1003.4,1003.3,0.0,0.0,13.74,11.62,341,335,8.1,8.7,67.6,67.6,7.9,8.4,288.2,281.9,1005.5,1005.4,-5.56,347.56,-0.01,32.4967,9.2253,514.2,31.1,1484.041, NAN, NAN, NAN, NAN,,2024/04/05 02:11:47.879,2024-04-05 02:11:47.879000+00:00
2024/04/05, 02:12:47.879,36.177,-74.819,0.44,303.5,357.84,0.23,11.2,11.2,1003.4,1003.3,0.0,0.0,13.74,11.62,336,331,8.3,9.8,66.9,66.8,8.3,9.8,278.7,273.8,1005.5,1005.4,-5.61,344.58,-0.02,32.4967,9.2258,515.2,30.9,1484.042, NAN, NAN, NAN, NAN,,2024/04/05 02:12:47.879,2024-04-05 02:12:47.879000+00:00
2024/04/05, 02:13:47.879,36.177,-74.819,0.68,302.09,22.93,0.42,11.2,11.2,1003.5,1003.2,0.0,0.0,13.74,11.62,336,331,8.0,9.5,65.9,65.9,8.1,9.6,276.8,272.1,1005.6,1005.3,-5.64,341.63,-0.01,32.4963,9.2311,517.6,31.0,1484.062, NAN, NAN, NAN, NAN,,2024/04/05 02:13:47.879,2024-04-05 02:13:47.879000+00:00
2024/04/05, 02:14:47.879,36.177,-74.819,0.64,305.31,24.02,0.15,11.3,11.3,1003.4,1003.4,0.0,0.0,13.74,11.62,334,330,8.2,10.1,65.6,65.8,8.2,10.1,278.8,274.9,1005.5,1005.5,-5.67,337.65,-0.02,32.497,9.2336,515.5,30.8,1484.072, NAN, NAN, NAN, NAN,,2024/04/05 02:14:47.879,2024-04-05 02:14:47.879000+00:00
2024/04/05, 02:15:47.880,36.177,-74.819,0.64,304.07,64.25,0.2,11.3,11.3,1003.4,1003.4,0.0,0.0,13.74,11.62,336,331,9.0,10.3,64.2,65.7,9.0,10.3,279.4,274.5,1005.5,1005.5,-5.76,333.03,-0.02,32.4947,9.2335,511.8,30.6,1484.068, NAN, NAN, NAN, NAN,,2024/04/05 02:15:47.880,2024-04-05 02:15:47.880000+00:00
2024/04/05, 02:16:47.880,36.177,-74.819,0.53,303.96,282.98,0.38,11.3,11.3,1003.4,1003.1,0.0,0.0,13.74,11.62,334,329,8.6,10.6,63.9,64.0,8.4,10.4,278.0,272.9,1005.5,1005.2,-5.73,327.35,-0.02,32.4951,9.2333,516.3,30.7,1484.068, NAN, NAN, NAN, NAN,,2024/04/05 02:16:47.880,2024-04-05 02:16:47.880000+00:00
2024/04/05, 02:17:47.880,36.177,-74.819,0.38,303.49,161.23,0.26,11.4,11.4,1003.3,1003.5,0.0,0.0,13.74,11.62,336,330,9.3,10.5,63.3,63.5,9.3,10.5,280.3,274.2,1005.4,1005.6,-5.76,321.47,-0.02,32.499,9.2375,510.2,30.4,1484.088, NAN, NAN, NAN, NAN,,2024/04/05 02:17:47.880,2024-04-05 02:17:47.880000+00:00
2024/04/05, 02:18:47.880,36.177,-74.819,1.04,303.06,190.64,0.26,11.4,11.4,1003.5,1003.4,0.0,0.0,13.74,11.62,335,329,9.0,11.2,62.4,62.3,9.1,11.3,277.5,271.7,1005.6,1005.5,-5.8,314.7,-0.02,32.4962,9.2454,515.6,30.5,1484.114, NAN, NAN, NAN, NAN,,2024/04/05 02:18:47.880,2024-04-05 02:18:47.880000+00:00
2024/04/05, 02:19:47.880,36.177,-74.819,0.4,302.89,130.69,0.46,11.4,11.4,1003.5,1003.4,0.0,0.0,13.74,11.62,338,332,9.2,10.0,62.7,62.7,9.1,9.9,282.2,276.1,1005.6,1005.5,-5.95,308.3,-0.02,32.4975,9.2433,509.2,30.3,1484.108, NAN, NAN, NAN, NAN,,2024/04/05 02:19:47.880,2024-04-05 02:19:47.880000+00:00
2024/04/05, 02:20:47.880,36.177,-74.819,0.56,305.42,211.2,0.68,11.4,11.4,1003.5,1003.4,0.0,0.0,13.74,11.62,337,331,8.9,10.3,63.0,63.0,8.7,10.1,284.4,278.0,1005.6,1005.5,-6.14,303.08,-0.02,32.4974,9.2323,509.2,30.3,1484.067, NAN, NAN, NAN, NAN,,2024/04/05 02:20:47.880,2024-04-05 02:20:47.880000+00:00
2024/04/05, 02:21:47.880,36.177,-74.819,0.68,305.4,176.57,0.44,11.4,11.4,1003.5,1003.3,0.0,0.0,13.74,11.62,338,331,9.4,10.3,62.6,62.6,9.6,10.5,282.5,275.7,1005.6,1005.4,-6.22,299.06,-0.02,32.4967,9.2242,510.2,30.2,1484.037, NAN, NAN, NAN, NAN,,2024/04/05 02:21:47.880,2024-04-05 02:21:47.880000+00:00
2024/04/05, 02:22:47.880,36.177,-74.819,0.92,303.61,15.35,0.21,11.4,11.4,1003.5,1003.4,0.0,0.0,13.74,11.62,336,331,9.6,10.9,62.3,62.2,9.7,11.0,279.1,274.2,1005.6,1005.5,-6.3,296.9,-0.02,32.496,9.2201,509.6,30.2,1484.021, NAN, NAN, NAN, NAN,,2024/04/05 02:22:47.880,2024-04-05 02:22:47.880000+00:00
2024/04/05, 02:23:47.880,36.177,-74.819,0.27,304.12,323.32,0.13,11.4,11.4,1003.4,1003.3,0.0,0.0,13.74,11.62,336,330,9.8,11.0,62.5,62.5,9.7,10.9,280.1,274.0,1005.5,1005.4,-6.28,295.35,-0.02,32.4962,9.2307,509.6,30.5,1484.06, NAN, NAN, NAN, NAN,,2024/04/05 02:23:47.880,2024-04-05 02:23:47.880000+00:00
2024/04/05, 02:24:47.880,36.177,-74.819,0.59,304.29,40.06,0.07,11.4,11.4,1003.5,1003.3,0.0,0.0,13.74,11.62,336,330,9.8,11.5,62.9,63.1,9.8,11.5,280.4,274.4,1005.6,1005.4,-6.38,293.98,-0.02,32.4971,9.235,512.3,30.1,1484.077, NAN, NAN, NAN, NAN,,2024/04/05 02:24:47.880,2024-04-05 02:24:47.880000+00:00
2024/04/05, 02:25:47.880,36.177,-74.819,0.73,302.46,65.64,0.58,11.4,11.4,1003.7,1003.5,0.0,0.0,13.74,11.62,334,330,8.9,11.1,62.6,62.6,9.1,11.4,275.4,271.7,1005.8,1005.6,-6.42,292.93,-0.01,32.4949,9.2327,512.6,29.6,1484.066, NAN, NAN, NAN, NAN,,2024/04/05 02:25:47.880,2024-04-05 02:25:47.880000+00:00
2024/04/05, 02:26:47.880,36.177,-74.819,0.66,304.21,40.98,0.58,11.4,11.4,1003.5,1003.5,0.0,0.0,13.74,11.62,335,330,9.8,11.4,62.3,62.5,10.0,11.6,278.0,273.2,1005.6,1005.6,-6.36,292.44,-0.02,32.4923,9.219,509.9,29.5,1484.012, NAN, NAN, NAN, NAN,,2024/04/05 02:26:47.880,2024-04-05 02:26:47.880000+00:00
2024/04/05, 02:27:47.880,36.177,-74.819,0.6,303.97,213.49,0.5,11.4,11.4,1003.5,1003.3,0.0,0.0,13.74,11.62,334,329,9.3,11.0,62.5,62.7,9.2,10.9,279.5,274.2,1005.6,1005.4,-6.45,292.17,-0.01,32.4964,9.2044,504.8,29.8,1483.963, NAN, NAN, NAN, NAN,,2024/04/05 02:27:47.880,2024-04-05 02:27:47.880000+00:00
2024/04/05, 02:28:47.880,36.177,-74.819,0.56,301.46,37.35,0.55,11.4,11.4,1003.6,1003.5,0.0,0.0,13.74,11.62,335,330,9.9,12.0,62.0,62.1,10.1,12.2,275.3,270.6,1005.7,1005.6,-6.42,291.98,-0.01,32.4963,9.198,505.6,29.8,1483.939, NAN, NAN, NAN, NAN,,2024/04/05 02:28:47.880,2024-04-05 02:28:47.880000+00:00
2024/04/05, 02:29:47.880,36.177,-74.819,0.45,296.61,9.39,0.14,11.4,11.4,1003.5,1003.6,0.0,0.0,13.74,11.62,343,334,9.7,10.4,62.0,62.8,9.6,10.4,279.3,270.3,1005.6,1005.7,-6.39,291.63,-0.01,32.4951,9.1996,506.2,30.1,1483.944, NAN, NAN, NAN, NAN,,2024/04/05 02:29:47.880,2024-04-05 02:29:47.880000+00:00
2024/04/05, 02:30:47.881,36.177,-74.819,0.45,294.7,40.01,0.45,11.4,11.4,1003.7,1003.4,0.0,0.0,13.74,11.62,346,340,9.0,9.7,62.8,62.1,9.1,9.8,279.4,273.6,1005.8,1005.5,-6.49,291.31,-0.01,32.4955,9.2065,507.8,29.6,1483.97, NAN, NAN, NAN, NAN,,2024/04/05 02:30:47.881,2024-04-05 02:30:47.881000+00:00
2024/04/05, 02:31:47.881,36.177,-74.819,0.42,295.17,216.35,0.76,11.4,11.4,1003.5,1003.5,0.0,0.0,13.74,11.62,344,339,9.1,9.4,62.7,62.6,8.9,9.2,281.4,276.2,1005.6,1005.6,-6.44,290.88,-0.02,32.4937,9.2128,509.6,29.9,1483.991, NAN, NAN, NAN, NAN,,2024/04/05 02:31:47.881,2024-04-05 02:31:47.881000+00:00
2024/04/05, 02:32:47.881,36.177,-74.819,0.62,294.43,90.63,0.13,11.4,11.4,1003.7,1003.5,0.0,0.0,13.74,11.62,345,339,9.3,9.5,62.8,62.7,9.3,9.6,279.1,273.2,1005.8,1005.6,-6.41,290.32,-0.02,32.4955,9.2126,505.4,29.9,1483.992, NAN, NAN, NAN, NAN,,2024/04/05 02:32:47.881,2024-04-05 02:32:47.881000+00:00
2024/04/05, 02:33:47.881,36.177,-74.819,0.27,294.49,256.75,0.4,11.3,11.4,1003.7,1003.4,0.0,0.0,13.74,11.62,345,340,8.0,8.2,63.3,63.4,7.8,8.0,280.0,274.9,1005.8,1005.5,-6.45,289.75,-0.02,32.4938,9.2065,508.8,30.0,1483.968, NAN, NAN, NAN, NAN,,2024/04/05 02:33:47.881,2024-04-05 02:33:47.881000+00:00
2024/04/05, 02:34:47.881,36.177,-74.819,0.28,294.16,8.2,0.76,11.3,11.3,1003.5,1003.4,0.0,0.0,13.74,11.62,348,341,9.5,9.5,63.8,63.9,9.6,9.6,279.9,273.0,1005.6,1005.5,-6.42,289.78,-0.02,32.4859,9.2035,504.8,29.8,1483.947, NAN, NAN, NAN, NAN,,2024/04/05 02:34:47.881,2024-04-05 02:34:47.881000+00:00
2024/04/05, 02:35:47.881,36.177,-74.819,0.21,296.19,191.42,0.62,11.3,11.3,1003.7,1003.5,0.0,0.0,13.74,11.62,343,338,8.9,9.1,63.8,64.3,8.9,9.1,281.2,276.2,1005.8,1005.6,-6.55,288.99,-0.02,32.4933,9.206,509.9,29.6,1483.965, NAN, NAN, NAN, NAN,,2024/04/05 02:35:47.881,2024-04-05 02:35:47.881000+00:00
2024/04/05, 02:36:47.881,36.177,-74.819,0.11,295.82,189.18,0.1,11.2,11.3,1003.6,1003.5,0.0,0.0,13.74,11.62,346,339,8.8,9.4,63.9,64.1,8.8,9.4,282.0,275.0,1005.7,1005.6,-6.47,288.8,-0.02,32.4933,9.2098,504.8,29.4,1483.979, NAN, NAN, NAN, NAN,,2024/04/05 02:36:47.881,2024-04-05 02:36:47.881000+00:00
2024/04/05, 02:37:47.881,36.177,-74.819,0.34,295.79,170.69,0.35,11.2,11.2,1003.6,1003.7,0.0,0.0,13.74,11.62,346,340,9.4,9.6,64.0,63.9,9.4,9.5,282.8,276.8,1005.7,1005.8,-6.51,288.27,-0.02,32.4917,9.2109,503.8,29.5,1483.981, NAN, NAN, NAN, NAN,,2024/04/05 02:37:47.881,2024-04-05 02:37:47.881000+00:00
2024/04/05, 02:38:47.881,36.177,-74.819,0.25,294.97,222.34,0.52,11.2,11.2,1003.7,1003.7,0.0,0.0,13.74,11.62,347,341,8.8,8.8,64.0,64.1,8.6,8.6,283.4,277.2,1005.8,1005.8,-6.49,287.79,-0.02,32.4919,9.2141,511.2,29.5,1483.993, NAN, NAN, NAN, NAN,,2024/04/05 02:38:47.881,2024-04-05 02:38:47.881000+00:00
2024/04/05, 02:39:47.881,36.177,-74.819,0.27,294.44,208.01,0.26,11.2,11.2,1003.8,1003.8,0.0,0.0,13.74,11.62,348,341,9.8,9.8,64.1,64.1,9.8,9.7,283.2,276.2,1005.9,1005.9,-6.57,287.7,-0.01,32.4921,9.2101,504.8,30.6,1483.979, NAN, NAN, NAN, NAN,,2024/04/05 02:39:47.881,2024-04-05 02:39:47.881000+00:00
2024/04/05, 02:40:47.881,36.177,-74.819,0.57,299.24,261.93,1.14,11.2,11.2,1003.7,1003.6,0.0,0.0,13.74,11.62,348,342,9.7,9.1,63.5,63.3,9.3,8.7,290.1,284.0,1005.8,1005.7,-6.54,287.51,-0.01,32.4926,9.2075,505.4,31.4,1483.97, NAN, NAN, NAN, NAN,,2024/04/05 02:40:47.881,2024-04-05 02:40:47.881000+00:00
2024/04/05, 02:41:47.881,36.177,-74.819,0.37,297.93,42.07,0.5,11.2,11.2,1003.9,1003.8,0.0,0.0,13.74,11.62,347,343,9.7,9.9,61.9,62.3,9.8,10.0,283.5,279.6,1006.0,1005.9,-6.45,287.68,-0.01,32.4881,9.2006,496.1,31.6,1483.939, NAN, NAN, NAN, NAN,,2024/04/05 02:41:47.881,2024-04-05 02:41:47.881000+00:00
2024/04/05, 02:42:47.881,36.177,-74.819,0.32,298.66,70.23,0.06,11.3,11.3,1003.8,1003.7,0.0,0.0,13.74,11.62,348,342,9.7,9.3,61.4,61.7,9.7,9.3,286.7,280.8,1005.9,1005.8,-6.47,287.26,-0.01,32.4925,9.1912,496.8,32.1,1483.91, NAN, NAN, NAN, NAN,,2024/04/05 02:42:47.881,2024-04-05 02:42:47.881000+00:00
2024/04/05, 02:43:47.881,36.177,-74.819,0.47,301.46,67.09,0.35,11.3,11.3,1003.8,1003.7,0.0,0.0,13.74,11.62,344,338,10.4,10.5,62.6,61.8,10.5,10.6,284.8,278.8,1005.9,1005.8,-6.34,287.24,-0.01,32.4914,9.188,505.9,32.0,1483.897, NAN, NAN, NAN, NAN,,2024/04/05 02:43:47.881,2024-04-05 02:43:47.881000+00:00
2024/04/05, 02:44:47.881,36.177,-74.819,0.66,300.27,22.63,0.62,11.3,11.3,1003.8,1003.7,0.0,0.0,13.74,11.62,343,336,9.7,9.9,62.0,61.9,9.8,10.0,281.5,274.6,1005.9,1005.8,-6.41,287.0,-0.01,32.4897,9.1876,502.8,32.0,1483.893, NAN, NAN, NAN, NAN,,2024/04/05 02:44:47.881,2024-04-05 02:44:47.881000+00:00
2024/04/05, 02:45:47.882,36.177,-74.819,0.37,302.53,216.46,1.2,11.3,11.3,1004.1,1003.8,0.0,0.0,13.74,11.62,342,336,10.5,11.1,61.3,61.3,10.3,10.9,287.8,281.5,1006.2,1005.9,-6.39,287.61,-0.02,32.4917,9.1902,499.0,31.5,1483.905, NAN, NAN, NAN, NAN,,2024/04/05 02:45:47.882,2024-04-05 02:45:47.882000+00:00
2024/04/05, 02:46:47.882,36.177,-74.819,0.73,302.03,16.84,0.7,11.3,11.3,1003.9,1003.7,0.0,0.0,13.74,11.62,346,341,10.2,10.8,60.3,60.5,10.2,10.8,286.0,281.1,1006.0,1005.8,-6.44,287.64,-0.02,32.4889,9.1938,500.8,31.9,1483.915, NAN, NAN, NAN, NAN,,2024/04/05 02:46:47.882,2024-04-05 02:46:47.882000+00:00
2024/04/05, 02:47:47.882,36.177,-74.819,0.43,302.89,268.65,0.54,11.3,11.3,1003.8,1003.7,0.0,0.0,13.74,11.62,347,340,10.8,11.0,60.6,60.6,10.6,10.7,290.7,283.5,1005.9,1005.8,-6.35,287.88,-0.02,32.4928,9.1889,495.8,32.1,1483.902, NAN, NAN, NAN, NAN,,2024/04/05 02:47:47.882,2024-04-05 02:47:47.882000+00:00
2024/04/05, 02:48:47.882,36.177,-74.819,0.31,301.83,266.03,0.11,11.4,11.4,1003.6,1003.8,0.0,0.0,13.74,11.62,347,338,11.2,11.1,59.3,59.2,11.2,11.0,289.0,279.9,1005.7,1005.9,-6.37,288.37,-0.01,32.4941,9.1867,500.1,31.8,1483.895, NAN, NAN, NAN, NAN,,2024/04/05 02:48:47.882,2024-04-05 02:48:47.882000+00:00
2024/04/05, 02:49:47.882,36.177,-74.819,0.59,303.62,166.87,0.2,11.4,11.4,1003.7,1003.7,0.0,0.0,13.74,11.62,347,341,11.6,11.6,58.2,58.2,11.5,11.5,290.8,284.8,1005.8,1005.8,-6.35,288.62,-0.01,32.4899,9.1845,495.0,31.8,1483.882, NAN, NAN, NAN, NAN,,2024/04/05 02:49:47.882,2024-04-05 02:49:47.882000+00:00
2024/04/05, 02:50:47.882,36.177,-74.819,0.41,302.17,192.67,0.43,11.4,11.4,1003.8,1003.8,0.0,0.0,13.74,11.62,344,337,11.2,11.4,59.3,59.2,11.2,11.3,287.3,280.2,1005.9,1005.9,-6.3,288.4,-0.01,32.49,9.1732,492.4,32.0,1483.84, NAN, NAN, NAN, NAN,,2024/04/05 02:50:47.882,2024-04-05 02:50:47.882000+00:00
2024/04/05, 02:51:47.882,36.177,-74.819,0.53,301.87,218.21,0.14,11.4,11.4,1003.7,1003.6,0.0,0.0,13.74,11.62,344,338,9.7,10.0,57.7,57.9,9.7,10.0,286.3,280.3,1005.8,1005.7,-6.36,288.02,-0.01,32.4908,9.1635,492.8,32.0,1483.805, NAN, NAN, NAN, NAN,,2024/04/05 02:51:47.882,2024-04-05 02:51:47.882000+00:00
2024/04/05, 02:52:47.882,36.177,-74.819,0.32,301.73,358.52,0.31,11.4,11.4,1003.7,1003.7,0.0,0.0,13.74,11.62,344,338,10.3,10.8,59.0,59.2,10.4,10.9,285.0,279.0,1005.8,1005.8,-6.32,287.89,-0.02,32.4938,9.1625,496.4,31.3,1483.805, NAN, NAN, NAN, NAN,,2024/04/05 02:52:47.882,2024-04-05 02:52:47.882000+00:00
2024/04/05, 02:53:47.882,36.177,-74.819,0.72,303.07,271.42,0.22,11.4,11.4,1003.9,1003.9,0.0,0.0,13.74,11.62,345,338,9.8,10.5,58.9,58.9,9.8,10.5,287.4,280.5,1006.0,1006.0,-6.31,287.61,-0.01,32.4891,9.1677,499.2,31.4,1483.819, NAN, NAN, NAN, NAN,,2024/04/05 02:53:47.882,2024-04-05 02:53:47.882000+00:00
2024/04/05, 02:54:47.882,36.177,-74.819,0.37,299.83,75.39,0.31,11.4,11.4,1003.7,1003.8,0.0,0.0,13.74,11.62,346,339,10.0,10.2,58.5,58.8,9.9,10.1,286.5,279.4,1005.8,1005.9,-6.29,287.25,-0.01,32.4908,9.1731,491.3,32.1,1483.841, NAN, NAN, NAN, NAN,,2024/04/05 02:54:47.882,2024-04-05 02:54:47.882000+00:00
2024/04/05, 02:55:47.882,36.177,-74.819,0.3,301.14,316.92,0.22,11.4,11.4,1003.9,1003.9,0.0,0.0,13.74,11.62,344,338,10.3,10.7,60.2,60.4,10.2,10.6,284.9,278.9,1006.0,1006.0,-6.31,286.49,-0.01,32.4868,9.1774,492.4,33.1,1483.852, NAN, NAN, NAN, NAN,,2024/04/05 02:55:47.882,2024-04-05 02:55:47.882000+00:00
2024/04/05, 02:56:47.882,36.177,-74.819,0.24,301.61,323.02,0.08,11.3,11.3,1003.8,1004.1,0.0,0.0,13.74,11.62,341,334,9.7,10.0,60.6,60.7,9.7,10.0,282.5,275.5,1005.9,1006.2,-6.39,285.85,-0.02,32.4892,9.1768,494.4,33.5,1483.853, NAN, NAN, NAN, NAN,,2024/04/05 02:56:47.882,2024-04-05 02:56:47.882000+00:00
2024/04/05, 02:57:47.882,36.177,-74.819,0.46,302.07,38.46,0.25,11.3,11.3,1003.8,1003.8,0.0,0.0,13.74,11.62,342,335,9.7,10.3,60.2,60.3,9.8,10.4,283.5,276.5,1005.9,1005.9,-6.44,285.16,-0.01,32.4905,9.1707,487.3,33.9,1483.832, NAN, NAN, NAN, NAN,,2024/04/05 02:57:47.882,2024-04-05 02:57:47.882000+00:00
2024/04/05, 02:58:47.882,36.177,-74.819,0.5,303.15,231.82,0.85,11.3,11.3,1003.9,1004.1,0.0,0.0,13.74,11.62,342,336,10.3,10.5,61.2,60.9,10.1,10.2,287.3,281.1,1006.0,1006.2,-6.38,285.29,-0.02,32.4895,9.1633,491.3,33.7,1483.803, NAN, NAN, NAN, NAN,,2024/04/05 02:58:47.882,2024-04-05 02:58:47.882000+00:00
2024/04/05, 02:59:47.882,36.177,-74.819,0.64,302.56,169.55,0.13,11.3,11.3,1003.9,1003.9,0.0,0.0,13.74,11.62,342,335,10.4,10.8,60.3,60.7,10.5,10.8,284.8,277.8,1006.0,1006.0,-6.45,284.97,-0.01,32.488,9.1603,491.0,33.7,1483.79, NAN, NAN, NAN, NAN,,2024/04/05 02:59:47.882,2024-04-05 02:59:47.882000+00:00
2024/04/05, 03:00:47.882,36.177,-74.819,0.5,300.52,143.03,0.23,11.3,11.3,1003.7,1003.9,0.0,0.0,13.74,11.62,342,336,10.4,10.5,61.5,61.6,10.4,10.4,283.1,277.1,1005.8,1006.0,-6.41,284.74,-0.02,32.4892,9.1599,490.7,33.7,1483.79, NAN, NAN, NAN, NAN,,2024/04/05 03:00:47.882,2024-04-05 03:00:47.882000+00:00
2024/04/05, 03:01:47.883,36.177,-74.819,0.38,301.68,212.15,0.24,11.3,11.3,1004.1,1003.9,0.0,0.0,13.74,11.62,343,336,9.7,9.9,61.2,60.3,9.7,9.9,285.4,278.4,1006.2,1006.0,-6.42,284.9,-0.02,32.4884,9.1531,495.3,33.7,1483.764, NAN, NAN, NAN, NAN,,2024/04/05 03:01:47.883,2024-04-05 03:01:47.883000+00:00
2024/04/05, 03:02:47.883,36.177,-74.819,0.94,301.24,20.17,0.21,11.3,11.3,1003.8,1003.9,0.0,0.0,13.74,11.62,346,340,10.7,11.4,60.1,60.3,10.7,11.4,286.7,280.7,1005.9,1006.0,-6.49,285.34,-0.02,32.4879,9.1492,493.7,33.5,1483.749, NAN, NAN, NAN, NAN,,2024/04/05 03:02:47.883,2024-04-05 03:02:47.883000+00:00
2024/04/05, 03:03:47.883,36.177,-74.819,0.29,303.15,203.7,0.48,11.3,11.3,1004.0,1003.8,0.0,0.0,13.74,11.62,341,334,10.1,10.7,59.8,59.8,10.1,10.6,285.5,278.4,1006.1,1005.9,-6.52,285.07,-0.02,32.4881,9.1521,492.3,33.4,1483.76, NAN, NAN, NAN, NAN,,2024/04/05 03:03:47.883,2024-04-05 03:03:47.883000+00:00
2024/04/05, 03:04:47.883,36.177,-74.819,0.63,301.79,89.6,0.17,11.3,11.3,1003.9,1003.9,0.0,0.0,13.74,11.62,342,338,10.6,10.9,59.2,59.5,10.6,10.9,284.3,280.2,1006.0,1006.0,-6.48,285.47,-0.01,32.4874,9.1546,492.8,33.3,1483.768, NAN, NAN, NAN, NAN,,2024/04/05 03:04:47.883,2024-04-05 03:04:47.883000+00:00
2024/04/05, 03:05:47.883,36.177,-74.819,0.01,302.37,29.4,0.05,11.3,11.3,1003.8,1003.9,0.0,0.0,13.74,11.62,341,334,10.2,10.7,58.9,59.1,10.2,10.7,283.3,276.3,1005.9,1006.0,-6.4,285.51,-0.01,32.4872,9.1587,489.4,33.7,1483.783, NAN, NAN, NAN, NAN,,2024/04/05 03:05:47.883,2024-04-05 03:05:47.883000+00:00
2024/04/05, 03:06:47.883,36.177,-74.819,0.52,301.47,15.5,0.3,11.4,11.4,1003.8,1003.9,0.0,0.0,13.74,11.62,342,334,10.5,10.3,58.4,58.5,10.5,10.3,282.6,274.6,1005.9,1006.0,-6.41,285.32,-0.02,32.4887,9.1543,494.0,33.7,1483.769, NAN, NAN, NAN, NAN,,2024/04/05 03:06:47.883,2024-04-05 03:06:47.883000+00:00
2024/04/05, 03:07:47.883,36.177,-74.819,0.48,300.28,69.47,0.38,11.4,11.4,1003.8,1003.8,0.0,0.0,13.74,11.62,339,333,9.5,10.3,58.4,58.5,9.7,10.5,278.6,272.7,1005.9,1005.9,-6.39,285.22,-0.01,32.4887,9.1516,492.8,33.5,1483.759, NAN, NAN, NAN, NAN,,2024/04/05 03:07:47.883,2024-04-05 03:07:47.883000+00:00
2024/04/05, 03:08:47.883,36.177,-74.819,0.66,301.94,233.79,0.37,11.3,11.3,1003.8,1003.8,0.0,0.0,13.74,11.62,341,335,10.1,10.5,58.7,58.7,10.0,10.3,283.7,277.6,1005.9,1005.9,-6.36,285.62,-0.02,32.4891,9.159,492.8,33.4,1483.787, NAN, NAN, NAN, NAN,,2024/04/05 03:08:47.883,2024-04-05 03:08:47.883000+00:00
2024/04/05, 03:09:47.883,36.177,-74.819,0.57,302.39,240.3,0.05,11.3,11.3,1003.9,1003.8,0.0,0.0,13.74,11.62,339,335,9.3,9.4,59.6,59.8,9.3,9.4,281.3,277.3,1006.0,1005.9,-6.45,285.17,-0.02,32.4868,9.1614,491.3,33.3,1483.793, NAN, NAN, NAN, NAN,,2024/04/05 03:09:47.883,2024-04-05 03:09:47.883000+00:00
2024/04/05, 03:10:47.883,36.177,-74.819,0.54,300.51,53.76,0.56,11.3,11.3,1003.7,1003.9,0.0,0.0,13.74,11.62,341,335,10.2,10.9,59.7,59.9,10.4,11.1,280.2,274.4,1005.8,1006.0,-6.44,285.68,-0.02,32.4868,9.1633,487.3,33.0,1483.8, NAN, NAN, NAN, NAN,,2024/04/05 03:10:47.883,2024-04-05 03:10:47.883000+00:00
2024/04/05, 03:11:47.883,36.177,-74.819,0.52,302.56,224.09,0.4,11.3,11.3,1003.8,1003.7,0.0,0.0,13.74,11.62,337,333,10.4,10.9,59.5,59.8,10.3,10.8,280.4,276.3,1005.9,1005.8,-6.52,285.45,-0.02,32.4874,9.1678,487.3,32.8,1483.817, NAN, NAN, NAN, NAN,,2024/04/05 03:11:47.883,2024-04-05 03:11:47.883000+00:00
2024/04/05, 03:12:47.883,36.177,-74.819,0.31,301.98,233.4,0.35,11.3,11.3,1003.9,1003.9,0.0,0.0,13.74,11.62,338,334,10.2,10.9,59.0,59.2,10.1,10.8,280.9,276.8,1006.0,1006.0,-6.49,285.59,-0.02,32.4817,9.1718,491.6,32.9,1483.825, NAN, NAN, NAN, NAN,,2024/04/05 03:12:47.883,2024-04-05 03:12:47.883000+00:00
2024/04/05, 03:13:47.883,36.177,-74.819,0.4,302.84,194.31,0.91,11.3,11.3,1004.1,1003.8,0.0,0.0,13.74,11.62,339,335,10.4,10.8,59.0,59.5,10.3,10.7,284.4,280.2,1006.2,1005.9,-6.48,285.51,-0.01,32.4883,9.1715,488.0,33.2,1483.832, NAN, NAN, NAN, NAN,,2024/04/05 03:13:47.883,2024-04-05 03:13:47.883000+00:00
2024/04/05, 03:14:47.883,36.177,-74.819,0.48,300.95,272.88,0.44,11.3,11.3,1004.2,1004.0,0.0,0.0,13.74,11.62,337,332,9.4,10.5,58.9,58.9,9.2,10.3,278.8,273.6,1006.3,1006.1,-6.39,285.27,-0.02,32.4899,9.1705,487.3,33.5,1483.83, NAN, NAN, NAN, NAN,,2024/04/05 03:14:47.883,2024-04-05 03:14:47.883000+00:00
2024/04/05, 03:15:47.883,36.177,-74.819,0.63,300.37,249.6,0.53,11.3,11.3,1004.1,1003.8,0.0,0.0,13.74,11.62,340,335,10.1,10.8,58.7,58.8,9.9,10.6,281.7,276.5,1006.2,1005.9,-6.42,285.44,-0.01,32.4898,9.1682,486.0,31.7,1483.822, NAN, NAN, NAN, NAN,,2024/04/05 03:15:47.883,2024-04-05 03:15:47.883000+00:00
2024/04/05, 03:16:47.884,36.177,-74.819,0.25,300.69,249.35,0.07,11.3,11.3,1004.1,1003.9,0.0,0.0,13.74,11.62,340,335,9.1,9.5,59.1,58.9,9.1,9.5,280.8,275.8,1006.2,1006.0,-6.43,284.94,-0.02,32.4701,9.1754,485.7,31.4,1483.824, NAN, NAN, NAN, NAN,,2024/04/05 03:16:47.884,2024-04-05 03:16:47.884000+00:00
2024/04/05, 03:17:47.884,36.177,-74.819,0.42,301.79,148.44,0.11,11.3,11.3,1004.1,1003.9,0.0,0.0,13.74,11.62,344,339,9.4,9.6,59.8,59.8,9.4,9.6,286.1,281.1,1006.2,1006.0,-6.51,285.25,-0.02,32.4709,9.1816,490.0,31.7,1483.848, NAN, NAN, NAN, NAN,,2024/04/05 03:17:47.884,2024-04-05 03:17:47.884000+00:00
2024/04/05, 03:18:47.884,36.177,-74.819,0.43,301.25,198.83,0.47,11.2,11.3,1003.8,1003.9,0.0,0.0,13.74,11.62,344,337,9.9,10.1,59.1,59.1,10.0,10.1,286.6,279.6,1005.9,1006.0,-6.51,285.76,-0.02,32.4869,9.1823,490.0,31.7,1483.87, NAN, NAN, NAN, NAN,,2024/04/05 03:18:47.884,2024-04-05 03:18:47.884000+00:00
2024/04/05, 03:19:47.884,36.177,-74.819,0.31,302.79,192.66,0.44,11.3,11.3,1003.9,1003.8,0.0,0.0,13.74,11.62,344,338,9.1,9.0,58.5,58.1,9.1,9.0,288.2,282.2,1006.0,1005.9,-6.5,285.61,-0.02,32.4879,9.1873,482.7,30.9,1483.89, NAN, NAN, NAN, NAN,,2024/04/05 03:19:47.884,2024-04-05 03:19:47.884000+00:00
2024/04/05, 03:20:47.884,36.177,-74.819,0.39,302.44,184.9,0.43,11.3,11.3,1004.1,1004.1,0.0,0.0,13.74,11.62,343,337,8.8,9.0,59.5,59.4,8.8,8.9,286.9,280.8,1006.2,1006.2,-6.52,285.32,-0.02,32.4872,9.1899,486.0,30.4,1483.898, NAN, NAN, NAN, NAN,,2024/04/05 03:20:47.884,2024-04-05 03:20:47.884000+00:00
2024/04/05, 03:21:47.884,36.177,-74.819,0.24,300.74,41.93,0.55,11.2,11.3,1003.9,1004.1,0.0,0.0,13.74,11.62,341,335,8.9,9.2,59.6,59.6,9.1,9.4,280.3,274.4,1006.0,1006.2,-6.49,285.58,-0.02,32.4868,9.194,484.3,30.4,1483.913, NAN, NAN, NAN, NAN,,2024/04/05 03:21:47.884,2024-04-05 03:21:47.884000+00:00
2024/04/05, 03:22:47.884,36.177,-74.819,0.35,302.18,248.94,0.03,11.2,11.3,1004.1,1003.7,0.0,0.0,13.74,11.62,342,336,9.5,10.0,59.2,59.5,9.5,10.0,284.1,278.1,1006.2,1005.8,-6.48,285.47,-0.02,32.4873,9.2043,489.4,30.5,1483.952, NAN, NAN, NAN, NAN,,2024/04/05 03:22:47.884,2024-04-05 03:22:47.884000+00:00
2024/04/05, 03:23:47.884,36.177,-74.819,0.57,301.28,37.03,0.43,11.2,11.3,1003.8,1003.9,0.0,0.0,13.74,11.62,342,335,10.7,10.7,59.2,59.3,10.8,10.8,282.2,275.3,1005.9,1006.0,-6.45,285.52,-0.02,32.4873,9.2049,492.3,30.5,1483.954, NAN, NAN, NAN, NAN,,2024/04/05 03:23:47.884,2024-04-05 03:23:47.884000+00:00
2024/04/05, 03:24:47.884,36.177,-74.819,0.47,301.69,202.94,0.24,11.3,11.3,1004.0,1003.8,0.0,0.0,13.74,11.62,341,336,9.7,9.7,57.9,58.1,9.7,9.7,283.4,278.4,1006.1,1005.9,-6.44,285.72,-0.02,32.4856,9.2048,488.3,30.3,1483.951, NAN, NAN, NAN, NAN,,2024/04/05 03:24:47.884,2024-04-05 03:24:47.884000+00:00
2024/04/05, 03:25:47.884,36.177,-74.819,0.26,300.97,48.58,0.17,11.3,11.3,1003.9,1003.8,0.0,0.0,13.74,11.62,339,333,9.6,10.7,57.0,57.3,9.7,10.8,279.6,273.7,1006.0,1005.9,-6.41,285.39,-0.01,32.4845,9.2126,489.7,30.5,1483.979, NAN, NAN, NAN, NAN,,2024/04/05 03:25:47.884,2024-04-05 03:25:47.884000+00:00
2024/04/05, 03:26:47.884,36.177,-74.819,0.24,302.62,60.03,0.34,11.3,11.3,1004.1,1003.8,0.0,0.0,13.74,11.62,340,336,9.5,9.7,57.8,58.0,9.6,9.8,281.8,277.8,1006.2,1005.9,-6.5,285.36,-0.02,32.4855,9.2184,493.4,30.9,1484.001, NAN, NAN, NAN, NAN,,2024/04/05 03:26:47.884,2024-04-05 03:26:47.884000+00:00
2024/04/05, 03:27:47.884,36.177,-74.819,0.34,300.85,220.76,0.42,11.3,11.3,1004.1,1003.9,0.0,0.0,13.74,11.62,341,336,9.7,10.3,58.2,58.3,9.6,10.2,283.0,277.9,1006.2,1006.0,-6.4,285.27,-0.01,32.4864,9.2173,484.9,30.7,1483.999, NAN, NAN, NAN, NAN,,2024/04/05 03:27:47.884,2024-04-05 03:27:47.884000+00:00
2024/04/05, 03:28:47.884,36.177,-74.819,0.19,302.71,223.74,0.09,11.3,11.3,1003.9,1003.9,0.0,0.0,13.74,11.62,339,333,9.6,9.9,57.7,58.1,9.6,9.9,281.9,275.9,1006.0,1006.0,-6.39,285.09,-0.02,32.4843,9.2188,490.7,30.8,1484.001, NAN, NAN, NAN, NAN,,2024/04/05 03:28:47.884,2024-04-05 03:28:47.884000+00:00
2024/04/05, 03:29:47.884,36.177,-74.819,0.05,299.87,34.12,0.17,11.3,11.3,1004.1,1003.9,0.0,0.0,13.74,11.62,342,336,9.8,10.4,59.0,59.0,9.8,10.4,281.4,275.4,1006.2,1006.0,-6.47,284.95,-0.02,32.4851,9.2115,491.3,31.1,1483.976, NAN, NAN, NAN, NAN,,2024/04/05 03:29:47.884,2024-04-05 03:29:47.884000+00:00
2024/04/05, 03:30:47.884,36.177,-74.819,0.13,301.4,70.72,0.39,11.2,11.3,1004.2,1004.1,0.0,0.0,13.74,11.62,342,336,9.7,10.2,59.0,59.0,9.9,10.4,282.8,276.9,1006.3,1006.2,-6.49,285.05,-0.02,32.4854,9.2034,489.4,31.2,1483.946, NAN, NAN, NAN, NAN,,2024/04/05 03:30:47.884,2024-04-05 03:30:47.884000+00:00
2024/04/05, 03:31:47.884,36.177,-74.819,0.27,302.02,207.4,0.6,11.2,11.3,1004.1,1003.8,0.0,0.0,13.74,11.62,341,336,9.7,9.4,58.2,58.3,9.6,9.3,284.8,279.8,1006.2,1005.9,-6.45,285.19,-0.01,32.4847,9.2054,486.4,31.6,1483.953, NAN, NAN, NAN, NAN,,2024/04/05 03:31:47.884,2024-04-05 03:31:47.884000+00:00
2024/04/05, 03:32:47.885,36.177,-74.819,0.39,300.49,34.01,0.22,11.2,11.3,1003.8,1004.1,0.0,0.0,13.74,11.62,340,335,9.0,9.6,58.4,58.1,8.9,9.5,281.1,276.0,1005.9,1006.2,-6.4,284.95,-0.02,32.4846,9.2087,492.0,31.0,1483.965, NAN, NAN, NAN, NAN,,2024/04/05 03:32:47.885,2024-04-05 03:32:47.885000+00:00
2024/04/05, 03:33:47.885,36.177,-74.819,0.48,302.13,231.38,0.88,11.2,11.2,1004.1,1004.1,0.0,0.0,13.74,11.62,339,335,9.3,9.7,59.2,59.1,9.1,9.4,283.5,279.3,1006.2,1006.2,-6.48,284.97,-0.02,32.4835,9.2053,487.3,31.4,1483.951, NAN, NAN, NAN, NAN,,2024/04/05 03:33:47.885,2024-04-05 03:33:47.885000+00:00
2024/04/05, 03:34:47.885,36.177,-74.819,0.2,301.26,65.82,0.28,11.2,11.2,1004.0,1003.9,0.0,0.0,13.74,11.62,340,333,10.0,10.6,58.6,58.6,10.1,10.7,281.1,274.2,1006.1,1006.0,-6.49,284.98,-0.02,32.4863,9.2024,487.6,31.4,1483.943, NAN, NAN, NAN, NAN,,2024/04/05 03:34:47.885,2024-04-05 03:34:47.885000+00:00
2024/04/05, 03:35:47.885,36.177,-74.819,0.47,302.2,139.18,0.11,11.2,11.2,1004.0,1003.9,0.0,0.0,13.74,11.62,339,335,9.7,10.3,58.1,57.9,9.7,10.3,281.5,277.5,1006.1,1006.0,-6.51,284.55,-0.02,32.4839,9.1988,490.4,31.4,1483.927, NAN, NAN, NAN, NAN,,2024/04/05 03:35:47.885,2024-04-05 03:35:47.885000+00:00
2024/04/05, 03:36:47.885,36.177,-74.819,0.33,301.64,214.05,0.46,11.2,11.2,1004.0,1003.8,0.0,0.0,13.74,11.62,340,335,9.2,10.1,58.7,58.8,9.1,10.0,283.0,277.8,1006.1,1005.9,-6.47,284.3,-0.02,32.4838,9.1916,489.4,31.7,1483.901, NAN, NAN, NAN, NAN,,2024/04/05 03:36:47.885,2024-04-05 03:36:47.885000+00:00
2024/04/05, 03:37:47.885,36.177,-74.819,0.44,302.03,40.04,0.53,11.2,11.2,1003.9,1004.1,0.0,0.0,13.74,11.62,335,330,10.1,11.9,59.1,59.1,10.3,12.1,276.0,271.2,1006.0,1006.2,-6.47,284.04,-0.02,32.4857,9.1804,486.4,31.2,1483.862, NAN, NAN, NAN, NAN,,2024/04/05 03:37:47.885,2024-04-05 03:37:47.885000+00:00
2024/04/05, 03:38:47.885,36.177,-74.819,0.5,300.52,52.36,0.57,11.2,11.2,1003.9,1004.1,0.0,0.0,13.74,11.62,335,330,8.6,10.0,58.5,58.8,8.8,10.2,274.3,269.5,1006.0,1006.2,-6.42,283.89,-0.02,32.4831,9.1743,484.0,31.2,1483.836, NAN, NAN, NAN, NAN,,2024/04/05 03:38:47.885,2024-04-05 03:38:47.885000+00:00
2024/04/05, 03:39:47.885,36.177,-74.819,0.26,300.16,28.3,0.46,11.2,11.2,1004.1,1003.8,0.0,0.0,13.74,11.62,339,333,8.7,9.4,59.5,59.5,8.8,9.5,277.7,271.9,1006.2,1005.9,-6.59,283.78,-0.01,32.4804,9.1785,484.6,31.2,1483.848, NAN, NAN, NAN, NAN,,2024/04/05 03:39:47.885,2024-04-05 03:39:47.885000+00:00
2024/04/05, 03:40:47.885,36.177,-74.819,0.21,302.04,45.41,0.81,11.2,11.2,1003.7,1003.9,0.0,0.0,13.74,11.62,333,328,8.6,10.8,59.3,59.3,8.9,11.1,273.1,268.6,1005.8,1006.0,-6.53,283.59,-0.01,32.4809,9.1838,484.6,31.2,1483.868, NAN, NAN, NAN, NAN,,2024/04/05 03:40:47.885,2024-04-05 03:40:47.885000+00:00
2024/04/05, 03:41:47.885,36.177,-74.819,0.25,301.79,225.81,0.41,11.1,11.1,1003.9,1003.9,0.0,0.0,13.74,11.62,333,329,9.4,10.7,60.0,60.0,9.3,10.6,275.8,271.6,1006.0,1006.0,-6.51,283.82,-0.02,32.4818,9.186,487.6,31.3,1483.877, NAN, NAN, NAN, NAN,,2024/04/05 03:41:47.885,2024-04-05 03:41:47.885000+00:00
2024/04/05, 03:42:47.885,36.177,-74.819,0.33,301.2,94.17,0.55,11.1,11.1,1004.1,1003.8,0.0,0.0,13.74,11.62,333,329,9.4,11.5,60.2,60.4,9.7,11.8,273.5,269.7,1006.2,1005.9,-6.57,283.8,-0.01,32.4799,9.1789,485.2,31.3,1483.849, NAN, NAN, NAN, NAN,,2024/04/05 03:42:47.885,2024-04-05 03:42:47.885000+00:00
2024/04/05, 03:43:47.885,36.177,-74.819,0.16,302.47,136.49,0.2,11.1,11.1,1004.1,1003.9,0.0,0.0,13.74,11.62,332,327,8.7,11.1,60.4,60.6,8.8,11.2,274.4,269.5,1006.2,1006.0,-6.5,283.56,-0.01,32.4844,9.1734,487.3,31.4,1483.834, NAN, NAN, NAN, NAN,,2024/04/05 03:43:47.885,2024-04-05 03:43:47.885000+00:00
2024/04/05, 03:44:47.885,36.177,-74.819,0.47,301.54,320.85,0.44,11.1,11.1,1004.3,1004.1,0.0,0.0,13.74,11.62,333,328,8.9,11.0,60.1,60.2,8.7,10.8,275.2,269.9,1006.4,1006.2,-6.59,283.55,-0.01,32.4798,9.1754,488.9,31.3,1483.836, NAN, NAN, NAN, NAN,,2024/04/05 03:44:47.885,2024-04-05 03:44:47.885000+00:00
2024/04/05, 03:45:47.885,36.177,-74.819,0.21,300.8,231.7,0.42,11.0,11.1,1004.3,1004.1,0.0,0.0,13.74,11.62,331,327,9.5,11.7,61.6,61.8,9.3,11.5,272.5,268.3,1006.4,1006.2,-6.58,283.59,-0.01,32.4796,9.1866,489.4,31.3,1483.877, NAN, NAN, NAN, NAN,,2024/04/05 03:45:47.885,2024-04-05 03:45:47.885000+00:00
2024/04/05, 03:46:47.885,36.177,-74.819,0.35,301.47,106.53,0.23,11.0,11.0,1004.3,1003.9,0.0,0.0,13.74,11.62,333,328,8.7,10.8,61.5,61.5,8.8,10.9,274.4,269.4,1006.4,1006.0,-6.65,283.47,-0.01,32.4362,9.1885,488.9,31.5,1483.831, NAN, NAN, NAN, NAN,,2024/04/05 03:46:47.885,2024-04-05 03:46:47.885000+00:00
2024/04/05, 03:47:47.886,36.177,-74.819,0.19,301.82,216.14,0.35,11.0,11.0,1004.3,1004.3,0.0,0.0,13.74,11.62,333,328,7.9,10.1,62.3,62.7,7.8,10.0,276.0,270.7,1006.4,1006.4,-6.68,283.48,-0.02,32.4806,9.1796,491.6,31.8,1483.852, NAN, NAN, NAN, NAN,,2024/04/05 03:47:47.886,2024-04-05 03:47:47.886000+00:00
2024/04/05, 03:48:47.886,36.177,-74.819,0.46,301.4,24.55,0.07,11.0,11.0,1004.3,1003.9,0.0,0.0,13.74,11.62,334,330,8.3,10.1,62.1,62.1,8.3,10.1,275.3,271.3,1006.4,1006.0,-6.65,283.16,-0.02,32.4782,9.1716,486.7,31.8,1483.82, NAN, NAN, NAN, NAN,,2024/04/05 03:48:47.886,2024-04-05 03:48:47.886000+00:00
2024/04/05, 03:49:47.886,36.177,-74.819,0.16,301.11,15.93,0.42,11.0,11.0,1004.3,1004.1,0.0,0.0,13.74,11.62,335,331,9.3,11.0,62.4,62.6,9.4,11.1,274.9,271.1,1006.4,1006.2,-6.66,283.67,-0.01,32.4761,9.1651,494.0,32.1,1483.793, NAN, NAN, NAN, NAN,,2024/04/05 03:49:47.886,2024-04-05 03:49:47.886000+00:00
2024/04/05, 03:50:47.886,36.177,-74.819,0.31,301.95,29.47,0.58,11.0,11.0,1004.2,1004.1,0.0,0.0,13.74,11.62,331,327,9.2,11.6,60.6,60.5,9.3,11.7,271.2,267.6,1006.3,1006.2,-6.59,283.6,-0.01,32.4773,9.1646,478.5,30.9,1483.793, NAN, NAN, NAN, NAN,,2024/04/05 03:50:47.886,2024-04-05 03:50:47.886000+00:00
2024/04/05, 03:51:47.886,36.177,-74.819,-0.02,299.84,164.58,0.26,11.0,11.0,1004.3,1004.3,0.0,0.0,13.74,11.62,333,329,9.6,11.6,60.5,60.5,9.6,11.6,273.6,269.5,1006.4,1006.4,-6.56,283.77,-0.01,32.4799,9.1763,481.9,31.7,1483.839, NAN, NAN, NAN, NAN,,2024/04/05 03:51:47.886,2024-04-05 03:51:47.886000+00:00
2024/04/05, 03:52:47.886,36.177,-74.819,0.03,303.33,108.54,0.19,11.0,11.0,1004.3,1004.1,0.0,0.0,13.74,11.62,332,327,9.2,11.4,61.2,60.5,9.3,11.5,275.6,270.6,1006.4,1006.2,-6.51,283.57,-0.01,32.4754,9.1815,479.6,32.1,1483.853, NAN, NAN, NAN, NAN,,2024/04/05 03:52:47.886,2024-04-05 03:52:47.886000+00:00
2024/04/05, 03:53:47.886,36.177,-74.819,0.4,301.25,109.29,0.32,11.0,11.0,1004.4,1004.3,0.0,0.0,13.74,11.62,334,329,9.1,11.7,60.8,60.9,9.1,11.7,276.2,271.0,1006.5,1006.4,-6.47,283.9,-0.01,32.4779,9.1805,482.5,32.1,1483.852, NAN, NAN, NAN, NAN,,2024/04/05 03:53:47.886,2024-04-05 03:53:47.886000+00:00
2024/04/05, 03:54:47.886,36.177,-74.819,0.32,301.75,29.3,0.48,11.0,11.0,1004.4,1004.2,0.0,0.0,13.74,11.62,332,328,9.1,11.0,61.1,62.5,9.2,11.1,272.4,268.7,1006.5,1006.3,-6.51,283.61,-0.01,32.4788,9.1784,480.0,32.4,1483.846, NAN, NAN, NAN, NAN,,2024/04/05 03:54:47.886,2024-04-05 03:54:47.886000+00:00
2024/04/05, 03:55:47.886,36.177,-74.819,0.41,301.36,27.0,0.39,11.0,11.0,1004.4,1004.3,0.0,0.0,13.74,11.62,331,328,9.7,12.5,60.8,61.1,9.8,12.6,271.3,268.6,1006.5,1006.4,-6.47,283.6,-0.01,32.4768,9.1727,476.6,32.3,1483.822, NAN, NAN, NAN, NAN,,2024/04/05 03:55:47.886,2024-04-05 03:55:47.886000+00:00
2024/04/05, 03:56:47.886,36.177,-74.819,0.4,302.26,34.85,0.22,11.0,11.0,1004.7,1004.3,0.0,0.0,13.74,11.62,333,329,8.4,10.6,61.9,61.8,8.3,10.5,275.9,271.8,1006.8,1006.4,-6.47,283.17,-0.01,32.4753,9.1754,484.6,31.9,1483.83, NAN, NAN, NAN, NAN,,2024/04/05 03:56:47.886,2024-04-05 03:56:47.886000+00:00
2024/04/05, 03:57:47.886,36.177,-74.819,0.58,303.52,236.33,0.87,10.9,11.0,1004.3,1004.3,0.0,0.0,13.74,11.62,333,327,9.3,11.5,62.7,62.5,8.9,11.1,277.9,271.4,1006.4,1006.4,-6.57,283.39,-0.01,32.4753,9.1896,484.6,31.8,1483.883, NAN, NAN, NAN, NAN,,2024/04/05 03:57:47.886,2024-04-05 03:57:47.886000+00:00
2024/04/05, 03:58:47.886,36.177,-74.819,0.18,302.69,206.41,0.58,10.9,10.9,1004.1,1004.1,0.0,0.0,13.74,11.62,332,327,9.7,12.3,62.5,62.5,9.6,12.2,276.3,270.9,1006.2,1006.2,-6.56,283.98,-0.01,32.4783,9.1946,480.0,31.8,1483.905, NAN, NAN, NAN, NAN,,2024/04/05 03:58:47.886,2024-04-05 03:58:47.886000+00:00
2024/04/05, 03:59:47.886,36.177,-74.819,0.32,301.71,215.82,0.38,10.9,10.9,1004.3,1004.5,0.0,0.0,13.74,11.62,333,328,9.5,11.6,61.0,60.9,9.4,11.5,275.8,270.6,1006.4,1006.6,-6.53,283.66,-0.01,32.4744,9.191,486.4,32.0,1483.887, NAN, NAN, NAN, NAN,,2024/04/05 03:59:47.886,2024-04-05 03:59:47.886000+00:00
2024/04/05, 04:00:47.886,36.177,-74.819,0.22,301.24,5.1,0.46,10.9,10.9,1004.3,1004.3,0.0,0.0,13.74,11.62,334,329,8.8,10.8,62.5,62.5,8.7,10.7,273.9,269.1,1006.4,1006.4,-6.6,283.46,-0.01,32.4751,9.1812,483.3,32.2,1483.852, NAN, NAN, NAN, NAN,,2024/04/05 04:00:47.886,2024-04-05 04:00:47.886000+00:00
2024/04/05, 04:01:47.886,36.177,-74.819,0.19,301.13,120.5,0.29,10.9,10.9,1004.3,1004.2,0.0,0.0,13.74,11.62,334,329,8.8,11.0,62.3,62.1,8.9,11.1,275.0,270.1,1006.4,1006.3,-6.56,283.14,-0.02,32.4804,9.1729,483.6,31.5,1483.827, NAN, NAN, NAN, NAN,,2024/04/05 04:01:47.886,2024-04-05 04:01:47.886000+00:00
2024/04/05, 04:02:47.886,36.177,-74.819,0.11,303.28,207.23,0.28,10.9,10.9,1004.3,1004.2,0.0,0.0,13.74,11.62,332,327,9.1,11.7,62.5,62.6,9.1,11.7,276.2,271.0,1006.4,1006.3,-6.61,283.31,-0.01,32.4741,9.166,491.0,32.2,1483.794, NAN, NAN, NAN, NAN,,2024/04/05 04:02:47.886,2024-04-05 04:02:47.886000+00:00
2024/04/05, 04:03:47.887,36.177,-74.819,0.28,301.94,49.01,0.35,10.9,10.9,1004.4,1004.3,0.0,0.0,13.74,11.62,334,328,8.6,10.2,62.6,62.7,8.5,10.1,276.7,270.5,1006.5,1006.4,-6.56,283.35,-0.02,32.4784,9.1631,480.9,31.4,1483.789, NAN, NAN, NAN, NAN,,2024/04/05 04:03:47.887,2024-04-05 04:03:47.887000+00:00
2024/04/05, 04:04:47.887,36.177,-74.819,0.24,302.41,301.8,0.24,10.9,10.9,1004.3,1004.2,0.0,0.0,13.74,11.62,329,326,8.3,10.6,62.5,62.4,8.2,10.5,272.1,268.9,1006.4,1006.3,-6.48,283.09,-0.01,32.4734,9.1664,488.9,32.1,1483.795, NAN, NAN, NAN, NAN,,2024/04/05 04:04:47.887,2024-04-05 04:04:47.887000+00:00
2024/04/05, 04:05:47.887,36.177,-74.819,0.26,301.57,154.24,0.25,10.9,10.9,1004.3,1004.4,0.0,0.0,13.74,11.62,331,326,9.2,11.6,62.9,63.0,9.2,11.5,273.3,268.1,1006.4,1006.5,-6.54,283.45,-0.01,32.4738,9.1728,483.6,32.2,1483.819, NAN, NAN, NAN, NAN,,2024/04/05 04:05:47.887,2024-04-05 04:05:47.887000+00:00
2024/04/05, 04:06:47.887,36.177,-74.819,0.32,302.08,20.52,0.39,10.8,10.9,1004.3,1004.3,0.0,0.0,13.74,11.62,331,326,9.3,11.9,62.8,62.9,9.1,11.7,273.8,268.5,1006.4,1006.4,-6.53,283.82,-0.01,32.4749,9.1719,484.6,32.1,1483.817, NAN, NAN, NAN, NAN,,2024/04/05 04:06:47.887,2024-04-05 04:06:47.887000+00:00
2024/04/05, 04:07:47.887,36.177,-74.819,0.27,301.19,44.16,0.4,10.9,10.9,1004.3,1004.3,0.0,0.0,13.74,11.62,328,325,9.3,12.5,62.2,62.2,9.5,12.7,268.5,265.7,1006.4,1006.4,-6.51,283.82,-0.02,32.4753,9.167,484.0,32.2,1483.799, NAN, NAN, NAN, NAN,,2024/04/05 04:07:47.887,2024-04-05 04:07:47.887000+00:00
2024/04/05, 04:08:47.887,36.177,-74.819,0.07,303.43,236.14,0.4,10.9,10.9,1004.4,1004.5,0.0,0.0,13.74,11.62,328,325,8.9,11.4,62.5,62.6,8.7,11.2,271.9,268.8,1006.5,1006.6,-6.56,283.55,-0.01,32.4742,9.1544,484.9,32.4,1483.752, NAN, NAN, NAN, NAN,,2024/04/05 04:08:47.887,2024-04-05 04:08:47.887000+00:00
2024/04/05, 04:09:47.887,36.177,-74.819,0.34,301.68,46.67,0.62,10.8,10.9,1004.3,1004.4,0.0,0.0,13.74,11.62,328,325,8.7,11.1,63.7,63.9,8.9,11.3,268.1,265.5,1006.4,1006.5,-6.59,283.28,-0.01,32.4736,9.1464,484.9,32.2,1483.721, NAN, NAN, NAN, NAN,,2024/04/05 04:09:47.887,2024-04-05 04:09:47.887000+00:00
2024/04/05, 04:10:47.887,36.177,-74.819,0.4,302.39,239.96,0.7,10.8,10.8,1004.4,1004.3,0.0,0.0,13.74,11.62,330,327,8.9,11.1,64.6,64.6,8.6,10.8,273.9,270.5,1006.5,1006.4,-6.57,283.38,-0.02,32.4743,9.1416,490.7,32.5,1483.704, NAN, NAN, NAN, NAN,,2024/04/05 04:10:47.887,2024-04-05 04:10:47.887000+00:00
2024/04/05, 04:11:47.887,36.177,-74.819,0.25,302.04,200.54,0.1,10.8,10.8,1004.3,1004.3,0.0,0.0,13.74,11.62,332,328,8.5,10.8,63.9,63.8,8.5,10.8,274.3,270.3,1006.4,1006.4,-6.56,283.16,-0.01,32.476,9.1385,485.2,32.1,1483.695, NAN, NAN, NAN, NAN,,2024/04/05 04:11:47.887,2024-04-05 04:11:47.887000+00:00
2024/04/05, 04:12:47.887,36.177,-74.819,-0.03,302.42,3.0,0.28,10.8,10.8,1004.5,1004.5,0.0,0.0,13.74,11.62,330,326,8.0,11.2,64.3,64.2,8.1,11.3,271.8,268.0,1006.6,1006.6,-6.6,283.22,-0.02,32.4746,9.1395,482.5,32.1,1483.697, NAN, NAN, NAN, NAN,,2024/04/05 04:12:47.887,2024-04-05 04:12:47.887000+00:00
2024/04/05, 04:13:47.887,36.177,-74.819,0.23,302.36,205.21,0.54,10.7,10.8,1004.4,1004.4,0.0,0.0,13.74,11.62,329,326,8.4,11.0,64.7,64.7,8.3,10.9,273.1,269.6,1006.5,1006.5,-6.71,283.22,-0.01,32.4738,9.1376,488.0,32.5,1483.689, NAN, NAN, NAN, NAN,,2024/04/05 04:13:47.887,2024-04-05 04:13:47.887000+00:00
2024/04/05, 04:14:47.887,36.177,-74.819,0.26,300.7,27.08,0.86,10.7,10.7,1004.2,1004.4,0.0,0.0,13.74,11.62,330,326,7.8,10.3,65.6,65.7,8.0,10.5,267.9,264.7,1006.3,1006.5,-6.63,283.11,-0.01,32.4744,9.137,483.3,32.5,1483.688, NAN, NAN, NAN, NAN,,2024/04/05 04:14:47.887,2024-04-05 04:14:47.887000+00:00
2024/04/05, 04:15:47.887,36.177,-74.819,0.22,303.21,184.19,0.46,10.7,10.7,1004.4,1004.3,0.0,0.0,13.74,11.62,330,326,8.2,11.1,65.5,65.5,8.2,11.0,274.8,270.4,1006.5,1006.4,-6.62,283.21,-0.01,32.4753,9.1385,485.6,32.3,1483.694, NAN, NAN, NAN, NAN,,2024/04/05 04:15:47.887,2024-04-05 04:15:47.887000+00:00
2024/04/05, 04:16:47.887,36.177,-74.819,0.19,303.47,210.24,0.77,10.7,10.7,1004.4,1004.2,0.0,0.0,13.74,11.62,333,329,8.4,10.5,65.1,65.2,8.2,10.3,278.8,274.2,1006.5,1006.3,-6.71,283.22,-0.01,32.474,9.1346,481.6,32.6,1483.678, NAN, NAN, NAN, NAN,,2024/04/05 04:16:47.887,2024-04-05 04:16:47.887000+00:00
2024/04/05, 04:17:47.887,36.177,-74.819,0.1,302.5,193.64,0.68,10.7,10.7,1004.3,1004.4,0.0,0.0,13.74,11.62,331,327,8.0,10.7,65.5,65.5,7.9,10.6,276.0,271.3,1006.4,1006.5,-6.65,283.33,-0.01,32.4657,9.1346,478.8,34.4,1483.668, NAN, NAN, NAN, NAN,,2024/04/05 04:17:47.887,2024-04-05 04:17:47.887000+00:00
2024/04/05, 04:18:47.887,36.177,-74.819,0.19,300.85,325.7,0.3,10.7,10.7,1004.3,1004.3,0.0,0.0,13.74,11.62,332,329,7.9,9.9,65.6,65.5,8.0,10.0,272.1,269.3,1006.4,1006.4,-6.6,283.19,-0.01,32.4747,9.1338,484.3,34.3,1483.676, NAN, NAN, NAN, NAN,,2024/04/05 04:18:47.887,2024-04-05 04:18:47.887000+00:00
2024/04/05, 04:19:47.888,36.177,-74.819,0.5,301.16,179.48,0.18,10.7,10.7,1004.3,1004.2,0.0,0.0,13.74,11.62,336,331,8.1,9.5,65.5,65.3,8.2,9.6,276.7,271.8,1006.4,1006.3,-6.69,283.42,-0.02,32.473,9.1396,484.3,34.5,1483.695, NAN, NAN, NAN, NAN,,2024/04/05 04:19:47.888,2024-04-05 04:19:47.888000+00:00
2024/04/05, 04:20:47.888,36.177,-74.819,0.23,303.19,216.72,0.43,10.7,10.7,1004.3,1004.5,0.0,0.0,13.74,11.62,336,330,7.8,9.2,65.7,65.7,7.6,9.0,280.4,274.1,1006.4,1006.6,-6.65,283.44,-0.01,32.4745,9.1436,481.9,34.3,1483.712, NAN, NAN, NAN, NAN,,2024/04/05 04:20:47.888,2024-04-05 04:20:47.888000+00:00
2024/04/05, 04:21:47.888,36.177,-74.819,0.34,301.55,213.16,0.43,10.7,10.7,1004.5,1004.3,0.0,0.0,13.74,11.62,337,333,8.0,9.2,66.3,66.2,7.9,9.0,279.8,275.5,1006.6,1006.4,-6.65,283.42,-0.01,32.4725,9.1389,484.9,34.3,1483.692, NAN, NAN, NAN, NAN,,2024/04/05 04:21:47.888,2024-04-05 04:21:47.888000+00:00
2024/04/05, 04:22:47.888,36.177,-74.819,0.27,302.0,117.52,0.51,10.7,10.7,1004.3,1004.3,0.0,0.0,13.74,11.62,333,329,8.1,9.8,66.0,65.9,8.4,10.1,274.5,270.7,1006.4,1006.4,-6.59,283.34,-0.01,32.4712,9.1274,482.5,34.4,1483.648, NAN, NAN, NAN, NAN,,2024/04/05 04:22:47.888,2024-04-05 04:22:47.888000+00:00
2024/04/05, 04:23:47.888,36.177,-74.819,0.15,302.54,202.99,0.08,10.6,10.7,1004.5,1004.3,0.0,0.0,13.74,11.62,334,327,8.4,10.9,65.3,65.5,8.4,10.9,276.8,269.8,1006.6,1006.4,-6.65,283.55,-0.01,32.475,9.1179,488.6,34.4,1483.618, NAN, NAN, NAN, NAN,,2024/04/05 04:23:47.888,2024-04-05 04:23:47.888000+00:00
2024/04/05, 04:24:47.888,36.177,-74.819,0.36,302.3,318.2,0.35,10.6,10.7,1004.4,1004.2,0.0,0.0,13.74,11.62,334,331,8.0,9.0,66.1,66.3,7.8,8.8,276.8,273.7,1006.5,1006.3,-6.62,283.58,-0.02,32.4729,9.1124,490.7,34.2,1483.595, NAN, NAN, NAN, NAN,,2024/04/05 04:24:47.888,2024-04-05 04:24:47.888000+00:00
2024/04/05, 04:25:47.888,36.177,-74.819,0.37,301.22,53.61,0.34,10.6,10.7,1004.3,1004.4,0.0,0.0,13.74,11.62,337,332,7.5,9.4,66.5,66.5,7.6,9.5,277.0,272.3,1006.4,1006.5,-6.61,283.44,-0.01,32.4716,9.1094,485.6,34.1,1483.582, NAN, NAN, NAN, NAN,,2024/04/05 04:25:47.888,2024-04-05 04:25:47.888000+00:00
2024/04/05, 04:26:47.888,36.177,-74.819,0.18,301.81,149.43,0.16,10.6,10.6,1004.4,1004.4,0.0,0.0,13.74,11.62,337,332,8.9,9.6,67.2,67.2,8.9,9.6,279.3,274.3,1006.5,1006.5,-6.65,283.71,-0.01,32.4711,9.1138,488.3,34.2,1483.598, NAN, NAN, NAN, NAN,,2024/04/05 04:26:47.888,2024-04-05 04:26:47.888000+00:00
2024/04/05, 04:27:47.888,36.177,-74.819,0.42,302.44,358.02,0.25,10.6,10.6,1004.7,1004.3,0.0,0.0,13.74,11.62,334,330,8.6,10.4,65.9,65.8,8.6,10.5,275.6,271.8,1006.8,1006.4,-6.62,284.02,-0.01,32.4712,9.1172,490.4,34.2,1483.61, NAN, NAN, NAN, NAN,,2024/04/05 04:27:47.888,2024-04-05 04:27:47.888000+00:00
2024/04/05, 04:28:47.888,36.177,-74.819,0.25,301.66,68.55,0.28,10.6,10.6,1004.3,1004.3,0.0,0.0,13.74,11.62,340,333,8.2,8.9,65.8,65.6,8.3,9.0,281.0,274.2,1006.4,1006.4,-6.58,284.07,-0.01,32.4718,9.1129,481.2,34.2,1483.595, NAN, NAN, NAN, NAN,,2024/04/05 04:28:47.888,2024-04-05 04:28:47.888000+00:00
2024/04/05, 04:29:47.888,36.177,-74.819,0.3,302.72,201.89,0.15,10.6,10.6,1004.4,1004.3,0.0,0.0,13.74,11.62,337,332,9.2,10.2,65.0,65.1,9.2,10.2,280.2,275.1,1006.5,1006.4,-6.53,284.15,-0.01,32.472,9.1106,487.3,34.2,1483.587, NAN, NAN, NAN, NAN,,2024/04/05 04:29:47.888,2024-04-05 04:29:47.888000+00:00
2024/04/05, 04:30:47.888,36.177,-74.819,0.16,301.69,158.38,0.17,10.7,10.7,1004.4,1004.3,0.0,0.0,13.74,11.62,337,332,8.9,9.8,64.5,64.4,9.0,9.9,278.9,273.9,1006.5,1006.4,-6.41,284.11,-0.01,32.4705,9.1145,488.0,34.6,1483.6, NAN, NAN, NAN, NAN,,2024/04/05 04:30:47.888,2024-04-05 04:30:47.888000+00:00
2024/04/05, 04:31:47.888,36.177,-74.819,0.34,303.41,214.34,0.05,10.7,10.7,1004.3,1004.4,0.0,0.0,13.74,11.62,335,330,9.0,10.0,63.3,63.1,9.0,10.0,278.5,273.5,1006.4,1006.5,-6.42,284.25,-0.01,32.4719,9.1183,488.6,35.1,1483.615, NAN, NAN, NAN, NAN,,2024/04/05 04:31:47.888,2024-04-05 04:31:47.888000+00:00
2024/04/05, 04:32:47.888,36.177,-74.819,0.26,300.77,27.06,0.43,10.7,10.7,1004.7,1004.3,0.0,0.0,13.74,11.62,333,329,8.4,10.0,63.5,63.3,8.5,10.1,272.4,268.7,1006.8,1006.4,-6.5,284.33,-0.01,32.4722,9.1274,490.0,35.0,1483.649, NAN, NAN, NAN, NAN,,2024/04/05 04:32:47.888,2024-04-05 04:32:47.888000+00:00
2024/04/05, 04:33:47.888,36.177,-74.819,0.24,302.27,171.12,0.11,10.7,10.8,1004.4,1004.4,0.0,0.0,13.74,11.62,340,334,9.3,10.1,62.5,62.3,9.4,10.2,282.2,276.2,1006.5,1006.5,-6.42,284.22,-0.02,32.4714,9.1346,489.7,35.1,1483.675, NAN, NAN, NAN, NAN,,2024/04/05 04:33:47.888,2024-04-05 04:33:47.888000+00:00
2024/04/05, 04:34:47.889,36.177,-74.819,0.27,302.1,11.58,0.26,10.8,10.8,1004.3,1004.5,0.0,0.0,13.74,11.62,335,330,8.8,10.5,63.3,63.7,8.7,10.4,276.3,271.4,1006.4,1006.6,-6.38,284.32,-0.01,32.4711,9.1373,488.9,35.2,1483.685, NAN, NAN, NAN, NAN,,2024/04/05 04:34:47.889,2024-04-05 04:34:47.889000+00:00
2024/04/05, 04:35:47.889,36.177,-74.819,0.23,302.32,101.98,0.08,10.8,10.8,1004.4,1004.4,0.0,0.0,13.74,11.62,335,329,9.0,10.5,62.7,62.7,9.0,10.5,277.4,271.4,1006.5,1006.5,-6.43,284.19,-0.02,32.4704,9.1354,495.8,35.1,1483.677, NAN, NAN, NAN, NAN,,2024/04/05 04:35:47.889,2024-04-05 04:35:47.889000+00:00
2024/04/05, 04:36:47.889,36.177,-74.819,0.3,300.92,225.89,0.44,10.8,10.8,1004.6,1004.5,0.0,0.0,13.74,11.62,339,333,10.6,10.9,63.6,63.6,10.4,10.7,280.7,274.6,1006.7,1006.6,-6.37,285.06,-0.01,32.4695,9.1323,501.7,35.1,1483.664, NAN, NAN, NAN, NAN,,2024/04/05 04:36:47.889,2024-04-05 04:36:47.889000+00:00
2024/04/05, 04:37:47.889,36.177,-74.819,0.17,304.14,27.47,0.09,10.8,10.8,1004.4,1004.5,0.0,0.0,13.74,11.62,337,330,9.3,10.9,62.3,62.2,9.3,10.9,281.2,274.2,1006.5,1006.6,-6.39,284.5,-0.02,32.4692,9.1289,495.3,34.9,1483.651, NAN, NAN, NAN, NAN,,2024/04/05 04:37:47.889,2024-04-05 04:37:47.889000+00:00
2024/04/05, 04:38:47.889,36.177,-74.819,0.53,301.01,340.92,0.17,10.8,10.8,1004.6,1004.4,0.0,0.0,13.74,11.62,341,335,9.9,10.4,63.0,63.1,9.9,10.4,281.5,275.5,1006.7,1006.5,-6.41,284.89,-0.01,32.4689,9.1253,494.0,34.6,1483.638, NAN, NAN, NAN, NAN,,2024/04/05 04:38:47.889,2024-04-05 04:38:47.889000+00:00
2024/04/05, 04:39:47.889,36.177,-74.819,0.09,301.54,118.75,0.46,10.8,10.8,1004.4,1004.5,0.0,0.0,13.74,11.62,340,334,10.2,10.5,60.8,60.8,10.4,10.7,280.8,275.0,1006.5,1006.6,-6.39,284.95,-0.01,32.4676,9.122,494.7,34.6,1483.624, NAN, NAN, NAN, NAN,,2024/04/05 04:39:47.889,2024-04-05 04:39:47.889000+00:00
2024/04/05, 04:40:47.889,36.177,-74.819,0.43,302.08,35.72,0.1,10.8,10.9,1004.5,1004.3,0.0,0.0,13.74,11.62,342,336,9.8,10.2,60.6,61.3,9.8,10.2,283.8,277.8,1006.6,1006.4,-6.32,284.7,-0.01,32.4687,9.1176,490.4,34.4,1483.609, NAN, NAN, NAN, NAN,,2024/04/05 04:40:47.889,2024-04-05 04:40:47.889000+00:00
2024/04/05, 04:41:47.889,36.177,-74.819,0.17,302.5,217.68,0.45,10.9,10.9,1004.6,1004.4,0.0,0.0,13.74,11.62,341,334,9.7,10.5,61.1,61.2,9.6,10.4,284.7,277.5,1006.7,1006.5,-6.3,285.24,-0.01,32.4691,9.1143,493.7,34.5,1483.597, NAN, NAN, NAN, NAN,,2024/04/05 04:41:47.889,2024-04-05 04:41:47.889000+00:00
2024/04/05, 04:42:47.889,36.177,-74.819,0.05,301.09,212.3,0.8,10.9,10.9,1004.4,1004.5,0.0,0.0,13.74,11.62,342,336,9.7,10.1,59.9,60.3,9.6,9.9,285.4,279.2,1006.5,1006.6,-6.29,285.13,-0.01,32.4669,9.1169,495.3,34.8,1483.604, NAN, NAN, NAN, NAN,,2024/04/05 04:42:47.889,2024-04-05 04:42:47.889000+00:00
2024/04/05, 04:43:47.889,36.177,-74.819,0.2,301.43,19.91,0.13,10.9,10.9,1004.6,1004.5,0.0,0.0,13.74,11.62,341,335,10.3,10.9,60.8,60.8,10.3,10.9,282.1,276.1,1006.7,1006.6,-6.38,285.37,-0.01,32.4676,9.1342,488.0,34.4,1483.669, NAN, NAN, NAN, NAN,,2024/04/05 04:43:47.889,2024-04-05 04:43:47.889000+00:00
2024/04/05, 04:44:47.889,36.177,-74.819,0.12,300.68,11.35,0.32,10.9,10.9,1004.2,1004.6,0.0,0.0,13.74,11.62,338,332,9.2,10.1,60.6,60.6,9.2,10.1,277.7,271.7,1006.3,1006.7,-6.34,284.69,-0.01,32.4661,9.1437,488.6,33.9,1483.702, NAN, NAN, NAN, NAN,,2024/04/05 04:44:47.889,2024-04-05 04:44:47.889000+00:00
2024/04/05, 04:45:47.889,36.177,-74.819,0.26,301.43,263.31,0.13,10.9,10.9,1004.4,1004.6,0.0,0.0,13.74,11.62,342,337,9.7,10.3,61.2,61.2,9.7,10.3,283.1,278.1,1006.5,1006.7,-6.36,285.29,-0.02,32.4652,9.1445,494.0,34.3,1483.704, NAN, NAN, NAN, NAN,,2024/04/05 04:45:47.889,2024-04-05 04:45:47.889000+00:00
2024/04/05, 04:46:47.889,36.177,-74.819,0.1,303.39,37.68,0.57,10.9,10.9,1004.5,1004.4,0.0,0.0,13.74,11.62,340,334,9.6,10.3,61.2,61.0,9.8,10.5,281.9,276.1,1006.6,1006.5,-6.39,284.84,-0.02,32.4672,9.1458,495.0,34.0,1483.711, NAN, NAN, NAN, NAN,,2024/04/05 04:46:47.889,2024-04-05 04:46:47.889000+00:00
2024/04/05, 04:47:47.889,36.177,-74.819,0.19,300.47,98.64,0.34,10.9,10.9,1004.6,1004.4,0.0,0.0,13.74,11.62,338,331,9.6,11.0,60.4,60.7,9.7,11.2,277.9,271.0,1006.7,1006.5,-6.44,285.12,-0.01,32.4664,9.1516,495.3,34.4,1483.732, NAN, NAN, NAN, NAN,,2024/04/05 04:47:47.889,2024-04-05 04:47:47.889000+00:00
2024/04/05, 04:48:47.889,36.177,-74.819,0.28,302.8,64.52,0.18,10.9,10.9,1004.6,1004.5,0.0,0.0,13.74,11.62,340,334,10.3,10.6,62.1,62.0,10.4,10.7,282.4,276.5,1006.7,1006.6,-6.44,284.95,-0.02,32.4682,9.1561,495.8,34.6,1483.75, NAN, NAN, NAN, NAN,,2024/04/05 04:48:47.889,2024-04-05 04:48:47.889000+00:00
2024/04/05, 04:49:47.890,36.177,-74.819,0.2,304.14,306.57,0.47,10.8,10.9,1004.6,1004.3,0.0,0.0,13.74,11.62,339,334,8.8,9.9,61.3,61.5,8.7,9.8,281.9,276.9,1006.7,1006.4,-6.45,284.87,-0.02,32.4671,9.1546,493.4,34.4,1483.744, NAN, NAN, NAN, NAN,,2024/04/05 04:49:47.890,2024-04-05 04:49:47.890000+00:00
2024/04/05, 04:50:47.890,36.177,-74.819,0.19,301.67,34.57,0.55,10.8,10.9,1004.4,1004.6,0.0,0.0,13.74,11.62,337,331,10.8,11.9,59.9,61.5,10.9,12.1,277.4,271.6,1006.5,1006.7,-6.49,285.13,-0.01,32.4665,9.1466,491.3,34.3,1483.713, NAN, NAN, NAN, NAN,,2024/04/05 04:50:47.890,2024-04-05 04:50:47.890000+00:00
2024/04/05, 04:51:47.890,36.177,-74.819,0.15,302.78,97.53,0.39,10.8,10.9,1004.6,1004.5,0.0,0.0,13.74,11.62,339,333,10.9,11.1,60.2,59.9,11.1,11.3,281.4,275.5,1006.7,1006.6,-6.39,284.83,-0.02,32.4675,9.143,495.3,34.3,1483.701, NAN, NAN, NAN, NAN,,2024/04/05 04:51:47.890,2024-04-05 04:51:47.890000+00:00
2024/04/05, 04:52:47.890,36.177,-74.819,0.06,301.45,35.54,0.27,10.9,10.9,1004.7,1004.5,0.0,0.0,13.74,11.62,337,330,10.8,12.3,59.2,59.4,10.9,12.4,277.8,270.9,1006.8,1006.6,-6.33,285.04,-0.02,32.4652,9.1388,492.0,34.2,1483.683, NAN, NAN, NAN, NAN,,2024/04/05 04:52:47.890,2024-04-05 04:52:47.890000+00:00
2024/04/05, 04:53:47.890,36.177,-74.819,0.3,301.44,225.84,0.93,10.9,10.9,1004.4,1004.4,0.0,0.0,13.74,11.62,342,337,9.7,10.3,58.6,58.4,9.5,10.0,285.9,280.7,1006.5,1006.5,-6.28,284.58,-0.02,32.4658,9.1365,495.8,34.4,1483.675, NAN, NAN, NAN, NAN,,2024/04/05 04:53:47.890,2024-04-05 04:53:47.890000+00:00
2024/04/05, 04:54:47.890,36.177,-74.819,0.17,302.6,10.09,0.25,10.9,10.9,1004.5,1004.5,0.0,0.0,13.74,11.62,341,336,11.4,11.7,60.8,60.6,11.4,11.7,283.0,278.0,1006.6,1006.6,-6.45,284.72,-0.01,32.479,9.141,495.6,34.4,1483.708, NAN, NAN, NAN, NAN,,2024/04/05 04:54:47.890,2024-04-05 04:54:47.890000+00:00
2024/04/05, 04:55:47.890,36.177,-74.819,0.19,302.65,249.1,0.28,10.8,10.9,1004.5,1004.5,0.0,0.0,13.74,11.62,342,336,9.8,10.1,59.4,59.5,9.7,10.0,284.2,278.1,1006.6,1006.6,-6.42,284.25,-0.02,32.4789,9.1427,490.0,34.5,1483.714, NAN, NAN, NAN, NAN,,2024/04/05 04:55:47.890,2024-04-05 04:55:47.890000+00:00
2024/04/05, 04:56:47.890,36.177,-74.819,0.24,301.93,91.28,0.03,10.8,10.9,1004.3,1004.8,0.0,0.0,13.74,11.62,340,333,10.3,10.9,61.0,61.0,10.3,10.9,281.9,274.9,1006.4,1006.9,-6.41,284.16,-0.02,32.4781,9.137,491.6,34.4,1483.692, NAN, NAN, NAN, NAN,,2024/04/05 04:56:47.890,2024-04-05 04:56:47.890000+00:00
2024/04/05, 04:57:47.890,36.177,-74.819,0.08,303.44,195.21,0.63,10.8,10.9,1004.9,1004.3,0.0,0.0,13.74,11.62,341,335,10.7,11.0,61.1,61.2,10.9,11.1,285.9,280.0,1007.0,1006.4,-6.44,284.06,-0.02,32.4782,9.1399,496.1,33.9,1483.703, NAN, NAN, NAN, NAN,,2024/04/05 04:57:47.890,2024-04-05 04:57:47.890000+00:00
2024/04/05, 04:58:47.890,36.177,-74.819,0.38,303.0,276.2,0.19,10.8,10.8,1004.7,1004.8,0.0,0.0,13.74,11.62,338,331,11.1,12.6,60.6,60.8,11.1,12.6,280.5,273.6,1006.8,1006.9,-6.38,284.07,-0.01,32.4776,9.1441,489.1,34.0,1483.718, NAN, NAN, NAN, NAN,,2024/04/05 04:58:47.890,2024-04-05 04:58:47.890000+00:00
2024/04/05, 04:59:47.890,36.177,-74.819,0.18,301.17,52.42,1.0,10.8,10.8,1004.9,1004.4,0.0,0.0,13.74,11.62,341,336,9.8,10.4,60.5,59.9,10.1,10.7,279.8,275.1,1007.0,1006.5,-6.39,284.03,-0.02,32.4768,9.1432,495.6,34.4,1483.713, NAN, NAN, NAN, NAN,,2024/04/05 04:59:47.890,2024-04-05 04:59:47.890000+00:00
2024/04/05, 05:00:47.890,36.177,-74.819,0.27,301.59,89.28,0.21,10.8,10.8,1004.7,1004.6,0.0,0.0,13.74,11.62,346,341,10.1,10.9,61.1,61.1,10.2,11.0,287.7,282.8,1006.8,1006.7,-6.42,283.73,-0.01,32.4795,9.1371,492.0,34.3,1483.694, NAN, NAN, NAN, NAN,,2024/04/05 05:00:47.890,2024-04-05 05:00:47.890000+00:00
2024/04/05, 05:01:47.890,36.177,-74.819,0.17,303.08,103.63,0.25,10.7,10.8,1004.7,1004.6,0.0,0.0,13.74,11.62,343,337,10.7,10.7,60.9,60.7,10.8,10.8,285.8,279.8,1006.8,1006.7,-6.45,284.07,-0.02,32.4769,9.1269,490.4,34.3,1483.653, NAN, NAN, NAN, NAN,,2024/04/05 05:01:47.890,2024-04-05 05:01:47.890000+00:00
2024/04/05, 05:02:47.890,36.177,-74.819,0.26,302.51,3.0,0.28,10.7,10.7,1004.5,1004.6,0.0,0.0,13.74,11.62,342,336,11.3,11.8,60.2,60.4,11.3,11.8,283.8,277.8,1006.6,1006.7,-6.41,284.41,-0.02,32.4864,9.1177,490.7,34.6,1483.631, NAN, NAN, NAN, NAN,,2024/04/05 05:02:47.890,2024-04-05 05:02:47.890000+00:00
2024/04/05, 05:03:47.890,36.177,-74.819,0.19,302.2,1.38,0.09,10.7,10.7,1004.6,1004.7,0.0,0.0,13.74,11.62,347,340,10.2,10.7,61.2,61.1,10.2,10.7,289.1,282.1,1006.7,1006.8,-6.46,283.97,-0.02,32.4858,9.1116,499.0,34.7,1483.608, NAN, NAN, NAN, NAN,,2024/04/05 05:03:47.890,2024-04-05 05:03:47.890000+00:00
2024/04/05, 05:04:47.890,36.177,-74.819,0.23,301.43,10.98,0.27,10.7,10.7,1004.5,1004.7,0.0,0.0,13.74,11.62,348,343,10.2,10.1,60.3,60.5,10.3,10.2,288.7,283.8,1006.6,1006.8,-6.48,284.13,-0.01,32.4851,9.1291,494.7,34.6,1483.671, NAN, NAN, NAN, NAN,,2024/04/05 05:04:47.890,2024-04-05 05:04:47.890000+00:00
2024/04/05, 05:05:47.891,36.177,-74.819,0.34,302.7,347.44,0.26,10.7,10.7,1004.8,1004.8,0.0,0.0,13.74,11.62,346,340,10.9,10.5,60.7,60.6,10.8,10.4,289.2,283.2,1006.9,1006.9,-6.41,284.26,-0.02,32.4862,9.1552,495.8,34.6,1483.769, NAN, NAN, NAN, NAN,,2024/04/05 05:05:47.891,2024-04-05 05:05:47.891000+00:00
2024/04/05, 05:06:47.891,36.177,-74.819,0.2,303.41,42.37,0.32,10.7,10.7,1004.8,1004.5,0.0,0.0,13.74,11.62,346,340,9.1,9.6,61.2,61.1,9.0,9.5,290.4,284.3,1006.9,1006.6,-6.45,283.69,-0.02,32.4884,9.1643,491.0,34.3,1483.805, NAN, NAN, NAN, NAN,,2024/04/05 05:06:47.891,2024-04-05 05:06:47.891000+00:00
2024/04/05, 05:07:47.891,36.177,-74.819,0.18,302.47,216.54,0.11,10.6,10.7,1004.8,1004.8,0.0,0.0,13.74,11.62,349,342,10.3,10.4,62.2,62.3,10.3,10.4,291.8,284.8,1006.9,1006.9,-6.47,283.81,-0.02,32.4857,9.1618,492.3,34.5,1483.793, NAN, NAN, NAN, NAN,,2024/04/05 05:07:47.891,2024-04-05 05:07:47.891000+00:00
2024/04/05, 05:08:47.891,36.177,-74.819,0.4,302.24,37.4,0.7,10.6,10.6,1004.5,1004.9,0.0,0.0,13.74,11.62,345,339,9.2,9.5,63.2,63.1,9.4,9.7,285.4,279.6,1006.6,1007.0,-6.46,284.11,-0.02,32.4849,9.1466,495.3,33.8,1483.736, NAN, NAN, NAN, NAN,,2024/04/05 05:08:47.891,2024-04-05 05:08:47.891000+00:00
2024/04/05, 05:09:47.891,36.177,-74.819,0.18,303.56,225.48,0.25,10.5,10.6,1004.8,1004.8,0.0,0.0,13.74,11.62,346,340,9.7,10.1,63.1,63.1,9.6,10.0,290.0,284.0,1006.9,1006.9,-6.48,283.72,-0.01,32.479,9.12,498.4,34.7,1483.63, NAN, NAN, NAN, NAN,,2024/04/05 05:09:47.891,2024-04-05 05:09:47.891000+00:00
2024/04/05, 05:10:47.891,36.177,-74.819,0.2,302.82,210.64,0.54,10.5,10.5,1004.6,1004.5,0.0,0.0,13.74,11.62,346,340,11.2,11.7,63.3,63.2,11.3,11.8,287.5,281.6,1006.7,1006.6,-6.5,283.98,-0.01,32.4832,9.1018,499.8,34.9,1483.568, NAN, NAN, NAN, NAN,,2024/04/05 05:10:47.891,2024-04-05 05:10:47.891000+00:00
2024/04/05, 05:11:47.891,36.177,-74.819,0.09,301.25,215.56,0.2,10.5,10.6,1004.5,1004.7,0.0,0.0,13.74,11.62,345,339,10.0,10.2,61.2,60.9,10.0,10.1,286.8,280.7,1006.6,1006.8,-6.41,283.64,-0.02,32.484,9.0943,492.8,34.5,1483.542, NAN, NAN, NAN, NAN,,2024/04/05 05:11:47.891,2024-04-05 05:11:47.891000+00:00
2024/04/05, 05:12:47.891,36.177,-74.819,0.33,299.87,53.15,0.44,10.5,10.6,1004.8,1004.6,0.0,0.0,13.74,11.62,348,339,11.0,11.3,62.5,62.6,11.1,11.5,286.9,278.1,1006.9,1006.7,-6.41,283.89,-0.01,32.4841,9.1019,494.0,34.0,1483.57, NAN, NAN, NAN, NAN,,2024/04/05 05:12:47.891,2024-04-05 05:12:47.891000+00:00
2024/04/05, 05:13:47.891,36.177,-74.819,0.21,303.63,178.19,0.4,10.5,10.5,1004.8,1004.9,0.0,0.0,13.74,11.62,344,337,11.1,11.5,62.5,62.6,11.2,11.6,286.7,279.8,1006.9,1007.0,-6.36,283.85,-0.02,32.4832,9.1182,489.7,34.1,1483.629, NAN, NAN, NAN, NAN,,2024/04/05 05:13:47.891,2024-04-05 05:13:47.891000+00:00
2024/04/05, 05:14:47.891,36.177,-74.819,0.25,301.13,143.1,0.3,10.5,10.5,1004.7,1004.6,0.0,0.0,13.74,11.62,345,339,11.4,11.5,62.5,60.6,11.4,11.5,286.9,280.9,1006.8,1006.7,-6.44,284.07,-0.01,32.485,9.1344,489.4,34.2,1483.691, NAN, NAN, NAN, NAN,,2024/04/05 05:14:47.891,2024-04-05 05:14:47.891000+00:00
2024/04/05, 05:15:47.891,36.177,-74.819,0.18,301.66,203.25,0.37,10.5,10.5,1004.9,1004.8,0.0,0.0,13.74,11.62,346,340,11.5,11.6,60.6,60.4,11.6,11.6,288.6,282.6,1007.0,1006.9,-6.41,284.19,-0.01,32.4857,9.1407,489.4,34.1,1483.715, NAN, NAN, NAN, NAN,,2024/04/05 05:15:47.891,2024-04-05 05:15:47.891000+00:00
2024/04/05, 05:16:47.891,36.177,-74.819,0.12,302.81,268.48,0.33,10.5,10.6,1004.5,1004.8,0.0,0.0,13.74,11.62,347,339,9.6,10.1,59.8,59.4,9.4,9.9,290.2,282.1,1006.6,1006.9,-6.35,283.82,-0.01,32.4865,9.1324,489.4,33.7,1483.685, NAN, NAN, NAN, NAN,,2024/04/05 05:16:47.891,2024-04-05 05:16:47.891000+00:00
2024/04/05, 05:17:47.891,36.177,-74.819,0.11,300.51,250.03,0.13,10.5,10.5,1004.9,1004.6,0.0,0.0,13.74,11.62,346,340,11.1,11.8,60.3,58.8,11.0,11.7,286.6,280.6,1007.0,1006.7,-6.33,284.18,-0.01,32.4833,9.1233,495.8,34.2,1483.648, NAN, NAN, NAN, NAN,,2024/04/05 05:17:47.891,2024-04-05 05:17:47.891000+00:00
2024/04/05, 05:18:47.891,36.177,-74.819,0.13,302.16,274.2,0.29,10.5,10.6,1004.5,1004.7,0.0,0.0,13.74,11.62,347,340,13.5,13.8,56.3,56.5,13.4,13.7,289.4,282.3,1006.6,1006.8,-6.33,284.08,-0.01,32.4833,9.1205,494.4,34.1,1483.637, NAN, NAN, NAN, NAN,,2024/04/05 05:18:47.891,2024-04-05 05:18:47.891000+00:00
2024/04/05, 05:19:47.891,36.177,-74.819,0.22,301.46,197.5,0.15,10.6,10.6,1004.7,1004.7,0.0,0.0,13.74,11.62,345,339,11.2,11.7,55.7,55.7,11.2,11.7,286.9,280.8,1006.8,1006.8,-6.29,283.93,-0.01,32.4832,9.1208,494.4,33.9,1483.638, NAN, NAN, NAN, NAN,,2024/04/05 05:19:47.891,2024-04-05 05:19:47.891000+00:00
2024/04/05, 05:20:47.892,36.177,-74.819,0.14,303.86,234.98,0.24,10.6,10.6,1004.8,1004.6,0.0,0.0,13.74,11.62,345,339,11.6,11.7,59.3,59.4,11.5,11.6,289.4,283.3,1006.9,1006.7,-6.3,283.86,-0.01,32.4831,9.125,495.0,34.0,1483.654, NAN, NAN, NAN, NAN,,2024/04/05 05:20:47.892,2024-04-05 05:20:47.892000+00:00
2024/04/05, 05:21:47.892,36.177,-74.819,0.33,302.1,220.47,0.41,10.6,10.6,1004.9,1004.7,0.0,0.0,13.74,11.62,342,336,10.6,11.0,59.1,59.1,10.5,10.9,285.1,279.0,1007.0,1006.8,-6.33,283.66,-0.01,32.4853,9.1269,490.4,34.0,1483.664, NAN, NAN, NAN, NAN,,2024/04/05 05:21:47.892,2024-04-05 05:21:47.892000+00:00
2024/04/05, 05:22:47.892,36.177,-74.819,0.26,300.2,33.3,0.28,10.5,10.5,1004.7,1004.9,0.0,0.0,13.74,11.62,345,338,9.9,10.4,61.0,61.0,9.9,10.4,284.4,277.4,1006.8,1007.0,-6.36,283.84,-0.01,32.4825,9.1264,493.1,34.2,1483.658, NAN, NAN, NAN, NAN,,2024/04/05 05:22:47.892,2024-04-05 05:22:47.892000+00:00
2024/04/05, 05:23:47.892,36.177,-74.819,0.24,302.1,296.74,0.28,10.5,10.5,1004.8,1004.8,0.0,0.0,13.74,11.62,342,336,9.8,10.5,62.3,62.2,9.7,10.4,284.4,278.3,1006.9,1006.9,-6.49,283.52,-0.02,32.4823,9.1242,494.7,34.4,1483.65, NAN, NAN, NAN, NAN,,2024/04/05 05:23:47.892,2024-04-05 05:23:47.892000+00:00
2024/04/05, 05:24:47.892,36.177,-74.819,0.08,302.56,274.74,0.32,10.4,10.5,1004.7,1004.4,0.0,0.0,13.74,11.62,341,335,10.4,10.5,63.2,63.2,10.3,10.4,284.1,278.0,1006.8,1006.5,-6.44,283.65,-0.02,32.4834,9.1225,493.4,34.1,1483.645, NAN, NAN, NAN, NAN,,2024/04/05 05:24:47.892,2024-04-05 05:24:47.892000+00:00
2024/04/05, 05:25:47.892,36.177,-74.819,0.26,302.46,165.42,0.58,10.4,10.4,1004.6,1004.8,0.0,0.0,13.74,11.62,338,333,10.2,11.2,63.5,63.5,10.2,11.1,282.1,276.9,1006.7,1006.9,-6.41,283.51,-0.02,32.4816,9.1162,493.1,33.9,1483.62, NAN, NAN, NAN, NAN,,2024/04/05 05:25:47.892,2024-04-05 05:25:47.892000+00:00
2024/04/05, 05:26:47.892,36.177,-74.819,0.4,301.17,216.5,0.12,10.4,10.4,1004.9,1004.8,0.0,0.0,13.74,11.62,339,333,9.5,10.4,64.4,64.6,9.5,10.4,280.5,274.5,1007.0,1006.9,-6.48,283.58,-0.01,32.4808,9.1137,495.0,34.4,1483.609, NAN, NAN, NAN, NAN,,2024/04/05 05:26:47.892,2024-04-05 05:26:47.892000+00:00
2024/04/05, 05:27:47.892,36.177,-74.819,0.08,300.2,236.63,0.12,10.4,10.4,1004.8,1004.9,0.0,0.0,13.74,11.62,339,334,9.5,10.5,64.2,64.4,9.5,10.5,278.8,273.9,1006.9,1007.0,-6.48,283.71,-0.01,32.4814,9.1173,492.0,33.8,1483.623, NAN, NAN, NAN, NAN,,2024/04/05 05:27:47.892,2024-04-05 05:27:47.892000+00:00
2024/04/05, 05:28:47.892,36.177,-74.819,0.1,303.19,228.99,0.25,10.4,10.4,1004.8,1004.7,0.0,0.0,13.74,11.62,337,331,10.1,11.4,63.1,63.3,10.2,11.5,279.6,273.7,1006.9,1006.8,-6.44,283.72,-0.01,32.4783,9.1145,491.6,34.0,1483.609, NAN, NAN, NAN, NAN,,2024/04/05 05:28:47.892,2024-04-05 05:28:47.892000+00:00
2024/04/05, 05:29:47.892,36.177,-74.819,-0.07,302.25,40.21,0.12,10.4,10.4,1004.8,1004.7,0.0,0.0,13.74,11.62,341,336,10.7,11.4,63.8,64.1,10.7,11.4,283.5,278.5,1006.9,1006.8,-6.41,283.64,-0.01,32.481,9.1068,484.9,34.3,1483.584, NAN, NAN, NAN, NAN,,2024/04/05 05:29:47.892,2024-04-05 05:29:47.892000+00:00
2024/04/05, 05:30:47.892,36.177,-74.819,0.45,301.43,355.94,0.18,10.4,10.4,1004.6,1004.5,0.0,0.0,13.74,11.62,339,333,11.0,12.2,62.2,62.2,10.9,12.1,280.2,274.2,1006.7,1006.6,-6.42,283.4,-0.02,32.4813,9.0977,488.0,34.0,1483.551, NAN, NAN, NAN, NAN,,2024/04/05 05:30:47.892,2024-04-05 05:30:47.892000+00:00
2024/04/05, 05:31:47.892,36.177,-74.819,0.04,301.41,234.38,0.11,10.4,10.4,1004.8,1004.8,0.0,0.0,13.74,11.62,338,332,10.9,11.6,62.1,62.3,10.9,11.6,279.7,273.6,1006.9,1006.9,-6.4,283.1,-0.01,32.458,9.1013,484.0,34.2,1483.536, NAN, NAN, NAN, NAN,,2024/04/05 05:31:47.892,2024-04-05 05:31:47.892000+00:00
2024/04/05, 05:32:47.892,36.177,-74.819,0.2,301.06,112.11,0.3,10.4,10.4,1004.8,1004.7,0.0,0.0,13.74,11.62,342,337,11.3,12.1,62.8,63.2,11.5,12.3,283.1,278.1,1006.9,1006.8,-6.33,283.79,-0.01,32.4812,9.1031,481.9,34.3,1483.571, NAN, NAN, NAN, NAN,,2024/04/05 05:32:47.892,2024-04-05 05:32:47.892000+00:00
2024/04/05, 05:33:47.892,36.177,-74.819,0.13,303.33,236.53,0.03,10.4,10.4,1004.8,1004.7,0.0,0.0,13.74,11.62,334,329,12.0,13.4,60.7,61.0,12.0,13.4,277.4,272.4,1006.9,1006.8,-6.38,283.85,-0.01,32.4848,9.0931,481.6,33.6,1483.538, NAN, NAN, NAN, NAN,,2024/04/05 05:33:47.892,2024-04-05 05:33:47.892000+00:00
2024/04/05, 05:34:47.892,36.177,-74.819,0.21,301.53,207.36,0.24,10.4,10.4,1004.9,1004.7,0.0,0.0,13.74,11.62,339,332,11.7,12.2,59.7,59.5,11.7,12.2,281.1,274.1,1007.0,1006.8,-6.32,283.48,-0.01,32.4812,9.09,484.9,32.5,1483.522, NAN, NAN, NAN, NAN,,2024/04/05 05:34:47.892,2024-04-05 05:34:47.892000+00:00
2024/04/05, 05:35:47.892,36.177,-74.819,0.0,300.7,274.11,0.85,10.4,10.4,1004.8,1004.9,0.0,0.0,13.74,11.62,340,335,10.9,11.2,59.6,59.8,10.6,10.8,282.2,276.9,1006.9,1007.0,-6.38,283.37,-0.01,32.4811,9.092,482.7,32.2,1483.529, NAN, NAN, NAN, NAN,,2024/04/05 05:35:47.892,2024-04-05 05:35:47.892000+00:00
2024/04/05, 05:36:47.893,36.177,-74.819,0.05,304.27,203.98,0.2,10.4,10.4,1004.7,1004.5,0.0,0.0,13.74,11.62,341,334,11.0,11.7,60.6,60.8,11.0,11.7,285.8,278.8,1006.8,1006.6,-6.32,283.46,-0.01,32.4814,9.0978,477.9,33.2,1483.551, NAN, NAN, NAN, NAN,,2024/04/05 05:36:47.893,2024-04-05 05:36:47.893000+00:00
2024/04/05, 05:37:47.893,36.177,-74.819,0.53,300.85,75.35,0.46,10.4,10.4,1004.6,1004.7,0.0,0.0,13.74,11.62,340,334,11.6,12.0,60.7,60.8,11.7,12.1,279.8,273.9,1006.7,1006.8,-6.35,283.62,-0.01,32.4806,9.098,480.3,34.6,1483.551, NAN, NAN, NAN, NAN,,2024/04/05 05:37:47.893,2024-04-05 05:37:47.893000+00:00
2024/04/05, 05:38:47.893,36.177,-74.819,0.07,301.48,313.04,0.32,10.4,10.4,1004.8,1004.7,0.0,0.0,13.74,11.62,341,334,11.4,12.1,60.1,60.2,11.2,11.9,282.3,275.2,1006.9,1006.8,-6.34,283.65,-0.01,32.4808,9.0911,483.6,34.3,1483.526, NAN, NAN, NAN, NAN,,2024/04/05 05:38:47.893,2024-04-05 05:38:47.893000+00:00
2024/04/05, 05:39:47.893,36.177,-74.819,0.05,301.41,88.69,0.26,10.4,10.4,1004.8,1004.6,0.0,0.0,13.74,11.62,335,329,11.3,12.8,60.4,60.3,11.4,12.9,276.2,270.3,1006.9,1006.7,-6.27,283.52,-0.01,32.4706,9.0836,480.9,34.5,1483.486, NAN, NAN, NAN, NAN,,2024/04/05 05:39:47.893,2024-04-05 05:39:47.893000+00:00
2024/04/05, 05:40:47.893,36.177,-74.819,0.03,302.59,99.32,0.25,10.4,10.4,1004.8,1004.7,0.0,0.0,13.74,11.62,335,329,11.3,13.0,60.5,60.5,11.4,13.1,277.3,271.4,1006.9,1006.8,-6.34,283.15,-0.01,32.4804,9.0804,484.3,33.9,1483.486, NAN, NAN, NAN, NAN,,2024/04/05 05:40:47.893,2024-04-05 05:40:47.893000+00:00
2024/04/05, 05:41:47.893,36.177,-74.819,-0.12,301.33,54.21,0.41,10.4,10.4,1004.9,1004.7,0.0,0.0,13.74,11.62,341,335,11.1,11.4,59.5,59.7,11.2,11.5,281.4,275.5,1007.0,1006.8,-6.36,283.31,-0.01,32.4785,9.0841,484.6,34.4,1483.497, NAN, NAN, NAN, NAN,,2024/04/05 05:41:47.893,2024-04-05 05:41:47.893000+00:00
2024/04/05, 05:42:47.893,36.177,-74.819,0.1,300.68,38.63,0.14,10.4,10.4,1004.8,1004.9,0.0,0.0,13.74,11.62,338,333,11.0,12.4,60.5,60.7,11.0,12.4,279.1,274.0,1006.9,1007.0,-6.35,282.87,-0.01,32.4823,9.0837,481.6,34.3,1483.5, NAN, NAN, NAN, NAN,,2024/04/05 05:42:47.893,2024-04-05 05:42:47.893000+00:00
2024/04/05, 05:43:47.893,36.177,-74.819,0.24,302.36,193.21,0.24,10.4,10.4,1004.7,1004.6,0.0,0.0,13.74,11.62,338,333,10.0,11.1,62.5,61.0,10.0,11.1,281.1,276.0,1006.8,1006.7,-6.36,282.35,-0.02,32.4826,9.0785,481.2,33.0,1483.481, NAN, NAN, NAN, NAN,,2024/04/05 05:43:47.893,2024-04-05 05:43:47.893000+00:00
2024/04/05, 05:44:47.893,36.177,-74.819,0.21,303.02,180.85,0.48,10.3,10.3,1004.5,1004.6,0.0,0.0,13.74,11.62,340,334,11.7,12.1,62.3,62.5,11.7,12.1,284.2,278.2,1006.6,1006.7,-6.39,282.68,-0.01,32.481,9.0772,481.9,34.1,1483.475, NAN, NAN, NAN, NAN,,2024/04/05 05:44:47.893,2024-04-05 05:44:47.893000+00:00
2024/04/05, 05:45:47.893,36.177,-74.819,0.36,302.34,66.18,0.7,10.3,10.3,1004.6,1004.7,0.0,0.0,13.74,11.62,339,334,11.1,12.4,61.8,61.5,11.3,12.6,279.8,275.1,1006.7,1006.8,-6.41,282.32,-0.02,32.4794,9.0786,479.2,34.6,1483.478, NAN, NAN, NAN, NAN,,2024/04/05 05:45:47.893,2024-04-05 05:45:47.893000+00:00
2024/04/05, 05:46:47.893,36.177,-74.819,-0.08,300.68,45.34,0.59,10.3,10.3,1004.7,1004.6,0.0,0.0,13.74,11.62,344,339,11.0,11.1,62.6,62.5,11.2,11.3,283.3,278.4,1006.8,1006.7,-6.35,281.66,-0.02,32.482,9.0815,479.2,34.6,1483.492, NAN, NAN, NAN, NAN,,2024/04/05 05:46:47.893,2024-04-05 05:46:47.893000+00:00
2024/04/05, 05:47:47.893,36.177,-74.819,0.08,301.8,293.24,0.24,10.3,10.3,1004.9,1004.9,0.0,0.0,13.74,11.62,341,335,10.4,10.9,61.9,61.9,10.3,10.8,283.1,277.0,1007.0,1007.0,-6.4,281.81,-0.01,32.4808,9.0838,475.5,34.9,1483.499, NAN, NAN, NAN, NAN,,2024/04/05 05:47:47.893,2024-04-05 05:47:47.893000+00:00
2024/04/05, 05:48:47.893,36.177,-74.819,0.04,302.09,273.34,0.47,10.2,10.3,1004.7,1004.7,0.0,0.0,13.74,11.62,346,341,10.6,10.6,60.7,60.8,10.4,10.4,288.5,283.4,1006.8,1006.8,-6.44,281.27,-0.02,32.48,9.0817,479.3,34.8,1483.49, NAN, NAN, NAN, NAN,,2024/04/05 05:48:47.893,2024-04-05 05:48:47.893000+00:00
2024/04/05, 05:49:47.893,36.177,-74.819,0.06,302.0,116.3,0.42,10.2,10.3,1004.9,1004.7,0.0,0.0,13.74,11.62,343,334,11.3,10.9,62.8,60.8,11.5,11.1,284.3,275.4,1007.0,1006.8,-6.38,281.47,-0.02,32.4791,9.0674,482.5,35.4,1483.436, NAN, NAN, NAN, NAN,,2024/04/05 05:49:47.893,2024-04-05 05:49:47.893000+00:00
2024/04/05, 05:50:47.893,36.177,-74.819,0.12,302.48,75.42,0.06,10.2,10.2,1004.9,1004.5,0.0,0.0,13.74,11.62,339,335,11.9,11.9,60.2,60.4,11.9,11.9,281.6,277.6,1007.0,1006.6,-6.48,281.49,-0.02,32.4794,9.0503,484.0,35.8,1483.373, NAN, NAN, NAN, NAN,,2024/04/05 05:50:47.893,2024-04-05 05:50:47.893000+00:00
2024/04/05, 05:51:47.894,36.177,-74.819,0.3,300.03,76.74,0.22,10.2,10.2,1004.6,1004.7,0.0,0.0,13.74,11.62,342,335,10.9,11.4,59.9,60.1,11.0,11.5,281.9,275.0,1006.7,1006.8,-6.48,281.42,-0.02,32.4782,9.0443,480.3,35.6,1483.349, NAN, NAN, NAN, NAN,,2024/04/05 05:51:47.894,2024-04-05 05:51:47.894000+00:00
2024/04/05, 05:52:47.894,36.177,-74.819,0.57,301.53,311.61,0.25,10.2,10.2,1004.7,1004.6,0.0,0.0,13.74,11.62,337,331,11.7,12.5,59.8,59.8,11.6,12.4,278.1,272.0,1006.8,1006.7,-6.32,281.41,-0.02,32.4795,9.0547,476.6,35.9,1483.389, NAN, NAN, NAN, NAN,,2024/04/05 05:52:47.894,2024-04-05 05:52:47.894000+00:00
2024/04/05, 05:53:47.894,36.177,-74.819,0.11,302.49,93.0,0.12,10.2,10.3,1004.6,1004.9,0.0,0.0,13.74,11.62,340,335,12.3,12.8,60.1,60.1,12.4,12.9,282.4,277.4,1006.7,1007.0,-6.36,281.56,-0.01,32.4812,9.0634,469.1,35.9,1483.424, NAN, NAN, NAN, NAN,,2024/04/05 05:53:47.894,2024-04-05 05:53:47.894000+00:00
2024/04/05, 05:54:47.894,36.177,-74.819,0.26,301.93,23.09,0.91,10.2,10.2,1004.7,1004.8,0.0,0.0,13.74,11.62,341,335,12.3,14.1,60.5,60.8,12.4,14.3,280.9,275.2,1006.8,1006.9,-6.38,281.68,-0.01,32.4861,9.0649,462.8,35.5,1483.435, NAN, NAN, NAN, NAN,,2024/04/05 05:54:47.894,2024-04-05 05:54:47.894000+00:00
2024/04/05, 05:55:47.894,36.177,-74.819,0.03,300.56,72.69,0.61,10.2,10.2,1005.0,1004.9,0.0,0.0,13.74,11.62,343,336,10.0,10.4,60.5,60.3,10.2,10.6,282.1,275.3,1007.1,1007.0,-6.35,281.11,-0.01,32.4827,9.0596,463.5,35.5,1483.412, NAN, NAN, NAN, NAN,,2024/04/05 05:55:47.894,2024-04-05 05:55:47.894000+00:00
2024/04/05, 05:56:47.894,36.177,-74.819,0.03,299.86,198.03,0.44,10.2,10.2,1004.8,1004.6,0.0,0.0,13.74,11.62,344,339,10.5,11.0,61.9,62.2,10.6,11.1,282.8,277.9,1006.9,1006.7,-6.35,281.05,-0.01,32.483,9.049,473.2,35.5,1483.373, NAN, NAN, NAN, NAN,,2024/04/05 05:56:47.894,2024-04-05 05:56:47.894000+00:00
2024/04/05, 05:57:47.894,36.177,-74.819,0.06,302.92,171.93,0.17,10.2,10.2,1004.7,1004.6,0.0,0.0,13.74,11.62,341,334,11.4,11.8,60.4,60.3,11.5,11.9,283.8,276.9,1006.8,1006.7,-6.3,281.08,-0.02,32.4778,9.0411,473.6,35.7,1483.337, NAN, NAN, NAN, NAN,,2024/04/05 05:57:47.894,2024-04-05 05:57:47.894000+00:00
2024/04/05, 05:58:47.894,36.177,-74.819,0.01,300.81,316.18,0.57,10.2,10.2,1004.7,1004.7,0.0,0.0,13.74,11.62,342,334,10.5,10.5,61.4,60.2,10.2,10.2,283.2,275.0,1006.8,1006.8,-6.36,280.63,-0.01,32.4799,9.0306,471.8,35.1,1483.301, NAN, NAN, NAN, NAN,,2024/04/05 05:58:47.894,2024-04-05 05:58:47.894000+00:00
2024/04/05, 05:59:47.894,36.177,-74.819,0.01,303.14,11.04,0.25,10.1,10.2,1004.8,1004.9,0.0,0.0,13.74,11.62,346,339,12.9,13.1,62.5,62.7,12.8,13.1,288.6,281.6,1006.9,1007.0,-6.36,280.98,-0.01,32.4772,9.0292,469.1,35.4,1483.292, NAN, NAN, NAN, NAN,,2024/04/05 05:59:47.894,2024-04-05 05:59:47.894000+00:00
2024/04/05, 06:00:47.894,36.177,-74.819,0.27,300.24,38.62,1.01,10.2,10.2,1004.7,1004.8,0.0,0.0,13.74,11.62,343,337,11.1,11.7,61.0,62.7,11.4,12.0,281.0,275.3,1006.8,1006.9,-6.38,280.7,-0.01,32.4819,9.0409,469.4,33.9,1483.341, NAN, NAN, NAN, NAN,,2024/04/05 06:00:47.894,2024-04-05 06:00:47.894000+00:00
2024/04/05, 06:01:47.894,36.177,-74.819,0.02,300.72,169.36,0.27,10.2,10.2,1004.9,1004.9,0.0,0.0,13.74,11.62,341,332,11.2,11.6,62.2,62.3,11.2,11.6,282.4,273.4,1007.0,1007.0,-6.39,280.61,-0.01,32.4862,9.0437,460.4,34.1,1483.357, NAN, NAN, NAN, NAN,,2024/04/05 06:01:47.894,2024-04-05 06:01:47.894000+00:00
2024/04/05, 06:02:47.894,36.177,-74.819,0.16,302.36,213.91,0.74,10.1,10.1,1004.9,1004.9,0.0,0.0,13.74,11.62,342,337,10.8,11.4,61.8,61.8,10.7,11.2,286.3,281.1,1007.0,1007.0,-6.42,280.58,-0.02,32.4851,9.04,456.8,35.3,1483.342, NAN, NAN, NAN, NAN,,2024/04/05 06:02:47.894,2024-04-05 06:02:47.894000+00:00
2024/04/05, 06:03:47.894,36.177,-74.819,0.17,301.01,85.66,0.23,10.1,10.1,1004.8,1004.8,0.0,0.0,13.74,11.62,341,333,11.0,11.7,62.1,61.9,11.1,11.8,281.9,274.0,1006.9,1006.9,-6.41,280.7,-0.02,32.4806,9.0358,460.1,35.3,1483.321, NAN, NAN, NAN, NAN,,2024/04/05 06:03:47.894,2024-04-05 06:03:47.894000+00:00
2024/04/05, 06:04:47.894,36.177,-74.819,0.28,299.97,41.18,0.71,10.1,10.1,1004.9,1004.8,0.0,0.0,13.74,11.62,344,338,11.2,11.7,61.6,61.6,11.3,11.8,282.2,276.3,1007.0,1006.9,-6.39,280.79,-0.01,32.4789,9.04,469.1,35.3,1483.334, NAN, NAN, NAN, NAN,,2024/04/05 06:04:47.894,2024-04-05 06:04:47.894000+00:00
2024/04/05, 06:05:47.894,36.177,-74.819,0.29,301.8,237.95,0.65,10.1,10.1,1004.8,1004.7,0.0,0.0,13.74,11.62,340,336,9.3,10.0,63.6,63.5,9.2,9.8,283.7,279.5,1006.9,1006.8,-6.33,280.37,-0.01,32.478,9.0439,469.9,35.2,1483.348, NAN, NAN, NAN, NAN,,2024/04/05 06:05:47.894,2024-04-05 06:05:47.894000+00:00
2024/04/05, 06:06:47.894,36.177,-74.819,0.1,301.43,12.71,0.17,10.1,10.1,1004.8,1004.8,0.0,0.0,13.74,11.62,342,336,10.9,11.3,61.7,61.9,10.9,11.3,283.0,277.0,1006.9,1006.9,-6.44,280.8,-0.01,32.4792,9.0472,467.8,35.5,1483.361, NAN, NAN, NAN, NAN,,2024/04/05 06:06:47.894,2024-04-05 06:06:47.894000+00:00
2024/04/05, 06:07:47.895,36.177,-74.819,0.26,303.57,170.17,0.22,10.1,10.1,1004.6,1004.6,0.0,0.0,13.74,11.62,345,338,11.6,11.7,60.2,60.1,11.7,11.8,288.4,281.5,1006.7,1006.7,-6.34,281.01,-0.01,32.4806,9.0513,477.6,35.4,1483.378, NAN, NAN, NAN, NAN,,2024/04/05 06:07:47.895,2024-04-05 06:07:47.895000+00:00
2024/04/05, 06:08:47.895,36.177,-74.819,0.18,303.69,241.26,0.56,10.1,10.1,1004.8,1004.9,0.0,0.0,13.74,11.62,340,334,11.9,12.7,61.3,61.1,11.6,12.4,284.2,278.1,1006.9,1007.0,-6.33,281.11,-0.01,32.4779,9.0528,475.5,35.5,1483.381, NAN, NAN, NAN, NAN,,2024/04/05 06:08:47.895,2024-04-05 06:08:47.895000+00:00
2024/04/05, 06:09:47.895,36.177,-74.819,0.14,301.0,210.8,0.18,10.1,10.1,1004.9,1004.7,0.0,0.0,13.74,11.62,343,336,10.7,10.9,60.0,59.7,10.6,10.8,284.3,277.2,1007.0,1006.8,-6.35,280.65,-0.02,32.4784,9.0549,466.0,34.4,1483.389, NAN, NAN, NAN, NAN,,2024/04/05 06:09:47.895,2024-04-05 06:09:47.895000+00:00
2024/04/05, 06:10:47.895,36.177,-74.819,0.17,302.81,306.44,0.37,10.1,10.1,1004.6,1004.8,0.0,0.0,13.74,11.62,344,338,11.4,11.5,61.6,61.9,11.3,11.4,287.5,281.4,1006.7,1006.9,-6.35,280.62,-0.02,32.4785,9.0596,470.2,34.4,1483.406, NAN, NAN, NAN, NAN,,2024/04/05 06:10:47.895,2024-04-05 06:10:47.895000+00:00
2024/04/05, 06:11:47.895,36.177,-74.819,0.35,301.15,209.48,0.26,10.1,10.1,1004.8,1004.8,0.0,0.0,13.74,11.62,344,337,10.5,11.3,62.0,62.0,10.5,11.3,285.9,278.8,1006.9,1006.9,-6.39,280.53,-0.02,32.4766,9.0611,470.5,35.6,1483.41, NAN, NAN, NAN, NAN,,2024/04/05 06:11:47.895,2024-04-05 06:11:47.895000+00:00
2024/04/05, 06:12:47.895,36.177,-74.819,0.0,301.88,33.55,0.79,10.1,10.1,1004.8,1004.8,0.0,0.0,13.74,11.62,342,336,10.4,11.1,61.4,61.3,10.6,11.3,281.9,276.1,1006.9,1006.9,-6.42,280.74,-0.02,32.4761,9.0618,468.4,35.5,1483.412, NAN, NAN, NAN, NAN,,2024/04/05 06:12:47.895,2024-04-05 06:12:47.895000+00:00
2024/04/05, 06:13:47.895,36.177,-74.819,0.12,301.54,190.34,0.12,10.1,10.1,1004.7,1004.8,0.0,0.0,13.74,11.62,342,337,11.3,11.5,62.7,62.6,11.4,11.6,283.6,278.6,1006.8,1006.9,-6.41,280.56,-0.01,32.4522,9.0625,469.6,35.8,1483.385, NAN, NAN, NAN, NAN,,2024/04/05 06:13:47.895,2024-04-05 06:13:47.895000+00:00
2024/04/05, 06:14:47.895,36.177,-74.819,0.21,300.9,214.66,0.13,10.1,10.1,1004.8,1004.6,0.0,0.0,13.74,11.62,343,335,11.0,11.9,61.3,61.2,11.0,11.9,284.2,276.1,1006.9,1006.7,-6.47,280.62,-0.01,32.4776,9.0628,466.8,35.3,1483.417, NAN, NAN, NAN, NAN,,2024/04/05 06:14:47.895,2024-04-05 06:14:47.895000+00:00
2024/04/05, 06:15:47.895,36.177,-74.819,0.36,301.74,23.92,0.12,10.1,10.1,1004.8,1004.9,0.0,0.0,13.74,11.62,339,334,10.8,11.2,61.3,61.3,10.8,11.2,280.4,275.4,1006.9,1007.0,-6.39,280.55,-0.02,32.473,9.0627,469.6,35.7,1483.411, NAN, NAN, NAN, NAN,,2024/04/05 06:15:47.895,2024-04-05 06:15:47.895000+00:00
2024/04/05, 06:16:47.895,36.177,-74.819,0.13,301.02,162.3,0.16,10.1,10.1,1004.8,1004.8,0.0,0.0,13.74,11.62,339,333,11.3,12.2,60.8,60.7,11.4,12.3,279.9,273.9,1006.9,1006.9,-6.38,281.08,-0.01,32.4749,9.0653,475.5,35.2,1483.423, NAN, NAN, NAN, NAN,,2024/04/05 06:16:47.895,2024-04-05 06:16:47.895000+00:00
2024/04/05, 06:17:47.895,36.177,-74.819,0.14,299.43,27.44,0.62,10.1,10.1,1004.8,1004.7,0.0,0.0,13.74,11.62,345,340,10.1,10.7,59.6,59.8,10.1,10.8,282.6,277.7,1006.9,1006.8,-6.39,281.1,-0.02,32.4736,9.0676,470.5,35.8,1483.43, NAN, NAN, NAN, NAN,,2024/04/05 06:17:47.895,2024-04-05 06:17:47.895000+00:00
2024/04/05, 06:18:47.895,36.177,-74.819,-0.01,302.44,12.54,0.82,10.1,10.1,1004.6,1004.7,0.0,0.0,13.74,11.62,342,335,11.0,11.9,59.7,59.8,11.1,12.1,282.4,275.6,1006.7,1006.8,-6.31,281.17,-0.02,32.4767,9.0672,470.2,35.3,1483.432, NAN, NAN, NAN, NAN,,2024/04/05 06:18:47.895,2024-04-05 06:18:47.895000+00:00
2024/04/05, 06:19:47.895,36.177,-74.819,0.15,301.63,135.69,0.32,10.1,10.1,1004.8,1004.5,0.0,0.0,13.74,11.62,341,336,11.1,11.7,61.3,61.5,11.2,11.8,282.2,277.3,1006.9,1006.6,-6.31,281.38,-0.02,32.4731,9.0666,470.8,35.3,1483.426, NAN, NAN, NAN, NAN,,2024/04/05 06:19:47.895,2024-04-05 06:19:47.895000+00:00
2024/04/05, 06:20:47.895,36.177,-74.819,-0.02,301.17,327.0,0.16,10.1,10.1,1004.9,1004.8,0.0,0.0,13.74,11.62,341,335,10.2,10.6,61.4,61.5,10.1,10.5,282.5,276.5,1007.0,1006.9,-6.42,281.17,-0.01,32.473,9.0641,474.8,35.7,1483.416, NAN, NAN, NAN, NAN,,2024/04/05 06:20:47.895,2024-04-05 06:20:47.895000+00:00
2024/04/05, 06:21:47.895,36.177,-74.819,0.13,302.23,189.88,0.22,10.0,10.1,1004.9,1004.8,0.0,0.0,13.74,11.62,343,337,9.9,10.4,62.9,62.8,10.0,10.5,285.7,279.7,1007.0,1006.9,-6.39,281.66,-0.01,32.4738,9.061,472.4,35.5,1483.406, NAN, NAN, NAN, NAN,,2024/04/05 06:21:47.895,2024-04-05 06:21:47.895000+00:00
2024/04/05, 06:22:47.896,36.177,-74.819,0.06,302.65,236.08,0.15,10.0,10.0,1004.9,1004.7,0.0,0.0,13.74,11.62,342,336,10.9,11.5,62.6,62.6,10.9,11.5,285.0,279.0,1007.0,1006.8,-6.45,281.59,-0.01,32.4743,9.0561,471.8,35.2,1483.388, NAN, NAN, NAN, NAN,,2024/04/05 06:22:47.896,2024-04-05 06:22:47.896000+00:00
2024/04/05, 06:23:47.896,36.177,-74.819,0.56,301.38,17.51,0.61,10.0,10.0,1004.8,1004.7,0.0,0.0,13.74,11.62,341,336,10.4,10.7,62.1,62.0,10.5,10.8,280.7,275.8,1006.9,1006.8,-6.41,281.66,-0.01,32.4737,9.052,465.7,35.3,1483.372, NAN, NAN, NAN, NAN,,2024/04/05 06:23:47.896,2024-04-05 06:23:47.896000+00:00
2024/04/05, 06:24:47.896,36.177,-74.819,0.11,301.34,16.09,0.4,10.0,10.0,1004.7,1004.6,0.0,0.0,13.74,11.62,345,338,11.1,11.8,61.9,59.7,11.2,11.9,285.3,278.4,1006.8,1006.7,-6.35,281.76,-0.02,32.4741,9.0497,464.4,35.1,1483.364, NAN, NAN, NAN, NAN,,2024/04/05 06:24:47.896,2024-04-05 06:24:47.896000+00:00
2024/04/05, 06:25:47.896,36.177,-74.819,0.16,302.24,221.28,0.24,10.0,10.0,1004.5,1004.6,0.0,0.0,13.74,11.62,340,334,12.0,12.8,59.8,59.5,12.0,12.8,282.8,276.8,1006.6,1006.7,-6.3,281.85,-0.02,32.4734,9.047,468.4,35.5,1483.354, NAN, NAN, NAN, NAN,,2024/04/05 06:25:47.896,2024-04-05 06:25:47.896000+00:00
2024/04/05, 06:26:47.896,36.177,-74.819,0.2,300.75,227.48,0.11,10.0,10.1,1004.9,1004.6,0.0,0.0,13.74,11.62,345,337,12.2,12.8,58.5,58.5,12.2,12.8,286.0,278.0,1007.0,1006.7,-6.35,281.99,-0.01,32.4778,9.0448,463.2,35.7,1483.351, NAN, NAN, NAN, NAN,,2024/04/05 06:26:47.896,2024-04-05 06:26:47.896000+00:00
2024/04/05, 06:27:47.896,36.177,-74.819,0.04,301.15,29.16,0.15,10.1,10.1,1004.8,1004.7,0.0,0.0,13.74,11.62,342,337,12.9,13.5,57.5,57.6,12.8,13.4,283.1,278.0,1006.9,1006.8,-6.35,281.74,-0.01,32.4785,9.0463,459.3,35.7,1483.357, NAN, NAN, NAN, NAN,,2024/04/05 06:27:47.896,2024-04-05 06:27:47.896000+00:00
2024/04/05, 06:28:47.896,36.177,-74.819,0.31,303.01,56.33,0.09,10.1,10.1,1004.6,1004.7,0.0,0.0,13.74,11.62,343,338,11.1,11.6,58.8,58.9,11.1,11.6,285.9,280.9,1006.7,1006.8,-6.29,281.96,-0.01,32.4802,9.0541,473.2,28.4,1483.388, NAN, NAN, NAN, NAN,,2024/04/05 06:28:47.896,2024-04-05 06:28:47.896000+00:00
2024/04/05, 06:29:47.896,36.177,-74.819,0.1,301.27,241.67,0.74,10.1,10.1,1004.8,1004.8,0.0,0.0,13.74,11.62,344,338,12.3,12.6,60.4,60.4,12.1,12.3,286.7,280.5,1006.9,1006.9,-6.31,282.22,-0.01,32.4762,9.0607,460.8,0.0,1483.408, NAN, NAN, NAN, NAN,,2024/04/05 06:29:47.896,2024-04-05 06:29:47.896000+00:00
2024/04/05, 06:30:47.896,36.177,-74.819,0.1,300.94,157.95,0.36,10.0,10.1,1004.8,1004.8,0.0,0.0,13.74,11.62,343,336,10.9,11.1,60.9,60.9,11.1,11.3,283.4,276.6,1006.9,1006.9,-6.27,282.7,-0.01,32.4784,9.062,463.8,0.0,1483.415, NAN, NAN, NAN, NAN,,2024/04/05 06:30:47.896,2024-04-05 06:30:47.896000+00:00
2024/04/05, 06:31:47.896,36.177,-74.819,-0.06,301.93,209.68,0.42,10.0,10.0,1004.9,1005.0,0.0,0.0,13.74,11.62,340,333,10.6,11.2,62.3,62.2,10.5,11.1,282.9,275.8,1007.0,1007.1,-6.36,283.08,-0.01,32.4774,9.0574,465.4,0.0,1483.397, NAN, NAN, NAN, NAN,,2024/04/05 06:31:47.896,2024-04-05 06:31:47.896000+00:00
2024/04/05, 06:32:47.896,36.177,-74.819,0.1,302.88,150.23,0.15,10.0,10.0,1004.9,1004.8,0.0,0.0,13.74,11.62,341,335,10.7,11.2,63.9,64.1,10.8,11.3,283.8,277.8,1007.0,1006.9,-6.35,283.52,-0.01,32.4718,9.0524,466.2,0.0,1483.372, NAN, NAN, NAN, NAN,,2024/04/05 06:32:47.896,2024-04-05 06:32:47.896000+00:00
2024/04/05, 06:33:47.896,36.177,-74.819,0.21,302.81,272.68,0.43,10.0,10.0,1004.8,1004.5,0.0,0.0,13.74,11.62,340,334,11.7,12.4,61.3,61.3,11.5,12.2,283.0,276.9,1006.9,1006.6,-6.38,283.79,-0.02,32.4725,9.048,460.1,0.0,1483.356, NAN, NAN, NAN, NAN,,2024/04/05 06:33:47.896,2024-04-05 06:33:47.896000+00:00
2024/04/05, 06:34:47.896,36.177,-74.819,-0.32,301.46,210.99,0.17,10.0,10.0,1004.8,1004.5,0.0,0.0,13.74,11.62,339,332,11.0,12.7,61.6,61.8,11.1,12.8,280.7,273.7,1006.9,1006.6,-6.32,284.05,-0.02,32.4721,9.0407,460.8,0.1,1483.329, NAN, NAN, NAN, NAN,,2024/04/05 06:34:47.896,2024-04-05 06:34:47.896000+00:00
2024/04/05, 06:35:47.896,36.177,-74.819,0.01,300.29,54.82,0.46,10.0,10.0,1004.7,1004.9,0.0,0.0,13.74,11.62,340,334,11.6,12.0,63.3,63.1,11.8,12.2,279.4,273.5,1006.8,1007.0,-6.29,284.22,-0.01,32.4734,9.0361,454.7,0.0,1483.313, NAN, NAN, NAN, NAN,,2024/04/05 06:35:47.896,2024-04-05 06:35:47.896000+00:00
2024/04/05, 06:36:47.896,36.177,-74.819,0.08,302.66,50.73,0.11,9.9,9.9,1004.6,1004.7,0.0,0.0,13.74,11.62,338,333,12.0,12.5,60.2,60.4,11.9,12.4,280.7,275.7,1006.7,1006.8,-6.35,284.53,-0.01,32.4753,9.0364,456.1,0.0,1483.317, NAN, NAN, NAN, NAN,,2024/04/05 06:36:47.896,2024-04-05 06:36:47.896000+00:00
2024/04/05, 06:37:47.897,36.177,-74.819,0.59,300.57,353.9,0.46,10.0,10.0,1004.8,1004.9,0.0,0.0,13.74,11.62,339,333,11.6,12.7,61.2,61.2,11.5,12.5,280.5,274.4,1006.9,1007.0,-6.3,284.48,-0.01,32.478,9.0385,451.0,0.0,1483.328, NAN, NAN, NAN, NAN,,2024/04/05 06:37:47.897,2024-04-05 06:37:47.897000+00:00
2024/04/05, 06:38:47.897,36.177,-74.819,0.05,300.48,204.48,0.21,10.0,9.9,1004.9,1004.9,0.0,0.0,13.74,11.62,339,332,12.0,12.7,61.1,61.1,12.0,12.7,280.0,273.0,1007.0,1007.0,-6.32,284.67,-0.02,32.4792,9.0408,451.0,0.0,1483.338, NAN, NAN, NAN, NAN,,2024/04/05 06:38:47.897,2024-04-05 06:38:47.897000+00:00
2024/04/05, 06:39:47.897,36.177,-74.819,0.09,301.77,50.3,0.38,9.9,9.9,1004.8,1004.7,0.0,0.0,13.74,11.62,339,334,11.1,12.0,60.0,60.3,11.2,12.1,280.0,275.1,1006.9,1006.8,-6.37,284.58,-0.02,32.4793,9.0454,448.6,0.0,1483.355, NAN, NAN, NAN, NAN,,2024/04/05 06:39:47.897,2024-04-05 06:39:47.897000+00:00
2024/04/05, 06:40:47.897,36.177,-74.819,0.09,301.12,347.75,0.05,9.9,9.9,1004.9,1004.9,0.0,0.0,13.74,11.62,341,336,10.7,11.0,61.1,61.2,10.7,11.0,282.2,277.2,1007.0,1007.0,-6.33,284.94,-0.01,32.4772,9.0484,450.0,0.0,1483.363, NAN, NAN, NAN, NAN,,2024/04/05 06:40:47.897,2024-04-05 06:40:47.897000+00:00
2024/04/05, 06:41:47.897,36.177,-74.819,0.19,300.8,15.94,0.82,9.9,9.9,1004.8,1004.7,0.0,0.0,13.74,11.62,341,334,11.6,12.1,62.2,61.4,11.7,12.3,279.8,273.0,1006.9,1006.8,-6.36,285.49,-0.01,32.4759,9.0497,455.6,0.0,1483.367, NAN, NAN, NAN, NAN,,2024/04/05 06:41:47.897,2024-04-05 06:41:47.897000+00:00
2024/04/05, 06:42:47.897,36.177,-74.819,0.29,301.27,109.55,0.19,9.9,9.9,1004.8,1004.8,0.0,0.0,13.74,11.62,344,337,11.0,11.4,61.3,61.1,11.0,11.4,285.8,278.8,1006.9,1006.9,-6.26,285.63,-0.01,32.4741,9.0464,456.0,0.0,1483.352, NAN, NAN, NAN, NAN,,2024/04/05 06:42:47.897,2024-04-05 06:42:47.897000+00:00
2024/04/05, 06:43:47.897,36.177,-74.819,0.15,302.35,210.83,0.64,9.9,9.9,1004.9,1004.8,0.0,0.0,13.74,11.62,340,333,12.4,13.2,60.7,60.7,12.3,13.0,283.8,276.6,1007.0,1006.9,-6.31,286.22,-0.02,32.4715,9.0418,450.4,0.0,1483.332, NAN, NAN, NAN, NAN,,2024/04/05 06:43:47.897,2024-04-05 06:43:47.897000+00:00
2024/04/05, 06:44:47.897,36.177,-74.819,0.17,301.96,277.83,0.72,9.9,9.9,1004.8,1004.9,0.0,0.0,13.74,11.62,339,334,10.9,11.9,60.1,60.1,10.6,11.6,282.1,276.9,1006.9,1007.0,-6.42,286.15,-0.02,32.4738,9.036,452.3,0.0,1483.313, NAN, NAN, NAN, NAN,,2024/04/05 06:44:47.897,2024-04-05 06:44:47.897000+00:00
2024/04/05, 06:45:47.897,36.177,-74.819,0.0,300.54,188.19,0.44,9.9,9.9,1004.8,1004.9,0.0,0.0,13.74,11.62,342,335,10.7,11.7,61.5,61.6,10.8,11.8,283.7,276.6,1006.9,1007.0,-6.34,286.25,-0.02,32.4764,9.0338,447.0,0.0,1483.308, NAN, NAN, NAN, NAN,,2024/04/05 06:45:47.897,2024-04-05 06:45:47.897000+00:00
2024/04/05, 06:46:47.897,36.177,-74.819,0.27,302.2,330.14,0.44,9.9,9.9,1004.7,1004.9,0.0,0.0,13.74,11.62,339,333,10.7,11.6,61.6,61.7,10.8,11.7,280.2,274.3,1006.8,1007.0,-6.35,285.97,-0.02,32.4752,9.0375,449.6,8.0,1483.321, NAN, NAN, NAN, NAN,,2024/04/05 06:46:47.897,2024-04-05 06:46:47.897000+00:00
2024/04/05, 06:47:47.897,36.177,-74.819,0.42,301.8,175.64,0.47,9.9,9.9,1004.9,1004.9,0.0,0.0,13.74,11.62,342,335,10.8,11.0,62.0,61.8,11.0,11.2,283.6,276.8,1007.0,1007.0,-6.3,285.87,-0.02,32.4768,9.0408,443.0,34.5,1483.335, NAN, NAN, NAN, NAN,,2024/04/05 06:47:47.897,2024-04-05 06:47:47.897000+00:00
2024/04/05, 06:48:47.897,36.177,-74.819,0.01,300.19,207.86,0.16,9.9,9.9,1004.8,1004.7,0.0,0.0,13.74,11.62,339,334,11.8,12.3,62.3,62.2,11.8,12.3,279.5,274.5,1006.9,1006.8,-6.32,285.64,-0.01,32.4803,9.0417,440.0,34.7,1483.342, NAN, NAN, NAN, NAN,,2024/04/05 06:48:47.897,2024-04-05 06:48:47.897000+00:00
2024/04/05, 06:49:47.897,36.177,-74.819,-0.08,300.11,6.16,0.16,9.9,9.9,1004.7,1004.7,0.0,0.0,13.74,11.62,340,335,10.6,11.1,61.6,61.8,10.6,11.1,279.7,274.7,1006.8,1006.8,-6.31,285.43,-0.02,32.4769,9.042,445.6,35.3,1483.339, NAN, NAN, NAN, NAN,,2024/04/05 06:49:47.897,2024-04-05 06:49:47.897000+00:00
2024/04/05, 06:50:47.897,36.177,-74.819,0.0,300.56,33.16,0.33,9.9,9.9,1004.7,1004.8,0.0,0.0,13.74,11.62,339,331,10.4,12.1,62.5,61.7,10.4,12.2,278.7,270.8,1006.8,1006.9,-6.37,285.11,-0.01,32.4779,9.0431,440.6,34.4,1483.345, NAN, NAN, NAN, NAN,,2024/04/05 06:50:47.897,2024-04-05 06:50:47.897000+00:00
2024/04/05, 06:51:47.897,36.177,-74.819,0.06,302.07,208.79,0.42,9.9,9.9,1004.8,1004.9,0.0,0.0,13.74,11.62,345,336,9.9,10.1,63.1,63.3,9.9,10.1,288.3,279.3,1006.9,1007.0,-6.3,284.87,-0.01,32.475,9.0447,448.6,34.4,1483.347, NAN, NAN, NAN, NAN,,2024/04/05 06:51:47.897,2024-04-05 06:51:47.897000+00:00
2024/04/05, 06:52:47.897,36.177,-74.819,0.13,301.17,45.4,0.59,9.8,9.9,1004.9,1004.8,0.0,0.0,13.74,11.62,339,334,10.1,10.5,61.9,62.1,10.3,10.8,279.1,274.3,1007.0,1006.9,-6.33,285.13,-0.02,32.4754,9.0461,447.3,29.6,1483.353, NAN, NAN, NAN, NAN,,2024/04/05 06:52:47.897,2024-04-05 06:52:47.897000+00:00
2024/04/05, 06:53:47.898,36.177,-74.819,0.23,300.27,297.77,0.31,9.8,9.9,1004.9,1004.8,0.0,0.0,13.74,11.62,344,337,10.4,10.6,62.8,62.7,10.3,10.5,284.9,277.8,1007.0,1006.9,-6.26,285.07,-0.01,32.4732,9.0461,459.8,25.7,1483.35, NAN, NAN, NAN, NAN,,2024/04/05 06:53:47.898,2024-04-05 06:53:47.898000+00:00
2024/04/05, 06:54:47.898,36.177,-74.819,0.04,303.13,54.36,1.01,9.8,9.8,1004.6,1004.9,0.0,0.0,13.74,11.62,342,334,11.2,11.1,61.7,61.7,11.6,11.5,283.3,275.5,1006.7,1007.0,-6.38,285.25,-0.02,32.4718,9.0529,459.8,32.2,1483.373, NAN, NAN, NAN, NAN,,2024/04/05 06:54:47.898,2024-04-05 06:54:47.898000+00:00
2024/04/05, 06:55:47.898,36.177,-74.819,0.37,301.04,2.68,0.22,9.8,9.8,1004.6,1004.7,0.0,0.0,13.74,11.62,341,334,11.5,12.1,60.6,60.9,11.4,12.0,281.7,274.7,1006.7,1006.8,-6.33,285.06,-0.02,32.4658,9.0564,452.3,32.8,1483.379, NAN, NAN, NAN, NAN,,2024/04/05 06:55:47.898,2024-04-05 06:55:47.898000+00:00
2024/04/05, 06:56:47.898,36.177,-74.819,0.2,301.71,213.5,0.91,9.8,9.8,1005.0,1004.8,0.0,0.0,13.74,11.62,343,338,10.2,10.4,61.1,61.1,10.0,10.2,287.2,282.0,1007.1,1006.9,-6.34,284.9,-0.02,32.4743,9.0679,457.1,32.8,1483.432, NAN, NAN, NAN, NAN,,2024/04/05 06:56:47.898,2024-04-05 06:56:47.898000+00:00
2024/04/05, 06:57:47.898,36.177,-74.819,0.11,300.69,225.39,0.25,9.8,9.8,1004.9,1004.8,0.0,0.0,13.74,11.62,343,337,9.8,10.2,63.8,63.8,9.7,10.1,284.3,278.3,1007.0,1006.9,-6.39,284.65,-0.02,32.4725,9.0796,459.3,32.9,1483.473, NAN, NAN, NAN, NAN,,2024/04/05 06:57:47.898,2024-04-05 06:57:47.898000+00:00
2024/04/05, 06:58:47.898,36.177,-74.819,0.06,301.16,19.77,0.5,9.8,9.8,1004.9,1004.9,0.0,0.0,13.74,11.62,341,334,12.0,12.2,63.3,63.1,11.9,12.1,283.3,276.2,1007.0,1007.0,-6.34,285.12,-0.02,32.4736,9.098,459.8,32.6,1483.542, NAN, NAN, NAN, NAN,,2024/04/05 06:58:47.898,2024-04-05 06:58:47.898000+00:00
2024/04/05, 06:59:47.898,36.177,-74.819,-0.05,302.74,162.95,0.18,9.8,9.8,1004.9,1004.9,0.0,0.0,13.74,11.62,340,332,12.0,12.6,60.9,61.1,12.0,12.6,283.1,275.1,1007.0,1007.0,-6.35,284.83,-0.02,32.4703,9.109,463.8,32.8,1483.579, NAN, NAN, NAN, NAN,,2024/04/05 06:59:47.898,2024-04-05 06:59:47.898000+00:00
2024/04/05, 07:00:47.898,36.177,-74.819,0.12,300.75,25.26,0.49,9.8,9.8,1005.0,1004.8,0.0,0.0,13.74,11.62,337,331,11.0,12.1,61.4,61.4,11.1,12.2,276.5,270.6,1007.1,1006.9,-6.42,284.72,-0.01,32.4655,9.1133,466.8,32.9,1483.589, NAN, NAN, NAN, NAN,,2024/04/05 07:00:47.898,2024-04-05 07:00:47.898000+00:00
2024/04/05, 07:01:47.898,36.177,-74.819,0.56,307.71,356.46,1.26,9.8,9.8,1004.8,1004.9,0.0,0.0,13.74,11.62,338,333,11.1,11.9,62.2,62.4,10.7,11.5,283.1,278.2,1006.9,1007.0,-6.3,284.63,-0.02,32.4561,9.1134,465.7,33.0,1483.578, NAN, NAN, NAN, NAN,,2024/04/05 07:01:47.898,2024-04-05 07:01:47.898000+00:00
2024/04/05, 07:02:47.898,36.177,-74.82,2.44,306.41,295.97,2.51,9.8,9.8,1004.9,1004.8,0.0,0.0,13.74,11.62,339,333,10.5,11.8,62.2,61.9,9.3,10.7,282.5,276.2,1007.0,1006.9,-6.37,284.63,-0.02,32.4511,9.1105,473.9,33.0,1483.561, NAN, NAN, NAN, NAN,,2024/04/05 07:02:47.898,2024-04-05 07:02:47.898000+00:00
2024/04/05, 07:03:47.898,36.178,-74.821,3.45,305.18,289.93,3.64,9.8,9.8,1004.9,1004.8,0.0,0.0,13.74,11.62,340,334,11.3,11.4,63.8,63.9,9.5,9.7,282.6,275.6,1007.0,1006.9,-6.27,284.93,-0.02,32.4213,9.1046,467.2,33.1,1483.503, NAN, NAN, NAN, NAN,,2024/04/05 07:03:47.898,2024-04-05 07:03:47.898000+00:00
2024/04/05, 07:04:47.898,36.178,-74.822,4.88,285.09,292.5,5.1,9.8,9.8,1004.9,1004.9,0.0,0.0,13.74,11.62,353,345,11.6,11.7,64.5,64.5,9.0,9.2,276.1,265.9,1007.0,1007.0,-6.3,285.03,-0.02,32.4499,9.0947,469.1,32.9,1483.501, NAN, NAN, NAN, NAN,,2024/04/05 07:04:47.898,2024-04-05 07:04:47.898000+00:00
2024/04/05, 07:05:47.898,36.178,-74.824,5.41,248.41,265.35,5.49,9.7,9.8,1004.7,1004.7,0.0,0.0,13.74,11.62,19,12,13.0,12.1,65.0,64.6,10.2,9.3,270.5,261.7,1006.8,1006.8,-6.3,285.25,-0.02,32.4525,9.0879,466.8,33.0,1483.479, NAN, NAN, NAN, NAN,,2024/04/05 07:05:47.898,2024-04-05 07:05:47.898000+00:00
2024/04/05, 07:06:47.898,36.177,-74.825,5.12,190.82,200.42,5.46,9.7,9.8,1004.7,1004.9,0.0,0.0,13.74,11.62,70,64,11.3,12.6,64.8,64.9,10.5,11.5,275.0,267.2,1006.8,1007.0,-6.29,284.49,-0.02,32.4544,9.0884,465.7,32.2,1483.483, NAN, NAN, NAN, NAN,,2024/04/05 07:06:47.898,2024-04-05 07:06:47.898000+00:00
2024/04/05, 07:07:47.899,36.175,-74.825,5.91,189.99,193.53,7.11,9.7,9.7,1004.7,1004.8,0.0,0.0,13.74,11.62,69,66,11.3,11.8,65.9,65.9,10.4,10.7,277.8,273.8,1006.8,1006.9,-6.29,284.5,-0.02,32.4554,9.0951,459.3,33.4,1483.509, NAN, NAN, NAN, NAN,,2024/04/05 07:07:47.899,2024-04-05 07:07:47.899000+00:00
2024/04/05, 07:08:47.899,36.173,-74.825,7.76,180.16,181.81,8.07,9.7,9.7,1004.8,1004.7,0.0,0.0,13.74,11.62,81,78,10.0,10.3,64.0,63.9,10.2,10.3,284.8,281.4,1006.9,1006.8,-6.43,284.45,-0.02,32.4518,9.0807,462.8,33.8,1483.452, NAN, NAN, NAN, NAN,,2024/04/05 07:08:47.899,2024-04-05 07:08:47.899000+00:00
2024/04/05, 07:09:47.899,36.17,-74.826,9.21,185.76,187.98,9.58,9.7,9.7,1004.9,1004.8,0.0,0.0,13.74,11.62,74,70,10.8,11.2,64.1,63.7,10.5,10.5,286.5,281.7,1007.0,1006.9,-6.42,284.61,-0.02,32.4549,9.054,461.7,34.0,1483.357, NAN, NAN, NAN, NAN,,2024/04/05 07:09:47.899,2024-04-05 07:09:47.899000+00:00
2024/04/05, 07:10:47.899,36.168,-74.826,9.5,186.21,185.04,10.02,9.7,9.7,1004.6,1004.9,0.0,0.0,13.74,11.62,70,68,11.8,11.7,62.5,62.5,11.2,10.9,281.9,280.2,1006.7,1007.0,-6.43,285.08,-0.02,32.4551,9.0369,465.7,33.1,1483.294, NAN, NAN, NAN, NAN,,2024/04/05 07:10:47.899,2024-04-05 07:10:47.899000+00:00
2024/04/05, 07:11:47.899,36.165,-74.826,9.28,184.45,188.87,9.87,9.7,9.7,1004.8,1005.3,0.0,0.0,13.74,11.62,73,71,11.5,11.6,64.6,64.5,10.9,10.9,283.4,281.3,1006.9,1007.4,-6.41,285.28,-0.02,32.4554,9.0284,468.4,32.9,1483.263, NAN, NAN, NAN, NAN,,2024/04/05 07:11:47.899,2024-04-05 07:11:47.899000+00:00
2024/04/05, 07:12:47.899,36.162,-74.826,9.35,184.26,179.15,10.07,9.7,9.7,1004.9,1004.7,0.0,0.0,13.74,11.62,72,68,10.9,11.3,64.3,64.5,10.7,10.7,284.0,279.3,1007.0,1006.8,-6.38,286.44,-0.02,32.4605,9.0197,461.7,33.4,1483.237, NAN, NAN, NAN, NAN,,2024/04/05 07:12:47.899,2024-04-05 07:12:47.899000+00:00
2024/04/05, 07:13:47.899,36.159,-74.827,10.1,183.93,184.45,10.89,9.7,9.7,1004.8,1004.9,0.0,0.0,13.74,11.62,73,68,11.2,11.7,64.5,64.4,10.9,10.9,286.2,280.4,1006.9,1007.0,-6.38,287.41,-0.02,32.4681,9.019,463.8,33.7,1483.243, NAN, NAN, NAN, NAN,,2024/04/05 07:13:47.899,2024-04-05 07:13:47.899000+00:00
2024/04/05, 07:14:47.899,36.156,-74.827,10.2,184.99,182.33,10.69,9.7,9.7,1004.9,1004.9,0.0,0.0,13.74,11.62,69,65,11.0,11.8,63.8,63.9,10.6,10.9,283.4,277.6,1007.0,1007.0,-6.38,288.6,-0.01,32.4743,9.012,458.7,33.9,1483.225, NAN, NAN, NAN, NAN,,2024/04/05 07:14:47.899,2024-04-05 07:14:47.899000+00:00
2024/04/05, 07:15:47.899,36.153,-74.827,10.37,184.71,185.21,11.19,9.7,9.8,1004.7,1004.9,0.0,0.0,13.74,11.62,71,66,11.5,11.8,62.7,62.6,10.8,10.6,285.4,279.8,1006.8,1007.0,-6.33,290.3,-0.02,32.4764,9.0009,488.0,34.0,1483.186, NAN, NAN, NAN, NAN,,2024/04/05 07:15:47.899,2024-04-05 07:15:47.899000+00:00
2024/04/05, 07:16:47.899,36.15,-74.828,10.53,183.36,182.25,10.92,9.8,9.8,1005.0,1004.7,0.0,0.0,13.74,11.62,75,73,10.7,11.2,64.6,64.5,10.8,11.1,288.6,285.6,1007.1,1006.8,-6.32,291.89,-0.01,32.4793,8.9944,455.6,33.9,1483.166, NAN, NAN, NAN, NAN,,2024/04/05 07:16:47.899,2024-04-05 07:16:47.899000+00:00
2024/04/05, 07:17:47.899,36.147,-74.828,10.26,185.71,182.81,10.68,9.7,9.8,1004.8,1004.8,0.0,0.0,13.74,11.62,73,69,10.7,11.2,63.9,64.0,10.5,10.6,288.6,283.7,1006.9,1006.9,-6.33,293.75,-0.01,32.4719,8.9916,454.7,33.8,1483.146, NAN, NAN, NAN, NAN,,2024/04/05 07:17:47.899,2024-04-05 07:17:47.899000+00:00
2024/04/05, 07:18:47.899,36.144,-74.828,10.01,185.05,182.37,10.86,9.8,9.8,1005.1,1004.6,0.0,0.0,13.74,11.62,74,72,11.3,11.4,63.7,63.7,11.4,11.3,287.5,285.5,1007.2,1006.7,-6.29,295.44,-0.01,32.4878,8.9928,462.0,33.2,1483.17, NAN, NAN, NAN, NAN,,2024/04/05 07:18:47.899,2024-04-05 07:18:47.899000+00:00
2024/04/05, 07:19:47.899,36.141,-74.828,10.1,184.56,179.64,10.46,9.8,9.8,1004.9,1004.9,0.0,0.0,13.74,11.62,74,71,10.3,11.0,64.1,63.9,10.6,10.9,288.4,284.0,1007.0,1007.0,-6.3,297.03,-0.02,32.4944,8.999,452.9,33.8,1483.201, NAN, NAN, NAN, NAN,,2024/04/05 07:19:47.899,2024-04-05 07:19:47.899000+00:00
2024/04/05, 07:20:47.899,36.138,-74.829,10.12,182.97,182.89,10.65,9.8,9.8,1004.9,1004.9,0.0,0.0,13.74,11.62,75,72,11.4,12.0,64.3,62.2,11.3,11.5,285.9,281.8,1007.0,1007.0,-6.23,298.95,-0.01,32.5007,9.0051,461.1,34.0,1483.232, NAN, NAN, NAN, NAN,,2024/04/05 07:20:47.899,2024-04-05 07:20:47.899000+00:00
2024/04/05, 07:21:47.899,36.135,-74.829,10.25,183.55,187.32,10.86,9.8,9.8,1005.0,1004.9,0.0,0.0,13.74,11.62,74,71,11.1,11.5,62.8,62.4,10.9,10.9,287.0,283.2,1007.1,1007.0,-6.18,299.87,-0.01,32.5051,9.0084,447.6,34.1,1483.249, NAN, NAN, NAN, NAN,,2024/04/05 07:21:47.899,2024-04-05 07:21:47.899000+00:00
2024/04/05, 07:22:47.899,36.132,-74.829,10.24,184.56,180.0,11.13,9.8,9.9,1004.8,1005.0,0.0,0.0,13.74,11.62,70,69,10.4,11.1,65.7,65.6,10.1,10.6,286.9,284.0,1006.9,1007.1,-6.22,300.91,-0.02,32.505,9.0109,446.4,34.3,1483.259, NAN, NAN, NAN, NAN,,2024/04/05 07:22:47.899,2024-04-05 07:22:47.899000+00:00
2024/04/05, 07:23:47.900,36.129,-74.829,10.19,184.69,178.63,10.73,9.8,9.8,1004.8,1004.9,0.0,0.0,13.74,11.62,67,66,11.0,11.3,63.5,63.3,10.4,10.6,281.4,279.6,1006.9,1007.0,-6.22,301.61,-0.02,32.5072,9.0065,441.9,33.9,1483.245, NAN, NAN, NAN, NAN,,2024/04/05 07:23:47.900,2024-04-05 07:23:47.900000+00:00
2024/04/05, 07:24:47.900,36.126,-74.83,10.15,184.25,180.14,10.57,9.8,9.8,1004.8,1004.7,0.0,0.0,13.74,11.62,77,73,11.6,11.9,63.7,63.6,11.9,11.8,287.9,283.7,1006.9,1006.8,-6.18,301.71,-0.02,32.4748,9.0001,446.7,34.3,1483.182, NAN, NAN, NAN, NAN,,2024/04/05 07:24:47.900,2024-04-05 07:24:47.900000+00:00
2024/04/05, 07:25:47.900,36.124,-74.83,10.01,182.07,185.72,10.84,9.8,9.8,1004.9,1004.9,0.0,0.0,13.74,11.62,78,74,11.4,11.6,65.3,65.1,11.4,11.2,288.3,284.3,1007.0,1007.0,-6.17,301.87,-0.02,32.5055,8.996,449.2,34.3,1483.204, NAN, NAN, NAN, NAN,,2024/04/05 07:25:47.900,2024-04-05 07:25:47.900000+00:00
2024/04/05, 07:26:47.900,36.121,-74.83,10.11,183.92,184.04,10.42,9.8,9.8,1005.0,1004.8,0.0,0.0,13.74,11.62,74,70,10.4,10.7,64.9,64.7,10.2,10.1,288.0,283.6,1007.1,1006.9,-6.18,302.11,-0.01,32.5071,8.9935,453.1,33.5,1483.197, NAN, NAN, NAN, NAN,,2024/04/05 07:26:47.900,2024-04-05 07:26:47.900000+00:00
2024/04/05, 07:27:47.900,36.118,-74.83,10.3,184.2,186.35,10.59,9.8,9.8,1005.0,1005.0,0.0,0.0,13.74,11.62,72,69,10.7,11.1,65.6,65.6,10.2,10.3,286.2,282.4,1007.1,1007.1,-6.16,301.79,-0.02,32.5056,8.9958,452.0,34.6,1483.203, NAN, NAN, NAN, NAN,,2024/04/05 07:27:47.900,2024-04-05 07:27:47.900000+00:00
2024/04/05, 07:28:47.900,36.115,-74.831,10.39,183.93,184.12,10.99,9.8,9.8,1004.8,1004.7,0.0,0.0,13.74,11.62,73,69,10.6,10.9,66.3,65.7,10.4,10.3,288.1,283.7,1006.9,1006.8,-6.23,301.11,-0.02,32.51,8.9976,449.6,34.4,1483.215, NAN, NAN, NAN, NAN,,2024/04/05 07:28:47.900,2024-04-05 07:28:47.900000+00:00
2024/04/05, 07:29:47.900,36.112,-74.831,10.37,182.94,185.33,10.68,9.7,9.8,1004.8,1005.0,0.0,0.0,13.74,11.62,76,72,12.0,12.3,65.4,65.4,11.8,11.7,285.6,281.2,1006.9,1007.1,-6.22,300.73,-0.02,32.5123,8.9975,450.0,34.1,1483.218, NAN, NAN, NAN, NAN,,2024/04/05 07:29:47.900,2024-04-05 07:29:47.900000+00:00
2024/04/05, 07:30:47.900,36.108,-74.831,10.64,183.45,183.98,11.16,9.8,9.8,1004.8,1004.8,0.0,0.0,13.74,11.62,76,74,10.6,10.8,64.2,64.0,10.7,10.7,290.6,288.4,1006.9,1006.9,-6.23,299.84,-0.02,32.5109,8.9986,452.0,34.8,1483.22, NAN, NAN, NAN, NAN,,2024/04/05 07:30:47.900,2024-04-05 07:30:47.900000+00:00
2024/04/05, 07:31:47.900,36.105,-74.831,10.32,182.54,186.53,10.86,9.8,9.8,1004.7,1004.9,0.0,0.0,13.74,11.62,75,70,10.1,10.7,64.5,64.6,10.0,10.0,289.8,283.6,1006.8,1007.0,-6.3,299.48,-0.02,32.515,9.0006,448.6,34.6,1483.233, NAN, NAN, NAN, NAN,,2024/04/05 07:31:47.900,2024-04-05 07:31:47.900000+00:00
2024/04/05, 07:32:47.900,36.103,-74.832,9.64,183.85,184.47,10.1,9.8,9.8,1004.8,1004.7,0.0,0.0,13.74,11.62,78,75,9.6,10.1,62.6,62.7,9.9,10.1,292.7,288.7,1006.9,1006.8,-6.26,299.21,-0.02,32.5178,8.9947,448.3,33.7,1483.214, NAN, NAN, NAN, NAN,,2024/04/05 07:32:47.900,2024-04-05 07:32:47.900000+00:00
2024/04/05, 07:33:47.900,36.1,-74.832,9.48,184.14,188.21,9.79,9.8,9.8,1004.9,1005.1,0.0,0.0,13.74,11.62,81,79,10.3,10.7,63.1,63.1,10.7,10.9,292.7,290.0,1007.0,1007.2,-6.24,299.21,-0.02,32.515,8.9878,453.7,33.3,1483.185, NAN, NAN, NAN, NAN,,2024/04/05 07:33:47.900,2024-04-05 07:33:47.900000+00:00
2024/04/05, 07:34:47.900,36.097,-74.832,9.87,183.81,180.93,10.45,9.8,9.8,1004.7,1005.0,0.0,0.0,13.74,11.62,78,73,10.1,10.7,65.1,65.0,10.4,10.5,292.1,286.1,1006.8,1007.1,-6.24,298.94,-0.02,32.5143,8.9876,444.0,33.6,1483.184, NAN, NAN, NAN, NAN,,2024/04/05 07:34:47.900,2024-04-05 07:34:47.900000+00:00
2024/04/05, 07:35:47.900,36.094,-74.832,9.95,183.25,183.78,10.82,9.8,9.8,1004.8,1004.8,0.0,0.0,13.74,11.62,81,75,11.4,11.6,64.4,64.4,11.8,11.4,291.9,286.2,1006.9,1006.9,-6.3,299.08,-0.02,32.525,8.9952,445.6,33.7,1483.225, NAN, NAN, NAN, NAN,,2024/04/05 07:35:47.900,2024-04-05 07:35:47.900000+00:00
2024/04/05, 07:36:47.900,36.091,-74.833,9.91,183.18,184.36,10.68,9.8,9.8,1005.2,1004.5,0.0,0.0,13.74,11.62,79,74,11.3,11.4,63.8,63.7,11.5,11.1,290.0,285.3,1007.3,1006.6,-6.36,298.82,-0.01,32.5226,9.0026,442.5,33.3,1483.249, NAN, NAN, NAN, NAN,,2024/04/05 07:36:47.900,2024-04-05 07:36:47.900000+00:00
2024/04/05, 07:37:47.900,36.088,-74.833,10.35,183.77,186.12,10.47,9.8,9.8,1004.8,1004.7,0.0,0.0,13.74,11.62,76,72,10.6,10.8,63.8,63.7,10.6,10.4,289.1,285.1,1006.9,1006.8,-6.21,298.42,-0.01,32.5214,9.0157,445.2,34.1,1483.296, NAN, NAN, NAN, NAN,,2024/04/05 07:37:47.900,2024-04-05 07:37:47.900000+00:00
2024/04/05, 07:38:47.900,36.085,-74.833,10.18,183.15,185.93,10.89,9.8,9.8,1004.8,1005.0,0.0,0.0,13.74,11.62,74,71,10.2,10.9,63.7,63.8,10.1,10.4,289.1,284.5,1006.9,1007.1,-6.26,298.2,-0.02,32.5321,9.029,436.9,33.9,1483.359, NAN, NAN, NAN, NAN,,2024/04/05 07:38:47.900,2024-04-05 07:38:47.900000+00:00
2024/04/05, 07:39:47.901,36.082,-74.833,10.37,184.61,179.36,10.57,9.8,9.8,1004.8,1004.9,0.0,0.0,13.74,11.62,79,74,11.1,11.5,64.6,64.6,11.8,11.7,290.9,285.7,1006.9,1007.0,-6.16,298.73,-0.01,32.5302,9.043,444.3,33.9,1483.408, NAN, NAN, NAN, NAN,,2024/04/05 07:39:47.901,2024-04-05 07:39:47.901000+00:00
2024/04/05, 07:40:47.901,36.079,-74.834,10.41,183.58,180.12,10.6,9.8,9.8,1004.9,1004.9,0.0,0.0,13.74,11.62,74,70,11.0,11.2,64.3,64.5,11.1,10.9,286.2,282.1,1007.0,1007.0,-6.3,299.78,-0.01,32.5325,9.0626,443.6,34.3,1483.484, NAN, NAN, NAN, NAN,,2024/04/05 07:40:47.901,2024-04-05 07:40:47.901000+00:00
2024/04/05, 07:41:47.901,36.076,-74.834,10.16,183.31,184.99,10.46,9.8,9.8,1004.7,1005.1,0.0,0.0,13.74,11.62,79,75,10.9,11.0,63.3,63.2,11.1,10.8,290.6,286.9,1006.8,1007.2,-6.24,300.61,-0.01,32.5397,9.0837,450.0,34.1,1483.571, NAN, NAN, NAN, NAN,,2024/04/05 07:41:47.901,2024-04-05 07:41:47.901000+00:00
2024/04/05, 07:42:47.901,36.073,-74.834,10.08,183.18,184.57,9.34,9.8,9.8,1004.8,1004.8,0.0,0.0,13.74,11.62,77,73,10.8,10.8,65.7,65.8,10.7,10.4,286.0,282.3,1006.9,1006.9,-6.2,301.43,-0.01,32.5398,9.1177,442.5,33.4,1483.696, NAN, NAN, NAN, NAN,,2024/04/05 07:42:47.901,2024-04-05 07:42:47.901000+00:00
2024/04/05, 07:43:47.901,36.071,-74.834,9.49,183.88,183.62,10.38,9.8,9.8,1005.1,1004.8,0.0,0.0,13.74,11.62,75,70,9.9,10.6,64.1,64.2,9.9,10.0,290.2,283.7,1007.2,1006.9,-6.21,302.16,-0.02,32.5387,9.1258,439.6,33.5,1483.725, NAN, NAN, NAN, NAN,,2024/04/05 07:43:47.901,2024-04-05 07:43:47.901000+00:00
2024/04/05, 07:44:47.901,36.068,-74.835,10.09,182.47,186.11,10.59,9.8,9.8,1004.8,1005.2,0.0,0.0,13.74,11.62,71,67,11.1,11.2,64.4,64.4,10.5,10.2,282.5,278.5,1006.9,1007.3,-6.26,302.97,-0.01,32.5393,9.1334,440.9,32.0,1483.754, NAN, NAN, NAN, NAN,,2024/04/05 07:44:47.901,2024-04-05 07:44:47.901000+00:00
2024/04/05, 07:45:47.901,36.065,-74.835,9.71,182.84,182.47,10.34,9.8,9.8,1004.9,1004.9,0.0,0.0,13.74,11.62,75,71,10.1,10.3,65.7,65.6,10.1,9.9,288.3,284.3,1007.0,1007.0,-6.17,303.07,-0.02,32.5441,9.1363,440.0,33.3,1483.77, NAN, NAN, NAN, NAN,,2024/04/05 07:45:47.901,2024-04-05 07:45:47.901000+00:00
2024/04/05, 07:46:47.901,36.062,-74.835,10.28,183.39,183.8,10.07,9.8,9.8,1004.8,1004.8,0.0,0.0,13.74,11.62,77,74,11.5,11.5,62.4,62.6,11.4,11.2,286.5,283.7,1006.9,1006.9,-6.2,303.18,-0.01,32.5294,9.1466,446.2,34.3,1483.79, NAN, NAN, NAN, NAN,,2024/04/05 07:46:47.901,2024-04-05 07:46:47.901000+00:00
2024/04/05, 07:47:47.901,36.059,-74.835,10.02,182.19,180.15,10.15,9.8,9.8,1005.1,1004.9,0.0,0.0,13.74,11.62,77,73,10.3,10.7,61.9,61.8,10.5,10.5,288.3,283.7,1007.2,1007.0,-6.21,303.4,-0.02,32.5365,9.158,452.9,33.7,1483.841, NAN, NAN, NAN, NAN,,2024/04/05 07:47:47.901,2024-04-05 07:47:47.901000+00:00
2024/04/05, 07:48:47.901,36.056,-74.836,10.02,181.83,185.56,10.57,9.8,9.8,1004.9,1004.9,0.0,0.0,13.74,11.62,79,76,9.7,10.5,62.5,62.4,10.0,10.4,292.7,287.9,1007.0,1007.0,-6.27,303.81,-0.01,32.5267,9.1666,460.4,31.9,1483.861, NAN, NAN, NAN, NAN,,2024/04/05 07:48:47.901,2024-04-05 07:48:47.901000+00:00
2024/04/05, 07:49:47.901,36.053,-74.836,10.26,182.59,184.71,10.54,9.8,9.8,1004.6,1004.9,0.0,0.0,13.74,11.62,72,69,10.6,10.8,63.3,63.3,10.1,10.0,284.8,281.5,1006.7,1007.0,-6.17,304.1,-0.01,32.5164,9.173,477.9,31.7,1483.872, NAN, NAN, NAN, NAN,,2024/04/05 07:49:47.901,2024-04-05 07:49:47.901000+00:00
2024/04/05, 07:50:47.901,36.051,-74.836,10.01,180.27,182.23,9.87,9.8,9.8,1005.1,1005.1,0.0,0.0,13.74,11.62,80,74,10.6,11.0,64.4,64.2,10.8,10.7,287.6,281.3,1007.2,1007.2,-6.28,304.25,-0.01,32.5106,9.1782,491.0,31.2,1483.884, NAN, NAN, NAN, NAN,,2024/04/05 07:50:47.901,2024-04-05 07:50:47.901000+00:00
2024/04/05, 07:51:47.901,36.048,-74.836,9.49,181.68,180.48,9.13,9.8,9.8,1004.9,1004.9,0.0,0.0,13.74,11.62,78,75,11.5,11.6,63.2,63.2,11.5,11.3,283.2,280.3,1007.0,1007.0,-6.25,304.66,-0.02,32.5029,9.1928,499.8,31.7,1483.928, NAN, NAN, NAN, NAN,,2024/04/05 07:51:47.901,2024-04-05 07:51:47.901000+00:00
2024/04/05, 07:52:47.901,36.045,-74.836,9.73,181.27,183.59,10.45,9.8,9.8,1004.8,1005.1,0.0,0.0,13.74,11.62,78,74,10.6,11.1,63.7,63.6,10.6,10.7,288.6,283.7,1006.9,1007.2,-6.24,304.39,-0.01,32.4996,9.2127,518.5,32.1,1483.998, NAN, NAN, NAN, NAN,,2024/04/05 07:52:47.901,2024-04-05 07:52:47.901000+00:00
2024/04/05, 07:53:47.901,36.042,-74.836,10.25,181.54,186.38,10.32,9.8,9.8,1004.9,1005.1,0.0,0.0,13.74,11.62,79,75,11.9,12.3,64.1,64.0,11.8,11.8,286.4,281.9,1007.0,1007.2,-6.24,304.47,-0.01,32.4754,9.2459,516.3,32.5,1484.09, NAN, NAN, NAN, NAN,,2024/04/05 07:53:47.901,2024-04-05 07:53:47.901000+00:00
2024/04/05, 07:54:47.902,36.039,-74.837,10.35,181.56,181.27,10.5,9.8,9.8,1005.0,1004.9,0.0,0.0,13.74,11.62,74,70,10.5,10.8,63.2,63.3,10.3,10.2,285.6,281.2,1007.1,1007.0,-6.07,305.18,-0.01,32.4994,9.2748,515.6,31.8,1484.226, NAN, NAN, NAN, NAN,,2024/04/05 07:54:47.902,2024-04-05 07:54:47.902000+00:00
2024/04/05, 07:55:47.902,36.036,-74.837,10.33,181.55,185.38,10.92,9.8,9.9,1005.1,1004.9,0.0,0.0,13.74,11.62,76,71,10.0,10.5,63.0,62.9,10.0,10.0,290.1,284.3,1007.2,1007.0,-6.14,305.91,-0.01,32.4966,9.2993,512.1,31.8,1484.313, NAN, NAN, NAN, NAN,,2024/04/05 07:55:47.902,2024-04-05 07:55:47.902000+00:00
2024/04/05, 07:56:47.902,36.034,-74.837,9.84,180.7,182.33,9.53,9.8,9.9,1004.9,1005.0,0.0,0.0,13.74,11.62,77,72,10.1,10.6,64.5,64.6,10.1,10.1,285.8,280.0,1007.0,1007.1,-6.19,306.3,-0.01,32.5172,9.318,555.6,31.3,1484.407, NAN, NAN, NAN, NAN,,2024/04/05 07:56:47.902,2024-04-05 07:56:47.902000+00:00
2024/04/05, 07:57:47.902,36.031,-74.837,10.03,180.44,180.7,10.25,9.8,9.8,1004.8,1005.1,0.0,0.0,13.74,11.62,77,73,11.5,11.2,61.5,61.7,11.5,10.9,283.9,281.0,1006.9,1007.2,-6.17,306.76,-0.02,32.5134,9.3353,507.5,32.3,1484.466, NAN, NAN, NAN, NAN,,2024/04/05 07:57:47.902,2024-04-05 07:57:47.902000+00:00
2024/04/05, 07:58:47.902,36.028,-74.837,10.24,180.75,183.09,10.5,9.8,9.9,1005.1,1005.0,0.0,0.0,13.74,11.62,78,77,11.2,11.6,61.9,61.6,11.3,11.5,286.5,284.7,1007.2,1007.1,-6.05,307.07,-0.01,32.5247,9.352,496.1,32.2,1484.541, NAN, NAN, NAN, NAN,,2024/04/05 07:58:47.902,2024-04-05 07:58:47.902000+00:00
2024/04/05, 07:59:47.902,36.025,-74.837,10.12,180.19,183.35,10.03,9.8,9.9,1005.2,1004.8,0.0,0.0,13.74,11.62,84,80,11.2,11.9,61.0,60.9,11.5,11.8,290.4,285.4,1007.3,1006.9,-6.08,307.22,-0.02,32.5274,9.3573,491.0,31.5,1484.564, NAN, NAN, NAN, NAN,,2024/04/05 07:59:47.902,2024-04-05 07:59:47.902000+00:00
2024/04/05, 08:00:47.902,36.022,-74.837,10.07,181.1,180.82,10.39,9.8,9.9,1004.8,1004.8,0.0,0.0,13.74,11.62,81,78,11.1,11.2,61.4,61.4,11.5,11.3,289.4,286.5,1006.9,1006.9,-6.05,307.41,-0.02,32.5274,9.3484,482.2,32.1,1484.531, NAN, NAN, NAN, NAN,,2024/04/05 08:00:47.902,2024-04-05 08:00:47.902000+00:00
2024/04/05, 08:01:47.902,36.019,-74.838,10.03,181.57,183.99,10.55,9.8,9.9,1004.8,1005.1,0.0,0.0,13.74,11.62,83,80,11.9,12.1,61.4,61.2,12.4,12.3,290.3,287.3,1006.9,1007.2,-6.14,307.28,-0.02,32.5389,9.3373,470.2,31.9,1484.504, NAN, NAN, NAN, NAN,,2024/04/05 08:01:47.902,2024-04-05 08:01:47.902000+00:00
2024/04/05, 08:02:47.902,36.016,-74.838,10.28,181.05,178.54,10.63,9.8,9.9,1005.0,1004.8,0.0,0.0,13.74,11.62,83,79,12.0,12.3,60.3,59.8,12.7,12.6,289.4,285.4,1007.1,1006.9,-6.15,307.76,-0.02,32.5403,9.3319,465.4,32.2,1484.486, NAN, NAN, NAN, NAN,,2024/04/05 08:02:47.902,2024-04-05 08:02:47.902000+00:00
2024/04/05, 08:03:47.902,36.013,-74.838,10.09,181.13,184.43,10.25,9.9,9.9,1004.8,1004.8,0.0,0.0,13.74,11.62,78,75,11.8,11.7,62.6,62.4,11.7,11.3,285.1,282.5,1006.9,1006.9,-6.07,307.91,-0.02,32.5411,9.3334,462.7,31.4,1484.493, NAN, NAN, NAN, NAN,,2024/04/05 08:03:47.902,2024-04-05 08:03:47.902000+00:00
2024/04/05, 08:04:47.902,36.011,-74.838,9.82,180.45,180.89,9.13,9.8,9.9,1005.0,1004.8,0.0,0.0,13.74,11.62,84,81,11.1,11.5,59.3,59.4,11.6,11.7,288.2,284.7,1007.1,1006.9,-6.14,308.23,-0.02,32.5317,9.3377,466.0,31.1,1484.497, NAN, NAN, NAN, NAN,,2024/04/05 08:04:47.902,2024-04-05 08:04:47.902000+00:00
2024/04/05, 08:05:47.902,36.008,-74.838,9.22,180.91,183.04,9.67,9.9,9.9,1004.9,1004.6,0.0,0.0,13.74,11.62,83,78,11.6,11.6,61.2,61.1,11.9,11.5,288.3,283.8,1007.0,1006.7,-6.05,308.77,-0.02,32.5358,9.3571,490.7,30.6,1484.573, NAN, NAN, NAN, NAN,,2024/04/05 08:05:47.902,2024-04-05 08:05:47.902000+00:00
2024/04/05, 08:06:47.902,36.005,-74.838,9.65,180.3,182.81,9.87,9.9,9.9,1005.2,1004.7,0.0,0.0,13.74,11.62,80,78,11.7,12.1,60.4,60.2,11.7,11.9,285.3,282.7,1007.3,1006.8,-6.03,309.41,-0.01,32.5258,9.3709,488.0,31.0,1484.612, NAN, NAN, NAN, NAN,,2024/04/05 08:06:47.902,2024-04-05 08:06:47.902000+00:00
2024/04/05, 08:07:47.902,36.002,-74.838,9.83,180.82,186.72,9.42,9.9,9.9,1004.6,1005.0,0.0,0.0,13.74,11.62,83,82,10.8,11.4,60.1,60.0,11.0,11.5,289.5,287.3,1006.7,1007.1,-6.03,309.82,-0.02,32.5257,9.408,495.8,30.4,1484.748, NAN, NAN, NAN, NAN,,2024/04/05 08:07:47.902,2024-04-05 08:07:47.902000+00:00
2024/04/05, 08:08:47.902,36.0,-74.838,9.62,180.4,180.77,10.29,9.9,9.9,1004.8,1004.8,0.0,0.0,13.74,11.62,82,80,11.8,11.8,60.1,60.8,12.1,11.9,287.9,286.2,1006.9,1006.9,-6.13,309.89,-0.01,32.5234,9.4405,489.1,31.6,1484.864, NAN, NAN, NAN, NAN,,2024/04/05 08:08:47.902,2024-04-05 08:08:47.902000+00:00
2024/04/05, 08:09:47.903,35.997,-74.838,10.0,180.39,183.23,9.47,9.9,9.9,1005.0,1004.8,0.0,0.0,13.74,11.62,86,82,10.6,11.1,58.7,58.6,11.3,11.4,291.9,287.3,1007.1,1006.9,-6.13,310.25,-0.01,32.5263,9.4761,495.3,30.8,1484.998, NAN, NAN, NAN, NAN,,2024/04/05 08:09:47.903,2024-04-05 08:09:47.903000+00:00
2024/04/05, 08:10:47.903,35.994,-74.839,9.83,179.37,183.88,9.7,9.9,9.9,1004.8,1004.8,0.0,0.0,13.74,11.62,82,79,8.4,9.3,60.0,59.9,9.0,9.5,294.6,289.2,1006.9,1006.9,-6.03,310.88,-0.02,32.5178,9.5114,513.6,31.0,1485.117, NAN, NAN, NAN, NAN,,2024/04/05 08:10:47.903,2024-04-05 08:10:47.903000+00:00
2024/04/05, 08:11:47.903,35.991,-74.839,10.12,180.76,181.78,10.5,9.9,9.9,1004.9,1004.9,0.0,0.0,13.74,11.62,80,75,11.4,11.5,64.1,64.2,11.6,11.3,287.8,283.2,1007.0,1007.0,-6.14,310.75,-0.02,32.5248,9.5734,518.2,31.5,1485.352, NAN, NAN, NAN, NAN,,2024/04/05 08:11:47.903,2024-04-05 08:11:47.903000+00:00
2024/04/05, 08:12:47.903,35.988,-74.839,10.54,181.55,179.8,10.61,9.8,9.9,1004.7,1004.8,0.0,0.0,13.74,11.62,86,82,11.4,12.0,61.1,60.8,12.3,12.5,293.8,289.2,1006.8,1006.9,-6.22,310.92,-0.02,32.5376,9.6174,531.3,31.7,1485.528, NAN, NAN, NAN, NAN,,2024/04/05 08:12:47.903,2024-04-05 08:12:47.903000+00:00
2024/04/05, 08:13:47.903,35.985,-74.839,10.36,181.07,181.36,10.65,9.8,9.8,1005.0,1004.8,0.0,0.0,13.74,11.62,81,76,10.1,10.4,61.3,61.3,10.7,10.5,292.3,287.4,1007.1,1006.9,-6.14,310.92,-0.02,32.5401,9.7274,535.2,31.2,1485.932, NAN, NAN, NAN, NAN,,2024/04/05 08:13:47.903,2024-04-05 08:13:47.903000+00:00
2024/04/05, 08:14:47.903,35.983,-74.839,10.39,181.44,180.3,10.44,9.8,9.8,1004.8,1004.8,0.0,0.0,13.74,11.62,83,82,11.1,11.5,61.4,61.4,11.8,12.1,291.4,289.6,1006.9,1006.9,-6.17,310.85,-0.02,32.5457,9.8301,535.8,31.7,1486.312, NAN, NAN, NAN, NAN,,2024/04/05 08:14:47.903,2024-04-05 08:14:47.903000+00:00
2024/04/05, 08:15:47.903,35.98,-74.839,10.5,180.18,181.28,10.97,9.8,9.8,1004.9,1004.9,0.0,0.0,13.74,11.62,85,82,10.0,10.4,60.5,60.5,11.0,11.1,295.9,292.5,1007.0,1007.0,-6.12,310.21,-0.02,32.5444,9.9208,533.7,31.9,1486.64, NAN, NAN, NAN, NAN,,2024/04/05 08:15:47.903,2024-04-05 08:15:47.903000+00:00
2024/04/05, 08:16:47.903,35.977,-74.839,10.41,180.34,179.58,10.58,9.8,9.8,1004.8,1004.9,0.0,0.0,13.74,11.62,87,84,10.3,11.2,60.7,60.8,11.2,11.8,296.2,291.6,1006.9,1007.0,-6.17,309.46,-0.02,32.5607,9.9695,515.5,31.8,1486.836, NAN, NAN, NAN, NAN,,2024/04/05 08:16:47.903,2024-04-05 08:16:47.903000+00:00
2024/04/05, 08:17:47.903,35.974,-74.839,10.25,181.14,183.77,10.2,9.8,9.8,1004.8,1004.9,0.0,0.0,13.74,11.62,88,84,11.5,11.7,60.8,61.0,12.4,12.3,294.0,290.2,1006.9,1007.0,-6.11,308.75,-0.02,32.5783,10.0012,487.0,31.6,1486.972, NAN, NAN, NAN, NAN,,2024/04/05 08:17:47.903,2024-04-05 08:17:47.903000+00:00
2024/04/05, 08:18:47.903,35.971,-74.84,10.14,179.67,182.93,10.6,9.8,9.8,1004.7,1004.8,0.0,0.0,13.74,11.62,90,86,12.2,12.5,60.7,59.6,13.2,13.2,294.0,290.0,1006.8,1006.9,-6.21,308.05,-0.02,32.5892,10.0845,471.8,31.4,1487.286, NAN, NAN, NAN, NAN,,2024/04/05 08:18:47.903,2024-04-05 08:18:47.903000+00:00
2024/04/05, 08:19:47.903,35.968,-74.84,10.45,181.28,180.68,10.08,9.8,9.8,1004.8,1004.7,0.0,0.0,13.74,11.62,93,89,12.2,12.0,60.3,60.5,13.5,13.0,296.8,293.7,1006.9,1006.8,-6.08,307.47,-0.02,32.595,10.2076,459.5,31.4,1487.736, NAN, NAN, NAN, NAN,,2024/04/05 08:19:47.903,2024-04-05 08:19:47.903000+00:00
2024/04/05, 08:20:47.903,35.965,-74.84,10.22,180.91,183.71,10.62,9.8,9.8,1004.9,1004.9,0.0,0.0,13.74,11.62,91,87,11.6,12.3,59.3,59.2,12.8,13.1,297.2,292.5,1007.0,1007.0,-6.18,306.49,-0.02,32.5953,10.3628,448.9,31.5,1488.293, NAN, NAN, NAN, NAN,,2024/04/05 08:20:47.903,2024-04-05 08:20:47.903000+00:00
2024/04/05, 08:21:47.903,35.962,-74.84,9.8,180.31,180.94,10.17,9.8,9.8,1004.9,1004.8,0.0,0.0,13.74,11.62,92,88,10.8,11.2,57.3,57.2,12.1,12.1,297.9,293.8,1007.0,1006.9,-6.13,305.16,-0.02,32.6108,10.4576,433.1,31.2,1488.651, NAN, NAN, NAN, NAN,,2024/04/05 08:21:47.903,2024-04-05 08:21:47.903000+00:00
2024/04/05, 08:22:47.903,35.959,-74.84,10.32,179.68,185.12,10.74,9.8,9.9,1005.1,1005.0,0.0,0.0,13.74,11.62,93,89,9.7,9.9,59.8,59.7,11.1,11.0,302.4,298.8,1007.2,1007.1,-6.22,304.1,-0.02,32.6328,10.4588,423.2,31.9,1488.682, NAN, NAN, NAN, NAN,,2024/04/05 08:22:47.903,2024-04-05 08:22:47.903000+00:00
2024/04/05, 08:23:47.903,35.956,-74.84,10.17,181.21,180.65,10.56,9.9,9.9,1005.0,1005.0,0.0,0.0,13.74,11.62,85,81,10.4,11.2,63.7,63.7,11.3,11.7,294.7,289.5,1007.1,1007.1,-6.29,302.88,-0.02,32.6565,10.4077,404.6,31.4,1488.528, NAN, NAN, NAN, NAN,,2024/04/05 08:23:47.903,2024-04-05 08:23:47.903000+00:00
2024/04/05, 08:24:47.904,35.954,-74.84,10.48,181.31,181.83,10.37,9.8,9.9,1004.9,1004.9,0.0,0.0,13.74,11.62,88,84,10.4,11.1,62.1,62.0,11.5,11.7,297.0,292.1,1007.0,1007.0,-6.23,301.63,-0.02,32.6653,10.3492,400.1,31.9,1488.329, NAN, NAN, NAN, NAN,,2024/04/05 08:24:47.904,2024-04-05 08:24:47.904000+00:00
2024/04/05, 08:25:47.904,35.951,-74.84,10.54,180.58,180.51,10.8,9.8,9.9,1004.9,1004.8,0.0,0.0,13.74,11.62,88,84,10.2,10.5,59.9,60.0,11.3,11.2,297.9,294.0,1007.0,1006.9,-6.37,301.3,-0.01,32.6505,10.3166,393.6,32.3,1488.194, NAN, NAN, NAN, NAN,,2024/04/05 08:25:47.904,2024-04-05 08:25:47.904000+00:00
2024/04/05, 08:26:47.904,35.948,-74.84,10.53,180.38,180.44,10.55,9.8,9.9,1004.9,1004.9,0.0,0.0,13.74,11.62,91,86,9.4,10.0,60.4,60.3,10.9,11.0,301.3,295.9,1007.0,1007.0,-6.23,301.3,-0.02,32.625,10.2769,388.1,32.0,1488.021, NAN, NAN, NAN, NAN,,2024/04/05 08:26:47.904,2024-04-05 08:26:47.904000+00:00
2024/04/05, 08:27:47.904,35.945,-74.84,10.88,181.04,183.47,10.6,9.8,9.9,1004.9,1005.0,0.0,0.0,13.74,11.62,88,86,10.3,11.0,61.6,61.8,11.5,11.9,297.3,294.1,1007.0,1007.1,-6.3,301.18,-0.02,32.5998,10.2121,392.1,32.3,1487.758, NAN, NAN, NAN, NAN,,2024/04/05 08:27:47.904,2024-04-05 08:27:47.904000+00:00
2024/04/05, 08:28:47.904,35.942,-74.84,10.64,180.91,180.69,10.62,9.9,9.9,1004.9,1004.9,0.0,0.0,13.74,11.62,93,88,9.1,9.9,60.5,60.5,10.7,11.0,304.5,298.6,1007.0,1007.0,-6.27,301.59,-0.02,32.5807,10.1715,386.7,32.1,1487.589, NAN, NAN, NAN, NAN,,2024/04/05 08:28:47.904,2024-04-05 08:28:47.904000+00:00
2024/04/05, 08:29:47.904,35.939,-74.841,10.92,179.78,177.23,10.52,9.9,9.9,1005.0,1004.7,0.0,0.0,13.74,11.62,90,85,9.3,9.6,61.0,61.1,10.8,10.6,299.8,295.2,1007.1,1006.8,-6.25,301.94,-0.02,32.5666,10.1406,387.0,32.4,1487.46, NAN, NAN, NAN, NAN,,2024/04/05 08:29:47.904,2024-04-05 08:29:47.904000+00:00
2024/04/05, 08:30:47.904,35.936,-74.841,10.71,181.91,181.21,10.62,9.9,9.9,1004.9,1004.9,0.0,0.0,13.74,11.62,89,84,9.1,9.5,62.5,62.3,10.5,10.4,302.4,297.4,1007.0,1007.0,-6.33,301.91,-0.01,32.5431,10.1411,388.1,32.0,1487.433, NAN, NAN, NAN, NAN,,2024/04/05 08:30:47.904,2024-04-05 08:30:47.904000+00:00
2024/04/05, 08:31:47.904,35.933,-74.841,10.31,181.49,183.47,8.99,9.8,9.9,1004.9,1004.9,0.0,0.0,13.74,11.62,88,84,8.0,8.8,64.3,64.4,9.1,9.5,299.9,294.4,1007.0,1007.0,-6.39,302.1,-0.01,32.5213,10.0778,390.8,31.5,1487.179, NAN, NAN, NAN, NAN,,2024/04/05 08:31:47.904,2024-04-05 08:31:47.904000+00:00
2024/04/05, 08:32:47.904,35.931,-74.841,9.84,179.68,185.09,9.33,9.8,9.8,1004.9,1005.1,0.0,0.0,13.74,11.62,86,82,9.1,9.6,66.7,66.8,9.8,9.9,294.9,290.1,1007.0,1007.2,-6.36,301.88,-0.01,32.5088,10.0318,389.7,31.7,1486.998, NAN, NAN, NAN, NAN,,2024/04/05 08:32:47.904,2024-04-05 08:32:47.904000+00:00
2024/04/05, 08:33:47.904,35.928,-74.841,9.73,181.66,182.6,9.48,9.8,9.8,1005.0,1004.8,0.0,0.0,13.74,11.62,91,86,10.5,11.1,66.1,66.2,11.7,11.8,297.4,292.0,1007.1,1006.9,-6.42,300.66,-0.01,32.503,10.0166,382.4,31.7,1486.936, NAN, NAN, NAN, NAN,,2024/04/05 08:33:47.904,2024-04-05 08:33:47.904000+00:00
2024/04/05, 08:34:47.904,35.925,-74.841,10.34,181.79,184.15,10.11,9.8,9.8,1004.7,1004.8,0.0,0.0,13.74,11.62,88,81,9.0,9.6,60.1,60.0,10.1,10.0,300.7,293.4,1006.8,1006.9,-6.38,299.72,-0.01,32.4207,10.0128,389.4,32.6,1486.822, NAN, NAN, NAN, NAN,,2024/04/05 08:34:47.904,2024-04-05 08:34:47.904000+00:00
2024/04/05, 08:35:47.904,35.923,-74.841,10.17,180.58,178.33,8.97,9.8,9.8,1004.8,1005.1,0.0,0.0,13.74,11.62,99,94,9.9,9.6,59.4,59.2,11.6,10.9,302.8,299.4,1006.9,1007.2,-6.29,298.61,-0.01,32.3433,10.0098,393.4,31.4,1486.717, NAN, NAN, NAN, NAN,,2024/04/05 08:35:47.904,2024-04-05 08:35:47.904000+00:00
2024/04/05, 08:36:47.904,35.92,-74.841,10.23,181.46,180.87,9.41,9.8,9.8,1004.9,1005.1,0.0,0.0,13.74,11.62,95,92,10.3,10.2,59.2,58.8,11.8,11.5,300.6,298.4,1007.0,1007.2,-6.39,297.17,-0.02,32.3031,10.0066,406.7,32.1,1486.657, NAN, NAN, NAN, NAN,,2024/04/05 08:36:47.904,2024-04-05 08:36:47.904000+00:00
2024/04/05, 08:37:47.904,35.917,-74.841,10.29,180.52,184.36,9.92,9.8,9.8,1005.1,1004.8,0.0,0.0,13.74,11.62,95,91,10.3,10.1,58.4,59.6,11.7,11.2,301.3,298.6,1007.2,1006.9,-6.36,295.5,-0.01,32.2827,10.0091,396.4,31.7,1486.641, NAN, NAN, NAN, NAN,,2024/04/05 08:37:47.904,2024-04-05 08:37:47.904000+00:00
2024/04/05, 08:38:47.904,35.915,-74.842,9.95,179.73,181.68,9.39,9.8,9.8,1004.8,1004.9,0.0,0.0,13.74,11.62,94,90,9.3,9.7,59.8,60.0,10.6,10.6,300.8,296.7,1006.9,1007.0,-6.29,294.14,-0.02,32.2747,10.019,394.5,31.3,1486.667, NAN, NAN, NAN, NAN,,2024/04/05 08:38:47.904,2024-04-05 08:38:47.904000+00:00
2024/04/05, 08:39:47.904,35.912,-74.842,9.96,181.41,180.84,9.76,9.8,9.8,1004.8,1004.8,0.0,0.0,13.74,11.62,93,88,10.8,11.0,61.2,61.0,12.0,11.8,299.1,294.6,1006.9,1006.9,-6.48,293.15,-0.01,32.2706,10.0401,397.2,31.8,1486.738, NAN, NAN, NAN, NAN,,2024/04/05 08:39:47.904,2024-04-05 08:39:47.904000+00:00
2024/04/05, 08:40:47.905,35.909,-74.842,10.17,182.07,184.79,9.61,9.8,9.8,1004.9,1005.0,0.0,0.0,13.74,11.62,98,91,10.3,10.2,58.9,58.9,11.9,11.3,304.4,299.0,1007.0,1007.1,-6.47,292.81,-0.02,32.2529,10.0579,395.5,31.4,1486.781, NAN, NAN, NAN, NAN,,2024/04/05 08:40:47.905,2024-04-05 08:40:47.905000+00:00
2024/04/05, 08:41:47.905,35.907,-74.842,10.43,180.45,178.87,9.89,9.8,9.8,1005.1,1005.1,0.0,0.0,13.74,11.62,90,85,9.9,10.4,62.2,62.2,11.1,11.1,297.7,292.5,1007.2,1007.2,-6.38,292.52,-0.02,32.2184,10.1065,401.9,32.1,1486.914, NAN, NAN, NAN, NAN,,2024/04/05 08:41:47.905,2024-04-05 08:41:47.905000+00:00
2024/04/05, 08:42:47.905,35.904,-74.842,10.41,181.05,179.79,9.92,9.8,9.8,1004.9,1005.1,0.0,0.0,13.74,11.62,87,87,8.6,9.8,62.6,62.8,9.9,10.9,299.1,295.9,1007.0,1007.2,-6.43,292.81,-0.01,32.1739,10.1941,396.9,31.9,1487.176, NAN, NAN, NAN, NAN,,2024/04/05 08:42:47.905,2024-04-05 08:42:47.905000+00:00
2024/04/05, 08:43:47.905,35.901,-74.842,9.6,180.76,178.69,8.93,9.8,9.8,1005.4,1005.1,0.0,0.0,13.74,11.62,89,84,8.4,8.8,61.6,61.6,9.5,9.5,298.7,293.6,1007.5,1007.2,-6.53,293.11,-0.02,32.1426,10.3379,394.5,31.2,1487.655, NAN, NAN, NAN, NAN,,2024/04/05 08:43:47.905,2024-04-05 08:43:47.905000+00:00
2024/04/05, 08:44:47.905,35.899,-74.842,10.06,181.24,181.95,9.41,9.8,9.8,1005.1,1005.0,0.0,0.0,13.74,11.62,89,83,7.7,8.4,64.3,64.3,9.0,9.2,302.6,295.8,1007.2,1007.1,-6.56,293.07,-0.01,32.0879,10.6379,403.6,32.0,1488.661, NAN, NAN, NAN, NAN,,2024/04/05 08:44:47.905,2024-04-05 08:44:47.905000+00:00
2024/04/05, 08:45:47.905,35.896,-74.842,9.8,183.47,185.27,9.48,9.8,9.8,1005.2,1005.2,0.0,0.0,13.74,11.62,84,80,7.7,8.2,66.0,64.5,8.6,8.7,301.8,296.9,1007.3,1007.3,-6.56,293.36,-0.01,32.0502,10.85,403.2,31.4,1489.369, NAN, NAN, NAN, NAN,,2024/04/05 08:45:47.905,2024-04-05 08:45:47.905000+00:00
2024/04/05, 08:46:47.905,35.893,-74.843,10.21,180.8,182.46,9.85,9.8,9.8,1005.1,1005.1,0.0,0.0,13.74,11.62,93,85,7.1,7.5,65.6,65.6,8.8,8.5,308.9,301.9,1007.2,1007.2,-6.57,293.31,-0.01,32.031,11.1411,406.2,31.7,1490.374, NAN, NAN, NAN, NAN,,2024/04/05 08:46:47.905,2024-04-05 08:46:47.905000+00:00
2024/04/05, 08:47:47.905,35.891,-74.843,10.18,182.91,184.14,9.81,9.8,9.8,1004.9,1005.3,0.0,0.0,13.74,11.62,90,83,8.4,8.9,66.2,66.2,9.8,9.7,304.0,297.1,1007.0,1007.4,-6.62,293.09,-0.01,32.0645,11.3507,400.1,31.2,1491.149, NAN, NAN, NAN, NAN,,2024/04/05 08:47:47.905,2024-04-05 08:47:47.905000+00:00
2024/04/05, 08:48:47.905,35.888,-74.843,10.49,183.11,184.77,10.29,9.8,9.8,1005.1,1005.1,0.0,0.0,13.74,11.62,84,79,8.3,9.1,66.8,68.1,9.3,9.5,301.7,295.1,1007.2,1007.2,-6.65,293.06,-0.01,32.0911,11.5522,396.4,31.7,1491.884, NAN, NAN, NAN, NAN,,2024/04/05 08:48:47.905,2024-04-05 08:48:47.905000+00:00
2024/04/05, 08:49:47.905,35.885,-74.843,10.39,182.54,181.75,10.15,9.8,9.8,1005.2,1005.1,0.0,0.0,13.74,11.62,85,84,8.1,8.4,65.9,65.8,9.4,9.5,301.3,299.6,1007.3,1007.2,-6.55,293.32,-0.01,32.1147,11.5786,394.2,31.7,1492.004, NAN, NAN, NAN, NAN,,2024/04/05 08:49:47.905,2024-04-05 08:49:47.905000+00:00
2024/04/05, 08:50:47.905,35.882,-74.843,9.93,182.68,181.83,10.08,9.8,9.8,1005.2,1004.9,0.0,0.0,13.74,11.62,95,88,9.0,9.1,64.3,64.4,10.7,10.3,306.4,300.9,1007.3,1007.0,-6.46,293.45,-0.01,32.1215,11.4019,384.1,31.2,1491.397, NAN, NAN, NAN, NAN,,2024/04/05 08:50:47.905,2024-04-05 08:50:47.905000+00:00
2024/04/05, 08:51:47.905,35.88,-74.843,10.09,182.72,184.6,9.8,9.8,9.8,1005.2,1005.1,0.0,0.0,13.74,11.62,88,85,8.4,9.2,65.3,65.5,9.4,9.9,302.9,298.1,1007.3,1007.2,-6.46,293.78,-0.01,32.1212,11.676,376.3,31.3,1492.35, NAN, NAN, NAN, NAN,,2024/04/05 08:51:47.905,2024-04-05 08:51:47.905000+00:00
2024/04/05, 08:52:47.905,35.877,-74.844,10.31,181.67,180.62,9.79,9.8,9.9,1005.1,1005.0,0.0,0.0,13.74,11.62,90,86,7.8,8.6,64.4,64.6,9.3,9.6,304.6,299.1,1007.2,1007.1,-6.5,293.64,-0.01,32.0904,11.8356,372.9,31.7,1492.866, NAN, NAN, NAN, NAN,,2024/04/05 08:52:47.905,2024-04-05 08:52:47.905000+00:00
2024/04/05, 08:53:47.905,35.874,-74.844,10.02,182.08,183.36,9.94,9.9,9.9,1005.1,1005.2,0.0,0.0,13.74,11.62,90,85,8.9,9.4,64.0,64.1,10.2,10.2,302.1,296.9,1007.2,1007.3,-6.5,293.51,-0.01,32.0273,11.8609,376.8,31.5,1492.878, NAN, NAN, NAN, NAN,,2024/04/05 08:53:47.905,2024-04-05 08:53:47.905000+00:00
2024/04/05, 08:54:47.905,35.872,-74.844,10.33,182.15,184.45,9.68,9.9,9.9,1005.1,1005.2,0.0,0.0,13.74,11.62,82,80,8.8,9.0,62.0,61.9,9.5,9.5,295.4,293.2,1007.2,1007.3,-6.47,293.42,-0.01,32.0719,11.8633,377.4,31.8,1492.94, NAN, NAN, NAN, NAN,,2024/04/05 08:54:47.905,2024-04-05 08:54:47.905000+00:00
2024/04/05, 08:55:47.905,35.869,-74.844,10.04,182.22,181.1,9.21,9.9,9.9,1005.3,1005.2,0.0,0.0,13.74,11.62,91,85,7.4,8.4,62.9,62.9,9.0,9.4,305.1,297.5,1007.4,1007.3,-6.52,293.68,-0.01,32.0886,11.8197,367.8,31.4,1492.809, NAN, NAN, NAN, NAN,,2024/04/05 08:55:47.905,2024-04-05 08:55:47.905000+00:00
2024/04/05, 08:56:47.906,35.866,-74.844,10.14,182.74,183.49,9.56,9.9,9.9,1005.3,1004.9,0.0,0.0,13.74,11.62,90,86,9.7,10.2,66.3,66.5,10.8,11.0,299.7,295.3,1007.4,1007.0,-6.47,293.12,-0.01,32.0662,11.7565,364.1,31.0,1492.564, NAN, NAN, NAN, NAN,,2024/04/05 08:56:47.906,2024-04-05 08:56:47.906000+00:00
2024/04/05, 08:57:47.906,35.864,-74.844,10.0,183.71,186.24,9.0,9.9,9.9,1005.1,1004.9,0.0,0.0,13.74,11.62,92,89,12.0,12.0,62.9,62.9,12.9,12.7,296.7,294.1,1007.2,1007.0,-6.48,292.61,-0.01,32.0334,11.6203,361.7,31.4,1492.052, NAN, NAN, NAN, NAN,,2024/04/05 08:57:47.906,2024-04-05 08:57:47.906000+00:00
2024/04/05, 08:58:47.906,35.861,-74.845,10.2,182.25,181.12,9.75,9.8,9.9,1005.1,1005.1,0.0,0.0,13.74,11.62,103,97,10.6,9.9,57.8,57.5,12.8,11.8,307.4,304.2,1007.2,1007.2,-6.45,292.73,-0.01,31.9907,11.6162,370.5,31.9,1491.987, NAN, NAN, NAN, NAN,,2024/04/05 08:58:47.906,2024-04-05 08:58:47.906000+00:00
2024/04/05, 08:59:47.906,35.858,-74.845,10.36,181.16,186.16,9.82,9.9,9.9,1005.2,1005.1,0.0,0.0,13.74,11.62,104,97,10.0,9.7,61.3,61.4,12.1,11.4,309.1,304.4,1007.3,1007.2,-6.46,292.55,-0.01,31.947,11.6223,360.0,31.4,1491.955, NAN, NAN, NAN, NAN,,2024/04/05 08:59:47.906,2024-04-05 08:59:47.906000+00:00
2024/04/05, 09:00:47.906,35.856,-74.845,10.21,182.36,179.74,9.2,9.9,9.9,1005.4,1005.1,0.0,0.0,13.74,11.62,95,89,7.7,7.9,62.2,62.0,9.5,9.2,307.1,302.2,1007.5,1007.2,-6.53,293.27,-0.01,31.9057,11.6066,359.6,31.0,1491.851, NAN, NAN, NAN, NAN,,2024/04/05 09:00:47.906,2024-04-05 09:00:47.906000+00:00
2024/04/05, 09:01:47.906,35.853,-74.845,10.24,181.95,184.83,9.85,9.9,9.9,1005.2,1005.2,0.0,0.0,13.74,11.62,90,83,7.3,8.0,62.7,62.7,8.7,8.8,307.4,299.7,1007.3,1007.3,-6.54,293.35,-0.01,31.9045,11.6028,360.6,31.4,1491.837, NAN, NAN, NAN, NAN,,2024/04/05 09:01:47.906,2024-04-05 09:01:47.906000+00:00
2024/04/05, 09:02:47.906,35.85,-74.845,10.19,182.62,182.87,9.39,9.9,9.9,1005.4,1005.2,0.0,0.0,13.74,11.62,95,88,8.2,8.2,66.0,66.1,9.8,9.3,307.1,301.9,1007.5,1007.3,-6.62,293.74,-0.01,31.8766,11.609,359.3,31.2,1491.825, NAN, NAN, NAN, NAN,,2024/04/05 09:02:47.906,2024-04-05 09:02:47.906000+00:00
2024/04/05, 09:03:47.906,35.847,-74.845,10.22,182.45,182.37,9.75,9.8,9.9,1005.5,1005.1,0.0,0.0,13.74,11.62,94,88,7.3,7.6,63.9,63.8,9.1,8.9,309.9,304.7,1007.6,1007.2,-6.68,293.98,-0.01,31.8576,11.6072,363.6,29.8,1491.796, NAN, NAN, NAN, NAN,,2024/04/05 09:03:47.906,2024-04-05 09:03:47.906000+00:00
2024/04/05, 09:04:47.906,35.845,-74.846,10.43,182.19,180.61,10.02,9.8,9.9,1005.4,1005.4,0.0,0.0,13.74,11.62,91,83,7.5,8.3,64.4,64.3,9.3,9.4,306.8,298.4,1007.5,1007.5,-6.61,293.67,-0.01,31.8322,11.5835,358.4,29.0,1491.683, NAN, NAN, NAN, NAN,,2024/04/05 09:04:47.906,2024-04-05 09:04:47.906000+00:00
2024/04/05, 09:05:47.906,35.842,-74.846,10.4,181.82,183.23,9.54,9.8,9.9,1005.3,1005.1,0.0,0.0,13.74,11.62,99,96,9.9,9.3,62.7,62.8,11.6,10.9,305.5,304.6,1007.4,1007.2,-6.65,293.61,-0.01,31.8072,11.5489,358.4,28.9,1491.533, NAN, NAN, NAN, NAN,,2024/04/05 09:05:47.906,2024-04-05 09:05:47.906000+00:00
2024/04/05, 09:06:47.906,35.839,-74.846,10.47,181.92,184.1,9.6,9.8,9.9,1005.4,1005.3,0.0,0.0,13.74,11.62,91,89,8.0,8.5,62.5,62.5,9.3,9.6,304.8,301.8,1007.5,1007.4,-6.65,293.97,-0.01,31.7766,11.5249,356.0,29.0,1491.412, NAN, NAN, NAN, NAN,,2024/04/05 09:06:47.906,2024-04-05 09:06:47.906000+00:00
2024/04/05, 09:07:47.906,35.837,-74.846,10.5,182.09,187.2,9.61,9.9,9.9,1005.3,1005.5,0.0,0.0,13.74,11.62,97,90,9.7,9.6,64.4,64.2,11.3,10.6,305.0,299.7,1007.4,1007.6,-6.72,294.11,-0.01,31.7334,11.5121,348.6,29.1,1491.316, NAN, NAN, NAN, NAN,,2024/04/05 09:07:47.906,2024-04-05 09:07:47.906000+00:00
2024/04/05, 09:08:47.906,35.834,-74.846,9.85,183.29,184.34,9.19,9.9,9.9,1005.2,1005.5,0.0,0.0,13.74,11.62,93,92,8.8,8.6,63.3,63.1,10.2,9.9,303.9,303.6,1007.3,1007.6,-6.54,294.52,-0.02,31.6858,11.5045,349.6,29.4,1491.232, NAN, NAN, NAN, NAN,,2024/04/05 09:08:47.906,2024-04-05 09:08:47.906000+00:00
2024/04/05, 09:09:47.906,35.831,-74.847,10.22,182.75,185.82,9.53,9.9,9.9,1005.5,1005.4,0.0,0.0,13.74,11.62,101,96,9.6,9.0,60.8,60.5,11.5,10.6,308.6,306.2,1007.6,1007.5,-6.56,294.79,-0.01,31.6481,11.5017,352.6,29.6,1491.177, NAN, NAN, NAN, NAN,,2024/04/05 09:09:47.906,2024-04-05 09:09:47.906000+00:00
2024/04/05, 09:10:47.906,35.829,-74.847,10.14,181.62,183.19,9.65,9.9,9.9,1005.5,1005.1,0.0,0.0,13.74,11.62,92,87,7.9,8.0,59.4,59.3,9.4,9.1,305.6,301.6,1007.6,1007.2,-6.57,294.75,-0.01,31.6221,11.4967,341.9,29.3,1491.129, NAN, NAN, NAN, NAN,,2024/04/05 09:10:47.906,2024-04-05 09:10:47.906000+00:00
2024/04/05, 09:11:47.907,35.826,-74.847,9.82,181.55,180.92,9.29,9.9,9.9,1005.3,1005.1,0.0,0.0,13.74,11.62,101,92,8.9,8.6,62.4,62.5,10.8,9.9,308.4,302.4,1007.4,1007.2,-6.55,294.67,-0.01,31.6046,11.4922,339.2,29.0,1491.092, NAN, NAN, NAN, NAN,,2024/04/05 09:11:47.907,2024-04-05 09:11:47.907000+00:00
2024/04/05, 09:12:47.907,35.823,-74.847,10.18,184.67,182.13,9.65,9.9,9.9,1005.3,1005.4,0.0,0.0,13.74,11.62,98,89,9.0,8.8,62.3,62.1,11.0,10.1,309.2,303.0,1007.4,1007.5,-6.57,294.95,-0.01,31.5865,11.489,335.2,29.5,1491.059, NAN, NAN, NAN, NAN,,2024/04/05 09:12:47.907,2024-04-05 09:12:47.907000+00:00
2024/04/05, 09:13:47.907,35.821,-74.847,9.58,182.0,176.85,9.01,9.9,9.9,1005.3,1005.2,0.0,0.0,13.74,11.62,94,89,8.6,8.9,61.9,62.1,10.1,10.0,303.2,298.5,1007.4,1007.3,-6.55,295.63,-0.01,31.5759,11.4824,328.4,29.0,1491.023, NAN, NAN, NAN, NAN,,2024/04/05 09:13:47.907,2024-04-05 09:13:47.907000+00:00
2024/04/05, 09:14:47.907,35.818,-74.847,9.92,181.99,181.37,9.02,9.9,9.9,1005.5,1005.2,0.0,0.0,13.74,11.62,98,91,8.3,8.1,64.5,64.5,10.0,9.4,307.3,302.7,1007.6,1007.3,-6.52,295.47,-0.01,31.5627,11.4826,328.1,29.5,1491.008, NAN, NAN, NAN, NAN,,2024/04/05 09:14:47.907,2024-04-05 09:14:47.907000+00:00
2024/04/05, 09:15:47.907,35.816,-74.848,9.81,181.52,184.04,8.99,9.9,9.9,1005.5,1005.5,0.0,0.0,13.74,11.62,97,89,7.4,7.9,65.0,65.0,9.1,8.9,309.1,301.6,1007.6,1007.6,-6.65,295.84,-0.02,31.5513,11.4821,325.7,28.6,1490.993, NAN, NAN, NAN, NAN,,2024/04/05 09:15:47.907,2024-04-05 09:15:47.907000+00:00
2024/04/05, 09:16:47.907,35.813,-74.848,9.49,182.97,186.75,8.92,9.9,9.9,1005.2,1005.3,0.0,0.0,13.74,11.62,91,86,7.9,8.1,66.8,66.9,9.0,8.8,304.5,300.0,1007.3,1007.4,-6.65,295.33,-0.01,31.5529,11.4795,326.0,28.1,1490.986, NAN, NAN, NAN, NAN,,2024/04/05 09:16:47.907,2024-04-05 09:16:47.907000+00:00
2024/04/05, 09:17:47.907,35.811,-74.848,9.69,181.69,188.14,9.12,9.8,9.9,1005.3,1005.4,0.0,0.0,13.74,11.62,89,82,6.9,7.6,63.5,63.6,8.0,8.1,306.3,298.3,1007.4,1007.5,-6.65,294.78,-0.01,31.5441,11.4765,326.4,29.0,1490.965, NAN, NAN, NAN, NAN,,2024/04/05 09:17:47.907,2024-04-05 09:17:47.907000+00:00
2024/04/05, 09:18:47.907,35.808,-74.848,9.89,181.26,185.34,9.33,9.8,9.9,1005.3,1005.5,0.0,0.0,13.74,11.62,84,80,7.1,7.7,64.8,65.0,7.9,8.1,302.1,296.6,1007.4,1007.6,-6.66,293.58,-0.01,31.5351,11.4773,324.3,29.0,1490.957, NAN, NAN, NAN, NAN,,2024/04/05 09:18:47.907,2024-04-05 09:18:47.907000+00:00
2024/04/05, 09:19:47.907,35.806,-74.849,9.65,181.51,182.51,9.25,9.9,9.9,1005.3,1005.5,0.0,0.0,13.74,11.62,88,85,6.9,7.3,65.8,66.0,8.2,8.3,305.0,301.3,1007.4,1007.6,-6.62,292.67,-0.01,31.5333,11.4777,323.3,28.4,1490.956, NAN, NAN, NAN, NAN,,2024/04/05 09:19:47.907,2024-04-05 09:19:47.907000+00:00
2024/04/05, 09:20:47.907,35.803,-74.849,9.69,180.96,181.3,8.55,9.8,9.9,1005.3,1005.5,0.0,0.0,13.74,11.62,86,81,7.8,8.4,64.7,64.7,8.6,8.7,297.6,291.6,1007.4,1007.6,-6.69,291.16,-0.01,31.5315,11.4755,328.4,28.9,1490.946, NAN, NAN, NAN, NAN,,2024/04/05 09:20:47.907,2024-04-05 09:20:47.907000+00:00
2024/04/05, 09:21:47.907,35.801,-74.849,9.1,181.77,183.5,8.19,9.9,9.9,1005.5,1005.4,0.0,0.0,13.74,11.62,93,87,8.2,8.4,66.0,66.0,9.3,9.0,301.8,296.4,1007.6,1007.5,-6.7,289.85,-0.01,31.5401,11.4686,320.9,27.7,1490.932, NAN, NAN, NAN, NAN,,2024/04/05 09:21:47.907,2024-04-05 09:21:47.907000+00:00
2024/04/05, 09:22:47.907,35.798,-74.849,9.49,182.75,180.98,9.28,9.9,9.9,1005.5,1005.4,0.0,0.0,13.74,11.62,84,79,8.4,9.0,64.2,63.9,9.2,9.4,297.7,291.8,1007.6,1007.5,-6.72,288.75,-0.01,31.5245,11.4396,337.1,28.7,1490.812, NAN, NAN, NAN, NAN,,2024/04/05 09:22:47.907,2024-04-05 09:22:47.907000+00:00
2024/04/05, 09:23:47.907,35.796,-74.849,9.5,180.88,185.25,9.01,9.9,9.9,1005.5,1005.5,0.0,0.0,13.74,11.62,88,86,7.0,7.2,62.4,62.4,8.1,8.1,303.8,301.6,1007.6,1007.6,-6.68,288.22,-0.01,31.517,11.424,332.8,28.1,1490.749, NAN, NAN, NAN, NAN,,2024/04/05 09:23:47.907,2024-04-05 09:23:47.907000+00:00
2024/04/05, 09:24:47.907,35.794,-74.85,8.93,182.1,189.42,8.37,9.9,9.9,1005.5,1005.6,0.0,0.0,13.74,11.62,95,88,7.8,8.1,63.6,63.6,8.9,8.7,306.0,299.5,1007.6,1007.7,-6.72,286.77,-0.01,31.5207,11.4196,324.3,27.4,1490.738, NAN, NAN, NAN, NAN,,2024/04/05 09:24:47.907,2024-04-05 09:24:47.907000+00:00
2024/04/05, 09:25:47.907,35.791,-74.85,9.49,182.25,188.98,9.27,9.9,9.9,1005.7,1005.5,0.0,0.0,13.74,11.62,85,81,7.4,8.3,63.3,63.2,8.1,8.5,302.7,296.1,1007.8,1007.6,-6.74,286.37,-0.01,31.4743,11.4284,330.0,27.8,1490.713, NAN, NAN, NAN, NAN,,2024/04/05 09:25:47.907,2024-04-05 09:25:47.907000+00:00
2024/04/05, 09:26:47.908,35.789,-74.85,9.69,180.35,182.55,9.79,9.9,9.9,1005.8,1005.6,0.0,0.0,13.74,11.62,84,77,7.0,7.9,65.3,65.5,7.9,8.1,303.1,294.0,1007.9,1007.7,-6.69,285.61,-0.01,31.4461,11.4377,326.7,27.8,1490.711, NAN, NAN, NAN, NAN,,2024/04/05 09:26:47.908,2024-04-05 09:26:47.908000+00:00
2024/04/05, 09:27:47.908,35.786,-74.85,9.9,182.72,181.81,9.3,9.9,9.9,1005.5,1006.0,0.0,0.0,13.74,11.62,79,74,7.7,8.1,66.6,66.6,8.3,8.2,296.3,290.8,1007.6,1008.1,-6.67,285.37,-0.01,31.4373,11.4492,323.3,27.6,1490.741, NAN, NAN, NAN, NAN,,2024/04/05 09:27:47.908,2024-04-05 09:27:47.908000+00:00
2024/04/05, 09:28:47.908,35.783,-74.851,9.98,181.45,184.07,8.91,9.9,9.9,1005.9,1005.6,0.0,0.0,13.74,11.62,79,77,7.1,7.5,68.1,68.0,7.6,7.7,296.7,293.4,1008.0,1007.7,-6.73,285.68,-0.01,31.4425,11.4505,329.7,26.8,1490.752, NAN, NAN, NAN, NAN,,2024/04/05 09:28:47.908,2024-04-05 09:28:47.908000+00:00
2024/04/05, 09:29:47.908,35.781,-74.851,9.35,181.89,184.23,8.97,9.9,9.9,1005.4,1005.8,0.0,0.0,13.74,11.62,84,80,8.5,9.2,68.0,68.1,9.0,9.3,296.2,290.7,1007.5,1007.9,-6.75,285.19,-0.01,31.4648,11.4468,321.7,26.7,1490.766, NAN, NAN, NAN, NAN,,2024/04/05 09:29:47.908,2024-04-05 09:29:47.908000+00:00
2024/04/05, 09:30:47.908,35.778,-74.851,9.57,181.92,184.55,9.41,9.9,9.9,1005.6,1005.8,0.0,0.0,13.74,11.62,86,84,8.6,9.0,66.3,66.2,9.4,9.6,298.7,295.9,1007.7,1007.9,-6.67,284.67,-0.01,31.4733,11.4498,323.0,27.5,1490.786, NAN, NAN, NAN, NAN,,2024/04/05 09:30:47.908,2024-04-05 09:30:47.908000+00:00
2024/04/05, 09:31:47.908,35.776,-74.851,9.68,181.71,183.42,9.45,9.9,9.9,1005.7,1005.6,0.0,0.0,13.74,11.62,84,81,8.5,9.2,64.0,63.7,9.3,9.6,297.0,292.5,1007.8,1007.7,-6.7,285.17,-0.01,31.4333,11.4209,324.8,27.6,1490.637, NAN, NAN, NAN, NAN,,2024/04/05 09:31:47.908,2024-04-05 09:31:47.908000+00:00
2024/04/05, 09:32:47.908,35.773,-74.851,9.73,182.06,189.32,9.42,9.9,9.9,1005.7,1005.8,0.0,0.0,13.74,11.62,86,84,8.8,9.6,63.2,63.2,9.5,10.0,298.5,294.5,1007.8,1007.9,-6.69,285.52,-0.01,31.4782,11.3973,321.1,27.8,1490.609, NAN, NAN, NAN, NAN,,2024/04/05 09:32:47.908,2024-04-05 09:32:47.908000+00:00
2024/04/05, 09:33:47.908,35.77,-74.852,9.78,181.74,181.53,9.78,9.9,9.9,1005.8,1005.8,0.0,0.0,13.74,11.62,86,81,8.3,8.9,61.6,61.5,9.3,9.4,300.4,294.6,1007.9,1007.9,-6.51,285.52,-0.01,31.4837,11.3935,325.1,27.7,1490.602, NAN, NAN, NAN, NAN,,2024/04/05 09:33:47.908,2024-04-05 09:33:47.908000+00:00
2024/04/05, 09:34:47.908,35.768,-74.852,9.77,180.98,182.25,9.39,9.9,9.9,1005.7,1005.9,0.0,0.0,13.74,11.62,84,82,8.1,8.5,61.1,61.2,8.9,9.0,297.7,294.7,1007.8,1008.0,-6.6,286.72,-0.01,31.4568,11.3974,325.4,27.1,1490.583, NAN, NAN, NAN, NAN,,2024/04/05 09:34:47.908,2024-04-05 09:34:47.908000+00:00
2024/04/05, 09:35:47.908,35.765,-74.852,9.59,180.81,181.76,9.36,9.9,9.9,1005.8,1005.9,0.0,0.0,13.74,11.62,88,82,7.2,8.2,61.3,63.3,8.3,8.7,303.9,295.7,1007.9,1008.0,-6.63,287.49,-0.02,31.4139,11.4064,326.0,27.5,1490.563, NAN, NAN, NAN, NAN,,2024/04/05 09:35:47.908,2024-04-05 09:35:47.908000+00:00
2024/04/05, 09:36:47.908,35.763,-74.852,9.78,181.72,183.59,9.27,9.9,9.9,1005.8,1005.8,0.0,0.0,13.74,11.62,87,80,6.7,7.5,63.3,63.1,8.0,8.1,305.3,297.0,1007.9,1007.9,-6.59,288.73,-0.01,31.3761,11.4156,324.8,27.2,1490.55, NAN, NAN, NAN, NAN,,2024/04/05 09:36:47.908,2024-04-05 09:36:47.908000+00:00
2024/04/05, 09:37:47.908,35.76,-74.852,9.71,180.99,181.0,9.93,9.9,9.9,1005.9,1006.0,0.0,0.0,13.74,11.62,77,71,7.1,7.7,63.8,63.7,7.8,7.8,297.7,290.5,1008.0,1008.1,-6.53,290.01,-0.01,31.3728,11.4218,331.0,27.8,1490.568, NAN, NAN, NAN, NAN,,2024/04/05 09:37:47.908,2024-04-05 09:37:47.908000+00:00
2024/04/05, 09:38:47.908,35.757,-74.852,9.5,182.28,183.86,9.23,9.9,9.9,1005.9,1006.0,0.0,0.0,13.74,11.62,93,85,7.2,7.5,63.7,63.6,8.7,8.3,308.5,301.6,1008.0,1008.1,-6.62,290.95,-0.01,31.3768,11.4361,330.7,27.4,1490.623, NAN, NAN, NAN, NAN,,2024/04/05 09:38:47.908,2024-04-05 09:38:47.908000+00:00
2024/04/05, 09:39:47.908,35.755,-74.853,9.6,181.92,183.41,9.06,9.9,9.9,1005.9,1005.9,0.0,0.0,13.74,11.62,79,71,6.2,6.9,66.4,66.6,6.9,6.9,302.0,292.4,1008.0,1008.0,-6.71,292.48,-0.01,31.3899,11.4189,334.5,27.5,1490.578, NAN, NAN, NAN, NAN,,2024/04/05 09:39:47.908,2024-04-05 09:39:47.908000+00:00
2024/04/05, 09:40:47.909,35.752,-74.853,9.47,181.19,186.94,9.42,9.9,9.9,1005.7,1005.8,0.0,0.0,13.74,11.62,85,79,7.4,7.9,66.2,66.5,8.2,8.1,302.0,295.4,1007.8,1007.9,-6.74,292.68,-0.01,31.3976,11.3987,322.7,27.5,1490.517, NAN, NAN, NAN, NAN,,2024/04/05 09:40:47.909,2024-04-05 09:40:47.909000+00:00
2024/04/05, 09:41:47.909,35.75,-74.853,9.22,181.15,185.96,8.9,9.9,9.9,1006.1,1005.8,0.0,0.0,13.74,11.62,86,82,8.5,9.0,65.7,65.6,9.2,9.3,296.8,292.0,1008.2,1007.9,-6.68,292.73,-0.01,31.3942,11.3789,328.8,26.9,1490.443, NAN, NAN, NAN, NAN,,2024/04/05 09:41:47.909,2024-04-05 09:41:47.909000+00:00
2024/04/05, 09:42:47.909,35.747,-74.853,9.64,181.84,182.96,9.71,9.9,9.9,1005.9,1005.7,0.0,0.0,13.74,11.62,96,90,9.2,9.2,63.5,63.2,10.9,10.5,304.9,300.3,1008.0,1007.8,-6.63,292.34,-0.01,31.3576,11.3746,332.1,27.3,1490.384, NAN, NAN, NAN, NAN,,2024/04/05 09:42:47.909,2024-04-05 09:42:47.909000+00:00
2024/04/05, 09:43:47.909,35.744,-74.853,9.77,181.04,182.02,9.2,9.9,9.9,1006.0,1005.7,0.0,0.0,13.74,11.62,91,88,8.3,8.8,63.1,62.9,9.5,9.7,301.9,298.1,1008.1,1007.8,-6.58,292.25,-0.0,31.3018,11.3756,334.4,27.1,1490.321, NAN, NAN, NAN, NAN,,2024/04/05 09:43:47.909,2024-04-05 09:43:47.909000+00:00
2024/04/05, 09:44:47.909,35.742,-74.853,9.81,180.26,180.48,10.01,9.9,10.0,1005.8,1006.0,0.0,0.0,13.74,11.62,95,87,8.9,9.3,63.8,64.0,10.5,10.2,304.5,297.3,1007.9,1008.1,-6.62,291.91,-0.01,31.255,11.3811,330.7,27.5,1490.284, NAN, NAN, NAN, NAN,,2024/04/05 09:44:47.909,2024-04-05 09:44:47.909000+00:00
2024/04/05, 09:45:47.909,35.739,-74.854,10.11,181.49,182.67,9.84,10.0,10.0,1005.9,1005.9,0.0,0.0,13.74,11.62,90,84,7.7,8.4,62.3,62.3,9.1,9.3,305.1,298.3,1008.0,1008.0,-6.51,291.96,-0.01,31.1861,11.3964,331.8,28.0,1490.255, NAN, NAN, NAN, NAN,,2024/04/05 09:45:47.909,2024-04-05 09:45:47.909000+00:00
2024/04/05, 09:46:47.909,35.736,-74.854,9.62,181.99,180.17,9.21,10.0,10.0,1006.0,1005.8,0.0,0.0,13.74,11.62,93,87,7.8,7.9,62.9,62.9,9.3,9.0,305.5,300.8,1008.1,1007.9,-6.55,292.05,-0.01,31.1611,11.4139,328.8,26.8,1490.286, NAN, NAN, NAN, NAN,,2024/04/05 09:46:47.909,2024-04-05 09:46:47.909000+00:00
2024/04/05, 09:47:47.909,35.733,-74.854,9.63,181.75,185.77,9.34,10.0,10.0,1006.0,1005.9,0.0,0.0,13.74,11.62,88,81,8.9,9.6,62.3,62.3,9.8,9.9,299.0,291.3,1008.1,1008.0,-6.45,292.53,-0.01,31.1831,11.4305,328.4,27.5,1490.371, NAN, NAN, NAN, NAN,,2024/04/05 09:47:47.909,2024-04-05 09:47:47.909000+00:00
2024/04/05, 09:48:47.909,35.731,-74.854,8.45,180.98,185.4,8.35,10.0,10.0,1006.0,1005.9,0.0,0.0,13.74,11.62,90,83,7.6,8.1,61.3,61.2,8.6,8.6,300.8,293.6,1008.1,1008.0,-6.5,293.6,-0.01,31.1857,11.4396,329.7,27.6,1490.406, NAN, NAN, NAN, NAN,,2024/04/05 09:48:47.909,2024-04-05 09:48:47.909000+00:00
2024/04/05, 09:49:47.909,35.729,-74.854,6.87,181.84,183.46,7.26,10.0,10.0,1006.0,1005.9,0.0,0.0,13.74,11.62,98,92,8.1,7.8,63.2,61.3,9.3,8.7,303.2,299.2,1008.1,1008.0,-6.59,294.21,-0.01,31.2179,11.4497,329.4,27.6,1490.48, NAN, NAN, NAN, NAN,,2024/04/05 09:49:47.909,2024-04-05 09:49:47.909000+00:00
2024/04/05, 09:50:47.909,35.727,-74.854,5.91,156.19,152.71,5.44,10.0,10.0,1005.9,1005.9,0.0,0.0,13.74,11.62,130,121,7.6,6.4,63.8,63.6,9.6,8.1,299.4,294.6,1008.0,1008.0,-6.63,294.75,-0.0,31.2459,11.4563,329.4,28.4,1490.537, NAN, NAN, NAN, NAN,,2024/04/05 09:50:47.909,2024-04-05 09:50:47.909000+00:00
2024/04/05, 09:51:47.909,35.726,-74.853,5.95,150.83,147.69,6.49,10.0,10.0,1005.9,1006.0,0.0,0.0,13.74,11.62,131,124,5.3,4.1,61.1,61.3,8.0,6.6,299.5,298.6,1008.0,1008.1,-6.47,296.59,-0.01,31.2522,11.455,327.3,29.4,1490.54, NAN, NAN, NAN, NAN,,2024/04/05 09:51:47.909,2024-04-05 09:51:47.909000+00:00
2024/04/05, 09:52:47.909,35.724,-74.852,6.06,149.0,153.38,5.64,10.0,10.0,1005.9,1005.8,0.0,0.0,13.74,11.62,134,112,6.2,4.9,65.1,64.7,8.5,6.6,297.3,285.2,1008.0,1007.9,-6.5,296.77,-0.01,31.2443,11.4546,323.3,28.9,1490.529, NAN, NAN, NAN, NAN,,2024/04/05 09:52:47.909,2024-04-05 09:52:47.909000+00:00
2024/04/05, 09:53:47.909,35.723,-74.851,6.07,151.19,157.21,5.41,10.0,10.0,1005.9,1005.9,0.0,0.0,13.74,11.62,132,132,6.7,5.6,63.0,62.8,8.8,7.8,296.4,298.3,1008.0,1008.0,-6.47,296.85,-0.0,31.229,11.4534,319.0,29.7,1490.506, NAN, NAN, NAN, NAN,,2024/04/05 09:53:47.909,2024-04-05 09:53:47.909000+00:00
2024/04/05, 09:54:47.909,35.722,-74.851,4.14,186.86,152.19,2.84,10.0,10.0,1005.9,1006.0,0.0,0.0,13.74,11.62,121,115,9.1,7.8,62.7,62.6,10.3,8.9,312.8,308.3,1008.0,1008.1,-6.47,296.47,-0.01,31.2039,11.4533,322.0,30.4,1490.476, NAN, NAN, NAN, NAN,,2024/04/05 09:54:47.909,2024-04-05 09:54:47.909000+00:00
2024/04/05, 09:55:47.909,35.721,-74.851,0.0,213.82,142.04,0.99,10.0,10.0,1006.2,1005.9,0.0,0.0,13.74,11.62,99,92,8.6,8.1,63.4,62.6,9.1,8.6,313.2,306.6,1008.3,1008.0,-6.44,295.76,-0.01,31.1773,11.459,325.4,30.5,1490.464, NAN, NAN, NAN, NAN,,2024/04/05 09:55:47.909,2024-04-05 09:55:47.909000+00:00
2024/04/05, 09:56:47.910,35.721,-74.851,-0.02,217.87,121.18,0.81,10.0,10.0,1006.2,1006.0,0.0,0.0,13.74,11.62,94,86,7.9,8.1,64.1,64.0,8.3,8.5,311.6,304.0,1008.3,1008.1,-6.51,295.17,-0.01,31.1427,11.4626,335.2,30.8,1490.435, NAN, NAN, NAN, NAN,,2024/04/05 09:56:47.910,2024-04-05 09:56:47.910000+00:00
2024/04/05, 09:57:47.910,35.721,-74.85,-0.55,238.26,117.12,1.17,10.0,10.0,1006.0,1006.2,0.0,0.0,13.74,11.62,84,77,7.6,8.3,65.2,65.2,8.2,8.9,321.4,315.0,1008.1,1008.3,-6.48,294.27,-0.01,31.1099,11.4644,321.4,30.7,1490.402, NAN, NAN, NAN, NAN,,2024/04/05 09:57:47.910,2024-04-05 09:57:47.910000+00:00
2024/04/05, 09:58:47.910,35.721,-74.85,-0.24,278.25,192.7,0.3,10.0,10.0,1006.2,1006.3,0.0,0.0,13.74,11.62,44,39,8.8,10.8,66.4,66.2,8.7,10.7,323.0,317.8,1008.3,1008.4,-6.51,293.55,-0.01,31.0851,11.4655,323.0,30.8,1490.376, NAN, NAN, NAN, NAN,,2024/04/05 09:58:47.910,2024-04-05 09:58:47.910000+00:00
2024/04/05, 09:59:47.910,35.721,-74.85,0.01,308.0,43.04,0.6,10.0,10.0,1006.2,1006.1,0.0,0.0,13.74,11.62,355,351,8.0,7.7,64.7,64.5,7.9,7.6,300.8,296.7,1008.3,1008.2,-6.45,293.19,-0.0,31.0683,11.4676,325.1,31.1,1490.363, NAN, NAN, NAN, NAN,,2024/04/05 09:59:47.910,2024-04-05 09:59:47.910000+00:00
2024/04/05, 10:00:47.910,35.721,-74.85,-0.29,309.6,10.1,0.33,10.0,10.0,1006.3,1006.2,0.0,0.0,13.74,11.62,344,339,8.5,8.8,65.2,64.9,8.5,8.8,292.5,287.5,1008.4,1008.3,-6.42,292.86,0.0,31.0537,11.4727,324.4,31.0,1490.363, NAN, NAN, NAN, NAN,,2024/04/05 10:00:47.910,2024-04-05 10:00:47.910000+00:00
2024/04/05, 10:01:47.910,35.721,-74.85,-0.39,302.1,117.64,0.49,10.0,10.0,1006.2,1006.1,0.0,0.0,13.74,11.62,354,346,8.2,8.1,64.8,64.8,8.4,8.3,294.9,287.0,1008.3,1008.2,-6.41,293.51,0.0,31.044,11.4962,326.7,30.7,1490.434, NAN, NAN, NAN, NAN,,2024/04/05 10:01:47.910,2024-04-05 10:01:47.910000+00:00
2024/04/05, 10:02:47.910,35.721,-74.85,-0.35,300.7,55.5,0.72,10.0,10.0,1006.3,1006.1,0.0,0.0,13.74,11.62,0,355,8.7,8.5,64.7,63.4,8.8,8.7,298.4,293.5,1008.4,1008.2,-6.39,293.83,0.01,31.0377,11.495,323.3,30.8,1490.422, NAN, NAN, NAN, NAN,,2024/04/05 10:02:47.910,2024-04-05 10:02:47.910000+00:00
2024/04/05, 10:03:47.910,35.721,-74.85,-0.39,297.74,338.5,0.25,10.0,10.0,1006.2,1006.4,0.0,0.0,13.74,11.62,6,0,8.3,8.2,61.1,61.0,8.3,8.2,302.9,296.8,1008.3,1008.5,-6.36,294.32,0.01,31.0319,11.4886,325.4,31.0,1490.393, NAN, NAN, NAN, NAN,,2024/04/05 10:03:47.910,2024-04-05 10:03:47.910000+00:00
2024/04/05, 10:04:47.910,35.721,-74.85,-0.31,299.58,30.51,0.22,10.0,10.0,1006.2,1006.2,0.0,0.0,13.74,11.62,0,354,9.4,8.8,61.8,61.8,9.5,8.9,299.1,293.1,1008.3,1008.3,-6.35,293.9,0.02,31.0407,11.4878,325.4,30.7,1490.401, NAN, NAN, NAN, NAN,,2024/04/05 10:04:47.910,2024-04-05 10:04:47.910000+00:00
2024/04/05, 10:05:47.910,35.721,-74.85,-0.16,302.17,237.69,0.33,9.9,10.0,1006.2,1006.2,0.0,0.0,13.74,11.62,2,354,8.2,7.9,58.7,58.5,8.2,8.0,303.0,295.0,1008.3,1008.3,-6.36,294.23,0.03,31.0651,11.4988,324.0,30.7,1490.468, NAN, NAN, NAN, NAN,,2024/04/05 10:05:47.910,2024-04-05 10:05:47.910000+00:00
2024/04/05, 10:06:47.910,35.721,-74.85,-0.35,303.84,24.78,0.14,10.0,10.0,1006.3,1006.1,0.0,0.0,13.74,11.62,358,352,7.7,7.4,64.0,64.1,7.6,7.3,302.0,296.0,1008.4,1008.2,-6.38,294.13,0.04,31.099,11.5009,323.0,30.8,1490.516, NAN, NAN, NAN, NAN,,2024/04/05 10:06:47.910,2024-04-05 10:06:47.910000+00:00
2024/04/05, 10:07:47.910,35.721,-74.85,-0.19,303.83,129.2,0.17,10.0,10.0,1006.3,1006.1,0.0,0.0,13.74,11.62,359,354,8.3,8.0,62.5,62.6,8.4,8.1,303.2,298.3,1008.4,1008.2,-6.36,293.26,0.05,31.1079,11.4974,324.8,30.4,1490.515, NAN, NAN, NAN, NAN,,2024/04/05 10:07:47.910,2024-04-05 10:07:47.910000+00:00
2024/04/05, 10:08:47.910,35.721,-74.85,-0.46,305.75,27.03,0.39,10.0,10.0,1006.2,1006.0,0.0,0.0,13.74,11.62,1,354,8.6,8.4,59.6,59.8,8.5,8.3,305.5,298.4,1008.3,1008.1,-6.41,292.81,0.06,31.17,11.497,326.4,30.5,1490.588, NAN, NAN, NAN, NAN,,2024/04/05 10:08:47.910,2024-04-05 10:08:47.910000+00:00
2024/04/05, 10:09:47.910,35.721,-74.85,-0.2,304.42,265.0,0.37,10.0,10.0,1006.2,1006.2,0.0,0.0,13.74,11.62,0,352,8.0,7.8,62.3,62.1,7.8,7.6,304.9,296.7,1008.3,1008.3,-6.45,292.58,0.08,31.2646,11.4915,325.1,30.5,1490.682, NAN, NAN, NAN, NAN,,2024/04/05 10:09:47.910,2024-04-05 10:09:47.910000+00:00
2024/04/05, 10:10:47.910,35.722,-74.85,0.02,305.72,160.27,0.5,10.0,10.0,1006.2,1006.1,0.0,0.0,13.74,11.62,356,351,8.6,8.3,62.3,59.9,8.7,8.4,300.2,295.3,1008.3,1008.2,-6.41,292.61,0.1,31.3264,11.4877,325.4,30.2,1490.743, NAN, NAN, NAN, NAN,,2024/04/05 10:10:47.910,2024-04-05 10:10:47.910000+00:00
2024/04/05, 10:11:47.910,35.722,-74.85,-0.04,305.69,258.3,0.76,10.0,10.0,1006.2,1006.2,0.0,0.0,13.74,11.62,359,352,9.1,8.8,61.2,61.3,8.8,8.5,306.6,299.4,1008.3,1008.3,-6.39,293.27,0.13,31.3339,11.4919,321.4,30.5,1490.766, NAN, NAN, NAN, NAN,,2024/04/05 10:11:47.910,2024-04-05 10:11:47.910000+00:00
2024/04/05, 10:12:47.911,35.722,-74.85,0.91,305.14,276.57,1.01,10.0,10.0,1006.2,1006.2,0.0,0.0,13.74,11.62,1,355,8.0,7.9,61.3,61.2,7.5,7.4,306.4,300.0,1008.3,1008.3,-6.38,293.99,0.17,31.366,11.4965,327.0,30.4,1490.821, NAN, NAN, NAN, NAN,,2024/04/05 10:12:47.911,2024-04-05 10:12:47.911000+00:00
2024/04/05, 10:13:47.911,35.722,-74.851,1.15,304.77,314.8,0.97,10.0,10.0,1006.3,1006.3,0.0,0.0,13.74,11.62,5,358,8.4,8.2,64.6,65.0,7.9,7.7,308.7,301.3,1008.4,1008.4,-6.3,293.45,0.21,31.3906,11.5005,326.0,30.7,1490.864, NAN, NAN, NAN, NAN,,2024/04/05 10:13:47.911,2024-04-05 10:13:47.911000+00:00
2024/04/05, 10:14:47.911,35.722,-74.851,1.11,303.32,305.05,1.34,10.0,10.1,1006.3,1006.3,0.0,0.0,13.74,11.62,2,358,8.6,8.4,65.6,65.9,7.9,7.7,304.4,300.1,1008.4,1008.4,-6.27,292.57,0.27,31.3978,11.4911,328.4,30.5,1490.84, NAN, NAN, NAN, NAN,,2024/04/05 10:14:47.911,2024-04-05 10:14:47.911000+00:00
2024/04/05, 10:15:47.911,35.722,-74.851,1.32,303.88,325.74,1.31,10.1,10.0,1006.3,1006.4,0.0,0.0,13.74,11.62,7,359,9.0,8.9,65.4,60.8,8.3,8.2,310.5,301.8,1008.4,1008.5,-6.36,291.49,0.34,31.3066,11.4786,328.8,30.8,1490.687, NAN, NAN, NAN, NAN,,2024/04/05 10:15:47.911,2024-04-05 10:15:47.911000+00:00
2024/04/05, 10:16:47.911,35.723,-74.851,0.77,304.11,12.79,1.15,10.0,10.0,1006.5,1006.1,0.0,0.0,13.74,11.62,3,357,9.2,9.0,59.3,59.5,8.8,8.6,304.6,298.2,1008.6,1008.2,-6.3,290.45,0.42,31.2361,11.4729,332.1,30.6,1490.583, NAN, NAN, NAN, NAN,,2024/04/05 10:16:47.911,2024-04-05 10:16:47.911000+00:00
2024/04/05, 10:17:47.911,35.723,-74.852,0.7,308.9,344.84,0.87,10.0,10.0,1006.0,1006.4,0.0,0.0,13.74,11.62,356,349,9.1,8.8,62.1,62.7,8.8,8.5,302.8,295.5,1008.1,1008.5,-6.37,289.74,0.52,31.2107,11.4673,325.1,30.1,1490.533, NAN, NAN, NAN, NAN,,2024/04/05 10:17:47.911,2024-04-05 10:17:47.911000+00:00
2024/04/05, 10:18:47.911,35.723,-74.852,0.5,309.11,310.23,0.93,10.0,10.0,1006.3,1006.1,0.0,0.0,13.74,11.62,358,350,9.0,8.7,63.3,64.0,8.5,8.3,306.3,297.9,1008.4,1008.2,-6.29,288.85,0.65,31.2422,11.464,328.4,30.5,1490.559, NAN, NAN, NAN, NAN,,2024/04/05 10:18:47.911,2024-04-05 10:18:47.911000+00:00
2024/04/05, 10:19:47.911,35.723,-74.852,0.8,307.81,356.14,1.39,10.0,10.0,1006.5,1006.3,0.0,0.0,13.74,11.62,1,355,8.3,8.1,62.7,62.7,7.7,7.5,306.4,299.8,1008.6,1008.4,-6.29,289.12,0.84,31.2139,11.4585,328.1,30.3,1490.506, NAN, NAN, NAN, NAN,,2024/04/05 10:19:47.911,2024-04-05 10:19:47.911000+00:00
2024/04/05, 10:20:47.911,35.724,-74.852,1.06,307.66,303.39,1.19,10.0,10.0,1006.6,1006.3,0.0,0.0,13.74,11.62,2,357,10.1,9.8,61.7,61.6,9.5,9.2,309.9,304.6,1008.7,1008.4,-6.26,287.92,1.05,31.2107,11.4553,328.4,30.0,1490.491, NAN, NAN, NAN, NAN,,2024/04/05 10:20:47.911,2024-04-05 10:20:47.911000+00:00
2024/04/05, 10:21:47.911,35.724,-74.853,1.45,306.91,354.92,1.54,10.0,10.0,1006.4,1006.4,0.0,0.0,13.74,11.62,358,353,8.7,8.6,62.0,62.0,8.0,8.0,302.2,296.8,1008.5,1008.5,-6.27,287.63,1.3,31.1799,11.454,332.1,30.1,1490.449, NAN, NAN, NAN, NAN,,2024/04/05 10:21:47.911,2024-04-05 10:21:47.911000+00:00
2024/04/05, 10:22:47.911,35.724,-74.853,1.46,309.08,269.5,1.64,10.0,10.0,1006.3,1006.2,0.0,0.0,13.74,11.62,4,358,9.0,8.5,63.6,63.6,8.2,7.7,314.6,308.0,1008.4,1008.3,-6.14,286.98,1.6,31.1571,11.4507,330.4,30.3,1490.41, NAN, NAN, NAN, NAN,,2024/04/05 10:22:47.911,2024-04-05 10:22:47.911000+00:00
2024/04/05, 10:23:47.911,35.724,-74.853,1.51,307.61,351.45,1.4,10.0,10.0,1006.2,1006.2,0.0,0.0,13.74,11.62,6,0,8.9,8.4,64.0,64.1,8.2,7.8,311.8,305.2,1008.3,1008.3,-6.15,287.01,1.97,31.123,11.45,326.7,30.5,1490.367, NAN, NAN, NAN, NAN,,2024/04/05 10:23:47.911,2024-04-05 10:23:47.911000+00:00
2024/04/05, 10:24:47.911,35.725,-74.854,1.37,309.48,281.06,1.29,10.0,10.0,1006.5,1006.4,0.0,0.0,13.74,11.62,6,359,10.1,9.8,64.8,65.0,9.4,9.1,315.6,308.1,1008.6,1008.5,-5.94,286.0,2.52,31.0917,11.4511,331.5,30.3,1490.333, NAN, NAN, NAN, NAN,,2024/04/05 10:24:47.911,2024-04-05 10:24:47.911000+00:00
2024/04/05, 10:25:47.911,35.725,-74.854,1.24,309.23,349.99,1.5,9.9,10.0,1006.2,1006.5,0.0,0.0,13.74,11.62,2,355,9.8,9.2,62.1,62.0,9.1,8.5,309.8,302.1,1008.3,1008.6,-5.79,285.6,3.08,31.0896,11.4494,328.4,30.6,1490.325, NAN, NAN, NAN, NAN,,2024/04/05 10:25:47.911,2024-04-05 10:25:47.911000+00:00
2024/04/05, 10:26:47.911,35.725,-74.854,0.93,308.83,272.1,1.12,9.9,9.9,1006.6,1006.4,0.0,0.0,13.74,11.62,4,357,8.1,7.7,61.2,61.3,7.6,7.1,314.2,306.7,1008.7,1008.5,-5.63,285.82,3.72,31.1029,11.4468,332.4,30.6,1490.332, NAN, NAN, NAN, NAN,,2024/04/05 10:26:47.911,2024-04-05 10:26:47.911000+00:00
2024/04/05, 10:27:47.911,35.725,-74.854,0.85,307.07,19.11,1.02,9.9,9.9,1006.4,1006.4,0.0,0.0,13.74,11.62,4,357,9.7,9.3,62.5,62.5,9.3,8.9,309.2,301.8,1008.5,1008.5,-5.4,284.97,4.51,31.1174,11.448,333.1,30.3,1490.353, NAN, NAN, NAN, NAN,,2024/04/05 10:27:47.911,2024-04-05 10:27:47.911000+00:00
2024/04/05, 10:28:47.912,35.726,-74.854,0.72,308.39,265.59,0.44,9.9,9.9,1006.2,1006.6,0.0,0.0,13.74,11.62,0,355,9.1,8.8,61.8,60.9,8.9,8.6,307.9,302.8,1008.3,1008.7,-5.29,285.05,5.65,31.1249,11.4481,332.4,30.3,1490.363, NAN, NAN, NAN, NAN,,2024/04/05 10:28:47.912,2024-04-05 10:28:47.912000+00:00
2024/04/05, 10:29:47.912,35.726,-74.855,0.47,308.2,310.84,0.61,9.9,9.9,1006.6,1006.3,0.0,0.0,13.74,11.62,3,358,9.8,9.0,64.7,64.7,9.5,8.7,310.9,305.7,1008.7,1008.4,-5.18,284.73,6.74,31.1536,11.4466,330.0,30.5,1490.392, NAN, NAN, NAN, NAN,,2024/04/05 10:29:47.912,2024-04-05 10:29:47.912000+00:00
2024/04/05, 10:30:47.912,35.726,-74.855,0.69,307.59,311.02,1.0,9.9,9.9,1006.4,1006.8,0.0,0.0,13.74,11.62,0,355,8.6,8.3,62.9,63.0,8.1,7.8,307.3,301.9,1008.5,1008.9,-4.73,284.69,8.1,31.1812,11.4464,332.8,30.4,1490.424, NAN, NAN, NAN, NAN,,2024/04/05 10:30:47.912,2024-04-05 10:30:47.912000+00:00
2024/04/05, 10:31:47.912,35.726,-74.855,0.99,309.42,288.17,0.75,9.9,10.0,1006.6,1006.7,0.0,0.0,13.74,11.62,5,359,9.8,9.3,63.1,64.9,9.4,8.9,314.4,308.2,1008.7,1008.8,-4.32,283.98,9.69,31.21,11.4505,331.8,30.5,1490.473, NAN, NAN, NAN, NAN,,2024/04/05 10:31:47.912,2024-04-05 10:31:47.912000+00:00
2024/04/05, 10:32:47.912,35.726,-74.855,0.96,308.67,341.42,1.14,9.9,9.9,1006.5,1006.5,0.0,0.0,13.74,11.62,359,351,9.8,9.3,61.0,61.2,9.5,9.0,304.8,296.4,1008.6,1008.6,-3.97,283.98,11.41,31.1955,11.4528,332.4,30.3,1490.464, NAN, NAN, NAN, NAN,,2024/04/05 10:32:47.912,2024-04-05 10:32:47.912000+00:00
2024/04/05, 10:33:47.912,35.727,-74.855,0.95,308.75,3.75,1.38,9.9,9.9,1006.8,1006.7,0.0,0.0,13.74,11.62,358,350,9.6,8.8,60.8,60.8,9.1,8.4,303.5,294.8,1008.9,1008.8,-3.5,284.18,13.68,31.1897,11.4573,327.3,30.4,1490.473, NAN, NAN, NAN, NAN,,2024/04/05 10:33:47.912,2024-04-05 10:33:47.912000+00:00
2024/04/05, 10:34:47.912,35.727,-74.856,0.8,309.29,328.03,0.91,9.9,9.9,1006.5,1006.4,0.0,0.0,13.74,11.62,1,356,11.2,10.9,61.2,60.8,10.8,10.5,309.6,304.4,1008.6,1008.5,-3.04,283.49,15.79,31.1912,11.4585,333.7,30.4,1490.479, NAN, NAN, NAN, NAN,,2024/04/05 10:34:47.912,2024-04-05 10:34:47.912000+00:00
2024/04/05, 10:35:47.912,35.727,-74.856,0.52,309.34,336.89,0.71,9.9,9.9,1006.6,1006.6,0.0,0.0,13.74,11.62,355,348,9.8,9.5,58.5,58.6,9.6,9.3,302.6,295.4,1008.7,1008.7,-2.61,283.51,18.05,31.1873,11.4546,331.8,30.7,1490.46, NAN, NAN, NAN, NAN,,2024/04/05 10:35:47.912,2024-04-05 10:35:47.912000+00:00
2024/04/05, 10:36:47.912,35.727,-74.856,0.41,309.53,282.08,1.06,9.9,9.9,1006.6,1006.6,0.0,0.0,13.74,11.62,0,354,9.0,9.1,59.0,59.2,8.5,8.6,310.5,304.1,1008.7,1008.7,-2.14,283.41,20.2,31.1902,11.453,328.1,30.2,1490.458, NAN, NAN, NAN, NAN,,2024/04/05 10:36:47.912,2024-04-05 10:36:47.912000+00:00
2024/04/05, 10:37:47.912,35.728,-74.856,0.86,307.84,291.03,0.89,9.9,9.9,1006.8,1006.6,0.0,0.0,13.74,11.62,358,351,8.6,8.7,61.3,61.2,8.2,8.3,304.8,297.5,1008.9,1008.7,-1.97,283.51,22.95,31.1997,11.4533,329.7,30.5,1490.471, NAN, NAN, NAN, NAN,,2024/04/05 10:37:47.912,2024-04-05 10:37:47.912000+00:00
2024/04/05, 10:38:47.912,35.728,-74.856,1.11,307.7,333.03,1.2,9.9,9.9,1006.8,1006.6,0.0,0.0,13.74,11.62,1,354,9.5,9.1,62.7,62.7,8.9,8.5,307.6,300.0,1008.9,1008.7,-1.55,283.35,26.0,31.1852,11.4512,329.1,30.7,1490.446, NAN, NAN, NAN, NAN,,2024/04/05 10:38:47.912,2024-04-05 10:38:47.912000+00:00
2024/04/05, 10:39:47.912,35.728,-74.857,1.3,307.97,338.8,1.32,10.0,10.0,1006.6,1006.5,0.0,0.0,13.74,11.62,3,358,10.0,9.9,65.6,65.8,9.4,9.3,309.7,304.4,1008.7,1008.6,-1.03,283.74,28.97,31.1381,11.4488,333.7,30.6,1490.381, NAN, NAN, NAN, NAN,,2024/04/05 10:39:47.912,2024-04-05 10:39:47.912000+00:00
2024/04/05, 10:40:47.912,35.728,-74.857,1.2,307.96,333.78,1.05,9.9,10.0,1006.8,1006.6,0.0,0.0,13.74,11.62,357,351,9.3,9.2,60.4,60.6,8.8,8.7,303.6,297.3,1008.9,1008.7,-0.7,283.0,32.51,31.1757,11.4514,333.1,30.6,1490.435, NAN, NAN, NAN, NAN,,2024/04/05 10:40:47.912,2024-04-05 10:40:47.912000+00:00
2024/04/05, 10:41:47.912,35.729,-74.857,0.95,307.29,296.15,1.08,9.9,9.9,1006.7,1006.7,0.0,0.0,13.74,11.62,3,356,9.8,9.5,59.7,59.8,9.3,8.9,311.1,303.7,1008.8,1008.8,-0.12,283.0,35.81,31.1736,11.4542,332.8,30.8,1490.442, NAN, NAN, NAN, NAN,,2024/04/05 10:41:47.912,2024-04-05 10:41:47.912000+00:00
2024/04/05, 10:42:47.912,35.729,-74.857,0.61,309.25,16.33,1.33,9.9,9.9,1006.7,1006.6,0.0,0.0,13.74,11.62,1,354,9.8,9.1,61.2,61.2,9.5,8.9,306.6,299.1,1008.8,1008.7,0.16,283.23,38.51,31.1755,11.4576,329.7,30.6,1490.457, NAN, NAN, NAN, NAN,,2024/04/05 10:42:47.912,2024-04-05 10:42:47.912000+00:00
2024/04/05, 10:43:47.913,35.729,-74.857,0.27,308.6,34.95,0.95,9.9,9.9,1006.8,1006.6,0.0,0.0,13.74,11.62,3,356,9.8,9.5,61.2,60.8,9.5,9.3,309.2,301.9,1008.9,1008.7,0.64,283.24,42.63,31.1913,11.4572,331.2,29.9,1490.474, NAN, NAN, NAN, NAN,,2024/04/05 10:43:47.913,2024-04-05 10:43:47.913000+00:00
2024/04/05, 10:44:47.913,35.729,-74.857,0.47,309.34,8.12,0.89,9.9,9.9,1006.8,1006.9,0.0,0.0,13.74,11.62,357,350,9.8,9.6,59.8,59.7,9.4,9.2,305.0,297.7,1008.9,1009.0,1.23,283.27,46.72,31.1977,11.4568,330.0,30.0,1490.48, NAN, NAN, NAN, NAN,,2024/04/05 10:44:47.913,2024-04-05 10:44:47.913000+00:00
2024/04/05, 10:45:47.913,35.729,-74.858,0.41,308.56,24.29,0.91,9.9,9.9,1006.8,1006.9,0.0,0.0,13.74,11.62,0,352,9.0,8.5,60.2,60.4,8.7,8.3,306.2,297.8,1008.9,1009.0,2.13,283.29,54.76,31.2094,11.4572,330.7,30.5,1490.496, NAN, NAN, NAN, NAN,,2024/04/05 10:45:47.913,2024-04-05 10:45:47.913000+00:00
2024/04/05, 10:46:47.913,35.73,-74.858,0.32,310.52,318.91,0.65,9.9,9.9,1007.2,1006.9,0.0,0.0,13.74,11.62,354,347,9.3,9.1,61.5,61.4,9.1,8.9,302.9,295.7,1009.3,1009.0,3.23,283.37,71.8,31.2313,11.4558,330.0,30.3,1490.517, NAN, NAN, NAN, NAN,,2024/04/05 10:46:47.913,2024-04-05 10:46:47.913000+00:00
2024/04/05, 10:47:47.913,35.73,-74.858,0.89,309.78,326.22,1.14,9.9,9.9,1006.9,1006.9,0.0,0.0,13.74,11.62,353,348,8.9,8.9,61.1,61.6,8.4,8.4,301.0,295.7,1009.0,1009.0,4.07,284.06,75.66,31.2327,11.4556,327.8,30.4,1490.518, NAN, NAN, NAN, NAN,,2024/04/05 10:47:47.913,2024-04-05 10:47:47.913000+00:00
2024/04/05, 10:48:47.913,35.73,-74.858,0.97,309.62,296.19,1.33,9.9,9.9,1006.9,1006.9,0.0,0.0,13.74,11.62,358,351,10.2,9.9,63.0,63.2,9.5,9.2,308.1,300.6,1009.0,1009.0,4.08,283.42,68.16,31.2475,11.4584,329.4,30.1,1490.546, NAN, NAN, NAN, NAN,,2024/04/05 10:48:47.913,2024-04-05 10:48:47.913000+00:00
2024/04/05, 10:49:47.913,35.73,-74.858,1.14,307.92,5.44,1.24,9.9,9.9,1006.9,1006.9,0.0,0.0,13.74,11.62,2,355,10.0,9.3,61.9,62.7,9.5,8.9,307.6,300.0,1009.0,1009.0,3.92,284.07,67.95,31.2406,11.459,329.7,29.5,1490.54, NAN, NAN, NAN, NAN,,2024/04/05 10:49:47.913,2024-04-05 10:49:47.913000+00:00
2024/04/05, 10:50:47.913,35.731,-74.858,0.97,308.94,351.56,1.15,9.9,9.9,1006.9,1007.1,0.0,0.0,13.74,11.62,2,354,9.0,8.8,62.6,62.5,8.4,8.3,309.5,301.0,1009.0,1009.2,4.35,283.64,70.01,31.2414,11.4622,326.0,28.7,1490.552, NAN, NAN, NAN, NAN,,2024/04/05 10:50:47.913,2024-04-05 10:50:47.913000+00:00
2024/04/05, 10:51:47.913,35.731,-74.859,1.32,313.99,339.15,1.84,9.9,9.9,1007.2,1007.0,0.0,0.0,13.74,11.62,3,358,9.0,8.7,62.4,62.5,8.1,7.8,317.3,311.7,1009.3,1009.1,4.96,284.14,74.3,31.2459,11.4623,331.5,28.0,1490.557, NAN, NAN, NAN, NAN,,2024/04/05 10:51:47.913,2024-04-05 10:51:47.913000+00:00
2024/04/05, 10:52:47.913,35.731,-74.859,3.14,28.46,11.87,3.33,9.9,9.9,1007.0,1007.0,0.0,0.0,13.74,11.62,308,310,9.1,11.6,67.0,62.6,7.8,10.2,328.8,332.9,1009.1,1009.1,5.45,283.51,79.76,31.2557,11.4604,330.7,28.1,1490.563, NAN, NAN, NAN, NAN,,2024/04/05 10:52:47.913,2024-04-05 10:52:47.913000+00:00
2024/04/05, 10:53:47.913,35.732,-74.858,3.63,76.13,74.28,3.59,9.9,9.9,1007.3,1007.0,0.0,0.0,13.74,11.62,241,240,9.0,10.5,66.2,62.8,10.0,11.5,307.6,307.9,1009.4,1009.1,6.31,283.68,87.72,31.2555,11.4622,327.3,28.3,1490.569, NAN, NAN, NAN, NAN,,2024/04/05 10:53:47.913,2024-04-05 10:53:47.913000+00:00
2024/04/05, 10:54:47.913,35.732,-74.857,4.34,109.14,99.55,4.4,9.9,9.9,1007.3,1007.3,0.0,0.0,13.74,11.62,214,219,6.6,5.5,63.0,64.5,8.4,7.2,312.6,314.8,1009.4,1009.4,7.01,283.37,93.72,31.232,11.4609,331.0,28.3,1490.536, NAN, NAN, NAN, NAN,,2024/04/05 10:54:47.913,2024-04-05 10:54:47.913000+00:00
2024/04/05, 10:55:47.913,35.731,-74.855,4.15,136.93,131.06,4.58,9.9,9.9,1007.1,1007.4,0.0,0.0,13.74,11.62,161,160,7.1,7.4,65.1,64.9,9.4,9.7,302.3,301.4,1009.2,1009.5,7.75,283.05,100.48,31.2759,11.4511,330.0,28.5,1490.554, NAN, NAN, NAN, NAN,,2024/04/05 10:55:47.913,2024-04-05 10:55:47.913000+00:00
2024/04/05, 10:56:47.913,35.73,-74.854,4.51,140.38,129.42,4.67,9.8,9.9,1007.2,1007.3,0.0,0.0,13.74,11.62,155,157,6.9,5.8,63.1,63.1,9.2,8.1,299.9,301.9,1009.3,1009.4,8.34,283.13,106.83,31.2793,11.4417,326.7,28.3,1490.525, NAN, NAN, NAN, NAN,,2024/04/05 10:56:47.913,2024-04-05 10:56:47.913000+00:00
2024/04/05, 10:57:47.913,35.729,-74.853,4.88,139.81,152.42,5.25,9.8,9.8,1007.2,1007.2,0.0,0.0,13.74,11.62,155,155,6.5,6.5,60.9,60.5,9.0,9.0,302.8,302.8,1009.3,1009.3,9.97,283.6,120.49,31.2759,11.4324,329.1,28.3,1490.489, NAN, NAN, NAN, NAN,,2024/04/05 10:57:47.913,2024-04-05 10:57:47.913000+00:00
2024/04/05, 10:58:47.913,35.728,-74.852,5.22,139.91,142.16,5.57,9.8,9.8,1007.3,1007.3,0.0,0.0,13.74,11.62,156,154,5.6,5.1,63.0,63.2,8.3,7.8,304.1,303.4,1009.4,1009.4,14.07,283.75,174.89,31.2571,11.4287,326.0,28.7,1490.453, NAN, NAN, NAN, NAN,,2024/04/05 10:58:47.913,2024-04-05 10:58:47.913000+00:00
2024/04/05, 10:59:47.914,35.727,-74.851,5.31,139.15,132.35,5.6,9.9,9.9,1007.2,1007.4,0.0,0.0,13.74,11.62,162,163,5.2,5.9,64.4,63.6,8.0,8.7,306.0,306.3,1009.3,1009.5,11.27,283.87,136.65,31.2264,11.4261,327.8,28.7,1490.407, NAN, NAN, NAN, NAN,,2024/04/05 10:59:47.914,2024-04-05 10:59:47.914000+00:00
2024/04/05, 11:00:47.914,35.726,-74.85,5.47,139.2,135.16,6.0,9.9,9.9,1007.2,1007.3,0.0,0.0,13.74,11.62,167,162,5.2,5.8,65.3,65.2,8.2,8.8,310.5,306.9,1009.3,1009.4,15.57,284.49,181.18,31.1897,11.4249,329.4,28.7,1490.359, NAN, NAN, NAN, NAN,,2024/04/05 11:00:47.914,2024-04-05 11:00:47.914000+00:00
2024/04/05, 11:01:47.914,35.725,-74.848,5.99,140.81,137.0,6.41,9.9,9.9,1007.3,1007.3,0.0,0.0,13.74,11.62,149,146,6.5,5.8,65.0,65.6,9.5,8.8,299.6,298.5,1009.4,1009.4,29.53,284.08,345.62,31.1542,11.4257,328.8,28.8,1490.319, NAN, NAN, NAN, NAN,,2024/04/05 11:01:47.914,2024-04-05 11:01:47.914000+00:00
2024/04/05, 11:02:47.914,35.723,-74.847,6.86,138.85,152.69,7.06,9.8,9.9,1007.2,1007.2,0.0,0.0,13.74,11.62,158,169,5.6,5.8,60.3,59.8,9.0,9.4,307.0,313.6,1009.3,1009.3,34.43,284.81,408.58,31.114,11.4283,328.1,28.8,1490.28, NAN, NAN, NAN, NAN,,2024/04/05 11:02:47.914,2024-04-05 11:02:47.914000+00:00
2024/04/05, 11:03:47.914,35.722,-74.845,6.73,140.86,140.28,7.25,9.9,9.9,1007.6,1007.5,0.0,0.0,13.74,11.62,158,159,6.6,6.6,64.5,64.2,10.2,10.2,306.0,306.6,1009.7,1009.6,42.18,285.01,503.55,31.0872,11.426,328.4,28.5,1490.24, NAN, NAN, NAN, NAN,,2024/04/05 11:03:47.914,2024-04-05 11:03:47.914000+00:00
2024/04/05, 11:04:47.914,35.72,-74.844,7.18,140.3,137.83,7.47,9.9,9.9,1007.5,1007.2,0.0,0.0,13.74,11.62,156,167,5.9,5.1,60.6,64.4,9.6,8.9,304.8,311.9,1009.6,1009.3,42.39,285.57,495.2,31.0577,11.4252,328.4,28.8,1490.202, NAN, NAN, NAN, NAN,,2024/04/05 11:04:47.914,2024-04-05 11:04:47.914000+00:00
2024/04/05, 11:05:47.914,35.719,-74.842,7.25,139.69,136.37,7.65,9.9,9.9,1007.6,1007.4,0.0,0.0,13.74,11.62,153,199,3.7,4.5,63.2,63.0,7.5,8.3,304.1,327.6,1009.7,1009.5,47.69,286.28,564.66,31.0304,11.427,329.1,28.8,1490.176, NAN, NAN, NAN, NAN,,2024/04/05 11:05:47.914,2024-04-05 11:05:47.914000+00:00
2024/04/05, 11:06:47.914,35.717,-74.84,7.17,139.83,137.75,7.04,9.9,9.9,1007.4,1007.6,0.0,0.0,13.74,11.62,145,188,4.3,3.7,62.2,62.5,7.6,7.3,299.6,322.6,1009.5,1009.7,51.36,286.44,617.11,31.0178,11.4324,325.1,28.5,1490.179, NAN, NAN, NAN, NAN,,2024/04/05 11:06:47.914,2024-04-05 11:06:47.914000+00:00
2024/04/05, 11:07:47.914,35.716,-74.839,7.0,140.53,140.55,7.45,9.9,9.9,1007.4,1007.4,0.0,0.0,13.74,11.62,151,163,5.3,4.9,63.0,62.7,8.9,8.6,303.2,310.5,1009.5,1009.5,53.56,286.43,605.09,31.0053,11.4392,328.8,28.5,1490.188, NAN, NAN, NAN, NAN,,2024/04/05 11:07:47.914,2024-04-05 11:07:47.914000+00:00
2024/04/05, 11:08:47.914,35.714,-74.837,7.29,137.76,143.09,7.17,9.8,9.9,1007.6,1007.5,0.0,0.0,13.74,11.62,157,147,5.3,5.8,60.4,60.3,8.7,9.0,306.2,299.4,1009.7,1009.6,60.33,287.28,675.62,30.9956,11.4473,334.5,28.5,1490.205, NAN, NAN, NAN, NAN,,2024/04/05 11:08:47.914,2024-04-05 11:08:47.914000+00:00
2024/04/05, 11:09:47.914,35.713,-74.835,7.15,140.38,144.5,7.46,9.9,9.9,1007.8,1007.5,0.0,0.0,13.74,11.62,156,176,4.5,4.0,62.7,62.6,8.1,7.8,308.7,319.7,1009.9,1009.6,64.3,288.14,698.39,31.0097,11.4583,328.1,28.5,1490.26, NAN, NAN, NAN, NAN,,2024/04/05 11:09:47.914,2024-04-05 11:09:47.914000+00:00
2024/04/05, 11:10:47.914,35.711,-74.834,7.14,139.32,138.18,7.56,9.9,9.9,1007.3,1007.6,0.0,0.0,13.74,11.62,159,161,5.4,5.5,62.5,63.7,9.1,9.3,306.7,307.8,1009.4,1009.7,68.3,289.02,729.92,30.9984,11.4746,334.4,28.6,1490.304, NAN, NAN, NAN, NAN,,2024/04/05 11:10:47.914,2024-04-05 11:10:47.914000+00:00
2024/04/05, 11:11:47.914,35.71,-74.832,7.16,139.33,139.47,6.95,9.9,9.9,1007.7,1007.5,0.0,0.0,13.74,11.62,178,165,4.3,6.0,64.3,64.3,7.9,9.5,317.2,309.1,1009.8,1009.6,68.73,289.58,735.0,30.9904,11.4855,327.6,28.7,1490.332, NAN, NAN, NAN, NAN,,2024/04/05 11:11:47.914,2024-04-05 11:11:47.914000+00:00
2024/04/05, 11:12:47.914,35.708,-74.83,7.11,140.08,140.39,7.37,9.9,9.9,1007.6,1007.6,0.0,0.0,13.74,11.62,181,181,4.4,5.6,62.2,62.7,8.2,9.4,320.7,320.7,1009.7,1009.7,58.47,290.13,586.53,30.9721,11.489,333.1,28.7,1490.323, NAN, NAN, NAN, NAN,,2024/04/05 11:12:47.914,2024-04-05 11:12:47.914000+00:00
2024/04/05, 11:13:47.914,35.707,-74.829,7.13,140.16,139.39,7.24,9.9,9.9,1007.7,1007.8,0.0,0.0,13.74,11.62,171,199,4.0,4.1,61.5,61.4,7.7,7.7,315.2,329.8,1009.8,1009.9,59.09,290.87,598.25,30.9421,11.4922,332.8,28.5,1490.298, NAN, NAN, NAN, NAN,,2024/04/05 11:13:47.914,2024-04-05 11:13:47.914000+00:00
2024/04/05, 11:14:47.915,35.705,-74.827,7.17,139.36,136.16,7.08,9.9,9.9,1007.7,1007.8,0.0,0.0,13.74,11.62,155,162,4.7,6.0,65.9,66.1,8.2,9.7,304.5,307.5,1009.8,1009.9,65.34,290.78,626.31,30.9065,11.5045,340.1,29.0,1490.298, NAN, NAN, NAN, NAN,,2024/04/05 11:14:47.915,2024-04-05 11:14:47.915000+00:00
2024/04/05, 11:15:47.915,35.703,-74.826,7.22,140.75,137.21,7.11,9.9,9.9,1007.7,1007.8,0.0,0.0,13.74,11.62,145,155,3.7,4.3,62.0,62.0,7.0,7.8,303.2,307.3,1009.8,1009.9,87.5,291.53,862.57,30.8951,11.527,336.1,29.4,1490.363, NAN, NAN, NAN, NAN,,2024/04/05 11:15:47.915,2024-04-05 11:15:47.915000+00:00
2024/04/05, 11:16:47.915,35.702,-74.825,4.09,166.12,147.87,3.17,9.9,9.9,1007.5,1007.6,0.0,0.0,13.74,11.62,146,147,8.3,7.2,62.6,62.3,9.8,8.8,315.4,316.6,1009.6,1009.7,67.43,290.86,892.67,30.876,11.5495,335.2,29.3,1490.419, NAN, NAN, NAN, NAN,,2024/04/05 11:16:47.915,2024-04-05 11:16:47.915000+00:00
2024/04/05, 11:17:47.915,35.702,-74.824,0.17,196.24,107.36,1.03,9.9,9.9,1007.6,1007.4,0.0,0.0,13.74,11.62,125,120,11.5,10.2,61.0,61.0,12.0,10.7,320.3,315.4,1009.7,1009.5,94.16,290.02,901.4,30.8423,11.5628,336.8,29.5,1490.425, NAN, NAN, NAN, NAN,,2024/04/05 11:17:47.915,2024-04-05 11:17:47.915000+00:00
2024/04/05, 11:18:47.915,35.702,-74.824,0.04,212.31,132.79,0.87,9.9,9.9,1007.6,1007.4,0.0,0.0,13.74,11.62,112,107,9.8,8.9,59.4,59.2,10.2,9.3,323.9,319.1,1009.7,1009.5,100.57,290.26,917.85,30.7729,11.574,339.5,29.5,1490.381, NAN, NAN, NAN, NAN,,2024/04/05 11:18:47.915,2024-04-05 11:18:47.915000+00:00
2024/04/05, 11:19:47.915,35.701,-74.824,-0.47,241.87,90.55,0.85,9.9,9.9,1007.9,1007.4,0.0,0.0,13.74,11.62,82,77,9.3,9.6,59.0,59.0,9.7,10.0,322.4,317.7,1010.0,1009.5,100.33,290.97,922.24,30.7225,11.5723,333.4,28.8,1490.315, NAN, NAN, NAN, NAN,,2024/04/05 11:19:47.915,2024-04-05 11:19:47.915000+00:00
2024/04/05, 11:20:47.915,35.701,-74.823,-0.64,283.16,71.5,1.48,9.9,9.9,1007.3,1007.9,0.0,0.0,13.74,11.62,48,44,9.1,10.9,62.3,62.2,9.6,11.5,327.9,324.6,1009.4,1010.0,99.55,291.22,930.69,30.6855,11.5797,343.8,29.0,1490.297, NAN, NAN, NAN, NAN,,2024/04/05 11:20:47.915,2024-04-05 11:20:47.915000+00:00
2024/04/05, 11:21:47.915,35.701,-74.823,-0.23,312.49,157.82,0.77,9.9,9.9,1007.7,1007.3,0.0,0.0,13.74,11.62,1,355,7.7,7.5,61.9,61.8,8.1,7.9,314.5,308.8,1009.8,1009.4,108.81,291.53,956.41,30.7024,11.5926,332.4,29.1,1490.362, NAN, NAN, NAN, NAN,,2024/04/05 11:21:47.915,2024-04-05 11:21:47.915000+00:00
2024/04/05, 11:22:47.915,35.701,-74.823,1.0,313.56,304.17,0.35,9.9,9.9,1007.6,1007.7,0.0,0.0,13.74,11.62,354,346,8.4,8.2,64.4,64.1,8.3,8.0,308.3,300.2,1009.7,1009.8,112.33,290.32,969.7,30.708,11.6113,333.7,29.3,1490.434, NAN, NAN, NAN, NAN,,2024/04/05 11:22:47.915,2024-04-05 11:22:47.915000+00:00
2024/04/05, 11:23:47.915,35.701,-74.823,0.01,311.12,72.88,0.3,9.9,9.9,1007.6,1007.6,0.0,0.0,13.74,11.62,358,354,8.3,8.2,62.7,63.0,8.4,8.3,308.3,304.3,1009.7,1009.7,112.44,290.23,996.43,30.6712,11.6504,332.8,29.5,1490.526, NAN, NAN, NAN, NAN,,2024/04/05 11:23:47.915,2024-04-05 11:23:47.915000+00:00
2024/04/05, 11:24:47.915,35.701,-74.823,0.03,309.25,38.52,0.08,9.9,9.9,1007.8,1007.7,0.0,0.0,13.74,11.62,352,346,8.5,8.3,64.5,64.5,8.5,8.3,301.4,295.5,1009.9,1009.8,115.81,289.58,1019.97,30.642,11.6783,336.4,29.0,1490.588, NAN, NAN, NAN, NAN,,2024/04/05 11:24:47.915,2024-04-05 11:24:47.915000+00:00
2024/04/05, 11:25:47.915,35.701,-74.823,0.2,311.82,169.92,0.2,9.9,10.0,1007.5,1007.6,0.0,0.0,13.74,11.62,349,343,9.0,8.8,63.7,63.8,9.0,8.8,301.4,295.5,1009.6,1009.7,118.54,289.2,1022.67,30.6385,11.7118,340.9,29.6,1490.701, NAN, NAN, NAN, NAN,,2024/04/05 11:25:47.915,2024-04-05 11:25:47.915000+00:00
2024/04/05, 11:26:47.915,35.701,-74.823,0.11,304.7,254.04,0.35,9.9,9.9,1007.6,1007.8,0.0,0.0,13.74,11.62,1,354,7.6,7.6,63.8,64.1,7.5,7.5,306.9,299.8,1009.7,1009.9,110.87,288.92,991.64,30.6599,11.7347,342.8,29.6,1490.806, NAN, NAN, NAN, NAN,,2024/04/05 11:26:47.915,2024-04-05 11:26:47.915000+00:00
2024/04/05, 11:27:47.915,35.701,-74.823,0.46,305.82,265.41,0.39,9.9,9.9,1007.6,1007.6,0.0,0.0,13.74,11.62,359,353,9.5,9.3,63.1,63.4,9.4,9.2,306.0,299.9,1009.7,1009.7,99.09,287.54,865.47,30.812,11.7192,342.8,29.7,1490.934, NAN, NAN, NAN, NAN,,2024/04/05 11:27:47.915,2024-04-05 11:27:47.915000+00:00
2024/04/05, 11:28:47.915,35.701,-74.823,0.33,307.52,1.34,0.39,9.9,9.9,1007.7,1007.7,0.0,0.0,13.74,11.62,357,351,9.1,8.7,63.4,63.4,9.0,8.6,303.6,297.5,1009.8,1009.8,80.64,287.25,703.68,31.0285,11.6991,337.1,29.6,1491.123, NAN, NAN, NAN, NAN,,2024/04/05 11:28:47.915,2024-04-05 11:28:47.915000+00:00
2024/04/05, 11:29:47.915,35.701,-74.823,0.51,306.29,52.5,0.24,9.9,9.9,1007.7,1007.7,0.0,0.0,13.74,11.62,2,354,8.9,8.5,62.1,62.0,8.8,8.4,307.9,299.8,1009.8,1009.8,80.14,287.06,697.86,31.0177,11.6736,338.8,29.7,1491.021, NAN, NAN, NAN, NAN,,2024/04/05 11:29:47.915,2024-04-05 11:29:47.915000+00:00
2024/04/05, 11:30:47.916,35.701,-74.823,0.75,306.46,254.82,1.15,9.9,9.9,1007.6,1007.7,0.0,0.0,13.74,11.62,359,352,8.0,7.5,65.2,65.1,7.5,7.0,308.2,301.0,1009.7,1009.8,70.01,286.94,606.4,31.0147,11.6492,337.9,29.7,1490.933, NAN, NAN, NAN, NAN,,2024/04/05 11:30:47.916,2024-04-05 11:30:47.916000+00:00
2024/04/05, 11:31:47.916,35.701,-74.823,0.97,307.12,276.71,1.12,10.0,10.0,1007.6,1007.6,0.0,0.0,13.74,11.62,359,353,9.6,9.4,67.2,67.4,9.0,8.8,307.0,300.7,1009.7,1009.7,110.08,286.78,926.95,31.0058,11.6372,333.4,29.8,1490.88, NAN, NAN, NAN, NAN,,2024/04/05 11:31:47.916,2024-04-05 11:31:47.916000+00:00
2024/04/05, 11:32:47.916,35.702,-74.824,0.09,306.25,313.68,0.91,9.9,10.0,1007.8,1007.7,0.0,0.0,13.74,11.62,7,359,9.8,9.4,64.5,64.8,9.3,8.9,313.0,304.6,1009.9,1009.8,107.74,286.55,918.57,31.1607,11.632,320.6,29.7,1491.048, NAN, NAN, NAN, NAN,,2024/04/05 11:32:47.916,2024-04-05 11:32:47.916000+00:00
2024/04/05, 11:33:47.916,35.702,-74.824,1.61,305.77,303.0,1.22,9.9,9.9,1007.7,1007.7,0.0,0.0,13.74,11.62,7,0,10.1,9.6,62.6,62.5,9.5,9.0,313.1,305.6,1009.8,1009.8,85.24,285.56,730.42,31.0832,11.6283,331.5,29.9,1490.942, NAN, NAN, NAN, NAN,,2024/04/05 11:33:47.916,2024-04-05 11:33:47.916000+00:00
2024/04/05, 11:34:47.916,35.702,-74.824,0.7,305.51,307.58,0.79,9.9,9.9,1007.8,1007.6,0.0,0.0,13.74,11.62,3,356,9.0,8.6,63.8,63.4,8.6,8.2,308.9,301.6,1009.9,1009.7,94.65,285.88,781.84,30.9429,11.6166,333.4,29.6,1490.733, NAN, NAN, NAN, NAN,,2024/04/05 11:34:47.916,2024-04-05 11:34:47.916000+00:00
2024/04/05, 11:35:47.916,35.702,-74.825,1.06,305.86,357.53,0.86,9.9,9.9,1008.0,1007.6,0.0,0.0,13.74,11.62,353,348,8.2,8.2,64.4,63.8,7.9,7.9,296.6,291.4,1010.1,1009.7,131.7,286.68,1097.49,30.8508,11.6055,340.8,29.7,1490.584, NAN, NAN, NAN, NAN,,2024/04/05 11:35:47.916,2024-04-05 11:35:47.916000+00:00
2024/04/05, 11:36:47.916,35.702,-74.825,0.34,306.6,358.73,0.45,9.9,9.9,1007.7,1007.6,0.0,0.0,13.74,11.62,359,351,10.0,9.6,63.0,63.4,9.8,9.4,305.8,297.6,1009.8,1009.7,145.13,286.16,1186.56,30.7908,11.5941,338.5,29.6,1490.473, NAN, NAN, NAN, NAN,,2024/04/05 11:36:47.916,2024-04-05 11:36:47.916000+00:00
2024/04/05, 11:37:47.916,35.702,-74.825,0.14,305.03,74.87,0.41,9.9,9.9,1007.7,1007.9,0.0,0.0,13.74,11.62,353,349,8.3,8.3,61.8,61.7,8.4,8.5,297.0,293.1,1009.8,1010.0,147.9,286.48,1197.46,30.7538,11.5839,338.8,29.5,1490.393, NAN, NAN, NAN, NAN,,2024/04/05 11:37:47.916,2024-04-05 11:37:47.916000+00:00
2024/04/05, 11:38:47.916,35.702,-74.825,-0.19,307.12,110.35,0.61,9.9,9.9,1007.8,1007.9,0.0,0.0,13.74,11.62,356,352,8.5,8.4,64.3,62.0,8.7,8.6,304.7,300.8,1009.9,1010.0,154.7,286.67,1218.22,30.7206,11.5759,340.1,29.4,1490.325, NAN, NAN, NAN, NAN,,2024/04/05 11:38:47.916,2024-04-05 11:38:47.916000+00:00
2024/04/05, 11:39:47.916,35.702,-74.824,-0.31,306.44,139.06,0.98,9.9,9.9,1007.8,1007.8,0.0,0.0,13.74,11.62,355,348,8.7,8.4,64.1,64.7,9.2,8.9,301.2,294.6,1009.9,1009.9,152.19,286.14,1225.51,30.7105,11.5735,343.2,29.6,1490.305, NAN, NAN, NAN, NAN,,2024/04/05 11:39:47.916,2024-04-05 11:39:47.916000+00:00
2024/04/05, 11:40:47.916,35.702,-74.824,-0.15,305.0,155.85,0.71,9.9,9.9,1007.9,1007.8,0.0,0.0,13.74,11.62,4,357,9.1,8.9,62.3,62.4,9.5,9.3,308.8,302.1,1010.0,1009.9,154.49,285.86,1196.24,30.7238,11.5745,342.5,29.4,1490.324, NAN, NAN, NAN, NAN,,2024/04/05 11:40:47.916,2024-04-05 11:40:47.916000+00:00
2024/04/05, 11:41:47.916,35.702,-74.824,-0.51,313.35,143.08,1.32,9.9,9.9,1007.8,1007.9,0.0,0.0,13.74,11.62,355,349,8.4,8.2,63.2,63.1,9.1,8.9,308.7,303.2,1009.9,1010.0,161.47,286.15,1252.07,30.7121,11.5846,339.5,29.4,1490.345, NAN, NAN, NAN, NAN,,2024/04/05 11:41:47.916,2024-04-05 11:41:47.916000+00:00
2024/04/05, 11:42:47.916,35.702,-74.824,0.03,342.26,78.07,0.92,9.9,9.9,1007.6,1007.9,0.0,0.0,13.74,11.62,332,328,9.0,11.6,64.0,64.1,9.2,11.8,311.5,308.1,1009.7,1010.0,161.85,286.36,1281.19,30.7216,11.6021,334.8,29.5,1490.418, NAN, NAN, NAN, NAN,,2024/04/05 11:42:47.916,2024-04-05 11:42:47.916000+00:00
2024/04/05, 11:43:47.916,35.702,-74.824,0.34,346.78,14.19,2.51,9.9,9.9,1008.1,1007.8,0.0,0.0,13.74,11.62,319,317,10.7,13.6,63.2,63.2,10.1,13.0,299.4,298.8,1010.2,1009.9,167.89,286.0,1305.24,30.7602,11.5961,334.8,29.2,1490.443, NAN, NAN, NAN, NAN,,2024/04/05 11:43:47.916,2024-04-05 11:43:47.916000+00:00
2024/04/05, 11:44:47.916,35.703,-74.824,1.19,344.07,350.65,4.13,9.9,9.9,1007.9,1007.8,0.0,0.0,13.74,11.62,327,322,9.6,12.9,63.8,63.6,8.1,11.5,301.3,298.5,1010.0,1009.9,170.79,286.58,1315.69,30.7577,11.582,333.1,29.4,1490.391, NAN, NAN, NAN, NAN,,2024/04/05 11:44:47.916,2024-04-05 11:44:47.916000+00:00
2024/04/05, 11:45:47.917,35.704,-74.824,2.54,341.72,356.0,4.79,9.9,9.9,1008.0,1007.7,0.0,0.0,13.74,11.62,333,328,9.9,12.4,62.3,62.3,8.3,10.9,303.0,300.0,1010.1,1009.8,175.62,286.18,1332.09,30.7446,11.567,336.8,29.4,1490.323, NAN, NAN, NAN, NAN,,2024/04/05 11:45:47.917,2024-04-05 11:45:47.917000+00:00
2024/04/05, 11:46:47.917,35.706,-74.824,3.47,337.24,344.97,5.17,9.9,9.9,1007.8,1007.8,0.0,0.0,13.74,11.62,327,324,11.4,14.5,65.6,65.3,9.5,12.7,293.9,293.1,1009.9,1009.9,184.14,286.09,1342.18,30.8252,11.5525,347.2,29.0,1490.369, NAN, NAN, NAN, NAN,,2024/04/05 11:46:47.917,2024-04-05 11:46:47.917000+00:00
2024/04/05, 11:47:47.917,35.707,-74.825,4.35,331.39,348.78,5.31,9.9,9.9,1008.0,1007.8,0.0,0.0,13.74,11.62,334,328,11.0,13.4,64.9,65.1,9.1,11.7,294.2,289.7,1010.1,1009.9,187.93,286.45,1351.05,30.7534,11.5345,327.6,29.6,1490.22, NAN, NAN, NAN, NAN,,2024/04/05 11:47:47.917,2024-04-05 11:47:47.917000+00:00
2024/04/05, 11:48:47.917,35.708,-74.825,5.03,322.75,336.62,4.5,9.9,9.9,1007.8,1007.8,0.0,0.0,13.74,11.62,349,342,10.7,10.7,66.4,65.4,8.6,8.7,306.1,297.5,1009.9,1009.9,189.97,285.82,1355.64,30.7347,11.5201,321.7,29.6,1490.147, NAN, NAN, NAN, NAN,,2024/04/05 11:48:47.917,2024-04-05 11:48:47.917000+00:00
2024/04/05, 11:49:47.917,35.709,-74.826,4.69,319.55,331.67,3.99,9.9,9.9,1007.7,1007.8,0.0,0.0,13.74,11.62,347,339,11.7,12.2,62.7,63.0,9.8,10.5,302.1,293.0,1009.8,1009.9,191.55,285.38,1369.03,30.7323,11.5121,309.9,29.7,1490.116, NAN, NAN, NAN, NAN,,2024/04/05 11:49:47.917,2024-04-05 11:49:47.917000+00:00
2024/04/05, 11:50:47.917,35.71,-74.827,3.94,318.88,322.21,3.81,9.8,9.9,1007.8,1007.8,0.0,0.0,13.74,11.62,346,340,11.7,12.0,62.6,62.6,9.9,10.3,301.2,294.2,1009.9,1009.9,198.06,285.63,1372.66,30.745,11.4959,304.4,29.7,1490.075, NAN, NAN, NAN, NAN,,2024/04/05 11:50:47.917,2024-04-05 11:50:47.917000+00:00
2024/04/05, 11:51:47.917,35.711,-74.828,3.88,318.65,324.54,3.68,9.8,9.9,1007.8,1008.0,0.0,0.0,13.74,11.62,354,347,11.8,11.4,63.0,63.2,10.0,9.6,310.5,302.1,1009.9,1010.1,202.07,285.17,1385.53,30.7628,11.487,303.8,29.7,1490.065, NAN, NAN, NAN, NAN,,2024/04/05 11:51:47.917,2024-04-05 11:51:47.917000+00:00
2024/04/05, 11:52:47.917,35.712,-74.829,3.77,318.29,336.1,3.87,9.8,9.8,1008.0,1008.0,0.0,0.0,13.74,11.62,348,342,12.0,12.1,61.4,61.6,10.2,10.4,301.6,294.7,1010.1,1010.1,201.35,285.66,1396.95,30.7811,11.4819,301.1,29.7,1490.069, NAN, NAN, NAN, NAN,,2024/04/05 11:52:47.917,2024-04-05 11:52:47.917000+00:00
2024/04/05, 11:53:47.917,35.713,-74.829,2.97,316.4,310.16,3.79,9.8,9.8,1007.9,1008.0,0.0,0.0,13.74,11.62,354,347,11.1,11.1,60.0,60.0,9.2,9.2,309.9,301.5,1010.0,1010.1,203.13,286.11,1403.37,30.8029,11.4749,296.4,29.7,1490.071, NAN, NAN, NAN, NAN,,2024/04/05 11:53:47.917,2024-04-05 11:53:47.917000+00:00
2024/04/05, 11:54:47.917,35.714,-74.83,3.28,316.15,310.95,3.76,9.8,9.8,1008.0,1008.0,0.0,0.0,13.74,11.62,357,350,11.4,11.2,64.0,63.9,9.5,9.3,312.7,304.3,1010.1,1010.1,211.75,286.04,1413.86,30.8237,11.4715,300.4,29.9,1490.084, NAN, NAN, NAN, NAN,,2024/04/05 11:54:47.917,2024-04-05 11:54:47.917000+00:00
2024/04/05, 11:55:47.917,35.714,-74.831,2.4,311.18,316.71,1.7,9.8,9.8,1008.1,1008.1,0.0,0.0,13.74,11.62,354,347,10.8,10.4,63.1,62.8,9.9,9.6,304.2,296.5,1010.2,1010.2,216.36,286.02,1427.98,30.843,11.4689,294.8,29.7,1490.098, NAN, NAN, NAN, NAN,,2024/04/05 11:55:47.917,2024-04-05 11:55:47.917000+00:00
2024/04/05, 11:56:47.917,35.714,-74.831,0.95,311.84,322.84,0.72,9.8,9.8,1008.1,1008.1,0.0,0.0,13.74,11.62,355,349,9.4,9.3,62.9,62.9,9.1,9.0,305.7,299.5,1010.2,1010.2,217.26,286.02,1438.98,30.8572,11.4722,293.1,29.8,1490.126, NAN, NAN, NAN, NAN,,2024/04/05 11:56:47.917,2024-04-05 11:56:47.917000+00:00
2024/04/05, 11:57:47.917,35.714,-74.831,0.19,309.5,79.49,0.18,9.8,9.8,1008.3,1008.2,0.0,0.0,13.74,11.62,0,353,9.3,9.0,60.2,60.0,9.4,9.1,309.4,302.5,1010.4,1010.3,221.67,285.64,1452.52,30.8735,11.4742,292.8,29.6,1490.153, NAN, NAN, NAN, NAN,,2024/04/05 11:57:47.917,2024-04-05 11:57:47.917000+00:00
2024/04/05, 11:58:47.917,35.714,-74.831,0.27,309.64,326.31,0.24,9.8,9.8,1008.3,1008.1,0.0,0.0,13.74,11.62,1,354,9.7,9.1,60.4,62.3,9.6,9.0,310.2,303.1,1010.4,1010.2,226.22,285.86,1462.97,30.8869,11.4768,294.7,29.6,1490.178, NAN, NAN, NAN, NAN,,2024/04/05 11:58:47.917,2024-04-05 11:58:47.917000+00:00
2024/04/05, 11:59:47.917,35.714,-74.831,0.08,310.33,97.28,0.2,9.8,9.8,1008.1,1008.1,0.0,0.0,13.74,11.62,0,355,9.0,8.9,63.1,62.9,9.1,9.0,310.3,305.4,1010.2,1010.2,227.39,286.3,1474.4,30.9099,11.4752,299.5,29.5,1490.2, NAN, NAN, NAN, NAN,,2024/04/05 11:59:47.917,2024-04-05 11:59:47.917000+00:00
2024/04/05, 12:00:47.918,35.714,-74.831,0.16,311.2,221.68,0.41,9.8,9.8,1008.1,1008.1,0.0,0.0,13.74,11.62,0,353,9.4,8.9,64.5,64.3,9.4,8.9,312.5,305.6,1010.2,1010.2,234.74,286.08,1478.96,30.9356,11.4733,308.0,29.6,1490.224, NAN, NAN, NAN, NAN,,2024/04/05 12:00:47.918,2024-04-05 12:00:47.918000+00:00
2024/04/05, 12:01:47.918,35.714,-74.831,0.12,312.23,259.34,0.39,9.8,9.8,1008.2,1008.2,0.0,0.0,13.74,11.62,358,352,9.0,9.2,60.6,60.5,8.9,9.1,311.2,305.1,1010.3,1010.3,236.77,285.87,1496.69,30.9499,11.4729,310.8,29.2,1490.24, NAN, NAN, NAN, NAN,,2024/04/05 12:01:47.918,2024-04-05 12:01:47.918000+00:00
2024/04/05, 12:02:47.918,35.714,-74.831,0.08,306.41,93.55,0.36,9.8,9.8,1008.3,1008.2,0.0,0.0,13.74,11.62,4,358,10.2,10.1,62.3,62.0,10.4,10.3,310.1,304.2,1010.4,1010.3,239.75,285.81,1500.87,30.9811,11.4724,319.0,29.1,1490.275, NAN, NAN, NAN, NAN,,2024/04/05 12:02:47.918,2024-04-05 12:02:47.918000+00:00
2024/04/05, 12:03:47.918,35.714,-74.831,0.33,309.04,5.97,0.46,9.7,9.8,1008.2,1008.2,0.0,0.0,13.74,11.62,354,347,8.1,8.2,60.5,60.6,8.0,8.1,301.5,294.5,1010.3,1010.3,243.42,286.39,1505.69,31.0116,11.4679,328.8,29.8,1490.296, NAN, NAN, NAN, NAN,,2024/04/05 12:03:47.918,2024-04-05 12:03:47.918000+00:00
2024/04/05, 12:04:47.918,35.714,-74.831,0.29,310.36,324.25,0.16,9.8,9.8,1008.2,1008.4,0.0,0.0,13.74,11.62,3,357,10.4,10.0,63.0,62.8,10.3,9.9,313.4,307.4,1010.3,1010.5,248.33,285.92,1519.88,31.0276,11.4631,329.7,29.2,1490.299, NAN, NAN, NAN, NAN,,2024/04/05 12:04:47.918,2024-04-05 12:04:47.918000+00:00
2024/04/05, 12:05:47.918,35.714,-74.831,0.24,310.23,9.94,0.26,9.7,9.8,1008.1,1008.3,0.0,0.0,13.74,11.62,3,356,8.7,8.2,61.8,61.6,8.6,8.1,312.8,305.7,1010.2,1010.4,249.33,286.38,1527.84,31.0705,11.4602,331.5,29.4,1490.34, NAN, NAN, NAN, NAN,,2024/04/05 12:05:47.918,2024-04-05 12:05:47.918000+00:00
2024/04/05, 12:06:47.918,35.714,-74.831,0.11,308.89,179.21,0.64,9.8,9.8,1008.1,1008.3,0.0,0.0,13.74,11.62,359,354,8.8,8.7,63.7,63.7,8.9,8.8,309.8,304.9,1010.2,1010.4,256.6,286.15,1539.29,31.1049,11.4585,330.0,29.6,1490.375, NAN, NAN, NAN, NAN,,2024/04/05 12:06:47.918,2024-04-05 12:06:47.918000+00:00
2024/04/05, 12:07:47.918,35.714,-74.831,0.36,310.18,126.5,0.09,9.8,9.8,1008.2,1008.1,0.0,0.0,13.74,11.62,357,352,8.1,7.9,62.6,62.5,8.1,7.9,307.1,302.1,1010.3,1010.2,261.4,286.66,1549.41,31.1814,11.4556,323.3,29.8,1490.457, NAN, NAN, NAN, NAN,,2024/04/05 12:07:47.918,2024-04-05 12:07:47.918000+00:00
2024/04/05, 12:08:47.918,35.714,-74.831,0.31,310.83,176.43,0.31,9.8,9.8,1008.2,1008.1,0.0,0.0,13.74,11.62,5,358,9.4,9.2,63.4,63.5,9.4,9.2,316.8,309.8,1010.3,1010.2,263.61,285.72,1554.56,31.3145,11.4554,311.2,29.8,1490.616, NAN, NAN, NAN, NAN,,2024/04/05 12:08:47.918,2024-04-05 12:08:47.918000+00:00
2024/04/05, 12:09:47.918,35.714,-74.831,0.23,310.18,282.77,0.07,9.8,9.8,1008.1,1008.1,0.0,0.0,13.74,11.62,355,348,9.4,9.2,61.7,62.1,9.4,9.2,305.4,298.3,1010.2,1010.2,267.62,285.86,1567.07,31.2456,11.4553,315.3,29.9,1490.533, NAN, NAN, NAN, NAN,,2024/04/05 12:09:47.918,2024-04-05 12:09:47.918000+00:00
2024/04/05, 12:10:47.918,35.714,-74.831,0.28,311.05,61.94,0.1,9.7,9.8,1008.2,1008.1,0.0,0.0,13.74,11.62,354,347,8.9,8.5,59.9,59.9,8.9,8.5,304.8,297.7,1010.3,1010.2,271.7,286.4,1578.59,31.1579,11.4535,319.3,29.6,1490.421, NAN, NAN, NAN, NAN,,2024/04/05 12:10:47.918,2024-04-05 12:10:47.918000+00:00
2024/04/05, 12:11:47.918,35.715,-74.831,0.31,308.2,146.88,0.19,9.7,9.8,1008.1,1008.1,0.0,0.0,13.74,11.62,352,344,9.4,9.5,62.3,62.7,9.4,9.5,300.8,292.8,1010.2,1010.2,275.6,286.4,1592.52,31.128,11.4527,320.0,29.7,1490.383, NAN, NAN, NAN, NAN,,2024/04/05 12:11:47.918,2024-04-05 12:11:47.918000+00:00
2024/04/05, 12:12:47.918,35.715,-74.831,1.14,309.1,333.73,0.67,9.7,9.8,1008.1,1008.0,0.0,0.0,13.74,11.62,351,345,8.9,9.0,61.5,62.3,8.6,8.7,298.7,292.6,1010.2,1010.1,282.51,286.22,1606.11,31.1681,11.4509,316.9,29.9,1490.424, NAN, NAN, NAN, NAN,,2024/04/05 12:12:47.918,2024-04-05 12:12:47.918000+00:00
2024/04/05, 12:13:47.918,35.715,-74.831,0.52,309.06,302.15,0.72,9.7,9.7,1008.1,1008.2,0.0,0.0,13.74,11.62,349,342,8.4,8.5,62.0,62.3,8.0,8.1,297.8,290.5,1010.2,1010.3,284.04,286.91,1613.98,31.1778,11.4513,319.0,29.4,1490.437, NAN, NAN, NAN, NAN,,2024/04/05 12:13:47.918,2024-04-05 12:13:47.918000+00:00
2024/04/05, 12:14:47.918,35.715,-74.832,0.94,309.28,349.39,0.51,9.7,9.7,1008.2,1008.0,0.0,0.0,13.74,11.62,351,345,7.3,7.7,64.5,64.7,7.1,7.5,298.7,292.7,1010.3,1010.1,283.92,287.51,1623.66,31.1803,11.452,327.0,27.6,1490.443, NAN, NAN, NAN, NAN,,2024/04/05 12:14:47.918,2024-04-05 12:14:47.918000+00:00
2024/04/05, 12:15:47.919,35.715,-74.832,0.94,308.44,3.18,0.35,9.7,9.7,1008.2,1008.2,0.0,0.0,13.74,11.62,0,354,8.4,8.0,65.5,65.2,8.3,7.9,307.6,301.5,1010.3,1010.3,287.94,287.21,1631.7,31.1765,11.4536,319.0,28.1,1490.444, NAN, NAN, NAN, NAN,,2024/04/05 12:15:47.919,2024-04-05 12:15:47.919000+00:00
2024/04/05, 12:16:47.919,35.715,-74.832,0.78,309.89,253.9,0.64,9.7,9.8,1008.1,1008.3,0.0,0.0,13.74,11.62,350,343,9.5,9.7,65.1,65.8,9.2,9.4,300.5,293.3,1010.2,1010.4,293.98,286.45,1645.04,31.1809,11.454,322.0,28.3,1490.451, NAN, NAN, NAN, NAN,,2024/04/05 12:16:47.919,2024-04-05 12:16:47.919000+00:00
2024/04/05, 12:17:47.919,35.715,-74.832,0.52,309.15,349.22,0.64,9.7,9.7,1008.1,1008.3,0.0,0.0,13.74,11.62,349,343,9.1,9.3,60.2,59.9,8.9,9.1,296.7,290.6,1010.2,1010.4,299.57,286.97,1652.53,31.1511,11.4514,316.3,28.1,1490.406, NAN, NAN, NAN, NAN,,2024/04/05 12:17:47.919,2024-04-05 12:17:47.919000+00:00
2024/04/05, 12:18:47.919,35.715,-74.832,0.85,309.79,335.76,0.54,9.7,9.7,1008.3,1008.3,0.0,0.0,13.74,11.62,354,346,9.1,9.0,61.1,61.2,8.8,8.8,303.2,294.9,1010.4,1010.4,303.84,287.15,1667.27,31.1238,11.4506,315.0,28.1,1490.37, NAN, NAN, NAN, NAN,,2024/04/05 12:18:47.919,2024-04-05 12:18:47.919000+00:00
2024/04/05, 12:19:47.919,35.715,-74.832,0.63,309.95,332.11,0.48,9.6,9.7,1008.2,1008.1,0.0,0.0,13.74,11.62,357,351,9.1,9.3,59.4,59.3,8.9,9.1,306.7,300.5,1010.3,1010.2,311.21,287.68,1681.31,31.112,11.4516,320.0,28.2,1490.36, NAN, NAN, NAN, NAN,,2024/04/05 12:19:47.919,2024-04-05 12:19:47.919000+00:00
2024/04/05, 12:20:47.919,35.715,-74.832,0.61,310.67,243.04,0.49,9.6,9.7,1008.4,1008.2,0.0,0.0,13.74,11.62,352,347,9.7,9.6,58.4,58.5,9.6,9.4,303.9,298.9,1010.5,1010.3,316.87,288.23,1702.4,31.0947,11.4519,314.7,28.4,1490.34, NAN, NAN, NAN, NAN,,2024/04/05 12:20:47.919,2024-04-05 12:20:47.919000+00:00
2024/04/05, 12:21:47.919,35.715,-74.832,1.1,309.69,19.98,0.35,9.6,9.7,1008.3,1008.4,0.0,0.0,13.74,11.62,358,350,8.9,8.9,60.9,60.9,8.8,8.8,307.0,298.9,1010.4,1010.5,327.2,289.97,1727.82,31.0782,11.454,312.6,30.3,1490.327, NAN, NAN, NAN, NAN,,2024/04/05 12:21:47.919,2024-04-05 12:21:47.919000+00:00
2024/04/05, 12:22:47.919,35.716,-74.833,0.55,309.15,26.27,0.53,9.7,9.7,1008.2,1008.3,0.0,0.0,13.74,11.62,345,340,8.9,9.0,63.7,63.4,8.8,8.9,292.6,287.5,1010.3,1010.4,335.31,290.5,1754.16,31.0693,11.4572,312.6,30.0,1490.328, NAN, NAN, NAN, NAN,,2024/04/05 12:22:47.919,2024-04-05 12:22:47.919000+00:00
2024/04/05, 12:23:47.919,35.716,-74.833,0.16,310.49,42.5,0.33,9.7,9.7,1008.2,1008.4,0.0,0.0,13.74,11.62,342,338,9.4,9.4,61.5,61.6,9.4,9.4,291.5,287.5,1010.3,1010.5,346.53,290.98,1776.89,31.0634,11.4616,315.0,30.3,1490.336, NAN, NAN, NAN, NAN,,2024/04/05 12:23:47.919,2024-04-05 12:23:47.919000+00:00
2024/04/05, 12:24:47.919,35.716,-74.833,0.22,310.7,332.44,0.66,9.7,9.7,1008.0,1008.2,0.0,0.0,13.74,11.62,346,339,8.7,9.0,61.7,60.7,8.4,8.7,295.6,288.4,1010.1,1010.3,359.81,291.25,1806.8,31.0681,11.4654,313.6,30.5,1490.355, NAN, NAN, NAN, NAN,,2024/04/05 12:24:47.919,2024-04-05 12:24:47.919000+00:00
2024/04/05, 12:25:47.919,35.716,-74.833,0.58,309.4,286.86,0.48,9.6,9.7,1008.3,1008.1,0.0,0.0,13.74,11.62,349,343,8.8,8.7,60.2,60.2,8.6,8.5,298.1,291.9,1010.4,1010.2,367.61,291.2,1850.06,31.0961,11.4678,315.6,30.6,1490.397, NAN, NAN, NAN, NAN,,2024/04/05 12:25:47.919,2024-04-05 12:25:47.919000+00:00
2024/04/05, 12:26:47.919,35.716,-74.833,0.84,309.27,12.36,0.27,9.6,9.7,1008.2,1008.2,0.0,0.0,13.74,11.62,349,342,9.0,9.3,61.2,61.3,8.9,9.2,297.7,290.6,1010.3,1010.3,376.49,290.16,1855.4,31.0986,11.4688,320.0,30.1,1490.404, NAN, NAN, NAN, NAN,,2024/04/05 12:26:47.919,2024-04-05 12:26:47.919000+00:00
2024/04/05, 12:27:47.919,35.716,-74.833,0.4,310.14,307.17,0.23,9.6,9.7,1008.5,1008.1,0.0,0.0,13.74,11.62,350,343,8.2,8.5,60.8,61.3,8.1,8.4,299.7,292.6,1010.6,1010.2,369.36,289.69,1850.05,31.0957,11.4695,312.0,30.4,1490.403, NAN, NAN, NAN, NAN,,2024/04/05 12:27:47.919,2024-04-05 12:27:47.919000+00:00
2024/04/05, 12:28:47.919,35.716,-74.833,0.83,311.19,298.37,0.71,9.7,9.7,1008.1,1008.3,0.0,0.0,13.74,11.62,345,339,8.1,8.4,62.1,61.6,7.7,8.0,295.9,289.6,1010.2,1010.4,372.26,289.42,1871.55,31.0944,11.4696,324.0,30.5,1490.401, NAN, NAN, NAN, NAN,,2024/04/05 12:28:47.919,2024-04-05 12:28:47.919000+00:00
2024/04/05, 12:29:47.919,35.716,-74.833,0.85,310.29,254.93,0.23,9.6,9.7,1008.2,1008.2,0.0,0.0,13.74,11.62,348,343,8.1,8.4,60.9,61.0,8.0,8.3,298.3,293.2,1010.3,1010.3,165.78,285.94,974.25,31.0959,11.4688,318.7,30.4,1490.4, NAN, NAN, NAN, NAN,,2024/04/05 12:29:47.919,2024-04-05 12:29:47.919000+00:00
2024/04/05, 12:30:47.920,35.716,-74.834,0.7,309.94,318.07,0.35,9.6,9.7,1008.3,1008.2,0.0,0.0,13.74,11.62,338,331,8.7,10.1,62.9,62.8,8.6,10.0,287.1,280.1,1010.4,1010.3,359.26,288.82,1861.18,31.1188,11.4666,311.6,30.0,1490.42, NAN, NAN, NAN, NAN,,2024/04/05 12:30:47.920,2024-04-05 12:30:47.920000+00:00
2024/04/05, 12:31:47.920,35.716,-74.834,0.48,310.34,324.98,0.59,9.6,9.7,1008.5,1008.0,0.0,0.0,13.74,11.62,343,335,7.9,8.2,62.6,62.7,7.6,7.9,292.5,284.2,1010.6,1010.1,379.76,289.77,1844.7,31.1509,11.4667,313.6,29.9,1490.459, NAN, NAN, NAN, NAN,,2024/04/05 12:31:47.920,2024-04-05 12:31:47.920000+00:00
2024/04/05, 12:32:47.920,35.716,-74.834,0.7,308.58,280.79,0.51,9.7,9.7,1008.3,1008.4,0.0,0.0,13.74,11.62,347,341,7.4,7.6,63.1,63.3,7.1,7.3,295.8,289.6,1010.4,1010.5,370.94,289.95,1834.5,31.1374,11.4679,312.3,30.3,1490.447, NAN, NAN, NAN, NAN,,2024/04/05 12:32:47.920,2024-04-05 12:32:47.920000+00:00
2024/04/05, 12:33:47.920,35.716,-74.834,0.66,310.98,335.29,0.48,9.6,9.7,1008.2,1008.3,0.0,0.0,13.74,11.62,330,326,7.7,10.3,63.2,63.2,7.5,10.1,279.7,275.9,1010.3,1010.4,378.53,290.58,1838.34,31.1428,11.4716,309.2,30.1,1490.466, NAN, NAN, NAN, NAN,,2024/04/05 12:33:47.920,2024-04-05 12:33:47.920000+00:00
2024/04/05, 12:34:47.920,35.717,-74.834,0.92,308.52,20.27,0.55,9.7,9.7,1008.1,1008.2,0.0,0.0,13.74,11.62,336,328,6.9,9.4,64.2,64.3,6.9,9.4,282.2,274.8,1010.2,1010.3,383.63,291.14,1841.46,31.1437,11.4769,311.2,30.1,1490.486, NAN, NAN, NAN, NAN,,2024/04/05 12:34:47.920,2024-04-05 12:34:47.920000+00:00
2024/04/05, 12:35:47.920,35.717,-74.834,0.7,309.04,300.05,0.5,9.7,9.7,1008.3,1008.3,0.0,0.0,13.74,11.62,332,329,7.7,9.0,64.4,64.0,7.5,8.8,279.9,277.0,1010.4,1010.4,388.37,291.74,1822.98,31.2064,11.4799,308.6,30.2,1490.572, NAN, NAN, NAN, NAN,,2024/04/05 12:35:47.920,2024-04-05 12:35:47.920000+00:00
2024/04/05, 12:36:47.920,35.717,-74.834,0.84,309.76,230.6,0.38,9.7,9.7,1008.5,1008.3,0.0,0.0,13.74,11.62,330,327,7.6,10.2,64.2,64.3,7.4,10.0,280.2,277.0,1010.6,1010.4,397.28,291.46,1849.49,31.1828,11.4831,308.3,30.5,1490.555, NAN, NAN, NAN, NAN,,2024/04/05 12:36:47.920,2024-04-05 12:36:47.920000+00:00
2024/04/05, 12:37:47.920,35.717,-74.835,0.96,310.04,271.79,0.46,9.7,9.7,1008.3,1008.3,0.0,0.0,13.74,11.62,329,326,8.2,10.7,65.0,65.0,8.0,10.5,278.9,275.9,1010.4,1010.4,410.92,292.03,1887.13,31.1773,11.4877,304.6,30.1,1490.564, NAN, NAN, NAN, NAN,,2024/04/05 12:37:47.920,2024-04-05 12:37:47.920000+00:00
2024/04/05, 12:38:47.920,35.717,-74.835,1.12,309.39,262.47,0.73,9.7,9.7,1008.4,1008.3,0.0,0.0,13.74,11.62,331,328,7.8,10.6,61.8,61.9,7.4,10.2,279.7,276.8,1010.5,1010.4,419.41,292.4,1906.2,31.2185,11.4891,300.8,30.1,1490.618, NAN, NAN, NAN, NAN,,2024/04/05 12:38:47.920,2024-04-05 12:38:47.920000+00:00
2024/04/05, 12:39:47.920,35.717,-74.835,0.86,310.26,234.29,0.58,9.7,9.7,1008.3,1008.3,0.0,0.0,13.74,11.62,345,339,7.4,7.6,63.5,63.5,7.1,7.3,296.5,290.2,1010.4,1010.4,432.72,292.91,1947.54,31.3124,11.4926,299.5,30.3,1490.743, NAN, NAN, NAN, NAN,,2024/04/05 12:39:47.920,2024-04-05 12:39:47.920000+00:00
2024/04/05, 12:40:47.920,35.717,-74.835,0.97,310.53,30.35,0.25,9.7,9.7,1008.4,1008.2,0.0,0.0,13.74,11.62,336,331,8.6,10.0,62.5,62.5,8.6,10.0,285.7,280.8,1010.5,1010.3,446.65,293.43,1975.29,31.2932,11.4985,299.5,30.3,1490.741, NAN, NAN, NAN, NAN,,2024/04/05 12:40:47.920,2024-04-05 12:40:47.920000+00:00
2024/04/05, 12:41:47.920,35.717,-74.835,0.69,310.56,279.95,0.84,9.6,9.7,1008.3,1008.2,0.0,0.0,13.74,11.62,338,333,8.4,8.6,60.4,60.3,8.0,8.2,288.4,283.2,1010.4,1010.3,412.77,293.95,1819.61,31.2682,11.5011,304.6,30.4,1490.72, NAN, NAN, NAN, NAN,,2024/04/05 12:41:47.920,2024-04-05 12:41:47.920000+00:00
2024/04/05, 12:42:47.920,35.717,-74.835,1.29,310.12,325.54,0.58,9.6,9.7,1008.3,1008.4,0.0,0.0,13.74,11.62,341,334,7.8,8.3,61.6,61.2,7.5,8.0,290.3,283.1,1010.4,1010.5,351.66,294.4,1573.74,31.2387,11.5024,298.8,30.1,1490.689, NAN, NAN, NAN, NAN,,2024/04/05 12:42:47.920,2024-04-05 12:42:47.920000+00:00
2024/04/05, 12:43:47.920,35.717,-74.835,0.65,309.53,274.9,0.68,9.6,9.7,1008.3,1008.1,0.0,0.0,13.74,11.62,340,334,7.7,8.8,62.3,61.9,7.4,8.5,289.3,283.1,1010.4,1010.2,362.23,295.38,1547.7,31.3003,11.5027,300.1,30.4,1490.764, NAN, NAN, NAN, NAN,,2024/04/05 12:43:47.920,2024-04-05 12:43:47.920000+00:00
2024/04/05, 12:44:47.920,35.717,-74.835,0.42,310.44,288.88,0.73,9.6,9.7,1008.3,1008.1,0.0,0.0,13.74,11.62,335,329,7.4,9.4,62.1,62.1,7.0,9.0,285.1,278.9,1010.4,1010.2,398.01,296.79,1720.49,31.3038,11.5043,302.8,29.9,1490.774, NAN, NAN, NAN, NAN,,2024/04/05 12:44:47.920,2024-04-05 12:44:47.920000+00:00
2024/04/05, 12:45:47.920,35.718,-74.836,1.21,311.11,312.79,1.18,9.7,9.7,1008.1,1008.3,0.0,0.0,13.74,11.62,342,336,7.5,7.6,63.7,63.6,6.9,7.1,291.4,285.0,1010.2,1010.4,298.73,295.32,1280.74,31.271,11.5066,301.1,29.1,1490.742, NAN, NAN, NAN, NAN,,2024/04/05 12:45:47.920,2024-04-05 12:45:47.920000+00:00
2024/04/05, 12:46:47.921,35.718,-74.836,1.27,310.46,269.01,1.0,9.6,9.7,1008.4,1008.3,0.0,0.0,13.74,11.62,342,336,8.6,8.6,61.5,63.3,8.1,8.1,292.7,286.3,1010.5,1010.4,369.72,295.51,1571.55,31.2522,11.5072,297.1,29.4,1490.722, NAN, NAN, NAN, NAN,,2024/04/05 12:46:47.921,2024-04-05 12:46:47.921000+00:00
2024/04/05, 12:47:47.921,35.718,-74.836,0.02,308.36,293.13,1.02,9.6,9.7,1008.3,1008.1,0.0,0.0,13.74,11.62,345,339,8.4,8.7,59.2,59.2,7.9,8.2,292.9,286.6,1010.4,1010.2,284.29,293.25,1259.75,31.2783,11.5042,296.1,29.4,1490.743, NAN, NAN, NAN, NAN,,2024/04/05 12:47:47.921,2024-04-05 12:47:47.921000+00:00
2024/04/05, 12:48:47.921,35.718,-74.836,1.86,310.42,306.26,0.78,9.6,9.6,1008.5,1008.3,0.0,0.0,13.74,11.62,350,345,9.0,9.0,58.6,58.5,8.6,8.6,300.1,294.9,1010.6,1010.4,381.47,292.98,1566.56,31.268,11.4985,291.8,29.7,1490.711, NAN, NAN, NAN, NAN,,2024/04/05 12:48:47.921,2024-04-05 12:48:47.921000+00:00
2024/04/05, 12:49:47.921,35.718,-74.837,1.18,309.83,311.43,1.04,9.6,9.7,1008.3,1008.4,0.0,0.0,13.74,11.62,344,338,8.8,8.9,60.1,60.2,8.3,8.4,292.4,286.0,1010.4,1010.5,284.96,290.91,1176.4,31.3072,11.4937,287.3,29.5,1490.741, NAN, NAN, NAN, NAN,,2024/04/05 12:49:47.921,2024-04-05 12:49:47.921000+00:00
2024/04/05, 12:50:47.921,35.719,-74.837,1.39,310.41,311.33,0.94,9.6,9.7,1008.5,1008.3,0.0,0.0,13.74,11.62,348,342,8.6,8.6,59.1,59.1,8.1,8.1,297.6,291.2,1010.6,1010.4,271.7,290.03,1184.49,31.3043,11.4912,289.4,30.4,1490.729, NAN, NAN, NAN, NAN,,2024/04/05 12:50:47.921,2024-04-05 12:50:47.921000+00:00
2024/04/05, 12:51:47.921,35.719,-74.837,1.68,310.22,327.29,1.05,9.7,9.7,1008.5,1008.4,0.0,0.0,13.74,11.62,344,339,8.8,9.1,62.7,62.3,8.3,8.6,292.8,287.5,1010.6,1010.5,344.77,289.96,1518.73,31.2748,11.4907,282.0,30.1,1490.691, NAN, NAN, NAN, NAN,,2024/04/05 12:51:47.921,2024-04-05 12:51:47.921000+00:00
2024/04/05, 12:52:47.921,35.719,-74.838,1.62,309.69,282.19,1.05,9.7,9.7,1008.3,1008.3,0.0,0.0,13.74,11.62,349,343,8.2,8.4,63.1,64.3,7.7,7.9,298.3,291.9,1010.4,1010.4,435.8,290.23,1790.57,31.2553,11.493,281.6,30.2,1490.676, NAN, NAN, NAN, NAN,,2024/04/05 12:52:47.921,2024-04-05 12:52:47.921000+00:00
2024/04/05, 12:53:47.921,35.719,-74.838,1.8,310.34,295.42,0.98,9.7,9.8,1008.2,1008.4,0.0,0.0,13.74,11.62,353,347,9.0,8.8,64.4,64.3,8.5,8.3,303.2,296.9,1010.3,1010.5,279.84,287.56,1242.79,31.2673,11.4937,289.1,29.7,1490.693, NAN, NAN, NAN, NAN,,2024/04/05 12:53:47.921,2024-04-05 12:53:47.921000+00:00
2024/04/05, 12:54:47.921,35.719,-74.838,0.4,308.95,349.28,1.08,9.7,9.7,1008.6,1008.6,0.0,0.0,13.74,11.62,358,349,9.1,8.7,61.3,61.0,8.6,8.3,305.1,295.5,1010.7,1010.7,138.06,285.39,730.55,31.2689,11.493,290.7,30.0,1490.692, NAN, NAN, NAN, NAN,,2024/04/05 12:54:47.921,2024-04-05 12:54:47.921000+00:00
2024/04/05, 12:55:47.921,35.719,-74.838,1.72,310.95,344.42,0.89,9.7,9.7,1008.7,1008.3,0.0,0.0,13.74,11.62,341,336,8.9,9.5,60.7,60.4,8.6,9.2,290.0,284.9,1010.8,1010.4,108.96,284.72,605.97,31.2718,11.4921,289.7,30.1,1490.693, NAN, NAN, NAN, NAN,,2024/04/05 12:55:47.921,2024-04-05 12:55:47.921000+00:00
2024/04/05, 12:56:47.921,35.72,-74.839,2.02,309.49,310.25,0.72,9.6,9.7,1008.3,1008.6,0.0,0.0,13.74,11.62,349,343,7.3,7.6,60.2,59.9,6.9,7.2,297.8,291.6,1010.4,1010.7,112.28,284.99,633.15,31.288,11.4964,295.2,30.2,1490.727, NAN, NAN, NAN, NAN,,2024/04/05 12:56:47.921,2024-04-05 12:56:47.921000+00:00
2024/04/05, 12:57:47.921,35.72,-74.839,1.28,309.71,314.77,1.22,9.7,9.7,1008.3,1008.5,0.0,0.0,13.74,11.62,356,349,8.3,8.2,63.2,63.2,7.7,7.6,305.0,297.4,1010.4,1010.6,370.55,287.24,1719.76,31.269,11.4962,289.4,30.0,1490.704, NAN, NAN, NAN, NAN,,2024/04/05 12:57:47.921,2024-04-05 12:57:47.921000+00:00
2024/04/05, 12:58:47.921,35.72,-74.839,1.6,309.17,294.58,0.85,9.7,9.7,1008.3,1008.3,0.0,0.0,13.74,11.62,355,349,8.5,8.6,59.1,59.1,8.1,8.2,304.5,298.2,1010.4,1010.4,427.66,287.6,1832.61,31.311,11.4993,287.0,30.3,1490.765, NAN, NAN, NAN, NAN,,2024/04/05 12:58:47.921,2024-04-05 12:58:47.921000+00:00
2024/04/05, 12:59:47.921,35.72,-74.839,1.4,309.69,295.87,0.86,9.6,9.7,1008.5,1008.4,0.0,0.0,13.74,11.62,347,341,8.1,8.2,60.4,60.3,7.7,7.8,296.3,289.9,1010.6,1010.5,437.27,287.26,1850.27,31.2952,11.5012,289.4,30.3,1490.753, NAN, NAN, NAN, NAN,,2024/04/05 12:59:47.921,2024-04-05 12:59:47.921000+00:00
2024/04/05, 13:00:47.921,35.72,-74.84,1.41,309.34,342.08,1.27,9.6,9.7,1008.4,1008.3,0.0,0.0,13.74,11.62,353,345,7.1,7.1,59.7,60.3,6.6,6.6,299.0,290.4,1010.5,1010.4,448.04,288.1,1892.56,31.2782,11.5044,294.0,30.4,1490.743, NAN, NAN, NAN, NAN,,2024/04/05 13:00:47.921,2024-04-05 13:00:47.921000+00:00
2024/04/05, 13:01:47.922,35.72,-74.84,1.2,309.61,346.92,1.01,9.7,9.7,1008.4,1008.4,0.0,0.0,13.74,11.62,347,341,7.6,7.9,64.0,64.2,7.2,7.5,294.4,288.1,1010.5,1010.5,466.17,287.48,1944.38,31.2993,11.5054,302.2,30.4,1490.772, NAN, NAN, NAN, NAN,,2024/04/05 13:01:47.922,2024-04-05 13:01:47.922000+00:00
2024/04/05, 13:02:47.922,35.721,-74.84,2.07,310.84,302.05,0.82,9.6,9.7,1008.5,1008.3,0.0,0.0,13.74,11.62,352,346,7.9,8.0,61.4,63.9,7.5,7.6,302.5,296.2,1010.6,1010.4,468.77,287.91,1933.73,31.2935,11.506,301.9,30.3,1490.767, NAN, NAN, NAN, NAN,,2024/04/05 13:02:47.922,2024-04-05 13:02:47.922000+00:00
2024/04/05, 13:03:47.922,35.721,-74.84,1.55,309.83,318.25,0.96,9.7,9.7,1008.4,1008.4,0.0,0.0,13.74,11.62,353,346,8.0,7.9,62.5,63.3,7.5,7.5,301.7,294.3,1010.5,1010.5,472.27,287.52,1931.05,31.2973,11.5055,294.4,30.2,1490.77, NAN, NAN, NAN, NAN,,2024/04/05 13:03:47.922,2024-04-05 13:03:47.922000+00:00
2024/04/05, 13:04:47.922,35.721,-74.841,1.32,309.31,295.03,0.95,9.6,9.7,1008.3,1008.4,0.0,0.0,13.74,11.62,354,347,7.9,7.9,60.4,60.3,7.4,7.4,303.1,295.6,1010.4,1010.5,472.32,287.57,1927.27,31.3047,11.5063,293.7,30.3,1490.782, NAN, NAN, NAN, NAN,,2024/04/05 13:04:47.922,2024-04-05 13:04:47.922000+00:00
2024/04/05, 13:05:47.922,35.721,-74.841,1.21,310.38,288.8,1.19,9.6,9.7,1008.3,1008.3,0.0,0.0,13.74,11.62,354,346,6.8,6.9,62.0,61.7,6.2,6.3,304.6,295.9,1010.4,1010.4,473.81,287.98,1929.17,31.2968,11.5094,289.4,30.3,1490.783, NAN, NAN, NAN, NAN,,2024/04/05 13:05:47.922,2024-04-05 13:05:47.922000+00:00
2024/04/05, 13:06:47.922,35.721,-74.841,1.5,309.94,263.77,1.09,9.7,9.7,1008.3,1008.3,0.0,0.0,13.74,11.62,351,346,7.1,6.9,62.7,62.7,6.6,6.3,302.1,296.7,1010.4,1010.4,478.05,287.43,1928.91,31.2943,11.5107,285.7,30.3,1490.785, NAN, NAN, NAN, NAN,,2024/04/05 13:06:47.922,2024-04-05 13:06:47.922000+00:00
2024/04/05, 13:07:47.922,35.722,-74.841,1.46,309.52,353.66,0.84,9.6,9.7,1008.3,1008.3,0.0,0.0,13.74,11.62,354,348,7.5,7.2,61.7,61.8,7.1,6.8,302.3,295.9,1010.4,1010.4,481.59,287.3,1925.91,31.3025,11.5123,284.9,30.1,1490.8, NAN, NAN, NAN, NAN,,2024/04/05 13:07:47.922,2024-04-05 13:07:47.922000+00:00
2024/04/05, 13:08:47.922,35.722,-74.842,1.57,310.61,276.96,1.02,9.6,9.7,1008.5,1008.4,0.0,0.0,13.74,11.62,346,339,7.7,8.0,62.4,62.5,7.2,7.5,297.3,289.8,1010.6,1010.5,482.12,287.32,1928.17,31.3134,11.5161,286.0,30.2,1490.826, NAN, NAN, NAN, NAN,,2024/04/05 13:08:47.922,2024-04-05 13:08:47.922000+00:00
2024/04/05, 13:09:47.922,35.722,-74.842,1.26,308.21,331.49,0.73,9.6,9.7,1008.5,1008.4,0.0,0.0,13.74,11.62,349,343,7.1,7.3,63.6,63.1,6.8,7.0,296.0,289.7,1010.6,1010.5,485.73,287.64,1926.73,31.3317,11.5201,289.1,30.1,1490.862, NAN, NAN, NAN, NAN,,2024/04/05 13:09:47.922,2024-04-05 13:09:47.922000+00:00
2024/04/05, 13:10:47.922,35.722,-74.842,1.56,309.38,350.88,1.06,9.7,9.7,1008.3,1008.5,0.0,0.0,13.74,11.62,349,343,7.0,7.0,64.5,64.3,6.6,6.6,295.7,289.3,1010.4,1010.6,490.9,287.65,1928.74,31.3227,11.5249,285.7,30.2,1490.868, NAN, NAN, NAN, NAN,,2024/04/05 13:10:47.922,2024-04-05 13:10:47.922000+00:00
2024/04/05, 13:11:47.922,35.722,-74.843,1.57,309.56,310.03,1.01,9.6,9.7,1008.4,1008.6,0.0,0.0,13.74,11.62,350,345,7.3,7.2,62.8,62.8,6.8,6.7,298.4,293.0,1010.5,1010.7,492.45,287.94,1930.47,31.3233,11.5302,283.3,30.3,1490.887, NAN, NAN, NAN, NAN,,2024/04/05 13:11:47.922,2024-04-05 13:11:47.922000+00:00
2024/04/05, 13:12:47.922,35.722,-74.843,1.36,309.76,269.72,1.11,9.7,9.7,1008.5,1008.4,0.0,0.0,13.74,11.62,351,344,6.2,6.1,65.5,65.5,5.7,5.5,302.4,294.7,1010.6,1010.5,493.06,288.48,1933.44,31.3262,11.5335,280.3,30.1,1490.902, NAN, NAN, NAN, NAN,,2024/04/05 13:12:47.922,2024-04-05 13:12:47.922000+00:00
2024/04/05, 13:13:47.922,35.723,-74.843,1.58,310.05,282.6,0.76,9.7,9.7,1008.7,1008.6,0.0,0.0,13.74,11.62,343,336,6.6,7.0,65.7,65.8,6.2,6.6,292.4,285.1,1010.8,1010.7,500.41,287.77,1933.59,31.3175,11.5386,274.2,30.0,1490.91, NAN, NAN, NAN, NAN,,2024/04/05 13:13:47.922,2024-04-05 13:13:47.922000+00:00
2024/04/05, 13:14:47.922,35.723,-74.843,1.46,309.04,312.4,1.33,9.7,9.7,1008.6,1008.4,0.0,0.0,13.74,11.62,335,329,7.7,9.7,62.4,62.2,7.2,9.2,280.7,275.1,1010.7,1010.5,504.22,287.84,1936.66,31.334,11.5451,274.2,30.4,1490.952, NAN, NAN, NAN, NAN,,2024/04/05 13:14:47.922,2024-04-05 13:14:47.922000+00:00
2024/04/05, 13:15:47.922,35.723,-74.844,-0.48,309.94,339.89,0.95,9.7,9.7,1008.6,1008.5,0.0,0.0,13.74,11.62,336,332,7.9,8.5,60.0,60.1,7.5,8.2,283.6,279.6,1010.7,1010.6,508.99,287.3,1935.29,31.3489,11.5514,275.0,30.1,1490.992, NAN, NAN, NAN, NAN,,2024/04/05 13:15:47.922,2024-04-05 13:15:47.922000+00:00
2024/04/05, 13:16:47.923,35.723,-74.844,1.3,309.23,282.69,1.11,9.7,9.7,1008.4,1008.4,0.0,0.0,13.74,11.62,336,330,7.2,8.8,60.2,60.0,6.7,8.3,283.9,277.8,1010.5,1010.5,510.86,287.42,1939.19,31.3588,11.5548,274.2,30.3,1491.016, NAN, NAN, NAN, NAN,,2024/04/05 13:16:47.923,2024-04-05 13:16:47.923000+00:00
2024/04/05, 13:17:47.923,35.723,-74.844,0.98,309.43,275.21,0.97,9.7,9.7,1008.4,1008.7,0.0,0.0,13.74,11.62,344,339,6.4,6.7,61.3,61.2,5.9,6.2,293.6,288.2,1010.5,1010.8,515.66,288.34,1939.5,31.3757,11.5562,272.0,30.1,1491.041, NAN, NAN, NAN, NAN,,2024/04/05 13:17:47.923,2024-04-05 13:17:47.923000+00:00
2024/04/05, 13:18:47.923,35.724,-74.844,1.55,310.35,324.47,1.11,9.7,9.8,1008.4,1008.6,0.0,0.0,13.74,11.62,345,334,8.0,8.7,61.9,61.9,7.5,8.3,293.3,281.9,1010.5,1010.7,519.69,287.79,1945.38,31.3873,11.5566,274.8,30.1,1491.056, NAN, NAN, NAN, NAN,,2024/04/05 13:18:47.923,2024-04-05 13:18:47.923000+00:00
2024/04/05, 13:19:47.923,35.724,-74.845,0.71,308.86,340.49,1.0,9.8,9.8,1008.6,1008.5,0.0,0.0,13.74,11.62,346,341,8.0,8.1,61.4,61.5,7.6,7.7,292.7,287.4,1010.7,1010.6,521.53,287.55,1946.44,31.3871,11.5568,272.9,30.2,1491.057, NAN, NAN, NAN, NAN,,2024/04/05 13:19:47.923,2024-04-05 13:19:47.923000+00:00
2024/04/05, 13:20:47.923,35.724,-74.845,1.68,310.1,304.74,0.92,9.7,9.8,1008.7,1008.5,0.0,0.0,13.74,11.62,347,341,8.6,8.9,60.6,60.6,8.2,8.5,296.1,289.8,1010.8,1010.6,523.57,287.24,1948.45,31.3961,11.5512,276.0,30.4,1491.048, NAN, NAN, NAN, NAN,,2024/04/05 13:20:47.923,2024-04-05 13:20:47.923000+00:00
2024/04/05, 13:21:47.923,35.724,-74.845,0.19,311.98,347.92,0.96,9.7,9.7,1008.5,1008.6,0.0,0.0,13.74,11.62,341,336,8.3,8.6,59.1,59.0,7.9,8.2,290.9,285.7,1010.6,1010.7,528.53,287.21,1953.2,31.4106,11.5461,276.0,29.9,1491.048, NAN, NAN, NAN, NAN,,2024/04/05 13:21:47.923,2024-04-05 13:21:47.923000+00:00
2024/04/05, 13:22:47.923,35.724,-74.845,1.52,308.68,299.53,1.04,9.7,9.7,1008.6,1008.6,0.0,0.0,13.74,11.62,349,342,7.8,8.0,59.4,59.1,7.3,7.5,297.0,289.6,1010.7,1010.7,533.5,287.46,1953.39,31.4291,11.5442,277.9,30.3,1491.063, NAN, NAN, NAN, NAN,,2024/04/05 13:22:47.923,2024-04-05 13:22:47.923000+00:00
2024/04/05, 13:23:47.923,35.724,-74.846,1.65,310.66,279.78,1.15,9.7,9.7,1008.6,1008.4,0.0,0.0,13.74,11.62,343,337,8.7,8.9,61.9,61.7,8.1,8.3,293.1,286.7,1010.7,1010.5,532.07,287.18,1960.41,31.4262,11.544,268.9,30.3,1491.059, NAN, NAN, NAN, NAN,,2024/04/05 13:23:47.923,2024-04-05 13:23:47.923000+00:00
2024/04/05, 13:24:47.923,35.725,-74.846,0.96,310.05,331.22,0.76,9.7,9.7,1008.6,1008.5,0.0,0.0,13.74,11.62,345,339,8.0,8.0,61.3,60.7,7.6,7.6,294.3,288.0,1010.7,1010.6,540.53,287.72,1959.23,31.4384,11.5447,274.5,30.1,1491.076, NAN, NAN, NAN, NAN,,2024/04/05 13:24:47.923,2024-04-05 13:24:47.923000+00:00
2024/04/05, 13:25:47.923,35.725,-74.846,1.49,309.41,335.07,0.82,9.7,9.8,1008.6,1008.8,0.0,0.0,13.74,11.62,349,344,8.2,8.2,63.7,63.3,7.8,7.8,297.0,291.8,1010.7,1010.9,548.31,287.28,1961.88,31.4335,11.5454,268.6,30.0,1491.073, NAN, NAN, NAN, NAN,,2024/04/05 13:25:47.923,2024-04-05 13:25:47.923000+00:00
2024/04/05, 13:26:47.923,35.725,-74.846,1.44,308.99,323.77,1.07,9.7,9.8,1008.4,1008.6,0.0,0.0,13.74,11.62,354,347,7.5,7.4,61.3,61.2,7.0,6.9,302.2,294.6,1010.5,1010.7,548.66,287.63,1965.39,31.4317,11.5464,268.6,30.2,1491.074, NAN, NAN, NAN, NAN,,2024/04/05 13:26:47.923,2024-04-05 13:26:47.923000+00:00
2024/04/05, 13:27:47.923,35.725,-74.847,0.66,309.4,284.62,1.0,9.7,9.8,1008.7,1008.6,0.0,0.0,13.74,11.62,355,347,7.8,7.6,63.4,63.4,7.3,7.1,304.5,295.9,1010.8,1010.7,549.06,286.92,1966.91,31.4312,11.5493,272.3,30.3,1491.083, NAN, NAN, NAN, NAN,,2024/04/05 13:27:47.923,2024-04-05 13:27:47.923000+00:00
2024/04/05, 13:28:47.923,35.725,-74.847,1.27,309.45,326.39,1.03,9.7,9.7,1008.7,1008.6,0.0,0.0,13.74,11.62,349,343,7.3,7.6,60.0,59.4,6.8,7.2,296.6,290.3,1010.8,1010.7,556.01,287.16,1970.39,31.4221,11.5523,271.6,30.0,1491.083, NAN, NAN, NAN, NAN,,2024/04/05 13:28:47.923,2024-04-05 13:28:47.923000+00:00
2024/04/05, 13:29:47.923,35.725,-74.847,1.02,308.52,297.53,1.07,9.7,9.7,1008.7,1008.6,0.0,0.0,13.74,11.62,355,349,7.6,7.5,60.9,60.0,7.1,7.0,302.8,296.3,1010.8,1010.7,560.21,286.76,1974.28,31.4268,11.5569,270.2,30.4,1491.105, NAN, NAN, NAN, NAN,,2024/04/05 13:29:47.923,2024-04-05 13:29:47.923000+00:00
2024/04/05, 13:30:47.923,35.726,-74.847,1.59,308.48,311.72,1.02,9.7,9.7,1008.8,1008.6,0.0,0.0,13.74,11.62,351,345,7.0,7.3,59.7,59.8,6.5,6.8,298.1,291.7,1010.9,1010.7,565.62,287.08,1975.55,31.4243,11.5618,268.9,30.4,1491.119, NAN, NAN, NAN, NAN,,2024/04/05 13:30:47.923,2024-04-05 13:30:47.923000+00:00
2024/04/05, 13:31:47.924,35.726,-74.848,1.46,309.37,312.97,1.17,9.7,9.7,1008.7,1008.6,0.0,0.0,13.74,11.62,355,349,8.3,8.3,61.9,62.2,7.7,7.7,304.0,297.5,1010.8,1010.7,567.16,286.6,1982.56,31.4258,11.5686,266.8,30.4,1491.144, NAN, NAN, NAN, NAN,,2024/04/05 13:31:47.924,2024-04-05 13:31:47.924000+00:00
2024/04/05, 13:32:47.924,35.726,-74.848,1.73,311.28,306.14,0.97,9.7,9.7,1008.5,1008.7,0.0,0.0,13.74,11.62,351,344,8.4,8.6,58.8,58.7,7.9,8.1,302.3,294.8,1010.6,1010.8,571.34,286.81,1985.85,31.4365,11.576,266.8,30.5,1491.183, NAN, NAN, NAN, NAN,,2024/04/05 13:32:47.924,2024-04-05 13:32:47.924000+00:00
2024/04/05, 13:33:47.924,35.726,-74.848,1.53,309.83,319.53,1.05,9.7,9.7,1008.8,1008.4,0.0,0.0,13.74,11.62,355,348,8.8,8.6,59.6,59.8,8.3,8.1,304.1,296.7,1010.9,1010.5,574.78,287.0,1985.73,31.4307,11.5816,266.5,30.5,1491.195, NAN, NAN, NAN, NAN,,2024/04/05 13:33:47.924,2024-04-05 13:33:47.924000+00:00
2024/04/05, 13:34:47.924,35.726,-74.849,1.44,309.55,343.38,0.98,9.7,9.7,1008.9,1008.7,0.0,0.0,13.74,11.62,354,347,8.4,8.3,59.3,59.3,7.9,7.9,302.0,294.6,1011.0,1010.8,579.7,287.06,1987.99,31.4354,11.5863,267.5,30.5,1491.217, NAN, NAN, NAN, NAN,,2024/04/05 13:34:47.924,2024-04-05 13:34:47.924000+00:00
2024/04/05, 13:35:47.924,35.727,-74.849,1.7,309.95,314.75,0.9,9.7,9.7,1008.8,1008.8,0.0,0.0,13.74,11.62,350,344,7.8,8.0,59.8,60.0,7.3,7.5,299.9,293.5,1010.9,1010.9,583.48,287.66,1990.99,31.4466,11.5933,270.2,30.5,1491.255, NAN, NAN, NAN, NAN,,2024/04/05 13:35:47.924,2024-04-05 13:35:47.924000+00:00
2024/04/05, 13:36:47.924,35.727,-74.849,1.52,309.18,311.09,1.0,9.7,9.7,1008.8,1008.8,0.0,0.0,13.74,11.62,359,353,8.0,7.8,60.2,60.1,7.5,7.3,308.6,302.2,1010.9,1010.9,582.51,287.54,1992.6,31.449,11.5997,271.5,30.7,1491.28, NAN, NAN, NAN, NAN,,2024/04/05 13:36:47.924,2024-04-05 13:36:47.924000+00:00
2024/04/05, 13:37:47.924,35.727,-74.849,0.69,308.83,324.44,0.9,9.7,9.7,1008.6,1008.8,0.0,0.0,13.74,11.62,358,351,8.4,8.1,62.1,61.9,7.9,7.7,306.1,298.7,1010.7,1010.9,592.21,287.62,1994.71,31.4469,11.607,265.2,30.3,1491.303, NAN, NAN, NAN, NAN,,2024/04/05 13:37:47.924,2024-04-05 13:37:47.924000+00:00
2024/04/05, 13:38:47.924,35.727,-74.85,1.7,309.84,314.44,0.92,9.7,9.7,1008.8,1008.9,0.0,0.0,13.74,11.62,357,352,8.2,8.1,61.1,60.9,7.7,7.6,306.4,301.1,1010.9,1011.0,594.62,287.78,1997.5,31.459,11.6144,272.3,30.6,1491.344, NAN, NAN, NAN, NAN,,2024/04/05 13:38:47.924,2024-04-05 13:38:47.924000+00:00
2024/04/05, 13:39:47.924,35.727,-74.85,1.42,310.71,314.38,0.92,9.7,9.7,1008.7,1008.8,0.0,0.0,13.74,11.62,354,348,8.0,8.0,60.8,60.8,7.5,7.5,304.6,298.2,1010.8,1010.9,595.65,288.06,1999.66,31.4751,11.623,269.6,30.4,1491.393, NAN, NAN, NAN, NAN,,2024/04/05 13:39:47.924,2024-04-05 13:39:47.924000+00:00
2024/04/05, 13:40:47.924,35.727,-74.85,1.47,309.65,294.13,1.29,9.7,9.7,1008.9,1008.7,0.0,0.0,13.74,11.62,357,351,7.9,7.8,63.4,63.4,7.2,7.1,306.6,300.1,1011.0,1010.8,598.5,287.7,2002.35,31.4721,11.6329,266.8,30.4,1491.424, NAN, NAN, NAN, NAN,,2024/04/05 13:40:47.924,2024-04-05 13:40:47.924000+00:00
2024/04/05, 13:41:47.924,35.728,-74.85,1.39,309.49,284.68,1.07,9.7,9.7,1008.8,1008.9,0.0,0.0,13.74,11.62,352,348,8.0,7.7,61.7,63.0,7.5,7.2,302.1,297.8,1010.9,1011.0,603.24,287.85,2005.45,31.4721,11.64,262.2,30.5,1491.448, NAN, NAN, NAN, NAN,,2024/04/05 13:41:47.924,2024-04-05 13:41:47.924000+00:00
2024/04/05, 13:42:47.924,35.728,-74.851,0.94,308.82,314.82,0.75,9.6,9.7,1008.8,1008.8,0.0,0.0,13.74,11.62,354,348,7.5,7.6,63.1,63.2,7.1,7.2,302.3,295.9,1010.9,1010.9,608.02,287.96,2008.6,31.4759,11.6475,263.8,30.5,1491.479, NAN, NAN, NAN, NAN,,2024/04/05 13:42:47.924,2024-04-05 13:42:47.924000+00:00
2024/04/05, 13:43:47.924,35.728,-74.851,0.45,309.72,294.75,1.04,9.6,9.7,1009.0,1008.8,0.0,0.0,13.74,11.62,355,349,7.2,7.2,63.3,63.8,6.7,6.7,305.2,298.7,1011.1,1010.9,612.56,288.49,2010.66,31.4905,11.6545,262.5,30.5,1491.521, NAN, NAN, NAN, NAN,,2024/04/05 13:43:47.924,2024-04-05 13:43:47.924000+00:00
2024/04/05, 13:44:47.924,35.728,-74.851,1.47,310.08,265.39,1.1,9.7,9.7,1008.8,1008.8,0.0,0.0,13.74,11.62,1,355,8.0,7.8,66.0,66.0,7.5,7.3,312.8,306.4,1010.9,1010.9,613.67,289.09,2012.05,31.4997,11.6592,267.5,30.8,1491.548, NAN, NAN, NAN, NAN,,2024/04/05 13:44:47.924,2024-04-05 13:44:47.924000+00:00
2024/04/05, 13:45:47.924,35.728,-74.851,0.21,310.05,331.12,1.04,9.7,9.7,1008.8,1008.8,0.0,0.0,13.74,11.62,357,352,7.3,7.1,67.2,67.0,6.8,6.6,305.9,300.4,1010.9,1010.9,621.28,288.65,2016.94,31.5076,11.6608,265.9,30.5,1491.563, NAN, NAN, NAN, NAN,,2024/04/05 13:45:47.924,2024-04-05 13:45:47.924000+00:00
2024/04/05, 13:46:47.924,35.729,-74.852,1.17,309.94,260.53,0.93,9.7,9.7,1008.7,1008.9,0.0,0.0,13.74,11.62,0,353,7.4,7.2,65.7,65.9,6.9,6.7,311.1,303.7,1010.8,1011.0,618.35,288.59,2015.11,31.5109,11.662,262.2,30.5,1491.571, NAN, NAN, NAN, NAN,,2024/04/05 13:46:47.924,2024-04-05 13:46:47.924000+00:00
2024/04/05, 13:47:47.925,35.729,-74.852,1.34,308.67,306.56,1.02,9.7,9.7,1008.8,1008.9,0.0,0.0,13.74,11.62,357,354,6.2,6.8,65.1,65.0,5.7,6.3,305.3,302.1,1010.9,1011.0,624.17,288.95,2021.17,31.5241,11.665,262.8,30.4,1491.598, NAN, NAN, NAN, NAN,,2024/04/05 13:47:47.925,2024-04-05 13:47:47.925000+00:00
2024/04/05, 13:48:47.925,35.729,-74.852,1.41,309.71,270.31,0.95,9.7,9.7,1008.9,1008.8,0.0,0.0,13.74,11.62,356,351,6.2,6.2,65.5,65.3,5.7,5.7,306.6,301.2,1011.0,1010.9,631.03,289.27,2022.29,31.5308,11.6704,265.1,30.6,1491.624, NAN, NAN, NAN, NAN,,2024/04/05 13:48:47.925,2024-04-05 13:48:47.925000+00:00
2024/04/05, 13:49:47.925,35.729,-74.852,1.45,310.09,290.91,1.29,9.7,9.7,1008.7,1008.7,0.0,0.0,13.74,11.62,352,347,6.6,6.7,68.3,68.9,5.9,6.0,302.5,297.0,1010.8,1010.8,629.58,289.66,2022.21,31.5538,11.675,263.8,30.5,1491.668, NAN, NAN, NAN, NAN,,2024/04/05 13:49:47.925,2024-04-05 13:49:47.925000+00:00
2024/04/05, 13:50:47.925,35.729,-74.853,1.34,310.49,311.58,0.83,9.7,9.7,1008.8,1008.7,0.0,0.0,13.74,11.62,351,345,7.8,8.0,68.3,68.6,7.4,7.6,301.0,294.7,1010.9,1010.8,633.79,289.04,2023.77,31.5397,11.6788,261.1,30.4,1491.664, NAN, NAN, NAN, NAN,,2024/04/05 13:50:47.925,2024-04-05 13:50:47.925000+00:00
2024/04/05, 13:51:47.925,35.729,-74.853,0.97,309.29,286.93,1.4,9.7,9.7,1008.9,1008.7,0.0,0.0,13.74,11.62,350,344,7.3,7.5,64.0,64.3,6.6,6.8,299.3,292.7,1011.0,1010.8,635.02,287.89,2025.08,31.5831,11.6817,273.9,30.6,1491.726, NAN, NAN, NAN, NAN,,2024/04/05 13:51:47.925,2024-04-05 13:51:47.925000+00:00
2024/04/05, 13:52:47.925,35.73,-74.854,3.56,309.09,327.48,3.68,9.6,9.7,1008.5,1008.6,0.0,0.0,13.74,11.62,346,341,8.9,9.1,62.9,63.1,7.3,7.6,288.2,282.4,1010.6,1010.7,641.52,287.57,2032.14,31.5744,11.6832,264.4,30.5,1491.721, NAN, NAN, NAN, NAN,,2024/04/05 13:52:47.925,2024-04-05 13:52:47.925000+00:00
2024/04/05, 13:53:47.925,35.73,-74.855,4.13,241.01,250.99,4.35,9.6,9.6,1008.7,1008.7,0.0,0.0,13.74,11.62,32,23,7.8,8.7,60.8,60.8,5.8,6.6,282.1,269.2,1010.8,1010.8,632.78,286.5,2065.29,31.568,11.6858,264.4,30.5,1491.722, NAN, NAN, NAN, NAN,,2024/04/05 13:53:47.925,2024-04-05 13:53:47.925000+00:00
2024/04/05, 13:54:47.925,35.729,-74.856,5.34,186.33,180.8,6.29,9.6,9.6,1008.5,1008.7,0.0,0.0,13.74,11.62,84,77,7.1,8.0,65.0,64.8,7.7,8.2,295.1,286.4,1010.6,1010.8,642.74,288.2,2120.64,31.5586,11.6985,260.4,30.0,1491.755, NAN, NAN, NAN, NAN,,2024/04/05 13:54:47.925,2024-04-05 13:54:47.925000+00:00
2024/04/05, 13:55:47.925,35.727,-74.855,7.18,170.62,171.82,7.36,9.6,9.6,1008.8,1008.8,0.0,0.0,13.74,11.62,85,80,6.4,6.9,65.9,66.2,7.1,7.3,287.5,281.5,1010.9,1010.9,648.9,289.13,2137.04,31.563,11.711,258.4,30.5,1491.804, NAN, NAN, NAN, NAN,,2024/04/05 13:55:47.925,2024-04-05 13:55:47.925000+00:00
2024/04/05, 13:56:47.925,35.725,-74.854,7.85,153.77,156.63,7.36,9.6,9.6,1008.8,1008.9,0.0,0.0,13.74,11.62,89,79,5.7,6.6,65.1,65.2,6.6,6.8,277.6,265.6,1010.9,1011.0,636.21,289.41,2144.17,31.5537,11.717,245.4,30.6,1491.814, NAN, NAN, NAN, NAN,,2024/04/05 13:56:47.925,2024-04-05 13:56:47.925000+00:00
2024/04/05, 13:57:47.925,35.724,-74.853,4.45,76.98,91.51,3.86,9.6,9.6,1009.0,1008.8,0.0,0.0,13.74,11.62,205,275,1.0,2.1,65.6,65.0,3.0,3.3,279.3,316.2,1011.1,1010.9,623.39,292.82,2129.7,31.5553,11.7274,233.6,30.5,1491.852, NAN, NAN, NAN, NAN,,2024/04/05 13:57:47.925,2024-04-05 13:57:47.925000+00:00
2024/04/05, 13:58:47.925,35.724,-74.852,1.95,4.27,47.55,1.04,9.7,9.7,1008.9,1008.9,0.0,0.0,13.74,11.62,271,285,7.3,8.5,65.3,65.1,7.8,8.9,273.5,287.0,1011.0,1011.0,648.77,290.53,2068.95,31.5644,11.7376,232.0,30.7,1491.898, NAN, NAN, NAN, NAN,,2024/04/05 13:58:47.925,2024-04-05 13:58:47.925000+00:00
2024/04/05, 13:59:47.925,35.724,-74.852,-0.47,326.65,96.98,1.22,9.7,9.7,1009.0,1009.0,0.0,0.0,13.74,11.62,318,318,6.5,9.2,63.6,63.6,7.1,9.8,284.5,284.6,1011.1,1011.1,648.51,288.38,2048.48,31.5699,11.7536,227.8,30.7,1491.96, NAN, NAN, NAN, NAN,,2024/04/05 13:59:47.925,2024-04-05 13:59:47.925000+00:00
2024/04/05, 14:00:47.925,35.724,-74.852,0.5,325.03,70.92,0.76,9.6,9.6,1009.0,1008.8,0.0,0.0,13.74,11.62,327,324,6.4,9.0,63.8,63.8,6.7,9.3,289.5,287.3,1011.1,1010.9,648.76,288.43,2049.46,31.5718,11.7491,227.8,30.5,1491.947, NAN, NAN, NAN, NAN,,2024/04/05 14:00:47.925,2024-04-05 14:00:47.925000+00:00
2024/04/05, 14:01:47.925,35.724,-74.851,0.22,315.93,25.94,0.77,9.6,9.6,1008.9,1008.7,0.0,0.0,13.74,11.62,329,325,7.1,9.8,64.2,64.1,7.3,10.0,282.3,279.1,1011.0,1010.8,663.83,287.85,2050.34,31.5672,11.738,223.2,30.4,1491.903, NAN, NAN, NAN, NAN,,2024/04/05 14:01:47.925,2024-04-05 14:01:47.925000+00:00
2024/04/05, 14:02:47.925,35.724,-74.851,0.52,309.5,93.06,0.39,9.6,9.6,1009.0,1008.8,0.0,0.0,13.74,11.62,333,329,6.5,8.5,63.3,63.3,6.7,8.7,281.9,278.1,1011.1,1010.9,673.97,287.4,2051.25,31.5634,11.7311,221.1,30.4,1491.874, NAN, NAN, NAN, NAN,,2024/04/05 14:02:47.925,2024-04-05 14:02:47.925000+00:00
2024/04/05, 14:03:47.926,35.724,-74.851,0.22,304.95,59.33,0.15,9.6,9.6,1008.9,1009.0,0.0,0.0,13.74,11.62,342,335,6.9,7.3,62.7,62.8,6.9,7.3,286.4,279.5,1011.0,1011.1,668.38,287.06,2052.85,31.5567,11.7307,233.0,30.3,1491.865, NAN, NAN, NAN, NAN,,2024/04/05 14:03:47.926,2024-04-05 14:03:47.926000+00:00
2024/04/05, 14:04:47.926,35.724,-74.851,0.48,301.71,222.54,0.38,9.5,9.6,1008.9,1008.7,0.0,0.0,13.74,11.62,346,342,6.5,6.6,62.1,62.1,6.3,6.4,288.7,284.6,1011.0,1010.8,671.67,287.18,2057.16,31.5498,11.7336,220.9,30.7,1491.867, NAN, NAN, NAN, NAN,,2024/04/05 14:04:47.926,2024-04-05 14:04:47.926000+00:00
2024/04/05, 14:05:47.926,35.724,-74.851,0.25,301.75,92.82,0.19,9.5,9.6,1008.7,1008.9,0.0,0.0,13.74,11.62,351,342,6.8,6.9,62.3,62.4,6.9,7.0,292.2,283.3,1010.8,1011.0,677.66,287.15,2060.03,31.5265,11.7366,221.8,30.3,1491.849, NAN, NAN, NAN, NAN,,2024/04/05 14:05:47.926,2024-04-05 14:05:47.926000+00:00
2024/04/05, 14:06:47.926,35.724,-74.851,-0.03,299.58,199.61,0.51,9.5,9.6,1008.8,1008.8,0.0,0.0,13.74,11.62,344,339,6.7,6.8,64.5,64.6,6.7,6.8,285.8,280.8,1010.9,1010.9,682.55,286.73,2061.3,31.55,11.7386,221.1,30.5,1491.884, NAN, NAN, NAN, NAN,,2024/04/05 14:06:47.926,2024-04-05 14:06:47.926000+00:00
2024/04/05, 14:07:47.926,35.724,-74.851,0.13,297.32,176.77,0.13,9.5,9.6,1008.8,1008.8,0.0,0.0,13.74,11.62,350,344,6.3,6.3,62.1,62.1,6.3,6.3,287.9,281.9,1010.9,1010.9,691.88,287.1,2064.39,31.5527,11.7416,228.4,30.6,1491.898, NAN, NAN, NAN, NAN,,2024/04/05 14:07:47.926,2024-04-05 14:07:47.926000+00:00
2024/04/05, 14:08:47.926,35.724,-74.851,0.32,296.16,248.92,0.35,9.5,9.5,1009.0,1009.0,0.0,0.0,13.74,11.62,348,342,6.1,6.1,62.8,62.8,6.0,6.0,285.3,279.2,1011.1,1011.1,697.58,287.37,2065.9,31.5551,11.7462,240.0,30.7,1491.917, NAN, NAN, NAN, NAN,,2024/04/05 14:08:47.926,2024-04-05 14:08:47.926000+00:00
2024/04/05, 14:09:47.926,35.724,-74.851,0.05,295.56,115.24,0.31,9.5,9.5,1008.7,1008.9,0.0,0.0,13.74,11.62,351,345,6.2,6.4,64.0,63.9,6.3,6.5,287.2,281.3,1010.8,1011.0,702.24,286.65,2069.29,31.5606,11.7463,251.6,30.5,1491.924, NAN, NAN, NAN, NAN,,2024/04/05 14:09:47.926,2024-04-05 14:09:47.926000+00:00
2024/04/05, 14:10:47.926,35.724,-74.851,0.09,294.71,47.22,0.04,9.5,9.5,1008.8,1008.7,0.0,0.0,13.74,11.62,352,347,6.8,6.7,64.1,64.3,6.8,6.7,286.8,281.8,1010.9,1010.8,703.13,286.67,2069.81,31.5804,11.7447,267.2,30.7,1491.942, NAN, NAN, NAN, NAN,,2024/04/05 14:10:47.926,2024-04-05 14:10:47.926000+00:00
2024/04/05, 14:11:47.926,35.724,-74.851,0.15,294.52,179.83,0.68,9.5,9.6,1008.8,1008.8,0.0,0.0,13.74,11.62,353,346,5.9,5.9,63.1,63.1,6.0,6.0,290.7,283.9,1010.9,1010.9,708.37,286.78,2072.07,31.6182,11.7406,282.4,30.6,1491.973, NAN, NAN, NAN, NAN,,2024/04/05 14:11:47.926,2024-04-05 14:11:47.926000+00:00
2024/04/05, 14:12:47.926,35.724,-74.851,0.31,294.85,210.7,0.6,9.5,9.5,1008.9,1008.7,0.0,0.0,13.74,11.62,354,347,5.9,5.9,62.6,62.5,5.8,5.8,291.7,284.6,1011.0,1010.8,707.49,287.47,2073.76,31.6826,11.7364,292.8,30.1,1492.035, NAN, NAN, NAN, NAN,,2024/04/05 14:12:47.926,2024-04-05 14:12:47.926000+00:00
2024/04/05, 14:13:47.926,35.724,-74.851,0.09,293.96,210.04,0.59,9.6,9.6,1009.0,1008.7,0.0,0.0,13.74,11.62,347,341,6.0,6.2,64.8,65.1,5.9,6.1,283.8,277.6,1011.1,1010.8,708.91,287.34,2073.58,31.7137,11.7376,301.6,30.7,1492.076, NAN, NAN, NAN, NAN,,2024/04/05 14:13:47.926,2024-04-05 14:13:47.926000+00:00
2024/04/05, 14:14:47.926,35.724,-74.852,0.17,293.75,222.37,0.41,9.6,9.6,1008.8,1008.6,0.0,0.0,13.74,11.62,345,339,6.7,6.8,64.7,64.7,6.6,6.7,280.3,274.2,1010.9,1010.7,710.67,286.32,2077.22,31.7855,11.7432,300.4,30.5,1492.182, NAN, NAN, NAN, NAN,,2024/04/05 14:14:47.926,2024-04-05 14:14:47.926000+00:00
2024/04/05, 14:15:47.926,35.724,-74.852,0.21,293.71,296.76,0.16,9.5,9.6,1008.8,1008.8,0.0,0.0,13.74,11.62,348,342,6.8,6.7,59.9,59.8,6.7,6.6,281.8,275.7,1010.9,1010.9,716.03,286.73,2079.0,31.7632,11.7434,298.0,30.7,1492.156, NAN, NAN, NAN, NAN,,2024/04/05 14:15:47.926,2024-04-05 14:15:47.926000+00:00
2024/04/05, 14:16:47.926,35.723,-74.852,0.14,295.21,201.11,0.99,9.6,9.6,1009.0,1008.8,0.0,0.0,13.74,11.62,352,348,5.8,5.5,59.9,59.8,5.7,5.3,292.1,288.3,1011.1,1010.9,718.65,286.84,2080.96,31.7487,11.7456,291.3,30.6,1492.146, NAN, NAN, NAN, NAN,,2024/04/05 14:16:47.926,2024-04-05 14:16:47.926000+00:00
2024/04/05, 14:17:47.926,35.723,-74.852,0.28,294.3,63.72,0.15,9.6,9.6,1009.1,1008.7,0.0,0.0,13.74,11.62,354,348,6.1,6.4,60.0,60.4,6.1,6.4,289.0,283.0,1011.2,1010.8,722.97,286.78,2081.55,31.7918,11.749,292.1,30.2,1492.209, NAN, NAN, NAN, NAN,,2024/04/05 14:17:47.926,2024-04-05 14:17:47.926000+00:00
2024/04/05, 14:18:47.926,35.723,-74.852,0.05,292.18,197.97,0.77,9.6,9.6,1008.7,1008.9,0.0,0.0,13.74,11.62,357,351,6.7,6.5,60.5,60.4,6.8,6.5,292.5,286.7,1010.8,1011.0,719.88,286.49,2082.34,31.7729,11.7527,289.1,30.3,1492.2, NAN, NAN, NAN, NAN,,2024/04/05 14:18:47.926,2024-04-05 14:18:47.926000+00:00
2024/04/05, 14:19:47.927,35.723,-74.852,0.14,295.3,191.54,0.83,9.6,9.6,1008.9,1008.7,0.0,0.0,13.74,11.62,351,345,6.4,6.4,61.0,60.8,6.5,6.4,290.1,284.1,1011.0,1010.8,730.68,286.71,2083.5,31.7451,11.7585,286.4,30.5,1492.187, NAN, NAN, NAN, NAN,,2024/04/05 14:19:47.927,2024-04-05 14:19:47.927000+00:00
2024/04/05, 14:20:47.927,35.723,-74.852,0.12,293.64,250.15,0.47,9.6,9.6,1009.1,1008.7,0.0,0.0,13.74,11.62,356,351,6.1,5.8,63.3,63.3,6.0,5.7,291.8,286.8,1011.2,1010.8,728.55,286.85,2086.13,31.7443,11.7598,285.4,30.4,1492.19, NAN, NAN, NAN, NAN,,2024/04/05 14:20:47.927,2024-04-05 14:20:47.927000+00:00
2024/04/05, 14:21:47.927,35.723,-74.852,0.16,293.28,170.23,0.47,9.6,9.6,1008.9,1009.1,0.0,0.0,13.74,11.62,0,354,6.6,6.3,62.6,62.6,6.7,6.4,295.2,289.4,1011.0,1011.2,733.53,286.57,2087.62,31.7215,11.7588,284.9,30.5,1492.159, NAN, NAN, NAN, NAN,,2024/04/05 14:21:47.927,2024-04-05 14:21:47.927000+00:00
2024/04/05, 14:22:47.927,35.723,-74.852,0.17,293.09,91.68,0.19,9.6,9.6,1009.0,1008.8,0.0,0.0,13.74,11.62,357,351,6.5,6.3,61.6,61.6,6.5,6.3,291.0,285.0,1011.1,1010.9,732.34,286.62,2089.87,31.7251,11.758,283.6,30.7,1492.161, NAN, NAN, NAN, NAN,,2024/04/05 14:22:47.927,2024-04-05 14:22:47.927000+00:00
2024/04/05, 14:23:47.927,35.723,-74.852,0.23,294.1,288.28,0.14,9.6,9.6,1008.8,1009.0,0.0,0.0,13.74,11.62,359,353,6.9,6.8,60.4,60.2,6.8,6.7,293.0,286.9,1010.9,1011.1,736.34,286.5,2090.63,31.6874,11.7567,279.0,30.2,1492.111, NAN, NAN, NAN, NAN,,2024/04/05 14:23:47.927,2024-04-05 14:23:47.927000+00:00
2024/04/05, 14:24:47.927,35.723,-74.852,0.01,294.42,197.31,0.61,9.6,9.6,1009.0,1008.8,0.0,0.0,13.74,11.62,355,349,6.9,6.7,60.8,61.0,6.9,6.6,292.0,286.0,1011.1,1010.9,739.33,286.96,2091.87,31.6815,11.7573,282.7,30.5,1492.106, NAN, NAN, NAN, NAN,,2024/04/05 14:24:47.927,2024-04-05 14:24:47.927000+00:00
2024/04/05, 14:25:47.927,35.723,-74.852,0.13,295.1,91.75,0.26,9.6,9.6,1009.0,1009.0,0.0,0.0,13.74,11.62,346,339,6.2,6.5,62.4,62.2,6.2,6.5,282.3,275.3,1011.1,1011.1,741.82,287.35,2093.79,31.6628,11.7591,278.4,30.6,1492.09, NAN, NAN, NAN, NAN,,2024/04/05 14:25:47.927,2024-04-05 14:25:47.927000+00:00
2024/04/05, 14:26:47.927,35.722,-74.852,0.17,295.19,205.15,0.32,9.6,9.6,1008.9,1008.9,0.0,0.0,13.74,11.62,353,345,6.6,6.2,64.9,64.7,6.6,6.1,289.6,281.6,1011.0,1011.0,743.12,287.02,2094.9,31.6392,11.7655,271.5,30.5,1492.084, NAN, NAN, NAN, NAN,,2024/04/05 14:26:47.927,2024-04-05 14:26:47.927000+00:00
2024/04/05, 14:27:47.927,35.722,-74.852,0.23,291.18,217.4,0.69,9.6,9.6,1008.9,1009.0,0.0,0.0,13.74,11.62,356,350,6.4,6.2,59.1,59.5,6.4,6.2,290.4,284.5,1011.0,1011.1,745.51,287.07,2099.07,31.6428,11.7664,280.3,30.5,1492.092, NAN, NAN, NAN, NAN,,2024/04/05 14:27:47.927,2024-04-05 14:27:47.927000+00:00
2024/04/05, 14:28:47.927,35.722,-74.852,0.19,293.9,246.01,0.4,9.6,9.6,1009.0,1009.1,0.0,0.0,13.74,11.62,348,342,6.7,6.8,59.2,59.6,6.6,6.7,283.4,277.3,1011.1,1011.2,746.79,286.97,2096.91,31.6978,11.7648,286.4,30.7,1492.152, NAN, NAN, NAN, NAN,,2024/04/05 14:28:47.927,2024-04-05 14:28:47.927000+00:00
2024/04/05, 14:29:47.927,35.722,-74.852,0.19,294.22,203.38,0.22,9.6,9.6,1008.9,1008.8,0.0,0.0,13.74,11.62,356,350,5.3,5.3,62.8,62.6,5.3,5.3,291.4,285.4,1011.0,1010.9,750.04,287.73,2098.3,31.8016,11.7612,295.2,30.7,1492.263, NAN, NAN, NAN, NAN,,2024/04/05 14:29:47.927,2024-04-05 14:29:47.927000+00:00
2024/04/05, 14:30:47.927,35.722,-74.852,0.45,298.22,293.97,0.62,9.6,9.7,1009.2,1008.8,0.0,0.0,13.74,11.62,352,346,6.7,6.7,63.3,63.9,6.4,6.4,289.4,283.1,1011.3,1010.9,755.18,286.87,2101.41,31.8136,11.7575,286.0,30.6,1492.265, NAN, NAN, NAN, NAN,,2024/04/05 14:30:47.927,2024-04-05 14:30:47.927000+00:00
2024/04/05, 14:31:47.927,35.722,-74.853,1.38,327.15,336.22,1.79,9.6,9.7,1009.0,1009.0,0.0,0.0,13.74,11.62,330,328,6.5,8.9,61.4,61.1,5.8,8.2,291.2,290.8,1011.1,1011.1,771.63,288.09,2093.55,31.7681,11.7542,285.4,30.6,1492.199, NAN, NAN, NAN, NAN,,2024/04/05 14:31:47.927,2024-04-05 14:31:47.927000+00:00
2024/04/05, 14:32:47.927,35.723,-74.853,1.73,334.52,323.8,2.66,9.6,9.7,1009.0,1009.0,0.0,0.0,13.74,11.62,317,316,7.3,10.1,63.0,63.4,6.3,9.1,283.4,284.8,1011.1,1011.1,766.64,287.78,2098.23,31.7368,11.7525,294.4,30.7,1492.156, NAN, NAN, NAN, NAN,,2024/04/05 14:32:47.927,2024-04-05 14:32:47.927000+00:00
2024/04/05, 14:33:47.927,35.724,-74.853,3.33,338.9,356.94,2.77,9.6,9.6,1009.1,1009.0,0.0,0.0,13.74,11.62,314,315,6.9,9.7,61.9,61.7,6.4,9.2,281.3,285.9,1011.2,1011.1,766.45,287.48,2100.05,31.7013,11.7532,284.0,30.5,1492.116, NAN, NAN, NAN, NAN,,2024/04/05 14:33:47.927,2024-04-05 14:33:47.927000+00:00
2024/04/05, 14:34:47.928,35.725,-74.853,2.6,330.05,5.31,2.04,9.6,9.6,1009.1,1008.8,0.0,0.0,13.74,11.62,311,314,6.9,9.6,60.9,60.8,6.7,9.3,272.4,278.0,1011.2,1010.9,772.91,287.45,2101.74,31.7445,11.7456,284.3,30.6,1492.141, NAN, NAN, NAN, NAN,,2024/04/05 14:34:47.928,2024-04-05 14:34:47.928000+00:00
2024/04/05, 14:35:47.928,35.725,-74.853,0.52,292.96,289.67,0.29,9.6,9.6,1009.0,1008.8,0.0,0.0,13.74,11.62,343,335,6.1,6.9,60.8,60.5,6.0,6.8,275.7,267.6,1011.1,1010.9,767.82,286.83,2108.43,31.6938,11.7281,260.4,30.4,1492.02, NAN, NAN, NAN, NAN,,2024/04/05 14:35:47.928,2024-04-05 14:35:47.928000+00:00
2024/04/05, 14:36:47.928,35.725,-74.853,0.44,294.34,17.29,0.21,9.6,9.6,1009.1,1008.9,0.0,0.0,13.74,11.62,343,337,6.9,7.1,61.0,63.6,6.9,7.1,276.5,270.5,1011.2,1011.0,771.59,286.97,2109.49,31.66,11.7153,239.4,30.5,1491.935, NAN, NAN, NAN, NAN,,2024/04/05 14:36:47.928,2024-04-05 14:36:47.928000+00:00
2024/04/05, 14:37:47.928,35.725,-74.853,0.22,296.6,337.27,0.03,9.6,9.6,1008.9,1008.9,0.0,0.0,13.74,11.62,347,341,6.4,6.6,61.3,61.6,6.4,6.6,283.5,277.5,1011.0,1011.0,774.08,287.11,2110.27,31.6405,11.7043,229.9,30.2,1491.873, NAN, NAN, NAN, NAN,,2024/04/05 14:37:47.928,2024-04-05 14:37:47.928000+00:00
2024/04/05, 14:38:47.928,35.725,-74.853,0.3,295.99,64.15,0.2,9.6,9.6,1008.9,1009.0,0.0,0.0,13.74,11.62,343,337,6.2,6.5,60.5,60.7,6.3,6.6,278.2,272.3,1011.0,1011.1,776.0,286.89,2111.25,31.6291,11.6976,225.3,30.3,1491.836, NAN, NAN, NAN, NAN,,2024/04/05 14:38:47.928,2024-04-05 14:38:47.928000+00:00
2024/04/05, 14:39:47.928,35.725,-74.853,0.14,295.74,340.42,0.33,9.6,9.6,1009.1,1008.9,0.0,0.0,13.74,11.62,348,341,5.5,5.8,60.2,60.6,5.4,5.7,282.3,275.2,1011.2,1011.0,777.88,287.3,2112.8,31.6142,11.6908,221.8,30.5,1491.795, NAN, NAN, NAN, NAN,,2024/04/05 14:39:47.928,2024-04-05 14:39:47.928000+00:00
2024/04/05, 14:40:47.928,35.725,-74.853,0.13,296.13,189.6,0.1,9.6,9.6,1008.8,1008.9,0.0,0.0,13.74,11.62,348,343,5.4,5.7,62.4,62.3,5.4,5.7,284.6,279.6,1010.9,1011.0,779.5,287.15,2114.15,31.6052,11.6855,234.8,30.4,1491.766, NAN, NAN, NAN, NAN,,2024/04/05 14:40:47.928,2024-04-05 14:40:47.928000+00:00
2024/04/05, 14:41:47.928,35.725,-74.853,0.1,295.9,312.09,0.17,9.6,9.6,1009.1,1008.8,0.0,0.0,13.74,11.62,350,344,5.2,5.3,62.5,62.5,5.1,5.2,285.4,279.3,1011.2,1010.9,782.03,287.87,2116.05,31.5992,11.6797,242.1,30.4,1491.739, NAN, NAN, NAN, NAN,,2024/04/05 14:41:47.928,2024-04-05 14:41:47.928000+00:00
2024/04/05, 14:42:47.928,35.725,-74.853,-0.04,299.49,331.14,0.15,9.6,9.6,1008.8,1008.8,0.0,0.0,13.74,11.62,344,338,5.6,5.8,62.5,63.1,5.6,5.8,282.9,276.9,1010.9,1010.9,791.03,287.59,2115.56,31.5955,11.6772,248.8,30.5,1491.725, NAN, NAN, NAN, NAN,,2024/04/05 14:42:47.928,2024-04-05 14:42:47.928000+00:00
2024/04/05, 14:43:47.928,35.725,-74.853,0.21,298.59,336.73,0.23,9.6,9.6,1008.7,1009.1,0.0,0.0,13.74,11.62,334,329,6.5,8.4,64.2,64.2,6.4,8.3,273.0,267.9,1010.8,1011.2,788.62,287.73,2116.65,31.5997,11.6706,259.5,30.0,1491.707, NAN, NAN, NAN, NAN,,2024/04/05 14:43:47.928,2024-04-05 14:43:47.928000+00:00
2024/04/05, 14:44:47.928,35.725,-74.853,0.31,299.47,83.25,0.18,9.6,9.6,1008.8,1008.9,0.0,0.0,13.74,11.62,335,331,6.0,6.8,63.5,63.5,6.1,6.9,274.4,270.5,1010.9,1011.0,796.21,288.05,2116.96,31.5973,11.6681,261.4,30.5,1491.696, NAN, NAN, NAN, NAN,,2024/04/05 14:44:47.928,2024-04-05 14:44:47.928000+00:00
2024/04/05, 14:45:47.928,35.725,-74.853,0.15,298.75,254.66,0.21,9.6,9.7,1008.7,1009.0,0.0,0.0,13.74,11.62,340,335,5.4,5.9,64.4,64.7,5.3,5.8,279.4,274.2,1010.8,1011.1,795.6,288.16,2117.76,31.5956,11.6654,261.9,30.4,1491.685, NAN, NAN, NAN, NAN,,2024/04/05 14:45:47.928,2024-04-05 14:45:47.928000+00:00
2024/04/05, 14:46:47.928,35.725,-74.853,0.2,298.76,253.39,0.21,9.6,9.7,1008.9,1008.8,0.0,0.0,13.74,11.62,344,340,5.3,5.3,65.2,65.5,5.2,5.2,282.9,278.8,1011.0,1010.9,796.1,288.22,2119.09,31.5901,11.6627,262.8,30.2,1491.669, NAN, NAN, NAN, NAN,,2024/04/05 14:46:47.928,2024-04-05 14:46:47.928000+00:00
2024/04/05, 14:47:47.928,35.725,-74.853,0.23,299.65,114.11,0.06,9.7,9.7,1008.8,1008.8,0.0,0.0,13.74,11.62,347,340,5.5,5.7,66.7,66.6,5.5,5.7,286.5,279.5,1010.9,1010.9,798.59,288.13,2119.21,31.5838,11.6619,258.5,30.4,1491.658, NAN, NAN, NAN, NAN,,2024/04/05 14:47:47.928,2024-04-05 14:47:47.928000+00:00
2024/04/05, 14:48:47.928,35.725,-74.853,0.5,298.84,212.21,0.75,9.6,9.7,1008.9,1009.0,0.0,0.0,13.74,11.62,348,342,5.4,5.4,65.8,66.1,5.3,5.2,290.7,284.6,1011.0,1011.1,798.13,287.82,2121.53,31.59,11.6607,261.4,30.4,1491.661, NAN, NAN, NAN, NAN,,2024/04/05 14:48:47.928,2024-04-05 14:48:47.928000+00:00
2024/04/05, 14:49:47.928,35.725,-74.853,1.19,296.97,316.92,1.28,9.6,9.7,1008.9,1008.8,0.0,0.0,13.74,11.62,347,340,6.1,6.2,65.5,65.6,5.5,5.7,280.4,272.9,1011.0,1010.9,802.17,287.77,2122.58,31.5849,11.6571,255.2,30.3,1491.643, NAN, NAN, NAN, NAN,,2024/04/05 14:49:47.928,2024-04-05 14:49:47.928000+00:00
2024/04/05, 14:50:47.929,35.725,-74.854,3.28,317.06,293.6,3.08,9.6,9.7,1008.8,1008.8,0.0,0.0,13.74,11.62,348,345,7.2,7.2,64.8,64.7,5.6,5.6,304.8,301.0,1010.9,1010.9,813.63,287.25,2119.38,31.5882,11.6511,258.5,30.2,1491.626, NAN, NAN, NAN, NAN,,2024/04/05 14:50:47.929,2024-04-05 14:50:47.929000+00:00
2024/04/05, 14:51:47.929,35.726,-74.854,4.14,4.24,16.92,3.95,9.6,9.6,1009.1,1008.8,0.0,0.0,13.74,11.62,300,308,6.3,8.7,64.7,64.6,5.9,7.9,285.5,299.3,1011.2,1010.9,812.02,289.4,2123.19,31.5784,11.6455,251.3,30.5,1491.595, NAN, NAN, NAN, NAN,,2024/04/05 14:51:47.929,2024-04-05 14:51:47.929000+00:00
2024/04/05, 14:52:47.929,35.727,-74.854,5.12,2.99,19.61,4.91,9.6,9.7,1009.1,1008.8,0.0,0.0,13.74,11.62,303,308,6.9,9.0,66.4,66.5,6.5,8.3,284.6,294.9,1011.2,1010.9,821.76,288.98,2126.04,31.5706,11.6467,249.7,30.5,1491.59, NAN, NAN, NAN, NAN,,2024/04/05 14:52:47.929,2024-04-05 14:52:47.929000+00:00
2024/04/05, 14:53:47.929,35.729,-74.854,5.47,359.5,15.7,4.7,9.6,9.7,1009.0,1009.0,0.0,0.0,13.74,11.62,302,308,7.0,9.3,64.9,66.5,6.6,8.6,281.3,292.7,1011.1,1011.1,827.8,288.73,2126.81,31.5658,11.6444,248.3,30.5,1491.576, NAN, NAN, NAN, NAN,,2024/04/05 14:53:47.929,2024-04-05 14:53:47.929000+00:00
2024/04/05, 14:54:47.929,35.73,-74.853,3.12,348.7,12.25,2.3,9.6,9.7,1009.0,1008.9,0.0,0.0,13.74,11.62,306,310,6.7,9.0,65.2,65.1,6.4,8.6,284.6,291.4,1011.1,1011.0,830.44,288.69,2124.22,31.5539,11.6403,229.6,30.4,1491.547, NAN, NAN, NAN, NAN,,2024/04/05 14:54:47.929,2024-04-05 14:54:47.929000+00:00
2024/04/05, 14:55:47.929,35.73,-74.853,1.98,341.81,15.16,2.08,9.7,9.7,1008.8,1008.9,0.0,0.0,13.74,11.62,308,312,5.9,8.5,65.3,65.2,6.0,8.5,279.6,286.6,1010.9,1011.0,834.51,288.05,2121.59,31.5446,11.6387,221.8,30.5,1491.531, NAN, NAN, NAN, NAN,,2024/04/05 14:55:47.929,2024-04-05 14:55:47.929000+00:00
2024/04/05, 14:56:47.929,35.731,-74.853,2.32,339.08,325.72,1.8,9.6,9.7,1008.9,1008.9,0.0,0.0,13.74,11.62,315,316,5.6,8.5,63.7,63.7,5.0,7.9,286.5,290.3,1011.0,1011.0,834.05,288.4,2122.19,31.5366,11.6366,216.6,30.5,1491.514, NAN, NAN, NAN, NAN,,2024/04/05 14:56:47.929,2024-04-05 14:56:47.929000+00:00
2024/04/05, 14:57:47.929,35.731,-74.853,1.18,321.06,336.74,0.69,9.6,9.7,1008.8,1008.7,0.0,0.0,13.74,11.62,329,325,5.7,8.2,64.5,64.5,5.5,8.0,287.0,283.9,1010.9,1010.8,833.92,287.85,2125.0,31.5163,11.6349,209.0,30.5,1491.484, NAN, NAN, NAN, NAN,,2024/04/05 14:57:47.929,2024-04-05 14:57:47.929000+00:00
2024/04/05, 14:58:47.929,35.731,-74.853,0.67,321.13,40.0,0.58,9.6,9.7,1008.9,1008.8,0.0,0.0,13.74,11.62,332,327,5.9,7.9,65.7,65.5,6.0,8.0,290.3,286.0,1011.0,1010.9,836.32,288.24,2125.96,31.5208,11.6362,210.5,30.5,1491.493, NAN, NAN, NAN, NAN,,2024/04/05 14:58:47.929,2024-04-05 14:58:47.929000+00:00
2024/04/05, 14:59:47.929,35.731,-74.853,0.15,315.21,24.56,0.48,9.6,9.7,1008.7,1008.8,0.0,0.0,13.74,11.62,333,328,5.7,8.1,65.7,65.6,5.8,8.3,286.2,281.9,1010.8,1010.9,836.81,288.11,2127.31,31.5176,11.6386,208.1,30.3,1491.498, NAN, NAN, NAN, NAN,,2024/04/05 14:59:47.929,2024-04-05 14:59:47.929000+00:00
2024/04/05, 15:00:47.929,35.731,-74.853,0.5,314.36,283.19,0.28,9.6,9.7,1008.9,1008.9,0.0,0.0,13.74,11.62,336,330,5.9,7.3,64.6,64.6,5.8,7.2,291.0,284.8,1011.0,1011.0,840.27,287.88,2128.9,31.5125,11.6413,209.6,30.3,1491.501, NAN, NAN, NAN, NAN,,2024/04/05 15:00:47.929,2024-04-05 15:00:47.929000+00:00
2024/04/05, 15:01:47.929,35.731,-74.853,0.28,314.15,57.5,0.62,9.6,9.6,1008.8,1008.8,0.0,0.0,13.74,11.62,336,331,5.4,7.2,64.8,64.8,5.6,7.4,287.3,283.1,1010.9,1010.9,841.34,288.32,2129.41,31.5103,11.6436,210.0,30.3,1491.507, NAN, NAN, NAN, NAN,,2024/04/05 15:01:47.929,2024-04-05 15:01:47.929000+00:00
2024/04/05, 15:02:47.929,35.731,-74.853,0.49,310.51,21.22,0.29,9.6,9.7,1008.9,1008.8,0.0,0.0,13.74,11.62,339,333,5.6,5.8,66.9,66.8,5.6,5.8,288.0,282.1,1011.0,1010.9,841.97,288.26,2132.14,31.5083,11.6482,209.6,30.5,1491.52, NAN, NAN, NAN, NAN,,2024/04/05 15:02:47.929,2024-04-05 15:02:47.929000+00:00
2024/04/05, 15:03:47.929,35.731,-74.853,0.31,308.89,180.19,0.4,9.7,9.7,1008.8,1008.8,0.0,0.0,13.74,11.62,343,337,5.5,5.7,67.1,66.3,5.5,5.7,294.0,288.0,1010.9,1010.9,844.87,288.36,2133.06,31.5078,11.65,212.0,30.4,1491.526, NAN, NAN, NAN, NAN,,2024/04/05 15:03:47.929,2024-04-05 15:03:47.929000+00:00
2024/04/05, 15:04:47.929,35.731,-74.853,0.43,308.74,58.01,0.18,9.6,9.7,1008.8,1008.8,0.0,0.0,13.74,11.62,342,335,5.9,6.2,65.3,66.0,6.0,6.3,290.1,283.2,1010.9,1010.9,845.92,288.28,2133.99,31.5093,11.6516,217.9,30.4,1491.533, NAN, NAN, NAN, NAN,,2024/04/05 15:04:47.929,2024-04-05 15:04:47.929000+00:00
2024/04/05, 15:05:47.930,35.731,-74.853,0.19,312.09,329.75,0.36,9.6,9.7,1008.8,1009.0,0.0,0.0,13.74,11.62,341,335,6.0,6.6,65.2,66.0,5.9,6.5,291.5,285.6,1010.9,1011.1,848.74,288.42,2132.88,31.5095,11.652,220.3,30.3,1491.535, NAN, NAN, NAN, NAN,,2024/04/05 15:05:47.930,2024-04-05 15:05:47.930000+00:00
2024/04/05, 15:06:47.930,35.732,-74.853,1.99,350.27,7.3,2.1,9.7,9.7,1008.9,1008.8,0.0,0.0,13.74,11.62,324,321,6.5,9.3,65.6,66.0,5.9,8.7,305.9,305.4,1011.0,1010.9,856.93,289.05,2131.49,31.5104,11.6533,221.8,30.3,1491.54, NAN, NAN, NAN, NAN,,2024/04/05 15:06:47.930,2024-04-05 15:06:47.930000+00:00
2024/04/05, 15:07:47.930,35.732,-74.853,3.08,51.47,67.01,3.12,9.7,9.7,1008.9,1008.7,0.0,0.0,13.74,11.62,262,282,5.9,6.6,65.1,65.2,6.5,6.7,299.7,319.6,1011.0,1010.8,835.56,290.26,2160.3,31.5112,11.6609,230.5,30.2,1491.568, NAN, NAN, NAN, NAN,,2024/04/05 15:07:47.930,2024-04-05 15:07:47.930000+00:00
2024/04/05, 15:08:47.930,35.732,-74.851,3.61,120.8,110.06,4.31,9.7,9.7,1009.0,1009.0,0.0,0.0,13.74,11.62,133,94,2.1,2.4,65.0,65.1,4.0,3.5,275.5,253.5,1011.1,1011.1,826.66,291.43,2205.69,31.5138,11.68,232.7,30.1,1491.637, NAN, NAN, NAN, NAN,,2024/04/05 15:08:47.930,2024-04-05 15:08:47.930000+00:00
2024/04/05, 15:09:47.930,35.732,-74.85,5.12,132.66,127.52,5.61,9.7,9.7,1008.8,1008.8,0.0,0.0,13.74,11.62,143,142,4.7,3.7,64.4,65.1,7.3,6.3,288.7,290.2,1010.9,1010.9,806.62,289.52,2227.16,31.5192,11.6734,236.6,30.3,1491.621, NAN, NAN, NAN, NAN,,2024/04/05 15:09:47.930,2024-04-05 15:09:47.930000+00:00
2024/04/05, 15:10:47.930,35.731,-74.849,6.18,130.78,133.97,6.49,9.8,9.7,1008.8,1009.1,0.0,0.0,13.74,11.62,141,145,3.2,2.3,65.4,65.0,6.1,5.4,292.5,297.6,1010.9,1011.2,806.03,290.06,2226.94,31.5186,11.6643,231.2,30.0,1491.589, NAN, NAN, NAN, NAN,,2024/04/05 15:10:47.930,2024-04-05 15:10:47.930000+00:00
2024/04/05, 15:11:47.930,35.729,-74.847,6.07,130.63,127.29,5.72,9.7,9.7,1009.1,1008.9,0.0,0.0,13.74,11.62,130,99,3.0,2.0,66.1,66.0,5.4,3.9,284.2,277.8,1011.2,1011.0,805.71,290.76,2226.67,31.519,11.662,221.1,30.1,1491.581, NAN, NAN, NAN, NAN,,2024/04/05 15:11:47.930,2024-04-05 15:11:47.930000+00:00
2024/04/05, 15:12:47.930,35.728,-74.846,2.81,191.04,155.86,3.36,9.8,9.8,1008.9,1008.9,0.0,0.0,13.74,11.62,95,91,6.0,5.7,67.0,67.2,7.1,6.7,297.5,294.7,1011.0,1011.0,829.73,289.12,2221.39,31.5179,11.6679,214.2,30.3,1491.6, NAN, NAN, NAN, NAN,,2024/04/05 15:12:47.930,2024-04-05 15:12:47.930000+00:00
2024/04/05, 15:13:47.930,35.728,-74.846,-0.09,242.66,123.4,0.71,9.7,9.8,1008.9,1009.0,0.0,0.0,13.74,11.62,59,52,6.5,8.1,66.3,66.9,6.8,8.4,303.2,296.2,1011.0,1011.1,868.78,288.39,2190.77,31.5136,11.6754,213.0,30.4,1491.621, NAN, NAN, NAN, NAN,,2024/04/05 15:13:47.930,2024-04-05 15:13:47.930000+00:00
2024/04/05, 15:14:47.930,35.728,-74.846,-0.63,279.25,145.79,0.67,9.7,9.7,1009.0,1009.1,0.0,0.0,13.74,11.62,18,12,6.7,6.5,65.6,65.7,7.0,6.8,298.1,292.4,1011.1,1011.2,792.07,288.1,2161.09,31.5128,11.6843,210.8,30.3,1491.651, NAN, NAN, NAN, NAN,,2024/04/05 15:14:47.930,2024-04-05 15:14:47.930000+00:00
2024/04/05, 15:15:47.930,35.727,-74.846,0.31,284.01,289.13,0.13,9.7,9.7,1008.9,1008.9,0.0,0.0,13.74,11.62,5,358,5.9,5.7,64.8,64.8,5.8,5.6,288.9,281.8,1011.0,1011.0,799.9,288.23,2156.2,31.5173,11.6898,209.0,30.3,1491.676, NAN, NAN, NAN, NAN,,2024/04/05 15:15:47.930,2024-04-05 15:15:47.930000+00:00
2024/04/05, 15:16:47.930,35.727,-74.846,0.2,288.57,199.33,1.01,9.6,9.6,1008.8,1008.8,0.0,0.0,13.74,11.62,359,352,6.3,6.1,65.3,65.3,6.3,6.0,292.3,285.4,1010.9,1010.9,813.86,288.06,2155.15,31.5226,11.6907,207.5,30.2,1491.685, NAN, NAN, NAN, NAN,,2024/04/05 15:16:47.930,2024-04-05 15:16:47.930000+00:00
2024/04/05, 15:17:47.930,35.727,-74.846,0.08,291.19,140.29,0.16,9.6,9.6,1009.0,1008.8,0.0,0.0,13.74,11.62,351,344,5.6,5.7,65.0,65.0,5.7,5.8,282.6,275.6,1011.1,1010.9,828.31,288.71,2153.9,31.5247,11.6877,206.6,30.4,1491.677, NAN, NAN, NAN, NAN,,2024/04/05 15:17:47.930,2024-04-05 15:17:47.930000+00:00
2024/04/05, 15:18:47.930,35.727,-74.846,0.15,291.92,35.02,0.07,9.6,9.7,1008.8,1008.8,0.0,0.0,13.74,11.62,349,343,5.7,5.8,66.0,66.0,5.7,5.8,281.2,275.2,1010.9,1010.9,832.36,288.63,2154.28,31.5262,11.6915,205.6,30.3,1491.692, NAN, NAN, NAN, NAN,,2024/04/05 15:18:47.930,2024-04-05 15:18:47.930000+00:00
2024/04/05, 15:19:47.930,35.727,-74.846,0.08,293.36,316.06,0.48,9.6,9.7,1008.7,1008.7,0.0,0.0,13.74,11.62,352,345,5.7,6.0,67.1,67.4,5.6,6.0,282.9,276.0,1010.8,1010.8,830.45,288.6,2155.45,31.5315,11.6913,223.8,30.5,1491.698, NAN, NAN, NAN, NAN,,2024/04/05 15:19:47.930,2024-04-05 15:19:47.930000+00:00
2024/04/05, 15:20:47.930,35.727,-74.846,0.41,288.45,307.2,0.54,9.7,9.7,1009.0,1008.7,0.0,0.0,13.74,11.62,352,345,5.5,5.4,67.0,66.6,5.3,5.2,279.1,271.8,1011.1,1010.8,806.78,288.83,2158.57,31.566,11.6893,255.0,30.2,1491.732, NAN, NAN, NAN, NAN,,2024/04/05 15:20:47.930,2024-04-05 15:20:47.930000+00:00
2024/04/05, 15:21:47.931,35.727,-74.846,-0.06,283.26,205.57,0.04,9.7,9.7,1009.0,1008.8,0.0,0.0,13.74,11.62,0,357,5.8,5.8,67.1,67.4,5.8,5.8,283.3,280.3,1011.1,1010.9,797.81,288.94,2163.01,31.6312,11.6855,286.4,30.3,1491.797, NAN, NAN, NAN, NAN,,2024/04/05 15:21:47.931,2024-04-05 15:21:47.931000+00:00
2024/04/05, 15:22:47.931,35.727,-74.846,0.18,283.1,193.49,0.54,9.7,9.7,1008.7,1008.9,0.0,0.0,13.74,11.62,7,1,6.3,5.9,66.7,66.8,6.3,5.8,292.6,286.7,1010.8,1011.0,799.98,288.78,2163.13,31.6334,11.6796,272.3,30.3,1491.779, NAN, NAN, NAN, NAN,,2024/04/05 15:22:47.931,2024-04-05 15:22:47.931000+00:00
2024/04/05, 15:23:47.931,35.727,-74.846,0.03,284.71,266.66,0.28,9.7,9.7,1008.8,1009.0,0.0,0.0,13.74,11.62,357,350,5.5,5.2,66.6,66.7,5.4,5.1,280.5,273.3,1010.9,1011.1,799.66,289.05,2162.4,31.5809,11.6789,247.0,30.4,1491.714, NAN, NAN, NAN, NAN,,2024/04/05 15:23:47.931,2024-04-05 15:23:47.931000+00:00
2024/04/05, 15:24:47.931,35.727,-74.846,0.05,285.86,240.53,0.52,9.7,9.7,1008.7,1008.7,0.0,0.0,13.74,11.62,358,351,5.9,5.9,66.6,66.6,5.9,5.8,286.4,279.4,1010.8,1010.8,795.48,289.11,2163.64,31.5642,11.6815,247.3,29.9,1491.703, NAN, NAN, NAN, NAN,,2024/04/05 15:24:47.931,2024-04-05 15:24:47.931000+00:00
2024/04/05, 15:25:47.931,35.727,-74.846,0.02,283.73,199.72,0.47,9.7,9.7,1008.8,1008.7,0.0,0.0,13.74,11.62,357,351,6.0,5.8,63.8,63.8,6.0,5.7,283.0,277.0,1010.9,1010.8,796.43,289.12,2164.53,31.5584,11.6843,254.0,30.2,1491.706, NAN, NAN, NAN, NAN,,2024/04/05 15:25:47.931,2024-04-05 15:25:47.931000+00:00
2024/04/05, 15:26:47.931,35.727,-74.846,0.29,284.07,209.83,0.47,9.7,9.7,1008.7,1008.8,0.0,0.0,13.74,11.62,352,346,5.7,5.6,64.7,64.9,5.6,5.5,278.3,272.3,1010.8,1010.9,799.76,289.76,2164.62,31.5675,11.6847,264.8,30.3,1491.718, NAN, NAN, NAN, NAN,,2024/04/05 15:26:47.931,2024-04-05 15:26:47.931000+00:00
2024/04/05, 15:27:47.931,35.727,-74.846,0.7,281.99,209.19,0.59,9.7,9.7,1008.7,1008.6,0.0,0.0,13.74,11.62,354,346,5.5,5.6,65.7,65.9,5.4,5.4,278.8,270.5,1010.8,1010.7,800.85,289.62,2165.07,31.5722,11.6875,268.4,30.1,1491.733, NAN, NAN, NAN, NAN,,2024/04/05 15:27:47.931,2024-04-05 15:27:47.931000+00:00
2024/04/05, 15:28:47.931,35.727,-74.846,0.24,284.01,195.22,0.49,9.7,9.8,1008.8,1008.7,0.0,0.0,13.74,11.62,351,345,5.5,5.5,65.1,65.8,5.4,5.4,277.5,271.4,1010.9,1010.8,798.77,289.44,2166.2,31.5788,11.6861,261.9,30.4,1491.736, NAN, NAN, NAN, NAN,,2024/04/05 15:28:47.931,2024-04-05 15:28:47.931000+00:00
2024/04/05, 15:29:47.931,35.726,-74.846,0.05,284.52,214.19,0.7,9.8,9.8,1008.8,1009.0,0.0,0.0,13.74,11.62,351,345,6.2,6.1,66.2,66.4,6.1,6.0,278.7,272.7,1010.9,1011.1,799.81,289.28,2168.16,31.5611,11.6862,249.4,30.3,1491.715, NAN, NAN, NAN, NAN,,2024/04/05 15:29:47.931,2024-04-05 15:29:47.931000+00:00
2024/04/05, 15:30:47.931,35.726,-74.846,0.01,285.84,208.84,0.52,9.7,9.8,1008.6,1009.1,0.0,0.0,13.74,11.62,0,351,6.3,6.0,63.5,63.7,6.2,5.8,287.9,278.8,1010.7,1011.2,802.81,289.39,2167.31,31.5482,11.6826,252.0,29.8,1491.688, NAN, NAN, NAN, NAN,,2024/04/05 15:30:47.931,2024-04-05 15:30:47.931000+00:00
2024/04/05, 15:31:47.931,35.726,-74.846,0.06,283.78,157.11,0.65,9.7,9.8,1008.8,1008.7,0.0,0.0,13.74,11.62,358,350,6.0,5.8,63.3,63.4,6.0,5.8,285.0,277.1,1010.9,1010.8,803.88,289.43,2167.69,31.5422,11.679,252.4,29.9,1491.668, NAN, NAN, NAN, NAN,,2024/04/05 15:31:47.931,2024-04-05 15:31:47.931000+00:00
2024/04/05, 15:32:47.931,35.726,-74.846,0.19,282.09,207.63,0.23,9.8,9.8,1008.8,1008.6,0.0,0.0,13.74,11.62,2,356,6.2,6.0,64.8,65.1,6.2,6.0,285.2,279.2,1010.9,1010.7,814.03,289.2,2170.9,31.5836,11.679,266.2,30.0,1491.717, NAN, NAN, NAN, NAN,,2024/04/05 15:32:47.931,2024-04-05 15:32:47.931000+00:00
2024/04/05, 15:33:47.931,35.726,-74.846,0.09,285.0,235.16,0.81,9.7,9.8,1009.0,1008.8,0.0,0.0,13.74,11.62,1,354,6.5,6.2,63.0,62.9,6.3,6.0,289.4,282.4,1011.1,1010.9,803.74,289.6,2169.99,31.6062,11.6754,268.6,29.8,1491.732, NAN, NAN, NAN, NAN,,2024/04/05 15:33:47.931,2024-04-05 15:33:47.931000+00:00
2024/04/05, 15:34:47.931,35.726,-74.846,0.39,284.83,204.86,0.56,9.7,9.8,1008.8,1008.7,0.0,0.0,13.74,11.62,356,351,5.4,5.4,64.5,63.1,5.3,5.3,283.8,278.7,1010.9,1010.8,803.2,289.61,2170.16,31.5905,11.6692,270.5,29.6,1491.692, NAN, NAN, NAN, NAN,,2024/04/05 15:34:47.931,2024-04-05 15:34:47.931000+00:00
2024/04/05, 15:35:47.931,35.726,-74.846,0.16,284.94,346.73,0.22,9.7,9.8,1008.7,1008.9,0.0,0.0,13.74,11.62,2,356,5.1,4.8,64.6,64.6,5.0,4.7,288.0,282.0,1010.8,1011.0,807.14,290.75,2170.57,31.5933,11.6679,272.3,29.5,1491.69, NAN, NAN, NAN, NAN,,2024/04/05 15:35:47.931,2024-04-05 15:35:47.931000+00:00
2024/04/05, 15:36:47.932,35.726,-74.846,0.06,283.76,191.27,0.59,9.8,9.8,1009.0,1008.9,0.0,0.0,13.74,11.62,356,351,6.3,6.2,67.5,68.2,6.3,6.2,282.5,277.6,1011.1,1011.0,815.6,289.86,2172.95,31.5719,11.6806,269.9,29.8,1491.709, NAN, NAN, NAN, NAN,,2024/04/05 15:36:47.932,2024-04-05 15:36:47.932000+00:00
2024/04/05, 15:37:47.932,35.726,-74.846,0.29,282.89,33.27,0.5,9.8,9.8,1009.0,1008.8,0.0,0.0,13.74,11.62,358,352,5.9,5.7,64.2,64.3,6.0,5.8,278.5,272.5,1011.1,1010.9,815.62,289.8,2173.13,31.5739,11.6934,268.9,29.8,1491.756, NAN, NAN, NAN, NAN,,2024/04/05 15:37:47.932,2024-04-05 15:37:47.932000+00:00
2024/04/05, 15:38:47.932,35.726,-74.847,0.05,285.06,170.28,0.74,9.8,9.8,1009.0,1009.0,0.0,0.0,13.74,11.62,358,352,5.8,5.8,66.3,66.1,5.8,5.8,286.8,280.8,1011.1,1011.1,813.43,290.8,2172.07,31.5699,11.7027,264.8,29.9,1491.783, NAN, NAN, NAN, NAN,,2024/04/05 15:38:47.932,2024-04-05 15:38:47.932000+00:00
2024/04/05, 15:39:47.932,35.726,-74.847,0.59,283.82,249.23,0.41,9.8,9.8,1009.0,1008.8,0.0,0.0,13.74,11.62,356,350,5.7,5.7,67.5,68.3,5.5,5.5,279.4,273.2,1011.1,1010.9,812.78,290.42,2173.81,31.573,11.7046,261.1,29.8,1491.794, NAN, NAN, NAN, NAN,,2024/04/05 15:39:47.932,2024-04-05 15:39:47.932000+00:00
2024/04/05, 15:40:47.932,35.726,-74.847,1.17,283.29,293.48,1.15,9.8,9.8,1009.0,1008.8,0.0,0.0,13.74,11.62,5,358,6.2,6.0,66.1,68.1,5.6,5.4,289.7,282.1,1011.1,1010.9,815.73,290.54,2174.9,31.5862,11.7018,266.2,29.8,1491.8, NAN, NAN, NAN, NAN,,2024/04/05 15:40:47.932,2024-04-05 15:40:47.932000+00:00
2024/04/05, 15:41:47.932,35.726,-74.847,1.23,283.15,305.67,1.09,9.8,9.8,1009.0,1008.8,0.0,0.0,13.74,11.62,3,356,7.3,7.1,64.9,65.4,6.8,6.6,284.9,277.3,1011.1,1010.9,814.35,289.47,2174.73,31.6107,11.713,266.8,30.0,1491.868, NAN, NAN, NAN, NAN,,2024/04/05 15:41:47.932,2024-04-05 15:41:47.932000+00:00
2024/04/05, 15:42:47.932,35.726,-74.848,1.33,285.34,272.03,0.97,9.7,9.8,1008.8,1009.0,0.0,0.0,13.74,11.62,1,354,6.3,6.3,63.3,63.1,5.8,5.8,287.7,280.1,1010.9,1011.1,820.49,289.91,2176.48,31.5904,11.7149,255.5,29.9,1491.85, NAN, NAN, NAN, NAN,,2024/04/05 15:42:47.932,2024-04-05 15:42:47.932000+00:00
2024/04/05, 15:43:47.932,35.726,-74.848,1.4,283.91,261.36,1.5,9.8,9.8,1009.1,1008.7,0.0,0.0,13.74,11.62,354,349,6.0,6.0,64.8,65.0,5.3,5.3,280.5,274.8,1011.2,1010.8,817.05,290.07,2177.02,31.5754,11.7184,246.7,30.3,1491.844, NAN, NAN, NAN, NAN,,2024/04/05 15:43:47.932,2024-04-05 15:43:47.932000+00:00
2024/04/05, 15:44:47.932,35.726,-74.849,1.3,282.66,266.84,1.41,9.8,9.8,1009.1,1008.8,0.0,0.0,13.74,11.62,357,351,6.6,6.4,64.7,64.8,5.9,5.7,280.6,273.9,1011.2,1010.9,821.79,289.94,2178.6,31.564,11.7264,236.3,30.1,1491.859, NAN, NAN, NAN, NAN,,2024/04/05 15:44:47.932,2024-04-05 15:44:47.932000+00:00
2024/04/05, 15:45:47.932,35.726,-74.849,1.6,283.57,260.24,1.84,9.7,9.8,1008.9,1008.8,0.0,0.0,13.74,11.62,0,353,6.6,6.4,65.0,64.8,5.7,5.5,285.3,277.2,1011.0,1010.9,822.69,290.23,2179.84,31.5511,11.728,223.2,30.1,1491.849, NAN, NAN, NAN, NAN,,2024/04/05 15:45:47.932,2024-04-05 15:45:47.932000+00:00
2024/04/05, 15:46:47.932,35.726,-74.85,1.76,282.2,275.15,2.13,9.8,9.8,1008.8,1008.8,0.0,0.0,13.74,11.62,2,356,6.9,6.6,63.9,63.9,5.8,5.5,284.5,277.3,1010.9,1010.9,823.55,290.33,2180.05,31.5443,11.7274,220.9,30.4,1491.838, NAN, NAN, NAN, NAN,,2024/04/05 15:46:47.932,2024-04-05 15:46:47.932000+00:00
2024/04/05, 15:47:47.932,35.726,-74.85,2.02,284.33,280.82,1.93,9.8,9.8,1009.0,1008.8,0.0,0.0,13.74,11.62,5,359,7.4,7.1,64.0,64.1,6.4,6.1,290.5,283.6,1011.1,1010.9,825.89,289.95,2181.32,31.5436,11.7302,215.4,30.3,1491.847, NAN, NAN, NAN, NAN,,2024/04/05 15:47:47.932,2024-04-05 15:47:47.932000+00:00
2024/04/05, 15:48:47.932,35.726,-74.851,1.73,284.87,294.25,1.59,9.8,9.8,1008.9,1009.0,0.0,0.0,13.74,11.62,3,357,6.2,6.0,63.6,63.5,5.4,5.2,288.6,281.7,1011.0,1011.1,828.14,290.37,2179.71,31.5399,11.7359,210.5,30.2,1491.863, NAN, NAN, NAN, NAN,,2024/04/05 15:48:47.932,2024-04-05 15:48:47.932000+00:00
2024/04/05, 15:49:47.932,35.727,-74.851,0.27,288.9,205.79,0.19,9.8,9.8,1009.1,1008.9,0.0,0.0,13.74,11.62,352,343,5.5,5.6,65.3,65.4,5.4,5.5,280.6,271.4,1011.2,1011.0,820.99,291.49,2178.02,31.5377,11.7439,211.7,30.2,1491.888, NAN, NAN, NAN, NAN,,2024/04/05 15:49:47.932,2024-04-05 15:49:47.932000+00:00
2024/04/05, 15:50:47.932,35.727,-74.851,-0.06,284.6,14.56,0.38,9.9,9.9,1008.9,1008.8,0.0,0.0,13.74,11.62,358,353,5.6,5.4,67.2,67.6,5.7,5.5,281.1,276.2,1011.0,1010.9,829.87,290.8,2180.87,31.5377,11.7522,206.0,30.0,1491.917, NAN, NAN, NAN, NAN,,2024/04/05 15:50:47.932,2024-04-05 15:50:47.932000+00:00
2024/04/05, 15:51:47.932,35.727,-74.851,-0.26,285.63,9.67,0.27,9.9,9.9,1008.9,1008.9,0.0,0.0,13.74,11.62,356,352,5.4,5.1,64.4,64.4,5.5,5.2,282.8,278.9,1011.0,1011.0,832.96,291.12,2180.39,31.5375,11.76,204.4,30.2,1491.943, NAN, NAN, NAN, NAN,,2024/04/05 15:51:47.932,2024-04-05 15:51:47.932000+00:00
2024/04/05, 15:52:47.933,35.727,-74.851,0.08,285.55,205.91,0.32,9.8,9.8,1008.8,1008.8,0.0,0.0,13.74,11.62,1,355,5.1,5.0,65.6,65.5,5.0,4.9,288.1,282.0,1010.9,1010.9,833.58,291.54,2181.62,31.5366,11.7649,202.0,30.3,1491.959, NAN, NAN, NAN, NAN,,2024/04/05 15:52:47.933,2024-04-05 15:52:47.933000+00:00
2024/04/05, 15:53:47.933,35.727,-74.851,0.68,283.02,241.46,0.75,9.8,9.9,1008.8,1008.8,0.0,0.0,13.74,11.62,9,1,6.2,5.7,67.2,67.2,5.8,5.3,292.6,284.0,1010.9,1010.9,837.69,291.16,2183.81,31.536,11.764,198.9,30.3,1491.956, NAN, NAN, NAN, NAN,,2024/04/05 15:53:47.933,2024-04-05 15:53:47.933000+00:00
2024/04/05, 15:54:47.933,35.727,-74.851,0.51,283.55,248.43,0.35,9.8,9.9,1008.9,1008.8,0.0,0.0,13.74,11.62,5,357,5.9,5.6,66.9,67.1,5.7,5.4,288.9,280.7,1011.0,1010.9,841.87,291.12,2184.2,31.5346,11.767,197.1,30.4,1491.964, NAN, NAN, NAN, NAN,,2024/04/05 15:54:47.933,2024-04-05 15:54:47.933000+00:00
2024/04/05, 15:55:47.933,35.727,-74.851,-0.11,285.09,78.35,0.45,9.8,9.9,1008.8,1009.0,0.0,0.0,13.74,11.62,0,352,4.9,4.9,68.8,68.9,5.1,5.1,283.4,275.7,1010.9,1011.1,845.03,290.84,2184.14,31.5338,11.7725,195.0,30.2,1491.982, NAN, NAN, NAN, NAN,,2024/04/05 15:55:47.933,2024-04-05 15:55:47.933000+00:00
2024/04/05, 15:56:47.933,35.727,-74.851,-0.17,285.37,187.18,0.31,9.8,9.8,1008.8,1008.8,0.0,0.0,13.74,11.62,5,359,5.5,5.4,67.0,66.7,5.6,5.5,291.0,285.1,1010.9,1010.9,840.84,290.62,2183.37,31.534,11.7757,200.4,30.4,1491.994, NAN, NAN, NAN, NAN,,2024/04/05 15:56:47.933,2024-04-05 15:56:47.933000+00:00
2024/04/05, 15:57:47.933,35.727,-74.851,-0.36,285.16,30.46,0.77,9.8,9.8,1008.8,1008.9,0.0,0.0,13.74,11.62,11,4,5.3,5.0,66.7,66.6,5.5,5.2,292.4,285.5,1010.9,1011.0,848.4,290.8,2184.96,31.533,11.7799,202.6,30.3,1492.007, NAN, NAN, NAN, NAN,,2024/04/05 15:57:47.933,2024-04-05 15:57:47.933000+00:00
2024/04/05, 15:58:47.933,35.727,-74.851,0.08,285.48,340.76,0.4,9.8,9.8,1008.8,1008.7,0.0,0.0,13.74,11.62,1,355,4.6,4.4,65.9,66.0,4.5,4.3,284.3,278.0,1010.9,1010.8,844.62,291.41,2184.72,31.5323,11.7809,202.6,30.1,1492.01, NAN, NAN, NAN, NAN,,2024/04/05 15:58:47.933,2024-04-05 15:58:47.933000+00:00
2024/04/05, 15:59:47.933,35.727,-74.851,0.17,282.93,232.89,1.05,9.8,9.8,1008.7,1008.8,0.0,0.0,13.74,11.62,354,347,5.2,5.1,67.0,66.6,4.7,4.6,279.8,272.2,1010.8,1010.9,847.96,291.11,2186.7,31.5295,11.7798,198.4,30.3,1492.003, NAN, NAN, NAN, NAN,,2024/04/05 15:59:47.933,2024-04-05 15:59:47.933000+00:00
2024/04/05, 16:00:47.933,35.727,-74.851,1.32,285.24,268.72,1.69,9.8,9.8,1008.8,1008.8,0.0,0.0,13.74,11.62,354,349,5.8,5.6,67.3,67.2,5.0,4.7,281.9,276.2,1010.9,1010.9,851.04,290.89,2187.12,31.529,11.7723,196.2,30.3,1491.976, NAN, NAN, NAN, NAN,,2024/04/05 16:00:47.933,2024-04-05 16:00:47.933000+00:00
2024/04/05, 16:01:47.933,35.727,-74.852,1.87,290.36,281.96,2.42,9.8,9.8,1008.7,1008.8,0.0,0.0,13.74,11.62,345,337,5.3,5.5,65.4,65.5,4.1,4.3,274.2,264.0,1010.8,1010.9,850.02,291.09,2186.64,31.5282,11.7716,194.4,30.3,1491.973, NAN, NAN, NAN, NAN,,2024/04/05 16:01:47.933,2024-04-05 16:01:47.933000+00:00
2024/04/05, 16:02:47.933,35.728,-74.853,3.83,342.08,332.65,3.78,9.8,9.8,1008.8,1008.7,0.0,0.0,13.74,11.62,330,327,6.4,8.8,66.5,66.6,4.6,7.1,303.5,302.7,1010.9,1010.8,934.86,290.89,2165.43,31.5294,11.7712,199.9,30.3,1491.973, NAN, NAN, NAN, NAN,,2024/04/05 16:02:47.933,2024-04-05 16:02:47.933000+00:00
2024/04/05, 16:03:47.933,35.729,-74.853,4.89,4.8,13.37,4.75,9.8,9.8,1008.7,1008.6,0.0,0.0,13.74,11.62,294,301,6.1,7.9,66.9,66.7,6.1,7.4,275.6,287.8,1010.8,1010.7,907.1,291.66,2163.43,31.529,11.7713,200.1,30.4,1491.972, NAN, NAN, NAN, NAN,,2024/04/05 16:03:47.933,2024-04-05 16:03:47.933000+00:00
2024/04/05, 16:04:47.933,35.73,-74.852,6.71,8.41,23.68,6.79,9.8,9.8,1008.6,1008.7,0.0,0.0,13.74,11.62,301,306,6.1,7.8,66.2,66.3,6.0,7.2,275.9,287.9,1010.7,1010.8,917.13,291.42,2163.26,31.5277,11.7692,198.9,30.3,1491.964, NAN, NAN, NAN, NAN,,2024/04/05 16:04:47.933,2024-04-05 16:04:47.933000+00:00
2024/04/05, 16:05:47.933,35.732,-74.852,7.98,10.64,18.69,7.81,9.8,9.8,1008.8,1008.6,0.0,0.0,13.74,11.62,303,309,6.6,8.7,66.5,66.6,6.2,7.5,277.2,292.2,1010.9,1010.7,926.59,291.33,2164.98,31.5256,11.7686,198.6,30.3,1491.959, NAN, NAN, NAN, NAN,,2024/04/05 16:05:47.933,2024-04-05 16:05:47.933000+00:00
2024/04/05, 16:06:47.933,35.734,-74.851,8.45,8.44,16.34,8.29,9.8,9.9,1008.9,1008.8,0.0,0.0,13.74,11.62,307,311,6.5,9.1,66.5,66.5,5.5,7.4,274.9,291.9,1011.0,1010.9,905.28,291.24,2164.47,31.5245,11.7685,196.8,30.4,1491.957, NAN, NAN, NAN, NAN,,2024/04/05 16:06:47.933,2024-04-05 16:06:47.933000+00:00
2024/04/05, 16:07:47.934,35.737,-74.85,8.82,6.0,13.39,8.42,9.8,9.9,1008.8,1008.6,0.0,0.0,13.74,11.62,313,314,6.5,9.4,66.8,67.0,5.4,7.7,277.6,292.9,1010.9,1010.7,902.2,290.71,2165.07,31.524,11.7683,196.8,30.3,1491.956, NAN, NAN, NAN, NAN,,2024/04/05 16:07:47.934,2024-04-05 16:07:47.934000+00:00
2024/04/05, 16:08:47.934,35.739,-74.85,8.86,6.86,8.24,8.59,9.8,9.9,1008.6,1008.6,0.0,0.0,13.74,11.62,306,311,6.7,9.3,65.5,65.7,5.8,7.6,272.3,289.8,1010.7,1010.7,898.09,290.74,2166.47,31.524,11.7691,194.7,30.3,1491.959, NAN, NAN, NAN, NAN,,2024/04/05 16:08:47.934,2024-04-05 16:08:47.934000+00:00
2024/04/05, 16:09:47.934,35.741,-74.849,9.0,6.94,7.75,8.58,9.8,9.8,1008.6,1008.7,0.0,0.0,13.74,11.62,311,313,6.9,9.6,65.0,65.1,5.5,7.6,278.3,293.3,1010.7,1010.8,902.06,290.64,2166.24,31.5241,11.7723,195.0,30.4,1491.97, NAN, NAN, NAN, NAN,,2024/04/05 16:09:47.934,2024-04-05 16:09:47.934000+00:00
2024/04/05, 16:10:47.934,35.744,-74.849,8.69,5.09,13.17,7.43,9.8,9.9,1008.8,1008.6,0.0,0.0,13.74,11.62,306,311,6.5,9.1,65.6,65.2,5.8,7.7,275.5,291.5,1010.9,1010.7,894.87,290.83,2166.48,31.5239,11.7769,194.7,30.3,1491.986, NAN, NAN, NAN, NAN,,2024/04/05 16:10:47.934,2024-04-05 16:10:47.934000+00:00
2024/04/05, 16:11:47.934,35.745,-74.848,7.21,0.19,8.13,7.39,9.8,9.9,1008.8,1008.7,0.0,0.0,13.74,11.62,300,308,6.1,8.2,65.8,65.8,5.7,6.9,262.8,280.7,1010.9,1010.8,849.6,291.48,2166.67,31.5235,11.7751,194.4,30.4,1491.979, NAN, NAN, NAN, NAN,,2024/04/05 16:11:47.934,2024-04-05 16:11:47.934000+00:00
2024/04/05, 16:12:47.934,35.748,-74.848,9.23,2.47,8.74,9.1,9.9,9.9,1008.8,1008.6,0.0,0.0,13.74,11.62,309,313,6.7,9.2,68.0,68.0,5.7,7.3,268.0,285.2,1010.9,1010.7,854.03,290.65,2167.06,31.5245,11.7732,196.2,30.3,1491.974, NAN, NAN, NAN, NAN,,2024/04/05 16:12:47.934,2024-04-05 16:12:47.934000+00:00
2024/04/05, 16:13:47.934,35.75,-74.847,10.12,5.63,12.42,9.65,9.9,9.9,1008.7,1008.6,0.0,0.0,13.74,11.62,317,318,6.8,9.6,68.0,68.2,5.2,7.4,276.2,293.1,1010.8,1010.7,884.21,290.78,2166.34,31.5264,11.7613,194.0,30.3,1491.935, NAN, NAN, NAN, NAN,,2024/04/05 16:13:47.934,2024-04-05 16:13:47.934000+00:00
2024/04/05, 16:14:47.934,35.753,-74.847,10.35,4.94,12.08,9.9,9.9,9.9,1008.7,1008.8,0.0,0.0,13.74,11.62,314,315,6.9,9.8,68.0,68.1,5.5,7.7,272.2,289.0,1010.8,1010.9,880.01,290.69,2166.87,31.5275,11.7504,194.0,30.4,1491.898, NAN, NAN, NAN, NAN,,2024/04/05 16:14:47.934,2024-04-05 16:14:47.934000+00:00
2024/04/05, 16:15:47.934,35.756,-74.846,10.53,5.35,8.55,10.26,9.8,9.9,1008.8,1008.7,0.0,0.0,13.74,11.62,312,313,6.7,9.4,67.8,67.7,5.4,7.4,267.2,284.3,1010.9,1010.8,871.12,291.04,2168.29,31.5279,11.7504,193.5,30.5,1491.899, NAN, NAN, NAN, NAN,,2024/04/05 16:15:47.934,2024-04-05 16:15:47.934000+00:00
2024/04/05, 16:16:47.934,35.759,-74.845,10.68,5.72,9.53,10.25,9.8,9.8,1008.9,1008.6,0.0,0.0,13.74,11.62,311,314,7.0,9.8,67.8,67.8,5.7,7.6,269.1,287.5,1011.0,1010.7,868.73,290.42,2168.8,31.5261,11.7568,194.0,30.5,1491.919, NAN, NAN, NAN, NAN,,2024/04/05 16:16:47.934,2024-04-05 16:16:47.934000+00:00
2024/04/05, 16:17:47.934,35.761,-74.845,10.72,4.26,10.69,10.17,9.8,9.8,1008.8,1008.7,0.0,0.0,13.74,11.62,310,313,6.8,9.3,66.0,66.2,5.9,7.5,266.2,283.1,1010.9,1010.8,862.13,290.41,2168.87,31.5244,11.7642,196.5,30.5,1491.942, NAN, NAN, NAN, NAN,,2024/04/05 16:17:47.934,2024-04-05 16:17:47.934000+00:00
2024/04/05, 16:18:47.934,35.764,-74.844,10.74,4.74,9.83,10.18,9.8,9.8,1008.9,1008.6,0.0,0.0,13.74,11.62,316,316,6.3,9.0,66.4,66.2,4.9,6.8,266.7,285.4,1011.0,1010.7,861.27,290.69,2168.78,31.5248,11.7681,196.5,30.5,1491.956, NAN, NAN, NAN, NAN,,2024/04/05 16:18:47.934,2024-04-05 16:18:47.934000+00:00
2024/04/05, 16:19:47.934,35.767,-74.844,10.72,4.82,9.23,10.31,9.8,9.8,1008.7,1008.6,0.0,0.0,13.74,11.62,312,314,7.0,9.8,67.1,67.2,5.7,7.7,268.8,286.3,1010.8,1010.7,855.55,290.34,2169.3,31.5279,11.7823,197.4,30.5,1492.009, NAN, NAN, NAN, NAN,,2024/04/05 16:19:47.934,2024-04-05 16:19:47.934000+00:00
2024/04/05, 16:20:47.934,35.77,-74.843,10.7,4.06,10.91,10.23,9.8,9.8,1008.8,1008.5,0.0,0.0,13.74,11.62,307,312,7.1,9.7,67.2,66.8,6.4,8.0,265.5,283.3,1010.9,1010.6,853.07,290.65,2169.22,31.5312,11.7867,198.0,30.5,1492.028, NAN, NAN, NAN, NAN,,2024/04/05 16:20:47.934,2024-04-05 16:20:47.934000+00:00
2024/04/05, 16:21:47.934,35.773,-74.842,10.63,4.05,9.2,10.28,9.8,9.8,1008.7,1008.7,0.0,0.0,13.74,11.62,312,315,6.6,9.5,65.5,65.6,5.5,7.4,265.2,285.4,1010.8,1010.8,847.79,290.31,2170.19,31.5368,11.7788,199.2,30.5,1492.008, NAN, NAN, NAN, NAN,,2024/04/05 16:21:47.934,2024-04-05 16:21:47.934000+00:00
2024/04/05, 16:22:47.934,35.775,-74.842,10.65,3.9,6.23,10.18,9.8,9.8,1008.9,1008.7,0.0,0.0,13.74,11.62,315,316,6.7,9.2,65.0,64.8,5.1,6.9,268.4,285.6,1011.0,1010.8,845.03,290.69,2170.07,31.5438,11.7806,197.4,30.5,1492.022, NAN, NAN, NAN, NAN,,2024/04/05 16:22:47.934,2024-04-05 16:22:47.934000+00:00
2024/04/05, 16:23:47.935,35.778,-74.841,10.75,4.77,8.26,10.43,9.8,9.8,1008.7,1008.6,0.0,0.0,13.74,11.62,315,316,6.6,9.3,67.1,67.0,5.1,7.0,267.1,285.9,1010.8,1010.7,843.45,290.3,2169.71,31.5514,11.784,198.4,30.6,1492.043, NAN, NAN, NAN, NAN,,2024/04/05 16:23:47.935,2024-04-05 16:23:47.935000+00:00
2024/04/05, 16:24:47.935,35.781,-74.841,10.46,358.07,1.98,9.95,9.8,9.8,1008.7,1008.7,0.0,0.0,13.74,11.62,314,314,6.2,8.9,66.8,66.9,4.8,6.8,258.6,277.2,1010.8,1010.8,893.24,291.04,2170.66,31.556,11.7814,198.9,30.5,1492.04, NAN, NAN, NAN, NAN,,2024/04/05 16:24:47.935,2024-04-05 16:24:47.935000+00:00
2024/04/05, 16:25:47.935,35.784,-74.84,10.38,358.07,1.66,10.08,9.8,9.8,1008.7,1008.5,0.0,0.0,13.74,11.62,322,320,6.8,9.6,67.6,67.5,4.6,6.9,270.5,286.6,1010.8,1010.6,867.56,290.7,2171.18,31.5634,11.7703,198.9,30.4,1492.01, NAN, NAN, NAN, NAN,,2024/04/05 16:25:47.935,2024-04-05 16:25:47.935000+00:00
2024/04/05, 16:26:47.935,35.787,-74.84,10.67,358.35,1.95,10.14,9.8,9.8,1008.7,1008.6,0.0,0.0,13.74,11.62,317,317,6.4,9.2,66.8,66.8,4.7,6.8,262.0,281.4,1010.8,1010.7,864.33,290.82,2171.0,31.5716,11.7605,198.6,30.5,1491.986, NAN, NAN, NAN, NAN,,2024/04/05 16:26:47.935,2024-04-05 16:26:47.935000+00:00
2024/04/05, 16:27:47.935,35.79,-74.84,10.64,358.31,0.62,10.36,9.8,9.8,1008.8,1008.7,0.0,0.0,13.74,11.62,316,315,6.7,9.4,69.3,69.3,5.1,7.2,262.8,279.0,1010.9,1010.8,867.47,291.36,2171.26,31.5765,11.7324,199.2,30.5,1491.894, NAN, NAN, NAN, NAN,,2024/04/05 16:27:47.935,2024-04-05 16:27:47.935000+00:00
2024/04/05, 16:28:47.935,35.792,-74.84,10.66,358.43,6.76,10.29,9.8,9.8,1008.7,1008.5,0.0,0.0,13.74,11.62,316,317,6.9,9.6,69.0,69.1,5.3,7.3,265.2,282.4,1010.8,1010.6,888.85,290.61,2171.4,31.5809,11.7182,198.9,30.4,1491.85, NAN, NAN, NAN, NAN,,2024/04/05 16:28:47.935,2024-04-05 16:28:47.935000+00:00
2024/04/05, 16:29:47.935,35.795,-74.84,10.63,359.5,0.37,10.29,9.8,9.8,1008.7,1008.5,0.0,0.0,13.74,11.62,318,318,7.1,9.9,68.9,68.8,5.0,7.2,269.4,286.3,1010.8,1010.6,885.9,291.1,2168.79,31.5844,11.7338,200.4,30.4,1491.909, NAN, NAN, NAN, NAN,,2024/04/05 16:29:47.935,2024-04-05 16:29:47.935000+00:00
2024/04/05, 16:30:47.935,35.798,-74.839,10.65,358.89,1.54,10.26,9.8,9.8,1008.7,1008.7,0.0,0.0,13.74,11.62,318,318,7.0,9.7,67.6,67.6,5.0,7.1,268.2,284.8,1010.8,1010.8,883.46,291.07,2171.31,31.5855,11.7501,201.7,30.4,1491.967, NAN, NAN, NAN, NAN,,2024/04/05 16:30:47.935,2024-04-05 16:30:47.935000+00:00
2024/04/05, 16:31:47.935,35.801,-74.839,10.64,357.71,358.95,10.23,9.8,9.8,1008.7,1008.5,0.0,0.0,13.74,11.62,311,314,6.6,9.2,67.5,67.6,5.4,7.0,257.9,277.1,1010.8,1010.6,900.36,290.91,2172.76,31.5868,11.7316,200.4,30.4,1491.904, NAN, NAN, NAN, NAN,,2024/04/05 16:31:47.935,2024-04-05 16:31:47.935000+00:00
2024/04/05, 16:32:47.935,35.804,-74.839,10.69,357.66,2.04,10.23,9.7,9.7,1008.7,1008.7,0.0,0.0,13.74,11.62,314,315,6.7,9.4,68.0,68.0,5.3,7.2,261.3,278.9,1010.8,1010.8,925.63,291.33,2173.13,31.5939,11.7029,198.0,30.4,1491.813, NAN, NAN, NAN, NAN,,2024/04/05 16:32:47.935,2024-04-05 16:32:47.935000+00:00
2024/04/05, 16:33:47.935,35.807,-74.839,10.74,359.6,3.31,10.32,9.7,9.8,1008.8,1008.7,0.0,0.0,13.74,11.62,315,316,6.9,9.7,68.2,68.9,5.2,7.2,265.0,283.1,1010.9,1010.8,891.66,291.09,2172.12,31.6043,11.6787,198.6,30.4,1491.741, NAN, NAN, NAN, NAN,,2024/04/05 16:33:47.935,2024-04-05 16:33:47.935000+00:00
2024/04/05, 16:34:47.935,35.81,-74.839,10.73,358.58,3.37,10.3,9.8,9.8,1008.8,1008.7,0.0,0.0,13.74,11.62,319,318,7.2,10.0,68.3,68.4,5.0,7.3,270.3,285.6,1010.9,1010.8,918.73,290.77,2173.43,31.6085,11.6688,196.8,30.3,1491.712, NAN, NAN, NAN, NAN,,2024/04/05 16:34:47.935,2024-04-05 16:34:47.935000+00:00
2024/04/05, 16:35:47.935,35.812,-74.838,10.81,358.71,2.35,10.26,9.8,9.8,1008.7,1008.6,0.0,0.0,13.74,11.62,319,318,6.5,9.1,69.7,69.7,4.8,6.7,264.5,281.7,1010.8,1010.7,918.43,291.1,2172.34,31.6096,11.6627,198.9,30.3,1491.692, NAN, NAN, NAN, NAN,,2024/04/05 16:35:47.935,2024-04-05 16:35:47.935000+00:00
2024/04/05, 16:36:47.935,35.815,-74.838,10.77,359.0,0.74,10.37,9.7,9.8,1008.6,1008.7,0.0,0.0,13.74,11.62,319,317,6.5,9.1,69.6,69.6,4.6,6.6,263.7,280.6,1010.7,1010.8,923.66,291.15,2173.74,31.6114,11.6481,197.7,30.3,1491.643, NAN, NAN, NAN, NAN,,2024/04/05 16:36:47.935,2024-04-05 16:36:47.935000+00:00
2024/04/05, 16:37:47.936,35.818,-74.838,10.87,358.8,2.71,10.61,9.7,9.7,1008.7,1008.6,0.0,0.0,13.74,11.62,316,316,6.4,9.2,68.5,68.6,4.9,6.9,259.1,278.6,1010.8,1010.7,931.89,291.1,2173.86,31.6155,11.6336,199.2,30.4,1491.598, NAN, NAN, NAN, NAN,,2024/04/05 16:37:47.936,2024-04-05 16:37:47.936000+00:00
2024/04/05, 16:38:47.936,35.821,-74.838,10.71,358.77,3.7,10.51,9.7,9.7,1008.8,1008.6,0.0,0.0,13.74,11.62,310,314,6.4,9.0,67.9,67.9,5.4,6.8,255.0,276.0,1010.9,1010.7,938.51,290.95,2174.49,31.6222,11.6259,198.4,30.4,1491.579, NAN, NAN, NAN, NAN,,2024/04/05 16:38:47.936,2024-04-05 16:38:47.936000+00:00
2024/04/05, 16:39:47.936,35.824,-74.837,10.9,358.54,2.89,10.51,9.7,9.7,1008.6,1008.6,0.0,0.0,13.74,11.62,315,317,7.0,9.8,68.5,68.3,5.4,7.4,263.9,282.6,1010.7,1010.7,936.13,290.94,2174.39,31.6263,11.6319,198.9,30.5,1491.605, NAN, NAN, NAN, NAN,,2024/04/05 16:39:47.936,2024-04-05 16:39:47.936000+00:00
2024/04/05, 16:40:47.936,35.827,-74.837,10.84,358.9,4.55,10.42,9.7,9.7,1008.6,1008.7,0.0,0.0,13.74,11.62,317,317,7.0,9.7,68.0,68.0,5.4,7.4,266.8,282.7,1010.7,1010.8,945.1,290.87,2173.85,31.6319,11.6383,199.2,30.4,1491.634, NAN, NAN, NAN, NAN,,2024/04/05 16:40:47.936,2024-04-05 16:40:47.936000+00:00
2024/04/05, 16:41:47.936,35.83,-74.837,10.94,358.92,1.33,10.44,9.7,9.7,1008.7,1008.7,0.0,0.0,13.74,11.62,311,314,6.1,8.8,69.0,69.0,5.1,6.7,253.6,275.4,1010.8,1010.8,955.87,291.72,2175.21,31.6451,11.6506,199.6,30.3,1491.692, NAN, NAN, NAN, NAN,,2024/04/05 16:41:47.936,2024-04-05 16:41:47.936000+00:00
2024/04/05, 16:42:47.936,35.833,-74.837,10.89,359.59,2.45,10.57,9.7,9.7,1008.9,1008.7,0.0,0.0,13.74,11.62,320,319,6.9,9.8,68.8,69.0,4.7,7.0,267.9,286.0,1011.0,1010.8,958.83,291.23,2174.74,31.656,11.6591,199.6,30.3,1491.735, NAN, NAN, NAN, NAN,,2024/04/05 16:42:47.936,2024-04-05 16:42:47.936000+00:00
2024/04/05, 16:43:47.936,35.836,-74.837,10.85,358.55,1.67,10.71,9.7,9.7,1008.7,1008.6,0.0,0.0,13.74,11.62,311,314,6.7,9.4,68.0,67.9,5.4,7.1,256.8,276.9,1010.8,1010.7,959.8,291.6,2175.09,31.6661,11.6798,199.2,30.4,1491.819, NAN, NAN, NAN, NAN,,2024/04/05 16:43:47.936,2024-04-05 16:43:47.936000+00:00
2024/04/05, 16:44:47.936,35.839,-74.837,10.91,359.05,2.15,10.73,9.7,9.7,1008.6,1008.4,0.0,0.0,13.74,11.62,311,313,6.8,9.2,69.4,69.4,5.5,7.0,258.0,275.3,1010.7,1010.5,963.3,291.44,2175.42,31.6756,11.6978,198.9,30.4,1491.893, NAN, NAN, NAN, NAN,,2024/04/05 16:44:47.936,2024-04-05 16:44:47.936000+00:00
2024/04/05, 16:45:47.936,35.842,-74.836,10.98,359.92,0.87,10.75,9.7,9.7,1008.8,1008.4,0.0,0.0,13.74,11.62,314,316,6.5,9.2,68.1,68.0,5.0,6.7,258.2,279.4,1010.9,1010.5,968.67,291.64,2175.51,31.6755,11.6931,200.1,30.3,1491.876, NAN, NAN, NAN, NAN,,2024/04/05 16:45:47.936,2024-04-05 16:45:47.936000+00:00
2024/04/05, 16:46:47.936,35.845,-74.836,11.1,358.74,0.45,10.75,9.7,9.8,1008.7,1008.6,0.0,0.0,13.74,11.62,315,317,6.9,9.4,69.5,69.6,5.2,6.8,261.7,280.2,1010.8,1010.7,967.09,291.42,2175.24,31.6998,11.6542,199.9,30.4,1491.77, NAN, NAN, NAN, NAN,,2024/04/05 16:46:47.936,2024-04-05 16:46:47.936000+00:00
2024/04/05, 16:47:47.936,35.848,-74.836,11.0,358.3,1.34,10.88,9.7,9.8,1008.6,1008.3,0.0,0.0,13.74,11.62,317,318,6.4,9.1,70.1,69.9,4.8,6.5,257.5,278.7,1010.7,1010.4,978.32,291.13,2176.41,31.7201,11.5893,202.3,30.4,1491.569, NAN, NAN, NAN, NAN,,2024/04/05 16:47:47.936,2024-04-05 16:47:47.936000+00:00
2024/04/05, 16:48:47.936,35.851,-74.836,10.96,359.14,3.31,10.86,9.7,9.7,1008.7,1008.4,0.0,0.0,13.74,11.62,310,313,6.1,8.8,69.1,69.1,5.3,6.8,250.9,272.8,1010.8,1010.5,975.27,291.35,2175.82,31.7382,11.5382,198.4,30.4,1491.413, NAN, NAN, NAN, NAN,,2024/04/05 16:48:47.936,2024-04-05 16:48:47.936000+00:00
2024/04/05, 16:49:47.936,35.854,-74.836,10.96,358.13,2.18,10.64,9.7,9.7,1008.5,1008.7,0.0,0.0,13.74,11.62,317,317,6.4,9.0,69.5,69.6,4.8,6.6,258.9,277.9,1010.6,1010.8,975.56,290.9,2175.79,31.7478,11.4389,199.9,30.4,1491.078, NAN, NAN, NAN, NAN,,2024/04/05 16:49:47.936,2024-04-05 16:49:47.936000+00:00
2024/04/05, 16:50:47.936,35.857,-74.835,10.83,0.59,6.61,10.8,9.7,9.7,1008.7,1008.4,0.0,0.0,13.74,11.62,317,317,6.2,8.8,69.5,70.4,4.9,6.6,258.9,278.5,1010.8,1010.5,970.29,290.84,2175.37,31.7593,11.3242,195.0,30.5,1490.69, NAN, NAN, NAN, NAN,,2024/04/05 16:50:47.936,2024-04-05 16:50:47.936000+00:00
2024/04/05, 16:51:47.936,35.86,-74.835,10.9,359.78,3.12,10.57,9.7,9.7,1008.6,1008.6,0.0,0.0,13.74,11.62,319,319,5.9,8.6,71.0,70.9,4.4,6.1,257.1,279.8,1010.7,1010.7,975.05,290.83,2175.71,31.7872,11.2629,195.2,30.4,1490.509, NAN, NAN, NAN, NAN,,2024/04/05 16:51:47.936,2024-04-05 16:51:47.936000+00:00
2024/04/05, 16:52:47.936,35.863,-74.835,10.93,1.12,1.94,10.81,9.7,9.7,1008.6,1008.4,0.0,0.0,13.74,11.62,310,314,6.2,8.6,70.7,70.6,5.2,6.4,253.7,274.9,1010.7,1010.5,981.01,290.76,2176.51,31.8316,11.2316,199.6,30.4,1490.452, NAN, NAN, NAN, NAN,,2024/04/05 16:52:47.936,2024-04-05 16:52:47.936000+00:00
2024/04/05, 16:53:47.937,35.866,-74.834,11.02,1.34,3.67,10.92,9.7,9.7,1008.7,1008.5,0.0,0.0,13.74,11.62,310,313,5.9,8.3,70.4,70.4,5.3,6.5,251.3,271.9,1010.8,1010.6,978.62,291.14,2175.89,31.8812,11.1718,200.8,30.4,1490.302, NAN, NAN, NAN, NAN,,2024/04/05 16:53:47.937,2024-04-05 16:53:47.937000+00:00
2024/04/05, 16:54:47.937,35.868,-74.834,9.64,0.65,3.81,9.09,9.7,9.7,1008.6,1008.7,0.0,0.0,13.74,11.62,307,312,5.9,8.4,70.9,70.9,5.1,6.6,258.2,279.0,1010.7,1010.8,979.98,291.16,2176.46,31.9268,11.0942,202.9,30.3,1490.083, NAN, NAN, NAN, NAN,,2024/04/05 16:54:47.937,2024-04-05 16:54:47.937000+00:00
2024/04/05, 16:55:47.937,35.87,-74.834,6.13,352.28,355.98,6.35,9.7,9.7,1008.5,1008.6,0.0,0.0,13.74,11.62,295,305,5.5,7.5,70.1,70.1,5.4,6.6,252.5,271.5,1010.6,1010.7,965.06,291.27,2177.35,31.9587,11.015,205.6,30.3,1489.842, NAN, NAN, NAN, NAN,,2024/04/05 16:55:47.937,2024-04-05 16:55:47.937000+00:00
2024/04/05, 16:56:47.937,35.872,-74.834,5.9,356.95,349.22,5.88,9.6,9.7,1008.8,1008.5,0.0,0.0,13.74,11.62,282,296,5.4,6.8,69.6,69.7,5.8,6.3,247.8,266.6,1010.9,1010.6,972.64,291.89,2175.45,31.9757,10.9682,205.0,30.1,1489.698, NAN, NAN, NAN, NAN,,2024/04/05 16:56:47.937,2024-04-05 16:56:47.937000+00:00
2024/04/05, 16:57:47.937,35.874,-74.834,5.92,358.02,359.11,5.87,9.7,9.7,1008.6,1008.6,0.0,0.0,13.74,11.62,286,300,5.3,7.1,71.4,69.9,5.6,6.5,252.0,272.9,1010.7,1010.7,977.41,291.76,2176.35,31.9855,10.924,202.9,30.0,1489.553, NAN, NAN, NAN, NAN,,2024/04/05 16:57:47.937,2024-04-05 16:57:47.937000+00:00
2024/04/05, 16:58:47.937,35.875,-74.833,5.76,358.67,1.66,5.87,9.7,9.7,1008.7,1008.6,0.0,0.0,13.74,11.62,281,294,4.8,6.2,69.9,69.8,5.5,6.0,246.2,264.1,1010.8,1010.7,977.22,292.42,2176.22,32.0011,10.8847,203.2,30.1,1489.433, NAN, NAN, NAN, NAN,,2024/04/05 16:58:47.937,2024-04-05 16:58:47.937000+00:00
2024/04/05, 16:59:47.937,35.877,-74.833,5.33,0.03,7.9,5.86,9.7,9.7,1008.6,1008.6,0.0,0.0,13.74,11.62,285,295,5.4,6.8,70.6,70.7,5.9,6.6,254.4,269.1,1010.7,1010.7,977.89,292.05,2175.83,32.0022,10.8544,197.1,30.2,1489.327, NAN, NAN, NAN, NAN,,2024/04/05 16:59:47.937,2024-04-05 16:59:47.937000+00:00
2024/04/05, 17:00:47.937,35.879,-74.833,5.42,359.63,5.21,5.81,9.7,9.7,1008.8,1008.6,0.0,0.0,13.74,11.62,280,293,5.2,6.3,69.3,69.5,5.7,6.0,248.4,264.7,1010.9,1010.7,976.82,292.12,2175.71,32.0089,10.8158,195.6,30.2,1489.198, NAN, NAN, NAN, NAN,,2024/04/05 17:00:47.937,2024-04-05 17:00:47.937000+00:00
2024/04/05, 17:01:47.937,35.88,-74.833,5.49,359.76,9.76,5.2,9.7,9.7,1008.7,1008.6,0.0,0.0,13.74,11.62,287,300,4.8,6.6,70.0,69.9,5.2,6.2,256.1,275.9,1010.8,1010.7,976.26,292.03,2176.4,32.0192,10.7892,192.2,30.2,1489.116, NAN, NAN, NAN, NAN,,2024/04/05 17:01:47.937,2024-04-05 17:01:47.937000+00:00
2024/04/05, 17:02:47.937,35.881,-74.832,4.13,357.99,6.39,3.44,9.7,9.7,1008.7,1008.6,0.0,0.0,13.74,11.62,275,291,4.8,6.0,70.6,70.8,5.3,6.0,253.6,272.0,1010.8,1010.7,974.54,292.3,2175.66,32.0334,10.7738,189.8,30.2,1489.079, NAN, NAN, NAN, NAN,,2024/04/05 17:02:47.937,2024-04-05 17:02:47.937000+00:00
2024/04/05, 17:03:47.937,35.882,-74.832,1.46,0.08,20.97,1.79,9.7,9.7,1008.6,1008.5,0.0,0.0,13.74,11.62,256,272,4.7,5.2,69.9,70.0,5.4,5.7,249.4,264.1,1010.7,1010.6,970.79,292.25,2175.64,32.0476,10.7617,191.0,30.2,1489.053, NAN, NAN, NAN, NAN,,2024/04/05 17:03:47.937,2024-04-05 17:03:47.937000+00:00
2024/04/05, 17:04:47.937,35.882,-74.832,1.15,358.65,49.99,1.51,9.7,9.7,1008.6,1008.5,0.0,0.0,13.74,11.62,254,263,4.3,4.1,69.4,69.4,5.0,4.8,248.9,256.4,1010.7,1010.6,970.97,292.19,2176.63,32.0613,10.7583,192.8,30.1,1489.057, NAN, NAN, NAN, NAN,,2024/04/05 17:04:47.937,2024-04-05 17:04:47.937000+00:00
2024/04/05, 17:05:47.937,35.882,-74.832,0.06,359.13,90.34,0.87,9.7,9.7,1008.6,1008.5,0.0,0.0,13.74,11.62,242,256,4.7,4.1,71.5,71.5,5.1,4.5,243.7,256.8,1010.7,1010.6,974.94,291.86,2175.91,32.0725,10.7631,193.7,30.0,1489.088, NAN, NAN, NAN, NAN,,2024/04/05 17:05:47.937,2024-04-05 17:05:47.937000+00:00
2024/04/05, 17:06:47.937,35.882,-74.831,-0.1,359.63,215.78,0.3,9.7,9.7,1008.5,1008.4,0.0,0.0,13.74,11.62,243,258,5.3,3.8,69.4,69.4,5.2,3.7,243.5,259.3,1010.6,1010.5,970.75,291.96,2175.92,32.0843,10.7762,206.0,30.0,1489.149, NAN, NAN, NAN, NAN,,2024/04/05 17:06:47.937,2024-04-05 17:06:47.937000+00:00
2024/04/05, 17:07:47.937,35.882,-74.831,-0.32,358.27,65.9,0.53,9.7,9.7,1008.6,1008.5,0.0,0.0,13.74,11.62,250,268,5.3,4.4,69.6,69.6,5.6,4.7,248.7,265.7,1010.7,1010.6,967.48,291.93,2175.78,32.0877,10.7644,210.2,30.1,1489.111, NAN, NAN, NAN, NAN,,2024/04/05 17:07:47.937,2024-04-05 17:07:47.937000+00:00
2024/04/05, 17:08:47.938,35.882,-74.831,0.04,332.3,45.54,0.7,9.7,9.7,1008.5,1008.4,0.0,0.0,13.74,11.62,263,279,5.3,5.9,69.3,69.1,5.7,6.3,235.5,250.6,1010.6,1010.5,846.64,292.6,2181.76,32.0907,10.7133,217.2,30.0,1488.933, NAN, NAN, NAN, NAN,,2024/04/05 17:08:47.938,2024-04-05 17:08:47.938000+00:00
2024/04/05, 17:09:47.938,35.882,-74.831,0.11,292.46,337.53,0.24,9.7,9.8,1008.7,1008.4,0.0,0.0,13.74,11.62,303,308,5.2,7.6,69.8,69.3,5.2,7.6,236.8,241.3,1010.8,1010.5,958.73,291.65,2209.93,32.0986,10.6532,227.2,30.0,1488.729, NAN, NAN, NAN, NAN,,2024/04/05 17:09:47.938,2024-04-05 17:09:47.938000+00:00
2024/04/05, 17:10:47.938,35.882,-74.831,-0.08,252.73,310.14,0.27,9.7,9.7,1008.6,1008.5,0.0,0.0,13.74,11.62,337,331,4.3,5.9,69.1,68.6,4.4,6.0,230.0,224.1,1010.7,1010.6,962.33,290.97,2232.78,32.1087,10.6585,248.3,30.1,1488.76, NAN, NAN, NAN, NAN,,2024/04/05 17:10:47.938,2024-04-05 17:10:47.938000+00:00
2024/04/05, 17:11:47.938,35.882,-74.831,-0.2,237.45,104.58,0.54,9.7,9.8,1008.5,1008.4,0.0,0.0,13.74,11.62,8,1,5.0,4.8,68.7,68.9,5.1,4.9,248.4,241.7,1010.6,1010.5,953.29,290.68,2239.21,32.1254,10.6767,277.6,29.9,1488.845, NAN, NAN, NAN, NAN,,2024/04/05 17:11:47.938,2024-04-05 17:11:47.938000+00:00
2024/04/05, 17:12:47.938,35.882,-74.831,0.36,239.1,193.85,0.03,9.7,9.7,1008.3,1008.6,0.0,0.0,13.74,11.62,6,0,5.3,4.9,67.1,67.0,5.3,4.9,245.2,239.1,1010.4,1010.7,948.86,290.9,2240.19,32.1504,10.6725,304.9,30.0,1488.86, NAN, NAN, NAN, NAN,,2024/04/05 17:12:47.938,2024-04-05 17:12:47.938000+00:00
2024/04/05, 17:13:47.938,35.882,-74.831,0.46,240.05,259.49,0.25,9.7,9.7,1008.2,1008.5,0.0,0.0,13.74,11.62,9,3,4.7,4.6,66.8,67.0,4.6,4.5,247.7,241.6,1010.3,1010.6,949.38,290.9,2239.47,32.1778,10.6669,324.0,29.9,1488.873, NAN, NAN, NAN, NAN,,2024/04/05 17:13:47.938,2024-04-05 17:13:47.938000+00:00
2024/04/05, 17:14:47.938,35.882,-74.831,0.14,241.68,138.03,0.1,9.8,9.8,1008.3,1008.6,0.0,0.0,13.74,11.62,10,2,4.7,4.6,68.7,68.3,4.7,4.6,252.3,244.3,1010.4,1010.7,948.36,291.09,2239.69,32.1635,10.6705,298.8,29.8,1488.869, NAN, NAN, NAN, NAN,,2024/04/05 17:14:47.938,2024-04-05 17:14:47.938000+00:00
2024/04/05, 17:15:47.938,35.882,-74.831,0.04,239.24,170.98,0.18,9.8,9.8,1008.3,1008.2,0.0,0.0,13.74,11.62,7,1,5.0,4.8,67.5,67.4,5.0,4.8,247.2,241.2,1010.4,1010.3,947.68,290.98,2240.12,32.1451,10.6866,278.2,29.9,1488.904, NAN, NAN, NAN, NAN,,2024/04/05 17:15:47.938,2024-04-05 17:15:47.938000+00:00
2024/04/05, 17:16:47.938,35.882,-74.831,0.09,238.18,119.8,0.11,9.8,9.8,1008.3,1008.2,0.0,0.0,13.74,11.62,10,2,4.9,4.6,64.8,64.8,5.0,4.7,248.4,240.5,1010.4,1010.3,950.37,290.93,2240.51,32.1444,10.7047,281.7,30.1,1488.967, NAN, NAN, NAN, NAN,,2024/04/05 17:16:47.938,2024-04-05 17:16:47.938000+00:00
2024/04/05, 17:17:47.938,35.882,-74.831,0.04,240.32,327.9,0.3,9.8,9.8,1008.0,1008.4,0.0,0.0,13.74,11.62,7,2,4.8,4.6,65.3,65.3,4.8,4.6,245.5,240.5,1010.1,1010.5,944.94,291.25,2240.49,32.1389,10.7074,280.6,30.0,1488.97, NAN, NAN, NAN, NAN,,2024/04/05 17:17:47.938,2024-04-05 17:17:47.938000+00:00
2024/04/05, 17:18:47.938,35.882,-74.831,0.07,239.64,73.57,0.21,9.8,9.8,1008.3,1008.3,0.0,0.0,13.74,11.62,9,1,4.6,4.4,66.2,66.2,4.6,4.5,247.4,239.4,1010.4,1010.4,949.79,291.33,2239.95,32.1454,10.6966,279.0,30.0,1488.94, NAN, NAN, NAN, NAN,,2024/04/05 17:18:47.938,2024-04-05 17:18:47.938000+00:00
2024/04/05, 17:19:47.938,35.882,-74.831,0.11,239.87,288.88,1.0,9.8,9.8,1008.2,1008.3,0.0,0.0,13.74,11.62,5,357,4.5,4.3,67.9,67.8,4.3,4.2,238.6,230.1,1010.3,1010.4,948.45,291.57,2237.08,32.1307,10.6934,259.2,29.8,1488.911, NAN, NAN, NAN, NAN,,2024/04/05 17:19:47.938,2024-04-05 17:19:47.938000+00:00
2024/04/05, 17:20:47.938,35.882,-74.831,-0.03,239.88,312.64,0.9,9.8,9.8,1008.3,1008.1,0.0,0.0,13.74,11.62,3,356,4.9,4.7,68.5,68.3,4.8,4.7,237.5,230.2,1010.4,1010.2,949.96,291.28,2240.48,32.1235,10.6839,239.4,29.9,1488.868, NAN, NAN, NAN, NAN,,2024/04/05 17:20:47.938,2024-04-05 17:20:47.938000+00:00
2024/04/05, 17:21:47.938,35.882,-74.831,-0.01,240.3,336.22,0.1,9.8,9.8,1008.2,1008.1,0.0,0.0,13.74,11.62,357,352,4.3,4.2,68.5,66.0,4.3,4.2,236.6,231.6,1010.3,1010.2,951.18,291.91,2240.68,32.1206,10.678,238.1,30.0,1488.844, NAN, NAN, NAN, NAN,,2024/04/05 17:21:47.938,2024-04-05 17:21:47.938000+00:00
2024/04/05, 17:22:47.938,35.882,-74.831,-0.04,239.63,30.3,0.3,9.8,9.8,1008.1,1008.1,0.0,0.0,13.74,11.62,358,354,4.1,4.0,67.7,67.8,4.3,4.2,237.7,233.8,1010.2,1010.2,952.19,291.94,2239.49,32.1212,10.6782,231.2,30.0,1488.845, NAN, NAN, NAN, NAN,,2024/04/05 17:22:47.938,2024-04-05 17:22:47.938000+00:00
2024/04/05, 17:23:47.939,35.882,-74.831,-0.1,240.47,107.35,0.06,9.8,9.8,1008.3,1008.3,0.0,0.0,13.74,11.62,10,7,4.4,4.3,68.8,69.4,4.4,4.3,250.9,247.9,1010.4,1010.4,951.32,291.63,2240.76,32.1257,10.6739,248.8,30.1,1488.835, NAN, NAN, NAN, NAN,,2024/04/05 17:23:47.939,2024-04-05 17:23:47.939000+00:00
2024/04/05, 17:24:47.939,35.882,-74.831,-0.21,240.83,122.67,0.44,9.8,9.8,1008.3,1008.4,0.0,0.0,13.74,11.62,3,1,4.1,4.2,68.7,68.8,4.2,4.3,246.4,244.4,1010.4,1010.5,955.75,291.82,2241.01,32.1309,10.6594,247.0,30.1,1488.79, NAN, NAN, NAN, NAN,,2024/04/05 17:24:47.939,2024-04-05 17:24:47.939000+00:00
2024/04/05, 17:25:47.939,35.882,-74.831,-0.12,241.08,333.97,0.61,9.8,9.8,1008.0,1008.4,0.0,0.0,13.74,11.62,3,358,5.0,4.9,68.5,68.5,5.0,4.9,240.5,235.5,1010.1,1010.5,949.29,291.34,2241.75,32.1317,10.6447,251.0,30.1,1488.738, NAN, NAN, NAN, NAN,,2024/04/05 17:25:47.939,2024-04-05 17:25:47.939000+00:00
2024/04/05, 17:26:47.939,35.882,-74.831,-0.14,239.14,68.45,0.6,9.8,9.8,1008.2,1008.4,0.0,0.0,13.74,11.62,1,354,4.5,4.4,68.2,68.3,4.7,4.5,243.4,236.7,1010.3,1010.5,957.71,291.57,2241.33,32.1405,10.6339,252.4,30.0,1488.711, NAN, NAN, NAN, NAN,,2024/04/05 17:26:47.939,2024-04-05 17:26:47.939000+00:00
2024/04/05, 17:27:47.939,35.882,-74.831,0.04,239.96,317.64,0.32,9.8,9.8,1008.1,1008.1,0.0,0.0,13.74,11.62,9,2,5.1,4.7,67.3,67.1,5.1,4.7,247.2,240.0,1010.2,1010.2,957.3,291.45,2241.42,32.1552,10.6234,261.9,30.1,1488.691, NAN, NAN, NAN, NAN,,2024/04/05 17:27:47.939,2024-04-05 17:27:47.939000+00:00
2024/04/05, 17:28:47.939,35.882,-74.831,-0.03,239.81,128.21,0.27,9.8,9.8,1008.5,1008.3,0.0,0.0,13.74,11.62,6,1,5.0,4.9,66.9,66.8,5.1,5.0,246.8,242.0,1010.6,1010.4,953.91,291.63,2240.66,32.1529,10.6216,258.8,30.0,1488.682, NAN, NAN, NAN, NAN,,2024/04/05 17:28:47.939,2024-04-05 17:28:47.939000+00:00
2024/04/05, 17:29:47.939,35.882,-74.831,-0.05,239.02,80.31,0.09,9.8,9.8,1008.1,1008.0,0.0,0.0,13.74,11.62,6,358,4.8,4.4,69.3,69.0,4.8,4.4,245.1,237.2,1010.2,1010.1,956.57,291.54,2241.05,32.1537,10.6203,257.7,30.0,1488.678, NAN, NAN, NAN, NAN,,2024/04/05 17:29:47.939,2024-04-05 17:29:47.939000+00:00
2024/04/05, 17:30:47.939,35.882,-74.831,0.06,240.93,121.46,0.33,9.8,9.8,1008.2,1008.0,0.0,0.0,13.74,11.62,2,356,4.8,4.7,68.3,68.1,4.8,4.7,244.9,239.0,1010.3,1010.1,957.03,291.73,2241.0,32.153,10.6176,252.0,30.2,1488.668, NAN, NAN, NAN, NAN,,2024/04/05 17:30:47.939,2024-04-05 17:30:47.939000+00:00
2024/04/05, 17:31:47.939,35.882,-74.831,-0.01,239.87,116.82,0.23,9.8,9.8,1008.3,1008.2,0.0,0.0,13.74,11.62,358,351,4.7,4.5,69.5,68.0,4.8,4.6,239.0,232.1,1010.4,1010.3,958.84,291.81,2241.77,32.1545,10.6102,256.1,30.1,1488.643, NAN, NAN, NAN, NAN,,2024/04/05 17:31:47.939,2024-04-05 17:31:47.939000+00:00
2024/04/05, 17:32:47.939,35.882,-74.831,0.05,240.6,302.89,0.18,9.8,9.8,1008.1,1007.8,0.0,0.0,13.74,11.62,358,354,4.0,3.8,69.5,69.6,3.9,3.7,237.7,233.6,1010.2,1009.9,954.67,292.07,2241.59,32.1585,10.6009,255.0,30.1,1488.615, NAN, NAN, NAN, NAN,,2024/04/05 17:32:47.939,2024-04-05 17:32:47.939000+00:00
2024/04/05, 17:33:47.939,35.882,-74.831,-0.13,240.1,124.96,0.42,9.8,9.9,1008.1,1008.1,0.0,0.0,13.74,11.62,355,349,4.7,4.7,69.4,69.6,4.8,4.8,237.5,231.6,1010.2,1010.2,955.95,291.65,2241.93,32.161,10.5975,252.1,29.9,1488.606, NAN, NAN, NAN, NAN,,2024/04/05 17:33:47.939,2024-04-05 17:33:47.939000+00:00
2024/04/05, 17:34:47.939,35.882,-74.831,0.18,239.46,148.64,0.1,9.8,9.8,1008.0,1008.2,0.0,0.0,13.74,11.62,355,347,3.9,3.9,68.4,68.5,3.9,3.9,235.0,226.9,1010.1,1010.3,955.05,292.16,2242.57,32.1667,10.6111,262.5,30.1,1488.661, NAN, NAN, NAN, NAN,,2024/04/05 17:34:47.939,2024-04-05 17:34:47.939000+00:00
2024/04/05, 17:35:47.939,35.882,-74.831,0.02,240.88,130.83,0.46,9.9,9.9,1008.3,1008.0,0.0,0.0,13.74,11.62,357,352,4.0,3.9,71.3,71.3,4.0,3.9,241.3,236.3,1010.4,1010.1,955.97,292.07,2241.71,32.1736,10.6142,273.2,30.1,1488.68, NAN, NAN, NAN, NAN,,2024/04/05 17:35:47.939,2024-04-05 17:35:47.939000+00:00
2024/04/05, 17:36:47.939,35.882,-74.831,0.13,239.65,320.11,0.07,9.8,9.9,1007.8,1008.0,0.0,0.0,13.74,11.62,3,357,4.5,4.4,69.4,69.6,4.5,4.4,242.5,236.5,1009.9,1010.1,958.34,291.97,2242.81,32.1829,10.6247,268.9,30.1,1488.729, NAN, NAN, NAN, NAN,,2024/04/05 17:36:47.939,2024-04-05 17:36:47.939000+00:00
2024/04/05, 17:37:47.939,35.882,-74.831,-0.04,240.08,342.57,0.43,9.8,9.8,1007.9,1008.1,0.0,0.0,13.74,11.62,3,355,4.5,4.2,68.5,68.5,4.5,4.2,240.3,232.1,1010.0,1010.2,951.14,291.97,2242.78,32.1839,10.6327,263.5,29.9,1488.759, NAN, NAN, NAN, NAN,,2024/04/05 17:37:47.939,2024-04-05 17:37:47.939000+00:00
2024/04/05, 17:38:47.939,35.882,-74.831,0.04,239.69,108.25,0.02,9.8,9.9,1008.2,1008.0,0.0,0.0,13.74,11.62,1,354,4.5,4.2,69.9,69.7,4.5,4.2,240.8,233.8,1010.3,1010.1,952.14,291.84,2242.26,32.1786,10.6316,253.1,30.1,1488.748, NAN, NAN, NAN, NAN,,2024/04/05 17:38:47.939,2024-04-05 17:38:47.939000+00:00
2024/04/05, 17:39:47.940,35.882,-74.831,-0.06,239.31,304.02,0.13,9.9,9.9,1008.0,1008.0,0.0,0.0,13.74,11.62,357,349,4.6,4.4,70.2,69.0,4.6,4.4,235.5,227.4,1010.1,1010.1,950.47,291.87,2242.54,32.174,10.6248,259.8,30.1,1488.719, NAN, NAN, NAN, NAN,,2024/04/05 17:39:47.940,2024-04-05 17:39:47.940000+00:00
2024/04/05, 17:40:47.940,35.882,-74.831,0.06,239.61,163.31,0.21,9.8,9.9,1008.2,1008.1,0.0,0.0,13.74,11.62,358,354,4.0,3.9,67.8,67.9,3.9,3.8,238.7,234.6,1010.3,1010.2,950.32,292.52,2242.01,32.203,10.6184,290.7,30.2,1488.731, NAN, NAN, NAN, NAN,,2024/04/05 17:40:47.940,2024-04-05 17:40:47.940000+00:00
2024/04/05, 17:41:47.940,35.882,-74.831,-0.02,239.24,138.42,0.59,9.9,9.9,1008.0,1007.9,0.0,0.0,13.74,11.62,356,351,4.2,4.2,69.3,69.8,4.2,4.2,239.4,234.4,1010.1,1010.0,950.76,292.17,2241.31,32.2074,10.6109,287.3,30.3,1488.71, NAN, NAN, NAN, NAN,,2024/04/05 17:41:47.940,2024-04-05 17:41:47.940000+00:00
2024/04/05, 17:42:47.940,35.882,-74.831,0.03,239.35,126.12,0.37,9.9,9.9,1008.1,1008.0,0.0,0.0,13.74,11.62,357,349,4.2,4.0,69.0,69.4,4.3,4.0,238.8,231.0,1010.2,1010.1,952.26,292.62,2241.05,32.2011,10.6014,270.5,30.1,1488.668, NAN, NAN, NAN, NAN,,2024/04/05 17:42:47.940,2024-04-05 17:42:47.940000+00:00
2024/04/05, 17:43:47.940,35.882,-74.831,-0.04,240.42,133.45,0.32,9.9,9.9,1008.1,1007.8,0.0,0.0,13.74,11.62,1,355,4.0,4.0,69.9,70.3,4.1,4.0,243.6,237.7,1010.2,1009.9,947.51,292.57,2240.89,32.1922,10.6057,262.8,30.3,1488.673, NAN, NAN, NAN, NAN,,2024/04/05 17:43:47.940,2024-04-05 17:43:47.940000+00:00
2024/04/05, 17:44:47.940,35.882,-74.831,0.01,240.43,75.52,0.22,9.9,9.9,1008.0,1007.8,0.0,0.0,13.74,11.62,359,353,4.5,4.5,70.1,70.6,4.5,4.5,238.0,232.0,1010.1,1009.9,946.99,292.26,2241.55,32.1907,10.6199,261.7,30.2,1488.721, NAN, NAN, NAN, NAN,,2024/04/05 17:44:47.940,2024-04-05 17:44:47.940000+00:00
2024/04/05, 17:45:47.940,35.882,-74.831,0.01,239.15,256.35,0.2,9.9,9.9,1008.0,1008.0,0.0,0.0,13.74,11.62,359,353,4.2,4.1,67.3,67.4,4.1,4.0,237.4,231.3,1010.1,1010.1,940.91,292.41,2242.13,32.1978,10.6219,272.9,30.2,1488.737, NAN, NAN, NAN, NAN,,2024/04/05 17:45:47.940,2024-04-05 17:45:47.940000+00:00
2024/04/05, 17:46:47.940,35.882,-74.831,-0.03,240.37,90.45,0.4,9.9,9.9,1008.2,1007.9,0.0,0.0,13.74,11.62,0,353,4.4,4.2,69.3,69.1,4.5,4.3,242.2,235.5,1010.3,1010.0,941.89,292.52,2241.42,32.1972,10.6164,257.4,30.1,1488.717, NAN, NAN, NAN, NAN,,2024/04/05 17:46:47.940,2024-04-05 17:46:47.940000+00:00
2024/04/05, 17:47:47.940,35.882,-74.831,-0.03,239.75,235.58,0.26,9.9,9.9,1008.1,1007.8,0.0,0.0,13.74,11.62,1,356,4.1,4.0,67.8,67.8,4.0,3.9,241.1,235.9,1010.2,1009.9,938.18,292.28,2241.64,32.2,10.5999,268.4,30.2,1488.661, NAN, NAN, NAN, NAN,,2024/04/05 17:47:47.940,2024-04-05 17:47:47.940000+00:00
2024/04/05, 17:48:47.940,35.882,-74.831,-0.01,239.64,222.4,0.3,9.9,9.9,1008.1,1008.0,0.0,0.0,13.74,11.62,3,356,4.2,4.1,67.7,67.4,4.1,4.0,243.5,236.2,1010.2,1010.1,935.78,292.52,2242.05,32.2004,10.6024,265.1,30.3,1488.671, NAN, NAN, NAN, NAN,,2024/04/05 17:48:47.940,2024-04-05 17:48:47.940000+00:00
2024/04/05, 17:49:47.940,35.882,-74.831,0.43,239.96,305.72,0.65,9.9,9.9,1008.2,1007.8,0.0,0.0,13.74,11.62,5,358,4.3,4.1,68.6,68.4,4.1,4.0,241.1,233.7,1010.3,1009.9,933.47,292.7,2241.13,32.2067,10.6041,274.2,30.3,1488.684, NAN, NAN, NAN, NAN,,2024/04/05 17:49:47.940,2024-04-05 17:49:47.940000+00:00
2024/04/05, 17:50:47.940,35.882,-74.832,0.5,239.99,311.31,0.58,9.9,9.9,1008.1,1008.0,0.0,0.0,13.74,11.62,2,357,4.4,4.2,69.1,69.0,4.1,3.9,240.3,234.9,1010.2,1010.1,934.25,292.53,2240.28,32.2056,10.5984,268.4,30.3,1488.663, NAN, NAN, NAN, NAN,,2024/04/05 17:50:47.940,2024-04-05 17:50:47.940000+00:00
2024/04/05, 17:51:47.940,35.882,-74.832,0.44,239.46,283.76,0.51,9.9,9.9,1008.0,1008.0,0.0,0.0,13.74,11.62,353,348,4.4,4.4,69.1,69.0,4.2,4.2,230.7,225.4,1010.1,1010.1,932.17,292.59,2242.06,32.2024,10.6061,262.8,30.4,1488.686, NAN, NAN, NAN, NAN,,2024/04/05 17:51:47.940,2024-04-05 17:51:47.940000+00:00
2024/04/05, 17:52:47.940,35.882,-74.832,0.41,239.51,234.27,0.64,9.9,9.9,1008.0,1007.7,0.0,0.0,13.74,11.62,357,350,4.3,4.1,70.1,69.8,4.0,3.8,236.4,228.8,1010.1,1009.8,926.95,292.78,2242.22,32.2017,10.5985,264.8,30.4,1488.658, NAN, NAN, NAN, NAN,,2024/04/05 17:52:47.940,2024-04-05 17:52:47.940000+00:00
2024/04/05, 17:53:47.940,35.882,-74.832,0.48,240.85,229.92,0.8,9.9,10.0,1008.1,1008.1,0.0,0.0,13.74,11.62,359,354,4.9,4.8,70.3,70.5,4.5,4.4,239.2,233.7,1010.2,1010.2,929.04,292.74,2242.39,32.1981,10.5985,246.7,30.3,1488.654, NAN, NAN, NAN, NAN,,2024/04/05 17:53:47.940,2024-04-05 17:53:47.940000+00:00
2024/04/05, 17:54:47.941,35.882,-74.832,0.46,240.14,263.97,0.54,9.9,10.0,1008.0,1008.0,0.0,0.0,13.74,11.62,358,351,4.5,4.3,69.2,69.4,4.2,4.0,237.7,230.2,1010.1,1010.1,925.14,292.74,2242.45,32.2,10.5957,239.1,30.3,1488.646, NAN, NAN, NAN, NAN,,2024/04/05 17:54:47.941,2024-04-05 17:54:47.941000+00:00
2024/04/05, 17:55:47.941,35.882,-74.832,0.43,240.21,229.65,0.64,10.0,10.0,1008.1,1007.8,0.0,0.0,13.74,11.62,1,355,4.7,4.5,70.9,71.1,4.4,4.2,243.6,237.3,1010.2,1009.9,923.13,292.68,2242.3,32.1967,10.61,231.2,30.5,1488.693, NAN, NAN, NAN, NAN,,2024/04/05 17:55:47.941,2024-04-05 17:55:47.941000+00:00
2024/04/05, 17:56:47.941,35.882,-74.832,0.4,239.36,170.38,0.69,9.9,10.0,1007.9,1008.0,0.0,0.0,13.74,11.62,357,350,4.8,4.6,70.2,70.3,4.5,4.3,239.4,232.1,1010.0,1010.1,922.78,292.77,2241.87,32.1955,10.5982,225.8,30.4,1488.65, NAN, NAN, NAN, NAN,,2024/04/05 17:56:47.941,2024-04-05 17:56:47.941000+00:00
2024/04/05, 17:57:47.941,35.882,-74.833,0.44,239.34,199.19,0.64,9.9,10.0,1007.8,1007.9,0.0,0.0,13.74,11.62,4,357,4.8,4.6,69.5,70.2,4.5,4.3,245.7,238.4,1009.9,1010.0,915.51,292.73,2242.61,32.2045,10.5815,232.4,30.5,1488.601, NAN, NAN, NAN, NAN,,2024/04/05 17:57:47.941,2024-04-05 17:57:47.941000+00:00
2024/04/05, 17:58:47.941,35.882,-74.833,0.4,239.37,253.82,0.54,10.0,10.0,1007.9,1007.9,0.0,0.0,13.74,11.62,358,352,4.3,4.4,70.9,70.8,4.0,4.1,237.5,231.1,1010.0,1010.0,918.01,293.17,2242.59,32.2053,10.5759,226.5,30.4,1488.582, NAN, NAN, NAN, NAN,,2024/04/05 17:58:47.941,2024-04-05 17:58:47.941000+00:00
2024/04/05, 17:59:47.941,35.882,-74.833,0.43,239.33,311.46,0.28,10.0,10.0,1007.9,1008.0,0.0,0.0,13.74,11.62,356,350,4.2,4.3,70.5,70.5,4.1,4.2,235.9,229.7,1010.0,1010.1,912.62,293.27,2241.76,32.2069,10.5806,232.7,30.4,1488.601, NAN, NAN, NAN, NAN,,2024/04/05 17:59:47.941,2024-04-05 17:59:47.941000+00:00
2024/04/05, 18:00:47.941,35.882,-74.833,0.41,239.88,255.69,0.49,10.0,10.0,1007.9,1007.8,0.0,0.0,13.74,11.62,357,353,4.5,4.6,71.3,71.4,4.3,4.4,238.1,233.8,1010.0,1009.9,914.7,293.38,2241.56,32.2129,10.5663,232.4,30.5,1488.557, NAN, NAN, NAN, NAN,,2024/04/05 18:00:47.941,2024-04-05 18:00:47.941000+00:00
2024/04/05, 18:01:47.941,35.882,-74.833,0.44,241.55,176.29,0.48,10.0,10.0,1008.0,1007.9,0.0,0.0,13.74,11.62,351,344,4.7,4.7,70.9,71.0,4.5,4.5,233.8,226.5,1010.1,1010.0,911.36,293.2,2242.32,32.2219,10.5511,238.8,30.6,1488.514, NAN, NAN, NAN, NAN,,2024/04/05 18:01:47.941,2024-04-05 18:01:47.941000+00:00
2024/04/05, 18:02:47.941,35.881,-74.833,0.46,240.35,329.35,0.27,10.0,10.0,1007.8,1007.8,0.0,0.0,13.74,11.62,353,348,4.2,4.2,70.6,71.1,4.1,4.1,233.2,228.0,1009.9,1009.9,904.85,293.37,2241.71,32.2316,10.5544,237.9,30.5,1488.537, NAN, NAN, NAN, NAN,,2024/04/05 18:02:47.941,2024-04-05 18:02:47.941000+00:00
2024/04/05, 18:03:47.941,35.881,-74.833,0.4,239.65,215.35,0.53,10.0,10.0,1007.8,1007.8,0.0,0.0,13.74,11.62,353,346,4.6,4.5,71.3,71.3,4.3,4.2,232.2,224.7,1009.9,1009.9,901.46,293.22,2242.44,32.2346,10.5406,238.1,30.6,1488.492, NAN, NAN, NAN, NAN,,2024/04/05 18:03:47.941,2024-04-05 18:03:47.941000+00:00
2024/04/05, 18:04:47.941,35.881,-74.834,0.48,238.59,251.09,0.74,10.0,10.0,1007.8,1007.7,0.0,0.0,13.74,11.62,357,352,4.7,4.6,71.1,71.1,4.3,4.3,234.0,228.6,1009.9,1009.8,898.77,293.17,2242.67,32.242,10.5205,232.4,30.5,1488.429, NAN, NAN, NAN, NAN,,2024/04/05 18:04:47.941,2024-04-05 18:04:47.941000+00:00
2024/04/05, 18:05:47.941,35.881,-74.834,0.53,240.12,266.57,0.66,10.0,10.0,1007.8,1007.7,0.0,0.0,13.74,11.62,351,343,4.9,4.8,72.2,72.2,4.6,4.5,230.0,221.4,1009.9,1009.8,902.88,293.14,2241.95,32.2446,10.5195,241.2,30.5,1488.429, NAN, NAN, NAN, NAN,,2024/04/05 18:05:47.941,2024-04-05 18:05:47.941000+00:00
2024/04/05, 18:06:47.941,35.881,-74.834,0.48,240.28,231.9,0.46,10.0,10.0,1007.8,1007.7,0.0,0.0,13.74,11.62,344,339,5.2,5.6,70.5,70.6,5.0,5.4,222.5,217.4,1009.9,1009.8,900.55,293.08,2241.92,32.2656,10.5316,246.7,30.4,1488.497, NAN, NAN, NAN, NAN,,2024/04/05 18:06:47.941,2024-04-05 18:06:47.941000+00:00
2024/04/05, 18:07:47.941,35.881,-74.834,0.44,239.11,163.61,0.56,10.0,10.0,1007.7,1007.6,0.0,0.0,13.74,11.62,354,346,5.0,4.8,71.1,71.3,4.8,4.5,235.0,226.7,1009.8,1009.7,892.57,293.32,2242.46,32.263,10.538,243.6,30.6,1488.517, NAN, NAN, NAN, NAN,,2024/04/05 18:07:47.941,2024-04-05 18:07:47.941000+00:00
2024/04/05, 18:08:47.941,35.881,-74.834,0.23,240.34,213.65,0.31,10.1,10.1,1007.7,1007.8,0.0,0.0,13.74,11.62,355,349,5.2,5.1,71.9,72.0,5.1,5.0,234.3,228.2,1009.8,1009.9,895.67,292.98,2242.12,32.2738,10.5334,244.9,30.6,1488.513, NAN, NAN, NAN, NAN,,2024/04/05 18:08:47.941,2024-04-05 18:08:47.941000+00:00
2024/04/05, 18:09:47.941,35.881,-74.834,0.45,240.73,257.1,0.33,10.0,10.0,1007.8,1007.6,0.0,0.0,13.74,11.62,352,345,5.1,5.1,70.6,70.4,4.9,4.9,232.5,225.3,1009.9,1009.7,895.65,292.56,2242.14,32.2795,10.5473,248.0,30.5,1488.57, NAN, NAN, NAN, NAN,,2024/04/05 18:09:47.941,2024-04-05 18:09:47.941000+00:00
2024/04/05, 18:10:47.942,35.881,-74.834,0.22,239.74,158.81,0.78,10.0,10.0,1007.8,1007.6,0.0,0.0,13.74,11.62,355,349,5.7,5.6,68.1,68.2,5.6,5.5,238.7,232.6,1009.9,1009.7,894.13,291.85,2241.38,32.2925,10.5494,248.6,30.5,1488.593, NAN, NAN, NAN, NAN,,2024/04/05 18:10:47.942,2024-04-05 18:10:47.942000+00:00
2024/04/05, 18:11:47.942,35.881,-74.834,0.22,239.02,247.69,0.37,10.0,10.0,1007.8,1007.7,0.0,0.0,13.74,11.62,354,349,5.4,5.4,66.9,66.9,5.3,5.3,231.2,226.1,1009.9,1009.8,888.85,292.34,2241.7,32.2906,10.5424,245.4,30.5,1488.566, NAN, NAN, NAN, NAN,,2024/04/05 18:11:47.942,2024-04-05 18:11:47.942000+00:00
2024/04/05, 18:12:47.942,35.881,-74.835,0.27,240.56,187.48,0.38,10.0,10.1,1007.7,1007.7,0.0,0.0,13.74,11.62,354,349,5.5,5.2,67.1,67.0,5.3,5.0,235.5,230.3,1009.8,1009.8,883.89,292.46,2241.57,32.31,10.5339,262.2,30.4,1488.559, NAN, NAN, NAN, NAN,,2024/04/05 18:12:47.942,2024-04-05 18:12:47.942000+00:00
2024/04/05, 18:13:47.942,35.881,-74.835,0.18,240.81,352.11,0.09,10.1,10.1,1007.7,1007.7,0.0,0.0,13.74,11.62,354,346,4.8,4.7,67.9,67.9,4.8,4.7,234.7,226.6,1009.8,1009.8,883.52,292.57,2242.29,32.3231,10.5237,270.8,30.5,1488.539, NAN, NAN, NAN, NAN,,2024/04/05 18:13:47.942,2024-04-05 18:13:47.942000+00:00
2024/04/05, 18:14:47.942,35.881,-74.835,0.1,239.97,234.7,0.49,10.1,10.1,1007.8,1007.6,0.0,0.0,13.74,11.62,355,349,5.5,5.4,70.3,70.5,5.3,5.2,233.6,227.3,1009.9,1009.7,884.13,291.92,2241.97,32.3056,10.5177,252.4,30.5,1488.496, NAN, NAN, NAN, NAN,,2024/04/05 18:14:47.942,2024-04-05 18:14:47.942000+00:00
2024/04/05, 18:15:47.942,35.881,-74.835,0.25,240.24,275.18,0.42,10.1,10.1,1007.6,1007.4,0.0,0.0,13.74,11.62,354,345,5.5,5.3,67.1,67.0,5.3,5.1,233.0,223.6,1009.7,1009.5,882.49,291.96,2241.96,32.2931,10.5118,244.3,30.6,1488.46, NAN, NAN, NAN, NAN,,2024/04/05 18:15:47.942,2024-04-05 18:15:47.942000+00:00
2024/04/05, 18:16:47.942,35.881,-74.835,0.26,240.4,323.93,0.3,10.1,10.1,1007.7,1007.5,0.0,0.0,13.74,11.62,347,341,5.7,5.8,67.7,67.8,5.6,5.8,225.9,219.9,1009.8,1009.6,878.54,292.05,2242.22,32.2574,10.4908,237.2,30.6,1488.342, NAN, NAN, NAN, NAN,,2024/04/05 18:16:47.942,2024-04-05 18:16:47.942000+00:00
2024/04/05, 18:17:47.942,35.881,-74.835,-0.09,235.92,175.5,0.16,10.1,10.1,1007.6,1007.2,0.0,0.0,13.74,11.62,353,348,5.1,5.1,65.2,65.2,5.0,5.0,228.6,223.5,1009.7,1009.3,876.39,292.17,2241.01,32.2919,10.4718,246.4,30.3,1488.315, NAN, NAN, NAN, NAN,,2024/04/05 18:17:47.942,2024-04-05 18:17:47.942000+00:00
2024/04/05, 18:18:47.942,35.881,-74.835,-0.12,225.81,113.59,0.04,10.1,10.1,1007.4,1007.6,0.0,0.0,13.74,11.62,12,7,5.0,4.8,66.9,67.1,5.0,4.8,237.8,232.8,1009.5,1009.7,871.53,292.21,2242.73,32.301,10.4476,253.4,30.3,1488.24, NAN, NAN, NAN, NAN,,2024/04/05 18:18:47.942,2024-04-05 18:18:47.942000+00:00
2024/04/05, 18:19:47.942,35.881,-74.835,-0.09,225.19,50.82,0.14,10.1,10.1,1007.6,1007.5,0.0,0.0,13.74,11.62,12,5,5.3,5.0,66.9,66.0,5.4,5.1,237.3,230.4,1009.7,1009.6,872.83,292.03,2242.57,32.3058,10.4514,253.1,30.5,1488.259, NAN, NAN, NAN, NAN,,2024/04/05 18:19:47.942,2024-04-05 18:19:47.942000+00:00
2024/04/05, 18:20:47.942,35.881,-74.835,-0.04,225.89,127.12,0.48,10.1,10.2,1007.6,1007.4,0.0,0.0,13.74,11.62,11,6,5.1,4.7,66.7,66.6,5.2,4.8,239.3,234.7,1009.7,1009.5,868.27,292.34,2241.33,32.3052,10.4762,244.9,30.5,1488.347, NAN, NAN, NAN, NAN,,2024/04/05 18:20:47.942,2024-04-05 18:20:47.942000+00:00
2024/04/05, 18:21:47.942,35.881,-74.835,-0.11,226.1,169.62,0.12,10.2,10.2,1007.3,1007.3,0.0,0.0,13.74,11.62,10,3,5.3,5.0,67.4,67.5,5.4,5.1,236.3,229.4,1009.4,1009.4,863.03,292.22,2240.8,32.3022,10.4879,240.6,30.4,1488.385, NAN, NAN, NAN, NAN,,2024/04/05 18:21:47.942,2024-04-05 18:21:47.942000+00:00
2024/04/05, 18:22:47.942,35.881,-74.835,-0.07,225.77,76.25,0.39,10.2,10.2,1007.3,1007.4,0.0,0.0,13.74,11.62,10,4,5.4,5.3,66.4,66.6,5.5,5.4,237.4,231.6,1009.4,1009.5,864.45,291.92,2240.41,32.2998,10.4889,236.6,30.5,1488.386, NAN, NAN, NAN, NAN,,2024/04/05 18:22:47.942,2024-04-05 18:22:47.942000+00:00
2024/04/05, 18:23:47.942,35.881,-74.835,-0.07,224.95,19.95,0.35,10.2,10.2,1007.4,1007.4,0.0,0.0,13.74,11.62,10,3,5.4,5.0,64.7,66.5,5.5,5.1,236.5,229.8,1009.5,1009.5,859.65,292.27,2240.4,32.3054,10.4961,235.7,30.4,1488.419, NAN, NAN, NAN, NAN,,2024/04/05 18:23:47.942,2024-04-05 18:23:47.942000+00:00
2024/04/05, 18:24:47.942,35.881,-74.835,-0.04,226.54,27.92,0.25,10.2,10.2,1007.4,1007.3,0.0,0.0,13.74,11.62,5,356,5.7,5.4,67.5,67.3,5.8,5.5,230.5,221.6,1009.5,1009.4,860.9,291.92,2240.1,32.3061,10.4992,240.0,30.6,1488.43, NAN, NAN, NAN, NAN,,2024/04/05 18:24:47.942,2024-04-05 18:24:47.942000+00:00
2024/04/05, 18:25:47.943,35.881,-74.835,-0.08,226.01,211.35,0.11,10.2,10.2,1007.6,1007.5,0.0,0.0,13.74,11.62,5,1,5.4,5.3,68.5,68.5,5.4,5.3,231.6,227.6,1009.7,1009.6,859.43,292.0,2240.08,32.3139,10.5031,244.3,30.8,1488.454, NAN, NAN, NAN, NAN,,2024/04/05 18:25:47.943,2024-04-05 18:25:47.943000+00:00
2024/04/05, 18:26:47.943,35.881,-74.835,-0.12,224.48,212.51,0.13,10.2,10.2,1007.4,1007.5,0.0,0.0,13.74,11.62,6,0,5.7,5.6,68.8,68.7,5.7,5.6,231.1,225.1,1009.5,1009.6,857.69,292.21,2239.75,32.3176,10.4972,240.3,30.8,1488.437, NAN, NAN, NAN, NAN,,2024/04/05 18:26:47.943,2024-04-05 18:26:47.943000+00:00
2024/04/05, 18:27:47.943,35.881,-74.835,-0.13,226.36,119.72,0.15,10.2,10.2,1007.4,1007.3,0.0,0.0,13.74,11.62,6,0,5.5,5.4,65.9,65.8,5.5,5.4,233.1,227.1,1009.5,1009.4,854.8,291.8,2239.75,32.3184,10.4874,247.6,30.5,1488.403, NAN, NAN, NAN, NAN,,2024/04/05 18:27:47.943,2024-04-05 18:27:47.943000+00:00
2024/04/05, 18:28:47.943,35.881,-74.835,-0.06,225.7,356.83,0.08,10.2,10.2,1007.4,1007.3,0.0,0.0,13.74,11.62,6,2,4.9,4.8,67.2,65.6,4.9,4.8,232.1,228.1,1009.5,1009.4,854.35,292.18,2238.88,32.3156,10.4755,250.0,30.8,1488.357, NAN, NAN, NAN, NAN,,2024/04/05 18:28:47.943,2024-04-05 18:28:47.943000+00:00
2024/04/05, 18:29:47.943,35.881,-74.835,-0.21,225.48,208.09,0.08,10.2,10.2,1007.3,1007.4,0.0,0.0,13.74,11.62,13,8,5.9,5.3,67.3,68.5,5.9,5.3,238.4,233.4,1009.4,1009.5,846.12,292.02,2238.0,32.3182,10.4636,243.0,30.8,1488.318, NAN, NAN, NAN, NAN,,2024/04/05 18:29:47.943,2024-04-05 18:29:47.943000+00:00
2024/04/05, 18:30:47.943,35.881,-74.835,-0.26,226.07,335.47,0.13,10.2,10.2,1007.4,1007.4,0.0,0.0,13.74,11.62,8,2,5.5,5.3,68.0,65.1,5.5,5.4,233.6,227.6,1009.5,1009.5,850.89,291.98,2238.71,32.3265,10.4627,260.4,30.9,1488.325, NAN, NAN, NAN, NAN,,2024/04/05 18:30:47.943,2024-04-05 18:30:47.943000+00:00
2024/04/05, 18:31:47.943,35.881,-74.835,-0.3,224.68,285.29,0.27,10.2,10.2,1007.4,1007.3,0.0,0.0,13.74,11.62,3,357,5.3,4.9,66.0,66.1,5.3,4.9,226.2,220.2,1009.5,1009.4,846.09,292.37,2238.17,32.3472,10.4756,278.7,30.7,1488.396, NAN, NAN, NAN, NAN,,2024/04/05 18:31:47.943,2024-04-05 18:31:47.943000+00:00
2024/04/05, 18:32:47.943,35.881,-74.835,-0.35,226.04,125.89,0.3,10.2,10.2,1007.2,1007.4,0.0,0.0,13.74,11.62,6,356,5.0,4.7,67.7,67.6,5.1,4.8,233.1,223.4,1009.3,1009.5,841.86,292.25,2237.65,32.3416,10.4886,260.1,30.9,1488.436, NAN, NAN, NAN, NAN,,2024/04/05 18:32:47.943,2024-04-05 18:32:47.943000+00:00
2024/04/05, 18:33:47.943,35.881,-74.835,-0.22,225.66,4.2,0.44,10.2,10.2,1007.3,1007.2,0.0,0.0,13.74,11.62,3,358,5.0,5.0,68.5,69.1,5.2,5.2,228.3,223.5,1009.4,1009.3,843.77,292.31,2237.11,32.3389,10.4952,260.8,30.8,1488.456, NAN, NAN, NAN, NAN,,2024/04/05 18:33:47.943,2024-04-05 18:33:47.943000+00:00
2024/04/05, 18:34:47.943,35.881,-74.835,-0.03,224.69,111.56,0.49,10.2,10.2,1007.3,1007.4,0.0,0.0,13.74,11.62,8,2,5.6,5.4,67.4,67.4,5.8,5.6,234.2,228.4,1009.4,1009.5,843.06,291.58,2236.84,32.337,10.4942,265.2,30.8,1488.45, NAN, NAN, NAN, NAN,,2024/04/05 18:34:47.943,2024-04-05 18:34:47.943000+00:00
2024/04/05, 18:35:47.943,35.881,-74.835,-0.16,225.41,103.34,0.34,10.2,10.2,1007.3,1007.4,0.0,0.0,13.74,11.62,5,359,5.0,4.7,64.2,64.2,5.2,4.8,231.3,225.6,1009.4,1009.5,840.43,291.89,2236.09,32.3392,10.4985,259.8,31.1,1488.468, NAN, NAN, NAN, NAN,,2024/04/05 18:35:47.943,2024-04-05 18:35:47.943000+00:00
2024/04/05, 18:36:47.943,35.881,-74.834,-0.32,226.15,316.3,0.33,10.2,10.2,1007.5,1007.2,0.0,0.0,13.74,11.62,11,4,5.4,5.2,64.2,64.5,5.5,5.3,235.6,228.6,1009.6,1009.3,837.88,291.82,2236.06,32.3375,10.5024,235.7,31.0,1488.48, NAN, NAN, NAN, NAN,,2024/04/05 18:36:47.943,2024-04-05 18:36:47.943000+00:00
2024/04/05, 18:37:47.943,35.881,-74.834,-0.36,226.13,122.1,0.39,10.2,10.2,1007.2,1007.3,0.0,0.0,13.74,11.62,5,359,4.6,4.5,64.6,64.6,4.8,4.7,231.1,225.4,1009.3,1009.4,835.09,292.01,2235.54,32.3363,10.5083,221.8,30.9,1488.5, NAN, NAN, NAN, NAN,,2024/04/05 18:37:47.943,2024-04-05 18:37:47.943000+00:00
2024/04/05, 18:38:47.943,35.881,-74.834,0.12,225.26,163.58,0.26,10.2,10.2,1007.4,1007.3,0.0,0.0,13.74,11.62,7,0,5.5,5.1,65.5,65.6,5.5,5.0,233.6,226.6,1009.5,1009.4,834.32,291.77,2235.08,32.3319,10.5177,220.3,31.0,1488.528, NAN, NAN, NAN, NAN,,2024/04/05 18:38:47.943,2024-04-05 18:38:47.943000+00:00
2024/04/05, 18:39:47.943,35.881,-74.834,0.02,226.37,333.67,0.14,10.2,10.2,1007.3,1007.3,0.0,0.0,13.74,11.62,5,1,5.5,5.4,64.6,64.9,5.6,5.5,231.3,227.3,1009.4,1009.4,832.32,291.93,2234.32,32.3361,10.5164,214.2,31.1,1488.528, NAN, NAN, NAN, NAN,,2024/04/05 18:39:47.943,2024-04-05 18:39:47.943000+00:00
2024/04/05, 18:40:47.944,35.881,-74.834,-0.27,226.17,335.24,0.33,10.2,10.2,1007.3,1007.3,0.0,0.0,13.74,11.62,8,1,5.1,4.8,65.5,65.4,5.2,4.9,235.6,228.8,1009.4,1009.4,825.04,291.97,2233.82,32.3378,10.5216,211.5,31.0,1488.549, NAN, NAN, NAN, NAN,,2024/04/05 18:40:47.944,2024-04-05 18:40:47.944000+00:00
2024/04/05, 18:41:47.944,35.881,-74.834,-0.25,226.95,350.77,0.26,10.2,10.2,1007.4,1007.3,0.0,0.0,13.74,11.62,7,0,4.8,4.7,66.6,66.6,4.9,4.8,232.8,225.9,1009.5,1009.4,829.07,292.03,2233.7,32.3406,10.5387,208.7,30.9,1488.613, NAN, NAN, NAN, NAN,,2024/04/05 18:41:47.944,2024-04-05 18:41:47.944000+00:00
2024/04/05, 18:42:47.944,35.881,-74.834,-0.37,225.88,132.84,0.41,10.2,10.3,1007.3,1007.3,0.0,0.0,13.74,11.62,4,357,5.3,4.9,67.7,67.6,5.3,4.9,232.1,225.3,1009.4,1009.4,825.63,291.99,2233.41,32.3395,10.5902,207.8,31.1,1488.795, NAN, NAN, NAN, NAN,,2024/04/05 18:42:47.944,2024-04-05 18:42:47.944000+00:00
2024/04/05, 18:43:47.944,35.881,-74.834,-0.33,225.37,123.86,0.58,10.2,10.3,1007.3,1007.2,0.0,0.0,13.74,11.62,1,355,5.1,4.9,65.3,67.9,5.3,5.1,228.9,223.3,1009.4,1009.3,822.54,291.86,2232.5,32.3455,10.6211,226.8,31.0,1488.913, NAN, NAN, NAN, NAN,,2024/04/05 18:43:47.944,2024-04-05 18:43:47.944000+00:00
2024/04/05, 18:44:47.944,35.881,-74.834,-0.12,225.9,334.87,0.27,10.2,10.3,1007.2,1007.3,0.0,0.0,13.74,11.62,4,357,4.7,4.5,66.2,66.2,4.7,4.5,228.2,221.2,1009.3,1009.4,821.33,292.26,2232.37,32.3466,10.6387,235.4,31.0,1488.977, NAN, NAN, NAN, NAN,,2024/04/05 18:44:47.944,2024-04-05 18:44:47.944000+00:00
2024/04/05, 18:45:47.944,35.881,-74.834,-0.25,226.25,283.73,0.14,10.3,10.3,1007.6,1007.1,0.0,0.0,13.74,11.62,356,351,4.9,4.7,68.1,68.4,4.9,4.7,221.5,216.4,1009.7,1009.2,816.46,292.49,2230.82,32.3514,10.6477,223.1,30.7,1489.015, NAN, NAN, NAN, NAN,,2024/04/05 18:45:47.944,2024-04-05 18:45:47.944000+00:00
2024/04/05, 18:46:47.944,35.881,-74.834,-0.4,225.84,73.91,0.25,10.2,10.3,1007.4,1007.3,0.0,0.0,13.74,11.62,357,350,5.0,4.8,66.8,67.0,5.1,4.9,223.3,216.5,1009.5,1009.4,818.83,292.07,2231.34,32.3517,10.6492,209.3,30.7,1489.02, NAN, NAN, NAN, NAN,,2024/04/05 18:46:47.944,2024-04-05 18:46:47.944000+00:00
2024/04/05, 18:47:47.944,35.881,-74.834,-0.36,225.8,19.96,0.55,10.2,10.3,1007.3,1007.2,0.0,0.0,13.74,11.62,1,354,4.9,4.7,65.9,66.1,5.1,4.9,229.1,222.4,1009.4,1009.3,814.5,292.44,2230.46,32.3504,10.6412,209.0,31.0,1488.99, NAN, NAN, NAN, NAN,,2024/04/05 18:47:47.944,2024-04-05 18:47:47.944000+00:00
2024/04/05, 18:48:47.944,35.881,-74.834,-0.14,225.24,122.87,0.4,10.3,10.3,1007.2,1007.1,0.0,0.0,13.74,11.62,2,353,5.0,4.6,66.7,66.6,5.1,4.7,229.1,220.5,1009.3,1009.2,813.7,292.33,2230.12,32.3488,10.6389,207.8,31.1,1488.98, NAN, NAN, NAN, NAN,,2024/04/05 18:48:47.944,2024-04-05 18:48:47.944000+00:00
2024/04/05, 18:49:47.944,35.881,-74.834,-0.08,225.97,329.36,0.09,10.3,10.3,1007.3,1007.2,0.0,0.0,13.74,11.62,358,352,5.0,4.9,66.7,66.8,5.0,4.9,223.4,217.4,1009.4,1009.3,813.2,292.31,2229.09,32.3443,10.6577,196.5,31.0,1489.042, NAN, NAN, NAN, NAN,,2024/04/05 18:49:47.944,2024-04-05 18:49:47.944000+00:00
2024/04/05, 18:50:47.944,35.882,-74.834,-0.18,225.42,128.95,0.44,10.3,10.3,1007.1,1007.1,0.0,0.0,13.74,11.62,357,350,4.5,4.5,67.3,67.3,4.6,4.5,225.2,218.3,1009.2,1009.2,809.53,292.44,2228.33,32.3397,10.6734,193.7,30.9,1489.092, NAN, NAN, NAN, NAN,,2024/04/05 18:50:47.944,2024-04-05 18:50:47.944000+00:00
2024/04/05, 18:51:47.944,35.882,-74.834,-0.19,225.12,74.12,0.36,10.3,10.3,1007.2,1007.1,0.0,0.0,13.74,11.62,359,353,5.2,5.1,67.5,68.4,5.4,5.3,223.9,218.1,1009.3,1009.2,807.17,292.49,2226.77,32.3389,10.6787,191.6,30.9,1489.11, NAN, NAN, NAN, NAN,,2024/04/05 18:51:47.944,2024-04-05 18:51:47.944000+00:00
2024/04/05, 18:52:47.944,35.882,-74.834,-0.23,225.71,64.94,0.28,10.3,10.3,1007.0,1007.1,0.0,0.0,13.74,11.62,353,347,5.1,4.9,66.8,66.7,5.2,5.0,219.5,213.7,1009.1,1009.2,805.63,292.28,2227.03,32.3355,10.6842,190.1,31.1,1489.125, NAN, NAN, NAN, NAN,,2024/04/05 18:52:47.944,2024-04-05 18:52:47.944000+00:00
2024/04/05, 18:53:47.944,35.882,-74.834,0.03,224.74,138.23,0.52,10.3,10.3,1007.1,1007.1,0.0,0.0,13.74,11.62,359,354,5.8,5.5,67.8,66.9,5.8,5.5,226.3,221.5,1009.2,1009.2,800.91,292.3,2225.96,32.3322,10.6888,188.3,31.4,1489.138, NAN, NAN, NAN, NAN,,2024/04/05 18:53:47.944,2024-04-05 18:53:47.944000+00:00
2024/04/05, 18:54:47.944,35.882,-74.834,-0.11,226.89,47.47,0.2,10.3,10.3,1007.0,1007.1,0.0,0.0,13.74,11.62,0,355,5.5,5.3,67.5,67.8,5.6,5.4,226.3,221.4,1009.1,1009.2,803.54,292.2,2226.3,32.3317,10.6844,188.8,31.1,1489.121, NAN, NAN, NAN, NAN,,2024/04/05 18:54:47.944,2024-04-05 18:54:47.944000+00:00
2024/04/05, 18:55:47.944,35.882,-74.834,-0.35,225.5,85.86,0.51,10.3,10.3,1007.0,1007.0,0.0,0.0,13.74,11.62,358,352,5.0,5.0,67.5,68.0,5.2,5.2,225.6,219.8,1009.1,1009.1,799.94,292.32,2225.41,32.3307,10.6608,194.7,30.9,1489.036, NAN, NAN, NAN, NAN,,2024/04/05 18:55:47.944,2024-04-05 18:55:47.944000+00:00
2024/04/05, 18:56:47.945,35.882,-74.834,-0.41,226.13,55.08,0.63,10.3,10.3,1007.0,1007.1,0.0,0.0,13.74,11.62,354,351,4.8,4.7,66.4,66.6,5.1,5.0,221.5,218.7,1009.1,1009.2,794.48,292.45,2224.84,32.3317,10.6662,195.9,30.9,1489.057, NAN, NAN, NAN, NAN,,2024/04/05 18:56:47.945,2024-04-05 18:56:47.945000+00:00
2024/04/05, 18:57:47.945,35.882,-74.833,-0.52,225.82,44.31,0.71,10.4,10.4,1007.1,1007.2,0.0,0.0,13.74,11.62,357,351,5.6,5.5,66.9,66.9,6.0,5.9,222.5,216.9,1009.2,1009.3,795.08,291.97,2224.02,32.3308,10.672,195.6,31.0,1489.076, NAN, NAN, NAN, NAN,,2024/04/05 18:57:47.945,2024-04-05 18:57:47.945000+00:00
2024/04/05, 18:58:47.945,35.882,-74.833,-0.45,226.06,60.95,0.7,10.4,10.4,1007.1,1006.9,0.0,0.0,13.74,11.62,0,354,5.0,4.9,67.5,67.5,5.3,5.2,227.4,221.8,1009.2,1009.0,790.8,292.42,2222.37,32.3387,10.6805,228.0,31.2,1489.116, NAN, NAN, NAN, NAN,,2024/04/05 18:58:47.945,2024-04-05 18:58:47.945000+00:00
2024/04/05, 18:59:47.945,35.882,-74.833,-0.47,224.95,104.03,0.66,10.4,10.4,1007.2,1007.0,0.0,0.0,13.74,11.62,356,351,5.0,4.8,67.8,67.9,5.2,5.0,223.8,219.1,1009.3,1009.1,791.7,292.33,2221.65,32.3459,10.681,241.5,31.3,1489.126, NAN, NAN, NAN, NAN,,2024/04/05 18:59:47.945,2024-04-05 18:59:47.945000+00:00
2024/04/05, 19:00:47.945,35.882,-74.833,0.48,226.53,267.38,0.13,10.4,10.4,1006.9,1007.1,0.0,0.0,13.74,11.62,356,350,4.8,4.5,65.4,65.8,4.8,4.5,223.3,217.4,1009.0,1009.2,785.85,292.42,2221.86,32.3466,10.6809,234.2,31.2,1489.127, NAN, NAN, NAN, NAN,,2024/04/05 19:00:47.945,2024-04-05 19:00:47.945000+00:00
2024/04/05, 19:01:47.945,35.882,-74.833,0.18,224.71,119.3,0.26,10.4,10.4,1006.9,1007.0,0.0,0.0,13.74,11.62,1,353,4.7,4.4,69.0,69.1,4.7,4.4,224.1,216.0,1009.0,1009.1,786.03,292.21,2219.31,32.3506,10.682,248.0,31.3,1489.136, NAN, NAN, NAN, NAN,,2024/04/05 19:01:47.945,2024-04-05 19:01:47.945000+00:00
2024/04/05, 19:02:47.945,35.882,-74.833,0.09,226.28,302.56,0.58,10.4,10.4,1006.8,1007.1,0.0,0.0,13.74,11.62,1,356,4.6,4.5,69.2,69.3,4.6,4.5,223.6,218.5,1008.9,1009.2,780.04,292.47,2219.13,32.3478,10.6764,222.1,31.2,1489.112, NAN, NAN, NAN, NAN,,2024/04/05 19:02:47.945,2024-04-05 19:02:47.945000+00:00
2024/04/05, 19:03:47.945,35.882,-74.833,0.13,225.33,350.79,0.46,10.4,10.4,1006.9,1006.9,0.0,0.0,13.74,11.62,0,353,4.0,4.0,68.6,69.5,4.1,4.1,222.1,215.2,1009.0,1009.0,777.92,292.82,2217.73,32.3415,10.657,212.4,31.3,1489.036, NAN, NAN, NAN, NAN,,2024/04/05 19:03:47.945,2024-04-05 19:03:47.945000+00:00
2024/04/05, 19:04:47.945,35.882,-74.833,0.07,226.06,159.4,0.21,10.4,10.4,1006.9,1006.9,0.0,0.0,13.74,11.62,1,355,4.4,4.4,70.7,70.5,4.4,4.4,225.7,219.7,1009.0,1009.0,776.07,292.63,2217.25,32.3354,10.6146,199.2,31.4,1488.877, NAN, NAN, NAN, NAN,,2024/04/05 19:04:47.945,2024-04-05 19:04:47.945000+00:00
2024/04/05, 19:05:47.945,35.882,-74.833,0.1,225.64,278.39,0.23,10.4,10.4,1006.9,1006.9,0.0,0.0,13.74,11.62,0,354,4.8,4.8,68.0,68.2,4.8,4.8,227.0,221.1,1009.0,1009.0,771.2,292.53,2215.72,32.3353,10.5898,210.5,31.4,1488.789, NAN, NAN, NAN, NAN,,2024/04/05 19:05:47.945,2024-04-05 19:05:47.945000+00:00
2024/04/05, 19:06:47.945,35.882,-74.833,0.13,226.56,346.04,0.13,10.4,10.4,1006.8,1006.9,0.0,0.0,13.74,11.62,1,354,4.5,4.4,68.7,68.7,4.6,4.5,227.9,221.0,1008.9,1009.0,769.9,292.64,2216.03,32.3428,10.5966,241.8,31.2,1488.822, NAN, NAN, NAN, NAN,,2024/04/05 19:06:47.945,2024-04-05 19:06:47.945000+00:00
2024/04/05, 19:07:47.945,35.882,-74.833,0.09,225.56,127.62,0.14,10.5,10.5,1006.9,1006.8,0.0,0.0,13.74,11.62,359,350,3.9,3.9,70.3,70.6,3.9,3.9,225.6,216.6,1009.0,1008.9,769.01,292.78,2215.11,32.347,10.623,247.6,31.4,1488.921, NAN, NAN, NAN, NAN,,2024/04/05 19:07:47.945,2024-04-05 19:07:47.945000+00:00
2024/04/05, 19:08:47.945,35.882,-74.833,0.07,225.15,326.17,0.2,10.5,10.5,1006.8,1006.9,0.0,0.0,13.74,11.62,0,355,4.9,4.7,67.3,67.5,4.9,4.7,226.3,221.4,1008.9,1009.0,766.12,292.38,2214.57,32.348,10.622,245.7,31.3,1488.919, NAN, NAN, NAN, NAN,,2024/04/05 19:08:47.945,2024-04-05 19:08:47.945000+00:00
2024/04/05, 19:09:47.945,35.882,-74.833,0.05,225.88,153.32,0.09,10.5,10.5,1007.0,1006.8,0.0,0.0,13.74,11.62,1,354,5.3,5.0,66.5,66.8,5.3,5.0,227.4,220.4,1009.1,1008.9,764.27,292.49,2212.93,32.3533,10.6164,264.4,31.4,1488.906, NAN, NAN, NAN, NAN,,2024/04/05 19:09:47.945,2024-04-05 19:09:47.945000+00:00
2024/04/05, 19:10:47.945,35.882,-74.833,0.03,225.87,73.4,0.17,10.5,10.5,1006.8,1006.8,0.0,0.0,13.74,11.62,359,351,5.3,4.9,65.2,65.5,5.3,4.9,225.8,217.9,1008.9,1008.9,761.49,292.58,2212.35,32.3589,10.6255,279.0,31.3,1488.945, NAN, NAN, NAN, NAN,,2024/04/05 19:10:47.945,2024-04-05 19:10:47.945000+00:00
2024/04/05, 19:11:47.946,35.882,-74.833,0.11,226.15,261.94,0.14,10.5,10.5,1006.9,1007.1,0.0,0.0,13.74,11.62,0,353,4.9,5.0,65.3,65.4,4.9,5.0,225.3,218.3,1009.0,1009.2,756.93,292.37,2211.93,32.3575,10.6296,264.4,31.4,1488.958, NAN, NAN, NAN, NAN,,2024/04/05 19:11:47.946,2024-04-05 19:11:47.946000+00:00
2024/04/05, 19:12:47.946,35.882,-74.833,0.12,226.35,140.03,0.45,10.5,10.5,1006.9,1006.8,0.0,0.0,13.74,11.62,5,359,5.3,5.0,65.8,65.5,5.3,5.0,233.8,228.0,1009.0,1008.9,756.06,292.62,2210.54,32.3595,10.6273,267.8,31.4,1488.952, NAN, NAN, NAN, NAN,,2024/04/05 19:12:47.946,2024-04-05 19:12:47.946000+00:00
2024/04/05, 19:13:47.946,35.882,-74.833,0.05,224.46,129.74,0.14,10.6,10.6,1006.8,1007.0,0.0,0.0,13.74,11.62,2,354,5.0,4.8,67.1,66.9,5.1,4.9,226.6,218.7,1008.9,1009.1,754.17,292.89,2208.77,32.3607,10.6244,268.6,31.2,1488.943, NAN, NAN, NAN, NAN,,2024/04/05 19:13:47.946,2024-04-05 19:13:47.946000+00:00
2024/04/05, 19:14:47.946,35.882,-74.833,0.05,226.06,272.29,0.48,10.6,10.6,1006.8,1006.9,0.0,0.0,13.74,11.62,3,357,5.7,5.6,66.5,66.4,5.7,5.6,231.5,225.6,1008.9,1009.0,752.47,292.68,2206.82,32.3591,10.6209,263.5,31.2,1488.929, NAN, NAN, NAN, NAN,,2024/04/05 19:14:47.946,2024-04-05 19:14:47.946000+00:00
2024/04/05, 19:15:47.946,35.882,-74.833,0.02,226.59,335.23,0.46,10.6,10.6,1006.9,1007.0,0.0,0.0,13.74,11.62,0,354,5.4,5.2,66.1,66.1,5.4,5.2,224.1,218.0,1009.0,1009.1,750.59,292.96,2206.33,32.36,10.6228,263.8,31.0,1488.936, NAN, NAN, NAN, NAN,,2024/04/05 19:15:47.946,2024-04-05 19:15:47.946000+00:00
2024/04/05, 19:16:47.946,35.882,-74.833,0.08,225.45,169.91,0.43,10.6,10.6,1007.0,1007.0,0.0,0.0,13.74,11.62,1,355,5.6,5.4,66.5,66.6,5.5,5.3,228.6,222.6,1009.1,1009.1,745.16,292.9,2206.25,32.3601,10.6356,260.8,31.2,1488.982, NAN, NAN, NAN, NAN,,2024/04/05 19:16:47.946,2024-04-05 19:16:47.946000+00:00
2024/04/05, 19:17:47.946,35.882,-74.833,0.02,226.07,114.45,0.08,10.6,10.6,1007.0,1006.9,0.0,0.0,13.74,11.62,358,352,5.1,5.0,66.6,66.5,5.1,5.0,224.4,218.5,1009.1,1009.0,742.73,293.16,2205.97,32.3613,10.6403,258.5,31.1,1489.0, NAN, NAN, NAN, NAN,,2024/04/05 19:17:47.946,2024-04-05 19:17:47.946000+00:00
2024/04/05, 19:18:47.946,35.882,-74.833,0.23,225.41,300.05,0.54,10.6,10.6,1006.8,1006.9,0.0,0.0,13.74,11.62,357,351,5.4,5.3,68.4,68.6,5.4,5.3,219.5,213.5,1008.9,1009.0,743.06,293.07,2203.86,32.3589,10.6436,246.0,31.4,1489.009, NAN, NAN, NAN, NAN,,2024/04/05 19:18:47.946,2024-04-05 19:18:47.946000+00:00
2024/04/05, 19:19:47.946,35.882,-74.833,0.05,226.01,79.3,0.21,10.6,10.6,1006.8,1006.9,0.0,0.0,13.74,11.62,355,350,5.5,5.4,66.5,66.5,5.5,5.4,222.1,217.1,1008.9,1009.0,739.25,292.85,2203.72,32.3618,10.6446,231.7,31.2,1489.016, NAN, NAN, NAN, NAN,,2024/04/05 19:19:47.946,2024-04-05 19:19:47.946000+00:00
2024/04/05, 19:20:47.946,35.882,-74.833,0.02,225.34,154.36,0.21,10.6,10.6,1007.1,1007.2,0.0,0.0,13.74,11.62,354,349,5.1,5.0,66.7,66.7,5.0,4.9,219.3,214.2,1009.2,1009.3,740.06,292.92,2202.23,32.3632,10.647,235.7,31.1,1489.026, NAN, NAN, NAN, NAN,,2024/04/05 19:20:47.946,2024-04-05 19:20:47.946000+00:00
2024/04/05, 19:21:47.946,35.882,-74.833,0.06,226.11,300.87,0.33,10.6,10.6,1006.8,1006.9,0.0,0.0,13.74,11.62,1,355,5.1,4.8,69.3,69.7,5.2,4.9,225.3,219.3,1008.9,1009.0,731.99,292.79,2202.34,32.3654,10.644,240.3,31.2,1489.018, NAN, NAN, NAN, NAN,,2024/04/05 19:21:47.946,2024-04-05 19:21:47.946000+00:00
2024/04/05, 19:22:47.946,35.882,-74.833,0.04,226.26,285.22,0.6,10.6,10.6,1006.8,1006.8,0.0,0.0,13.74,11.62,3,356,5.2,5.0,68.3,69.6,5.1,5.0,225.9,218.7,1008.9,1008.9,730.09,292.52,2201.51,32.3705,10.6374,254.7,31.2,1489.001, NAN, NAN, NAN, NAN,,2024/04/05 19:22:47.946,2024-04-05 19:22:47.946000+00:00
2024/04/05, 19:23:47.946,35.882,-74.833,0.06,226.62,309.95,0.39,10.6,10.6,1006.9,1006.8,0.0,0.0,13.74,11.62,1,358,5.5,5.4,66.4,66.7,5.4,5.3,225.6,222.6,1009.0,1008.9,726.71,292.66,2200.53,32.371,10.6467,247.3,31.4,1489.035, NAN, NAN, NAN, NAN,,2024/04/05 19:23:47.946,2024-04-05 19:23:47.946000+00:00
2024/04/05, 19:24:47.946,35.882,-74.833,0.04,225.61,319.82,0.18,10.6,10.6,1006.8,1006.9,0.0,0.0,13.74,11.62,2,357,5.2,4.9,67.6,67.5,5.2,4.9,226.6,221.6,1008.9,1009.0,728.9,292.51,2198.42,32.3721,10.6761,240.6,31.4,1489.141, NAN, NAN, NAN, NAN,,2024/04/05 19:24:47.946,2024-04-05 19:24:47.946000+00:00
2024/04/05, 19:25:47.946,35.882,-74.833,-0.04,225.91,327.25,0.32,10.6,10.6,1006.8,1006.9,0.0,0.0,13.74,11.62,1,355,5.0,4.7,68.5,68.7,5.0,4.8,225.1,219.1,1008.9,1009.0,722.57,293.01,2197.05,32.3723,10.7046,242.4,31.2,1489.242, NAN, NAN, NAN, NAN,,2024/04/05 19:25:47.946,2024-04-05 19:25:47.946000+00:00
2024/04/05, 19:26:47.947,35.882,-74.833,0.07,226.46,292.73,0.18,10.7,10.7,1006.9,1007.0,0.0,0.0,13.74,11.62,4,359,5.6,5.3,68.8,69.2,5.6,5.3,229.5,224.5,1009.0,1009.1,718.66,293.06,2196.67,32.3711,10.7236,242.8,31.2,1489.308, NAN, NAN, NAN, NAN,,2024/04/05 19:26:47.947,2024-04-05 19:26:47.947000+00:00
2024/04/05, 19:27:47.947,35.882,-74.833,0.02,225.02,137.87,0.23,10.7,10.7,1006.8,1006.9,0.0,0.0,13.74,11.62,1,355,5.0,4.9,68.4,68.7,5.0,4.9,227.3,221.4,1008.9,1009.0,718.17,293.21,2195.19,32.3761,10.7202,231.7,31.1,1489.302, NAN, NAN, NAN, NAN,,2024/04/05 19:27:47.947,2024-04-05 19:27:47.947000+00:00
2024/04/05, 19:28:47.947,35.882,-74.833,0.06,225.59,349.81,0.33,10.7,10.7,1006.8,1007.0,0.0,0.0,13.74,11.62,3,355,4.7,4.6,68.7,69.0,4.7,4.6,226.5,218.5,1008.9,1009.1,716.0,293.0,2193.66,32.3751,10.7132,227.2,31.0,1489.276, NAN, NAN, NAN, NAN,,2024/04/05 19:28:47.947,2024-04-05 19:28:47.947000+00:00
2024/04/05, 19:29:47.947,35.882,-74.833,-0.04,226.53,358.78,0.26,10.7,10.7,1007.0,1007.0,0.0,0.0,13.74,11.62,3,357,5.5,5.1,68.9,69.2,5.6,5.2,228.6,222.6,1009.1,1009.1,714.69,292.84,2195.11,32.3778,10.712,226.5,30.8,1489.275, NAN, NAN, NAN, NAN,,2024/04/05 19:29:47.947,2024-04-05 19:29:47.947000+00:00
2024/04/05, 19:30:47.947,35.882,-74.833,0.13,226.14,6.03,0.18,10.6,10.7,1006.9,1006.6,0.0,0.0,13.74,11.62,4,359,5.8,5.5,64.8,68.5,5.8,5.5,231.0,226.1,1009.0,1008.7,713.81,292.69,2193.15,32.3791,10.7183,241.2,31.2,1489.299, NAN, NAN, NAN, NAN,,2024/04/05 19:30:47.947,2024-04-05 19:30:47.947000+00:00
2024/04/05, 19:31:47.947,35.882,-74.833,0.0,225.14,289.09,0.8,10.7,10.6,1006.9,1006.9,0.0,0.0,13.74,11.62,9,1,5.0,4.8,65.0,65.8,4.9,4.7,229.6,221.3,1009.0,1009.0,709.47,292.98,2190.13,32.3853,10.734,265.6,31.1,1489.362, NAN, NAN, NAN, NAN,,2024/04/05 19:31:47.947,2024-04-05 19:31:47.947000+00:00
2024/04/05, 19:32:47.947,35.882,-74.833,0.02,226.45,305.7,0.38,10.7,10.7,1006.8,1006.9,0.0,0.0,13.74,11.62,6,0,5.0,4.6,65.3,65.4,5.0,4.6,230.2,224.0,1008.9,1009.0,702.71,293.04,2190.53,32.3906,10.7418,276.0,31.2,1489.396, NAN, NAN, NAN, NAN,,2024/04/05 19:32:47.947,2024-04-05 19:32:47.947000+00:00
2024/04/05, 19:33:47.947,35.882,-74.833,0.01,226.95,332.46,0.57,10.7,10.7,1006.9,1006.6,0.0,0.0,13.74,11.62,8,0,4.8,4.5,66.9,67.3,4.9,4.6,231.7,223.7,1009.0,1008.7,698.26,293.22,2188.97,32.3887,10.7473,248.6,31.0,1489.414, NAN, NAN, NAN, NAN,,2024/04/05 19:33:47.947,2024-04-05 19:33:47.947000+00:00
2024/04/05, 19:34:47.947,35.882,-74.833,0.11,225.58,293.78,0.19,10.7,10.7,1006.9,1006.9,0.0,0.0,13.74,11.62,7,0,5.4,5.2,65.5,66.2,5.4,5.2,231.6,224.5,1009.0,1009.0,700.89,292.95,2187.14,32.3862,10.739,243.6,31.0,1489.381, NAN, NAN, NAN, NAN,,2024/04/05 19:34:47.947,2024-04-05 19:34:47.947000+00:00
2024/04/05, 19:35:47.947,35.882,-74.833,0.06,225.88,331.28,0.34,10.7,10.7,1006.9,1006.9,0.0,0.0,13.74,11.62,5,0,5.0,4.9,65.5,66.2,5.0,4.9,228.9,223.8,1009.0,1009.0,701.32,292.96,2185.95,32.3877,10.7257,240.9,31.2,1489.336, NAN, NAN, NAN, NAN,,2024/04/05 19:35:47.947,2024-04-05 19:35:47.947000+00:00
2024/04/05, 19:36:47.947,35.882,-74.833,0.02,226.51,334.91,0.21,10.7,10.7,1006.9,1006.8,0.0,0.0,13.74,11.62,6,2,5.5,5.2,66.0,66.1,5.5,5.2,231.4,227.3,1009.0,1008.9,695.42,292.65,2186.14,32.3905,10.7075,247.6,31.1,1489.274, NAN, NAN, NAN, NAN,,2024/04/05 19:36:47.947,2024-04-05 19:36:47.947000+00:00
2024/04/05, 19:37:47.947,35.882,-74.833,0.12,224.81,127.02,0.6,10.7,10.7,1006.8,1006.8,0.0,0.0,13.74,11.62,6,358,5.5,5.0,65.6,65.8,5.6,5.1,233.8,226.3,1008.9,1008.9,692.07,292.73,2183.76,32.3914,10.7122,231.7,30.9,1489.292, NAN, NAN, NAN, NAN,,2024/04/05 19:37:47.947,2024-04-05 19:37:47.947000+00:00
2024/04/05, 19:38:47.947,35.882,-74.833,0.06,226.36,238.9,0.16,10.7,10.7,1006.6,1006.7,0.0,0.0,13.74,11.62,5,358,5.4,5.3,67.3,67.2,5.4,5.2,232.1,225.0,1008.7,1008.8,691.49,292.93,2183.24,32.388,10.7281,223.1,31.2,1489.345, NAN, NAN, NAN, NAN,,2024/04/05 19:38:47.947,2024-04-05 19:38:47.947000+00:00
2024/04/05, 19:39:47.947,35.882,-74.833,0.05,225.38,309.55,0.09,10.7,10.7,1006.8,1006.6,0.0,0.0,13.74,11.62,5,358,5.5,5.2,67.1,65.6,5.5,5.2,230.1,223.1,1008.9,1008.7,690.59,292.92,2181.9,32.3901,10.7336,242.1,31.2,1489.367, NAN, NAN, NAN, NAN,,2024/04/05 19:39:47.947,2024-04-05 19:39:47.947000+00:00
2024/04/05, 19:40:47.947,35.882,-74.833,0.04,226.41,146.5,0.52,10.7,10.7,1006.8,1006.7,0.0,0.0,13.74,11.62,3,357,5.3,4.9,66.3,66.2,5.3,4.9,232.3,226.5,1008.9,1008.8,680.26,292.99,2181.53,32.3951,10.7193,260.1,31.2,1489.322, NAN, NAN, NAN, NAN,,2024/04/05 19:40:47.947,2024-04-05 19:40:47.947000+00:00
2024/04/05, 19:41:47.947,35.882,-74.833,0.05,226.17,334.82,0.15,10.7,10.7,1006.9,1006.6,0.0,0.0,13.74,11.62,6,0,4.7,4.6,67.6,67.7,4.7,4.6,231.3,225.3,1009.0,1008.7,680.3,293.11,2177.97,32.3976,10.697,256.4,31.1,1489.246, NAN, NAN, NAN, NAN,,2024/04/05 19:41:47.947,2024-04-05 19:41:47.947000+00:00
2024/04/05, 19:42:47.948,35.882,-74.833,0.03,225.71,156.17,0.47,10.7,10.7,1006.9,1006.8,0.0,0.0,13.74,11.62,6,0,4.7,4.4,67.9,68.0,4.7,4.3,234.6,228.8,1009.0,1008.9,677.65,293.17,2176.77,32.3963,10.69,240.3,31.2,1489.219, NAN, NAN, NAN, NAN,,2024/04/05 19:42:47.948,2024-04-05 19:42:47.948000+00:00
2024/04/05, 19:43:47.948,35.882,-74.833,0.06,226.5,340.73,0.55,10.7,10.7,1006.7,1006.6,0.0,0.0,13.74,11.62,5,358,4.4,4.3,68.6,68.8,4.4,4.4,227.9,220.9,1008.8,1008.7,675.89,293.53,2175.22,32.3971,10.69,245.4,31.3,1489.22, NAN, NAN, NAN, NAN,,2024/04/05 19:43:47.948,2024-04-05 19:43:47.948000+00:00
2024/04/05, 19:44:47.948,35.882,-74.833,-0.01,225.96,151.91,0.54,10.7,10.7,1006.6,1006.7,0.0,0.0,13.74,11.62,5,358,5.4,5.2,68.7,68.8,5.3,5.1,233.6,226.6,1008.7,1008.8,672.26,292.87,2174.32,32.3984,10.689,245.7,31.5,1489.218, NAN, NAN, NAN, NAN,,2024/04/05 19:44:47.948,2024-04-05 19:44:47.948000+00:00
2024/04/05, 19:45:47.948,35.882,-74.833,-0.01,226.18,147.18,0.21,10.7,10.7,1006.6,1006.6,0.0,0.0,13.74,11.62,8,1,5.2,5.0,67.9,68.0,5.2,5.0,235.3,228.3,1008.7,1008.7,672.46,293.05,2173.39,32.3986,10.6945,243.0,31.5,1489.238, NAN, NAN, NAN, NAN,,2024/04/05 19:45:47.948,2024-04-05 19:45:47.948000+00:00
2024/04/05, 19:46:47.948,35.882,-74.833,-0.08,225.85,309.67,0.44,10.8,10.8,1006.7,1006.8,0.0,0.0,13.74,11.62,1,358,4.7,4.7,68.7,68.7,4.7,4.7,224.1,221.1,1008.8,1008.9,668.09,293.51,2173.2,32.3994,10.6962,242.1,31.6,1489.245, NAN, NAN, NAN, NAN,,2024/04/05 19:46:47.948,2024-04-05 19:46:47.948000+00:00
2024/04/05, 19:47:47.948,35.882,-74.833,0.01,225.9,189.46,0.17,10.8,10.8,1006.5,1006.6,0.0,0.0,13.74,11.62,5,358,4.9,4.5,69.2,69.4,4.9,4.5,230.0,222.9,1008.6,1008.7,667.38,293.01,2171.42,32.4012,10.7074,246.4,31.4,1489.287, NAN, NAN, NAN, NAN,,2024/04/05 19:47:47.948,2024-04-05 19:47:47.948000+00:00
2024/04/05, 19:48:47.948,35.882,-74.833,0.04,225.97,105.63,0.38,10.8,10.8,1006.5,1006.6,0.0,0.0,13.74,11.62,5,358,4.9,4.7,68.4,68.6,5.0,4.7,233.1,226.3,1008.6,1008.7,664.8,293.0,2168.94,32.4022,10.699,252.1,31.5,1489.258, NAN, NAN, NAN, NAN,,2024/04/05 19:48:47.948,2024-04-05 19:48:47.948000+00:00
2024/04/05, 19:49:47.948,35.882,-74.833,0.04,226.63,291.73,0.13,10.8,10.8,1006.6,1006.6,0.0,0.0,13.74,11.62,4,359,4.9,4.8,68.0,67.8,4.9,4.8,229.9,224.9,1008.7,1008.7,662.67,292.92,2166.56,32.4063,10.6847,259.2,31.4,1489.213, NAN, NAN, NAN, NAN,,2024/04/05 19:49:47.948,2024-04-05 19:49:47.948000+00:00
2024/04/05, 19:50:47.948,35.882,-74.833,0.01,222.58,136.4,0.3,10.8,10.8,1006.9,1006.4,0.0,0.0,13.74,11.62,8,359,4.8,4.6,69.0,68.9,4.9,4.7,232.1,223.3,1009.0,1008.5,659.51,293.11,2165.54,32.4078,10.6511,254.4,31.3,1489.095, NAN, NAN, NAN, NAN,,2024/04/05 19:50:47.948,2024-04-05 19:50:47.948000+00:00
2024/04/05, 19:51:47.948,35.882,-74.833,0.03,192.08,104.21,0.24,10.8,10.8,1006.6,1006.6,0.0,0.0,13.74,11.62,25,20,4.8,4.9,69.0,69.2,4.9,5.0,217.3,212.4,1008.7,1008.7,675.92,293.57,2143.27,32.4108,10.6324,265.9,31.7,1489.032, NAN, NAN, NAN, NAN,,2024/04/05 19:51:47.948,2024-04-05 19:51:47.948000+00:00
2024/04/05, 19:52:47.948,35.882,-74.833,-0.11,155.37,240.09,0.26,10.8,10.8,1006.7,1006.6,0.0,0.0,13.74,11.62,62,51,5.2,7.1,69.6,69.5,5.1,7.1,216.1,205.3,1008.8,1008.7,666.4,293.55,2099.23,32.4126,10.6215,256.1,31.5,1488.995, NAN, NAN, NAN, NAN,,2024/04/05 19:52:47.948,2024-04-05 19:52:47.948000+00:00
2024/04/05, 19:53:47.948,35.882,-74.833,0.11,112.58,170.32,0.16,10.8,10.8,1006.6,1006.5,0.0,0.0,13.74,11.62,108,102,5.9,5.5,69.5,69.5,5.8,5.4,220.3,214.2,1008.7,1008.6,688.39,292.99,2067.78,32.4117,10.6385,253.4,31.6,1489.055, NAN, NAN, NAN, NAN,,2024/04/05 19:53:47.948,2024-04-05 19:53:47.948000+00:00
2024/04/05, 19:54:47.948,35.882,-74.833,0.0,95.57,168.08,0.35,10.8,10.8,1006.5,1006.6,0.0,0.0,13.74,11.62,135,135,5.8,5.8,68.0,68.0,5.7,5.7,231.9,231.9,1008.6,1008.7,679.6,292.04,2060.01,32.4129,10.596,236.3,31.6,1488.905, NAN, NAN, NAN, NAN,,2024/04/05 19:54:47.948,2024-04-05 19:54:47.948000+00:00
2024/04/05, 19:55:47.948,35.882,-74.833,0.03,98.93,202.54,0.19,10.8,10.8,1006.5,1006.6,0.0,0.0,13.74,11.62,135,129,5.4,3.7,69.3,69.0,5.3,3.6,234.6,228.8,1008.6,1008.7,674.88,292.39,2058.69,32.4135,10.5273,220.9,31.6,1488.661, NAN, NAN, NAN, NAN,,2024/04/05 19:55:47.948,2024-04-05 19:55:47.948000+00:00
2024/04/05, 19:56:47.948,35.882,-74.833,0.04,77.33,181.32,0.42,10.8,10.8,1006.7,1006.6,0.0,0.0,13.74,11.62,148,148,4.6,4.3,69.2,69.3,4.4,4.1,227.2,227.3,1008.8,1008.7,691.94,292.3,2055.43,32.4142,10.4586,214.2,31.4,1488.416, NAN, NAN, NAN, NAN,,2024/04/05 19:56:47.948,2024-04-05 19:56:47.948000+00:00
2024/04/05, 19:57:47.949,35.882,-74.833,0.01,68.38,143.69,0.23,10.8,10.8,1006.6,1006.6,0.0,0.0,13.74,11.62,160,162,4.3,4.8,68.6,68.3,4.4,4.9,227.1,229.2,1008.7,1008.7,681.19,292.43,2056.53,32.4141,10.4293,210.2,31.6,1488.311, NAN, NAN, NAN, NAN,,2024/04/05 19:57:47.949,2024-04-05 19:57:47.949000+00:00
2024/04/05, 19:58:47.949,35.882,-74.833,-0.05,69.82,1.17,0.56,10.9,10.8,1006.6,1006.8,0.0,0.0,13.74,11.62,152,163,5.0,5.0,67.5,67.4,5.2,5.2,219.8,230.4,1008.7,1008.9,680.29,292.27,2055.4,32.4166,10.4199,225.8,31.6,1488.281, NAN, NAN, NAN, NAN,,2024/04/05 19:58:47.949,2024-04-05 19:58:47.949000+00:00
2024/04/05, 19:59:47.949,35.882,-74.833,-0.01,70.7,297.5,0.31,10.9,10.9,1006.6,1006.4,0.0,0.0,13.74,11.62,156,159,5.4,5.0,67.0,67.2,5.5,5.1,225.1,228.0,1008.7,1008.5,676.14,292.43,2051.71,32.4233,10.4205,262.8,31.7,1488.291, NAN, NAN, NAN, NAN,,2024/04/05 19:59:47.949,2024-04-05 19:59:47.949000+00:00
2024/04/05, 20:00:47.949,35.882,-74.833,-0.18,69.36,341.51,0.2,10.9,10.9,1006.8,1006.5,0.0,0.0,13.74,11.62,158,161,5.2,5.8,67.4,67.2,5.3,5.9,226.7,229.7,1008.9,1008.6,670.65,292.68,2050.19,32.4268,10.4317,258.8,31.6,1488.335, NAN, NAN, NAN, NAN,,2024/04/05 20:00:47.949,2024-04-05 20:00:47.949000+00:00
2024/04/05, 20:01:47.949,35.882,-74.833,-0.16,70.24,229.45,0.42,10.9,10.9,1006.6,1006.7,0.0,0.0,13.74,11.62,154,166,4.6,5.5,66.6,66.7,4.4,5.4,226.1,238.1,1008.7,1008.8,666.78,292.33,2047.53,32.4286,10.4194,274.5,31.5,1488.294, NAN, NAN, NAN, NAN,,2024/04/05 20:01:47.949,2024-04-05 20:01:47.949000+00:00
2024/04/05, 20:02:47.949,35.882,-74.833,0.85,54.46,91.58,1.39,10.9,10.9,1006.6,1006.6,0.0,0.0,13.74,11.62,174,178,3.5,4.0,68.7,68.8,4.1,4.6,234.0,236.9,1008.7,1008.7,671.72,293.31,2051.61,32.4321,10.4026,296.4,31.7,1488.238, NAN, NAN, NAN, NAN,,2024/04/05 20:02:47.949,2024-04-05 20:02:47.949000+00:00
2024/04/05, 20:03:47.949,35.883,-74.832,1.5,44.74,38.78,3.16,11.0,10.9,1006.8,1006.8,0.0,0.0,13.74,11.62,190,197,1.5,1.6,68.5,68.5,3.1,3.2,230.9,234.5,1008.9,1008.9,634.62,294.81,2035.34,32.4365,10.399,308.3,31.6,1488.23, NAN, NAN, NAN, NAN,,2024/04/05 20:03:47.949,2024-04-05 20:03:47.949000+00:00
2024/04/05, 20:04:47.949,35.883,-74.832,3.08,41.71,38.68,4.01,11.1,11.0,1006.8,1006.6,0.0,0.0,13.74,11.62,200,243,2.9,2.2,67.9,68.3,4.9,3.6,233.5,254.5,1008.9,1008.7,635.91,294.45,2043.32,32.4389,10.4303,314.7,32.3,1488.345, NAN, NAN, NAN, NAN,,2024/04/05 20:04:47.949,2024-04-05 20:04:47.949000+00:00
2024/04/05, 20:05:47.949,35.884,-74.831,3.76,36.56,35.68,3.65,11.1,11.1,1006.6,1006.6,0.0,0.0,13.74,11.62,205,214,2.7,2.1,67.8,68.0,4.5,3.9,233.6,237.2,1008.7,1008.7,647.93,293.64,2056.14,32.4388,10.4669,287.6,32.5,1488.476, NAN, NAN, NAN, NAN,,2024/04/05 20:05:47.949,2024-04-05 20:05:47.949000+00:00
2024/04/05, 20:06:47.949,35.885,-74.83,3.34,29.17,36.19,3.25,11.1,11.1,1006.5,1006.6,0.0,0.0,13.74,11.62,215,230,3.4,1.5,68.2,68.5,4.9,2.9,234.5,235.6,1008.6,1008.7,648.43,293.25,2060.99,32.4397,10.4724,300.4,31.7,1488.496, NAN, NAN, NAN, NAN,,2024/04/05 20:06:47.949,2024-04-05 20:06:47.949000+00:00
2024/04/05, 20:07:47.949,35.886,-74.829,3.02,18.38,24.57,2.82,11.0,11.1,1006.6,1006.6,0.0,0.0,13.74,11.62,221,225,3.7,2.5,68.9,69.1,4.9,3.7,228.2,227.2,1008.7,1008.7,635.99,293.08,2066.09,32.435,10.4697,284.6,31.7,1488.481, NAN, NAN, NAN, NAN,,2024/04/05 20:07:47.949,2024-04-05 20:07:47.949000+00:00
2024/04/05, 20:08:47.949,35.886,-74.829,2.78,10.02,17.93,2.87,11.0,11.0,1006.6,1006.6,0.0,0.0,13.74,11.62,234,263,2.8,1.9,67.4,67.6,3.9,2.7,227.8,240.1,1008.7,1008.7,635.49,293.16,2072.34,32.4245,10.4744,262.5,31.7,1488.485, NAN, NAN, NAN, NAN,,2024/04/05 20:08:47.949,2024-04-05 20:08:47.949000+00:00
2024/04/05, 20:09:47.949,35.887,-74.829,1.18,10.86,13.97,3.82,11.0,11.0,1006.6,1006.8,0.0,0.0,13.74,11.62,240,255,4.1,3.6,69.6,69.8,5.4,4.5,232.4,241.1,1008.7,1008.9,633.59,292.67,2070.56,32.4115,10.487,253.1,31.7,1488.514, NAN, NAN, NAN, NAN,,2024/04/05 20:09:47.949,2024-04-05 20:09:47.949000+00:00
2024/04/05, 20:10:47.949,35.888,-74.828,2.56,10.29,16.62,4.53,11.0,11.0,1006.8,1006.6,0.0,0.0,13.74,11.62,239,252,3.9,3.1,69.6,67.5,5.6,4.6,230.4,235.1,1008.9,1008.7,626.37,292.47,2067.56,32.3969,10.5029,249.7,31.7,1488.554, NAN, NAN, NAN, NAN,,2024/04/05 20:10:47.949,2024-04-05 20:10:47.949000+00:00
2024/04/05, 20:11:47.949,35.89,-74.828,3.47,10.18,7.97,4.75,10.9,11.0,1006.7,1006.6,0.0,0.0,13.74,11.62,247,273,3.5,3.4,69.3,69.3,5.0,4.1,230.6,246.7,1008.8,1008.7,628.27,292.68,2066.99,32.3854,10.5198,246.4,31.7,1488.6, NAN, NAN, NAN, NAN,,2024/04/05 20:11:47.949,2024-04-05 20:11:47.949000+00:00
2024/04/05, 20:12:47.950,35.891,-74.828,4.61,11.59,10.41,4.7,10.9,11.0,1006.8,1006.8,0.0,0.0,13.74,11.62,252,260,3.9,3.5,69.4,69.1,5.0,4.4,235.7,238.7,1008.9,1008.9,623.06,292.65,2061.96,32.3668,10.5401,242.4,31.6,1488.65, NAN, NAN, NAN, NAN,,2024/04/05 20:12:47.950,2024-04-05 20:12:47.950000+00:00
2024/04/05, 20:13:47.950,35.892,-74.827,4.37,10.9,12.15,4.49,10.9,11.0,1006.6,1006.6,0.0,0.0,13.74,11.62,250,280,2.9,3.2,69.6,69.6,4.4,3.8,232.5,253.4,1008.7,1008.7,614.36,292.62,2062.99,32.3532,10.5492,239.1,31.6,1488.666, NAN, NAN, NAN, NAN,,2024/04/05 20:13:47.950,2024-04-05 20:13:47.950000+00:00
2024/04/05, 20:14:47.950,35.893,-74.827,3.96,2.05,12.41,3.82,10.9,11.0,1006.8,1006.5,0.0,0.0,13.74,11.62,255,272,3.9,4.0,70.6,70.5,5.1,4.7,236.6,249.7,1008.9,1008.6,615.69,292.64,2065.45,32.3368,10.5527,236.3,31.8,1488.659, NAN, NAN, NAN, NAN,,2024/04/05 20:14:47.950,2024-04-05 20:14:47.950000+00:00
2024/04/05, 20:15:47.950,35.894,-74.827,3.18,356.18,5.91,3.02,10.9,11.0,1006.8,1006.6,0.0,0.0,13.74,11.62,253,265,4.3,4.3,69.8,69.8,5.1,4.8,232.9,242.8,1008.9,1008.7,627.2,292.57,2071.22,32.3249,10.5604,233.9,31.7,1488.672, NAN, NAN, NAN, NAN,,2024/04/05 20:15:47.950,2024-04-05 20:15:47.950000+00:00
2024/04/05, 20:16:47.950,35.895,-74.827,1.99,55.51,8.78,2.37,10.9,11.0,1006.5,1006.5,0.0,0.0,13.74,11.62,189,209,2.9,2.9,70.4,70.1,3.9,3.7,233.3,248.1,1008.6,1008.6,612.12,293.59,2008.99,32.3149,10.57,235.1,31.8,1488.694, NAN, NAN, NAN, NAN,,2024/04/05 20:16:47.950,2024-04-05 20:16:47.950000+00:00
2024/04/05, 20:17:47.950,35.895,-74.826,0.68,104.3,46.04,1.34,10.9,11.0,1006.6,1006.7,0.0,0.0,13.74,11.62,127,116,4.3,2.9,71.3,71.4,5.0,3.6,232.2,223.7,1008.7,1008.8,606.2,293.7,2009.53,32.3065,10.5888,234.2,31.4,1488.751, NAN, NAN, NAN, NAN,,2024/04/05 20:17:47.950,2024-04-05 20:17:47.950000+00:00
2024/04/05, 20:18:47.950,35.895,-74.826,0.64,140.37,143.52,0.86,10.9,11.0,1006.5,1006.6,0.0,0.0,13.74,11.62,92,90,4.2,4.5,70.2,70.2,4.4,4.7,237.7,235.4,1008.6,1008.7,595.13,294.65,2022.43,32.2989,10.6202,231.7,31.6,1488.853, NAN, NAN, NAN, NAN,,2024/04/05 20:18:47.950,2024-04-05 20:18:47.950000+00:00
2024/04/05, 20:19:47.950,35.895,-74.826,2.09,148.72,129.61,2.0,10.9,10.9,1006.5,1006.6,0.0,0.0,13.74,11.62,70,61,4.9,6.3,69.1,69.1,4.9,6.1,230.7,219.1,1008.6,1008.7,591.62,294.27,2027.05,32.2994,10.6465,244.6,31.7,1488.947, NAN, NAN, NAN, NAN,,2024/04/05 20:19:47.950,2024-04-05 20:19:47.950000+00:00
2024/04/05, 20:20:47.950,35.894,-74.825,2.13,172.65,155.74,1.92,10.9,10.9,1006.6,1006.5,0.0,0.0,13.74,11.62,62,52,5.7,7.5,69.7,69.7,5.5,7.1,244.5,231.7,1008.7,1008.6,595.65,293.69,2040.2,32.3059,10.6705,259.2,31.7,1489.041, NAN, NAN, NAN, NAN,,2024/04/05 20:20:47.950,2024-04-05 20:20:47.950000+00:00
2024/04/05, 20:21:47.950,35.894,-74.825,0.74,212.18,146.11,0.92,10.9,10.9,1006.6,1006.6,0.0,0.0,13.74,11.62,19,14,4.9,4.7,70.5,70.6,4.8,4.5,236.5,231.6,1008.7,1008.7,572.63,293.93,2086.8,32.3019,10.692,243.6,31.8,1489.112, NAN, NAN, NAN, NAN,,2024/04/05 20:21:47.950,2024-04-05 20:21:47.950000+00:00
2024/04/05, 20:22:47.950,35.894,-74.825,0.3,229.91,144.74,0.13,10.9,10.9,1006.4,1006.5,0.0,0.0,13.74,11.62,359,353,4.5,4.4,70.5,70.8,4.4,4.3,229.4,223.3,1008.5,1008.6,559.91,293.82,2099.84,32.2928,10.7022,246.7,31.9,1489.138, NAN, NAN, NAN, NAN,,2024/04/05 20:22:47.950,2024-04-05 20:22:47.950000+00:00
2024/04/05, 20:23:47.950,35.894,-74.825,-0.27,235.14,236.78,0.79,10.9,10.9,1006.5,1006.5,0.0,0.0,13.74,11.62,346,339,3.8,3.6,70.7,70.8,3.5,3.3,217.1,209.2,1008.6,1008.6,537.79,293.7,2102.64,32.2792,10.7175,236.3,31.8,1489.176, NAN, NAN, NAN, NAN,,2024/04/05 20:23:47.950,2024-04-05 20:23:47.950000+00:00
2024/04/05, 20:24:47.950,35.894,-74.826,0.92,231.92,193.98,0.95,10.9,10.9,1006.6,1006.5,0.0,0.0,13.74,11.62,352,349,4.6,4.4,71.0,70.7,4.1,3.9,225.7,222.4,1008.7,1008.6,536.16,293.37,2098.53,32.2646,10.7048,231.2,31.7,1489.113, NAN, NAN, NAN, NAN,,2024/04/05 20:24:47.950,2024-04-05 20:24:47.950000+00:00
2024/04/05, 20:25:47.950,35.894,-74.826,-0.3,232.68,334.05,0.29,10.9,10.9,1006.3,1006.5,0.0,0.0,13.74,11.62,351,345,4.1,3.8,70.8,70.9,4.2,3.9,221.8,215.8,1008.4,1008.6,530.82,293.7,2098.87,32.251,10.6921,238.1,31.9,1489.051, NAN, NAN, NAN, NAN,,2024/04/05 20:25:47.950,2024-04-05 20:25:47.950000+00:00
2024/04/05, 20:26:47.950,35.894,-74.826,-1.25,232.96,262.37,0.46,10.9,10.9,1006.5,1006.5,0.0,0.0,13.74,11.62,348,342,4.2,4.3,71.5,71.6,4.1,4.2,218.2,212.1,1008.6,1008.6,529.45,293.98,2096.56,32.244,10.6492,245.4,31.9,1488.89, NAN, NAN, NAN, NAN,,2024/04/05 20:26:47.950,2024-04-05 20:26:47.950000+00:00
2024/04/05, 20:27:47.950,35.894,-74.826,0.8,232.75,249.65,2.79,10.9,10.9,1006.8,1006.5,0.0,0.0,13.74,11.62,356,350,5.8,5.6,71.6,71.4,4.5,4.4,221.4,213.5,1008.9,1008.6,526.45,293.44,2092.93,32.2439,10.6319,248.0,31.6,1488.828, NAN, NAN, NAN, NAN,,2024/04/05 20:27:47.950,2024-04-05 20:27:47.950000+00:00
2024/04/05, 20:28:47.951,35.893,-74.827,2.99,223.75,240.78,3.15,10.9,10.9,1006.5,1006.3,0.0,0.0,13.74,11.62,352,346,6.4,6.2,71.4,71.6,5.0,4.9,207.9,200.0,1008.6,1008.4,533.7,293.09,2087.67,32.2567,10.6128,271.2,31.7,1488.776, NAN, NAN, NAN, NAN,,2024/04/05 20:28:47.951,2024-04-05 20:28:47.951000+00:00
2024/04/05, 20:29:47.951,35.892,-74.828,4.46,206.17,215.28,4.19,10.9,10.9,1006.5,1006.6,0.0,0.0,13.74,11.62,17,10,7.6,7.2,71.0,71.1,5.5,5.1,227.3,217.6,1008.6,1008.7,552.41,292.84,2064.09,32.2709,10.5941,280.0,31.4,1488.726, NAN, NAN, NAN, NAN,,2024/04/05 20:29:47.951,2024-04-05 20:29:47.951000+00:00
2024/04/05, 20:30:47.951,35.892,-74.828,3.09,201.58,201.78,3.59,10.9,10.9,1006.5,1006.5,0.0,0.0,13.74,11.62,17,12,6.8,6.4,71.0,71.1,5.1,4.6,225.6,219.4,1008.6,1008.6,550.26,293.17,2058.89,32.288,10.6007,305.6,31.9,1488.771, NAN, NAN, NAN, NAN,,2024/04/05 20:30:47.951,2024-04-05 20:30:47.951000+00:00
2024/04/05, 20:31:47.951,35.89,-74.829,6.25,184.62,187.53,6.66,10.9,10.9,1006.4,1006.5,0.0,0.0,13.74,11.62,26,19,8.5,8.1,70.6,70.6,5.5,4.9,223.8,213.6,1008.5,1008.6,560.32,293.2,2044.93,32.301,10.595,298.2,31.7,1488.766, NAN, NAN, NAN, NAN,,2024/04/05 20:31:47.951,2024-04-05 20:31:47.951000+00:00
2024/04/05, 20:32:47.951,35.888,-74.829,8.52,179.51,181.03,8.89,10.9,10.9,1006.4,1006.4,0.0,0.0,13.74,11.62,29,23,9.9,9.5,68.7,71.0,6.2,5.5,228.4,220.2,1008.5,1008.5,540.59,293.04,2030.69,32.3006,10.5738,265.6,31.7,1488.69, NAN, NAN, NAN, NAN,,2024/04/05 20:32:47.951,2024-04-05 20:32:47.951000+00:00
2024/04/05, 20:33:47.951,35.886,-74.829,9.53,179.39,179.68,9.5,11.0,11.0,1006.3,1006.5,0.0,0.0,13.74,11.62,31,25,9.7,9.5,69.5,69.6,6.1,5.5,234.9,226.6,1008.4,1008.6,541.56,293.09,2023.25,32.3032,10.5473,252.0,31.9,1488.599, NAN, NAN, NAN, NAN,,2024/04/05 20:33:47.951,2024-04-05 20:33:47.951000+00:00
2024/04/05, 20:34:47.951,35.883,-74.829,9.55,189.59,190.86,9.53,11.0,11.0,1006.4,1006.2,0.0,0.0,13.74,11.62,27,22,10.7,10.1,68.6,69.0,6.7,5.9,236.0,229.9,1008.5,1008.3,546.35,293.2,2029.28,32.3097,10.5189,248.0,31.7,1488.505, NAN, NAN, NAN, NAN,,2024/04/05 20:34:47.951,2024-04-05 20:34:47.951000+00:00
2024/04/05, 20:35:47.951,35.88,-74.83,9.98,191.68,194.34,10.0,11.0,11.0,1006.6,1006.4,0.0,0.0,13.74,11.62,26,21,10.8,10.2,69.1,69.3,6.5,5.7,237.3,230.9,1008.7,1008.5,536.54,293.29,2029.83,32.3253,10.5183,242.1,31.9,1488.522, NAN, NAN, NAN, NAN,,2024/04/05 20:35:47.951,2024-04-05 20:35:47.951000+00:00
2024/04/05, 20:36:47.951,35.878,-74.831,10.0,189.35,190.65,9.98,11.0,11.0,1006.0,1006.6,0.0,0.0,13.74,11.62,28,23,12.0,11.2,67.6,67.6,7.8,6.7,234.7,228.9,1008.1,1008.7,541.36,294.01,2027.06,32.3392,10.4818,244.6,31.9,1488.408, NAN, NAN, NAN, NAN,,2024/04/05 20:36:47.951,2024-04-05 20:36:47.951000+00:00
2024/04/05, 20:37:47.951,35.875,-74.831,9.88,189.64,189.15,10.02,11.1,11.1,1006.5,1006.2,0.0,0.0,13.74,11.62,28,24,11.1,10.6,66.5,66.3,7.1,6.3,238.5,233.9,1008.6,1008.3,529.45,293.96,2021.98,32.3544,10.4506,248.3,31.6,1488.315, NAN, NAN, NAN, NAN,,2024/04/05 20:37:47.951,2024-04-05 20:37:47.951000+00:00
2024/04/05, 20:38:47.951,35.872,-74.832,10.08,189.45,186.76,10.08,11.1,11.2,1006.4,1006.5,0.0,0.0,13.74,11.62,28,23,11.7,11.2,66.5,66.5,7.6,6.8,236.9,230.7,1008.5,1008.6,531.3,294.2,2016.89,32.3774,10.4265,248.8,31.9,1488.257, NAN, NAN, NAN, NAN,,2024/04/05 20:38:47.951,2024-04-05 20:38:47.951000+00:00
2024/04/05, 20:39:47.951,35.869,-74.832,10.11,189.81,190.62,10.27,11.2,11.2,1006.2,1006.4,0.0,0.0,13.74,11.62,27,22,12.2,11.7,64.7,64.8,7.8,7.1,234.3,227.7,1008.3,1008.5,519.34,294.4,2010.99,32.3783,10.4149,250.4,31.9,1488.217, NAN, NAN, NAN, NAN,,2024/04/05 20:39:47.951,2024-04-05 20:39:47.951000+00:00
2024/04/05, 20:40:47.951,35.867,-74.833,10.05,189.96,192.04,9.96,11.3,11.3,1006.4,1006.3,0.0,0.0,13.74,11.62,27,22,11.8,11.2,64.2,64.2,7.5,6.7,234.1,227.6,1008.5,1008.4,518.31,294.47,2010.02,32.3915,10.392,250.4,31.7,1488.151, NAN, NAN, NAN, NAN,,2024/04/05 20:40:47.951,2024-04-05 20:40:47.951000+00:00
2024/04/05, 20:41:47.951,35.864,-74.834,10.07,189.34,190.69,10.16,11.3,11.3,1006.5,1006.4,0.0,0.0,13.74,11.62,28,24,11.5,11.2,65.4,65.5,7.2,6.7,236.4,230.9,1008.6,1008.5,514.26,294.68,2006.98,32.395,10.3724,257.1,31.9,1488.085, NAN, NAN, NAN, NAN,,2024/04/05 20:41:47.951,2024-04-05 20:41:47.951000+00:00
2024/04/05, 20:42:47.951,35.861,-74.834,10.12,189.26,189.97,10.33,11.3,11.3,1006.5,1006.5,0.0,0.0,13.74,11.62,27,21,11.7,11.1,65.4,65.5,7.3,6.4,234.6,226.5,1008.6,1008.6,513.56,294.58,2002.52,32.3965,10.3576,259.2,32.0,1488.033, NAN, NAN, NAN, NAN,,2024/04/05 20:42:47.951,2024-04-05 20:42:47.951000+00:00
2024/04/05, 20:43:47.952,35.858,-74.835,10.3,189.8,191.25,10.16,11.3,11.3,1006.5,1006.3,0.0,0.0,13.74,11.62,27,22,11.6,11.1,66.5,65.6,7.3,6.5,235.3,228.8,1008.6,1008.4,512.09,294.66,2002.07,32.394,10.374,261.1,31.8,1488.089, NAN, NAN, NAN, NAN,,2024/04/05 20:43:47.952,2024-04-05 20:43:47.952000+00:00
2024/04/05, 20:44:47.952,35.855,-74.835,10.38,190.4,188.66,10.12,11.3,11.3,1006.3,1006.6,0.0,0.0,13.74,11.62,25,21,11.2,10.8,67.1,67.1,6.9,6.3,234.7,229.5,1008.4,1008.7,506.7,294.66,1997.9,32.381,10.4138,256.4,32.0,1488.216, NAN, NAN, NAN, NAN,,2024/04/05 20:44:47.952,2024-04-05 20:44:47.952000+00:00
2024/04/05, 20:45:47.952,35.853,-74.836,10.36,190.11,191.1,10.15,11.3,11.3,1006.3,1006.6,0.0,0.0,13.74,11.62,26,21,11.1,10.8,68.0,67.2,6.8,6.2,235.6,228.5,1008.4,1008.7,501.92,294.95,1988.59,32.3666,10.459,257.7,32.1,1488.36, NAN, NAN, NAN, NAN,,2024/04/05 20:45:47.952,2024-04-05 20:45:47.952000+00:00
2024/04/05, 20:46:47.952,35.85,-74.837,10.29,190.04,190.07,9.8,11.3,11.3,1006.6,1006.5,0.0,0.0,13.74,11.62,26,22,10.8,10.3,67.7,67.8,6.7,6.0,235.7,230.9,1008.7,1008.6,500.14,295.15,1988.28,32.3607,10.4857,254.4,31.9,1488.448, NAN, NAN, NAN, NAN,,2024/04/05 20:46:47.952,2024-04-05 20:46:47.952000+00:00
2024/04/05, 20:47:47.952,35.847,-74.837,7.38,186.19,185.66,7.25,11.3,11.3,1006.5,1006.5,0.0,0.0,13.74,11.62,29,24,9.4,9.0,68.4,68.8,6.3,5.7,231.0,224.7,1008.6,1008.6,490.83,295.02,1982.74,32.3491,10.5452,254.7,31.8,1488.647, NAN, NAN, NAN, NAN,,2024/04/05 20:47:47.952,2024-04-05 20:47:47.952000+00:00
2024/04/05, 20:48:47.952,35.846,-74.837,5.1,119.34,122.19,4.37,11.3,11.3,1006.6,1006.5,0.0,0.0,13.74,11.62,73,62,5.9,7.5,67.9,67.6,5.3,6.4,214.7,197.6,1008.7,1008.6,516.26,295.56,1932.23,32.3201,10.6413,252.0,32.0,1488.954, NAN, NAN, NAN, NAN,,2024/04/05 20:48:47.952,2024-04-05 20:48:47.952000+00:00
2024/04/05, 20:49:47.952,35.846,-74.835,4.02,56.03,64.34,3.32,11.3,11.3,1006.6,1006.6,0.0,0.0,13.74,11.62,150,143,3.1,3.0,69.1,69.2,4.5,4.3,220.8,216.5,1008.7,1008.7,507.68,294.27,1922.73,32.2825,10.7337,248.6,31.7,1489.237, NAN, NAN, NAN, NAN,,2024/04/05 20:49:47.952,2024-04-05 20:49:47.952000+00:00
2024/04/05, 20:50:47.952,35.846,-74.835,3.55,11.03,30.83,3.42,11.3,11.3,1006.8,1006.6,0.0,0.0,13.74,11.62,225,226,4.3,3.4,69.4,69.3,5.9,5.0,227.4,226.5,1008.9,1008.7,492.77,294.13,1958.63,32.2434,10.7606,245.7,31.7,1489.285, NAN, NAN, NAN, NAN,,2024/04/05 20:50:47.952,2024-04-05 20:50:47.952000+00:00
2024/04/05, 20:51:47.952,35.847,-74.834,4.06,356.17,2.61,4.02,11.3,11.4,1006.8,1006.8,0.0,0.0,13.74,11.62,251,268,5.3,4.7,68.4,68.4,6.4,5.3,229.7,241.4,1008.9,1008.9,493.47,294.11,1972.04,32.205,10.7772,237.6,31.8,1489.298, NAN, NAN, NAN, NAN,,2024/04/05 20:51:47.952,2024-04-05 20:51:47.952000+00:00
2024/04/05, 20:52:47.952,35.849,-74.834,4.9,354.04,354.01,4.97,11.3,11.4,1006.9,1006.8,0.0,0.0,13.74,11.62,258,271,5.0,5.1,67.6,67.8,6.1,5.7,227.6,238.2,1009.0,1008.9,490.06,294.44,2013.31,32.1732,10.7801,232.7,31.8,1489.27, NAN, NAN, NAN, NAN,,2024/04/05 20:52:47.952,2024-04-05 20:52:47.952000+00:00
2024/04/05, 20:53:47.952,35.85,-74.835,5.66,355.64,354.49,5.63,11.3,11.4,1006.8,1006.8,0.0,0.0,13.74,11.62,265,278,4.6,5.1,67.3,67.5,5.7,5.5,230.2,242.5,1008.9,1008.9,492.09,294.51,1986.12,32.1491,10.7351,236.9,30.5,1489.081, NAN, NAN, NAN, NAN,,2024/04/05 20:53:47.952,2024-04-05 20:53:47.952000+00:00
2024/04/05, 20:54:47.952,35.852,-74.835,5.92,354.91,356.38,5.94,11.3,11.4,1006.9,1006.8,0.0,0.0,13.74,11.62,262,275,4.4,5.0,67.6,67.7,5.7,5.6,224.9,237.2,1009.0,1008.9,487.27,294.46,1990.22,32.1339,10.6607,236.0,30.1,1488.798, NAN, NAN, NAN, NAN,,2024/04/05 20:54:47.952,2024-04-05 20:54:47.952000+00:00
2024/04/05, 20:55:47.952,35.853,-74.835,6.22,355.51,355.19,6.11,11.3,11.4,1006.8,1006.8,0.0,0.0,13.74,11.62,268,278,4.7,5.3,68.3,67.7,5.8,5.9,230.9,241.3,1008.9,1008.9,481.57,294.53,1997.11,32.1301,10.5885,235.7,30.1,1488.536, NAN, NAN, NAN, NAN,,2024/04/05 20:55:47.952,2024-04-05 20:55:47.952000+00:00
2024/04/05, 20:56:47.952,35.855,-74.835,6.26,355.28,354.15,6.18,11.3,11.4,1006.8,1006.8,0.0,0.0,13.74,11.62,267,281,4.5,4.8,69.3,69.2,5.6,5.2,228.1,239.7,1008.9,1008.9,481.67,294.54,1990.69,32.1372,10.5246,237.6,30.1,1488.317, NAN, NAN, NAN, NAN,,2024/04/05 20:56:47.952,2024-04-05 20:56:47.952000+00:00
2024/04/05, 20:57:47.952,35.857,-74.835,6.17,356.15,358.14,6.07,11.3,11.3,1006.8,1006.6,0.0,0.0,13.74,11.62,259,283,3.7,4.8,68.5,68.5,5.3,5.1,219.9,242.7,1008.9,1008.7,468.71,294.78,1970.47,32.1518,10.4823,238.4,30.1,1488.183, NAN, NAN, NAN, NAN,,2024/04/05 20:57:47.952,2024-04-05 20:57:47.952000+00:00
2024/04/05, 20:58:47.953,35.859,-74.835,5.94,359.54,357.74,5.74,11.3,11.3,1006.8,1006.8,0.0,0.0,13.74,11.62,259,270,4.6,4.8,69.8,69.7,5.8,5.5,228.6,237.4,1008.9,1008.9,479.73,294.37,1956.12,32.1705,10.446,243.0,30.1,1488.076, NAN, NAN, NAN, NAN,,2024/04/05 20:58:47.953,2024-04-05 20:58:47.953000+00:00
2024/04/05, 20:59:47.953,35.86,-74.835,5.84,0.66,5.37,5.81,11.3,11.3,1006.9,1006.8,0.0,0.0,13.74,11.62,258,271,4.8,4.8,69.6,69.6,6.3,5.7,231.2,240.2,1009.0,1008.9,473.27,294.49,1962.04,32.2001,10.4209,248.8,30.0,1488.022, NAN, NAN, NAN, NAN,,2024/04/05 20:59:47.953,2024-04-05 20:59:47.953000+00:00
2024/04/05, 21:00:47.953,35.862,-74.835,5.8,0.53,357.42,5.68,11.3,11.3,1006.8,1006.7,0.0,0.0,13.74,11.62,258,269,4.7,4.8,70.3,70.3,6.0,5.6,230.1,238.4,1008.9,1008.8,420.5,294.08,1756.28,32.2364,10.3866,254.0,30.0,1487.943, NAN, NAN, NAN, NAN,,2024/04/05 21:00:47.953,2024-04-05 21:00:47.953000+00:00
2024/04/05, 21:01:47.953,35.863,-74.835,5.77,1.51,355.8,5.84,11.3,11.3,1006.9,1006.6,0.0,0.0,13.74,11.62,260,268,4.3,4.4,70.3,70.2,5.5,5.3,229.0,235.0,1009.0,1008.7,354.68,293.74,1509.83,32.2743,10.3482,261.9,30.0,1487.852, NAN, NAN, NAN, NAN,,2024/04/05 21:01:47.953,2024-04-05 21:01:47.953000+00:00
2024/04/05, 21:02:47.953,35.865,-74.835,7.98,11.05,15.66,8.15,11.2,11.3,1006.8,1006.8,0.0,0.0,13.74,11.62,263,281,3.7,4.6,70.8,71.0,6.1,5.9,232.0,246.9,1008.9,1008.9,409.08,294.42,1734.19,32.3042,10.3451,265.9,29.9,1487.877, NAN, NAN, NAN, NAN,,2024/04/05 21:02:47.953,2024-04-05 21:02:47.953000+00:00
2024/04/05, 21:03:47.953,35.868,-74.834,9.48,13.82,12.51,9.42,11.2,11.3,1006.9,1006.8,0.0,0.0,13.74,11.62,268,284,3.2,4.7,70.5,70.5,5.8,5.7,225.2,243.6,1009.0,1008.9,468.01,295.08,1945.29,32.3282,10.3371,267.5,29.7,1487.877, NAN, NAN, NAN, NAN,,2024/04/05 21:03:47.953,2024-04-05 21:03:47.953000+00:00
2024/04/05, 21:04:47.953,35.87,-74.833,10.32,12.72,13.57,10.24,11.2,11.3,1006.8,1006.8,0.0,0.0,13.74,11.62,278,297,3.9,5.3,70.8,70.8,6.2,5.6,232.8,252.1,1008.9,1008.9,458.43,295.69,1932.04,32.3328,10.3362,269.2,30.1,1487.879, NAN, NAN, NAN, NAN,,2024/04/05 21:04:47.953,2024-04-05 21:04:47.953000+00:00
2024/04/05, 21:05:47.953,35.873,-74.832,10.63,13.28,12.31,10.43,11.2,11.3,1006.8,1006.8,0.0,0.0,13.74,11.62,279,301,3.7,5.0,69.1,69.1,6.0,5.2,231.0,250.6,1008.9,1008.9,453.66,295.46,1923.59,32.3453,10.3557,271.2,30.1,1487.965, NAN, NAN, NAN, NAN,,2024/04/05 21:05:47.953,2024-04-05 21:05:47.953000+00:00
2024/04/05, 21:06:47.953,35.876,-74.831,10.73,12.76,14.39,10.49,11.3,11.3,1006.8,1006.9,0.0,0.0,13.74,11.62,274,298,3.5,5.1,70.1,70.0,6.3,5.5,227.7,249.7,1008.9,1009.0,447.15,295.55,1911.48,32.3552,10.3799,273.9,30.2,1488.063, NAN, NAN, NAN, NAN,,2024/04/05 21:06:47.953,2024-04-05 21:06:47.953000+00:00
2024/04/05, 21:07:47.953,35.879,-74.83,10.76,12.7,14.26,10.52,11.3,11.3,1006.8,1006.9,0.0,0.0,13.74,11.62,288,305,3.7,5.5,69.9,69.9,5.6,5.1,233.1,256.7,1008.9,1009.0,440.91,295.27,1901.69,32.369,10.407,278.4,30.2,1488.177, NAN, NAN, NAN, NAN,,2024/04/05 21:07:47.953,2024-04-05 21:07:47.953000+00:00
2024/04/05, 21:08:47.953,35.882,-74.83,10.81,13.54,13.08,10.67,11.3,11.3,1006.8,1006.7,0.0,0.0,13.74,11.62,285,304,3.7,5.6,69.5,69.5,5.8,5.3,232.3,257.0,1008.9,1008.8,438.49,295.29,1896.42,32.3723,10.4453,276.3,30.2,1488.318, NAN, NAN, NAN, NAN,,2024/04/05 21:08:47.953,2024-04-05 21:08:47.953000+00:00
2024/04/05, 21:09:47.953,35.885,-74.829,10.81,13.45,14.53,10.57,11.3,11.3,1006.9,1006.9,0.0,0.0,13.74,11.62,289,307,3.4,5.4,69.4,69.5,5.4,4.9,230.9,257.1,1009.0,1009.0,432.86,294.63,1885.32,32.3775,10.4739,269.9,30.1,1488.427, NAN, NAN, NAN, NAN,,2024/04/05 21:09:47.953,2024-04-05 21:09:47.953000+00:00
2024/04/05, 21:10:47.953,35.888,-74.828,10.42,12.55,14.47,9.79,11.3,11.3,1006.9,1006.8,0.0,0.0,13.74,11.62,285,304,3.4,5.3,69.4,69.6,5.4,5.0,232.6,258.4,1009.0,1008.9,423.32,294.63,1883.44,32.361,10.5036,263.2,30.1,1488.513, NAN, NAN, NAN, NAN,,2024/04/05 21:10:47.953,2024-04-05 21:10:47.953000+00:00
2024/04/05, 21:11:47.953,35.89,-74.827,6.31,11.98,10.13,5.99,11.3,11.3,1006.8,1006.9,0.0,0.0,13.74,11.62,246,264,3.7,3.2,69.7,69.9,5.7,4.6,228.0,234.6,1008.9,1009.0,422.52,294.49,1873.52,32.355,10.5625,261.7,30.0,1488.716, NAN, NAN, NAN, NAN,,2024/04/05 21:11:47.953,2024-04-05 21:11:47.953000+00:00
2024/04/05, 21:12:47.953,35.891,-74.827,4.79,4.83,17.02,4.72,11.4,11.4,1006.9,1006.9,0.0,0.0,13.74,11.62,241,246,4.0,3.3,70.7,70.9,5.8,5.0,226.2,226.6,1009.0,1009.0,417.01,294.41,1871.28,32.3157,10.62,260.4,30.0,1488.873, NAN, NAN, NAN, NAN,,2024/04/05 21:12:47.953,2024-04-05 21:12:47.953000+00:00
2024/04/05, 21:13:47.953,35.892,-74.827,4.05,1.03,1.78,4.07,11.4,11.4,1006.9,1006.9,0.0,0.0,13.74,11.62,244,255,4.4,3.6,69.6,69.9,5.7,4.7,226.5,231.1,1009.0,1009.0,411.2,294.21,1875.78,32.2969,10.6884,255.5,29.9,1489.093, NAN, NAN, NAN, NAN,,2024/04/05 21:13:47.953,2024-04-05 21:13:47.953000+00:00
2024/04/05, 21:14:47.954,35.893,-74.827,3.57,1.54,7.89,4.11,11.4,11.4,1006.8,1006.8,0.0,0.0,13.74,11.62,245,259,5.0,4.1,69.4,70.4,6.3,5.0,229.2,236.5,1008.9,1008.9,405.82,293.8,1889.92,32.2941,10.7088,252.8,29.9,1489.163, NAN, NAN, NAN, NAN,,2024/04/05 21:14:47.954,2024-04-05 21:14:47.954000+00:00
2024/04/05, 21:15:47.954,35.894,-74.826,4.0,1.83,358.23,4.19,11.4,11.4,1006.8,1006.9,0.0,0.0,13.74,11.62,249,260,4.7,4.1,69.8,70.0,5.7,4.8,229.8,235.6,1008.9,1009.0,409.1,293.81,1885.69,32.2781,10.6952,251.3,29.9,1489.095, NAN, NAN, NAN, NAN,,2024/04/05 21:15:47.954,2024-04-05 21:15:47.954000+00:00
2024/04/05, 21:16:47.954,35.896,-74.826,4.02,0.83,2.74,4.11,11.4,11.4,1006.8,1006.8,0.0,0.0,13.74,11.62,255,262,4.0,4.2,70.1,69.9,5.1,5.0,232.4,238.5,1008.9,1008.9,402.56,293.92,1889.39,32.2654,10.6967,253.7,29.9,1489.085, NAN, NAN, NAN, NAN,,2024/04/05 21:16:47.954,2024-04-05 21:16:47.954000+00:00
2024/04/05, 21:17:47.954,35.897,-74.826,4.09,359.48,1.63,4.15,11.4,11.4,1007.0,1006.8,0.0,0.0,13.74,11.62,251,264,4.9,4.5,71.1,71.3,6.0,5.2,231.0,239.6,1009.1,1008.9,399.12,293.86,1888.6,32.2529,10.7011,245.7,29.9,1489.085, NAN, NAN, NAN, NAN,,2024/04/05 21:17:47.954,2024-04-05 21:17:47.954000+00:00
2024/04/05, 21:18:47.954,35.898,-74.826,4.06,4.36,6.79,4.21,11.4,11.4,1007.0,1006.8,0.0,0.0,13.74,11.62,243,255,4.2,3.4,69.9,70.0,5.6,4.5,227.5,232.2,1009.1,1008.9,397.23,294.04,1875.56,32.2461,10.7058,246.0,29.9,1489.094, NAN, NAN, NAN, NAN,,2024/04/05 21:18:47.954,2024-04-05 21:18:47.954000+00:00
2024/04/05, 21:19:47.954,35.899,-74.826,4.01,23.43,23.55,4.16,11.4,11.4,1006.9,1006.9,0.0,0.0,13.74,11.62,224,235,3.3,2.2,70.3,70.5,5.0,3.8,229.8,230.7,1009.0,1009.0,395.43,293.85,1827.04,32.2435,10.6968,250.7,29.9,1489.059, NAN, NAN, NAN, NAN,,2024/04/05 21:19:47.954,2024-04-05 21:19:47.954000+00:00
2024/04/05, 21:20:47.954,35.9,-74.825,3.95,46.09,38.53,3.93,11.4,11.4,1006.9,1006.8,0.0,0.0,13.74,11.62,197,249,1.8,1.8,70.6,70.5,3.7,3.0,229.4,253.5,1009.0,1008.9,397.1,295.2,1799.15,32.2415,10.7247,248.3,29.9,1489.156, NAN, NAN, NAN, NAN,,2024/04/05 21:20:47.954,2024-04-05 21:20:47.954000+00:00
2024/04/05, 21:21:47.954,35.901,-74.824,3.74,85.63,68.13,3.45,11.4,11.4,1006.9,1006.8,0.0,0.0,13.74,11.62,142,139,3.4,2.7,71.4,70.9,5.1,4.4,235.6,235.1,1009.0,1008.9,385.05,294.93,1769.39,32.2361,10.7749,248.6,29.9,1489.327, NAN, NAN, NAN, NAN,,2024/04/05 21:21:47.954,2024-04-05 21:21:47.954000+00:00
2024/04/05, 21:22:47.954,35.901,-74.823,3.38,109.34,89.3,3.16,11.4,11.4,1007.1,1007.0,0.0,0.0,13.74,11.62,114,110,4.5,4.0,70.9,71.0,5.6,5.1,236.8,235.1,1009.2,1009.1,374.28,295.47,1763.39,32.2392,10.8448,249.7,29.9,1489.579, NAN, NAN, NAN, NAN,,2024/04/05 21:22:47.954,2024-04-05 21:22:47.954000+00:00
2024/04/05, 21:23:47.954,35.9,-74.822,1.72,138.3,114.13,3.06,11.4,11.4,1006.9,1006.9,0.0,0.0,13.74,11.62,99,97,4.9,4.6,70.8,70.8,5.8,5.4,251.4,250.6,1009.0,1009.0,364.0,295.65,1764.6,32.2331,10.9354,251.3,29.8,1489.892, NAN, NAN, NAN, NAN,,2024/04/05 21:23:47.954,2024-04-05 21:23:47.954000+00:00
2024/04/05, 21:24:47.954,35.9,-74.822,3.03,176.32,169.88,2.46,11.4,11.4,1006.9,1006.9,0.0,0.0,13.74,11.62,56,50,6.2,8.2,70.0,70.1,5.7,7.6,243.6,234.3,1009.0,1009.0,353.17,295.85,1788.36,32.2257,11.0618,258.4,30.0,1490.329, NAN, NAN, NAN, NAN,,2024/04/05 21:24:47.954,2024-04-05 21:24:47.954000+00:00
2024/04/05, 21:25:47.954,35.899,-74.822,1.85,216.63,226.98,2.33,11.4,11.4,1006.9,1006.8,0.0,0.0,13.74,11.62,24,21,6.2,6.0,69.4,70.2,5.1,4.9,244.8,241.3,1009.0,1008.9,343.94,295.46,1833.79,32.2169,11.1598,263.8,29.8,1490.663, NAN, NAN, NAN, NAN,,2024/04/05 21:25:47.954,2024-04-05 21:25:47.954000+00:00
2024/04/05, 21:26:47.954,35.899,-74.823,2.07,231.94,213.64,2.04,11.4,11.4,1007.1,1006.9,0.0,0.0,13.74,11.62,15,10,6.3,6.0,70.4,70.5,5.3,5.0,250.7,244.9,1009.2,1009.0,338.71,295.09,1836.41,32.1817,11.2105,251.3,29.9,1490.799, NAN, NAN, NAN, NAN,,2024/04/05 21:26:47.954,2024-04-05 21:26:47.954000+00:00
2024/04/05, 21:27:47.954,35.899,-74.823,0.14,232.14,287.42,0.57,11.4,11.4,1006.8,1006.9,0.0,0.0,13.74,11.62,6,0,4.7,4.6,70.4,70.7,4.5,4.5,235.1,228.8,1008.9,1009.0,342.29,294.98,1832.93,32.1406,11.2209,246.0,29.9,1490.786, NAN, NAN, NAN, NAN,,2024/04/05 21:27:47.954,2024-04-05 21:27:47.954000+00:00
2024/04/05, 21:28:47.954,35.899,-74.823,-0.59,235.13,49.85,1.0,11.4,11.4,1007.0,1006.9,0.0,0.0,13.74,11.62,4,355,4.0,3.7,70.6,70.9,4.5,4.2,236.1,227.9,1009.1,1009.0,340.4,295.65,1825.88,32.1052,11.2198,242.1,29.8,1490.739, NAN, NAN, NAN, NAN,,2024/04/05 21:28:47.954,2024-04-05 21:28:47.954000+00:00
2024/04/05, 21:29:47.955,35.899,-74.823,-0.63,234.95,354.09,1.11,11.4,11.4,1007.0,1006.9,0.0,0.0,13.74,11.62,3,358,3.7,3.6,70.8,70.8,4.0,4.0,230.8,226.1,1009.1,1009.0,337.19,295.55,1823.63,32.0878,11.1633,237.2,29.7,1490.52, NAN, NAN, NAN, NAN,,2024/04/05 21:29:47.955,2024-04-05 21:29:47.955000+00:00
2024/04/05, 21:30:47.955,35.899,-74.823,-0.98,238.68,359.08,1.03,11.5,11.5,1006.9,1006.9,0.0,0.0,13.74,11.62,3,354,3.7,3.6,70.8,71.0,4.0,4.0,235.7,227.4,1009.0,1009.0,328.3,295.47,1820.28,32.0851,11.0226,251.0,29.8,1490.021, NAN, NAN, NAN, NAN,,2024/04/05 21:30:47.955,2024-04-05 21:30:47.955000+00:00
2024/04/05, 21:31:47.955,35.899,-74.823,0.15,238.7,283.65,0.69,11.5,11.5,1006.9,1006.9,0.0,0.0,13.74,11.62,1,353,4.6,4.3,70.3,70.5,4.3,4.1,236.9,228.2,1009.0,1009.0,321.24,295.05,1813.62,32.1214,11.0045,284.6,29.9,1490.001, NAN, NAN, NAN, NAN,,2024/04/05 21:31:47.955,2024-04-05 21:31:47.955000+00:00
2024/04/05, 21:32:47.955,35.9,-74.823,0.05,244.53,323.55,1.75,11.5,11.5,1006.8,1006.7,0.0,0.0,13.74,11.62,2,354,5.2,4.7,70.4,70.5,5.0,4.7,236.6,227.5,1008.9,1008.8,309.05,295.09,1812.51,32.1294,11.0352,279.6,30.0,1490.119, NAN, NAN, NAN, NAN,,2024/04/05 21:32:47.955,2024-04-05 21:32:47.955000+00:00
2024/04/05, 21:33:47.955,35.9,-74.824,0.29,246.47,304.72,1.66,11.5,11.5,1006.6,1006.6,0.0,0.0,13.74,11.62,1,355,4.9,4.7,69.5,69.8,4.6,4.5,237.9,231.2,1008.7,1008.7,306.53,295.11,1806.38,32.1163,11.088,262.8,29.9,1490.289, NAN, NAN, NAN, NAN,,2024/04/05 21:33:47.955,2024-04-05 21:33:47.955000+00:00
2024/04/05, 21:34:47.955,35.9,-74.824,0.59,243.87,297.2,2.06,11.5,11.5,1006.9,1006.8,0.0,0.0,13.74,11.62,9,1,5.4,5.0,69.9,70.3,4.8,4.6,242.9,233.3,1009.0,1008.9,302.76,295.02,1800.71,32.1082,11.1288,259.5,29.9,1490.423, NAN, NAN, NAN, NAN,,2024/04/05 21:34:47.955,2024-04-05 21:34:47.955000+00:00
2024/04/05, 21:35:47.955,35.901,-74.825,0.49,242.83,308.36,1.83,11.5,11.5,1006.8,1006.7,0.0,0.0,13.74,11.62,5,357,4.9,4.7,68.7,68.8,4.4,4.4,237.8,228.7,1008.9,1008.8,306.42,294.86,1788.57,32.0987,11.0959,253.1,29.8,1490.296, NAN, NAN, NAN, NAN,,2024/04/05 21:35:47.955,2024-04-05 21:35:47.955000+00:00
2024/04/05, 21:36:47.955,35.901,-74.825,0.05,244.76,302.08,1.32,11.6,11.5,1006.9,1006.8,0.0,0.0,13.74,11.62,4,0,4.9,4.7,69.3,69.7,4.5,4.3,242.0,237.4,1009.0,1008.9,294.66,295.09,1778.11,32.0831,11.0527,240.3,29.6,1490.125, NAN, NAN, NAN, NAN,,2024/04/05 21:36:47.955,2024-04-05 21:36:47.955000+00:00
2024/04/05, 21:37:47.955,35.901,-74.825,-0.15,246.56,335.97,1.01,11.6,11.6,1006.8,1006.8,0.0,0.0,13.74,11.62,2,355,5.1,5.0,69.2,70.2,5.1,5.0,242.7,235.7,1008.9,1008.9,295.44,295.06,1772.73,32.0709,11.0164,233.2,29.9,1489.982, NAN, NAN, NAN, NAN,,2024/04/05 21:37:47.955,2024-04-05 21:37:47.955000+00:00
2024/04/05, 21:38:47.955,35.901,-74.826,-0.28,246.85,339.84,1.12,11.6,11.5,1006.8,1007.0,0.0,0.0,13.74,11.62,0,353,4.3,4.2,69.7,69.8,4.4,4.4,239.5,232.6,1008.9,1009.1,289.05,294.98,1762.26,32.0744,10.9885,229.0,29.9,1489.888, NAN, NAN, NAN, NAN,,2024/04/05 21:38:47.955,2024-04-05 21:38:47.955000+00:00
2024/04/05, 21:39:47.955,35.901,-74.826,-0.33,243.76,345.58,0.51,11.6,11.6,1006.8,1006.8,0.0,0.0,13.74,11.62,3,356,4.8,4.7,69.6,69.8,4.9,4.8,243.9,237.0,1008.9,1008.9,286.24,295.26,1752.37,32.0905,10.9808,232.0,30.0,1489.88, NAN, NAN, NAN, NAN,,2024/04/05 21:39:47.955,2024-04-05 21:39:47.955000+00:00
2024/04/05, 21:40:47.955,35.902,-74.826,-0.17,244.65,344.54,0.81,11.6,11.6,1006.9,1007.0,0.0,0.0,13.74,11.62,9,3,5.8,5.4,69.6,70.0,5.8,5.4,249.5,243.3,1009.0,1009.1,283.86,295.15,1749.49,32.1083,10.9816,238.4,29.9,1489.905, NAN, NAN, NAN, NAN,,2024/04/05 21:40:47.955,2024-04-05 21:40:47.955000+00:00
2024/04/05, 21:41:47.955,35.902,-74.826,-0.36,243.37,352.04,0.29,11.6,11.6,1006.9,1006.7,0.0,0.0,13.74,11.62,5,357,5.3,4.9,69.4,69.9,5.4,5.0,247.2,239.3,1009.0,1008.8,281.25,294.97,1742.39,32.1239,10.9792,239.4,29.5,1489.915, NAN, NAN, NAN, NAN,,2024/04/05 21:41:47.955,2024-04-05 21:41:47.955000+00:00
2024/04/05, 21:42:47.955,35.902,-74.826,-0.02,243.59,189.71,0.18,11.6,11.6,1006.9,1006.9,0.0,0.0,13.74,11.62,0,353,5.4,5.1,69.3,69.4,5.3,5.0,244.0,236.9,1009.0,1009.0,276.5,295.01,1732.67,32.1256,10.9586,239.6,29.8,1489.844, NAN, NAN, NAN, NAN,,2024/04/05 21:42:47.955,2024-04-05 21:42:47.955000+00:00
2024/04/05, 21:43:47.955,35.902,-74.826,-0.02,243.69,302.5,0.51,11.6,11.6,1006.9,1006.8,0.0,0.0,13.74,11.62,1,354,5.7,5.5,69.3,69.4,5.7,5.5,242.1,235.0,1009.0,1008.9,271.3,294.89,1725.93,32.1325,10.8942,239.4,29.7,1489.625, NAN, NAN, NAN, NAN,,2024/04/05 21:43:47.955,2024-04-05 21:43:47.955000+00:00
2024/04/05, 21:44:47.956,35.902,-74.826,-0.13,215.86,315.42,0.49,11.6,11.6,1006.8,1007.0,0.0,0.0,13.74,11.62,21,14,6.2,6.0,68.5,69.5,6.4,6.2,235.2,228.4,1008.9,1009.1,283.35,294.92,1697.58,32.1369,10.8225,243.6,29.7,1489.376, NAN, NAN, NAN, NAN,,2024/04/05 21:44:47.956,2024-04-05 21:44:47.956000+00:00
2024/04/05, 21:45:47.956,35.902,-74.826,-0.01,187.8,59.0,0.54,11.7,11.7,1006.8,1006.6,0.0,0.0,13.74,11.62,57,47,6.0,7.9,68.7,68.8,6.2,8.1,243.0,233.7,1008.9,1008.7,277.16,294.84,1429.39,32.1394,10.7852,251.6,29.9,1489.247, NAN, NAN, NAN, NAN,,2024/04/05 21:45:47.956,2024-04-05 21:45:47.956000+00:00
2024/04/05, 21:46:47.956,35.902,-74.826,2.06,180.25,179.68,2.02,11.7,11.7,1007.0,1007.0,0.0,0.0,13.74,11.62,62,52,7.7,9.3,69.4,68.9,7.3,8.7,249.5,237.7,1009.1,1009.1,274.82,294.71,1641.7,32.1514,10.7723,279.0,29.9,1489.216, NAN, NAN, NAN, NAN,,2024/04/05 21:46:47.956,2024-04-05 21:46:47.956000+00:00
2024/04/05, 21:47:47.956,35.901,-74.826,5.14,183.7,186.13,5.16,11.6,11.7,1006.8,1006.9,0.0,0.0,13.74,11.62,52,45,9.4,11.1,68.6,68.6,8.0,9.4,250.7,240.1,1008.9,1009.0,268.08,294.43,1634.59,32.1695,10.8465,308.6,30.0,1489.501, NAN, NAN, NAN, NAN,,2024/04/05 21:47:47.956,2024-04-05 21:47:47.956000+00:00
2024/04/05, 21:48:47.956,35.899,-74.826,8.06,183.13,183.97,7.7,11.6,11.6,1006.8,1006.9,0.0,0.0,13.74,11.62,47,40,10.1,12.0,67.7,67.9,7.8,9.2,251.2,238.6,1008.9,1009.0,260.83,294.62,1629.56,32.1933,10.9542,320.0,29.7,1489.91, NAN, NAN, NAN, NAN,,2024/04/05 21:48:47.956,2024-04-05 21:48:47.956000+00:00
2024/04/05, 21:49:47.956,35.896,-74.826,9.49,184.12,182.55,9.27,11.6,11.7,1006.8,1006.9,0.0,0.0,13.74,11.62,42,37,10.9,12.7,68.7,68.6,8.0,9.3,249.5,239.0,1008.9,1009.0,257.27,294.54,1622.14,32.1981,11.0414,324.8,29.8,1490.224, NAN, NAN, NAN, NAN,,2024/04/05 21:49:47.956,2024-04-05 21:49:47.956000+00:00
2024/04/05, 21:50:47.956,35.894,-74.827,10.23,184.87,183.94,9.94,11.6,11.7,1006.8,1006.8,0.0,0.0,13.74,11.62,41,36,11.2,13.0,68.8,68.4,8.1,9.4,250.5,239.8,1008.9,1008.9,257.71,294.73,1613.6,32.1892,11.0206,308.0,30.1,1490.14, NAN, NAN, NAN, NAN,,2024/04/05 21:50:47.956,2024-04-05 21:50:47.956000+00:00
2024/04/05, 21:51:47.956,35.891,-74.827,10.42,184.8,187.64,10.21,11.6,11.7,1006.8,1006.8,0.0,0.0,13.74,11.62,40,36,10.4,12.3,68.2,68.4,7.1,8.5,252.1,241.1,1008.9,1008.9,251.46,294.9,1603.36,32.1753,10.972,286.4,30.1,1489.952, NAN, NAN, NAN, NAN,,2024/04/05 21:51:47.956,2024-04-05 21:51:47.956000+00:00
2024/04/05, 21:52:47.956,35.888,-74.827,10.5,184.23,184.15,10.31,11.6,11.6,1006.8,1006.9,0.0,0.0,13.74,11.62,41,36,10.7,12.7,68.7,68.6,7.4,8.9,252.3,240.1,1008.9,1009.0,249.17,294.77,1596.9,32.143,11.062,274.5,30.2,1490.23, NAN, NAN, NAN, NAN,,2024/04/05 21:52:47.956,2024-04-05 21:52:47.956000+00:00
2024/04/05, 21:53:47.956,35.885,-74.828,10.48,184.12,184.18,10.34,11.6,11.6,1006.6,1006.8,0.0,0.0,13.74,11.62,41,36,10.6,12.4,69.4,69.4,7.4,8.6,252.9,241.0,1008.7,1008.9,247.89,294.94,1585.19,32.1235,11.1387,274.8,30.2,1490.477, NAN, NAN, NAN, NAN,,2024/04/05 21:53:47.956,2024-04-05 21:53:47.956000+00:00
2024/04/05, 21:54:47.956,35.882,-74.828,10.54,185.29,188.22,10.28,11.6,11.6,1006.9,1006.9,0.0,0.0,13.74,11.62,40,35,11.2,13.0,68.5,68.4,7.7,9.0,250.0,238.7,1009.0,1009.0,245.47,295.24,1580.19,32.1385,11.1424,268.6,30.4,1490.508, NAN, NAN, NAN, NAN,,2024/04/05 21:54:47.956,2024-04-05 21:54:47.956000+00:00
2024/04/05, 21:55:47.956,35.88,-74.828,10.53,184.24,182.65,10.53,11.6,11.6,1006.8,1006.6,0.0,0.0,13.74,11.62,40,35,11.2,13.1,69.3,69.4,7.8,9.2,250.3,238.8,1008.9,1008.7,240.54,295.31,1569.25,32.1202,11.1598,274.2,30.3,1490.547, NAN, NAN, NAN, NAN,,2024/04/05 21:55:47.956,2024-04-05 21:55:47.956000+00:00
2024/04/05, 21:56:47.956,35.877,-74.829,10.48,185.28,186.59,10.34,11.6,11.6,1006.8,1006.7,0.0,0.0,13.74,11.62,39,34,10.8,13.0,68.9,69.1,7.4,9.0,250.6,238.0,1008.9,1008.8,239.07,295.2,1561.23,32.1041,11.1484,275.6,30.1,1490.487, NAN, NAN, NAN, NAN,,2024/04/05 21:56:47.956,2024-04-05 21:56:47.956000+00:00
2024/04/05, 21:57:47.956,35.874,-74.829,10.61,184.98,185.6,10.56,11.6,11.6,1006.6,1006.6,0.0,0.0,13.74,11.62,40,35,10.7,12.8,68.5,68.5,7.3,8.8,252.7,240.0,1008.7,1008.7,238.33,295.28,1548.54,32.0989,11.0811,277.6,30.1,1490.244, NAN, NAN, NAN, NAN,,2024/04/05 21:57:47.956,2024-04-05 21:57:47.956000+00:00
2024/04/05, 21:58:47.956,35.871,-74.83,10.64,185.0,185.45,10.6,11.6,11.6,1006.6,1006.9,0.0,0.0,13.74,11.62,38,34,10.2,12.1,69.6,69.5,6.7,8.1,252.3,240.6,1008.7,1009.0,232.78,295.09,1538.74,32.0802,11.0217,270.2,30.2,1490.012, NAN, NAN, NAN, NAN,,2024/04/05 21:58:47.956,2024-04-05 21:58:47.956000+00:00
2024/04/05, 21:59:47.956,35.868,-74.83,10.66,186.27,188.4,10.13,11.5,11.6,1006.9,1006.9,0.0,0.0,13.74,11.62,39,33,10.4,12.6,69.3,69.2,7.0,8.6,252.0,237.6,1009.0,1009.0,227.94,295.46,1526.49,32.0889,11.0309,270.5,30.1,1490.055, NAN, NAN, NAN, NAN,,2024/04/05 21:59:47.956,2024-04-05 21:59:47.956000+00:00
2024/04/05, 22:00:47.957,35.865,-74.83,10.58,184.61,187.42,10.4,11.6,11.6,1006.8,1006.9,0.0,0.0,13.74,11.62,40,35,10.6,12.2,68.7,68.6,7.2,8.2,251.7,240.1,1008.9,1009.0,221.97,295.3,1514.2,32.0991,11.1301,275.6,29.9,1490.417, NAN, NAN, NAN, NAN,,2024/04/05 22:00:47.957,2024-04-05 22:00:47.957000+00:00
2024/04/05, 22:01:47.957,35.862,-74.831,10.57,185.06,187.13,10.29,11.6,11.6,1006.8,1006.9,0.0,0.0,13.74,11.62,40,35,10.5,12.5,68.0,68.4,7.2,8.6,252.4,239.9,1008.9,1009.0,224.35,295.61,1506.6,32.091,11.1308,284.3,30.0,1490.41, NAN, NAN, NAN, NAN,,2024/04/05 22:01:47.957,2024-04-05 22:01:47.957000+00:00
2024/04/05, 22:02:47.957,35.86,-74.831,10.64,184.88,188.76,10.23,11.6,11.6,1006.8,1006.8,0.0,0.0,13.74,11.62,40,34,10.6,12.8,68.6,68.5,7.2,8.7,251.2,237.0,1008.9,1008.9,218.09,295.99,1496.39,32.1102,10.981,281.7,30.1,1489.905, NAN, NAN, NAN, NAN,,2024/04/05 22:02:47.957,2024-04-05 22:02:47.957000+00:00
2024/04/05, 22:03:47.957,35.857,-74.832,10.67,184.98,187.42,10.39,11.6,11.6,1006.9,1006.9,0.0,0.0,13.74,11.62,40,35,10.4,12.1,66.4,66.4,7.0,8.1,252.9,240.8,1009.0,1009.0,212.49,295.92,1483.14,32.0911,10.8417,275.0,29.9,1489.389, NAN, NAN, NAN, NAN,,2024/04/05 22:03:47.957,2024-04-05 22:03:47.957000+00:00
2024/04/05, 22:04:47.957,35.854,-74.832,10.78,184.79,186.26,10.56,11.7,11.7,1007.0,1006.9,0.0,0.0,13.74,11.62,40,35,10.7,12.7,66.5,66.7,7.3,8.7,252.5,240.0,1009.1,1009.0,209.6,295.78,1475.24,32.0772,10.8204,278.4,30.2,1489.297, NAN, NAN, NAN, NAN,,2024/04/05 22:04:47.957,2024-04-05 22:04:47.957000+00:00
2024/04/05, 22:05:47.957,35.851,-74.832,10.78,185.13,183.07,10.4,11.7,11.7,1007.0,1006.9,0.0,0.0,13.74,11.62,41,35,10.8,12.7,66.9,66.9,7.7,8.9,253.8,240.7,1009.1,1009.0,210.44,296.09,1468.67,32.0905,10.873,283.0,30.1,1489.499, NAN, NAN, NAN, NAN,,2024/04/05 22:05:47.957,2024-04-05 22:05:47.957000+00:00
2024/04/05, 22:06:47.957,35.848,-74.833,10.78,185.02,184.74,10.52,11.7,11.7,1006.9,1006.8,0.0,0.0,13.74,11.62,42,37,11.1,13.1,66.9,66.8,7.9,9.3,253.9,242.1,1009.0,1008.9,208.04,296.06,1457.64,32.1062,10.9465,289.7,30.0,1489.778, NAN, NAN, NAN, NAN,,2024/04/05 22:06:47.957,2024-04-05 22:06:47.957000+00:00
2024/04/05, 22:07:47.957,35.845,-74.833,10.82,185.54,186.06,10.33,11.7,11.7,1006.9,1006.8,0.0,0.0,13.74,11.62,40,35,10.7,12.7,66.8,66.7,7.5,8.9,252.8,240.6,1009.0,1008.9,202.35,296.01,1439.4,32.1088,11.016,288.1,30.0,1490.027, NAN, NAN, NAN, NAN,,2024/04/05 22:07:47.957,2024-04-05 22:07:47.957000+00:00
2024/04/05, 22:08:47.957,35.842,-74.833,10.5,184.86,184.96,10.1,11.7,11.7,1006.8,1006.9,0.0,0.0,13.74,11.62,41,35,9.8,12.0,68.5,68.3,6.7,8.2,255.6,240.4,1008.9,1009.0,203.0,295.57,1429.94,32.1032,11.1282,293.4,29.5,1490.415, NAN, NAN, NAN, NAN,,2024/04/05 22:08:47.957,2024-04-05 22:08:47.957000+00:00
2024/04/05, 22:09:47.957,35.839,-74.834,10.68,184.94,186.4,10.14,11.6,11.6,1006.8,1006.9,0.0,0.0,13.74,11.62,40,35,9.9,12.0,68.7,68.6,6.7,8.2,254.3,240.9,1008.9,1009.0,193.81,295.91,1414.48,32.0939,11.2376,290.0,29.8,1490.788, NAN, NAN, NAN, NAN,,2024/04/05 22:09:47.957,2024-04-05 22:09:47.957000+00:00
2024/04/05, 22:10:47.957,35.837,-74.834,10.67,184.55,184.59,10.64,11.6,11.6,1006.8,1006.9,0.0,0.0,13.74,11.62,41,36,10.3,12.3,67.9,67.6,7.0,8.4,255.4,242.3,1008.9,1009.0,188.57,296.27,1402.39,32.0819,11.3005,290.7,29.8,1490.994, NAN, NAN, NAN, NAN,,2024/04/05 22:10:47.957,2024-04-05 22:10:47.957000+00:00
2024/04/05, 22:11:47.957,35.834,-74.835,10.75,185.34,186.75,10.45,11.6,11.7,1006.9,1006.9,0.0,0.0,13.74,11.62,41,36,10.5,12.6,66.9,67.1,7.3,8.8,254.8,242.0,1009.0,1009.0,186.68,296.31,1388.8,32.0645,11.3844,291.0,29.8,1491.267, NAN, NAN, NAN, NAN,,2024/04/05 22:11:47.957,2024-04-05 22:11:47.957000+00:00
2024/04/05, 22:12:47.957,35.831,-74.835,10.64,185.81,185.19,10.19,11.7,11.7,1006.8,1006.9,0.0,0.0,13.74,11.62,41,35,10.4,12.4,67.4,67.1,7.3,8.7,254.9,241.2,1008.9,1009.0,183.39,296.09,1373.48,32.0508,11.4085,294.8,29.7,1491.335, NAN, NAN, NAN, NAN,,2024/04/05 22:12:47.957,2024-04-05 22:12:47.957000+00:00
2024/04/05, 22:13:47.957,35.828,-74.835,10.68,184.67,184.33,10.16,11.7,11.7,1006.9,1006.9,0.0,0.0,13.74,11.62,41,36,10.1,12.0,67.4,67.4,7.0,8.3,254.6,242.0,1009.0,1009.0,181.44,296.14,1364.13,32.0287,11.4814,297.4,29.8,1491.563, NAN, NAN, NAN, NAN,,2024/04/05 22:13:47.957,2024-04-05 22:13:47.957000+00:00
2024/04/05, 22:14:47.957,35.825,-74.836,10.61,184.43,188.31,10.41,11.7,11.7,1006.9,1006.9,0.0,0.0,13.74,11.62,42,36,10.2,12.3,67.3,68.2,7.0,8.4,255.8,241.2,1009.0,1009.0,172.46,295.94,1349.31,32.0118,11.5367,307.5,29.8,1491.735, NAN, NAN, NAN, NAN,,2024/04/05 22:14:47.957,2024-04-05 22:14:47.957000+00:00
2024/04/05, 22:15:47.958,35.822,-74.836,10.72,185.32,187.32,10.52,11.6,11.7,1007.0,1007.2,0.0,0.0,13.74,11.62,42,37,10.2,12.1,68.2,68.3,7.0,8.3,257.2,244.4,1009.1,1009.3,174.05,296.22,1339.64,31.9896,11.5775,305.9,30.1,1491.851, NAN, NAN, NAN, NAN,,2024/04/05 22:15:47.958,2024-04-05 22:15:47.958000+00:00
2024/04/05, 22:16:47.958,35.819,-74.837,10.75,184.66,187.8,10.79,11.6,11.7,1006.9,1006.9,0.0,0.0,13.74,11.62,41,36,10.1,12.0,67.9,68.5,6.7,8.0,256.7,243.3,1009.0,1009.0,166.91,296.05,1324.22,31.982,11.6138,313.9,30.2,1491.968, NAN, NAN, NAN, NAN,,2024/04/05 22:16:47.958,2024-04-05 22:16:47.958000+00:00
2024/04/05, 22:17:47.958,35.816,-74.837,10.7,184.77,190.25,10.51,11.6,11.7,1006.9,1007.1,0.0,0.0,13.74,11.62,42,37,10.4,12.4,67.2,67.3,7.0,8.4,255.1,242.1,1009.0,1009.2,166.62,296.3,1307.67,31.9688,11.6478,310.8,29.9,1492.07, NAN, NAN, NAN, NAN,,2024/04/05 22:17:47.958,2024-04-05 22:17:47.958000+00:00
2024/04/05, 22:18:47.958,35.813,-74.837,10.63,184.68,184.23,10.3,11.7,11.7,1007.1,1006.9,0.0,0.0,13.74,11.62,44,39,9.9,12.0,68.2,68.5,7.1,8.5,259.7,246.5,1009.2,1009.0,164.38,296.55,1295.9,31.9486,11.6717,316.6,29.9,1492.129, NAN, NAN, NAN, NAN,,2024/04/05 22:18:47.958,2024-04-05 22:18:47.958000+00:00
2024/04/05, 22:19:47.958,35.811,-74.838,10.7,185.2,186.63,10.43,11.7,11.7,1006.9,1007.2,0.0,0.0,13.74,11.62,45,39,10.3,12.3,66.7,66.7,7.4,8.7,260.1,246.2,1009.0,1009.3,159.75,296.66,1278.55,31.9288,11.7028,316.0,30.1,1492.213, NAN, NAN, NAN, NAN,,2024/04/05 22:19:47.958,2024-04-05 22:19:47.958000+00:00
2024/04/05, 22:20:47.958,35.808,-74.838,10.75,185.11,188.21,10.4,11.8,11.8,1007.0,1007.1,0.0,0.0,13.74,11.62,43,38,10.1,12.0,66.4,66.4,7.0,8.3,258.2,245.4,1009.1,1009.2,155.2,296.46,1263.09,31.8851,11.7127,324.3,30.1,1492.195, NAN, NAN, NAN, NAN,,2024/04/05 22:20:47.958,2024-04-05 22:20:47.958000+00:00
2024/04/05, 22:21:47.958,35.805,-74.839,10.76,184.25,185.99,10.69,11.8,11.8,1007.0,1007.2,0.0,0.0,13.74,11.62,43,37,10.2,12.2,66.6,66.4,6.9,8.2,257.8,243.1,1009.1,1009.3,150.81,296.61,1248.36,31.8614,11.717,325.1,30.3,1492.182, NAN, NAN, NAN, NAN,,2024/04/05 22:21:47.958,2024-04-05 22:21:47.958000+00:00
2024/04/05, 22:22:47.958,35.802,-74.839,10.83,184.61,186.03,10.69,11.8,11.8,1007.1,1007.2,0.0,0.0,13.74,11.62,42,38,10.6,12.2,65.5,65.5,7.3,8.4,255.7,245.4,1009.2,1009.3,146.59,296.68,1230.81,31.8496,11.7212,320.6,30.2,1492.182, NAN, NAN, NAN, NAN,,2024/04/05 22:22:47.958,2024-04-05 22:22:47.958000+00:00
2024/04/05, 22:23:47.958,35.799,-74.84,10.8,183.95,186.08,10.62,11.9,11.9,1007.1,1007.3,0.0,0.0,13.74,11.62,45,39,10.1,11.9,65.4,65.4,7.1,8.2,260.1,246.2,1009.2,1009.4,143.47,296.89,1213.56,31.8345,11.7327,325.1,30.3,1492.204, NAN, NAN, NAN, NAN,,2024/04/05 22:23:47.958,2024-04-05 22:23:47.958000+00:00
2024/04/05, 22:24:47.958,35.796,-74.84,10.76,185.11,186.98,10.59,11.9,11.9,1007.2,1007.0,0.0,0.0,13.74,11.62,46,41,10.6,12.5,64.5,64.9,7.7,8.9,260.6,248.6,1009.3,1009.1,141.49,297.0,1196.96,31.8188,11.7354,320.6,30.2,1492.195, NAN, NAN, NAN, NAN,,2024/04/05 22:24:47.958,2024-04-05 22:24:47.958000+00:00
2024/04/05, 22:25:47.958,35.793,-74.84,10.65,184.58,186.04,10.37,11.9,12.0,1007.2,1007.3,0.0,0.0,13.74,11.62,45,40,10.5,12.3,65.2,65.4,7.5,8.7,258.3,246.4,1009.3,1009.4,138.11,296.92,1181.48,31.8095,11.7275,326.4,29.9,1492.156, NAN, NAN, NAN, NAN,,2024/04/05 22:25:47.958,2024-04-05 22:25:47.958000+00:00
2024/04/05, 22:26:47.958,35.79,-74.841,10.76,184.32,184.61,10.61,11.9,12.0,1007.2,1007.3,0.0,0.0,13.74,11.62,44,39,10.4,12.3,65.6,65.9,7.4,8.7,258.4,246.1,1009.3,1009.4,134.31,297.05,1161.0,31.7986,11.7193,318.7,30.3,1492.115, NAN, NAN, NAN, NAN,,2024/04/05 22:26:47.958,2024-04-05 22:26:47.958000+00:00
2024/04/05, 22:27:47.958,35.787,-74.841,10.75,185.1,188.05,10.47,11.9,11.9,1007.1,1007.2,0.0,0.0,13.74,11.62,47,42,10.6,12.5,66.0,66.0,7.8,9.0,261.3,249.5,1009.2,1009.3,133.07,296.95,1143.49,31.793,11.7165,324.0,30.3,1492.098, NAN, NAN, NAN, NAN,,2024/04/05 22:27:47.958,2024-04-05 22:27:47.958000+00:00
2024/04/05, 22:28:47.958,35.784,-74.842,10.73,184.6,187.04,10.62,11.9,12.0,1007.4,1007.2,0.0,0.0,13.74,11.62,49,44,10.0,11.9,66.8,66.7,7.4,8.6,266.0,253.4,1009.5,1009.3,128.68,296.9,1126.11,31.7825,11.7196,327.3,30.1,1492.096, NAN, NAN, NAN, NAN,,2024/04/05 22:28:47.958,2024-04-05 22:28:47.958000+00:00
2024/04/05, 22:29:47.958,35.781,-74.842,10.76,184.34,186.1,10.76,11.9,12.0,1007.4,1007.4,0.0,0.0,13.74,11.62,53,47,10.7,12.4,66.5,66.3,8.4,9.4,268.1,256.1,1009.5,1009.5,121.92,296.74,1105.57,31.7744,11.723,325.4,30.1,1492.098, NAN, NAN, NAN, NAN,,2024/04/05 22:29:47.958,2024-04-05 22:29:47.958000+00:00
2024/04/05, 22:30:47.959,35.778,-74.843,10.73,184.27,184.87,10.71,11.9,12.0,1007.4,1007.3,0.0,0.0,13.74,11.62,49,43,9.8,12.0,65.8,65.8,7.3,8.7,267.0,252.1,1009.5,1009.4,120.95,296.73,1088.68,31.772,11.7241,331.2,30.2,1492.099, NAN, NAN, NAN, NAN,,2024/04/05 22:30:47.959,2024-04-05 22:30:47.959000+00:00
2024/04/05, 22:31:47.959,35.775,-74.843,10.8,184.13,186.14,10.6,11.9,12.0,1007.3,1007.3,0.0,0.0,13.74,11.62,48,41,10.2,12.1,67.1,67.1,7.5,8.6,263.5,248.7,1009.4,1009.4,116.02,297.3,1066.23,31.7647,11.7257,328.8,30.2,1492.096, NAN, NAN, NAN, NAN,,2024/04/05 22:31:47.959,2024-04-05 22:31:47.959000+00:00
2024/04/05, 22:32:47.959,35.772,-74.843,10.77,184.79,184.24,10.87,12.0,12.0,1007.2,1007.4,0.0,0.0,13.74,11.62,46,41,11.3,13.2,65.0,65.0,8.4,9.7,259.1,247.9,1009.3,1009.5,113.95,298.02,1048.23,31.7629,11.7291,326.7,30.3,1492.106, NAN, NAN, NAN, NAN,,2024/04/05 22:32:47.959,2024-04-05 22:32:47.959000+00:00
2024/04/05, 22:33:47.959,35.769,-74.844,10.77,185.01,185.59,10.9,12.1,12.1,1007.5,1007.3,0.0,0.0,13.74,11.62,48,42,10.3,12.2,61.5,61.6,7.7,8.8,265.3,251.8,1009.6,1009.4,109.45,298.25,1028.36,31.7578,11.7282,330.7,30.3,1492.097, NAN, NAN, NAN, NAN,,2024/04/05 22:33:47.959,2024-04-05 22:33:47.959000+00:00
2024/04/05, 22:34:47.959,35.766,-74.844,10.8,184.7,184.14,11.08,12.2,12.2,1007.3,1007.3,0.0,0.0,13.74,11.62,49,43,10.2,12.1,62.5,62.5,7.7,8.8,267.3,253.7,1009.4,1009.4,107.61,297.76,1010.07,31.7529,11.7172,332.4,30.1,1492.053, NAN, NAN, NAN, NAN,,2024/04/05 22:34:47.959,2024-04-05 22:34:47.959000+00:00
2024/04/05, 22:35:47.959,35.763,-74.844,10.77,184.45,186.0,10.76,12.2,12.2,1007.4,1007.4,0.0,0.0,13.74,11.62,49,43,9.5,11.7,62.9,62.7,7.1,8.4,268.8,253.4,1009.5,1009.5,104.24,297.97,987.52,31.753,11.6924,331.0,30.1,1491.967, NAN, NAN, NAN, NAN,,2024/04/05 22:35:47.959,2024-04-05 22:35:47.959000+00:00
2024/04/05, 22:36:47.959,35.76,-74.845,10.83,182.45,182.32,11.07,12.2,12.2,1007.2,1007.4,0.0,0.0,13.74,11.62,50,44,10.2,12.0,62.0,62.3,7.8,8.8,266.0,252.8,1009.3,1009.5,97.39,298.39,960.98,31.756,11.694,330.4,30.2,1491.976, NAN, NAN, NAN, NAN,,2024/04/05 22:36:47.959,2024-04-05 22:36:47.959000+00:00
2024/04/05, 22:37:47.959,35.757,-74.845,10.84,182.89,185.0,10.93,12.3,12.3,1007.4,1007.4,0.0,0.0,13.74,11.62,49,43,9.2,11.2,59.7,59.5,6.8,7.9,269.3,253.9,1009.5,1009.5,98.8,298.18,936.74,31.7643,11.7059,326.0,30.3,1492.027, NAN, NAN, NAN, NAN,,2024/04/05 22:37:47.959,2024-04-05 22:37:47.959000+00:00
2024/04/05, 22:38:47.959,35.754,-74.845,10.8,180.98,183.58,11.02,12.3,12.3,1007.3,1007.5,0.0,0.0,13.74,11.62,47,41,9.4,11.1,63.1,62.9,6.7,7.6,264.5,249.9,1009.4,1009.6,91.12,298.06,916.72,31.7607,11.7242,334.4,30.2,1492.086, NAN, NAN, NAN, NAN,,2024/04/05 22:38:47.959,2024-04-05 22:38:47.959000+00:00
2024/04/05, 22:39:47.959,35.751,-74.845,10.8,181.67,181.65,10.78,12.3,12.3,1007.4,1007.4,0.0,0.0,13.74,11.62,46,40,9.5,11.6,59.6,59.5,6.8,8.0,262.6,247.0,1009.5,1009.5,88.85,297.94,897.48,31.7488,11.7322,333.4,30.4,1492.1, NAN, NAN, NAN, NAN,,2024/04/05 22:39:47.959,2024-04-05 22:39:47.959000+00:00
2024/04/05, 22:40:47.959,35.748,-74.846,10.84,181.38,182.96,10.92,12.3,12.3,1007.3,1007.3,0.0,0.0,13.74,11.62,47,41,9.5,11.4,59.9,63.0,6.9,7.9,264.1,249.2,1009.4,1009.4,87.66,298.07,868.44,31.7389,11.7372,336.4,30.4,1492.105, NAN, NAN, NAN, NAN,,2024/04/05 22:40:47.959,2024-04-05 22:40:47.959000+00:00
2024/04/05, 22:41:47.959,35.745,-74.846,10.21,181.23,179.37,9.96,12.2,12.3,1007.3,1007.3,0.0,0.0,13.74,11.62,49,43,9.4,11.0,64.0,63.8,7.1,8.0,262.8,249.8,1009.4,1009.4,81.72,298.12,844.98,31.7313,11.7358,336.4,30.0,1492.091, NAN, NAN, NAN, NAN,,2024/04/05 22:41:47.959,2024-04-05 22:41:47.959000+00:00
2024/04/05, 22:42:47.959,35.743,-74.846,9.36,181.19,181.13,9.15,12.2,12.2,1007.4,1007.4,0.0,0.0,13.74,11.62,50,44,8.0,9.9,66.2,66.2,6.2,7.3,267.1,251.8,1009.5,1009.5,78.07,297.73,826.38,31.727,11.7382,335.2,30.2,1492.094, NAN, NAN, NAN, NAN,,2024/04/05 22:42:47.959,2024-04-05 22:42:47.959000+00:00
2024/04/05, 22:43:47.959,35.74,-74.846,9.13,181.12,181.51,9.48,12.2,12.2,1007.4,1007.5,0.0,0.0,13.74,11.62,51,44,8.8,10.5,63.6,63.6,6.8,7.7,265.5,250.7,1009.5,1009.6,76.17,298.62,804.13,31.7197,11.74,330.7,30.1,1492.092, NAN, NAN, NAN, NAN,,2024/04/05 22:43:47.959,2024-04-05 22:43:47.959000+00:00
2024/04/05, 22:44:47.959,35.737,-74.846,8.9,182.23,182.16,9.11,12.2,12.2,1007.4,1007.4,0.0,0.0,13.74,11.62,48,43,9.4,10.9,59.2,59.5,7.1,8.1,259.2,248.3,1009.5,1009.5,73.37,299.25,780.09,31.7053,11.7425,334.8,30.0,1492.083, NAN, NAN, NAN, NAN,,2024/04/05 22:44:47.959,2024-04-05 22:44:47.959000+00:00
2024/04/05, 22:45:47.959,35.735,-74.846,8.9,181.6,182.65,9.17,12.4,12.4,1007.3,1007.3,0.0,0.0,13.74,11.62,55,48,10.3,12.3,60.3,60.7,8.4,9.7,263.5,250.4,1009.4,1009.4,42.23,298.97,358.14,31.7003,11.746,340.9,30.2,1492.09, NAN, NAN, NAN, NAN,,2024/04/05 22:45:47.959,2024-04-05 22:45:47.959000+00:00
2024/04/05, 22:46:47.960,35.733,-74.847,8.28,188.83,184.74,8.25,12.5,12.5,1007.3,1007.4,0.0,0.0,13.74,11.62,48,41,8.1,10.2,57.3,57.2,6.4,7.8,268.1,252.4,1009.4,1009.5,27.83,297.6,259.43,31.6957,11.7482,335.2,30.2,1492.092, NAN, NAN, NAN, NAN,,2024/04/05 22:46:47.960,2024-04-05 22:46:47.960000+00:00
2024/04/05, 22:47:47.960,35.731,-74.847,5.83,225.22,211.48,5.9,12.4,12.5,1007.4,1007.4,0.0,0.0,13.74,11.62,44,39,9.1,11.1,61.1,61.2,7.9,9.6,288.1,278.8,1009.5,1009.5,22.37,297.99,200.85,31.6898,11.752,340.8,30.1,1492.098, NAN, NAN, NAN, NAN,,2024/04/05 22:47:47.960,2024-04-05 22:47:47.960000+00:00
2024/04/05, 22:48:47.960,35.73,-74.848,2.55,269.39,253.87,2.68,12.4,12.4,1007.5,1007.6,0.0,0.0,13.74,11.62,12,5,7.5,7.1,61.1,60.8,6.4,5.9,287.8,279.9,1009.6,1009.7,21.59,297.48,194.79,31.678,11.7813,342.2,30.3,1492.185, NAN, NAN, NAN, NAN,,2024/04/05 22:48:47.960,2024-04-05 22:48:47.960000+00:00
2024/04/05, 22:49:47.960,35.73,-74.849,0.86,279.52,217.97,0.78,12.3,12.4,1007.5,1007.5,0.0,0.0,13.74,11.62,337,330,6.7,8.7,64.0,63.8,6.3,8.3,257.5,249.9,1009.6,1009.6,20.42,298.37,187.81,31.6673,11.8054,340.8,30.2,1492.256, NAN, NAN, NAN, NAN,,2024/04/05 22:49:47.960,2024-04-05 22:49:47.960000+00:00
2024/04/05, 22:50:47.960,35.73,-74.849,0.1,278.19,159.17,0.2,12.3,12.4,1007.6,1007.5,0.0,0.0,13.74,11.62,351,343,5.8,5.8,61.2,61.1,5.8,5.8,270.2,262.2,1009.7,1009.6,19.48,298.22,180.78,31.6613,11.8089,341.9,30.2,1492.261, NAN, NAN, NAN, NAN,,2024/04/05 22:50:47.960,2024-04-05 22:50:47.960000+00:00
2024/04/05, 22:51:47.960,35.73,-74.849,-0.15,277.55,44.36,0.3,12.3,12.4,1007.7,1007.4,0.0,0.0,13.74,11.62,352,344,5.2,5.2,62.2,62.3,5.3,5.3,268.1,260.3,1009.8,1009.5,18.39,297.74,175.0,31.6635,11.8061,335.8,30.3,1492.254, NAN, NAN, NAN, NAN,,2024/04/05 22:51:47.960,2024-04-05 22:51:47.960000+00:00
2024/04/05, 22:52:47.960,35.73,-74.849,-0.08,278.12,350.61,0.27,12.3,12.3,1007.6,1007.4,0.0,0.0,13.74,11.62,348,341,5.3,5.4,62.2,61.9,5.3,5.4,264.6,257.6,1009.7,1009.5,17.51,298.26,168.38,31.6764,11.8037,335.2,30.1,1492.261, NAN, NAN, NAN, NAN,,2024/04/05 22:52:47.960,2024-04-05 22:52:47.960000+00:00
2024/04/05, 22:53:47.960,35.73,-74.849,-0.05,278.79,335.42,0.03,12.3,12.3,1007.6,1007.5,0.0,0.0,13.74,11.62,349,343,5.2,5.3,62.8,62.2,5.2,5.3,267.8,261.8,1009.7,1009.6,16.56,298.37,161.69,31.6836,11.8053,336.1,30.1,1492.275, NAN, NAN, NAN, NAN,,2024/04/05 22:53:47.960,2024-04-05 22:53:47.960000+00:00
2024/04/05, 22:54:47.960,35.73,-74.849,0.03,278.21,192.33,0.13,12.3,12.3,1007.6,1007.4,0.0,0.0,13.74,11.62,349,344,5.3,5.1,62.1,62.3,5.4,5.2,267.4,262.4,1009.7,1009.5,15.69,298.25,154.32,31.6873,11.8081,336.1,30.3,1492.289, NAN, NAN, NAN, NAN,,2024/04/05 22:54:47.960,2024-04-05 22:54:47.960000+00:00
2024/04/05, 22:55:47.960,35.73,-74.849,-0.07,275.39,5.62,0.15,12.3,12.3,1007.6,1007.6,0.0,0.0,13.74,11.62,350,345,5.5,5.3,62.3,62.3,5.6,5.4,265.1,260.2,1009.7,1009.7,14.91,298.24,146.88,31.6892,11.8084,335.5,30.1,1492.293, NAN, NAN, NAN, NAN,,2024/04/05 22:55:47.960,2024-04-05 22:55:47.960000+00:00
2024/04/05, 22:56:47.960,35.73,-74.849,-0.08,273.62,36.07,0.06,12.3,12.3,1007.5,1007.5,0.0,0.0,13.74,11.62,359,350,5.7,5.2,62.8,62.5,5.7,5.2,272.3,263.3,1009.6,1009.6,14.19,298.79,141.78,31.6905,11.8087,340.9,30.3,1492.295, NAN, NAN, NAN, NAN,,2024/04/05 22:56:47.960,2024-04-05 22:56:47.960000+00:00
2024/04/05, 22:57:47.960,35.73,-74.849,-0.13,272.48,161.71,0.13,12.3,12.3,1007.6,1007.6,0.0,0.0,13.74,11.62,359,353,5.2,5.0,61.2,61.0,5.2,5.0,272.2,266.2,1009.7,1009.7,13.53,298.85,136.58,31.6908,11.8091,340.9,30.5,1492.297, NAN, NAN, NAN, NAN,,2024/04/05 22:57:47.960,2024-04-05 22:57:47.960000+00:00
2024/04/05, 22:58:47.960,35.73,-74.849,-0.08,271.58,317.18,0.13,12.4,12.4,1007.5,1007.5,0.0,0.0,13.74,11.62,359,354,4.9,5.0,60.3,60.1,4.9,5.0,269.8,264.8,1009.6,1009.6,12.77,298.7,131.18,31.692,11.8084,339.8,30.5,1492.296, NAN, NAN, NAN, NAN,,2024/04/05 22:58:47.960,2024-04-05 22:58:47.960000+00:00
2024/04/05, 22:59:47.960,35.73,-74.849,0.05,273.21,203.6,0.54,12.4,12.4,1007.6,1007.6,0.0,0.0,13.74,11.62,357,351,5.4,5.3,61.1,61.1,5.3,5.1,272.8,266.7,1009.7,1009.7,12.31,298.85,125.79,31.6933,11.8083,342.5,30.3,1492.297, NAN, NAN, NAN, NAN,,2024/04/05 22:59:47.960,2024-04-05 22:59:47.960000+00:00
2024/04/05, 23:00:47.960,35.73,-74.849,-0.01,272.09,258.08,0.16,12.4,12.4,1007.4,1007.5,0.0,0.0,13.74,11.62,356,350,5.5,5.4,61.2,61.1,5.4,5.3,267.9,261.8,1009.5,1009.6,11.5,298.8,119.62,31.6942,11.8073,340.1,30.1,1492.295, NAN, NAN, NAN, NAN,,2024/04/05 23:00:47.960,2024-04-05 23:00:47.960000+00:00
2024/04/05, 23:01:47.961,35.73,-74.849,-0.03,273.2,5.02,0.01,12.4,12.4,1007.5,1007.6,0.0,0.0,13.74,11.62,351,346,5.3,5.2,62.2,62.1,5.3,5.2,264.1,259.1,1009.6,1009.7,10.79,298.85,113.97,31.6933,11.8056,340.9,30.1,1492.288, NAN, NAN, NAN, NAN,,2024/04/05 23:01:47.961,2024-04-05 23:01:47.961000+00:00
2024/04/05, 23:02:47.961,35.73,-74.849,-0.07,269.03,215.84,0.31,12.4,12.4,1007.5,1007.6,0.0,0.0,13.74,11.62,1,355,5.6,5.4,61.3,61.3,5.6,5.4,271.6,265.6,1009.6,1009.7,10.11,298.97,108.82,31.6928,11.802,344.3,30.2,1492.275, NAN, NAN, NAN, NAN,,2024/04/05 23:02:47.961,2024-04-05 23:02:47.961000+00:00
2024/04/05, 23:03:47.961,35.73,-74.849,-0.09,269.11,3.8,0.16,12.4,12.4,1007.6,1007.5,0.0,0.0,13.74,11.62,355,350,6.1,6.0,61.2,60.7,6.1,6.0,263.3,258.3,1009.7,1009.6,9.41,299.4,103.7,31.6893,11.7985,336.8,30.2,1492.258, NAN, NAN, NAN, NAN,,2024/04/05 23:03:47.961,2024-04-05 23:03:47.961000+00:00
2024/04/05, 23:04:47.961,35.73,-74.849,-0.13,268.45,185.32,0.2,12.5,12.5,1007.5,1007.6,0.0,0.0,13.74,11.62,356,349,5.3,5.2,58.9,59.0,5.3,5.2,265.5,258.5,1009.6,1009.7,8.78,299.65,98.44,31.687,11.7968,340.8,30.1,1492.25, NAN, NAN, NAN, NAN,,2024/04/05 23:04:47.961,2024-04-05 23:04:47.961000+00:00
2024/04/05, 23:05:47.961,35.73,-74.849,-0.01,267.38,152.42,0.02,12.5,12.6,1007.6,1007.6,0.0,0.0,13.74,11.62,355,350,5.1,5.0,57.6,57.6,5.1,5.0,262.5,257.5,1009.7,1009.7,8.25,299.3,92.44,31.6824,11.7962,345.2,30.2,1492.242, NAN, NAN, NAN, NAN,,2024/04/05 23:05:47.961,2024-04-05 23:05:47.961000+00:00
2024/04/05, 23:06:47.961,35.73,-74.849,0.0,268.83,19.42,0.34,12.6,12.6,1007.5,1007.7,0.0,0.0,13.74,11.62,348,343,5.2,5.3,60.3,60.5,5.3,5.4,255.4,250.5,1009.6,1009.8,7.48,299.08,87.73,31.6811,11.7943,343.2,30.2,1492.234, NAN, NAN, NAN, NAN,,2024/04/05 23:06:47.961,2024-04-05 23:06:47.961000+00:00
2024/04/05, 23:07:47.961,35.73,-74.849,-0.01,269.04,348.42,0.06,12.6,12.6,1007.7,1007.5,0.0,0.0,13.74,11.62,343,338,4.9,5.1,60.5,60.6,4.9,5.1,251.7,246.8,1009.8,1009.6,6.92,299.4,83.14,31.678,11.7923,351.0,29.9,1492.223, NAN, NAN, NAN, NAN,,2024/04/05 23:07:47.961,2024-04-05 23:07:47.961000+00:00
2024/04/05, 23:08:47.961,35.73,-74.849,-0.01,263.08,165.78,0.37,12.6,12.6,1007.6,1007.5,0.0,0.0,13.74,11.62,349,344,4.8,5.0,61.5,61.4,4.7,4.9,254.2,249.1,1009.7,1009.6,6.26,299.08,78.82,31.6741,11.7902,353.2,30.2,1492.211, NAN, NAN, NAN, NAN,,2024/04/05 23:08:47.961,2024-04-05 23:08:47.961000+00:00
2024/04/05, 23:09:47.961,35.73,-74.849,-0.14,262.08,149.02,0.32,12.5,12.6,1007.6,1007.6,0.0,0.0,13.74,11.62,354,346,5.8,5.7,62.3,62.6,5.8,5.7,257.7,249.7,1009.7,1009.7,5.61,299.25,73.71,31.673,11.7891,349.2,30.2,1492.206, NAN, NAN, NAN, NAN,,2024/04/05 23:09:47.961,2024-04-05 23:09:47.961000+00:00
2024/04/05, 23:10:47.961,35.73,-74.849,-0.16,261.63,345.74,0.43,12.5,12.5,1007.5,1007.7,0.0,0.0,13.74,11.62,350,345,5.6,5.6,60.1,60.4,5.6,5.6,249.4,244.4,1009.6,1009.8,4.9,299.06,69.34,31.6731,11.7907,350.5,30.2,1492.212, NAN, NAN, NAN, NAN,,2024/04/05 23:10:47.961,2024-04-05 23:10:47.961000+00:00
2024/04/05, 23:11:47.961,35.73,-74.849,-0.13,261.26,185.76,0.26,12.5,12.5,1007.6,1007.6,0.0,0.0,13.74,11.62,343,337,5.0,5.1,61.8,61.5,5.1,5.2,242.9,237.0,1009.7,1009.7,4.18,298.76,65.03,31.6757,11.7938,343.8,30.1,1492.226, NAN, NAN, NAN, NAN,,2024/04/05 23:11:47.961,2024-04-05 23:11:47.961000+00:00
2024/04/05, 23:12:47.961,35.73,-74.849,-0.12,261.42,111.48,0.14,12.5,12.5,1007.5,1007.6,0.0,0.0,13.74,11.62,347,341,5.5,5.5,59.4,59.6,5.6,5.6,248.7,242.8,1009.6,1009.7,3.53,299.23,60.87,31.6783,11.7947,341.6,30.2,1492.232, NAN, NAN, NAN, NAN,,2024/04/05 23:12:47.961,2024-04-05 23:12:47.961000+00:00
2024/04/05, 23:13:47.961,35.73,-74.849,-0.08,262.69,218.88,0.16,12.5,12.5,1007.7,1007.5,0.0,0.0,13.74,11.62,350,343,5.9,5.9,58.9,58.9,5.9,5.9,253.4,246.3,1009.8,1009.6,3.04,299.54,56.94,31.6819,11.7941,346.2,30.3,1492.234, NAN, NAN, NAN, NAN,,2024/04/05 23:13:47.961,2024-04-05 23:13:47.961000+00:00
2024/04/05, 23:14:47.961,35.73,-74.849,-0.09,261.79,338.35,0.26,12.6,12.6,1007.5,1007.6,0.0,0.0,13.74,11.62,345,339,4.9,4.9,59.4,59.2,4.9,4.9,245.2,239.2,1009.6,1009.7,2.42,299.02,52.37,31.6821,11.7932,346.5,30.3,1492.231, NAN, NAN, NAN, NAN,,2024/04/05 23:14:47.961,2024-04-05 23:14:47.961000+00:00
2024/04/05, 23:15:47.961,35.73,-74.849,-0.01,260.98,5.27,0.52,12.6,12.6,1007.6,1007.5,0.0,0.0,13.74,11.62,345,340,4.8,4.8,62.8,62.6,4.9,5.0,243.4,238.5,1009.7,1009.6,1.85,298.79,48.5,31.683,11.7942,348.0,30.3,1492.236, NAN, NAN, NAN, NAN,,2024/04/05 23:15:47.961,2024-04-05 23:15:47.961000+00:00
2024/04/05, 23:16:47.961,35.73,-74.849,-0.12,261.26,1.68,0.16,12.5,12.5,1007.6,1007.5,0.0,0.0,13.74,11.62,349,343,4.8,4.8,63.0,63.1,4.8,4.8,249.4,243.5,1009.7,1009.6,1.0,298.69,44.66,31.683,11.7965,348.0,30.1,1492.244, NAN, NAN, NAN, NAN,,2024/04/05 23:16:47.961,2024-04-05 23:16:47.961000+00:00
2024/04/05, 23:17:47.962,35.73,-74.849,-0.1,262.15,261.53,0.11,12.5,12.5,1007.7,1007.6,0.0,0.0,13.74,11.62,347,340,4.4,4.4,63.6,63.6,4.4,4.4,248.7,241.6,1009.8,1009.7,0.31,298.44,41.1,31.684,11.7971,345.9,30.2,1492.247, NAN, NAN, NAN, NAN,,2024/04/05 23:17:47.962,2024-04-05 23:17:47.962000+00:00
2024/04/05, 23:18:47.962,35.73,-74.849,-0.03,261.65,118.6,0.12,12.4,12.4,1007.6,1007.6,0.0,0.0,13.74,11.62,346,340,5.1,5.3,64.9,65.5,5.2,5.4,247.8,241.9,1009.7,1009.7,-0.18,298.69,37.63,31.6848,11.7963,344.6,30.1,1492.245, NAN, NAN, NAN, NAN,,2024/04/05 23:18:47.962,2024-04-05 23:18:47.962000+00:00
2024/04/05, 23:19:47.962,35.73,-74.849,-0.17,262.31,260.09,0.1,12.4,12.4,1007.7,1007.6,0.0,0.0,13.74,11.62,347,340,4.7,4.9,63.0,62.7,4.7,4.9,248.7,241.7,1009.8,1009.7,-0.86,298.44,33.8,31.6856,11.7976,343.5,30.2,1492.251, NAN, NAN, NAN, NAN,,2024/04/05 23:19:47.962,2024-04-05 23:19:47.962000+00:00
2024/04/05, 23:20:47.962,35.73,-74.849,-0.08,261.14,348.04,0.2,12.4,12.4,1007.6,1007.6,0.0,0.0,13.74,11.62,347,341,4.7,4.8,61.8,62.1,4.7,4.8,246.9,241.0,1009.7,1009.7,-1.33,299.19,30.66,31.6862,11.7988,347.5,30.4,1492.256, NAN, NAN, NAN, NAN,,2024/04/05 23:20:47.962,2024-04-05 23:20:47.962000+00:00
2024/04/05, 23:21:47.962,35.73,-74.849,-0.09,262.33,146.34,0.13,12.4,12.4,1007.7,1007.6,0.0,0.0,13.74,11.62,342,336,4.9,4.8,63.7,64.0,4.9,4.8,245.1,239.1,1009.8,1009.7,-1.85,298.8,27.7,31.687,11.7984,346.8,30.5,1492.255, NAN, NAN, NAN, NAN,,2024/04/05 23:21:47.962,2024-04-05 23:21:47.962000+00:00
2024/04/05, 23:22:47.962,35.73,-74.849,-0.03,261.83,342.98,0.15,12.4,12.5,1007.6,1007.6,0.0,0.0,13.74,11.62,343,334,4.8,5.0,65.1,64.9,4.8,5.0,244.0,235.1,1009.7,1009.7,-2.36,298.8,24.83,31.6862,11.7962,347.2,30.5,1492.247, NAN, NAN, NAN, NAN,,2024/04/05 23:22:47.962,2024-04-05 23:22:47.962000+00:00
2024/04/05, 23:23:47.962,35.73,-74.849,-0.05,262.41,63.63,0.15,12.4,12.4,1007.6,1007.7,0.0,0.0,13.74,11.62,346,340,4.4,4.7,63.7,63.9,4.4,4.7,247.6,241.7,1009.7,1009.8,-2.88,299.27,22.09,31.6842,11.7872,349.9,30.3,1492.213, NAN, NAN, NAN, NAN,,2024/04/05 23:23:47.962,2024-04-05 23:23:47.962000+00:00
2024/04/05, 23:24:47.962,35.73,-74.849,-0.04,261.44,281.13,0.21,12.4,12.4,1007.7,1007.5,0.0,0.0,13.74,11.62,342,336,4.4,4.5,61.5,61.6,4.4,4.4,244.8,238.7,1009.8,1009.6,-3.28,299.13,19.17,31.682,11.7733,347.6,30.3,1492.162, NAN, NAN, NAN, NAN,,2024/04/05 23:24:47.962,2024-04-05 23:24:47.962000+00:00
2024/04/05, 23:25:47.962,35.73,-74.849,0.03,261.13,271.95,0.14,12.5,12.5,1007.7,1007.5,0.0,0.0,13.74,11.62,344,337,4.4,4.5,62.8,62.8,4.4,4.5,244.2,237.2,1009.8,1009.6,-3.64,299.37,16.82,31.6765,11.7638,347.5,30.4,1492.123, NAN, NAN, NAN, NAN,,2024/04/05 23:25:47.962,2024-04-05 23:25:47.962000+00:00
2024/04/05, 23:26:47.962,35.73,-74.849,-0.04,262.53,205.88,0.11,12.5,12.5,1007.5,1007.6,0.0,0.0,13.74,11.62,339,333,4.5,5.0,62.8,62.7,4.5,5.0,242.2,236.2,1009.6,1009.7,-4.12,299.49,14.68,31.673,11.7573,346.8,30.5,1492.096, NAN, NAN, NAN, NAN,,2024/04/05 23:26:47.962,2024-04-05 23:26:47.962000+00:00
2024/04/05, 23:27:47.962,35.73,-74.849,-0.07,261.22,151.92,0.46,12.5,12.5,1007.6,1007.7,0.0,0.0,13.74,11.62,343,336,4.5,4.7,63.2,63.2,4.5,4.7,247.2,240.1,1009.7,1009.8,-4.36,299.31,12.77,31.6715,11.7527,348.3,30.2,1492.078, NAN, NAN, NAN, NAN,,2024/04/05 23:27:47.962,2024-04-05 23:27:47.962000+00:00
2024/04/05, 23:28:47.962,35.73,-74.849,0.02,261.6,357.65,0.25,12.5,12.5,1007.6,1007.6,0.0,0.0,13.74,11.62,343,337,3.5,3.7,63.7,63.5,3.6,3.8,243.0,237.2,1009.7,1009.7,-4.85,298.99,11.03,31.6688,11.7479,351.0,30.1,1492.059, NAN, NAN, NAN, NAN,,2024/04/05 23:28:47.962,2024-04-05 23:28:47.962000+00:00
2024/04/05, 23:29:47.962,35.73,-74.849,-0.1,261.84,321.59,0.14,12.4,12.5,1007.7,1007.5,0.0,0.0,13.74,11.62,340,335,3.0,4.1,66.6,66.4,3.0,4.1,240.8,236.0,1009.8,1009.6,-5.24,298.84,9.22,31.6618,11.7445,354.4,30.1,1492.038, NAN, NAN, NAN, NAN,,2024/04/05 23:29:47.962,2024-04-05 23:29:47.962000+00:00
2024/04/05, 23:30:47.962,35.73,-74.849,-0.08,256.23,333.93,0.18,12.4,12.4,1007.7,1007.6,0.0,0.0,13.74,11.62,337,330,3.7,5.4,68.5,68.7,3.7,5.5,232.0,225.4,1009.8,1009.7,-5.62,299.39,7.83,31.661,11.742,353.6,30.2,1492.029, NAN, NAN, NAN, NAN,,2024/04/05 23:30:47.962,2024-04-05 23:30:47.962000+00:00
2024/04/05, 23:31:47.962,35.73,-74.849,-0.03,254.44,0.2,0.54,12.4,12.4,1007.7,1007.7,0.0,0.0,13.74,11.62,341,333,3.4,4.2,68.6,69.0,3.5,4.4,231.5,224.5,1009.8,1009.8,-6.09,299.38,6.61,31.6585,11.7413,352.6,30.1,1492.023, NAN, NAN, NAN, NAN,,2024/04/05 23:31:47.962,2024-04-05 23:31:47.962000+00:00
2024/04/05, 23:32:47.963,35.73,-74.849,-0.01,246.58,153.69,0.38,12.3,12.3,1007.7,1007.5,0.0,0.0,13.74,11.62,338,330,3.1,4.8,69.7,69.8,3.1,4.7,228.2,218.8,1009.8,1009.6,-6.36,299.84,5.52,31.6568,11.7413,360.0,30.2,1492.021, NAN, NAN, NAN, NAN,,2024/04/05 23:32:47.963,2024-04-05 23:32:47.963000+00:00
2024/04/05, 23:33:47.963,35.73,-74.849,-0.07,244.78,294.48,0.07,12.3,12.3,1007.6,1007.6,0.0,0.0,13.74,11.62,337,334,3.6,4.8,69.8,70.0,3.6,4.8,221.9,218.9,1009.7,1009.7,-6.57,299.66,4.58,31.6566,11.7429,355.0,30.3,1492.027, NAN, NAN, NAN, NAN,,2024/04/05 23:33:47.963,2024-04-05 23:33:47.963000+00:00
2024/04/05, 23:34:47.963,35.73,-74.849,0.0,246.76,15.51,0.21,12.3,12.3,1007.7,1007.5,0.0,0.0,13.74,11.62,324,324,3.2,5.9,71.6,71.5,3.3,6.0,210.4,210.6,1009.8,1009.6,-6.72,300.89,3.63,31.6571,11.7451,356.0,30.3,1492.035, NAN, NAN, NAN, NAN,,2024/04/05 23:34:47.963,2024-04-05 23:34:47.963000+00:00
2024/04/05, 23:35:47.963,35.73,-74.849,0.0,244.62,334.43,0.03,12.2,12.3,1007.7,1007.5,0.0,0.0,13.74,11.62,329,325,3.5,5.9,72.7,72.7,3.5,5.9,213.8,209.7,1009.8,1009.6,-6.99,301.52,2.94,31.6577,11.7448,356.9,30.0,1492.034, NAN, NAN, NAN, NAN,,2024/04/05 23:35:47.963,2024-04-05 23:35:47.963000+00:00
2024/04/05, 23:36:47.963,35.73,-74.849,0.0,244.76,231.48,0.15,12.2,12.2,1007.7,1007.6,0.0,0.0,13.74,11.62,330,327,3.7,6.0,72.1,72.3,3.7,6.0,213.6,211.0,1009.8,1009.7,-7.19,301.95,2.37,31.6574,11.7455,362.7,30.1,1492.037, NAN, NAN, NAN, NAN,,2024/04/05 23:36:47.963,2024-04-05 23:36:47.963000+00:00
2024/04/05, 23:37:47.963,35.73,-74.849,-0.11,245.82,325.82,0.35,12.1,12.2,1007.6,1007.6,0.0,0.0,13.74,11.62,333,329,3.6,5.9,70.7,70.7,3.7,6.0,216.2,213.2,1009.7,1009.7,-7.22,302.43,1.88,31.6573,11.7464,356.3,30.1,1492.04, NAN, NAN, NAN, NAN,,2024/04/05 23:37:47.963,2024-04-05 23:37:47.963000+00:00
2024/04/05, 23:38:47.963,35.73,-74.849,-0.17,245.91,239.84,0.28,12.1,12.1,1007.5,1007.6,0.0,0.0,13.74,11.62,336,331,3.8,5.0,71.0,71.1,3.8,5.0,219.8,215.3,1009.6,1009.7,-7.28,302.57,1.43,31.6569,11.7459,364.8,30.3,1492.037, NAN, NAN, NAN, NAN,,2024/04/05 23:38:47.963,2024-04-05 23:38:47.963000+00:00
2024/04/05, 23:39:47.963,35.73,-74.849,-0.19,244.94,141.31,0.1,12.1,12.1,1007.6,1007.5,0.0,0.0,13.74,11.62,339,332,3.6,4.8,69.9,70.2,3.6,4.8,224.8,217.5,1009.7,1009.6,-7.34,303.62,1.12,31.6568,11.746,356.6,30.3,1492.038, NAN, NAN, NAN, NAN,,2024/04/05 23:39:47.963,2024-04-05 23:39:47.963000+00:00
2024/04/05, 23:40:47.963,35.73,-74.849,-0.12,245.59,201.99,0.21,12.1,12.1,1007.6,1007.6,0.0,0.0,13.74,11.62,348,340,3.9,4.0,69.5,69.5,3.8,3.9,234.1,225.8,1009.7,1009.7,-7.39,305.08,0.88,31.6586,11.7452,359.6,30.3,1492.037, NAN, NAN, NAN, NAN,,2024/04/05 23:40:47.963,2024-04-05 23:40:47.963000+00:00
2024/04/05, 23:41:47.963,35.73,-74.849,-0.1,245.61,323.47,0.1,12.1,12.1,1007.5,1007.5,0.0,0.0,13.74,11.62,343,338,3.7,3.8,68.7,68.8,3.7,3.8,229.2,224.1,1009.6,1009.6,-7.34,306.61,0.69,31.6581,11.7426,361.4,30.3,1492.027, NAN, NAN, NAN, NAN,,2024/04/05 23:41:47.963,2024-04-05 23:41:47.963000+00:00
2024/04/05, 23:42:47.963,35.73,-74.849,-0.14,245.83,66.26,0.2,12.2,12.2,1007.7,1007.5,0.0,0.0,13.74,11.62,341,335,3.7,3.7,69.2,69.1,3.7,3.7,228.4,222.4,1009.8,1009.6,-7.27,308.66,0.54,31.6594,11.7436,357.2,30.3,1492.032, NAN, NAN, NAN, NAN,,2024/04/05 23:42:47.963,2024-04-05 23:42:47.963000+00:00
2024/04/05, 23:43:47.963,35.73,-74.849,-0.1,245.4,31.34,0.01,12.2,12.2,1007.6,1007.6,0.0,0.0,13.74,11.62,342,335,4.2,4.6,69.4,69.5,4.2,4.6,227.4,220.4,1009.7,1009.7,-7.24,310.84,0.41,31.6584,11.744,355.0,30.4,1492.033, NAN, NAN, NAN, NAN,,2024/04/05 23:43:47.963,2024-04-05 23:43:47.963000+00:00
2024/04/05, 23:44:47.963,35.73,-74.849,-0.07,245.63,340.32,0.08,12.2,12.2,1007.7,1007.6,0.0,0.0,13.74,11.62,346,339,3.9,3.8,68.4,68.8,3.9,3.8,231.1,224.1,1009.8,1009.7,-7.16,312.43,0.32,31.6583,11.7423,358.0,30.5,1492.027, NAN, NAN, NAN, NAN,,2024/04/05 23:44:47.963,2024-04-05 23:44:47.963000+00:00
2024/04/05, 23:45:47.963,35.73,-74.849,-0.13,244.98,96.45,0.21,12.2,12.2,1007.6,1007.5,0.0,0.0,13.74,11.62,350,342,3.9,3.9,68.8,69.0,4.0,4.0,235.7,227.9,1009.7,1009.6,-7.15,313.58,0.25,31.658,11.742,356.6,30.4,1492.025, NAN, NAN, NAN, NAN,,2024/04/05 23:45:47.963,2024-04-05 23:45:47.963000+00:00
2024/04/05, 23:46:47.963,35.73,-74.849,-0.15,245.19,209.92,0.33,12.2,12.2,1007.6,1007.6,0.0,0.0,13.74,11.62,344,338,3.9,3.9,68.6,68.5,3.8,3.8,226.9,220.8,1009.7,1009.7,-7.14,314.12,0.19,31.6581,11.7415,356.0,30.4,1492.024, NAN, NAN, NAN, NAN,,2024/04/05 23:46:47.963,2024-04-05 23:46:47.963000+00:00
2024/04/05, 23:47:47.964,35.73,-74.849,-0.14,236.82,329.92,0.44,12.2,12.2,1007.6,1007.6,0.0,0.0,13.74,11.62,347,340,4.0,4.2,68.3,68.3,4.1,4.3,221.1,214.5,1009.7,1009.7,-7.08,314.81,0.14,31.6574,11.7416,353.2,30.2,1492.023, NAN, NAN, NAN, NAN,,2024/04/05 23:47:47.964,2024-04-05 23:47:47.964000+00:00
2024/04/05, 23:48:47.964,35.73,-74.849,-0.17,230.35,36.81,0.09,12.2,12.2,1007.7,1007.5,0.0,0.0,13.74,11.62,357,352,4.0,3.8,67.1,67.1,4.0,3.8,226.8,221.8,1009.8,1009.6,-7.05,315.48,0.1,31.6561,11.7402,356.6,30.2,1492.017, NAN, NAN, NAN, NAN,,2024/04/05 23:48:47.964,2024-04-05 23:48:47.964000+00:00
2024/04/05, 23:49:47.964,35.73,-74.849,-0.18,231.27,299.22,0.07,12.3,12.3,1007.6,1007.6,0.0,0.0,13.74,11.62,4,358,3.7,3.6,69.5,69.5,3.7,3.6,235.8,229.8,1009.7,1009.7,-7.09,316.32,0.08,31.6553,11.7385,357.4,30.3,1492.01, NAN, NAN, NAN, NAN,,2024/04/05 23:49:47.964,2024-04-05 23:49:47.964000+00:00
2024/04/05, 23:50:47.964,35.73,-74.849,-0.2,231.42,106.81,0.19,12.2,12.3,1007.6,1007.6,0.0,0.0,13.74,11.62,2,354,4.3,4.1,69.3,69.3,4.4,4.2,233.7,225.9,1009.7,1009.7,-7.02,317.46,0.06,31.6544,11.7386,356.3,30.4,1492.009, NAN, NAN, NAN, NAN,,2024/04/05 23:50:47.964,2024-04-05 23:50:47.964000+00:00
2024/04/05, 23:51:47.964,35.73,-74.849,-0.13,231.22,328.34,0.15,12.2,12.2,1007.7,1007.6,0.0,0.0,13.74,11.62,4,356,4.5,4.2,68.6,68.7,4.5,4.2,234.2,226.2,1009.8,1009.7,-7.06,319.06,0.05,31.6555,11.7401,357.4,30.5,1492.016, NAN, NAN, NAN, NAN,,2024/04/05 23:51:47.964,2024-04-05 23:51:47.964000+00:00
2024/04/05, 23:52:47.964,35.73,-74.849,-0.18,232.76,310.8,0.21,12.2,12.2,1007.7,1007.6,0.0,0.0,13.74,11.62,3,356,4.2,4.0,68.4,68.4,4.2,4.0,234.3,227.2,1009.8,1009.7,-6.89,321.25,0.04,31.6551,11.7433,360.8,30.5,1492.026, NAN, NAN, NAN, NAN,,2024/04/05 23:52:47.964,2024-04-05 23:52:47.964000+00:00
2024/04/05, 23:53:47.964,35.73,-74.849,-0.14,230.66,107.62,0.19,12.2,12.2,1007.7,1007.7,0.0,0.0,13.74,11.62,356,350,4.9,4.8,69.1,69.0,4.9,4.8,227.8,221.8,1009.8,1009.8,-6.82,322.66,0.02,31.657,11.7451,359.3,30.4,1492.035, NAN, NAN, NAN, NAN,,2024/04/05 23:53:47.964,2024-04-05 23:53:47.964000+00:00
2024/04/05, 23:54:47.964,35.73,-74.849,-0.15,230.94,307.84,0.22,12.2,12.2,1007.6,1007.6,0.0,0.0,13.74,11.62,0,354,4.6,4.6,68.1,68.1,4.6,4.6,229.6,223.5,1009.7,1009.7,-6.77,321.36,0.01,31.6568,11.7458,355.6,30.6,1492.037, NAN, NAN, NAN, NAN,,2024/04/05 23:54:47.964,2024-04-05 23:54:47.964000+00:00
2024/04/05, 23:55:47.964,35.73,-74.849,-0.18,231.27,107.48,0.42,12.2,12.2,1007.7,1007.6,0.0,0.0,13.74,11.62,0,353,4.4,4.3,67.9,67.6,4.4,4.3,234.1,227.1,1009.8,1009.7,-6.66,319.38,0.01,31.661,11.746,357.2,30.4,1492.043, NAN, NAN, NAN, NAN,,2024/04/05 23:55:47.964,2024-04-05 23:55:47.964000+00:00
2024/04/05, 23:56:47.964,35.73,-74.849,-0.24,231.07,64.62,0.13,12.2,12.2,1007.7,1007.6,0.0,0.0,13.74,11.62,0,354,4.3,4.0,70.1,69.9,4.3,4.0,231.8,225.9,1009.8,1009.7,-6.75,317.38,0.0,31.6622,11.7456,356.9,30.5,1492.043, NAN, NAN, NAN, NAN,,2024/04/05 23:56:47.964,2024-04-05 23:56:47.964000+00:00
2024/04/05, 23:57:47.964,35.73,-74.849,-0.13,230.87,158.48,0.17,12.2,12.2,1007.7,1007.7,0.0,0.0,13.74,11.62,4,356,4.1,4.0,69.8,70.1,4.1,4.0,236.1,228.0,1009.8,1009.8,-6.9,316.38,0.0,31.6621,11.7476,352.6,30.5,1492.049, NAN, NAN, NAN, NAN,,2024/04/05 23:57:47.964,2024-04-05 23:57:47.964000+00:00
2024/04/05, 23:58:47.964,35.73,-74.849,-0.15,230.96,174.54,0.12,12.2,12.2,1007.7,1007.6,0.0,0.0,13.74,11.62,5,357,4.3,4.0,71.1,71.2,4.3,4.0,235.2,227.1,1009.8,1009.7,-6.95,316.41,-0.0,31.6621,11.749,355.3,30.3,1492.054, NAN, NAN, NAN, NAN,,2024/04/05 23:58:47.964,2024-04-05 23:58:47.964000+00:00
2024/04/05, 23:59:47.964,35.73,-74.849,-0.13,231.8,295.62,0.24,12.2,12.2,1007.8,1007.7,0.0,0.0,13.74,11.62,5,359,4.3,4.1,71.6,71.5,4.3,4.1,235.2,229.1,1009.9,1009.8,-6.9,316.4,-0.0,31.663,11.7491,356.6,30.5,1492.056, NAN, NAN, NAN, NAN,,2024/04/05 23:59:47.964,2024-04-05 23:59:47.964000+00:00
2024/04/01, 00:00:33.013, 41.524, -70.672,0.14,24.49,173.38, 0.010, NAN,8.1, NAN,1010.5, NAN,0.0, NAN,102.0, NAN,231, NAN,4.3, NAN,72.0, NAN, 4.3, NAN, 255.5, NAN,1012.6,-6.4,277.07,-0.03,5.8722,6.3691,125.4,0.0,1439.77, NAN, NAN, NAN, NAN,,2024/04/01 00:00:33.013,2024-04-01 00:00:33.013000+00:00
2024/04/01, 00:01:33.013, 41.524, -70.672,0.14,24.49,138.67, 0.000, NAN,8.1, NAN,1010.5, NAN,0.0, NAN,102.0, NAN,242, NAN,4.0, NAN,72.3, NAN, 4.0, NAN, 266.5, NAN,1012.6,-6.52,277.17,-0.03,5.8723,6.3645,125.7,0.0,1439.75, NAN, NAN, NAN, NAN,,2024/04/01 00:01:33.013,2024-04-01 00:01:33.013000+00:00
2024/04/01, 00:02:33.013, 41.524, -70.672,0.08,24.5,20.07, 0.000, NAN,8.1, NAN,1010.5, NAN,0.0, NAN,102.0, NAN,232, NAN,4.0, NAN,72.6, NAN, 4.0, NAN, 256.5, NAN,1012.6,-6.51,277.27,-0.03,5.8724,6.3582,125.7,0.0,1439.724, NAN, NAN, NAN, NAN,,2024/04/01 00:02:33.013,2024-04-01 00:02:33.013000+00:00
2024/04/01, 00:03:33.013, 41.524, -70.672,0.01,24.49,62.97, 0.000, NAN,8.0, NAN,1010.5, NAN,0.0, NAN,102.0, NAN,241, NAN,4.2, NAN,72.6, NAN, 4.2, NAN, 265.5, NAN,1012.6,-6.47,277.23,-0.03,5.8726,6.3537,126.3,0.0,1439.705, NAN, NAN, NAN, NAN,,2024/04/01 00:03:33.013,2024-04-01 00:03:33.013000+00:00
2024/04/01, 00:04:33.013, 41.524, -70.672,-0.02,24.49,297.93, 0.000, NAN,8.0, NAN,1010.5, NAN,0.0, NAN,102.0, NAN,245, NAN,4.3, NAN,72.4, NAN, 4.3, NAN, 269.5, NAN,1012.6,-6.41,277.1,-0.03,5.8728,6.3456,125.7,0.0,1439.67, NAN, NAN, NAN, NAN,,2024/04/01 00:04:33.013,2024-04-01 00:04:33.013000+00:00
2024/04/01, 00:05:33.013, 41.524, -70.672,-0.02,24.53,184.97, 0.000, NAN,8.0, NAN,1010.5, NAN,0.0, NAN,102.0, NAN,236, NAN,5.0, NAN,72.5, NAN, 5.0, NAN, 260.5, NAN,1012.6,-6.49,277.75,-0.03,5.873,6.3395,125.7,0.0,1439.644, NAN, NAN, NAN, NAN,,2024/04/01 00:05:33.013,2024-04-01 00:05:33.013000+00:00
2024/04/01, 00:06:33.013, 41.524, -70.672,0.1,24.51,204.72, 0.010, NAN,8.0, NAN,1010.5, NAN,0.0, NAN,102.0, NAN,249, NAN,4.3, NAN,72.5, NAN, 4.3, NAN, 273.5, NAN,1012.6,-6.5,277.34,-0.04,5.873,6.337,125.7,0.0,1439.634, NAN, NAN, NAN, NAN,,2024/04/01 00:06:33.013,2024-04-01 00:06:33.013000+00:00
2024/04/01, 00:07:33.013, 41.524, -70.672,0.03,24.44,94.66, 0.010, NAN,8.0, NAN,1010.5, NAN,0.0, NAN,102.0, NAN,241, NAN,3.9, NAN,72.6, NAN, 3.9, NAN, 265.5, NAN,1012.6,-6.54,277.57,-0.03,5.8733,6.335,126.0,0.0,1439.626, NAN, NAN, NAN, NAN,,2024/04/01 00:07:33.013,2024-04-01 00:07:33.013000+00:00
2024/04/01, 00:08:33.013, 41.524, -70.672,0.02,24.42,330.71, 0.010, NAN,8.0, NAN,1010.5, NAN,0.0, NAN,102.0, NAN,249, NAN,4.0, NAN,72.7, NAN, 4.0, NAN, 273.5, NAN,1012.6,-6.43,277.78,-0.03,5.8733,6.3343,126.0,0.0,1439.623, NAN, NAN, NAN, NAN,,2024/04/01 00:08:33.013,2024-04-01 00:08:33.013000+00:00
2024/04/01, 00:09:33.013, 41.524, -70.672,0.02,24.53,137.17, 0.000, NAN,8.0, NAN,1010.7, NAN,0.0, NAN,102.0, NAN,255, NAN,5.7, NAN,72.5, NAN, 5.7, NAN, 279.5, NAN,1012.8,-6.38,277.66,-0.03,5.8735,6.3334,126.0,0.0,1439.619, NAN, NAN, NAN, NAN,,2024/04/01 00:09:33.013,2024-04-01 00:09:33.013000+00:00
2024/04/01, 00:10:33.013, 41.524, -70.672,0.02,24.52,298.58, 0.010, NAN,8.1, NAN,1010.7, NAN,0.0, NAN,102.0, NAN,264, NAN,4.5, NAN,72.0, NAN, 4.5, NAN, 288.5, NAN,1012.8,-6.35,277.7,-0.05,5.8736,6.3323,126.0,0.0,1439.614, NAN, NAN, NAN, NAN,,2024/04/01 00:10:33.013,2024-04-01 00:10:33.013000+00:00
2024/04/01, 00:11:33.013, 41.524, -70.672,-0.08,24.49,58.67, 0.010, NAN,8.1, NAN,1010.7, NAN,0.0, NAN,102.0, NAN,247, NAN,4.1, NAN,72.7, NAN, 4.1, NAN, 271.4, NAN,1012.8,-6.41,278.4,-0.03,5.8737,6.3311,125.7,0.0,1439.609, NAN, NAN, NAN, NAN,,2024/04/01 00:11:33.013,2024-04-01 00:11:33.013000+00:00
2024/04/01, 00:12:33.013, 41.524, -70.672,0.07,24.45,224.87, 0.000, NAN,8.1, NAN,1010.7, NAN,0.0, NAN,102.0, NAN,257, NAN,5.5, NAN,72.7, NAN, 5.5, NAN, 281.4, NAN,1012.8,-6.53,278.6,-0.04,5.8739,6.334,126.0,0.0,1439.622, NAN, NAN, NAN, NAN,,2024/04/01 00:12:33.013,2024-04-01 00:12:33.013000+00:00
2024/04/01, 00:13:33.014, 41.524, -70.672,-0.01,24.49,102.01, 0.000, NAN,8.1, NAN,1010.7, NAN,0.0, NAN,102.0, NAN,252, NAN,3.9, NAN,71.9, NAN, 3.9, NAN, 276.5, NAN,1012.8,-6.45,278.78,-0.04,5.8739,6.3382,125.7,0.0,1439.64, NAN, NAN, NAN, NAN,,2024/04/01 00:13:33.014,2024-04-01 00:13:33.014000+00:00
2024/04/01, 00:14:33.014, 41.524, -70.672,0.03,24.44,146.91, 0.010, NAN,8.1, NAN,1010.7, NAN,0.0, NAN,102.0, NAN,249, NAN,4.4, NAN,71.5, NAN, 4.4, NAN, 273.5, NAN,1012.8,-6.36,278.43,-0.03,5.874,6.3393,125.4,0.0,1439.645, NAN, NAN, NAN, NAN,,2024/04/01 00:14:33.014,2024-04-01 00:14:33.014000+00:00
2024/04/01, 00:15:33.014, 41.524, -70.672,-0.08,24.51,301.24, 0.000, NAN,8.2, NAN,1010.7, NAN,0.0, NAN,102.0, NAN,250, NAN,4.2, NAN,70.6, NAN, 4.2, NAN, 274.5, NAN,1012.8,-6.24,278.56,-0.03,5.8741,6.34,126.6,0.0,1439.648, NAN, NAN, NAN, NAN,,2024/04/01 00:15:33.014,2024-04-01 00:15:33.014000+00:00
2024/04/01, 00:16:33.014, 41.524, -70.672,-0.02,24.52,273.87, 0.000, NAN,8.3, NAN,1010.8, NAN,0.0, NAN,102.0, NAN,255, NAN,4.0, NAN,69.9, NAN, 4.0, NAN, 279.5, NAN,1012.9,-6.29,279.38,-0.03,5.8742,6.3409,126.3,0.0,1439.652, NAN, NAN, NAN, NAN,,2024/04/01 00:16:33.014,2024-04-01 00:16:33.014000+00:00
2024/04/01, 00:17:33.014, 41.524, -70.672,-0.14,24.43,11.44, 0.000, NAN,8.3, NAN,1010.8, NAN,0.0, NAN,102.0, NAN,248, NAN,4.8, NAN,68.7, NAN, 4.8, NAN, 272.4, NAN,1012.9,-6.15,278.15,-0.02,5.8742,6.3426,126.3,0.0,1439.659, NAN, NAN, NAN, NAN,,2024/04/01 00:17:33.014,2024-04-01 00:17:33.014000+00:00
2024/04/01, 00:18:33.014, 41.524, -70.672,-0.14,24.45,4.51, 0.010, NAN,8.4, NAN,1010.8, NAN,0.0, NAN,102.0, NAN,254, NAN,4.5, NAN,69.1, NAN, 4.5, NAN, 278.4, NAN,1012.9,-6.21,278.45,-0.02,5.8743,6.3467,125.7,0.0,1439.677, NAN, NAN, NAN, NAN,,2024/04/01 00:18:33.014,2024-04-01 00:18:33.014000+00:00
2024/04/01, 00:19:33.014, 41.524, -70.672,0.0,24.49,321.26, 0.010, NAN,8.4, NAN,1010.9, NAN,0.0, NAN,102.0, NAN,246, NAN,4.3, NAN,68.8, NAN, 4.3, NAN, 270.5, NAN,1013.0,-6.14,277.88,-0.03,5.8743,6.3535,126.0,0.0,1439.706, NAN, NAN, NAN, NAN,,2024/04/01 00:19:33.014,2024-04-01 00:19:33.014000+00:00
2024/04/01, 00:20:33.014, 41.524, -70.672,0.02,24.43,36.32, 0.010, NAN,8.4, NAN,1010.9, NAN,0.0, NAN,102.0, NAN,249, NAN,4.4, NAN,69.4, NAN, 4.4, NAN, 273.4, NAN,1013.0,-6.24,278.19,-0.03,5.8744,6.3611,125.7,0.0,1439.738, NAN, NAN, NAN, NAN,,2024/04/01 00:20:33.014,2024-04-01 00:20:33.014000+00:00
2024/04/01, 00:21:33.014, 41.524, -70.672,-0.04,24.45,310.93, 0.000, NAN,8.4, NAN,1010.9, NAN,0.0, NAN,102.0, NAN,245, NAN,4.3, NAN,69.7, NAN, 4.3, NAN, 269.4, NAN,1013.0,-6.36,278.06,-0.03,5.8743,6.3644,126.0,0.0,1439.752, NAN, NAN, NAN, NAN,,2024/04/01 00:21:33.014,2024-04-01 00:21:33.014000+00:00
2024/04/01, 00:22:33.014, 41.524, -70.672,-0.03,24.47,56.74, 0.010, NAN,8.3, NAN,1010.9, NAN,0.0, NAN,102.0, NAN,249, NAN,4.1, NAN,70.5, NAN, 4.1, NAN, 273.5, NAN,1013.0,-6.39,277.93,-0.03,5.8743,6.3659,125.7,0.0,1439.759, NAN, NAN, NAN, NAN,,2024/04/01 00:22:33.014,2024-04-01 00:22:33.014000+00:00
2024/04/01, 00:23:33.014, 41.524, -70.672,0.04,24.43,332.49, 0.010, NAN,8.3, NAN,1010.9, NAN,0.0, NAN,102.0, NAN,246, NAN,4.4, NAN,70.4, NAN, 4.4, NAN, 270.5, NAN,1013.0,-6.5,277.1,-0.03,5.8741,6.3685,125.7,0.0,1439.77, NAN, NAN, NAN, NAN,,2024/04/01 00:23:33.014,2024-04-01 00:23:33.014000+00:00
2024/04/01, 00:24:33.014, 41.524, -70.672,0.04,24.43,355.18, 0.010, NAN,8.3, NAN,1010.9, NAN,0.0, NAN,102.0, NAN,244, NAN,3.8, NAN,70.8, NAN, 3.8, NAN, 268.4, NAN,1013.0,-6.51,277.11,-0.02,5.8741,6.3667,125.7,0.0,1439.762, NAN, NAN, NAN, NAN,,2024/04/01 00:24:33.014,2024-04-01 00:24:33.014000+00:00
2024/04/01, 00:25:33.014, 41.524, -70.672,0.01,24.44,67.82, 0.010, NAN,8.2, NAN,1010.9, NAN,0.0, NAN,102.0, NAN,256, NAN,4.1, NAN,72.0, NAN, 4.1, NAN, 280.4, NAN,1013.0,-6.59,277.24,-0.03,5.8741,6.3657,126.0,0.0,1439.758, NAN, NAN, NAN, NAN,,2024/04/01 00:25:33.014,2024-04-01 00:25:33.014000+00:00
2024/04/01, 00:26:33.014, 41.524, -70.672,-0.01,24.49,62.4, 0.000, NAN,8.1, NAN,1011.0, NAN,0.0, NAN,102.0, NAN,241, NAN,4.2, NAN,72.0, NAN, 4.2, NAN, 265.5, NAN,1013.1,-6.57,277.2,-0.02,5.8739,6.3645,126.0,0.0,1439.752, NAN, NAN, NAN, NAN,,2024/04/01 00:26:33.014,2024-04-01 00:26:33.014000+00:00
2024/04/01, 00:27:33.014, 41.524, -70.672,0.04,24.45,115.33, 0.000, NAN,8.1, NAN,1011.0, NAN,0.0, NAN,102.0, NAN,239, NAN,4.1, NAN,72.4, NAN, 4.1, NAN, 263.4, NAN,1013.1,-6.62,277.13,-0.04,5.8739,6.3644,126.0,0.0,1439.752, NAN, NAN, NAN, NAN,,2024/04/01 00:27:33.014,2024-04-01 00:27:33.014000+00:00
2024/04/01, 00:28:33.014, 41.524, -70.672,0.04,24.42,98.4, 0.010, NAN,8.1, NAN,1011.0, NAN,0.0, NAN,102.0, NAN,244, NAN,3.9, NAN,73.0, NAN, 3.9, NAN, 268.5, NAN,1013.1,-6.74,277.02,-0.03,5.8737,6.3642,125.7,0.0,1439.751, NAN, NAN, NAN, NAN,,2024/04/01 00:28:33.014,2024-04-01 00:28:33.014000+00:00
2024/04/01, 00:29:33.014, 41.524, -70.672,0.04,24.49,358.92, 0.010, NAN,8.0, NAN,1011.0, NAN,0.0, NAN,102.0, NAN,245, NAN,4.0, NAN,73.3, NAN, 4.0, NAN, 269.4, NAN,1013.1,-6.91,277.34,-0.04,5.8736,6.3637,125.7,0.0,1439.749, NAN, NAN, NAN, NAN,,2024/04/01 00:29:33.014,2024-04-01 00:29:33.014000+00:00
2024/04/01, 00:30:33.015, 41.524, -70.672,0.04,24.49,131.18, 0.010, NAN,8.0, NAN,1011.0, NAN,0.0, NAN,102.0, NAN,256, NAN,4.4, NAN,73.3, NAN, 4.4, NAN, 280.5, NAN,1013.1,-6.79,277.44,-0.04,5.8736,6.363,125.1,0.0,1439.746, NAN, NAN, NAN, NAN,,2024/04/01 00:30:33.015,2024-04-01 00:30:33.015000+00:00
2024/04/01, 00:31:33.015, 41.524, -70.672,-0.03,24.49,156.01, 0.000, NAN,8.0, NAN,1011.0, NAN,0.0, NAN,102.0, NAN,246, NAN,3.5, NAN,73.4, NAN, 3.5, NAN, 270.5, NAN,1013.1,-6.89,277.34,-0.04,5.8733,6.3615,126.3,0.0,1439.739, NAN, NAN, NAN, NAN,,2024/04/01 00:31:33.015,2024-04-01 00:31:33.015000+00:00
2024/04/01, 00:32:33.015, 41.524, -70.672,0.04,24.47,288.08, 0.000, NAN,8.0, NAN,1011.0, NAN,0.0, NAN,102.0, NAN,248, NAN,3.9, NAN,73.4, NAN, 3.9, NAN, 272.5, NAN,1013.1,-6.77,277.31,-0.03,5.8733,6.3612,125.7,0.0,1439.737, NAN, NAN, NAN, NAN,,2024/04/01 00:32:33.015,2024-04-01 00:32:33.015000+00:00
2024/04/01, 00:33:33.015, 41.524, -70.672,-0.05,24.49,359.34, 0.010, NAN,8.0, NAN,1011.0, NAN,0.0, NAN,102.0, NAN,248, NAN,3.6, NAN,73.1, NAN, 3.6, NAN, 272.4, NAN,1013.1,-6.7,277.31,-0.04,5.8733,6.3618,125.7,0.0,1439.74, NAN, NAN, NAN, NAN,,2024/04/01 00:33:33.015,2024-04-01 00:33:33.015000+00:00
2024/04/01, 00:34:33.015, 41.524, -70.672,0.08,24.47,302.87, 0.000, NAN,8.0, NAN,1011.1, NAN,0.0, NAN,102.0, NAN,246, NAN,4.0, NAN,73.0, NAN, 4.0, NAN, 270.5, NAN,1013.2,-6.57,277.0,-0.03,5.8731,6.3626,126.3,0.0,1439.743, NAN, NAN, NAN, NAN,,2024/04/01 00:34:33.015,2024-04-01 00:34:33.015000+00:00
2024/04/01, 00:35:33.015, 41.524, -70.672,0.15,24.49,26.95, 0.010, NAN,8.0, NAN,1011.1, NAN,0.0, NAN,102.0, NAN,255, NAN,3.5, NAN,73.1, NAN, 3.5, NAN, 279.4, NAN,1013.2,-6.62,276.82,-0.06,5.873,6.3624,126.3,0.0,1439.742, NAN, NAN, NAN, NAN,,2024/04/01 00:35:33.015,2024-04-01 00:35:33.015000+00:00
2024/04/01, 00:36:33.015, 41.524, -70.672,-0.04,24.53,268.21, 0.010, NAN,8.0, NAN,1011.1, NAN,0.0, NAN,102.0, NAN,244, NAN,3.2, NAN,73.3, NAN, 3.2, NAN, 268.5, NAN,1013.2,-6.82,276.55,-0.05,5.8728,6.3617,126.0,0.0,1439.739, NAN, NAN, NAN, NAN,,2024/04/01 00:36:33.015,2024-04-01 00:36:33.015000+00:00
2024/04/01, 00:37:33.015, 41.524, -70.672,-0.01,24.48,57.15, 0.000, NAN,8.0, NAN,1011.1, NAN,0.0, NAN,102.0, NAN,267, NAN,3.9, NAN,73.4, NAN, 3.9, NAN, 291.5, NAN,1013.2,-6.96,276.48,-0.03,5.8727,6.3605,125.4,0.0,1439.734, NAN, NAN, NAN, NAN,,2024/04/01 00:37:33.015,2024-04-01 00:37:33.015000+00:00
2024/04/01, 00:38:33.015, 41.524, -70.672,0.05,24.49,331.13, 0.000, NAN,7.9, NAN,1011.1, NAN,0.0, NAN,102.0, NAN,253, NAN,3.7, NAN,73.3, NAN, 3.7, NAN, 277.5, NAN,1013.2,-7.05,276.84,-0.03,5.8726,6.3599,125.7,0.0,1439.731, NAN, NAN, NAN, NAN,,2024/04/01 00:38:33.015,2024-04-01 00:38:33.015000+00:00
2024/04/01, 00:39:33.015, 41.524, -70.672,-0.01,24.57,96.96, 0.000, NAN,7.9, NAN,1011.2, NAN,0.0, NAN,102.0, NAN,278, NAN,3.9, NAN,73.4, NAN, 3.9, NAN, 302.6, NAN,1013.3,-7.1,276.64,-0.04,5.8725,6.3559,126.0,0.0,1439.714, NAN, NAN, NAN, NAN,,2024/04/01 00:39:33.015,2024-04-01 00:39:33.015000+00:00
2024/04/01, 00:40:33.015, 41.524, -70.672,0.06,24.54,284.63, 0.000, NAN,7.9, NAN,1011.2, NAN,0.0, NAN,102.0, NAN,260, NAN,3.1, NAN,73.5, NAN, 3.1, NAN, 284.5, NAN,1013.3,-7.22,276.79,-0.03,5.8723,6.3459,126.0,0.0,1439.671, NAN, NAN, NAN, NAN,,2024/04/01 00:40:33.015,2024-04-01 00:40:33.015000+00:00
2024/04/01, 00:41:33.015, 41.524, -70.672,-0.04,24.52,137.41, 0.000, NAN,7.9, NAN,1011.2, NAN,0.0, NAN,102.0, NAN,254, NAN,3.8, NAN,73.6, NAN, 3.8, NAN, 278.5, NAN,1013.3,-7.17,276.83,-0.03,5.8723,6.3379,125.7,0.0,1439.637, NAN, NAN, NAN, NAN,,2024/04/01 00:41:33.015,2024-04-01 00:41:33.015000+00:00
2024/04/01, 00:42:33.015, 41.524, -70.672,0.11,24.56,133.25, 0.010, NAN,7.9, NAN,1011.2, NAN,0.0, NAN,102.0, NAN,253, NAN,4.2, NAN,73.6, NAN, 4.2, NAN, 277.6, NAN,1013.3,-7.17,276.6,-0.02,5.8722,6.3329,125.7,0.0,1439.615, NAN, NAN, NAN, NAN,,2024/04/01 00:42:33.015,2024-04-01 00:42:33.015000+00:00
2024/04/01, 00:43:33.015, 41.524, -70.672,-0.03,24.52,310.02, 0.010, NAN,7.9, NAN,1011.2, NAN,0.0, NAN,102.0, NAN,267, NAN,4.1, NAN,73.9, NAN, 4.1, NAN, 291.5, NAN,1013.3,-7.13,276.55,-0.03,5.8722,6.331,125.7,0.0,1439.607, NAN, NAN, NAN, NAN,,2024/04/01 00:43:33.015,2024-04-01 00:43:33.015000+00:00
2024/04/01, 00:44:33.015, 41.524, -70.672,0.05,24.53,18.71, 0.000, NAN,7.9, NAN,1011.2, NAN,0.0, NAN,102.0, NAN,243, NAN,3.2, NAN,73.9, NAN, 3.2, NAN, 267.5, NAN,1013.3,-7.15,276.92,-0.03,5.8722,6.33,125.7,0.0,1439.603, NAN, NAN, NAN, NAN,,2024/04/01 00:44:33.015,2024-04-01 00:44:33.015000+00:00
2024/04/01, 00:45:33.015, 41.524, -70.672,0.02,24.47,29.15, 0.010, NAN,7.9, NAN,1011.2, NAN,0.0, NAN,102.0, NAN,275, NAN,2.8, NAN,74.1, NAN, 2.8, NAN, 299.4, NAN,1013.3,-7.14,276.93,-0.04,5.872,6.3275,125.7,0.0,1439.592, NAN, NAN, NAN, NAN,,2024/04/01 00:45:33.015,2024-04-01 00:45:33.015000+00:00
2024/04/01, 00:46:33.015, 41.524, -70.672,0.07,24.56,46.02, 0.010, NAN,7.9, NAN,1011.3, NAN,0.0, NAN,102.0, NAN,273, NAN,2.9, NAN,74.2, NAN, 2.9, NAN, 297.5, NAN,1013.4,-7.25,276.59,-0.03,5.8721,6.3256,125.7,0.0,1439.584, NAN, NAN, NAN, NAN,,2024/04/01 00:46:33.015,2024-04-01 00:46:33.015000+00:00
2024/04/01, 00:47:33.016, 41.524, -70.672,0.09,24.53,11.64, 0.000, NAN,7.9, NAN,1011.2, NAN,0.0, NAN,102.0, NAN,280, NAN,2.4, NAN,74.4, NAN, 2.4, NAN, 304.5, NAN,1013.3,-7.3,276.71,-0.03,5.872,6.324,125.7,0.0,1439.577, NAN, NAN, NAN, NAN,,2024/04/01 00:47:33.016,2024-04-01 00:47:33.016000+00:00
2024/04/01, 00:48:33.016, 41.524, -70.672,0.02,24.52,210.25, 0.010, NAN,7.8, NAN,1011.3, NAN,0.0, NAN,102.0, NAN,254, NAN,3.1, NAN,74.5, NAN, 3.1, NAN, 278.5, NAN,1013.4,-7.29,276.65,-0.03,5.8721,6.3201,125.7,0.0,1439.56, NAN, NAN, NAN, NAN,,2024/04/01 00:48:33.016,2024-04-01 00:48:33.016000+00:00
2024/04/01, 00:49:33.016, 41.524, -70.672,0.03,24.52,238.79, 0.010, NAN,7.8, NAN,1011.3, NAN,0.0, NAN,102.0, NAN,257, NAN,2.7, NAN,74.4, NAN, 2.7, NAN, 281.6, NAN,1013.4,-7.2,276.88,-0.02,5.8721,6.318,125.4,0.0,1439.551, NAN, NAN, NAN, NAN,,2024/04/01 00:49:33.016,2024-04-01 00:49:33.016000+00:00
2024/04/01, 00:50:33.016, 41.524, -70.672,0.02,24.53,267.56, 0.010, NAN,7.8, NAN,1011.3, NAN,0.0, NAN,102.0, NAN,246, NAN,3.8, NAN,74.5, NAN, 3.8, NAN, 270.5, NAN,1013.4,-7.3,276.53,-0.02,5.872,6.3146,126.0,0.0,1439.537, NAN, NAN, NAN, NAN,,2024/04/01 00:50:33.016,2024-04-01 00:50:33.016000+00:00
2024/04/01, 00:51:33.016, 41.524, -70.672,0.07,24.53,105.92, 0.000, NAN,7.8, NAN,1011.3, NAN,0.0, NAN,102.0, NAN,267, NAN,4.4, NAN,74.6, NAN, 4.4, NAN, 291.5, NAN,1013.4,-7.25,276.79,-0.03,5.8721,6.3106,125.7,0.0,1439.52, NAN, NAN, NAN, NAN,,2024/04/01 00:51:33.016,2024-04-01 00:51:33.016000+00:00
2024/04/01, 00:52:33.016, 41.524, -70.672,-0.05,24.54,330.14, 0.000, NAN,7.8, NAN,1011.3, NAN,0.0, NAN,102.0, NAN,255, NAN,4.1, NAN,74.2, NAN, 4.1, NAN, 279.5, NAN,1013.4,-6.99,277.15,-0.03,5.872,6.3093,125.7,0.0,1439.514, NAN, NAN, NAN, NAN,,2024/04/01 00:52:33.016,2024-04-01 00:52:33.016000+00:00
2024/04/01, 00:53:33.016, 41.524, -70.672,0.01,24.56,88.82, 0.000, NAN,7.8, NAN,1011.3, NAN,0.0, NAN,102.0, NAN,259, NAN,3.8, NAN,73.9, NAN, 3.8, NAN, 283.6, NAN,1013.4,-6.74,276.95,-0.02,5.872,6.3079,125.7,0.0,1439.508, NAN, NAN, NAN, NAN,,2024/04/01 00:53:33.016,2024-04-01 00:53:33.016000+00:00
2024/04/01, 00:54:33.016, 41.524, -70.672,0.0,24.61,47.61, 0.000, NAN,7.8, NAN,1011.3, NAN,0.0, NAN,102.0, NAN,260, NAN,3.9, NAN,74.2, NAN, 3.9, NAN, 284.6, NAN,1013.4,-6.69,276.89,-0.03,5.872,6.3076,125.7,0.0,1439.507, NAN, NAN, NAN, NAN,,2024/04/01 00:54:33.016,2024-04-01 00:54:33.016000+00:00
2024/04/01, 00:55:33.016, 41.524, -70.672,0.03,24.57,354.53, 0.000, NAN,7.9, NAN,1011.3, NAN,0.0, NAN,102.0, NAN,261, NAN,3.4, NAN,74.0, NAN, 3.4, NAN, 285.6, NAN,1013.4,-6.79,277.27,-0.02,5.872,6.305,125.4,0.0,1439.496, NAN, NAN, NAN, NAN,,2024/04/01 00:55:33.016,2024-04-01 00:55:33.016000+00:00
2024/04/01, 00:56:33.016, 41.524, -70.672,0.07,24.58,123.93, 0.000, NAN,7.9, NAN,1011.3, NAN,0.0, NAN,102.0, NAN,269, NAN,3.7, NAN,73.8, NAN, 3.7, NAN, 293.6, NAN,1013.4,-6.75,277.23,-0.02,5.8721,6.3001,125.7,0.0,1439.475, NAN, NAN, NAN, NAN,,2024/04/01 00:56:33.016,2024-04-01 00:56:33.016000+00:00
2024/04/01, 00:57:33.016, 41.524, -70.672,0.08,24.59,328.21, 0.000, NAN,7.9, NAN,1011.3, NAN,0.0, NAN,102.0, NAN,261, NAN,4.0, NAN,74.0, NAN, 4.0, NAN, 285.6, NAN,1013.4,-6.83,277.34,-0.03,5.8721,6.2946,125.7,0.0,1439.451, NAN, NAN, NAN, NAN,,2024/04/01 00:57:33.016,2024-04-01 00:57:33.016000+00:00
2024/04/01, 00:58:33.016, 41.524, -70.672,0.04,24.6,328.83, 0.000, NAN,7.9, NAN,1011.3, NAN,0.0, NAN,102.0, NAN,265, NAN,4.3, NAN,73.9, NAN, 4.3, NAN, 289.6, NAN,1013.4,-6.87,277.11,-0.03,5.872,6.2904,125.7,0.0,1439.433, NAN, NAN, NAN, NAN,,2024/04/01 00:58:33.016,2024-04-01 00:58:33.016000+00:00
2024/04/01, 00:59:33.016, 41.524, -70.672,0.1,24.58,97.92, 0.000, NAN,7.9, NAN,1011.3, NAN,0.0, NAN,102.0, NAN,263, NAN,3.9, NAN,73.8, NAN, 3.9, NAN, 287.6, NAN,1013.4,-6.85,277.5,-0.02,5.872,6.29,125.7,0.0,1439.432, NAN, NAN, NAN, NAN,,2024/04/01 00:59:33.016,2024-04-01 00:59:33.016000+00:00
2024/04/01, 01:00:33.016, 41.524, -70.672,0.0,24.58,7.13, 0.000, NAN,7.9, NAN,1011.3, NAN,0.0, NAN,102.0, NAN,245, NAN,3.6, NAN,73.7, NAN, 3.6, NAN, 269.6, NAN,1013.4,-6.85,277.27,-0.02,5.872,6.2904,126.0,0.0,1439.433, NAN, NAN, NAN, NAN,,2024/04/01 01:00:33.016,2024-04-01 01:00:33.016000+00:00
2024/04/01, 01:01:33.016, 41.524, -70.672,0.05,24.58,295.32, 0.000, NAN,7.9, NAN,1011.3, NAN,0.0, NAN,102.0, NAN,260, NAN,4.2, NAN,73.6, NAN, 4.2, NAN, 284.6, NAN,1013.4,-6.72,276.87,-0.02,5.872,6.2903,125.7,0.0,1439.433, NAN, NAN, NAN, NAN,,2024/04/01 01:01:33.016,2024-04-01 01:01:33.016000+00:00
2024/04/01, 01:02:33.016, 41.524, -70.672,0.11,24.62,175.4, 0.010, NAN,8.0, NAN,1011.3, NAN,0.0, NAN,102.0, NAN,249, NAN,4.0, NAN,73.6, NAN, 4.0, NAN, 273.7, NAN,1013.4,-6.67,277.0,-0.03,5.872,6.2876,126.0,0.0,1439.421, NAN, NAN, NAN, NAN,,2024/04/01 01:02:33.016,2024-04-01 01:02:33.016000+00:00
2024/04/01, 01:03:33.016, 41.524, -70.672,0.11,24.56,83.71, 0.010, NAN,8.0, NAN,1011.4, NAN,0.0, NAN,102.0, NAN,246, NAN,3.2, NAN,73.6, NAN, 3.2, NAN, 270.5, NAN,1013.5,-6.58,277.06,-0.03,5.872,6.287,125.7,0.0,1439.419, NAN, NAN, NAN, NAN,,2024/04/01 01:03:33.016,2024-04-01 01:03:33.016000+00:00
2024/04/01, 01:04:33.017, 41.524, -70.672,-0.04,24.62,116.63, 0.010, NAN,8.0, NAN,1011.3, NAN,0.0, NAN,102.0, NAN,257, NAN,4.2, NAN,73.5, NAN, 4.2, NAN, 281.6, NAN,1013.4,-6.62,277.76,-0.03,5.8721,6.2868,125.7,0.0,1439.418, NAN, NAN, NAN, NAN,,2024/04/01 01:04:33.017,2024-04-01 01:04:33.017000+00:00
2024/04/01, 01:05:33.017, 41.524, -70.672,0.01,24.61,58.64, 0.010, NAN,7.9, NAN,1011.3, NAN,0.0, NAN,102.0, NAN,276, NAN,3.3, NAN,72.7, NAN, 3.3, NAN, 300.5, NAN,1013.4,-6.75,276.88,-0.02,5.872,6.2863,125.4,0.0,1439.416, NAN, NAN, NAN, NAN,,2024/04/01 01:05:33.017,2024-04-01 01:05:33.017000+00:00
2024/04/01, 01:06:33.017, 41.524, -70.672,0.07,24.49,270.87, 0.000, NAN,8.0, NAN,1011.4, NAN,0.0, NAN,102.0, NAN,267, NAN,3.5, NAN,72.8, NAN, 3.5, NAN, 291.5, NAN,1013.5,-6.8,277.12,-0.03,5.8719,6.2837,125.7,0.0,1439.404, NAN, NAN, NAN, NAN,,2024/04/01 01:06:33.017,2024-04-01 01:06:33.017000+00:00
2024/04/01, 01:07:33.017, 41.524, -70.672,0.07,24.54,97.38, 0.010, NAN,8.0, NAN,1011.4, NAN,0.0, NAN,102.0, NAN,280, NAN,3.7, NAN,72.6, NAN, 3.7, NAN, 304.5, NAN,1013.5,-6.79,276.93,-0.02,5.872,6.2831,125.7,0.0,1439.402, NAN, NAN, NAN, NAN,,2024/04/01 01:07:33.017,2024-04-01 01:07:33.017000+00:00
2024/04/01, 01:08:33.017, 41.524, -70.672,0.07,24.62,153.02, 0.010, NAN,8.0, NAN,1011.4, NAN,0.0, NAN,102.0, NAN,282, NAN,4.1, NAN,72.7, NAN, 4.1, NAN, 306.7, NAN,1013.5,-7.01,277.14,-0.03,5.8719,6.2837,125.7,0.0,1439.404, NAN, NAN, NAN, NAN,,2024/04/01 01:08:33.017,2024-04-01 01:08:33.017000+00:00
2024/04/01, 01:09:33.017, 41.524, -70.672,0.07,24.58,359.87, 0.000, NAN,8.0, NAN,1011.4, NAN,0.0, NAN,102.0, NAN,298, NAN,3.6, NAN,72.7, NAN, 3.6, NAN, 322.6, NAN,1013.5,-7.21,276.73,-0.04,5.8719,6.2836,125.7,0.0,1439.404, NAN, NAN, NAN, NAN,,2024/04/01 01:09:33.017,2024-04-01 01:09:33.017000+00:00
2024/04/01, 01:10:33.017, 41.524, -70.672,0.07,24.56,126.49, 0.000, NAN,8.0, NAN,1011.4, NAN,0.0, NAN,102.0, NAN,285, NAN,3.6, NAN,73.1, NAN, 3.6, NAN, 309.6, NAN,1013.5,-7.4,277.09,-0.02,5.8719,6.2823,125.4,0.0,1439.398, NAN, NAN, NAN, NAN,,2024/04/01 01:10:33.017,2024-04-01 01:10:33.017000+00:00
2024/04/01, 01:11:33.017, 41.524, -70.672,0.07,24.57,308.75, 0.010, NAN,8.0, NAN,1011.4, NAN,0.0, NAN,102.0, NAN,291, NAN,4.1, NAN,73.0, NAN, 4.1, NAN, 315.6, NAN,1013.5,-7.36,276.6,-0.02,5.8719,6.2758,125.7,0.0,1439.371, NAN, NAN, NAN, NAN,,2024/04/01 01:11:33.017,2024-04-01 01:11:33.017000+00:00
2024/04/01, 01:12:33.017, 41.524, -70.672,0.07,24.54,347.89, 0.010, NAN,8.0, NAN,1011.5, NAN,0.0, NAN,102.0, NAN,277, NAN,3.7, NAN,72.9, NAN, 3.7, NAN, 301.5, NAN,1013.6,-7.43,277.61,-0.02,5.872,6.2699,125.7,0.0,1439.346, NAN, NAN, NAN, NAN,,2024/04/01 01:12:33.017,2024-04-01 01:12:33.017000+00:00
2024/04/01, 01:13:33.017, 41.524, -70.672,0.07,24.52,126.44, 0.010, NAN,8.0, NAN,1011.5, NAN,0.0, NAN,102.0, NAN,283, NAN,4.0, NAN,72.6, NAN, 4.0, NAN, 307.5, NAN,1013.6,-7.39,277.09,-0.02,5.8719,6.2681,125.7,0.0,1439.338, NAN, NAN, NAN, NAN,,2024/04/01 01:13:33.017,2024-04-01 01:13:33.017000+00:00
2024/04/01, 01:14:33.017, 41.524, -70.672,0.07,24.54,317.42, 0.000, NAN,8.1, NAN,1011.5, NAN,0.0, NAN,102.0, NAN,275, NAN,3.8, NAN,72.6, NAN, 3.8, NAN, 299.5, NAN,1013.6,-7.37,276.98,-0.02,5.8718,6.2646,125.4,0.0,1439.323, NAN, NAN, NAN, NAN,,2024/04/01 01:14:33.017,2024-04-01 01:14:33.017000+00:00
2024/04/01, 01:15:33.017, 41.524, -70.672,0.07,24.62,197.47, 0.000, NAN,8.1, NAN,1011.5, NAN,0.0, NAN,102.0, NAN,277, NAN,4.0, NAN,72.5, NAN, 4.0, NAN, 301.6, NAN,1013.6,-7.23,277.08,-0.03,5.8718,6.2585,125.7,0.0,1439.296, NAN, NAN, NAN, NAN,,2024/04/01 01:15:33.017,2024-04-01 01:15:33.017000+00:00
2024/04/01, 01:16:33.017, 41.524, -70.672,0.07,24.56,86.22, 0.000, NAN,8.1, NAN,1011.5, NAN,0.0, NAN,102.0, NAN,284, NAN,4.0, NAN,72.0, NAN, 4.0, NAN, 308.6, NAN,1013.6,-7.24,276.98,-0.02,5.8718,6.2578,125.7,0.0,1439.293, NAN, NAN, NAN, NAN,,2024/04/01 01:16:33.017,2024-04-01 01:16:33.017000+00:00
2024/04/01, 01:17:33.017, 41.524, -70.672,0.07,24.64,288.47, 0.010, NAN,8.1, NAN,1011.5, NAN,0.0, NAN,102.0, NAN,274, NAN,3.8, NAN,71.9, NAN, 3.8, NAN, 298.7, NAN,1013.6,-7.16,277.44,-0.02,5.8717,6.257,125.7,0.0,1439.29, NAN, NAN, NAN, NAN,,2024/04/01 01:17:33.017,2024-04-01 01:17:33.017000+00:00
2024/04/01, 01:18:33.017, 41.524, -70.672,0.07,24.62,318.91, 0.000, NAN,8.1, NAN,1011.6, NAN,0.0, NAN,102.0, NAN,277, NAN,4.0, NAN,71.1, NAN, 4.0, NAN, 301.6, NAN,1013.7,-7.13,277.46,-0.03,5.8718,6.2553,125.7,0.0,1439.283, NAN, NAN, NAN, NAN,,2024/04/01 01:18:33.017,2024-04-01 01:18:33.017000+00:00
2024/04/01, 01:19:33.017, 41.524, -70.672,0.07,24.6,241.62, 0.000, NAN,8.2, NAN,1011.6, NAN,0.0, NAN,102.0, NAN,288, NAN,3.0, NAN,70.6, NAN, 3.0, NAN, 312.6, NAN,1013.7,-6.98,277.2,-0.03,5.8718,6.2531,126.3,0.0,1439.273, NAN, NAN, NAN, NAN,,2024/04/01 01:19:33.017,2024-04-01 01:19:33.017000+00:00
2024/04/01, 01:20:33.017, 41.524, -70.672,0.07,24.6,286.3, 0.000, NAN,8.2, NAN,1011.6, NAN,0.0, NAN,102.0, NAN,286, NAN,3.6, NAN,70.4, NAN, 3.6, NAN, 310.6, NAN,1013.7,-7.03,277.1,-0.02,5.8718,6.2502,125.7,0.0,1439.261, NAN, NAN, NAN, NAN,,2024/04/01 01:20:33.017,2024-04-01 01:20:33.017000+00:00
2024/04/01, 01:21:33.018, 41.524, -70.672,0.07,24.59,302.57, 0.010, NAN,8.2, NAN,1011.7, NAN,0.0, NAN,102.0, NAN,290, NAN,2.9, NAN,70.1, NAN, 2.9, NAN, 314.6, NAN,1013.8,-7.13,277.25,-0.02,5.8718,6.2466,125.7,0.0,1439.246, NAN, NAN, NAN, NAN,,2024/04/01 01:21:33.018,2024-04-01 01:21:33.018000+00:00
2024/04/01, 01:22:33.018, 41.524, -70.672,0.07,24.56,319.07, 0.000, NAN,8.2, NAN,1011.6, NAN,0.0, NAN,102.0, NAN,291, NAN,3.7, NAN,69.9, NAN, 3.7, NAN, 315.6, NAN,1013.7,-7.25,277.08,-0.02,5.8717,6.2458,126.0,0.0,1439.242, NAN, NAN, NAN, NAN,,2024/04/01 01:22:33.018,2024-04-01 01:22:33.018000+00:00
2024/04/01, 01:23:33.018, 41.524, -70.672,0.07,24.6,254.6, 0.000, NAN,8.2, NAN,1011.8, NAN,0.0, NAN,102.0, NAN,287, NAN,3.2, NAN,69.8, NAN, 3.2, NAN, 311.6, NAN,1013.9,-7.24,277.24,-0.02,5.8717,6.2457,126.3,0.0,1439.242, NAN, NAN, NAN, NAN,,2024/04/01 01:23:33.018,2024-04-01 01:23:33.018000+00:00
2024/04/01, 01:24:33.018, 41.524, -70.672,0.07,24.64,100.67, 0.000, NAN,8.2, NAN,1011.7, NAN,0.0, NAN,102.0, NAN,286, NAN,3.9, NAN,70.1, NAN, 3.9, NAN, 310.6, NAN,1013.8,-7.34,277.18,-0.02,5.8717,6.2458,125.4,0.0,1439.242, NAN, NAN, NAN, NAN,,2024/04/01 01:24:33.018,2024-04-01 01:24:33.018000+00:00
2024/04/01, 01:25:33.018, 41.524, -70.672,0.07,24.59,328.54, 0.010, NAN,8.3, NAN,1011.7, NAN,0.0, NAN,102.0, NAN,282, NAN,3.7, NAN,69.6, NAN, 3.7, NAN, 306.5, NAN,1013.8,-7.3,277.14,-0.02,5.8717,6.2446,125.1,0.0,1439.237, NAN, NAN, NAN, NAN,,2024/04/01 01:25:33.018,2024-04-01 01:25:33.018000+00:00
2024/04/01, 01:26:33.018, 41.524, -70.672,0.07,24.62,27.25, 0.000, NAN,8.3, NAN,1011.7, NAN,0.0, NAN,102.0, NAN,280, NAN,4.2, NAN,69.7, NAN, 4.2, NAN, 304.6, NAN,1013.8,-7.3,277.31,-0.03,5.8717,6.2439,125.7,0.0,1439.234, NAN, NAN, NAN, NAN,,2024/04/01 01:26:33.018,2024-04-01 01:26:33.018000+00:00
2024/04/01, 01:27:33.018, 41.524, -70.672,0.07,24.62,2.86, 0.000, NAN,8.3, NAN,1011.7, NAN,0.0, NAN,102.0, NAN,282, NAN,3.4, NAN,69.9, NAN, 3.4, NAN, 306.6, NAN,1013.8,-7.2,276.86,-0.02,5.8718,6.243,125.4,0.0,1439.23, NAN, NAN, NAN, NAN,,2024/04/01 01:27:33.018,2024-04-01 01:27:33.018000+00:00
2024/04/01, 01:28:33.018, 41.524, -70.672,0.07,24.58,256.34, 0.010, NAN,8.3, NAN,1011.7, NAN,0.0, NAN,102.0, NAN,273, NAN,3.6, NAN,70.0, NAN, 3.6, NAN, 297.7, NAN,1013.8,-7.19,276.52,-0.02,5.8717,6.2443,125.7,0.0,1439.236, NAN, NAN, NAN, NAN,,2024/04/01 01:28:33.018,2024-04-01 01:28:33.018000+00:00
2024/04/01, 01:29:33.018, 41.524, -70.672,0.07,24.65,203.59, 0.010, NAN,8.2, NAN,1011.7, NAN,0.0, NAN,102.0, NAN,266, NAN,3.5, NAN,70.2, NAN, 3.5, NAN, 290.7, NAN,1013.8,-7.31,276.55,-0.03,5.8718,6.2453,125.4,0.0,1439.24, NAN, NAN, NAN, NAN,,2024/04/01 01:29:33.018,2024-04-01 01:29:33.018000+00:00
2024/04/01, 01:30:33.018, 41.524, -70.672,0.07,24.65,310.27, 0.000, NAN,8.2, NAN,1011.7, NAN,0.0, NAN,102.0, NAN,267, NAN,3.3, NAN,70.6, NAN, 3.3, NAN, 291.6, NAN,1013.8,-7.31,276.69,-0.03,5.8718,6.2468,125.7,0.0,1439.246, NAN, NAN, NAN, NAN,,2024/04/01 01:30:33.018,2024-04-01 01:30:33.018000+00:00
2024/04/01, 01:31:33.018, 41.524, -70.672,0.07,24.65,328.66, 0.010, NAN,8.2, NAN,1011.7, NAN,0.0, NAN,102.0, NAN,286, NAN,3.2, NAN,70.5, NAN, 3.2, NAN, 310.6, NAN,1013.8,-7.34,276.26,-0.03,5.8719,6.2463,126.0,0.0,1439.244, NAN, NAN, NAN, NAN,,2024/04/01 01:31:33.018,2024-04-01 01:31:33.018000+00:00
2024/04/01, 01:32:33.018, 41.524, -70.672,0.07,24.61,3.53, 0.000, NAN,8.2, NAN,1011.7, NAN,0.0, NAN,102.0, NAN,279, NAN,3.0, NAN,71.1, NAN, 3.0, NAN, 303.6, NAN,1013.8,-7.37,276.22,-0.03,5.8719,6.2423,125.7,0.0,1439.227, NAN, NAN, NAN, NAN,,2024/04/01 01:32:33.018,2024-04-01 01:32:33.018000+00:00
2024/04/01, 01:33:33.018, 41.524, -70.672,0.07,24.63,303.35, 0.000, NAN,8.1, NAN,1011.7, NAN,0.0, NAN,102.0, NAN,275, NAN,3.1, NAN,71.7, NAN, 3.1, NAN, 299.6, NAN,1013.8,-7.5,276.38,-0.03,5.8719,6.2416,126.0,0.0,1439.224, NAN, NAN, NAN, NAN,,2024/04/01 01:33:33.018,2024-04-01 01:33:33.018000+00:00
2024/04/01, 01:34:33.018, 41.524, -70.672,0.07,24.63,197.52, 0.010, NAN,8.1, NAN,1011.7, NAN,0.0, NAN,102.0, NAN,290, NAN,3.1, NAN,71.3, NAN, 3.1, NAN, 314.7, NAN,1013.8,-7.51,276.33,-0.03,5.8721,6.2419,124.8,0.0,1439.226, NAN, NAN, NAN, NAN,,2024/04/01 01:34:33.018,2024-04-01 01:34:33.018000+00:00
2024/04/01, 01:35:33.018, 41.524, -70.672,0.07,24.62,100.41, 0.000, NAN,8.1, NAN,1011.7, NAN,0.0, NAN,102.0, NAN,285, NAN,3.5, NAN,71.8, NAN, 3.5, NAN, 309.6, NAN,1013.8,-7.48,276.47,-0.03,5.872,6.2409,125.7,0.0,1439.221, NAN, NAN, NAN, NAN,,2024/04/01 01:35:33.018,2024-04-01 01:35:33.018000+00:00
2024/04/01, 01:36:33.018, 41.524, -70.672,0.07,24.62,214.92, 0.000, NAN,8.0, NAN,1011.7, NAN,0.0, NAN,102.0, NAN,281, NAN,3.1, NAN,71.7, NAN, 3.1, NAN, 305.6, NAN,1013.8,-7.46,276.55,-0.03,5.872,6.2405,125.7,0.0,1439.22, NAN, NAN, NAN, NAN,,2024/04/01 01:36:33.018,2024-04-01 01:36:33.018000+00:00
2024/04/01, 01:37:33.018, 41.524, -70.672,0.07,24.62,173.69, 0.000, NAN,8.0, NAN,1011.7, NAN,0.0, NAN,102.0, NAN,290, NAN,3.5, NAN,70.7, NAN, 3.5, NAN, 314.6, NAN,1013.8,-7.44,276.6,-0.04,5.8722,6.2398,126.0,0.0,1439.217, NAN, NAN, NAN, NAN,,2024/04/01 01:37:33.018,2024-04-01 01:37:33.018000+00:00
2024/04/01, 01:38:33.019, 41.524, -70.672,0.07,24.6,265.69, 0.000, NAN,8.1, NAN,1011.7, NAN,0.0, NAN,102.0, NAN,288, NAN,2.6, NAN,70.0, NAN, 2.6, NAN, 312.6, NAN,1013.8,-7.43,276.17,-0.04,5.8721,6.2384,125.4,0.0,1439.211, NAN, NAN, NAN, NAN,,2024/04/01 01:38:33.019,2024-04-01 01:38:33.019000+00:00
2024/04/01, 01:39:33.019, 41.524, -70.672,0.07,24.58,332.92, 0.010, NAN,8.1, NAN,1011.8, NAN,0.0, NAN,102.0, NAN,299, NAN,3.5, NAN,70.1, NAN, 3.5, NAN, 323.5, NAN,1013.9,-7.4,275.97,-0.03,5.8723,6.2365,126.0,0.0,1439.203, NAN, NAN, NAN, NAN,,2024/04/01 01:39:33.019,2024-04-01 01:39:33.019000+00:00
2024/04/01, 01:40:33.019, 41.524, -70.672,0.07,24.62,302.45, 0.000, NAN,8.1, NAN,1011.8, NAN,0.0, NAN,102.0, NAN,296, NAN,2.8, NAN,70.4, NAN, 2.8, NAN, 320.6, NAN,1013.9,-7.47,276.16,-0.03,5.8723,6.2372,126.0,0.0,1439.206, NAN, NAN, NAN, NAN,,2024/04/01 01:40:33.019,2024-04-01 01:40:33.019000+00:00
2024/04/01, 01:41:33.019, 41.524, -70.672,0.07,24.61,142.16, 0.010, NAN,8.1, NAN,1011.8, NAN,0.0, NAN,102.0, NAN,293, NAN,3.7, NAN,70.2, NAN, 3.7, NAN, 317.6, NAN,1013.9,-7.57,275.62,-0.03,5.8723,6.2408,125.7,0.0,1439.221, NAN, NAN, NAN, NAN,,2024/04/01 01:41:33.019,2024-04-01 01:41:33.019000+00:00
2024/04/01, 01:42:33.019, 41.524, -70.672,0.07,24.63,265.53, 0.000, NAN,8.1, NAN,1011.8, NAN,0.0, NAN,102.0, NAN,300, NAN,3.3, NAN,70.3, NAN, 3.3, NAN, 324.6, NAN,1013.9,-7.57,276.51,-0.03,5.8723,6.2484,125.7,0.0,1439.254, NAN, NAN, NAN, NAN,,2024/04/01 01:42:33.019,2024-04-01 01:42:33.019000+00:00
2024/04/01, 01:43:33.019, 41.524, -70.672,0.07,24.62,275.93, 0.010, NAN,8.1, NAN,1011.8, NAN,0.0, NAN,102.0, NAN,297, NAN,2.8, NAN,69.4, NAN, 2.8, NAN, 321.7, NAN,1013.9,-7.59,276.48,-0.03,5.8723,6.254,125.4,0.0,1439.278, NAN, NAN, NAN, NAN,,2024/04/01 01:43:33.019,2024-04-01 01:43:33.019000+00:00
2024/04/01, 01:44:33.019, 41.524, -70.672,0.07,24.63,320.04, 0.000, NAN,8.1, NAN,1011.8, NAN,0.0, NAN,102.0, NAN,311, NAN,3.3, NAN,67.7, NAN, 3.3, NAN, 335.6, NAN,1013.9,-7.51,276.0,-0.02,5.8724,6.2582,126.0,0.0,1439.296, NAN, NAN, NAN, NAN,,2024/04/01 01:44:33.019,2024-04-01 01:44:33.019000+00:00
2024/04/01, 01:45:33.019, 41.524, -70.672,0.07,24.57,11.45, 0.010, NAN,8.2, NAN,1011.8, NAN,0.0, NAN,102.0, NAN,310, NAN,3.6, NAN,68.6, NAN, 3.6, NAN, 334.5, NAN,1013.9,-7.48,276.11,-0.03,5.8724,6.2594,125.7,0.0,1439.301, NAN, NAN, NAN, NAN,,2024/04/01 01:45:33.019,2024-04-01 01:45:33.019000+00:00
2024/04/01, 01:46:33.019, 41.524, -70.672,0.07,24.61,284.53, 0.000, NAN,8.3, NAN,1011.8, NAN,0.0, NAN,102.0, NAN,304, NAN,3.8, NAN,66.7, NAN, 3.8, NAN, 328.6, NAN,1013.9,-7.45,277.28,-0.03,5.8725,6.2589,126.0,0.0,1439.299, NAN, NAN, NAN, NAN,,2024/04/01 01:46:33.019,2024-04-01 01:46:33.019000+00:00
2024/04/01, 01:47:33.019, 41.524, -70.672,0.13,24.71,335.63, 0.000, NAN,8.3, NAN,1011.8, NAN,0.0, NAN,102.0, NAN,299, NAN,3.5, NAN,64.8, NAN, 3.5, NAN, 323.7, NAN,1013.9,-7.37,277.79,-0.03,5.8724,6.2562,125.7,0.0,1439.287, NAN, NAN, NAN, NAN,,2024/04/01 01:47:33.019,2024-04-01 01:47:33.019000+00:00
2024/04/01, 01:48:33.019, 41.524, -70.672,0.07,24.63,318.12, 0.000, NAN,8.5, NAN,1011.8, NAN,0.0, NAN,102.0, NAN,304, NAN,4.5, NAN,61.8, NAN, 4.5, NAN, 328.6, NAN,1013.9,-6.91,277.81,-0.03,5.8724,6.2548,126.0,0.0,1439.281, NAN, NAN, NAN, NAN,,2024/04/01 01:48:33.019,2024-04-01 01:48:33.019000+00:00
2024/04/01, 01:49:33.019, 41.524, -70.672,0.07,24.53,340.39, 0.000, NAN,8.7, NAN,1011.8, NAN,0.0, NAN,102.0, NAN,311, NAN,5.0, NAN,60.0, NAN, 5.0, NAN, 335.5, NAN,1013.9,-6.59,278.08,-0.02,5.8725,6.2567,125.7,0.0,1439.29, NAN, NAN, NAN, NAN,,2024/04/01 01:49:33.019,2024-04-01 01:49:33.019000+00:00
2024/04/01, 01:50:33.019, 41.524, -70.672,-0.01,24.58,345.31, 0.000, NAN,8.8, NAN,1011.8, NAN,0.0, NAN,102.0, NAN,306, NAN,3.4, NAN,59.8, NAN, 3.4, NAN, 330.6, NAN,1013.9,-6.36,277.34,-0.02,5.8725,6.2597,125.4,0.0,1439.303, NAN, NAN, NAN, NAN,,2024/04/01 01:50:33.019,2024-04-01 01:50:33.019000+00:00
2024/04/01, 01:51:33.019, 41.524, -70.672,0.17,24.58,170.15, 0.000, NAN,9.1, NAN,1011.8, NAN,0.0, NAN,102.0, NAN,312, NAN,4.4, NAN,56.7, NAN, 4.4, NAN, 336.6, NAN,1013.9,-6.35,278.11,-0.03,5.8724,6.258,126.3,0.0,1439.295, NAN, NAN, NAN, NAN,,2024/04/01 01:51:33.019,2024-04-01 01:51:33.019000+00:00
2024/04/01, 01:52:33.019, 41.524, -70.672,0.12,24.54,327.05, 0.010, NAN,9.3, NAN,1011.8, NAN,0.0, NAN,102.0, NAN,325, NAN,3.1, NAN,52.9, NAN, 3.1, NAN, 349.6, NAN,1013.9,-6.26,277.78,-0.02,5.8725,6.2568,126.0,0.0,1439.29, NAN, NAN, NAN, NAN,,2024/04/01 01:52:33.019,2024-04-01 01:52:33.019000+00:00
2024/04/01, 01:53:33.019, 41.524, -70.672,0.18,24.57,341.7, 0.010, NAN,9.5, NAN,1011.8, NAN,0.0, NAN,102.0, NAN,317, NAN,3.6, NAN,52.8, NAN, 3.6, NAN, 341.6, NAN,1013.9,-6.27,278.31,-0.03,5.8725,6.2562,125.1,0.0,1439.288, NAN, NAN, NAN, NAN,,2024/04/01 01:53:33.019,2024-04-01 01:53:33.019000+00:00
2024/04/01, 01:54:33.019, 41.524, -70.672,0.1,24.56,108.55, 0.010, NAN,9.5, NAN,1011.8, NAN,0.0, NAN,102.0, NAN,322, NAN,5.4, NAN,52.6, NAN, 5.4, NAN, 346.5, NAN,1013.9,-6.2,278.29,-0.02,5.8725,6.2544,126.0,0.0,1439.28, NAN, NAN, NAN, NAN,,2024/04/01 01:54:33.019,2024-04-01 01:54:33.019000+00:00
2024/04/01, 01:55:33.020, 41.524, -70.672,0.12,24.58,278.29, 0.010, NAN,9.7, NAN,1011.8, NAN,0.0, NAN,102.0, NAN,307, NAN,4.5, NAN,52.5, NAN, 4.5, NAN, 331.6, NAN,1013.9,-6.08,277.31,-0.02,5.8725,6.2528,126.0,0.0,1439.273, NAN, NAN, NAN, NAN,,2024/04/01 01:55:33.020,2024-04-01 01:55:33.020000+00:00
2024/04/01, 01:56:33.020, 41.524, -70.672,0.1,24.58,146.73, 0.010, NAN,9.7, NAN,1011.9, NAN,0.0, NAN,102.0, NAN,315, NAN,4.2, NAN,52.8, NAN, 4.2, NAN, 339.5, NAN,1014.0,-6.25,277.5,-0.01,5.8726,6.2494,125.4,0.0,1439.259, NAN, NAN, NAN, NAN,,2024/04/01 01:56:33.020,2024-04-01 01:56:33.020000+00:00
2024/04/01, 01:57:33.020, 41.524, -70.672,0.22,24.44,7.65, 0.010, NAN,9.7, NAN,1011.9, NAN,0.0, NAN,102.0, NAN,301, NAN,2.6, NAN,51.4, NAN, 2.6, NAN, 325.3, NAN,1014.0,-6.39,276.39,-0.02,5.8724,6.248,126.0,0.0,1439.252, NAN, NAN, NAN, NAN,,2024/04/01 01:57:33.020,2024-04-01 01:57:33.020000+00:00
2024/04/01, 01:58:33.020, 41.524, -70.672,0.22,24.54,228.58, 0.010, NAN,9.7, NAN,1011.9, NAN,0.0, NAN,102.0, NAN,277, NAN,1.8, NAN,53.3, NAN, 1.8, NAN, 301.6, NAN,1014.0,-6.6,274.97,-0.02,5.8724,6.2484,125.7,0.0,1439.254, NAN, NAN, NAN, NAN,,2024/04/01 01:58:33.020,2024-04-01 01:58:33.020000+00:00
2024/04/01, 01:59:33.020, 41.524, -70.672,0.22,24.49,249.21, 0.000, NAN,9.7, NAN,1011.9, NAN,0.0, NAN,102.0, NAN,306, NAN,1.8, NAN,56.8, NAN, 1.8, NAN, 330.5, NAN,1014.0,-7.02,274.98,-0.02,5.8724,6.2489,126.0,0.0,1439.256, NAN, NAN, NAN, NAN,,2024/04/01 01:59:33.020,2024-04-01 01:59:33.020000+00:00
2024/04/01, 02:00:33.020, 41.524, -70.672,0.22,24.51,359.32, 0.000, NAN,9.5, NAN,1011.9, NAN,0.0, NAN,102.0, NAN,269, NAN,1.4, NAN,58.7, NAN, 1.4, NAN, 293.5, NAN,1014.0,-7.43,275.41,-0.02,5.8724,6.25,126.0,0.0,1439.261, NAN, NAN, NAN, NAN,,2024/04/01 02:00:33.020,2024-04-01 02:00:33.020000+00:00
2024/04/01, 02:01:33.020, 41.524, -70.672,0.22,24.58,37.59, 0.010, NAN,9.4, NAN,1011.9, NAN,0.0, NAN,102.0, NAN,326, NAN,2.1, NAN,59.1, NAN, 2.1, NAN, 350.5, NAN,1014.0,-8.03,275.34,-0.01,5.8723,6.2512,125.7,0.0,1439.266, NAN, NAN, NAN, NAN,,2024/04/01 02:01:33.020,2024-04-01 02:01:33.020000+00:00
2024/04/01, 02:02:33.020, 41.524, -70.672,0.22,24.6,317.47, 0.010, NAN,9.3, NAN,1011.9, NAN,0.0, NAN,102.0, NAN,298, NAN,3.5, NAN,59.8, NAN, 3.5, NAN, 322.6, NAN,1014.0,-8.29,276.32,-0.02,5.8725,6.252,125.7,0.0,1439.27, NAN, NAN, NAN, NAN,,2024/04/01 02:02:33.020,2024-04-01 02:02:33.020000+00:00
2024/04/01, 02:03:33.020, 41.524, -70.672,-0.05,24.42,211.51, 0.010, NAN,9.2, NAN,1012.0, NAN,0.0, NAN,102.0, NAN,307, NAN,2.6, NAN,57.1, NAN, 2.6, NAN, 331.5, NAN,1014.1,-8.14,276.36,-0.01,5.8724,6.2525,125.7,0.0,1439.272, NAN, NAN, NAN, NAN,,2024/04/01 02:03:33.020,2024-04-01 02:03:33.020000+00:00
2024/04/01, 02:04:33.020, 41.524, -70.672,-0.03,24.99,342.83, 0.020, NAN,9.2, NAN,1011.9, NAN,0.0, NAN,102.0, NAN,316, NAN,3.2, NAN,57.1, NAN, 3.2, NAN, 340.9, NAN,1014.0,-8.0,276.71,-0.02,5.8725,6.2524,126.0,0.0,1439.271, NAN, NAN, NAN, NAN,,2024/04/01 02:04:33.020,2024-04-01 02:04:33.020000+00:00
2024/04/01, 02:05:33.020, 41.524, -70.672,0.0,24.71,346.06, 0.040, NAN,9.2, NAN,1012.0, NAN,0.0, NAN,102.0, NAN,310, NAN,2.9, NAN,57.1, NAN, 2.9, NAN, 334.6, NAN,1014.1,-8.03,276.67,-0.03,5.8724,6.253,125.7,0.0,1439.274, NAN, NAN, NAN, NAN,,2024/04/01 02:05:33.020,2024-04-01 02:05:33.020000+00:00
2024/04/01, 02:06:33.020, 41.524, -70.672,-0.07,24.09,162.0, 0.020, NAN,9.2, NAN,1012.0, NAN,0.0, NAN,102.0, NAN,315, NAN,3.2, NAN,56.8, NAN, 3.2, NAN, 339.1, NAN,1014.1,-8.14,275.85,-0.02,5.8724,6.2542,125.7,0.0,1439.279, NAN, NAN, NAN, NAN,,2024/04/01 02:06:33.020,2024-04-01 02:06:33.020000+00:00
2024/04/01, 02:07:33.020, 41.524, -70.672,-0.08,24.74,251.66, 0.010, NAN,9.2, NAN,1012.0, NAN,0.0, NAN,102.0, NAN,311, NAN,3.0, NAN,59.0, NAN, 3.0, NAN, 335.8, NAN,1014.1,-8.13,276.22,-0.02,5.8723,6.2552,126.0,0.0,1439.283, NAN, NAN, NAN, NAN,,2024/04/01 02:07:33.020,2024-04-01 02:07:33.020000+00:00
2024/04/01, 02:08:33.020, 41.524, -70.672,-0.08,24.42,350.69, 0.010, NAN,9.1, NAN,1012.0, NAN,0.0, NAN,102.0, NAN,312, NAN,3.7, NAN,58.8, NAN, 3.7, NAN, 336.4, NAN,1014.1,-8.24,276.61,-0.02,5.8723,6.2563,126.3,0.0,1439.288, NAN, NAN, NAN, NAN,,2024/04/01 02:08:33.020,2024-04-01 02:08:33.020000+00:00
2024/04/01, 02:09:33.020, 41.524, -70.672,-0.27,24.8,49.59, 0.010, NAN,9.1, NAN,1012.0, NAN,0.0, NAN,102.0, NAN,314, NAN,3.9, NAN,57.8, NAN, 3.9, NAN, 338.7, NAN,1014.1,-7.98,277.54,-0.02,5.8724,6.2571,126.0,0.0,1439.291, NAN, NAN, NAN, NAN,,2024/04/01 02:09:33.020,2024-04-01 02:09:33.020000+00:00
2024/04/01, 02:10:33.020, 41.524, -70.672,-0.13,24.47,204.59, 0.010, NAN,9.1, NAN,1011.9, NAN,0.0, NAN,102.0, NAN,312, NAN,3.5, NAN,57.1, NAN, 3.5, NAN, 336.5, NAN,1014.0,-7.84,277.29,-0.02,5.8723,6.2575,125.4,0.0,1439.293, NAN, NAN, NAN, NAN,,2024/04/01 02:10:33.020,2024-04-01 02:10:33.020000+00:00
2024/04/01, 02:11:33.020, 41.524, -70.672,-0.13,24.67,193.8, 0.000, NAN,9.2, NAN,1011.9, NAN,0.0, NAN,102.0, NAN,308, NAN,3.8, NAN,57.1, NAN, 3.8, NAN, 332.7, NAN,1014.0,-7.64,277.56,-0.02,5.8722,6.2575,125.7,0.0,1439.293, NAN, NAN, NAN, NAN,,2024/04/01 02:11:33.020,2024-04-01 02:11:33.020000+00:00
2024/04/01, 02:12:33.021, 41.524, -70.672,0.15,24.47,330.55, 0.010, NAN,9.2, NAN,1011.9, NAN,0.0, NAN,102.0, NAN,316, NAN,3.9, NAN,56.5, NAN, 3.9, NAN, 340.4, NAN,1014.0,-7.54,277.24,-0.02,5.8722,6.2582,125.7,0.0,1439.296, NAN, NAN, NAN, NAN,,2024/04/01 02:12:33.021,2024-04-01 02:12:33.021000+00:00
2024/04/01, 02:13:33.021, 41.524, -70.672,0.15,24.53,70.45, 0.010, NAN,9.2, NAN,1012.0, NAN,0.0, NAN,102.0, NAN,316, NAN,2.8, NAN,57.2, NAN, 2.8, NAN, 340.4, NAN,1014.1,-7.45,277.59,-0.02,5.8722,6.2584,126.0,0.0,1439.297, NAN, NAN, NAN, NAN,,2024/04/01 02:13:33.021,2024-04-01 02:13:33.021000+00:00
2024/04/01, 02:14:33.021, 41.524, -70.672,0.3,24.47,328.03, 0.010, NAN,9.2, NAN,1012.0, NAN,0.0, NAN,102.0, NAN,309, NAN,3.2, NAN,56.8, NAN, 3.2, NAN, 333.5, NAN,1014.1,-7.48,277.16,-0.02,5.8723,6.2594,125.7,0.0,1439.301, NAN, NAN, NAN, NAN,,2024/04/01 02:14:33.021,2024-04-01 02:14:33.021000+00:00
2024/04/01, 02:15:33.021, 41.524, -70.672,0.3,24.51,73.36, 0.010, NAN,9.2, NAN,1012.0, NAN,0.0, NAN,102.0, NAN,300, NAN,3.0, NAN,57.0, NAN, 3.0, NAN, 324.4, NAN,1014.1,-7.53,276.66,-0.01,5.8722,6.2598,126.0,0.0,1439.303, NAN, NAN, NAN, NAN,,2024/04/01 02:15:33.021,2024-04-01 02:15:33.021000+00:00
2024/04/01, 02:16:33.021, 41.524, -70.672,0.3,24.56,248.65, 0.010, NAN,9.2, NAN,1012.0, NAN,0.0, NAN,102.0, NAN,301, NAN,3.2, NAN,58.1, NAN, 3.2, NAN, 325.6, NAN,1014.1,-7.67,276.58,-0.02,5.8723,6.2603,126.0,0.0,1439.305, NAN, NAN, NAN, NAN,,2024/04/01 02:16:33.021,2024-04-01 02:16:33.021000+00:00
2024/04/01, 02:17:33.021, 41.524, -70.672,0.3,24.47,166.33, 0.010, NAN,9.1, NAN,1012.0, NAN,0.0, NAN,102.0, NAN,279, NAN,1.9, NAN,59.4, NAN, 1.9, NAN, 303.4, NAN,1014.1,-7.76,275.87,-0.02,5.8722,6.2607,126.3,0.0,1439.306, NAN, NAN, NAN, NAN,,2024/04/01 02:17:33.021,2024-04-01 02:17:33.021000+00:00
2024/04/01, 02:18:33.021, 41.524, -70.672,0.3,24.53,91.16, 0.000, NAN,9.0, NAN,1012.1, NAN,0.0, NAN,102.0, NAN,287, NAN,2.0, NAN,62.4, NAN, 2.0, NAN, 311.5, NAN,1014.2,-7.94,275.81,-0.02,5.8723,6.2615,126.0,0.0,1439.31, NAN, NAN, NAN, NAN,,2024/04/01 02:18:33.021,2024-04-01 02:18:33.021000+00:00
2024/04/01, 02:19:33.021, 41.524, -70.672,0.3,24.6,181.26, 0.000, NAN,8.9, NAN,1012.1, NAN,0.0, NAN,102.0, NAN,288, NAN,2.2, NAN,62.8, NAN, 2.2, NAN, 312.6, NAN,1014.2,-8.04,276.3,-0.02,5.8722,6.2628,125.7,0.0,1439.315, NAN, NAN, NAN, NAN,,2024/04/01 02:19:33.021,2024-04-01 02:19:33.021000+00:00
2024/04/01, 02:20:33.021, 41.524, -70.672,-0.04,24.45,241.1, 0.010, NAN,8.8, NAN,1012.1, NAN,0.0, NAN,102.0, NAN,299, NAN,3.0, NAN,62.2, NAN, 3.0, NAN, 323.4, NAN,1014.2,-8.06,276.87,-0.01,5.8721,6.2639,126.3,0.0,1439.32, NAN, NAN, NAN, NAN,,2024/04/01 02:20:33.021,2024-04-01 02:20:33.021000+00:00
2024/04/01, 02:21:33.021, 41.524, -70.672,-0.06,24.56,349.85, 0.000, NAN,8.8, NAN,1012.1, NAN,0.0, NAN,102.0, NAN,304, NAN,3.1, NAN,62.2, NAN, 3.1, NAN, 328.6, NAN,1014.2,-7.93,276.5,-0.02,5.8721,6.2651,125.7,0.0,1439.325, NAN, NAN, NAN, NAN,,2024/04/01 02:21:33.021,2024-04-01 02:21:33.021000+00:00
2024/04/01, 02:22:33.021, 41.524, -70.672,-0.06,24.47,205.42, 0.000, NAN,8.7, NAN,1012.1, NAN,0.0, NAN,102.0, NAN,309, NAN,2.7, NAN,63.3, NAN, 2.7, NAN, 333.5, NAN,1014.2,-7.85,276.36,-0.02,5.8722,6.2669,126.0,0.0,1439.333, NAN, NAN, NAN, NAN,,2024/04/01 02:22:33.021,2024-04-01 02:22:33.021000+00:00
2024/04/01, 02:23:33.021, 41.524, -70.672,-0.05,24.52,253.45, 0.010, NAN,8.6, NAN,1012.1, NAN,0.0, NAN,102.0, NAN,308, NAN,2.9, NAN,64.0, NAN, 2.9, NAN, 332.4, NAN,1014.2,-8.17,276.6,-0.02,5.8721,6.2697,125.7,0.0,1439.345, NAN, NAN, NAN, NAN,,2024/04/01 02:23:33.021,2024-04-01 02:23:33.021000+00:00
2024/04/01, 02:24:33.021, 41.524, -70.672,0.21,24.54,290.49, 0.010, NAN,8.6, NAN,1012.1, NAN,0.0, NAN,102.0, NAN,308, NAN,2.9, NAN,64.0, NAN, 2.9, NAN, 332.6, NAN,1014.2,-8.33,276.79,-0.02,5.8722,6.273,125.7,0.0,1439.359, NAN, NAN, NAN, NAN,,2024/04/01 02:24:33.021,2024-04-01 02:24:33.021000+00:00
2024/04/01, 02:25:33.021, 41.524, -70.672,0.1,24.51,120.87, 0.000, NAN,8.5, NAN,1012.2, NAN,0.0, NAN,102.0, NAN,310, NAN,2.8, NAN,63.7, NAN, 2.8, NAN, 334.5, NAN,1014.3,-8.45,276.94,-0.01,5.8721,6.2752,125.7,0.0,1439.368, NAN, NAN, NAN, NAN,,2024/04/01 02:25:33.021,2024-04-01 02:25:33.021000+00:00
2024/04/01, 02:26:33.021, 41.524, -70.672,-0.12,24.59,282.37, 0.000, NAN,8.5, NAN,1012.2, NAN,0.0, NAN,102.0, NAN,313, NAN,2.8, NAN,63.7, NAN, 2.8, NAN, 337.6, NAN,1014.3,-8.5,276.96,-0.02,5.8721,6.2765,125.7,0.0,1439.374, NAN, NAN, NAN, NAN,,2024/04/01 02:26:33.021,2024-04-01 02:26:33.021000+00:00
2024/04/01, 02:27:33.021, 41.524, -70.672,-0.1,24.52,216.89, 0.000, NAN,8.5, NAN,1012.2, NAN,0.0, NAN,102.0, NAN,312, NAN,2.8, NAN,64.0, NAN, 2.8, NAN, 336.5, NAN,1014.3,-8.53,277.05,-0.01,5.8721,6.2771,126.0,0.0,1439.376, NAN, NAN, NAN, NAN,,2024/04/01 02:27:33.021,2024-04-01 02:27:33.021000+00:00
2024/04/01, 02:28:33.021, 41.524, -70.672,0.04,24.53,153.61, 0.000, NAN,8.5, NAN,1012.2, NAN,0.0, NAN,102.0, NAN,315, NAN,2.8, NAN,64.0, NAN, 2.8, NAN, 339.5, NAN,1014.3,-8.69,277.29,-0.02,5.872,6.2764,125.7,0.0,1439.373, NAN, NAN, NAN, NAN,,2024/04/01 02:28:33.021,2024-04-01 02:28:33.021000+00:00
2024/04/01, 02:29:33.022, 41.524, -70.672,-0.09,24.48,213.34, 0.000, NAN,8.5, NAN,1012.2, NAN,0.0, NAN,102.0, NAN,318, NAN,2.7, NAN,63.8, NAN, 2.7, NAN, 342.5, NAN,1014.3,-8.63,277.31,-0.02,5.872,6.2756,125.7,0.0,1439.37, NAN, NAN, NAN, NAN,,2024/04/01 02:29:33.022,2024-04-01 02:29:33.022000+00:00
2024/04/01, 02:30:33.022, 41.524, -70.672,-0.12,24.59,336.74, 0.000, NAN,8.5, NAN,1012.2, NAN,0.0, NAN,102.0, NAN,315, NAN,2.7, NAN,64.6, NAN, 2.7, NAN, 339.6, NAN,1014.3,-8.86,277.34,-0.02,5.872,6.2747,126.0,0.0,1439.366, NAN, NAN, NAN, NAN,,2024/04/01 02:30:33.022,2024-04-01 02:30:33.022000+00:00
2024/04/01, 02:31:33.022, 41.524, -70.672,-0.05,24.53,64.37, 0.000, NAN,8.5, NAN,1012.2, NAN,0.0, NAN,102.0, NAN,315, NAN,2.8, NAN,64.6, NAN, 2.8, NAN, 339.5, NAN,1014.3,-8.89,277.08,-0.02,5.872,6.2747,125.7,0.0,1439.366, NAN, NAN, NAN, NAN,,2024/04/01 02:31:33.022,2024-04-01 02:31:33.022000+00:00
2024/04/01, 02:32:33.022, 41.524, -70.672,0.0,24.59,273.55, 0.000, NAN,8.4, NAN,1012.2, NAN,0.0, NAN,102.0, NAN,310, NAN,2.7, NAN,65.3, NAN, 2.7, NAN, 334.6, NAN,1014.3,-8.93,277.22,-0.02,5.8721,6.2744,126.0,0.0,1439.365, NAN, NAN, NAN, NAN,,2024/04/01 02:32:33.022,2024-04-01 02:32:33.022000+00:00
2024/04/01, 02:33:33.022, 41.524, -70.672,0.0,24.56,130.81, 0.000, NAN,8.4, NAN,1012.2, NAN,0.0, NAN,102.0, NAN,311, NAN,2.6, NAN,65.2, NAN, 2.6, NAN, 335.6, NAN,1014.3,-8.84,277.09,-0.02,5.872,6.2752,126.3,0.0,1439.368, NAN, NAN, NAN, NAN,,2024/04/01 02:33:33.022,2024-04-01 02:33:33.022000+00:00
2024/04/01, 02:34:33.022, 41.524, -70.672,0.0,24.58,307.8, 0.000, NAN,8.4, NAN,1012.2, NAN,0.0, NAN,102.0, NAN,316, NAN,2.5, NAN,65.4, NAN, 2.5, NAN, 340.6, NAN,1014.3,-8.78,277.01,-0.02,5.8719,6.2749,126.0,0.0,1439.367, NAN, NAN, NAN, NAN,,2024/04/01 02:34:33.022,2024-04-01 02:34:33.022000+00:00
2024/04/01, 02:35:33.022, 41.524, -70.672,-0.05,24.58,346.03, 0.000, NAN,8.3, NAN,1012.2, NAN,0.0, NAN,102.0, NAN,316, NAN,2.3, NAN,65.9, NAN, 2.3, NAN, 340.6, NAN,1014.3,-8.78,276.53,-0.02,5.8719,6.2754,125.7,0.0,1439.369, NAN, NAN, NAN, NAN,,2024/04/01 02:35:33.022,2024-04-01 02:35:33.022000+00:00
2024/04/01, 02:36:33.022, 41.524, -70.672,-0.05,24.58,73.91, 0.000, NAN,8.3, NAN,1012.2, NAN,0.0, NAN,102.0, NAN,316, NAN,2.1, NAN,66.2, NAN, 2.1, NAN, 340.6, NAN,1014.3,-8.77,275.99,-0.02,5.8721,6.2751,126.0,0.0,1439.368, NAN, NAN, NAN, NAN,,2024/04/01 02:36:33.022,2024-04-01 02:36:33.022000+00:00
2024/04/01, 02:37:33.022, 41.524, -70.672,-0.05,24.6,323.38, 0.010, NAN,8.2, NAN,1012.2, NAN,0.0, NAN,102.0, NAN,211, NAN,0.9, NAN,66.8, NAN, 0.9, NAN, 235.3, NAN,1014.3,-8.75,275.43,-0.02,5.872,6.2758,126.0,0.0,1439.371, NAN, NAN, NAN, NAN,,2024/04/01 02:37:33.022,2024-04-01 02:37:33.022000+00:00
2024/04/01, 02:38:33.022, 41.524, -70.672,-0.15,24.53,266.11, 0.000, NAN,8.2, NAN,1012.2, NAN,0.0, NAN,102.0, NAN,192, NAN,1.0, NAN,67.9, NAN, 1.0, NAN, 216.5, NAN,1014.3,-9.02,275.37,-0.02,5.8719,6.2766,126.0,0.0,1439.374, NAN, NAN, NAN, NAN,,2024/04/01 02:38:33.022,2024-04-01 02:38:33.022000+00:00
2024/04/01, 02:39:33.022, 41.524, -70.672,-0.14,24.54,95.98, 0.010, NAN,8.1, NAN,1012.2, NAN,0.0, NAN,102.0, NAN,182, NAN,0.9, NAN,69.7, NAN, 0.9, NAN, 206.9, NAN,1014.3,-9.26,275.46,-0.02,5.8719,6.2775,126.3,0.0,1439.378, NAN, NAN, NAN, NAN,,2024/04/01 02:39:33.022,2024-04-01 02:39:33.022000+00:00
2024/04/01, 02:40:33.022, 41.524, -70.672,0.0,24.44,316.63, 0.000, NAN,8.0, NAN,1012.3, NAN,0.0, NAN,102.0, NAN,61, NAN,1.5, NAN,71.0, NAN, 1.5, NAN, 85.4, NAN,1014.4,-9.32,275.63,-0.02,5.872,6.2776,126.0,0.0,1439.378, NAN, NAN, NAN, NAN,,2024/04/01 02:40:33.022,2024-04-01 02:40:33.022000+00:00
2024/04/01, 02:41:33.022, 41.524, -70.672,0.0,24.39,103.63, 0.000, NAN,7.9, NAN,1012.2, NAN,0.0, NAN,102.0, NAN,121, NAN,1.0, NAN,71.6, NAN, 1.0, NAN, 145.4, NAN,1014.3,-9.48,275.93,-0.02,5.8719,6.2784,126.0,0.0,1439.382, NAN, NAN, NAN, NAN,,2024/04/01 02:41:33.022,2024-04-01 02:41:33.022000+00:00
2024/04/01, 02:42:33.022, 41.524, -70.672,0.0,24.41,72.38, 0.010, NAN,7.8, NAN,1012.2, NAN,0.0, NAN,102.0, NAN,47, NAN,2.0, NAN,71.8, NAN, 2.0, NAN, 71.3, NAN,1014.3,-9.63,276.11,-0.02,5.8719,6.2798,126.3,0.0,1439.388, NAN, NAN, NAN, NAN,,2024/04/01 02:42:33.022,2024-04-01 02:42:33.022000+00:00
2024/04/01, 02:43:33.022, 41.524, -70.672,0.0,24.44,231.98, 0.000, NAN,7.7, NAN,1012.2, NAN,0.0, NAN,102.0, NAN,204, NAN,1.1, NAN,72.1, NAN, 1.1, NAN, 228.4, NAN,1014.3,-9.53,276.37,-0.02,5.8719,6.2806,126.0,0.0,1439.391, NAN, NAN, NAN, NAN,,2024/04/01 02:43:33.022,2024-04-01 02:43:33.022000+00:00
2024/04/01, 02:44:33.022, 41.524, -70.672,0.0,24.49,272.39, 0.000, NAN,7.6, NAN,1012.2, NAN,0.0, NAN,102.0, NAN,65, NAN,1.9, NAN,72.4, NAN, 1.9, NAN, 89.5, NAN,1014.3,-9.58,276.56,-0.02,5.8719,6.2802,126.0,0.0,1439.389, NAN, NAN, NAN, NAN,,2024/04/01 02:44:33.022,2024-04-01 02:44:33.022000+00:00
2024/04/01, 02:45:33.023, 41.524, -70.672,0.0,24.45,322.75, 0.000, NAN,7.6, NAN,1012.2, NAN,0.0, NAN,102.0, NAN,52, NAN,1.7, NAN,72.6, NAN, 1.7, NAN, 76.4, NAN,1014.3,-9.55,275.99,-0.02,5.8719,6.2802,126.0,0.0,1439.389, NAN, NAN, NAN, NAN,,2024/04/01 02:45:33.023,2024-04-01 02:45:33.023000+00:00
2024/04/01, 02:46:33.023, 41.524, -70.672,-0.01,24.53,292.97, 0.000, NAN,7.5, NAN,1012.2, NAN,0.0, NAN,102.0, NAN,79, NAN,2.1, NAN,73.0, NAN, 2.1, NAN, 103.5, NAN,1014.3,-9.34,275.9,-0.02,5.8719,6.2798,126.0,0.0,1439.388, NAN, NAN, NAN, NAN,,2024/04/01 02:46:33.023,2024-04-01 02:46:33.023000+00:00
2024/04/01, 02:47:33.023, 41.524, -70.672,0.05,24.43,223.12, 0.000, NAN,7.4, NAN,1012.2, NAN,0.0, NAN,102.0, NAN,77, NAN,2.2, NAN,73.5, NAN, 2.2, NAN, 101.4, NAN,1014.3,-9.12,275.52,-0.02,5.8719,6.2789,125.7,0.0,1439.384, NAN, NAN, NAN, NAN,,2024/04/01 02:47:33.023,2024-04-01 02:47:33.023000+00:00
2024/04/01, 02:48:33.023, 41.524, -70.672,-0.25,24.31,135.6, 0.000, NAN,7.2, NAN,1012.3, NAN,0.0, NAN,102.0, NAN,74, NAN,2.0, NAN,74.5, NAN, 2.0, NAN, 98.3, NAN,1014.4,-8.98,275.27,-0.02,5.8718,6.2793,126.0,0.0,1439.385, NAN, NAN, NAN, NAN,,2024/04/01 02:48:33.023,2024-04-01 02:48:33.023000+00:00
2024/04/01, 02:49:33.023, 41.524, -70.672,-0.22,24.35,227.05, 0.010, NAN,7.1, NAN,1012.3, NAN,0.0, NAN,102.0, NAN,51, NAN,2.6, NAN,75.6, NAN, 2.6, NAN, 75.3, NAN,1014.4,-9.09,275.03,-0.02,5.8719,6.2797,126.3,0.0,1439.387, NAN, NAN, NAN, NAN,,2024/04/01 02:49:33.023,2024-04-01 02:49:33.023000+00:00
2024/04/01, 02:50:33.023, 41.524, -70.672,-0.13,24.07,276.9, 0.000, NAN,7.0, NAN,1012.3, NAN,0.0, NAN,102.0, NAN,46, NAN,3.2, NAN,76.5, NAN, 3.2, NAN, 70.1, NAN,1014.4,-9.14,275.14,-0.02,5.8718,6.2796,126.0,0.0,1439.387, NAN, NAN, NAN, NAN,,2024/04/01 02:50:33.023,2024-04-01 02:50:33.023000+00:00
2024/04/01, 02:51:33.023, 41.524, -70.672,0.04,24.4,94.31, 0.010, NAN,7.0, NAN,1012.3, NAN,0.0, NAN,102.0, NAN,46, NAN,3.3, NAN,76.6, NAN, 3.3, NAN, 70.4, NAN,1014.4,-9.08,275.59,-0.02,5.8718,6.2791,125.7,0.0,1439.385, NAN, NAN, NAN, NAN,,2024/04/01 02:51:33.023,2024-04-01 02:51:33.023000+00:00
2024/04/01, 02:52:33.023, 41.524, -70.672,-0.18,24.31,7.11, 0.010, NAN,6.8, NAN,1012.3, NAN,0.0, NAN,102.0, NAN,50, NAN,2.9, NAN,77.3, NAN, 2.9, NAN, 74.4, NAN,1014.4,-9.02,276.07,-0.02,5.8718,6.2729,126.0,0.0,1439.358, NAN, NAN, NAN, NAN,,2024/04/01 02:52:33.023,2024-04-01 02:52:33.023000+00:00
2024/04/01, 02:53:33.023, 41.524, -70.672,0.01,24.4,43.15, 0.000, NAN,6.7, NAN,1012.3, NAN,0.0, NAN,102.0, NAN,48, NAN,2.0, NAN,77.9, NAN, 2.0, NAN, 72.4, NAN,1014.4,-8.96,277.21,-0.02,5.8717,6.2671,125.7,0.0,1439.333, NAN, NAN, NAN, NAN,,2024/04/01 02:53:33.023,2024-04-01 02:53:33.023000+00:00
2024/04/01, 02:54:33.023, 41.524, -70.672,-0.09,24.31,322.72, 0.000, NAN,6.7, NAN,1012.4, NAN,0.0, NAN,102.0, NAN,166, NAN,1.4, NAN,77.0, NAN, 1.4, NAN, 190.3, NAN,1014.5,-8.88,277.45,-0.02,5.8718,6.2627,126.0,0.0,1439.314, NAN, NAN, NAN, NAN,,2024/04/01 02:54:33.023,2024-04-01 02:54:33.023000+00:00
2024/04/01, 02:55:33.023, 41.524, -70.672,-0.07,24.27,338.71, 0.000, NAN,6.7, NAN,1012.3, NAN,0.0, NAN,102.0, NAN,207, NAN,1.2, NAN,75.7, NAN, 1.2, NAN, 231.3, NAN,1014.4,-8.63,278.08,-0.02,5.8718,6.2603,125.7,0.0,1439.304, NAN, NAN, NAN, NAN,,2024/04/01 02:55:33.023,2024-04-01 02:55:33.023000+00:00
2024/04/01, 02:56:33.023, 41.524, -70.672,-0.19,24.38,174.61, 0.000, NAN,6.8, NAN,1012.3, NAN,0.0, NAN,102.0, NAN,258, NAN,1.3, NAN,74.6, NAN, 1.3, NAN, 282.4, NAN,1014.4,-8.38,277.86,-0.03,5.8719,6.2588,126.0,0.0,1439.298, NAN, NAN, NAN, NAN,,2024/04/01 02:56:33.023,2024-04-01 02:56:33.023000+00:00
2024/04/01, 02:57:33.023, 41.524, -70.672,-0.19,24.27,26.4, 0.000, NAN,6.9, NAN,1012.3, NAN,0.0, NAN,102.0, NAN,247, NAN,1.0, NAN,73.6, NAN, 1.0, NAN, 271.3, NAN,1014.4,-8.29,277.32,-0.03,5.8718,6.2584,126.0,0.0,1439.296, NAN, NAN, NAN, NAN,,2024/04/01 02:57:33.023,2024-04-01 02:57:33.023000+00:00
2024/04/01, 02:58:33.023, 41.524, -70.672,-0.08,24.4,88.32, 0.010, NAN,7.0, NAN,1012.4, NAN,0.0, NAN,102.0, NAN,265, NAN,1.2, NAN,73.4, NAN, 1.2, NAN, 289.3, NAN,1014.5,-8.35,277.21,-0.02,5.8718,6.258,125.4,0.0,1439.294, NAN, NAN, NAN, NAN,,2024/04/01 02:58:33.023,2024-04-01 02:58:33.023000+00:00
2024/04/01, 02:59:33.023, 41.524, -70.672,-0.19,24.55,117.92, 0.010, NAN,7.0, NAN,1012.4, NAN,0.0, NAN,102.0, NAN,273, NAN,1.1, NAN,73.3, NAN, 1.1, NAN, 297.7, NAN,1014.5,-8.49,276.7,-0.02,5.8719,6.2575,125.7,0.0,1439.292, NAN, NAN, NAN, NAN,,2024/04/01 02:59:33.023,2024-04-01 02:59:33.023000+00:00
2024/04/01, 03:00:33.023, 41.524, -70.672,-0.14,24.44,277.27, 0.010, NAN,7.1, NAN,1012.4, NAN,0.0, NAN,102.0, NAN,76, NAN,1.4, NAN,73.5, NAN, 1.4, NAN, 100.5, NAN,1014.5,-8.68,276.63,-0.01,5.8718,6.2563,125.7,0.0,1439.287, NAN, NAN, NAN, NAN,,2024/04/01 03:00:33.023,2024-04-01 03:00:33.023000+00:00
2024/04/01, 03:01:33.024, 41.524, -70.672,-0.08,24.17,49.81, 0.000, NAN,7.1, NAN,1012.4, NAN,0.0, NAN,102.0, NAN,30, NAN,0.1, NAN,74.5, NAN, 0.1, NAN, 54.2, NAN,1014.5,-9.03,276.63,-0.02,5.8718,6.2561,126.0,0.0,1439.286, NAN, NAN, NAN, NAN,,2024/04/01 03:01:33.024,2024-04-01 03:01:33.024000+00:00
2024/04/01, 03:02:33.024, 41.524, -70.672,-0.15,24.05,132.37, 0.010, NAN,7.0, NAN,1012.4, NAN,0.0, NAN,102.0, NAN,37, NAN,2.2, NAN,74.5, NAN, 2.2, NAN, 61.0, NAN,1014.5,-9.37,276.98,-0.02,5.8718,6.2553,125.1,0.0,1439.283, NAN, NAN, NAN, NAN,,2024/04/01 03:02:33.024,2024-04-01 03:02:33.024000+00:00
2024/04/01, 03:03:33.024, 41.524, -70.672,-0.06,24.42,309.85, 0.000, NAN,7.0, NAN,1012.5, NAN,0.0, NAN,102.0, NAN,334, NAN,2.3, NAN,74.8, NAN, 2.3, NAN, 358.4, NAN,1014.6,-9.37,277.52,-0.02,5.8718,6.2539,125.7,0.0,1439.277, NAN, NAN, NAN, NAN,,2024/04/01 03:03:33.024,2024-04-01 03:03:33.024000+00:00
2024/04/01, 03:04:33.024, 41.524, -70.672,0.02,24.26,337.7, 0.000, NAN,7.0, NAN,1012.5, NAN,0.0, NAN,102.0, NAN,320, NAN,2.6, NAN,74.6, NAN, 2.6, NAN, 344.3, NAN,1014.6,-9.45,278.13,-0.02,5.8717,6.2525,125.7,0.0,1439.271, NAN, NAN, NAN, NAN,,2024/04/01 03:04:33.024,2024-04-01 03:04:33.024000+00:00
2024/04/01, 03:05:33.024, 41.524, -70.672,-0.04,24.4,112.91, 0.000, NAN,6.9, NAN,1012.6, NAN,0.0, NAN,102.0, NAN,320, NAN,2.3, NAN,74.5, NAN, 2.3, NAN, 344.4, NAN,1014.7,-9.16,278.61,-0.02,5.8719,6.251,126.0,0.0,1439.264, NAN, NAN, NAN, NAN,,2024/04/01 03:05:33.024,2024-04-01 03:05:33.024000+00:00
2024/04/01, 03:06:33.024, 41.524, -70.672,-0.04,24.44,309.67, 0.010, NAN,6.9, NAN,1012.6, NAN,0.0, NAN,102.0, NAN,317, NAN,2.5, NAN,74.1, NAN, 2.5, NAN, 341.5, NAN,1014.7,-8.93,278.97,-0.02,5.8718,6.2498,126.3,0.0,1439.259, NAN, NAN, NAN, NAN,,2024/04/01 03:06:33.024,2024-04-01 03:06:33.024000+00:00
2024/04/01, 03:07:33.024, 41.524, -70.672,-0.26,24.29,92.03, 0.010, NAN,6.9, NAN,1012.6, NAN,0.0, NAN,102.0, NAN,309, NAN,2.5, NAN,73.9, NAN, 2.5, NAN, 333.2, NAN,1014.7,-8.63,279.87,-0.03,5.8717,6.2506,126.0,0.0,1439.263, NAN, NAN, NAN, NAN,,2024/04/01 03:07:33.024,2024-04-01 03:07:33.024000+00:00
2024/04/01, 03:08:33.024, 41.524, -70.672,-0.09,24.5,334.33, 0.000, NAN,6.9, NAN,1012.6, NAN,0.0, NAN,102.0, NAN,305, NAN,2.2, NAN,73.5, NAN, 2.2, NAN, 329.5, NAN,1014.7,-8.31,280.43,-0.02,5.8718,6.2498,126.0,0.0,1439.259, NAN, NAN, NAN, NAN,,2024/04/01 03:08:33.024,2024-04-01 03:08:33.024000+00:00
2024/04/01, 03:09:33.024, 41.524, -70.672,-0.09,24.36,191.07, 0.010, NAN,7.0, NAN,1012.6, NAN,0.0, NAN,102.0, NAN,309, NAN,2.8, NAN,73.1, NAN, 2.8, NAN, 333.4, NAN,1014.7,-7.98,280.67,-0.02,5.8718,6.2487,126.3,0.0,1439.255, NAN, NAN, NAN, NAN,,2024/04/01 03:09:33.024,2024-04-01 03:09:33.024000+00:00
2024/04/01, 03:10:33.024, 41.524, -70.672,-0.05,24.51,298.31, 0.000, NAN,7.1, NAN,1012.6, NAN,0.0, NAN,102.0, NAN,303, NAN,3.0, NAN,72.9, NAN, 3.0, NAN, 327.5, NAN,1014.7,-7.58,281.56,-0.02,5.8718,6.2497,126.3,0.0,1439.259, NAN, NAN, NAN, NAN,,2024/04/01 03:10:33.024,2024-04-01 03:10:33.024000+00:00
2024/04/01, 03:11:33.024, 41.524, -70.672,-0.15,24.42,27.08, 0.000, NAN,7.1, NAN,1012.6, NAN,0.0, NAN,102.0, NAN,310, NAN,3.2, NAN,71.6, NAN, 3.2, NAN, 334.4, NAN,1014.7,-7.34,281.84,-0.02,5.8719,6.2505,126.0,0.0,1439.262, NAN, NAN, NAN, NAN,,2024/04/01 03:11:33.024,2024-04-01 03:11:33.024000+00:00
2024/04/01, 03:12:33.024, 41.524, -70.672,-0.06,24.5,258.41, 0.000, NAN,7.3, NAN,1012.6, NAN,0.0, NAN,102.0, NAN,307, NAN,3.2, NAN,71.0, NAN, 3.2, NAN, 331.5, NAN,1014.7,-7.2,282.01,-0.03,5.8719,6.2509,126.3,0.0,1439.264, NAN, NAN, NAN, NAN,,2024/04/01 03:12:33.024,2024-04-01 03:12:33.024000+00:00
2024/04/01, 03:13:33.024, 41.524, -70.672,0.0,24.5,201.97, 0.000, NAN,7.4, NAN,1012.6, NAN,0.0, NAN,102.0, NAN,304, NAN,3.4, NAN,70.1, NAN, 3.4, NAN, 328.5, NAN,1014.7,-7.0,282.25,-0.02,5.8719,6.2504,126.0,0.0,1439.262, NAN, NAN, NAN, NAN,,2024/04/01 03:13:33.024,2024-04-01 03:13:33.024000+00:00
2024/04/01, 03:14:33.024, 41.524, -70.672,0.07,24.49,229.92, 0.000, NAN,7.5, NAN,1012.6, NAN,0.0, NAN,102.0, NAN,302, NAN,3.0, NAN,69.7, NAN, 3.0, NAN, 326.5, NAN,1014.7,-6.82,282.71,-0.02,5.8719,6.2514,126.0,0.0,1439.266, NAN, NAN, NAN, NAN,,2024/04/01 03:14:33.024,2024-04-01 03:14:33.024000+00:00
2024/04/01, 03:15:33.024, 41.524, -70.672,0.04,24.5,294.77, 0.010, NAN,7.5, NAN,1012.6, NAN,0.0, NAN,102.0, NAN,296, NAN,3.5, NAN,69.5, NAN, 3.5, NAN, 320.5, NAN,1014.7,-6.7,283.31,-0.02,5.8719,6.2519,125.7,0.0,1439.268, NAN, NAN, NAN, NAN,,2024/04/01 03:15:33.024,2024-04-01 03:15:33.024000+00:00
2024/04/01, 03:16:33.024, 41.524, -70.672,0.09,24.48,252.51, 0.000, NAN,7.6, NAN,1012.5, NAN,0.0, NAN,102.0, NAN,297, NAN,3.1, NAN,67.6, NAN, 3.1, NAN, 321.5, NAN,1014.6,-6.52,283.18,-0.02,5.872,6.2515,126.0,0.0,1439.267, NAN, NAN, NAN, NAN,,2024/04/01 03:16:33.024,2024-04-01 03:16:33.024000+00:00
2024/04/01, 03:17:33.024, 41.524, -70.672,0.07,24.49,270.4, 0.000, NAN,7.7, NAN,1012.5, NAN,0.0, NAN,102.0, NAN,299, NAN,3.2, NAN,66.5, NAN, 3.2, NAN, 323.5, NAN,1014.6,-6.31,282.97,-0.02,5.8719,6.2515,126.0,0.0,1439.267, NAN, NAN, NAN, NAN,,2024/04/01 03:17:33.024,2024-04-01 03:17:33.024000+00:00
2024/04/01, 03:18:33.025, 41.524, -70.672,0.08,24.49,309.48, 0.000, NAN,7.8, NAN,1012.6, NAN,0.0, NAN,102.0, NAN,302, NAN,2.9, NAN,66.6, NAN, 2.9, NAN, 326.5, NAN,1014.7,-6.37,282.91,-0.02,5.8719,6.2507,126.0,0.0,1439.263, NAN, NAN, NAN, NAN,,2024/04/01 03:18:33.025,2024-04-01 03:18:33.025000+00:00
2024/04/01, 03:19:33.025, 41.524, -70.672,-0.08,24.47,304.55, 0.000, NAN,7.8, NAN,1012.6, NAN,0.0, NAN,102.0, NAN,308, NAN,3.0, NAN,66.5, NAN, 3.0, NAN, 332.5, NAN,1014.7,-6.41,282.21,-0.02,5.872,6.2506,125.7,0.0,1439.263, NAN, NAN, NAN, NAN,,2024/04/01 03:19:33.025,2024-04-01 03:19:33.025000+00:00
2024/04/01, 03:20:33.025, 41.524, -70.672,0.0,24.45,330.28, 0.010, NAN,7.8, NAN,1012.6, NAN,0.0, NAN,102.0, NAN,308, NAN,3.0, NAN,66.4, NAN, 3.0, NAN, 332.5, NAN,1014.7,-6.59,281.66,-0.02,5.8719,6.25,126.3,0.0,1439.26, NAN, NAN, NAN, NAN,,2024/04/01 03:20:33.025,2024-04-01 03:20:33.025000+00:00
2024/04/01, 03:21:33.025, 41.524, -70.672,0.19,24.49,117.95, 0.010, NAN,7.8, NAN,1012.5, NAN,0.0, NAN,102.0, NAN,314, NAN,3.1, NAN,67.3, NAN, 3.1, NAN, 338.4, NAN,1014.6,-6.84,281.59,-0.02,5.8719,6.2493,126.0,0.0,1439.257, NAN, NAN, NAN, NAN,,2024/04/01 03:21:33.025,2024-04-01 03:21:33.025000+00:00
2024/04/01, 03:22:33.025, 41.524, -70.672,0.15,24.5,282.25, 0.000, NAN,7.8, NAN,1012.5, NAN,0.0, NAN,102.0, NAN,304, NAN,2.3, NAN,67.5, NAN, 2.3, NAN, 328.5, NAN,1014.6,-7.14,281.27,-0.02,5.872,6.2485,126.0,0.0,1439.254, NAN, NAN, NAN, NAN,,2024/04/01 03:22:33.025,2024-04-01 03:22:33.025000+00:00
2024/04/01, 03:23:33.025, 41.524, -70.672,0.01,24.58,170.22, 0.000, NAN,7.7, NAN,1012.5, NAN,0.0, NAN,102.0, NAN,308, NAN,3.2, NAN,67.9, NAN, 3.2, NAN, 332.6, NAN,1014.6,-7.33,281.38,-0.02,5.872,6.2484,125.7,0.0,1439.253, NAN, NAN, NAN, NAN,,2024/04/01 03:23:33.025,2024-04-01 03:23:33.025000+00:00
2024/04/01, 03:24:33.025, 41.524, -70.672,-0.16,24.47,246.8, 0.000, NAN,7.7, NAN,1012.5, NAN,0.0, NAN,102.0, NAN,311, NAN,3.1, NAN,67.6, NAN, 3.1, NAN, 335.5, NAN,1014.6,-7.39,281.25,-0.02,5.8721,6.248,126.6,0.0,1439.252, NAN, NAN, NAN, NAN,,2024/04/01 03:24:33.025,2024-04-01 03:24:33.025000+00:00
2024/04/01, 03:25:33.025, 41.524, -70.672,-0.01,24.38,16.94, 0.000, NAN,7.7, NAN,1012.5, NAN,0.0, NAN,102.0, NAN,312, NAN,3.2, NAN,67.7, NAN, 3.2, NAN, 336.4, NAN,1014.6,-7.44,280.94,-0.03,5.872,6.2479,126.0,0.0,1439.251, NAN, NAN, NAN, NAN,,2024/04/01 03:25:33.025,2024-04-01 03:25:33.025000+00:00
2024/04/01, 03:26:33.025, 41.524, -70.672,0.09,24.43,316.36, 0.010, NAN,7.6, NAN,1012.5, NAN,0.0, NAN,102.0, NAN,311, NAN,3.3, NAN,67.9, NAN, 3.3, NAN, 335.5, NAN,1014.6,-7.43,281.27,-0.02,5.872,6.2477,126.0,0.0,1439.25, NAN, NAN, NAN, NAN,,2024/04/01 03:26:33.025,2024-04-01 03:26:33.025000+00:00
2024/04/01, 03:27:33.025, 41.524, -70.672,0.05,24.38,149.24, 0.010, NAN,7.6, NAN,1012.5, NAN,0.0, NAN,102.0, NAN,316, NAN,3.0, NAN,68.0, NAN, 3.0, NAN, 340.5, NAN,1014.6,-7.49,281.03,-0.03,5.8721,6.248,125.7,0.0,1439.252, NAN, NAN, NAN, NAN,,2024/04/01 03:27:33.025,2024-04-01 03:27:33.025000+00:00
2024/04/01, 03:28:33.025, 41.524, -70.672,0.0,24.47,118.35, 0.000, NAN,7.6, NAN,1012.5, NAN,0.0, NAN,102.0, NAN,314, NAN,3.0, NAN,67.9, NAN, 3.0, NAN, 338.5, NAN,1014.6,-7.58,280.77,-0.02,5.872,6.2481,125.7,0.0,1439.252, NAN, NAN, NAN, NAN,,2024/04/01 03:28:33.025,2024-04-01 03:28:33.025000+00:00
2024/04/01, 03:29:33.025, 41.524, -70.672,-0.12,24.54,154.44, 0.000, NAN,7.6, NAN,1012.5, NAN,0.0, NAN,102.0, NAN,325, NAN,2.0, NAN,68.0, NAN, 2.0, NAN, 349.5, NAN,1014.6,-7.64,281.17,-0.02,5.8721,6.248,126.0,0.0,1439.252, NAN, NAN, NAN, NAN,,2024/04/01 03:29:33.025,2024-04-01 03:29:33.025000+00:00
2024/04/01, 03:30:33.025, 41.524, -70.672,0.04,24.43,336.32, 0.010, NAN,7.6, NAN,1012.5, NAN,0.0, NAN,102.0, NAN,328, NAN,1.8, NAN,68.1, NAN, 1.8, NAN, 352.5, NAN,1014.6,-7.65,280.85,-0.02,5.8721,6.2482,125.7,0.0,1439.253, NAN, NAN, NAN, NAN,,2024/04/01 03:30:33.025,2024-04-01 03:30:33.025000+00:00
2024/04/01, 03:31:33.025, 41.524, -70.672,0.11,24.58,51.94, 0.000, NAN,7.5, NAN,1012.6, NAN,0.0, NAN,102.0, NAN,327, NAN,2.6, NAN,68.3, NAN, 2.6, NAN, 351.6, NAN,1014.7,-7.95,280.92,-0.02,5.8722,6.2475,125.7,0.0,1439.25, NAN, NAN, NAN, NAN,,2024/04/01 03:31:33.025,2024-04-01 03:31:33.025000+00:00
2024/04/01, 03:32:33.025, 41.524, -70.672,0.12,24.41,343.83, 0.010, NAN,7.5, NAN,1012.6, NAN,0.0, NAN,102.0, NAN,330, NAN,2.4, NAN,68.7, NAN, 2.4, NAN, 354.5, NAN,1014.7,-8.14,281.1,-0.02,5.8721,6.2427,126.0,0.0,1439.229, NAN, NAN, NAN, NAN,,2024/04/01 03:32:33.025,2024-04-01 03:32:33.025000+00:00
2024/04/01, 03:33:33.025, 41.524, -70.672,-0.01,24.42,289.01, 0.000, NAN,7.5, NAN,1012.6, NAN,0.0, NAN,102.0, NAN,332, NAN,1.8, NAN,68.8, NAN, 1.8, NAN, 356.4, NAN,1014.7,-8.17,281.49,-0.02,5.8721,6.2381,126.0,0.0,1439.21, NAN, NAN, NAN, NAN,,2024/04/01 03:33:33.025,2024-04-01 03:33:33.025000+00:00
2024/04/01, 03:34:33.026, 41.524, -70.672,-0.05,24.27,81.27, 0.000, NAN,7.4, NAN,1012.6, NAN,0.0, NAN,102.0, NAN,321, NAN,2.8, NAN,69.0, NAN, 2.8, NAN, 345.3, NAN,1014.7,-8.32,282.53,-0.02,5.8722,6.235,126.0,0.0,1439.196, NAN, NAN, NAN, NAN,,2024/04/01 03:34:33.026,2024-04-01 03:34:33.026000+00:00
2024/04/01, 03:35:33.026, 41.524, -70.672,0.04,24.36,234.32, 0.000, NAN,7.4, NAN,1012.6, NAN,0.0, NAN,102.0, NAN,333, NAN,1.8, NAN,69.2, NAN, 1.8, NAN, 357.4, NAN,1014.7,-8.25,282.71,-0.03,5.8722,6.2324,126.0,0.0,1439.185, NAN, NAN, NAN, NAN,,2024/04/01 03:35:33.026,2024-04-01 03:35:33.026000+00:00
2024/04/01, 03:36:33.026, 41.524, -70.672,-0.06,24.36,11.8, 0.000, NAN,7.4, NAN,1012.6, NAN,0.0, NAN,102.0, NAN,333, NAN,2.3, NAN,69.2, NAN, 2.3, NAN, 357.4, NAN,1014.7,-8.26,283.27,-0.02,5.8722,6.2307,126.0,0.0,1439.178, NAN, NAN, NAN, NAN,,2024/04/01 03:36:33.026,2024-04-01 03:36:33.026000+00:00
2024/04/01, 03:37:33.026, 41.524, -70.672,0.08,24.38,67.94, 0.000, NAN,7.4, NAN,1012.6, NAN,0.0, NAN,102.0, NAN,320, NAN,2.7, NAN,69.2, NAN, 2.7, NAN, 344.4, NAN,1014.7,-8.32,283.76,-0.02,5.8722,6.2305,126.0,0.0,1439.177, NAN, NAN, NAN, NAN,,2024/04/01 03:37:33.026,2024-04-01 03:37:33.026000+00:00
2024/04/01, 03:38:33.026, 41.524, -70.672,-0.24,24.41,299.68, 0.010, NAN,7.4, NAN,1012.8, NAN,0.0, NAN,102.0, NAN,318, NAN,2.4, NAN,69.2, NAN, 2.4, NAN, 342.4, NAN,1014.9,-8.23,284.57,-0.02,5.8721,6.2311,125.7,0.0,1439.18, NAN, NAN, NAN, NAN,,2024/04/01 03:38:33.026,2024-04-01 03:38:33.026000+00:00
2024/04/01, 03:39:33.026, 41.524, -70.672,0.23,24.49,152.93, 0.000, NAN,7.4, NAN,1012.7, NAN,0.0, NAN,102.0, NAN,318, NAN,2.7, NAN,69.2, NAN, 2.7, NAN, 342.5, NAN,1014.8,-8.1,284.72,-0.02,5.8722,6.2307,126.0,0.0,1439.178, NAN, NAN, NAN, NAN,,2024/04/01 03:39:33.026,2024-04-01 03:39:33.026000+00:00
2024/04/01, 03:40:33.026, 41.524, -70.672,0.08,24.52,355.86, 0.000, NAN,7.4, NAN,1012.8, NAN,0.0, NAN,102.0, NAN,316, NAN,2.5, NAN,69.2, NAN, 2.5, NAN, 340.5, NAN,1014.9,-7.94,284.93,-0.02,5.8721,6.2309,125.7,0.0,1439.179, NAN, NAN, NAN, NAN,,2024/04/01 03:40:33.026,2024-04-01 03:40:33.026000+00:00
2024/04/01, 03:41:33.026, 41.524, -70.672,-0.12,24.44,174.19, 0.000, NAN,7.4, NAN,1012.8, NAN,0.0, NAN,102.0, NAN,316, NAN,2.0, NAN,69.2, NAN, 2.0, NAN, 340.4, NAN,1014.9,-7.76,285.12,-0.02,5.8721,6.2321,126.0,0.0,1439.184, NAN, NAN, NAN, NAN,,2024/04/01 03:41:33.026,2024-04-01 03:41:33.026000+00:00
2024/04/01, 03:42:33.026, 41.524, -70.672,0.06,24.39,128.36, 0.000, NAN,7.4, NAN,1012.8, NAN,0.0, NAN,102.0, NAN,319, NAN,2.5, NAN,69.2, NAN, 2.5, NAN, 343.4, NAN,1014.9,-7.73,285.35,-0.02,5.8723,6.2328,125.7,0.0,1439.187, NAN, NAN, NAN, NAN,,2024/04/01 03:42:33.026,2024-04-01 03:42:33.026000+00:00
2024/04/01, 03:43:33.026, 41.524, -70.672,0.25,24.42,246.43, 0.010, NAN,7.4, NAN,1012.8, NAN,0.0, NAN,102.0, NAN,319, NAN,2.4, NAN,69.2, NAN, 2.4, NAN, 343.5, NAN,1014.9,-7.73,284.93,-0.02,5.8721,6.2341,125.7,0.0,1439.192, NAN, NAN, NAN, NAN,,2024/04/01 03:43:33.026,2024-04-01 03:43:33.026000+00:00
2024/04/01, 03:44:33.026, 41.524, -70.672,0.06,24.49,218.15, 0.000, NAN,7.5, NAN,1012.7, NAN,0.0, NAN,102.0, NAN,320, NAN,2.5, NAN,69.2, NAN, 2.5, NAN, 344.5, NAN,1014.8,-7.75,285.11,-0.02,5.8722,6.2357,126.0,0.0,1439.199, NAN, NAN, NAN, NAN,,2024/04/01 03:44:33.026,2024-04-01 03:44:33.026000+00:00
2024/04/01, 03:45:33.026, 41.524, -70.672,0.21,24.44,302.12, 0.000, NAN,7.5, NAN,1012.8, NAN,0.0, NAN,102.0, NAN,321, NAN,2.7, NAN,69.2, NAN, 2.7, NAN, 345.4, NAN,1014.9,-7.79,284.99,-0.02,5.8723,6.2361,125.7,0.3,1439.201, NAN, NAN, NAN, NAN,,2024/04/01 03:45:33.026,2024-04-01 03:45:33.026000+00:00
2024/04/01, 03:46:33.026, 41.524, -70.672,0.2,24.45,202.62, 0.000, NAN,7.4, NAN,1012.8, NAN,0.0, NAN,102.0, NAN,319, NAN,2.6, NAN,69.2, NAN, 2.6, NAN, 343.4, NAN,1014.9,-7.92,285.04,-0.02,5.8722,6.2364,126.3,0.0,1439.202, NAN, NAN, NAN, NAN,,2024/04/01 03:46:33.026,2024-04-01 03:46:33.026000+00:00
2024/04/01, 03:47:33.026, 41.524, -70.672,0.16,24.51,198.16, 0.000, NAN,7.4, NAN,1012.8, NAN,0.0, NAN,102.0, NAN,331, NAN,1.5, NAN,69.3, NAN, 1.5, NAN, 355.5, NAN,1014.9,-8.02,285.08,-0.02,5.8722,6.237,126.0,0.0,1439.205, NAN, NAN, NAN, NAN,,2024/04/01 03:47:33.026,2024-04-01 03:47:33.026000+00:00
2024/04/01, 03:48:33.026, 41.524, -70.672,0.13,24.47,250.33, 0.000, NAN,7.4, NAN,1012.7, NAN,0.0, NAN,102.0, NAN,323, NAN,2.6, NAN,69.4, NAN, 2.6, NAN, 347.5, NAN,1014.8,-8.18,285.12,-0.02,5.8722,6.2375,125.7,0.0,1439.207, NAN, NAN, NAN, NAN,,2024/04/01 03:48:33.026,2024-04-01 03:48:33.026000+00:00
2024/04/01, 03:49:33.026, 41.524, -70.672,0.12,24.5,192.51, 0.000, NAN,7.4, NAN,1012.8, NAN,0.0, NAN,102.0, NAN,320, NAN,2.6, NAN,69.5, NAN, 2.6, NAN, 344.5, NAN,1014.9,-8.25,285.53,-0.02,5.8722,6.2363,126.0,0.0,1439.202, NAN, NAN, NAN, NAN,,2024/04/01 03:49:33.026,2024-04-01 03:49:33.026000+00:00
2024/04/01, 03:50:33.026, 41.524, -70.672,0.01,24.59,256.59, 0.010, NAN,7.4, NAN,1012.8, NAN,0.0, NAN,102.0, NAN,318, NAN,2.7, NAN,69.6, NAN, 2.7, NAN, 342.7, NAN,1014.9,-8.15,285.7,-0.02,5.8722,6.2352,126.0,0.0,1439.197, NAN, NAN, NAN, NAN,,2024/04/01 03:50:33.026,2024-04-01 03:50:33.026000+00:00
2024/04/01, 03:51:33.027, 41.524, -70.672,0.19,24.59,215.74, 0.000, NAN,7.4, NAN,1012.8, NAN,0.0, NAN,102.0, NAN,319, NAN,3.0, NAN,69.7, NAN, 3.0, NAN, 343.6, NAN,1014.9,-8.11,285.88,-0.02,5.8723,6.2331,125.4,0.0,1439.188, NAN, NAN, NAN, NAN,,2024/04/01 03:51:33.027,2024-04-01 03:51:33.027000+00:00
2024/04/01, 03:52:33.027, 41.524, -70.672,0.17,24.59,183.12, 0.000, NAN,7.4, NAN,1012.8, NAN,0.0, NAN,102.0, NAN,318, NAN,2.6, NAN,69.9, NAN, 2.6, NAN, 342.6, NAN,1014.9,-8.04,286.06,-0.03,5.8721,6.2293,126.0,0.0,1439.172, NAN, NAN, NAN, NAN,,2024/04/01 03:52:33.027,2024-04-01 03:52:33.027000+00:00
2024/04/01, 03:53:33.027, 41.524, -70.672,0.03,24.48,180.54, 0.000, NAN,7.4, NAN,1012.8, NAN,0.0, NAN,102.0, NAN,315, NAN,2.6, NAN,70.0, NAN, 2.6, NAN, 339.5, NAN,1014.9,-7.93,286.26,-0.02,5.8722,6.2254,126.0,0.0,1439.155, NAN, NAN, NAN, NAN,,2024/04/01 03:53:33.027,2024-04-01 03:53:33.027000+00:00
2024/04/01, 03:54:33.027, 41.524, -70.672,0.2,24.49,298.15, 0.010, NAN,7.4, NAN,1012.8, NAN,0.0, NAN,102.0, NAN,318, NAN,2.6, NAN,70.3, NAN, 2.6, NAN, 342.4, NAN,1014.9,-7.7,285.99,-0.02,5.8722,6.2195,125.7,0.0,1439.13, NAN, NAN, NAN, NAN,,2024/04/01 03:54:33.027,2024-04-01 03:54:33.027000+00:00
2024/04/01, 03:55:33.027, 41.524, -70.672,0.05,24.44,301.01, 0.010, NAN,7.5, NAN,1012.9, NAN,0.0, NAN,102.0, NAN,317, NAN,2.7, NAN,70.4, NAN, 2.7, NAN, 341.5, NAN,1015.0,-7.61,286.06,-0.03,5.8722,6.2155,125.7,0.0,1439.113, NAN, NAN, NAN, NAN,,2024/04/01 03:55:33.027,2024-04-01 03:55:33.027000+00:00
2024/04/01, 03:56:33.027, 41.524, -70.672,-0.04,24.43,271.14, 0.010, NAN,7.5, NAN,1012.9, NAN,0.0, NAN,102.0, NAN,316, NAN,2.8, NAN,70.3, NAN, 2.8, NAN, 340.5, NAN,1015.0,-7.53,286.16,-0.02,5.8721,6.2141,126.0,0.0,1439.107, NAN, NAN, NAN, NAN,,2024/04/01 03:56:33.027,2024-04-01 03:56:33.027000+00:00
2024/04/01, 03:57:33.027, 41.524, -70.672,-0.03,24.42,207.21, 0.000, NAN,7.5, NAN,1012.9, NAN,0.0, NAN,102.0, NAN,319, NAN,2.8, NAN,70.4, NAN, 2.8, NAN, 343.4, NAN,1015.0,-7.57,286.09,-0.03,5.8722,6.2126,126.3,0.0,1439.1, NAN, NAN, NAN, NAN,,2024/04/01 03:57:33.027,2024-04-01 03:57:33.027000+00:00
2024/04/01, 03:58:33.027, 41.524, -70.672,-0.07,24.41,303.21, 0.010, NAN,7.5, NAN,1012.9, NAN,0.0, NAN,102.0, NAN,318, NAN,2.8, NAN,70.5, NAN, 2.8, NAN, 342.3, NAN,1015.0,-7.51,286.13,-0.02,5.872,6.2108,125.4,0.0,1439.092, NAN, NAN, NAN, NAN,,2024/04/01 03:58:33.027,2024-04-01 03:58:33.027000+00:00
2024/04/01, 03:59:33.027, 41.524, -70.672,-0.21,24.34,209.45, 0.000, NAN,7.5, NAN,1012.8, NAN,0.0, NAN,102.0, NAN,312, NAN,2.7, NAN,70.6, NAN, 2.7, NAN, 336.3, NAN,1014.9,-7.42,286.65,-0.03,5.8721,6.2108,126.0,0.0,1439.093, NAN, NAN, NAN, NAN,,2024/04/01 03:59:33.027,2024-04-01 03:59:33.027000+00:00
2024/04/01, 04:00:33.027, 41.524, -70.672,-0.09,24.35,7.74, 0.000, NAN,7.5, NAN,1012.8, NAN,0.0, NAN,102.0, NAN,316, NAN,2.5, NAN,70.6, NAN, 2.5, NAN, 340.4, NAN,1014.9,-7.47,286.82,-0.03,5.8721,6.2119,126.0,0.0,1439.097, NAN, NAN, NAN, NAN,,2024/04/01 04:00:33.027,2024-04-01 04:00:33.027000+00:00
2024/04/01, 04:01:33.027, 41.524, -70.672,-0.03,24.39,218.24, 0.000, NAN,7.5, NAN,1012.8, NAN,0.0, NAN,102.0, NAN,317, NAN,2.4, NAN,70.6, NAN, 2.4, NAN, 341.4, NAN,1014.9,-7.54,287.07,-0.03,5.8721,6.2137,126.0,0.0,1439.105, NAN, NAN, NAN, NAN,,2024/04/01 04:01:33.027,2024-04-01 04:01:33.027000+00:00
2024/04/01, 04:02:33.027, 41.524, -70.672,-0.01,24.47,247.43, 0.000, NAN,7.5, NAN,1012.8, NAN,0.0, NAN,102.0, NAN,316, NAN,2.5, NAN,70.7, NAN, 2.5, NAN, 340.5, NAN,1014.9,-7.5,287.15,-0.03,5.872,6.2148,126.0,0.0,1439.11, NAN, NAN, NAN, NAN,,2024/04/01 04:02:33.027,2024-04-01 04:02:33.027000+00:00
2024/04/01, 04:03:33.027, 41.524, -70.672,-0.03,24.43,253.04, 0.000, NAN,7.5, NAN,1012.8, NAN,0.0, NAN,102.0, NAN,316, NAN,2.5, NAN,70.7, NAN, 2.5, NAN, 340.4, NAN,1014.9,-7.57,287.25,-0.03,5.8722,6.215,126.0,0.0,1439.111, NAN, NAN, NAN, NAN,,2024/04/01 04:03:33.027,2024-04-01 04:03:33.027000+00:00
2024/04/01, 04:04:33.027, 41.524, -70.672,-0.02,24.46,285.02, 0.010, NAN,7.5, NAN,1012.8, NAN,0.0, NAN,102.0, NAN,315, NAN,2.2, NAN,70.8, NAN, 2.2, NAN, 339.6, NAN,1014.9,-7.53,287.04,-0.03,5.8721,6.2155,126.0,0.0,1439.113, NAN, NAN, NAN, NAN,,2024/04/01 04:04:33.027,2024-04-01 04:04:33.027000+00:00
2024/04/01, 04:05:33.027, 41.524, -70.672,0.03,24.42,216.14, 0.000, NAN,7.5, NAN,1012.8, NAN,0.0, NAN,102.0, NAN,320, NAN,2.1, NAN,70.8, NAN, 2.1, NAN, 344.4, NAN,1014.9,-7.56,286.9,-0.02,5.872,6.216,126.3,0.0,1439.115, NAN, NAN, NAN, NAN,,2024/04/01 04:05:33.027,2024-04-01 04:05:33.027000+00:00
2024/04/01, 04:06:33.027, 41.524, -70.672,-0.1,24.46,306.53, 0.010, NAN,7.4, NAN,1012.8, NAN,0.0, NAN,102.0, NAN,312, NAN,2.1, NAN,70.9, NAN, 2.1, NAN, 336.4, NAN,1014.9,-7.71,286.76,-0.02,5.872,6.2167,125.7,0.0,1439.118, NAN, NAN, NAN, NAN,,2024/04/01 04:06:33.027,2024-04-01 04:06:33.027000+00:00
2024/04/01, 04:07:33.028, 41.524, -70.672,0.08,24.54,139.03, 0.010, NAN,7.4, NAN,1012.8, NAN,0.0, NAN,102.0, NAN,315, NAN,2.1, NAN,71.2, NAN, 2.1, NAN, 339.5, NAN,1014.9,-7.67,286.9,-0.02,5.8721,6.2174,126.0,0.0,1439.121, NAN, NAN, NAN, NAN,,2024/04/01 04:07:33.028,2024-04-01 04:07:33.028000+00:00
2024/04/01, 04:08:33.028, 41.524, -70.672,0.24,24.58,269.88, 0.010, NAN,7.4, NAN,1012.8, NAN,0.0, NAN,102.0, NAN,313, NAN,2.5, NAN,71.4, NAN, 2.5, NAN, 337.7, NAN,1014.9,-7.51,287.12,-0.02,5.872,6.217,126.0,0.0,1439.119, NAN, NAN, NAN, NAN,,2024/04/01 04:08:33.028,2024-04-01 04:08:33.028000+00:00
2024/04/01, 04:09:33.028, 41.524, -70.672,0.03,24.45,288.7, 0.000, NAN,7.4, NAN,1012.8, NAN,0.0, NAN,102.0, NAN,313, NAN,2.2, NAN,71.5, NAN, 2.2, NAN, 337.4, NAN,1014.9,-7.57,287.56,-0.03,5.872,6.2148,126.0,0.0,1439.11, NAN, NAN, NAN, NAN,,2024/04/01 04:09:33.028,2024-04-01 04:09:33.028000+00:00
2024/04/01, 04:10:33.028, 41.524, -70.672,0.0,24.53,258.47, 0.000, NAN,7.4, NAN,1012.8, NAN,0.0, NAN,102.0, NAN,317, NAN,2.3, NAN,71.9, NAN, 2.3, NAN, 341.5, NAN,1014.9,-7.57,287.92,-0.02,5.872,6.213,125.7,0.0,1439.102, NAN, NAN, NAN, NAN,,2024/04/01 04:10:33.028,2024-04-01 04:10:33.028000+00:00
2024/04/01, 04:11:33.028, 41.524, -70.672,-0.06,24.51,285.16, 0.000, NAN,7.3, NAN,1012.8, NAN,0.0, NAN,102.0, NAN,310, NAN,2.6, NAN,72.0, NAN, 2.6, NAN, 334.5, NAN,1014.9,-7.46,287.97,-0.03,5.872,6.2122,126.0,0.0,1439.098, NAN, NAN, NAN, NAN,,2024/04/01 04:11:33.028,2024-04-01 04:11:33.028000+00:00
2024/04/01, 04:12:33.028, 41.524, -70.672,0.0,24.49,108.29, 0.000, NAN,7.3, NAN,1012.9, NAN,0.0, NAN,102.0, NAN,310, NAN,2.7, NAN,72.2, NAN, 2.7, NAN, 334.5, NAN,1015.0,-7.48,288.14,-0.03,5.8721,6.2121,126.0,0.4,1439.098, NAN, NAN, NAN, NAN,,2024/04/01 04:12:33.028,2024-04-01 04:12:33.028000+00:00
2024/04/01, 04:13:33.028, 41.524, -70.672,0.02,24.51,153.32, 0.010, NAN,7.3, NAN,1013.0, NAN,0.0, NAN,102.0, NAN,316, NAN,2.3, NAN,72.5, NAN, 2.3, NAN, 340.4, NAN,1015.1,-7.45,287.72,-0.03,5.872,6.2112,126.0,0.0,1439.094, NAN, NAN, NAN, NAN,,2024/04/01 04:13:33.028,2024-04-01 04:13:33.028000+00:00
2024/04/01, 04:14:33.028, 41.524, -70.672,0.08,24.46,309.44, 0.010, NAN,7.3, NAN,1012.9, NAN,0.0, NAN,102.0, NAN,319, NAN,2.0, NAN,72.5, NAN, 2.0, NAN, 343.5, NAN,1015.0,-7.42,287.31,-0.03,5.872,6.2112,126.0,0.0,1439.094, NAN, NAN, NAN, NAN,,2024/04/01 04:14:33.028,2024-04-01 04:14:33.028000+00:00
2024/04/01, 04:15:33.028, 41.524, -70.672,-0.07,24.44,130.34, 0.000, NAN,7.3, NAN,1013.0, NAN,0.0, NAN,102.0, NAN,317, NAN,2.3, NAN,72.5, NAN, 2.3, NAN, 341.4, NAN,1015.1,-7.45,286.87,-0.03,5.8721,6.2095,126.0,0.0,1439.087, NAN, NAN, NAN, NAN,,2024/04/01 04:15:33.028,2024-04-01 04:15:33.028000+00:00
2024/04/01, 04:16:33.028, 41.524, -70.672,0.13,24.65,107.87, 0.000, NAN,7.2, NAN,1013.0, NAN,0.0, NAN,102.0, NAN,320, NAN,2.1, NAN,72.6, NAN, 2.1, NAN, 344.6, NAN,1015.1,-7.55,286.87,-0.03,5.872,6.2082,126.0,0.0,1439.081, NAN, NAN, NAN, NAN,,2024/04/01 04:16:33.028,2024-04-01 04:16:33.028000+00:00
2024/04/01, 04:17:33.028, 41.524, -70.672,0.03,24.5,117.93, 0.010, NAN,7.2, NAN,1013.0, NAN,0.0, NAN,102.0, NAN,247, NAN,1.1, NAN,72.6, NAN, 1.1, NAN, 271.7, NAN,1015.1,-7.7,286.62,-0.03,5.872,6.2074,125.7,0.0,1439.078, NAN, NAN, NAN, NAN,,2024/04/01 04:17:33.028,2024-04-01 04:17:33.028000+00:00
2024/04/01, 04:18:33.028, 41.524, -70.672,-0.04,24.47,80.14, 0.010, NAN,7.2, NAN,1013.0, NAN,0.0, NAN,102.0, NAN,270, NAN,1.4, NAN,72.8, NAN, 1.4, NAN, 294.4, NAN,1015.1,-7.9,286.76,-0.03,5.872,6.2071,126.0,0.0,1439.077, NAN, NAN, NAN, NAN,,2024/04/01 04:18:33.028,2024-04-01 04:18:33.028000+00:00
2024/04/01, 04:19:33.028, 41.524, -70.672,0.12,24.47,328.16, 0.000, NAN,7.1, NAN,1013.0, NAN,0.0, NAN,102.0, NAN,320, NAN,2.1, NAN,73.0, NAN, 2.1, NAN, 344.5, NAN,1015.1,-8.03,286.6,-0.03,5.872,6.2066,125.7,0.0,1439.074, NAN, NAN, NAN, NAN,,2024/04/01 04:19:33.028,2024-04-01 04:19:33.028000+00:00
2024/04/01, 04:20:33.028, 41.524, -70.672,-0.01,24.45,304.3, 0.000, NAN,7.1, NAN,1013.0, NAN,0.0, NAN,102.0, NAN,320, NAN,1.9, NAN,73.1, NAN, 1.9, NAN, 344.5, NAN,1015.1,-8.15,286.45,-0.03,5.872,6.2063,126.0,0.0,1439.073, NAN, NAN, NAN, NAN,,2024/04/01 04:20:33.028,2024-04-01 04:20:33.028000+00:00
2024/04/01, 04:21:33.028, 41.524, -70.672,-0.01,24.47,291.52, 0.010, NAN,7.1, NAN,1013.0, NAN,0.0, NAN,102.0, NAN,238, NAN,1.1, NAN,73.2, NAN, 1.1, NAN, 262.4, NAN,1015.1,-8.19,286.34,-0.03,5.8721,6.2061,126.0,0.0,1439.072, NAN, NAN, NAN, NAN,,2024/04/01 04:21:33.028,2024-04-01 04:21:33.028000+00:00
2024/04/01, 04:22:33.028, 41.524, -70.672,-0.06,24.52,4.46, 0.000, NAN,7.0, NAN,1013.0, NAN,0.0, NAN,102.0, NAN,317, NAN,2.0, NAN,73.5, NAN, 2.0, NAN, 341.5, NAN,1015.1,-8.23,286.57,-0.03,5.8721,6.206,126.0,0.0,1439.072, NAN, NAN, NAN, NAN,,2024/04/01 04:22:33.028,2024-04-01 04:22:33.028000+00:00
2024/04/01, 04:23:33.029, 41.524, -70.672,0.05,24.58,86.49, 0.000, NAN,7.0, NAN,1013.0, NAN,0.0, NAN,102.0, NAN,214, NAN,0.9, NAN,73.6, NAN, 0.9, NAN, 238.6, NAN,1015.1,-8.14,286.72,-0.03,5.8721,6.2054,126.0,0.0,1439.069, NAN, NAN, NAN, NAN,,2024/04/01 04:23:33.029,2024-04-01 04:23:33.029000+00:00
2024/04/01, 04:24:33.029, 41.524, -70.672,-0.01,24.5,172.17, 0.000, NAN,7.0, NAN,1013.0, NAN,0.0, NAN,102.0, NAN,136, NAN,0.8, NAN,73.6, NAN, 0.8, NAN, 160.5, NAN,1015.1,-8.11,286.77,-0.03,5.8721,6.2054,126.0,0.0,1439.069, NAN, NAN, NAN, NAN,,2024/04/01 04:24:33.029,2024-04-01 04:24:33.029000+00:00
2024/04/01, 04:25:33.029, 41.524, -70.672,0.03,24.44,261.71, 0.000, NAN,7.0, NAN,1013.0, NAN,0.0, NAN,102.0, NAN,309, NAN,2.0, NAN,74.8, NAN, 2.0, NAN, 333.4, NAN,1015.1,-8.04,287.06,-0.03,5.872,6.2056,125.7,0.0,1439.07, NAN, NAN, NAN, NAN,,2024/04/01 04:25:33.029,2024-04-01 04:25:33.029000+00:00
2024/04/01, 04:26:33.029, 41.524, -70.672,0.12,24.39,126.13, 0.010, NAN,6.9, NAN,1013.0, NAN,0.0, NAN,102.0, NAN,222, NAN,0.8, NAN,74.5, NAN, 0.8, NAN, 246.7, NAN,1015.1,-7.82,287.08,-0.03,5.872,6.2057,125.4,0.0,1439.071, NAN, NAN, NAN, NAN,,2024/04/01 04:26:33.029,2024-04-01 04:26:33.029000+00:00
2024/04/01, 04:27:33.029, 41.524, -70.672,0.13,24.44,124.61, 0.010, NAN,6.9, NAN,1013.0, NAN,0.0, NAN,102.0, NAN,53, NAN,2.0, NAN,74.4, NAN, 2.0, NAN, 77.3, NAN,1015.1,-7.78,287.7,-0.03,5.8719,6.205,125.7,0.0,1439.067, NAN, NAN, NAN, NAN,,2024/04/01 04:27:33.029,2024-04-01 04:27:33.029000+00:00
2024/04/01, 04:28:33.029, 41.524, -70.672,0.02,24.46,204.9, 0.000, NAN,6.9, NAN,1013.0, NAN,0.0, NAN,102.0, NAN,6, NAN,1.9, NAN,74.9, NAN, 1.9, NAN, 30.5, NAN,1015.1,-7.67,287.98,-0.03,5.872,6.2053,126.0,0.0,1439.069, NAN, NAN, NAN, NAN,,2024/04/01 04:28:33.029,2024-04-01 04:28:33.029000+00:00
2024/04/01, 04:29:33.029, 41.524, -70.672,-0.05,24.44,187.54, 0.000, NAN,6.9, NAN,1013.0, NAN,0.0, NAN,102.0, NAN,258, NAN,1.3, NAN,74.5, NAN, 1.3, NAN, 282.4, NAN,1015.1,-7.64,287.38,-0.03,5.8719,6.2061,126.0,0.0,1439.072, NAN, NAN, NAN, NAN,,2024/04/01 04:29:33.029,2024-04-01 04:29:33.029000+00:00
2024/04/01, 04:30:33.029, 41.524, -70.672,0.17,24.48,313.46, 0.010, NAN,6.9, NAN,1012.9, NAN,0.0, NAN,102.0, NAN,251, NAN,1.2, NAN,74.3, NAN, 1.2, NAN, 275.4, NAN,1015.0,-7.55,287.41,-0.03,5.8719,6.2062,125.7,0.0,1439.073, NAN, NAN, NAN, NAN,,2024/04/01 04:30:33.029,2024-04-01 04:30:33.029000+00:00
2024/04/01, 04:31:33.029, 41.524, -70.672,-0.19,24.43,136.77, 0.000, NAN,7.0, NAN,1012.9, NAN,0.0, NAN,102.0, NAN,258, NAN,1.2, NAN,74.2, NAN, 1.2, NAN, 282.4, NAN,1015.0,-7.51,287.1,-0.03,5.8719,6.2064,126.0,0.0,1439.073, NAN, NAN, NAN, NAN,,2024/04/01 04:31:33.029,2024-04-01 04:31:33.029000+00:00
2024/04/01, 04:32:33.029, 41.524, -70.672,0.0,24.39,122.53, 0.000, NAN,7.0, NAN,1013.0, NAN,0.0, NAN,102.0, NAN,318, NAN,2.1, NAN,74.0, NAN, 2.1, NAN, 342.4, NAN,1015.1,-7.48,287.13,-0.03,5.8719,6.2072,125.7,0.0,1439.077, NAN, NAN, NAN, NAN,,2024/04/01 04:32:33.029,2024-04-01 04:32:33.029000+00:00
2024/04/01, 04:33:33.029, 41.524, -70.672,0.03,24.4,60.54, 0.000, NAN,7.0, NAN,1013.0, NAN,0.0, NAN,102.0, NAN,30, NAN,1.6, NAN,74.0, NAN, 1.6, NAN, 54.4, NAN,1015.1,-7.56,287.33,-0.03,5.8719,6.206,125.7,0.0,1439.072, NAN, NAN, NAN, NAN,,2024/04/01 04:33:33.029,2024-04-01 04:33:33.029000+00:00
2024/04/01, 04:34:33.029, 41.524, -70.672,0.07,24.45,240.51, 0.010, NAN,7.0, NAN,1013.0, NAN,0.0, NAN,102.0, NAN,327, NAN,2.6, NAN,74.1, NAN, 2.6, NAN, 351.5, NAN,1015.1,-7.66,287.12,-0.03,5.8718,6.2052,125.7,0.0,1439.068, NAN, NAN, NAN, NAN,,2024/04/01 04:34:33.029,2024-04-01 04:34:33.029000+00:00
2024/04/01, 04:35:33.029, 41.524, -70.672,0.02,24.45,324.7, 0.010, NAN,6.9, NAN,1013.0, NAN,0.0, NAN,102.0, NAN,317, NAN,2.5, NAN,74.0, NAN, 2.5, NAN, 341.4, NAN,1015.1,-7.91,287.24,-0.03,5.8718,6.205,125.7,0.0,1439.067, NAN, NAN, NAN, NAN,,2024/04/01 04:35:33.029,2024-04-01 04:35:33.029000+00:00
2024/04/01, 04:36:33.029, 41.524, -70.672,0.01,24.4,193.13, 0.010, NAN,6.9, NAN,1013.0, NAN,0.0, NAN,102.0, NAN,320, NAN,2.4, NAN,74.0, NAN, 2.4, NAN, 344.4, NAN,1015.1,-8.0,287.35,-0.03,5.8718,6.2052,126.0,0.0,1439.068, NAN, NAN, NAN, NAN,,2024/04/01 04:36:33.029,2024-04-01 04:36:33.029000+00:00
2024/04/01, 04:37:33.029, 41.524, -70.672,-0.1,24.43,323.27, 0.010, NAN,6.9, NAN,1013.0, NAN,0.0, NAN,102.0, NAN,323, NAN,2.5, NAN,74.0, NAN, 2.5, NAN, 347.5, NAN,1015.1,-7.93,287.6,-0.03,5.8718,6.2059,126.0,0.0,1439.071, NAN, NAN, NAN, NAN,,2024/04/01 04:37:33.029,2024-04-01 04:37:33.029000+00:00
2024/04/01, 04:38:33.029, 41.524, -70.672,-0.01,24.44,198.32, 0.010, NAN,6.9, NAN,1013.0, NAN,0.0, NAN,102.0, NAN,324, NAN,2.3, NAN,73.9, NAN, 2.3, NAN, 348.4, NAN,1015.1,-8.07,287.38,-0.03,5.8718,6.206,126.0,0.0,1439.072, NAN, NAN, NAN, NAN,,2024/04/01 04:38:33.029,2024-04-01 04:38:33.029000+00:00
2024/04/01, 04:39:33.029, 41.524, -70.672,0.01,24.4,292.73, 0.000, NAN,6.9, NAN,1013.0, NAN,0.0, NAN,102.0, NAN,320, NAN,2.3, NAN,73.9, NAN, 2.3, NAN, 344.4, NAN,1015.1,-7.99,287.1,-0.03,5.8718,6.2057,126.0,0.0,1439.07, NAN, NAN, NAN, NAN,,2024/04/01 04:39:33.029,2024-04-01 04:39:33.029000+00:00
2024/04/01, 04:40:33.030, 41.524, -70.672,0.11,24.34,170.13, 0.010, NAN,6.9, NAN,1013.0, NAN,0.0, NAN,102.0, NAN,276, NAN,1.3, NAN,73.9, NAN, 1.3, NAN, 300.5, NAN,1015.1,-7.99,287.08,-0.03,5.8717,6.2053,126.0,0.0,1439.068, NAN, NAN, NAN, NAN,,2024/04/01 04:40:33.030,2024-04-01 04:40:33.030000+00:00
2024/04/01, 04:41:33.030, 41.524, -70.672,-0.1,24.33,312.34, 0.000, NAN,6.8, NAN,1013.1, NAN,0.0, NAN,102.0, NAN,323, NAN,2.2, NAN,74.0, NAN, 2.2, NAN, 347.3, NAN,1015.2,-7.99,286.92,-0.03,5.8717,6.2045,126.0,0.0,1439.065, NAN, NAN, NAN, NAN,,2024/04/01 04:41:33.030,2024-04-01 04:41:33.030000+00:00
2024/04/01, 04:42:33.030, 41.524, -70.672,-0.07,24.41,257.2, 0.000, NAN,6.8, NAN,1013.0, NAN,0.0, NAN,102.0, NAN,325, NAN,2.3, NAN,74.0, NAN, 2.3, NAN, 349.4, NAN,1015.1,-7.91,287.12,-0.03,5.8717,6.2047,125.7,0.0,1439.066, NAN, NAN, NAN, NAN,,2024/04/01 04:42:33.030,2024-04-01 04:42:33.030000+00:00
2024/04/01, 04:43:33.030, 41.524, -70.672,0.13,24.44,6.22, 0.000, NAN,6.8, NAN,1013.1, NAN,0.0, NAN,102.0, NAN,317, NAN,2.4, NAN,74.0, NAN, 2.4, NAN, 341.4, NAN,1015.2,-7.99,287.27,-0.03,5.8718,6.2056,125.7,0.0,1439.07, NAN, NAN, NAN, NAN,,2024/04/01 04:43:33.030,2024-04-01 04:43:33.030000+00:00
2024/04/01, 04:44:33.030, 41.524, -70.672,-0.04,24.4,179.94, 0.000, NAN,6.8, NAN,1013.1, NAN,0.0, NAN,102.0, NAN,277, NAN,1.5, NAN,74.0, NAN, 1.5, NAN, 301.4, NAN,1015.2,-8.03,286.94,-0.03,5.8717,6.2066,126.0,0.0,1439.074, NAN, NAN, NAN, NAN,,2024/04/01 04:44:33.030,2024-04-01 04:44:33.030000+00:00
2024/04/01, 04:45:33.030, 41.524, -70.672,-0.11,24.4,311.68, 0.000, NAN,6.8, NAN,1013.2, NAN,0.0, NAN,102.0, NAN,232, NAN,0.8, NAN,74.1, NAN, 0.8, NAN, 256.4, NAN,1015.3,-8.04,287.28,-0.03,5.8717,6.2068,126.0,0.0,1439.075, NAN, NAN, NAN, NAN,,2024/04/01 04:45:33.030,2024-04-01 04:45:33.030000+00:00
2024/04/01, 04:46:33.030, 41.524, -70.672,-0.03,24.38,322.4, 0.000, NAN,6.7, NAN,1013.2, NAN,0.0, NAN,102.0, NAN,314, NAN,2.1, NAN,74.2, NAN, 2.1, NAN, 338.4, NAN,1015.3,-8.27,287.45,-0.03,5.8717,6.2063,125.7,0.0,1439.073, NAN, NAN, NAN, NAN,,2024/04/01 04:46:33.030,2024-04-01 04:46:33.030000+00:00
2024/04/01, 04:47:33.030, 41.524, -70.672,-0.06,24.42,303.11, 0.010, NAN,6.7, NAN,1013.2, NAN,0.0, NAN,102.0, NAN,252, NAN,1.1, NAN,74.2, NAN, 1.1, NAN, 276.3, NAN,1015.3,-8.1,287.87,-0.03,5.8716,6.2064,126.0,0.0,1439.073, NAN, NAN, NAN, NAN,,2024/04/01 04:47:33.030,2024-04-01 04:47:33.030000+00:00
2024/04/01, 04:48:33.030, 41.524, -70.672,-0.19,24.43,134.91, 0.010, NAN,6.7, NAN,1013.3, NAN,0.0, NAN,102.0, NAN,81, NAN,1.5, NAN,74.5, NAN, 1.5, NAN, 105.5, NAN,1015.4,-8.05,287.93,-0.03,5.8718,6.2063,125.7,0.0,1439.073, NAN, NAN, NAN, NAN,,2024/04/01 04:48:33.030,2024-04-01 04:48:33.030000+00:00
2024/04/01, 04:49:33.030, 41.524, -70.672,0.01,24.44,239.45, 0.000, NAN,6.7, NAN,1013.3, NAN,0.0, NAN,102.0, NAN,63, NAN,2.0, NAN,74.5, NAN, 2.0, NAN, 87.4, NAN,1015.4,-7.88,288.31,-0.03,5.8717,6.2086,126.0,0.0,1439.083, NAN, NAN, NAN, NAN,,2024/04/01 04:49:33.030,2024-04-01 04:49:33.030000+00:00
2024/04/01, 04:50:33.030, 41.524, -70.672,0.02,24.39,287.38, 0.000, NAN,6.7, NAN,1013.3, NAN,0.0, NAN,102.0, NAN,66, NAN,2.0, NAN,74.6, NAN, 2.0, NAN, 90.4, NAN,1015.4,-7.69,288.64,-0.03,5.8717,6.2097,126.0,0.0,1439.087, NAN, NAN, NAN, NAN,,2024/04/01 04:50:33.030,2024-04-01 04:50:33.030000+00:00
2024/04/01, 04:51:33.030, 41.524, -70.672,-0.12,24.36,336.86, 0.000, NAN,6.7, NAN,1013.3, NAN,0.0, NAN,102.0, NAN,64, NAN,2.1, NAN,74.6, NAN, 2.1, NAN, 88.4, NAN,1015.4,-7.47,288.74,-0.03,5.8717,6.2108,125.7,0.0,1439.092, NAN, NAN, NAN, NAN,,2024/04/01 04:51:33.030,2024-04-01 04:51:33.030000+00:00
2024/04/01, 04:52:33.030, 41.524, -70.672,0.16,24.4,48.05, 0.010, NAN,6.6, NAN,1013.3, NAN,0.0, NAN,102.0, NAN,67, NAN,2.4, NAN,74.7, NAN, 2.4, NAN, 91.4, NAN,1015.4,-7.43,288.45,-0.03,5.8717,6.2114,125.7,0.0,1439.095, NAN, NAN, NAN, NAN,,2024/04/01 04:52:33.030,2024-04-01 04:52:33.030000+00:00
2024/04/01, 04:53:33.030, 41.524, -70.672,0.17,24.46,257.58, 0.000, NAN,6.5, NAN,1013.3, NAN,0.0, NAN,102.0, NAN,65, NAN,2.5, NAN,74.9, NAN, 2.5, NAN, 89.5, NAN,1015.4,-7.26,288.96,-0.03,5.8717,6.2122,126.0,0.0,1439.098, NAN, NAN, NAN, NAN,,2024/04/01 04:53:33.030,2024-04-01 04:53:33.030000+00:00
2024/04/01, 04:54:33.030, 41.524, -70.672,-0.06,24.42,277.58, 0.010, NAN,6.5, NAN,1013.3, NAN,0.0, NAN,102.0, NAN,65, NAN,2.4, NAN,75.2, NAN, 2.4, NAN, 89.5, NAN,1015.4,-7.13,288.87,-0.03,5.8718,6.2133,125.7,0.0,1439.103, NAN, NAN, NAN, NAN,,2024/04/01 04:54:33.030,2024-04-01 04:54:33.030000+00:00
2024/04/01, 04:55:33.030, 41.524, -70.672,0.23,24.45,290.96, 0.010, NAN,6.4, NAN,1013.3, NAN,0.0, NAN,102.0, NAN,74, NAN,2.1, NAN,75.7, NAN, 2.1, NAN, 98.6, NAN,1015.4,-6.95,289.32,-0.03,5.8717,6.2132,125.7,0.0,1439.102, NAN, NAN, NAN, NAN,,2024/04/01 04:55:33.030,2024-04-01 04:55:33.030000+00:00
2024/04/01, 04:56:33.031, 41.524, -70.672,0.14,24.48,67.38, 0.000, NAN,6.5, NAN,1013.3, NAN,0.0, NAN,102.0, NAN,77, NAN,2.0, NAN,76.0, NAN, 2.0, NAN, 101.5, NAN,1015.4,-6.74,289.08,-0.03,5.8718,6.2122,126.0,0.0,1439.098, NAN, NAN, NAN, NAN,,2024/04/01 04:56:33.031,2024-04-01 04:56:33.031000+00:00
2024/04/01, 04:57:33.031, 41.524, -70.672,0.19,24.43,326.46, 0.010, NAN,6.5, NAN,1013.3, NAN,0.0, NAN,102.0, NAN,76, NAN,2.2, NAN,76.4, NAN, 2.2, NAN, 100.5, NAN,1015.4,-6.65,288.99,-0.03,5.8718,6.2101,125.7,0.0,1439.089, NAN, NAN, NAN, NAN,,2024/04/01 04:57:33.031,2024-04-01 04:57:33.031000+00:00
2024/04/01, 04:58:33.031, 41.524, -70.672,0.04,24.35,126.46, 0.010, NAN,6.5, NAN,1013.3, NAN,0.0, NAN,102.0, NAN,64, NAN,2.5, NAN,77.5, NAN, 2.5, NAN, 88.3, NAN,1015.4,-6.53,288.59,-0.04,5.8718,6.2066,125.4,0.0,1439.074, NAN, NAN, NAN, NAN,,2024/04/01 04:58:33.031,2024-04-01 04:58:33.031000+00:00
2024/04/01, 04:59:33.031, 41.524, -70.672,0.11,24.31,14.15, 0.010, NAN,6.5, NAN,1013.3, NAN,0.0, NAN,102.0, NAN,77, NAN,2.3, NAN,78.6, NAN, 2.3, NAN, 101.3, NAN,1015.4,-6.55,288.5,-0.03,5.8718,6.2024,125.7,0.0,1439.056, NAN, NAN, NAN, NAN,,2024/04/01 04:59:33.031,2024-04-01 04:59:33.031000+00:00
2024/04/01, 05:00:33.031, 41.524, -70.672,-0.27,24.35,188.94, 0.000, NAN,6.5, NAN,1013.3, NAN,0.0, NAN,102.0, NAN,73, NAN,2.8, NAN,79.4, NAN, 2.8, NAN, 97.3, NAN,1015.4,-6.61,288.2,-0.03,5.8719,6.2003,125.7,0.0,1439.047, NAN, NAN, NAN, NAN,,2024/04/01 05:00:33.031,2024-04-01 05:00:33.031000+00:00
2024/04/01, 05:01:33.031, 41.524, -70.672,-0.36,24.4,181.31, 0.000, NAN,6.5, NAN,1013.3, NAN,0.0, NAN,102.0, NAN,61, NAN,2.3, NAN,79.3, NAN, 2.3, NAN, 85.4, NAN,1015.4,-6.67,287.63,-0.03,5.872,6.1998,126.0,0.0,1439.045, NAN, NAN, NAN, NAN,,2024/04/01 05:01:33.031,2024-04-01 05:01:33.031000+00:00
2024/04/01, 05:02:33.031, 41.524, -70.672,-0.14,24.37,273.92, 0.000, NAN,6.4, NAN,1013.3, NAN,0.0, NAN,102.0, NAN,81, NAN,2.1, NAN,79.6, NAN, 2.1, NAN, 105.4, NAN,1015.4,-6.76,287.64,-0.03,5.872,6.1993,125.7,0.0,1439.043, NAN, NAN, NAN, NAN,,2024/04/01 05:02:33.031,2024-04-01 05:02:33.031000+00:00
2024/04/01, 05:03:33.031, 41.524, -70.672,-0.05,24.39,106.43, 0.010, NAN,6.4, NAN,1013.3, NAN,0.0, NAN,102.0, NAN,86, NAN,2.2, NAN,80.2, NAN, 2.2, NAN, 110.4, NAN,1015.4,-6.69,287.54,-0.03,5.872,6.1995,126.0,0.0,1439.044, NAN, NAN, NAN, NAN,,2024/04/01 05:03:33.031,2024-04-01 05:03:33.031000+00:00
2024/04/01, 05:04:33.031, 41.524, -70.672,-0.02,24.33,227.14, 0.000, NAN,6.4, NAN,1013.3, NAN,0.0, NAN,102.0, NAN,71, NAN,2.4, NAN,80.9, NAN, 2.4, NAN, 95.3, NAN,1015.4,-6.62,286.63,-0.03,5.8721,6.2001,126.0,0.0,1439.047, NAN, NAN, NAN, NAN,,2024/04/01 05:04:33.031,2024-04-01 05:04:33.031000+00:00
2024/04/01, 05:05:33.031, 41.524, -70.672,-0.18,24.31,18.15, 0.000, NAN,6.4, NAN,1013.3, NAN,0.0, NAN,102.0, NAN,74, NAN,2.1, NAN,81.4, NAN, 2.1, NAN, 98.3, NAN,1015.4,-6.62,286.46,-0.03,5.872,6.2014,125.4,0.0,1439.052, NAN, NAN, NAN, NAN,,2024/04/01 05:05:33.031,2024-04-01 05:05:33.031000+00:00
2024/04/01, 05:06:33.031, 41.524, -70.672,0.06,24.48,247.06, 0.010, NAN,6.4, NAN,1013.3, NAN,0.0, NAN,102.0, NAN,56, NAN,2.6, NAN,82.0, NAN, 2.6, NAN, 80.6, NAN,1015.4,-6.78,286.6,-0.03,5.8722,6.2028,125.7,0.0,1439.058, NAN, NAN, NAN, NAN,,2024/04/01 05:06:33.031,2024-04-01 05:06:33.031000+00:00
2024/04/01, 05:07:33.031, 41.524, -70.672,-0.13,24.34,145.58, 0.000, NAN,6.3, NAN,1013.4, NAN,0.0, NAN,102.0, NAN,68, NAN,2.3, NAN,82.7, NAN, 2.3, NAN, 92.3, NAN,1015.5,-6.7,286.55,-0.03,5.8721,6.205,125.7,0.0,1439.068, NAN, NAN, NAN, NAN,,2024/04/01 05:07:33.031,2024-04-01 05:07:33.031000+00:00
2024/04/01, 05:08:33.031, 41.524, -70.672,-0.01,24.32,84.55, 0.000, NAN,6.3, NAN,1013.4, NAN,0.0, NAN,102.0, NAN,76, NAN,1.9, NAN,83.1, NAN, 1.9, NAN, 100.3, NAN,1015.5,-6.78,286.59,-0.03,5.8723,6.2066,125.7,0.0,1439.075, NAN, NAN, NAN, NAN,,2024/04/01 05:08:33.031,2024-04-01 05:08:33.031000+00:00
2024/04/01, 05:09:33.031, 41.524, -70.672,-0.04,24.38,171.74, 0.010, NAN,6.3, NAN,1013.4, NAN,0.0, NAN,102.0, NAN,78, NAN,2.1, NAN,83.2, NAN, 2.1, NAN, 102.3, NAN,1015.5,-7.1,287.23,-0.03,5.8722,6.2078,125.7,0.0,1439.08, NAN, NAN, NAN, NAN,,2024/04/01 05:09:33.031,2024-04-01 05:09:33.031000+00:00
2024/04/01, 05:10:33.031, 41.524, -70.672,-0.23,24.31,217.29, 0.010, NAN,6.2, NAN,1013.4, NAN,0.0, NAN,102.0, NAN,69, NAN,2.1, NAN,84.0, NAN, 2.1, NAN, 93.2, NAN,1015.5,-7.08,287.33,-0.03,5.8722,6.2086,126.0,0.0,1439.083, NAN, NAN, NAN, NAN,,2024/04/01 05:10:33.031,2024-04-01 05:10:33.031000+00:00
2024/04/01, 05:11:33.032, 41.524, -70.672,-0.06,24.45,344.2, 0.000, NAN,6.3, NAN,1013.5, NAN,0.0, NAN,102.0, NAN,76, NAN,1.8, NAN,84.4, NAN, 1.8, NAN, 100.4, NAN,1015.6,-7.09,287.19,-0.03,5.8723,6.2096,125.4,0.0,1439.088, NAN, NAN, NAN, NAN,,2024/04/01 05:11:33.032,2024-04-01 05:11:33.032000+00:00
2024/04/01, 05:12:33.032, 41.524, -70.672,-0.12,24.38,187.69, 0.000, NAN,6.3, NAN,1013.6, NAN,0.0, NAN,102.0, NAN,78, NAN,1.7, NAN,83.9, NAN, 1.7, NAN, 102.4, NAN,1015.7,-7.05,286.97,-0.03,5.8722,6.208,125.7,0.0,1439.081, NAN, NAN, NAN, NAN,,2024/04/01 05:12:33.032,2024-04-01 05:12:33.032000+00:00
2024/04/01, 05:13:33.032, 41.524, -70.672,-0.19,24.42,283.66, 0.000, NAN,6.2, NAN,1013.6, NAN,0.0, NAN,102.0, NAN,65, NAN,1.9, NAN,84.3, NAN, 1.9, NAN, 89.4, NAN,1015.7,-7.16,286.46,-0.03,5.8724,6.2057,125.4,0.0,1439.071, NAN, NAN, NAN, NAN,,2024/04/01 05:13:33.032,2024-04-01 05:13:33.032000+00:00
2024/04/01, 05:14:33.032, 41.524, -70.672,-0.04,24.38,269.84, 0.000, NAN,6.2, NAN,1013.6, NAN,0.0, NAN,102.0, NAN,104, NAN,1.4, NAN,84.4, NAN, 1.4, NAN, 128.4, NAN,1015.7,-7.28,286.8,-0.03,5.8723,6.2042,125.7,0.0,1439.065, NAN, NAN, NAN, NAN,,2024/04/01 05:14:33.032,2024-04-01 05:14:33.032000+00:00
2024/04/01, 05:15:33.032, 41.524, -70.672,-0.08,24.47,281.63, 0.010, NAN,6.2, NAN,1013.6, NAN,0.0, NAN,102.0, NAN,71, NAN,1.8, NAN,84.9, NAN, 1.8, NAN, 95.5, NAN,1015.7,-7.34,286.74,-0.03,5.8723,6.2023,126.0,0.0,1439.056, NAN, NAN, NAN, NAN,,2024/04/01 05:15:33.032,2024-04-01 05:15:33.032000+00:00
2024/04/01, 05:16:33.032, 41.524, -70.672,-0.16,24.44,294.89, 0.010, NAN,6.2, NAN,1013.6, NAN,0.0, NAN,102.0, NAN,65, NAN,1.8, NAN,85.3, NAN, 1.8, NAN, 89.6, NAN,1015.7,-7.36,286.41,-0.03,5.8723,6.1995,125.7,0.0,1439.044, NAN, NAN, NAN, NAN,,2024/04/01 05:16:33.032,2024-04-01 05:16:33.032000+00:00
2024/04/01, 05:17:33.032, 41.524, -70.672,-0.03,24.43,225.91, 0.010, NAN,6.2, NAN,1013.6, NAN,0.0, NAN,102.0, NAN,81, NAN,1.7, NAN,85.1, NAN, 1.7, NAN, 105.4, NAN,1015.7,-7.31,286.77,-0.03,5.8723,6.1975,126.0,0.0,1439.036, NAN, NAN, NAN, NAN,,2024/04/01 05:17:33.032,2024-04-01 05:17:33.032000+00:00
2024/04/01, 05:18:33.032, 41.524, -70.672,-0.12,24.35,158.62, 0.000, NAN,6.2, NAN,1013.6, NAN,0.0, NAN,102.0, NAN,70, NAN,1.9, NAN,85.6, NAN, 1.9, NAN, 94.3, NAN,1015.7,-7.36,286.5,-0.03,5.8724,6.1962,125.7,0.0,1439.03, NAN, NAN, NAN, NAN,,2024/04/01 05:18:33.032,2024-04-01 05:18:33.032000+00:00
2024/04/01, 05:19:33.032, 41.524, -70.672,-0.05,24.43,292.94, 0.010, NAN,6.2, NAN,1013.6, NAN,0.0, NAN,102.0, NAN,97, NAN,1.7, NAN,85.9, NAN, 1.7, NAN, 121.5, NAN,1015.7,-7.4,287.07,-0.03,5.8724,6.1968,125.7,0.0,1439.033, NAN, NAN, NAN, NAN,,2024/04/01 05:19:33.032,2024-04-01 05:19:33.032000+00:00
2024/04/01, 05:20:33.032, 41.524, -70.672,-0.11,24.34,170.05, 0.000, NAN,6.2, NAN,1013.6, NAN,0.0, NAN,102.0, NAN,100, NAN,1.9, NAN,86.8, NAN, 1.9, NAN, 124.3, NAN,1015.7,-7.3,287.12,-0.03,5.8723,6.1987,126.3,0.0,1439.041, NAN, NAN, NAN, NAN,,2024/04/01 05:20:33.032,2024-04-01 05:20:33.032000+00:00
2024/04/01, 05:21:33.032, 41.524, -70.672,-0.18,24.35,255.47, 0.010, NAN,6.2, NAN,1013.7, NAN,0.0, NAN,102.0, NAN,73, NAN,1.9, NAN,87.5, NAN, 1.9, NAN, 97.4, NAN,1015.8,-7.13,286.79,-0.03,5.8722,6.1994,125.7,0.0,1439.044, NAN, NAN, NAN, NAN,,2024/04/01 05:21:33.032,2024-04-01 05:21:33.032000+00:00
2024/04/01, 05:22:33.032, 41.524, -70.672,-0.1,24.44,269.78, 0.000, NAN,6.2, NAN,1013.7, NAN,0.0, NAN,102.0, NAN,112, NAN,1.4, NAN,87.2, NAN, 1.4, NAN, 136.4, NAN,1015.8,-7.16,286.98,-0.03,5.8723,6.2,125.7,0.0,1439.047, NAN, NAN, NAN, NAN,,2024/04/01 05:22:33.032,2024-04-01 05:22:33.032000+00:00
2024/04/01, 05:23:33.032, 41.524, -70.672,-0.14,24.31,269.13, 0.010, NAN,6.1, NAN,1013.7, NAN,0.0, NAN,102.0, NAN,92, NAN,1.6, NAN,88.1, NAN, 1.6, NAN, 116.2, NAN,1015.8,-7.03,286.77,-0.03,5.8721,6.2009,126.0,0.0,1439.05, NAN, NAN, NAN, NAN,,2024/04/01 05:23:33.032,2024-04-01 05:23:33.032000+00:00
2024/04/01, 05:24:33.032, 41.524, -70.672,-0.06,24.44,142.34, 0.000, NAN,6.1, NAN,1013.7, NAN,0.0, NAN,102.0, NAN,113, NAN,1.6, NAN,88.2, NAN, 1.6, NAN, 137.4, NAN,1015.8,-6.92,286.62,-0.03,5.8721,6.2019,126.3,0.0,1439.054, NAN, NAN, NAN, NAN,,2024/04/01 05:24:33.032,2024-04-01 05:24:33.032000+00:00
2024/04/01, 05:25:33.032, 41.524, -70.672,0.07,24.45,106.08, 0.010, NAN,6.1, NAN,1013.7, NAN,0.0, NAN,102.0, NAN,98, NAN,2.0, NAN,88.5, NAN, 2.0, NAN, 122.5, NAN,1015.8,-6.98,286.82,-0.03,5.8721,6.2027,125.7,0.0,1439.058, NAN, NAN, NAN, NAN,,2024/04/01 05:25:33.032,2024-04-01 05:25:33.032000+00:00
2024/04/01, 05:26:33.032, 41.524, -70.672,-0.01,24.56,282.3, 0.010, NAN,6.1, NAN,1013.8, NAN,0.0, NAN,102.0, NAN,108, NAN,1.8, NAN,89.0, NAN, 1.8, NAN, 132.5, NAN,1015.9,-7.02,286.56,-0.03,5.872,6.2034,126.0,0.0,1439.061, NAN, NAN, NAN, NAN,,2024/04/01 05:26:33.032,2024-04-01 05:26:33.032000+00:00
2024/04/01, 05:27:33.032, 41.524, -70.672,0.07,24.42,208.56, 0.010, NAN,6.1, NAN,1013.7, NAN,0.0, NAN,102.0, NAN,101, NAN,1.8, NAN,89.0, NAN, 1.8, NAN, 125.3, NAN,1015.8,-6.97,286.44,-0.03,5.872,6.2041,126.0,0.0,1439.064, NAN, NAN, NAN, NAN,,2024/04/01 05:27:33.032,2024-04-01 05:27:33.032000+00:00
2024/04/01, 05:28:33.033, 41.524, -70.672,0.04,24.35,220.71, 0.000, NAN,6.1, NAN,1013.7, NAN,0.0, NAN,102.0, NAN,73, NAN,1.7, NAN,89.2, NAN, 1.7, NAN, 97.3, NAN,1015.8,-7.17,286.14,-0.03,5.872,6.2038,126.0,0.0,1439.062, NAN, NAN, NAN, NAN,,2024/04/01 05:28:33.033,2024-04-01 05:28:33.033000+00:00
2024/04/01, 05:29:33.033, 41.524, -70.672,-0.01,24.4,203.25, 0.010, NAN,6.0, NAN,1013.7, NAN,0.0, NAN,102.0, NAN,66, NAN,1.8, NAN,89.1, NAN, 1.8, NAN, 90.2, NAN,1015.8,-7.21,286.15,-0.03,5.8719,6.2043,126.0,0.0,1439.064, NAN, NAN, NAN, NAN,,2024/04/01 05:29:33.033,2024-04-01 05:29:33.033000+00:00
2024/04/01, 05:30:33.033, 41.524, -70.672,-0.06,24.38,136.59, 0.010, NAN,6.0, NAN,1013.7, NAN,0.0, NAN,102.0, NAN,84, NAN,1.8, NAN,89.6, NAN, 1.8, NAN, 108.4, NAN,1015.8,-7.29,286.43,-0.03,5.8718,6.2043,125.7,0.0,1439.064, NAN, NAN, NAN, NAN,,2024/04/01 05:30:33.033,2024-04-01 05:30:33.033000+00:00
2024/04/01, 05:31:33.033, 41.524, -70.672,0.04,24.39,299.07, 0.010, NAN,6.0, NAN,1013.7, NAN,0.0, NAN,102.0, NAN,79, NAN,1.8, NAN,89.9, NAN, 1.8, NAN, 103.5, NAN,1015.8,-7.4,286.79,-0.03,5.8719,6.2047,125.7,0.0,1439.066, NAN, NAN, NAN, NAN,,2024/04/01 05:31:33.033,2024-04-01 05:31:33.033000+00:00
2024/04/01, 05:32:33.033, 41.524, -70.672,-0.14,24.34,173.29, 0.010, NAN,6.0, NAN,1013.7, NAN,0.0, NAN,102.0, NAN,90, NAN,1.7, NAN,90.2, NAN, 1.7, NAN, 114.5, NAN,1015.8,-7.35,286.94,-0.03,5.8719,6.2048,125.7,0.0,1439.067, NAN, NAN, NAN, NAN,,2024/04/01 05:32:33.033,2024-04-01 05:32:33.033000+00:00
2024/04/01, 05:33:33.033, 41.524, -70.672,0.0,24.24,303.21, 0.010, NAN,6.0, NAN,1013.7, NAN,0.0, NAN,102.0, NAN,68, NAN,2.0, NAN,90.5, NAN, 2.0, NAN, 92.3, NAN,1015.8,-7.4,287.39,-0.03,5.8719,6.203,126.0,0.0,1439.059, NAN, NAN, NAN, NAN,,2024/04/01 05:33:33.033,2024-04-01 05:33:33.033000+00:00
2024/04/01, 05:34:33.033, 41.524, -70.672,-0.08,24.28,268.65, 0.000, NAN,6.0, NAN,1013.7, NAN,0.0, NAN,102.0, NAN,52, NAN,1.8, NAN,90.6, NAN, 1.8, NAN, 76.3, NAN,1015.8,-7.4,287.82,-0.03,5.8719,6.2003,125.7,0.0,1439.047, NAN, NAN, NAN, NAN,,2024/04/01 05:34:33.033,2024-04-01 05:34:33.033000+00:00
2024/04/01, 05:35:33.033, 41.524, -70.672,-0.01,24.36,273.71, 0.000, NAN,6.0, NAN,1013.7, NAN,0.0, NAN,102.0, NAN,108, NAN,1.8, NAN,90.7, NAN, 1.8, NAN, 132.4, NAN,1015.8,-7.31,288.49,-0.03,5.8719,6.1962,125.7,0.0,1439.03, NAN, NAN, NAN, NAN,,2024/04/01 05:35:33.033,2024-04-01 05:35:33.033000+00:00
2024/04/01, 05:36:33.033, 41.524, -70.672,-0.06,24.4,119.98, 0.000, NAN,6.0, NAN,1013.7, NAN,0.0, NAN,102.0, NAN,75, NAN,1.7, NAN,90.9, NAN, 1.7, NAN, 99.4, NAN,1015.8,-7.27,288.55,-0.03,5.8718,6.1934,125.7,0.0,1439.018, NAN, NAN, NAN, NAN,,2024/04/01 05:36:33.033,2024-04-01 05:36:33.033000+00:00
2024/04/01, 05:37:33.033, 41.524, -70.672,-0.08,24.4,327.89, 0.010, NAN,6.0, NAN,1013.7, NAN,0.0, NAN,102.0, NAN,66, NAN,2.0, NAN,91.2, NAN, 2.0, NAN, 90.5, NAN,1015.8,-7.24,288.83,-0.03,5.8719,6.192,126.0,0.0,1439.012, NAN, NAN, NAN, NAN,,2024/04/01 05:37:33.033,2024-04-01 05:37:33.033000+00:00
2024/04/01, 05:38:33.033, 41.524, -70.672,-0.05,24.36,144.42, 0.010, NAN,6.0, NAN,1013.7, NAN,0.0, NAN,102.0, NAN,83, NAN,1.9, NAN,91.3, NAN, 1.9, NAN, 107.3, NAN,1015.8,-7.26,288.84,-0.03,5.8719,6.1908,125.7,0.0,1439.007, NAN, NAN, NAN, NAN,,2024/04/01 05:38:33.033,2024-04-01 05:38:33.033000+00:00
2024/04/01, 05:39:33.033, 41.524, -70.672,-0.02,24.41,180.59, 0.000, NAN,6.0, NAN,1013.7, NAN,0.0, NAN,102.0, NAN,68, NAN,1.8, NAN,91.5, NAN, 1.8, NAN, 92.4, NAN,1015.8,-7.19,288.81,-0.03,5.8718,6.1886,126.0,0.0,1438.997, NAN, NAN, NAN, NAN,,2024/04/01 05:39:33.033,2024-04-01 05:39:33.033000+00:00
2024/04/01, 05:40:33.033, 41.524, -70.672,-0.11,24.41,286.4, 0.000, NAN,6.0, NAN,1013.7, NAN,0.0, NAN,102.0, NAN,78, NAN,2.0, NAN,91.5, NAN, 2.0, NAN, 102.4, NAN,1015.8,-7.19,289.27,-0.03,5.8718,6.1878,125.4,0.0,1438.994, NAN, NAN, NAN, NAN,,2024/04/01 05:40:33.033,2024-04-01 05:40:33.033000+00:00
2024/04/01, 05:41:33.033, 41.524, -70.672,-0.01,24.44,153.45, 0.000, NAN,6.0, NAN,1013.7, NAN,0.0, NAN,102.0, NAN,53, NAN,2.0, NAN,92.0, NAN, 2.0, NAN, 77.4, NAN,1015.8,-7.25,289.11,-0.03,5.8719,6.188,125.4,0.0,1438.995, NAN, NAN, NAN, NAN,,2024/04/01 05:41:33.033,2024-04-01 05:41:33.033000+00:00
2024/04/01, 05:42:33.033, 41.524, -70.672,-0.05,24.43,103.1, 0.020, NAN,6.0, NAN,1013.7, NAN,0.0, NAN,102.0, NAN,60, NAN,2.0, NAN,92.0, NAN, 2.0, NAN, 84.3, NAN,1015.8,-7.16,288.94,-0.04,5.8719,6.1888,125.7,0.0,1438.998, NAN, NAN, NAN, NAN,,2024/04/01 05:42:33.033,2024-04-01 05:42:33.033000+00:00
2024/04/01, 05:43:33.033, 41.524, -70.672,-0.08,24.41,290.79, 0.000, NAN,6.0, NAN,1013.7, NAN,0.0, NAN,102.0, NAN,61, NAN,2.0, NAN,92.1, NAN, 2.0, NAN, 85.4, NAN,1015.8,-7.22,289.06,-0.03,5.872,6.1875,125.7,0.0,1438.993, NAN, NAN, NAN, NAN,,2024/04/01 05:43:33.033,2024-04-01 05:43:33.033000+00:00
2024/04/01, 05:44:33.034, 41.524, -70.672,0.08,24.31,290.37, 0.000, NAN,6.0, NAN,1013.7, NAN,0.0, NAN,102.0, NAN,49, NAN,2.0, NAN,92.1, NAN, 2.0, NAN, 73.3, NAN,1015.8,-7.22,289.0,-0.03,5.8719,6.1868,125.4,0.0,1438.989, NAN, NAN, NAN, NAN,,2024/04/01 05:44:33.034,2024-04-01 05:44:33.034000+00:00
2024/04/01, 05:45:33.034, 41.524, -70.672,-0.18,24.27,246.21, 0.000, NAN,5.9, NAN,1013.7, NAN,0.0, NAN,102.0, NAN,68, NAN,1.9, NAN,92.2, NAN, 1.9, NAN, 92.3, NAN,1015.8,-7.22,289.29,-0.02,5.8719,6.1855,126.0,0.0,1438.984, NAN, NAN, NAN, NAN,,2024/04/01 05:45:33.034,2024-04-01 05:45:33.034000+00:00
2024/04/01, 05:46:33.034, 41.524, -70.672,-0.25,24.22,166.29, 0.010, NAN,6.0, NAN,1013.7, NAN,0.0, NAN,102.0, NAN,96, NAN,1.7, NAN,92.5, NAN, 1.7, NAN, 120.3, NAN,1015.8,-7.32,289.38,-0.03,5.872,6.1841,125.4,0.0,1438.978, NAN, NAN, NAN, NAN,,2024/04/01 05:46:33.034,2024-04-01 05:46:33.034000+00:00
2024/04/01, 05:47:33.034, 41.524, -70.672,-0.25,24.31,89.06, 0.000, NAN,5.9, NAN,1013.7, NAN,0.0, NAN,102.0, NAN,65, NAN,1.8, NAN,92.5, NAN, 1.8, NAN, 89.3, NAN,1015.8,-7.3,289.66,-0.03,5.872,6.1813,126.0,0.0,1438.966, NAN, NAN, NAN, NAN,,2024/04/01 05:47:33.034,2024-04-01 05:47:33.034000+00:00
2024/04/01, 05:48:33.034, 41.524, -70.672,-0.18,24.3,292.97, 0.010, NAN,6.0, NAN,1013.8, NAN,0.0, NAN,102.0, NAN,65, NAN,1.9, NAN,92.7, NAN, 1.9, NAN, 89.3, NAN,1015.9,-7.24,289.43,-0.03,5.8719,6.1787,126.0,0.0,1438.955, NAN, NAN, NAN, NAN,,2024/04/01 05:48:33.034,2024-04-01 05:48:33.034000+00:00
2024/04/01, 05:49:33.034, 41.524, -70.672,-0.01,24.31,70.07, 0.010, NAN,5.9, NAN,1013.8, NAN,0.0, NAN,102.0, NAN,54, NAN,2.0, NAN,92.7, NAN, 2.0, NAN, 78.4, NAN,1015.9,-7.28,288.86,-0.03,5.8721,6.1779,126.0,0.0,1438.951, NAN, NAN, NAN, NAN,,2024/04/01 05:49:33.034,2024-04-01 05:49:33.034000+00:00
2024/04/01, 05:50:33.034, 41.524, -70.672,-0.04,24.36,219.83, 0.000, NAN,5.9, NAN,1013.8, NAN,0.0, NAN,102.0, NAN,52, NAN,2.0, NAN,92.6, NAN, 2.0, NAN, 76.4, NAN,1015.9,-7.28,288.57,-0.03,5.872,6.1783,125.7,0.0,1438.953, NAN, NAN, NAN, NAN,,2024/04/01 05:50:33.034,2024-04-01 05:50:33.034000+00:00
2024/04/01, 05:51:33.034, 41.524, -70.672,0.14,24.53,330.22, 0.000, NAN,5.9, NAN,1013.8, NAN,0.0, NAN,102.0, NAN,73, NAN,1.7, NAN,92.6, NAN, 1.7, NAN, 97.5, NAN,1015.9,-7.43,288.66,-0.03,5.872,6.1793,125.7,0.0,1438.957, NAN, NAN, NAN, NAN,,2024/04/01 05:51:33.034,2024-04-01 05:51:33.034000+00:00
2024/04/01, 05:52:33.034, 41.524, -70.672,0.06,24.49,90.91, 0.010, NAN,5.9, NAN,1013.8, NAN,0.0, NAN,102.0, NAN,63, NAN,1.9, NAN,92.8, NAN, 1.9, NAN, 87.4, NAN,1015.9,-7.44,288.38,-0.03,5.8718,6.1808,126.0,0.0,1438.964, NAN, NAN, NAN, NAN,,2024/04/01 05:52:33.034,2024-04-01 05:52:33.034000+00:00
2024/04/01, 05:53:33.034, 41.524, -70.672,0.07,24.35,158.82, 0.010, NAN,5.9, NAN,1014.0, NAN,0.0, NAN,102.0, NAN,85, NAN,1.8, NAN,92.8, NAN, 1.8, NAN, 109.4, NAN,1016.1,-7.41,288.32,-0.03,5.8719,6.1815,125.4,0.0,1438.967, NAN, NAN, NAN, NAN,,2024/04/01 05:53:33.034,2024-04-01 05:53:33.034000+00:00
2024/04/01, 05:54:33.034, 41.524, -70.672,0.15,24.41,290.74, 0.000, NAN,5.9, NAN,1014.0, NAN,0.0, NAN,102.0, NAN,102, NAN,1.6, NAN,93.1, NAN, 1.6, NAN, 126.4, NAN,1016.1,-7.3,287.88,-0.03,5.8718,6.1824,125.7,0.0,1438.97, NAN, NAN, NAN, NAN,,2024/04/01 05:54:33.034,2024-04-01 05:54:33.034000+00:00
2024/04/01, 05:55:33.034, 41.524, -70.672,0.12,24.4,85.06, 0.010, NAN,5.9, NAN,1014.0, NAN,0.0, NAN,102.0, NAN,87, NAN,1.8, NAN,93.0, NAN, 1.8, NAN, 111.3, NAN,1016.1,-7.16,287.91,-0.03,5.8718,6.1833,125.1,0.0,1438.974, NAN, NAN, NAN, NAN,,2024/04/01 05:55:33.034,2024-04-01 05:55:33.034000+00:00
2024/04/01, 05:56:33.034, 41.524, -70.672,0.04,24.44,252.77, 0.000, NAN,5.9, NAN,1014.0, NAN,0.0, NAN,102.0, NAN,79, NAN,1.9, NAN,93.1, NAN, 1.9, NAN, 103.4, NAN,1016.1,-7.23,288.12,-0.03,5.8718,6.1848,125.7,0.0,1438.981, NAN, NAN, NAN, NAN,,2024/04/01 05:56:33.034,2024-04-01 05:56:33.034000+00:00
2024/04/01, 05:57:33.034, 41.524, -70.672,-0.06,24.43,46.95, 0.000, NAN,5.9, NAN,1014.0, NAN,0.0, NAN,102.0, NAN,68, NAN,2.0, NAN,93.2, NAN, 2.0, NAN, 92.4, NAN,1016.1,-7.22,288.07,-0.03,5.8717,6.1846,125.4,0.0,1438.98, NAN, NAN, NAN, NAN,,2024/04/01 05:57:33.034,2024-04-01 05:57:33.034000+00:00
2024/04/01, 05:58:33.034, 41.524, -70.672,0.1,24.45,35.7, 0.000, NAN,5.9, NAN,1014.0, NAN,0.0, NAN,102.0, NAN,59, NAN,1.9, NAN,93.2, NAN, 1.9, NAN, 83.4, NAN,1016.1,-7.22,287.38,-0.03,5.8717,6.1847,125.4,0.0,1438.98, NAN, NAN, NAN, NAN,,2024/04/01 05:58:33.034,2024-04-01 05:58:33.034000+00:00
2024/04/01, 05:59:33.034, 41.524, -70.672,0.02,24.4,341.43, 0.000, NAN,5.8, NAN,1014.0, NAN,0.0, NAN,102.0, NAN,51, NAN,2.4, NAN,93.1, NAN, 2.4, NAN, 75.4, NAN,1016.1,-7.28,287.22,-0.03,5.8717,6.1843,125.1,0.0,1438.978, NAN, NAN, NAN, NAN,,2024/04/01 05:59:33.034,2024-04-01 05:59:33.034000+00:00
2024/04/01, 06:00:33.035, 41.524, -70.672,0.06,24.44,295.99, 0.010, NAN,5.8, NAN,1014.0, NAN,0.0, NAN,102.0, NAN,50, NAN,2.0, NAN,93.0, NAN, 2.0, NAN, 74.6, NAN,1016.1,-7.41,287.12,-0.03,5.8717,6.1844,125.1,0.0,1438.979, NAN, NAN, NAN, NAN,,2024/04/01 06:00:33.035,2024-04-01 06:00:33.035000+00:00
2024/04/01, 06:01:33.035, 41.524, -70.672,-0.01,24.47,284.31, 0.010, NAN,5.7, NAN,1014.0, NAN,0.0, NAN,102.0, NAN,48, NAN,2.1, NAN,92.9, NAN, 2.1, NAN, 72.6, NAN,1016.1,-7.47,287.44,-0.03,5.8715,6.1852,125.4,0.0,1438.982, NAN, NAN, NAN, NAN,,2024/04/01 06:01:33.035,2024-04-01 06:01:33.035000+00:00
2024/04/01, 06:02:33.035, 41.524, -70.672,0.06,24.49,84.9, 0.010, NAN,5.7, NAN,1014.0, NAN,0.0, NAN,102.0, NAN,50, NAN,2.1, NAN,93.1, NAN, 2.1, NAN, 74.4, NAN,1016.1,-7.47,287.56,-0.03,5.8715,6.1866,125.7,0.0,1438.988, NAN, NAN, NAN, NAN,,2024/04/01 06:02:33.035,2024-04-01 06:02:33.035000+00:00
2024/04/01, 06:03:33.035, 41.524, -70.672,-0.01,24.45,201.01, 0.000, NAN,5.7, NAN,1014.0, NAN,0.0, NAN,102.0, NAN,51, NAN,2.1, NAN,93.1, NAN, 2.1, NAN, 75.5, NAN,1016.1,-7.65,287.79,-0.03,5.8715,6.1873,125.4,0.0,1438.991, NAN, NAN, NAN, NAN,,2024/04/01 06:03:33.035,2024-04-01 06:03:33.035000+00:00
2024/04/01, 06:04:33.035, 41.524, -70.672,0.15,24.44,246.93, 0.000, NAN,5.7, NAN,1014.0, NAN,0.0, NAN,102.0, NAN,50, NAN,1.8, NAN,93.1, NAN, 1.8, NAN, 74.4, NAN,1016.1,-7.66,287.93,-0.03,5.8715,6.1859,125.4,0.0,1438.985, NAN, NAN, NAN, NAN,,2024/04/01 06:04:33.035,2024-04-01 06:04:33.035000+00:00
2024/04/01, 06:05:33.035, 41.524, -70.672,0.14,24.46,326.97, 0.000, NAN,5.7, NAN,1014.0, NAN,0.0, NAN,102.0, NAN,65, NAN,1.7, NAN,92.5, NAN, 1.7, NAN, 89.5, NAN,1016.1,-7.7,288.37,-0.03,5.8715,6.1849,125.4,0.0,1438.981, NAN, NAN, NAN, NAN,,2024/04/01 06:05:33.035,2024-04-01 06:05:33.035000+00:00
2024/04/01, 06:06:33.035, 41.524, -70.672,0.1,24.45,301.38, 0.010, NAN,5.6, NAN,1014.0, NAN,0.0, NAN,102.0, NAN,65, NAN,1.9, NAN,92.2, NAN, 1.9, NAN, 89.6, NAN,1016.1,-7.66,288.2,-0.03,5.8716,6.1831,125.4,0.0,1438.973, NAN, NAN, NAN, NAN,,2024/04/01 06:06:33.035,2024-04-01 06:06:33.035000+00:00
2024/04/01, 06:07:33.035, 41.524, -70.672,0.06,24.37,286.09, 0.000, NAN,5.7, NAN,1014.0, NAN,0.0, NAN,102.0, NAN,64, NAN,2.0, NAN,92.4, NAN, 2.0, NAN, 88.4, NAN,1016.1,-7.46,288.16,-0.03,5.8714,6.1806,125.7,0.0,1438.962, NAN, NAN, NAN, NAN,,2024/04/01 06:07:33.035,2024-04-01 06:07:33.035000+00:00
2024/04/01, 06:08:33.035, 41.524, -70.672,0.05,24.36,323.88, 0.010, NAN,5.7, NAN,1014.1, NAN,0.0, NAN,102.0, NAN,57, NAN,2.4, NAN,92.5, NAN, 2.4, NAN, 81.4, NAN,1016.2,-7.48,287.74,-0.03,5.8714,6.1796,125.1,0.0,1438.958, NAN, NAN, NAN, NAN,,2024/04/01 06:08:33.035,2024-04-01 06:08:33.035000+00:00
2024/04/01, 06:09:33.035, 41.524, -70.672,0.01,24.34,130.63, 0.010, NAN,5.7, NAN,1014.1, NAN,0.0, NAN,102.0, NAN,72, NAN,2.1, NAN,92.2, NAN, 2.1, NAN, 96.2, NAN,1016.2,-7.29,287.79,-0.03,5.8714,6.1775,125.4,0.0,1438.949, NAN, NAN, NAN, NAN,,2024/04/01 06:09:33.035,2024-04-01 06:09:33.035000+00:00
2024/04/01, 06:10:33.035, 41.524, -70.672,-0.07,24.36,296.52, 0.010, NAN,5.7, NAN,1014.1, NAN,0.0, NAN,102.0, NAN,79, NAN,2.1, NAN,92.3, NAN, 2.1, NAN, 103.5, NAN,1016.2,-7.16,288.82,-0.03,5.8714,6.1757,125.1,0.0,1438.941, NAN, NAN, NAN, NAN,,2024/04/01 06:10:33.035,2024-04-01 06:10:33.035000+00:00
2024/04/01, 06:11:33.035, 41.524, -70.672,-0.1,24.45,116.66, 0.010, NAN,5.7, NAN,1014.1, NAN,0.0, NAN,102.0, NAN,83, NAN,2.0, NAN,92.8, NAN, 2.0, NAN, 107.4, NAN,1016.2,-6.93,288.65,-0.03,5.8713,6.1739,125.1,0.0,1438.933, NAN, NAN, NAN, NAN,,2024/04/01 06:11:33.035,2024-04-01 06:11:33.035000+00:00
2024/04/01, 06:12:33.035, 41.524, -70.672,-0.11,24.35,153.36, 0.000, NAN,5.7, NAN,1014.1, NAN,0.0, NAN,102.0, NAN,58, NAN,1.9, NAN,92.9, NAN, 1.9, NAN, 82.4, NAN,1016.2,-6.81,288.73,-0.03,5.8713,6.1718,125.4,0.0,1438.924, NAN, NAN, NAN, NAN,,2024/04/01 06:12:33.035,2024-04-01 06:12:33.035000+00:00
2024/04/01, 06:13:33.035, 41.524, -70.672,-0.13,24.39,289.16, 0.010, NAN,5.7, NAN,1014.1, NAN,0.0, NAN,102.0, NAN,55, NAN,2.0, NAN,92.6, NAN, 2.0, NAN, 79.4, NAN,1016.2,-6.87,289.0,-0.03,5.8713,6.171,125.7,0.0,1438.921, NAN, NAN, NAN, NAN,,2024/04/01 06:13:33.035,2024-04-01 06:13:33.035000+00:00
2024/04/01, 06:14:33.035, 41.524, -70.672,-0.15,24.36,118.49, 0.010, NAN,5.7, NAN,1014.1, NAN,0.0, NAN,102.0, NAN,77, NAN,1.6, NAN,92.6, NAN, 1.6, NAN, 101.4, NAN,1016.2,-7.08,289.45,-0.03,5.8712,6.1708,124.4,0.0,1438.92, NAN, NAN, NAN, NAN,,2024/04/01 06:14:33.035,2024-04-01 06:14:33.035000+00:00
2024/04/01, 06:15:33.036, 41.524, -70.672,0.03,24.35,127.35, 0.010, NAN,5.7, NAN,1014.1, NAN,0.0, NAN,102.0, NAN,92, NAN,1.6, NAN,92.5, NAN, 1.6, NAN, 116.3, NAN,1016.2,-7.15,289.87,-0.03,5.8712,6.1713,125.1,0.0,1438.922, NAN, NAN, NAN, NAN,,2024/04/01 06:15:33.036,2024-04-01 06:15:33.036000+00:00
2024/04/01, 06:16:33.036, 41.524, -70.672,-0.16,24.37,100.91, 0.010, NAN,5.7, NAN,1014.0, NAN,0.0, NAN,102.0, NAN,62, NAN,1.7, NAN,92.4, NAN, 1.7, NAN, 86.3, NAN,1016.1,-7.19,289.89,-0.03,5.8712,6.1722,125.1,0.0,1438.926, NAN, NAN, NAN, NAN,,2024/04/01 06:16:33.036,2024-04-01 06:16:33.036000+00:00
2024/04/01, 06:17:33.036, 41.524, -70.672,-0.15,24.37,281.66, 0.010, NAN,5.7, NAN,1014.0, NAN,0.0, NAN,102.0, NAN,50, NAN,2.0, NAN,91.7, NAN, 2.0, NAN, 74.4, NAN,1016.1,-7.31,289.58,-0.03,5.8712,6.1736,125.1,0.0,1438.932, NAN, NAN, NAN, NAN,,2024/04/01 06:17:33.036,2024-04-01 06:17:33.036000+00:00
2024/04/01, 06:18:33.036, 41.524, -70.672,-0.06,24.38,292.11, 0.000, NAN,5.7, NAN,1014.0, NAN,0.0, NAN,102.0, NAN,47, NAN,2.6, NAN,91.9, NAN, 2.6, NAN, 71.4, NAN,1016.1,-7.13,289.85,-0.03,5.8713,6.1746,125.7,0.0,1438.936, NAN, NAN, NAN, NAN,,2024/04/01 06:18:33.036,2024-04-01 06:18:33.036000+00:00
2024/04/01, 06:19:33.036, 41.524, -70.672,0.0,24.34,323.83, 0.000, NAN,5.8, NAN,1014.1, NAN,0.0, NAN,102.0, NAN,47, NAN,2.6, NAN,92.1, NAN, 2.6, NAN, 71.3, NAN,1016.2,-7.31,290.28,-0.03,5.8711,6.1743,125.7,0.0,1438.935, NAN, NAN, NAN, NAN,,2024/04/01 06:19:33.036,2024-04-01 06:19:33.036000+00:00
2024/04/01, 06:20:33.036, 41.524, -70.672,-0.15,24.36,190.79, 0.000, NAN,5.8, NAN,1014.1, NAN,0.0, NAN,102.0, NAN,44, NAN,2.2, NAN,92.0, NAN, 2.2, NAN, 68.4, NAN,1016.2,-7.37,290.69,-0.03,5.8711,6.1752,125.1,0.0,1438.939, NAN, NAN, NAN, NAN,,2024/04/01 06:20:33.036,2024-04-01 06:20:33.036000+00:00
2024/04/01, 06:21:33.036, 41.524, -70.672,0.0,24.42,303.68, 0.010, NAN,5.8, NAN,1014.2, NAN,0.0, NAN,102.0, NAN,45, NAN,2.3, NAN,91.9, NAN, 2.3, NAN, 69.5, NAN,1016.3,-7.37,290.48,-0.03,5.8711,6.1764,125.1,0.0,1438.944, NAN, NAN, NAN, NAN,,2024/04/01 06:21:33.036,2024-04-01 06:21:33.036000+00:00
2024/04/01, 06:22:33.036, 41.524, -70.672,-0.05,24.35,131.26, 0.000, NAN,5.8, NAN,1014.1, NAN,0.0, NAN,102.0, NAN,49, NAN,2.5, NAN,91.8, NAN, 2.5, NAN, 73.4, NAN,1016.2,-7.37,290.59,-0.03,5.8711,6.1777,125.1,0.0,1438.949, NAN, NAN, NAN, NAN,,2024/04/01 06:22:33.036,2024-04-01 06:22:33.036000+00:00
2024/04/01, 06:23:33.036, 41.524, -70.672,-0.02,24.22,16.82, 0.000, NAN,5.8, NAN,1014.2, NAN,0.0, NAN,102.0, NAN,54, NAN,2.2, NAN,92.0, NAN, 2.2, NAN, 78.2, NAN,1016.3,-7.4,290.95,-0.03,5.8711,6.179,125.4,0.0,1438.955, NAN, NAN, NAN, NAN,,2024/04/01 06:23:33.036,2024-04-01 06:23:33.036000+00:00
2024/04/01, 06:24:33.036, 41.524, -70.672,-0.11,24.35,185.71, 0.000, NAN,5.8, NAN,1014.2, NAN,0.0, NAN,102.0, NAN,66, NAN,1.8, NAN,92.1, NAN, 1.8, NAN, 90.3, NAN,1016.3,-7.25,291.34,-0.03,5.871,6.1793,125.4,0.0,1438.956, NAN, NAN, NAN, NAN,,2024/04/01 06:24:33.036,2024-04-01 06:24:33.036000+00:00
2024/04/01, 06:25:33.036, 41.524, -70.672,0.03,24.43,104.13, 0.010, NAN,5.8, NAN,1014.2, NAN,0.0, NAN,102.0, NAN,66, NAN,1.8, NAN,92.1, NAN, 1.8, NAN, 90.4, NAN,1016.3,-7.25,291.43,-0.03,5.8712,6.1785,125.1,0.0,1438.953, NAN, NAN, NAN, NAN,,2024/04/01 06:25:33.036,2024-04-01 06:25:33.036000+00:00
2024/04/01, 06:26:33.036, 41.524, -70.672,-0.17,24.17,290.07, 0.010, NAN,5.8, NAN,1014.2, NAN,0.0, NAN,102.0, NAN,147, NAN,1.1, NAN,91.3, NAN, 1.1, NAN, 170.9, NAN,1016.3,-7.18,290.67,-0.03,5.871,6.1758,125.4,0.0,1438.941, NAN, NAN, NAN, NAN,,2024/04/01 06:26:33.036,2024-04-01 06:26:33.036000+00:00
2024/04/01, 06:27:33.036, 41.524, -70.672,-0.29,23.96,324.87, 0.000, NAN,5.8, NAN,1014.2, NAN,0.0, NAN,102.0, NAN,68, NAN,1.8, NAN,89.4, NAN, 1.8, NAN, 92.0, NAN,1016.3,-7.15,290.18,-0.03,5.8709,6.1745,125.4,0.0,1438.935, NAN, NAN, NAN, NAN,,2024/04/01 06:27:33.036,2024-04-01 06:27:33.036000+00:00
2024/04/01, 06:28:33.036, 41.524, -70.672,-0.16,24.06,258.88, 0.000, NAN,5.8, NAN,1014.2, NAN,0.0, NAN,102.0, NAN,66, NAN,1.9, NAN,89.3, NAN, 1.9, NAN, 90.1, NAN,1016.3,-7.14,290.0,-0.03,5.8709,6.1732,125.1,0.0,1438.93, NAN, NAN, NAN, NAN,,2024/04/01 06:28:33.036,2024-04-01 06:28:33.036000+00:00
2024/04/01, 06:29:33.036, 41.524, -70.672,-0.17,24.35,290.02, 0.010, NAN,5.8, NAN,1014.2, NAN,0.0, NAN,102.0, NAN,114, NAN,1.4, NAN,89.4, NAN, 1.4, NAN, 138.4, NAN,1016.3,-7.05,289.82,-0.03,5.8709,6.1727,125.7,0.0,1438.928, NAN, NAN, NAN, NAN,,2024/04/01 06:29:33.036,2024-04-01 06:29:33.036000+00:00
2024/04/01, 06:30:33.036, 41.524, -70.672,-0.21,24.36,238.91, 0.000, NAN,5.9, NAN,1014.1, NAN,0.0, NAN,102.0, NAN,69, NAN,1.7, NAN,90.0, NAN, 1.7, NAN, 93.4, NAN,1016.2,-6.98,289.8,-0.03,5.871,6.1731,124.8,0.0,1438.93, NAN, NAN, NAN, NAN,,2024/04/01 06:30:33.036,2024-04-01 06:30:33.036000+00:00
2024/04/01, 06:31:33.036, 41.524, -70.672,-0.03,24.29,254.14, 0.010, NAN,5.9, NAN,1014.1, NAN,0.0, NAN,102.0, NAN,50, NAN,1.9, NAN,90.1, NAN, 1.9, NAN, 74.4, NAN,1016.2,-7.1,289.39,-0.03,5.8708,6.1746,124.2,0.0,1438.936, NAN, NAN, NAN, NAN,,2024/04/01 06:31:33.036,2024-04-01 06:31:33.036000+00:00
2024/04/01, 06:32:33.037, 41.524, -70.672,-0.09,24.36,297.52, 0.010, NAN,6.0, NAN,1014.2, NAN,0.0, NAN,102.0, NAN,39, NAN,2.2, NAN,90.1, NAN, 2.2, NAN, 63.5, NAN,1016.3,-7.23,289.23,-0.02,5.8709,6.1774,125.4,0.0,1438.948, NAN, NAN, NAN, NAN,,2024/04/01 06:32:33.037,2024-04-01 06:32:33.037000+00:00
2024/04/01, 06:33:33.037, 41.524, -70.672,0.02,24.4,218.86, 0.000, NAN,5.9, NAN,1014.2, NAN,0.0, NAN,102.0, NAN,40, NAN,2.2, NAN,90.0, NAN, 2.2, NAN, 64.4, NAN,1016.3,-7.27,289.68,-0.03,5.8709,6.18,125.4,0.0,1438.959, NAN, NAN, NAN, NAN,,2024/04/01 06:33:33.037,2024-04-01 06:33:33.037000+00:00
2024/04/01, 06:34:33.037, 41.524, -70.672,0.01,24.4,204.92, 0.000, NAN,5.9, NAN,1014.2, NAN,0.0, NAN,102.0, NAN,42, NAN,2.1, NAN,90.0, NAN, 2.1, NAN, 66.4, NAN,1016.3,-7.43,290.14,-0.02,5.8708,6.1817,125.1,0.0,1438.966, NAN, NAN, NAN, NAN,,2024/04/01 06:34:33.037,2024-04-01 06:34:33.037000+00:00
2024/04/01, 06:35:33.037, 41.524, -70.672,0.07,24.4,244.42, 0.000, NAN,5.9, NAN,1014.2, NAN,0.0, NAN,102.0, NAN,43, NAN,2.1, NAN,90.0, NAN, 2.1, NAN, 67.4, NAN,1016.3,-7.46,290.35,-0.03,5.8708,6.1832,125.1,0.0,1438.973, NAN, NAN, NAN, NAN,,2024/04/01 06:35:33.037,2024-04-01 06:35:33.037000+00:00
2024/04/01, 06:36:33.037, 41.524, -70.672,0.05,24.43,283.02, 0.010, NAN,5.9, NAN,1014.1, NAN,0.0, NAN,102.0, NAN,47, NAN,2.5, NAN,89.9, NAN, 2.5, NAN, 71.5, NAN,1016.2,-7.49,290.56,-0.03,5.8708,6.1837,124.8,0.0,1438.975, NAN, NAN, NAN, NAN,,2024/04/01 06:36:33.037,2024-04-01 06:36:33.037000+00:00
2024/04/01, 06:37:33.037, 41.524, -70.672,0.06,24.38,257.05, 0.010, NAN,5.9, NAN,1014.1, NAN,0.0, NAN,102.0, NAN,40, NAN,2.6, NAN,89.9, NAN, 2.6, NAN, 64.5, NAN,1016.2,-7.46,290.6,-0.03,5.8708,6.1836,125.4,0.0,1438.974, NAN, NAN, NAN, NAN,,2024/04/01 06:37:33.037,2024-04-01 06:37:33.037000+00:00
2024/04/01, 06:38:33.037, 41.524, -70.672,-0.09,24.41,271.49, 0.010, NAN,5.8, NAN,1014.1, NAN,0.0, NAN,102.0, NAN,44, NAN,2.5, NAN,89.7, NAN, 2.5, NAN, 68.5, NAN,1016.2,-7.55,290.49,-0.03,5.8708,6.1833,124.8,0.0,1438.973, NAN, NAN, NAN, NAN,,2024/04/01 06:38:33.037,2024-04-01 06:38:33.037000+00:00
2024/04/01, 06:39:33.037, 41.524, -70.672,-0.01,24.4,206.52, 0.000, NAN,5.8, NAN,1014.0, NAN,0.0, NAN,102.0, NAN,43, NAN,2.6, NAN,89.6, NAN, 2.6, NAN, 67.4, NAN,1016.1,-7.62,290.21,-0.03,5.8708,6.181,124.8,0.0,1438.963, NAN, NAN, NAN, NAN,,2024/04/01 06:39:33.037,2024-04-01 06:39:33.037000+00:00
2024/04/01, 06:40:33.037, 41.524, -70.672,-0.06,24.31,180.25, 0.000, NAN,5.8, NAN,1014.1, NAN,0.0, NAN,102.0, NAN,36, NAN,2.3, NAN,89.6, NAN, 2.3, NAN, 60.3, NAN,1016.2,-7.58,290.27,-0.03,5.8707,6.1783,125.4,0.0,1438.951, NAN, NAN, NAN, NAN,,2024/04/01 06:40:33.037,2024-04-01 06:40:33.037000+00:00
2024/04/01, 06:41:33.037, 41.524, -70.672,0.02,24.5,268.25, 0.000, NAN,5.8, NAN,1014.1, NAN,0.0, NAN,102.0, NAN,37, NAN,2.1, NAN,89.5, NAN, 2.1, NAN, 61.5, NAN,1016.2,-7.62,289.56,-0.03,5.8707,6.1754,124.8,0.0,1438.939, NAN, NAN, NAN, NAN,,2024/04/01 06:41:33.037,2024-04-01 06:41:33.037000+00:00
2024/04/01, 06:42:33.037, 41.524, -70.672,0.0,24.42,273.11, 0.000, NAN,5.8, NAN,1014.1, NAN,0.0, NAN,102.0, NAN,111, NAN,1.0, NAN,89.0, NAN, 1.0, NAN, 135.4, NAN,1016.2,-7.78,289.12,-0.03,5.8708,6.174,125.4,0.0,1438.933, NAN, NAN, NAN, NAN,,2024/04/01 06:42:33.037,2024-04-01 06:42:33.037000+00:00
2024/04/01, 06:43:33.037, 41.524, -70.672,-0.06,24.4,277.83, 0.010, NAN,5.8, NAN,1014.1, NAN,0.0, NAN,102.0, NAN,45, NAN,2.0, NAN,88.1, NAN, 2.0, NAN, 69.5, NAN,1016.2,-7.81,288.87,-0.03,5.8707,6.1727,125.4,0.0,1438.927, NAN, NAN, NAN, NAN,,2024/04/01 06:43:33.037,2024-04-01 06:43:33.037000+00:00
2024/04/01, 06:44:33.037, 41.524, -70.672,-0.17,24.41,248.22, 0.010, NAN,5.8, NAN,1014.0, NAN,0.0, NAN,102.0, NAN,50, NAN,1.6, NAN,88.1, NAN, 1.6, NAN, 74.6, NAN,1016.1,-7.9,288.55,-0.03,5.8708,6.1723,124.2,0.0,1438.926, NAN, NAN, NAN, NAN,,2024/04/01 06:44:33.037,2024-04-01 06:44:33.037000+00:00
2024/04/01, 06:45:33.037, 41.524, -70.672,-0.08,24.39,231.02, 0.000, NAN,5.7, NAN,1014.1, NAN,0.0, NAN,102.0, NAN,125, NAN,0.9, NAN,88.0, NAN, 0.9, NAN, 149.4, NAN,1016.2,-7.9,287.9,-0.03,5.8708,6.1714,125.4,0.0,1438.922, NAN, NAN, NAN, NAN,,2024/04/01 06:45:33.037,2024-04-01 06:45:33.037000+00:00
2024/04/01, 06:46:33.037, 41.524, -70.672,0.03,24.36,54.33, 0.000, NAN,5.7, NAN,1014.0, NAN,0.0, NAN,102.0, NAN,88, NAN,1.3, NAN,87.7, NAN, 1.3, NAN, 112.4, NAN,1016.1,-8.06,287.57,-0.03,5.8707,6.1716,125.4,0.0,1438.923, NAN, NAN, NAN, NAN,,2024/04/01 06:46:33.037,2024-04-01 06:46:33.037000+00:00
2024/04/01, 06:47:33.037, 41.524, -70.672,-0.02,24.36,279.04, 0.010, NAN,5.7, NAN,1014.0, NAN,0.0, NAN,102.0, NAN,192, NAN,0.6, NAN,87.5, NAN, 0.6, NAN, 215.9, NAN,1016.1,-8.14,287.27,-0.03,5.8707,6.1722,125.1,0.0,1438.925, NAN, NAN, NAN, NAN,,2024/04/01 06:47:33.037,2024-04-01 06:47:33.037000+00:00
2024/04/01, 06:48:33.037, 41.524, -70.672,-0.07,24.39,260.87, 0.010, NAN,5.7, NAN,1014.0, NAN,0.0, NAN,102.0, NAN,125, NAN,0.9, NAN,87.0, NAN, 0.9, NAN, 149.6, NAN,1016.1,-8.3,286.81,-0.03,5.8707,6.1722,125.7,0.0,1438.925, NAN, NAN, NAN, NAN,,2024/04/01 06:48:33.037,2024-04-01 06:48:33.037000+00:00
2024/04/01, 06:49:33.038, 41.524, -70.672,0.14,24.39,300.62, 0.000, NAN,5.7, NAN,1014.1, NAN,0.0, NAN,102.0, NAN,150, NAN,0.7, NAN,87.0, NAN, 0.7, NAN, 174.4, NAN,1016.2,-8.27,286.32,-0.03,5.8706,6.1713,125.4,0.0,1438.921, NAN, NAN, NAN, NAN,,2024/04/01 06:49:33.038,2024-04-01 06:49:33.038000+00:00
2024/04/01, 06:50:33.038, 41.524, -70.672,-0.12,24.45,238.6, 0.000, NAN,5.7, NAN,1014.0, NAN,0.0, NAN,102.0, NAN,307, NAN,1.9, NAN,86.1, NAN, 1.9, NAN, 331.4, NAN,1016.1,-8.27,285.87,-0.03,5.8705,6.1717,124.4,0.0,1438.923, NAN, NAN, NAN, NAN,,2024/04/01 06:50:33.038,2024-04-01 06:50:33.038000+00:00
2024/04/01, 06:51:33.038, 41.524, -70.672,-0.16,24.31,113.55, 0.010, NAN,5.7, NAN,1014.0, NAN,0.0, NAN,102.0, NAN,169, NAN,1.0, NAN,85.8, NAN, 1.0, NAN, 193.6, NAN,1016.1,-8.18,285.7,-0.03,5.8706,6.1727,125.1,0.0,1438.927, NAN, NAN, NAN, NAN,,2024/04/01 06:51:33.038,2024-04-01 06:51:33.038000+00:00
2024/04/01, 06:52:33.038, 41.524, -70.672,-0.22,24.37,293.82, 0.000, NAN,5.7, NAN,1014.0, NAN,0.0, NAN,102.0, NAN,320, NAN,2.1, NAN,85.7, NAN, 2.1, NAN, 344.4, NAN,1016.1,-8.17,285.1,-0.03,5.8706,6.1724,125.1,0.0,1438.926, NAN, NAN, NAN, NAN,,2024/04/01 06:52:33.038,2024-04-01 06:52:33.038000+00:00
2024/04/01, 06:53:33.038, 41.524, -70.672,-0.06,24.3,64.34, 0.010, NAN,5.7, NAN,1014.0, NAN,0.0, NAN,102.0, NAN,329, NAN,1.5, NAN,85.5, NAN, 1.5, NAN, 353.2, NAN,1016.1,-8.18,284.46,-0.03,5.8705,6.1721,125.4,0.0,1438.925, NAN, NAN, NAN, NAN,,2024/04/01 06:53:33.038,2024-04-01 06:53:33.038000+00:00
2024/04/01, 06:54:33.038, 41.524, -70.672,-0.19,24.31,119.32, 0.010, NAN,5.7, NAN,1014.0, NAN,0.0, NAN,102.0, NAN,46, NAN,2.0, NAN,85.5, NAN, 2.0, NAN, 70.3, NAN,1016.1,-8.15,284.33,-0.03,5.8705,6.1728,126.0,0.0,1438.928, NAN, NAN, NAN, NAN,,2024/04/01 06:54:33.038,2024-04-01 06:54:33.038000+00:00
2024/04/01, 06:55:33.038, 41.524, -70.672,-0.15,24.26,333.26, 0.000, NAN,5.7, NAN,1014.0, NAN,0.0, NAN,102.0, NAN,42, NAN,2.2, NAN,85.7, NAN, 2.2, NAN, 66.3, NAN,1016.1,-7.93,283.92,-0.02,5.8706,6.1724,125.1,0.0,1438.926, NAN, NAN, NAN, NAN,,2024/04/01 06:55:33.038,2024-04-01 06:55:33.038000+00:00
2024/04/01, 06:56:33.038, 41.524, -70.672,0.16,24.32,110.07, 0.000, NAN,5.7, NAN,1014.0, NAN,0.0, NAN,102.0, NAN,38, NAN,1.8, NAN,85.7, NAN, 1.8, NAN, 62.3, NAN,1016.1,-7.86,283.63,-0.03,5.8705,6.1733,125.4,0.0,1438.93, NAN, NAN, NAN, NAN,,2024/04/01 06:56:33.038,2024-04-01 06:56:33.038000+00:00
2024/04/01, 06:57:33.038, 41.524, -70.672,0.04,24.24,299.65, 0.000, NAN,5.8, NAN,1014.0, NAN,0.0, NAN,102.0, NAN,52, NAN,1.6, NAN,85.7, NAN, 1.6, NAN, 76.2, NAN,1016.1,-7.72,283.83,-0.03,5.8705,6.1743,125.4,0.0,1438.934, NAN, NAN, NAN, NAN,,2024/04/01 06:57:33.038,2024-04-01 06:57:33.038000+00:00
2024/04/01, 06:58:33.038, 41.524, -70.672,-0.22,24.15,199.43, 0.000, NAN,5.8, NAN,1014.0, NAN,0.0, NAN,102.0, NAN,42, NAN,2.1, NAN,85.5, NAN, 2.1, NAN, 66.2, NAN,1016.1,-7.78,284.0,-0.03,5.8704,6.1746,125.4,0.0,1438.935, NAN, NAN, NAN, NAN,,2024/04/01 06:58:33.038,2024-04-01 06:58:33.038000+00:00
2024/04/01, 06:59:33.038, 41.524, -70.672,-0.2,24.13,195.8, 0.000, NAN,5.9, NAN,1014.0, NAN,0.0, NAN,102.0, NAN,52, NAN,1.9, NAN,85.6, NAN, 1.9, NAN, 76.1, NAN,1016.1,-7.56,283.87,-0.03,5.8705,6.1739,125.4,0.0,1438.932, NAN, NAN, NAN, NAN,,2024/04/01 06:59:33.038,2024-04-01 06:59:33.038000+00:00
2024/04/01, 07:00:33.038, 41.524, -70.672,-0.12,24.1,111.57, 0.010, NAN,5.9, NAN,1014.0, NAN,0.0, NAN,102.0, NAN,50, NAN,2.0, NAN,86.0, NAN, 2.0, NAN, 74.0, NAN,1016.1,-7.53,284.46,-0.03,5.8705,6.1725,125.1,0.0,1438.926, NAN, NAN, NAN, NAN,,2024/04/01 07:00:33.038,2024-04-01 07:00:33.038000+00:00
2024/04/01, 07:01:33.038, 41.524, -70.672,-0.11,24.01,259.41, 0.010, NAN,5.9, NAN,1014.0, NAN,0.0, NAN,102.0, NAN,77, NAN,1.6, NAN,86.1, NAN, 1.6, NAN, 101.1, NAN,1016.1,-7.46,284.63,-0.03,5.8704,6.1718,124.8,0.0,1438.923, NAN, NAN, NAN, NAN,,2024/04/01 07:01:33.038,2024-04-01 07:01:33.038000+00:00
2024/04/01, 07:02:33.038, 41.524, -70.672,-0.04,24.36,246.7, 0.000, NAN,5.9, NAN,1014.0, NAN,0.0, NAN,102.0, NAN,128, NAN,0.9, NAN,85.3, NAN, 0.9, NAN, 152.4, NAN,1016.1,-7.42,284.04,-0.02,5.8705,6.1711,125.1,0.0,1438.92, NAN, NAN, NAN, NAN,,2024/04/01 07:02:33.038,2024-04-01 07:02:33.038000+00:00
2024/04/01, 07:03:33.038, 41.524, -70.672,-0.15,24.07,289.29, 0.010, NAN,5.9, NAN,1014.0, NAN,0.0, NAN,102.0, NAN,122, NAN,1.1, NAN,83.8, NAN, 1.1, NAN, 145.9, NAN,1016.1,-7.3,283.32,-0.03,5.8705,6.1714,124.4,0.0,1438.922, NAN, NAN, NAN, NAN,,2024/04/01 07:03:33.038,2024-04-01 07:03:33.038000+00:00
2024/04/01, 07:04:33.038, 41.524, -70.672,-0.06,24.11,354.27, 0.010, NAN,5.9, NAN,1014.0, NAN,0.0, NAN,102.0, NAN,307, NAN,1.9, NAN,82.8, NAN, 1.9, NAN, 331.0, NAN,1016.1,-7.42,282.27,-0.03,5.8705,6.1729,124.4,0.0,1438.928, NAN, NAN, NAN, NAN,,2024/04/01 07:04:33.038,2024-04-01 07:04:33.038000+00:00
2024/04/01, 07:05:33.038, 41.524, -70.672,-0.23,24.34,275.38, 0.010, NAN,5.9, NAN,1014.0, NAN,0.0, NAN,102.0, NAN,300, NAN,1.7, NAN,81.8, NAN, 1.7, NAN, 324.5, NAN,1016.1,-7.42,281.98,-0.03,5.8706,6.1742,124.2,0.0,1438.934, NAN, NAN, NAN, NAN,,2024/04/01 07:05:33.038,2024-04-01 07:05:33.038000+00:00
2024/04/01, 07:06:33.039, 41.524, -70.672,-0.08,24.19,289.47, 0.010, NAN,5.9, NAN,1014.0, NAN,0.0, NAN,102.0, NAN,331, NAN,0.6, NAN,82.0, NAN, 0.6, NAN, 355.1, NAN,1016.1,-7.54,281.22,-0.03,5.8706,6.1758,125.1,0.0,1438.941, NAN, NAN, NAN, NAN,,2024/04/01 07:06:33.039,2024-04-01 07:06:33.039000+00:00
2024/04/01, 07:07:33.039, 41.524, -70.672,-0.01,24.44,314.63, 0.000, NAN,5.9, NAN,1014.0, NAN,0.0, NAN,102.0, NAN,325, NAN,2.5, NAN,82.1, NAN, 2.5, NAN, 349.4, NAN,1016.1,-7.67,281.67,-0.03,5.8706,6.1765,125.4,0.0,1438.944, NAN, NAN, NAN, NAN,,2024/04/01 07:07:33.039,2024-04-01 07:07:33.039000+00:00
2024/04/01, 07:08:33.039, 41.524, -70.672,-0.08,24.4,220.4, 0.010, NAN,6.0, NAN,1014.0, NAN,0.0, NAN,102.0, NAN,331, NAN,1.7, NAN,82.5, NAN, 1.7, NAN, 355.5, NAN,1016.1,-7.83,281.46,-0.03,5.8706,6.1773,125.4,0.0,1438.947, NAN, NAN, NAN, NAN,,2024/04/01 07:08:33.039,2024-04-01 07:08:33.039000+00:00
2024/04/01, 07:09:33.039, 41.524, -70.672,-0.25,24.38,169.54, 0.010, NAN,6.0, NAN,1014.0, NAN,0.0, NAN,102.0, NAN,329, NAN,1.9, NAN,82.5, NAN, 1.9, NAN, 353.2, NAN,1016.1,-8.04,281.7,-0.03,5.8707,6.1784,125.4,0.0,1438.952, NAN, NAN, NAN, NAN,,2024/04/01 07:09:33.039,2024-04-01 07:09:33.039000+00:00
2024/04/01, 07:10:33.039, 41.524, -70.672,-0.17,24.33,302.47, 0.010, NAN,6.0, NAN,1014.0, NAN,0.0, NAN,102.0, NAN,323, NAN,2.7, NAN,82.3, NAN, 2.7, NAN, 347.4, NAN,1016.1,-8.16,281.5,-0.02,5.8707,6.18,124.8,0.0,1438.959, NAN, NAN, NAN, NAN,,2024/04/01 07:10:33.039,2024-04-01 07:10:33.039000+00:00
2024/04/01, 07:11:33.039, 41.524, -70.672,0.05,24.5,283.29, 0.010, NAN,5.9, NAN,1014.0, NAN,0.0, NAN,102.0, NAN,317, NAN,2.6, NAN,81.7, NAN, 2.6, NAN, 341.6, NAN,1016.1,-8.2,280.8,-0.03,5.8708,6.1803,125.1,0.0,1438.96, NAN, NAN, NAN, NAN,,2024/04/01 07:11:33.039,2024-04-01 07:11:33.039000+00:00
2024/04/01, 07:12:33.039, 41.524, -70.672,-0.11,24.33,161.96, 0.010, NAN,5.9, NAN,1014.0, NAN,0.0, NAN,102.0, NAN,321, NAN,2.6, NAN,81.0, NAN, 2.6, NAN, 345.2, NAN,1016.1,-8.32,280.16,-0.03,5.8707,6.1801,125.1,0.0,1438.959, NAN, NAN, NAN, NAN,,2024/04/01 07:12:33.039,2024-04-01 07:12:33.039000+00:00
2024/04/01, 07:13:33.039, 41.524, -70.672,0.15,24.44,146.73, 0.000, NAN,5.9, NAN,1014.0, NAN,0.0, NAN,102.0, NAN,323, NAN,2.5, NAN,80.9, NAN, 2.5, NAN, 347.4, NAN,1016.1,-8.28,279.7,-0.03,5.8707,6.1801,125.1,0.0,1438.959, NAN, NAN, NAN, NAN,,2024/04/01 07:13:33.039,2024-04-01 07:13:33.039000+00:00
2024/04/01, 07:14:33.039, 41.524, -70.672,0.14,24.35,108.09, 0.010, NAN,6.0, NAN,1014.0, NAN,0.0, NAN,102.0, NAN,328, NAN,2.5, NAN,80.8, NAN, 2.5, NAN, 352.2, NAN,1016.1,-8.28,279.34,-0.03,5.8708,6.1807,124.8,0.0,1438.962, NAN, NAN, NAN, NAN,,2024/04/01 07:14:33.039,2024-04-01 07:14:33.039000+00:00
2024/04/01, 07:15:33.039, 41.524, -70.672,-0.04,24.34,99.04, 0.010, NAN,6.0, NAN,1014.0, NAN,0.0, NAN,102.0, NAN,317, NAN,2.7, NAN,80.8, NAN, 2.7, NAN, 341.2, NAN,1016.1,-8.41,279.33,-0.03,5.8707,6.1818,125.4,0.0,1438.966, NAN, NAN, NAN, NAN,,2024/04/01 07:15:33.039,2024-04-01 07:15:33.039000+00:00
2024/04/01, 07:16:33.039, 41.524, -70.672,0.07,24.31,121.45, 0.020, NAN,6.0, NAN,1014.0, NAN,0.0, NAN,102.0, NAN,321, NAN,2.5, NAN,80.4, NAN, 2.5, NAN, 345.2, NAN,1016.1,-8.43,279.45,-0.03,5.8708,6.1815,124.8,0.0,1438.965, NAN, NAN, NAN, NAN,,2024/04/01 07:16:33.039,2024-04-01 07:16:33.039000+00:00
2024/04/01, 07:17:33.039, 41.524, -70.672,-0.1,24.44,106.2, 0.010, NAN,6.0, NAN,1014.0, NAN,0.0, NAN,102.0, NAN,322, NAN,2.8, NAN,80.0, NAN, 2.8, NAN, 346.4, NAN,1016.1,-8.4,279.5,-0.03,5.8709,6.181,125.4,0.0,1438.963, NAN, NAN, NAN, NAN,,2024/04/01 07:17:33.039,2024-04-01 07:17:33.039000+00:00
2024/04/01, 07:18:33.039, 41.524, -70.672,-0.06,24.37,166.08, 0.000, NAN,6.0, NAN,1014.0, NAN,0.0, NAN,102.0, NAN,319, NAN,2.7, NAN,79.8, NAN, 2.7, NAN, 343.4, NAN,1016.1,-8.37,279.46,-0.02,5.8708,6.1812,124.8,0.0,1438.964, NAN, NAN, NAN, NAN,,2024/04/01 07:18:33.039,2024-04-01 07:18:33.039000+00:00
2024/04/01, 07:19:33.039, 41.524, -70.672,-0.2,24.36,93.19, 0.010, NAN,6.0, NAN,1014.0, NAN,0.0, NAN,102.0, NAN,317, NAN,2.6, NAN,79.5, NAN, 2.6, NAN, 341.3, NAN,1016.1,-8.36,279.49,-0.03,5.8708,6.1809,125.1,0.0,1438.963, NAN, NAN, NAN, NAN,,2024/04/01 07:19:33.039,2024-04-01 07:19:33.039000+00:00
2024/04/01, 07:20:33.039, 41.524, -70.672,-0.11,24.36,328.64, 0.000, NAN,6.1, NAN,1014.0, NAN,0.0, NAN,102.0, NAN,320, NAN,2.7, NAN,78.9, NAN, 2.7, NAN, 344.4, NAN,1016.1,-8.36,279.73,-0.03,5.8709,6.181,124.8,0.0,1438.963, NAN, NAN, NAN, NAN,,2024/04/01 07:20:33.039,2024-04-01 07:20:33.039000+00:00
2024/04/01, 07:21:33.039, 41.524, -70.672,0.04,24.36,267.74, 0.000, NAN,6.1, NAN,1014.0, NAN,0.0, NAN,102.0, NAN,318, NAN,2.7, NAN,78.6, NAN, 2.7, NAN, 342.4, NAN,1016.1,-8.28,279.5,-0.03,5.8708,6.1805,125.1,0.0,1438.961, NAN, NAN, NAN, NAN,,2024/04/01 07:21:33.039,2024-04-01 07:21:33.039000+00:00
2024/04/01, 07:22:33.040, 41.524, -70.672,-0.18,24.35,279.09, 0.010, NAN,6.1, NAN,1014.0, NAN,0.0, NAN,102.0, NAN,322, NAN,2.8, NAN,78.2, NAN, 2.8, NAN, 346.4, NAN,1016.1,-8.32,279.1,-0.03,5.8707,6.1801,125.7,0.0,1438.959, NAN, NAN, NAN, NAN,,2024/04/01 07:22:33.040,2024-04-01 07:22:33.040000+00:00
2024/04/01, 07:23:33.040, 41.524, -70.672,-0.15,24.36,298.22, 0.000, NAN,6.2, NAN,1014.0, NAN,0.0, NAN,102.0, NAN,320, NAN,2.6, NAN,78.1, NAN, 2.6, NAN, 344.4, NAN,1016.1,-8.34,279.15,-0.03,5.8708,6.1793,124.8,0.0,1438.956, NAN, NAN, NAN, NAN,,2024/04/01 07:23:33.040,2024-04-01 07:23:33.040000+00:00
2024/04/01, 07:24:33.040, 41.524, -70.672,-0.01,24.41,296.25, 0.000, NAN,6.2, NAN,1014.0, NAN,0.0, NAN,102.0, NAN,319, NAN,2.7, NAN,78.2, NAN, 2.7, NAN, 343.4, NAN,1016.1,-8.33,279.13,-0.03,5.8708,6.1785,125.1,0.0,1438.952, NAN, NAN, NAN, NAN,,2024/04/01 07:24:33.040,2024-04-01 07:24:33.040000+00:00
2024/04/01, 07:25:33.040, 41.524, -70.672,-0.08,24.46,148.91, 0.010, NAN,6.2, NAN,1014.0, NAN,0.0, NAN,102.0, NAN,317, NAN,2.7, NAN,78.1, NAN, 2.7, NAN, 341.4, NAN,1016.1,-8.27,279.12,-0.03,5.8707,6.1777,124.4,0.0,1438.949, NAN, NAN, NAN, NAN,,2024/04/01 07:25:33.040,2024-04-01 07:25:33.040000+00:00
2024/04/01, 07:26:33.040, 41.524, -70.672,-0.07,24.44,299.17, 0.000, NAN,6.2, NAN,1014.0, NAN,0.0, NAN,102.0, NAN,317, NAN,2.9, NAN,78.1, NAN, 2.9, NAN, 341.4, NAN,1016.1,-8.22,279.32,-0.02,5.8708,6.1775,125.1,0.0,1438.948, NAN, NAN, NAN, NAN,,2024/04/01 07:26:33.040,2024-04-01 07:26:33.040000+00:00
2024/04/01, 07:27:33.040, 41.524, -70.672,-0.11,24.41,112.55, 0.010, NAN,6.3, NAN,1014.0, NAN,0.0, NAN,102.0, NAN,318, NAN,3.0, NAN,78.1, NAN, 3.0, NAN, 342.3, NAN,1016.1,-8.19,279.59,-0.03,5.8707,6.1784,124.4,0.0,1438.952, NAN, NAN, NAN, NAN,,2024/04/01 07:27:33.040,2024-04-01 07:27:33.040000+00:00
2024/04/01, 07:28:33.040, 41.524, -70.672,-0.22,24.44,279.64, 0.000, NAN,6.3, NAN,1014.0, NAN,0.0, NAN,102.0, NAN,320, NAN,3.0, NAN,78.2, NAN, 3.0, NAN, 344.4, NAN,1016.1,-8.0,279.91,-0.03,5.8708,6.1785,124.8,0.0,1438.952, NAN, NAN, NAN, NAN,,2024/04/01 07:28:33.040,2024-04-01 07:28:33.040000+00:00
2024/04/01, 07:29:33.040, 41.524, -70.672,-0.04,24.46,262.74, 0.000, NAN,6.3, NAN,1014.0, NAN,0.0, NAN,102.0, NAN,318, NAN,2.9, NAN,78.2, NAN, 2.9, NAN, 342.5, NAN,1016.1,-7.92,279.95,-0.03,5.8707,6.1772,125.4,0.0,1438.947, NAN, NAN, NAN, NAN,,2024/04/01 07:29:33.040,2024-04-01 07:29:33.040000+00:00
2024/04/01, 07:30:33.040, 41.524, -70.672,-0.05,24.49,152.3, 0.010, NAN,6.3, NAN,1014.0, NAN,0.0, NAN,102.0, NAN,318, NAN,2.8, NAN,78.1, NAN, 2.8, NAN, 342.4, NAN,1016.1,-7.96,280.3,-0.02,5.8707,6.1765,125.4,0.0,1438.944, NAN, NAN, NAN, NAN,,2024/04/01 07:30:33.040,2024-04-01 07:30:33.040000+00:00
2024/04/01, 07:31:33.040, 41.524, -70.672,-0.08,24.53,261.57, 0.000, NAN,6.3, NAN,1014.0, NAN,0.0, NAN,102.0, NAN,318, NAN,2.9, NAN,77.7, NAN, 2.9, NAN, 342.5, NAN,1016.1,-7.97,280.58,-0.02,5.8707,6.1764,125.1,0.0,1438.943, NAN, NAN, NAN, NAN,,2024/04/01 07:31:33.040,2024-04-01 07:31:33.040000+00:00
2024/04/01, 07:32:33.040, 41.524, -70.672,0.05,24.53,215.31, 0.000, NAN,6.3, NAN,1014.0, NAN,0.0, NAN,102.0, NAN,317, NAN,2.7, NAN,77.3, NAN, 2.7, NAN, 341.5, NAN,1016.1,-7.92,280.07,-0.02,5.8708,6.1778,125.1,0.0,1438.949, NAN, NAN, NAN, NAN,,2024/04/01 07:32:33.040,2024-04-01 07:32:33.040000+00:00
2024/04/01, 07:33:33.040, 41.524, -70.672,-0.07,24.51,113.43, 0.000, NAN,6.3, NAN,1014.0, NAN,0.0, NAN,102.0, NAN,320, NAN,2.7, NAN,76.2, NAN, 2.7, NAN, 344.5, NAN,1016.1,-7.99,279.91,-0.02,5.8707,6.1792,123.6,0.0,1438.955, NAN, NAN, NAN, NAN,,2024/04/01 07:33:33.040,2024-04-01 07:33:33.040000+00:00
2024/04/01, 07:34:33.040, 41.524, -70.672,0.1,24.56,309.07, 0.010, NAN,6.3, NAN,1014.0, NAN,0.0, NAN,102.0, NAN,318, NAN,3.2, NAN,75.9, NAN, 3.2, NAN, 342.6, NAN,1016.1,-7.94,279.91,-0.02,5.8707,6.1809,124.8,0.0,1438.963, NAN, NAN, NAN, NAN,,2024/04/01 07:34:33.040,2024-04-01 07:34:33.040000+00:00
2024/04/01, 07:35:33.040, 41.524, -70.672,0.06,24.56,219.6, 0.000, NAN,6.3, NAN,1014.0, NAN,0.0, NAN,102.0, NAN,314, NAN,3.3, NAN,75.7, NAN, 3.3, NAN, 338.6, NAN,1016.1,-7.92,280.31,-0.02,5.8707,6.1818,125.4,0.0,1438.966, NAN, NAN, NAN, NAN,,2024/04/01 07:35:33.040,2024-04-01 07:35:33.040000+00:00
2024/04/01, 07:36:33.040, 41.524, -70.672,-0.06,24.52,278.87, 0.010, NAN,6.3, NAN,1014.0, NAN,0.0, NAN,102.0, NAN,316, NAN,3.1, NAN,75.2, NAN, 3.1, NAN, 340.6, NAN,1016.1,-7.85,280.19,-0.03,5.8708,6.1822,125.1,0.0,1438.968, NAN, NAN, NAN, NAN,,2024/04/01 07:36:33.040,2024-04-01 07:36:33.040000+00:00
2024/04/01, 07:37:33.040, 41.524, -70.672,-0.08,24.53,240.6, 0.000, NAN,6.3, NAN,1014.0, NAN,0.0, NAN,102.0, NAN,315, NAN,3.0, NAN,75.1, NAN, 3.0, NAN, 339.5, NAN,1016.1,-7.71,280.08,-0.02,5.8709,6.1827,125.1,0.0,1438.971, NAN, NAN, NAN, NAN,,2024/04/01 07:37:33.040,2024-04-01 07:37:33.040000+00:00
2024/04/01, 07:38:33.041, 41.524, -70.672,0.04,24.52,350.79, 0.010, NAN,6.3, NAN,1014.0, NAN,0.0, NAN,102.0, NAN,318, NAN,3.1, NAN,74.1, NAN, 3.1, NAN, 342.5, NAN,1016.1,-7.61,279.89,-0.03,5.8708,6.1831,125.4,0.0,1438.972, NAN, NAN, NAN, NAN,,2024/04/01 07:38:33.041,2024-04-01 07:38:33.041000+00:00
2024/04/01, 07:39:33.041, 41.524, -70.672,-0.06,24.47,116.14, 0.010, NAN,6.3, NAN,1014.0, NAN,0.0, NAN,102.0, NAN,318, NAN,3.0, NAN,73.6, NAN, 3.0, NAN, 342.4, NAN,1016.1,-7.57,279.95,-0.02,5.871,6.1832,125.1,0.0,1438.973, NAN, NAN, NAN, NAN,,2024/04/01 07:39:33.041,2024-04-01 07:39:33.041000+00:00
2024/04/01, 07:40:33.041, 41.524, -70.672,-0.1,24.6,294.88, 0.010, NAN,6.4, NAN,1014.0, NAN,0.0, NAN,102.0, NAN,317, NAN,3.1, NAN,73.6, NAN, 3.1, NAN, 341.6, NAN,1016.1,-7.63,280.15,-0.02,5.871,6.183,125.1,0.0,1438.972, NAN, NAN, NAN, NAN,,2024/04/01 07:40:33.041,2024-04-01 07:40:33.041000+00:00
2024/04/01, 07:41:33.041, 41.524, -70.672,0.14,24.57,124.55, 0.010, NAN,6.4, NAN,1014.0, NAN,0.0, NAN,102.0, NAN,322, NAN,3.2, NAN,73.5, NAN, 3.2, NAN, 346.5, NAN,1016.1,-7.59,279.91,-0.02,5.8709,6.183,125.1,0.0,1438.972, NAN, NAN, NAN, NAN,,2024/04/01 07:41:33.041,2024-04-01 07:41:33.041000+00:00
2024/04/01, 07:42:33.041, 41.524, -70.672,-0.05,24.59,160.62, 0.000, NAN,6.4, NAN,1014.0, NAN,0.0, NAN,102.0, NAN,318, NAN,3.2, NAN,73.2, NAN, 3.2, NAN, 342.6, NAN,1016.1,-7.64,280.07,-0.02,5.871,6.1835,125.4,0.0,1438.974, NAN, NAN, NAN, NAN,,2024/04/01 07:42:33.041,2024-04-01 07:42:33.041000+00:00
2024/04/01, 07:43:33.041, 41.524, -70.672,-0.11,24.62,152.77, 0.010, NAN,6.4, NAN,1014.0, NAN,0.0, NAN,102.0, NAN,318, NAN,3.2, NAN,72.8, NAN, 3.2, NAN, 342.5, NAN,1016.1,-7.64,280.02,-0.02,5.8709,6.1831,125.4,0.0,1438.972, NAN, NAN, NAN, NAN,,2024/04/01 07:43:33.041,2024-04-01 07:43:33.041000+00:00
2024/04/01, 07:44:33.041, 41.524, -70.672,-0.13,24.61,130.55, 0.000, NAN,6.4, NAN,1014.0, NAN,0.0, NAN,102.0, NAN,322, NAN,3.5, NAN,72.4, NAN, 3.5, NAN, 346.6, NAN,1016.1,-7.52,280.14,-0.02,5.871,6.1819,125.4,0.0,1438.967, NAN, NAN, NAN, NAN,,2024/04/01 07:44:33.041,2024-04-01 07:44:33.041000+00:00
2024/04/01, 07:45:33.041, 41.524, -70.672,-0.05,24.54,298.05, 0.010, NAN,6.4, NAN,1014.0, NAN,0.0, NAN,102.0, NAN,321, NAN,3.3, NAN,71.8, NAN, 3.3, NAN, 345.6, NAN,1016.1,-7.62,279.99,-0.02,5.8709,6.1805,125.1,0.0,1438.961, NAN, NAN, NAN, NAN,,2024/04/01 07:45:33.041,2024-04-01 07:45:33.041000+00:00
2024/04/01, 07:46:33.041, 41.524, -70.672,0.13,24.58,226.97, 0.000, NAN,6.4, NAN,1014.0, NAN,0.0, NAN,102.0, NAN,319, NAN,3.0, NAN,71.5, NAN, 3.0, NAN, 343.6, NAN,1016.1,-7.49,280.22,-0.02,5.871,6.1801,125.4,0.0,1438.96, NAN, NAN, NAN, NAN,,2024/04/01 07:46:33.041,2024-04-01 07:46:33.041000+00:00
2024/04/01, 07:47:33.041, 41.524, -70.672,-0.08,24.58,331.59, 0.010, NAN,6.4, NAN,1014.0, NAN,0.0, NAN,102.0, NAN,319, NAN,3.8, NAN,71.1, NAN, 3.8, NAN, 343.6, NAN,1016.1,-7.49,280.68,-0.03,5.871,6.1812,125.4,0.0,1438.964, NAN, NAN, NAN, NAN,,2024/04/01 07:47:33.041,2024-04-01 07:47:33.041000+00:00
2024/04/01, 07:48:33.041, 41.524, -70.672,0.03,24.56,196.95, 0.000, NAN,6.4, NAN,1014.0, NAN,0.0, NAN,102.0, NAN,322, NAN,3.7, NAN,70.8, NAN, 3.7, NAN, 346.6, NAN,1016.1,-7.37,281.19,-0.03,5.871,6.1823,124.8,0.0,1438.969, NAN, NAN, NAN, NAN,,2024/04/01 07:48:33.041,2024-04-01 07:48:33.041000+00:00
2024/04/01, 07:49:33.041, 41.524, -70.672,0.01,24.61,228.59, 0.010, NAN,6.4, NAN,1013.9, NAN,0.0, NAN,102.0, NAN,323, NAN,3.3, NAN,70.8, NAN, 3.3, NAN, 347.7, NAN,1016.0,-7.19,281.68,-0.03,5.8711,6.1824,125.4,0.0,1438.97, NAN, NAN, NAN, NAN,,2024/04/01 07:49:33.041,2024-04-01 07:49:33.041000+00:00
2024/04/01, 07:50:33.041, 41.524, -70.672,-0.09,24.52,264.58, 0.010, NAN,6.5, NAN,1014.0, NAN,0.0, NAN,102.0, NAN,319, NAN,3.4, NAN,70.9, NAN, 3.4, NAN, 343.6, NAN,1016.1,-7.19,282.11,-0.02,5.8711,6.1836,125.1,0.0,1438.975, NAN, NAN, NAN, NAN,,2024/04/01 07:50:33.041,2024-04-01 07:50:33.041000+00:00
2024/04/01, 07:51:33.041, 41.524, -70.672,-0.03,24.58,238.35, 0.000, NAN,6.5, NAN,1014.0, NAN,0.0, NAN,102.0, NAN,321, NAN,3.8, NAN,70.9, NAN, 3.8, NAN, 345.6, NAN,1016.1,-7.16,282.94,-0.03,5.8711,6.1836,123.9,0.0,1438.975, NAN, NAN, NAN, NAN,,2024/04/01 07:51:33.041,2024-04-01 07:51:33.041000+00:00
2024/04/01, 07:52:33.041, 41.524, -70.672,-0.07,24.55,123.16, 0.000, NAN,6.6, NAN,1014.0, NAN,0.0, NAN,102.0, NAN,320, NAN,3.7, NAN,71.1, NAN, 3.7, NAN, 344.6, NAN,1016.1,-7.23,283.42,-0.03,5.871,6.1827,124.8,0.0,1438.971, NAN, NAN, NAN, NAN,,2024/04/01 07:52:33.041,2024-04-01 07:52:33.041000+00:00
2024/04/01, 07:53:33.041, 41.524, -70.672,-0.04,24.59,287.96, 0.010, NAN,6.6, NAN,1014.0, NAN,0.0, NAN,102.0, NAN,322, NAN,3.5, NAN,71.3, NAN, 3.5, NAN, 346.7, NAN,1016.1,-7.11,284.24,-0.02,5.8711,6.1837,125.4,0.0,1438.975, NAN, NAN, NAN, NAN,,2024/04/01 07:53:33.041,2024-04-01 07:53:33.041000+00:00
2024/04/01, 07:54:33.041, 41.524, -70.672,-0.05,24.54,121.96, 0.010, NAN,6.6, NAN,1014.0, NAN,0.0, NAN,102.0, NAN,323, NAN,3.4, NAN,71.5, NAN, 3.4, NAN, 347.5, NAN,1016.1,-7.1,284.79,-0.02,5.871,6.1853,125.4,0.0,1438.982, NAN, NAN, NAN, NAN,,2024/04/01 07:54:33.041,2024-04-01 07:54:33.041000+00:00
2024/04/01, 07:55:33.042, 41.524, -70.672,-0.08,24.54,164.97, 0.010, NAN,6.6, NAN,1014.0, NAN,0.0, NAN,102.0, NAN,323, NAN,3.3, NAN,71.6, NAN, 3.3, NAN, 347.5, NAN,1016.1,-7.16,285.12,-0.02,5.8711,6.1853,125.1,0.0,1438.982, NAN, NAN, NAN, NAN,,2024/04/01 07:55:33.042,2024-04-01 07:55:33.042000+00:00
2024/04/01, 07:56:33.042, 41.524, -70.672,0.12,24.5,140.5, 0.000, NAN,6.6, NAN,1013.8, NAN,0.0, NAN,102.0, NAN,325, NAN,3.5, NAN,71.9, NAN, 3.5, NAN, 349.5, NAN,1015.9,-7.05,285.7,-0.02,5.8712,6.186,125.1,0.0,1438.985, NAN, NAN, NAN, NAN,,2024/04/01 07:56:33.042,2024-04-01 07:56:33.042000+00:00
2024/04/01, 07:57:33.042, 41.524, -70.672,-0.03,24.52,85.71, 0.010, NAN,6.6, NAN,1013.8, NAN,0.0, NAN,102.0, NAN,325, NAN,3.8, NAN,71.9, NAN, 3.8, NAN, 349.5, NAN,1015.9,-7.21,285.76,-0.02,5.8711,6.1863,125.1,0.0,1438.986, NAN, NAN, NAN, NAN,,2024/04/01 07:57:33.042,2024-04-01 07:57:33.042000+00:00
2024/04/01, 07:58:33.042, 41.524, -70.672,-0.05,24.5,113.47, 0.010, NAN,6.6, NAN,1013.8, NAN,0.0, NAN,102.0, NAN,325, NAN,4.0, NAN,71.9, NAN, 4.0, NAN, 349.4, NAN,1015.9,-7.09,285.77,-0.02,5.8712,6.187,123.6,0.0,1438.989, NAN, NAN, NAN, NAN,,2024/04/01 07:58:33.042,2024-04-01 07:58:33.042000+00:00
2024/04/01, 07:59:33.042, 41.524, -70.672,-0.06,24.51,255.54, 0.010, NAN,6.7, NAN,1013.7, NAN,0.0, NAN,102.0, NAN,328, NAN,3.3, NAN,72.2, NAN, 3.3, NAN, 352.6, NAN,1015.8,-6.92,285.27,-0.03,5.8712,6.1888,125.1,0.0,1438.997, NAN, NAN, NAN, NAN,,2024/04/01 07:59:33.042,2024-04-01 07:59:33.042000+00:00
2024/04/01, 08:00:33.042, 41.524, -70.672,0.0,24.5,333.04, 0.000, NAN,6.7, NAN,1013.6, NAN,0.0, NAN,102.0, NAN,337, NAN,2.2, NAN,72.2, NAN, 2.2, NAN, 1.5, NAN,1015.7,-6.96,285.03,-0.02,5.8711,6.1893,125.4,0.0,1438.999, NAN, NAN, NAN, NAN,,2024/04/01 08:00:33.042,2024-04-01 08:00:33.042000+00:00
2024/04/01, 08:01:33.042, 41.524, -70.672,-0.13,24.36,289.77, 0.000, NAN,6.7, NAN,1013.6, NAN,0.0, NAN,102.0, NAN,342, NAN,1.6, NAN,71.5, NAN, 1.6, NAN, 6.4, NAN,1015.7,-6.93,284.64,-0.03,5.8711,6.188,124.8,0.0,1438.994, NAN, NAN, NAN, NAN,,2024/04/01 08:01:33.042,2024-04-01 08:01:33.042000+00:00
2024/04/01, 08:02:33.042, 41.524, -70.672,-0.14,24.27,295.68, 0.010, NAN,6.6, NAN,1013.6, NAN,0.0, NAN,102.0, NAN,347, NAN,1.8, NAN,71.0, NAN, 1.8, NAN, 11.4, NAN,1015.7,-6.89,284.63,-0.03,5.8712,6.1881,125.4,0.0,1438.994, NAN, NAN, NAN, NAN,,2024/04/01 08:02:33.042,2024-04-01 08:02:33.042000+00:00
2024/04/01, 08:03:33.042, NAN, NAN,-0.08,24.13,213.64, NAN, NAN,6.5, NAN,1013.5, NAN,0.0, NAN,102.0, NAN,343, NAN,1.4, NAN,71.7, NAN, NAN, NAN, NAN, NAN,1015.6,-6.97,284.55,-0.03,5.8711,6.1896,124.8,0.0,1439.0, NAN, NAN, NAN, NAN,,2024/04/01 08:03:33.042,2024-04-01 08:03:33.042000+00:00
2024/04/01, 08:04:33.042, 41.524, -70.672,-0.09,24.05,239.21, 0.090, NAN,6.5, NAN,1013.5, NAN,0.0, NAN,102.0, NAN,343, NAN,1.5, NAN,72.6, NAN, 1.5, NAN, 8.5, NAN,1015.6,-6.87,284.22,-0.02,5.8712,6.192,125.1,0.0,1439.011, NAN, NAN, NAN, NAN,,2024/04/01 08:04:33.042,2024-04-01 08:04:33.042000+00:00
2024/04/01, 08:05:33.042, 41.524, -70.672,0.01,24.15,320.0, 0.010, NAN,6.5, NAN,1013.5, NAN,0.0, NAN,102.0, NAN,340, NAN,1.6, NAN,72.6, NAN, 1.6, NAN, 4.0, NAN,1015.6,-6.87,284.18,-0.03,5.8712,6.1945,125.1,0.0,1439.022, NAN, NAN, NAN, NAN,,2024/04/01 08:05:33.042,2024-04-01 08:05:33.042000+00:00
2024/04/01, 08:06:33.042, 41.524, -70.672,-0.06,24.31,133.06, 0.010, NAN,6.5, NAN,1013.5, NAN,0.0, NAN,102.0, NAN,332, NAN,2.3, NAN,72.6, NAN, 2.3, NAN, 356.2, NAN,1015.6,-7.02,284.45,-0.03,5.8711,6.1941,125.1,0.0,1439.02, NAN, NAN, NAN, NAN,,2024/04/01 08:06:33.042,2024-04-01 08:06:33.042000+00:00
2024/04/01, 08:07:33.042, 41.524, -70.672,0.07,24.4,141.76, 0.000, NAN,6.5, NAN,1013.5, NAN,0.0, NAN,102.0, NAN,329, NAN,3.7, NAN,73.7, NAN, 3.7, NAN, 353.4, NAN,1015.6,-7.01,284.76,-0.03,5.8711,6.1946,125.1,0.0,1439.022, NAN, NAN, NAN, NAN,,2024/04/01 08:07:33.042,2024-04-01 08:07:33.042000+00:00
2024/04/01, 08:08:33.042, 41.524, -70.672,-0.14,24.53,175.53, 0.030, NAN,6.6, NAN,1013.5, NAN,0.0, NAN,102.0, NAN,332, NAN,2.4, NAN,74.8, NAN, 2.4, NAN, 356.7, NAN,1015.6,-6.96,285.08,-0.02,5.8711,6.1961,125.7,0.0,1439.028, NAN, NAN, NAN, NAN,,2024/04/01 08:08:33.042,2024-04-01 08:08:33.042000+00:00
2024/04/01, 08:09:33.042, 41.524, -70.672,0.05,24.48,289.39, 0.000, NAN,6.6, NAN,1013.6, NAN,0.0, NAN,102.0, NAN,334, NAN,2.0, NAN,75.3, NAN, 2.0, NAN, 358.5, NAN,1015.7,-6.97,285.52,-0.02,5.8712,6.1962,125.4,0.0,1439.029, NAN, NAN, NAN, NAN,,2024/04/01 08:09:33.042,2024-04-01 08:09:33.042000+00:00
2024/04/01, 08:10:33.042, 41.524, -70.672,0.02,24.4,298.15, 0.010, NAN,6.6, NAN,1013.6, NAN,0.0, NAN,102.0, NAN,340, NAN,1.7, NAN,75.3, NAN, 1.7, NAN, 4.5, NAN,1015.7,-6.92,285.85,-0.03,5.8711,6.1966,125.7,0.0,1439.03, NAN, NAN, NAN, NAN,,2024/04/01 08:10:33.042,2024-04-01 08:10:33.042000+00:00
2024/04/01, 08:11:33.043, 41.524, -70.672,-0.07,24.36,266.51, 0.000, NAN,6.6, NAN,1013.6, NAN,0.0, NAN,102.0, NAN,340, NAN,1.7, NAN,75.4, NAN, 1.7, NAN, 4.4, NAN,1015.7,-6.84,285.68,-0.03,5.8711,6.1971,124.8,0.0,1439.033, NAN, NAN, NAN, NAN,,2024/04/01 08:11:33.043,2024-04-01 08:11:33.043000+00:00
2024/04/01, 08:12:33.043, 41.524, -70.672,-0.09,24.34,131.43, 0.000, NAN,6.6, NAN,1013.6, NAN,0.0, NAN,102.0, NAN,344, NAN,1.5, NAN,75.4, NAN, 1.5, NAN, 8.3, NAN,1015.7,-6.79,285.64,-0.03,5.871,6.1979,125.1,0.0,1439.036, NAN, NAN, NAN, NAN,,2024/04/01 08:12:33.043,2024-04-01 08:12:33.043000+00:00
2024/04/01, 08:13:33.043, 41.524, -70.672,-0.16,24.38,282.19, 0.000, NAN,6.6, NAN,1013.6, NAN,0.0, NAN,102.0, NAN,343, NAN,1.6, NAN,75.5, NAN, 1.6, NAN, 7.4, NAN,1015.7,-6.84,285.77,-0.03,5.8711,6.199,125.1,0.0,1439.041, NAN, NAN, NAN, NAN,,2024/04/01 08:13:33.043,2024-04-01 08:13:33.043000+00:00
2024/04/01, 08:14:33.043, 41.524, -70.672,-0.13,24.33,319.63, 0.010, NAN,6.6, NAN,1013.6, NAN,0.0, NAN,102.0, NAN,337, NAN,1.4, NAN,76.1, NAN, 1.4, NAN, 1.5, NAN,1015.7,-6.92,285.77,-0.03,5.8712,6.1975,125.4,0.0,1439.034, NAN, NAN, NAN, NAN,,2024/04/01 08:14:33.043,2024-04-01 08:14:33.043000+00:00
2024/04/01, 08:15:33.043, 41.524, -70.672,-0.29,24.29,307.66, 0.010, NAN,6.6, NAN,1013.6, NAN,0.0, NAN,102.0, NAN,346, NAN,1.3, NAN,76.9, NAN, 1.3, NAN, 10.5, NAN,1015.7,-6.92,285.93,-0.03,5.8711,6.1954,125.4,0.0,1439.025, NAN, NAN, NAN, NAN,,2024/04/01 08:15:33.043,2024-04-01 08:15:33.043000+00:00
2024/04/01, 08:16:33.043, 41.524, -70.672,-0.12,24.23,149.78, 0.000, NAN,6.6, NAN,1013.6, NAN,0.0, NAN,102.0, NAN,342, NAN,1.2, NAN,77.4, NAN, 1.2, NAN, 6.2, NAN,1015.7,-6.9,286.17,-0.03,5.8711,6.1929,125.4,0.0,1439.015, NAN, NAN, NAN, NAN,,2024/04/01 08:16:33.043,2024-04-01 08:16:33.043000+00:00
2024/04/01, 08:17:33.043, 41.524, -70.672,-0.18,24.24,90.22, 0.000, NAN,6.6, NAN,1013.5, NAN,0.0, NAN,102.0, NAN,8, NAN,1.0, NAN,78.0, NAN, 1.0, NAN, 32.2, NAN,1015.6,-7.04,285.73,-0.03,5.8711,6.1911,125.4,0.0,1439.007, NAN, NAN, NAN, NAN,,2024/04/01 08:17:33.043,2024-04-01 08:17:33.043000+00:00
2024/04/01, 08:18:33.043, 41.524, -70.672,-0.27,24.35,169.59, 0.010, NAN,6.6, NAN,1013.4, NAN,0.0, NAN,102.0, NAN,22, NAN,1.1, NAN,78.1, NAN, 1.1, NAN, 46.1, NAN,1015.5,-7.14,285.41,-0.03,5.8712,6.189,125.1,0.0,1438.998, NAN, NAN, NAN, NAN,,2024/04/01 08:18:33.043,2024-04-01 08:18:33.043000+00:00
2024/04/01, 08:19:33.043, 41.524, -70.672,-0.32,24.53,4.32, 0.010, NAN,6.6, NAN,1013.4, NAN,0.0, NAN,102.0, NAN,43, NAN,3.1, NAN,78.3, NAN, 3.1, NAN, 67.6, NAN,1015.5,-7.27,284.57,-0.03,5.8711,6.188,125.4,0.0,1438.994, NAN, NAN, NAN, NAN,,2024/04/01 08:19:33.043,2024-04-01 08:19:33.043000+00:00
2024/04/01, 08:20:33.043, 41.524, -70.672,0.05,24.53,294.0, 0.010, NAN,6.5, NAN,1013.5, NAN,0.0, NAN,102.0, NAN,59, NAN,2.9, NAN,77.9, NAN, 2.9, NAN, 83.6, NAN,1015.6,-7.32,283.9,-0.03,5.8711,6.1881,125.1,0.0,1438.994, NAN, NAN, NAN, NAN,,2024/04/01 08:20:33.043,2024-04-01 08:20:33.043000+00:00
2024/04/01, 08:21:33.043, 41.524, -70.672,-0.2,24.48,273.24, 0.010, NAN,6.4, NAN,1013.6, NAN,0.0, NAN,102.0, NAN,64, NAN,2.9, NAN,76.4, NAN, 2.9, NAN, 88.4, NAN,1015.7,-7.45,283.53,-0.03,5.871,6.1877,125.1,0.0,1438.992, NAN, NAN, NAN, NAN,,2024/04/01 08:21:33.043,2024-04-01 08:21:33.043000+00:00
2024/04/01, 08:22:33.043, 41.524, -70.672,-0.23,24.49,311.78, 0.000, NAN,6.2, NAN,1013.6, NAN,0.0, NAN,102.0, NAN,70, NAN,2.7, NAN,74.8, NAN, 2.7, NAN, 94.5, NAN,1015.7,-7.52,282.34,-0.03,5.871,6.1867,125.1,0.0,1438.988, NAN, NAN, NAN, NAN,,2024/04/01 08:22:33.043,2024-04-01 08:22:33.043000+00:00
2024/04/01, 08:23:33.043, 41.524, -70.672,-0.18,24.53,44.13, 0.000, NAN,5.9, NAN,1013.7, NAN,0.0, NAN,102.0, NAN,66, NAN,2.8, NAN,73.2, NAN, 2.8, NAN, 90.5, NAN,1015.8,-7.69,282.13,-0.03,5.8711,6.1864,124.8,0.0,1438.987, NAN, NAN, NAN, NAN,,2024/04/01 08:23:33.043,2024-04-01 08:23:33.043000+00:00
2024/04/01, 08:24:33.043, 41.524, -70.672,-0.15,24.45,320.55, 0.010, NAN,5.7, NAN,1013.7, NAN,0.0, NAN,102.0, NAN,60, NAN,2.9, NAN,74.4, NAN, 2.9, NAN, 84.5, NAN,1015.8,-7.91,282.47,-0.03,5.8712,6.1869,125.4,0.0,1438.989, NAN, NAN, NAN, NAN,,2024/04/01 08:24:33.043,2024-04-01 08:24:33.043000+00:00
2024/04/01, 08:25:33.043, 41.524, -70.672,-0.15,24.53,130.28, 0.010, NAN,5.5, NAN,1013.8, NAN,0.0, NAN,102.0, NAN,56, NAN,2.9, NAN,75.8, NAN, 2.9, NAN, 80.4, NAN,1015.9,-7.98,281.91,-0.03,5.8711,6.188,125.4,0.0,1438.994, NAN, NAN, NAN, NAN,,2024/04/01 08:25:33.043,2024-04-01 08:25:33.043000+00:00
2024/04/01, 08:26:33.043, 41.524, -70.672,0.01,24.52,163.16, 0.010, NAN,5.4, NAN,1013.8, NAN,0.0, NAN,102.0, NAN,56, NAN,3.1, NAN,76.6, NAN, 3.1, NAN, 80.5, NAN,1015.9,-8.08,283.04,-0.02,5.8712,6.1891,124.8,0.0,1438.998, NAN, NAN, NAN, NAN,,2024/04/01 08:26:33.043,2024-04-01 08:26:33.043000+00:00
2024/04/01, 08:27:33.043, 41.524, -70.672,-0.06,24.56,275.4, 0.000, NAN,5.4, NAN,1013.8, NAN,0.0, NAN,102.0, NAN,49, NAN,3.5, NAN,77.6, NAN, 3.5, NAN, 73.6, NAN,1015.9,-7.89,283.61,-0.03,5.8711,6.1911,125.1,0.0,1439.007, NAN, NAN, NAN, NAN,,2024/04/01 08:27:33.043,2024-04-01 08:27:33.043000+00:00
2024/04/01, 08:28:33.043, 41.524, -70.672,-0.03,24.53,282.55, 0.010, NAN,5.4, NAN,1013.7, NAN,0.0, NAN,102.0, NAN,47, NAN,3.4, NAN,77.3, NAN, 3.4, NAN, 71.6, NAN,1015.8,-7.92,284.38,-0.03,5.8712,6.1928,125.1,0.0,1439.014, NAN, NAN, NAN, NAN,,2024/04/01 08:28:33.043,2024-04-01 08:28:33.043000+00:00
2024/04/01, 08:29:33.044, 41.524, -70.672,-0.09,24.51,145.11, 0.000, NAN,5.5, NAN,1013.7, NAN,0.0, NAN,102.0, NAN,48, NAN,3.3, NAN,77.0, NAN, 3.3, NAN, 72.5, NAN,1015.8,-7.64,283.69,-0.03,5.8711,6.1957,125.1,0.0,1439.027, NAN, NAN, NAN, NAN,,2024/04/01 08:29:33.044,2024-04-01 08:29:33.044000+00:00
2024/04/01, 08:30:33.044, 41.524, -70.672,-0.04,24.44,310.83, 0.010, NAN,5.5, NAN,1013.7, NAN,0.0, NAN,102.0, NAN,43, NAN,3.1, NAN,76.4, NAN, 3.1, NAN, 67.4, NAN,1015.8,-7.65,283.89,-0.03,5.8711,6.1985,125.4,0.7,1439.039, NAN, NAN, NAN, NAN,,2024/04/01 08:30:33.044,2024-04-01 08:30:33.044000+00:00
2024/04/01, 08:31:33.044, 41.524, -70.672,0.08,24.49,285.19, 0.010, NAN,5.5, NAN,1013.7, NAN,0.0, NAN,102.0, NAN,43, NAN,3.3, NAN,76.1, NAN, 3.3, NAN, 67.5, NAN,1015.8,-7.61,284.48,-0.03,5.8711,6.2007,125.1,0.0,1439.048, NAN, NAN, NAN, NAN,,2024/04/01 08:31:33.044,2024-04-01 08:31:33.044000+00:00
2024/04/01, 08:32:33.044, 41.524, -70.672,-0.13,24.56,112.8, 0.010, NAN,5.4, NAN,1013.6, NAN,0.0, NAN,102.0, NAN,41, NAN,3.5, NAN,75.8, NAN, 3.5, NAN, 65.5, NAN,1015.7,-7.61,285.01,-0.03,5.8711,6.2031,124.8,0.0,1439.058, NAN, NAN, NAN, NAN,,2024/04/01 08:32:33.044,2024-04-01 08:32:33.044000+00:00
2024/04/01, 08:33:33.044, 41.524, -70.672,-0.09,24.48,56.8, 0.010, NAN,5.5, NAN,1013.6, NAN,0.0, NAN,102.0, NAN,44, NAN,3.1, NAN,75.5, NAN, 3.1, NAN, 68.4, NAN,1015.7,-7.52,285.81,-0.03,5.8711,6.2057,124.8,0.0,1439.069, NAN, NAN, NAN, NAN,,2024/04/01 08:33:33.044,2024-04-01 08:33:33.044000+00:00
2024/04/01, 08:34:33.044, 41.524, -70.672,-0.09,24.4,230.48, 0.010, NAN,5.6, NAN,1013.6, NAN,0.0, NAN,102.0, NAN,49, NAN,3.7, NAN,75.2, NAN, 3.7, NAN, 73.4, NAN,1015.7,-7.45,285.62,-0.03,5.8712,6.2083,124.8,0.0,1439.081, NAN, NAN, NAN, NAN,,2024/04/01 08:34:33.044,2024-04-01 08:34:33.044000+00:00
2024/04/01, 08:35:33.044, 41.524, -70.672,-0.25,24.33,105.3, 0.010, NAN,5.6, NAN,1013.6, NAN,0.0, NAN,102.0, NAN,38, NAN,3.5, NAN,74.5, NAN, 3.5, NAN, 62.3, NAN,1015.7,-7.51,286.37,-0.03,5.8712,6.2121,125.1,0.0,1439.097, NAN, NAN, NAN, NAN,,2024/04/01 08:35:33.044,2024-04-01 08:35:33.044000+00:00
2024/04/01, 08:36:33.044, 41.524, -70.672,-0.13,24.44,148.43, 0.010, NAN,5.6, NAN,1013.7, NAN,0.0, NAN,102.0, NAN,36, NAN,3.6, NAN,74.4, NAN, 3.6, NAN, 60.4, NAN,1015.8,-7.27,286.47,-0.03,5.8712,6.2157,124.8,0.0,1439.112, NAN, NAN, NAN, NAN,,2024/04/01 08:36:33.044,2024-04-01 08:36:33.044000+00:00
2024/04/01, 08:37:33.044, 41.524, -70.672,-0.03,24.54,344.32, 0.000, NAN,5.6, NAN,1013.7, NAN,0.0, NAN,102.0, NAN,34, NAN,3.6, NAN,74.4, NAN, 3.6, NAN, 58.5, NAN,1015.8,-7.3,286.43,-0.03,5.8712,6.2188,125.1,0.0,1439.126, NAN, NAN, NAN, NAN,,2024/04/01 08:37:33.044,2024-04-01 08:37:33.044000+00:00
2024/04/01, 08:38:33.044, 41.524, -70.672,0.03,24.53,116.51, 0.010, NAN,5.7, NAN,1013.7, NAN,0.0, NAN,102.0, NAN,35, NAN,3.7, NAN,74.6, NAN, 3.7, NAN, 59.5, NAN,1015.8,-7.1,287.17,-0.03,5.8712,6.2214,124.8,0.0,1439.137, NAN, NAN, NAN, NAN,,2024/04/01 08:38:33.044,2024-04-01 08:38:33.044000+00:00
2024/04/01, 08:39:33.044, 41.524, -70.672,-0.07,24.53,146.45, 0.010, NAN,5.9, NAN,1013.7, NAN,0.0, NAN,102.0, NAN,37, NAN,3.2, NAN,74.7, NAN, 3.2, NAN, 61.5, NAN,1015.8,-6.98,286.86,-0.03,5.8711,6.2225,125.1,0.0,1439.141, NAN, NAN, NAN, NAN,,2024/04/01 08:39:33.044,2024-04-01 08:39:33.044000+00:00
2024/04/01, 08:40:33.044, 41.524, -70.672,0.14,24.56,177.58, 0.010, NAN,5.9, NAN,1013.6, NAN,0.0, NAN,102.0, NAN,36, NAN,3.5, NAN,74.3, NAN, 3.5, NAN, 60.5, NAN,1015.7,-6.91,286.42,-0.03,5.8713,6.2239,124.8,0.0,1439.148, NAN, NAN, NAN, NAN,,2024/04/01 08:40:33.044,2024-04-01 08:40:33.044000+00:00
2024/04/01, 08:41:33.044, 41.524, -70.672,0.05,24.54,40.54, 0.010, NAN,6.0, NAN,1013.6, NAN,0.0, NAN,102.0, NAN,35, NAN,3.0, NAN,74.0, NAN, 3.0, NAN, 59.6, NAN,1015.7,-6.85,286.17,-0.03,5.8712,6.227,125.1,0.0,1439.161, NAN, NAN, NAN, NAN,,2024/04/01 08:41:33.044,2024-04-01 08:41:33.044000+00:00
2024/04/01, 08:42:33.044, 41.524, -70.672,0.04,24.33,102.15, 0.000, NAN,6.0, NAN,1013.6, NAN,0.0, NAN,102.0, NAN,39, NAN,2.8, NAN,73.6, NAN, 2.8, NAN, 63.3, NAN,1015.7,-6.94,285.59,-0.03,5.8711,6.2299,123.9,0.0,1439.173, NAN, NAN, NAN, NAN,,2024/04/01 08:42:33.044,2024-04-01 08:42:33.044000+00:00
2024/04/01, 08:43:33.044, 41.524, -70.672,0.03,24.14,291.62, 0.010, NAN,6.0, NAN,1013.6, NAN,0.0, NAN,102.0, NAN,36, NAN,2.9, NAN,73.1, NAN, 2.9, NAN, 60.1, NAN,1015.7,-7.24,286.03,-0.03,5.8711,6.2329,124.4,0.0,1439.186, NAN, NAN, NAN, NAN,,2024/04/01 08:43:33.044,2024-04-01 08:43:33.044000+00:00
2024/04/01, 08:44:33.044, 41.524, -70.672,-0.06,24.14,228.01, 0.000, NAN,5.9, NAN,1013.7, NAN,0.0, NAN,102.0, NAN,33, NAN,2.6, NAN,73.2, NAN, 2.6, NAN, 57.1, NAN,1015.8,-7.45,286.66,-0.03,5.8712,6.2347,125.7,0.0,1439.194, NAN, NAN, NAN, NAN,,2024/04/01 08:44:33.044,2024-04-01 08:44:33.044000+00:00
2024/04/01, 08:45:33.044, 41.524, -70.672,-0.07,24.35,26.45, 0.010, NAN,5.8, NAN,1013.7, NAN,0.0, NAN,102.0, NAN,34, NAN,2.7, NAN,73.6, NAN, 2.7, NAN, 58.3, NAN,1015.8,-7.56,286.86,-0.03,5.8711,6.2369,125.1,0.0,1439.203, NAN, NAN, NAN, NAN,,2024/04/01 08:45:33.044,2024-04-01 08:45:33.044000+00:00
2024/04/01, 08:46:33.045, 41.524, -70.672,-0.04,24.59,292.47, 0.010, NAN,5.7, NAN,1013.7, NAN,0.0, NAN,102.0, NAN,45, NAN,2.6, NAN,74.1, NAN, 2.6, NAN, 69.7, NAN,1015.8,-7.61,286.47,-0.03,5.8711,6.2375,125.7,0.0,1439.206, NAN, NAN, NAN, NAN,,2024/04/01 08:46:33.045,2024-04-01 08:46:33.045000+00:00
2024/04/01, 08:47:33.045, 41.524, -70.672,0.02,24.52,292.03, 0.020, NAN,5.7, NAN,1013.7, NAN,0.0, NAN,102.0, NAN,72, NAN,2.0, NAN,74.4, NAN, 2.0, NAN, 96.6, NAN,1015.8,-7.71,285.04,-0.02,5.8711,6.2358,125.1,0.0,1439.198, NAN, NAN, NAN, NAN,,2024/04/01 08:47:33.045,2024-04-01 08:47:33.045000+00:00
2024/04/01, 08:48:33.045, 41.524, -70.672,-0.05,24.09,292.83, 0.020, NAN,5.6, NAN,1013.6, NAN,0.0, NAN,102.0, NAN,61, NAN,2.3, NAN,74.7, NAN, 2.3, NAN, 85.1, NAN,1015.7,-7.63,286.03,-0.03,5.8712,6.2348,124.8,0.0,1439.194, NAN, NAN, NAN, NAN,,2024/04/01 08:48:33.045,2024-04-01 08:48:33.045000+00:00
2024/04/01, 08:49:33.045, 41.524, -70.672,-0.09,24.15,110.19, 0.020, NAN,5.5, NAN,1013.6, NAN,0.0, NAN,102.0, NAN,52, NAN,2.7, NAN,74.7, NAN, 2.7, NAN, 76.1, NAN,1015.7,-7.54,285.49,-0.03,5.8711,6.2353,124.8,0.0,1439.196, NAN, NAN, NAN, NAN,,2024/04/01 08:49:33.045,2024-04-01 08:49:33.045000+00:00
2024/04/01, 08:50:33.045, 41.524, -70.672,-0.14,24.44,118.31, 0.010, NAN,5.4, NAN,1013.6, NAN,0.0, NAN,102.0, NAN,63, NAN,3.3, NAN,75.6, NAN, 3.3, NAN, 87.4, NAN,1015.7,-7.42,285.65,-0.03,5.8711,6.2363,124.8,0.0,1439.201, NAN, NAN, NAN, NAN,,2024/04/01 08:50:33.045,2024-04-01 08:50:33.045000+00:00
2024/04/01, 08:51:33.045, 41.524, -70.672,-0.11,24.62,294.6, 0.020, NAN,5.3, NAN,1013.6, NAN,0.0, NAN,102.0, NAN,37, NAN,3.1, NAN,76.0, NAN, 3.1, NAN, 61.7, NAN,1015.7,-7.4,287.72,-0.03,5.8711,6.2379,126.0,0.0,1439.207, NAN, NAN, NAN, NAN,,2024/04/01 08:51:33.045,2024-04-01 08:51:33.045000+00:00
2024/04/01, 08:52:33.045, 41.524, -70.672,-0.05,24.85,74.77, 0.010, NAN,5.3, NAN,1013.5, NAN,0.0, NAN,102.0, NAN,63, NAN,2.1, NAN,76.0, NAN, 2.1, NAN, 87.9, NAN,1015.6,-7.33,285.68,-0.03,5.871,6.2397,125.1,0.0,1439.215, NAN, NAN, NAN, NAN,,2024/04/01 08:52:33.045,2024-04-01 08:52:33.045000+00:00
2024/04/01, 08:53:33.045, 41.524, -70.672,0.09,24.03,249.77, 0.010, NAN,5.4, NAN,1013.5, NAN,0.0, NAN,102.0, NAN,57, NAN,2.8, NAN,75.7, NAN, 2.8, NAN, 81.0, NAN,1015.6,-7.22,286.64,-0.03,5.8711,6.2412,124.8,0.0,1439.222, NAN, NAN, NAN, NAN,,2024/04/01 08:53:33.045,2024-04-01 08:53:33.045000+00:00
2024/04/01, 08:54:33.045, 41.524, -70.672,0.09,24.09,323.45, 0.010, NAN,5.3, NAN,1013.5, NAN,0.0, NAN,102.0, NAN,51, NAN,2.7, NAN,76.4, NAN, 2.7, NAN, 75.2, NAN,1015.6,-7.34,286.07,-0.02,5.871,6.2412,125.4,0.0,1439.221, NAN, NAN, NAN, NAN,,2024/04/01 08:54:33.045,2024-04-01 08:54:33.045000+00:00
2024/04/01, 08:55:33.045, 41.524, -70.672,0.13,24.62,162.25, 0.010, NAN,5.3, NAN,1013.5, NAN,0.0, NAN,102.0, NAN,49, NAN,3.0, NAN,76.4, NAN, 3.0, NAN, 73.5, NAN,1015.6,-7.33,287.19,-0.03,5.871,6.2415,125.1,0.0,1439.223, NAN, NAN, NAN, NAN,,2024/04/01 08:55:33.045,2024-04-01 08:55:33.045000+00:00
2024/04/01, 08:56:33.045, 41.524, -70.672,0.04,24.83,99.19, 0.010, NAN,5.2, NAN,1013.4, NAN,0.0, NAN,102.0, NAN,45, NAN,3.1, NAN,77.8, NAN, 3.1, NAN, 69.8, NAN,1015.5,-7.39,287.27,-0.03,5.8711,6.243,125.1,0.0,1439.229, NAN, NAN, NAN, NAN,,2024/04/01 08:56:33.045,2024-04-01 08:56:33.045000+00:00
2024/04/01, 08:57:33.045, 41.524, -70.672,0.08,24.47,244.63, 0.010, NAN,5.2, NAN,1013.4, NAN,0.0, NAN,102.0, NAN,50, NAN,2.8, NAN,78.5, NAN, 2.8, NAN, 74.4, NAN,1015.5,-7.43,287.74,-0.03,5.871,6.2442,125.1,0.0,1439.234, NAN, NAN, NAN, NAN,,2024/04/01 08:57:33.045,2024-04-01 08:57:33.045000+00:00
2024/04/01, 08:58:33.045, 41.524, -70.672,-0.06,24.43,146.49, 0.000, NAN,5.3, NAN,1013.3, NAN,0.0, NAN,102.0, NAN,56, NAN,2.9, NAN,78.9, NAN, 2.9, NAN, 80.4, NAN,1015.4,-7.21,287.95,-0.03,5.871,6.2445,124.2,0.0,1439.236, NAN, NAN, NAN, NAN,,2024/04/01 08:58:33.045,2024-04-01 08:58:33.045000+00:00
2024/04/01, 08:59:33.045, 41.524, -70.672,0.07,24.56,84.89, 0.020, NAN,5.4, NAN,1013.3, NAN,0.0, NAN,102.0, NAN,57, NAN,2.9, NAN,78.8, NAN, 2.9, NAN, 81.6, NAN,1015.4,-6.96,288.31,-0.03,5.871,6.2442,125.7,0.0,1439.234, NAN, NAN, NAN, NAN,,2024/04/01 08:59:33.045,2024-04-01 08:59:33.045000+00:00
2024/04/01, 09:00:33.045, 41.524, -70.672,0.1,24.78,206.92, 0.010, NAN,5.4, NAN,1013.3, NAN,0.0, NAN,102.0, NAN,59, NAN,2.4, NAN,78.8, NAN, 2.4, NAN, 83.7, NAN,1015.4,-6.91,288.87,-0.02,5.8711,6.2442,125.4,0.0,1439.234, NAN, NAN, NAN, NAN,,2024/04/01 09:00:33.045,2024-04-01 09:00:33.045000+00:00
2024/04/01, 09:01:33.045, 41.524, -70.672,-0.09,24.52,310.95, 0.010, NAN,5.4, NAN,1013.2, NAN,0.0, NAN,102.0, NAN,57, NAN,2.4, NAN,78.8, NAN, 2.4, NAN, 81.6, NAN,1015.3,-6.92,288.44,-0.03,5.871,6.2447,124.4,0.0,1439.236, NAN, NAN, NAN, NAN,,2024/04/01 09:01:33.045,2024-04-01 09:01:33.045000+00:00
2024/04/01, 09:02:33.045, 41.524, -70.672,-0.05,24.54,118.05, 0.010, NAN,5.4, NAN,1013.2, NAN,0.0, NAN,102.0, NAN,52, NAN,2.7, NAN,79.0, NAN, 2.7, NAN, 76.6, NAN,1015.3,-7.07,288.53,-0.03,5.871,6.2428,124.8,0.0,1439.228, NAN, NAN, NAN, NAN,,2024/04/01 09:02:33.045,2024-04-01 09:02:33.045000+00:00
2024/04/01, 09:03:33.045, 41.524, -70.672,0.06,24.77,281.35, 0.000, NAN,5.3, NAN,1013.2, NAN,0.0, NAN,102.0, NAN,64, NAN,2.4, NAN,79.6, NAN, 2.4, NAN, 88.8, NAN,1015.3,-7.19,288.78,-0.03,5.871,6.2366,124.4,0.0,1439.202, NAN, NAN, NAN, NAN,,2024/04/01 09:03:33.045,2024-04-01 09:03:33.045000+00:00
2024/04/01, 09:04:33.046, 41.524, -70.672,-0.04,24.82,246.06, 0.020, NAN,5.3, NAN,1013.3, NAN,0.0, NAN,102.0, NAN,54, NAN,2.4, NAN,80.2, NAN, 2.4, NAN, 79.0, NAN,1015.4,-7.06,288.22,-0.03,5.8711,6.2335,125.4,0.0,1439.189, NAN, NAN, NAN, NAN,,2024/04/01 09:04:33.046,2024-04-01 09:04:33.046000+00:00
2024/04/01, 09:05:33.046, 41.524, -70.672,-0.02,24.42,89.75, 0.010, NAN,5.2, NAN,1013.2, NAN,0.0, NAN,102.0, NAN,46, NAN,3.0, NAN,80.8, NAN, 3.0, NAN, 70.3, NAN,1015.3,-7.07,288.66,-0.02,5.8711,6.2305,125.4,0.0,1439.176, NAN, NAN, NAN, NAN,,2024/04/01 09:05:33.046,2024-04-01 09:05:33.046000+00:00
2024/04/01, 09:06:33.046, 41.524, -70.672,-0.07,24.52,332.67, 0.010, NAN,5.2, NAN,1013.2, NAN,0.0, NAN,102.0, NAN,49, NAN,2.7, NAN,81.3, NAN, 2.7, NAN, 73.6, NAN,1015.3,-7.13,288.08,-0.03,5.8712,6.2251,123.6,0.0,1439.153, NAN, NAN, NAN, NAN,,2024/04/01 09:06:33.046,2024-04-01 09:06:33.046000+00:00
2024/04/01, 09:07:33.046, 41.524, -70.672,-0.02,24.8,291.64, 0.010, NAN,5.2, NAN,1013.2, NAN,0.0, NAN,102.0, NAN,52, NAN,2.9, NAN,81.8, NAN, 2.9, NAN, 76.9, NAN,1015.3,-7.16,287.62,-0.03,5.8712,6.22,125.4,0.0,1439.131, NAN, NAN, NAN, NAN,,2024/04/01 09:07:33.046,2024-04-01 09:07:33.046000+00:00
2024/04/01, 09:08:33.046, 41.524, -70.672,0.09,24.66,148.86, 0.010, NAN,5.2, NAN,1013.2, NAN,0.0, NAN,102.0, NAN,54, NAN,2.5, NAN,82.3, NAN, 2.5, NAN, 78.6, NAN,1015.3,-7.05,287.45,-0.02,5.8712,6.2166,124.8,0.0,1439.116, NAN, NAN, NAN, NAN,,2024/04/01 09:08:33.046,2024-04-01 09:08:33.046000+00:00
2024/04/01, 09:09:33.046, 41.524, -70.672,-0.07,24.52,149.82, 0.010, NAN,5.2, NAN,1013.1, NAN,0.0, NAN,102.0, NAN,53, NAN,2.6, NAN,82.3, NAN, 2.6, NAN, 77.4, NAN,1015.2,-7.03,288.03,-0.03,5.8712,6.2146,124.8,0.0,1439.108, NAN, NAN, NAN, NAN,,2024/04/01 09:09:33.046,2024-04-01 09:09:33.046000+00:00
2024/04/01, 09:10:33.046, 41.524, -70.672,0.25,24.58,80.32, 0.010, NAN,5.2, NAN,1013.1, NAN,0.0, NAN,102.0, NAN,55, NAN,2.4, NAN,82.3, NAN, 2.4, NAN, 79.7, NAN,1015.2,-7.24,288.38,-0.03,5.8713,6.2144,125.1,0.0,1439.107, NAN, NAN, NAN, NAN,,2024/04/01 09:10:33.046,2024-04-01 09:10:33.046000+00:00
2024/04/01, 09:11:33.046, 41.524, -70.672,-0.05,24.65,258.96, 0.000, NAN,5.1, NAN,1013.0, NAN,0.0, NAN,102.0, NAN,49, NAN,3.3, NAN,82.7, NAN, 3.3, NAN, 73.7, NAN,1015.1,-7.25,289.19,-0.03,5.8713,6.2125,125.1,0.0,1439.099, NAN, NAN, NAN, NAN,,2024/04/01 09:11:33.046,2024-04-01 09:11:33.046000+00:00
2024/04/01, 09:12:33.046, 41.524, -70.672,-0.06,24.5,293.09, 0.010, NAN,5.1, NAN,1013.0, NAN,0.0, NAN,102.0, NAN,51, NAN,2.6, NAN,83.3, NAN, 2.6, NAN, 75.5, NAN,1015.1,-7.11,288.87,-0.03,5.8713,6.2102,125.1,0.0,1439.089, NAN, NAN, NAN, NAN,,2024/04/01 09:12:33.046,2024-04-01 09:12:33.046000+00:00
2024/04/01, 09:13:33.046, 41.524, -70.672,-0.01,24.61,121.02, 0.000, NAN,5.0, NAN,1013.0, NAN,0.0, NAN,102.0, NAN,48, NAN,3.3, NAN,83.5, NAN, 3.3, NAN, 72.6, NAN,1015.1,-7.24,289.46,-0.03,5.8714,6.2091,124.8,0.0,1439.084, NAN, NAN, NAN, NAN,,2024/04/01 09:13:33.046,2024-04-01 09:13:33.046000+00:00
2024/04/01, 09:14:33.046, 41.524, -70.672,-0.05,24.62,130.11, 0.010, NAN,5.0, NAN,1013.0, NAN,0.0, NAN,102.0, NAN,39, NAN,3.2, NAN,83.7, NAN, 3.2, NAN, 63.5, NAN,1015.1,-7.19,290.13,-0.02,5.8714,6.2065,124.8,0.0,1439.073, NAN, NAN, NAN, NAN,,2024/04/01 09:14:33.046,2024-04-01 09:14:33.046000+00:00
2024/04/01, 09:15:33.046, 41.524, -70.672,0.0,24.5,117.43, 0.000, NAN,5.1, NAN,1013.0, NAN,0.0, NAN,102.0, NAN,49, NAN,2.6, NAN,84.0, NAN, 2.6, NAN, 73.5, NAN,1015.1,-7.05,290.25,-0.02,5.8715,6.2043,124.8,0.0,1439.064, NAN, NAN, NAN, NAN,,2024/04/01 09:15:33.046,2024-04-01 09:15:33.046000+00:00
2024/04/01, 09:16:33.046, 41.524, -70.672,0.1,24.49,335.02, 0.010, NAN,5.1, NAN,1013.0, NAN,0.0, NAN,102.0, NAN,33, NAN,2.4, NAN,83.9, NAN, 2.4, NAN, 57.6, NAN,1015.1,-7.1,291.11,-0.03,5.8714,6.2031,124.8,0.0,1439.059, NAN, NAN, NAN, NAN,,2024/04/01 09:16:33.046,2024-04-01 09:16:33.046000+00:00
2024/04/01, 09:17:33.046, 41.524, -70.672,0.08,24.59,171.9, 0.000, NAN,5.1, NAN,1013.1, NAN,0.0, NAN,102.0, NAN,46, NAN,3.2, NAN,83.6, NAN, 3.2, NAN, 70.6, NAN,1015.2,-7.08,291.36,-0.03,5.8714,6.2024,125.1,0.0,1439.056, NAN, NAN, NAN, NAN,,2024/04/01 09:17:33.046,2024-04-01 09:17:33.046000+00:00
2024/04/01, 09:18:33.046, 41.524, -70.672,0.02,24.62,336.72, 0.010, NAN,5.1, NAN,1013.0, NAN,0.0, NAN,102.0, NAN,50, NAN,2.8, NAN,83.9, NAN, 2.8, NAN, 74.6, NAN,1015.1,-7.0,291.48,-0.02,5.8714,6.2026,125.1,0.0,1439.057, NAN, NAN, NAN, NAN,,2024/04/01 09:18:33.046,2024-04-01 09:18:33.046000+00:00
2024/04/01, 09:19:33.046, 41.524, -70.672,-0.16,24.57,128.86, 0.000, NAN,5.1, NAN,1013.0, NAN,0.0, NAN,102.0, NAN,48, NAN,3.6, NAN,83.8, NAN, 3.6, NAN, 72.6, NAN,1015.1,-6.95,292.09,-0.02,5.8715,6.2017,125.1,0.0,1439.053, NAN, NAN, NAN, NAN,,2024/04/01 09:19:33.046,2024-04-01 09:19:33.046000+00:00
2024/04/01, 09:20:33.046, 41.524, -70.672,-0.16,24.49,298.8, 0.010, NAN,5.1, NAN,1013.0, NAN,0.0, NAN,102.0, NAN,47, NAN,2.8, NAN,83.8, NAN, 2.8, NAN, 71.4, NAN,1015.1,-6.75,291.95,-0.03,5.8714,6.2003,125.1,0.0,1439.047, NAN, NAN, NAN, NAN,,2024/04/01 09:20:33.046,2024-04-01 09:20:33.046000+00:00
2024/04/01, 09:21:33.047, 41.524, -70.672,-0.05,24.55,338.19, 0.000, NAN,5.1, NAN,1013.1, NAN,0.0, NAN,102.0, NAN,43, NAN,3.2, NAN,83.9, NAN, 3.2, NAN, 67.6, NAN,1015.2,-6.63,291.51,-0.03,5.8714,6.1992,124.8,0.0,1439.042, NAN, NAN, NAN, NAN,,2024/04/01 09:21:33.047,2024-04-01 09:21:33.047000+00:00
2024/04/01, 09:22:33.047, 41.524, -70.672,0.05,24.53,305.6, 0.000, NAN,5.2, NAN,1013.2, NAN,0.0, NAN,102.0, NAN,50, NAN,4.4, NAN,83.8, NAN, 4.4, NAN, 74.5, NAN,1015.3,-6.45,291.85,-0.03,5.8714,6.199,124.8,0.0,1439.041, NAN, NAN, NAN, NAN,,2024/04/01 09:22:33.047,2024-04-01 09:22:33.047000+00:00
2024/04/01, 09:23:33.047, 41.524, -70.672,-0.11,24.31,280.31, 0.010, NAN,5.2, NAN,1013.2, NAN,0.0, NAN,102.0, NAN,56, NAN,4.3, NAN,83.8, NAN, 4.3, NAN, 80.3, NAN,1015.3,-6.32,291.37,-0.02,5.8714,6.1991,124.8,0.0,1439.042, NAN, NAN, NAN, NAN,,2024/04/01 09:23:33.047,2024-04-01 09:23:33.047000+00:00
2024/04/01, 09:24:33.047, 41.524, -70.672,0.02,24.02,260.83, 0.020, NAN,5.3, NAN,1013.2, NAN,0.0, NAN,102.0, NAN,34, NAN,4.1, NAN,83.4, NAN, 4.1, NAN, 58.1, NAN,1015.3,-6.27,291.16,-0.02,5.8715,6.1985,124.4,0.0,1439.039, NAN, NAN, NAN, NAN,,2024/04/01 09:24:33.047,2024-04-01 09:24:33.047000+00:00
2024/04/01, 09:25:33.047, 41.524, -70.672,0.06,23.75,233.32, 0.010, NAN,5.3, NAN,1013.2, NAN,0.0, NAN,102.0, NAN,48, NAN,4.6, NAN,83.3, NAN, 4.6, NAN, 71.7, NAN,1015.3,-6.34,291.17,-0.03,5.8715,6.1976,124.8,0.0,1439.035, NAN, NAN, NAN, NAN,,2024/04/01 09:25:33.047,2024-04-01 09:25:33.047000+00:00
2024/04/01, 09:26:33.047, 41.524, -70.672,-0.02,24.09,264.58, 0.000, NAN,5.3, NAN,1013.2, NAN,0.0, NAN,102.0, NAN,58, NAN,5.1, NAN,83.7, NAN, 5.1, NAN, 82.1, NAN,1015.3,-6.19,291.9,-0.03,5.8714,6.1981,124.2,0.0,1439.037, NAN, NAN, NAN, NAN,,2024/04/01 09:26:33.047,2024-04-01 09:26:33.047000+00:00
2024/04/01, 09:27:33.047, 41.524, -70.672,-0.07,24.13,344.88, 0.010, NAN,5.4, NAN,1013.3, NAN,0.0, NAN,102.0, NAN,39, NAN,5.0, NAN,84.0, NAN, 5.0, NAN, 63.2, NAN,1015.4,-6.07,291.48,-0.03,5.8714,6.1967,125.4,0.0,1439.031, NAN, NAN, NAN, NAN,,2024/04/01 09:27:33.047,2024-04-01 09:27:33.047000+00:00
2024/04/01, 09:28:33.047, 41.524, -70.672,0.04,24.19,308.82, 0.010, NAN,5.4, NAN,1013.3, NAN,0.0, NAN,102.0, NAN,33, NAN,3.1, NAN,83.8, NAN, 3.1, NAN, 57.2, NAN,1015.4,-6.06,290.79,-0.02,5.8715,6.1938,125.4,0.0,1439.019, NAN, NAN, NAN, NAN,,2024/04/01 09:28:33.047,2024-04-01 09:28:33.047000+00:00
2024/04/01, 09:29:33.047, 41.524, -70.672,0.09,24.46,151.94, 0.000, NAN,5.4, NAN,1013.4, NAN,0.0, NAN,102.0, NAN,39, NAN,3.8, NAN,83.8, NAN, 3.8, NAN, 63.5, NAN,1015.5,-6.03,290.5,-0.02,5.8715,6.1918,125.4,0.0,1439.01, NAN, NAN, NAN, NAN,,2024/04/01 09:29:33.047,2024-04-01 09:29:33.047000+00:00
2024/04/01, 09:30:33.047, 41.524, -70.672,0.05,24.31,219.77, 0.010, NAN,5.4, NAN,1013.5, NAN,0.0, NAN,102.0, NAN,51, NAN,3.6, NAN,83.7, NAN, 3.6, NAN, 75.4, NAN,1015.6,-6.05,290.25,-0.03,5.8715,6.1905,125.4,0.0,1439.005, NAN, NAN, NAN, NAN,,2024/04/01 09:30:33.047,2024-04-01 09:30:33.047000+00:00
2024/04/01, 09:31:33.047, 41.524, -70.672,0.07,24.32,183.27, 0.000, NAN,5.4, NAN,1013.6, NAN,0.0, NAN,102.0, NAN,56, NAN,4.1, NAN,83.8, NAN, 4.1, NAN, 80.3, NAN,1015.7,-6.17,290.67,-0.02,5.8715,6.1894,125.1,0.0,1439.0, NAN, NAN, NAN, NAN,,2024/04/01 09:31:33.047,2024-04-01 09:31:33.047000+00:00
2024/04/01, 09:32:33.047, 41.524, -70.672,-0.1,24.26,80.45, 0.000, NAN,5.3, NAN,1013.6, NAN,0.0, NAN,102.0, NAN,38, NAN,3.9, NAN,84.1, NAN, 3.9, NAN, 62.3, NAN,1015.7,-6.26,291.57,-0.02,5.8715,6.1899,125.1,0.0,1439.002, NAN, NAN, NAN, NAN,,2024/04/01 09:32:33.047,2024-04-01 09:32:33.047000+00:00
2024/04/01, 09:33:33.047, 41.524, -70.672,-0.15,24.4,123.03, 0.000, NAN,5.4, NAN,1013.6, NAN,0.0, NAN,102.0, NAN,45, NAN,4.4, NAN,84.3, NAN, 4.4, NAN, 69.4, NAN,1015.7,-6.35,292.29,-0.03,5.8714,6.1903,124.8,0.0,1439.004, NAN, NAN, NAN, NAN,,2024/04/01 09:33:33.047,2024-04-01 09:33:33.047000+00:00
2024/04/01, 09:34:33.047, 41.524, -70.672,0.01,24.18,269.43, 0.000, NAN,5.4, NAN,1013.6, NAN,0.0, NAN,102.0, NAN,53, NAN,3.8, NAN,84.5, NAN, 3.8, NAN, 77.2, NAN,1015.7,-6.2,293.1,-0.02,5.8715,6.1897,124.8,0.1,1439.001, NAN, NAN, NAN, NAN,,2024/04/01 09:34:33.047,2024-04-01 09:34:33.047000+00:00
2024/04/01, 09:35:33.047, 41.524, -70.672,-0.18,24.23,181.63, 0.010, NAN,5.5, NAN,1013.6, NAN,0.0, NAN,102.0, NAN,51, NAN,3.0, NAN,84.3, NAN, 3.0, NAN, 75.3, NAN,1015.7,-6.15,293.07,-0.03,5.8715,6.1899,124.8,0.0,1439.002, NAN, NAN, NAN, NAN,,2024/04/01 09:35:33.047,2024-04-01 09:35:33.047000+00:00
2024/04/01, 09:36:33.047, 41.524, -70.672,-0.2,24.36,151.45, 0.000, NAN,5.5, NAN,1013.6, NAN,0.0, NAN,102.0, NAN,55, NAN,3.9, NAN,83.7, NAN, 3.9, NAN, 79.4, NAN,1015.7,-6.1,294.63,-0.02,5.8715,6.1905,125.1,0.0,1439.005, NAN, NAN, NAN, NAN,,2024/04/01 09:36:33.047,2024-04-01 09:36:33.047000+00:00
2024/04/01, 09:37:33.047, 41.524, -70.672,0.0,24.55,147.63, 0.000, NAN,5.5, NAN,1013.5, NAN,0.0, NAN,102.0, NAN,55, NAN,3.4, NAN,83.2, NAN, 3.4, NAN, 79.6, NAN,1015.6,-6.05,294.72,-0.02,5.8715,6.1912,124.8,0.0,1439.008, NAN, NAN, NAN, NAN,,2024/04/01 09:37:33.047,2024-04-01 09:37:33.047000+00:00
2024/04/01, 09:38:33.048, 41.524, -70.672,-0.13,24.74,315.13, 0.000, NAN,5.6, NAN,1013.4, NAN,0.0, NAN,102.0, NAN,44, NAN,4.0, NAN,82.5, NAN, 4.0, NAN, 68.7, NAN,1015.5,-5.99,295.81,-0.03,5.8715,6.1902,124.2,0.0,1439.003, NAN, NAN, NAN, NAN,,2024/04/01 09:38:33.048,2024-04-01 09:38:33.048000+00:00
2024/04/01, 09:39:33.048, 41.524, -70.672,-0.02,24.66,269.09, 0.010, NAN,5.6, NAN,1013.4, NAN,0.0, NAN,102.0, NAN,59, NAN,3.3, NAN,81.7, NAN, 3.3, NAN, 83.7, NAN,1015.5,-5.96,295.82,-0.02,5.8716,6.1909,125.7,0.0,1439.007, NAN, NAN, NAN, NAN,,2024/04/01 09:39:33.048,2024-04-01 09:39:33.048000+00:00
2024/04/01, 09:40:33.048, 41.524, -70.672,0.11,24.19,103.6, 0.010, NAN,5.6, NAN,1013.4, NAN,0.0, NAN,102.0, NAN,59, NAN,3.4, NAN,81.1, NAN, 3.4, NAN, 83.2, NAN,1015.5,-5.95,296.12,-0.02,5.8715,6.1919,125.4,0.0,1439.011, NAN, NAN, NAN, NAN,,2024/04/01 09:40:33.048,2024-04-01 09:40:33.048000+00:00
2024/04/01, 09:41:33.048, 41.524, -70.672,0.08,24.17,312.35, 0.020, NAN,5.7, NAN,1013.4, NAN,0.0, NAN,102.0, NAN,63, NAN,4.1, NAN,80.8, NAN, 4.1, NAN, 87.3, NAN,1015.5,-5.98,297.24,-0.03,5.8715,6.1922,125.1,0.0,1439.012, NAN, NAN, NAN, NAN,,2024/04/01 09:41:33.048,2024-04-01 09:41:33.048000+00:00
2024/04/01, 09:42:33.048, 41.524, -70.672,0.02,24.27,3.52, 0.000, NAN,5.7, NAN,1013.4, NAN,0.0, NAN,102.0, NAN,60, NAN,4.2, NAN,80.6, NAN, 4.2, NAN, 84.3, NAN,1015.5,-5.99,296.91,-0.01,5.8714,6.1913,124.4,0.0,1439.008, NAN, NAN, NAN, NAN,,2024/04/01 09:42:33.048,2024-04-01 09:42:33.048000+00:00
2024/04/01, 09:43:33.048, 41.524, -70.672,-0.18,24.4,144.18, 0.010, NAN,5.7, NAN,1013.4, NAN,0.0, NAN,102.0, NAN,61, NAN,3.3, NAN,80.6, NAN, 3.3, NAN, 85.4, NAN,1015.5,-5.92,296.62,-0.02,5.8715,6.1901,124.8,0.0,1439.003, NAN, NAN, NAN, NAN,,2024/04/01 09:43:33.048,2024-04-01 09:43:33.048000+00:00
2024/04/01, 09:44:33.048, 41.524, -70.672,-0.03,24.45,328.74, 0.010, NAN,5.7, NAN,1013.4, NAN,0.0, NAN,102.0, NAN,61, NAN,3.7, NAN,80.6, NAN, 3.7, NAN, 85.4, NAN,1015.5,-5.96,296.64,-0.02,5.8715,6.1883,124.4,0.0,1438.995, NAN, NAN, NAN, NAN,,2024/04/01 09:44:33.048,2024-04-01 09:44:33.048000+00:00
2024/04/01, 09:45:33.048, 41.524, -70.672,-0.05,24.47,91.1, 0.010, NAN,5.6, NAN,1013.4, NAN,0.0, NAN,102.0, NAN,60, NAN,2.8, NAN,80.9, NAN, 2.8, NAN, 84.5, NAN,1015.5,-6.08,296.35,-0.03,5.8714,6.186,124.8,0.0,1438.985, NAN, NAN, NAN, NAN,,2024/04/01 09:45:33.048,2024-04-01 09:45:33.048000+00:00
2024/04/01, 09:46:33.048, 41.524, -70.672,-0.25,24.47,119.83, 0.020, NAN,5.6, NAN,1013.4, NAN,0.0, NAN,102.0, NAN,58, NAN,3.6, NAN,81.2, NAN, 3.6, NAN, 82.5, NAN,1015.5,-6.1,296.36,-0.02,5.8715,6.1835,125.1,0.0,1438.975, NAN, NAN, NAN, NAN,,2024/04/01 09:46:33.048,2024-04-01 09:46:33.048000+00:00
2024/04/01, 09:47:33.048, 41.524, -70.672,-0.14,24.5,98.26, 0.020, NAN,5.6, NAN,1013.6, NAN,0.0, NAN,102.0, NAN,58, NAN,3.6, NAN,81.5, NAN, 3.6, NAN, 82.5, NAN,1015.7,-6.27,296.24,-0.01,5.8715,6.183,124.4,0.0,1438.973, NAN, NAN, NAN, NAN,,2024/04/01 09:47:33.048,2024-04-01 09:47:33.048000+00:00
2024/04/01, 09:48:33.048, 41.524, -70.672,-0.03,24.4,298.37, 0.010, NAN,5.5, NAN,1013.6, NAN,0.0, NAN,102.0, NAN,60, NAN,3.4, NAN,81.6, NAN, 3.4, NAN, 84.4, NAN,1015.7,-6.31,296.57,-0.02,5.8715,6.1811,124.4,0.0,1438.964, NAN, NAN, NAN, NAN,,2024/04/01 09:48:33.048,2024-04-01 09:48:33.048000+00:00
2024/04/01, 09:49:33.048, 41.524, -70.672,-0.1,24.02,322.56, 0.020, NAN,5.5, NAN,1013.6, NAN,0.0, NAN,102.0, NAN,63, NAN,3.6, NAN,81.6, NAN, 3.6, NAN, 87.1, NAN,1015.7,-6.27,296.52,-0.01,5.8714,6.1795,124.4,0.0,1438.957, NAN, NAN, NAN, NAN,,2024/04/01 09:49:33.048,2024-04-01 09:49:33.048000+00:00
2024/04/01, 09:50:33.048, 41.524, -70.672,-0.13,23.96,92.56, 0.010, NAN,5.5, NAN,1013.7, NAN,0.0, NAN,102.0, NAN,55, NAN,4.1, NAN,82.0, NAN, 4.1, NAN, 79.0, NAN,1015.8,-6.37,297.29,-0.0,5.8714,6.1763,124.8,0.0,1438.944, NAN, NAN, NAN, NAN,,2024/04/01 09:50:33.048,2024-04-01 09:50:33.048000+00:00
2024/04/01, 09:51:33.048, 41.524, -70.672,-0.1,24.26,115.22, 0.020, NAN,5.5, NAN,1013.7, NAN,0.0, NAN,102.0, NAN,55, NAN,3.6, NAN,82.1, NAN, 3.6, NAN, 79.2, NAN,1015.8,-6.31,297.05,0.01,5.8714,6.1754,124.4,0.0,1438.94, NAN, NAN, NAN, NAN,,2024/04/01 09:51:33.048,2024-04-01 09:51:33.048000+00:00
2024/04/01, 09:52:33.048, 41.524, -70.672,-0.06,24.49,98.96, 0.010, NAN,5.5, NAN,1013.7, NAN,0.0, NAN,102.0, NAN,55, NAN,3.4, NAN,82.4, NAN, 3.4, NAN, 79.6, NAN,1015.8,-6.28,296.91,0.01,5.8714,6.1768,125.1,0.0,1438.946, NAN, NAN, NAN, NAN,,2024/04/01 09:52:33.048,2024-04-01 09:52:33.048000+00:00
2024/04/01, 09:53:33.048, 41.524, -70.672,-0.13,24.67,314.11, 0.010, NAN,5.5, NAN,1013.8, NAN,0.0, NAN,102.0, NAN,63, NAN,3.8, NAN,82.5, NAN, 3.8, NAN, 87.6, NAN,1015.9,-6.34,297.3,0.02,5.8714,6.1778,124.4,0.0,1438.95, NAN, NAN, NAN, NAN,,2024/04/01 09:53:33.048,2024-04-01 09:53:33.048000+00:00
2024/04/01, 09:54:33.049, 41.524, -70.672,-0.07,24.05,304.89, 0.020, NAN,5.5, NAN,1013.9, NAN,0.0, NAN,102.0, NAN,64, NAN,3.2, NAN,82.6, NAN, 3.2, NAN, 88.1, NAN,1016.0,-6.29,297.3,0.03,5.8714,6.1781,125.4,0.0,1438.951, NAN, NAN, NAN, NAN,,2024/04/01 09:54:33.049,2024-04-01 09:54:33.049000+00:00
2024/04/01, 09:55:33.049, 41.524, -70.672,0.06,23.79,70.68, 0.010, NAN,5.5, NAN,1013.9, NAN,0.0, NAN,102.0, NAN,56, NAN,4.0, NAN,82.7, NAN, 4.0, NAN, 79.8, NAN,1016.0,-6.32,297.97,0.05,5.8714,6.1789,124.8,0.0,1438.955, NAN, NAN, NAN, NAN,,2024/04/01 09:55:33.049,2024-04-01 09:55:33.049000+00:00
2024/04/01, 09:56:33.049, 41.524, -70.672,-0.05,24.17,132.02, 0.010, NAN,5.5, NAN,1014.0, NAN,0.0, NAN,102.0, NAN,66, NAN,3.4, NAN,82.7, NAN, 3.4, NAN, 90.1, NAN,1016.1,-6.16,298.17,0.06,5.8714,6.1802,124.4,0.0,1438.96, NAN, NAN, NAN, NAN,,2024/04/01 09:56:33.049,2024-04-01 09:56:33.049000+00:00
2024/04/01, 09:57:33.049, 41.524, -70.672,-0.05,24.17,198.42, 0.000, NAN,5.5, NAN,1014.0, NAN,0.0, NAN,102.0, NAN,62, NAN,3.7, NAN,82.6, NAN, 3.7, NAN, 86.2, NAN,1016.1,-6.12,298.58,0.1,5.8714,6.182,124.4,0.0,1438.968, NAN, NAN, NAN, NAN,,2024/04/01 09:57:33.049,2024-04-01 09:57:33.049000+00:00
2024/04/01, 09:58:33.049, 41.524, -70.672,-0.13,24.09,314.89, 0.010, NAN,5.6, NAN,1014.0, NAN,0.0, NAN,102.0, NAN,58, NAN,3.2, NAN,82.4, NAN, 3.2, NAN, 82.1, NAN,1016.1,-6.12,298.55,0.13,5.8714,6.1844,124.8,0.0,1438.978, NAN, NAN, NAN, NAN,,2024/04/01 09:58:33.049,2024-04-01 09:58:33.049000+00:00
2024/04/01, 09:59:33.049, 41.524, -70.672,-0.1,24.08,304.94, 0.000, NAN,5.6, NAN,1014.0, NAN,0.0, NAN,102.0, NAN,61, NAN,3.7, NAN,82.0, NAN, 3.7, NAN, 85.1, NAN,1016.1,-6.07,298.61,0.15,5.8714,6.1866,124.4,0.0,1438.988, NAN, NAN, NAN, NAN,,2024/04/01 09:59:33.049,2024-04-01 09:59:33.049000+00:00
2024/04/01, 10:00:33.049, 41.524, -70.672,0.01,24.04,144.21, 0.010, NAN,5.6, NAN,1013.9, NAN,0.0, NAN,102.0, NAN,59, NAN,3.7, NAN,81.8, NAN, 3.7, NAN, 83.0, NAN,1016.0,-6.06,298.86,0.19,5.8714,6.1885,124.8,0.0,1438.996, NAN, NAN, NAN, NAN,,2024/04/01 10:00:33.049,2024-04-01 10:00:33.049000+00:00
2024/04/01, 10:01:33.049, 41.524, -70.672,0.05,24.04,65.83, 0.010, NAN,5.7, NAN,1014.0, NAN,0.0, NAN,102.0, NAN,66, NAN,3.7, NAN,81.7, NAN, 3.7, NAN, 90.1, NAN,1016.1,-6.01,299.03,0.24,5.8714,6.1894,123.6,0.0,1439.0, NAN, NAN, NAN, NAN,,2024/04/01 10:01:33.049,2024-04-01 10:01:33.049000+00:00
2024/04/01, 10:02:33.049, 41.524, -70.672,0.0,24.09,303.01, 0.000, NAN,5.7, NAN,1014.0, NAN,0.0, NAN,102.0, NAN,50, NAN,3.9, NAN,81.4, NAN, 3.9, NAN, 74.1, NAN,1016.1,-5.9,299.13,0.31,5.8714,6.1906,124.8,0.0,1439.005, NAN, NAN, NAN, NAN,,2024/04/01 10:02:33.049,2024-04-01 10:02:33.049000+00:00
2024/04/01, 10:03:33.049, 41.524, -70.672,-0.09,24.27,105.84, 0.000, NAN,5.7, NAN,1014.0, NAN,0.0, NAN,102.0, NAN,65, NAN,3.7, NAN,81.3, NAN, 3.7, NAN, 89.3, NAN,1016.1,-5.91,300.08,0.39,5.8714,6.1923,124.8,1.4,1439.012, NAN, NAN, NAN, NAN,,2024/04/01 10:03:33.049,2024-04-01 10:03:33.049000+00:00
2024/04/01, 10:04:33.049, 41.524, -70.672,-0.11,24.08,131.49, 0.020, NAN,5.8, NAN,1014.0, NAN,0.0, NAN,102.0, NAN,55, NAN,3.2, NAN,81.3, NAN, 3.2, NAN, 78.9, NAN,1016.1,-5.65,299.85,0.5,5.8713,6.1944,124.4,0.0,1439.021, NAN, NAN, NAN, NAN,,2024/04/01 10:04:33.049,2024-04-01 10:04:33.049000+00:00
2024/04/01, 10:05:33.049, 41.524, -70.672,-0.02,24.09,308.27, 0.020, NAN,5.8, NAN,1014.1, NAN,0.0, NAN,102.0, NAN,66, NAN,3.6, NAN,81.1, NAN, 3.6, NAN, 90.2, NAN,1016.2,-5.57,310.53,0.6,5.8714,6.1966,124.8,0.0,1439.031, NAN, NAN, NAN, NAN,,2024/04/01 10:05:33.049,2024-04-01 10:05:33.049000+00:00
2024/04/01, 10:06:33.049, 41.524, -70.672,-0.09,24.02,275.59, 0.000, NAN,5.9, NAN,1014.1, NAN,0.0, NAN,102.0, NAN,65, NAN,3.6, NAN,81.2, NAN, 3.6, NAN, 89.0, NAN,1016.2,-4.87,309.4,0.76,5.8713,6.1978,124.8,0.0,1439.036, NAN, NAN, NAN, NAN,,2024/04/01 10:06:33.049,2024-04-01 10:06:33.049000+00:00
2024/04/01, 10:07:33.049, 41.524, -70.672,-0.04,24.15,296.86, 0.010, NAN,5.9, NAN,1014.1, NAN,0.0, NAN,102.0, NAN,63, NAN,4.2, NAN,81.2, NAN, 4.2, NAN, 87.2, NAN,1016.2,-3.61,309.75,0.94,5.8713,6.1988,124.2,0.0,1439.04, NAN, NAN, NAN, NAN,,2024/04/01 10:07:33.049,2024-04-01 10:07:33.049000+00:00
2024/04/01, 10:08:33.049, 41.524, -70.672,0.06,24.0,277.28, 0.010, NAN,5.9, NAN,1014.1, NAN,0.0, NAN,102.0, NAN,65, NAN,3.9, NAN,81.4, NAN, 3.9, NAN, 89.1, NAN,1016.2,-2.51,308.74,1.17,5.8714,6.1996,124.2,0.0,1439.044, NAN, NAN, NAN, NAN,,2024/04/01 10:08:33.049,2024-04-01 10:08:33.049000+00:00
2024/04/01, 10:09:33.049, 41.524, -70.672,-0.13,24.05,209.52, 0.010, NAN,5.9, NAN,1014.1, NAN,0.0, NAN,102.0, NAN,66, NAN,3.7, NAN,81.3, NAN, 3.7, NAN, 90.0, NAN,1016.2,-1.73,308.72,1.5,5.8715,6.2007,125.4,0.0,1439.048, NAN, NAN, NAN, NAN,,2024/04/01 10:09:33.049,2024-04-01 10:09:33.049000+00:00
2024/04/01, 10:10:33.050, 41.524, -70.672,-0.02,24.31,307.95, 0.000, NAN,6.0, NAN,1014.2, NAN,0.0, NAN,102.0, NAN,73, NAN,3.5, NAN,81.3, NAN, 3.5, NAN, 97.3, NAN,1016.3,-1.22,308.8,1.89,5.8714,6.2019,124.8,0.0,1439.054, NAN, NAN, NAN, NAN,,2024/04/01 10:10:33.050,2024-04-01 10:10:33.050000+00:00
2024/04/01, 10:11:33.050, 41.524, -70.672,-0.19,24.15,300.66, 0.010, NAN,6.0, NAN,1014.2, NAN,0.0, NAN,102.0, NAN,69, NAN,3.6, NAN,81.5, NAN, 3.6, NAN, 93.2, NAN,1016.3,-0.95,308.62,2.37,5.8714,6.2043,124.2,0.0,1439.064, NAN, NAN, NAN, NAN,,2024/04/01 10:11:33.050,2024-04-01 10:11:33.050000+00:00
2024/04/01, 10:12:33.050, 41.524, -70.672,-0.13,24.06,283.69, 0.010, NAN,6.0, NAN,1014.3, NAN,0.0, NAN,102.0, NAN,62, NAN,3.6, NAN,81.6, NAN, 3.6, NAN, 86.1, NAN,1016.4,-0.83,308.5,2.98,5.8713,6.2071,124.8,0.0,1439.076, NAN, NAN, NAN, NAN,,2024/04/01 10:12:33.050,2024-04-01 10:12:33.050000+00:00
2024/04/01, 10:13:33.050, 41.524, -70.672,-0.06,24.23,348.88, 0.000, NAN,6.0, NAN,1014.3, NAN,0.0, NAN,102.0, NAN,58, NAN,4.5, NAN,81.5, NAN, 4.5, NAN, 82.2, NAN,1016.4,-0.43,309.29,3.72,5.8714,6.2078,124.4,0.0,1439.079, NAN, NAN, NAN, NAN,,2024/04/01 10:13:33.050,2024-04-01 10:13:33.050000+00:00
2024/04/01, 10:14:33.050, 41.524, -70.672,-0.05,24.4,159.3, 0.010, NAN,6.0, NAN,1014.3, NAN,0.0, NAN,102.0, NAN,67, NAN,3.1, NAN,81.2, NAN, 3.1, NAN, 91.5, NAN,1016.4,1.0,299.62,4.86,5.8714,6.2015,124.8,0.0,1439.052, NAN, NAN, NAN, NAN,,2024/04/01 10:14:33.050,2024-04-01 10:14:33.050000+00:00
2024/04/01, 10:15:33.050, 41.524, -70.672,-0.06,24.5,310.59, 0.020, NAN,6.1, NAN,1014.3, NAN,0.0, NAN,102.0, NAN,64, NAN,4.0, NAN,80.9, NAN, 4.0, NAN, 88.6, NAN,1016.4,0.84,299.69,5.9,5.8714,6.191,125.1,0.0,1439.007, NAN, NAN, NAN, NAN,,2024/04/01 10:15:33.050,2024-04-01 10:15:33.050000+00:00
2024/04/01, 10:16:33.050, 41.524, -70.672,-0.05,24.36,123.34, 0.010, NAN,6.1, NAN,1014.3, NAN,0.0, NAN,102.0, NAN,63, NAN,4.0, NAN,80.9, NAN, 4.0, NAN, 87.3, NAN,1016.4,0.54,300.12,7.07,5.8714,6.1838,124.8,0.0,1438.976, NAN, NAN, NAN, NAN,,2024/04/01 10:16:33.050,2024-04-01 10:16:33.050000+00:00
2024/04/01, 10:17:33.050, 41.524, -70.672,-0.09,24.23,302.82, 0.010, NAN,6.1, NAN,1014.4, NAN,0.0, NAN,102.0, NAN,55, NAN,3.5, NAN,80.9, NAN, 3.5, NAN, 79.2, NAN,1016.5,0.28,300.24,8.35,5.8714,6.1745,124.8,0.0,1438.936, NAN, NAN, NAN, NAN,,2024/04/01 10:17:33.050,2024-04-01 10:17:33.050000+00:00
2024/04/01, 10:18:33.050, 41.524, -70.672,-0.07,24.4,135.71, 0.000, NAN,6.1, NAN,1014.4, NAN,0.0, NAN,102.0, NAN,65, NAN,3.7, NAN,81.1, NAN, 3.7, NAN, 89.4, NAN,1016.5,0.4,301.03,9.69,5.8714,6.1692,125.1,0.0,1438.913, NAN, NAN, NAN, NAN,,2024/04/01 10:18:33.050,2024-04-01 10:18:33.050000+00:00
2024/04/01, 10:19:33.050, 41.524, -70.672,0.0,24.13,112.02, 0.000, NAN,6.1, NAN,1014.4, NAN,0.0, NAN,102.0, NAN,57, NAN,4.4, NAN,81.3, NAN, 4.4, NAN, 81.1, NAN,1016.5,0.66,301.3,11.31,5.8714,6.1648,124.4,0.0,1438.894, NAN, NAN, NAN, NAN,,2024/04/01 10:19:33.050,2024-04-01 10:19:33.050000+00:00
2024/04/01, 10:20:33.050, 41.524, -70.672,-0.09,24.14,257.25, 0.010, NAN,6.1, NAN,1014.4, NAN,0.0, NAN,102.0, NAN,62, NAN,3.3, NAN,81.4, NAN, 3.3, NAN, 86.2, NAN,1016.5,0.87,301.42,12.79,5.8713,6.1616,124.4,0.0,1438.881, NAN, NAN, NAN, NAN,,2024/04/01 10:20:33.050,2024-04-01 10:20:33.050000+00:00
2024/04/01, 10:21:33.050, 41.524, -70.672,-0.11,24.29,355.6, 0.010, NAN,6.2, NAN,1014.5, NAN,0.0, NAN,102.0, NAN,68, NAN,3.2, NAN,81.3, NAN, 3.2, NAN, 92.3, NAN,1016.6,1.07,301.54,14.32,5.8715,6.1597,124.4,0.0,1438.873, NAN, NAN, NAN, NAN,,2024/04/01 10:21:33.050,2024-04-01 10:21:33.050000+00:00
2024/04/01, 10:22:33.050, 41.524, -70.672,0.16,24.54,333.71, 0.010, NAN,6.1, NAN,1014.4, NAN,0.0, NAN,102.0, NAN,50, NAN,3.1, NAN,81.4, NAN, 3.1, NAN, 74.5, NAN,1016.5,1.27,301.26,15.59,5.8713,6.1555,124.8,0.0,1438.854, NAN, NAN, NAN, NAN,,2024/04/01 10:22:33.050,2024-04-01 10:22:33.050000+00:00
2024/04/01, 10:23:33.050, 41.524, -70.672,-0.09,24.69,22.3, 0.000, NAN,6.2, NAN,1014.5, NAN,0.0, NAN,102.0, NAN,53, NAN,3.4, NAN,81.7, NAN, 3.4, NAN, 77.7, NAN,1016.6,0.81,301.81,16.11,5.8714,6.1509,124.4,0.0,1438.835, NAN, NAN, NAN, NAN,,2024/04/01 10:23:33.050,2024-04-01 10:23:33.050000+00:00
2024/04/01, 10:24:33.050, 41.524, -70.672,0.02,24.57,27.63, 0.000, NAN,6.1, NAN,1014.5, NAN,0.0, NAN,102.0, NAN,56, NAN,4.1, NAN,82.0, NAN, 4.1, NAN, 80.6, NAN,1016.6,-0.28,302.02,16.12,5.8713,6.1487,124.8,0.0,1438.825, NAN, NAN, NAN, NAN,,2024/04/01 10:24:33.050,2024-04-01 10:24:33.050000+00:00
2024/04/01, 10:25:33.050, 41.524, -70.672,-0.27,24.36,324.05, 0.000, NAN,6.1, NAN,1014.5, NAN,0.0, NAN,102.0, NAN,72, NAN,3.5, NAN,82.5, NAN, 3.5, NAN, 96.4, NAN,1016.6,-1.06,302.41,16.57,5.8713,6.1418,126.3,0.0,1438.796, NAN, NAN, NAN, NAN,,2024/04/01 10:25:33.050,2024-04-01 10:25:33.050000+00:00
2024/04/01, 10:26:33.051, 41.524, -70.672,0.04,24.31,303.09, 0.010, NAN,6.1, NAN,1014.5, NAN,0.0, NAN,102.0, NAN,65, NAN,3.3, NAN,82.5, NAN, 3.3, NAN, 89.4, NAN,1016.6,-0.76,302.7,17.55,5.8714,6.1348,124.4,0.0,1438.766, NAN, NAN, NAN, NAN,,2024/04/01 10:26:33.051,2024-04-01 10:26:33.051000+00:00
2024/04/01, 10:27:33.051, 41.524, -70.672,0.01,24.44,255.02, 0.000, NAN,6.1, NAN,1014.5, NAN,0.0, NAN,102.0, NAN,64, NAN,3.6, NAN,82.8, NAN, 3.6, NAN, 88.4, NAN,1016.6,-0.33,302.78,18.76,5.8713,6.131,124.8,0.0,1438.749, NAN, NAN, NAN, NAN,,2024/04/01 10:27:33.051,2024-04-01 10:27:33.051000+00:00
2024/04/01, 10:28:33.051, 41.524, -70.672,-0.16,24.26,140.5, 0.000, NAN,6.1, NAN,1014.5, NAN,0.0, NAN,102.0, NAN,60, NAN,3.8, NAN,83.1, NAN, 3.8, NAN, 84.3, NAN,1016.6,0.05,303.33,20.15,5.8714,6.1258,124.8,0.0,1438.727, NAN, NAN, NAN, NAN,,2024/04/01 10:28:33.051,2024-04-01 10:28:33.051000+00:00
2024/04/01, 10:29:33.051, 41.524, -70.672,-0.05,24.27,329.83, 0.010, NAN,6.1, NAN,1014.4, NAN,0.0, NAN,102.0, NAN,64, NAN,4.0, NAN,83.2, NAN, 4.0, NAN, 88.3, NAN,1016.5,0.81,303.2,21.77,5.8713,6.1212,126.0,0.0,1438.707, NAN, NAN, NAN, NAN,,2024/04/01 10:29:33.051,2024-04-01 10:29:33.051000+00:00
2024/04/01, 10:30:33.051, 41.524, -70.672,-0.08,24.44,338.57, 0.000, NAN,6.1, NAN,1014.4, NAN,0.0, NAN,102.0, NAN,64, NAN,4.1, NAN,83.5, NAN, 4.1, NAN, 88.4, NAN,1016.5,1.28,303.52,22.92,5.8713,6.1162,124.8,0.0,1438.686, NAN, NAN, NAN, NAN,,2024/04/01 10:30:33.051,2024-04-01 10:30:33.051000+00:00
2024/04/01, 10:31:33.051, 41.524, -70.672,-0.07,24.09,233.42, 0.010, NAN,6.1, NAN,1014.4, NAN,0.0, NAN,102.0, NAN,55, NAN,4.2, NAN,84.1, NAN, 4.2, NAN, 79.2, NAN,1016.5,1.79,303.05,23.99,5.8713,6.1131,125.1,0.0,1438.672, NAN, NAN, NAN, NAN,,2024/04/01 10:31:33.051,2024-04-01 10:31:33.051000+00:00
2024/04/01, 10:32:33.051, 41.524, -70.672,-0.1,24.16,91.79, 0.010, NAN,6.1, NAN,1014.4, NAN,0.0, NAN,102.0, NAN,68, NAN,3.6, NAN,84.3, NAN, 3.6, NAN, 92.2, NAN,1016.5,2.35,303.35,25.48,5.8713,6.1117,124.4,0.0,1438.666, NAN, NAN, NAN, NAN,,2024/04/01 10:32:33.051,2024-04-01 10:32:33.051000+00:00
2024/04/01, 10:33:33.051, 41.524, -70.672,-0.06,24.18,193.98, 0.000, NAN,6.1, NAN,1014.4, NAN,0.0, NAN,102.0, NAN,59, NAN,3.7, NAN,84.7, NAN, 3.7, NAN, 83.2, NAN,1016.5,3.02,303.35,27.29,5.8713,6.1081,124.4,0.0,1438.651, NAN, NAN, NAN, NAN,,2024/04/01 10:33:33.051,2024-04-01 10:33:33.051000+00:00
2024/04/01, 10:34:33.051, 41.524, -70.672,-0.12,24.31,143.07, 0.010, NAN,6.1, NAN,1014.5, NAN,0.0, NAN,102.0, NAN,59, NAN,3.4, NAN,84.9, NAN, 3.4, NAN, 83.2, NAN,1016.6,3.51,303.31,29.37,5.8713,6.1045,123.9,0.0,1438.635, NAN, NAN, NAN, NAN,,2024/04/01 10:34:33.051,2024-04-01 10:34:33.051000+00:00
2024/04/01, 10:35:33.051, 41.524, -70.672,-0.21,24.28,198.32, 0.020, NAN,6.1, NAN,1014.5, NAN,0.0, NAN,102.0, NAN,56, NAN,4.0, NAN,85.1, NAN, 4.0, NAN, 80.3, NAN,1016.6,3.96,303.55,30.97,5.8714,6.1022,124.4,0.0,1438.626, NAN, NAN, NAN, NAN,,2024/04/01 10:35:33.051,2024-04-01 10:35:33.051000+00:00
2024/04/01, 10:36:33.051, 41.524, -70.672,-0.04,24.27,323.4, 0.000, NAN,6.1, NAN,1014.5, NAN,0.0, NAN,102.0, NAN,58, NAN,4.0, NAN,85.5, NAN, 4.0, NAN, 82.3, NAN,1016.6,4.09,303.75,32.37,5.8714,6.0999,125.7,0.0,1438.616, NAN, NAN, NAN, NAN,,2024/04/01 10:36:33.051,2024-04-01 10:36:33.051000+00:00
2024/04/01, 10:37:33.051, 41.524, -70.672,-0.22,24.21,133.27, 0.000, NAN,6.1, NAN,1014.4, NAN,0.0, NAN,102.0, NAN,53, NAN,5.2, NAN,85.5, NAN, 5.2, NAN, 77.2, NAN,1016.5,4.12,304.31,33.76,5.8713,6.0977,124.4,0.0,1438.606, NAN, NAN, NAN, NAN,,2024/04/01 10:37:33.051,2024-04-01 10:37:33.051000+00:00
2024/04/01, 10:38:33.051, 41.524, -70.672,-0.02,24.15,227.52, 0.010, NAN,6.1, NAN,1014.4, NAN,0.0, NAN,102.0, NAN,72, NAN,4.2, NAN,85.9, NAN, 4.2, NAN, 96.1, NAN,1016.5,4.38,304.36,35.3,5.8713,6.0953,124.8,0.0,1438.596, NAN, NAN, NAN, NAN,,2024/04/01 10:38:33.051,2024-04-01 10:38:33.051000+00:00
2024/04/01, 10:39:33.051, 41.524, -70.672,0.14,24.27,227.0, 0.000, NAN,6.1, NAN,1014.3, NAN,0.0, NAN,102.0, NAN,54, NAN,4.8, NAN,85.8, NAN, 4.8, NAN, 78.3, NAN,1016.4,5.34,304.96,37.96,5.8713,6.0938,124.8,0.0,1438.589, NAN, NAN, NAN, NAN,,2024/04/01 10:39:33.051,2024-04-01 10:39:33.051000+00:00
2024/04/01, 10:40:33.051, 41.524, -70.672,0.08,24.11,134.5, 0.010, NAN,6.1, NAN,1014.3, NAN,0.0, NAN,102.0, NAN,49, NAN,5.1, NAN,85.5, NAN, 5.1, NAN, 73.1, NAN,1016.4,6.78,304.9,41.29,5.8713,6.0932,124.2,0.0,1438.587, NAN, NAN, NAN, NAN,,2024/04/01 10:40:33.051,2024-04-01 10:40:33.051000+00:00
2024/04/01, 10:41:33.051, 41.524, -70.672,-0.07,24.24,209.34, 0.000, NAN,6.1, NAN,1014.3, NAN,0.0, NAN,102.0, NAN,52, NAN,4.7, NAN,85.4, NAN, 4.7, NAN, 76.2, NAN,1016.4,8.43,305.7,45.31,5.8713,6.0932,124.8,0.0,1438.587, NAN, NAN, NAN, NAN,,2024/04/01 10:41:33.051,2024-04-01 10:41:33.051000+00:00
2024/04/01, 10:42:33.052, 41.524, -70.672,-0.04,24.17,129.11, 0.010, NAN,6.1, NAN,1014.4, NAN,0.0, NAN,102.0, NAN,67, NAN,4.2, NAN,85.2, NAN, 4.2, NAN, 91.1, NAN,1016.5,9.75,306.01,50.04,5.8713,6.0933,126.0,0.0,1438.587, NAN, NAN, NAN, NAN,,2024/04/01 10:42:33.052,2024-04-01 10:42:33.052000+00:00
2024/04/01, 10:43:33.052, 41.524, -70.672,-0.08,24.18,114.43, 0.010, NAN,6.1, NAN,1014.4, NAN,0.0, NAN,102.0, NAN,61, NAN,4.3, NAN,85.1, NAN, 4.3, NAN, 85.1, NAN,1016.5,11.08,306.52,54.04,5.8713,6.0925,124.4,0.0,1438.584, NAN, NAN, NAN, NAN,,2024/04/01 10:43:33.052,2024-04-01 10:43:33.052000+00:00
2024/04/01, 10:44:33.052, 41.524, -70.672,-0.1,24.09,5.86, 0.000, NAN,6.1, NAN,1014.5, NAN,0.0, NAN,102.0, NAN,60, NAN,4.6, NAN,85.2, NAN, 4.6, NAN, 84.1, NAN,1016.6,12.01,307.37,57.16,5.8712,6.0912,123.9,0.0,1438.578, NAN, NAN, NAN, NAN,,2024/04/01 10:44:33.052,2024-04-01 10:44:33.052000+00:00
2024/04/01, 10:45:33.052, 41.524, -70.672,-0.08,23.89,311.58, 0.010, NAN,6.2, NAN,1014.5, NAN,0.0, NAN,102.0, NAN,63, NAN,4.1, NAN,85.4, NAN, 4.1, NAN, 86.9, NAN,1016.6,12.61,307.88,59.43,5.8713,6.0913,123.6,0.0,1438.579, NAN, NAN, NAN, NAN,,2024/04/01 10:45:33.052,2024-04-01 10:45:33.052000+00:00
2024/04/01, 10:46:33.052, 41.524, -70.672,-0.02,24.33,299.07, 0.000, NAN,6.2, NAN,1014.5, NAN,0.0, NAN,102.0, NAN,59, NAN,4.3, NAN,85.4, NAN, 4.3, NAN, 83.3, NAN,1016.6,13.41,308.72,61.49,5.8712,6.0928,124.4,0.0,1438.585, NAN, NAN, NAN, NAN,,2024/04/01 10:46:33.052,2024-04-01 10:46:33.052000+00:00
2024/04/01, 10:47:33.052, 41.524, -70.672,-0.04,24.07,108.47, 0.000, NAN,6.2, NAN,1014.5, NAN,0.0, NAN,102.0, NAN,51, NAN,4.6, NAN,85.3, NAN, 4.6, NAN, 75.1, NAN,1016.6,13.75,309.0,63.06,5.8712,6.0903,124.4,0.0,1438.574, NAN, NAN, NAN, NAN,,2024/04/01 10:47:33.052,2024-04-01 10:47:33.052000+00:00
2024/04/01, 10:48:33.052, 41.524, -70.672,0.04,23.96,251.62, 0.000, NAN,6.2, NAN,1014.5, NAN,0.0, NAN,102.0, NAN,50, NAN,3.4, NAN,85.4, NAN, 3.4, NAN, 74.0, NAN,1016.6,13.89,310.15,65.05,5.8712,6.0873,125.4,0.0,1438.561, NAN, NAN, NAN, NAN,,2024/04/01 10:48:33.052,2024-04-01 10:48:33.052000+00:00
2024/04/01, 10:49:33.052, 41.524, -70.672,-0.1,24.14,290.27, 0.010, NAN,6.2, NAN,1014.5, NAN,0.0, NAN,102.0, NAN,60, NAN,3.4, NAN,85.6, NAN, 3.4, NAN, 84.1, NAN,1016.6,14.07,310.2,71.07,5.8713,6.087,125.1,0.0,1438.56, NAN, NAN, NAN, NAN,,2024/04/01 10:49:33.052,2024-04-01 10:49:33.052000+00:00
2024/04/01, 10:50:33.052, 41.524, -70.672,-0.05,24.05,313.12, 0.000, NAN,6.2, NAN,1014.6, NAN,0.0, NAN,102.0, NAN,52, NAN,5.0, NAN,85.5, NAN, 5.0, NAN, 76.1, NAN,1016.7,14.26,311.26,68.77,5.8713,6.0871,124.8,0.0,1438.561, NAN, NAN, NAN, NAN,,2024/04/01 10:50:33.052,2024-04-01 10:50:33.052000+00:00
2024/04/01, 10:51:33.052, 41.524, -70.672,0.01,24.29,272.12, 0.000, NAN,6.2, NAN,1014.6, NAN,0.0, NAN,102.0, NAN,62, NAN,3.8, NAN,85.3, NAN, 3.8, NAN, 86.3, NAN,1016.7,16.03,312.01,71.06,5.8712,6.087,124.8,0.0,1438.56, NAN, NAN, NAN, NAN,,2024/04/01 10:51:33.052,2024-04-01 10:51:33.052000+00:00
2024/04/01, 10:52:33.052, 41.524, -70.672,-0.04,24.33,197.25, 0.000, NAN,6.2, NAN,1014.7, NAN,0.0, NAN,102.0, NAN,65, NAN,4.0, NAN,85.1, NAN, 4.0, NAN, 89.3, NAN,1016.8,18.59,313.07,75.45,5.8713,6.0871,124.8,0.0,1438.561, NAN, NAN, NAN, NAN,,2024/04/01 10:52:33.052,2024-04-01 10:52:33.052000+00:00
2024/04/01, 10:53:33.052, 41.524, -70.672,0.01,23.91,150.16, 0.010, NAN,6.2, NAN,1014.6, NAN,0.0, NAN,102.0, NAN,64, NAN,4.0, NAN,84.9, NAN, 4.0, NAN, 87.9, NAN,1016.7,19.89,313.54,78.36,5.8712,6.0869,124.8,0.0,1438.56, NAN, NAN, NAN, NAN,,2024/04/01 10:53:33.052,2024-04-01 10:53:33.052000+00:00
2024/04/01, 10:54:33.052, 41.524, -70.672,0.03,24.23,300.99, 0.000, NAN,6.2, NAN,1014.7, NAN,0.0, NAN,102.0, NAN,52, NAN,4.5, NAN,84.7, NAN, 4.5, NAN, 76.2, NAN,1016.8,19.56,314.64,79.25,5.8712,6.0862,124.4,0.0,1438.557, NAN, NAN, NAN, NAN,,2024/04/01 10:54:33.052,2024-04-01 10:54:33.052000+00:00
2024/04/01, 10:55:33.052, 41.524, -70.672,0.06,24.18,235.22, 0.000, NAN,6.2, NAN,1014.7, NAN,0.0, NAN,102.0, NAN,51, NAN,4.0, NAN,84.5, NAN, 4.0, NAN, 75.2, NAN,1016.8,18.8,315.6,79.64,5.8712,6.0865,124.2,0.0,1438.558, NAN, NAN, NAN, NAN,,2024/04/01 10:55:33.052,2024-04-01 10:55:33.052000+00:00
2024/04/01, 10:56:33.052, 41.524, -70.672,-0.13,24.27,154.19, 0.010, NAN,6.2, NAN,1014.8, NAN,0.0, NAN,102.0, NAN,57, NAN,4.0, NAN,84.3, NAN, 4.0, NAN, 81.3, NAN,1016.9,19.03,316.19,81.55,5.8712,6.0878,124.8,0.0,1438.563, NAN, NAN, NAN, NAN,,2024/04/01 10:56:33.052,2024-04-01 10:56:33.052000+00:00
2024/04/01, 10:57:33.053, 41.524, -70.672,0.06,24.26,299.9, 0.000, NAN,6.2, NAN,1014.7, NAN,0.0, NAN,102.0, NAN,54, NAN,5.2, NAN,84.3, NAN, 5.2, NAN, 78.3, NAN,1016.8,20.8,317.36,85.34,5.8712,6.0889,124.8,0.0,1438.568, NAN, NAN, NAN, NAN,,2024/04/01 10:57:33.053,2024-04-01 10:57:33.053000+00:00
2024/04/01, 10:58:33.053, 41.524, -70.672,-0.05,24.09,230.45, 0.010, NAN,6.3, NAN,1014.8, NAN,0.0, NAN,102.0, NAN,50, NAN,5.1, NAN,84.0, NAN, 5.1, NAN, 74.0, NAN,1016.9,22.55,318.6,89.66,5.8712,6.0904,124.2,0.0,1438.575, NAN, NAN, NAN, NAN,,2024/04/01 10:58:33.053,2024-04-01 10:58:33.053000+00:00
2024/04/01, 10:59:33.053, 41.524, -70.672,-0.06,24.29,310.07, 0.010, NAN,6.3, NAN,1014.8, NAN,0.0, NAN,102.0, NAN,66, NAN,3.8, NAN,83.7, NAN, 3.8, NAN, 90.3, NAN,1016.9,23.64,319.06,93.45,5.8712,6.0938,124.8,0.0,1438.589, NAN, NAN, NAN, NAN,,2024/04/01 10:59:33.053,2024-04-01 10:59:33.053000+00:00
2024/04/01, 11:00:33.053, 41.524, -70.672,-0.01,24.22,62.8, 0.010, NAN,6.3, NAN,1014.8, NAN,0.0, NAN,102.0, NAN,58, NAN,4.4, NAN,83.6, NAN, 4.4, NAN, 82.3, NAN,1016.9,24.08,319.28,95.99,5.8712,6.0965,124.4,0.0,1438.601, NAN, NAN, NAN, NAN,,2024/04/01 11:00:33.053,2024-04-01 11:00:33.053000+00:00
2024/04/01, 11:01:33.053, 41.524, -70.672,-0.07,24.3,107.82, 0.010, NAN,6.3, NAN,1014.8, NAN,0.0, NAN,102.0, NAN,57, NAN,4.2, NAN,83.7, NAN, 4.2, NAN, 81.2, NAN,1016.9,25.04,320.41,99.04,5.8712,6.0984,124.8,0.0,1438.609, NAN, NAN, NAN, NAN,,2024/04/01 11:01:33.053,2024-04-01 11:01:33.053000+00:00
2024/04/01, 11:02:33.053, 41.524, -70.672,0.05,24.35,128.92, 0.000, NAN,6.3, NAN,1014.8, NAN,0.0, NAN,102.0, NAN,52, NAN,4.5, NAN,83.9, NAN, 4.5, NAN, 76.4, NAN,1016.9,26.47,321.34,102.98,5.8712,6.0996,124.4,0.0,1438.614, NAN, NAN, NAN, NAN,,2024/04/01 11:02:33.053,2024-04-01 11:02:33.053000+00:00
2024/04/01, 11:03:33.053, 41.524, -70.672,-0.02,24.36,206.73, 0.000, NAN,6.3, NAN,1014.8, NAN,0.0, NAN,102.0, NAN,63, NAN,3.7, NAN,83.9, NAN, 3.7, NAN, 87.4, NAN,1016.9,27.96,321.21,106.62,5.8712,6.1017,125.1,0.0,1438.623, NAN, NAN, NAN, NAN,,2024/04/01 11:03:33.053,2024-04-01 11:03:33.053000+00:00
2024/04/01, 11:04:33.053, 41.524, -70.672,-0.02,24.31,297.01, 0.010, NAN,6.3, NAN,1014.9, NAN,0.0, NAN,102.0, NAN,62, NAN,4.1, NAN,83.7, NAN, 4.1, NAN, 86.4, NAN,1017.0,28.34,321.61,108.72,5.8713,6.1022,125.1,0.0,1438.625, NAN, NAN, NAN, NAN,,2024/04/01 11:04:33.053,2024-04-01 11:04:33.053000+00:00
2024/04/01, 11:05:33.053, 41.524, -70.672,-0.1,24.27,96.87, 0.010, NAN,6.2, NAN,1014.9, NAN,0.0, NAN,102.0, NAN,68, NAN,3.8, NAN,83.9, NAN, 3.8, NAN, 92.3, NAN,1017.0,28.05,322.19,109.22,5.8712,6.1016,124.4,0.0,1438.623, NAN, NAN, NAN, NAN,,2024/04/01 11:05:33.053,2024-04-01 11:05:33.053000+00:00
2024/04/01, 11:06:33.053, 41.524, -70.672,-0.09,24.33,10.19, 0.000, NAN,6.2, NAN,1014.9, NAN,0.0, NAN,102.0, NAN,60, NAN,3.3, NAN,83.7, NAN, 3.3, NAN, 84.3, NAN,1017.0,27.94,322.06,110.05,5.8712,6.1031,124.4,0.0,1438.629, NAN, NAN, NAN, NAN,,2024/04/01 11:06:33.053,2024-04-01 11:06:33.053000+00:00
2024/04/01, 11:07:33.053, 41.524, -70.672,0.02,24.29,109.07, 0.010, NAN,6.2, NAN,1014.9, NAN,0.0, NAN,102.0, NAN,64, NAN,3.4, NAN,83.7, NAN, 3.4, NAN, 88.3, NAN,1017.0,28.43,322.4,112.02,5.8712,6.1078,124.4,0.0,1438.649, NAN, NAN, NAN, NAN,,2024/04/01 11:07:33.053,2024-04-01 11:07:33.053000+00:00
2024/04/01, 11:08:33.053, 41.524, -70.672,0.24,24.17,45.5, 0.010, NAN,6.2, NAN,1014.9, NAN,0.0, NAN,102.0, NAN,62, NAN,4.2, NAN,83.6, NAN, 4.2, NAN, 86.2, NAN,1017.0,29.6,323.0,115.9,5.8713,6.1122,124.4,0.0,1438.668, NAN, NAN, NAN, NAN,,2024/04/01 11:08:33.053,2024-04-01 11:08:33.053000+00:00
2024/04/01, 11:09:33.053, 41.524, -70.672,-0.21,24.3,7.53, 0.000, NAN,6.2, NAN,1014.9, NAN,0.0, NAN,102.0, NAN,61, NAN,2.0, NAN,83.4, NAN, 2.0, NAN, 85.3, NAN,1017.0,31.27,323.3,119.8,5.8713,6.1149,125.1,0.0,1438.68, NAN, NAN, NAN, NAN,,2024/04/01 11:09:33.053,2024-04-01 11:09:33.053000+00:00
2024/04/01, 11:10:33.053, 41.524, -70.672,-0.12,24.32,47.84, 0.010, NAN,6.3, NAN,1014.9, NAN,0.0, NAN,102.0, NAN,66, NAN,4.1, NAN,83.0, NAN, 4.1, NAN, 90.4, NAN,1017.0,32.42,324.3,123.32,5.8711,6.1165,124.2,0.0,1438.687, NAN, NAN, NAN, NAN,,2024/04/01 11:10:33.053,2024-04-01 11:10:33.053000+00:00
2024/04/01, 11:11:33.053, 41.524, -70.672,-0.09,24.25,336.15, 0.010, NAN,6.3, NAN,1015.0, NAN,0.0, NAN,102.0, NAN,66, NAN,4.2, NAN,82.4, NAN, 4.2, NAN, 90.2, NAN,1017.1,33.36,325.04,126.09,5.8713,6.1175,124.8,0.0,1438.691, NAN, NAN, NAN, NAN,,2024/04/01 11:11:33.053,2024-04-01 11:11:33.053000+00:00
2024/04/01, 11:12:33.053, 41.524, -70.672,-0.06,24.41,297.72, 0.000, NAN,6.3, NAN,1015.0, NAN,0.0, NAN,102.0, NAN,66, NAN,4.6, NAN,82.2, NAN, 4.6, NAN, 90.4, NAN,1017.1,33.61,325.95,128.18,5.8712,6.1198,124.8,0.0,1438.701, NAN, NAN, NAN, NAN,,2024/04/01 11:12:33.053,2024-04-01 11:12:33.053000+00:00
2024/04/01, 11:13:33.054, 41.524, -70.672,-0.1,24.25,81.56, 0.010, NAN,6.3, NAN,1014.9, NAN,0.0, NAN,102.0, NAN,70, NAN,3.6, NAN,82.0, NAN, 3.6, NAN, 94.3, NAN,1017.0,34.3,326.49,130.22,5.8713,6.1231,124.4,0.0,1438.715, NAN, NAN, NAN, NAN,,2024/04/01 11:13:33.054,2024-04-01 11:13:33.054000+00:00
2024/04/01, 11:14:33.054, 41.524, -70.672,-0.25,24.27,127.58, 0.010, NAN,6.4, NAN,1014.9, NAN,0.0, NAN,102.0, NAN,66, NAN,3.7, NAN,82.0, NAN, 3.7, NAN, 90.3, NAN,1017.0,34.54,327.13,131.48,5.8713,6.1268,124.4,0.0,1438.731, NAN, NAN, NAN, NAN,,2024/04/01 11:14:33.054,2024-04-01 11:14:33.054000+00:00
2024/04/01, 11:15:33.054, 41.524, -70.672,-0.1,24.31,271.25, 0.010, NAN,6.4, NAN,1015.0, NAN,0.0, NAN,102.0, NAN,55, NAN,3.9, NAN,82.2, NAN, 3.9, NAN, 79.3, NAN,1017.1,34.57,327.5,132.18,5.8713,6.1285,125.1,0.0,1438.738, NAN, NAN, NAN, NAN,,2024/04/01 11:15:33.054,2024-04-01 11:15:33.054000+00:00
2024/04/01, 11:16:33.054, 41.524, -70.672,-0.12,24.33,323.83, 0.000, NAN,6.4, NAN,1015.0, NAN,0.0, NAN,102.0, NAN,62, NAN,4.1, NAN,82.4, NAN, 4.1, NAN, 86.3, NAN,1017.1,34.62,328.08,132.76,5.8713,6.131,124.8,0.0,1438.749, NAN, NAN, NAN, NAN,,2024/04/01 11:16:33.054,2024-04-01 11:16:33.054000+00:00
2024/04/01, 11:17:33.054, 41.524, -70.672,-0.07,24.21,103.09, 0.010, NAN,6.4, NAN,1015.0, NAN,0.0, NAN,102.0, NAN,57, NAN,3.7, NAN,82.7, NAN, 3.7, NAN, 81.2, NAN,1017.1,34.7,328.5,133.35,5.8714,6.1351,124.4,0.0,1438.767, NAN, NAN, NAN, NAN,,2024/04/01 11:17:33.054,2024-04-01 11:17:33.054000+00:00
2024/04/01, 11:18:33.054, 41.524, -70.672,-0.1,24.25,250.43, 0.010, NAN,6.3, NAN,1015.0, NAN,0.0, NAN,102.0, NAN,47, NAN,3.8, NAN,82.9, NAN, 3.8, NAN, 71.3, NAN,1017.1,34.53,328.75,133.3,5.8714,6.1394,124.4,0.0,1438.785, NAN, NAN, NAN, NAN,,2024/04/01 11:18:33.054,2024-04-01 11:18:33.054000+00:00
2024/04/01, 11:19:33.054, 41.524, -70.672,-0.01,24.33,124.86, 0.010, NAN,6.3, NAN,1015.1, NAN,0.0, NAN,102.0, NAN,66, NAN,3.9, NAN,83.1, NAN, 3.9, NAN, 90.3, NAN,1017.2,33.97,329.39,133.57,5.8714,6.1425,125.1,0.0,1438.799, NAN, NAN, NAN, NAN,,2024/04/01 11:19:33.054,2024-04-01 11:19:33.054000+00:00
2024/04/01, 11:20:33.054, 41.524, -70.672,-0.03,24.19,290.16, 0.010, NAN,6.3, NAN,1015.1, NAN,0.0, NAN,102.0, NAN,70, NAN,3.2, NAN,83.3, NAN, 3.2, NAN, 94.2, NAN,1017.2,34.86,329.29,136.35,5.8714,6.1454,124.4,0.0,1438.811, NAN, NAN, NAN, NAN,,2024/04/01 11:20:33.054,2024-04-01 11:20:33.054000+00:00
2024/04/01, 11:21:33.054, 41.524, -70.672,0.03,24.2,161.85, 0.010, NAN,6.3, NAN,1015.0, NAN,0.0, NAN,102.0, NAN,67, NAN,4.1, NAN,83.4, NAN, 4.1, NAN, 91.1, NAN,1017.1,37.51,329.22,142.08,5.8714,6.1476,124.4,0.0,1438.821, NAN, NAN, NAN, NAN,,2024/04/01 11:21:33.054,2024-04-01 11:21:33.054000+00:00
2024/04/01, 11:22:33.054, 41.524, -70.672,-0.15,24.16,279.2, 0.010, NAN,6.3, NAN,1015.1, NAN,0.0, NAN,102.0, NAN,54, NAN,4.6, NAN,83.4, NAN, 4.6, NAN, 78.2, NAN,1017.2,40.14,329.92,148.08,5.8714,6.1487,124.4,0.0,1438.825, NAN, NAN, NAN, NAN,,2024/04/01 11:22:33.054,2024-04-01 11:22:33.054000+00:00
2024/04/01, 11:23:33.054, 41.524, -70.672,0.01,24.23,77.76, 0.000, NAN,6.3, NAN,1015.1, NAN,0.0, NAN,102.0, NAN,65, NAN,3.1, NAN,83.4, NAN, 3.1, NAN, 89.2, NAN,1017.2,39.73,329.18,147.2,5.8715,6.147,123.9,0.0,1438.818, NAN, NAN, NAN, NAN,,2024/04/01 11:23:33.054,2024-04-01 11:23:33.054000+00:00
2024/04/01, 11:24:33.054, 41.524, -70.672,-0.02,24.29,256.16, 0.000, NAN,6.3, NAN,1015.1, NAN,0.0, NAN,102.0, NAN,70, NAN,3.3, NAN,83.6, NAN, 3.3, NAN, 94.3, NAN,1017.2,36.27,329.2,140.33,5.8714,6.1458,124.2,0.0,1438.813, NAN, NAN, NAN, NAN,,2024/04/01 11:24:33.054,2024-04-01 11:24:33.054000+00:00
2024/04/01, 11:25:33.054, 41.524, -70.672,0.07,24.29,277.39, 0.020, NAN,6.3, NAN,1015.2, NAN,0.0, NAN,102.0, NAN,60, NAN,4.7, NAN,83.7, NAN, 4.7, NAN, 84.2, NAN,1017.3,33.7,329.14,135.9,5.8715,6.1462,125.4,0.0,1438.815, NAN, NAN, NAN, NAN,,2024/04/01 11:25:33.054,2024-04-01 11:25:33.054000+00:00
2024/04/01, 11:26:33.054, 41.524, -70.672,-0.06,24.22,323.43, 0.010, NAN,6.3, NAN,1015.2, NAN,0.0, NAN,102.0, NAN,57, NAN,4.1, NAN,84.0, NAN, 4.1, NAN, 81.3, NAN,1017.3,33.77,328.91,135.87,5.8715,6.1477,124.2,0.0,1438.821, NAN, NAN, NAN, NAN,,2024/04/01 11:26:33.054,2024-04-01 11:26:33.054000+00:00
2024/04/01, 11:27:33.054, 41.524, -70.672,-0.05,24.22,31.22, 0.010, NAN,6.3, NAN,1015.3, NAN,0.0, NAN,102.0, NAN,59, NAN,5.0, NAN,84.1, NAN, 5.0, NAN, 83.2, NAN,1017.4,34.59,329.44,137.99,5.8715,6.1488,125.1,0.0,1438.826, NAN, NAN, NAN, NAN,,2024/04/01 11:27:33.054,2024-04-01 11:27:33.054000+00:00
2024/04/01, 11:28:33.054, 41.524, -70.672,-0.09,24.29,98.34, 0.000, NAN,6.3, NAN,1015.3, NAN,0.0, NAN,102.0, NAN,47, NAN,4.5, NAN,84.2, NAN, 4.5, NAN, 71.3, NAN,1017.4,35.84,329.34,142.68,5.8715,6.1492,124.4,0.0,1438.828, NAN, NAN, NAN, NAN,,2024/04/01 11:28:33.054,2024-04-01 11:28:33.054000+00:00
2024/04/01, 11:29:33.055, 41.524, -70.672,-0.01,24.22,86.7, 0.010, NAN,6.3, NAN,1015.2, NAN,0.0, NAN,102.0, NAN,65, NAN,4.0, NAN,84.1, NAN, 4.0, NAN, 89.2, NAN,1017.3,38.29,329.28,149.4,5.8716,6.1456,124.4,0.0,1438.812, NAN, NAN, NAN, NAN,,2024/04/01 11:29:33.055,2024-04-01 11:29:33.055000+00:00
2024/04/01, 11:30:33.055, 41.524, -70.672,0.01,24.0,283.11, 0.020, NAN,6.4, NAN,1015.1, NAN,0.0, NAN,102.0, NAN,61, NAN,4.5, NAN,84.0, NAN, 4.5, NAN, 85.1, NAN,1017.2,39.97,329.26,154.82,5.8715,6.1448,124.8,0.0,1438.809, NAN, NAN, NAN, NAN,,2024/04/01 11:30:33.055,2024-04-01 11:30:33.055000+00:00
2024/04/01, 11:31:33.055, 41.524, -70.672,0.05,24.27,279.91, 0.010, NAN,6.4, NAN,1015.1, NAN,0.0, NAN,102.0, NAN,57, NAN,3.7, NAN,83.8, NAN, 3.7, NAN, 81.3, NAN,1017.2,40.54,328.83,158.9,5.8715,6.1463,124.2,0.0,1438.815, NAN, NAN, NAN, NAN,,2024/04/01 11:31:33.055,2024-04-01 11:31:33.055000+00:00
2024/04/01, 11:32:33.055, 41.524, -70.672,-0.04,24.06,103.16, 0.000, NAN,6.4, NAN,1015.1, NAN,0.0, NAN,102.0, NAN,65, NAN,4.7, NAN,83.6, NAN, 4.7, NAN, 89.1, NAN,1017.2,43.08,328.25,165.59,5.8715,6.1475,124.8,0.0,1438.82, NAN, NAN, NAN, NAN,,2024/04/01 11:32:33.055,2024-04-01 11:32:33.055000+00:00
2024/04/01, 11:33:33.055, 41.524, -70.672,-0.08,24.53,193.44, 0.000, NAN,6.4, NAN,1015.1, NAN,0.0, NAN,102.0, NAN,64, NAN,4.0, NAN,83.4, NAN, 4.0, NAN, 88.5, NAN,1017.2,47.43,327.95,176.09,5.8715,6.1485,124.4,0.0,1438.825, NAN, NAN, NAN, NAN,,2024/04/01 11:33:33.055,2024-04-01 11:33:33.055000+00:00
2024/04/01, 11:34:33.055, 41.524, -70.672,-0.08,24.22,0.7, 0.010, NAN,6.4, NAN,1015.1, NAN,0.0, NAN,102.0, NAN,49, NAN,3.7, NAN,83.4, NAN, 3.7, NAN, 73.3, NAN,1017.2,51.87,327.79,187.04,5.8714,6.1501,124.8,0.0,1438.831, NAN, NAN, NAN, NAN,,2024/04/01 11:34:33.055,2024-04-01 11:34:33.055000+00:00
2024/04/01, 11:35:33.055, 41.524, -70.672,-0.05,24.33,116.54, 0.010, NAN,6.4, NAN,1015.1, NAN,0.0, NAN,102.0, NAN,67, NAN,3.5, NAN,83.6, NAN, 3.5, NAN, 91.3, NAN,1017.2,57.7,327.51,200.77,5.8714,6.1498,124.4,0.0,1438.83, NAN, NAN, NAN, NAN,,2024/04/01 11:35:33.055,2024-04-01 11:35:33.055000+00:00
2024/04/01, 11:36:33.055, 41.524, -70.672,-0.05,24.09,346.21, 0.010, NAN,6.4, NAN,1015.2, NAN,0.0, NAN,102.0, NAN,56, NAN,4.0, NAN,83.5, NAN, 4.0, NAN, 80.1, NAN,1017.3,63.2,327.37,213.72,5.8714,6.1479,124.2,0.0,1438.822, NAN, NAN, NAN, NAN,,2024/04/01 11:36:33.055,2024-04-01 11:36:33.055000+00:00
2024/04/01, 11:37:33.055, 41.524, -70.672,0.09,24.15,321.84, 0.010, NAN,6.4, NAN,1015.2, NAN,0.0, NAN,102.0, NAN,67, NAN,3.8, NAN,83.7, NAN, 3.8, NAN, 91.1, NAN,1017.3,65.32,327.14,219.95,5.8714,6.1464,124.4,0.0,1438.815, NAN, NAN, NAN, NAN,,2024/04/01 11:37:33.055,2024-04-01 11:37:33.055000+00:00
2024/04/01, 11:38:33.055, 41.524, -70.672,0.17,24.34,128.93, 0.010, NAN,6.4, NAN,1015.3, NAN,0.0, NAN,102.0, NAN,60, NAN,4.0, NAN,83.7, NAN, 4.0, NAN, 84.4, NAN,1017.4,63.51,327.47,216.71,5.8714,6.1461,124.2,0.0,1438.814, NAN, NAN, NAN, NAN,,2024/04/01 11:38:33.055,2024-04-01 11:38:33.055000+00:00
2024/04/01, 11:39:33.055, 41.524, -70.672,0.09,24.23,346.67, 0.000, NAN,6.4, NAN,1015.3, NAN,0.0, NAN,102.0, NAN,55, NAN,5.0, NAN,83.9, NAN, 5.0, NAN, 79.2, NAN,1017.4,58.67,327.19,207.72,5.8713,6.1468,124.4,0.0,1438.817, NAN, NAN, NAN, NAN,,2024/04/01 11:39:33.055,2024-04-01 11:39:33.055000+00:00
2024/04/01, 11:40:33.055, 41.524, -70.672,0.01,24.36,316.1, 0.010, NAN,6.4, NAN,1015.3, NAN,0.0, NAN,102.0, NAN,59, NAN,4.9, NAN,83.6, NAN, 4.9, NAN, 83.4, NAN,1017.4,53.39,327.01,198.85,5.8713,6.1487,124.8,0.0,1438.825, NAN, NAN, NAN, NAN,,2024/04/01 11:40:33.055,2024-04-01 11:40:33.055000+00:00
2024/04/01, 11:41:33.055, 41.524, -70.672,-0.12,24.31,338.69, 0.010, NAN,6.5, NAN,1015.3, NAN,0.0, NAN,102.0, NAN,61, NAN,4.4, NAN,83.5, NAN, 4.4, NAN, 85.4, NAN,1017.4,51.47,326.55,197.76,5.8712,6.1499,124.4,0.0,1438.83, NAN, NAN, NAN, NAN,,2024/04/01 11:41:33.055,2024-04-01 11:41:33.055000+00:00
2024/04/01, 11:42:33.055, 41.524, -70.672,0.14,24.17,340.31, 0.000, NAN,6.5, NAN,1015.3, NAN,0.0, NAN,102.0, NAN,66, NAN,3.5, NAN,83.3, NAN, 3.5, NAN, 90.2, NAN,1017.4,56.16,325.99,208.68,5.8712,6.1508,125.1,0.0,1438.834, NAN, NAN, NAN, NAN,,2024/04/01 11:42:33.055,2024-04-01 11:42:33.055000+00:00
2024/04/01, 11:43:33.055, 41.524, -70.672,-0.01,24.37,92.54, 0.010, NAN,6.5, NAN,1015.1, NAN,0.0, NAN,102.0, NAN,59, NAN,4.1, NAN,83.4, NAN, 4.1, NAN, 83.3, NAN,1017.2,64.09,325.56,230.87,5.8711,6.1509,125.1,0.0,1438.834, NAN, NAN, NAN, NAN,,2024/04/01 11:43:33.055,2024-04-01 11:43:33.055000+00:00
2024/04/01, 11:44:33.056, 41.524, -70.672,-0.03,24.42,221.8, 0.010, NAN,6.5, NAN,1015.1, NAN,0.0, NAN,102.0, NAN,61, NAN,4.0, NAN,83.4, NAN, 4.0, NAN, 85.4, NAN,1017.2,71.22,325.41,248.91,5.8712,6.1508,124.8,0.0,1438.834, NAN, NAN, NAN, NAN,,2024/04/01 11:44:33.056,2024-04-01 11:44:33.056000+00:00
2024/04/01, 11:45:33.056, 41.524, -70.672,0.06,24.33,159.67, 0.030, NAN,6.5, NAN,1015.1, NAN,0.0, NAN,102.0, NAN,67, NAN,3.7, NAN,83.4, NAN, 3.7, NAN, 91.1, NAN,1017.2,75.28,324.73,262.67,5.8712,6.1513,125.1,0.0,1438.836, NAN, NAN, NAN, NAN,,2024/04/01 11:45:33.056,2024-04-01 11:45:33.056000+00:00
2024/04/01, 11:46:33.056, 41.524, -70.672,0.0,24.49,295.88, 0.010, NAN,6.5, NAN,1015.1, NAN,0.0, NAN,102.0, NAN,62, NAN,4.3, NAN,83.3, NAN, 4.3, NAN, 86.5, NAN,1017.2,78.56,324.25,274.06,5.8711,6.1516,124.4,0.0,1438.837, NAN, NAN, NAN, NAN,,2024/04/01 11:46:33.056,2024-04-01 11:46:33.056000+00:00
2024/04/01, 11:47:33.056, 41.524, -70.672,-0.04,24.49,226.67, 0.030, NAN,6.5, NAN,1015.1, NAN,0.0, NAN,102.0, NAN,61, NAN,4.4, NAN,83.3, NAN, 4.4, NAN, 85.4, NAN,1017.2,82.18,324.09,284.95,5.8711,6.1471,124.2,0.0,1438.818, NAN, NAN, NAN, NAN,,2024/04/01 11:47:33.056,2024-04-01 11:47:33.056000+00:00
2024/04/01, 11:48:33.056, 41.524, -70.672,-0.07,24.53,63.59, 0.030, NAN,6.5, NAN,1015.1, NAN,0.0, NAN,102.0, NAN,68, NAN,4.1, NAN,83.3, NAN, 4.1, NAN, 92.7, NAN,1017.2,84.58,323.73,293.67,5.871,6.143,124.8,0.0,1438.8, NAN, NAN, NAN, NAN,,2024/04/01 11:48:33.056,2024-04-01 11:48:33.056000+00:00
2024/04/01, 11:49:33.056, 41.524, -70.672,-0.07,24.42,190.02, 0.020, NAN,6.5, NAN,1015.1, NAN,0.0, NAN,102.0, NAN,55, NAN,3.7, NAN,83.3, NAN, 3.7, NAN, 79.3, NAN,1017.2,83.44,323.03,295.27,5.8711,6.1418,125.1,0.0,1438.795, NAN, NAN, NAN, NAN,,2024/04/01 11:49:33.056,2024-04-01 11:49:33.056000+00:00
2024/04/01, 11:50:33.056, 41.524, -70.672,0.05,24.36,329.61, 0.030, NAN,6.6, NAN,1015.1, NAN,0.0, NAN,102.0, NAN,66, NAN,4.7, NAN,83.5, NAN, 4.7, NAN, 90.5, NAN,1017.2,82.42,322.73,297.04,5.871,6.1438,125.1,0.0,1438.804, NAN, NAN, NAN, NAN,,2024/04/01 11:50:33.056,2024-04-01 11:50:33.056000+00:00
2024/04/01, 11:51:33.056, 41.524, -70.672,0.0,24.4,121.84, 0.010, NAN,6.6, NAN,1015.1, NAN,0.0, NAN,102.0, NAN,69, NAN,4.1, NAN,83.5, NAN, 4.1, NAN, 93.4, NAN,1017.2,84.38,322.91,302.42,5.871,6.1463,125.1,0.0,1438.815, NAN, NAN, NAN, NAN,,2024/04/01 11:51:33.056,2024-04-01 11:51:33.056000+00:00
2024/04/01, 11:52:33.056, 41.524, -70.672,0.02,24.15,216.88, 0.010, NAN,6.6, NAN,1015.1, NAN,0.0, NAN,102.0, NAN,57, NAN,3.7, NAN,83.5, NAN, 3.7, NAN, 81.1, NAN,1017.2,86.78,322.7,308.89,5.871,6.1464,124.4,0.0,1438.815, NAN, NAN, NAN, NAN,,2024/04/01 11:52:33.056,2024-04-01 11:52:33.056000+00:00
2024/04/01, 11:53:33.056, 41.524, -70.672,0.03,24.27,47.42, 0.020, NAN,6.6, NAN,1015.1, NAN,0.0, NAN,102.0, NAN,63, NAN,3.7, NAN,83.6, NAN, 3.7, NAN, 87.4, NAN,1017.2,88.62,322.85,314.61,5.871,6.1465,124.4,0.0,1438.815, NAN, NAN, NAN, NAN,,2024/04/01 11:53:33.056,2024-04-01 11:53:33.056000+00:00
2024/04/01, 11:54:33.056, 41.524, -70.672,-0.03,24.25,336.49, 0.000, NAN,6.6, NAN,1015.2, NAN,0.0, NAN,102.0, NAN,59, NAN,3.9, NAN,83.5, NAN, 3.9, NAN, 83.2, NAN,1017.3,89.31,322.89,315.55,5.871,6.147,125.1,0.0,1438.818, NAN, NAN, NAN, NAN,,2024/04/01 11:54:33.056,2024-04-01 11:54:33.056000+00:00
2024/04/01, 11:55:33.056, 41.524, -70.672,-0.01,24.39,241.09, 0.010, NAN,6.6, NAN,1015.1, NAN,0.0, NAN,102.0, NAN,58, NAN,4.1, NAN,83.5, NAN, 4.1, NAN, 82.4, NAN,1017.2,86.39,322.73,311.46,5.871,6.1481,123.9,0.0,1438.822, NAN, NAN, NAN, NAN,,2024/04/01 11:55:33.056,2024-04-01 11:55:33.056000+00:00
2024/04/01, 11:56:33.056, 41.524, -70.672,0.04,24.42,69.44, 0.010, NAN,6.6, NAN,1015.2, NAN,0.0, NAN,102.0, NAN,65, NAN,3.6, NAN,83.4, NAN, 3.6, NAN, 89.5, NAN,1017.3,82.71,322.35,307.15,5.871,6.1483,124.4,0.0,1438.823, NAN, NAN, NAN, NAN,,2024/04/01 11:56:33.056,2024-04-01 11:56:33.056000+00:00
2024/04/01, 11:57:33.056, 41.524, -70.672,0.12,24.38,303.49, 0.020, NAN,6.6, NAN,1015.2, NAN,0.0, NAN,102.0, NAN,66, NAN,3.0, NAN,83.2, NAN, 3.0, NAN, 90.5, NAN,1017.3,83.54,322.21,311.12,5.871,6.1485,124.2,0.0,1438.824, NAN, NAN, NAN, NAN,,2024/04/01 11:57:33.056,2024-04-01 11:57:33.056000+00:00
2024/04/01, 11:58:33.056, 41.524, -70.672,0.04,24.37,183.09, 0.010, NAN,6.6, NAN,1015.1, NAN,0.0, NAN,102.0, NAN,66, NAN,3.5, NAN,83.1, NAN, 3.5, NAN, 90.3, NAN,1017.2,89.71,322.37,328.63,5.8709,6.1498,124.8,0.0,1438.829, NAN, NAN, NAN, NAN,,2024/04/01 11:58:33.056,2024-04-01 11:58:33.056000+00:00
2024/04/01, 11:59:33.056, 41.524, -70.672,-0.08,24.37,291.55, 0.000, NAN,6.7, NAN,1015.1, NAN,0.0, NAN,102.0, NAN,61, NAN,3.9, NAN,82.9, NAN, 3.9, NAN, 85.4, NAN,1017.2,97.59,322.39,347.22,5.871,6.1514,124.4,0.0,1438.836, NAN, NAN, NAN, NAN,,2024/04/01 11:59:33.056,2024-04-01 11:59:33.056000+00:00
2024/04/01, 12:00:33.057, 41.524, -70.672,0.12,24.38,320.76, 0.010, NAN,6.7, NAN,1015.1, NAN,0.0, NAN,102.0, NAN,68, NAN,4.2, NAN,82.8, NAN, 4.2, NAN, 92.4, NAN,1017.2,103.29,322.54,363.16,5.871,6.1524,124.8,0.0,1438.841, NAN, NAN, NAN, NAN,,2024/04/01 12:00:33.057,2024-04-01 12:00:33.057000+00:00
2024/04/01, 12:01:33.057, 41.524, -70.672,0.1,24.33,145.35, 0.010, NAN,6.7, NAN,1015.1, NAN,0.0, NAN,102.0, NAN,73, NAN,5.1, NAN,82.8, NAN, 5.1, NAN, 97.3, NAN,1017.2,106.78,322.53,374.42,5.871,6.154,124.4,0.0,1438.848, NAN, NAN, NAN, NAN,,2024/04/01 12:01:33.057,2024-04-01 12:01:33.057000+00:00
2024/04/01, 12:02:33.057, 41.524, -70.672,0.08,24.49,309.13, 0.010, NAN,6.7, NAN,1014.9, NAN,0.0, NAN,102.0, NAN,64, NAN,4.2, NAN,82.5, NAN, 4.2, NAN, 88.5, NAN,1017.0,108.03,322.74,381.75,5.871,6.1567,124.4,0.0,1438.859, NAN, NAN, NAN, NAN,,2024/04/01 12:02:33.057,2024-04-01 12:02:33.057000+00:00
2024/04/01, 12:03:33.057, 41.524, -70.672,0.24,24.44,105.54, 0.000, NAN,6.7, NAN,1014.9, NAN,0.0, NAN,102.0, NAN,79, NAN,4.3, NAN,82.6, NAN, 4.3, NAN, 103.4, NAN,1017.0,109.09,322.83,389.89,5.8709,6.1603,124.8,0.0,1438.874, NAN, NAN, NAN, NAN,,2024/04/01 12:03:33.057,2024-04-01 12:03:33.057000+00:00
2024/04/01, 12:04:33.057, 41.524, -70.672,-0.07,24.36,231.62, 0.000, NAN,6.7, NAN,1014.9, NAN,0.0, NAN,102.0, NAN,63, NAN,3.6, NAN,82.4, NAN, 3.6, NAN, 87.4, NAN,1017.0,111.64,322.95,399.56,5.871,6.1583,123.6,0.0,1438.866, NAN, NAN, NAN, NAN,,2024/04/01 12:04:33.057,2024-04-01 12:04:33.057000+00:00
2024/04/01, 12:05:33.057, 41.524, -70.672,-0.06,24.29,257.76, 0.010, NAN,6.7, NAN,1014.9, NAN,0.0, NAN,102.0, NAN,68, NAN,4.2, NAN,82.6, NAN, 4.2, NAN, 92.3, NAN,1017.0,113.99,322.71,407.44,5.871,6.1367,125.1,0.0,1438.773, NAN, NAN, NAN, NAN,,2024/04/01 12:05:33.057,2024-04-01 12:05:33.057000+00:00
2024/04/01, 12:06:33.057, 41.524, -70.672,0.01,24.59,286.16, 0.000, NAN,6.7, NAN,1014.8, NAN,0.0, NAN,102.0, NAN,52, NAN,4.2, NAN,82.6, NAN, 4.2, NAN, 76.6, NAN,1016.9,115.18,322.41,413.06,5.871,6.1261,124.4,0.0,1438.728, NAN, NAN, NAN, NAN,,2024/04/01 12:06:33.057,2024-04-01 12:06:33.057000+00:00
2024/04/01, 12:07:33.057, 41.524, -70.672,-0.06,24.51,251.87, 0.000, NAN,6.7, NAN,1014.8, NAN,0.0, NAN,102.0, NAN,58, NAN,3.7, NAN,82.6, NAN, 3.7, NAN, 82.5, NAN,1016.9,116.91,322.41,419.19,5.8711,6.122,124.4,0.0,1438.71, NAN, NAN, NAN, NAN,,2024/04/01 12:07:33.057,2024-04-01 12:07:33.057000+00:00
2024/04/01, 12:08:33.057, 41.524, -70.672,0.16,24.47,63.16, 0.000, NAN,6.7, NAN,1014.8, NAN,0.0, NAN,102.0, NAN,58, NAN,4.0, NAN,82.6, NAN, 4.0, NAN, 82.5, NAN,1016.9,118.84,322.22,425.58,5.8709,6.1211,124.8,0.0,1438.706, NAN, NAN, NAN, NAN,,2024/04/01 12:08:33.057,2024-04-01 12:08:33.057000+00:00
2024/04/01, 12:09:33.057, 41.524, -70.672,-0.02,24.5,297.5, 0.000, NAN,6.8, NAN,1014.8, NAN,0.0, NAN,102.0, NAN,63, NAN,3.8, NAN,82.6, NAN, 3.8, NAN, 87.5, NAN,1016.9,120.65,322.42,431.4,5.8709,6.1216,124.2,0.0,1438.708, NAN, NAN, NAN, NAN,,2024/04/01 12:09:33.057,2024-04-01 12:09:33.057000+00:00
2024/04/01, 12:10:33.057, 41.524, -70.672,-0.01,24.48,126.81, 0.000, NAN,6.8, NAN,1014.8, NAN,0.0, NAN,102.0, NAN,64, NAN,3.7, NAN,82.7, NAN, 3.7, NAN, 88.5, NAN,1016.9,121.01,322.44,434.39,5.871,6.1241,125.1,0.0,1438.719, NAN, NAN, NAN, NAN,,2024/04/01 12:10:33.057,2024-04-01 12:10:33.057000+00:00
2024/04/01, 12:11:33.057, 41.524, -70.672,0.03,24.44,270.57, 0.010, NAN,6.8, NAN,1014.8, NAN,0.0, NAN,102.0, NAN,68, NAN,4.6, NAN,82.8, NAN, 4.6, NAN, 92.4, NAN,1016.9,120.67,322.22,435.06,5.871,6.127,124.4,0.0,1438.732, NAN, NAN, NAN, NAN,,2024/04/01 12:11:33.057,2024-04-01 12:11:33.057000+00:00
2024/04/01, 12:12:33.057, 41.524, -70.672,-0.14,24.54,323.59, 0.010, NAN,6.8, NAN,1014.8, NAN,0.0, NAN,102.0, NAN,57, NAN,4.2, NAN,83.0, NAN, 4.2, NAN, 81.6, NAN,1016.9,120.62,322.39,437.47,5.871,6.1304,124.8,0.0,1438.746, NAN, NAN, NAN, NAN,,2024/04/01 12:12:33.057,2024-04-01 12:12:33.057000+00:00
2024/04/01, 12:13:33.057, 41.524, -70.672,-0.14,24.46,294.94, 0.000, NAN,6.8, NAN,1014.7, NAN,0.0, NAN,102.0, NAN,46, NAN,4.7, NAN,83.0, NAN, 4.7, NAN, 70.5, NAN,1016.8,121.77,322.54,442.31,5.871,6.1334,124.8,0.0,1438.759, NAN, NAN, NAN, NAN,,2024/04/01 12:13:33.057,2024-04-01 12:13:33.057000+00:00
2024/04/01, 12:14:33.057, 41.524, -70.672,-0.22,24.51,291.66, 0.010, NAN,6.8, NAN,1014.7, NAN,0.0, NAN,102.0, NAN,54, NAN,5.2, NAN,83.2, NAN, 5.2, NAN, 78.5, NAN,1016.8,124.54,322.42,450.96,5.871,6.1367,125.1,0.0,1438.773, NAN, NAN, NAN, NAN,,2024/04/01 12:14:33.057,2024-04-01 12:14:33.057000+00:00
2024/04/01, 12:15:33.057, 41.524, -70.672,0.03,24.47,43.83, 0.000, NAN,6.8, NAN,1014.7, NAN,0.0, NAN,102.0, NAN,65, NAN,4.4, NAN,83.2, NAN, 4.4, NAN, 89.5, NAN,1016.8,128.89,322.06,462.16,5.871,6.1399,124.4,0.0,1438.787, NAN, NAN, NAN, NAN,,2024/04/01 12:15:33.057,2024-04-01 12:15:33.057000+00:00
2024/04/01, 12:16:33.058, 41.524, -70.672,-0.06,24.45,280.18, 0.010, NAN,6.8, NAN,1014.7, NAN,0.0, NAN,102.0, NAN,65, NAN,4.3, NAN,83.0, NAN, 4.3, NAN, 89.5, NAN,1016.8,133.2,322.19,473.95,5.8709,6.1427,124.4,0.0,1438.799, NAN, NAN, NAN, NAN,,2024/04/01 12:16:33.058,2024-04-01 12:16:33.058000+00:00
2024/04/01, 12:17:33.058, 41.524, -70.672,-0.16,24.48,300.13, 0.010, NAN,6.8, NAN,1014.7, NAN,0.0, NAN,102.0, NAN,65, NAN,4.3, NAN,83.0, NAN, 4.3, NAN, 89.5, NAN,1016.8,137.25,322.17,487.91,5.871,6.1439,124.4,0.0,1438.804, NAN, NAN, NAN, NAN,,2024/04/01 12:17:33.058,2024-04-01 12:17:33.058000+00:00
2024/04/01, 12:18:33.058, 41.524, -70.672,-0.02,24.48,207.41, 0.000, NAN,6.8, NAN,1014.7, NAN,0.0, NAN,102.0, NAN,63, NAN,3.8, NAN,83.2, NAN, 3.8, NAN, 87.5, NAN,1016.8,142.32,322.12,501.57,5.871,6.1483,124.4,0.0,1438.823, NAN, NAN, NAN, NAN,,2024/04/01 12:18:33.058,2024-04-01 12:18:33.058000+00:00
2024/04/01, 12:19:33.058, 41.524, -70.672,0.06,24.47,334.9, 0.000, NAN,6.8, NAN,1014.7, NAN,0.0, NAN,102.0, NAN,67, NAN,5.4, NAN,83.5, NAN, 5.4, NAN, 91.5, NAN,1016.8,147.83,322.43,516.83,5.871,6.1549,124.2,0.0,1438.851, NAN, NAN, NAN, NAN,,2024/04/01 12:19:33.058,2024-04-01 12:19:33.058000+00:00
2024/04/01, 12:20:33.058, 41.524, -70.672,-0.28,24.49,288.88, 0.010, NAN,6.8, NAN,1014.5, NAN,0.0, NAN,102.0, NAN,73, NAN,3.4, NAN,83.1, NAN, 3.4, NAN, 97.5, NAN,1016.6,151.47,322.39,531.21,5.8711,6.1631,124.8,0.0,1438.887, NAN, NAN, NAN, NAN,,2024/04/01 12:20:33.058,2024-04-01 12:20:33.058000+00:00
2024/04/01, 12:21:33.058, 41.524, -70.672,-0.1,24.44,12.59, 0.000, NAN,6.8, NAN,1014.5, NAN,0.0, NAN,102.0, NAN,66, NAN,4.6, NAN,83.1, NAN, 4.6, NAN, 90.4, NAN,1016.6,150.95,322.27,534.26,5.871,6.1689,124.4,0.0,1438.911, NAN, NAN, NAN, NAN,,2024/04/01 12:21:33.058,2024-04-01 12:21:33.058000+00:00
2024/04/01, 12:22:33.058, 41.524, -70.672,-0.01,24.46,250.28, 0.000, NAN,6.8, NAN,1014.5, NAN,0.0, NAN,102.0, NAN,67, NAN,4.4, NAN,83.1, NAN, 4.4, NAN, 91.5, NAN,1016.6,149.05,322.29,536.25,5.8711,6.1721,124.8,0.0,1438.925, NAN, NAN, NAN, NAN,,2024/04/01 12:22:33.058,2024-04-01 12:22:33.058000+00:00
2024/04/01, 12:23:33.058, 41.524, -70.672,-0.1,24.37,341.49, 0.010, NAN,6.8, NAN,1014.5, NAN,0.0, NAN,102.0, NAN,72, NAN,4.6, NAN,82.9, NAN, 4.6, NAN, 96.4, NAN,1016.6,149.52,322.16,543.72,5.871,6.1734,124.8,0.0,1438.931, NAN, NAN, NAN, NAN,,2024/04/01 12:23:33.058,2024-04-01 12:23:33.058000+00:00
2024/04/01, 12:24:33.058, 41.524, -70.672,0.0,24.42,89.33, 0.000, NAN,6.8, NAN,1014.5, NAN,0.0, NAN,102.0, NAN,61, NAN,4.1, NAN,82.8, NAN, 4.1, NAN, 85.4, NAN,1016.6,145.94,322.22,528.36,5.8711,6.1723,125.1,0.0,1438.926, NAN, NAN, NAN, NAN,,2024/04/01 12:24:33.058,2024-04-01 12:24:33.058000+00:00
2024/04/01, 12:25:33.058, 41.524, -70.672,-0.01,24.44,325.38, 0.000, NAN,6.8, NAN,1014.4, NAN,0.0, NAN,102.0, NAN,67, NAN,4.6, NAN,82.9, NAN, 4.6, NAN, 91.4, NAN,1016.5,144.19,322.11,519.7,5.8711,6.1709,124.4,0.0,1438.92, NAN, NAN, NAN, NAN,,2024/04/01 12:25:33.058,2024-04-01 12:25:33.058000+00:00
2024/04/01, 12:26:33.058, 41.524, -70.672,-0.07,24.43,98.38, 0.010, NAN,6.9, NAN,1014.4, NAN,0.0, NAN,102.0, NAN,65, NAN,4.2, NAN,82.8, NAN, 4.2, NAN, 89.4, NAN,1016.5,143.94,321.77,518.93,5.8711,6.1667,124.4,0.0,1438.902, NAN, NAN, NAN, NAN,,2024/04/01 12:26:33.058,2024-04-01 12:26:33.058000+00:00
2024/04/01, 12:27:33.058, 41.524, -70.672,0.02,24.43,304.29, 0.010, NAN,6.9, NAN,1014.4, NAN,0.0, NAN,102.0, NAN,71, NAN,5.3, NAN,82.8, NAN, 5.3, NAN, 95.5, NAN,1016.5,143.92,321.78,519.6,5.8711,6.1638,124.2,0.0,1438.89, NAN, NAN, NAN, NAN,,2024/04/01 12:27:33.058,2024-04-01 12:27:33.058000+00:00
2024/04/01, 12:28:33.058, 41.524, -70.672,-0.03,24.46,347.48, 0.010, NAN,6.9, NAN,1014.3, NAN,0.0, NAN,102.0, NAN,63, NAN,5.2, NAN,82.7, NAN, 5.2, NAN, 87.5, NAN,1016.4,145.05,321.57,524.29,5.8712,6.1656,124.8,0.0,1438.898, NAN, NAN, NAN, NAN,,2024/04/01 12:28:33.058,2024-04-01 12:28:33.058000+00:00
2024/04/01, 12:29:33.058, 41.524, -70.672,-0.09,24.39,297.01, 0.010, NAN,6.9, NAN,1014.3, NAN,0.0, NAN,102.0, NAN,79, NAN,4.6, NAN,82.4, NAN, 4.6, NAN, 103.4, NAN,1016.4,146.78,321.31,529.2,5.8711,6.1692,124.8,0.0,1438.913, NAN, NAN, NAN, NAN,,2024/04/01 12:29:33.058,2024-04-01 12:29:33.058000+00:00
2024/04/01, 12:30:33.058, 41.524, -70.672,-0.09,24.44,1.82, 0.010, NAN,6.9, NAN,1014.4, NAN,0.0, NAN,102.0, NAN,67, NAN,5.0, NAN,82.4, NAN, 5.0, NAN, 91.5, NAN,1016.5,148.38,320.97,534.08,5.8712,6.1727,124.4,0.0,1438.928, NAN, NAN, NAN, NAN,,2024/04/01 12:30:33.058,2024-04-01 12:30:33.058000+00:00
2024/04/01, 12:31:33.058, 41.524, -70.672,-0.08,24.41,82.44, 0.020, NAN,6.9, NAN,1014.4, NAN,0.0, NAN,102.0, NAN,67, NAN,4.5, NAN,82.4, NAN, 4.5, NAN, 91.4, NAN,1016.5,150.3,321.11,538.52,5.8711,6.1758,124.4,0.0,1438.941, NAN, NAN, NAN, NAN,,2024/04/01 12:31:33.058,2024-04-01 12:31:33.058000+00:00
2024/04/01, 12:32:33.059, 41.524, -70.672,-0.07,24.39,286.95, 0.010, NAN,6.9, NAN,1014.5, NAN,0.0, NAN,102.0, NAN,66, NAN,4.2, NAN,82.2, NAN, 4.2, NAN, 90.4, NAN,1016.6,152.34,320.93,543.68,5.8712,6.1763,125.4,0.0,1438.943, NAN, NAN, NAN, NAN,,2024/04/01 12:32:33.059,2024-04-01 12:32:33.059000+00:00
2024/04/01, 12:33:33.059, 41.524, -70.672,-0.07,24.41,186.13, 0.000, NAN,6.9, NAN,1014.5, NAN,0.0, NAN,102.0, NAN,72, NAN,5.1, NAN,82.5, NAN, 5.1, NAN, 96.4, NAN,1016.6,154.27,320.77,546.79,5.8712,6.1755,125.4,0.0,1438.94, NAN, NAN, NAN, NAN,,2024/04/01 12:33:33.059,2024-04-01 12:33:33.059000+00:00
2024/04/01, 12:34:33.059, 41.524, -70.672,0.1,24.4,257.49, 0.010, NAN,6.9, NAN,1014.5, NAN,0.0, NAN,102.0, NAN,67, NAN,4.4, NAN,82.0, NAN, 4.4, NAN, 91.4, NAN,1016.6,154.22,320.98,545.43,5.8713,6.1694,125.4,0.0,1438.914, NAN, NAN, NAN, NAN,,2024/04/01 12:34:33.059,2024-04-01 12:34:33.059000+00:00
2024/04/01, 12:35:33.059, 41.524, -70.672,0.08,23.79,302.74, 0.000, NAN,6.9, NAN,1014.5, NAN,0.0, NAN,102.0, NAN,63, NAN,4.7, NAN,82.0, NAN, 4.7, NAN, 86.8, NAN,1016.6,151.81,321.22,538.32,5.8714,6.1635,125.1,0.0,1438.889, NAN, NAN, NAN, NAN,,2024/04/01 12:35:33.059,2024-04-01 12:35:33.059000+00:00
2024/04/01, 12:36:33.059, 41.524, -70.672,0.08,24.09,100.05, 0.010, NAN,6.9, NAN,1014.5, NAN,0.0, NAN,102.0, NAN,66, NAN,4.6, NAN,81.9, NAN, 4.6, NAN, 90.1, NAN,1016.6,146.67,320.99,525.94,5.8714,6.1634,124.8,0.0,1438.888, NAN, NAN, NAN, NAN,,2024/04/01 12:36:33.059,2024-04-01 12:36:33.059000+00:00
2024/04/01, 12:37:33.059, 41.524, -70.672,0.08,23.82,131.56, 0.010, NAN,6.9, NAN,1014.5, NAN,0.0, NAN,102.0, NAN,70, NAN,4.4, NAN,81.9, NAN, 4.4, NAN, 93.8, NAN,1016.6,141.2,320.55,510.75,5.8717,6.1636,124.8,0.0,1438.89, NAN, NAN, NAN, NAN,,2024/04/01 12:37:33.059,2024-04-01 12:37:33.059000+00:00
2024/04/01, 12:38:33.059, 41.524, -70.672,0.08,23.86,292.5, 0.000, NAN,6.9, NAN,1014.4, NAN,0.0, NAN,102.0, NAN,73, NAN,5.8, NAN,81.9, NAN, 5.8, NAN, 96.9, NAN,1016.5,136.82,320.22,501.86,5.8717,6.1629,124.4,0.0,1438.887, NAN, NAN, NAN, NAN,,2024/04/01 12:38:33.059,2024-04-01 12:38:33.059000+00:00
2024/04/01, 12:39:33.059, 41.524, -70.672,0.08,23.97,315.38, 0.010, NAN,6.9, NAN,1014.4, NAN,0.0, NAN,102.0, NAN,73, NAN,3.6, NAN,81.8, NAN, 3.6, NAN, 97.0, NAN,1016.5,136.6,320.45,502.12,5.8717,6.162,125.4,0.0,1438.883, NAN, NAN, NAN, NAN,,2024/04/01 12:39:33.059,2024-04-01 12:39:33.059000+00:00
2024/04/01, 12:40:33.059, 41.524, -70.672,0.08,24.03,298.8, 0.000, NAN,6.9, NAN,1014.4, NAN,0.0, NAN,102.0, NAN,66, NAN,5.6, NAN,82.1, NAN, 5.6, NAN, 90.0, NAN,1016.5,140.66,320.43,510.73,5.8718,6.1618,124.8,0.0,1438.882, NAN, NAN, NAN, NAN,,2024/04/01 12:40:33.059,2024-04-01 12:40:33.059000+00:00
2024/04/01, 12:41:33.059, 41.524, -70.672,0.08,23.96,335.1, 0.010, NAN,6.9, NAN,1014.4, NAN,0.0, NAN,102.0, NAN,68, NAN,5.4, NAN,82.1, NAN, 5.4, NAN, 91.9, NAN,1016.5,143.77,320.51,519.72,5.8719,6.1593,125.1,0.0,1438.871, NAN, NAN, NAN, NAN,,2024/04/01 12:41:33.059,2024-04-01 12:41:33.059000+00:00
2024/04/01, 12:42:33.059, 41.524, -70.672,0.08,23.96,11.0, 0.000, NAN,6.9, NAN,1014.4, NAN,0.0, NAN,102.0, NAN,71, NAN,5.2, NAN,82.1, NAN, 5.2, NAN, 95.0, NAN,1016.5,144.53,320.52,526.04,5.8719,6.154,124.8,0.0,1438.849, NAN, NAN, NAN, NAN,,2024/04/01 12:42:33.059,2024-04-01 12:42:33.059000+00:00
2024/04/01, 12:43:33.059, 41.524, -70.672,0.08,24.0,134.46, 0.010, NAN,6.9, NAN,1014.3, NAN,0.0, NAN,102.0, NAN,71, NAN,4.3, NAN,82.2, NAN, 4.3, NAN, 94.9, NAN,1016.4,145.72,320.49,532.48,5.872,6.1474,124.4,0.0,1438.82, NAN, NAN, NAN, NAN,,2024/04/01 12:43:33.059,2024-04-01 12:43:33.059000+00:00
2024/04/01, 12:44:33.059, 41.524, -70.672,0.22,23.99,309.5, 0.010, NAN,6.9, NAN,1014.3, NAN,0.0, NAN,102.0, NAN,64, NAN,4.1, NAN,82.2, NAN, 4.1, NAN, 88.0, NAN,1016.4,148.66,320.45,542.16,5.872,6.1442,124.8,0.0,1438.807, NAN, NAN, NAN, NAN,,2024/04/01 12:44:33.059,2024-04-01 12:44:33.059000+00:00
2024/04/01, 12:45:33.059, 41.524, -70.672,0.22,23.91,320.85, 0.010, NAN,6.9, NAN,1014.3, NAN,0.0, NAN,102.0, NAN,64, NAN,5.3, NAN,82.2, NAN, 5.3, NAN, 88.0, NAN,1016.4,151.43,320.19,549.38,5.8721,6.1412,124.8,0.0,1438.794, NAN, NAN, NAN, NAN,,2024/04/01 12:45:33.059,2024-04-01 12:45:33.059000+00:00
2024/04/01, 12:46:33.059, 41.524, -70.672,0.22,23.83,324.72, 0.000, NAN,6.9, NAN,1014.3, NAN,0.0, NAN,102.0, NAN,70, NAN,5.0, NAN,82.5, NAN, 5.0, NAN, 93.8, NAN,1016.4,156.18,319.89,561.5,5.8721,6.1394,124.8,0.0,1438.786, NAN, NAN, NAN, NAN,,2024/04/01 12:46:33.059,2024-04-01 12:46:33.059000+00:00
2024/04/01, 12:47:33.059, 41.524, -70.672,0.17,23.9,269.48, 0.000, NAN,6.9, NAN,1014.3, NAN,0.0, NAN,102.0, NAN,58, NAN,4.1, NAN,82.4, NAN, 4.1, NAN, 81.9, NAN,1016.4,162.11,320.01,579.52,5.8722,6.1368,124.8,0.0,1438.775, NAN, NAN, NAN, NAN,,2024/04/01 12:47:33.059,2024-04-01 12:47:33.059000+00:00
2024/04/01, 12:48:33.060, 41.524, -70.672,0.17,24.01,316.03, 0.010, NAN,6.9, NAN,1014.3, NAN,0.0, NAN,102.0, NAN,69, NAN,5.4, NAN,82.3, NAN, 5.4, NAN, 93.0, NAN,1016.4,169.07,319.88,598.63,5.8721,6.1339,125.1,0.0,1438.763, NAN, NAN, NAN, NAN,,2024/04/01 12:48:33.060,2024-04-01 12:48:33.060000+00:00
2024/04/01, 12:49:33.060, 41.524, -70.672,0.17,24.05,237.99, 0.010, NAN,6.9, NAN,1014.3, NAN,0.0, NAN,102.0, NAN,69, NAN,4.8, NAN,82.1, NAN, 4.8, NAN, 93.1, NAN,1016.4,175.63,320.39,614.93,5.8722,6.1306,125.1,0.0,1438.749, NAN, NAN, NAN, NAN,,2024/04/01 12:49:33.060,2024-04-01 12:49:33.060000+00:00
2024/04/01, 12:50:33.060, 41.524, -70.672,0.17,24.09,295.63, 0.060, NAN,6.8, NAN,1014.3, NAN,0.0, NAN,102.0, NAN,57, NAN,6.5, NAN,82.1, NAN, 6.5, NAN, 81.2, NAN,1016.4,179.82,320.56,627.42,5.8722,6.1288,124.8,0.0,1438.741, NAN, NAN, NAN, NAN,,2024/04/01 12:50:33.060,2024-04-01 12:50:33.060000+00:00
2024/04/01, 12:51:33.060, 41.524, -70.672,0.17,24.35,108.0, 0.000, NAN,6.8, NAN,1014.3, NAN,0.0, NAN,102.0, NAN,70, NAN,4.2, NAN,82.1, NAN, 4.2, NAN, 94.3, NAN,1016.4,179.14,320.82,630.6,5.8723,6.1324,124.8,0.0,1438.756, NAN, NAN, NAN, NAN,,2024/04/01 12:51:33.060,2024-04-01 12:51:33.060000+00:00
2024/04/01, 12:52:33.060, 41.524, -70.672,0.17,24.37,312.25, 0.000, NAN,6.8, NAN,1014.3, NAN,0.0, NAN,102.0, NAN,56, NAN,5.0, NAN,82.2, NAN, 5.0, NAN, 80.4, NAN,1016.4,178.46,321.08,634.02,5.8722,6.1386,125.1,0.0,1438.783, NAN, NAN, NAN, NAN,,2024/04/01 12:52:33.060,2024-04-01 12:52:33.060000+00:00
2024/04/01, 12:53:33.060, 41.524, -70.672,0.17,24.36,138.81, 0.010, NAN,6.8, NAN,1014.3, NAN,0.0, NAN,102.0, NAN,59, NAN,3.9, NAN,82.4, NAN, 3.9, NAN, 83.3, NAN,1016.4,177.91,321.35,631.98,5.8723,6.1468,125.7,0.0,1438.818, NAN, NAN, NAN, NAN,,2024/04/01 12:53:33.060,2024-04-01 12:53:33.060000+00:00
2024/04/01, 12:54:33.060, 41.524, -70.672,0.17,24.36,232.73, 0.000, NAN,6.9, NAN,1014.2, NAN,0.0, NAN,102.0, NAN,76, NAN,5.0, NAN,82.7, NAN, 5.0, NAN, 100.4, NAN,1016.3,178.17,321.0,631.08,5.8723,6.1502,124.8,0.0,1438.833, NAN, NAN, NAN, NAN,,2024/04/01 12:54:33.060,2024-04-01 12:54:33.060000+00:00
2024/04/01, 12:55:33.060, 41.524, -70.672,0.17,24.37,320.2, 0.010, NAN,6.9, NAN,1014.1, NAN,0.0, NAN,102.0, NAN,70, NAN,5.1, NAN,82.3, NAN, 5.1, NAN, 94.4, NAN,1016.2,176.57,321.05,627.09,5.8724,6.1511,125.7,0.0,1438.837, NAN, NAN, NAN, NAN,,2024/04/01 12:55:33.060,2024-04-01 12:55:33.060000+00:00
2024/04/01, 12:56:33.060, 41.524, -70.672,0.17,24.4,191.53, 0.000, NAN,6.8, NAN,1014.1, NAN,0.0, NAN,102.0, NAN,67, NAN,4.4, NAN,82.3, NAN, 4.4, NAN, 91.4, NAN,1016.2,176.13,320.82,627.25,5.8723,6.1516,124.4,0.0,1438.839, NAN, NAN, NAN, NAN,,2024/04/01 12:56:33.060,2024-04-01 12:56:33.060000+00:00
2024/04/01, 12:57:33.060, 41.524, -70.672,0.21,24.37,329.26, 0.010, NAN,6.8, NAN,1014.1, NAN,0.0, NAN,102.0, NAN,72, NAN,4.8, NAN,82.6, NAN, 4.8, NAN, 96.4, NAN,1016.2,175.67,320.87,626.76,5.8725,6.1566,125.1,0.0,1438.861, NAN, NAN, NAN, NAN,,2024/04/01 12:57:33.060,2024-04-01 12:57:33.060000+00:00
2024/04/01, 12:58:33.060, 41.524, -70.672,0.21,24.43,292.32, 0.000, NAN,6.8, NAN,1014.1, NAN,0.0, NAN,102.0, NAN,67, NAN,4.5, NAN,82.7, NAN, 4.5, NAN, 91.4, NAN,1016.2,177.91,320.77,633.04,5.8725,6.1606,124.8,0.0,1438.878, NAN, NAN, NAN, NAN,,2024/04/01 12:58:33.060,2024-04-01 12:58:33.060000+00:00
2024/04/01, 12:59:33.060, 41.524, -70.672,0.21,24.44,2.81, 0.000, NAN,6.8, NAN,1014.2, NAN,0.0, NAN,102.0, NAN,62, NAN,4.8, NAN,82.9, NAN, 4.8, NAN, 86.4, NAN,1016.3,182.84,321.21,644.39,5.8726,6.1633,125.7,0.0,1438.889, NAN, NAN, NAN, NAN,,2024/04/01 12:59:33.060,2024-04-01 12:59:33.060000+00:00
2024/04/01, 13:00:33.060, 41.524, -70.672,0.21,24.49,262.81, 0.010, NAN,6.8, NAN,1014.1, NAN,0.0, NAN,102.0, NAN,51, NAN,2.9, NAN,83.0, NAN, 2.9, NAN, 75.4, NAN,1016.2,188.04,321.5,657.5,5.8725,6.1676,124.2,0.0,1438.908, NAN, NAN, NAN, NAN,,2024/04/01 13:00:33.060,2024-04-01 13:00:33.060000+00:00
2024/04/01, 13:01:33.060, 41.524, -70.672,0.21,24.44,103.18, 0.010, NAN,6.9, NAN,1014.2, NAN,0.0, NAN,102.0, NAN,72, NAN,5.4, NAN,83.1, NAN, 5.4, NAN, 96.4, NAN,1016.3,192.19,321.53,671.4,5.8726,6.17,125.7,0.0,1438.918, NAN, NAN, NAN, NAN,,2024/04/01 13:01:33.060,2024-04-01 13:01:33.060000+00:00
2024/04/01, 13:02:33.060, 41.524, -70.672,0.22,24.45,215.63, 0.020, NAN,6.9, NAN,1014.2, NAN,0.0, NAN,102.0, NAN,58, NAN,5.3, NAN,82.9, NAN, 5.3, NAN, 82.4, NAN,1016.3,196.0,321.62,687.58,5.8726,6.1738,124.8,0.0,1438.935, NAN, NAN, NAN, NAN,,2024/04/01 13:02:33.060,2024-04-01 13:02:33.060000+00:00
2024/04/01, 13:03:33.060, 41.524, -70.672,0.22,24.44,31.32, 0.020, NAN,6.9, NAN,1014.3, NAN,0.0, NAN,102.0, NAN,53, NAN,4.5, NAN,82.7, NAN, 4.5, NAN, 77.5, NAN,1016.4,197.26,321.96,693.2,5.8726,6.1757,125.4,0.0,1438.943, NAN, NAN, NAN, NAN,,2024/04/01 13:03:33.060,2024-04-01 13:03:33.060000+00:00
2024/04/01, 13:04:33.061, 41.524, -70.672,0.25,24.59,3.46, 0.030, NAN,6.9, NAN,1014.3, NAN,0.0, NAN,102.0, NAN,75, NAN,3.2, NAN,82.6, NAN, 3.2, NAN, 99.9, NAN,1016.4,197.4,322.27,695.29,5.8726,6.1779,125.4,0.0,1438.952, NAN, NAN, NAN, NAN,,2024/04/01 13:04:33.061,2024-04-01 13:04:33.061000+00:00
2024/04/01, 13:05:33.061, 41.524, -70.672,0.18,24.48,187.91, 0.020, 0.0,6.9, 0.0,1014.3, 0.0,0.0, 0.000,0.0, 0,0, 0.0,0.0, 0.0,82.9, 0.0, 0.0, 24.4, 24.4, 2.1,1016.4,196.74,322.18,695.16,5.8726,6.1798,124.2,0.0,1438.96, NAN, NAN, NAN, NAN,,2024/04/01 13:05:33.061,2024-04-01 13:05:33.061000+00:00
2024/04/01, 13:06:33.061, 41.524, -70.672,0.18,24.57,289.44, 0.010, 6.9,6.9, 1014.3,1014.3, 0.0,0.0, 0.000,0.0, 74,57, 3.9,5.2, 82.8,82.9, 3.9, 5.2, 98.6, 81.6, 1016.4,1016.4,196.57,322.43,696.25,5.8727,6.1781,123.2,0.0,1438.953, NAN, NAN, NAN, NAN,,2024/04/01 13:06:33.061,2024-04-01 13:06:33.061000+00:00
2024/04/01, 13:07:33.061, 41.524, -70.672,0.18,24.49,124.35, 0.000, 6.9,6.9, 1014.3,1014.3, 0.0,0.0, 0.000,0.0, 81,64, 3.5,4.7, 82.9,82.8, 3.5, 4.7, 105.5, 88.5, 1016.4,1016.4,199.05,322.18,701.42,5.8728,6.1724,124.8,0.0,1438.929, NAN, NAN, NAN, NAN,,2024/04/01 13:07:33.061,2024-04-01 13:07:33.061000+00:00
2024/04/01, 13:08:33.061, 41.524, -70.672,0.18,24.53,240.1, 0.010, 6.9,6.9, 1014.3,1014.3, 0.0,0.0, 0.000,0.0, 89,66, 2.9,4.0, 82.8,82.9, 2.9, 4.0, 113.4, 90.5, 1016.4,1016.4,200.73,322.65,703.69,5.8729,6.1732,125.1,0.0,1438.932, NAN, NAN, NAN, NAN,,2024/04/01 13:08:33.061,2024-04-01 13:08:33.061000+00:00
2024/04/01, 13:09:33.061, 41.524, -70.672,0.18,24.58,335.4, 0.000, 6.9,6.9, 1014.3,1014.3, 0.0,0.0, 0.000,0.0, 90,72, 3.6,4.2, 83.2,83.2, 3.6, 4.2, 114.6, 96.6, 1016.4,1016.4,200.48,322.64,705.9,5.8731,6.1765,124.8,0.0,1438.947, NAN, NAN, NAN, NAN,,2024/04/01 13:09:33.061,2024-04-01 13:09:33.061000+00:00
2024/04/01, 13:10:33.061, 41.524, -70.672,0.18,24.6,244.27, 0.010, 6.9,6.9, 1014.3,1014.3, 0.0,0.0, 0.000,0.0, 87,68, 3.5,4.4, 83.1,83.1, 3.5, 4.4, 111.5, 92.6, 1016.4,1016.4,198.6,322.82,704.95,5.8731,6.1819,125.1,0.0,1438.97, NAN, NAN, NAN, NAN,,2024/04/01 13:10:33.061,2024-04-01 13:10:33.061000+00:00
2024/04/01, 13:11:33.061, 41.524, -70.672,0.18,24.57,310.46, 0.000, 6.9,6.9, 1014.4,1014.3, 0.0,0.0, 0.000,0.0, 85,68, 3.3,4.4, 83.0,83.1, 3.3, 4.4, 109.6, 92.6, 1016.5,1016.4,199.35,322.79,709.43,5.8733,6.1873,125.4,0.0,1438.993, NAN, NAN, NAN, NAN,,2024/04/01 13:11:33.061,2024-04-01 13:11:33.061000+00:00
2024/04/01, 13:12:33.061, 41.524, -70.672,0.18,24.76,185.27, 0.010, 6.9,6.9, 1014.4,1014.3, 0.0,0.0, 0.000,0.0, 82,66, 3.2,4.4, 83.1,83.1, 3.2, 4.4, 106.7, 90.7, 1016.5,1016.4,202.55,323.12,713.74,5.8734,6.1884,124.8,0.0,1438.998, NAN, NAN, NAN, NAN,,2024/04/01 13:12:33.061,2024-04-01 13:12:33.061000+00:00
2024/04/01, 13:13:33.061, 41.524, -70.672,0.18,24.62,11.42, 0.010, 6.9,6.9, 1014.3,1014.3, 0.0,0.0, 0.000,0.0, 93,79, 4.8,5.4, 83.1,83.1, 4.8, 5.4, 117.7, 103.7, 1016.4,1016.4,204.25,322.82,716.16,5.8735,6.1845,124.4,0.0,1438.982, NAN, NAN, NAN, NAN,,2024/04/01 13:13:33.061,2024-04-01 13:13:33.061000+00:00
2024/04/10, 00:00:48.333,39.512,-71.304, 11.28,50.15,54.29,10.95,10.0,10.0,1016.9,1016.9,0.0,0.0,0.03,0.01,21,14,5.3,4.9,84.5,84.6,1.8,1.3,162.4,183.0,1019.0,1019.0,-7.05,315.17,-0.02,33.279,8.9423,637.2,57.2,1483.955, NAN, NAN, NAN, NAN,,2024/04/10 00:00:48.333,2024-04-10 00:00:48.333000+00:00
2024/04/10, 00:01:48.333,39.514,-71.301, 11.31,49.4,51.6,11.0,10.1,10.1,1016.9,1016.9,0.0,0.0,0.03,0.01,21,16,5.1,4.8,85.8,85.8,1.9,1.6,167.6,181.3,1019.0,1019.0,-6.97,315.12,-0.02,33.2613,8.9103,627.5,57.5,1483.814, NAN, NAN, NAN, NAN,,2024/04/10 00:01:48.333,2024-04-10 00:01:48.333000+00:00
2024/04/10, 00:02:48.333,39.516,-71.298, 11.26,50.21,49.95,10.76,10.1,10.1,1017.0,1017.0,0.0,0.0,0.03,0.01,23,17,4.9,4.6,85.1,85.1,2.2,1.8,168.4,180.5,1019.1,1019.1,-6.88,314.01,-0.02,33.2563,8.8696,618.0,57.5,1483.657, NAN, NAN, NAN, NAN,,2024/04/10 00:02:48.333,2024-04-10 00:02:48.333000+00:00
2024/04/10, 00:03:48.333,39.517,-71.295, 11.25,50.14,52.91,11.1,10.1,10.1,1017.0,1017.0,0.0,0.0,0.03,0.01,26,21,4.3,4.3,85.1,84.2,2.5,2.2,187.2,191.2,1019.1,1019.1,-6.92,313.28,-0.02,33.2519,8.9058,611.6,57.4,1483.786, NAN, NAN, NAN, NAN,,2024/04/10 00:03:48.333,2024-04-10 00:03:48.333000+00:00
2024/04/10, 00:04:48.333,39.519,-71.292, 11.08,50.4,52.92,10.71,10.1,10.1,1016.9,1017.1,0.0,0.0,0.03,0.01,23,19,3.3,3.9,83.5,83.6,2.8,2.2,203.0,195.7,1019.0,1019.2,-6.94,312.68,-0.02,33.2478,8.9675,591.0,57.1,1484.01, NAN, NAN, NAN, NAN,,2024/04/10 00:04:48.333,2024-04-10 00:04:48.333000+00:00
2024/04/10, 00:05:48.333,39.521,-71.289, 11.16,50.27,51.85,10.98,10.1,10.1,1017.0,1016.9,0.0,0.0,0.03,0.01,25,19,4.5,4.3,83.9,83.9,2.3,2.0,182.8,193.0,1019.1,1019.0,-6.92,312.45,-0.02,33.2204,9.0099,582.0,57.2,1484.133, NAN, NAN, NAN, NAN,,2024/04/10 00:05:48.333,2024-04-10 00:05:48.333000+00:00
2024/04/10, 00:06:48.333,39.523,-71.286, 11.23,49.45,49.78,11.06,10.1,10.1,1017.0,1016.9,0.0,0.0,0.03,0.01,23,18,4.8,4.5,84.2,84.2,2.1,1.9,175.9,188.3,1019.1,1019.0,-6.91,312.76,-0.03,33.2023,8.9341,556.6,57.3,1483.83, NAN, NAN, NAN, NAN,,2024/04/10 00:06:48.333,2024-04-10 00:06:48.333000+00:00
2024/04/10, 00:07:48.334,39.525,-71.283, 11.16,50.08,54.01,10.86,10.1,10.2,1017.0,1017.0,0.0,0.0,0.03,0.01,23,16,4.9,4.7,84.4,84.4,2.0,1.5,172.5,185.1,1019.1,1019.1,-6.83,312.81,-0.02,33.1895,9.198,559.6,57.2,1484.789, NAN, NAN, NAN, NAN,,2024/04/10 00:07:48.334,2024-04-10 00:07:48.334000+00:00
2024/04/10, 00:08:48.334,39.527,-71.28, 11.12,49.79,49.36,10.7,10.1,10.2,1017.2,1017.0,0.0,0.0,0.03,0.01,19,17,4.1,4.4,84.7,84.6,2.1,1.8,191.4,186.0,1019.3,1019.1,-6.91,313.15,-0.02,33.1831,9.2466,544.1,57.4,1484.96, NAN, NAN, NAN, NAN,,2024/04/10 00:08:48.334,2024-04-10 00:08:48.334000+00:00
2024/04/10, 00:09:48.334,39.529,-71.277, 11.12,50.85,50.25,10.73,10.1,10.2,1017.0,1016.9,0.0,0.0,0.03,0.01,26,20,4.5,4.3,85.0,84.9,2.4,2.0,178.7,187.6,1019.1,1019.0,-6.96,313.86,-0.02,33.1742,9.1797,551.2,57.5,1484.703, NAN, NAN, NAN, NAN,,2024/04/10 00:09:48.334,2024-04-10 00:09:48.334000+00:00
2024/04/10, 00:10:48.334,39.531,-71.274, 11.14,50.21,52.62,10.92,10.1,10.2,1017.0,1017.1,0.0,0.0,0.03,0.01,25,20,4.4,4.2,85.0,85.0,2.4,2.1,183.8,192.6,1019.1,1019.2,-6.8,314.57,-0.02,33.1459,8.9904,564.3,57.8,1483.969, NAN, NAN, NAN, NAN,,2024/04/10 00:10:48.334,2024-04-10 00:10:48.334000+00:00
2024/04/10, 00:11:48.334,39.532,-71.271, 11.13,50.06,54.92,11.03,10.1,10.1,1017.0,1017.1,0.0,0.0,0.03,0.01,28,23,4.3,4.1,85.2,85.1,2.5,2.3,187.7,195.9,1019.1,1019.2,-6.88,315.26,-0.03,33.1338,8.8814,546.2,57.6,1483.551, NAN, NAN, NAN, NAN,,2024/04/10 00:11:48.334,2024-04-10 00:11:48.334000+00:00
2024/04/10, 00:12:48.334,39.534,-71.268, 11.10,49.65,53.21,10.88,10.1,10.2,1017.2,1017.1,0.0,0.0,0.03,0.01,31,25,3.6,3.9,85.6,85.5,2.9,2.5,197.7,196.3,1019.3,1019.2,-6.88,316.32,-0.03,33.1272,8.7765,530.4,57.0,1483.153, NAN, NAN, NAN, NAN,,2024/04/10 00:12:48.334,2024-04-10 00:12:48.334000+00:00
2024/04/10, 00:13:48.334,39.536,-71.265, 11.18,50.01,51.84,10.87,10.2,10.2,1017.0,1017.2,0.0,0.0,0.03,0.01,35,29,3.6,4.7,85.8,85.7,3.2,2.5,194.8,175.4,1019.1,1019.3,-6.87,317.53,-0.03,33.1302,8.903,520.9,57.1,1483.626, NAN, NAN, NAN, NAN,,2024/04/10 00:13:48.334,2024-04-10 00:13:48.334000+00:00
2024/04/10, 00:14:48.334,39.538,-71.261, 11.13,49.98,52.05,10.66,10.2,10.2,1017.0,1017.1,0.0,0.0,0.03,0.01,38,31,3.2,4.8,85.9,85.9,3.5,2.7,198.8,170.7,1019.1,1019.2,-6.78,318.27,-0.02,33.122,9.1055,508.1,57.1,1484.365, NAN, NAN, NAN, NAN,,2024/04/10 00:14:48.334,2024-04-10 00:14:48.334000+00:00
2024/04/10, 00:15:48.334,39.54,-71.258, 11.16,50.53,52.46,10.9,10.2,10.2,1017.0,1017.0,0.0,0.0,0.03,0.01,37,31,3.6,5.2,86.0,86.0,3.3,2.6,196.1,166.1,1019.1,1019.1,-6.75,318.85,-0.02,33.1356,9.0973,523.3,57.0,1484.352, NAN, NAN, NAN, NAN,,2024/04/10 00:15:48.334,2024-04-10 00:15:48.334000+00:00
2024/04/10, 00:16:48.334,39.542,-71.255, 11.13,50.21,51.86,10.74,10.2,10.2,1017.2,1017.1,0.0,0.0,0.03,0.01,37,31,3.5,4.7,86.2,86.2,3.4,2.7,194.4,173.4,1019.3,1019.2,-6.78,319.59,-0.02,33.1226,9.0581,523.3,57.1,1484.191, NAN, NAN, NAN, NAN,,2024/04/10 00:16:48.334,2024-04-10 00:16:48.334000+00:00
2024/04/10, 00:17:48.334,39.543,-71.252, 11.17,49.78,53.33,10.79,10.2,10.2,1017.2,1017.1,0.0,0.0,0.03,0.01,35,28,3.7,4.2,86.5,86.4,3.1,2.5,193.5,187.1,1019.3,1019.2,-6.69,319.97,-0.03,33.1101,9.0293,526.0,57.5,1484.069, NAN, NAN, NAN, NAN,,2024/04/10 00:17:48.334,2024-04-10 00:17:48.334000+00:00
2024/04/10, 00:18:48.334,39.545,-71.249, 11.18,50.85,54.11,10.8,10.2,10.2,1017.2,1017.2,0.0,0.0,0.03,0.01,34,29,4.3,5.3,86.7,86.7,2.9,2.5,183.8,162.5,1019.3,1019.3,-6.6,320.25,-0.02,33.1125,9.1349,512.6,57.5,1484.462, NAN, NAN, NAN, NAN,,2024/04/10 00:18:48.334,2024-04-10 00:18:48.334000+00:00
2024/04/10, 00:19:48.334,39.547,-71.246, 11.16,49.39,51.75,10.72,10.2,10.2,1017.2,1017.2,0.0,0.0,0.03,0.01,38,31,3.9,5.3,86.8,86.8,3.2,2.6,188.5,160.9,1019.3,1019.3,-6.66,320.42,-0.02,33.1178,9.2028,519.3,57.4,1484.719, NAN, NAN, NAN, NAN,,2024/04/10 00:19:48.334,2024-04-10 00:19:48.334000+00:00
2024/04/10, 00:20:48.334,39.549,-71.243, 11.04,50.95,51.82,10.61,10.2,10.2,1017.2,1017.2,0.0,0.0,0.03,0.01,37,32,4.3,5.9,86.9,86.8,3.2,3.0,180.7,149.5,1019.3,1019.3,-6.62,320.69,-0.02,33.1205,9.1952,529.7,57.5,1484.694, NAN, NAN, NAN, NAN,,2024/04/10 00:20:48.334,2024-04-10 00:20:48.334000+00:00
2024/04/10, 00:21:48.334,39.551,-71.24, 10.88,50.0,51.87,10.68,10.2,10.2,1017.1,1017.2,0.0,0.0,0.03,0.01,37,33,4.6,5.9,86.9,86.8,3.1,3.1,175.2,150.1,1019.2,1019.3,-6.52,320.9,-0.02,33.1075,9.2479,511.5,57.4,1484.872, NAN, NAN, NAN, NAN,,2024/04/10 00:21:48.334,2024-04-10 00:21:48.334000+00:00
2024/04/10, 00:22:48.334,39.552,-71.237, 10.87,49.6,51.39,10.55,10.2,10.2,1017.2,1017.0,0.0,0.0,0.03,0.01,36,31,4.7,6.0,86.8,86.8,3.0,2.9,171.7,145.0,1019.3,1019.1,-6.59,321.2,-0.02,33.0766,9.2258,499.2,57.2,1484.753, NAN, NAN, NAN, NAN,,2024/04/10 00:22:48.334,2024-04-10 00:22:48.334000+00:00
2024/04/10, 00:23:48.335,39.554,-71.234, 10.92,50.01,52.31,10.68,10.2,10.2,1017.1,1017.2,0.0,0.0,0.03,0.01,38,33,4.8,7.0,86.8,86.8,3.2,3.6,172.2,133.8,1019.2,1019.3,-6.56,321.4,-0.03,33.0469,9.3179,492.0,57.2,1485.055, NAN, NAN, NAN, NAN,,2024/04/10 00:23:48.335,2024-04-10 00:23:48.335000+00:00
2024/04/10, 00:24:48.335,39.556,-71.231, 10.92,49.52,50.88,10.5,10.2,10.2,1017.0,1017.1,0.0,0.0,0.03,0.01,36,30,4.3,5.5,86.9,86.9,3.0,2.7,178.5,153.2,1019.1,1019.2,-6.51,321.57,-0.03,33.0399,9.3002,486.4,57.6,1484.981, NAN, NAN, NAN, NAN,,2024/04/10 00:24:48.335,2024-04-10 00:24:48.335000+00:00
2024/04/10, 00:25:48.335,39.558,-71.228, 10.97,50.11,49.68,10.64,10.2,10.2,1017.2,1017.1,0.0,0.0,0.03,0.01,37,32,4.7,6.5,87.4,87.4,3.3,3.4,171.5,139.4,1019.3,1019.2,-6.49,321.87,-0.02,33.0544,9.2731,480.3,57.5,1484.899, NAN, NAN, NAN, NAN,,2024/04/10 00:25:48.335,2024-04-10 00:25:48.335000+00:00
2024/04/10, 00:26:48.335,39.56,-71.225, 10.91,49.89,54.6,10.48,10.2,10.2,1017.2,1017.2,0.0,0.0,0.03,0.01,34,28,4.9,4.8,87.5,87.6,2.7,2.2,168.6,170.6,1019.3,1019.3,-6.47,321.96,-0.02,33.0796,9.2153,478.5,57.5,1484.718, NAN, NAN, NAN, NAN,,2024/04/10 00:26:48.335,2024-04-10 00:26:48.335000+00:00
2024/04/10, 00:27:48.335,39.561,-71.222, 10.90,50.32,51.93,10.65,10.2,10.2,1017.2,1017.2,0.0,0.0,0.03,0.01,31,26,5.1,5.1,87.7,87.8,2.7,2.3,164.2,163.3,1019.3,1019.3,-6.58,322.09,-0.02,33.0834,9.1295,466.0,57.4,1484.406, NAN, NAN, NAN, NAN,,2024/04/10 00:27:48.335,2024-04-10 00:27:48.335000+00:00
2024/04/10, 00:28:48.335,39.563,-71.219, 10.91,49.45,50.83,10.72,10.1,10.2,1017.2,1017.2,0.0,0.0,0.03,0.01,32,27,5.0,4.9,87.9,87.9,2.8,2.3,166.6,168.6,1019.3,1019.3,-6.51,322.36,-0.02,33.063,9.1044,443.3,57.2,1484.289, NAN, NAN, NAN, NAN,,2024/04/10 00:28:48.335,2024-04-10 00:28:48.335000+00:00
2024/04/10, 00:29:48.335,39.565,-71.216, 10.99,50.89,51.09,10.4,10.1,10.1,1017.2,1017.1,0.0,0.0,0.03,0.01,32,28,4.6,4.8,87.6,87.6,2.8,2.4,172.3,167.8,1019.3,1019.2,-6.55,322.35,-0.03,32.9921,9.4324,450.4,57.2,1485.407, NAN, NAN, NAN, NAN,,2024/04/10 00:29:48.335,2024-04-10 00:29:48.335000+00:00
2024/04/10, 00:30:48.335,39.567,-71.213, 11.08,49.37,50.8,10.68,10.1,10.1,1017.3,1017.2,0.0,0.0,0.03,0.01,32,27,4.4,4.8,87.4,87.4,2.8,2.3,178.6,170.6,1019.4,1019.3,-6.51,322.79,-0.03,32.8855,9.7257,455.3,57.1,1486.347, NAN, NAN, NAN, NAN,,2024/04/10 00:30:48.335,2024-04-10 00:30:48.335000+00:00
2024/04/10, 00:31:48.335,39.569,-71.21, 11.14,49.99,48.99,10.51,10.1,10.1,1017.2,1017.2,0.0,0.0,0.03,0.01,34,29,4.6,5.5,87.2,87.3,3.0,2.8,171.4,152.4,1019.3,1019.3,-6.53,323.23,-0.03,32.9136,9.7371,435.8,57.3,1486.423, NAN, NAN, NAN, NAN,,2024/04/10 00:31:48.335,2024-04-10 00:31:48.335000+00:00
2024/04/10, 00:32:48.335,39.571,-71.207, 11.11,50.89,49.39,10.7,10.1,10.2,1017.2,1017.2,0.0,0.0,0.03,0.01,35,29,4.4,5.2,86.9,87.0,3.2,2.8,176.9,160.9,1019.3,1019.3,-6.57,323.32,-0.03,33.0517,9.6781,430.2,57.2,1486.377, NAN, NAN, NAN, NAN,,2024/04/10 00:32:48.335,2024-04-10 00:32:48.335000+00:00
2024/04/10, 00:33:48.335,39.573,-71.204, 11.11,50.7,52.23,10.71,10.2,10.2,1017.3,1017.2,0.0,0.0,0.03,0.01,35,31,5.0,6.3,85.9,86.0,3.1,3.1,167.7,142.6,1019.4,1019.3,-6.49,323.03,-0.02,33.1533,9.9266,481.9,57.4,1487.402, NAN, NAN, NAN, NAN,,2024/04/10 00:33:48.335,2024-04-10 00:33:48.335000+00:00
2024/04/10, 00:34:48.335,39.574,-71.201, 11.08,50.34,51.4,10.78,10.2,10.2,1017.3,1017.2,0.0,0.0,0.03,0.01,38,32,4.4,6.8,85.4,85.6,3.3,3.5,178.8,136.6,1019.4,1019.3,-6.45,323.3,-0.02,33.1821,10.4981,476.0,57.7,1489.487, NAN, NAN, NAN, NAN,,2024/04/10 00:34:48.335,2024-04-10 00:34:48.335000+00:00
2024/04/10, 00:35:48.335,39.576,-71.198, 11.14,49.7,50.38,10.72,10.3,10.3,1017.2,1017.2,0.0,0.0,0.03,0.01,38,33,5.0,7.0,85.0,85.1,3.4,3.8,166.9,134.3,1019.3,1019.3,-6.47,323.5,-0.02,33.3154,11.0775,513.6,57.9,1491.696, NAN, NAN, NAN, NAN,,2024/04/10 00:35:48.335,2024-04-10 00:35:48.335000+00:00
2024/04/10, 00:36:48.335,39.578,-71.195, 11.00,51.15,50.03,10.8,10.3,10.3,1017.2,1017.2,0.0,0.0,0.03,0.01,38,32,4.5,6.2,86.0,86.0,3.5,3.4,176.2,146.1,1019.3,1019.3,-6.41,324.04,-0.02,33.55,11.4318,516.3,58.0,1493.216, NAN, NAN, NAN, NAN,,2024/04/10 00:36:48.335,2024-04-10 00:36:48.335000+00:00
2024/04/10, 00:37:48.335,39.58,-71.192, 11.07,49.25,49.97,10.8,10.4,10.3,1017.3,1017.2,0.0,0.0,0.03,0.01,40,35,4.9,7.1,85.8,86.1,3.5,4.0,169.8,135.4,1019.4,1019.3,-6.36,323.5,-0.02,33.8175,11.705,493.4,58.0,1494.483, NAN, NAN, NAN, NAN,,2024/04/10 00:37:48.335,2024-04-10 00:37:48.335000+00:00
2024/04/10, 00:38:48.335,39.582,-71.189, 11.21,49.78,50.08,10.82,10.4,10.4,1017.2,1017.2,0.0,0.0,0.03,0.01,39,34,4.8,7.0,85.1,85.8,3.5,3.9,171.4,136.2,1019.3,1019.3,-6.39,324.21,-0.02,34.0334,11.9206,452.3,58.1,1495.482, NAN, NAN, NAN, NAN,,2024/04/10 00:38:48.335,2024-04-10 00:38:48.335000+00:00
2024/04/10, 00:39:48.336,39.584,-71.186, 11.21,50.18,48.78,10.78,10.5,10.5,1017.2,1017.3,0.0,0.0,0.03,0.01,42,36,4.8,7.0,84.8,85.0,3.8,4.2,171.2,138.5,1019.3,1019.4,-6.32,324.18,-0.02,34.1654,12.0107,438.5,58.1,1495.949, NAN, NAN, NAN, NAN,,2024/04/10 00:39:48.336,2024-04-10 00:39:48.336000+00:00
2024/04/10, 00:40:48.336,39.586,-71.183, 11.14,50.05,44.68,10.67,10.5,10.5,1017.2,1017.2,0.0,0.0,0.03,0.01,40,35,4.7,6.1,83.7,83.7,3.8,3.8,169.5,147.2,1019.3,1019.3,-6.35,323.94,-0.02,34.2936,11.9761,361.1,58.4,1495.984, NAN, NAN, NAN, NAN,,2024/04/10 00:40:48.336,2024-04-10 00:40:48.336000+00:00
2024/04/10, 00:41:48.336,39.588,-71.18, 11.17,49.98,51.54,10.77,10.5,10.5,1017.4,1017.3,0.0,0.0,0.03,0.01,43,36,5.1,7.4,82.7,82.8,3.9,4.4,167.6,134.0,1019.5,1019.4,-6.45,323.78,-0.02,34.3942,11.9156,349.9,58.8,1495.897, NAN, NAN, NAN, NAN,,2024/04/10 00:41:48.336,2024-04-10 00:41:48.336000+00:00
2024/04/10, 00:42:48.336,39.59,-71.178, 11.00,50.73,48.35,10.74,10.5,10.6,1017.3,1017.3,0.0,0.0,0.03,0.01,41,36,4.9,7.1,81.6,81.7,3.9,4.4,168.7,137.8,1019.4,1019.4,-6.36,323.32,-0.02,34.4373,11.9077,344.9,58.3,1495.921, NAN, NAN, NAN, NAN,,2024/04/10 00:42:48.336,2024-04-10 00:42:48.336000+00:00
2024/04/10, 00:43:48.336,39.592,-71.175, 11.10,49.82,49.16,10.68,10.6,10.6,1017.2,1017.3,0.0,0.0,0.03,0.01,40,34,4.5,6.3,81.6,81.8,3.6,3.6,174.3,144.0,1019.3,1019.4,-6.33,322.98,-0.02,34.4575,11.8667,349.2,58.5,1495.805, NAN, NAN, NAN, NAN,,2024/04/10 00:43:48.336,2024-04-10 00:43:48.336000+00:00
2024/04/10, 00:44:48.336,39.594,-71.172, 11.11,50.24,47.99,10.72,10.6,10.6,1017.4,1017.3,0.0,0.0,0.03,0.01,43,37,5.1,7.0,80.5,80.5,4.1,4.4,166.2,139.2,1019.5,1019.4,-6.35,322.78,-0.02,34.4671,11.8562,352.0,58.9,1495.781, NAN, NAN, NAN, NAN,,2024/04/10 00:44:48.336,2024-04-10 00:44:48.336000+00:00
2024/04/10, 00:45:48.336,39.596,-71.169, 11.10,50.69,47.74,10.73,10.7,10.7,1017.2,1017.3,0.0,0.0,0.03,0.01,44,37,5.0,7.1,80.6,80.6,4.2,4.6,167.7,138.6,1019.3,1019.4,-6.33,322.86,-0.02,34.4578,11.8408,359.3,58.9,1495.717, NAN, NAN, NAN, NAN,,2024/04/10 00:45:48.336,2024-04-10 00:45:48.336000+00:00
2024/04/10, 00:46:48.336,39.598,-71.166, 11.15,49.78,46.49,10.79,10.7,10.7,1017.3,1017.4,0.0,0.0,0.03,0.01,46,38,4.8,6.9,79.6,79.5,4.3,4.5,170.4,141.1,1019.4,1019.5,-6.39,322.9,-0.02,34.4495,11.8207,358.7,58.8,1495.638, NAN, NAN, NAN, NAN,,2024/04/10 00:46:48.336,2024-04-10 00:46:48.336000+00:00
2024/04/10, 00:47:48.336,39.6,-71.163, 11.02,50.85,49.13,10.74,10.7,10.7,1017.3,1017.3,0.0,0.0,0.03,0.01,46,38,4.8,6.7,79.8,79.5,4.3,4.4,171.4,143.9,1019.4,1019.4,-6.38,323.57,-0.02,34.4281,11.7657,356.0,58.2,1495.423, NAN, NAN, NAN, NAN,,2024/04/10 00:47:48.336,2024-04-10 00:47:48.336000+00:00
2024/04/10, 00:48:48.336,39.602,-71.16, 11.06,50.14,46.07,10.86,10.8,10.8,1017.4,1017.3,0.0,0.0,0.03,0.01,45,37,5.0,7.1,80.0,80.1,4.4,4.6,168.0,138.9,1019.5,1019.4,-6.35,324.01,-0.02,34.4284,11.7004,355.0,58.6,1495.199, NAN, NAN, NAN, NAN,,2024/04/10 00:48:48.336,2024-04-10 00:48:48.336000+00:00
2024/04/10, 00:49:48.336,39.604,-71.158, 11.13,49.61,45.42,10.8,10.8,10.8,1017.3,1017.2,0.0,0.0,0.03,0.01,47,38,4.4,6.5,79.4,79.4,4.5,4.5,174.3,144.9,1019.4,1019.3,-6.32,324.59,-0.02,34.4222,11.6225,362.0,58.8,1494.923, NAN, NAN, NAN, NAN,,2024/04/10 00:49:48.336,2024-04-10 00:49:48.336000+00:00
2024/04/10, 00:50:48.336,39.606,-71.155, 11.00,50.51,45.65,10.62,10.8,10.8,1017.3,1017.3,0.0,0.0,0.03,0.01,48,39,4.3,6.5,79.3,79.2,4.5,4.6,175.6,145.4,1019.4,1019.4,-6.36,324.43,-0.02,34.4016,11.1474,360.6,58.9,1493.25, NAN, NAN, NAN, NAN,,2024/04/10 00:50:48.336,2024-04-10 00:50:48.336000+00:00
2024/04/10, 00:51:48.336,39.608,-71.152, 11.01,49.52,45.99,10.69,10.8,10.8,1017.3,1017.2,0.0,0.0,0.03,0.01,54,45,4.1,6.2,79.4,79.2,4.8,4.8,179.8,152.7,1019.4,1019.3,-6.43,324.55,-0.02,34.4123,10.6741,357.2,58.9,1491.6, NAN, NAN, NAN, NAN,,2024/04/10 00:51:48.336,2024-04-10 00:51:48.336000+00:00
2024/04/10, 00:52:48.336,39.61,-71.149, 10.84,51.66,49.21,10.36,10.8,10.8,1017.0,1017.2,0.0,0.0,0.03,0.01,51,43,4.5,6.6,78.6,78.6,4.5,4.8,175.1,147.5,1019.1,1019.3,-6.42,323.84,-0.02,34.2666,10.3134,353.2,58.4,1490.144, NAN, NAN, NAN, NAN,,2024/04/10 00:52:48.336,2024-04-10 00:52:48.336000+00:00
2024/04/10, 00:53:48.336,39.612,-71.147, 10.90,51.96,43.55,10.41,10.8,10.8,1017.3,1017.3,0.0,0.0,0.03,0.01,46,39,4.5,6.4,78.8,78.7,4.5,4.7,171.2,146.0,1019.4,1019.4,-6.4,323.67,-0.02,34.0486,9.7469,344.6,58.7,1487.843, NAN, NAN, NAN, NAN,,2024/04/10 00:53:48.336,2024-04-10 00:53:48.336000+00:00
2024/04/10, 00:54:48.337,39.614,-71.144, 10.84,53.08,48.87,10.39,10.8,10.8,1017.3,1017.2,0.0,0.0,0.03,0.01,41,35,4.5,6.7,79.1,79.0,3.9,4.3,172.8,140.9,1019.4,1019.3,-6.5,323.37,-0.03,33.9474,8.9609,346.2,58.4,1484.845, NAN, NAN, NAN, NAN,,2024/04/10 00:54:48.337,2024-04-10 00:54:48.337000+00:00
2024/04/10, 00:55:48.337,39.616,-71.141, 10.90,51.52,43.76,10.42,10.8,10.8,1017.3,1017.3,0.0,0.0,0.03,0.01,37,32,4.4,6.0,79.7,79.7,3.7,3.8,170.3,145.0,1019.4,1019.4,-6.44,322.92,-0.03,33.6686,8.4466,344.3,58.1,1482.589, NAN, NAN, NAN, NAN,,2024/04/10 00:55:48.337,2024-04-10 00:55:48.337000+00:00
2024/04/10, 00:56:48.337,39.618,-71.138, 10.86,51.11,45.01,10.43,10.7,10.8,1017.3,1017.3,0.0,0.0,0.03,0.01,35,30,4.2,5.4,79.6,79.6,3.5,3.3,174.0,152.7,1019.4,1019.4,-6.4,322.87,-0.02,33.2258,8.1097,369.4,57.9,1480.774, NAN, NAN, NAN, NAN,,2024/04/10 00:56:48.337,2024-04-10 00:56:48.337000+00:00
2024/04/10, 00:57:48.337,39.62,-71.136, 10.97,51.8,44.23,10.42,10.7,10.7,1017.3,1017.4,0.0,0.0,0.03,0.01,41,34,4.3,6.4,80.6,80.6,4.0,4.2,173.0,142.0,1019.4,1019.5,-6.45,323.3,-0.03,32.8701,7.7932,414.0,57.4,1479.131, NAN, NAN, NAN, NAN,,2024/04/10 00:57:48.337,2024-04-10 00:57:48.337000+00:00
2024/04/10, 00:58:48.337,39.622,-71.133, 11.00,52.99,45.99,10.48,10.7,10.7,1017.2,1017.2,0.0,0.0,0.03,0.01,37,32,4.6,6.4,81.6,81.5,3.8,4.1,168.9,141.8,1019.3,1019.3,-6.49,323.46,-0.02,32.6178,7.5398,427.5,56.8,1477.848, NAN, NAN, NAN, NAN,,2024/04/10 00:58:48.337,2024-04-10 00:58:48.337000+00:00
2024/04/10, 00:59:48.337,39.624,-71.13, 10.89,55.69,48.76,10.42,10.6,10.7,1017.3,1017.3,0.0,0.0,0.03,0.01,24,21,4.9,5.3,81.2,81.2,2.8,2.6,162.9,153.6,1019.4,1019.4,-6.44,321.77,-0.02,32.5455,7.4097,431.5,56.6,1477.257, NAN, NAN, NAN, NAN,,2024/04/10 00:59:48.337,2024-04-10 00:59:48.337000+00:00
2024/04/10, 01:00:48.337,39.626,-71.128, 10.97,56.03,50.92,10.48,10.4,10.4,1017.3,1017.3,0.0,0.0,0.03,0.01,40,34,4.7,6.6,81.4,81.3,4.0,4.3,171.8,144.4,1019.4,1019.4,-6.62,323.0,-0.02,32.4792,7.2553,424.4,56.3,1476.578, NAN, NAN, NAN, NAN,,2024/04/10 01:00:48.337,2024-04-10 01:00:48.337000+00:00
2024/04/10, 01:01:48.337,39.628,-71.125, 11.19,55.14,49.01,10.49,10.3,10.4,1017.2,1017.2,0.0,0.0,0.03,0.01,42,35,4.4,6.6,83.0,83.0,4.1,4.4,175.5,144.5,1019.3,1019.3,-6.74,323.41,-0.02,32.4061,7.0234,418.7,56.3,1475.587, NAN, NAN, NAN, NAN,,2024/04/10 01:01:48.337,2024-04-10 01:01:48.337000+00:00
2024/04/10, 01:02:48.337,39.63,-71.122, 11.22,55.6,49.89,10.68,10.4,10.4,1017.2,1017.2,0.0,0.0,0.03,0.01,43,36,4.6,6.6,83.1,83.1,4.3,4.5,175.0,147.1,1019.3,1019.3,-6.78,324.15,-0.02,32.3515,6.852,427.8,56.3,1474.85, NAN, NAN, NAN, NAN,,2024/04/10 01:02:48.337,2024-04-10 01:02:48.337000+00:00
2024/04/10, 01:03:48.337,39.632,-71.119, 11.15,54.53,48.97,10.52,10.4,10.4,1017.1,1017.2,0.0,0.0,0.03,0.01,41,34,4.0,6.4,82.7,82.8,4.0,4.1,181.1,145.5,1019.2,1019.3,-6.77,324.05,-0.02,32.3318,6.8346,424.8,55.9,1474.757, NAN, NAN, NAN, NAN,,2024/04/10 01:03:48.337,2024-04-10 01:03:48.337000+00:00
2024/04/10, 01:04:48.337,39.634,-71.116, 11.19,54.6,47.96,10.2,10.4,10.4,1017.3,1017.2,0.0,0.0,0.03,0.01,39,33,4.6,6.8,82.2,82.2,3.9,4.4,169.5,138.0,1019.4,1019.3,-6.67,324.57,-0.02,32.2916,6.7922,407.3,55.9,1474.541, NAN, NAN, NAN, NAN,,2024/04/10 01:04:48.337,2024-04-10 01:04:48.337000+00:00
2024/04/10, 01:05:48.337,39.635,-71.113, 11.07,55.5,49.26,10.7,10.3,10.4,1017.2,1017.3,0.0,0.0,0.03,0.01,32,28,4.7,5.4,82.1,82.2,3.5,3.3,170.7,157.8,1019.3,1019.4,-6.63,322.49,-0.02,32.2727,6.7278,405.6,55.7,1474.264, NAN, NAN, NAN, NAN,,2024/04/10 01:05:48.337,2024-04-10 01:05:48.337000+00:00
2024/04/10, 01:06:48.337,39.637,-71.11, 11.14,55.05,50.21,10.73,10.1,10.1,1017.3,1017.2,0.0,0.0,0.03,0.01,36,31,4.4,5.9,81.5,81.4,3.7,3.6,177.0,152.0,1019.4,1019.3,-6.68,323.34,-0.02,32.2603,6.6378,387.5,55.7,1473.895, NAN, NAN, NAN, NAN,,2024/04/10 01:06:48.337,2024-04-10 01:06:48.337000+00:00
2024/04/10, 01:07:48.337,39.639,-71.108, 11.15,54.68,50.81,10.69,10.1,9.9,1017.3,1017.3,0.0,0.0,0.03,0.01,44,38,4.4,5.9,81.5,82.6,4.2,4.1,178.2,156.2,1019.4,1019.4,-6.96,324.42,-0.03,32.2603,6.5347,397.6,55.6,1473.49, NAN, NAN, NAN, NAN,,2024/04/10 01:07:48.337,2024-04-10 01:07:48.337000+00:00
2024/04/10, 01:08:48.337,39.641,-71.105, 11.04,55.41,48.78,10.38,9.8,9.8,1017.2,1017.2,0.0,0.0,0.03,0.01,37,31,4.2,6.3,84.0,84.2,3.7,3.8,177.4,143.9,1019.3,1019.3,-7.05,323.31,-0.02,32.2589,6.5583,397.6,55.5,1473.581, NAN, NAN, NAN, NAN,,2024/04/10 01:08:48.337,2024-04-10 01:08:48.337000+00:00
2024/04/10, 01:09:48.337,39.643,-71.102, 11.14,54.81,51.89,10.57,9.8,9.8,1017.2,1017.2,0.0,0.0,0.03,0.01,39,32,4.4,6.5,83.9,83.2,3.7,3.8,177.5,143.4,1019.3,1019.3,-7.09,323.09,-0.02,32.2543,6.6495,390.2,55.1,1473.934, NAN, NAN, NAN, NAN,,2024/04/10 01:09:48.337,2024-04-10 01:09:48.337000+00:00
2024/04/10, 01:10:48.338,39.645,-71.099, 11.11,54.6,48.51,10.38,9.7,9.7,1017.3,1017.2,0.0,0.0,0.03,0.01,41,34,4.5,6.7,84.2,84.2,4.0,4.3,173.4,141.3,1019.4,1019.3,-6.98,322.78,-0.02,32.252,6.7275,386.4,54.6,1474.237, NAN, NAN, NAN, NAN,,2024/04/10 01:10:48.338,2024-04-10 01:10:48.338000+00:00
2024/04/10, 01:11:48.338,39.647,-71.096, 11.10,54.65,49.12,10.49,9.6,9.7,1017.2,1017.2,0.0,0.0,0.03,0.01,42,35,4.3,6.6,83.6,84.4,4.0,4.3,177.2,144.1,1019.3,1019.3,-7.1,322.2,-0.02,32.2397,6.7428,381.1,55.0,1474.282, NAN, NAN, NAN, NAN,,2024/04/10 01:11:48.338,2024-04-10 01:11:48.338000+00:00
2024/04/10, 01:12:48.338,39.649,-71.093, 11.09,55.0,50.65,10.52,9.6,9.6,1017.3,1017.3,0.0,0.0,0.03,0.01,42,35,4.6,6.9,83.9,84.0,4.0,4.4,174.5,141.6,1019.4,1019.4,-7.0,321.65,-0.02,32.2585,6.7379,373.6,55.2,1474.286, NAN, NAN, NAN, NAN,,2024/04/10 01:12:48.338,2024-04-10 01:12:48.338000+00:00
2024/04/10, 01:13:48.338,39.65,-71.09, 11.20,54.72,49.75,10.51,9.6,9.6,1017.3,1017.2,0.0,0.0,0.03,0.01,45,37,4.5,6.6,84.0,84.1,4.2,4.4,176.2,146.2,1019.4,1019.3,-7.0,322.23,-0.03,32.2575,6.9571,371.5,55.3,1475.143, NAN, NAN, NAN, NAN,,2024/04/10 01:13:48.338,2024-04-10 01:13:48.338000+00:00
2024/04/10, 01:14:48.338,39.652,-71.087, 11.07,55.17,52.02,10.6,9.6,9.6,1017.2,1017.2,0.0,0.0,0.03,0.01,42,36,4.5,6.1,84.9,84.1,4.1,4.1,176.1,152.1,1019.3,1019.3,-7.0,321.22,-0.03,32.2563,7.1008,363.3,55.1,1475.701, NAN, NAN, NAN, NAN,,2024/04/10 01:14:48.338,2024-04-10 01:14:48.338000+00:00
2024/04/10, 01:15:48.338,39.654,-71.084, 11.19,54.71,51.12,10.63,9.5,9.6,1017.2,1017.2,0.0,0.0,0.03,0.01,42,35,4.7,6.9,83.0,83.1,4.0,4.3,174.0,142.1,1019.3,1019.3,-6.9,320.71,-0.02,32.2563,7.1564,360.3,55.3,1475.917, NAN, NAN, NAN, NAN,,2024/04/10 01:15:48.338,2024-04-10 01:15:48.338000+00:00
2024/04/10, 01:16:48.338,39.656,-71.081, 11.07,54.77,51.4,10.54,9.5,9.5,1017.3,1017.4,0.0,0.0,0.03,0.01,44,37,4.7,6.8,83.5,83.6,4.1,4.4,174.3,144.5,1019.4,1019.5,-7.02,321.23,-0.02,32.2617,7.0626,363.3,55.2,1475.559, NAN, NAN, NAN, NAN,,2024/04/10 01:16:48.338,2024-04-10 01:16:48.338000+00:00
2024/04/10, 01:17:48.338,39.658,-71.078, 11.07,55.33,50.68,10.56,9.5,9.5,1017.4,1017.3,0.0,0.0,0.03,0.01,41,36,4.6,6.2,83.8,83.9,3.9,4.1,175.0,151.0,1019.5,1019.4,-6.98,320.62,-0.02,32.2597,6.9722,368.1,55.2,1475.204, NAN, NAN, NAN, NAN,,2024/04/10 01:17:48.338,2024-04-10 01:17:48.338000+00:00
2024/04/10, 01:18:48.338,39.66,-71.075, 11.14,55.55,52.77,10.72,9.4,9.4,1017.4,1017.2,0.0,0.0,0.03,0.01,45,38,4.4,6.5,83.5,83.6,4.2,4.4,179.9,150.4,1019.5,1019.3,-7.04,320.8,-0.02,32.2575,6.8604,357.7,55.2,1474.765, NAN, NAN, NAN, NAN,,2024/04/10 01:18:48.338,2024-04-10 01:18:48.338000+00:00
2024/04/10, 01:19:48.338,39.662,-71.072, 11.21,54.0,52.33,10.5,9.4,9.4,1017.2,1017.2,0.0,0.0,0.03,0.01,46,39,4.5,6.6,84.1,84.2,4.1,4.4,177.3,147.5,1019.3,1019.3,-6.93,320.99,-0.02,32.26,6.8151,364.4,55.4,1474.591, NAN, NAN, NAN, NAN,,2024/04/10 01:19:48.338,2024-04-10 01:19:48.338000+00:00
2024/04/10, 01:20:48.338,39.663,-71.069, 11.15,55.38,54.34,10.37,9.4,9.5,1017.3,1017.2,0.0,0.0,0.03,0.01,49,40,4.4,6.4,84.0,84.0,4.3,4.3,180.3,151.0,1019.4,1019.3,-6.92,321.32,-0.02,32.2569,6.8371,365.4,55.4,1474.673, NAN, NAN, NAN, NAN,,2024/04/10 01:20:48.338,2024-04-10 01:20:48.338000+00:00
2024/04/10, 01:21:48.338,39.665,-71.066, 11.17,54.82,50.94,10.56,9.5,9.5,1017.2,1017.3,0.0,0.0,0.03,0.01,48,40,4.4,6.4,83.9,83.9,4.4,4.5,178.8,151.3,1019.3,1019.4,-6.89,321.56,-0.02,32.2524,6.8679,365.4,55.3,1474.788, NAN, NAN, NAN, NAN,,2024/04/10 01:21:48.338,2024-04-10 01:21:48.338000+00:00
2024/04/10, 01:22:48.338,39.667,-71.064, 11.18,54.89,51.23,10.75,9.5,9.5,1017.4,1017.3,0.0,0.0,0.03,0.01,48,40,4.3,6.4,83.5,83.6,4.4,4.5,181.6,152.7,1019.5,1019.4,-6.92,321.8,-0.02,32.2406,6.8275,360.0,54.4,1474.615, NAN, NAN, NAN, NAN,,2024/04/10 01:22:48.338,2024-04-10 01:22:48.338000+00:00
2024/04/10, 01:23:48.338,39.669,-71.061, 11.21,55.51,52.73,10.45,9.5,9.5,1017.3,1017.4,0.0,0.0,0.03,0.01,50,41,4.2,6.4,83.7,83.7,4.5,4.6,182.2,152.1,1019.4,1019.5,-6.8,322.39,-0.02,32.2341,7.0218,358.4,54.7,1475.366, NAN, NAN, NAN, NAN,,2024/04/10 01:23:48.338,2024-04-10 01:23:48.338000+00:00
2024/04/10, 01:24:48.338,39.671,-71.058, 11.21,55.33,51.44,10.51,9.5,9.5,1017.2,1017.2,0.0,0.0,0.03,0.01,48,40,4.3,6.4,83.7,83.7,4.3,4.5,180.9,151.6,1019.3,1019.3,-6.82,322.71,-0.02,32.2173,7.0436,369.7,54.9,1475.429, NAN, NAN, NAN, NAN,,2024/04/10 01:24:48.338,2024-04-10 01:24:48.338000+00:00
2024/04/10, 01:25:48.339,39.673,-71.055, 11.14,55.51,51.29,10.54,9.5,9.5,1017.2,1017.2,0.0,0.0,0.03,0.01,45,38,4.3,6.3,83.4,83.4,4.1,4.2,180.6,151.5,1019.3,1019.3,-6.74,322.37,-0.02,32.2075,7.01,382.0,54.8,1475.286, NAN, NAN, NAN, NAN,,2024/04/10 01:25:48.339,2024-04-10 01:25:48.339000+00:00
2024/04/10, 01:26:48.339,39.674,-71.052, 11.10,54.69,52.25,10.52,9.4,9.5,1017.4,1017.4,0.0,0.0,0.03,0.01,45,37,4.1,6.4,83.2,83.4,4.0,4.1,183.0,148.7,1019.5,1019.5,-6.72,323.2,-0.02,32.1916,6.9805,397.6,54.8,1475.151, NAN, NAN, NAN, NAN,,2024/04/10 01:26:48.339,2024-04-10 01:26:48.339000+00:00
2024/04/10, 01:27:48.339,39.676,-71.049, 11.12,55.26,52.3,10.66,9.4,9.4,1017.0,1017.1,0.0,0.0,0.03,0.01,44,36,4.1,6.3,83.6,83.6,4.0,3.9,184.7,150.8,1019.1,1019.2,-6.77,323.57,-0.02,32.1893,6.9835,397.9,54.7,1475.16, NAN, NAN, NAN, NAN,,2024/04/10 01:27:48.339,2024-04-10 01:27:48.339000+00:00
2024/04/10, 01:28:48.339,39.678,-71.046, 11.10,55.1,52.73,10.23,9.3,9.4,1017.2,1017.2,0.0,0.0,0.03,0.01,39,33,3.8,5.9,84.0,84.0,3.5,3.5,186.0,150.1,1019.3,1019.3,-6.78,323.69,-0.02,32.1853,6.9037,394.2,54.8,1474.844, NAN, NAN, NAN, NAN,,2024/04/10 01:28:48.339,2024-04-10 01:28:48.339000+00:00
2024/04/10, 01:29:48.339,39.68,-71.043, 11.05,54.62,53.77,10.47,9.2,9.3,1017.2,1017.2,0.0,0.0,0.03,0.01,41,33,3.8,5.4,84.6,84.5,3.7,3.2,187.9,159.9,1019.3,1019.3,-6.63,324.39,-0.02,32.1823,6.7761,390.2,54.8,1474.341, NAN, NAN, NAN, NAN,,2024/04/10 01:29:48.339,2024-04-10 01:29:48.339000+00:00
2024/04/10, 01:30:48.339,39.682,-71.04, 11.05,50.68,49.06,10.54,9.1,9.3,1017.3,1017.2,0.0,0.0,0.03,0.01,31,25,4.1,4.3,85.2,84.5,3.0,2.5,180.4,177.9,1019.4,1019.3,-6.81,323.93,-0.02,32.18,6.6756,383.8,55.0,1473.943, NAN, NAN, NAN, NAN,,2024/04/10 01:30:48.339,2024-04-10 01:30:48.339000+00:00
2024/04/10, 01:31:48.339,39.683,-71.037, 11.06,53.35,48.86,10.69,9.1,9.1,1017.1,1017.2,0.0,0.0,0.03,0.01,35,27,4.1,4.5,85.7,85.6,3.5,2.8,181.1,174.5,1019.2,1019.3,-6.81,324.38,-0.02,32.1761,6.5974,380.0,55.4,1473.631, NAN, NAN, NAN, NAN,,2024/04/10 01:31:48.339,2024-04-10 01:31:48.339000+00:00
2024/04/10, 01:32:48.339,39.685,-71.034, 11.09,54.13,53.19,10.66,9.0,9.0,1017.2,1017.1,0.0,0.0,0.03,0.01,38,31,3.7,5.4,86.6,86.4,3.6,3.2,189.1,159.5,1019.3,1019.2,-6.71,324.53,-0.01,32.1767,6.5648,383.8,55.1,1473.503, NAN, NAN, NAN, NAN,,2024/04/10 01:32:48.339,2024-04-10 01:32:48.339000+00:00
2024/04/10, 01:33:48.339,39.687,-71.031, 11.14,52.77,49.38,10.77,9.0,9.0,1017.2,1017.2,0.0,0.0,0.03,0.01,25,23,4.0,4.5,86.9,86.9,2.8,2.5,186.4,176.6,1019.3,1019.3,-6.74,323.55,-0.02,32.1743,6.5326,386.4,55.1,1473.373, NAN, NAN, NAN, NAN,,2024/04/10 01:33:48.339,2024-04-10 01:33:48.339000+00:00
2024/04/10, 01:34:48.339,39.689,-71.028, 11.16,52.94,51.07,10.54,9.0,9.0,1017.1,1017.2,0.0,0.0,0.03,0.01,25,21,4.1,4.7,86.7,86.6,2.5,2.1,184.8,172.0,1019.2,1019.3,-6.62,322.93,-0.02,32.1755,6.5407,385.4,55.0,1473.407, NAN, NAN, NAN, NAN,,2024/04/10 01:34:48.339,2024-04-10 01:34:48.339000+00:00
2024/04/10, 01:35:48.339,39.691,-71.025, 11.18,52.7,49.62,10.62,8.9,9.0,1017.0,1017.0,0.0,0.0,0.03,0.01,31,26,4.7,5.0,87.2,86.6,3.0,2.6,171.1,164.4,1019.1,1019.1,-6.6,323.09,-0.02,32.1734,6.5837,387.0,55.0,1473.574, NAN, NAN, NAN, NAN,,2024/04/10 01:35:48.339,2024-04-10 01:35:48.339000+00:00
2024/04/10, 01:36:48.339,39.693,-71.022, 11.07,53.78,52.17,10.95,8.9,8.9,1017.1,1017.0,0.0,0.0,0.03,0.01,34,28,4.4,5.6,87.3,87.3,3.3,2.9,180.1,157.2,1019.2,1019.1,-6.6,323.0,-0.02,32.1768,6.6965,376.8,54.8,1474.021, NAN, NAN, NAN, NAN,,2024/04/10 01:36:48.339,2024-04-10 01:36:48.339000+00:00
2024/04/10, 01:37:48.339,39.695,-71.019, 11.08,53.04,52.1,10.94,8.9,8.9,1017.0,1017.2,0.0,0.0,0.03,0.01,40,34,4.4,6.0,87.3,87.2,3.7,3.5,180.6,153.7,1019.1,1019.3,-6.59,322.78,-0.02,32.1767,6.8243,370.5,54.7,1474.522, NAN, NAN, NAN, NAN,,2024/04/10 01:37:48.339,2024-04-10 01:37:48.339000+00:00
2024/04/10, 01:38:48.339,39.697,-71.016, 11.00,53.14,49.84,10.8,8.9,8.9,1016.9,1017.0,0.0,0.0,0.03,0.01,40,34,4.9,7.0,87.0,87.0,3.8,4.2,171.0,139.6,1019.0,1019.1,-6.57,322.8,-0.02,32.1775,6.9286,376.3,54.6,1474.931, NAN, NAN, NAN, NAN,,2024/04/10 01:38:48.339,2024-04-10 01:38:48.339000+00:00
2024/04/10, 01:39:48.339,39.699,-71.013, 11.10,52.62,50.53,10.49,9.0,9.0,1017.1,1016.9,0.0,0.0,0.03,0.01,43,36,4.6,5.5,87.1,87.2,3.9,3.5,174.2,158.1,1019.2,1019.0,-6.55,322.37,-0.02,32.18,6.9502,373.9,54.6,1475.019, NAN, NAN, NAN, NAN,,2024/04/10 01:39:48.339,2024-04-10 01:39:48.339000+00:00
2024/04/10, 01:40:48.339,39.7,-71.01, 11.06,53.12,50.87,10.75,9.0,9.0,1017.0,1017.0,0.0,0.0,0.03,0.01,40,34,4.9,7.1,86.4,86.5,3.8,4.2,171.1,138.1,1019.1,1019.1,-6.5,322.11,-0.02,32.175,6.9238,363.3,54.9,1474.909, NAN, NAN, NAN, NAN,,2024/04/10 01:40:48.339,2024-04-10 01:40:48.339000+00:00
2024/04/10, 01:41:48.340,39.702,-71.007, 11.11,53.25,48.84,10.81,9.1,9.1,1017.0,1017.0,0.0,0.0,0.03,0.01,39,32,4.6,6.4,86.1,86.2,3.8,3.8,174.3,145.0,1019.1,1019.1,-6.41,321.56,-0.02,32.1701,6.9802,352.0,55.0,1475.123, NAN, NAN, NAN, NAN,,2024/04/10 01:41:48.340,2024-04-10 01:41:48.340000+00:00
2024/04/10, 01:42:48.340,39.704,-71.004, 11.08,52.68,51.22,10.64,9.1,9.1,1016.9,1017.0,0.0,0.0,0.03,0.01,42,36,4.8,6.9,86.2,86.1,3.9,4.2,172.1,141.1,1019.0,1019.1,-6.41,322.33,-0.02,32.1771,7.0023,358.0,54.8,1475.218, NAN, NAN, NAN, NAN,,2024/04/10 01:42:48.340,2024-04-10 01:42:48.340000+00:00
2024/04/10, 01:43:48.340,39.706,-71.001, 10.96,53.21,55.14,10.68,9.2,9.1,1017.1,1017.0,0.0,0.0,0.03,0.01,43,36,4.7,6.8,86.9,86.3,3.8,4.0,176.0,143.0,1019.2,1019.1,-6.44,322.59,-0.02,32.225,7.0371,358.0,54.2,1475.414, NAN, NAN, NAN, NAN,,2024/04/10 01:43:48.340,2024-04-10 01:43:48.340000+00:00
2024/04/10, 01:44:48.340,39.708,-70.998, 11.11,52.46,50.55,10.78,9.3,9.3,1017.0,1017.0,0.0,0.0,0.03,0.01,42,35,4.8,6.9,86.5,86.5,3.9,4.1,172.5,140.9,1019.1,1019.1,-6.32,322.76,-0.02,32.1672,7.0106,349.9,54.5,1475.238, NAN, NAN, NAN, NAN,,2024/04/10 01:44:48.340,2024-04-10 01:44:48.340000+00:00
2024/04/10, 01:45:48.340,39.71,-70.995, 11.13,53.13,52.38,10.84,9.4,9.4,1017.0,1016.9,0.0,0.0,0.03,0.01,44,39,4.7,5.8,86.9,86.9,4.0,3.9,175.9,158.8,1019.1,1019.0,-6.41,323.36,-0.02,32.1638,6.9415,352.3,54.7,1474.965, NAN, NAN, NAN, NAN,,2024/04/10 01:45:48.340,2024-04-10 01:45:48.340000+00:00
2024/04/10, 01:46:48.340,39.712,-70.992, 11.14,52.75,52.42,10.71,9.5,9.5,1017.0,1017.1,0.0,0.0,0.03,0.01,44,38,4.6,6.7,86.6,86.6,4.0,4.2,176.5,145.8,1019.1,1019.2,-6.3,323.49,-0.03,32.1588,6.8986,351.3,54.8,1474.791, NAN, NAN, NAN, NAN,,2024/04/10 01:46:48.340,2024-04-10 01:46:48.340000+00:00
2024/04/10, 01:47:48.340,39.714,-70.989, 11.07,53.28,54.34,10.74,9.6,9.6,1017.1,1016.8,0.0,0.0,0.03,0.01,48,38,4.4,6.1,85.8,85.8,4.2,3.9,181.0,153.9,1019.2,1018.9,-6.21,322.94,-0.02,32.1551,6.8281,359.3,54.7,1474.51, NAN, NAN, NAN, NAN,,2024/04/10 01:47:48.340,2024-04-10 01:47:48.340000+00:00
2024/04/10, 01:48:48.340,39.715,-70.986, 11.15,52.47,51.57,10.81,9.6,9.6,1016.9,1017.0,0.0,0.0,0.03,0.01,36,30,4.4,5.4,85.9,85.9,3.4,2.9,178.9,159.8,1019.0,1019.1,-6.26,321.47,-0.02,32.1534,6.7476,361.1,54.6,1474.193, NAN, NAN, NAN, NAN,,2024/04/10 01:48:48.340,2024-04-10 01:48:48.340000+00:00
2024/04/10, 01:49:48.340,39.717,-70.983, 11.15,53.26,51.71,10.9,9.4,9.5,1017.0,1017.2,0.0,0.0,0.03,0.01,40,33,4.6,6.7,83.9,83.9,3.7,3.7,177.7,143.0,1019.1,1019.3,-6.16,321.31,-0.02,32.1524,6.703,357.4,54.9,1474.016, NAN, NAN, NAN, NAN,,2024/04/10 01:49:48.340,2024-04-10 01:49:48.340000+00:00
2024/04/10, 01:50:48.340,39.719,-70.98, 11.11,52.69,48.98,10.62,9.3,9.4,1016.9,1016.9,0.0,0.0,0.03,0.01,35,30,4.7,5.7,85.5,85.5,3.3,3.1,171.4,152.2,1019.0,1019.0,-6.33,321.02,-0.02,32.149,6.8088,350.5,54.9,1474.427, NAN, NAN, NAN, NAN,,2024/04/10 01:50:48.340,2024-04-10 01:50:48.340000+00:00
2024/04/10, 01:51:48.340,39.721,-70.977, 11.01,52.7,52.93,10.92,9.3,9.3,1016.9,1016.9,0.0,0.0,0.03,0.01,21,16,6.8,6.7,85.1,85.1,2.6,2.1,126.5,119.6,1019.0,1019.0,-6.27,318.69,-0.02,32.1453,6.8267,352.9,55.0,1474.493, NAN, NAN, NAN, NAN,,2024/04/10 01:51:48.340,2024-04-10 01:51:48.340000+00:00
2024/04/10, 01:52:48.340,39.723,-70.973, 11.01,53.11,52.82,10.97,9.1,9.1,1017.0,1016.8,0.0,0.0,0.03,0.01,27,24,5.0,5.6,85.8,85.8,2.7,2.4,169.5,155.4,1019.1,1018.9,-6.35,320.42,-0.02,32.152,6.739,353.6,55.2,1474.157, NAN, NAN, NAN, NAN,,2024/04/10 01:52:48.340,2024-04-10 01:52:48.340000+00:00
2024/04/10, 01:53:48.340,39.725,-70.97, 11.02,53.02,50.39,10.95,9.0,9.0,1016.9,1016.8,0.0,0.0,0.03,0.01,24,19,7.0,6.6,86.6,86.5,3.2,2.5,129.1,128.7,1019.0,1018.9,-6.41,319.14,-0.02,32.1576,6.7211,353.6,54.9,1474.094, NAN, NAN, NAN, NAN,,2024/04/10 01:53:48.340,2024-04-10 01:53:48.340000+00:00
2024/04/10, 01:54:48.340,39.727,-70.967, 10.99,53.18,51.87,10.85,8.9,8.9,1016.9,1016.9,0.0,0.0,0.03,0.01,28,23,5.4,5.8,87.3,87.2,2.8,2.4,159.8,148.7,1019.0,1019.0,-6.46,319.65,-0.03,32.1512,6.7345,352.0,55.0,1474.139, NAN, NAN, NAN, NAN,,2024/04/10 01:54:48.340,2024-04-10 01:54:48.340000+00:00
2024/04/10, 01:55:48.340,39.729,-70.964, 10.93,52.93,52.24,10.88,8.8,8.9,1016.9,1016.8,0.0,0.0,0.03,0.01,22,22,5.3,6.4,88.0,87.9,2.2,2.5,160.8,135.2,1019.0,1018.9,-6.49,319.36,-0.03,32.1488,6.7113,363.3,55.1,1474.044, NAN, NAN, NAN, NAN,,2024/04/10 01:55:48.340,2024-04-10 01:55:48.340000+00:00
2024/04/10, 01:56:48.340,39.73,-70.961, 11.04,53.13,52.46,10.97,8.8,8.9,1016.9,1017.0,0.0,0.0,0.03,0.01,23,18,6.6,6.7,88.1,88.2,2.8,2.4,134.1,124.9,1019.0,1019.1,-6.47,318.86,-0.02,32.1493,6.8499,375.6,55.0,1474.588, NAN, NAN, NAN, NAN,,2024/04/10 01:56:48.340,2024-04-10 01:56:48.340000+00:00
2024/04/10, 01:57:48.341,39.732,-70.958, 11.06,53.37,51.79,10.89,8.8,8.8,1016.9,1016.9,0.0,0.0,0.03,0.01,22,19,6.4,6.4,88.6,88.5,2.6,2.3,135.9,131.9,1019.0,1019.0,-6.44,318.92,-0.02,32.149,6.9143,380.4,55.2,1474.84, NAN, NAN, NAN, NAN,,2024/04/10 01:57:48.341,2024-04-10 01:57:48.341000+00:00
2024/04/10, 01:58:48.341,39.734,-70.955, 11.08,52.81,51.93,10.99,8.8,8.8,1016.9,1017.0,0.0,0.0,0.03,0.01,25,20,6.9,6.6,88.7,88.7,3.0,2.4,131.3,129.3,1019.0,1019.1,-6.34,318.7,-0.03,32.1538,6.8354,386.0,55.4,1474.537, NAN, NAN, NAN, NAN,,2024/04/10 01:58:48.341,2024-04-10 01:58:48.341000+00:00
2024/04/10, 01:59:48.341,39.736,-70.952, 11.05,53.29,52.91,10.6,8.8,8.8,1016.8,1016.8,0.0,0.0,0.03,0.01,22,21,5.7,6.5,88.9,88.9,2.2,2.5,147.6,128.7,1018.9,1018.9,-6.41,319.16,-0.03,32.159,6.753,393.4,55.0,1474.221, NAN, NAN, NAN, NAN,,2024/04/10 01:59:48.341,2024-04-10 01:59:48.341000+00:00
2024/04/10, 02:00:48.341,39.738,-70.949, 11.00,52.98,54.39,10.74,8.8,8.8,1017.0,1016.9,0.0,0.0,0.03,0.01,27,22,6.6,6.5,88.9,88.9,3.0,2.5,136.1,131.1,1019.1,1019.0,-6.32,319.04,-0.02,32.1512,6.726,383.8,55.2,1474.105, NAN, NAN, NAN, NAN,,2024/04/10 02:00:48.341,2024-04-10 02:00:48.341000+00:00
2024/04/10, 02:01:48.341,39.74,-70.946, 10.90,52.39,50.87,11.01,8.8,8.9,1017.0,1017.0,0.0,0.0,0.03,0.01,26,21,6.7,6.5,88.9,88.9,3.1,2.5,135.6,132.8,1019.1,1019.1,-6.36,319.05,-0.02,32.1476,6.6732,381.4,55.2,1473.893, NAN, NAN, NAN, NAN,,2024/04/10 02:01:48.341,2024-04-10 02:01:48.341000+00:00
2024/04/10, 02:02:48.341,39.742,-70.943, 10.96,53.03,53.94,10.98,8.9,8.9,1016.9,1016.8,0.0,0.0,0.03,0.01,29,23,6.3,6.2,88.9,89.0,3.1,2.4,145.5,141.5,1019.0,1018.9,-6.32,319.47,-0.03,32.1521,6.6912,372.4,55.1,1473.97, NAN, NAN, NAN, NAN,,2024/04/10 02:02:48.341,2024-04-10 02:02:48.341000+00:00
2024/04/10, 02:03:48.341,39.743,-70.94, 11.02,52.98,51.96,10.86,9.0,9.0,1016.9,1016.8,0.0,0.0,0.03,0.01,28,23,6.2,6.2,88.9,89.0,3.0,2.5,145.0,140.1,1019.0,1018.9,-6.32,319.13,-0.02,32.149,6.639,375.5,55.2,1473.761, NAN, NAN, NAN, NAN,,2024/04/10 02:03:48.341,2024-04-10 02:03:48.341000+00:00
2024/04/10, 02:04:48.341,39.745,-70.937, 10.77,52.79,52.7,10.85,9.0,9.0,1016.9,1016.9,0.0,0.0,0.03,0.01,30,25,5.7,5.9,88.3,89.0,3.0,2.5,155.3,148.0,1019.0,1019.0,-6.26,319.44,-0.03,32.2107,6.7341,376.0,54.7,1474.212, NAN, NAN, NAN, NAN,,2024/04/10 02:04:48.341,2024-04-10 02:04:48.341000+00:00
2024/04/10, 02:05:48.341,39.747,-70.934, 11.07,52.55,52.55,10.95,9.0,9.1,1016.9,1016.9,0.0,0.0,0.03,0.01,28,23,6.4,6.2,88.3,88.4,3.0,2.5,142.1,140.7,1019.0,1019.0,-6.3,318.79,-0.02,32.1556,6.7473,379.0,55.3,1474.194, NAN, NAN, NAN, NAN,,2024/04/10 02:05:48.341,2024-04-10 02:05:48.341000+00:00
2024/04/10, 02:06:48.341,39.749,-70.931, 10.98,53.02,51.59,10.61,9.1,9.1,1016.9,1016.9,0.0,0.0,0.03,0.01,27,24,4.6,5.3,87.8,87.8,2.5,2.3,175.5,158.6,1019.0,1019.0,-6.29,318.92,-0.02,32.1571,6.6592,379.6,55.2,1473.85, NAN, NAN, NAN, NAN,,2024/04/10 02:06:48.341,2024-04-10 02:06:48.341000+00:00
2024/04/10, 02:07:48.341,39.751,-70.927, 11.13,53.08,53.33,10.95,9.1,9.1,1016.9,1016.8,0.0,0.0,0.03,0.01,28,24,4.9,6.0,87.8,87.9,2.7,2.5,172.4,146.5,1019.0,1018.9,-6.2,319.13,-0.02,32.1576,6.5472,390.0,55.4,1473.41, NAN, NAN, NAN, NAN,,2024/04/10 02:07:48.341,2024-04-10 02:07:48.341000+00:00
2024/04/10, 02:08:48.341,39.753,-70.924, 11.10,53.02,53.25,10.98,9.2,9.2,1016.8,1016.8,0.0,0.0,0.03,0.01,32,26,5.7,6.0,87.6,87.7,3.1,2.7,157.9,148.4,1018.9,1018.9,-6.23,319.29,-0.02,32.1574,6.4326,389.7,55.2,1472.957, NAN, NAN, NAN, NAN,,2024/04/10 02:08:48.341,2024-04-10 02:08:48.341000+00:00
2024/04/10, 02:09:48.341,39.754,-70.921, 11.11,52.49,50.82,10.87,9.3,9.3,1016.9,1016.9,0.0,0.0,0.03,0.01,34,29,5.6,6.6,87.6,87.6,3.2,3.2,159.4,139.1,1019.0,1019.0,-6.2,320.43,-0.02,32.1561,6.528,383.6,55.2,1473.332, NAN, NAN, NAN, NAN,,2024/04/10 02:09:48.341,2024-04-10 02:09:48.341000+00:00
2024/04/10, 02:10:48.341,39.756,-70.918, 10.86,52.01,53.49,10.68,9.4,9.4,1016.7,1016.8,0.0,0.0,0.03,0.01,36,31,5.1,6.9,87.8,87.9,3.2,3.4,167.5,134.9,1018.8,1018.9,-6.13,321.2,-0.02,32.1538,7.0347,380.3,55.3,1475.315, NAN, NAN, NAN, NAN,,2024/04/10 02:10:48.341,2024-04-10 02:10:48.341000+00:00
2024/04/10, 02:11:48.341,39.758,-70.915, 10.88,53.19,54.48,10.59,9.5,9.5,1016.7,1016.8,0.0,0.0,0.03,0.01,39,30,4.6,6.0,88.0,88.1,3.3,2.9,177.2,148.1,1018.8,1018.9,-6.06,322.03,-0.02,32.1574,7.2018,377.1,55.2,1475.97, NAN, NAN, NAN, NAN,,2024/04/10 02:11:48.341,2024-04-10 02:11:48.341000+00:00
2024/04/10, 02:12:48.342,39.76,-70.912, 10.92,52.76,53.14,10.73,9.5,9.6,1016.8,1016.9,0.0,0.0,0.03,0.01,32,28,4.7,5.5,87.6,87.6,2.8,2.6,175.5,157.7,1018.9,1019.0,-5.93,321.87,-0.02,32.1797,7.2093,368.1,55.0,1476.026, NAN, NAN, NAN, NAN,,2024/04/10 02:12:48.342,2024-04-10 02:12:48.342000+00:00
2024/04/10, 02:13:48.342,39.761,-70.909, NAN,53.17,53.3,10.62,9.6,9.6,1016.8,1016.6,0.0,0.0,0.03,0.01,31,26,5.5,6.0,86.8,87.0,2.9,2.6,158.0,144.6,1018.9,1018.7,-6.02,321.59,-0.02,32.1868,7.1434,362.4,54.9,1475.78, NAN, NAN, NAN, NAN,,2024/04/10 02:13:48.342,2024-04-10 02:13:48.342000+00:00
2024/04/10, 02:14:48.342,39.763,-70.905, NAN,53.69,56.69,10.63,9.5,9.6,1016.6,1016.6,0.0,0.0,0.03,0.01,30,25,5.8,5.7,86.2,86.9,2.7,2.2,152.9,151.3,1018.7,1018.7,-6.02,321.91,-0.02,32.1853,7.1507,364.8,55.2,1475.806, NAN, NAN, NAN, NAN,,2024/04/10 02:14:48.342,2024-04-10 02:14:48.342000+00:00
2024/04/10, 02:15:48.342,39.765,-70.902, NAN,53.67,53.69,10.77,9.5,9.6,1016.6,1016.7,0.0,0.0,0.03,0.01,30,25,6.1,6.0,86.4,86.5,3.0,2.5,148.4,145.9,1018.7,1018.8,-6.02,321.76,-0.02,32.1914,7.1653,361.7,55.2,1475.87, NAN, NAN, NAN, NAN,,2024/04/10 02:15:48.342,2024-04-10 02:15:48.342000+00:00
2024/04/10, 02:16:48.342,39.767,-70.899, NAN,52.52,56.87,10.84,9.5,9.6,1016.8,1016.5,0.0,0.0,0.03,0.01,26,23,5.6,5.9,86.1,86.1,2.2,2.0,156.4,146.3,1018.9,1018.6,-6.12,321.68,-0.02,32.1905,7.0941,370.8,55.5,1475.593, NAN, NAN, NAN, NAN,,2024/04/10 02:16:48.342,2024-04-10 02:16:48.342000+00:00
2024/04/10, 02:17:48.342,39.768,-70.896, NAN,53.58,55.04,10.9,9.5,9.6,1016.5,1016.6,0.0,0.0,0.03,0.01,27,22,6.4,6.7,85.5,85.6,2.8,2.5,141.5,129.3,1018.6,1018.7,-6.08,321.22,-0.02,32.2016,7.0978,387.8,55.7,1475.621, NAN, NAN, NAN, NAN,,2024/04/10 02:17:48.342,2024-04-10 02:17:48.342000+00:00
2024/04/10, 02:18:48.342,39.77,-70.893, NAN,53.23,53.81,10.91,9.5,9.5,1016.8,1016.6,0.0,0.0,0.03,0.01,24,22,6.5,7.0,84.8,84.9,2.6,2.7,135.8,124.0,1018.9,1018.7,-6.05,321.16,-0.02,32.1986,7.1854,395.2,55.8,1475.957, NAN, NAN, NAN, NAN,,2024/04/10 02:18:48.342,2024-04-10 02:18:48.342000+00:00
2024/04/10, 02:19:48.342,39.772,-70.889, NAN,52.79,54.65,10.88,9.5,9.5,1016.5,1016.5,0.0,0.0,0.03,0.01,26,21,7.3,7.0,84.2,84.3,3.2,2.6,125.2,121.1,1018.6,1018.6,-6.11,320.81,-0.02,32.2112,7.3504,418.0,55.7,1476.612, NAN, NAN, NAN, NAN,,2024/04/10 02:19:48.342,2024-04-10 02:19:48.342000+00:00
2024/04/10, 02:20:48.342,39.774,-70.886, NAN,52.82,54.81,10.76,9.5,9.5,1016.8,1016.5,0.0,0.0,0.03,0.01,27,22,6.8,7.1,83.3,83.4,2.9,2.7,132.4,119.6,1018.9,1018.6,-6.12,320.89,-0.02,32.2208,7.2236,429.9,55.6,1476.133, NAN, NAN, NAN, NAN,,2024/04/10 02:20:48.342,2024-04-10 02:20:48.342000+00:00
2024/04/10, 02:21:48.342,39.776,-70.883, NAN,34.17,41.56,10.54,9.4,9.5,1016.6,1016.5,0.0,0.0,0.03,0.01,32,26,6.4,6.3,83.2,83.3,2.7,2.1,123.0,116.1,1018.7,1018.6,-6.11,322.0,-0.03,32.2358,7.2324,457.7,55.8,1476.186, NAN, NAN, NAN, NAN,,2024/04/10 02:21:48.342,2024-04-10 02:21:48.342000+00:00
2024/04/10, 02:22:48.342,39.778,-70.882, NAN,7.07,6.87,10.07,9.5,9.5,1016.5,1016.6,0.0,0.0,0.03,0.01,40,33,4.7,6.4,83.5,83.6,3.3,3.4,125.5,93.8,1018.6,1018.7,-6.2,322.02,-0.02,32.2386,7.0258,477.2,55.7,1475.387, NAN, NAN, NAN, NAN,,2024/04/10 02:22:48.342,2024-04-10 02:22:48.342000+00:00
2024/04/10, 02:23:48.342,39.781,-70.882, NAN,359.58,1.07,10.69,9.5,9.5,1016.8,1016.6,0.0,0.0,0.03,0.01,40,34,4.9,6.9,83.2,83.2,3.5,3.7,119.4,86.1,1018.9,1018.7,-6.22,322.18,-0.03,32.2379,6.835,465.1,56.0,1474.641, NAN, NAN, NAN, NAN,,2024/04/10 02:23:48.342,2024-04-10 02:23:48.342000+00:00
2024/04/10, 02:24:48.342,39.784,-70.882, NAN,357.84,358.31,10.7,9.5,9.5,1016.6,1016.8,0.0,0.0,0.03,0.01,42,36,5.2,7.3,83.0,83.0,3.7,4.2,114.0,82.2,1018.7,1018.9,-6.3,322.31,-0.02,32.2373,6.771,445.6,56.2,1474.39, NAN, NAN, NAN, NAN,,2024/04/10 02:24:48.342,2024-04-10 02:24:48.342000+00:00
2024/04/10, 02:25:48.342,39.787,-70.882, NAN,357.2,1.38,10.66,9.4,9.5,1016.5,1016.6,0.0,0.0,0.03,0.01,41,35,5.9,7.9,84.2,83.0,3.8,4.4,103.0,74.1,1018.6,1018.7,-6.35,321.83,-0.02,32.2283,6.6643,438.2,56.0,1473.959, NAN, NAN, NAN, NAN,,2024/04/10 02:25:48.342,2024-04-10 02:25:48.342000+00:00
2024/04/10, 02:26:48.342,39.79,-70.882, NAN,358.69,359.67,10.71,9.3,9.4,1016.6,1016.5,0.0,0.0,0.03,0.01,40,35,6.3,8.4,85.4,85.3,3.9,4.8,98.7,71.9,1018.7,1018.6,-6.3,321.76,-0.02,32.2346,6.6291,424.8,56.0,1473.829, NAN, NAN, NAN, NAN,,2024/04/10 02:26:48.342,2024-04-10 02:26:48.342000+00:00
2024/04/10, 02:27:48.342,39.793,-70.882, NAN,357.91,3.14,10.62,9.2,9.3,1016.5,1016.5,0.0,0.0,0.03,0.01,39,34,6.9,8.9,86.6,86.5,4.0,5.0,89.1,65.2,1018.6,1018.6,-6.34,320.79,-0.02,32.2252,6.5466,425.7,55.7,1473.492, NAN, NAN, NAN, NAN,,2024/04/10 02:27:48.342,2024-04-10 02:27:48.342000+00:00
2024/04/10, 02:28:48.343,39.796,-70.882, NAN,357.94,1.0,10.65,9.1,9.1,1016.5,1016.5,0.0,0.0,0.03,0.01,39,34,7.0,9.1,87.7,87.6,4.2,5.3,88.4,65.0,1018.6,1018.6,-6.36,320.26,-0.02,32.225,6.6212,426.4,55.7,1473.786, NAN, NAN, NAN, NAN,,2024/04/10 02:28:48.343,2024-04-10 02:28:48.343000+00:00
2024/04/10, 02:29:48.343,39.799,-70.882, NAN,358.4,1.95,10.41,9.0,9.0,1016.6,1016.5,0.0,0.0,0.03,0.01,40,35,7.6,9.7,89.2,89.0,4.6,5.9,82.5,62.2,1018.7,1018.6,-6.41,319.41,-0.02,32.2242,6.5984,413.7,55.7,1473.695, NAN, NAN, NAN, NAN,,2024/04/10 02:29:48.343,2024-04-10 02:29:48.343000+00:00
2024/04/10, 02:30:48.343,39.802,-70.882, NAN,356.41,0.12,10.73,8.9,9.0,1016.7,1016.7,0.0,0.0,0.03,0.01,41,35,8.2,10.1,89.3,89.1,5.2,6.2,78.9,59.9,1018.8,1018.8,-6.38,319.23,-0.02,32.232,6.5735,402.5,55.7,1473.607, NAN, NAN, NAN, NAN,,2024/04/10 02:30:48.343,2024-04-10 02:30:48.343000+00:00
2024/04/10, 02:31:48.343,39.805,-70.882, NAN,356.76,359.45,10.42,8.7,8.8,1016.5,1016.6,0.0,0.0,0.03,0.01,42,36,7.8,9.8,91.2,91.1,4.9,6.0,81.5,61.2,1018.6,1018.7,-6.41,319.96,-0.02,32.2301,6.7566,398.8,55.7,1474.324, NAN, NAN, NAN, NAN,,2024/04/10 02:31:48.343,2024-04-10 02:31:48.343000+00:00
2024/04/10, 02:32:48.343,39.808,-70.882, NAN,356.87,0.9,10.69,8.6,8.7,1016.7,1016.7,0.0,0.0,0.03,0.01,42,36,7.5,9.5,92.4,92.3,4.7,5.7,85.8,64.1,1018.8,1018.8,-6.48,320.76,-0.02,32.2367,7.0846,390.5,55.7,1475.613, NAN, NAN, NAN, NAN,,2024/04/10 02:32:48.343,2024-04-10 02:32:48.343000+00:00
2024/04/10, 02:33:48.343,39.811,-70.882, NAN,357.59,358.61,10.75,8.6,8.7,1016.6,1016.6,0.0,0.0,0.03,0.01,43,36,7.1,9.2,93.0,92.9,4.7,5.6,91.6,67.6,1018.7,1018.7,-6.47,321.35,-0.03,32.2414,7.1634,389.4,55.8,1475.925, NAN, NAN, NAN, NAN,,2024/04/10 02:33:48.343,2024-04-10 02:33:48.343000+00:00
2024/04/10, 02:34:48.343,39.814,-70.882, NAN,355.99,357.95,10.71,8.6,8.7,1016.5,1016.6,0.0,0.0,0.03,0.01,44,39,7.3,9.4,93.3,93.3,4.8,6.0,88.9,68.4,1018.6,1018.7,-6.4,321.95,-0.02,32.2478,7.1207,398.2,55.9,1475.767, NAN, NAN, NAN, NAN,,2024/04/10 02:34:48.343,2024-04-10 02:34:48.343000+00:00
2024/04/10, 02:35:48.343,39.817,-70.882, NAN,355.46,358.43,10.25,8.7,8.7,1016.5,1016.5,0.0,0.0,0.03,0.01,45,38,7.5,9.5,93.5,93.5,4.9,5.9,84.9,63.2,1018.6,1018.6,-6.42,322.09,-0.02,32.2433,7.0995,396.9,55.9,1475.679, NAN, NAN, NAN, NAN,,2024/04/10 02:35:48.343,2024-04-10 02:35:48.343000+00:00
2024/04/10, 02:36:48.343,39.82,-70.882, NAN,355.75,359.31,10.6,8.6,8.7,1016.6,1016.6,0.0,0.0,0.03,0.01,45,38,6.9,9.0,93.3,93.3,4.7,5.5,92.7,68.4,1018.7,1018.7,-6.4,322.95,-0.02,32.2398,7.1763,404.0,56.0,1475.973, NAN, NAN, NAN, NAN,,2024/04/10 02:36:48.343,2024-04-10 02:36:48.343000+00:00
2024/04/10, 02:37:48.343,39.822,-70.882, NAN,356.54,0.36,10.48,8.6,8.7,1016.5,1016.6,0.0,0.0,0.03,0.01,45,38,6.6,8.7,93.3,93.3,4.4,5.3,95.8,70.3,1018.6,1018.7,-6.38,323.1,-0.02,32.239,7.152,399.5,56.0,1475.878, NAN, NAN, NAN, NAN,,2024/04/10 02:37:48.343,2024-04-10 02:37:48.343000+00:00
2024/04/10, 02:38:48.343,39.825,-70.882, NAN,356.99,357.03,10.74,8.7,8.7,1016.5,1016.5,0.0,0.0,0.03,0.01,45,38,6.5,8.7,93.1,93.1,4.5,5.3,98.9,72.3,1018.6,1018.6,-6.45,323.45,-0.02,32.2419,7.0187,388.1,56.0,1475.363, NAN, NAN, NAN, NAN,,2024/04/10 02:38:48.343,2024-04-10 02:38:48.343000+00:00
2024/04/10, 02:39:48.343,39.828,-70.882, NAN,355.74,2.5,10.62,8.7,8.8,1016.5,1016.5,0.0,0.0,0.03,0.01,46,39,6.2,8.2,93.0,93.1,4.0,4.7,101.9,74.0,1018.6,1018.6,-6.51,323.38,-0.02,32.2299,6.827,372.8,56.1,1474.6, NAN, NAN, NAN, NAN,,2024/04/10 02:39:48.343,2024-04-10 02:39:48.343000+00:00
2024/04/10, 02:40:48.343,39.831,-70.882, NAN,355.49,1.61,10.57,8.8,8.9,1016.5,1016.5,0.0,0.0,0.03,0.01,46,39,5.9,8.0,92.5,92.5,4.0,4.6,104.8,75.4,1018.6,1018.6,-6.42,323.16,-0.02,32.2183,6.5904,388.8,56.4,1473.656, NAN, NAN, NAN, NAN,,2024/04/10 02:40:48.343,2024-04-10 02:40:48.343000+00:00
2024/04/10, 02:41:48.343,39.834,-70.882, NAN,356.2,0.55,10.54,8.9,8.9,1016.5,1016.4,0.0,0.0,0.03,0.01,46,39,5.9,8.0,91.6,91.7,4.0,4.6,105.2,76.0,1018.6,1018.5,-6.4,323.23,-0.02,32.2085,6.4736,395.2,56.0,1473.183, NAN, NAN, NAN, NAN,,2024/04/10 02:41:48.343,2024-04-10 02:41:48.343000+00:00
2024/04/10, 02:42:48.343,39.837,-70.882, NAN,356.72,357.26,10.63,9.0,9.0,1016.5,1016.5,0.0,0.0,0.03,0.01,45,38,5.8,8.0,90.5,90.7,4.1,4.7,106.2,76.4,1018.6,1018.6,-6.38,323.14,-0.02,32.2032,6.4506,387.8,56.1,1473.086, NAN, NAN, NAN, NAN,,2024/04/10 02:42:48.343,2024-04-10 02:42:48.343000+00:00
2024/04/10, 02:43:48.344,39.84,-70.882, NAN,355.69,1.88,10.6,9.0,9.0,1016.5,1016.4,0.0,0.0,0.03,0.01,45,38,5.9,7.9,89.9,90.6,3.9,4.4,104.6,75.3,1018.6,1018.5,-6.35,323.13,-0.02,32.211,6.5245,386.0,56.2,1473.387, NAN, NAN, NAN, NAN,,2024/04/10 02:43:48.344,2024-04-10 02:43:48.344000+00:00
2024/04/10, 02:44:48.344,39.843,-70.882, NAN,356.14,0.06,10.53,9.1,9.1,1016.5,1016.5,0.0,0.0,0.03,0.01,44,38,5.7,7.8,89.2,90.0,3.7,4.4,106.5,76.2,1018.6,1018.6,-6.26,323.45,-0.02,32.2173,6.8608,389.7,55.9,1474.716, NAN, NAN, NAN, NAN,,2024/04/10 02:44:48.344,2024-04-10 02:44:48.344000+00:00
2024/04/10, 02:45:48.344,39.846,-70.882, NAN,356.13,357.67,10.85,9.1,9.1,1016.6,1016.6,0.0,0.0,0.03,0.01,45,38,6.0,8.2,88.6,88.7,4.2,4.8,104.7,75.5,1018.7,1018.7,-6.28,323.42,-0.02,32.2201,7.0424,384.4,55.7,1475.428, NAN, NAN, NAN, NAN,,2024/04/10 02:45:48.344,2024-04-10 02:45:48.344000+00:00
2024/04/10, 02:46:48.344,39.849,-70.882, NAN,355.37,1.86,10.63,9.2,9.2,1016.5,1016.5,0.0,0.0,0.03,0.01,46,39,5.9,8.0,87.8,88.0,3.9,4.5,105.3,75.5,1018.6,1018.6,-6.29,323.69,-0.03,32.2193,7.1404,389.1,55.8,1475.808, NAN, NAN, NAN, NAN,,2024/04/10 02:46:48.344,2024-04-10 02:46:48.344000+00:00
2024/04/10, 02:47:48.344,39.852,-70.882, NAN,355.76,0.66,10.94,9.2,9.2,1016.8,1016.7,0.0,0.0,0.03,0.01,46,39,6.1,8.3,87.4,87.6,4.2,4.9,104.9,75.8,1018.9,1018.8,-6.31,323.54,-0.02,32.2123,7.1143,392.8,55.9,1475.698, NAN, NAN, NAN, NAN,,2024/04/10 02:47:48.344,2024-04-10 02:47:48.344000+00:00
2024/04/10, 02:48:48.344,39.855,-70.882, NAN,356.57,2.28,11.01,9.2,9.2,1016.6,1016.6,0.0,0.0,0.03,0.01,45,38,6.3,8.5,86.8,86.9,4.2,4.9,103.0,74.2,1018.7,1018.7,-6.27,323.22,-0.02,32.2089,7.1053,405.9,55.9,1475.659, NAN, NAN, NAN, NAN,,2024/04/10 02:48:48.344,2024-04-10 02:48:48.344000+00:00
2024/04/10, 02:49:48.344,39.858,-70.882, NAN,355.74,358.76,10.93,9.2,9.2,1016.8,1016.6,0.0,0.0,0.03,0.01,46,38,6.2,8.4,86.3,86.4,4.3,4.9,103.2,73.9,1018.9,1018.7,-6.23,323.4,-0.02,32.2033,7.0133,432.4,55.8,1475.294, NAN, NAN, NAN, NAN,,2024/04/10 02:49:48.344,2024-04-10 02:49:48.344000+00:00
2024/04/10, 02:50:48.344,39.861,-70.882, NAN,355.71,359.22,10.78,9.2,9.2,1016.6,1016.8,0.0,0.0,0.03,0.01,46,39,6.5,8.6,86.2,86.3,4.4,5.1,99.1,72.6,1018.7,1018.9,-6.28,323.26,-0.02,32.2076,6.9285,438.8,55.7,1474.969, NAN, NAN, NAN, NAN,,2024/04/10 02:50:48.344,2024-04-10 02:50:48.344000+00:00
2024/04/10, 02:51:48.344,39.864,-70.882, NAN,356.68,357.37,10.87,9.1,9.2,1016.8,1016.7,0.0,0.0,0.03,0.01,46,39,6.8,8.8,86.0,86.0,4.8,5.5,97.1,73.5,1018.9,1018.8,-6.21,322.93,-0.03,32.2116,6.8601,437.2,55.7,1474.706, NAN, NAN, NAN, NAN,,2024/04/10 02:51:48.344,2024-04-10 02:51:48.344000+00:00
2024/04/10, 02:52:48.344,39.867,-70.882, NAN,356.58,357.48,10.81,9.1,9.1,1016.8,1016.8,0.0,0.0,0.03,0.01,45,38,6.7,8.7,86.3,86.3,4.6,5.3,96.8,72.3,1018.9,1018.9,-6.33,323.01,-0.02,32.2195,6.8286,433.1,55.7,1474.593, NAN, NAN, NAN, NAN,,2024/04/10 02:52:48.344,2024-04-10 02:52:48.344000+00:00
2024/04/10, 02:53:48.344,39.87,-70.882, NAN,355.83,357.45,10.83,9.0,9.0,1016.6,1016.7,0.0,0.0,0.03,0.01,46,39,7.1,9.1,86.5,86.4,4.9,5.7,93.2,70.6,1018.7,1018.8,-6.32,322.4,-0.02,32.2207,6.86,412.9,55.9,1474.717, NAN, NAN, NAN, NAN,,2024/04/10 02:53:48.344,2024-04-10 02:53:48.344000+00:00
2024/04/10, 02:54:48.344,39.873,-70.882, NAN,356.97,356.29,10.99,9.0,9.0,1016.6,1016.8,0.0,0.0,0.03,0.01,42,37,7.3,9.4,87.1,87.0,4.9,5.9,89.6,68.7,1018.7,1018.9,-6.36,321.2,-0.01,32.2331,6.8544,410.4,55.9,1474.711, NAN, NAN, NAN, NAN,,2024/04/10 02:54:48.344,2024-04-10 02:54:48.344000+00:00
2024/04/10, 02:55:48.344,39.876,-70.882, NAN,356.65,357.4,11.11,8.8,8.9,1016.5,1016.7,0.0,0.0,0.03,0.01,41,35,7.3,9.5,87.9,87.7,4.8,5.8,89.1,65.7,1018.6,1018.8,-6.29,320.94,-0.02,32.244,6.738,395.8,56.1,1474.269, NAN, NAN, NAN, NAN,,2024/04/10 02:55:48.344,2024-04-10 02:55:48.344000+00:00
2024/04/10, 02:56:48.344,39.879,-70.883, NAN,356.58,358.67,10.94,8.6,8.7,1016.6,1016.7,0.0,0.0,0.03,0.01,43,37,7.1,9.3,89.0,88.9,4.6,5.6,91.9,67.9,1018.7,1018.8,-6.32,320.72,-0.01,32.2343,6.603,391.5,56.0,1473.726, NAN, NAN, NAN, NAN,,2024/04/10 02:56:48.344,2024-04-10 02:56:48.344000+00:00
2024/04/10, 02:57:48.344,39.883,-70.883, NAN,357.05,358.52,10.9,8.5,8.6,1016.6,1016.6,0.0,0.0,0.03,0.01,44,37,7.9,9.9,90.6,90.5,5.5,6.4,86.2,65.9,1018.7,1018.7,-6.41,319.0,-0.02,32.2112,6.5727,385.7,56.1,1473.578, NAN, NAN, NAN, NAN,,2024/04/10 02:57:48.344,2024-04-10 02:57:48.344000+00:00
2024/04/10, 02:58:48.344,39.886,-70.883, NAN,356.91,0.1,10.82,8.4,8.4,1016.6,1016.6,0.0,0.0,0.03,0.01,44,38,10.0,11.9,90.2,90.0,7.0,8.2,73.4,59.0,1018.7,1018.7,-6.44,316.57,-0.01,32.1953,6.562,375.5,56.0,1473.516, NAN, NAN, NAN, NAN,,2024/04/10 02:58:48.344,2024-04-10 02:58:48.344000+00:00
2024/04/10, 02:59:48.345,39.889,-70.883, NAN,357.85,358.61,10.97,8.1,8.2,1016.6,1016.7,0.0,0.0,0.03,0.01,42,38,9.8,11.9,90.6,90.4,6.8,8.3,73.9,61.0,1018.7,1018.8,-6.39,316.99,-0.02,32.179,6.8478,360.3,55.9,1474.617, NAN, NAN, NAN, NAN,,2024/04/10 02:59:48.345,2024-04-10 02:59:48.345000+00:00
2024/04/10, 03:00:48.345,39.892,-70.883, NAN,358.66,0.03,10.81,8.0,8.1,1016.5,1016.6,0.0,0.0,0.03,0.01,44,39,9.4,11.4,92.4,92.3,6.7,7.9,78.3,64.1,1018.6,1018.7,-6.52,317.25,-0.02,32.1662,7.0736,350.5,56.0,1475.482, NAN, NAN, NAN, NAN,,2024/04/10 03:00:48.345,2024-04-10 03:00:48.345000+00:00
2024/04/10, 03:01:48.345,39.895,-70.883, NAN,358.07,0.35,10.83,7.9,8.0,1016.6,1016.6,0.0,0.0,0.03,0.01,44,39,10.1,12.1,92.6,92.5,7.1,8.4,74.2,60.9,1018.7,1018.7,-6.46,316.68,-0.02,32.171,7.0475,359.3,55.8,1475.387, NAN, NAN, NAN, NAN,,2024/04/10 03:01:48.345,2024-04-10 03:01:48.345000+00:00
2024/04/10, 03:02:48.345,39.898,-70.883, NAN,358.58,1.24,10.76,7.8,7.9,1016.6,1016.6,0.0,0.0,0.03,0.01,44,39,9.1,11.1,93.2,93.1,6.2,7.5,79.1,64.0,1018.7,1018.7,-6.36,318.46,-0.02,32.1672,6.8781,355.0,56.1,1474.721, NAN, NAN, NAN, NAN,,2024/04/10 03:02:48.345,2024-04-10 03:02:48.345000+00:00
2024/04/10, 03:03:48.345,39.901,-70.883, NAN,358.27,2.49,10.72,7.8,7.8,1016.6,1016.6,0.0,0.0,0.03,0.01,45,39,9.5,11.5,93.9,93.8,6.5,7.7,77.4,61.7,1018.7,1018.7,-6.47,319.01,-0.02,32.1584,6.7202,341.6,56.3,1474.091, NAN, NAN, NAN, NAN,,2024/04/10 03:03:48.345,2024-04-10 03:03:48.345000+00:00
2024/04/10, 03:04:48.345,39.904,-70.883, NAN,357.54,0.57,10.81,7.7,7.8,1016.6,1016.7,0.0,0.0,0.03,0.01,45,39,8.8,10.7,94.3,93.8,6.1,7.2,81.3,64.8,1018.7,1018.8,-6.39,320.99,-0.02,32.149,6.5934,337.9,56.0,1473.581, NAN, NAN, NAN, NAN,,2024/04/10 03:04:48.345,2024-04-10 03:04:48.345000+00:00
2024/04/10, 03:05:48.345,39.907,-70.883, NAN,358.12,357.1,10.63,7.7,7.7,1016.7,1016.7,0.0,0.0,0.03,0.01,47,40,10.1,11.9,94.8,94.8,7.5,8.5,77.2,62.5,1018.8,1018.8,-6.38,320.25,-0.02,32.1493,6.5096,338.5,56.1,1473.251, NAN, NAN, NAN, NAN,,2024/04/10 03:05:48.345,2024-04-10 03:05:48.345000+00:00
2024/04/10, 03:06:48.345,39.91,-70.883, NAN,357.94,359.4,10.53,7.7,7.7,1016.6,1016.8,0.0,0.0,0.03,0.01,48,43,9.6,11.6,94.9,94.8,7.0,8.3,79.6,66.2,1018.7,1018.9,-6.36,322.12,-0.01,32.1462,6.4429,340.8,55.9,1472.984, NAN, NAN, NAN, NAN,,2024/04/10 03:06:48.345,2024-04-10 03:06:48.345000+00:00
2024/04/10, 03:07:48.345,39.912,-70.883, NAN,358.42,359.82,10.59,7.7,7.7,1016.8,1016.8,0.0,0.0,0.03,0.01,50,44,8.3,10.3,96.0,96.0,6.2,7.2,89.4,72.6,1018.9,1018.9,-6.3,323.52,-0.02,32.147,6.4164,331.5,55.5,1472.88, NAN, NAN, NAN, NAN,,2024/04/10 03:07:48.345,2024-04-10 03:07:48.345000+00:00
2024/04/10, 03:08:48.345,39.915,-70.883, NAN,357.68,359.41,10.74,7.8,7.9,1016.8,1016.8,0.0,0.0,0.03,0.01,50,43,9.1,10.9,96.0,96.0,6.8,7.7,84.9,69.1,1018.9,1018.9,-6.2,322.18,-0.02,32.1498,6.3986,331.2,55.7,1472.813, NAN, NAN, NAN, NAN,,2024/04/10 03:08:48.345,2024-04-10 03:08:48.345000+00:00
2024/04/10, 03:09:48.345,39.918,-70.883, NAN,358.56,2.49,10.5,7.8,7.9,1016.5,1016.6,0.0,0.0,0.03,0.01,50,43,9.1,11.1,95.1,95.0,6.7,7.8,84.7,68.2,1018.6,1018.7,-6.15,321.37,-0.02,32.1595,6.4168,326.4,56.0,1472.897, NAN, NAN, NAN, NAN,,2024/04/10 03:09:48.345,2024-04-10 03:09:48.345000+00:00
2024/04/10, 03:10:48.345,39.921,-70.883, NAN,357.52,2.25,10.58,7.8,7.8,1016.8,1016.7,0.0,0.0,0.03,0.01,51,44,9.2,11.0,95.0,95.0,6.8,7.7,84.5,68.7,1018.9,1018.8,-6.27,320.54,-0.02,32.1671,6.4108,328.4,55.8,1472.883, NAN, NAN, NAN, NAN,,2024/04/10 03:10:48.345,2024-04-10 03:10:48.345000+00:00
2024/04/10, 03:11:48.345,39.924,-70.883, NAN,358.49,358.38,10.47,7.8,7.8,1016.6,1016.7,0.0,0.0,0.03,0.01,52,45,8.6,10.6,95.0,95.0,6.7,7.7,89.2,72.5,1018.7,1018.8,-6.19,320.79,-0.02,32.1713,6.4047,338.8,56.0,1472.864, NAN, NAN, NAN, NAN,,2024/04/10 03:11:48.345,2024-04-10 03:11:48.345000+00:00
2024/04/10, 03:12:48.345,39.927,-70.883, NAN,358.43,359.54,10.44,7.7,7.8,1016.8,1016.8,0.0,0.0,0.03,0.01,52,46,9.0,11.0,95.2,95.0,7.0,8.1,87.0,72.2,1018.9,1018.9,-6.15,319.64,-0.02,32.1825,6.435,346.5,56.0,1472.998, NAN, NAN, NAN, NAN,,2024/04/10 03:12:48.345,2024-04-10 03:12:48.345000+00:00
2024/04/10, 03:13:48.345,39.93,-70.883, NAN,358.15,1.44,10.47,7.7,7.7,1016.8,1016.8,0.0,0.0,0.03,0.01,52,45,8.2,10.1,95.3,95.3,6.2,7.1,91.2,73.6,1018.9,1018.9,-6.19,320.41,-0.02,32.1787,6.4798,344.6,56.1,1473.17, NAN, NAN, NAN, NAN,,2024/04/10 03:13:48.345,2024-04-10 03:13:48.345000+00:00
2024/04/10, 03:14:48.345,39.933,-70.883, NAN,357.75,1.38,10.54,7.7,7.7,1016.8,1016.8,0.0,0.0,0.03,0.01,52,46,9.0,11.0,95.5,95.5,6.9,8.0,86.7,71.6,1018.9,1018.9,-6.2,319.67,-0.02,32.1769,6.5211,348.6,56.1,1473.331, NAN, NAN, NAN, NAN,,2024/04/10 03:14:48.345,2024-04-10 03:14:48.345000+00:00
2024/04/10, 03:15:48.346,39.936,-70.883, NAN,359.46,358.8,10.5,7.7,7.7,1016.7,1016.8,0.0,0.0,0.03,0.01,51,44,8.5,10.5,95.4,95.4,6.7,7.7,89.9,73.1,1018.8,1018.9,-6.17,320.59,-0.02,32.1768,6.7461,348.9,55.8,1474.216, NAN, NAN, NAN, NAN,,2024/04/10 03:15:48.346,2024-04-10 03:15:48.346000+00:00
2024/04/10, 03:16:48.346,39.939,-70.883, NAN,359.16,1.57,10.45,7.6,7.7,1016.7,1016.7,0.0,0.0,0.03,0.01,52,45,8.6,10.5,95.6,95.7,6.5,7.5,89.8,73.2,1018.8,1018.8,-6.27,320.3,-0.02,32.1755,6.7883,351.3,56.0,1474.38, NAN, NAN, NAN, NAN,,2024/04/10 03:16:48.346,2024-04-10 03:16:48.346000+00:00
2024/04/10, 03:17:48.346,39.942,-70.883, NAN,358.95,358.82,10.43,7.6,7.7,1016.8,1016.7,0.0,0.0,0.03,0.01,53,47,9.1,11.0,95.6,95.7,7.2,8.2,88.0,73.8,1018.9,1018.8,-6.2,319.97,-0.02,32.1845,6.699,359.0,56.0,1474.041, NAN, NAN, NAN, NAN,,2024/04/10 03:17:48.346,2024-04-10 03:17:48.346000+00:00
2024/04/10, 03:18:48.346,39.945,-70.883, NAN,358.72,2.43,10.35,7.6,7.7,1016.8,1016.8,0.0,0.0,0.03,0.01,54,47,9.1,10.9,95.5,95.6,7.0,7.9,88.4,73.1,1018.9,1018.9,-6.22,319.82,-0.02,32.1855,6.6205,367.8,56.0,1473.734, NAN, NAN, NAN, NAN,,2024/04/10 03:18:48.346,2024-04-10 03:18:48.346000+00:00
2024/04/10, 03:19:48.346,39.947,-70.883, NAN,359.1,2.18,10.27,7.6,7.6,1016.6,1016.7,0.0,0.0,0.03,0.01,54,48,8.4,10.2,95.5,95.5,6.5,7.5,92.0,77.1,1018.7,1018.8,-6.27,320.81,-0.02,32.1848,6.6305,380.0,56.1,1473.772, NAN, NAN, NAN, NAN,,2024/04/10 03:19:48.346,2024-04-10 03:19:48.346000+00:00
2024/04/10, 03:20:48.346,39.95,-70.883, NAN,359.44,358.33,10.32,7.6,7.6,1016.6,1016.8,0.0,0.0,0.03,0.01,55,48,8.4,10.3,95.4,95.5,6.9,7.8,93.5,77.7,1018.7,1018.9,-6.17,321.38,-0.03,32.1832,6.7418,400.3,56.3,1474.207, NAN, NAN, NAN, NAN,,2024/04/10 03:20:48.346,2024-04-10 03:20:48.346000+00:00
2024/04/10, 03:21:48.346,39.953,-70.883, NAN,358.95,2.47,10.43,7.6,7.6,1016.8,1016.7,0.0,0.0,0.03,0.01,56,48,8.3,10.3,95.4,95.3,6.7,7.6,95.1,77.3,1018.9,1018.8,-6.2,322.41,-0.02,32.1932,6.8064,401.9,56.3,1474.473, NAN, NAN, NAN, NAN,,2024/04/10 03:21:48.346,2024-04-10 03:21:48.346000+00:00
2024/04/10, 03:22:48.346,39.956,-70.883, NAN,358.94,359.37,10.29,7.6,7.7,1016.7,1016.7,0.0,0.0,0.03,0.01,57,50,8.0,9.8,95.3,95.2,6.8,7.6,96.9,81.3,1018.8,1018.8,-6.22,323.3,-0.02,32.2111,6.6683,398.8,56.2,1473.954, NAN, NAN, NAN, NAN,,2024/04/10 03:22:48.346,2024-04-10 03:22:48.346000+00:00
2024/04/10, 03:23:48.346,39.959,-70.883, NAN,0.09,0.3,10.38,7.7,7.7,1016.8,1016.8,0.0,0.0,0.03,0.01,57,50,8.4,10.1,95.0,95.0,7.0,7.7,96.3,81.5,1018.9,1018.9,-6.2,323.61,-0.02,32.2228,6.613,406.7,56.1,1473.751, NAN, NAN, NAN, NAN,,2024/04/10 03:23:48.346,2024-04-10 03:23:48.346000+00:00
2024/04/10, 03:24:48.346,39.962,-70.882, NAN,0.29,359.5,10.26,7.7,7.7,1016.8,1016.7,0.0,0.0,0.03,0.01,59,51,8.6,10.4,94.8,94.9,7.4,8.1,96.9,81.3,1018.9,1018.8,-6.16,323.5,-0.02,32.2269,6.6224,390.8,56.3,1473.793, NAN, NAN, NAN, NAN,,2024/04/10 03:24:48.346,2024-04-10 03:24:48.346000+00:00
2024/04/10, 03:25:48.346,39.965,-70.882, NAN,358.86,0.82,10.12,7.7,7.7,1016.8,1016.8,0.0,0.0,0.03,0.01,61,53,8.0,9.7,94.6,94.7,7.0,7.7,99.7,84.1,1018.9,1018.9,-6.18,323.75,-0.02,32.2385,6.6127,388.1,56.2,1473.769, NAN, NAN, NAN, NAN,,2024/04/10 03:25:48.346,2024-04-10 03:25:48.346000+00:00
2024/04/10, 03:26:48.346,39.967,-70.882, NAN,358.97,0.29,10.31,7.8,7.8,1016.8,1016.8,0.0,0.0,0.03,0.01,64,53,8.1,9.2,94.4,94.5,7.3,7.2,102.7,87.1,1018.9,1018.9,-6.06,323.09,-0.02,32.2489,6.5559,411.3,56.2,1473.559, NAN, NAN, NAN, NAN,,2024/04/10 03:26:48.346,2024-04-10 03:26:48.346000+00:00
2024/04/10, 03:27:48.346,39.97,-70.882, NAN,359.49,0.42,10.34,7.8,7.8,1016.8,1016.8,0.0,0.0,0.03,0.01,64,54,8.5,9.7,94.0,94.1,7.8,7.8,101.3,86.6,1018.9,1018.9,-6.16,322.17,-0.02,32.2507,6.4704,437.2,56.5,1473.224, NAN, NAN, NAN, NAN,,2024/04/10 03:27:48.346,2024-04-10 03:27:48.346000+00:00
2024/04/10, 03:28:48.346,39.973,-70.882, NAN,359.12,359.75,10.25,7.8,7.8,1016.8,1016.8,0.0,0.0,0.03,0.01,64,55,8.5,9.9,93.6,93.7,7.7,8.0,100.7,86.2,1018.9,1018.9,-6.1,322.37,-0.02,32.2428,6.5248,427.5,56.0,1473.429, NAN, NAN, NAN, NAN,,2024/04/10 03:28:48.346,2024-04-10 03:28:48.346000+00:00
2024/04/10, 03:29:48.346,39.976,-70.882, NAN,359.19,357.77,10.21,7.9,7.9,1016.8,1016.6,0.0,0.0,0.03,0.01,65,53,7.9,9.0,93.4,93.5,7.4,7.2,104.2,87.8,1018.9,1018.7,-6.11,323.1,-0.02,32.2418,6.6358,421.7,56.1,1473.864, NAN, NAN, NAN, NAN,,2024/04/10 03:29:48.346,2024-04-10 03:29:48.346000+00:00
2024/04/10, 03:30:48.347,39.979,-70.882, NAN,359.45,1.72,10.28,7.9,7.9,1016.8,1016.8,0.0,0.0,0.03,0.01,62,52,7.8,9.5,93.5,93.6,7.0,7.5,102.8,85.1,1018.9,1018.9,-6.02,322.8,-0.02,32.2422,6.7681,421.7,56.0,1474.384, NAN, NAN, NAN, NAN,,2024/04/10 03:30:48.347,2024-04-10 03:30:48.347000+00:00
2024/04/10, 03:31:48.347,39.982,-70.882, NAN,359.3,1.79,10.19,8.0,8.0,1016.8,1016.8,0.0,0.0,0.03,0.01,61,53,8.5,9.9,93.3,93.5,7.3,7.8,98.0,84.0,1018.9,1018.9,-6.02,322.49,-0.02,32.234,6.7989,413.2,56.2,1474.495, NAN, NAN, NAN, NAN,,2024/04/10 03:31:48.347,2024-04-10 03:31:48.347000+00:00
2024/04/10, 03:32:48.347,39.985,-70.882, NAN,358.99,359.97,10.19,8.0,8.0,1016.7,1016.8,0.0,0.0,0.03,0.01,64,54,7.6,9.0,93.5,93.7,7.0,7.2,104.8,88.6,1018.8,1018.9,-5.98,323.19,-0.02,32.227,6.7793,406.5,56.2,1474.409, NAN, NAN, NAN, NAN,,2024/04/10 03:32:48.347,2024-04-10 03:32:48.347000+00:00
2024/04/10, 03:33:48.347,39.987,-70.882, NAN,359.19,1.64,10.4,8.0,8.0,1016.9,1016.7,0.0,0.0,0.03,0.01,63,54,8.0,9.0,93.6,93.9,7.2,7.2,102.9,89.6,1019.0,1018.8,-5.97,322.85,-0.02,32.2179,6.7481,405.9,56.4,1474.275, NAN, NAN, NAN, NAN,,2024/04/10 03:33:48.347,2024-04-10 03:33:48.347000+00:00
2024/04/10, 03:34:48.347,39.99,-70.882, NAN,358.9,2.44,10.27,8.0,8.1,1016.7,1016.7,0.0,0.0,0.03,0.01,62,54,8.1,9.8,93.7,93.8,7.0,7.7,101.0,85.2,1018.8,1018.8,-5.85,322.75,-0.02,32.21,6.7236,402.5,56.5,1474.169, NAN, NAN, NAN, NAN,,2024/04/10 03:34:48.347,2024-04-10 03:34:48.347000+00:00
2024/04/10, 03:35:48.347,39.993,-70.882, NAN,358.88,359.09,10.29,8.0,8.0,1016.6,1016.8,0.0,0.0,0.03,0.01,63,55,7.4,9.1,93.8,93.9,6.9,7.5,105.2,89.4,1018.7,1018.9,-6.05,323.15,-0.02,32.2054,6.6872,384.1,56.4,1474.021, NAN, NAN, NAN, NAN,,2024/04/10 03:35:48.347,2024-04-10 03:35:48.347000+00:00
2024/04/10, 03:36:48.347,39.996,-70.883, NAN,359.57,357.43,10.32,8.0,8.0,1016.8,1016.7,0.0,0.0,0.03,0.01,65,55,7.7,9.0,94.1,94.2,7.5,7.6,105.4,90.6,1018.9,1018.8,-6.02,322.8,-0.02,32.205,6.6758,371.2,56.5,1473.975, NAN, NAN, NAN, NAN,,2024/04/10 03:36:48.347,2024-04-10 03:36:48.347000+00:00
2024/04/10, 03:37:48.347,39.999,-70.883, NAN,359.74,0.47,10.16,8.0,8.0,1016.6,1016.8,0.0,0.0,0.03,0.01,62,55,7.6,9.4,94.1,94.2,6.9,7.7,103.7,88.5,1018.7,1018.9,-5.94,322.13,-0.02,32.2059,6.7767,375.6,56.4,1474.373, NAN, NAN, NAN, NAN,,2024/04/10 03:37:48.347,2024-04-10 03:37:48.347000+00:00
2024/04/10, 03:38:48.347,40.002,-70.883, NAN,359.31,356.6,10.18,8.0,8.0,1016.8,1016.8,0.0,0.0,0.03,0.01,66,55,7.9,9.2,94.2,94.3,7.5,7.6,104.8,89.0,1018.9,1018.9,-6.02,321.96,-0.02,32.2134,6.8344,397.6,56.4,1474.608, NAN, NAN, NAN, NAN,,2024/04/10 03:38:48.347,2024-04-10 03:38:48.347000+00:00
2024/04/10, 03:39:48.347,40.004,-70.883, NAN,358.54,359.51,10.24,7.9,8.0,1016.7,1016.8,0.0,0.0,0.03,0.01,67,56,7.9,8.7,94.4,94.4,7.6,7.2,105.3,91.7,1018.8,1018.9,-6.08,321.66,-0.01,32.239,6.7891,405.2,56.5,1474.463, NAN, NAN, NAN, NAN,,2024/04/10 03:39:48.347,2024-04-10 03:39:48.347000+00:00
2024/04/10, 03:40:48.347,40.007,-70.883, NAN,359.04,2.4,10.38,7.9,8.0,1016.7,1016.7,0.0,0.0,0.03,0.01,69,58,8.5,8.8,94.5,94.6,8.2,7.5,105.2,94.2,1018.8,1018.8,-6.1,321.19,-0.02,32.2545,6.8219,415.0,56.5,1474.61, NAN, NAN, NAN, NAN,,2024/04/10 03:40:48.347,2024-04-10 03:40:48.347000+00:00
2024/04/10, 03:41:48.347,40.01,-70.883, NAN,1.82,2.06,10.34,7.9,7.9,1016.8,1016.7,0.0,0.0,0.03,0.01,63,55,7.9,9.6,94.5,94.6,7.3,8.0,105.4,90.4,1018.9,1018.8,-6.13,320.78,-0.02,32.2605,6.9039,442.8,56.6,1474.939, NAN, NAN, NAN, NAN,,2024/04/10 03:41:48.347,2024-04-10 03:41:48.347000+00:00
2024/04/10, 03:42:48.347,40.013,-70.883, NAN,2.79,0.04,10.29,7.9,7.9,1016.6,1016.7,0.0,0.0,0.03,0.01,67,56,7.8,8.9,94.5,94.5,7.6,7.5,109.8,95.2,1018.7,1018.8,-6.17,320.89,-0.02,32.2721,6.8817,481.6,56.6,1474.866, NAN, NAN, NAN, NAN,,2024/04/10 03:42:48.347,2024-04-10 03:42:48.347000+00:00
2024/04/10, 03:43:48.347,40.016,-70.883, NAN,2.9,1.29,10.44,7.9,7.9,1016.8,1016.7,0.0,0.0,0.03,0.01,66,55,7.6,8.9,94.5,94.5,7.5,7.5,110.5,94.9,1018.9,1018.8,-6.15,320.39,-0.02,32.2779,6.7449,496.4,56.6,1474.338, NAN, NAN, NAN, NAN,,2024/04/10 03:43:48.347,2024-04-10 03:43:48.347000+00:00
2024/04/10, 03:44:48.347,40.019,-70.883, NAN,2.32,3.14,10.24,7.9,7.9,1016.8,1016.6,0.0,0.0,0.03,0.01,68,57,8.0,8.6,94.5,94.4,7.8,7.3,109.2,96.9,1018.9,1018.7,-6.2,319.88,-0.02,32.2733,6.6645,503.8,56.6,1474.017, NAN, NAN, NAN, NAN,,2024/04/10 03:44:48.347,2024-04-10 03:44:48.347000+00:00
2024/04/10, 03:45:48.347,40.022,-70.883, NAN,2.48,358.02,10.23,7.9,7.9,1016.6,1016.6,0.0,0.0,0.03,0.01,70,60,8.4,9.1,94.4,94.4,8.6,8.3,108.4,97.3,1018.7,1018.7,-6.08,319.05,-0.02,32.2664,6.6483,507.8,56.4,1473.944, NAN, NAN, NAN, NAN,,2024/04/10 03:45:48.347,2024-04-10 03:45:48.347000+00:00
2024/04/10, 03:46:48.348,40.024,-70.883, NAN,1.45,359.8,10.16,7.9,7.9,1016.6,1016.7,0.0,0.0,0.03,0.01,70,60,8.0,8.9,94.4,94.4,8.1,7.9,109.4,97.0,1018.7,1018.8,-6.06,319.19,-0.02,32.2628,6.6539,484.3,56.6,1473.962, NAN, NAN, NAN, NAN,,2024/04/10 03:46:48.348,2024-04-10 03:46:48.348000+00:00
2024/04/10, 03:47:48.348,40.027,-70.883, NAN,2.07,357.89,10.26,7.9,7.9,1016.7,1016.6,0.0,0.0,0.03,0.01,70,59,8.0,8.6,94.3,94.3,8.3,7.8,109.9,98.2,1018.8,1018.7,-6.22,319.27,-0.02,32.2594,6.7012,452.6,56.4,1474.143, NAN, NAN, NAN, NAN,,2024/04/10 03:47:48.348,2024-04-10 03:47:48.348000+00:00
2024/04/10, 03:48:48.348,40.03,-70.883, NAN,2.08,1.28,10.19,7.9,7.9,1016.6,1016.7,0.0,0.0,0.03,0.01,70,59,8.3,8.9,94.2,94.2,8.4,7.9,108.7,96.8,1018.7,1018.8,-6.22,319.27,-0.03,32.2552,6.7019,446.2,56.7,1474.141, NAN, NAN, NAN, NAN,,2024/04/10 03:48:48.348,2024-04-10 03:48:48.348000+00:00
2024/04/10, 03:49:48.348,40.033,-70.883, NAN,2.07,0.51,10.22,7.9,7.9,1016.6,1016.6,0.0,0.0,0.03,0.01,68,59,7.9,9.1,94.2,94.2,7.9,8.0,109.0,96.1,1018.7,1018.7,-6.12,319.76,-0.02,32.2602,6.679,444.3,56.5,1474.057, NAN, NAN, NAN, NAN,,2024/04/10 03:49:48.348,2024-04-10 03:49:48.348000+00:00
2024/04/10, 03:50:48.348,40.036,-70.883, NAN,1.44,357.85,10.33,7.9,7.9,1016.6,1016.6,0.0,0.0,0.03,0.01,70,60,8.1,8.7,94.2,94.2,8.3,7.9,109.1,98.3,1018.7,1018.7,-6.12,320.31,-0.02,32.2659,6.7242,459.0,56.8,1474.242, NAN, NAN, NAN, NAN,,2024/04/10 03:50:48.348,2024-04-10 03:50:48.348000+00:00
2024/04/10, 03:51:48.348,40.039,-70.883, NAN,1.78,359.87,10.24,7.9,7.9,1016.6,1016.6,0.0,0.0,0.03,0.01,69,59,8.0,9.1,94.1,94.1,8.0,8.0,109.1,95.9,1018.7,1018.7,-6.15,320.93,-0.02,32.268,6.7764,445.6,56.4,1474.449, NAN, NAN, NAN, NAN,,2024/04/10 03:51:48.348,2024-04-10 03:51:48.348000+00:00
2024/04/10, 03:52:48.348,40.042,-70.883, NAN,2.46,359.29,10.3,7.9,7.9,1016.6,1016.6,0.0,0.0,0.03,0.01,66,57,8.1,9.4,93.9,93.9,7.9,8.1,107.2,93.7,1018.7,1018.7,-6.03,320.92,-0.03,32.2753,6.7959,437.9,56.3,1474.535, NAN, NAN, NAN, NAN,,2024/04/10 03:52:48.348,2024-04-10 03:52:48.348000+00:00
2024/04/10, 03:53:48.348,40.044,-70.883, NAN,1.6,1.87,10.37,7.9,7.9,1016.6,1016.6,0.0,0.0,0.03,0.01,66,57,8.0,9.1,93.7,93.8,7.7,7.7,107.2,94.4,1018.7,1018.7,-6.03,320.79,-0.02,32.2758,6.8083,427.2,56.6,1474.584, NAN, NAN, NAN, NAN,,2024/04/10 03:53:48.348,2024-04-10 03:53:48.348000+00:00
2024/04/10, 03:54:48.348,40.047,-70.883, NAN,2.4,357.91,10.4,7.9,7.9,1016.6,1016.6,0.0,0.0,0.03,0.01,67,56,8.8,9.3,93.8,93.8,8.7,8.1,104.9,93.3,1018.7,1018.7,-6.11,320.39,-0.02,32.273,6.8178,432.1,56.4,1474.618, NAN, NAN, NAN, NAN,,2024/04/10 03:54:48.348,2024-04-10 03:54:48.348000+00:00
2024/04/10, 03:55:48.348,40.05,-70.883, NAN,1.97,0.39,10.24,7.9,7.9,1016.6,1016.6,0.0,0.0,0.03,0.01,66,54,8.5,9.4,93.7,93.8,8.1,7.7,104.9,90.0,1018.7,1018.7,-6.11,320.34,-0.02,32.2678,6.7732,430.8,56.3,1474.436, NAN, NAN, NAN, NAN,,2024/04/10 03:55:48.348,2024-04-10 03:55:48.348000+00:00
2024/04/10, 03:56:48.348,40.053,-70.883, NAN,2.37,359.89,10.34,7.9,7.9,1016.5,1016.5,0.0,0.0,0.03,0.01,61,53,7.6,9.2,93.8,93.9,7.1,7.7,105.5,90.6,1018.6,1018.6,-6.22,319.88,-0.02,32.2664,6.7686,426.5,56.2,1474.417, NAN, NAN, NAN, NAN,,2024/04/10 03:56:48.348,2024-04-10 03:56:48.348000+00:00
2024/04/10, 03:57:48.348,40.056,-70.883, NAN,1.62,358.76,10.29,7.9,7.9,1016.5,1016.6,0.0,0.0,0.03,0.01,59,51,8.4,10.2,93.7,93.8,7.6,8.4,98.8,83.8,1018.6,1018.7,-6.14,318.66,-0.02,32.2622,6.7819,433.1,56.3,1474.463, NAN, NAN, NAN, NAN,,2024/04/10 03:57:48.348,2024-04-10 03:57:48.348000+00:00
2024/04/10, 03:58:48.348,40.059,-70.883, NAN,1.72,359.91,10.3,7.9,7.9,1016.5,1016.6,0.0,0.0,0.03,0.01,59,51,7.9,9.8,93.6,93.6,7.1,7.9,101.6,85.3,1018.6,1018.7,-6.17,318.31,-0.03,32.2611,6.7991,433.2,56.3,1474.529, NAN, NAN, NAN, NAN,,2024/04/10 03:58:48.348,2024-04-10 03:58:48.348000+00:00
2024/04/10, 03:59:48.348,40.062,-70.883, NAN,1.73,357.52,10.28,7.8,7.9,1016.5,1016.5,0.0,0.0,0.03,0.01,59,52,7.4,9.1,93.4,93.4,6.9,7.5,104.0,89.2,1018.6,1018.6,-6.22,317.05,-0.02,32.2595,6.8207,429.1,56.2,1474.612, NAN, NAN, NAN, NAN,,2024/04/10 03:59:48.348,2024-04-10 03:59:48.348000+00:00
2024/04/10, 04:00:48.348,40.064,-70.883, NAN,2.19,358.66,10.2,7.8,7.8,1016.5,1016.5,0.0,0.0,0.03,0.01,60,52,8.5,10.3,93.1,93.1,7.8,8.5,99.5,84.7,1018.6,1018.6,-6.2,316.15,-0.02,32.255,6.7983,420.1,56.3,1474.519, NAN, NAN, NAN, NAN,,2024/04/10 04:00:48.348,2024-04-10 04:00:48.348000+00:00
2024/04/10, 04:01:48.348,40.067,-70.883, NAN,2.22,358.74,10.28,7.7,7.7,1016.6,1016.6,0.0,0.0,0.03,0.01,59,51,8.0,9.7,93.2,93.3,7.3,7.9,101.4,86.2,1018.7,1018.7,-6.21,316.29,-0.02,32.244,6.8093,429.4,56.0,1474.548, NAN, NAN, NAN, NAN,,2024/04/10 04:01:48.348,2024-04-10 04:01:48.348000+00:00
2024/04/10, 04:02:48.349,40.07,-70.883, NAN,1.42,356.75,10.4,7.7,7.7,1016.6,1016.6,0.0,0.0,0.03,0.01,59,51,7.6,9.3,93.5,93.5,7.1,7.7,102.9,87.5,1018.7,1018.7,-6.3,316.82,-0.02,32.2287,6.8099,448.0,56.3,1474.531, NAN, NAN, NAN, NAN,,2024/04/10 04:02:48.349,2024-04-10 04:02:48.349000+00:00
2024/04/10, 04:03:48.349,40.073,-70.883, NAN,2.82,357.85,10.08,7.6,7.7,1016.5,1016.5,0.0,0.0,0.03,0.01,63,55,7.8,9.5,93.7,93.7,7.5,8.1,105.4,90.9,1018.6,1018.6,-6.35,316.54,-0.02,32.2232,6.8144,441.9,56.4,1474.542, NAN, NAN, NAN, NAN,,2024/04/10 04:03:48.349,2024-04-10 04:03:48.349000+00:00
2024/04/10, 04:04:48.349,40.076,-70.883, NAN,1.43,359.0,10.11,7.6,7.7,1016.6,1016.6,0.0,0.0,0.03,0.01,67,56,8.8,9.5,93.8,93.9,8.5,8.1,103.3,90.6,1018.7,1018.7,-6.3,316.6,-0.03,32.2172,6.8453,444.9,56.6,1474.655, NAN, NAN, NAN, NAN,,2024/04/10 04:04:48.349,2024-04-10 04:04:48.349000+00:00
2024/04/10, 04:05:48.349,40.079,-70.883, NAN,2.14,357.49,10.11,7.6,7.7,1016.6,1016.7,0.0,0.0,0.03,0.01,68,57,8.4,9.0,94.0,94.0,8.5,8.0,106.0,94.1,1018.7,1018.8,-6.21,316.66,-0.03,32.2147,6.9222,450.4,56.5,1474.953, NAN, NAN, NAN, NAN,,2024/04/10 04:05:48.349,2024-04-10 04:05:48.349000+00:00
2024/04/10, 04:06:48.349,40.081,-70.884, NAN,2.32,0.65,10.17,7.6,7.7,1016.6,1016.7,0.0,0.0,0.03,0.01,67,58,8.0,9.1,94.0,94.0,7.9,8.0,107.8,95.2,1018.7,1018.8,-6.3,316.18,-0.02,32.2128,6.972,463.2,56.4,1475.145, NAN, NAN, NAN, NAN,,2024/04/10 04:06:48.349,2024-04-10 04:06:48.349000+00:00
2024/04/10, 04:07:48.349,40.084,-70.884, NAN,1.68,357.46,10.12,7.7,7.7,1016.8,1016.7,0.0,0.0,0.03,0.01,72,60,8.4,8.8,93.9,94.0,8.7,8.0,109.1,97.4,1018.9,1018.8,-6.35,316.01,-0.02,32.2123,6.9521,458.7,56.2,1475.067, NAN, NAN, NAN, NAN,,2024/04/10 04:07:48.349,2024-04-10 04:07:48.349000+00:00
2024/04/10, 04:08:48.349,40.087,-70.884, NAN,1.73,357.8,10.05,7.7,7.7,1016.8,1016.8,0.0,0.0,0.03,0.01,72,62,7.9,8.5,93.8,93.8,8.3,7.9,110.9,100.3,1018.9,1018.9,-6.26,315.91,-0.02,32.2159,6.8928,456.1,56.4,1474.839, NAN, NAN, NAN, NAN,,2024/04/10 04:08:48.349,2024-04-10 04:08:48.349000+00:00
2024/04/10, 04:09:48.349,40.09,-70.884, NAN,2.17,359.19,10.28,7.7,7.7,1016.8,1016.9,0.0,0.0,0.03,0.01,70,62,7.4,8.9,93.6,93.6,7.8,8.3,112.6,99.7,1018.9,1019.0,-6.34,315.94,-0.02,32.2105,6.8373,470.8,56.5,1474.616, NAN, NAN, NAN, NAN,,2024/04/10 04:09:48.349,2024-04-10 04:09:48.349000+00:00
2024/04/10, 04:10:48.349,40.093,-70.884, NAN,1.29,0.24,10.09,7.7,7.8,1016.8,1016.8,0.0,0.0,0.03,0.01,70,62,6.8,8.1,93.3,93.3,7.1,7.4,115.2,102.1,1018.9,1018.9,-6.26,316.57,-0.03,32.2074,6.8124,492.3,56.4,1474.514, NAN, NAN, NAN, NAN,,2024/04/10 04:10:48.349,2024-04-10 04:10:48.349000+00:00
2024/04/10, 04:11:48.349,40.095,-70.884, NAN,1.87,3.02,10.16,7.8,7.8,1016.8,1016.8,0.0,0.0,0.03,0.01,71,63,6.8,7.9,93.0,93.0,7.1,7.3,116.8,104.9,1018.9,1018.9,-6.26,316.79,-0.02,32.2044,6.7649,495.8,56.5,1474.324, NAN, NAN, NAN, NAN,,2024/04/10 04:11:48.349,2024-04-10 04:11:48.349000+00:00
2024/04/10, 04:12:48.349,40.098,-70.884, NAN,1.96,1.02,10.26,7.8,7.8,1016.8,1016.8,0.0,0.0,0.03,0.01,72,66,7.1,8.2,92.7,92.7,7.6,8.0,115.7,106.0,1018.9,1018.9,-6.22,316.84,-0.02,32.2075,6.7244,507.2,56.4,1474.169, NAN, NAN, NAN, NAN,,2024/04/10 04:12:48.349,2024-04-10 04:12:48.349000+00:00
2024/04/10, 04:13:48.349,40.101,-70.884, NAN,2.74,358.6,10.25,7.8,7.8,1016.9,1016.9,0.0,0.0,0.03,0.01,72,63,6.9,8.2,92.3,92.4,7.5,7.7,117.3,104.2,1019.0,1019.0,-6.26,317.35,-0.02,32.2069,6.6911,517.2,56.5,1474.038, NAN, NAN, NAN, NAN,,2024/04/10 04:13:48.349,2024-04-10 04:13:48.349000+00:00
2024/04/10, 04:14:48.349,40.104,-70.884, NAN,1.56,0.91,10.3,7.8,7.8,1016.8,1016.8,0.0,0.0,0.03,0.01,74,65,6.5,7.7,92.1,92.1,7.3,7.5,120.1,107.4,1018.9,1018.9,-6.29,317.52,-0.02,32.2052,6.6688,527.0,56.3,1473.948, NAN, NAN, NAN, NAN,,2024/04/10 04:14:48.349,2024-04-10 04:14:48.349000+00:00
2024/04/10, 04:15:48.349,40.107,-70.884, NAN,2.78,358.14,10.39,7.8,7.8,1016.8,1016.8,0.0,0.0,0.03,0.01,71,64,6.7,8.0,91.8,91.8,7.5,7.8,117.6,106.2,1018.9,1018.9,-6.24,317.3,-0.02,32.204,6.665,536.4,56.5,1473.932, NAN, NAN, NAN, NAN,,2024/04/10 04:15:48.349,2024-04-10 04:15:48.349000+00:00
2024/04/10, 04:16:48.349,40.11,-70.884, NAN,2.27,0.83,10.44,7.8,7.8,1016.8,1016.8,0.0,0.0,0.03,0.01,70,63,6.8,8.1,91.4,91.4,7.3,7.6,117.0,105.1,1018.9,1018.9,-6.35,317.02,-0.02,32.2035,6.6221,548.1,56.4,1473.762, NAN, NAN, NAN, NAN,,2024/04/10 04:16:48.349,2024-04-10 04:16:48.349000+00:00
2024/04/10, 04:17:48.349,40.113,-70.884, NAN,1.88,359.0,10.44,7.8,7.8,1016.8,1016.8,0.0,0.0,0.03,0.01,72,65,6.6,7.5,91.2,91.2,7.3,7.3,119.1,109.3,1018.9,1018.9,-6.31,317.01,-0.02,32.2034,6.5713,552.9,56.4,1473.562, NAN, NAN, NAN, NAN,,2024/04/10 04:17:48.349,2024-04-10 04:17:48.349000+00:00
2024/04/10, 04:18:48.350,40.116,-70.884, NAN,2.24,357.69,10.53,7.8,7.8,1016.6,1016.6,0.0,0.0,0.03,0.01,71,64,6.8,8.1,91.2,91.2,7.4,7.8,117.6,106.0,1018.7,1018.7,-6.29,316.97,-0.02,32.1989,6.5251,552.0,56.6,1473.375, NAN, NAN, NAN, NAN,,2024/04/10 04:18:48.350,2024-04-10 04:18:48.350000+00:00
2024/04/10, 04:19:48.350,40.118,-70.884, NAN,2.26,359.51,10.48,7.8,7.8,1016.6,1016.6,0.0,0.0,0.03,0.01,70,63,6.5,7.7,91.1,91.1,7.2,7.4,118.4,106.9,1018.7,1018.7,-6.37,317.15,-0.02,32.1943,6.5289,538.0,56.5,1473.384, NAN, NAN, NAN, NAN,,2024/04/10 04:19:48.350,2024-04-10 04:19:48.350000+00:00
2024/04/10, 04:20:48.350,40.121,-70.884, NAN,1.44,358.55,10.35,7.8,7.8,1016.7,1016.6,0.0,0.0,0.03,0.01,69,62,7.0,8.2,91.1,91.1,7.3,7.6,114.2,102.6,1018.8,1018.7,-6.25,316.89,-0.02,32.1894,6.5665,524.9,56.7,1473.526, NAN, NAN, NAN, NAN,,2024/04/10 04:20:48.350,2024-04-10 04:20:48.350000+00:00
2024/04/10, 04:21:48.350,40.124,-70.884, NAN,2.26,0.04,10.52,7.8,7.8,1016.8,1016.8,0.0,0.0,0.03,0.01,69,62,6.5,7.8,91.1,91.0,7.1,7.4,117.8,105.7,1018.9,1018.9,-6.32,316.86,-0.02,32.1877,6.6407,505.6,56.8,1473.816, NAN, NAN, NAN, NAN,,2024/04/10 04:21:48.350,2024-04-10 04:21:48.350000+00:00
2024/04/10, 04:22:48.350,40.127,-70.884, NAN,1.94,358.05,10.58,7.8,7.8,1016.8,1016.7,0.0,0.0,0.03,0.01,68,60,6.3,7.7,91.2,91.1,6.9,7.2,118.2,104.5,1018.9,1018.8,-6.3,316.38,-0.02,32.1818,6.7434,485.2,56.5,1474.212, NAN, NAN, NAN, NAN,,2024/04/10 04:22:48.350,2024-04-10 04:22:48.350000+00:00
2024/04/10, 04:23:48.350,40.13,-70.884, NAN,2.47,359.99,10.58,7.7,7.8,1016.9,1016.8,0.0,0.0,0.03,0.01,69,60,6.7,7.8,91.3,91.2,7.1,7.1,117.8,105.0,1019.0,1018.9,-6.26,315.71,-0.02,32.1778,6.8258,479.3,56.6,1474.53, NAN, NAN, NAN, NAN,,2024/04/10 04:23:48.350,2024-04-10 04:23:48.350000+00:00
2024/04/10, 04:24:48.350,40.133,-70.885, NAN,1.62,356.98,10.59,7.7,7.8,1016.9,1016.9,0.0,0.0,0.03,0.01,69,58,7.4,8.3,91.2,91.2,7.9,7.6,112.3,99.4,1019.0,1019.0,-6.32,314.61,-0.02,32.1778,6.8831,467.5,56.6,1474.754, NAN, NAN, NAN, NAN,,2024/04/10 04:24:48.350,2024-04-10 04:24:48.350000+00:00
2024/04/10, 04:25:48.350,40.136,-70.885, NAN,1.91,359.38,10.62,7.7,7.8,1016.9,1016.9,0.0,0.0,0.03,0.01,69,57,6.8,7.9,91.2,91.1,7.3,7.0,116.3,101.3,1019.0,1019.0,-6.36,314.39,-0.02,32.1762,6.9253,472.9,56.4,1474.917, NAN, NAN, NAN, NAN,,2024/04/10 04:25:48.350,2024-04-10 04:25:48.350000+00:00
2024/04/10, 04:26:48.350,40.139,-70.885, NAN,1.38,359.02,10.57,7.7,7.7,1016.9,1016.8,0.0,0.0,0.03,0.01,67,58,6.0,7.6,91.2,91.1,6.5,6.8,119.7,103.3,1019.0,1018.9,-6.31,313.64,-0.02,32.1728,6.9386,443.6,56.7,1474.964, NAN, NAN, NAN, NAN,,2024/04/10 04:26:48.350,2024-04-10 04:26:48.350000+00:00
2024/04/10, 04:27:48.350,40.142,-70.885, NAN,1.97,1.51,10.72,7.7,7.7,1016.9,1016.9,0.0,0.0,0.03,0.01,65,55,6.9,8.1,91.2,91.1,7.0,6.9,113.8,99.1,1019.0,1019.0,-6.36,312.22,-0.02,32.1703,6.906,441.6,56.9,1474.834, NAN, NAN, NAN, NAN,,2024/04/10 04:27:48.350,2024-04-10 04:27:48.350000+00:00
2024/04/10, 04:28:48.350,40.145,-70.885, NAN,1.89,1.29,10.62,7.7,7.7,1016.9,1016.9,0.0,0.0,0.03,0.01,68,55,7.8,8.4,91.3,91.2,7.8,7.0,110.9,97.1,1019.0,1019.0,-6.35,311.95,-0.02,32.165,6.7841,434.2,56.7,1474.35, NAN, NAN, NAN, NAN,,2024/04/10 04:28:48.350,2024-04-10 04:28:48.350000+00:00
2024/04/10, 04:29:48.350,40.148,-70.885, NAN,2.21,0.14,10.72,7.7,7.7,1016.9,1016.9,0.0,0.0,0.03,0.01,68,58,5.9,7.2,91.3,91.2,6.6,6.6,122.1,107.0,1019.0,1019.0,-6.33,311.08,-0.02,32.1624,6.6965,417.1,56.8,1474.003, NAN, NAN, NAN, NAN,,2024/04/10 04:29:48.350,2024-04-10 04:29:48.350000+00:00
2024/04/10, 04:30:48.350,40.151,-70.885, NAN,2.33,357.47,10.69,7.6,7.7,1016.9,1016.9,0.0,0.0,0.03,0.01,70,58,7.4,7.9,91.3,91.3,7.9,7.2,114.3,102.7,1019.0,1019.0,-6.39,310.87,-0.02,32.1546,6.6524,405.6,56.8,1473.82, NAN, NAN, NAN, NAN,,2024/04/10 04:30:48.350,2024-04-10 04:30:48.350000+00:00
2024/04/10, 04:31:48.350,40.154,-70.885, NAN,2.03,358.72,10.64,7.6,7.7,1016.9,1016.8,0.0,0.0,0.03,0.01,67,57,7.2,8.3,91.3,91.2,7.4,7.3,112.9,99.4,1019.0,1018.9,-6.38,310.61,-0.02,32.1505,6.6505,394.2,56.7,1473.808, NAN, NAN, NAN, NAN,,2024/04/10 04:31:48.350,2024-04-10 04:31:48.350000+00:00
2024/04/10, 04:32:48.350,40.157,-70.885, NAN,2.48,0.32,10.74,7.6,7.6,1016.9,1016.8,0.0,0.0,0.03,0.01,71,60,7.4,7.9,91.2,91.1,8.0,7.3,115.4,104.7,1019.0,1018.9,-6.36,311.17,-0.02,32.1499,6.6519,390.0,56.7,1473.812, NAN, NAN, NAN, NAN,,2024/04/10 04:32:48.350,2024-04-10 04:32:48.350000+00:00
2024/04/10, 04:33:48.351,40.16,-70.885, NAN,1.96,0.6,10.69,7.6,7.6,1016.9,1016.8,0.0,0.0,0.03,0.01,71,59,7.3,7.9,91.2,91.1,7.7,7.1,115.7,103.5,1019.0,1018.9,-6.38,311.46,-0.02,32.1498,6.6345,390.5,56.9,1473.744, NAN, NAN, NAN, NAN,,2024/04/10 04:33:48.351,2024-04-10 04:33:48.351000+00:00
2024/04/10, 04:34:48.351,40.163,-70.885, NAN,1.82,0.3,10.68,7.6,7.6,1016.8,1016.8,0.0,0.0,0.03,0.01,69,59,7.0,7.5,91.2,91.2,7.3,6.8,115.9,105.7,1018.9,1018.9,-6.39,311.61,-0.02,32.1484,6.5973,376.0,56.9,1473.596, NAN, NAN, NAN, NAN,,2024/04/10 04:34:48.351,2024-04-10 04:34:48.351000+00:00
2024/04/10, 04:35:48.351,40.166,-70.885, NAN,2.27,0.59,10.74,7.6,7.6,1016.8,1016.8,0.0,0.0,0.03,0.01,68,58,7.2,8.3,91.2,91.3,7.4,7.3,114.6,101.1,1018.9,1018.9,-6.35,311.34,-0.02,32.1461,6.5709,367.2,56.8,1473.489, NAN, NAN, NAN, NAN,,2024/04/10 04:35:48.351,2024-04-10 04:35:48.351000+00:00
2024/04/10, 04:36:48.351,40.169,-70.885, NAN,1.98,357.13,10.8,7.6,7.6,1016.8,1016.8,0.0,0.0,0.03,0.01,70,58,7.5,8.2,91.2,91.2,8.0,7.5,113.7,101.1,1018.9,1018.9,-6.33,310.86,-0.02,32.1427,6.5292,362.0,56.6,1473.32, NAN, NAN, NAN, NAN,,2024/04/10 04:36:48.351,2024-04-10 04:36:48.351000+00:00
2024/04/10, 04:37:48.351,40.172,-70.885, NAN,2.29,358.62,10.61,7.6,7.6,1016.6,1016.7,0.0,0.0,0.03,0.01,71,59,7.4,7.9,91.2,91.1,7.9,7.2,115.0,103.4,1018.7,1018.8,-6.37,310.47,-0.02,32.144,6.5056,362.0,56.7,1473.229, NAN, NAN, NAN, NAN,,2024/04/10 04:37:48.351,2024-04-10 04:37:48.351000+00:00
2024/04/10, 04:38:48.351,40.175,-70.885, NAN,1.6,1.53,10.63,7.6,7.6,1016.8,1016.7,0.0,0.0,0.03,0.01,71,59,8.0,8.2,91.2,91.2,8.2,7.3,111.9,101.4,1018.9,1018.8,-6.29,309.71,-0.03,32.1399,6.5052,348.9,56.8,1473.222, NAN, NAN, NAN, NAN,,2024/04/10 04:38:48.351,2024-04-10 04:38:48.351000+00:00
2024/04/10, 04:39:48.351,40.178,-70.885, NAN,1.57,0.23,10.65,7.6,7.6,1016.6,1016.7,0.0,0.0,0.03,0.01,70,59,7.6,8.2,91.2,91.1,8.0,7.4,112.7,101.2,1018.7,1018.8,-6.33,309.81,-0.02,32.1377,6.5269,343.2,56.7,1473.305, NAN, NAN, NAN, NAN,,2024/04/10 04:39:48.351,2024-04-10 04:39:48.351000+00:00
2024/04/10, 04:40:48.351,40.18,-70.885, NAN,2.27,357.98,10.77,7.5,7.6,1016.7,1016.7,0.0,0.0,0.03,0.01,68,57,8.4,9.0,91.2,91.2,8.5,7.9,108.5,96.8,1018.8,1018.8,-6.38,310.04,-0.02,32.1391,6.5611,339.2,56.4,1473.441, NAN, NAN, NAN, NAN,,2024/04/10 04:40:48.351,2024-04-10 04:40:48.351000+00:00
2024/04/10, 04:41:48.351,40.183,-70.885, NAN,2.03,359.09,10.55,7.5,7.5,1016.7,1016.6,0.0,0.0,0.03,0.01,70,61,7.8,8.2,91.2,91.2,8.0,7.5,112.1,103.1,1018.8,1018.7,-6.33,310.4,-0.02,32.1382,6.6303,333.7,56.1,1473.713, NAN, NAN, NAN, NAN,,2024/04/10 04:41:48.351,2024-04-10 04:41:48.351000+00:00
2024/04/10, 04:42:48.351,40.186,-70.885, NAN,1.44,0.14,10.64,7.5,7.5,1016.7,1016.6,0.0,0.0,0.03,0.01,70,59,8.0,8.3,91.3,91.2,8.2,7.4,110.9,100.7,1018.8,1018.7,-6.41,310.37,-0.02,32.139,6.6683,331.5,56.4,1473.863, NAN, NAN, NAN, NAN,,2024/04/10 04:42:48.351,2024-04-10 04:42:48.351000+00:00
2024/04/10, 04:43:48.351,40.189,-70.885, NAN,2.83,0.13,10.71,7.5,7.5,1016.6,1016.7,0.0,0.0,0.03,0.01,69,56,8.1,8.6,91.3,91.3,8.2,7.4,111.3,98.2,1018.7,1018.8,-6.38,309.93,-0.02,32.1409,6.6775,328.1,56.4,1473.902, NAN, NAN, NAN, NAN,,2024/04/10 04:43:48.351,2024-04-10 04:43:48.351000+00:00
2024/04/10, 04:44:48.351,40.192,-70.885, NAN,1.45,0.02,10.68,7.5,7.5,1016.6,1016.7,0.0,0.0,0.03,0.01,66,56,7.4,8.7,91.4,91.3,7.4,7.4,111.0,96.2,1018.7,1018.8,-6.37,309.51,-0.02,32.1379,6.6552,326.7,56.5,1473.81, NAN, NAN, NAN, NAN,,2024/04/10 04:44:48.351,2024-04-10 04:44:48.351000+00:00
2024/04/10, 04:45:48.351,40.195,-70.886, NAN,2.54,1.76,10.75,7.5,7.5,1016.6,1016.6,0.0,0.0,0.03,0.01,68,55,8.3,8.9,91.5,91.5,8.3,7.6,109.3,95.7,1018.7,1018.7,-6.39,308.81,-0.02,32.1363,6.6627,329.1,56.3,1473.838, NAN, NAN, NAN, NAN,,2024/04/10 04:45:48.351,2024-04-10 04:45:48.351000+00:00
2024/04/10, 04:46:48.351,40.198,-70.886, NAN,2.76,357.35,10.67,7.4,7.5,1016.6,1016.6,0.0,0.0,0.03,0.01,66,57,7.8,8.8,91.7,91.6,7.8,7.8,109.8,97.8,1018.7,1018.7,-6.34,308.87,-0.03,32.1335,6.6786,321.7,56.4,1473.897, NAN, NAN, NAN, NAN,,2024/04/10 04:46:48.351,2024-04-10 04:46:48.351000+00:00
2024/04/10, 04:47:48.351,40.201,-70.886, NAN,3.23,359.13,10.79,7.4,7.5,1016.5,1016.6,0.0,0.0,0.03,0.01,66,55,8.0,9.1,92.0,91.8,8.0,7.8,109.7,95.5,1018.6,1018.7,-6.31,308.44,-0.03,32.1388,6.7162,321.4,56.5,1474.051, NAN, NAN, NAN, NAN,,2024/04/10 04:47:48.351,2024-04-10 04:47:48.351000+00:00
2024/04/10, 04:48:48.351,40.204,-70.886, NAN,3.25,358.4,10.65,7.4,7.4,1016.6,1016.5,0.0,0.0,0.03,0.01,67,56,8.6,9.3,92.1,92.0,8.5,8.1,107.5,95.1,1018.7,1018.6,-6.36,308.29,-0.02,32.1381,6.6952,318.4,56.7,1473.968, NAN, NAN, NAN, NAN,,2024/04/10 04:48:48.351,2024-04-10 04:48:48.351000+00:00
2024/04/10, 04:49:48.352,40.207,-70.885, NAN,2.95,359.27,10.62,7.3,7.4,1016.5,1016.5,0.0,0.0,0.03,0.01,69,59,8.3,8.8,92.2,92.1,8.4,7.8,110.2,99.7,1018.6,1018.6,-6.33,309.29,-0.02,32.1408,6.6282,315.0,56.9,1473.708, NAN, NAN, NAN, NAN,,2024/04/10 04:49:48.352,2024-04-10 04:49:48.352000+00:00
2024/04/10, 04:50:48.352,40.21,-70.885, NAN,2.7,1.36,10.78,7.3,7.4,1016.5,1016.5,0.0,0.0,0.03,0.01,69,58,8.5,9.1,92.4,92.2,8.5,8.0,109.7,97.9,1018.6,1018.6,-6.37,309.05,-0.02,32.136,6.583,312.9,56.9,1473.524, NAN, NAN, NAN, NAN,,2024/04/10 04:50:48.352,2024-04-10 04:50:48.352000+00:00
2024/04/10, 04:51:48.352,40.213,-70.885, NAN,3.55,359.2,10.73,7.3,7.3,1016.5,1016.5,0.0,0.0,0.03,0.01,71,60,8.8,9.1,92.4,92.3,9.0,8.2,110.6,100.2,1018.6,1018.6,-6.4,308.97,-0.02,32.1344,6.5812,310.5,56.7,1473.515, NAN, NAN, NAN, NAN,,2024/04/10 04:51:48.352,2024-04-10 04:51:48.352000+00:00
2024/04/10, 04:52:48.352,40.216,-70.885, NAN,2.77,359.31,10.78,7.2,7.3,1016.5,1016.5,0.0,0.0,0.03,0.01,71,63,7.8,8.4,92.5,92.4,8.3,8.1,113.8,105.0,1018.6,1018.6,-6.3,308.07,-0.02,32.1347,6.5785,307.2,56.8,1473.504, NAN, NAN, NAN, NAN,,2024/04/10 04:52:48.352,2024-04-10 04:52:48.352000+00:00
2024/04/10, 04:53:48.352,40.219,-70.885, NAN,3.5,359.54,10.8,7.2,7.3,1016.5,1016.5,0.0,0.0,0.03,0.01,70,62,8.3,8.6,92.5,92.4,8.5,8.0,112.1,104.4,1018.6,1018.6,-6.36,307.29,-0.02,32.1393,6.569,307.5,56.6,1473.473, NAN, NAN, NAN, NAN,,2024/04/10 04:53:48.352,2024-04-10 04:53:48.352000+00:00
2024/04/10, 04:54:48.352,40.222,-70.885, NAN,3.15,1.21,10.71,7.2,7.3,1016.5,1016.5,0.0,0.0,0.03,0.01,70,62,7.9,8.9,92.5,92.4,8.1,8.1,113.5,102.6,1018.6,1018.6,-6.46,306.42,-0.02,32.1353,6.5668,305.9,56.6,1473.459, NAN, NAN, NAN, NAN,,2024/04/10 04:54:48.352,2024-04-10 04:54:48.352000+00:00
2024/04/10, 04:55:48.352,40.225,-70.885, NAN,3.13,2.07,10.73,7.2,7.3,1016.5,1016.4,0.0,0.0,0.03,0.01,71,64,7.5,8.5,92.4,92.4,7.8,7.9,116.4,106.2,1018.6,1018.5,-6.36,306.1,-0.02,32.1364,6.5644,300.1,56.8,1473.451, NAN, NAN, NAN, NAN,,2024/04/10 04:55:48.352,2024-04-10 04:55:48.352000+00:00
2024/04/10, 04:56:48.352,40.228,-70.885, NAN,3.62,359.18,10.85,7.2,7.2,1016.4,1016.3,0.0,0.0,0.03,0.01,69,62,7.8,8.7,92.4,92.4,8.1,8.2,113.5,104.1,1018.5,1018.4,-6.39,306.18,-0.02,32.1363,6.5608,298.5,56.7,1473.437, NAN, NAN, NAN, NAN,,2024/04/10 04:56:48.352,2024-04-10 04:56:48.352000+00:00
2024/04/10, 04:57:48.352,40.231,-70.885, NAN,3.25,1.32,10.8,7.2,7.3,1016.3,1016.5,0.0,0.0,0.03,0.01,69,63,7.7,8.7,92.3,92.2,7.9,8.1,113.9,104.6,1018.4,1018.6,-6.38,306.81,-0.02,32.1361,6.5533,297.4,56.8,1473.407, NAN, NAN, NAN, NAN,,2024/04/10 04:57:48.352,2024-04-10 04:57:48.352000+00:00
2024/04/10, 04:58:48.352,40.234,-70.885, NAN,3.02,0.56,10.89,7.2,7.2,1016.4,1016.3,0.0,0.0,0.03,0.01,73,67,7.4,8.2,92.0,92.0,8.1,8.2,118.0,110.0,1018.5,1018.4,-6.39,307.43,-0.02,32.1376,6.5449,294.4,56.1,1473.376, NAN, NAN, NAN, NAN,,2024/04/10 04:58:48.352,2024-04-10 04:58:48.352000+00:00
2024/04/10, 04:59:48.352,40.237,-70.885, NAN,2.83,0.59,10.91,7.2,7.3,1016.3,1016.3,0.0,0.0,0.03,0.01,73,66,7.1,8.1,91.8,91.8,7.8,7.9,119.6,109.7,1018.4,1018.4,-6.38,308.73,-0.02,32.1397,6.5343,291.5,56.6,1473.337, NAN, NAN, NAN, NAN,,2024/04/10 04:59:48.352,2024-04-10 04:59:48.352000+00:00
2024/04/10, 05:00:48.352,40.24,-70.885, NAN,3.35,3.03,10.86,7.2,7.3,1016.3,1016.3,0.0,0.0,0.03,0.01,73,66,7.2,8.2,91.6,91.6,7.8,7.9,119.9,109.9,1018.4,1018.4,-6.41,309.63,-0.02,32.1381,6.5079,291.8,56.7,1473.23, NAN, NAN, NAN, NAN,,2024/04/10 05:00:48.352,2024-04-10 05:00:48.352000+00:00
2024/04/10, 05:01:48.352,40.243,-70.885, NAN,3.29,359.21,10.91,7.2,7.3,1016.3,1016.3,0.0,0.0,0.03,0.01,73,67,7.0,8.0,91.4,91.4,7.9,8.1,120.2,111.1,1018.4,1018.4,-6.33,310.45,-0.03,32.1402,6.4934,290.4,56.7,1473.176, NAN, NAN, NAN, NAN,,2024/04/10 05:01:48.352,2024-04-10 05:01:48.352000+00:00
2024/04/10, 05:02:48.352,40.246,-70.885, NAN,2.43,2.74,10.86,7.2,7.3,1016.3,1016.3,0.0,0.0,0.03,0.01,73,67,7.3,8.0,91.1,91.1,7.9,7.9,118.3,110.6,1018.4,1018.4,-6.31,311.5,-0.02,32.1384,6.4833,291.8,56.7,1473.134, NAN, NAN, NAN, NAN,,2024/04/10 05:02:48.352,2024-04-10 05:02:48.352000+00:00
2024/04/10, 05:03:48.352,40.249,-70.885, NAN,3.63,0.43,10.87,7.2,7.3,1016.3,1016.3,0.0,0.0,0.03,0.01,76,68,7.0,8.0,90.8,91.1,8.0,8.1,122.7,112.3,1018.4,1018.4,-6.41,312.06,-0.02,32.1402,6.471,288.8,56.7,1473.087, NAN, NAN, NAN, NAN,,2024/04/10 05:03:48.352,2024-04-10 05:03:48.352000+00:00
2024/04/10, 05:04:48.353,40.252,-70.885, NAN,3.83,359.56,10.83,7.2,7.3,1016.3,1016.3,0.0,0.0,0.03,0.01,76,69,6.8,7.8,90.6,90.5,8.0,8.1,123.2,113.7,1018.4,1018.4,-6.27,313.47,-0.02,32.14,6.448,287.6,56.7,1472.996, NAN, NAN, NAN, NAN,,2024/04/10 05:04:48.353,2024-04-10 05:04:48.353000+00:00
2024/04/10, 05:05:48.353,40.255,-70.884, NAN,3.39,1.54,10.81,7.2,7.3,1016.3,1016.3,0.0,0.0,0.03,0.01,78,70,6.8,7.7,90.3,90.3,7.9,7.9,124.9,115.1,1018.4,1018.4,-6.31,314.22,-0.02,32.1411,6.4392,288.0,56.4,1472.963, NAN, NAN, NAN, NAN,,2024/04/10 05:05:48.353,2024-04-10 05:05:48.353000+00:00
2024/04/10, 05:06:48.353,40.258,-70.884, NAN,3.8,359.57,10.78,7.2,7.3,1016.3,1016.2,0.0,0.0,0.03,0.01,79,72,6.8,7.5,90.1,90.0,8.2,8.1,125.0,117.1,1018.4,1018.3,-6.31,314.72,-0.02,32.1424,6.4435,291.0,56.5,1472.981, NAN, NAN, NAN, NAN,,2024/04/10 05:06:48.353,2024-04-10 05:06:48.353000+00:00
2024/04/10, 05:07:48.353,40.261,-70.884, NAN,3.43,2.41,10.92,7.2,7.3,1016.3,1016.3,0.0,0.0,0.03,0.01,76,69,6.4,7.3,89.8,89.7,7.5,7.6,126.0,116.7,1018.4,1018.4,-6.25,314.38,-0.03,32.1443,6.471,284.6,56.7,1473.092, NAN, NAN, NAN, NAN,,2024/04/10 05:07:48.353,2024-04-10 05:07:48.353000+00:00
2024/04/10, 05:08:48.353,40.264,-70.884, NAN,3.48,2.41,10.93,7.2,7.3,1016.3,1016.2,0.0,0.0,0.03,0.01,79,71,6.6,7.4,89.5,89.4,8.0,7.9,126.7,117.6,1018.4,1018.3,-6.29,314.21,-0.02,32.1451,6.5036,284.0,56.5,1473.222, NAN, NAN, NAN, NAN,,2024/04/10 05:08:48.353,2024-04-10 05:08:48.353000+00:00
2024/04/10, 05:09:48.353,40.267,-70.884, NAN,3.5,1.0,10.95,7.2,7.3,1016.3,1016.3,0.0,0.0,0.03,0.01,81,73,6.6,7.3,89.2,89.1,8.2,8.1,127.5,119.2,1018.4,1018.4,-6.27,313.67,-0.02,32.1518,6.5579,278.4,56.6,1473.445, NAN, NAN, NAN, NAN,,2024/04/10 05:09:48.353,2024-04-10 05:09:48.353000+00:00
2024/04/10, 05:10:48.353,40.27,-70.884, NAN,2.6,2.9,10.83,7.2,7.3,1016.3,1016.3,0.0,0.0,0.03,0.01,79,70,6.5,7.5,88.8,88.8,7.7,7.7,126.7,115.7,1018.4,1018.4,-6.35,313.15,-0.02,32.1552,6.6058,279.0,56.6,1473.638, NAN, NAN, NAN, NAN,,2024/04/10 05:10:48.353,2024-04-10 05:10:48.353000+00:00
2024/04/10, 05:11:48.353,40.273,-70.884, NAN,3.45,358.52,10.92,7.2,7.3,1016.4,1016.3,0.0,0.0,0.03,0.01,79,70,6.1,6.9,88.5,88.4,7.7,7.5,128.6,118.9,1018.5,1018.4,-6.39,312.88,-0.02,32.1605,6.6705,277.6,56.9,1473.899, NAN, NAN, NAN, NAN,,2024/04/10 05:11:48.353,2024-04-10 05:11:48.353000+00:00
2024/04/10, 05:12:48.353,40.276,-70.884, NAN,3.15,358.85,10.93,7.2,7.3,1016.3,1016.3,0.0,0.0,0.03,0.01,81,72,6.3,7.1,88.4,88.1,8.0,7.8,128.6,119.1,1018.4,1018.4,-6.3,312.38,-0.02,32.162,6.7276,274.5,56.7,1474.125, NAN, NAN, NAN, NAN,,2024/04/10 05:12:48.353,2024-04-10 05:12:48.353000+00:00
2024/04/10, 05:13:48.353,40.279,-70.883, NAN,3.22,1.97,10.94,7.3,7.3,1016.3,1016.3,0.0,0.0,0.03,0.01,79,70,6.5,7.4,87.9,87.8,7.9,7.8,127.0,116.6,1018.4,1018.4,-6.33,312.39,-0.02,32.1662,6.7491,273.9,56.9,1474.215, NAN, NAN, NAN, NAN,,2024/04/10 05:13:48.353,2024-04-10 05:13:48.353000+00:00
2024/04/10, 05:14:48.353,40.282,-70.883, NAN,3.12,0.37,10.97,7.3,7.3,1016.3,1016.2,0.0,0.0,0.03,0.01,79,71,6.2,7.1,87.6,87.4,7.8,7.7,128.0,118.5,1018.4,1018.3,-6.32,312.8,-0.02,32.1665,6.7561,270.2,56.7,1474.242, NAN, NAN, NAN, NAN,,2024/04/10 05:14:48.353,2024-04-10 05:14:48.353000+00:00
2024/04/10, 05:15:48.353,40.286,-70.883, NAN,2.75,359.46,11.02,7.3,7.3,1016.3,1016.3,0.0,0.0,0.03,0.01,81,71,6.1,7.0,87.1,87.1,7.9,7.7,129.4,118.8,1018.4,1018.4,-6.28,313.07,-0.02,32.1673,6.7633,269.6,56.8,1474.272, NAN, NAN, NAN, NAN,,2024/04/10 05:15:48.353,2024-04-10 05:15:48.353000+00:00
2024/04/10, 05:16:48.353,40.289,-70.883, NAN,3.39,3.8,10.99,7.3,7.3,1016.3,1016.3,0.0,0.0,0.03,0.01,80,72,6.1,6.9,86.7,86.6,7.6,7.5,130.6,121.4,1018.4,1018.4,-6.32,313.1,-0.02,32.1679,6.7726,268.6,56.8,1474.309, NAN, NAN, NAN, NAN,,2024/04/10 05:16:48.353,2024-04-10 05:16:48.353000+00:00
2024/04/10, 05:17:48.353,40.292,-70.883, NAN,3.13,5.22,11.13,7.3,7.3,1016.4,1016.3,0.0,0.0,0.03,0.01,80,72,6.2,7.0,86.1,85.9,7.6,7.5,130.6,121.5,1018.5,1018.4,-6.34,313.43,-0.03,32.1678,6.7238,266.2,56.8,1474.117, NAN, NAN, NAN, NAN,,2024/04/10 05:17:48.353,2024-04-10 05:17:48.353000+00:00
2024/04/10, 05:18:48.353,40.295,-70.883, NAN,3.22,359.61,11.07,7.3,7.4,1016.4,1016.5,0.0,0.0,0.03,0.01,82,73,6.2,6.8,85.7,85.6,8.0,7.7,130.4,122.1,1018.5,1018.6,-6.3,312.61,-0.02,32.168,6.6572,263.2,57.0,1473.856, NAN, NAN, NAN, NAN,,2024/04/10 05:18:48.353,2024-04-10 05:18:48.353000+00:00
2024/04/10, 05:19:48.353,40.298,-70.882, NAN,3.2,2.79,11.03,7.4,7.4,1016.4,1016.3,0.0,0.0,0.03,0.01,82,74,5.9,6.6,85.1,85.5,7.6,7.4,133.0,124.6,1018.5,1018.4,-6.28,312.22,-0.02,32.1663,6.6367,261.9,57.1,1473.773, NAN, NAN, NAN, NAN,,2024/04/10 05:19:48.353,2024-04-10 05:19:48.353000+00:00
2024/04/10, 05:20:48.354,40.301,-70.882, NAN,3.88,3.28,11.18,7.4,7.4,1016.5,1016.3,0.0,0.0,0.03,0.01,83,74,6.3,6.9,84.7,84.6,8.1,7.8,131.5,123.2,1018.6,1018.4,-6.25,311.69,-0.02,32.1667,6.6374,261.9,56.8,1473.776, NAN, NAN, NAN, NAN,,2024/04/10 05:20:48.354,2024-04-10 05:20:48.354000+00:00
2024/04/10, 05:21:48.354,40.304,-70.882, NAN,3.13,2.65,11.14,7.4,7.4,1016.5,1016.5,0.0,0.0,0.03,0.01,83,73,6.1,6.9,84.3,84.1,7.9,7.7,132.0,122.0,1018.6,1018.6,-6.26,311.33,-0.03,32.1676,6.6487,263.5,56.6,1473.822, NAN, NAN, NAN, NAN,,2024/04/10 05:21:48.354,2024-04-10 05:21:48.354000+00:00
2024/04/10, 05:22:48.354,40.307,-70.882, NAN,3.3,2.71,11.08,7.4,7.5,1016.4,1016.3,0.0,0.0,0.03,0.01,82,72,6.0,6.7,84.0,83.8,7.8,7.4,132.1,122.5,1018.5,1018.4,-6.2,311.83,-0.03,32.1671,6.7064,262.5,56.6,1474.048, NAN, NAN, NAN, NAN,,2024/04/10 05:22:48.354,2024-04-10 05:22:48.354000+00:00
2024/04/10, 05:23:48.354,40.31,-70.882, NAN,3.32,359.99,11.1,7.4,7.5,1016.5,1016.5,0.0,0.0,0.03,0.01,85,75,5.9,6.7,83.8,83.6,8.0,7.8,133.8,124.1,1018.6,1018.6,-6.24,312.35,-0.02,32.1658,6.7164,265.6,56.7,1474.086, NAN, NAN, NAN, NAN,,2024/04/10 05:23:48.354,2024-04-10 05:23:48.354000+00:00
2024/04/10, 05:24:48.354,40.313,-70.882, NAN,2.62,3.4,10.98,7.4,7.5,1016.5,1016.3,0.0,0.0,0.03,0.01,82,73,5.8,6.5,83.8,83.5,7.5,7.2,133.0,123.9,1018.6,1018.4,-6.28,312.53,-0.02,32.1671,6.7036,266.5,56.8,1474.037, NAN, NAN, NAN, NAN,,2024/04/10 05:24:48.354,2024-04-10 05:24:48.354000+00:00
2024/04/10, 05:25:48.354,40.316,-70.881, NAN,3.28,4.8,11.11,7.4,7.5,1016.5,1016.5,0.0,0.0,0.03,0.01,79,70,5.5,6.5,83.5,83.3,7.1,7.0,134.1,123.0,1018.6,1018.6,-6.3,312.32,-0.03,32.1655,6.7193,268.4,56.7,1474.097, NAN, NAN, NAN, NAN,,2024/04/10 05:25:48.354,2024-04-10 05:25:48.354000+00:00
2024/04/10, 05:26:48.354,40.319,-70.881, NAN,3.04,3.19,11.08,7.4,7.5,1016.5,1016.5,0.0,0.0,0.03,0.01,83,72,5.6,6.3,83.2,83.0,7.5,7.1,134.8,124.8,1018.6,1018.6,-6.31,311.79,-0.03,32.1638,6.736,267.5,56.6,1474.16, NAN, NAN, NAN, NAN,,2024/04/10 05:26:48.354,2024-04-10 05:26:48.354000+00:00
2024/04/10, 05:27:48.354,40.322,-70.881, NAN,2.91,5.37,11.06,7.4,7.5,1016.6,1016.5,0.0,0.0,0.03,0.01,81,72,5.5,6.2,82.9,82.6,7.2,6.9,135.0,125.9,1018.7,1018.6,-6.23,311.66,-0.03,32.1643,6.7083,267.8,56.9,1474.052, NAN, NAN, NAN, NAN,,2024/04/10 05:27:48.354,2024-04-10 05:27:48.354000+00:00
2024/04/10, 05:28:48.354,40.325,-70.881, NAN,3.36,359.99,11.02,7.5,7.5,1016.7,1016.7,0.0,0.0,0.03,0.01,82,70,5.4,6.4,82.6,82.4,7.4,7.1,134.7,122.5,1018.8,1018.8,-6.32,311.36,-0.03,32.1642,6.7007,267.2,56.8,1474.022, NAN, NAN, NAN, NAN,,2024/04/10 05:28:48.354,2024-04-10 05:28:48.354000+00:00
2024/04/10, 05:29:48.354,40.329,-70.881, NAN,0.44,5.81,11.01,7.5,7.5,1016.7,1016.6,0.0,0.0,0.03,0.01,80,67,4.6,5.6,82.2,82.0,6.4,5.9,139.6,126.1,1018.8,1018.7,-6.33,310.58,-0.03,32.162,6.6784,266.8,56.7,1473.932, NAN, NAN, NAN, NAN,,2024/04/10 05:29:48.354,2024-04-10 05:29:48.354000+00:00
2024/04/10, 05:30:48.354,40.332,-70.881, NAN,0.86,357.17,11.0,7.5,7.6,1016.7,1016.8,0.0,0.0,0.03,0.01,80,70,4.7,5.6,81.9,81.6,6.9,6.7,135.3,124.7,1018.8,1018.9,-6.3,309.87,-0.03,32.1651,6.644,266.5,56.6,1473.8, NAN, NAN, NAN, NAN,,2024/04/10 05:30:48.354,2024-04-10 05:30:48.354000+00:00
2024/04/10, 05:31:48.354,40.335,-70.881, NAN,0.79,359.79,10.97,7.5,7.6,1016.8,1016.7,0.0,0.0,0.03,0.01,80,70,4.8,5.8,81.7,81.5,6.8,6.6,135.7,124.2,1018.9,1018.8,-6.3,309.44,-0.02,32.1638,6.646,265.2,56.8,1473.807, NAN, NAN, NAN, NAN,,2024/04/10 05:31:48.354,2024-04-10 05:31:48.354000+00:00
2024/04/10, 05:32:48.354,40.338,-70.881, NAN,1.33,359.93,11.08,7.5,7.6,1016.8,1016.7,0.0,0.0,0.03,0.01,82,70,4.8,5.7,81.7,81.3,7.0,6.6,137.3,125.7,1018.9,1018.8,-6.32,309.28,-0.02,32.1625,6.6776,266.8,56.6,1473.929, NAN, NAN, NAN, NAN,,2024/04/10 05:32:48.354,2024-04-10 05:32:48.354000+00:00
2024/04/10, 05:33:48.354,40.341,-70.881, NAN,0.9,1.41,11.06,7.6,7.6,1016.8,1016.7,0.0,0.0,0.03,0.01,74,62,4.2,5.6,81.4,81.2,6.1,5.8,139.2,122.6,1018.9,1018.8,-6.33,309.25,-0.02,32.1638,6.7169,262.8,56.3,1474.085, NAN, NAN, NAN, NAN,,2024/04/10 05:33:48.354,2024-04-10 05:33:48.354000+00:00
2024/04/10, 05:34:48.355,40.344,-70.881, NAN,1.02,2.4,11.02,7.6,7.6,1016.8,1016.7,0.0,0.0,0.03,0.01,82,68,4.4,5.5,81.4,81.2,6.6,6.1,141.0,126.9,1018.9,1018.8,-6.38,308.59,-0.02,32.1649,6.7506,259.5,56.6,1474.219, NAN, NAN, NAN, NAN,,2024/04/10 05:34:48.355,2024-04-10 05:34:48.355000+00:00
2024/04/10, 05:35:48.355,40.347,-70.88, NAN,0.78,1.42,10.93,7.6,7.6,1016.8,1016.7,0.0,0.0,0.03,0.01,76,65,4.4,5.5,81.4,81.2,6.2,6.0,137.8,124.3,1018.9,1018.8,-6.42,307.79,-0.02,32.166,6.7696,257.4,56.5,1474.295, NAN, NAN, NAN, NAN,,2024/04/10 05:35:48.355,2024-04-10 05:35:48.355000+00:00
2024/04/10, 05:36:48.355,40.35,-70.88, NAN,0.75,1.95,11.0,7.6,7.6,1016.8,1016.7,0.0,0.0,0.03,0.01,76,64,4.0,5.4,81.4,81.1,6.1,5.9,141.0,124.8,1018.9,1018.8,-6.43,307.19,-0.03,32.1659,6.7725,259.2,56.3,1474.306, NAN, NAN, NAN, NAN,,2024/04/10 05:36:48.355,2024-04-10 05:36:48.355000+00:00
2024/04/10, 05:37:48.355,40.353,-70.88, NAN,1.52,1.22,11.03,7.6,7.6,1016.8,1016.7,0.0,0.0,0.03,0.01,77,65,4.2,5.4,81.2,81.0,6.3,6.0,140.3,126.0,1018.9,1018.8,-6.39,307.34,-0.03,32.1628,6.782,252.4,56.6,1474.339, NAN, NAN, NAN, NAN,,2024/04/10 05:37:48.355,2024-04-10 05:37:48.355000+00:00
2024/04/10, 05:38:48.355,40.356,-70.88, NAN,1.87,2.58,11.01,7.6,7.6,1016.6,1016.7,0.0,0.0,0.03,0.01,72,60,4.3,5.6,81.1,80.9,6.0,5.6,138.5,122.4,1018.7,1018.8,-6.48,307.86,-0.03,32.1586,6.8259,249.4,56.6,1474.506, NAN, NAN, NAN, NAN,,2024/04/10 05:38:48.355,2024-04-10 05:38:48.355000+00:00
2024/04/10, 05:39:48.355,40.359,-70.88, NAN,1.45,356.83,10.89,7.6,7.6,1016.8,1016.8,0.0,0.0,0.03,0.01,69,59,4.3,6.0,81.1,80.9,5.8,5.9,135.5,116.6,1018.9,1018.9,-6.47,308.6,-0.03,32.1565,6.8365,248.0,56.6,1474.545, NAN, NAN, NAN, NAN,,2024/04/10 05:39:48.355,2024-04-10 05:39:48.355000+00:00
2024/04/10, 05:40:48.355,40.362,-70.88, NAN,0.64,359.38,10.91,7.6,7.6,1016.8,1016.7,0.0,0.0,0.03,0.01,70,59,4.5,6.1,81.0,80.8,5.9,5.8,134.3,115.7,1018.9,1018.8,-6.38,308.62,-0.03,32.1566,6.8206,246.7,56.5,1474.483, NAN, NAN, NAN, NAN,,2024/04/10 05:40:48.355,2024-04-10 05:40:48.355000+00:00
2024/04/10, 05:41:48.355,40.365,-70.88, NAN,1.14,0.3,10.93,7.6,7.6,1016.8,1016.7,0.0,0.0,0.03,0.01,71,61,4.5,6.1,81.0,80.8,6.0,6.0,134.8,117.2,1018.9,1018.8,-6.39,308.13,-0.03,32.1507,6.7855,245.2,56.6,1474.338, NAN, NAN, NAN, NAN,,2024/04/10 05:41:48.355,2024-04-10 05:41:48.355000+00:00
2024/04/10, 05:42:48.355,40.368,-70.88, NAN,1.3,0.42,11.0,7.6,7.6,1016.8,1016.7,0.0,0.0,0.03,0.01,70,60,4.7,6.3,80.9,80.8,6.0,6.1,133.4,115.7,1018.9,1018.8,-6.33,307.55,-0.03,32.1479,6.7271,246.0,56.8,1474.105, NAN, NAN, NAN, NAN,,2024/04/10 05:42:48.355,2024-04-10 05:42:48.355000+00:00
2024/04/10, 05:43:48.355,40.371,-70.88, NAN,0.37,358.92,10.95,7.6,7.7,1016.7,1016.7,0.0,0.0,0.03,0.01,70,60,5.0,6.4,81.1,80.9,6.3,6.2,129.0,113.2,1018.8,1018.8,-6.31,307.38,-0.02,32.1434,6.6745,246.0,56.7,1473.893, NAN, NAN, NAN, NAN,,2024/04/10 05:43:48.355,2024-04-10 05:43:48.355000+00:00
2024/04/10, 05:44:48.355,40.374,-70.88, NAN,0.92,0.33,10.91,7.6,7.7,1016.6,1016.6,0.0,0.0,0.03,0.01,68,59,4.8,6.4,81.1,81.0,5.9,6.0,131.2,113.6,1018.7,1018.7,-6.39,307.38,-0.03,32.1347,6.649,246.7,56.8,1473.782, NAN, NAN, NAN, NAN,,2024/04/10 05:44:48.355,2024-04-10 05:44:48.355000+00:00
2024/04/10, 05:45:48.355,40.377,-70.88, NAN,0.81,1.51,10.88,7.6,7.7,1016.8,1016.7,0.0,0.0,0.03,0.01,66,55,5.2,6.8,81.5,81.3,5.9,5.8,127.1,107.8,1018.9,1018.8,-6.25,307.13,-0.02,32.1323,6.6214,248.8,56.8,1473.67, NAN, NAN, NAN, NAN,,2024/04/10 05:45:48.355,2024-04-10 05:45:48.355000+00:00
2024/04/10, 05:46:48.355,40.38,-70.88, NAN,0.81,3.45,10.94,7.6,7.6,1016.7,1016.6,0.0,0.0,0.03,0.01,68,57,5.0,6.6,81.8,81.5,5.9,5.8,130.4,111.3,1018.8,1018.7,-6.29,306.71,-0.03,32.1316,6.6056,252.4,56.5,1473.607, NAN, NAN, NAN, NAN,,2024/04/10 05:46:48.355,2024-04-10 05:46:48.355000+00:00
2024/04/10, 05:47:48.355,40.383,-70.88, NAN,1.08,0.21,10.99,7.6,7.6,1016.8,1016.8,0.0,0.0,0.03,0.01,63,53,5.5,7.2,81.9,81.8,6.0,6.1,122.9,103.6,1018.9,1018.9,-6.29,305.63,-0.03,32.1291,6.5984,253.7,56.6,1473.576, NAN, NAN, NAN, NAN,,2024/04/10 05:47:48.355,2024-04-10 05:47:48.355000+00:00
2024/04/10, 05:48:48.355,40.386,-70.88, NAN,1.05,359.71,10.94,7.6,7.6,1016.8,1016.8,0.0,0.0,0.03,0.01,63,53,5.4,7.2,82.2,82.0,5.9,6.0,123.8,103.4,1018.9,1018.9,-6.33,305.04,-0.02,32.1279,6.6017,253.1,56.4,1473.587, NAN, NAN, NAN, NAN,,2024/04/10 05:48:48.355,2024-04-10 05:48:48.355000+00:00
2024/04/10, 05:49:48.355,40.39,-70.88, NAN,1.06,359.3,10.92,7.6,7.6,1016.9,1016.8,0.0,0.0,0.03,0.01,64,54,5.6,7.5,82.2,82.1,6.1,6.3,122.4,102.0,1019.0,1018.9,-6.35,304.28,-0.02,32.1252,6.595,254.4,56.3,1473.558, NAN, NAN, NAN, NAN,,2024/04/10 05:49:48.355,2024-04-10 05:49:48.355000+00:00
2024/04/10, 05:50:48.355,40.393,-70.88, NAN,1.04,359.33,10.96,7.5,7.6,1016.8,1016.8,0.0,0.0,0.03,0.01,62,52,5.8,7.6,82.4,82.4,6.0,6.2,119.8,99.8,1018.9,1018.9,-6.39,303.48,-0.03,32.1254,6.5871,255.5,56.1,1473.527, NAN, NAN, NAN, NAN,,2024/04/10 05:50:48.355,2024-04-10 05:50:48.355000+00:00
2024/04/10, 05:51:48.355,40.396,-70.88, NAN,1.04,2.59,10.91,7.5,7.6,1016.9,1016.8,0.0,0.0,0.03,0.01,65,55,6.0,7.3,82.6,82.5,6.2,6.1,120.9,104.6,1019.0,1018.9,-6.41,302.95,-0.03,32.1228,6.5845,254.0,56.3,1473.513, NAN, NAN, NAN, NAN,,2024/04/10 05:51:48.355,2024-04-10 05:51:48.355000+00:00
2024/04/10, 05:52:48.356,40.399,-70.88, NAN,1.77,0.35,10.92,7.5,7.6,1016.9,1016.9,0.0,0.0,0.03,0.01,66,55,5.8,7.3,82.4,82.3,6.3,6.3,122.7,104.9,1019.0,1019.0,-6.4,302.61,-0.03,32.1197,6.5833,255.2,56.4,1473.505, NAN, NAN, NAN, NAN,,2024/04/10 05:52:48.356,2024-04-10 05:52:48.356000+00:00
2024/04/10, 05:53:48.356,40.402,-70.88, NAN,0.86,1.96,10.91,7.5,7.5,1016.9,1016.8,0.0,0.0,0.03,0.01,64,55,5.9,7.5,82.5,82.4,6.1,6.2,120.7,102.9,1019.0,1018.9,-6.35,302.31,-0.03,32.1159,6.6011,257.1,56.4,1473.57, NAN, NAN, NAN, NAN,,2024/04/10 05:53:48.356,2024-04-10 05:53:48.356000+00:00
2024/04/10, 05:54:48.356,40.405,-70.88, NAN,1.12,1.66,10.92,7.5,7.5,1016.8,1016.9,0.0,0.0,0.03,0.01,68,58,6.3,7.3,82.3,82.3,6.7,6.4,120.2,106.9,1018.9,1019.0,-6.41,302.16,-0.02,32.1142,6.6041,261.1,56.1,1473.58, NAN, NAN, NAN, NAN,,2024/04/10 05:54:48.356,2024-04-10 05:54:48.356000+00:00
2024/04/10, 05:55:48.356,40.408,-70.88, NAN,0.52,0.5,10.9,7.5,7.5,1016.9,1016.9,0.0,0.0,0.03,0.01,68,58,6.2,7.7,82.3,82.2,6.6,6.7,120.3,103.7,1019.0,1019.0,-6.33,301.68,-0.02,32.1145,6.6025,261.7,56.3,1473.574, NAN, NAN, NAN, NAN,,2024/04/10 05:55:48.356,2024-04-10 05:55:48.356000+00:00
2024/04/10, 05:56:48.356,40.411,-70.88, NAN,1.25,359.75,10.91,7.5,7.5,1016.9,1016.8,0.0,0.0,0.03,0.01,71,62,5.9,7.2,82.1,82.0,6.8,6.8,124.3,110.3,1019.0,1018.9,-6.36,301.14,-0.02,32.1108,6.6105,263.5,56.3,1473.601, NAN, NAN, NAN, NAN,,2024/04/10 05:56:48.356,2024-04-10 05:56:48.356000+00:00
2024/04/10, 05:57:48.356,40.414,-70.88, NAN,1.0,0.6,10.93,7.5,7.5,1016.9,1016.9,0.0,0.0,0.03,0.01,69,61,5.8,7.2,81.7,81.6,6.5,6.7,123.9,109.5,1019.0,1019.0,-6.4,300.42,-0.03,32.1072,6.6241,268.4,56.3,1473.65, NAN, NAN, NAN, NAN,,2024/04/10 05:57:48.356,2024-04-10 05:57:48.356000+00:00
2024/04/10, 05:58:48.356,40.417,-70.88, NAN,1.4,359.26,10.87,7.5,7.6,1016.9,1016.9,0.0,0.0,0.03,0.01,71,62,5.7,7.0,81.4,81.3,6.7,6.7,125.5,111.5,1019.0,1019.0,-6.42,300.19,-0.02,32.1062,6.6185,268.9,56.3,1473.626, NAN, NAN, NAN, NAN,,2024/04/10 05:58:48.356,2024-04-10 05:58:48.356000+00:00
2024/04/10, 05:59:48.356,40.42,-70.88, NAN,0.96,359.88,10.88,7.5,7.6,1016.9,1016.9,0.0,0.0,0.03,0.01,69,60,5.6,7.0,81.0,80.9,6.4,6.5,124.8,109.6,1019.0,1019.0,-6.51,300.06,-0.03,32.1066,6.614,270.2,56.5,1473.609, NAN, NAN, NAN, NAN,,2024/04/10 05:59:48.356,2024-04-10 05:59:48.356000+00:00
2024/04/10, 06:00:48.356,40.423,-70.88, NAN,0.91,358.71,10.91,7.6,7.6,1017.0,1017.0,0.0,0.0,0.03,0.01,68,59,5.6,7.0,80.8,80.8,6.4,6.5,124.2,108.9,1019.1,1019.1,-6.47,300.02,-0.03,32.1012,6.6259,270.5,56.3,1473.649, NAN, NAN, NAN, NAN,,2024/04/10 06:00:48.356,2024-04-10 06:00:48.356000+00:00
2024/04/10, 06:01:48.356,40.426,-70.88, NAN,0.9,1.19,10.89,7.6,7.6,1016.9,1016.9,0.0,0.0,0.03,0.01,67,59,5.6,7.0,80.8,80.7,6.1,6.2,124.9,109.6,1019.0,1019.0,-6.35,300.54,-0.02,32.0994,6.6594,274.2,56.3,1473.779, NAN, NAN, NAN, NAN,,2024/04/10 06:01:48.356,2024-04-10 06:01:48.356000+00:00
2024/04/10, 06:02:48.356,40.429,-70.88, NAN,1.43,0.98,10.91,7.6,7.6,1016.9,1017.0,0.0,0.0,0.03,0.01,68,60,5.9,7.3,80.7,80.6,6.5,6.7,123.0,108.5,1019.0,1019.1,-6.41,301.32,-0.03,32.0953,6.6656,275.6,56.6,1473.798, NAN, NAN, NAN, NAN,,2024/04/10 06:02:48.356,2024-04-10 06:02:48.356000+00:00
2024/04/10, 06:03:48.356,40.432,-70.88, NAN,1.43,0.86,10.95,7.6,7.6,1016.9,1017.0,0.0,0.0,0.03,0.01,69,61,5.8,7.1,80.6,80.5,6.5,6.6,124.7,110.8,1019.0,1019.1,-6.4,302.76,-0.03,32.0975,6.6571,275.0,56.7,1473.767, NAN, NAN, NAN, NAN,,2024/04/10 06:03:48.356,2024-04-10 06:03:48.356000+00:00
2024/04/10, 06:04:48.356,40.435,-70.88, NAN,0.41,356.65,10.88,7.6,7.6,1016.9,1017.0,0.0,0.0,0.03,0.01,71,62,5.4,6.7,80.5,80.5,6.6,6.6,125.9,112.0,1019.0,1019.1,-6.36,304.29,-0.02,32.0923,6.6641,274.5,56.9,1473.788, NAN, NAN, NAN, NAN,,2024/04/10 06:04:48.356,2024-04-10 06:04:48.356000+00:00
2024/04/10, 06:05:48.356,40.438,-70.88, NAN,0.77,0.38,10.9,7.6,7.6,1017.0,1017.0,0.0,0.0,0.03,0.01,69,60,5.8,7.3,80.4,80.4,6.5,6.7,123.5,107.8,1019.1,1019.1,-6.45,305.89,-0.02,32.089,6.6757,274.2,56.7,1473.83, NAN, NAN, NAN, NAN,,2024/04/10 06:05:48.356,2024-04-10 06:05:48.356000+00:00
2024/04/10, 06:06:48.356,40.441,-70.88, NAN,359.8,358.79,10.82,7.6,7.6,1017.0,1016.9,0.0,0.0,0.03,0.01,70,61,5.9,7.2,80.2,80.1,6.6,6.7,122.1,107.8,1019.1,1019.0,-6.33,307.65,-0.02,32.0858,6.7042,274.8,56.6,1473.938, NAN, NAN, NAN, NAN,,2024/04/10 06:06:48.356,2024-04-10 06:06:48.356000+00:00
2024/04/10, 06:07:48.356,40.444,-70.88, NAN,0.61,357.89,10.88,7.6,7.6,1017.0,1017.0,0.0,0.0,0.03,0.01,68,60,5.7,7.2,80.1,80.0,6.5,6.7,122.8,107.8,1019.1,1019.1,-6.41,308.89,-0.03,32.084,6.7288,275.6,56.6,1474.032, NAN, NAN, NAN, NAN,,2024/04/10 06:07:48.356,2024-04-10 06:07:48.356000+00:00
2024/04/10, 06:08:48.357,40.447,-70.88, NAN,359.86,357.51,10.83,7.6,7.6,1017.0,1017.0,0.0,0.0,0.03,0.01,69,59,5.7,7.3,80.0,80.0,6.5,6.6,122.9,105.7,1019.1,1019.1,-6.38,309.63,-0.02,32.0814,6.7478,273.9,56.9,1474.103, NAN, NAN, NAN, NAN,,2024/04/10 06:08:48.357,2024-04-10 06:08:48.357000+00:00
2024/04/10, 06:09:48.357,40.45,-70.88, NAN,0.05,359.01,10.86,7.6,7.6,1016.9,1016.9,0.0,0.0,0.03,0.01,68,60,6.0,7.4,80.4,80.3,6.6,6.8,120.6,106.2,1019.0,1019.0,-6.24,309.44,-0.02,32.0807,6.761,271.2,56.8,1474.154, NAN, NAN, NAN, NAN,,2024/04/10 06:09:48.357,2024-04-10 06:09:48.357000+00:00
2024/04/10, 06:10:48.357,40.453,-70.88, NAN,359.56,3.27,10.87,7.6,7.6,1016.9,1016.9,0.0,0.0,0.03,0.01,69,61,6.1,7.5,80.5,80.4,6.4,6.6,121.5,106.7,1019.0,1019.0,-6.32,308.93,-0.02,32.0762,6.7618,271.6,56.6,1474.152, NAN, NAN, NAN, NAN,,2024/04/10 06:10:48.357,2024-04-10 06:10:48.357000+00:00
2024/04/10, 06:11:48.357,40.456,-70.88, NAN,0.17,359.94,10.87,7.6,7.6,1016.9,1016.9,0.0,0.0,0.03,0.01,67,57,6.5,7.8,80.7,80.6,6.8,6.7,117.0,101.7,1019.0,1019.0,-6.19,308.26,-0.02,32.0745,6.7505,270.2,56.7,1474.105, NAN, NAN, NAN, NAN,,2024/04/10 06:11:48.357,2024-04-10 06:11:48.357000+00:00
2024/04/10, 06:12:48.357,40.459,-70.88, NAN,359.94,359.93,10.93,7.6,7.6,1016.9,1016.9,0.0,0.0,0.03,0.01,67,59,6.4,7.7,80.8,80.7,6.7,6.8,117.8,104.0,1019.0,1019.0,-6.26,307.6,-0.02,32.0727,6.7429,271.6,56.8,1474.073, NAN, NAN, NAN, NAN,,2024/04/10 06:12:48.357,2024-04-10 06:12:48.357000+00:00
2024/04/10, 06:13:48.357,40.462,-70.88, NAN,359.91,0.57,10.92,7.6,7.6,1016.9,1016.9,0.0,0.0,0.03,0.01,68,58,6.7,7.6,80.9,80.8,6.9,6.5,116.8,103.9,1019.0,1019.0,-6.31,307.09,-0.03,32.0674,6.7286,270.5,56.8,1474.01, NAN, NAN, NAN, NAN,,2024/04/10 06:13:48.357,2024-04-10 06:13:48.357000+00:00
2024/04/10, 06:14:48.357,40.465,-70.88, NAN,359.8,359.68,10.89,7.6,7.6,1016.9,1016.9,0.0,0.0,0.03,0.01,69,57,7.1,7.9,81.0,80.8,7.3,6.7,114.6,100.9,1019.0,1019.0,-6.27,306.47,-0.02,32.0665,6.7172,271.6,56.8,1473.965, NAN, NAN, NAN, NAN,,2024/04/10 06:14:48.357,2024-04-10 06:14:48.357000+00:00
2024/04/10, 06:15:48.357,40.468,-70.88, NAN,359.74,358.93,10.87,7.6,7.6,1016.9,1017.0,0.0,0.0,0.03,0.01,65,55,6.6,8.0,80.9,80.8,6.6,6.7,114.6,98.3,1019.0,1019.1,-6.24,305.76,-0.02,32.0636,6.7079,269.9,56.6,1473.924, NAN, NAN, NAN, NAN,,2024/04/10 06:15:48.357,2024-04-10 06:15:48.357000+00:00
2024/04/10, 06:16:48.357,40.471,-70.88, NAN,0.05,357.04,10.91,7.5,7.6,1017.0,1016.9,0.0,0.0,0.03,0.01,63,56,6.3,7.8,81.1,81.0,6.4,6.8,115.3,100.6,1019.1,1019.0,-6.26,305.35,-0.03,32.0611,6.6782,270.5,56.5,1473.805, NAN, NAN, NAN, NAN,,2024/04/10 06:16:48.357,2024-04-10 06:16:48.357000+00:00
2024/04/10, 06:17:48.357,40.474,-70.88, NAN,0.43,357.41,10.95,7.5,7.6,1017.0,1016.9,0.0,0.0,0.03,0.01,59,52,6.8,8.5,81.4,81.3,6.4,6.9,109.8,93.7,1019.1,1019.0,-6.3,305.34,-0.02,32.0588,6.6367,269.9,56.6,1473.638, NAN, NAN, NAN, NAN,,2024/04/10 06:17:48.357,2024-04-10 06:17:48.357000+00:00
2024/04/10, 06:18:48.357,40.477,-70.88, NAN,359.72,359.68,10.95,7.5,7.5,1016.9,1016.9,0.0,0.0,0.03,0.01,60,51,6.5,8.3,81.6,81.6,6.1,6.5,112.6,93.3,1019.0,1019.0,-6.29,306.28,-0.03,32.0567,6.5992,269.6,56.7,1473.488, NAN, NAN, NAN, NAN,,2024/04/10 06:18:48.357,2024-04-10 06:18:48.357000+00:00
2024/04/10, 06:19:48.357,40.48,-70.88, NAN,359.66,2.42,10.89,7.5,7.5,1016.9,1016.9,0.0,0.0,0.03,0.01,60,52,6.7,8.4,81.5,81.5,6.2,6.6,110.8,93.3,1019.0,1019.0,-6.23,307.38,-0.02,32.0537,6.5833,268.4,56.7,1473.422, NAN, NAN, NAN, NAN,,2024/04/10 06:19:48.357,2024-04-10 06:19:48.357000+00:00
2024/04/10, 06:20:48.357,40.483,-70.88, NAN,0.04,357.74,10.91,7.5,7.5,1017.0,1016.9,0.0,0.0,0.03,0.01,59,50,6.8,8.7,81.8,81.8,6.3,6.8,109.4,90.2,1019.1,1019.0,-6.38,308.15,-0.02,32.0519,6.5878,268.9,56.8,1473.437, NAN, NAN, NAN, NAN,,2024/04/10 06:20:48.357,2024-04-10 06:20:48.357000+00:00
2024/04/10, 06:21:48.357,40.487,-70.88, NAN,0.46,357.67,10.95,7.5,7.5,1016.9,1016.9,0.0,0.0,0.03,0.01,59,51,6.8,8.6,81.8,81.8,6.4,6.9,109.8,92.2,1019.0,1019.0,-6.36,308.8,-0.03,32.0513,6.6646,266.8,56.8,1473.739, NAN, NAN, NAN, NAN,,2024/04/10 06:21:48.357,2024-04-10 06:21:48.357000+00:00
2024/04/10, 06:22:48.357,40.49,-70.88, NAN,0.16,0.4,10.96,7.5,7.5,1017.0,1017.0,0.0,0.0,0.03,0.01,60,52,6.9,8.6,81.8,81.8,6.4,6.8,110.2,93.0,1019.1,1019.1,-6.33,308.33,-0.03,32.0483,6.715,268.1,56.8,1473.933, NAN, NAN, NAN, NAN,,2024/04/10 06:22:48.357,2024-04-10 06:22:48.357000+00:00
2024/04/10, 06:23:48.357,40.493,-70.88, NAN,0.12,359.98,10.96,7.4,7.5,1017.0,1017.0,0.0,0.0,0.03,0.01,60,52,6.9,8.7,82.1,82.0,6.4,6.9,110.1,92.4,1019.1,1019.1,-6.3,306.64,-0.03,32.0535,6.7273,266.8,56.7,1473.988, NAN, NAN, NAN, NAN,,2024/04/10 06:23:48.357,2024-04-10 06:23:48.357000+00:00
2024/04/10, 06:24:48.357,40.496,-70.88, NAN,359.57,0.77,11.01,7.4,7.5,1017.0,1017.0,0.0,0.0,0.03,0.01,59,50,6.8,8.6,82.1,82.0,6.2,6.6,110.0,90.7,1019.1,1019.1,-6.32,304.82,-0.02,32.0526,6.7176,265.6,56.9,1473.949, NAN, NAN, NAN, NAN,,2024/04/10 06:24:48.357,2024-04-10 06:24:48.357000+00:00
2024/04/10, 06:25:48.358,40.499,-70.88, NAN,359.96,358.32,11.01,7.4,7.5,1017.0,1017.0,0.0,0.0,0.03,0.01,57,50,6.7,8.5,82.1,82.0,6.1,6.7,109.1,91.6,1019.1,1019.1,-6.34,302.88,-0.02,32.0502,6.7071,262.5,56.9,1473.904, NAN, NAN, NAN, NAN,,2024/04/10 06:25:48.358,2024-04-10 06:25:48.358000+00:00
2024/04/10, 06:26:48.358,40.502,-70.88, NAN,0.17,356.94,10.97,7.4,7.5,1017.0,1017.1,0.0,0.0,0.03,0.01,55,48,6.7,8.7,82.4,82.4,6.0,6.7,107.6,88.6,1019.1,1019.2,-6.31,301.5,-0.02,32.0477,6.7004,263.2,56.8,1473.875, NAN, NAN, NAN, NAN,,2024/04/10 06:26:48.358,2024-04-10 06:26:48.358000+00:00
2024/04/10, 06:27:48.358,40.505,-70.881, NAN,359.76,358.52,10.93,7.4,7.4,1017.0,1017.0,0.0,0.0,0.03,0.01,56,48,6.7,8.7,82.6,82.6,5.9,6.6,108.1,88.0,1019.1,1019.1,-6.38,300.58,-0.02,32.0471,6.6942,262.5,57.0,1473.85, NAN, NAN, NAN, NAN,,2024/04/10 06:27:48.358,2024-04-10 06:27:48.358000+00:00
2024/04/10, 06:28:48.358,40.508,-70.881, NAN,0.29,359.71,10.87,7.4,7.4,1017.0,1017.0,0.0,0.0,0.03,0.01,55,47,7.0,8.9,82.7,82.6,6.0,6.6,105.5,86.1,1019.1,1019.1,-6.46,300.93,-0.02,32.0418,6.6796,259.8,56.8,1473.786, NAN, NAN, NAN, NAN,,2024/04/10 06:28:48.358,2024-04-10 06:28:48.358000+00:00
2024/04/10, 06:29:48.358,40.511,-70.881, NAN,358.89,359.7,10.79,7.4,7.4,1017.0,1017.1,0.0,0.0,0.03,0.01,55,47,7.2,9.1,82.9,82.9,6.0,6.6,102.5,83.2,1019.1,1019.2,-6.49,301.05,-0.02,32.0385,6.6715,259.2,56.7,1473.75, NAN, NAN, NAN, NAN,,2024/04/10 06:29:48.358,2024-04-10 06:29:48.358000+00:00
2024/04/10, 06:30:48.358,40.514,-70.881, NAN,0.13,0.75,10.88,7.3,7.4,1017.0,1017.1,0.0,0.0,0.03,0.01,55,47,7.5,9.4,83.1,83.0,6.3,6.9,102.0,83.3,1019.1,1019.2,-6.41,301.6,-0.02,32.038,6.6678,260.8,56.9,1473.735, NAN, NAN, NAN, NAN,,2024/04/10 06:30:48.358,2024-04-10 06:30:48.358000+00:00
2024/04/10, 06:31:48.358,40.517,-70.881, NAN,359.88,359.53,10.88,7.3,7.3,1017.0,1017.1,0.0,0.0,0.03,0.01,53,46,7.3,9.2,83.2,83.2,5.9,6.7,101.5,83.0,1019.1,1019.2,-6.5,302.72,-0.02,32.0358,6.677,257.4,56.7,1473.768, NAN, NAN, NAN, NAN,,2024/04/10 06:31:48.358,2024-04-10 06:31:48.358000+00:00
2024/04/10, 06:32:48.358,40.52,-70.881, NAN,359.59,359.71,10.93,7.3,7.3,1017.0,1017.1,0.0,0.0,0.03,0.01,52,45,7.3,9.2,83.3,83.2,5.9,6.6,100.7,81.8,1019.1,1019.2,-6.39,303.22,-0.02,32.0364,6.7148,258.0,56.8,1473.917, NAN, NAN, NAN, NAN,,2024/04/10 06:32:48.358,2024-04-10 06:32:48.358000+00:00
2024/04/10, 06:33:48.358,40.523,-70.881, NAN,0.21,0.24,10.85,7.3,7.3,1017.0,1017.1,0.0,0.0,0.03,0.01,53,45,6.9,8.8,83.5,83.5,5.7,6.3,104.6,84.3,1019.1,1019.2,-6.4,304.03,-0.03,32.0346,6.7485,258.0,56.9,1474.047, NAN, NAN, NAN, NAN,,2024/04/10 06:33:48.358,2024-04-10 06:33:48.358000+00:00
2024/04/10, 06:34:48.358,40.526,-70.881, NAN,359.76,2.16,10.95,7.2,7.3,1017.1,1017.2,0.0,0.0,0.03,0.01,52,45,7.7,9.5,83.4,83.4,6.0,6.7,98.3,80.3,1019.2,1019.3,-6.47,304.81,-0.02,32.0324,6.7674,257.4,56.9,1474.119, NAN, NAN, NAN, NAN,,2024/04/10 06:34:48.358,2024-04-10 06:34:48.358000+00:00
2024/04/10, 06:35:48.358,40.529,-70.881, NAN,359.87,0.66,10.82,7.2,7.3,1017.2,1017.2,0.0,0.0,0.03,0.01,51,44,7.6,9.4,83.6,83.4,5.9,6.6,97.4,79.4,1019.3,1019.3,-6.42,305.87,-0.02,32.0337,6.7472,255.2,56.9,1474.041, NAN, NAN, NAN, NAN,,2024/04/10 06:35:48.358,2024-04-10 06:35:48.358000+00:00
2024/04/10, 06:36:48.358,40.532,-70.881, NAN,359.26,358.67,10.85,7.2,7.3,1017.2,1017.1,0.0,0.0,0.03,0.01,54,46,7.3,9.2,84.0,84.0,6.1,6.7,101.5,82.3,1019.3,1019.2,-6.38,307.02,-0.02,32.0315,6.6965,256.1,56.7,1473.839, NAN, NAN, NAN, NAN,,2024/04/10 06:36:48.358,2024-04-10 06:36:48.358000+00:00
2024/04/10, 06:37:48.358,40.535,-70.881, NAN,359.75,359.5,10.91,7.2,7.2,1017.2,1017.2,0.0,0.0,0.03,0.01,53,46,7.6,9.5,84.2,84.2,6.2,6.9,99.4,81.5,1019.3,1019.3,-6.39,307.7,-0.02,32.0289,6.6691,255.2,56.9,1473.728, NAN, NAN, NAN, NAN,,2024/04/10 06:37:48.358,2024-04-10 06:37:48.358000+00:00
2024/04/10, 06:38:48.358,40.538,-70.881, NAN,359.87,358.63,10.89,7.2,7.2,1017.2,1017.2,0.0,0.0,0.03,0.01,54,47,7.6,9.6,84.3,84.3,6.4,7.2,100.1,82.3,1019.3,1019.3,-6.38,307.32,-0.03,32.029,6.6593,255.2,56.6,1473.69, NAN, NAN, NAN, NAN,,2024/04/10 06:38:48.358,2024-04-10 06:38:48.358000+00:00
2024/04/10, 06:39:48.358,40.541,-70.881, NAN,359.72,0.87,10.8,7.2,7.2,1017.0,1017.2,0.0,0.0,0.03,0.01,54,46,7.6,9.6,84.3,84.2,6.2,7.0,99.7,80.5,1019.1,1019.3,-6.32,306.97,-0.02,32.0272,6.6792,253.7,56.6,1473.766, NAN, NAN, NAN, NAN,,2024/04/10 06:39:48.358,2024-04-10 06:39:48.358000+00:00
2024/04/10, 06:40:48.358,40.544,-70.881, NAN,0.42,357.53,10.89,7.2,7.2,1017.2,1017.2,0.0,0.0,0.03,0.01,52,46,7.9,9.9,84.6,84.5,6.5,7.5,96.9,80.5,1019.3,1019.3,-6.3,305.77,-0.02,32.0254,6.6805,254.0,56.8,1473.769, NAN, NAN, NAN, NAN,,2024/04/10 06:40:48.358,2024-04-10 06:40:48.358000+00:00
2024/04/10, 06:41:48.359,40.547,-70.881, NAN,359.05,0.1,10.91,7.2,7.2,1017.2,1017.2,0.0,0.0,0.03,0.01,52,44,7.5,9.5,84.8,84.7,6.0,6.7,98.6,78.5,1019.3,1019.3,-6.35,305.0,-0.02,32.0229,6.6805,251.6,56.5,1473.766, NAN, NAN, NAN, NAN,,2024/04/10 06:41:48.359,2024-04-10 06:41:48.359000+00:00
2024/04/10, 06:42:48.359,40.55,-70.881, NAN,359.41,0.2,10.86,7.1,7.2,1017.3,1017.2,0.0,0.0,0.03,0.01,51,44,7.5,9.5,85.0,85.0,5.9,6.7,97.9,78.6,1019.4,1019.3,-6.36,304.59,-0.02,32.0206,6.6666,251.6,56.6,1473.708, NAN, NAN, NAN, NAN,,2024/04/10 06:42:48.359,2024-04-10 06:42:48.359000+00:00
2024/04/10, 06:43:48.359,40.553,-70.881, NAN,359.26,2.13,10.8,7.1,7.2,1017.3,1017.3,0.0,0.0,0.03,0.01,52,46,7.5,9.5,85.2,85.2,5.8,6.7,98.5,80.3,1019.4,1019.4,-6.35,303.13,-0.02,32.0196,6.6391,252.0,56.7,1473.599, NAN, NAN, NAN, NAN,,2024/04/10 06:43:48.359,2024-04-10 06:43:48.359000+00:00
2024/04/10, 06:44:48.359,40.556,-70.881, NAN,359.36,0.26,10.88,7.1,7.2,1017.3,1017.3,0.0,0.0,0.03,0.01,52,46,7.4,9.4,85.3,85.3,5.9,6.8,99.5,81.4,1019.4,1019.4,-6.42,301.37,-0.02,32.0168,6.6187,250.7,56.6,1473.515, NAN, NAN, NAN, NAN,,2024/04/10 06:44:48.359,2024-04-10 06:44:48.359000+00:00
2024/04/10, 06:45:48.359,40.559,-70.881, NAN,359.9,358.51,10.81,7.1,7.1,1017.3,1017.3,0.0,0.0,0.03,0.01,53,46,7.6,9.6,85.5,85.4,6.3,7.1,98.9,80.9,1019.4,1019.4,-6.4,299.52,-0.02,32.0144,6.6144,251.6,56.8,1473.495, NAN, NAN, NAN, NAN,,2024/04/10 06:45:48.359,2024-04-10 06:45:48.359000+00:00
2024/04/10, 06:46:48.359,40.562,-70.881, NAN,359.83,359.5,10.88,7.1,7.1,1017.3,1017.3,0.0,0.0,0.03,0.01,55,48,7.7,9.6,85.5,85.6,6.5,7.2,100.3,83.2,1019.4,1019.4,-6.39,297.62,-0.02,32.0107,6.6046,254.0,56.6,1473.452, NAN, NAN, NAN, NAN,,2024/04/10 06:46:48.359,2024-04-10 06:46:48.359000+00:00
2024/04/10, 06:47:48.359,40.565,-70.882, NAN,359.68,358.61,10.93,7.1,7.1,1017.2,1017.3,0.0,0.0,0.03,0.01,55,47,7.3,9.3,85.7,85.7,6.2,6.9,103.0,83.7,1019.3,1019.4,-6.44,296.46,-0.02,32.0119,6.5859,255.2,56.7,1473.38, NAN, NAN, NAN, NAN,,2024/04/10 06:47:48.359,2024-04-10 06:47:48.359000+00:00
2024/04/10, 06:48:48.359,40.568,-70.882, NAN,359.48,0.9,10.9,7.1,7.1,1017.3,1017.3,0.0,0.0,0.03,0.01,55,48,7.4,9.4,85.7,85.7,6.1,6.9,102.3,83.8,1019.4,1019.4,-6.41,295.3,-0.02,32.0085,6.6013,257.1,56.4,1473.436, NAN, NAN, NAN, NAN,,2024/04/10 06:48:48.359,2024-04-10 06:48:48.359000+00:00
2024/04/10, 06:49:48.359,40.571,-70.882, NAN,0.11,358.2,10.84,7.1,7.1,1017.2,1017.2,0.0,0.0,0.03,0.01,58,50,7.3,9.2,85.7,85.8,6.6,7.2,105.1,87.4,1019.3,1019.3,-6.42,294.93,-0.02,32.006,6.5949,259.2,56.7,1473.408, NAN, NAN, NAN, NAN,,2024/04/10 06:49:48.359,2024-04-10 06:49:48.359000+00:00
2024/04/10, 06:50:48.359,40.574,-70.882, NAN,359.28,358.46,10.83,7.1,7.1,1017.2,1017.2,0.0,0.0,0.03,0.01,59,52,7.5,9.1,85.8,85.9,6.7,7.2,104.0,89.0,1019.3,1019.3,-6.47,294.39,-0.02,32.0058,6.5763,259.8,56.7,1473.334, NAN, NAN, NAN, NAN,,2024/04/10 06:50:48.359,2024-04-10 06:50:48.359000+00:00
2024/04/10, 06:51:48.359,40.577,-70.882, NAN,0.06,357.44,10.87,7.1,7.1,1017.2,1017.1,0.0,0.0,0.03,0.01,60,53,7.7,9.3,85.9,85.9,7.1,7.7,104.2,90.0,1019.3,1019.2,-6.39,293.93,-0.02,32.005,6.5369,260.1,56.7,1473.178, NAN, NAN, NAN, NAN,,2024/04/10 06:51:48.359,2024-04-10 06:51:48.359000+00:00
2024/04/10, 06:52:48.359,40.58,-70.882, NAN,359.61,358.95,10.84,7.1,7.1,1017.2,1017.1,0.0,0.0,0.03,0.01,58,51,7.7,9.5,85.9,86.1,6.8,7.5,102.3,86.5,1019.3,1019.2,-6.44,294.0,-0.02,32.0029,6.5246,263.2,56.8,1473.127, NAN, NAN, NAN, NAN,,2024/04/10 06:52:48.359,2024-04-10 06:52:48.359000+00:00
2024/04/10, 06:53:48.359,40.583,-70.882, NAN,0.06,358.15,10.97,7.1,7.1,1017.1,1017.2,0.0,0.0,0.03,0.01,57,51,8.0,9.8,86.1,86.2,7.0,7.8,100.7,86.1,1019.2,1019.3,-6.54,293.73,-0.02,32.0004,6.5475,266.2,56.5,1473.214, NAN, NAN, NAN, NAN,,2024/04/10 06:53:48.359,2024-04-10 06:53:48.359000+00:00
2024/04/10, 06:54:48.359,40.586,-70.882, NAN,358.94,0.16,10.95,7.1,7.1,1017.1,1017.2,0.0,0.0,0.03,0.01,56,48,7.8,9.8,86.1,86.2,6.5,7.3,100.1,81.6,1019.2,1019.3,-6.49,293.64,-0.02,31.9966,6.5773,268.6,56.5,1473.326, NAN, NAN, NAN, NAN,,2024/04/10 06:54:48.359,2024-04-10 06:54:48.359000+00:00
2024/04/10, 06:55:48.359,40.589,-70.882, NAN,359.37,358.53,10.96,7.1,7.1,1017.2,1017.2,0.0,0.0,0.03,0.01,53,47,8.2,10.1,86.3,86.4,6.7,7.6,95.4,79.8,1019.3,1019.3,-6.44,293.63,-0.02,31.9937,6.5981,268.4,56.7,1473.405, NAN, NAN, NAN, NAN,,2024/04/10 06:55:48.359,2024-04-10 06:55:48.359000+00:00
2024/04/10, 06:56:48.359,40.592,-70.882, NAN,0.25,358.68,10.95,7.1,7.1,1017.2,1017.2,0.0,0.0,0.03,0.01,55,47,7.9,9.9,86.3,86.4,6.7,7.5,99.6,81.6,1019.3,1019.3,-6.39,294.12,-0.03,31.988,6.627,268.6,56.9,1473.511, NAN, NAN, NAN, NAN,,2024/04/10 06:56:48.359,2024-04-10 06:56:48.359000+00:00
2024/04/10, 06:57:48.360,40.595,-70.882, NAN,359.21,359.49,10.99,7.1,7.1,1017.2,1017.3,0.0,0.0,0.03,0.01,53,47,8.2,10.1,86.5,86.5,6.6,7.5,95.4,79.7,1019.3,1019.4,-6.42,293.97,-0.03,31.9829,6.6289,269.9,56.9,1473.513, NAN, NAN, NAN, NAN,,2024/04/10 06:57:48.360,2024-04-10 06:57:48.360000+00:00
2024/04/10, 06:58:48.360,40.598,-70.883, NAN,359.5,0.69,10.95,7.1,7.1,1017.3,1017.3,0.0,0.0,0.03,0.01,53,46,8.1,10.0,86.8,86.9,6.5,7.3,96.2,79.1,1019.4,1019.4,-6.41,294.16,-0.03,31.9737,6.6091,268.4,56.9,1473.423, NAN, NAN, NAN, NAN,,2024/04/10 06:58:48.360,2024-04-10 06:58:48.360000+00:00
2024/04/10, 06:59:48.360,40.602,-70.883, NAN,359.04,359.43,10.89,7.0,7.1,1017.3,1017.3,0.0,0.0,0.03,0.01,55,48,7.9,9.8,87.1,87.1,6.6,7.4,98.4,81.5,1019.4,1019.4,-6.33,294.42,-0.02,31.965,6.5819,272.0,56.6,1473.305, NAN, NAN, NAN, NAN,,2024/04/10 06:59:48.360,2024-04-10 06:59:48.360000+00:00
2024/04/10, 07:00:48.360,40.605,-70.883, NAN,359.8,359.11,10.95,7.0,7.1,1017.3,1017.3,0.0,0.0,0.03,0.01,53,46,7.6,9.5,87.2,87.2,6.2,7.0,99.5,81.8,1019.4,1019.4,-6.41,294.46,-0.02,31.9572,6.5781,267.5,56.9,1473.28, NAN, NAN, NAN, NAN,,2024/04/10 07:00:48.360,2024-04-10 07:00:48.360000+00:00
2024/04/10, 07:01:48.360,40.608,-70.883, NAN,0.1,357.69,10.95,7.0,7.0,1017.3,1017.3,0.0,0.0,0.03,0.01,53,46,7.7,9.7,87.5,87.5,6.4,7.3,99.0,81.3,1019.4,1019.4,-6.53,294.59,-0.02,31.9473,6.5609,270.2,56.8,1473.2, NAN, NAN, NAN, NAN,,2024/04/10 07:01:48.360,2024-04-10 07:01:48.360000+00:00
2024/04/10, 07:02:48.360,40.611,-70.883, NAN,0.03,356.69,10.98,7.0,7.0,1017.3,1017.3,0.0,0.0,0.03,0.01,53,46,7.6,9.6,87.6,87.5,6.4,7.2,99.6,81.8,1019.4,1019.4,-6.38,294.66,-0.03,31.9393,6.5363,266.8,56.9,1473.093, NAN, NAN, NAN, NAN,,2024/04/10 07:02:48.360,2024-04-10 07:02:48.360000+00:00
2024/04/10, 07:03:48.360,40.614,-70.883, NAN,359.99,357.27,11.0,7.0,7.0,1017.4,1017.4,0.0,0.0,0.03,0.01,54,46,7.6,9.6,87.9,87.6,6.5,7.2,100.5,81.9,1019.5,1019.5,-6.48,294.93,-0.03,31.9305,6.5399,262.2,56.8,1473.096, NAN, NAN, NAN, NAN,,2024/04/10 07:03:48.360,2024-04-10 07:03:48.360000+00:00
2024/04/10, 07:04:48.360,40.617,-70.883, NAN,359.68,357.72,10.92,7.0,7.0,1017.3,1017.4,0.0,0.0,0.03,0.01,51,45,7.7,9.7,88.1,87.9,6.2,7.1,96.8,79.6,1019.4,1019.5,-6.5,294.96,-0.02,31.9231,6.5444,261.7,56.8,1473.105, NAN, NAN, NAN, NAN,,2024/04/10 07:04:48.360,2024-04-10 07:04:48.360000+00:00
2024/04/10, 07:05:48.360,40.62,-70.883, NAN,359.24,358.08,10.94,7.0,7.0,1017.4,1017.4,0.0,0.0,0.03,0.01,52,45,7.6,9.5,88.4,88.4,6.2,6.9,98.0,80.1,1019.5,1019.5,-6.46,295.33,-0.03,31.9156,6.5584,258.4,56.6,1473.15, NAN, NAN, NAN, NAN,,2024/04/10 07:05:48.360,2024-04-10 07:05:48.360000+00:00
2024/04/10, 07:06:48.360,40.623,-70.883, NAN,359.82,358.48,11.01,7.0,7.0,1017.4,1017.3,0.0,0.0,0.03,0.01,52,45,7.5,9.5,88.6,88.6,6.1,6.9,99.6,81.0,1019.5,1019.4,-6.42,295.68,-0.02,31.9107,6.5707,255.5,56.8,1473.193, NAN, NAN, NAN, NAN,,2024/04/10 07:06:48.360,2024-04-10 07:06:48.360000+00:00
2024/04/10, 07:07:48.360,40.626,-70.883, NAN,359.68,0.72,11.03,7.0,7.0,1017.4,1017.3,0.0,0.0,0.03,0.01,53,46,7.6,9.4,88.9,88.6,6.2,6.8,99.9,82.4,1019.5,1019.4,-6.47,296.23,-0.03,31.9054,6.5563,252.4,56.7,1473.129, NAN, NAN, NAN, NAN,,2024/04/10 07:07:48.360,2024-04-10 07:07:48.360000+00:00
2024/04/10, 07:08:48.360,40.629,-70.884, NAN,359.66,358.18,11.01,6.9,7.0,1017.3,1017.4,0.0,0.0,0.03,0.01,53,45,7.2,9.2,89.2,89.2,6.1,6.7,102.3,82.4,1019.4,1019.5,-6.49,296.95,-0.03,31.9016,6.5008,250.0,56.8,1472.905, NAN, NAN, NAN, NAN,,2024/04/10 07:08:48.360,2024-04-10 07:08:48.360000+00:00
2024/04/10, 07:09:48.360,40.632,-70.884, NAN,359.52,359.2,10.96,6.9,7.0,1017.4,1017.3,0.0,0.0,0.03,0.01,54,47,7.4,9.3,89.4,89.4,6.2,6.9,101.5,83.6,1019.5,1019.4,-6.43,297.51,-0.02,31.9013,6.4478,247.6,56.7,1472.696, NAN, NAN, NAN, NAN,,2024/04/10 07:09:48.360,2024-04-10 07:09:48.360000+00:00
2024/04/10, 07:10:48.360,40.635,-70.884, NAN,359.56,358.98,11.01,6.9,6.9,1017.3,1017.3,0.0,0.0,0.03,0.01,54,47,7.6,9.5,89.4,89.7,6.4,7.1,100.3,82.9,1019.4,1019.4,-6.51,297.91,-0.02,31.8937,6.4174,246.4,56.9,1472.566, NAN, NAN, NAN, NAN,,2024/04/10 07:10:48.360,2024-04-10 07:10:48.360000+00:00
2024/04/10, 07:11:48.360,40.638,-70.884, NAN,359.49,359.07,11.06,6.9,6.9,1017.4,1017.4,0.0,0.0,0.03,0.01,54,47,7.5,9.3,89.7,89.8,6.3,6.9,101.2,84.0,1019.5,1019.5,-6.44,298.02,-0.03,31.8918,6.4051,246.7,56.8,1472.515, NAN, NAN, NAN, NAN,,2024/04/10 07:11:48.360,2024-04-10 07:11:48.360000+00:00
2024/04/10, 07:12:48.360,40.641,-70.884, NAN,359.31,358.37,11.04,6.9,6.9,1017.3,1017.3,0.0,0.0,0.03,0.01,54,48,7.7,9.6,90.0,90.2,6.4,7.3,99.6,83.4,1019.4,1019.4,-6.47,298.65,-0.03,31.8891,6.3957,246.4,56.6,1472.474, NAN, NAN, NAN, NAN,,2024/04/10 07:12:48.360,2024-04-10 07:12:48.360000+00:00
2024/04/10, 07:13:48.361,40.644,-70.884, NAN,0.16,357.14,11.04,6.9,6.9,1017.3,1017.3,0.0,0.0,0.03,0.01,57,49,7.7,9.6,90.5,90.5,6.8,7.5,102.6,85.4,1019.4,1019.4,-6.43,298.88,-0.02,31.8902,6.4085,246.4,56.6,1472.526, NAN, NAN, NAN, NAN,,2024/04/10 07:13:48.361,2024-04-10 07:13:48.361000+00:00
2024/04/10, 07:14:48.361,40.647,-70.884, NAN,359.74,357.42,11.08,6.9,6.9,1017.2,1017.4,0.0,0.0,0.03,0.01,56,48,7.7,9.8,90.8,90.8,6.7,7.5,101.7,83.1,1019.3,1019.5,-6.4,299.97,-0.03,31.8884,6.4337,248.8,56.6,1472.624, NAN, NAN, NAN, NAN,,2024/04/10 07:14:48.361,2024-04-10 07:14:48.361000+00:00
2024/04/10, 07:15:48.361,40.65,-70.884, NAN,359.88,357.96,11.09,6.9,6.9,1017.4,1017.4,0.0,0.0,0.03,0.01,57,50,7.8,9.5,90.8,91.1,6.8,7.4,102.1,86.7,1019.5,1019.5,-6.38,300.54,-0.03,31.8944,6.4709,248.8,56.7,1472.778, NAN, NAN, NAN, NAN,,2024/04/10 07:15:48.361,2024-04-10 07:15:48.361000+00:00
2024/04/10, 07:16:48.361,40.654,-70.884, NAN,0.44,356.7,11.1,6.8,6.9,1017.4,1017.4,0.0,0.0,0.03,0.01,57,50,7.8,9.6,91.3,91.4,7.0,7.6,102.5,86.9,1019.5,1019.5,-6.4,301.68,-0.02,31.8936,6.5081,248.8,56.7,1472.924, NAN, NAN, NAN, NAN,,2024/04/10 07:16:48.361,2024-04-10 07:16:48.361000+00:00
2024/04/10, 07:17:48.361,40.657,-70.885, NAN,359.84,357.87,11.06,6.8,6.9,1017.4,1017.4,0.0,0.0,0.03,0.01,58,50,7.8,9.8,91.6,91.5,7.0,7.7,102.7,85.2,1019.5,1019.5,-6.44,302.83,-0.02,31.8954,6.5338,252.1,56.8,1473.028, NAN, NAN, NAN, NAN,,2024/04/10 07:17:48.361,2024-04-10 07:17:48.361000+00:00
2024/04/10, 07:18:48.361,40.66,-70.885, NAN,359.36,0.66,11.06,6.8,6.9,1017.4,1017.3,0.0,0.0,0.03,0.01,57,50,7.7,9.6,91.6,91.7,6.5,7.3,102.5,85.5,1019.5,1019.4,-6.4,304.2,-0.02,31.8985,6.5623,253.7,56.7,1473.144, NAN, NAN, NAN, NAN,,2024/04/10 07:18:48.361,2024-04-10 07:18:48.361000+00:00
2024/04/10, 07:19:48.361,40.663,-70.885, NAN,0.0,358.92,11.02,6.8,6.8,1017.4,1017.4,0.0,0.0,0.03,0.01,58,51,7.9,9.7,91.8,91.8,7.0,7.7,102.2,86.7,1019.5,1019.5,-6.35,304.93,-0.02,31.8976,6.5841,254.0,56.6,1473.229, NAN, NAN, NAN, NAN,,2024/04/10 07:19:48.361,2024-04-10 07:19:48.361000+00:00
2024/04/10, 07:20:48.361,40.666,-70.885, NAN,359.43,359.38,10.97,6.8,6.8,1017.4,1017.4,0.0,0.0,0.03,0.01,58,50,7.5,9.3,91.9,91.9,6.6,7.2,104.0,86.7,1019.5,1019.5,-6.31,305.46,-0.02,31.9042,6.5927,255.5,56.6,1473.271, NAN, NAN, NAN, NAN,,2024/04/10 07:20:48.361,2024-04-10 07:20:48.361000+00:00
2024/04/10, 07:21:48.361,40.669,-70.885, NAN,359.74,359.66,11.1,6.8,6.8,1017.4,1017.5,0.0,0.0,0.03,0.01,57,50,7.9,9.7,92.0,92.0,6.8,7.5,101.6,85.7,1019.5,1019.6,-6.3,305.68,-0.02,31.9069,6.5919,258.4,56.6,1473.271, NAN, NAN, NAN, NAN,,2024/04/10 07:21:48.361,2024-04-10 07:21:48.361000+00:00
2024/04/10, 07:22:48.361,40.672,-70.885, NAN,0.18,358.22,11.04,6.8,6.8,1017.4,1017.5,0.0,0.0,0.03,0.01,58,50,8.1,9.9,92.1,92.0,7.2,7.8,101.3,85.1,1019.5,1019.6,-6.3,305.62,-0.02,31.909,6.5897,259.5,56.5,1473.265, NAN, NAN, NAN, NAN,,2024/04/10 07:22:48.361,2024-04-10 07:22:48.361000+00:00
2024/04/10, 07:23:48.361,40.675,-70.885, NAN,359.9,0.2,11.01,6.8,6.8,1017.4,1017.4,0.0,0.0,0.03,0.01,61,53,7.6,9.2,92.2,92.2,6.9,7.3,106.5,90.9,1019.5,1019.5,-6.33,305.58,-0.02,31.912,6.5884,257.4,56.5,1473.264, NAN, NAN, NAN, NAN,,2024/04/10 07:23:48.361,2024-04-10 07:23:48.361000+00:00
2024/04/10, 07:24:48.361,40.678,-70.885, NAN,359.47,358.89,11.08,6.8,6.8,1017.4,1017.4,0.0,0.0,0.03,0.01,59,52,7.5,9.0,92.1,92.2,6.7,7.1,105.3,90.7,1019.5,1019.5,-6.38,304.85,-0.02,31.9138,6.5858,256.1,56.8,1473.256, NAN, NAN, NAN, NAN,,2024/04/10 07:24:48.361,2024-04-10 07:24:48.361000+00:00
2024/04/10, 07:25:48.361,40.681,-70.885, NAN,359.85,357.92,11.08,6.8,6.8,1017.5,1017.5,0.0,0.0,0.03,0.01,57,50,7.6,9.5,92.1,92.1,6.7,7.4,103.3,86.7,1019.6,1019.6,-6.33,304.06,-0.02,31.917,6.578,256.1,56.7,1473.229, NAN, NAN, NAN, NAN,,2024/04/10 07:25:48.361,2024-04-10 07:25:48.361000+00:00
2024/04/10, 07:26:48.361,40.684,-70.885, NAN,359.65,0.06,11.12,6.8,6.8,1017.4,1017.5,0.0,0.0,0.03,0.01,57,50,7.4,9.3,92.0,92.0,6.4,7.1,104.8,87.5,1019.5,1019.6,-6.33,303.18,-0.03,31.9193,6.5535,255.2,56.8,1473.136, NAN, NAN, NAN, NAN,,2024/04/10 07:26:48.361,2024-04-10 07:26:48.361000+00:00
2024/04/10, 07:27:48.361,40.687,-70.885, NAN,359.0,358.59,11.11,6.8,6.8,1017.4,1017.4,0.0,0.0,0.03,0.01,58,50,7.4,9.2,92.0,92.0,6.6,7.1,104.8,87.4,1019.5,1019.5,-6.3,302.86,-0.02,31.9209,6.5145,253.1,56.9,1472.984, NAN, NAN, NAN, NAN,,2024/04/10 07:27:48.361,2024-04-10 07:27:48.361000+00:00
2024/04/10, 07:28:48.361,40.69,-70.885, NAN,0.3,356.2,11.03,6.8,6.8,1017.4,1017.4,0.0,0.0,0.03,0.01,59,52,7.2,9.1,92.1,92.1,6.8,7.5,107.1,90.7,1019.5,1019.5,-6.3,303.01,-0.03,31.9261,6.5043,249.1,56.6,1472.95, NAN, NAN, NAN, NAN,,2024/04/10 07:28:48.361,2024-04-10 07:28:48.361000+00:00
2024/04/10, 07:29:48.362,40.693,-70.885, NAN,359.82,357.73,10.92,6.8,6.8,1017.4,1017.4,0.0,0.0,0.03,0.01,61,53,7.2,9.0,92.1,92.2,6.8,7.4,107.9,91.3,1019.5,1019.5,-6.36,303.27,-0.03,31.9254,6.5286,245.4,56.4,1473.045, NAN, NAN, NAN, NAN,,2024/04/10 07:29:48.362,2024-04-10 07:29:48.362000+00:00
2024/04/10, 07:30:48.362,40.696,-70.886, NAN,359.77,358.94,11.02,6.8,6.8,1017.4,1017.4,0.0,0.0,0.03,0.01,60,52,7.2,8.8,92.2,92.3,6.6,7.0,108.0,91.8,1019.5,1019.5,-6.33,303.53,-0.03,31.9269,6.5721,231.2,56.7,1473.219, NAN, NAN, NAN, NAN,,2024/04/10 07:30:48.362,2024-04-10 07:30:48.362000+00:00
2024/04/10, 07:31:48.362,40.7,-70.886, NAN,0.01,359.76,11.07,6.8,6.8,1017.4,1017.4,0.0,0.0,0.03,0.01,60,52,7.4,9.2,92.2,92.3,6.8,7.3,107.0,90.2,1019.5,1019.5,-6.35,303.48,-0.02,31.9214,6.5766,217.6,56.8,1473.229, NAN, NAN, NAN, NAN,,2024/04/10 07:31:48.362,2024-04-10 07:31:48.362000+00:00
2024/04/10, 07:32:48.362,40.703,-70.886, NAN,0.26,359.56,10.89,6.7,6.8,1017.4,1017.4,0.0,0.0,0.03,0.01,61,53,7.7,9.2,92.3,92.4,7.1,7.4,105.6,90.7,1019.5,1019.5,-6.3,303.43,-0.02,31.9181,6.53,210.2,56.8,1473.041, NAN, NAN, NAN, NAN,,2024/04/10 07:32:48.362,2024-04-10 07:32:48.362000+00:00
2024/04/10, 07:33:48.362,40.706,-70.886, NAN,1.44,358.75,10.87,6.7,6.8,1017.4,1017.4,0.0,0.0,0.03,0.01,62,54,7.4,9.1,92.4,92.4,7.1,7.6,108.8,93.2,1019.5,1019.5,-6.4,303.42,-0.02,31.9093,6.511,205.0,56.8,1472.955, NAN, NAN, NAN, NAN,,2024/04/10 07:33:48.362,2024-04-10 07:33:48.362000+00:00
2024/04/10, 07:34:48.362,40.709,-70.886, NAN,1.06,0.4,10.94,6.7,6.8,1017.4,1017.4,0.0,0.0,0.03,0.01,62,52,7.8,9.4,92.5,92.6,7.3,7.5,106.7,89.8,1019.5,1019.5,-6.33,303.25,-0.03,31.8971,6.5288,197.4,56.8,1473.01, NAN, NAN, NAN, NAN,,2024/04/10 07:34:48.362,2024-04-10 07:34:48.362000+00:00
2024/04/10, 07:35:48.362,40.712,-70.886, NAN,0.79,0.1,10.85,6.7,6.8,1017.4,1017.4,0.0,0.0,0.03,0.01,60,52,7.5,9.4,92.6,92.7,6.9,7.5,106.2,89.2,1019.5,1019.5,-6.38,303.15,-0.03,31.8881,6.5687,193.7,57.0,1473.156, NAN, NAN, NAN, NAN,,2024/04/10 07:35:48.362,2024-04-10 07:35:48.362000+00:00
2024/04/10, 07:36:48.362,40.715,-70.886, NAN,1.33,1.37,10.98,6.7,6.8,1017.4,1017.4,0.0,0.0,0.03,0.01,60,52,7.5,9.0,92.7,92.8,6.8,7.2,107.4,92.1,1019.5,1019.5,-6.39,303.45,-0.03,31.8848,6.5714,188.5,56.8,1473.163, NAN, NAN, NAN, NAN,,2024/04/10 07:36:48.362,2024-04-10 07:36:48.362000+00:00
2024/04/10, 07:37:48.362,40.718,-70.886, NAN,1.16,359.18,11.0,6.7,6.8,1017.4,1017.4,0.0,0.0,0.03,0.01,60,53,7.6,9.2,92.6,92.7,7.0,7.5,106.4,92.0,1019.5,1019.5,-6.39,303.82,-0.02,31.8738,6.5355,183.6,57.0,1473.008, NAN, NAN, NAN, NAN,,2024/04/10 07:37:48.362,2024-04-10 07:37:48.362000+00:00
2024/04/10, 07:38:48.362,40.721,-70.886, NAN,0.82,0.09,10.86,6.7,6.8,1017.4,1017.4,0.0,0.0,0.03,0.01,62,54,7.9,9.6,92.7,92.7,7.3,7.9,105.7,90.4,1019.5,1019.5,-6.33,304.49,-0.03,31.863,6.5202,181.2,57.0,1472.934, NAN, NAN, NAN, NAN,,2024/04/10 07:38:48.362,2024-04-10 07:38:48.362000+00:00
2024/04/10, 07:39:48.362,40.724,-70.886, NAN,1.44,357.42,10.99,6.7,6.7,1017.4,1017.4,0.0,0.0,0.03,0.01,66,56,8.0,8.8,92.6,92.7,8.0,7.6,108.8,96.8,1019.5,1019.5,-6.39,305.14,-0.02,31.8514,6.506,175.7,56.9,1472.863, NAN, NAN, NAN, NAN,,2024/04/10 07:39:48.362,2024-04-10 07:39:48.362000+00:00
2024/04/10, 07:40:48.362,40.727,-70.886, NAN,1.44,357.17,11.08,6.7,6.7,1017.4,1017.4,0.0,0.0,0.03,0.01,65,54,8.6,9.4,92.5,92.5,8.4,7.9,105.6,92.6,1019.5,1019.5,-6.32,305.36,-0.02,31.8441,6.498,173.3,56.8,1472.822, NAN, NAN, NAN, NAN,,2024/04/10 07:40:48.362,2024-04-10 07:40:48.362000+00:00
2024/04/10, 07:41:48.362,40.73,-70.886, NAN,0.89,357.92,10.89,6.7,6.8,1017.4,1017.4,0.0,0.0,0.03,0.01,64,55,8.1,9.3,92.2,92.3,7.8,7.8,106.1,92.8,1019.5,1019.5,-6.3,305.12,-0.02,31.8372,6.4979,172.0,57.0,1472.813, NAN, NAN, NAN, NAN,,2024/04/10 07:41:48.362,2024-04-10 07:41:48.362000+00:00
2024/04/10, 07:42:48.362,40.733,-70.886, NAN,1.73,358.2,10.92,6.7,6.8,1017.4,1017.4,0.0,0.0,0.03,0.01,63,54,8.5,9.8,91.8,92.0,8.1,8.2,104.2,90.6,1019.5,1019.5,-6.29,304.85,-0.02,31.8294,6.5099,170.5,56.8,1472.851, NAN, NAN, NAN, NAN,,2024/04/10 07:42:48.362,2024-04-10 07:42:48.362000+00:00
2024/04/10, 07:43:48.362,40.736,-70.886, NAN,0.97,358.42,10.94,6.7,6.8,1017.5,1017.4,0.0,0.0,0.03,0.01,59,51,7.8,9.4,91.8,91.8,7.1,7.5,104.0,88.7,1019.6,1019.5,-6.26,304.63,-0.03,31.8237,6.5492,170.5,56.9,1472.999, NAN, NAN, NAN, NAN,,2024/04/10 07:43:48.362,2024-04-10 07:43:48.362000+00:00
2024/04/10, 07:44:48.362,40.739,-70.886, NAN,1.46,0.33,10.93,6.8,6.8,1017.4,1017.4,0.0,0.0,0.03,0.01,59,52,7.9,9.9,91.8,91.8,7.1,7.9,104.1,88.0,1019.5,1019.5,-6.3,304.58,-0.02,31.8077,6.576,171.5,56.8,1473.084, NAN, NAN, NAN, NAN,,2024/04/10 07:44:48.362,2024-04-10 07:44:48.362000+00:00
2024/04/10, 07:45:48.363,40.742,-70.886, NAN,0.71,359.5,10.89,6.8,6.8,1017.4,1017.4,0.0,0.0,0.03,0.01,59,51,7.8,9.6,91.8,91.8,7.0,7.6,103.8,87.3,1019.5,1019.5,-6.3,305.11,-0.02,31.7934,6.5278,170.8,57.0,1472.876, NAN, NAN, NAN, NAN,,2024/04/10 07:45:48.363,2024-04-10 07:45:48.363000+00:00
2024/04/10, 07:46:48.363,40.745,-70.886, NAN,1.05,355.27,10.86,6.7,6.8,1017.4,1017.4,0.0,0.0,0.03,0.01,61,53,8.2,10.0,91.7,91.8,7.7,8.4,102.9,88.0,1019.5,1019.5,-6.29,305.86,-0.02,31.7762,6.4457,171.8,56.8,1472.53, NAN, NAN, NAN, NAN,,2024/04/10 07:46:48.363,2024-04-10 07:46:48.363000+00:00
2024/04/10, 07:47:48.363,40.748,-70.886, NAN,1.04,358.1,10.82,6.7,6.8,1017.4,1017.5,0.0,0.0,0.03,0.01,61,52,8.4,9.7,91.6,91.7,7.8,7.9,102.0,88.0,1019.5,1019.6,-6.32,306.51,-0.02,31.7615,6.4192,171.2,57.0,1472.407, NAN, NAN, NAN, NAN,,2024/04/10 07:47:48.363,2024-04-10 07:47:48.363000+00:00
2024/04/10, 07:48:48.363,40.751,-70.887, NAN,1.3,359.34,10.82,6.7,6.8,1017.4,1017.4,0.0,0.0,0.03,0.01,61,51,8.6,10.0,91.6,91.7,7.8,8.0,101.5,86.0,1019.5,1019.5,-6.29,307.11,-0.01,31.7458,6.4028,178.2,56.8,1472.322, NAN, NAN, NAN, NAN,,2024/04/10 07:48:48.363,2024-04-10 07:48:48.363000+00:00
2024/04/10, 07:49:48.363,40.754,-70.887, NAN,1.03,358.07,10.78,6.7,6.7,1017.5,1017.4,0.0,0.0,0.03,0.01,59,52,8.1,10.0,91.6,91.7,7.3,8.1,101.8,86.7,1019.6,1019.5,-6.26,307.68,-0.02,31.7313,6.4018,191.0,56.8,1472.3, NAN, NAN, NAN, NAN,,2024/04/10 07:49:48.363,2024-04-10 07:49:48.363000+00:00
2024/04/10, 07:50:48.363,40.757,-70.887, NAN,1.04,359.34,10.78,6.7,6.7,1017.5,1017.5,0.0,0.0,0.03,0.01,60,55,8.2,10.0,91.6,91.6,7.4,8.4,102.2,89.7,1019.6,1019.6,-6.25,307.49,-0.02,31.7177,6.4128,201.1,57.0,1472.326, NAN, NAN, NAN, NAN,,2024/04/10 07:50:48.363,2024-04-10 07:50:48.363000+00:00
2024/04/10, 07:51:48.363,40.76,-70.887, NAN,1.1,0.76,10.81,6.7,6.7,1017.4,1017.3,0.0,0.0,0.03,0.01,62,53,8.1,9.5,91.4,91.4,7.4,7.7,104.7,89.9,1019.5,1019.4,-6.36,307.1,-0.02,31.7012,6.433,216.9,56.8,1472.386, NAN, NAN, NAN, NAN,,2024/04/10 07:51:48.363,2024-04-10 07:51:48.363000+00:00
2024/04/10, 07:52:48.363,40.763,-70.887, NAN,1.14,359.86,10.89,6.7,6.7,1017.4,1017.4,0.0,0.0,0.03,0.01,66,54,9.0,9.7,91.2,91.3,8.6,8.0,104.2,90.4,1019.5,1019.5,-6.24,306.65,-0.02,31.6853,6.4417,238.4,56.8,1472.4, NAN, NAN, NAN, NAN,,2024/04/10 07:52:48.363,2024-04-10 07:52:48.363000+00:00
2024/04/10, 07:53:48.363,40.766,-70.887, NAN,1.18,358.92,10.94,6.7,6.7,1017.4,1017.4,0.0,0.0,0.03,0.01,64,56,8.2,9.7,90.9,91.0,7.9,8.3,106.1,92.5,1019.5,1019.5,-6.26,305.63,-0.02,31.6725,6.3507,250.0,56.7,1472.023, NAN, NAN, NAN, NAN,,2024/04/10 07:53:48.363,2024-04-10 07:53:48.363000+00:00
2024/04/10, 07:54:48.363,40.769,-70.887, NAN,1.24,0.84,10.91,6.7,6.7,1017.4,1017.4,0.0,0.0,0.03,0.01,64,54,8.7,10.1,90.7,90.8,8.1,8.3,104.0,89.0,1019.5,1019.5,-6.16,304.83,-0.02,31.6584,6.2516,255.0,56.9,1471.612, NAN, NAN, NAN, NAN,,2024/04/10 07:54:48.363,2024-04-10 07:54:48.363000+00:00
2024/04/10, 07:55:48.363,40.772,-70.887, NAN,1.88,0.77,10.87,6.7,6.7,1017.3,1017.4,0.0,0.0,0.03,0.01,65,55,9.2,10.1,90.4,90.5,8.6,8.4,103.3,90.5,1019.4,1019.5,-6.27,303.92,-0.02,31.6427,6.2182,265.1,56.7,1471.459, NAN, NAN, NAN, NAN,,2024/04/10 07:55:48.363,2024-04-10 07:55:48.363000+00:00
2024/04/10, 07:56:48.363,40.775,-70.887, NAN,2.1,2.31,10.85,6.7,6.8,1017.4,1017.4,0.0,0.0,0.03,0.01,59,53,8.4,9.9,90.2,90.3,7.4,8.0,101.9,89.4,1019.5,1019.5,-6.26,303.16,-0.02,31.6225,6.2045,278.2,56.2,1471.379, NAN, NAN, NAN, NAN,,2024/04/10 07:56:48.363,2024-04-10 07:56:48.363000+00:00
2024/04/10, 07:57:48.363,40.778,-70.887, NAN,1.98,359.3,10.84,6.7,6.8,1017.4,1017.5,0.0,0.0,0.03,0.01,58,51,8.5,10.4,89.9,89.9,7.5,8.4,100.1,85.3,1019.5,1019.6,-6.27,302.34,-0.02,31.6125,6.2094,291.3,56.6,1471.386, NAN, NAN, NAN, NAN,,2024/04/10 07:57:48.363,2024-04-10 07:57:48.363000+00:00
2024/04/10, 07:58:48.363,40.781,-70.887, NAN,1.72,1.28,10.76,6.7,6.8,1017.5,1017.5,0.0,0.0,0.03,0.01,58,50,8.3,10.2,89.6,89.7,7.2,8.0,100.8,84.3,1019.6,1019.6,-6.26,301.58,-0.02,31.6025,6.2318,300.1,56.2,1471.463, NAN, NAN, NAN, NAN,,2024/04/10 07:58:48.363,2024-04-10 07:58:48.363000+00:00
2024/04/10, 07:59:48.363,40.784,-70.887, NAN,1.53,1.27,10.77,6.7,6.8,1017.6,1017.6,0.0,0.0,0.03,0.01,58,50,8.4,10.1,89.6,89.6,7.3,7.9,100.1,84.5,1019.7,1019.7,-6.27,301.37,-0.02,31.5972,6.2784,293.4,56.1,1471.642, NAN, NAN, NAN, NAN,,2024/04/10 07:59:48.363,2024-04-10 07:59:48.363000+00:00
2024/04/10, 08:00:48.363,40.787,-70.887, NAN,1.67,359.55,10.79,6.7,6.8,1017.6,1017.5,0.0,0.0,0.03,0.01,59,52,8.2,9.8,89.8,89.8,7.3,7.9,102.1,88.1,1019.7,1019.6,-6.31,301.33,-0.02,31.5914,6.3287,295.8,56.3,1471.834, NAN, NAN, NAN, NAN,,2024/04/10 08:00:48.363,2024-04-10 08:00:48.363000+00:00
2024/04/10, 08:01:48.364,40.79,-70.887, NAN,2.33,0.17,10.78,6.7,6.8,1017.6,1017.6,0.0,0.0,0.03,0.01,60,54,8.5,10.0,89.9,89.9,7.6,8.3,102.0,90.0,1019.7,1019.7,-6.26,301.32,-0.02,31.5874,6.4005,301.1,56.1,1472.114, NAN, NAN, NAN, NAN,,2024/04/10 08:01:48.364,2024-04-10 08:01:48.364000+00:00
2024/04/10, 08:02:48.364,40.793,-70.887, NAN,1.89,1.61,10.77,6.7,6.8,1017.6,1017.6,0.0,0.0,0.03,0.01,60,52,8.5,10.2,89.9,89.9,7.6,8.2,101.7,86.7,1019.7,1019.7,-6.25,301.25,-0.02,31.5814,6.5123,298.0,56.6,1472.549, NAN, NAN, NAN, NAN,,2024/04/10 08:02:48.364,2024-04-10 08:02:48.364000+00:00
2024/04/10, 08:03:48.364,40.796,-70.887, NAN,2.07,359.1,10.84,6.7,6.8,1017.6,1017.6,0.0,0.0,0.03,0.01,58,52,8.4,10.1,89.9,89.9,7.4,8.2,100.7,87.5,1019.7,1019.7,-6.27,300.72,-0.02,31.574,6.5999,297.7,56.3,1472.886, NAN, NAN, NAN, NAN,,2024/04/10 08:03:48.364,2024-04-10 08:03:48.364000+00:00
2024/04/10, 08:04:48.364,40.799,-70.887, NAN,1.9,0.17,10.86,6.7,6.7,1017.6,1017.7,0.0,0.0,0.03,0.01,59,54,8.5,9.7,89.8,89.8,7.5,8.0,101.1,91.0,1019.7,1019.8,-6.27,299.9,-0.02,31.5729,6.6535,298.2,56.7,1473.095, NAN, NAN, NAN, NAN,,2024/04/10 08:04:48.364,2024-04-10 08:04:48.364000+00:00
2024/04/10, 08:05:48.364,40.802,-70.887, NAN,1.78,1.27,10.79,6.7,6.7,1017.6,1017.6,0.0,0.0,0.03,0.01,62,54,9.0,10.4,89.8,89.8,8.1,8.5,101.1,88.0,1019.7,1019.7,-6.31,299.2,-0.02,31.5722,6.6655,296.1,56.8,1473.142, NAN, NAN, NAN, NAN,,2024/04/10 08:05:48.364,2024-04-10 08:05:48.364000+00:00
2024/04/10, 08:06:48.364,40.805,-70.887, NAN,2.04,1.66,10.91,6.7,6.7,1017.6,1017.6,0.0,0.0,0.03,0.01,62,55,9.0,10.2,89.7,89.7,8.2,8.5,101.8,90.4,1019.7,1019.7,-6.26,299.1,-0.02,31.5693,6.6476,293.7,56.7,1473.068, NAN, NAN, NAN, NAN,,2024/04/10 08:06:48.364,2024-04-10 08:06:48.364000+00:00
2024/04/10, 08:07:48.364,40.808,-70.887, NAN,2.25,359.08,10.81,6.7,6.7,1017.6,1017.6,0.0,0.0,0.03,0.01,65,56,9.7,10.2,89.7,89.6,9.2,8.7,101.4,91.2,1019.7,1019.7,-6.24,299.46,-0.01,31.5613,6.5391,291.8,56.6,1472.63, NAN, NAN, NAN, NAN,,2024/04/10 08:07:48.364,2024-04-10 08:07:48.364000+00:00
2024/04/10, 08:08:48.364,40.811,-70.887, NAN,2.08,358.87,10.96,6.7,6.7,1017.7,1017.7,0.0,0.0,0.03,0.01,64,56,9.0,10.4,89.6,89.6,8.5,8.9,103.5,90.9,1019.8,1019.8,-6.26,299.83,-0.02,31.5576,6.4576,292.4,56.9,1472.303, NAN, NAN, NAN, NAN,,2024/04/10 08:08:48.364,2024-04-10 08:08:48.364000+00:00
2024/04/10, 08:09:48.364,40.814,-70.887, NAN,1.52,359.46,10.96,6.7,6.7,1017.7,1017.7,0.0,0.0,0.03,0.01,66,56,9.5,10.3,89.6,89.6,9.0,8.7,102.8,90.7,1019.8,1019.8,-6.17,300.29,-0.02,31.5496,6.4116,295.2,56.9,1472.11, NAN, NAN, NAN, NAN,,2024/04/10 08:09:48.364,2024-04-10 08:09:48.364000+00:00
2024/04/10, 08:10:48.364,40.817,-70.887, NAN,2.27,1.23,10.84,6.7,6.7,1017.6,1017.7,0.0,0.0,0.03,0.01,66,55,9.6,10.3,89.6,89.6,9.1,8.6,102.8,90.0,1019.7,1019.8,-6.24,300.59,-0.03,31.5429,6.3753,285.7,56.8,1471.958, NAN, NAN, NAN, NAN,,2024/04/10 08:10:48.364,2024-04-10 08:10:48.364000+00:00
2024/04/10, 08:11:48.364,40.82,-70.887, NAN,2.46,358.65,10.89,6.7,6.7,1017.6,1017.6,0.0,0.0,0.03,0.01,66,56,8.9,9.8,89.4,89.5,8.6,8.4,105.6,93.2,1019.7,1019.7,-6.18,301.16,-0.02,31.54,6.3361,290.7,56.6,1471.799, NAN, NAN, NAN, NAN,,2024/04/10 08:11:48.364,2024-04-10 08:11:48.364000+00:00
2024/04/10, 08:12:48.364,40.823,-70.887, NAN,2.14,0.33,10.62,6.7,6.7,1017.6,1017.6,0.0,0.0,0.03,0.01,67,57,8.5,9.2,89.5,89.4,8.3,7.9,107.0,95.4,1019.7,1019.7,-6.26,301.93,-0.02,31.5375,6.316,288.8,56.7,1471.716, NAN, NAN, NAN, NAN,,2024/04/10 08:12:48.364,2024-04-10 08:12:48.364000+00:00
2024/04/10, 08:13:48.364,40.826,-70.887, NAN,2.29,359.37,10.44,6.7,6.7,1017.7,1017.6,0.0,0.0,0.03,0.01,70,62,8.3,9.0,89.5,89.5,8.5,8.3,109.6,100.1,1019.8,1019.7,-6.24,302.99,-0.03,31.5355,6.2872,283.3,56.5,1471.599, NAN, NAN, NAN, NAN,,2024/04/10 08:13:48.364,2024-04-10 08:13:48.364000+00:00
2024/04/10, 08:14:48.364,40.829,-70.887, NAN,1.34,359.92,10.39,6.7,6.7,1017.6,1017.6,0.0,0.0,0.03,0.01,69,60,8.5,8.7,89.4,89.4,8.4,7.7,107.2,98.7,1019.7,1019.7,-6.19,304.37,-0.02,31.5351,6.2694,284.9,56.5,1471.528, NAN, NAN, NAN, NAN,,2024/04/10 08:14:48.364,2024-04-10 08:14:48.364000+00:00
2024/04/10, 08:15:48.364,40.832,-70.887, NAN,1.84,359.07,10.39,6.7,6.7,1017.7,1017.7,0.0,0.0,0.03,0.01,70,60,8.9,9.4,89.6,89.6,8.9,8.4,106.7,96.2,1019.8,1019.8,-6.18,305.57,-0.02,31.5331,6.2558,285.4,56.5,1471.471, NAN, NAN, NAN, NAN,,2024/04/10 08:15:48.364,2024-04-10 08:15:48.364000+00:00
2024/04/10, 08:16:48.364,40.835,-70.887, NAN,1.55,0.03,10.5,6.6,6.7,1017.7,1017.6,0.0,0.0,0.03,0.01,69,62,8.2,8.9,89.6,89.6,8.2,8.1,109.0,100.2,1019.8,1019.7,-6.32,306.74,-0.02,31.533,6.2382,283.6,56.5,1471.401, NAN, NAN, NAN, NAN,,2024/04/10 08:16:48.364,2024-04-10 08:16:48.364000+00:00
2024/04/10, 08:17:48.364,40.838,-70.887, NAN,1.5,2.24,10.45,6.6,6.7,1017.7,1017.7,0.0,0.0,0.03,0.01,69,63,7.6,8.6,89.7,89.7,7.6,7.8,111.9,102.3,1019.8,1019.8,-6.29,307.33,-0.02,31.533,6.2213,283.3,56.4,1471.334, NAN, NAN, NAN, NAN,,2024/04/10 08:17:48.364,2024-04-10 08:17:48.364000+00:00
2024/04/10, 08:18:48.365,40.841,-70.887, NAN,1.1,358.44,10.43,6.6,6.6,1017.7,1017.7,0.0,0.0,0.03,0.01,69,63,7.9,9.1,89.9,89.8,8.0,8.4,109.5,99.5,1019.8,1019.8,-6.3,308.61,-0.02,31.5331,6.2097,279.6,56.4,1471.288, NAN, NAN, NAN, NAN,,2024/04/10 08:18:48.365,2024-04-10 08:18:48.365000+00:00
2024/04/10, 08:19:48.365,40.844,-70.887, NAN,1.61,356.71,10.45,6.6,6.6,1017.7,1017.7,0.0,0.0,0.03,0.01,71,65,7.9,8.7,90.0,90.0,8.3,8.4,111.3,103.2,1019.8,1019.8,-6.32,309.39,-0.02,31.5334,6.214,280.0,56.5,1471.305, NAN, NAN, NAN, NAN,,2024/04/10 08:19:48.365,2024-04-10 08:19:48.365000+00:00
2024/04/10, 08:20:48.365,40.847,-70.887, NAN,1.05,359.91,10.45,6.6,6.6,1017.7,1017.6,0.0,0.0,0.03,0.01,70,64,7.9,8.9,90.1,90.1,8.0,8.3,110.5,101.3,1019.8,1019.7,-6.27,310.07,-0.03,31.539,6.2116,279.0,56.5,1471.303, NAN, NAN, NAN, NAN,,2024/04/10 08:20:48.365,2024-04-10 08:20:48.365000+00:00
2024/04/10, 08:21:48.365,40.85,-70.887, NAN,1.31,358.13,10.56,6.6,6.6,1017.6,1017.6,0.0,0.0,0.03,0.01,72,66,7.8,9.0,90.1,90.2,8.2,8.6,112.8,103.1,1019.7,1019.7,-6.18,310.43,-0.02,31.5369,6.2085,280.9,56.3,1471.288, NAN, NAN, NAN, NAN,,2024/04/10 08:21:48.365,2024-04-10 08:21:48.365000+00:00
2024/04/10, 08:22:48.365,40.852,-70.887, NAN,0.72,0.37,10.44,6.6,6.6,1017.5,1017.6,0.0,0.0,0.03,0.01,71,64,8.1,9.2,90.3,90.3,8.2,8.5,110.1,99.8,1019.6,1019.7,-6.19,310.46,-0.02,31.5373,6.2082,273.2,56.3,1471.287, NAN, NAN, NAN, NAN,,2024/04/10 08:22:48.365,2024-04-10 08:22:48.365000+00:00
2024/04/10, 08:23:48.365,40.855,-70.887, NAN,0.77,0.53,10.49,6.6,6.6,1017.6,1017.6,0.0,0.0,0.03,0.01,71,65,7.8,8.7,90.5,90.4,8.0,8.1,111.7,102.9,1019.7,1019.7,-6.2,310.0,-0.02,31.5382,6.2194,272.3,56.3,1471.333, NAN, NAN, NAN, NAN,,2024/04/10 08:23:48.365,2024-04-10 08:23:48.365000+00:00
2024/04/10, 08:24:48.365,40.858,-70.887, NAN,2.47,0.9,10.39,6.6,6.6,1017.5,1017.5,0.0,0.0,0.03,0.01,70,65,8.4,9.4,90.5,90.6,8.4,8.7,109.6,101.5,1019.6,1019.6,-6.21,309.81,-0.02,31.5395,6.2493,276.0,56.5,1471.453, NAN, NAN, NAN, NAN,,2024/04/10 08:24:48.365,2024-04-10 08:24:48.365000+00:00
2024/04/10, 08:25:48.365,40.861,-70.887, NAN,1.37,0.79,10.42,6.5,6.6,1017.4,1017.4,0.0,0.0,0.03,0.01,71,64,8.1,9.4,90.6,90.5,8.2,8.6,110.7,99.6,1019.5,1019.5,-6.19,309.09,-0.02,31.5395,6.2698,268.4,56.5,1471.535, NAN, NAN, NAN, NAN,,2024/04/10 08:25:48.365,2024-04-10 08:25:48.365000+00:00
2024/04/10, 08:26:48.365,40.864,-70.887, NAN,1.65,0.25,10.45,6.5,6.5,1017.4,1017.5,0.0,0.0,0.03,0.01,73,68,8.1,9.0,90.6,90.6,8.4,8.7,112.5,104.9,1019.5,1019.6,-6.21,309.04,-0.02,31.5412,6.2644,277.9,56.5,1471.516, NAN, NAN, NAN, NAN,,2024/04/10 08:26:48.365,2024-04-10 08:26:48.365000+00:00
2024/04/10, 08:27:48.365,40.867,-70.887, NAN,2.07,358.15,10.55,6.5,6.5,1017.5,1017.5,0.0,0.0,0.03,0.01,72,68,8.6,9.2,90.8,90.8,8.9,9.0,110.1,104.6,1019.6,1019.6,-6.29,308.53,-0.02,31.5403,6.2388,268.9,56.4,1471.413, NAN, NAN, NAN, NAN,,2024/04/10 08:27:48.365,2024-04-10 08:27:48.365000+00:00
2024/04/10, 08:28:48.365,40.87,-70.887, NAN,1.05,0.15,10.52,6.5,6.5,1017.4,1017.5,0.0,0.0,0.03,0.01,71,65,8.1,9.3,90.8,90.8,8.3,8.7,110.6,100.8,1019.5,1019.6,-6.28,308.11,-0.02,31.5388,6.2298,274.5,56.4,1471.375, NAN, NAN, NAN, NAN,,2024/04/10 08:28:48.365,2024-04-10 08:28:48.365000+00:00
2024/04/10, 08:29:48.365,40.873,-70.887, NAN,1.75,1.02,10.55,6.5,6.5,1017.5,1017.5,0.0,0.0,0.03,0.01,70,64,8.5,9.5,90.6,90.6,8.5,8.8,108.9,100.0,1019.6,1019.6,-6.21,308.06,-0.02,31.5379,6.2263,265.9,56.1,1471.36, NAN, NAN, NAN, NAN,,2024/04/10 08:29:48.365,2024-04-10 08:29:48.365000+00:00
2024/04/10, 08:30:48.365,40.876,-70.887, NAN,2.68,359.72,10.34,6.5,6.5,1017.5,1017.5,0.0,0.0,0.03,0.01,68,63,8.8,9.5,90.6,90.6,8.6,8.7,106.2,99.2,1019.6,1019.6,-6.24,307.87,-0.02,31.5403,6.2255,266.8,56.1,1471.36, NAN, NAN, NAN, NAN,,2024/04/10 08:30:48.365,2024-04-10 08:30:48.365000+00:00
2024/04/10, 08:31:48.365,40.879,-70.887, NAN,2.45,359.52,10.49,6.5,6.5,1017.6,1017.6,0.0,0.0,0.03,0.01,69,62,8.9,10.2,90.6,90.6,8.8,9.3,106.8,96.1,1019.7,1019.7,-6.21,307.79,-0.02,31.5385,6.2287,263.8,56.1,1471.37, NAN, NAN, NAN, NAN,,2024/04/10 08:31:48.365,2024-04-10 08:31:48.365000+00:00
2024/04/10, 08:32:48.365,40.882,-70.887, NAN,2.67,357.29,10.26,6.5,6.5,1017.5,1017.5,0.0,0.0,0.03,0.01,71,65,8.4,9.5,90.3,90.4,8.7,9.1,109.5,100.5,1019.6,1019.6,-6.19,307.8,-0.02,31.5386,6.2244,262.8,56.3,1471.353, NAN, NAN, NAN, NAN,,2024/04/10 08:32:48.365,2024-04-10 08:32:48.365000+00:00
2024/04/10, 08:33:48.365,40.884,-70.887, NAN,3.09,358.83,10.18,6.5,6.5,1017.5,1017.5,0.0,0.0,0.03,0.01,72,66,8.3,9.4,90.3,90.3,8.6,9.0,111.0,102.0,1019.6,1019.6,-6.12,308.1,-0.02,31.536,6.2275,267.2,56.2,1471.362, NAN, NAN, NAN, NAN,,2024/04/10 08:33:48.365,2024-04-10 08:33:48.365000+00:00
2024/04/10, 08:34:48.366,40.887,-70.887, NAN,1.98,0.9,9.98,6.5,6.5,1017.5,1017.5,0.0,0.0,0.03,0.01,73,67,8.5,9.5,90.1,90.1,8.7,9.0,109.8,101.1,1019.6,1019.6,-6.16,309.0,-0.02,31.5352,6.2313,270.2,56.3,1471.376, NAN, NAN, NAN, NAN,,2024/04/10 08:34:48.366,2024-04-10 08:34:48.366000+00:00
2024/04/10, 08:35:48.366,40.89,-70.887, NAN,2.29,357.72,9.99,6.5,6.5,1017.4,1017.5,0.0,0.0,0.03,0.01,73,67,8.0,9.1,90.0,90.1,8.4,8.8,111.7,102.6,1019.5,1019.6,-6.13,309.79,-0.02,31.5345,6.2331,271.5,56.5,1471.383, NAN, NAN, NAN, NAN,,2024/04/10 08:35:48.366,2024-04-10 08:35:48.366000+00:00
2024/04/10, 08:36:48.366,40.893,-70.887, NAN,2.17,1.13,10.01,6.5,6.5,1017.4,1017.4,0.0,0.0,0.03,0.01,74,68,8.1,8.9,90.0,90.1,8.4,8.5,112.5,104.4,1019.5,1019.5,-6.18,309.61,-0.02,31.5347,6.2504,268.6,56.4,1471.452, NAN, NAN, NAN, NAN,,2024/04/10 08:36:48.366,2024-04-10 08:36:48.366000+00:00
2024/04/10, 08:37:48.366,40.896,-70.887, NAN,1.92,0.33,10.01,6.5,6.5,1017.5,1017.4,0.0,0.0,0.03,0.01,71,65,8.0,9.0,90.0,90.0,8.1,8.4,110.2,101.1,1019.6,1019.5,-6.22,309.69,-0.02,31.5342,6.2776,272.6,56.5,1471.559, NAN, NAN, NAN, NAN,,2024/04/10 08:37:48.366,2024-04-10 08:37:48.366000+00:00
2024/04/10, 08:38:48.366,40.898,-70.887, NAN,2.3,359.84,10.06,6.5,6.5,1017.4,1017.4,0.0,0.0,0.03,0.01,74,69,8.6,9.4,90.0,89.9,8.9,9.1,110.7,103.7,1019.5,1019.5,-6.12,309.04,-0.02,31.5349,6.3018,270.5,56.6,1471.656, NAN, NAN, NAN, NAN,,2024/04/10 08:38:48.366,2024-04-10 08:38:48.366000+00:00
2024/04/10, 08:39:48.366,40.901,-70.887, NAN,2.09,359.71,9.99,6.4,6.5,1017.4,1017.4,0.0,0.0,0.03,0.01,74,69,8.2,9.0,89.9,89.9,8.6,8.8,111.6,104.6,1019.5,1019.5,-6.13,308.19,-0.02,31.5334,6.3204,268.1,56.6,1471.728, NAN, NAN, NAN, NAN,,2024/04/10 08:39:48.366,2024-04-10 08:39:48.366000+00:00
2024/04/10, 08:40:48.366,40.904,-70.887, NAN,2.24,0.79,10.12,6.4,6.5,1017.4,1017.4,0.0,0.0,0.03,0.01,73,67,8.2,9.1,89.8,89.9,8.5,8.8,111.4,103.0,1019.5,1019.5,-6.18,307.84,-0.02,31.5338,6.3426,265.6,56.7,1471.817, NAN, NAN, NAN, NAN,,2024/04/10 08:40:48.366,2024-04-10 08:40:48.366000+00:00
2024/04/10, 08:41:48.366,40.907,-70.887, NAN,3.17,357.42,10.06,6.4,6.5,1017.4,1017.4,0.0,0.0,0.03,0.01,75,69,8.5,9.1,90.0,89.9,9.1,9.1,112.2,105.2,1019.5,1019.5,-6.26,307.27,-0.02,31.5277,6.3536,262.2,56.6,1471.853, NAN, NAN, NAN, NAN,,2024/04/10 08:41:48.366,2024-04-10 08:41:48.366000+00:00
2024/04/10, 08:42:48.366,40.909,-70.887, NAN,2.82,0.08,10.05,6.4,6.5,1017.4,1017.4,0.0,0.0,0.03,0.01,74,68,8.8,9.6,89.7,89.7,9.1,9.3,110.3,102.5,1019.5,1019.5,-6.15,306.46,-0.02,31.5326,6.3849,259.5,56.6,1471.983, NAN, NAN, NAN, NAN,,2024/04/10 08:42:48.366,2024-04-10 08:42:48.366000+00:00
2024/04/10, 08:43:48.366,40.912,-70.887, NAN,2.25,358.1,10.1,6.4,6.5,1017.4,1017.4,0.0,0.0,0.03,0.01,72,68,8.3,9.1,89.7,89.8,8.6,8.9,110.0,103.7,1019.5,1019.5,-6.2,305.66,-0.02,31.5305,6.4065,262.2,56.6,1472.066, NAN, NAN, NAN, NAN,,2024/04/10 08:43:48.366,2024-04-10 08:43:48.366000+00:00
2024/04/10, 08:44:48.366,40.915,-70.887, NAN,2.57,0.23,10.11,6.4,6.5,1017.4,1017.4,0.0,0.0,0.03,0.01,76,69,8.1,8.9,89.7,89.7,8.7,8.8,114.2,105.7,1019.5,1019.5,-6.18,304.78,-0.02,31.529,6.4466,255.0,56.6,1472.223, NAN, NAN, NAN, NAN,,2024/04/10 08:44:48.366,2024-04-10 08:44:48.366000+00:00
2024/04/10, 08:45:48.366,40.918,-70.887, NAN,2.7,1.34,10.07,6.4,6.5,1017.4,1017.3,0.0,0.0,0.03,0.01,78,71,8.8,9.5,89.5,89.5,9.4,9.4,113.6,105.5,1019.5,1019.4,-6.16,304.38,-0.02,31.5248,6.4535,250.0,56.8,1472.245, NAN, NAN, NAN, NAN,,2024/04/10 08:45:48.366,2024-04-10 08:45:48.366000+00:00
2024/04/10, 08:46:48.366,40.921,-70.887, NAN,2.82,356.26,10.03,6.4,6.5,1017.4,1017.3,0.0,0.0,0.03,0.01,76,72,8.4,9.1,89.6,89.6,9.1,9.4,112.7,107.2,1019.5,1019.4,-6.17,304.18,-0.02,31.5187,6.4564,257.7,56.6,1472.249, NAN, NAN, NAN, NAN,,2024/04/10 08:46:48.366,2024-04-10 08:46:48.366000+00:00
2024/04/10, 08:47:48.366,40.923,-70.886, NAN,2.55,358.7,9.95,6.4,6.5,1017.3,1017.3,0.0,0.0,0.03,0.01,77,72,8.8,9.2,89.5,89.6,9.4,9.3,112.1,106.7,1019.4,1019.4,-6.23,303.88,-0.02,31.5137,6.4597,246.4,56.4,1472.256, NAN, NAN, NAN, NAN,,2024/04/10 08:47:48.366,2024-04-10 08:47:48.366000+00:00
2024/04/10, 08:48:48.366,40.926,-70.886, NAN,1.96,2.36,9.98,6.4,6.5,1017.2,1017.2,0.0,0.0,0.03,0.01,81,74,8.4,8.9,89.7,89.7,9.2,9.0,116.5,109.3,1019.3,1019.3,-6.28,303.34,-0.02,31.5018,6.4694,253.7,55.8,1472.279, NAN, NAN, NAN, NAN,,2024/04/10 08:48:48.366,2024-04-10 08:48:48.366000+00:00
2024/04/10, 08:49:48.366,40.929,-70.886, NAN,2.55,1.28,10.01,6.4,6.5,1017.3,1017.2,0.0,0.0,0.03,0.01,77,72,8.3,8.7,89.4,89.4,8.8,8.8,114.3,108.8,1019.4,1019.3,-6.29,303.12,-0.02,31.4946,6.4595,252.1,56.1,1472.231, NAN, NAN, NAN, NAN,,2024/04/10 08:49:48.366,2024-04-10 08:49:48.366000+00:00
2024/04/10, 08:50:48.367,40.932,-70.886, NAN,2.7,5.35,10.06,6.4,6.5,1017.2,1017.2,0.0,0.0,0.03,0.01,79,74,8.1,9.0,89.5,89.5,8.8,9.1,117.1,109.9,1019.3,1019.3,-6.22,303.25,-0.02,31.4878,6.4553,246.7,56.1,1472.206, NAN, NAN, NAN, NAN,,2024/04/10 08:50:48.367,2024-04-10 08:50:48.367000+00:00
2024/04/10, 08:51:48.367,40.935,-70.886, NAN,3.46,357.59,10.16,6.4,6.5,1017.2,1017.2,0.0,0.0,0.03,0.01,80,74,8.4,9.0,89.5,89.5,9.5,9.5,116.8,110.2,1019.3,1019.3,-6.21,302.97,-0.02,31.4805,6.4275,247.6,56.3,1472.087, NAN, NAN, NAN, NAN,,2024/04/10 08:51:48.367,2024-04-10 08:51:48.367000+00:00
2024/04/10, 08:52:48.367,40.937,-70.886, NAN,2.64,0.77,10.03,6.4,6.5,1017.2,1017.2,0.0,0.0,0.03,0.01,78,72,8.7,9.3,89.5,89.5,9.3,9.3,113.7,106.8,1019.3,1019.3,-6.3,302.73,-0.02,31.4753,6.3791,249.7,56.3,1471.888, NAN, NAN, NAN, NAN,,2024/04/10 08:52:48.367,2024-04-10 08:52:48.367000+00:00
2024/04/10, 08:53:48.367,40.94,-70.886, NAN,2.63,356.53,10.03,6.4,6.5,1017.2,1017.2,0.0,0.0,0.03,0.01,79,73,8.7,9.2,89.4,89.4,9.5,9.4,114.1,107.7,1019.3,1019.3,-6.26,302.53,-0.02,31.1415,6.3588,253.4,56.2,1471.388, NAN, NAN, NAN, NAN,,2024/04/10 08:53:48.367,2024-04-10 08:53:48.367000+00:00
2024/04/10, 08:54:48.367,40.943,-70.886, NAN,2.54,0.97,9.98,6.4,6.5,1017.2,1017.2,0.0,0.0,0.03,0.01,81,76,8.9,9.5,89.4,89.4,9.7,9.8,115.2,109.3,1019.3,1019.3,-6.21,302.47,-0.02,31.4512,6.3661,249.1,56.4,1471.806, NAN, NAN, NAN, NAN,,2024/04/10 08:54:48.367,2024-04-10 08:54:48.367000+00:00
2024/04/10, 08:55:48.367,40.946,-70.886, NAN,2.93,358.99,9.94,6.4,6.4,1017.2,1017.2,0.0,0.0,0.03,0.01,79,74,8.6,9.1,89.3,89.2,9.4,9.4,114.4,108.9,1019.3,1019.3,-6.26,302.87,-0.02,31.4359,6.3978,244.0,56.5,1471.913, NAN, NAN, NAN, NAN,,2024/04/10 08:55:48.367,2024-04-10 08:55:48.367000+00:00
2024/04/10, 08:56:48.367,40.948,-70.886, NAN,3.15,0.22,9.97,6.4,6.5,1017.1,1017.2,0.0,0.0,0.03,0.01,80,75,8.8,9.4,89.4,89.3,9.6,9.7,115.0,109.2,1019.2,1019.3,-6.17,303.62,-0.02,31.4201,6.4334,245.4,56.3,1472.034, NAN, NAN, NAN, NAN,,2024/04/10 08:56:48.367,2024-04-10 08:56:48.367000+00:00
2024/04/10, 08:57:48.367,40.951,-70.886, NAN,3.02,356.58,10.01,6.4,6.4,1017.2,1017.2,0.0,0.0,0.03,0.01,82,77,8.3,8.8,89.4,89.3,9.5,9.5,117.7,112.3,1019.3,1019.3,-6.28,304.56,-0.02,31.4066,6.4638,238.1,56.3,1472.138, NAN, NAN, NAN, NAN,,2024/04/10 08:57:48.367,2024-04-10 08:57:48.367000+00:00
2024/04/10, 08:58:48.367,40.954,-70.886, NAN,2.92,1.54,9.99,6.4,6.5,1017.2,1017.3,0.0,0.0,0.03,0.01,85,77,7.7,8.4,89.2,89.2,9.0,9.0,122.5,114.1,1019.3,1019.4,-6.23,305.23,-0.02,31.3964,6.4748,227.2,56.3,1472.168, NAN, NAN, NAN, NAN,,2024/04/10 08:58:48.367,2024-04-10 08:58:48.367000+00:00
2024/04/10, 08:59:48.367,40.957,-70.886, NAN,3.18,0.84,9.99,6.4,6.5,1017.3,1017.3,0.0,0.0,0.03,0.01,84,76,7.6,8.0,89.3,89.3,8.9,8.6,122.4,115.0,1019.4,1019.4,-6.22,305.42,-0.02,31.387,6.4593,224.4,56.3,1472.095, NAN, NAN, NAN, NAN,,2024/04/10 08:59:48.367,2024-04-10 08:59:48.367000+00:00
2024/04/10, 09:00:48.367,40.96,-70.886, NAN,3.44,0.33,10.02,6.4,6.5,1017.3,1017.3,0.0,0.0,0.03,0.01,84,77,7.7,8.5,89.3,89.2,9.1,9.2,122.0,114.0,1019.4,1019.4,-6.24,305.51,-0.02,31.3745,6.4097,219.1,55.8,1471.883, NAN, NAN, NAN, NAN,,2024/04/10 09:00:48.367,2024-04-10 09:00:48.367000+00:00
2024/04/10, 09:01:48.367,40.962,-70.886, NAN,2.88,0.58,10.04,6.4,6.4,1017.4,1017.3,0.0,0.0,0.03,0.01,84,78,8.1,8.4,89.1,89.1,9.4,9.1,120.3,114.8,1019.5,1019.4,-6.2,305.61,-0.02,31.361,6.3435,209.3,56.2,1471.603, NAN, NAN, NAN, NAN,,2024/04/10 09:01:48.367,2024-04-10 09:01:48.367000+00:00
2024/04/10, 09:02:48.367,40.965,-70.886, NAN,3.41,0.65,10.08,6.4,6.5,1017.3,1017.3,0.0,0.0,0.03,0.01,83,76,7.0,7.6,89.1,89.0,8.4,8.4,124.2,116.9,1019.4,1019.4,-6.35,305.84,-0.02,31.3513,6.3346,207.5,56.3,1471.556, NAN, NAN, NAN, NAN,,2024/04/10 09:02:48.367,2024-04-10 09:02:48.367000+00:00
2024/04/10, 09:03:48.367,40.968,-70.886, NAN,3.64,359.08,9.98,6.4,6.5,1017.4,1017.4,0.0,0.0,0.03,0.01,82,77,7.2,7.7,89.0,89.0,8.5,8.5,122.5,117.0,1019.5,1019.5,-6.27,306.15,-0.02,31.3303,6.3451,200.8,56.1,1471.571, NAN, NAN, NAN, NAN,,2024/04/10 09:03:48.367,2024-04-10 09:03:48.367000+00:00
2024/04/10, 09:04:48.367,40.971,-70.886, NAN,3.02,1.97,9.98,6.4,6.5,1017.4,1017.4,0.0,0.0,0.03,0.01,87,81,8.0,8.8,88.7,88.7,9.4,9.6,123.0,116.0,1019.5,1019.5,-6.26,306.81,-0.03,31.3167,6.3372,197.7,56.0,1471.523, NAN, NAN, NAN, NAN,,2024/04/10 09:04:48.367,2024-04-10 09:04:48.367000+00:00
2024/04/10, 09:05:48.367,40.974,-70.886, NAN,3.6,0.73,9.9,6.4,6.5,1017.4,1017.4,0.0,0.0,0.03,0.01,82,75,7.5,8.3,88.6,88.6,8.7,8.8,121.2,113.0,1019.5,1019.5,-6.23,307.68,-0.02,31.3048,6.3049,196.8,56.1,1471.379, NAN, NAN, NAN, NAN,,2024/04/10 09:05:48.367,2024-04-10 09:05:48.367000+00:00
2024/04/10, 09:06:48.368,40.976,-70.886, NAN,3.6,1.21,10.0,6.4,6.5,1017.5,1017.4,0.0,0.0,0.03,0.01,84,78,7.7,8.2,88.6,88.6,9.0,8.9,122.4,116.2,1019.6,1019.5,-6.23,308.67,-0.02,31.2935,6.2794,195.2,56.1,1471.264, NAN, NAN, NAN, NAN,,2024/04/10 09:06:48.368,2024-04-10 09:06:48.368000+00:00
2024/04/10, 09:07:48.368,40.979,-70.886, NAN,3.48,1.17,10.01,6.4,6.5,1017.5,1017.5,0.0,0.0,0.03,0.01,85,77,7.0,7.6,88.7,88.6,8.5,8.4,125.7,117.7,1019.6,1019.6,-6.29,309.98,-0.02,31.2828,6.2644,196.2,56.0,1471.19, NAN, NAN, NAN, NAN,,2024/04/10 09:07:48.368,2024-04-10 09:07:48.368000+00:00
2024/04/10, 09:08:48.368,40.982,-70.886, NAN,3.22,0.69,10.04,6.4,6.5,1017.5,1017.4,0.0,0.0,0.03,0.01,86,77,7.5,8.3,88.6,88.6,9.0,8.9,124.3,114.9,1019.6,1019.5,-6.19,311.63,-0.02,31.2752,6.2549,192.2,56.0,1471.143, NAN, NAN, NAN, NAN,,2024/04/10 09:08:48.368,2024-04-10 09:08:48.368000+00:00
2024/04/10, 09:09:48.368,40.985,-70.886, NAN,3.06,1.59,10.18,6.4,6.5,1017.5,1017.5,0.0,0.0,0.03,0.01,82,75,6.7,7.4,88.4,88.5,8.1,8.1,125.2,117.3,1019.6,1019.6,-6.2,313.3,-0.02,31.2687,6.2524,186.8,55.9,1471.125, NAN, NAN, NAN, NAN,,2024/04/10 09:09:48.368,2024-04-10 09:09:48.368000+00:00
2024/04/10, 09:10:48.368,40.988,-70.886, NAN,3.77,2.21,10.08,6.4,6.5,1017.5,1017.4,0.0,0.0,0.03,0.01,83,76,7.1,7.8,88.4,88.3,8.5,8.5,124.4,116.7,1019.6,1019.5,-6.15,314.89,-0.02,31.2615,6.256,188.0,56.1,1471.13, NAN, NAN, NAN, NAN,,2024/04/10 09:10:48.368,2024-04-10 09:10:48.368000+00:00
2024/04/10, 09:11:48.368,40.99,-70.886, NAN,4.13,1.96,10.11,6.5,6.5,1017.5,1017.5,0.0,0.0,0.03,0.01,82,75,7.5,8.0,88.3,88.2,8.7,8.6,122.5,115.5,1019.6,1019.6,-6.17,316.0,-0.02,31.2557,6.2547,189.5,56.0,1471.118, NAN, NAN, NAN, NAN,,2024/04/10 09:11:48.368,2024-04-10 09:11:48.368000+00:00
2024/04/10, 09:12:48.368,40.993,-70.886, NAN,3.88,1.3,10.21,6.5,6.5,1017.5,1017.5,0.0,0.0,0.03,0.01,81,75,7.5,8.1,88.3,88.2,8.7,8.7,121.9,115.2,1019.6,1019.6,-6.1,316.47,-0.02,31.2509,6.2418,191.9,55.7,1471.06, NAN, NAN, NAN, NAN,,2024/04/10 09:12:48.368,2024-04-10 09:12:48.368000+00:00
2024/04/10, 09:13:48.368,40.996,-70.886, NAN,3.7,1.33,10.21,6.5,6.5,1017.5,1017.5,0.0,0.0,0.03,0.01,82,75,7.3,7.9,88.3,88.2,8.6,8.5,123.3,115.9,1019.6,1019.6,-6.0,316.32,-0.02,31.2458,6.2083,191.9,56.0,1470.92, NAN, NAN, NAN, NAN,,2024/04/10 09:13:48.368,2024-04-10 09:13:48.368000+00:00
2024/04/10, 09:14:48.368,40.999,-70.886, NAN,4.51,0.89,10.21,6.5,6.5,1017.5,1017.4,0.0,0.0,0.03,0.01,83,75,7.1,7.8,88.3,88.2,8.6,8.5,125.1,116.7,1019.6,1019.5,-6.06,316.5,-0.02,31.2434,6.1574,192.8,56.1,1470.714, NAN, NAN, NAN, NAN,,2024/04/10 09:14:48.368,2024-04-10 09:14:48.368000+00:00
2024/04/10, 09:15:48.368,41.002,-70.886, NAN,3.86,1.57,10.1,6.5,6.5,1017.5,1017.4,0.0,0.0,0.03,0.01,82,75,7.1,7.7,88.2,88.2,8.4,8.3,124.1,116.6,1019.6,1019.5,-6.02,316.51,-0.02,31.2402,6.1266,193.5,56.4,1470.587, NAN, NAN, NAN, NAN,,2024/04/10 09:15:48.368,2024-04-10 09:15:48.368000+00:00
2024/04/10, 09:16:48.368,41.005,-70.886, NAN,4.2,1.31,10.06,6.5,6.5,1017.5,1017.4,0.0,0.0,0.03,0.01,83,75,7.4,8.0,88.1,88.0,8.8,8.6,123.3,115.2,1019.6,1019.5,-5.98,316.8,-0.02,31.2374,6.1303,200.8,56.2,1470.599, NAN, NAN, NAN, NAN,,2024/04/10 09:16:48.368,2024-04-10 09:16:48.368000+00:00
2024/04/10, 09:17:48.368,41.007,-70.886, NAN,4.44,1.7,10.07,6.5,6.5,1017.5,1017.5,0.0,0.0,0.03,0.01,82,77,7.1,7.8,88.1,88.1,8.4,8.6,124.2,117.9,1019.6,1019.6,-6.0,317.03,-0.02,31.2322,6.17,203.5,56.3,1470.751, NAN, NAN, NAN, NAN,,2024/04/10 09:17:48.368,2024-04-10 09:17:48.368000+00:00
2024/04/10, 09:18:48.368,41.01,-70.886, NAN,3.54,0.2,10.1,6.5,6.5,1017.5,1017.5,0.0,0.0,0.03,0.01,81,74,7.6,8.2,88.0,88.0,8.7,8.7,120.7,113.3,1019.6,1019.6,-6.0,317.87,-0.02,31.2277,6.2185,204.8,56.3,1470.938, NAN, NAN, NAN, NAN,,2024/04/10 09:18:48.368,2024-04-10 09:18:48.368000+00:00
2024/04/10, 09:19:48.368,41.013,-70.886, NAN,4.1,1.49,10.06,6.5,6.5,1017.4,1017.4,0.0,0.0,0.03,0.01,82,76,7.9,8.4,87.8,87.7,9.0,9.0,120.9,114.6,1019.5,1019.5,-5.96,318.73,-0.02,31.2235,6.2711,198.9,56.3,1471.143, NAN, NAN, NAN, NAN,,2024/04/10 09:19:48.368,2024-04-10 09:19:48.368000+00:00
2024/04/10, 09:20:48.368,41.016,-70.886, NAN,3.98,0.79,10.1,6.5,6.5,1017.4,1017.4,0.0,0.0,0.03,0.01,84,77,8.0,8.6,87.6,87.6,9.4,9.3,121.6,114.3,1019.5,1019.5,-5.89,319.35,-0.02,31.2209,6.3122,198.4,56.3,1471.303, NAN, NAN, NAN, NAN,,2024/04/10 09:20:48.368,2024-04-10 09:20:48.368000+00:00
2024/04/10, 09:21:48.369,41.019,-70.886, NAN,4.25,0.63,10.08,6.5,6.5,1017.4,1017.4,0.0,0.0,0.03,0.01,84,78,7.7,8.2,87.7,87.5,9.1,9.0,122.9,116.8,1019.5,1019.5,-5.99,319.86,-0.02,31.2176,6.3429,195.9,56.5,1471.421, NAN, NAN, NAN, NAN,,2024/04/10 09:21:48.369,2024-04-10 09:21:48.369000+00:00
2024/04/10, 09:22:48.369,41.021,-70.886, NAN,3.63,2.79,10.13,6.5,6.5,1017.4,1017.4,0.0,0.0,0.03,0.01,82,75,7.8,8.4,87.5,87.4,8.9,8.8,121.2,113.8,1019.5,1019.5,-5.88,319.93,-0.02,31.2165,6.3609,191.0,56.6,1471.491, NAN, NAN, NAN, NAN,,2024/04/10 09:22:48.369,2024-04-10 09:22:48.369000+00:00
2024/04/10, 09:23:48.369,41.024,-70.885, NAN,4.33,359.27,10.17,6.5,6.5,1017.5,1017.4,0.0,0.0,0.03,0.01,81,74,7.7,8.3,87.5,87.4,8.9,8.8,121.1,113.7,1019.6,1019.5,-5.86,320.2,-0.02,31.2158,6.3642,189.5,56.6,1471.503, NAN, NAN, NAN, NAN,,2024/04/10 09:23:48.369,2024-04-10 09:23:48.369000+00:00
2024/04/10, 09:24:48.369,41.027,-70.885, NAN,3.68,1.37,10.13,6.5,6.5,1017.5,1017.4,0.0,0.0,0.03,0.01,81,73,7.7,8.3,87.5,87.4,8.8,8.6,120.7,112.4,1019.6,1019.5,-5.79,320.45,-0.02,31.216,6.3504,184.6,56.4,1471.448, NAN, NAN, NAN, NAN,,2024/04/10 09:24:48.369,2024-04-10 09:24:48.369000+00:00
2024/04/10, 09:25:48.369,41.03,-70.885, NAN,4.54,1.98,10.13,6.5,6.5,1017.4,1017.4,0.0,0.0,0.03,0.01,80,73,8.0,8.5,87.6,87.5,9.0,8.8,119.6,112.4,1019.5,1019.5,-5.8,320.31,-0.01,31.2154,6.3023,187.0,56.4,1471.257, NAN, NAN, NAN, NAN,,2024/04/10 09:25:48.369,2024-04-10 09:25:48.369000+00:00
2024/04/10, 09:26:48.369,41.033,-70.885, NAN,4.11,2.99,10.11,6.5,6.5,1017.5,1017.4,0.0,0.0,0.03,0.01,81,74,8.3,8.8,87.4,87.3,9.3,9.1,118.9,111.8,1019.6,1019.5,-5.8,320.47,-0.02,31.2141,6.257,187.0,56.2,1471.075, NAN, NAN, NAN, NAN,,2024/04/10 09:26:48.369,2024-04-10 09:26:48.369000+00:00
2024/04/10, 09:27:48.369,41.035,-70.885, NAN,3.34,3.06,10.05,6.5,6.6,1017.5,1017.4,0.0,0.0,0.03,0.01,79,73,7.9,8.6,87.3,87.3,8.7,8.7,118.4,111.0,1019.6,1019.5,-5.8,321.25,-0.02,31.2124,6.2255,183.1,56.2,1470.947, NAN, NAN, NAN, NAN,,2024/04/10 09:27:48.369,2024-04-10 09:27:48.369000+00:00
2024/04/10, 09:28:48.369,41.038,-70.885, NAN,4.13,0.7,10.05,6.5,6.5,1017.5,1017.5,0.0,0.0,0.03,0.01,80,74,8.4,8.8,87.3,87.2,9.3,9.1,117.6,111.6,1019.6,1019.6,-5.78,322.4,-0.01,31.2167,6.2026,183.4,56.2,1470.861, NAN, NAN, NAN, NAN,,2024/04/10 09:28:48.369,2024-04-10 09:28:48.369000+00:00
2024/04/10, 09:29:48.369,41.041,-70.885, NAN,3.48,2.1,10.22,6.5,6.5,1017.5,1017.6,0.0,0.0,0.03,0.01,78,72,8.2,8.8,87.2,87.1,9.0,9.0,116.7,109.8,1019.6,1019.7,-5.74,323.14,-0.02,31.2162,6.1853,183.4,56.1,1470.792, NAN, NAN, NAN, NAN,,2024/04/10 09:29:48.369,2024-04-10 09:29:48.369000+00:00
2024/04/10, 09:30:48.369,41.044,-70.885, NAN,3.92,1.78,10.18,6.5,6.5,1017.4,1017.5,0.0,0.0,0.03,0.01,78,71,8.5,9.2,87.1,87.0,9.2,9.2,115.9,107.9,1019.5,1019.6,-5.76,323.94,-0.01,31.2159,6.1804,183.1,56.3,1470.772, NAN, NAN, NAN, NAN,,2024/04/10 09:30:48.369,2024-04-10 09:30:48.369000+00:00
2024/04/10, 09:31:48.369,41.047,-70.885, NAN,4.01,0.21,10.24,6.5,6.5,1017.4,1017.4,0.0,0.0,0.03,0.01,77,70,8.3,8.9,87.0,87.0,9.0,8.9,116.0,108.3,1019.5,1019.5,-5.72,324.42,-0.01,31.2176,6.1889,181.2,56.1,1470.808, NAN, NAN, NAN, NAN,,2024/04/10 09:31:48.369,2024-04-10 09:31:48.369000+00:00
2024/04/10, 09:32:48.369,41.049,-70.885, NAN,3.96,1.1,10.15,6.5,6.5,1017.4,1017.4,0.0,0.0,0.03,0.01,81,75,8.3,8.8,87.0,86.9,9.4,9.3,118.7,112.4,1019.5,1019.5,-5.66,324.49,-0.0,31.2196,6.2126,179.7,56.1,1470.905, NAN, NAN, NAN, NAN,,2024/04/10 09:32:48.369,2024-04-10 09:32:48.369000+00:00
2024/04/10, 09:33:48.369,41.052,-70.885, NAN,4.26,1.67,10.05,6.5,6.5,1017.4,1017.4,0.0,0.0,0.03,0.01,79,74,8.2,8.9,86.9,86.9,9.0,9.2,117.7,111.3,1019.5,1019.5,-5.63,324.45,-0.0,31.2214,6.2408,177.0,56.2,1471.019, NAN, NAN, NAN, NAN,,2024/04/10 09:33:48.369,2024-04-10 09:33:48.369000+00:00
2024/04/10, 09:34:48.369,41.055,-70.885, NAN,3.23,1.17,10.1,6.5,6.5,1017.4,1017.5,0.0,0.0,0.03,0.01,81,74,8.2,8.7,86.6,86.6,9.1,9.0,118.5,111.3,1019.5,1019.6,-5.7,324.7,-0.0,31.2254,6.2582,181.6,56.1,1471.094, NAN, NAN, NAN, NAN,,2024/04/10 09:34:48.369,2024-04-10 09:34:48.369000+00:00
2024/04/10, 09:35:48.369,41.058,-70.885, NAN,3.44,2.01,10.2,6.5,6.5,1017.5,1017.5,0.0,0.0,0.03,0.01,85,78,7.9,8.8,86.6,86.5,9.2,9.4,123.0,114.7,1019.6,1019.6,-5.65,324.51,0.01,31.2284,6.2601,180.3,56.3,1471.105, NAN, NAN, NAN, NAN,,2024/04/10 09:35:48.369,2024-04-10 09:35:48.369000+00:00
2024/04/10, 09:36:48.369,41.061,-70.884, NAN,4.39,359.11,10.2,6.5,6.5,1017.5,1017.5,0.0,0.0,0.03,0.01,82,75,8.3,8.9,86.6,86.3,9.5,9.4,119.9,112.6,1019.6,1019.6,-5.68,324.32,0.01,31.2287,6.2478,181.2,56.4,1471.056, NAN, NAN, NAN, NAN,,2024/04/10 09:36:48.369,2024-04-10 09:36:48.369000+00:00
2024/04/10, 09:37:48.370,41.064,-70.884, NAN,4.26,2.34,10.28,6.5,6.5,1017.5,1017.5,0.0,0.0,0.03,0.01,80,75,8.3,8.8,86.0,86.0,9.2,9.2,118.9,113.3,1019.6,1019.6,-5.62,324.21,0.02,31.229,6.2358,183.4,56.2,1471.009, NAN, NAN, NAN, NAN,,2024/04/10 09:37:48.370,2024-04-10 09:37:48.370000+00:00
2024/04/10, 09:38:48.370,41.066,-70.884, NAN,3.36,1.32,10.24,6.5,6.5,1017.5,1017.6,0.0,0.0,0.03,0.01,80,75,8.0,8.5,86.1,86.0,8.9,8.9,119.1,113.4,1019.6,1019.7,-5.67,324.19,0.03,31.2326,6.2187,179.7,56.2,1470.945, NAN, NAN, NAN, NAN,,2024/04/10 09:38:48.370,2024-04-10 09:38:48.370000+00:00
2024/04/10, 09:39:48.370,41.069,-70.884, NAN,3.57,3.68,10.11,6.5,6.6,1017.5,1017.6,0.0,0.0,0.03,0.01,79,74,8.0,8.6,86.0,85.9,8.7,8.8,118.4,112.3,1019.6,1019.7,-5.65,324.3,0.04,31.2314,6.1969,182.1,56.3,1470.857, NAN, NAN, NAN, NAN,,2024/04/10 09:39:48.370,2024-04-10 09:39:48.370000+00:00
2024/04/10, 09:40:48.370,41.072,-70.884, NAN,3.82,1.26,10.22,6.5,6.6,1017.5,1017.5,0.0,0.0,0.03,0.01,81,76,7.8,8.3,85.9,85.8,8.9,8.9,120.7,115.2,1019.6,1019.6,-5.71,324.6,0.05,31.2327,6.167,178.5,56.3,1470.739, NAN, NAN, NAN, NAN,,2024/04/10 09:40:48.370,2024-04-10 09:40:48.370000+00:00
2024/04/10, 09:41:48.370,41.075,-70.884, NAN,3.34,1.52,10.18,6.5,6.6,1017.6,1017.5,0.0,0.0,0.03,0.01,80,74,8.1,8.7,85.7,85.6,9.0,9.0,118.4,111.6,1019.7,1019.6,-5.74,324.9,0.07,31.2328,6.1484,183.1,56.2,1470.665, NAN, NAN, NAN, NAN,,2024/04/10 09:41:48.370,2024-04-10 09:41:48.370000+00:00
2024/04/10, 09:42:48.370,41.078,-70.884, NAN,3.68,2.99,10.14,6.5,6.6,1017.6,1017.6,0.0,0.0,0.03,0.01,77,72,8.2,8.7,85.6,85.5,8.8,8.8,116.1,110.3,1019.7,1019.7,-5.68,325.21,0.09,31.2345,6.1471,180.9,56.1,1470.662, NAN, NAN, NAN, NAN,,2024/04/10 09:42:48.370,2024-04-10 09:42:48.370000+00:00
2024/04/10, 09:43:48.370,41.081,-70.884, NAN,3.15,2.16,10.1,6.5,6.6,1017.5,1017.6,0.0,0.0,0.03,0.01,80,73,8.4,9.0,85.6,85.4,9.1,9.1,117.2,109.6,1019.6,1019.7,-5.67,325.42,0.11,31.2398,6.1495,184.9,56.0,1470.678, NAN, NAN, NAN, NAN,,2024/04/10 09:43:48.370,2024-04-10 09:43:48.370000+00:00
2024/04/10, 09:44:48.370,41.083,-70.884, NAN,4.32,2.05,10.19,6.5,6.6,1017.6,1017.6,0.0,0.0,0.03,0.01,81,76,7.7,8.3,85.2,85.2,8.8,8.9,121.6,115.7,1019.7,1019.7,-5.66,325.18,0.15,31.2451,6.1611,185.2,56.1,1470.731, NAN, NAN, NAN, NAN,,2024/04/10 09:44:48.370,2024-04-10 09:44:48.370000+00:00
2024/04/10, 09:45:48.370,41.086,-70.884, NAN,3.14,1.36,10.16,6.5,6.6,1017.6,1017.6,0.0,0.0,0.03,0.01,81,75,8.2,8.8,85.3,85.1,9.1,9.1,118.7,111.9,1019.7,1019.7,-5.64,324.45,0.18,31.2485,6.1709,189.8,56.0,1470.775, NAN, NAN, NAN, NAN,,2024/04/10 09:45:48.370,2024-04-10 09:45:48.370000+00:00
2024/04/10, 09:46:48.370,41.089,-70.884, NAN,2.54,1.3,10.16,6.5,6.6,1017.6,1017.6,0.0,0.0,0.03,0.01,85,78,7.6,8.2,85.0,84.9,9.0,8.9,123.1,115.8,1019.7,1019.7,-5.69,323.58,0.23,31.2519,6.1864,192.5,56.0,1470.841, NAN, NAN, NAN, NAN,,2024/04/10 09:46:48.370,2024-04-10 09:46:48.370000+00:00
2024/04/10, 09:47:48.370,41.092,-70.883, NAN,2.54,0.56,10.12,6.6,6.6,1017.6,1017.6,0.0,0.0,0.03,0.01,82,75,7.6,8.1,85.0,85.0,8.7,8.6,120.9,113.8,1019.7,1019.7,-5.63,322.69,0.29,31.2551,6.2215,190.7,56.3,1470.985, NAN, NAN, NAN, NAN,,2024/04/10 09:47:48.370,2024-04-10 09:47:48.370000+00:00
2024/04/10, 09:48:48.370,41.095,-70.883, NAN,3.06,359.71,10.26,6.6,6.6,1017.6,1017.6,0.0,0.0,0.03,0.01,85,77,7.8,8.7,85.0,84.9,9.2,9.3,122.8,113.8,1019.7,1019.7,-5.63,321.48,0.37,31.2594,6.2681,192.8,56.1,1471.176, NAN, NAN, NAN, NAN,,2024/04/10 09:48:48.370,2024-04-10 09:48:48.370000+00:00
2024/04/10, 09:49:48.370,41.098,-70.883, NAN,3.15,359.61,10.15,6.6,6.6,1017.6,1017.6,0.0,0.0,0.03,0.01,82,76,7.7,8.2,84.8,84.7,8.9,8.9,120.7,114.5,1019.7,1019.7,-5.61,319.83,0.46,31.2633,6.3219,194.4,56.3,1471.395, NAN, NAN, NAN, NAN,,2024/04/10 09:49:48.370,2024-04-10 09:49:48.370000+00:00
2024/04/10, 09:50:48.370,41.1,-70.883, NAN,2.35,359.68,10.1,6.6,6.6,1017.7,1017.7,0.0,0.0,0.03,0.01,79,74,7.7,8.5,84.9,84.7,8.7,8.9,117.8,111.0,1019.8,1019.8,-5.6,318.32,0.57,31.2682,6.3599,198.4,56.3,1471.552, NAN, NAN, NAN, NAN,,2024/04/10 09:50:48.370,2024-04-10 09:50:48.370000+00:00
2024/04/10, 09:51:48.370,41.103,-70.883, NAN,2.34,0.02,10.11,6.6,6.6,1017.6,1017.6,0.0,0.0,0.03,0.01,81,75,8.5,9.0,84.8,84.6,9.4,9.3,116.6,110.2,1019.7,1019.7,-5.57,317.16,0.71,31.2744,6.3649,198.6,56.4,1471.579, NAN, NAN, NAN, NAN,,2024/04/10 09:51:48.370,2024-04-10 09:51:48.370000+00:00
2024/04/10, 09:52:48.370,41.106,-70.883, NAN,2.76,359.14,10.11,6.6,6.6,1017.7,1017.6,0.0,0.0,0.03,0.01,82,75,8.2,8.9,84.3,84.2,9.3,9.3,118.5,110.8,1019.8,1019.7,-5.53,315.74,0.88,31.2766,6.3225,201.1,56.4,1471.414, NAN, NAN, NAN, NAN,,2024/04/10 09:52:48.370,2024-04-10 09:52:48.370000+00:00
2024/04/10, 09:53:48.371,41.109,-70.883, NAN,2.56,359.57,10.1,6.6,6.6,1017.7,1017.8,0.0,0.0,0.03,0.01,80,73,7.9,8.5,84.2,84.1,8.9,8.8,117.9,110.4,1019.8,1019.9,-5.45,315.02,1.11,31.2807,6.243,201.7,56.1,1471.103, NAN, NAN, NAN, NAN,,2024/04/10 09:53:48.371,2024-04-10 09:53:48.371000+00:00
2024/04/10, 09:54:48.371,41.112,-70.883, NAN,2.84,359.96,10.11,6.6,6.6,1017.7,1017.8,0.0,0.0,0.03,0.01,81,74,7.7,8.4,84.0,83.9,8.9,8.9,119.6,111.8,1019.8,1019.9,-5.47,314.55,1.36,31.2833,6.1451,204.4,56.1,1470.716, NAN, NAN, NAN, NAN,,2024/04/10 09:54:48.371,2024-04-10 09:54:48.371000+00:00
2024/04/10, 09:55:48.371,41.114,-70.884, NAN,2.74,358.35,10.07,6.6,6.6,1017.8,1017.8,0.0,0.0,0.03,0.01,80,73,7.9,8.4,84.0,83.9,9.0,8.8,117.8,110.7,1019.9,1019.9,-5.24,314.34,1.65,31.2809,6.1187,208.4,56.1,1470.607, NAN, NAN, NAN, NAN,,2024/04/10 09:55:48.371,2024-04-10 09:55:48.371000+00:00
2024/04/10, 09:56:48.371,41.117,-70.884, NAN,2.45,358.39,10.06,6.6,6.6,1017.8,1017.8,0.0,0.0,0.03,0.01,80,74,8.1,8.7,84.0,83.9,9.1,9.1,116.8,110.1,1019.9,1019.9,-5.22,313.82,2.01,31.2738,6.1225,213.0,56.2,1470.613, NAN, NAN, NAN, NAN,,2024/04/10 09:56:48.371,2024-04-10 09:56:48.371000+00:00
2024/04/10, 09:57:48.371,41.12,-70.884, NAN,2.92,0.4,10.17,6.6,6.6,1017.8,1017.8,0.0,0.0,0.03,0.01,82,75,7.5,8.3,84.0,83.8,8.8,8.9,121.4,113.2,1019.9,1019.9,-5.09,313.11,2.43,31.2633,6.1223,212.4,56.3,1470.599, NAN, NAN, NAN, NAN,,2024/04/10 09:57:48.371,2024-04-10 09:57:48.371000+00:00
2024/04/10, 09:58:48.371,41.123,-70.884, NAN,3.05,359.89,10.08,6.6,6.7,1017.8,1017.8,0.0,0.0,0.03,0.01,86,78,8.2,8.9,83.9,83.8,9.7,9.6,121.4,113.2,1019.9,1019.9,-4.9,312.51,2.99,31.2552,6.1348,213.0,56.2,1470.639, NAN, NAN, NAN, NAN,,2024/04/10 09:58:48.371,2024-04-10 09:58:48.371000+00:00
2024/04/10, 09:59:48.371,41.126,-70.884, NAN,2.25,357.78,10.08,6.6,6.7,1018.0,1017.8,0.0,0.0,0.03,0.01,78,72,7.6,8.3,83.9,83.7,8.5,8.6,117.2,110.0,1020.1,1019.9,-4.72,311.86,3.59,31.2406,6.1436,209.0,56.1,1470.656, NAN, NAN, NAN, NAN,,2024/04/10 09:59:48.371,2024-04-10 09:59:48.371000+00:00
2024/04/10, 10:00:48.371,41.128,-70.884, NAN,2.67,358.73,10.13,6.6,6.7,1017.8,1017.8,0.0,0.0,0.03,0.01,81,76,8.1,8.5,84.0,83.9,9.3,9.2,117.7,112.6,1019.9,1019.9,-4.41,311.32,4.26,31.2254,6.1357,206.3,55.9,1470.605, NAN, NAN, NAN, NAN,,2024/04/10 10:00:48.371,2024-04-10 10:00:48.371000+00:00
2024/04/10, 10:01:48.371,41.131,-70.884, NAN,3.44,1.06,10.03,6.6,6.7,1017.8,1017.9,0.0,0.0,0.03,0.01,79,73,7.5,8.2,84.0,83.9,8.5,8.6,119.2,112.0,1019.9,1020.0,-4.2,310.86,5.07,31.2161,6.1311,204.8,55.9,1470.575, NAN, NAN, NAN, NAN,,2024/04/10 10:01:48.371,2024-04-10 10:01:48.371000+00:00
2024/04/10, 10:02:48.371,41.134,-70.884, NAN,2.43,358.19,10.2,6.6,6.7,1017.9,1017.9,0.0,0.0,0.03,0.01,82,75,8.3,8.8,84.2,84.0,9.5,9.3,117.8,110.8,1020.0,1020.0,-3.87,310.38,6.01,31.2079,6.1406,204.4,55.8,1470.603, NAN, NAN, NAN, NAN,,2024/04/10 10:02:48.371,2024-04-10 10:02:48.371000+00:00
2024/04/10, 10:03:48.371,41.137,-70.884, 3.62,3.34,358.38,10.1,6.6,6.7,1017.9,1017.9,0.0,0.0,0.03,0.01,80,74,8.3,8.8,84.2,83.9,9.3,9.3,116.9,110.6,1020.0,1020.0,-3.35,310.09,7.31,31.2008,6.1518,203.2,56.0,1470.638, NAN, NAN, NAN, NAN,,2024/04/10 10:03:48.371,2024-04-10 10:03:48.371000+00:00
2024/04/10, 10:04:48.371,41.14,-70.884, 10.19,2.58,358.32,10.12,6.6,6.6,1018.0,1017.9,0.0,0.0,0.03,0.01,85,77,8.2,8.9,83.9,83.7,9.6,9.6,120.3,112.0,1020.1,1020.0,-2.99,309.77,8.53,31.1953,6.1711,203.5,56.0,1470.709, NAN, NAN, NAN, NAN,,2024/04/10 10:04:48.371,2024-04-10 10:04:48.371000+00:00
2024/04/10, 10:05:48.371,41.143,-70.884, 10.17,3.06,358.89,10.22,6.6,6.7,1018.0,1017.9,0.0,0.0,0.03,0.01,83,76,7.8,8.5,83.7,83.6,9.2,9.2,120.9,113.3,1020.1,1020.0,-2.38,309.75,9.98,31.1918,6.1837,204.8,56.0,1470.754, NAN, NAN, NAN, NAN,,2024/04/10 10:05:48.371,2024-04-10 10:05:48.371000+00:00
2024/04/10, 10:06:48.371,41.145,-70.884, 10.19,2.54,357.97,10.13,6.6,6.7,1018.0,1018.0,0.0,0.0,0.03,0.01,86,78,7.7,8.5,83.8,83.7,9.3,9.3,122.7,114.1,1020.1,1020.1,-1.98,310.02,11.61,31.1884,6.1781,205.0,56.0,1470.728, NAN, NAN, NAN, NAN,,2024/04/10 10:06:48.371,2024-04-10 10:06:48.371000+00:00
2024/04/10, 10:07:48.371,41.148,-70.884, 10.18,3.03,357.93,10.11,6.6,6.7,1018.0,1018.0,0.0,0.0,0.03,0.01,85,78,7.2,7.9,83.6,83.5,8.9,8.9,124.0,116.5,1020.1,1020.1,-1.13,310.44,13.42,31.1865,6.1882,206.3,56.0,1470.766, NAN, NAN, NAN, NAN,,2024/04/10 10:07:48.371,2024-04-10 10:07:48.371000+00:00
2024/04/10, 10:08:48.371,41.151,-70.884, 10.20,3.16,358.8,10.22,6.6,6.7,1018.0,1018.0,0.0,0.0,0.03,0.01,85,79,7.5,8.2,83.8,83.7,9.1,9.2,123.4,116.7,1020.1,1020.1,-0.39,311.38,15.66,31.1805,6.2066,209.0,56.1,1470.832, NAN, NAN, NAN, NAN,,2024/04/10 10:08:48.371,2024-04-10 10:08:48.371000+00:00
2024/04/10, 10:09:48.372,41.154,-70.885, 10.22,2.95,357.96,10.2,6.6,6.7,1018.0,1018.0,0.0,0.0,0.03,0.01,82,75,7.9,8.4,83.6,83.4,9.3,9.1,119.3,112.4,1020.1,1020.1,0.36,312.3,17.85,31.1699,6.2639,207.8,56.1,1471.047, NAN, NAN, NAN, NAN,,2024/04/10 10:09:48.372,2024-04-10 10:09:48.372000+00:00
2024/04/10, 10:10:48.372,41.157,-70.885, 10.21,3.35,357.84,10.3,6.6,6.7,1018.0,1018.0,0.0,0.0,0.03,0.01,86,79,7.4,8.2,83.3,83.2,9.2,9.3,124.4,116.7,1020.1,1020.1,0.77,313.05,20.05,31.1623,6.2966,206.8,56.3,1471.167, NAN, NAN, NAN, NAN,,2024/04/10 10:10:48.372,2024-04-10 10:10:48.372000+00:00
2024/04/10, 10:11:48.372,41.16,-70.885, 10.24,3.04,358.45,10.29,6.6,6.7,1018.1,1018.0,0.0,0.0,0.03,0.01,85,79,7.3,7.9,83.3,83.1,9.0,9.0,124.0,117.7,1020.2,1020.1,0.97,313.33,22.21,31.1633,6.3128,212.0,56.2,1471.233, NAN, NAN, NAN, NAN,,2024/04/10 10:11:48.372,2024-04-10 10:11:48.372000+00:00
2024/04/10, 10:12:48.372,41.162,-70.885, 10.30,3.25,357.97,10.34,6.6,6.7,1018.0,1018.1,0.0,0.0,0.03,0.01,83,77,7.6,8.2,83.3,83.2,9.2,9.2,121.6,115.3,1020.1,1020.2,1.25,313.41,24.71,31.1524,6.2906,216.0,56.2,1471.131, NAN, NAN, NAN, NAN,,2024/04/10 10:12:48.372,2024-04-10 10:12:48.372000+00:00
2024/04/10, 10:13:48.372,41.165,-70.885, 10.34,2.89,358.28,10.28,6.6,6.7,1018.0,1018.1,0.0,0.0,0.03,0.01,85,78,7.1,7.6,83.5,83.3,8.8,8.7,124.6,117.9,1020.1,1020.2,1.69,313.56,27.59,31.1368,6.2502,213.2,56.1,1470.95, NAN, NAN, NAN, NAN,,2024/04/10 10:13:48.372,2024-04-10 10:13:48.372000+00:00
2024/04/10, 10:14:48.372,41.168,-70.885, 10.30,2.89,356.7,10.21,6.6,6.7,1018.1,1018.1,0.0,0.0,0.03,0.01,87,79,7.8,8.5,83.2,83.1,9.6,9.6,122.8,114.9,1020.2,1020.2,2.29,313.54,31.33,31.1231,6.2134,217.6,56.1,1470.786, NAN, NAN, NAN, NAN,,2024/04/10 10:14:48.372,2024-04-10 10:14:48.372000+00:00
2024/04/10, 10:15:48.372,41.171,-70.886, 10.31,3.11,358.49,10.22,6.6,6.7,1018.0,1018.0,0.0,0.0,0.03,0.01,87,80,7.2,8.0,82.8,82.7,9.0,9.1,125.7,118.0,1020.1,1020.1,2.83,313.14,34.67,31.1133,6.1973,216.9,56.2,1470.71, NAN, NAN, NAN, NAN,,2024/04/10 10:15:48.372,2024-04-10 10:15:48.372000+00:00
2024/04/10, 10:16:48.372,41.174,-70.886, 10.36,2.91,358.43,10.31,6.7,6.7,1018.2,1018.1,0.0,0.0,0.03,0.01,86,78,7.2,7.8,83.0,82.9,9.0,8.9,124.8,117.2,1020.3,1020.2,3.14,312.57,37.84,31.1087,6.1862,217.9,56.3,1470.66, NAN, NAN, NAN, NAN,,2024/04/10 10:16:48.372,2024-04-10 10:16:48.372000+00:00
2024/04/10, 10:17:48.372,41.177,-70.886, 10.38,2.87,357.56,10.34,6.7,6.7,1018.1,1018.1,0.0,0.0,0.03,0.01,87,78,7.1,8.0,82.9,82.8,9.1,9.1,125.8,116.4,1020.2,1020.2,3.74,312.06,41.88,31.1057,6.1779,222.4,55.7,1470.623, NAN, NAN, NAN, NAN,,2024/04/10 10:17:48.372,2024-04-10 10:17:48.372000+00:00
2024/04/10, 10:18:48.372,41.18,-70.886, 10.35,3.83,358.05,10.53,6.7,6.7,1018.2,1018.1,0.0,0.0,0.03,0.01,85,78,7.4,8.0,82.9,82.7,9.2,9.1,125.0,118.0,1020.3,1020.2,4.33,311.89,47.38,31.1062,6.1837,220.3,55.6,1470.647, NAN, NAN, NAN, NAN,,2024/04/10 10:18:48.372,2024-04-10 10:18:48.372000+00:00
2024/04/10, 10:19:48.372,41.182,-70.886, 10.48,1.85,358.59,10.45,6.7,6.7,1018.2,1018.0,0.0,0.0,0.03,0.01,86,78,7.6,8.2,82.8,82.6,9.3,9.1,123.2,115.5,1020.3,1020.1,4.55,311.99,52.9,31.1067,6.2176,218.8,55.9,1470.783, NAN, NAN, NAN, NAN,,2024/04/10 10:19:48.372,2024-04-10 10:19:48.372000+00:00
2024/04/10, 10:20:48.372,41.185,-70.886, 10.45,3.09,358.21,10.28,6.7,6.7,1018.1,1018.0,0.0,0.0,0.03,0.01,90,83,7.1,7.9,82.8,82.7,9.2,9.3,128.0,120.5,1020.2,1020.1,5.43,311.82,56.56,31.1071,6.2446,219.4,56.1,1470.891, NAN, NAN, NAN, NAN,,2024/04/10 10:20:48.372,2024-04-10 10:20:48.372000+00:00
2024/04/10, 10:21:48.372,41.188,-70.886, 10.47,3.36,359.27,10.41,6.7,6.7,1018.1,1018.1,0.0,0.0,0.03,0.01,85,80,7.2,7.5,82.7,82.6,8.9,8.8,125.2,120.8,1020.2,1020.2,6.75,311.56,64.38,31.1029,6.2667,223.2,56.3,1470.973, NAN, NAN, NAN, NAN,,2024/04/10 10:21:48.372,2024-04-10 10:21:48.372000+00:00
2024/04/10, 10:22:48.372,41.191,-70.886, 10.53,2.3,357.22,10.45,6.7,6.7,1018.0,1018.1,0.0,0.0,0.03,0.01,89,83,7.3,7.9,82.7,82.6,9.3,9.3,126.5,120.4,1020.1,1020.2,7.73,311.82,72.67,31.0977,6.3009,221.1,56.2,1471.103, NAN, NAN, NAN, NAN,,2024/04/10 10:22:48.372,2024-04-10 10:22:48.372000+00:00
2024/04/10, 10:23:48.372,41.194,-70.886, 10.59,2.39,359.61,10.49,6.7,6.7,1018.0,1018.0,0.0,0.0,0.03,0.01,88,80,7.3,8.1,82.7,82.6,9.2,9.2,126.3,118.0,1020.1,1020.1,8.56,312.22,79.08,31.0952,6.3218,222.1,56.3,1471.183, NAN, NAN, NAN, NAN,,2024/04/10 10:23:48.372,2024-04-10 10:23:48.372000+00:00
2024/04/10, 10:24:48.372,41.197,-70.887, 10.56,357.78,353.23,10.55,6.7,6.7,1018.2,1018.1,0.0,0.0,0.03,0.01,94,84,6.8,7.3,82.5,82.4,9.3,9.0,126.8,118.7,1020.3,1020.2,11.1,312.56,89.23,31.0907,6.3297,221.5,56.4,1471.209, NAN, NAN, NAN, NAN,,2024/04/10 10:24:48.372,2024-04-10 10:24:48.372000+00:00
2024/04/10, 10:25:48.373,41.2,-70.887, 10.62,355.43,351.38,10.61,6.7,6.7,1018.2,1018.2,0.0,0.0,0.03,0.01,94,84,5.8,6.5,82.3,82.2,8.5,8.3,129.0,120.3,1020.3,1020.3,9.23,312.82,76.79,31.0886,6.3345,224.4,56.2,1471.225, NAN, NAN, NAN, NAN,,2024/04/10 10:25:48.373,2024-04-10 10:25:48.373000+00:00
2024/04/10, 10:26:48.373,41.203,-70.888, 10.77,358.39,354.3,10.67,6.7,6.7,1018.2,1018.1,0.0,0.0,0.03,0.01,96,85,6.3,6.8,82.3,82.2,9.2,8.8,130.3,122.0,1020.3,1020.2,9.39,313.15,73.15,31.0848,6.3372,228.4,56.2,1471.231, NAN, NAN, NAN, NAN,,2024/04/10 10:26:48.373,2024-04-10 10:26:48.373000+00:00
2024/04/10, 10:27:48.373,41.206,-70.888, 10.62,358.68,355.59,10.59,6.7,6.7,1018.2,1018.2,0.0,0.0,0.03,0.01,89,84,7.2,7.5,82.3,82.1,9.2,9.0,124.0,119.6,1020.3,1020.3,9.55,313.39,70.55,31.0831,6.3397,223.1,56.3,1471.239, NAN, NAN, NAN, NAN,,2024/04/10 10:27:48.373,2024-04-10 10:27:48.373000+00:00
2024/04/10, 10:28:48.373,41.209,-70.888, 10.62,357.72,354.45,10.57,6.7,6.7,1018.2,1018.2,0.0,0.0,0.03,0.01,86,78,7.0,7.7,82.3,82.1,8.8,8.7,121.9,113.8,1020.3,1020.3,10.43,313.43,71.65,31.0861,6.3407,222.4,56.4,1471.247, NAN, NAN, NAN, NAN,,2024/04/10 10:28:48.373,2024-04-10 10:28:48.373000+00:00
2024/04/10, 10:29:48.373,41.212,-70.889, 10.70,1.23,356.87,10.64,6.7,6.7,1018.2,1018.2,0.0,0.0,0.03,0.01,90,82,6.9,7.6,82.5,82.4,9.2,9.1,127.7,120.0,1020.3,1020.3,10.6,313.42,72.65,31.0821,6.341,223.1,56.5,1471.243, NAN, NAN, NAN, NAN,,2024/04/10 10:29:48.373,2024-04-10 10:29:48.373000+00:00
2024/04/10, 10:30:48.373,41.215,-70.889, 10.65,359.68,357.57,10.51,6.7,6.7,1018.2,1018.1,0.0,0.0,0.03,0.01,89,81,6.7,7.5,82.4,82.3,8.7,8.7,127.2,118.8,1020.3,1020.2,11.12,313.33,75.09,31.0825,6.3399,223.1,56.7,1471.239, NAN, NAN, NAN, NAN,,2024/04/10 10:30:48.373,2024-04-10 10:30:48.373000+00:00
2024/04/10, 10:31:48.373,41.218,-70.889, 10.68,359.66,357.37,10.6,6.7,6.7,1018.2,1018.1,0.0,0.0,0.03,0.01,86,79,7.3,7.9,82.7,82.6,8.9,8.8,123.2,116.1,1020.3,1020.2,11.95,312.77,80.19,31.0811,6.3332,222.6,56.6,1471.211, NAN, NAN, NAN, NAN,,2024/04/10 10:31:48.373,2024-04-10 10:31:48.373000+00:00
2024/04/10, 10:32:48.373,41.22,-70.889, 10.75,359.98,357.57,10.75,6.7,6.7,1018.2,1018.1,0.0,0.0,0.03,0.01,88,80,7.4,8.1,82.6,82.5,9.2,9.2,124.7,116.7,1020.3,1020.2,12.74,312.37,83.36,31.0804,6.3232,223.6,56.6,1471.17, NAN, NAN, NAN, NAN,,2024/04/10 10:32:48.373,2024-04-10 10:32:48.373000+00:00
2024/04/10, 10:33:48.373,41.223,-70.889, 10.79,359.32,357.19,10.79,6.7,6.7,1018.2,1018.2,0.0,0.0,0.03,0.01,94,83,7.1,7.5,82.2,82.1,9.5,9.0,128.8,120.4,1020.3,1020.3,13.89,312.09,87.83,31.0798,6.3121,224.8,56.6,1471.125, NAN, NAN, NAN, NAN,,2024/04/10 10:33:48.373,2024-04-10 10:33:48.373000+00:00
2024/04/10, 10:34:48.373,41.226,-70.89, 10.87,359.86,357.64,10.77,6.7,6.7,1018.2,1018.1,0.0,0.0,0.03,0.01,92,82,6.5,7.0,82.3,82.2,8.9,8.5,130.3,122.3,1020.3,1020.2,15.42,311.62,92.41,31.0815,6.3014,223.1,56.6,1471.085, NAN, NAN, NAN, NAN,,2024/04/10 10:34:48.373,2024-04-10 10:34:48.373000+00:00
2024/04/10, 10:35:48.373,41.229,-70.89, 10.75,359.38,358.48,10.55,6.7,6.7,1018.2,1018.2,0.0,0.0,0.03,0.01,89,79,6.8,7.7,82.6,82.4,8.7,8.7,126.8,116.6,1020.3,1020.3,16.87,311.21,95.86,31.0814,6.2885,226.5,56.6,1471.033, NAN, NAN, NAN, NAN,,2024/04/10 10:35:48.373,2024-04-10 10:35:48.373000+00:00
2024/04/10, 10:36:48.373,41.232,-70.89, 10.17,0.59,355.45,10.2,6.7,6.7,1018.2,1018.2,0.0,0.0,0.03,0.01,95,86,6.5,6.9,82.8,82.6,9.0,8.7,130.5,123.5,1020.3,1020.3,18.77,310.57,103.28,31.0822,6.2705,225.8,56.8,1470.962, NAN, NAN, NAN, NAN,,2024/04/10 10:36:48.373,2024-04-10 10:36:48.373000+00:00
2024/04/10, 10:37:48.373,41.235,-70.89, 9.99,359.82,357.19,9.88,6.7,6.7,1018.2,1018.1,0.0,0.0,0.03,0.01,98,85,6.4,6.8,82.7,82.6,8.9,8.3,132.0,122.4,1020.3,1020.2,20.67,310.11,113.83,31.083,6.2518,223.8,56.5,1470.889, NAN, NAN, NAN, NAN,,2024/04/10 10:37:48.373,2024-04-10 10:37:48.373000+00:00
2024/04/10, 10:38:48.373,41.238,-70.891, 9.89,359.18,357.05,9.85,6.6,6.7,1018.2,1018.2,0.0,0.0,0.03,0.01,100,89,6.8,6.6,82.8,82.8,9.3,8.4,131.3,125.2,1020.3,1020.3,22.13,309.64,120.03,31.0844,6.2395,223.1,56.1,1470.842, NAN, NAN, NAN, NAN,,2024/04/10 10:38:48.373,2024-04-10 10:38:48.373000+00:00
2024/04/10, 10:39:48.373,41.241,-70.891, 9.85,359.46,355.7,9.83,6.6,6.7,1018.3,1018.2,0.0,0.0,0.03,0.01,99,89,6.8,6.7,83.1,83.0,9.3,8.5,130.6,124.7,1020.4,1020.3,23.92,309.12,133.12,31.0834,6.236,220.0,56.4,1470.827, NAN, NAN, NAN, NAN,,2024/04/10 10:39:48.373,2024-04-10 10:39:48.373000+00:00
2024/04/10, 10:40:48.373,41.243,-70.891, 9.98,359.81,357.11,9.94,6.6,6.7,1018.3,1018.2,0.0,0.0,0.03,0.01,98,89,6.5,6.4,82.8,82.8,9.0,8.3,131.7,126.7,1020.4,1020.3,24.02,308.51,135.88,31.0787,6.236,220.6,56.3,1470.821, NAN, NAN, NAN, NAN,,2024/04/10 10:40:48.373,2024-04-10 10:40:48.373000+00:00
2024/04/10, 10:41:48.374,41.246,-70.891, 10.05,359.76,357.81,9.93,6.6,6.7,1018.3,1018.2,0.0,0.0,0.03,0.01,97,86,6.3,6.4,83.0,82.9,8.7,8.1,131.9,124.9,1020.4,1020.3,23.52,307.76,134.5,31.0767,6.2368,219.7,56.5,1470.821, NAN, NAN, NAN, NAN,,2024/04/10 10:41:48.374,2024-04-10 10:41:48.374000+00:00
2024/04/10, 10:42:48.374,41.249,-70.891, 10.04,0.54,358.01,10.07,6.7,6.7,1018.3,1018.3,0.0,0.0,0.03,0.01,96,84,6.6,7.0,83.1,82.9,9.0,8.5,131.0,122.0,1020.4,1020.4,21.95,306.99,120.31,31.0747,6.2362,215.1,56.4,1470.816, NAN, NAN, NAN, NAN,,2024/04/10 10:42:48.374,2024-04-10 10:42:48.374000+00:00
2024/04/10, 10:43:48.374,41.252,-70.892, 10.10,359.52,357.48,10.06,6.7,6.7,1018.3,1018.2,0.0,0.0,0.03,0.01,92,83,6.4,7.2,83.1,82.9,8.5,8.5,128.9,119.9,1020.4,1020.3,21.19,305.74,118.02,31.0759,6.2372,219.1,56.0,1470.822, NAN, NAN, NAN, NAN,,2024/04/10 10:43:48.374,2024-04-10 10:43:48.374000+00:00
2024/04/10, 10:44:48.374,41.254,-70.892, 10.16,359.77,357.3,10.05,6.6,6.7,1018.3,1018.3,0.0,0.0,0.03,0.01,91,83,6.0,6.5,83.0,83.0,8.1,8.0,130.1,123.0,1020.4,1020.4,21.07,304.51,120.84,31.0751,6.2405,218.8,55.9,1470.834, NAN, NAN, NAN, NAN,,2024/04/10 10:44:48.374,2024-04-10 10:44:48.374000+00:00
2024/04/10, 10:45:48.374,41.257,-70.892, 10.15,0.32,357.76,10.07,6.6,6.7,1018.4,1018.3,0.0,0.0,0.03,0.01,94,84,6.1,6.7,83.2,83.1,8.4,8.2,131.8,123.3,1020.5,1020.4,21.48,303.37,123.95,31.0744,6.2458,218.2,56.3,1470.854, NAN, NAN, NAN, NAN,,2024/04/10 10:45:48.374,2024-04-10 10:45:48.374000+00:00
2024/04/10, 10:46:48.374,41.26,-70.892, 10.15,0.24,358.25,10.15,6.6,6.7,1018.3,1018.3,0.0,0.0,0.03,0.01,89,79,6.2,7.1,82.8,82.7,8.2,8.2,128.7,118.4,1020.4,1020.4,22.56,302.28,128.11,31.0768,6.2501,217.2,56.3,1470.874, NAN, NAN, NAN, NAN,,2024/04/10 10:46:48.374,2024-04-10 10:46:48.374000+00:00
2024/04/10, 10:47:48.374,41.263,-70.892, 10.18,359.64,357.83,10.15,6.6,6.7,1018.4,1018.4,0.0,0.0,0.03,0.01,88,79,5.3,6.3,83.1,83.0,7.4,7.5,132.2,121.9,1020.5,1020.5,24.47,301.63,136.65,31.0752,6.2526,219.4,56.3,1470.882, NAN, NAN, NAN, NAN,,2024/04/10 10:47:48.374,2024-04-10 10:47:48.374000+00:00
2024/04/10, 10:48:48.374,41.266,-70.892, 10.18,0.25,359.38,10.13,6.6,6.7,1018.3,1018.3,0.0,0.0,0.03,0.01,96,87,6.1,6.4,83.5,83.4,8.5,8.1,133.6,127.1,1020.4,1020.4,26.79,301.19,142.93,31.0661,6.2489,219.7,56.2,1470.856, NAN, NAN, NAN, NAN,,2024/04/10 10:48:48.374,2024-04-10 10:48:48.374000+00:00
2024/04/10, 10:49:48.374,41.269,-70.892, 10.17,359.84,358.68,10.1,6.6,6.7,1018.4,1018.3,0.0,0.0,0.03,0.01,97,85,5.8,6.3,83.2,83.1,8.3,7.9,135.1,125.9,1020.5,1020.4,29.6,301.14,152.39,31.0755,6.2511,220.6,56.1,1470.877, NAN, NAN, NAN, NAN,,2024/04/10 10:49:48.374,2024-04-10 10:49:48.374000+00:00
2024/04/10, 10:50:48.374,41.271,-70.892, 10.11,0.15,359.23,10.13,6.6,6.7,1018.4,1018.3,0.0,0.0,0.03,0.01,95,86,6.3,6.7,83.3,83.2,8.6,8.3,132.2,125.0,1020.5,1020.4,32.65,301.21,164.5,31.078,6.256,223.8,58.4,1470.899, NAN, NAN, NAN, NAN,,2024/04/10 10:50:48.374,2024-04-10 10:50:48.374000+00:00
2024/04/10, 10:51:48.374,41.274,-70.893, 10.06,359.78,358.64,10.0,6.6,6.7,1018.3,1018.3,0.0,0.0,0.03,0.01,101,90,6.2,6.2,83.0,82.9,8.9,8.1,135.3,128.9,1020.4,1020.4,34.96,301.21,173.7,31.0789,6.2358,222.4,59.2,1470.82, NAN, NAN, NAN, NAN,,2024/04/10 10:51:48.374,2024-04-10 10:51:48.374000+00:00
2024/04/10, 10:52:48.374,41.277,-70.893, 9.99,0.48,359.8,9.85,6.6,6.7,1018.3,1018.2,0.0,0.0,0.03,0.01,101,90,6.8,6.6,83.1,83.1,9.3,8.4,133.6,127.5,1020.4,1020.3,36.76,300.97,186.83,31.08,6.2084,221.5,59.3,1470.712, NAN, NAN, NAN, NAN,,2024/04/10 10:52:48.374,2024-04-10 10:52:48.374000+00:00
2024/04/10, 10:53:48.374,41.28,-70.893, 9.92,359.93,359.11,9.86,6.6,6.7,1018.3,1018.3,0.0,0.0,0.03,0.01,100,90,6.7,6.5,83.0,83.0,9.1,8.3,132.9,127.4,1020.4,1020.4,41.59,300.71,241.06,31.0825,6.2029,219.1,59.0,1470.693, NAN, NAN, NAN, NAN,,2024/04/10 10:53:48.374,2024-04-10 10:53:48.374000+00:00
2024/04/10, 10:54:48.374,41.282,-70.893, 9.89,0.32,358.83,9.81,6.6,6.7,1018.3,1018.3,0.0,0.0,0.03,0.01,104,89,5.8,5.6,82.8,82.7,8.6,7.6,138.5,131.0,1020.4,1020.4,43.8,299.99,276.78,31.0873,6.205,222.4,58.9,1470.708, NAN, NAN, NAN, NAN,,2024/04/10 10:54:48.374,2024-04-10 10:54:48.374000+00:00
2024/04/10, 10:55:48.374,41.285,-70.893, 9.89,0.35,359.09,9.92,6.6,6.7,1018.4,1018.3,0.0,0.0,0.03,0.01,99,89,6.4,6.4,83.2,83.0,8.9,8.2,133.9,127.9,1020.5,1020.4,39.42,299.65,233.6,31.0914,6.2084,219.7,58.9,1470.727, NAN, NAN, NAN, NAN,,2024/04/10 10:55:48.374,2024-04-10 10:55:48.374000+00:00
2024/04/10, 10:56:48.374,41.288,-70.893, 9.91,0.58,359.38,9.87,6.6,6.7,1018.4,1018.3,0.0,0.0,0.03,0.01,107,95,7.0,6.4,82.9,82.9,9.9,8.6,136.8,131.5,1020.5,1020.4,36.44,299.16,198.69,31.0915,6.211,220.9,59.0,1470.737, NAN, NAN, NAN, NAN,,2024/04/10 10:56:48.374,2024-04-10 10:56:48.374000+00:00
2024/04/10, 10:57:48.375,41.291,-70.893, 9.88,359.87,359.54,9.8,6.6,6.7,1018.3,1018.3,0.0,0.0,0.03,0.01,104,94,6.7,6.2,82.5,82.5,9.3,8.3,135.4,131.2,1020.4,1020.4,35.38,299.0,187.85,31.0908,6.215,221.1,59.0,1470.752, NAN, NAN, NAN, NAN,,2024/04/10 10:57:48.375,2024-04-10 10:57:48.375000+00:00
2024/04/10, 10:58:48.375,41.293,-70.893, 9.92,0.37,359.21,9.87,6.6,6.7,1018.3,1018.3,0.0,0.0,0.03,0.01,103,90,6.2,6.0,82.5,82.5,8.9,7.9,136.9,130.1,1020.4,1020.4,35.53,298.69,188.98,31.0897,6.2128,217.9,58.8,1470.742, NAN, NAN, NAN, NAN,,2024/04/10 10:58:48.375,2024-04-10 10:58:48.375000+00:00
2024/04/10, 10:59:48.375,41.296,-70.893, 8.55,0.25,359.25,8.43,6.7,6.7,1018.4,1018.3,0.0,0.0,0.03,0.01,111,97,6.7,5.5,82.7,82.6,9.3,7.5,136.9,132.2,1020.5,1020.4,35.64,298.4,190.99,31.0906,6.2141,218.2,59.0,1470.748, NAN, NAN, NAN, NAN,,2024/04/10 10:59:48.375,2024-04-10 10:59:48.375000+00:00
2024/04/10, 11:00:48.375,41.298,-70.893, 7.22,359.75,357.89,7.21,6.7,6.7,1018.3,1018.3,0.0,0.0,0.03,0.01,118,110,7.5,6.8,82.6,82.5,9.9,8.9,136.9,132.7,1020.4,1020.4,36.06,298.09,193.95,31.0916,6.2206,218.2,59.0,1470.775, NAN, NAN, NAN, NAN,,2024/04/10 11:00:48.375,2024-04-10 11:00:48.375000+00:00
2024/04/10, 11:01:48.375,41.3,-70.893, 6.40,1.21,357.74,6.43,6.7,6.7,1018.3,1018.3,0.0,0.0,0.03,0.01,119,114,7.8,6.8,82.3,82.1,10.0,8.8,136.4,134.6,1020.4,1020.4,36.82,298.22,197.84,31.0938,6.2217,222.1,58.9,1470.783, NAN, NAN, NAN, NAN,,2024/04/10 11:01:48.375,2024-04-10 11:01:48.375000+00:00
2024/04/10, 11:02:48.375,41.302,-70.893, 6.03,0.22,359.0,5.98,6.7,6.7,1018.3,1018.2,0.0,0.0,0.03,0.01,120,113,7.8,6.9,81.4,81.2,9.8,8.6,135.8,132.2,1020.4,1020.3,37.51,298.06,202.47,31.1056,6.218,224.8,45.9,1470.783, NAN, NAN, NAN, NAN,,2024/04/10 11:02:48.375,2024-04-10 11:02:48.375000+00:00
2024/04/10, 11:03:48.375,41.303,-70.893, 5.74,0.03,358.45,5.79,6.7,6.7,1018.3,1018.2,0.0,0.0,0.03,0.01,120,116,8.2,7.4,80.9,80.8,10.1,9.2,134.6,132.8,1020.4,1020.3,38.48,298.4,207.24,31.0031,6.2154,204.8,1.5,1470.643, NAN, NAN, NAN, NAN,,2024/04/10 11:03:48.375,2024-04-10 11:03:48.375000+00:00
2024/04/10, 11:04:48.375,41.305,-70.893, 5.49,0.24,357.09,5.62,6.7,6.8,1018.3,1018.2,0.0,0.0,0.03,0.01,120,116,7.8,6.9,80.3,80.2,9.7,8.7,134.6,133.0,1020.4,1020.3,39.28,298.75,212.27,30.8984,6.2677,189.8,0.0,1470.72, NAN, NAN, NAN, NAN,,2024/04/10 11:04:48.375,2024-04-10 11:04:48.375000+00:00
2024/04/10, 11:05:48.375,41.306,-70.893, 5.30,0.0,357.77,5.42,6.8,6.8,1018.3,1018.2,0.0,0.0,0.03,0.01,118,113,8.0,7.1,80.3,80.2,9.7,8.7,132.4,129.9,1020.4,1020.3,40.57,298.89,217.72,30.7811,6.3265,190.7,0.0,1470.807, NAN, NAN, NAN, NAN,,2024/04/10 11:05:48.375,2024-04-10 11:05:48.375000+00:00
2024/04/10, 11:06:48.375,41.308,-70.894, 5.41,0.48,359.25,5.44,6.8,6.8,1018.2,1018.2,0.0,0.0,0.03,0.01,118,108,6.8,5.7,80.4,80.2,8.6,7.2,134.7,129.8,1020.3,1020.3,42.15,299.29,223.78,30.6575,6.3474,203.5,0.0,1470.735, NAN, NAN, NAN, NAN,,2024/04/10 11:06:48.375,2024-04-10 11:06:48.375000+00:00
2024/04/10, 11:07:48.375,41.309,-70.894, 5.37,0.4,357.36,5.38,6.8,6.8,1018.2,1018.2,0.0,0.0,0.03,0.01,119,112,8.0,6.7,80.7,80.5,9.7,8.2,133.4,130.2,1020.3,1020.3,44.01,299.97,231.95,30.5395,6.3115,201.1,0.0,1470.444, NAN, NAN, NAN, NAN,,2024/04/10 11:07:48.375,2024-04-10 11:07:48.375000+00:00
2024/04/10, 11:08:48.375,41.311,-70.894, 5.37,0.46,355.54,5.39,6.8,6.8,1018.2,1018.2,0.0,0.0,0.03,0.01,125,119,8.2,7.5,80.5,80.5,10.2,9.3,137.7,133.9,1020.3,1020.3,46.2,300.72,239.71,30.4341,6.2673,208.4,0.0,1470.135, NAN, NAN, NAN, NAN,,2024/04/10 11:08:48.375,2024-04-10 11:08:48.375000+00:00
2024/04/10, 11:09:48.375,41.312,-70.894, 5.32,0.35,356.68,5.42,6.8,6.8,1018.2,1018.2,0.0,0.0,0.03,0.01,119,113,8.2,7.4,80.3,80.1,10.0,9.0,133.0,129.5,1020.3,1020.3,48.47,300.99,247.67,30.3398,6.2155,199.6,0.0,1469.809, NAN, NAN, NAN, NAN,,2024/04/10 11:09:48.375,2024-04-10 11:09:48.375000+00:00
2024/04/10, 11:10:48.375,41.314,-70.894, 5.43,359.85,355.73,5.49,6.8,6.8,1018.2,1018.1,0.0,0.0,0.03,0.01,121,113,7.8,6.4,80.5,80.3,9.7,8.1,134.8,131.2,1020.3,1020.2,50.67,301.31,255.72,30.2576,6.1885,190.7,0.0,1469.598, NAN, NAN, NAN, NAN,,2024/04/10 11:10:48.375,2024-04-10 11:10:48.375000+00:00
2024/04/10, 11:11:48.375,41.315,-70.894, 5.44,0.34,357.19,5.52,6.8,6.9,1018.1,1018.2,0.0,0.0,0.03,0.01,124,118,8.2,7.1,81.1,81.0,10.2,8.9,137.3,134.2,1020.2,1020.3,52.51,301.21,263.57,30.1864,6.1707,197.1,0.0,1469.437, NAN, NAN, NAN, NAN,,2024/04/10 11:11:48.375,2024-04-10 11:11:48.375000+00:00
2024/04/10, 11:12:48.375,41.317,-70.894, 5.42,0.46,356.67,5.52,6.8,6.8,1018.2,1018.2,0.0,0.0,0.03,0.01,123,115,7.9,7.1,81.2,81.0,9.8,8.8,136.9,132.0,1020.3,1020.3,54.09,301.35,272.63,30.1233,6.1599,202.9,0.0,1469.315, NAN, NAN, NAN, NAN,,2024/04/10 11:12:48.375,2024-04-10 11:12:48.375000+00:00
2024/04/10, 11:13:48.376,41.319,-70.894, 5.48,0.26,358.24,5.53,6.8,6.8,1018.1,1018.1,0.0,0.0,0.03,0.01,119,114,8.4,7.8,81.2,81.1,10.2,9.4,133.1,130.0,1020.2,1020.2,55.81,301.56,281.22,30.0691,6.1494,199.9,0.0,1469.205, NAN, NAN, NAN, NAN,,2024/04/10 11:13:48.376,2024-04-10 11:13:48.376000+00:00
2024/04/10, 11:14:48.376,41.32,-70.894, 5.52,359.94,357.45,5.56,6.8,6.8,1018.2,1018.2,0.0,0.0,0.03,0.01,121,116,7.7,6.9,81.4,81.3,9.6,8.6,135.3,132.8,1020.3,1020.3,57.5,301.19,289.8,30.0204,6.143,204.4,0.0,1469.118, NAN, NAN, NAN, NAN,,2024/04/10 11:14:48.376,2024-04-10 11:14:48.376000+00:00
2024/04/10, 11:15:48.376,41.322,-70.894, 5.56,0.32,356.93,5.65,6.8,6.8,1018.2,1018.2,0.0,0.0,0.03,0.01,120,113,7.7,6.6,81.6,81.5,9.6,8.3,135.1,131.8,1020.3,1020.3,58.57,300.81,296.56,29.9768,6.1434,197.4,0.0,1469.064, NAN, NAN, NAN, NAN,,2024/04/10 11:15:48.376,2024-04-10 11:15:48.376000+00:00
2024/04/10, 11:16:48.376,41.323,-70.894, 5.62,359.89,359.81,5.61,6.8,6.8,1018.3,1018.2,0.0,0.0,0.03,0.01,122,116,8.4,7.4,82.0,81.9,10.3,9.1,135.5,132.3,1020.4,1020.3,59.71,300.3,302.92,29.9381,6.1752,191.6,0.0,1469.143, NAN, NAN, NAN, NAN,,2024/04/10 11:16:48.376,2024-04-10 11:16:48.376000+00:00
2024/04/10, 11:17:48.376,41.325,-70.894, 5.64,0.22,357.96,5.66,6.7,6.8,1018.3,1018.2,0.0,0.0,0.03,0.01,121,115,8.0,7.1,82.3,82.2,9.9,8.8,135.3,132.2,1020.4,1020.3,60.81,299.8,311.88,29.9025,6.23,190.4,0.0,1469.318, NAN, NAN, NAN, NAN,,2024/04/10 11:17:48.376,2024-04-10 11:17:48.376000+00:00
2024/04/10, 11:18:48.376,41.326,-70.895, 5.70,0.17,358.5,5.68,6.7,6.8,1018.2,1018.2,0.0,0.0,0.03,0.01,122,115,7.7,6.8,82.4,82.3,9.6,8.5,136.8,133.0,1020.3,1020.3,61.09,299.29,315.31,29.8705,6.2799,189.8,0.0,1469.477, NAN, NAN, NAN, NAN,,2024/04/10 11:18:48.376,2024-04-10 11:18:48.376000+00:00
2024/04/10, 11:19:48.376,41.328,-70.895, 5.76,0.08,358.88,5.72,6.7,6.8,1018.3,1018.3,0.0,0.0,0.03,0.01,123,116,7.3,6.4,82.6,82.4,9.3,8.2,138.3,134.7,1020.4,1020.4,61.79,298.79,325.39,29.8412,6.3093,191.3,0.0,1469.558, NAN, NAN, NAN, NAN,,2024/04/10 11:19:48.376,2024-04-10 11:19:48.376000+00:00
2024/04/10, 11:20:48.376,41.33,-70.895, 5.82,0.06,358.93,5.84,6.7,6.7,1018.3,1018.3,0.0,0.0,0.03,0.01,120,115,7.1,6.3,83.0,83.0,9.0,8.1,136.7,134.6,1020.4,1020.4,61.08,298.36,322.79,29.814,6.3422,193.5,0.0,1469.655, NAN, NAN, NAN, NAN,,2024/04/10 11:20:48.376,2024-04-10 11:20:48.376000+00:00
2024/04/10, 11:21:48.376,41.331,-70.895, 5.62,359.91,359.59,5.53,6.7,6.7,1018.3,1018.3,0.0,0.0,0.03,0.01,124,116,7.1,5.9,83.1,83.0,9.0,7.6,139.0,135.5,1020.4,1020.4,60.8,297.99,323.64,29.7897,6.3651,192.8,0.0,1469.716, NAN, NAN, NAN, NAN,,2024/04/10 11:21:48.376,2024-04-10 11:21:48.376000+00:00
2024/04/10, 11:22:48.376,41.333,-70.895, 5.38,0.19,357.78,5.33,6.7,6.7,1018.3,1018.2,0.0,0.0,0.03,0.01,123,117,7.7,6.7,83.1,82.9,9.5,8.4,136.8,133.8,1020.4,1020.3,60.8,297.63,328.96,29.7664,6.3882,191.9,0.0,1469.778, NAN, NAN, NAN, NAN,,2024/04/10 11:22:48.376,2024-04-10 11:22:48.376000+00:00
2024/04/10, 11:23:48.376,41.334,-70.895, 5.26,0.2,358.97,5.26,6.7,6.7,1018.3,1018.2,0.0,0.0,0.03,0.01,123,114,6.9,5.9,83.1,83.0,8.7,7.5,138.0,133.3,1020.4,1020.3,61.65,297.69,339.77,29.745,6.4072,190.4,0.0,1469.827, NAN, NAN, NAN, NAN,,2024/04/10 11:23:48.376,2024-04-10 11:23:48.376000+00:00
2024/04/10, 11:24:48.376,41.336,-70.895, 5.25,0.05,359.69,5.23,6.7,6.7,1018.3,1018.2,0.0,0.0,0.03,0.01,124,116,7.4,5.9,82.9,83.0,9.2,7.5,138.0,134.7,1020.4,1020.3,62.37,297.59,347.48,29.726,6.4237,187.6,0.0,1469.869, NAN, NAN, NAN, NAN,,2024/04/10 11:24:48.376,2024-04-10 11:24:48.376000+00:00
2024/04/10, 11:25:48.376,41.337,-70.895, 5.24,359.96,358.95,5.23,6.7,6.7,1018.3,1018.2,0.0,0.0,0.03,0.01,125,116,7.2,5.8,82.8,82.8,9.0,7.4,138.9,134.8,1020.4,1020.3,62.01,297.74,344.21,29.7073,6.4401,187.3,0.0,1469.911, NAN, NAN, NAN, NAN,,2024/04/10 11:25:48.376,2024-04-10 11:25:48.376000+00:00
2024/04/10, 11:26:48.376,41.338,-70.895, 5.25,359.96,358.73,5.24,6.7,6.7,1018.3,1018.2,0.0,0.0,0.03,0.01,122,114,7.6,6.3,83.2,83.1,9.4,7.8,135.9,132.1,1020.4,1020.3,63.64,297.75,358.03,29.6903,6.4521,190.4,0.0,1469.937, NAN, NAN, NAN, NAN,,2024/04/10 11:26:48.376,2024-04-10 11:26:48.376000+00:00
2024/04/10, 11:27:48.376,41.34,-70.895, 5.30,0.08,359.22,5.25,6.7,6.7,1018.2,1018.2,0.0,0.0,0.03,0.01,125,117,7.7,6.4,83.0,82.9,9.5,8.0,138.3,134.4,1020.3,1020.3,63.84,298.02,358.84,29.6752,6.4589,190.4,0.0,1469.946, NAN, NAN, NAN, NAN,,2024/04/10 11:27:48.376,2024-04-10 11:27:48.376000+00:00
2024/04/10, 11:28:48.376,41.341,-70.895, 5.36,0.13,358.79,5.36,6.7,6.7,1018.2,1018.2,0.0,0.0,0.03,0.01,121,113,7.8,6.3,82.6,82.5,9.6,7.8,135.2,131.8,1020.3,1020.3,65.11,298.2,366.89,29.6605,6.4646,188.5,0.0,1469.95, NAN, NAN, NAN, NAN,,2024/04/10 11:28:48.376,2024-04-10 11:28:48.376000+00:00
2024/04/10, 11:29:48.376,41.343,-70.895, 5.40,0.19,356.78,5.38,6.7,6.7,1018.2,1018.2,0.0,0.0,0.03,0.01,121,116,7.8,6.9,83.1,83.0,9.6,8.6,135.1,132.7,1020.3,1020.3,67.11,298.17,379.83,29.6471,6.4692,187.6,0.0,1469.951, NAN, NAN, NAN, NAN,,2024/04/10 11:29:48.376,2024-04-10 11:29:48.376000+00:00
2024/04/10, 11:30:48.377,41.344,-70.895, 5.45,0.12,358.59,5.46,6.7,6.7,1018.2,1018.2,0.0,0.0,0.03,0.01,122,115,7.6,6.4,83.4,83.2,9.5,8.1,136.3,133.1,1020.3,1020.3,69.69,298.11,396.18,29.6349,6.4739,191.3,0.0,1469.955, NAN, NAN, NAN, NAN,,2024/04/10 11:30:48.377,2024-04-10 11:30:48.377000+00:00
2024/04/10, 11:31:48.377,41.346,-70.895, 5.55,0.3,358.06,5.52,6.7,6.7,1018.2,1018.2,0.0,0.0,0.03,0.01,120,110,7.1,5.5,83.2,83.0,8.9,7.1,135.9,132.1,1020.3,1020.3,70.49,298.23,402.59,29.6229,6.4793,193.2,0.0,1469.961, NAN, NAN, NAN, NAN,,2024/04/10 11:31:48.377,2024-04-10 11:31:48.377000+00:00
2024/04/10, 11:32:48.377,41.347,-70.895, 5.63,0.21,359.12,5.59,6.7,6.7,1018.2,1018.2,0.0,0.0,0.03,0.01,124,118,7.3,6.9,83.4,83.3,9.2,8.7,139.0,135.1,1020.3,1020.3,73.31,298.35,421.75,29.612,6.4834,206.3,0.0,1469.964, NAN, NAN, NAN, NAN,,2024/04/10 11:32:48.377,2024-04-10 11:32:48.377000+00:00
2024/04/10, 11:33:48.377,41.349,-70.895, 5.81,0.32,359.78,5.78,6.7,6.7,1018.3,1018.2,0.0,0.0,0.03,0.01,123,116,7.1,6.2,83.5,83.4,9.1,8.0,139.1,135.8,1020.4,1020.3,77.36,298.52,443.76,29.6022,6.4867,205.3,0.0,1469.965, NAN, NAN, NAN, NAN,,2024/04/10 11:33:48.377,2024-04-10 11:33:48.377000+00:00
2024/04/10, 11:34:48.377,41.351,-70.895, 5.76,0.13,359.59,5.73,6.7,6.7,1018.3,1018.2,0.0,0.0,0.03,0.01,124,118,7.1,6.3,83.7,83.5,9.1,8.1,139.6,136.7,1020.4,1020.3,87.34,299.02,503.27,29.5926,6.4879,197.4,0.0,1469.957, NAN, NAN, NAN, NAN,,2024/04/10 11:34:48.377,2024-04-10 11:34:48.377000+00:00
2024/04/10, 11:35:48.377,41.352,-70.895, 5.79,359.93,0.25,5.76,6.7,6.7,1018.3,1018.2,0.0,0.0,0.03,0.01,119,111,6.8,5.8,83.4,83.2,8.6,7.4,136.5,133.0,1020.4,1020.3,85.12,299.23,477.93,29.584,6.4875,197.4,0.0,1469.945, NAN, NAN, NAN, NAN,,2024/04/10 11:35:48.377,2024-04-10 11:35:48.377000+00:00
2024/04/10, 11:36:48.377,41.354,-70.895, 5.78,0.22,1.18,5.73,6.7,6.7,1018.3,1018.3,0.0,0.0,0.03,0.01,121,118,7.6,6.8,83.4,83.2,9.4,8.6,136.8,135.9,1020.4,1020.4,96.22,300.0,540.93,29.5755,6.4858,199.6,0.0,1469.928, NAN, NAN, NAN, NAN,,2024/04/10 11:36:48.377,2024-04-10 11:36:48.377000+00:00
2024/04/10, 11:37:48.377,41.355,-70.895, 5.77,0.14,0.68,5.69,6.7,6.7,1018.4,1018.3,0.0,0.0,0.03,0.01,120,111,6.8,5.8,83.2,83.1,8.6,7.4,137.3,133.0,1020.5,1020.4,94.46,300.72,511.77,29.5683,6.4801,208.4,0.0,1469.896, NAN, NAN, NAN, NAN,,2024/04/10 11:37:48.377,2024-04-10 11:37:48.377000+00:00
2024/04/10, 11:38:48.377,41.357,-70.895, 5.77,0.37,0.51,5.72,6.7,6.7,1018.4,1018.3,0.0,0.0,0.03,0.01,118,109,7.0,6.3,83.3,83.1,8.8,7.8,135.6,130.3,1020.5,1020.4,102.81,301.08,554.59,29.5605,6.4747,207.8,0.0,1469.865, NAN, NAN, NAN, NAN,,2024/04/10 11:38:48.377,2024-04-10 11:38:48.377000+00:00
2024/04/10, 11:39:48.377,41.359,-70.895, 5.81,0.23,0.62,5.73,6.7,6.7,1018.4,1018.3,0.0,0.0,0.03,0.01,122,114,7.0,5.8,83.3,83.2,8.9,7.5,138.6,135.4,1020.5,1020.4,113.63,302.2,611.35,29.5538,6.468,214.2,0.0,1469.83, NAN, NAN, NAN, NAN,,2024/04/10 11:39:48.377,2024-04-10 11:39:48.377000+00:00
2024/04/10, 11:40:48.377,41.36,-70.895, 5.20,0.57,359.82,5.78,6.7,6.7,1018.4,1018.4,0.0,0.0,0.03,0.01,123,117,7.3,6.3,83.0,83.0,9.3,8.1,139.0,136.5,1020.5,1020.5,123.19,302.96,662.93,29.548,6.4596,208.7,0.0,1469.789, NAN, NAN, NAN, NAN,,2024/04/10 11:40:48.377,2024-04-10 11:40:48.377000+00:00
2024/04/10, 11:41:48.377,41.362,-70.895, 5.66,0.09,0.34,5.71,6.7,6.8,1018.4,1018.4,0.0,0.0,0.03,0.01,123,117,7.1,6.0,83.2,83.2,9.0,7.8,138.9,136.8,1020.5,1020.5,120.83,303.82,629.32,29.5429,6.4506,198.6,0.0,1469.747, NAN, NAN, NAN, NAN,,2024/04/10 11:41:48.377,2024-04-10 11:41:48.377000+00:00
2024/04/10, 11:42:48.377,41.363,-70.895, 5.81,0.55,359.74,5.73,6.7,6.8,1018.4,1018.4,0.0,0.0,0.03,0.01,125,119,8.7,7.8,82.7,82.7,10.7,9.6,138.4,135.0,1020.5,1020.5,120.55,304.72,608.29,29.537,6.4359,192.5,0.0,1469.681, NAN, NAN, NAN, NAN,,2024/04/10 11:42:48.377,2024-04-10 11:42:48.377000+00:00
2024/04/10, 11:43:48.377,41.365,-70.895, 4.94,0.21,359.72,5.53,6.8,6.8,1018.4,1018.4,0.0,0.0,0.03,0.01,127,117,7.9,6.4,82.1,82.0,9.9,8.1,140.4,135.3,1020.5,1020.5,125.01,306.05,619.33,29.5326,6.412,193.7,0.0,1469.58, NAN, NAN, NAN, NAN,,2024/04/10 11:43:48.377,2024-04-10 11:43:48.377000+00:00
2024/04/10, 11:44:48.377,41.366,-70.895, 5.18,0.46,359.0,5.09,6.8,6.8,1018.3,1018.3,0.0,0.0,0.03,0.01,126,116,7.7,6.2,82.0,81.9,9.5,7.8,139.1,133.9,1020.4,1020.4,115.94,306.74,547.39,29.5282,6.3848,188.5,0.0,1469.466, NAN, NAN, NAN, NAN,,2024/04/10 11:44:48.377,2024-04-10 11:44:48.377000+00:00
2024/04/10, 11:45:48.377,41.368,-70.895, 4.92,0.56,359.91,4.85,6.8,6.8,1018.3,1018.3,0.0,0.0,0.03,0.01,128,124,8.5,7.4,81.8,81.7,10.2,9.1,139.5,137.6,1020.4,1020.4,121.67,307.48,563.09,29.5249,6.3672,184.9,0.0,1469.392, NAN, NAN, NAN, NAN,,2024/04/10 11:45:48.377,2024-04-10 11:45:48.377000+00:00
2024/04/10, 11:46:48.378,41.369,-70.895, 4.71,3.73,0.63,4.73,6.8,6.9,1018.3,1018.3,0.0,0.0,0.03,0.01,127,121,8.5,7.5,81.3,81.2,10.2,9.1,141.2,137.5,1020.4,1020.4,124.21,308.62,570.88,29.521,6.3558,183.1,0.0,1469.341, NAN, NAN, NAN, NAN,,2024/04/10 11:46:48.378,2024-04-10 11:46:48.378000+00:00
2024/04/10, 11:47:48.378,41.37,-70.895, 4.40,19.44,8.79,4.44,6.9,6.9,1018.3,1018.3,0.0,0.0,0.03,0.01,112,107,7.7,7.1,81.2,81.0,9.1,8.4,143.6,140.4,1020.4,1020.4,128.68,309.31,583.68,29.5185,6.347,182.8,0.0,1469.303, NAN, NAN, NAN, NAN,,2024/04/10 11:47:48.378,2024-04-10 11:47:48.378000+00:00
2024/04/10, 11:48:48.378,41.372,-70.895, 3.98,35.33,17.36,4.11,6.9,6.9,1018.3,1018.3,0.0,0.0,0.03,0.01,100,94,8.4,7.2,82.0,81.9,9.6,8.2,146.6,143.2,1020.4,1020.4,134.12,309.65,623.9,29.5153,6.344,183.1,0.0,1469.287, NAN, NAN, NAN, NAN,,2024/04/10 11:48:48.378,2024-04-10 11:48:48.378000+00:00
2024/04/10, 11:49:48.378,41.373,-70.894, 3.64,44.77,23.81,3.87,6.9,6.9,1018.2,1018.2,0.0,0.0,0.03,0.01,82,76,8.0,8.6,81.3,81.1,8.7,9.1,139.7,133.4,1020.3,1020.3,141.34,310.07,667.3,29.5121,6.344,184.9,0.0,1469.283, NAN, NAN, NAN, NAN,,2024/04/10 11:49:48.378,2024-04-10 11:49:48.378000+00:00
2024/04/10, 11:50:48.378,41.374,-70.894, 3.58,50.71,27.31,3.97,6.9,6.9,1018.2,1018.2,0.0,0.0,0.03,0.01,83,76,9.6,10.1,81.6,81.5,10.4,10.6,144.6,137.7,1020.3,1020.3,153.6,309.63,739.63,29.5114,6.3439,184.3,0.0,1469.282, NAN, NAN, NAN, NAN,,2024/04/10 11:50:48.378,2024-04-10 11:50:48.378000+00:00
2024/04/10, 11:51:48.378,41.375,-70.893, 4.02,59.11,40.1,4.34,6.9,7.0,1018.3,1018.3,0.0,0.0,0.03,0.01,69,64,9.2,10.4,80.4,80.3,9.4,10.4,141.8,135.4,1020.4,1020.4,165.83,309.29,836.95,29.509,6.3419,190.1,0.0,1469.271, NAN, NAN, NAN, NAN,,2024/04/10 11:51:48.378,2024-04-10 11:51:48.378000+00:00
2024/04/10, 11:52:48.378,41.376,-70.892, 4.83,61.25,43.34,5.14,7.0,7.0,1018.3,1018.3,0.0,0.0,0.03,0.01,66,57,10.2,10.7,79.9,79.9,10.2,10.3,142.1,132.5,1020.4,1020.4,165.15,308.35,827.56,29.5084,6.3368,190.4,0.0,1469.249, NAN, NAN, NAN, NAN,,2024/04/10 11:52:48.378,2024-04-10 11:52:48.378000+00:00
2024/04/10, 11:53:48.378,41.377,-70.89, 5.50,60.39,46.3,5.69,7.0,7.0,1018.3,1018.3,0.0,0.0,0.03,0.01,67,58,10.8,10.7,79.6,79.9,10.8,10.2,143.0,134.2,1020.4,1020.4,173.92,307.17,889.56,29.5069,6.3309,193.7,0.0,1469.224, NAN, NAN, NAN, NAN,,2024/04/10 11:53:48.378,2024-04-10 11:53:48.378000+00:00
2024/04/10, 11:54:48.378,41.378,-70.889, 5.82,59.82,48.52,5.95,7.0,7.0,1018.3,1018.3,0.0,0.0,0.03,0.01,65,57,10.4,11.2,78.7,78.6,10.2,10.5,141.9,132.6,1020.4,1020.4,176.33,306.07,908.65,29.5076,6.3302,193.5,0.0,1469.222, NAN, NAN, NAN, NAN,,2024/04/10 11:54:48.378,2024-04-10 11:54:48.378000+00:00
2024/04/10, 11:55:48.378,41.379,-70.887, 6.01,60.13,45.81,6.16,7.1,7.1,1018.4,1018.4,0.0,0.0,0.03,0.01,62,55,9.8,11.3,77.6,77.6,9.5,10.5,140.9,131.3,1020.5,1020.5,169.42,304.42,878.85,29.5066,6.3342,193.7,0.0,1469.237, NAN, NAN, NAN, NAN,,2024/04/10 11:55:48.378,2024-04-10 11:55:48.378000+00:00
2024/04/10, 11:56:48.378,41.38,-70.885, 6.08,59.63,48.51,6.17,7.1,7.1,1018.4,1018.4,0.0,0.0,0.03,0.01,64,58,10.1,11.6,77.4,77.4,9.7,10.8,141.9,133.4,1020.5,1020.5,170.22,303.24,909.04,29.5065,6.3417,188.5,0.0,1469.267, NAN, NAN, NAN, NAN,,2024/04/10 11:56:48.378,2024-04-10 11:56:48.378000+00:00
2024/04/10, 11:57:48.378,41.381,-70.883, 5.98,59.25,49.6,5.94,7.2,7.2,1018.4,1018.4,0.0,0.0,0.03,0.01,62,57,9.0,10.4,76.4,76.3,8.5,9.6,141.1,133.2,1020.5,1020.5,188.79,302.59,1034.19,29.5064,6.3491,185.2,0.0,1469.296, NAN, NAN, NAN, NAN,,2024/04/10 11:57:48.378,2024-04-10 11:57:48.378000+00:00
2024/04/10, 11:58:48.378,41.382,-70.882, 5.15,59.83,49.43,5.16,7.3,7.3,1018.4,1018.4,0.0,0.0,0.03,0.01,66,58,9.1,10.8,75.1,75.1,8.9,10.1,142.7,131.9,1020.5,1020.5,188.27,301.4,1036.16,29.5066,6.3704,184.6,0.0,1469.381, NAN, NAN, NAN, NAN,,2024/04/10 11:58:48.378,2024-04-10 11:58:48.378000+00:00
2024/04/10, 11:59:48.378,41.383,-70.881, 4.52,59.81,49.4,4.45,7.3,7.4,1018.4,1018.4,0.0,0.0,0.03,0.01,71,64,9.8,11.0,75.0,74.4,9.8,10.6,144.2,135.8,1020.5,1020.5,227.54,301.3,1272.7,29.5078,6.3875,184.0,0.0,1469.451, NAN, NAN, NAN, NAN,,2024/04/10 11:59:48.378,2024-04-10 11:59:48.378000+00:00
2024/04/10, 12:00:48.378,41.384,-70.879, 4.05,60.09,44.54,4.14,7.4,7.6,1018.4,1018.4,0.0,0.0,0.03,0.01,64,58,8.2,9.5,74.4,73.5,8.0,9.1,139.1,131.0,1020.5,1020.5,244.37,300.79,1369.99,29.51,6.3837,186.1,0.0,1469.439, NAN, NAN, NAN, NAN,,2024/04/10 12:00:48.378,2024-04-10 12:00:48.378000+00:00
2024/04/10, 12:01:48.378,41.384,-70.878, 3.80,59.89,44.48,3.91,7.7,7.7,1018.4,1018.4,0.0,0.0,0.03,0.01,70,63,8.7,10.0,73.4,73.3,8.7,9.8,143.1,134.5,1020.5,1020.5,239.04,300.13,1376.58,29.5108,6.3613,178.5,0.0,1469.35, NAN, NAN, NAN, NAN,,2024/04/10 12:01:48.378,2024-04-10 12:01:48.378000+00:00
2024/04/10, 12:02:48.379,41.385,-70.877, 3.66,59.91,43.68,3.76,7.8,7.8,1018.4,1018.4,0.0,0.0,0.03,0.01,69,63,9.3,10.5,73.1,73.0,9.3,10.3,140.8,133.5,1020.5,1020.5,268.23,299.81,1529.32,29.5119,6.3391,178.8,0.0,1469.263, NAN, NAN, NAN, NAN,,2024/04/10 12:02:48.379,2024-04-10 12:02:48.379000+00:00
2024/04/10, 12:03:48.379,41.386,-70.876, 3.44,59.75,46.88,3.6,7.9,7.9,1018.4,1018.5,0.0,0.0,0.03,0.01,67,62,8.2,9.5,72.8,72.7,8.1,9.2,139.8,133.0,1020.5,1020.6,258.97,298.71,1480.36,29.5135,6.3253,176.0,0.0,1469.21, NAN, NAN, NAN, NAN,,2024/04/10 12:03:48.379,2024-04-10 12:03:48.379000+00:00
2024/04/10, 12:04:48.379,41.387,-70.875, 3.47,60.01,45.24,3.63,7.9,7.9,1018.4,1018.4,0.0,0.0,0.03,0.01,70,64,8.3,9.2,72.8,72.7,8.3,9.0,142.9,135.7,1020.5,1020.5,164.44,296.62,924.94,29.5152,6.315,176.7,0.0,1469.171, NAN, NAN, NAN, NAN,,2024/04/10 12:04:48.379,2024-04-10 12:04:48.379000+00:00
2024/04/10, 12:05:48.379,41.387,-70.874, 3.09,59.76,47.86,4.05,7.9,7.9,1018.4,1018.4,0.0,0.0,0.03,0.01,67,59,8.6,9.9,72.9,72.9,8.4,9.4,140.8,130.8,1020.5,1020.5,199.51,296.29,1153.04,29.5167,6.3109,177.2,0.0,1469.156, NAN, NAN, NAN, NAN,,2024/04/10 12:05:48.379,2024-04-10 12:05:48.379000+00:00
2024/04/10, 12:06:48.379,41.388,-70.873, 3.71,59.71,50.86,4.57,7.8,7.9,1018.5,1018.4,0.0,0.0,0.03,0.01,67,59,9.6,10.5,72.9,72.8,9.3,9.9,140.9,131.5,1020.6,1020.5,238.03,297.24,1363.81,29.5193,6.304,177.9,0.0,1469.132, NAN, NAN, NAN, NAN,,2024/04/10 12:06:48.379,2024-04-10 12:06:48.379000+00:00
2024/04/10, 12:07:48.379,41.389,-70.872, 4.02,60.08,50.9,4.88,7.8,7.9,1018.5,1018.4,0.0,0.0,0.03,0.01,63,55,9.3,10.3,73.0,73.0,8.9,9.5,138.7,128.9,1020.6,1020.5,246.17,297.12,1416.17,29.5219,6.3061,176.4,0.0,1469.144, NAN, NAN, NAN, NAN,,2024/04/10 12:07:48.379,2024-04-10 12:07:48.379000+00:00
2024/04/10, 12:08:48.379,41.39,-70.87, 4.24,60.0,51.91,5.06,7.8,7.9,1018.4,1018.4,0.0,0.0,0.03,0.01,62,53,8.5,10.1,73.4,73.3,8.0,9.1,139.8,127.4,1020.5,1020.5,234.14,296.73,1350.65,29.5237,6.3105,179.7,0.0,1469.164, NAN, NAN, NAN, NAN,,2024/04/10 12:08:48.379,2024-04-10 12:08:48.379000+00:00
2024/04/10, 12:09:48.379,41.391,-70.869, 3.31,60.01,48.24,4.04,7.8,7.8,1018.4,1018.4,0.0,0.0,0.03,0.01,72,64,9.8,10.0,73.6,73.6,9.8,9.7,144.2,136.0,1020.5,1020.5,262.72,297.92,1459.8,29.5273,6.3295,177.2,0.0,1469.244, NAN, NAN, NAN, NAN,,2024/04/10 12:09:48.379,2024-04-10 12:09:48.379000+00:00
2024/04/10, 12:10:48.379,41.391,-70.868, 2.33,68.89,43.79,3.33,7.9,7.9,1018.4,1018.4,0.0,0.0,0.03,0.01,67,58,8.2,8.9,73.5,73.4,8.4,8.8,147.7,138.0,1020.5,1020.5,335.37,298.62,1757.89,29.5302,6.3715,174.2,0.0,1469.415, NAN, NAN, NAN, NAN,,2024/04/10 12:10:48.379,2024-04-10 12:10:48.379000+00:00
2024/04/10, 12:11:48.379,41.392,-70.867, 2.16,64.3,50.32,2.96,7.8,7.9,1018.4,1018.4,0.0,0.0,0.03,0.01,63,56,8.7,10.3,73.6,73.5,8.6,10.0,137.4,128.7,1020.5,1020.5,344.1,299.05,1783.24,29.5337,6.3994,174.8,0.0,1469.531, NAN, NAN, NAN, NAN,,2024/04/10 12:11:48.379,2024-04-10 12:11:48.379000+00:00
2024/04/10, 12:12:48.379,41.392,-70.867, 1.62,69.82,41.04,2.68,7.8,7.9,1018.4,1018.3,0.0,0.0,0.03,0.01,60,52,8.3,10.0,73.0,73.0,8.3,9.8,139.3,129.7,1020.5,1020.4,334.79,298.96,1733.62,29.5365,6.4211,172.7,0.0,1469.621, NAN, NAN, NAN, NAN,,2024/04/10 12:12:48.379,2024-04-10 12:12:48.379000+00:00
2024/04/10, 12:13:48.379,41.393,-70.866, 1.07,72.82,39.01,2.27,7.8,7.9,1018.4,1018.3,0.0,0.0,0.03,0.01,62,55,7.8,9.0,73.6,73.5,8.0,9.1,143.1,135.2,1020.5,1020.4,313.6,299.58,1691.95,29.5415,6.4316,172.7,0.0,1469.669, NAN, NAN, NAN, NAN,,2024/04/10 12:13:48.379,2024-04-10 12:13:48.379000+00:00
2024/04/10, 12:14:48.379,41.393,-70.866, 0.96,73.54,33.52,2.17,7.9,7.9,1018.4,1018.4,0.0,0.0,0.03,0.01,60,53,9.0,10.7,73.9,74.0,9.3,10.8,140.4,132.5,1020.5,1020.5,319.41,299.62,1713.58,29.5443,6.4374,174.2,0.0,1469.696, NAN, NAN, NAN, NAN,,2024/04/10 12:14:48.379,2024-04-10 12:14:48.379000+00:00
2024/04/10, 12:15:48.379,41.394,-70.865, 0.83,73.28,34.75,1.97,7.9,7.9,1018.3,1018.4,0.0,0.0,0.03,0.01,59,51,8.2,10.2,73.7,73.9,8.4,10.2,139.2,130.0,1020.4,1020.5,318.27,300.17,1699.49,29.5472,6.4438,175.7,0.0,1469.725, NAN, NAN, NAN, NAN,,2024/04/10 12:15:48.379,2024-04-10 12:15:48.379000+00:00
2024/04/10, 12:16:48.379,41.394,-70.864, 2.46,64.55,51.13,3.6,7.9,7.9,1018.3,1018.3,0.0,0.0,0.03,0.01,61,55,9.3,11.0,74.1,74.2,9.0,10.5,137.0,129.1,1020.4,1020.4,273.26,299.68,1405.77,29.5522,6.4466,174.2,0.0,1469.742, NAN, NAN, NAN, NAN,,2024/04/10 12:16:48.379,2024-04-10 12:16:48.379000+00:00
2024/04/10, 12:17:48.379,41.395,-70.863, 3.99,64.75,55.99,5.03,7.9,7.9,1018.3,1018.3,0.0,0.0,0.03,0.01,59,52,9.7,11.4,73.8,73.8,9.0,10.4,139.1,129.3,1020.4,1020.4,339.34,300.21,1705.37,29.5555,6.4357,174.5,0.0,1469.703, NAN, NAN, NAN, NAN,,2024/04/10 12:17:48.379,2024-04-10 12:17:48.379000+00:00
2024/04/10, 12:18:48.380,41.396,-70.861, 4.89,64.52,58.06,5.83,7.9,7.8,1018.4,1018.4,0.0,0.0,0.03,0.01,57,50,10.6,12.1,73.8,74.6,9.6,10.7,137.7,128.0,1020.5,1020.5,362.47,301.2,1800.52,29.5596,6.426,175.4,0.0,1469.67, NAN, NAN, NAN, NAN,,2024/04/10 12:18:48.380,2024-04-10 12:18:48.380000+00:00
2024/04/10, 12:19:48.380,41.397,-70.859, 5.34,62.81,59.04,6.21,7.8,7.8,1018.3,1018.3,0.0,0.0,0.03,0.01,57,50,10.0,11.8,74.8,74.8,8.9,10.2,138.1,127.4,1020.4,1020.4,354.62,300.26,1783.45,29.5636,6.4208,172.4,0.0,1469.654, NAN, NAN, NAN, NAN,,2024/04/10 12:19:48.380,2024-04-10 12:19:48.380000+00:00
2024/04/10, 12:20:48.380,41.398,-70.857, 5.67,63.07,60.5,6.47,7.6,7.7,1018.3,1018.3,0.0,0.0,0.03,0.01,58,52,11.5,12.9,75.6,75.6,10.3,11.3,137.5,129.0,1020.4,1020.4,327.63,299.96,1649.13,29.5678,6.4121,173.9,0.0,1469.624, NAN, NAN, NAN, NAN,,2024/04/10 12:20:48.380,2024-04-10 12:20:48.380000+00:00
2024/04/10, 12:21:48.380,41.399,-70.855, 5.13,59.58,57.87,5.9,7.5,7.6,1018.3,1018.3,0.0,0.0,0.03,0.01,64,58,10.7,12.0,76.0,76.0,9.8,10.8,139.9,131.6,1020.4,1020.4,329.68,300.09,1652.2,29.5718,6.3956,174.2,0.0,1469.564, NAN, NAN, NAN, NAN,,2024/04/10 12:21:48.380,2024-04-10 12:21:48.380000+00:00
2024/04/10, 12:22:48.380,41.4,-70.854, 4.46,58.83,57.65,5.36,7.5,7.5,1018.2,1018.3,0.0,0.0,0.03,0.01,68,63,11.0,11.9,76.2,76.2,10.4,11.0,141.3,134.9,1020.3,1020.4,350.99,300.12,1728.25,29.5762,6.3884,175.7,0.0,1469.541, NAN, NAN, NAN, NAN,,2024/04/10 12:22:48.380,2024-04-10 12:22:48.380000+00:00
2024/04/10, 12:23:48.380,41.4,-70.852, 4.02,57.68,57.69,5.06,7.5,7.5,1018.4,1018.3,0.0,0.0,0.03,0.01,70,67,10.9,11.4,76.2,76.3,10.3,10.7,141.4,137.7,1020.5,1020.4,328.59,299.69,1627.95,29.58,6.3852,175.4,0.0,1469.533, NAN, NAN, NAN, NAN,,2024/04/10 12:23:48.380,2024-04-10 12:23:48.380000+00:00
2024/04/10, 12:24:48.380,41.401,-70.851, 4.13,57.0,55.63,4.93,7.4,7.4,1018.4,1018.4,0.0,0.0,0.03,0.01,72,69,10.3,10.6,76.5,76.5,9.9,10.0,143.2,139.7,1020.5,1020.5,357.49,299.76,1743.41,29.5847,6.3853,180.0,0.0,1469.539, NAN, NAN, NAN, NAN,,2024/04/10 12:24:48.380,2024-04-10 12:24:48.380000+00:00
2024/04/10, 12:25:48.380,41.402,-70.849, 3.67,56.33,55.86,4.94,7.4,7.4,1018.4,1018.4,0.0,0.0,0.03,0.01,71,67,10.8,11.4,76.9,76.9,10.3,10.7,140.9,136.0,1020.5,1020.5,246.05,297.39,1308.62,29.5902,6.3833,188.8,0.0,1469.538, NAN, NAN, NAN, NAN,,2024/04/10 12:25:48.380,2024-04-10 12:25:48.380000+00:00
2024/04/10, 12:26:48.380,41.403,-70.848, 3.49,56.62,55.02,5.0,7.3,7.4,1018.4,1018.4,0.0,0.0,0.03,0.01,71,67,10.2,10.9,77.3,77.3,9.8,10.3,142.2,137.1,1020.5,1020.5,277.47,297.48,1418.82,29.5949,6.3781,192.2,0.0,1469.523, NAN, NAN, NAN, NAN,,2024/04/10 12:26:48.380,2024-04-10 12:26:48.380000+00:00
2024/04/10, 12:27:48.380,41.403,-70.846, 3.65,57.53,53.57,5.01,7.3,7.4,1018.4,1018.4,0.0,0.0,0.03,0.01,67,63,11.1,12.0,77.0,77.1,10.5,11.2,137.9,132.7,1020.5,1020.5,326.36,298.27,1603.84,29.5997,6.3779,184.9,0.0,1469.528, NAN, NAN, NAN, NAN,,2024/04/10 12:27:48.380,2024-04-10 12:27:48.380000+00:00
2024/04/10, 12:28:48.380,41.404,-70.845, 3.61,56.93,55.56,5.03,7.3,7.4,1018.4,1018.4,0.0,0.0,0.03,0.01,69,63,10.1,11.3,77.0,77.0,9.6,10.5,140.7,132.9,1020.5,1020.5,316.78,297.74,1542.17,29.6048,6.3799,179.4,0.0,1469.543, NAN, NAN, NAN, NAN,,2024/04/10 12:28:48.380,2024-04-10 12:28:48.380000+00:00
2024/04/10, 12:29:48.380,41.405,-70.843, 3.84,56.72,55.38,5.02,7.3,7.4,1018.4,1018.4,0.0,0.0,0.03,0.01,69,62,9.8,10.8,76.9,76.8,9.3,9.9,140.9,132.2,1020.5,1020.5,336.98,297.98,1613.58,29.6097,6.3819,182.8,0.0,1469.557, NAN, NAN, NAN, NAN,,2024/04/10 12:29:48.380,2024-04-10 12:29:48.380000+00:00
2024/04/10, 12:30:48.380,41.406,-70.842, 3.71,56.9,54.46,5.07,7.4,7.4,1018.5,1018.4,0.0,0.0,0.03,0.01,69,63,10.3,11.5,77.3,77.2,9.8,10.7,140.5,132.7,1020.6,1020.5,283.29,296.96,1459.74,29.6149,6.3842,177.0,0.0,1469.572, NAN, NAN, NAN, NAN,,2024/04/10 12:30:48.380,2024-04-10 12:30:48.380000+00:00
2024/04/10, 12:31:48.380,41.407,-70.84, 3.82,57.09,56.64,5.15,7.4,7.4,1018.4,1018.4,0.0,0.0,0.03,0.01,72,68,8.9,9.7,76.8,76.8,8.5,9.1,146.4,140.8,1020.5,1020.5,304.37,297.61,1458.58,29.6203,6.3874,175.2,0.0,1469.592, NAN, NAN, NAN, NAN,,2024/04/10 12:31:48.380,2024-04-10 12:31:48.380000+00:00
2024/04/10, 12:32:48.380,41.407,-70.838, 3.78,56.82,56.81,5.2,7.4,7.4,1018.4,1018.4,0.0,0.0,0.03,0.01,68,62,9.3,10.4,76.9,76.8,8.7,9.4,141.4,133.3,1020.5,1020.5,299.48,297.38,1474.63,29.6252,6.3896,179.1,0.0,1469.607, NAN, NAN, NAN, NAN,,2024/04/10 12:32:48.380,2024-04-10 12:32:48.380000+00:00
2024/04/10, 12:33:48.380,41.408,-70.837, 3.93,56.52,57.32,5.19,7.4,7.4,1018.4,1018.6,0.0,0.0,0.03,0.01,69,64,9.7,10.4,77.5,77.4,9.1,9.5,141.4,135.0,1020.5,1020.7,253.85,296.29,1188.19,29.6312,6.3909,177.0,0.0,1469.62, NAN, NAN, NAN, NAN,,2024/04/10 12:33:48.380,2024-04-10 12:33:48.380000+00:00
2024/04/10, 12:34:48.381,41.409,-70.835, 4.08,56.99,56.97,5.25,7.4,7.4,1018.4,1018.6,0.0,0.0,0.03,0.01,68,62,9.8,10.3,77.0,77.0,9.1,9.3,140.9,133.8,1020.5,1020.7,191.99,295.43,978.86,29.636,6.389,171.5,0.0,1469.618, NAN, NAN, NAN, NAN,,2024/04/10 12:34:48.381,2024-04-10 12:34:48.381000+00:00
2024/04/10, 12:35:48.381,41.41,-70.834, 3.97,56.78,57.92,5.25,7.4,7.4,1018.5,1018.5,0.0,0.0,0.03,0.01,71,66,9.5,10.4,77.1,77.1,9.0,9.6,144.3,137.6,1020.6,1020.6,238.21,295.88,1263.66,29.6419,6.386,168.8,0.0,1469.613, NAN, NAN, NAN, NAN,,2024/04/10 12:35:48.381,2024-04-10 12:35:48.381000+00:00
2024/04/10, 12:36:48.381,41.411,-70.832, 3.87,56.15,56.36,5.29,7.4,7.4,1018.4,1018.4,0.0,0.0,0.03,0.01,69,64,9.1,10.1,76.6,76.6,8.5,9.2,142.5,135.5,1020.5,1020.5,280.67,296.81,1421.42,29.6473,6.3885,170.0,0.0,1469.63, NAN, NAN, NAN, NAN,,2024/04/10 12:36:48.381,2024-04-10 12:36:48.381000+00:00
2024/04/10, 12:37:48.381,41.411,-70.83, 4.25,55.91,56.0,5.25,7.5,7.5,1018.4,1018.5,0.0,0.0,0.03,0.01,70,66,9.6,10.5,76.9,76.9,9.0,9.7,142.2,136.6,1020.5,1020.6,249.0,296.77,1251.51,29.6534,6.3918,179.4,0.0,1469.651, NAN, NAN, NAN, NAN,,2024/04/10 12:37:48.381,2024-04-10 12:37:48.381000+00:00
2024/04/10, 12:38:48.381,41.412,-70.829, 4.05,56.02,56.25,5.27,7.5,7.5,1018.4,1018.5,0.0,0.0,0.03,0.01,72,67,9.4,10.0,76.2,76.2,8.9,9.3,144.8,138.6,1020.5,1020.6,282.03,297.2,1378.14,29.6586,6.394,169.6,0.0,1469.666, NAN, NAN, NAN, NAN,,2024/04/10 12:38:48.381,2024-04-10 12:38:48.381000+00:00
2024/04/10, 12:39:48.381,41.413,-70.827, 4.04,56.2,55.97,5.3,7.5,7.5,1018.4,1018.5,0.0,0.0,0.03,0.01,74,70,9.4,10.0,76.0,76.0,9.0,9.4,147.0,142.0,1020.5,1020.6,267.86,297.69,1326.82,29.6641,6.3977,169.6,0.0,1469.688, NAN, NAN, NAN, NAN,,2024/04/10 12:39:48.381,2024-04-10 12:39:48.381000+00:00
2024/04/10, 12:40:48.381,41.414,-70.825, 4.12,55.54,56.15,5.54,7.6,7.6,1018.4,1018.4,0.0,0.0,0.03,0.01,76,72,9.4,10.0,75.6,75.6,9.1,9.5,149.1,144.1,1020.5,1020.5,290.19,298.35,1426.1,29.6697,6.4035,174.8,0.0,1469.718, NAN, NAN, NAN, NAN,,2024/04/10 12:40:48.381,2024-04-10 12:40:48.381000+00:00
2024/04/10, 12:41:48.381,41.415,-70.824, 4.71,55.71,56.44,5.98,7.6,7.6,1018.4,1018.4,0.0,0.0,0.03,0.01,73,68,9.6,10.4,75.6,75.5,9.1,9.6,147.4,140.8,1020.5,1020.5,360.71,299.94,1714.42,29.676,6.4086,175.2,0.0,1469.746, NAN, NAN, NAN, NAN,,2024/04/10 12:41:48.381,2024-04-10 12:41:48.381000+00:00
2024/04/10, 12:42:48.381,41.416,-70.822, 4.89,56.07,56.0,6.23,7.6,7.6,1018.4,1018.4,0.0,0.0,0.03,0.01,71,64,10.0,11.2,75.4,75.3,9.5,10.2,145.7,136.5,1020.5,1020.5,383.23,300.54,1801.7,29.6817,6.4159,172.4,0.0,1469.783, NAN, NAN, NAN, NAN,,2024/04/10 12:42:48.381,2024-04-10 12:42:48.381000+00:00
2024/04/10, 12:43:48.381,41.417,-70.82, 5.03,55.77,55.38,6.37,7.6,7.7,1018.3,1018.4,0.0,0.0,0.03,0.01,72,67,10.3,11.0,74.9,75.0,9.8,10.2,146.3,140.0,1020.4,1020.5,286.77,298.84,1352.42,29.6874,6.4234,173.9,0.0,1469.82, NAN, NAN, NAN, NAN,,2024/04/10 12:43:48.381,2024-04-10 12:43:48.381000+00:00
2024/04/10, 12:44:48.381,41.418,-70.818, 5.21,55.71,55.53,6.46,7.7,7.7,1018.4,1018.4,0.0,0.0,0.03,0.01,72,67,10.7,11.4,74.2,74.2,10.2,10.6,145.8,139.5,1020.5,1020.5,457.48,301.71,2066.11,29.6935,6.429,171.2,0.0,1469.85, NAN, NAN, NAN, NAN,,2024/04/10 12:44:48.381,2024-04-10 12:44:48.381000+00:00
2024/04/10, 12:45:48.381,41.419,-70.816, 5.19,56.03,55.07,6.52,7.8,7.8,1018.4,1018.4,0.0,0.0,0.03,0.01,72,67,10.0,10.7,73.4,73.3,9.6,9.9,147.6,141.2,1020.5,1020.5,459.04,301.42,2070.74,29.6996,6.4375,170.3,0.0,1469.891, NAN, NAN, NAN, NAN,,2024/04/10 12:45:48.381,2024-04-10 12:45:48.381000+00:00
2024/04/10, 12:46:48.381,41.42,-70.814, 5.23,55.73,54.69,6.59,7.8,7.9,1018.4,1018.5,0.0,0.0,0.03,0.01,74,69,10.3,10.9,73.4,72.9,10.0,10.3,148.9,142.8,1020.5,1020.6,455.33,301.08,2044.22,29.7053,6.4449,170.8,0.0,1469.928, NAN, NAN, NAN, NAN,,2024/04/10 12:46:48.381,2024-04-10 12:46:48.381000+00:00
2024/04/10, 12:47:48.381,41.421,-70.812, 5.38,55.62,54.96,6.65,7.9,7.9,1018.4,1018.6,0.0,0.0,0.03,0.01,71,66,9.6,10.3,72.7,72.6,9.1,9.5,147.5,141.0,1020.5,1020.7,448.94,300.78,2011.93,29.7115,6.4521,171.5,0.0,1469.964, NAN, NAN, NAN, NAN,,2024/04/10 12:47:48.381,2024-04-10 12:47:48.381000+00:00
2024/04/10, 12:48:48.381,41.422,-70.81, 5.23,55.79,54.56,6.76,7.9,7.9,1018.4,1018.5,0.0,0.0,0.03,0.01,74,71,9.7,10.3,72.3,72.6,9.4,9.8,150.7,146.5,1020.5,1020.6,413.94,300.22,1856.48,29.7173,6.4593,174.2,0.0,1470.0, NAN, NAN, NAN, NAN,,2024/04/10 12:48:48.381,2024-04-10 12:48:48.381000+00:00
2024/04/10, 12:49:48.381,41.423,-70.808, 5.22,55.31,54.4,6.82,8.0,8.0,1018.4,1018.5,0.0,0.0,0.03,0.01,76,71,9.7,10.4,71.6,71.6,9.5,9.9,152.3,146.0,1020.5,1020.6,279.61,297.99,1311.02,29.7233,6.4677,171.8,0.0,1470.041, NAN, NAN, NAN, NAN,,2024/04/10 12:49:48.381,2024-04-10 12:49:48.381000+00:00
2024/04/10, 12:50:48.382,41.424,-70.806, 5.47,55.67,55.74,6.92,8.1,8.1,1018.4,1018.5,0.0,0.0,0.03,0.01,78,74,9.3,10.1,71.5,71.5,9.3,9.8,155.8,150.2,1020.5,1020.6,247.93,297.6,1154.74,29.7293,6.4791,170.8,0.0,1470.094, NAN, NAN, NAN, NAN,,2024/04/10 12:50:48.382,2024-04-10 12:50:48.382000+00:00
2024/04/10, 12:51:48.382,41.425,-70.804, 5.47,55.55,54.78,6.84,8.1,8.1,1018.4,1018.5,0.0,0.0,0.03,0.01,71,66,9.7,10.5,71.3,71.2,9.2,9.7,147.8,141.1,1020.5,1020.6,401.15,299.1,1780.75,29.7352,6.4892,173.6,0.0,1470.141, NAN, NAN, NAN, NAN,,2024/04/10 12:51:48.382,2024-04-10 12:51:48.382000+00:00
2024/04/10, 12:52:48.382,41.426,-70.802, 5.42,55.01,54.74,6.84,8.2,8.2,1018.4,1018.4,0.0,0.0,0.03,0.01,70,65,9.2,10.4,71.6,71.6,8.7,9.5,147.5,139.7,1020.5,1020.5,378.1,298.83,1687.82,29.7414,6.4988,168.1,0.0,1470.187, NAN, NAN, NAN, NAN,,2024/04/10 12:52:48.382,2024-04-10 12:52:48.382000+00:00
2024/04/10, 12:53:48.382,41.427,-70.8, 5.58,55.53,54.86,6.84,8.2,8.2,1018.4,1018.4,0.0,0.0,0.03,0.01,70,66,9.4,10.1,71.1,71.0,8.9,9.3,147.5,141.9,1020.5,1020.5,378.62,298.36,1702.51,29.7473,6.5068,172.7,0.0,1470.227, NAN, NAN, NAN, NAN,,2024/04/10 12:53:48.382,2024-04-10 12:53:48.382000+00:00
2024/04/10, 12:54:48.382,41.428,-70.797, 5.51,55.74,55.69,6.87,8.2,8.2,1018.3,1018.4,0.0,0.0,0.03,0.01,76,70,9.7,10.5,70.7,70.7,9.5,9.9,152.9,145.4,1020.4,1020.5,359.76,298.07,1587.76,29.7536,6.5113,172.4,0.0,1470.252, NAN, NAN, NAN, NAN,,2024/04/10 12:54:48.382,2024-04-10 12:54:48.382000+00:00
2024/04/10, 12:55:48.382,41.43,-70.795, 5.28,55.75,55.89,6.85,8.2,8.2,1018.3,1018.3,0.0,0.0,0.03,0.01,71,67,9.4,10.2,70.7,70.6,8.9,9.4,148.7,142.9,1020.4,1020.4,380.83,298.62,1690.63,29.7594,6.5149,175.4,0.0,1470.274, NAN, NAN, NAN, NAN,,2024/04/10 12:55:48.382,2024-04-10 12:55:48.382000+00:00
2024/04/10, 12:56:48.382,41.431,-70.793, 5.28,55.99,57.07,6.9,8.2,8.3,1018.3,1018.3,0.0,0.0,0.03,0.01,71,65,9.4,10.5,69.7,69.7,8.8,9.5,149.1,140.6,1020.4,1020.4,345.07,297.95,1547.93,29.7654,6.5192,178.8,0.0,1470.299, NAN, NAN, NAN, NAN,,2024/04/10 12:56:48.382,2024-04-10 12:56:48.382000+00:00
2024/04/10, 12:57:48.382,41.432,-70.791, 5.55,55.38,56.15,6.96,8.3,8.3,1018.4,1018.4,0.0,0.0,0.03,0.01,68,62,9.3,10.4,69.6,69.6,8.6,9.2,146.0,137.3,1020.5,1020.5,351.54,297.7,1593.22,29.7713,6.5216,173.0,0.0,1470.315, NAN, NAN, NAN, NAN,,2024/04/10 12:57:48.382,2024-04-10 12:57:48.382000+00:00
2024/04/10, 12:58:48.382,41.433,-70.789, 5.39,55.72,56.02,6.97,8.3,8.4,1018.3,1018.4,0.0,0.0,0.03,0.01,73,69,9.9,10.7,68.9,68.8,9.5,10.0,149.9,144.3,1020.4,1020.5,405.78,298.29,1800.04,29.7774,6.5268,167.8,0.0,1470.344, NAN, NAN, NAN, NAN,,2024/04/10 12:58:48.382,2024-04-10 12:58:48.382000+00:00
2024/04/10, 12:59:48.382,41.434,-70.787, 4.81,55.56,55.83,6.36,8.3,8.4,1018.4,1018.4,0.0,0.0,0.03,0.01,72,67,9.2,10.0,68.9,68.8,8.7,9.2,148.4,141.6,1020.5,1020.5,440.7,298.31,1909.4,29.7832,6.5347,167.5,0.0,1470.382, NAN, NAN, NAN, NAN,,2024/04/10 12:59:48.382,2024-04-10 12:59:48.382000+00:00
2024/04/10, 13:00:48.382,41.435,-70.785, 4.05,55.88,55.69,5.72,8.4,8.4,1018.4,1018.4,0.0,0.0,0.03,0.01,73,69,9.0,9.9,68.2,68.2,8.6,9.3,147.9,142.1,1020.5,1020.5,427.97,298.27,1869.36,29.7896,6.5423,173.3,0.0,1470.421, NAN, NAN, NAN, NAN,,2024/04/10 13:00:48.382,2024-04-10 13:00:48.382000+00:00
2024/04/10, 13:01:48.382,41.436,-70.783, 3.52,55.63,54.58,5.35,8.4,8.4,1018.4,1018.4,0.0,0.0,0.03,0.01,74,68,8.8,9.3,68.6,68.1,8.5,8.7,147.8,140.8,1020.5,1020.5,425.06,298.02,1839.03,29.7957,6.5518,169.6,0.0,1470.466, NAN, NAN, NAN, NAN,,2024/04/10 13:01:48.382,2024-04-10 13:01:48.382000+00:00
2024/04/10, 13:02:48.382,41.436,-70.782, 3.33,55.55,54.41,5.11,8.5,8.5,1018.4,1018.4,0.0,0.0,0.03,0.01,78,72,8.5,9.0,68.1,68.0,8.4,8.6,151.4,144.5,1020.5,1020.5,394.04,297.13,1715.92,29.8022,6.5595,172.0,0.0,1470.505, NAN, NAN, NAN, NAN,,2024/04/10 13:02:48.382,2024-04-10 13:02:48.382000+00:00
2024/04/10, 13:03:48.382,41.437,-70.78, 3.12,55.64,53.61,5.0,8.5,8.5,1018.3,1018.4,0.0,0.0,0.03,0.01,82,77,9.7,10.1,68.5,68.0,9.8,9.9,152.8,147.3,1020.4,1020.5,441.32,297.75,1892.7,29.8081,6.5666,174.8,0.0,1470.54, NAN, NAN, NAN, NAN,,2024/04/10 13:03:48.382,2024-04-10 13:03:48.382000+00:00
2024/04/10, 13:04:48.382,41.438,-70.779, 2.95,55.57,54.02,4.95,8.5,8.5,1018.4,1018.5,0.0,0.0,0.03,0.01,75,68,7.8,8.6,68.0,67.9,7.6,8.1,149.5,140.7,1020.5,1020.6,473.12,298.41,1995.21,29.8139,6.5743,174.2,0.0,1470.578, NAN, NAN, NAN, NAN,,2024/04/10 13:04:48.382,2024-04-10 13:04:48.382000+00:00
2024/04/10, 13:05:48.382,41.439,-70.777, 3.00,55.52,53.45,4.91,8.5,8.6,1018.4,1018.4,0.0,0.0,0.03,0.01,78,72,8.9,9.6,68.3,68.3,8.8,9.2,149.9,142.8,1020.5,1020.5,491.23,298.59,2064.42,29.8197,6.5827,169.3,0.0,1470.619, NAN, NAN, NAN, NAN,,2024/04/10 13:05:48.382,2024-04-10 13:05:48.382000+00:00
2024/04/10, 13:06:48.383,41.44,-70.776, 3.04,55.7,53.54,4.83,8.6,8.6,1018.4,1018.4,0.0,0.0,0.03,0.01,74,67,8.1,9.0,68.3,68.3,7.9,8.4,147.5,138.7,1020.5,1020.5,496.42,298.57,2077.09,29.8262,6.588,169.6,0.0,1470.648, NAN, NAN, NAN, NAN,,2024/04/10 13:06:48.383,2024-04-10 13:06:48.383000+00:00
2024/04/10, 13:07:48.383,41.441,-70.775, 3.06,55.52,53.13,4.76,8.6,8.7,1018.5,1018.6,0.0,0.0,0.03,0.01,68,63,8.1,9.4,68.5,68.5,7.6,8.7,141.1,133.4,1020.6,1020.7,502.71,298.36,2083.39,29.8324,6.5926,168.1,0.0,1470.674, NAN, NAN, NAN, NAN,,2024/04/10 13:07:48.383,2024-04-10 13:07:48.383000+00:00
2024/04/10, 13:08:48.383,41.441,-70.773, 2.92,55.65,53.84,4.8,8.7,8.7,1018.5,1018.6,0.0,0.0,0.03,0.01,75,70,7.1,7.9,67.9,67.9,7.0,7.5,150.8,143.8,1020.6,1020.7,509.48,298.5,2096.23,29.8389,6.5987,171.5,0.0,1470.706, NAN, NAN, NAN, NAN,,2024/04/10 13:08:48.383,2024-04-10 13:08:48.383000+00:00
2024/04/10, 13:09:48.383,41.442,-70.772, 2.98,55.47,53.56,4.88,8.7,8.7,1018.4,1018.5,0.0,0.0,0.03,0.01,75,70,8.6,9.2,68.4,67.9,8.4,8.8,147.4,141.3,1020.5,1020.6,483.22,298.26,2012.59,29.8446,6.6068,175.4,0.0,1470.745, NAN, NAN, NAN, NAN,,2024/04/10 13:09:48.383,2024-04-10 13:09:48.383000+00:00
2024/04/10, 13:10:48.383,41.443,-70.77, 3.07,55.95,52.44,4.83,8.8,8.8,1018.5,1018.6,0.0,0.0,0.03,0.01,75,70,8.5,9.3,68.0,68.0,8.4,8.9,147.9,141.4,1020.6,1020.7,490.38,298.43,2016.42,29.8507,6.6122,167.5,0.0,1470.774, NAN, NAN, NAN, NAN,,2024/04/10 13:10:48.383,2024-04-10 13:10:48.383000+00:00
2024/04/10, 13:11:48.383,41.444,-70.769, 3.22,55.94,52.91,4.84,8.8,8.8,1018.4,1018.6,0.0,0.0,0.03,0.01,74,69,8.5,9.1,67.6,67.6,8.3,8.7,146.9,140.8,1020.5,1020.7,514.6,299.01,2089.08,29.8568,6.6154,169.0,0.0,1470.795, NAN, NAN, NAN, NAN,,2024/04/10 13:11:48.383,2024-04-10 13:11:48.383000+00:00
2024/04/10, 13:12:48.383,41.445,-70.767, 2.97,55.52,52.12,4.84,8.9,8.9,1018.6,1018.6,0.0,0.0,0.03,0.01,71,65,8.6,9.8,68.2,68.1,8.3,9.2,143.3,135.1,1020.7,1020.7,516.73,298.46,2095.47,29.863,6.6208,170.5,0.0,1470.824, NAN, NAN, NAN, NAN,,2024/04/10 13:12:48.383,2024-04-10 13:12:48.383000+00:00
2024/04/10, 13:13:48.383,41.445,-70.766, 3.04,56.07,52.64,4.83,8.9,8.9,1018.4,1018.5,0.0,0.0,0.03,0.01,71,71,8.1,8.4,67.4,67.4,7.8,8.1,144.9,144.3,1020.5,1020.6,516.84,298.48,2084.46,29.8688,6.6241,171.5,0.0,1470.844, NAN, NAN, NAN, NAN,,2024/04/10 13:13:48.383,2024-04-10 13:13:48.383000+00:00
2024/04/10, 13:14:48.383,41.446,-70.765, 2.97,55.77,53.07,4.85,8.9,8.9,1018.5,1018.6,0.0,0.0,0.03,0.01,66,63,8.4,9.3,67.8,67.9,7.8,8.6,139.0,134.1,1020.6,1020.7,523.08,298.09,2091.34,29.8746,6.6269,171.8,0.0,1470.863, NAN, NAN, NAN, NAN,,2024/04/10 13:14:48.383,2024-04-10 13:14:48.383000+00:00
2024/04/10, 13:15:48.383,41.447,-70.763, 3.01,55.56,52.23,4.79,8.9,8.9,1018.5,1018.6,0.0,0.0,0.03,0.01,65,57,8.3,10.1,68.1,68.1,7.7,9.1,137.8,126.1,1020.6,1020.7,530.38,298.09,2098.25,29.8813,6.6317,166.0,0.0,1470.89, NAN, NAN, NAN, NAN,,2024/04/10 13:15:48.383,2024-04-10 13:15:48.383000+00:00
2024/04/10, 13:16:48.383,41.448,-70.762, 2.83,55.72,52.31,4.74,8.9,8.9,1018.6,1018.6,0.0,0.0,0.03,0.01,67,62,8.0,9.3,67.2,67.3,7.5,8.6,140.4,132.7,1020.7,1020.7,534.18,297.36,2099.35,29.8873,6.6371,164.8,0.0,1470.919, NAN, NAN, NAN, NAN,,2024/04/10 13:16:48.383,2024-04-10 13:16:48.383000+00:00
2024/04/10, 13:17:48.383,41.449,-70.76, 3.03,55.82,51.49,4.8,8.9,9.0,1018.6,1018.6,0.0,0.0,0.03,0.01,68,58,8.9,9.8,67.1,67.1,8.5,8.9,139.9,128.0,1020.7,1020.7,540.57,296.79,2103.64,29.893,6.641,164.4,0.0,1470.942, NAN, NAN, NAN, NAN,,2024/04/10 13:17:48.383,2024-04-10 13:17:48.383000+00:00
2024/04/10, 13:18:48.383,41.449,-70.759, 2.84,56.26,51.66,4.8,8.9,8.9,1018.6,1018.6,0.0,0.0,0.03,0.01,67,57,8.5,9.8,67.9,67.9,8.1,8.9,140.1,127.4,1020.7,1020.7,513.17,295.79,2044.13,29.8991,6.6436,171.2,0.0,1470.959, NAN, NAN, NAN, NAN,,2024/04/10 13:18:48.383,2024-04-10 13:18:48.383000+00:00
2024/04/10, 13:19:48.383,41.45,-70.758, 2.83,55.65,52.2,4.86,8.8,8.8,1018.6,1018.6,0.0,0.0,0.03,0.01,69,60,8.3,9.3,67.6,67.6,7.9,8.5,142.2,130.9,1020.7,1020.7,422.73,294.17,1723.2,29.9047,6.6434,176.0,0.0,1470.966, NAN, NAN, NAN, NAN,,2024/04/10 13:19:48.383,2024-04-10 13:19:48.383000+00:00
2024/04/10, 13:20:48.383,41.451,-70.756, 2.78,53.4,50.87,4.84,8.7,8.7,1018.6,1018.6,0.0,0.0,0.03,0.01,69,65,8.9,9.8,68.3,68.3,8.5,9.2,138.6,133.0,1020.7,1020.7,485.07,295.71,1903.9,29.9105,6.6449,170.0,0.0,1470.979, NAN, NAN, NAN, NAN,,2024/04/10 13:20:48.383,2024-04-10 13:20:48.383000+00:00
2024/04/10, 13:21:48.383,41.452,-70.755, 2.85,42.45,45.91,4.87,8.7,8.7,1018.6,1018.5,0.0,0.0,0.03,0.01,84,79,8.2,9.3,67.9,68.0,8.2,9.0,144.0,137.1,1020.7,1020.6,572.29,296.98,2069.66,29.9163,6.6525,169.6,0.0,1471.016, NAN, NAN, NAN, NAN,,2024/04/10 13:21:48.383,2024-04-10 13:21:48.383000+00:00
2024/04/10, 13:22:48.384,41.453,-70.754, 3.09,33.46,39.98,4.94,8.7,8.7,1018.6,1018.6,0.0,0.0,0.03,0.01,94,91,8.5,8.8,68.4,68.4,8.8,8.9,144.3,140.9,1020.7,1020.7,568.45,296.67,2068.65,29.922,6.6644,170.5,0.0,1471.07, NAN, NAN, NAN, NAN,,2024/04/10 13:22:48.384,2024-04-10 13:22:48.384000+00:00
2024/04/10, 13:23:48.384,41.454,-70.752, 3.24,27.99,34.97,5.39,8.7,8.7,1018.7,1018.6,0.0,0.0,0.03,0.01,97,95,7.9,8.4,68.2,68.2,8.4,8.7,144.3,141.5,1020.8,1020.7,578.24,296.86,2058.61,29.928,6.6699,168.4,0.0,1471.1, NAN, NAN, NAN, NAN,,2024/04/10 13:23:48.384,2024-04-10 13:23:48.384000+00:00
2024/04/10, 13:24:48.384,41.455,-70.751, 4.19,26.17,33.66,5.9,8.7,8.7,1018.7,1018.6,0.0,0.0,0.03,0.01,107,101,7.7,7.7,68.1,68.1,8.7,8.5,153.2,148.1,1020.8,1020.7,584.9,296.75,2057.06,29.9338,6.6752,167.2,0.0,1471.128, NAN, NAN, NAN, NAN,,2024/04/10 13:24:48.384,2024-04-10 13:24:48.384000+00:00
2024/04/10, 13:25:48.384,41.457,-70.75, 4.46,25.55,32.0,6.2,8.8,8.8,1018.6,1018.6,0.0,0.0,0.03,0.01,108,101,8.7,7.1,68.3,68.3,9.8,8.0,152.0,149.9,1020.7,1020.7,588.52,297.14,2055.43,29.9394,6.6814,165.4,0.0,1471.159, NAN, NAN, NAN, NAN,,2024/04/10 13:25:48.384,2024-04-10 13:25:48.384000+00:00
2024/04/10, 13:26:48.384,41.458,-70.749, 4.48,26.15,31.8,6.64,8.9,8.9,1018.7,1018.6,0.0,0.0,0.03,0.01,104,102,8.3,7.7,69.2,69.2,9.4,8.8,151.2,150.9,1020.8,1020.7,587.94,297.31,2049.14,29.9449,6.6953,164.1,0.0,1471.221, NAN, NAN, NAN, NAN,,2024/04/10 13:26:48.384,2024-04-10 13:26:48.384000+00:00
2024/04/10, 13:27:48.384,41.46,-70.747, 5.44,26.15,31.02,7.38,8.9,9.0,1018.7,1018.6,0.0,0.0,0.03,0.01,104,96,7.2,6.8,67.8,67.8,8.6,7.8,155.8,151.1,1020.8,1020.7,590.02,297.35,2047.92,29.9509,6.7014,167.2,0.0,1471.253, NAN, NAN, NAN, NAN,,2024/04/10 13:27:48.384,2024-04-10 13:27:48.384000+00:00
2024/04/10, 13:28:48.384,41.462,-70.746, 5.89,25.83,30.5,7.84,9.0,9.0,1018.8,1018.7,0.0,0.0,0.03,0.01,93,89,6.7,6.5,67.6,67.5,7.7,7.3,150.3,148.1,1020.9,1020.8,588.71,297.99,2040.43,29.9566,6.7086,163.6,0.0,1471.289, NAN, NAN, NAN, NAN,,2024/04/10 13:28:48.384,2024-04-10 13:28:48.384000+00:00
2024/04/10, 13:29:48.384,41.464,-70.745, 6.22,26.5,29.93,8.09,9.0,9.0,1018.8,1018.7,0.0,0.0,0.03,0.01,94,90,7.5,7.6,68.5,68.5,8.6,8.4,149.4,146.0,1020.9,1020.8,593.88,299.04,2050.77,29.9619,6.7175,162.6,0.0,1471.33, NAN, NAN, NAN, NAN,,2024/04/10 13:29:48.384,2024-04-10 13:29:48.384000+00:00
2024/04/10, 13:30:48.384,41.466,-70.743, 6.26,26.64,30.2,8.27,9.1,9.1,1018.8,1018.7,0.0,0.0,0.03,0.01,95,86,7.8,8.1,67.5,67.5,9.0,8.6,149.9,141.8,1020.9,1020.8,596.44,299.01,2049.79,29.9679,6.724,162.9,0.0,1471.364, NAN, NAN, NAN, NAN,,2024/04/10 13:30:48.384,2024-04-10 13:30:48.384000+00:00
2024/04/10, 13:31:48.384,41.468,-70.741, 6.13,26.34,30.46,7.76,9.2,9.3,1018.8,1018.7,0.0,0.0,0.03,0.01,96,94,7.5,7.3,67.1,67.1,8.6,8.3,149.9,149.0,1020.9,1020.8,599.94,299.9,2048.52,29.9738,6.7362,166.6,0.0,1471.419, NAN, NAN, NAN, NAN,,2024/04/10 13:31:48.384,2024-04-10 13:31:48.384000+00:00
2024/04/10, 13:32:48.384,41.469,-70.74, 4.87,348.58,16.19,5.54,9.4,9.4,1018.8,1018.8,0.0,0.0,0.03,0.01,124,127,5.7,4.7,66.6,66.5,6.5,5.8,138.4,145.0,1020.9,1020.9,608.62,299.22,2037.57,29.9797,6.7389,172.0,0.0,1471.437, NAN, NAN, NAN, NAN,,2024/04/10 13:32:48.384,2024-04-10 13:32:48.384000+00:00
2024/04/10, 13:33:48.384,41.47,-70.74, 1.26,268.76,355.17,2.4,9.4,9.5,1018.9,1018.8,0.0,0.0,0.03,0.01,221,235,6.6,4.9,68.5,68.4,7.4,5.9,137.7,151.7,1021.0,1020.9,601.83,297.9,2035.08,29.9838,6.7355,166.9,0.0,1471.429, NAN, NAN, NAN, NAN,,2024/04/10 13:33:48.384,2024-04-10 13:33:48.384000+00:00
2024/04/10, 13:34:48.384,41.471,-70.74, 0.46,230.37,11.09,1.72,9.4,9.5,1018.9,1018.9,0.0,0.0,0.03,0.01,256,277,7.3,7.7,68.3,68.4,7.6,8.3,132.6,152.0,1021.0,1021.0,588.97,297.1,2065.36,29.9885,6.7342,172.4,0.0,1471.43, NAN, NAN, NAN, NAN,,2024/04/10 13:34:48.384,2024-04-10 13:34:48.384000+00:00
2024/04/10, 13:35:48.384,41.471,-70.74, 1.83,225.3,316.31,0.71,9.5,9.5,1018.9,1018.8,0.0,0.0,0.03,0.01,274,290,6.9,8.1,67.5,67.5,7.3,8.5,139.4,154.7,1021.0,1020.9,608.32,297.92,2065.15,29.9938,6.7363,168.4,0.0,1471.445, NAN, NAN, NAN, NAN,,2024/04/10 13:35:48.384,2024-04-10 13:35:48.384000+00:00
2024/04/10, 13:36:48.384,41.471,-70.74, 1.47,222.12,311.21,0.44,9.5,9.5,1018.9,1018.8,0.0,0.0,0.03,0.01,280,292,7.7,8.5,67.1,67.2,7.9,8.7,141.9,153.6,1021.0,1020.9,614.82,298.16,2077.13,29.9986,6.729,170.3,0.0,1471.422, NAN, NAN, NAN, NAN,,2024/04/10 13:36:48.384,2024-04-10 13:36:48.384000+00:00
2024/04/10, 13:37:48.384,41.471,-70.74, 1.58,220.16,332.09,0.07,9.6,9.6,1018.9,1018.8,0.0,0.0,0.03,0.01,280,293,7.9,9.3,67.2,67.1,7.9,9.3,140.1,153.0,1021.0,1020.9,609.91,297.45,2083.43,30.0037,6.7256,171.5,0.0,1471.415, NAN, NAN, NAN, NAN,,2024/04/10 13:37:48.384,2024-04-10 13:37:48.384000+00:00
2024/04/10, 13:38:48.384,41.471,-70.74, 1.88,222.56,117.96,0.03,9.6,9.6,1018.9,1018.8,0.0,0.0,0.03,0.01,277,289,7.8,9.1,66.9,67.0,7.8,9.1,139.6,151.6,1021.0,1020.9,618.8,297.99,2078.32,30.0093,6.7266,167.8,0.0,1471.426, NAN, NAN, NAN, NAN,,2024/04/10 13:38:48.384,2024-04-10 13:38:48.384000+00:00
2024/04/10, 13:39:48.385,41.471,-70.74, 1.79,220.9,119.91,0.01,9.6,9.6,1019.0,1018.8,0.0,0.0,0.03,0.01,278,291,6.8,8.3,66.3,66.3,6.8,8.3,138.9,151.9,1021.1,1020.9,616.73,298.4,2081.47,30.0147,6.7257,166.6,0.0,1471.429, NAN, NAN, NAN, NAN,,2024/04/10 13:39:48.385,2024-04-10 13:39:48.385000+00:00
2024/04/10, 13:40:48.385,41.471,-70.74, 1.84,219.43,260.87,0.01,9.7,9.7,1019.0,1018.8,0.0,0.0,0.03,0.01,280,291,6.5,8.4,65.4,65.4,6.5,8.4,139.5,150.5,1021.1,1020.9,616.48,298.42,2085.04,30.0199,6.726,168.1,0.0,1471.437, NAN, NAN, NAN, NAN,,2024/04/10 13:40:48.385,2024-04-10 13:40:48.385000+00:00
2024/04/10, 13:41:48.385,41.471,-70.74, 1.90,219.32,27.69,0.04,9.7,9.8,1019.0,1018.8,0.0,0.0,0.03,0.01,279,291,6.5,8.1,65.8,65.8,6.5,8.1,138.5,150.5,1021.1,1020.9,616.57,298.27,2085.39,30.0258,6.7245,164.4,0.0,1471.438, NAN, NAN, NAN, NAN,,2024/04/10 13:41:48.385,2024-04-10 13:41:48.385000+00:00
2024/04/10, 13:42:48.385,41.471,-70.74, 1.72,219.92,59.77,0.0,9.8,9.8,1019.0,1018.9,0.0,0.0,0.03,0.01,282,289,6.4,7.4,66.3,66.3,6.4,7.4,141.9,148.9,1021.1,1021.0,618.71,298.01,2085.63,30.0312,6.7227,164.1,0.0,1471.438, NAN, NAN, NAN, NAN,,2024/04/10 13:42:48.385,2024-04-10 13:42:48.385000+00:00
2024/04/10, 13:43:48.385,41.471,-70.74, 1.67,220.37,66.29,0.01,9.7,9.8,1018.9,1018.8,0.0,0.0,0.03,0.01,285,293,6.4,7.6,66.6,66.6,6.4,7.6,145.3,153.3,1021.0,1020.9,623.25,297.52,2087.79,30.037,6.7216,164.1,0.0,1471.441, NAN, NAN, NAN, NAN,,2024/04/10 13:43:48.385,2024-04-10 13:43:48.385000+00:00
2024/04/10, 13:44:48.385,41.471,-70.74, 1.87,220.31,346.18,0.02,9.7,9.7,1019.0,1018.9,0.0,0.0,0.03,0.01,282,292,7.1,8.5,67.6,67.6,7.1,8.5,142.4,152.4,1021.1,1021.0,625.54,298.04,2089.23,30.0424,6.7191,166.6,0.0,1471.437, NAN, NAN, NAN, NAN,,2024/04/10 13:44:48.385,2024-04-10 13:44:48.385000+00:00
2024/04/10, 13:45:48.385,41.471,-70.74, 1.76,219.62,271.69,0.02,9.7,9.7,1019.0,1018.9,0.0,0.0,0.03,0.01,286,291,6.8,7.7,67.1,67.1,6.8,7.7,145.5,150.5,1021.1,1021.0,623.53,298.03,2082.38,30.0478,6.7224,168.8,0.0,1471.457, NAN, NAN, NAN, NAN,,2024/04/10 13:45:48.385,2024-04-10 13:45:48.385000+00:00
2024/04/10, 13:46:48.385,41.471,-70.74, 1.72,220.0,264.84,0.03,9.7,9.7,1018.9,1018.8,0.0,0.0,0.03,0.01,282,293,7.1,8.9,67.3,67.3,7.1,8.9,141.9,152.9,1021.0,1020.9,630.81,298.96,2096.55,30.0535,6.7224,163.6,0.0,1471.464, NAN, NAN, NAN, NAN,,2024/04/10 13:46:48.385,2024-04-10 13:46:48.385000+00:00
2024/04/10, 13:47:48.385,41.471,-70.74, 1.60,219.86,119.47,0.02,9.8,9.8,1018.9,1018.8,0.0,0.0,0.03,0.01,282,293,6.4,8.1,67.0,67.0,6.4,8.1,141.9,152.9,1021.0,1020.9,635.48,298.6,2100.85,30.0594,6.7228,165.1,0.0,1471.473, NAN, NAN, NAN, NAN,,2024/04/10 13:47:48.385,2024-04-10 13:47:48.385000+00:00
2024/04/10, 13:48:48.385,41.471,-70.74, 1.55,219.99,349.8,0.01,9.8,9.9,1018.9,1018.8,0.0,0.0,0.03,0.01,287,297,6.7,8.2,66.9,67.0,6.7,8.2,146.9,157.0,1021.0,1020.9,632.31,298.23,2088.94,30.0646,6.7219,166.3,0.0,1471.476, NAN, NAN, NAN, NAN,,2024/04/10 13:48:48.385,2024-04-10 13:48:48.385000+00:00
2024/04/10, 13:49:48.385,41.471,-70.74, 1.52,220.14,88.14,0.06,9.8,9.8,1018.9,1018.8,0.0,0.0,0.03,0.01,284,291,6.4,7.8,67.2,67.2,6.4,7.8,144.4,151.4,1021.0,1020.9,580.07,298.19,1952.41,30.07,6.7213,164.8,0.0,1471.481, NAN, NAN, NAN, NAN,,2024/04/10 13:49:48.385,2024-04-10 13:49:48.385000+00:00
2024/04/10, 13:50:48.385,41.471,-70.74, 1.85,219.9,115.74,0.02,9.8,9.8,1018.9,1018.8,0.0,0.0,0.03,0.01,284,294,6.4,7.5,66.6,66.6,6.4,7.5,143.9,154.0,1021.0,1020.9,628.02,298.83,2070.63,30.075,6.724,165.1,0.0,1471.498, NAN, NAN, NAN, NAN,,2024/04/10 13:50:48.385,2024-04-10 13:50:48.385000+00:00
2024/04/10, 13:51:48.385,41.471,-70.74, 1.57,219.52,26.32,0.02,9.8,9.8,1018.8,1018.8,0.0,0.0,0.03,0.01,284,290,6.6,8.1,66.9,66.9,6.6,8.1,143.5,149.5,1020.9,1020.9,643.64,298.7,2109.84,30.0803,6.7225,162.6,0.0,1471.498, NAN, NAN, NAN, NAN,,2024/04/10 13:51:48.385,2024-04-10 13:51:48.385000+00:00
2024/04/10, 13:52:48.385,41.471,-70.74, 1.79,219.35,128.39,0.03,9.8,9.8,1018.8,1018.8,0.0,0.0,0.03,0.01,280,290,6.5,7.8,67.7,67.0,6.5,7.8,139.3,149.3,1020.9,1020.9,646.01,298.86,2109.34,30.0854,6.7198,168.4,0.0,1471.494, NAN, NAN, NAN, NAN,,2024/04/10 13:52:48.385,2024-04-10 13:52:48.385000+00:00
2024/04/10, 13:53:48.385,41.471,-70.74, 1.91,219.8,278.32,0.05,9.8,9.9,1018.9,1018.7,0.0,0.0,0.03,0.01,282,290,6.1,7.5,68.0,68.0,6.1,7.5,141.6,149.6,1021.0,1020.8,648.86,299.46,2112.77,30.0906,6.7209,161.7,0.0,1471.505, NAN, NAN, NAN, NAN,,2024/04/10 13:53:48.385,2024-04-10 13:53:48.385000+00:00
2024/04/10, 13:54:48.385,41.471,-70.74, 1.70,220.05,64.28,0.02,9.8,9.9,1018.8,1018.8,0.0,0.0,0.03,0.01,291,294,6.6,7.8,67.3,67.4,6.6,7.8,151.1,154.1,1020.9,1020.9,651.1,298.59,2114.71,30.0958,6.7207,162.3,0.0,1471.511, NAN, NAN, NAN, NAN,,2024/04/10 13:54:48.385,2024-04-10 13:54:48.385000+00:00
2024/04/10, 13:55:48.386,41.471,-70.74, 1.95,219.56,150.53,0.02,9.8,9.9,1018.8,1018.8,0.0,0.0,0.03,0.01,279,289,6.5,7.4,67.2,67.3,6.5,7.4,138.5,148.5,1020.9,1020.9,654.0,299.64,2115.35,30.1003,6.717,163.2,0.0,1471.502, NAN, NAN, NAN, NAN,,2024/04/10 13:55:48.386,2024-04-10 13:55:48.386000+00:00
2024/04/10, 13:56:48.386,41.471,-70.74, 1.95,219.46,143.4,0.02,9.9,9.9,1018.9,1018.8,0.0,0.0,0.03,0.01,276,286,5.5,6.8,68.0,68.0,5.5,6.8,135.6,145.5,1021.0,1020.9,654.33,299.63,2114.53,30.1058,6.7183,166.3,0.0,1471.514, NAN, NAN, NAN, NAN,,2024/04/10 13:56:48.386,2024-04-10 13:56:48.386000+00:00
2024/04/10, 13:57:48.386,41.471,-70.74, 1.74,220.12,35.75,0.02,9.9,9.9,1018.8,1018.8,0.0,0.0,0.03,0.01,276,291,6.9,8.4,68.0,68.4,6.9,8.4,136.2,151.2,1020.9,1020.9,659.86,300.13,2122.47,30.1104,6.7156,165.6,0.0,1471.509, NAN, NAN, NAN, NAN,,2024/04/10 13:57:48.386,2024-04-10 13:57:48.386000+00:00
2024/04/10, 13:58:48.386,41.471,-70.74, 1.77,220.03,337.25,0.02,9.9,9.9,1018.8,1018.7,0.0,0.0,0.03,0.01,284,294,7.2,8.5,68.3,68.3,7.2,8.5,144.0,154.0,1020.9,1020.8,664.52,299.94,2125.89,30.1153,6.7122,167.2,0.0,1471.501, NAN, NAN, NAN, NAN,,2024/04/10 13:58:48.386,2024-04-10 13:58:48.386000+00:00
2024/04/10, 13:59:48.386,41.471,-70.74, 1.77,220.28,1.27,0.02,9.9,9.9,1018.8,1018.7,0.0,0.0,0.03,0.01,287,296,7.6,9.8,68.7,68.6,7.6,9.8,147.3,156.3,1020.9,1020.8,664.71,299.81,2122.02,30.1203,6.7113,168.4,0.0,1471.504, NAN, NAN, NAN, NAN,,2024/04/10 13:59:48.386,2024-04-10 13:59:48.386000+00:00
2024/04/10, 14:00:48.386,41.471,-70.74, 1.61,219.74,98.23,0.02,10.0,10.0,1018.8,1018.7,0.0,0.0,0.03,0.01,279,293,7.2,8.9,68.7,68.6,7.2,8.9,138.7,152.7,1020.9,1020.8,672.33,299.83,2136.22,30.1251,6.7074,162.9,0.0,1471.495, NAN, NAN, NAN, NAN,,2024/04/10 14:00:48.386,2024-04-10 14:00:48.386000+00:00
2024/04/10, 14:01:48.386,41.471,-70.74, 1.66,219.1,237.14,0.01,10.0,10.0,1018.8,1018.7,0.0,0.0,0.03,0.01,282,292,6.7,8.1,68.6,68.6,6.7,8.1,141.1,151.1,1020.9,1020.8,675.96,299.82,2142.77,30.1298,6.7076,164.4,0.0,1471.501, NAN, NAN, NAN, NAN,,2024/04/10 14:01:48.386,2024-04-10 14:01:48.386000+00:00
2024/04/10, 14:02:48.386,41.471,-70.74, 1.70,219.49,28.57,0.03,10.0,10.0,1018.8,1018.7,0.0,0.0,0.03,0.01,283,292,6.6,8.3,68.6,68.6,6.6,8.3,142.6,151.6,1020.9,1020.8,677.71,300.2,2139.99,30.1348,6.7068,164.8,0.0,1471.504, NAN, NAN, NAN, NAN,,2024/04/10 14:02:48.386,2024-04-10 14:02:48.386000+00:00
2024/04/10, 14:03:48.386,41.471,-70.74, 1.71,219.94,284.35,0.03,9.9,10.0,1018.8,1018.7,0.0,0.0,0.03,0.01,284,291,6.4,7.5,68.2,68.3,6.4,7.5,143.8,150.8,1020.9,1020.8,667.8,300.2,2111.72,30.1398,6.7017,161.1,0.0,1471.491, NAN, NAN, NAN, NAN,,2024/04/10 14:03:48.386,2024-04-10 14:03:48.386000+00:00
2024/04/10, 14:04:48.386,41.471,-70.74, 1.79,219.74,156.92,0.02,10.0,10.0,1018.8,1018.7,0.0,0.0,0.03,0.01,287,299,5.6,7.0,68.4,68.4,5.6,7.0,146.7,158.7,1020.9,1020.8,665.58,299.89,2092.78,9.6294,6.7025,163.8,35.0,1445.898, NAN, NAN, NAN, NAN,,2024/04/10 14:04:48.386,2024-04-10 14:04:48.386000+00:00
2024/04/10, 14:05:48.386,41.471,-70.74, 1.65,219.81,35.19,0.03,10.0,9.9,1018.8,1018.7,0.0,0.0,0.03,0.01,292,304,5.6,7.3,68.4,68.7,5.6,7.3,151.9,163.9,1020.9,1020.8,681.7,300.06,2135.48,0.2901,6.7032,135.8,46.9,1434.103, NAN, NAN, NAN, NAN,,2024/04/10 14:05:48.386,2024-04-10 14:05:48.386000+00:00
2024/04/10, 14:06:48.386,41.471,-70.74, 1.85,219.86,32.32,0.01,9.9,9.9,1018.8,1018.7,0.0,0.0,0.03,0.01,292,303,5.8,7.4,68.8,68.9,5.8,7.4,151.8,162.8,1020.9,1020.8,676.14,300.15,2135.81,0.2895,6.7049,134.5,13.7,1434.11, NAN, NAN, NAN, NAN,,2024/04/10 14:06:48.386,2024-04-10 14:06:48.386000+00:00
2024/04/10, 14:07:48.386,41.471,-70.74, 1.69,220.19,191.67,0.01,9.8,9.8,1018.8,1018.7,0.0,0.0,0.03,0.01,289,294,5.9,7.0,68.4,68.5,5.9,7.0,149.1,154.1,1020.9,1020.8,676.31,300.02,2091.76,0.3334,6.7024,134.5,0.0,1434.156, NAN, NAN, NAN, NAN,,2024/04/10 14:07:48.386,2024-04-10 14:07:48.386000+00:00
2024/04/10, 14:08:48.386,41.471,-70.74, 1.41,220.24,95.99,0.04,9.8,9.8,1018.8,1018.7,0.0,0.0,0.03,0.01,288,299,5.4,6.9,69.4,69.5,5.4,6.9,148.4,159.4,1020.9,1020.8,676.11,300.53,2110.91,0.047,6.7068,192.8,0.0,1433.803, NAN, NAN, NAN, NAN,,2024/04/10 14:08:48.386,2024-04-10 14:08:48.386000+00:00
2024/04/10, 14:09:48.386,41.471,-70.74, 1.83,219.47,216.45,0.02,9.8,9.8,1018.8,1018.7,0.0,0.0,0.03,0.01,289,302,5.8,7.6,68.6,68.7,5.8,7.6,148.4,161.4,1020.9,1020.8,683.46,300.84,2127.88,0.0518,6.709,212.7,0.0,1433.819, NAN, NAN, NAN, NAN,,2024/04/10 14:09:48.386,2024-04-10 14:09:48.386000+00:00
2024/04/10, 14:10:48.386,41.471,-70.74, 1.66,220.0,329.5,0.01,9.9,9.9,1018.8,1018.7,0.0,0.0,0.03,0.01,286,293,5.6,7.4,68.9,69.0,5.6,7.4,146.1,153.0,1020.9,1020.8,691.25,301.04,2144.57,0.0587,6.7065,175.7,0.0,1433.817, NAN, NAN, NAN, NAN,,2024/04/10 14:10:48.386,2024-04-10 14:10:48.386000+00:00
2024/04/10, 14:11:48.387,41.471,-70.74, 1.78,219.76,80.93,0.02,9.9,9.9,1018.8,1018.7,0.0,0.0,0.03,0.01,291,299,7.1,8.5,69.6,69.6,7.1,8.5,150.8,158.8,1020.9,1020.8,691.26,301.12,2145.71,0.0727,6.7052,168.1,0.0,1433.83, NAN, NAN, NAN, NAN,,2024/04/10 14:11:48.387,2024-04-10 14:11:48.387000+00:00
2024/04/10, 14:12:48.387,41.471,-70.74, 1.86,220.28,31.36,0.02,10.0,10.0,1018.8,1018.7,0.0,0.0,0.03,0.01,290,297,6.0,7.8,70.1,70.1,6.0,7.8,150.3,157.3,1020.9,1020.8,699.85,300.78,2172.99,0.091,6.705,189.2,0.0,1433.853, NAN, NAN, NAN, NAN,,2024/04/10 14:12:48.387,2024-04-10 14:12:48.387000+00:00
2024/04/10, 14:13:48.387,41.471,-70.74, 1.52,219.92,182.96,0.01,9.9,9.9,1018.8,1018.7,0.0,0.0,0.03,0.01,293,303,6.3,8.3,70.5,70.5,6.3,8.3,152.9,162.9,1020.9,1020.8,711.62,300.96,2190.52,0.0922,6.706,164.4,0.0,1433.859, NAN, NAN, NAN, NAN,,2024/04/10 14:13:48.387,2024-04-10 14:13:48.387000+00:00
2024/04/10, 14:14:48.387,41.471,-70.74, 1.76,219.85,257.56,0.04,9.9,9.9,1018.8,1018.7,0.0,0.0,0.03,0.01,293,301,6.0,7.7,71.2,71.3,6.0,7.7,152.7,160.7,1020.9,1020.8,674.54,300.42,2090.23,0.0951,6.71,161.4,0.0,1433.88, NAN, NAN, NAN, NAN,,2024/04/10 14:14:48.387,2024-04-10 14:14:48.387000+00:00
2024/04/10, 14:15:48.387,41.471,-70.74, 1.81,220.29,205.6,0.01,9.9,9.9,1018.8,1018.7,0.0,0.0,0.03,0.01,289,298,6.7,8.3,71.1,71.2,6.7,8.3,149.3,158.3,1020.9,1020.8,665.09,300.47,2085.64,0.0989,6.7048,156.8,0.0,1433.862, NAN, NAN, NAN, NAN,,2024/04/10 14:15:48.387,2024-04-10 14:15:48.387000+00:00
2024/04/10, 14:16:48.387,41.471,-70.74, 1.76,219.98,174.75,0.02,9.9,9.9,1018.8,1018.7,0.0,0.0,0.03,0.01,292,301,6.0,7.7,70.8,70.9,6.0,7.7,152.0,161.0,1020.9,1020.8,684.11,300.44,2125.11,0.1032,6.7054,159.9,0.0,1433.87, NAN, NAN, NAN, NAN,,2024/04/10 14:16:48.387,2024-04-10 14:16:48.387000+00:00
2024/04/10, 14:17:48.387,41.471,-70.74, 1.50,219.99,249.47,0.01,9.8,9.9,1018.8,1018.7,0.0,0.0,0.03,0.01,287,296,6.4,7.6,70.9,70.9,6.4,7.6,146.9,156.0,1020.9,1020.8,700.68,300.9,2175.77,0.1074,6.7044,162.9,0.0,1433.871, NAN, NAN, NAN, NAN,,2024/04/10 14:17:48.387,2024-04-10 14:17:48.387000+00:00
2024/04/10, 14:18:48.387,41.471,-70.74, 1.75,220.44,287.24,0.02,9.9,9.9,1018.8,1018.7,0.0,0.0,0.03,0.01,291,300,6.0,7.7,71.2,71.3,6.0,7.7,151.5,160.5,1020.9,1020.8,711.61,300.37,2190.49,0.1111,6.6971,168.8,0.0,1433.845, NAN, NAN, NAN, NAN,,2024/04/10 14:18:48.387,2024-04-10 14:18:48.387000+00:00
2024/04/10, 14:19:48.387,41.471,-70.74, 1.24,220.32,4.73,0.02,9.9,9.9,1018.8,1018.7,0.0,0.0,0.03,0.01,294,301,6.8,8.5,71.3,71.4,6.8,8.5,154.4,161.4,1020.9,1020.8,712.6,300.93,2187.77,0.1144,6.6991,160.2,0.0,1433.858, NAN, NAN, NAN, NAN,,2024/04/10 14:19:48.387,2024-04-10 14:19:48.387000+00:00
2024/04/10, 14:20:48.387,41.471,-70.74, 1.55,220.9,31.07,0.01,9.8,9.9,1018.8,1018.7,0.0,0.0,0.03,0.01,291,300,6.7,8.5,71.8,71.9,6.7,8.5,151.9,160.9,1020.9,1020.8,711.22,300.83,2181.12,0.1166,6.7022,156.8,0.0,1433.874, NAN, NAN, NAN, NAN,,2024/04/10 14:20:48.387,2024-04-10 14:20:48.387000+00:00
2024/04/10, 14:21:48.387,41.471,-70.74, 1.57,220.46,253.98,0.02,9.8,9.9,1018.8,1018.7,0.0,0.0,0.03,0.01,286,295,7.1,8.6,71.8,71.9,7.1,8.6,146.4,155.4,1020.9,1020.8,667.0,300.49,2060.58,0.1185,6.7052,152.5,0.0,1433.889, NAN, NAN, NAN, NAN,,2024/04/10 14:21:48.387,2024-04-10 14:21:48.387000+00:00
2024/04/10, 14:22:48.387,41.471,-70.74, 1.63,220.13,208.86,0.02,9.8,9.8,1018.8,1018.7,0.0,0.0,0.03,0.01,287,299,5.7,7.3,72.5,72.5,5.7,7.3,147.1,159.1,1020.9,1020.8,690.33,300.11,2123.61,0.1199,6.7109,153.5,0.0,1433.916, NAN, NAN, NAN, NAN,,2024/04/10 14:22:48.387,2024-04-10 14:22:48.387000+00:00
2024/04/10, 14:23:48.387,41.471,-70.74, 1.85,220.52,15.29,0.03,9.7,9.8,1018.8,1018.7,0.0,0.0,0.03,0.01,287,294,7.1,8.4,73.3,72.6,7.1,8.4,147.6,154.6,1020.9,1020.8,712.96,300.69,2178.45,0.1211,6.7147,149.8,0.0,1433.934, NAN, NAN, NAN, NAN,,2024/04/10 14:23:48.387,2024-04-10 14:23:48.387000+00:00
2024/04/10, 14:24:48.387,41.471,-70.74, 1.79,219.93,208.9,0.03,9.7,9.7,1018.8,1018.7,0.0,0.0,0.03,0.01,290,299,6.9,8.4,73.4,73.4,6.9,8.4,149.8,158.8,1020.9,1020.8,718.56,301.06,2186.83,0.1218,6.7137,147.6,0.0,1433.93, NAN, NAN, NAN, NAN,,2024/04/10 14:24:48.387,2024-04-10 14:24:48.387000+00:00
2024/04/10, 14:25:48.387,41.471,-70.74, 1.64,219.82,291.36,0.06,9.7,9.7,1018.8,1018.6,0.0,0.0,0.03,0.01,293,300,7.3,8.9,73.5,73.5,7.3,8.9,153.0,159.9,1020.9,1020.7,720.76,301.96,2188.31,0.1225,6.7096,144.0,0.0,1433.913, NAN, NAN, NAN, NAN,,2024/04/10 14:25:48.387,2024-04-10 14:25:48.387000+00:00
2024/04/10, 14:26:48.387,41.471,-70.74, 1.69,220.44,215.38,0.03,9.8,9.7,1018.7,1018.6,0.0,0.0,0.03,0.01,294,302,6.6,8.4,73.8,73.9,6.6,8.4,154.3,162.4,1020.8,1020.7,725.33,301.75,2196.7,0.1227,6.7069,150.4,0.0,1433.902, NAN, NAN, NAN, NAN,,2024/04/10 14:26:48.387,2024-04-10 14:26:48.387000+00:00
2024/04/10, 14:27:48.388,41.471,-70.74, 1.90,221.09,265.54,0.01,9.8,9.8,1018.7,1018.6,0.0,0.0,0.03,0.01,288,296,7.4,9.0,73.7,73.8,7.4,9.0,149.1,157.1,1020.8,1020.7,729.66,302.41,2205.92,0.1226,6.7051,144.9,0.0,1433.894, NAN, NAN, NAN, NAN,,2024/04/10 14:27:48.388,2024-04-10 14:27:48.388000+00:00
2024/04/10, 14:28:48.388,41.471,-70.74, 1.70,220.46,259.64,0.04,9.8,9.8,1018.7,1018.6,0.0,0.0,0.03,0.01,290,296,7.6,9.2,73.0,73.1,7.6,9.2,150.3,156.3,1020.8,1020.7,692.82,302.57,2106.18,0.1225,6.7047,147.1,0.0,1433.892, NAN, NAN, NAN, NAN,,2024/04/10 14:28:48.388,2024-04-10 14:28:48.388000+00:00
2024/04/10, 14:29:48.388,41.471,-70.74, 1.78,220.04,73.83,0.04,9.9,9.9,1018.7,1018.6,0.0,0.0,0.03,0.01,291,296,7.5,8.9,73.3,73.4,7.5,8.9,151.2,156.2,1020.8,1020.7,731.32,301.54,2195.72,0.1225,6.7024,145.6,0.0,1433.882, NAN, NAN, NAN, NAN,,2024/04/10 14:29:48.388,2024-04-10 14:29:48.388000+00:00
2024/04/10, 14:30:48.388,41.471,-70.74, 1.53,220.26,31.69,0.01,9.9,9.9,1018.7,1018.6,0.0,0.0,0.03,0.01,286,294,7.7,9.1,72.6,72.7,7.7,9.1,146.3,154.3,1020.8,1020.7,736.94,303.17,2205.21,0.1222,6.7076,144.0,0.0,1433.904, NAN, NAN, NAN, NAN,,2024/04/10 14:30:48.388,2024-04-10 14:30:48.388000+00:00
2024/04/10, 14:31:48.388,41.471,-70.74, 1.83,220.15,51.26,0.01,10.0,10.0,1018.7,1018.6,0.0,0.0,0.03,0.01,283,293,7.3,8.8,72.4,72.6,7.3,8.8,143.1,153.2,1020.8,1020.7,732.88,303.61,2198.96,0.1218,6.7074,140.9,0.0,1433.903, NAN, NAN, NAN, NAN,,2024/04/10 14:31:48.388,2024-04-10 14:31:48.388000+00:00
2024/04/10, 14:32:48.388,41.471,-70.74, 1.70,219.89,258.06,0.03,10.1,10.0,1018.7,1018.6,0.0,0.0,0.03,0.01,293,302,7.6,9.3,72.9,72.9,7.6,9.3,152.9,161.9,1020.8,1020.7,743.42,303.51,2211.23,0.1216,6.7076,144.6,0.0,1433.904, NAN, NAN, NAN, NAN,,2024/04/10 14:32:48.388,2024-04-10 14:32:48.388000+00:00
2024/04/10, 14:33:48.388,41.471,-70.74, 1.58,220.04,267.1,0.03,10.1,10.1,1018.7,1018.6,0.0,0.0,0.03,0.01,290,297,7.2,8.8,73.1,73.2,7.2,8.8,149.9,156.9,1020.8,1020.7,725.94,303.32,2161.14,0.1217,6.7073,152.0,0.0,1433.902, NAN, NAN, NAN, NAN,,2024/04/10 14:33:48.388,2024-04-10 14:33:48.388000+00:00
2024/04/10, 14:34:48.388,41.471,-70.74, 1.66,220.51,278.69,0.02,10.1,10.1,1018.7,1018.6,0.0,0.0,0.03,0.01,285,294,7.9,9.3,73.3,73.4,7.9,9.3,145.4,154.5,1020.8,1020.7,733.19,302.97,2175.32,0.1213,6.7086,144.3,0.0,1433.908, NAN, NAN, NAN, NAN,,2024/04/10 14:34:48.388,2024-04-10 14:34:48.388000+00:00
2024/04/10, 14:35:48.388,41.471,-70.74, 1.73,220.01,234.01,0.01,10.1,10.1,1018.7,1018.6,0.0,0.0,0.03,0.01,284,295,8.4,10.2,73.6,73.7,8.4,10.2,144.0,155.0,1020.8,1020.7,751.43,303.98,2200.31,0.1213,6.7095,146.4,0.0,1433.911, NAN, NAN, NAN, NAN,,2024/04/10 14:35:48.388,2024-04-10 14:35:48.388000+00:00
2024/04/10, 14:36:48.388,41.471,-70.74, 1.88,220.04,82.85,0.02,10.2,10.2,1018.7,1018.6,0.0,0.0,0.03,0.01,294,300,8.2,10.0,73.3,73.4,8.2,10.0,154.1,160.1,1020.8,1020.7,687.09,301.86,2061.29,0.1212,6.7031,149.8,0.0,1433.884, NAN, NAN, NAN, NAN,,2024/04/10 14:36:48.388,2024-04-10 14:36:48.388000+00:00
2024/04/10, 14:37:48.388,41.471,-70.74, 1.66,220.32,338.89,0.01,10.1,10.1,1018.6,1018.4,0.0,0.0,0.03,0.01,292,300,8.8,10.7,72.8,72.9,8.8,10.7,152.3,160.3,1020.7,1020.5,745.17,302.52,2191.82,0.121,6.705,142.2,0.0,1433.892, NAN, NAN, NAN, NAN,,2024/04/10 14:37:48.388,2024-04-10 14:37:48.388000+00:00
2024/04/10, 14:38:48.388,41.471,-70.74, 1.64,220.48,104.85,0.02,10.1,10.1,1018.6,1018.4,0.0,0.0,0.03,0.01,291,299,8.1,9.9,73.5,73.5,8.1,9.9,151.6,159.5,1020.7,1020.5,734.61,302.17,2173.22,0.1215,6.7094,144.3,0.0,1433.911, NAN, NAN, NAN, NAN,,2024/04/10 14:38:48.388,2024-04-10 14:38:48.388000+00:00
2024/04/10, 14:39:48.388,41.471,-70.74, 1.65,220.35,249.11,0.02,10.1,10.0,1018.6,1018.4,0.0,0.0,0.03,0.01,290,297,8.5,10.5,73.5,73.6,8.5,10.5,150.3,157.3,1020.7,1020.5,758.33,302.33,2226.6,0.1213,6.7093,145.8,0.0,1433.911, NAN, NAN, NAN, NAN,,2024/04/10 14:39:48.388,2024-04-10 14:39:48.388000+00:00
2024/04/10, 14:40:48.388,41.471,-70.74, 1.58,219.99,143.59,0.02,10.0,10.0,1018.6,1018.6,0.0,0.0,0.03,0.01,285,294,7.1,8.7,73.7,73.8,7.1,8.7,145.0,154.0,1020.7,1020.7,758.48,301.64,2221.79,0.1214,6.7041,147.1,0.0,1433.888, NAN, NAN, NAN, NAN,,2024/04/10 14:40:48.388,2024-04-10 14:40:48.388000+00:00
2024/04/10, 14:41:48.388,41.471,-70.74, 1.79,219.94,145.83,0.01,10.0,10.0,1018.6,1018.5,0.0,0.0,0.03,0.01,292,298,7.0,8.5,73.7,73.8,7.0,8.5,152.0,158.0,1020.7,1020.6,761.31,301.97,2223.3,0.1215,6.7048,153.2,0.0,1433.891, NAN, NAN, NAN, NAN,,2024/04/10 14:41:48.388,2024-04-10 14:41:48.388000+00:00
2024/04/10, 14:42:48.388,41.471,-70.74, 1.79,220.3,80.25,0.04,9.9,10.0,1018.6,1018.4,0.0,0.0,0.03,0.01,286,293,7.1,8.2,74.4,73.8,7.1,8.2,146.5,153.4,1020.7,1020.5,760.26,303.25,2212.77,0.1216,6.7062,142.4,0.0,1433.898, NAN, NAN, NAN, NAN,,2024/04/10 14:42:48.388,2024-04-10 14:42:48.388000+00:00
2024/04/10, 14:43:48.389,41.471,-70.74, 1.70,219.94,150.17,0.02,9.9,9.9,1018.6,1018.5,0.0,0.0,0.03,0.01,291,299,6.4,8.1,74.8,75.0,6.4,8.1,150.9,158.9,1020.7,1020.6,757.15,303.3,2200.1,0.1218,6.7083,143.1,0.0,1433.907, NAN, NAN, NAN, NAN,,2024/04/10 14:43:48.389,2024-04-10 14:43:48.389000+00:00
2024/04/10, 14:44:48.389,41.471,-70.74, 1.92,220.09,275.02,0.03,10.0,10.0,1018.6,1018.6,0.0,0.0,0.03,0.01,291,298,7.4,9.2,75.4,75.5,7.4,9.2,151.0,158.0,1020.7,1020.7,757.98,304.01,2195.02,0.1218,6.7096,142.8,0.0,1433.912, NAN, NAN, NAN, NAN,,2024/04/10 14:44:48.389,2024-04-10 14:44:48.389000+00:00
2024/04/10, 14:45:48.389,41.471,-70.74, 1.86,220.22,189.8,0.02,10.0,10.1,1018.6,1018.6,0.0,0.0,0.03,0.01,294,300,7.3,9.0,75.4,75.5,7.3,9.0,154.2,160.2,1020.7,1020.7,720.03,303.12,2001.7,0.1219,6.7081,147.1,0.0,1433.906, NAN, NAN, NAN, NAN,,2024/04/10 14:45:48.389,2024-04-10 14:45:48.389000+00:00
2024/04/10, 14:46:48.389,41.471,-70.74, 1.71,221.0,10.86,0.02,10.1,10.1,1018.6,1018.5,0.0,0.0,0.03,0.01,284,292,7.3,8.5,75.6,75.5,7.3,8.5,145.0,153.0,1020.7,1020.6,740.86,304.51,2146.79,0.1221,6.7031,144.3,0.0,1433.885, NAN, NAN, NAN, NAN,,2024/04/10 14:46:48.389,2024-04-10 14:46:48.389000+00:00
2024/04/10, 14:47:48.389,41.471,-70.74, 1.74,219.31,221.23,0.03,10.2,10.2,1018.7,1018.6,0.0,0.0,0.03,0.01,294,299,7.3,8.9,75.2,75.4,7.3,8.9,153.2,158.2,1020.8,1020.7,751.73,304.71,2173.98,0.1222,6.7045,146.4,0.0,1433.891, NAN, NAN, NAN, NAN,,2024/04/10 14:47:48.389,2024-04-10 14:47:48.389000+00:00
2024/04/10, 14:48:48.389,41.471,-70.74, 1.68,220.38,22.97,0.02,10.2,10.2,1018.7,1018.6,0.0,0.0,0.03,0.01,290,297,7.8,9.4,75.0,75.1,7.8,9.4,150.4,157.4,1020.8,1020.7,750.43,304.38,2168.24,0.1222,6.6974,141.2,0.0,1433.861, NAN, NAN, NAN, NAN,,2024/04/10 14:48:48.389,2024-04-10 14:48:48.389000+00:00
2024/04/10, 14:49:48.389,41.471,-70.74, 1.77,219.83,328.58,0.02,10.3,10.3,1018.7,1018.7,0.0,0.0,0.03,0.01,293,299,7.1,8.6,75.0,75.1,7.1,8.6,152.8,158.8,1020.8,1020.8,750.85,303.93,2170.87,0.1225,6.6897,140.7,0.0,1433.828, NAN, NAN, NAN, NAN,,2024/04/10 14:49:48.389,2024-04-10 14:49:48.389000+00:00
2024/04/10, 14:50:48.389,41.471,-70.74, 1.70,220.24,309.94,0.02,10.3,10.3,1018.8,1018.7,0.0,0.0,0.03,0.01,289,298,6.8,8.7,74.6,74.7,6.8,8.7,149.2,158.2,1020.9,1020.8,767.42,304.47,2207.19,0.1225,6.6986,141.2,0.0,1433.866, NAN, NAN, NAN, NAN,,2024/04/10 14:50:48.389,2024-04-10 14:50:48.389000+00:00
2024/04/10, 14:51:48.389,41.471,-70.74, 1.79,221.15,315.65,0.06,10.3,10.3,1018.8,1018.7,0.0,0.0,0.03,0.01,297,304,7.2,9.3,75.0,75.1,7.2,9.3,157.9,165.0,1020.9,1020.8,762.35,304.56,2188.28,0.1226,6.6931,145.6,0.0,1433.843, NAN, NAN, NAN, NAN,,2024/04/10 14:51:48.389,2024-04-10 14:51:48.389000+00:00
2024/04/10, 14:52:48.389,41.471,-70.74, 1.79,219.56,174.56,0.02,10.3,10.3,1018.8,1018.7,0.0,0.0,0.03,0.01,294,301,7.2,8.9,75.3,75.4,7.2,8.9,153.5,160.6,1020.9,1020.8,781.28,305.45,2230.9,0.1228,6.6893,141.9,0.0,1433.826, NAN, NAN, NAN, NAN,,2024/04/10 14:52:48.389,2024-04-10 14:52:48.389000+00:00
2024/04/10, 14:53:48.389,41.471,-70.74, 1.95,220.11,37.15,0.03,10.3,10.3,1018.8,1018.7,0.0,0.0,0.03,0.01,293,302,6.2,8.0,75.3,75.4,6.2,8.0,153.2,162.2,1020.9,1020.8,787.5,304.8,2239.64,0.1229,6.6897,152.0,0.0,1433.828, NAN, NAN, NAN, NAN,,2024/04/10 14:53:48.389,2024-04-10 14:53:48.389000+00:00
2024/04/10, 14:54:48.389,41.471,-70.74, 2.00,220.18,130.22,0.01,10.4,10.4,1018.8,1018.7,0.0,0.0,0.03,0.01,299,306,5.9,8.0,74.1,74.3,5.9,8.0,159.2,166.2,1020.9,1020.8,778.34,305.02,2213.54,0.1232,6.6831,144.0,0.0,1433.8, NAN, NAN, NAN, NAN,,2024/04/10 14:54:48.389,2024-04-10 14:54:48.389000+00:00
2024/04/10, 14:55:48.389,41.471,-70.74, 1.95,220.23,134.07,0.02,10.3,10.3,1018.8,1018.8,0.0,0.0,0.03,0.01,300,308,5.6,7.6,73.5,73.6,5.6,7.6,160.3,168.3,1020.9,1020.9,765.22,304.64,2168.24,0.1233,6.6798,140.7,0.0,1433.786, NAN, NAN, NAN, NAN,,2024/04/10 14:55:48.389,2024-04-10 14:55:48.389000+00:00
2024/04/10, 14:56:48.389,41.471,-70.74, 1.77,220.53,318.69,0.01,10.3,10.3,1018.9,1018.8,0.0,0.0,0.03,0.01,295,305,5.5,7.5,73.9,74.0,5.5,7.5,155.5,165.5,1021.0,1020.9,738.94,304.99,2106.85,0.1235,6.6768,139.7,0.0,1433.774, NAN, NAN, NAN, NAN,,2024/04/10 14:56:48.389,2024-04-10 14:56:48.389000+00:00
2024/04/10, 14:57:48.389,41.471,-70.74, 1.94,220.0,146.21,0.02,10.3,10.3,1018.9,1018.8,0.0,0.0,0.03,0.01,297,307,5.1,7.3,74.8,74.9,5.1,7.3,157.0,167.0,1021.0,1020.9,777.65,304.85,2194.29,0.1236,6.6695,141.6,0.0,1433.742, NAN, NAN, NAN, NAN,,2024/04/10 14:57:48.389,2024-04-10 14:57:48.389000+00:00
2024/04/10, 14:58:48.389,41.471,-70.74, 1.87,220.06,19.26,0.02,10.3,10.3,1018.9,1018.8,0.0,0.0,0.03,0.01,294,306,4.9,6.9,74.8,74.9,4.9,6.9,154.1,166.1,1021.0,1020.9,796.1,305.22,2234.43,0.1241,6.6663,140.7,0.0,1433.729, NAN, NAN, NAN, NAN,,2024/04/10 14:58:48.389,2024-04-10 14:58:48.389000+00:00
2024/04/10, 14:59:48.390,41.471,-70.74, 1.90,220.52,357.33,0.03,10.2,10.2,1019.0,1018.9,0.0,0.0,0.03,0.01,298,307,4.8,6.8,74.9,75.0,4.8,6.8,158.4,167.4,1021.1,1021.0,787.19,305.4,2212.79,0.1242,6.6576,141.2,0.0,1433.692, NAN, NAN, NAN, NAN,,2024/04/10 14:59:48.390,2024-04-10 14:59:48.390000+00:00
2024/04/10, 15:00:48.390,41.471,-70.74, 1.79,219.83,298.81,0.03,10.1,10.1,1019.1,1018.9,0.0,0.0,0.03,0.01,297,307,5.3,7.5,75.3,75.4,5.3,7.5,156.7,166.7,1021.2,1021.0,779.49,305.27,2189.63,0.1244,6.6535,137.9,0.0,1433.674, NAN, NAN, NAN, NAN,,2024/04/10 15:00:48.390,2024-04-10 15:00:48.390000+00:00
2024/04/10, 15:01:48.390,41.471,-70.74, 1.85,220.05,49.22,0.01,10.1,10.1,1019.1,1018.9,0.0,0.0,0.03,0.01,295,306,5.4,7.3,76.0,76.1,5.4,7.3,155.1,166.1,1021.2,1021.0,786.99,305.91,2198.85,0.1246,6.6563,138.8,0.0,1433.687, NAN, NAN, NAN, NAN,,2024/04/10 15:01:48.390,2024-04-10 15:01:48.390000+00:00
2024/04/10, 15:02:48.390,41.471,-70.74, 1.65,220.24,327.69,0.02,10.2,10.2,1019.1,1019.0,0.0,0.0,0.03,0.01,295,305,5.8,7.9,76.5,76.5,5.8,7.9,155.2,165.2,1021.2,1021.1,749.68,305.08,2104.22,0.1247,6.6526,138.8,0.0,1433.671, NAN, NAN, NAN, NAN,,2024/04/10 15:02:48.390,2024-04-10 15:02:48.390000+00:00
2024/04/10, 15:03:48.390,41.471,-70.74, 1.82,220.32,70.73,0.02,10.2,10.2,1019.1,1019.0,0.0,0.0,0.03,0.01,296,305,6.5,8.6,76.5,76.6,6.5,8.6,156.4,165.4,1021.2,1021.1,741.82,305.35,2083.45,0.1247,6.6491,139.7,0.0,1433.656, NAN, NAN, NAN, NAN,,2024/04/10 15:03:48.390,2024-04-10 15:03:48.390000+00:00
2024/04/10, 15:04:48.390,41.471,-70.74, 1.88,220.04,278.31,0.01,10.2,10.2,1019.0,1019.0,0.0,0.0,0.03,0.01,296,304,5.5,7.6,76.1,76.2,5.5,7.6,156.0,164.0,1021.1,1021.1,784.91,305.56,2202.11,0.1248,6.6505,139.4,0.0,1433.662, NAN, NAN, NAN, NAN,,2024/04/10 15:04:48.390,2024-04-10 15:04:48.390000+00:00
2024/04/10, 15:05:48.390,41.471,-70.74, 1.65,220.11,253.12,0.02,10.2,10.2,1019.0,1019.0,0.0,0.0,0.03,0.01,295,307,5.2,7.2,76.3,76.4,5.2,7.2,155.0,167.0,1021.1,1021.1,746.97,304.5,2094.85,0.125,6.6503,144.9,0.0,1433.661, NAN, NAN, NAN, NAN,,2024/04/10 15:05:48.390,2024-04-10 15:05:48.390000+00:00
2024/04/10, 15:06:48.390,41.471,-70.74, 1.70,219.56,170.8,0.03,10.2,10.2,1019.0,1018.9,0.0,0.0,0.03,0.01,294,306,5.1,7.2,76.0,76.1,5.1,7.2,153.5,165.6,1021.1,1021.0,799.86,304.78,2214.92,0.1252,6.6441,140.0,0.0,1433.635, NAN, NAN, NAN, NAN,,2024/04/10 15:06:48.390,2024-04-10 15:06:48.390000+00:00
2024/04/10, 15:07:48.390,41.471,-70.74, 1.65,219.45,27.21,0.03,10.1,10.1,1019.0,1018.9,0.0,0.0,0.03,0.01,301,309,5.2,7.3,76.1,76.1,5.2,7.3,160.6,168.5,1021.1,1021.0,804.43,305.66,2226.99,0.1251,6.6492,144.0,0.0,1433.657, NAN, NAN, NAN, NAN,,2024/04/10 15:07:48.390,2024-04-10 15:07:48.390000+00:00
2024/04/10, 15:08:48.390,41.471,-70.74, 2.00,220.24,14.01,0.01,10.1,10.1,1019.0,1018.8,0.0,0.0,0.03,0.01,293,303,6.0,7.9,76.1,76.6,6.0,7.9,153.3,163.3,1021.1,1020.9,802.73,305.99,2219.53,0.1252,6.6501,140.0,0.0,1433.661, NAN, NAN, NAN, NAN,,2024/04/10 15:08:48.390,2024-04-10 15:08:48.390000+00:00
2024/04/10, 15:09:48.390,41.471,-70.74, 1.68,220.14,193.39,0.01,10.2,10.2,1018.9,1018.8,0.0,0.0,0.03,0.01,290,300,5.9,7.5,76.7,76.8,5.9,7.5,150.2,160.2,1021.0,1020.9,804.47,306.05,2222.7,0.1252,6.6486,140.0,0.0,1433.654, NAN, NAN, NAN, NAN,,2024/04/10 15:09:48.390,2024-04-10 15:09:48.390000+00:00
2024/04/10, 15:10:48.390,41.471,-70.74, 1.62,220.0,348.04,0.0,10.2,10.2,1018.9,1018.8,0.0,0.0,0.03,0.01,291,297,6.4,7.8,76.5,76.6,6.4,7.8,151.0,157.0,1021.0,1020.9,819.45,306.44,2255.8,0.1252,6.6483,138.5,0.0,1433.653, NAN, NAN, NAN, NAN,,2024/04/10 15:10:48.390,2024-04-10 15:10:48.390000+00:00
2024/04/10, 15:11:48.390,41.471,-70.74, 1.66,220.15,1.08,0.0,10.3,10.3,1018.9,1018.8,0.0,0.0,0.03,0.01,294,304,5.8,7.7,76.3,76.5,5.8,7.7,154.1,164.1,1021.0,1020.9,825.73,306.65,2264.99,0.1253,6.6476,139.2,0.0,1433.65, NAN, NAN, NAN, NAN,,2024/04/10 15:11:48.390,2024-04-10 15:11:48.390000+00:00
2024/04/10, 15:12:48.390,41.471,-70.74, 1.53,219.7,321.56,0.01,10.3,10.3,1018.8,1018.8,0.0,0.0,0.03,0.01,291,301,6.2,7.5,76.0,76.2,6.2,7.5,150.7,160.7,1020.9,1020.9,821.96,307.05,2253.39,0.1253,6.6428,140.7,0.0,1433.629, NAN, NAN, NAN, NAN,,2024/04/10 15:12:48.390,2024-04-10 15:12:48.390000+00:00
2024/04/10, 15:13:48.390,41.471,-70.74, 1.75,220.07,211.14,0.02,10.3,10.3,1018.8,1018.7,0.0,0.0,0.03,0.01,294,303,5.6,7.5,76.0,76.1,5.6,7.5,154.0,163.0,1020.9,1020.8,776.39,306.8,2148.64,0.1252,6.6392,137.6,0.0,1433.614, NAN, NAN, NAN, NAN,,2024/04/10 15:13:48.390,2024-04-10 15:13:48.390000+00:00
2024/04/10, 15:14:48.390,41.471,-70.74, 1.63,219.77,84.52,0.01,10.3,10.3,1018.8,1018.7,0.0,0.0,0.03,0.01,297,307,5.1,7.1,75.9,76.0,5.1,7.1,156.8,166.8,1020.9,1020.8,801.99,306.86,2206.1,0.1252,6.6381,138.8,0.0,1433.609, NAN, NAN, NAN, NAN,,2024/04/10 15:14:48.390,2024-04-10 15:14:48.390000+00:00
2024/04/10, 15:15:48.391,41.471,-70.74, 1.65,220.92,25.75,0.03,10.3,10.3,1018.8,1018.7,0.0,0.0,0.03,0.01,288,297,6.0,7.3,75.9,76.1,6.0,7.3,149.0,158.0,1020.9,1020.8,811.89,308.0,2224.03,0.1253,6.6385,138.5,0.0,1433.611, NAN, NAN, NAN, NAN,,2024/04/10 15:15:48.391,2024-04-10 15:15:48.391000+00:00
2024/04/10, 15:16:48.391,41.471,-70.74, 1.56,219.66,254.6,0.04,10.3,10.3,1018.8,1018.7,0.0,0.0,0.03,0.01,290,302,6.0,7.4,76.2,76.4,6.0,7.4,149.5,161.5,1020.9,1020.8,832.59,308.28,2270.76,0.1254,6.6311,137.3,0.0,1433.579, NAN, NAN, NAN, NAN,,2024/04/10 15:16:48.391,2024-04-10 15:16:48.391000+00:00
2024/04/10, 15:17:48.391,41.471,-70.74, 1.49,219.93,9.27,0.02,10.4,10.4,1018.8,1018.7,0.0,0.0,0.03,0.01,291,300,5.8,7.4,76.3,76.4,5.8,7.4,151.0,159.9,1020.9,1020.8,772.72,307.48,2126.17,0.1254,6.6317,139.7,0.0,1433.582, NAN, NAN, NAN, NAN,,2024/04/10 15:17:48.391,2024-04-10 15:17:48.391000+00:00
2024/04/10, 15:18:48.391,41.471,-70.74, 1.62,219.95,77.58,0.02,10.4,10.4,1018.7,1018.6,0.0,0.0,0.03,0.01,287,296,6.0,7.2,75.8,76.4,6.0,7.2,147.0,156.0,1020.8,1020.7,777.56,308.16,2157.2,0.1255,6.6324,139.2,0.0,1433.585, NAN, NAN, NAN, NAN,,2024/04/10 15:18:48.391,2024-04-10 15:18:48.391000+00:00
2024/04/10, 15:19:48.391,41.471,-70.74, 1.49,220.37,224.6,0.0,10.4,10.4,1018.7,1018.6,0.0,0.0,0.03,0.01,287,295,6.2,7.4,76.1,76.3,6.2,7.4,147.4,155.4,1020.8,1020.7,799.49,308.22,2194.52,0.1257,6.623,136.0,0.0,1433.545, NAN, NAN, NAN, NAN,,2024/04/10 15:19:48.391,2024-04-10 15:19:48.391000+00:00
2024/04/10, 15:20:48.391,41.471,-70.74, 1.63,219.91,156.43,0.01,10.4,10.4,1018.7,1018.6,0.0,0.0,0.03,0.01,298,306,5.5,7.6,76.1,76.2,5.5,7.6,157.9,165.9,1020.8,1020.7,805.61,307.3,2207.52,0.1257,6.6143,135.8,0.0,1433.507, NAN, NAN, NAN, NAN,,2024/04/10 15:20:48.391,2024-04-10 15:20:48.391000+00:00
2024/04/10, 15:21:48.391,41.471,-70.74, 1.84,220.31,139.58,0.02,10.4,10.4,1018.7,1018.6,0.0,0.0,0.03,0.01,296,305,5.8,7.6,76.1,76.2,5.8,7.6,156.4,165.4,1020.8,1020.7,829.38,308.75,2265.29,0.1258,6.6132,137.3,0.0,1433.503, NAN, NAN, NAN, NAN,,2024/04/10 15:21:48.391,2024-04-10 15:21:48.391000+00:00
2024/04/10, 15:22:48.391,41.471,-70.74, 1.69,219.56,266.87,0.02,10.4,10.4,1018.6,1018.6,0.0,0.0,0.03,0.01,291,300,5.8,7.4,76.5,76.6,5.8,7.4,150.5,159.5,1020.7,1020.7,804.94,308.9,2208.41,0.126,6.6276,136.4,0.0,1433.565, NAN, NAN, NAN, NAN,,2024/04/10 15:22:48.391,2024-04-10 15:22:48.391000+00:00
2024/04/10, 15:23:48.391,41.471,-70.74, 1.61,219.9,46.09,0.01,10.4,10.4,1018.6,1018.6,0.0,0.0,0.03,0.01,295,304,6.0,8.1,77.0,76.7,6.0,8.1,154.9,163.9,1020.7,1020.7,784.99,308.48,2173.72,0.126,6.6461,144.3,0.0,1433.645, NAN, NAN, NAN, NAN,,2024/04/10 15:23:48.391,2024-04-10 15:23:48.391000+00:00
2024/04/10, 15:24:48.391,41.471,-70.74, 1.53,220.79,263.56,0.02,10.5,10.4,1018.6,1018.6,0.0,0.0,0.03,0.01,294,302,6.1,8.0,76.8,76.9,6.1,8.0,154.7,162.7,1020.7,1020.7,794.58,308.89,2184.85,0.1261,6.6441,137.9,0.0,1433.636, NAN, NAN, NAN, NAN,,2024/04/10 15:24:48.391,2024-04-10 15:24:48.391000+00:00
2024/04/10, 15:25:48.391,41.471,-70.74, 1.59,220.27,216.37,0.01,10.4,10.4,1018.6,1018.4,0.0,0.0,0.03,0.01,298,305,6.4,8.3,76.6,76.8,6.4,8.3,158.2,165.2,1020.7,1020.5,786.01,309.54,2173.96,0.1262,6.6374,136.7,0.0,1433.607, NAN, NAN, NAN, NAN,,2024/04/10 15:25:48.391,2024-04-10 15:25:48.391000+00:00
2024/04/10, 15:26:48.391,41.471,-70.74, 1.70,219.84,175.05,0.01,10.5,10.5,1018.6,1018.4,0.0,0.0,0.03,0.01,292,300,6.4,8.0,76.5,76.6,6.4,8.0,151.9,159.9,1020.7,1020.5,826.06,310.15,2265.47,0.1263,6.6457,137.0,0.0,1433.643, NAN, NAN, NAN, NAN,,2024/04/10 15:26:48.391,2024-04-10 15:26:48.391000+00:00
2024/04/10, 15:27:48.391,41.471,-70.74, 1.59,220.06,45.29,0.01,10.5,10.5,1018.5,1018.4,0.0,0.0,0.03,0.01,299,307,5.8,8.0,76.4,76.5,5.8,8.0,159.1,167.1,1020.6,1020.5,844.99,310.65,2314.42,0.1263,6.6477,136.0,0.0,1433.652, NAN, NAN, NAN, NAN,,2024/04/10 15:27:48.391,2024-04-10 15:27:48.391000+00:00
2024/04/10, 15:28:48.391,41.471,-70.74, 1.67,219.98,117.41,0.03,10.5,10.5,1018.5,1018.4,0.0,0.0,0.03,0.01,294,303,6.2,8.1,76.4,76.5,6.2,8.1,154.1,163.1,1020.6,1020.5,825.34,309.98,2250.29,0.1264,6.6548,139.4,0.0,1433.683, NAN, NAN, NAN, NAN,,2024/04/10 15:28:48.391,2024-04-10 15:28:48.391000+00:00
2024/04/10, 15:29:48.391,41.471,-70.74, 1.59,219.92,191.03,0.01,10.5,10.5,1018.4,1018.4,0.0,0.0,0.03,0.01,296,305,6.5,8.5,76.5,76.6,6.5,8.5,156.0,165.0,1020.5,1020.5,749.38,309.54,2044.88,0.1265,6.6685,137.3,0.0,1433.742, NAN, NAN, NAN, NAN,,2024/04/10 15:29:48.391,2024-04-10 15:29:48.391000+00:00
2024/04/10, 15:30:48.391,41.471,-70.74, 1.59,220.56,281.03,0.02,10.5,10.5,1018.4,1018.4,0.0,0.0,0.03,0.01,293,300,6.9,8.7,76.2,76.3,6.9,8.7,153.6,160.6,1020.5,1020.5,714.43,309.23,1989.97,0.1267,6.6565,137.0,0.0,1433.69, NAN, NAN, NAN, NAN,,2024/04/10 15:30:48.391,2024-04-10 15:30:48.391000+00:00
2024/04/10, 15:31:48.392,41.471,-70.74, 1.53,220.04,204.06,0.03,10.5,10.5,1018.5,1018.4,0.0,0.0,0.03,0.01,292,301,7.0,8.7,76.6,76.7,7.0,8.7,151.9,161.0,1020.6,1020.5,707.36,309.01,1995.46,0.1269,6.6389,136.4,0.0,1433.615, NAN, NAN, NAN, NAN,,2024/04/10 15:31:48.392,2024-04-10 15:31:48.392000+00:00
2024/04/10, 15:32:48.392,41.471,-70.74, 1.48,220.31,119.74,0.01,10.6,10.6,1018.5,1018.4,0.0,0.0,0.03,0.01,295,304,6.3,8.3,76.8,77.0,6.3,8.3,155.3,164.3,1020.6,1020.5,786.97,309.22,2164.29,0.1271,6.6292,136.7,0.0,1433.573, NAN, NAN, NAN, NAN,,2024/04/10 15:32:48.392,2024-04-10 15:32:48.392000+00:00
2024/04/10, 15:33:48.392,41.471,-70.74, 1.47,220.0,358.96,0.02,10.5,10.6,1018.6,1018.4,0.0,0.0,0.03,0.01,299,305,8.0,10.1,76.6,77.0,8.0,10.1,158.9,164.9,1020.7,1020.5,822.44,310.48,2280.94,0.1275,6.6286,134.0,0.0,1433.571, NAN, NAN, NAN, NAN,,2024/04/10 15:33:48.392,2024-04-10 15:33:48.392000+00:00
2024/04/10, 15:34:48.392,41.471,-70.74, 1.49,220.18,206.15,0.03,10.5,10.6,1018.4,1018.5,0.0,0.0,0.03,0.01,299,308,6.2,8.4,76.7,77.6,6.2,8.4,159.1,168.1,1020.5,1020.6,806.66,309.9,2243.04,0.1278,6.6288,134.8,0.0,1433.572, NAN, NAN, NAN, NAN,,2024/04/10 15:34:48.392,2024-04-10 15:34:48.392000+00:00
2024/04/10, 15:35:48.392,41.471,-70.74, 1.49,220.48,280.73,0.03,10.6,10.6,1018.6,1018.4,0.0,0.0,0.03,0.01,298,306,6.3,8.3,76.8,77.4,6.3,8.3,158.3,166.4,1020.7,1020.5,836.71,310.07,2302.56,0.1281,6.6264,133.6,0.0,1433.562, NAN, NAN, NAN, NAN,,2024/04/10 15:35:48.392,2024-04-10 15:35:48.392000+00:00
2024/04/10, 15:36:48.392,41.471,-70.74, 1.04,215.59,294.66,0.24,10.6,10.6,1018.6,1018.5,0.0,0.0,0.03,0.01,296,304,6.5,8.7,76.7,76.8,6.6,8.8,151.6,159.5,1020.7,1020.6,816.68,309.79,2260.87,0.1282,6.6374,135.8,0.0,1433.61, NAN, NAN, NAN, NAN,,2024/04/10 15:36:48.392,2024-04-10 15:36:48.392000+00:00
2024/04/10, 15:37:48.392,41.471,-70.74, 0.57,170.37,86.43,0.83,10.6,10.6,1018.6,1018.5,0.0,0.0,0.03,0.01,330,326,6.1,8.7,76.9,77.1,6.1,8.6,144.4,139.2,1020.7,1020.6,785.52,309.76,2144.3,0.1283,6.655,135.8,0.0,1433.686, NAN, NAN, NAN, NAN,,2024/04/10 15:37:48.392,2024-04-10 15:37:48.392000+00:00
2024/04/10, 15:38:48.392,41.472,-70.74, 1.94,105.38,86.85,2.41,10.6,10.6,1018.4,1018.4,0.0,0.0,0.03,0.01,33,25,6.6,6.7,77.2,77.3,6.0,6.0,148.4,139.6,1020.5,1020.5,812.51,310.85,2143.74,0.1282,6.672,136.7,0.0,1433.759, NAN, NAN, NAN, NAN,,2024/04/10 15:38:48.392,2024-04-10 15:38:48.392000+00:00
2024/04/10, 15:39:48.392,41.472,-70.738, 5.55,76.6,71.34,6.69,10.6,10.6,1018.4,1018.4,0.0,0.0,0.03,0.01,61,52,7.2,9.0,77.1,77.3,6.7,7.7,166.0,150.7,1020.5,1020.5,784.72,312.12,2080.11,0.128,6.6725,136.4,0.0,1433.761, NAN, NAN, NAN, NAN,,2024/04/10 15:39:48.392,2024-04-10 15:39:48.392000+00:00
2024/04/10, 15:40:48.392,41.473,-70.735, 7.36,69.83,64.77,8.66,10.8,10.7,1018.4,1018.4,0.0,0.0,0.03,0.01,58,51,8.3,10.3,77.5,77.6,7.4,8.6,160.1,146.1,1020.5,1020.5,814.2,312.83,2146.85,0.1281,6.6447,134.2,0.0,1433.641, NAN, NAN, NAN, NAN,,2024/04/10 15:40:48.392,2024-04-10 15:40:48.392000+00:00
2024/04/10, 15:41:48.392,41.474,-70.732, 7.37,78.2,71.4,8.68,10.9,10.9,1018.4,1018.4,0.0,0.0,0.03,0.01,59,51,8.3,10.2,77.6,77.7,7.7,8.7,169.4,155.0,1020.5,1020.5,773.14,312.12,2059.09,0.1281,6.6263,135.5,0.0,1433.562, NAN, NAN, NAN, NAN,,2024/04/10 15:41:48.392,2024-04-10 15:41:48.392000+00:00
2024/04/10, 15:42:48.392,41.474,-70.729, 7.27,76.8,72.59,8.23,11.0,11.0,1018.4,1018.4,0.0,0.0,0.03,0.01,57,50,8.9,10.6,76.6,76.7,7.8,8.8,162.2,149.7,1020.5,1020.5,813.24,312.48,2135.96,0.1281,6.6164,134.2,0.0,1433.519, NAN, NAN, NAN, NAN,,2024/04/10 15:42:48.392,2024-04-10 15:42:48.392000+00:00
2024/04/10, 15:43:48.392,41.475,-70.726, 6.96,72.82,69.02,8.14,11.1,11.1,1018.4,1018.4,0.0,0.0,0.03,0.01,53,45,7.8,9.7,76.5,76.5,6.5,7.6,158.3,142.2,1020.5,1020.5,841.06,312.62,2200.13,0.1282,6.6143,134.8,0.0,1433.51, NAN, NAN, NAN, NAN,,2024/04/10 15:43:48.392,2024-04-10 15:43:48.392000+00:00
2024/04/10, 15:44:48.392,41.476,-70.724, 6.80,74.59,70.48,7.91,11.1,11.2,1018.4,1018.4,0.0,0.0,0.03,0.01,59,53,9.5,11.4,76.5,76.4,8.5,9.8,158.9,148.0,1020.5,1020.5,841.98,313.99,2186.34,0.1285,6.6167,135.2,0.0,1433.521, NAN, NAN, NAN, NAN,,2024/04/10 15:44:48.392,2024-04-10 15:44:48.392000+00:00
2024/04/10, 15:45:48.392,41.477,-70.721, 6.71,81.08,76.48,7.53,11.4,11.4,1018.4,1018.4,0.0,0.0,0.03,0.01,49,42,9.2,11.0,76.1,76.3,7.6,8.8,154.4,141.8,1020.5,1020.5,829.69,313.47,2171.42,0.1287,6.6164,136.0,0.0,1433.52, NAN, NAN, NAN, NAN,,2024/04/10 15:45:48.392,2024-04-10 15:45:48.392000+00:00
2024/04/10, 15:46:48.392,41.477,-70.718, 6.44,70.44,68.05,7.52,11.4,11.4,1018.4,1018.4,0.0,0.0,0.03,0.01,59,51,9.9,11.6,75.1,75.2,8.7,9.8,152.3,139.9,1020.5,1020.5,819.77,314.61,2148.69,0.1288,6.615,141.2,0.0,1433.514, NAN, NAN, NAN, NAN,,2024/04/10 15:46:48.392,2024-04-10 15:46:48.392000+00:00
2024/04/10, 15:47:48.393,41.478,-70.716, 6.40,70.94,68.63,7.66,11.6,11.6,1018.4,1018.5,0.0,0.0,0.03,0.01,61,53,8.0,9.7,74.8,74.9,7.2,8.1,161.4,147.4,1020.5,1020.6,797.55,313.47,2111.73,0.129,6.6151,133.6,0.0,1433.515, NAN, NAN, NAN, NAN,,2024/04/10 15:47:48.393,2024-04-10 15:47:48.393000+00:00
2024/04/10, 15:48:48.393,41.479,-70.713, 6.39,73.51,70.22,7.74,11.6,11.6,1018.5,1018.5,0.0,0.0,0.03,0.01,61,55,9.1,10.3,74.0,74.0,8.2,8.9,160.4,150.9,1020.6,1020.6,836.84,313.15,2175.14,0.1292,6.6143,132.4,0.0,1433.512, NAN, NAN, NAN, NAN,,2024/04/10 15:48:48.393,2024-04-10 15:48:48.393000+00:00
2024/04/10, 15:49:48.393,41.479,-70.71, 6.35,72.77,69.63,7.8,11.6,11.6,1018.5,1018.5,0.0,0.0,0.03,0.01,59,52,9.3,11.0,74.7,73.9,8.2,9.3,157.3,145.4,1020.6,1020.6,695.82,312.28,1896.92,0.1293,6.615,134.5,0.0,1433.515, NAN, NAN, NAN, NAN,,2024/04/10 15:49:48.393,2024-04-10 15:49:48.393000+00:00
2024/04/10, 15:50:48.393,41.48,-70.707, 6.44,74.55,71.32,7.9,11.7,11.7,1018.4,1018.6,0.0,0.0,0.03,0.01,60,53,8.8,10.7,74.3,74.3,7.9,9.1,162.0,149.3,1020.5,1020.7,731.17,311.34,1955.97,0.1294,6.6177,132.1,0.0,1433.527, NAN, NAN, NAN, NAN,,2024/04/10 15:50:48.393,2024-04-10 15:50:48.393000+00:00
2024/04/10, 15:51:48.393,41.481,-70.705, 6.46,75.05,71.89,7.96,11.7,11.7,1018.5,1018.6,0.0,0.0,0.03,0.01,51,45,8.7,10.6,73.4,73.4,7.1,8.4,153.8,141.2,1020.6,1020.7,791.29,311.93,2097.67,0.1295,6.6177,134.2,0.0,1433.527, NAN, NAN, NAN, NAN,,2024/04/10 15:51:48.393,2024-04-10 15:51:48.393000+00:00
2024/04/10, 15:52:48.393,41.481,-70.702, 6.55,75.91,72.03,7.8,11.6,11.7,1018.6,1018.6,0.0,0.0,0.03,0.01,59,53,8.9,10.7,73.5,73.5,7.9,9.2,161.7,150.5,1020.7,1020.7,809.61,311.73,2132.45,0.1297,6.6169,133.6,0.0,1433.524, NAN, NAN, NAN, NAN,,2024/04/10 15:52:48.393,2024-04-10 15:52:48.393000+00:00
2024/04/10, 15:53:48.393,41.482,-70.699, 5.20,78.86,73.65,6.48,11.6,11.6,1018.6,1018.6,0.0,0.0,0.03,0.01,57,50,8.8,10.6,73.7,73.7,7.8,9.1,158.0,146.4,1020.7,1020.7,870.18,313.02,2250.83,0.1298,6.6201,132.1,0.0,1433.538, NAN, NAN, NAN, NAN,,2024/04/10 15:53:48.393,2024-04-10 15:53:48.393000+00:00
2024/04/10, 15:54:48.393,41.483,-70.697, 4.46,73.81,67.97,5.8,11.6,11.6,1018.5,1018.6,0.0,0.0,0.03,0.01,68,62,9.0,9.9,73.8,73.9,8.7,9.2,161.1,153.3,1020.6,1020.7,839.63,312.12,2188.03,0.1299,6.6219,133.3,0.0,1433.545, NAN, NAN, NAN, NAN,,2024/04/10 15:54:48.393,2024-04-10 15:54:48.393000+00:00
2024/04/10, 15:55:48.393,41.483,-70.695, 3.96,74.8,66.64,5.41,11.6,11.6,1018.6,1018.6,0.0,0.0,0.03,0.01,64,57,8.0,9.4,74.5,74.5,7.6,8.6,159.1,148.8,1020.7,1020.7,821.28,312.47,2150.0,0.1301,6.622,134.8,0.0,1433.546, NAN, NAN, NAN, NAN,,2024/04/10 15:55:48.393,2024-04-10 15:55:48.393000+00:00
2024/04/10, 15:56:48.393,41.484,-70.694, 3.57,74.14,67.39,5.09,11.7,11.7,1018.6,1018.6,0.0,0.0,0.03,0.01,70,63,7.1,8.5,74.1,74.2,7.0,8.0,165.5,155.1,1020.7,1020.7,820.35,313.06,2138.58,0.1302,6.6279,131.8,0.0,1433.572, NAN, NAN, NAN, NAN,,2024/04/10 15:56:48.393,2024-04-10 15:56:48.393000+00:00
2024/04/10, 15:57:48.393,41.484,-70.692, 3.41,72.61,66.55,4.97,11.7,11.7,1018.7,1018.7,0.0,0.0,0.03,0.01,67,55,7.3,8.1,73.7,73.7,7.0,7.2,160.1,145.7,1020.8,1020.8,855.86,312.66,2197.97,0.1304,6.633,133.3,0.0,1433.594, NAN, NAN, NAN, NAN,,2024/04/10 15:57:48.393,2024-04-10 15:57:48.393000+00:00
2024/04/10, 15:58:48.393,41.485,-70.69, 3.23,73.23,66.58,4.87,11.7,11.7,1018.7,1018.7,0.0,0.0,0.03,0.01,71,65,8.4,8.6,73.6,73.6,8.2,8.2,161.5,155.1,1020.8,1020.8,821.36,312.78,2136.56,0.1305,6.6308,132.4,0.0,1433.585, NAN, NAN, NAN, NAN,,2024/04/10 15:58:48.393,2024-04-10 15:58:48.393000+00:00
2024/04/10, 15:59:48.393,41.485,-70.689, 3.14,73.52,65.55,4.85,11.7,11.8,1018.7,1018.7,0.0,0.0,0.03,0.01,72,66,8.2,10.3,73.8,73.8,8.1,9.9,163.1,153.5,1020.8,1020.8,819.12,312.95,2139.48,0.1307,6.6328,130.6,0.0,1433.593, NAN, NAN, NAN, NAN,,2024/04/10 15:59:48.393,2024-04-10 15:59:48.393000+00:00
2024/04/10, 16:00:48.393,41.486,-70.687, 3.20,73.54,65.35,4.8,11.8,11.8,1018.7,1018.6,0.0,0.0,0.03,0.01,79,70,8.5,9.1,73.8,74.4,8.7,8.9,168.9,159.2,1020.8,1020.7,827.62,314.07,2153.89,0.1308,6.6347,134.5,0.0,1433.602, NAN, NAN, NAN, NAN,,2024/04/10 16:00:48.393,2024-04-10 16:00:48.393000+00:00
2024/04/10, 16:01:48.393,41.486,-70.685, 3.19,73.93,66.14,4.77,11.9,11.9,1018.6,1018.6,0.0,0.0,0.03,0.01,78,68,7.5,8.6,74.7,74.8,7.7,8.3,170.4,158.5,1020.7,1020.7,843.58,313.11,2186.2,0.131,6.6391,131.2,0.0,1433.621, NAN, NAN, NAN, NAN,,2024/04/10 16:01:48.393,2024-04-10 16:01:48.393000+00:00
2024/04/10, 16:02:48.393,41.487,-70.684, 3.26,72.57,65.28,4.75,11.9,11.9,1018.6,1018.6,0.0,0.0,0.03,0.01,75,73,9.3,9.0,73.7,73.8,9.3,8.9,162.7,161.2,1020.7,1020.7,832.51,313.16,2167.29,0.1311,6.644,134.0,0.0,1433.642, NAN, NAN, NAN, NAN,,2024/04/10 16:02:48.393,2024-04-10 16:02:48.393000+00:00
2024/04/10, 16:03:48.394,41.488,-70.682, 3.22,73.53,65.92,4.72,12.0,12.0,1018.6,1018.6,0.0,0.0,0.03,0.01,57,50,8.0,9.8,73.8,73.9,7.3,8.7,148.0,137.1,1020.7,1020.7,860.91,312.85,2228.8,0.1313,6.6458,130.9,0.0,1433.65, NAN, NAN, NAN, NAN,,2024/04/10 16:03:48.394,2024-04-10 16:03:48.394000+00:00
2024/04/10, 16:04:48.394,41.488,-70.681, 3.00,73.38,66.15,4.69,12.0,12.0,1018.6,1018.6,0.0,0.0,0.03,0.01,73,61,7.1,7.8,74.3,74.3,7.1,7.3,165.9,152.3,1020.7,1020.7,873.91,313.1,2260.19,0.1315,6.6482,130.9,0.0,1433.661, NAN, NAN, NAN, NAN,,2024/04/10 16:04:48.394,2024-04-10 16:04:48.394000+00:00
2024/04/10, 16:05:48.394,41.489,-70.679, 3.25,72.7,64.6,4.73,12.0,12.0,1018.6,1018.6,0.0,0.0,0.03,0.01,75,72,8.4,9.2,74.1,74.2,8.4,9.1,164.3,160.0,1020.7,1020.7,895.27,313.91,2307.76,0.1316,6.6526,131.8,0.0,1433.68, NAN, NAN, NAN, NAN,,2024/04/10 16:05:48.394,2024-04-10 16:05:48.394000+00:00
2024/04/10, 16:06:48.394,41.489,-70.677, 3.23,73.63,66.39,4.69,12.0,12.1,1018.4,1018.6,0.0,0.0,0.03,0.01,71,54,7.1,8.5,74.3,74.5,7.0,7.6,164.3,143.7,1020.5,1020.7,891.3,312.88,2298.96,0.1318,6.6523,133.0,0.0,1433.679, NAN, NAN, NAN, NAN,,2024/04/10 16:06:48.394,2024-04-10 16:06:48.394000+00:00
2024/04/10, 16:07:48.394,41.49,-70.676, 3.24,73.48,67.09,4.66,12.0,12.0,1018.6,1018.6,0.0,0.0,0.03,0.01,66,62,8.4,9.3,73.3,73.4,8.0,8.7,156.0,150.3,1020.7,1020.7,912.41,313.49,2346.43,0.132,6.6544,133.0,0.0,1433.688, NAN, NAN, NAN, NAN,,2024/04/10 16:07:48.394,2024-04-10 16:07:48.394000+00:00
2024/04/10, 16:08:48.394,41.49,-70.674, 3.04,72.37,67.07,4.64,12.0,12.0,1018.6,1018.6,0.0,0.0,0.03,0.01,67,57,7.1,8.9,74.5,74.5,6.8,8.1,159.0,144.6,1020.7,1020.7,905.25,315.23,2328.01,0.1321,6.6563,133.6,0.0,1433.696, NAN, NAN, NAN, NAN,,2024/04/10 16:08:48.394,2024-04-10 16:08:48.394000+00:00
2024/04/10, 16:09:48.394,41.491,-70.673, 3.16,73.26,68.73,4.61,12.1,12.1,1018.6,1018.6,0.0,0.0,0.03,0.01,69,59,7.8,9.3,74.4,74.5,7.5,8.5,159.9,146.7,1020.7,1020.7,904.77,314.56,2327.08,0.1322,6.6598,130.3,0.0,1433.712, NAN, NAN, NAN, NAN,,2024/04/10 16:09:48.394,2024-04-10 16:09:48.394000+00:00
2024/04/10, 16:10:48.394,41.491,-70.671, 3.20,72.23,66.4,4.6,12.1,12.1,1018.6,1018.6,0.0,0.0,0.03,0.01,63,55,9.8,10.9,74.4,74.5,9.2,10.0,149.1,139.2,1020.7,1020.7,896.48,314.91,2306.2,0.1324,6.6624,131.5,0.0,1433.723, NAN, NAN, NAN, NAN,,2024/04/10 16:10:48.394,2024-04-10 16:10:48.394000+00:00
2024/04/10, 16:11:48.394,41.492,-70.67, 3.26,67.76,66.43,4.42,12.1,12.2,1018.4,1018.5,0.0,0.0,0.03,0.01,71,70,9.3,9.8,74.9,75.0,8.9,9.3,152.9,151.1,1020.5,1020.6,884.09,315.32,2284.28,0.1326,6.668,133.0,0.0,1433.747, NAN, NAN, NAN, NAN,,2024/04/10 16:11:48.394,2024-04-10 16:11:48.394000+00:00
2024/04/10, 16:12:48.394,41.492,-70.668, 2.69,26.72,46.04,3.91,12.3,12.3,1018.6,1018.5,0.0,0.0,0.03,0.01,99,99,8.3,9.1,74.7,74.8,8.1,8.9,139.7,138.5,1020.7,1020.6,941.68,314.78,2351.62,0.1327,6.6679,130.9,0.0,1433.747, NAN, NAN, NAN, NAN,,2024/04/10 16:12:48.394,2024-04-10 16:12:48.394000+00:00
2024/04/10, 16:13:48.394,41.493,-70.667, 2.57,22.43,38.14,3.79,12.2,12.2,1018.4,1018.4,0.0,0.0,0.03,0.01,119,114,9.0,8.1,74.4,74.4,9.6,8.6,152.8,149.4,1020.5,1020.5,936.87,314.74,2350.3,0.133,6.661,131.8,0.0,1433.718, NAN, NAN, NAN, NAN,,2024/04/10 16:13:48.394,2024-04-10 16:13:48.394000+00:00
2024/04/10, 16:14:48.394,41.494,-70.667, 2.66,356.85,23.33,3.58,12.2,12.2,1018.5,1018.5,0.0,0.0,0.03,0.01,138,144,6.8,6.6,74.8,74.9,7.7,7.6,147.8,153.2,1020.6,1020.6,796.32,313.2,2177.7,0.1331,6.661,134.0,0.0,1433.718, NAN, NAN, NAN, NAN,,2024/04/10 16:14:48.394,2024-04-10 16:14:48.394000+00:00
2024/04/10, 16:15:48.394,41.495,-70.666, 5.05,348.41,7.16,5.91,12.1,12.1,1018.6,1018.6,0.0,0.0,0.03,0.01,151,154,6.7,6.2,74.1,74.2,9.0,8.6,154.2,157.1,1020.7,1020.7,867.42,315.09,2285.82,0.1329,6.6608,134.0,0.0,1433.717, NAN, NAN, NAN, NAN,,2024/04/10 16:15:48.394,2024-04-10 16:15:48.394000+00:00
2024/04/07, 00:00:48.058,35.931,-74.761,0.75,300.3,278.49,2.4,10.9, 10.9,1012.9, 1012.8,0.0, 0.0,13.74, 11.620,25, 26,8.8, 8.3,60.0, 59.9,8.1, 7.6,332.2, 333.7,1015.0, 1014.9,-6.98,289.03,0.01,35.7872,20.6453,196.5,43.5,1524.209, NAN, NAN, NAN, NAN,,2024/04/07 00:00:48.058,2024-04-07 00:00:48.058000+00:00
2024/04/07, 00:01:48.058,35.931,-74.762,1.26,330.82,292.82,1.19,10.9, 10.9,1012.9, 1012.7,0.0, 0.0,13.74, 11.620,4, 356,7.1, 7.0,60.1, 59.7,6.6, 6.5,337.8, 329.2,1015.0, 1014.8,-6.84,290.15,-0.0,35.7821,20.6431,196.5,43.4,1524.197, NAN, NAN, NAN, NAN,,2024/04/07 00:01:48.058,2024-04-07 00:01:48.058000+00:00
2024/04/07, 00:02:48.058,35.931,-74.762,-0.26,335.0,165.06,0.73,10.9, 11.0,1012.8, 1012.7,0.0, 0.0,13.74, 11.620,338, 331,6.7, 7.9,63.6, 64.5,7.0, 8.2,314.9, 307.9,1014.9, 1014.8,-6.74,288.96,-0.0,35.7902,20.6489,196.5,43.4,1524.222, NAN, NAN, NAN, NAN,,2024/04/07 00:02:48.058,2024-04-07 00:02:48.058000+00:00
2024/04/07, 00:03:48.058,35.931,-74.762,0.64,333.41,33.6,0.23,10.9, 11.0,1012.7, 1012.8,0.0, 0.0,13.74, 11.620,339, 333,6.7, 8.0,59.0, 59.3,6.6, 7.9,312.3, 306.2,1014.8, 1014.9,-6.71,288.85,-0.0,35.7829,20.6478,198.0,43.5,1524.211, NAN, NAN, NAN, NAN,,2024/04/07 00:03:48.058,2024-04-07 00:03:48.058000+00:00
2024/04/07, 00:04:48.058,35.931,-74.762,0.54,333.72,341.85,0.56,10.8, 10.9,1012.7, 1012.8,0.0, 0.0,13.74, 11.620,344, 336,6.1, 6.5,58.6, 58.7,5.8, 6.3,316.7, 308.4,1014.8, 1014.9,-6.73,289.54,-0.01,35.7785,20.6429,198.4,43.1,1524.193, NAN, NAN, NAN, NAN,,2024/04/07 00:04:48.058,2024-04-07 00:04:48.058000+00:00
2024/04/07, 00:05:48.058,35.931,-74.762,0.74,331.49,11.57,0.59,10.8, 10.9,1012.8, 1012.6,0.0, 0.0,13.74, 11.620,345, 347,8.0, 7.2,60.8, 60.7,7.7, 6.9,315.3, 317.3,1014.9, 1014.7,-6.85,288.71,-0.01,35.7832,20.6342,196.5,42.9,1524.174, NAN, NAN, NAN, NAN,,2024/04/07 00:05:48.058,2024-04-07 00:05:48.058000+00:00
2024/04/07, 00:06:48.058,35.931,-74.762,0.37,331.48,317.86,0.44,10.8, 10.8,1012.7, 1012.9,0.0, 0.0,13.74, 11.620,350, 338,6.9, 6.4,57.8, 57.4,6.7, 6.2,322.8, 310.6,1014.8, 1015.0,-6.75,289.11,-0.01,35.7822,20.6302,198.4,43.3,1524.162, NAN, NAN, NAN, NAN,,2024/04/07 00:06:48.058,2024-04-07 00:06:48.058000+00:00
2024/04/07, 00:07:48.058,35.931,-74.762,0.12,331.98,144.24,0.69,10.8, 10.9,1012.7, 1012.7,0.0, 0.0,13.74, 11.620,354, 349,8.0, 8.3,58.8, 59.0,8.3, 8.6,326.7, 321.9,1014.8, 1014.8,-6.81,289.32,-0.02,35.7803,20.6334,195.6,43.2,1524.169, NAN, NAN, NAN, NAN,,2024/04/07 00:07:48.058,2024-04-07 00:07:48.058000+00:00
2024/04/07, 00:08:48.058,35.931,-74.762,-1.15,333.62,190.27,0.29,10.8, 10.8,1012.7, 1012.8,0.0, 0.0,13.74, 11.620,341, 343,6.1, 6.4,58.9, 58.7,6.2, 6.5,315.5, 317.4,1014.8, 1014.9,-6.69,289.36,-0.01,35.7774,20.6326,197.1,43.0,1524.163, NAN, NAN, NAN, NAN,,2024/04/07 00:08:48.058,2024-04-07 00:08:48.058000+00:00
2024/04/07, 00:09:48.058,35.931,-74.762,0.31,332.86,314.43,0.33,10.8, 10.8,1012.9, 1012.8,0.0, 0.0,13.74, 11.620,337, 333,6.8, 7.2,58.8, 59.3,6.6, 7.0,310.5, 306.4,1015.0, 1014.9,-6.85,289.26,-0.01,35.7762,20.6384,193.7,42.8,1524.178, NAN, NAN, NAN, NAN,,2024/04/07 00:09:48.058,2024-04-07 00:09:48.058000+00:00
2024/04/07, 00:10:48.058,35.931,-74.762,-0.05,333.06,163.92,0.29,10.8, 10.8,1012.8, 1012.7,0.0, 0.0,13.74, 11.620,343, 339,6.2, 6.7,58.7, 58.7,6.3, 6.8,316.6, 312.6,1014.9, 1014.8,-6.8,288.88,-0.01,35.7753,20.6364,196.8,43.2,1524.171, NAN, NAN, NAN, NAN,,2024/04/07 00:10:48.058,2024-04-07 00:10:48.058000+00:00
2024/04/07, 00:11:48.058,35.931,-74.762,-0.19,334.0,198.13,0.3,10.8, 10.8,1012.8, 1012.8,0.0, 0.0,13.74, 11.620,347, 340,7.8, 8.0,58.5, 58.5,7.9, 8.1,321.4, 314.5,1014.9, 1014.9,-6.78,288.61,-0.01,35.7749,20.6303,194.0,43.4,1524.154, NAN, NAN, NAN, NAN,,2024/04/07 00:11:48.058,2024-04-07 00:11:48.058000+00:00
2024/04/07, 00:12:48.058,35.931,-74.762,-0.57,332.42,136.67,0.72,10.8, 10.8,1012.8, 1012.9,0.0, 0.0,13.74, 11.620,346, 345,7.9, 7.8,58.4, 57.8,8.2, 8.1,319.3, 318.4,1014.9, 1015.0,-6.69,289.24,-0.02,35.7738,20.6263,194.0,43.2,1524.142, NAN, NAN, NAN, NAN,,2024/04/07 00:12:48.058,2024-04-07 00:12:48.058000+00:00
2024/04/07, 00:13:48.058,35.931,-74.762,-0.14,331.64,272.65,0.31,10.8, 10.8,1012.9, 1013.0,0.0, 0.0,13.74, 11.620,351, 342,6.0, 5.4,54.5, 58.5,6.1, 5.5,323.4, 314.7,1015.0, 1015.1,-6.76,291.04,-0.02,35.7742,20.6283,193.5,43.4,1524.148, NAN, NAN, NAN, NAN,,2024/04/07 00:13:48.058,2024-04-07 00:13:48.058000+00:00
2024/04/07, 00:14:48.058,35.931,-74.762,0.24,328.72,165.07,0.36,10.9, 10.9,1012.8, 1013.0,0.0, 0.0,13.74, 11.620,345, 340,6.7, 7.3,59.4, 59.6,6.8, 7.3,315.2, 310.1,1014.9, 1015.1,-6.69,290.7,-0.02,35.7718,20.6306,195.6,43.2,1524.152, NAN, NAN, NAN, NAN,,2024/04/07 00:14:48.058,2024-04-07 00:14:48.058000+00:00
2024/04/07, 00:15:48.059,35.93,-74.762,0.21,327.55,237.99,0.15,11.0, 11.0,1013.0, 1012.8,0.0, 0.0,13.74, 11.620,359, 355,7.5, 7.1,62.2, 61.8,7.5, 7.1,327.1, 323.1,1015.1, 1014.9,-6.56,289.97,-0.02,35.774,20.6414,195.9,43.6,1524.184, NAN, NAN, NAN, NAN,,2024/04/07 00:15:48.059,2024-04-07 00:15:48.059000+00:00
2024/04/07, 00:16:48.059,35.93,-74.762,0.13,328.09,125.18,0.19,11.0, 11.0,1012.9, 1012.9,0.0, 0.0,13.74, 11.620,350, 342,7.5, 7.0,58.3, 58.1,7.5, 7.0,318.8, 310.9,1015.0, 1015.0,-6.54,290.67,-0.02,35.784,20.6501,197.1,43.4,1524.218, NAN, NAN, NAN, NAN,,2024/04/07 00:16:48.059,2024-04-07 00:16:48.059000+00:00
2024/04/07, 00:17:48.059,35.93,-74.762,0.25,327.66,264.51,0.32,10.9, 11.0,1012.9, 1012.9,0.0, 0.0,13.74, 11.620,351, 347,7.4, 7.0,57.5, 57.9,7.4, 7.0,319.9, 316.0,1015.0, 1015.0,-6.47,290.8,-0.02,35.7858,20.652,196.5,43.2,1524.225, NAN, NAN, NAN, NAN,,2024/04/07 00:17:48.059,2024-04-07 00:17:48.059000+00:00
2024/04/07, 00:18:48.059,35.93,-74.762,0.45,327.85,298.1,0.15,11.0, 11.0,1012.9, 1013.0,0.0, 0.0,13.74, 11.620,352, 349,6.9, 6.3,61.1, 62.0,6.9, 6.3,320.5, 317.5,1015.0, 1015.1,-6.6,291.7,-0.02,35.7887,20.649,194.7,43.1,1524.221, NAN, NAN, NAN, NAN,,2024/04/07 00:18:48.059,2024-04-07 00:18:48.059000+00:00
2024/04/07, 00:19:48.059,35.93,-74.763,0.13,328.08,269.03,0.27,10.9, 11.0,1013.0, 1013.0,0.0, 0.0,13.74, 11.620,351, 343,7.8, 8.2,59.6, 59.3,7.8, 8.1,320.0, 311.9,1015.1, 1015.1,-6.61,291.62,-0.02,35.7909,20.6432,197.1,43.5,1524.207, NAN, NAN, NAN, NAN,,2024/04/07 00:19:48.059,2024-04-07 00:19:48.059000+00:00
2024/04/07, 00:20:48.059,35.93,-74.763,0.37,330.17,253.73,0.25,10.9, 11.0,1013.0, 1013.0,0.0, 0.0,13.74, 11.620,352, 347,7.3, 8.5,55.0, 55.1,7.3, 8.5,323.2, 318.0,1015.1, 1015.1,-6.6,292.24,-0.01,35.7923,20.6429,195.9,43.5,1524.208, NAN, NAN, NAN, NAN,,2024/04/07 00:20:48.059,2024-04-07 00:20:48.059000+00:00
2024/04/07, 00:21:48.059,35.93,-74.763,0.21,332.53,218.67,0.37,10.9, 11.0,1012.9, 1013.0,0.0, 0.0,13.74, 11.620,354, 345,8.3, 8.1,57.6, 58.3,8.2, 8.0,327.7, 318.6,1015.0, 1015.1,-6.6,291.31,-0.01,35.7877,20.6409,196.8,43.6,1524.197, NAN, NAN, NAN, NAN,,2024/04/07 00:21:48.059,2024-04-07 00:21:48.059000+00:00
2024/04/07, 00:22:48.059,35.93,-74.763,0.3,330.19,189.76,0.43,10.9, 11.0,1013.0, 1013.1,0.0, 0.0,13.74, 11.620,355, 350,8.5, 8.4,57.9, 57.9,8.4, 8.3,326.6, 321.6,1015.1, 1015.2,-6.58,290.75,-0.02,35.7869,20.6328,195.0,43.1,1524.175, NAN, NAN, NAN, NAN,,2024/04/07 00:22:48.059,2024-04-07 00:22:48.059000+00:00
2024/04/07, 00:23:48.059,35.93,-74.763,-0.01,331.63,117.37,0.07,10.9, 11.0,1013.0, 1013.0,0.0, 0.0,13.74, 11.620,352, 347,7.7, 7.0,56.3, 56.2,7.7, 7.0,323.5, 318.5,1015.1, 1015.1,-6.62,290.4,-0.01,35.7883,20.6378,195.6,43.6,1524.19, NAN, NAN, NAN, NAN,,2024/04/07 00:23:48.059,2024-04-07 00:23:48.059000+00:00
2024/04/07, 00:24:48.059,35.93,-74.763,0.31,332.08,138.76,0.34,11.0, 11.0,1013.0, 1012.8,0.0, 0.0,13.74, 11.620,353, 349,7.4, 7.1,61.5, 56.0,7.5, 7.2,326.1, 322.2,1015.1, 1014.9,-6.61,292.21,-0.01,35.7897,20.6464,196.2,43.9,1524.215, NAN, NAN, NAN, NAN,,2024/04/07 00:24:48.059,2024-04-07 00:24:48.059000+00:00
2024/04/07, 00:25:48.059,35.93,-74.763,0.04,329.25,132.67,0.23,11.2, 11.2,1012.8, 1013.0,0.0, 0.0,13.74, 11.620,351, 347,7.7, 7.4,64.0, 63.7,7.8, 7.4,321.0, 317.1,1014.9, 1015.1,-6.56,290.81,-0.01,35.7858,20.6462,193.5,43.6,1524.21, NAN, NAN, NAN, NAN,,2024/04/07 00:25:48.059,2024-04-07 00:25:48.059000+00:00
2024/04/07, 00:26:48.059,35.93,-74.763,0.48,331.51,310.86,0.22,11.2, 11.2,1012.9, 1012.9,0.0, 0.0,13.74, 11.620,341, 337,7.1, 8.0,61.1, 63.9,7.0, 7.9,313.0, 308.9,1015.0, 1015.0,-6.41,290.69,-0.02,35.7871,20.6583,194.4,43.7,1524.244, NAN, NAN, NAN, NAN,,2024/04/07 00:26:48.059,2024-04-07 00:26:48.059000+00:00
2024/04/07, 00:27:48.059,35.93,-74.763,0.09,330.16,196.31,0.2,11.3, 11.3,1012.9, 1013.0,0.0, 0.0,13.74, 11.620,352, 346,7.6, 7.4,60.5, 61.1,7.7, 7.5,322.7, 316.8,1015.0, 1015.1,-6.49,289.95,-0.02,35.7888,20.6691,195.0,44.1,1524.275, NAN, NAN, NAN, NAN,,2024/04/07 00:27:48.059,2024-04-07 00:27:48.059000+00:00
2024/04/07, 00:28:48.059,35.93,-74.763,0.14,330.32,63.94,0.36,11.2, 11.3,1012.9, 1012.8,0.0, 0.0,13.74, 11.620,357, 349,7.1, 6.7,59.3, 59.8,7.2, 6.8,325.9, 317.9,1015.0, 1014.9,-6.55,290.28,-0.02,35.7921,20.6676,195.0,44.1,1524.275, NAN, NAN, NAN, NAN,,2024/04/07 00:28:48.059,2024-04-07 00:28:48.059000+00:00
2024/04/07, 00:29:48.059,35.93,-74.763,0.2,329.62,235.42,0.45,11.2, 11.3,1013.0, 1013.0,0.0, 0.0,13.74, 11.620,356, 349,8.1, 7.7,56.3, 56.4,8.0, 7.6,327.2, 320.2,1015.1, 1015.1,-6.55,288.76,-0.02,35.7952,20.6754,195.9,44.0,1524.299, NAN, NAN, NAN, NAN,,2024/04/07 00:29:48.059,2024-04-07 00:29:48.059000+00:00
2024/04/07, 00:30:48.060,35.93,-74.763,0.01,329.73,165.89,0.08,11.1, 11.1,1013.2, 1013.0,0.0, 0.0,13.74, 11.620,350, 344,7.0, 7.9,57.6, 57.5,7.0, 7.9,319.8, 313.8,1015.3, 1015.1,-6.7,289.17,-0.02,35.7946,20.6845,197.1,43.7,1524.323, NAN, NAN, NAN, NAN,,2024/04/07 00:30:48.060,2024-04-07 00:30:48.060000+00:00
2024/04/07, 00:31:48.060,35.93,-74.763,0.24,329.81,7.99,0.11,11.1, 11.1,1013.1, 1013.0,0.0, 0.0,13.74, 11.620,357, 352,8.0, 7.8,58.8, 59.4,8.0, 7.8,326.5, 321.5,1015.2, 1015.1,-6.67,289.64,-0.02,35.795,20.693,194.7,43.9,1524.347, NAN, NAN, NAN, NAN,,2024/04/07 00:31:48.060,2024-04-07 00:31:48.060000+00:00
2024/04/07, 00:32:48.060,35.93,-74.763,0.27,329.34,257.9,0.48,11.1, 11.1,1013.0, 1013.2,0.0, 0.0,13.74, 11.620,354, 347,7.0, 7.0,54.6, 55.3,6.9, 6.9,325.1, 318.0,1015.1, 1015.3,-6.68,289.14,-0.02,35.8004,20.6961,196.2,44.0,1524.361, NAN, NAN, NAN, NAN,,2024/04/07 00:32:48.060,2024-04-07 00:32:48.060000+00:00
2024/04/07, 00:33:48.060,35.93,-74.763,0.06,329.44,264.22,0.36,11.0, 11.1,1013.0, 1013.1,0.0, 0.0,13.74, 11.620,355, 345,7.6, 7.7,56.2, 54.6,7.5, 7.6,325.7, 315.6,1015.1, 1015.2,-6.63,290.76,-0.02,35.8089,20.7048,195.9,43.9,1524.394, NAN, NAN, NAN, NAN,,2024/04/07 00:33:48.060,2024-04-07 00:33:48.060000+00:00
2024/04/07, 00:34:48.060,35.93,-74.763,0.02,329.15,250.53,0.24,11.1, 11.1,1013.2, 1013.0,0.0, 0.0,13.74, 11.620,352, 344,8.8, 8.7,56.5, 60.2,8.8, 8.6,321.9, 313.9,1015.3, 1015.1,-6.71,289.3,-0.02,35.8084,20.7107,196.5,43.9,1524.41, NAN, NAN, NAN, NAN,,2024/04/07 00:34:48.060,2024-04-07 00:34:48.060000+00:00
2024/04/07, 00:35:48.060,35.93,-74.763,0.13,327.53,7.33,0.15,11.1, 11.2,1013.2, 1013.0,0.0, 0.0,13.74, 11.620,0, 352,6.4, 6.4,56.6, 56.5,6.4, 6.4,326.9, 318.9,1015.3, 1015.1,-6.58,291.15,-0.02,35.8159,20.7143,196.2,44.1,1524.428, NAN, NAN, NAN, NAN,,2024/04/07 00:35:48.060,2024-04-07 00:35:48.060000+00:00
2024/04/07, 00:36:48.060,35.93,-74.763,0.11,328.43,6.89,0.23,11.1, 11.2,1013.2, 1013.0,0.0, 0.0,13.74, 11.620,349, 343,7.3, 7.5,61.4, 62.1,7.3, 7.5,316.5, 310.5,1015.3, 1015.1,-6.64,291.21,-0.02,35.8163,20.7183,197.4,43.0,1524.439, NAN, NAN, NAN, NAN,,2024/04/07 00:36:48.060,2024-04-07 00:36:48.060000+00:00
2024/04/07, 00:37:48.060,35.93,-74.763,0.09,328.42,259.86,0.08,11.2, 11.2,1013.0, 1013.2,0.0, 0.0,13.74, 11.620,349, 349,7.6, 7.6,63.1, 63.4,7.6, 7.6,317.7, 317.7,1015.1, 1015.3,-6.67,290.65,-0.02,35.819,20.7183,198.0,42.8,1524.442, NAN, NAN, NAN, NAN,,2024/04/07 00:37:48.060,2024-04-07 00:37:48.060000+00:00
2024/04/07, 00:38:48.060,35.93,-74.764,0.04,328.08,92.58,0.1,11.2, 11.3,1013.0, 1013.1,0.0, 0.0,13.74, 11.620,348, 342,7.0, 7.4,58.8, 58.4,7.0, 7.4,316.3, 310.4,1015.1, 1015.2,-6.61,289.85,-0.02,35.8244,20.7237,198.6,42.8,1524.463, NAN, NAN, NAN, NAN,,2024/04/07 00:38:48.060,2024-04-07 00:38:48.060000+00:00
2024/04/07, 00:39:48.060,35.93,-74.764,0.32,327.28,181.67,0.49,11.1, 11.2,1013.1, 1013.1,0.0, 0.0,13.74, 11.620,2, 352,8.2, 7.2,59.8, 59.8,8.4, 7.4,329.7, 320.0,1015.2, 1015.2,-6.68,289.35,-0.02,35.8232,20.7252,198.0,42.9,1524.465, NAN, NAN, NAN, NAN,,2024/04/07 00:39:48.060,2024-04-07 00:39:48.060000+00:00
2024/04/07, 00:40:48.060,35.93,-74.764,0.3,329.3,287.22,0.37,11.1, 11.1,1013.3, 1013.1,0.0, 0.0,13.74, 11.620,347, 339,7.3, 7.7,56.4, 56.0,7.1, 7.5,317.2, 309.0,1015.4, 1015.2,-6.69,290.13,-0.02,35.8197,20.7354,198.0,42.8,1524.489, NAN, NAN, NAN, NAN,,2024/04/07 00:40:48.060,2024-04-07 00:40:48.060000+00:00
2024/04/07, 00:41:48.060,35.93,-74.764,0.19,329.02,224.05,0.27,11.1, 11.1,1013.2, 1013.0,0.0, 0.0,13.74, 11.620,350, 342,7.1, 7.3,58.0, 58.2,7.1, 7.3,320.1, 312.1,1015.3, 1015.1,-6.63,290.67,-0.02,35.8228,20.746,196.5,42.9,1524.521, NAN, NAN, NAN, NAN,,2024/04/07 00:41:48.060,2024-04-07 00:41:48.060000+00:00
2024/04/07, 00:42:48.060,35.93,-74.764,0.29,327.62,153.22,0.34,11.1, 11.1,1013.3, 1013.1,0.0, 0.0,13.74, 11.620,348, 344,8.5, 8.2,63.1, 62.1,8.7, 8.4,316.1, 312.2,1015.4, 1015.2,-6.68,290.16,-0.02,35.8254,20.7511,198.0,45.5,1524.538, NAN, NAN, NAN, NAN,,2024/04/07 00:42:48.060,2024-04-07 00:42:48.060000+00:00
2024/04/07, 00:43:48.060,35.93,-74.764,0.15,329.57,316.41,0.17,11.1, 11.2,1013.2, 1013.2,0.0, 0.0,13.74, 11.620,346, 338,7.9, 8.8,60.1, 59.7,7.8, 8.7,315.9, 307.8,1015.3, 1015.3,-6.53,290.62,-0.03,35.8221,20.7477,197.4,43.0,1524.525, NAN, NAN, NAN, NAN,,2024/04/07 00:43:48.060,2024-04-07 00:43:48.060000+00:00
2024/04/07, 00:44:48.060,35.93,-74.764,0.14,329.57,280.01,0.11,11.1, 11.1,1013.3, 1013.2,0.0, 0.0,13.74, 11.620,351, 347,8.7, 8.2,58.7, 58.8,8.7, 8.2,320.3, 316.3,1015.4, 1015.3,-6.67,289.95,-0.02,35.8215,20.7473,197.1,42.7,1524.523, NAN, NAN, NAN, NAN,,2024/04/07 00:44:48.060,2024-04-07 00:44:48.060000+00:00
2024/04/07, 00:45:48.061,35.93,-74.764,-0.21,328.12,262.55,0.41,11.0, 11.1,1013.3, 1013.0,0.0, 0.0,13.74, 11.620,353, 346,7.1, 7.3,58.5, 58.7,7.1, 7.3,322.8, 315.8,1015.4, 1015.1,-6.69,292.29,-0.02,35.818,20.7461,199.6,43.0,1524.516, NAN, NAN, NAN, NAN,,2024/04/07 00:45:48.061,2024-04-07 00:45:48.061000+00:00
2024/04/07, 00:46:48.061,35.93,-74.764,0.27,327.28,181.08,0.53,11.2, 11.2,1013.3, 1013.2,0.0, 0.0,13.74, 11.620,357, 352,8.2, 7.7,60.5, 59.7,8.4, 7.9,325.3, 320.5,1015.4, 1015.3,-6.62,290.41,-0.01,35.815,20.7419,198.0,42.6,1524.502, NAN, NAN, NAN, NAN,,2024/04/07 00:46:48.061,2024-04-07 00:46:48.061000+00:00
2024/04/07, 00:47:48.061,35.93,-74.764,0.18,328.96,302.88,0.3,11.1, 11.1,1013.2, 1013.2,0.0, 0.0,13.74, 11.620,358, 351,7.9, 7.2,57.6, 57.6,7.8, 7.1,327.7, 320.6,1015.3, 1015.3,-6.58,290.76,-0.02,35.8124,20.7469,196.2,42.3,1524.512, NAN, NAN, NAN, NAN,,2024/04/07 00:47:48.061,2024-04-07 00:47:48.061000+00:00
2024/04/07, 00:48:48.061,35.93,-74.764,0.14,328.89,3.76,0.14,11.1, 11.1,1013.2, 1013.2,0.0, 0.0,13.74, 11.620,356, 353,6.1, 6.9,61.4, 60.4,6.0, 6.8,324.8, 321.8,1015.3, 1015.3,-6.66,292.22,-0.02,35.8176,20.7505,195.0,42.8,1524.528, NAN, NAN, NAN, NAN,,2024/04/07 00:48:48.061,2024-04-07 00:48:48.061000+00:00
2024/04/07, 00:49:48.061,35.93,-74.764,0.1,328.0,78.44,0.18,11.2, 11.2,1013.1, 1013.2,0.0, 0.0,13.74, 11.620,355, 345,7.8, 8.1,61.5, 61.7,7.8, 8.1,322.4, 312.4,1015.2, 1015.3,-6.53,290.6,-0.02,35.8176,20.7372,195.9,42.7,1524.492, NAN, NAN, NAN, NAN,,2024/04/07 00:49:48.061,2024-04-07 00:49:48.061000+00:00
2024/04/07, 00:50:48.061,35.93,-74.764,0.19,328.01,144.24,0.18,11.1, 11.2,1013.2, 1013.1,0.0, 0.0,13.74, 11.620,1, 356,8.2, 7.4,60.6, 60.9,8.3, 7.5,329.4, 324.5,1015.3, 1015.2,-6.65,291.06,-0.02,35.8197,20.7156,195.0,42.6,1524.436, NAN, NAN, NAN, NAN,,2024/04/07 00:50:48.061,2024-04-07 00:50:48.061000+00:00
2024/04/07, 00:51:48.061,35.93,-74.764,0.27,327.55,275.91,0.22,11.2, 11.2,1013.2, 1013.2,0.0, 0.0,13.74, 11.620,353, 350,7.3, 7.6,60.9, 60.8,7.2, 7.5,321.3, 318.3,1015.3, 1015.3,-6.67,291.68,-0.02,35.8196,20.7023,195.6,42.9,1524.399, NAN, NAN, NAN, NAN,,2024/04/07 00:51:48.061,2024-04-07 00:51:48.061000+00:00
2024/04/07, 00:52:48.061,35.93,-74.764,0.64,327.64,335.09,0.05,11.3, 11.3,1013.2, 1013.2,0.0, 0.0,13.74, 11.620,348, 338,6.8, 8.2,59.0, 59.2,6.8, 8.2,315.5, 305.6,1015.3, 1015.3,-6.53,291.7,-0.02,35.8169,20.6885,195.0,42.4,1524.359, NAN, NAN, NAN, NAN,,2024/04/07 00:52:48.061,2024-04-07 00:52:48.061000+00:00
2024/04/07, 00:53:48.061,35.929,-74.764,0.33,327.25,189.46,0.46,11.3, 11.3,1013.3, 1013.2,0.0, 0.0,13.74, 11.620,357, 346,7.8, 8.0,61.4, 61.2,7.9, 8.1,325.8, 314.8,1015.4, 1015.3,-6.51,292.1,-0.02,35.8224,20.6804,196.5,42.6,1524.343, NAN, NAN, NAN, NAN,,2024/04/07 00:53:48.061,2024-04-07 00:53:48.061000+00:00
2024/04/07, 00:54:48.061,35.929,-74.764,0.2,328.71,40.14,0.11,11.3, 11.3,1013.2, 1013.2,0.0, 0.0,13.74, 11.620,353, 348,8.6, 8.4,59.2, 59.2,8.6, 8.4,321.4, 316.4,1015.3, 1015.3,-6.54,291.52,-0.02,35.827,20.6804,195.0,42.9,1524.348, NAN, NAN, NAN, NAN,,2024/04/07 00:54:48.061,2024-04-07 00:54:48.061000+00:00
2024/04/07, 00:55:48.061,35.929,-74.764,0.23,327.74,155.23,0.35,11.3, 11.3,1013.3, 1013.3,0.0, 0.0,13.74, 11.620,6, 0,9.2, 8.9,61.2, 60.4,9.4, 9.0,334.3, 328.5,1015.4, 1015.4,-6.54,291.39,-0.02,35.8279,20.684,196.5,43.0,1524.359, NAN, NAN, NAN, NAN,,2024/04/07 00:55:48.061,2024-04-07 00:55:48.061000+00:00
2024/04/07, 00:56:48.061,35.929,-74.765,0.25,328.1,216.81,0.19,11.3, 11.3,1013.3, 1013.3,0.0, 0.0,13.74, 11.620,7, 358,8.8, 8.2,61.1, 60.2,8.9, 8.3,335.6, 326.7,1015.4, 1015.4,-6.53,292.52,-0.02,35.8301,20.6885,196.8,42.9,1524.374, NAN, NAN, NAN, NAN,,2024/04/07 00:56:48.061,2024-04-07 00:56:48.061000+00:00
2024/04/07, 00:57:48.061,35.929,-74.765,0.18,329.58,276.96,0.36,11.4, 11.4,1013.3, 1013.2,0.0, 0.0,13.74, 11.620,352, 342,7.2, 7.7,61.1, 61.4,7.1, 7.6,322.9, 312.6,1015.4, 1015.3,-6.45,294.52,-0.02,35.8318,20.7014,198.0,41.6,1524.411, NAN, NAN, NAN, NAN,,2024/04/07 00:57:48.061,2024-04-07 00:57:48.061000+00:00
2024/04/07, 00:58:48.061,35.929,-74.765,0.22,329.42,317.61,0.21,11.4, 11.4,1013.2, 1013.3,0.0, 0.0,13.74, 11.620,356, 354,8.0, 7.3,60.1, 60.8,7.9, 7.2,325.5, 323.5,1015.3, 1015.4,-6.42,291.89,-0.02,35.828,20.7111,194.4,41.4,1524.433, NAN, NAN, NAN, NAN,,2024/04/07 00:58:48.061,2024-04-07 00:58:48.061000+00:00
2024/04/07, 00:59:48.061,35.929,-74.765,0.2,328.01,152.0,0.2,11.4, 11.4,1013.3, 1013.3,0.0, 0.0,13.74, 11.620,351, 355,7.6, 8.1,59.7, 59.2,7.7, 8.2,319.6, 323.5,1015.4, 1015.4,-6.52,292.59,-0.02,35.8234,20.7155,194.4,41.9,1524.439, NAN, NAN, NAN, NAN,,2024/04/07 00:59:48.061,2024-04-07 00:59:48.061000+00:00
2024/04/07, 01:00:48.061,35.929,-74.765,0.3,328.97,271.52,0.34,11.3, 11.4,1013.3, 1013.3,0.0, 0.0,13.74, 11.620,3, 356,9.4, 8.3,59.9, 60.5,9.3, 8.2,333.0, 326.1,1015.4, 1015.4,-6.57,291.5,-0.02,35.8179,20.718,195.6,41.6,1524.44, NAN, NAN, NAN, NAN,,2024/04/07 01:00:48.061,2024-04-07 01:00:48.061000+00:00
2024/04/07, 01:01:48.062,35.929,-74.765,0.27,328.46,322.32,0.06,11.3, 11.3,1013.3, 1013.3,0.0, 0.0,13.74, 11.620,3, 355,7.8, 7.2,60.0, 59.7,7.8, 7.2,331.2, 323.2,1015.4, 1015.4,-6.64,292.07,-0.02,35.8152,20.7217,195.2,42.3,1524.447, NAN, NAN, NAN, NAN,,2024/04/07 01:01:48.062,2024-04-07 01:01:48.062000+00:00
2024/04/07, 01:02:48.062,35.929,-74.765,0.2,329.08,212.6,0.27,11.3, 11.3,1013.3, 1013.3,0.0, 0.0,13.74, 11.620,348, 346,8.3, 8.7,60.1, 60.1,8.3, 8.7,318.0, 316.0,1015.4, 1015.4,-6.66,291.94,-0.02,35.8151,20.7211,194.0,42.3,1524.445, NAN, NAN, NAN, NAN,,2024/04/07 01:02:48.062,2024-04-07 01:02:48.062000+00:00
2024/04/07, 01:03:48.062,35.929,-74.765,0.15,327.78,13.07,0.16,11.3, 11.3,1013.4, 1013.3,0.0, 0.0,13.74, 11.620,5, 1,9.0, 8.9,59.1, 59.2,9.0, 8.9,333.3, 329.3,1015.5, 1015.4,-6.63,292.46,-0.03,35.8181,20.7165,195.2,42.4,1524.436, NAN, NAN, NAN, NAN,,2024/04/07 01:03:48.062,2024-04-07 01:03:48.062000+00:00
2024/04/07, 01:04:48.062,35.929,-74.765,0.19,328.57,237.81,0.21,11.3, 11.3,1013.4, 1013.3,0.0, 0.0,13.74, 11.620,356, 353,8.3, 8.1,62.2, 61.5,8.3, 8.1,325.3, 322.3,1015.5, 1015.4,-6.55,292.22,-0.03,35.8142,20.7242,195.0,42.5,1524.453, NAN, NAN, NAN, NAN,,2024/04/07 01:04:48.062,2024-04-07 01:04:48.062000+00:00
2024/04/07, 01:05:48.062,35.929,-74.765,1.31,345.67,349.7,1.51,11.2, 11.2,1013.4, 1013.3,0.0, 0.0,13.74, 11.620,350, 349,9.8, 8.8,62.5, 61.5,9.0, 8.0,335.6, 334.5,1015.5, 1015.4,-6.66,293.48,-0.02,35.8158,20.7295,194.4,42.7,1524.469, NAN, NAN, NAN, NAN,,2024/04/07 01:05:48.062,2024-04-07 01:05:48.062000+00:00
2024/04/07, 01:06:48.062,35.93,-74.765,4.38,5.81,8.55,4.36,11.3, 11.3,1013.2, 1013.3,0.0, 0.0,13.74, 11.620,328, 328,9.7, 12.6,60.6, 60.9,7.9, 10.8,324.9, 327.3,1015.3, 1015.4,-6.53,294.58,-0.02,35.8128,20.7255,195.0,42.1,1524.455, NAN, NAN, NAN, NAN,,2024/04/07 01:06:48.062,2024-04-07 01:06:48.062000+00:00
2024/04/07, 01:07:48.062,35.932,-74.765,7.3,359.41,3.17,7.14,11.3, 11.3,1013.2, 1013.3,0.0, 0.0,13.74, 11.620,337, 332,11.9, 13.5,60.3, 59.8,8.8, 10.6,325.5, 320.8,1015.3, 1015.4,-6.48,295.1,-0.02,35.8218,20.718,195.6,42.2,1524.444, NAN, NAN, NAN, NAN,,2024/04/07 01:07:48.062,2024-04-07 01:07:48.062000+00:00
2024/04/07, 01:08:48.062,35.934,-74.765,9.1,359.68,0.86,8.79,11.3, 11.3,1013.2, 1013.1,0.0, 0.0,13.74, 11.620,340, 336,12.3, 12.1,57.7, 57.7,8.2, 8.2,328.3, 322.3,1015.3, 1015.2,-6.35,297.7,-0.03,35.8287,20.6987,194.7,42.2,1524.4, NAN, NAN, NAN, NAN,,2024/04/07 01:08:48.062,2024-04-07 01:08:48.062000+00:00
2024/04/07, 01:09:48.062,35.937,-74.765,9.93,359.52,0.26,9.43,11.3, 11.3,1013.3, 1013.0,0.0, 0.0,13.74, 11.620,334, 333,11.9, 13.5,62.1, 62.5,7.9, 9.5,317.6, 318.9,1015.4, 1015.1,-6.33,300.2,-0.02,35.8269,20.6817,194.4,42.3,1524.352, NAN, NAN, NAN, NAN,,2024/04/07 01:09:48.062,2024-04-07 01:09:48.062000+00:00
2024/04/07, 01:10:48.062,35.939,-74.765,10.25,0.47,0.39,9.85,11.3, 11.3,1013.2, 1013.0,0.0, 0.0,13.74, 11.620,343, 337,12.8, 13.1,60.7, 60.8,8.2, 8.8,331.7, 323.3,1015.3, 1015.1,-6.3,302.22,-0.02,35.8181,20.6939,196.5,42.4,1524.375, NAN, NAN, NAN, NAN,,2024/04/07 01:10:48.062,2024-04-07 01:10:48.062000+00:00
2024/04/07, 01:11:48.062,35.942,-74.765,10.34,359.54,1.23,10.13,11.3, 11.3,1013.3, 1013.2,0.0, 0.0,13.74, 11.620,336, 330,14.1, 15.9,63.7, 63.1,9.6, 11.8,322.3, 316.3,1015.4, 1015.3,-6.17,305.72,-0.03,35.8088,20.652,192.8,42.4,1524.251, NAN, NAN, NAN, NAN,,2024/04/07 01:11:48.062,2024-04-07 01:11:48.062000+00:00
2024/04/07, 01:12:48.062,35.945,-74.765,10.28,359.81,2.63,9.79,11.3, 11.3,1013.4, 1013.1,0.0, 0.0,13.74, 11.620,337, 327,13.7, 15.9,59.0, 59.5,9.4, 12.2,323.5, 312.9,1015.5, 1015.2,-6.2,310.16,-0.03,35.8055,20.5839,192.2,42.4,1524.062, NAN, NAN, NAN, NAN,,2024/04/07 01:12:48.062,2024-04-07 01:12:48.062000+00:00
2024/04/07, 01:13:48.062,35.948,-74.764,10.21,359.64,359.58,9.8,11.3, 11.3,1013.3, 1013.0,0.0, 0.0,13.74, 11.620,333, 330,12.4, 14.5,61.1, 61.0,8.3, 10.5,316.0, 315.3,1015.4, 1015.1,-6.09,313.42,-0.03,35.8139,20.5301,194.0,42.2,1523.925, NAN, NAN, NAN, NAN,,2024/04/07 01:13:48.062,2024-04-07 01:13:48.062000+00:00
2024/04/07, 01:14:48.062,35.95,-74.764,10.29,2.2,3.04,10.06,11.3, 11.3,1013.2, 1013.1,0.0, 0.0,13.74, 11.620,336, 328,12.6, 14.9,59.9, 60.7,8.2, 11.0,322.6, 315.2,1015.3, 1015.2,-6.1,314.4,-0.02,35.7744,20.4943,187.3,42.3,1523.784, NAN, NAN, NAN, NAN,,2024/04/07 01:14:48.062,2024-04-07 01:14:48.062000+00:00
2024/04/07, 01:15:48.062,35.953,-74.764,10.46,2.05,3.78,10.02,11.3, 11.3,1013.3, 1013.2,0.0, 0.0,13.74, 11.620,335, 327,12.6, 15.4,61.0, 60.9,8.3, 11.6,320.8, 314.3,1015.4, 1015.3,-6.07,315.95,-0.02,35.7485,20.4829,185.5,42.5,1523.724, NAN, NAN, NAN, NAN,,2024/04/07 01:15:48.062,2024-04-07 01:15:48.062000+00:00
2024/04/07, 01:16:48.062,35.956,-74.764,10.42,1.58,1.05,9.94,11.3, 11.3,1013.3, 1013.2,0.0, 0.0,13.74, 11.620,332, 327,13.4, 16.2,63.5, 63.7,9.3, 12.3,318.2, 315.2,1015.4, 1015.3,-6.03,318.88,-0.03,35.7237,20.4758,184.3,42.4,1523.677, NAN, NAN, NAN, NAN,,2024/04/07 01:16:48.062,2024-04-07 01:16:48.062000+00:00
2024/04/07, 01:17:48.063,35.959,-74.764,10.45,2.48,5.29,10.27,11.3, 11.4,1013.2, 1013.2,0.0, 0.0,13.74, 11.620,337, 328,12.7, 14.9,63.9, 64.5,8.2, 10.9,323.8, 314.8,1015.3, 1015.3,-6.09,321.13,-0.02,35.7159,20.5022,181.2,42.3,1523.74, NAN, NAN, NAN, NAN,,2024/04/07 01:17:48.063,2024-04-07 01:17:48.063000+00:00
2024/04/07, 01:18:48.063,35.961,-74.763,10.37,1.65,3.95,10.05,11.3, 11.4,1013.3, 1013.2,0.0, 0.0,13.74, 11.620,334, 331,12.7, 13.9,63.5, 63.8,8.5, 9.9,318.9, 316.8,1015.4, 1015.3,-5.95,326.32,-0.02,35.7049,20.5414,179.1,42.3,1523.835, NAN, NAN, NAN, NAN,,2024/04/07 01:18:48.063,2024-04-07 01:18:48.063000+00:00
2024/04/07, 01:19:48.063,35.964,-74.763,10.36,2.32,3.57,9.97,11.4, 11.4,1013.4, 1013.2,0.0, 0.0,13.74, 11.620,337, 329,13.1, 15.7,64.7, 64.1,8.7, 11.7,325.2, 317.7,1015.5, 1015.3,-5.98,328.12,-0.02,35.7075,20.5789,182.8,42.4,1523.94, NAN, NAN, NAN, NAN,,2024/04/07 01:19:48.063,2024-04-07 01:19:48.063000+00:00
2024/04/07, 01:20:48.063,35.967,-74.763,10.41,1.33,4.33,9.85,11.4, 11.5,1013.4, 1013.4,0.0, 0.0,13.74, 11.620,333, 330,12.1, 14.6,66.7, 66.3,8.1, 10.7,316.1, 316.4,1015.5, 1015.5,-5.84,330.58,-0.02,35.7233,20.5828,183.6,42.2,1523.968, NAN, NAN, NAN, NAN,,2024/04/07 01:20:48.063,2024-04-07 01:20:48.063000+00:00
2024/04/07, 01:21:48.063,35.97,-74.763,10.37,1.78,4.02,9.91,11.4, 11.5,1013.4, 1013.1,0.0, 0.0,13.74, 11.620,341, 333,12.3, 13.0,63.6, 63.3,7.7, 8.9,329.4, 318.9,1015.5, 1015.2,-5.83,331.88,-0.02,35.7422,20.5443,182.8,42.3,1523.884, NAN, NAN, NAN, NAN,,2024/04/07 01:21:48.063,2024-04-07 01:21:48.063000+00:00
2024/04/07, 01:22:48.063,35.973,-74.763,10.38,3.13,6.8,9.63,11.4, 11.4,1013.1, 1013.2,0.0, 0.0,13.74, 11.620,337, 329,14.3, 15.9,63.2, 63.2,10.1, 12.1,327.6, 318.9,1015.2, 1015.3,-5.71,332.02,-0.02,35.7507,20.5229,181.9,42.3,1523.835, NAN, NAN, NAN, NAN,,2024/04/07 01:22:48.063,2024-04-07 01:22:48.063000+00:00
2024/04/07, 01:23:48.063,35.975,-74.762,9.96,2.4,3.76,9.59,11.3, 11.3,1013.3, 1013.2,0.0, 0.0,13.74, 11.620,333, 327,12.9, 16.1,59.7, 60.0,8.9, 12.4,319.9, 316.2,1015.4, 1015.3,-5.87,334.12,-0.02,35.7534,20.5125,182.1,41.8,1523.81, NAN, NAN, NAN, NAN,,2024/04/07 01:23:48.063,2024-04-07 01:23:48.063000+00:00
2024/04/07, 01:24:48.063,35.978,-74.762,10.11,1.88,5.13,9.68,11.2, 11.2,1013.3, 1013.2,0.0, 0.0,13.74, 11.620,336, 334,12.2, 12.6,59.6, 59.0,8.1, 8.6,321.8, 319.7,1015.4, 1015.3,-5.86,337.12,-0.02,35.7317,20.4821,181.2,42.0,1523.703, NAN, NAN, NAN, NAN,,2024/04/07 01:24:48.063,2024-04-07 01:24:48.063000+00:00
2024/04/07, 01:25:48.063,35.981,-74.762,10.28,2.22,2.63,10.09,11.2, 11.2,1013.3, 1013.3,0.0, 0.0,13.74, 11.620,330, 324,13.0, 16.0,63.8, 63.3,9.0, 12.3,314.8, 311.5,1015.4, 1015.4,-5.9,338.06,-0.02,35.7201,20.4677,179.1,42.2,1523.651, NAN, NAN, NAN, NAN,,2024/04/07 01:25:48.063,2024-04-07 01:25:48.063000+00:00
2024/04/07, 01:26:48.063,35.984,-74.762,10.36,1.97,2.47,10.08,11.2, 11.2,1013.3, 1013.5,0.0, 0.0,13.74, 11.620,337, 331,12.9, 14.3,63.9, 64.8,8.4, 10.2,324.5, 318.2,1015.4, 1015.6,-5.78,338.49,-0.02,35.7199,20.4676,178.5,42.1,1523.65, NAN, NAN, NAN, NAN,,2024/04/07 01:26:48.063,2024-04-07 01:26:48.063000+00:00
2024/04/07, 01:27:48.063,35.986,-74.761,10.43,2.79,4.41,10.14,11.2, 11.2,1013.5, 1013.4,0.0, 0.0,13.74, 11.620,336, 331,12.6, 14.2,61.4, 61.4,8.2, 10.1,322.9, 318.5,1015.6, 1015.5,-5.77,338.66,-0.02,35.6974,20.4052,177.2,42.1,1523.455, NAN, NAN, NAN, NAN,,2024/04/07 01:27:48.063,2024-04-07 01:27:48.063000+00:00
2024/04/07, 01:28:48.063,35.989,-74.761,10.26,1.67,5.74,9.86,11.2, 11.2,1013.3, 1013.4,0.0, 0.0,13.74, 11.620,328, 325,12.5, 15.5,62.3, 61.9,8.8, 11.9,310.5, 311.5,1015.4, 1015.5,-5.68,339.09,-0.02,35.7015,20.392,178.8,41.9,1523.423, NAN, NAN, NAN, NAN,,2024/04/07 01:28:48.063,2024-04-07 01:28:48.063000+00:00
2024/04/07, 01:29:48.063,35.992,-74.761,10.37,2.27,3.42,10.1,11.2, 11.2,1013.4, 1013.4,0.0, 0.0,13.74, 11.620,330, 326,12.2, 14.9,65.6, 66.0,8.2, 11.1,313.0, 312.5,1015.5, 1015.5,-5.84,338.61,-0.02,35.6868,20.4247,175.7,42.1,1523.496, NAN, NAN, NAN, NAN,,2024/04/07 01:29:48.063,2024-04-07 01:29:48.063000+00:00
2024/04/07, 01:30:48.063,35.995,-74.761,10.35,1.99,6.1,10.16,11.2, 11.3,1013.6, 1013.5,0.0, 0.0,13.74, 11.620,333, 329,11.9, 14.0,67.5, 67.8,7.8, 10.1,315.7, 314.3,1015.7, 1015.6,-5.72,339.53,-0.02,35.6586,20.4089,175.7,41.8,1523.422, NAN, NAN, NAN, NAN,,2024/04/07 01:30:48.063,2024-04-07 01:30:48.063000+00:00
2024/04/07, 01:31:48.063,35.998,-74.761,10.46,2.71,2.56,10.21,11.3, 11.3,1013.4, 1013.5,0.0, 0.0,13.74, 11.620,330, 326,12.5, 15.0,66.2, 65.8,8.4, 11.1,314.2, 313.1,1015.5, 1015.6,-5.75,339.67,-0.02,35.6623,20.4335,178.2,41.9,1523.493, NAN, NAN, NAN, NAN,,2024/04/07 01:31:48.063,2024-04-07 01:31:48.063000+00:00
2024/04/07, 01:32:48.063,36.0,-74.76,10.37,1.83,4.57,10.06,11.2, 11.3,1013.6, 1013.6,0.0, 0.0,13.74, 11.620,336, 329,12.7, 15.3,65.3, 65.9,8.4, 11.3,322.2, 316.5,1015.7, 1015.7,-5.65,342.63,-0.03,35.6685,20.451,177.9,42.9,1523.548, NAN, NAN, NAN, NAN,,2024/04/07 01:32:48.063,2024-04-07 01:32:48.063000+00:00
2024/04/07, 01:33:48.064,36.003,-74.76,10.46,1.81,3.29,10.31,11.2, 11.3,1013.5, 1013.5,0.0, 0.0,13.74, 11.620,329, 324,12.3, 15.5,63.8, 64.0,8.3, 11.7,310.9, 309.9,1015.6, 1015.6,-5.74,344.08,-0.02,35.6689,20.4649,178.5,44.0,1523.586, NAN, NAN, NAN, NAN,,2024/04/07 01:33:48.064,2024-04-07 01:33:48.064000+00:00
2024/04/07, 01:34:48.064,36.006,-74.76,10.27,1.83,3.3,10.06,11.2, 11.2,1013.6, 1013.6,0.0, 0.0,13.74, 11.620,332, 326,12.3, 15.1,63.3, 66.0,8.2, 11.3,316.0, 312.6,1015.7, 1015.7,-5.69,346.42,-0.02,35.6751,20.4559,178.5,43.4,1523.568, NAN, NAN, NAN, NAN,,2024/04/07 01:34:48.064,2024-04-07 01:34:48.064000+00:00
2024/04/07, 01:35:48.064,36.009,-74.76,10.33,2.42,3.01,9.97,11.2, 11.2,1013.6, 1013.7,0.0, 0.0,13.74, 11.620,331, 326,11.7, 14.6,65.8, 65.7,7.7, 10.8,314.0, 312.6,1015.7, 1015.8,-5.67,348.25,-0.02,35.6913,20.458,179.4,43.7,1523.592, NAN, NAN, NAN, NAN,,2024/04/07 01:35:48.064,2024-04-07 01:35:48.064000+00:00
2024/04/07, 01:36:48.064,36.012,-74.759,10.23,2.34,4.41,9.86,11.3, 11.3,1013.6, 1013.6,0.0, 0.0,13.74, 11.620,335, 331,12.1, 14.0,65.4, 65.5,7.9, 9.9,320.9, 318.5,1015.7, 1015.7,-5.55,347.43,-0.02,35.6928,20.3961,178.2,43.9,1523.425, NAN, NAN, NAN, NAN,,2024/04/07 01:36:48.064,2024-04-07 01:36:48.064000+00:00
2024/04/07, 01:37:48.064,36.014,-74.76,9.29,328.69,338.65,9.06,11.3, 11.3,1013.6, 1013.4,0.0, 0.0,13.74, 11.620,352, 344,13.4, 13.5,64.8, 64.4,9.0, 9.5,312.3, 300.9,1015.7, 1015.5,-5.54,347.42,-0.03,35.6894,20.3896,178.8,43.9,1523.403, NAN, NAN, NAN, NAN,,2024/04/07 01:37:48.064,2024-04-07 01:37:48.064000+00:00
2024/04/07, 01:38:48.064,36.015,-74.762,8.05,261.89,267.61,7.95,11.3, 11.3,1013.5, 1013.5,0.0, 0.0,13.74, 11.620,37, 28,12.8, 13.4,63.3, 63.1,9.5, 9.7,311.4, 298.7,1015.6, 1015.6,-5.54,346.76,-0.02,35.6748,20.3482,178.5,43.9,1523.274, NAN, NAN, NAN, NAN,,2024/04/07 01:38:48.064,2024-04-07 01:38:48.064000+00:00
2024/04/07, 01:39:48.064,36.014,-74.764,7.94,205.28,207.65,8.38,11.3, 11.4,1013.3, 1013.6,0.0, 0.0,13.74, 11.620,89, 82,9.4, 9.9,63.3, 63.7,10.0, 10.0,319.6, 312.3,1015.4, 1015.7,-5.66,346.74,-0.02,35.6514,20.2972,177.0,43.7,1523.108, NAN, NAN, NAN, NAN,,2024/04/07 01:39:48.064,2024-04-07 01:39:48.064000+00:00
2024/04/07, 01:40:48.064,36.012,-74.766,9.49,199.88,204.8,9.64,11.3, 11.3,1013.7, 1013.6,0.0, 0.0,13.74, 11.620,89, 88,7.5, 8.2,62.2, 62.2,8.6, 9.1,323.8, 320.6,1015.8, 1015.7,-5.73,347.4,-0.02,35.6473,20.2578,176.7,43.9,1522.995, NAN, NAN, NAN, NAN,,2024/04/07 01:40:48.064,2024-04-07 01:40:48.064000+00:00
2024/04/07, 01:41:48.064,36.009,-74.767,10.34,194.05,196.66,10.52,11.3, 11.3,1013.7, 1013.7,0.0, 0.0,13.74, 11.620,84, 79,7.5, 8.3,65.9, 65.6,8.6, 8.8,316.7, 309.8,1015.8, 1015.8,-5.79,347.36,-0.02,35.6248,20.2361,174.8,44.2,1522.911, NAN, NAN, NAN, NAN,,2024/04/07 01:41:48.064,2024-04-07 01:41:48.064000+00:00
2024/04/07, 01:42:48.064,36.006,-74.768,10.85,194.87,195.71,10.96,11.4, 11.4,1013.7, 1013.7,0.0, 0.0,13.74, 11.620,91, 85,7.3, 7.5,64.4, 65.9,9.2, 8.9,323.5, 318.9,1015.8, 1015.8,-5.9,346.43,-0.02,35.5951,20.2151,173.6,44.1,1522.82, NAN, NAN, NAN, NAN,,2024/04/07 01:42:48.064,2024-04-07 01:42:48.064000+00:00
2024/04/07, 01:43:48.064,36.003,-74.769,10.95,193.98,194.75,11.23,11.4, 11.4,1013.7, 1013.8,0.0, 0.0,13.74, 11.620,98, 88,7.1, 7.4,65.9, 66.0,9.7, 9.1,328.3, 321.1,1015.8, 1015.9,-5.96,344.7,-0.02,35.5722,20.2035,173.3,43.9,1522.762, NAN, NAN, NAN, NAN,,2024/04/07 01:43:48.064,2024-04-07 01:43:48.064000+00:00
2024/04/07, 01:44:48.064,36.0,-74.77,10.97,194.68,195.62,11.24,11.4, 11.4,1013.8, 1013.7,0.0, 0.0,13.74, 11.620,100, 92,7.3, 7.2,66.4, 66.5,10.0, 9.3,329.5, 325.0,1015.9, 1015.8,-6.12,344.08,-0.02,35.56,20.1719,173.3,44.4,1522.662, NAN, NAN, NAN, NAN,,2024/04/07 01:44:48.064,2024-04-07 01:44:48.064000+00:00
2024/04/07, 01:45:48.064,35.997,-74.771,11.05,194.0,195.17,11.25,11.4, 11.4,1013.8, 1013.7,0.0, 0.0,13.74, 11.620,94, 85,8.0, 8.3,63.5, 63.7,10.1, 9.6,322.7, 315.7,1015.9, 1015.8,-6.09,342.69,-0.02,35.539,20.1316,171.2,44.2,1522.528, NAN, NAN, NAN, NAN,,2024/04/07 01:45:48.064,2024-04-07 01:45:48.064000+00:00
2024/04/07, 01:46:48.064,35.994,-74.772,11.14,195.14,195.87,11.26,11.4, 11.4,1013.6, 1013.8,0.0, 0.0,13.74, 11.620,87, 80,7.2, 8.0,65.2, 64.7,8.9, 8.9,322.4, 314.6,1015.7, 1015.9,-6.05,341.51,-0.02,35.5329,20.0832,173.9,44.2,1522.387, NAN, NAN, NAN, NAN,,2024/04/07 01:46:48.064,2024-04-07 01:46:48.064000+00:00
2024/04/07, 01:47:48.064,35.991,-74.773,11.22,195.47,195.06,11.42,11.4, 11.4,1013.6, 1013.7,0.0, 0.0,13.74, 11.620,86, 80,7.2, 7.9,66.0, 66.3,9.0, 9.1,321.9, 315.3,1015.7, 1015.8,-6.17,341.8,-0.02,35.51,20.0805,171.8,44.1,1522.354, NAN, NAN, NAN, NAN,,2024/04/07 01:47:48.064,2024-04-07 01:47:48.064000+00:00
2024/04/07, 01:48:48.064,35.988,-74.774,11.1,194.56,195.07,11.26,11.4, 11.4,1013.8, 1013.7,0.0, 0.0,13.74, 11.620,95, 91,7.1, 7.1,62.7, 63.0,9.5, 9.2,326.9, 324.6,1015.9, 1015.8,-6.12,340.9,-0.02,35.4867,20.1074,172.7,44.3,1522.402, NAN, NAN, NAN, NAN,,2024/04/07 01:48:48.064,2024-04-07 01:48:48.064000+00:00
2024/04/07, 01:49:48.065,35.985,-74.775,11.12,195.64,196.61,11.33,11.4, 11.4,1013.8, 1013.7,0.0, 0.0,13.74, 11.620,100, 90,7.4, 7.5,65.7, 66.0,10.1, 9.4,330.4, 323.9,1015.9, 1015.8,-6.11,340.26,-0.01,35.4631,20.09,171.8,44.5,1522.328, NAN, NAN, NAN, NAN,,2024/04/07 01:49:48.065,2024-04-07 01:49:48.065000+00:00
2024/04/07, 01:50:48.065,35.982,-74.776,11.22,195.42,194.96,11.36,11.3, 11.3,1013.8, 1013.8,0.0, 0.0,13.74, 11.620,92, 93,6.8, 6.8,62.7, 62.8,9.1, 9.2,327.2, 327.7,1015.9, 1015.9,-6.3,340.51,-0.02,35.4823,20.0455,174.2,44.5,1522.227, NAN, NAN, NAN, NAN,,2024/04/07 01:50:48.065,2024-04-07 01:50:48.065000+00:00
2024/04/07, 01:51:48.065,35.979,-74.777,11.28,195.82,196.26,11.45,11.3, 11.3,1013.8, 1013.8,0.0, 0.0,13.74, 11.620,100, 90,7.7, 7.9,61.8, 61.8,10.4, 9.8,329.6, 322.6,1015.9, 1015.9,-6.16,339.74,-0.02,35.4865,20.0983,172.7,44.7,1522.377, NAN, NAN, NAN, NAN,,2024/04/07 01:51:48.065,2024-04-07 01:51:48.065000+00:00
2024/04/07, 01:52:48.065,35.976,-74.778,11.17,195.72,196.99,11.43,11.3, 11.3,1013.8, 1013.8,0.0, 0.0,13.74, 11.620,97, 94,6.7, 6.8,63.5, 62.8,9.3, 9.2,331.5, 329.4,1015.9, 1015.9,-6.13,339.93,-0.02,35.4721,20.1729,172.0,44.6,1522.566, NAN, NAN, NAN, NAN,,2024/04/07 01:52:48.065,2024-04-07 01:52:48.065000+00:00
2024/04/07, 01:53:48.065,35.973,-74.779,11.23,195.64,195.28,11.32,11.4, 11.4,1013.8, 1013.8,0.0, 0.0,13.74, 11.620,85, 83,6.5, 7.0,64.3, 64.7,8.3, 8.5,324.7, 321.2,1015.9, 1015.9,-6.19,341.13,-0.02,35.4674,20.2228,172.7,44.7,1522.698, NAN, NAN, NAN, NAN,,2024/04/07 01:53:48.065,2024-04-07 01:53:48.065000+00:00
2024/04/07, 01:54:48.065,35.97,-74.78,11.27,195.77,194.28,11.45,11.5, 11.5,1013.8, 1013.7,0.0, 0.0,13.74, 11.620,94, 84,7.1, 7.8,68.3, 68.5,9.6, 9.3,327.5, 318.7,1015.9, 1015.8,-6.05,339.88,-0.02,35.5033,20.2235,174.2,44.6,1522.74, NAN, NAN, NAN, NAN,,2024/04/07 01:54:48.065,2024-04-07 01:54:48.065000+00:00
2024/04/07, 01:55:48.065,35.967,-74.781,11.26,195.69,196.22,11.81,11.5, 11.5,1013.8, 1013.9,0.0, 0.0,13.74, 11.620,97, 91,7.5, 7.6,67.9, 63.2,10.2, 9.8,329.1, 325.2,1015.9, 1016.0,-6.09,339.34,-0.02,35.5259,20.2289,178.8,44.7,1522.78, NAN, NAN, NAN, NAN,,2024/04/07 01:55:48.065,2024-04-07 01:55:48.065000+00:00
2024/04/07, 01:56:48.065,35.964,-74.782,11.31,196.11,198.17,11.5,11.4, 11.5,1013.9, 1013.7,0.0, 0.0,13.74, 11.620,101, 95,7.9, 7.6,60.8, 60.6,10.6, 9.9,330.3, 327.5,1016.0, 1015.8,-6.18,339.54,-0.01,35.5288,20.1725,180.6,44.9,1522.629, NAN, NAN, NAN, NAN,,2024/04/07 01:56:48.065,2024-04-07 01:56:48.065000+00:00
2024/04/07, 01:57:48.065,35.961,-74.783,11.31,196.06,195.49,11.52,11.4, 11.4,1013.8, 1013.8,0.0, 0.0,13.74, 11.620,91, 83,6.9, 7.7,61.9, 62.4,9.2, 9.2,327.1, 319.0,1015.9, 1015.9,-6.17,339.09,-0.02,35.5259,20.0836,182.1,44.7,1522.381, NAN, NAN, NAN, NAN,,2024/04/07 01:57:48.065,2024-04-07 01:57:48.065000+00:00
2024/04/07, 01:58:48.065,35.957,-74.784,11.26,196.22,196.11,11.47,11.4, 11.4,1013.8, 1013.7,0.0, 0.0,13.74, 11.620,95, 90,6.4, 6.4,62.5, 62.6,9.1, 8.7,331.3, 328.6,1015.9, 1015.8,-6.18,339.84,-0.02,35.516,20.0443,182.1,44.6,1522.261, NAN, NAN, NAN, NAN,,2024/04/07 01:58:48.065,2024-04-07 01:58:48.065000+00:00
2024/04/07, 01:59:48.065,35.954,-74.785,11.24,196.3,196.58,11.3,11.4, 11.4,1013.8, 1013.8,0.0, 0.0,13.74, 11.620,107, 104,6.9, 6.5,62.7, 62.8,10.2, 9.7,336.2, 335.8,1015.9, 1015.9,-6.3,338.72,-0.01,35.4686,20.0514,181.9,44.9,1522.228, NAN, NAN, NAN, NAN,,2024/04/07 01:59:48.065,2024-04-07 01:59:48.065000+00:00
2024/04/07, 02:00:48.065,35.951,-74.787,11.25,196.12,195.8,11.55,11.4, 11.4,1013.8, 1013.7,0.0, 0.0,13.74, 11.620,97, 91,7.2, 7.3,67.7, 67.8,9.9, 9.5,329.6, 325.7,1015.9, 1015.8,-6.27,337.8,-0.02,35.4289,20.0084,180.9,44.7,1522.064, NAN, NAN, NAN, NAN,,2024/04/07 02:00:48.065,2024-04-07 02:00:48.065000+00:00
2024/04/07, 02:01:48.065,35.948,-74.788,11.24,195.87,194.63,11.66,11.4, 11.4,1013.8, 1013.8,0.0, 0.0,13.74, 11.620,97, 94,6.5, 6.6,63.3, 63.5,9.4, 9.3,331.9, 329.9,1015.9, 1015.9,-6.27,338.76,-0.02,35.4255,19.933,180.6,44.8,1521.852, NAN, NAN, NAN, NAN,,2024/04/07 02:01:48.065,2024-04-07 02:01:48.065000+00:00
2024/04/07, 02:02:48.065,35.945,-74.789,11.29,197.11,196.13,11.54,11.4, 11.4,1013.9, 1013.8,0.0, 0.0,13.74, 11.620,105, 101,7.3, 6.9,61.6, 61.9,10.6, 10.0,334.6, 333.6,1016.0, 1015.9,-6.25,335.76,-0.02,35.4062,19.9675,181.9,44.9,1521.926, NAN, NAN, NAN, NAN,,2024/04/07 02:02:48.065,2024-04-07 02:02:48.065000+00:00
2024/04/07, 02:03:48.065,35.942,-74.79,11.22,197.05,196.53,11.52,11.4, 11.4,1013.9, 1013.8,0.0, 0.0,13.74, 11.620,90, 87,6.7, 6.9,64.0, 63.7,9.0, 8.9,328.1, 325.5,1016.0, 1015.9,-6.32,335.02,-0.02,35.3767,19.9567,180.9,44.7,1521.863, NAN, NAN, NAN, NAN,,2024/04/07 02:03:48.065,2024-04-07 02:03:48.065000+00:00
2024/04/07, 02:04:48.065,35.939,-74.791,11.29,196.07,195.54,11.7,11.4, 11.4,1013.8, 1013.7,0.0, 0.0,13.74, 11.620,105, 101,6.9, 6.6,64.2, 64.0,10.3, 9.8,335.2, 334.0,1015.9, 1015.8,-6.3,333.04,-0.02,35.3581,19.9099,182.1,44.8,1521.713, NAN, NAN, NAN, NAN,,2024/04/07 02:04:48.065,2024-04-07 02:04:48.065000+00:00
2024/04/07, 02:05:48.065,35.936,-74.792,11.28,196.48,195.75,11.58,11.4, 11.4,1013.7, 1013.7,0.0, 0.0,13.74, 11.620,95, 84,6.8, 7.4,63.8, 63.7,9.5, 9.1,330.2, 321.4,1015.8, 1015.8,-6.28,332.47,-0.02,35.346,19.8539,184.3,44.8,1521.544, NAN, NAN, NAN, NAN,,2024/04/07 02:05:48.065,2024-04-07 02:05:48.065000+00:00
2024/04/07, 02:06:48.066,35.933,-74.793,11.34,195.91,195.51,11.57,11.3, 11.4,1013.7, 1013.7,0.0, 0.0,13.74, 11.620,113, 111,6.5, 6.6,61.9, 64.1,10.4, 10.4,340.4, 339.1,1015.8, 1015.8,-6.47,332.45,-0.02,35.3341,19.7685,182.1,45.0,1521.293, NAN, NAN, NAN, NAN,,2024/04/07 02:06:48.066,2024-04-07 02:06:48.066000+00:00
2024/04/07, 02:07:48.066,35.93,-74.794,11.41,195.72,195.98,11.86,11.3, 11.4,1013.8, 1013.6,0.0, 0.0,13.74, 11.620,101, 94,7.4, 6.9,64.1, 64.0,10.5, 9.5,331.6, 329.4,1015.9, 1015.7,-6.35,332.57,-0.02,35.2949,19.696,184.6,44.7,1521.047, NAN, NAN, NAN, NAN,,2024/04/07 02:07:48.066,2024-04-07 02:07:48.066000+00:00
2024/04/07, 02:08:48.066,35.926,-74.795,11.38,195.89,195.53,11.78,11.4, 11.4,1014.0, 1013.8,0.0, 0.0,13.74, 11.620,107, 98,6.9, 6.5,64.8, 65.0,10.5, 9.5,336.5, 332.9,1016.1, 1015.9,-6.39,333.16,-0.03,35.2499,19.6198,184.6,44.4,1520.784, NAN, NAN, NAN, NAN,,2024/04/07 02:08:48.066,2024-04-07 02:08:48.066000+00:00
2024/04/07, 02:09:48.066,35.923,-74.796,11.39,196.67,197.15,11.9,11.4, 11.5,1013.8, 1013.8,0.0, 0.0,13.74, 11.620,90, 83,6.5, 7.1,66.3, 66.0,8.9, 8.8,329.8, 323.3,1015.9, 1015.9,-6.24,334.34,-0.02,35.2045,19.5011,188.0,44.6,1520.401, NAN, NAN, NAN, NAN,,2024/04/07 02:09:48.066,2024-04-07 02:09:48.066000+00:00
2024/04/07, 02:10:48.066,35.92,-74.797,11.33,196.29,194.37,11.54,11.4, 11.5,1013.8, 1013.7,0.0, 0.0,13.74, 11.620,89, 82,7.3, 7.5,60.6, 60.3,9.5, 9.0,324.1, 319.0,1015.9, 1015.8,-6.25,336.41,-0.02,35.1621,19.409,184.3,44.6,1520.094, NAN, NAN, NAN, NAN,,2024/04/07 02:10:48.066,2024-04-07 02:10:48.066000+00:00
2024/04/07, 02:11:48.066,35.917,-74.798,11.39,196.26,197.22,11.68,11.5, 11.5,1013.8, 1013.7,0.0, 0.0,13.74, 11.620,95, 90,7.7, 8.0,62.1, 62.1,10.1, 10.0,327.4, 323.3,1015.9, 1015.8,-6.28,337.89,-0.02,35.1128,19.4034,184.3,44.5,1520.023, NAN, NAN, NAN, NAN,,2024/04/07 02:11:48.066,2024-04-07 02:11:48.066000+00:00
2024/04/07, 02:12:48.066,35.914,-74.799,11.31,196.24,195.93,11.52,11.5, 11.5,1014.0, 1013.8,0.0, 0.0,13.74, 11.620,100, 95,7.3, 7.0,63.1, 63.1,10.2, 9.6,331.0, 329.1,1016.1, 1015.9,-6.25,339.54,-0.02,35.0595,19.6049,183.1,44.6,1520.529, NAN, NAN, NAN, NAN,,2024/04/07 02:12:48.066,2024-04-07 02:12:48.066000+00:00
2024/04/07, 02:13:48.066,35.911,-74.8,11.36,196.98,195.59,11.41,11.5, 11.5,1013.9, 1013.8,0.0, 0.0,13.74, 11.620,88, 82,6.8, 7.3,66.7, 66.2,8.9, 8.8,326.0, 320.3,1016.0, 1015.9,-6.1,341.88,-0.02,35.0136,19.6884,181.9,44.6,1520.71, NAN, NAN, NAN, NAN,,2024/04/07 02:13:48.066,2024-04-07 02:13:48.066000+00:00
2024/04/07, 02:14:48.066,35.908,-74.801,11.26,196.7,195.67,11.41,11.5, 11.5,1013.8, 1013.8,0.0, 0.0,13.74, 11.620,94, 83,7.6, 7.3,61.3, 61.6,10.0, 8.9,326.4, 320.7,1015.9, 1015.9,-6.14,343.28,-0.02,35.0851,19.7225,186.8,44.8,1520.886, NAN, NAN, NAN, NAN,,2024/04/07 02:14:48.066,2024-04-07 02:14:48.066000+00:00
2024/04/07, 02:15:48.066,35.905,-74.802,11.2,196.26,195.0,11.42,11.5, 11.5,1014.0, 1013.9,0.0, 0.0,13.74, 11.620,103, 95,6.3, 6.4,63.9, 64.1,9.6, 9.1,335.7, 331.1,1016.1, 1016.0,-6.19,346.67,-0.02,35.1567,19.743,184.6,44.7,1521.023, NAN, NAN, NAN, NAN,,2024/04/07 02:15:48.066,2024-04-07 02:15:48.066000+00:00
2024/04/07, 02:16:48.066,35.902,-74.803,11.25,196.13,195.6,11.35,11.5, 11.5,1013.9, 1013.8,0.0, 0.0,13.74, 11.620,104, 98,7.4, 7.1,64.9, 63.2,10.5, 9.8,332.6, 330.0,1016.0, 1015.9,-6.04,347.63,-0.02,35.1749,19.7261,185.8,44.8,1520.996, NAN, NAN, NAN, NAN,,2024/04/07 02:16:48.066,2024-04-07 02:16:48.066000+00:00
2024/04/07, 02:17:48.066,35.899,-74.804,11.27,196.42,195.21,11.42,11.5, 11.6,1014.0, 1013.9,0.0, 0.0,13.74, 11.620,100, 96,5.9, 5.7,59.6, 58.9,9.1, 8.7,335.8, 334.7,1016.1, 1016.0,-6.0,349.03,-0.02,35.1812,19.6724,187.0,44.9,1520.854, NAN, NAN, NAN, NAN,,2024/04/07 02:17:48.066,2024-04-07 02:17:48.066000+00:00
2024/04/07, 02:18:48.066,35.895,-74.805,11.28,196.96,197.26,11.59,11.6, 11.6,1014.0, 1014.0,0.0, 0.0,13.74, 11.620,91, 88,6.7, 6.9,64.6, 65.2,9.1, 9.0,329.1, 326.6,1016.1, 1016.1,-5.92,348.4,-0.02,35.1737,19.6328,190.7,45.0,1520.735, NAN, NAN, NAN, NAN,,2024/04/07 02:18:48.066,2024-04-07 02:18:48.066000+00:00
2024/04/07, 02:19:48.066,35.892,-74.806,11.26,196.58,195.65,11.49,11.5, 11.6,1014.1, 1013.9,0.0, 0.0,13.74, 11.620,104, 100,6.8, 6.5,62.3, 62.3,10.1, 9.6,335.1, 333.9,1016.2, 1016.0,-6.01,347.31,-0.02,35.1529,19.6176,187.3,45.1,1520.669, NAN, NAN, NAN, NAN,,2024/04/07 02:19:48.066,2024-04-07 02:19:48.066000+00:00
2024/04/07, 02:20:48.066,35.889,-74.808,11.28,196.11,194.47,11.4,11.5, 11.5,1014.0, 1014.0,0.0, 0.0,13.74, 11.620,99, 95,7.0, 7.0,65.1, 65.3,9.9, 9.6,330.7, 328.4,1016.1, 1016.1,-5.99,347.91,-0.02,35.1241,19.5836,185.2,45.0,1520.541, NAN, NAN, NAN, NAN,,2024/04/07 02:20:48.066,2024-04-07 02:20:48.066000+00:00
2024/04/07, 02:21:48.066,35.886,-74.809,11.29,195.87,195.02,11.31,11.4, 11.4,1013.9, 1013.8,0.0, 0.0,13.74, 11.620,88, 81,6.1, 6.7,64.7, 64.6,8.3, 8.2,328.1, 321.3,1016.0, 1015.9,-6.16,348.06,-0.02,35.1114,19.5304,188.5,44.6,1520.378, NAN, NAN, NAN, NAN,,2024/04/07 02:21:48.066,2024-04-07 02:21:48.066000+00:00
2024/04/07, 02:22:48.067,35.883,-74.81,11.31,196.5,196.4,11.44,11.4, 11.5,1014.1, 1014.0,0.0, 0.0,13.74, 11.620,91, 86,5.8, 6.3,65.0, 67.0,8.4, 8.4,332.1, 327.2,1016.2, 1016.1,-6.02,348.23,-0.02,35.0999,19.4463,189.2,45.0,1520.129, NAN, NAN, NAN, NAN,,2024/04/07 02:22:48.067,2024-04-07 02:22:48.067000+00:00
2024/04/07, 02:23:48.067,35.88,-74.811,11.27,197.21,197.1,11.38,11.5, 11.5,1014.0, 1013.9,0.0, 0.0,13.74, 11.620,107, 102,6.9, 6.5,66.5, 65.7,10.3, 9.7,336.9, 335.4,1016.1, 1016.0,-6.1,346.61,-0.02,35.0745,19.3718,187.6,45.2,1519.891, NAN, NAN, NAN, NAN,,2024/04/07 02:23:48.067,2024-04-07 02:23:48.067000+00:00
2024/04/07, 02:24:48.067,35.877,-74.812,11.28,196.9,196.16,11.26,11.4, 11.5,1014.0, 1013.9,0.0, 0.0,13.74, 11.620,84, 80,6.5, 6.7,66.3, 66.0,8.3, 8.1,324.8, 321.5,1016.1, 1016.0,-6.24,347.02,-0.02,35.0369,19.3442,189.8,44.8,1519.771, NAN, NAN, NAN, NAN,,2024/04/07 02:24:48.067,2024-04-07 02:24:48.067000+00:00
2024/04/07, 02:25:48.067,35.874,-74.813,11.22,196.11,195.08,11.25,11.4, 11.4,1013.9, 1013.8,0.0, 0.0,13.74, 11.620,90, 83,6.6, 7.3,65.5, 65.6,8.8, 8.8,327.0, 319.9,1016.0, 1015.9,-6.15,346.28,-0.02,34.9938,19.3164,189.2,44.3,1519.645, NAN, NAN, NAN, NAN,,2024/04/07 02:25:48.067,2024-04-07 02:25:48.067000+00:00
2024/04/07, 02:26:48.067,35.871,-74.814,11.24,196.16,195.96,11.36,11.3, 11.3,1014.0, 1013.9,0.0, 0.0,13.74, 11.620,88, 79,7.2, 7.9,65.1, 65.1,9.1, 8.9,323.8, 315.2,1016.1, 1016.0,-6.2,346.07,-0.02,34.9677,19.2498,188.8,44.4,1519.427, NAN, NAN, NAN, NAN,,2024/04/07 02:26:48.067,2024-04-07 02:26:48.067000+00:00
2024/04/07, 02:27:48.067,35.868,-74.815,11.25,196.68,195.97,11.39,11.3, 11.3,1014.0, 1013.8,0.0, 0.0,13.74, 11.620,98, 95,6.6, 6.4,66.4, 66.9,9.5, 9.1,332.3, 331.4,1016.1, 1015.9,-6.2,346.72,-0.02,34.9586,19.188,189.8,44.7,1519.242, NAN, NAN, NAN, NAN,,2024/04/07 02:27:48.067,2024-04-07 02:27:48.067000+00:00
2024/04/07, 02:28:48.067,35.865,-74.816,11.22,196.78,194.03,11.13,11.3, 11.3,1014.1, 1013.8,0.0, 0.0,13.74, 11.620,94, 85,6.5, 6.8,65.0, 66.5,9.1, 8.7,329.5, 323.1,1016.2, 1015.9,-6.28,346.95,-0.02,34.938,19.0867,189.8,44.8,1518.932, NAN, NAN, NAN, NAN,,2024/04/07 02:28:48.067,2024-04-07 02:28:48.067000+00:00
2024/04/07, 02:29:48.067,35.862,-74.817,11.13,196.3,196.0,11.37,11.3, 11.3,1013.9, 1014.0,0.0, 0.0,13.74, 11.620,98, 89,7.2, 7.1,66.9, 67.4,9.9, 9.1,330.0, 325.0,1016.0, 1016.1,-6.21,346.8,-0.02,34.901,18.9344,191.6,44.5,1518.457, NAN, NAN, NAN, NAN,,2024/04/07 02:29:48.067,2024-04-07 02:29:48.067000+00:00
2024/04/07, 02:30:48.067,35.859,-74.818,11.26,196.49,196.05,11.34,11.3, 11.3,1014.1, 1014.1,0.0, 0.0,13.74, 11.620,94, 87,6.6, 7.0,66.2, 66.1,9.2, 8.9,329.8, 324.2,1016.2, 1016.2,-6.14,347.33,-0.02,34.8551,18.8146,194.0,45.0,1518.063, NAN, NAN, NAN, NAN,,2024/04/07 02:30:48.067,2024-04-07 02:30:48.067000+00:00
2024/04/07, 02:31:48.067,35.856,-74.819,11.22,198.7,197.6,11.51,11.3, 11.3,1014.0, 1014.0,0.0, 0.0,13.74, 11.620,91, 92,6.0, 5.7,63.6, 63.8,8.6, 8.4,333.3, 335.2,1016.1, 1016.1,-6.11,347.84,-0.02,34.7934,18.6703,195.6,45.0,1517.58, NAN, NAN, NAN, NAN,,2024/04/07 02:31:48.067,2024-04-07 02:31:48.067000+00:00
2024/04/07, 02:32:48.067,35.853,-74.82,11.29,197.14,197.14,11.28,11.3, 11.3,1014.1, 1014.0,0.0, 0.0,13.74, 11.620,94, 91,6.5, 6.6,63.7, 63.9,9.0, 8.9,331.1, 329.0,1016.2, 1016.1,-6.18,347.79,-0.02,34.7118,18.6086,200.8,44.9,1517.311, NAN, NAN, NAN, NAN,,2024/04/07 02:32:48.067,2024-04-07 02:32:48.067000+00:00
2024/04/07, 02:33:48.067,35.85,-74.821,11.26,195.99,195.55,11.34,11.3, 11.3,1014.0, 1014.0,0.0, 0.0,13.74, 11.620,95, 89,6.1, 6.2,64.3, 64.4,8.8, 8.5,332.1, 328.5,1016.1, 1016.1,-6.15,348.95,-0.01,34.636,18.5487,203.5,44.6,1517.053, NAN, NAN, NAN, NAN,,2024/04/07 02:33:48.067,2024-04-07 02:33:48.067000+00:00
2024/04/07, 02:34:48.067,35.847,-74.822,11.3,195.63,194.08,11.39,11.3, 11.3,1014.1, 1014.0,0.0, 0.0,13.74, 11.620,93, 87,6.8, 6.9,65.6, 65.8,9.3, 8.9,327.6, 323.7,1016.2, 1016.1,-6.21,348.76,-0.02,34.574,18.4671,204.4,44.3,1516.747, NAN, NAN, NAN, NAN,,2024/04/07 02:34:48.067,2024-04-07 02:34:48.067000+00:00
2024/04/07, 02:35:48.067,35.844,-74.823,11.26,198.58,198.49,11.25,11.3, 11.3,1014.1, 1014.1,0.0, 0.0,13.74, 11.620,102, 97,7.6, 7.2,62.2, 61.9,10.5, 9.8,333.0, 331.3,1016.2, 1016.2,-6.09,348.1,-0.02,34.5556,18.2836,208.1,44.7,1516.195, NAN, NAN, NAN, NAN,,2024/04/07 02:35:48.067,2024-04-07 02:35:48.067000+00:00
2024/04/07, 02:36:48.067,35.841,-74.825,11.24,198.17,196.8,11.21,11.2, 11.3,1014.0, 1014.0,0.0, 0.0,13.74, 11.620,96, 86,6.8, 6.8,63.6, 63.6,9.4, 8.7,331.5, 325.7,1016.1, 1016.1,-6.16,348.83,-0.02,34.5274,17.9091,213.0,44.9,1515.071, NAN, NAN, NAN, NAN,,2024/04/07 02:36:48.067,2024-04-07 02:36:48.067000+00:00
2024/04/07, 02:37:48.068,35.838,-74.826,11.29,196.91,197.24,11.52,11.3, 11.3,1014.0, 1014.0,0.0, 0.0,13.74, 11.620,95, 91,6.8, 6.9,65.6, 65.8,9.4, 9.2,330.8, 328.1,1016.1, 1016.1,-6.16,348.55,-0.02,34.4956,17.5551,215.7,44.8,1513.992, NAN, NAN, NAN, NAN,,2024/04/07 02:37:48.068,2024-04-07 02:37:48.068000+00:00
2024/04/07, 02:38:48.068,35.835,-74.827,11.37,198.15,198.51,11.58,11.3, 11.3,1014.0, 1014.0,0.0, 0.0,13.74, 11.620,100, 87,6.3, 6.1,64.6, 64.4,9.4, 8.3,336.8, 330.9,1016.1, 1016.1,-6.09,348.78,-0.02,34.3764,17.395,220.0,44.8,1513.381, NAN, NAN, NAN, NAN,,2024/04/07 02:38:48.068,2024-04-07 02:38:48.068000+00:00
2024/04/07, 02:39:48.068,35.832,-74.828,11.36,198.07,196.23,11.35,11.3, 11.4,1014.1, 1014.0,0.0, 0.0,13.74, 11.620,101, 96,7.0, 7.0,63.8, 64.3,10.0, 9.7,333.7, 330.8,1016.2, 1016.1,-6.12,348.03,-0.02,34.2194,17.2448,225.3,44.6,1512.754, NAN, NAN, NAN, NAN,,2024/04/07 02:39:48.068,2024-04-07 02:39:48.068000+00:00
2024/04/07, 02:40:48.068,35.829,-74.829,11.28,197.5,195.35,11.37,11.3, 11.3,1014.0, 1014.0,0.0, 0.0,13.74, 11.620,103, 97,6.3, 6.3,62.6, 62.8,9.6, 9.2,336.6, 333.4,1016.1, 1016.1,-5.96,349.44,-0.02,34.1254,17.126,229.0,44.2,1512.291, NAN, NAN, NAN, NAN,,2024/04/07 02:40:48.068,2024-04-07 02:40:48.068000+00:00
2024/04/07, 02:41:48.068,35.826,-74.83,11.35,197.54,196.97,11.42,11.4, 11.4,1014.0, 1014.0,0.0, 0.0,13.74, 11.620,100, 94,7.2, 7.0,64.6, 64.9,10.1, 9.5,332.5, 329.7,1016.1, 1016.1,-6.02,349.55,-0.02,34.0735,17.0966,231.4,44.4,1512.143, NAN, NAN, NAN, NAN,,2024/04/07 02:41:48.068,2024-04-07 02:41:48.068000+00:00
2024/04/07, 02:42:48.068,35.823,-74.831,11.36,197.73,197.73,11.47,11.4, 11.4,1014.0, 1014.0,0.0, 0.0,13.74, 11.620,94, 84,7.0, 7.1,64.0, 64.0,9.5, 8.8,330.0, 323.7,1016.1, 1016.1,-6.06,350.38,-0.02,34.0181,17.0998,231.4,44.4,1512.09, NAN, NAN, NAN, NAN,,2024/04/07 02:42:48.068,2024-04-07 02:42:48.068000+00:00
2024/04/07, 02:43:48.068,35.82,-74.832,11.31,197.93,198.12,11.37,11.4, 11.4,1014.1, 1014.1,0.0, 0.0,13.74, 11.620,100, 90,6.6, 6.7,63.6, 63.2,9.5, 8.9,335.1, 329.1,1016.2, 1016.2,-5.91,350.54,-0.02,33.99,17.0988,233.2,43.7,1512.055, NAN, NAN, NAN, NAN,,2024/04/07 02:43:48.068,2024-04-07 02:43:48.068000+00:00
2024/04/07, 02:44:48.068,35.817,-74.834,11.33,197.43,195.93,11.57,11.4, 11.4,1014.0, 1014.0,0.0, 0.0,13.74, 11.620,100, 89,6.3, 6.2,65.2, 65.5,9.5, 8.6,335.6, 330.2,1016.1, 1016.1,-5.9,351.21,-0.02,33.9939,17.125,228.7,44.1,1512.138, NAN, NAN, NAN, NAN,,2024/04/07 02:44:48.068,2024-04-07 02:44:48.068000+00:00
2024/04/07, 02:45:48.068,35.814,-74.835,11.36,197.49,197.4,11.4,11.4, 11.4,1014.1, 1014.0,0.0, 0.0,13.74, 11.620,98, 94,6.3, 6.1,65.3, 65.5,9.2, 8.8,334.6, 333.4,1016.2, 1016.1,-5.96,351.37,-0.02,33.9958,17.1023,227.5,44.3,1512.072, NAN, NAN, NAN, NAN,,2024/04/07 02:45:48.068,2024-04-07 02:45:48.068000+00:00
2024/04/07, 02:46:48.068,35.811,-74.836,11.37,197.52,198.57,11.47,11.4, 11.4,1014.1, 1014.0,0.0, 0.0,13.74, 11.620,106, 102,6.9, 6.5,63.2, 63.4,10.2, 9.6,337.2, 336.3,1016.2, 1016.1,-5.97,350.82,-0.02,34.0067,17.0498,228.0,44.4,1511.927, NAN, NAN, NAN, NAN,,2024/04/07 02:46:48.068,2024-04-07 02:46:48.068000+00:00
2024/04/07, 02:47:48.068,35.808,-74.837,11.33,197.57,197.34,11.4,11.4, 11.4,1014.0, 1014.0,0.0, 0.0,13.74, 11.620,97, 88,7.1, 7.0,61.6, 61.9,9.8, 9.0,331.1, 326.2,1016.1, 1016.1,-5.97,351.2,-0.02,34.0138,16.9545,226.0,44.4,1511.648, NAN, NAN, NAN, NAN,,2024/04/07 02:47:48.068,2024-04-07 02:47:48.068000+00:00
2024/04/07, 02:48:48.068,35.804,-74.838,11.32,197.99,197.17,11.29,11.4, 11.4,1014.1, 1014.0,0.0, 0.0,13.74, 11.620,94, 87,7.3, 7.7,61.6, 61.6,9.7, 9.5,328.6, 322.8,1016.2, 1016.1,-5.87,350.61,-0.02,34.0007,16.7728,225.3,44.1,1511.085, NAN, NAN, NAN, NAN,,2024/04/07 02:48:48.068,2024-04-07 02:48:48.068000+00:00
2024/04/07, 02:49:48.068,35.801,-74.839,11.28,198.19,197.61,11.26,11.4, 11.4,1014.0, 1014.0,0.0, 0.0,13.74, 11.620,105, 105,6.9, 6.4,61.1, 61.0,10.1, 9.7,336.5, 338.1,1016.1, 1016.1,-5.85,350.65,-0.02,33.9779,16.5885,225.3,43.9,1510.5, NAN, NAN, NAN, NAN,,2024/04/07 02:49:48.068,2024-04-07 02:49:48.068000+00:00
2024/04/07, 02:50:48.068,35.798,-74.84,11.28,197.18,196.11,11.26,11.4, 11.4,1014.1, 1014.0,0.0, 0.0,13.74, 11.620,95, 86,5.8, 5.7,62.7, 62.7,8.6, 7.9,334.2, 330.2,1016.2, 1016.1,-5.87,351.12,-0.02,33.9254,16.3336,228.0,44.1,1509.661, NAN, NAN, NAN, NAN,,2024/04/07 02:50:48.068,2024-04-07 02:50:48.068000+00:00
2024/04/07, 02:51:48.068,35.795,-74.841,11.24,198.49,197.16,11.22,11.4, 11.4,1014.1, 1014.0,0.0, 0.0,13.74, 11.620,103, 104,6.9, 6.6,63.7, 63.5,10.0, 9.8,335.5, 337.0,1016.2, 1016.1,-5.8,350.04,-0.02,33.8425,16.0681,232.7,44.3,1508.75, NAN, NAN, NAN, NAN,,2024/04/07 02:51:48.068,2024-04-07 02:51:48.068000+00:00
2024/04/07, 02:52:48.068,35.792,-74.843,11.22,197.44,195.73,11.25,11.4, 11.5,1014.0, 1014.0,0.0, 0.0,13.74, 11.620,101, 94,6.0, 5.8,63.8, 64.5,9.2, 8.6,336.5, 333.7,1016.1, 1016.1,-5.74,350.4,-0.02,33.7512,15.924,236.6,43.9,1508.2, NAN, NAN, NAN, NAN,,2024/04/07 02:52:48.068,2024-04-07 02:52:48.068000+00:00
2024/04/07, 02:53:48.069,35.789,-74.844,11.27,197.94,196.71,11.23,11.4, 11.5,1014.1, 1014.0,0.0, 0.0,13.74, 11.620,100, 95,6.8, 6.4,65.8, 66.3,9.7, 9.1,333.4, 332.1,1016.2, 1016.1,-5.88,350.25,-0.02,33.6401,15.7816,242.4,44.1,1507.63, NAN, NAN, NAN, NAN,,2024/04/07 02:53:48.069,2024-04-07 02:53:48.069000+00:00
2024/04/07, 02:54:48.069,35.786,-74.845,11.25,197.87,197.46,11.36,11.4, 11.5,1014.0, 1014.0,0.0, 0.0,13.74, 11.620,116, 108,7.9, 7.2,62.9, 62.9,11.7, 10.6,340.2, 337.3,1016.1, 1016.1,-5.92,350.12,-0.02,33.5534,15.7139,249.7,44.2,1507.319, NAN, NAN, NAN, NAN,,2024/04/07 02:54:48.069,2024-04-07 02:54:48.069000+00:00
2024/04/07, 02:55:48.069,35.783,-74.846,11.23,196.93,196.41,11.35,11.4, 11.5,1014.1, 1014.1,0.0, 0.0,13.74, 11.620,100, 89,7.1, 6.9,63.3, 64.2,10.0, 9.0,332.0, 326.3,1016.2, 1016.2,-5.89,351.21,-0.02,33.4898,15.1887,252.1,43.6,1505.598, NAN, NAN, NAN, NAN,,2024/04/07 02:55:48.069,2024-04-07 02:55:48.069000+00:00
2024/04/07, 02:56:48.069,35.78,-74.847,11.22,197.44,196.12,11.26,11.5, 11.5,1014.2, 1014.0,0.0, 0.0,13.74, 11.620,99, 97,7.2, 6.8,63.0, 62.8,10.0, 9.5,331.3, 331.5,1016.3, 1016.1,-5.81,350.29,-0.02,33.462,14.7788,253.1,44.0,1504.264, NAN, NAN, NAN, NAN,,2024/04/07 02:56:48.069,2024-04-07 02:56:48.069000+00:00
2024/04/07, 02:57:48.069,35.777,-74.848,11.24,196.97,196.37,11.17,11.4, 11.5,1014.1, 1014.1,0.0, 0.0,13.74, 11.620,106, 101,7.2, 6.7,63.3, 62.8,10.4, 9.7,334.8, 333.5,1016.2, 1016.2,-5.94,350.58,-0.02,33.357,14.6107,264.8,43.3,1503.604, NAN, NAN, NAN, NAN,,2024/04/07 02:57:48.069,2024-04-07 02:57:48.069000+00:00
2024/04/07, 02:58:48.069,35.774,-74.849,11.3,196.6,196.69,11.25,11.5, 11.5,1014.1, 1014.0,0.0, 0.0,13.74, 11.620,100, 99,6.0, 5.7,63.9, 58.2,9.0, 8.7,335.8, 336.6,1016.2, 1016.1,-5.92,350.66,-0.02,33.1683,14.4445,281.2,43.5,1502.849, NAN, NAN, NAN, NAN,,2024/04/07 02:58:48.069,2024-04-07 02:58:48.069000+00:00
2024/04/07, 02:59:48.069,35.771,-74.85,11.28,198.6,197.07,11.21,11.4, 11.4,1014.2, 1014.1,0.0, 0.0,13.74, 11.620,97, 92,6.0, 5.9,60.9, 60.5,8.9, 8.5,335.5, 333.4,1016.3, 1016.2,-5.88,350.86,-0.02,33.0711,14.2026,286.0,43.6,1501.953, NAN, NAN, NAN, NAN,,2024/04/07 02:59:48.069,2024-04-07 02:59:48.069000+00:00
2024/04/07, 03:00:48.069,35.768,-74.852,11.26,197.65,196.69,11.16,11.4, 11.4,1014.1, 1014.0,0.0, 0.0,13.74, 11.620,112, 108,7.2, 6.7,61.6, 61.7,10.8, 10.1,339.0, 338.1,1016.2, 1016.1,-6.05,350.51,-0.02,33.0051,14.0487,284.6,43.4,1501.376, NAN, NAN, NAN, NAN,,2024/04/07 03:00:48.069,2024-04-07 03:00:48.069000+00:00
2024/04/07, 03:01:48.069,35.765,-74.853,11.27,197.78,197.4,11.2,11.4, 11.4,1014.1, 1014.0,0.0, 0.0,13.74, 11.620,113, 108,7.5, 6.9,64.6, 64.6,11.1, 10.2,339.4, 338.1,1016.2, 1016.1,-5.89,350.88,-0.02,32.9387,13.9496,293.1,43.5,1500.974, NAN, NAN, NAN, NAN,,2024/04/07 03:01:48.069,2024-04-07 03:01:48.069000+00:00
2024/04/07, 03:02:48.069,35.762,-74.854,11.27,197.07,198.27,11.2,11.4, 11.4,1014.1, 1014.1,0.0, 0.0,13.74, 11.620,107, 94,6.0, 5.5,62.6, 62.6,9.4, 8.2,340.2, 335.8,1016.2, 1016.2,-5.93,351.89,-0.01,32.863,13.9219,299.5,43.6,1500.795, NAN, NAN, NAN, NAN,,2024/04/07 03:02:48.069,2024-04-07 03:02:48.069000+00:00
2024/04/07, 03:03:48.069,35.76,-74.855,11.13,198.55,199.27,10.92,11.4, 11.4,1014.1, 1014.1,0.0, 0.0,13.74, 11.620,120, 113,6.4, 5.9,62.6, 62.7,10.4, 9.6,346.5, 344.2,1016.2, 1016.2,-5.93,351.62,-0.02,32.8196,13.9286,303.5,43.3,1500.766, NAN, NAN, NAN, NAN,,2024/04/07 03:03:48.069,2024-04-07 03:03:48.069000+00:00
2024/04/07, 03:04:48.069,35.757,-74.856,11.04,197.88,197.56,10.83,11.4, 11.4,1014.0, 1014.0,0.0, 0.0,13.74, 11.620,118, 114,7.7, 7.3,61.3, 61.0,11.4, 10.8,341.3, 339.8,1016.1, 1016.1,-5.83,351.54,-0.02,32.8052,13.9485,303.5,43.2,1500.814, NAN, NAN, NAN, NAN,,2024/04/07 03:04:48.069,2024-04-07 03:04:48.069000+00:00
2024/04/07, 03:05:48.069,35.754,-74.857,10.96,198.02,197.62,11.05,11.4, 11.4,1014.0, 1014.1,0.0, 0.0,13.74, 11.620,112, 108,6.6, 6.2,56.4, 56.7,10.2, 9.6,341.0, 340.0,1016.1, 1016.2,-5.81,351.06,-0.02,32.8018,13.8846,305.6,43.0,1500.601, NAN, NAN, NAN, NAN,,2024/04/07 03:05:48.069,2024-04-07 03:05:48.069000+00:00
2024/04/07, 03:06:48.069,35.751,-74.859,10.98,197.01,197.1,10.99,11.4, 11.5,1014.1, 1014.0,0.0, 0.0,13.74, 11.620,117, 112,7.7, 7.5,62.9, 63.1,11.4, 10.9,340.3, 337.8,1016.2, 1016.1,-5.74,350.58,-0.02,32.8041,13.6982,304.1,43.3,1499.992, NAN, NAN, NAN, NAN,,2024/04/07 03:06:48.069,2024-04-07 03:06:48.069000+00:00
2024/04/07, 03:07:48.069,35.748,-74.86,10.94,196.59,198.98,11.04,11.4, 11.4,1014.1, 1014.1,0.0, 0.0,13.74, 11.620,116, 113,7.7, 7.4,60.1, 59.8,11.3, 10.9,339.8, 338.7,1016.2, 1016.2,-5.68,350.74,-0.02,32.7972,13.4624,302.2,43.4,1499.206, NAN, NAN, NAN, NAN,,2024/04/07 03:07:48.069,2024-04-07 03:07:48.069000+00:00
2024/04/07, 03:08:48.070,35.745,-74.861,11.04,196.52,197.56,11.0,11.4, 11.4,1014.3, 1014.2,0.0, 0.0,13.74, 11.620,125, 114,6.4, 5.4,62.1, 61.9,10.6, 9.2,347.7, 344.9,1016.4, 1016.3,-5.8,351.11,-0.02,32.7516,13.092,305.2,43.1,1497.921, NAN, NAN, NAN, NAN,,2024/04/07 03:08:48.070,2024-04-07 03:08:48.070000+00:00
2024/04/07, 03:09:48.070,35.742,-74.862,11.05,196.45,197.4,11.05,11.4, 11.4,1014.2, 1014.1,0.0, 0.0,13.74, 11.620,126, 122,9.6, 8.9,63.3, 63.6,13.7, 12.8,342.4, 340.8,1016.3, 1016.2,-5.77,350.99,-0.02,32.6719,12.6993,307.2,42.7,1496.508, NAN, NAN, NAN, NAN,,2024/04/07 03:09:48.070,2024-04-07 03:09:48.070000+00:00
2024/04/07, 03:10:48.070,35.739,-74.863,11.12,195.69,195.55,11.29,11.4, 11.4,1014.1, 1014.2,0.0, 0.0,13.74, 11.620,124, 119,8.2, 7.9,56.3, 63.0,12.4, 11.9,342.4, 340.0,1016.2, 1016.3,-5.72,350.83,-0.02,32.5696,12.3907,313.9,43.1,1495.341, NAN, NAN, NAN, NAN,,2024/04/07 03:10:48.070,2024-04-07 03:10:48.070000+00:00
2024/04/07, 03:11:48.070,35.736,-74.864,10.9,197.31,197.08,10.73,11.4, 11.4,1014.3, 1014.1,0.0, 0.0,13.74, 11.620,118, 117,8.0, 7.6,61.5, 61.1,11.7, 11.3,339.9, 340.1,1016.4, 1016.2,-5.82,350.54,-0.02,32.4085,12.2404,323.3,43.0,1494.637, NAN, NAN, NAN, NAN,,2024/04/07 03:11:48.070,2024-04-07 03:11:48.070000+00:00
2024/04/07, 03:12:48.070,35.733,-74.865,10.13,196.56,195.31,10.0,11.4, 11.4,1014.2, 1014.3,0.0, 0.0,13.74, 11.620,127, 120,8.2, 6.7,61.7, 61.6,12.1, 10.3,343.3, 341.9,1016.3, 1016.4,-5.76,350.27,-0.02,32.2749,12.1628,321.7,42.8,1494.212, NAN, NAN, NAN, NAN,,2024/04/07 03:12:48.070,2024-04-07 03:12:48.070000+00:00
2024/04/07, 03:13:48.070,35.731,-74.866,9.99,197.39,198.31,10.0,11.3, 11.4,1014.1, 1014.0,0.0, 0.0,13.74, 11.620,131, 122,8.4, 7.1,60.9, 62.0,12.4, 10.7,346.9, 343.6,1016.2, 1016.1,-5.83,349.91,-0.02,32.1776,12.1364,327.0,42.4,1494.006, NAN, NAN, NAN, NAN,,2024/04/07 03:13:48.070,2024-04-07 03:13:48.070000+00:00
2024/04/07, 03:14:48.070,35.728,-74.867,8.87,196.72,197.45,8.47,11.3, 11.3,1014.2, 1014.3,0.0, 0.0,13.74, 11.620,131, 123,10.2, 8.9,58.5, 58.5,13.5, 11.8,341.9, 337.7,1016.3, 1016.4,-5.82,349.69,-0.02,32.1342,12.1277,328.4,42.6,1493.924, NAN, NAN, NAN, NAN,,2024/04/07 03:14:48.070,2024-04-07 03:14:48.070000+00:00
2024/04/07, 03:15:48.070,35.726,-74.868,6.84,215.02,209.7,6.83,11.3, 11.3,1014.2, 1014.1,0.0, 0.0,13.74, 11.620,115, 106,8.1, 7.5,57.9, 57.8,10.3, 9.4,347.0, 341.4,1016.3, 1016.2,-5.74,349.45,-0.02,32.1119,12.1131,332.1,42.7,1493.847, NAN, NAN, NAN, NAN,,2024/04/07 03:15:48.070,2024-04-07 03:15:48.070000+00:00
2024/04/07, 03:16:48.070,35.725,-74.869,4.54,271.55,252.1,4.08,11.4, 11.4,1014.0, 1014.0,0.0, 0.0,13.74, 11.620,72, 73,11.7, 11.5,61.1, 61.2,12.0, 11.8,353.6, 354.7,1016.1, 1016.1,-5.71,348.98,-0.02,32.1147,12.1177,327.6,42.3,1493.867, NAN, NAN, NAN, NAN,,2024/04/07 03:16:48.070,2024-04-07 03:16:48.070000+00:00
2024/04/07, 03:17:48.070,35.725,-74.87,0.48,315.58,283.67,1.27,11.4, 11.4,1014.1, 1014.0,0.0, 0.0,13.74, 11.620,34, 27,10.4, 10.3,60.0, 61.1,10.2, 10.0,353.0, 345.8,1016.2, 1016.1,-5.64,348.7,-0.02,32.1096,12.0992,325.1,42.6,1493.797, NAN, NAN, NAN, NAN,,2024/04/07 03:17:48.070,2024-04-07 03:17:48.070000+00:00
2024/04/07, 03:18:48.070,35.725,-74.87,0.47,322.61,216.96,0.74,11.4, 11.4,1014.0, 1014.2,0.0, 0.0,13.74, 11.620,20, 16,11.4, 10.4,60.1, 60.2,11.6, 10.6,344.3, 340.5,1016.1, 1016.3,-5.72,348.49,-0.02,32.1669,12.0731,322.7,41.9,1493.776, NAN, NAN, NAN, NAN,,2024/04/07 03:18:48.070,2024-04-07 03:18:48.070000+00:00
2024/04/07, 03:19:48.070,35.725,-74.87,0.03,332.55,230.76,0.4,11.3, 11.4,1014.0, 1014.0,0.0, 0.0,13.74, 11.620,6, 0,9.6, 9.6,58.1, 58.0,9.6, 9.6,339.8, 333.8,1016.1, 1016.1,-5.7,348.21,-0.01,32.1198,12.0625,324.8,42.3,1493.683, NAN, NAN, NAN, NAN,,2024/04/07 03:19:48.070,2024-04-07 03:19:48.070000+00:00
2024/04/07, 03:20:48.070,35.725,-74.871,0.25,336.1,66.17,0.08,11.3, 11.4,1014.0, 1014.1,0.0, 0.0,13.74, 11.620,1, 355,9.5, 9.0,60.0, 60.2,9.5, 9.0,337.3, 331.3,1016.1, 1016.2,-5.67,347.9,-0.02,32.1251,12.0586,327.6,42.5,1493.676, NAN, NAN, NAN, NAN,,2024/04/07 03:20:48.070,2024-04-07 03:20:48.070000+00:00
2024/04/07, 03:21:48.070,35.725,-74.871,0.01,337.01,196.59,0.06,11.3, 11.3,1014.1, 1014.0,0.0, 0.0,13.74, 11.620,3, 358,9.5, 9.4,60.3, 60.7,9.5, 9.4,340.2, 335.2,1016.2, 1016.1,-5.76,347.49,-0.02,32.1236,12.057,327.0,42.2,1493.669, NAN, NAN, NAN, NAN,,2024/04/07 03:21:48.070,2024-04-07 03:21:48.070000+00:00
2024/04/07, 03:22:48.070,35.725,-74.871,0.1,337.99,120.17,0.28,11.3, 11.3,1014.0, 1014.0,0.0, 0.0,13.74, 11.620,2, 356,9.3, 9.1,62.0, 62.1,9.4, 9.2,339.3, 333.3,1016.1, 1016.1,-5.69,346.58,-0.02,32.1328,12.0503,326.4,42.1,1493.657, NAN, NAN, NAN, NAN,,2024/04/07 03:22:48.070,2024-04-07 03:22:48.070000+00:00
2024/04/07, 03:23:48.070,35.725,-74.871,0.1,338.96,73.48,0.26,11.3, 11.3,1014.1, 1014.1,0.0, 0.0,13.74, 11.620,358, 351,8.6, 8.1,60.0, 59.7,8.6, 8.1,336.1, 329.0,1016.2, 1016.2,-5.74,345.08,-0.02,32.1397,12.0382,331.0,42.0,1493.623, NAN, NAN, NAN, NAN,,2024/04/07 03:23:48.070,2024-04-07 03:23:48.070000+00:00
2024/04/07, 03:24:48.071,35.725,-74.871,0.18,339.06,159.66,0.12,11.3, 11.3,1014.1, 1014.1,0.0, 0.0,13.74, 11.620,0, 355,8.6, 8.5,61.8, 62.4,8.7, 8.6,339.2, 334.3,1016.2, 1016.2,-5.75,343.32,-0.02,32.1306,11.9883,326.4,42.1,1493.441, NAN, NAN, NAN, NAN,,2024/04/07 03:24:48.071,2024-04-07 03:24:48.071000+00:00
2024/04/07, 03:25:48.071,35.725,-74.871,0.12,339.62,285.43,0.06,11.3, 11.4,1014.1, 1014.2,0.0, 0.0,13.74, 11.620,356, 353,9.0, 9.0,64.4, 64.4,9.0, 9.0,335.8, 332.8,1016.2, 1016.3,-5.73,340.93,-0.02,32.1335,11.9691,328.4,42.1,1493.378, NAN, NAN, NAN, NAN,,2024/04/07 03:25:48.071,2024-04-07 03:25:48.071000+00:00
2024/04/07, 03:26:48.071,35.725,-74.871,0.17,339.41,223.18,0.13,11.3, 11.3,1014.1, 1014.3,0.0, 0.0,13.74, 11.620,3, 356,10.5, 10.1,62.9, 63.0,10.5, 10.1,342.7, 335.8,1016.2, 1016.4,-5.82,338.38,-0.02,32.15,11.9716,334.8,42.1,1493.407, NAN, NAN, NAN, NAN,,2024/04/07 03:26:48.071,2024-04-07 03:26:48.071000+00:00
2024/04/07, 03:27:48.071,35.725,-74.871,0.33,339.06,192.06,0.08,11.3, 11.3,1014.1, 1014.2,0.0, 0.0,13.74, 11.620,0, 353,9.9, 9.3,58.8, 59.2,9.9, 9.3,339.1, 332.2,1016.2, 1016.3,-5.92,335.56,-0.02,32.1323,11.9745,337.4,42.0,1493.395, NAN, NAN, NAN, NAN,,2024/04/07 03:27:48.071,2024-04-07 03:27:48.071000+00:00
2024/04/07, 03:28:48.071,35.725,-74.871,0.14,338.84,217.93,0.11,11.3, 11.3,1014.4, 1014.0,0.0, 0.0,13.74, 11.620,4, 358,9.8, 9.6,60.6, 60.3,9.8, 9.6,343.2, 337.2,1016.5, 1016.1,-5.89,332.83,-0.01,32.1435,11.9739,328.4,41.6,1493.407, NAN, NAN, NAN, NAN,,2024/04/07 03:28:48.071,2024-04-07 03:28:48.071000+00:00
2024/04/07, 03:29:48.071,35.725,-74.871,0.3,341.79,257.01,0.19,11.3, 11.3,1014.0, 1014.0,0.0, 0.0,13.74, 11.620,1, 355,10.2, 9.5,60.3, 60.2,10.1, 9.4,343.0, 337.0,1016.1, 1016.1,-6.05,331.01,-0.02,32.1359,11.9799,333.1,41.8,1493.418, NAN, NAN, NAN, NAN,,2024/04/07 03:29:48.071,2024-04-07 03:29:48.071000+00:00
2024/04/07, 03:30:48.071,35.725,-74.871,1.06,14.12,355.71,1.31,11.2, 11.3,1014.3, 1014.0,0.0, 0.0,13.74, 11.620,338, 334,9.2, 9.6,61.6, 62.0,8.6, 9.0,350.7, 346.5,1016.4, 1016.1,-6.03,330.08,-0.01,32.1453,11.9813,336.4,41.4,1493.434, NAN, NAN, NAN, NAN,,2024/04/07 03:30:48.071,2024-04-07 03:30:48.071000+00:00
2024/04/07, 03:31:48.071,35.726,-74.87,1.74,35.53,66.97,2.14,11.2, 11.3,1014.3, 1014.2,0.0, 0.0,13.74, 11.620,305, 305,9.3, 11.9,63.3, 63.0,9.3, 11.9,333.7, 335.2,1016.4, 1016.3,-6.06,330.46,-0.02,32.1471,11.9995,334.4,41.9,1493.499, NAN, NAN, NAN, NAN,,2024/04/07 03:31:48.071,2024-04-07 03:31:48.071000+00:00
2024/04/07, 03:32:48.071,35.726,-74.869,2.64,32.91,51.35,3.02,11.2, 11.3,1014.3, 1014.2,0.0, 0.0,13.74, 11.620,314, 314,10.5, 13.5,61.8, 61.8,10.0, 12.9,338.7, 340.6,1016.4, 1016.3,-6.05,331.19,-0.01,32.1497,11.9976,335.8,41.9,1493.496, NAN, NAN, NAN, NAN,,2024/04/07 03:32:48.071,2024-04-07 03:32:48.071000+00:00
2024/04/07, 03:33:48.071,35.727,-74.869,3.0,31.68,47.48,3.31,11.2, 11.3,1014.3, 1014.0,0.0, 0.0,13.74, 11.620,309, 310,11.2, 13.4,60.4, 60.5,10.7, 12.9,332.1, 334.6,1016.4, 1016.1,-6.12,331.81,-0.02,32.1558,11.9855,337.4,41.7,1493.461, NAN, NAN, NAN, NAN,,2024/04/07 03:33:48.071,2024-04-07 03:33:48.071000+00:00
2024/04/07, 03:34:48.071,35.727,-74.868,3.08,31.68,47.9,2.9,11.2, 11.3,1014.2, 1014.2,0.0, 0.0,13.74, 11.620,318, 317,11.2, 14.2,61.4, 61.5,10.5, 13.6,342.6, 343.1,1016.3, 1016.3,-5.92,331.81,-0.01,32.1616,11.975,338.8,41.7,1493.432, NAN, NAN, NAN, NAN,,2024/04/07 03:34:48.071,2024-04-07 03:34:48.071000+00:00
2024/04/07, 03:35:48.071,35.728,-74.867,2.84,29.89,53.54,2.98,11.2, 11.3,1014.3, 1014.1,0.0, 0.0,13.74, 11.620,316, 314,10.3, 13.6,60.2, 60.1,9.8, 13.1,337.6, 337.7,1016.4, 1016.2,-5.9,330.94,-0.02,32.1583,11.9777,332.4,41.7,1493.437, NAN, NAN, NAN, NAN,,2024/04/07 03:35:48.071,2024-04-07 03:35:48.071000+00:00
2024/04/07, 03:36:48.071,35.728,-74.866,1.02,349.96,44.93,1.04,11.2, 11.3,1014.3, 1014.1,0.0, 0.0,13.74, 11.620,345, 336,8.6, 9.1,60.2, 60.1,8.5, 9.1,331.5, 322.6,1016.4, 1016.2,-5.93,329.31,-0.02,32.1396,11.9898,332.1,41.9,1493.457, NAN, NAN, NAN, NAN,,2024/04/07 03:36:48.071,2024-04-07 03:36:48.071000+00:00
2024/04/07, 03:37:48.071,35.728,-74.866,0.16,341.52,50.8,0.67,11.3, 11.3,1014.1, 1014.1,0.0, 0.0,13.74, 11.620,3, 357,9.0, 8.7,62.0, 62.3,8.9, 8.6,342.4, 336.3,1016.2, 1016.2,-5.89,327.7,-0.02,32.1331,12.0038,331.2,42.1,1493.497, NAN, NAN, NAN, NAN,,2024/04/07 03:37:48.071,2024-04-07 03:37:48.071000+00:00
2024/04/07, 03:38:48.071,35.728,-74.866,0.04,339.34,66.19,0.33,11.2, 11.3,1014.0, 1014.1,0.0, 0.0,13.74, 11.620,6, 359,8.8, 8.7,62.8, 62.2,8.8, 8.7,344.2, 337.2,1016.1, 1016.2,-6.0,327.47,-0.02,32.139,12.004,325.7,41.5,1493.505, NAN, NAN, NAN, NAN,,2024/04/07 03:38:48.071,2024-04-07 03:38:48.071000+00:00
2024/04/07, 03:39:48.072,35.728,-74.866,0.37,337.03,84.02,0.35,11.2, 11.2,1014.1, 1014.0,0.0, 0.0,13.74, 11.620,8, 2,11.3, 10.7,62.3, 63.2,11.3, 10.7,344.1, 338.1,1016.2, 1016.1,-6.12,328.09,-0.01,32.1262,12.0034,327.0,41.3,1493.488, NAN, NAN, NAN, NAN,,2024/04/07 03:39:48.072,2024-04-07 03:39:48.072000+00:00
2024/04/07, 03:40:48.072,35.728,-74.866,0.4,336.73,31.71,0.11,11.2, 11.2,1014.0, 1014.1,0.0, 0.0,13.74, 11.620,9, 5,9.0, 9.0,59.2, 59.0,9.0, 9.0,345.4, 341.4,1016.1, 1016.2,-6.12,328.39,-0.02,32.1235,12.0088,327.3,41.7,1493.503, NAN, NAN, NAN, NAN,,2024/04/07 03:40:48.072,2024-04-07 03:40:48.072000+00:00
2024/04/07, 03:41:48.072,35.728,-74.866,0.36,336.54,83.39,0.3,11.2, 11.3,1014.0, 1014.0,0.0, 0.0,13.74, 11.620,7, 0,11.0, 10.3,60.8, 60.5,11.0, 10.3,342.7, 335.7,1016.1, 1016.1,-6.03,328.81,-0.01,32.125,12.0157,329.7,41.8,1493.528, NAN, NAN, NAN, NAN,,2024/04/07 03:41:48.072,2024-04-07 03:41:48.072000+00:00
2024/04/07, 03:42:48.072,35.728,-74.866,0.38,334.76,147.66,0.1,11.2, 11.3,1014.0, 1014.2,0.0, 0.0,13.74, 11.620,9, 2,10.5, 10.0,60.6, 60.1,10.6, 10.1,343.8, 336.8,1016.1, 1016.3,-5.98,328.98,-0.01,32.1261,12.0164,324.0,41.7,1493.532, NAN, NAN, NAN, NAN,,2024/04/07 03:42:48.072,2024-04-07 03:42:48.072000+00:00
2024/04/07, 03:43:48.072,35.728,-74.866,0.48,335.5,344.68,0.13,11.2, 11.3,1014.0, 1014.0,0.0, 0.0,13.74, 11.620,8, 3,11.6, 10.9,58.6, 58.9,11.5, 10.8,343.4, 338.4,1016.1, 1016.1,-6.05,329.18,-0.01,32.1241,12.0112,324.3,41.8,1493.512, NAN, NAN, NAN, NAN,,2024/04/07 03:43:48.072,2024-04-07 03:43:48.072000+00:00
2024/04/07, 03:44:48.072,35.728,-74.866,0.41,335.91,114.29,0.23,11.3, 11.3,1014.0, 1014.0,0.0, 0.0,13.74, 11.620,8, 1,10.2, 9.7,56.8, 57.5,10.2, 9.8,343.3, 336.3,1016.1, 1016.1,-5.97,329.18,-0.01,32.1222,12.0074,321.7,41.8,1493.497, NAN, NAN, NAN, NAN,,2024/04/07 03:44:48.072,2024-04-07 03:44:48.072000+00:00
2024/04/07, 03:45:48.072,35.728,-74.866,0.37,336.12,303.03,0.01,11.3, 11.3,1014.0, 1014.0,0.0, 0.0,13.74, 11.620,10, 4,11.3, 10.7,60.8, 61.0,11.3, 10.7,346.1, 340.1,1016.1, 1016.1,-5.93,330.26,-0.02,32.1252,12.005,328.8,41.8,1493.492, NAN, NAN, NAN, NAN,,2024/04/07 03:45:48.072,2024-04-07 03:45:48.072000+00:00
2024/04/07, 03:46:48.072,35.728,-74.866,0.39,336.13,205.26,0.06,11.3, 11.3,1014.0, 1013.9,0.0, 0.0,13.74, 11.620,7, 1,10.6, 10.3,60.6, 60.3,10.6, 10.3,343.2, 337.3,1016.1, 1016.0,-5.93,332.28,-0.02,32.1249,12.005,331.8,42.3,1493.492, NAN, NAN, NAN, NAN,,2024/04/07 03:46:48.072,2024-04-07 03:46:48.072000+00:00
2024/04/07, 03:47:48.072,35.728,-74.866,0.43,336.3,212.97,0.2,11.3, 11.3,1013.9, 1014.0,0.0, 0.0,13.74, 11.620,7, 1,11.5, 10.6,60.0, 60.0,11.5, 10.6,343.8, 337.8,1016.0, 1016.1,-5.91,334.7,-0.02,32.1282,12.0035,330.4,42.6,1493.49, NAN, NAN, NAN, NAN,,2024/04/07 03:47:48.072,2024-04-07 03:47:48.072000+00:00
2024/04/07, 03:48:48.072,35.728,-74.866,0.4,335.63,118.5,0.21,11.3, 11.3,1014.0, 1014.0,0.0, 0.0,13.74, 11.620,6, 1,11.3, 10.7,59.7, 59.4,11.4, 10.8,341.4, 336.4,1016.1, 1016.1,-5.85,336.45,-0.01,32.1348,12.0022,330.0,42.5,1493.494, NAN, NAN, NAN, NAN,,2024/04/07 03:48:48.072,2024-04-07 03:48:48.072000+00:00
2024/04/07, 03:49:48.072,35.728,-74.866,0.16,335.1,75.38,0.5,11.3, 11.3,1014.1, 1014.0,0.0, 0.0,13.74, 11.620,5, 0,9.8, 9.6,57.8, 57.4,9.9, 9.7,338.6, 333.7,1016.2, 1016.1,-5.79,337.68,-0.02,32.1486,11.9995,329.7,42.3,1493.501, NAN, NAN, NAN, NAN,,2024/04/07 03:49:48.072,2024-04-07 03:49:48.072000+00:00
2024/04/07, 03:50:48.072,35.728,-74.866,0.17,336.33,65.23,0.3,11.3, 11.3,1014.1, 1014.0,0.0, 0.0,13.74, 11.620,5, 359,10.5, 9.8,58.9, 58.6,10.5, 9.8,340.5, 334.4,1016.2, 1016.1,-5.88,338.43,-0.02,32.1439,11.9955,333.4,42.1,1493.482, NAN, NAN, NAN, NAN,,2024/04/07 03:50:48.072,2024-04-07 03:50:48.072000+00:00
2024/04/07, 03:51:48.072,35.728,-74.866,0.1,337.2,82.22,0.16,11.3, 11.3,1014.0, 1014.0,0.0, 0.0,13.74, 11.620,5, 359,10.8, 10.0,57.1, 57.3,10.8, 10.0,341.8, 335.8,1016.1, 1016.1,-5.75,338.75,-0.02,32.1456,11.9909,333.7,42.1,1493.468, NAN, NAN, NAN, NAN,,2024/04/07 03:51:48.072,2024-04-07 03:51:48.072000+00:00
2024/04/07, 03:52:48.072,35.728,-74.866,0.14,336.81,85.59,0.44,11.3, 11.4,1014.1, 1014.0,0.0, 0.0,13.74, 11.620,6, 359,10.3, 10.0,60.4, 61.1,10.3, 10.1,341.6, 334.6,1016.2, 1016.1,-5.87,338.95,-0.02,32.1613,11.9847,329.4,41.8,1493.465, NAN, NAN, NAN, NAN,,2024/04/07 03:52:48.072,2024-04-07 03:52:48.072000+00:00
2024/04/07, 03:53:48.072,35.728,-74.866,0.23,335.93,309.75,0.07,11.3, 11.3,1014.0, 1014.0,0.0, 0.0,13.74, 11.620,3, 359,10.4, 10.1,60.3, 59.5,10.4, 10.1,338.9, 334.9,1016.1, 1016.1,-5.8,339.44,-0.02,32.1487,11.9798,331.5,42.0,1493.433, NAN, NAN, NAN, NAN,,2024/04/07 03:53:48.072,2024-04-07 03:53:48.072000+00:00
2024/04/07, 03:54:48.073,35.728,-74.866,0.37,335.67,48.84,0.07,11.3, 11.4,1014.1, 1014.0,0.0, 0.0,13.74, 11.620,4, 356,10.1, 9.3,58.9, 59.3,10.1, 9.3,339.5, 331.5,1016.2, 1016.1,-5.81,339.37,-0.01,32.1448,11.9767,335.5,41.9,1493.418, NAN, NAN, NAN, NAN,,2024/04/07 03:54:48.073,2024-04-07 03:54:48.073000+00:00
2024/04/07, 03:55:48.073,35.728,-74.866,-0.01,330.08,349.56,0.4,11.3, 11.4,1014.0, 1014.0,0.0, 0.0,13.74, 11.620,6, 0,10.4, 9.9,57.7, 57.7,10.2, 9.7,335.7, 329.6,1016.1, 1016.1,-5.79,339.38,-0.01,32.1473,11.9731,331.5,42.1,1493.408, NAN, NAN, NAN, NAN,,2024/04/07 03:55:48.073,2024-04-07 03:55:48.073000+00:00
2024/04/07, 03:56:48.073,35.728,-74.866,2.12,285.21,271.58,1.64,11.3, 11.4,1014.3, 1014.2,0.0, 0.0,13.74, 11.620,43, 37,11.0, 12.9,59.8, 59.9,10.6, 12.4,332.1, 325.3,1016.4, 1016.3,-5.83,339.38,-0.02,32.1579,11.9644,344.9,41.9,1493.391, NAN, NAN, NAN, NAN,,2024/04/07 03:56:48.073,2024-04-07 03:56:48.073000+00:00
2024/04/07, 03:57:48.073,35.728,-74.867,3.69,270.55,255.71,3.67,11.3, 11.4,1014.0, 1014.1,0.0, 0.0,13.74, 11.620,59, 53,12.0, 13.6,58.9, 58.7,11.6, 12.9,338.5, 331.2,1016.1, 1016.2,-5.68,339.8,-0.02,32.1542,11.9459,336.1,41.9,1493.323, NAN, NAN, NAN, NAN,,2024/04/07 03:57:48.073,2024-04-07 03:57:48.073000+00:00
2024/04/07, 03:58:48.073,35.728,-74.869,5.86,275.79,264.55,5.94,11.3, 11.4,1014.1, 1014.3,0.0, 0.0,13.74, 11.620,49, 44,12.0, 13.9,58.1, 58.4,10.7, 12.3,338.8, 331.2,1016.2, 1016.4,-5.74,340.76,-0.02,32.1546,11.9215,331.5,42.0,1493.239, NAN, NAN, NAN, NAN,,2024/04/07 03:58:48.073,2024-04-07 03:58:48.073000+00:00
2024/04/07, 03:59:48.073,35.728,-74.871,8.27,275.99,272.1,7.94,11.3, 11.4,1014.0, 1014.3,0.0, 0.0,13.74, 11.620,49, 43,13.4, 15.4,60.2, 60.3,11.3, 12.9,341.4, 332.1,1016.1, 1016.4,-5.82,341.52,-0.02,32.1491,11.9288,340.1,42.0,1493.258, NAN, NAN, NAN, NAN,,2024/04/07 03:59:48.073,2024-04-07 03:59:48.073000+00:00
2024/04/07, 04:00:48.073,35.728,-74.874,9.55,274.48,273.35,9.43,11.3, 11.4,1014.1, 1014.2,0.0, 0.0,13.74, 11.620,45, 40,13.9, 15.6,60.5, 60.2,11.0, 12.3,337.6, 329.2,1016.2, 1016.3,-5.78,341.51,-0.02,32.1397,11.9461,334.0,41.4,1493.306, NAN, NAN, NAN, NAN,,2024/04/07 04:00:48.073,2024-04-07 04:00:48.073000+00:00
2024/04/07, 04:01:48.073,35.729,-74.877,10.14,272.69,272.13,10.03,11.3, 11.4,1014.0, 1014.3,0.0, 0.0,13.74, 11.620,46, 42,13.4, 15.0,58.9, 58.5,10.6, 11.8,339.6, 332.2,1016.1, 1016.4,-5.72,341.69,-0.02,32.1338,11.9475,331.8,41.8,1493.304, NAN, NAN, NAN, NAN,,2024/04/07 04:01:48.073,2024-04-07 04:01:48.073000+00:00
2024/04/07, 04:02:48.073,35.729,-74.881,10.68,269.43,268.9,10.24,11.3, 11.4,1014.1, 1014.2,0.0, 0.0,13.74, 11.620,46, 42,14.0, 15.7,60.1, 60.0,11.0, 12.3,335.4, 327.9,1016.2, 1016.3,-5.69,341.89,-0.02,32.1397,11.9278,329.1,41.7,1493.243, NAN, NAN, NAN, NAN,,2024/04/07 04:02:48.073,2024-04-07 04:02:48.073000+00:00
2024/04/07, 04:03:48.073,35.729,-74.884,10.75,270.48,271.14,10.48,11.3, 11.3,1013.9, 1014.3,0.0, 0.0,13.74, 11.620,46, 43,13.3, 15.1,56.6, 57.5,10.3, 11.7,338.5, 331.6,1016.0, 1016.4,-5.65,342.72,-0.02,32.1377,11.8979,327.8,41.8,1493.138, NAN, NAN, NAN, NAN,,2024/04/07 04:03:48.073,2024-04-07 04:03:48.073000+00:00
2024/04/07, 04:04:48.073,35.729,-74.888,10.78,270.63,266.28,10.34,11.3, 11.3,1014.1, 1014.1,0.0, 0.0,13.74, 11.620,45, 41,13.7, 15.8,58.5, 58.4,10.8, 12.5,336.8, 328.6,1016.2, 1016.2,-5.69,342.81,-0.02,32.1313,11.8424,326.0,41.6,1492.939, NAN, NAN, NAN, NAN,,2024/04/07 04:04:48.073,2024-04-07 04:04:48.073000+00:00
2024/04/07, 04:05:48.073,35.729,-74.892,10.89,271.06,272.06,10.59,11.3, 11.3,1014.2, 1014.2,0.0, 0.0,13.74, 11.620,46, 40,13.1, 14.4,61.3, 61.3,10.1, 10.8,339.8, 329.9,1016.3, 1016.3,-5.72,342.82,-0.02,32.1188,11.7832,327.6,42.0,1492.719, NAN, NAN, NAN, NAN,,2024/04/07 04:05:48.073,2024-04-07 04:05:48.073000+00:00
2024/04/07, 04:06:48.073,35.729,-74.895,10.93,270.96,268.87,10.55,11.3, 11.3,1014.0, 1014.0,0.0, 0.0,13.74, 11.620,45, 40,14.2, 15.3,62.0, 62.2,11.2, 11.8,336.5, 328.6,1016.1, 1016.1,-5.73,341.99,-0.02,32.1048,11.7384,330.7,42.0,1492.547, NAN, NAN, NAN, NAN,,2024/04/07 04:06:48.073,2024-04-07 04:06:48.073000+00:00
2024/04/07, 04:07:48.073,35.729,-74.899,11.0,269.53,271.76,10.77,11.3, 11.3,1014.1, 1014.2,0.0, 0.0,13.74, 11.620,48, 43,13.3, 15.4,61.1, 61.1,10.4, 11.9,340.6, 330.8,1016.2, 1016.3,-5.72,340.83,-0.02,32.0862,11.6943,324.4,42.0,1492.372, NAN, NAN, NAN, NAN,,2024/04/07 04:07:48.073,2024-04-07 04:07:48.073000+00:00
2024/04/07, 04:08:48.073,35.729,-74.902,10.87,270.17,271.69,10.54,11.2, 11.2,1014.1, 1014.3,0.0, 0.0,13.74, 11.620,45, 42,14.2, 15.4,63.1, 62.9,10.9, 11.8,335.2, 329.5,1016.2, 1016.4,-5.73,339.44,-0.02,32.0709,11.6382,320.0,42.3,1492.159, NAN, NAN, NAN, NAN,,2024/04/07 04:08:48.073,2024-04-07 04:08:48.073000+00:00
2024/04/07, 04:09:48.073,35.729,-74.906,10.77,270.61,270.26,10.48,11.2, 11.2,1014.1, 1014.2,0.0, 0.0,13.74, 11.620,46, 41,12.9, 15.2,59.5, 59.8,10.0, 11.7,339.6, 329.3,1016.2, 1016.3,-5.76,337.22,-0.02,32.0714,11.5606,327.8,41.9,1491.89, NAN, NAN, NAN, NAN,,2024/04/07 04:09:48.073,2024-04-07 04:09:48.073000+00:00
2024/04/07, 04:10:48.074,35.729,-74.91,10.88,270.67,269.22,10.62,11.2, 11.2,1014.0, 1014.2,0.0, 0.0,13.74, 11.620,45, 39,13.1, 14.6,61.3, 61.1,10.1, 11.0,338.5, 328.2,1016.1, 1016.3,-5.75,334.81,-0.02,32.0619,11.3989,321.7,41.8,1491.315, NAN, NAN, NAN, NAN,,2024/04/07 04:10:48.074,2024-04-07 04:10:48.074000+00:00
2024/04/07, 04:11:48.074,35.728,-74.913,10.53,268.59,267.39,10.48,11.1, 11.2,1014.0, 1014.2,0.0, 0.0,13.74, 11.620,45, 40,12.8, 14.8,62.5, 62.5,9.8, 11.3,336.7, 326.7,1016.1, 1016.3,-5.87,332.19,-0.02,32.0678,11.0872,326.7,42.0,1490.228, NAN, NAN, NAN, NAN,,2024/04/07 04:11:48.074,2024-04-07 04:11:48.074000+00:00
2024/04/07, 04:12:48.074,35.728,-74.917,10.89,272.1,271.6,10.42,11.1, 11.1,1014.1, 1014.1,0.0, 0.0,13.74, 11.620,44, 38,13.1, 14.7,61.5, 61.4,10.1, 11.1,338.3, 327.9,1016.2, 1016.2,-5.89,328.98,-0.02,32.0922,10.7671,327.6,42.1,1489.126, NAN, NAN, NAN, NAN,,2024/04/07 04:12:48.074,2024-04-07 04:12:48.074000+00:00
2024/04/07, 04:13:48.074,35.728,-74.92,10.4,271.59,271.9,10.34,11.0, 11.1,1014.3, 1014.1,0.0, 0.0,13.74, 11.620,44, 39,12.5, 14.3,62.4, 62.3,9.5, 10.8,338.8, 329.0,1016.4, 1016.2,-5.93,325.4,-0.02,32.1538,10.5425,346.2,42.0,1488.401, NAN, NAN, NAN, NAN,,2024/04/07 04:13:48.074,2024-04-07 04:13:48.074000+00:00
2024/04/07, 04:14:48.074,35.728,-74.924,10.37,270.09,267.94,10.06,11.0, 11.0,1014.3, 1014.3,0.0, 0.0,13.74, 11.620,43, 39,12.4, 14.3,61.9, 61.9,9.5, 11.0,335.8, 327.2,1016.4, 1016.4,-6.1,322.04,-0.03,32.2535,10.4362,368.1,41.5,1488.142, NAN, NAN, NAN, NAN,,2024/04/07 04:14:48.074,2024-04-07 04:14:48.074000+00:00
2024/04/07, 04:15:48.074,35.728,-74.927,10.3,270.1,271.05,10.14,10.9, 11.0,1014.3, 1014.4,0.0, 0.0,13.74, 11.620,41, 38,12.5, 14.3,63.0, 63.2,9.3, 10.7,333.0, 325.7,1016.4, 1016.5,-6.03,319.23,-0.02,32.3381,10.3958,385.4,42.0,1488.099, NAN, NAN, NAN, NAN,,2024/04/07 04:15:48.074,2024-04-07 04:15:48.074000+00:00
2024/04/07, 04:16:48.074,35.728,-74.93,10.38,270.11,266.98,10.09,10.9, 10.9,1014.0, 1014.3,0.0, 0.0,13.74, 11.620,43, 37,12.1, 14.1,63.8, 64.0,9.1, 10.5,336.5, 324.9,1016.1, 1016.4,-6.18,317.62,-0.02,32.4027,10.4039,395.2,41.7,1488.207, NAN, NAN, NAN, NAN,,2024/04/07 04:16:48.074,2024-04-07 04:16:48.074000+00:00
2024/04/07, 04:17:48.074,35.728,-74.934,10.33,269.51,270.64,10.11,10.9, 10.9,1014.1, 1014.3,0.0, 0.0,13.74, 11.620,43, 37,12.3, 13.9,64.4, 64.4,9.2, 10.2,335.1, 324.2,1016.2, 1016.4,-6.23,315.85,-0.02,32.4382,10.3567,398.5,41.6,1488.081, NAN, NAN, NAN, NAN,,2024/04/07 04:17:48.074,2024-04-07 04:17:48.074000+00:00
2024/04/07, 04:18:48.074,35.728,-74.937,10.37,270.35,269.45,10.11,10.8, NAN,1014.0, NAN,0.0, NAN,13.74, NAN,43, NAN,11.6, NAN,64.1, NAN,8.6, NAN,338.0, NAN,1016.1, NAN,-6.29,313.32,-0.02,32.4459,10.2578,398.8,41.8,1487.735, NAN, NAN, NAN, NAN,,2024/04/07 04:18:48.074,2024-04-07 04:18:48.074000+00:00
2024/04/07, 04:19:48.074,35.728,-74.941,10.5,270.13,267.93,10.12,10.8, NAN,1014.1, NAN,0.0, NAN,13.74, NAN,44, NAN,12.0, NAN,63.8, NAN,9.2, NAN,338.1, NAN,1016.2, NAN,-6.27,311.62,-0.02,32.4444,10.1624,395.8,41.7,1487.39, NAN, NAN, NAN, NAN,,2024/04/07 04:19:48.074,2024-04-07 04:19:48.074000+00:00
2024/04/07, 04:20:48.074,35.728,-74.944,10.44,270.72,272.17,9.99,10.8, NAN,1014.1, NAN,0.0, NAN,13.74, NAN,44, NAN,11.5, NAN,64.0, NAN,8.6, NAN,339.3, NAN,1016.2, NAN,-6.26,310.93,-0.02,32.4675,10.0951,398.8,41.3,1487.176, NAN, NAN, NAN, NAN,,2024/04/07 04:20:48.074,2024-04-07 04:20:48.074000+00:00
2024/04/07, 04:21:48.074,35.728,-74.948,10.39,270.91,267.59,9.98,10.8, NAN,1014.1, NAN,0.0, NAN,13.74, NAN,42, NAN,11.7, NAN,63.8, NAN,8.7, NAN,336.8, NAN,1016.2, NAN,-6.3,311.32,-0.02,32.4965,10.0593,390.0,41.4,1487.082, NAN, NAN, NAN, NAN,,2024/04/07 04:21:48.074,2024-04-07 04:21:48.074000+00:00
2024/04/07, 04:22:48.074,35.728,-74.951,10.42,272.63,268.02,10.08,10.8, NAN,1014.1, NAN,0.0, NAN,13.74, NAN,41, NAN,12.2, NAN,65.0, NAN,9.1, NAN,336.4, NAN,1016.2, NAN,-6.29,311.81,-0.02,32.518,10.0489,382.4,41.5,1487.071, NAN, NAN, NAN, NAN,,2024/04/07 04:22:48.074,2024-04-07 04:22:48.074000+00:00
2024/04/07, 04:23:48.074,35.728,-74.955,10.5,270.72,268.35,10.24,10.7, NAN,1014.3, NAN,0.0, NAN,13.74, NAN,41, NAN,12.1, NAN,65.1, NAN,9.0, NAN,335.1, NAN,1016.4, NAN,-6.33,312.16,-0.02,32.5271,10.0299,362.0,41.6,1487.013, NAN, NAN, NAN, NAN,,2024/04/07 04:23:48.074,2024-04-07 04:23:48.074000+00:00
2024/04/07, 04:24:48.074,35.728,-74.958,9.52,271.0,268.09,8.78,10.7, NAN,1014.1, NAN,0.0, NAN,13.74, NAN,40, NAN,11.3, NAN,65.0, NAN,8.5, NAN,331.9, NAN,1016.2, NAN,-6.27,312.86,-0.02,32.53,9.9117,351.0,41.3,1486.589, NAN, NAN, NAN, NAN,,2024/04/07 04:24:48.074,2024-04-07 04:24:48.074000+00:00
2024/04/07, 04:25:48.075,35.728,-74.96,5.34,281.92,253.9,4.86,10.6, NAN,1014.4, NAN,0.0, NAN,13.74, NAN,44, NAN,9.6, NAN,66.2, NAN,8.8, NAN,340.7, NAN,1016.5, NAN,-6.28,313.5,-0.02,32.52,9.8218,333.7,41.6,1486.251, NAN, NAN, NAN, NAN,,2024/04/07 04:25:48.075,2024-04-07 04:25:48.075000+00:00
2024/04/07, 04:26:48.075,35.728,-74.961,2.04,322.0,295.81,2.18,10.6, NAN,1014.3, NAN,0.0, NAN,13.74, NAN,16, NAN,8.7, NAN,66.4, NAN,7.8, NAN,342.6, NAN,1016.4, NAN,-6.24,315.19,-0.02,32.496,9.7533,318.4,41.8,1485.973, NAN, NAN, NAN, NAN,,2024/04/07 04:26:48.075,2024-04-07 04:26:48.075000+00:00
2024/04/07, 04:27:48.075,35.728,-74.961,0.4,323.86,86.14,0.14,10.6, NAN,1014.4, NAN,0.0, NAN,13.74, NAN,7, NAN,7.3, NAN,67.2, NAN,7.3, NAN,331.4, NAN,1016.5, NAN,-6.36,316.95,-0.02,32.4466,9.7238,310.8,41.0,1485.805, NAN, NAN, NAN, NAN,,2024/04/07 04:27:48.075,2024-04-07 04:27:48.075000+00:00
2024/04/07, 04:28:48.075,35.728,-74.962,0.22,325.63,347.16,0.15,10.6, NAN,1014.5, NAN,0.0, NAN,13.74, NAN,8, NAN,7.4, NAN,66.9, NAN,7.3, NAN,333.2, NAN,1016.6, NAN,-6.44,318.76,-0.02,32.379,9.7138,295.8,41.2,1485.686, NAN, NAN, NAN, NAN,,2024/04/07 04:28:48.075,2024-04-07 04:28:48.075000+00:00
2024/04/07, 04:29:48.075,35.728,-74.962,0.45,326.81,85.17,0.19,10.5, NAN,1014.4, NAN,0.0, NAN,13.74, NAN,3, NAN,7.1, NAN,67.6, NAN,7.1, NAN,329.1, NAN,1016.5, NAN,-6.36,319.79,-0.02,32.356,9.7093,294.8,41.3,1485.642, NAN, NAN, NAN, NAN,,2024/04/07 04:29:48.075,2024-04-07 04:29:48.075000+00:00
2024/04/07, 04:30:48.075,35.728,-74.962,0.17,325.27,151.28,0.12,10.5, NAN,1014.5, NAN,0.0, NAN,13.74, NAN,5, NAN,6.8, NAN,67.2, NAN,6.8, NAN,330.8, NAN,1016.6, NAN,-6.45,318.59,-0.02,32.3244,9.7058,293.4,41.3,1485.591, NAN, NAN, NAN, NAN,,2024/04/07 04:30:48.075,2024-04-07 04:30:48.075000+00:00
2024/04/07, 04:31:48.075,35.728,-74.962,0.2,325.73,286.89,0.16,10.5, NAN,1014.4, NAN,0.0, NAN,13.74, NAN,4, NAN,7.0, NAN,67.9, NAN,6.9, NAN,330.0, NAN,1016.5, NAN,-6.44,315.24,-0.02,32.3077,9.6984,291.3,41.0,1485.543, NAN, NAN, NAN, NAN,,2024/04/07 04:31:48.075,2024-04-07 04:31:48.075000+00:00
2024/04/07, 04:32:48.075,35.728,-74.962,0.19,325.79,267.95,0.24,10.5, NAN,1014.6, NAN,0.0, NAN,13.74, NAN,7, NAN,6.8, NAN,67.4, NAN,6.7, NAN,333.6, NAN,1016.7, NAN,-6.46,309.72,-0.03,32.2998,9.6946,289.4,41.3,1485.52, NAN, NAN, NAN, NAN,,2024/04/07 04:32:48.075,2024-04-07 04:32:48.075000+00:00
2024/04/07, 04:33:48.075,35.728,-74.962,0.16,326.39,256.13,0.34,10.5, NAN,1014.5, NAN,0.0, NAN,13.74, NAN,6, NAN,7.1, NAN,67.5, NAN,7.0, NAN,333.7, NAN,1016.6, NAN,-6.5,302.68,-0.02,32.2935,9.6973,292.8,41.5,1485.522, NAN, NAN, NAN, NAN,,2024/04/07 04:33:48.075,2024-04-07 04:33:48.075000+00:00
2024/04/07, 04:34:48.075,35.728,-74.962,0.26,326.67,345.41,0.17,10.5, NAN,1014.5, NAN,0.0, NAN,13.74, NAN,6, NAN,7.4, NAN,67.4, NAN,7.3, NAN,332.3, NAN,1016.6, NAN,-6.51,296.51,-0.02,32.2996,9.6959,292.4,41.3,1485.524, NAN, NAN, NAN, NAN,,2024/04/07 04:34:48.075,2024-04-07 04:34:48.075000+00:00
2024/04/07, 04:35:48.075,35.728,-74.962,0.28,325.62,63.56,0.25,10.5, NAN,1014.4, NAN,0.0, NAN,13.74, NAN,5, NAN,7.4, NAN,67.5, NAN,7.4, NAN,329.6, NAN,1016.5, NAN,-6.66,293.27,-0.02,32.3041,9.6911,291.5,41.2,1485.512, NAN, NAN, NAN, NAN,,2024/04/07 04:35:48.075,2024-04-07 04:35:48.075000+00:00
2024/04/07, 04:36:48.075,35.728,-74.962,0.3,325.64,352.77,0.11,10.5, NAN,1014.5, NAN,0.0, NAN,13.74, NAN,2, NAN,6.8, NAN,66.9, NAN,6.8, NAN,327.2, NAN,1016.6, NAN,-6.72,291.87,-0.02,32.296,9.6935,294.7,41.2,1485.511, NAN, NAN, NAN, NAN,,2024/04/07 04:36:48.075,2024-04-07 04:36:48.075000+00:00
2024/04/07, 04:37:48.075,35.728,-74.962,0.53,325.89,116.98,0.12,10.6, NAN,1014.4, NAN,0.0, NAN,13.74, NAN,6, NAN,7.0, NAN,67.0, NAN,7.1, NAN,331.6, NAN,1016.5, NAN,-6.76,290.93,-0.02,32.3168,9.6908,291.8,41.1,1485.527, NAN, NAN, NAN, NAN,,2024/04/07 04:37:48.075,2024-04-07 04:37:48.075000+00:00
2024/04/07, 04:38:48.075,35.728,-74.962,0.39,327.01,359.04,0.13,10.6, NAN,1014.5, NAN,0.0, NAN,13.74, NAN,6, NAN,6.5, NAN,67.8, NAN,6.4, NAN,333.2, NAN,1016.6, NAN,-6.8,290.64,-0.02,32.3027,9.69,296.4,41.4,1485.507, NAN, NAN, NAN, NAN,,2024/04/07 04:38:48.075,2024-04-07 04:38:48.075000+00:00
2024/04/07, 04:39:48.075,35.728,-74.962,0.23,326.31,238.63,0.26,10.6, NAN,1014.5, NAN,0.0, NAN,13.74, NAN,2, NAN,6.9, NAN,67.9, NAN,6.9, NAN,329.4, NAN,1016.6, NAN,-6.89,290.0,-0.02,32.299,9.6886,291.5,41.4,1485.497, NAN, NAN, NAN, NAN,,2024/04/07 04:39:48.075,2024-04-07 04:39:48.075000+00:00
2024/04/07, 04:40:48.075,35.728,-74.962,0.13,324.81,67.46,0.07,10.5, NAN,1014.5, NAN,0.0, NAN,13.74, NAN,4, NAN,7.6, NAN,68.2, NAN,7.6, NAN,328.6, NAN,1016.6, NAN,-6.93,290.11,-0.02,32.2955,9.6877,292.1,41.4,1485.49, NAN, NAN, NAN, NAN,,2024/04/07 04:40:48.075,2024-04-07 04:40:48.075000+00:00
2024/04/07, 04:41:48.076,35.728,-74.962,0.15,325.49,303.48,0.13,10.5, NAN,1014.5, NAN,0.0, NAN,13.74, NAN,4, NAN,7.4, NAN,67.9, NAN,7.4, NAN,329.9, NAN,1016.6, NAN,-6.82,289.78,-0.02,32.2923,9.6882,293.4,41.3,1485.487, NAN, NAN, NAN, NAN,,2024/04/07 04:41:48.076,2024-04-07 04:41:48.076000+00:00
2024/04/07, 04:42:48.076,35.728,-74.962,0.2,326.2,287.64,0.22,10.5, NAN,1014.4, NAN,0.0, NAN,13.74, NAN,4, NAN,7.3, NAN,68.8, NAN,7.2, NAN,330.6, NAN,1016.5, NAN,-6.91,289.78,-0.02,32.2896,9.6877,294.7,41.2,1485.482, NAN, NAN, NAN, NAN,,2024/04/07 04:42:48.076,2024-04-07 04:42:48.076000+00:00
2024/04/07, 04:43:48.076,35.728,-74.962,0.2,325.31,135.5,0.06,10.5, NAN,1014.4, NAN,0.0, NAN,13.74, NAN,5, NAN,7.0, NAN,69.1, NAN,7.0, NAN,330.2, NAN,1016.5, NAN,-6.82,289.77,-0.02,32.2991,9.6871,292.1,41.2,1485.492, NAN, NAN, NAN, NAN,,2024/04/07 04:43:48.076,2024-04-07 04:43:48.076000+00:00
2024/04/07, 04:44:48.076,35.728,-74.962,0.2,325.9,212.83,0.33,10.5, NAN,1014.4, NAN,0.0, NAN,13.74, NAN,2, NAN,7.0, NAN,69.8, NAN,7.0, NAN,329.2, NAN,1016.5, NAN,-6.91,289.78,-0.02,32.2927,9.6838,295.5,41.4,1485.472, NAN, NAN, NAN, NAN,,2024/04/07 04:44:48.076,2024-04-07 04:44:48.076000+00:00
2024/04/07, 04:45:48.076,35.728,-74.962,0.16,325.95,46.25,0.44,10.5, NAN,1014.5, NAN,0.0, NAN,13.74, NAN,3, NAN,7.1, NAN,70.2, NAN,7.1, NAN,327.1, NAN,1016.6, NAN,-6.96,289.94,-0.02,32.2982,9.6811,296.8,41.3,1485.469, NAN, NAN, NAN, NAN,,2024/04/07 04:45:48.076,2024-04-07 04:45:48.076000+00:00
2024/04/07, 04:46:48.076,35.728,-74.962,0.17,325.41,90.97,0.27,10.5, NAN,1014.5, NAN,0.0, NAN,13.74, NAN,4, NAN,6.8, NAN,70.1, NAN,6.9, NAN,328.4, NAN,1016.6, NAN,-6.82,290.02,-0.02,32.3064,9.6778,300.4,41.4,1485.467, NAN, NAN, NAN, NAN,,2024/04/07 04:46:48.076,2024-04-07 04:46:48.076000+00:00
2024/04/07, 04:47:48.076,35.728,-74.962,0.33,323.5,314.69,0.05,10.5, NAN,1014.5, NAN,0.0, NAN,13.74, NAN,4, NAN,6.8, NAN,70.0, NAN,6.8, NAN,327.3, NAN,1016.6, NAN,-6.94,289.99,-0.02,32.2949,9.6755,292.8,41.4,1485.444, NAN, NAN, NAN, NAN,,2024/04/07 04:47:48.076,2024-04-07 04:47:48.076000+00:00
2024/04/07, 04:48:48.076,35.728,-74.962,0.19,324.51,10.0,0.08,10.5, NAN,1014.5, NAN,0.0, NAN,13.74, NAN,1, NAN,6.7, NAN,70.2, NAN,6.7, NAN,325.2, NAN,1016.6, NAN,-6.93,290.08,-0.02,32.3015,9.6782,298.0,41.4,1485.462, NAN, NAN, NAN, NAN,,2024/04/07 04:48:48.076,2024-04-07 04:48:48.076000+00:00
2024/04/07, 04:49:48.076,35.728,-74.962,0.2,325.27,222.98,0.41,10.5, NAN,1014.5, NAN,0.0, NAN,13.74, NAN,2, NAN,6.9, NAN,70.6, NAN,6.9, NAN,329.0, NAN,1016.6, NAN,-6.87,289.81,-0.02,32.3065,9.6799,298.0,41.4,1485.475, NAN, NAN, NAN, NAN,,2024/04/07 04:49:48.076,2024-04-07 04:49:48.076000+00:00
2024/04/07, 04:50:48.076,35.728,-74.962,0.17,325.8,245.98,0.28,10.4, NAN,1014.5, NAN,0.0, NAN,13.74, NAN,3, NAN,6.8, NAN,70.7, NAN,6.8, NAN,330.0, NAN,1016.6, NAN,-6.84,290.11,-0.02,32.3006,9.6823,293.4,41.5,1485.476, NAN, NAN, NAN, NAN,,2024/04/07 04:50:48.076,2024-04-07 04:50:48.076000+00:00
2024/04/07, 04:51:48.076,35.728,-74.962,0.12,325.97,36.53,0.21,10.4, NAN,1014.4, NAN,0.0, NAN,13.74, NAN,3, NAN,7.0, NAN,70.8, NAN,6.9, NAN,328.3, NAN,1016.5, NAN,-6.86,289.83,-0.02,32.287,9.6793,294.7,41.4,1485.449, NAN, NAN, NAN, NAN,,2024/04/07 04:51:48.076,2024-04-07 04:51:48.076000+00:00
2024/04/07, 04:52:48.076,35.728,-74.962,0.23,325.28,33.38,0.04,10.4, NAN,1014.5, NAN,0.0, NAN,13.74, NAN,359, NAN,6.4, NAN,71.1, NAN,6.4, NAN,324.5, NAN,1016.6, NAN,-6.83,290.04,-0.03,32.2862,9.6722,301.4,41.5,1485.422, NAN, NAN, NAN, NAN,,2024/04/07 04:52:48.076,2024-04-07 04:52:48.076000+00:00
2024/04/07, 04:53:48.076,35.728,-74.962,0.21,324.87,62.13,0.32,10.4, NAN,1014.5, NAN,0.0, NAN,13.74, NAN,0, NAN,6.6, NAN,71.2, NAN,6.7, NAN,323.6, NAN,1016.6, NAN,-6.82,290.49,-0.02,32.2894,9.667,297.1,41.2,1485.407, NAN, NAN, NAN, NAN,,2024/04/07 04:53:48.076,2024-04-07 04:53:48.076000+00:00
2024/04/07, 04:54:48.076,35.728,-74.962,0.17,325.83,226.47,0.17,10.4, NAN,1014.6, NAN,0.0, NAN,13.74, NAN,3, NAN,6.3, NAN,71.9, NAN,6.3, NAN,329.6, NAN,1016.7, NAN,-6.96,290.4,-0.02,32.2948,9.664,300.8,41.3,1485.402, NAN, NAN, NAN, NAN,,2024/04/07 04:54:48.076,2024-04-07 04:54:48.076000+00:00
2024/04/07, 04:55:48.076,35.728,-74.962,0.18,325.1,95.32,0.21,10.4, NAN,1014.5, NAN,0.0, NAN,13.74, NAN,1, NAN,6.4, NAN,72.0, NAN,6.4, NAN,325.2, NAN,1016.6, NAN,-6.94,290.6,-0.02,32.2901,9.6628,296.1,41.4,1485.392, NAN, NAN, NAN, NAN,,2024/04/07 04:55:48.076,2024-04-07 04:55:48.076000+00:00
2024/04/07, 04:56:48.077,35.728,-74.962,0.32,323.86,180.21,0.2,10.4, NAN,1014.5, NAN,0.0, NAN,13.74, NAN,2, NAN,6.6, NAN,72.1, NAN,6.6, NAN,326.7, NAN,1016.6, NAN,-6.94,290.63,-0.02,32.2879,9.6631,297.1,41.8,1485.391, NAN, NAN, NAN, NAN,,2024/04/07 04:56:48.077,2024-04-07 04:56:48.077000+00:00
2024/04/07, 04:57:48.077,35.728,-74.962,0.27,324.61,3.36,0.13,10.4, NAN,1014.5, NAN,0.0, NAN,13.74, NAN,2, NAN,6.3, NAN,72.1, NAN,6.2, NAN,326.3, NAN,1016.6, NAN,-6.9,290.81,-0.02,32.2868,9.6609,300.4,41.5,1485.381, NAN, NAN, NAN, NAN,,2024/04/07 04:57:48.077,2024-04-07 04:57:48.077000+00:00
2024/04/07, 04:58:48.077,35.728,-74.962,0.28,324.69,120.43,0.08,10.4, NAN,1014.5, NAN,0.0, NAN,13.74, NAN,3, NAN,6.3, NAN,72.2, NAN,6.3, NAN,328.0, NAN,1016.6, NAN,-6.84,290.48,-0.02,32.2768,9.6617,296.4,41.5,1485.372, NAN, NAN, NAN, NAN,,2024/04/07 04:58:48.077,2024-04-07 04:58:48.077000+00:00
2024/04/07, 04:59:48.077,35.728,-74.962,0.22,326.36,200.89,0.08,10.4, NAN,1014.5, NAN,0.0, NAN,13.74, NAN,5, NAN,6.2, NAN,72.3, NAN,6.2, NAN,331.6, NAN,1016.6, NAN,-6.94,290.88,-0.02,32.2872,9.6571,298.0,41.6,1485.368, NAN, NAN, NAN, NAN,,2024/04/07 04:59:48.077,2024-04-07 04:59:48.077000+00:00
2024/04/07, 05:00:48.077,35.728,-74.962,0.06,324.44,165.86,0.18,10.4, NAN,1014.5, NAN,0.0, NAN,13.74, NAN,4, NAN,6.3, NAN,72.4, NAN,6.4, NAN,328.9, NAN,1016.6, NAN,-6.91,290.83,-0.02,32.2759,9.6552,294.4,41.9,1485.347, NAN, NAN, NAN, NAN,,2024/04/07 05:00:48.077,2024-04-07 05:00:48.077000+00:00
2024/04/07, 05:01:48.077,35.728,-74.961,-0.05,324.09,101.88,0.21,10.4, NAN,1014.5, NAN,0.0, NAN,13.74, NAN,5, NAN,6.2, NAN,72.7, NAN,6.3, NAN,328.4, NAN,1016.6, NAN,-6.95,291.01,-0.02,32.2774,9.6527,300.8,41.4,1485.34, NAN, NAN, NAN, NAN,,2024/04/07 05:01:48.077,2024-04-07 05:01:48.077000+00:00
2024/04/07, 05:02:48.077,35.728,-74.962,0.14,325.27,2.27,0.15,10.4, NAN,1014.5, NAN,0.0, NAN,13.74, NAN,359, NAN,5.8, NAN,72.5, NAN,5.8, NAN,323.6, NAN,1016.6, NAN,-6.95,291.24,-0.02,32.2728,9.6513,296.4,41.3,1485.329, NAN, NAN, NAN, NAN,,2024/04/07 05:02:48.077,2024-04-07 05:02:48.077000+00:00
2024/04/07, 05:03:48.077,35.728,-74.962,0.3,326.89,77.94,0.12,10.4, NAN,1014.5, NAN,0.0, NAN,13.74, NAN,3, NAN,6.7, NAN,72.9, NAN,6.7, NAN,329.4, NAN,1016.6, NAN,-6.87,291.53,-0.02,32.2821,9.6482,294.4,41.3,1485.329, NAN, NAN, NAN, NAN,,2024/04/07 05:03:48.077,2024-04-07 05:03:48.077000+00:00
2024/04/07, 05:04:48.077,35.728,-74.962,0.41,326.01,80.22,0.17,10.4, NAN,1014.5, NAN,0.0, NAN,13.74, NAN,1, NAN,6.1, NAN,72.8, NAN,6.1, NAN,326.2, NAN,1016.6, NAN,-7.05,291.47,-0.02,32.2855,9.6498,297.7,41.5,1485.339, NAN, NAN, NAN, NAN,,2024/04/07 05:04:48.077,2024-04-07 05:04:48.077000+00:00
2024/04/07, 05:05:48.077,35.728,-74.962,0.23,325.14,50.29,0.43,10.4, NAN,1014.5, NAN,0.0, NAN,13.74, NAN,1, NAN,6.3, NAN,73.0, NAN,6.3, NAN,324.1, NAN,1016.6, NAN,-7.08,291.81,-0.03,32.286,9.6482,296.4,41.7,1485.334, NAN, NAN, NAN, NAN,,2024/04/07 05:05:48.077,2024-04-07 05:05:48.077000+00:00
2024/04/07, 05:06:48.077,35.728,-74.962,0.21,324.48,230.14,0.25,10.4, NAN,1014.7, NAN,0.0, NAN,13.74, NAN,0, NAN,6.4, NAN,73.4, NAN,6.4, NAN,325.6, NAN,1016.8, NAN,-7.03,291.98,-0.02,32.2833,9.646,297.1,41.8,1485.323, NAN, NAN, NAN, NAN,,2024/04/07 05:06:48.077,2024-04-07 05:06:48.077000+00:00
2024/04/07, 05:07:48.077,35.728,-74.962,0.17,326.63,88.88,0.36,10.3, NAN,1014.5, NAN,0.0, NAN,13.74, NAN,1, NAN,5.7, NAN,73.1, NAN,5.8, NAN,326.0, NAN,1016.6, NAN,-6.93,291.99,-0.02,32.2917,9.6407,298.5,41.6,1485.313, NAN, NAN, NAN, NAN,,2024/04/07 05:07:48.077,2024-04-07 05:07:48.077000+00:00
2024/04/07, 05:08:48.077,35.728,-74.962,0.29,325.55,223.79,0.15,10.3, NAN,1014.6, NAN,0.0, NAN,13.74, NAN,0, NAN,6.1, NAN,73.1, NAN,6.1, NAN,326.2, NAN,1016.7, NAN,-7.0,292.28,-0.02,32.2844,9.6401,297.4,41.9,1485.302, NAN, NAN, NAN, NAN,,2024/04/07 05:08:48.077,2024-04-07 05:08:48.077000+00:00
2024/04/07, 05:09:48.077,35.728,-74.962,0.25,325.16,103.13,0.26,10.3, NAN,1014.5, NAN,0.0, NAN,13.74, NAN,358, NAN,5.9, NAN,73.8, NAN,6.0, NAN,322.5, NAN,1016.6, NAN,-7.05,292.43,-0.02,32.2782,9.6404,294.0,41.8,1485.296, NAN, NAN, NAN, NAN,,2024/04/07 05:09:48.077,2024-04-07 05:09:48.077000+00:00
2024/04/07, 05:10:48.077,35.728,-74.962,0.2,325.13,4.09,0.23,10.3, NAN,1014.7, NAN,0.0, NAN,13.74, NAN,359, NAN,5.5, NAN,74.0, NAN,5.4, NAN,323.2, NAN,1016.8, NAN,-7.18,292.44,-0.02,32.2815,9.6374,297.1,41.6,1485.289, NAN, NAN, NAN, NAN,,2024/04/07 05:10:48.077,2024-04-07 05:10:48.077000+00:00
2024/04/07, 05:11:48.078,35.728,-74.962,0.27,326.46,310.76,0.29,10.3, NAN,1014.4, NAN,0.0, NAN,13.74, NAN,359, NAN,6.0, NAN,74.3, NAN,5.9, NAN,325.1, NAN,1016.5, NAN,-7.12,292.48,-0.02,32.2672,9.6387,294.4,41.7,1485.276, NAN, NAN, NAN, NAN,,2024/04/07 05:11:48.078,2024-04-07 05:11:48.078000+00:00
2024/04/07, 05:12:48.078,35.728,-74.962,0.21,325.89,196.25,0.18,10.3, NAN,1014.4, NAN,0.0, NAN,13.74, NAN,357, NAN,6.0, NAN,74.3, NAN,6.1, NAN,323.6, NAN,1016.5, NAN,-7.14,292.69,-0.02,32.2719,9.6381,292.8,41.7,1485.28, NAN, NAN, NAN, NAN,,2024/04/07 05:12:48.078,2024-04-07 05:12:48.078000+00:00
2024/04/07, 05:13:48.078,35.728,-74.962,0.17,325.28,296.18,0.16,10.3, NAN,1014.6, NAN,0.0, NAN,13.74, NAN,356, NAN,5.6, NAN,74.4, NAN,5.5, NAN,321.8, NAN,1016.7, NAN,-7.13,292.58,-0.02,32.2674,9.6386,295.8,41.8,1485.276, NAN, NAN, NAN, NAN,,2024/04/07 05:13:48.078,2024-04-07 05:13:48.078000+00:00
2024/04/07, 05:14:48.078,35.728,-74.962,0.24,326.21,22.89,0.16,10.3, NAN,1014.5, NAN,0.0, NAN,13.74, NAN,356, NAN,5.6, NAN,74.7, NAN,5.5, NAN,322.2, NAN,1016.6, NAN,-7.17,292.72,-0.02,32.2649,9.6362,293.1,41.9,1485.264, NAN, NAN, NAN, NAN,,2024/04/07 05:14:48.078,2024-04-07 05:14:48.078000+00:00
2024/04/07, 05:15:48.078,35.728,-74.962,0.15,327.73,254.2,0.23,10.3, NAN,1014.5, NAN,0.0, NAN,13.74, NAN,355, NAN,5.9, NAN,74.3, NAN,5.8, NAN,323.3, NAN,1016.6, NAN,-7.09,292.76,-0.02,32.2698,9.6349,293.1,42.0,1485.266, NAN, NAN, NAN, NAN,,2024/04/07 05:15:48.078,2024-04-07 05:15:48.078000+00:00
2024/04/07, 05:16:48.078,35.728,-74.962,0.23,325.26,208.12,0.05,10.3, NAN,1014.5, NAN,0.0, NAN,13.74, NAN,355, NAN,5.8, NAN,74.2, NAN,5.8, NAN,320.5, NAN,1016.6, NAN,-7.19,292.8,-0.02,32.2655,9.6348,293.7,42.0,1485.26, NAN, NAN, NAN, NAN,,2024/04/07 05:16:48.078,2024-04-07 05:16:48.078000+00:00
2024/04/07, 05:17:48.078,35.728,-74.962,0.01,324.51,75.83,0.43,10.3, NAN,1014.5, NAN,0.0, NAN,13.74, NAN,350, NAN,5.8, NAN,74.5, NAN,5.9, NAN,312.9, NAN,1016.6, NAN,-7.18,292.98,-0.03,32.2623,9.6351,292.8,42.0,1485.257, NAN, NAN, NAN, NAN,,2024/04/07 05:17:48.078,2024-04-07 05:17:48.078000+00:00
2024/04/07, 05:18:48.078,35.728,-74.962,0.11,325.86,20.08,0.12,10.3, NAN,1014.5, NAN,0.0, NAN,13.74, NAN,352, NAN,5.8, NAN,74.3, NAN,5.9, NAN,317.5, NAN,1016.6, NAN,-6.99,293.21,-0.03,32.2615,9.6321,294.8,41.7,1485.245, NAN, NAN, NAN, NAN,,2024/04/07 05:18:48.078,2024-04-07 05:18:48.078000+00:00
2024/04/07, 05:19:48.078,35.728,-74.962,0.21,326.35,128.53,0.24,10.3, NAN,1014.5, NAN,0.0, NAN,13.74, NAN,354, NAN,5.7, NAN,74.4, NAN,5.8, NAN,319.6, NAN,1016.6, NAN,-7.12,293.34,-0.03,32.2651,9.6315,292.8,41.6,1485.247, NAN, NAN, NAN, NAN,,2024/04/07 05:19:48.078,2024-04-07 05:19:48.078000+00:00
2024/04/07, 05:20:48.078,35.728,-74.961,0.21,325.48,118.83,0.34,10.2, NAN,1014.5, NAN,0.0, NAN,13.74, NAN,352, NAN,5.6, NAN,74.2, NAN,5.8, NAN,317.0, NAN,1016.6, NAN,-7.02,293.87,-0.02,32.2634,9.6304,292.1,41.7,1485.241, NAN, NAN, NAN, NAN,,2024/04/07 05:20:48.078,2024-04-07 05:20:48.078000+00:00
2024/04/07, 05:21:48.078,35.728,-74.961,0.27,325.85,327.24,0.24,10.3, NAN,1014.5, NAN,0.0, NAN,13.74, NAN,351, NAN,5.7, NAN,74.2, NAN,5.6, NAN,315.9, NAN,1016.6, NAN,-7.05,295.22,-0.03,32.2654,9.6289,294.7,41.7,1485.238, NAN, NAN, NAN, NAN,,2024/04/07 05:21:48.078,2024-04-07 05:21:48.078000+00:00
2024/04/07, 05:22:48.078,35.728,-74.962,0.1,325.22,60.56,0.27,10.2, NAN,1014.5, NAN,0.0, NAN,13.74, NAN,349, NAN,5.9, NAN,73.8, NAN,6.0, NAN,313.3, NAN,1016.6, NAN,-6.95,297.06,-0.03,32.2593,9.6293,290.0,41.9,1485.232, NAN, NAN, NAN, NAN,,2024/04/07 05:22:48.078,2024-04-07 05:22:48.078000+00:00
2024/04/07, 05:23:48.078,35.728,-74.962,0.1,325.88,149.98,0.13,10.2, NAN,1014.5, NAN,0.0, NAN,13.74, NAN,351, NAN,5.6, NAN,73.6, NAN,5.7, NAN,317.1, NAN,1016.6, NAN,-6.88,299.26,-0.02,32.2598,9.6269,290.0,42.1,1485.224, NAN, NAN, NAN, NAN,,2024/04/07 05:23:48.078,2024-04-07 05:23:48.078000+00:00
2024/04/07, 05:24:48.078,35.728,-74.962,0.25,327.59,306.49,0.24,10.2, NAN,1014.7, NAN,0.0, NAN,13.74, NAN,349, NAN,5.7, NAN,74.0, NAN,5.6, NAN,316.8, NAN,1016.8, NAN,-6.76,300.61,-0.03,32.2601,9.6251,288.8,42.1,1485.218, NAN, NAN, NAN, NAN,,2024/04/07 05:24:48.078,2024-04-07 05:24:48.078000+00:00
2024/04/07, 05:25:48.078,35.728,-74.961,0.19,326.2,50.19,0.19,10.3, NAN,1014.7, NAN,0.0, NAN,13.74, NAN,345, NAN,6.0, NAN,74.0, NAN,6.0, NAN,310.3, NAN,1016.8, NAN,-6.82,301.93,-0.02,32.2576,9.6245,295.8,42.0,1485.213, NAN, NAN, NAN, NAN,,2024/04/07 05:25:48.078,2024-04-07 05:25:48.078000+00:00
2024/04/07, 05:26:48.078,35.728,-74.962,0.04,324.5,243.43,0.54,10.3, NAN,1014.8, NAN,0.0, NAN,13.74, NAN,346, NAN,5.9, NAN,74.0, NAN,6.0, NAN,313.1, NAN,1016.9, NAN,-6.73,303.23,-0.02,32.2595,9.6255,289.7,41.9,1485.219, NAN, NAN, NAN, NAN,,2024/04/07 05:26:48.078,2024-04-07 05:26:48.078000+00:00
2024/04/07, 05:27:48.079,35.728,-74.961,0.13,327.12,88.67,0.11,10.3, NAN,1014.8, NAN,0.0, NAN,13.74, NAN,348, NAN,6.1, NAN,74.1, NAN,6.1, NAN,314.8, NAN,1016.9, NAN,-6.63,304.25,-0.02,32.2637,9.6248,290.4,41.6,1485.221, NAN, NAN, NAN, NAN,,2024/04/07 05:27:48.079,2024-04-07 05:27:48.079000+00:00
2024/04/07, 05:28:48.079,35.728,-74.962,0.17,327.38,223.44,0.05,10.3, NAN,1014.7, NAN,0.0, NAN,13.74, NAN,348, NAN,6.3, NAN,74.0, NAN,6.3, NAN,315.4, NAN,1016.8, NAN,-6.67,305.43,-0.02,32.2616,9.6239,290.7,42.0,1485.215, NAN, NAN, NAN, NAN,,2024/04/07 05:28:48.079,2024-04-07 05:28:48.079000+00:00
2024/04/07, 05:29:48.079,35.728,-74.962,0.01,326.41,312.3,0.13,10.3, NAN,1014.8, NAN,0.0, NAN,13.74, NAN,346, NAN,6.1, NAN,74.4, NAN,6.0, NAN,312.2, NAN,1016.9, NAN,-6.62,306.43,-0.02,32.2618,9.6223,292.8,41.8,1485.21, NAN, NAN, NAN, NAN,,2024/04/07 05:29:48.079,2024-04-07 05:29:48.079000+00:00
2024/04/07, 05:30:48.079,35.728,-74.962,0.23,326.4,342.67,0.3,10.3, NAN,1014.7, NAN,0.0, NAN,13.74, NAN,345, NAN,6.4, NAN,74.4, NAN,6.3, NAN,311.9, NAN,1016.8, NAN,-6.51,307.77,-0.02,32.2603,9.6227,291.0,41.6,1485.209, NAN, NAN, NAN, NAN,,2024/04/07 05:30:48.079,2024-04-07 05:30:48.079000+00:00
2024/04/07, 05:31:48.079,35.728,-74.962,0.34,325.32,313.71,0.1,10.2, NAN,1014.7, NAN,0.0, NAN,13.74, NAN,345, NAN,5.8, NAN,74.1, NAN,5.8, NAN,310.6, NAN,1016.8, NAN,-6.51,309.09,-0.02,32.2619,9.6207,292.1,41.4,1485.204, NAN, NAN, NAN, NAN,,2024/04/07 05:31:48.079,2024-04-07 05:31:48.079000+00:00
2024/04/07, 05:32:48.079,35.728,-74.962,0.27,327.57,280.51,0.11,10.2, NAN,1014.8, NAN,0.0, NAN,13.74, NAN,344, NAN,5.9, NAN,74.3, NAN,5.9, NAN,312.1, NAN,1016.9, NAN,-6.5,310.56,-0.02,32.2552,9.6202,291.3,41.5,1485.194, NAN, NAN, NAN, NAN,,2024/04/07 05:32:48.079,2024-04-07 05:32:48.079000+00:00
2024/04/07, 05:33:48.079,35.728,-74.962,0.06,325.84,207.6,0.4,10.2, NAN,1014.7, NAN,0.0, NAN,13.74, NAN,343, NAN,6.5, NAN,74.3, NAN,6.6, NAN,310.5, NAN,1016.8, NAN,-6.36,312.66,-0.02,32.2577,9.6212,289.4,41.7,1485.201, NAN, NAN, NAN, NAN,,2024/04/07 05:33:48.079,2024-04-07 05:33:48.079000+00:00
2024/04/07, 05:34:48.079,35.728,-74.962,0.24,326.53,251.66,0.34,10.2, NAN,1014.8, NAN,0.0, NAN,13.74, NAN,345, NAN,6.6, NAN,73.8, NAN,6.5, NAN,312.6, NAN,1016.9, NAN,-6.43,314.12,-0.02,32.2608,9.6203,284.0,41.9,1485.201, NAN, NAN, NAN, NAN,,2024/04/07 05:34:48.079,2024-04-07 05:34:48.079000+00:00
2024/04/07, 05:35:48.079,35.728,-74.962,0.12,325.95,109.57,0.19,10.2, NAN,1014.7, NAN,0.0, NAN,13.74, NAN,343, NAN,6.2, NAN,74.5, NAN,6.1, NAN,309.5, NAN,1016.8, NAN,-6.39,315.39,-0.02,32.259,9.6182,285.7,41.8,1485.191, NAN, NAN, NAN, NAN,,2024/04/07 05:35:48.079,2024-04-07 05:35:48.079000+00:00
2024/04/07, 05:36:48.079,35.728,-74.962,0.06,327.19,160.0,0.17,10.2, NAN,1014.7, NAN,0.0, NAN,13.74, NAN,344, NAN,6.2, NAN,74.6, NAN,6.2, NAN,312.0, NAN,1016.8, NAN,-6.46,316.29,-0.02,32.2609,9.6183,285.7,41.6,1485.194, NAN, NAN, NAN, NAN,,2024/04/07 05:36:48.079,2024-04-07 05:36:48.079000+00:00
2024/04/07, 05:37:48.079,35.728,-74.962,0.07,326.63,91.25,0.06,10.2, NAN,1014.5, NAN,0.0, NAN,13.74, NAN,344, NAN,6.0, NAN,74.6, NAN,6.0, NAN,310.5, NAN,1016.6, NAN,-6.36,316.93,-0.02,32.2585,9.62,289.7,41.6,1485.197, NAN, NAN, NAN, NAN,,2024/04/07 05:37:48.079,2024-04-07 05:37:48.079000+00:00
2024/04/07, 05:38:48.079,35.728,-74.961,0.46,326.75,31.03,0.37,10.2, NAN,1014.7, NAN,0.0, NAN,13.74, NAN,345, NAN,6.2, NAN,74.7, NAN,6.1, NAN,310.4, NAN,1016.8, NAN,-6.35,317.56,-0.02,32.2638,9.6189,286.7,41.4,1485.2, NAN, NAN, NAN, NAN,,2024/04/07 05:38:48.079,2024-04-07 05:38:48.079000+00:00
2024/04/07, 05:39:48.079,35.728,-74.962,0.05,326.2,105.43,0.03,10.2, NAN,1014.7, NAN,0.0, NAN,13.74, NAN,347, NAN,6.0, NAN,74.7, NAN,6.0, NAN,313.3, NAN,1016.8, NAN,-6.37,318.18,-0.02,32.2631,9.6203,287.0,41.7,1485.204, NAN, NAN, NAN, NAN,,2024/04/07 05:39:48.079,2024-04-07 05:39:48.079000+00:00
2024/04/07, 05:40:48.079,35.728,-74.962,0.0,325.67,44.64,0.1,10.2, NAN,1014.8, NAN,0.0, NAN,13.74, NAN,348, NAN,6.0, NAN,74.4, NAN,6.0, NAN,313.8, NAN,1016.9, NAN,-6.38,318.22,-0.02,32.2587,9.619,287.3,41.9,1485.194, NAN, NAN, NAN, NAN,,2024/04/07 05:40:48.079,2024-04-07 05:40:48.079000+00:00
2024/04/07, 05:41:48.079,35.728,-74.961,-0.02,325.96,251.48,0.09,10.2, NAN,1014.7, NAN,0.0, NAN,13.74, NAN,349, NAN,6.2, NAN,74.3, NAN,6.2, NAN,315.1, NAN,1016.8, NAN,-6.36,318.0,-0.02,32.2586,9.6165,284.9,41.6,1485.185, NAN, NAN, NAN, NAN,,2024/04/07 05:41:48.079,2024-04-07 05:41:48.079000+00:00
2024/04/07, 05:42:48.080,35.728,-74.961,0.19,325.08,74.83,0.32,10.2, NAN,1014.7, NAN,0.0, NAN,13.74, NAN,345, NAN,5.9, NAN,74.0, NAN,6.0, NAN,309.0, NAN,1016.8, NAN,-6.31,317.5,-0.02,32.2563,9.6158,287.3,41.9,1485.179, NAN, NAN, NAN, NAN,,2024/04/07 05:42:48.080,2024-04-07 05:42:48.080000+00:00
2024/04/07, 05:43:48.080,35.728,-74.961,0.47,324.77,171.55,0.43,10.2, NAN,1014.8, NAN,0.0, NAN,13.74, NAN,348, NAN,6.3, NAN,74.4, NAN,6.5, NAN,314.1, NAN,1016.9, NAN,-6.38,317.45,-0.02,32.2629,9.6123,286.4,41.7,1485.175, NAN, NAN, NAN, NAN,,2024/04/07 05:43:48.080,2024-04-07 05:43:48.080000+00:00
2024/04/07, 05:44:48.080,35.728,-74.961,0.63,325.66,56.02,0.18,10.2, NAN,1014.7, NAN,0.0, NAN,13.74, NAN,343, NAN,6.7, NAN,73.9, NAN,6.7, NAN,307.9, NAN,1016.8, NAN,-6.36,318.24,-0.02,32.2589,9.6099,283.6,41.9,1485.161, NAN, NAN, NAN, NAN,,2024/04/07 05:44:48.080,2024-04-07 05:44:48.080000+00:00
2024/04/07, 05:45:48.080,35.728,-74.962,0.22,325.83,117.63,0.38,10.2, NAN,1014.7, NAN,0.0, NAN,13.74, NAN,344, NAN,6.2, NAN,73.7, NAN,6.4, NAN,309.4, NAN,1016.8, NAN,-6.26,319.83,-0.02,32.2561,9.6103,289.1,42.0,1485.159, NAN, NAN, NAN, NAN,,2024/04/07 05:45:48.080,2024-04-07 05:45:48.080000+00:00
2024/04/07, 05:46:48.080,35.728,-74.962,0.42,325.99,266.84,0.27,10.2, NAN,1014.7, NAN,0.0, NAN,13.74, NAN,348, NAN,6.1, NAN,74.1, NAN,6.0, NAN,314.5, NAN,1016.8, NAN,-6.32,320.94,-0.02,32.2662,9.6078,287.6,41.4,1485.162, NAN, NAN, NAN, NAN,,2024/04/07 05:46:48.080,2024-04-07 05:46:48.080000+00:00
2024/04/07, 05:47:48.080,35.728,-74.962,-0.03,326.48,55.44,0.11,10.2, NAN,1014.5, NAN,0.0, NAN,13.74, NAN,345, NAN,6.6, NAN,73.8, NAN,6.7, NAN,311.3, NAN,1016.6, NAN,-6.26,321.22,-0.02,32.2537,9.6092,285.7,41.9,1485.152, NAN, NAN, NAN, NAN,,2024/04/07 05:47:48.080,2024-04-07 05:47:48.080000+00:00
2024/04/07, 05:48:48.080,35.728,-74.962,0.13,326.25,137.9,0.24,10.2, NAN,1014.5, NAN,0.0, NAN,13.74, NAN,346, NAN,5.9, NAN,73.8, NAN,5.9, NAN,313.4, NAN,1016.6, NAN,-6.31,320.28,-0.02,32.2577,9.6122,286.0,41.9,1485.168, NAN, NAN, NAN, NAN,,2024/04/07 05:48:48.080,2024-04-07 05:48:48.080000+00:00
2024/04/07, 05:49:48.080,35.728,-74.962,0.0,325.53,46.58,0.53,10.2, NAN,1014.7, NAN,0.0, NAN,13.74, NAN,348, NAN,6.4, NAN,73.8, NAN,6.5, NAN,311.2, NAN,1016.8, NAN,-6.32,319.11,-0.02,32.2569,9.6136,285.1,42.1,1485.172, NAN, NAN, NAN, NAN,,2024/04/07 05:49:48.080,2024-04-07 05:49:48.080000+00:00
2024/04/07, 05:50:48.080,35.728,-74.961,0.05,328.34,160.14,0.13,10.2, NAN,1014.5, NAN,0.0, NAN,13.74, NAN,344, NAN,6.3, NAN,73.4, NAN,6.3, NAN,311.8, NAN,1016.6, NAN,-6.28,318.54,-0.02,32.2543,9.6127,282.4,42.2,1485.166, NAN, NAN, NAN, NAN,,2024/04/07 05:50:48.080,2024-04-07 05:50:48.080000+00:00
2024/04/07, 05:51:48.080,35.728,-74.961,0.32,4.21,54.48,0.79,10.2, NAN,1014.5, NAN,0.0, NAN,13.74, NAN,317, NAN,6.0, NAN,73.4, NAN,6.0, NAN,317.3, NAN,1016.6, NAN,-6.33,318.52,-0.02,32.2546,9.6148,284.6,42.1,1485.174, NAN, NAN, NAN, NAN,,2024/04/07 05:51:48.080,2024-04-07 05:51:48.080000+00:00
2024/04/07, 05:52:48.080,35.728,-74.961,1.47,67.59,68.31,1.94,10.2, NAN,1014.7, NAN,0.0, NAN,13.74, NAN,256, NAN,5.5, NAN,73.7, NAN,5.9, NAN,314.5, NAN,1016.8, NAN,-6.33,318.45,-0.02,32.2593,9.6114,284.3,41.7,1485.167, NAN, NAN, NAN, NAN,,2024/04/07 05:52:48.080,2024-04-07 05:52:48.080000+00:00
2024/04/07, 05:53:48.080,35.728,-74.96,3.2,86.67,101.32,3.7,10.2, NAN,1014.7, NAN,0.0, NAN,13.74, NAN,228, NAN,5.2, NAN,74.2, NAN,6.8, NAN,304.6, NAN,1016.8, NAN,-6.3,318.07,-0.02,32.2543,9.6083,283.6,42.0,1485.15, NAN, NAN, NAN, NAN,,2024/04/07 05:53:48.080,2024-04-07 05:53:48.080000+00:00
2024/04/07, 05:54:48.080,35.728,-74.958,5.12,80.37,86.57,5.49,10.2, NAN,1014.7, NAN,0.0, NAN,13.74, NAN,249, NAN,4.8, NAN,74.2, NAN,6.5, NAN,306.5, NAN,1016.8, NAN,-6.45,317.81,-0.02,32.2538,9.6055,283.3,42.0,1485.139, NAN, NAN, NAN, NAN,,2024/04/07 05:54:48.080,2024-04-07 05:54:48.080000+00:00
2024/04/07, 05:55:48.080,35.728,-74.956,6.26,81.93,86.58,6.46,10.2, NAN,1014.5, NAN,0.0, NAN,13.74, NAN,244, NAN,4.5, NAN,74.3, NAN,6.9, NAN,302.3, NAN,1016.6, NAN,-6.52,316.11,-0.02,32.254,9.6028,284.0,42.0,1485.129, NAN, NAN, NAN, NAN,,2024/04/07 05:55:48.080,2024-04-07 05:55:48.080000+00:00
2024/04/07, 05:56:48.080,35.729,-74.954,6.8,83.25,87.59,6.83,10.2, NAN,1014.7, NAN,0.0, NAN,13.74, NAN,255, NAN,4.2, NAN,74.0, NAN,6.4, NAN,307.2, NAN,1016.8, NAN,-6.59,313.51,-0.02,32.2548,9.6046,287.6,42.1,1485.137, NAN, NAN, NAN, NAN,,2024/04/07 05:56:48.080,2024-04-07 05:56:48.080000+00:00
2024/04/07, 05:57:48.081,35.729,-74.952,7.03,84.19,86.45,7.22,10.2, NAN,1014.7, NAN,0.0, NAN,13.74, NAN,253, NAN,4.1, NAN,74.5, NAN,6.4, NAN,304.4, NAN,1016.8, NAN,-6.78,309.67,-0.02,32.2616,9.6059,284.0,41.9,1485.15, NAN, NAN, NAN, NAN,,2024/04/07 05:57:48.081,2024-04-07 05:57:48.081000+00:00
2024/04/07, 05:58:48.081,35.729,-74.949,6.96,84.65,86.91,7.21,10.2, NAN,1014.6, NAN,0.0, NAN,13.74, NAN,255, NAN,4.2, NAN,74.6, NAN,6.3, NAN,305.6, NAN,1016.7, NAN,-6.88,305.32,-0.03,32.2599,9.6093,291.3,42.1,1485.16, NAN, NAN, NAN, NAN,,2024/04/07 05:58:48.081,2024-04-07 05:58:48.081000+00:00
2024/04/07, 05:59:48.081,35.729,-74.947,6.93,84.72,84.16,6.91,10.2, NAN,1014.7, NAN,0.0, NAN,13.74, NAN,246, NAN,4.1, NAN,74.4, NAN,6.5, NAN,301.6, NAN,1016.8, NAN,-7.18,301.57,-0.02,32.2682,9.6199,292.1,42.0,1485.209, NAN, NAN, NAN, NAN,,2024/04/07 05:59:48.081,2024-04-07 05:59:48.081000+00:00
2024/04/07, 06:00:48.081,35.729,-74.944,6.85,84.64,93.63,7.08,10.2, NAN,1014.8, NAN,0.0, NAN,13.74, NAN,248, NAN,3.9, NAN,74.5, NAN,6.5, NAN,302.8, NAN,1016.9, NAN,-7.3,298.53,-0.02,32.2803,9.6324,294.7,42.1,1485.269, NAN, NAN, NAN, NAN,,2024/04/07 06:00:48.081,2024-04-07 06:00:48.081000+00:00
2024/04/07, 06:01:48.081,35.729,-74.942,6.68,85.07,89.49,6.66,10.2, NAN,1014.7, NAN,0.0, NAN,13.74, NAN,242, NAN,3.7, NAN,74.5, NAN,6.2, NAN,299.3, NAN,1016.8, NAN,-7.36,296.77,-0.02,32.299,9.658,292.4,42.1,1485.385, NAN, NAN, NAN, NAN,,2024/04/07 06:01:48.081,2024-04-07 06:01:48.081000+00:00
2024/04/07, 06:02:48.081,35.729,-74.94,5.73,84.32,94.07,5.86,10.2, NAN,1014.8, NAN,0.0, NAN,13.74, NAN,233, NAN,3.8, NAN,74.5, NAN,6.3, NAN,297.3, NAN,1016.9, NAN,-7.42,295.21,-0.01,32.3212,9.7306,294.4,42.2,1485.677, NAN, NAN, NAN, NAN,,2024/04/07 06:02:48.081,2024-04-07 06:02:48.081000+00:00
2024/04/07, 06:03:48.081,35.729,-74.938,5.17,85.28,90.91,5.34,10.2, NAN,1014.7, NAN,0.0, NAN,13.74, NAN,230, NAN,4.3, NAN,74.5, NAN,6.5, NAN,297.9, NAN,1016.8, NAN,-7.35,294.46,-0.02,32.3442,9.8132,291.8,42.1,1486.006, NAN, NAN, NAN, NAN,,2024/04/07 06:03:48.081,2024-04-07 06:03:48.081000+00:00
2024/04/07, 06:04:48.081,35.729,-74.936,4.88,85.09,88.24,5.34,10.2, NAN,1014.7, NAN,0.0, NAN,13.74, NAN,229, NAN,4.6, NAN,74.4, NAN,6.9, NAN,298.1, NAN,1016.8, NAN,-7.31,293.95,-0.02,32.3785,9.867,297.4,42.3,1486.243, NAN, NAN, NAN, NAN,,2024/04/07 06:04:48.081,2024-04-07 06:04:48.081000+00:00
2024/04/07, 06:05:48.081,35.729,-74.934,5.4,84.91,82.58,5.66,10.2, NAN,1014.5, NAN,0.0, NAN,13.74, NAN,233, NAN,4.4, NAN,73.7, NAN,6.6, NAN,298.1, NAN,1016.6, NAN,-7.3,293.33,-0.02,32.4201,9.8947,298.2,42.3,1486.394, NAN, NAN, NAN, NAN,,2024/04/07 06:05:48.081,2024-04-07 06:05:48.081000+00:00
2024/04/07, 06:06:48.081,35.729,-74.932,5.63,84.69,86.37,5.76,10.2, NAN,1014.7, NAN,0.0, NAN,13.74, NAN,238, NAN,4.4, NAN,73.8, NAN,6.6, NAN,301.2, NAN,1016.8, NAN,-7.28,292.96,-0.02,32.4533,9.9084,307.5,42.3,1486.484, NAN, NAN, NAN, NAN,,2024/04/07 06:06:48.081,2024-04-07 06:06:48.081000+00:00
2024/04/07, 06:07:48.081,35.729,-74.93,5.83,85.16,87.12,5.88,10.2, NAN,1014.7, NAN,0.0, NAN,13.74, NAN,234, NAN,4.6, NAN,74.0, NAN,6.9, NAN,299.2, NAN,1016.8, NAN,-7.28,292.71,-0.02,32.4816,9.912,316.6,41.9,1486.531, NAN, NAN, NAN, NAN,,2024/04/07 06:07:48.081,2024-04-07 06:07:48.081000+00:00
2024/04/07, 06:08:48.081,35.729,-74.928,5.86,85.14,90.63,6.09,10.2, NAN,1014.5, NAN,0.0, NAN,13.74, NAN,230, NAN,4.2, NAN,73.5, NAN,6.8, NAN,296.3, NAN,1016.6, NAN,-7.24,292.38,-0.02,32.5001,9.9133,320.6,42.1,1486.558, NAN, NAN, NAN, NAN,,2024/04/07 06:08:48.081,2024-04-07 06:08:48.081000+00:00
2024/04/07, 06:09:48.081,35.729,-74.926,5.86,86.31,87.43,5.95,10.2, NAN,1014.7, NAN,0.0, NAN,13.74, NAN,233, NAN,4.1, NAN,73.6, NAN,6.5, NAN,298.1, NAN,1016.8, NAN,-7.22,292.39,-0.02,32.5129,9.9191,331.5,42.0,1486.595, NAN, NAN, NAN, NAN,,2024/04/07 06:09:48.081,2024-04-07 06:09:48.081000+00:00
2024/04/07, 06:10:48.081,35.729,-74.924,6.11,84.89,87.74,5.82,10.2, NAN,1014.5, NAN,0.0, NAN,13.74, NAN,235, NAN,4.3, NAN,73.7, NAN,6.6, NAN,299.5, NAN,1016.6, NAN,-7.25,292.23,-0.02,32.5267,10.0064,337.9,41.6,1486.928, NAN, NAN, NAN, NAN,,2024/04/07 06:10:48.081,2024-04-07 06:10:48.081000+00:00
2024/04/07, 06:11:48.081,35.729,-74.922,5.66,86.69,83.91,5.51,10.2, NAN,1014.5, NAN,0.0, NAN,13.74, NAN,232, NAN,4.6, NAN,73.5, NAN,6.7, NAN,298.6, NAN,1016.6, NAN,-7.3,292.54,-0.02,32.5343,10.364,349.6,42.0,1488.223, NAN, NAN, NAN, NAN,,2024/04/07 06:11:48.081,2024-04-07 06:11:48.081000+00:00
2024/04/07, 06:12:48.081,35.729,-74.921,5.47,87.19,86.71,5.23,10.2, NAN,1014.9, NAN,0.0, NAN,13.74, NAN,234, NAN,5.3, NAN,73.8, NAN,7.2, NAN,304.0, NAN,1017.0, NAN,-7.2,292.57,-0.02,32.5466,10.6041,364.1,42.1,1489.095, NAN, NAN, NAN, NAN,,2024/04/07 06:12:48.081,2024-04-07 06:12:48.081000+00:00
2024/04/07, 06:13:48.082,35.729,-74.919,5.44,88.17,87.18,5.57,10.2, NAN,1014.5, NAN,0.0, NAN,13.74, NAN,237, NAN,5.1, NAN,73.3, NAN,7.0, NAN,304.7, NAN,1016.6, NAN,-7.26,292.82,-0.02,32.5198,10.8126,367.5,42.1,1489.803, NAN, NAN, NAN, NAN,,2024/04/07 06:13:48.082,2024-04-07 06:13:48.082000+00:00
2024/04/07, 06:14:48.082,35.729,-74.917,5.67,88.0,93.85,5.53,10.2, NAN,1014.6, NAN,0.0, NAN,13.74, NAN,238, NAN,4.7, NAN,73.5, NAN,6.7, NAN,305.0, NAN,1016.7, NAN,-7.18,292.8,-0.02,32.4355,11.05,367.8,42.3,1490.54, NAN, NAN, NAN, NAN,,2024/04/07 06:14:48.082,2024-04-07 06:14:48.082000+00:00
2024/04/07, 06:15:48.082,35.729,-74.915,5.42,88.96,90.01,5.36,10.3, NAN,1014.5, NAN,0.0, NAN,13.74, NAN,238, NAN,5.1, NAN,74.1, NAN,7.0, NAN,307.4, NAN,1016.6, NAN,-7.1,293.21,-0.02,32.3661,11.2052,364.4,42.4,1491.002, NAN, NAN, NAN, NAN,,2024/04/07 06:15:48.082,2024-04-07 06:15:48.082000+00:00
2024/04/07, 06:16:48.082,35.729,-74.913,5.37,90.29,86.49,5.64,10.3, NAN,1014.6, NAN,0.0, NAN,13.74, NAN,240, NAN,5.1, NAN,73.4, NAN,7.0, NAN,308.8, NAN,1016.7, NAN,-7.01,293.4,-0.02,32.3061,11.3296,346.8,42.3,1491.366, NAN, NAN, NAN, NAN,,2024/04/07 06:16:48.082,2024-04-07 06:16:48.082000+00:00
2024/04/07, 06:17:48.082,35.729,-74.911,5.44,91.38,92.42,5.63,10.3, NAN,1014.5, NAN,0.0, NAN,13.74, NAN,237, NAN,5.3, NAN,73.4, NAN,7.3, NAN,309.4, NAN,1016.6, NAN,-6.9,293.3,-0.02,32.2267,11.405,335.2,42.4,1491.534, NAN, NAN, NAN, NAN,,2024/04/07 06:17:48.082,2024-04-07 06:17:48.082000+00:00
2024/04/07, 06:18:48.082,35.729,-74.909,5.46,90.9,95.63,5.68,10.3, NAN,1014.7, NAN,0.0, NAN,13.74, NAN,237, NAN,5.0, NAN,72.5, NAN,7.0, NAN,307.0, NAN,1016.8, NAN,-6.85,294.11,-0.02,32.166,11.4439,325.7,42.5,1491.597, NAN, NAN, NAN, NAN,,2024/04/07 06:18:48.082,2024-04-07 06:18:48.082000+00:00
2024/04/07, 06:19:48.082,35.729,-74.907,5.4,91.13,90.27,5.6,10.4, NAN,1014.5, NAN,0.0, NAN,13.74, NAN,239, NAN,5.8, NAN,73.5, NAN,7.7, NAN,311.5, NAN,1016.6, NAN,-6.93,293.74,-0.02,32.127,11.4779,320.6,42.1,1491.668, NAN, NAN, NAN, NAN,,2024/04/07 06:19:48.082,2024-04-07 06:19:48.082000+00:00
2024/04/07, 06:20:48.082,35.729,-74.905,5.31,90.89,86.56,5.55,10.4, NAN,1014.5, NAN,0.0, NAN,13.74, NAN,237, NAN,5.3, NAN,71.7, NAN,7.2, NAN,307.8, NAN,1016.6, NAN,-6.88,293.89,-0.02,32.1075,11.4993,316.9,40.2,1491.72, NAN, NAN, NAN, NAN,,2024/04/07 06:20:48.082,2024-04-07 06:20:48.082000+00:00
2024/04/07, 06:21:48.082,35.729,-74.904,5.41,90.67,92.3,5.67,10.4, NAN,1014.7, NAN,0.0, NAN,13.74, NAN,236, NAN,5.3, NAN,72.8, NAN,7.4, NAN,307.7, NAN,1016.8, NAN,-6.72,294.32,-0.02,32.0953,11.5203,320.0,41.0,1491.778, NAN, NAN, NAN, NAN,,2024/04/07 06:21:48.082,2024-04-07 06:21:48.082000+00:00
2024/04/07, 06:22:48.082,35.729,-74.902,5.51,92.13,91.69,5.65,10.4, NAN,1014.6, NAN,0.0, NAN,13.74, NAN,236, NAN,5.3, NAN,72.8, NAN,7.3, NAN,308.3, NAN,1016.7, NAN,-6.81,294.03,-0.02,32.0928,11.5324,319.0,41.1,1491.817, NAN, NAN, NAN, NAN,,2024/04/07 06:22:48.082,2024-04-07 06:22:48.082000+00:00
2024/04/07, 06:23:48.082,35.729,-74.9,5.45,90.47,87.8,5.68,10.5, NAN,1014.4, NAN,0.0, NAN,13.74, NAN,240, NAN,5.6, NAN,72.2, NAN,7.5, NAN,310.7, NAN,1016.5, NAN,-6.84,294.37,-0.02,32.0938,11.5301,318.4,41.0,1491.811, NAN, NAN, NAN, NAN,,2024/04/07 06:23:48.082,2024-04-07 06:23:48.082000+00:00
2024/04/07, 06:24:48.082,35.729,-74.898,5.43,91.85,85.6,5.65,10.4, NAN,1014.7, NAN,0.0, NAN,13.74, NAN,240, NAN,5.2, NAN,71.3, NAN,7.1, NAN,310.8, NAN,1016.8, NAN,-6.76,294.95,-0.02,32.0982,11.5314,318.4,41.1,1491.82, NAN, NAN, NAN, NAN,,2024/04/07 06:24:48.082,2024-04-07 06:24:48.082000+00:00
2024/04/07, 06:25:48.082,35.729,-74.896,5.5,91.6,93.42,5.6,10.5, NAN,1014.7, NAN,0.0, NAN,13.74, NAN,233, NAN,5.1, NAN,71.6, NAN,7.2, NAN,305.8, NAN,1016.8, NAN,-6.77,295.19,-0.02,32.1053,11.5524,320.0,41.2,1491.902, NAN, NAN, NAN, NAN,,2024/04/07 06:25:48.082,2024-04-07 06:25:48.082000+00:00
2024/04/07, 06:26:48.082,35.729,-74.894,5.52,90.98,100.39,5.73,10.5, NAN,1014.7, NAN,0.0, NAN,13.74, NAN,228, NAN,4.8, NAN,71.4, NAN,7.2, NAN,302.7, NAN,1016.8, NAN,-6.7,294.37,-0.02,32.0961,11.5556,320.3,41.6,1491.902, NAN, NAN, NAN, NAN,,2024/04/07 06:26:48.082,2024-04-07 06:26:48.082000+00:00
2024/04/07, 06:27:48.082,35.729,-74.892,5.49,91.05,84.56,5.58,10.5, NAN,1014.5, NAN,0.0, NAN,13.74, NAN,236, NAN,5.1, NAN,70.9, NAN,7.1, NAN,307.5, NAN,1016.6, NAN,-6.79,294.59,-0.02,32.1082,11.5556,323.0,42.1,1491.917, NAN, NAN, NAN, NAN,,2024/04/07 06:27:48.082,2024-04-07 06:27:48.082000+00:00
2024/04/07, 06:28:48.082,35.729,-74.89,5.51,90.81,90.07,5.78,10.5, NAN,1014.5, NAN,0.0, NAN,13.74, NAN,238, NAN,5.1, NAN,70.8, NAN,7.2, NAN,308.4, NAN,1016.6, NAN,-6.81,294.73,-0.02,32.116,11.5555,327.0,42.1,1491.926, NAN, NAN, NAN, NAN,,2024/04/07 06:28:48.082,2024-04-07 06:28:48.082000+00:00
2024/04/07, 06:29:48.083,35.729,-74.888,5.44,90.59,94.62,5.79,10.6, NAN,1014.5, NAN,0.0, NAN,13.74, NAN,231, NAN,5.9, NAN,71.9, NAN,8.2, NAN,306.2, NAN,1016.6, NAN,-6.85,294.34,-0.01,32.1181,11.5593,323.6,41.9,1491.941, NAN, NAN, NAN, NAN,,2024/04/07 06:29:48.083,2024-04-07 06:29:48.083000+00:00
2024/04/07, 06:30:48.083,35.729,-74.886,5.54,91.9,99.37,5.84,10.6, NAN,1014.5, NAN,0.0, NAN,13.74, NAN,231, NAN,5.1, NAN,70.3, NAN,7.4, NAN,305.0, NAN,1016.6, NAN,-6.9,293.86,-0.02,32.1115,11.5685,318.7,41.9,1491.965, NAN, NAN, NAN, NAN,,2024/04/07 06:30:48.083,2024-04-07 06:30:48.083000+00:00
2024/04/07, 06:31:48.083,35.728,-74.884,5.55,91.7,98.58,5.86,10.6, NAN,1014.5, NAN,0.0, NAN,13.74, NAN,227, NAN,5.5, NAN,70.3, NAN,8.0, NAN,303.5, NAN,1016.6, NAN,-6.79,293.81,-0.02,32.1059,11.5768,321.4,42.1,1491.988, NAN, NAN, NAN, NAN,,2024/04/07 06:31:48.083,2024-04-07 06:31:48.083000+00:00
2024/04/07, 06:32:48.083,35.728,-74.882,5.48,90.45,97.91,5.99,10.6, NAN,1014.4, NAN,0.0, NAN,13.74, NAN,230, NAN,4.5, NAN,69.1, NAN,7.1, NAN,303.1, NAN,1016.5, NAN,-6.81,294.77,-0.02,32.0997,11.5982,319.3,42.3,1492.055, NAN, NAN, NAN, NAN,,2024/04/07 06:32:48.083,2024-04-07 06:32:48.083000+00:00
2024/04/07, 06:33:48.083,35.728,-74.88,5.66,91.29,94.4,5.99,10.7, NAN,1014.4, NAN,0.0, NAN,13.74, NAN,227, NAN,5.1, NAN,70.5, NAN,7.6, NAN,301.5, NAN,1016.5, NAN,-6.77,294.33,-0.02,32.096,11.6257,316.6,42.0,1492.146, NAN, NAN, NAN, NAN,,2024/04/07 06:33:48.083,2024-04-07 06:33:48.083000+00:00
2024/04/07, 06:34:48.083,35.728,-74.878,5.66,91.33,95.63,6.09,10.7, NAN,1014.4, NAN,0.0, NAN,13.74, NAN,226, NAN,5.3, NAN,68.3, NAN,7.8, NAN,300.9, NAN,1016.5, NAN,-6.86,294.08,-0.02,32.0937,11.6492,322.0,42.1,1492.225, NAN, NAN, NAN, NAN,,2024/04/07 06:34:48.083,2024-04-07 06:34:48.083000+00:00
2024/04/07, 06:35:48.083,35.728,-74.876,5.73,91.54,89.67,6.04,10.7, NAN,1014.5, NAN,0.0, NAN,13.74, NAN,229, NAN,5.3, NAN,68.5, NAN,7.7, NAN,303.4, NAN,1016.6, NAN,-6.82,294.14,-0.01,32.098,11.6746,318.7,40.9,1492.318, NAN, NAN, NAN, NAN,,2024/04/07 06:35:48.083,2024-04-07 06:35:48.083000+00:00
2024/04/07, 06:36:48.083,35.728,-74.874,5.52,77.87,89.62,5.3,10.8, NAN,1014.5, NAN,0.0, NAN,13.74, NAN,229, NAN,6.4, NAN,67.3, NAN,8.7, NAN,295.6, NAN,1016.6, NAN,-6.78,293.64,-0.02,32.1059,11.6955,324.0,41.0,1492.4, NAN, NAN, NAN, NAN,,2024/04/07 06:36:48.083,2024-04-07 06:36:48.083000+00:00
2024/04/07, 06:37:48.083,35.728,-74.873,2.41,354.24,32.47,1.66,10.8, NAN,1014.5, NAN,0.0, NAN,13.74, NAN,298, NAN,8.3, NAN,66.8, NAN,8.6, NAN,286.9, NAN,1016.6, NAN,-6.79,293.91,-0.01,32.1136,11.7033,325.1,40.8,1492.436, NAN, NAN, NAN, NAN,,2024/04/07 06:37:48.083,2024-04-07 06:37:48.083000+00:00
2024/04/07, 06:38:48.083,35.729,-74.873,0.05,300.03,199.54,0.42,10.8, NAN,1014.4, NAN,0.0, NAN,13.74, NAN,356, NAN,6.7, NAN,66.4, NAN,6.9, NAN,296.1, NAN,1016.5, NAN,-6.59,294.49,-0.02,32.1231,11.7002,324.3,40.8,1492.437, NAN, NAN, NAN, NAN,,2024/04/07 06:38:48.083,2024-04-07 06:38:48.083000+00:00
2024/04/07, 06:39:48.083,35.729,-74.873,-0.15,286.23,57.33,0.32,10.8, NAN,1014.4, NAN,0.0, NAN,13.74, NAN,19, NAN,7.4, NAN,66.7, NAN,7.6, NAN,305.2, NAN,1016.5, NAN,-6.6,293.67,-0.02,32.1314,11.6977,336.8,41.0,1492.438, NAN, NAN, NAN, NAN,,2024/04/07 06:39:48.083,2024-04-07 06:39:48.083000+00:00
2024/04/07, 06:40:48.083,35.729,-74.873,0.28,301.94,131.11,0.26,10.9, NAN,1014.4, NAN,0.0, NAN,13.74, NAN,7, NAN,7.6, NAN,66.6, NAN,7.7, NAN,309.4, NAN,1016.5, NAN,-6.53,293.68,-0.02,32.135,11.692,322.4,41.3,1492.423, NAN, NAN, NAN, NAN,,2024/04/07 06:40:48.083,2024-04-07 06:40:48.083000+00:00
2024/04/07, 06:41:48.083,35.728,-74.873,0.44,304.82,184.4,0.18,10.8, NAN,1014.4, NAN,0.0, NAN,13.74, NAN,0, NAN,7.6, NAN,65.8, NAN,7.6, NAN,305.5, NAN,1016.5, NAN,-6.48,293.85,-0.02,32.135,11.6791,322.0,41.3,1492.378, NAN, NAN, NAN, NAN,,2024/04/07 06:41:48.083,2024-04-07 06:41:48.083000+00:00
2024/04/07, 06:42:48.083,35.728,-74.873,0.28,305.54,294.94,0.06,10.8, NAN,1014.4, NAN,0.0, NAN,13.74, NAN,358, NAN,7.2, NAN,65.6, NAN,7.2, NAN,303.3, NAN,1016.5, NAN,-6.52,293.7,-0.02,32.1367,11.6828,322.4,41.0,1492.393, NAN, NAN, NAN, NAN,,2024/04/07 06:42:48.083,2024-04-07 06:42:48.083000+00:00
2024/04/07, 06:43:48.083,35.728,-74.873,0.34,305.96,170.76,0.11,10.8, NAN,1014.3, NAN,0.0, NAN,13.74, NAN,355, NAN,7.8, NAN,64.4, NAN,7.8, NAN,301.4, NAN,1016.4, NAN,-6.5,294.22,-0.02,32.1603,11.6894,335.8,40.8,1492.444, NAN, NAN, NAN, NAN,,2024/04/07 06:43:48.083,2024-04-07 06:43:48.083000+00:00
2024/04/07, 06:44:48.084,35.728,-74.873,0.35,305.17,253.86,0.25,10.8, NAN,1014.4, NAN,0.0, NAN,13.74, NAN,358, NAN,7.1, NAN,65.2, NAN,7.0, NAN,304.0, NAN,1016.5, NAN,-6.5,294.46,-0.02,32.1853,11.6946,338.2,40.8,1492.492, NAN, NAN, NAN, NAN,,2024/04/07 06:44:48.084,2024-04-07 06:44:48.084000+00:00
2024/04/07, 06:45:48.084,35.728,-74.873,0.34,305.69,48.4,0.1,10.9, NAN,1014.4, NAN,0.0, NAN,13.74, NAN,359, NAN,7.2, NAN,67.3, NAN,7.2, NAN,304.3, NAN,1016.5, NAN,-6.44,294.57,-0.02,32.2064,11.6964,338.8,41.0,1492.523, NAN, NAN, NAN, NAN,,2024/04/07 06:45:48.084,2024-04-07 06:45:48.084000+00:00
2024/04/07, 06:46:48.084,35.728,-74.873,0.3,305.04,85.84,0.21,10.8, NAN,1014.4, NAN,0.0, NAN,13.74, NAN,358, NAN,8.3, NAN,68.3, NAN,8.4, NAN,302.4, NAN,1016.5, NAN,-6.59,294.18,-0.02,32.2122,11.6975,337.6,41.0,1492.534, NAN, NAN, NAN, NAN,,2024/04/07 06:46:48.084,2024-04-07 06:46:48.084000+00:00
2024/04/07, 06:47:48.084,35.728,-74.873,0.3,305.23,188.71,0.33,10.8, NAN,1014.4, NAN,0.0, NAN,13.74, NAN,354, NAN,7.5, NAN,66.6, NAN,7.5, NAN,300.5, NAN,1016.5, NAN,-6.6,294.12,-0.02,32.2031,11.6971,335.8,41.0,1492.522, NAN, NAN, NAN, NAN,,2024/04/07 06:47:48.084,2024-04-07 06:47:48.084000+00:00
2024/04/07, 06:48:48.084,35.728,-74.873,0.33,306.39,346.46,0.18,10.8, NAN,1014.4, NAN,0.0, NAN,13.74, NAN,357, NAN,7.5, NAN,67.6, NAN,7.4, NAN,304.0, NAN,1016.5, NAN,-6.57,293.81,-0.02,32.204,11.696,333.4,40.8,1492.519, NAN, NAN, NAN, NAN,,2024/04/07 06:48:48.084,2024-04-07 06:48:48.084000+00:00
2024/04/07, 06:49:48.084,35.728,-74.873,0.3,305.38,318.72,0.28,10.8, NAN,1014.3, NAN,0.0, NAN,13.74, NAN,354, NAN,7.1, NAN,68.2, NAN,7.0, NAN,298.4, NAN,1016.4, NAN,-6.59,293.49,-0.02,32.1925,11.6968,332.8,41.3,1492.508, NAN, NAN, NAN, NAN,,2024/04/07 06:49:48.084,2024-04-07 06:49:48.084000+00:00
2024/04/07, 06:50:48.084,35.728,-74.873,0.33,305.06,315.44,0.23,10.7, NAN,1014.4, NAN,0.0, NAN,13.74, NAN,355, NAN,7.5, NAN,68.0, NAN,7.5, NAN,301.0, NAN,1016.5, NAN,-6.6,293.55,-0.02,32.1929,11.6973,334.8,41.0,1492.51, NAN, NAN, NAN, NAN,,2024/04/07 06:50:48.084,2024-04-07 06:50:48.084000+00:00
2024/04/07, 06:51:48.084,35.728,-74.873,0.26,305.11,5.77,0.14,10.7, NAN,1014.4, NAN,0.0, NAN,13.74, NAN,355, NAN,7.9, NAN,68.2, NAN,7.9, NAN,299.6, NAN,1016.5, NAN,-6.75,292.98,-0.02,32.2,11.6958,335.8,41.2,1492.513, NAN, NAN, NAN, NAN,,2024/04/07 06:51:48.084,2024-04-07 06:51:48.084000+00:00
2024/04/07, 06:52:48.084,35.728,-74.873,0.29,304.83,57.09,0.31,10.7, NAN,1014.3, NAN,0.0, NAN,13.74, NAN,357, NAN,7.6, NAN,68.3, NAN,7.6, NAN,300.6, NAN,1016.4, NAN,-6.72,292.77,-0.02,32.1853,11.6946,334.8,40.9,1492.492, NAN, NAN, NAN, NAN,,2024/04/07 06:52:48.084,2024-04-07 06:52:48.084000+00:00
2024/04/07, 06:53:48.084,35.728,-74.873,0.24,306.08,207.14,0.32,10.6, NAN,1014.3, NAN,0.0, NAN,13.74, NAN,350, NAN,7.1, NAN,67.8, NAN,7.0, NAN,297.3, NAN,1016.4, NAN,-6.69,292.86,-0.02,32.171,11.6949,326.7,41.1,1492.476, NAN, NAN, NAN, NAN,,2024/04/07 06:53:48.084,2024-04-07 06:53:48.084000+00:00
2024/04/07, 06:54:48.084,35.728,-74.873,0.31,305.46,45.16,0.25,10.6, NAN,1014.4, NAN,0.0, NAN,13.74, NAN,356, NAN,7.4, NAN,68.1, NAN,7.4, NAN,300.5, NAN,1016.5, NAN,-6.8,292.6,-0.02,32.1572,11.6954,324.8,40.8,1492.461, NAN, NAN, NAN, NAN,,2024/04/07 06:54:48.084,2024-04-07 06:54:48.084000+00:00
2024/04/07, 06:55:48.084,35.728,-74.873,0.29,305.1,220.28,0.34,10.7, NAN,1014.3, NAN,0.0, NAN,13.74, NAN,352, NAN,7.2, NAN,69.1, NAN,7.2, NAN,298.5, NAN,1016.4, NAN,-6.69,292.73,-0.02,32.1485,11.6962,325.1,40.7,1492.453, NAN, NAN, NAN, NAN,,2024/04/07 06:55:48.084,2024-04-07 06:55:48.084000+00:00
2024/04/07, 06:56:48.084,35.728,-74.873,0.3,305.64,36.8,0.59,10.6, NAN,1014.3, NAN,0.0, NAN,13.74, NAN,357, NAN,6.7, NAN,67.5, NAN,6.7, NAN,300.1, NAN,1016.4, NAN,-6.7,292.61,-0.03,32.1458,11.696,324.4,40.9,1492.449, NAN, NAN, NAN, NAN,,2024/04/07 06:56:48.084,2024-04-07 06:56:48.084000+00:00
2024/04/07, 06:57:48.084,35.728,-74.873,0.13,305.92,259.46,0.15,10.7, NAN,1014.1, NAN,0.0, NAN,13.74, NAN,354, NAN,7.2, NAN,69.6, NAN,7.1, NAN,299.9, NAN,1016.2, NAN,-6.68,292.79,-0.02,32.1414,11.6965,322.4,41.0,1492.446, NAN, NAN, NAN, NAN,,2024/04/07 06:57:48.084,2024-04-07 06:57:48.084000+00:00
2024/04/07, 06:58:48.084,35.728,-74.873,0.16,304.56,241.29,0.25,10.7, NAN,1014.3, NAN,0.0, NAN,13.74, NAN,358, NAN,7.8, NAN,69.0, NAN,7.8, NAN,303.5, NAN,1016.4, NAN,-6.65,292.51,-0.02,32.1429,11.696,321.7,40.6,1492.446, NAN, NAN, NAN, NAN,,2024/04/07 06:58:48.084,2024-04-07 06:58:48.084000+00:00
2024/04/07, 06:59:48.084,35.728,-74.873,0.18,305.18,268.29,0.07,10.7, NAN,1014.3, NAN,0.0, NAN,13.74, NAN,355, NAN,6.8, NAN,68.6, NAN,6.8, NAN,299.9, NAN,1016.4, NAN,-6.72,293.25,-0.02,32.1396,11.6947,321.7,40.6,1492.437, NAN, NAN, NAN, NAN,,2024/04/07 06:59:48.084,2024-04-07 06:59:48.084000+00:00
2024/04/07, 07:00:48.085,35.728,-74.873,0.13,305.55,35.15,0.12,10.7, NAN,1014.3, NAN,0.0, NAN,13.74, NAN,0, NAN,7.3, NAN,67.7, NAN,7.3, NAN,306.0, NAN,1016.4, NAN,-6.68,293.16,-0.02,32.1383,11.6931,321.1,40.5,1492.43, NAN, NAN, NAN, NAN,,2024/04/07 07:00:48.085,2024-04-07 07:00:48.085000+00:00
2024/04/07, 07:01:48.085,35.728,-74.873,0.23,304.52,170.04,0.49,10.7, NAN,1014.1, NAN,0.0, NAN,13.74, NAN,2, NAN,8.0, NAN,68.7, NAN,8.0, NAN,308.3, NAN,1016.2, NAN,-6.56,292.76,-0.02,32.1378,11.6919,328.8,40.3,1492.426, NAN, NAN, NAN, NAN,,2024/04/07 07:01:48.085,2024-04-07 07:01:48.085000+00:00
2024/04/07, 07:02:48.085,35.728,-74.873,0.25,305.33,212.69,0.24,10.7, NAN,1014.3, NAN,0.0, NAN,13.74, NAN,1, NAN,7.1, NAN,68.0, NAN,7.1, NAN,307.3, NAN,1016.4, NAN,-6.68,292.89,-0.02,32.1372,11.69,324.8,40.8,1492.418, NAN, NAN, NAN, NAN,,2024/04/07 07:02:48.085,2024-04-07 07:02:48.085000+00:00
2024/04/07, 07:03:48.085,35.728,-74.873,0.24,304.84,214.2,0.26,10.8, NAN,1014.2, NAN,0.0, NAN,13.74, NAN,359, NAN,8.2, NAN,68.2, NAN,8.2, NAN,304.7, NAN,1016.3, NAN,-6.7,292.54,-0.03,32.135,11.6882,325.1,40.7,1492.409, NAN, NAN, NAN, NAN,,2024/04/07 07:03:48.085,2024-04-07 07:03:48.085000+00:00
2024/04/07, 07:04:48.085,35.728,-74.873,0.3,304.98,46.47,0.41,10.8, NAN,1014.1, NAN,0.0, NAN,13.74, NAN,3, NAN,7.4, NAN,67.5, NAN,7.4, NAN,306.3, NAN,1016.2, NAN,-6.58,293.2,-0.03,32.1339,11.6874,325.1,40.7,1492.405, NAN, NAN, NAN, NAN,,2024/04/07 07:04:48.085,2024-04-07 07:04:48.085000+00:00
2024/04/07, 07:05:48.085,35.728,-74.873,0.28,305.29,30.84,0.15,10.8, NAN,1014.2, NAN,0.0, NAN,13.74, NAN,356, NAN,6.7, NAN,67.5, NAN,6.7, NAN,300.6, NAN,1016.3, NAN,-6.64,292.73,-0.02,32.1328,11.6873,321.7,40.8,1492.404, NAN, NAN, NAN, NAN,,2024/04/07 07:05:48.085,2024-04-07 07:05:48.085000+00:00
2024/04/07, 07:06:48.085,35.728,-74.873,0.26,305.28,123.64,0.03,10.8, NAN,1014.1, NAN,0.0, NAN,13.74, NAN,357, NAN,7.0, NAN,68.5, NAN,7.0, NAN,302.2, NAN,1016.2, NAN,-6.71,292.78,-0.02,32.1406,11.6873,326.0,36.8,1492.413, NAN, NAN, NAN, NAN,,2024/04/07 07:06:48.085,2024-04-07 07:06:48.085000+00:00
2024/04/07, 07:07:48.085,35.728,-74.873,0.25,305.64,200.82,0.4,10.8, NAN,1014.1, NAN,0.0, NAN,13.74, NAN,359, NAN,8.1, NAN,67.0, NAN,8.1, NAN,306.1, NAN,1016.2, NAN,-6.7,292.45,-0.02,32.1516,11.6854,335.8,36.2,1492.419, NAN, NAN, NAN, NAN,,2024/04/07 07:07:48.085,2024-04-07 07:07:48.085000+00:00
2024/04/07, 07:08:48.085,35.728,-74.873,0.17,304.15,49.28,0.04,10.7, NAN,1014.1, NAN,0.0, NAN,13.74, NAN,2, NAN,8.0, NAN,67.0, NAN,8.0, NAN,306.1, NAN,1016.2, NAN,-6.64,292.22,-0.02,32.1646,11.6841,329.7,36.7,1492.431, NAN, NAN, NAN, NAN,,2024/04/07 07:08:48.085,2024-04-07 07:08:48.085000+00:00
2024/04/07, 07:09:48.085,35.728,-74.873,0.15,304.72,357.22,0.12,10.8, NAN,1014.1, NAN,0.0, NAN,13.74, NAN,355, NAN,7.6, NAN,66.8, NAN,7.6, NAN,299.4, NAN,1016.2, NAN,-6.66,292.75,-0.02,32.1725,11.6839,331.2,36.2,1492.439, NAN, NAN, NAN, NAN,,2024/04/07 07:09:48.085,2024-04-07 07:09:48.085000+00:00
2024/04/07, 07:10:48.085,35.728,-74.873,0.14,304.25,57.7,0.14,10.8, NAN,1014.3, NAN,0.0, NAN,13.74, NAN,359, NAN,7.6, NAN,69.1, NAN,7.6, NAN,302.7, NAN,1016.4, NAN,-6.67,292.76,-0.01,32.1684,11.6815,335.2,36.4,1492.426, NAN, NAN, NAN, NAN,,2024/04/07 07:10:48.085,2024-04-07 07:10:48.085000+00:00
2024/04/07, 07:11:48.085,35.728,-74.873,0.05,304.91,297.2,0.06,10.8, NAN,1014.0, NAN,0.0, NAN,13.74, NAN,357, NAN,6.9, NAN,68.5, NAN,6.9, NAN,301.7, NAN,1016.1, NAN,-6.67,292.61,-0.02,32.1569,11.6773,328.4,36.3,1492.398, NAN, NAN, NAN, NAN,,2024/04/07 07:11:48.085,2024-04-07 07:11:48.085000+00:00
2024/04/07, 07:12:48.085,35.728,-74.873,0.07,304.93,227.45,0.43,10.8, NAN,1014.1, NAN,0.0, NAN,13.74, NAN,356, NAN,8.1, NAN,69.5, NAN,8.0, NAN,302.4, NAN,1016.2, NAN,-6.65,292.45,-0.02,32.1505,11.6746,328.8,36.0,1492.381, NAN, NAN, NAN, NAN,,2024/04/07 07:12:48.085,2024-04-07 07:12:48.085000+00:00
2024/04/07, 07:13:48.085,35.728,-74.873,0.1,304.53,339.56,0.38,10.7, NAN,1014.1, NAN,0.0, NAN,13.74, NAN,359, NAN,8.4, NAN,69.2, NAN,8.3, NAN,304.8, NAN,1016.2, NAN,-6.71,292.09,-0.02,32.142,11.6727,326.7,35.9,1492.364, NAN, NAN, NAN, NAN,,2024/04/07 07:13:48.085,2024-04-07 07:13:48.085000+00:00
2024/04/07, 07:14:48.085,35.728,-74.873,0.16,305.0,42.91,0.17,10.7, NAN,1014.1, NAN,0.0, NAN,13.74, NAN,358, NAN,7.8, NAN,68.3, NAN,7.8, NAN,303.6, NAN,1016.2, NAN,-6.63,292.66,-0.02,32.1366,11.6707,324.0,36.1,1492.351, NAN, NAN, NAN, NAN,,2024/04/07 07:14:48.085,2024-04-07 07:14:48.085000+00:00
2024/04/07, 07:15:48.085,35.728,-74.873,0.24,304.16,37.29,0.45,10.7, NAN,1014.1, NAN,0.0, NAN,13.74, NAN,354, NAN,6.6, NAN,68.0, NAN,6.6, NAN,296.2, NAN,1016.2, NAN,-6.6,292.81,-0.02,32.1332,11.668,327.6,36.1,1492.337, NAN, NAN, NAN, NAN,,2024/04/07 07:15:48.085,2024-04-07 07:15:48.085000+00:00
2024/04/07, 07:16:48.086,35.728,-74.873,0.14,304.48,85.84,0.13,10.8, NAN,1014.1, NAN,0.0, NAN,13.74, NAN,356, NAN,8.4, NAN,69.9, NAN,8.5, NAN,300.5, NAN,1016.2, NAN,-6.64,292.57,-0.02,32.1296,11.6669,322.4,36.2,1492.329, NAN, NAN, NAN, NAN,,2024/04/07 07:16:48.086,2024-04-07 07:16:48.086000+00:00
2024/04/07, 07:17:48.086,35.728,-74.873,0.26,304.52,22.33,0.09,10.8, NAN,1014.1, NAN,0.0, NAN,13.74, NAN,356, NAN,8.2, NAN,70.0, NAN,8.2, NAN,300.2, NAN,1016.2, NAN,-6.66,292.5,-0.02,32.1301,11.6673,321.4,36.2,1492.331, NAN, NAN, NAN, NAN,,2024/04/07 07:17:48.086,2024-04-07 07:17:48.086000+00:00
2024/04/07, 07:18:48.086,35.728,-74.873,0.18,305.3,231.03,0.19,10.7, NAN,1014.1, NAN,0.0, NAN,13.74, NAN,358, NAN,8.7, NAN,68.7, NAN,8.7, NAN,303.9, NAN,1016.2, NAN,-6.65,292.37,-0.02,32.1288,11.667,321.7,36.0,1492.328, NAN, NAN, NAN, NAN,,2024/04/07 07:18:48.086,2024-04-07 07:18:48.086000+00:00
2024/04/07, 07:19:48.086,35.728,-74.873,0.22,304.91,251.38,0.16,10.7, NAN,1013.9, NAN,0.0, NAN,13.74, NAN,358, NAN,7.7, NAN,67.3, NAN,7.7, NAN,302.3, NAN,1016.0, NAN,-6.69,292.85,-0.02,32.1272,11.6647,326.0,36.2,1492.318, NAN, NAN, NAN, NAN,,2024/04/07 07:19:48.086,2024-04-07 07:19:48.086000+00:00
2024/04/07, 07:20:48.086,35.728,-74.873,0.15,304.23,35.27,0.34,10.7, NAN,1014.0, NAN,0.0, NAN,13.74, NAN,1, NAN,8.6, NAN,67.6, NAN,8.6, NAN,304.1, NAN,1016.1, NAN,-6.62,292.19,-0.02,32.1277,11.6642,330.7,36.4,1492.317, NAN, NAN, NAN, NAN,,2024/04/07 07:20:48.086,2024-04-07 07:20:48.086000+00:00
2024/04/07, 07:21:48.086,35.728,-74.873,0.2,304.8,234.52,0.09,10.7, NAN,1013.9, NAN,0.0, NAN,13.74, NAN,0, NAN,8.8, NAN,67.1, NAN,8.8, NAN,305.0, NAN,1016.0, NAN,-6.64,292.36,-0.02,32.1277,11.6633,324.3,36.4,1492.314, NAN, NAN, NAN, NAN,,2024/04/07 07:21:48.086,2024-04-07 07:21:48.086000+00:00
2024/04/07, 07:22:48.086,35.728,-74.873,0.15,305.36,214.09,0.32,10.7, NAN,1014.0, NAN,0.0, NAN,13.74, NAN,0, NAN,8.8, NAN,67.1, NAN,8.8, NAN,306.4, NAN,1016.1, NAN,-6.59,292.35,-0.02,32.1271,11.6613,323.6,36.2,1492.307, NAN, NAN, NAN, NAN,,2024/04/07 07:22:48.086,2024-04-07 07:22:48.086000+00:00
2024/04/07, 07:23:48.086,35.728,-74.873,0.14,305.08,202.53,0.27,10.7, NAN,1014.0, NAN,0.0, NAN,13.74, NAN,359, NAN,8.5, NAN,67.6, NAN,8.5, NAN,305.0, NAN,1016.1, NAN,-6.69,292.21,-0.02,32.1263,11.6578,321.7,36.2,1492.293, NAN, NAN, NAN, NAN,,2024/04/07 07:23:48.086,2024-04-07 07:23:48.086000+00:00
2024/04/07, 07:24:48.086,35.728,-74.873,0.14,304.65,38.97,0.13,10.7, NAN,1014.0, NAN,0.0, NAN,13.74, NAN,2, NAN,8.8, NAN,66.4, NAN,8.8, NAN,306.2, NAN,1016.1, NAN,-6.55,292.12,-0.02,32.1256,11.6558,329.7,36.2,1492.286, NAN, NAN, NAN, NAN,,2024/04/07 07:24:48.086,2024-04-07 07:24:48.086000+00:00
2024/04/07, 07:25:48.086,35.728,-74.873,0.14,304.54,31.07,0.32,10.7, NAN,1014.0, NAN,0.0, NAN,13.74, NAN,0, NAN,8.1, NAN,66.3, NAN,8.0, NAN,303.4, NAN,1016.1, NAN,-6.54,292.67,-0.02,32.1266,11.6523,323.0,36.1,1492.275, NAN, NAN, NAN, NAN,,2024/04/07 07:25:48.086,2024-04-07 07:25:48.086000+00:00
2024/04/07, 07:26:48.086,35.728,-74.873,0.18,304.92,26.38,0.26,10.8, NAN,1014.0, NAN,0.0, NAN,13.74, NAN,2, NAN,8.8, NAN,68.4, NAN,8.8, NAN,306.1, NAN,1016.1, NAN,-6.63,291.75,-0.02,32.1281,11.649,322.7,35.8,1492.265, NAN, NAN, NAN, NAN,,2024/04/07 07:26:48.086,2024-04-07 07:26:48.086000+00:00
2024/04/07, 07:27:48.086,35.728,-74.873,0.13,304.55,50.33,0.13,10.8, NAN,1013.8, NAN,0.0, NAN,13.74, NAN,359, NAN,8.2, NAN,65.5, NAN,8.2, NAN,303.1, NAN,1015.9, NAN,-6.54,292.2,-0.02,32.1263,11.6482,327.0,35.8,1492.26, NAN, NAN, NAN, NAN,,2024/04/07 07:27:48.086,2024-04-07 07:27:48.086000+00:00
2024/04/07, 07:28:48.086,35.728,-74.873,0.1,304.28,206.07,0.31,10.8, NAN,1013.9, NAN,0.0, NAN,13.74, NAN,359, NAN,7.5, NAN,68.2, NAN,7.6, NAN,304.4, NAN,1016.0, NAN,-6.56,292.41,-0.02,32.1267,11.6473,320.3,36.0,1492.257, NAN, NAN, NAN, NAN,,2024/04/07 07:28:48.086,2024-04-07 07:28:48.086000+00:00
2024/04/07, 07:29:48.086,35.728,-74.873,0.15,304.32,57.99,0.24,10.8, NAN,1014.0, NAN,0.0, NAN,13.74, NAN,6, NAN,10.2, NAN,69.2, NAN,10.3, NAN,309.9, NAN,1016.1, NAN,-6.65,291.84,-0.02,32.1284,11.6461,328.1,36.1,1492.255, NAN, NAN, NAN, NAN,,2024/04/07 07:29:48.086,2024-04-07 07:29:48.086000+00:00
2024/04/07, 07:30:48.086,35.728,-74.873,0.13,305.72,1.48,0.17,10.7, NAN,1014.0, NAN,0.0, NAN,13.74, NAN,5, NAN,9.1, NAN,65.7, NAN,9.0, NAN,311.1, NAN,1016.1, NAN,-6.61,291.53,-0.02,32.128,11.6446,322.7,36.2,1492.25, NAN, NAN, NAN, NAN,,2024/04/07 07:30:48.086,2024-04-07 07:30:48.086000+00:00
2024/04/07, 07:31:48.087,35.728,-74.873,0.13,304.64,110.23,0.33,10.8, NAN,1013.9, NAN,0.0, NAN,13.74, NAN,1, NAN,7.5, NAN,66.1, NAN,7.6, NAN,306.7, NAN,1016.0, NAN,-6.67,292.6,-0.02,32.1275,11.6438,324.0,36.2,1492.246, NAN, NAN, NAN, NAN,,2024/04/07 07:31:48.087,2024-04-07 07:31:48.087000+00:00
2024/04/07, 07:32:48.087,35.728,-74.873,0.12,305.53,293.37,0.2,10.8, NAN,1014.0, NAN,0.0, NAN,13.74, NAN,2, NAN,8.5, NAN,67.2, NAN,8.5, NAN,308.2, NAN,1016.1, NAN,-6.5,292.37,-0.01,32.1274,11.6441,320.6,36.7,1492.247, NAN, NAN, NAN, NAN,,2024/04/07 07:32:48.087,2024-04-07 07:32:48.087000+00:00
2024/04/07, 07:33:48.087,35.728,-74.873,0.12,305.65,337.94,0.16,10.8, NAN,1013.9, NAN,0.0, NAN,13.74, NAN,4, NAN,8.7, NAN,66.7, NAN,8.6, NAN,309.3, NAN,1016.0, NAN,-6.57,292.05,-0.02,32.1281,11.6457,322.0,37.3,1492.254, NAN, NAN, NAN, NAN,,2024/04/07 07:33:48.087,2024-04-07 07:33:48.087000+00:00
2024/04/07, 07:34:48.087,35.728,-74.873,0.09,305.11,252.93,0.17,10.8, NAN,1013.9, NAN,0.0, NAN,13.74, NAN,3, NAN,7.3, NAN,66.4, NAN,7.3, NAN,308.7, NAN,1016.0, NAN,-6.66,292.55,-0.02,32.1295,11.6463,316.6,36.4,1492.257, NAN, NAN, NAN, NAN,,2024/04/07 07:34:48.087,2024-04-07 07:34:48.087000+00:00
2024/04/07, 07:35:48.087,35.728,-74.873,0.09,305.51,62.82,0.21,10.8, NAN,1014.0, NAN,0.0, NAN,13.74, NAN,1, NAN,8.5, NAN,67.8, NAN,8.5, NAN,305.8, NAN,1016.1, NAN,-6.59,292.1,-0.02,32.1287,11.6444,325.7,36.4,1492.25, NAN, NAN, NAN, NAN,,2024/04/07 07:35:48.087,2024-04-07 07:35:48.087000+00:00
2024/04/07, 07:36:48.087,35.728,-74.873,0.07,304.76,53.23,0.25,10.8, NAN,1013.9, NAN,0.0, NAN,13.74, NAN,1, NAN,7.9, NAN,66.7, NAN,8.0, NAN,305.1, NAN,1016.0, NAN,-6.69,292.37,-0.02,32.1278,11.6397,325.1,36.7,1492.232, NAN, NAN, NAN, NAN,,2024/04/07 07:36:48.087,2024-04-07 07:36:48.087000+00:00
2024/04/07, 07:37:48.087,35.728,-74.873,0.12,304.83,191.26,0.35,10.8, NAN,1014.0, NAN,0.0, NAN,13.74, NAN,1, NAN,8.2, NAN,67.6, NAN,8.2, NAN,307.1, NAN,1016.1, NAN,-6.63,292.46,-0.02,32.1291,11.6369,322.4,36.8,1492.224, NAN, NAN, NAN, NAN,,2024/04/07 07:37:48.087,2024-04-07 07:37:48.087000+00:00
2024/04/07, 07:38:48.087,35.728,-74.873,0.11,305.06,265.5,0.25,10.8, NAN,1013.8, NAN,0.0, NAN,13.74, NAN,3, NAN,8.0, NAN,64.8, NAN,8.0, NAN,308.9, NAN,1015.9, NAN,-6.62,292.54,-0.02,32.1297,11.6346,323.0,37.3,1492.217, NAN, NAN, NAN, NAN,,2024/04/07 07:38:48.087,2024-04-07 07:38:48.087000+00:00
2024/04/07, 07:39:48.087,35.728,-74.873,0.11,305.68,219.37,0.16,10.8, NAN,1013.8, NAN,0.0, NAN,13.74, NAN,1, NAN,7.9, NAN,66.9, NAN,7.9, NAN,307.2, NAN,1015.9, NAN,-6.63,292.39,-0.03,32.1304,11.635,325.7,37.9,1492.219, NAN, NAN, NAN, NAN,,2024/04/07 07:39:48.087,2024-04-07 07:39:48.087000+00:00
2024/04/07, 07:40:48.087,35.728,-74.873,0.12,305.04,217.78,0.56,10.8, NAN,1013.8, NAN,0.0, NAN,13.74, NAN,1, NAN,9.0, NAN,66.6, NAN,9.0, NAN,307.8, NAN,1015.9, NAN,-6.63,292.15,-0.03,32.1279,11.6359,326.7,37.9,1492.219, NAN, NAN, NAN, NAN,,2024/04/07 07:40:48.087,2024-04-07 07:40:48.087000+00:00
2024/04/07, 07:41:48.087,35.728,-74.873,0.07,305.03,78.37,0.1,10.8, NAN,1014.0, NAN,0.0, NAN,13.74, NAN,4, NAN,8.5, NAN,65.3, NAN,8.5, NAN,308.8, NAN,1016.1, NAN,-6.63,292.37,-0.03,32.1285,11.6385,321.1,37.6,1492.229, NAN, NAN, NAN, NAN,,2024/04/07 07:41:48.087,2024-04-07 07:41:48.087000+00:00
2024/04/07, 07:42:48.087,35.728,-74.873,0.07,304.61,16.51,0.25,10.8, NAN,1013.9, NAN,0.0, NAN,13.74, NAN,1, NAN,9.0, NAN,65.8, NAN,9.0, NAN,304.8, NAN,1016.0, NAN,-6.63,292.19,-0.02,32.1288,11.64,324.8,37.6,1492.235, NAN, NAN, NAN, NAN,,2024/04/07 07:42:48.087,2024-04-07 07:42:48.087000+00:00
2024/04/07, 07:43:48.087,35.728,-74.873,0.13,304.8,314.27,0.44,10.8, NAN,1014.0, NAN,0.0, NAN,13.74, NAN,2, NAN,8.4, NAN,64.7, NAN,8.4, NAN,308.3, NAN,1016.1, NAN,-6.6,292.12,-0.02,32.1298,11.6397,322.0,37.5,1492.235, NAN, NAN, NAN, NAN,,2024/04/07 07:43:48.087,2024-04-07 07:43:48.087000+00:00
2024/04/07, 07:44:48.087,35.728,-74.873,0.05,305.79,263.61,0.16,10.8, NAN,1014.0, NAN,0.0, NAN,13.74, NAN,359, NAN,8.8, NAN,67.0, NAN,8.7, NAN,305.2, NAN,1016.1, NAN,-6.6,292.39,-0.02,32.1319,11.6402,321.4,37.8,1492.239, NAN, NAN, NAN, NAN,,2024/04/07 07:44:48.087,2024-04-07 07:44:48.087000+00:00
2024/04/07, 07:45:48.087,35.728,-74.873,0.08,305.07,67.74,0.07,10.8, NAN,1013.8, NAN,0.0, NAN,13.74, NAN,4, NAN,8.1, NAN,66.1, NAN,8.1, NAN,308.8, NAN,1015.9, NAN,-6.69,292.25,-0.02,32.1342,11.6406,322.7,37.6,1492.243, NAN, NAN, NAN, NAN,,2024/04/07 07:45:48.087,2024-04-07 07:45:48.087000+00:00
2024/04/07, 07:46:48.088,35.728,-74.873,0.1,305.4,245.42,0.13,10.8, NAN,1014.0, NAN,0.0, NAN,13.74, NAN,2, NAN,8.1, NAN,67.6, NAN,8.1, NAN,307.9, NAN,1016.1, NAN,-6.57,292.53,-0.02,32.1317,11.6407,325.1,37.4,1492.241, NAN, NAN, NAN, NAN,,2024/04/07 07:46:48.088,2024-04-07 07:46:48.088000+00:00
2024/04/07, 07:47:48.088,35.728,-74.873,0.07,304.52,68.7,0.37,10.8, NAN,1013.8, NAN,0.0, NAN,13.74, NAN,4, NAN,8.3, NAN,66.5, NAN,8.3, NAN,307.2, NAN,1015.9, NAN,-6.68,292.35,-0.02,32.1313,11.6388,325.7,37.5,1492.233, NAN, NAN, NAN, NAN,,2024/04/07 07:47:48.088,2024-04-07 07:47:48.088000+00:00
2024/04/07, 07:48:48.088,35.728,-74.873,0.1,305.37,195.95,0.23,10.8, NAN,1014.0, NAN,0.0, NAN,13.74, NAN,6, NAN,8.6, NAN,67.1, NAN,8.6, NAN,310.6, NAN,1016.1, NAN,-6.6,292.28,-0.02,32.1294,11.638,323.6,37.7,1492.228, NAN, NAN, NAN, NAN,,2024/04/07 07:48:48.088,2024-04-07 07:48:48.088000+00:00
2024/04/07, 07:49:48.088,35.728,-74.873,0.09,305.62,233.68,0.32,10.8, NAN,1014.0, NAN,0.0, NAN,13.74, NAN,4, NAN,9.3, NAN,66.7, NAN,9.2, NAN,310.6, NAN,1016.1, NAN,-6.61,292.26,-0.02,32.1292,11.6367,326.4,37.6,1492.224, NAN, NAN, NAN, NAN,,2024/04/07 07:49:48.088,2024-04-07 07:49:48.088000+00:00
2024/04/07, 07:50:48.088,35.728,-74.873,0.08,304.91,47.01,0.08,10.8, NAN,1014.0, NAN,0.0, NAN,13.74, NAN,3, NAN,7.9, NAN,66.6, NAN,7.9, NAN,307.6, NAN,1016.1, NAN,-6.59,292.67,-0.02,32.1297,11.6357,320.6,37.6,1492.221, NAN, NAN, NAN, NAN,,2024/04/07 07:50:48.088,2024-04-07 07:50:48.088000+00:00
2024/04/07, 07:51:48.088,35.728,-74.873,0.0,304.85,25.57,0.34,10.8, NAN,1013.8, NAN,0.0, NAN,13.74, NAN,7, NAN,9.3, NAN,67.1, NAN,9.3, NAN,310.8, NAN,1015.9, NAN,-6.61,292.43,-0.02,32.1289,11.6342,323.3,37.4,1492.215, NAN, NAN, NAN, NAN,,2024/04/07 07:51:48.088,2024-04-07 07:51:48.088000+00:00
2024/04/07, 07:52:48.088,35.728,-74.873,0.0,304.41,182.71,0.09,10.8, NAN,1013.7, NAN,0.0, NAN,13.74, NAN,7, NAN,8.6, NAN,65.6, NAN,8.6, NAN,311.7, NAN,1015.8, NAN,-6.53,292.63,-0.02,32.1286,11.633,322.0,37.2,1492.21, NAN, NAN, NAN, NAN,,2024/04/07 07:52:48.088,2024-04-07 07:52:48.088000+00:00
2024/04/07, 07:53:48.088,35.728,-74.873,0.02,304.74,24.35,0.15,10.8, NAN,1013.9, NAN,0.0, NAN,13.74, NAN,6, NAN,8.7, NAN,66.2, NAN,8.7, NAN,310.2, NAN,1016.0, NAN,-6.63,292.74,-0.02,32.1289,11.6305,324.0,37.3,1492.202, NAN, NAN, NAN, NAN,,2024/04/07 07:53:48.088,2024-04-07 07:53:48.088000+00:00
2024/04/07, 07:54:48.088,35.728,-74.873,0.03,304.96,33.52,0.06,10.8, NAN,1013.8, NAN,0.0, NAN,13.74, NAN,3, NAN,9.8, NAN,66.8, NAN,9.8, NAN,307.8, NAN,1015.9, NAN,-6.57,292.18,-0.02,32.1275,11.6297,323.3,37.4,1492.197, NAN, NAN, NAN, NAN,,2024/04/07 07:54:48.088,2024-04-07 07:54:48.088000+00:00
2024/04/07, 07:55:48.088,35.728,-74.873,0.06,304.17,169.44,0.08,10.8, NAN,1013.8, NAN,0.0, NAN,13.74, NAN,8, NAN,9.5, NAN,63.9, NAN,9.5, NAN,312.3, NAN,1015.9, NAN,-6.53,292.25,-0.02,32.1265,11.6284,321.1,37.5,1492.192, NAN, NAN, NAN, NAN,,2024/04/07 07:55:48.088,2024-04-07 07:55:48.088000+00:00
2024/04/07, 07:56:48.088,35.728,-74.873,0.12,306.17,226.11,0.16,10.8, NAN,1013.8, NAN,0.0, NAN,13.74, NAN,7, NAN,9.0, NAN,64.4, NAN,8.9, NAN,313.5, NAN,1015.9, NAN,-6.56,292.38,-0.02,32.1266,11.6292,322.0,37.4,1492.194, NAN, NAN, NAN, NAN,,2024/04/07 07:56:48.088,2024-04-07 07:56:48.088000+00:00
2024/04/07, 07:57:48.088,35.728,-74.873,0.12,305.4,243.6,0.4,10.8, NAN,1013.8, NAN,0.0, NAN,13.74, NAN,9, NAN,9.3, NAN,66.5, NAN,9.2, NAN,315.6, NAN,1015.9, NAN,-6.52,292.25,-0.02,32.1287,11.6297,320.6,37.2,1492.199, NAN, NAN, NAN, NAN,,2024/04/07 07:57:48.088,2024-04-07 07:57:48.088000+00:00
2024/04/07, 07:58:48.088,35.728,-74.873,0.08,305.53,315.44,0.15,10.8, NAN,1013.8, NAN,0.0, NAN,13.74, NAN,5, NAN,8.1, NAN,63.6, NAN,8.0, NAN,310.6, NAN,1015.9, NAN,-6.53,292.57,-0.02,32.1297,11.6306,314.7,39.2,1492.203, NAN, NAN, NAN, NAN,,2024/04/07 07:58:48.088,2024-04-07 07:58:48.088000+00:00
2024/04/07, 07:59:48.088,35.728,-74.873,0.08,304.78,221.26,0.1,10.8, NAN,1013.8, NAN,0.0, NAN,13.74, NAN,1, NAN,8.0, NAN,63.6, NAN,8.0, NAN,305.7, NAN,1015.9, NAN,-6.57,292.39,-0.02,32.1271,11.6324,319.3,41.0,1492.206, NAN, NAN, NAN, NAN,,2024/04/07 07:59:48.088,2024-04-07 07:59:48.088000+00:00
2024/04/07, 08:00:48.088,35.728,-74.873,0.03,304.52,117.66,0.25,10.8, NAN,1013.8, NAN,0.0, NAN,13.74, NAN,7, NAN,8.8, NAN,66.2, NAN,8.9, NAN,312.3, NAN,1015.9, NAN,-6.49,292.36,-0.03,32.1302,11.6321,318.7,41.2,1492.209, NAN, NAN, NAN, NAN,,2024/04/07 08:00:48.088,2024-04-07 08:00:48.088000+00:00
2024/04/07, 08:01:48.088,35.728,-74.873,0.0,304.38,209.4,0.14,10.8, NAN,1014.0, NAN,0.0, NAN,13.74, NAN,4, NAN,8.8, NAN,65.8, NAN,8.8, NAN,308.8, NAN,1016.1, NAN,-6.65,292.23,-0.02,32.1287,11.6332,319.3,41.2,1492.211, NAN, NAN, NAN, NAN,,2024/04/07 08:01:48.088,2024-04-07 08:01:48.088000+00:00
2024/04/07, 08:02:48.089,35.728,-74.873,0.01,303.24,62.24,0.18,10.8, NAN,1013.9, NAN,0.0, NAN,13.74, NAN,9, NAN,9.2, NAN,66.3, NAN,9.3, NAN,312.4, NAN,1016.0, NAN,-6.5,292.12,-0.01,32.1295,11.6341,317.6,41.5,1492.215, NAN, NAN, NAN, NAN,,2024/04/07 08:02:48.089,2024-04-07 08:02:48.089000+00:00
2024/04/07, 08:03:48.089,35.728,-74.873,0.04,305.13,72.38,0.07,10.8, NAN,1013.8, NAN,0.0, NAN,13.74, NAN,7, NAN,8.5, NAN,64.6, NAN,8.5, NAN,312.1, NAN,1015.9, NAN,-6.56,292.3,-0.02,32.132,11.6329,320.0,41.6,1492.214, NAN, NAN, NAN, NAN,,2024/04/07 08:03:48.089,2024-04-07 08:03:48.089000+00:00
2024/04/07, 08:04:48.089,35.729,-74.873,0.65,305.04,286.96,0.93,10.8, NAN,1013.8, NAN,0.0, NAN,13.74, NAN,5, NAN,9.3, NAN,67.0, NAN,8.8, NAN,311.0, NAN,1015.9, NAN,-6.59,291.75,-0.02,32.1285,11.6309,320.3,41.5,1492.203, NAN, NAN, NAN, NAN,,2024/04/07 08:04:48.089,2024-04-07 08:04:48.089000+00:00
2024/04/07, 08:05:48.089,35.729,-74.873,2.34,307.2,291.42,2.6,10.8, NAN,1013.7, NAN,0.0, NAN,13.74, NAN,2, NAN,10.1, NAN,64.1, NAN,8.8, NAN,310.1, NAN,1015.8, NAN,-6.57,292.14,-0.02,32.1277,11.6306,316.9,41.4,1492.201, NAN, NAN, NAN, NAN,,2024/04/07 08:05:48.089,2024-04-07 08:05:48.089000+00:00
2024/04/07, 08:06:48.089,35.729,-74.874,3.59,336.48,323.89,3.73,10.8, NAN,1013.8, NAN,0.0, NAN,13.74, NAN,342, NAN,10.4, NAN,65.8, NAN,8.5, NAN,316.4, NAN,1015.9, NAN,-6.53,292.06,-0.02,32.1283,11.6371,322.4,41.2,1492.224, NAN, NAN, NAN, NAN,,2024/04/07 08:06:48.089,2024-04-07 08:06:48.089000+00:00
2024/04/07, 08:07:48.089,35.731,-74.874,4.37,352.7,358.51,4.44,10.8, NAN,1014.0, NAN,0.0, NAN,13.74, NAN,325, NAN,9.7, NAN,65.1, NAN,8.0, NAN,307.5, NAN,1016.1, NAN,-6.47,292.6,-0.02,32.1287,11.6257,318.0,41.1,1492.185, NAN, NAN, NAN, NAN,,2024/04/07 08:07:48.089,2024-04-07 08:07:48.089000+00:00
2024/04/07, 08:08:48.089,35.732,-74.874,5.09,350.33,352.02,4.99,10.8, NAN,1013.9, NAN,0.0, NAN,13.74, NAN,325, NAN,10.6, NAN,66.8, NAN,8.8, NAN,304.5, NAN,1016.0, NAN,-6.45,292.69,-0.01,32.1273,11.6136,324.0,41.3,1492.141, NAN, NAN, NAN, NAN,,2024/04/07 08:08:48.089,2024-04-07 08:08:48.089000+00:00
2024/04/07, 08:09:48.089,35.733,-74.875,5.35,349.12,356.24,5.34,10.8, NAN,1013.9, NAN,0.0, NAN,13.74, NAN,329, NAN,11.0, NAN,65.6, NAN,9.0, NAN,307.3, NAN,1016.0, NAN,-6.38,292.41,-0.02,32.1298,11.6019,316.9,41.3,1492.103, NAN, NAN, NAN, NAN,,2024/04/07 08:09:48.089,2024-04-07 08:09:48.089000+00:00
2024/04/07, 08:10:48.089,35.735,-74.875,5.56,349.62,355.19,5.69,10.8, NAN,1013.9, NAN,0.0, NAN,13.74, NAN,328, NAN,11.2, NAN,65.8, NAN,9.0, NAN,306.4, NAN,1016.0, NAN,-6.43,292.9,-0.02,32.1284,11.5943,319.0,41.3,1492.075, NAN, NAN, NAN, NAN,,2024/04/07 08:10:48.089,2024-04-07 08:10:48.089000+00:00
2024/04/07, 08:11:48.089,35.737,-74.875,5.78,349.54,355.23,5.82,10.8, NAN,1013.9, NAN,0.0, NAN,13.74, NAN,332, NAN,10.5, NAN,65.3, NAN,8.2, NAN,310.1, NAN,1016.0, NAN,-6.42,293.1,-0.02,32.1208,11.601,317.2,41.4,1492.09, NAN, NAN, NAN, NAN,,2024/04/07 08:11:48.089,2024-04-07 08:11:48.089000+00:00
2024/04/07, 08:12:48.089,35.738,-74.875,5.8,349.5,353.35,5.92,10.8, NAN,1013.8, NAN,0.0, NAN,13.74, NAN,334, NAN,11.1, NAN,65.8, NAN,8.6, NAN,313.1, NAN,1015.9, NAN,-6.35,292.67,-0.02,32.1151,11.6093,317.9,40.7,1492.112, NAN, NAN, NAN, NAN,,2024/04/07 08:12:48.089,2024-04-07 08:12:48.089000+00:00
2024/04/07, 08:13:48.089,35.74,-74.875,5.9,349.97,353.56,5.83,10.8, NAN,1013.8, NAN,0.0, NAN,13.74, NAN,331, NAN,11.0, NAN,67.2, NAN,8.7, NAN,310.0, NAN,1015.9, NAN,-6.37,292.34,-0.02,32.1125,11.6158,319.3,41.2,1492.131, NAN, NAN, NAN, NAN,,2024/04/07 08:13:48.089,2024-04-07 08:13:48.089000+00:00
2024/04/07, 08:14:48.089,35.741,-74.876,5.98,349.58,350.46,5.85,10.8, NAN,1013.7, NAN,0.0, NAN,13.74, NAN,330, NAN,11.0, NAN,66.6, NAN,8.7, NAN,308.2, NAN,1015.8, NAN,-6.3,292.4,-0.02,32.1073,11.6188,311.6,41.2,1492.135, NAN, NAN, NAN, NAN,,2024/04/07 08:14:48.089,2024-04-07 08:14:48.089000+00:00
2024/04/07, 08:15:48.089,35.743,-74.876,5.97,349.55,352.6,5.93,10.8, NAN,1013.7, NAN,0.0, NAN,13.74, NAN,332, NAN,11.2, NAN,65.1, NAN,8.8, NAN,310.9, NAN,1015.8, NAN,-6.33,292.7,-0.02,32.0986,11.6165,315.3,40.9,1492.117, NAN, NAN, NAN, NAN,,2024/04/07 08:15:48.089,2024-04-07 08:15:48.089000+00:00
2024/04/07, 08:16:48.089,35.745,-74.876,5.98,349.67,353.24,5.88,10.8, NAN,1013.8, NAN,0.0, NAN,13.74, NAN,329, NAN,11.0, NAN,66.0, NAN,8.7, NAN,307.2, NAN,1015.9, NAN,-6.39,292.43,-0.01,32.0901,11.6101,312.9,41.1,1492.084, NAN, NAN, NAN, NAN,,2024/04/07 08:16:48.089,2024-04-07 08:16:48.089000+00:00
2024/04/07, 08:17:48.090,35.746,-74.876,5.92,349.12,356.23,5.76,10.8, NAN,1013.8, NAN,0.0, NAN,13.74, NAN,334, NAN,11.2, NAN,64.9, NAN,8.8, NAN,313.0, NAN,1015.9, NAN,-6.36,292.68,-0.02,32.0854,11.6028,310.8,41.1,1492.053, NAN, NAN, NAN, NAN,,2024/04/07 08:17:48.090,2024-04-07 08:17:48.090000+00:00
2024/04/07, 08:18:48.090,35.748,-74.876,5.91,349.57,357.18,5.76,10.8, NAN,1013.8, NAN,0.0, NAN,13.74, NAN,330, NAN,11.3, NAN,64.4, NAN,9.1, NAN,308.2, NAN,1015.9, NAN,-6.28,292.3,-0.02,32.0796,11.5932,311.3,41.0,1492.013, NAN, NAN, NAN, NAN,,2024/04/07 08:18:48.090,2024-04-07 08:18:48.090000+00:00
2024/04/07, 08:19:48.090,35.749,-74.876,5.94,349.83,353.74,5.84,10.8, NAN,1013.7, NAN,0.0, NAN,13.74, NAN,330, NAN,10.5, NAN,63.8, NAN,8.2, NAN,307.9, NAN,1015.8, NAN,-6.32,292.64,-0.02,32.0753,11.5857,315.0,41.0,1491.982, NAN, NAN, NAN, NAN,,2024/04/07 08:19:48.090,2024-04-07 08:19:48.090000+00:00
2024/04/07, 08:20:48.090,35.751,-74.877,5.97,349.51,357.83,5.82,10.9, NAN,1013.8, NAN,0.0, NAN,13.74, NAN,334, NAN,10.9, NAN,65.6, NAN,8.6, NAN,312.4, NAN,1015.9, NAN,-6.35,292.41,-0.02,32.0739,11.5764,307.2,41.3,1491.948, NAN, NAN, NAN, NAN,,2024/04/07 08:20:48.090,2024-04-07 08:20:48.090000+00:00
2024/04/07, 08:21:48.090,35.753,-74.877,5.9,350.28,354.99,5.76,10.9, NAN,1013.7, NAN,0.0, NAN,13.74, NAN,329, NAN,10.2, NAN,64.7, NAN,8.0, NAN,306.8, NAN,1015.8, NAN,-6.4,292.24,-0.01,32.0741,11.5772,309.6,41.2,1491.951, NAN, NAN, NAN, NAN,,2024/04/07 08:21:48.090,2024-04-07 08:21:48.090000+00:00
2024/04/07, 08:22:48.090,35.754,-74.877,5.91,350.86,351.57,5.71,10.9, NAN,1013.8, NAN,0.0, NAN,13.74, NAN,331, NAN,9.9, NAN,65.9, NAN,7.6, NAN,310.0, NAN,1015.9, NAN,-6.38,292.34,-0.02,32.0763,11.5956,312.0,41.0,1492.017, NAN, NAN, NAN, NAN,,2024/04/07 08:22:48.090,2024-04-07 08:22:48.090000+00:00
2024/04/07, 08:23:48.090,35.756,-74.877,5.99,350.87,355.03,5.83,10.8, NAN,1013.7, NAN,0.0, NAN,13.74, NAN,330, NAN,11.3, NAN,64.5, NAN,9.0, NAN,309.9, NAN,1015.8, NAN,-6.38,292.22,-0.01,32.0801,11.6123,305.9,41.4,1492.08, NAN, NAN, NAN, NAN,,2024/04/07 08:23:48.090,2024-04-07 08:23:48.090000+00:00
2024/04/07, 08:24:48.090,35.757,-74.877,5.92,349.96,356.38,5.76,10.8, NAN,1013.7, NAN,0.0, NAN,13.74, NAN,333, NAN,10.4, NAN,64.7, NAN,8.0, NAN,311.7, NAN,1015.8, NAN,-6.38,292.24,-0.02,32.0918,11.6317,305.6,41.7,1492.162, NAN, NAN, NAN, NAN,,2024/04/07 08:24:48.090,2024-04-07 08:24:48.090000+00:00
2024/04/07, 08:25:48.090,35.759,-74.877,5.78,351.09,356.82,5.64,10.8, NAN,1013.6, NAN,0.0, NAN,13.74, NAN,331, NAN,11.0, NAN,62.9, NAN,8.7, NAN,311.4, NAN,1015.7, NAN,-6.34,292.19,-0.02,32.1092,11.7134,306.5,41.6,1492.466, NAN, NAN, NAN, NAN,,2024/04/07 08:25:48.090,2024-04-07 08:25:48.090000+00:00
2024/04/07, 08:26:48.090,35.761,-74.877,5.88,350.32,353.4,5.79,10.8, 10.8,1013.7, 1013.5,0.0, 0.0,0.0, 0.000,328, 324,10.2, 12.4,64.2, 64.0,8.0, 10.3,305.8, 303.7,1015.8, 1015.6,-6.35,292.32,-0.01,32.1266,11.9009,310.5,41.8,1493.135, NAN, NAN, NAN, NAN,,2024/04/07 08:26:48.090,2024-04-07 08:26:48.090000+00:00
2024/04/07, 08:27:48.090,35.762,-74.878,5.92,349.91,355.9,5.74,10.8, 10.8,1013.7, 1013.6,0.0, 0.0,0.0, 0.000,330, 326,11.2, 14.5,64.1, 64.1,9.0, 12.4,308.6, 307.0,1015.8, 1015.7,-6.38,292.5,-0.02,32.1474,12.046,309.9,41.7,1493.659, NAN, NAN, NAN, NAN,,2024/04/07 08:27:48.090,2024-04-07 08:27:48.090000+00:00
2024/04/07, 08:28:48.090,35.764,-74.878,5.95,350.37,355.96,5.73,10.8, 10.9,1013.7, 1013.4,0.0, 0.0,0.0, 0.000,334, 329,11.4, 13.5,64.0, 64.0,9.0, 11.3,314.5, 310.4,1015.8, 1015.5,-6.35,291.98,-0.02,32.1885,12.1573,310.5,41.6,1494.09, NAN, NAN, NAN, NAN,,2024/04/07 08:28:48.090,2024-04-07 08:28:48.090000+00:00
2024/04/07, 08:29:48.090,35.765,-74.878,5.96,350.15,357.84,5.68,10.9, 10.9,1013.6, 1013.6,0.0, 0.0,0.0, 0.000,331, 326,10.8, 13.7,66.1, 65.9,8.6, 11.7,309.6, 306.6,1015.7, 1015.7,-6.35,292.32,-0.02,32.2457,12.2218,308.3,41.7,1494.379, NAN, NAN, NAN, NAN,,2024/04/07 08:29:48.090,2024-04-07 08:29:48.090000+00:00
2024/04/07, 08:30:48.090,35.767,-74.878,5.98,350.7,353.44,5.73,10.8, 10.8,1013.7, 1013.6,0.0, 0.0,0.0, 0.000,328, 325,10.6, 13.8,61.8, 61.6,8.4, 11.6,306.9, 306.6,1015.8, 1015.7,-6.38,292.86,-0.01,32.297,12.2549,307.8,41.7,1494.554, NAN, NAN, NAN, NAN,,2024/04/07 08:30:48.090,2024-04-07 08:30:48.090000+00:00
2024/04/07, 08:31:48.090,35.769,-74.878,6.03,349.95,357.37,5.72,10.8, 10.8,1013.6, 1013.6,0.0, 0.0,0.0, 0.000,327, 323,10.9, 14.0,66.3, 61.9,8.8, 12.0,304.7, 303.3,1015.7, 1015.7,-6.41,292.6,-0.02,32.3312,12.3018,307.5,47.1,1494.754, NAN, NAN, NAN, NAN,,2024/04/07 08:31:48.090,2024-04-07 08:31:48.090000+00:00
2024/04/07, 08:32:48.091,35.77,-74.878,5.98,350.82,355.19,5.73,10.8, 10.8,1013.8, 1013.7,0.0, 0.0,0.0, 0.000,326, 322,10.9, 13.8,65.0, 62.4,8.8, 11.8,305.0, 303.2,1015.9, 1015.8,-6.36,292.24,-0.02,32.353,12.3507,309.2,48.9,1494.947, NAN, NAN, NAN, NAN,,2024/04/07 08:32:48.091,2024-04-07 08:32:48.091000+00:00
2024/04/07, 08:33:48.091,35.772,-74.878,6.03,350.14,350.98,5.67,10.8, 10.8,1014.0, 1013.7,0.0, 0.0,0.0, 0.000,329, 324,11.4, 14.4,63.0, 64.3,9.1, 12.3,309.0, 305.6,1016.1, 1015.8,-6.4,292.09,-0.02,32.3684,12.4064,311.2,48.9,1495.155, NAN, NAN, NAN, NAN,,2024/04/07 08:33:48.091,2024-04-07 08:33:48.091000+00:00
2024/04/07, 08:34:48.091,35.773,-74.878,5.95,350.8,357.38,5.72,10.8, 10.8,1013.9, 1013.7,0.0, 0.0,0.0, 0.000,329, 325,11.4, 14.5,63.2, 63.5,9.2, 12.4,308.8, 306.9,1016.0, 1015.8,-6.35,291.75,-0.01,32.3834,12.4533,306.5,48.8,1495.333, NAN, NAN, NAN, NAN,,2024/04/07 08:34:48.091,2024-04-07 08:34:48.091000+00:00
2024/04/07, 08:35:48.091,35.775,-74.879,6.02,350.16,355.72,5.61,10.8, 10.8,1013.8, 1013.7,0.0, 0.0,0.0, 0.000,327, 324,11.1, 14.1,65.0, 65.3,9.1, 12.2,305.2, 304.7,1015.9, 1015.8,-6.41,292.13,-0.01,32.4037,12.4883,310.2,47.7,1495.476, NAN, NAN, NAN, NAN,,2024/04/07 08:35:48.091,2024-04-07 08:35:48.091000+00:00
2024/04/07, 08:36:48.091,35.776,-74.879,6.01,350.95,352.74,5.77,10.8, 10.8,1013.7, 1013.6,0.0, 0.0,0.0, 0.000,328, 324,10.6, 13.9,64.8, 65.0,8.4, 11.8,307.1, 305.7,1015.8, 1015.7,-6.45,292.27,-0.02,32.4205,12.5189,329.1,47.7,1495.599, NAN, NAN, NAN, NAN,,2024/04/07 08:36:48.091,2024-04-07 08:36:48.091000+00:00
2024/04/07, 08:37:48.091,35.778,-74.879,5.93,350.61,355.03,5.67,10.7, 10.8,1013.9, 1013.7,0.0, 0.0,0.0, 0.000,328, 325,11.1, 14.3,64.9, 64.9,9.0, 12.3,307.1, 306.6,1016.0, 1015.8,-6.42,291.86,-0.02,32.4338,12.5316,307.8,48.0,1495.658, NAN, NAN, NAN, NAN,,2024/04/07 08:37:48.091,2024-04-07 08:37:48.091000+00:00
2024/04/07, 08:38:48.091,35.78,-74.879,5.94,350.49,0.58,5.72,10.7, 10.7,1013.7, 1013.6,0.0, 0.0,0.0, 0.000,325, 322,11.2, 14.6,63.0, 63.2,9.2, 12.7,303.2, 303.1,1015.8, 1015.7,-6.4,291.73,-0.02,32.4438,12.5315,308.0,48.2,1495.67, NAN, NAN, NAN, NAN,,2024/04/07 08:38:48.091,2024-04-07 08:38:48.091000+00:00
2024/04/07, 08:39:48.091,35.781,-74.879,5.9,350.34,356.91,5.65,10.7, 10.7,1013.8, 1013.6,0.0, 0.0,0.0, 0.000,327, 323,11.3, 14.3,62.2, 61.9,9.2, 12.4,305.8, 304.0,1015.9, 1015.7,-6.38,291.61,-0.02,32.4493,12.5285,308.0,48.1,1495.666, NAN, NAN, NAN, NAN,,2024/04/07 08:39:48.091,2024-04-07 08:39:48.091000+00:00
2024/04/07, 08:40:48.091,35.783,-74.879,5.92,350.54,355.47,5.73,10.7, 10.7,1013.8, 1013.7,0.0, 0.0,0.0, 0.000,327, 323,11.0, 14.2,65.7, 65.8,8.9, 12.2,305.7, 304.2,1015.9, 1015.8,-6.39,291.97,-0.01,32.4494,12.5126,309.2,48.0,1495.612, NAN, NAN, NAN, NAN,,2024/04/07 08:40:48.091,2024-04-07 08:40:48.091000+00:00
2024/04/07, 08:41:48.091,35.784,-74.879,5.89,350.33,354.17,5.67,10.7, 10.7,1013.8, 1013.5,0.0, 0.0,0.0, 0.000,326, 323,10.8, 14.0,63.7, 63.9,8.7, 12.0,304.3, 304.0,1015.9, 1015.6,-6.43,291.67,-0.02,32.4469,12.4812,308.0,47.6,1495.503, NAN, NAN, NAN, NAN,,2024/04/07 08:41:48.091,2024-04-07 08:41:48.091000+00:00
2024/04/07, 08:42:48.091,35.786,-74.879,5.92,349.83,355.57,5.68,10.6, 10.7,1013.8, 1013.7,0.0, 0.0,0.0, 0.000,325, 321,10.6, 13.7,65.1, 65.0,8.6, 11.8,301.9, 300.7,1015.9, 1015.8,-6.44,291.85,-0.02,32.4425,12.4197,309.2,48.1,1495.289, NAN, NAN, NAN, NAN,,2024/04/07 08:42:48.091,2024-04-07 08:42:48.091000+00:00
2024/04/07, 08:43:48.091,35.788,-74.88,5.97,350.5,355.09,5.7,10.7, 10.7,1013.7, 1013.6,0.0, 0.0,0.0, 0.000,324, 322,10.5, 13.6,66.1, 66.0,8.5, 11.6,301.5, 302.6,1015.8, 1015.7,-6.36,292.16,-0.01,32.4335,12.3608,310.5,48.1,1495.077, NAN, NAN, NAN, NAN,,2024/04/07 08:43:48.091,2024-04-07 08:43:48.091000+00:00
2024/04/07, 08:44:48.091,35.789,-74.88,5.92,350.68,354.58,5.72,10.6, 10.6,1013.7, 1013.4,0.0, 0.0,0.0, 0.000,327, 324,10.4, 13.6,64.9, 64.7,8.2, 11.5,305.3, 305.3,1015.8, 1015.5,-6.47,291.73,-0.02,32.4164,12.3108,308.6,48.4,1494.887, NAN, NAN, NAN, NAN,,2024/04/07 08:44:48.091,2024-04-07 08:44:48.091000+00:00
2024/04/07, 08:45:48.091,35.791,-74.88,5.89,350.11,356.74,5.63,10.6, 10.6,1013.8, 1013.6,0.0, 0.0,0.0, 0.000,327, 323,10.7, 13.6,64.6, 64.5,8.7, 11.7,304.7, 303.2,1015.9, 1015.7,-6.36,291.76,-0.02,32.3921,12.2831,307.2,48.4,1494.763, NAN, NAN, NAN, NAN,,2024/04/07 08:45:48.091,2024-04-07 08:45:48.091000+00:00
2024/04/07, 08:46:48.091,35.792,-74.88,5.76,350.47,355.83,5.44,10.6, 10.6,1013.8, 1013.7,0.0, 0.0,0.0, 0.000,328, 324,11.0, 14.1,66.3, 66.4,9.0, 12.2,307.2, 305.5,1015.9, 1015.8,-6.42,291.75,-0.02,32.3707,12.2681,311.6,48.2,1494.686, NAN, NAN, NAN, NAN,,2024/04/07 08:46:48.091,2024-04-07 08:46:48.091000+00:00
2024/04/07, 08:47:48.091,35.794,-74.88,5.83,350.42,0.41,5.68,10.6, 10.6,1013.6, 1013.5,0.0, 0.0,0.0, 0.000,327, 324,11.2, 14.1,66.5, 66.4,9.2, 12.2,305.2, 304.7,1015.7, 1015.6,-6.41,291.73,-0.02,32.3512,12.2562,311.3,48.4,1494.623, NAN, NAN, NAN, NAN,,2024/04/07 08:47:48.091,2024-04-07 08:47:48.091000+00:00
2024/04/07, 08:48:48.092,35.795,-74.88,5.82,350.24,355.94,5.68,10.6, 10.6,1013.7, 1013.6,0.0, 0.0,0.0, 0.000,326, 323,10.4, 13.4,64.6, 64.5,8.4, 11.5,303.2, 303.2,1015.8, 1015.7,-6.41,292.15,-0.02,32.3349,12.2423,314.5,48.6,1494.556, NAN, NAN, NAN, NAN,,2024/04/07 08:48:48.092,2024-04-07 08:48:48.092000+00:00
2024/04/07, 08:49:48.092,35.797,-74.88,5.87,350.41,358.04,5.77,10.6, 10.6,1013.6, 1013.6,0.0, 0.0,0.0, 0.000,330, 326,11.2, 14.3,66.0, 66.3,9.0, 12.2,309.1, 307.3,1015.7, 1015.7,-6.45,292.19,-0.02,32.3226,12.2272,310.8,48.3,1494.489, NAN, NAN, NAN, NAN,,2024/04/07 08:49:48.092,2024-04-07 08:49:48.092000+00:00
2024/04/07, 08:50:48.092,35.799,-74.88,5.88,350.7,356.28,5.6,10.6, 10.6,1013.6, 1013.6,0.0, 0.0,0.0, 0.000,325, 322,10.6, 13.7,66.0, 65.8,8.7, 11.8,302.9, 302.8,1015.7, 1015.7,-6.41,292.0,-0.02,32.3126,12.2095,315.6,47.8,1494.417, NAN, NAN, NAN, NAN,,2024/04/07 08:50:48.092,2024-04-07 08:50:48.092000+00:00
2024/04/07, 08:51:48.092,35.8,-74.881,5.81,351.32,354.74,5.56,10.6, 10.6,1013.6, 1013.6,0.0, 0.0,0.0, 0.000,329, 325,11.0, 14.0,65.5, 66.6,8.9, 12.0,309.4, 307.5,1015.7, 1015.7,-6.42,291.77,-0.02,32.3052,12.2066,317.6,47.6,1494.398, NAN, NAN, NAN, NAN,,2024/04/07 08:51:48.092,2024-04-07 08:51:48.092000+00:00
2024/04/07, 08:52:48.092,35.802,-74.881,5.9,351.38,357.88,5.63,10.6, 10.6,1013.7, 1013.4,0.0, 0.0,0.0, 0.000,325, 322,11.2, 14.4,66.2, 66.8,9.2, 12.5,304.5, 304.1,1015.8, 1015.5,-6.46,291.76,-0.02,32.3006,12.2068,313.2,47.6,1494.393, NAN, NAN, NAN, NAN,,2024/04/07 08:52:48.092,2024-04-07 08:52:48.092000+00:00
2024/04/07, 08:53:48.092,35.803,-74.881,5.91,351.26,353.73,5.79,10.6, 10.6,1013.6, 1013.6,0.0, 0.0,0.0, 0.000,324, 321,10.6, 13.7,65.9, 65.8,8.5, 11.7,302.3, 302.2,1015.7, 1015.7,-6.38,292.45,-0.02,32.3,12.1864,317.9,47.5,1494.323, NAN, NAN, NAN, NAN,,2024/04/07 08:53:48.092,2024-04-07 08:53:48.092000+00:00
2024/04/07, 08:54:48.092,35.805,-74.881,5.94,351.92,357.15,5.81,10.6, 10.6,1013.7, 1013.5,0.0, 0.0,0.0, 0.000,326, 322,11.3, 14.5,69.1, 69.1,9.1, 12.5,306.2, 304.6,1015.8, 1015.6,-6.38,292.13,-0.02,32.3042,12.1592,316.3,47.6,1494.235, NAN, NAN, NAN, NAN,,2024/04/07 08:54:48.092,2024-04-07 08:54:48.092000+00:00
2024/04/07, 08:55:48.092,35.807,-74.881,5.99,351.58,357.83,5.8,10.6, 10.6,1013.8, 1013.6,0.0, 0.0,0.0, 0.000,324, 321,9.7, 12.8,66.9, 66.9,7.7, 10.9,300.7, 301.5,1015.9, 1015.7,-6.4,293.23,-0.02,32.3064,12.1464,318.7,47.5,1494.194, NAN, NAN, NAN, NAN,,2024/04/07 08:55:48.092,2024-04-07 08:55:48.092000+00:00
2024/04/07, 08:56:48.092,35.808,-74.881,5.98,351.42,1.52,5.81,10.5, 10.6,1013.7, 1013.6,0.0, 0.0,0.0, 0.000,326, 321,11.3, 14.5,68.3, 68.3,9.3, 12.7,304.9, 302.4,1015.8, 1015.7,-6.39,292.39,-0.02,32.3015,12.1447,318.7,47.7,1494.182, NAN, NAN, NAN, NAN,,2024/04/07 08:56:48.092,2024-04-07 08:56:48.092000+00:00
2024/04/07, 08:57:48.092,35.81,-74.881,5.99,351.34,355.43,5.75,10.5, 10.5,1013.7, 1013.5,0.0, 0.0,0.0, 0.000,323, 321,10.2, 13.2,66.6, 66.6,8.2, 11.3,300.5, 301.8,1015.8, 1015.6,-6.44,293.51,-0.02,32.2917,12.1273,320.0,47.9,1494.111, NAN, NAN, NAN, NAN,,2024/04/07 08:57:48.092,2024-04-07 08:57:48.092000+00:00
2024/04/07, 08:58:48.092,35.811,-74.881,5.96,351.98,355.52,5.87,10.5, 10.5,1013.8, 1013.6,0.0, 0.0,0.0, 0.000,323, 321,10.4, 13.5,67.1, 67.2,8.4, 11.5,301.1, 302.5,1015.9, 1015.7,-6.39,293.72,-0.02,32.2854,12.1085,317.2,47.7,1494.039, NAN, NAN, NAN, NAN,,2024/04/07 08:58:48.092,2024-04-07 08:58:48.092000+00:00
2024/04/07, 08:59:48.092,35.813,-74.881,5.91,352.31,354.89,5.79,10.5, 10.5,1013.7, 1013.6,0.0, 0.0,0.0, 0.000,326, 322,11.1, 14.1,68.9, 68.7,8.9, 12.0,306.9, 305.1,1015.8, 1015.7,-6.44,294.45,-0.02,32.2784,12.0852,319.3,47.6,1493.95, NAN, NAN, NAN, NAN,,2024/04/07 08:59:48.092,2024-04-07 08:59:48.092000+00:00
2024/04/07, 09:00:48.092,35.815,-74.881,5.88,351.03,358.5,5.77,10.5, 10.5,1013.8, 1013.6,0.0, 0.0,0.0, 0.000,328, 324,9.8, 13.0,68.1, 68.5,7.7, 11.0,305.0, 304.4,1015.9, 1015.7,-6.41,296.22,-0.02,32.2669,12.0622,316.9,47.5,1493.858, NAN, NAN, NAN, NAN,,2024/04/07 09:00:48.092,2024-04-07 09:00:48.092000+00:00
2024/04/07, 09:01:48.092,35.816,-74.882,5.82,351.19,359.08,5.75,10.5, 10.5,1013.7, 1013.6,0.0, 0.0,0.0, 0.000,327, 323,10.4, 13.7,67.9, 68.1,8.3, 11.7,305.2, 304.2,1015.8, 1015.7,-6.36,296.97,-0.02,32.2575,12.0414,321.1,47.5,1493.775, NAN, NAN, NAN, NAN,,2024/04/07 09:01:48.092,2024-04-07 09:01:48.092000+00:00
2024/04/07, 09:02:48.092,35.818,-74.882,5.83,351.88,358.9,5.58,10.5, 10.5,1013.8, 1013.7,0.0, 0.0,0.0, 0.000,328, 324,11.1, 14.2,67.9, 68.0,9.0, 12.3,308.4, 306.7,1015.9, 1015.8,-6.39,298.21,-0.02,32.2478,12.0193,316.9,47.5,1493.687, NAN, NAN, NAN, NAN,,2024/04/07 09:02:48.092,2024-04-07 09:02:48.092000+00:00
2024/04/07, 09:03:48.093,35.819,-74.882,5.81,351.45,357.9,5.65,10.5, 10.5,1013.7, 1013.6,0.0, 0.0,0.0, 0.000,326, 324,11.0, 14.2,67.4, 67.2,9.0, 12.2,305.3, 306.2,1015.8, 1015.7,-6.35,299.11,-0.02,32.2376,12.0119,324.0,47.6,1493.65, NAN, NAN, NAN, NAN,,2024/04/07 09:03:48.093,2024-04-07 09:03:48.093000+00:00
2024/04/07, 09:04:48.093,35.821,-74.882,5.75,351.52,359.02,5.65,10.5, 10.5,1013.8, 1013.6,0.0, 0.0,0.0, 0.000,323, 320,11.7, 14.8,66.7, 66.9,9.8, 13.0,302.8, 302.2,1015.9, 1015.7,-6.32,299.16,-0.02,32.23,12.0266,323.6,47.7,1493.691, NAN, NAN, NAN, NAN,,2024/04/07 09:04:48.093,2024-04-07 09:04:48.093000+00:00
2024/04/07, 09:05:48.093,35.822,-74.882,5.77,351.21,359.63,5.66,10.5, 10.6,1013.8, 1013.6,0.0, 0.0,0.0, 0.000,325, 322,9.8, 12.7,69.2, 69.6,7.9, 10.8,301.9, 302.3,1015.9, 1015.7,-6.3,298.9,-0.02,32.2231,12.0587,319.3,47.7,1493.793, NAN, NAN, NAN, NAN,,2024/04/07 09:05:48.093,2024-04-07 09:05:48.093000+00:00
2024/04/07, 09:06:48.093,35.824,-74.882,5.81,351.38,350.28,5.54,10.5, 10.6,1013.7, 1013.6,0.0, 0.0,0.0, 0.000,325, 322,10.8, 14.0,68.7, 68.8,8.7, 12.0,304.9, 304.5,1015.8, 1015.7,-6.3,297.63,-0.02,32.2201,12.1458,323.3,47.7,1494.089, NAN, NAN, NAN, NAN,,2024/04/07 09:06:48.093,2024-04-07 09:06:48.093000+00:00
2024/04/07, 09:07:48.093,35.825,-74.882,5.79,351.59,353.21,5.48,10.5, 10.6,1013.8, 1013.5,0.0, 0.0,0.0, 0.000,324, 321,11.4, 14.4,67.7, 67.6,9.4, 12.5,304.4, 303.6,1015.9, 1015.6,-6.31,296.25,-0.01,32.2278,12.219,319.3,47.7,1494.348, NAN, NAN, NAN, NAN,,2024/04/07 09:07:48.093,2024-04-07 09:07:48.093000+00:00
2024/04/07, 09:08:48.093,35.827,-74.882,5.8,351.64,358.23,5.58,10.5, 10.5,1013.7, 1013.6,0.0, 0.0,0.0, 0.000,326, 323,11.3, 14.5,66.7, 66.8,9.3, 12.6,306.2, 305.7,1015.8, 1015.7,-6.42,295.48,-0.02,32.2458,12.2452,321.7,47.7,1494.459, NAN, NAN, NAN, NAN,,2024/04/07 09:08:48.093,2024-04-07 09:08:48.093000+00:00
2024/04/07, 09:09:48.093,35.829,-74.882,5.82,351.27,359.29,5.61,10.5, 10.5,1013.6, 1013.6,0.0, 0.0,0.0, 0.000,326, 323,11.1, 14.1,66.9, 67.1,9.1, 12.2,305.4, 304.9,1015.7, 1015.7,-6.36,295.54,-0.02,32.2734,12.2557,318.7,47.5,1494.528, NAN, NAN, NAN, NAN,,2024/04/07 09:09:48.093,2024-04-07 09:09:48.093000+00:00
2024/04/07, 09:10:48.093,35.83,-74.883,5.82,351.55,355.92,5.6,10.5, 10.6,1013.8, 1013.6,0.0, 0.0,0.0, 0.000,324, 321,10.2, 13.3,68.2, 68.2,8.3, 11.4,302.1, 302.3,1015.9, 1015.7,-6.36,295.78,-0.02,32.2893,12.2535,316.6,47.4,1494.54, NAN, NAN, NAN, NAN,,2024/04/07 09:10:48.093,2024-04-07 09:10:48.093000+00:00
2024/04/07, 09:11:48.093,35.832,-74.883,5.83,351.68,354.69,5.61,10.6, 10.6,1013.7, 1013.6,0.0, 0.0,0.0, 0.000,326, 323,10.5, 14.0,69.3, 69.5,8.4, 12.0,305.6, 305.7,1015.8, 1015.7,-6.29,295.68,-0.01,32.293,12.2412,312.0,47.2,1494.502, NAN, NAN, NAN, NAN,,2024/04/07 09:11:48.093,2024-04-07 09:11:48.093000+00:00
2024/04/07, 09:12:48.093,35.833,-74.883,5.82,351.82,357.07,5.69,10.5, 10.6,1013.8, 1013.7,0.0, 0.0,0.0, 0.000,321, 320,9.9, 12.9,68.0, 67.9,8.1, 11.1,298.1, 300.9,1015.9, 1015.8,-6.34,296.58,-0.01,32.2926,12.2313,312.0,47.4,1494.468, NAN, NAN, NAN, NAN,,2024/04/07 09:12:48.093,2024-04-07 09:12:48.093000+00:00
2024/04/07, 09:13:48.093,35.835,-74.883,5.87,351.52,356.1,5.59,10.6, 10.6,1013.8, 1013.6,0.0, 0.0,0.0, 0.000,325, 322,10.5, 13.4,70.3, 70.4,8.5, 11.5,303.8, 303.6,1015.9, 1015.7,-6.35,298.27,-0.01,32.2904,12.2203,308.6,47.6,1494.427, NAN, NAN, NAN, NAN,,2024/04/07 09:13:48.093,2024-04-07 09:13:48.093000+00:00
2024/04/07, 09:14:48.093,35.836,-74.883,5.86,351.8,355.69,5.65,10.5, 10.6,1013.8, 1013.7,0.0, 0.0,0.0, 0.000,323, 321,10.9, 13.9,67.0, 67.0,8.9, 11.9,302.5, 303.3,1015.9, 1015.8,-6.42,300.2,-0.01,32.2861,12.1935,308.3,47.3,1494.331, NAN, NAN, NAN, NAN,,2024/04/07 09:14:48.093,2024-04-07 09:14:48.093000+00:00
2024/04/07, 09:15:48.093,35.838,-74.883,5.84,351.79,356.69,5.74,10.5, 10.5,1013.8, 1013.7,0.0, 0.0,0.0, 0.000,323, 321,10.2, 13.2,69.1, 69.0,8.2, 11.2,301.4, 302.7,1015.9, 1015.8,-6.28,304.09,-0.01,32.2839,12.1688,306.2,47.5,1494.243, NAN, NAN, NAN, NAN,,2024/04/07 09:15:48.093,2024-04-07 09:15:48.093000+00:00
2024/04/07, 09:16:48.093,35.84,-74.883,5.89,351.89,356.3,5.71,10.5, 10.5,1013.8, 1013.7,0.0, 0.0,0.0, 0.000,324, 322,10.5, 13.4,68.7, 68.6,8.4, 11.4,303.1, 304.0,1015.9, 1015.8,-6.3,307.65,-0.01,32.28,12.1624,310.5,47.5,1494.217, NAN, NAN, NAN, NAN,,2024/04/07 09:16:48.093,2024-04-07 09:16:48.093000+00:00
2024/04/07, 09:17:48.093,35.841,-74.883,5.89,351.98,353.46,5.68,10.5, 10.5,1013.9, 1013.5,0.0, 0.0,0.0, 0.000,323, 320,9.9, 12.9,69.4, 68.3,7.9, 11.0,301.2, 301.5,1016.0, 1015.6,-6.22,311.2,-0.01,32.2784,12.1614,309.6,47.6,1494.212, NAN, NAN, NAN, NAN,,2024/04/07 09:17:48.093,2024-04-07 09:17:48.093000+00:00
2024/04/07, 09:18:48.093,35.843,-74.883,5.78,351.66,359.22,5.6,10.5, 10.5,1013.8, 1013.6,0.0, 0.0,0.0, 0.000,327, 324,10.8, 13.7,67.8, 67.7,8.8, 11.7,306.7, 306.2,1015.9, 1015.7,-6.17,313.14,-0.02,32.2765,12.1689,313.2,47.5,1494.235, NAN, NAN, NAN, NAN,,2024/04/07 09:18:48.093,2024-04-07 09:18:48.093000+00:00
2024/04/07, 09:19:48.094,35.844,-74.884,5.79,351.67,352.77,5.58,10.5, 10.5,1013.9, 1013.8,0.0, 0.0,0.0, 0.000,326, 323,10.8, 13.7,68.5, 68.5,8.7, 11.6,306.2, 305.6,1016.0, 1015.9,-6.16,314.2,-0.01,32.2719,12.1743,307.2,47.5,1494.248, NAN, NAN, NAN, NAN,,2024/04/07 09:19:48.094,2024-04-07 09:19:48.094000+00:00
2024/04/07, 09:20:48.094,35.846,-74.884,5.75,352.18,353.61,5.56,10.5, 10.5,1013.8, 1013.6,0.0, 0.0,0.0, 0.000,326, 323,11.5, 14.6,66.5, 66.5,9.3, 12.5,307.9, 307.0,1015.9, 1015.7,-6.17,315.32,-0.01,32.2668,12.1754,308.9,47.4,1494.246, NAN, NAN, NAN, NAN,,2024/04/07 09:20:48.094,2024-04-07 09:20:48.094000+00:00
2024/04/07, 09:21:48.094,35.847,-74.884,5.7,351.79,353.07,5.41,10.5, 10.5,1013.8, 1013.7,0.0, 0.0,0.0, 0.000,326, 323,10.7, 13.6,67.7, 67.8,8.6, 11.6,306.8, 306.1,1015.9, 1015.8,-6.06,317.63,-0.02,32.2589,12.1748,307.8,47.6,1494.234, NAN, NAN, NAN, NAN,,2024/04/07 09:21:48.094,2024-04-07 09:21:48.094000+00:00
2024/04/07, 09:22:48.094,35.849,-74.884,4.61,351.94,354.36,4.52,10.5, 10.5,1013.8, 1013.7,0.0, 0.0,0.0, 0.000,322, 320,11.3, 14.4,68.3, 68.1,9.7, 12.8,304.8, 304.8,1015.9, 1015.8,-6.08,319.0,-0.02,32.251,12.1604,303.2,47.3,1494.175, NAN, NAN, NAN, NAN,,2024/04/07 09:22:48.094,2024-04-07 09:22:48.094000+00:00
2024/04/07, 09:23:48.094,35.85,-74.884,2.91,341.65,354.39,2.35,10.5, 10.5,1013.8, 1013.6,0.0, 0.0,0.0, 0.000,323, 321,10.1, 13.0,68.5, 68.4,9.4, 12.3,299.0, 298.2,1015.9, 1015.7,-6.09,320.09,-0.02,32.2448,12.1407,304.6,46.7,1494.101, NAN, NAN, NAN, NAN,,2024/04/07 09:23:48.094,2024-04-07 09:23:48.094000+00:00
2024/04/07, 09:24:48.094,35.85,-74.884,0.7,309.57,288.91,0.36,10.5, 10.5,1013.6, 1013.6,0.0, 0.0,0.0, 0.000,356, 349,9.7, 9.5,65.9, 66.0,9.5, 9.3,305.8, 298.7,1015.7, 1015.7,-6.08,320.01,-0.02,32.2401,12.127,303.8,46.7,1494.048, NAN, NAN, NAN, NAN,,2024/04/07 09:24:48.094,2024-04-07 09:24:48.094000+00:00
2024/04/07, 09:25:48.094,35.85,-74.884,0.14,303.39,239.22,0.5,10.5, 10.5,1013.8, 1013.8,0.0, 0.0,0.0, 0.000,5, 359,8.0, 7.9,66.6, 66.5,7.8, 7.7,309.7, 303.5,1015.9, 1015.9,-6.09,321.31,-0.02,32.2354,12.1195,304.4,46.8,1494.017, NAN, NAN, NAN, NAN,,2024/04/07 09:25:48.094,2024-04-07 09:25:48.094000+00:00
2024/04/07, 09:26:48.094,35.85,-74.884,-0.11,310.09,184.05,0.27,10.5, 10.5,1013.7, 1013.8,0.0, 0.0,0.0, 0.000,359, 353,8.7, 8.4,67.3, 67.2,8.7, 8.4,310.0, 304.0,1015.8, 1015.9,-6.19,321.82,-0.02,32.2308,12.1157,306.5,46.7,1493.998, NAN, NAN, NAN, NAN,,2024/04/07 09:26:48.094,2024-04-07 09:26:48.094000+00:00
2024/04/07, 09:27:48.094,35.85,-74.884,0.02,310.9,270.76,0.28,10.5, 10.5,1013.8, 1013.8,0.0, 0.0,0.0, 0.000,0, 355,8.3, 8.1,68.2, 68.2,8.3, 8.0,311.9, 306.9,1015.9, 1015.9,-6.13,323.41,-0.02,32.2281,12.114,303.8,47.1,1493.989, NAN, NAN, NAN, NAN,,2024/04/07 09:27:48.094,2024-04-07 09:27:48.094000+00:00
2024/04/07, 09:28:48.094,35.85,-74.884,0.09,310.87,164.85,0.28,10.5, 10.5,1013.8, 1013.7,0.0, 0.0,0.0, 0.000,353, 346,9.6, 9.5,69.9, 69.9,9.7, 9.6,304.5, 297.5,1015.9, 1015.8,-6.09,324.56,-0.02,32.2263,12.1113,301.4,47.5,1493.978, NAN, NAN, NAN, NAN,,2024/04/07 09:28:48.094,2024-04-07 09:28:48.094000+00:00
2024/04/07, 09:29:48.094,35.85,-74.884,0.15,310.09,22.5,0.17,10.5, 10.5,1013.8, 1013.8,0.0, 0.0,0.0, 0.000,357, 350,8.8, 8.6,68.0, 68.0,8.7, 8.5,306.7, 299.7,1015.9, 1015.9,-6.05,326.85,-0.02,32.2242,12.11,304.6,47.5,1493.971, NAN, NAN, NAN, NAN,,2024/04/07 09:29:48.094,2024-04-07 09:29:48.094000+00:00
2024/04/07, 09:30:48.094,35.85,-74.884,0.07,308.42,121.21,0.14,10.5, 10.5,1014.0, 1013.8,0.0, 0.0,0.0, 0.000,0, 354,8.9, 8.8,68.4, 67.2,8.9, 8.8,308.8, 302.8,1016.1, 1015.9,-6.01,328.97,-0.02,32.2226,12.1108,305.6,47.3,1493.972, NAN, NAN, NAN, NAN,,2024/04/07 09:30:48.094,2024-04-07 09:30:48.094000+00:00
2024/04/07, 09:31:48.094,35.85,-74.884,0.12,309.67,99.53,0.19,10.5, 10.5,1013.9, 1013.8,0.0, 0.0,0.0, 0.000,359, 354,8.5, 8.1,71.2, 71.1,8.5, 8.1,308.0, 303.0,1016.0, 1015.9,-6.02,330.88,-0.02,32.2236,12.1131,325.4,47.4,1493.981, NAN, NAN, NAN, NAN,,2024/04/07 09:31:48.094,2024-04-07 09:31:48.094000+00:00
2024/04/07, 09:32:48.094,35.85,-74.884,0.14,310.36,9.32,0.24,10.5, 10.5,1014.0, 1013.9,0.0, 0.0,0.0, 0.000,0, 353,9.9, 9.6,67.8, 67.9,9.8, 9.5,309.8, 302.8,1016.1, 1016.0,-5.96,330.55,-0.02,32.2228,12.1155,306.2,47.4,1493.988, NAN, NAN, NAN, NAN,,2024/04/07 09:32:48.094,2024-04-07 09:32:48.094000+00:00
2024/04/07, 09:33:48.094,35.85,-74.884,0.11,309.75,326.07,0.11,10.5, 10.5,1013.8, 1013.8,0.0, 0.0,0.0, 0.000,1, 355,9.3, 9.0,67.3, 67.4,9.3, 9.0,310.4, 304.4,1015.9, 1015.9,-5.98,329.91,-0.02,32.2235,12.1145,307.8,47.5,1493.985, NAN, NAN, NAN, NAN,,2024/04/07 09:33:48.094,2024-04-07 09:33:48.094000+00:00
2024/04/07, 09:34:48.094,35.85,-74.884,0.12,311.14,20.73,0.13,10.4, 10.5,1013.9, 1014.0,0.0, 0.0,0.0, 0.000,3, 356,9.0, 8.7,67.0, 67.2,9.0, 8.7,313.8, 306.8,1016.0, 1016.1,-5.95,328.6,-0.02,32.2222,12.1136,304.6,47.3,1493.981, NAN, NAN, NAN, NAN,,2024/04/07 09:34:48.094,2024-04-07 09:34:48.094000+00:00
2024/04/07, 09:35:48.095,35.85,-74.884,0.09,310.09,290.04,0.07,10.5, 10.5,1013.9, 1013.9,0.0, 0.0,0.0, 0.000,2, 355,9.8, 9.4,67.4, 67.5,9.8, 9.4,312.0, 305.0,1016.0, 1016.0,-5.97,327.23,-0.02,32.2212,12.1145,303.8,47.6,1493.983, NAN, NAN, NAN, NAN,,2024/04/07 09:35:48.095,2024-04-07 09:35:48.095000+00:00
2024/04/07, 09:36:48.095,35.85,-74.884,0.06,309.41,285.12,0.17,10.5, 10.5,1013.9, 1013.9,0.0, 0.0,0.0, 0.000,6, 359,10.1, 9.8,63.6, 63.5,10.1, 9.8,314.9, 307.9,1016.0, 1016.0,-5.99,325.96,-0.01,32.221,12.1143,306.8,47.5,1493.982, NAN, NAN, NAN, NAN,,2024/04/07 09:36:48.095,2024-04-07 09:36:48.095000+00:00
2024/04/07, 09:37:48.095,35.85,-74.884,0.12,309.89,44.91,0.05,10.5, 10.5,1014.0, 1014.0,0.0, 0.0,0.0, 0.000,5, 358,8.3, 7.9,66.6, 66.9,8.3, 7.9,314.9, 307.9,1016.1, 1016.1,-5.99,325.61,-0.02,32.2215,12.115,314.2,47.8,1493.985, NAN, NAN, NAN, NAN,,2024/04/07 09:37:48.095,2024-04-07 09:37:48.095000+00:00
2024/04/07, 09:38:48.095,35.85,-74.884,0.06,310.2,225.39,0.17,10.5, 10.5,1014.0, 1014.0,0.0, 0.0,0.0, 0.000,3, 356,8.1, 8.1,68.2, 67.9,8.0, 8.0,313.7, 306.6,1016.1, 1016.1,-6.06,325.15,-0.01,32.2235,12.118,304.6,47.9,1493.997, NAN, NAN, NAN, NAN,,2024/04/07 09:38:48.095,2024-04-07 09:38:48.095000+00:00
2024/04/07, 09:39:48.095,35.85,-74.884,0.13,309.64,175.42,0.11,10.5, 10.6,1014.0, 1014.0,0.0, 0.0,0.0, 0.000,2, 356,9.6, 9.4,68.1, 67.9,9.7, 9.5,311.6, 305.7,1016.1, 1016.1,-5.99,324.37,-0.01,32.2242,12.119,306.2,47.8,1494.002, NAN, NAN, NAN, NAN,,2024/04/07 09:39:48.095,2024-04-07 09:39:48.095000+00:00
2024/04/07, 09:40:48.095,35.85,-74.884,0.08,309.88,33.98,0.1,10.5, 10.5,1013.9, 1013.8,0.0, 0.0,0.0, 0.000,0, 353,8.9, 8.3,67.9, 67.7,8.9, 8.3,309.6, 302.6,1016.0, 1015.9,-6.03,324.33,-0.02,32.2255,12.1189,303.2,47.7,1494.003, NAN, NAN, NAN, NAN,,2024/04/07 09:40:48.095,2024-04-07 09:40:48.095000+00:00
2024/04/07, 09:41:48.095,35.85,-74.884,0.07,310.06,48.61,0.27,10.5, 10.5,1013.9, 1014.0,0.0, 0.0,0.0, 0.000,6, 359,8.8, 8.6,66.4, 66.3,8.7, 8.6,315.2, 308.2,1016.0, 1016.1,-6.04,324.49,-0.02,32.2248,12.1165,304.4,47.6,1493.994, NAN, NAN, NAN, NAN,,2024/04/07 09:41:48.095,2024-04-07 09:41:48.095000+00:00
2024/04/07, 09:42:48.095,35.85,-74.884,0.08,310.64,65.45,0.24,10.5, 10.5,1013.9, 1013.8,0.0, 0.0,0.0, 0.000,4, 358,8.5, 8.1,67.5, 67.5,8.5, 8.1,313.8, 307.8,1016.0, 1015.9,-6.1,324.61,-0.02,32.2253,12.1184,308.9,47.7,1494.001, NAN, NAN, NAN, NAN,,2024/04/07 09:42:48.095,2024-04-07 09:42:48.095000+00:00
2024/04/07, 09:43:48.095,35.85,-74.884,0.05,310.37,211.93,0.16,10.5, 10.5,1014.0, 1014.0,0.0, 0.0,0.0, 0.000,3, 356,8.8, 8.5,68.3, 68.4,8.8, 8.5,313.9, 306.9,1016.1, 1016.1,-6.11,323.93,-0.02,32.2257,12.1146,327.0,47.5,1493.988, NAN, NAN, NAN, NAN,,2024/04/07 09:43:48.095,2024-04-07 09:43:48.095000+00:00
2024/04/07, 09:44:48.095,35.85,-74.884,0.08,309.29,49.93,0.22,10.5, 10.5,1014.1, 1014.1,0.0, 0.0,0.0, 0.000,5, 359,10.1, 9.5,67.5, 67.7,10.1, 9.5,313.7, 307.6,1016.2, 1016.2,-6.1,322.56,-0.02,32.2256,12.1092,303.8,47.7,1493.97, NAN, NAN, NAN, NAN,,2024/04/07 09:44:48.095,2024-04-07 09:44:48.095000+00:00
2024/04/07, 09:45:48.095,35.85,-74.884,-0.01,308.98,68.06,0.11,10.4, 10.4,1014.1, 1014.2,0.0, 0.0,0.0, 0.000,6, 359,8.5, 8.3,68.3, 68.2,8.6, 8.4,314.8, 307.9,1016.2, 1016.3,-6.11,321.72,-0.02,32.2245,12.1053,309.9,47.6,1493.955, NAN, NAN, NAN, NAN,,2024/04/07 09:45:48.095,2024-04-07 09:45:48.095000+00:00
2024/04/07, 09:46:48.095,35.85,-74.884,0.06,310.06,19.39,0.04,10.5, 10.5,1014.0, 1014.0,0.0, 0.0,0.0, 0.000,2, 356,9.8, 9.5,68.9, 68.7,9.8, 9.5,312.2, 306.2,1016.1, 1016.1,-6.14,320.01,-0.02,32.2239,12.1041,305.2,47.2,1493.95, NAN, NAN, NAN, NAN,,2024/04/07 09:46:48.095,2024-04-07 09:46:48.095000+00:00
2024/04/07, 09:47:48.095,35.85,-74.884,0.12,310.66,238.87,0.12,10.4, 10.5,1014.0, 1014.0,0.0, 0.0,0.0, 0.000,4, 357,10.0, 9.6,68.4, 68.2,10.0, 9.6,315.0, 308.0,1016.1, 1016.1,-6.12,319.59,-0.02,32.2246,12.1055,305.9,47.4,1493.956, NAN, NAN, NAN, NAN,,2024/04/07 09:47:48.095,2024-04-07 09:47:48.095000+00:00
2024/04/07, 09:48:48.095,35.85,-74.884,0.0,309.75,252.53,0.08,10.4, 10.4,1014.1, 1014.0,0.0, 0.0,0.0, 0.000,9, 2,9.3, 8.9,66.3, 66.4,9.3, 8.9,319.0, 312.0,1016.2, 1016.1,-6.08,319.64,-0.02,32.2228,12.1105,303.5,47.7,1493.971, NAN, NAN, NAN, NAN,,2024/04/07 09:48:48.095,2024-04-07 09:48:48.095000+00:00
2024/04/07, 09:49:48.095,35.85,-74.884,0.05,310.93,53.91,0.09,10.4, 10.4,1014.1, 1014.0,0.0, 0.0,0.0, 0.000,7, 1,8.4, 8.2,67.0, 67.0,8.4, 8.2,317.6, 311.6,1016.2, 1016.1,-6.11,320.28,-0.02,32.2229,12.1161,308.6,47.7,1493.99, NAN, NAN, NAN, NAN,,2024/04/07 09:49:48.095,2024-04-07 09:49:48.095000+00:00
2024/04/07, 09:50:48.096,35.85,-74.884,0.0,310.26,305.76,0.05,10.5, 10.5,1014.1, 1014.0,0.0, 0.0,0.0, 0.000,8, 1,9.2, 8.8,68.7, 68.8,9.2, 8.8,318.3, 311.3,1016.2, 1016.1,-6.08,319.65,-0.02,32.2228,12.1218,304.4,47.8,1494.01, NAN, NAN, NAN, NAN,,2024/04/07 09:50:48.096,2024-04-07 09:50:48.096000+00:00
2024/04/07, 09:51:48.096,35.85,-74.884,-0.01,309.53,80.75,0.14,10.4, 10.5,1014.1, 1014.0,0.0, 0.0,0.0, 0.000,7, 0,9.2, 8.8,68.0, 68.2,9.2, 8.8,316.1, 309.2,1016.2, 1016.1,-6.23,318.61,-0.02,32.223,12.1231,307.8,47.5,1494.014, NAN, NAN, NAN, NAN,,2024/04/07 09:51:48.096,2024-04-07 09:51:48.096000+00:00
2024/04/07, 09:52:48.096,35.85,-74.884,-0.01,310.22,64.06,0.06,10.5, 10.5,1014.2, 1014.1,0.0, 0.0,0.0, 0.000,7, 1,8.5, 8.0,69.8, 70.0,8.5, 8.0,317.0, 311.1,1016.3, 1016.2,-6.2,316.51,-0.01,32.2226,12.1229,306.2,47.7,1494.013, NAN, NAN, NAN, NAN,,2024/04/07 09:52:48.096,2024-04-07 09:52:48.096000+00:00
2024/04/07, 09:53:48.096,35.85,-74.884,0.04,311.0,286.19,0.06,10.4, 10.5,1013.9, 1014.0,0.0, 0.0,0.0, 0.000,12, 6,10.0, 9.4,67.6, 67.7,10.0, 9.4,323.0, 317.0,1016.0, 1016.1,-6.15,313.09,-0.01,32.2246,12.1202,308.9,47.4,1494.006, NAN, NAN, NAN, NAN,,2024/04/07 09:53:48.096,2024-04-07 09:53:48.096000+00:00
2024/04/07, 09:54:48.096,35.85,-74.884,0.06,310.62,6.59,0.23,10.4, 10.4,1014.0, 1014.0,0.0, 0.0,0.0, 0.000,7, 1,9.1, 8.7,67.2, 67.2,9.1, 8.7,316.9, 310.9,1016.1, 1016.1,-6.25,309.76,-0.01,32.2249,12.1226,308.0,47.5,1494.015, NAN, NAN, NAN, NAN,,2024/04/07 09:54:48.096,2024-04-07 09:54:48.096000+00:00
2024/04/07, 09:55:48.096,35.85,-74.884,0.02,308.92,49.25,0.04,10.4, 10.4,1014.1, 1014.1,0.0, 0.0,0.0, 0.000,7, 0,8.3, 7.7,69.3, 69.2,8.3, 7.7,315.8, 308.8,1016.2, 1016.2,-6.29,307.75,-0.01,32.2256,12.1253,306.2,47.8,1494.025, NAN, NAN, NAN, NAN,,2024/04/07 09:55:48.096,2024-04-07 09:55:48.096000+00:00
2024/04/07, 09:56:48.096,35.85,-74.884,0.05,310.94,178.17,0.06,10.4, 10.4,1014.0, 1014.0,0.0, 0.0,0.0, 0.000,7, 1,8.9, 8.5,70.9, 70.9,8.9, 8.5,318.1, 312.1,1016.1, 1016.1,-6.32,305.87,-0.01,32.2249,12.1252,302.2,47.9,1494.024, NAN, NAN, NAN, NAN,,2024/04/07 09:56:48.096,2024-04-07 09:56:48.096000+00:00
2024/04/07, 09:57:48.096,35.85,-74.884,0.08,310.19,212.25,0.1,10.4, 10.4,1014.0, 1014.0,0.0, 0.0,0.0, 0.000,9, 2,9.7, 9.3,67.6, 67.5,9.7, 9.3,319.4, 312.5,1016.1, 1016.1,-6.33,303.44,-0.01,32.2245,12.1236,303.2,47.3,1494.018, NAN, NAN, NAN, NAN,,2024/04/07 09:57:48.096,2024-04-07 09:57:48.096000+00:00
2024/04/07, 09:58:48.096,35.85,-74.884,0.06,309.77,25.63,0.16,10.4, 10.4,1014.1, 1014.0,0.0, 0.0,0.0, 0.000,9, 3,9.6, 9.3,68.6, 68.6,9.6, 9.3,318.4, 312.3,1016.2, 1016.1,-6.29,303.03,-0.01,32.2247,12.123,304.1,47.4,1494.016, NAN, NAN, NAN, NAN,,2024/04/07 09:58:48.096,2024-04-07 09:58:48.096000+00:00
2024/04/07, 09:59:48.096,35.85,-74.884,0.1,310.41,62.26,0.07,10.4, 10.4,1014.3, 1014.1,0.0, 0.0,0.0, 0.000,14, 9,8.9, 8.3,70.8, 70.7,8.9, 8.3,324.6, 319.7,1016.4, 1016.2,-6.36,302.33,-0.01,32.2256,12.1192,304.4,47.7,1494.004, NAN, NAN, NAN, NAN,,2024/04/07 09:59:48.096,2024-04-07 09:59:48.096000+00:00
2024/04/07, 10:00:48.096,35.85,-74.884,0.08,310.07,226.09,0.44,10.4, 10.4,1014.0, 1014.1,0.0, 0.0,0.0, 0.000,14, 9,9.8, 9.5,70.3, 70.4,9.8, 9.5,325.4, 320.4,1016.1, 1016.2,-6.32,300.81,-0.01,32.2257,12.1186,308.0,47.9,1494.002, NAN, NAN, NAN, NAN,,2024/04/07 10:00:48.096,2024-04-07 10:00:48.096000+00:00
2024/04/07, 10:01:48.096,35.85,-74.884,0.04,309.82,262.4,0.13,10.4, 10.4,1014.1, 1014.3,0.0, 0.0,0.0, 0.000,18, 12,11.3, 10.7,69.5, 69.3,11.2, 10.6,328.0, 322.0,1016.2, 1016.4,-6.42,300.06,-0.01,32.2263,12.1202,302.8,48.0,1494.008, NAN, NAN, NAN, NAN,,2024/04/07 10:01:48.096,2024-04-07 10:01:48.096000+00:00
2024/04/07, 10:02:48.096,35.85,-74.884,0.03,310.33,245.38,0.2,10.3, 10.4,1014.3, 1014.2,0.0, 0.0,0.0, 0.000,14, 8,10.2, 9.7,68.4, 68.3,10.1, 9.7,323.8, 317.8,1016.4, 1016.3,-6.38,300.63,0.0,32.2263,12.1242,303.8,47.9,1494.022, NAN, NAN, NAN, NAN,,2024/04/07 10:02:48.096,2024-04-07 10:02:48.096000+00:00
2024/04/07, 10:03:48.096,35.85,-74.884,0.06,310.55,132.37,0.02,10.3, 10.4,1014.2, 1014.2,0.0, 0.0,0.0, 0.000,12, 5,10.3, 9.8,69.1, 69.1,10.3, 9.8,322.6, 315.6,1016.3, 1016.3,-6.35,301.35,0.0,32.2255,12.126,308.6,47.8,1494.027, NAN, NAN, NAN, NAN,,2024/04/07 10:03:48.096,2024-04-07 10:03:48.096000+00:00
2024/04/07, 10:04:48.096,35.85,-74.884,0.11,309.95,321.21,0.17,10.3, 10.4,1014.0, 1014.0,0.0, 0.0,0.0, 0.000,13, 7,10.5, 10.1,67.9, 68.0,10.4, 10.0,322.8, 316.7,1016.1, 1016.1,-6.35,301.38,0.01,32.2248,12.1245,302.8,47.5,1494.021, NAN, NAN, NAN, NAN,,2024/04/07 10:04:48.096,2024-04-07 10:04:48.096000+00:00
2024/04/07, 10:05:48.096,35.85,-74.884,0.1,309.56,82.06,0.23,10.3, 10.4,1014.1, 1014.1,0.0, 0.0,0.0, 0.000,15, 8,10.3, 9.9,69.6, 69.6,10.4, 10.0,324.4, 317.5,1016.2, 1016.2,-6.23,302.15,0.02,32.2258,12.1262,308.6,47.8,1494.028, NAN, NAN, NAN, NAN,,2024/04/07 10:05:48.096,2024-04-07 10:05:48.096000+00:00
2024/04/07, 10:06:48.097,35.85,-74.884,0.16,311.0,210.14,0.15,10.4, 10.4,1014.3, 1014.2,0.0, 0.0,0.0, 0.000,14, 6,9.2, 8.7,70.6, 70.6,9.2, 8.7,325.5, 317.5,1016.4, 1016.3,-6.41,304.25,0.03,32.2261,12.1263,315.6,47.8,1494.029, NAN, NAN, NAN, NAN,,2024/04/07 10:06:48.097,2024-04-07 10:06:48.097000+00:00
2024/04/07, 10:07:48.097,35.85,-74.884,0.14,310.1,253.43,0.03,10.4, 10.4,1014.1, 1014.2,0.0, 0.0,0.0, 0.000,17, 10,10.6, 10.1,70.3, 70.7,10.6, 10.1,327.0, 320.0,1016.2, 1016.3,-6.32,304.99,0.04,32.2268,12.1259,304.6,48.0,1494.028, NAN, NAN, NAN, NAN,,2024/04/07 10:07:48.097,2024-04-07 10:07:48.097000+00:00
2024/04/07, 10:08:48.097,35.85,-74.884,0.18,310.64,228.96,0.09,10.3, 10.4,1014.1, 1014.0,0.0, 0.0,0.0, 0.000,13, 7,9.2, 8.8,70.1, 70.5,9.2, 8.8,323.8, 317.8,1016.2, 1016.1,-6.23,306.56,0.06,32.2276,12.1286,303.8,48.0,1494.039, NAN, NAN, NAN, NAN,,2024/04/07 10:08:48.097,2024-04-07 10:08:48.097000+00:00
2024/04/07, 10:09:48.097,35.85,-74.884,0.16,310.35,296.85,0.06,10.3, 10.4,1014.3, 1014.3,0.0, 0.0,0.0, 0.000,17, 11,9.2, 8.8,70.7, 70.7,9.2, 8.8,327.4, 321.3,1016.4, 1016.4,-6.27,308.21,0.08,32.2272,12.1235,318.4,48.0,1494.021, NAN, NAN, NAN, NAN,,2024/04/07 10:09:48.097,2024-04-07 10:09:48.097000+00:00
2024/04/07, 10:10:48.097,35.85,-74.884,0.18,310.31,278.79,0.06,10.3, 10.4,1014.1, 1014.0,0.0, 0.0,0.0, 0.000,16, 10,10.7, 10.1,69.5, 69.6,10.7, 10.1,326.4, 320.4,1016.2, 1016.1,-6.27,308.65,0.11,32.2291,12.1182,304.6,47.7,1494.005, NAN, NAN, NAN, NAN,,2024/04/07 10:10:48.097,2024-04-07 10:10:48.097000+00:00
2024/04/07, 10:11:48.097,35.85,-74.884,0.16,309.33,0.45,0.06,10.3, 10.4,1014.2, 1014.1,0.0, 0.0,0.0, 0.000,20, 17,9.2, 10.1,70.4, 69.9,9.2, 10.1,329.1, 326.2,1016.3, 1016.2,-6.29,309.75,0.15,32.2273,12.1172,304.9,47.8,1493.999, NAN, NAN, NAN, NAN,,2024/04/07 10:11:48.097,2024-04-07 10:11:48.097000+00:00
2024/04/07, 10:12:48.097,35.85,-74.884,0.18,309.75,225.93,0.25,10.3, 10.4,1014.1, 1014.0,0.0, 0.0,0.0, 0.000,19, 14,10.7, 10.1,69.3, 69.7,10.7, 10.1,329.4, 324.4,1016.2, 1016.1,-6.2,310.66,0.19,32.2264,12.1159,309.9,47.7,1493.994, NAN, NAN, NAN, NAN,,2024/04/07 10:12:48.097,2024-04-07 10:12:48.097000+00:00
2024/04/07, 10:13:48.097,35.85,-74.884,0.02,328.15,187.7,0.38,10.3, 10.4,1014.1, 1014.2,0.0, 0.0,0.0, 0.000,7, 1,9.9, 9.4,67.2, 67.3,10.0, 9.5,336.2, 330.3,1016.2, 1016.3,-6.13,311.86,0.25,32.2255,12.1142,306.2,47.7,1493.987, NAN, NAN, NAN, NAN,,2024/04/07 10:13:48.097,2024-04-07 10:13:48.097000+00:00
2024/04/07, 10:14:48.097,35.85,-74.884,0.3,2.86,37.98,0.48,10.3, 10.4,1014.4, 1014.3,0.0, 0.0,0.0, 0.000,329, 325,9.9, 12.9,67.9, 67.8,9.8, 12.8,330.5, 326.8,1016.5, 1016.4,-6.12,312.45,0.33,32.2253,12.1126,306.8,47.3,1493.981, NAN, NAN, NAN, NAN,,2024/04/07 10:14:48.097,2024-04-07 10:14:48.097000+00:00
2024/04/07, 10:15:48.097,35.85,-74.884,0.72,14.28,73.35,1.1,10.4, 10.4,1014.4, 1014.2,0.0, 0.0,0.0, 0.000,310, 312,9.4, 12.2,69.8, 69.7,9.5, 12.3,320.9, 323.7,1016.5, 1016.3,-6.1,312.82,0.43,32.2245,12.1143,305.2,47.6,1493.986, NAN, NAN, NAN, NAN,,2024/04/07 10:15:48.097,2024-04-07 10:15:48.097000+00:00
2024/04/07, 10:16:48.097,35.851,-74.884,2.78,12.17,27.05,3.06,10.3, 10.4,1014.5, 1014.5,0.0, 0.0,0.0, 0.000,313, 313,9.4, 12.2,67.8, 67.7,8.8, 11.6,316.0, 318.2,1016.6, 1016.6,-5.97,312.73,0.54,32.2248,12.129,304.4,47.6,1494.037, NAN, NAN, NAN, NAN,,2024/04/07 10:16:48.097,2024-04-07 10:16:48.097000+00:00
2024/04/07, 10:17:48.097,35.852,-74.883,4.27,6.48,17.71,4.36,10.4, 10.4,1014.4, 1014.3,0.0, 0.0,0.0, 0.000,322, 320,12.0, 14.8,68.2, 68.1,10.7, 13.5,319.4, 319.1,1016.5, 1016.4,-5.9,310.67,0.68,32.2234,12.1506,308.0,47.6,1494.109, NAN, NAN, NAN, NAN,,2024/04/07 10:17:48.097,2024-04-07 10:17:48.097000+00:00
2024/04/07, 10:18:48.097,35.853,-74.883,5.15,3.21,14.05,5.05,10.3, 10.4,1014.3, 1014.1,0.0, 0.0,0.0, 0.000,327, 323,10.9, 14.0,67.9, 67.9,9.2, 12.4,319.0, 317.3,1016.4, 1016.2,-5.86,308.32,0.84,32.224,12.1734,305.9,47.8,1494.188, NAN, NAN, NAN, NAN,,2024/04/07 10:18:48.097,2024-04-07 10:18:48.097000+00:00
2024/04/07, 10:19:48.097,35.854,-74.882,5.43,359.25,2.32,5.24,10.4, 10.4,1014.4, 1014.3,0.0, 0.0,0.0, 0.000,329, 325,11.0, 13.6,69.2, 69.5,8.9, 11.6,318.2, 315.8,1016.5, 1016.4,-5.84,306.54,1.04,32.2259,12.1939,311.6,47.7,1494.26, NAN, NAN, NAN, NAN,,2024/04/07 10:19:48.097,2024-04-07 10:19:48.097000+00:00
2024/04/07, 10:20:48.097,35.856,-74.882,5.6,359.87,5.04,5.54,10.4, 10.4,1014.4, 1014.3,0.0, 0.0,0.0, 0.000,333, 328,11.1, 13.7,67.4, 67.2,8.8, 11.5,323.2, 319.5,1016.5, 1016.4,-5.74,303.9,1.33,32.2301,12.1983,308.0,47.8,1494.28, NAN, NAN, NAN, NAN,,2024/04/07 10:20:48.097,2024-04-07 10:20:48.097000+00:00
2024/04/07, 10:21:48.098,35.857,-74.882,5.73,0.67,6.43,5.71,10.4, 10.4,1014.5, 1014.3,0.0, 0.0,0.0, 0.000,331, 327,12.0, 14.8,68.5, 68.6,9.6, 12.6,322.3, 319.7,1016.6, 1016.4,-5.74,303.1,1.62,32.2359,12.1909,305.9,48.0,1494.262, NAN, NAN, NAN, NAN,,2024/04/07 10:21:48.098,2024-04-07 10:21:48.098000+00:00
2024/04/07, 10:22:48.098,35.859,-74.882,5.72,359.98,7.77,5.52,10.4, 10.4,1014.4, 1014.4,0.0, 0.0,0.0, 0.000,331, 327,11.5, 14.3,66.7, 66.6,9.3, 12.2,320.8, 318.5,1016.5, 1016.5,-5.49,304.38,1.97,32.2406,12.1815,305.6,48.0,1494.235, NAN, NAN, NAN, NAN,,2024/04/07 10:22:48.098,2024-04-07 10:22:48.098000+00:00
2024/04/07, 10:23:48.098,35.86,-74.882,5.82,0.66,7.46,5.77,10.4, 10.4,1014.5, 1014.4,0.0, 0.0,0.0, 0.000,335, 330,11.3, 13.4,70.0, 70.0,8.9, 11.1,326.0, 321.8,1016.6, 1016.5,-5.39,307.49,2.38,32.2389,12.1816,305.2,48.0,1494.234, NAN, NAN, NAN, NAN,,2024/04/07 10:23:48.098,2024-04-07 10:23:48.098000+00:00
2024/04/07, 10:24:48.098,35.862,-74.882,5.87,1.28,5.54,5.71,10.4, 10.4,1014.4, 1014.2,0.0, 0.0,0.0, 0.000,334, 329,12.1, 14.4,68.7, 68.6,9.7, 12.1,326.3, 322.1,1016.5, 1016.3,-5.24,311.06,2.87,32.2369,12.1868,310.5,48.1,1494.249, NAN, NAN, NAN, NAN,,2024/04/07 10:24:48.098,2024-04-07 10:24:48.098000+00:00
2024/04/07, 10:25:48.098,35.864,-74.881,5.79,1.12,5.0,5.83,10.4, 10.4,1014.3, 1014.3,0.0, 0.0,0.0, 0.000,336, 329,11.9, 13.9,68.5, 67.3,9.3, 11.6,328.6, 321.7,1016.4, 1016.4,-5.09,314.47,3.54,32.2343,12.197,305.2,47.9,1494.281, NAN, NAN, NAN, NAN,,2024/04/07 10:25:48.098,2024-04-07 10:25:48.098000+00:00
2024/04/07, 10:26:48.098,35.865,-74.881,5.78,0.81,10.23,5.65,10.4, 10.4,1014.4, 1014.3,0.0, 0.0,0.0, 0.000,334, 328,11.9, 14.6,67.4, 67.3,9.6, 12.5,325.1, 320.2,1016.5, 1016.4,-4.86,316.37,4.25,32.233,12.2009,306.8,48.0,1494.293, NAN, NAN, NAN, NAN,,2024/04/07 10:26:48.098,2024-04-07 10:26:48.098000+00:00
2024/04/07, 10:27:48.098,35.867,-74.881,5.82,1.09,6.2,5.69,10.4, 10.4,1014.4, 1014.2,0.0, 0.0,0.0, 0.000,335, 328,12.2, 14.5,67.2, 65.9,9.8, 12.3,327.3, 320.7,1016.5, 1016.3,-4.58,315.97,5.07,32.2333,12.1961,311.6,48.2,1494.277, NAN, NAN, NAN, NAN,,2024/04/07 10:27:48.098,2024-04-07 10:27:48.098000+00:00
2024/04/07, 10:28:48.098,35.868,-74.881,5.84,0.67,5.58,5.66,10.4, 10.4,1014.5, 1014.4,0.0, 0.0,0.0, 0.000,334, 329,12.1, 14.8,67.9, 67.8,9.7, 12.6,325.7, 321.7,1016.6, 1016.5,-4.3,315.33,6.01,32.2349,12.1859,312.6,48.1,1494.244, NAN, NAN, NAN, NAN,,2024/04/07 10:28:48.098,2024-04-07 10:28:48.098000+00:00
2024/04/07, 10:29:48.098,35.87,-74.88,5.83,1.27,10.1,5.67,10.4, 10.4,1014.4, 1014.3,0.0, 0.0,0.0, 0.000,335, 329,12.4, 14.7,69.0, 68.8,10.1, 12.6,327.3, 322.0,1016.5, 1016.4,-4.06,315.5,7.33,32.2329,12.1667,307.8,48.1,1494.175, NAN, NAN, NAN, NAN,,2024/04/07 10:29:48.098,2024-04-07 10:29:48.098000+00:00
2024/04/07, 10:30:48.098,35.871,-74.88,5.82,0.42,6.21,5.68,10.3, 10.4,1014.5, 1014.2,0.0, 0.0,0.0, 0.000,335, 330,12.3, 14.8,68.5, 69.0,9.9, 12.6,326.6, 322.5,1016.6, 1016.3,-3.77,315.03,8.64,32.2285,12.1366,311.3,48.1,1494.067, NAN, NAN, NAN, NAN,,2024/04/07 10:30:48.098,2024-04-07 10:30:48.098000+00:00
2024/04/07, 10:31:48.098,35.873,-74.88,5.84,0.62,7.81,5.73,10.3, 10.4,1014.5, 1014.4,0.0, 0.0,0.0, 0.000,333, 328,11.9, 14.5,69.1, 69.1,9.6, 12.3,323.8, 320.0,1016.6, 1016.5,-3.38,313.42,10.09,32.2236,12.1084,308.6,48.1,1493.965, NAN, NAN, NAN, NAN,,2024/04/07 10:31:48.098,2024-04-07 10:31:48.098000+00:00
2024/04/07, 10:32:48.098,35.875,-74.88,5.82,0.68,8.9,5.76,10.3, 10.4,1014.5, 1014.3,0.0, 0.0,0.0, 0.000,331, 327,11.9, 14.8,69.4, 70.8,9.7, 12.7,321.3, 319.1,1016.6, 1016.4,-3.12,309.33,11.75,32.2147,12.0715,308.6,47.7,1493.827, NAN, NAN, NAN, NAN,,2024/04/07 10:32:48.098,2024-04-07 10:32:48.098000+00:00
2024/04/07, 10:33:48.098,35.876,-74.879,5.83,0.88,10.3,5.59,10.3, 10.3,1014.4, 1014.2,0.0, 0.0,0.0, 0.000,335, 329,12.9, 14.9,69.5, 69.5,10.6, 12.8,327.2, 321.6,1016.5, 1016.3,-2.84,305.62,13.62,32.2064,12.0392,310.2,47.7,1493.706, NAN, NAN, NAN, NAN,,2024/04/07 10:33:48.098,2024-04-07 10:33:48.098000+00:00
2024/04/07, 10:34:48.098,35.878,-74.879,5.82,0.63,10.35,5.71,10.3, 10.3,1014.4, 1014.3,0.0, 0.0,0.0, 0.000,335, 330,11.7, 13.3,69.9, 70.0,9.4, 11.2,325.7, 321.2,1016.5, 1016.4,-2.42,303.69,16.11,32.1925,12.0003,312.3,48.0,1493.556, NAN, NAN, NAN, NAN,,2024/04/07 10:34:48.098,2024-04-07 10:34:48.098000+00:00
2024/04/07, 10:35:48.098,35.879,-74.879,5.86,0.82,11.59,5.71,10.3, 10.3,1014.4, 1014.4,0.0, 0.0,0.0, 0.000,331, 327,12.0, 14.8,70.2, 70.5,9.9, 12.8,321.2, 318.9,1016.5, 1016.5,-2.15,302.77,18.46,32.1789,11.9575,313.2,47.9,1493.393, NAN, NAN, NAN, NAN,,2024/04/07 10:35:48.098,2024-04-07 10:35:48.098000+00:00
2024/04/07, 10:36:48.098,35.881,-74.879,5.9,0.77,4.34,5.69,10.3, 10.3,1014.4, 1014.4,0.0, 0.0,0.0, 0.000,332, 326,12.3, 15.3,70.2, 70.1,10.0, 13.1,323.7, 318.8,1016.5, 1016.5,-1.69,301.77,20.97,32.1667,11.9168,316.6,47.7,1493.238, NAN, NAN, NAN, NAN,,2024/04/07 10:36:48.098,2024-04-07 10:36:48.098000+00:00
2024/04/07, 10:37:48.099,35.882,-74.878,5.89,0.59,9.99,5.9,10.3, 10.3,1014.4, 1014.4,0.0, 0.0,0.0, 0.000,333, 328,11.5, 13.7,69.8, 69.8,9.1, 11.5,322.9, 319.1,1016.5, 1016.5,-1.12,301.39,23.61,32.1532,11.8762,312.0,47.9,1493.082, NAN, NAN, NAN, NAN,,2024/04/07 10:37:48.099,2024-04-07 10:37:48.099000+00:00
2024/04/07, 10:38:48.099,35.884,-74.878,5.85,0.25,7.61,5.67,10.3, 10.3,1014.4, 1014.4,0.0, 0.0,0.0, 0.000,336, 331,11.7, 13.3,71.4, 71.3,9.4, 11.1,326.8, 322.2,1016.5, 1016.5,-0.47,300.14,26.52,32.1378,11.8414,311.6,47.7,1492.943, NAN, NAN, NAN, NAN,,2024/04/07 10:38:48.099,2024-04-07 10:38:48.099000+00:00
2024/04/07, 10:39:48.099,35.886,-74.878,5.84,0.78,6.54,5.73,10.3, 10.3,1014.5, 1014.4,0.0, 0.0,0.0, 0.000,337, 332,11.5, 12.6,71.3, 71.3,9.0, 10.3,328.9, 323.8,1016.6, 1016.5,-0.02,299.58,30.43,32.1216,11.8132,312.0,47.9,1492.826, NAN, NAN, NAN, NAN,,2024/04/07 10:39:48.099,2024-04-07 10:39:48.099000+00:00
2024/04/07, 10:40:48.099,35.887,-74.878,5.89,0.39,5.61,5.8,10.3, 10.3,1014.4, 1014.4,0.0, 0.0,0.0, 0.000,335, 330,11.8, 13.7,72.6, 72.4,9.3, 11.4,326.2, 321.8,1016.5, 1016.5,0.78,298.94,34.12,32.1096,11.7856,314.5,47.9,1492.716, NAN, NAN, NAN, NAN,,2024/04/07 10:40:48.099,2024-04-07 10:40:48.099000+00:00
2024/04/07, 10:41:48.099,35.889,-74.877,6.0,0.46,7.76,5.79,10.3, 10.3,1014.5, 1014.5,0.0, 0.0,0.0, 0.000,337, 331,10.8, 12.2,71.6, 71.7,8.3, 9.9,327.3, 321.4,1016.6, 1016.6,1.56,298.7,37.99,32.0975,11.7662,312.9,47.8,1492.635, NAN, NAN, NAN, NAN,,2024/04/07 10:41:48.099,2024-04-07 10:41:48.099000+00:00
2024/04/07, 10:42:48.099,35.89,-74.877,5.98,0.61,4.19,5.65,10.3, 10.3,1014.5, 1014.4,0.0, 0.0,0.0, 0.000,336, 330,12.1, 13.8,73.6, 73.4,9.7, 11.6,328.1, 322.2,1016.6, 1016.5,2.19,296.87,42.04,32.0765,11.744,313.6,47.7,1492.533, NAN, NAN, NAN, NAN,,2024/04/07 10:42:48.099,2024-04-07 10:42:48.099000+00:00
2024/04/07, 10:43:48.099,35.892,-74.877,5.86,0.58,10.37,5.68,10.3, 10.3,1014.4, 1014.4,0.0, 0.0,0.0, 0.000,341, 335,12.2, 12.6,71.5, 71.4,9.7, 10.3,333.7, 326.7,1016.5, 1016.5,3.09,295.8,46.52,32.08,11.7242,315.6,47.6,1492.468, NAN, NAN, NAN, NAN,,2024/04/07 10:43:48.099,2024-04-07 10:43:48.099000+00:00
2024/04/07, 10:44:48.099,35.893,-74.877,5.85,0.26,6.07,5.55,10.2, 10.2,1014.5, 1014.4,0.0, 0.0,0.0, 0.000,338, 332,11.3, 12.5,71.0, 71.2,8.9, 10.3,329.6, 323.3,1016.6, 1016.5,3.91,295.89,52.41,32.0756,11.7071,309.2,47.5,1492.404, NAN, NAN, NAN, NAN,,2024/04/07 10:44:48.099,2024-04-07 10:44:48.099000+00:00
2024/04/07, 10:45:48.099,35.895,-74.876,5.95,0.76,6.46,5.62,10.3, 10.3,1014.7, 1014.6,0.0, 0.0,0.0, 0.000,337, 331,11.7, 12.9,72.9, 72.6,9.3, 10.7,328.9, 322.7,1016.8, 1016.7,4.94,295.81,57.93,32.0673,11.6889,315.6,47.7,1492.331, NAN, NAN, NAN, NAN,,2024/04/07 10:45:48.099,2024-04-07 10:45:48.099000+00:00
2024/04/07, 10:46:48.099,35.897,-74.876,5.98,0.17,7.72,5.78,10.3, 10.3,1014.7, 1014.7,0.0, 0.0,0.0, 0.000,338, 332,11.0, 12.1,73.4, 73.4,8.6, 9.9,328.0, 321.8,1016.8, 1016.8,5.92,296.06,63.41,32.0644,11.6727,312.3,47.6,1492.271, NAN, NAN, NAN, NAN,,2024/04/07 10:46:48.099,2024-04-07 10:46:48.099000+00:00
2024/04/07, 10:47:48.099,35.898,-74.876,5.9,0.51,6.84,5.71,10.3, 10.3,1014.5, 1014.5,0.0, 0.0,0.0, 0.000,337, 332,11.1, 12.0,73.0, 73.5,8.6, 9.7,328.1, 322.8,1016.6, 1016.6,6.88,295.53,68.35,32.0587,11.6612,312.9,47.7,1492.224, NAN, NAN, NAN, NAN,,2024/04/07 10:47:48.099,2024-04-07 10:47:48.099000+00:00
2024/04/07, 10:48:48.099,35.9,-74.876,5.85,0.83,7.54,5.75,10.3, 10.3,1014.5, 1014.5,0.0, 0.0,0.0, 0.000,337, 331,11.3, 12.9,71.6, 71.8,8.8, 10.6,328.6, 322.7,1016.6, 1016.6,7.33,294.67,73.28,32.0545,11.6465,311.6,47.7,1492.168, NAN, NAN, NAN, NAN,,2024/04/07 10:48:48.099,2024-04-07 10:48:48.099000+00:00
2024/04/07, 10:49:48.099,35.901,-74.875,5.88,0.24,7.44,5.64,10.3, 10.3,1014.8, 1014.7,0.0, 0.0,0.0, 0.000,339, 333,10.5, 10.9,72.7, 72.8,8.0, 8.6,329.9, 322.8,1016.9, 1016.8,7.93,295.13,78.73,32.0505,11.632,313.6,47.7,1492.113, NAN, NAN, NAN, NAN,,2024/04/07 10:49:48.099,2024-04-07 10:49:48.099000+00:00
2024/04/07, 10:50:48.099,35.903,-74.875,5.9,0.3,5.6,5.74,10.3, 10.3,1014.7, 1014.7,0.0, 0.0,0.0, 0.000,342, 336,11.3, 11.8,73.4, 73.2,8.7, 9.4,334.4, 327.3,1016.8, 1016.8,8.34,294.17,83.37,32.0474,11.6245,321.7,47.6,1492.083, NAN, NAN, NAN, NAN,,2024/04/07 10:50:48.099,2024-04-07 10:50:48.099000+00:00
2024/04/07, 10:51:48.099,35.904,-74.875,5.89,0.74,10.46,5.66,10.2, 10.3,1014.8, 1014.7,0.0, 0.0,0.0, 0.000,341, 335,11.5, 11.8,73.2, 73.1,9.0, 9.5,333.2, 326.0,1016.9, 1016.8,8.74,293.85,88.43,32.0436,11.6164,315.0,47.7,1492.051, NAN, NAN, NAN, NAN,,2024/04/07 10:51:48.099,2024-04-07 10:51:48.099000+00:00
2024/04/07, 10:52:48.099,35.906,-74.875,5.9,359.83,9.36,5.57,10.2, 10.2,1014.7, 1014.7,0.0, 0.0,0.0, 0.000,342, 335,11.0, 11.5,72.4, 72.4,8.5, 9.2,333.3, 325.0,1016.8, 1016.8,9.26,293.32,93.45,32.0382,11.607,310.5,47.7,1492.011, NAN, NAN, NAN, NAN,,2024/04/07 10:52:48.099,2024-04-07 10:52:48.099000+00:00
2024/04/07, 10:53:48.100,35.907,-74.874,5.86,0.6,8.81,5.69,10.2, 10.2,1014.7, 1014.7,0.0, 0.0,0.0, 0.000,341, 335,11.4, 11.9,72.3, 72.4,8.9, 9.6,333.1, 326.1,1016.8, 1016.8,9.62,292.88,98.11,32.0329,11.5991,312.6,47.7,1491.978, NAN, NAN, NAN, NAN,,2024/04/07 10:53:48.100,2024-04-07 10:53:48.100000+00:00
2024/04/07, 10:54:48.100,35.909,-74.874,5.82,0.2,5.36,5.69,10.2, 10.2,1014.7, 1014.7,0.0, 0.0,0.0, 0.000,343, 338,10.9, 11.3,73.3, 73.5,8.3, 8.8,335.4, 329.4,1016.8, 1016.8,10.15,293.16,104.05,32.0297,11.5931,312.6,47.7,1491.953, NAN, NAN, NAN, NAN,,2024/04/07 10:54:48.100,2024-04-07 10:54:48.100000+00:00
2024/04/07, 10:55:48.100,35.911,-74.874,5.82,0.62,8.54,5.61,10.3, 10.3,1014.9, 1014.8,0.0, 0.0,0.0, 0.000,343, 336,10.3, 10.9,74.2, 74.0,7.8, 8.6,334.7, 326.4,1017.0, 1016.9,10.64,293.27,109.81,32.0259,11.5846,311.3,47.6,1491.919, NAN, NAN, NAN, NAN,,2024/04/07 10:55:48.100,2024-04-07 10:55:48.100000+00:00
2024/04/07, 10:56:48.100,35.912,-74.874,5.92,0.63,10.81,5.75,10.2, 10.3,1014.7, 1014.7,0.0, 0.0,0.0, 0.000,341, 335,12.1, 12.5,73.4, 73.3,9.6, 10.2,333.4, 326.4,1016.8, 1016.8,12.91,292.61,131.72,32.0229,11.5733,311.2,47.9,1491.876, NAN, NAN, NAN, NAN,,2024/04/07 10:56:48.100,2024-04-07 10:56:48.100000+00:00
2024/04/07, 10:57:48.100,35.914,-74.873,5.87,0.8,10.44,5.65,10.2, 10.2,1014.8, 1014.7,0.0, 0.0,0.0, 0.000,342, 335,11.0, 11.5,72.4, 72.4,8.5, 9.2,334.2, 325.9,1016.9, 1016.8,18.58,293.24,181.77,32.0214,11.5627,309.2,48.0,1491.837, NAN, NAN, NAN, NAN,,2024/04/07 10:57:48.100,2024-04-07 10:57:48.100000+00:00
2024/04/07, 10:58:48.100,35.915,-74.873,5.89,0.53,9.01,5.69,10.2, 10.2,1014.8, 1014.8,0.0, 0.0,0.0, 0.000,343, 337,11.9, 12.1,73.3, 73.4,9.3, 9.7,336.0, 328.7,1016.9, 1016.9,30.38,293.81,295.35,32.02,11.554,310.2,47.8,1491.805, NAN, NAN, NAN, NAN,,2024/04/07 10:58:48.100,2024-04-07 10:58:48.100000+00:00
2024/04/07, 10:59:48.100,35.917,-74.873,5.85,0.06,12.24,5.62,10.2, 10.2,1014.5, 1014.6,0.0, 0.0,0.0, 0.000,341, 335,11.8, 12.1,72.6, 73.3,9.4, 9.9,332.5, 325.4,1016.6, 1016.7,38.95,293.63,385.6,32.0178,11.5449,310.2,47.9,1491.771, NAN, NAN, NAN, NAN,,2024/04/07 10:59:48.100,2024-04-07 10:59:48.100000+00:00
2024/04/07, 11:00:48.100,35.918,-74.872,5.94,0.7,9.04,5.59,10.2, 10.2,1014.9, 1014.9,0.0, 0.0,0.0, 0.000,344, 337,10.9, 11.3,74.0, 74.1,8.3, 9.0,336.7, 328.3,1017.0, 1017.0,43.31,294.34,427.45,32.0172,11.539,314.7,47.7,1491.75, NAN, NAN, NAN, NAN,,2024/04/07 11:00:48.100,2024-04-07 11:00:48.100000+00:00
2024/04/07, 11:01:48.100,35.92,-74.872,5.92,0.32,4.72,5.71,10.2, 10.2,1014.8, 1014.7,0.0, 0.0,0.0, 0.000,342, 337,11.1, 11.5,73.7, 73.5,8.5, 9.0,334.4, 328.4,1016.9, 1016.8,44.17,294.31,447.05,32.0172,11.5345,309.6,47.5,1491.734, NAN, NAN, NAN, NAN,,2024/04/07 11:01:48.100,2024-04-07 11:01:48.100000+00:00
2024/04/07, 11:02:48.100,35.921,-74.872,5.89,0.77,9.58,5.67,10.2, 10.2,1014.7, 1014.7,0.0, 0.0,0.0, 0.000,342, 336,11.8, 12.3,73.4, 73.5,9.3, 9.9,334.9, 327.9,1016.8, 1016.8,49.99,294.17,490.08,32.0192,11.5282,313.9,47.5,1491.715, NAN, NAN, NAN, NAN,,2024/04/07 11:02:48.100,2024-04-07 11:02:48.100000+00:00
2024/04/07, 11:03:48.100,35.923,-74.872,5.88,0.77,8.16,5.82,10.2, 10.2,1014.8, 1014.8,0.0, 0.0,0.0, 0.000,343, 338,11.4, 12.0,73.2, 73.2,8.7, 9.4,336.3, 330.4,1016.9, 1016.9,53.76,294.88,515.78,32.0225,11.5199,317.2,47.7,1491.69, NAN, NAN, NAN, NAN,,2024/04/07 11:03:48.100,2024-04-07 11:03:48.100000+00:00
2024/04/07, 11:04:48.100,35.925,-74.871,5.93,0.34,11.49,5.66,10.2, 10.2,1014.7, 1014.8,0.0, 0.0,0.0, 0.000,342, 337,10.7, 11.1,74.6, 74.5,8.3, 8.8,332.6, 326.8,1016.8, 1016.9,57.27,295.92,542.3,32.0273,11.4992,312.9,47.5,1491.623, NAN, NAN, NAN, NAN,,2024/04/07 11:04:48.100,2024-04-07 11:04:48.100000+00:00
2024/04/07, 11:05:48.100,35.926,-74.871,5.95,0.35,9.14,5.7,10.2, 10.2,1014.7, 1014.7,0.0, 0.0,0.0, 0.000,344, 338,10.8, 11.4,74.0, 74.0,8.2, 9.0,335.7, 328.7,1016.8, 1016.8,61.89,296.77,570.76,32.0304,11.4811,319.3,46.8,1491.564, NAN, NAN, NAN, NAN,,2024/04/07 11:05:48.100,2024-04-07 11:05:48.100000+00:00
2024/04/07, 11:06:48.100,35.928,-74.871,5.88,0.3,12.08,5.81,10.2, 10.3,1014.7, 1014.7,0.0, 0.0,0.0, 0.000,347, 341,12.2, 12.6,74.0, 74.1,9.5, 10.1,340.3, 333.1,1016.8, 1016.8,66.76,297.55,601.78,32.0351,11.4727,314.2,46.7,1491.54, NAN, NAN, NAN, NAN,,2024/04/07 11:06:48.100,2024-04-07 11:06:48.100000+00:00
2024/04/07, 11:07:48.100,35.929,-74.871,5.89,0.51,4.21,5.73,10.2, 10.2,1014.8, 1014.8,0.0, 0.0,0.0, 0.000,346, 339,11.4, 11.7,73.8, 73.8,8.7, 9.2,340.0, 331.2,1016.9, 1016.9,67.0,300.28,599.78,32.0364,11.4685,317.9,46.6,1491.527, NAN, NAN, NAN, NAN,,2024/04/07 11:07:48.100,2024-04-07 11:07:48.100000+00:00
2024/04/07, 11:08:48.101,35.931,-74.87,5.91,0.82,5.14,5.76,10.2, 10.2,1014.9, 1014.8,0.0, 0.0,0.0, 0.000,348, 341,11.7, 11.9,73.7, 73.6,8.9, 9.3,342.9, 334.1,1017.0, 1016.9,73.71,303.53,656.88,32.0365,11.4651,312.6,46.7,1491.515, NAN, NAN, NAN, NAN,,2024/04/07 11:08:48.101,2024-04-07 11:08:48.101000+00:00
2024/04/07, 11:09:48.101,35.932,-74.87,5.9,2.75,10.46,5.69,10.2, 10.2,1014.8, 1014.8,0.0, 0.0,0.0, 0.000,343, 338,11.3, 11.5,73.3, 73.4,8.7, 9.1,337.7, 331.6,1016.9, 1016.9,74.45,307.82,653.83,32.0381,11.4617,312.0,46.8,1491.505, NAN, NAN, NAN, NAN,,2024/04/07 11:09:48.101,2024-04-07 11:09:48.101000+00:00
2024/04/07, 11:10:48.101,35.934,-74.87,5.89,4.09,12.42,5.71,10.2, 10.3,1014.9, 1014.8,0.0, 0.0,0.0, 0.000,344, 338,12.0, 12.3,73.5, 74.8,9.4, 9.9,340.9, 333.6,1017.0, 1016.9,69.18,311.33,492.0,32.0383,11.4582,312.9,46.8,1491.493, NAN, NAN, NAN, NAN,,2024/04/07 11:10:48.101,2024-04-07 11:10:48.101000+00:00
2024/04/07, 11:11:48.101,35.935,-74.869,5.95,3.16,9.08,5.55,10.3, 10.3,1014.9, 1014.9,0.0, 0.0,0.0, 0.000,346, 340,10.9, 11.3,74.8, 74.7,8.3, 8.9,342.0, 334.7,1017.0, 1017.0,68.44,314.69,509.8,32.0398,11.4555,315.0,46.8,1491.486, NAN, NAN, NAN, NAN,,2024/04/07 11:11:48.101,2024-04-07 11:11:48.101000+00:00
2024/04/07, 11:12:48.101,35.937,-74.869,5.86,3.48,11.0,5.72,10.3, 10.3,1014.8, 1014.7,0.0, 0.0,0.0, 0.000,348, 341,12.0, 12.3,73.3, 73.4,9.3, 9.7,345.6, 336.9,1016.9, 1016.8,53.91,317.0,324.78,32.0417,11.4512,312.9,46.7,1491.473, NAN, NAN, NAN, NAN,,2024/04/07 11:12:48.101,2024-04-07 11:12:48.101000+00:00
2024/04/07, 11:13:48.101,35.939,-74.869,5.89,4.17,10.91,5.83,10.3, 10.3,1014.7, 1014.7,0.0, 0.0,0.0, 0.000,349, 342,11.2, 11.5,73.3, 73.4,8.4, 8.8,347.2, 338.2,1016.8, 1016.8,55.71,320.23,353.67,32.0453,11.4456,311.6,46.7,1491.458, NAN, NAN, NAN, NAN,,2024/04/07 11:13:48.101,2024-04-07 11:13:48.101000+00:00
2024/04/07, 11:14:48.101,35.94,-74.868,5.95,3.2,4.2,5.89,10.3, 10.3,1014.8, 1014.8,0.0, 0.0,0.0, 0.000,349, 342,11.0, 11.2,74.4, 74.3,8.1, 8.4,347.3, 338.1,1016.9, 1016.9,58.65,322.82,330.34,32.0505,11.4451,312.6,46.7,1491.462, NAN, NAN, NAN, NAN,,2024/04/07 11:14:48.101,2024-04-07 11:14:48.101000+00:00
2024/04/07, 11:15:48.101,35.942,-74.868,5.41,3.92,10.25,5.19,10.2, 10.3,1014.9, 1014.9,0.0, 0.0,0.0, 0.000,346, 340,10.8, 11.1,72.5, 74.4,8.4, 8.8,343.3, 335.9,1017.0, 1017.0,65.63,324.27,365.04,32.0539,11.4513,315.6,46.7,1491.488, NAN, NAN, NAN, NAN,,2024/04/07 11:15:48.101,2024-04-07 11:15:48.101000+00:00
2024/04/07, 11:16:48.101,35.943,-74.868,4.79,3.9,10.23,4.58,10.2, 10.2,1014.9, 1014.9,0.0, 0.0,0.0, 0.000,348, 342,10.8, 11.0,72.8, 71.2,8.6, 8.9,346.9, 339.6,1017.0, 1017.0,78.81,324.63,439.51,32.058,11.4541,308.0,47.0,1491.503, NAN, NAN, NAN, NAN,,2024/04/07 11:16:48.101,2024-04-07 11:16:48.101000+00:00
2024/04/07, 11:17:48.101,35.944,-74.867,4.81,3.82,8.64,4.69,10.2, 10.2,1014.9, 1014.9,0.0, 0.0,0.0, 0.000,350, 344,11.2, 11.4,72.8, 72.7,8.9, 9.2,349.6, 342.3,1017.0, 1017.0,83.79,324.34,507.9,32.0643,11.456,310.5,47.0,1491.517, NAN, NAN, NAN, NAN,,2024/04/07 11:17:48.101,2024-04-07 11:17:48.101000+00:00
2024/04/07, 11:18:48.101,35.946,-74.867,5.17,3.48,9.76,5.0,10.2, 10.2,1014.7, 1014.8,0.0, 0.0,0.0, 0.000,348, 341,11.4, 11.6,72.9, 70.8,9.0, 9.3,346.6, 338.0,1016.8, 1016.9,70.43,323.2,369.28,32.0685,11.458,311.2,46.5,1491.529, NAN, NAN, NAN, NAN,,2024/04/07 11:18:48.101,2024-04-07 11:18:48.101000+00:00
2024/04/07, 11:19:48.101,35.947,-74.867,5.36,3.08,10.98,5.07,10.3, 10.3,1014.9, 1014.8,0.0, 0.0,0.0, 0.000,348, 342,11.0, 11.1,73.3, 73.2,8.6, 8.8,345.4, 337.9,1017.0, 1016.9,72.61,323.67,394.15,32.0712,11.4651,309.6,46.6,1491.557, NAN, NAN, NAN, NAN,,2024/04/07 11:19:48.101,2024-04-07 11:19:48.101000+00:00
2024/04/07, 11:20:48.101,35.948,-74.867,3.86,1.82,8.93,3.45,10.3, 10.3,1015.1, 1015.1,0.0, 0.0,0.0, 0.000,348, 341,10.4, 10.6,73.4, 73.4,8.8, 9.1,345.3, 337.2,1017.2, 1017.2,75.5,323.66,420.32,32.0759,11.4737,304.6,46.8,1491.593, NAN, NAN, NAN, NAN,,2024/04/07 11:20:48.101,2024-04-07 11:20:48.101000+00:00
2024/04/07, 11:21:48.101,35.949,-74.866,2.38,354.6,20.01,1.85,10.3, 10.3,1015.0, 1014.9,0.0, 0.0,0.0, 0.000,350, 343,10.3, 10.3,72.8, 73.5,9.6, 9.6,341.2, 333.7,1017.1, 1017.0,111.58,323.94,784.22,32.0784,11.4794,309.6,46.9,1491.615, NAN, NAN, NAN, NAN,,2024/04/07 11:21:48.101,2024-04-07 11:21:48.101000+00:00
2024/04/07, 11:22:48.101,35.949,-74.866,0.81,339.17,5.28,0.72,10.2, 10.3,1015.0, 1015.0,0.0, 0.0,0.0, 0.000,14, 8,10.0, 9.4,71.2, 71.3,9.7, 9.1,351.8, 345.6,1017.1, 1017.1,78.84,322.33,427.85,32.0831,11.4812,305.2,47.0,1491.627, NAN, NAN, NAN, NAN,,2024/04/07 11:22:48.101,2024-04-07 11:22:48.101000+00:00
2024/04/07, 11:23:48.101,35.949,-74.866,1.35,340.51,319.21,0.88,10.3, 10.3,1015.1, 1015.1,0.0, 0.0,0.0, 0.000,17, 12,9.7, 9.0,73.2, 73.1,9.3, 8.6,358.3, 353.1,1017.2, 1017.2,124.0,322.48,733.24,32.0855,11.4829,299.5,46.9,1491.636, NAN, NAN, NAN, NAN,,2024/04/07 11:23:48.101,2024-04-07 11:23:48.101000+00:00
2024/04/07, 11:24:48.102,35.95,-74.866,0.75,342.45,335.25,0.4,10.3, 10.3,1015.1, 1015.1,0.0, 0.0,0.0, 0.000,14, 7,9.6, 9.1,71.5, 71.5,9.4, 8.9,356.9, 349.8,1017.2, 1017.2,74.61,318.74,409.31,32.0849,11.4829,305.6,47.0,1491.635, NAN, NAN, NAN, NAN,,2024/04/07 11:24:48.102,2024-04-07 11:24:48.102000+00:00
2024/04/07, 11:25:48.102,35.95,-74.866,0.24,349.73,96.47,0.22,10.2, 10.3,1015.1, 1015.1,0.0, 0.0,0.0, 0.000,359, 353,9.5, 9.0,71.4, 71.4,9.5, 9.0,348.1, 342.1,1017.2, 1017.2,92.53,315.73,648.46,32.0867,11.4827,316.9,46.7,1491.637, NAN, NAN, NAN, NAN,,2024/04/07 11:25:48.102,2024-04-07 11:25:48.102000+00:00
2024/04/07, 11:26:48.102,35.95,-74.866,0.26,349.96,124.23,0.33,10.3, 10.3,1015.2, 1015.1,0.0, 0.0,0.0, 0.000,359, 353,8.0, 7.8,72.4, 72.5,8.1, 7.9,348.0, 342.1,1017.3, 1017.2,90.77,311.58,650.81,32.0876,11.4835,316.3,47.0,1491.641, NAN, NAN, NAN, NAN,,2024/04/07 11:26:48.102,2024-04-07 11:26:48.102000+00:00
2024/04/07, 11:27:48.102,35.95,-74.866,0.26,350.33,300.2,0.13,10.3, 10.4,1015.2, 1015.2,0.0, 0.0,0.0, 0.000,1, 354,9.5, 9.2,73.1, 73.1,9.5, 9.2,351.6, 344.6,1017.3, 1017.3,83.99,305.15,614.75,32.0883,11.4839,312.6,47.1,1491.643, NAN, NAN, NAN, NAN,,2024/04/07 11:27:48.102,2024-04-07 11:27:48.102000+00:00
2024/04/07, 11:28:48.102,35.95,-74.866,0.24,349.77,265.95,0.15,10.3, 10.3,1015.1, 1015.1,0.0, 0.0,0.0, 0.000,0, 353,9.7, 9.2,70.1, 69.7,9.7, 9.2,349.4, 342.4,1017.2, 1017.2,106.64,300.94,757.3,32.0884,11.4835,319.6,47.1,1491.642, NAN, NAN, NAN, NAN,,2024/04/07 11:28:48.102,2024-04-07 11:28:48.102000+00:00
2024/04/07, 11:29:48.102,35.95,-74.866,0.22,350.06,241.73,0.05,10.3, 10.3,1015.1, 1014.9,0.0, 0.0,0.0, 0.000,359, 353,10.0, 9.6,71.5, 71.5,10.0, 9.6,349.2, 343.2,1017.2, 1017.0,68.04,296.92,568.0,32.0903,11.4838,320.3,47.2,1491.645, NAN, NAN, NAN, NAN,,2024/04/07 11:29:48.102,2024-04-07 11:29:48.102000+00:00
2024/04/07, 11:30:48.102,35.95,-74.866,0.25,349.75,341.67,0.09,10.2, 10.3,1015.1, 1015.1,0.0, 0.0,0.0, 0.000,5, 358,10.0, 9.6,70.6, 70.9,10.0, 9.6,354.6, 347.6,1017.2, 1017.2,62.61,295.43,460.01,32.0894,11.4829,318.4,47.0,1491.641, NAN, NAN, NAN, NAN,,2024/04/07 11:30:48.102,2024-04-07 11:30:48.102000+00:00
2024/04/07, 11:31:48.102,35.95,-74.866,0.24,350.0,118.25,0.07,10.2, 10.3,1015.2, 1015.1,0.0, 0.0,0.0, 0.000,3, 357,9.0, 8.5,71.6, 71.6,9.0, 8.5,352.9, 346.9,1017.3, 1017.2,76.4,296.17,562.66,32.0896,11.4823,317.9,47.1,1491.639, NAN, NAN, NAN, NAN,,2024/04/07 11:31:48.102,2024-04-07 11:31:48.102000+00:00
2024/04/07, 11:32:48.102,35.95,-74.866,0.25,349.22,91.4,0.21,10.3, 10.3,1015.1, 1015.3,0.0, 0.0,0.0, 0.000,4, 357,10.7, 10.2,71.1, 71.0,10.7, 10.2,352.6, 345.6,1017.2, 1017.4,142.39,296.41,1074.26,32.0903,11.4832,321.1,47.1,1491.643, NAN, NAN, NAN, NAN,,2024/04/07 11:32:48.102,2024-04-07 11:32:48.102000+00:00
2024/04/07, 11:33:48.102,35.95,-74.866,0.29,349.75,53.13,0.13,10.2, 10.3,1015.2, 1015.3,0.0, 0.0,0.0, 0.000,7, 0,10.8, 10.3,67.9, 68.0,10.8, 10.3,356.4, 349.4,1017.3, 1017.4,131.19,296.98,707.48,32.091,11.4864,324.3,46.9,1491.655, NAN, NAN, NAN, NAN,,2024/04/07 11:33:48.102,2024-04-07 11:33:48.102000+00:00
2024/04/07, 11:34:48.102,35.95,-74.866,0.23,350.01,319.04,0.11,10.2, 10.3,1015.3, 1015.3,0.0, 0.0,0.0, 0.000,7, 1,9.3, 8.8,69.5, 69.3,9.2, 8.7,357.0, 351.0,1017.4, 1017.4,110.16,298.24,822.61,32.0914,11.4864,320.9,47.2,1491.655, NAN, NAN, NAN, NAN,,2024/04/07 11:34:48.102,2024-04-07 11:34:48.102000+00:00
2024/04/07, 11:35:48.102,35.95,-74.866,0.3,350.54,279.97,0.23,10.3, 10.3,1015.3, 1015.3,0.0, 0.0,0.0, 0.000,4, 358,9.3, 8.7,71.7, 71.8,9.3, 8.7,355.3, 349.3,1017.4, 1017.4,119.75,300.43,834.01,32.0909,11.4837,318.4,47.2,1491.645, NAN, NAN, NAN, NAN,,2024/04/07 11:35:48.102,2024-04-07 11:35:48.102000+00:00
2024/04/07, 11:36:48.102,35.95,-74.866,0.26,350.07,69.29,0.01,10.3, 10.3,1015.3, 1015.3,0.0, 0.0,0.0, 0.000,9, 3,7.9, 7.9,72.0, 71.9,7.9, 7.9,359.1, 353.1,1017.4, 1017.4,107.4,301.6,756.96,32.0923,11.4846,322.0,47.1,1491.65, NAN, NAN, NAN, NAN,,2024/04/07 11:36:48.102,2024-04-07 11:36:48.102000+00:00
2024/04/07, 11:37:48.102,35.95,-74.866,0.23,350.28,238.33,0.21,10.3, 10.3,1015.3, 1015.3,0.0, 0.0,0.0, 0.000,8, 2,9.3, 9.1,71.4, 71.1,9.3, 9.1,358.9, 353.0,1017.4, 1017.4,67.49,299.72,450.14,32.0932,11.4839,322.0,47.1,1491.649, NAN, NAN, NAN, NAN,,2024/04/07 11:37:48.102,2024-04-07 11:37:48.102000+00:00
2024/04/07, 11:38:48.102,35.95,-74.866,0.3,349.93,240.11,0.15,10.3, 10.4,1015.3, 1015.3,0.0, 0.0,0.0, 0.000,4, 358,8.4, 7.8,73.2, 73.1,8.4, 7.8,353.4, 347.4,1017.4, 1017.4,68.38,298.91,468.37,32.0948,11.479,320.0,47.2,1491.634, NAN, NAN, NAN, NAN,,2024/04/07 11:38:48.102,2024-04-07 11:38:48.102000+00:00
2024/04/07, 11:39:48.102,35.95,-74.866,0.26,350.34,355.73,0.14,10.3, 10.3,1015.4, 1015.3,0.0, 0.0,0.0, 0.000,2, 355,9.6, 9.1,69.5, 69.7,9.6, 9.1,352.7, 345.7,1017.5, 1017.4,93.27,296.98,857.26,32.0941,11.4764,323.6,47.4,1491.624, NAN, NAN, NAN, NAN,,2024/04/07 11:39:48.102,2024-04-07 11:39:48.102000+00:00
2024/04/07, 11:40:48.103,35.95,-74.866,0.28,350.22,311.8,0.05,10.3, 10.3,1015.3, 1015.3,0.0, 0.0,0.0, 0.000,3, 356,9.2, 8.9,70.1, 70.1,9.2, 8.9,353.2, 346.2,1017.4, 1017.4,187.89,297.59,1376.63,32.0939,11.4783,318.7,47.3,1491.63, NAN, NAN, NAN, NAN,,2024/04/07 11:40:48.103,2024-04-07 11:40:48.103000+00:00
2024/04/07, 11:41:48.103,35.95,-74.866,0.25,349.35,178.81,0.19,10.3, 10.3,1015.3, 1015.3,0.0, 0.0,0.0, 0.000,5, 359,9.1, 8.9,67.5, 67.4,9.1, 8.9,353.7, 347.7,1017.4, 1017.4,122.21,295.02,872.32,32.0951,11.4817,323.6,47.1,1491.643, NAN, NAN, NAN, NAN,,2024/04/07 11:41:48.103,2024-04-07 11:41:48.103000+00:00
2024/04/07, 11:42:48.103,35.95,-74.866,0.26,350.46,275.28,0.01,10.3, 10.3,1015.4, 1015.3,0.0, 0.0,0.0, 0.000,7, 0,9.1, 8.8,68.2, 67.9,9.1, 8.8,357.5, 350.5,1017.5, 1017.4,185.9,295.7,1375.17,32.0959,11.4802,319.3,47.1,1491.639, NAN, NAN, NAN, NAN,,2024/04/07 11:42:48.103,2024-04-07 11:42:48.103000+00:00
2024/04/07, 11:43:48.103,35.95,-74.866,0.23,349.91,82.48,0.08,10.3, 10.3,1015.4, 1015.4,0.0, 0.0,0.0, 0.000,1, 354,9.8, 9.4,70.3, 70.2,9.8, 9.4,350.7, 343.7,1017.5, 1017.5,174.89,294.91,1353.39,32.0969,11.481,323.6,47.0,1491.643, NAN, NAN, NAN, NAN,,2024/04/07 11:43:48.103,2024-04-07 11:43:48.103000+00:00
2024/04/07, 11:44:48.103,35.95,-74.866,0.28,350.03,81.71,0.14,10.3, 10.3,1015.3, 1015.4,0.0, 0.0,0.0, 0.000,5, 359,8.3, 8.1,69.7, 64.7,8.3, 8.1,355.5, 349.5,1017.4, 1017.5,188.56,296.13,1382.45,32.0983,11.4827,320.6,47.1,1491.651, NAN, NAN, NAN, NAN,,2024/04/07 11:44:48.103,2024-04-07 11:44:48.103000+00:00
2024/04/07, 11:45:48.103,35.95,-74.866,0.23,350.15,95.58,0.27,10.4, 10.4,1015.4, 1015.4,0.0, 0.0,0.0, 0.000,359, 353,9.3, 9.1,69.3, 69.4,9.3, 9.1,348.3, 342.3,1017.5, 1017.5,188.77,296.88,1379.28,32.0988,11.4836,320.3,47.1,1491.655, NAN, NAN, NAN, NAN,,2024/04/07 11:45:48.103,2024-04-07 11:45:48.103000+00:00
2024/04/07, 11:46:48.103,35.95,-74.866,0.22,349.55,179.3,0.2,10.4, 10.4,1015.4, 1015.3,0.0, 0.0,0.0, 0.000,7, 1,8.5, 8.3,67.5, 67.4,8.6, 8.4,356.3, 350.4,1017.5, 1017.4,193.55,297.21,1393.4,32.1001,11.4837,318.4,47.1,1491.656, NAN, NAN, NAN, NAN,,2024/04/07 11:46:48.103,2024-04-07 11:46:48.103000+00:00
2024/04/07, 11:47:48.103,35.95,-74.866,0.22,349.86,97.78,0.09,10.4, 10.4,1015.5, 1015.5,0.0, 0.0,0.0, 0.000,3, 356,9.6, 9.2,70.9, 70.7,9.6, 9.2,352.9, 345.9,1017.6, 1017.6,195.96,297.06,1411.25,32.1005,11.4812,316.3,47.1,1491.648, NAN, NAN, NAN, NAN,,2024/04/07 11:47:48.103,2024-04-07 11:47:48.103000+00:00
2024/04/07, 11:48:48.103,35.95,-74.866,0.23,350.51,246.5,0.06,10.3, 10.4,1015.4, 1015.5,0.0, 0.0,0.0, 0.000,5, 359,9.4, 9.1,66.1, 66.2,9.4, 9.1,355.5, 349.5,1017.5, 1017.6,200.49,298.24,1416.2,32.101,11.4827,321.7,46.6,1491.654, NAN, NAN, NAN, NAN,,2024/04/07 11:48:48.103,2024-04-07 11:48:48.103000+00:00
2024/04/07, 11:49:48.103,35.95,-74.866,0.24,349.91,224.62,0.13,10.3, 10.4,1015.5, 1015.5,0.0, 0.0,0.0, 0.000,5, 359,8.3, 7.9,68.5, 68.4,8.3, 7.9,355.4, 349.4,1017.6, 1017.6,202.19,300.67,1414.86,32.1012,11.4825,323.3,47.0,1491.654, NAN, NAN, NAN, NAN,,2024/04/07 11:49:48.103,2024-04-07 11:49:48.103000+00:00
2024/04/07, 11:50:48.103,35.95,-74.866,0.25,349.85,311.15,0.13,10.4, 10.4,1015.7, 1015.6,0.0, 0.0,0.0, 0.000,5, 357,8.0, 7.5,69.7, 68.7,7.9, 7.4,355.2, 347.1,1017.8, 1017.7,204.53,302.29,1404.85,32.1025,11.4809,322.0,47.1,1491.65, NAN, NAN, NAN, NAN,,2024/04/07 11:50:48.103,2024-04-07 11:50:48.103000+00:00
2024/04/07, 11:51:48.103,35.95,-74.866,0.31,349.88,83.35,0.12,10.4, 10.4,1015.6, 1015.5,0.0, 0.0,0.0, 0.000,8, 1,9.1, 8.7,65.4, 65.5,9.0, 8.6,357.8, 350.7,1017.7, 1017.6,221.81,303.19,1465.2,32.1026,11.4792,319.3,46.9,1491.644, NAN, NAN, NAN, NAN,,2024/04/07 11:51:48.103,2024-04-07 11:51:48.103000+00:00
2024/04/07, 11:52:48.103,35.95,-74.866,0.26,350.26,124.85,0.06,10.4, 10.4,1015.7, 1015.6,0.0, 0.0,0.0, 0.000,5, 358,9.2, 8.8,66.5, 66.3,9.2, 8.8,355.1, 348.1,1017.8, 1017.7,232.6,301.88,1478.42,32.1031,11.4768,320.3,46.9,1491.636, NAN, NAN, NAN, NAN,,2024/04/07 11:52:48.103,2024-04-07 11:52:48.103000+00:00
2024/04/07, 11:53:48.103,35.95,-74.866,0.25,350.69,34.81,0.27,10.4, 10.4,1015.5, 1015.6,0.0, 0.0,0.0, 0.000,9, 3,9.2, 8.9,66.5, 63.9,9.2, 8.9,358.9, 352.8,1017.6, 1017.7,232.33,299.12,1508.17,32.104,11.4768,317.2,46.6,1491.637, NAN, NAN, NAN, NAN,,2024/04/07 11:53:48.103,2024-04-07 11:53:48.103000+00:00
2024/04/07, 11:54:48.103,35.95,-74.866,0.29,349.95,43.62,0.24,10.3, 10.4,1015.6, 1015.6,0.0, 0.0,0.0, 0.000,6, 1,7.4, 7.5,65.3, 65.1,7.4, 7.5,355.0, 350.0,1017.7, 1017.7,230.93,298.19,1512.87,32.1045,11.4763,317.6,46.8,1491.636, NAN, NAN, NAN, NAN,,2024/04/07 11:54:48.103,2024-04-07 11:54:48.103000+00:00
2024/04/07, 11:55:48.104,35.95,-74.866,0.26,350.18,222.48,0.06,10.4, 10.4,1015.5, 1015.5,0.0, 0.0,0.0, 0.000,0, 354,8.5, 8.2,68.2, 68.1,8.5, 8.2,350.3, 344.3,1017.6, 1017.6,232.05,296.72,1527.24,32.1041,11.4765,315.0,46.6,1491.636, NAN, NAN, NAN, NAN,,2024/04/07 11:55:48.104,2024-04-07 11:55:48.104000+00:00
2024/04/07, 11:56:48.104,35.95,-74.866,0.27,349.47,68.37,0.14,10.4, 10.4,1015.5, 1015.5,0.0, 0.0,0.0, 0.000,10, 4,9.6, 9.2,65.5, 65.6,9.5, 9.1,359.5, 353.5,1017.6, 1017.6,235.98,295.2,1522.24,32.1047,11.4748,316.9,46.6,1491.631, NAN, NAN, NAN, NAN,,2024/04/07 11:56:48.104,2024-04-07 11:56:48.104000+00:00
2024/04/07, 11:57:48.104,35.95,-74.866,0.31,350.67,116.25,0.18,10.3, 10.4,1015.5, 1015.5,0.0, 0.0,0.0, 0.000,5, 358,8.8, 8.4,65.5, 65.4,8.8, 8.4,355.1, 348.0,1017.6, 1017.6,244.44,295.41,1551.53,32.1057,11.4709,317.6,46.4,1491.619, NAN, NAN, NAN, NAN,,2024/04/07 11:57:48.104,2024-04-07 11:57:48.104000+00:00
2024/04/07, 11:58:48.104,35.95,-74.866,0.32,350.2,120.91,0.04,10.3, 10.4,1015.5, 1015.5,0.0, 0.0,0.0, 0.000,2, 356,8.5, 8.0,66.1, 66.0,8.5, 8.0,352.1, 346.1,1017.6, 1017.6,199.73,295.21,1370.43,32.1072,11.4666,314.2,46.5,1491.605, NAN, NAN, NAN, NAN,,2024/04/07 11:58:48.104,2024-04-07 11:58:48.104000+00:00
2024/04/07, 11:59:48.104,35.95,-74.866,0.31,349.7,259.64,0.1,10.3, 10.4,1015.5, 1015.6,0.0, 0.0,0.0, 0.000,9, 3,8.8, 8.5,68.1, 68.1,8.8, 8.5,359.0, 353.0,1017.6, 1017.7,261.48,296.73,1573.19,32.1059,11.4643,311.6,46.6,1491.596, NAN, NAN, NAN, NAN,,2024/04/07 11:59:48.104,2024-04-07 11:59:48.104000+00:00
2024/04/07, 12:00:48.104,35.95,-74.866,0.24,349.69,245.85,0.1,10.3, 10.4,1015.6, 1015.6,0.0, 0.0,0.0, 0.000,4, 358,8.5, 8.2,66.1, 66.1,8.5, 8.2,354.0, 348.0,1017.7, 1017.7,186.45,295.01,1044.5,32.1066,11.4639,312.0,46.8,1491.595, NAN, NAN, NAN, NAN,,2024/04/07 12:00:48.104,2024-04-07 12:00:48.104000+00:00
2024/04/07, 12:01:48.104,35.95,-74.866,0.26,349.59,271.64,0.24,10.3, 10.4,1015.4, 1015.5,0.0, 0.0,0.0, 0.000,6, 0,9.6, 9.1,66.2, 66.4,9.6, 9.1,356.3, 350.3,1017.5, 1017.6,95.98,292.02,569.55,32.1067,11.4572,314.7,46.7,1491.572, NAN, NAN, NAN, NAN,,2024/04/07 12:01:48.104,2024-04-07 12:01:48.104000+00:00
2024/04/07, 12:02:48.104,35.95,-74.866,0.25,349.64,115.25,0.05,10.3, 10.3,1015.5, 1015.6,0.0, 0.0,0.0, 0.000,9, 2,8.8, 8.5,65.3, 65.2,8.8, 8.5,358.5, 351.5,1017.6, 1017.7,98.16,291.35,640.65,32.1072,11.447,315.6,46.8,1491.537, NAN, NAN, NAN, NAN,,2024/04/07 12:02:48.104,2024-04-07 12:02:48.104000+00:00
2024/04/07, 12:03:48.104,35.95,-74.866,0.26,350.26,242.18,0.27,10.3, 10.3,1015.5, 1015.6,0.0, 0.0,0.0, 0.000,6, 0,8.2, 7.8,67.6, 67.4,8.2, 7.8,357.2, 351.3,1017.6, 1017.7,87.51,290.88,586.09,32.1074,11.4392,312.3,46.6,1491.51, NAN, NAN, NAN, NAN,,2024/04/07 12:03:48.104,2024-04-07 12:03:48.104000+00:00
2024/04/07, 12:04:48.104,35.95,-74.866,0.21,349.77,166.28,0.09,10.3, 10.3,1015.7, 1015.7,0.0, 0.0,0.0, 0.000,6, 359,8.5, 7.9,67.1, 67.3,8.5, 7.9,355.7, 348.7,1017.8, 1017.8,250.85,292.83,1566.37,32.1074,11.4343,314.2,46.7,1491.493, NAN, NAN, NAN, NAN,,2024/04/07 12:04:48.104,2024-04-07 12:04:48.104000+00:00
2024/04/07, 12:05:48.104,35.95,-74.866,0.25,349.47,250.45,0.22,10.3, 10.4,1015.6, 1015.7,0.0, 0.0,0.0, 0.000,5, 358,9.2, 8.9,68.3, 68.4,9.2, 8.9,355.1, 348.2,1017.7, 1017.8,98.37,288.97,655.2,32.1082,11.4325,312.6,46.4,1491.488, NAN, NAN, NAN, NAN,,2024/04/07 12:05:48.104,2024-04-07 12:05:48.104000+00:00
2024/04/07, 12:06:48.104,35.95,-74.866,0.25,349.84,266.57,0.34,10.3, 10.3,1015.7, 1015.7,0.0, 0.0,0.0, 0.000,359, 353,7.5, 7.5,65.7, 65.7,7.5, 7.5,350.2, 344.2,1017.8, 1017.8,70.18,289.23,493.52,32.1085,11.4277,316.3,46.4,1491.471, NAN, NAN, NAN, NAN,,2024/04/07 12:06:48.104,2024-04-07 12:06:48.104000+00:00
2024/04/07, 12:07:48.104,35.95,-74.866,0.23,350.34,296.02,0.25,10.3, 10.3,1015.7, 1015.7,0.0, 0.0,0.0, 0.000,0, 353,8.8, 8.5,66.3, 65.4,8.7, 8.4,351.1, 344.1,1017.8, 1017.8,81.5,288.98,553.01,32.1084,11.422,316.3,46.2,1491.451, NAN, NAN, NAN, NAN,,2024/04/07 12:07:48.104,2024-04-07 12:07:48.104000+00:00
2024/04/07, 12:08:48.104,35.95,-74.866,0.27,350.13,306.6,0.12,10.3, 10.3,1015.7, 1015.7,0.0, 0.0,0.0, 0.000,1, 356,8.6, 8.1,65.9, 65.8,8.5, 8.0,351.3, 346.3,1017.8, 1017.8,266.68,292.4,1626.35,32.1076,11.4243,308.0,46.4,1491.458, NAN, NAN, NAN, NAN,,2024/04/07 12:08:48.104,2024-04-07 12:08:48.104000+00:00
2024/04/07, 12:09:48.104,35.95,-74.866,0.24,350.21,257.0,0.07,10.3, 10.3,1015.7, 1015.7,0.0, 0.0,0.0, 0.000,6, 0,10.0, 9.6,65.8, 65.1,10.0, 9.6,356.4, 350.4,1017.8, 1017.8,219.78,290.52,1415.77,32.109,11.4313,312.0,46.4,1491.484, NAN, NAN, NAN, NAN,,2024/04/07 12:09:48.104,2024-04-07 12:09:48.104000+00:00
2024/04/07, 12:10:48.104,35.95,-74.866,0.26,349.68,267.66,0.14,10.2, 10.3,1015.7, 1015.7,0.0, 0.0,0.0, 0.000,4, 358,8.3, 7.9,63.2, 63.4,8.3, 7.9,354.1, 348.1,1017.8, 1017.8,263.96,291.68,1592.2,32.1077,11.4338,313.2,46.4,1491.491, NAN, NAN, NAN, NAN,,2024/04/07 12:10:48.104,2024-04-07 12:10:48.104000+00:00
2024/04/07, 12:11:48.105,35.95,-74.866,0.24,349.17,167.11,0.19,10.3, 10.3,1015.8, 1015.8,0.0, 0.0,0.0, 0.000,9, 4,8.6, 8.7,68.1, 68.1,8.7, 8.8,357.9, 352.9,1017.9, 1017.9,263.17,291.83,1590.05,32.1086,11.4374,314.7,46.4,1491.505, NAN, NAN, NAN, NAN,,2024/04/07 12:11:48.105,2024-04-07 12:11:48.105000+00:00
2024/04/07, 12:12:48.105,35.95,-74.866,0.29,350.84,76.4,0.35,10.3, 10.3,1015.8, 1015.8,0.0, 0.0,0.0, 0.000,8, 1,9.3, 8.8,64.9, 64.9,9.2, 8.8,357.8, 350.7,1017.9, 1017.9,268.99,291.25,1599.63,32.1084,11.4361,311.6,46.3,1491.5, NAN, NAN, NAN, NAN,,2024/04/07 12:12:48.105,2024-04-07 12:12:48.105000+00:00
2024/04/07, 12:13:48.105,35.95,-74.866,0.26,350.42,190.37,0.05,10.3, 10.3,1015.7, 1015.7,0.0, 0.0,0.0, 0.000,359, 353,8.7, 8.5,66.2, 66.0,8.7, 8.5,349.6, 343.6,1017.8, 1017.8,266.12,291.32,1589.38,32.108,11.4362,313.9,46.2,1491.5, NAN, NAN, NAN, NAN,,2024/04/07 12:13:48.105,2024-04-07 12:13:48.105000+00:00
2024/04/07, 12:14:48.105,35.95,-74.866,0.32,349.39,262.33,0.31,10.3, 10.3,1015.8, 1015.8,0.0, 0.0,0.0, 0.000,358, 352,8.0, 7.8,66.5, 66.4,8.0, 7.7,348.5, 342.5,1017.9, 1017.9,274.28,291.39,1618.86,32.1074,11.4357,311.2,45.7,1491.498, NAN, NAN, NAN, NAN,,2024/04/07 12:14:48.105,2024-04-07 12:14:48.105000+00:00
2024/04/07, 12:15:48.105,35.95,-74.866,0.32,350.37,300.37,0.09,10.3, 10.3,1015.7, 1015.7,0.0, 0.0,0.0, 0.000,4, 358,7.8, 7.6,69.3, 69.3,7.8, 7.6,354.2, 348.2,1017.8, 1017.8,275.95,291.37,1622.21,32.1075,11.4336,310.5,46.2,1491.491, NAN, NAN, NAN, NAN,,2024/04/07 12:15:48.105,2024-04-07 12:15:48.105000+00:00
2024/04/07, 12:16:48.105,35.95,-74.866,0.22,349.99,292.47,0.05,10.3, 10.3,1015.8, 1015.8,0.0, 0.0,0.0, 0.000,3, 356,8.5, 8.2,69.6, 69.5,8.5, 8.2,353.1, 346.2,1017.9, 1017.9,278.93,291.11,1633.43,32.108,11.434,309.2,46.2,1491.493, NAN, NAN, NAN, NAN,,2024/04/07 12:16:48.105,2024-04-07 12:16:48.105000+00:00
2024/04/07, 12:17:48.105,35.95,-74.866,0.32,350.2,257.88,0.32,10.3, 10.3,1015.7, 1015.7,0.0, 0.0,0.0, 0.000,6, 0,8.4, 8.1,67.3, 67.4,8.4, 8.1,357.3, 351.4,1017.8, 1017.8,283.65,290.82,1642.04,32.1081,11.433,308.0,46.2,1491.489, NAN, NAN, NAN, NAN,,2024/04/07 12:17:48.105,2024-04-07 12:17:48.105000+00:00
2024/04/07, 12:18:48.105,35.95,-74.866,0.25,349.86,323.29,0.06,10.2, 10.3,1015.7, 1015.7,0.0, 0.0,0.0, 0.000,6, 359,9.0, 8.7,67.3, 67.3,9.0, 8.7,356.0, 349.0,1017.8, 1017.8,286.59,290.47,1624.42,32.1089,11.4358,312.9,46.3,1491.5, NAN, NAN, NAN, NAN,,2024/04/07 12:18:48.105,2024-04-07 12:18:48.105000+00:00
2024/04/07, 12:19:48.105,35.95,-74.866,0.23,349.97,136.57,0.11,10.2, 10.3,1015.8, 1015.7,0.0, 0.0,0.0, 0.000,358, 352,7.0, 7.0,68.4, 68.3,7.0, 7.0,347.5, 341.5,1017.9, 1017.8,290.09,291.89,1649.73,32.1092,11.4348,314.2,45.9,1491.497, NAN, NAN, NAN, NAN,,2024/04/07 12:19:48.105,2024-04-07 12:19:48.105000+00:00
2024/04/07, 12:20:48.105,35.95,-74.866,0.3,349.25,265.06,0.07,10.3, 10.3,1015.7, 1015.7,0.0, 0.0,0.0, 0.000,3, 356,8.1, 7.7,71.6, 71.5,8.1, 7.7,352.5, 345.5,1017.8, 1017.8,290.24,291.36,1652.56,32.1092,11.4294,310.8,45.9,1491.478, NAN, NAN, NAN, NAN,,2024/04/07 12:20:48.105,2024-04-07 12:20:48.105000+00:00
2024/04/07, 12:21:48.105,35.95,-74.866,0.22,350.37,91.22,0.15,10.3, 10.3,1015.7, 1015.7,0.0, 0.0,0.0, 0.000,3, 356,9.0, 8.7,70.2, 70.1,9.0, 8.7,353.9, 346.9,1017.8, 1017.8,293.24,290.79,1650.39,32.1093,11.4286,310.2,46.2,1491.475, NAN, NAN, NAN, NAN,,2024/04/07 12:21:48.105,2024-04-07 12:21:48.105000+00:00
2024/04/07, 12:22:48.105,35.95,-74.866,0.22,349.77,93.45,0.07,10.2, 10.2,1015.7, 1015.7,0.0, 0.0,0.0, 0.000,356, 350,8.6, 8.3,67.2, 67.0,8.6, 8.3,345.6, 339.6,1017.8, 1017.8,301.77,290.92,1668.17,32.1096,11.4294,310.8,46.3,1491.478, NAN, NAN, NAN, NAN,,2024/04/07 12:22:48.105,2024-04-07 12:22:48.105000+00:00
2024/04/07, 12:23:48.105,35.95,-74.866,0.2,348.88,357.55,0.07,10.2, 10.2,1015.7, 1015.7,0.0, 0.0,0.0, 0.000,2, 355,9.3, 9.0,67.5, 65.9,9.3, 9.0,351.1, 344.1,1017.8, 1017.8,304.45,290.61,1679.28,32.1104,11.4308,313.2,45.8,1491.484, NAN, NAN, NAN, NAN,,2024/04/07 12:23:48.105,2024-04-07 12:23:48.105000+00:00
2024/04/07, 12:24:48.105,35.95,-74.866,1.72,13.44,3.29,1.87,10.2, 10.2,1015.7, 1015.7,0.0, 0.0,0.0, 0.000,4, 352,9.5, 9.5,64.8, 64.9,8.5, 8.5,18.3, 4.9,1017.8, 1017.8,312.08,290.92,1698.62,32.1114,11.4288,310.8,45.8,1491.478, NAN, NAN, NAN, NAN,,2024/04/07 12:24:48.105,2024-04-07 12:24:48.105000+00:00
2024/04/07, 12:25:48.105,35.95,-74.866,2.76,87.52,84.17,3.29,10.2, 10.2,1015.9, 1015.7,0.0, 0.0,0.0, 0.000,291, 298,9.2, 11.1,65.5, 65.6,8.8, 10.4,8.1, 17.2,1018.0, 1017.8,297.44,291.75,1781.89,32.1106,11.4188,309.9,45.7,1491.443, NAN, NAN, NAN, NAN,,2024/04/07 12:25:48.105,2024-04-07 12:25:48.105000+00:00
2024/04/07, 12:26:48.106,35.95,-74.864,5.1,85.6,94.73,5.37,10.2, 10.2,1015.9, 1015.8,0.0, 0.0,0.0, 0.000,275, 284,8.8, 10.2,65.2, 65.1,9.4, 10.3,343.5, 354.1,1018.0, 1017.9,307.86,291.87,1795.59,32.1118,11.4094,310.8,45.6,1491.411, NAN, NAN, NAN, NAN,,2024/04/07 12:26:48.106,2024-04-07 12:26:48.106000+00:00
2024/04/07, 12:27:48.106,35.95,-74.862,6.89,83.15,88.99,7.09,10.3, 10.3,1016.0, 1015.8,0.0, 0.0,0.0, 0.000,291, 297,10.3, 12.0,66.6, 66.4,10.0, 11.3,353.6, 2.5,1018.1, 1017.9,306.25,291.65,1806.54,32.1124,11.4147,301.9,45.5,1491.43, NAN, NAN, NAN, NAN,,2024/04/07 12:27:48.106,2024-04-07 12:27:48.106000+00:00
2024/04/07, 12:28:48.106,35.95,-74.859,7.83,84.26,90.1,7.95,10.3, 10.3,1015.9, 1015.8,0.0, 0.0,0.0, 0.000,286, 295,10.4, 12.2,62.0, 61.8,10.4, 11.4,347.6, 359.7,1018.0, 1017.9,311.09,291.22,1805.17,32.1106,11.4381,282.4,45.7,1491.51, NAN, NAN, NAN, NAN,,2024/04/07 12:28:48.106,2024-04-07 12:28:48.106000+00:00
2024/04/07, 12:29:48.106,35.95,-74.857,7.31,54.51,75.55,6.2,10.3, 10.3,1015.9, 1015.8,0.0, 0.0,0.0, 0.000,291, 297,10.2, 12.3,64.6, 64.5,10.9, 12.6,328.5, 336.9,1018.0, 1017.9,306.76,290.92,1804.29,32.1133,11.4571,262.8,45.5,1491.579, NAN, NAN, NAN, NAN,,2024/04/07 12:29:48.106,2024-04-07 12:29:48.106000+00:00
2024/04/07, 12:30:48.106,35.951,-74.856,4.08,4.31,15.24,4.14,10.3, 10.4,1015.7, 1015.6,0.0, 0.0,0.0, 0.000,350, 344,11.4, 11.5,59.3, 59.1,9.5, 9.7,349.5, 342.4,1017.8, 1017.7,350.23,289.04,1757.16,32.1145,11.4802,254.0,45.7,1491.661, NAN, NAN, NAN, NAN,,2024/04/07 12:30:48.106,2024-04-07 12:30:48.106000+00:00
2024/04/07, 12:31:48.106,35.952,-74.856,4.93,357.85,2.76,5.06,10.3, 10.4,1015.6, 1015.6,0.0, 0.0,0.0, 0.000,357, 351,12.7, 12.3,58.5, 58.7,10.1, 9.8,352.8, 345.2,1017.7, 1017.7,342.1,288.28,1749.48,32.1163,11.4961,248.3,45.9,1491.719, NAN, NAN, NAN, NAN,,2024/04/07 12:31:48.106,2024-04-07 12:31:48.106000+00:00
2024/04/07, 12:32:48.106,35.954,-74.856,5.9,356.74,0.76,5.84,10.3, 10.4,1015.5, 1015.5,0.0, 0.0,0.0, 0.000,1, 355,13.1, 12.8,57.9, 59.2,10.1, 9.9,356.7, 348.8,1017.6, 1017.6,346.52,288.0,1755.37,32.1154,11.5123,246.0,45.7,1491.774, NAN, NAN, NAN, NAN,,2024/04/07 12:32:48.106,2024-04-07 12:32:48.106000+00:00
2024/04/07, 12:33:48.106,35.955,-74.856,6.38,357.14,358.55,6.34,10.3, 10.4,1015.5, 1015.5,0.0, 0.0,0.0, 0.000,0, 354,13.3, 13.0,59.6, 59.7,10.0, 9.8,356.7, 348.7,1017.6, 1017.6,347.73,287.86,1755.79,32.1147,11.5238,242.1,45.8,1491.814, NAN, NAN, NAN, NAN,,2024/04/07 12:33:48.106,2024-04-07 12:33:48.106000+00:00
2024/04/07, 12:34:48.106,35.957,-74.856,6.71,357.17,2.91,6.61,10.4, 10.4,1015.7, 1015.6,0.0, 0.0,0.0, 0.000,0, 353,12.5, 11.9,60.6, 60.6,9.1, 8.6,355.4, 345.5,1017.8, 1017.7,353.55,288.07,1767.34,32.1117,11.5304,241.5,46.1,1491.833, NAN, NAN, NAN, NAN,,2024/04/07 12:34:48.106,2024-04-07 12:34:48.106000+00:00
2024/04/07, 12:35:48.106,35.959,-74.856,6.8,357.07,358.62,6.65,10.4, 10.4,1015.7, 1015.7,0.0, 0.0,0.0, 0.000,1, 355,12.5, 12.2,62.8, 62.6,9.1, 8.8,357.5, 349.2,1017.8, 1017.8,354.08,288.34,1772.1,32.1089,11.5375,237.6,46.0,1491.854, NAN, NAN, NAN, NAN,,2024/04/07 12:35:48.106,2024-04-07 12:35:48.106000+00:00
2024/04/07, 12:36:48.106,35.961,-74.856,6.92,357.21,1.91,6.74,10.3, 10.4,1015.5, 1015.5,0.0, 0.0,0.0, 0.000,357, 351,13.5, 13.2,61.8, 61.6,10.1, 9.8,352.0, 343.9,1017.6, 1017.6,360.34,288.13,1782.89,32.105,11.5415,238.8,46.1,1491.864, NAN, NAN, NAN, NAN,,2024/04/07 12:36:48.106,2024-04-07 12:36:48.106000+00:00
2024/04/07, 12:37:48.106,35.963,-74.856,6.94,357.33,359.53,6.76,10.3, 10.4,1015.7, 1015.7,0.0, 0.0,0.0, 0.000,357, 349,11.8, 11.1,60.7, 60.7,8.3, 7.8,352.0, 340.3,1017.8, 1017.8,367.7,288.38,1785.66,32.1044,11.5391,238.4,46.2,1491.855, NAN, NAN, NAN, NAN,,2024/04/07 12:37:48.106,2024-04-07 12:37:48.106000+00:00
2024/04/07, 12:38:48.106,35.965,-74.855,6.83,0.63,5.98,6.5,10.3, 10.4,1015.5, 1015.6,0.0, 0.0,0.0, 0.000,353, 347,13.3, 13.1,60.9, 59.2,10.1, 10.0,349.5, 341.5,1017.6, 1017.7,363.94,287.68,1791.34,32.1035,11.5408,239.1,46.2,1491.859, NAN, NAN, NAN, NAN,,2024/04/07 12:38:48.106,2024-04-07 12:38:48.106000+00:00
2024/04/07, 12:39:48.106,35.966,-74.855,6.84,0.76,4.63,6.67,10.3, 10.4,1015.7, 1015.7,0.0, 0.0,0.0, 0.000,350, 344,11.7, 11.9,61.6, 61.6,8.4, 8.7,345.9, 337.8,1017.8, 1017.8,378.56,288.39,1803.78,32.1016,11.5531,237.6,46.2,1491.9, NAN, NAN, NAN, NAN,,2024/04/07 12:39:48.106,2024-04-07 12:39:48.106000+00:00
2024/04/07, 12:40:48.106,35.968,-74.855,6.92,0.98,7.33,6.52,10.3, 10.4,1015.7, 1015.7,0.0, 0.0,0.0, 0.000,352, 345,10.9, 10.9,64.5, 64.8,7.7, 7.8,347.3, 337.5,1017.8, 1017.8,379.6,288.84,1806.05,32.0993,11.5515,235.1,46.1,1491.892, NAN, NAN, NAN, NAN,,2024/04/07 12:40:48.106,2024-04-07 12:40:48.106000+00:00
2024/04/07, 12:41:48.107,35.97,-74.855,6.95,0.54,5.6,6.73,10.3, 10.4,1015.7, 1015.7,0.0, 0.0,0.0, 0.000,354, 347,11.9, 11.6,64.7, 64.6,8.5, 8.4,350.3, 340.4,1017.8, 1017.8,381.69,288.37,1808.63,32.1024,11.5605,233.0,46.2,1491.927, NAN, NAN, NAN, NAN,,2024/04/07 12:41:48.107,2024-04-07 12:41:48.107000+00:00
2024/04/07, 12:42:48.107,35.972,-74.855,6.95,1.38,4.63,6.67,10.3, 10.3,1015.6, 1015.6,0.0, 0.0,0.0, 0.000,353, 346,12.7, 12.4,63.0, 63.0,9.3, 9.2,350.7, 341.1,1017.7, 1017.7,389.41,287.64,1811.49,32.1038,11.5847,232.4,46.2,1492.013, NAN, NAN, NAN, NAN,,2024/04/07 12:42:48.107,2024-04-07 12:42:48.107000+00:00
2024/04/07, 12:43:48.107,35.974,-74.855,6.87,1.09,4.34,6.61,10.3, 10.3,1015.8, 1015.8,0.0, 0.0,0.0, 0.000,352, 345,11.5, 11.4,60.5, 60.5,8.2, 8.2,348.8, 339.0,1017.9, 1017.9,390.02,288.41,1820.42,32.0977,11.6076,227.8,46.1,1492.085, NAN, NAN, NAN, NAN,,2024/04/07 12:43:48.107,2024-04-07 12:43:48.107000+00:00
2024/04/07, 12:44:48.107,35.976,-74.855,6.6,1.1,2.14,6.32,10.3, 10.3,1015.7, 1015.7,0.0, 0.0,0.0, 0.000,355, 349,11.5, 11.2,60.9, 61.0,8.3, 8.1,353.4, 345.0,1017.8, 1017.8,395.81,288.45,1828.52,32.0975,11.648,229.9,46.1,1492.225, NAN, NAN, NAN, NAN,,2024/04/07 12:44:48.107,2024-04-07 12:44:48.107000+00:00
2024/04/07, 12:45:48.107,35.977,-74.854,6.52,1.01,3.69,6.24,10.3, 10.3,1015.8, 1015.8,0.0, 0.0,0.0, 0.000,355, 349,11.6, 11.4,63.2, 63.2,8.4, 8.3,352.9, 344.6,1017.9, 1017.9,399.19,288.22,1831.73,32.099,11.6964,228.0,46.2,1492.395, NAN, NAN, NAN, NAN,,2024/04/07 12:45:48.107,2024-04-07 12:45:48.107000+00:00
2024/04/07, 12:46:48.107,35.979,-74.854,6.37,0.79,4.34,6.15,10.3, 10.3,1015.8, 1015.8,0.0, 0.0,0.0, 0.000,350, 343,12.0, 12.0,61.6, 61.5,9.0, 9.1,346.1, 336.8,1017.9, 1017.9,403.09,287.85,1839.63,32.1025,11.7358,227.8,46.0,1492.535, NAN, NAN, NAN, NAN,,2024/04/07 12:46:48.107,2024-04-07 12:46:48.107000+00:00
2024/04/07, 12:47:48.107,35.981,-74.854,6.38,0.89,6.88,6.14,10.3, 10.3,1015.7, 1015.7,0.0, 0.0,0.0, 0.000,352, 345,11.6, 11.4,61.4, 61.3,8.5, 8.5,348.3, 338.8,1017.8, 1017.8,407.16,287.82,1842.59,32.1104,11.7519,226.5,46.2,1492.601, NAN, NAN, NAN, NAN,,2024/04/07 12:47:48.107,2024-04-07 12:47:48.107000+00:00
2024/04/07, 12:48:48.107,35.982,-74.854,6.39,0.74,5.41,6.16,10.3, 10.3,1015.8, 1015.8,0.0, 0.0,0.0, 0.000,357, 351,12.4, 12.0,63.3, 63.7,9.3, 8.9,355.5, 347.3,1017.9, 1017.9,410.46,287.72,1844.45,32.1193,11.7591,224.8,46.3,1492.636, NAN, NAN, NAN, NAN,,2024/04/07 12:48:48.107,2024-04-07 12:48:48.107000+00:00
2024/04/07, 12:49:48.107,35.984,-74.854,6.41,0.97,6.08,6.15,10.2, 10.3,1015.8, 1015.7,0.0, 0.0,0.0, 0.000,352, 346,10.9, 10.9,58.4, 64.2,7.8, 8.0,348.1, 339.9,1017.9, 1017.8,415.46,288.49,1853.54,32.1241,11.7693,226.3,46.2,1492.677, NAN, NAN, NAN, NAN,,2024/04/07 12:49:48.107,2024-04-07 12:49:48.107000+00:00
2024/04/07, 12:50:48.107,35.986,-74.854,6.43,0.73,1.82,6.06,10.3, 10.3,1015.9, 1015.9,0.0, 0.0,0.0, 0.000,358, 351,11.3, 11.1,62.7, 62.8,8.2, 8.1,357.0, 347.3,1018.0, 1018.0,415.31,288.65,1853.31,32.1258,11.7805,225.3,46.3,1492.718, NAN, NAN, NAN, NAN,,2024/04/07 12:50:48.107,2024-04-07 12:50:48.107000+00:00
2024/04/07, 12:51:48.107,35.987,-74.853,6.41,1.75,2.51,6.07,10.3, 10.3,1015.7, 1015.8,0.0, 0.0,0.0, 0.000,353, 346,12.4, 12.2,63.7, 63.4,9.3, 9.3,351.6, 342.2,1017.8, 1017.9,422.62,288.08,1861.26,32.126,11.7893,226.5,46.2,1492.749, NAN, NAN, NAN, NAN,,2024/04/07 12:51:48.107,2024-04-07 12:51:48.107000+00:00
2024/04/07, 12:52:48.107,35.989,-74.853,5.65,0.44,358.19,5.19,10.2, 10.3,1015.8, 1015.8,0.0, 0.0,0.0, 0.000,358, 351,11.7, 11.4,63.1, 63.1,9.0, 8.8,357.5, 348.3,1017.9, 1017.9,426.55,288.22,1865.67,32.1255,11.7894,223.1,46.2,1492.748, NAN, NAN, NAN, NAN,,2024/04/07 12:52:48.107,2024-04-07 12:52:48.107000+00:00
2024/04/07, 12:53:48.107,35.99,-74.853,4.7,358.84,3.88,4.45,10.3, 10.3,1015.8, 1015.8,0.0, 0.0,0.0, 0.000,354, 347,10.5, 10.3,64.0, 64.1,8.3, 8.1,350.1, 341.1,1017.9, 1017.9,433.56,288.89,1868.8,32.1259,11.7907,221.1,46.2,1492.753, NAN, NAN, NAN, NAN,,2024/04/07 12:53:48.107,2024-04-07 12:53:48.107000+00:00
2024/04/07, 12:54:48.107,35.992,-74.853,4.17,358.85,7.71,3.9,10.2, 10.3,1015.8, 1015.8,0.0, 0.0,0.0, 0.000,348, 342,9.8, 9.9,64.5, 64.7,8.0, 8.2,341.8, 334.6,1017.9, 1017.9,432.69,288.68,1870.57,32.1265,11.7926,222.1,46.2,1492.761, NAN, NAN, NAN, NAN,,2024/04/07 12:54:48.107,2024-04-07 12:54:48.107000+00:00
2024/04/07, 12:55:48.107,35.993,-74.853,3.94,358.83,9.74,3.78,10.2, 10.3,1015.8, 1015.8,0.0, 0.0,0.0, 0.000,354, 347,11.0, 10.8,64.0, 63.9,9.1, 9.0,349.6, 341.1,1017.9, 1017.9,436.35,288.26,1878.35,32.1268,11.7987,221.1,46.2,1492.782, NAN, NAN, NAN, NAN,,2024/04/07 12:55:48.107,2024-04-07 12:55:48.107000+00:00
2024/04/07, 12:56:48.107,35.994,-74.853,3.76,358.89,7.59,3.72,10.2, 10.3,1015.8, 1015.8,0.0, 0.0,0.0, 0.000,356, 350,11.0, 10.7,61.2, 64.5,9.1, 8.9,353.0, 345.7,1017.9, 1017.9,439.81,288.41,1883.05,32.1269,11.8059,224.8,46.4,1492.807, NAN, NAN, NAN, NAN,,2024/04/07 12:56:48.107,2024-04-07 12:56:48.107000+00:00
2024/04/07, 12:57:48.108,35.995,-74.853,4.2,358.63,2.82,4.01,10.2, 10.2,1016.1, 1015.9,0.0, 0.0,0.0, 0.000,347, 341,9.5, 9.6,65.6, 65.1,7.6, 7.8,340.4, 333.1,1018.2, 1018.0,441.79,289.04,1887.2,32.1275,11.8146,223.6,46.2,1492.838, NAN, NAN, NAN, NAN,,2024/04/07 12:57:48.108,2024-04-07 12:57:48.108000+00:00
2024/04/07, 12:58:48.108,35.996,-74.853,4.54,359.49,4.99,4.39,10.2, 10.2,1016.0, 1015.9,0.0, 0.0,0.0, 0.000,348, 341,9.8, 10.0,67.8, 68.4,7.7, 8.0,342.9, 334.2,1018.1, 1018.0,445.71,288.54,1890.21,32.1241,11.8232,220.3,46.0,1492.864, NAN, NAN, NAN, NAN,,2024/04/07 12:58:48.108,2024-04-07 12:58:48.108000+00:00
2024/04/07, 12:59:48.108,35.997,-74.853,4.75,358.66,8.13,4.5,10.2, 10.2,1015.9, 1015.8,0.0, 0.0,0.0, 0.000,345, 339,10.3, 10.7,67.3, 67.4,8.2, 8.7,337.5, 330.5,1018.0, 1017.9,451.98,288.12,1895.83,32.1304,11.8312,222.1,46.0,1492.899, NAN, NAN, NAN, NAN,,2024/04/07 12:59:48.108,2024-04-07 12:59:48.108000+00:00
2024/04/07, 13:00:48.108,35.998,-74.852,4.63,358.95,5.85,4.46,10.1, 10.2,1015.9, 1015.9,0.0, 0.0,0.0, 0.000,350, 343,10.7, 10.8,65.6, 65.5,8.5, 8.7,344.7, 336.0,1018.0, 1018.0,455.03,287.43,1899.02,32.1319,11.8369,220.0,46.0,1492.92, NAN, NAN, NAN, NAN,,2024/04/07 13:00:48.108,2024-04-07 13:00:48.108000+00:00
2024/04/07, 13:01:48.108,36.0,-74.852,4.51,358.8,7.09,4.42,10.1, 10.1,1015.8, 1015.8,0.0, 0.0,0.0, 0.000,350, 344,10.4, 10.5,64.5, 64.6,8.3, 8.5,344.0, 336.6,1017.9, 1017.9,459.16,287.79,1904.59,32.1353,11.8408,221.1,46.1,1492.938, NAN, NAN, NAN, NAN,,2024/04/07 13:01:48.108,2024-04-07 13:01:48.108000+00:00
2024/04/07, 13:02:48.108,36.001,-74.852,4.43,358.42,1.96,4.19,10.0, 10.1,1016.0, 1015.9,0.0, 0.0,0.0, 0.000,349, 343,9.7, 9.7,65.3, 65.2,7.7, 7.7,342.9, 335.4,1018.1, 1018.0,462.84,288.0,1904.56,32.1398,11.8548,220.9,46.3,1492.992, NAN, NAN, NAN, NAN,,2024/04/07 13:02:48.108,2024-04-07 13:02:48.108000+00:00
2024/04/07, 13:03:48.108,36.002,-74.852,4.43,358.69,7.38,4.12,10.1, 10.1,1015.9, 1016.0,0.0, 0.0,0.0, 0.000,346, 340,10.6, 10.8,67.9, 67.7,8.7, 9.0,339.5, 332.4,1018.0, 1018.1,464.64,288.28,1912.08,32.1421,11.885,223.6,46.3,1493.099, NAN, NAN, NAN, NAN,,2024/04/07 13:03:48.108,2024-04-07 13:03:48.108000+00:00
2024/04/07, 13:04:48.108,36.003,-74.852,4.42,359.67,1.15,4.36,10.1, 10.1,1015.9, 1015.9,0.0, 0.0,0.0, 0.000,344, 338,10.1, 10.4,69.7, 69.7,8.0, 8.4,338.3, 331.1,1018.0, 1018.0,469.24,287.89,1918.29,32.1439,11.9061,223.6,46.3,1493.174, NAN, NAN, NAN, NAN,,2024/04/07 13:04:48.108,2024-04-07 13:04:48.108000+00:00
2024/04/07, 13:05:48.108,36.004,-74.852,4.32,359.35,7.76,4.24,10.1, 10.1,1016.0, 1015.9,0.0, 0.0,0.0, 0.000,349, 343,10.7, 10.9,65.4, 65.1,8.6, 8.9,344.2, 337.0,1018.1, 1018.0,475.67,288.06,1922.27,32.1467,11.9217,220.9,45.0,1493.231, NAN, NAN, NAN, NAN,,2024/04/07 13:05:48.108,2024-04-07 13:05:48.108000+00:00
2024/04/07, 13:06:48.108,36.005,-74.852,4.34,359.35,359.09,4.12,10.0, 10.1,1015.9, 1015.9,0.0, 0.0,0.0, 0.000,345, 340,10.2, 10.5,65.8, 65.9,8.2, 8.6,339.8, 333.8,1018.0, 1018.0,472.59,287.7,1926.09,32.1489,11.9345,220.3,45.8,1493.277, NAN, NAN, NAN, NAN,,2024/04/07 13:06:48.108,2024-04-07 13:06:48.108000+00:00
2024/04/07, 13:07:48.108,36.007,-74.852,4.35,358.94,4.07,4.28,10.0, 10.1,1016.1, 1015.9,0.0, 0.0,0.0, 0.000,348, 341,9.9, 10.0,66.0, 64.8,7.8, 8.1,341.9, 333.2,1018.2, 1018.0,481.41,288.08,1926.97,32.1485,11.9332,217.6,46.0,1493.272, NAN, NAN, NAN, NAN,,2024/04/07 13:07:48.108,2024-04-07 13:07:48.108000+00:00
2024/04/07, 13:08:48.108,36.008,-74.852,4.33,358.86,5.89,4.28,10.0, 10.1,1016.0, 1015.9,0.0, 0.0,0.0, 0.000,349, 343,10.1, 10.3,65.0, 65.1,8.0, 8.3,343.3, 336.0,1018.1, 1018.0,480.37,287.63,1929.39,32.1482,11.926,216.9,46.1,1493.247, NAN, NAN, NAN, NAN,,2024/04/07 13:08:48.108,2024-04-07 13:08:48.108000+00:00
2024/04/07, 13:09:48.108,36.009,-74.851,4.37,359.16,5.32,4.23,10.0, 10.1,1016.0, 1015.9,0.0, 0.0,0.0, 0.000,354, 346,10.5, 10.4,65.0, 67.2,8.4, 8.4,349.8, 339.8,1018.1, 1018.0,487.58,287.88,1936.01,32.1459,11.9158,215.4,45.9,1493.209, NAN, NAN, NAN, NAN,,2024/04/07 13:09:48.108,2024-04-07 13:09:48.108000+00:00
2024/04/07, 13:10:48.108,36.01,-74.851,4.37,358.83,6.21,4.22,10.0, 10.1,1015.9, 1015.8,0.0, 0.0,0.0, 0.000,352, 346,10.4, 10.2,64.5, 64.6,8.3, 8.2,346.8, 339.3,1018.0, 1017.9,491.3,288.05,1942.52,32.1444,11.8999,216.0,46.1,1493.153, NAN, NAN, NAN, NAN,,2024/04/07 13:10:48.108,2024-04-07 13:10:48.108000+00:00
2024/04/07, 13:11:48.108,36.011,-74.851,4.35,359.29,3.87,4.32,10.1, 10.1,1016.0, 1016.0,0.0, 0.0,0.0, 0.000,351, 344,9.7, 9.9,65.8, 65.4,7.5, 7.8,346.8, 338.0,1018.1, 1018.1,494.66,288.41,1944.43,32.1417,11.8728,212.7,46.0,1493.056, NAN, NAN, NAN, NAN,,2024/04/07 13:11:48.108,2024-04-07 13:11:48.108000+00:00
2024/04/07, 13:12:48.108,36.012,-74.851,4.38,359.16,358.31,4.11,10.1, 10.1,1016.0, 1016.0,0.0, 0.0,0.0, 0.000,351, 344,10.5, 10.4,67.8, 67.5,8.5, 8.4,347.0, 338.3,1018.1, 1018.1,495.46,287.87,1947.19,32.1395,11.8431,213.6,45.7,1492.951, NAN, NAN, NAN, NAN,,2024/04/07 13:12:48.108,2024-04-07 13:12:48.108000+00:00
2024/04/07, 13:13:48.109,36.014,-74.851,4.31,358.56,4.21,4.16,10.1, 10.1,1015.9, 1015.8,0.0, 0.0,0.0, 0.000,351, 344,10.8, 10.9,63.1, 62.9,8.8, 9.0,345.5, 337.1,1018.0, 1017.9,504.61,287.65,1949.82,32.1406,11.8246,215.7,45.2,1492.888, NAN, NAN, NAN, NAN,,2024/04/07 13:13:48.109,2024-04-07 13:13:48.109000+00:00
2024/04/07, 13:14:48.109,36.015,-74.851,4.26,358.54,357.7,4.11,10.1, 10.2,1015.8, 1015.9,0.0, 0.0,0.0, 0.000,349, 343,11.4, 11.5,61.8, 61.6,9.4, 9.5,344.4, 337.2,1017.9, 1018.0,508.06,287.9,1952.08,32.1404,11.8094,215.1,46.0,1492.835, NAN, NAN, NAN, NAN,,2024/04/07 13:14:48.109,2024-04-07 13:14:48.109000+00:00
2024/04/07, 13:15:48.109,36.016,-74.851,4.28,359.03,2.65,4.06,10.2, 10.2,1016.0, 1016.0,0.0, 0.0,0.0, 0.000,350, 344,10.7, 10.7,62.9, 63.1,8.7, 8.8,345.4, 338.0,1018.1, 1018.1,513.09,288.02,1957.25,32.1358,11.8029,217.6,46.1,1492.807, NAN, NAN, NAN, NAN,,2024/04/07 13:15:48.109,2024-04-07 13:15:48.109000+00:00
2024/04/07, 13:16:48.109,36.017,-74.851,4.23,358.85,8.53,4.12,10.2, 10.2,1015.9, 1016.0,0.0, 0.0,0.0, 0.000,351, 343,10.8, 10.6,61.1, 60.7,8.8, 8.7,346.2, 336.4,1018.0, 1018.1,516.13,287.83,1959.55,32.1489,11.7974,220.0,46.0,1492.804, NAN, NAN, NAN, NAN,,2024/04/07 13:16:48.109,2024-04-07 13:16:48.109000+00:00
2024/04/07, 13:17:48.109,36.018,-74.85,4.31,358.88,10.81,4.32,10.2, 10.2,1016.0, 1016.0,0.0, 0.0,0.0, 0.000,351, 344,11.2, 11.1,61.6, 61.4,9.1, 9.2,345.3, 336.8,1018.1, 1018.1,519.64,287.97,1962.96,32.1516,11.7937,217.6,46.2,1492.795, NAN, NAN, NAN, NAN,,2024/04/07 13:17:48.109,2024-04-07 13:17:48.109000+00:00
2024/04/07, 13:18:48.109,36.019,-74.85,4.34,358.91,4.49,4.19,10.2, 10.3,1016.1, 1015.9,0.0, 0.0,0.0, 0.000,351, 344,10.2, 10.1,59.7, 61.9,8.1, 8.2,345.8, 337.0,1018.2, 1018.0,519.75,288.1,1965.35,32.1543,11.7907,218.2,46.2,1492.787, NAN, NAN, NAN, NAN,,2024/04/07 13:18:48.109,2024-04-07 13:18:48.109000+00:00
2024/04/07, 13:19:48.109,36.021,-74.85,4.38,359.02,2.93,4.22,10.2, 10.3,1016.1, 1016.0,0.0, 0.0,0.0, 0.000,353, 346,11.2, 11.0,61.6, 61.5,9.1, 9.0,348.7, 340.0,1018.2, 1018.1,527.02,288.21,1970.69,32.1564,11.7828,219.4,46.2,1492.763, NAN, NAN, NAN, NAN,,2024/04/07 13:19:48.109,2024-04-07 13:19:48.109000+00:00
2024/04/07, 13:20:48.109,36.022,-74.85,4.37,359.18,6.08,4.29,10.2, 10.3,1016.2, 1016.3,0.0, 0.0,0.0, 0.000,347, 341,11.0, 11.2,58.3, 58.4,8.9, 9.2,341.8, 334.6,1018.3, 1018.4,531.1,288.13,1972.87,32.1584,11.774,220.0,45.9,1492.735, NAN, NAN, NAN, NAN,,2024/04/07 13:20:48.109,2024-04-07 13:20:48.109000+00:00
2024/04/07, 13:21:48.109,36.023,-74.85,4.02,359.87,5.23,3.58,10.3, 10.3,1016.2, 1016.2,0.0, 0.0,0.0, 0.000,350, 343,11.2, 11.2,60.5, 60.8,9.5, 9.6,346.5, 338.3,1018.3, 1018.3,534.08,288.01,1975.83,32.1592,11.7635,220.6,46.1,1492.699, NAN, NAN, NAN, NAN,,2024/04/07 13:21:48.109,2024-04-07 13:21:48.109000+00:00
2024/04/07, 13:22:48.109,36.023,-74.85,1.8,352.96,18.55,1.55,10.2, 10.3,1016.2, 1016.2,0.0, 0.0,0.0, 0.000,358, 351,10.5, 10.3,60.0, 59.9,9.8, 9.7,348.7, 341.2,1018.3, 1018.3,538.8,288.52,1974.87,32.1606,11.7517,220.9,46.1,1492.66, NAN, NAN, NAN, NAN,,2024/04/07 13:22:48.109,2024-04-07 13:22:48.109000+00:00
2024/04/07, 13:23:48.109,36.024,-74.85,0.15,351.33,102.15,0.72,10.3, 10.3,1016.2, 1016.2,0.0, 0.0,0.0, 0.000,351, 344,7.7, 7.8,65.4, 65.4,7.8, 7.9,339.7, 332.8,1018.3, 1018.3,540.74,288.94,1973.57,32.161,11.7534,219.1,46.2,1492.666, NAN, NAN, NAN, NAN,,2024/04/07 13:23:48.109,2024-04-07 13:23:48.109000+00:00
2024/04/07, 13:24:48.109,36.024,-74.849,0.12,346.76,66.05,0.41,10.3, 10.3,1016.2, 1016.1,0.0, 0.0,0.0, 0.000,351, 344,9.1, 9.2,63.7, 63.5,9.1, 9.3,336.5, 329.5,1018.3, 1018.2,544.32,288.23,1974.66,32.1611,11.7639,219.1,46.2,1492.703, NAN, NAN, NAN, NAN,,2024/04/07 13:24:48.109,2024-04-07 13:24:48.109000+00:00
2024/04/07, 13:25:48.109,36.024,-74.849,0.14,345.02,77.33,0.3,10.2, 10.3,1016.2, 1016.2,0.0, 0.0,0.0, 0.000,356, 350,9.5, 9.1,60.1, 60.2,9.6, 9.2,340.2, 334.2,1018.3, 1018.3,546.17,288.08,1975.26,32.1596,11.7697,219.4,46.2,1492.721, NAN, NAN, NAN, NAN,,2024/04/07 13:25:48.109,2024-04-07 13:25:48.109000+00:00
2024/04/07, 13:26:48.109,36.024,-74.849,0.21,348.42,218.29,0.08,10.2, 10.3,1016.2, 1016.2,0.0, 0.0,0.0, 0.000,356, 349,9.3, 9.3,62.8, 62.9,9.3, 9.3,344.7, 337.7,1018.3, 1018.3,550.27,287.76,1979.65,32.1597,11.77,229.3,46.1,1492.722, NAN, NAN, NAN, NAN,,2024/04/07 13:26:48.109,2024-04-07 13:26:48.109000+00:00
2024/04/07, 13:27:48.109,36.024,-74.849,0.22,345.62,47.23,0.18,10.2, 10.2,1016.2, 1016.2,0.0, 0.0,0.0, 0.000,0, 354,9.1, 8.9,59.1, 59.0,9.1, 8.9,345.1, 339.0,1018.3, 1018.3,554.56,287.5,1982.02,32.1664,11.7734,237.6,46.2,1492.742, NAN, NAN, NAN, NAN,,2024/04/07 13:27:48.109,2024-04-07 13:27:48.109000+00:00
2024/04/07, 13:28:48.110,36.024,-74.849,0.22,345.63,233.33,0.23,10.2, 10.2,1016.3, 1016.2,0.0, 0.0,0.0, 0.000,0, 353,8.7, 8.4,61.1, 61.0,8.7, 8.4,346.3, 339.4,1018.4, 1018.3,556.14,288.05,1984.57,32.1751,11.77,252.8,45.8,1492.741, NAN, NAN, NAN, NAN,,2024/04/07 13:28:48.110,2024-04-07 13:28:48.110000+00:00
2024/04/07, 13:29:48.110,36.024,-74.849,0.27,344.72,175.81,0.04,10.2, 10.3,1016.2, 1016.2,0.0, 0.0,0.0, 0.000,3, 355,10.4, 10.0,63.3, 63.6,10.4, 10.0,347.6, 339.6,1018.3, 1018.3,561.38,287.25,1987.14,32.1975,11.7656,284.3,45.8,1492.752, NAN, NAN, NAN, NAN,,2024/04/07 13:29:48.110,2024-04-07 13:29:48.110000+00:00
2024/04/07, 13:30:48.110,36.024,-74.849,0.31,344.98,19.36,0.07,10.2, 10.2,1016.2, 1016.1,0.0, 0.0,0.0, 0.000,357, 351,9.1, 8.8,61.8, 62.1,9.1, 8.8,342.0, 336.0,1018.3, 1018.2,567.73,287.7,1992.1,32.1995,11.7663,295.5,46.0,1492.757, NAN, NAN, NAN, NAN,,2024/04/07 13:30:48.110,2024-04-07 13:30:48.110000+00:00
2024/04/07, 13:31:48.110,36.024,-74.849,0.21,345.05,259.04,0.13,10.2, 10.2,1016.2, 1016.2,0.0, 0.0,0.0, 0.000,2, 355,9.9, 9.5,63.1, 62.4,9.9, 9.5,347.4, 340.5,1018.3, 1018.3,566.84,287.22,1995.46,32.2006,11.7651,297.1,46.0,1492.754, NAN, NAN, NAN, NAN,,2024/04/07 13:31:48.110,2024-04-07 13:31:48.110000+00:00
2024/04/07, 13:32:48.110,36.024,-74.849,0.38,345.33,346.08,0.22,10.2, 10.2,1016.2, 1016.2,0.0, 0.0,0.0, 0.000,357, 351,8.3, 8.2,62.8, 62.6,8.3, 8.2,341.6, 335.6,1018.3, 1018.3,569.19,288.12,1998.12,32.1861,11.7631,287.6,46.1,1492.73, NAN, NAN, NAN, NAN,,2024/04/07 13:32:48.110,2024-04-07 13:32:48.110000+00:00
2024/04/07, 13:33:48.110,36.024,-74.849,0.16,345.78,242.98,0.07,10.2, 10.2,1016.1, 1016.1,0.0, 0.0,0.0, 0.000,351, 345,10.4, 10.3,63.8, 64.3,10.4, 10.3,337.0, 331.0,1018.2, 1018.2,580.66,287.42,2001.0,32.1789,11.7625,286.0,45.9,1492.719, NAN, NAN, NAN, NAN,,2024/04/07 13:33:48.110,2024-04-07 13:33:48.110000+00:00
2024/04/07, 13:34:48.110,36.024,-74.849,0.16,343.54,121.97,0.31,10.2, 10.2,1016.3, 1016.2,0.0, 0.0,0.0, 0.000,354, 349,8.9, 8.9,61.9, 62.0,9.0, 9.0,336.7, 331.7,1018.4, 1018.3,575.73,287.71,2001.17,32.178,11.7605,285.1,45.9,1492.711, NAN, NAN, NAN, NAN,,2024/04/07 13:34:48.110,2024-04-07 13:34:48.110000+00:00
2024/04/07, 13:35:48.110,36.024,-74.849,0.29,344.04,60.43,0.17,10.2, 10.2,1016.3, 1016.2,0.0, 0.0,0.0, 0.000,358, 351,10.6, 10.3,61.7, 63.4,10.6, 10.3,341.6, 334.6,1018.4, 1018.3,585.26,287.49,2004.0,32.1732,11.7605,282.7,46.2,1492.706, NAN, NAN, NAN, NAN,,2024/04/07 13:35:48.110,2024-04-07 13:35:48.110000+00:00
2024/04/07, 13:36:48.110,36.024,-74.849,0.21,345.25,205.12,0.05,10.2, 10.2,1016.3, 1016.2,0.0, 0.0,0.0, 0.000,357, 351,9.1, 8.8,63.9, 64.0,9.1, 8.8,342.1, 336.1,1018.4, 1018.3,584.01,287.88,2007.59,32.1701,11.7634,283.0,46.1,1492.712, NAN, NAN, NAN, NAN,,2024/04/07 13:36:48.110,2024-04-07 13:36:48.110000+00:00
2024/04/07, 13:37:48.110,36.024,-74.849,0.22,345.45,249.09,0.04,10.2, 10.2,1016.3, 1016.3,0.0, 0.0,0.0, 0.000,357, 351,9.1, 8.8,64.2, 64.2,9.1, 8.8,342.6, 336.6,1018.4, 1018.4,590.4,288.15,2009.45,32.1691,11.7628,283.3,46.2,1492.709, NAN, NAN, NAN, NAN,,2024/04/07 13:37:48.110,2024-04-07 13:37:48.110000+00:00
2024/04/07, 13:38:48.110,36.024,-74.849,0.16,345.39,68.97,0.26,10.2, 10.2,1016.3, 1016.3,0.0, 0.0,0.0, 0.000,352, 346,8.4, 8.3,64.1, 64.1,8.4, 8.3,336.5, 330.5,1018.4, 1018.4,594.99,288.03,2013.42,32.1685,11.7657,277.6,46.4,1492.718, NAN, NAN, NAN, NAN,,2024/04/07 13:38:48.110,2024-04-07 13:38:48.110000+00:00
2024/04/07, 13:39:48.110,36.024,-74.849,0.14,344.12,115.04,0.14,10.1, 10.2,1016.3, 1016.3,0.0, 0.0,0.0, 0.000,355, 349,10.0, 9.8,64.6, 64.6,10.0, 9.8,338.8, 332.8,1018.4, 1018.4,600.28,287.49,2014.12,32.1709,11.7631,281.6,46.1,1492.712, NAN, NAN, NAN, NAN,,2024/04/07 13:39:48.110,2024-04-07 13:39:48.110000+00:00
2024/04/07, 13:40:48.110,36.024,-74.849,0.15,344.04,260.71,0.03,10.1, 10.2,1016.3, 1016.2,0.0, 0.0,0.0, 0.000,355, 348,10.0, 9.8,63.5, 63.5,10.0, 9.8,339.0, 332.0,1018.4, 1018.3,604.44,287.59,2018.05,32.1716,11.762,282.4,45.9,1492.709, NAN, NAN, NAN, NAN,,2024/04/07 13:40:48.110,2024-04-07 13:40:48.110000+00:00
2024/04/07, 13:41:48.110,36.024,-74.849,0.3,344.8,3.93,0.1,10.1, 10.2,1016.3, 1016.3,0.0, 0.0,0.0, 0.000,359, 353,9.2, 8.9,62.5, 63.6,9.1, 8.8,343.8, 337.8,1018.4, 1018.4,606.86,288.04,2022.14,32.1756,11.7608,290.7,45.5,1492.709, NAN, NAN, NAN, NAN,,2024/04/07 13:41:48.110,2024-04-07 13:41:48.110000+00:00
2024/04/07, 13:42:48.110,36.024,-74.849,0.17,345.51,47.5,0.14,10.2, 10.1,1016.5, 1016.3,0.0, 0.0,0.0, 0.000,359, 352,8.5, 8.4,67.4, 62.5,8.4, 8.3,344.7, 337.7,1018.6, 1018.4,613.25,288.21,2023.15,32.1747,11.7585,281.7,45.8,1492.7, NAN, NAN, NAN, NAN,,2024/04/07 13:42:48.110,2024-04-07 13:42:48.110000+00:00
2024/04/07, 13:43:48.111,36.024,-74.849,0.25,345.99,257.78,0.15,10.2, 10.2,1016.2, 1016.2,0.0, 0.0,0.0, 0.000,6, 0,9.7, 9.5,65.2, 65.2,9.7, 9.5,351.5, 345.5,1018.3, 1018.3,617.81,287.57,2026.05,32.1719,11.7539,271.5,45.9,1492.681, NAN, NAN, NAN, NAN,,2024/04/07 13:43:48.111,2024-04-07 13:43:48.111000+00:00
2024/04/07, 13:44:48.111,36.024,-74.849,0.19,345.63,23.22,0.19,10.1, 10.2,1016.3, 1016.3,0.0, 0.0,0.0, 0.000,358, 351,8.4, 8.3,63.3, 63.3,8.4, 8.3,343.0, 336.0,1018.4, 1018.4,618.02,287.75,2027.31,32.1697,11.7573,274.8,45.9,1492.69, NAN, NAN, NAN, NAN,,2024/04/07 13:44:48.111,2024-04-07 13:44:48.111000+00:00
2024/04/07, 13:45:48.111,36.024,-74.849,0.13,345.36,116.21,0.22,10.2, 10.2,1016.3, 1016.3,0.0, 0.0,0.0, 0.000,352, 345,9.6, 9.6,65.9, 65.8,9.7, 9.7,336.8, 329.8,1018.4, 1018.4,620.37,288.05,2030.47,32.1711,11.7578,277.9,45.7,1492.694, NAN, NAN, NAN, NAN,,2024/04/07 13:45:48.111,2024-04-07 13:45:48.111000+00:00
2024/04/07, 13:46:48.111,36.024,-74.849,0.15,343.59,275.62,0.04,10.1, 10.2,1016.3, 1016.3,0.0, 0.0,0.0, 0.000,358, 351,9.7, 9.4,63.1, 63.4,9.7, 9.4,341.7, 334.7,1018.4, 1018.4,626.77,287.93,2031.68,32.1803,11.7577,283.0,45.7,1492.704, NAN, NAN, NAN, NAN,,2024/04/07 13:46:48.111,2024-04-07 13:46:48.111000+00:00
2024/04/07, 13:47:48.111,36.024,-74.849,0.11,344.72,109.55,0.2,10.1, 10.2,1016.3, 1016.2,0.0, 0.0,0.0, 0.000,358, 352,10.2, 9.9,63.5, 63.7,10.2, 9.9,342.2, 336.2,1018.4, 1018.3,632.61,287.6,2035.14,32.1882,11.7619,286.4,45.8,1492.728, NAN, NAN, NAN, NAN,,2024/04/07 13:47:48.111,2024-04-07 13:47:48.111000+00:00
2024/04/07, 13:48:48.111,36.024,-74.849,0.17,345.32,85.4,0.41,10.1, 10.1,1016.3, 1016.3,0.0, 0.0,0.0, 0.000,359, 353,8.8, 8.6,66.6, 66.7,8.8, 8.7,343.0, 337.0,1018.4, 1018.4,633.85,287.75,2036.81,32.1885,11.7675,291.8,45.9,1492.748, NAN, NAN, NAN, NAN,,2024/04/07 13:48:48.111,2024-04-07 13:48:48.111000+00:00
2024/04/07, 13:49:48.111,36.024,-74.849,0.26,344.4,47.03,0.04,10.1, 10.1,1016.3, 1016.2,0.0, 0.0,0.0, 0.000,351, 345,9.0, 9.0,65.9, 66.1,9.0, 9.0,335.4, 329.3,1018.4, 1018.3,636.15,288.1,2039.47,32.1938,11.7684,290.4,45.8,1492.758, NAN, NAN, NAN, NAN,,2024/04/07 13:49:48.111,2024-04-07 13:49:48.111000+00:00
2024/04/07, 13:50:48.111,36.024,-74.849,0.39,343.76,49.2,0.22,10.1, 10.1,1016.4, 1016.3,0.0, 0.0,0.0, 0.000,354, 348,8.3, 8.3,65.9, 65.9,8.2, 8.3,337.1, 331.0,1018.5, 1018.4,639.35,288.48,2040.41,32.1904,11.7657,282.7,45.4,1492.744, NAN, NAN, NAN, NAN,,2024/04/07 13:50:48.111,2024-04-07 13:50:48.111000+00:00
2024/04/07, 13:51:48.111,36.024,-74.849,0.14,343.81,76.44,0.25,10.1, 10.1,1016.3, 1016.3,0.0, 0.0,0.0, 0.000,356, 350,9.7, 9.5,65.6, 65.4,9.7, 9.5,339.1, 333.0,1018.4, 1018.4,644.13,287.99,2042.87,32.1844,11.7663,278.7,45.8,1492.739, NAN, NAN, NAN, NAN,,2024/04/07 13:51:48.111,2024-04-07 13:51:48.111000+00:00
2024/04/07, 13:52:48.111,36.024,-74.849,0.17,345.03,266.3,0.28,10.1, 10.1,1016.3, 1016.2,0.0, 0.0,0.0, 0.000,358, 351,9.8, 9.4,66.0, 64.0,9.8, 9.4,343.9, 336.9,1018.4, 1018.3,647.29,288.0,2046.1,32.1861,11.7657,283.3,46.1,1492.739, NAN, NAN, NAN, NAN,,2024/04/07 13:52:48.111,2024-04-07 13:52:48.111000+00:00
2024/04/07, 13:53:48.111,36.024,-74.849,0.18,345.92,77.5,0.3,10.1, 10.1,1016.3, 1016.3,0.0, 0.0,0.0, 0.000,353, 346,8.6, 8.4,64.7, 64.9,8.6, 8.4,337.9, 330.9,1018.4, 1018.4,650.36,288.38,2048.91,32.1824,11.7647,275.6,46.0,1492.731, NAN, NAN, NAN, NAN,,2024/04/07 13:53:48.111,2024-04-07 13:53:48.111000+00:00
2024/04/07, 13:54:48.111,36.024,-74.849,0.31,345.16,101.36,0.1,10.1, 10.1,1016.3, 1016.3,0.0, 0.0,0.0, 0.000,349, 343,8.1, 8.1,65.2, 65.0,8.1, 8.1,334.3, 328.3,1018.4, 1018.4,654.02,288.58,2050.5,32.1792,11.7623,270.8,46.0,1492.719, NAN, NAN, NAN, NAN,,2024/04/07 13:54:48.111,2024-04-07 13:54:48.111000+00:00
2024/04/07, 13:55:48.111,36.024,-74.849,0.18,344.77,306.52,0.27,10.1, 10.1,1016.5, 1016.3,0.0, 0.0,0.0, 0.000,350, 345,10.0, 9.9,65.3, 65.0,9.9, 9.8,335.2, 330.1,1018.6, 1018.4,658.67,288.42,2051.28,32.1864,11.7626,279.3,45.8,1492.729, NAN, NAN, NAN, NAN,,2024/04/07 13:55:48.111,2024-04-07 13:55:48.111000+00:00
2024/04/07, 13:56:48.111,36.024,-74.849,0.17,345.42,286.18,0.05,10.1, 10.1,1016.4, 1016.3,0.0, 0.0,0.0, 0.000,349, 343,9.3, 9.4,64.6, 64.8,9.3, 9.4,334.5, 328.5,1018.5, 1018.4,661.29,288.18,2054.87,32.1987,11.7604,291.3,45.9,1492.736, NAN, NAN, NAN, NAN,,2024/04/07 13:56:48.111,2024-04-07 13:56:48.111000+00:00
2024/04/07, 13:57:48.111,36.024,-74.849,0.2,344.11,302.09,0.1,10.1, 10.1,1016.4, 1016.3,0.0, 0.0,0.0, 0.000,4, 357,10.3, 10.0,67.1, 67.1,10.3, 10.0,348.4, 341.4,1018.5, 1018.4,665.61,288.15,2057.55,32.2151,11.7596,299.2,45.9,1492.753, NAN, NAN, NAN, NAN,,2024/04/07 13:57:48.111,2024-04-07 13:57:48.111000+00:00
2024/04/07, 13:58:48.112,36.024,-74.849,0.2,345.52,297.38,0.27,10.1, 10.1,1016.3, 1016.4,0.0, 0.0,0.0, 0.000,357, 350,9.3, 9.1,66.4, 66.4,9.2, 9.0,343.3, 336.2,1018.4, 1018.5,667.9,288.33,2058.87,32.2065,11.765,290.0,46.0,1492.761, NAN, NAN, NAN, NAN,,2024/04/07 13:58:48.112,2024-04-07 13:58:48.112000+00:00
2024/04/07, 13:59:48.112,36.024,-74.849,0.18,345.28,84.75,0.07,10.1, 10.1,1016.3, 1016.4,0.0, 0.0,0.0, 0.000,357, 350,9.7, 9.5,65.9, 65.9,9.7, 9.5,342.2, 335.2,1018.4, 1018.5,666.94,288.2,2059.05,32.2037,11.7663,288.1,46.1,1492.762, NAN, NAN, NAN, NAN,,2024/04/07 13:59:48.112,2024-04-07 13:59:48.112000+00:00
2024/04/07, 14:00:48.112,36.024,-74.849,0.17,344.29,96.1,0.26,10.1, 10.1,1016.3, 1016.3,0.0, 0.0,0.0, 0.000,349, 342,9.5, 9.6,64.6, 65.1,9.6, 9.7,332.6, 325.6,1018.4, 1018.4,672.52,288.5,2061.42,32.2023,11.7693,284.3,45.9,1492.771, NAN, NAN, NAN, NAN,,2024/04/07 14:00:48.112,2024-04-07 14:00:48.112000+00:00
2024/04/07, 14:01:48.112,36.024,-74.849,0.23,344.1,97.7,0.06,10.1, 10.1,1016.4, 1016.3,0.0, 0.0,0.0, 0.000,6, 0,10.2, 10.0,61.6, 61.6,10.2, 10.0,349.9, 344.0,1018.5, 1018.4,676.41,288.42,2064.19,32.204,11.7688,279.6,45.9,1492.771, NAN, NAN, NAN, NAN,,2024/04/07 14:01:48.112,2024-04-07 14:01:48.112000+00:00
2024/04/07, 14:02:48.112,36.024,-74.849,1.04,346.18,7.69,1.25,10.1, 10.2,1016.3, 1016.3,0.0, 0.0,0.0, 0.000,352, 347,9.6, 9.4,64.6, 64.6,9.0, 8.8,336.7, 331.3,1018.4, 1018.4,678.92,288.48,2066.05,32.2005,11.7674,277.9,46.0,1492.762, NAN, NAN, NAN, NAN,,2024/04/07 14:02:48.112,2024-04-07 14:02:48.112000+00:00
2024/04/07, 14:03:48.112,36.024,-74.849,3.05,354.45,359.08,3.09,10.2, 10.2,1016.4, 1016.3,0.0, 0.0,0.0, 0.000,349, 343,10.9, 11.2,65.1, 64.9,9.4, 9.7,341.2, 334.3,1018.5, 1018.4,681.06,288.17,2070.47,32.2037,11.7534,279.6,45.9,1492.717, NAN, NAN, NAN, NAN,,2024/04/07 14:03:48.112,2024-04-07 14:03:48.112000+00:00
2024/04/07, 14:04:48.112,36.025,-74.849,4.14,359.54,6.24,3.96,10.2, 10.2,1016.6, 1016.5,0.0, 0.0,0.0, 0.000,349, 342,10.8, 10.9,64.4, 64.2,8.9, 9.1,344.6, 336.2,1018.7, 1018.6,685.33,289.33,2076.3,32.2121,11.749,288.4,45.9,1492.712, NAN, NAN, NAN, NAN,,2024/04/07 14:04:48.112,2024-04-07 14:04:48.112000+00:00
2024/04/07, 14:05:48.112,36.027,-74.849,4.51,0.81,10.07,4.29,10.2, 10.2,1016.6, 1016.5,0.0, 0.0,0.0, 0.000,342, 337,12.4, 12.6,66.0, 65.8,10.5, 10.8,337.2, 331.5,1018.7, 1018.6,692.93,288.88,2075.9,32.2124,11.7478,282.4,45.7,1492.708, NAN, NAN, NAN, NAN,,2024/04/07 14:05:48.112,2024-04-07 14:05:48.112000+00:00
2024/04/07, 14:06:48.112,36.028,-74.849,3.74,356.12,10.99,3.58,10.1, 10.2,1016.4, 1016.4,0.0, 0.0,0.0, 0.000,345, 339,11.4, 11.8,62.8, 62.8,9.8, 10.3,336.0, 329.4,1018.5, 1018.5,692.91,289.16,2077.45,32.2071,11.7428,254.7,46.1,1492.685, NAN, NAN, NAN, NAN,,2024/04/07 14:06:48.112,2024-04-07 14:06:48.112000+00:00
2024/04/07, 14:07:48.112,36.029,-74.849,3.61,355.67,0.98,3.5,10.1, 10.2,1016.4, 1016.5,0.0, 0.0,0.0, 0.000,354, 347,11.1, 10.7,63.6, 63.3,9.3, 9.0,347.5, 339.1,1018.5, 1018.6,694.9,289.49,2078.97,32.2035,11.7409,231.4,46.0,1492.674, NAN, NAN, NAN, NAN,,2024/04/07 14:07:48.112,2024-04-07 14:07:48.112000+00:00
2024/04/07, 14:08:48.112,36.03,-74.849,3.43,356.49,3.68,3.38,10.1, 10.2,1016.3, 1016.5,0.0, 0.0,0.0, 0.000,345, 339,10.9, 11.4,63.3, 63.2,9.3, 9.9,337.5, 330.7,1018.4, 1018.6,701.91,289.32,2080.73,32.2021,11.7345,220.9,46.1,1492.65, NAN, NAN, NAN, NAN,,2024/04/07 14:08:48.112,2024-04-07 14:08:48.112000+00:00
2024/04/07, 14:09:48.112,36.03,-74.849,3.37,355.17,12.98,3.17,10.1, 10.2,1016.5, 1016.5,0.0, 0.0,0.0, 0.000,348, 342,10.5, 10.4,65.2, 65.0,9.1, 9.1,338.6, 331.7,1018.6, 1018.6,702.79,290.68,2082.64,32.2052,11.7357,214.2,46.1,1492.658, NAN, NAN, NAN, NAN,,2024/04/07 14:09:48.112,2024-04-07 14:09:48.112000+00:00
2024/04/07, 14:10:48.112,36.031,-74.849,3.37,355.72,5.17,3.19,10.2, 10.2,1016.4, 1016.3,0.0, 0.0,0.0, 0.000,348, 342,12.2, 12.2,64.3, 64.3,10.7, 10.8,340.3, 333.5,1018.5, 1018.4,706.05,289.64,2083.84,32.2077,11.7459,210.0,45.9,1492.696, NAN, NAN, NAN, NAN,,2024/04/07 14:10:48.112,2024-04-07 14:10:48.112000+00:00
2024/04/07, 14:11:48.112,36.032,-74.849,3.45,355.52,5.18,3.3,10.1, 10.2,1016.5, 1016.6,0.0, 0.0,0.0, 0.000,353, 346,13.0, 12.9,62.3, 64.6,11.4, 11.4,346.1, 338.1,1018.6, 1018.7,711.37,289.13,2084.37,32.2111,11.7552,209.3,46.1,1492.733, NAN, NAN, NAN, NAN,,2024/04/07 14:11:48.112,2024-04-07 14:11:48.112000+00:00
2024/04/07, 14:12:48.112,36.033,-74.848,3.99,356.5,1.16,3.97,10.1, 10.1,1016.5, 1016.6,0.0, 0.0,0.0, 0.000,343, 336,11.8, 12.1,62.9, 62.8,9.9, 10.4,335.1, 327.1,1018.6, 1018.7,711.91,289.82,2087.66,32.2149,11.7637,210.0,46.1,1492.766, NAN, NAN, NAN, NAN,,2024/04/07 14:12:48.112,2024-04-07 14:12:48.112000+00:00
2024/04/07, 14:13:48.113,36.034,-74.848,4.42,357.03,1.37,4.23,10.1, 10.1,1016.5, 1016.5,0.0, 0.0,0.0, 0.000,347, 342,11.3, 11.3,64.2, 64.3,9.2, 9.3,340.1, 334.0,1018.6, 1018.6,715.29,290.75,2088.71,32.2165,11.7686,205.6,46.0,1492.785, NAN, NAN, NAN, NAN,,2024/04/07 14:13:48.113,2024-04-07 14:13:48.113000+00:00
2024/04/07, 14:14:48.113,36.036,-74.848,4.59,356.58,10.21,4.35,10.1, 10.2,1016.5, 1016.4,0.0, 0.0,0.0, 0.000,341, 335,13.0, 13.4,63.8, 63.9,11.1, 11.6,332.1, 325.4,1018.6, 1018.5,718.56,289.69,2092.45,32.2186,11.7776,204.4,46.2,1492.819, NAN, NAN, NAN, NAN,,2024/04/07 14:14:48.113,2024-04-07 14:14:48.113000+00:00
2024/04/07, 14:15:48.113,36.037,-74.848,4.4,356.6,8.02,4.22,10.1, 10.1,1016.4, 1016.3,0.0, 0.0,0.0, 0.000,351, 344,15.0, 15.0,61.6, 61.5,13.0, 13.1,344.4, 336.4,1018.5, 1018.4,724.65,288.91,2094.4,32.2206,11.7926,204.4,46.3,1492.873, NAN, NAN, NAN, NAN,,2024/04/07 14:15:48.113,2024-04-07 14:15:48.113000+00:00
2024/04/07, 14:16:48.113,36.038,-74.848,4.31,356.4,0.57,4.04,10.1, 10.1,1016.4, 1016.3,0.0, 0.0,0.0, 0.000,351, 343,13.7, 13.8,59.7, 59.9,11.7, 11.9,344.7, 335.4,1018.5, 1018.4,725.79,288.82,2095.74,32.2243,11.804,203.8,46.3,1492.917, NAN, NAN, NAN, NAN,,2024/04/07 14:16:48.113,2024-04-07 14:16:48.113000+00:00
2024/04/07, 14:17:48.113,36.039,-74.848,4.32,356.64,6.32,4.12,10.1, 10.1,1016.4, 1016.4,0.0, 0.0,0.0, 0.000,351, 343,12.7, 12.6,61.6, 61.8,10.7, 10.7,344.2, 334.8,1018.5, 1018.5,727.39,289.43,2094.84,32.2286,11.8134,202.0,46.4,1492.955, NAN, NAN, NAN, NAN,,2024/04/07 14:17:48.113,2024-04-07 14:17:48.113000+00:00
2024/04/07, 14:18:48.113,36.04,-74.848,4.37,357.41,2.29,4.18,10.1, 10.1,1016.5, 1016.4,0.0, 0.0,0.0, 0.000,349, 342,13.8, 13.7,60.9, 60.9,11.7, 11.7,343.7, 335.4,1018.6, 1018.5,734.4,288.79,2099.28,32.235,11.8185,201.4,46.2,1492.98, NAN, NAN, NAN, NAN,,2024/04/07 14:18:48.113,2024-04-07 14:18:48.113000+00:00
2024/04/07, 14:19:48.113,36.041,-74.848,4.26,355.94,6.22,4.12,10.0, 10.1,1016.5, 1016.4,0.0, 0.0,0.0, 0.000,356, 350,13.5, 13.3,59.0, 59.1,11.4, 11.3,349.8, 342.7,1018.6, 1018.5,734.4,289.18,2101.07,32.2404,11.824,200.8,46.4,1493.005, NAN, NAN, NAN, NAN,,2024/04/07 14:19:48.113,2024-04-07 14:19:48.113000+00:00
2024/04/07, 14:20:48.113,36.042,-74.848,4.3,356.76,3.0,4.08,10.0, 10.1,1016.4, 1016.3,0.0, 0.0,0.0, 0.000,357, 351,13.7, 13.7,59.5, 59.6,11.6, 11.7,352.4, 345.3,1018.5, 1018.4,738.71,288.87,2103.31,32.2457,11.8291,200.8,46.2,1493.029, NAN, NAN, NAN, NAN,,2024/04/07 14:20:48.113,2024-04-07 14:20:48.113000+00:00
2024/04/07, 14:21:48.113,36.044,-74.848,4.23,356.98,10.37,4.02,10.0, 10.1,1016.3, 1016.3,0.0, 0.0,0.0, 0.000,355, 348,14.7, 14.3,57.5, 57.4,12.7, 12.4,349.4, 341.2,1018.4, 1018.4,741.46,288.71,2102.9,32.2459,11.8335,199.9,46.2,1493.045, NAN, NAN, NAN, NAN,,2024/04/07 14:21:48.113,2024-04-07 14:21:48.113000+00:00
2024/04/07, 14:22:48.113,36.044,-74.848,2.97,354.32,10.86,2.59,10.0, 10.1,1016.5, 1016.5,0.0, 0.0,0.0, 0.000,355, 348,13.8, 13.8,55.8, 55.8,12.6, 12.6,347.1, 339.5,1018.6, 1018.6,743.66,287.29,2105.76,32.2459,11.8344,201.1,46.3,1493.048, NAN, NAN, NAN, NAN,,2024/04/07 14:22:48.113,2024-04-07 14:22:48.113000+00:00
2024/04/07, 14:23:48.113,36.045,-74.847,1.3,351.97,10.37,0.99,10.0, 10.1,1016.5, 1016.5,0.0, 0.0,0.0, 0.000,3, 357,13.6, 13.0,54.8, 54.6,13.1, 12.5,354.2, 348.0,1018.6, 1018.6,745.27,287.75,2102.74,32.2473,11.8396,200.1,46.5,1493.068, NAN, NAN, NAN, NAN,,2024/04/07 14:23:48.113,2024-04-07 14:23:48.113000+00:00
2024/04/07, 14:24:48.113,36.045,-74.847,0.07,349.56,118.05,0.42,10.0, 10.0,1016.4, 1016.4,0.0, 0.0,0.0, 0.000,0, 354,12.7, 12.3,56.9, 56.7,12.8, 12.4,348.6, 342.6,1018.5, 1018.5,748.31,287.52,2102.6,32.2466,11.8492,200.1,46.3,1493.1, NAN, NAN, NAN, NAN,,2024/04/07 14:24:48.113,2024-04-07 14:24:48.113000+00:00
2024/04/07, 14:25:48.113,36.045,-74.847,0.53,347.0,179.29,0.29,10.0, 10.0,1016.5, 1016.5,0.0, 0.0,0.0, 0.000,358, 352,11.5, 11.2,55.6, 55.5,11.6, 11.3,344.5, 338.5,1018.6, 1018.6,750.49,288.1,2104.36,32.2412,11.8551,199.9,46.4,1493.114, NAN, NAN, NAN, NAN,,2024/04/07 14:25:48.113,2024-04-07 14:25:48.113000+00:00
2024/04/07, 14:26:48.113,36.045,-74.847,0.29,347.65,272.98,0.18,10.0, 10.0,1016.6, 1016.6,0.0, 0.0,0.0, 0.000,3, 357,10.8, 10.7,57.2, 57.4,10.8, 10.7,350.2, 344.2,1018.7, 1018.7,753.63,289.06,2104.44,32.2366,11.8549,199.2,46.4,1493.108, NAN, NAN, NAN, NAN,,2024/04/07 14:26:48.113,2024-04-07 14:26:48.113000+00:00
2024/04/07, 14:27:48.113,36.045,-74.847,0.13,346.47,220.63,0.12,10.0, 10.0,1016.9, 1016.6,0.0, 0.0,0.0, 0.000,4, 357,11.6, 11.2,60.1, 58.0,11.6, 11.2,350.8, 343.8,1019.0, 1018.7,757.32,287.83,2105.72,32.2359,11.8542,203.2,46.3,1493.104, NAN, NAN, NAN, NAN,,2024/04/07 14:27:48.113,2024-04-07 14:27:48.113000+00:00
2024/04/07, 14:28:48.113,36.045,-74.847,0.32,344.6,66.55,0.17,10.0, 10.0,1016.7, 1016.6,0.0, 0.0,0.0, 0.000,4, 356,11.3, 10.5,59.5, 59.4,11.3, 10.5,348.2, 340.1,1018.8, 1018.7,759.72,288.43,2105.11,32.2358,11.8546,207.2,46.4,1493.106, NAN, NAN, NAN, NAN,,2024/04/07 14:28:48.113,2024-04-07 14:28:48.113000+00:00
2024/04/07, 14:29:48.114,36.045,-74.847,0.25,345.57,68.41,0.37,10.0, 10.0,1016.5, 1016.6,0.0, 0.0,0.0, 0.000,3, 357,12.5, 12.0,58.6, 58.6,12.5, 12.0,347.7, 341.7,1018.6, 1018.7,763.81,287.31,2108.47,32.2334,11.8514,215.1,46.2,1493.092, NAN, NAN, NAN, NAN,,2024/04/07 14:29:48.114,2024-04-07 14:29:48.114000+00:00
2024/04/07, 14:30:48.114,36.045,-74.847,0.28,344.98,256.63,0.28,9.9, 10.0,1016.6, 1016.7,0.0, 0.0,0.0, 0.000,6, 0,12.9, 12.4,55.2, 55.4,13.0, 12.4,351.6, 345.6,1018.7, 1018.8,768.89,287.96,2110.47,32.277,11.8449,242.1,46.4,1493.121, NAN, NAN, NAN, NAN,,2024/04/07 14:30:48.114,2024-04-07 14:30:48.114000+00:00
2024/04/07, 14:31:48.114,36.045,-74.847,0.39,344.85,78.22,0.17,10.0, 10.0,1016.6, 1016.7,0.0, 0.0,0.0, 0.000,5, 0,13.0, 12.3,59.2, 59.0,13.0, 12.3,349.5, 344.5,1018.7, 1018.8,774.03,287.78,2109.46,32.2736,11.8425,243.6,46.5,1493.109, NAN, NAN, NAN, NAN,,2024/04/07 14:31:48.114,2024-04-07 14:31:48.114000+00:00
2024/04/07, 14:32:48.114,36.045,-74.847,0.31,346.8,237.05,0.32,9.9, 10.0,1016.6, 1016.6,0.0, 0.0,0.0, 0.000,2, 355,13.7, 13.0,54.4, 54.4,13.7, 13.0,349.5, 342.5,1018.7, 1018.7,777.44,287.02,2111.92,32.2974,11.8435,262.8,46.4,1493.141, NAN, NAN, NAN, NAN,,2024/04/07 14:32:48.114,2024-04-07 14:32:48.114000+00:00
2024/04/07, 14:33:48.114,36.045,-74.847,0.34,346.68,145.69,0.27,9.9, 9.9,1016.6, 1016.8,0.0, 0.0,0.0, 0.000,7, 1,13.9, 13.4,54.0, 53.9,14.0, 13.5,353.2, 347.2,1018.7, 1018.9,777.97,287.14,2111.86,32.3135,11.8404,269.2,45.9,1493.15, NAN, NAN, NAN, NAN,,2024/04/07 14:33:48.114,2024-04-07 14:33:48.114000+00:00
2024/04/07, 14:34:48.114,36.045,-74.847,1.03,349.22,355.26,1.04,9.9, 9.9,1016.8, 1016.8,0.0, 0.0,0.0, 0.000,0, 353,13.5, 12.8,51.3, 51.5,13.0, 12.3,348.3, 341.0,1018.9, 1018.9,785.25,286.86,2115.75,32.3173,11.8406,273.2,46.0,1493.155, NAN, NAN, NAN, NAN,,2024/04/07 14:34:48.114,2024-04-07 14:34:48.114000+00:00
2024/04/07, 14:35:48.114,36.046,-74.847,2.23,345.82,1.63,2.13,9.9, 9.9,1016.5, 1016.7,0.0, 0.0,0.0, 0.000,5, 359,14.1, 13.6,49.4, 49.3,13.0, 12.5,350.3, 343.8,1018.6, 1018.8,787.17,286.56,2115.98,32.327,11.8412,278.4,45.8,1493.168, NAN, NAN, NAN, NAN,,2024/04/07 14:35:48.114,2024-04-07 14:35:48.114000+00:00
2024/04/07, 14:36:48.114,36.046,-74.847,3.12,352.9,357.11,2.97,9.9, 9.9,1016.6, 1016.8,0.0, 0.0,0.0, 0.000,357, 350,14.3, 13.7,51.5, 51.8,12.8, 12.2,349.1, 341.2,1018.7, 1018.9,793.06,286.39,2119.22,32.3437,11.8382,286.0,46.0,1493.178, NAN, NAN, NAN, NAN,,2024/04/07 14:36:48.114,2024-04-07 14:36:48.114000+00:00
2024/04/07, 14:37:48.114,36.047,-74.847,3.72,355.12,5.05,3.53,9.8, 9.9,1016.8, 1016.6,0.0, 0.0,0.0, 0.000,348, 341,14.3, 14.5,51.4, 51.5,12.6, 12.9,340.1, 332.3,1018.9, 1018.7,795.66,286.9,2123.17,32.3603,11.8409,290.7,46.2,1493.207, NAN, NAN, NAN, NAN,,2024/04/07 14:37:48.114,2024-04-07 14:37:48.114000+00:00
2024/04/07, 14:38:48.114,36.048,-74.847,4.04,355.24,354.57,3.82,9.9, 9.9,1016.8, 1016.7,0.0, 0.0,0.0, 0.000,356, 349,14.0, 13.7,54.4, 54.3,12.1, 11.8,349.9, 341.8,1018.9, 1018.8,797.66,287.28,2123.65,32.3318,11.8379,253.7,46.2,1493.163, NAN, NAN, NAN, NAN,,2024/04/07 14:38:48.114,2024-04-07 14:38:48.114000+00:00
2024/04/07, 14:39:48.114,36.049,-74.847,4.4,357.18,356.39,4.22,9.8, 9.9,1016.9, 1017.0,0.0, 0.0,0.0, 0.000,353, 346,12.0, 11.6,55.9, 56.0,9.9, 9.5,348.4, 339.8,1019.0, 1019.1,798.39,288.73,2123.36,32.2941,11.8383,226.8,46.1,1493.119, NAN, NAN, NAN, NAN,,2024/04/07 14:39:48.114,2024-04-07 14:39:48.114000+00:00
2024/04/07, 14:40:48.114,36.051,-74.847,4.64,356.81,6.19,4.36,9.9, 9.9,1016.9, 1016.8,0.0, 0.0,0.0, 0.000,356, 350,12.7, 12.1,59.3, 58.8,10.5, 10.0,350.1, 342.7,1019.0, 1018.9,800.97,288.57,2125.22,32.2737,11.8464,211.2,46.2,1493.123, NAN, NAN, NAN, NAN,,2024/04/07 14:40:48.114,2024-04-07 14:40:48.114000+00:00
2024/04/07, 14:41:48.114,36.052,-74.847,4.65,356.98,358.1,4.31,9.9, 9.9,1016.9, 1016.9,0.0, 0.0,0.0, 0.000,356, 349,13.0, 12.6,59.5, 59.4,10.8, 10.5,351.4, 342.9,1019.0, 1019.0,805.65,288.59,2127.62,32.266,11.8505,203.8,45.9,1493.128, NAN, NAN, NAN, NAN,,2024/04/07 14:41:48.114,2024-04-07 14:41:48.114000+00:00
2024/04/07, 14:42:48.114,36.053,-74.847,4.63,357.3,2.69,4.36,9.9, 9.9,1016.8, 1016.8,0.0, 0.0,0.0, 0.000,355, 348,13.6, 13.3,57.9, 57.8,11.4, 11.2,350.3, 341.9,1018.9, 1018.9,809.09,287.65,2128.69,32.2603,11.8652,199.2,46.0,1493.172, NAN, NAN, NAN, NAN,,2024/04/07 14:42:48.114,2024-04-07 14:42:48.114000+00:00
2024/04/07, 14:43:48.115,36.054,-74.847,4.57,357.84,3.29,4.24,9.9, 9.8,1016.8, 1016.9,0.0, 0.0,0.0, 0.000,353, 346,13.9, 13.6,58.2, 57.2,11.8, 11.6,348.7, 340.4,1018.9, 1019.0,810.8,287.32,2130.39,32.257,11.8741,194.0,46.2,1493.198, NAN, NAN, NAN, NAN,,2024/04/07 14:43:48.115,2024-04-07 14:43:48.115000+00:00
2024/04/07, 14:44:48.115,36.055,-74.847,4.46,357.51,359.3,4.23,9.8, 9.8,1016.9, 1016.9,0.0, 0.0,0.0, 0.000,357, 349,12.5, 12.0,54.2, 54.2,10.4, 9.9,352.7, 342.9,1019.0, 1019.0,814.21,288.32,2131.18,32.255,11.8887,193.2,46.2,1493.246, NAN, NAN, NAN, NAN,,2024/04/07 14:44:48.115,2024-04-07 14:44:48.115000+00:00
2024/04/07, 14:45:48.115,36.057,-74.847,4.53,358.26,356.71,4.16,9.8, 9.8,1016.8, 1016.9,0.0, 0.0,0.0, 0.000,359, 352,13.5, 13.0,62.3, 62.2,11.4, 10.9,356.5, 348.1,1018.9, 1019.0,813.29,287.77,2130.95,32.2501,11.903,191.3,46.2,1493.29, NAN, NAN, NAN, NAN,,2024/04/07 14:45:48.115,2024-04-07 14:45:48.115000+00:00
2024/04/07, 14:46:48.115,36.058,-74.847,4.51,359.48,10.29,4.23,9.8, 9.8,1016.9, 1017.0,0.0, 0.0,0.0, 0.000,345, 338,12.4, 12.9,59.9, 59.8,10.4, 11.1,339.7, 331.7,1019.0, 1019.1,819.66,288.46,2136.62,32.2485,11.9128,190.4,46.0,1493.322, NAN, NAN, NAN, NAN,,2024/04/07 14:46:48.115,2024-04-07 14:46:48.115000+00:00
2024/04/07, 14:47:48.115,36.059,-74.846,4.5,358.16,3.57,4.24,9.8, 9.8,1016.9, 1016.9,0.0, 0.0,0.0, 0.000,355, 348,12.5, 11.8,58.9, 59.1,10.4, 9.7,351.1, 342.4,1019.0, 1019.0,820.63,288.28,2135.0,32.2463,11.9196,189.5,46.2,1493.342, NAN, NAN, NAN, NAN,,2024/04/07 14:47:48.115,2024-04-07 14:47:48.115000+00:00
2024/04/07, 14:48:48.115,36.06,-74.846,4.33,358.51,1.07,4.2,9.8, 9.8,1017.0, 1017.0,0.0, 0.0,0.0, 0.000,356, 350,13.4, 12.7,60.7, 60.9,11.3, 10.6,353.2, 345.9,1019.1, 1019.1,821.36,288.47,2136.99,32.2474,11.9264,190.1,46.2,1493.367, NAN, NAN, NAN, NAN,,2024/04/07 14:48:48.115,2024-04-07 14:48:48.115000+00:00
2024/04/07, 14:49:48.115,36.061,-74.846,4.24,358.81,1.77,3.9,9.7, 9.7,1016.8, 1016.8,0.0, 0.0,0.0, 0.000,356, 349,14.2, 13.8,59.2, 59.3,12.2, 11.9,353.7, 345.5,1018.9, 1018.9,824.32,287.41,2138.17,32.2475,11.9328,189.5,46.2,1493.389, NAN, NAN, NAN, NAN,,2024/04/07 14:49:48.115,2024-04-07 14:49:48.115000+00:00
2024/04/07, 14:50:48.115,36.062,-74.846,4.09,359.27,359.92,3.78,9.6, 9.6,1016.8, 1016.8,0.0, 0.0,0.0, 0.000,353, 346,13.7, 13.4,61.3, 61.5,11.8, 11.5,351.0, 342.8,1018.9, 1018.9,827.22,288.28,2140.44,32.2503,11.9394,190.1,46.4,1493.415, NAN, NAN, NAN, NAN,,2024/04/07 14:50:48.115,2024-04-07 14:50:48.115000+00:00
2024/04/07, 14:51:48.115,36.063,-74.846,4.05,358.42,2.35,3.63,9.6, 9.6,1016.8, 1016.8,0.0, 0.0,0.0, 0.000,356, 349,13.2, 12.9,63.2, 63.5,11.3, 11.1,353.4, 345.2,1018.9, 1018.9,828.17,288.79,2140.37,32.2549,11.9394,189.8,46.3,1493.421, NAN, NAN, NAN, NAN,,2024/04/07 14:51:48.115,2024-04-07 14:51:48.115000+00:00
2024/04/07, 14:52:48.115,36.064,-74.846,4.9,358.64,1.76,4.83,9.5, 9.6,1016.9, 1017.0,0.0, 0.0,0.0, 0.000,352, 345,12.6, 12.7,65.0, 65.0,10.2, 10.4,347.8, 339.3,1019.0, 1019.1,830.7,288.96,2143.36,32.2584,11.9329,189.8,46.3,1493.403, NAN, NAN, NAN, NAN,,2024/04/07 14:52:48.115,2024-04-07 14:52:48.115000+00:00
2024/04/07, 14:53:48.115,36.066,-74.846,6.29,353.65,0.07,6.11,9.5, 9.5,1016.9, 1016.8,0.0, 0.0,0.0, 0.000,350, 342,12.7, 12.9,66.1, 66.0,9.7, 10.1,338.2, 328.1,1019.0, 1018.9,832.72,289.9,2139.86,32.26,11.9294,190.4,46.2,1493.393, NAN, NAN, NAN, NAN,,2024/04/07 14:53:48.115,2024-04-07 14:53:48.115000+00:00
2024/04/07, 14:54:48.115,36.068,-74.847,7.94,330.72,328.15,7.74,9.5, 9.5,1016.9, 1017.0,0.0, 0.0,0.0, 0.000,15, 9,13.7, 13.2,68.3, 68.3,10.0, 9.3,352.3, 344.3,1019.0, 1019.1,837.07,290.37,2129.16,32.2624,11.9286,192.8,46.4,1493.393, NAN, NAN, NAN, NAN,,2024/04/07 14:54:48.115,2024-04-07 14:54:48.115000+00:00
2024/04/07, 14:55:48.115,36.07,-74.849,9.23,324.75,321.43,8.95,9.5, 9.6,1016.9, 1016.9,0.0, 0.0,0.0, 0.000,18, 14,14.4, 13.6,69.4, 69.5,10.2, 9.3,351.6, 346.6,1019.0, 1019.0,832.65,290.92,2128.57,32.2669,11.9165,191.0,46.3,1493.356, NAN, NAN, NAN, NAN,,2024/04/07 14:55:48.115,2024-04-07 14:55:48.115000+00:00
2024/04/07, 14:56:48.115,36.072,-74.85,9.76,324.05,324.54,9.44,9.5, 9.6,1016.9, 1016.9,0.0, 0.0,0.0, 0.000,23, 19,15.2, 14.4,70.9, 70.7,11.0, 10.0,357.5, 352.7,1019.0, 1019.0,829.26,290.35,2124.7,32.27,11.9019,191.3,46.4,1493.31, NAN, NAN, NAN, NAN,,2024/04/07 14:56:48.115,2024-04-07 14:56:48.115000+00:00
2024/04/07, 14:57:48.115,36.074,-74.852,9.97,324.99,322.39,9.54,9.6, 9.6,1016.9, 1016.8,0.0, 0.0,0.0, 0.000,21, 16,17.5, 16.0,71.0, 71.6,13.1, 11.5,354.5, 348.8,1019.0, 1018.9,834.6,288.88,2128.66,32.2691,11.8851,191.6,46.6,1493.251, NAN, NAN, NAN, NAN,,2024/04/07 14:57:48.115,2024-04-07 14:57:48.115000+00:00
2024/04/07, 14:58:48.115,36.076,-74.854,8.98,325.51,325.67,8.55,9.5, 9.5,1017.0, 1016.9,0.0, 0.0,0.0, 0.000,25, 20,15.1, 14.4,67.7, 67.7,11.4, 10.4,0.6, 354.5,1019.1, 1019.0,840.23,288.46,2134.11,32.2617,11.8632,191.6,46.4,1493.166, NAN, NAN, NAN, NAN,,2024/04/07 14:58:48.115,2024-04-07 14:58:48.115000+00:00
2024/04/07, 14:59:48.116,36.078,-74.856,7.84,335.02,333.14,7.34,9.4, 9.4,1016.9, 1016.9,0.0, 0.0,0.0, 0.000,19, 15,15.5, 14.3,64.4, 64.4,12.1, 10.8,1.1, 356.7,1019.0, 1019.0,843.14,287.8,2134.5,32.2408,11.8357,191.3,46.4,1493.046, NAN, NAN, NAN, NAN,,2024/04/07 14:59:48.116,2024-04-07 14:59:48.116000+00:00
2024/04/07, 15:00:48.116,36.079,-74.856,6.32,356.08,350.83,5.84,9.4, 9.4,1017.0, 1017.0,0.0, 0.0,0.0, 0.000,2, 356,13.0, 12.3,67.3, 67.0,10.0, 9.3,359.5, 351.7,1019.1, 1019.1,846.86,288.87,2137.91,32.2279,11.8141,190.4,46.5,1492.956, NAN, NAN, NAN, NAN,,2024/04/07 15:00:48.116,2024-04-07 15:00:48.116000+00:00
2024/04/07, 15:01:48.116,36.081,-74.856,5.04,2.88,1.22,4.47,9.3, 9.3,1016.9, 1016.9,0.0, 0.0,0.0, 0.000,358, 352,13.2, 12.7,65.3, 65.0,10.9, 10.4,0.4, 353.1,1019.0, 1019.0,848.84,287.39,2144.07,32.2246,11.8059,191.3,46.6,1492.924, NAN, NAN, NAN, NAN,,2024/04/07 15:01:48.116,2024-04-07 15:01:48.116000+00:00
2024/04/07, 15:02:48.116,36.082,-74.856,3.78,357.88,3.16,3.28,9.2, 9.2,1016.9, 1017.0,0.0, 0.0,0.0, 0.000,359, 353,13.5, 13.2,61.0, 61.2,11.8, 11.6,355.5, 348.6,1019.0, 1019.1,854.41,286.8,2146.98,32.2292,11.8006,194.0,46.4,1492.911, NAN, NAN, NAN, NAN,,2024/04/07 15:02:48.116,2024-04-07 15:02:48.116000+00:00
2024/04/07, 15:03:48.116,36.083,-74.856,3.2,354.42,353.42,2.74,9.2, 9.2,1017.0, 1017.0,0.0, 0.0,0.0, 0.000,356, 349,12.7, 12.4,64.1, 60.7,11.3, 11.1,349.2, 341.3,1019.1, 1019.1,861.19,286.87,2145.61,32.2396,11.7918,192.8,46.5,1492.893, NAN, NAN, NAN, NAN,,2024/04/07 15:03:48.116,2024-04-07 15:03:48.116000+00:00
2024/04/07, 15:04:48.116,36.083,-74.856,2.94,355.47,355.35,2.58,9.1, 9.2,1017.1, 1017.1,0.0, 0.0,0.0, 0.000,355, 348,11.4, 11.3,60.1, 60.0,10.1, 10.0,349.4, 341.5,1019.2, 1019.2,860.6,287.35,2145.38,32.2549,11.7565,193.5,46.4,1492.789, NAN, NAN, NAN, NAN,,2024/04/07 15:04:48.116,2024-04-07 15:04:48.116000+00:00
2024/04/07, 15:05:48.116,36.084,-74.856,2.91,356.48,359.31,2.75,9.2, 9.2,1017.0, 1017.0,0.0, 0.0,0.0, 0.000,356, 349,12.4, 12.1,64.1, 64.0,11.0, 10.7,351.8, 343.9,1019.1, 1019.1,861.08,287.66,2145.64,32.2701,11.7284,194.4,46.2,1492.71, NAN, NAN, NAN, NAN,,2024/04/07 15:05:48.116,2024-04-07 15:05:48.116000+00:00
2024/04/07, 15:06:48.116,36.085,-74.856,3.23,355.66,2.24,2.86,9.2, 9.2,1017.0, 1017.0,0.0, 0.0,0.0, 0.000,1, 354,12.9, 12.4,61.5, 61.5,11.4, 11.0,355.9, 347.9,1019.1, 1019.1,867.44,286.91,2149.65,32.2829,11.7362,196.5,46.5,1492.753, NAN, NAN, NAN, NAN,,2024/04/07 15:06:48.116,2024-04-07 15:06:48.116000+00:00
2024/04/07, 15:07:48.116,36.086,-74.856,3.52,354.75,349.86,3.07,9.1, 9.2,1017.0, 1017.1,0.0, 0.0,0.0, 0.000,0, 353,13.0, 12.5,62.6, 62.8,11.4, 10.9,354.6, 346.5,1019.1, 1019.2,868.0,287.34,2148.43,32.3016,11.7805,196.5,46.4,1492.928, NAN, NAN, NAN, NAN,,2024/04/07 15:07:48.116,2024-04-07 15:07:48.116000+00:00
2024/04/07, 15:08:48.116,36.087,-74.856,2.98,356.25,354.97,2.5,9.1, 9.1,1016.9, 1017.0,0.0, 0.0,0.0, 0.000,1, 354,12.4, 11.7,60.1, 60.1,11.1, 10.4,357.3, 349.4,1019.0, 1019.1,868.4,287.71,2148.86,32.3185,11.8249,197.1,46.4,1493.102, NAN, NAN, NAN, NAN,,2024/04/07 15:08:48.116,2024-04-07 15:08:48.116000+00:00
2024/04/07, 15:09:48.116,36.087,-74.856,2.26,354.73,22.85,1.83,9.1, 9.2,1017.1, 1017.2,0.0, 0.0,0.0, 0.000,1, 355,11.9, 11.5,62.5, 62.3,11.0, 10.6,354.6, 348.1,1019.2, 1019.3,873.03,287.37,2149.0,32.3251,11.8618,198.0,46.2,1493.237, NAN, NAN, NAN, NAN,,2024/04/07 15:09:48.116,2024-04-07 15:09:48.116000+00:00
2024/04/07, 15:10:48.116,36.088,-74.856,1.89,356.72,347.76,1.6,9.1, 9.2,1017.0, 1017.1,0.0, 0.0,0.0, 0.000,359, 352,11.6, 11.4,60.5, 60.5,10.8, 10.6,355.8, 348.2,1019.1, 1019.2,872.6,287.33,2149.74,32.319,11.8844,196.8,46.3,1493.308, NAN, NAN, NAN, NAN,,2024/04/07 15:10:48.116,2024-04-07 15:10:48.116000+00:00
2024/04/07, 15:11:48.116,36.088,-74.856,1.62,356.18,6.45,1.25,9.1, 9.1,1017.0, 1017.1,0.0, 0.0,0.0, 0.000,0, 353,11.3, 11.0,61.6, 61.4,10.7, 10.4,355.7, 348.3,1019.1, 1019.2,874.99,288.04,2150.29,32.3121,11.9083,196.8,45.8,1493.382, NAN, NAN, NAN, NAN,,2024/04/07 15:11:48.116,2024-04-07 15:11:48.116000+00:00
2024/04/07, 15:12:48.116,36.088,-74.856,1.36,354.52,344.44,0.99,9.2, 9.2,1017.0, 1017.0,0.0, 0.0,0.0, 0.000,1, 354,11.9, 11.5,64.5, 65.0,11.4, 11.0,355.5, 348.2,1019.1, 1019.1,873.52,288.25,2148.8,32.3017,11.936,197.1,46.0,1493.465, NAN, NAN, NAN, NAN,,2024/04/07 15:12:48.116,2024-04-07 15:12:48.116000+00:00
2024/04/07, 15:13:48.116,36.089,-74.856,1.25,354.96,316.67,1.0,9.1, 9.2,1017.0, 1017.2,0.0, 0.0,0.0, 0.000,1, 354,11.6, 11.3,60.6, 60.4,11.1, 10.8,357.1, 349.9,1019.1, 1019.3,883.11,287.14,2152.58,32.2951,11.9487,198.0,46.1,1493.501, NAN, NAN, NAN, NAN,,2024/04/07 15:13:48.116,2024-04-07 15:13:48.116000+00:00
2024/04/07, 15:14:48.117,36.089,-74.856,1.59,4.2,359.59,1.47,9.1, 9.1,1017.2, 1017.2,0.0, 0.0,0.0, 0.000,356, 350,11.4, 11.6,60.8, 60.8,10.6, 10.9,359.8, 353.4,1019.3, 1019.3,878.91,287.1,2156.31,32.2921,11.9688,213.2,46.3,1493.567, NAN, NAN, NAN, NAN,,2024/04/07 15:14:48.117,2024-04-07 15:14:48.117000+00:00
2024/04/07, 15:15:48.117,36.089,-74.856,2.17,3.16,5.19,1.96,9.1, 9.1,1017.1, 1017.1,0.0, 0.0,0.0, 0.000,352, 346,11.5, 11.5,61.4, 61.7,10.5, 10.5,354.5, 347.9,1019.2, 1019.2,880.89,287.25,2154.94,32.2866,11.9973,201.4,46.4,1493.658, NAN, NAN, NAN, NAN,,2024/04/07 15:15:48.117,2024-04-07 15:15:48.117000+00:00
2024/04/07, 15:16:48.117,36.09,-74.856,2.48,0.69,6.9,2.11,9.1, 9.1,1017.3, 1017.1,0.0, 0.0,0.0, 0.000,356, 349,12.5, 12.2,62.5, 62.6,11.4, 11.1,356.1, 348.4,1019.4, 1019.2,881.71,287.33,2157.49,32.2821,12.0171,201.4,46.2,1493.721, NAN, NAN, NAN, NAN,,2024/04/07 15:16:48.117,2024-04-07 15:16:48.117000+00:00
2024/04/07, 15:17:48.117,36.091,-74.856,2.45,359.07,354.71,2.07,9.1, 9.1,1017.3, 1017.3,0.0, 0.0,0.0, 0.000,358, 352,12.7, 12.3,60.2, 60.2,11.6, 11.2,357.1, 350.5,1019.4, 1019.4,886.88,287.0,2156.74,32.2805,12.0342,199.9,46.1,1493.778, NAN, NAN, NAN, NAN,,2024/04/07 15:17:48.117,2024-04-07 15:17:48.117000+00:00
2024/04/07, 15:18:48.117,36.091,-74.856,2.54,359.6,12.46,2.14,9.1, 9.1,1017.0, 1017.0,0.0, 0.0,0.0, 0.000,351, 344,12.2, 12.2,62.8, 62.8,11.2, 11.2,348.5, 340.9,1019.1, 1019.1,890.35,287.32,2158.89,32.2785,12.0598,198.6,46.4,1493.863, NAN, NAN, NAN, NAN,,2024/04/07 15:18:48.117,2024-04-07 15:18:48.117000+00:00
2024/04/07, 15:19:48.117,36.092,-74.856,2.54,359.14,6.68,2.16,9.1, 9.1,1017.2, 1017.2,0.0, 0.0,0.0, 0.000,0, 353,13.3, 13.0,60.1, 60.4,12.2, 11.9,358.9, 351.3,1019.3, 1019.3,895.43,286.55,2159.74,32.2804,12.0926,200.8,45.9,1493.978, NAN, NAN, NAN, NAN,,2024/04/07 15:19:48.117,2024-04-07 15:19:48.117000+00:00
2024/04/07, 15:20:48.117,36.092,-74.856,2.57,0.14,358.28,2.2,9.1, 9.1,1017.2, 1017.2,0.0, 0.0,0.0, 0.000,358, 352,13.6, 13.1,60.5, 60.6,12.5, 12.0,358.1, 351.5,1019.3, 1019.3,895.39,286.87,2160.05,32.2811,12.1288,198.9,46.2,1494.103, NAN, NAN, NAN, NAN,,2024/04/07 15:20:48.117,2024-04-07 15:20:48.117000+00:00
2024/04/07, 15:21:48.117,36.093,-74.856,2.55,0.45,0.09,2.18,9.1, 9.1,1017.3, 1017.2,0.0, 0.0,0.0, 0.000,354, 347,11.7, 11.2,58.7, 58.8,10.6, 10.1,353.9, 346.1,1019.4, 1019.3,897.46,287.64,2160.14,32.2854,12.1653,199.9,46.1,1494.233, NAN, NAN, NAN, NAN,,2024/04/07 15:21:48.117,2024-04-07 15:21:48.117000+00:00
2024/04/07, 15:22:48.117,36.094,-74.856,2.57,0.3,4.28,2.2,9.1, 9.1,1017.2, 1017.2,0.0, 0.0,0.0, 0.000,354, 347,13.5, 13.1,59.9, 60.4,12.4, 12.0,353.2, 345.6,1019.3, 1019.3,901.79,286.07,2163.46,32.2945,12.1977,200.8,46.2,1494.355, NAN, NAN, NAN, NAN,,2024/04/07 15:22:48.117,2024-04-07 15:22:48.117000+00:00
2024/04/07, 15:23:48.117,36.094,-74.856,2.52,358.89,12.75,2.33,9.0, 9.0,1017.0, 1017.0,0.0, 0.0,0.0, 0.000,354, 347,12.3, 11.9,59.1, 59.1,11.1, 10.8,351.5, 343.7,1019.1, 1019.1,903.58,286.45,2162.69,32.3052,12.2403,202.3,45.9,1494.513, NAN, NAN, NAN, NAN,,2024/04/07 15:23:48.117,2024-04-07 15:23:48.117000+00:00
2024/04/07, 15:24:48.117,36.095,-74.856,2.09,359.39,354.98,1.46,9.0, 9.1,1017.2, 1017.2,0.0, 0.0,0.0, 0.000,0, 353,13.2, 12.6,62.0, 62.1,12.4, 11.9,359.4, 351.9,1019.3, 1019.3,904.98,286.25,2164.05,32.3179,12.2753,202.9,46.4,1494.648, NAN, NAN, NAN, NAN,,2024/04/07 15:24:48.117,2024-04-07 15:24:48.117000+00:00
2024/04/07, 15:25:48.117,36.095,-74.856,0.62,355.86,303.77,0.25,9.0, 9.0,1017.0, 1017.2,0.0, 0.0,0.0, 0.000,1, 355,13.0, 12.7,59.7, 59.8,12.9, 12.6,356.9, 350.9,1019.1, 1019.3,905.64,286.1,2162.82,32.33,12.3115,204.4,46.4,1494.786, NAN, NAN, NAN, NAN,,2024/04/07 15:25:48.117,2024-04-07 15:25:48.117000+00:00
2024/04/07, 15:26:48.117,36.095,-74.856,0.13,1.49,63.37,0.1,9.0, 9.0,1017.0, 1017.2,0.0, 0.0,0.0, 0.000,354, 348,11.3, 11.0,59.6, 60.0,11.3, 10.9,355.6, 349.5,1019.1, 1019.3,905.36,286.67,2165.23,32.3433,12.3309,202.3,46.6,1494.868, NAN, NAN, NAN, NAN,,2024/04/07 15:26:48.117,2024-04-07 15:26:48.117000+00:00
2024/04/07, 15:27:48.117,36.095,-74.856,0.33,1.93,226.45,0.08,9.0, 9.0,1017.2, 1017.2,0.0, 0.0,0.0, 0.000,358, 352,12.3, 11.8,62.7, 63.1,12.3, 11.8,360.0, 354.0,1019.3, 1019.3,908.63,286.55,2164.83,32.3533,12.3472,204.4,46.5,1494.936, NAN, NAN, NAN, NAN,,2024/04/07 15:27:48.117,2024-04-07 15:27:48.117000+00:00
2024/04/07, 15:28:48.117,36.095,-74.856,0.22,3.35,309.97,0.05,9.0, 9.0,1017.2, 1017.2,0.0, 0.0,0.0, 0.000,357, 351,13.2, 12.8,63.5, 63.5,13.2, 12.8,0.4, 354.4,1019.3, 1019.3,912.57,286.64,2168.53,32.3607,12.3661,206.8,46.6,1495.009, NAN, NAN, NAN, NAN,,2024/04/07 15:28:48.117,2024-04-07 15:28:48.117000+00:00
2024/04/07, 15:29:48.118,36.095,-74.856,0.33,1.02,178.87,0.18,8.9, 9.0,1017.3, 1017.2,0.0, 0.0,0.0, 0.000,359, 351,12.0, 11.4,61.3, 61.7,12.1, 11.5,0.1, 352.2,1019.4, 1019.3,911.71,286.32,2167.21,32.3647,12.3827,210.0,46.4,1495.07, NAN, NAN, NAN, NAN,,2024/04/07 15:29:48.118,2024-04-07 15:29:48.118000+00:00
2024/04/07, 15:30:48.118,36.095,-74.856,0.33,1.46,48.31,0.19,8.9, 8.9,1017.3, 1017.2,0.0, 0.0,0.0, 0.000,0, 353,11.6, 11.2,61.1, 61.2,11.5, 11.1,1.3, 354.3,1019.4, 1019.3,915.62,286.75,2169.24,32.3661,12.3929,216.0,46.3,1495.107, NAN, NAN, NAN, NAN,,2024/04/07 15:30:48.118,2024-04-07 15:30:48.118000+00:00
2024/04/07, 15:31:48.118,36.095,-74.856,0.67,1.58,323.68,0.18,8.9, 9.0,1017.1, 1017.2,0.0, 0.0,0.0, 0.000,357, 351,12.6, 12.2,60.2, 60.4,12.5, 12.1,358.8, 352.8,1019.2, 1019.3,917.73,286.75,2168.15,32.3682,12.3987,217.9,46.0,1495.129, NAN, NAN, NAN, NAN,,2024/04/07 15:31:48.118,2024-04-07 15:31:48.118000+00:00
2024/04/07, 15:32:48.118,36.095,-74.856,0.37,359.9,331.77,0.14,8.9, 9.0,1017.2, 1017.2,0.0, 0.0,0.0, 0.000,358, 353,11.5, 11.6,57.4, 57.4,11.4, 11.5,357.9, 352.8,1019.3, 1019.3,919.04,287.07,2167.7,32.3682,12.4066,222.1,46.4,1495.156, NAN, NAN, NAN, NAN,,2024/04/07 15:32:48.118,2024-04-07 15:32:48.118000+00:00
2024/04/07, 15:33:48.118,36.095,-74.856,0.32,1.16,106.13,0.33,9.0, 9.0,1017.1, 1017.2,0.0, 0.0,0.0, 0.000,347, 339,12.3, 12.5,56.1, 55.9,12.4, 12.6,347.5, 339.5,1019.2, 1019.3,921.41,285.6,2167.92,32.3691,12.4155,225.8,46.5,1495.187, NAN, NAN, NAN, NAN,,2024/04/07 15:33:48.118,2024-04-07 15:33:48.118000+00:00
2024/04/07, 15:34:48.118,36.095,-74.856,0.36,0.2,259.83,0.15,9.0, 9.0,1017.1, 1017.0,0.0, 0.0,0.0, 0.000,349, 342,12.8, 12.9,55.9, 55.2,12.9, 13.0,349.4, 342.4,1019.2, 1019.1,923.16,286.52,2170.32,32.3689,12.4239,228.4,46.5,1495.215, NAN, NAN, NAN, NAN,,2024/04/07 15:34:48.118,2024-04-07 15:34:48.118000+00:00
2024/04/07, 15:35:48.118,36.095,-74.856,0.55,2.58,303.45,0.02,9.0, 9.0,1017.1, 1017.0,0.0, 0.0,0.0, 0.000,347, 340,11.7, 12.2,56.0, 56.0,11.7, 12.2,349.6, 342.6,1019.2, 1019.1,925.2,285.87,2170.71,32.3698,12.4309,232.4,46.5,1495.24, NAN, NAN, NAN, NAN,,2024/04/07 15:35:48.118,2024-04-07 15:35:48.118000+00:00
2024/04/07, 15:36:48.118,36.095,-74.856,0.53,359.81,68.53,0.21,9.0, 9.1,1017.1, 1017.0,0.0, 0.0,0.0, 0.000,350, 343,11.4, 11.7,54.9, 55.0,11.4, 11.8,349.3, 342.4,1019.2, 1019.1,924.7,286.89,2171.38,32.3693,12.4364,223.6,46.7,1495.258, NAN, NAN, NAN, NAN,,2024/04/07 15:36:48.118,2024-04-07 15:36:48.118000+00:00
2024/04/07, 15:37:48.118,36.095,-74.856,-0.06,359.09,259.03,0.2,9.1, 9.1,1017.2, 1017.1,0.0, 0.0,0.0, 0.000,350, 342,11.4, 11.5,61.7, 61.7,11.5, 11.6,349.5, 341.5,1019.3, 1019.2,923.82,286.83,2170.94,32.3696,12.4414,224.4,46.6,1495.276, NAN, NAN, NAN, NAN,,2024/04/07 15:37:48.118,2024-04-07 15:37:48.118000+00:00
2024/04/07, 15:38:48.118,36.095,-74.856,0.71,359.43,136.33,0.26,9.1, 9.1,1017.2, 1017.2,0.0, 0.0,0.0, 0.000,346, 340,11.4, 11.9,56.7, 56.8,11.5, 12.0,345.0, 339.1,1019.3, 1019.3,925.89,286.44,2171.1,32.3711,12.4461,223.1,46.7,1495.293, NAN, NAN, NAN, NAN,,2024/04/07 15:38:48.118,2024-04-07 15:38:48.118000+00:00
2024/04/07, 15:39:48.118,36.095,-74.856,0.31,358.85,74.73,0.18,9.1, 9.1,1017.1, 1017.1,0.0, 0.0,0.0, 0.000,358, 351,13.0, 12.5,56.3, 56.2,13.0, 12.5,356.4, 349.4,1019.2, 1019.2,925.14,285.35,2173.52,32.3727,12.455,222.1,46.5,1495.326, NAN, NAN, NAN, NAN,,2024/04/07 15:39:48.118,2024-04-07 15:39:48.118000+00:00
2024/04/07, 15:40:48.118,36.095,-74.856,0.14,359.44,354.86,0.13,9.0, 9.0,1017.1, 1017.2,0.0, 0.0,0.0, 0.000,357, 350,12.1, 11.5,54.6, 54.5,12.1, 11.5,356.1, 349.1,1019.2, 1019.3,925.95,285.72,2174.01,32.3734,12.4605,220.9,46.2,1495.345, NAN, NAN, NAN, NAN,,2024/04/07 15:40:48.118,2024-04-07 15:40:48.118000+00:00
2024/04/07, 15:41:48.118,36.095,-74.856,0.23,359.0,106.39,0.1,9.0, 9.0,1017.2, 1017.3,0.0, 0.0,0.0, 0.000,359, 353,12.2, 11.7,54.4, 55.8,12.2, 11.7,358.2, 352.2,1019.3, 1019.4,923.54,285.9,2173.14,32.3761,12.4683,216.9,46.5,1495.375, NAN, NAN, NAN, NAN,,2024/04/07 15:41:48.118,2024-04-07 15:41:48.118000+00:00
2024/04/07, 15:42:48.118,36.095,-74.856,0.63,0.32,288.92,0.27,8.9, 9.0,1017.3, 1017.3,0.0, 0.0,0.0, 0.000,0, 354,11.0, 10.7,56.3, 56.1,10.9, 10.6,1.0, 355.0,1019.4, 1019.4,924.01,286.15,2173.6,32.3787,12.4901,219.4,46.5,1495.452, NAN, NAN, NAN, NAN,,2024/04/07 15:42:48.118,2024-04-07 15:42:48.118000+00:00
2024/04/07, 15:43:48.118,36.095,-74.856,1.46,3.8,8.27,1.62,8.9, 8.9,1017.3, 1017.2,0.0, 0.0,0.0, 0.000,356, 348,12.4, 12.1,56.6, 56.5,11.6, 11.3,359.4, 350.8,1019.4, 1019.3,930.49,286.69,2174.39,32.3796,12.5075,223.6,44.9,1495.512, NAN, NAN, NAN, NAN,,2024/04/07 15:43:48.118,2024-04-07 15:43:48.118000+00:00
2024/04/07, 15:44:48.119,36.096,-74.856,3.17,358.39,0.14,2.89,8.9, 8.9,1017.2, 1017.2,0.0, 0.0,0.0, 0.000,357, 350,12.3, 11.7,59.7, 59.8,10.8, 10.2,355.0, 347.0,1019.3, 1019.3,918.95,286.88,2175.06,32.384,12.519,225.2,44.6,1495.556, NAN, NAN, NAN, NAN,,2024/04/07 15:44:48.119,2024-04-07 15:44:48.119000+00:00
2024/04/07, 15:45:48.119,36.097,-74.856,3.95,359.4,1.6,3.64,8.9, 9.0,1017.2, 1017.1,0.0, 0.0,0.0, 0.000,357, 351,13.4, 12.9,61.4, 61.3,11.5, 11.1,355.9, 348.9,1019.3, 1019.2,920.24,286.54,2173.16,32.385,12.5363,225.8,45.1,1495.616, NAN, NAN, NAN, NAN,,2024/04/07 15:45:48.119,2024-04-07 15:45:48.119000+00:00
2024/04/07, 15:46:48.119,36.098,-74.856,3.94,3.07,359.29,3.54,8.9, 9.0,1017.2, 1017.2,0.0, 0.0,0.0, 0.000,358, 350,12.2, 11.7,60.5, 60.5,10.4, 9.9,1.8, 352.4,1019.3, 1019.3,927.79,287.08,2176.45,32.3875,12.5492,226.5,45.4,1495.663, NAN, NAN, NAN, NAN,,2024/04/07 15:46:48.119,2024-04-07 15:46:48.119000+00:00
2024/04/07, 15:47:48.119,36.099,-74.856,3.83,3.14,359.32,3.51,9.0, 9.0,1017.3, 1017.2,0.0, 0.0,0.0, 0.000,358, 351,12.9, 12.2,64.9, 64.6,11.1, 10.4,1.3, 353.1,1019.4, 1019.3,931.14,288.52,2175.28,32.3946,12.5707,218.4,45.6,1495.744, NAN, NAN, NAN, NAN,,2024/04/07 15:47:48.119,2024-04-07 15:47:48.119000+00:00
2024/04/07, 15:48:48.119,36.1,-74.856,3.84,2.99,358.54,3.54,9.0, 9.0,1017.3, 1017.3,0.0, 0.0,0.0, 0.000,0, 354,12.7, 12.3,65.4, 65.2,10.9, 10.5,3.7, 356.7,1019.4, 1019.4,928.83,287.01,2174.58,32.4012,12.5981,215.7,45.6,1495.845, NAN, NAN, NAN, NAN,,2024/04/07 15:48:48.119,2024-04-07 15:48:48.119000+00:00
2024/04/07, 15:49:48.119,36.101,-74.856,3.87,2.68,359.29,3.56,9.0, 9.0,1017.3, 1017.3,0.0, 0.0,0.0, 0.000,354, 347,12.5, 12.3,61.3, 61.3,10.7, 10.5,356.3, 348.0,1019.4, 1019.4,928.04,287.03,2177.67,32.4082,12.6207,211.5,45.8,1495.93, NAN, NAN, NAN, NAN,,2024/04/07 15:49:48.119,2024-04-07 15:49:48.119000+00:00
2024/04/07, 15:50:48.119,36.102,-74.856,3.83,2.9,3.94,3.36,8.9, 9.0,1017.1, 1017.0,0.0, 0.0,0.0, 0.000,352, 344,13.7, 13.5,58.9, 59.2,12.0, 11.9,353.7, 344.6,1019.2, 1019.1,929.19,286.23,2178.43,32.4154,12.6346,213.0,45.9,1495.985, NAN, NAN, NAN, NAN,,2024/04/07 15:50:48.119,2024-04-07 15:50:48.119000+00:00
2024/04/07, 15:51:48.119,36.103,-74.856,3.97,2.05,3.59,3.79,8.9, 8.9,1017.1, 1017.2,0.0, 0.0,0.0, 0.000,0, 354,13.7, 13.3,59.5, 59.8,11.8, 11.4,2.2, 355.2,1019.2, 1019.3,923.7,286.5,2176.67,32.4242,12.6386,212.7,45.6,1496.009, NAN, NAN, NAN, NAN,,2024/04/07 15:51:48.119,2024-04-07 15:51:48.119000+00:00
2024/04/07, 15:52:48.119,36.104,-74.856,4.17,3.07,351.78,3.85,8.9, 8.9,1017.2, 1017.2,0.0, 0.0,0.0, 0.000,355, 348,13.0, 12.6,60.5, 60.2,11.0, 10.6,358.6, 350.3,1019.3, 1019.3,926.78,286.94,2176.88,32.4323,12.6452,211.7,46.2,1496.041, NAN, NAN, NAN, NAN,,2024/04/07 15:52:48.119,2024-04-07 15:52:48.119000+00:00
2024/04/07, 15:53:48.119,36.105,-74.856,4.31,2.61,5.82,4.18,8.9, 8.9,1017.2, 1017.2,0.0, 0.0,0.0, 0.000,359, 352,12.0, 11.6,62.0, 62.1,9.9, 9.5,1.6, 353.0,1019.3, 1019.3,923.95,287.11,2174.0,32.4391,12.6474,212.4,45.7,1496.057, NAN, NAN, NAN, NAN,,2024/04/07 15:53:48.119,2024-04-07 15:53:48.119000+00:00
2024/04/07, 15:54:48.119,36.106,-74.856,4.43,2.67,4.18,4.23,8.9, 8.9,1017.3, 1017.2,0.0, 0.0,0.0, 0.000,350, 343,12.1, 12.0,59.5, 59.5,10.0, 9.9,350.4, 341.9,1019.4, 1019.3,922.12,287.42,2176.8,32.4434,12.6472,213.6,46.0,1496.061, NAN, NAN, NAN, NAN,,2024/04/07 15:54:48.119,2024-04-07 15:54:48.119000+00:00
2024/04/07, 15:55:48.119,36.107,-74.856,4.43,2.96,359.0,4.02,9.0, 9.0,1017.2, 1017.2,0.0, 0.0,0.0, 0.000,349, 342,13.5, 13.6,63.6, 63.8,11.5, 11.6,350.3, 342.1,1019.3, 1019.3,920.3,286.3,2178.22,32.4474,12.6405,214.8,46.2,1496.043, NAN, NAN, NAN, NAN,,2024/04/07 15:55:48.119,2024-04-07 15:55:48.119000+00:00
2024/04/07, 15:56:48.119,36.108,-74.856,4.43,2.14,9.88,3.98,8.9, 8.9,1017.2, 1017.2,0.0, 0.0,0.0, 0.000,347, 341,12.1, 12.7,60.9, 60.8,10.2, 10.8,345.8, 339.0,1019.3, 1019.3,922.24,287.47,2180.65,32.4474,12.6397,214.5,46.2,1496.041, NAN, NAN, NAN, NAN,,2024/04/07 15:56:48.119,2024-04-07 15:56:48.119000+00:00
2024/04/07, 15:57:48.119,36.109,-74.855,4.28,1.71,2.36,4.11,8.9, 9.0,1017.2, 1017.2,0.0, 0.0,0.0, 0.000,358, 350,12.2, 11.8,64.1, 64.3,10.1, 9.7,359.3, 349.6,1019.3, 1019.3,911.54,287.36,2178.57,32.4483,12.6418,214.8,45.9,1496.049, NAN, NAN, NAN, NAN,,2024/04/07 15:57:48.119,2024-04-07 15:57:48.119000+00:00
2024/04/07, 15:58:48.119,36.111,-74.855,4.22,2.29,358.68,3.83,8.9, 9.0,1017.2, 1017.2,0.0, 0.0,0.0, 0.000,348, 340,12.5, 12.7,62.0, 62.3,10.6, 10.8,348.7, 339.3,1019.3, 1019.3,912.49,286.27,2178.14,32.4476,12.6435,213.6,45.9,1496.054, NAN, NAN, NAN, NAN,,2024/04/07 15:58:48.119,2024-04-07 15:58:48.119000+00:00
2024/04/07, 15:59:48.119,36.112,-74.855,4.38,1.63,4.27,4.08,8.8, 8.9,1017.2, 1017.3,0.0, 0.0,0.0, 0.000,353, 346,12.5, 12.5,61.3, 61.1,10.4, 10.5,353.0, 344.6,1019.3, 1019.4,911.81,286.35,2180.53,32.4455,12.645,214.8,46.0,1496.056, NAN, NAN, NAN, NAN,,2024/04/07 15:59:48.119,2024-04-07 15:59:48.119000+00:00
2024/04/07, 16:00:48.120,36.113,-74.855,4.6,2.09,9.35,4.3,8.8, 8.8,1017.2, 1017.2,0.0, 0.0,0.0, 0.000,351, 344,12.7, 12.7,62.8, 62.8,10.5, 10.6,350.9, 342.5,1019.3, 1019.3,908.7,286.62,2181.88,32.4451,12.6494,213.2,45.7,1496.071, NAN, NAN, NAN, NAN,,2024/04/07 16:00:48.120,2024-04-07 16:00:48.120000+00:00
2024/04/07, 16:01:48.120,36.114,-74.855,4.76,3.11,6.89,4.48,8.8, 8.8,1017.2, 1017.3,0.0, 0.0,0.0, 0.000,355, 349,13.8, 13.5,64.5, 62.7,11.5, 11.3,356.7, 349.5,1019.3, 1019.4,906.23,286.39,2182.97,32.4427,12.6548,216.4,45.8,1496.086, NAN, NAN, NAN, NAN,,2024/04/07 16:01:48.120,2024-04-07 16:01:48.120000+00:00
2024/04/07, 16:02:48.120,36.115,-74.855,4.81,2.44,356.91,4.51,8.8, 8.8,1017.3, 1017.3,0.0, 0.0,0.0, 0.000,4, 357,13.4, 12.9,61.1, 61.5,11.1, 10.6,8.1, 359.6,1019.4, 1019.4,900.13,286.83,2181.05,32.4418,12.671,215.4,45.8,1496.14, NAN, NAN, NAN, NAN,,2024/04/07 16:02:48.120,2024-04-07 16:02:48.120000+00:00
2024/04/07, 16:03:48.120,36.116,-74.855,4.38,2.81,0.36,4.01,8.8, 8.8,1017.2, 1017.3,0.0, 0.0,0.0, 0.000,353, 347,12.7, 12.4,63.1, 61.3,10.6, 10.4,354.8, 347.6,1019.3, 1019.4,895.37,288.78,2178.79,32.4418,12.6846,214.8,45.9,1496.186, NAN, NAN, NAN, NAN,,2024/04/07 16:03:48.120,2024-04-07 16:03:48.120000+00:00
2024/04/07, 16:04:48.120,36.117,-74.855,4.08,5.33,5.47,3.72,8.9, 8.9,1017.3, 1017.4,0.0, 0.0,0.0, 0.000,354, 349,12.4, 11.7,65.3, 65.2,10.5, 9.8,358.0, 352.0,1019.4, 1019.5,912.45,288.01,2184.18,32.4423,12.6933,217.9,45.9,1496.216, NAN, NAN, NAN, NAN,,2024/04/07 16:04:48.120,2024-04-07 16:04:48.120000+00:00
2024/04/07, 16:05:48.120,36.118,-74.855,3.92,2.81,1.59,3.63,8.9, 8.9,1017.5, 1017.4,0.0, 0.0,0.0, 0.000,356, 349,12.0, 11.6,66.7, 64.7,10.1, 9.8,358.0, 349.7,1019.6, 1019.5,896.62,288.23,2181.06,32.4444,12.696,217.6,46.2,1496.227, NAN, NAN, NAN, NAN,,2024/04/07 16:05:48.120,2024-04-07 16:05:48.120000+00:00
2024/04/07, 16:06:48.120,36.119,-74.855,3.97,3.12,4.93,3.63,8.9, 8.9,1017.5, 1017.6,0.0, 0.0,0.0, 0.000,354, 347,12.7, 12.5,66.3, 66.1,10.8, 10.7,356.2, 348.0,1019.6, 1019.7,893.11,288.78,2180.06,32.4466,12.6958,218.2,46.2,1496.229, NAN, NAN, NAN, NAN,,2024/04/07 16:06:48.120,2024-04-07 16:06:48.120000+00:00
2024/04/07, 16:07:48.120,36.12,-74.855,3.96,3.64,357.67,3.55,8.9, 8.9,1017.5, 1017.4,0.0, 0.0,0.0, 0.000,355, 348,11.1, 10.9,66.8, 67.0,9.3, 9.1,358.2, 349.8,1019.6, 1019.5,887.85,289.48,2179.19,32.4469,12.6963,216.9,46.2,1496.231, NAN, NAN, NAN, NAN,,2024/04/07 16:07:48.120,2024-04-07 16:07:48.120000+00:00
2024/04/07, 16:08:48.120,36.122,-74.855,3.98,3.02,3.84,3.59,8.9, 8.9,1017.5, 1017.6,0.0, 0.0,0.0, 0.000,349, 343,12.3, 12.3,67.0, 66.7,10.5, 10.6,349.8, 342.8,1019.6, 1019.7,881.67,289.63,2180.65,32.4457,12.6894,217.6,46.2,1496.207, NAN, NAN, NAN, NAN,,2024/04/07 16:08:48.120,2024-04-07 16:08:48.120000+00:00
2024/04/07, 16:09:48.120,36.123,-74.855,3.87,4.07,4.45,3.46,8.9, 8.9,1017.5, 1017.5,0.0, 0.0,0.0, 0.000,346, 340,12.5, 12.6,67.7, 67.7,10.8, 11.0,347.5, 340.6,1019.6, 1019.6,885.63,289.77,2181.6,32.4442,12.6842,214.5,46.2,1496.187, NAN, NAN, NAN, NAN,,2024/04/07 16:09:48.120,2024-04-07 16:09:48.120000+00:00
2024/04/07, 16:10:48.120,36.123,-74.855,3.82,4.34,1.11,3.54,8.9, 8.9,1017.6, 1017.5,0.0, 0.0,0.0, 0.000,347, 340,11.8, 12.0,66.2, 66.2,10.0, 10.3,349.2, 341.0,1019.7, 1019.6,881.63,289.44,2180.0,32.4438,12.6751,214.2,46.0,1496.156, NAN, NAN, NAN, NAN,,2024/04/07 16:10:48.120,2024-04-07 16:10:48.120000+00:00
2024/04/07, 16:11:48.120,36.124,-74.854,3.82,3.0,3.49,3.58,8.9, 8.9,1017.4, 1017.4,0.0, 0.0,0.0, 0.000,349, 342,11.8, 12.0,67.1, 67.0,10.0, 10.3,350.0, 341.8,1019.5, 1019.5,871.13,288.63,2182.3,32.4388,12.6683,216.4,45.9,1496.127, NAN, NAN, NAN, NAN,,2024/04/07 16:11:48.120,2024-04-07 16:11:48.120000+00:00
2024/04/07, 16:12:48.120,36.125,-74.854,3.91,3.53,5.45,3.59,8.8, 8.8,1017.6, 1017.5,0.0, 0.0,0.0, 0.000,353, 346,11.9, 11.7,67.5, 67.6,10.1, 9.9,354.7, 346.4,1019.7, 1019.6,867.4,288.92,2179.53,32.4349,12.6631,214.5,46.2,1496.105, NAN, NAN, NAN, NAN,,2024/04/07 16:12:48.120,2024-04-07 16:12:48.120000+00:00
2024/04/07, 16:13:48.120,36.126,-74.854,3.9,3.28,6.07,3.54,8.8, 8.8,1017.6, 1017.6,0.0, 0.0,0.0, 0.000,348, 342,12.3, 12.4,67.9, 68.1,10.5, 10.7,348.9, 341.9,1019.7, 1019.7,871.27,289.84,2183.96,32.4308,12.6549,215.7,46.2,1496.072, NAN, NAN, NAN, NAN,,2024/04/07 16:13:48.120,2024-04-07 16:13:48.120000+00:00
2024/04/07, 16:14:48.120,36.127,-74.854,3.77,3.72,359.37,3.46,8.8, 8.8,1017.7, 1017.6,0.0, 0.0,0.0, 0.000,359, 353,10.6, 10.4,65.5, 65.6,8.8, 8.6,2.9, 355.7,1019.8, 1019.7,871.49,289.64,2185.16,32.426,12.6482,215.7,46.0,1496.044, NAN, NAN, NAN, NAN,,2024/04/07 16:14:48.120,2024-04-07 16:14:48.120000+00:00
2024/04/07, 16:15:48.120,36.128,-74.854,4.04,3.92,2.78,3.82,8.8, 8.8,1017.4, 1017.4,0.0, 0.0,0.0, 0.000,358, 351,12.6, 12.2,66.0, 66.4,10.6, 10.3,1.6, 353.2,1019.5, 1019.5,869.86,288.47,2185.76,32.4213,12.6404,214.5,46.0,1496.012, NAN, NAN, NAN, NAN,,2024/04/07 16:15:48.120,2024-04-07 16:15:48.120000+00:00
2024/04/07, 16:16:48.121,36.13,-74.854,4.26,2.99,358.8,3.94,8.8, 8.8,1017.5, 1017.5,0.0, 0.0,0.0, 0.000,0, 354,12.5, 12.0,64.4, 64.7,10.5, 10.0,3.2, 356.0,1019.6, 1019.6,859.13,288.67,2181.11,32.4155,12.6306,213.9,45.7,1495.972, NAN, NAN, NAN, NAN,,2024/04/07 16:16:48.121,2024-04-07 16:16:48.121000+00:00
2024/04/07, 16:17:48.121,36.131,-74.854,4.46,3.19,0.11,4.08,8.7, 8.8,1017.5, 1017.5,0.0, 0.0,0.0, 0.000,2, 355,13.0, 12.4,63.5, 63.5,10.9, 10.3,5.7, 357.3,1019.6, 1019.6,856.7,288.52,2184.97,32.4127,12.6214,217.9,45.9,1495.937, NAN, NAN, NAN, NAN,,2024/04/07 16:17:48.121,2024-04-07 16:17:48.121000+00:00
2024/04/07, 16:18:48.121,36.132,-74.854,4.58,3.35,4.53,4.26,8.7, 8.7,1017.6, 1017.6,0.0, 0.0,0.0, 0.000,1, 354,12.3, 11.9,65.0, 65.0,10.1, 9.7,4.3, 355.7,1019.7, 1019.7,857.4,289.48,2186.35,32.4075,12.6052,214.8,46.2,1495.876, NAN, NAN, NAN, NAN,,2024/04/07 16:18:48.121,2024-04-07 16:18:48.121000+00:00
2024/04/07, 16:19:48.121,36.133,-74.854,4.59,3.04,10.91,4.11,8.7, 8.8,1017.5, 1017.4,0.0, 0.0,0.0, 0.000,4, 358,13.3, 12.7,66.7, 66.6,11.2, 10.6,7.3, 0.1,1019.6, 1019.5,856.12,288.24,2183.73,32.4008,12.5925,214.5,46.2,1495.825, NAN, NAN, NAN, NAN,,2024/04/07 16:19:48.121,2024-04-07 16:19:48.121000+00:00
2024/04/07, 16:20:48.121,36.134,-74.854,4.73,3.52,358.32,4.42,8.7, 8.7,1017.7, 1017.5,0.0, 0.0,0.0, 0.000,4, 358,12.7, 12.3,66.0, 65.8,10.4, 10.0,9.0, 1.7,1019.8, 1019.6,851.22,288.56,2184.69,32.3952,12.5791,212.0,46.0,1495.773, NAN, NAN, NAN, NAN,,2024/04/07 16:20:48.121,2024-04-07 16:20:48.121000+00:00
2024/04/07, 16:21:48.121,36.136,-74.854,4.87,3.69,2.69,4.6,8.7, 8.7,1017.5, 1017.5,0.0, 0.0,0.0, 0.000,4, 357,12.6, 12.1,66.3, 66.5,10.2, 9.7,8.5, 359.9,1019.6, 1019.6,850.05,288.74,2182.95,32.3924,12.565,213.9,45.9,1495.722, NAN, NAN, NAN, NAN,,2024/04/07 16:21:48.121,2024-04-07 16:21:48.121000+00:00
2024/04/07, 16:22:48.121,36.137,-74.854,4.97,3.64,2.88,4.81,8.7, 8.7,1017.4, 1017.6,0.0, 0.0,0.0, 0.000,351, 345,11.5, 11.6,66.0, 66.6,9.1, 9.2,352.4, 344.9,1019.5, 1019.7,848.9,290.93,2184.28,32.384,12.5494,213.6,46.0,1495.659, NAN, NAN, NAN, NAN,,2024/04/07 16:22:48.121,2024-04-07 16:22:48.121000+00:00
2024/04/07, 16:23:48.121,36.138,-74.854,5.02,2.89,357.65,4.68,8.9, 8.9,1017.5, 1017.4,0.0, 0.0,0.0, 0.000,350, 343,11.8, 11.5,69.8, 69.7,9.4, 9.2,351.4, 342.5,1019.6, 1019.5,849.85,291.35,2184.92,32.3777,12.5339,212.4,46.0,1495.599, NAN, NAN, NAN, NAN,,2024/04/07 16:23:48.121,2024-04-07 16:23:48.121000+00:00
2024/04/07, 16:24:48.121,36.139,-74.854,5.03,3.43,2.96,4.86,8.9, 8.9,1017.5, 1017.6,0.0, 0.0,0.0, 0.000,349, 342,12.0, 12.3,69.0, 69.5,9.5, 9.9,349.9, 341.3,1019.6, 1019.7,847.79,289.6,2182.78,32.3733,12.5175,215.1,46.0,1495.539, NAN, NAN, NAN, NAN,,2024/04/07 16:24:48.121,2024-04-07 16:24:48.121000+00:00
2024/04/07, 16:25:48.121,36.141,-74.854,5.07,4.15,5.43,4.77,8.8, 8.9,1017.6, 1017.6,0.0, 0.0,0.0, 0.000,357, 350,12.3, 11.6,67.8, 68.3,9.9, 9.2,0.2, 351.3,1019.7, 1019.7,846.83,289.96,2179.23,32.3656,12.5068,214.8,46.1,1495.493, NAN, NAN, NAN, NAN,,2024/04/07 16:25:48.121,2024-04-07 16:25:48.121000+00:00
2024/04/07, 16:26:48.121,36.142,-74.853,5.07,3.69,358.79,4.81,8.8, 8.9,1017.6, 1017.6,0.0, 0.0,0.0, 0.000,357, 351,13.3, 12.9,68.9, 69.0,10.8, 10.4,0.7, 353.3,1019.7, 1019.7,849.97,289.38,2183.34,32.3597,12.4984,215.4,46.2,1495.458, NAN, NAN, NAN, NAN,,2024/04/07 16:26:48.121,2024-04-07 16:26:48.121000+00:00
2024/04/07, 16:27:48.121,36.143,-74.853,4.91,4.08,7.37,4.65,8.8, 8.8,1017.5, 1017.5,0.0, 0.0,0.0, 0.000,0, 353,12.2, 12.0,67.4, 67.6,9.8, 9.6,3.8, 355.0,1019.6, 1019.6,850.12,289.18,2185.93,32.354,12.4891,215.4,46.1,1495.419, NAN, NAN, NAN, NAN,,2024/04/07 16:27:48.121,2024-04-07 16:27:48.121000+00:00
2024/04/07, 16:28:48.121,36.145,-74.853,4.95,3.08,355.37,4.5,8.7, 8.8,1017.5, 1017.5,0.0, 0.0,0.0, 0.000,0, 354,12.9, 12.7,65.1, 65.3,10.6, 10.4,3.8, 356.5,1019.6, 1019.6,853.29,290.3,2185.02,32.347,12.4808,212.7,45.9,1495.383, NAN, NAN, NAN, NAN,,2024/04/07 16:28:48.121,2024-04-07 16:28:48.121000+00:00
2024/04/07, 16:29:48.121,36.146,-74.853,4.75,3.34,0.73,4.41,8.7, 8.8,1017.6, 1017.5,0.0, 0.0,0.0, 0.000,351, 344,11.6, 11.5,67.5, 67.4,9.3, 9.3,352.8, 344.2,1019.7, 1019.6,863.23,290.38,2185.76,32.3428,12.4676,211.7,45.6,1495.333, NAN, NAN, NAN, NAN,,2024/04/07 16:29:48.121,2024-04-07 16:29:48.121000+00:00
2024/04/07, 16:30:48.121,36.147,-74.853,4.33,4.16,4.41,3.99,8.8, 8.8,1017.8, 1017.7,0.0, 0.0,0.0, 0.000,0, 354,11.7, 11.2,69.2, 69.5,9.6, 9.2,4.2, 356.9,1019.9, 1019.8,851.43,289.42,2178.43,32.3377,12.4556,214.2,45.7,1495.286, NAN, NAN, NAN, NAN,,2024/04/07 16:30:48.121,2024-04-07 16:30:48.121000+00:00
2024/04/07, 16:31:48.121,36.148,-74.853,4.26,3.47,4.79,4.07,8.8, 8.8,1017.6, 1017.6,0.0, 0.0,0.0, 0.000,0, 353,12.6, 12.0,67.6, 67.3,10.5, 9.9,3.7, 355.3,1019.7, 1019.7,863.73,288.7,2185.44,32.3315,12.4417,211.2,46.1,1495.231, NAN, NAN, NAN, NAN,,2024/04/07 16:31:48.121,2024-04-07 16:31:48.121000+00:00
2024/04/07, 16:32:48.122,36.149,-74.853,4.16,3.94,2.14,3.76,8.7, 8.7,1017.7, 1017.6,0.0, 0.0,0.0, 0.000,346, 340,11.4, 11.7,67.6, 67.5,9.5, 9.9,347.5, 340.5,1019.8, 1019.7,865.35,289.48,2181.89,32.3244,12.4308,212.4,46.1,1495.186, NAN, NAN, NAN, NAN,,2024/04/07 16:32:48.122,2024-04-07 16:32:48.122000+00:00
2024/04/07, 16:33:48.122,36.15,-74.853,4.03,3.34,5.2,3.78,8.7, 8.7,1017.6, 1017.6,0.0, 0.0,0.0, 0.000,345, 338,11.6, 11.8,67.2, 67.9,9.8, 10.1,344.8, 336.7,1019.7, 1019.7,871.7,289.5,2184.98,32.3186,12.4246,210.0,45.9,1495.158, NAN, NAN, NAN, NAN,,2024/04/07 16:33:48.122,2024-04-07 16:33:48.122000+00:00
2024/04/07, 16:34:48.122,36.151,-74.853,4.01,3.86,4.71,3.93,8.7, 8.7,1017.5, 1017.6,0.0, 0.0,0.0, 0.000,355, 349,11.5, 11.5,65.9, 66.3,9.5, 9.5,358.3, 351.1,1019.6, 1019.7,889.4,290.13,2196.21,32.3146,12.415,212.7,46.0,1495.12, NAN, NAN, NAN, NAN,,2024/04/07 16:34:48.122,2024-04-07 16:34:48.122000+00:00
2024/04/07, 16:35:48.122,36.152,-74.853,3.99,3.51,11.04,3.7,8.7, 8.8,1017.7, 1017.6,0.0, 0.0,0.0, 0.000,349, 342,11.7, 11.6,68.2, 68.2,9.9, 9.9,349.2, 340.9,1019.8, 1019.7,885.0,288.77,2189.74,32.3091,12.4029,211.5,45.9,1495.073, NAN, NAN, NAN, NAN,,2024/04/07 16:35:48.122,2024-04-07 16:35:48.122000+00:00
2024/04/07, 16:36:48.122,36.153,-74.853,3.98,4.23,10.79,3.78,8.7, 8.7,1017.7, 1017.6,0.0, 0.0,0.0, 0.000,348, 341,11.5, 11.6,65.8, 65.7,9.6, 9.8,349.2, 341.0,1019.8, 1019.7,879.06,289.29,2187.39,32.304,12.3959,209.0,46.1,1495.043, NAN, NAN, NAN, NAN,,2024/04/07 16:36:48.122,2024-04-07 16:36:48.122000+00:00
2024/04/07, 16:37:48.122,36.155,-74.852,4.05,3.62,0.95,3.79,8.7, 8.7,1017.7, 1017.7,0.0, 0.0,0.0, 0.000,357, 350,12.4, 11.9,66.6, 66.6,10.5, 10.0,0.2, 351.8,1019.8, 1019.8,900.59,288.11,2192.15,32.2983,12.3855,209.0,45.9,1495.001, NAN, NAN, NAN, NAN,,2024/04/07 16:37:48.122,2024-04-07 16:37:48.122000+00:00
2024/04/07, 16:38:48.122,36.156,-74.852,4.09,3.26,359.82,3.81,8.6, 8.7,1017.8, 1017.8,0.0, 0.0,0.0, 0.000,351, 344,10.9, 10.9,64.5, 64.4,9.0, 9.0,352.6, 344.1,1019.9, 1019.9,906.48,288.86,2194.7,32.2939,12.3801,210.8,46.2,1494.977, NAN, NAN, NAN, NAN,,2024/04/07 16:38:48.122,2024-04-07 16:38:48.122000+00:00
2024/04/07, 16:39:48.122,36.157,-74.852,4.08,4.19,1.69,3.7,8.6, 8.7,1017.8, 1017.8,0.0, 0.0,0.0, 0.000,351, 343,11.1, 11.0,66.5, 66.5,9.2, 9.2,353.3, 343.7,1019.9, 1019.9,906.49,289.25,2191.02,32.29,12.3682,211.5,46.4,1494.932, NAN, NAN, NAN, NAN,,2024/04/07 16:39:48.122,2024-04-07 16:39:48.122000+00:00
2024/04/07, 16:40:48.122,36.158,-74.852,4.07,4.04,5.65,3.78,8.6, 8.7,1017.8, 1017.8,0.0, 0.0,0.0, 0.000,353, 346,11.9, 11.6,64.8, 64.8,10.0, 9.7,355.6, 347.2,1019.9, 1019.9,919.38,288.55,2193.99,32.2859,12.3572,210.2,46.4,1494.889, NAN, NAN, NAN, NAN,,2024/04/07 16:40:48.122,2024-04-07 16:40:48.122000+00:00
2024/04/07, 16:41:48.122,36.159,-74.852,4.14,3.94,357.44,3.92,8.6, 8.7,1017.8, 1017.8,0.0, 0.0,0.0, 0.000,358, 352,11.4, 11.2,66.5, 66.5,9.4, 9.2,2.3, 355.0,1019.9, 1019.9,930.9,289.17,2191.97,32.2814,12.353,210.8,46.4,1494.87, NAN, NAN, NAN, NAN,,2024/04/07 16:41:48.122,2024-04-07 16:41:48.122000+00:00
2024/04/07, 16:42:48.122,36.16,-74.852,4.12,3.89,2.83,3.68,8.6, 8.6,1017.8, 1017.8,0.0, 0.0,0.0, 0.000,348, 342,11.5, 11.6,65.9, 65.8,9.7, 9.8,349.3, 342.3,1019.9, 1019.9,926.95,290.3,2191.64,32.2773,12.3444,213.6,46.3,1494.836, NAN, NAN, NAN, NAN,,2024/04/07 16:42:48.122,2024-04-07 16:42:48.122000+00:00
2024/04/07, 16:43:48.122,36.161,-74.852,4.08,3.92,359.63,4.01,8.7, 8.7,1017.8, 1017.8,0.0, 0.0,0.0, 0.000,350, 344,11.6, 11.6,67.0, 67.4,9.5, 9.6,353.1, 345.8,1019.9, 1019.9,936.51,289.71,2192.23,32.2755,12.339,211.2,46.3,1494.815, NAN, NAN, NAN, NAN,,2024/04/07 16:43:48.122,2024-04-07 16:43:48.122000+00:00
2024/04/07, 16:44:48.122,36.162,-74.852,4.14,3.51,3.36,3.75,8.7, 8.7,1017.8, 1017.8,0.0, 0.0,0.0, 0.000,351, 344,10.3, 10.3,66.1, 66.0,8.4, 8.5,352.4, 343.9,1019.9, 1019.9,944.7,290.08,2191.6,32.2702,12.3336,210.0,46.5,1494.79, NAN, NAN, NAN, NAN,,2024/04/07 16:44:48.122,2024-04-07 16:44:48.122000+00:00
2024/04/07, 16:45:48.122,36.163,-74.852,4.13,6.78,3.06,3.77,8.7, 8.7,1017.9, 1017.9,0.0, 0.0,0.0, 0.000,352, 344,10.6, 10.6,64.9, 65.1,8.7, 8.7,357.5, 347.8,1020.0, 1020.0,925.73,288.68,2194.02,32.2669,12.3243,211.7,46.6,1494.755, NAN, NAN, NAN, NAN,,2024/04/07 16:45:48.122,2024-04-07 16:45:48.122000+00:00
2024/04/07, 16:46:48.122,36.164,-74.852,4.14,7.49,4.03,3.91,8.6, 8.7,1017.8, 1017.8,0.0, 0.0,0.0, 0.000,349, 342,11.5, 11.6,63.1, 63.0,9.5, 9.7,354.6, 346.2,1019.9, 1019.9,922.56,288.44,2191.15,32.2494,12.3148,209.0,46.6,1494.701, NAN, NAN, NAN, NAN,,2024/04/07 16:46:48.122,2024-04-07 16:46:48.122000+00:00
2024/04/07, 16:47:48.123,36.165,-74.851,4.11,7.12,12.3,3.9,8.6, 8.6,1017.9, 1017.8,0.0, 0.0,0.0, 0.000,350, 343,10.2, 10.2,63.6, 63.8,8.3, 8.3,353.9, 345.3,1020.0, 1019.9,923.98,289.32,2189.77,32.2592,12.3039,207.5,46.0,1494.676, NAN, NAN, NAN, NAN,,2024/04/07 16:47:48.123,2024-04-07 16:47:48.123000+00:00
2024/04/07, 16:48:48.123,36.166,-74.851,4.1,6.84,3.78,3.65,8.6, 8.6,1017.8, 1017.8,0.0, 0.0,0.0, 0.000,358, 352,11.9, 11.0,67.2, 67.1,10.0, 9.2,4.3, 357.0,1019.9, 1019.9,940.13,288.85,2190.77,32.2554,12.2896,207.2,46.3,1494.623, NAN, NAN, NAN, NAN,,2024/04/07 16:48:48.123,2024-04-07 16:48:48.123000+00:00
2024/04/07, 16:49:48.123,36.167,-74.851,4.09,7.56,359.24,3.6,8.6, 8.6,1018.1, 1017.8,0.0, 0.0,0.0, 0.000,354, 347,10.1, 9.7,66.0, 66.5,8.3, 7.9,0.5, 351.8,1020.2, 1019.9,941.58,290.35,2189.93,32.2524,12.2774,207.8,46.5,1494.577, NAN, NAN, NAN, NAN,,2024/04/07 16:49:48.123,2024-04-07 16:49:48.123000+00:00
2024/04/07, 16:50:48.123,36.168,-74.851,4.1,7.1,8.01,3.81,8.7, 8.7,1018.0, 1018.0,0.0, 0.0,0.0, 0.000,353, 346,10.0, 9.6,66.2, 66.6,8.1, 7.7,358.4, 349.6,1020.1, 1020.1,940.58,290.05,2190.97,32.2485,12.2593,206.0,46.4,1494.511, NAN, NAN, NAN, NAN,,2024/04/07 16:50:48.123,2024-04-07 16:50:48.123000+00:00
2024/04/07, 16:51:48.123,36.169,-74.851,2.93,6.04,14.55,2.48,8.8, 8.8,1017.9, 1017.9,0.0, 0.0,0.0, 0.000,358, 352,11.1, 11.1,66.9, 66.8,9.8, 9.9,3.3, 356.5,1020.0, 1020.0,959.35,288.19,2191.63,32.2454,12.2426,204.4,46.4,1494.45, NAN, NAN, NAN, NAN,,2024/04/07 16:51:48.123,2024-04-07 16:51:48.123000+00:00
2024/04/07, 16:52:48.123,36.17,-74.851,2.47,6.1,353.53,2.28,8.7, 8.8,1017.9, 1017.8,0.0, 0.0,0.0, 0.000,358, 352,10.4, 10.1,62.6, 66.3,9.2, 8.9,4.9, 358.2,1020.0, 1019.9,964.72,289.02,2189.75,32.2406,12.2297,203.2,46.6,1494.4, NAN, NAN, NAN, NAN,,2024/04/07 16:52:48.123,2024-04-07 16:52:48.123000+00:00
2024/04/07, 16:53:48.123,36.17,-74.851,2.07,5.33,9.64,1.88,8.7, 8.7,1018.0, 1018.0,0.0, 0.0,0.0, 0.000,359, 353,9.3, 9.2,68.0, 67.7,8.3, 8.2,4.3, 357.5,1020.1, 1020.1,971.77,289.43,2188.9,32.2366,12.2184,208.1,46.4,1494.357, NAN, NAN, NAN, NAN,,2024/04/07 16:53:48.123,2024-04-07 16:53:48.123000+00:00
2024/04/07, 16:54:48.123,36.171,-74.851,2.35,7.42,18.27,2.17,8.7, 8.7,1017.9, 1017.8,0.0, 0.0,0.0, 0.000,346, 340,9.8, 10.0,67.7, 67.5,8.7, 9.0,351.3, 344.6,1020.0, 1019.9,963.73,288.87,2190.19,32.2336,12.2095,206.0,46.4,1494.323, NAN, NAN, NAN, NAN,,2024/04/07 16:54:48.123,2024-04-07 16:54:48.123000+00:00
2024/04/07, 16:55:48.123,36.171,-74.851,2.51,7.41,23.21,2.33,8.7, 8.7,1018.0, 1018.0,0.0, 0.0,0.0, 0.000,350, 343,9.5, 9.6,64.6, 64.7,8.3, 8.5,355.8, 347.8,1020.1, 1020.1,960.86,288.58,2191.08,32.2297,12.2035,210.0,46.4,1494.298, NAN, NAN, NAN, NAN,,2024/04/07 16:55:48.123,2024-04-07 16:55:48.123000+00:00
2024/04/07, 16:56:48.123,36.172,-74.851,2.27,6.63,13.07,1.83,8.7, 8.7,1018.0, 1018.0,0.0, 0.0,0.0, 0.000,346, 339,10.1, 10.3,65.2, 65.6,9.2, 9.5,350.7, 343.1,1020.1, 1020.1,972.0,288.25,2192.16,32.2255,12.1932,208.1,46.2,1494.257, NAN, NAN, NAN, NAN,,2024/04/07 16:56:48.123,2024-04-07 16:56:48.123000+00:00
2024/04/07, 16:57:48.123,36.173,-74.851,2.38,5.96,10.88,2.13,8.6, 8.7,1017.9, 1018.0,0.0, 0.0,0.0, 0.000,351, 344,10.4, 10.3,64.3, 64.3,9.3, 9.3,355.7, 347.9,1020.0, 1020.1,981.62,288.25,2192.61,32.221,12.1863,207.8,46.2,1494.228, NAN, NAN, NAN, NAN,,2024/04/07 16:57:48.123,2024-04-07 16:57:48.123000+00:00
2024/04/07, 16:58:48.123,36.173,-74.85,2.65,6.72,353.88,2.52,8.6, 8.6,1017.9, 1017.9,0.0, 0.0,0.0, 0.000,358, 351,9.8, 9.6,64.6, 64.6,8.5, 8.3,5.7, 357.6,1020.0, 1020.0,983.35,288.92,2190.17,32.2171,12.1819,207.8,46.3,1494.209, NAN, NAN, NAN, NAN,,2024/04/07 16:58:48.123,2024-04-07 16:58:48.123000+00:00
2024/04/07, 16:59:48.123,36.174,-74.85,2.44,6.85,9.49,2.11,8.6, 8.6,1018.0, 1018.0,0.0, 0.0,0.0, 0.000,357, 351,10.4, 10.2,66.0, 66.4,9.3, 9.1,3.4, 356.7,1020.1, 1020.1,977.78,288.76,2184.61,32.2139,12.1743,207.8,46.4,1494.179, NAN, NAN, NAN, NAN,,2024/04/07 16:59:48.123,2024-04-07 16:59:48.123000+00:00
2024/04/07, 17:00:48.123,36.174,-74.85,1.56,5.79,10.08,1.33,8.6, 8.6,1017.9, 1017.9,0.0, 0.0,0.0, 0.000,355, 348,10.1, 9.9,65.2, 65.1,9.4, 9.2,0.1, 352.6,1020.0, 1020.0,984.39,289.72,2192.02,32.2117,12.1691,205.0,46.3,1494.158, NAN, NAN, NAN, NAN,,2024/04/07 17:00:48.123,2024-04-07 17:00:48.123000+00:00
2024/04/07, 17:01:48.123,36.175,-74.85,0.92,8.62,44.65,0.63,8.6, 8.7,1018.0, 1018.0,0.0, 0.0,0.0, 0.000,344, 338,10.2, 10.5,65.6, 66.8,9.9, 10.2,351.6, 345.5,1020.1, 1020.1,977.96,288.72,2189.15,32.2122,12.1615,208.1,46.2,1494.133, NAN, NAN, NAN, NAN,,2024/04/07 17:01:48.123,2024-04-07 17:01:48.123000+00:00
2024/04/07, 17:02:48.124,36.175,-74.85,0.77,8.11,40.73,0.26,8.6, 8.7,1018.0, 1018.0,0.0, 0.0,0.0, 0.000,344, 339,9.0, 9.5,62.0, 62.0,8.9, 9.4,352.0, 346.9,1020.1, 1020.1,980.17,288.44,2186.05,32.208,12.1551,207.5,46.0,1494.106, NAN, NAN, NAN, NAN,,2024/04/07 17:02:48.124,2024-04-07 17:02:48.124000+00:00
2024/04/07, 17:03:48.124,36.175,-74.85,0.4,2.44,44.91,0.05,8.6, 8.6,1018.0, 1017.8,0.0, 0.0,0.0, 0.000,357, 350,8.7, 8.6,61.9, 63.5,8.7, 8.6,359.6, 352.6,1020.1, 1019.9,986.87,288.59,2191.79,32.2062,12.152,206.8,46.4,1494.093, NAN, NAN, NAN, NAN,,2024/04/07 17:03:48.124,2024-04-07 17:03:48.124000+00:00
2024/04/07, 17:04:48.124,36.175,-74.85,0.45,4.05,230.15,0.16,8.6, 8.7,1018.0, 1018.0,0.0, 0.0,0.0, 0.000,348, 341,9.0, 9.2,63.3, 63.5,9.1, 9.3,352.4, 345.4,1020.1, 1020.1,984.31,288.23,2187.62,32.2037,12.1497,210.0,46.6,1494.082, NAN, NAN, NAN, NAN,,2024/04/07 17:04:48.124,2024-04-07 17:04:48.124000+00:00
2024/04/07, 17:05:48.124,36.175,-74.85,0.22,2.83,84.93,0.29,8.6, 8.7,1018.0, 1017.9,0.0, 0.0,0.0, 0.000,355, 349,8.4, 8.3,62.8, 63.5,8.4, 8.3,356.8, 350.8,1020.1, 1020.0,982.02,288.88,2188.45,32.2053,12.1507,212.4,46.3,1494.088, NAN, NAN, NAN, NAN,,2024/04/07 17:05:48.124,2024-04-07 17:05:48.124000+00:00
2024/04/07, 17:06:48.124,36.175,-74.85,0.07,2.7,297.87,0.05,8.7, 8.7,1018.0, 1017.8,0.0, 0.0,0.0, 0.000,354, 347,9.4, 9.2,63.1, 63.9,9.4, 9.2,356.8, 349.8,1020.1, 1019.9,980.7,288.71,2191.41,32.2023,12.1519,213.6,46.2,1494.088, NAN, NAN, NAN, NAN,,2024/04/07 17:06:48.124,2024-04-07 17:06:48.124000+00:00
2024/04/07, 17:07:48.124,36.175,-74.85,0.16,3.63,108.96,0.13,8.7, 8.7,1017.9, 1017.9,0.0, 0.0,0.0, 0.000,357, 350,9.4, 9.1,64.3, 64.3,9.4, 9.1,0.3, 353.2,1020.0, 1020.0,982.95,287.81,2193.06,32.2042,12.1541,216.0,46.3,1494.098, NAN, NAN, NAN, NAN,,2024/04/07 17:07:48.124,2024-04-07 17:07:48.124000+00:00
2024/04/07, 17:08:48.124,36.175,-74.85,0.3,2.3,105.91,0.26,8.6, 8.7,1018.0, 1017.9,0.0, 0.0,0.0, 0.000,0, 353,9.0, 8.6,62.5, 62.7,9.0, 8.6,1.5, 354.4,1020.1, 1020.0,980.68,287.85,2191.26,32.2035,12.1515,216.0,46.1,1494.088, NAN, NAN, NAN, NAN,,2024/04/07 17:08:48.124,2024-04-07 17:08:48.124000+00:00
2024/04/07, 17:09:48.124,36.175,-74.85,0.17,2.78,112.63,0.17,8.6, 8.6,1018.0, 1018.0,0.0, 0.0,0.0, 0.000,355, 348,8.9, 8.7,63.1, 63.4,8.9, 8.7,358.3, 351.4,1020.1, 1020.1,978.11,288.4,2191.57,32.2049,12.1456,219.1,46.0,1494.07, NAN, NAN, NAN, NAN,,2024/04/07 17:09:48.124,2024-04-07 17:09:48.124000+00:00
2024/04/07, 17:10:48.124,36.175,-74.85,0.45,2.98,308.87,0.16,8.6, 8.6,1018.0, 1017.9,0.0, 0.0,0.0, 0.000,352, 345,8.5, 8.4,62.6, 62.6,8.5, 8.4,355.5, 348.4,1020.1, 1020.0,979.54,288.15,2190.67,32.209,12.1394,218.2,45.9,1494.053, NAN, NAN, NAN, NAN,,2024/04/07 17:10:48.124,2024-04-07 17:10:48.124000+00:00
2024/04/07, 17:11:48.124,36.175,-74.85,0.14,3.12,18.18,0.27,8.6, 8.6,1018.0, 1017.9,0.0, 0.0,0.0, 0.000,4, 357,9.0, 8.6,63.2, 63.4,9.0, 8.6,6.2, 359.2,1020.1, 1020.0,973.48,288.14,2188.59,32.203,12.1409,216.9,46.2,1494.051, NAN, NAN, NAN, NAN,,2024/04/07 17:11:48.124,2024-04-07 17:11:48.124000+00:00
2024/04/07, 17:12:48.124,36.175,-74.85,0.25,2.12,334.51,0.31,8.6, 8.6,1018.0, 1018.0,0.0, 0.0,0.0, 0.000,358, 352,9.2, 9.0,62.8, 62.9,9.1, 8.9,0.9, 354.8,1020.1, 1020.1,972.52,288.64,2188.79,32.2033,12.144,216.0,45.9,1494.062, NAN, NAN, NAN, NAN,,2024/04/07 17:12:48.124,2024-04-07 17:12:48.124000+00:00
2024/04/07, 17:13:48.124,36.175,-74.85,0.2,3.88,117.9,0.29,8.6, 8.6,1018.0, 1018.0,0.0, 0.0,0.0, 0.000,354, 347,8.7, 8.7,63.1, 63.1,8.7, 8.7,356.9, 349.9,1020.1, 1020.1,974.65,287.98,2188.69,32.2063,12.1502,216.9,45.9,1494.087, NAN, NAN, NAN, NAN,,2024/04/07 17:13:48.124,2024-04-07 17:13:48.124000+00:00
2024/04/07, 17:14:48.124,36.175,-74.85,0.27,2.74,135.26,0.07,8.6, 8.6,1018.0, 1018.1,0.0, 0.0,0.0, 0.000,3, 356,8.2, 8.0,62.8, 62.6,8.2, 8.0,5.5, 358.5,1020.1, 1020.2,972.04,288.31,2189.51,32.2045,12.1499,216.6,46.2,1494.084, NAN, NAN, NAN, NAN,,2024/04/07 17:14:48.124,2024-04-07 17:14:48.124000+00:00
2024/04/07, 17:15:48.124,36.175,-74.85,0.28,3.1,274.01,0.34,8.6, 8.6,1018.0, 1018.1,0.0, 0.0,0.0, 0.000,356, 349,7.3, 6.9,64.9, 64.9,7.3, 6.8,0.4, 353.4,1020.1, 1020.2,969.82,289.84,2191.17,32.2061,12.1516,217.2,46.1,1494.092, NAN, NAN, NAN, NAN,,2024/04/07 17:15:48.124,2024-04-07 17:15:48.124000+00:00
2024/04/07, 17:16:48.124,36.175,-74.85,0.13,2.97,57.94,0.18,8.6, 8.7,1018.2, 1018.0,0.0, 0.0,0.0, 0.000,354, 348,9.3, 9.0,65.1, 66.0,9.3, 9.0,356.4, 350.4,1020.3, 1020.1,969.73,288.17,2189.87,32.2061,12.1534,216.9,45.9,1494.098, NAN, NAN, NAN, NAN,,2024/04/07 17:16:48.124,2024-04-07 17:16:48.124000+00:00
2024/04/07, 17:17:48.124,36.175,-74.85,0.12,1.41,280.69,0.06,8.7, 8.7,1018.0, 1018.0,0.0, 0.0,0.0, 0.000,1, 355,8.3, 8.1,64.4, 65.1,8.3, 8.1,2.6, 356.6,1020.1, 1020.1,963.39,289.03,2191.12,32.2049,12.1493,216.4,45.8,1494.082, NAN, NAN, NAN, NAN,,2024/04/07 17:17:48.124,2024-04-07 17:17:48.124000+00:00
2024/04/07, 17:18:48.124,36.175,-74.85,0.28,2.82,95.75,0.1,8.7, 8.7,1018.0, 1018.0,0.0, 0.0,0.0, 0.000,5, 359,8.1, 8.1,66.1, 65.8,8.1, 8.1,8.1, 2.1,1020.1, 1020.1,963.52,289.6,2187.22,32.2046,12.1425,218.8,46.2,1494.059, NAN, NAN, NAN, NAN,,2024/04/07 17:18:48.124,2024-04-07 17:18:48.124000+00:00
2024/04/07, 17:19:48.125,36.175,-74.85,0.25,3.66,141.97,0.18,8.7, 8.7,1018.0, 1017.9,0.0, 0.0,0.0, 0.000,1, 354,8.6, 8.3,65.3, 65.3,8.6, 8.3,4.0, 357.0,1020.1, 1020.0,963.72,289.11,2187.59,32.2054,12.1413,218.8,46.3,1494.056, NAN, NAN, NAN, NAN,,2024/04/07 17:19:48.125,2024-04-07 17:19:48.125000+00:00
2024/04/07, 17:20:48.125,36.175,-74.85,0.2,3.04,198.57,0.25,8.6, 8.7,1018.0, 1018.0,0.0, 0.0,0.0, 0.000,359, 352,9.5, 9.1,66.1, 66.0,9.6, 9.2,1.9, 355.0,1020.1, 1020.1,963.92,288.61,2189.66,32.2071,12.1454,221.8,46.3,1494.072, NAN, NAN, NAN, NAN,,2024/04/07 17:20:48.125,2024-04-07 17:20:48.125000+00:00
2024/04/07, 17:21:48.125,36.175,-74.85,0.43,3.09,299.58,0.01,8.6, 8.7,1018.0, 1018.0,0.0, 0.0,0.0, 0.000,356, 351,8.3, 7.9,63.3, 63.0,8.3, 7.9,359.1, 354.1,1020.1, 1020.1,964.15,288.54,2191.95,32.2089,12.1487,221.8,46.2,1494.085, NAN, NAN, NAN, NAN,,2024/04/07 17:21:48.125,2024-04-07 17:21:48.125000+00:00
2024/04/07, 17:22:48.125,36.175,-74.85,0.2,1.53,353.47,0.1,8.6, 8.6,1018.1, 1018.1,0.0, 0.0,0.0, 0.000,359, 353,9.0, 8.6,62.8, 62.7,9.0, 8.6,0.8, 354.8,1020.2, 1020.2,954.05,289.2,2189.35,32.2084,12.1521,217.2,46.3,1494.096, NAN, NAN, NAN, NAN,,2024/04/07 17:22:48.125,2024-04-07 17:22:48.125000+00:00
2024/04/07, 17:23:48.125,36.175,-74.85,0.22,2.88,18.0,0.07,8.6, 8.7,1017.9, 1017.8,0.0, 0.0,0.0, 0.000,349, 343,8.8, 8.9,64.7, 64.9,8.8, 8.9,351.9, 345.9,1020.0, 1019.9,957.88,289.2,2190.85,32.2092,12.1517,219.7,46.2,1494.096, NAN, NAN, NAN, NAN,,2024/04/07 17:23:48.125,2024-04-07 17:23:48.125000+00:00
2024/04/07, 17:24:48.125,36.175,-74.85,0.19,357.09,275.13,0.13,8.7, 8.7,1018.0, 1017.8,0.0, 0.0,0.0, 0.000,356, 350,8.0, 8.1,64.4, 64.5,8.1, 8.2,353.3, 347.4,1020.1, 1019.9,925.33,288.77,2190.08,32.2096,12.1529,216.6,46.1,1494.1, NAN, NAN, NAN, NAN,,2024/04/07 17:24:48.125,2024-04-07 17:24:48.125000+00:00
2024/04/07, 17:25:48.125,36.175,-74.85,0.37,358.38,98.59,0.2,8.7, 8.7,1018.0, 1018.0,0.0, 0.0,0.0, 0.000,353, 346,9.2, 9.1,64.4, 64.6,9.2, 9.1,350.8, 343.7,1020.1, 1020.1,933.01,288.58,2192.57,32.2083,12.1523,215.4,45.6,1494.097, NAN, NAN, NAN, NAN,,2024/04/07 17:25:48.125,2024-04-07 17:25:48.125000+00:00
2024/04/07, 17:26:48.125,36.175,-74.85,0.07,357.99,296.12,0.01,8.6, 8.7,1018.2, 1018.1,0.0, 0.0,0.0, 0.000,359, 352,8.0, 7.8,63.2, 63.1,8.0, 7.8,357.0, 350.0,1020.3, 1020.2,920.37,289.33,2190.73,32.2093,12.1574,217.9,45.7,1494.115, NAN, NAN, NAN, NAN,,2024/04/07 17:26:48.125,2024-04-07 17:26:48.125000+00:00
2024/04/07, 17:27:48.125,36.175,-74.85,0.29,358.55,92.21,0.18,8.7, 8.7,1018.2, 1018.1,0.0, 0.0,0.0, 0.000,3, 356,9.3, 8.9,64.0, 64.0,9.3, 8.9,1.0, 354.0,1020.3, 1020.2,926.97,288.91,2192.45,32.2095,12.1631,214.2,46.1,1494.135, NAN, NAN, NAN, NAN,,2024/04/07 17:27:48.125,2024-04-07 17:27:48.125000+00:00
2024/04/07, 17:28:48.125,36.175,-74.85,0.16,358.53,308.44,0.19,8.7, 8.7,1018.0, 1018.1,0.0, 0.0,0.0, 0.000,2, 356,8.7, 8.3,63.8, 63.4,8.6, 8.2,1.0, 354.9,1020.1, 1020.2,919.49,287.89,2190.34,32.2089,12.1649,213.9,46.2,1494.141, NAN, NAN, NAN, NAN,,2024/04/07 17:28:48.125,2024-04-07 17:28:48.125000+00:00
2024/04/07, 17:29:48.125,36.175,-74.85,0.15,357.56,92.93,0.29,8.7, 8.7,1018.1, 1018.1,0.0, 0.0,0.0, 0.000,5, 359,8.8, 8.4,62.7, 62.9,8.8, 8.4,1.6, 355.6,1020.2, 1020.2,910.4,288.12,2192.94,32.2099,12.1648,216.0,46.1,1494.142, NAN, NAN, NAN, NAN,,2024/04/07 17:29:48.125,2024-04-07 17:29:48.125000+00:00
2024/04/07, 17:30:48.125,36.175,-74.85,0.15,357.65,128.07,0.12,8.7, 8.7,1018.2, 1018.2,0.0, 0.0,0.0, 0.000,3, 356,8.9, 8.5,64.2, 64.1,9.0, 8.6,0.5, 353.6,1020.3, 1020.3,908.18,288.1,2192.87,32.2089,12.1642,213.9,46.1,1494.138, NAN, NAN, NAN, NAN,,2024/04/07 17:30:48.125,2024-04-07 17:30:48.125000+00:00
2024/04/07, 17:31:48.125,36.175,-74.85,0.17,359.01,106.99,0.27,8.6, 8.7,1018.0, 1018.1,0.0, 0.0,0.0, 0.000,355, 348,8.7, 8.4,62.6, 62.6,8.7, 8.4,353.1, 346.1,1020.1, 1020.2,916.67,288.7,2191.76,32.2067,12.164,214.5,46.1,1494.135, NAN, NAN, NAN, NAN,,2024/04/07 17:31:48.125,2024-04-07 17:31:48.125000+00:00
2024/04/07, 17:32:48.125,36.175,-74.85,0.19,358.68,125.31,0.16,8.6, 8.7,1017.9, 1018.0,0.0, 0.0,0.0, 0.000,7, 356,9.2, 8.0,63.5, 63.5,9.2, 8.1,5.2, 354.3,1020.0, 1020.1,907.11,288.85,2190.79,32.208,12.1644,213.9,46.4,1494.138, NAN, NAN, NAN, NAN,,2024/04/07 17:32:48.125,2024-04-07 17:32:48.125000+00:00
2024/04/07, 17:33:48.125,36.175,-74.85,0.2,357.7,108.11,0.23,8.7, 8.7,1018.0, 1018.0,0.0, 0.0,0.0, 0.000,359, 352,8.7, 8.3,66.3, 66.4,8.8, 8.4,356.0, 349.0,1020.1, 1020.1,903.96,289.21,2190.53,32.2078,12.1626,212.7,46.5,1494.131, NAN, NAN, NAN, NAN,,2024/04/07 17:33:48.125,2024-04-07 17:33:48.125000+00:00
2024/04/07, 17:34:48.126,36.175,-74.85,0.18,357.76,81.57,0.14,8.7, 8.7,1018.0, 1018.0,0.0, 0.0,0.0, 0.000,1, 353,9.0, 8.6,63.0, 63.0,9.0, 8.6,358.3, 350.3,1020.1, 1020.1,901.97,287.59,2194.45,32.2087,12.1633,213.0,46.3,1494.135, NAN, NAN, NAN, NAN,,2024/04/07 17:34:48.126,2024-04-07 17:34:48.126000+00:00
2024/04/07, 17:35:48.126,36.175,-74.85,0.15,357.59,80.97,0.21,8.7, 8.7,1018.1, 1018.1,0.0, 0.0,0.0, 0.000,7, 1,9.4, 9.0,61.8, 62.0,9.4, 9.0,3.9, 357.9,1020.2, 1020.2,899.8,287.69,2193.09,32.2106,12.1646,210.5,46.4,1494.142, NAN, NAN, NAN, NAN,,2024/04/07 17:35:48.126,2024-04-07 17:35:48.126000+00:00
2024/04/07, 17:36:48.126,36.175,-74.85,0.1,358.58,110.49,0.4,8.6, 8.7,1018.2, 1018.2,0.0, 0.0,0.0, 0.000,356, 350,8.7, 8.7,61.3, 61.4,8.8, 8.8,353.4, 347.4,1020.3, 1020.3,885.75,288.19,2189.84,32.2095,12.1632,211.5,46.3,1494.136, NAN, NAN, NAN, NAN,,2024/04/07 17:36:48.126,2024-04-07 17:36:48.126000+00:00
2024/04/07, 17:37:48.126,36.175,-74.85,0.03,357.29,85.83,0.19,8.6, 8.7,1018.2, 1018.2,0.0, 0.0,0.0, 0.000,0, 353,8.6, 8.4,59.2, 59.2,8.6, 8.5,356.7, 349.7,1020.3, 1020.3,873.28,288.29,2194.63,32.2089,12.1597,210.8,46.1,1494.123, NAN, NAN, NAN, NAN,,2024/04/07 17:37:48.126,2024-04-07 17:37:48.126000+00:00
2024/04/07, 17:38:48.126,36.175,-74.85,-0.07,359.06,114.62,0.72,8.6, 8.7,1018.2, 1018.2,0.0, 0.0,0.0, 0.000,7, 0,9.0, 8.2,61.9, 62.1,9.1, 8.4,3.9, 356.8,1020.3, 1020.3,883.2,288.38,2191.13,32.2078,12.1579,211.7,46.2,1494.115, NAN, NAN, NAN, NAN,,2024/04/07 17:38:48.126,2024-04-07 17:38:48.126000+00:00
2024/04/07, 17:39:48.126,36.175,-74.85,-0.21,359.27,144.28,0.52,8.6, 8.7,1018.3, 1018.2,0.0, 0.0,0.0, 0.000,5, 358,8.9, 8.5,59.7, 59.5,9.1, 8.7,3.4, 356.6,1020.4, 1020.3,880.89,288.19,2191.1,32.2067,12.1563,207.8,45.5,1494.109, NAN, NAN, NAN, NAN,,2024/04/07 17:39:48.126,2024-04-07 17:39:48.126000+00:00
2024/04/07, 17:40:48.126,36.174,-74.85,-0.13,357.85,151.0,0.43,8.7, 8.7,1018.3, 1018.2,0.0, 0.0,0.0, 0.000,1, 354,8.6, 8.4,61.0, 61.1,8.8, 8.6,358.1, 351.2,1020.4, 1020.3,862.6,288.43,2192.97,32.2071,12.1566,207.5,45.5,1494.11, NAN, NAN, NAN, NAN,,2024/04/07 17:40:48.126,2024-04-07 17:40:48.126000+00:00
2024/04/07, 17:41:48.126,36.174,-74.85,-0.19,358.48,153.43,0.25,8.6, 8.7,1018.3, 1018.3,0.0, 0.0,0.0, 0.000,3, 356,8.5, 8.2,64.0, 64.0,8.6, 8.3,1.1, 354.2,1020.4, 1020.4,863.42,288.52,2194.72,32.206,12.1578,205.3,45.6,1494.113, NAN, NAN, NAN, NAN,,2024/04/07 17:41:48.126,2024-04-07 17:41:48.126000+00:00
2024/04/07, 17:42:48.126,36.174,-74.85,-0.09,358.3,130.95,0.84,8.6, 8.6,1018.3, 1018.3,0.0, 0.0,0.0, 0.000,351, 345,7.9, 7.9,60.2, 60.0,8.3, 8.3,347.5, 341.8,1020.4, 1020.4,857.05,288.83,2192.43,32.2033,12.1581,202.9,45.8,1494.111, NAN, NAN, NAN, NAN,,2024/04/07 17:42:48.126,2024-04-07 17:42:48.126000+00:00
2024/04/07, 17:43:48.126,36.174,-74.849,-0.14,356.21,161.11,0.62,8.6, 8.7,1018.3, 1018.3,0.0, 0.0,0.0, 0.000,3, 356,8.5, 8.3,62.8, 62.8,8.8, 8.6,358.6, 351.8,1020.4, 1020.4,842.58,288.65,2192.95,32.202,12.1625,202.6,45.8,1494.124, NAN, NAN, NAN, NAN,,2024/04/07 17:43:48.126,2024-04-07 17:43:48.126000+00:00
2024/04/07, 17:44:48.126,36.174,-74.849,-0.54,357.17,163.08,0.86,8.6, 8.6,1018.2, 1018.2,0.0, 0.0,0.0, 0.000,2, 356,8.8, 8.2,63.4, 63.5,9.2, 8.6,359.4, 353.7,1020.3, 1020.3,836.18,289.17,2190.09,32.2015,12.166,204.4,46.1,1494.136, NAN, NAN, NAN, NAN,,2024/04/07 17:44:48.126,2024-04-07 17:44:48.126000+00:00
2024/04/07, 17:45:48.126,36.173,-74.85,-2.07,0.85,165.92,2.3,8.6, 8.6,1018.3, 1018.3,0.0, 0.0,0.0, 0.000,3, 356,7.5, 7.3,62.2, 62.3,8.7, 8.5,3.0, 357.0,1020.4, 1020.4,863.56,288.89,2188.64,32.2021,12.167,203.5,45.9,1494.14, NAN, NAN, NAN, NAN,,2024/04/07 17:45:48.126,2024-04-07 17:45:48.126000+00:00
2024/04/07, 17:46:48.126,36.173,-74.85,-1.22,359.77,176.6,2.5,8.6, 8.7,1018.3, 1018.3,0.0, 0.0,0.0, 0.000,8, 2,8.1, 7.7,61.9, 62.7,9.4, 9.0,6.2, 1.0,1020.4, 1020.4,854.82,288.52,2188.07,32.2028,12.1739,198.9,46.0,1494.164, NAN, NAN, NAN, NAN,,2024/04/07 17:46:48.126,2024-04-07 17:46:48.126000+00:00
2024/04/07, 17:47:48.126,36.172,-74.849,-1.57,7.74,177.9,1.6,8.7, 8.7,1018.3, 1018.2,0.0, 0.0,0.0, 0.000,356, 349,8.7, 8.6,60.8, 60.7,9.5, 9.4,2.6, 356.2,1020.4, 1020.3,912.05,288.73,2185.02,32.2038,12.1778,201.7,45.9,1494.179, NAN, NAN, NAN, NAN,,2024/04/07 17:47:48.126,2024-04-07 17:47:48.126000+00:00
2024/04/07, 17:48:48.126,36.172,-74.849,0.61,5.15,78.66,0.7,8.7, 8.7,1018.3, 1018.2,0.0, 0.0,0.0, 0.000,346, 340,8.6, 8.6,61.7, 61.6,8.7, 8.7,348.8, 342.8,1020.4, 1020.3,905.69,288.63,2190.12,32.2031,12.1875,204.8,45.8,1494.211, NAN, NAN, NAN, NAN,,2024/04/07 17:48:48.126,2024-04-07 17:48:48.126000+00:00
2024/04/07, 17:49:48.126,36.172,-74.849,-0.07,358.96,157.35,0.43,8.7, 8.7,1018.3, 1018.3,0.0, 0.0,0.0, 0.000,353, 348,7.6, 7.3,61.6, 63.2,7.8, 7.5,351.8, 346.9,1020.4, 1020.4,832.18,289.41,2191.87,32.2029,12.1964,204.8,45.9,1494.241, NAN, NAN, NAN, NAN,,2024/04/07 17:49:48.126,2024-04-07 17:49:48.126000+00:00
2024/04/07, 17:50:48.127,36.172,-74.849,0.26,2.53,93.29,0.44,8.7, 8.8,1018.3, 1018.3,0.0, 0.0,0.0, 0.000,0, 353,9.4, 9.0,60.5, 60.2,9.3, 8.9,1.5, 354.3,1020.4, 1020.4,863.64,288.42,2192.09,32.2052,12.203,201.7,46.2,1494.267, NAN, NAN, NAN, NAN,,2024/04/07 17:50:48.127,2024-04-07 17:50:48.127000+00:00
2024/04/07, 17:51:48.127,36.172,-74.849,0.1,5.75,84.09,0.43,8.7, 8.8,1018.3, 1018.3,0.0, 0.0,0.0, 0.000,356, 349,8.6, 8.4,60.4, 60.6,8.6, 8.4,0.3, 353.2,1020.4, 1020.4,877.95,287.9,2188.83,32.207,12.2046,200.4,46.2,1494.274, NAN, NAN, NAN, NAN,,2024/04/07 17:51:48.127,2024-04-07 17:51:48.127000+00:00
2024/04/07, 17:52:48.127,36.172,-74.849,-0.2,7.2,143.7,0.37,8.7, 8.7,1018.4, 1018.3,0.0, 0.0,0.0, 0.000,351, 345,8.0, 7.8,58.5, 58.5,8.2, 8.0,358.2, 352.4,1020.5, 1020.4,896.38,287.68,2186.8,32.2097,12.2063,200.8,46.2,1494.283, NAN, NAN, NAN, NAN,,2024/04/07 17:52:48.127,2024-04-07 17:52:48.127000+00:00
2024/04/07, 17:53:48.127,36.172,-74.849,0.28,6.27,288.92,0.32,8.7, 8.7,1018.4, 1018.3,0.0, 0.0,0.0, 0.000,355, 348,8.2, 8.1,57.0, 57.2,8.1, 8.0,2.2, 355.1,1020.5, 1020.4,875.99,287.57,2184.55,32.2084,12.2094,206.0,46.0,1494.292, NAN, NAN, NAN, NAN,,2024/04/07 17:53:48.127,2024-04-07 17:53:48.127000+00:00
2024/04/07, 17:54:48.127,36.172,-74.849,0.21,0.21,296.9,0.24,8.6, 8.7,1018.3, 1018.3,0.0, 0.0,0.0, 0.000,357, 350,8.1, 7.9,59.3, 59.5,8.1, 7.9,358.1, 351.1,1020.4, 1020.4,828.49,288.56,2191.36,32.2079,12.2159,210.5,46.2,1494.314, NAN, NAN, NAN, NAN,,2024/04/07 17:54:48.127,2024-04-07 17:54:48.127000+00:00
2024/04/07, 17:55:48.127,36.172,-74.849,0.19,358.39,164.08,0.3,8.7, 8.7,1018.4, 1018.4,0.0, 0.0,0.0, 0.000,356, 349,8.4, 8.3,65.0, 65.4,8.5, 8.5,354.1, 347.2,1020.5, 1020.5,812.37,288.12,2192.59,32.2078,12.2197,214.8,46.2,1494.327, NAN, NAN, NAN, NAN,,2024/04/07 17:55:48.127,2024-04-07 17:55:48.127000+00:00
2024/04/07, 17:56:48.127,36.172,-74.849,0.14,358.24,106.38,0.05,8.7, 8.7,1018.4, 1018.3,0.0, 0.0,0.0, 0.000,353, 347,7.6, 7.6,60.3, 60.3,7.6, 7.6,351.4, 345.4,1020.5, 1020.4,819.0,288.44,2189.08,32.2117,12.2173,212.7,46.2,1494.323, NAN, NAN, NAN, NAN,,2024/04/07 17:56:48.127,2024-04-07 17:56:48.127000+00:00
2024/04/07, 17:57:48.127,36.172,-74.849,0.02,358.72,41.19,0.21,8.7, 8.7,1018.3, 1018.3,0.0, 0.0,0.0, 0.000,359, 353,7.6, 7.4,62.7, 63.0,7.5, 7.3,357.3, 351.2,1020.4, 1020.4,815.96,290.08,2189.97,32.2109,12.2173,217.6,46.4,1494.322, NAN, NAN, NAN, NAN,,2024/04/07 17:57:48.127,2024-04-07 17:57:48.127000+00:00
2024/04/07, 17:58:48.127,36.172,-74.849,0.06,359.83,102.11,0.08,8.8, 8.8,1018.3, 1018.3,0.0, 0.0,0.0, 0.000,357, 351,7.8, 7.6,63.1, 63.1,7.8, 7.6,357.1, 351.1,1020.4, 1020.4,814.86,288.68,2186.59,32.2108,12.2195,217.9,45.8,1494.33, NAN, NAN, NAN, NAN,,2024/04/07 17:58:48.127,2024-04-07 17:58:48.127000+00:00
2024/04/07, 17:59:48.127,36.172,-74.849,0.23,357.23,91.41,0.16,8.8, 8.8,1018.3, 1018.3,0.0, 0.0,0.0, 0.000,6, 359,8.9, 8.6,63.2, 62.8,8.9, 8.6,2.7, 355.7,1020.4, 1020.4,800.31,288.04,2188.56,32.2118,12.2196,216.0,46.2,1494.331, NAN, NAN, NAN, NAN,,2024/04/07 17:59:48.127,2024-04-07 17:59:48.127000+00:00
2024/04/07, 18:00:48.127,36.172,-74.849,0.24,357.43,293.26,0.08,8.7, 8.8,1018.4, 1018.3,0.0, 0.0,0.0, 0.000,10, 4,8.9, 8.5,58.8, 58.7,8.9, 8.5,7.5, 1.4,1020.5, 1020.4,805.64,288.05,2190.3,32.2147,12.2221,213.9,46.1,1494.343, NAN, NAN, NAN, NAN,,2024/04/07 18:00:48.127,2024-04-07 18:00:48.127000+00:00
2024/04/07, 18:01:48.127,36.172,-74.849,0.17,358.08,352.91,0.17,8.7, 8.7,1018.3, 1018.3,0.0, 0.0,0.0, 0.000,3, 357,8.4, 8.0,57.6, 57.6,8.4, 8.0,0.6, 354.5,1020.4, 1020.4,803.32,287.27,2190.64,32.2136,12.2269,214.5,46.2,1494.359, NAN, NAN, NAN, NAN,,2024/04/07 18:01:48.127,2024-04-07 18:01:48.127000+00:00
2024/04/07, 18:02:48.127,36.172,-74.849,0.16,358.07,99.59,0.08,8.7, 8.7,1018.4, 1018.3,0.0, 0.0,0.0, 0.000,2, 355,8.5, 8.4,59.2, 59.2,8.5, 8.4,359.8, 352.8,1020.5, 1020.4,805.11,287.62,2192.57,32.2143,12.2316,216.9,46.6,1494.375, NAN, NAN, NAN, NAN,,2024/04/07 18:02:48.127,2024-04-07 18:02:48.127000+00:00
2024/04/07, 18:03:48.127,36.172,-74.849,0.23,357.54,257.25,0.44,8.7, 8.7,1018.4, 1018.3,0.0, 0.0,0.0, 0.000,1, 354,7.9, 7.6,55.9, 55.9,7.9, 7.6,0.2, 353.2,1020.5, 1020.4,806.17,287.81,2190.45,32.2145,12.2392,212.7,46.7,1494.402, NAN, NAN, NAN, NAN,,2024/04/07 18:03:48.127,2024-04-07 18:03:48.127000+00:00
2024/04/07, 18:04:48.127,36.172,-74.849,0.23,358.08,57.03,0.31,8.7, 8.7,1018.4, 1018.3,0.0, 0.0,0.0, 0.000,3, 357,7.7, 7.4,58.1, 58.0,7.7, 7.4,359.9, 353.9,1020.5, 1020.4,801.95,288.38,2190.47,32.2139,12.2422,213.0,46.7,1494.411, NAN, NAN, NAN, NAN,,2024/04/07 18:04:48.127,2024-04-07 18:04:48.127000+00:00
2024/04/07, 18:05:48.128,36.172,-74.849,0.2,357.38,223.15,0.15,8.7, 8.7,1018.4, 1018.4,0.0, 0.0,0.0, 0.000,354, 348,7.0, 7.1,59.7, 59.6,7.1, 7.2,351.0, 345.0,1020.5, 1020.5,805.75,288.76,2189.76,32.2147,12.2439,210.0,46.6,1494.418, NAN, NAN, NAN, NAN,,2024/04/07 18:05:48.128,2024-04-07 18:05:48.128000+00:00
2024/04/07, 18:06:48.128,36.172,-74.849,0.08,358.0,189.35,0.14,8.7, 8.7,1018.4, 1018.4,0.0, 0.0,0.0, 0.000,4, 358,7.2, 6.9,60.1, 60.0,7.3, 7.0,2.1, 356.2,1020.5, 1020.5,803.96,288.3,2190.08,32.2154,12.2419,210.0,46.5,1494.412, NAN, NAN, NAN, NAN,,2024/04/07 18:06:48.128,2024-04-07 18:06:48.128000+00:00
2024/04/07, 18:07:48.128,36.172,-74.849,0.13,357.2,47.68,0.19,8.7, 8.7,1018.4, 1018.4,0.0, 0.0,0.0, 0.000,358, 352,8.0, 7.5,61.2, 61.2,8.0, 7.5,354.6, 348.5,1020.5, 1020.5,809.0,288.2,2188.78,32.2144,12.2401,208.4,46.6,1494.405, NAN, NAN, NAN, NAN,,2024/04/07 18:07:48.128,2024-04-07 18:07:48.128000+00:00
2024/04/07, 18:08:48.128,36.172,-74.849,0.14,356.76,31.72,0.07,8.7, 8.7,1018.3, 1018.3,0.0, 0.0,0.0, 0.000,0, 354,8.0, 7.8,59.0, 59.3,8.0, 7.8,356.5, 350.5,1020.4, 1020.4,815.9,288.09,2189.73,32.2159,12.2386,207.8,46.3,1494.401, NAN, NAN, NAN, NAN,,2024/04/07 18:08:48.128,2024-04-07 18:08:48.128000+00:00
2024/04/07, 18:09:48.128,36.172,-74.849,0.25,356.59,243.64,0.26,8.7, 8.7,1018.4, 1018.3,0.0, 0.0,0.0, 0.000,9, 2,8.3, 8.1,58.9, 58.9,8.3, 8.1,6.4, 359.5,1020.5, 1020.4,817.83,288.43,2189.9,32.2145,12.2399,212.4,46.4,1494.404, NAN, NAN, NAN, NAN,,2024/04/07 18:09:48.128,2024-04-07 18:09:48.128000+00:00
2024/04/07, 18:10:48.128,36.172,-74.849,-0.12,358.14,288.48,0.23,8.7, 8.7,1018.3, 1018.3,0.0, 0.0,0.0, 0.000,4, 358,8.0, 7.7,61.5, 61.6,8.1, 7.8,1.5, 355.5,1020.4, 1020.4,815.46,288.82,2188.3,32.2189,12.2459,212.4,46.1,1494.43, NAN, NAN, NAN, NAN,,2024/04/07 18:10:48.128,2024-04-07 18:10:48.128000+00:00
2024/04/07, 18:11:48.128,36.172,-74.849,-0.07,359.26,161.59,0.58,8.7, 8.7,1018.4, 1018.3,0.0, 0.0,0.0, 0.000,6, 0,6.7, 6.6,64.1, 63.9,7.0, 6.9,4.6, 358.8,1020.5, 1020.4,806.73,289.26,2185.43,32.219,12.2459,211.5,46.2,1494.43, NAN, NAN, NAN, NAN,,2024/04/07 18:11:48.128,2024-04-07 18:11:48.128000+00:00
2024/04/07, 18:12:48.128,36.172,-74.849,0.04,358.11,95.13,0.22,8.7, 8.7,1018.4, 1018.4,0.0, 0.0,0.0, 0.000,1, 354,7.8, 7.6,60.9, 61.0,7.9, 7.7,358.5, 351.5,1020.5, 1020.5,821.93,288.66,2188.96,32.2203,12.246,210.2,46.2,1494.432, NAN, NAN, NAN, NAN,,2024/04/07 18:12:48.128,2024-04-07 18:12:48.128000+00:00
2024/04/07, 18:13:48.128,36.172,-74.849,0.28,357.18,95.15,0.19,8.7, 8.7,1018.3, 1018.3,0.0, 0.0,0.0, 0.000,14, 7,8.0, 7.6,61.4, 61.4,7.9, 7.5,10.6, 3.5,1020.4, 1020.4,824.24,288.38,2187.03,32.2202,12.2498,210.8,46.6,1494.445, NAN, NAN, NAN, NAN,,2024/04/07 18:13:48.128,2024-04-07 18:13:48.128000+00:00
2024/04/07, 18:14:48.128,36.172,-74.849,0.07,357.42,260.96,0.17,8.7, 8.8,1018.3, 1018.3,0.0, 0.0,0.0, 0.000,12, 6,8.9, 8.6,61.4, 60.8,8.9, 8.5,9.9, 3.9,1020.4, 1020.4,829.88,287.25,2187.96,32.2236,12.253,205.0,46.4,1494.46, NAN, NAN, NAN, NAN,,2024/04/07 18:14:48.128,2024-04-07 18:14:48.128000+00:00
2024/04/07, 18:15:48.128,36.172,-74.849,0.13,358.3,257.64,0.18,8.7, 8.7,1018.4, 1018.3,0.0, 0.0,0.0, 0.000,11, 4,7.9, 7.4,57.9, 58.1,7.9, 7.4,9.9, 3.0,1020.5, 1020.4,822.97,287.47,2185.7,32.2234,12.2556,208.1,46.5,1494.468, NAN, NAN, NAN, NAN,,2024/04/07 18:15:48.128,2024-04-07 18:15:48.128000+00:00
2024/04/07, 18:16:48.128,36.172,-74.849,0.14,357.99,222.75,0.18,8.7, 8.7,1018.4, 1018.3,0.0, 0.0,0.0, 0.000,10, 2,7.8, 7.6,58.8, 58.8,7.9, 7.7,7.7, 359.7,1020.5, 1020.4,826.79,288.01,2188.85,32.2244,12.2603,206.8,46.4,1494.486, NAN, NAN, NAN, NAN,,2024/04/07 18:16:48.128,2024-04-07 18:16:48.128000+00:00
2024/04/07, 18:17:48.128,36.172,-74.849,0.13,357.33,148.48,0.1,8.8, 8.8,1018.4, 1018.4,0.0, 0.0,0.0, 0.000,11, 4,9.2, 8.8,63.5, 63.2,9.2, 8.8,8.6, 1.6,1020.5, 1020.5,827.53,287.29,2188.2,32.2267,12.2631,212.4,46.2,1494.498, NAN, NAN, NAN, NAN,,2024/04/07 18:17:48.128,2024-04-07 18:17:48.128000+00:00
2024/04/07, 18:18:48.128,36.172,-74.849,0.3,357.61,113.68,0.1,8.7, 8.7,1018.3, 1018.3,0.0, 0.0,0.0, 0.000,13, 7,7.7, 7.6,57.4, 57.3,7.7, 7.6,10.2, 4.2,1020.4, 1020.4,825.45,288.36,2188.43,32.2244,12.2636,214.2,46.3,1494.497, NAN, NAN, NAN, NAN,,2024/04/07 18:18:48.128,2024-04-07 18:18:48.128000+00:00
2024/04/07, 18:19:48.128,36.172,-74.849,0.13,358.19,171.31,0.21,8.7, 8.8,1018.3, 1018.3,0.0, 0.0,0.0, 0.000,6, 0,8.3, 8.1,58.5, 58.7,8.4, 8.2,4.1, 358.1,1020.4, 1020.4,823.42,287.79,2187.13,32.2257,12.2691,210.8,46.1,1494.517, NAN, NAN, NAN, NAN,,2024/04/07 18:19:48.128,2024-04-07 18:19:48.128000+00:00
2024/04/07, 18:20:48.129,36.172,-74.849,0.35,357.35,87.79,0.03,8.8, 8.8,1018.3, 1018.3,0.0, 0.0,0.0, 0.000,17, 10,8.4, 8.0,58.4, 58.5,8.4, 8.0,14.4, 7.4,1020.4, 1020.4,821.96,287.62,2186.46,32.2267,12.2692,211.7,46.2,1494.519, NAN, NAN, NAN, NAN,,2024/04/07 18:20:48.129,2024-04-07 18:20:48.129000+00:00
2024/04/07, 18:21:48.129,36.172,-74.849,0.13,357.49,91.76,0.4,8.8, 8.8,1018.3, 1018.2,0.0, 0.0,0.0, 0.000,15, 8,8.1, 7.9,57.2, 57.2,8.1, 7.9,11.1, 4.0,1020.4, 1020.3,822.64,287.7,2184.7,32.2266,12.2727,211.2,46.3,1494.531, NAN, NAN, NAN, NAN,,2024/04/07 18:21:48.129,2024-04-07 18:21:48.129000+00:00
2024/04/07, 18:22:48.129,36.172,-74.849,0.17,357.46,131.77,0.34,8.8, 8.8,1018.3, 1018.2,0.0, 0.0,0.0, 0.000,9, 3,8.6, 8.3,59.1, 58.9,8.6, 8.4,5.3, 359.3,1020.4, 1020.3,821.36,287.41,2187.66,32.2272,12.2762,213.0,46.0,1494.543, NAN, NAN, NAN, NAN,,2024/04/07 18:22:48.129,2024-04-07 18:22:48.129000+00:00
2024/04/07, 18:23:48.129,36.172,-74.849,0.2,358.65,282.59,0.24,8.8, 8.8,1018.3, 1018.3,0.0, 0.0,0.0, 0.000,6, 0,8.3, 8.0,60.0, 60.2,8.3, 8.0,5.5, 359.5,1020.4, 1020.4,824.77,287.17,2188.65,32.2289,12.2783,211.7,46.1,1494.552, NAN, NAN, NAN, NAN,,2024/04/07 18:23:48.129,2024-04-07 18:23:48.129000+00:00
2024/04/07, 18:24:48.129,36.172,-74.849,0.22,5.05,186.59,0.17,8.8, 8.8,1018.3, 1018.3,0.0, 0.0,0.0, 0.000,0, 353,7.7, 7.4,56.7, 56.7,7.8, 7.5,5.3, 358.4,1020.4, 1020.4,797.06,286.79,2181.09,32.2313,12.2811,214.5,46.0,1494.565, NAN, NAN, NAN, NAN,,2024/04/07 18:24:48.129,2024-04-07 18:24:48.129000+00:00
2024/04/07, 18:25:48.129,36.172,-74.849,-0.03,7.08,205.5,0.61,8.7, 8.8,1018.3, 1018.3,0.0, 0.0,0.0, 0.000,356, 349,7.7, 7.6,58.1, 58.1,8.0, 7.9,4.1, 357.4,1020.4, 1020.4,802.82,286.71,2180.49,32.2316,12.2829,214.5,45.8,1494.571, NAN, NAN, NAN, NAN,,2024/04/07 18:25:48.129,2024-04-07 18:25:48.129000+00:00
2024/04/07, 18:26:48.129,36.172,-74.849,-0.13,8.41,191.06,0.81,8.7, 8.8,1018.3, 1018.2,0.0, 0.0,0.0, 0.000,348, 342,7.8, 8.0,55.9, 55.8,8.2, 8.4,357.6, 351.8,1020.4, 1020.3,797.22,286.75,2180.79,32.2308,12.2845,210.8,46.0,1494.576, NAN, NAN, NAN, NAN,,2024/04/07 18:26:48.129,2024-04-07 18:26:48.129000+00:00
2024/04/07, 18:27:48.129,36.171,-74.849,-0.67,7.56,194.64,0.98,8.7, 8.7,1018.2, 1018.2,0.0, 0.0,0.0, 0.000,355, 348,7.2, 7.2,58.2, 58.0,7.7, 7.7,3.5, 357.0,1020.3, 1020.3,796.19,286.91,2181.85,32.2323,12.2838,213.6,45.6,1494.575, NAN, NAN, NAN, NAN,,2024/04/07 18:27:48.129,2024-04-07 18:27:48.129000+00:00
2024/04/07, 18:28:48.129,36.171,-74.85,-1.14,8.27,209.36,1.57,8.7, 8.7,1018.3, 1018.3,0.0, 0.0,0.0, 0.000,352, 345,6.7, 6.6,53.7, 53.8,7.4, 7.2,3.9, 357.6,1020.4, 1020.4,799.66,287.22,2181.33,32.233,12.2816,213.9,45.8,1494.569, NAN, NAN, NAN, NAN,,2024/04/07 18:28:48.129,2024-04-07 18:28:48.129000+00:00
2024/04/07, 18:29:48.129,36.171,-74.85,-1.26,8.78,195.51,1.63,8.7, 8.7,1018.3, 1018.3,0.0, 0.0,0.0, 0.000,357, 350,6.1, 6.3,61.4, 62.1,6.9, 7.1,7.3, 1.1,1020.4, 1020.4,797.23,287.52,2179.81,32.232,12.2827,214.5,45.7,1494.571, NAN, NAN, NAN, NAN,,2024/04/07 18:29:48.129,2024-04-07 18:29:48.129000+00:00
2024/04/07, 18:30:48.129,36.17,-74.85,-1.31,6.92,185.37,1.47,8.7, 8.8,1018.3, 1018.3,0.0, 0.0,0.0, 0.000,358, 351,7.0, 7.0,60.4, 60.1,7.7, 7.7,5.8, 359.4,1020.4, 1020.4,801.4,287.81,2180.22,32.234,12.2881,218.4,45.9,1494.592, NAN, NAN, NAN, NAN,,2024/04/07 18:30:48.129,2024-04-07 18:30:48.129000+00:00
2024/04/07, 18:31:48.129,36.17,-74.85,-1.42,7.19,198.04,1.79,8.7, 8.8,1018.3, 1018.3,0.0, 0.0,0.0, 0.000,351, 345,6.6, 6.6,58.6, 59.1,7.5, 7.4,0.7, 355.4,1020.4, 1020.4,801.36,287.7,2178.26,32.2354,12.2895,215.1,46.2,1494.598, NAN, NAN, NAN, NAN,,2024/04/07 18:31:48.129,2024-04-07 18:31:48.129000+00:00
2024/04/07, 18:32:48.129,36.169,-74.85,-1.32,7.97,193.44,1.83,8.7, 8.8,1018.3, 1018.4,0.0, 0.0,0.0, 0.000,353, 347,6.3, 6.3,58.8, 60.8,7.2, 7.2,3.3, 358.1,1020.4, 1020.5,799.46,287.52,2175.83,32.2359,12.2928,212.4,45.5,1494.61, NAN, NAN, NAN, NAN,,2024/04/07 18:32:48.129,2024-04-07 18:32:48.129000+00:00
2024/04/07, 18:33:48.129,36.169,-74.851,-0.98,7.72,189.03,2.1,8.8, 8.8,1018.4, 1018.3,0.0, 0.0,0.0, 0.000,346, 340,6.0, 6.3,56.3, 56.1,7.0, 7.3,357.0, 351.7,1020.5, 1020.4,801.48,287.21,2176.61,32.2348,12.2977,212.4,45.9,1494.626, NAN, NAN, NAN, NAN,,2024/04/07 18:33:48.129,2024-04-07 18:33:48.129000+00:00
2024/04/07, 18:34:48.129,36.168,-74.851,-1.23,8.08,175.98,2.2,8.7, 8.8,1018.3, 1018.3,0.0, 0.0,0.0, 0.000,347, 341,6.1, 6.3,57.3, 57.6,7.2, 7.4,355.9, 350.8,1020.4, 1020.4,804.75,287.26,2176.73,32.236,12.3019,207.5,46.0,1494.641, NAN, NAN, NAN, NAN,,2024/04/07 18:34:48.129,2024-04-07 18:34:48.129000+00:00
2024/04/07, 18:35:48.129,36.168,-74.851,-1.55,6.73,183.38,2.08,8.7, 8.8,1018.4, 1018.4,0.0, 0.0,0.0, 0.000,348, 341,6.0, 6.2,57.5, 57.7,7.0, 7.1,358.4, 352.3,1020.5, 1020.5,808.23,287.71,2177.15,32.2369,12.3058,206.6,45.6,1494.656, NAN, NAN, NAN, NAN,,2024/04/07 18:35:48.129,2024-04-07 18:35:48.129000+00:00
2024/04/07, 18:36:48.130,36.167,-74.851,-0.98,6.62,196.23,2.03,8.7, 8.7,1018.4, 1018.3,0.0, 0.0,0.0, 0.000,348, 341,5.9, 6.0,59.5, 59.6,6.9, 6.9,357.6, 351.6,1020.5, 1020.4,810.71,287.98,2176.77,32.2364,12.3096,202.9,45.5,1494.668, NAN, NAN, NAN, NAN,,2024/04/07 18:36:48.130,2024-04-07 18:36:48.130000+00:00
2024/04/07, 18:37:48.130,36.166,-74.852,-1.39,8.44,186.65,2.09,8.7, 8.7,1018.3, 1018.2,0.0, 0.0,0.0, 0.000,349, 344,6.1, 6.2,61.0, 60.9,7.1, 7.2,0.7, 356.3,1020.4, 1020.3,806.18,288.44,2175.04,32.2386,12.3103,206.3,43.6,1494.673, NAN, NAN, NAN, NAN,,2024/04/07 18:37:48.130,2024-04-07 18:37:48.130000+00:00
2024/04/07, 18:38:48.130,36.166,-74.852,-1.4,7.38,202.87,2.14,8.7, 8.7,1018.3, 1018.3,0.0, 0.0,0.0, 0.000,349, 343,6.5, 6.6,60.1, 60.0,7.5, 7.5,0.4, 355.1,1020.4, 1020.4,807.8,287.56,2175.36,32.2416,12.3129,208.4,43.9,1494.686, NAN, NAN, NAN, NAN,,2024/04/07 18:38:48.130,2024-04-07 18:38:48.130000+00:00
2024/04/07, 18:39:48.130,36.165,-74.852,-1.36,7.13,178.81,2.13,8.7, 8.7,1018.4, 1018.3,0.0, 0.0,0.0, 0.000,349, 343,5.9, 6.0,59.3, 59.4,7.0, 7.0,358.0, 352.9,1020.5, 1020.4,809.7,287.84,2175.95,32.2429,12.3175,207.5,44.8,1494.703, NAN, NAN, NAN, NAN,,2024/04/07 18:39:48.130,2024-04-07 18:39:48.130000+00:00
2024/04/07, 18:40:48.130,36.165,-74.852,-1.69,7.32,210.8,2.11,8.7, 8.7,1018.6, 1018.4,0.0, 0.0,0.0, 0.000,355, 348,6.3, 6.1,62.0, 62.2,7.3, 7.1,5.7, 359.8,1020.7, 1020.5,811.09,287.77,2176.45,32.2389,12.3201,204.4,45.1,1494.707, NAN, NAN, NAN, NAN,,2024/04/07 18:40:48.130,2024-04-07 18:40:48.130000+00:00
2024/04/07, 18:41:48.130,36.164,-74.852,-0.86,10.43,188.64,1.29,8.7, 8.8,1018.5, 1018.4,0.0, 0.0,0.0, 0.000,350, 344,5.9, 5.9,62.2, 62.4,6.6, 6.5,1.5, 356.1,1020.6, 1020.5,799.34,287.98,2170.49,32.2452,12.3225,206.0,45.3,1494.723, NAN, NAN, NAN, NAN,,2024/04/07 18:41:48.130,2024-04-07 18:41:48.130000+00:00
2024/04/07, 18:42:48.130,36.164,-74.853,0.72,333.75,319.13,1.05,8.7, 8.8,1018.4, 1018.4,0.0, 0.0,0.0, 0.000,21, 15,6.8, 6.9,62.0, 62.1,6.4, 6.5,357.9, 351.5,1020.5, 1020.5,874.7,287.21,2190.82,32.2447,12.3242,208.4,45.4,1494.728, NAN, NAN, NAN, NAN,,2024/04/07 18:42:48.130,2024-04-07 18:42:48.130000+00:00
2024/04/07, 18:43:48.130,36.164,-74.853,2.8,257.57,246.18,2.78,8.7, 8.8,1018.3, 1018.4,0.0, 0.0,0.0, 0.000,82, 73,7.1, 8.0,60.0, 62.1,7.1, 7.8,351.1, 340.8,1020.4, 1020.5,836.53,287.65,2234.37,32.2477,12.3236,207.2,45.4,1494.729, NAN, NAN, NAN, NAN,,2024/04/07 18:43:48.130,2024-04-07 18:43:48.130000+00:00
2024/04/07, 18:44:48.130,36.164,-74.854,4.51,225.2,229.39,4.69,8.7, 8.7,1018.4, 1018.4,0.0, 0.0,0.0, 0.000,125, 112,4.8, 3.7,59.1, 59.0,6.4, 5.0,9.0, 4.3,1020.5, 1020.5,802.43,290.01,2240.86,32.258,12.3223,205.3,45.5,1494.737, NAN, NAN, NAN, NAN,,2024/04/07 18:44:48.130,2024-04-07 18:44:48.130000+00:00
2024/04/07, 18:45:48.130,36.163,-74.856,5.98,230.64,226.57,6.54,8.8, 8.8,1018.4, 1018.4,0.0, 0.0,0.0, 0.000,118, 106,5.0, 4.1,65.5, 65.8,7.3, 6.1,11.9, 8.2,1020.5, 1020.5,799.07,289.78,2241.41,32.2492,12.3178,209.6,45.7,1494.711, NAN, NAN, NAN, NAN,,2024/04/07 18:45:48.130,2024-04-07 18:45:48.130000+00:00
2024/04/07, 18:46:48.130,36.161,-74.858,7.86,232.19,231.68,8.26,8.9, 8.9,1018.4, 1018.4,0.0, 0.0,0.0, 0.000,97, 82,5.2, 5.4,62.5, 62.4,7.1, 6.4,5.5, 355.2,1020.5, 1020.5,795.45,289.8,2240.55,32.2503,12.3051,220.3,45.8,1494.669, NAN, NAN, NAN, NAN,,2024/04/07 18:46:48.130,2024-04-07 18:46:48.130000+00:00
2024/04/07, 18:47:48.130,36.16,-74.86,9.14,231.73,232.93,9.51,9.0, 8.9,1018.4, 1018.4,0.0, 0.0,0.0, 0.000,94, 84,6.4, 6.9,61.9, 62.0,8.2, 7.9,2.1, 353.4,1020.5, 1020.5,797.56,289.39,2242.43,32.2466,12.2899,215.1,45.8,1494.613, NAN, NAN, NAN, NAN,,2024/04/07 18:47:48.130,2024-04-07 18:47:48.130000+00:00
2024/04/07, 18:48:48.130,36.158,-74.863,9.59,231.84,236.18,9.8,8.9, 8.9,1018.4, 1018.4,0.0, 0.0,0.0, 0.000,93, 80,4.9, 5.6,60.0, 60.0,7.1, 6.7,10.0, 359.0,1020.5, 1020.5,796.07,288.8,2241.2,32.2435,12.281,211.7,45.8,1494.579, NAN, NAN, NAN, NAN,,2024/04/07 18:48:48.130,2024-04-07 18:48:48.130000+00:00
2024/04/07, 18:49:48.130,36.157,-74.866,9.67,231.72,234.17,9.73,8.9, 8.9,1018.4, 1018.4,0.0, 0.0,0.0, 0.000,95, 84,5.8, 6.2,58.9, 59.0,7.8, 7.4,6.2, 357.7,1020.5, 1020.5,791.5,288.34,2241.53,32.2375,12.276,209.0,45.8,1494.555, NAN, NAN, NAN, NAN,,2024/04/07 18:49:48.130,2024-04-07 18:49:48.130000+00:00
2024/04/07, 18:50:48.130,36.155,-74.868,9.97,232.18,233.61,10.38,8.9, 8.9,1018.4, 1018.4,0.0, 0.0,0.0, 0.000,96, 83,5.1, 5.5,56.6, 56.7,7.8, 7.2,11.0, 2.4,1020.5, 1020.5,791.7,288.39,2240.05,32.232,12.2762,208.4,46.0,1494.549, NAN, NAN, NAN, NAN,,2024/04/07 18:50:48.130,2024-04-07 18:50:48.130000+00:00
2024/04/07, 18:51:48.131,36.153,-74.871,10.58,235.6,233.47,10.94,8.9, 8.8,1018.6, 1018.4,0.0, 0.0,0.0, 0.000,88, 76,5.1, 6.0,56.9, 56.2,7.5, 7.2,12.1, 0.9,1020.7, 1020.5,781.48,288.75,2237.58,32.2321,12.2853,204.8,46.2,1494.58, NAN, NAN, NAN, NAN,,2024/04/07 18:51:48.131,2024-04-07 18:51:48.131000+00:00
2024/04/07, 18:52:48.131,36.151,-74.874,11.18,235.01,233.63,11.45,8.9, 8.9,1018.4, 1018.4,0.0, 0.0,0.0, 0.000,78, 70,6.3, 7.3,60.3, 60.6,7.7, 7.7,1.3, 351.1,1020.5, 1020.5,783.44,289.09,2239.66,32.2332,12.3102,204.8,46.3,1494.666, NAN, NAN, NAN, NAN,,2024/04/07 18:52:48.131,2024-04-07 18:52:48.131000+00:00
2024/04/07, 18:53:48.131,36.15,-74.878,11.42,235.04,234.39,11.6,8.9, 8.9,1018.3, 1018.4,0.0, 0.0,0.0, 0.000,76, 67,6.1, 7.2,60.1, 60.2,7.5, 7.4,2.0, 350.3,1020.4, 1020.5,780.57,288.48,2239.76,32.2355,12.3411,204.4,46.2,1494.775, NAN, NAN, NAN, NAN,,2024/04/07 18:53:48.131,2024-04-07 18:53:48.131000+00:00
2024/04/07, 18:54:48.131,36.148,-74.881,11.4,235.39,233.86,11.62,8.9, 8.9,1018.4, 1018.4,0.0, 0.0,0.0, 0.000,75, 66,6.3, 7.2,60.6, 60.2,7.4, 7.2,1.1, 350.4,1020.5, 1020.5,774.18,288.7,2238.05,32.2375,12.3703,203.2,46.3,1494.877, NAN, NAN, NAN, NAN,,2024/04/07 18:54:48.131,2024-04-07 18:54:48.131000+00:00
2024/04/07, 18:55:48.131,36.146,-74.884,11.42,235.57,234.07,11.71,8.9, 8.9,1018.4, 1018.4,0.0, 0.0,0.0, 0.000,78, 70,7.0, 7.7,60.4, 60.5,8.3, 8.1,359.0, 350.4,1020.5, 1020.5,773.1,288.14,2235.91,32.2432,12.3855,202.6,46.5,1494.935, NAN, NAN, NAN, NAN,,2024/04/07 18:55:48.131,2024-04-07 18:55:48.131000+00:00
2024/04/07, 18:56:48.131,36.144,-74.888,11.48,235.06,237.21,11.83,8.9, 8.9,1018.5, 1018.5,0.0, 0.0,0.0, 0.000,80, 71,5.3, 6.2,59.0, 58.9,7.2, 7.0,10.7, 0.6,1020.6, 1020.6,774.9,288.58,2237.12,32.2479,12.3624,202.3,46.4,1494.862, NAN, NAN, NAN, NAN,,2024/04/07 18:56:48.131,2024-04-07 18:56:48.131000+00:00
2024/04/07, 18:57:48.131,36.142,-74.891,11.56,233.95,234.3,11.88,8.9, 8.9,1018.6, 1018.5,0.0, 0.0,0.0, 0.000,67, 58,5.9, 7.2,60.3, 60.4,6.6, 6.4,359.4, 344.8,1020.7, 1020.6,775.34,288.02,2235.37,32.248,12.3284,203.5,46.4,1494.746, NAN, NAN, NAN, NAN,,2024/04/07 18:57:48.131,2024-04-07 18:57:48.131000+00:00
2024/04/07, 18:58:48.131,36.141,-74.894,11.49,234.47,234.8,11.72,8.8, 8.9,1018.6, 1018.5,0.0, 0.0,0.0, 0.000,73, 63,5.5, 6.7,61.6, 60.5,6.8, 6.6,4.9, 351.3,1020.7, 1020.6,769.22,288.1,2233.58,32.2434,12.2991,202.0,46.5,1494.641, NAN, NAN, NAN, NAN,,2024/04/07 18:58:48.131,2024-04-07 18:58:48.131000+00:00
2024/04/07, 18:59:48.131,36.138,-74.897,11.07,214.53,216.33,11.27,8.8, 8.8,1018.5, 1018.5,0.0, 0.0,0.0, 0.000,85, 74,4.9, 5.9,59.3, 59.2,7.1, 6.9,353.5, 341.8,1020.6, 1020.6,787.16,288.01,2228.31,32.2285,12.2792,199.6,46.3,1494.555, NAN, NAN, NAN, NAN,,2024/04/07 18:59:48.131,2024-04-07 18:59:48.131000+00:00
2024/04/07, 19:00:48.131,36.136,-74.899,11.27,210.69,211.63,11.63,8.8, 8.8,1018.5, 1018.5,0.0, 0.0,0.0, 0.000,95, 79,4.3, 4.9,57.5, 57.6,7.6, 6.9,357.2, 347.5,1020.6, 1020.6,785.82,288.26,2222.73,32.2208,12.2694,199.9,46.3,1494.512, NAN, NAN, NAN, NAN,,2024/04/07 19:00:48.131,2024-04-07 19:00:48.131000+00:00
2024/04/07, 19:01:48.131,36.133,-74.901,10.95,200.64,205.3,11.36,8.8, 8.8,1018.6, 1018.5,0.0, 0.0,0.0, 0.000,119, 86,2.5, 2.1,58.0, 58.9,7.3, 5.9,6.3, 4.0,1020.7, 1020.6,782.03,289.25,2216.9,32.2154,12.2628,197.1,46.4,1494.483, NAN, NAN, NAN, NAN,,2024/04/07 19:01:48.131,2024-04-07 19:01:48.131000+00:00
2024/04/07, 19:02:48.131,36.13,-74.903,11.16,199.23,201.48,11.46,8.8, 8.8,1018.6, 1018.6,0.0, 0.0,0.0, 0.000,102, 68,2.3, 2.9,60.6, 60.8,6.7, 5.4,1.6, 352.0,1020.7, 1020.7,781.04,289.96,2213.82,32.2159,12.257,196.5,46.5,1494.464, NAN, NAN, NAN, NAN,,2024/04/07 19:02:48.131,2024-04-07 19:02:48.131000+00:00
2024/04/07, 19:03:48.131,36.127,-74.904,11.24,200.76,202.55,11.62,8.9, 8.8,1018.6, 1018.6,0.0, 0.0,0.0, 0.000,96, 79,3.8, 4.4,62.4, 62.8,7.3, 6.6,351.4, 342.0,1020.7, 1020.7,780.31,288.92,2213.71,32.2164,12.2522,195.6,46.2,1494.448, NAN, NAN, NAN, NAN,,2024/04/07 19:03:48.131,2024-04-07 19:03:48.131000+00:00
2024/04/07, 19:04:48.131,36.124,-74.906,11.29,199.93,203.05,11.7,8.9, 8.9,1018.6, 1018.6,0.0, 0.0,0.0, 0.000,101, 81,4.0, 4.3,60.1, 60.3,7.7, 6.6,352.0, 343.6,1020.7, 1020.7,777.1,288.64,2213.7,32.2203,12.2497,195.9,46.4,1494.444, NAN, NAN, NAN, NAN,,2024/04/07 19:04:48.131,2024-04-07 19:04:48.131000+00:00
2024/04/07, 19:05:48.131,36.121,-74.907,11.3,200.77,203.86,11.7,8.8, 8.8,1018.6, 1018.5,0.0, 0.0,0.0, 0.000,110, 76,2.5, 2.5,57.1, 57.2,7.2, 5.8,3.9, 359.0,1020.7, 1020.6,773.08,289.34,2210.87,32.2274,12.2504,195.0,46.5,1494.455, NAN, NAN, NAN, NAN,,2024/04/07 19:05:48.131,2024-04-07 19:05:48.131000+00:00
2024/04/07, 19:06:48.132,36.118,-74.909,11.25,199.63,200.25,11.66,8.8, 8.8,1018.6, 1018.6,0.0, 0.0,0.0, 0.000,115, 61,1.8, 1.9,57.9, 57.1,6.9, 5.3,7.2, 3.0,1020.7, 1020.7,775.44,289.71,2209.28,32.2348,12.2494,193.5,46.6,1494.461, NAN, NAN, NAN, NAN,,2024/04/07 19:06:48.132,2024-04-07 19:06:48.132000+00:00
2024/04/07, 19:07:48.132,36.115,-74.91,11.26,200.63,202.69,11.64,8.9, 8.8,1018.6, 1018.6,0.0, 0.0,0.0, 0.000,87, 57,2.0, 3.5,58.6, 58.9,6.1, 4.9,3.7, 346.8,1020.7, 1020.7,766.76,289.95,2207.36,32.2411,12.2465,194.4,46.5,1494.458, NAN, NAN, NAN, NAN,,2024/04/07 19:07:48.132,2024-04-07 19:07:48.132000+00:00
2024/04/07, 19:08:48.132,36.112,-74.912,11.22,201.03,203.61,11.55,8.9, 8.9,1018.6, 1018.6,0.0, 0.0,0.0, 0.000,100, 75,3.1, 3.6,57.3, 57.4,7.0, 5.9,357.7, 348.3,1020.7, 1020.7,765.3,288.71,2206.31,32.2476,12.2411,196.2,46.6,1494.448, NAN, NAN, NAN, NAN,,2024/04/07 19:08:48.132,2024-04-07 19:08:48.132000+00:00
2024/04/07, 19:09:48.132,36.109,-74.913,11.18,199.84,203.02,11.75,8.9, 8.9,1018.5, 1018.4,0.0, 0.0,0.0, 0.000,112, 91,3.3, 2.8,56.8, 57.1,7.8, 6.6,359.1, 357.6,1020.6, 1020.5,765.99,289.13,2205.68,32.2541,12.2309,193.5,46.8,1494.42, NAN, NAN, NAN, NAN,,2024/04/07 19:09:48.132,2024-04-07 19:09:48.132000+00:00
2024/04/07, 19:10:48.132,36.106,-74.915,11.24,200.17,203.34,11.56,9.0, 8.9,1018.4, 1018.6,0.0, 0.0,0.0, 0.000,112, 97,4.1, 3.4,58.8, 57.1,8.2, 7.0,355.5, 354.8,1020.5, 1020.7,758.68,287.5,2203.77,32.261,12.2225,193.7,46.5,1494.4, NAN, NAN, NAN, NAN,,2024/04/07 19:10:48.132,2024-04-07 19:10:48.132000+00:00
2024/04/07, 19:11:48.132,36.103,-74.917,11.22,200.01,202.71,11.75,8.9, 8.9,1018.4, 1018.4,0.0, 0.0,0.0, 0.000,117, 85,3.0, 2.0,55.8, 55.5,7.8, 6.1,2.0, 3.6,1020.5, 1020.5,760.86,287.94,2202.59,32.2703,12.2084,195.0,46.5,1494.363, NAN, NAN, NAN, NAN,,2024/04/07 19:11:48.132,2024-04-07 19:11:48.132000+00:00
2024/04/07, 19:12:48.132,36.1,-74.918,11.24,200.65,202.95,11.64,8.9, 8.9,1018.4, 1018.4,0.0, 0.0,0.0, 0.000,107, 71,2.3, 2.5,55.5, 55.6,6.9, 5.6,4.3, 358.3,1020.5, 1020.5,757.12,289.13,2202.3,32.2752,12.1864,195.6,46.3,1494.293, NAN, NAN, NAN, NAN,,2024/04/07 19:12:48.132,2024-04-07 19:12:48.132000+00:00
2024/04/07, 19:13:48.132,36.097,-74.92,11.31,201.14,204.41,11.82,8.9, 8.9,1018.5, 1018.6,0.0, 0.0,0.0, 0.000,110, 90,4.0, 3.1,59.0, 59.2,8.2, 6.7,356.5, 356.8,1020.6, 1020.7,758.12,287.2,2202.06,32.2759,12.1616,196.5,46.3,1494.209, NAN, NAN, NAN, NAN,,2024/04/07 19:13:48.132,2024-04-07 19:13:48.132000+00:00
2024/04/07, 19:14:48.132,36.094,-74.921,11.33,199.91,203.92,11.67,8.9, 8.9,1018.5, 1018.4,0.0, 0.0,0.0, 0.000,110, 78,3.0, 3.3,56.1, 56.7,7.4, 6.0,0.8, 351.7,1020.6, 1020.5,755.51,287.35,2200.47,32.2746,12.1494,193.5,46.5,1494.166, NAN, NAN, NAN, NAN,,2024/04/07 19:14:48.132,2024-04-07 19:14:48.132000+00:00
2024/04/07, 19:15:48.132,36.091,-74.923,11.31,201.0,203.6,11.64,8.9, 8.9,1018.4, 1018.4,0.0, 0.0,0.0, 0.000,103, 66,2.2, 2.8,52.5, 52.5,6.7, 5.4,4.8, 355.6,1020.5, 1020.5,750.15,288.28,2200.16,32.2724,12.1225,194.7,46.8,1494.071, NAN, NAN, NAN, NAN,,2024/04/07 19:15:48.132,2024-04-07 19:15:48.132000+00:00
2024/04/07, 19:16:48.132,36.088,-74.925,11.32,201.14,204.61,11.73,8.9, 8.9,1018.4, 1018.4,0.0, 0.0,0.0, 0.000,100, 77,3.4, 3.8,54.4, 54.8,7.3, 6.2,356.8, 348.2,1020.5, 1020.5,748.24,287.22,2200.59,32.2665,12.0623,194.4,46.8,1493.857, NAN, NAN, NAN, NAN,,2024/04/07 19:16:48.132,2024-04-07 19:16:48.132000+00:00
2024/04/07, 19:17:48.132,36.085,-74.926,11.39,200.08,203.89,11.88,8.9, 8.9,1018.4, 1018.4,0.0, 0.0,0.0, 0.000,112, 77,2.4, 2.0,53.4, 53.5,7.2, 5.8,6.1, 5.5,1020.5, 1020.5,749.14,287.9,2198.21,32.261,12.0207,192.5,46.6,1493.708, NAN, NAN, NAN, NAN,,2024/04/07 19:17:48.132,2024-04-07 19:17:48.132000+00:00
2024/04/07, 19:18:48.132,36.082,-74.928,11.52,200.28,204.33,12.05,8.9, 8.9,1018.4, 1018.4,0.0, 0.0,0.0, 0.000,98, 69,2.6, 3.4,53.2, 56.2,6.9, 5.7,1.3, 350.5,1020.5, 1020.5,749.48,288.33,2197.31,32.2659,11.9864,192.2,46.4,1493.596, NAN, NAN, NAN, NAN,,2024/04/07 19:18:48.132,2024-04-07 19:18:48.132000+00:00
2024/04/07, 19:19:48.132,36.079,-74.93,11.51,200.7,202.47,12.05,8.9, 8.9,1018.4, 1018.4,0.0, 0.0,0.0, 0.000,112, 65,1.9, 1.8,58.4, 58.8,7.1, 5.6,8.2, 6.3,1020.5, 1020.5,739.13,289.02,2195.68,32.2836,11.948,195.9,46.5,1493.485, NAN, NAN, NAN, NAN,,2024/04/07 19:19:48.132,2024-04-07 19:19:48.132000+00:00
2024/04/07, 19:20:48.132,36.076,-74.931,11.45,200.79,204.15,11.89,9.0, 8.9,1018.4, 1018.4,0.0, 0.0,0.0, 0.000,100, 68,2.4, 3.0,57.3, 57.5,6.8, 5.6,3.3, 354.4,1020.5, 1020.5,739.8,288.23,2193.96,32.2901,11.9018,195.0,46.3,1493.333, NAN, NAN, NAN, NAN,,2024/04/07 19:20:48.132,2024-04-07 19:20:48.132000+00:00
2024/04/07, 19:21:48.132,36.073,-74.933,11.45,198.72,201.51,11.95,9.0, 9.0,1018.4, 1018.3,0.0, 0.0,0.0, 0.000,75, 54,2.1, 4.1,57.4, 57.8,5.8, 4.7,2.3, 340.5,1020.5, 1020.4,740.1,289.01,2193.37,32.3036,11.867,193.7,46.5,1493.23, NAN, NAN, NAN, NAN,,2024/04/07 19:21:48.132,2024-04-07 19:21:48.132000+00:00
2024/04/07, 19:22:48.133,36.07,-74.934,11.45,200.76,203.1,11.82,9.0, 9.0,1018.4, 1018.4,0.0, 0.0,0.0, 0.000,84, 68,3.1, 4.3,59.3, 59.7,6.4, 5.8,355.2, 341.4,1020.5, 1020.5,731.39,288.26,2191.41,32.347,11.8456,200.4,46.3,1493.208, NAN, NAN, NAN, NAN,,2024/04/07 19:22:48.133,2024-04-07 19:22:48.133000+00:00
2024/04/07, 19:23:48.133,36.067,-74.937,11.21,226.25,224.49,11.64,9.0, 9.0,1018.4, 1018.2,0.0, 0.0,0.0, 0.000,76, 64,3.9, 5.1,58.4, 59.7,6.4, 6.1,7.9, 354.3,1020.5, 1020.3,704.69,287.24,2206.02,32.3912,11.7888,204.8,46.5,1493.064, NAN, NAN, NAN, NAN,,2024/04/07 19:23:48.133,2024-04-07 19:23:48.133000+00:00
2024/04/07, 19:24:48.133,36.065,-74.94,11.01,232.42,232.22,11.61,9.0, 9.0,1018.3, 1018.3,0.0, 0.0,0.0, 0.000,76, 63,4.5, 5.9,60.1, 60.3,6.7, 6.3,9.6, 353.7,1020.4, 1020.4,689.55,286.27,2208.92,32.4132,10.8664,205.3,46.5,1489.865, NAN, NAN, NAN, NAN,,2024/04/07 19:24:48.133,2024-04-07 19:24:48.133000+00:00
2024/04/07, 19:25:48.133,36.063,-74.943,11.19,232.63,231.32,11.84,8.9, 8.9,1018.3, 1018.3,0.0, 0.0,0.0, 0.000,79, 68,4.5, 5.5,61.2, 61.4,6.9, 6.6,11.6, 0.2,1020.4, 1020.4,688.71,286.93,2208.65,32.4302,10.1957,208.1,45.9,1487.493, NAN, NAN, NAN, NAN,,2024/04/07 19:25:48.133,2024-04-07 19:25:48.133000+00:00
2024/04/07, 19:26:48.133,36.061,-74.946,11.32,230.62,228.27,11.87,8.9, 8.9,1018.3, 1018.3,0.0, 0.0,0.0, 0.000,70, 61,4.9, 6.2,63.0, 63.2,6.5, 6.3,3.9, 349.9,1020.4, 1020.4,683.77,286.8,2208.12,32.4464,9.9138,239.6,45.8,1486.495, NAN, NAN, NAN, NAN,,2024/04/07 19:26:48.133,2024-04-07 19:26:48.133000+00:00
2024/04/07, 19:27:48.133,36.059,-74.949,11.31,230.9,232.26,11.9,8.8, 8.8,1018.4, 1018.3,0.0, 0.0,0.0, 0.000,72, 62,4.6, 5.8,62.2, 62.3,6.4, 6.2,7.8, 354.3,1020.5, 1020.4,683.71,286.39,2207.28,32.424,9.7852,279.3,45.9,1486.001, NAN, NAN, NAN, NAN,,2024/04/07 19:27:48.133,2024-04-07 19:27:48.133000+00:00
2024/04/07, 19:28:48.133,36.057,-74.952,11.39,230.85,232.35,11.72,8.8, 8.8,1018.3, 1018.3,0.0, 0.0,0.0, 0.000,67, 56,4.5, 6.1,62.1, 62.3,5.9, 5.6,7.2, 348.5,1020.4, 1020.4,677.91,286.23,2205.76,32.4252,9.7105,299.2,45.5,1485.731, NAN, NAN, NAN, NAN,,2024/04/07 19:28:48.133,2024-04-07 19:28:48.133000+00:00
2024/04/07, 19:29:48.133,36.055,-74.955,11.32,229.99,231.04,11.81,8.8, 8.8,1018.3, 1018.3,0.0, 0.0,0.0, 0.000,73, 63,5.2, 6.6,63.2, 63.1,6.7, 6.5,3.0, 348.0,1020.4, 1020.4,680.71,286.14,2205.12,32.4204,9.6651,309.2,45.5,1485.559, NAN, NAN, NAN, NAN,,2024/04/07 19:29:48.133,2024-04-07 19:29:48.133000+00:00
2024/04/07, 19:30:48.133,36.053,-74.958,11.28,231.81,232.47,11.58,8.7, 8.8,1018.3, 1018.3,0.0, 0.0,0.0, 0.000,71, 61,4.8, 6.2,61.6, 61.6,6.3, 6.1,6.2, 350.6,1020.4, 1020.4,675.73,286.13,2203.68,32.419,9.6462,316.0,45.9,1485.489, NAN, NAN, NAN, NAN,,2024/04/07 19:30:48.133,2024-04-07 19:30:48.133000+00:00
2024/04/07, 19:31:48.133,36.05,-74.961,11.3,230.37,231.48,11.76,8.7, 8.8,1018.3, 1018.3,0.0, 0.0,0.0, 0.000,70, 60,4.7, 6.2,63.0, 61.5,6.2, 6.1,5.8, 349.3,1020.4, 1020.4,673.77,286.01,2203.38,32.4162,9.6328,328.4,46.0,1485.437, NAN, NAN, NAN, NAN,,2024/04/07 19:31:48.133,2024-04-07 19:31:48.133000+00:00
2024/04/07, 19:32:48.133,36.048,-74.964,11.35,229.78,230.62,11.87,8.7, 8.7,1018.3, 1018.3,0.0, 0.0,0.0, 0.000,78, 66,5.0, 6.2,61.3, 61.4,7.0, 6.6,6.3, 352.5,1020.4, 1020.4,669.85,286.62,2201.8,32.4173,9.6377,322.7,45.9,1485.456, NAN, NAN, NAN, NAN,,2024/04/07 19:32:48.133,2024-04-07 19:32:48.133000+00:00
2024/04/07, 19:33:48.133,36.046,-74.967,11.37,230.44,229.2,11.77,8.7, 8.7,1018.2, 1018.1,0.0, 0.0,0.0, 0.000,73, 65,5.6, 6.7,62.0, 62.3,7.0, 6.9,359.7, 348.2,1020.3, 1020.2,670.69,285.94,2202.05,32.4247,9.6402,308.9,45.9,1485.474, NAN, NAN, NAN, NAN,,2024/04/07 19:33:48.133,2024-04-07 19:33:48.133000+00:00
2024/04/07, 19:34:48.133,36.044,-74.97,11.28,229.94,230.67,11.73,8.7, 8.7,1018.3, 1018.2,0.0, 0.0,0.0, 0.000,81, 68,5.0, 6.0,59.0, 59.0,7.2, 6.7,7.1, 354.5,1020.4, 1020.3,665.62,286.16,2201.67,32.4238,9.6461,308.6,45.7,1485.494, NAN, NAN, NAN, NAN,,2024/04/07 19:34:48.133,2024-04-07 19:34:48.133000+00:00
2024/04/07, 19:35:48.133,36.042,-74.973,11.3,230.61,229.7,11.64,8.7, 8.7,1018.2, 1018.2,0.0, 0.0,0.0, 0.000,87, 74,4.6, 5.4,57.4, 57.3,7.4, 6.9,11.8, 1.3,1020.3, 1020.3,659.78,286.44,2202.12,32.4215,9.6733,308.3,45.8,1485.591, NAN, NAN, NAN, NAN,,2024/04/07 19:35:48.133,2024-04-07 19:35:48.133000+00:00
2024/04/07, 19:36:48.133,36.04,-74.976,0.89,230.29,230.0,11.71,8.7, 8.7,1018.1, 1018.2,0.0, 0.0,0.0, 0.000,84, 70,3.9, 4.9,60.1, 60.3,6.8, 6.3,15.8, 3.8,1020.2, 1020.3,657.18,287.37,2198.9,32.4163,9.6798,319.3,45.9,1485.608, NAN, NAN, NAN, NAN,,2024/04/07 19:36:48.133,2024-04-07 19:36:48.133000+00:00
2024/04/07, 19:37:48.133,36.038,-74.98,-0.05,229.75,228.39,11.74,8.8, 8.8,1018.2, 1018.1,0.0, 0.0,0.0, 0.000,78, 68,4.8, 5.7,63.6, 63.8,6.9, 6.6,6.3, 355.8,1020.3, 1020.2,658.1,286.74,2198.3,32.4128,9.6859,316.9,45.9,1485.626, NAN, NAN, NAN, NAN,,2024/04/07 19:37:48.133,2024-04-07 19:37:48.133000+00:00
2024/04/07, 19:38:48.134,36.036,-74.983,-0.02,229.88,231.22,11.83,8.8, 8.8,1018.1, 1018.2,0.0, 0.0,0.0, 0.000,79, 68,4.7, 5.8,61.7, 63.5,6.9, 6.6,8.6, 356.2,1020.2, 1020.3,653.78,286.62,2197.06,32.4109,9.6922,315.3,45.9,1485.647, NAN, NAN, NAN, NAN,,2024/04/07 19:38:48.134,2024-04-07 19:38:48.134000+00:00
2024/04/07, 19:39:48.134,36.034,-74.986,-0.02,230.23,228.93,11.59,8.8, 8.8,1018.2, 1018.2,0.0, 0.0,0.0, 0.000,82, 67,4.2, 5.3,61.1, 61.2,6.8, 6.2,12.5, 358.8,1020.3, 1020.3,643.75,287.23,2195.29,32.3987,9.6939,314.5,45.8,1485.638, NAN, NAN, NAN, NAN,,2024/04/07 19:39:48.134,2024-04-07 19:39:48.134000+00:00
2024/04/07, 19:40:48.134,36.032,-74.989,7.83,229.5,230.55,11.66,8.8, 8.8,1018.2, 1018.2,0.0, 0.0,0.0, 0.000,76, 62,3.9, 5.4,62.1, 62.4,6.3, 5.8,13.1, 355.8,1020.3, 1020.3,647.13,287.39,2192.59,32.3953,9.676,310.5,46.0,1485.569, NAN, NAN, NAN, NAN,,2024/04/07 19:40:48.134,2024-04-07 19:40:48.134000+00:00
2024/04/07, 19:41:48.134,36.029,-74.992,11.64,229.83,229.79,11.87,8.8, 8.8,1018.3, 1018.2,0.0, 0.0,0.0, 0.000,73, 59,3.8, 5.4,62.8, 63.0,6.2, 5.7,13.8, 355.5,1020.4, 1020.3,644.02,287.35,2192.2,32.4003,9.666,307.5,46.3,1485.538, NAN, NAN, NAN, NAN,,2024/04/07 19:41:48.134,2024-04-07 19:41:48.134000+00:00
2024/04/07, 19:42:48.134,36.027,-74.995,11.59,230.5,230.73,11.81,8.8, 8.8,1018.2, 1018.1,0.0, 0.0,0.0, 0.000,78, 65,4.2, 5.4,63.9, 64.1,6.6, 6.2,12.2, 358.2,1020.3, 1020.2,641.17,287.22,2191.25,32.4001,9.6669,302.8,46.3,1485.541, NAN, NAN, NAN, NAN,,2024/04/07 19:42:48.134,2024-04-07 19:42:48.134000+00:00
2024/04/07, 19:43:48.134,36.025,-74.998,11.68,230.38,231.14,11.71,8.8, 8.8,1018.2, 1018.1,0.0, 0.0,0.0, 0.000,79, 66,4.1, 5.3,63.2, 63.4,6.6, 6.2,12.8, 358.9,1020.3, 1020.2,639.58,287.13,2189.68,32.3973,9.6625,299.5,46.4,1485.522, NAN, NAN, NAN, NAN,,2024/04/07 19:43:48.134,2024-04-07 19:43:48.134000+00:00
2024/04/07, 19:44:48.134,36.023,-75.001,11.67,231.17,228.42,11.59,8.8, 8.8,1018.1, 1018.0,0.0, 0.0,0.0, 0.000,80, 65,3.9, 5.2,61.8, 61.9,6.7, 6.2,13.3, 358.2,1020.2, 1020.1,632.86,287.47,2187.98,32.3964,9.655,294.7,46.3,1485.493, NAN, NAN, NAN, NAN,,2024/04/07 19:44:48.134,2024-04-07 19:44:48.134000+00:00
2024/04/07, 19:45:48.134,36.021,-75.004,11.69,229.45,229.0,11.89,8.8, 8.8,1018.2, 1018.0,0.0, 0.0,0.0, 0.000,77, 66,3.8, 4.9,60.3, 60.4,6.4, 6.1,14.2, 2.0,1020.3, 1020.1,636.67,287.2,2187.35,32.3914,9.6357,295.2,46.0,1485.417, NAN, NAN, NAN, NAN,,2024/04/07 19:45:48.134,2024-04-07 19:45:48.134000+00:00
2024/04/07, 19:46:48.134,36.019,-75.007,11.61,230.53,231.8,11.79,8.8, 8.8,1018.2, 1018.0,0.0, 0.0,0.0, 0.000,74, 59,3.5, 5.1,59.5, 59.6,6.1, 5.5,17.4, 358.9,1020.3, 1020.1,631.16,287.81,2186.29,32.3843,9.6114,298.0,46.2,1485.319, NAN, NAN, NAN, NAN,,2024/04/07 19:46:48.134,2024-04-07 19:46:48.134000+00:00
2024/04/07, 19:47:48.134,36.017,-75.01,11.77,230.31,230.79,11.58,8.8, 8.8,1018.1, 1018.1,0.0, 0.0,0.0, 0.000,75, 60,3.4, 4.9,60.6, 60.7,6.1, 5.6,16.7, 359.3,1020.2, 1020.2,628.14,287.86,2183.65,32.3765,9.5962,297.7,46.2,1485.254, NAN, NAN, NAN, NAN,,2024/04/07 19:47:48.134,2024-04-07 19:47:48.134000+00:00
2024/04/07, 19:48:48.134,36.015,-75.013,11.79,229.8,227.44,11.77,8.8, 8.8,1018.1, 1018.1,0.0, 0.0,0.0, 0.000,84, 63,2.7, 4.1,59.9, 60.0,6.4, 5.6,24.2, 8.1,1020.2, 1020.2,624.69,288.37,2181.53,32.3665,9.5984,302.5,46.0,1485.25, NAN, NAN, NAN, NAN,,2024/04/07 19:48:48.134,2024-04-07 19:48:48.134000+00:00
2024/04/07, 19:49:48.134,36.013,-75.016,11.74,230.31,230.41,11.84,8.8, 8.8,1018.1, 1018.1,0.0, 0.0,0.0, 0.000,76, 60,2.7, 4.2,62.1, 62.3,6.0, 5.4,24.6, 8.0,1020.2, 1020.2,623.07,288.41,2180.85,32.3574,9.6061,306.5,45.9,1485.267, NAN, NAN, NAN, NAN,,2024/04/07 19:49:48.134,2024-04-07 19:49:48.134000+00:00
2024/04/07, 19:50:48.134,36.011,-75.02,11.77,229.53,229.85,11.73,8.8, 8.8,1018.0, 1018.0,0.0, 0.0,0.0, 0.000,87, 66,2.8, 4.0,60.2, 60.2,6.5, 5.7,24.2, 9.9,1020.1, 1020.1,620.65,287.67,2180.4,32.3563,9.6174,308.0,46.4,1485.307, NAN, NAN, NAN, NAN,,2024/04/07 19:50:48.134,2024-04-07 19:50:48.134000+00:00
2024/04/07, 19:51:48.134,36.008,-75.023,11.74,230.11,230.56,11.76,8.8, 8.8,1018.0, 1018.0,0.0, 0.0,0.0, 0.000,95, 70,2.7, 3.6,61.8, 61.9,6.8, 5.9,27.1, 15.2,1020.1, 1020.1,619.12,288.26,2177.68,32.3477,9.6195,308.9,46.3,1485.304, NAN, NAN, NAN, NAN,,2024/04/07 19:51:48.134,2024-04-07 19:51:48.134000+00:00
2024/04/07, 19:52:48.134,36.006,-75.026,11.73,229.31,228.87,11.74,8.9, 8.9,1018.0, 1018.0,0.0, 0.0,0.0, 0.000,86, 65,2.5, 4.0,62.2, 62.3,6.4, 5.7,26.2, 9.4,1020.1, 1020.1,613.96,288.06,2175.59,32.3449,9.6314,307.2,46.3,1485.344, NAN, NAN, NAN, NAN,,2024/04/07 19:52:48.134,2024-04-07 19:52:48.134000+00:00
2024/04/07, 19:53:48.134,36.004,-75.029,11.74,228.66,226.31,11.7,8.9, 8.9,1018.0, 1017.8,0.0, 0.0,0.0, 0.000,109, 76,2.5, 2.4,60.3, 60.3,7.2, 5.9,29.4, 25.2,1020.1, 1019.9,613.66,287.78,2172.95,32.343,9.6446,305.2,46.3,1485.39, NAN, NAN, NAN, NAN,,2024/04/07 19:53:48.134,2024-04-07 19:53:48.134000+00:00
2024/04/07, 19:54:48.135,36.002,-75.032,11.65,230.59,230.5,11.88,8.9, 8.8,1018.0, 1017.8,0.0, 0.0,0.0, 0.000,115, 74,2.3, 2.3,61.5, 61.6,7.4, 5.9,33.7, 28.0,1020.1, 1019.9,612.18,287.92,2170.71,32.3416,9.6459,302.2,46.0,1485.393, NAN, NAN, NAN, NAN,,2024/04/07 19:54:48.135,2024-04-07 19:54:48.135000+00:00
2024/04/07, 19:55:48.135,36.0,-75.035,11.44,229.63,230.06,11.79,8.9, 8.8,1017.8, 1017.8,0.0, 0.0,0.0, 0.000,112, 74,3.0, 2.3,62.6, 62.7,7.7, 5.8,29.1, 28.3,1019.9, 1019.9,609.42,286.98,2170.11,32.3395,9.639,297.4,46.2,1485.366, NAN, NAN, NAN, NAN,,2024/04/07 19:55:48.135,2024-04-07 19:55:48.135000+00:00
2024/04/07, 19:56:48.135,35.998,-75.038,11.5,228.99,228.52,11.61,8.8, 8.8,1017.8, 1017.8,0.0, 0.0,0.0, 0.000,121, 102,3.1, 2.2,60.3, 60.3,8.0, 6.8,29.3, 30.1,1019.9, 1019.9,605.97,286.86,2168.13,32.3363,9.6421,294.0,46.3,1485.373, NAN, NAN, NAN, NAN,,2024/04/07 19:56:48.135,2024-04-07 19:56:48.135000+00:00
2024/04/07, 19:57:48.135,35.996,-75.041,10.15,229.81,231.75,11.79,8.8, 8.8,1017.8, 1017.8,0.0, 0.0,0.0, 0.000,121, 94,2.8, 1.9,60.7, 61.2,7.9, 6.5,32.6, 33.4,1019.9, 1019.9,605.55,287.16,2162.94,32.3347,9.655,294.0,46.1,1485.418, NAN, NAN, NAN, NAN,,2024/04/07 19:57:48.135,2024-04-07 19:57:48.135000+00:00
2024/04/07, 19:58:48.135,35.994,-75.044,10.85,230.51,232.83,11.67,8.8, 8.8,1017.7, 1017.8,0.0, 0.0,0.0, 0.000,99, 59,1.6, 2.3,60.6, 60.8,6.4, 5.2,36.9, 28.9,1019.8, 1019.9,595.4,287.59,2162.02,32.3314,9.6723,295.8,46.0,1485.477, NAN, NAN, NAN, NAN,,2024/04/07 19:58:48.135,2024-04-07 19:58:48.135000+00:00
2024/04/07, 19:59:48.135,35.992,-75.047,11.33,229.97,230.0,11.66,8.8, 8.8,1017.8, 1017.7,0.0, 0.0,0.0, 0.000,121, 101,2.8, 2.2,61.4, 61.5,7.8, 6.8,32.0, 31.2,1019.9, 1019.8,597.6,287.19,2162.47,32.3299,9.6865,292.8,46.3,1485.527, NAN, NAN, NAN, NAN,,2024/04/07 19:59:48.135,2024-04-07 19:59:48.135000+00:00
2024/04/07, 20:00:48.135,35.989,-75.05,11.62,230.15,228.92,11.56,8.8, 8.8,1017.7, 1017.7,0.0, 0.0,0.0, 0.000,123, 90,2.4, 1.9,59.4, 59.3,7.6, 6.3,33.6, 31.2,1019.8, 1019.8,596.3,287.33,2158.93,32.331,9.692,290.0,46.2,1485.548, NAN, NAN, NAN, NAN,,2024/04/07 20:00:48.135,2024-04-07 20:00:48.135000+00:00
2024/04/07, 20:01:48.135,35.987,-75.053,11.55,231.46,233.06,11.67,8.8, 8.8,1017.7, 1017.6,0.0, 0.0,0.0, 0.000,121, 68,2.6, 2.0,61.8, 62.3,7.7, 5.6,34.5, 31.9,1019.8, 1019.7,587.74,287.1,2158.19,32.3295,9.7008,287.6,46.1,1485.579, NAN, NAN, NAN, NAN,,2024/04/07 20:01:48.135,2024-04-07 20:01:48.135000+00:00
2024/04/07, 20:02:48.135,35.985,-75.056,11.74,229.2,229.33,11.7,8.8, 8.8,1017.6, 1017.6,0.0, 0.0,0.0, 0.000,106, 61,1.9, 2.5,59.9, 60.1,6.8, 5.3,33.4, 24.5,1019.7, 1019.7,586.6,287.36,2154.23,32.3303,9.7102,287.0,46.1,1485.614, NAN, NAN, NAN, NAN,,2024/04/07 20:02:48.135,2024-04-07 20:02:48.135000+00:00
2024/04/07, 20:03:48.135,35.983,-75.06,11.68,229.53,228.82,11.78,8.8, 8.8,1017.6, 1017.6,0.0, 0.0,0.0, 0.000,129, 89,2.5, 1.8,59.6, 59.7,7.9, 6.3,35.1, 32.8,1019.7, 1019.7,585.81,287.72,2152.53,32.3322,9.7075,287.3,46.3,1485.606, NAN, NAN, NAN, NAN,,2024/04/07 20:03:48.135,2024-04-07 20:03:48.135000+00:00
2024/04/07, 20:04:48.135,35.981,-75.063,11.79,230.08,227.17,11.82,8.8, 8.8,1017.6, 1017.5,0.0, 0.0,0.0, 0.000,132, 72,1.7, 1.7,62.6, 62.8,7.4, 5.9,38.0, 31.3,1019.7, 1019.6,585.5,288.72,2151.33,32.3356,9.7014,285.1,46.2,1485.588, NAN, NAN, NAN, NAN,,2024/04/07 20:04:48.135,2024-04-07 20:04:48.135000+00:00
2024/04/07, 20:05:48.135,35.979,-75.066,11.7,229.52,229.83,11.72,8.9, 8.8,1017.5, 1017.6,0.0, 0.0,0.0, 0.000,116, 77,1.8, 1.8,64.5, 62.4,7.0, 5.9,36.3, 32.4,1019.6, 1019.7,578.41,288.14,2149.82,32.3327,9.7009,286.4,46.0,1485.583, NAN, NAN, NAN, NAN,,2024/04/07 20:05:48.135,2024-04-07 20:05:48.135000+00:00
2024/04/07, 20:06:48.135,35.977,-75.069,11.79,229.86,230.08,11.9,8.9, 8.8,1017.6, 1017.6,0.0, 0.0,0.0, 0.000,117, 73,2.6, 2.0,63.5, 63.5,7.7, 5.8,32.4, 30.9,1019.7, 1019.7,577.19,287.52,2148.99,32.3325,9.7048,285.4,46.2,1485.597, NAN, NAN, NAN, NAN,,2024/04/07 20:06:48.135,2024-04-07 20:06:48.135000+00:00
2024/04/07, 20:07:48.135,35.975,-75.072,11.75,229.06,229.95,11.97,8.9, 8.8,1017.6, 1017.5,0.0, 0.0,0.0, 0.000,127, 74,2.4, 1.7,61.7, 61.8,7.8, 5.9,35.6, 34.0,1019.7, 1019.6,577.58,287.87,2143.73,32.3329,9.7138,284.6,46.3,1485.63, NAN, NAN, NAN, NAN,,2024/04/07 20:07:48.135,2024-04-07 20:07:48.135000+00:00
2024/04/07, 20:08:48.135,35.973,-75.075,11.77,228.92,228.5,11.97,8.9, 8.8,1017.6, 1017.6,0.0, 0.0,0.0, 0.000,127, 80,2.1, 1.6,61.4, 61.7,7.6, 6.1,36.1, 33.8,1019.7, 1019.7,576.3,287.78,2139.59,32.3301,9.7253,288.0,46.3,1485.669, NAN, NAN, NAN, NAN,,2024/04/07 20:08:48.135,2024-04-07 20:08:48.135000+00:00
2024/04/07, 20:09:48.136,35.97,-75.078,11.64,229.74,231.13,11.85,8.9, 8.8,1017.7, 1017.6,0.0, 0.0,0.0, 0.000,136, 106,2.4, 1.2,59.4, 59.7,8.0, 6.5,38.3, 40.3,1019.8, 1019.7,569.38,287.57,2138.86,32.3295,9.7238,282.0,46.2,1485.662, NAN, NAN, NAN, NAN,,2024/04/07 20:09:48.136,2024-04-07 20:09:48.136000+00:00
2024/04/07, 20:10:48.136,35.968,-75.081,10.85,228.83,230.32,11.91,8.8, 8.8,1017.6, 1017.6,0.0, 0.0,0.0, 0.000,154, 133,2.3, 1.7,61.8, 62.0,8.2, 7.4,42.8, 40.3,1019.7, 1019.7,567.01,288.54,2136.76,32.3259,9.7311,279.3,46.2,1485.685, NAN, NAN, NAN, NAN,,2024/04/07 20:10:48.136,2024-04-07 20:10:48.136000+00:00
2024/04/07, 20:11:48.136,35.966,-75.084,10.43,229.34,229.84,11.82,8.9, 8.8,1017.6, 1017.5,0.0, 0.0,0.0, 0.000,154, 184,1.3, 1.5,62.1, 61.5,7.3, 7.6,45.1, 50.3,1019.7, 1019.6,560.62,289.07,2134.07,32.3219,9.7458,283.0,45.9,1485.733, NAN, NAN, NAN, NAN,,2024/04/07 20:11:48.136,2024-04-07 20:11:48.136000+00:00
2024/04/07, 20:12:48.136,35.964,-75.087,10.69,229.1,227.93,11.68,9.0, 8.9,1017.6, 1017.6,0.0, 0.0,0.0, 0.000,127, 63,1.0, 1.5,63.9, 64.4,6.7, 5.5,41.6, 34.3,1019.7, 1019.7,556.56,289.06,2131.57,32.3182,9.7515,278.4,45.9,1485.75, NAN, NAN, NAN, NAN,,2024/04/07 20:12:48.136,2024-04-07 20:12:48.136000+00:00
2024/04/07, 20:13:48.136,35.962,-75.09,10.05,230.02,228.92,11.86,9.0, 8.9,1017.7, 1017.6,0.0, 0.0,0.0, 0.000,153, 69,1.7, 1.6,62.7, 62.6,7.7, 5.7,43.4, 33.8,1019.8, 1019.7,553.17,288.47,2127.29,32.314,9.7606,275.6,45.8,1485.778, NAN, NAN, NAN, NAN,,2024/04/07 20:13:48.136,2024-04-07 20:13:48.136000+00:00
2024/04/07, 20:14:48.136,35.96,-75.093,9.67,229.55,229.5,11.87,9.0, 8.9,1017.7, 1017.7,0.0, 0.0,0.0, 0.000,154, 160,2.1, 2.0,63.2, 62.5,8.0, 8.0,42.6, 44.3,1019.8, 1019.8,552.81,288.59,2125.01,32.3093,9.7819,272.3,46.0,1485.849, NAN, NAN, NAN, NAN,,2024/04/07 20:14:48.136,2024-04-07 20:14:48.136000+00:00
2024/04/07, 20:15:48.136,35.957,-75.096,9.89,229.41,230.68,11.8,9.0, 8.9,1017.7, 1017.6,0.0, 0.0,0.0, 0.000,152, 160,1.8, 1.7,60.0, 60.1,7.7, 7.7,43.8, 45.8,1019.8, 1019.7,548.7,288.61,2124.93,32.3035,9.8083,270.5,46.0,1485.938, NAN, NAN, NAN, NAN,,2024/04/07 20:15:48.136,2024-04-07 20:15:48.136000+00:00
2024/04/07, 20:16:48.136,35.955,-75.1,11.93,229.4,231.03,11.96,8.9, 8.9,1017.7, 1017.7,0.0, 0.0,0.0, 0.000,154, 197,1.8, 1.5,60.7, 61.2,7.8, 7.6,43.9, 53.0,1019.8, 1019.8,549.56,288.61,2122.79,32.2972,9.8293,266.5,45.9,1486.007, NAN, NAN, NAN, NAN,,2024/04/07 20:16:48.136,2024-04-07 20:16:48.136000+00:00
2024/04/07, 20:17:48.136,35.953,-75.103,11.12,230.07,228.79,10.85,9.0, 8.9,1017.6, 1017.6,0.0, 0.0,0.0, 0.000,195, 273,0.8, 1.4,60.7, 60.8,6.3, 5.6,50.7, 63.0,1019.7, 1019.7,541.59,290.35,2119.07,32.293,9.8472,265.2,45.6,1486.067, NAN, NAN, NAN, NAN,,2024/04/07 20:17:48.136,2024-04-07 20:17:48.136000+00:00
2024/04/07, 20:18:48.136,35.951,-75.105,9.48,229.51,231.23,9.38,9.1, 9.0,1017.6, 1017.6,0.0, 0.0,0.0, 0.000,156, 179,2.1, 1.7,62.7, 62.3,6.8, 6.5,42.6, 49.5,1019.7, 1019.7,540.83,288.78,2117.58,32.2881,9.8573,263.2,45.7,1486.097, NAN, NAN, NAN, NAN,,2024/04/07 20:18:48.136,2024-04-07 20:18:48.136000+00:00
2024/04/07, 20:19:48.136,35.95,-75.107,8.24,229.58,227.64,8.14,9.1, 9.0,1017.7, 1017.6,0.0, 0.0,0.0, 0.000,179, 181,2.6, 2.8,60.7, 60.8,6.8, 7.0,48.5, 49.3,1019.8, 1019.7,540.3,288.06,2114.05,32.2856,9.8667,260.4,45.7,1486.128, NAN, NAN, NAN, NAN,,2024/04/07 20:19:48.136,2024-04-07 20:19:48.136000+00:00
2024/04/07, 20:20:48.136,35.948,-75.109,7.75,229.4,232.05,7.78,9.1, 9.0,1017.6, 1017.6,0.0, 0.0,0.0, 0.000,156, 180,2.7, 3.2,59.4, 59.8,6.5, 7.2,40.4, 50.0,1019.7, 1019.7,538.08,287.5,2113.01,32.2792,9.8744,261.1,45.6,1486.149, NAN, NAN, NAN, NAN,,2024/04/07 20:20:48.136,2024-04-07 20:20:48.136000+00:00
2024/04/07, 20:21:48.136,35.947,-75.111,7.39,235.43,231.69,7.47,9.1, 9.0,1017.6, 1017.6,0.0, 0.0,0.0, 0.000,162, 159,3.3, 3.8,61.3, 61.4,7.1, 7.6,44.7, 42.8,1019.7, 1019.7,527.88,286.91,2110.71,32.2734,9.8788,263.5,45.6,1486.158, NAN, NAN, NAN, NAN,,2024/04/07 20:21:48.136,2024-04-07 20:21:48.136000+00:00
2024/04/07, 20:22:48.136,35.946,-75.113,6.5,265.46,253.8,6.74,9.0, 8.9,1017.6, 1017.5,0.0, 0.0,0.0, 0.000,125, 117,5.2, 4.0,60.4, 61.0,8.0, 6.7,48.3, 47.1,1019.7, 1019.6,535.25,285.06,2122.01,32.2658,9.8924,266.5,45.8,1486.198, NAN, NAN, NAN, NAN,,2024/04/07 20:22:48.136,2024-04-07 20:22:48.136000+00:00
2024/04/07, 20:23:48.136,35.946,-75.116,6.32,271.89,263.58,6.18,8.9, 8.8,1017.5, 1017.4,0.0, 0.0,0.0, 0.000,115, 110,5.6, 5.1,61.4, 61.5,7.8, 7.2,46.6, 44.7,1019.6, 1019.5,541.7,285.11,2120.26,32.2639,9.9038,268.6,45.3,1486.237, NAN, NAN, NAN, NAN,,2024/04/07 20:23:48.136,2024-04-07 20:23:48.136000+00:00
2024/04/07, 20:24:48.137,35.946,-75.118,6.4,275.3,266.49,6.45,8.9, 8.8,1017.5, 1017.5,0.0, 0.0,0.0, 0.000,110, 95,5.7, 4.6,64.4, 64.7,7.9, 6.3,47.0, 41.1,1019.6, 1019.6,535.26,285.48,2114.7,32.2511,9.9082,266.2,45.6,1486.237, NAN, NAN, NAN, NAN,,2024/04/07 20:24:48.137,2024-04-07 20:24:48.137000+00:00
2024/04/07, 20:25:48.137,35.946,-75.12,6.24,280.78,271.49,6.26,8.8, 8.8,1017.5, 1017.5,0.0, 0.0,0.0, 0.000,94, 83,5.3, 5.8,62.4, 62.8,6.8, 6.7,42.5, 32.5,1019.6, 1019.6,536.77,285.99,2110.71,32.2527,9.9152,263.5,45.8,1486.264, NAN, NAN, NAN, NAN,,2024/04/07 20:25:48.137,2024-04-07 20:25:48.137000+00:00
2024/04/07, 20:26:48.137,35.946,-75.122,6.28,280.8,276.99,6.37,8.8, 8.8,1017.6, 1017.5,0.0, 0.0,0.0, 0.000,106, 94,6.0, 5.3,61.0, 61.1,7.8, 6.7,49.6, 43.6,1019.7, 1019.6,536.06,286.38,2107.84,32.2502,9.9241,264.4,45.8,1486.294, NAN, NAN, NAN, NAN,,2024/04/07 20:26:48.137,2024-04-07 20:26:48.137000+00:00
2024/04/07, 20:27:48.137,35.946,-75.124,6.22,282.23,279.76,6.13,8.8, 8.8,1017.6, 1017.5,0.0, 0.0,0.0, 0.000,108, 99,6.1, 5.4,60.9, 61.1,7.9, 6.9,51.8, 47.5,1019.7, 1019.6,535.05,286.21,2105.36,32.2433,9.9327,264.4,45.8,1486.316, NAN, NAN, NAN, NAN,,2024/04/07 20:27:48.137,2024-04-07 20:27:48.137000+00:00
2024/04/07, 20:28:48.137,35.946,-75.126,3.79,316.24,298.77,3.91,8.8, 8.8,1017.6, 1017.6,0.0, 0.0,0.0, 0.000,86, 79,6.8, 7.5,61.6, 61.0,7.6, 8.0,57.1, 49.6,1019.7, 1019.7,563.14,285.71,2091.33,32.2386,9.9486,266.5,45.9,1486.368, NAN, NAN, NAN, NAN,,2024/04/07 20:28:48.137,2024-04-07 20:28:48.137000+00:00
2024/04/07, 20:29:48.137,35.947,-75.127,2.14,346.21,315.01,2.6,8.8, 8.8,1017.6, 1017.6,0.0, 0.0,0.0, 0.000,64, 57,8.3, 9.6,63.0, 61.2,8.6, 9.7,59.0, 51.1,1019.7, 1019.7,503.77,284.05,2060.77,32.2352,9.9614,262.8,45.9,1486.41, NAN, NAN, NAN, NAN,,2024/04/07 20:29:48.137,2024-04-07 20:29:48.137000+00:00
2024/04/07, 20:30:48.137,35.947,-75.127,1.67,21.61,352.39,1.91,8.8, 8.8,1017.7, 1017.7,0.0, 0.0,0.0, 0.000,41, 36,9.1, 11.1,59.3, 59.3,8.8, 10.7,68.5, 62.3,1019.8, 1019.8,577.65,283.61,2031.94,32.2323,9.9733,261.4,45.7,1486.45, NAN, NAN, NAN, NAN,,2024/04/07 20:30:48.137,2024-04-07 20:30:48.137000+00:00
2024/04/07, 20:31:48.137,35.948,-75.127,1.74,48.74,42.04,1.83,8.8, 8.8,1017.7, 1017.6,0.0, 0.0,0.0, 0.000,8, 2,8.1, 7.8,60.9, 61.0,7.2, 6.9,58.6, 51.9,1019.8, 1019.7,567.33,284.13,2002.8,32.2283,9.9802,255.5,45.5,1486.47, NAN, NAN, NAN, NAN,,2024/04/07 20:31:48.137,2024-04-07 20:31:48.137000+00:00
2024/04/07, 20:32:48.137,35.948,-75.126,1.55,50.38,59.07,1.37,8.8, 8.8,1017.8, 1017.7,0.0, 0.0,0.0, 0.000,358, 350,7.9, 7.7,61.8, 61.8,7.2, 7.0,47.3, 38.5,1019.9, 1019.8,572.07,284.61,1994.36,32.2202,9.9863,252.4,45.5,1486.482, NAN, NAN, NAN, NAN,,2024/04/07 20:32:48.137,2024-04-07 20:32:48.137000+00:00
2024/04/07, 20:33:48.137,35.948,-75.126,0.96,49.54,47.61,0.9,8.8, 8.8,1017.7, 1017.8,0.0, 0.0,0.0, 0.000,356, 350,7.3, 7.1,65.7, 66.3,6.8, 6.6,45.2, 38.7,1019.8, 1019.9,568.0,284.95,1993.75,32.2185,9.9816,252.4,45.8,1486.463, NAN, NAN, NAN, NAN,,2024/04/07 20:33:48.137,2024-04-07 20:33:48.137000+00:00
2024/04/07, 20:34:48.137,35.948,-75.126,0.29,45.7,27.98,0.49,8.8, 8.9,1017.8, 1017.8,0.0, 0.0,0.0, 0.000,358, 352,6.8, 6.3,66.2, 66.4,6.6, 6.1,44.4, 38.3,1019.9, 1019.9,556.72,284.97,1994.05,32.2202,9.9936,251.6,45.7,1486.509, NAN, NAN, NAN, NAN,,2024/04/07 20:34:48.137,2024-04-07 20:34:48.137000+00:00
2024/04/07, 20:35:48.137,35.948,-75.126,0.22,41.49,44.53,0.23,8.8, 8.9,1017.7, 1017.6,0.0, 0.0,0.0, 0.000,357, 351,6.9, 6.4,66.2, 66.4,6.8, 6.3,38.8, 32.8,1019.8, 1019.7,548.77,285.0,1993.5,32.2164,9.9985,256.4,45.7,1486.522, NAN, NAN, NAN, NAN,,2024/04/07 20:35:48.137,2024-04-07 20:35:48.137000+00:00
2024/04/07, 20:36:48.137,35.948,-75.126,1.03,14.92,2.33,1.77,8.8, 8.8,1017.6, 1017.5,0.0, 0.0,0.0, 0.000,22, 16,6.8, 6.8,65.5, 65.5,6.1, 6.0,41.5, 34.8,1019.7, 1019.6,551.49,284.71,2009.87,32.2171,9.9963,269.2,45.6,1486.515, NAN, NAN, NAN, NAN,,2024/04/07 20:36:48.137,2024-04-07 20:36:48.137000+00:00
2024/04/07, 20:37:48.137,35.949,-75.126,1.97,21.29,36.54,1.77,8.8, 8.8,1017.5, 1017.5,0.0, 0.0,0.0, 0.000,32, 27,6.8, 7.2,65.5, 65.3,6.1, 6.4,58.1, 52.3,1019.6, 1019.6,551.72,284.81,2012.52,32.2134,9.9923,263.5,45.4,1486.496, NAN, NAN, NAN, NAN,,2024/04/07 20:37:48.137,2024-04-07 20:37:48.137000+00:00
2024/04/07, 20:38:48.137,35.949,-75.126,0.82,31.73,30.52,1.04,8.7, 8.8,1017.5, 1017.5,0.0, 0.0,0.0, 0.000,22, 19,6.4, 6.5,64.5, 64.6,5.9, 6.0,55.9, 52.6,1019.6, 1019.6,553.17,285.49,1995.35,32.2167,9.9868,267.2,45.8,1486.48, NAN, NAN, NAN, NAN,,2024/04/07 20:38:48.137,2024-04-07 20:38:48.137000+00:00
2024/04/07, 20:39:48.138,35.95,-75.126,1.22,32.73,35.8,1.06,8.7, 8.8,1017.6, 1017.6,0.0, 0.0,0.0, 0.000,17, 11,7.2, 6.8,66.9, 67.6,6.7, 6.3,51.0, 44.6,1019.7, 1019.7,548.26,285.01,1991.54,32.2176,9.9873,264.8,45.7,1486.483, NAN, NAN, NAN, NAN,,2024/04/07 20:39:48.138,2024-04-07 20:39:48.138000+00:00
2024/04/07, 20:40:48.138,35.95,-75.125,1.19,33.62,27.41,1.0,8.7, 8.8,1017.6, 1017.6,0.0, 0.0,0.0, 0.000,20, 14,8.1, 7.7,61.1, 61.2,7.6, 7.2,54.7, 48.4,1019.7, 1019.7,544.51,284.88,1991.91,32.2183,9.983,260.8,45.7,1486.468, NAN, NAN, NAN, NAN,,2024/04/07 20:40:48.138,2024-04-07 20:40:48.138000+00:00
2024/04/07, 20:41:48.138,35.95,-75.125,0.31,48.11,45.23,0.24,8.7, 8.8,1017.7, 1017.6,0.0, 0.0,0.0, 0.000,359, 353,6.9, 6.7,60.7, 60.4,6.8, 6.6,46.8, 40.7,1019.8, 1019.7,532.38,285.35,1976.64,32.2171,9.9786,264.8,45.7,1486.451, NAN, NAN, NAN, NAN,,2024/04/07 20:41:48.138,2024-04-07 20:41:48.138000+00:00
2024/04/07, 20:42:48.138,35.95,-75.125,0.08,50.06,103.8,0.46,8.8, 8.8,1017.6, 1017.6,0.0, 0.0,0.0, 0.000,353, 347,6.5, 6.5,60.4, 60.4,6.4, 6.4,41.4, 35.3,1019.7, 1019.7,534.63,285.67,1973.25,32.2201,9.9794,268.6,45.4,1486.457, NAN, NAN, NAN, NAN,,2024/04/07 20:42:48.138,2024-04-07 20:42:48.138000+00:00
2024/04/07, 20:43:48.138,35.95,-75.125,0.01,49.53,196.9,0.12,8.8, 8.8,1017.6, 1017.6,0.0, 0.0,0.0, 0.000,356, 350,6.8, 6.6,63.0, 63.2,6.8, 6.6,45.2, 39.1,1019.7, 1019.7,529.59,285.71,1967.54,32.2186,9.9797,272.3,45.3,1486.457, NAN, NAN, NAN, NAN,,2024/04/07 20:43:48.138,2024-04-07 20:43:48.138000+00:00
2024/04/07, 20:44:48.138,35.95,-75.125,0.09,48.22,89.99,0.22,8.8, 8.8,1017.6, 1017.6,0.0, 0.0,0.0, 0.000,0, 354,6.9, 6.7,62.7, 62.7,6.9, 6.7,47.4, 41.3,1019.7, 1019.7,523.45,285.89,1965.86,32.218,9.976,281.6,45.6,1486.442, NAN, NAN, NAN, NAN,,2024/04/07 20:44:48.138,2024-04-07 20:44:48.138000+00:00
2024/04/07, 20:45:48.138,35.95,-75.125,-1.18,50.66,222.44,1.66,8.8, 8.8,1017.6, 1017.6,0.0, 0.0,0.0, 0.000,358, 352,5.9, 5.7,62.9, 63.3,6.7, 6.6,47.8, 42.5,1019.7, 1019.7,523.03,285.96,1959.86,32.2192,9.968,293.7,45.6,1486.415, NAN, NAN, NAN, NAN,,2024/04/07 20:45:48.138,2024-04-07 20:45:48.138000+00:00
2024/04/07, 20:46:48.138,35.949,-75.126,-2.96,53.65,226.66,2.82,8.8, 8.8,1017.6, 1017.6,0.0, 0.0,0.0, 0.000,351, 344,5.2, 5.3,62.8, 63.7,6.6, 6.7,45.0, 39.5,1019.7, 1019.7,523.24,286.45,1954.65,32.2189,9.9635,301.6,45.5,1486.398, NAN, NAN, NAN, NAN,,2024/04/07 20:46:48.138,2024-04-07 20:46:48.138000+00:00
2024/04/07, 20:47:48.138,35.949,-75.126,-2.58,60.32,236.83,2.5,8.8, 8.8,1017.7, 1017.7,0.0, 0.0,0.0, 0.000,352, 347,4.8, 5.1,65.6, 64.1,6.1, 6.4,52.2, 48.2,1019.8, 1019.8,526.86,286.93,1945.39,32.22,9.9556,312.0,45.6,1486.371, NAN, NAN, NAN, NAN,,2024/04/07 20:47:48.138,2024-04-07 20:47:48.138000+00:00
2024/04/07, 20:48:48.138,35.948,-75.127,-2.06,86.0,233.06,2.25,8.8, 8.8,1017.7, 1017.8,0.0, 0.0,0.0, 0.000,337, 331,5.7, 7.0,65.9, 65.7,6.8, 8.1,59.7, 55.1,1019.8, 1019.9,500.03,286.91,1930.58,32.2204,9.9489,326.4,45.4,1486.347, NAN, NAN, NAN, NAN,,2024/04/07 20:48:48.138,2024-04-07 20:48:48.138000+00:00
2024/04/07, 20:49:48.138,35.948,-75.128,-1.15,105.54,221.72,1.34,8.8, 8.8,1017.7, 1017.6,0.0, 0.0,0.0, 0.000,306, 311,5.5, 8.0,63.8, 63.7,6.2, 8.7,51.0, 55.8,1019.8, 1019.7,515.53,287.62,1932.49,32.2079,9.9521,313.2,45.7,1486.344, NAN, NAN, NAN, NAN,,2024/04/07 20:49:48.138,2024-04-07 20:49:48.138000+00:00
2024/04/07, 20:50:48.138,35.948,-75.127,2.36,102.92,137.61,2.46,8.8, 8.8,1017.6, 1017.5,0.0, 0.0,0.0, 0.000,311, 313,7.3, 10.2,63.0, 62.9,7.2, 10.1,44.0, 48.8,1019.7, 1019.6,509.44,286.85,1927.64,32.2204,9.9697,295.5,45.6,1486.423, NAN, NAN, NAN, NAN,,2024/04/07 20:50:48.138,2024-04-07 20:50:48.138000+00:00
2024/04/07, 20:51:48.138,35.947,-75.126,1.82,90.23,109.29,3.46,8.8, 8.8,1017.6, 1017.6,0.0, 0.0,0.0, 0.000,328, 325,8.1, 10.9,63.3, 62.9,7.1, 9.9,47.1, 47.0,1019.7, 1019.7,502.01,286.24,1924.54,32.217,9.9659,280.6,45.4,1486.405, NAN, NAN, NAN, NAN,,2024/04/07 20:51:48.138,2024-04-07 20:51:48.138000+00:00
2024/04/07, 20:52:48.138,35.947,-75.125,3.24,80.24,91.43,4.27,8.8, 8.8,1017.5, 1017.4,0.0, 0.0,0.0, 0.000,333, 329,7.9, 10.4,63.8, 63.7,6.4, 9.0,40.4, 39.4,1019.6, 1019.5,487.04,286.05,1920.43,32.2177,9.9611,263.8,45.4,1486.388, NAN, NAN, NAN, NAN,,2024/04/07 20:52:48.138,2024-04-07 20:52:48.138000+00:00
2024/04/07, 20:53:48.138,35.947,-75.124,3.79,77.76,89.46,3.66,8.8, 8.8,1017.5, 1017.5,0.0, 0.0,0.0, 0.000,340, 334,8.1, 8.2,64.0, 63.7,6.6, 6.8,48.8, 41.7,1019.6, 1019.6,489.16,285.87,1915.77,32.2192,9.949,265.9,45.3,1486.346, NAN, NAN, NAN, NAN,,2024/04/07 20:53:48.138,2024-04-07 20:53:48.138000+00:00
2024/04/07, 20:54:48.138,35.947,-75.122,3.43,72.6,97.76,3.57,8.7, 8.8,1017.5, 1017.4,0.0, 0.0,0.0, 0.000,339, 333,8.3, 8.5,62.1, 61.9,7.0, 7.4,41.5, 35.0,1019.6, 1019.5,488.01,285.5,1912.39,32.2175,9.9388,262.5,45.7,1486.307, NAN, NAN, NAN, NAN,,2024/04/07 20:54:48.138,2024-04-07 20:54:48.138000+00:00
2024/04/07, 20:55:48.139,35.947,-75.121,2.79,71.47,97.72,2.89,8.7, 8.8,1017.6, 1017.5,0.0, 0.0,0.0, 0.000,336, 330,7.1, 8.5,61.6, 61.4,6.2, 7.7,37.4, 32.6,1019.7, 1019.6,484.74,286.3,1908.56,32.2193,9.9203,261.7,45.7,1486.242, NAN, NAN, NAN, NAN,,2024/04/07 20:55:48.139,2024-04-07 20:55:48.139000+00:00
2024/04/07, 20:56:48.139,35.947,-75.12,2.46,72.56,100.75,2.7,8.8, 8.8,1017.5, 1017.4,0.0, 0.0,0.0, 0.000,343, 338,7.2, 7.4,64.2, 64.2,6.2, 6.5,47.2, 41.8,1019.6, 1019.5,481.65,286.03,1906.28,32.2214,9.9092,265.1,45.7,1486.205, NAN, NAN, NAN, NAN,,2024/04/07 20:56:48.139,2024-04-07 20:56:48.139000+00:00
2024/04/07, 20:57:48.139,35.947,-75.12,2.45,74.11,92.87,2.69,8.8, 8.8,1017.5, 1017.5,0.0, 0.0,0.0, 0.000,342, 337,7.3, 7.6,66.3, 64.0,6.3, 6.6,48.5, 43.1,1019.6, 1019.6,479.13,286.28,1904.96,32.2236,9.9055,263.5,45.7,1486.194, NAN, NAN, NAN, NAN,,2024/04/07 20:57:48.139,2024-04-07 20:57:48.139000+00:00
2024/04/07, 20:58:48.139,35.947,-75.119,2.4,64.18,74.44,2.53,8.8, 8.8,1017.6, 1017.5,0.0, 0.0,0.0, 0.000,341, 334,7.1, 7.8,66.3, 65.7,6.1, 6.9,38.4, 31.1,1019.7, 1019.6,488.6,286.27,1901.96,32.2246,9.8978,272.9,45.8,1486.167, NAN, NAN, NAN, NAN,,2024/04/07 20:58:48.139,2024-04-07 20:58:48.139000+00:00
2024/04/07, 20:59:48.139,35.947,-75.118,2.71,59.46,74.57,2.91,8.8, 8.8,1017.5, 1017.5,0.0, 0.0,0.0, 0.000,355, 348,8.3, 8.1,67.4, 67.6,6.9, 6.8,50.5, 42.0,1019.6, 1019.6,481.28,285.5,1902.96,32.2303,9.8948,275.6,45.6,1486.163, NAN, NAN, NAN, NAN,,2024/04/07 20:59:48.139,2024-04-07 20:59:48.139000+00:00
2024/04/07, 21:00:48.139,35.947,-75.117,2.9,58.36,76.1,2.59,8.8, 8.8,1017.5, 1017.4,0.0, 0.0,0.0, 0.000,355, 348,8.3, 8.2,64.2, 64.2,7.1, 7.1,49.5, 41.3,1019.6, 1019.5,479.56,285.36,1899.89,32.2303,9.8866,279.0,45.5,1486.133, NAN, NAN, NAN, NAN,,2024/04/07 21:00:48.139,2024-04-07 21:00:48.139000+00:00
2024/04/07, 21:01:48.139,35.947,-75.116,0.93,49.68,90.16,1.03,8.8, 8.8,1017.4, 1017.4,0.0, 0.0,0.0, 0.000,1, 354,7.8, 7.5,63.8, 62.0,7.4, 7.2,48.0, 40.5,1019.5, 1019.5,456.34,285.4,1902.04,32.2358,9.8793,284.0,45.6,1486.114, NAN, NAN, NAN, NAN,,2024/04/07 21:01:48.139,2024-04-07 21:01:48.139000+00:00
2024/04/07, 21:02:48.139,35.947,-75.116,-0.82,50.27,192.7,1.16,8.7, 8.8,1017.4, 1017.5,0.0, 0.0,0.0, 0.000,3, 357,6.9, 6.8,61.9, 63.6,7.4, 7.3,50.2, 44.6,1019.5, 1019.6,450.39,285.31,1898.79,32.2365,9.8828,280.0,45.7,1486.127, NAN, NAN, NAN, NAN,,2024/04/07 21:02:48.139,2024-04-07 21:02:48.139000+00:00
2024/04/07, 21:03:48.139,35.947,-75.117,-2.54,49.38,222.85,2.67,8.8, 8.8,1017.7, 1017.6,0.0, 0.0,0.0, 0.000,4, 357,5.6, 5.4,63.9, 64.3,7.0, 6.8,51.4, 45.7,1019.8, 1019.7,442.95,285.94,1895.91,32.2379,9.8893,280.6,45.2,1486.152, NAN, NAN, NAN, NAN,,2024/04/07 21:03:48.139,2024-04-07 21:03:48.139000+00:00
2024/04/07, 21:04:48.139,35.946,-75.117,-1.26,48.77,195.89,0.79,8.8, 8.8,1017.6, 1017.5,0.0, 0.0,0.0, 0.000,8, 2,6.0, 5.8,64.1, 64.4,6.4, 6.2,55.7, 50.1,1019.7, 1019.6,431.31,286.02,1887.41,32.2417,9.8927,294.7,45.4,1486.169, NAN, NAN, NAN, NAN,,2024/04/07 21:04:48.139,2024-04-07 21:04:48.139000+00:00
2024/04/07, 21:05:48.139,35.946,-75.117,-0.08,48.42,113.93,0.15,8.8, 8.8,1017.5, 1017.4,0.0, 0.0,0.0, 0.000,358, 351,6.9, 6.6,66.6, 66.5,6.9, 6.6,45.8, 38.8,1019.6, 1019.5,428.7,285.9,1884.03,32.2447,9.8916,297.7,45.2,1486.169, NAN, NAN, NAN, NAN,,2024/04/07 21:05:48.139,2024-04-07 21:05:48.139000+00:00
2024/04/07, 21:06:48.139,35.946,-75.117,-0.01,48.56,219.83,0.01,8.8, 8.8,1017.5, 1017.5,0.0, 0.0,0.0, 0.000,3, 356,7.1, 6.9,63.5, 63.6,7.1, 6.9,51.6, 44.6,1019.6, 1019.6,425.91,285.8,1881.44,32.2472,9.8863,294.4,45.2,1486.153, NAN, NAN, NAN, NAN,,2024/04/07 21:06:48.139,2024-04-07 21:06:48.139000+00:00
2024/04/07, 21:07:48.139,35.946,-75.117,-0.01,48.95,332.86,0.33,8.8, 8.8,1017.5, 1017.4,0.0, 0.0,0.0, 0.000,0, 353,6.6, 6.3,63.2, 63.3,6.6, 6.2,50.4, 43.4,1019.6, 1019.5,419.93,285.87,1875.87,32.2444,9.8774,294.7,45.4,1486.117, NAN, NAN, NAN, NAN,,2024/04/07 21:07:48.139,2024-04-07 21:07:48.139000+00:00
2024/04/07, 21:08:48.139,35.946,-75.117,0.01,48.14,359.87,0.02,8.8, 8.8,1017.5, 1017.6,0.0, 0.0,0.0, 0.000,4, 357,6.5, 6.2,64.2, 64.0,6.5, 6.2,52.2, 45.2,1019.6, 1019.7,417.79,285.88,1871.95,32.2461,9.8665,314.2,45.4,1486.08, NAN, NAN, NAN, NAN,,2024/04/07 21:08:48.139,2024-04-07 21:08:48.139000+00:00
2024/04/07, 21:09:48.139,35.946,-75.117,0.01,48.88,53.86,0.19,8.8, 8.8,1017.5, 1017.5,0.0, 0.0,0.0, 0.000,6, 359,6.7, 6.6,64.8, 64.3,6.6, 6.5,55.3, 48.2,1019.6, 1019.6,412.56,285.63,1866.64,32.2452,9.8563,331.0,45.6,1486.042, NAN, NAN, NAN, NAN,,2024/04/07 21:09:48.139,2024-04-07 21:09:48.139000+00:00
2024/04/07, 21:10:48.139,35.946,-75.117,0.01,49.34,250.59,0.16,8.8, 8.9,1017.7, 1017.6,0.0, 0.0,0.0, 0.000,1, 355,6.9, 6.6,65.4, 64.1,7.0, 6.7,50.4, 44.5,1019.8, 1019.7,411.0,285.52,1862.15,32.2455,9.8463,339.8,45.6,1486.006, NAN, NAN, NAN, NAN,,2024/04/07 21:10:48.139,2024-04-07 21:10:48.139000+00:00
2024/04/07, 21:11:48.140,35.946,-75.117,0.01,48.6,352.91,0.11,8.8, 8.9,1017.6, 1017.6,0.0, 0.0,0.0, 0.000,359, 353,6.8, 6.6,64.6, 64.7,6.8, 6.6,48.1, 42.1,1019.7, 1019.7,408.8,285.69,1858.25,32.2426,9.8431,341.2,45.7,1485.99, NAN, NAN, NAN, NAN,,2024/04/07 21:11:48.140,2024-04-07 21:11:48.140000+00:00
2024/04/07, 21:12:48.140,35.946,-75.117,0.0,49.24,83.65,0.05,8.8, 8.9,1017.6, 1017.6,0.0, 0.0,0.0, 0.000,5, 358,6.5, 6.4,66.7, 66.9,6.5, 6.4,54.2, 47.1,1019.7, 1019.7,404.23,285.8,1852.3,32.2443,9.8592,344.9,45.8,1486.051, NAN, NAN, NAN, NAN,,2024/04/07 21:12:48.140,2024-04-07 21:12:48.140000+00:00
2024/04/07, 21:13:48.140,35.946,-75.117,0.01,49.17,314.81,0.14,8.9, 8.9,1017.6, 1017.6,0.0, 0.0,0.0, 0.000,1, 355,6.3, 6.1,68.7, 68.7,6.3, 6.0,50.7, 44.6,1019.7, 1019.7,403.81,286.45,1847.87,32.243,9.8651,356.6,45.9,1486.071, NAN, NAN, NAN, NAN,,2024/04/07 21:13:48.140,2024-04-07 21:13:48.140000+00:00
2024/04/07, 21:14:48.140,35.946,-75.117,-0.01,49.25,240.06,0.22,8.9, 8.9,1017.6, 1017.6,0.0, 0.0,0.0, 0.000,2, 356,5.8, 5.9,67.5, 67.7,5.9, 6.0,51.6, 45.7,1019.7, 1019.7,400.56,286.01,1843.45,32.2437,9.8675,357.4,45.8,1486.08, NAN, NAN, NAN, NAN,,2024/04/07 21:14:48.140,2024-04-07 21:14:48.140000+00:00
2024/04/07, 21:15:48.140,35.946,-75.117,0.0,49.22,140.12,0.11,8.8, 8.9,1017.7, 1017.6,0.0, 0.0,0.0, 0.000,1, 354,6.3, 6.1,66.6, 67.5,6.3, 6.1,49.8, 42.8,1019.8, 1019.7,395.58,286.16,1839.81,32.246,9.8681,358.0,45.4,1486.085, NAN, NAN, NAN, NAN,,2024/04/07 21:15:48.140,2024-04-07 21:15:48.140000+00:00
2024/04/07, 21:16:48.140,35.946,-75.117,-0.04,49.76,93.66,0.13,8.8, 8.9,1017.7, 1017.6,0.0, 0.0,0.0, 0.000,359, 353,6.5, 6.3,66.5, 66.8,6.5, 6.3,48.2, 42.2,1019.8, 1019.7,393.87,285.8,1833.17,32.2428,9.864,364.1,45.2,1486.067, NAN, NAN, NAN, NAN,,2024/04/07 21:16:48.140,2024-04-07 21:16:48.140000+00:00
2024/04/07, 21:17:48.140,35.946,-75.117,0.09,48.84,341.76,0.13,8.8, 8.9,1017.7, 1017.6,0.0, 0.0,0.0, 0.000,358, 351,6.4, 6.1,66.9, 67.1,6.4, 6.1,47.4, 40.4,1019.8, 1019.7,398.33,286.0,1829.17,32.2455,9.8586,351.6,45.5,1486.05, NAN, NAN, NAN, NAN,,2024/04/07 21:17:48.140,2024-04-07 21:17:48.140000+00:00
2024/04/07, 21:18:48.140,35.946,-75.117,0.01,49.04,126.62,0.12,8.8, 8.9,1017.7, 1017.7,0.0, 0.0,0.0, 0.000,359, 353,5.7, 5.3,68.7, 68.6,5.8, 5.4,48.3, 42.4,1019.8, 1019.8,392.36,285.96,1821.66,32.2467,9.8614,347.2,45.6,1486.062, NAN, NAN, NAN, NAN,,2024/04/07 21:18:48.140,2024-04-07 21:18:48.140000+00:00
2024/04/07, 21:19:48.140,35.946,-75.117,-0.03,49.58,77.39,0.16,8.8, 8.9,1017.7, 1017.6,0.0, 0.0,0.0, 0.000,3, 357,6.7, 6.5,67.2, 67.4,6.6, 6.4,52.1, 46.0,1019.8, 1019.7,385.34,285.62,1818.09,32.2484,9.8623,339.5,45.2,1486.067, NAN, NAN, NAN, NAN,,2024/04/07 21:19:48.140,2024-04-07 21:19:48.140000+00:00
2024/04/07, 21:20:48.140,35.946,-75.117,0.08,48.99,72.26,0.1,8.8, 8.9,1017.7, 1017.7,0.0, 0.0,0.0, 0.000,3, 358,6.1, 6.1,65.8, 65.7,6.1, 6.1,52.3, 47.3,1019.8, 1019.8,392.11,285.68,1816.18,32.2469,9.8597,340.1,45.9,1486.056, NAN, NAN, NAN, NAN,,2024/04/07 21:20:48.140,2024-04-07 21:20:48.140000+00:00
2024/04/07, 21:21:48.140,35.946,-75.117,-0.03,49.04,253.94,0.18,8.8, 8.9,1017.6, 1017.8,0.0, 0.0,0.0, 0.000,8, 1,5.9, 5.5,66.0, 67.9,6.0, 5.6,57.5, 50.6,1019.7, 1019.9,385.37,286.04,1808.67,32.2479,9.8542,340.8,45.9,1486.037, NAN, NAN, NAN, NAN,,2024/04/07 21:21:48.140,2024-04-07 21:21:48.140000+00:00
2024/04/07, 21:22:48.140,35.946,-75.117,0.02,48.62,77.98,0.08,8.8, 8.9,1017.6, 1017.6,0.0, 0.0,0.0, 0.000,6, 0,6.1, 5.9,67.1, 67.0,6.1, 5.9,54.4, 48.4,1019.7, 1019.7,390.17,285.77,1803.54,32.248,9.8491,343.5,45.9,1486.019, NAN, NAN, NAN, NAN,,2024/04/07 21:22:48.140,2024-04-07 21:22:48.140000+00:00
2024/04/07, 21:23:48.140,35.946,-75.117,-0.02,49.87,60.62,0.12,8.9, 8.9,1017.6, 1017.6,0.0, 0.0,0.0, 0.000,5, 358,5.7, 5.5,68.0, 67.9,5.6, 5.4,54.8, 47.8,1019.7, 1019.7,381.75,286.09,1798.05,32.248,9.8541,344.6,45.8,1486.037, NAN, NAN, NAN, NAN,,2024/04/07 21:23:48.140,2024-04-07 21:23:48.140000+00:00
2024/04/07, 21:24:48.140,35.946,-75.117,-0.04,49.9,246.08,0.05,8.9, 8.9,1017.8, 1017.8,0.0, 0.0,0.0, 0.000,6, 0,5.7, 5.6,68.6, 68.5,5.7, 5.6,55.9, 49.9,1019.9, 1019.9,378.14,285.85,1792.23,32.2478,9.8537,345.2,45.6,1486.035, NAN, NAN, NAN, NAN,,2024/04/07 21:24:48.140,2024-04-07 21:24:48.140000+00:00
2024/04/07, 21:25:48.140,35.946,-75.117,0.05,48.73,72.44,0.15,8.9, 8.9,1017.7, 1017.6,0.0, 0.0,0.0, 0.000,6, 0,5.8, 5.6,67.6, 67.6,5.7, 5.5,54.6, 48.6,1019.8, 1019.7,384.46,286.18,1789.66,32.2453,9.8511,338.5,45.7,1486.023, NAN, NAN, NAN, NAN,,2024/04/07 21:25:48.140,2024-04-07 21:25:48.140000+00:00
2024/04/07, 21:26:48.141,35.946,-75.117,0.02,49.37,316.56,0.12,8.9, 8.9,1017.8, 1017.8,0.0, 0.0,0.0, 0.000,5, 357,6.1, 5.9,68.5, 67.9,6.1, 5.9,54.9, 46.9,1019.9, 1019.9,378.73,286.02,1782.54,32.2529,9.8489,343.2,45.7,1486.024, NAN, NAN, NAN, NAN,,2024/04/07 21:26:48.141,2024-04-07 21:26:48.141000+00:00
2024/04/07, 21:27:48.141,35.946,-75.117,-0.02,48.85,81.51,0.17,8.9, 8.9,1017.7, 1017.6,0.0, 0.0,0.0, 0.000,4, 357,5.9, 5.6,68.5, 68.7,5.9, 5.6,52.1, 45.1,1019.8, 1019.7,378.9,286.22,1777.57,32.2473,9.849,347.6,45.7,1486.018, NAN, NAN, NAN, NAN,,2024/04/07 21:27:48.141,2024-04-07 21:27:48.141000+00:00
2024/04/07, 21:28:48.141,35.946,-75.117,-0.02,50.01,86.44,0.07,8.9, 8.9,1017.7, 1017.7,0.0, 0.0,0.0, 0.000,7, 0,5.3, 5.4,69.1, 69.3,5.3, 5.4,56.9, 50.0,1019.8, 1019.8,362.81,286.81,1767.77,32.2482,9.8474,350.5,45.5,1486.013, NAN, NAN, NAN, NAN,,2024/04/07 21:28:48.141,2024-04-07 21:28:48.141000+00:00
2024/04/07, 21:29:48.141,35.946,-75.117,0.03,49.88,241.83,0.08,8.9, 8.9,1017.7, 1017.7,0.0, 0.0,0.0, 0.000,13, 5,5.6, 5.4,68.8, 68.7,5.6, 5.4,62.5, 54.4,1019.8, 1019.8,370.99,286.23,1763.32,32.2475,9.8475,357.4,45.6,1486.012, NAN, NAN, NAN, NAN,,2024/04/07 21:29:48.141,2024-04-07 21:29:48.141000+00:00
2024/04/07, 21:30:48.141,35.946,-75.117,0.02,50.03,159.81,0.04,8.9, 9.0,1017.8, 1017.7,0.0, 0.0,0.0, 0.000,7, 1,5.1, 4.9,69.9, 69.9,5.1, 4.9,57.0, 51.0,1019.9, 1019.8,369.23,286.66,1759.81,32.2507,9.8442,357.7,45.6,1486.004, NAN, NAN, NAN, NAN,,2024/04/07 21:30:48.141,2024-04-07 21:30:48.141000+00:00
2024/04/07, 21:31:48.141,35.946,-75.117,0.02,49.46,249.55,0.1,8.9, 9.0,1017.8, 1017.7,0.0, 0.0,0.0, 0.000,5, 359,5.0, 4.6,69.5, 69.4,5.1, 4.7,54.3, 48.4,1019.9, 1019.8,364.63,286.43,1751.91,32.2483,9.8416,365.4,45.5,1485.992, NAN, NAN, NAN, NAN,,2024/04/07 21:31:48.141,2024-04-07 21:31:48.141000+00:00
2024/04/07, 21:32:48.141,35.946,-75.117,0.02,49.17,55.28,0.09,9.0, 9.0,1017.7, 1017.7,0.0, 0.0,0.0, 0.000,13, 9,4.7, 4.7,70.1, 69.9,4.7, 4.7,61.9, 57.9,1019.8, 1019.8,364.24,286.88,1746.22,32.2578,9.8413,367.8,45.6,1486.002, NAN, NAN, NAN, NAN,,2024/04/07 21:32:48.141,2024-04-07 21:32:48.141000+00:00
2024/04/07, 21:33:48.141,35.946,-75.117,0.0,49.68,148.55,0.18,9.0, 9.0,1017.7, 1017.7,0.0, 0.0,0.0, 0.000,8, 2,5.6, 5.4,70.4, 70.3,5.5, 5.4,56.9, 50.8,1019.8, 1019.8,362.11,286.42,1745.38,32.2492,9.8474,360.0,45.8,1486.014, NAN, NAN, NAN, NAN,,2024/04/07 21:33:48.141,2024-04-07 21:33:48.141000+00:00
2024/04/07, 21:34:48.141,35.946,-75.117,-0.06,49.47,13.41,0.24,9.0, 9.0,1017.8, 1017.8,0.0, 0.0,0.0, 0.000,5, 358,5.8, 5.6,67.9, 67.7,5.7, 5.5,55.6, 48.5,1019.9, 1019.9,353.64,286.18,1737.93,32.2506,9.8529,356.3,45.7,1486.036, NAN, NAN, NAN, NAN,,2024/04/07 21:34:48.141,2024-04-07 21:34:48.141000+00:00
2024/04/07, 21:35:48.141,35.946,-75.117,-0.06,50.01,176.36,0.09,9.0, 9.0,1017.7, 1017.7,0.0, 0.0,0.0, 0.000,7, 0,4.9, 4.7,64.8, 64.2,4.9, 4.7,56.7, 49.8,1019.8, 1019.8,351.25,286.04,1733.63,32.2469,9.8533,362.0,45.8,1486.033, NAN, NAN, NAN, NAN,,2024/04/07 21:35:48.141,2024-04-07 21:35:48.141000+00:00
2024/04/07, 21:36:48.141,35.946,-75.117,0.06,49.83,289.94,0.21,9.0, 9.1,1017.7, 1017.7,0.0, 0.0,0.0, 0.000,6, 0,5.5, 5.3,64.8, 64.6,5.5, 5.3,56.9, 51.0,1019.8, 1019.8,346.99,286.33,1726.59,32.2483,9.844,364.1,45.8,1486.001, NAN, NAN, NAN, NAN,,2024/04/07 21:36:48.141,2024-04-07 21:36:48.141000+00:00
2024/04/07, 21:37:48.141,35.946,-75.117,-0.02,49.35,122.35,0.12,9.1, 9.1,1017.8, 1017.8,0.0, 0.0,0.0, 0.000,7, 1,6.1, 6.0,63.2, 63.4,6.1, 6.0,56.0, 49.9,1019.9, 1019.9,346.15,285.82,1719.18,32.2499,9.8382,360.0,45.4,1485.982, NAN, NAN, NAN, NAN,,2024/04/07 21:37:48.141,2024-04-07 21:37:48.141000+00:00
2024/04/07, 21:38:48.141,35.946,-75.117,-0.01,49.16,37.03,0.08,9.1, 9.1,1017.8, 1017.7,0.0, 0.0,0.0, 0.000,4, 358,5.5, 5.2,61.5, 61.7,5.5, 5.2,53.3, 47.3,1019.9, 1019.8,340.5,286.08,1710.37,32.2499,9.8357,355.0,45.8,1485.972, NAN, NAN, NAN, NAN,,2024/04/07 21:38:48.141,2024-04-07 21:38:48.141000+00:00
2024/04/07, 21:39:48.141,35.946,-75.117,0.02,50.34,341.77,0.12,9.1, 9.1,1017.8, 1017.7,0.0, 0.0,0.0, 0.000,2, 356,5.1, 5.0,63.0, 63.1,5.1, 5.0,52.8, 46.8,1019.9, 1019.8,338.75,286.06,1703.92,32.2487,9.8302,355.3,45.9,1485.951, NAN, NAN, NAN, NAN,,2024/04/07 21:39:48.141,2024-04-07 21:39:48.141000+00:00
2024/04/07, 21:40:48.141,35.946,-75.117,0.04,50.06,69.55,0.23,9.1, 9.1,1017.5, 1017.5,0.0, 0.0,0.0, 0.000,3, 356,5.4, 5.1,64.3, 64.4,5.3, 5.0,52.8, 45.6,1019.6, 1019.6,331.4,286.24,1697.95,32.2528,9.8241,361.7,45.7,1485.934, NAN, NAN, NAN, NAN,,2024/04/07 21:40:48.141,2024-04-07 21:40:48.141000+00:00
2024/04/07, 21:41:48.141,35.946,-75.117,0.0,49.01,246.57,0.12,9.1, 9.2,1017.7, 1017.6,0.0, 0.0,0.0, 0.000,3, 356,5.2, 5.1,63.6, 63.8,5.3, 5.2,52.2, 45.3,1019.8, 1019.7,326.38,286.07,1693.41,32.2508,9.8193,357.7,46.1,1485.914, NAN, NAN, NAN, NAN,,2024/04/07 21:41:48.141,2024-04-07 21:41:48.141000+00:00
2024/04/07, 21:42:48.142,35.946,-75.117,0.01,50.65,234.28,0.23,9.1, 9.2,1017.7, 1017.7,0.0, 0.0,0.0, 0.000,3, 356,5.1, 5.0,65.9, 65.7,5.2, 5.1,53.3, 46.5,1019.8, 1019.8,323.84,286.52,1683.41,32.2511,9.8167,360.3,46.2,1485.905, NAN, NAN, NAN, NAN,,2024/04/07 21:42:48.142,2024-04-07 21:42:48.142000+00:00
2024/04/07, 21:43:48.142,35.946,-75.117,0.01,49.87,205.19,0.06,9.1, 9.2,1017.8, 1017.8,0.0, 0.0,0.0, 0.000,4, 356,5.2, 5.0,65.9, 66.1,5.2, 5.0,53.7, 45.8,1019.9, 1019.9,318.22,286.22,1677.98,32.25,9.8168,371.6,46.1,1485.904, NAN, NAN, NAN, NAN,,2024/04/07 21:43:48.142,2024-04-07 21:43:48.142000+00:00
2024/04/07, 21:44:48.142,35.946,-75.117,-0.03,49.4,89.05,0.17,9.1, 9.2,1017.7, 1017.7,0.0, 0.0,0.0, 0.000,6, 359,5.5, 5.3,64.3, 64.2,5.5, 5.3,54.5, 47.5,1019.8, 1019.8,315.64,286.22,1674.49,32.2492,9.8204,370.5,46.0,1485.916, NAN, NAN, NAN, NAN,,2024/04/07 21:44:48.142,2024-04-07 21:44:48.142000+00:00
2024/04/07, 21:45:48.142,35.946,-75.117,0.01,50.09,48.76,0.09,9.1, 9.2,1017.8, 1017.7,0.0, 0.0,0.0, 0.000,9, 2,5.5, 5.3,62.1, 62.3,5.5, 5.3,59.1, 52.1,1019.9, 1019.8,311.95,286.24,1663.43,32.2506,9.8185,372.8,45.9,1485.911, NAN, NAN, NAN, NAN,,2024/04/07 21:45:48.142,2024-04-07 21:45:48.142000+00:00
2024/04/07, 21:46:48.142,35.946,-75.117,-0.02,50.41,289.92,0.11,9.2, 9.2,1017.7, 1017.7,0.0, 0.0,0.0, 0.000,9, 2,4.9, 4.8,63.1, 63.1,4.9, 4.8,59.9, 53.0,1019.8, 1019.8,305.54,286.22,1655.35,32.2513,9.8228,378.0,45.8,1485.927, NAN, NAN, NAN, NAN,,2024/04/07 21:46:48.142,2024-04-07 21:46:48.142000+00:00
2024/04/07, 21:47:48.142,35.946,-75.117,0.02,50.09,56.01,0.07,9.2, 9.2,1017.7, 1017.7,0.0, 0.0,0.0, 0.000,10, 3,5.2, 5.0,63.1, 63.1,5.2, 5.0,59.8, 52.7,1019.8, 1019.8,304.53,286.25,1650.7,32.2496,9.8303,370.2,46.2,1485.953, NAN, NAN, NAN, NAN,,2024/04/07 21:47:48.142,2024-04-07 21:47:48.142000+00:00
2024/04/07, 21:48:48.142,35.946,-75.117,-0.03,50.92,50.06,0.03,9.2, 9.2,1017.6, 1017.6,0.0, 0.0,0.0, 0.000,9, 4,5.1, 5.0,63.8, 63.8,5.1, 5.0,59.8, 54.8,1019.7, 1019.7,297.28,286.55,1638.03,32.2485,9.8275,373.2,45.9,1485.941, NAN, NAN, NAN, NAN,,2024/04/07 21:48:48.142,2024-04-07 21:48:48.142000+00:00
2024/04/07, 21:49:48.142,35.946,-75.117,0.08,49.42,259.35,0.12,9.2, 9.3,1017.7, 1017.8,0.0, 0.0,0.0, 0.000,10, 3,4.8, 4.6,64.0, 66.2,4.9, 4.7,59.6, 52.7,1019.8, 1019.9,296.22,286.54,1634.38,32.2483,9.8243,368.8,46.0,1485.929, NAN, NAN, NAN, NAN,,2024/04/07 21:49:48.142,2024-04-07 21:49:48.142000+00:00
2024/04/07, 21:50:48.142,35.946,-75.117,-0.01,50.07,255.24,0.1,9.2, 9.3,1017.7, 1017.6,0.0, 0.0,0.0, 0.000,14, 6,4.9, 4.6,66.7, 67.0,4.9, 4.6,64.3, 56.4,1019.8, 1019.7,292.09,286.43,1624.84,32.2505,9.8236,370.2,45.9,1485.929, NAN, NAN, NAN, NAN,,2024/04/07 21:50:48.142,2024-04-07 21:50:48.142000+00:00
2024/04/07, 21:51:48.142,35.946,-75.117,0.0,49.58,114.77,0.08,9.2, 9.3,1017.8, 1017.7,0.0, 0.0,0.0, 0.000,15, 7,4.4, 4.2,67.2, 67.3,4.4, 4.2,64.1, 56.0,1019.9, 1019.8,289.05,286.88,1619.3,32.2531,9.821,369.7,45.9,1485.923, NAN, NAN, NAN, NAN,,2024/04/07 21:51:48.142,2024-04-07 21:51:48.142000+00:00
2024/04/07, 21:52:48.142,35.946,-75.117,0.01,50.94,268.46,0.05,9.2, 9.3,1017.7, 1017.7,0.0, 0.0,0.0, 0.000,15, 9,4.8, 4.5,67.1, 67.3,4.8, 4.5,66.1, 60.2,1019.8, 1019.8,281.73,286.78,1609.1,32.2516,9.8149,362.7,46.2,1485.899, NAN, NAN, NAN, NAN,,2024/04/07 21:52:48.142,2024-04-07 21:52:48.142000+00:00
2024/04/07, 21:53:48.142,35.946,-75.117,-0.02,49.92,77.72,0.04,9.2, 9.3,1017.8, 1017.8,0.0, 0.0,0.0, 0.000,17, 10,5.7, 5.3,67.2, 67.3,5.7, 5.3,66.8, 59.8,1019.9, 1019.9,278.16,286.59,1600.41,32.2512,9.8164,371.5,46.2,1485.904, NAN, NAN, NAN, NAN,,2024/04/07 21:53:48.142,2024-04-07 21:53:48.142000+00:00
2024/04/07, 21:54:48.142,35.946,-75.117,-0.02,50.03,58.93,0.15,9.2, 9.3,1017.7, 1017.8,0.0, 0.0,0.0, 0.000,19, 14,5.3, 5.0,66.8, 66.9,5.2, 4.9,68.9, 63.9,1019.8, 1019.9,273.48,286.55,1592.92,32.252,9.8159,373.9,46.1,1485.903, NAN, NAN, NAN, NAN,,2024/04/07 21:54:48.142,2024-04-07 21:54:48.142000+00:00
2024/04/07, 21:55:48.142,35.946,-75.117,0.03,45.23,312.28,0.14,9.2, 9.3,1017.7, 1017.8,0.0, 0.0,0.0, 0.000,13, 6,5.2, 4.9,66.6, 66.9,5.2, 4.9,59.0, 52.1,1019.8, 1019.9,271.58,286.47,1587.8,32.255,9.8133,367.5,46.1,1485.897, NAN, NAN, NAN, NAN,,2024/04/07 21:55:48.142,2024-04-07 21:55:48.142000+00:00
2024/04/07, 21:56:48.142,35.946,-75.117,-0.01,41.71,336.22,0.03,9.3, 9.3,1017.8, 1017.8,0.0, 0.0,0.0, 0.000,22, 17,4.7, 4.6,67.5, 67.5,4.7, 4.6,63.7, 58.7,1019.9, 1019.9,265.94,286.1,1583.91,32.2519,9.8173,371.6,45.9,1485.908, NAN, NAN, NAN, NAN,,2024/04/07 21:56:48.142,2024-04-07 21:56:48.142000+00:00
2024/04/07, 21:57:48.143,35.946,-75.117,-0.02,40.58,73.87,0.08,9.2, 9.3,1017.8, 1017.8,0.0, 0.0,0.0, 0.000,19, 13,4.6, 4.3,67.0, 67.0,4.6, 4.3,59.7, 53.6,1019.9, 1019.9,260.38,286.17,1571.0,32.2495,9.8217,372.4,45.7,1485.921, NAN, NAN, NAN, NAN,,2024/04/07 21:57:48.143,2024-04-07 21:57:48.143000+00:00
2024/04/07, 21:58:48.143,35.946,-75.117,0.01,34.05,108.94,0.17,9.3, 9.3,1017.7, 1017.7,0.0, 0.0,0.0, 0.000,28, 24,3.8, 4.0,67.3, 67.3,3.8, 4.0,60.8, 56.8,1019.8, 1019.8,258.16,286.44,1570.05,32.2531,9.8216,382.4,45.7,1485.925, NAN, NAN, NAN, NAN,,2024/04/07 21:58:48.143,2024-04-07 21:58:48.143000+00:00
2024/04/07, 21:59:48.143,35.946,-75.117,0.03,33.58,113.13,0.12,9.3, 9.3,1017.8, 1017.7,0.0, 0.0,0.0, 0.000,26, 19,4.7, 4.4,68.0, 67.4,4.6, 4.4,59.2, 52.1,1019.9, 1019.8,251.37,286.38,1563.95,32.251,9.8209,379.0,46.2,1485.92, NAN, NAN, NAN, NAN,,2024/04/07 21:59:48.143,2024-04-07 21:59:48.143000+00:00
2024/04/07, 22:00:48.143,35.946,-75.117,0.03,34.13,100.46,0.13,9.3, 9.3,1017.8, 1017.8,0.0, 0.0,0.0, 0.000,28, 22,4.4, 4.1,68.1, 68.2,4.3, 4.0,61.7, 55.6,1019.9, 1019.9,245.78,285.97,1551.37,32.25,9.8208,380.3,46.2,1485.918, NAN, NAN, NAN, NAN,,2024/04/07 22:00:48.143,2024-04-07 22:00:48.143000+00:00
2024/04/07, 22:01:48.143,35.946,-75.117,-0.07,34.17,16.95,0.08,9.2, 9.3,1017.7, 1017.8,0.0, 0.0,0.0, 0.000,27, 21,5.1, 4.8,64.5, 64.5,5.1, 4.8,61.2, 55.1,1019.8, 1019.9,243.77,285.73,1541.25,32.2516,9.8195,383.3,46.1,1485.916, NAN, NAN, NAN, NAN,,2024/04/07 22:01:48.143,2024-04-07 22:01:48.143000+00:00
2024/04/07, 22:02:48.143,35.946,-75.117,0.01,34.21,30.09,0.08,9.2, 9.3,1017.7, 1017.8,0.0, 0.0,0.0, 0.000,33, 26,4.2, 4.9,64.8, 64.7,4.2, 4.9,67.7, 60.6,1019.8, 1019.9,238.92,286.0,1533.04,32.2499,9.8185,384.1,46.1,1485.91, NAN, NAN, NAN, NAN,,2024/04/07 22:02:48.143,2024-04-07 22:02:48.143000+00:00
2024/04/07, 22:03:48.143,35.946,-75.117,-0.01,33.58,220.43,0.08,9.3, 9.3,1017.8, 1017.8,0.0, 0.0,0.0, 0.000,36, 29,4.1, 5.3,67.0, 66.8,4.1, 5.3,69.1, 62.2,1019.9, 1019.9,235.92,285.7,1523.96,32.2524,9.8167,381.1,45.7,1485.907, NAN, NAN, NAN, NAN,,2024/04/07 22:03:48.143,2024-04-07 22:03:48.143000+00:00
2024/04/07, 22:04:48.143,35.946,-75.117,0.0,33.79,185.92,0.09,9.2, 9.3,1017.8, 1017.8,0.0, 0.0,0.0, 0.000,31, 25,4.8, 5.1,63.9, 64.0,4.8, 5.1,64.3, 58.4,1019.9, 1019.9,233.63,286.09,1516.48,32.2509,9.816,385.7,45.9,1485.902, NAN, NAN, NAN, NAN,,2024/04/07 22:04:48.143,2024-04-07 22:04:48.143000+00:00
2024/04/07, 22:05:48.143,35.946,-75.117,-0.03,34.78,39.38,0.04,9.3, 9.3,1017.7, 1017.7,0.0, 0.0,0.0, 0.000,34, 28,3.7, 5.1,65.4, 64.1,3.7, 5.1,68.9, 62.8,1019.8, 1019.8,227.44,285.91,1503.79,32.2519,9.8125,384.4,46.0,1485.891, NAN, NAN, NAN, NAN,,2024/04/07 22:05:48.143,2024-04-07 22:05:48.143000+00:00
2024/04/07, 22:06:48.143,35.946,-75.117,0.01,35.03,351.96,0.19,9.3, 9.3,1017.6, 1017.6,0.0, 0.0,0.0, 0.000,38, 32,3.5, 5.1,65.6, 65.6,3.4, 5.0,74.4, 67.9,1019.7, 1019.7,222.63,285.96,1490.13,32.2567,9.8083,385.7,45.7,1485.881, NAN, NAN, NAN, NAN,,2024/04/07 22:06:48.143,2024-04-07 22:06:48.143000+00:00
2024/04/07, 22:07:48.143,35.946,-75.117,0.08,30.94,250.76,0.19,9.3, 9.3,1017.7, 1017.6,0.0, 0.0,0.0, 0.000,28, 23,5.2, 5.0,64.9, 64.9,5.3, 5.1,59.5, 54.6,1019.8, 1019.7,216.63,285.57,1484.15,32.2507,9.8071,385.4,45.5,1485.87, NAN, NAN, NAN, NAN,,2024/04/07 22:07:48.143,2024-04-07 22:07:48.143000+00:00
2024/04/07, 22:08:48.143,35.946,-75.117,0.03,29.36,330.82,0.17,9.3, 9.3,1017.8, 1017.8,0.0, 0.0,0.0, 0.000,38, 30,4.4, 5.5,64.7, 64.5,4.3, 5.4,68.3, 60.0,1019.9, 1019.9,215.81,286.05,1477.41,32.2528,9.81,387.0,46.0,1485.883, NAN, NAN, NAN, NAN,,2024/04/07 22:08:48.143,2024-04-07 22:08:48.143000+00:00
2024/04/07, 22:09:48.143,35.946,-75.117,-0.03,32.48,227.5,0.11,9.3, 9.3,1017.8, 1017.8,0.0, 0.0,0.0, 0.000,32, 26,3.9, 4.3,65.1, 65.1,4.0, 4.4,64.1, 58.2,1019.9, 1019.9,212.26,285.8,1463.76,32.2535,9.8105,388.1,46.1,1485.885, NAN, NAN, NAN, NAN,,2024/04/07 22:09:48.143,2024-04-07 22:09:48.143000+00:00
2024/04/07, 22:10:48.143,35.946,-75.117,0.05,33.81,301.61,0.17,9.3, 9.3,1017.8, 1017.8,0.0, 0.0,0.0, 0.000,32, 27,3.4, 4.1,66.2, 66.6,3.4, 4.1,67.1, 62.0,1019.9, 1019.9,208.22,285.99,1446.54,32.2516,9.8098,386.4,46.0,1485.88, NAN, NAN, NAN, NAN,,2024/04/07 22:10:48.143,2024-04-07 22:10:48.143000+00:00
2024/04/07, 22:11:48.143,35.946,-75.117,0.04,32.36,350.14,0.15,9.3, 9.3,1017.8, 1017.8,0.0, 0.0,0.0, 0.000,34, 28,3.9, 4.6,66.1, 66.6,3.9, 4.6,67.5, 61.3,1019.9, 1019.9,204.6,286.15,1441.48,32.2487,9.8098,386.4,46.2,1485.877, NAN, NAN, NAN, NAN,,2024/04/07 22:11:48.143,2024-04-07 22:11:48.143000+00:00
2024/04/07, 22:12:48.143,35.946,-75.117,-0.04,32.45,200.71,0.08,9.3, 9.3,1017.9, 1017.8,0.0, 0.0,0.0, 0.000,36, 30,3.4, 4.6,66.9, 66.8,3.4, 4.6,68.3, 62.4,1020.0, 1019.9,200.98,286.1,1426.6,32.2507,9.8082,387.5,46.0,1485.874, NAN, NAN, NAN, NAN,,2024/04/07 22:12:48.143,2024-04-07 22:12:48.143000+00:00
2024/04/07, 22:13:48.144,35.946,-75.117,-0.02,33.39,173.0,0.1,9.3, 9.3,1017.9, 1017.8,0.0, 0.0,0.0, 0.000,40, 33,3.9, 6.1,66.4, 66.5,3.9, 6.1,73.0, 66.2,1020.0, 1019.9,196.62,286.3,1416.4,32.2492,9.8052,387.2,46.2,1485.861, NAN, NAN, NAN, NAN,,2024/04/07 22:13:48.144,2024-04-07 22:13:48.144000+00:00
2024/04/07, 22:14:48.144,35.946,-75.117,0.03,32.64,94.88,0.14,9.3, 9.3,1017.8, 1017.8,0.0, 0.0,0.0, 0.000,38, 30,3.2, 4.5,66.5, 66.6,3.1, 4.4,70.0, 62.1,1019.9, 1019.9,195.05,285.99,1408.63,32.2478,9.8009,387.8,46.3,1485.843, NAN, NAN, NAN, NAN,,2024/04/07 22:14:48.144,2024-04-07 22:14:48.144000+00:00
2024/04/07, 22:15:48.144,35.946,-75.117,-0.03,33.11,244.35,0.05,9.3, 9.3,1017.7, 1017.7,0.0, 0.0,0.0, 0.000,33, 27,3.9, 4.2,62.8, 62.9,3.9, 4.2,66.1, 60.1,1019.8, 1019.8,190.66,286.0,1391.98,32.2504,9.798,390.0,46.2,1485.836, NAN, NAN, NAN, NAN,,2024/04/07 22:15:48.144,2024-04-07 22:15:48.144000+00:00
2024/04/07, 22:16:48.144,35.946,-75.117,0.0,32.76,337.51,0.03,9.3, 9.4,1017.8, 1017.8,0.0, 0.0,0.0, 0.000,31, 27,4.1, 4.0,64.7, 64.9,4.1, 4.0,63.9, 59.9,1019.9, 1019.9,187.61,286.1,1381.77,32.2521,9.7971,387.8,46.4,1485.835, NAN, NAN, NAN, NAN,,2024/04/07 22:16:48.144,2024-04-07 22:16:48.144000+00:00
2024/04/07, 22:17:48.144,35.946,-75.117,0.0,32.49,24.04,0.14,9.3, 9.4,1017.8, 1017.8,0.0, 0.0,0.0, 0.000,35, 30,3.9, 4.9,65.0, 65.1,3.9, 4.9,68.5, 63.2,1019.9, 1019.9,184.23,286.03,1371.28,32.2552,9.7951,388.8,46.2,1485.831, NAN, NAN, NAN, NAN,,2024/04/07 22:17:48.144,2024-04-07 22:17:48.144000+00:00
2024/04/07, 22:18:48.144,35.946,-75.117,0.03,31.71,213.77,0.13,9.4, 9.4,1017.8, 1017.8,0.0, 0.0,0.0, 0.000,33, 28,3.6, 4.1,64.5, 64.8,3.7, 4.2,64.1, 59.3,1019.9, 1019.9,181.6,285.96,1361.31,32.2518,9.7971,387.2,46.3,1485.835, NAN, NAN, NAN, NAN,,2024/04/07 22:18:48.144,2024-04-07 22:18:48.144000+00:00
2024/04/07, 22:19:48.144,35.946,-75.117,-0.06,32.39,247.91,0.17,9.4, 9.4,1017.8, 1017.8,0.0, 0.0,0.0, 0.000,39, 33,3.8, 5.3,64.4, 64.2,3.9, 5.4,71.3, 65.4,1019.9, 1019.9,176.86,285.71,1347.03,32.253,9.7984,386.7,46.1,1485.841, NAN, NAN, NAN, NAN,,2024/04/07 22:19:48.144,2024-04-07 22:19:48.144000+00:00
2024/04/07, 22:20:48.144,35.946,-75.117,0.02,31.29,132.36,0.13,9.4, 9.4,1017.8, 1017.8,0.0, 0.0,0.0, 0.000,38, 31,4.2, 5.5,63.4, 63.5,4.2, 5.5,68.4, 61.6,1019.9, 1019.9,174.45,285.73,1331.44,32.2515,9.7994,386.7,45.8,1485.843, NAN, NAN, NAN, NAN,,2024/04/07 22:20:48.144,2024-04-07 22:20:48.144000+00:00
2024/04/07, 22:21:48.144,35.946,-75.117,0.03,31.6,337.94,0.12,9.4, 9.4,1017.8, 1017.8,0.0, 0.0,0.0, 0.000,37, 32,4.2, 6.1,63.0, 62.6,4.2, 6.1,69.4, 64.2,1019.9, 1019.9,168.96,285.38,1321.11,32.2509,9.7973,386.7,46.2,1485.834, NAN, NAN, NAN, NAN,,2024/04/07 22:21:48.144,2024-04-07 22:21:48.144000+00:00
2024/04/07, 22:22:48.144,35.946,-75.117,-0.03,31.24,154.62,0.19,9.4, 9.4,1017.8, 1017.8,0.0, 0.0,0.0, 0.000,36, 29,3.3, 4.5,62.1, 62.1,3.3, 4.5,65.7, 59.1,1019.9, 1019.9,168.14,285.51,1310.03,32.2508,9.7964,390.0,46.2,1485.831, NAN, NAN, NAN, NAN,,2024/04/07 22:22:48.144,2024-04-07 22:22:48.144000+00:00
2024/04/07, 22:23:48.144,35.946,-75.117,0.02,31.63,175.54,0.04,9.4, 9.4,1017.8, 1017.8,0.0, 0.0,0.0, 0.000,34, 30,3.9, 5.1,62.1, 62.7,3.9, 5.1,65.5, 61.5,1019.9, 1019.9,162.74,285.58,1295.93,32.2511,9.797,388.1,46.3,1485.833, NAN, NAN, NAN, NAN,,2024/04/07 22:23:48.144,2024-04-07 22:23:48.144000+00:00
2024/04/07, 22:24:48.144,35.946,-75.117,-0.02,32.23,24.79,0.03,9.4, 9.4,1017.8, 1017.8,0.0, 0.0,0.0, 0.000,39, 33,3.8, 6.1,62.8, 62.5,3.8, 6.1,71.3, 65.3,1019.9, 1019.9,159.72,285.86,1282.52,32.2517,9.7971,389.7,46.3,1485.834, NAN, NAN, NAN, NAN,,2024/04/07 22:24:48.144,2024-04-07 22:24:48.144000+00:00
2024/04/07, 22:25:48.144,35.946,-75.117,0.01,31.21,79.86,0.17,9.4, 9.4,1017.9, 1017.8,0.0, 0.0,0.0, 0.000,33, 27,3.5, 3.9,62.9, 62.9,3.4, 3.8,63.8, 57.7,1020.0, 1019.9,157.14,285.54,1268.14,32.2516,9.7986,389.4,46.4,1485.84, NAN, NAN, NAN, NAN,,2024/04/07 22:25:48.144,2024-04-07 22:25:48.144000+00:00
2024/04/07, 22:26:48.144,35.946,-75.117,0.01,31.55,299.13,0.08,9.4, 9.4,1017.7, 1017.7,0.0, 0.0,0.0, 0.000,32, 26,3.9, 4.7,62.8, 62.7,3.9, 4.7,64.0, 58.0,1019.8, 1019.8,154.38,285.46,1251.8,32.253,9.7966,389.1,46.1,1485.834, NAN, NAN, NAN, NAN,,2024/04/07 22:26:48.144,2024-04-07 22:26:48.144000+00:00
2024/04/07, 22:27:48.144,35.946,-75.117,-0.01,32.36,288.97,0.26,9.4, 9.4,1017.8, 1017.8,0.0, 0.0,0.0, 0.000,34, 29,4.5, 5.3,63.8, 63.7,4.6, 5.4,67.6, 62.5,1019.9, 1019.9,149.2,285.54,1235.65,32.2517,9.7927,390.0,46.2,1485.818, NAN, NAN, NAN, NAN,,2024/04/07 22:27:48.144,2024-04-07 22:27:48.144000+00:00
2024/04/07, 22:28:48.145,35.946,-75.117,0.01,31.69,40.74,0.09,9.4, 9.5,1018.0, 1017.8,0.0, 0.0,0.0, 0.000,37, 32,4.3, 6.1,63.3, 63.3,4.3, 6.1,69.2, 64.0,1020.1, 1019.9,146.13,285.55,1223.45,32.2515,9.7916,391.5,46.4,1485.814, NAN, NAN, NAN, NAN,,2024/04/07 22:28:48.145,2024-04-07 22:28:48.145000+00:00
2024/04/07, 22:29:48.145,35.946,-75.117,-0.12,32.32,275.12,0.18,9.4, 9.5,1018.0, 1018.0,0.0, 0.0,0.0, 0.000,44, 37,4.6, 6.7,61.4, 61.3,4.7, 6.8,76.3, 69.4,1020.1, 1020.1,145.02,285.52,1207.21,32.2527,9.7904,390.5,46.3,1485.811, NAN, NAN, NAN, NAN,,2024/04/07 22:29:48.145,2024-04-07 22:29:48.145000+00:00
2024/04/07, 22:30:48.145,35.946,-75.117,0.03,31.87,289.53,0.1,9.5, 9.5,1018.0, 1018.0,0.0, 0.0,0.0, 0.000,44, 36,3.6, 5.8,62.5, 62.6,3.6, 5.8,76.7, 68.4,1020.1, 1020.1,139.71,285.55,1186.87,32.2492,9.788,390.2,45.9,1485.798, NAN, NAN, NAN, NAN,,2024/04/07 22:30:48.145,2024-04-07 22:30:48.145000+00:00
2024/04/07, 22:31:48.145,35.946,-75.117,0.01,32.04,218.54,0.07,9.5, 9.5,1018.0, 1018.0,0.0, 0.0,0.0, 0.000,41, 34,3.4, 5.4,64.1, 64.4,3.4, 5.4,72.9, 66.0,1020.1, 1020.1,136.45,285.66,1173.55,32.2513,9.7866,390.2,46.1,1485.796, NAN, NAN, NAN, NAN,,2024/04/07 22:31:48.145,2024-04-07 22:31:48.145000+00:00
2024/04/07, 22:32:48.145,35.946,-75.117,0.02,31.85,318.34,0.2,9.5, 9.5,1017.9, 1017.8,0.0, 0.0,0.0, 0.000,43, 35,3.9, 6.1,64.1, 64.2,3.9, 6.1,76.2, 67.8,1020.0, 1019.9,132.35,285.68,1157.01,32.2523,9.7846,389.7,45.9,1485.79, NAN, NAN, NAN, NAN,,2024/04/07 22:32:48.145,2024-04-07 22:32:48.145000+00:00
2024/04/07, 22:33:48.145,35.946,-75.117,-0.05,32.58,340.06,0.03,9.5, 9.5,1018.0, 1017.8,0.0, 0.0,0.0, 0.000,43, 33,2.7, 4.0,64.8, 64.7,2.7, 4.0,75.5, 65.6,1020.1, 1019.9,129.2,285.62,1141.25,32.2518,9.7838,388.8,46.2,1485.786, NAN, NAN, NAN, NAN,,2024/04/07 22:33:48.145,2024-04-07 22:33:48.145000+00:00
2024/04/07, 22:34:48.145,35.946,-75.117,0.05,32.06,235.66,0.16,9.5, 9.5,1017.8, 1017.8,0.0, 0.0,0.0, 0.000,45, 36,4.1, 6.4,63.3, 63.2,4.2, 6.5,77.1, 68.2,1019.9, 1019.9,125.29,285.43,1125.27,32.2479,9.7809,387.0,46.3,1485.771, NAN, NAN, NAN, NAN,,2024/04/07 22:34:48.145,2024-04-07 22:34:48.145000+00:00
2024/04/07, 22:35:48.145,35.946,-75.117,0.0,31.75,186.67,0.05,9.5, 9.5,1017.8, 1017.8,0.0, 0.0,0.0, 0.000,42, 35,3.9, 6.1,60.1, 60.0,3.9, 6.1,73.4, 66.5,1019.9, 1019.9,122.11,285.72,1103.37,32.2506,9.7808,388.4,46.5,1485.774, NAN, NAN, NAN, NAN,,2024/04/07 22:35:48.145,2024-04-07 22:35:48.145000+00:00
2024/04/07, 22:36:48.145,35.946,-75.117,-0.01,31.44,165.48,0.18,9.5, 9.5,1017.8, 1017.8,0.0, 0.0,0.0, 0.000,42, 35,3.5, 5.7,60.4, 60.5,3.5, 5.7,71.9, 65.5,1019.9, 1019.9,117.91,285.94,1086.08,32.2513,9.7808,393.6,46.5,1485.775, NAN, NAN, NAN, NAN,,2024/04/07 22:36:48.145,2024-04-07 22:36:48.145000+00:00
2024/04/07, 22:37:48.145,35.946,-75.117,0.01,31.25,115.89,0.04,9.5, 9.5,1017.8, 1017.8,0.0, 0.0,0.0, 0.000,43, 36,3.2, 5.2,63.4, 63.5,3.2, 5.2,73.9, 67.0,1019.9, 1019.9,115.09,285.86,1068.04,32.2518,9.7805,390.2,46.4,1485.774, NAN, NAN, NAN, NAN,,2024/04/07 22:37:48.145,2024-04-07 22:37:48.145000+00:00
2024/04/07, 22:38:48.145,35.946,-75.117,-0.01,32.38,203.04,0.11,9.5, 9.5,1017.8, 1017.8,0.0, 0.0,0.0, 0.000,44, 36,3.5, 5.7,62.4, 62.5,3.5, 5.7,75.5, 67.9,1019.9, 1019.9,111.26,285.72,1048.38,32.2508,9.7812,391.8,46.4,1485.775, NAN, NAN, NAN, NAN,,2024/04/07 22:38:48.145,2024-04-07 22:38:48.145000+00:00
2024/04/07, 22:39:48.145,35.946,-75.117,-0.01,31.02,344.55,0.15,9.5, 9.5,1017.8, 1017.8,0.0, 0.0,0.0, 0.000,44, 36,2.9, 4.8,63.7, 63.9,2.9, 4.8,76.4, 67.9,1019.9, 1019.9,106.95,285.77,1026.49,32.2509,9.7809,390.5,46.3,1485.775, NAN, NAN, NAN, NAN,,2024/04/07 22:39:48.145,2024-04-07 22:39:48.145000+00:00
2024/04/07, 22:40:48.145,35.946,-75.117,0.02,31.18,53.92,0.11,9.5, 9.5,1017.8, 1017.8,0.0, 0.0,0.0, 0.000,45, 37,3.1, 5.3,63.6, 64.3,3.0, 5.2,76.5, 68.3,1019.9, 1019.9,103.56,285.49,1007.93,32.2504,9.7816,388.8,46.5,1485.776, NAN, NAN, NAN, NAN,,2024/04/07 22:40:48.145,2024-04-07 22:40:48.145000+00:00
2024/04/07, 22:41:48.145,35.946,-75.117,0.0,31.64,98.99,0.1,9.5, 9.6,1018.0, 1017.9,0.0, 0.0,0.0, 0.000,37, 31,3.3, 4.6,63.2, 64.4,3.3, 4.6,67.8, 62.0,1020.1, 1020.0,100.88,285.63,989.52,32.2514,9.7818,392.4,46.5,1485.778, NAN, NAN, NAN, NAN,,2024/04/07 22:41:48.145,2024-04-07 22:41:48.145000+00:00
2024/04/07, 22:42:48.145,35.946,-75.117,-0.02,31.67,353.76,0.21,9.5, 9.6,1018.0, 1017.9,0.0, 0.0,0.0, 0.000,39, 33,3.2, 5.4,64.7, 64.5,3.2, 5.4,72.6, 65.8,1020.1, 1020.0,97.52,285.84,971.93,32.2559,9.7801,394.5,46.4,1485.778, NAN, NAN, NAN, NAN,,2024/04/07 22:42:48.145,2024-04-07 22:42:48.145000+00:00
2024/04/07, 22:43:48.145,35.946,-75.117,0.01,31.28,96.29,0.13,9.5, 9.6,1017.9, 1017.8,0.0, 0.0,0.0, 0.000,40, 33,2.9, 4.8,64.4, 64.3,2.9, 4.8,70.3, 63.6,1020.0, 1019.9,93.55,285.82,952.56,32.2515,9.7804,391.8,46.4,1485.773, NAN, NAN, NAN, NAN,,2024/04/07 22:43:48.145,2024-04-07 22:43:48.145000+00:00
2024/04/07, 22:44:48.146,35.946,-75.117,0.01,32.51,298.33,0.2,9.6, 9.6,1018.0, 1018.0,0.0, 0.0,0.0, 0.000,51, 39,2.8, 5.0,61.1, 61.5,2.9, 5.0,85.1, 72.6,1020.1, 1020.1,90.07,285.68,929.26,32.2554,9.7793,390.2,46.4,1485.774, NAN, NAN, NAN, NAN,,2024/04/07 22:44:48.146,2024-04-07 22:44:48.146000+00:00
2024/04/07, 22:45:48.146,35.946,-75.117,-0.01,31.7,140.12,0.19,9.6, 9.6,1017.9, 1017.8,0.0, 0.0,0.0, 0.000,40, 34,2.8, 4.1,63.3, 63.5,2.7, 4.0,70.2, 64.6,1020.0, 1019.9,86.69,285.78,909.52,32.2517,9.7776,393.4,46.6,1485.763, NAN, NAN, NAN, NAN,,2024/04/07 22:45:48.146,2024-04-07 22:45:48.146000+00:00
2024/04/07, 22:46:48.146,35.946,-75.117,0.0,30.66,2.95,0.15,9.6, 9.6,1017.9, 1017.9,0.0, 0.0,0.0, 0.000,39, 31,3.0, 4.1,62.5, 62.3,3.0, 4.1,71.0, 62.5,1020.0, 1020.0,83.42,285.88,890.08,32.2516,9.7748,393.1,46.4,1485.753, NAN, NAN, NAN, NAN,,2024/04/07 22:46:48.146,2024-04-07 22:46:48.146000+00:00
2024/04/07, 22:47:48.146,35.946,-75.117,0.01,31.6,211.87,0.13,9.6, 9.6,1017.9, 1017.8,0.0, 0.0,0.0, 0.000,50, 38,2.5, 4.7,61.3, 61.2,2.6, 4.8,81.0, 69.5,1020.0, 1019.9,79.32,285.95,869.66,32.2509,9.7734,392.4,46.2,1485.747, NAN, NAN, NAN, NAN,,2024/04/07 22:47:48.146,2024-04-07 22:47:48.146000+00:00
2024/04/07, 22:48:48.146,35.946,-75.117,0.02,33.1,257.41,0.15,9.6, 9.6,1018.0, 1018.0,0.0, 0.0,0.0, 0.000,42, 34,3.1, 5.1,62.6, 62.7,3.2, 5.2,75.0, 67.1,1020.1, 1020.1,76.7,285.76,848.68,32.25,9.7733,388.8,46.3,1485.746, NAN, NAN, NAN, NAN,,2024/04/07 22:48:48.146,2024-04-07 22:48:48.146000+00:00
2024/04/07, 22:49:48.146,35.946,-75.117,0.02,30.61,145.9,0.14,9.6, 9.6,1017.9, 1017.8,0.0, 0.0,0.0, 0.000,40, 32,2.5, 4.0,61.3, 61.4,2.5, 4.0,69.3, 61.7,1020.0, 1019.9,74.66,285.98,827.3,32.2515,9.7725,389.1,46.4,1485.745, NAN, NAN, NAN, NAN,,2024/04/07 22:49:48.146,2024-04-07 22:49:48.146000+00:00
2024/04/07, 22:50:48.146,35.946,-75.117,-0.06,31.31,255.51,0.17,9.6, 9.7,1018.0, 1018.0,0.0, 0.0,0.0, 0.000,49, 38,2.7, 4.9,63.2, 63.3,2.8, 5.0,80.2, 69.5,1020.1, 1020.1,72.04,285.95,804.03,32.2504,9.7718,393.4,46.4,1485.741, NAN, NAN, NAN, NAN,,2024/04/07 22:50:48.146,2024-04-07 22:50:48.146000+00:00
2024/04/07, 22:51:48.146,35.946,-75.117,0.02,31.88,277.98,0.16,9.6, 9.7,1018.0, 1018.0,0.0, 0.0,0.0, 0.000,40, 31,2.4, 4.0,61.8, 61.8,2.5, 4.0,73.3, 63.9,1020.1, 1020.1,66.75,285.69,779.27,32.25,9.7724,390.2,46.4,1485.743, NAN, NAN, NAN, NAN,,2024/04/07 22:51:48.146,2024-04-07 22:51:48.146000+00:00
2024/04/07, 22:52:48.146,35.946,-75.117,-0.04,31.2,87.92,0.2,9.6, 9.7,1017.9, 1017.8,0.0, 0.0,0.0, 0.000,33, 30,2.4, 3.8,62.8, 63.0,2.3, 3.7,63.9, 60.9,1020.0, 1019.9,64.51,285.9,756.43,32.2502,9.7719,389.1,46.3,1485.741, NAN, NAN, NAN, NAN,,2024/04/07 22:52:48.146,2024-04-07 22:52:48.146000+00:00
2024/04/07, 22:53:48.146,35.946,-75.117,-0.01,30.86,305.01,0.16,9.6, 9.7,1017.8, 1017.8,0.0, 0.0,0.0, 0.000,36, 30,2.9, 4.0,62.5, 62.7,2.9, 4.0,68.3, 62.0,1019.9, 1019.9,61.47,285.99,736.14,32.2505,9.7712,387.2,46.4,1485.739, NAN, NAN, NAN, NAN,,2024/04/07 22:53:48.146,2024-04-07 22:53:48.146000+00:00
2024/04/07, 22:54:48.146,35.946,-75.117,0.0,32.32,162.78,0.13,9.6, 9.7,1017.9, 1017.8,0.0, 0.0,0.0, 0.000,38, 32,2.4, 4.0,61.5, 61.7,2.4, 4.0,69.0, 63.6,1020.0, 1019.9,59.88,285.8,704.56,32.2497,9.7718,388.4,46.1,1485.74, NAN, NAN, NAN, NAN,,2024/04/07 22:54:48.146,2024-04-07 22:54:48.146000+00:00
2024/04/07, 22:55:48.146,35.946,-75.117,0.05,31.58,281.65,0.08,9.7, 9.7,1017.8, 1017.7,0.0, 0.0,0.0, 0.000,36, 29,2.2, 3.3,62.6, 62.3,2.2, 3.3,68.2, 60.9,1019.9, 1019.8,55.74,286.11,679.73,32.2517,9.7719,391.8,46.3,1485.743, NAN, NAN, NAN, NAN,,2024/04/07 22:55:48.146,2024-04-07 22:55:48.146000+00:00
2024/04/07, 22:56:48.146,35.946,-75.117,0.04,30.61,91.44,0.13,9.7, 9.7,1018.0, 1017.9,0.0, 0.0,0.0, 0.000,31, 25,2.5, 2.6,62.5, 62.6,2.4, 2.5,61.1, 54.9,1020.1, 1020.0,53.26,285.8,656.49,32.249,9.7708,390.2,46.5,1485.735, NAN, NAN, NAN, NAN,,2024/04/07 22:56:48.146,2024-04-07 22:56:48.146000+00:00
2024/04/07, 22:57:48.146,35.946,-75.117,-0.02,31.93,103.09,0.1,9.6, 9.7,1018.0, 1017.9,0.0, 0.0,0.0, 0.000,31, 27,2.4, 2.8,61.7, 61.8,2.4, 2.8,61.7, 57.9,1020.1, 1020.0,50.23,285.79,622.41,32.2495,9.7732,388.1,46.4,1485.745, NAN, NAN, NAN, NAN,,2024/04/07 22:57:48.146,2024-04-07 22:57:48.146000+00:00
2024/04/07, 22:58:48.146,35.946,-75.117,0.0,31.42,321.84,0.15,9.6, 9.7,1018.0, 1017.8,0.0, 0.0,0.0, 0.000,27, 21,2.6, 2.4,61.9, 61.9,2.6, 2.4,60.1, 54.3,1020.1, 1019.9,48.28,285.88,592.42,32.2467,9.7748,392.4,46.3,1485.747, NAN, NAN, NAN, NAN,,2024/04/07 22:58:48.146,2024-04-07 22:58:48.146000+00:00
2024/04/07, 22:59:48.147,35.946,-75.117,-0.04,31.74,332.95,0.05,9.7, 9.7,1018.0, 1017.8,0.0, 0.0,0.0, 0.000,32, 28,2.6, 3.1,62.8, 62.8,2.6, 3.1,64.2, 60.1,1020.1, 1019.9,45.67,285.73,557.82,32.2492,9.775,392.4,46.3,1485.751, NAN, NAN, NAN, NAN,,2024/04/07 22:59:48.147,2024-04-07 22:59:48.147000+00:00
2024/04/07, 23:00:48.147,35.946,-75.117,-0.01,30.87,105.15,0.04,9.7, 9.7,1018.0, 1017.8,0.0, 0.0,0.0, 0.000,24, 22,2.1, 2.6,63.9, 63.8,2.1, 2.6,54.3, 52.4,1020.1, 1019.9,42.54,285.67,532.91,32.247,9.7736,394.8,46.3,1485.743, NAN, NAN, NAN, NAN,,2024/04/07 23:00:48.147,2024-04-07 23:00:48.147000+00:00
2024/04/07, 23:01:48.147,35.946,-75.117,-0.02,31.45,61.44,0.04,9.6, 9.7,1017.9, 1017.8,0.0, 0.0,0.0, 0.000,28, 23,2.8, 2.7,63.7, 63.9,2.8, 2.7,59.7, 54.6,1020.0, 1019.9,39.78,285.73,503.07,32.2482,9.7737,393.4,46.0,1485.745, NAN, NAN, NAN, NAN,,2024/04/07 23:01:48.147,2024-04-07 23:01:48.147000+00:00
2024/04/07, 23:02:48.147,35.946,-75.117,-0.06,31.54,300.64,0.19,9.6, 9.7,1018.0, 1017.9,0.0, 0.0,0.0, 0.000,27, 21,2.1, 2.1,63.5, 63.9,2.1, 2.1,60.9, 55.0,1020.1, 1020.0,37.48,285.83,469.85,32.2511,9.7728,393.4,46.0,1485.745, NAN, NAN, NAN, NAN,,2024/04/07 23:02:48.147,2024-04-07 23:02:48.147000+00:00
2024/04/07, 23:03:48.147,35.946,-75.117,0.02,30.7,28.86,0.14,9.6, 9.7,1017.8, 1017.8,0.0, 0.0,0.0, 0.000,28, 24,2.4, 2.4,64.0, 64.0,2.4, 2.4,60.2, 56.1,1019.9, 1019.9,34.99,286.03,445.28,32.2482,9.7718,395.8,46.1,1485.738, NAN, NAN, NAN, NAN,,2024/04/07 23:03:48.147,2024-04-07 23:03:48.147000+00:00
2024/04/07, 23:04:48.147,35.946,-75.117,-0.04,32.02,326.99,0.13,9.6, 9.6,1017.8, 1017.8,0.0, 0.0,0.0, 0.000,32, 25,2.3, 2.7,62.1, 62.1,2.3, 2.7,65.4, 58.3,1019.9, 1019.9,32.13,286.09,412.41,32.2502,9.7697,392.4,46.0,1485.733, NAN, NAN, NAN, NAN,,2024/04/07 23:04:48.147,2024-04-07 23:04:48.147000+00:00
2024/04/07, 23:05:48.147,35.946,-75.117,0.02,32.12,224.19,0.18,9.6, 9.7,1017.8, 1017.8,0.0, 0.0,0.0, 0.000,34, 27,2.5, 3.2,61.0, 60.9,2.6, 3.3,66.4, 59.5,1019.9, 1019.9,29.97,285.95,384.89,32.2491,9.7686,391.2,46.0,1485.728, NAN, NAN, NAN, NAN,,2024/04/07 23:05:48.147,2024-04-07 23:05:48.147000+00:00
2024/04/07, 23:06:48.147,35.946,-75.117,-0.01,31.35,228.52,0.04,9.6, 9.7,1017.9, 1017.8,0.0, 0.0,0.0, 0.000,33, 26,2.3, 2.8,61.8, 61.9,2.3, 2.8,64.3, 57.4,1020.0, 1019.9,27.7,285.87,359.24,32.2499,9.77,394.2,46.0,1485.734, NAN, NAN, NAN, NAN,,2024/04/07 23:06:48.147,2024-04-07 23:06:48.147000+00:00
2024/04/07, 23:07:48.147,35.946,-75.117,-0.03,31.25,285.91,0.06,9.7, 9.7,1017.8, 1017.8,0.0, 0.0,0.0, 0.000,29, 23,2.6, 2.4,62.1, 61.6,2.6, 2.4,60.7, 54.8,1019.9, 1019.9,25.96,285.91,328.59,32.2478,9.7718,399.5,46.2,1485.738, NAN, NAN, NAN, NAN,,2024/04/07 23:07:48.147,2024-04-07 23:07:48.147000+00:00
2024/04/07, 23:08:48.147,35.946,-75.117,-0.05,31.38,62.61,0.07,9.7, 9.7,1017.8, 1017.8,0.0, 0.0,0.0, 0.000,33, 27,2.2, 3.0,61.0, 61.3,2.2, 3.0,63.6, 57.8,1019.9, 1019.9,23.26,285.9,309.38,32.2493,9.7703,394.8,45.9,1485.734, NAN, NAN, NAN, NAN,,2024/04/07 23:08:48.147,2024-04-07 23:08:48.147000+00:00
2024/04/07, 23:09:48.147,35.946,-75.117,0.04,32.23,264.15,0.21,9.7, 9.7,1017.8, 1017.8,0.0, 0.0,0.0, 0.000,34, 29,2.7, 3.6,61.9, 62.1,2.8, 3.7,67.7, 62.4,1019.9, 1019.9,20.83,286.12,277.45,32.2467,9.7697,400.6,46.1,1485.729, NAN, NAN, NAN, NAN,,2024/04/07 23:09:48.147,2024-04-07 23:09:48.147000+00:00
2024/04/07, 23:10:48.147,35.946,-75.117,0.02,30.66,81.04,0.01,9.7, 9.7,1017.8, 1017.8,0.0, 0.0,0.0, 0.000,34, 29,2.7, 3.7,63.0, 62.2,2.7, 3.7,64.7, 59.7,1019.9, 1019.9,18.77,286.24,254.69,32.252,9.7703,392.8,46.1,1485.737, NAN, NAN, NAN, NAN,,2024/04/07 23:10:48.147,2024-04-07 23:10:48.147000+00:00
2024/04/07, 23:11:48.147,35.946,-75.117,-0.13,32.92,252.27,0.2,9.7, 9.7,1018.0, 1017.9,0.0, 0.0,0.0, 0.000,31, 26,2.4, 2.6,61.4, 61.4,2.5, 2.7,64.5, 59.6,1020.1, 1020.0,17.53,286.36,234.04,32.2494,9.7687,390.2,45.9,1485.728, NAN, NAN, NAN, NAN,,2024/04/07 23:11:48.147,2024-04-07 23:11:48.147000+00:00
2024/04/07, 23:12:48.147,35.946,-75.117,0.11,31.23,45.87,0.09,9.7, 9.7,1017.9, 1017.8,0.0, 0.0,0.0, 0.000,26, 20,2.2, 2.2,61.2, 61.3,2.2, 2.2,56.8, 50.7,1020.0, 1019.9,14.96,286.15,216.33,32.2472,9.7669,394.2,46.0,1485.719, NAN, NAN, NAN, NAN,,2024/04/07 23:12:48.147,2024-04-07 23:12:48.147000+00:00
2024/04/07, 23:13:48.147,35.946,-75.117,-0.01,31.46,58.36,0.11,9.7, 9.7,1018.0, 1017.9,0.0, 0.0,0.0, 0.000,25, 19,2.8, 2.6,62.5, 62.6,2.7, 2.5,57.0, 50.9,1020.1, 1020.0,11.29,286.18,176.5,32.2508,9.7646,393.4,45.7,1485.715, NAN, NAN, NAN, NAN,,2024/04/07 23:13:48.147,2024-04-07 23:13:48.147000+00:00
2024/04/07, 23:14:48.147,35.946,-75.117,0.01,31.13,326.49,0.13,9.7, 9.7,1017.9, 1017.8,0.0, 0.0,0.0, 0.000,25, 21,2.5, 2.4,63.6, 63.5,2.5, 2.4,57.6, 53.6,1020.0, 1019.9,9.91,286.32,165.93,32.2479,9.7639,394.2,45.6,1485.709, NAN, NAN, NAN, NAN,,2024/04/07 23:14:48.147,2024-04-07 23:14:48.147000+00:00
2024/04/07, 23:15:48.148,35.946,-75.117,0.03,31.36,220.1,0.13,9.7, 9.7,1017.9, 1017.8,0.0, 0.0,0.0, 0.000,25, 18,2.5, 2.5,63.4, 63.5,2.6, 2.6,55.7, 48.8,1020.0, 1019.9,9.01,286.31,157.81,32.2494,9.7654,397.9,45.9,1485.716, NAN, NAN, NAN, NAN,,2024/04/07 23:15:48.148,2024-04-07 23:15:48.148000+00:00
2024/04/07, 23:16:48.148,35.946,-75.117,-0.02,31.85,233.85,0.03,9.7, 9.7,1018.0, 1018.0,0.0, 0.0,0.0, 0.000,28, 20,2.9, 3.1,63.5, 63.5,2.9, 3.1,59.9, 51.9,1020.1, 1020.1,6.92,286.27,137.43,32.2479,9.7678,397.9,45.9,1485.723, NAN, NAN, NAN, NAN,,2024/04/07 23:16:48.148,2024-04-07 23:16:48.148000+00:00
2024/04/07, 23:17:48.148,35.946,-75.117,0.03,30.88,114.29,0.25,9.7, 9.7,1018.0, 1017.8,0.0, 0.0,0.0, 0.000,24, 20,2.9, 2.9,63.5, 61.4,2.8, 2.8,52.8, 48.7,1020.1, 1019.9,5.84,286.46,125.28,32.2487,9.7693,399.5,46.1,1485.73, NAN, NAN, NAN, NAN,,2024/04/07 23:17:48.148,2024-04-07 23:17:48.148000+00:00
2024/04/07, 23:18:48.148,35.946,-75.117,-0.03,32.16,182.11,0.18,9.7, 9.8,1018.0, 1018.0,0.0, 0.0,0.0, 0.000,23, 19,2.6, 2.3,62.3, 61.8,2.7, 2.4,53.5, 49.4,1020.1, 1020.1,4.68,286.37,106.81,32.2496,9.7705,397.6,45.8,1485.735, NAN, NAN, NAN, NAN,,2024/04/07 23:18:48.148,2024-04-07 23:18:48.148000+00:00
2024/04/07, 23:19:48.148,35.946,-75.117,0.01,31.31,33.66,0.04,9.7, 9.8,1018.0, 1017.9,0.0, 0.0,0.0, 0.000,25, 19,2.5, 2.5,64.3, 64.1,2.5, 2.5,56.1, 50.1,1020.1, 1020.0,3.54,286.13,95.6,32.2503,9.7675,396.8,46.0,1485.725, NAN, NAN, NAN, NAN,,2024/04/07 23:19:48.148,2024-04-07 23:19:48.148000+00:00
2024/04/07, 23:20:48.148,35.946,-75.117,-0.01,32.21,249.02,0.22,9.7, 9.8,1018.0, 1017.8,0.0, 0.0,0.0, 0.000,20, 14,2.5, 2.3,63.4, 63.2,2.6, 2.4,52.5, 46.8,1020.1, 1019.9,2.26,286.25,83.27,32.2471,9.7655,399.5,46.2,1485.714, NAN, NAN, NAN, NAN,,2024/04/07 23:20:48.148,2024-04-07 23:20:48.148000+00:00
2024/04/07, 23:21:48.148,35.946,-75.117,0.02,31.92,245.35,0.11,9.7, 9.8,1018.0, 1017.9,0.0, 0.0,0.0, 0.000,20, 13,2.6, 2.3,64.7, 64.7,2.7, 2.4,52.2, 45.4,1020.1, 1020.0,1.51,286.45,74.27,32.2472,9.7638,400.1,46.2,1485.708, NAN, NAN, NAN, NAN,,2024/04/07 23:21:48.148,2024-04-07 23:21:48.148000+00:00
2024/04/07, 23:22:48.148,35.946,-75.117,-0.01,31.24,214.18,0.12,9.7, 9.8,1018.0, 1018.0,0.0, 0.0,0.0, 0.000,16, 10,2.7, 2.5,62.6, 62.8,2.8, 2.6,47.4, 41.6,1020.1, 1020.1,0.73,286.39,65.49,32.2484,9.7641,395.5,44.5,1485.71, NAN, NAN, NAN, NAN,,2024/04/07 23:22:48.148,2024-04-07 23:22:48.148000+00:00
2024/04/07, 23:23:48.148,35.946,-75.117,0.01,31.75,119.56,0.26,9.7, 9.8,1018.0, 1018.0,0.0, 0.0,0.0, 0.000,20, 13,2.6, 2.4,62.6, 63.6,2.6, 2.4,48.9, 41.6,1020.1, 1020.1,-0.11,286.44,55.93,32.2464,9.7644,398.2,44.3,1485.709, NAN, NAN, NAN, NAN,,2024/04/07 23:23:48.148,2024-04-07 23:23:48.148000+00:00
2024/04/07, 23:24:48.148,35.946,-75.117,0.0,31.34,77.51,0.16,9.7, 9.8,1018.0, 1018.0,0.0, 0.0,0.0, 0.000,20, 16,2.4, 2.3,64.4, 64.7,2.3, 2.2,50.2, 46.0,1020.1, 1020.1,-1.02,286.35,48.25,32.2471,9.7628,400.9,44.7,1485.704, NAN, NAN, NAN, NAN,,2024/04/07 23:24:48.148,2024-04-07 23:24:48.148000+00:00
2024/04/07, 23:25:48.148,35.946,-75.117,0.0,31.47,304.46,0.09,9.7, 9.8,1018.0, 1018.0,0.0, 0.0,0.0, 0.000,18, 13,2.5, 2.3,64.3, 63.6,2.5, 2.3,50.1, 45.3,1020.1, 1020.1,-1.98,286.41,41.03,32.2471,9.7639,397.6,44.8,1485.708, NAN, NAN, NAN, NAN,,2024/04/07 23:25:48.148,2024-04-07 23:25:48.148000+00:00
2024/04/07, 23:26:48.148,35.946,-75.117,-0.03,31.26,245.18,0.19,9.7, 9.8,1018.0, 1017.9,0.0, 0.0,0.0, 0.000,22, 14,2.7, 2.5,64.3, 63.5,2.8, 2.6,54.0, 46.3,1020.1, 1020.0,-2.9,286.51,34.95,32.2459,9.763,399.8,45.0,1485.703, NAN, NAN, NAN, NAN,,2024/04/07 23:26:48.148,2024-04-07 23:26:48.148000+00:00
2024/04/07, 23:27:48.148,35.946,-75.117,0.02,31.99,242.76,0.04,9.7, 9.8,1018.0, 1018.0,0.0, 0.0,0.0, 0.000,17, 11,2.8, 2.6,62.0, 62.4,2.8, 2.6,49.1, 43.2,1020.1, 1020.1,-3.41,286.45,29.97,32.2465,9.7607,400.1,45.0,1485.696, NAN, NAN, NAN, NAN,,2024/04/07 23:27:48.148,2024-04-07 23:27:48.148000+00:00
2024/04/07, 23:28:48.148,35.946,-75.117,0.02,31.39,90.6,0.08,9.8, 9.8,1018.0, 1018.0,0.0, 0.0,0.0, 0.000,15, 8,2.6, 2.4,63.4, 63.3,2.6, 2.4,45.8, 38.6,1020.1, 1020.1,-4.02,286.44,25.94,32.2477,9.7622,400.1,45.1,1485.703, NAN, NAN, NAN, NAN,,2024/04/07 23:28:48.148,2024-04-07 23:28:48.148000+00:00
2024/04/07, 23:29:48.148,35.946,-75.117,-0.01,31.96,14.68,0.15,9.8, 9.8,1018.0, 1018.0,0.0, 0.0,0.0, 0.000,19, 12,2.2, 2.1,63.2, 63.4,2.1, 2.0,52.1, 44.9,1020.1, 1020.1,-4.35,286.46,22.93,32.2458,9.763,400.6,45.2,1485.703, NAN, NAN, NAN, NAN,,2024/04/07 23:29:48.148,2024-04-07 23:29:48.148000+00:00
2024/04/07, 23:30:48.149,35.946,-75.117,-0.03,31.6,117.53,0.11,9.8, 9.8,1018.0, 1018.0,0.0, 0.0,0.0, 0.000,17, 10,2.5, 2.4,63.6, 64.4,2.5, 2.4,47.4, 40.3,1020.1, 1020.1,-4.84,286.7,20.18,32.2465,9.7628,400.1,45.2,1485.703, NAN, NAN, NAN, NAN,,2024/04/07 23:30:48.149,2024-04-07 23:30:48.149000+00:00
2024/04/07, 23:31:48.149,35.946,-75.117,0.0,31.07,261.54,0.14,9.8, 9.8,1018.0, 1018.0,0.0, 0.0,0.0, 0.000,22, 14,2.5, 2.4,63.6, 64.3,2.6, 2.5,53.9, 46.2,1020.1, 1020.1,-5.19,286.79,17.75,32.2445,9.7635,401.9,45.1,1485.703, NAN, NAN, NAN, NAN,,2024/04/07 23:31:48.149,2024-04-07 23:31:48.149000+00:00
2024/04/07, 23:32:48.149,35.946,-75.117,0.01,31.48,310.71,0.23,9.8, 9.8,1018.0, 1018.0,0.0, 0.0,0.0, 0.000,13, 8,2.4, 2.3,63.8, 64.0,2.4, 2.3,47.3, 42.4,1020.1, 1020.1,-5.49,286.73,15.45,32.2449,9.7654,400.6,45.0,1485.711, NAN, NAN, NAN, NAN,,2024/04/07 23:32:48.149,2024-04-07 23:32:48.149000+00:00
2024/04/07, 23:33:48.149,35.946,-75.117,-0.02,31.78,212.98,0.08,9.8, 9.8,1018.0, 1018.0,0.0, 0.0,0.0, 0.000,9, 3,2.3, 2.1,62.9, 63.4,2.3, 2.1,41.1, 35.2,1020.1, 1020.1,-5.99,286.61,13.06,32.2454,9.7637,403.5,45.2,1485.705, NAN, NAN, NAN, NAN,,2024/04/07 23:33:48.149,2024-04-07 23:33:48.149000+00:00
2024/04/07, 23:34:48.149,35.946,-75.117,-0.02,32.62,269.56,0.12,9.8, 9.8,1018.0, 1017.8,0.0, 0.0,0.0, 0.000,13, 4,2.1, 1.8,62.9, 63.1,2.1, 1.8,46.7, 38.1,1020.1, 1019.9,-6.36,286.65,11.29,32.245,9.7616,404.0,45.0,1485.697, NAN, NAN, NAN, NAN,,2024/04/07 23:34:48.149,2024-04-07 23:34:48.149000+00:00
2024/04/07, 23:35:48.149,35.946,-75.117,-0.01,31.49,236.79,0.11,9.8, 9.8,1018.0, 1018.0,0.0, 0.0,0.0, 0.000,13, 6,2.5, 2.1,63.0, 63.1,2.6, 2.2,44.7, 37.9,1020.1, 1020.1,-6.56,286.81,9.73,32.2494,9.7615,401.6,44.8,1485.702, NAN, NAN, NAN, NAN,,2024/04/07 23:35:48.149,2024-04-07 23:35:48.149000+00:00
2024/04/07, 23:36:48.149,35.946,-75.117,0.01,31.21,312.16,0.17,9.8, 9.8,1017.9, 1017.8,0.0, 0.0,0.0, 0.000,10, 0,2.2, 1.9,63.6, 63.9,2.2, 1.9,43.5, 33.8,1020.0, 1019.9,-6.75,286.66,8.31,32.2452,9.7634,404.3,45.0,1485.704, NAN, NAN, NAN, NAN,,2024/04/07 23:36:48.149,2024-04-07 23:36:48.149000+00:00
2024/04/07, 23:37:48.149,35.946,-75.117,0.02,31.87,353.52,0.05,9.8, 9.8,1018.0, 1018.0,0.0, 0.0,0.0, 0.000,7, 359,2.1, 1.9,62.7, 62.8,2.1, 1.9,38.7, 30.6,1020.1, 1020.1,-7.06,286.86,7.07,32.2464,9.7635,406.5,45.0,1485.706, NAN, NAN, NAN, NAN,,2024/04/07 23:37:48.149,2024-04-07 23:37:48.149000+00:00
2024/04/07, 23:38:48.149,35.946,-75.117,-0.02,31.98,270.34,0.08,9.8, 9.8,1018.0, 1018.0,0.0, 0.0,0.0, 0.000,9, 0,1.7, 1.7,63.4, 63.4,1.7, 1.7,42.3, 33.3,1020.1, 1020.1,-7.33,286.81,5.82,32.2476,9.7631,404.3,45.0,1485.706, NAN, NAN, NAN, NAN,,2024/04/07 23:38:48.149,2024-04-07 23:38:48.149000+00:00
2024/04/07, 23:39:48.149,35.946,-75.117,0.02,31.38,344.87,0.25,9.8, 9.8,1018.1, 1018.0,0.0, 0.0,0.0, 0.000,7, 0,2.1, 1.9,64.4, 64.3,2.0, 1.8,41.1, 34.0,1020.2, 1020.1,-7.48,286.83,4.91,32.2459,9.7621,403.6,44.8,1485.7, NAN, NAN, NAN, NAN,,2024/04/07 23:39:48.149,2024-04-07 23:39:48.149000+00:00
2024/04/07, 23:40:48.149,35.946,-75.117,-0.02,31.78,131.97,0.04,9.8, 9.8,1018.1, 1018.0,0.0, 0.0,0.0, 0.000,5, 357,1.9, 1.8,64.3, 63.5,1.9, 1.8,36.2, 28.3,1020.2, 1020.1,-7.65,286.96,4.12,32.2482,9.7628,403.6,44.6,1485.705, NAN, NAN, NAN, NAN,,2024/04/07 23:40:48.149,2024-04-07 23:40:48.149000+00:00
2024/04/07, 23:41:48.149,35.946,-75.117,-0.03,32.01,56.61,0.1,9.8, 9.8,1018.2, 1018.1,0.0, 0.0,0.0, 0.000,2, 356,1.8, 1.7,63.4, 63.5,1.8, 1.7,32.7, 26.5,1020.3, 1020.2,-7.78,286.99,3.44,32.2466,9.7644,407.0,44.6,1485.709, NAN, NAN, NAN, NAN,,2024/04/07 23:41:48.149,2024-04-07 23:41:48.149000+00:00
2024/04/07, 23:42:48.149,35.946,-75.117,0.04,31.61,283.56,0.15,9.8, 9.8,1018.2, 1018.1,0.0, 0.0,0.0, 0.000,1, 353,2.0, 1.7,63.7, 63.8,2.0, 1.7,34.5, 27.0,1020.3, 1020.2,-7.78,287.07,2.87,32.2443,9.7636,408.6,44.9,1485.704, NAN, NAN, NAN, NAN,,2024/04/07 23:42:48.149,2024-04-07 23:42:48.149000+00:00
2024/04/07, 23:43:48.149,35.946,-75.117,-0.01,32.04,217.83,0.09,9.8, 9.8,1018.2, 1018.1,0.0, 0.0,0.0, 0.000,358, 350,1.8, 1.7,63.6, 63.8,1.8, 1.7,30.5, 22.8,1020.3, 1020.2,-7.92,287.26,2.3,32.2454,9.763,405.6,45.0,1485.703, NAN, NAN, NAN, NAN,,2024/04/07 23:43:48.149,2024-04-07 23:43:48.149000+00:00
2024/04/07, 23:44:48.149,35.946,-75.117,-0.05,31.56,102.02,0.11,9.8, 9.8,1018.2, 1018.2,0.0, 0.0,0.0, 0.000,355, 348,1.9, 2.0,63.3, 63.5,1.9, 2.0,25.0, 18.2,1020.3, 1020.3,-7.97,287.19,1.9,32.247,9.7594,404.9,45.0,1485.692, NAN, NAN, NAN, NAN,,2024/04/07 23:44:48.149,2024-04-07 23:44:48.149000+00:00
2024/04/07, 23:45:48.149,35.946,-75.117,0.03,31.23,356.93,0.11,9.8, 9.8,1018.2, 1018.2,0.0, 0.0,0.0, 0.000,354, 346,1.9, 1.8,63.5, 63.5,1.9, 1.8,26.7, 18.6,1020.3, 1020.3,-8.03,287.22,1.57,32.2462,9.7574,405.2,45.2,1485.683, NAN, NAN, NAN, NAN,,2024/04/07 23:45:48.149,2024-04-07 23:45:48.149000+00:00
2024/04/07, 23:46:48.150,35.946,-75.117,0.02,31.16,245.04,0.12,9.8, 9.8,1018.2, 1018.2,0.0, 0.0,0.0, 0.000,355, 348,2.0, 2.0,64.2, 64.3,2.0, 2.0,27.7, 20.8,1020.3, 1020.3,-8.03,287.42,1.28,32.2468,9.7591,405.2,44.9,1485.69, NAN, NAN, NAN, NAN,,2024/04/07 23:46:48.150,2024-04-07 23:46:48.150000+00:00
2024/04/07, 23:47:48.150,35.946,-75.117,0.0,31.45,168.96,0.18,9.8, 9.8,1018.3, 1018.3,0.0, 0.0,0.0, 0.000,345, 337,1.8, 2.5,64.0, 64.2,1.9, 2.6,14.7, 7.4,1020.4, 1020.4,-8.1,287.4,1.03,32.2459,9.761,405.6,45.0,1485.696, NAN, NAN, NAN, NAN,,2024/04/07 23:47:48.150,2024-04-07 23:47:48.150000+00:00
2024/04/07, 23:48:48.150,35.946,-75.117,0.02,31.79,70.04,0.18,9.8, 9.8,1018.3, 1018.2,0.0, 0.0,0.0, 0.000,352, 344,2.1, 2.1,64.4, 64.5,2.0, 2.0,22.0, 13.7,1020.4, 1020.3,-8.09,287.6,0.81,32.2451,9.7634,406.7,45.0,1485.704, NAN, NAN, NAN, NAN,,2024/04/07 23:48:48.150,2024-04-07 23:48:48.150000+00:00
2024/04/07, 23:49:48.150,35.946,-75.117,-0.01,31.55,11.11,0.07,9.8, 9.8,1018.3, 1018.2,0.0, 0.0,0.0, 0.000,352, 345,2.1, 2.1,64.8, 65.0,2.1, 2.1,23.7, 16.6,1020.4, 1020.3,-8.22,287.46,0.65,32.2469,9.7647,409.2,45.0,1485.711, NAN, NAN, NAN, NAN,,2024/04/07 23:49:48.150,2024-04-07 23:49:48.150000+00:00
2024/04/07, 23:50:48.150,35.946,-75.117,-0.01,31.79,183.72,0.07,9.8, 9.8,1018.4, 1018.3,0.0, 0.0,0.0, 0.000,352, 346,2.2, 2.2,64.1, 64.8,2.2, 2.2,23.2, 17.3,1020.5, 1020.4,-8.08,287.43,0.52,32.2449,9.7624,405.2,45.0,1485.7, NAN, NAN, NAN, NAN,,2024/04/07 23:50:48.150,2024-04-07 23:50:48.150000+00:00
2024/04/07, 23:51:48.150,35.946,-75.117,-0.04,31.11,335.15,0.16,9.8, 9.8,1018.4, 1018.2,0.0, 0.0,0.0, 0.000,356, 349,2.6, 2.6,64.4, 64.2,2.6, 2.6,28.8, 21.7,1020.5, 1020.3,-7.99,287.67,0.41,32.2427,9.7606,408.3,45.0,1485.691, NAN, NAN, NAN, NAN,,2024/04/07 23:51:48.150,2024-04-07 23:51:48.150000+00:00
2024/04/07, 23:52:48.150,35.946,-75.117,0.0,31.3,271.47,0.13,9.8, 9.9,1018.3, 1018.3,0.0, 0.0,0.0, 0.000,359, 352,2.4, 2.4,64.1, 64.3,2.4, 2.4,31.4, 24.6,1020.4, 1020.4,-7.9,287.81,0.31,32.2438,9.759,407.6,45.0,1485.686, NAN, NAN, NAN, NAN,,2024/04/07 23:52:48.150,2024-04-07 23:52:48.150000+00:00
2024/04/07, 23:53:48.150,35.946,-75.117,-0.01,32.02,85.94,0.14,9.8, 9.9,1018.3, 1018.3,0.0, 0.0,0.0, 0.000,359, 352,2.6, 2.5,64.0, 64.1,2.6, 2.5,29.7, 22.6,1020.4, 1020.4,-7.84,288.13,0.24,32.2442,9.7576,408.3,44.4,1485.682, NAN, NAN, NAN, NAN,,2024/04/07 23:53:48.150,2024-04-07 23:53:48.150000+00:00
2024/04/07, 23:54:48.150,35.946,-75.117,0.01,31.68,293.13,0.06,9.8, 9.9,1018.3, 1018.2,0.0, 0.0,0.0, 0.000,1, 353,2.8, 2.7,64.0, 63.9,2.8, 2.7,33.2, 25.3,1020.4, 1020.3,-7.81,288.09,0.19,32.2459,9.757,414.7,44.1,1485.681, NAN, NAN, NAN, NAN,,2024/04/07 23:54:48.150,2024-04-07 23:54:48.150000+00:00
2024/04/07, 23:55:48.150,35.946,-75.117,0.0,31.35,109.08,0.13,9.9, 9.9,1018.3, 1018.3,0.0, 0.0,0.0, 0.000,356, 349,2.6, 2.5,64.0, 63.9,2.6, 2.5,25.9, 18.8,1020.4, 1020.4,-7.67,288.13,0.15,32.2434,9.7578,410.0,44.2,1485.681, NAN, NAN, NAN, NAN,,2024/04/07 23:55:48.150,2024-04-07 23:55:48.150000+00:00
2024/04/07, 23:56:48.150,35.946,-75.117,-0.01,32.25,309.93,0.06,9.9, 9.9,1018.3, 1018.3,0.0, 0.0,0.0, 0.000,359, 351,2.7, 2.7,63.3, 63.3,2.7, 2.7,31.1, 23.0,1020.4, 1020.4,-7.66,287.97,0.11,32.2441,9.7585,410.0,44.2,1485.685, NAN, NAN, NAN, NAN,,2024/04/07 23:56:48.150,2024-04-07 23:56:48.150000+00:00
2024/04/07, 23:57:48.150,35.946,-75.117,0.01,31.61,132.56,0.01,9.9, 9.9,1018.4, 1018.3,0.0, 0.0,0.0, 0.000,356, 348,2.8, 2.7,63.7, 63.4,2.8, 2.7,27.6, 19.6,1020.5, 1020.4,-7.67,288.2,0.09,32.2423,9.7563,411.3,44.2,1485.675, NAN, NAN, NAN, NAN,,2024/04/07 23:57:48.150,2024-04-07 23:57:48.150000+00:00
2024/04/07, 23:58:48.150,35.946,-75.117,0.0,31.54,200.95,0.09,9.9, 9.9,1018.4, 1018.4,0.0, 0.0,0.0, 0.000,356, 348,2.9, 2.8,64.0, 63.8,2.9, 2.8,28.4, 20.5,1020.5, 1020.5,-7.56,288.14,0.07,32.243,9.7547,412.3,43.9,1485.67, NAN, NAN, NAN, NAN,,2024/04/07 23:58:48.150,2024-04-07 23:58:48.150000+00:00
2024/04/07, 23:59:48.150,35.946,-75.117,-0.01,32.1,38.26,0.08,9.9, 9.9,1018.4, 1018.4,0.0, 0.0,0.0, 0.000,356, 349,2.8, 2.8,64.0, 63.7,2.8, 2.8,27.9, 20.8,1020.5, 1020.5,-7.55,288.43,0.05,32.243,9.7547,413.4,43.9,1485.67, NAN, NAN, NAN, NAN,,2024/04/07 23:59:48.150,2024-04-07 23:59:48.150000+00:00
2024/04/06, 00:00:47.964,35.73,-74.849, -0.16,231.34,299.93,0.17,12.2,12.2,1007.8,1007.8,0.0,0.0,13.74,11.62,1,356,4.2,4.1,71.6,71.6,4.2,4.1,231.2,226.1,1009.9,1009.9,-7.02,316.17,-0.01,31.6626,11.7489,355.3,30.6,1492.055, NAN, NAN, NAN, NAN,,2024/04/06 00:00:47.964,2024-04-06 00:00:47.964000+00:00
2024/04/06, 00:01:47.964,35.73,-74.849, -0.22,230.71,148.5,0.21,12.2,12.2,1007.9,1007.8,0.0,0.0,13.74,11.62,1,356,4.6,4.3,71.0,71.2,4.6,4.3,233.0,228.1,1010.0,1009.9,-7.04,316.28,-0.01,31.6625,11.7492,358.0,30.3,1492.055, NAN, NAN, NAN, NAN,,2024/04/06 00:01:47.964,2024-04-06 00:01:47.964000+00:00
2024/04/06, 00:02:47.964,35.73,-74.849, -0.16,231.63,271.96,0.08,12.1,12.2,1007.7,1007.6,0.0,0.0,13.74,11.62,356,352,4.7,4.4,69.5,71.1,4.7,4.4,227.9,223.9,1009.8,1009.7,-6.9,316.67,-0.01,31.6621,11.7491,356.3,30.2,1492.055, NAN, NAN, NAN, NAN,,2024/04/06 00:02:47.964,2024-04-06 00:02:47.964000+00:00
2024/04/06, 00:03:47.965,35.73,-74.849, -0.16,230.82,330.04,0.13,12.2,12.2,1007.7,1007.8,0.0,0.0,13.74,11.62,358,352,4.9,4.7,69.9,70.2,4.9,4.7,228.1,222.0,1009.8,1009.9,-7.0,317.59,-0.01,31.6619,11.7484,356.6,30.5,1492.052, NAN, NAN, NAN, NAN,,2024/04/06 00:03:47.965,2024-04-06 00:03:47.965000+00:00
2024/04/06, 00:04:47.965,35.73,-74.849, -0.14,231.33,156.86,0.07,12.2,12.2,1007.7,1007.7,0.0,0.0,13.74,11.62,358,351,4.5,4.5,69.5,69.5,4.5,4.5,229.7,222.7,1009.8,1009.8,-6.88,318.13,-0.01,31.6629,11.7475,360.6,30.4,1492.05, NAN, NAN, NAN, NAN,,2024/04/06 00:04:47.965,2024-04-06 00:04:47.965000+00:00
2024/04/06, 00:05:47.965,35.73,-74.849, -0.14,230.74,142.73,0.04,12.2,12.2,1007.7,1007.7,0.0,0.0,13.74,11.62,357,350,4.5,4.3,69.6,72.5,4.5,4.3,227.5,220.5,1009.8,1009.8,-6.75,319.66,-0.01,31.6625,11.7462,358.4,30.4,1492.045, NAN, NAN, NAN, NAN,,2024/04/06 00:05:47.965,2024-04-06 00:05:47.965000+00:00
2024/04/06, 00:06:47.965,35.73,-74.849, -0.13,230.7,166.84,0.19,12.2,12.2,1007.8,1007.7,0.0,0.0,13.74,11.62,358,352,4.3,4.2,73.6,73.7,4.3,4.2,229.9,223.9,1009.9,1009.8,-6.82,321.29,-0.02,31.6625,11.7466,356.6,30.5,1492.046, NAN, NAN, NAN, NAN,,2024/04/06 00:06:47.965,2024-04-06 00:06:47.965000+00:00
2024/04/06, 00:07:47.965,35.73,-74.849, -0.17,231.57,167.99,0.11,12.2,12.2,1007.8,1007.7,0.0,0.0,13.74,11.62,0,355,4.2,4.1,74.3,74.3,4.2,4.1,232.3,227.3,1009.9,1009.8,-6.81,323.36,-0.01,31.6624,11.7481,357.4,30.5,1492.052, NAN, NAN, NAN, NAN,,2024/04/06 00:07:47.965,2024-04-06 00:07:47.965000+00:00
2024/04/06, 00:08:47.965,35.73,-74.849, -0.22,231.37,70.22,0.09,12.2,12.2,1007.8,1007.6,0.0,0.0,13.74,11.62,0,354,4.2,4.1,74.6,74.5,4.2,4.1,232.0,226.0,1009.9,1009.7,-6.97,325.4,-0.02,31.6623,11.7472,355.6,30.3,1492.048, NAN, NAN, NAN, NAN,,2024/04/06 00:08:47.965,2024-04-06 00:08:47.965000+00:00
2024/04/06, 00:09:47.965,35.73,-74.849, -0.18,231.34,317.78,0.09,12.1,12.2,1007.8,1007.7,0.0,0.0,13.74,11.62,359,353,4.5,4.3,74.7,74.6,4.5,4.3,229.8,223.7,1009.9,1009.8,-6.92,327.8,-0.02,31.6628,11.7451,357.4,30.3,1492.042, NAN, NAN, NAN, NAN,,2024/04/06 00:09:47.965,2024-04-06 00:09:47.965000+00:00
2024/04/06, 00:10:47.965,35.73,-74.849, -0.17,230.67,317.3,0.06,12.1,12.1,1007.7,1007.8,0.0,0.0,13.74,11.62,359,353,4.2,4.1,74.5,74.5,4.2,4.1,229.6,223.6,1009.8,1009.9,-6.91,331.22,-0.02,31.6646,11.7443,360.6,31.2,1492.041, NAN, NAN, NAN, NAN,,2024/04/06 00:10:47.965,2024-04-06 00:10:47.965000+00:00
2024/04/06, 00:11:47.965,35.73,-74.849, -0.21,230.67,15.51,0.15,12.1,12.1,1007.9,1007.8,0.0,0.0,13.74,11.62,3,357,4.4,4.1,75.1,75.2,4.4,4.1,232.7,226.6,1010.0,1009.9,-6.73,335.89,-0.01,31.6657,11.7449,353.6,31.4,1492.044, NAN, NAN, NAN, NAN,,2024/04/06 00:11:47.965,2024-04-06 00:11:47.965000+00:00
2024/04/06, 00:12:47.965,35.73,-74.849, -0.19,231.01,167.66,0.1,12.1,12.1,1007.9,1007.8,0.0,0.0,13.74,11.62,3,357,4.4,4.3,74.7,74.8,4.4,4.3,234.6,228.6,1010.0,1009.9,-6.64,339.15,-0.02,31.6668,11.7443,351.3,31.3,1492.044, NAN, NAN, NAN, NAN,,2024/04/06 00:12:47.965,2024-04-06 00:12:47.965000+00:00
2024/04/06, 00:13:47.965,35.73,-74.849, -0.20,230.44,178.24,0.06,12.0,12.1,1007.8,1007.7,0.0,0.0,13.74,11.62,3,354,4.5,4.3,74.2,74.2,4.5,4.3,233.6,224.5,1009.9,1009.8,-6.56,340.35,-0.01,31.6675,11.7437,352.0,31.5,1492.042, NAN, NAN, NAN, NAN,,2024/04/06 00:13:47.965,2024-04-06 00:13:47.965000+00:00
2024/04/06, 00:14:47.965,35.73,-74.849, -0.22,229.89,161.93,0.14,12.0,12.0,1007.9,1007.7,0.0,0.0,13.74,11.62,3,358,4.6,4.5,73.9,73.6,4.5,4.4,233.0,228.0,1010.0,1009.8,-3.13,342.03,-0.02,31.6682,11.7434,355.0,31.5,1492.042, NAN, NAN, NAN, NAN,,2024/04/06 00:14:47.965,2024-04-06 00:14:47.965000+00:00
2024/04/06, 00:15:47.965,35.73,-74.849, -0.20,231.32,266.75,0.24,12.0,12.0,1007.7,1007.8,0.0,0.0,13.74,11.62,4,358,4.3,4.2,74.1,73.9,4.2,4.1,233.9,227.8,1009.8,1009.9,2.03,345.42,-0.02,31.6677,11.7446,356.9,31.7,1492.046, NAN, NAN, NAN, NAN,,2024/04/06 00:15:47.965,2024-04-06 00:15:47.965000+00:00
2024/04/06, 00:16:47.965,35.73,-74.849, -0.25,231.04,290.47,0.37,12.0,12.0,1007.9,1007.8,0.0,0.0,13.74,11.62,3,357,4.3,3.9,75.0,75.0,4.3,3.9,231.5,225.2,1010.0,1009.9,0.39,348.47,-0.02,31.6679,11.7449,353.2,31.7,1492.047, NAN, NAN, NAN, NAN,,2024/04/06 00:16:47.965,2024-04-06 00:16:47.965000+00:00
2024/04/06, 00:17:47.965,35.73,-74.849, -0.18,231.24,60.65,0.11,12.0,12.0,1008.0,1007.8,0.0,0.0,13.74,11.62,0,355,4.6,4.6,74.3,74.2,4.6,4.6,231.9,226.9,1010.1,1009.9,-6.4,349.05,-0.02,31.6678,11.7457,355.0,31.8,1492.05, NAN, NAN, NAN, NAN,,2024/04/06 00:17:47.965,2024-04-06 00:17:47.965000+00:00
2024/04/06, 00:18:47.966,35.73,-74.849, -0.12,230.8,119.36,0.17,12.0,12.0,1007.8,1007.9,0.0,0.0,13.74,11.62,7,0,4.3,4.0,74.2,74.2,4.3,4.0,238.9,232.0,1009.9,1010.0,-6.26,347.38,-0.02,31.6674,11.7461,352.3,31.8,1492.051, NAN, NAN, NAN, NAN,,2024/04/06 00:18:47.966,2024-04-06 00:18:47.966000+00:00
2024/04/06, 00:19:47.966,35.73,-74.849, -0.19,230.75,161.71,0.26,12.0,12.0,1008.0,1008.0,0.0,0.0,13.74,11.62,7,0,4.1,3.8,75.3,75.3,4.1,3.8,239.5,232.7,1010.1,1010.1,-6.3,343.52,-0.01,31.668,11.7467,349.9,31.7,1492.053, NAN, NAN, NAN, NAN,,2024/04/06 00:19:47.966,2024-04-06 00:19:47.966000+00:00
2024/04/06, 00:20:47.966,35.73,-74.849, -0.11,231.89,313.0,0.31,12.0,12.1,1007.8,1008.0,0.0,0.0,13.74,11.62,9,4,4.1,4.0,75.6,75.7,4.0,4.0,238.8,233.7,1009.9,1010.1,-6.34,339.18,-0.01,31.6682,11.746,352.0,31.7,1492.051, NAN, NAN, NAN, NAN,,2024/04/06 00:20:47.966,2024-04-06 00:20:47.966000+00:00
2024/04/06, 00:21:47.966,35.73,-74.849, -0.16,231.65,337.29,0.25,12.0,12.1,1008.0,1007.7,0.0,0.0,13.74,11.62,14,8,4.3,4.0,75.4,75.5,4.3,4.0,243.9,237.8,1010.1,1009.8,-6.42,336.63,-0.02,31.6686,11.7448,351.6,31.7,1492.048, NAN, NAN, NAN, NAN,,2024/04/06 00:21:47.966,2024-04-06 00:21:47.966000+00:00
2024/04/06, 00:22:47.966,35.73,-74.849, -0.16,230.88,317.67,0.21,12.0,12.0,1008.0,1007.9,0.0,0.0,13.74,11.62,15,7,4.0,3.7,75.4,75.2,3.9,3.6,244.7,236.5,1010.1,1010.0,-6.5,335.7,-0.02,31.6677,11.7426,356.6,31.6,1492.039, NAN, NAN, NAN, NAN,,2024/04/06 00:22:47.966,2024-04-06 00:22:47.966000+00:00
2024/04/06, 00:23:47.966,35.73,-74.849, -0.17,230.68,176.27,0.11,12.0,12.0,1008.0,1007.9,0.0,0.0,13.74,11.62,19,12,4.2,4.0,75.6,75.5,4.1,3.9,249.5,242.4,1010.1,1010.0,-6.49,335.92,-0.02,31.6672,11.7414,351.6,31.9,1492.034, NAN, NAN, NAN, NAN,,2024/04/06 00:23:47.966,2024-04-06 00:23:47.966000+00:00
2024/04/06, 00:24:47.966,35.73,-74.849, -0.18,231.65,267.5,0.06,12.0,12.0,1007.9,1008.0,0.0,0.0,13.74,11.62,13,7,4.0,3.7,75.6,75.5,4.0,3.7,244.8,238.8,1010.0,1010.1,-6.53,337.62,-0.02,31.6677,11.7415,350.7,31.9,1492.035, NAN, NAN, NAN, NAN,,2024/04/06 00:24:47.966,2024-04-06 00:24:47.966000+00:00
2024/04/06, 00:25:47.966,35.73,-74.849, -0.13,230.47,266.75,0.12,12.0,12.0,1008.0,1008.1,0.0,0.0,13.74,11.62,17,11,4.4,4.2,75.9,75.8,4.4,4.2,246.9,240.8,1010.1,1010.2,-6.52,337.25,-0.02,31.6668,11.7422,355.3,32.1,1492.036, NAN, NAN, NAN, NAN,,2024/04/06 00:25:47.966,2024-04-06 00:25:47.966000+00:00
2024/04/06, 00:26:47.966,35.73,-74.849, -0.19,231.57,319.32,0.42,12.0,12.0,1008.0,1008.0,0.0,0.0,13.74,11.62,19,13,4.2,3.8,75.4,75.3,4.2,3.8,247.6,241.3,1010.1,1010.1,-6.53,335.12,-0.02,31.6675,11.7426,352.3,32.2,1492.039, NAN, NAN, NAN, NAN,,2024/04/06 00:26:47.966,2024-04-06 00:26:47.966000+00:00
2024/04/06, 00:27:47.966,35.73,-74.849, -0.16,231.04,52.32,0.12,11.9,12.0,1008.1,1008.0,0.0,0.0,13.74,11.62,20,16,3.8,3.8,74.7,74.8,3.8,3.8,250.3,246.3,1010.2,1010.1,-6.53,334.02,-0.02,31.6683,11.7438,354.7,32.3,1492.044, NAN, NAN, NAN, NAN,,2024/04/06 00:27:47.966,2024-04-06 00:27:47.966000+00:00
2024/04/06, 00:28:47.966,35.73,-74.849, -0.19,231.03,222.86,0.08,11.9,12.0,1008.0,1008.0,0.0,0.0,13.74,11.62,23,17,4.0,3.8,74.8,74.9,4.0,3.8,254.0,248.0,1010.1,1010.1,-6.57,334.38,-0.02,31.6666,11.7445,349.9,32.4,1492.044, NAN, NAN, NAN, NAN,,2024/04/06 00:28:47.966,2024-04-06 00:28:47.966000+00:00
2024/04/06, 00:29:47.966,35.73,-74.849, -0.17,230.01,340.0,0.12,11.9,12.0,1008.0,1008.0,0.0,0.0,13.74,11.62,25,18,4.4,4.1,75.2,75.3,4.4,4.1,254.2,247.2,1010.1,1010.1,-6.56,336.78,-0.02,31.6659,11.7448,348.3,32.4,1492.044, NAN, NAN, NAN, NAN,,2024/04/06 00:29:47.966,2024-04-06 00:29:47.966000+00:00
2024/04/06, 00:30:47.966,35.73,-74.849, -0.16,230.64,176.96,0.29,11.9,11.9,1008.1,1008.0,0.0,0.0,13.74,11.62,27,20,4.2,3.8,75.3,75.5,4.2,3.7,259.6,252.8,1010.2,1010.1,-6.57,339.88,-0.01,31.6664,11.7461,352.9,32.2,1492.049, NAN, NAN, NAN, NAN,,2024/04/06 00:30:47.966,2024-04-06 00:30:47.966000+00:00
2024/04/06, 00:31:47.966,35.73,-74.849, -0.16,230.91,285.6,0.2,11.9,11.9,1008.0,1008.1,0.0,0.0,13.74,11.62,27,22,4.0,3.9,75.6,75.7,3.9,3.8,257.0,251.8,1010.1,1010.2,-6.48,341.15,-0.02,31.6664,11.7467,351.3,32.4,1492.051, NAN, NAN, NAN, NAN,,2024/04/06 00:31:47.966,2024-04-06 00:31:47.966000+00:00
2024/04/06, 00:32:47.966,35.73,-74.849, -0.18,231.32,317.08,0.29,11.9,12.0,1008.0,1008.1,0.0,0.0,13.74,11.62,25,21,4.0,3.7,76.1,75.9,4.0,3.7,254.2,250.0,1010.1,1010.2,-6.45,341.37,-0.01,31.668,11.7466,353.6,32.2,1492.053, NAN, NAN, NAN, NAN,,2024/04/06 00:32:47.966,2024-04-06 00:32:47.966000+00:00
2024/04/06, 00:33:47.966,35.73,-74.849, -0.11,233.44,276.43,0.36,11.9,11.9,1008.1,1008.1,0.0,0.0,13.74,11.62,27,20,3.8,4.0,76.4,76.4,3.6,3.8,259.5,252.3,1010.2,1010.2,-6.46,341.89,-0.01,31.6675,11.7461,353.6,32.3,1492.051, NAN, NAN, NAN, NAN,,2024/04/06 00:33:47.966,2024-04-06 00:33:47.966000+00:00
2024/04/06, 00:34:47.967,35.73,-74.849, -0.09,234.49,313.15,0.08,11.9,11.9,1008.0,1008.1,0.0,0.0,13.74,11.62,24,20,3.7,3.5,76.9,76.8,3.7,3.5,258.1,254.1,1010.1,1010.2,-6.44,343.93,-0.01,31.667,11.7439,352.3,32.3,1492.042, NAN, NAN, NAN, NAN,,2024/04/06 00:34:47.967,2024-04-06 00:34:47.967000+00:00
2024/04/06, 00:35:47.967,35.73,-74.849, -0.11,234.85,220.27,0.13,11.9,11.9,1008.2,1008.1,0.0,0.0,13.74,11.62,27,21,3.5,3.3,77.5,77.2,3.5,3.3,261.0,254.9,1010.3,1010.2,-6.47,345.27,-0.02,31.6658,11.7435,353.9,32.2,1492.04, NAN, NAN, NAN, NAN,,2024/04/06 00:35:47.967,2024-04-06 00:35:47.967000+00:00
2024/04/06, 00:36:47.967,35.73,-74.849, -0.11,234.8,125.89,0.13,11.9,11.9,1008.1,1008.1,0.0,0.0,13.74,11.62,27,19,3.6,3.4,77.9,77.9,3.6,3.4,262.6,254.7,1010.2,1010.2,-6.5,346.66,-0.02,31.6654,11.7437,350.5,32.4,1492.04, NAN, NAN, NAN, NAN,,2024/04/06 00:36:47.967,2024-04-06 00:36:47.967000+00:00
2024/04/06, 00:37:47.967,35.73,-74.849, -0.10,235.41,28.28,0.14,11.9,11.9,1008.0,1008.1,0.0,0.0,13.74,11.62,26,22,3.1,3.0,78.2,78.1,3.2,3.1,261.2,257.3,1010.1,1010.2,-6.49,347.91,-0.01,31.6631,11.7433,352.9,32.6,1492.036, NAN, NAN, NAN, NAN,,2024/04/06 00:37:47.967,2024-04-06 00:37:47.967000+00:00
2024/04/06, 00:38:47.967,35.73,-74.849, -0.09,235.56,57.13,0.25,11.8,11.9,1008.2,1008.1,0.0,0.0,13.74,11.62,24,19,3.4,3.1,78.6,78.3,3.5,3.2,260.8,256.1,1010.3,1010.2,-6.47,349.58,-0.01,31.6633,11.7412,352.3,32.6,1492.029, NAN, NAN, NAN, NAN,,2024/04/06 00:38:47.967,2024-04-06 00:38:47.967000+00:00
2024/04/06, 00:39:47.967,35.73,-74.849, -0.08,234.6,233.22,0.16,11.8,11.8,1008.2,1008.3,0.0,0.0,13.74,11.62,24,18,3.1,3.0,78.0,78.0,3.1,3.0,257.1,251.0,1010.3,1010.4,-6.51,351.61,-0.02,31.6623,11.7397,349.9,32.4,1492.022, NAN, NAN, NAN, NAN,,2024/04/06 00:39:47.967,2024-04-06 00:39:47.967000+00:00
2024/04/06, 00:40:47.967,35.73,-74.849, -0.06,234.24,320.06,0.27,11.8,11.8,1008.3,1008.2,0.0,0.0,13.74,11.62,26,21,3.0,2.8,77.9,77.8,2.9,2.8,257.8,252.5,1010.4,1010.3,-6.42,350.66,-0.02,31.6616,11.7398,352.3,32.2,1492.022, NAN, NAN, NAN, NAN,,2024/04/06 00:40:47.967,2024-04-06 00:40:47.967000+00:00
2024/04/06, 00:41:47.967,35.73,-74.849, -0.13,235.45,317.07,0.18,11.8,11.8,1008.3,1008.2,0.0,0.0,13.74,11.62,27,21,2.6,2.5,78.9,78.7,2.6,2.5,260.6,254.4,1010.4,1010.3,-6.36,348.31,-0.01,31.6602,11.7414,351.0,32.3,1492.026, NAN, NAN, NAN, NAN,,2024/04/06 00:41:47.967,2024-04-06 00:41:47.967000+00:00
2024/04/06, 00:42:47.967,35.73,-74.849, -0.11,234.64,320.42,0.31,11.8,11.8,1008.2,1008.1,0.0,0.0,13.74,11.62,26,20,2.2,2.2,79.2,79.3,2.2,2.2,256.6,250.5,1010.3,1010.2,-6.42,347.68,-0.01,31.6593,11.7428,352.0,32.3,1492.029, NAN, NAN, NAN, NAN,,2024/04/06 00:42:47.967,2024-04-06 00:42:47.967000+00:00
2024/04/06, 00:43:47.967,35.73,-74.849, -0.10,234.47,304.5,0.17,11.8,11.8,1008.3,1008.1,0.0,0.0,13.74,11.62,23,20,2.5,2.3,80.0,79.9,2.4,2.2,256.9,253.7,1010.4,1010.2,-6.49,347.73,-0.02,31.661,11.7429,344.9,31.9,1492.032, NAN, NAN, NAN, NAN,,2024/04/06 00:43:47.967,2024-04-06 00:43:47.967000+00:00
2024/04/06, 00:44:47.967,35.73,-74.849, -0.15,235.0,322.05,0.27,11.8,11.8,1008.1,1008.1,0.0,0.0,13.74,11.62,20,19,2.0,2.5,79.8,80.0,2.0,2.5,251.2,251.0,1010.2,1010.2,-6.5,346.99,-0.02,31.6611,11.7417,350.2,32.0,1492.028, NAN, NAN, NAN, NAN,,2024/04/06 00:44:47.967,2024-04-06 00:44:47.967000+00:00
2024/04/06, 00:45:47.967,35.73,-74.849, -0.08,234.56,305.01,0.33,11.7,11.8,1008.1,1008.2,0.0,0.0,13.74,11.62,26,21,2.0,2.6,80.0,80.1,1.9,2.5,256.2,252.1,1010.2,1010.3,-6.65,344.73,-0.02,31.6599,11.7404,351.0,32.3,1492.022, NAN, NAN, NAN, NAN,,2024/04/06 00:45:47.967,2024-04-06 00:45:47.967000+00:00
2024/04/06, 00:46:47.967,35.73,-74.849, -0.08,235.67,131.83,0.23,11.7,11.7,1008.2,1008.0,0.0,0.0,13.74,11.62,26,19,2.1,2.0,80.0,80.1,2.1,2.0,264.6,257.9,1010.3,1010.1,-6.68,340.95,-0.02,31.6604,11.7401,349.2,32.3,1492.021, NAN, NAN, NAN, NAN,,2024/04/06 00:46:47.967,2024-04-06 00:46:47.967000+00:00
2024/04/06, 00:47:47.967,35.73,-74.849, -0.12,235.31,314.95,0.27,11.7,11.7,1008.3,1008.1,0.0,0.0,13.74,11.62,26,16,2.2,2.1,80.3,80.4,2.1,2.1,258.1,247.7,1010.4,1010.2,-6.71,338.67,-0.01,31.6618,11.7401,353.2,32.3,1492.023, NAN, NAN, NAN, NAN,,2024/04/06 00:47:47.967,2024-04-06 00:47:47.967000+00:00
2024/04/06, 00:48:47.967,35.73,-74.849, -0.11,234.6,184.88,0.28,11.7,11.7,1008.1,1008.1,0.0,0.0,13.74,11.62,22,21,1.7,1.9,80.6,80.8,1.7,1.9,261.3,259.8,1010.2,1010.2,-6.87,339.85,-0.01,31.6651,11.7401,351.3,32.3,1492.027, NAN, NAN, NAN, NAN,,2024/04/06 00:48:47.967,2024-04-06 00:48:47.967000+00:00
2024/04/06, 00:49:47.967,35.73,-74.849, -0.07,234.21,314.27,0.25,11.7,11.7,1008.1,1008.1,0.0,0.0,13.74,11.62,23,14,1.9,2.0,80.7,80.9,1.9,2.0,253.4,244.5,1010.2,1010.2,-6.9,342.33,-0.02,31.669,11.7395,349.9,32.1,1492.03, NAN, NAN, NAN, NAN,,2024/04/06 00:49:47.967,2024-04-06 00:49:47.967000+00:00
2024/04/06, 00:50:47.968,35.73,-74.849, -0.01,230.11,176.62,0.03,11.7,11.7,1008.3,1008.3,0.0,0.0,13.74,11.62,22,15,2.0,2.1,80.9,81.0,2.0,2.1,251.9,244.9,1010.4,1010.4,-6.92,345.14,-0.02,31.6678,11.7398,353.2,32.5,1492.029, NAN, NAN, NAN, NAN,,2024/04/06 00:50:47.968,2024-04-06 00:50:47.968000+00:00
2024/04/06, 00:51:47.968,35.73,-74.849, -0.11,229.19,269.95,0.49,11.7,11.7,1008.3,1008.1,0.0,0.0,13.74,11.62,31,23,2.1,2.8,80.6,80.5,2.0,2.7,254.0,247.3,1010.4,1010.2,-6.98,346.94,-0.01,31.6665,11.7404,349.2,32.7,1492.03, NAN, NAN, NAN, NAN,,2024/04/06 00:51:47.968,2024-04-06 00:51:47.968000+00:00
2024/04/06, 00:52:47.968,35.73,-74.849, -0.16,229.6,87.68,0.16,11.6,11.7,1008.3,1008.3,0.0,0.0,13.74,11.62,33,25,2.2,2.5,78.9,80.6,2.3,2.6,263.9,255.9,1010.4,1010.4,-6.8,346.67,-0.01,31.666,11.7403,352.6,32.6,1492.029, NAN, NAN, NAN, NAN,,2024/04/06 00:52:47.968,2024-04-06 00:52:47.968000+00:00
2024/04/06, 00:53:47.968,35.73,-74.849, -0.15,230.82,144.7,0.44,11.6,11.6,1008.2,1008.1,0.0,0.0,13.74,11.62,27,21,2.1,2.6,78.2,78.1,2.2,2.6,263.7,256.7,1010.3,1010.2,-6.74,345.29,-0.02,31.6652,11.7411,345.2,32.8,1492.031, NAN, NAN, NAN, NAN,,2024/04/06 00:53:47.968,2024-04-06 00:53:47.968000+00:00
2024/04/06, 00:54:47.968,35.73,-74.849, -0.11,230.12,304.37,0.44,11.6,11.6,1008.3,1008.3,0.0,0.0,13.74,11.62,18,16,1.6,1.7,76.8,76.8,1.4,1.5,242.3,240.5,1010.4,1010.4,-6.7,343.6,-0.02,31.6659,11.741,347.6,32.6,1492.031, NAN, NAN, NAN, NAN,,2024/04/06 00:54:47.968,2024-04-06 00:54:47.968000+00:00
2024/04/06, 00:55:47.968,35.73,-74.849, -0.12,229.62,146.5,0.02,11.6,11.6,1008.4,1008.3,0.0,0.0,13.74,11.62,21,16,1.8,2.0,75.9,76.2,1.8,2.0,250.5,245.5,1010.5,1010.4,-6.68,342.74,-0.02,31.668,11.7399,347.5,32.6,1492.03, NAN, NAN, NAN, NAN,,2024/04/06 00:55:47.968,2024-04-06 00:55:47.968000+00:00
2024/04/06, 00:56:47.968,35.73,-74.849, -0.02,228.86,188.5,0.14,11.7,11.7,1008.3,1008.4,0.0,0.0,13.74,11.62,18,3,2.2,1.8,76.1,75.5,2.1,1.7,246.8,231.1,1010.4,1010.5,-6.54,343.31,-0.02,31.6667,11.7381,347.5,32.7,1492.022, NAN, NAN, NAN, NAN,,2024/04/06 00:56:47.968,2024-04-06 00:56:47.968000+00:00
2024/04/06, 00:57:47.968,35.73,-74.849, -0.03,229.93,159.31,0.31,11.7,11.7,1008.3,1008.3,0.0,0.0,13.74,11.62,25,17,2.0,2.2,76.1,74.3,1.9,2.1,250.9,243.1,1010.4,1010.4,-6.62,343.96,-0.02,31.6655,11.7379,350.2,32.7,1492.02, NAN, NAN, NAN, NAN,,2024/04/06 00:57:47.968,2024-04-06 00:57:47.968000+00:00
2024/04/06, 00:58:47.968,35.73,-74.849, 0.03,229.76,0.84,0.12,11.8,11.8,1008.3,1008.4,0.0,0.0,13.74,11.62,19,14,1.9,1.8,75.2,74.5,1.9,1.8,250.2,245.2,1010.4,1010.5,-6.53,344.88,-0.02,31.6663,11.7388,351.6,32.5,1492.024, NAN, NAN, NAN, NAN,,2024/04/06 00:58:47.968,2024-04-06 00:58:47.968000+00:00
2024/04/06, 00:59:47.968,35.73,-74.849, 0.00,230.51,326.5,0.07,11.9,11.9,1008.5,1008.4,0.0,0.0,13.74,11.62,21,14,2.0,2.0,76.3,75.9,2.0,2.0,250.6,243.7,1010.6,1010.5,-6.53,346.35,-0.02,31.6653,11.7382,356.6,32.7,1492.021, NAN, NAN, NAN, NAN,,2024/04/06 00:59:47.968,2024-04-06 00:59:47.968000+00:00
2024/04/06, 01:00:47.968,35.73,-74.849, -0.02,229.88,62.97,0.1,11.9,11.9,1008.5,1008.4,0.0,0.0,13.74,11.62,21,17,2.1,1.8,76.8,76.8,2.1,1.8,249.5,245.3,1010.6,1010.5,-6.54,347.85,-0.02,31.6637,11.7374,348.0,32.7,1492.016, NAN, NAN, NAN, NAN,,2024/04/06 01:00:47.968,2024-04-06 01:00:47.968000+00:00
2024/04/06, 01:01:47.968,35.73,-74.849, -0.10,229.84,159.93,0.18,11.9,11.9,1008.5,1008.3,0.0,0.0,13.74,11.62,30,22,2.1,2.4,78.2,78.0,2.1,2.4,262.3,254.0,1010.6,1010.4,-6.48,349.47,-0.02,31.6648,11.7364,347.5,32.8,1492.014, NAN, NAN, NAN, NAN,,2024/04/06 01:01:47.968,2024-04-06 01:01:47.968000+00:00
2024/04/06, 01:02:47.968,35.73,-74.849, -0.10,229.86,117.51,0.08,11.9,11.9,1008.4,1008.4,0.0,0.0,13.74,11.62,34,27,1.9,3.0,77.9,77.5,1.9,3.0,264.6,257.4,1010.5,1010.5,-6.44,351.14,-0.02,31.6666,11.7343,348.3,32.7,1492.009, NAN, NAN, NAN, NAN,,2024/04/06 01:02:47.968,2024-04-06 01:02:47.968000+00:00
2024/04/06, 01:03:47.968,35.73,-74.849, -0.06,228.74,133.54,0.78,11.8,11.9,1008.5,1008.5,0.0,0.0,13.74,11.62,43,35,2.3,4.0,77.4,77.1,2.6,4.3,277.2,267.6,1010.6,1010.6,-6.48,352.12,-0.02,31.6664,11.7334,350.5,32.9,1492.005, NAN, NAN, NAN, NAN,,2024/04/06 01:03:47.968,2024-04-06 01:03:47.968000+00:00
2024/04/06, 01:04:47.968,35.73,-74.849, -0.07,230.0,293.9,0.22,11.8,11.8,1008.3,1008.5,0.0,0.0,13.74,11.62,53,43,3.0,4.9,72.6,72.0,2.9,4.8,281.9,272.2,1010.4,1010.6,-6.35,353.08,-0.02,31.6652,11.7332,348.9,33.0,1492.003, NAN, NAN, NAN, NAN,,2024/04/06 01:04:47.968,2024-04-06 01:04:47.968000+00:00
2024/04/06, 01:05:47.969,35.73,-74.849, -0.06,230.4,357.24,0.11,11.8,11.8,1008.5,1008.4,0.0,0.0,13.74,11.62,58,44,3.2,5.3,66.8,66.5,3.1,5.3,288.0,274.0,1010.6,1010.5,-6.26,352.9,-0.02,31.6644,11.7328,348.6,33.0,1492.001, NAN, NAN, NAN, NAN,,2024/04/06 01:05:47.969,2024-04-06 01:05:47.969000+00:00
2024/04/06, 01:06:47.969,35.73,-74.849, -0.04,229.44,96.94,0.13,11.9,11.9,1008.5,1008.5,0.0,0.0,13.74,11.62,59,44,3.4,5.5,63.7,63.4,3.5,5.6,287.7,273.1,1010.6,1010.6,-6.03,352.28,-0.02,31.6644,11.7327,350.5,33.0,1492.001, NAN, NAN, NAN, NAN,,2024/04/06 01:06:47.969,2024-04-06 01:06:47.969000+00:00
2024/04/06, 01:07:47.969,35.73,-74.849, -0.05,230.72,118.44,0.05,11.9,12.1,1008.4,1008.5,0.0,0.0,13.74,11.62,59,46,4.1,6.1,63.9,61.8,4.1,6.1,289.4,276.5,1010.5,1010.6,-5.69,352.62,-0.02,31.6628,11.7343,352.3,33.1,1492.004, NAN, NAN, NAN, NAN,,2024/04/06 01:07:47.969,2024-04-06 01:07:47.969000+00:00
2024/04/06, 01:08:47.969,35.73,-74.849, -0.05,229.26,135.65,0.05,12.1,12.2,1008.4,1008.5,0.0,0.0,13.74,11.62,58,46,3.6,5.6,60.2,60.3,3.6,5.6,287.4,275.4,1010.5,1010.6,-5.54,351.32,-0.02,31.664,11.7363,350.2,33.0,1492.013, NAN, NAN, NAN, NAN,,2024/04/06 01:08:47.969,2024-04-06 01:08:47.969000+00:00
2024/04/06, 01:09:47.969,35.73,-74.849, -0.02,230.08,237.11,0.26,12.3,12.3,1008.5,1008.5,0.0,0.0,13.74,11.62,57,44,4.2,6.2,59.3,59.4,4.3,6.2,288.6,275.2,1010.6,1010.6,-5.4,349.7,-0.01,31.6631,11.7379,352.3,33.0,1492.017, NAN, NAN, NAN, NAN,,2024/04/06 01:09:47.969,2024-04-06 01:09:47.969000+00:00
2024/04/06, 01:10:47.969,35.73,-74.849, 0.01,230.08,62.62,0.1,12.4,12.5,1008.6,1008.4,0.0,0.0,13.74,11.62,52,44,4.0,5.9,58.4,58.1,4.1,6.0,282.0,274.1,1010.7,1010.5,-5.41,348.93,-0.02,31.6629,11.7372,350.7,32.8,1492.014, NAN, NAN, NAN, NAN,,2024/04/06 01:10:47.969,2024-04-06 01:10:47.969000+00:00
2024/04/06, 01:11:47.969,35.73,-74.849, -0.04,230.47,64.8,0.22,12.5,12.6,1008.7,1008.7,0.0,0.0,13.74,11.62,54,47,4.0,6.0,58.4,57.8,4.1,6.1,284.4,277.6,1010.8,1010.8,-5.47,349.32,-0.02,31.663,11.7367,353.6,33.0,1492.013, NAN, NAN, NAN, NAN,,2024/04/06 01:11:47.969,2024-04-06 01:11:47.969000+00:00
2024/04/06, 01:12:47.969,35.73,-74.849, -0.05,230.46,12.54,0.36,12.6,12.6,1008.5,1008.5,0.0,0.0,13.74,11.62,58,44,3.8,5.9,59.1,58.7,3.7,5.8,286.1,272.8,1010.6,1010.6,-5.38,349.46,-0.02,31.6639,11.7354,351.6,33.0,1492.009, NAN, NAN, NAN, NAN,,2024/04/06 01:12:47.969,2024-04-06 01:12:47.969000+00:00
2024/04/06, 01:13:47.969,35.73,-74.849, -0.04,230.82,153.23,0.11,12.6,12.7,1008.7,1008.5,0.0,0.0,13.74,11.62,54,43,3.7,5.7,60.0,59.3,3.7,5.7,285.3,274.2,1010.8,1010.6,-5.46,350.08,-0.02,31.6633,11.7344,360.0,33.0,1492.005, NAN, NAN, NAN, NAN,,2024/04/06 01:13:47.969,2024-04-06 01:13:47.969000+00:00
2024/04/06, 01:14:47.969,35.73,-74.849, -0.05,229.16,294.79,0.18,12.6,12.7,1008.7,1008.7,0.0,0.0,13.74,11.62,54,46,3.7,5.6,59.5,59.1,3.7,5.6,284.5,276.1,1010.8,1010.8,-5.57,351.42,-0.02,31.6637,11.7328,354.7,32.8,1492.0, NAN, NAN, NAN, NAN,,2024/04/06 01:14:47.969,2024-04-06 01:14:47.969000+00:00
2024/04/06, 01:15:47.969,35.73,-74.849, -0.03,230.79,103.13,0.27,12.6,12.7,1008.7,1008.6,0.0,0.0,13.74,11.62,58,45,3.7,5.9,59.9,59.6,3.8,6.0,289.5,276.5,1010.8,1010.7,-5.6,352.98,-0.02,31.6635,11.7324,355.0,32.6,1491.998, NAN, NAN, NAN, NAN,,2024/04/06 01:15:47.969,2024-04-06 01:15:47.969000+00:00
2024/04/06, 01:16:47.969,35.73,-74.849, -0.02,229.84,143.73,0.13,12.6,12.6,1008.7,1008.6,0.0,0.0,13.74,11.62,58,46,3.6,5.6,59.6,59.6,3.6,5.6,287.0,275.2,1010.8,1010.7,-5.65,354.07,-0.01,31.6648,11.7303,347.5,32.7,1491.993, NAN, NAN, NAN, NAN,,2024/04/06 01:16:47.969,2024-04-06 01:16:47.969000+00:00
2024/04/06, 01:17:47.969,35.73,-74.849, -0.02,229.86,291.99,0.27,12.6,12.6,1008.7,1008.7,0.0,0.0,13.74,11.62,57,45,3.6,5.9,59.5,59.1,3.5,5.8,286.7,274.5,1010.8,1010.8,-5.67,354.75,-0.02,31.6645,11.7293,355.3,32.8,1491.989, NAN, NAN, NAN, NAN,,2024/04/06 01:17:47.969,2024-04-06 01:17:47.969000+00:00
2024/04/06, 01:18:47.969,35.73,-74.849, 0.00,229.79,296.42,0.5,12.6,12.7,1008.7,1008.7,0.0,0.0,13.74,11.62,58,48,3.8,5.8,59.2,59.1,3.6,5.6,286.6,276.6,1010.8,1010.8,-5.57,355.3,-0.02,31.6637,11.7297,347.6,32.8,1491.989, NAN, NAN, NAN, NAN,,2024/04/06 01:18:47.969,2024-04-06 01:18:47.969000+00:00
2024/04/06, 01:19:47.969,35.73,-74.849, -0.03,230.82,290.63,0.13,12.6,12.7,1008.8,1008.7,0.0,0.0,13.74,11.62,59,59,4.0,4.9,57.5,57.5,3.9,4.8,289.5,289.5,1010.9,1010.8,-5.65,356.53,-0.02,31.6657,11.7297,350.2,32.7,1491.992, NAN, NAN, NAN, NAN,,2024/04/06 01:19:47.969,2024-04-06 01:19:47.969000+00:00
2024/04/06, 01:20:47.969,35.73,-74.849, -0.03,229.62,303.49,0.22,12.7,12.7,1008.7,1008.8,0.0,0.0,13.74,11.62,65,60,6.1,7.2,57.9,58.2,6.0,7.1,294.3,289.3,1010.8,1010.9,-5.69,358.31,-0.02,31.664,11.7302,345.2,32.8,1491.991, NAN, NAN, NAN, NAN,,2024/04/06 01:20:47.969,2024-04-06 01:20:47.969000+00:00
2024/04/06, 01:21:47.970,35.73,-74.849, -0.02,230.51,58.03,0.19,12.9,12.9,1008.7,1008.7,0.0,0.0,13.74,11.62,63,59,5.6,6.5,53.3,53.0,5.6,6.5,292.5,288.7,1010.8,1010.8,-5.47,357.6,-0.01,31.6638,11.7311,346.8,32.7,1491.994, NAN, NAN, NAN, NAN,,2024/04/06 01:21:47.970,2024-04-06 01:21:47.970000+00:00
2024/04/06, 01:22:47.970,35.73,-74.849, 0.04,238.67,293.78,0.23,13.0,13.0,1008.7,1008.6,0.0,0.0,13.74,11.62,58,47,5.7,7.4,49.9,50.0,5.6,7.3,296.6,285.4,1010.8,1010.7,-5.34,356.64,-0.02,31.6648,11.7311,351.0,32.8,1491.995, NAN, NAN, NAN, NAN,,2024/04/06 01:22:47.970,2024-04-06 01:22:47.970000+00:00
2024/04/06, 01:23:47.970,35.73,-74.849, 0.01,239.4,193.78,0.13,13.0,13.1,1008.8,1008.7,0.0,0.0,13.74,11.62,59,52,6.2,8.0,49.7,51.1,6.2,8.0,299.0,291.9,1010.9,1010.8,-5.17,354.99,-0.01,31.6647,11.7303,351.0,32.9,1491.993, NAN, NAN, NAN, NAN,,2024/04/06 01:23:47.970,2024-04-06 01:23:47.970000+00:00
2024/04/06, 01:24:47.970,35.73,-74.849, 0.04,241.4,315.03,0.03,13.2,13.2,1008.7,1008.7,0.0,0.0,13.74,11.62,66,55,5.7,8.5,50.5,50.5,5.7,8.5,307.3,296.3,1010.8,1010.8,-5.2,354.96,-0.02,31.6645,11.7311,349.2,33.0,1491.995, NAN, NAN, NAN, NAN,,2024/04/06 01:24:47.970,2024-04-06 01:24:47.970000+00:00
2024/04/06, 01:25:47.970,35.73,-74.849, 0.08,252.98,349.78,0.03,13.2,13.2,1008.7,1008.7,0.0,0.0,13.74,11.62,51,43,6.6,8.9,49.8,50.1,6.6,8.9,304.1,296.0,1010.8,1010.8,-5.26,356.44,-0.02,31.6648,11.7321,345.2,33.0,1491.999, NAN, NAN, NAN, NAN,,2024/04/06 01:25:47.970,2024-04-06 01:25:47.970000+00:00
2024/04/06, 01:26:47.970,35.73,-74.849, 0.13,260.86,7.29,0.08,13.3,13.3,1008.6,1008.8,0.0,0.0,13.74,11.62,48,41,7.6,9.8,51.5,51.4,7.6,9.8,308.7,301.7,1010.7,1010.9,-5.24,357.11,-0.01,31.666,11.7311,348.6,32.9,1491.997, NAN, NAN, NAN, NAN,,2024/04/06 01:26:47.970,2024-04-06 01:26:47.970000+00:00
2024/04/06, 01:27:47.970,35.73,-74.849, 0.20,269.97,185.56,0.32,13.3,13.3,1008.7,1008.7,0.0,0.0,13.74,11.62,40,33,7.3,9.4,50.7,50.4,7.4,9.5,311.1,303.9,1010.8,1010.8,-5.22,356.24,-0.01,31.6673,11.7307,348.0,33.1,1491.997, NAN, NAN, NAN, NAN,,2024/04/06 01:27:47.970,2024-04-06 01:27:47.970000+00:00
2024/04/06, 01:28:47.970,35.73,-74.849, 0.27,289.04,5.43,0.18,13.3,13.3,1008.7,1008.7,0.0,0.0,13.74,11.62,21,15,7.1,6.7,49.1,49.1,7.0,6.6,309.7,303.6,1010.8,1010.8,-5.39,354.53,-0.02,31.6594,11.7299,350.5,32.8,1491.985, NAN, NAN, NAN, NAN,,2024/04/06 01:28:47.970,2024-04-06 01:28:47.970000+00:00
2024/04/06, 01:29:47.970,35.73,-74.849, 0.29,290.49,355.94,0.25,13.3,13.3,1008.7,1008.7,0.0,0.0,13.74,11.62,14,8,6.6,6.1,50.4,49.8,6.5,6.0,303.6,297.5,1010.8,1010.8,-5.36,353.08,-0.02,31.666,11.7321,350.5,33.0,1492.0, NAN, NAN, NAN, NAN,,2024/04/06 01:29:47.970,2024-04-06 01:29:47.970000+00:00
2024/04/06, 01:30:47.970,35.73,-74.849, 0.29,288.7,230.6,0.12,13.3,13.3,1008.7,1008.7,0.0,0.0,13.74,11.62,18,11,6.6,6.2,51.3,51.2,6.6,6.2,307.1,300.1,1010.8,1010.8,-5.35,352.33,-0.01,31.6659,11.7324,351.3,33.0,1492.001, NAN, NAN, NAN, NAN,,2024/04/06 01:30:47.970,2024-04-06 01:30:47.970000+00:00
2024/04/06, 01:31:47.970,35.73,-74.849, 0.23,289.95,356.13,0.1,13.2,13.3,1008.8,1008.6,0.0,0.0,13.74,11.62,14,7,6.3,6.8,53.5,53.6,6.3,6.8,303.6,296.6,1010.9,1010.7,-5.54,352.95,-0.02,31.6656,11.7318,349.2,33.0,1491.999, NAN, NAN, NAN, NAN,,2024/04/06 01:31:47.970,2024-04-06 01:31:47.970000+00:00
2024/04/06, 01:32:47.970,35.73,-74.849, 0.28,288.31,184.43,0.1,13.1,13.2,1008.7,1008.7,0.0,0.0,13.74,11.62,15,12,6.9,6.7,52.6,53.3,6.9,6.7,303.6,300.6,1010.8,1010.8,-5.76,352.87,-0.02,31.6653,11.7313,347.6,32.9,1491.997, NAN, NAN, NAN, NAN,,2024/04/06 01:32:47.970,2024-04-06 01:32:47.970000+00:00
2024/04/06, 01:33:47.970,35.73,-74.849, 0.31,288.96,2.72,0.21,13.1,13.1,1008.8,1008.8,0.0,0.0,13.74,11.62,17,12,6.6,7.4,52.4,52.4,6.6,7.4,305.1,300.1,1010.9,1010.9,-5.81,351.27,-0.02,31.6666,11.7306,354.0,33.0,1491.996, NAN, NAN, NAN, NAN,,2024/04/06 01:33:47.970,2024-04-06 01:33:47.970000+00:00
2024/04/06, 01:34:47.970,35.73,-74.849, 0.33,289.58,337.48,0.01,13.1,13.1,1008.7,1008.7,0.0,0.0,13.74,11.62,21,13,9.3,8.8,51.6,52.1,9.3,8.8,310.5,302.5,1010.8,1010.8,-5.81,350.11,-0.02,31.6674,11.731,348.6,33.0,1491.998, NAN, NAN, NAN, NAN,,2024/04/06 01:34:47.970,2024-04-06 01:34:47.970000+00:00
2024/04/06, 01:35:47.970,35.73,-74.849, 0.34,289.7,190.2,0.16,13.2,13.2,1008.8,1008.6,0.0,0.0,13.74,11.62,21,14,8.8,8.2,47.6,47.6,8.8,8.2,311.2,304.3,1010.9,1010.7,-5.68,347.9,-0.01,31.6677,11.7319,351.6,33.1,1492.002, NAN, NAN, NAN, NAN,,2024/04/06 01:35:47.970,2024-04-06 01:35:47.970000+00:00
2024/04/06, 01:36:47.971,35.73,-74.849, 0.34,288.12,19.33,0.34,13.3,13.3,1008.8,1008.8,0.0,0.0,13.74,11.62,18,16,7.7,7.7,49.9,49.9,7.7,7.7,304.9,302.8,1010.9,1010.9,-5.66,345.56,-0.02,31.6683,11.7331,352.9,33.0,1492.007, NAN, NAN, NAN, NAN,,2024/04/06 01:36:47.971,2024-04-06 01:36:47.971000+00:00
2024/04/06, 01:37:47.971,35.73,-74.849, 0.23,288.35,34.6,0.37,13.3,13.3,1008.6,1008.7,0.0,0.0,13.74,11.62,20,16,7.3,6.8,50.6,51.0,7.3,6.8,306.9,302.8,1010.7,1010.8,-5.73,343.53,-0.01,31.669,11.7334,352.9,33.0,1492.008, NAN, NAN, NAN, NAN,,2024/04/06 01:37:47.971,2024-04-06 01:37:47.971000+00:00
2024/04/06, 01:38:47.971,35.73,-74.849, 0.30,289.56,131.12,0.1,13.2,13.2,1008.7,1008.7,0.0,0.0,13.74,11.62,21,16,7.8,8.0,52.5,52.3,7.8,8.0,310.9,305.9,1010.8,1010.8,-5.81,343.43,-0.02,31.67,11.7324,352.0,32.9,1492.006, NAN, NAN, NAN, NAN,,2024/04/06 01:38:47.971,2024-04-06 01:38:47.971000+00:00
2024/04/06, 01:39:47.971,35.73,-74.849, 0.26,289.42,69.41,0.14,13.1,13.2,1008.7,1008.7,0.0,0.0,13.74,11.62,21,18,6.9,6.6,52.3,51.9,6.9,6.6,309.9,306.8,1010.8,1010.8,-5.97,341.62,-0.02,31.6527,11.7322,351.0,33.0,1491.985, NAN, NAN, NAN, NAN,,2024/04/06 01:39:47.971,2024-04-06 01:39:47.971000+00:00
2024/04/06, 01:40:47.971,35.73,-74.849, 0.26,288.41,346.7,0.2,13.1,13.1,1008.7,1008.6,0.0,0.0,13.74,11.62,21,14,7.8,7.7,53.3,53.4,7.7,7.6,308.8,301.8,1010.8,1010.7,-6.06,341.86,-0.01,31.6697,11.7321,351.3,33.0,1492.005, NAN, NAN, NAN, NAN,,2024/04/06 01:40:47.971,2024-04-06 01:40:47.971000+00:00
2024/04/06, 01:41:47.971,35.73,-74.849, 0.28,289.52,35.4,0.01,13.1,13.1,1008.7,1008.6,0.0,0.0,13.74,11.62,20,14,8.8,7.9,49.5,49.3,8.8,7.9,309.5,303.5,1010.8,1010.7,-6.09,342.18,-0.02,31.6717,11.7316,349.2,33.1,1492.005, NAN, NAN, NAN, NAN,,2024/04/06 01:41:47.971,2024-04-06 01:41:47.971000+00:00
2024/04/06, 01:42:47.971,35.73,-74.849, 0.28,289.01,189.41,0.04,13.2,13.2,1008.7,1008.6,0.0,0.0,13.74,11.62,18,14,9.0,8.2,51.8,51.7,9.0,8.2,307.1,303.1,1010.8,1010.7,-5.99,342.56,-0.01,31.6757,11.7324,350.7,33.1,1492.013, NAN, NAN, NAN, NAN,,2024/04/06 01:42:47.971,2024-04-06 01:42:47.971000+00:00
2024/04/06, 01:43:47.971,35.73,-74.849, 0.30,288.64,317.23,0.1,13.2,13.2,1008.7,1008.7,0.0,0.0,13.74,11.62,21,14,8.0,8.2,53.1,53.1,8.0,8.2,309.9,302.9,1010.8,1010.8,-5.94,341.97,-0.01,31.677,11.7351,347.6,32.8,1492.024, NAN, NAN, NAN, NAN,,2024/04/06 01:43:47.971,2024-04-06 01:43:47.971000+00:00
2024/04/06, 01:44:47.971,35.73,-74.849, 0.30,289.23,25.15,0.19,13.1,13.2,1008.8,1008.7,0.0,0.0,13.74,11.62,19,15,7.8,7.8,53.0,52.9,7.8,7.8,307.5,303.5,1010.9,1010.8,-5.95,341.38,-0.02,31.6779,11.7369,354.4,32.6,1492.031, NAN, NAN, NAN, NAN,,2024/04/06 01:44:47.971,2024-04-06 01:44:47.971000+00:00
2024/04/06, 01:45:47.971,35.73,-74.849, 0.31,288.81,78.73,0.2,13.1,13.2,1008.7,1008.8,0.0,0.0,13.74,11.62,20,16,8.5,8.3,54.1,53.1,8.5,8.3,308.2,304.2,1010.8,1010.9,-6.14,341.17,-0.01,31.6775,11.7369,351.3,32.6,1492.031, NAN, NAN, NAN, NAN,,2024/04/06 01:45:47.971,2024-04-06 01:45:47.971000+00:00
2024/04/06, 01:46:47.971,35.73,-74.849, 0.31,288.68,209.0,0.08,13.1,13.1,1008.7,1008.7,0.0,0.0,13.74,11.62,23,16,8.4,8.5,52.5,52.4,8.4,8.5,312.0,305.0,1010.8,1010.8,-6.12,340.21,-0.03,31.6767,11.7368,354.4,32.5,1492.029, NAN, NAN, NAN, NAN,,2024/04/06 01:46:47.971,2024-04-06 01:46:47.971000+00:00
2024/04/06, 01:47:47.971,35.73,-74.849, 0.33,288.37,323.93,0.17,13.1,13.1,1008.7,1008.8,0.0,0.0,13.74,11.62,24,18,8.3,8.3,53.0,53.2,8.2,8.3,311.9,305.9,1010.8,1010.9,-6.09,340.55,-0.02,31.6761,11.7373,352.3,32.6,1492.03, NAN, NAN, NAN, NAN,,2024/04/06 01:47:47.971,2024-04-06 01:47:47.971000+00:00
2024/04/06, 01:48:47.971,35.73,-74.849, 0.31,288.83,14.03,0.1,13.0,13.1,1008.7,1008.6,0.0,0.0,13.74,11.62,20,13,8.3,7.5,53.5,53.6,8.3,7.5,308.5,301.4,1010.8,1010.7,-6.1,340.62,-0.02,31.676,11.7355,349.6,32.7,1492.024, NAN, NAN, NAN, NAN,,2024/04/06 01:48:47.971,2024-04-06 01:48:47.971000+00:00
2024/04/06, 01:49:47.971,35.73,-74.849, 0.28,290.38,50.77,0.04,13.0,13.0,1008.7,1008.7,0.0,0.0,13.74,11.62,17,11,8.7,8.8,56.3,56.3,8.7,8.8,307.4,301.4,1010.8,1010.8,-6.07,342.56,-0.02,31.6768,11.7342,350.7,32.7,1492.021, NAN, NAN, NAN, NAN,,2024/04/06 01:49:47.971,2024-04-06 01:49:47.971000+00:00
2024/04/06, 01:50:47.971,35.73,-74.849, 0.29,288.62,268.99,0.11,12.9,13.0,1008.6,1008.7,0.0,0.0,13.74,11.62,20,14,9.0,8.5,55.2,55.1,8.9,8.4,308.6,302.6,1010.7,1010.8,-6.26,343.93,-0.02,31.6765,11.7324,348.6,32.9,1492.014, NAN, NAN, NAN, NAN,,2024/04/06 01:50:47.971,2024-04-06 01:50:47.971000+00:00
2024/04/06, 01:51:47.972,35.73,-74.849, 0.32,289.66,197.92,0.27,12.9,12.9,1008.8,1008.6,0.0,0.0,13.74,11.62,23,18,8.5,8.2,56.0,55.7,8.6,8.3,313.5,308.6,1010.9,1010.7,-6.2,344.88,-0.02,31.6762,11.7318,349.6,32.9,1492.012, NAN, NAN, NAN, NAN,,2024/04/06 01:51:47.972,2024-04-06 01:51:47.972000+00:00
2024/04/06, 01:52:47.972,35.73,-74.849, 0.33,289.54,23.86,0.11,12.9,12.9,1008.8,1008.8,0.0,0.0,13.74,11.62,22,15,8.7,8.0,56.8,56.6,8.7,8.0,311.3,304.2,1010.9,1010.9,-6.08,346.69,-0.02,31.6758,11.7318,355.3,33.1,1492.011, NAN, NAN, NAN, NAN,,2024/04/06 01:52:47.972,2024-04-06 01:52:47.972000+00:00
2024/04/06, 01:53:47.972,35.73,-74.849, 0.30,288.77,178.7,0.08,12.8,12.9,1008.7,1008.7,0.0,0.0,13.74,11.62,21,17,8.6,8.0,57.2,57.0,8.6,8.0,309.8,305.8,1010.8,1010.8,-6.1,348.01,-0.02,31.6752,11.7298,351.6,33.3,1492.003, NAN, NAN, NAN, NAN,,2024/04/06 01:53:47.972,2024-04-06 01:53:47.972000+00:00
2024/04/06, 01:54:47.972,35.73,-74.849, 0.29,288.01,8.39,0.29,12.8,12.8,1008.7,1008.8,0.0,0.0,13.74,11.62,19,13,8.4,8.0,57.3,57.3,8.4,8.0,306.0,299.9,1010.8,1010.9,-6.11,348.7,-0.01,31.6765,11.7281,360.8,33.4,1491.999, NAN, NAN, NAN, NAN,,2024/04/06 01:54:47.972,2024-04-06 01:54:47.972000+00:00
2024/04/06, 01:55:47.972,35.73,-74.849, 0.32,289.71,61.97,0.14,12.7,12.8,1008.8,1008.7,0.0,0.0,13.74,11.62,21,16,8.1,8.0,57.7,57.5,8.1,8.0,311.2,306.2,1010.9,1010.8,-6.16,348.79,-0.01,31.6778,11.7276,351.3,33.2,1491.999, NAN, NAN, NAN, NAN,,2024/04/06 01:55:47.972,2024-04-06 01:55:47.972000+00:00
2024/04/06, 01:56:47.972,35.73,-74.849, 0.27,288.57,151.73,0.14,12.7,12.7,1008.7,1008.6,0.0,0.0,13.74,11.62,22,16,7.8,7.9,58.3,58.6,7.9,7.9,310.9,304.9,1010.8,1010.7,-6.1,348.86,-0.01,31.6772,11.7261,349.6,33.2,1491.993, NAN, NAN, NAN, NAN,,2024/04/06 01:56:47.972,2024-04-06 01:56:47.972000+00:00
2024/04/06, 01:57:47.972,35.73,-74.849, 0.29,288.34,351.25,0.08,12.6,12.7,1008.8,1008.7,0.0,0.0,13.74,11.62,21,15,8.2,8.0,59.4,59.2,8.2,8.0,309.1,303.1,1010.9,1010.8,-6.09,349.67,-0.02,31.6782,11.7249,352.6,33.2,1491.99, NAN, NAN, NAN, NAN,,2024/04/06 01:57:47.972,2024-04-06 01:57:47.972000+00:00
2024/04/06, 01:58:47.972,35.73,-74.849, 0.25,289.33,43.36,0.16,12.6,12.6,1008.8,1008.9,0.0,0.0,13.74,11.62,23,18,8.7,7.9,59.4,59.3,8.7,7.9,311.8,306.8,1010.9,1011.0,-6.18,350.62,-0.01,31.6779,11.7242,354.4,33.4,1491.987, NAN, NAN, NAN, NAN,,2024/04/06 01:58:47.972,2024-04-06 01:58:47.972000+00:00
2024/04/06, 01:59:47.972,35.73,-74.849, 0.28,288.52,59.81,0.06,12.6,12.6,1008.8,1008.7,0.0,0.0,13.74,11.62,22,18,8.0,7.7,59.9,59.9,8.0,7.7,310.4,306.4,1010.9,1010.8,-6.08,350.65,-0.01,31.6777,11.7236,354.4,33.5,1491.985, NAN, NAN, NAN, NAN,,2024/04/06 01:59:47.972,2024-04-06 01:59:47.972000+00:00
2024/04/06, 02:00:47.972,35.73,-74.849, 0.28,289.15,227.73,0.09,12.6,12.6,1008.8,1008.8,0.0,0.0,13.74,11.62,20,16,8.4,8.1,59.8,60.2,8.4,8.1,309.5,305.5,1010.9,1010.9,-6.15,351.08,-0.02,31.6778,11.7243,355.0,33.4,1491.987, NAN, NAN, NAN, NAN,,2024/04/06 02:00:47.972,2024-04-06 02:00:47.972000+00:00
2024/04/06, 02:01:47.972,35.73,-74.849, 0.29,289.21,355.25,0.28,12.5,12.5,1008.9,1008.8,0.0,0.0,13.74,11.62,20,16,8.5,7.4,60.0,60.2,8.5,7.4,308.3,304.1,1011.0,1010.9,-6.09,351.06,-0.02,31.6779,11.7251,347.6,33.4,1491.99, NAN, NAN, NAN, NAN,,2024/04/06 02:01:47.972,2024-04-06 02:01:47.972000+00:00
2024/04/06, 02:02:47.972,35.73,-74.849, 0.29,289.67,209.71,0.14,12.5,12.5,1008.8,1008.8,0.0,0.0,13.74,11.62,23,18,7.5,7.3,60.4,60.0,7.5,7.3,313.2,308.2,1010.9,1010.9,-6.07,350.79,-0.02,31.678,11.7257,351.0,33.4,1491.993, NAN, NAN, NAN, NAN,,2024/04/06 02:02:47.972,2024-04-06 02:02:47.972000+00:00
2024/04/06, 02:03:47.972,35.73,-74.849, 0.33,288.04,318.33,0.13,12.5,12.5,1008.8,1008.8,0.0,0.0,13.74,11.62,21,17,8.1,7.4,61.9,59.6,8.0,7.4,308.7,304.7,1010.9,1010.9,-6.13,350.95,-0.01,31.6779,11.7254,352.9,33.4,1491.991, NAN, NAN, NAN, NAN,,2024/04/06 02:03:47.972,2024-04-06 02:03:47.972000+00:00
2024/04/06, 02:04:47.972,35.73,-74.849, 0.28,288.66,185.22,0.24,12.4,12.4,1008.9,1008.8,0.0,0.0,13.74,11.62,26,16,8.1,7.3,62.3,62.1,8.2,7.4,315.4,305.5,1011.0,1010.9,-6.16,351.4,-0.02,31.6787,11.7246,349.9,33.4,1491.99, NAN, NAN, NAN, NAN,,2024/04/06 02:04:47.972,2024-04-06 02:04:47.972000+00:00
2024/04/06, 02:05:47.972,35.73,-74.849, 0.30,289.05,128.3,0.02,12.4,12.4,1008.9,1008.7,0.0,0.0,13.74,11.62,26,21,7.1,7.3,62.5,61.0,7.1,7.3,315.0,310.0,1011.0,1010.8,-6.09,351.15,-0.02,31.6789,11.7246,355.0,33.3,1491.99, NAN, NAN, NAN, NAN,,2024/04/06 02:05:47.972,2024-04-06 02:05:47.972000+00:00
2024/04/06, 02:06:47.972,35.73,-74.849, 0.32,288.1,244.44,0.14,12.4,12.4,1008.9,1008.8,0.0,0.0,13.74,11.62,23,16,7.0,6.8,62.2,62.2,7.0,6.8,311.7,304.7,1011.0,1010.9,-6.11,350.98,-0.02,31.6796,11.725,350.5,33.3,1491.992, NAN, NAN, NAN, NAN,,2024/04/06 02:06:47.972,2024-04-06 02:06:47.972000+00:00
2024/04/06, 02:07:47.973,35.73,-74.849, 0.27,290.24,20.28,0.15,12.4,12.4,1009.0,1008.9,0.0,0.0,13.74,11.62,23,17,7.8,7.8,62.8,62.8,7.8,7.8,312.7,306.7,1011.1,1011.0,-6.15,351.13,-0.02,31.6796,11.7249,354.4,33.4,1491.992, NAN, NAN, NAN, NAN,,2024/04/06 02:07:47.973,2024-04-06 02:07:47.973000+00:00
2024/04/06, 02:08:47.973,35.73,-74.849, 0.29,288.2,344.9,0.12,12.3,12.4,1009.0,1008.8,0.0,0.0,13.74,11.62,22,18,7.1,6.7,62.7,62.3,7.0,6.6,310.0,305.9,1011.1,1010.9,-6.13,350.85,-0.01,31.6813,11.7244,352.0,33.4,1491.992, NAN, NAN, NAN, NAN,,2024/04/06 02:08:47.973,2024-04-06 02:08:47.973000+00:00
2024/04/06, 02:09:47.973,35.73,-74.849, 0.29,289.45,143.85,0.05,12.3,12.3,1008.8,1008.7,0.0,0.0,13.74,11.62,21,15,6.5,6.8,64.6,64.7,6.5,6.8,310.3,304.4,1010.9,1010.8,-6.04,350.98,-0.01,31.6826,11.7257,350.5,33.5,1491.998, NAN, NAN, NAN, NAN,,2024/04/06 02:09:47.973,2024-04-06 02:09:47.973000+00:00
2024/04/06, 02:10:47.973,35.73,-74.849, 0.26,289.97,200.05,0.3,12.2,12.2,1008.7,1008.8,0.0,0.0,13.74,11.62,24,16,6.8,6.8,64.4,64.5,6.8,6.8,315.2,307.3,1010.8,1010.9,-6.19,350.46,-0.01,31.6827,11.7237,348.6,33.3,1491.991, NAN, NAN, NAN, NAN,,2024/04/06 02:10:47.973,2024-04-06 02:10:47.973000+00:00
2024/04/06, 02:11:47.973,35.73,-74.849, 0.33,288.08,343.9,0.07,12.2,12.2,1008.8,1008.9,0.0,0.0,13.74,11.62,20,15,7.1,6.6,66.3,66.2,7.1,6.6,308.0,303.0,1010.9,1011.0,-6.17,350.42,-0.01,31.6824,11.7224,357.2,33.3,1491.986, NAN, NAN, NAN, NAN,,2024/04/06 02:11:47.973,2024-04-06 02:11:47.973000+00:00
2024/04/06, 02:12:47.973,35.73,-74.849, 0.26,289.61,34.99,0.08,12.1,12.1,1008.9,1008.8,0.0,0.0,13.74,11.62,21,16,7.3,6.8,66.7,66.7,7.3,6.8,310.3,305.3,1011.0,1010.9,-6.2,350.14,-0.01,31.684,11.7212,352.3,33.2,1491.984, NAN, NAN, NAN, NAN,,2024/04/06 02:12:47.973,2024-04-06 02:12:47.973000+00:00
2024/04/06, 02:13:47.973,35.73,-74.849, 0.28,288.83,17.14,0.11,12.1,12.1,1008.8,1008.9,0.0,0.0,13.74,11.62,20,16,6.8,7.0,66.4,66.4,6.8,7.0,308.4,304.4,1010.9,1011.0,-6.27,350.35,-0.02,31.6827,11.72,357.4,33.4,1491.978, NAN, NAN, NAN, NAN,,2024/04/06 02:13:47.973,2024-04-06 02:13:47.973000+00:00
2024/04/06, 02:14:47.973,35.73,-74.849, 0.31,288.96,11.12,0.55,12.0,12.1,1008.8,1008.7,0.0,0.0,13.74,11.62,22,17,7.1,6.7,66.5,66.5,7.0,6.6,308.9,303.7,1010.9,1010.8,-6.14,350.64,-0.01,31.6839,11.7202,354.7,35.4,1491.98, NAN, NAN, NAN, NAN,,2024/04/06 02:14:47.973,2024-04-06 02:14:47.973000+00:00
2024/04/06, 02:15:47.973,35.73,-74.849, 0.28,289.06,223.02,0.32,12.0,12.0,1008.8,1008.8,0.0,0.0,13.74,11.62,23,18,7.0,6.3,66.8,66.8,7.0,6.3,313.4,308.5,1010.9,1010.9,-6.21,350.89,-0.02,31.6848,11.72,351.0,35.4,1491.981, NAN, NAN, NAN, NAN,,2024/04/06 02:15:47.973,2024-04-06 02:15:47.973000+00:00
2024/04/06, 02:16:47.973,35.73,-74.849, 0.26,289.43,166.96,0.34,12.0,12.0,1008.9,1008.8,0.0,0.0,13.74,11.62,24,19,6.6,6.6,67.3,67.2,6.7,6.7,314.5,309.6,1011.0,1010.9,-6.12,351.42,-0.01,31.6856,11.7196,351.6,35.5,1491.98, NAN, NAN, NAN, NAN,,2024/04/06 02:16:47.973,2024-04-06 02:16:47.973000+00:00
2024/04/06, 02:17:47.973,35.73,-74.849, 0.29,288.5,19.13,0.24,12.0,12.0,1008.7,1008.8,0.0,0.0,13.74,11.62,23,21,6.7,6.5,66.8,66.6,6.7,6.5,310.4,308.4,1010.8,1010.9,-6.07,351.62,-0.01,31.6853,11.7193,353.9,35.6,1491.979, NAN, NAN, NAN, NAN,,2024/04/06 02:17:47.973,2024-04-06 02:17:47.973000+00:00
2024/04/06, 02:18:47.973,35.73,-74.849, 0.31,288.43,143.86,0.08,12.0,12.0,1008.8,1008.7,0.0,0.0,13.74,11.62,24,19,7.0,6.9,64.8,65.2,7.0,6.9,312.1,307.1,1010.9,1010.8,-6.11,351.87,-0.02,31.6849,11.7204,349.9,35.7,1491.982, NAN, NAN, NAN, NAN,,2024/04/06 02:18:47.973,2024-04-06 02:18:47.973000+00:00
2024/04/06, 02:19:47.973,35.73,-74.849, 0.27,289.27,110.67,0.12,12.0,12.0,1008.8,1008.8,0.0,0.0,13.74,11.62,23,19,7.1,6.4,65.1,65.0,7.1,6.4,311.9,307.9,1010.9,1010.9,-6.12,351.58,-0.01,31.6848,11.7216,352.6,35.6,1491.986, NAN, NAN, NAN, NAN,,2024/04/06 02:19:47.973,2024-04-06 02:19:47.973000+00:00
2024/04/06, 02:20:47.973,35.73,-74.849, 0.29,289.52,204.59,0.45,12.0,12.0,1008.8,1008.7,0.0,0.0,13.74,11.62,23,17,7.2,6.6,65.7,65.8,7.3,6.6,314.3,308.5,1010.9,1010.8,-6.03,351.46,-0.01,31.6848,11.7227,350.7,35.7,1491.99, NAN, NAN, NAN, NAN,,2024/04/06 02:20:47.973,2024-04-06 02:20:47.973000+00:00
2024/04/06, 02:21:47.973,35.73,-74.849, 0.30,289.23,252.61,0.14,12.0,12.0,1008.8,1008.9,0.0,0.0,13.74,11.62,21,17,7.0,6.6,66.3,66.3,6.9,6.5,310.3,306.3,1010.9,1011.0,-6.01,351.78,-0.01,31.6854,11.7232,349.9,35.7,1491.993, NAN, NAN, NAN, NAN,,2024/04/06 02:21:47.973,2024-04-06 02:21:47.973000+00:00
2024/04/06, 02:22:47.974,35.73,-74.849, 0.27,289.04,300.09,0.07,12.0,12.0,1008.8,1008.8,0.0,0.0,13.74,11.62,21,16,6.7,6.5,65.9,65.9,6.7,6.5,310.3,305.3,1010.9,1010.9,-5.96,351.68,-0.02,31.6853,11.7224,347.2,35.8,1491.99, NAN, NAN, NAN, NAN,,2024/04/06 02:22:47.974,2024-04-06 02:22:47.974000+00:00
2024/04/06, 02:23:47.974,35.73,-74.849, 0.28,288.6,240.35,0.04,12.0,12.0,1008.8,1008.8,0.0,0.0,13.74,11.62,21,16,6.8,6.6,65.9,66.1,6.8,6.6,309.7,304.7,1010.9,1010.9,-5.95,351.55,-0.02,31.6864,11.7209,351.3,35.7,1491.986, NAN, NAN, NAN, NAN,,2024/04/06 02:23:47.974,2024-04-06 02:23:47.974000+00:00
2024/04/06, 02:24:47.974,35.73,-74.849, 0.27,288.73,6.05,0.32,11.9,12.0,1008.7,1008.8,0.0,0.0,13.74,11.62,18,13,6.6,6.4,66.5,66.9,6.6,6.4,305.4,300.3,1010.8,1010.9,-6.02,351.96,-0.01,31.6863,11.7207,352.9,35.8,1491.985, NAN, NAN, NAN, NAN,,2024/04/06 02:24:47.974,2024-04-06 02:24:47.974000+00:00
2024/04/06, 02:25:47.974,35.73,-74.849, 0.27,289.09,109.31,0.16,11.9,11.9,1008.8,1008.7,0.0,0.0,13.74,11.62,21,15,7.1,6.6,68.0,67.8,7.1,6.6,309.4,303.4,1010.9,1010.8,-6.07,352.18,-0.01,31.6865,11.7217,354.4,35.8,1491.989, NAN, NAN, NAN, NAN,,2024/04/06 02:25:47.974,2024-04-06 02:25:47.974000+00:00
2024/04/06, 02:26:47.974,35.73,-74.849, 0.27,288.27,183.7,0.2,11.9,11.9,1008.8,1008.7,0.0,0.0,13.74,11.62,22,16,6.9,6.5,67.7,68.0,7.0,6.6,310.9,305.0,1010.9,1010.8,-5.95,352.23,-0.01,31.6862,11.7235,348.9,35.4,1491.995, NAN, NAN, NAN, NAN,,2024/04/06 02:26:47.974,2024-04-06 02:26:47.974000+00:00
2024/04/06, 02:27:47.974,35.73,-74.849, 0.27,289.77,294.07,0.07,11.9,11.9,1008.7,1008.7,0.0,0.0,13.74,11.62,20,15,6.3,5.8,67.4,67.3,6.3,5.8,309.5,304.4,1010.8,1010.8,-6.11,351.96,-0.02,31.6859,11.7238,347.5,36.2,1491.995, NAN, NAN, NAN, NAN,,2024/04/06 02:27:47.974,2024-04-06 02:27:47.974000+00:00
2024/04/06, 02:28:47.974,35.73,-74.849, 0.30,288.19,219.53,0.09,11.9,11.9,1008.9,1008.8,0.0,0.0,13.74,11.62,22,16,6.7,6.3,67.2,67.1,6.7,6.3,310.4,304.5,1011.0,1010.9,-6.05,352.11,-0.01,31.6845,11.7213,358.0,36.1,1491.985, NAN, NAN, NAN, NAN,,2024/04/06 02:28:47.974,2024-04-06 02:28:47.974000+00:00
2024/04/06, 02:29:47.974,35.73,-74.849, 0.29,289.04,252.67,0.23,11.9,11.9,1008.8,1008.8,0.0,0.0,13.74,11.62,23,17,7.1,6.6,67.1,67.0,7.1,6.6,313.0,307.1,1010.9,1010.9,-6.03,352.12,-0.01,31.6864,11.719,346.2,36.0,1491.979, NAN, NAN, NAN, NAN,,2024/04/06 02:29:47.974,2024-04-06 02:29:47.974000+00:00
2024/04/06, 02:30:47.974,35.73,-74.849, 0.31,288.69,212.78,0.13,11.8,11.9,1008.7,1008.8,0.0,0.0,13.74,11.62,21,15,6.8,6.6,66.9,66.7,6.8,6.6,310.2,304.2,1010.8,1010.9,-5.99,352.41,-0.01,31.6872,11.718,352.0,36.1,1491.977, NAN, NAN, NAN, NAN,,2024/04/06 02:30:47.974,2024-04-06 02:30:47.974000+00:00
2024/04/06, 02:31:47.974,35.73,-74.849, 0.31,289.22,232.76,0.13,11.8,11.9,1008.8,1008.8,0.0,0.0,13.74,11.62,23,18,7.1,6.9,67.5,67.6,7.1,6.9,311.7,306.7,1010.9,1010.9,-5.97,352.35,-0.01,31.6884,11.7162,354.4,33.1,1491.972, NAN, NAN, NAN, NAN,,2024/04/06 02:31:47.974,2024-04-06 02:31:47.974000+00:00
2024/04/06, 02:32:47.974,35.73,-74.849, 0.26,289.1,97.43,0.1,11.8,11.9,1008.8,1008.8,0.0,0.0,13.74,11.62,22,18,6.8,6.3,66.3,66.4,6.8,6.3,310.7,306.6,1010.9,1010.9,-5.98,352.67,-0.01,31.6893,11.7167,350.2,31.5,1491.975, NAN, NAN, NAN, NAN,,2024/04/06 02:32:47.974,2024-04-06 02:32:47.974000+00:00
2024/04/06, 02:33:47.974,35.73,-74.849, 0.30,289.08,105.84,0.06,11.9,11.9,1008.8,1008.7,0.0,0.0,13.74,11.62,21,15,6.6,6.4,66.8,66.8,6.6,6.4,309.9,303.9,1010.9,1010.8,-6.01,352.81,-0.02,31.6905,11.7178,352.3,31.5,1491.98, NAN, NAN, NAN, NAN,,2024/04/06 02:33:47.974,2024-04-06 02:33:47.974000+00:00
2024/04/06, 02:34:47.974,35.73,-74.849, 0.26,289.0,4.69,0.34,11.9,11.9,1008.7,1008.7,0.0,0.0,13.74,11.62,22,16,7.0,6.5,65.8,65.9,6.9,6.4,309.8,303.6,1010.8,1010.8,-5.83,352.95,-0.01,31.6899,11.7177,346.5,31.4,1491.979, NAN, NAN, NAN, NAN,,2024/04/06 02:34:47.974,2024-04-06 02:34:47.974000+00:00
2024/04/06, 02:35:47.974,35.73,-74.849, 0.27,288.67,194.1,0.25,11.9,11.9,1008.7,1008.7,0.0,0.0,13.74,11.62,21,16,6.8,6.5,66.0,65.8,6.9,6.5,310.6,305.7,1010.8,1010.8,-5.86,352.86,-0.01,31.6902,11.7176,348.9,31.3,1491.979, NAN, NAN, NAN, NAN,,2024/04/06 02:35:47.974,2024-04-06 02:35:47.974000+00:00
2024/04/06, 02:36:47.974,35.73,-74.849, 0.24,289.99,353.99,0.12,11.9,11.9,1008.7,1008.9,0.0,0.0,13.74,11.62,22,16,6.6,6.6,66.1,66.1,6.6,6.6,311.5,305.5,1010.8,1011.0,-5.95,353.01,-0.01,31.6915,11.7187,349.6,31.4,1491.984, NAN, NAN, NAN, NAN,,2024/04/06 02:36:47.974,2024-04-06 02:36:47.974000+00:00
2024/04/06, 02:37:47.975,35.73,-74.849, 0.33,288.67,135.4,0.27,11.9,11.9,1008.8,1008.8,0.0,0.0,13.74,11.62,21,16,7.4,6.8,65.5,65.6,7.4,6.8,310.7,305.8,1010.9,1010.9,-5.81,353.03,-0.02,31.6913,11.7172,353.9,31.3,1491.979, NAN, NAN, NAN, NAN,,2024/04/06 02:37:47.975,2024-04-06 02:37:47.975000+00:00
2024/04/06, 02:38:47.975,35.73,-74.849, 0.33,289.27,26.84,0.39,11.9,11.9,1008.8,1008.7,0.0,0.0,13.74,11.62,23,17,6.9,6.5,65.6,65.6,6.9,6.5,310.6,304.5,1010.9,1010.8,-5.76,353.27,-0.02,31.6922,11.7167,350.2,31.3,1491.978, NAN, NAN, NAN, NAN,,2024/04/06 02:38:47.975,2024-04-06 02:38:47.975000+00:00
2024/04/06, 02:39:47.975,35.73,-74.849, 0.33,288.75,202.03,0.26,11.9,11.9,1008.8,1008.7,0.0,0.0,13.74,11.62,24,19,6.8,6.5,65.5,65.5,6.8,6.5,313.8,308.9,1010.9,1010.8,-5.82,353.31,-0.01,31.665,11.7164,350.7,31.5,1491.945, NAN, NAN, NAN, NAN,,2024/04/06 02:39:47.975,2024-04-06 02:39:47.975000+00:00
2024/04/06, 02:40:47.975,35.73,-74.849, 0.32,289.62,199.84,0.1,11.9,11.9,1008.9,1008.7,0.0,0.0,13.74,11.62,20,15,6.7,6.5,65.3,65.5,6.7,6.5,310.1,305.1,1011.0,1010.8,-5.8,353.55,-0.01,31.6921,11.7155,353.9,36.0,1491.974, NAN, NAN, NAN, NAN,,2024/04/06 02:40:47.975,2024-04-06 02:40:47.975000+00:00
2024/04/06, 02:41:47.975,35.73,-74.849, 0.27,289.67,78.28,0.14,11.9,11.9,1008.6,1008.7,0.0,0.0,13.74,11.62,24,19,7.1,6.7,65.6,65.5,7.1,6.7,314.2,309.2,1010.7,1010.8,-5.81,353.58,-0.01,31.6933,11.7147,357.7,29.7,1491.973, NAN, NAN, NAN, NAN,,2024/04/06 02:41:47.975,2024-04-06 02:41:47.975000+00:00
2024/04/06, 02:42:47.975,35.73,-74.849, 0.36,288.58,36.36,0.31,11.9,11.9,1008.7,1008.7,0.0,0.0,13.74,11.62,21,18,6.3,6.4,66.5,66.1,6.2,6.3,308.2,305.2,1010.8,1010.8,-5.7,353.22,-0.02,31.6929,11.7145,351.0,25.8,1491.971, NAN, NAN, NAN, NAN,,2024/04/06 02:42:47.975,2024-04-06 02:42:47.975000+00:00
2024/04/06, 02:43:47.975,35.73,-74.849, 0.33,288.95,348.75,0.19,11.9,11.9,1008.7,1008.7,0.0,0.0,13.74,11.62,22,17,7.9,7.4,66.4,66.3,7.8,7.3,310.4,305.3,1010.8,1010.8,-5.73,353.06,-0.01,31.694,11.7139,353.6,25.6,1491.971, NAN, NAN, NAN, NAN,,2024/04/06 02:43:47.975,2024-04-06 02:43:47.975000+00:00
2024/04/06, 02:44:47.975,35.73,-74.849, 0.32,288.66,266.66,0.08,11.9,11.9,1008.7,1008.7,0.0,0.0,13.74,11.62,24,18,6.4,6.8,66.2,66.0,6.4,6.8,313.0,307.0,1010.8,1010.8,-5.78,352.86,-0.01,31.694,11.7131,351.0,25.3,1491.968, NAN, NAN, NAN, NAN,,2024/04/06 02:44:47.975,2024-04-06 02:44:47.975000+00:00
2024/04/06, 02:45:47.975,35.73,-74.849, 0.30,288.73,239.66,0.03,11.8,11.9,1008.8,1008.7,0.0,0.0,13.74,11.62,23,18,7.9,7.6,66.4,66.3,7.9,7.6,311.8,306.8,1010.9,1010.8,-5.85,352.49,-0.01,31.6968,11.7134,364.8,17.6,1491.972, NAN, NAN, NAN, NAN,,2024/04/06 02:45:47.975,2024-04-06 02:45:47.975000+00:00
2024/04/06, 02:46:47.975,35.73,-74.849, 0.35,289.31,208.56,0.11,11.8,11.9,1008.9,1008.7,0.0,0.0,13.74,11.62,22,15,7.1,6.8,67.4,66.2,7.1,6.8,311.7,304.8,1011.0,1010.8,-5.73,352.12,-0.01,31.6957,11.7124,377.1,13.7,1491.968, NAN, NAN, NAN, NAN,,2024/04/06 02:46:47.975,2024-04-06 02:46:47.975000+00:00
2024/04/06, 02:47:47.975,35.73,-74.849, 0.33,288.96,225.85,0.02,11.8,11.8,1008.6,1008.8,0.0,0.0,13.74,11.62,23,16,7.9,7.5,68.1,68.2,7.9,7.5,311.9,304.9,1010.7,1010.9,-5.88,352.3,-0.02,31.6941,11.7122,358.7,13.5,1491.965, NAN, NAN, NAN, NAN,,2024/04/06 02:47:47.975,2024-04-06 02:47:47.975000+00:00
2024/04/06, 02:48:47.975,35.73,-74.849, 0.27,289.59,189.0,0.22,11.8,11.8,1008.8,1008.7,0.0,0.0,13.74,11.62,21,18,8.2,7.3,68.0,67.9,8.2,7.3,311.4,308.5,1010.9,1010.8,-5.82,352.11,-0.01,31.694,11.7106,360.8,13.6,1491.959, NAN, NAN, NAN, NAN,,2024/04/06 02:48:47.975,2024-04-06 02:48:47.975000+00:00
2024/04/06, 02:49:47.975,35.73,-74.849, 0.30,288.94,201.39,0.03,11.8,11.8,1008.9,1008.7,0.0,0.0,13.74,11.62,26,20,7.8,7.2,66.7,66.6,7.8,7.2,315.0,309.0,1011.0,1010.8,-5.86,352.45,-0.01,31.6947,11.7094,358.4,13.8,1491.956, NAN, NAN, NAN, NAN,,2024/04/06 02:49:47.975,2024-04-06 02:49:47.975000+00:00
2024/04/06, 02:50:47.975,35.73,-74.849, 0.30,288.43,185.61,0.11,11.8,11.8,1008.7,1008.7,0.0,0.0,13.74,11.62,22,18,8.1,7.8,64.8,64.8,8.1,7.8,310.0,306.0,1010.8,1010.8,-5.77,352.56,-0.01,31.6949,11.7094,359.6,13.3,1491.956, NAN, NAN, NAN, NAN,,2024/04/06 02:50:47.975,2024-04-06 02:50:47.975000+00:00
2024/04/06, 02:51:47.975,35.73,-74.849, 0.32,289.15,24.94,0.43,11.9,11.9,1008.8,1008.7,0.0,0.0,13.74,11.62,23,19,7.8,7.6,64.4,64.8,7.7,7.5,310.7,306.6,1010.9,1010.8,-5.77,353.17,-0.01,31.6965,11.7109,372.8,10.0,1491.963, NAN, NAN, NAN, NAN,,2024/04/06 02:51:47.975,2024-04-06 02:51:47.975000+00:00
2024/04/06, 02:52:47.975,35.73,-74.849, 0.34,293.77,176.65,0.2,11.9,11.9,1008.7,1008.9,0.0,0.0,13.74,11.62,18,13,7.7,7.3,63.3,63.3,7.7,7.3,312.5,307.6,1010.8,1011.0,-5.69,352.77,-0.01,31.6963,11.7111,361.7,9.0,1491.964, NAN, NAN, NAN, NAN,,2024/04/06 02:52:47.975,2024-04-06 02:52:47.975000+00:00
2024/04/06, 02:53:47.976,35.73,-74.849, 0.35,294.88,328.32,0.18,11.9,11.9,1008.7,1008.7,0.0,0.0,13.74,11.62,14,7,7.8,7.4,63.3,63.6,7.7,7.3,308.4,301.3,1010.8,1010.8,-5.56,353.16,-0.01,31.6971,11.7091,361.7,9.0,1491.958, NAN, NAN, NAN, NAN,,2024/04/06 02:53:47.976,2024-04-06 02:53:47.976000+00:00
2024/04/06, 02:54:47.976,35.73,-74.849, 0.31,295.87,295.66,0.1,12.0,12.0,1008.7,1008.7,0.0,0.0,13.74,11.62,15,8,7.8,7.3,62.6,62.7,7.7,7.2,310.9,303.9,1010.8,1010.8,-5.66,352.75,-0.01,31.6962,11.708,362.4,9.6,1491.953, NAN, NAN, NAN, NAN,,2024/04/06 02:54:47.976,2024-04-06 02:54:47.976000+00:00
2024/04/06, 02:55:47.976,35.73,-74.849, 0.30,296.13,18.67,0.43,12.0,12.0,1008.7,1008.7,0.0,0.0,13.74,11.62,14,8,7.6,7.3,62.9,63.2,7.5,7.2,308.6,302.5,1010.8,1010.8,-5.7,353.0,-0.01,31.6965,11.7075,364.1,8.8,1491.951, NAN, NAN, NAN, NAN,,2024/04/06 02:55:47.976,2024-04-06 02:55:47.976000+00:00
2024/04/06, 02:56:47.976,35.73,-74.849, 0.42,295.08,207.81,0.15,12.0,12.0,1008.8,1008.7,0.0,0.0,13.74,11.62,16,12,7.9,7.9,63.0,63.1,8.0,7.9,311.5,307.5,1010.9,1010.8,-5.63,352.7,-0.01,31.6979,11.7059,363.6,8.6,1491.948, NAN, NAN, NAN, NAN,,2024/04/06 02:56:47.976,2024-04-06 02:56:47.976000+00:00
2024/04/06, 02:57:47.976,35.73,-74.849, 0.38,295.96,154.68,0.11,12.0,12.0,1008.7,1008.8,0.0,0.0,13.74,11.62,13,7,8.1,7.9,62.9,62.6,8.1,7.9,309.4,303.4,1010.8,1010.9,-5.72,352.96,-0.02,31.6931,11.7042,360.3,16.3,1491.936, NAN, NAN, NAN, NAN,,2024/04/06 02:57:47.976,2024-04-06 02:57:47.976000+00:00
2024/04/06, 02:58:47.976,35.73,-74.849, 0.37,296.72,184.63,0.16,12.0,12.0,1008.7,1008.7,0.0,0.0,13.74,11.62,13,8,8.1,7.7,62.1,62.4,8.1,7.7,310.3,305.3,1010.8,1010.8,-5.69,353.18,-0.01,31.6962,11.7042,359.6,23.6,1491.94, NAN, NAN, NAN, NAN,,2024/04/06 02:58:47.976,2024-04-06 02:58:47.976000+00:00
2024/04/06, 02:59:47.976,35.73,-74.849, 0.34,295.38,97.85,0.1,12.0,12.0,1008.5,1008.7,0.0,0.0,13.74,11.62,15,10,7.8,8.1,62.0,62.1,7.8,8.1,310.1,305.1,1010.6,1010.8,-5.64,353.05,-0.01,31.697,11.7046,359.3,23.6,1491.942, NAN, NAN, NAN, NAN,,2024/04/06 02:59:47.976,2024-04-06 02:59:47.976000+00:00
2024/04/06, 03:00:47.976,35.73,-74.849, 0.31,296.27,201.94,0.1,12.0,12.0,1008.6,1008.6,0.0,0.0,13.74,11.62,16,11,7.6,7.2,62.5,62.3,7.6,7.2,312.5,307.5,1010.7,1010.7,-5.64,352.99,-0.01,31.6971,11.7039,352.9,23.9,1491.94, NAN, NAN, NAN, NAN,,2024/04/06 03:00:47.976,2024-04-06 03:00:47.976000+00:00
2024/04/06, 03:01:47.976,35.73,-74.849, 0.34,295.55,11.07,0.08,12.0,12.0,1008.7,1008.8,0.0,0.0,13.74,11.62,17,9,8.8,8.3,63.1,62.1,8.8,8.3,312.8,304.8,1010.8,1010.9,-5.73,353.28,-0.02,31.6978,11.7032,355.0,24.0,1491.938, NAN, NAN, NAN, NAN,,2024/04/06 03:01:47.976,2024-04-06 03:01:47.976000+00:00
2024/04/06, 03:02:47.976,35.73,-74.849, 0.33,295.26,244.03,0.17,12.0,12.0,1008.7,1008.6,0.0,0.0,13.74,11.62,13,8,8.8,8.0,61.5,61.7,8.8,8.0,308.8,303.9,1010.8,1010.7,-5.63,353.12,-0.02,31.6977,11.7016,355.3,24.5,1491.932, NAN, NAN, NAN, NAN,,2024/04/06 03:02:47.976,2024-04-06 03:02:47.976000+00:00
2024/04/06, 03:03:47.976,35.73,-74.849, 0.25,295.93,20.55,0.25,12.0,12.0,1008.7,1008.8,0.0,0.0,13.74,11.62,16,10,8.3,7.8,61.5,61.8,8.3,7.8,311.1,305.0,1010.8,1010.9,-5.66,352.97,-0.02,31.698,11.7007,352.9,24.4,1491.93, NAN, NAN, NAN, NAN,,2024/04/06 03:03:47.976,2024-04-06 03:03:47.976000+00:00
2024/04/06, 03:04:47.976,35.73,-74.849, 0.33,295.55,291.86,0.17,12.0,12.0,1008.7,1008.7,0.0,0.0,13.74,11.62,15,10,8.5,8.1,61.4,61.4,8.4,8.0,310.9,305.9,1010.8,1010.8,-5.59,353.0,-0.01,31.6991,11.6962,351.6,24.3,1491.915, NAN, NAN, NAN, NAN,,2024/04/06 03:04:47.976,2024-04-06 03:04:47.976000+00:00
2024/04/06, 03:05:47.976,35.73,-74.849, 0.30,295.98,50.01,0.57,12.0,12.0,1008.7,1008.7,0.0,0.0,13.74,11.62,14,8,7.8,7.4,61.8,62.0,7.8,7.4,307.8,301.7,1010.8,1010.8,-5.7,352.87,-0.01,31.6985,11.6926,360.6,23.9,1491.902, NAN, NAN, NAN, NAN,,2024/04/06 03:05:47.976,2024-04-06 03:05:47.976000+00:00
2024/04/06, 03:06:47.976,35.73,-74.849, 0.33,294.73,356.45,0.19,12.0,12.0,1008.7,1008.6,0.0,0.0,13.74,11.62,14,8,7.8,7.7,64.1,64.2,7.8,7.7,308.1,302.0,1010.8,1010.7,-5.7,352.76,-0.01,31.6988,11.6916,356.3,24.3,1491.899, NAN, NAN, NAN, NAN,,2024/04/06 03:06:47.976,2024-04-06 03:06:47.976000+00:00
2024/04/06, 03:07:47.976,35.73,-74.849, 0.29,296.36,221.35,0.08,11.9,11.9,1008.7,1008.8,0.0,0.0,13.74,11.62,15,9,7.4,7.0,64.3,64.3,7.4,7.0,311.7,305.7,1010.8,1010.9,-5.73,352.77,-0.01,31.6992,11.6916,356.6,24.6,1491.9, NAN, NAN, NAN, NAN,,2024/04/06 03:07:47.976,2024-04-06 03:07:47.976000+00:00
2024/04/06, 03:08:47.977,35.73,-74.849, 0.31,295.71,5.8,0.18,11.9,11.9,1008.7,1008.7,0.0,0.0,13.74,11.62,12,8,7.6,7.3,64.9,65.2,7.6,7.3,307.0,303.0,1010.8,1010.8,-5.86,353.09,-0.01,31.6981,11.6931,357.2,24.5,1491.903, NAN, NAN, NAN, NAN,,2024/04/06 03:08:47.977,2024-04-06 03:08:47.977000+00:00
2024/04/06, 03:09:47.977,35.73,-74.849, 0.27,296.32,194.92,0.33,11.9,11.9,1008.8,1008.8,0.0,0.0,13.74,11.62,15,7,8.0,7.5,65.1,65.4,8.1,7.6,312.2,304.4,1010.9,1010.9,-5.87,353.12,-0.01,31.6995,11.6936,352.9,24.0,1491.907, NAN, NAN, NAN, NAN,,2024/04/06 03:09:47.977,2024-04-06 03:09:47.977000+00:00
2024/04/06, 03:10:47.977,35.73,-74.849, 0.30,296.18,245.07,0.11,11.8,11.8,1008.7,1008.8,0.0,0.0,13.74,11.62,14,6,7.9,7.1,65.1,65.4,7.9,7.1,310.5,302.5,1010.8,1010.9,-5.87,352.81,-0.01,31.6991,11.6939,352.6,23.6,1491.907, NAN, NAN, NAN, NAN,,2024/04/06 03:10:47.977,2024-04-06 03:10:47.977000+00:00
2024/04/06, 03:11:47.977,35.73,-74.849, 0.28,295.95,345.5,0.28,11.8,11.8,1008.8,1008.7,0.0,0.0,13.74,11.62,12,6,7.8,7.4,65.4,65.4,7.8,7.4,309.0,303.1,1010.9,1010.8,-5.88,353.24,-0.01,31.6993,11.6949,372.8,23.5,1491.911, NAN, NAN, NAN, NAN,,2024/04/06 03:11:47.977,2024-04-06 03:11:47.977000+00:00
2024/04/06, 03:12:47.977,35.73,-74.849, 0.30,296.43,253.83,0.24,11.8,11.8,1008.7,1008.8,0.0,0.0,13.74,11.62,15,10,7.5,7.3,65.0,64.8,7.5,7.2,312.3,307.3,1010.8,1010.9,-5.9,353.08,-0.01,31.6981,11.6967,354.7,23.2,1491.916, NAN, NAN, NAN, NAN,,2024/04/06 03:12:47.977,2024-04-06 03:12:47.977000+00:00
2024/04/06, 03:13:47.977,35.73,-74.849, 0.31,296.97,161.21,0.04,11.8,11.8,1008.7,1008.8,0.0,0.0,13.74,11.62,8,3,7.6,7.4,64.4,64.9,7.6,7.4,304.8,299.8,1010.8,1010.9,-5.92,353.36,-0.01,31.6998,11.6962,358.7,23.8,1491.916, NAN, NAN, NAN, NAN,,2024/04/06 03:13:47.977,2024-04-06 03:13:47.977000+00:00
2024/04/06, 03:14:47.977,35.73,-74.849, 0.32,294.96,259.94,0.16,11.8,11.8,1008.9,1008.7,0.0,0.0,13.74,11.62,12,7,8.2,7.7,65.2,65.3,8.2,7.6,307.4,302.4,1011.0,1010.8,-5.89,353.57,-0.01,31.6999,11.6951,355.3,23.9,1491.913, NAN, NAN, NAN, NAN,,2024/04/06 03:14:47.977,2024-04-06 03:14:47.977000+00:00
2024/04/06, 03:15:47.977,35.73,-74.849, 0.28,296.25,26.02,0.02,11.8,11.8,1008.7,1008.7,0.0,0.0,13.74,11.62,13,7,8.0,7.2,65.1,65.2,8.0,7.2,309.2,303.2,1010.8,1010.8,-5.86,353.51,-0.01,31.7011,11.6941,354.0,23.7,1491.91, NAN, NAN, NAN, NAN,,2024/04/06 03:15:47.977,2024-04-06 03:15:47.977000+00:00
2024/04/06, 03:16:47.977,35.73,-74.849, 0.27,296.66,127.83,0.08,11.8,11.8,1008.8,1008.9,0.0,0.0,13.74,11.62,14,8,7.6,7.2,65.1,65.1,7.6,7.2,310.4,304.4,1010.9,1011.0,-5.79,353.56,-0.01,31.7005,11.6937,349.6,23.7,1491.908, NAN, NAN, NAN, NAN,,2024/04/06 03:16:47.977,2024-04-06 03:16:47.977000+00:00
2024/04/06, 03:17:47.977,35.73,-74.849, 0.30,295.83,22.74,0.41,11.8,11.8,1008.8,1008.6,0.0,0.0,13.74,11.62,12,7,7.7,7.3,65.5,65.6,7.7,7.3,306.3,301.2,1010.9,1010.7,-5.88,353.85,-0.01,31.6998,11.6945,352.9,23.6,1491.91, NAN, NAN, NAN, NAN,,2024/04/06 03:17:47.977,2024-04-06 03:17:47.977000+00:00
2024/04/06, 03:18:47.977,35.73,-74.849, 0.28,296.0,193.41,0.11,11.8,11.8,1008.7,1008.7,0.0,0.0,13.74,11.62,14,7,7.8,7.2,66.1,66.0,7.8,7.2,310.3,303.4,1010.8,1010.8,-5.82,353.52,-0.01,31.6998,11.6976,352.6,23.7,1491.921, NAN, NAN, NAN, NAN,,2024/04/06 03:18:47.977,2024-04-06 03:18:47.977000+00:00
2024/04/06, 03:19:47.977,35.73,-74.849, 0.27,295.97,27.46,0.2,11.7,11.7,1008.9,1008.8,0.0,0.0,13.74,11.62,11,4,7.9,7.3,66.1,66.0,7.9,7.3,306.2,299.2,1011.0,1010.9,-5.92,354.05,-0.01,31.7002,11.7001,351.0,23.8,1491.93, NAN, NAN, NAN, NAN,,2024/04/06 03:19:47.977,2024-04-06 03:19:47.977000+00:00
2024/04/06, 03:20:47.977,35.73,-74.849, 0.26,295.96,169.04,0.03,11.7,11.8,1008.8,1008.7,0.0,0.0,13.74,11.62,13,7,7.8,7.6,66.4,66.5,7.8,7.6,309.0,303.0,1010.9,1010.8,-5.84,353.8,-0.01,31.7,11.7013,357.2,23.8,1491.934, NAN, NAN, NAN, NAN,,2024/04/06 03:20:47.977,2024-04-06 03:20:47.977000+00:00
2024/04/06, 03:21:47.977,35.73,-74.849, 0.24,296.19,341.72,0.13,11.7,11.7,1008.7,1008.8,0.0,0.0,13.74,11.62,13,7,7.6,7.2,65.5,65.2,7.6,7.2,309.7,303.7,1010.8,1010.9,-5.84,353.75,-0.01,31.7015,11.7003,352.0,23.7,1491.932, NAN, NAN, NAN, NAN,,2024/04/06 03:21:47.977,2024-04-06 03:21:47.977000+00:00
2024/04/06, 03:22:47.977,35.73,-74.849, 0.25,295.72,210.43,0.23,11.7,11.7,1008.8,1008.7,0.0,0.0,13.74,11.62,14,9,7.4,7.1,66.2,66.5,7.4,7.1,310.6,305.7,1010.9,1010.8,-5.76,354.18,-0.01,31.6995,11.6992,380.0,23.7,1491.926, NAN, NAN, NAN, NAN,,2024/04/06 03:22:47.977,2024-04-06 03:22:47.977000+00:00
2024/04/06, 03:23:47.977,35.73,-74.849, 0.25,295.92,322.61,0.13,11.7,11.7,1008.8,1008.7,0.0,0.0,13.74,11.62,14,6,7.7,7.0,67.0,66.4,7.6,6.9,309.7,301.6,1010.9,1010.8,-5.83,354.44,-0.01,31.7001,11.6981,355.6,23.9,1491.923, NAN, NAN, NAN, NAN,,2024/04/06 03:23:47.977,2024-04-06 03:23:47.977000+00:00
2024/04/06, 03:24:47.978,35.73,-74.849, 0.26,296.33,216.12,0.13,11.7,11.7,1008.7,1008.8,0.0,0.0,13.74,11.62,8,2,7.5,6.9,66.2,65.9,7.5,6.9,304.8,298.9,1010.8,1010.9,-5.82,354.24,-0.01,31.6994,11.6996,352.3,23.9,1491.928, NAN, NAN, NAN, NAN,,2024/04/06 03:24:47.978,2024-04-06 03:24:47.978000+00:00
2024/04/06, 03:25:47.978,35.73,-74.849, 0.27,296.85,33.46,0.06,11.7,11.7,1008.9,1008.7,0.0,0.0,13.74,11.62,9,1,8.9,8.6,67.3,67.3,8.9,8.6,305.7,297.7,1011.0,1010.8,-5.76,355.08,-0.01,31.6989,11.6993,353.6,23.8,1491.926, NAN, NAN, NAN, NAN,,2024/04/06 03:25:47.978,2024-04-06 03:25:47.978000+00:00
2024/04/06, 03:26:47.978,35.73,-74.849, 0.29,296.58,320.97,0.04,11.7,11.7,1008.8,1008.7,0.0,0.0,13.74,11.62,8,1,8.4,8.3,65.0,65.3,8.4,8.3,304.4,297.4,1010.9,1010.8,-5.8,355.3,-0.01,31.6984,11.6981,352.9,23.8,1491.921, NAN, NAN, NAN, NAN,,2024/04/06 03:26:47.978,2024-04-06 03:26:47.978000+00:00
2024/04/06, 03:27:47.978,35.73,-74.849, 0.29,296.03,236.32,0.2,11.7,11.8,1009.0,1008.8,0.0,0.0,13.74,11.62,8,4,7.7,7.3,64.3,64.0,7.7,7.3,304.8,300.8,1011.1,1010.9,-5.73,355.11,-0.01,31.6979,11.6962,356.3,27.7,1491.914, NAN, NAN, NAN, NAN,,2024/04/06 03:27:47.978,2024-04-06 03:27:47.978000+00:00
2024/04/06, 03:28:47.978,35.73,-74.849, 0.25,296.47,349.04,0.16,11.8,11.8,1008.9,1008.8,0.0,0.0,13.74,11.62,7,1,8.5,7.8,66.0,66.0,8.5,7.8,303.0,296.9,1011.0,1010.9,-5.63,355.64,-0.01,31.6968,11.6961,352.0,27.9,1491.912, NAN, NAN, NAN, NAN,,2024/04/06 03:28:47.978,2024-04-06 03:28:47.978000+00:00
2024/04/06, 03:29:47.978,35.73,-74.849, 0.32,296.29,45.33,0.24,11.7,11.8,1008.9,1008.8,0.0,0.0,13.74,11.62,4,2,8.1,7.8,65.5,65.4,8.1,7.8,299.4,297.4,1011.0,1010.9,-5.72,355.74,-0.01,31.6963,11.6976,351.6,28.1,1491.917, NAN, NAN, NAN, NAN,,2024/04/06 03:29:47.978,2024-04-06 03:29:47.978000+00:00
2024/04/06, 03:30:47.978,35.73,-74.849, 0.31,295.36,190.78,0.18,11.7,11.8,1009.1,1008.7,0.0,0.0,13.74,11.62,3,358,7.9,7.7,65.0,65.2,7.9,7.7,299.0,294.0,1011.2,1010.8,-5.73,356.11,-0.01,31.6957,11.6973,354.0,27.6,1491.915, NAN, NAN, NAN, NAN,,2024/04/06 03:30:47.978,2024-04-06 03:30:47.978000+00:00
2024/04/06, 03:31:47.978,35.73,-74.849, 0.18,296.83,83.16,0.07,11.7,11.8,1009.0,1008.9,0.0,0.0,13.74,11.62,5,358,7.8,7.6,64.8,65.0,7.8,7.6,301.6,294.6,1011.1,1011.0,-5.68,356.17,-0.01,31.6951,11.6976,353.6,25.3,1491.915, NAN, NAN, NAN, NAN,,2024/04/06 03:31:47.978,2024-04-06 03:31:47.978000+00:00
2024/04/06, 03:32:47.978,35.73,-74.849, 0.29,295.35,263.95,0.22,11.8,11.8,1008.9,1009.0,0.0,0.0,13.74,11.62,7,2,7.6,7.4,65.6,65.7,7.5,7.3,303.1,298.0,1011.0,1011.1,-5.64,356.42,-0.01,31.6951,11.696,353.9,24.9,1491.91, NAN, NAN, NAN, NAN,,2024/04/06 03:32:47.978,2024-04-06 03:32:47.978000+00:00
2024/04/06, 03:33:47.978,35.73,-74.849, 0.22,295.7,12.78,0.27,11.7,11.8,1008.9,1008.9,0.0,0.0,13.74,11.62,7,2,8.1,7.5,65.9,66.0,8.1,7.5,301.7,296.6,1011.0,1011.0,-5.66,356.8,-0.02,31.6958,11.6954,357.2,25.3,1491.909, NAN, NAN, NAN, NAN,,2024/04/06 03:33:47.978,2024-04-06 03:33:47.978000+00:00
2024/04/06, 03:34:47.978,35.73,-74.849, 0.27,295.7,153.75,0.13,11.7,11.7,1008.8,1008.8,0.0,0.0,13.74,11.62,8,1,8.3,7.9,65.6,65.8,8.4,8.0,303.9,297.0,1010.9,1010.9,-5.66,357.05,-0.01,31.6979,11.6944,353.6,25.4,1491.908, NAN, NAN, NAN, NAN,,2024/04/06 03:34:47.978,2024-04-06 03:34:47.978000+00:00
2024/04/06, 03:35:47.978,35.73,-74.849, 0.28,295.69,264.38,0.08,11.7,11.7,1008.9,1008.8,0.0,0.0,13.74,11.62,8,2,7.7,7.8,66.6,66.6,7.7,7.8,303.8,297.7,1011.0,1010.9,-5.67,357.26,-0.01,31.696,11.6934,353.9,27.7,1491.902, NAN, NAN, NAN, NAN,,2024/04/06 03:35:47.978,2024-04-06 03:35:47.978000+00:00
2024/04/06, 03:36:47.978,35.73,-74.849, 0.25,296.43,359.32,0.12,11.7,11.7,1008.8,1008.9,0.0,0.0,13.74,11.62,6,0,8.0,7.6,67.1,67.1,8.0,7.6,302.8,296.7,1010.9,1011.0,-5.71,357.31,-0.01,31.6981,11.692,358.4,27.6,1491.9, NAN, NAN, NAN, NAN,,2024/04/06 03:36:47.978,2024-04-06 03:36:47.978000+00:00
2024/04/06, 03:37:47.978,35.73,-74.849, 0.28,296.04,79.45,0.11,11.7,11.7,1008.8,1008.9,0.0,0.0,13.74,11.62,4,356,7.6,7.1,67.4,67.4,7.7,7.2,299.9,292.0,1010.9,1011.0,-5.64,357.68,-0.01,31.6974,11.6929,355.3,27.6,1491.902, NAN, NAN, NAN, NAN,,2024/04/06 03:37:47.978,2024-04-06 03:37:47.978000+00:00
2024/04/06, 03:38:47.978,35.73,-74.849, 0.23,295.84,249.85,0.05,11.6,11.7,1009.0,1009.0,0.0,0.0,13.74,11.62,11,5,8.3,8.0,67.4,67.2,8.3,8.0,306.7,300.7,1011.1,1011.1,-5.66,357.61,-0.01,31.6973,11.6934,363.0,27.6,1491.903, NAN, NAN, NAN, NAN,,2024/04/06 03:38:47.978,2024-04-06 03:38:47.978000+00:00
2024/04/06, 03:39:47.979,35.73,-74.849, 0.23,296.14,206.44,0.1,11.6,11.7,1009.1,1008.8,0.0,0.0,13.74,11.62,5,1,7.9,7.8,66.4,66.8,7.9,7.8,301.0,297.0,1011.2,1010.9,-5.71,357.78,-0.01,31.6973,11.693,355.6,27.4,1491.902, NAN, NAN, NAN, NAN,,2024/04/06 03:39:47.979,2024-04-06 03:39:47.979000+00:00
2024/04/06, 03:40:47.979,35.73,-74.849, 0.26,296.25,154.14,0.15,11.6,11.7,1009.1,1008.9,0.0,0.0,13.74,11.62,9,3,7.6,7.2,66.4,66.3,7.6,7.2,305.7,299.8,1011.2,1011.0,-5.67,357.47,-0.01,31.6989,11.6909,352.0,27.2,1491.897, NAN, NAN, NAN, NAN,,2024/04/06 03:40:47.979,2024-04-06 03:40:47.979000+00:00
2024/04/06, 03:41:47.979,35.73,-74.849, 0.27,295.48,158.33,0.11,11.6,11.7,1009.0,1008.8,0.0,0.0,13.74,11.62,7,0,8.4,8.0,66.6,66.4,8.5,8.0,302.6,295.7,1011.1,1010.9,-5.73,357.68,-0.01,31.6997,11.6913,354.7,27.1,1491.899, NAN, NAN, NAN, NAN,,2024/04/06 03:41:47.979,2024-04-06 03:41:47.979000+00:00
2024/04/06, 03:42:47.979,35.73,-74.849, 0.25,296.24,313.24,0.12,11.6,11.7,1009.1,1009.0,0.0,0.0,13.74,11.62,6,359,8.3,7.7,65.9,65.9,8.3,7.7,301.9,294.8,1011.2,1011.1,-5.63,357.85,-0.02,31.7005,11.6913,352.9,27.1,1491.9, NAN, NAN, NAN, NAN,,2024/04/06 03:42:47.979,2024-04-06 03:42:47.979000+00:00
2024/04/06, 03:43:47.979,35.73,-74.849, 0.22,296.11,198.98,0.13,11.6,11.7,1009.0,1009.0,0.0,0.0,13.74,11.62,7,0,8.4,8.3,66.3,65.8,8.4,8.3,302.7,295.7,1011.1,1011.1,-5.63,357.77,-0.02,31.699,11.69,356.9,26.9,1491.894, NAN, NAN, NAN, NAN,,2024/04/06 03:43:47.979,2024-04-06 03:43:47.979000+00:00
2024/04/06, 03:44:47.979,35.73,-74.849, 0.27,295.71,299.12,0.22,11.7,11.7,1009.1,1009.0,0.0,0.0,13.74,11.62,9,1,7.7,7.4,67.5,67.3,7.7,7.4,305.6,297.6,1011.2,1011.1,-5.62,357.52,-0.01,31.7009,11.6884,350.5,27.8,1491.89, NAN, NAN, NAN, NAN,,2024/04/06 03:44:47.979,2024-04-06 03:44:47.979000+00:00
2024/04/06, 03:45:47.979,35.73,-74.849, 0.21,296.09,154.63,0.11,11.6,11.7,1009.1,1009.0,0.0,0.0,13.74,11.62,10,4,8.3,7.6,66.7,66.4,8.3,7.6,305.7,299.7,1011.2,1011.1,-5.65,357.53,-0.01,31.7016,11.6872,350.5,28.1,1491.887, NAN, NAN, NAN, NAN,,2024/04/06 03:45:47.979,2024-04-06 03:45:47.979000+00:00
2024/04/06, 03:46:47.979,35.73,-74.849, 0.20,295.85,18.86,0.22,11.6,11.7,1009.1,1008.9,0.0,0.0,13.74,11.62,8,3,8.0,7.7,66.8,66.8,8.0,7.7,303.1,298.1,1011.2,1011.0,-5.62,357.4,-0.01,31.7015,11.6871,353.9,28.1,1491.887, NAN, NAN, NAN, NAN,,2024/04/06 03:46:47.979,2024-04-06 03:46:47.979000+00:00
2024/04/06, 03:47:47.979,35.73,-74.849, 0.25,295.2,103.76,0.19,11.6,11.7,1009.0,1009.1,0.0,0.0,13.74,11.62,7,1,8.3,8.1,67.4,66.5,8.3,8.1,301.5,295.5,1011.1,1011.2,-5.59,356.78,-0.01,31.7022,11.686,352.3,28.2,1491.884, NAN, NAN, NAN, NAN,,2024/04/06 03:47:47.979,2024-04-06 03:47:47.979000+00:00
2024/04/06, 03:48:47.979,35.73,-74.849, 0.24,295.62,39.38,0.31,11.6,11.7,1009.0,1009.0,0.0,0.0,13.74,11.62,8,2,8.3,7.8,67.7,67.9,8.3,7.8,302.5,296.5,1011.1,1011.1,-5.59,356.47,-0.02,31.7026,11.6847,352.3,28.2,1491.88, NAN, NAN, NAN, NAN,,2024/04/06 03:48:47.979,2024-04-06 03:48:47.979000+00:00
2024/04/06, 03:49:47.979,35.73,-74.849, 0.25,295.67,14.99,0.27,11.6,11.6,1009.0,1009.1,0.0,0.0,13.74,11.62,8,2,7.8,7.5,66.7,66.6,7.8,7.5,302.7,296.6,1011.1,1011.2,-5.69,356.07,-0.01,31.7024,11.6838,354.7,28.0,1491.876, NAN, NAN, NAN, NAN,,2024/04/06 03:49:47.979,2024-04-06 03:49:47.979000+00:00
2024/04/06, 03:50:47.979,35.73,-74.849, 0.22,295.87,162.68,0.08,11.6,11.6,1009.1,1008.9,0.0,0.0,13.74,11.62,10,4,7.5,7.4,67.0,66.4,7.5,7.4,305.6,299.6,1011.2,1011.0,-5.74,355.49,-0.01,31.7034,11.6839,357.2,27.9,1491.878, NAN, NAN, NAN, NAN,,2024/04/06 03:50:47.979,2024-04-06 03:50:47.979000+00:00
2024/04/06, 03:51:47.979,35.73,-74.849, 0.25,295.69,234.0,0.09,11.6,11.6,1009.0,1009.0,0.0,0.0,13.74,11.62,10,5,8.0,7.8,67.8,65.9,8.0,7.8,305.9,300.9,1011.1,1011.1,-5.69,355.11,-0.01,31.7042,11.6851,354.0,27.9,1491.883, NAN, NAN, NAN, NAN,,2024/04/06 03:51:47.979,2024-04-06 03:51:47.979000+00:00
2024/04/06, 03:52:47.979,35.73,-74.849, 0.22,295.98,0.38,0.05,11.6,11.7,1009.1,1009.0,0.0,0.0,13.74,11.62,10,5,7.7,8.1,65.7,65.8,7.7,8.1,305.9,300.9,1011.2,1011.1,-5.61,354.54,-0.02,31.7045,11.6813,352.0,28.0,1491.87, NAN, NAN, NAN, NAN,,2024/04/06 03:52:47.979,2024-04-06 03:52:47.979000+00:00
2024/04/06, 03:53:47.979,35.73,-74.849, 0.24,296.08,200.95,0.11,11.6,11.6,1009.0,1008.8,0.0,0.0,13.74,11.62,8,1,8.2,7.9,65.5,65.6,8.3,8.0,304.1,297.1,1011.1,1010.9,-5.69,353.95,-0.02,31.7055,11.6802,351.0,28.1,1491.867, NAN, NAN, NAN, NAN,,2024/04/06 03:53:47.979,2024-04-06 03:53:47.979000+00:00
2024/04/06, 03:54:47.979,35.73,-74.849, 0.24,296.24,330.53,0.08,11.6,11.7,1009.1,1008.8,0.0,0.0,13.74,11.62,11,2,8.0,7.6,64.3,64.4,8.0,7.6,307.0,297.9,1011.2,1010.9,-5.66,353.41,-0.02,31.7067,11.6811,352.9,28.0,1491.872, NAN, NAN, NAN, NAN,,2024/04/06 03:54:47.979,2024-04-06 03:54:47.979000+00:00
2024/04/06, 03:55:47.980,35.73,-74.849, 0.26,295.97,193.38,0.37,11.7,11.7,1008.9,1009.0,0.0,0.0,13.74,11.62,9,4,8.7,8.4,65.3,65.4,8.7,8.4,306.2,301.3,1011.0,1011.1,-5.61,353.38,-0.01,31.707,11.6812,352.0,27.9,1491.873, NAN, NAN, NAN, NAN,,2024/04/06 03:55:47.980,2024-04-06 03:55:47.980000+00:00
2024/04/06, 03:56:47.980,35.73,-74.849, 0.30,295.55,120.09,0.32,11.6,11.7,1008.8,1008.9,0.0,0.0,13.74,11.62,10,1,8.4,8.2,65.7,65.6,8.4,8.2,304.4,295.4,1010.9,1011.0,-5.69,353.13,-0.01,31.7081,11.68,352.9,27.9,1491.87, NAN, NAN, NAN, NAN,,2024/04/06 03:56:47.980,2024-04-06 03:56:47.980000+00:00
2024/04/06, 03:57:47.980,35.73,-74.849, 0.22,295.9,207.26,0.17,11.6,11.7,1008.8,1008.8,0.0,0.0,13.74,11.62,10,4,8.4,8.2,64.8,65.3,8.4,8.2,306.5,300.5,1010.9,1010.9,-5.67,353.23,-0.01,31.7098,11.6798,353.2,27.9,1491.871, NAN, NAN, NAN, NAN,,2024/04/06 03:57:47.980,2024-04-06 03:57:47.980000+00:00
2024/04/06, 03:58:47.980,35.73,-74.849, 0.24,295.32,236.64,0.1,11.6,11.7,1008.9,1008.9,0.0,0.0,13.74,11.62,9,4,8.2,7.8,64.8,64.7,8.2,7.8,304.1,299.0,1011.0,1011.0,-5.62,353.76,-0.01,31.7099,11.6797,347.5,27.8,1491.871, NAN, NAN, NAN, NAN,,2024/04/06 03:58:47.980,2024-04-06 03:58:47.980000+00:00
2024/04/06, 03:59:47.980,35.73,-74.849, 0.24,295.66,212.03,0.24,11.6,11.7,1008.8,1009.0,0.0,0.0,13.74,11.62,9,2,8.1,7.7,64.5,64.7,8.1,7.7,305.5,298.6,1010.9,1011.1,-5.67,354.42,-0.02,31.7115,11.6774,352.9,27.5,1491.865, NAN, NAN, NAN, NAN,,2024/04/06 03:59:47.980,2024-04-06 03:59:47.980000+00:00
2024/04/06, 04:00:47.980,35.73,-74.849, 0.21,296.52,74.34,0.07,11.7,11.7,1009.0,1008.9,0.0,0.0,13.74,11.62,10,6,8.4,8.4,65.6,65.5,8.4,8.4,306.7,302.7,1011.1,1011.0,-5.62,355.46,-0.01,31.713,11.6757,350.5,27.1,1491.861, NAN, NAN, NAN, NAN,,2024/04/06 04:00:47.980,2024-04-06 04:00:47.980000+00:00
2024/04/06, 04:01:47.980,35.73,-74.849, 0.20,295.92,78.3,0.24,11.6,11.7,1009.0,1008.9,0.0,0.0,13.74,11.62,8,4,9.1,8.5,66.0,65.7,9.1,8.5,303.2,299.1,1011.1,1011.0,-5.6,356.18,-0.01,31.7135,11.6766,350.5,27.1,1491.865, NAN, NAN, NAN, NAN,,2024/04/06 04:01:47.980,2024-04-06 04:01:47.980000+00:00
2024/04/06, 04:02:47.980,35.73,-74.849, 0.21,295.6,36.41,0.15,11.6,11.7,1008.8,1008.8,0.0,0.0,13.74,11.62,10,4,8.2,8.1,65.0,65.1,8.2,8.1,306.1,300.1,1010.9,1010.9,-5.67,356.07,-0.01,31.7153,11.6744,351.6,27.1,1491.859, NAN, NAN, NAN, NAN,,2024/04/06 04:02:47.980,2024-04-06 04:02:47.980000+00:00
2024/04/06, 04:03:47.980,35.73,-74.849, 0.19,296.23,189.84,0.23,11.6,11.7,1008.9,1009.0,0.0,0.0,13.74,11.62,7,2,8.5,8.5,65.0,65.1,8.5,8.5,304.0,299.0,1011.0,1011.1,-5.62,355.79,-0.01,31.7161,11.6729,348.0,27.0,1491.855, NAN, NAN, NAN, NAN,,2024/04/06 04:03:47.980,2024-04-06 04:03:47.980000+00:00
2024/04/06, 04:04:47.980,35.73,-74.849, 0.21,295.85,206.01,0.24,11.6,11.7,1008.8,1008.9,0.0,0.0,13.74,11.62,8,3,8.2,8.6,64.1,64.3,8.2,8.6,304.7,299.7,1010.9,1011.0,-5.58,355.79,-0.01,31.7164,11.6731,348.6,27.0,1491.856, NAN, NAN, NAN, NAN,,2024/04/06 04:04:47.980,2024-04-06 04:04:47.980000+00:00
2024/04/06, 04:05:47.980,35.73,-74.849, 0.19,295.61,44.02,0.26,11.6,11.7,1008.9,1008.8,0.0,0.0,13.74,11.62,8,1,8.4,7.8,65.0,65.0,8.4,7.8,302.7,295.7,1011.0,1010.9,-5.66,355.34,-0.02,31.7181,11.6697,350.5,27.1,1491.846, NAN, NAN, NAN, NAN,,2024/04/06 04:05:47.980,2024-04-06 04:05:47.980000+00:00
2024/04/06, 04:06:47.980,35.73,-74.849, 0.22,295.76,82.2,0.12,11.6,11.6,1008.8,1009.1,0.0,0.0,13.74,11.62,7,3,8.9,8.6,65.4,65.4,8.9,8.6,302.4,298.4,1010.9,1011.2,-5.72,355.47,-0.01,31.7189,11.6682,351.0,27.4,1491.842, NAN, NAN, NAN, NAN,,2024/04/06 04:06:47.980,2024-04-06 04:06:47.980000+00:00
2024/04/06, 04:07:47.980,35.73,-74.849, 0.22,296.5,73.82,0.12,11.6,11.6,1009.0,1008.8,0.0,0.0,13.74,11.62,9,3,8.3,8.0,64.9,65.3,8.3,8.0,305.1,299.1,1011.1,1010.9,-5.67,355.48,-0.01,31.7197,11.6702,350.7,27.4,1491.85, NAN, NAN, NAN, NAN,,2024/04/06 04:07:47.980,2024-04-06 04:07:47.980000+00:00
2024/04/06, 04:08:47.980,35.73,-74.849, 0.24,295.68,252.72,0.17,11.6,11.6,1008.7,1008.7,0.0,0.0,13.74,11.62,9,2,8.4,8.4,64.7,65.3,8.4,8.4,305.3,298.3,1010.8,1010.8,-5.52,355.86,-0.01,31.6919,11.6702,351.6,28.5,1491.816, NAN, NAN, NAN, NAN,,2024/04/06 04:08:47.980,2024-04-06 04:08:47.980000+00:00
2024/04/06, 04:09:47.980,35.73,-74.849, 0.23,295.53,13.72,0.3,11.6,11.6,1008.9,1008.8,0.0,0.0,13.74,11.62,8,4,9.8,8.9,65.2,65.5,9.8,8.9,302.6,298.5,1011.0,1010.9,-5.64,356.44,-0.01,31.7221,11.6689,394.8,28.5,1491.848, NAN, NAN, NAN, NAN,,2024/04/06 04:09:47.980,2024-04-06 04:09:47.980000+00:00
2024/04/06, 04:10:47.981,35.73,-74.849, 0.24,296.13,289.38,0.28,11.6,11.6,1008.8,1008.7,0.0,0.0,13.74,11.62,9,5,9.1,9.4,64.5,64.4,9.1,9.4,306.0,302.0,1010.9,1010.8,-5.69,356.67,-0.01,31.7223,11.6683,351.0,28.5,1491.846, NAN, NAN, NAN, NAN,,2024/04/06 04:10:47.981,2024-04-06 04:10:47.981000+00:00
2024/04/06, 04:11:47.981,35.73,-74.849, 0.19,295.29,58.75,0.34,11.6,11.6,1008.7,1008.8,0.0,0.0,13.74,11.62,9,4,8.9,8.4,64.8,64.5,8.9,8.5,303.2,298.2,1010.8,1010.9,-5.63,356.67,-0.01,31.7239,11.6699,350.5,28.0,1491.854, NAN, NAN, NAN, NAN,,2024/04/06 04:11:47.981,2024-04-06 04:11:47.981000+00:00
2024/04/06, 04:12:47.981,35.73,-74.849, 0.23,295.69,185.83,0.3,11.6,11.6,1008.8,1008.8,0.0,0.0,13.74,11.62,8,3,8.7,8.2,65.2,65.6,8.7,8.2,304.7,299.8,1010.9,1010.9,-5.6,356.84,-0.02,31.7245,11.6698,348.3,27.8,1491.854, NAN, NAN, NAN, NAN,,2024/04/06 04:12:47.981,2024-04-06 04:12:47.981000+00:00
2024/04/06, 04:13:47.981,35.73,-74.849, 0.15,295.86,152.84,0.09,11.6,11.6,1008.8,1008.7,0.0,0.0,13.74,11.62,12,3,8.3,8.1,66.1,66.1,8.3,8.1,307.6,298.6,1010.9,1010.8,-5.57,356.88,-0.01,31.7252,11.6693,347.6,27.7,1491.853, NAN, NAN, NAN, NAN,,2024/04/06 04:13:47.981,2024-04-06 04:13:47.981000+00:00
2024/04/06, 04:14:47.981,35.73,-74.849, 0.17,296.06,200.53,0.3,11.6,11.6,1008.8,1008.7,0.0,0.0,13.74,11.62,10,6,8.8,8.2,65.6,65.6,8.8,8.2,307.1,303.1,1010.9,1010.8,-5.59,356.87,-0.01,31.726,11.6686,350.2,27.8,1491.852, NAN, NAN, NAN, NAN,,2024/04/06 04:14:47.981,2024-04-06 04:14:47.981000+00:00
2024/04/06, 04:15:47.981,35.73,-74.849, 0.16,295.77,167.85,0.12,11.6,11.6,1008.7,1008.7,0.0,0.0,13.74,11.62,11,4,8.3,8.0,64.6,64.5,8.3,8.1,306.5,299.5,1010.8,1010.8,-5.74,356.76,-0.01,31.7271,11.6695,348.6,27.8,1491.856, NAN, NAN, NAN, NAN,,2024/04/06 04:15:47.981,2024-04-06 04:15:47.981000+00:00
2024/04/06, 04:16:47.981,35.73,-74.849, 0.16,296.05,15.83,0.09,11.6,11.6,1008.8,1008.6,0.0,0.0,13.74,11.62,10,5,8.7,8.2,66.0,65.8,8.7,8.2,306.0,300.9,1010.9,1010.7,-5.72,356.52,-0.01,31.7268,11.6693,352.6,27.8,1491.855, NAN, NAN, NAN, NAN,,2024/04/06 04:16:47.981,2024-04-06 04:16:47.981000+00:00
2024/04/06, 04:17:47.981,35.73,-74.849, 0.16,295.98,145.3,0.12,11.6,11.6,1008.7,1008.8,0.0,0.0,13.74,11.62,8,5,8.2,7.7,66.2,66.1,8.3,7.8,303.9,300.9,1010.8,1010.9,-5.75,356.98,-0.01,31.7284,11.667,345.2,27.8,1491.849, NAN, NAN, NAN, NAN,,2024/04/06 04:17:47.981,2024-04-06 04:17:47.981000+00:00
2024/04/06, 04:18:47.981,35.73,-74.849, 0.15,295.77,34.97,0.23,11.6,11.6,1008.8,1008.7,0.0,0.0,13.74,11.62,12,2,7.9,7.7,65.8,65.8,7.9,7.7,306.9,296.9,1010.9,1010.8,-5.81,356.97,-0.01,31.7308,11.6658,346.5,27.8,1491.848, NAN, NAN, NAN, NAN,,2024/04/06 04:18:47.981,2024-04-06 04:18:47.981000+00:00
2024/04/06, 04:19:47.981,35.73,-74.849, 0.16,296.2,15.75,0.06,11.5,11.6,1008.8,1008.7,0.0,0.0,13.74,11.62,10,5,8.4,8.2,65.9,66.0,8.4,8.2,306.0,301.0,1010.9,1010.8,-5.87,356.94,-0.02,31.7313,11.6664,349.9,27.8,1491.85, NAN, NAN, NAN, NAN,,2024/04/06 04:19:47.981,2024-04-06 04:19:47.981000+00:00
2024/04/06, 04:20:47.981,35.73,-74.849, 0.18,295.89,316.07,0.14,11.6,11.6,1008.8,1008.7,0.0,0.0,13.74,11.62,9,4,9.3,9.0,65.7,65.6,9.3,9.0,305.2,300.2,1010.9,1010.8,-5.77,357.03,-0.01,31.7309,11.6677,348.9,27.8,1491.854, NAN, NAN, NAN, NAN,,2024/04/06 04:20:47.981,2024-04-06 04:20:47.981000+00:00
2024/04/06, 04:21:47.981,35.73,-74.849, 0.14,295.74,212.12,0.15,11.6,11.6,1008.8,1008.7,0.0,0.0,13.74,11.62,14,8,8.6,8.6,64.2,64.2,8.6,8.6,310.2,304.2,1010.9,1010.8,-5.78,356.97,-0.01,31.7315,11.6692,346.8,27.8,1491.86, NAN, NAN, NAN, NAN,,2024/04/06 04:21:47.981,2024-04-06 04:21:47.981000+00:00
2024/04/06, 04:22:47.981,35.73,-74.849, 0.17,295.82,226.0,0.12,11.6,11.6,1008.7,1008.8,0.0,0.0,13.74,11.62,16,11,9.8,9.3,66.1,66.2,9.8,9.3,312.1,307.2,1010.8,1010.9,-5.71,357.39,-0.01,31.7273,11.6686,355.0,27.9,1491.853, NAN, NAN, NAN, NAN,,2024/04/06 04:22:47.981,2024-04-06 04:22:47.981000+00:00
2024/04/06, 04:23:47.981,35.73,-74.849, 0.14,294.69,159.98,0.05,11.6,11.6,1008.9,1008.8,0.0,0.0,13.74,11.62,18,21,15.8,14.1,66.9,67.0,15.8,14.1,312.7,315.7,1011.0,1010.9,-5.69,357.19,-0.01,31.7344,11.6687,351.6,27.9,1491.862, NAN, NAN, NAN, NAN,,2024/04/06 04:23:47.981,2024-04-06 04:23:47.981000+00:00
2024/04/06, 04:24:47.981,35.73,-74.849, 0.30,294.71,77.93,0.04,11.5,11.5,1008.8,1008.9,0.0,0.0,13.74,11.62,54,52,13.8,15.0,65.4,65.4,13.8,15.0,348.7,346.7,1010.9,1011.0,-5.43,353.37,-0.01,31.7338,11.6667,349.9,27.9,1491.854, NAN, NAN, NAN, NAN,,2024/04/06 04:24:47.981,2024-04-06 04:24:47.981000+00:00
2024/04/06, 04:25:47.982,35.73,-74.849, 0.25,297.71,231.73,0.16,11.0,11.1,1008.9,1009.0,0.0,0.0,13.74,11.62,54,49,12.4,14.1,66.0,66.0,12.4,14.1,352.0,347.0,1011.0,1011.1,-5.59,352.28,-0.02,31.7358,11.6643,350.5,27.8,1491.848, NAN, NAN, NAN, NAN,,2024/04/06 04:25:47.982,2024-04-06 04:25:47.982000+00:00
2024/04/06, 04:26:47.982,35.73,-74.849, 0.30,317.09,72.08,0.41,11.0,10.8,1008.7,1009.1,0.0,0.0,13.74,11.62,47,40,11.9,13.9,65.9,66.8,11.7,13.7,3.5,356.5,1010.8,1011.2,-5.82,351.82,-0.01,31.7357,11.6629,350.2,27.7,1491.844, NAN, NAN, NAN, NAN,,2024/04/06 04:26:47.982,2024-04-06 04:26:47.982000+00:00
2024/04/06, 04:27:47.982,35.73,-74.849, 0.37,332.66,28.66,0.07,10.6,10.6,1008.9,1008.9,0.0,0.0,13.74,11.62,27,21,12.5,12.2,69.8,69.7,12.5,12.2,359.8,353.8,1011.0,1011.0,-5.94,351.64,-0.02,31.7369,11.6632,347.5,27.8,1491.846, NAN, NAN, NAN, NAN,,2024/04/06 04:27:47.982,2024-04-06 04:27:47.982000+00:00
2024/04/06, 04:28:47.982,35.73,-74.849, 0.47,336.68,48.51,0.07,10.6,10.5,1008.7,1009.1,0.0,0.0,13.74,11.62,15,6,12.0,11.3,69.8,71.7,12.0,11.3,351.6,342.5,1010.8,1011.2,-6.04,351.45,-0.01,31.7399,11.6634,347.2,27.8,1491.85, NAN, NAN, NAN, NAN,,2024/04/06 04:28:47.982,2024-04-06 04:28:47.982000+00:00
2024/04/06, 04:29:47.982,35.73,-74.849, 0.42,335.61,72.04,0.13,10.5,10.5,1009.1,1008.8,0.0,0.0,13.74,11.62,17,9,12.1,12.1,71.4,71.5,12.0,12.0,352.5,344.4,1011.2,1010.9,-6.01,351.0,-0.01,31.747,11.6637,347.2,27.8,1491.86, NAN, NAN, NAN, NAN,,2024/04/06 04:29:47.982,2024-04-06 04:29:47.982000+00:00
2024/04/06, 04:30:47.982,35.73,-74.849, 0.45,333.49,34.78,0.11,10.4,10.4,1009.0,1008.9,0.0,0.0,13.74,11.62,22,15,13.0,11.1,69.9,70.0,13.0,11.1,355.2,348.2,1011.1,1011.0,-5.96,350.78,-0.02,31.763,11.6657,356.9,27.9,1491.886, NAN, NAN, NAN, NAN,,2024/04/06 04:30:47.982,2024-04-06 04:30:47.982000+00:00
2024/04/06, 04:31:47.982,35.73,-74.849, 0.47,335.98,63.25,0.07,10.4,10.4,1009.1,1009.2,0.0,0.0,13.74,11.62,18,11,12.2,11.8,72.0,71.5,12.2,11.8,353.9,346.9,1011.2,1011.3,-5.95,350.82,-0.01,31.7765,11.6649,349.9,27.8,1491.899, NAN, NAN, NAN, NAN,,2024/04/06 04:31:47.982,2024-04-06 04:31:47.982000+00:00
2024/04/06, 04:32:47.982,35.73,-74.849, 0.40,335.17,67.57,0.2,10.4,10.4,1008.8,1008.9,0.0,0.0,13.74,11.62,23,10,11.3,11.7,71.2,71.6,11.2,11.6,357.8,344.7,1010.9,1011.0,-5.83,350.75,-0.01,31.7794,11.6612,352.9,27.9,1491.89, NAN, NAN, NAN, NAN,,2024/04/06 04:32:47.982,2024-04-06 04:32:47.982000+00:00
2024/04/06, 04:33:47.982,35.73,-74.849, 0.43,334.29,304.63,0.36,10.4,10.4,1008.8,1009.1,0.0,0.0,13.74,11.62,24,21,11.9,11.1,70.5,70.6,11.9,11.1,359.2,356.2,1010.9,1011.2,-5.81,350.74,-0.01,31.776,11.6573,354.7,28.0,1491.872, NAN, NAN, NAN, NAN,,2024/04/06 04:33:47.982,2024-04-06 04:33:47.982000+00:00
2024/04/06, 04:34:47.982,35.73,-74.849, 0.43,335.16,196.81,0.13,10.4,10.4,1009.0,1009.1,0.0,0.0,13.74,11.62,24,20,13.5,13.5,72.0,72.0,13.6,13.6,359.0,355.0,1011.1,1011.2,-5.77,349.88,-0.02,31.7667,11.6546,358.0,27.6,1491.852, NAN, NAN, NAN, NAN,,2024/04/06 04:34:47.982,2024-04-06 04:34:47.982000+00:00
2024/04/06, 04:35:47.982,35.73,-74.849, 0.46,335.08,16.3,0.15,10.3,10.4,1008.9,1009.1,0.0,0.0,13.74,11.62,19,14,11.9,10.5,68.5,68.5,11.8,10.4,353.9,348.8,1011.0,1011.2,-5.84,350.25,-0.02,31.779,11.6511,365.4,27.4,1491.854, NAN, NAN, NAN, NAN,,2024/04/06 04:35:47.982,2024-04-06 04:35:47.982000+00:00
2024/04/06, 04:36:47.982,35.73,-74.849, 0.45,335.2,262.7,0.14,10.3,10.4,1009.0,1009.1,0.0,0.0,13.74,11.62,24,21,12.6,11.1,69.3,69.7,12.6,11.1,359.5,356.6,1011.1,1011.2,-5.72,349.88,-0.02,31.7982,11.6481,367.0,27.5,1491.867, NAN, NAN, NAN, NAN,,2024/04/06 04:36:47.982,2024-04-06 04:36:47.982000+00:00
2024/04/06, 04:37:47.982,35.73,-74.849, 0.46,335.26,215.08,0.09,10.4,10.4,1009.0,1009.0,0.0,0.0,13.74,11.62,21,14,12.8,12.0,71.3,71.5,12.8,12.0,356.4,349.5,1011.1,1011.1,-5.71,349.68,-0.02,31.7991,11.6464,368.4,27.4,1491.862, NAN, NAN, NAN, NAN,,2024/04/06 04:37:47.982,2024-04-06 04:37:47.982000+00:00
2024/04/06, 04:38:47.982,35.73,-74.849, 0.40,334.96,110.92,0.32,10.3,10.4,1008.9,1009.0,0.0,0.0,13.74,11.62,20,18,14.6,13.6,69.1,69.2,14.6,13.6,354.3,352.3,1011.0,1011.1,-5.67,349.26,-0.02,31.8144,11.6456,378.0,27.6,1491.878, NAN, NAN, NAN, NAN,,2024/04/06 04:38:47.982,2024-04-06 04:38:47.982000+00:00
2024/04/06, 04:39:47.982,35.73,-74.849, 0.46,335.12,41.32,0.19,10.3,10.3,1009.0,1009.1,0.0,0.0,13.74,11.62,29,22,11.6,10.8,67.5,67.5,11.6,10.8,3.7,356.6,1011.1,1011.2,-5.64,349.81,-0.02,31.8295,11.646,402.5,28.3,1491.897, NAN, NAN, NAN, NAN,,2024/04/06 04:39:47.982,2024-04-06 04:39:47.982000+00:00
2024/04/06, 04:40:47.982,35.73,-74.849, 0.41,334.65,321.29,0.14,10.3,10.3,1009.1,1009.3,0.0,0.0,13.74,11.62,23,21,12.8,11.2,71.9,72.2,12.7,11.1,357.7,355.7,1011.2,1011.4,-5.64,349.43,-0.01,31.8283,11.6464,399.8,28.3,1491.897, NAN, NAN, NAN, NAN,,2024/04/06 04:40:47.982,2024-04-06 04:40:47.982000+00:00
2024/04/06, 04:41:47.983,35.73,-74.849, 0.45,335.0,252.15,0.12,10.3,10.3,1009.3,1009.2,0.0,0.0,13.74,11.62,18,12,10.6,9.9,72.2,72.1,10.6,9.9,353.3,347.3,1011.4,1011.3,-5.61,350.27,-0.02,31.814,11.6473,387.0,28.2,1491.883, NAN, NAN, NAN, NAN,,2024/04/06 04:41:47.983,2024-04-06 04:41:47.983000+00:00
2024/04/06, 04:42:47.983,35.73,-74.849, 0.42,335.04,237.92,0.05,10.3,10.4,1009.0,1009.1,0.0,0.0,13.74,11.62,22,16,13.2,12.3,71.9,73.6,13.2,12.3,357.2,351.2,1011.1,1011.2,-5.65,349.66,-0.02,31.793,11.6464,380.8,27.2,1491.855, NAN, NAN, NAN, NAN,,2024/04/06 04:42:47.983,2024-04-06 04:42:47.983000+00:00
2024/04/06, 04:43:47.983,35.73,-74.849, 0.41,334.09,201.15,0.11,10.3,10.3,1009.1,1009.0,0.0,0.0,13.74,11.62,21,17,13.7,13.0,69.5,69.6,13.7,13.0,354.9,350.8,1011.2,1011.1,-5.73,349.63,-0.02,31.8105,11.6457,390.0,21.5,1491.873, NAN, NAN, NAN, NAN,,2024/04/06 04:43:47.983,2024-04-06 04:43:47.983000+00:00
2024/04/06, 04:44:47.983,35.73,-74.849, 0.42,335.68,245.0,0.1,10.2,10.2,1008.9,1009.3,0.0,0.0,13.74,11.62,20,13,14.1,13.1,68.6,68.5,14.1,13.1,355.5,348.5,1011.0,1011.4,-5.69,349.44,-0.01,31.8209,11.6462,403.2,15.6,1491.887, NAN, NAN, NAN, NAN,,2024/04/06 04:44:47.983,2024-04-06 04:44:47.983000+00:00
2024/04/06, 04:45:47.983,35.73,-74.849, 0.46,335.37,284.06,0.09,10.2,10.2,1009.3,1009.2,0.0,0.0,13.74,11.62,21,14,12.2,12.0,69.9,69.7,12.2,12.0,356.5,349.5,1011.4,1011.3,-5.67,350.13,-0.02,31.8241,11.6455,723.0,9.8,1491.889, NAN, NAN, NAN, NAN,,2024/04/06 04:45:47.983,2024-04-06 04:45:47.983000+00:00
2024/04/06, 04:46:47.983,35.73,-74.849, 0.42,334.46,54.4,0.12,10.3,10.3,1009.3,1009.3,0.0,0.0,13.74,11.62,23,24,11.7,10.8,71.1,71.0,11.7,10.8,357.2,358.2,1011.4,1011.4,-5.64,350.49,-0.02,31.8205,11.6438,730.0,8.0,1491.879, NAN, NAN, NAN, NAN,,2024/04/06 04:46:47.983,2024-04-06 04:46:47.983000+00:00
2024/04/06, 04:47:47.983,35.73,-74.849, 0.38,334.45,49.79,0.17,10.3,10.3,1009.3,1009.2,0.0,0.0,13.74,11.62,24,17,11.6,12.0,70.7,70.8,11.6,12.0,358.0,351.0,1011.4,1011.3,-5.59,350.06,-0.01,31.7829,11.6425,608.6,6.6,1491.829, NAN, NAN, NAN, NAN,,2024/04/06 04:47:47.983,2024-04-06 04:47:47.983000+00:00
2024/04/06, 04:48:47.983,35.73,-74.849, 0.44,335.2,84.43,0.18,10.3,10.3,1009.1,1009.3,0.0,0.0,13.74,11.62,26,19,12.9,12.5,71.1,71.5,12.9,12.5,0.8,353.8,1011.2,1011.4,-5.63,349.74,-0.01,31.7728,11.6444,554.5,5.7,1491.824, NAN, NAN, NAN, NAN,,2024/04/06 04:48:47.983,2024-04-06 04:48:47.983000+00:00
2024/04/06, 04:49:47.983,35.73,-74.849, 0.43,334.06,307.21,0.09,10.2,10.3,1009.3,1009.3,0.0,0.0,13.74,11.62,27,23,12.9,12.9,70.3,70.3,12.9,12.9,1.2,357.2,1011.4,1011.4,-5.66,348.99,-0.01,31.7617,11.6453,557.2,4.2,1491.813, NAN, NAN, NAN, NAN,,2024/04/06 04:49:47.983,2024-04-06 04:49:47.983000+00:00
2024/04/06, 04:50:47.983,35.73,-74.849, 0.36,334.84,73.13,0.33,10.2,10.2,1009.1,1008.9,0.0,0.0,13.74,11.62,31,23,13.6,13.2,68.9,68.7,13.5,13.2,5.2,357.1,1011.2,1011.0,-5.6,348.97,-0.02,31.7922,11.6467,506.8,2.2,1491.855, NAN, NAN, NAN, NAN,,2024/04/06 04:50:47.983,2024-04-06 04:50:47.983000+00:00
2024/04/06, 04:51:47.983,35.73,-74.849, 0.47,333.85,244.16,0.22,10.1,10.2,1009.1,1009.1,0.0,0.0,13.74,11.62,25,21,15.0,13.4,66.1,66.4,15.0,13.4,359.3,355.3,1011.2,1011.2,-5.56,348.44,-0.02,31.8099,11.6463,487.3,1.4,1491.875, NAN, NAN, NAN, NAN,,2024/04/06 04:51:47.983,2024-04-06 04:51:47.983000+00:00
2024/04/06, 04:52:47.983,35.73,-74.849, 0.43,335.6,243.41,0.1,10.1,10.1,1009.2,1009.3,0.0,0.0,13.74,11.62,31,24,11.1,11.7,67.1,67.1,11.1,11.8,6.5,359.6,1011.3,1011.4,-5.67,348.63,-0.02,31.8089,11.6438,456.8,0.7,1491.865, NAN, NAN, NAN, NAN,,2024/04/06 04:52:47.983,2024-04-06 04:52:47.983000+00:00
2024/04/06, 04:53:47.983,35.73,-74.849, 0.41,333.9,41.85,0.33,10.1,10.1,1009.1,1009.3,0.0,0.0,13.74,11.62,33,30,13.5,13.6,67.7,67.0,13.4,13.5,6.3,3.3,1011.2,1011.4,-5.58,347.79,-0.01,31.8274,11.6423,433.6,0.6,1491.882, NAN, NAN, NAN, NAN,,2024/04/06 04:53:47.983,2024-04-06 04:53:47.983000+00:00
2024/04/06, 04:54:47.983,35.73,-74.849, 0.43,336.83,178.38,0.12,10.1,10.1,1009.0,1009.3,0.0,0.0,13.74,11.62,26,21,11.2,11.9,67.4,69.1,11.2,11.9,2.5,357.5,1011.1,1011.4,-5.63,347.4,-0.02,31.8436,11.6423,423.5,0.9,1491.901, NAN, NAN, NAN, NAN,,2024/04/06 04:54:47.983,2024-04-06 04:54:47.983000+00:00
2024/04/06, 04:55:47.983,35.73,-74.849, 0.45,345.76,238.13,0.15,10.1,10.1,1009.3,1009.1,0.0,0.0,13.74,11.62,16,11,11.6,11.2,69.1,68.9,11.6,11.2,2.1,357.2,1011.4,1011.2,-5.55,347.43,-0.02,31.8574,11.643,414.7,0.2,1491.92, NAN, NAN, NAN, NAN,,2024/04/06 04:55:47.983,2024-04-06 04:55:47.983000+00:00
2024/04/06, 04:56:47.984,35.73,-74.849, 0.43,345.63,120.18,0.17,10.1,10.1,1009.1,1009.3,0.0,0.0,13.74,11.62,14,14,11.8,12.0,70.0,69.8,11.8,12.0,359.2,359.2,1011.2,1011.4,-5.67,347.14,-0.02,31.8583,11.6434,417.4,0.2,1491.923, NAN, NAN, NAN, NAN,,2024/04/06 04:56:47.984,2024-04-06 04:56:47.984000+00:00
2024/04/06, 04:57:47.984,35.73,-74.849, 0.40,345.32,308.83,0.1,10.1,10.1,1009.3,1009.1,0.0,0.0,13.74,11.62,15,8,12.6,11.6,69.7,69.0,12.6,11.6,0.5,353.6,1011.4,1011.2,-5.6,347.34,-0.02,31.8572,11.6418,400.6,0.4,1491.916, NAN, NAN, NAN, NAN,,2024/04/06 04:57:47.984,2024-04-06 04:57:47.984000+00:00
2024/04/06, 04:58:47.984,35.73,-74.849, 0.41,345.27,272.61,0.15,10.1,10.1,1009.1,1009.3,0.0,0.0,13.74,11.62,10,1,10.6,9.6,69.0,71.7,10.6,9.6,355.7,346.7,1011.2,1011.4,-5.59,347.81,-0.02,31.8561,11.6393,388.4,0.2,1491.906, NAN, NAN, NAN, NAN,,2024/04/06 04:58:47.984,2024-04-06 04:58:47.984000+00:00
2024/04/06, 04:59:47.984,35.73,-74.849, 0.40,344.92,263.14,0.22,10.2,10.2,1009.3,1009.3,0.0,0.0,13.74,11.62,21,17,13.5,12.9,72.9,72.8,13.5,12.9,6.4,2.4,1011.4,1011.4,-5.67,347.21,-0.02,31.8499,11.6366,389.7,0.2,1491.889, NAN, NAN, NAN, NAN,,2024/04/06 04:59:47.984,2024-04-06 04:59:47.984000+00:00
2024/04/06, 05:00:47.984,35.73,-74.849, 0.44,345.13,27.12,0.18,10.1,10.1,1009.3,1009.2,0.0,0.0,13.74,11.62,22,17,12.9,12.5,70.8,70.6,12.8,12.5,6.8,1.8,1011.4,1011.3,-5.63,347.18,-0.02,31.8546,11.6362,393.1,0.3,1491.893, NAN, NAN, NAN, NAN,,2024/04/06 05:00:47.984,2024-04-06 05:00:47.984000+00:00
2024/04/06, 05:01:47.984,35.73,-74.849, 0.45,344.82,254.25,0.23,10.1,10.1,1009.1,1009.3,0.0,0.0,13.74,11.62,20,17,13.7,12.9,72.8,72.4,13.8,12.9,5.3,2.3,1011.2,1011.4,-5.57,347.02,-0.02,31.8527,11.6361,393.4,0.3,1491.89, NAN, NAN, NAN, NAN,,2024/04/06 05:01:47.984,2024-04-06 05:01:47.984000+00:00
2024/04/06, 05:02:47.984,35.73,-74.849, 0.43,344.63,42.58,0.07,10.1,10.1,1009.1,1009.2,0.0,0.0,13.74,11.62,21,14,13.7,12.7,70.7,70.7,13.7,12.7,5.7,358.7,1011.2,1011.3,-5.58,348.0,-0.02,31.855,11.6342,389.7,0.6,1491.887, NAN, NAN, NAN, NAN,,2024/04/06 05:02:47.984,2024-04-06 05:02:47.984000+00:00
2024/04/06, 05:03:47.984,35.73,-74.849, 0.47,345.37,121.67,0.11,10.0,10.1,1009.1,1009.2,0.0,0.0,13.74,11.62,9,4,12.8,12.2,69.6,69.8,12.8,12.2,354.1,349.1,1011.2,1011.3,-5.63,347.63,-0.02,31.8502,11.6342,381.4,0.7,1491.881, NAN, NAN, NAN, NAN,,2024/04/06 05:03:47.984,2024-04-06 05:03:47.984000+00:00
2024/04/06, 05:04:47.984,35.73,-74.849, 0.42,345.44,36.24,0.08,10.0,10.0,1009.1,1009.2,0.0,0.0,13.74,11.62,15,9,12.5,12.1,69.8,69.8,12.5,12.1,0.6,354.6,1011.2,1011.3,-5.6,347.93,-0.01,31.8503,11.632,392.8,0.4,1491.873, NAN, NAN, NAN, NAN,,2024/04/06 05:04:47.984,2024-04-06 05:04:47.984000+00:00
2024/04/06, 05:05:47.984,35.73,-74.849, 0.43,345.58,37.45,0.24,10.0,10.0,1009.3,1009.3,0.0,0.0,13.74,11.62,12,2,11.7,11.3,70.9,71.0,11.6,11.2,357.2,347.1,1011.4,1011.4,-5.6,348.61,-0.02,31.8424,11.632,380.8,0.2,1491.864, NAN, NAN, NAN, NAN,,2024/04/06 05:05:47.984,2024-04-06 05:05:47.984000+00:00
2024/04/06, 05:06:47.984,35.73,-74.849, 0.42,344.34,205.78,0.1,10.0,10.0,1009.5,1009.4,0.0,0.0,13.74,11.62,6,0,12.0,11.5,71.5,71.0,12.0,11.5,350.5,344.6,1011.6,1011.5,-5.6,348.98,-0.02,31.8433,11.6316,388.4,0.2,1491.864, NAN, NAN, NAN, NAN,,2024/04/06 05:06:47.984,2024-04-06 05:06:47.984000+00:00
2024/04/06, 05:07:47.984,35.73,-74.849, 0.43,345.05,280.18,0.43,10.0,10.1,1009.3,1009.4,0.0,0.0,13.74,11.62,8,3,11.3,9.8,70.0,70.3,11.3,9.8,354.2,349.3,1011.4,1011.5,-5.63,348.78,-0.02,31.8437,11.632,393.1,0.0,1491.865, NAN, NAN, NAN, NAN,,2024/04/06 05:07:47.984,2024-04-06 05:07:47.984000+00:00
2024/04/06, 05:08:47.984,35.73,-74.849, 0.40,343.59,59.28,0.19,10.1,10.1,1009.3,1009.4,0.0,0.0,13.74,11.62,14,7,12.4,12.5,72.1,72.3,12.4,12.5,357.1,350.1,1011.4,1011.5,-5.6,348.08,-0.02,31.8439,11.6295,390.8,0.0,1491.857, NAN, NAN, NAN, NAN,,2024/04/06 05:08:47.984,2024-04-06 05:08:47.984000+00:00
2024/04/06, 05:09:47.984,35.73,-74.849, 0.43,345.55,257.76,0.07,10.0,10.1,1009.1,1009.4,0.0,0.0,13.74,11.62,14,8,13.5,13.3,69.2,69.4,13.5,13.3,359.7,353.7,1011.2,1011.5,-5.56,347.59,-0.01,31.8458,11.6292,396.8,0.0,1491.858, NAN, NAN, NAN, NAN,,2024/04/06 05:09:47.984,2024-04-06 05:09:47.984000+00:00
2024/04/06, 05:10:47.984,35.73,-74.849, 0.50,345.15,221.33,0.1,10.0,10.0,1009.4,1009.4,0.0,0.0,13.74,11.62,15,8,13.8,13.4,68.5,68.3,13.8,13.4,0.3,353.3,1011.5,1011.5,-5.61,347.09,-0.01,31.8448,11.6283,389.7,0.0,1491.854, NAN, NAN, NAN, NAN,,2024/04/06 05:10:47.984,2024-04-06 05:10:47.984000+00:00
2024/04/06, 05:11:47.984,35.73,-74.849, 0.46,344.4,281.33,0.08,9.9,10.0,1009.3,1009.3,0.0,0.0,13.74,11.62,23,18,13.6,11.7,68.4,68.3,13.6,11.7,7.6,2.6,1011.4,1011.4,-5.57,347.21,-0.01,31.8484,11.6267,398.8,0.0,1491.853, NAN, NAN, NAN, NAN,,2024/04/06 05:11:47.984,2024-04-06 05:11:47.984000+00:00
2024/04/06, 05:12:47.985,35.73,-74.849, 0.45,344.61,249.47,0.33,9.9,10.0,1009.2,1009.3,0.0,0.0,13.74,11.62,20,17,13.7,13.4,69.3,69.4,13.8,13.5,5.3,2.3,1011.3,1011.4,-5.57,346.64,-0.01,31.8484,11.6248,386.4,0.0,1491.846, NAN, NAN, NAN, NAN,,2024/04/06 05:12:47.985,2024-04-06 05:12:47.985000+00:00
2024/04/06, 05:13:47.985,35.73,-74.849, 0.42,344.75,99.57,0.38,10.0,9.9,1009.3,1009.2,0.0,0.0,13.74,11.62,23,18,13.9,12.4,68.9,67.8,13.8,12.3,7.0,1.9,1011.4,1011.3,-5.62,346.87,-0.02,31.8481,11.6245,382.0,0.0,1491.845, NAN, NAN, NAN, NAN,,2024/04/06 05:13:47.985,2024-04-06 05:13:47.985000+00:00
2024/04/06, 05:14:47.985,35.73,-74.849, 0.43,345.39,24.0,0.11,9.9,9.9,1009.3,1009.3,0.0,0.0,13.74,11.62,15,9,13.3,12.1,67.9,68.1,13.3,12.1,0.2,354.1,1011.4,1011.4,-5.51,347.32,-0.02,31.852,11.6226,422.0,0.0,1491.843, NAN, NAN, NAN, NAN,,2024/04/06 05:14:47.985,2024-04-06 05:14:47.985000+00:00
2024/04/06, 05:15:47.985,35.73,-74.849, 0.34,344.44,61.43,0.14,9.9,9.9,1009.1,1009.4,0.0,0.0,13.74,11.62,21,16,13.2,11.5,69.9,70.0,13.2,11.5,5.7,0.8,1011.2,1011.5,-5.62,347.46,-0.02,31.8642,11.6202,401.2,0.0,1491.849, NAN, NAN, NAN, NAN,,2024/04/06 05:15:47.985,2024-04-06 05:15:47.985000+00:00
2024/04/06, 05:16:47.985,35.73,-74.849, 0.44,344.8,350.87,0.16,9.9,9.9,1009.3,1009.2,0.0,0.0,13.74,11.62,18,13,13.1,12.7,69.8,70.1,13.1,12.7,3.1,358.2,1011.4,1011.3,-5.49,348.31,-0.02,31.871,11.619,410.7,0.0,1491.853, NAN, NAN, NAN, NAN,,2024/04/06 05:16:47.985,2024-04-06 05:16:47.985000+00:00
2024/04/06, 05:17:47.985,35.73,-74.849, 0.39,346.34,277.43,0.14,9.9,9.9,1009.3,1009.5,0.0,0.0,13.74,11.62,13,8,12.6,11.7,70.3,70.5,12.6,11.7,359.6,354.6,1011.4,1011.6,-5.58,347.65,-0.01,31.8777,11.6181,396.9,0.0,1491.858, NAN, NAN, NAN, NAN,,2024/04/06 05:17:47.985,2024-04-06 05:17:47.985000+00:00
2024/04/06, 05:18:47.985,35.73,-74.849, 0.44,345.61,143.4,0.21,9.9,9.9,1009.4,1009.4,0.0,0.0,13.74,11.62,12,8,11.2,11.2,71.2,71.0,11.3,11.3,357.2,353.3,1011.5,1011.5,-5.57,347.76,-0.01,31.8743,11.6162,398.8,0.0,1491.847, NAN, NAN, NAN, NAN,,2024/04/06 05:18:47.985,2024-04-06 05:18:47.985000+00:00
2024/04/06, 05:19:47.985,35.73,-74.849, 0.40,343.99,51.22,0.06,10.0,10.0,1009.3,1009.3,0.0,0.0,13.74,11.62,18,13,12.7,12.0,72.0,72.5,12.7,12.0,1.9,356.9,1011.4,1011.4,-5.5,346.25,-0.01,31.8743,11.6141,424.1,0.0,1491.84, NAN, NAN, NAN, NAN,,2024/04/06 05:19:47.985,2024-04-06 05:19:47.985000+00:00
2024/04/06, 05:20:47.985,35.73,-74.849, 0.41,344.38,336.79,0.16,9.9,10.0,1009.3,1009.1,0.0,0.0,13.74,11.62,19,14,12.1,11.2,70.2,70.1,12.0,11.1,3.2,358.1,1011.4,1011.2,-5.53,346.28,-0.01,31.8748,11.6145,398.2,0.0,1491.842, NAN, NAN, NAN, NAN,,2024/04/06 05:20:47.985,2024-04-06 05:20:47.985000+00:00
2024/04/06, 05:21:47.985,35.73,-74.849, 0.37,345.53,90.32,0.11,9.9,9.9,1009.4,1009.3,0.0,0.0,13.74,11.62,12,4,12.4,12.5,70.6,70.4,12.4,12.5,357.3,349.3,1011.5,1011.4,-5.54,346.14,-0.01,31.8755,11.614,386.4,0.0,1491.841, NAN, NAN, NAN, NAN,,2024/04/06 05:21:47.985,2024-04-06 05:21:47.985000+00:00
2024/04/06, 05:22:47.985,35.73,-74.849, 0.41,344.86,138.94,0.18,9.9,9.9,1009.3,1009.3,0.0,0.0,13.74,11.62,14,11,13.2,12.9,69.4,69.6,13.3,13.0,358.5,355.5,1011.4,1011.4,-5.58,346.23,-0.01,31.8757,11.6121,389.7,0.0,1491.835, NAN, NAN, NAN, NAN,,2024/04/06 05:22:47.985,2024-04-06 05:22:47.985000+00:00
2024/04/06, 05:23:47.985,35.73,-74.849, 0.39,345.0,154.63,0.14,9.9,9.9,1009.1,1009.2,0.0,0.0,13.74,11.62,15,5,12.9,12.6,68.7,69.2,13.0,12.7,359.9,349.9,1011.2,1011.3,-5.55,346.2,-0.02,31.8688,11.6109,404.6,0.0,1491.822, NAN, NAN, NAN, NAN,,2024/04/06 05:23:47.985,2024-04-06 05:23:47.985000+00:00
2024/04/06, 05:24:47.985,35.73,-74.849, 0.41,345.02,157.53,0.23,9.9,9.9,1009.0,1009.4,0.0,0.0,13.74,11.62,12,7,13.7,13.7,67.2,67.5,13.7,13.8,356.6,351.6,1011.1,1011.5,-5.5,346.22,-0.01,31.8619,11.6101,386.7,0.0,1491.811, NAN, NAN, NAN, NAN,,2024/04/06 05:24:47.985,2024-04-06 05:24:47.985000+00:00
2024/04/06, 05:25:47.985,35.73,-74.849, 0.42,344.22,280.36,0.14,9.8,9.9,1009.2,1009.1,0.0,0.0,13.74,11.62,21,16,14.3,13.2,67.5,67.2,14.3,13.2,5.5,0.5,1011.3,1011.2,-5.59,346.26,-0.01,31.8575,11.6096,389.4,0.0,1491.804, NAN, NAN, NAN, NAN,,2024/04/06 05:25:47.985,2024-04-06 05:25:47.985000+00:00
2024/04/06, 05:26:47.985,35.73,-74.849, 0.40,344.88,245.96,0.28,9.8,9.9,1009.1,1009.4,0.0,0.0,13.74,11.62,19,15,13.4,12.7,68.5,68.3,13.5,12.8,4.3,0.4,1011.2,1011.5,-5.61,346.54,-0.01,31.8563,11.6094,398.5,0.0,1491.802, NAN, NAN, NAN, NAN,,2024/04/06 05:26:47.985,2024-04-06 05:26:47.985000+00:00
2024/04/06, 05:27:47.986,35.73,-74.849, 0.35,344.25,298.97,0.18,9.8,9.8,1009.1,1009.3,0.0,0.0,13.74,11.62,21,15,14.5,13.3,68.4,68.3,14.4,13.3,5.0,358.9,1011.2,1011.4,-5.6,346.61,-0.01,31.857,11.6068,383.3,0.0,1491.794, NAN, NAN, NAN, NAN,,2024/04/06 05:27:47.986,2024-04-06 05:27:47.986000+00:00
2024/04/06, 05:28:47.986,35.73,-74.849, 0.44,344.17,68.54,0.46,9.8,9.8,1009.1,1009.3,0.0,0.0,13.74,11.62,20,14,13.4,12.5,68.8,69.1,13.3,12.5,3.2,357.1,1011.2,1011.4,-5.52,346.38,-0.01,31.8535,11.6052,408.3,0.0,1491.784, NAN, NAN, NAN, NAN,,2024/04/06 05:28:47.986,2024-04-06 05:28:47.986000+00:00
2024/04/06, 05:29:47.986,35.73,-74.849, 0.34,346.42,292.73,0.31,9.8,9.8,1009.2,1009.2,0.0,0.0,13.74,11.62,14,11,13.3,11.8,68.9,68.6,13.3,11.7,1.1,358.1,1011.3,1011.3,-5.63,346.56,-0.01,31.8555,11.6031,400.3,0.0,1491.779, NAN, NAN, NAN, NAN,,2024/04/06 05:29:47.986,2024-04-06 05:29:47.986000+00:00
2024/04/06, 05:30:47.986,35.73,-74.849, 0.39,344.41,110.72,0.06,9.8,9.9,1009.3,1009.1,0.0,0.0,13.74,11.62,23,16,13.8,13.0,70.3,70.4,13.8,13.0,7.3,0.3,1011.4,1011.2,-5.57,346.46,-0.01,31.8579,11.5993,387.2,0.0,1491.769, NAN, NAN, NAN, NAN,,2024/04/06 05:30:47.986,2024-04-06 05:30:47.986000+00:00
2024/04/06, 05:31:47.986,35.73,-74.849, 0.38,344.83,272.87,0.13,9.8,9.8,1009.2,1009.1,0.0,0.0,13.74,11.62,19,11,13.6,12.4,69.6,69.8,13.6,12.4,4.1,356.1,1011.3,1011.2,-5.55,346.25,-0.02,31.866,11.5966,394.5,0.0,1491.769, NAN, NAN, NAN, NAN,,2024/04/06 05:31:47.986,2024-04-06 05:31:47.986000+00:00
2024/04/06, 05:32:47.986,35.73,-74.849, 0.32,346.37,128.59,0.21,9.8,9.8,1009.3,1009.1,0.0,0.0,13.74,11.62,18,11,12.9,12.7,71.3,71.0,12.9,12.7,3.9,356.9,1011.4,1011.2,-5.57,346.57,-0.02,31.8699,11.5951,389.7,0.0,1491.768, NAN, NAN, NAN, NAN,,2024/04/06 05:32:47.986,2024-04-06 05:32:47.986000+00:00
2024/04/06, 05:33:47.986,35.73,-74.849, 0.38,344.98,103.59,0.12,9.8,9.8,1009.4,1009.1,0.0,0.0,13.74,11.62,22,18,12.9,13.4,70.4,70.4,12.9,13.4,6.7,2.7,1011.5,1011.2,-5.58,346.72,-0.01,31.8714,11.5944,407.3,0.0,1491.768, NAN, NAN, NAN, NAN,,2024/04/06 05:33:47.986,2024-04-06 05:33:47.986000+00:00
2024/04/06, 05:34:47.986,35.73,-74.849, 0.35,345.34,262.09,0.44,9.8,9.8,1009.3,1009.3,0.0,0.0,13.74,11.62,17,13,13.3,13.0,71.6,71.4,13.3,13.0,3.3,359.3,1011.4,1011.4,-5.57,346.89,-0.02,31.8771,11.5935,415.3,0.0,1491.772, NAN, NAN, NAN, NAN,,2024/04/06 05:34:47.986,2024-04-06 05:34:47.986000+00:00
2024/04/06, 05:35:47.986,35.73,-74.849, 0.45,344.16,71.77,0.24,9.8,9.8,1009.1,1009.3,0.0,0.0,13.74,11.62,17,14,13.1,11.7,70.5,70.3,13.1,11.7,0.7,357.6,1011.2,1011.4,-5.52,347.09,-0.02,31.8799,11.5924,389.4,0.0,1491.771, NAN, NAN, NAN, NAN,,2024/04/06 05:35:47.986,2024-04-06 05:35:47.986000+00:00
2024/04/06, 05:36:47.986,35.73,-74.849, 0.36,345.37,262.45,0.24,9.8,9.8,1009.3,1009.3,0.0,0.0,13.74,11.62,20,14,11.7,11.5,71.1,71.2,11.7,11.5,6.0,360.0,1011.4,1011.4,-5.58,347.12,-0.02,31.8829,11.5907,395.2,0.0,1491.769, NAN, NAN, NAN, NAN,,2024/04/06 05:36:47.986,2024-04-06 05:36:47.986000+00:00
2024/04/06, 05:37:47.986,35.73,-74.849, 0.40,344.48,359.15,0.07,9.8,9.8,1009.4,1009.2,0.0,0.0,13.74,11.62,22,16,14.3,13.3,71.0,71.1,14.3,13.3,6.4,0.4,1011.5,1011.3,-5.54,346.86,-0.02,31.8865,11.5883,411.0,0.0,1491.765, NAN, NAN, NAN, NAN,,2024/04/06 05:37:47.986,2024-04-06 05:37:47.986000+00:00
2024/04/06, 05:38:47.986,35.73,-74.849, 0.35,344.33,4.05,0.08,9.7,9.8,1009.1,1009.1,0.0,0.0,13.74,11.62,22,16,14.7,13.3,70.7,70.8,14.7,13.3,6.3,0.3,1011.2,1011.2,-5.54,346.83,-0.01,31.8901,11.5844,393.4,0.0,1491.755, NAN, NAN, NAN, NAN,,2024/04/06 05:38:47.986,2024-04-06 05:38:47.986000+00:00
2024/04/06, 05:39:47.986,35.73,-74.849, 0.41,344.46,7.54,0.13,9.7,9.7,1009.1,1009.4,0.0,0.0,13.74,11.62,20,16,12.2,12.3,72.2,71.9,12.2,12.3,4.8,0.8,1011.2,1011.5,-5.61,347.87,-0.02,31.8916,11.5828,396.4,0.0,1491.752, NAN, NAN, NAN, NAN,,2024/04/06 05:39:47.986,2024-04-06 05:39:47.986000+00:00
2024/04/06, 05:40:47.986,35.73,-74.849, 0.36,344.78,302.66,0.11,9.8,9.8,1009.3,1009.1,0.0,0.0,13.74,11.62,22,12,13.3,13.1,74.5,74.3,13.3,13.1,6.6,356.6,1011.4,1011.2,-5.63,350.44,-0.02,31.8901,11.5811,393.6,0.0,1491.744, NAN, NAN, NAN, NAN,,2024/04/06 05:40:47.986,2024-04-06 05:40:47.986000+00:00
2024/04/06, 05:41:47.986,35.73,-74.849, 0.35,345.27,80.9,0.21,9.8,9.8,1009.2,1009.2,0.0,0.0,13.74,11.62,16,12,13.4,12.8,73.5,73.5,13.4,12.8,0.8,356.8,1011.3,1011.3,-5.51,355.38,-0.01,31.8938,11.5792,393.1,0.0,1491.742, NAN, NAN, NAN, NAN,,2024/04/06 05:41:47.986,2024-04-06 05:41:47.986000+00:00
2024/04/06, 05:42:47.987,35.73,-74.849, 0.38,343.99,114.63,0.15,9.8,9.8,1009.3,1009.1,0.0,0.0,13.74,11.62,12,11,15.3,14.8,74.0,74.0,15.3,14.8,356.3,355.3,1011.4,1011.2,-5.48,354.56,-0.02,31.8896,11.5782,395.2,0.0,1491.733, NAN, NAN, NAN, NAN,,2024/04/06 05:42:47.987,2024-04-06 05:42:47.987000+00:00
2024/04/06, 05:43:47.987,35.73,-74.849, 0.32,344.25,62.9,0.12,9.6,9.7,1009.3,1009.3,0.0,0.0,13.74,11.62,15,6,13.0,12.1,70.7,70.6,13.0,12.1,359.0,350.0,1011.4,1011.4,-5.42,352.03,-0.01,31.8867,11.5768,395.8,0.0,1491.725, NAN, NAN, NAN, NAN,,2024/04/06 05:43:47.987,2024-04-06 05:43:47.987000+00:00
2024/04/06, 05:44:47.987,35.73,-74.849, 0.38,344.66,233.89,0.21,9.6,9.6,1009.1,1009.3,0.0,0.0,13.74,11.62,17,9,13.7,12.8,70.4,70.3,13.8,12.9,1.9,353.9,1011.2,1011.4,-5.48,347.77,-0.01,31.8806,11.575,402.2,0.0,1491.711, NAN, NAN, NAN, NAN,,2024/04/06 05:44:47.987,2024-04-06 05:44:47.987000+00:00
2024/04/06, 05:45:47.987,35.73,-74.849, 0.39,344.17,181.29,0.14,9.6,9.5,1009.3,1009.4,0.0,0.0,13.74,11.62,18,9,13.8,12.4,70.2,69.9,13.9,12.5,2.2,353.3,1011.4,1011.5,-5.56,347.14,-0.02,31.8759,11.5722,388.1,0.0,1491.696, NAN, NAN, NAN, NAN,,2024/04/06 05:45:47.987,2024-04-06 05:45:47.987000+00:00
2024/04/06, 05:46:47.987,35.73,-74.849, 0.40,346.81,6.31,0.13,9.5,9.6,1009.4,1009.3,0.0,0.0,13.74,11.62,9,1,12.2,10.4,71.0,70.7,12.1,10.3,355.7,347.6,1011.5,1011.4,-5.52,348.49,-0.02,31.8747,11.5691,402.5,0.0,1491.684, NAN, NAN, NAN, NAN,,2024/04/06 05:46:47.987,2024-04-06 05:46:47.987000+00:00
2024/04/06, 05:47:47.987,35.73,-74.849, 0.35,345.41,244.55,0.19,9.6,9.6,1009.4,1009.4,0.0,0.0,13.74,11.62,6,359,12.8,11.3,72.1,72.0,12.8,11.3,351.8,344.9,1011.5,1011.5,-5.63,349.07,-0.02,31.8801,11.5676,389.7,0.0,1491.685, NAN, NAN, NAN, NAN,,2024/04/06 05:47:47.987,2024-04-06 05:47:47.987000+00:00
2024/04/06, 05:48:47.987,35.73,-74.849, 0.36,345.54,37.62,0.23,9.6,9.6,1009.1,1009.3,0.0,0.0,13.74,11.62,8,1,13.3,13.3,70.3,70.4,13.3,13.3,353.1,346.0,1011.2,1011.4,-5.43,349.76,-0.01,31.8698,11.5656,390.2,0.0,1491.666, NAN, NAN, NAN, NAN,,2024/04/06 05:48:47.987,2024-04-06 05:48:47.987000+00:00
2024/04/06, 05:49:47.987,35.73,-74.849, 0.41,344.48,199.54,0.14,9.6,9.6,1009.4,1009.6,0.0,0.0,13.74,11.62,6,1,12.8,12.3,66.6,66.6,12.9,12.4,350.7,345.7,1011.5,1011.7,-5.44,350.33,-0.01,31.8593,11.5638,390.5,0.0,1491.647, NAN, NAN, NAN, NAN,,2024/04/06 05:49:47.987,2024-04-06 05:49:47.987000+00:00
2024/04/06, 05:50:47.987,35.73,-74.849, 0.38,344.49,310.11,0.18,9.5,9.6,1009.4,1009.5,0.0,0.0,13.74,11.62,2,357,12.8,12.3,67.2,67.2,12.8,12.3,346.9,341.9,1011.5,1011.6,-5.48,349.42,-0.02,31.8521,11.5626,388.4,0.0,1491.634, NAN, NAN, NAN, NAN,,2024/04/06 05:50:47.987,2024-04-06 05:50:47.987000+00:00
2024/04/06, 05:51:47.987,35.73,-74.849, 0.39,344.51,147.94,0.11,9.6,9.6,1009.3,1009.5,0.0,0.0,13.74,11.62,6,359,13.6,12.6,68.0,68.0,13.6,12.6,350.7,343.7,1011.4,1011.6,-5.43,347.03,-0.02,31.8527,11.5611,393.6,0.0,1491.63, NAN, NAN, NAN, NAN,,2024/04/06 05:51:47.987,2024-04-06 05:51:47.987000+00:00
2024/04/06, 05:52:47.987,35.73,-74.849, 0.36,345.39,54.54,0.31,9.6,9.6,1009.3,1009.4,0.0,0.0,13.74,11.62,2,358,12.1,12.7,65.2,65.4,12.0,12.6,346.7,342.7,1011.4,1011.5,-5.47,344.64,-0.02,31.8523,11.5602,382.0,0.0,1491.626, NAN, NAN, NAN, NAN,,2024/04/06 05:52:47.987,2024-04-06 05:52:47.987000+00:00
2024/04/06, 05:53:47.987,35.73,-74.849, 0.32,344.96,173.14,0.16,9.5,9.6,1009.5,1009.5,0.0,0.0,13.74,11.62,2,355,11.8,10.8,66.8,66.7,11.8,10.8,347.3,340.3,1011.6,1011.6,-5.52,342.8,-0.01,31.8525,11.5569,391.2,0.0,1491.615, NAN, NAN, NAN, NAN,,2024/04/06 05:53:47.987,2024-04-06 05:53:47.987000+00:00
2024/04/06, 05:54:47.987,35.73,-74.849, 0.33,345.36,38.07,0.05,9.6,9.6,1009.5,1009.5,0.0,0.0,13.74,11.62,0,353,12.3,11.7,67.8,68.4,12.3,11.7,345.4,338.4,1011.6,1011.6,-5.53,342.05,-0.02,31.8572,11.5542,399.8,0.0,1491.611, NAN, NAN, NAN, NAN,,2024/04/06 05:54:47.987,2024-04-06 05:54:47.987000+00:00
2024/04/06, 05:55:47.987,35.73,-74.849, 0.31,344.53,262.15,0.05,9.6,9.6,1009.3,1009.4,0.0,0.0,13.74,11.62,0,356,12.7,11.5,67.7,68.3,12.7,11.5,344.6,340.6,1011.4,1011.5,-5.6,342.76,-0.02,31.8626,11.5531,396.9,0.0,1491.614, NAN, NAN, NAN, NAN,,2024/04/06 05:55:47.987,2024-04-06 05:55:47.987000+00:00
2024/04/06, 05:56:47.987,35.73,-74.849, 0.39,343.87,252.11,0.18,9.6,9.6,1009.4,1009.5,0.0,0.0,13.74,11.62,7,358,13.1,12.7,68.2,68.3,13.1,12.7,351.2,342.3,1011.5,1011.6,-5.53,344.29,-0.02,31.8686,11.5517,407.3,0.0,1491.616, NAN, NAN, NAN, NAN,,2024/04/06 05:56:47.987,2024-04-06 05:56:47.987000+00:00
2024/04/06, 05:57:47.988,35.73,-74.849, 0.34,344.79,221.89,0.16,9.6,9.6,1009.5,1009.5,0.0,0.0,13.74,11.62,7,1,14.1,13.3,65.5,65.8,14.1,13.3,351.5,345.5,1011.6,1011.6,-5.6,343.71,-0.01,31.8772,11.5483,407.3,0.0,1491.614, NAN, NAN, NAN, NAN,,2024/04/06 05:57:47.988,2024-04-06 05:57:47.988000+00:00
2024/04/06, 05:58:47.988,35.73,-74.849, 0.37,345.58,259.79,0.2,9.6,9.6,1009.4,1009.5,0.0,0.0,13.74,11.62,3,358,13.0,13.3,64.6,64.6,13.0,13.3,349.0,344.0,1011.5,1011.6,-5.49,341.53,-0.01,31.8797,11.5457,393.9,0.0,1491.608, NAN, NAN, NAN, NAN,,2024/04/06 05:58:47.988,2024-04-06 05:58:47.988000+00:00
2024/04/06, 05:59:47.988,35.73,-74.849, 0.38,344.99,308.65,0.25,9.6,9.6,1009.3,1009.5,0.0,0.0,13.74,11.62,7,359,13.7,13.6,64.8,61.4,13.6,13.5,352.4,344.4,1011.4,1011.6,-5.55,337.92,-0.01,31.8813,11.5429,403.5,0.0,1491.6, NAN, NAN, NAN, NAN,,2024/04/06 05:59:47.988,2024-04-06 05:59:47.988000+00:00
2024/04/06, 06:00:47.988,35.73,-74.849, 0.31,344.47,239.7,0.14,9.6,9.6,1009.3,1009.4,0.0,0.0,13.74,11.62,5,359,13.3,12.3,62.8,62.5,13.3,12.3,349.8,343.8,1011.4,1011.5,-5.59,333.1,-0.02,31.877,11.5417,404.6,0.0,1491.591, NAN, NAN, NAN, NAN,,2024/04/06 06:00:47.988,2024-04-06 06:00:47.988000+00:00
2024/04/06, 06:01:47.988,35.73,-74.849, 0.37,343.33,324.67,0.16,9.5,9.6,1009.3,1009.4,0.0,0.0,13.74,11.62,9,4,13.8,13.1,64.2,64.1,13.8,13.1,352.7,347.7,1011.4,1011.5,-5.66,328.25,-0.01,31.8717,11.5384,428.4,0.0,1491.573, NAN, NAN, NAN, NAN,,2024/04/06 06:01:47.988,2024-04-06 06:01:47.988000+00:00
2024/04/06, 06:02:47.988,35.73,-74.849, 0.37,345.97,51.62,0.05,9.5,9.5,1009.3,1009.4,0.0,0.0,13.74,11.62,11,4,11.7,11.8,63.1,63.0,11.7,11.8,356.8,349.9,1011.4,1011.5,-5.73,326.9,-0.02,31.8724,11.5369,403.6,0.0,1491.569, NAN, NAN, NAN, NAN,,2024/04/06 06:02:47.988,2024-04-06 06:02:47.988000+00:00
2024/04/06, 06:03:47.988,35.73,-74.849, 0.30,345.25,88.4,0.09,9.6,9.6,1009.6,1009.4,0.0,0.0,13.74,11.62,2,357,13.3,12.6,67.2,67.5,13.3,12.6,347.1,342.1,1011.7,1011.5,-5.75,327.58,-0.02,31.8841,11.5346,397.6,0.0,1491.575, NAN, NAN, NAN, NAN,,2024/04/06 06:03:47.988,2024-04-06 06:03:47.988000+00:00
2024/04/06, 06:04:47.988,35.73,-74.849, 0.28,345.34,249.53,0.18,9.6,9.6,1009.3,1009.5,0.0,0.0,13.74,11.62,6,359,12.0,12.2,65.5,65.4,12.1,12.3,351.6,344.7,1011.4,1011.6,-5.73,328.33,-0.01,31.92,11.5312,393.6,0.0,1491.606, NAN, NAN, NAN, NAN,,2024/04/06 06:04:47.988,2024-04-06 06:04:47.988000+00:00
2024/04/06, 06:05:47.988,35.73,-74.849, 0.39,343.82,270.18,0.08,9.5,9.6,1009.4,1009.3,0.0,0.0,13.74,11.62,7,1,12.7,12.4,62.4,62.8,12.7,12.4,351.0,345.0,1011.5,1011.4,-5.7,328.18,-0.02,31.9375,11.5238,390.8,0.0,1491.601, NAN, NAN, NAN, NAN,,2024/04/06 06:05:47.988,2024-04-06 06:05:47.988000+00:00
2024/04/06, 06:06:47.988,35.73,-74.849, 0.33,344.77,33.93,0.05,9.5,9.6,1009.3,1009.5,0.0,0.0,13.74,11.62,8,3,12.8,12.0,62.6,62.6,12.8,12.0,352.9,347.9,1011.4,1011.6,-5.7,327.8,-0.02,31.9279,11.5196,408.3,0.0,1491.575, NAN, NAN, NAN, NAN,,2024/04/06 06:06:47.988,2024-04-06 06:06:47.988000+00:00
2024/04/06, 06:07:47.988,35.73,-74.849, 0.38,345.6,115.68,0.11,9.5,9.5,1009.6,1009.4,0.0,0.0,13.74,11.62,4,355,11.6,11.1,62.5,62.7,11.6,11.1,349.3,340.3,1011.7,1011.5,-5.71,327.77,-0.03,31.9231,11.5193,394.5,0.0,1491.568, NAN, NAN, NAN, NAN,,2024/04/06 06:07:47.988,2024-04-06 06:07:47.988000+00:00
2024/04/06, 06:08:47.988,35.73,-74.849, 0.30,343.22,39.38,0.18,9.5,9.5,1009.5,1009.5,0.0,0.0,13.74,11.62,8,0,12.7,12.0,65.0,64.9,12.6,12.0,350.9,342.8,1011.6,1011.6,-5.75,327.5,-0.02,31.9213,11.5168,402.8,0.0,1491.557, NAN, NAN, NAN, NAN,,2024/04/06 06:08:47.988,2024-04-06 06:08:47.988000+00:00
2024/04/06, 06:09:47.988,35.73,-74.849, 0.36,344.99,130.62,0.3,9.5,9.5,1009.4,1009.4,0.0,0.0,13.74,11.62,9,0,12.4,12.6,62.1,62.1,12.4,12.6,353.3,344.3,1011.5,1011.5,-5.75,325.89,-0.02,31.9126,11.5159,386.7,0.0,1491.544, NAN, NAN, NAN, NAN,,2024/04/06 06:09:47.988,2024-04-06 06:09:47.988000+00:00
2024/04/06, 06:10:47.988,35.73,-74.849, 0.34,344.74,94.95,0.39,9.5,9.5,1009.3,1009.4,0.0,0.0,13.74,11.62,6,1,13.1,12.9,60.1,60.2,13.1,12.9,349.9,344.9,1011.4,1011.5,-5.8,324.34,-0.02,31.9259,11.5163,384.1,0.0,1491.561, NAN, NAN, NAN, NAN,,2024/04/06 06:10:47.988,2024-04-06 06:10:47.988000+00:00
2024/04/06, 06:11:47.989,35.73,-74.849, 0.39,345.05,39.15,0.28,9.5,9.5,1009.4,1009.4,0.0,0.0,13.74,11.62,7,359,11.4,11.3,61.4,60.1,11.4,11.3,351.3,343.3,1011.5,1011.5,-5.78,325.01,-0.02,31.9342,11.5163,391.8,0.0,1491.571, NAN, NAN, NAN, NAN,,2024/04/06 06:11:47.989,2024-04-06 06:11:47.989000+00:00
2024/04/06, 06:12:47.989,35.73,-74.849, 0.33,345.47,266.35,0.17,9.5,9.5,1009.5,1009.4,0.0,0.0,13.74,11.62,357,355,9.4,10.4,63.7,63.9,9.4,10.4,343.0,340.9,1011.6,1011.5,-5.82,329.57,-0.02,31.9402,11.5131,385.1,0.0,1491.567, NAN, NAN, NAN, NAN,,2024/04/06 06:12:47.989,2024-04-06 06:12:47.989000+00:00
2024/04/06, 06:13:47.989,35.73,-74.849, 0.29,344.56,84.56,0.06,9.5,9.6,1009.3,1009.4,0.0,0.0,13.74,11.62,0,353,11.8,12.0,61.5,62.1,11.8,12.0,344.4,337.4,1011.4,1011.5,-5.64,334.27,-0.02,31.9322,11.5104,375.5,0.0,1491.548, NAN, NAN, NAN, NAN,,2024/04/06 06:13:47.989,2024-04-06 06:13:47.989000+00:00
2024/04/06, 06:14:47.989,35.73,-74.849, 0.32,345.14,58.35,0.12,9.5,9.5,1009.3,1009.4,0.0,0.0,13.74,11.62,0,355,10.8,11.8,60.8,60.6,10.8,11.8,344.8,339.9,1011.4,1011.5,-5.69,337.54,-0.02,31.9122,11.5084,400.3,0.0,1491.517, NAN, NAN, NAN, NAN,,2024/04/06 06:14:47.989,2024-04-06 06:14:47.989000+00:00
2024/04/06, 06:15:47.989,35.73,-74.849, 0.26,344.76,21.52,0.15,9.5,9.5,1009.4,1009.4,0.0,0.0,13.74,11.62,2,354,14.0,12.7,61.5,61.1,13.9,12.6,346.6,338.6,1011.5,1011.5,-5.61,336.85,-0.02,31.8797,11.5064,381.7,0.0,1491.471, NAN, NAN, NAN, NAN,,2024/04/06 06:15:47.989,2024-04-06 06:15:47.989000+00:00
2024/04/06, 06:16:47.989,35.73,-74.849, 0.31,346.15,195.1,0.06,9.5,9.5,1009.4,1009.4,0.0,0.0,13.74,11.62,356,347,11.4,11.0,60.7,60.8,11.4,11.0,342.3,333.3,1011.5,1011.5,-5.62,337.55,-0.02,31.862,11.5014,379.0,0.0,1491.433, NAN, NAN, NAN, NAN,,2024/04/06 06:16:47.989,2024-04-06 06:16:47.989000+00:00
2024/04/06, 06:17:47.989,35.73,-74.849, 0.29,344.8,267.32,0.5,9.5,9.5,1009.3,1009.3,0.0,0.0,13.74,11.62,3,356,13.7,12.7,61.6,61.8,13.7,12.7,348.9,342.0,1011.4,1011.4,-5.66,339.17,-0.02,31.8512,11.4972,410.4,0.0,1491.405, NAN, NAN, NAN, NAN,,2024/04/06 06:17:47.989,2024-04-06 06:17:47.989000+00:00
2024/04/06, 06:18:47.989,35.73,-74.849, 0.36,345.39,275.21,0.2,9.5,9.5,1009.3,1009.2,0.0,0.0,13.74,11.62,348,338,13.0,12.9,63.4,63.3,12.9,12.8,333.8,323.7,1011.4,1011.3,-5.52,339.75,-0.02,31.8432,11.4952,387.8,0.0,1491.388, NAN, NAN, NAN, NAN,,2024/04/06 06:18:47.989,2024-04-06 06:18:47.989000+00:00
2024/04/06, 06:19:47.989,35.73,-74.849, 0.26,345.9,219.95,0.11,9.4,9.5,1009.3,1009.1,0.0,0.0,13.74,11.62,355,349,13.4,12.0,64.9,65.3,13.5,12.0,341.0,335.0,1011.4,1011.2,-5.62,342.73,-0.02,31.8347,11.4964,383.3,0.0,1491.382, NAN, NAN, NAN, NAN,,2024/04/06 06:19:47.989,2024-04-06 06:19:47.989000+00:00
2024/04/06, 06:20:47.989,35.73,-74.849, 0.23,344.5,85.88,0.13,9.4,9.4,1009.3,1009.1,0.0,0.0,13.74,11.62,348,343,13.2,12.5,66.4,66.9,13.2,12.5,332.2,327.2,1011.4,1011.2,-5.55,344.2,-0.02,31.8232,11.494,383.0,0.0,1491.36, NAN, NAN, NAN, NAN,,2024/04/06 06:20:47.989,2024-04-06 06:20:47.989000+00:00
2024/04/06, 06:21:47.989,35.73,-74.849, 0.33,343.86,87.47,0.12,9.3,9.3,1009.3,1009.1,0.0,0.0,13.74,11.62,354,345,14.0,12.9,66.1,66.3,14.0,12.9,338.1,329.1,1011.4,1011.2,-5.54,341.47,-0.02,31.8089,11.4913,395.2,0.0,1491.334, NAN, NAN, NAN, NAN,,2024/04/06 06:21:47.989,2024-04-06 06:21:47.989000+00:00
2024/04/06, 06:22:47.989,35.73,-74.849, 0.32,345.55,273.37,0.3,9.2,9.3,1009.3,1009.3,0.0,0.0,13.74,11.62,350,346,12.3,12.6,63.7,64.1,12.2,12.5,336.2,332.2,1011.4,1011.4,-5.65,337.47,-0.01,31.8246,11.4893,391.5,0.0,1491.346, NAN, NAN, NAN, NAN,,2024/04/06 06:22:47.989,2024-04-06 06:22:47.989000+00:00
2024/04/06, 06:23:47.989,35.73,-74.849, 0.28,345.97,248.63,0.12,9.2,9.2,1009.4,1009.5,0.0,0.0,13.74,11.62,354,346,12.1,12.7,61.4,61.5,12.1,12.7,340.2,332.2,1011.5,1011.6,-5.6,331.64,-0.02,31.8403,11.4872,388.1,0.0,1491.357, NAN, NAN, NAN, NAN,,2024/04/06 06:23:47.989,2024-04-06 06:23:47.989000+00:00
2024/04/06, 06:24:47.989,35.73,-74.849, 0.31,343.94,61.07,0.19,9.2,9.2,1009.4,1009.4,0.0,0.0,13.74,11.62,353,344,12.3,12.7,64.5,64.1,12.3,12.7,336.5,327.5,1011.5,1011.5,-5.74,330.17,-0.02,31.843,11.4839,387.2,0.0,1491.349, NAN, NAN, NAN, NAN,,2024/04/06 06:24:47.989,2024-04-06 06:24:47.989000+00:00
2024/04/06, 06:25:47.989,35.73,-74.849, 0.28,346.13,300.71,0.13,9.2,9.2,1009.3,1009.4,0.0,0.0,13.74,11.62,352,343,13.2,14.0,61.2,64.5,13.2,14.0,338.4,329.3,1011.4,1011.5,-5.64,330.9,-0.02,31.841,11.4799,382.0,0.0,1491.332, NAN, NAN, NAN, NAN,,2024/04/06 06:25:47.989,2024-04-06 06:25:47.989000+00:00
2024/04/06, 06:26:47.989,35.73,-74.849, 0.31,344.46,234.51,0.06,9.1,9.2,1009.3,1009.3,0.0,0.0,13.74,11.62,352,350,14.2,14.8,60.1,61.3,14.2,14.8,336.6,334.6,1011.4,1011.4,-5.66,330.69,-0.01,31.8463,11.478,391.8,0.0,1491.332, NAN, NAN, NAN, NAN,,2024/04/06 06:26:47.989,2024-04-06 06:26:47.989000+00:00
2024/04/06, 06:27:47.989,35.73,-74.849, 0.39,342.42,76.52,0.25,9.1,9.1,1009.3,1009.4,0.0,0.0,13.74,11.62,2,357,14.3,13.7,60.2,60.3,14.3,13.7,343.9,338.9,1011.4,1011.5,-5.67,329.65,-0.02,31.8394,11.477,393.1,0.0,1491.32, NAN, NAN, NAN, NAN,,2024/04/06 06:27:47.989,2024-04-06 06:27:47.989000+00:00
2024/04/06, 06:28:47.990,35.73,-74.849, 0.41,342.19,71.3,0.16,9.1,9.1,1009.2,1009.4,0.0,0.0,13.74,11.62,3,358,13.0,12.4,59.5,59.7,12.9,12.3,344.9,339.9,1011.3,1011.5,-5.82,327.06,-0.02,31.8439,11.4745,393.9,0.0,1491.317, NAN, NAN, NAN, NAN,,2024/04/06 06:28:47.990,2024-04-06 06:28:47.990000+00:00
2024/04/06, 06:29:47.990,35.73,-74.849, 0.37,340.7,228.56,0.14,9.0,9.1,1009.4,1009.4,0.0,0.0,13.74,11.62,8,4,13.4,12.8,60.6,60.8,13.4,12.8,349.0,345.0,1011.5,1011.5,-5.73,323.27,-0.02,31.8606,11.4732,410.4,0.0,1491.333, NAN, NAN, NAN, NAN,,2024/04/06 06:29:47.990,2024-04-06 06:29:47.990000+00:00
2024/04/06, 06:30:47.990,35.73,-74.849, 0.34,340.16,73.23,0.4,9.0,9.0,1009.4,1009.3,0.0,0.0,13.74,11.62,11,6,12.5,12.5,60.1,59.9,12.4,12.5,350.2,345.2,1011.5,1011.4,-5.83,321.0,-0.02,31.8748,11.4705,390.2,0.0,1491.34, NAN, NAN, NAN, NAN,,2024/04/06 06:30:47.990,2024-04-06 06:30:47.990000+00:00
2024/04/06, 06:31:47.990,35.73,-74.849, 0.36,342.51,186.4,0.26,9.0,9.0,1009.3,1009.3,0.0,0.0,13.74,11.62,6,358,12.0,12.3,63.0,63.3,12.1,12.3,349.1,341.1,1011.4,1011.4,-5.78,318.99,-0.02,31.8979,11.4697,399.5,0.0,1491.365, NAN, NAN, NAN, NAN,,2024/04/06 06:31:47.990,2024-04-06 06:31:47.990000+00:00
2024/04/06, 06:32:47.990,35.73,-74.849, 0.47,344.34,234.68,0.11,9.0,9.1,1009.3,1009.4,0.0,0.0,13.74,11.62,359,355,12.5,11.5,62.4,61.4,12.5,11.5,343.5,339.5,1011.4,1011.5,-5.92,315.39,-0.01,31.9111,11.4686,390.8,0.0,1491.377, NAN, NAN, NAN, NAN,,2024/04/06 06:32:47.990,2024-04-06 06:32:47.990000+00:00
2024/04/06, 06:33:47.990,35.73,-74.849, 0.33,340.46,184.51,0.16,9.1,9.1,1009.4,1009.4,0.0,0.0,13.74,11.62,8,6,10.7,10.8,63.0,62.6,10.7,10.8,348.0,346.0,1011.5,1011.5,-5.98,313.07,-0.02,31.9073,11.4679,384.1,0.0,1491.37, NAN, NAN, NAN, NAN,,2024/04/06 06:33:47.990,2024-04-06 06:33:47.990000+00:00
2024/04/06, 06:34:47.990,35.73,-74.849, 0.45,341.64,37.61,0.35,9.1,9.1,1009.3,1009.3,0.0,0.0,13.74,11.62,4,0,11.6,10.5,59.9,59.9,11.5,10.4,344.9,340.8,1011.4,1011.4,-5.89,314.49,-0.02,31.8963,11.4671,390.2,0.0,1491.354, NAN, NAN, NAN, NAN,,2024/04/06 06:34:47.990,2024-04-06 06:34:47.990000+00:00
2024/04/06, 06:35:47.990,35.73,-74.849, 0.34,341.9,223.23,0.26,9.1,9.2,1009.3,1009.4,0.0,0.0,13.74,11.62,2,359,10.7,10.4,62.1,61.9,10.7,10.4,344.6,341.6,1011.4,1011.5,-5.96,318.21,-0.02,31.8978,11.4636,395.8,0.0,1491.344, NAN, NAN, NAN, NAN,,2024/04/06 06:35:47.990,2024-04-06 06:35:47.990000+00:00
2024/04/06, 06:36:47.990,35.73,-74.849, 0.36,343.24,292.43,0.17,9.2,9.2,1009.3,1009.3,0.0,0.0,13.74,11.62,3,0,12.6,12.4,63.9,64.1,12.5,12.3,346.6,343.6,1011.4,1011.4,-5.91,320.51,-0.02,31.8943,11.4598,408.3,0.0,1491.326, NAN, NAN, NAN, NAN,,2024/04/06 06:36:47.990,2024-04-06 06:36:47.990000+00:00
2024/04/06, 06:37:47.990,35.73,-74.849, 0.48,341.97,228.74,0.15,9.2,9.2,1009.4,1009.5,0.0,0.0,13.74,11.62,357,351,11.6,10.9,60.7,60.6,11.6,10.9,339.3,333.3,1011.5,1011.6,-5.73,323.19,-0.02,31.9019,11.458,390.2,0.0,1491.329, NAN, NAN, NAN, NAN,,2024/04/06 06:37:47.990,2024-04-06 06:37:47.990000+00:00
2024/04/06, 06:38:47.990,35.73,-74.849, 0.38,342.0,240.32,0.11,9.2,9.2,1009.2,1009.4,0.0,0.0,13.74,11.62,353,348,11.0,10.3,64.5,64.8,11.0,10.3,335.3,330.3,1011.3,1011.5,-5.77,323.83,-0.02,31.8982,11.4549,395.8,0.0,1491.314, NAN, NAN, NAN, NAN,,2024/04/06 06:38:47.990,2024-04-06 06:38:47.990000+00:00
2024/04/06, 06:39:47.990,35.73,-74.849, 0.33,341.83,270.43,0.23,9.2,9.3,1009.3,1009.3,0.0,0.0,13.74,11.62,358,351,12.8,12.5,64.2,65.9,12.8,12.4,340.3,333.3,1011.4,1011.4,-5.75,322.58,-0.02,31.8917,11.4518,391.8,0.0,1491.295, NAN, NAN, NAN, NAN,,2024/04/06 06:39:47.990,2024-04-06 06:39:47.990000+00:00
2024/04/06, 06:40:47.990,35.73,-74.849, 0.48,342.64,88.37,0.41,9.1,9.2,1009.3,1009.3,0.0,0.0,13.74,11.62,359,352,11.5,11.2,61.7,61.8,11.5,11.2,340.6,333.6,1011.4,1011.4,-5.76,321.8,-0.02,31.88,11.4493,396.1,0.0,1491.272, NAN, NAN, NAN, NAN,,2024/04/06 06:40:47.990,2024-04-06 06:40:47.990000+00:00
2024/04/06, 06:41:47.990,35.73,-74.849, 0.37,342.01,71.29,0.11,9.1,9.2,1009.3,1009.5,0.0,0.0,13.74,11.62,356,352,12.4,12.3,61.7,61.9,12.4,12.3,337.8,333.8,1011.4,1011.6,-5.85,321.45,-0.02,31.8735,11.4471,401.2,0.0,1491.257, NAN, NAN, NAN, NAN,,2024/04/06 06:41:47.990,2024-04-06 06:41:47.990000+00:00
2024/04/06, 06:42:47.990,35.73,-74.849, 0.36,340.39,37.61,0.13,9.1,9.1,1009.3,1009.5,0.0,0.0,13.74,11.62,2,358,11.7,11.1,62.7,62.6,11.7,11.1,342.1,338.1,1011.4,1011.6,-5.79,320.97,-0.02,31.8615,11.446,407.3,0.0,1491.239, NAN, NAN, NAN, NAN,,2024/04/06 06:42:47.990,2024-04-06 06:42:47.990000+00:00
2024/04/06, 06:43:47.991,35.73,-74.849, 0.33,340.29,57.37,0.25,9.1,9.1,1009.3,1009.3,0.0,0.0,13.74,11.62,9,3,12.3,12.4,62.9,62.8,12.3,12.4,348.7,342.7,1011.4,1011.4,-5.79,319.73,-0.02,31.8479,11.4442,404.9,0.0,1491.216, NAN, NAN, NAN, NAN,,2024/04/06 06:43:47.991,2024-04-06 06:43:47.991000+00:00
2024/04/06, 06:44:47.991,35.73,-74.849, 0.34,342.36,133.65,0.14,9.1,9.1,1009.3,1009.3,0.0,0.0,13.74,11.62,5,0,12.2,11.2,63.0,63.6,12.2,11.2,347.1,342.1,1011.4,1011.4,-5.82,318.56,-0.01,31.855,11.4442,385.4,0.0,1491.225, NAN, NAN, NAN, NAN,,2024/04/06 06:44:47.991,2024-04-06 06:44:47.991000+00:00
2024/04/06, 06:45:47.991,35.73,-74.849, 0.41,341.64,267.45,0.01,9.1,9.1,1009.4,1009.3,0.0,0.0,13.74,11.62,13,359,11.6,11.1,58.4,59.3,11.6,11.1,354.7,340.7,1011.5,1011.4,-5.83,317.42,-0.02,31.8743,11.4425,393.9,0.0,1491.242, NAN, NAN, NAN, NAN,,2024/04/06 06:45:47.991,2024-04-06 06:45:47.991000+00:00
2024/04/06, 06:46:47.991,35.73,-74.849, 0.41,343.23,81.88,0.12,9.1,9.1,1009.4,1009.3,0.0,0.0,13.74,11.62,7,2,10.9,10.5,57.6,60.7,10.9,10.5,349.9,344.9,1011.5,1011.4,-5.97,318.09,-0.02,31.8755,11.4407,386.4,0.0,1491.237, NAN, NAN, NAN, NAN,,2024/04/06 06:46:47.991,2024-04-06 06:46:47.991000+00:00
2024/04/06, 06:47:47.991,35.73,-74.849, 0.33,342.64,144.8,0.16,9.1,9.1,1009.1,1009.4,0.0,0.0,13.74,11.62,4,0,11.4,10.9,60.6,60.8,11.4,10.9,347.0,343.0,1011.2,1011.5,-5.91,317.55,-0.02,31.8769,11.4393,397.6,0.0,1491.234, NAN, NAN, NAN, NAN,,2024/04/06 06:47:47.991,2024-04-06 06:47:47.991000+00:00
2024/04/06, 06:48:47.991,35.73,-74.849, 0.31,340.54,69.66,0.06,9.1,9.1,1009.4,1009.4,0.0,0.0,13.74,11.62,9,6,11.1,12.0,62.6,62.5,11.1,12.0,349.7,346.7,1011.5,1011.5,-5.91,317.41,-0.01,31.8763,11.4392,398.5,0.0,1491.233, NAN, NAN, NAN, NAN,,2024/04/06 06:48:47.991,2024-04-06 06:48:47.991000+00:00
2024/04/06, 06:49:47.991,35.73,-74.849, 0.36,340.38,61.68,0.24,9.1,9.1,1009.5,1009.4,0.0,0.0,13.74,11.62,13,9,11.5,10.7,63.3,57.1,11.5,10.7,352.8,348.7,1011.6,1011.5,-5.97,317.41,-0.02,31.8686,11.4373,405.6,0.0,1491.217, NAN, NAN, NAN, NAN,,2024/04/06 06:49:47.991,2024-04-06 06:49:47.991000+00:00
2024/04/06, 06:50:47.991,35.73,-74.849, 0.30,342.92,229.71,0.19,9.0,9.0,1009.3,1009.2,0.0,0.0,13.74,11.62,17,10,12.4,11.5,58.0,58.1,12.5,11.5,0.3,353.3,1011.4,1011.3,-5.89,317.54,-0.02,31.8692,11.4347,404.6,0.0,1491.208, NAN, NAN, NAN, NAN,,2024/04/06 06:50:47.991,2024-04-06 06:50:47.991000+00:00
2024/04/06, 06:51:47.991,35.73,-74.849, 0.36,341.74,6.04,0.05,8.9,9.0,1009.3,1009.4,0.0,0.0,13.74,11.62,14,6,11.5,10.6,56.3,56.2,11.5,10.6,355.8,347.8,1011.4,1011.5,-5.94,318.74,-0.02,31.8966,11.4334,400.9,0.0,1491.237, NAN, NAN, NAN, NAN,,2024/04/06 06:51:47.991,2024-04-06 06:51:47.991000+00:00
2024/04/06, 06:52:47.991,35.73,-74.849, 0.38,342.55,227.58,0.13,8.9,8.9,1009.4,1009.4,0.0,0.0,13.74,11.62,11,7,10.3,9.7,59.3,59.3,10.3,9.7,353.9,349.9,1011.5,1011.5,-5.99,320.61,-0.02,31.8917,11.4327,397.6,0.0,1491.228, NAN, NAN, NAN, NAN,,2024/04/06 06:52:47.991,2024-04-06 06:52:47.991000+00:00
2024/04/06, 06:53:47.991,35.73,-74.849, 0.36,343.83,268.4,0.23,9.0,9.0,1009.5,1009.5,0.0,0.0,13.74,11.62,9,1,10.6,10.4,64.2,63.9,10.6,10.4,353.5,345.4,1011.6,1011.6,-5.92,323.7,-0.02,31.9136,11.4319,416.6,0.0,1491.252, NAN, NAN, NAN, NAN,,2024/04/06 06:53:47.991,2024-04-06 06:53:47.991000+00:00
2024/04/06, 06:54:47.991,35.73,-74.849, 0.31,343.56,235.62,0.12,9.0,9.0,1009.3,1009.4,0.0,0.0,13.74,11.62,8,4,11.6,11.4,64.7,64.2,11.6,11.4,351.8,347.8,1011.4,1011.5,-5.88,326.29,-0.02,31.9136,11.4301,400.3,0.0,1491.246, NAN, NAN, NAN, NAN,,2024/04/06 06:54:47.991,2024-04-06 06:54:47.991000+00:00
2024/04/06, 06:55:47.991,35.73,-74.849, 0.39,348.58,230.48,0.1,9.0,9.1,1009.4,1009.3,0.0,0.0,13.74,11.62,2,355,10.7,10.3,61.5,61.3,10.7,10.3,350.9,343.9,1011.5,1011.4,-5.9,330.13,-0.02,31.9209,11.4294,394.8,0.0,1491.252, NAN, NAN, NAN, NAN,,2024/04/06 06:55:47.991,2024-04-06 06:55:47.991000+00:00
2024/04/06, 06:56:47.991,35.73,-74.849, 0.32,345.85,79.23,0.14,9.2,9.2,1009.3,1009.5,0.0,0.0,13.74,11.62,4,359,11.6,11.8,68.1,68.3,11.6,11.8,349.5,344.5,1011.4,1011.6,-5.76,331.48,-0.02,31.9152,11.4291,393.1,0.0,1491.244, NAN, NAN, NAN, NAN,,2024/04/06 06:56:47.991,2024-04-06 06:56:47.991000+00:00
2024/04/06, 06:57:47.991,35.73,-74.849, 0.39,347.91,274.51,0.4,9.2,9.2,1009.3,1009.4,0.0,0.0,13.74,11.62,2,356,13.0,11.9,62.2,62.2,13.0,11.9,350.8,344.9,1011.4,1011.5,-5.87,332.87,-0.02,31.9004,11.4286,393.6,0.0,1491.225, NAN, NAN, NAN, NAN,,2024/04/06 06:57:47.991,2024-04-06 06:57:47.991000+00:00
2024/04/06, 06:58:47.992,35.73,-74.849, 0.40,347.68,230.32,0.16,9.1,9.2,1009.3,1009.3,0.0,0.0,13.74,11.62,358,350,12.9,11.7,59.6,59.4,13.0,11.7,346.0,338.0,1011.4,1011.4,-5.68,335.17,-0.01,31.8835,11.428,385.7,0.0,1491.202, NAN, NAN, NAN, NAN,,2024/04/06 06:58:47.992,2024-04-06 06:58:47.992000+00:00
2024/04/06, 06:59:47.992,35.73,-74.849, 0.51,348.65,300.0,0.07,9.1,9.2,1009.4,1009.3,0.0,0.0,13.74,11.62,357,350,13.4,12.8,59.9,59.8,13.4,12.8,345.6,338.6,1011.5,1011.4,-5.68,337.09,-0.01,31.8718,11.4268,390.5,0.0,1491.184, NAN, NAN, NAN, NAN,,2024/04/06 06:59:47.992,2024-04-06 06:59:47.992000+00:00
2024/04/06, 07:00:47.992,35.73,-74.849, 0.51,347.76,303.17,0.1,9.1,9.1,1009.7,1009.4,0.0,0.0,13.74,11.62,354,349,11.9,11.9,55.8,55.8,11.9,11.9,341.9,336.9,1011.8,1011.5,-5.6,340.32,-0.01,31.8699,11.4243,390.5,0.0,1491.173, NAN, NAN, NAN, NAN,,2024/04/06 07:00:47.992,2024-04-06 07:00:47.992000+00:00
2024/04/06, 07:01:47.992,35.73,-74.849, 0.45,347.38,232.43,0.06,9.2,9.2,1009.4,1009.4,0.0,0.0,13.74,11.62,357,349,11.1,9.9,55.1,55.4,11.1,9.9,344.3,336.3,1011.5,1011.5,-5.58,342.88,-0.02,31.8662,11.4225,390.2,0.0,1491.162, NAN, NAN, NAN, NAN,,2024/04/06 07:01:47.992,2024-04-06 07:01:47.992000+00:00
2024/04/06, 07:02:47.992,35.73,-74.849, 0.50,347.02,56.03,0.11,9.2,9.2,1009.3,1009.4,0.0,0.0,13.74,11.62,354,347,11.5,12.1,56.3,56.0,11.5,12.1,340.9,333.9,1011.4,1011.5,-5.47,344.29,-0.02,31.8674,11.4216,401.2,0.0,1491.161, NAN, NAN, NAN, NAN,,2024/04/06 07:02:47.992,2024-04-06 07:02:47.992000+00:00
2024/04/06, 07:03:47.992,35.73,-74.849, 0.36,347.71,303.7,0.19,9.2,9.2,1009.4,1009.4,0.0,0.0,13.74,11.62,357,349,12.2,12.1,54.3,54.4,12.1,12.0,345.1,337.0,1011.5,1011.5,-5.51,345.04,-0.02,31.8683,11.4177,393.1,0.0,1491.148, NAN, NAN, NAN, NAN,,2024/04/06 07:03:47.992,2024-04-06 07:03:47.992000+00:00
2024/04/06, 07:04:47.992,35.73,-74.849, 0.46,347.03,197.76,0.11,9.2,9.2,1009.3,1009.4,0.0,0.0,13.74,11.62,359,355,11.1,10.8,57.6,54.5,11.1,10.8,346.3,342.3,1011.4,1011.5,-5.55,345.75,-0.02,31.8722,11.4173,396.9,0.0,1491.151, NAN, NAN, NAN, NAN,,2024/04/06 07:04:47.992,2024-04-06 07:04:47.992000+00:00
2024/04/06, 07:05:47.992,35.73,-74.849, 0.45,346.41,89.32,0.3,9.2,9.2,1009.4,1009.4,0.0,0.0,13.74,11.62,3,356,12.5,11.9,58.6,59.0,12.5,11.9,348.7,341.7,1011.5,1011.5,-5.47,345.55,-0.02,31.8794,11.4159,395.8,0.0,1491.155, NAN, NAN, NAN, NAN,,2024/04/06 07:05:47.992,2024-04-06 07:05:47.992000+00:00
2024/04/06, 07:06:47.992,35.73,-74.849, 0.49,346.94,310.73,0.27,9.2,9.2,1009.3,1009.5,0.0,0.0,13.74,11.62,1,356,11.9,12.0,55.8,55.6,11.8,11.9,348.4,343.4,1011.4,1011.6,-5.43,345.54,-0.02,31.8789,11.4152,397.6,0.0,1491.152, NAN, NAN, NAN, NAN,,2024/04/06 07:06:47.992,2024-04-06 07:06:47.992000+00:00
2024/04/06, 07:07:47.992,35.73,-74.849, 0.32,345.72,37.51,0.39,9.1,9.2,1009.4,1009.5,0.0,0.0,13.74,11.62,6,0,12.5,12.1,52.5,52.6,12.4,12.0,350.9,344.8,1011.5,1011.6,-5.48,344.8,-0.02,31.8824,11.4162,399.2,0.0,1491.16, NAN, NAN, NAN, NAN,,2024/04/06 07:07:47.992,2024-04-06 07:07:47.992000+00:00
2024/04/06, 07:08:47.992,35.73,-74.849, 0.40,347.08,26.77,0.18,9.1,9.1,1009.4,1009.4,0.0,0.0,13.74,11.62,6,357,12.0,11.3,53.6,53.3,11.9,11.2,353.0,344.0,1011.5,1011.5,-5.49,344.5,-0.02,31.8995,11.4156,393.1,0.0,1491.178, NAN, NAN, NAN, NAN,,2024/04/06 07:08:47.992,2024-04-06 07:08:47.992000+00:00
2024/04/06, 07:09:47.992,35.73,-74.849, 0.41,346.4,20.71,0.15,9.1,9.1,1009.4,1009.4,0.0,0.0,13.74,11.62,6,0,11.8,11.0,53.7,53.8,11.8,11.0,352.1,346.0,1011.5,1011.5,-5.48,344.2,-0.02,31.8972,11.4156,391.5,0.0,1491.175, NAN, NAN, NAN, NAN,,2024/04/06 07:09:47.992,2024-04-06 07:09:47.992000+00:00
2024/04/06, 07:10:47.992,35.73,-74.849, 0.39,348.53,221.14,0.04,9.1,9.1,1009.7,1009.6,0.0,0.0,13.74,11.62,7,1,10.8,11.4,59.2,59.1,10.8,11.4,355.4,349.4,1011.8,1011.7,-5.62,344.61,-0.02,31.8947,11.4181,404.6,0.0,1491.181, NAN, NAN, NAN, NAN,,2024/04/06 07:10:47.992,2024-04-06 07:10:47.992000+00:00
2024/04/06, 07:11:47.992,35.73,-74.849, 0.33,346.73,30.71,0.1,9.1,9.2,1009.4,1009.6,0.0,0.0,13.74,11.62,7,2,11.5,10.3,58.6,58.2,11.5,10.3,353.5,348.4,1011.5,1011.7,-5.52,344.24,-0.02,31.9014,11.4194,390.5,0.0,1491.194, NAN, NAN, NAN, NAN,,2024/04/06 07:11:47.992,2024-04-06 07:11:47.992000+00:00
2024/04/06, 07:12:47.992,35.73,-74.849, 0.37,346.4,110.47,0.17,9.1,9.2,1009.6,1009.5,0.0,0.0,13.74,11.62,6,359,10.7,10.9,58.5,62.0,10.7,10.9,352.0,345.0,1011.7,1011.6,-5.5,343.27,-0.02,31.9037,11.4213,399.2,0.0,1491.203, NAN, NAN, NAN, NAN,,2024/04/06 07:12:47.992,2024-04-06 07:12:47.992000+00:00
2024/04/06, 07:13:47.992,35.73,-74.849, 0.41,346.9,105.29,0.1,9.2,9.2,1009.5,1009.5,0.0,0.0,13.74,11.62,358,355,10.5,10.7,61.2,61.1,10.5,10.7,344.7,341.7,1011.6,1011.6,-5.47,341.72,-0.02,31.9226,11.4222,406.7,0.0,1491.229, NAN, NAN, NAN, NAN,,2024/04/06 07:13:47.992,2024-04-06 07:13:47.992000+00:00
2024/04/06, 07:14:47.993,35.73,-74.849, 0.39,348.94,216.33,0.17,9.2,9.2,1009.5,1009.6,0.0,0.0,13.74,11.62,1,353,11.2,11.1,60.1,60.4,11.2,11.1,350.3,342.4,1011.6,1011.7,-5.6,339.82,-0.01,31.9325,11.4248,393.9,0.0,1491.25, NAN, NAN, NAN, NAN,,2024/04/06 07:14:47.993,2024-04-06 07:14:47.993000+00:00
2024/04/06, 07:15:47.993,35.73,-74.849, 0.30,345.34,183.15,0.15,9.2,9.2,1009.6,1009.7,0.0,0.0,13.74,11.62,4,359,13.0,12.8,62.1,62.0,13.1,12.9,349.2,344.2,1011.7,1011.8,-5.55,337.72,-0.01,31.932,11.4272,397.6,0.0,1491.258, NAN, NAN, NAN, NAN,,2024/04/06 07:15:47.993,2024-04-06 07:15:47.993000+00:00
2024/04/06, 07:16:47.993,35.73,-74.849, 0.48,345.84,222.46,0.06,9.1,9.1,1009.6,1009.6,0.0,0.0,13.74,11.62,7,0,12.8,11.9,58.9,58.6,12.8,11.9,353.0,346.0,1011.7,1011.7,-5.53,335.61,-0.01,31.9214,11.4289,412.3,0.0,1491.251, NAN, NAN, NAN, NAN,,2024/04/06 07:16:47.993,2024-04-06 07:16:47.993000+00:00
2024/04/06, 07:17:47.993,35.73,-74.849, 0.44,348.17,39.07,0.16,9.1,9.2,1009.6,1009.5,0.0,0.0,13.74,11.62,358,350,12.1,11.9,62.2,59.0,12.1,11.9,345.8,337.8,1011.7,1011.6,-5.6,333.32,-0.02,31.9155,11.4295,415.0,0.0,1491.246, NAN, NAN, NAN, NAN,,2024/04/06 07:17:47.993,2024-04-06 07:17:47.993000+00:00
2024/04/06, 07:18:47.993,35.73,-74.849, 0.35,347.99,206.36,0.06,9.1,9.1,1009.4,1009.5,0.0,0.0,13.74,11.62,357,349,11.8,10.9,57.6,57.7,11.8,10.9,345.1,337.1,1011.5,1011.6,-5.61,333.07,-0.01,31.9194,11.4304,399.2,0.0,1491.254, NAN, NAN, NAN, NAN,,2024/04/06 07:18:47.993,2024-04-06 07:18:47.993000+00:00
2024/04/06, 07:19:47.993,35.73,-74.849, 0.39,347.87,43.66,0.13,9.1,9.1,1009.6,1009.5,0.0,0.0,13.74,11.62,357,350,12.6,12.5,59.9,60.1,12.6,12.5,344.7,337.6,1011.7,1011.6,-5.55,334.53,-0.01,31.9267,11.4303,407.3,0.0,1491.262, NAN, NAN, NAN, NAN,,2024/04/06 07:19:47.993,2024-04-06 07:19:47.993000+00:00
2024/04/06, 07:20:47.993,35.73,-74.849, 0.45,346.57,286.8,0.09,9.1,9.1,1009.4,1009.7,0.0,0.0,13.74,11.62,357,349,11.8,11.4,57.0,56.6,11.8,11.4,343.6,335.6,1011.5,1011.8,-5.68,336.35,-0.01,31.9219,11.4304,405.6,0.0,1491.257, NAN, NAN, NAN, NAN,,2024/04/06 07:20:47.993,2024-04-06 07:20:47.993000+00:00
2024/04/06, 07:21:47.993,35.73,-74.849, 0.50,347.37,345.86,0.15,9.1,9.1,1009.7,1009.5,0.0,0.0,13.74,11.62,355,350,10.0,11.0,56.8,57.1,9.9,10.9,342.4,337.3,1011.8,1011.6,-5.51,339.26,-0.01,31.9255,11.4305,405.6,0.0,1491.261, NAN, NAN, NAN, NAN,,2024/04/06 07:21:47.993,2024-04-06 07:21:47.993000+00:00
2024/04/06, 07:22:47.993,35.73,-74.849, 0.32,344.94,108.8,0.16,9.1,9.1,1009.5,1009.6,0.0,0.0,13.74,11.62,0,352,10.2,9.4,57.1,59.6,10.2,9.4,344.5,336.5,1011.6,1011.7,-5.59,342.06,-0.01,31.9203,11.432,407.0,0.0,1491.26, NAN, NAN, NAN, NAN,,2024/04/06 07:22:47.993,2024-04-06 07:22:47.993000+00:00
2024/04/06, 07:23:47.993,35.73,-74.849, 0.44,348.08,221.17,0.33,9.1,9.1,1009.7,1009.7,0.0,0.0,13.74,11.62,359,354,10.0,11.4,63.7,63.9,10.1,11.5,347.9,342.9,1011.8,1011.8,-5.61,342.95,-0.02,31.9234,11.4348,399.5,0.0,1491.274, NAN, NAN, NAN, NAN,,2024/04/06 07:23:47.993,2024-04-06 07:23:47.993000+00:00
2024/04/06, 07:24:47.993,35.73,-74.849, 0.35,346.67,211.34,0.21,9.1,9.2,1009.4,1009.6,0.0,0.0,13.74,11.62,358,345,11.7,10.8,58.6,58.7,11.8,10.9,345.0,332.2,1011.5,1011.7,-5.56,342.43,-0.02,31.9246,11.4357,396.4,0.0,1491.278, NAN, NAN, NAN, NAN,,2024/04/06 07:24:47.993,2024-04-06 07:24:47.993000+00:00
2024/04/06, 07:25:47.993,35.73,-74.849, 0.22,348.42,152.57,0.22,9.1,9.1,1009.6,1009.7,0.0,0.0,13.74,11.62,356,350,11.3,11.3,61.2,61.3,11.4,11.4,344.3,338.3,1011.7,1011.8,-5.64,341.62,-0.01,31.9148,11.4352,407.6,0.0,1491.265, NAN, NAN, NAN, NAN,,2024/04/06 07:25:47.993,2024-04-06 07:25:47.993000+00:00
2024/04/06, 07:26:47.993,35.73,-74.849, 0.65,347.89,285.16,0.41,9.1,9.1,1009.6,1009.5,0.0,0.0,13.74,11.62,358,350,11.8,11.3,59.4,59.5,11.7,11.2,346.8,338.8,1011.7,1011.6,-5.46,340.78,-0.01,31.9179,11.4347,413.7,0.0,1491.267, NAN, NAN, NAN, NAN,,2024/04/06 07:26:47.993,2024-04-06 07:26:47.993000+00:00
2024/04/06, 07:27:47.993,35.73,-74.849, 0.39,347.52,241.78,0.13,9.1,9.1,1009.5,1009.7,0.0,0.0,13.74,11.62,358,351,10.9,10.1,57.8,57.8,11.0,10.2,345.3,338.3,1011.6,1011.8,-5.6,338.36,-0.01,31.9097,11.4351,418.0,0.0,1491.258, NAN, NAN, NAN, NAN,,2024/04/06 07:27:47.993,2024-04-06 07:27:47.993000+00:00
2024/04/06, 07:28:47.993,35.73,-74.849, 0.41,346.7,159.01,0.15,9.1,9.1,1009.7,1009.5,0.0,0.0,13.74,11.62,356,348,9.4,9.0,62.1,57.2,9.5,9.1,342.6,334.7,1011.8,1011.6,-5.58,335.96,-0.01,31.9099,11.4352,407.6,0.0,1491.259, NAN, NAN, NAN, NAN,,2024/04/06 07:28:47.993,2024-04-06 07:28:47.993000+00:00
2024/04/06, 07:29:47.994,35.73,-74.849, 0.46,346.74,39.14,0.2,9.1,9.2,1009.7,1009.7,0.0,0.0,13.74,11.62,359,354,8.5,8.7,64.1,64.7,8.5,8.7,345.1,340.1,1011.8,1011.8,-5.61,333.05,-0.01,31.9134,11.4358,416.6,0.0,1491.265, NAN, NAN, NAN, NAN,,2024/04/06 07:29:47.994,2024-04-06 07:29:47.994000+00:00
2024/04/06, 07:30:47.994,35.73,-74.849, 0.39,345.99,62.92,0.11,9.1,9.2,1009.7,1009.5,0.0,0.0,13.74,11.62,2,353,11.4,11.2,64.5,62.0,11.4,11.2,347.8,338.7,1011.8,1011.6,-5.62,328.1,-0.01,31.918,11.4383,420.4,0.0,1491.28, NAN, NAN, NAN, NAN,,2024/04/06 07:30:47.994,2024-04-06 07:30:47.994000+00:00
2024/04/06, 07:31:47.994,35.73,-74.849, 0.37,345.49,331.72,0.13,9.1,9.1,1009.4,1009.6,0.0,0.0,13.74,11.62,7,0,11.9,11.1,58.2,58.7,11.9,11.1,352.8,345.7,1011.5,1011.7,-5.6,324.65,-0.01,31.9172,11.44,411.0,0.0,1491.285, NAN, NAN, NAN, NAN,,2024/04/06 07:31:47.994,2024-04-06 07:31:47.994000+00:00
2024/04/06, 07:32:47.994,35.73,-74.849, 0.34,344.91,253.48,0.08,9.1,9.1,1009.6,1009.5,0.0,0.0,13.74,11.62,6,356,11.1,10.7,57.8,57.8,11.1,10.7,351.1,341.1,1011.7,1011.6,-5.8,321.76,-0.01,31.9177,11.4408,418.7,0.0,1491.288, NAN, NAN, NAN, NAN,,2024/04/06 07:32:47.994,2024-04-06 07:32:47.994000+00:00
2024/04/06, 07:33:47.994,35.73,-74.849, 0.37,346.6,87.92,0.16,9.0,9.1,1009.6,1009.7,0.0,0.0,13.74,11.62,1,353,11.3,10.9,59.6,59.7,11.3,10.9,347.3,339.2,1011.7,1011.8,-5.85,320.88,-0.01,31.9058,11.4426,444.6,0.0,1491.28, NAN, NAN, NAN, NAN,,2024/04/06 07:33:47.994,2024-04-06 07:33:47.994000+00:00
2024/04/06, 07:34:47.994,35.73,-74.849, 0.40,346.39,47.02,0.23,9.1,9.1,1009.7,1009.6,0.0,0.0,13.74,11.62,352,348,11.1,10.4,64.3,64.4,11.1,10.4,337.8,333.7,1011.8,1011.7,-5.83,320.57,-0.02,31.9219,11.4449,429.9,0.0,1491.307, NAN, NAN, NAN, NAN,,2024/04/06 07:34:47.994,2024-04-06 07:34:47.994000+00:00
2024/04/06, 07:35:47.994,35.73,-74.849, 0.35,349.07,198.57,0.18,9.1,9.1,1009.7,1009.6,0.0,0.0,13.74,11.62,353,345,10.8,9.9,59.2,59.1,10.9,9.9,342.5,334.5,1011.8,1011.7,-5.91,319.98,-0.01,31.9411,11.4466,397.9,0.0,1491.336, NAN, NAN, NAN, NAN,,2024/04/06 07:35:47.994,2024-04-06 07:35:47.994000+00:00
2024/04/06, 07:36:47.994,35.73,-74.849, 0.36,345.9,198.23,0.05,9.1,9.1,1009.6,1009.6,0.0,0.0,13.74,11.62,1,355,10.1,9.5,60.7,60.5,10.1,9.5,347.0,341.0,1011.7,1011.7,-5.89,320.48,-0.02,31.937,11.4453,415.3,0.0,1491.327, NAN, NAN, NAN, NAN,,2024/04/06 07:36:47.994,2024-04-06 07:36:47.994000+00:00
2024/04/06, 07:37:47.994,35.73,-74.849, 0.41,347.36,319.36,0.32,9.1,9.1,1009.5,1009.6,0.0,0.0,13.74,11.62,356,351,10.7,10.7,61.0,61.0,10.5,10.5,343.6,338.5,1011.6,1011.7,-5.81,318.66,-0.02,31.9342,11.4445,429.7,0.0,1491.321, NAN, NAN, NAN, NAN,,2024/04/06 07:37:47.994,2024-04-06 07:37:47.994000+00:00
2024/04/06, 07:38:47.994,35.73,-74.849, 0.26,347.78,143.8,0.26,9.1,9.1,1009.4,1009.5,0.0,0.0,13.74,11.62,354,349,12.0,10.9,61.2,61.0,12.1,11.0,341.8,336.8,1011.5,1011.6,-5.9,317.23,-0.01,31.943,11.4445,407.0,0.0,1491.331, NAN, NAN, NAN, NAN,,2024/04/06 07:38:47.994,2024-04-06 07:38:47.994000+00:00
2024/04/06, 07:39:47.994,35.73,-74.849, 0.41,347.9,210.89,0.26,9.1,9.1,1009.5,1009.6,0.0,0.0,13.74,11.62,356,346,11.7,12.4,59.8,60.0,11.8,12.4,344.5,334.5,1011.6,1011.7,-5.92,316.2,-0.01,31.9347,11.4449,412.3,0.0,1491.323, NAN, NAN, NAN, NAN,,2024/04/06 07:39:47.994,2024-04-06 07:39:47.994000+00:00
2024/04/06, 07:40:47.994,35.73,-74.849, 0.72,346.37,306.99,0.05,9.1,9.1,1009.6,1009.5,0.0,0.0,13.74,11.62,346,339,11.7,12.1,58.3,59.2,11.7,12.1,332.4,325.3,1011.7,1011.6,-5.9,314.36,-0.01,31.9287,11.4423,397.2,0.0,1491.306, NAN, NAN, NAN, NAN,,2024/04/06 07:40:47.994,2024-04-06 07:40:47.994000+00:00
2024/04/06, 07:41:47.994,35.73,-74.849, 0.46,347.5,2.42,0.12,9.1,9.1,1009.8,1009.4,0.0,0.0,13.74,11.62,343,338,10.9,10.3,52.7,52.9,10.9,10.3,330.3,325.3,1011.9,1011.5,-5.87,313.25,-0.01,31.9188,11.4429,399.2,0.0,1491.297, NAN, NAN, NAN, NAN,,2024/04/06 07:41:47.994,2024-04-06 07:41:47.994000+00:00
2024/04/06, 07:42:47.994,35.73,-74.849, 0.42,346.67,253.14,0.19,9.1,9.1,1009.6,1009.7,0.0,0.0,13.74,11.62,345,339,10.7,11.1,53.8,54.1,10.7,11.0,332.1,326.1,1011.7,1011.8,-5.82,312.52,-0.01,31.907,11.442,401.2,0.0,1491.279, NAN, NAN, NAN, NAN,,2024/04/06 07:42:47.994,2024-04-06 07:42:47.994000+00:00
2024/04/06, 07:43:47.994,35.73,-74.849, 0.41,348.3,235.07,0.11,9.1,9.1,1009.7,1009.7,0.0,0.0,13.74,11.62,346,338,11.6,11.7,53.2,53.6,11.6,11.7,334.6,326.5,1011.8,1011.8,-5.9,312.02,-0.02,31.8967,11.4402,391.5,0.0,1491.261, NAN, NAN, NAN, NAN,,2024/04/06 07:43:47.994,2024-04-06 07:43:47.994000+00:00
2024/04/06, 07:44:47.995,35.73,-74.849, 0.52,347.2,126.56,0.25,9.1,9.1,1009.4,1009.4,0.0,0.0,13.74,11.62,343,336,12.5,12.2,50.7,50.8,12.6,12.3,329.7,322.8,1011.5,1011.5,-5.9,311.33,-0.02,31.8966,11.4401,388.1,0.0,1491.26, NAN, NAN, NAN, NAN,,2024/04/06 07:44:47.995,2024-04-06 07:44:47.995000+00:00
2024/04/06, 07:45:47.995,35.73,-74.849, 0.63,346.06,307.66,0.23,9.1,9.1,1009.7,1009.5,0.0,0.0,13.74,11.62,342,334,11.2,12.6,50.0,49.3,11.1,12.5,328.3,320.2,1011.8,1011.6,-5.91,311.6,-0.02,31.8881,11.4396,393.9,0.0,1491.248, NAN, NAN, NAN, NAN,,2024/04/06 07:45:47.995,2024-04-06 07:45:47.995000+00:00
2024/04/06, 07:46:47.995,35.73,-74.849, 0.29,346.43,258.62,0.18,9.1,9.1,1009.6,1009.7,0.0,0.0,13.74,11.62,351,342,11.5,11.1,51.1,50.9,11.5,11.1,337.9,328.9,1011.7,1011.8,-5.99,311.64,-0.02,31.8839,11.4388,386.7,0.0,1491.24, NAN, NAN, NAN, NAN,,2024/04/06 07:46:47.995,2024-04-06 07:46:47.995000+00:00
2024/04/06, 07:47:47.995,35.73,-74.849, 0.50,344.12,332.17,0.08,9.1,9.1,1009.7,1009.6,0.0,0.0,13.74,11.62,354,348,9.5,10.5,52.8,53.3,9.5,10.5,338.2,332.2,1011.8,1011.7,-5.9,313.75,-0.02,31.8785,11.438,410.7,0.0,1491.231, NAN, NAN, NAN, NAN,,2024/04/06 07:47:47.995,2024-04-06 07:47:47.995000+00:00
2024/04/06, 07:48:47.995,35.73,-74.849, 0.32,348.26,79.64,0.17,9.1,9.1,1009.5,1009.6,0.0,0.0,13.74,11.62,348,341,12.7,12.7,52.9,52.0,12.7,12.7,335.9,328.9,1011.6,1011.7,-6.02,312.25,-0.02,31.8845,11.44,406.5,0.0,1491.245, NAN, NAN, NAN, NAN,,2024/04/06 07:48:47.995,2024-04-06 07:48:47.995000+00:00
2024/04/06, 07:49:47.995,35.73,-74.849, 0.47,347.69,36.65,0.19,9.1,9.1,1009.5,1009.4,0.0,0.0,13.74,11.62,348,343,12.7,13.0,47.7,47.5,12.7,13.0,335.3,330.3,1011.6,1011.5,-5.97,311.75,-0.02,31.9041,11.4405,409.2,0.0,1491.271, NAN, NAN, NAN, NAN,,2024/04/06 07:49:47.995,2024-04-06 07:49:47.995000+00:00
2024/04/06, 07:50:47.995,35.73,-74.849, 0.52,346.83,41.1,0.15,9.1,9.1,1009.5,1009.7,0.0,0.0,13.74,11.62,346,338,11.9,11.8,49.6,49.6,11.9,11.8,332.5,324.5,1011.6,1011.8,-5.9,309.47,-0.02,31.9057,11.4388,409.2,0.0,1491.267, NAN, NAN, NAN, NAN,,2024/04/06 07:50:47.995,2024-04-06 07:50:47.995000+00:00
2024/04/06, 07:51:47.995,35.73,-74.849, 0.49,344.78,203.85,0.01,9.1,9.1,1009.5,1009.6,0.0,0.0,13.74,11.62,350,343,12.5,11.5,51.9,52.1,12.5,11.5,334.8,327.8,1011.6,1011.7,-6.04,306.25,-0.02,31.9037,11.4372,414.4,0.0,1491.259, NAN, NAN, NAN, NAN,,2024/04/06 07:51:47.995,2024-04-06 07:51:47.995000+00:00
2024/04/06, 07:52:47.995,35.73,-74.849, 0.42,342.68,329.74,0.27,9.1,9.1,1009.4,1009.6,0.0,0.0,13.74,11.62,352,339,11.3,10.9,49.8,49.6,11.2,10.8,334.7,321.5,1011.5,1011.7,-6.02,303.81,-0.01,31.8973,11.439,403.5,0.0,1491.257, NAN, NAN, NAN, NAN,,2024/04/06 07:52:47.995,2024-04-06 07:52:47.995000+00:00
2024/04/06, 07:53:47.995,35.73,-74.849, 0.49,343.69,3.44,0.19,9.1,9.1,1009.6,1009.5,0.0,0.0,13.74,11.62,351,344,10.8,12.0,54.3,54.1,10.7,11.9,334.3,327.3,1011.7,1011.6,-6.04,302.17,-0.02,31.8911,11.4414,404.0,0.0,1491.258, NAN, NAN, NAN, NAN,,2024/04/06 07:53:47.995,2024-04-06 07:53:47.995000+00:00
2024/04/06, 07:54:47.995,35.73,-74.849, 0.55,343.81,23.33,0.19,9.1,9.1,1009.4,1009.6,0.0,0.0,13.74,11.62,358,350,12.4,12.7,55.4,56.0,12.4,12.7,341.4,333.4,1011.5,1011.7,-6.06,298.99,-0.02,31.9002,11.4408,411.0,0.0,1491.267, NAN, NAN, NAN, NAN,,2024/04/06 07:54:47.995,2024-04-06 07:54:47.995000+00:00
2024/04/06, 07:55:47.995,35.73,-74.849, 0.37,342.65,351.98,0.07,9.1,9.1,1009.6,1009.4,0.0,0.0,13.74,11.62,356,351,12.3,12.6,50.9,50.5,12.3,12.6,338.6,333.6,1011.7,1011.5,-6.03,293.97,-0.02,31.9039,11.4402,391.5,0.0,1491.269, NAN, NAN, NAN, NAN,,2024/04/06 07:55:47.995,2024-04-06 07:55:47.995000+00:00
2024/04/06, 07:56:47.995,35.73,-74.849, 0.44,344.03,338.36,0.06,9.0,9.1,1009.3,1009.5,0.0,0.0,13.74,11.62,0,352,11.7,12.3,48.6,48.1,11.7,12.3,344.0,335.9,1011.4,1011.6,-6.13,290.1,-0.02,31.8935,11.4386,446.7,0.0,1491.251, NAN, NAN, NAN, NAN,,2024/04/06 07:56:47.995,2024-04-06 07:56:47.995000+00:00
2024/04/06, 07:57:47.995,35.73,-74.849, 0.31,346.07,101.96,0.2,9.0,9.0,1009.4,1009.4,0.0,0.0,13.74,11.62,344,341,11.1,11.0,48.1,47.6,11.1,11.0,329.6,326.6,1011.5,1011.5,-6.19,288.05,-0.02,31.8711,11.4384,406.2,0.0,1491.224, NAN, NAN, NAN, NAN,,2024/04/06 07:57:47.995,2024-04-06 07:57:47.995000+00:00
2024/04/06, 07:58:47.995,35.73,-74.849, 0.42,343.68,233.4,0.19,9.1,9.1,1009.4,1009.5,0.0,0.0,13.74,11.62,352,345,12.2,12.1,51.0,51.3,12.2,12.1,336.1,329.1,1011.5,1011.6,-6.26,285.62,-0.02,31.9041,11.4416,416.0,0.0,1491.274, NAN, NAN, NAN, NAN,,2024/04/06 07:58:47.995,2024-04-06 07:58:47.995000+00:00
2024/04/06, 07:59:47.995,35.73,-74.849, 0.57,342.71,261.56,0.39,9.0,9.1,1009.6,1009.6,0.0,0.0,13.74,11.62,358,350,11.3,11.3,51.6,51.6,11.3,11.3,341.7,333.7,1011.7,1011.7,-6.23,285.49,-0.02,31.9385,11.4441,416.6,0.0,1491.324, NAN, NAN, NAN, NAN,,2024/04/06 07:59:47.995,2024-04-06 07:59:47.995000+00:00
2024/04/06, 08:00:47.996,35.73,-74.849, 0.42,343.22,151.23,0.07,9.0,9.0,1009.6,1009.5,0.0,0.0,13.74,11.62,359,353,12.0,11.1,49.3,49.4,12.0,11.1,342.1,336.0,1011.7,1011.6,-6.3,286.51,-0.02,31.9453,11.4454,401.9,0.0,1491.337, NAN, NAN, NAN, NAN,,2024/04/06 08:00:47.996,2024-04-06 08:00:47.996000+00:00
2024/04/06, 08:01:47.996,35.73,-74.849, 0.31,342.51,83.01,0.22,9.0,9.0,1009.7,1009.6,0.0,0.0,13.74,11.62,5,358,12.6,12.7,52.0,51.9,12.7,12.8,347.6,340.7,1011.8,1011.7,-6.27,286.61,-0.02,31.9258,11.4418,430.2,0.0,1491.301, NAN, NAN, NAN, NAN,,2024/04/06 08:01:47.996,2024-04-06 08:01:47.996000+00:00
2024/04/06, 08:02:47.996,35.73,-74.849, 0.50,343.13,63.77,0.22,9.0,9.0,1009.4,1009.5,0.0,0.0,13.74,11.62,7,359,12.9,12.0,47.1,46.6,12.8,12.0,349.7,341.6,1011.5,1011.6,-6.23,285.75,-0.02,31.8837,11.4385,418.4,0.0,1491.239, NAN, NAN, NAN, NAN,,2024/04/06 08:02:47.996,2024-04-06 08:02:47.996000+00:00
2024/04/06, 08:03:47.996,35.73,-74.849, 0.17,345.44,40.58,0.15,9.0,9.0,1009.6,1009.5,0.0,0.0,13.74,11.62,359,351,11.0,10.3,47.6,47.4,11.0,10.3,344.1,336.1,1011.7,1011.6,-6.3,284.91,-0.02,31.9157,11.4351,419.3,0.0,1491.266, NAN, NAN, NAN, NAN,,2024/04/06 08:03:47.996,2024-04-06 08:03:47.996000+00:00
2024/04/06, 08:04:47.996,35.73,-74.849, 0.52,344.07,315.64,0.15,9.0,9.0,1009.4,1009.5,0.0,0.0,13.74,11.62,358,353,11.9,11.6,47.8,51.1,11.8,11.5,342.1,337.1,1011.5,1011.6,-6.28,282.35,-0.02,31.9189,11.4367,404.6,0.0,1491.275, NAN, NAN, NAN, NAN,,2024/04/06 08:04:47.996,2024-04-06 08:04:47.996000+00:00
2024/04/06, 08:05:47.996,35.73,-74.849, 0.32,343.89,59.94,0.25,8.9,9.0,1009.5,1009.5,0.0,0.0,13.74,11.62,2,358,11.6,11.2,50.0,49.7,11.5,11.1,345.4,341.4,1011.6,1011.6,-6.32,281.95,-0.02,31.9324,11.442,409.6,0.0,1491.31, NAN, NAN, NAN, NAN,,2024/04/06 08:05:47.996,2024-04-06 08:05:47.996000+00:00
2024/04/06, 08:06:47.996,35.73,-74.849, 0.62,343.47,98.94,0.39,9.0,9.0,1009.7,1009.6,0.0,0.0,13.74,11.62,358,353,10.9,10.3,54.0,53.8,11.0,10.4,340.6,335.6,1011.8,1011.7,-6.29,282.7,-0.02,31.9713,11.444,413.2,0.0,1491.363, NAN, NAN, NAN, NAN,,2024/04/06 08:06:47.996,2024-04-06 08:06:47.996000+00:00
2024/04/06, 08:07:47.996,35.73,-74.849, 0.42,344.38,324.41,0.22,9.0,9.0,1009.7,1009.5,0.0,0.0,13.74,11.62,1,357,11.2,12.1,54.9,54.1,11.1,12.0,345.4,341.3,1011.8,1011.6,-6.38,283.16,-0.02,31.9734,11.4442,419.6,0.0,1491.367, NAN, NAN, NAN, NAN,,2024/04/06 08:07:47.996,2024-04-06 08:07:47.996000+00:00
2024/04/06, 08:08:47.996,35.73,-74.849, 0.44,343.47,0.43,0.29,9.1,9.1,1009.5,1009.5,0.0,0.0,13.74,11.62,357,351,10.9,10.8,56.7,56.4,10.8,10.7,340.0,333.9,1011.6,1011.6,-6.32,283.82,-0.02,31.9464,11.445,420.4,0.0,1491.337, NAN, NAN, NAN, NAN,,2024/04/06 08:08:47.996,2024-04-06 08:08:47.996000+00:00
2024/04/06, 08:09:47.996,35.73,-74.849, 0.69,344.73,235.12,0.11,9.0,9.1,1009.5,1009.5,0.0,0.0,13.74,11.62,350,343,11.6,11.9,53.3,52.8,11.6,11.9,335.0,328.0,1011.6,1011.6,-6.33,285.05,-0.02,31.9596,11.4464,403.5,0.0,1491.358, NAN, NAN, NAN, NAN,,2024/04/06 08:09:47.996,2024-04-06 08:09:47.996000+00:00
2024/04/06, 08:10:47.996,35.73,-74.849, 0.55,343.8,135.53,0.23,9.0,9.0,1009.4,1009.5,0.0,0.0,13.74,11.62,354,349,11.4,11.1,52.4,51.8,11.5,11.2,337.8,332.9,1011.5,1011.6,-6.27,285.81,-0.02,31.9616,11.4468,404.6,0.0,1491.362, NAN, NAN, NAN, NAN,,2024/04/06 08:10:47.996,2024-04-06 08:10:47.996000+00:00
2024/04/06, 08:11:47.996,35.73,-74.849, 0.28,341.43,166.53,0.24,9.0,9.0,1009.3,1009.5,0.0,0.0,13.74,11.62,6,359,13.0,12.2,53.7,54.0,13.1,12.3,347.4,340.5,1011.4,1011.6,-6.27,285.72,-0.02,31.9436,11.4471,395.8,0.0,1491.341, NAN, NAN, NAN, NAN,,2024/04/06 08:11:47.996,2024-04-06 08:11:47.996000+00:00
2024/04/06, 08:12:47.996,35.73,-74.849, 0.59,343.12,25.67,0.23,9.0,9.0,1009.5,1009.5,0.0,0.0,13.74,11.62,3,356,11.3,11.3,53.7,53.7,11.3,11.3,345.5,338.5,1011.6,1011.6,-6.28,287.5,-0.02,31.9526,11.4492,417.1,0.0,1491.359, NAN, NAN, NAN, NAN,,2024/04/06 08:12:47.996,2024-04-06 08:12:47.996000+00:00
2024/04/06, 08:13:47.996,35.73,-74.849, 0.52,343.38,127.54,0.16,9.0,9.0,1009.4,1009.4,0.0,0.0,13.74,11.62,10,2,12.6,13.5,52.4,52.2,12.6,13.5,353.0,345.0,1011.5,1011.5,-6.26,287.99,-0.02,31.9402,11.4471,405.2,0.0,1491.337, NAN, NAN, NAN, NAN,,2024/04/06 08:13:47.996,2024-04-06 08:13:47.996000+00:00
2024/04/06, 08:14:47.996,35.73,-74.849, 0.44,345.16,10.0,0.2,9.0,9.0,1009.3,1009.4,0.0,0.0,13.74,11.62,359,346,14.1,12.6,52.2,52.2,14.0,12.5,343.9,330.8,1011.4,1011.5,-6.25,288.34,-0.02,31.9537,11.4482,412.9,0.0,1491.357, NAN, NAN, NAN, NAN,,2024/04/06 08:14:47.996,2024-04-06 08:14:47.996000+00:00
2024/04/06, 08:15:47.997,35.73,-74.849, 0.12,345.34,239.24,0.41,9.0,9.0,1009.5,1009.5,0.0,0.0,13.74,11.62,353,344,13.0,12.6,52.7,52.5,13.1,12.6,339.2,330.3,1011.6,1011.6,-6.29,289.48,-0.02,31.9795,11.4463,392.4,0.0,1491.381, NAN, NAN, NAN, NAN,,2024/04/06 08:15:47.997,2024-04-06 08:15:47.997000+00:00
2024/04/06, 08:16:47.997,35.73,-74.849, 0.80,344.8,242.89,0.18,8.9,9.0,1009.5,1009.7,0.0,0.0,13.74,11.62,354,352,12.0,12.7,52.1,52.2,12.0,12.7,339.2,337.2,1011.6,1011.8,-6.24,292.12,-0.02,31.9753,11.4489,397.6,0.0,1491.385, NAN, NAN, NAN, NAN,,2024/04/06 08:16:47.997,2024-04-06 08:16:47.997000+00:00
2024/04/06, 08:17:47.997,35.73,-74.849, 0.44,343.71,257.63,0.34,9.0,9.0,1009.3,1009.4,0.0,0.0,13.74,11.62,6,359,13.8,13.4,54.7,55.1,13.8,13.4,350.4,343.5,1011.4,1011.5,-6.33,295.82,-0.02,31.9645,11.4534,406.7,0.0,1491.388, NAN, NAN, NAN, NAN,,2024/04/06 08:17:47.997,2024-04-06 08:17:47.997000+00:00
2024/04/06, 08:18:47.997,35.73,-74.849, 0.31,345.82,260.85,0.17,8.9,9.0,1009.3,1009.5,0.0,0.0,13.74,11.62,4,355,13.7,13.0,53.5,53.2,13.7,13.0,350.2,341.2,1011.4,1011.6,-6.16,297.33,-0.02,31.9439,11.4491,408.9,0.0,1491.348, NAN, NAN, NAN, NAN,,2024/04/06 08:18:47.997,2024-04-06 08:18:47.997000+00:00
2024/04/06, 08:19:47.997,35.73,-74.849, 0.54,342.99,288.06,0.15,8.9,8.9,1009.3,1009.4,0.0,0.0,13.74,11.62,2,353,12.6,12.2,51.5,51.4,12.6,12.1,345.3,336.2,1011.4,1011.5,-6.1,294.69,-0.02,31.9215,11.4479,407.0,0.0,1491.317, NAN, NAN, NAN, NAN,,2024/04/06 08:19:47.997,2024-04-06 08:19:47.997000+00:00
2024/04/06, 08:20:47.997,35.73,-74.849, 0.42,344.39,20.65,0.05,8.9,8.9,1009.5,1009.3,0.0,0.0,13.74,11.62,354,346,12.9,12.4,53.6,54.6,12.9,12.4,338.3,330.3,1011.6,1011.4,-6.09,290.14,-0.02,31.9061,11.4497,412.3,0.0,1491.305, NAN, NAN, NAN, NAN,,2024/04/06 08:20:47.997,2024-04-06 08:20:47.997000+00:00
2024/04/06, 08:21:47.997,35.73,-74.849, 0.45,342.49,53.4,0.28,8.9,9.0,1009.4,1009.4,0.0,0.0,13.74,11.62,2,355,13.4,11.7,54.6,54.6,13.3,11.6,344.0,336.8,1011.5,1011.5,-6.15,287.14,-0.02,31.9097,11.448,409.6,0.0,1491.304, NAN, NAN, NAN, NAN,,2024/04/06 08:21:47.997,2024-04-06 08:21:47.997000+00:00
2024/04/06, 08:22:47.997,35.73,-74.849, 0.45,345.08,241.47,0.19,8.9,9.0,1009.5,1009.4,0.0,0.0,13.74,11.62,352,345,13.6,13.3,55.2,54.3,13.6,13.3,337.5,330.5,1011.6,1011.5,-6.3,284.16,-0.02,31.9131,11.4465,392.8,0.0,1491.302, NAN, NAN, NAN, NAN,,2024/04/06 08:22:47.997,2024-04-06 08:22:47.997000+00:00
2024/04/06, 08:23:47.997,35.73,-74.849, 0.56,345.54,79.09,0.1,8.9,8.9,1009.4,1009.4,0.0,0.0,13.74,11.62,355,347,12.6,13.2,52.9,53.2,12.6,13.2,340.3,332.3,1011.5,1011.5,-6.15,284.49,-0.02,31.9225,11.4469,393.9,0.0,1491.315, NAN, NAN, NAN, NAN,,2024/04/06 08:23:47.997,2024-04-06 08:23:47.997000+00:00
2024/04/06, 08:24:47.997,35.73,-74.849, 1.16,345.56,221.07,0.32,8.9,8.9,1009.7,1009.4,0.0,0.0,13.74,11.62,355,349,12.7,12.3,55.5,55.4,12.7,12.3,341.3,335.3,1011.8,1011.5,-6.26,284.03,-0.02,31.9162,11.4471,391.5,0.0,1491.308, NAN, NAN, NAN, NAN,,2024/04/06 08:24:47.997,2024-04-06 08:24:47.997000+00:00
2024/04/06, 08:25:47.997,35.73,-74.849, 0.66,343.45,340.0,0.14,8.9,9.0,1009.5,1009.3,0.0,0.0,13.74,11.62,355,349,14.1,13.8,54.6,54.6,14.0,13.7,338.5,332.4,1011.6,1011.4,-6.14,283.89,-0.02,31.9031,11.4502,410.7,0.0,1491.303, NAN, NAN, NAN, NAN,,2024/04/06 08:25:47.997,2024-04-06 08:25:47.997000+00:00
2024/04/06, 08:26:47.997,35.73,-74.849, 0.42,342.36,143.62,0.05,8.9,8.9,1009.3,1009.3,0.0,0.0,13.74,11.62,355,347,13.0,12.8,52.4,52.3,13.0,12.8,337.3,329.3,1011.4,1011.4,-6.19,285.32,-0.02,31.892,11.4492,404.3,0.0,1491.286, NAN, NAN, NAN, NAN,,2024/04/06 08:26:47.997,2024-04-06 08:26:47.997000+00:00
2024/04/06, 08:27:47.997,35.73,-74.849, 0.53,345.0,33.14,0.26,8.8,8.9,1009.5,1009.3,0.0,0.0,13.74,11.62,358,351,12.9,13.6,52.1,52.3,12.8,13.5,342.7,335.6,1011.6,1011.4,-6.21,287.71,-0.02,31.8799,11.4506,393.4,0.0,1491.277, NAN, NAN, NAN, NAN,,2024/04/06 08:27:47.997,2024-04-06 08:27:47.997000+00:00
2024/04/06, 08:28:47.997,35.73,-74.849, 0.85,343.83,319.3,0.27,8.8,8.8,1009.5,1009.5,0.0,0.0,13.74,11.62,352,349,12.0,11.1,51.2,51.1,11.9,11.0,335.9,332.9,1011.6,1011.6,-6.2,291.72,-0.02,31.8939,11.4477,412.6,0.0,1491.284, NAN, NAN, NAN, NAN,,2024/04/06 08:28:47.997,2024-04-06 08:28:47.997000+00:00
2024/04/06, 08:29:47.997,35.73,-74.849, 0.62,344.2,195.2,0.06,8.8,8.9,1009.7,1009.4,0.0,0.0,13.74,11.62,356,353,12.0,13.3,55.6,55.7,12.0,13.3,340.2,337.2,1011.8,1011.5,-6.24,295.5,-0.02,31.898,11.4455,397.6,0.0,1491.281, NAN, NAN, NAN, NAN,,2024/04/06 08:29:47.997,2024-04-06 08:29:47.997000+00:00
2024/04/06, 08:30:47.997,35.73,-74.849, 1.20,339.18,325.24,1.04,8.8,8.9,1009.5,1009.5,0.0,0.0,13.74,11.62,1,357,13.7,13.7,54.4,54.1,13.2,13.2,340.8,336.6,1011.6,1011.6,-6.1,299.72,-0.01,31.9109,11.4452,396.4,0.0,1491.295, NAN, NAN, NAN, NAN,,2024/04/06 08:30:47.997,2024-04-06 08:30:47.997000+00:00
2024/04/06, 08:31:47.998,35.731,-74.85, 2.54,348.55,336.1,2.34,8.8,8.9,1009.6,1009.4,0.0,0.0,13.74,11.62,353,344,13.2,13.8,55.3,55.5,12.0,12.6,341.6,331.8,1011.7,1011.5,-6.11,303.69,-0.02,31.9155,11.4429,395.2,0.0,1491.293, NAN, NAN, NAN, NAN,,2024/04/06 08:31:47.998,2024-04-06 08:31:47.998000+00:00
2024/04/06, 08:32:47.998,35.731,-74.85, 3.25,348.71,347.82,2.63,8.8,8.8,1009.4,1009.3,0.0,0.0,13.74,11.62,349,344,13.8,13.4,55.2,55.5,12.5,12.1,336.8,331.2,1011.5,1011.4,-6.05,306.92,-0.02,31.9299,11.4329,400.9,0.0,1491.275, NAN, NAN, NAN, NAN,,2024/04/06 08:32:47.998,2024-04-06 08:32:47.998000+00:00
2024/04/06, 08:33:47.998,35.732,-74.85, 3.83,347.01,353.18,3.37,8.8,8.8,1009.4,1009.5,0.0,0.0,13.74,11.62,354,346,13.3,14.2,58.3,58.2,11.6,12.5,339.8,330.8,1011.5,1011.6,-5.95,308.77,-0.02,31.9344,11.42,389.7,0.0,1491.235, NAN, NAN, NAN, NAN,,2024/04/06 08:33:47.998,2024-04-06 08:33:47.998000+00:00
2024/04/06, 08:34:47.998,35.733,-74.85, 4.20,346.77,338.92,3.64,8.9,8.9,1009.3,1009.4,0.0,0.0,13.74,11.62,358,350,15.0,13.9,55.3,56.3,13.1,12.0,345.2,336.0,1011.4,1011.5,-5.86,309.32,-0.02,31.9319,11.4022,389.4,0.0,1491.17, NAN, NAN, NAN, NAN,,2024/04/06 08:34:47.998,2024-04-06 08:34:47.998000+00:00
2024/04/06, 08:35:47.998,35.734,-74.851, 5.26,347.55,347.06,4.92,8.9,8.9,1009.6,1009.4,0.0,0.0,13.74,11.62,353,347,14.7,15.5,56.2,55.5,12.2,13.1,338.8,331.8,1011.7,1011.5,-5.87,310.39,-0.01,31.9213,11.3826,399.2,0.0,1491.089, NAN, NAN, NAN, NAN,,2024/04/06 08:35:47.998,2024-04-06 08:35:47.998000+00:00
2024/04/06, 08:36:47.998,35.736,-74.851, 6.18,347.37,343.53,5.77,8.9,8.9,1009.4,1009.4,0.0,0.0,13.74,11.62,357,349,15.5,16.1,52.1,51.9,12.5,13.2,344.1,334.3,1011.5,1011.5,-5.89,309.91,-0.02,31.9163,11.3491,395.2,0.0,1490.966, NAN, NAN, NAN, NAN,,2024/04/06 08:36:47.998,2024-04-06 08:36:47.998000+00:00
2024/04/06, 08:37:47.998,35.737,-74.852, 7.52,346.73,345.45,6.99,8.9,8.9,1009.5,1009.4,0.0,0.0,13.74,11.62,358,351,16.6,16.2,52.3,52.9,13.0,12.7,344.4,335.4,1011.6,1011.5,-5.76,309.26,-0.02,31.9104,11.3207,402.8,0.0,1490.859, NAN, NAN, NAN, NAN,,2024/04/06 08:37:47.998,2024-04-06 08:37:47.998000+00:00
2024/04/06, 08:38:47.998,35.739,-74.852, 8.30,346.58,349.35,7.8,8.8,8.9,1009.4,1009.4,0.0,0.0,13.74,11.62,358,353,16.2,16.1,51.5,51.2,12.2,12.2,343.3,336.7,1011.5,1011.5,-5.77,308.5,-0.02,31.9105,11.3131,394.8,0.0,1490.833, NAN, NAN, NAN, NAN,,2024/04/06 08:38:47.998,2024-04-06 08:38:47.998000+00:00
2024/04/06, 08:39:47.998,35.742,-74.853, 8.63,346.82,348.88,8.25,8.8,8.9,1009.3,1009.4,0.0,0.0,13.74,11.62,352,346,16.7,15.5,50.6,50.3,12.5,11.5,335.5,327.0,1011.4,1011.5,-5.82,306.42,-0.02,31.9126,11.3183,394.2,0.0,1490.853, NAN, NAN, NAN, NAN,,2024/04/06 08:39:47.998,2024-04-06 08:39:47.998000+00:00
2024/04/06, 08:40:47.998,35.744,-74.854, 8.79,345.92,349.84,8.27,8.9,8.9,1009.4,1009.4,0.0,0.0,13.74,11.62,358,352,17.0,16.4,53.5,53.6,12.8,12.3,342.2,334.1,1011.5,1011.5,-5.8,303.54,-0.02,31.9333,11.337,396.4,0.0,1490.944, NAN, NAN, NAN, NAN,,2024/04/06 08:40:47.998,2024-04-06 08:40:47.998000+00:00
2024/04/06, 08:41:47.998,35.746,-74.854, 8.90,347.19,346.13,8.52,8.8,8.8,1009.6,1009.4,0.0,0.0,13.74,11.62,351,346,16.1,15.7,54.3,54.3,11.8,11.5,335.0,328.0,1011.7,1011.5,-5.84,300.55,-0.02,31.9415,11.3525,392.4,0.0,1491.008, NAN, NAN, NAN, NAN,,2024/04/06 08:41:47.998,2024-04-06 08:41:47.998000+00:00
2024/04/06, 08:42:47.998,35.748,-74.855, 8.85,345.74,347.1,8.38,8.9,8.9,1009.4,1009.5,0.0,0.0,13.74,11.62,354,350,15.1,15.1,58.3,58.7,10.8,10.9,337.1,331.6,1011.5,1011.6,-5.97,296.49,-0.02,31.9473,11.3522,397.2,0.0,1491.014, NAN, NAN, NAN, NAN,,2024/04/06 08:42:47.998,2024-04-06 08:42:47.998000+00:00
2024/04/06, 08:43:47.998,35.751,-74.855, 9.01,347.1,348.07,8.55,8.9,8.9,1009.4,1009.4,0.0,0.0,13.74,11.62,355,351,15.0,15.4,54.6,54.7,10.6,11.1,339.6,334.2,1011.5,1011.5,-5.87,293.92,-0.01,31.9439,11.3407,394.5,0.0,1490.969, NAN, NAN, NAN, NAN,,2024/04/06 08:43:47.998,2024-04-06 08:43:47.998000+00:00
2024/04/06, 08:44:47.998,35.753,-74.856, 8.89,346.68,350.6,8.48,8.8,8.9,1009.3,1009.3,0.0,0.0,13.74,11.62,358,351,16.4,16.1,52.7,53.1,12.1,11.9,342.8,333.3,1011.4,1011.4,-6.0,292.52,-0.02,31.9378,11.3311,397.9,0.0,1490.928, NAN, NAN, NAN, NAN,,2024/04/06 08:44:47.998,2024-04-06 08:44:47.998000+00:00
2024/04/06, 08:45:47.998,35.755,-74.857, 8.98,345.94,348.32,8.43,8.8,8.8,1009.5,1009.5,0.0,0.0,13.74,11.62,358,350,17.4,16.8,52.2,51.7,13.1,12.6,342.5,331.7,1011.6,1011.6,-5.99,291.72,-0.02,31.9294,11.3235,404.6,0.0,1490.892, NAN, NAN, NAN, NAN,,2024/04/06 08:45:47.998,2024-04-06 08:45:47.998000+00:00
2024/04/06, 08:46:47.999,35.758,-74.857, 9.23,346.57,346.72,8.76,8.7,8.8,1009.4,1009.5,0.0,0.0,13.74,11.62,357,348,14.7,15.0,52.1,52.2,10.2,10.6,342.5,329.7,1011.5,1011.6,-6.07,292.23,-0.01,31.9383,11.3195,396.1,0.0,1490.888, NAN, NAN, NAN, NAN,,2024/04/06 08:46:47.999,2024-04-06 08:46:47.999000+00:00
2024/04/06, 08:47:47.999,35.76,-74.858, 9.27,347.32,349.97,8.75,8.8,8.8,1009.3,1009.4,0.0,0.0,13.74,11.62,353,347,16.4,14.8,57.1,57.2,12.0,10.5,337.1,328.2,1011.4,1011.5,-6.02,291.11,-0.02,31.9443,11.3059,395.5,0.0,1490.848, NAN, NAN, NAN, NAN,,2024/04/06 08:47:47.999,2024-04-06 08:47:47.999000+00:00
2024/04/06, 08:48:47.999,35.762,-74.859, 9.07,346.73,346.51,8.58,8.8,8.8,1009.1,1009.4,0.0,0.0,13.74,11.62,350,346,15.7,15.4,54.2,54.5,11.4,11.2,333.0,327.4,1011.2,1011.5,-6.1,288.93,-0.02,31.9482,11.283,388.1,0.0,1490.772, NAN, NAN, NAN, NAN,,2024/04/06 08:48:47.999,2024-04-06 08:48:47.999000+00:00
2024/04/06, 08:49:47.999,35.765,-74.859, 9.23,346.13,347.11,8.79,8.8,8.8,1009.3,1009.4,0.0,0.0,13.74,11.62,355,349,16.7,15.8,53.0,52.8,12.2,11.4,338.7,330.2,1011.4,1011.5,-6.09,287.14,-0.02,31.9495,11.2628,387.5,0.0,1490.703, NAN, NAN, NAN, NAN,,2024/04/06 08:49:47.999,2024-04-06 08:49:47.999000+00:00
2024/04/06, 08:50:47.999,35.767,-74.86, 9.31,347.2,348.46,8.84,8.7,8.8,1009.4,1009.4,0.0,0.0,13.74,11.62,354,349,18.0,18.2,49.7,49.9,13.5,13.8,338.5,331.9,1011.5,1011.5,-6.04,285.52,-0.01,31.944,11.2523,385.7,0.0,1490.66, NAN, NAN, NAN, NAN,,2024/04/06 08:50:47.999,2024-04-06 08:50:47.999000+00:00
2024/04/06, 08:51:47.999,35.77,-74.86, 9.12,346.77,348.58,8.58,8.7,8.7,1009.3,1009.3,0.0,0.0,13.74,11.62,352,347,17.7,17.7,49.1,48.9,13.4,13.5,335.4,328.8,1011.4,1011.4,-6.08,284.59,-0.02,31.9464,11.2625,382.0,0.0,1490.698, NAN, NAN, NAN, NAN,,2024/04/06 08:51:47.999,2024-04-06 08:51:47.999000+00:00
2024/04/06, 08:52:47.999,35.772,-74.861, 9.16,347.07,345.05,8.48,8.7,8.7,1009.8,1009.4,0.0,0.0,13.74,11.62,356,348,15.6,15.4,51.2,50.6,11.3,11.2,341.7,330.6,1011.9,1011.5,-6.13,284.82,-0.02,31.9489,11.2679,396.4,0.0,1490.72, NAN, NAN, NAN, NAN,,2024/04/06 08:52:47.999,2024-04-06 08:52:47.999000+00:00
2024/04/06, 08:53:47.999,35.774,-74.862, 9.14,347.52,347.86,8.66,8.7,8.7,1009.4,1009.6,0.0,0.0,13.74,11.62,353,346,17.5,17.3,55.2,51.7,13.1,13.0,338.0,328.6,1011.5,1011.7,-6.15,283.72,-0.01,31.9437,11.2581,393.4,0.0,1490.68, NAN, NAN, NAN, NAN,,2024/04/06 08:53:47.999,2024-04-06 08:53:47.999000+00:00
2024/04/06, 08:54:47.999,35.777,-74.862, 9.31,347.13,348.15,8.62,8.7,8.7,1009.8,1009.4,0.0,0.0,13.74,11.62,351,348,17.3,16.9,53.8,54.8,13.0,12.6,334.7,330.5,1011.9,1011.5,-6.11,283.89,-0.02,31.9458,11.2337,386.7,0.0,1490.597, NAN, NAN, NAN, NAN,,2024/04/06 08:54:47.999,2024-04-06 08:54:47.999000+00:00
2024/04/06, 08:55:47.999,35.779,-74.863, 9.42,346.12,348.63,8.85,8.7,8.7,1009.4,1009.4,0.0,0.0,13.74,11.62,353,345,16.6,15.9,54.0,55.0,12.1,11.6,335.8,324.6,1011.5,1011.5,-6.08,283.83,-0.02,31.9475,11.1972,386.0,0.0,1490.471, NAN, NAN, NAN, NAN,,2024/04/06 08:55:47.999,2024-04-06 08:55:47.999000+00:00
2024/04/06, 08:56:47.999,35.781,-74.863, 9.42,346.87,349.93,8.61,8.7,8.7,1009.5,1009.5,0.0,0.0,13.74,11.62,352,344,17.2,16.5,55.1,55.1,12.9,12.4,335.3,324.4,1011.6,1011.6,-6.11,284.7,-0.02,31.9551,11.1411,379.3,0.0,1490.282, NAN, NAN, NAN, NAN,,2024/04/06 08:56:47.999,2024-04-06 08:56:47.999000+00:00
2024/04/06, 08:57:47.999,35.784,-74.864, 9.05,346.8,348.36,8.67,8.7,8.7,1009.3,1009.4,0.0,0.0,13.74,11.62,348,344,17.0,16.6,55.6,55.7,12.7,12.4,329.9,324.4,1011.4,1011.5,-6.1,284.44,-0.02,31.958,11.108,525.4,0.0,1490.169, NAN, NAN, NAN, NAN,,2024/04/06 08:57:47.999,2024-04-06 08:57:47.999000+00:00
2024/04/06, 08:58:47.999,35.786,-74.865, 9.14,347.48,351.07,8.55,8.6,8.7,1009.5,1009.4,0.0,0.0,13.74,11.62,346,339,16.0,16.7,56.3,56.2,11.9,12.8,327.2,318.4,1011.6,1011.5,-6.15,285.73,-0.02,31.962,11.0675,380.0,0.0,1490.032, NAN, NAN, NAN, NAN,,2024/04/06 08:58:47.999,2024-04-06 08:58:47.999000+00:00
2024/04/06, 08:59:47.999,35.789,-74.865, 9.21,345.76,346.85,8.8,8.6,8.6,1009.6,1009.4,0.0,0.0,13.74,11.62,350,344,14.9,15.7,56.0,56.4,10.5,11.5,330.9,323.0,1011.7,1011.5,-6.07,288.49,-0.03,31.9583,11.0197,393.1,0.0,1489.859, NAN, NAN, NAN, NAN,,2024/04/06 08:59:47.999,2024-04-06 08:59:47.999000+00:00
2024/04/06, 09:00:47.999,35.791,-74.866, 9.13,347.2,347.34,8.57,8.6,8.6,1009.5,1009.5,0.0,0.0,13.74,11.62,359,352,18.5,17.8,57.6,57.9,14.1,13.5,345.8,336.5,1011.6,1011.6,-6.1,288.6,-0.01,31.9546,10.9719,388.1,0.0,1489.685, NAN, NAN, NAN, NAN,,2024/04/06 09:00:47.999,2024-04-06 09:00:47.999000+00:00
2024/04/06, 09:01:47.999,35.793,-74.866, 9.03,347.81,349.69,8.83,8.5,8.6,1009.6,1009.6,0.0,0.0,13.74,11.62,354,345,16.6,15.8,54.3,54.2,12.1,11.5,339.0,326.4,1011.7,1011.7,-6.0,288.96,-0.02,31.9532,10.9149,395.2,0.0,1489.482, NAN, NAN, NAN, NAN,,2024/04/06 09:01:47.999,2024-04-06 09:01:47.999000+00:00
2024/04/06, 09:02:48.000,35.796,-74.867, 9.25,346.79,348.58,8.76,8.5,8.6,1009.6,1009.4,0.0,0.0,13.74,11.62,346,343,15.7,14.3,58.0,58.2,11.4,10.1,326.7,321.6,1011.7,1011.5,-6.11,288.27,-0.02,31.971,10.8352,390.0,0.0,1489.221, NAN, NAN, NAN, NAN,,2024/04/06 09:02:48.000,2024-04-06 09:02:48+00:00
2024/04/06, 09:03:48.000,35.798,-74.868, 9.39,346.26,349.69,8.9,8.5,8.6,1009.8,1009.5,0.0,0.0,13.74,11.62,349,343,15.7,15.8,57.6,61.9,11.3,11.6,329.7,321.5,1011.9,1011.6,-6.09,286.19,-0.02,31.9859,10.7447,384.4,0.0,1488.918, NAN, NAN, NAN, NAN,,2024/04/06 09:03:48.000,2024-04-06 09:03:48+00:00
2024/04/06, 09:04:48.000,35.8,-74.868, 9.24,346.19,347.48,8.85,8.6,8.6,1009.3,1009.5,0.0,0.0,13.74,11.62,347,342,17.1,17.7,60.0,60.3,12.7,13.5,328.2,321.8,1011.4,1011.6,-6.08,283.33,-0.02,31.9917,10.6526,380.0,0.0,1488.597, NAN, NAN, NAN, NAN,,2024/04/06 09:04:48.000,2024-04-06 09:04:48+00:00
2024/04/06, 09:05:48.000,35.803,-74.869, 9.41,348.24,347.29,8.98,8.5,8.5,1009.6,1009.7,0.0,0.0,13.74,11.62,345,340,17.2,16.7,56.7,56.5,12.8,12.5,327.9,321.0,1011.7,1011.8,-6.12,282.82,-0.02,31.9858,10.5815,406.5,0.0,1488.337, NAN, NAN, NAN, NAN,,2024/04/06 09:05:48.000,2024-04-06 09:05:48+00:00
2024/04/06, 09:06:48.000,35.805,-74.869, 9.56,345.94,349.18,8.86,8.5,8.5,1009.5,1009.5,0.0,0.0,13.74,11.62,347,343,16.0,15.2,55.3,55.5,11.7,11.0,326.7,320.8,1011.6,1011.6,-6.04,283.62,-0.02,31.9875,10.4671,384.4,0.0,1487.93, NAN, NAN, NAN, NAN,,2024/04/06 09:06:48.000,2024-04-06 09:06:48+00:00
2024/04/06, 09:07:48.000,35.807,-74.87, 8.88,319.74,323.48,8.46,8.4,8.5,1009.5,1009.7,0.0,0.0,13.74,11.62,4,3,18.0,17.0,57.1,57.4,13.7,12.7,323.9,322.5,1011.6,1011.8,-6.09,282.4,-0.02,31.9957,10.4267,388.1,0.0,1487.795, NAN, NAN, NAN, NAN,,2024/04/06 09:07:48.000,2024-04-06 09:07:48+00:00
2024/04/06, 09:08:48.000,35.809,-74.873, 8.74,296.49,291.52,8.8,8.4,8.4,1009.4,1009.5,0.0,0.0,13.74,11.62,36,31,17.4,18.4,54.9,55.1,14.4,15.0,344.7,337.9,1011.5,1011.6,-6.15,280.13,-0.02,31.9864,10.4401,399.2,0.0,1487.832, NAN, NAN, NAN, NAN,,2024/04/06 09:08:48.000,2024-04-06 09:08:48+00:00
2024/04/06, 09:09:48.000,35.809,-74.876, 9.12,288.82,280.66,8.84,8.3,8.4,1009.3,1009.7,0.0,0.0,13.74,11.62,35,28,16.0,16.0,55.7,54.7,12.9,12.5,337.2,328.6,1011.4,1011.8,-6.12,280.05,-0.02,31.9125,10.4635,379.0,0.0,1487.827, NAN, NAN, NAN, NAN,,2024/04/06 09:09:48.000,2024-04-06 09:09:48+00:00
2024/04/06, 09:10:48.000,35.81,-74.879, 9.30,291.15,285.06,9.07,8.4,8.4,1009.4,1009.8,0.0,0.0,13.74,11.62,29,26,17.0,16.4,58.4,58.7,13.5,12.7,331.7,328.5,1011.5,1011.9,-6.16,279.52,-0.02,31.8452,10.4817,416.6,0.0,1487.81, NAN, NAN, NAN, NAN,,2024/04/06 09:10:48.000,2024-04-06 09:10:48+00:00
2024/04/06, 09:11:48.000,35.811,-74.882, 9.48,293.24,284.23,9.25,8.3,8.4,1009.7,1009.8,0.0,0.0,13.74,11.62,31,22,15.3,15.3,57.3,57.3,11.9,11.4,338.4,326.8,1011.8,1011.9,-6.23,279.96,-0.01,31.8297,10.4781,419.3,0.0,1487.779, NAN, NAN, NAN, NAN,,2024/04/06 09:11:48.000,2024-04-06 09:11:48+00:00
2024/04/06, 09:12:48.000,35.812,-74.885, 9.33,293.3,286.38,9.03,8.4,8.4,1009.7,1009.9,0.0,0.0,13.74,11.62,34,28,16.4,17.2,61.8,61.6,13.2,13.6,340.4,332.3,1011.8,1012.0,-6.23,278.1,-0.02,31.8512,10.4478,376.0,0.0,1487.696, NAN, NAN, NAN, NAN,,2024/04/06 09:12:48.000,2024-04-06 09:12:48+00:00
2024/04/06, 09:13:48.000,35.812,-74.887, 9.26,293.73,289.56,8.95,8.3,8.4,1009.6,1009.8,0.0,0.0,13.74,11.62,29,23,14.6,15.2,58.3,57.9,11.0,11.3,335.7,327.2,1011.7,1011.9,-6.22,278.01,-0.02,31.8655,10.3864,421.7,0.0,1487.493, NAN, NAN, NAN, NAN,,2024/04/06 09:13:48.000,2024-04-06 09:13:48+00:00
2024/04/06, 09:14:48.000,35.813,-74.89, 9.20,294.0,287.03,9.09,8.3,8.3,1009.5,1009.7,0.0,0.0,13.74,11.62,30,29,17.3,16.9,60.2,60.3,13.8,13.3,335.4,334.5,1011.6,1011.8,-6.21,278.22,-0.02,31.8843,10.3314,386.7,0.0,1487.319, NAN, NAN, NAN, NAN,,2024/04/06 09:14:48.000,2024-04-06 09:14:48+00:00
2024/04/06, 09:15:48.000,35.814,-74.893, 9.54,292.22,286.65,9.26,8.3,8.3,1009.5,1009.6,0.0,0.0,13.74,11.62,34,29,16.5,17.0,57.4,58.0,13.1,13.3,339.3,332.7,1011.6,1011.7,-6.19,277.86,-0.02,31.8169,10.287,354.0,0.0,1487.078, NAN, NAN, NAN, NAN,,2024/04/06 09:15:48.000,2024-04-06 09:15:48+00:00
2024/04/06, 09:16:48.000,35.815,-74.896, 9.44,293.0,286.51,9.12,8.2,8.3,1009.7,1009.5,0.0,0.0,13.74,11.62,39,34,16.7,18.7,56.7,56.9,13.9,15.5,346.1,338.5,1011.8,1011.6,-6.16,278.91,-0.02,31.7961,10.2563,337.9,0.0,1486.942, NAN, NAN, NAN, NAN,,2024/04/06 09:16:48.000,2024-04-06 09:16:48+00:00
2024/04/06, 09:17:48.001,35.815,-74.899, 9.46,294.43,290.88,9.0,8.3,8.3,1009.6,1009.8,0.0,0.0,13.74,11.62,38,34,14.4,17.2,64.3,64.3,11.5,13.9,348.4,340.5,1011.7,1011.9,-6.19,279.38,-0.02,31.7799,10.2374,300.1,0.0,1486.854, NAN, NAN, NAN, NAN,,2024/04/06 09:17:48.001,2024-04-06 09:17:48.001000+00:00
2024/04/06, 09:18:48.001,35.816,-74.902, 9.39,292.99,285.66,9.0,8.3,8.3,1009.7,1009.9,0.0,0.0,13.74,11.62,35,29,17.1,16.5,63.3,64.1,13.9,13.0,340.5,333.7,1011.8,1012.0,-6.18,279.16,-0.02,31.7599,10.2243,311.3,0.0,1486.783, NAN, NAN, NAN, NAN,,2024/04/06 09:18:48.001,2024-04-06 09:18:48.001000+00:00
2024/04/06, 09:19:48.001,35.817,-74.905, 9.27,294.05,290.2,8.94,8.2,8.3,1009.5,1009.6,0.0,0.0,13.74,11.62,36,33,16.8,18.8,57.6,63.0,13.7,15.4,342.8,337.6,1011.6,1011.7,-6.17,279.45,-0.02,31.7381,10.2181,305.2,0.0,1486.734, NAN, NAN, NAN, NAN,,2024/04/06 09:19:48.001,2024-04-06 09:19:48.001000+00:00
2024/04/06, 09:20:48.001,35.818,-74.908, 9.33,293.05,290.28,8.89,8.2,8.2,1009.5,1009.9,0.0,0.0,13.74,11.62,34,29,15.9,16.5,59.7,59.4,12.7,13.0,340.1,333.4,1011.6,1012.0,-6.17,279.5,-0.02,31.7167,10.2007,270.5,0.0,1486.645, NAN, NAN, NAN, NAN,,2024/04/06 09:20:48.001,2024-04-06 09:20:48.001000+00:00
2024/04/06, 09:21:48.001,35.818,-74.911, 9.47,292.28,292.36,8.64,8.2,8.2,1009.4,1009.7,0.0,0.0,13.74,11.62,37,35,16.9,19.1,62.0,62.5,13.8,15.8,341.1,337.1,1011.5,1011.8,-6.2,280.8,-0.02,31.6966,10.1893,314.5,0.0,1486.58, NAN, NAN, NAN, NAN,,2024/04/06 09:21:48.001,2024-04-06 09:21:48.001000+00:00
2024/04/06, 09:22:48.001,35.819,-74.914, 9.34,294.29,291.27,8.81,8.2,8.2,1009.4,1009.9,0.0,0.0,13.74,11.62,36,31,15.4,16.8,61.6,60.8,12.3,13.4,344.0,336.5,1011.5,1012.0,-6.15,284.26,-0.01,31.6766,10.1758,278.2,0.0,1486.507, NAN, NAN, NAN, NAN,,2024/04/06 09:22:48.001,2024-04-06 09:22:48.001000+00:00
2024/04/06, 09:23:48.001,35.82,-74.917, 9.49,292.26,292.41,8.64,8.1,8.2,1009.6,1009.7,0.0,0.0,13.74,11.62,39,36,16.5,18.0,58.9,58.8,13.6,14.9,344.1,339.3,1011.7,1011.8,-6.19,285.55,-0.02,31.6579,10.1443,302.8,0.0,1486.37, NAN, NAN, NAN, NAN,,2024/04/06 09:23:48.001,2024-04-06 09:23:48.001000+00:00
2024/04/06, 09:24:48.001,35.821,-74.92, 9.16,292.57,287.79,8.56,8.1,8.1,1009.4,1009.8,0.0,0.0,13.74,11.62,39,34,16.8,18.0,59.5,59.5,13.9,14.8,344.0,337.1,1011.5,1011.9,-6.22,289.17,-0.02,31.6412,10.1164,290.7,0.0,1486.249, NAN, NAN, NAN, NAN,,2024/04/06 09:24:48.001,2024-04-06 09:24:48.001000+00:00
2024/04/06, 09:25:48.001,35.822,-74.923, 9.28,293.99,291.23,8.82,8.1,8.1,1009.4,1009.9,0.0,0.0,13.74,11.62,39,36,16.4,18.5,60.5,60.9,13.4,15.3,346.2,340.8,1011.5,1012.0,-6.2,293.51,-0.02,31.625,10.102,274.8,0.0,1486.178, NAN, NAN, NAN, NAN,,2024/04/06 09:25:48.001,2024-04-06 09:25:48.001000+00:00
2024/04/06, 09:26:48.001,35.822,-74.926, 9.19,293.29,288.49,8.64,8.1,8.1,1009.6,1009.8,0.0,0.0,13.74,11.62,40,38,17.5,18.4,59.4,59.2,14.6,15.4,345.5,342.5,1011.7,1011.9,-6.07,294.17,-0.02,31.6095,10.0916,277.6,0.0,1486.121, NAN, NAN, NAN, NAN,,2024/04/06 09:26:48.001,2024-04-06 09:26:48.001000+00:00
2024/04/06, 09:27:48.001,35.823,-74.928, 9.34,292.16,291.62,8.98,8.1,8.1,1009.5,1009.7,0.0,0.0,13.74,11.62,39,35,16.6,18.6,60.4,60.6,13.6,15.3,344.7,338.2,1011.6,1011.8,-6.04,301.21,-0.02,31.3891,10.0852,309.6,0.0,1485.831, NAN, NAN, NAN, NAN,,2024/04/06 09:27:48.001,2024-04-06 09:27:48.001000+00:00
2024/04/06, 09:28:48.001,35.824,-74.931, 9.36,291.55,292.01,8.93,8.1,8.1,1009.5,1009.8,0.0,0.0,13.74,11.62,41,36,16.6,18.6,60.3,60.3,13.7,15.4,346.2,338.6,1011.6,1011.9,-5.97,309.72,-0.02,31.2568,10.078,283.6,0.0,1485.644, NAN, NAN, NAN, NAN,,2024/04/06 09:28:48.001,2024-04-06 09:28:48.001000+00:00
2024/04/06, 09:29:48.001,35.825,-74.934, 9.11,294.53,291.95,8.54,8.1,8.1,1009.5,1009.8,0.0,0.0,13.74,11.62,35,26,15.6,16.8,61.8,62.0,12.5,13.2,342.2,330.0,1011.6,1011.9,-5.9,309.42,-0.02,31.2609,10.0682,296.4,0.0,1485.613, NAN, NAN, NAN, NAN,,2024/04/06 09:29:48.001,2024-04-06 09:29:48.001000+00:00
2024/04/06, 09:30:48.001,35.826,-74.937, 9.23,295.06,292.47,9.14,8.1,8.1,1009.5,1009.8,0.0,0.0,13.74,11.62,40,34,17.3,19.2,60.3,60.4,14.4,15.8,348.4,339.8,1011.6,1011.9,-5.77,314.9,-0.02,31.259,10.0493,300.4,0.0,1485.543, NAN, NAN, NAN, NAN,,2024/04/06 09:30:48.001,2024-04-06 09:30:48.001000+00:00
2024/04/06, 09:31:48.001,35.826,-74.94, 9.40,294.08,292.23,9.01,8.1,8.2,1009.6,1009.9,0.0,0.0,13.74,11.62,37,32,16.8,19.1,60.0,60.2,13.6,15.6,343.8,336.0,1011.7,1012.0,-5.81,315.25,-0.02,31.2503,10.0258,270.8,0.0,1485.447, NAN, NAN, NAN, NAN,,2024/04/06 09:31:48.001,2024-04-06 09:31:48.001000+00:00
2024/04/06, 09:32:48.001,35.827,-74.943, 9.43,293.72,284.26,8.93,8.1,8.2,1009.7,1009.7,0.0,0.0,13.74,11.62,31,25,15.2,16.0,60.1,59.7,11.8,12.3,338.1,329.7,1011.8,1011.8,-5.76,307.29,-0.02,31.2469,10.0282,277.9,0.0,1485.451, NAN, NAN, NAN, NAN,,2024/04/06 09:32:48.001,2024-04-06 09:32:48.001000+00:00
2024/04/06, 09:33:48.002,35.828,-74.946, 9.38,295.95,285.44,9.53,8.2,8.2,1009.4,1009.5,0.0,0.0,13.74,11.62,30,23,17.9,16.3,59.7,60.2,14.3,12.3,337.8,330.3,1011.5,1011.6,-5.8,298.65,-0.01,31.2427,10.0459,258.0,0.0,1485.511, NAN, NAN, NAN, NAN,,2024/04/06 09:33:48.002,2024-04-06 09:33:48.002000+00:00
2024/04/06, 09:34:48.002,35.829,-74.949, 9.12,291.82,285.48,8.75,8.1,8.2,1009.9,1009.8,0.0,0.0,13.74,11.62,30,27,16.7,15.0,58.2,57.7,13.3,11.5,333.3,331.2,1012.0,1011.9,-5.84,290.14,-0.02,31.2394,10.0776,290.0,0.0,1485.621, NAN, NAN, NAN, NAN,,2024/04/06 09:34:48.002,2024-04-06 09:34:48.002000+00:00
2024/04/06, 09:35:48.002,35.83,-74.952, 9.40,295.28,290.39,9.68,8.2,8.2,1009.6,1009.9,0.0,0.0,13.74,11.62,33,27,16.2,16.7,62.0,62.1,12.6,12.7,342.2,334.1,1011.7,1012.0,-5.97,280.36,-0.02,31.231,10.0978,264.4,0.0,1485.684, NAN, NAN, NAN, NAN,,2024/04/06 09:35:48.002,2024-04-06 09:35:48.002000+00:00
2024/04/06, 09:36:48.002,35.831,-74.954, 9.34,294.15,289.35,9.44,8.1,8.2,1009.7,1009.9,0.0,0.0,13.74,11.62,28,24,18.3,17.0,57.8,57.7,14.4,12.9,332.5,328.4,1011.8,1012.0,-6.11,278.09,-0.02,31.2284,10.0936,282.7,0.0,1485.666, NAN, NAN, NAN, NAN,,2024/04/06 09:36:48.002,2024-04-06 09:36:48.002000+00:00
2024/04/06, 09:37:48.002,35.832,-74.957, 9.30,293.06,289.33,9.27,8.1,8.2,1009.6,1009.9,0.0,0.0,13.74,11.62,35,29,16.3,17.1,57.6,57.7,13.0,13.4,341.6,333.4,1011.7,1012.0,-6.24,277.19,-0.02,31.2193,10.0669,290.0,0.0,1485.558, NAN, NAN, NAN, NAN,,2024/04/06 09:37:48.002,2024-04-06 09:37:48.002000+00:00
2024/04/06, 09:38:48.002,35.833,-74.96, 9.37,293.91,293.97,9.3,8.1,8.1,1009.7,1009.8,0.0,0.0,13.74,11.62,32,26,17.1,17.1,58.2,58.4,13.5,13.1,337.7,330.1,1011.8,1011.9,-6.25,276.16,-0.02,31.2082,10.0053,294.0,0.0,1485.321, NAN, NAN, NAN, NAN,,2024/04/06 09:38:48.002,2024-04-06 09:38:48.002000+00:00
2024/04/06, 09:39:48.002,35.833,-74.963, 9.55,294.61,287.54,9.45,8.1,8.1,1009.5,1009.8,0.0,0.0,13.74,11.62,34,28,17.7,18.4,55.1,55.5,14.2,14.6,340.9,333.0,1011.6,1011.9,-6.16,275.93,-0.02,31.1663,9.9328,268.6,0.0,1485.007, NAN, NAN, NAN, NAN,,2024/04/06 09:39:48.002,2024-04-06 09:39:48.002000+00:00
2024/04/06, 09:40:48.002,35.834,-74.967, 9.58,294.36,288.34,9.5,8.1,8.1,1009.5,1010.0,0.0,0.0,13.74,11.62,34,28,15.4,16.8,54.7,55.6,12.0,13.0,343.2,334.2,1011.6,1012.1,-6.18,276.33,-0.02,31.2028,9.8757,258.5,0.0,1484.844, NAN, NAN, NAN, NAN,,2024/04/06 09:40:48.002,2024-04-06 09:40:48.002000+00:00
2024/04/06, 09:41:48.002,35.835,-74.97, 9.57,294.67,288.13,9.6,8.0,8.0,1009.5,1010.1,0.0,0.0,13.74,11.62,31,24,15.0,15.5,55.9,55.5,11.5,11.6,341.0,331.4,1011.6,1012.2,-6.2,278.19,-0.03,31.2,9.7937,265.6,0.0,1484.542, NAN, NAN, NAN, NAN,,2024/04/06 09:41:48.002,2024-04-06 09:41:48.002000+00:00
2024/04/06, 09:42:48.002,35.836,-74.973, 9.38,292.98,293.02,8.97,8.0,8.1,1009.7,1010.0,0.0,0.0,13.74,11.62,28,22,19.1,17.9,59.4,59.2,15.3,13.8,329.6,322.7,1011.8,1012.1,-6.19,276.81,-0.03,31.1881,9.7195,259.8,0.0,1484.256, NAN, NAN, NAN, NAN,,2024/04/06 09:42:48.002,2024-04-06 09:42:48.002000+00:00
2024/04/06, 09:43:48.002,35.837,-74.975, 9.32,291.65,287.98,9.14,8.0,8.0,1009.7,1009.8,0.0,0.0,13.74,11.62,28,23,19.7,17.7,56.9,56.9,15.9,13.7,328.7,323.7,1011.8,1011.9,-6.18,276.62,-0.03,31.1906,9.6638,291.5,0.0,1484.056, NAN, NAN, NAN, NAN,,2024/04/06 09:43:48.002,2024-04-06 09:43:48.002000+00:00
2024/04/06, 09:44:48.002,35.838,-74.978, 9.13,294.31,292.53,9.01,7.9,8.0,1009.8,1009.8,0.0,0.0,13.74,11.62,31,26,17.2,16.8,56.3,56.4,13.6,12.9,336.3,330.3,1011.9,1011.9,-6.23,276.86,-0.02,31.1919,9.6349,268.6,0.0,1483.951, NAN, NAN, NAN, NAN,,2024/04/06 09:44:48.002,2024-04-06 09:44:48.002000+00:00
2024/04/06, 09:45:48.002,35.838,-74.981, 9.12,294.84,290.01,8.98,7.9,8.0,1009.6,1009.7,0.0,0.0,13.74,11.62,32,26,16.4,17.6,57.1,57.4,13.0,13.8,339.1,330.7,1011.7,1011.8,-6.23,276.37,-0.03,31.1851,9.6204,273.6,0.0,1483.89, NAN, NAN, NAN, NAN,,2024/04/06 09:45:48.002,2024-04-06 09:45:48.002000+00:00
2024/04/06, 09:46:48.002,35.839,-74.984, 9.15,291.54,286.65,8.59,7.9,7.9,1009.7,1009.7,0.0,0.0,13.74,11.62,33,29,15.2,14.8,57.3,57.4,12.0,11.4,337.6,333.0,1011.8,1011.8,-6.2,276.89,-0.02,31.1959,9.6035,349.9,0.0,1483.841, NAN, NAN, NAN, NAN,,2024/04/06 09:46:48.002,2024-04-06 09:46:48.002000+00:00
2024/04/06, 09:47:48.002,35.84,-74.987, 8.85,295.19,295.02,8.83,7.9,8.0,1009.9,1009.9,0.0,0.0,13.74,11.62,30,24,18.1,17.2,58.4,58.2,14.5,13.3,335.0,328.1,1012.0,1012.0,-6.27,275.73,-0.02,31.1754,9.5828,289.7,0.0,1483.74, NAN, NAN, NAN, NAN,,2024/04/06 09:47:48.002,2024-04-06 09:47:48.002000+00:00
2024/04/06, 09:48:48.003,35.841,-74.99, 8.95,293.53,289.18,8.81,7.9,7.9,1009.9,1010.1,0.0,0.0,13.74,11.62,29,23,17.1,17.7,56.6,56.2,13.6,13.9,333.4,325.5,1012.0,1012.2,-6.24,275.34,-0.02,31.1781,9.5782,267.2,0.0,1483.727, NAN, NAN, NAN, NAN,,2024/04/06 09:48:48.003,2024-04-06 09:48:48.003000+00:00
2024/04/06, 09:49:48.003,35.842,-74.993, 9.02,293.68,286.74,8.62,7.9,7.9,1009.7,1009.8,0.0,0.0,13.74,11.62,29,26,18.3,16.5,55.3,55.4,14.8,12.9,332.3,329.9,1011.8,1011.9,-6.2,274.62,-0.02,31.1771,9.5799,254.0,0.0,1483.732, NAN, NAN, NAN, NAN,,2024/04/06 09:49:48.003,2024-04-06 09:49:48.003000+00:00
2024/04/06, 09:50:48.003,35.842,-74.996, 9.26,294.21,284.58,8.85,7.9,7.9,1009.7,1009.9,0.0,0.0,13.74,11.62,29,25,17.9,17.8,54.8,56.4,14.4,14.1,333.6,328.7,1011.8,1012.0,-6.19,274.08,-0.02,31.1835,9.5835,242.4,0.0,1483.753, NAN, NAN, NAN, NAN,,2024/04/06 09:50:48.003,2024-04-06 09:50:48.003000+00:00
2024/04/06, 09:51:48.003,35.843,-74.998, 9.13,294.72,288.44,9.25,7.9,7.9,1009.6,1010.0,0.0,0.0,13.74,11.62,31,24,16.5,15.9,54.0,54.2,13.0,12.0,338.5,330.3,1011.7,1012.1,-6.23,274.61,-0.02,31.1722,9.584,275.6,0.0,1483.741, NAN, NAN, NAN, NAN,,2024/04/06 09:51:48.003,2024-04-06 09:51:48.003000+00:00
2024/04/06, 09:52:48.003,35.844,-75.001, 9.29,292.57,280.95,8.95,7.8,7.9,1009.9,1010.0,0.0,0.0,13.74,11.62,33,27,16.1,16.0,54.6,54.9,13.0,12.5,339.0,331.7,1012.0,1012.1,-6.21,275.36,-0.02,32.2611,9.5813,370.5,0.9,1485.059, NAN, NAN, NAN, NAN,,2024/04/06 09:52:48.003,2024-04-06 09:52:48.003000+00:00
2024/04/06, 09:53:48.003,35.845,-75.004, 9.16,292.11,289.41,8.82,7.8,7.9,1009.9,1010.1,0.0,0.0,13.74,11.62,35,29,14.3,17.4,56.4,56.2,11.0,13.7,341.5,331.0,1012.0,1012.2,-6.3,274.69,-0.02,31.9505,9.587,1311.3,9.0,1484.701, NAN, NAN, NAN, NAN,,2024/04/06 09:53:48.003,2024-04-06 09:53:48.003000+00:00
2024/04/06, 09:54:48.003,35.846,-75.007, 9.41,291.93,288.55,9.25,7.8,7.9,1009.8,1010.0,0.0,0.0,13.74,11.62,38,31,17.0,16.8,56.7,53.2,13.9,13.2,343.3,335.0,1011.9,1012.1,-6.2,274.23,-0.01,32.3495,9.5855,492.3,26.1,1485.182, NAN, NAN, NAN, NAN,,2024/04/06 09:54:48.003,2024-04-06 09:54:48.003000+00:00
2024/04/06, 09:55:48.003,35.846,-75.01, 9.35,293.84,288.39,8.96,7.9,7.9,1010.0,1010.2,0.0,0.0,13.74,11.62,38,33,16.3,17.4,54.6,54.6,13.2,14.0,345.2,338.1,1012.1,1012.3,-6.18,274.5,-0.01,32.5496,9.5786,352.0,83.4,1485.401, NAN, NAN, NAN, NAN,,2024/04/06 09:55:48.003,2024-04-06 09:55:48.003000+00:00
2024/04/06, 09:56:48.003,35.847,-75.013, 9.01,292.37,289.1,8.74,7.9,7.9,1009.7,1010.1,0.0,0.0,13.74,11.62,33,29,15.6,16.6,56.7,57.1,12.3,13.1,338.1,332.3,1011.8,1012.2,-6.26,273.81,-0.01,32.5456,9.5755,345.9,35.7,1485.385, NAN, NAN, NAN, NAN,,2024/04/06 09:56:48.003,2024-04-06 09:56:48.003000+00:00
2024/04/06, 09:57:48.003,35.848,-75.016, 9.04,292.15,286.11,8.97,7.8,7.9,1010.1,1010.1,0.0,0.0,13.74,11.62,38,33,16.0,17.5,54.1,54.2,13.0,14.1,344.0,336.6,1012.2,1012.2,-6.18,274.48,-0.01,32.5356,9.5684,353.9,36.5,1485.347, NAN, NAN, NAN, NAN,,2024/04/06 09:57:48.003,2024-04-06 09:57:48.003000+00:00
2024/04/06, 09:58:48.003,35.849,-75.019, 9.46,294.1,293.43,9.2,7.8,7.8,1009.9,1010.2,0.0,0.0,13.74,11.62,34,28,15.3,15.2,54.8,55.0,11.9,11.4,341.9,334.4,1012.0,1012.3,-6.22,275.77,-0.01,32.5361,9.5558,354.0,37.1,1485.302, NAN, NAN, NAN, NAN,,2024/04/06 09:58:48.003,2024-04-06 09:58:48.003000+00:00
2024/04/06, 09:59:48.003,35.85,-75.022, 9.50,291.79,290.36,9.22,7.8,7.8,1010.0,1010.2,0.0,0.0,13.74,11.62,33,30,17.0,16.1,56.7,55.1,13.4,12.4,336.7,333.7,1012.1,1012.3,-6.18,275.94,-0.0,32.5321,9.5538,363.0,37.7,1485.289, NAN, NAN, NAN, NAN,,2024/04/06 09:59:48.003,2024-04-06 09:59:48.003000+00:00
2024/04/06, 10:00:48.003,35.85,-75.025, 9.35,293.96,295.45,9.18,7.8,7.9,1009.9,1010.3,0.0,0.0,13.74,11.62,35,30,17.1,17.1,58.2,57.9,13.6,13.3,340.8,334.6,1012.0,1012.4,-6.2,276.12,0.0,32.5253,9.5713,366.7,38.1,1485.345, NAN, NAN, NAN, NAN,,2024/04/06 10:00:48.003,2024-04-06 10:00:48.003000+00:00
2024/04/06, 10:01:48.003,35.851,-75.028, 9.29,292.94,290.99,8.95,7.8,7.9,1009.9,1010.2,0.0,0.0,13.74,11.62,37,33,14.5,17.1,58.2,58.2,11.4,13.7,345.3,337.6,1012.0,1012.3,-6.22,279.06,0.0,32.5231,9.5894,372.8,36.4,1485.409, NAN, NAN, NAN, NAN,,2024/04/06 10:01:48.003,2024-04-06 10:01:48.003000+00:00
2024/04/06, 10:02:48.003,35.852,-75.031, 9.46,290.66,285.62,9.43,7.9,7.9,1010.1,1010.4,0.0,0.0,13.74,11.62,35,30,16.6,16.8,59.1,59.3,13.2,13.1,339.1,332.7,1012.2,1012.5,-6.19,282.45,0.01,32.5125,9.6053,372.9,36.3,1485.454, NAN, NAN, NAN, NAN,,2024/04/06 10:02:48.003,2024-04-06 10:02:48.003000+00:00
2024/04/06, 10:03:48.003,35.853,-75.034, 9.10,291.34,288.91,8.78,7.9,7.9,1010.3,1010.3,0.0,0.0,13.74,11.62,28,24,15.6,15.3,59.1,58.7,11.9,11.4,330.2,325.2,1012.4,1012.4,-6.2,279.05,0.01,32.5266,9.6074,366.2,36.2,1485.479, NAN, NAN, NAN, NAN,,2024/04/06 10:03:48.003,2024-04-06 10:03:48.003000+00:00
2024/04/06, 10:04:48.004,35.854,-75.036, 9.16,292.59,287.42,8.86,7.9,7.9,1010.1,1010.2,0.0,0.0,13.74,11.62,31,26,18.4,17.8,58.6,58.8,14.8,14.0,333.4,327.6,1012.2,1012.3,-6.1,275.5,0.02,32.5184,9.6146,353.9,36.8,1485.495, NAN, NAN, NAN, NAN,,2024/04/06 10:04:48.004,2024-04-06 10:04:48.004000+00:00
2024/04/06, 10:05:48.004,35.854,-75.039, 9.07,293.11,288.0,8.71,7.9,7.9,1010.1,1010.4,0.0,0.0,13.74,11.62,35,30,14.7,15.8,55.9,55.5,11.5,12.3,341.9,334.5,1012.2,1012.5,-6.16,275.82,0.03,32.5132,9.6151,348.9,37.2,1485.49, NAN, NAN, NAN, NAN,,2024/04/06 10:05:48.004,2024-04-06 10:05:48.004000+00:00
2024/04/06, 10:06:48.004,35.855,-75.042, 8.98,289.92,292.67,8.97,7.9,7.9,1010.1,1009.8,0.0,0.0,13.74,11.62,33,28,16.9,18.4,58.2,58.3,13.4,14.6,334.4,327.1,1012.2,1011.9,-6.18,275.71,0.04,32.5116,9.614,344.9,37.6,1485.484, NAN, NAN, NAN, NAN,,2024/04/06 10:06:48.004,2024-04-06 10:06:48.004000+00:00
2024/04/06, 10:07:48.004,35.856,-75.045, 8.72,292.74,285.92,8.15,7.9,7.9,1009.8,1010.3,0.0,0.0,13.74,11.62,32,27,16.6,17.0,57.8,54.0,13.4,13.6,335.2,328.7,1011.9,1012.4,-6.12,274.85,0.06,32.5191,9.6065,339.8,37.3,1485.466, NAN, NAN, NAN, NAN,,2024/04/06 10:07:48.004,2024-04-06 10:07:48.004000+00:00
2024/04/06, 10:08:48.004,35.857,-75.047, 8.24,294.31,295.08,8.61,7.9,7.9,1009.9,1010.1,0.0,0.0,13.74,11.62,30,27,17.1,16.7,54.4,52.0,13.5,13.0,334.2,330.7,1012.0,1012.2,-6.21,274.95,0.07,32.5123,9.6098,334.8,39.5,1485.47, NAN, NAN, NAN, NAN,,2024/04/06 10:08:48.004,2024-04-06 10:08:48.004000+00:00
2024/04/06, 10:09:48.004,35.858,-75.05, 7.60,292.22,290.95,8.36,7.9,7.9,1009.9,1010.4,0.0,0.0,13.74,11.62,28,24,18.9,17.7,57.9,58.0,15.3,13.9,328.1,323.8,1012.0,1012.5,-6.17,274.66,0.09,32.511,9.6201,337.6,39.0,1485.506, NAN, NAN, NAN, NAN,,2024/04/06 10:09:48.004,2024-04-06 10:09:48.004000+00:00
2024/04/06, 10:10:48.004,35.858,-75.053, 4.42,290.19,285.99,8.57,7.9,7.9,1009.9,1010.3,0.0,0.0,13.74,11.62,33,25,17.4,17.2,58.1,55.2,14.3,13.6,334.5,325.0,1012.0,1012.4,-6.12,274.31,0.11,32.5074,9.6143,329.1,37.6,1485.48, NAN, NAN, NAN, NAN,,2024/04/06 10:10:48.004,2024-04-06 10:10:48.004000+00:00
2024/04/06, 10:11:48.004,35.859,-75.056, 3.38,292.43,289.92,8.71,7.9,7.9,1010.3,1010.0,0.0,0.0,13.74,11.62,32,26,17.1,17.2,54.1,54.1,13.7,13.5,335.5,327.9,1012.4,1012.1,-6.19,274.18,0.15,32.5065,9.597,326.7,31.1,1485.416, NAN, NAN, NAN, NAN,,2024/04/06 10:11:48.004,2024-04-06 10:11:48.004000+00:00
2024/04/06, 10:12:48.004,35.86,-75.058, 8.80,291.14,290.84,8.86,7.8,7.9,1009.9,1010.3,0.0,0.0,13.74,11.62,34,29,17.4,18.0,52.9,52.8,14.0,14.3,336.1,329.5,1012.0,1012.4,-6.08,275.28,0.2,32.5044,9.5959,321.4,0.0,1485.409, NAN, NAN, NAN, NAN,,2024/04/06 10:12:48.004,2024-04-06 10:12:48.004000+00:00
2024/04/06, 10:13:48.004,35.861,-75.061, 8.89,292.91,293.6,8.51,7.8,7.8,1010.0,1010.3,0.0,0.0,13.74,11.62,35,28,17.0,16.6,55.3,55.6,13.7,12.9,338.6,330.2,1012.1,1012.4,-6.12,275.88,0.24,32.4999,9.5988,309.6,0.0,1485.415, NAN, NAN, NAN, NAN,,2024/04/06 10:13:48.004,2024-04-06 10:13:48.004000+00:00
2024/04/06, 10:14:48.004,35.862,-75.064, 6.97,291.14,290.34,9.07,7.8,7.8,1010.2,1010.5,0.0,0.0,13.74,11.62,32,29,16.0,17.8,55.5,55.6,12.4,14.0,335.4,330.1,1012.3,1012.6,-6.13,276.7,0.3,32.5002,9.5951,305.6,0.0,1485.401, NAN, NAN, NAN, NAN,,2024/04/06 10:14:48.004,2024-04-06 10:14:48.004000+00:00
2024/04/06, 10:15:48.004,35.862,-75.067, 6.60,291.91,291.2,8.22,7.8,7.8,1010.3,1010.3,0.0,0.0,13.74,11.62,33,26,16.6,16.5,56.2,56.4,13.3,12.9,335.1,326.4,1012.4,1012.4,-6.08,278.3,0.38,32.502,9.5847,306.8,0.0,1485.366, NAN, NAN, NAN, NAN,,2024/04/06 10:15:48.004,2024-04-06 10:15:48.004000+00:00
2024/04/06, 10:16:48.004,35.863,-75.069, 6.74,291.9,289.28,8.18,7.8,7.8,1010.2,1010.3,0.0,0.0,13.74,11.62,31,25,16.4,16.3,56.3,56.1,13.1,12.7,333.0,325.5,1012.3,1012.4,-6.06,278.98,0.51,32.4988,9.5795,304.6,0.0,1485.343, NAN, NAN, NAN, NAN,,2024/04/06 10:16:48.004,2024-04-06 10:16:48.004000+00:00
2024/04/06, 10:17:48.004,35.864,-75.072, 7.06,293.21,293.96,8.27,7.8,7.8,1010.2,1010.2,0.0,0.0,13.74,11.62,33,26,17.4,16.2,55.5,56.0,14.1,12.6,336.1,328.2,1012.3,1012.3,-5.99,279.74,0.62,32.4984,9.5902,310.2,0.0,1485.381, NAN, NAN, NAN, NAN,,2024/04/06 10:17:48.004,2024-04-06 10:17:48.004000+00:00
2024/04/06, 10:18:48.004,35.865,-75.075, 9.50,291.77,290.21,9.04,7.8,7.8,1010.3,1010.4,0.0,0.0,13.74,11.62,33,29,15.5,16.6,56.3,56.4,12.1,12.9,337.9,331.8,1012.4,1012.5,-5.98,284.47,0.77,32.4974,9.6145,298.8,0.0,1485.469, NAN, NAN, NAN, NAN,,2024/04/06 10:18:48.004,2024-04-06 10:18:48.004000+00:00
2024/04/06, 10:19:48.004,35.866,-75.078, 9.04,292.32,292.0,9.14,7.8,7.8,1010.3,1010.5,0.0,0.0,13.74,11.62,31,25,14.9,16.6,54.4,54.4,11.2,12.5,336.0,326.6,1012.4,1012.6,-5.87,293.15,0.96,32.4976,9.636,302.5,0.0,1485.547, NAN, NAN, NAN, NAN,,2024/04/06 10:19:48.004,2024-04-06 10:19:48.004000+00:00
2024/04/06, 10:20:48.005,35.866,-75.081, 9.21,291.93,291.21,9.44,7.8,7.8,1010.5,1010.5,0.0,0.0,13.74,11.62,31,22,16.2,16.0,57.8,58.0,12.4,11.7,335.3,323.7,1012.6,1012.6,-5.76,292.26,1.16,32.4998,9.644,298.0,0.0,1485.579, NAN, NAN, NAN, NAN,,2024/04/06 10:20:48.005,2024-04-06 10:20:48.005000+00:00
2024/04/06, 10:21:48.005,35.867,-75.084, 8.96,293.05,293.66,9.01,7.8,7.8,1009.9,1010.3,0.0,0.0,13.74,11.62,37,34,18.7,21.1,56.7,57.0,15.4,17.6,341.1,336.0,1012.0,1012.4,-5.56,282.0,1.44,32.5018,9.6447,302.2,0.0,1485.584, NAN, NAN, NAN, NAN,,2024/04/06 10:21:48.005,2024-04-06 10:21:48.005000+00:00
2024/04/06, 10:22:48.005,35.868,-75.086, 8.86,293.22,291.14,9.29,7.8,7.8,1010.1,1010.6,0.0,0.0,13.74,11.62,34,29,15.9,17.3,54.4,54.7,12.4,13.4,340.4,332.8,1012.2,1012.7,-5.58,279.95,1.78,32.4987,9.6394,309.9,0.0,1485.561, NAN, NAN, NAN, NAN,,2024/04/06 10:22:48.005,2024-04-06 10:22:48.005000+00:00
2024/04/06, 10:23:48.005,35.869,-75.089, 8.86,291.79,293.55,8.55,7.8,7.8,1010.7,1010.5,0.0,0.0,13.74,11.62,38,30,16.1,16.4,56.3,56.2,12.8,12.7,341.6,331.3,1012.8,1012.6,-5.5,283.74,2.2,32.4957,9.6345,309.6,0.0,1485.54, NAN, NAN, NAN, NAN,,2024/04/06 10:23:48.005,2024-04-06 10:23:48.005000+00:00
2024/04/06, 10:24:48.005,35.87,-75.092, 7.55,293.32,287.63,8.66,7.8,7.8,1010.4,1010.8,0.0,0.0,13.74,11.62,39,28,15.4,15.6,56.0,56.2,12.7,12.2,346.8,333.3,1012.5,1012.9,-5.39,289.85,2.7,32.4949,9.6262,312.6,0.0,1485.508, NAN, NAN, NAN, NAN,,2024/04/06 10:24:48.005,2024-04-06 10:24:48.005000+00:00
2024/04/06, 10:25:48.005,35.87,-75.095, 7.28,293.22,296.46,7.95,7.7,7.8,1010.5,1010.8,0.0,0.0,13.74,11.62,35,29,14.5,15.5,56.6,56.8,11.4,12.1,340.0,331.6,1012.6,1012.9,-5.26,301.97,3.29,32.4966,9.6188,312.6,0.0,1485.484, NAN, NAN, NAN, NAN,,2024/04/06 10:25:48.005,2024-04-06 10:25:48.005000+00:00
2024/04/06, 10:26:48.005,35.871,-75.097, 7.10,291.83,290.67,7.87,7.8,7.8,1010.5,1010.8,0.0,0.0,13.74,11.62,30,25,15.6,15.8,62.8,62.3,12.3,12.3,331.7,325.2,1012.6,1012.9,-5.04,305.89,4.08,32.4907,9.6252,311.6,0.2,1485.5, NAN, NAN, NAN, NAN,,2024/04/06 10:26:48.005,2024-04-06 10:26:48.005000+00:00
2024/04/06, 10:27:48.005,35.872,-75.1, 6.97,291.84,291.34,8.42,7.9,7.9,1010.8,1010.3,0.0,0.0,13.74,11.62,28,24,15.8,18.1,61.4,61.2,12.3,14.4,330.4,323.8,1012.9,1012.4,-4.79,293.35,4.71,32.4916,9.6335,314.5,17.4,1485.531, NAN, NAN, NAN, NAN,,2024/04/06 10:27:48.005,2024-04-06 10:27:48.005000+00:00
2024/04/06, 10:28:48.005,35.873,-75.102, 7.49,294.11,285.93,7.72,7.9,7.9,1010.8,1010.3,0.0,0.0,13.74,11.62,37,28,12.7,15.7,60.9,61.7,10.2,12.7,346.7,332.5,1012.9,1012.4,-4.6,284.36,5.44,32.4902,9.64,318.4,36.9,1485.553, NAN, NAN, NAN, NAN,,2024/04/06 10:28:48.005,2024-04-06 10:28:48.005000+00:00
2024/04/06, 10:29:48.005,35.873,-75.105, 7.92,291.45,284.26,7.25,7.9,7.9,1010.3,1010.2,0.0,0.0,13.74,11.62,38,33,16.1,17.1,54.8,61.2,13.6,14.4,340.3,333.8,1012.4,1012.3,-4.47,286.95,6.39,32.4846,9.6446,316.0,37.0,1485.563, NAN, NAN, NAN, NAN,,2024/04/06 10:29:48.005,2024-04-06 10:29:48.005000+00:00
2024/04/06, 10:30:48.005,35.874,-75.107, 7.58,294.04,291.32,8.07,7.9,7.9,1010.2,1010.6,0.0,0.0,13.74,11.62,38,32,16.6,17.4,54.6,56.3,13.8,14.3,343.7,335.9,1012.3,1012.7,-4.25,293.58,7.5,32.4834,9.6459,320.9,37.3,1485.566, NAN, NAN, NAN, NAN,,2024/04/06 10:30:48.005,2024-04-06 10:30:48.005000+00:00
2024/04/06, 10:31:48.005,35.875,-75.11, 8.03,292.83,292.46,8.31,7.8,7.8,1010.8,1010.5,0.0,0.0,13.74,11.62,37,34,15.4,18.8,54.2,54.1,12.4,15.6,342.6,336.3,1012.9,1012.6,-3.96,301.91,9.02,32.4871,9.6471,320.0,37.9,1485.575, NAN, NAN, NAN, NAN,,2024/04/06 10:31:48.005,2024-04-06 10:31:48.005000+00:00
2024/04/06, 10:32:48.005,35.875,-75.113, 8.33,291.77,282.99,8.02,7.8,7.8,1010.4,1010.9,0.0,0.0,13.74,11.62,36,32,14.5,16.2,57.5,57.3,11.8,13.2,341.3,334.9,1012.5,1013.0,-3.65,307.9,10.24,32.487,9.648,316.0,37.7,1485.578, NAN, NAN, NAN, NAN,,2024/04/06 10:32:48.005,2024-04-06 10:32:48.005000+00:00
2024/04/06, 10:33:48.005,35.876,-75.115, 8.02,291.3,291.04,8.25,7.8,7.9,1010.6,1010.9,0.0,0.0,13.74,11.62,36,31,15.7,16.9,57.0,56.6,12.6,13.5,339.0,331.9,1012.7,1013.0,-3.41,314.61,11.32,32.4889,9.6421,322.4,37.6,1485.559, NAN, NAN, NAN, NAN,,2024/04/06 10:33:48.005,2024-04-06 10:33:48.005000+00:00
2024/04/06, 10:34:48.006,35.877,-75.118, 8.02,292.87,289.24,7.99,7.9,7.9,1010.8,1010.8,0.0,0.0,13.74,11.62,23,20,17.0,15.7,59.3,59.0,13.5,12.1,323.8,320.8,1012.9,1012.9,-3.25,317.61,12.55,32.482,9.6271,324.0,37.3,1485.496, NAN, NAN, NAN, NAN,,2024/04/06 10:34:48.006,2024-04-06 10:34:48.006000+00:00
2024/04/06, 10:35:48.006,35.878,-75.121, 8.13,292.24,282.55,8.41,7.9,7.9,1010.7,1010.5,0.0,0.0,13.74,11.62,27,24,18.2,17.6,59.1,59.1,14.8,14.1,328.7,325.4,1012.8,1012.6,-2.95,304.89,13.9,32.4773,9.6108,324.3,37.9,1485.431, NAN, NAN, NAN, NAN,,2024/04/06 10:35:48.006,2024-04-06 10:35:48.006000+00:00
2024/04/06, 10:36:48.006,35.878,-75.123, 7.37,293.14,287.28,8.66,7.8,7.9,1010.8,1011.0,0.0,0.0,13.74,11.62,28,21,16.3,16.4,58.5,58.2,12.8,12.6,332.3,323.4,1012.9,1013.1,-2.5,290.21,16.03,32.4777,9.6133,331.8,38.1,1485.44, NAN, NAN, NAN, NAN,,2024/04/06 10:36:48.006,2024-04-06 10:36:48.006000+00:00
2024/04/06, 10:37:48.006,35.879,-75.126, 7.99,293.79,282.76,8.2,7.8,7.8,1010.7,1010.8,0.0,0.0,13.74,11.62,25,21,19.2,16.9,56.0,56.1,15.7,13.3,326.7,323.0,1012.8,1012.9,-2.17,284.43,18.25,32.4789,9.6161,324.3,38.2,1485.452, NAN, NAN, NAN, NAN,,2024/04/06 10:37:48.006,2024-04-06 10:37:48.006000+00:00
2024/04/06, 10:38:48.006,35.88,-75.129, 8.70,293.22,289.44,8.73,7.8,7.8,1010.5,1010.8,0.0,0.0,13.74,11.62,29,23,17.9,17.0,56.6,56.6,14.4,13.2,332.2,325.3,1012.6,1012.9,-1.72,281.84,20.71,32.4744,9.6136,327.3,38.7,1485.437, NAN, NAN, NAN, NAN,,2024/04/06 10:38:48.006,2024-04-06 10:38:48.006000+00:00
2024/04/06, 10:39:48.006,35.881,-75.132, 8.77,292.93,292.1,8.71,7.7,7.8,1010.7,1011.1,0.0,0.0,13.74,11.62,30,25,17.8,16.9,56.1,56.0,14.2,13.1,332.7,327.1,1012.8,1013.2,-1.2,282.64,23.4,32.472,9.6044,327.6,38.5,1485.401, NAN, NAN, NAN, NAN,,2024/04/06 10:39:48.006,2024-04-06 10:39:48.006000+00:00
2024/04/06, 10:40:48.006,35.882,-75.134, 8.76,293.7,290.59,8.98,7.7,7.8,1010.6,1011.1,0.0,0.0,13.74,11.62,25,21,18.1,16.9,58.1,58.0,14.2,12.8,327.4,323.0,1012.7,1013.2,-0.72,283.0,26.11,32.4702,9.597,321.1,38.4,1485.372, NAN, NAN, NAN, NAN,,2024/04/06 10:40:48.006,2024-04-06 10:40:48.006000+00:00
2024/04/06, 10:41:48.006,35.883,-75.137, 9.19,291.84,287.99,9.05,7.7,7.8,1010.4,1010.9,0.0,0.0,13.74,11.62,32,25,18.1,17.4,58.6,58.5,14.5,13.5,334.4,326.1,1012.5,1013.0,-0.26,282.81,29.36,32.468,9.5989,321.7,38.6,1485.376, NAN, NAN, NAN, NAN,,2024/04/06 10:41:48.006,2024-04-06 10:41:48.006000+00:00
2024/04/06, 10:42:48.006,35.883,-75.14, 8.65,294.28,289.66,8.48,7.7,7.7,1010.8,1010.9,0.0,0.0,13.74,11.62,30,25,15.8,15.2,54.3,53.8,12.5,11.7,336.0,330.2,1012.9,1013.0,0.25,286.19,32.26,32.4745,9.6035,324.0,38.2,1485.401, NAN, NAN, NAN, NAN,,2024/04/06 10:42:48.006,2024-04-06 10:42:48.006000+00:00
2024/04/06, 10:43:48.006,35.884,-75.143, 8.30,293.35,290.97,7.84,7.7,7.7,1010.7,1011.1,0.0,0.0,13.74,11.62,33,24,12.9,15.0,57.6,57.4,9.9,11.5,339.9,326.2,1012.8,1013.2,0.61,288.74,34.72,32.4662,9.5984,322.7,37.9,1485.372, NAN, NAN, NAN, NAN,,2024/04/06 10:43:48.006,2024-04-06 10:43:48.006000+00:00
2024/04/06, 10:44:48.006,35.885,-75.145, 8.21,294.07,292.11,8.58,7.7,7.7,1011.2,1010.8,0.0,0.0,13.74,11.62,27,20,15.0,15.1,58.7,59.0,11.4,11.2,332.4,323.1,1013.3,1012.9,0.92,286.08,36.97,32.4619,9.5847,329.4,38.5,1485.317, NAN, NAN, NAN, NAN,,2024/04/06 10:44:48.006,2024-04-06 10:44:48.006000+00:00
2024/04/06, 10:45:48.006,35.886,-75.148, 8.23,293.6,292.65,8.31,7.7,7.8,1010.9,1011.1,0.0,0.0,13.74,11.62,31,25,17.6,17.2,60.0,60.2,14.2,13.6,334.2,327.0,1013.0,1013.2,1.35,283.24,40.29,32.4598,9.5632,326.7,38.5,1485.236, NAN, NAN, NAN, NAN,,2024/04/06 10:45:48.006,2024-04-06 10:45:48.006000+00:00
2024/04/06, 10:46:48.006,35.886,-75.151, 8.22,293.74,292.24,8.29,7.7,7.8,1011.0,1010.8,0.0,0.0,13.74,11.62,31,24,16.6,16.1,59.7,59.6,13.3,12.5,335.2,326.9,1013.1,1012.9,2.18,286.42,43.94,32.4636,9.533,326.4,38.3,1485.13, NAN, NAN, NAN, NAN,,2024/04/06 10:46:48.006,2024-04-06 10:46:48.006000+00:00
2024/04/06, 10:47:48.006,35.887,-75.153, 6.82,295.04,290.85,8.46,7.7,7.7,1010.8,1011.1,0.0,0.0,13.74,11.62,24,19,17.7,16.3,57.0,57.1,14.0,12.4,327.3,321.7,1012.9,1013.2,2.8,287.25,47.5,32.4514,9.5164,331.5,38.4,1485.054, NAN, NAN, NAN, NAN,,2024/04/06 10:47:48.006,2024-04-06 10:47:48.006000+00:00
2024/04/06, 10:48:48.006,35.888,-75.156, 7.09,292.75,292.64,8.9,7.7,7.7,1011.0,1011.0,0.0,0.0,13.74,11.62,25,19,16.5,16.0,56.6,56.8,12.6,11.8,327.0,319.4,1013.1,1013.1,3.95,295.6,52.21,32.4466,9.51,340.8,38.6,1485.025, NAN, NAN, NAN, NAN,,2024/04/06 10:48:48.006,2024-04-06 10:48:48.006000+00:00
2024/04/06, 10:49:48.006,35.889,-75.159, 8.06,292.15,290.64,8.85,7.7,7.7,1010.9,1011.0,0.0,0.0,13.74,11.62,27,23,15.8,14.7,56.6,56.5,12.1,10.8,330.0,325.8,1013.0,1013.1,5.56,307.68,58.2,32.4508,9.5066,341.2,38.4,1485.018, NAN, NAN, NAN, NAN,,2024/04/06 10:49:48.006,2024-04-06 10:49:48.006000+00:00
2024/04/06, 10:50:48.006,35.889,-75.162, 8.46,293.61,286.19,8.7,7.7,7.7,1011.1,1010.9,0.0,0.0,13.74,11.62,21,17,16.4,14.9,56.1,56.1,12.6,10.9,324.0,320.0,1013.2,1013.0,7.29,303.82,69.28,32.4393,9.5135,345.2,38.3,1485.029, NAN, NAN, NAN, NAN,,2024/04/06 10:50:48.006,2024-04-06 10:50:48.006000+00:00
2024/04/06, 10:51:48.007,35.89,-75.164, 8.84,292.61,285.48,8.25,7.7,7.7,1011.0,1011.1,0.0,0.0,13.74,11.62,25,20,17.3,15.9,56.3,56.4,13.8,12.2,326.3,320.9,1013.1,1013.2,8.05,303.32,68.99,32.4294,9.5292,344.1,38.1,1485.074, NAN, NAN, NAN, NAN,,2024/04/06 10:51:48.007,2024-04-06 10:51:48.007000+00:00
2024/04/06, 10:52:48.007,35.891,-75.167, 8.62,293.87,286.95,8.28,7.7,7.7,1010.8,1011.3,0.0,0.0,13.74,11.62,30,22,13.5,14.0,57.8,58.1,10.3,10.4,337.7,326.8,1012.9,1013.4,7.3,296.03,72.51,32.4235,9.5527,344.1,37.9,1485.153, NAN, NAN, NAN, NAN,,2024/04/06 10:52:48.007,2024-04-06 10:52:48.007000+00:00
2024/04/06, 10:53:48.007,35.892,-75.17, 8.36,291.85,284.4,8.31,7.7,7.7,1011.1,1011.0,0.0,0.0,13.74,11.62,26,22,17.3,15.6,59.2,57.7,13.8,11.9,326.8,322.9,1013.2,1013.1,7.39,292.4,76.43,32.4207,9.578,341.9,37.4,1485.242, NAN, NAN, NAN, NAN,,2024/04/06 10:53:48.007,2024-04-06 10:53:48.007000+00:00
2024/04/06, 10:54:48.007,35.892,-75.172, 8.49,292.77,289.07,8.62,7.7,7.7,1010.9,1011.1,0.0,0.0,13.74,11.62,22,17,17.4,14.9,60.5,60.3,13.5,10.8,322.6,317.6,1013.0,1013.2,8.26,295.27,85.77,32.4212,9.6031,337.4,37.4,1485.334, NAN, NAN, NAN, NAN,,2024/04/06 10:54:48.007,2024-04-06 10:54:48.007000+00:00
2024/04/06, 10:55:48.007,35.893,-75.175, 8.68,292.07,288.78,8.88,7.7,7.7,1011.2,1010.8,0.0,0.0,13.74,11.62,25,20,18.7,17.2,59.5,59.5,14.8,13.1,325.2,319.7,1013.3,1012.9,8.04,289.93,83.96,32.4038,9.6183,340.9,38.0,1485.368, NAN, NAN, NAN, NAN,,2024/04/06 10:55:48.007,2024-04-06 10:55:48.007000+00:00
2024/04/06, 10:56:48.007,35.894,-75.178, 9.11,292.18,284.04,8.96,7.6,7.7,1010.6,1011.0,0.0,0.0,13.74,11.62,23,21,18.6,16.6,57.0,57.0,14.7,12.7,323.9,322.7,1012.7,1013.1,9.36,291.54,89.45,32.3968,9.6233,339.2,38.3,1485.378, NAN, NAN, NAN, NAN,,2024/04/06 10:56:48.007,2024-04-06 10:56:48.007000+00:00
2024/04/06, 10:57:48.007,35.895,-75.181, 8.84,293.22,292.49,8.23,7.6,7.6,1010.5,1010.9,0.0,0.0,13.74,11.62,30,24,15.3,16.3,57.0,56.8,12.0,12.7,334.4,326.0,1012.6,1013.0,9.76,283.56,94.65,32.389,9.6186,344.6,37.8,1485.351, NAN, NAN, NAN, NAN,,2024/04/06 10:57:48.007,2024-04-06 10:57:48.007000+00:00
2024/04/06, 10:58:48.007,35.895,-75.184, 8.69,293.31,291.08,9.0,7.6,7.6,1010.8,1011.0,0.0,0.0,13.74,11.62,34,26,15.6,15.6,59.6,60.0,12.3,11.8,340.7,330.6,1012.9,1013.1,10.82,280.08,100.98,32.3829,9.6231,344.3,38.5,1485.36, NAN, NAN, NAN, NAN,,2024/04/06 10:58:48.007,2024-04-06 10:58:48.007000+00:00
2024/04/06, 10:59:48.007,35.896,-75.187, 8.35,293.28,290.61,8.69,7.6,7.6,1011.0,1011.3,0.0,0.0,13.74,11.62,29,22,15.7,17.3,59.4,59.0,12.2,13.4,333.6,323.5,1013.1,1013.4,11.85,278.79,107.98,32.3775,9.6463,349.2,38.3,1485.439, NAN, NAN, NAN, NAN,,2024/04/06 10:59:48.007,2024-04-06 10:59:48.007000+00:00
2024/04/06, 11:00:48.007,35.897,-75.19, 9.02,292.52,284.41,9.15,7.6,7.6,1011.1,1010.9,0.0,0.0,13.74,11.62,28,21,17.9,16.0,60.2,60.2,14.3,12.0,331.2,323.8,1013.2,1013.0,12.67,277.46,115.61,32.3663,9.6863,348.0,38.6,1485.571, NAN, NAN, NAN, NAN,,2024/04/06 11:00:48.007,2024-04-06 11:00:48.007000+00:00
2024/04/06, 11:01:48.007,35.898,-75.193, 9.03,294.22,290.13,9.29,7.6,7.6,1010.9,1010.7,0.0,0.0,13.74,11.62,24,19,18.0,15.9,57.3,57.2,14.1,11.7,328.0,323.1,1013.0,1012.8,14.83,276.97,134.56,32.3579,9.7167,355.3,38.7,1485.671, NAN, NAN, NAN, NAN,,2024/04/06 11:01:48.007,2024-04-06 11:01:48.007000+00:00
2024/04/06, 11:02:48.007,35.899,-75.195, 9.05,293.18,292.18,8.83,7.6,7.6,1011.0,1011.1,0.0,0.0,13.74,11.62,26,21,16.9,16.4,59.9,59.6,13.2,12.4,329.1,323.0,1013.1,1013.2,19.8,279.11,181.66,32.3468,9.7243,356.3,38.6,1485.685, NAN, NAN, NAN, NAN,,2024/04/06 11:02:48.007,2024-04-06 11:02:48.007000+00:00
2024/04/06, 11:03:48.007,35.899,-75.198, 8.04,292.76,285.51,8.42,7.6,7.6,1011.1,1011.2,0.0,0.0,13.74,11.62,26,20,19.0,16.7,59.8,59.7,15.5,12.9,327.1,320.9,1013.2,1013.3,22.08,281.47,199.49,32.324,9.7137,361.4,38.7,1485.619, NAN, NAN, NAN, NAN,,2024/04/06 11:03:48.007,2024-04-06 11:03:48.007000+00:00
2024/04/06, 11:04:48.007,35.9,-75.201, 7.38,294.24,286.34,8.99,7.6,7.6,1011.0,1010.9,0.0,0.0,13.74,11.62,29,24,16.8,15.2,58.5,58.4,13.3,11.4,334.7,329.8,1013.1,1013.0,24.03,281.33,200.63,32.308,9.688,361.1,38.7,1485.506, NAN, NAN, NAN, NAN,,2024/04/06 11:04:48.007,2024-04-06 11:04:48.007000+00:00
2024/04/06, 11:05:48.007,35.901,-75.204, 7.30,293.09,288.12,8.62,7.6,7.6,1010.8,1011.1,0.0,0.0,13.74,11.62,29,23,15.3,15.1,59.2,59.5,11.8,11.3,333.9,326.4,1012.9,1013.2,21.0,279.97,170.19,32.2896,9.6636,367.0,38.7,1485.394, NAN, NAN, NAN, NAN,,2024/04/06 11:05:48.007,2024-04-06 11:05:48.007000+00:00
2024/04/06, 11:06:48.007,35.902,-75.207, 7.35,293.0,294.07,8.42,7.6,7.6,1011.0,1010.9,0.0,0.0,13.74,11.62,32,23,16.8,16.3,59.5,59.8,13.4,12.5,335.4,324.4,1013.1,1013.0,28.19,278.0,290.15,32.2736,9.6659,368.1,38.8,1485.383, NAN, NAN, NAN, NAN,,2024/04/06 11:06:48.007,2024-04-06 11:06:48.007000+00:00
2024/04/06, 11:07:48.008,35.902,-75.21, 7.37,293.47,282.65,8.92,7.6,7.6,1010.8,1011.1,0.0,0.0,13.74,11.62,40,38,14.4,17.3,58.8,58.7,12.0,14.6,350.5,344.9,1012.9,1013.2,17.95,277.55,164.37,32.251,9.6918,379.6,38.7,1485.45, NAN, NAN, NAN, NAN,,2024/04/06 11:07:48.008,2024-04-06 11:07:48.008000+00:00
2024/04/06, 11:08:48.008,35.903,-75.213, 8.94,293.16,285.08,9.06,7.7,7.7,1011.0,1011.1,0.0,0.0,13.74,11.62,30,26,17.5,16.7,59.0,58.4,14.1,13.1,334.9,330.7,1013.1,1013.2,19.3,276.94,172.81,32.2293,9.7251,384.1,38.9,1485.545, NAN, NAN, NAN, NAN,,2024/04/06 11:08:48.008,2024-04-06 11:08:48.008000+00:00
2024/04/06, 11:09:48.008,35.904,-75.216, 8.81,294.29,286.94,8.99,7.6,7.7,1010.8,1011.1,0.0,0.0,13.74,11.62,30,25,16.4,15.2,57.7,58.2,13.1,11.6,336.9,331.8,1012.9,1013.2,21.55,276.62,177.48,32.2173,9.7458,387.0,38.8,1485.606, NAN, NAN, NAN, NAN,,2024/04/06 11:09:48.008,2024-04-06 11:09:48.008000+00:00
2024/04/06, 11:10:48.008,35.905,-75.219, 9.11,293.24,283.96,9.27,7.6,7.7,1011.4,1011.1,0.0,0.0,13.74,11.62,31,26,16.9,16.6,57.8,57.5,13.6,13.0,337.2,331.3,1013.5,1013.2,21.78,276.42,190.57,32.189,9.7709,378.4,39.1,1485.663, NAN, NAN, NAN, NAN,,2024/04/06 11:10:48.008,2024-04-06 11:10:48.008000+00:00
2024/04/06, 11:11:48.008,35.905,-75.222, 9.11,294.31,287.88,9.02,7.6,7.7,1011.0,1011.0,0.0,0.0,13.74,11.62,27,21,18.1,16.6,58.9,59.2,14.4,12.6,331.2,324.7,1013.1,1013.1,51.69,277.8,539.27,32.1684,9.7896,376.0,39.1,1485.706, NAN, NAN, NAN, NAN,,2024/04/06 11:11:48.008,2024-04-06 11:11:48.008000+00:00
2024/04/06, 11:12:48.008,35.906,-75.224, 8.94,291.59,286.05,8.44,7.6,7.6,1010.8,1010.9,0.0,0.0,13.74,11.62,30,21,16.9,15.7,58.2,58.0,13.5,11.9,331.9,321.4,1012.9,1013.0,60.46,278.71,613.59,32.1454,9.801,377.1,39.4,1485.719, NAN, NAN, NAN, NAN,,2024/04/06 11:12:48.008,2024-04-06 11:12:48.008000+00:00
2024/04/06, 11:13:48.008,35.907,-75.227, 9.08,292.93,292.16,8.81,7.6,7.6,1011.1,1010.9,0.0,0.0,13.74,11.62,29,21,16.6,16.0,60.4,60.8,13.0,12.0,332.4,322.6,1013.2,1013.0,63.83,278.95,621.93,32.1243,9.8117,375.6,39.7,1485.732, NAN, NAN, NAN, NAN,,2024/04/06 11:13:48.008,2024-04-06 11:13:48.008000+00:00
2024/04/06, 11:14:48.008,35.908,-75.23, 9.11,291.74,285.29,8.75,7.6,7.6,1010.8,1011.1,0.0,0.0,13.74,11.62,29,23,16.7,15.1,58.8,58.9,13.2,11.3,331.5,325.2,1012.9,1013.2,38.65,279.47,521.84,32.1071,9.8133,377.4,39.7,1485.717, NAN, NAN, NAN, NAN,,2024/04/06 11:14:48.008,2024-04-06 11:14:48.008000+00:00
2024/04/06, 11:15:48.008,35.909,-75.233, 9.05,292.92,293.12,9.23,7.6,7.6,1010.8,1011.2,0.0,0.0,13.74,11.62,25,19,17.9,16.8,60.7,60.8,14.0,12.6,327.5,320.5,1012.9,1013.3,70.69,277.94,704.18,32.0957,9.8168,369.4,39.8,1485.716, NAN, NAN, NAN, NAN,,2024/04/06 11:15:48.008,2024-04-06 11:15:48.008000+00:00
2024/04/06, 11:16:48.008,35.909,-75.236, 9.05,292.2,282.75,8.75,7.6,7.6,1010.8,1010.9,0.0,0.0,13.74,11.62,25,20,19.0,16.5,57.5,57.6,15.4,12.6,326.1,321.4,1012.9,1013.0,70.53,277.49,722.11,32.0825,9.8219,367.2,39.7,1485.719, NAN, NAN, NAN, NAN,,2024/04/06 11:16:48.008,2024-04-06 11:16:48.008000+00:00
2024/04/06, 11:17:48.008,35.91,-75.239, 8.82,293.6,286.66,9.14,7.6,7.7,1011.1,1011.3,0.0,0.0,13.74,11.62,26,20,17.2,16.9,59.2,58.9,13.4,12.8,330.2,322.7,1013.2,1013.4,75.53,277.22,757.59,32.0707,9.8189,363.0,39.8,1485.693, NAN, NAN, NAN, NAN,,2024/04/06 11:17:48.008,2024-04-06 11:17:48.008000+00:00
2024/04/06, 11:18:48.008,35.911,-75.242, 8.87,291.33,280.34,8.76,7.7,7.7,1010.7,1011.2,0.0,0.0,13.74,11.62,25,21,20.4,18.1,59.6,59.0,16.9,14.4,325.1,321.5,1012.8,1013.3,74.18,275.75,759.71,32.0571,9.8188,362.0,39.6,1485.676, NAN, NAN, NAN, NAN,,2024/04/06 11:18:48.008,2024-04-06 11:18:48.008000+00:00
2024/04/06, 11:19:48.008,35.911,-75.245, 8.64,294.6,287.67,9.07,7.7,7.7,1011.0,1011.0,0.0,0.0,13.74,11.62,25,21,18.3,17.0,57.1,57.2,14.6,13.1,329.5,325.4,1013.1,1013.1,37.6,274.94,551.16,32.0412,9.8178,355.3,39.6,1485.653, NAN, NAN, NAN, NAN,,2024/04/06 11:19:48.008,2024-04-06 11:19:48.008000+00:00
2024/04/06, 11:20:48.008,35.912,-75.248, 8.68,294.72,286.25,8.79,7.7,7.7,1010.9,1010.9,0.0,0.0,13.74,11.62,25,21,18.1,16.5,59.0,59.3,14.5,12.7,329.5,325.6,1013.0,1013.0,64.01,274.85,627.82,32.0213,9.8163,354.7,39.6,1485.624, NAN, NAN, NAN, NAN,,2024/04/06 11:20:48.008,2024-04-06 11:20:48.008000+00:00
2024/04/06, 11:21:48.008,35.913,-75.25, 8.66,295.99,286.96,8.82,7.7,7.7,1011.2,1010.8,0.0,0.0,13.74,11.62,26,21,20.0,17.8,57.5,57.5,16.4,14.0,330.7,325.8,1013.3,1012.9,26.42,272.93,230.54,32.0048,9.8237,356.3,39.7,1485.63, NAN, NAN, NAN, NAN,,2024/04/06 11:21:48.008,2024-04-06 11:21:48.008000+00:00
2024/04/06, 11:22:48.009,35.914,-75.253, 8.60,294.36,291.49,8.74,7.6,7.7,1010.8,1011.2,0.0,0.0,13.74,11.62,24,20,19.3,17.4,54.0,54.1,15.5,13.4,326.3,322.3,1012.9,1013.3,25.37,273.49,220.25,31.9787,9.8654,357.2,39.5,1485.75, NAN, NAN, NAN, NAN,,2024/04/06 11:22:48.009,2024-04-06 11:22:48.009000+00:00
2024/04/06, 11:23:48.009,35.915,-75.256, 7.69,295.32,291.87,8.92,7.6,7.6,1010.9,1011.1,0.0,0.0,13.74,11.62,24,18,19.5,17.0,58.1,57.8,15.6,12.9,327.2,320.9,1013.0,1013.2,27.2,273.33,235.84,31.9522,9.896,360.3,39.6,1485.829, NAN, NAN, NAN, NAN,,2024/04/06 11:23:48.009,2024-04-06 11:23:48.009000+00:00
2024/04/06, 11:24:48.009,35.916,-75.259, 8.66,295.35,289.95,8.96,7.6,7.6,1011.1,1011.3,0.0,0.0,13.74,11.62,25,20,19.2,17.4,53.8,53.8,15.5,13.4,329.4,324.2,1013.2,1013.4,80.2,274.77,565.54,31.9167,9.9248,360.6,39.6,1485.89, NAN, NAN, NAN, NAN,,2024/04/06 11:24:48.009,2024-04-06 11:24:48.009000+00:00
2024/04/06, 11:25:48.009,35.916,-75.262, 8.69,295.03,287.2,8.68,7.6,7.6,1011.2,1011.3,0.0,0.0,13.74,11.62,21,18,18.3,17.3,55.3,55.6,14.5,13.3,324.1,320.9,1013.3,1013.4,82.82,274.91,782.13,31.8835,9.9421,358.7,39.7,1485.913, NAN, NAN, NAN, NAN,,2024/04/06 11:25:48.009,2024-04-06 11:25:48.009000+00:00
2024/04/06, 11:26:48.009,35.917,-75.264, 8.45,294.94,290.42,8.98,7.6,7.6,1011.2,1011.3,0.0,0.0,13.74,11.62,27,19,20.1,17.4,56.6,56.7,16.5,13.4,331.0,322.7,1013.3,1013.4,103.9,275.51,950.33,31.8452,9.9406,356.0,39.7,1485.861, NAN, NAN, NAN, NAN,,2024/04/06 11:26:48.009,2024-04-06 11:26:48.009000+00:00
2024/04/06, 11:27:48.009,35.918,-75.267, 8.26,296.21,292.19,8.5,7.6,7.6,1011.2,1011.2,0.0,0.0,13.74,11.62,23,18,18.0,16.8,53.6,54.0,14.3,12.9,327.6,322.0,1013.3,1013.3,106.81,275.85,978.35,31.815,9.9237,345.6,39.5,1485.763, NAN, NAN, NAN, NAN,,2024/04/06 11:27:48.009,2024-04-06 11:27:48.009000+00:00
2024/04/06, 11:28:48.009,35.919,-75.27, 8.50,294.87,275.59,8.01,7.6,7.6,1011.0,1011.3,0.0,0.0,13.74,11.62,25,19,20.1,17.2,55.6,56.0,16.9,13.8,328.0,322.3,1013.1,1013.4,110.79,276.11,985.89,31.7782,9.9184,347.2,39.6,1485.699, NAN, NAN, NAN, NAN,,2024/04/06 11:28:48.009,2024-04-06 11:28:48.009000+00:00
2024/04/06, 11:29:48.009,35.919,-75.272, 8.30,295.87,289.32,8.48,7.6,7.6,1011.4,1011.5,0.0,0.0,13.74,11.62,22,17,19.5,18.1,56.3,56.3,15.7,14.1,325.0,319.4,1013.5,1013.6,118.95,275.42,1018.02,31.7547,9.9119,339.8,39.6,1485.647, NAN, NAN, NAN, NAN,,2024/04/06 11:29:48.009,2024-04-06 11:29:48.009000+00:00
2024/04/06, 11:30:48.009,35.92,-75.275, 8.35,294.21,290.83,8.31,7.6,7.6,1011.1,1011.4,0.0,0.0,13.74,11.62,26,20,19.9,17.6,55.0,55.5,16.3,13.8,327.6,321.3,1013.2,1013.5,117.9,274.44,1044.02,31.706,9.9143,346.5,39.7,1485.596, NAN, NAN, NAN, NAN,,2024/04/06 11:30:48.009,2024-04-06 11:30:48.009000+00:00
2024/04/06, 11:31:48.009,35.921,-75.278, 8.47,295.62,284.72,8.68,7.6,7.6,1011.2,1011.5,0.0,0.0,13.74,11.62,28,22,17.3,17.3,55.1,55.0,13.9,13.6,334.5,327.1,1013.3,1013.6,121.58,274.78,1053.49,31.6909,9.9254,344.3,39.6,1485.618, NAN, NAN, NAN, NAN,,2024/04/06 11:31:48.009,2024-04-06 11:31:48.009000+00:00
2024/04/06, 11:32:48.009,35.922,-75.281, 8.15,295.11,290.76,8.32,7.6,7.6,1011.3,1011.8,0.0,0.0,13.74,11.62,30,27,17.5,17.6,56.1,56.1,14.3,14.2,335.4,331.7,1013.4,1013.9,123.05,274.79,1076.48,31.666,9.9407,340.9,39.3,1485.643, NAN, NAN, NAN, NAN,,2024/04/06 11:32:48.009,2024-04-06 11:32:48.009000+00:00
2024/04/06, 11:33:48.009,35.923,-75.283, 8.65,293.18,292.77,8.28,7.5,7.6,1011.2,1011.5,0.0,0.0,13.74,11.62,26,20,16.3,14.8,52.6,51.9,12.7,11.0,328.3,321.7,1013.3,1013.6,127.91,278.24,1090.4,31.6375,9.9573,343.5,39.9,1485.669, NAN, NAN, NAN, NAN,,2024/04/06 11:33:48.009,2024-04-06 11:33:48.009000+00:00
2024/04/06, 11:34:48.009,35.923,-75.286, 7.98,296.55,280.75,8.06,7.6,7.6,1011.4,1011.2,0.0,0.0,13.74,11.62,32,24,16.5,16.4,57.4,58.1,13.6,13.1,340.0,330.5,1013.5,1013.3,132.37,275.78,1104.88,31.6647,9.967,338.2,39.1,1485.737, NAN, NAN, NAN, NAN,,2024/04/06 11:34:48.009,2024-04-06 11:34:48.009000+00:00
2024/04/06, 11:35:48.009,35.924,-75.289, 8.63,296.37,291.71,8.97,7.6,7.6,1011.5,1011.5,0.0,0.0,13.74,11.62,23,17,17.4,15.6,57.2,57.3,13.5,11.5,328.6,322.1,1013.6,1013.6,138.77,278.68,1128.62,31.6003,9.9784,343.2,39.8,1485.7, NAN, NAN, NAN, NAN,,2024/04/06 11:35:48.009,2024-04-06 11:35:48.009000+00:00
2024/04/06, 11:36:48.009,35.925,-75.291, 8.44,295.71,286.65,8.14,7.6,7.6,1011.5,1011.5,0.0,0.0,13.74,11.62,23,19,20.1,17.7,60.4,60.8,16.8,14.2,326.6,323.0,1013.6,1013.6,140.4,276.95,1150.02,31.5857,9.9757,344.1,39.8,1485.673, NAN, NAN, NAN, NAN,,2024/04/06 11:36:48.009,2024-04-06 11:36:48.009000+00:00
2024/04/06, 11:37:48.010,35.926,-75.294, 8.21,294.97,288.68,8.65,7.5,7.6,1011.2,1011.4,0.0,0.0,13.74,11.62,26,21,19.0,17.2,54.9,55.4,15.5,13.5,330.1,325.1,1013.3,1013.5,142.82,274.96,1157.42,31.5676,9.9682,333.1,40.4,1485.623, NAN, NAN, NAN, NAN,,2024/04/06 11:37:48.010,2024-04-06 11:37:48.010000+00:00
2024/04/06, 11:38:48.010,35.926,-75.297, 8.33,297.44,288.78,8.68,7.5,7.5,1011.3,1011.3,0.0,0.0,13.74,11.62,20,15,19.1,17.6,56.8,56.6,15.3,13.6,325.4,319.9,1013.4,1013.4,145.83,274.2,1180.66,31.5555,9.9503,334.8,40.3,1485.544, NAN, NAN, NAN, NAN,,2024/04/06 11:38:48.010,2024-04-06 11:38:48.010000+00:00
2024/04/06, 11:39:48.010,35.927,-75.299, 8.15,296.03,292.1,8.03,7.5,7.5,1011.0,1011.7,0.0,0.0,13.74,11.62,20,16,20.8,19.5,55.6,55.5,17.1,15.7,321.8,317.3,1013.1,1013.8,152.47,273.08,1192.35,31.5433,9.9289,327.0,40.2,1485.451, NAN, NAN, NAN, NAN,,2024/04/06 11:39:48.010,2024-04-06 11:39:48.010000+00:00
2024/04/06, 11:40:48.010,35.928,-75.302, 7.44,294.45,289.48,6.74,7.4,7.4,1011.3,1011.3,0.0,0.0,13.74,11.62,22,17,18.6,16.5,54.3,53.7,15.6,13.3,322.1,316.9,1013.4,1013.4,152.79,274.24,1205.73,31.5291,9.9125,327.3,40.6,1485.374, NAN, NAN, NAN, NAN,,2024/04/06 11:40:48.010,2024-04-06 11:40:48.010000+00:00
2024/04/06, 11:41:48.010,35.928,-75.303, 4.59,294.99,281.52,4.61,7.4,7.4,1011.8,1011.7,0.0,0.0,13.74,11.62,28,23,17.4,17.4,56.2,55.9,15.7,15.6,328.8,323.2,1013.9,1013.8,154.44,273.87,1213.78,31.523,9.9094,331.5,40.4,1485.356, NAN, NAN, NAN, NAN,,2024/04/06 11:41:48.010,2024-04-06 11:41:48.010000+00:00
2024/04/06, 11:42:48.010,35.929,-75.305, 4.13,294.2,270.64,4.65,7.4,7.4,1011.6,1011.3,0.0,0.0,13.74,11.62,28,21,17.6,16.4,54.2,54.5,16.0,14.6,328.4,321.1,1013.7,1013.4,156.76,274.69,1235.38,31.5155,9.9174,331.8,40.5,1485.376, NAN, NAN, NAN, NAN,,2024/04/06 11:42:48.010,2024-04-06 11:42:48.010000+00:00
2024/04/06, 11:43:48.010,35.929,-75.306, 4.81,297.83,295.92,5.03,7.3,7.4,1011.8,1011.8,0.0,0.0,13.74,11.62,31,22,16.3,15.9,54.9,54.7,14.4,13.8,335.5,325.5,1013.9,1013.9,166.55,276.4,1257.26,31.5168,9.9352,331.5,40.3,1485.442, NAN, NAN, NAN, NAN,,2024/04/06 11:43:48.010,2024-04-06 11:43:48.010000+00:00
2024/04/06, 11:44:48.010,35.929,-75.308, 4.91,297.59,277.16,5.27,7.4,7.4,1011.7,1011.8,0.0,0.0,13.74,11.62,29,22,17.2,16.3,60.0,59.8,15.4,14.3,333.8,326.4,1013.8,1013.9,169.35,278.12,1267.86,31.5266,9.9482,328.1,40.3,1485.501, NAN, NAN, NAN, NAN,,2024/04/06 11:44:48.010,2024-04-06 11:44:48.010000+00:00
2024/04/06, 11:45:48.010,35.93,-75.31, 4.77,298.18,287.66,5.07,7.4,7.4,1011.6,1011.6,0.0,0.0,13.74,11.62,28,22,18.7,16.6,55.6,55.8,16.7,14.5,331.7,325.7,1013.7,1013.7,178.21,280.69,1292.51,31.5291,9.9458,319.6,40.2,1485.495, NAN, NAN, NAN, NAN,,2024/04/06 11:45:48.010,2024-04-06 11:45:48.010000+00:00
2024/04/06, 11:46:48.010,35.93,-75.311, 4.60,300.02,290.0,4.31,7.4,7.4,1011.5,1011.9,0.0,0.0,13.74,11.62,30,26,13.8,15.3,57.2,57.0,12.3,13.6,337.0,331.8,1013.6,1014.0,185.28,283.89,1320.17,31.5212,9.9459,315.0,40.1,1485.486, NAN, NAN, NAN, NAN,,2024/04/06 11:46:48.010,2024-04-06 11:46:48.010000+00:00
2024/04/06, 11:47:48.010,35.93,-75.312, 2.64,324.75,307.04,2.99,7.4,7.4,1011.8,1011.9,0.0,0.0,13.74,11.62,19,9,16.0,13.9,56.8,56.3,14.8,12.6,347.4,337.0,1013.9,1014.0,64.42,286.5,543.65,31.5231,9.9385,315.3,40.4,1485.462, NAN, NAN, NAN, NAN,,2024/04/06 11:47:48.010,2024-04-06 11:47:48.010000+00:00
2024/04/06, 11:48:48.010,35.931,-75.313, 1.39,335.34,333.03,1.04,7.4,7.5,1011.9,1011.8,0.0,0.0,13.74,11.62,357,349,13.6,13.2,57.9,57.6,13.1,12.7,332.6,324.3,1014.0,1013.9,197.02,288.85,1393.48,31.5384,9.9279,310.2,2.3,1485.442, NAN, NAN, NAN, NAN,,2024/04/06 11:48:48.010,2024-04-06 11:48:48.010000+00:00
2024/04/06, 11:49:48.010,35.931,-75.313, 0.19,336.15,229.05,0.26,7.4,7.4,1012.1,1011.6,0.0,0.0,13.74,11.62,348,342,11.5,11.4,56.3,56.2,11.5,11.4,324.8,318.8,1014.2,1013.7,212.05,291.99,1402.72,31.5528,9.9351,305.9,0.0,1485.485, NAN, NAN, NAN, NAN,,2024/04/06 11:49:48.010,2024-04-06 11:49:48.010000+00:00
2024/04/06, 11:50:48.010,35.931,-75.313, 0.14,334.86,94.23,0.24,7.4,7.4,1011.9,1012.1,0.0,0.0,13.74,11.62,351,343,10.6,10.9,58.0,57.9,10.6,10.9,325.2,317.2,1014.0,1014.2,171.93,293.95,1148.72,31.5651,9.9438,305.2,0.0,1485.532, NAN, NAN, NAN, NAN,,2024/04/06 11:50:48.010,2024-04-06 11:50:48.010000+00:00
2024/04/06, 11:51:48.010,35.931,-75.313, 0.54,333.62,109.59,0.33,7.4,7.5,1011.9,1012.0,0.0,0.0,13.74,11.62,341,333,12.4,12.1,61.1,61.3,12.3,12.0,314.0,305.9,1014.0,1014.1,88.35,295.06,496.62,31.5688,9.9392,315.0,0.0,1485.52, NAN, NAN, NAN, NAN,,2024/04/06 11:51:48.010,2024-04-06 11:51:48.010000+00:00
2024/04/06, 11:52:48.011,35.931,-75.313, 0.42,330.54,10.17,0.45,7.4,7.5,1012.0,1012.1,0.0,0.0,13.74,11.62,339,333,10.6,11.6,63.4,63.2,10.5,11.5,308.4,302.4,1014.1,1014.2,255.72,304.03,1457.63,31.5825,9.9259,327.8,0.0,1485.488, NAN, NAN, NAN, NAN,,2024/04/06 11:52:48.011,2024-04-06 11:52:48.011000+00:00
2024/04/06, 11:53:48.011,35.931,-75.313, 1.21,329.67,289.8,0.82,7.4,7.5,1012.2,1012.1,0.0,0.0,13.74,11.62,348,340,11.4,11.9,64.0,64.2,11.0,11.5,317.8,309.5,1014.3,1014.2,254.74,304.42,1520.84,31.5838,9.9287,334.4,0.0,1485.5, NAN, NAN, NAN, NAN,,2024/04/06 11:53:48.011,2024-04-06 11:53:48.011000+00:00
2024/04/06, 11:54:48.011,35.931,-75.313, 1.19,329.15,334.17,0.54,7.4,7.4,1011.9,1011.9,0.0,0.0,13.74,11.62,349,341,12.0,11.1,59.4,59.5,11.7,10.8,317.9,309.7,1014.0,1014.0,240.16,295.21,1484.88,31.6235,9.9328,326.4,0.0,1485.563, NAN, NAN, NAN, NAN,,2024/04/06 11:54:48.011,2024-04-06 11:54:48.011000+00:00
2024/04/06, 11:55:48.011,35.931,-75.313, 0.26,330.57,342.98,0.46,7.4,7.4,1011.8,1011.8,0.0,0.0,13.74,11.62,356,350,14.2,12.9,58.9,58.7,14.0,12.8,325.9,319.7,1013.9,1013.9,232.96,283.51,1473.98,31.6058,9.9338,347.6,0.0,1485.545, NAN, NAN, NAN, NAN,,2024/04/06 11:55:48.011,2024-04-06 11:55:48.011000+00:00
2024/04/06, 11:56:48.011,35.931,-75.313, 0.13,330.11,51.28,0.28,7.3,7.4,1011.9,1011.8,0.0,0.0,13.74,11.62,356,349,13.0,12.6,56.3,56.7,13.0,12.6,325.5,318.5,1014.0,1013.9,225.71,277.39,1461.03,31.5675,9.9345,391.2,0.1,1485.501, NAN, NAN, NAN, NAN,,2024/04/06 11:56:48.011,2024-04-06 11:56:48.011000+00:00
2024/04/06, 11:57:48.011,35.931,-75.313, 0.01,329.6,118.05,0.27,7.2,7.3,1011.8,1011.9,0.0,0.0,13.74,11.62,356,351,12.0,11.5,54.4,53.9,12.1,11.6,325.1,320.1,1013.9,1014.0,222.52,275.31,1461.96,31.577,9.9366,335.5,0.1,1485.52, NAN, NAN, NAN, NAN,,2024/04/06 11:57:48.011,2024-04-06 11:57:48.011000+00:00
2024/04/06, 11:58:48.011,35.931,-75.313, 0.23,328.95,34.97,0.26,7.2,7.2,1011.9,1012.1,0.0,0.0,13.74,11.62,354,347,11.2,11.8,54.9,54.8,11.1,11.7,322.4,315.4,1014.0,1014.2,226.13,274.79,1462.61,31.5809,9.9379,329.1,0.0,1485.53, NAN, NAN, NAN, NAN,,2024/04/06 11:58:48.011,2024-04-06 11:58:48.011000+00:00
2024/04/06, 11:59:48.011,35.931,-75.313, -0.03,330.87,182.23,0.21,7.2,7.2,1011.9,1011.8,0.0,0.0,13.74,11.62,354,347,12.2,11.5,54.9,55.1,12.3,11.5,325.3,318.4,1014.0,1013.9,216.62,274.47,1381.77,31.5828,9.938,326.0,0.0,1485.532, NAN, NAN, NAN, NAN,,2024/04/06 11:59:48.011,2024-04-06 11:59:48.011000+00:00
2024/04/06, 12:00:48.011,35.932,-75.313, 0.08,329.74,123.62,0.53,7.1,7.2,1012.0,1011.8,0.0,0.0,13.74,11.62,354,346,10.0,9.5,57.1,56.8,10.3,9.7,324.2,316.4,1014.1,1013.9,234.67,276.17,1489.12,31.5772,9.938,331.5,0.0,1485.526, NAN, NAN, NAN, NAN,,2024/04/06 12:00:48.011,2024-04-06 12:00:48.011000+00:00
2024/04/06, 12:01:48.011,35.932,-75.313, 0.01,328.95,260.44,0.25,7.2,7.2,1011.9,1011.7,0.0,0.0,13.74,11.62,356,349,11.8,10.5,60.0,60.0,11.7,10.4,325.5,318.5,1014.0,1013.8,248.59,276.32,1520.94,31.5827,9.9353,338.8,10.4,1485.522, NAN, NAN, NAN, NAN,,2024/04/06 12:01:48.011,2024-04-06 12:01:48.011000+00:00
2024/04/06, 12:02:48.011,35.932,-75.313, 0.03,329.73,313.64,0.23,7.3,7.3,1011.8,1011.9,0.0,0.0,13.74,11.62,352,346,11.2,9.8,61.6,62.3,11.1,9.7,321.9,315.8,1013.9,1014.0,250.74,277.6,1532.61,31.5842,9.9338,330.7,40.0,1485.519, NAN, NAN, NAN, NAN,,2024/04/06 12:02:48.011,2024-04-06 12:02:48.011000+00:00
2024/04/06, 12:03:48.011,35.931,-75.313, 0.15,329.07,173.66,0.11,7.3,7.4,1012.0,1011.9,0.0,0.0,13.74,11.62,351,343,10.2,10.1,62.9,62.8,10.3,10.2,320.1,312.2,1014.1,1014.0,161.93,276.98,496.34,31.5935,9.9326,341.9,39.8,1485.526, NAN, NAN, NAN, NAN,,2024/04/06 12:03:48.011,2024-04-06 12:03:48.011000+00:00
2024/04/06, 12:04:48.011,35.931,-75.313, 0.00,328.14,117.75,0.27,7.4,7.4,1011.6,1011.9,0.0,0.0,13.74,11.62,0,351,11.7,9.4,61.6,62.1,11.8,9.5,327.9,318.9,1013.7,1014.0,256.91,281.46,1563.5,31.5912,9.9308,339.2,39.7,1485.516, NAN, NAN, NAN, NAN,,2024/04/06 12:04:48.011,2024-04-06 12:04:48.011000+00:00
2024/04/06, 12:05:48.011,35.932,-75.313, 0.17,330.4,336.32,0.06,7.4,7.4,1011.6,1011.9,0.0,0.0,13.74,11.62,354,344,11.6,11.1,60.1,60.6,11.6,11.1,324.5,314.6,1013.7,1014.0,278.86,283.6,1589.69,31.5935,9.9318,332.4,40.3,1485.523, NAN, NAN, NAN, NAN,,2024/04/06 12:05:48.011,2024-04-06 12:05:48.011000+00:00
2024/04/06, 12:06:48.011,35.931,-75.313, -0.12,327.89,204.46,0.48,7.3,7.3,1012.0,1011.9,0.0,0.0,13.74,11.62,357,349,12.3,10.9,58.3,58.1,12.4,11.0,325.9,318.1,1014.1,1014.0,289.2,286.29,1611.88,31.5944,9.9287,330.0,39.8,1485.513, NAN, NAN, NAN, NAN,,2024/04/06 12:06:48.011,2024-04-06 12:06:48.011000+00:00
2024/04/06, 12:07:48.011,35.931,-75.313, 0.22,331.72,340.84,0.5,7.2,7.3,1011.9,1011.9,0.0,0.0,13.74,11.62,354,349,13.8,13.1,57.5,57.2,13.5,12.8,326.0,320.9,1014.0,1014.0,284.38,284.15,1603.99,31.594,9.9297,334.8,40.2,1485.516, NAN, NAN, NAN, NAN,,2024/04/06 12:07:48.011,2024-04-06 12:07:48.011000+00:00
2024/04/06, 12:08:48.012,35.931,-75.313, 0.35,331.75,219.08,0.08,7.2,7.2,1011.8,1011.9,0.0,0.0,13.74,11.62,354,349,13.0,12.8,57.4,57.3,13.0,12.8,325.9,320.9,1013.9,1014.0,282.94,280.3,1618.92,31.5976,9.9319,337.9,40.0,1485.528, NAN, NAN, NAN, NAN,,2024/04/06 12:08:48.012,2024-04-06 12:08:48.012000+00:00
2024/04/06, 12:09:48.012,35.931,-75.313, -0.01,331.17,201.0,0.16,7.2,7.2,1011.8,1011.9,0.0,0.0,13.74,11.62,0,352,11.4,11.0,56.1,56.1,11.4,11.0,331.5,323.6,1013.9,1014.0,279.78,277.56,1599.76,31.601,9.9341,337.4,39.8,1485.54, NAN, NAN, NAN, NAN,,2024/04/06 12:09:48.012,2024-04-06 12:09:48.012000+00:00
2024/04/06, 12:10:48.012,35.932,-75.313, 0.07,328.79,96.08,0.42,7.2,7.3,1012.0,1011.9,0.0,0.0,13.74,11.62,349,345,10.5,11.7,59.4,59.0,10.6,11.8,316.9,313.0,1014.1,1014.0,274.11,275.64,1588.5,31.5954,9.9342,337.4,39.9,1485.534, NAN, NAN, NAN, NAN,,2024/04/06 12:10:48.012,2024-04-06 12:10:48.012000+00:00
2024/04/06, 12:11:48.012,35.932,-75.313, 0.10,329.11,120.16,0.19,7.2,7.3,1011.9,1011.9,0.0,0.0,13.74,11.62,356,352,12.5,11.5,60.1,59.4,12.6,11.6,324.8,320.8,1014.0,1014.0,274.68,275.52,1582.13,31.5974,9.9344,334.0,39.8,1485.537, NAN, NAN, NAN, NAN,,2024/04/06 12:11:48.012,2024-04-06 12:11:48.012000+00:00
2024/04/06, 12:12:48.012,35.932,-75.313, -0.02,329.89,287.19,0.11,7.2,7.3,1011.9,1011.9,0.0,0.0,13.74,11.62,358,350,11.2,10.1,57.2,57.6,11.2,10.1,328.2,320.2,1014.0,1014.0,276.33,275.87,1584.84,31.5993,9.9329,332.8,40.1,1485.534, NAN, NAN, NAN, NAN,,2024/04/06 12:12:48.012,2024-04-06 12:12:48.012000+00:00
2024/04/06, 12:13:48.012,35.932,-75.313, 0.06,328.6,128.8,0.34,7.2,7.3,1012.0,1011.9,0.0,0.0,13.74,11.62,2,352,12.8,11.9,57.4,56.9,13.0,12.1,330.3,320.4,1014.1,1014.0,279.34,275.77,1593.57,31.596,9.9314,330.0,39.9,1485.524, NAN, NAN, NAN, NAN,,2024/04/06 12:13:48.012,2024-04-06 12:13:48.012000+00:00
2024/04/06, 12:14:48.012,35.932,-75.313, 0.19,329.37,324.67,0.18,7.1,7.2,1012.1,1012.0,0.0,0.0,13.74,11.62,357,346,11.1,11.4,56.7,56.5,11.0,11.3,326.2,315.1,1014.2,1014.1,284.11,279.06,1604.22,31.5965,9.9305,324.3,40.1,1485.522, NAN, NAN, NAN, NAN,,2024/04/06 12:14:48.012,2024-04-06 12:14:48.012000+00:00
2024/04/06, 12:15:48.012,35.931,-75.313, 0.12,328.12,299.98,0.39,7.2,7.3,1011.9,1012.2,0.0,0.0,13.74,11.62,2,357,11.6,12.2,62.5,62.6,11.4,12.0,330.8,325.7,1014.0,1014.3,290.4,279.78,1612.64,31.5994,9.9326,325.7,39.7,1485.533, NAN, NAN, NAN, NAN,,2024/04/06 12:15:48.012,2024-04-06 12:15:48.012000+00:00
2024/04/06, 12:16:48.012,35.931,-75.313, -0.16,329.23,96.19,0.19,7.2,7.3,1011.9,1012.1,0.0,0.0,13.74,11.62,0,354,12.9,11.9,57.8,57.6,13.0,12.0,328.9,322.9,1014.0,1014.2,292.19,280.13,1625.85,31.5994,9.9317,324.4,40.1,1485.53, NAN, NAN, NAN, NAN,,2024/04/06 12:16:48.012,2024-04-06 12:16:48.012000+00:00
2024/04/06, 12:17:48.012,35.931,-75.313, 0.16,329.75,269.67,0.76,7.2,7.3,1012.0,1012.0,0.0,0.0,13.74,11.62,1,355,9.8,11.3,57.1,57.3,9.7,11.1,332.9,326.5,1014.1,1014.1,303.22,280.26,1631.12,31.6019,9.9297,326.0,40.3,1485.525, NAN, NAN, NAN, NAN,,2024/04/06 12:17:48.012,2024-04-06 12:17:48.012000+00:00
2024/04/06, 12:18:48.012,35.931,-75.313, 0.20,331.97,256.86,0.76,7.2,7.3,1011.9,1012.0,0.0,0.0,13.74,11.62,9,0,12.4,11.4,57.0,57.1,12.3,11.3,342.7,333.8,1014.0,1014.1,300.0,279.22,1593.16,31.602,9.929,329.1,40.0,1485.523, NAN, NAN, NAN, NAN,,2024/04/06 12:18:48.012,2024-04-06 12:18:48.012000+00:00
2024/04/06, 12:19:48.012,35.931,-75.313, -0.03,331.93,33.63,0.22,7.2,7.2,1011.9,1011.9,0.0,0.0,13.74,11.62,3,355,12.8,11.6,57.6,57.7,12.7,11.5,335.1,327.1,1014.0,1014.0,307.9,277.36,1646.88,31.6056,9.9256,333.4,40.4,1485.515, NAN, NAN, NAN, NAN,,2024/04/06 12:19:48.012,2024-04-06 12:19:48.012000+00:00
2024/04/06, 12:20:48.012,35.931,-75.313, 0.17,332.09,156.1,0.24,7.2,7.2,1012.2,1011.7,0.0,0.0,13.74,11.62,357,354,10.9,10.7,58.7,58.4,10.8,10.6,329.4,326.4,1014.3,1013.8,304.34,276.59,1641.95,31.6119,9.9276,343.5,39.6,1485.53, NAN, NAN, NAN, NAN,,2024/04/06 12:20:48.012,2024-04-06 12:20:48.012000+00:00
2024/04/06, 12:21:48.012,35.931,-75.313, 0.27,333.15,306.66,0.32,7.2,7.3,1011.9,1012.1,0.0,0.0,13.74,11.62,356,347,10.2,10.3,59.6,59.5,10.1,10.2,329.9,320.9,1014.0,1014.2,308.57,276.74,1652.87,31.6094,9.9268,341.9,40.0,1485.524, NAN, NAN, NAN, NAN,,2024/04/06 12:21:48.012,2024-04-06 12:21:48.012000+00:00
2024/04/06, 12:22:48.012,35.931,-75.313, 0.24,333.53,339.37,0.5,7.2,7.3,1011.9,1012.0,0.0,0.0,13.74,11.62,350,343,11.6,11.1,60.2,60.1,11.3,10.9,323.3,316.2,1014.0,1014.1,316.57,276.12,1658.28,31.6083,9.9286,336.8,40.0,1485.529, NAN, NAN, NAN, NAN,,2024/04/06 12:22:48.012,2024-04-06 12:22:48.012000+00:00
2024/04/06, 12:23:48.012,35.931,-75.313, 0.06,332.73,32.49,0.41,7.1,7.2,1012.0,1012.1,0.0,0.0,13.74,11.62,355,346,10.3,11.3,57.2,57.2,10.1,11.1,327.1,318.0,1014.1,1014.2,316.14,276.37,1665.02,31.6159,9.9299,342.8,39.6,1485.543, NAN, NAN, NAN, NAN,,2024/04/06 12:23:48.012,2024-04-06 12:23:48.012000+00:00
2024/04/06, 12:24:48.013,35.931,-75.313, -0.21,331.26,248.67,0.1,7.1,7.2,1012.0,1012.3,0.0,0.0,13.74,11.62,359,353,10.8,10.4,58.0,58.3,10.8,10.4,330.5,324.5,1014.1,1014.4,318.2,276.88,1664.05,31.6141,9.9291,338.8,39.7,1485.538, NAN, NAN, NAN, NAN,,2024/04/06 12:24:48.013,2024-04-06 12:24:48.013000+00:00
2024/04/06, 12:25:48.013,35.931,-75.313, 0.07,330.53,350.15,0.4,7.1,7.2,1012.1,1012.1,0.0,0.0,13.74,11.62,354,345,10.6,10.4,58.2,58.4,10.5,10.3,323.5,314.4,1014.2,1014.2,325.5,277.38,1657.4,31.6112,9.928,331.0,39.7,1485.531, NAN, NAN, NAN, NAN,,2024/04/06 12:25:48.013,2024-04-06 12:25:48.013000+00:00
2024/04/06, 12:26:48.013,35.931,-75.313, 0.26,332.13,346.03,0.18,7.1,7.2,1012.1,1012.2,0.0,0.0,13.74,11.62,358,353,13.0,12.3,59.4,59.3,13.0,12.3,329.7,324.7,1014.2,1014.3,324.36,276.89,1673.53,31.6144,9.9313,320.0,39.5,1485.546, NAN, NAN, NAN, NAN,,2024/04/06 12:26:48.013,2024-04-06 12:26:48.013000+00:00
2024/04/06, 12:27:48.013,35.931,-75.313, 0.24,332.81,77.77,0.36,7.2,7.2,1012.2,1012.0,0.0,0.0,13.74,11.62,1,353,12.3,12.2,59.6,59.4,12.3,12.3,333.0,325.0,1014.3,1014.1,332.48,277.18,1666.68,31.6126,9.9308,312.3,39.8,1485.542, NAN, NAN, NAN, NAN,,2024/04/06 12:27:48.013,2024-04-06 12:27:48.013000+00:00
2024/04/06, 12:28:48.013,35.931,-75.313, -0.13,333.36,205.81,0.2,7.2,7.2,1011.9,1012.2,0.0,0.0,13.74,11.62,355,349,11.7,11.4,59.7,58.2,11.8,11.5,328.6,322.7,1014.0,1014.3,338.82,277.41,1681.64,31.6136,9.9301,317.9,39.6,1485.541, NAN, NAN, NAN, NAN,,2024/04/06 12:28:48.013,2024-04-06 12:28:48.013000+00:00
2024/04/06, 12:29:48.013,35.931,-75.313, 0.09,334.9,158.43,0.37,7.2,7.2,1012.1,1012.2,0.0,0.0,13.74,11.62,348,340,12.0,11.6,59.6,59.6,12.2,11.8,323.0,315.2,1014.2,1014.3,340.52,277.18,1693.95,31.6157,9.9288,318.4,39.6,1485.539, NAN, NAN, NAN, NAN,,2024/04/06 12:29:48.013,2024-04-06 12:29:48.013000+00:00
2024/04/06, 12:30:48.013,35.931,-75.313, 0.09,330.75,96.55,0.31,7.2,7.2,1012.2,1012.0,0.0,0.0,13.74,11.62,358,354,10.6,10.8,59.5,59.5,10.6,10.8,327.9,323.9,1014.3,1014.1,335.92,277.42,1682.99,31.6159,9.9304,321.4,39.4,1485.545, NAN, NAN, NAN, NAN,,2024/04/06 12:30:48.013,2024-04-06 12:30:48.013000+00:00
2024/04/06, 12:31:48.013,35.932,-75.313, 0.09,335.06,351.37,0.3,7.2,7.2,1011.9,1012.2,0.0,0.0,13.74,11.62,348,347,11.3,12.4,61.1,60.6,11.1,12.2,323.0,322.0,1014.0,1014.3,354.68,278.46,1697.76,31.616,9.9304,328.1,39.9,1485.545, NAN, NAN, NAN, NAN,,2024/04/06 12:31:48.013,2024-04-06 12:31:48.013000+00:00
2024/04/06, 12:32:48.013,35.931,-75.313, -0.03,333.19,321.63,0.02,7.2,7.3,1012.2,1012.0,0.0,0.0,13.74,11.62,358,352,11.3,10.2,59.4,59.7,11.3,10.2,331.1,325.1,1014.3,1014.1,352.85,277.91,1706.98,31.6184,9.9344,332.8,39.5,1485.563, NAN, NAN, NAN, NAN,,2024/04/06 12:32:48.013,2024-04-06 12:32:48.013000+00:00
2024/04/06, 12:33:48.013,35.931,-75.313, 0.17,332.07,164.71,0.35,7.2,7.3,1012.2,1012.2,0.0,0.0,13.74,11.62,357,354,11.4,11.2,62.1,62.2,11.6,11.4,329.3,326.4,1014.3,1014.3,357.5,278.12,1715.53,31.6183,9.9348,336.8,39.6,1485.564, NAN, NAN, NAN, NAN,,2024/04/06 12:33:48.013,2024-04-06 12:33:48.013000+00:00
2024/04/06, 12:34:48.013,35.931,-75.313, -0.04,331.28,187.79,0.19,7.2,7.3,1011.9,1012.2,0.0,0.0,13.74,11.62,3,357,11.6,11.3,60.3,60.1,11.7,11.4,334.2,328.3,1014.0,1014.3,358.91,277.98,1717.73,31.6198,9.9353,337.1,39.6,1485.568, NAN, NAN, NAN, NAN,,2024/04/06 12:34:48.013,2024-04-06 12:34:48.013000+00:00
2024/04/06, 12:35:48.013,35.931,-75.313, 0.25,330.72,137.17,0.77,7.2,7.2,1012.2,1012.0,0.0,0.0,13.74,11.62,2,354,11.6,10.3,58.7,58.5,12.0,10.7,333.0,325.4,1014.3,1014.1,357.44,278.81,1721.82,31.6209,9.9338,337.1,39.7,1485.563, NAN, NAN, NAN, NAN,,2024/04/06 12:35:48.013,2024-04-06 12:35:48.013000+00:00
2024/04/06, 12:36:48.013,35.931,-75.313, -0.47,333.99,210.54,0.36,7.2,7.2,1012.2,1012.3,0.0,0.0,13.74,11.62,356,349,10.2,11.2,63.0,62.5,10.4,11.3,330.5,323.6,1014.3,1014.4,362.17,278.84,1733.65,31.621,9.9362,337.9,39.3,1485.572, NAN, NAN, NAN, NAN,,2024/04/06 12:36:48.013,2024-04-06 12:36:48.013000+00:00
2024/04/06, 12:37:48.013,35.931,-75.313, -0.17,333.54,203.89,0.72,7.2,7.3,1011.9,1012.2,0.0,0.0,13.74,11.62,358,352,10.9,10.0,61.1,61.4,11.0,10.1,333.4,327.6,1014.0,1014.3,375.93,278.79,1745.19,31.6197,9.9365,331.0,39.9,1485.572, NAN, NAN, NAN, NAN,,2024/04/06 12:37:48.013,2024-04-06 12:37:48.013000+00:00
2024/04/06, 12:38:48.013,35.931,-75.313, -0.32,334.39,184.53,0.57,7.3,7.3,1012.1,1011.9,0.0,0.0,13.74,11.62,345,338,12.0,12.1,60.6,60.3,12.3,12.3,320.1,313.2,1014.2,1014.0,378.4,277.93,1757.46,31.6192,9.9367,329.4,39.8,1485.572, NAN, NAN, NAN, NAN,,2024/04/06 12:38:48.013,2024-04-06 12:38:48.013000+00:00
2024/04/06, 12:39:48.013,35.931,-75.313, -0.34,332.02,161.33,0.44,7.1,7.2,1012.0,1012.1,0.0,0.0,13.74,11.62,343,339,10.5,10.9,56.5,56.8,10.7,11.1,315.7,311.7,1014.1,1014.2,388.08,278.72,1772.38,31.6182,9.9354,327.3,40.2,1485.566, NAN, NAN, NAN, NAN,,2024/04/06 12:39:48.013,2024-04-06 12:39:48.013000+00:00
2024/04/06, 12:40:48.013,35.931,-75.313, -0.61,332.84,217.49,0.55,7.1,7.2,1012.2,1012.0,0.0,0.0,13.74,11.62,348,343,10.9,10.9,58.2,58.4,11.1,11.0,322.0,317.1,1014.3,1014.1,396.52,278.9,1788.07,31.624,9.9347,337.9,39.7,1485.57, NAN, NAN, NAN, NAN,,2024/04/06 12:40:48.013,2024-04-06 12:40:48.013000+00:00
2024/04/06, 12:41:48.014,35.931,-75.313, -0.48,332.28,130.75,0.5,7.2,7.2,1012.2,1012.2,0.0,0.0,13.74,11.62,344,337,11.9,12.1,61.1,60.7,12.1,12.3,316.7,309.9,1014.3,1014.3,131.47,274.69,1146.48,31.6219,9.934,345.2,40.0,1485.565, NAN, NAN, NAN, NAN,,2024/04/06 12:41:48.014,2024-04-06 12:41:48.014000+00:00
2024/04/06, 12:42:48.014,35.93,-75.313, -0.53,332.45,136.15,0.72,7.2,7.2,1012.1,1011.9,0.0,0.0,13.74,11.62,344,340,11.0,11.3,56.8,57.0,11.4,11.7,316.5,312.6,1014.2,1014.0,72.54,273.49,459.04,31.6217,9.9247,336.4,39.9,1485.531, NAN, NAN, NAN, NAN,,2024/04/06 12:42:48.014,2024-04-06 12:42:48.014000+00:00
2024/04/06, 12:43:48.014,35.93,-75.313, -0.60,331.61,243.61,0.77,7.1,7.2,1012.0,1012.1,0.0,0.0,13.74,11.62,343,340,11.3,11.7,59.2,59.0,11.5,11.9,316.4,313.4,1014.1,1014.2,400.25,278.14,1802.41,31.625,9.9166,342.5,39.7,1485.506, NAN, NAN, NAN, NAN,,2024/04/06 12:43:48.014,2024-04-06 12:43:48.014000+00:00
2024/04/06, 12:44:48.014,35.93,-75.313, 0.20,331.77,145.78,0.1,7.2,7.2,1011.9,1012.0,0.0,0.0,13.74,11.62,350,345,11.6,10.3,60.6,60.3,11.6,10.3,321.5,316.5,1014.0,1014.1,400.89,279.21,1800.7,31.6226,9.925,340.9,39.7,1485.534, NAN, NAN, NAN, NAN,,2024/04/06 12:44:48.014,2024-04-06 12:44:48.014000+00:00
2024/04/06, 12:45:48.014,35.93,-75.313, 0.02,331.66,195.03,0.23,7.3,7.3,1012.2,1012.0,0.0,0.0,13.74,11.62,353,347,10.3,9.7,62.3,62.6,10.2,9.6,325.2,319.2,1014.3,1014.1,402.44,278.87,1804.02,31.6251,9.9282,344.1,39.8,1485.548, NAN, NAN, NAN, NAN,,2024/04/06 12:45:48.014,2024-04-06 12:45:48.014000+00:00
2024/04/06, 12:46:48.014,35.93,-75.313, -0.01,332.56,335.12,0.15,7.3,7.4,1011.9,1012.1,0.0,0.0,13.74,11.62,354,340,12.8,12.1,63.1,63.5,12.9,12.2,326.5,312.5,1014.0,1014.2,406.39,277.8,1814.62,31.6252,9.9315,345.9,39.5,1485.56, NAN, NAN, NAN, NAN,,2024/04/06 12:46:48.014,2024-04-06 12:46:48.014000+00:00
2024/04/06, 12:47:48.014,35.93,-75.313, 0.26,333.76,319.87,0.16,7.2,7.3,1011.9,1012.0,0.0,0.0,13.74,11.62,348,340,11.9,11.6,57.8,57.9,11.9,11.6,321.4,313.4,1014.0,1014.1,412.46,277.91,1831.31,31.6259,9.934,342.8,39.2,1485.57, NAN, NAN, NAN, NAN,,2024/04/06 12:47:48.014,2024-04-06 12:47:48.014000+00:00
2024/04/06, 12:48:48.014,35.93,-75.313, -0.26,334.09,178.25,0.42,7.2,7.2,1012.1,1012.0,0.0,0.0,13.74,11.62,348,342,11.7,12.7,57.8,57.9,11.9,12.9,322.0,316.1,1014.2,1014.1,417.77,277.78,1840.87,31.626,9.9343,339.8,39.3,1485.571, NAN, NAN, NAN, NAN,,2024/04/06 12:48:48.014,2024-04-06 12:48:48.014000+00:00
2024/04/06, 12:49:48.014,35.93,-75.313, 0.22,333.7,278.36,0.35,7.2,7.2,1012.0,1012.2,0.0,0.0,13.74,11.62,348,339,12.8,12.9,57.4,57.3,12.7,12.8,322.4,313.3,1014.1,1014.3,423.64,277.5,1839.53,31.6299,9.9333,336.4,39.8,1485.573, NAN, NAN, NAN, NAN,,2024/04/06 12:49:48.014,2024-04-06 12:49:48.014000+00:00
2024/04/06, 12:50:48.014,35.93,-75.313, 0.19,330.41,158.56,0.19,7.1,7.2,1011.9,1012.2,0.0,0.0,13.74,11.62,347,338,11.4,11.5,57.8,58.1,11.3,11.4,317.7,308.7,1014.0,1014.3,428.73,277.86,1844.34,31.6271,9.9348,334.5,39.0,1485.575, NAN, NAN, NAN, NAN,,2024/04/06 12:50:48.014,2024-04-06 12:50:48.014000+00:00
2024/04/06, 12:51:48.014,35.93,-75.313, NAN,330.59,285.97,0.57,7.2,7.2,1012.0,1012.0,0.0,0.0,13.74,11.62,348,340,11.9,12.2,59.1,59.3,11.7,11.9,319.4,311.2,1014.1,1014.1,431.0,277.42,1848.69,31.6338,9.9363,324.4,39.4,1485.588, NAN, NAN, NAN, NAN,,2024/04/06 12:51:48.014,2024-04-06 12:51:48.014000+00:00
2024/04/06, 12:52:48.014,35.93,-75.313, NAN,333.62,324.55,0.22,7.1,7.2,1012.1,1012.0,0.0,0.0,13.74,11.62,352,343,12.5,12.4,58.2,58.2,12.4,12.3,325.7,316.6,1014.2,1014.1,431.59,277.8,1850.77,31.6279,9.937,330.4,40.1,1485.584, NAN, NAN, NAN, NAN,,2024/04/06 12:52:48.014,2024-04-06 12:52:48.014000+00:00
2024/04/06, 12:53:48.014,35.93,-75.313, NAN,333.77,0.37,0.3,7.2,7.2,1012.0,1011.9,0.0,0.0,13.74,11.62,350,344,11.6,11.4,59.1,59.4,11.4,11.3,323.6,317.5,1014.1,1014.0,437.95,277.56,1853.69,31.6289,9.9395,339.8,40.4,1485.594, NAN, NAN, NAN, NAN,,2024/04/06 12:53:48.014,2024-04-06 12:53:48.014000+00:00
2024/04/06, 12:54:48.014,35.93,-75.313, NAN,332.14,49.48,0.3,7.2,7.2,1012.0,1011.9,0.0,0.0,13.74,11.62,354,348,11.6,10.8,59.6,59.9,11.7,10.9,325.7,319.7,1014.1,1014.0,432.75,276.98,1850.15,31.6291,9.9417,333.7,40.0,1485.602, NAN, NAN, NAN, NAN,,2024/04/06 12:54:48.014,2024-04-06 12:54:48.014000+00:00
2024/04/06, 12:55:48.014,35.93,-75.313, NAN,332.93,144.93,0.35,7.1,7.2,1011.9,1011.9,0.0,0.0,13.74,11.62,348,343,11.8,12.0,57.3,57.4,12.0,12.2,320.9,316.0,1014.0,1014.0,440.87,276.97,1869.45,31.627,9.9429,328.1,40.2,1485.604, NAN, NAN, NAN, NAN,,2024/04/06 12:55:48.014,2024-04-06 12:55:48.014000+00:00
2024/04/06, 12:56:48.014,35.93,-75.313, NAN,332.95,293.28,0.49,7.1,7.2,1011.9,1012.0,0.0,0.0,13.74,11.62,348,341,13.0,12.5,57.4,58.7,12.8,12.3,321.6,314.5,1014.0,1014.1,446.37,277.15,1869.75,31.63,9.9439,324.8,40.1,1485.611, NAN, NAN, NAN, NAN,,2024/04/06 12:56:48.014,2024-04-06 12:56:48.014000+00:00
2024/04/06, 12:57:48.014,35.93,-75.313, NAN,331.55,320.57,0.2,7.1,7.2,1011.9,1011.9,0.0,0.0,13.74,11.62,351,346,12.9,12.4,58.2,58.3,12.8,12.3,322.5,317.5,1014.0,1014.0,458.57,276.98,1840.91,31.6286,9.9449,325.7,40.5,1485.613, NAN, NAN, NAN, NAN,,2024/04/06 12:57:48.014,2024-04-06 12:57:48.014000+00:00
2024/04/06, 12:58:48.015,35.93,-75.313, NAN,332.75,321.42,0.47,7.1,7.2,1011.9,1011.9,0.0,0.0,13.74,11.62,354,345,12.3,11.6,57.6,57.4,12.1,11.4,326.6,317.4,1014.0,1014.0,459.59,278.22,1894.57,31.63,9.9468,320.0,40.6,1485.622, NAN, NAN, NAN, NAN,,2024/04/06 12:58:48.015,2024-04-06 12:58:48.015000+00:00
2024/04/06, 12:59:48.015,35.93,-75.313, NAN,331.85,346.31,1.04,7.2,7.2,1011.9,1012.1,0.0,0.0,13.74,11.62,357,347,11.7,11.1,58.3,58.3,11.2,10.6,328.8,318.3,1014.0,1014.2,456.17,278.24,1892.36,31.6284,9.9454,317.2,40.7,1485.615, NAN, NAN, NAN, NAN,,2024/04/06 12:59:48.015,2024-04-06 12:59:48.015000+00:00
2024/04/06, 13:00:48.015,35.931,-75.313, NAN,5.41,18.33,2.71,7.2,7.2,1012.2,1011.9,0.0,0.0,13.74,11.62,329,320,11.7,14.7,59.1,59.7,10.7,13.9,329.2,320.8,1014.3,1014.0,454.81,278.58,1915.91,31.633,9.9466,324.0,40.8,1485.625, NAN, NAN, NAN, NAN,,2024/04/06 13:00:48.015,2024-04-06 13:00:48.015000+00:00
2024/04/06, 13:01:48.015,35.931,-75.313, NAN,7.44,27.54,4.3,7.2,7.2,1012.4,1012.0,0.0,0.0,13.74,11.62,323,318,11.7,15.3,58.9,59.0,10.7,14.5,320.3,317.5,1014.5,1014.1,462.25,279.58,1933.16,31.6353,9.9462,327.6,40.8,1485.626, NAN, NAN, NAN, NAN,,2024/04/06 13:01:48.015,2024-04-06 13:01:48.015000+00:00
2024/04/06, 13:02:48.015,35.932,-75.312, NAN,4.25,20.19,4.08,7.2,7.2,1012.3,1011.9,0.0,0.0,13.74,11.62,327,323,12.3,15.5,58.6,58.3,11.1,14.4,322.9,320.5,1014.4,1014.0,473.22,280.38,1930.34,31.6375,9.9439,322.7,39.9,1485.62, NAN, NAN, NAN, NAN,,2024/04/06 13:02:48.015,2024-04-06 13:02:48.015000+00:00
2024/04/06, 13:03:48.015,35.934,-75.312, NAN,3.31,10.17,4.7,7.2,7.3,1012.3,1012.0,0.0,0.0,13.74,11.62,330,324,12.7,15.9,60.8,60.8,11.0,14.4,325.0,320.2,1014.4,1014.1,471.99,278.62,1929.98,31.6364,9.9386,314.7,40.5,1485.6, NAN, NAN, NAN, NAN,,2024/04/06 13:03:48.015,2024-04-06 13:03:48.015000+00:00
2024/04/06, 13:04:48.015,35.934,-75.311, NAN,5.55,39.03,2.87,7.2,7.3,1011.9,1012.2,0.0,0.0,13.74,11.62,320,319,12.5,15.0,58.0,58.0,12.0,14.5,319.1,319.2,1014.0,1014.3,475.21,278.12,1946.96,31.6409,9.9388,297.4,39.6,1485.606, NAN, NAN, NAN, NAN,,2024/04/06 13:04:48.015,2024-04-06 13:04:48.015000+00:00
2024/04/06, 13:05:48.015,35.935,-75.311, NAN,352.01,61.81,1.42,7.2,7.2,1012.2,1011.9,0.0,0.0,13.74,11.62,327,322,13.1,15.1,59.0,58.4,13.3,15.3,315.9,311.4,1014.3,1014.0,485.99,277.89,1938.29,31.6396,9.9433,269.6,40.2,1485.621, NAN, NAN, NAN, NAN,,2024/04/06 13:05:48.015,2024-04-06 13:05:48.015000+00:00
2024/04/06, 13:06:48.015,35.935,-75.31, NAN,321.0,183.04,1.16,7.2,7.2,1012.3,1012.1,0.0,0.0,13.74,11.62,0,356,9.3,9.3,59.0,57.7,9.8,9.8,322.7,318.9,1014.4,1014.2,479.4,278.39,1903.89,31.6439,9.95,266.5,40.5,1485.65, NAN, NAN, NAN, NAN,,2024/04/06 13:06:48.015,2024-04-06 13:06:48.015000+00:00
2024/04/06, 13:07:48.015,35.935,-75.31, NAN,321.57,181.71,0.27,7.2,7.2,1012.3,1012.0,0.0,0.0,13.74,11.62,11,3,11.7,11.5,58.2,62.1,11.7,11.4,333.2,325.2,1014.4,1014.1,488.74,277.15,1924.27,31.6499,9.9461,263.5,40.0,1485.643, NAN, NAN, NAN, NAN,,2024/04/06 13:07:48.015,2024-04-06 13:07:48.015000+00:00
2024/04/06, 13:08:48.015,35.935,-75.311, NAN,326.95,131.61,0.62,7.2,7.2,1012.2,1011.9,0.0,0.0,13.74,11.62,358,351,10.9,10.7,58.2,58.4,11.2,11.0,325.4,318.6,1014.3,1014.0,480.03,276.95,1915.34,31.6419,9.9419,255.0,39.9,1485.618, NAN, NAN, NAN, NAN,,2024/04/06 13:08:48.015,2024-04-06 13:08:48.015000+00:00
2024/04/06, 13:09:48.015,35.935,-75.311, NAN,331.04,69.88,0.37,7.2,7.2,1012.2,1012.0,0.0,0.0,13.74,11.62,357,349,11.2,10.6,57.5,57.8,11.1,10.5,327.3,319.2,1014.3,1014.1,489.52,278.02,1932.62,31.6413,9.9453,258.0,40.0,1485.63, NAN, NAN, NAN, NAN,,2024/04/06 13:09:48.015,2024-04-06 13:09:48.015000+00:00
2024/04/06, 13:10:48.015,35.935,-75.311, NAN,331.66,343.95,0.06,7.2,7.2,1012.2,1011.8,0.0,0.0,13.74,11.62,351,341,10.6,9.9,57.8,57.7,10.6,9.9,322.6,312.6,1014.3,1013.9,494.16,278.77,1943.01,31.6455,9.9494,273.2,39.6,1485.65, NAN, NAN, NAN, NAN,,2024/04/06 13:10:48.015,2024-04-06 13:10:48.015000+00:00
2024/04/06, 13:11:48.015,35.935,-75.311, NAN,331.89,259.56,0.32,7.2,7.3,1012.1,1012.0,0.0,0.0,13.74,11.62,354,352,10.8,11.2,61.3,61.3,10.9,11.3,326.5,324.5,1014.2,1014.1,497.36,278.4,1955.96,31.6419,9.9511,290.7,40.3,1485.652, NAN, NAN, NAN, NAN,,2024/04/06 13:11:48.015,2024-04-06 13:11:48.015000+00:00
2024/04/06, 13:12:48.015,35.935,-75.311, NAN,329.07,325.35,0.12,7.2,7.3,1011.9,1012.0,0.0,0.0,13.74,11.62,356,350,11.5,11.0,59.0,59.3,11.4,10.9,325.0,318.9,1014.0,1014.1,512.05,277.12,1968.97,31.6476,9.9532,295.2,40.1,1485.666, NAN, NAN, NAN, NAN,,2024/04/06 13:12:48.015,2024-04-06 13:12:48.015000+00:00
2024/04/06, 13:13:48.016,35.935,-75.311, NAN,328.3,142.16,0.26,7.2,7.2,1012.1,1012.0,0.0,0.0,13.74,11.62,352,346,10.9,10.8,57.0,56.5,11.0,10.9,320.1,314.2,1014.2,1014.1,528.34,277.88,2019.59,31.648,9.9532,304.6,40.5,1485.667, NAN, NAN, NAN, NAN,,2024/04/06 13:13:48.016,2024-04-06 13:13:48.016000+00:00
2024/04/06, 13:14:48.016,35.935,-75.311, NAN,328.92,279.47,0.2,7.2,7.2,1012.2,1012.2,0.0,0.0,13.74,11.62,358,351,10.4,11.4,61.0,60.8,10.3,11.3,327.4,320.3,1014.3,1014.3,533.31,278.03,2003.42,31.6543,9.9514,301.6,40.0,1485.668, NAN, NAN, NAN, NAN,,2024/04/06 13:14:48.016,2024-04-06 13:14:48.016000+00:00
2024/04/06, 13:15:48.016,35.935,-75.311, NAN,331.83,150.72,0.13,7.2,7.3,1012.2,1011.9,0.0,0.0,13.74,11.62,348,343,11.6,11.5,58.1,57.9,11.6,11.5,320.0,315.1,1014.3,1014.0,534.58,277.7,2010.25,31.6515,9.9529,311.2,40.2,1485.67, NAN, NAN, NAN, NAN,,2024/04/06 13:15:48.016,2024-04-06 13:15:48.016000+00:00
2024/04/06, 13:16:48.016,35.935,-75.311, NAN,330.03,78.08,0.19,7.2,7.2,1012.0,1012.0,0.0,0.0,13.74,11.62,347,340,10.7,11.5,57.1,57.2,10.7,11.5,316.5,309.6,1014.1,1014.1,533.25,278.32,1979.03,31.6519,9.9551,318.4,40.5,1485.678, NAN, NAN, NAN, NAN,,2024/04/06 13:16:48.016,2024-04-06 13:16:48.016000+00:00
2024/04/06, 13:17:48.016,35.935,-75.311, NAN,330.58,268.7,0.09,7.2,7.2,1012.0,1012.0,0.0,0.0,13.74,11.62,344,336,10.4,11.1,59.2,59.8,10.4,11.1,314.8,306.8,1014.1,1014.1,516.8,278.36,1865.63,31.6527,9.9573,303.5,40.6,1485.687, NAN, NAN, NAN, NAN,,2024/04/06 13:17:48.016,2024-04-06 13:17:48.016000+00:00
2024/04/06, 13:18:48.016,35.935,-75.311, NAN,330.42,350.65,0.25,7.2,7.2,1011.9,1012.1,0.0,0.0,13.74,11.62,349,341,11.2,11.5,59.1,59.3,11.2,11.5,318.8,310.8,1014.0,1014.2,535.25,277.83,1984.22,31.6532,9.9574,302.5,40.4,1485.688, NAN, NAN, NAN, NAN,,2024/04/06 13:18:48.016,2024-04-06 13:18:48.016000+00:00
2024/04/06, 13:19:48.016,35.935,-75.311, NAN,330.59,304.66,0.41,7.1,7.2,1012.3,1012.1,0.0,0.0,13.74,11.62,347,342,11.4,11.5,56.6,56.2,11.2,11.3,318.0,312.9,1014.4,1014.2,542.18,278.18,1980.51,31.6566,9.9576,299.2,40.3,1485.693, NAN, NAN, NAN, NAN,,2024/04/06 13:19:48.016,2024-04-06 13:19:48.016000+00:00
2024/04/06, 13:20:48.016,35.935,-75.311, NAN,328.66,136.39,0.26,7.1,7.2,1012.2,1012.2,0.0,0.0,13.74,11.62,349,341,10.4,11.0,57.8,57.3,10.4,11.1,317.0,309.0,1014.3,1014.3,540.98,278.96,1985.07,31.6563,9.9577,304.4,40.0,1485.693, NAN, NAN, NAN, NAN,,2024/04/06 13:20:48.016,2024-04-06 13:20:48.016000+00:00
2024/04/06, 13:21:48.016,35.935,-75.311, NAN,328.89,51.82,0.11,7.2,7.2,1012.3,1011.9,0.0,0.0,13.74,11.62,354,344,10.9,10.5,60.4,60.8,10.9,10.5,322.7,312.7,1014.4,1014.0,543.87,278.1,1987.76,31.6606,9.9589,301.6,39.9,1485.703, NAN, NAN, NAN, NAN,,2024/04/06 13:21:48.016,2024-04-06 13:21:48.016000+00:00
2024/04/06, 13:22:48.016,35.935,-75.311, NAN,329.95,317.79,0.21,7.2,7.3,1012.2,1012.1,0.0,0.0,13.74,11.62,2,351,12.7,12.1,59.9,62.3,12.7,12.1,331.5,320.4,1014.3,1014.2,543.21,277.54,1985.63,31.6573,9.961,311.6,40.7,1485.706, NAN, NAN, NAN, NAN,,2024/04/06 13:22:48.016,2024-04-06 13:22:48.016000+00:00
2024/04/06, 13:23:48.016,35.935,-75.311, NAN,330.44,36.17,0.24,7.2,7.3,1012.2,1012.0,0.0,0.0,13.74,11.62,351,346,10.8,10.2,57.3,57.5,10.9,10.3,320.9,315.9,1014.3,1014.1,551.03,277.16,2003.86,31.6599,9.9615,322.0,40.1,1485.711, NAN, NAN, NAN, NAN,,2024/04/06 13:23:48.016,2024-04-06 13:23:48.016000+00:00
2024/04/06, 13:24:48.016,35.935,-75.311, NAN,329.47,264.44,0.04,7.1,7.2,1012.2,1012.0,0.0,0.0,13.74,11.62,358,352,10.4,10.2,55.7,55.5,10.4,10.2,327.4,321.4,1014.3,1014.1,560.61,277.55,2010.77,31.6587,9.9625,311.2,40.7,1485.714, NAN, NAN, NAN, NAN,,2024/04/06 13:24:48.016,2024-04-06 13:24:48.016000+00:00
2024/04/06, 13:25:48.016,35.935,-75.311, NAN,330.18,32.26,0.11,7.1,7.1,1012.2,1012.2,0.0,0.0,13.74,11.62,351,341,9.7,10.1,56.3,56.2,9.7,10.1,320.9,310.9,1014.3,1014.3,568.03,279.84,2014.37,31.6607,9.9646,310.2,40.5,1485.724, NAN, NAN, NAN, NAN,,2024/04/06 13:25:48.016,2024-04-06 13:25:48.016000+00:00
2024/04/06, 13:26:48.016,35.935,-75.311, NAN,328.99,264.34,0.31,7.1,7.1,1012.2,1012.2,0.0,0.0,13.74,11.62,357,352,11.9,11.1,57.6,57.7,12.0,11.2,326.6,321.7,1014.3,1014.3,570.36,278.89,2022.36,31.6628,9.9645,308.3,40.3,1485.726, NAN, NAN, NAN, NAN,,2024/04/06 13:26:48.016,2024-04-06 13:26:48.016000+00:00
2024/04/06, 13:27:48.016,35.935,-75.311, NAN,327.13,91.92,0.35,7.1,7.2,1012.3,1012.3,0.0,0.0,13.74,11.62,359,352,11.3,11.4,57.8,59.3,11.2,11.3,325.3,318.3,1014.4,1014.4,571.37,277.92,2024.99,31.6673,9.9638,307.5,39.3,1485.729, NAN, NAN, NAN, NAN,,2024/04/06 13:27:48.016,2024-04-06 13:27:48.016000+00:00
2024/04/06, 13:28:48.016,35.935,-75.311, NAN,330.0,187.26,0.41,7.1,7.2,1012.1,1012.2,0.0,0.0,13.74,11.62,355,344,11.4,10.9,56.4,56.5,11.2,10.7,325.7,314.5,1014.2,1014.3,574.77,277.51,2023.21,31.6648,9.9633,297.4,39.9,1485.724, NAN, NAN, NAN, NAN,,2024/04/06 13:28:48.016,2024-04-06 13:28:48.016000+00:00
2024/04/06, 13:29:48.017,35.935,-75.311, NAN,331.07,55.48,0.29,7.1,7.1,1012.2,1012.3,0.0,0.0,13.74,11.62,357,350,10.2,10.8,56.6,56.8,10.1,10.7,327.6,320.5,1014.3,1014.4,575.57,278.62,2027.04,31.6654,9.9644,296.1,40.1,1485.729, NAN, NAN, NAN, NAN,,2024/04/06 13:29:48.017,2024-04-06 13:29:48.017000+00:00
2024/04/06, 13:30:48.017,35.935,-75.311, NAN,329.23,322.39,0.32,7.1,7.1,1012.4,1012.2,0.0,0.0,13.74,11.62,3,357,11.6,10.9,57.8,57.7,11.4,10.7,332.2,326.1,1014.5,1014.3,579.52,279.12,2036.05,31.6703,9.965,299.5,40.4,1485.737, NAN, NAN, NAN, NAN,,2024/04/06 13:30:48.017,2024-04-06 13:30:48.017000+00:00
2024/04/06, 13:31:48.017,35.935,-75.311, NAN,330.1,17.96,0.28,7.1,7.1,1012.2,1012.2,0.0,0.0,13.74,11.62,353,346,10.2,9.1,58.3,57.8,10.2,9.1,322.3,315.2,1014.3,1014.3,599.34,281.58,2065.09,31.6702,9.9632,295.2,40.4,1485.73, NAN, NAN, NAN, NAN,,2024/04/06 13:31:48.017,2024-04-06 13:31:48.017000+00:00
2024/04/06, 13:32:48.017,35.935,-75.311, NAN,327.9,194.5,0.17,7.1,7.2,1012.2,1012.2,0.0,0.0,13.74,11.62,352,347,10.9,10.3,57.4,58.0,10.9,10.3,320.3,315.4,1014.3,1014.3,524.34,279.98,1822.95,31.6707,9.9619,288.4,40.3,1485.726, NAN, NAN, NAN, NAN,,2024/04/06 13:32:48.017,2024-04-06 13:32:48.017000+00:00
2024/04/06, 13:33:48.017,35.935,-75.311, NAN,331.91,174.83,0.13,7.1,7.1,1012.4,1012.2,0.0,0.0,13.74,11.62,348,341,10.3,10.2,56.9,56.7,10.3,10.2,320.2,313.3,1014.5,1014.3,152.96,275.09,696.09,31.6712,9.9565,293.7,40.5,1485.707, NAN, NAN, NAN, NAN,,2024/04/06 13:33:48.017,2024-04-06 13:33:48.017000+00:00
2024/04/06, 13:34:48.017,35.935,-75.311, NAN,329.16,144.27,0.53,7.1,7.1,1012.1,1012.2,0.0,0.0,13.74,11.62,353,348,12.3,11.7,57.4,57.1,12.6,12.0,322.3,317.4,1014.2,1014.3,525.41,276.26,1519.4,31.6742,9.9464,292.8,40.6,1485.674, NAN, NAN, NAN, NAN,,2024/04/06 13:34:48.017,2024-04-06 13:34:48.017000+00:00
2024/04/06, 13:35:48.017,35.935,-75.311, NAN,327.93,112.4,0.32,7.1,7.1,1012.2,1012.0,0.0,0.0,13.74,11.62,353,346,10.5,9.9,56.0,57.2,10.7,10.1,320.6,313.7,1014.3,1014.1,596.08,278.19,2055.01,31.6755,9.945,293.1,40.2,1485.67, NAN, NAN, NAN, NAN,,2024/04/06 13:35:48.017,2024-04-06 13:35:48.017000+00:00
2024/04/06, 13:36:48.017,35.935,-75.311, NAN,343.27,196.65,0.35,7.1,7.1,1012.2,1012.2,0.0,0.0,13.74,11.62,356,347,9.8,9.9,56.0,56.7,9.6,9.7,339.4,330.2,1014.3,1014.3,599.64,278.56,2048.28,31.6741,9.9449,290.4,40.3,1485.668, NAN, NAN, NAN, NAN,,2024/04/06 13:36:48.017,2024-04-06 13:36:48.017000+00:00
2024/04/06, 13:37:48.017,35.935,-75.31, NAN,64.13,79.2,3.06,7.1,7.1,1012.4,1012.1,0.0,0.0,13.74,11.62,293,282,10.8,11.8,58.8,58.6,10.6,11.9,348.8,338.5,1014.5,1014.2,569.55,280.61,2119.32,31.6774,9.9508,287.6,40.3,1485.694, NAN, NAN, NAN, NAN,,2024/04/06 13:37:48.017,2024-04-06 13:37:48.017000+00:00
2024/04/06, 13:38:48.017,35.935,-75.309, NAN,80.8,88.04,6.23,7.1,7.1,1012.3,1012.2,0.0,0.0,13.74,11.62,251,255,10.0,9.6,60.3,60.0,11.8,11.2,317.8,320.5,1014.4,1014.3,538.93,282.4,2150.67,31.6798,9.9475,292.1,40.7,1485.685, NAN, NAN, NAN, NAN,,2024/04/06 13:38:48.017,2024-04-06 13:38:48.017000+00:00
2024/04/06, 13:39:48.017,35.935,-75.306, NAN,79.92,83.09,8.06,7.2,7.3,1012.6,1012.2,0.0,0.0,13.74,11.62,272,276,9.2,10.4,62.2,62.6,10.3,11.1,328.1,334.0,1014.7,1014.3,548.31,282.54,2153.43,31.6802,9.9384,308.0,40.5,1485.652, NAN, NAN, NAN, NAN,,2024/04/06 13:39:48.017,2024-04-06 13:39:48.017000+00:00
2024/04/06, 13:40:48.017,35.935,-75.303, NAN,82.33,87.85,9.12,7.2,7.3,1012.4,1012.3,0.0,0.0,13.74,11.62,262,276,8.6,9.5,60.0,59.8,10.7,10.5,319.0,331.8,1014.5,1014.4,544.66,282.8,2152.89,31.6821,9.9279,291.3,40.5,1485.616, NAN, NAN, NAN, NAN,,2024/04/06 13:40:48.017,2024-04-06 13:40:48.017000+00:00
2024/04/06, 13:41:48.017,35.935,-75.3, NAN,84.03,95.35,9.24,7.2,7.3,1012.3,1012.3,0.0,0.0,13.74,11.62,269,284,5.4,8.3,59.8,59.7,8.0,9.5,317.7,337.9,1014.4,1014.4,547.04,282.75,2157.9,31.6836,9.9116,264.8,40.8,1485.559, NAN, NAN, NAN, NAN,,2024/04/06 13:41:48.017,2024-04-06 13:41:48.017000+00:00
2024/04/06, 13:42:48.017,35.935,-75.297, NAN,82.09,86.99,9.2,7.2,7.3,1012.4,1012.4,0.0,0.0,13.74,11.62,266,287,8.6,8.6,61.0,61.4,10.6,9.1,322.2,338.3,1014.5,1014.5,554.22,283.11,2164.11,31.6814,9.8897,257.1,40.9,1485.477, NAN, NAN, NAN, NAN,,2024/04/06 13:42:48.017,2024-04-06 13:42:48.017000+00:00
2024/04/06, 13:43:48.017,35.935,-75.294, NAN,64.25,72.44,8.76,7.2,7.3,1012.5,1012.2,0.0,0.0,13.74,11.62,285,291,11.1,12.3,61.2,61.4,11.6,12.2,326.4,334.1,1014.6,1014.3,582.19,282.35,2172.57,31.6809,9.8644,250.0,40.5,1485.384, NAN, NAN, NAN, NAN,,2024/04/06 13:43:48.017,2024-04-06 13:43:48.017000+00:00
2024/04/06, 13:44:48.017,35.936,-75.291, NAN,52.71,60.92,7.5,7.2,7.3,1012.5,1012.1,0.0,0.0,13.74,11.62,295,297,12.2,15.1,60.3,60.1,11.8,14.4,329.3,334.9,1014.6,1014.2,524.2,281.19,2184.44,31.689,9.841,243.6,39.7,1485.309, NAN, NAN, NAN, NAN,,2024/04/06 13:44:48.017,2024-04-06 13:44:48.017000+00:00
2024/04/06, 13:45:48.018,35.937,-75.289, NAN,47.47,60.67,7.52,7.2,7.2,1012.4,1012.2,0.0,0.0,13.74,11.62,298,301,11.4,14.0,56.9,56.7,10.9,13.2,325.7,332.5,1014.5,1014.3,649.55,284.87,2225.2,31.7053,9.8129,244.6,40.0,1485.227, NAN, NAN, NAN, NAN,,2024/04/06 13:45:48.018,2024-04-06 13:45:48.018000+00:00
2024/04/06, 13:46:48.018,35.938,-75.287, NAN,41.91,50.65,7.81,7.1,7.2,1012.4,1012.3,0.0,0.0,13.74,11.62,301,302,11.3,14.3,57.6,57.7,10.6,13.4,322.1,327.7,1014.5,1014.4,668.29,288.38,2232.18,31.7196,9.7888,243.0,40.3,1485.156, NAN, NAN, NAN, NAN,,2024/04/06 13:46:48.018,2024-04-06 13:46:48.018000+00:00
2024/04/06, 13:47:48.018,35.939,-75.285, NAN,39.14,56.87,7.85,7.1,7.2,1012.4,1012.3,0.0,0.0,13.74,11.62,307,306,13.2,16.6,59.1,59.0,12.2,15.5,328.4,331.2,1014.5,1014.4,687.37,286.44,2266.69,31.7383,9.7861,241.2,40.5,1485.169, NAN, NAN, NAN, NAN,,2024/04/06 13:47:48.018,2024-04-06 13:47:48.018000+00:00
2024/04/06, 13:48:48.018,35.941,-75.283, NAN,61.36,58.04,7.4,7.1,7.2,1012.6,1012.1,0.0,0.0,13.74,11.62,284,286,11.4,13.7,58.9,58.6,11.4,13.5,326.2,331.3,1014.7,1014.2,146.15,278.23,691.55,31.758,9.7969,244.3,39.9,1485.233, NAN, NAN, NAN, NAN,,2024/04/06 13:48:48.018,2024-04-06 13:48:48.018000+00:00
2024/04/06, 13:49:48.018,35.94,-75.28, NAN,94.11,105.93,7.27,7.1,7.2,1012.3,1012.4,0.0,0.0,13.74,11.62,233,234,9.4,9.9,59.9,60.0,12.3,12.8,314.6,315.8,1014.4,1014.5,528.65,282.33,2185.59,31.7726,9.8184,248.3,40.3,1485.329, NAN, NAN, NAN, NAN,,2024/04/06 13:49:48.018,2024-04-06 13:49:48.018000+00:00
2024/04/06, 13:50:48.018,35.94,-75.278, NAN,80.37,88.48,6.49,7.1,7.2,1012.4,1012.3,0.0,0.0,13.74,11.62,256,258,9.8,9.9,58.6,58.6,11.6,11.6,321.0,322.8,1014.5,1014.4,611.0,282.51,2257.07,31.79,9.8349,244.3,39.9,1485.41, NAN, NAN, NAN, NAN,,2024/04/06 13:50:48.018,2024-04-06 13:50:48.018000+00:00
2024/04/06, 13:51:48.018,35.94,-75.276, NAN,78.05,100.53,6.24,7.1,7.2,1012.6,1012.3,0.0,0.0,13.74,11.62,256,256,9.2,9.5,58.9,59.0,11.0,11.3,319.0,319.4,1014.7,1014.4,604.65,283.54,2236.64,31.8059,9.8371,244.0,40.4,1485.437, NAN, NAN, NAN, NAN,,2024/04/06 13:51:48.018,2024-04-06 13:51:48.018000+00:00
2024/04/06, 13:52:48.018,35.94,-75.274, NAN,78.74,94.27,5.91,7.1,7.2,1012.4,1012.3,0.0,0.0,13.74,11.62,257,259,9.9,9.7,59.5,59.8,11.5,11.2,321.7,323.1,1014.5,1014.4,601.13,285.15,2234.47,31.8211,9.8242,247.0,40.3,1485.409, NAN, NAN, NAN, NAN,,2024/04/06 13:52:48.018,2024-04-06 13:52:48.018000+00:00
2024/04/06, 13:53:48.018,35.94,-75.272, NAN,78.11,77.77,5.91,7.2,7.2,1012.7,1012.2,0.0,0.0,13.74,11.62,261,268,10.2,10.5,60.2,60.1,11.3,11.3,324.1,330.6,1014.8,1014.3,606.75,286.83,2243.28,31.828,9.8067,252.1,40.1,1485.353, NAN, NAN, NAN, NAN,,2024/04/06 13:53:48.018,2024-04-06 13:53:48.018000+00:00
2024/04/06, 13:54:48.018,35.94,-75.27, NAN,72.58,94.86,5.76,7.2,7.2,1012.5,1012.2,0.0,0.0,13.74,11.62,267,275,9.4,10.3,60.4,60.3,10.8,11.4,324.9,332.9,1014.6,1014.3,613.19,289.08,2260.24,31.8337,9.7907,251.3,39.7,1485.302, NAN, NAN, NAN, NAN,,2024/04/06 13:54:48.018,2024-04-06 13:54:48.018000+00:00
2024/04/06, 13:55:48.018,35.94,-75.268, NAN,67.6,89.04,5.67,7.2,7.3,1012.6,1012.2,0.0,0.0,13.74,11.62,279,281,8.9,13.2,59.8,59.6,9.9,13.9,329.7,336.7,1014.7,1014.3,661.81,293.89,2296.49,31.8453,9.7798,253.1,40.0,1485.277, NAN, NAN, NAN, NAN,,2024/04/06 13:55:48.018,2024-04-06 13:55:48.018000+00:00
2024/04/06, 13:56:48.018,35.94,-75.266, NAN,68.57,95.19,5.71,7.2,7.3,1012.4,1012.3,0.0,0.0,13.74,11.62,268,281,10.6,11.7,60.3,60.4,12.0,12.5,323.4,336.1,1014.5,1014.4,677.39,292.18,2320.54,31.8559,9.7741,253.1,40.2,1485.269, NAN, NAN, NAN, NAN,,2024/04/06 13:56:48.018,2024-04-06 13:56:48.018000+00:00
2024/04/06, 13:57:48.018,35.94,-75.264, NAN,71.44,81.54,5.93,7.2,7.2,1012.2,1012.5,0.0,0.0,13.74,11.62,261,272,10.1,11.7,59.3,59.1,11.8,12.9,319.1,330.3,1014.3,1014.6,648.58,288.16,2311.91,31.868,9.7693,255.8,40.0,1485.266, NAN, NAN, NAN, NAN,,2024/04/06 13:57:48.018,2024-04-06 13:57:48.018000+00:00
2024/04/06, 13:58:48.018,35.94,-75.262, NAN,69.57,81.02,6.1,7.2,7.2,1012.4,1012.4,0.0,0.0,13.74,11.62,257,266,10.5,10.6,60.2,60.0,12.3,12.1,313.8,321.5,1014.5,1014.5,652.87,287.32,2323.86,31.8778,9.7499,253.1,40.2,1485.207, NAN, NAN, NAN, NAN,,2024/04/06 13:58:48.018,2024-04-06 13:58:48.018000+00:00
2024/04/06, 13:59:48.018,35.94,-75.26, NAN,70.14,76.55,5.62,7.2,7.3,1012.6,1012.3,0.0,0.0,13.74,11.62,252,265,9.6,12.0,60.1,60.1,11.3,13.1,309.2,322.9,1014.7,1014.4,664.48,285.69,2327.45,31.888,9.7378,253.4,40.3,1485.176, NAN, NAN, NAN, NAN,,2024/04/06 13:59:48.018,2024-04-06 13:59:48.018000+00:00
2024/04/06, 14:00:48.019,35.941,-75.258, NAN,71.31,80.48,6.18,7.2,7.3,1012.6,1012.3,0.0,0.0,13.74,11.62,262,265,10.7,10.3,60.9,60.6,12.1,11.6,319.0,321.1,1014.7,1014.4,653.66,285.64,2343.07,31.8941,9.7341,254.0,40.6,1485.169, NAN, NAN, NAN, NAN,,2024/04/06 14:00:48.019,2024-04-06 14:00:48.019000+00:00
2024/04/06, 14:01:48.019,35.941,-75.256, NAN,68.9,89.74,5.91,7.2,7.3,1012.6,1012.2,0.0,0.0,13.74,11.62,242,269,7.8,10.3,60.7,61.4,10.1,11.6,298.4,323.3,1014.7,1014.3,684.17,286.04,2316.9,31.9058,9.753,252.1,39.8,1485.253, NAN, NAN, NAN, NAN,,2024/04/06 14:01:48.019,2024-04-06 14:01:48.019000+00:00
2024/04/06, 14:02:48.019,35.941,-75.254, NAN,58.95,77.15,5.71,7.2,7.3,1012.6,1012.3,0.0,0.0,13.74,11.62,274,282,12.5,13.5,62.4,61.7,13.5,14.1,320.8,329.1,1014.7,1014.4,681.9,286.67,2253.27,31.9132,9.7722,247.3,40.1,1485.332, NAN, NAN, NAN, NAN,,2024/04/06 14:02:48.019,2024-04-06 14:02:48.019000+00:00
2024/04/06, 14:03:48.019,35.941,-75.252, NAN,50.5,64.12,5.61,7.2,7.3,1012.6,1012.4,0.0,0.0,13.74,11.62,283,289,13.0,12.7,60.2,59.9,13.7,13.1,321.5,326.8,1014.7,1014.5,726.42,287.46,2286.81,31.9217,9.7886,243.3,39.7,1485.402, NAN, NAN, NAN, NAN,,2024/04/06 14:03:48.019,2024-04-06 14:03:48.019000+00:00
2024/04/06, 14:04:48.019,35.942,-75.25, NAN,46.47,63.98,5.22,7.2,7.3,1012.7,1012.4,0.0,0.0,13.74,11.62,285,288,12.4,13.6,62.0,59.8,12.8,13.8,319.3,323.3,1014.8,1014.5,744.1,285.41,2347.78,31.9265,9.7977,244.3,39.3,1485.441, NAN, NAN, NAN, NAN,,2024/04/06 14:04:48.019,2024-04-06 14:04:48.019000+00:00
2024/04/06, 14:05:48.019,35.943,-75.249, NAN,47.52,69.55,5.23,7.3,7.3,1012.8,1012.2,0.0,0.0,13.74,11.62,285,290,12.3,14.4,63.8,63.6,12.8,14.6,320.4,326.9,1014.9,1014.3,712.34,283.03,2185.37,31.9282,9.7949,243.6,39.3,1485.432, NAN, NAN, NAN, NAN,,2024/04/06 14:05:48.019,2024-04-06 14:05:48.019000+00:00
2024/04/06, 14:06:48.019,35.943,-75.247, NAN,63.82,69.54,5.41,7.3,7.3,1012.6,1012.4,0.0,0.0,13.74,11.62,255,269,9.0,10.3,61.9,61.8,10.5,11.2,305.0,318.7,1014.7,1014.5,681.72,284.15,2241.8,31.9267,9.7836,245.4,39.8,1485.39, NAN, NAN, NAN, NAN,,2024/04/06 14:06:48.019,2024-04-06 14:06:48.019000+00:00
2024/04/06, 14:07:48.019,35.943,-75.245, NAN,70.36,84.1,6.07,7.3,7.3,1012.6,1012.5,0.0,0.0,13.74,11.62,260,267,11.3,11.0,61.5,62.9,13.0,12.4,317.8,323.5,1014.7,1014.6,655.14,282.84,2178.03,31.9293,9.7619,248.3,40.1,1485.314, NAN, NAN, NAN, NAN,,2024/04/06 14:07:48.019,2024-04-06 14:07:48.019000+00:00
2024/04/06, 14:08:48.019,35.944,-75.243, NAN,73.46,76.97,6.13,7.3,7.3,1012.6,1012.4,0.0,0.0,13.74,11.62,252,250,11.0,10.9,59.9,59.7,12.8,12.8,312.9,311.2,1014.7,1014.5,675.93,285.33,2296.99,31.9361,9.7478,252.1,39.7,1485.271, NAN, NAN, NAN, NAN,,2024/04/06 14:08:48.019,2024-04-06 14:08:48.019000+00:00
2024/04/06, 14:09:48.019,35.944,-75.241, NAN,78.7,82.8,6.23,7.3,7.3,1012.7,1012.4,0.0,0.0,13.74,11.62,261,262,11.1,12.3,62.8,63.0,12.5,13.6,325.6,327.7,1014.8,1014.5,672.77,288.21,2324.28,31.9388,9.7379,252.0,39.6,1485.238, NAN, NAN, NAN, NAN,,2024/04/06 14:09:48.019,2024-04-06 14:09:48.019000+00:00
2024/04/06, 14:10:48.019,35.944,-75.239, NAN,78.22,92.43,6.56,7.3,7.3,1012.8,1012.4,0.0,0.0,13.74,11.62,255,257,11.1,10.2,61.0,60.7,13.1,12.2,320.4,321.1,1014.9,1014.5,693.38,291.51,2071.94,31.9506,9.7231,253.4,39.9,1485.198, NAN, NAN, NAN, NAN,,2024/04/06 14:10:48.019,2024-04-06 14:10:48.019000+00:00
2024/04/06, 14:11:48.019,35.944,-75.237, NAN,76.78,88.34,6.29,7.3,7.3,1012.7,1012.4,0.0,0.0,13.74,11.62,251,242,10.6,11.1,62.5,62.5,12.5,13.3,314.7,307.8,1014.8,1014.5,697.85,290.08,2363.15,31.9634,9.7139,253.7,40.7,1485.18, NAN, NAN, NAN, NAN,,2024/04/06 14:11:48.019,2024-04-06 14:11:48.019000+00:00
2024/04/06, 14:12:48.019,35.944,-75.235, NAN,70.03,83.4,5.44,7.3,7.4,1012.7,1012.6,0.0,0.0,13.74,11.62,259,263,11.4,11.0,64.7,64.9,12.8,12.3,317.7,320.8,1014.8,1014.7,722.57,288.04,2388.42,31.9742,9.7123,252.8,39.9,1485.188, NAN, NAN, NAN, NAN,,2024/04/06 14:12:48.019,2024-04-06 14:12:48.019000+00:00
2024/04/06, 14:13:48.019,35.944,-75.233, NAN,68.73,86.39,4.5,7.3,7.4,1012.7,1012.4,0.0,0.0,13.74,11.62,252,266,9.6,9.8,64.8,65.0,11.1,10.9,311.0,323.4,1014.8,1014.5,717.13,288.56,2341.33,31.985,9.7105,252.4,40.2,1485.194, NAN, NAN, NAN, NAN,,2024/04/06 14:13:48.019,2024-04-06 14:13:48.019000+00:00
2024/04/06, 14:14:48.019,35.944,-75.231, NAN,71.09,91.55,4.03,7.4,7.4,1012.7,1012.6,0.0,0.0,13.74,11.62,251,255,10.6,10.4,64.9,65.0,12.0,11.7,314.2,317.6,1014.8,1014.7,725.75,290.04,2371.88,31.9962,9.7118,254.4,40.1,1485.213, NAN, NAN, NAN, NAN,,2024/04/06 14:14:48.019,2024-04-06 14:14:48.019000+00:00
2024/04/06, 14:15:48.020,35.944,-75.23, NAN,66.3,102.32,3.92,7.3,7.4,1012.8,1012.4,0.0,0.0,13.74,11.62,252,265,8.7,9.7,62.0,61.9,10.3,11.0,310.6,322.5,1014.9,1014.5,767.28,298.45,2441.89,32.0019,9.7169,252.8,40.1,1485.238, NAN, NAN, NAN, NAN,,2024/04/06 14:15:48.020,2024-04-06 14:15:48.020000+00:00
2024/04/06, 14:16:48.020,35.944,-75.229, NAN,69.19,95.23,4.42,7.3,7.4,1012.7,1012.6,0.0,0.0,13.74,11.62,257,261,10.9,9.7,63.2,63.1,12.5,11.2,318.5,321.0,1014.8,1014.7,726.27,307.63,2335.75,32.0107,9.7214,257.1,40.5,1485.265, NAN, NAN, NAN, NAN,,2024/04/06 14:16:48.020,2024-04-06 14:16:48.020000+00:00
2024/04/06, 14:17:48.020,35.944,-75.227, NAN,65.41,99.44,3.94,7.3,7.4,1012.7,1012.6,0.0,0.0,13.74,11.62,262,266,10.0,10.0,62.7,62.7,11.3,11.2,318.8,322.4,1014.8,1014.7,292.69,316.38,1070.39,32.0179,9.7143,256.4,40.3,1485.248, NAN, NAN, NAN, NAN,,2024/04/06 14:17:48.020,2024-04-06 14:17:48.020000+00:00
2024/04/06, 14:18:48.020,35.944,-75.226, NAN,65.93,89.22,4.2,7.4,7.4,1012.7,1012.7,0.0,0.0,13.74,11.62,258,265,10.8,10.6,65.7,65.8,12.2,11.8,315.8,321.8,1014.8,1014.8,644.65,329.99,1846.79,32.022,9.7014,255.8,40.0,1485.206, NAN, NAN, NAN, NAN,,2024/04/06 14:18:48.020,2024-04-06 14:18:48.020000+00:00
2024/04/06, 14:19:48.020,35.944,-75.224, NAN,66.95,94.46,4.7,7.3,7.4,1012.8,1012.6,0.0,0.0,13.74,11.62,255,257,9.3,10.6,63.6,63.3,11.2,12.4,313.3,315.9,1014.9,1014.7,255.03,328.01,1119.42,32.0293,9.6931,255.2,40.5,1485.185, NAN, NAN, NAN, NAN,,2024/04/06 14:19:48.020,2024-04-06 14:19:48.020000+00:00
2024/04/06, 14:20:48.020,35.944,-75.223, NAN,65.55,84.64,4.21,7.3,7.4,1012.8,1012.6,0.0,0.0,13.74,11.62,266,275,9.6,12.4,65.5,65.3,10.7,13.2,321.1,331.5,1014.9,1014.7,216.4,320.43,870.65,32.032,9.6747,258.0,40.5,1485.121, NAN, NAN, NAN, NAN,,2024/04/06 14:20:48.020,2024-04-06 14:20:48.020000+00:00
2024/04/06, 14:21:48.020,35.944,-75.222, NAN,66.48,71.38,3.87,7.3,7.4,1012.9,1012.5,0.0,0.0,13.74,11.62,265,273,11.8,12.4,64.9,64.8,12.7,13.0,323.0,330.9,1015.0,1014.6,274.73,315.33,991.28,32.0424,9.6529,260.4,40.5,1485.054, NAN, NAN, NAN, NAN,,2024/04/06 14:21:48.020,2024-04-06 14:21:48.020000+00:00
2024/04/06, 14:22:48.020,35.944,-75.22, NAN,63.2,64.2,3.76,7.3,7.3,1012.8,1012.6,0.0,0.0,13.74,11.62,262,267,11.1,10.2,63.3,62.8,12.1,11.1,317.1,321.0,1014.9,1014.7,599.42,312.35,1858.24,32.0483,9.6437,264.8,40.5,1485.028, NAN, NAN, NAN, NAN,,2024/04/06 14:22:48.020,2024-04-06 14:22:48.020000+00:00
2024/04/06, 14:23:48.020,35.944,-75.219, NAN,67.0,96.79,4.07,7.3,7.3,1013.0,1012.5,0.0,0.0,13.74,11.62,258,267,8.5,10.4,64.9,64.8,10.0,11.6,315.6,325.0,1015.1,1014.6,293.69,306.98,1334.68,32.0522,9.6296,270.2,40.2,1484.981, NAN, NAN, NAN, NAN,,2024/04/06 14:23:48.020,2024-04-06 14:23:48.020000+00:00
2024/04/06, 14:24:48.020,35.944,-75.217, NAN,65.55,89.3,4.07,7.4,7.4,1012.9,1012.6,0.0,0.0,13.74,11.62,264,273,12.8,12.2,66.3,66.6,14.0,13.2,322.3,330.1,1015.0,1014.7,798.64,314.03,2628.28,32.0623,9.6246,281.2,40.4,1484.975, NAN, NAN, NAN, NAN,,2024/04/06 14:24:48.020,2024-04-06 14:24:48.020000+00:00
2024/04/06, 14:25:48.020,35.944,-75.216, NAN,66.73,95.74,3.9,7.3,7.4,1012.8,1012.8,0.0,0.0,13.74,11.62,267,275,11.2,11.9,60.7,60.5,12.2,12.7,325.4,333.2,1014.9,1014.9,901.94,316.94,2687.55,32.0696,9.6239,281.2,40.5,1484.981, NAN, NAN, NAN, NAN,,2024/04/06 14:25:48.020,2024-04-06 14:25:48.020000+00:00
2024/04/06, 14:26:48.020,35.944,-75.215, NAN,66.89,94.9,4.27,7.3,7.4,1013.0,1012.5,0.0,0.0,13.74,11.62,266,269,11.6,12.0,61.3,60.9,13.0,13.3,324.9,327.8,1015.1,1014.6,813.04,313.26,2460.43,32.0779,9.6281,282.0,40.5,1485.007, NAN, NAN, NAN, NAN,,2024/04/06 14:26:48.020,2024-04-06 14:26:48.020000+00:00
2024/04/06, 14:27:48.020,35.944,-75.213, NAN,64.97,90.86,3.64,7.4,7.4,1012.9,1012.6,0.0,0.0,13.74,11.62,267,279,12.0,13.3,62.3,62.3,13.1,14.0,324.9,336.7,1015.0,1014.7,381.05,304.84,1316.59,32.0867,9.6258,276.6,40.5,1485.009, NAN, NAN, NAN, NAN,,2024/04/06 14:27:48.020,2024-04-06 14:27:48.020000+00:00
2024/04/06, 14:28:48.020,35.944,-75.212, NAN,66.39,89.93,3.88,7.4,7.4,1012.7,1012.7,0.0,0.0,13.74,11.62,269,278,10.4,12.0,60.9,60.9,11.3,12.6,326.1,335.6,1014.8,1014.8,261.16,307.41,1034.41,32.0945,9.6148,275.0,40.5,1484.978, NAN, NAN, NAN, NAN,,2024/04/06 14:28:48.020,2024-04-06 14:28:48.020000+00:00
2024/04/06, 14:29:48.020,35.944,-75.211, NAN,67.22,99.47,4.04,7.3,7.4,1012.8,1012.9,0.0,0.0,13.74,11.62,275,283,12.1,14.1,60.8,60.3,13.2,14.9,334.1,342.6,1014.9,1015.0,303.57,313.59,1103.97,32.1019,9.5992,270.8,40.2,1484.93, NAN, NAN, NAN, NAN,,2024/04/06 14:29:48.020,2024-04-06 14:29:48.020000+00:00
2024/04/06, 14:30:48.021,35.944,-75.209, NAN,64.68,77.71,3.74,7.3,7.4,1012.6,1012.8,0.0,0.0,13.74,11.62,266,266,9.8,11.3,62.4,62.1,10.9,12.3,321.8,322.9,1014.7,1014.9,349.05,319.6,1244.31,32.1108,9.5874,269.2,40.1,1484.898, NAN, NAN, NAN, NAN,,2024/04/06 14:30:48.021,2024-04-06 14:30:48.021000+00:00
2024/04/06, 14:31:48.021,35.944,-75.208, NAN,64.52,91.77,3.81,7.4,7.4,1013.1,1012.6,0.0,0.0,13.74,11.62,250,269,8.2,9.9,64.6,64.7,9.6,10.8,306.0,324.0,1015.2,1014.7,521.66,323.71,1734.34,32.118,9.5833,267.8,40.2,1484.892, NAN, NAN, NAN, NAN,,2024/04/06 14:31:48.021,2024-04-06 14:31:48.021000+00:00
2024/04/06, 14:32:48.021,35.944,-75.207, NAN,63.81,104.0,4.32,7.4,7.5,1012.9,1012.5,0.0,0.0,13.74,11.62,259,257,12.4,13.5,64.7,64.8,14.1,15.3,316.7,315.4,1015.0,1014.6,280.51,319.57,1104.36,32.1298,9.5825,270.5,40.3,1484.903, NAN, NAN, NAN, NAN,,2024/04/06 14:32:48.021,2024-04-06 14:32:48.021000+00:00
2024/04/06, 14:33:48.021,35.944,-75.205, NAN,69.0,117.16,3.7,7.4,7.5,1012.8,1012.7,0.0,0.0,13.74,11.62,265,273,13.7,13.5,61.3,61.0,15.0,14.6,328.3,335.5,1014.9,1014.8,290.92,319.72,1091.11,32.1388,9.5739,275.6,40.2,1484.883, NAN, NAN, NAN, NAN,,2024/04/06 14:33:48.021,2024-04-06 14:33:48.021000+00:00
2024/04/06, 14:34:48.021,35.944,-75.204, NAN,66.68,102.59,3.6,7.4,7.4,1012.9,1012.6,0.0,0.0,13.74,11.62,264,277,11.2,13.0,61.7,60.7,12.4,13.9,323.8,336.7,1015.0,1014.7,324.15,320.68,1162.97,32.144,9.5659,278.7,40.0,1484.86, NAN, NAN, NAN, NAN,,2024/04/06 14:34:48.021,2024-04-06 14:34:48.021000+00:00
2024/04/06, 14:35:48.021,35.944,-75.203, NAN,64.28,103.81,3.92,7.4,7.4,1012.8,1012.8,0.0,0.0,13.74,11.62,263,274,12.1,11.1,62.4,62.5,13.4,12.1,320.5,329.8,1014.9,1014.9,355.89,326.1,1249.36,32.1543,9.5606,278.7,40.3,1484.853, NAN, NAN, NAN, NAN,,2024/04/06 14:35:48.021,2024-04-06 14:35:48.021000+00:00
2024/04/06, 14:36:48.021,35.944,-75.201, NAN,65.89,99.89,4.2,7.4,7.4,1013.0,1012.7,0.0,0.0,13.74,11.62,262,267,11.8,10.8,63.1,63.1,13.2,12.1,320.4,324.2,1015.1,1014.8,386.52,333.19,1303.1,32.159,9.5614,281.2,40.6,1484.862, NAN, NAN, NAN, NAN,,2024/04/06 14:36:48.021,2024-04-06 14:36:48.021000+00:00
2024/04/06, 14:37:48.021,35.944,-75.2, NAN,66.91,87.79,3.98,7.4,7.4,1012.8,1012.7,0.0,0.0,13.74,11.62,266,273,9.5,11.8,63.4,63.3,10.5,12.6,322.8,331.1,1014.9,1014.8,311.69,334.32,1116.32,32.1655,9.5453,283.3,40.3,1484.811, NAN, NAN, NAN, NAN,,2024/04/06 14:37:48.021,2024-04-06 14:37:48.021000+00:00
2024/04/06, 14:38:48.021,35.943,-75.199, NAN,58.07,92.8,3.67,7.4,7.4,1012.8,1012.8,0.0,0.0,13.74,11.62,265,274,12.4,14.1,64.0,64.0,13.6,15.0,316.5,325.6,1014.9,1014.9,305.93,331.6,1078.65,32.1697,9.5312,282.4,40.4,1484.764, NAN, NAN, NAN, NAN,,2024/04/06 14:38:48.021,2024-04-06 14:38:48.021000+00:00
2024/04/06, 14:39:48.021,35.943,-75.198, NAN,60.87,109.33,3.91,7.4,7.4,1013.0,1012.5,0.0,0.0,13.74,11.62,272,279,10.7,12.2,62.3,61.8,12.0,13.4,325.3,332.5,1015.1,1014.6,297.07,327.6,1058.56,32.1803,9.5236,283.3,40.0,1484.749, NAN, NAN, NAN, NAN,,2024/04/06 14:39:48.021,2024-04-06 14:39:48.021000+00:00
2024/04/06, 14:40:48.021,35.943,-75.196, NAN,61.51,81.48,3.73,7.4,7.4,1012.8,1012.6,0.0,0.0,13.74,11.62,270,269,14.0,15.2,63.8,63.7,14.9,16.1,324.8,324.4,1014.9,1014.7,336.86,329.56,1159.96,32.1824,9.5143,285.4,40.4,1484.718, NAN, NAN, NAN, NAN,,2024/04/06 14:40:48.021,2024-04-06 14:40:48.021000+00:00
2024/04/06, 14:41:48.021,35.943,-75.195, NAN,62.02,104.56,3.89,7.4,7.4,1012.5,1012.8,0.0,0.0,13.74,11.62,264,264,13.2,13.9,64.4,64.3,14.6,15.3,320.3,320.6,1014.6,1014.9,367.35,336.81,1259.93,32.1897,9.5046,288.8,40.3,1484.691, NAN, NAN, NAN, NAN,,2024/04/06 14:41:48.021,2024-04-06 14:41:48.021000+00:00
2024/04/06, 14:42:48.021,35.943,-75.194, NAN,59.3,84.4,3.15,7.4,7.4,1012.7,1012.6,0.0,0.0,13.74,11.62,267,274,13.9,14.3,63.5,63.5,14.8,15.1,321.1,327.8,1014.8,1014.7,280.56,338.36,1062.06,32.1944,9.492,288.4,40.5,1484.651, NAN, NAN, NAN, NAN,,2024/04/06 14:42:48.021,2024-04-06 14:42:48.021000+00:00
2024/04/06, 14:43:48.021,35.943,-75.193, NAN,91.86,85.05,4.8,7.4,7.4,1013.0,1012.6,0.0,0.0,13.74,11.62,252,236,10.8,10.2,63.9,63.7,11.9,11.9,332.7,318.3,1015.1,1014.7,292.29,336.32,1075.81,32.1964,9.4728,295.5,40.5,1484.583, NAN, NAN, NAN, NAN,,2024/04/06 14:43:48.021,2024-04-06 14:43:48.021000+00:00
2024/04/06, 14:44:48.021,35.942,-75.191, NAN,166.25,154.92,6.05,7.4,7.4,1012.8,1012.6,0.0,0.0,13.74,11.62,135,160,3.9,9.7,65.3,66.0,6.7,12.8,315.5,328.0,1014.9,1014.7,334.09,336.25,1164.8,32.1996,9.462,291.8,40.6,1484.547, NAN, NAN, NAN, NAN,,2024/04/06 14:44:48.021,2024-04-06 14:44:48.021000+00:00
2024/04/06, 14:45:48.021,35.941,-75.191, NAN,237.81,213.03,3.56,7.4,7.5,1012.8,1012.6,0.0,0.0,13.74,11.62,106,93,10.0,10.4,66.3,66.1,11.4,11.5,350.4,338.7,1014.9,1014.7,506.53,337.93,1627.76,32.2083,9.4528,291.8,41.0,1484.524, NAN, NAN, NAN, NAN,,2024/04/06 14:45:48.021,2024-04-06 14:45:48.021000+00:00
2024/04/06, 14:46:48.022,35.94,-75.192, NAN,287.41,193.73,1.18,7.5,7.5,1012.8,1012.6,0.0,0.0,13.74,11.62,51,42,13.6,15.1,65.6,66.0,13.9,15.3,340.6,331.5,1014.9,1014.7,339.98,336.71,1194.1,32.2119,9.4545,294.8,40.5,1484.535, NAN, NAN, NAN, NAN,,2024/04/06 14:46:48.022,2024-04-06 14:46:48.022000+00:00
2024/04/06, 14:47:48.022,35.94,-75.192, NAN,288.91,222.24,2.36,7.4,7.5,1012.4,1012.4,0.0,0.0,13.74,11.62,36,29,13.0,13.6,64.1,64.2,13.3,13.7,330.0,323.0,1014.5,1014.5,346.18,337.43,1200.07,32.2157,9.4584,294.7,40.8,1484.554, NAN, NAN, NAN, NAN,,2024/04/06 14:47:48.022,2024-04-06 14:47:48.022000+00:00
2024/04/06, 14:48:48.022,35.94,-75.193, NAN,293.76,265.64,2.43,7.4,7.4,1012.4,1012.6,0.0,0.0,13.74,11.62,40,34,14.3,15.2,61.8,62.2,14.1,14.9,338.8,332.4,1014.5,1014.7,328.12,337.89,1152.96,32.2203,9.4601,295.2,41.2,1484.566, NAN, NAN, NAN, NAN,,2024/04/06 14:48:48.022,2024-04-06 14:48:48.022000+00:00
2024/04/06, 14:49:48.022,35.94,-75.193, NAN,306.3,257.65,1.96,7.4,7.4,1012.4,1012.4,0.0,0.0,13.74,11.62,23,16,14.4,12.3,64.3,64.6,14.1,11.9,333.1,326.6,1014.5,1014.5,454.76,332.95,1265.58,32.2176,9.4626,291.3,40.4,1484.572, NAN, NAN, NAN, NAN,,2024/04/06 14:49:48.022,2024-04-06 14:49:48.022000+00:00
2024/04/06, 14:50:48.022,35.94,-75.194, NAN,319.34,287.36,1.72,7.4,7.4,1012.3,1012.7,0.0,0.0,13.74,11.62,13,8,14.5,12.5,64.4,64.9,13.9,11.9,335.0,330.2,1014.4,1014.8,282.61,325.69,1041.57,32.2184,9.4703,296.8,40.9,1484.601, NAN, NAN, NAN, NAN,,2024/04/06 14:50:48.022,2024-04-06 14:50:48.022000+00:00
2024/04/06, 14:51:48.022,35.94,-75.194, NAN,328.12,315.74,1.44,7.4,7.4,1012.6,1012.6,0.0,0.0,13.74,11.62,4,356,13.7,11.8,63.4,63.7,13.0,11.1,333.0,324.7,1014.7,1014.7,352.17,327.17,1198.17,32.2173,9.4763,300.4,40.8,1484.621, NAN, NAN, NAN, NAN,,2024/04/06 14:51:48.022,2024-04-06 14:51:48.022000+00:00
2024/04/06, 14:52:48.022,35.94,-75.194, NAN,329.99,259.76,1.02,7.4,7.4,1012.6,1012.4,0.0,0.0,13.74,11.62,3,358,13.1,12.4,65.2,65.3,12.9,12.2,335.2,330.3,1014.7,1014.5,1077.23,337.63,2945.31,32.2121,9.4794,304.6,40.7,1484.626, NAN, NAN, NAN, NAN,,2024/04/06 14:52:48.022,2024-04-06 14:52:48.022000+00:00
2024/04/06, 14:53:48.022,35.94,-75.195, NAN,328.25,203.71,0.01,7.4,7.5,1012.6,1012.7,0.0,0.0,13.74,11.62,359,351,10.6,12.5,64.4,64.2,10.6,12.5,327.3,319.3,1014.7,1014.8,663.36,338.6,1955.1,32.215,9.4842,304.1,40.6,1484.648, NAN, NAN, NAN, NAN,,2024/04/06 14:53:48.022,2024-04-06 14:53:48.022000+00:00
2024/04/06, 14:54:48.022,35.94,-75.195, NAN,327.61,251.9,0.31,7.5,7.5,1012.8,1012.8,0.0,0.0,13.74,11.62,0,355,11.1,10.6,63.6,63.4,11.1,10.6,328.4,323.5,1014.9,1014.9,318.29,332.86,1163.72,32.2132,9.4872,307.8,40.4,1484.656, NAN, NAN, NAN, NAN,,2024/04/06 14:54:48.022,2024-04-06 14:54:48.022000+00:00
2024/04/06, 14:55:48.022,35.94,-75.195, NAN,325.41,279.1,0.41,7.4,7.5,1012.8,1012.5,0.0,0.0,13.74,11.62,2,358,11.5,10.8,64.3,64.4,11.4,10.6,328.2,324.2,1014.9,1014.6,291.69,320.75,1043.5,32.2056,9.4856,316.9,40.2,1484.641, NAN, NAN, NAN, NAN,,2024/04/06 14:55:48.022,2024-04-06 14:55:48.022000+00:00
2024/04/06, 14:56:48.022,35.94,-75.195, NAN,330.89,255.05,0.22,7.5,7.5,1012.7,1012.8,0.0,0.0,13.74,11.62,14,6,12.8,11.7,67.7,67.3,12.7,11.6,345.2,337.2,1014.8,1014.9,530.48,315.56,1512.52,32.2098,9.4817,344.9,40.1,1484.632, NAN, NAN, NAN, NAN,,2024/04/06 14:56:48.022,2024-04-06 14:56:48.022000+00:00
2024/04/06, 14:57:48.022,35.94,-75.195, NAN,331.8,153.65,0.14,7.4,7.5,1012.7,1012.7,0.0,0.0,13.74,11.62,3,358,12.5,12.4,64.0,63.9,12.6,12.5,334.7,329.8,1014.8,1014.8,1058.24,320.36,2762.17,32.2115,9.4828,349.9,40.9,1484.638, NAN, NAN, NAN, NAN,,2024/04/06 14:57:48.022,2024-04-06 14:57:48.022000+00:00
2024/04/06, 14:58:48.022,35.94,-75.195, NAN,334.02,281.63,0.47,7.4,7.4,1012.7,1012.7,0.0,0.0,13.74,11.62,5,1,11.0,10.8,63.7,65.1,10.9,10.7,340.1,336.0,1014.8,1014.8,337.98,314.87,1143.24,32.2146,9.486,343.2,40.3,1484.654, NAN, NAN, NAN, NAN,,2024/04/06 14:58:48.022,2024-04-06 14:58:48.022000+00:00
2024/04/06, 14:59:48.022,35.94,-75.195, NAN,336.84,314.88,0.2,7.4,7.5,1013.0,1012.5,0.0,0.0,13.74,11.62,6,359,12.1,10.6,65.9,65.8,12.0,10.5,342.6,335.5,1015.1,1014.6,958.47,323.5,2735.3,32.2137,9.4904,345.9,40.7,1484.669, NAN, NAN, NAN, NAN,,2024/04/06 14:59:48.022,2024-04-06 14:59:48.022000+00:00
2024/04/06, 15:00:48.022,35.94,-75.195, NAN,337.96,228.38,0.35,7.4,7.4,1012.5,1012.7,0.0,0.0,13.74,11.62,0,352,10.8,10.2,64.2,64.4,10.9,10.2,338.9,330.9,1014.6,1014.8,394.88,317.96,1223.09,32.2132,9.4927,342.8,40.3,1484.676, NAN, NAN, NAN, NAN,,2024/04/06 15:00:48.022,2024-04-06 15:00:48.022000+00:00
2024/04/06, 15:01:48.023,35.94,-75.195, NAN,335.17,100.72,0.28,7.4,7.4,1012.6,1012.6,0.0,0.0,13.74,11.62,359,356,12.2,11.2,63.1,63.1,12.1,11.1,333.6,330.5,1014.7,1014.7,298.99,307.02,1014.07,32.2093,9.493,338.8,40.6,1484.673, NAN, NAN, NAN, NAN,,2024/04/06 15:01:48.023,2024-04-06 15:01:48.023000+00:00
2024/04/06, 15:02:48.023,35.94,-75.195, NAN,333.89,216.68,0.29,7.3,7.4,1012.6,1012.5,0.0,0.0,13.74,11.62,8,0,12.7,12.4,63.0,63.1,12.8,12.5,342.1,334.2,1014.7,1014.6,291.6,295.72,978.85,32.2123,9.4929,338.5,40.8,1484.676, NAN, NAN, NAN, NAN,,2024/04/06 15:02:48.023,2024-04-06 15:02:48.023000+00:00
2024/04/06, 15:03:48.023,35.94,-75.195, NAN,336.47,12.76,0.21,7.3,7.4,1012.6,1012.7,0.0,0.0,13.74,11.62,2,356,12.5,13.2,63.0,62.9,12.4,13.1,338.1,332.1,1014.7,1014.8,355.23,289.23,1381.59,32.2107,9.4899,332.8,40.7,1484.663, NAN, NAN, NAN, NAN,,2024/04/06 15:03:48.023,2024-04-06 15:03:48.023000+00:00
2024/04/06, 15:04:48.023,35.94,-75.195, NAN,336.09,123.92,0.41,7.3,7.4,1012.7,1012.7,0.0,0.0,13.74,11.62,5,357,11.3,11.2,63.1,63.0,11.5,11.4,341.3,333.4,1014.8,1014.8,918.04,295.34,2419.51,32.2137,9.4858,327.0,40.8,1484.652, NAN, NAN, NAN, NAN,,2024/04/06 15:04:48.023,2024-04-06 15:04:48.023000+00:00
2024/04/06, 15:05:48.023,35.94,-75.195, NAN,342.45,345.64,1.28,7.4,7.4,1012.6,1012.8,0.0,0.0,13.74,11.62,355,343,12.7,12.9,64.8,64.5,12.0,12.3,337.4,324.7,1014.7,1014.9,964.24,300.61,2486.48,32.2097,9.4839,327.0,40.7,1484.64, NAN, NAN, NAN, NAN,,2024/04/06 15:05:48.023,2024-04-06 15:05:48.023000+00:00
2024/04/06, 15:06:48.023,35.941,-75.194, NAN,15.15,33.02,3.48,7.4,7.4,1012.6,1012.5,0.0,0.0,13.74,11.62,332,314,12.8,15.9,63.8,63.8,11.7,15.2,340.7,323.0,1014.7,1014.6,918.21,299.79,2461.27,32.2115,9.4854,331.0,40.2,1484.648, NAN, NAN, NAN, NAN,,2024/04/06 15:06:48.023,2024-04-06 15:06:48.023000+00:00
2024/04/06, 15:07:48.023,35.942,-75.194, NAN,15.66,34.51,5.57,7.4,7.4,1012.6,1012.9,0.0,0.0,13.74,11.62,315,316,12.9,15.8,63.5,63.6,11.7,14.5,318.5,322.0,1014.7,1015.0,950.07,297.15,2502.15,32.2107,9.4814,339.2,39.7,1484.632, NAN, NAN, NAN, NAN,,2024/04/06 15:07:48.023,2024-04-06 15:07:48.023000+00:00
2024/04/06, 15:08:48.023,35.943,-75.193, NAN,24.41,31.76,7.28,7.4,7.4,1012.8,1012.7,0.0,0.0,13.74,11.62,327,322,11.6,14.9,65.5,65.2,9.1,12.5,336.0,334.2,1014.9,1014.8,938.51,301.11,2447.58,32.2142,9.4769,347.2,39.8,1484.62, NAN, NAN, NAN, NAN,,2024/04/06 15:08:48.023,2024-04-06 15:08:48.023000+00:00
2024/04/06, 15:09:48.023,35.945,-75.191, NAN,31.78,44.17,8.05,7.4,7.5,1012.7,1012.6,0.0,0.0,13.74,11.62,314,311,13.8,17.7,66.1,66.8,12.0,16.0,329.1,329.9,1014.8,1014.7,1005.29,307.9,2568.12,32.2113,9.482,321.4,40.0,1484.635, NAN, NAN, NAN, NAN,,2024/04/06 15:09:48.023,2024-04-06 15:09:48.023000+00:00
2024/04/06, 15:10:48.023,35.946,-75.189, NAN,34.83,56.79,7.16,7.4,7.5,1012.8,1012.3,0.0,0.0,13.74,11.62,311,308,13.0,16.2,65.4,65.4,11.9,15.2,329.6,329.9,1014.9,1014.4,978.14,308.97,2540.05,32.2131,9.4975,307.5,38.9,1484.694, NAN, NAN, NAN, NAN,,2024/04/06 15:10:48.023,2024-04-06 15:10:48.023000+00:00
2024/04/06, 15:11:48.023,35.948,-75.187, NAN,25.88,36.26,7.62,7.4,7.4,1013.0,1012.4,0.0,0.0,13.74,11.62,326,321,13.6,17.2,63.3,63.5,11.1,14.9,337.7,335.4,1015.1,1014.5,429.64,297.33,1520.33,32.2105,9.5009,288.8,38.7,1484.703, NAN, NAN, NAN, NAN,,2024/04/06 15:11:48.023,2024-04-06 15:11:48.023000+00:00
2024/04/06, 15:12:48.023,35.95,-75.186, NAN,26.42,31.69,8.49,7.4,7.4,1012.7,1012.6,0.0,0.0,13.74,11.62,317,315,12.8,15.9,62.1,61.9,10.5,13.6,325.0,326.9,1014.8,1014.7,987.64,295.23,2494.86,32.2154,9.4985,273.6,39.5,1484.7, NAN, NAN, NAN, NAN,,2024/04/06 15:12:48.023,2024-04-06 15:12:48.023000+00:00
2024/04/06, 15:13:48.023,35.952,-75.184, NAN,29.52,41.37,8.6,7.4,7.4,1012.5,1012.6,0.0,0.0,13.74,11.62,326,320,15.0,18.4,65.2,65.3,12.3,16.0,340.8,337.1,1014.6,1014.7,935.86,294.68,2419.88,32.2198,9.4903,270.8,39.5,1484.676, NAN, NAN, NAN, NAN,,2024/04/06 15:13:48.023,2024-04-06 15:13:48.023000+00:00
2024/04/06, 15:14:48.023,35.954,-75.182, 0.19,26.29,33.98,8.76,7.4,7.4,1012.7,1012.6,0.0,0.0,13.74,11.62,323,315,13.9,17.9,63.6,63.3,11.4,15.8,332.2,327.6,1014.8,1014.7,991.93,297.36,2453.58,32.2199,9.4818,268.6,39.8,1484.645, NAN, NAN, NAN, NAN,,2024/04/06 15:14:48.023,2024-04-06 15:14:48.023000+00:00
2024/04/06, 15:15:48.023,35.956,-75.181, 6.13,27.37,38.17,9.04,7.4,7.4,1013.0,1012.6,0.0,0.0,13.74,11.62,313,313,13.1,16.0,63.5,63.4,11.3,14.0,320.1,324.3,1015.1,1014.7,965.4,296.82,2467.51,32.2251,9.4699,270.5,40.3,1484.607, NAN, NAN, NAN, NAN,,2024/04/06 15:15:48.023,2024-04-06 15:15:48.023000+00:00
2024/04/06, 15:16:48.023,35.958,-75.179, 9.12,27.72,35.4,8.87,7.4,7.4,1012.8,1012.6,0.0,0.0,13.74,11.62,325,320,13.5,17.6,64.9,63.6,10.7,15.0,335.5,334.5,1014.9,1014.7,966.05,296.42,2465.17,32.2313,9.466,267.2,40.1,1484.601, NAN, NAN, NAN, NAN,,2024/04/06 15:16:48.023,2024-04-06 15:16:48.023000+00:00
2024/04/06, 15:17:48.024,35.96,-75.177, 8.69,27.3,35.68,9.09,7.4,7.4,1012.8,1012.7,0.0,0.0,13.74,11.62,322,318,14.0,18.0,65.1,64.9,11.3,15.5,331.8,331.7,1014.9,1014.8,256.21,283.52,1273.99,32.2396,9.4647,263.2,40.0,1484.606, NAN, NAN, NAN, NAN,,2024/04/06 15:17:48.024,2024-04-06 15:17:48.024000+00:00
2024/04/06, 15:18:48.024,35.961,-75.175, 8.64,29.64,42.47,8.45,7.4,7.4,1013.0,1012.3,0.0,0.0,13.74,11.62,323,320,13.5,16.4,62.6,62.5,11.0,14.0,336.0,336.0,1015.1,1014.4,917.32,288.12,2332.13,32.2414,9.4617,260.1,39.8,1484.597, NAN, NAN, NAN, NAN,,2024/04/06 15:18:48.024,2024-04-06 15:18:48.024000+00:00
2024/04/06, 15:19:48.024,35.963,-75.173, 8.67,26.78,37.07,8.83,7.4,7.4,1012.8,1012.4,0.0,0.0,13.74,11.62,318,313,13.1,17.1,63.6,63.6,10.9,15.1,325.7,325.2,1014.9,1014.5,927.98,287.69,2326.56,32.2438,9.4548,257.4,40.0,1484.575, NAN, NAN, NAN, NAN,,2024/04/06 15:19:48.024,2024-04-06 15:19:48.024000+00:00
2024/04/06, 15:20:48.024,35.965,-75.171, 8.79,26.9,38.75,8.74,7.4,7.4,1012.7,1012.6,0.0,0.0,13.74,11.62,322,318,12.7,16.9,63.6,63.7,10.2,14.5,330.1,331.0,1014.8,1014.7,918.96,288.7,2307.49,32.2476,9.446,255.8,40.1,1484.547, NAN, NAN, NAN, NAN,,2024/04/06 15:20:48.024,2024-04-06 15:20:48.024000+00:00
2024/04/06, 15:21:48.024,35.967,-75.17, 9.00,28.16,40.0,8.78,7.4,7.4,1012.8,1012.6,0.0,0.0,13.74,11.62,323,318,14.4,17.6,64.0,63.9,11.7,15.2,335.1,332.8,1014.9,1014.7,938.77,291.4,2339.74,32.2505,9.4405,255.2,40.3,1484.531, NAN, NAN, NAN, NAN,,2024/04/06 15:21:48.024,2024-04-06 15:21:48.024000+00:00
2024/04/06, 15:22:48.024,35.969,-75.168, 8.91,28.17,39.3,9.3,7.4,7.4,1012.7,1012.6,0.0,0.0,13.74,11.62,317,313,13.3,17.7,64.4,64.4,11.1,15.6,325.1,326.3,1014.8,1014.7,949.89,292.25,2367.87,32.2523,9.4387,257.7,40.3,1484.526, NAN, NAN, NAN, NAN,,2024/04/06 15:22:48.024,2024-04-06 15:22:48.024000+00:00
2024/04/06, 15:23:48.024,35.971,-75.166, 8.43,27.68,40.19,8.48,7.4,7.4,1012.8,1012.6,0.0,0.0,13.74,11.62,315,314,12.8,16.5,64.0,64.0,10.9,14.5,323.5,327.2,1014.9,1014.7,940.83,291.1,2343.27,32.2559,9.4368,257.7,39.8,1484.524, NAN, NAN, NAN, NAN,,2024/04/06 15:23:48.024,2024-04-06 15:23:48.024000+00:00
2024/04/06, 15:24:48.024,35.973,-75.164, 8.16,27.98,35.54,8.79,7.3,7.4,1012.9,1012.4,0.0,0.0,13.74,11.62,314,314,12.4,16.1,63.4,63.2,10.7,14.2,321.1,326.4,1015.0,1014.5,935.37,289.34,2317.93,32.2472,9.4396,260.1,39.6,1484.523, NAN, NAN, NAN, NAN,,2024/04/06 15:24:48.024,2024-04-06 15:24:48.024000+00:00
2024/04/06, 15:25:48.024,35.975,-75.162, 8.19,27.34,39.89,8.69,7.3,7.4,1012.9,1012.4,0.0,0.0,13.74,11.62,322,317,12.4,16.1,64.9,64.6,10.0,13.9,329.8,329.3,1015.0,1014.5,954.81,289.35,2346.76,32.2617,9.4453,256.8,39.8,1484.562, NAN, NAN, NAN, NAN,,2024/04/06 15:25:48.024,2024-04-06 15:25:48.024000+00:00
2024/04/06, 15:26:48.024,35.977,-75.161, 8.72,27.45,34.72,8.9,7.4,7.4,1012.8,1012.5,0.0,0.0,13.74,11.62,319,316,11.8,15.6,66.2,66.1,9.6,13.4,324.8,327.5,1014.9,1014.6,953.24,287.97,2330.66,32.2651,9.4494,256.8,39.9,1484.581, NAN, NAN, NAN, NAN,,2024/04/06 15:26:48.024,2024-04-06 15:26:48.024000+00:00
2024/04/06, 15:27:48.024,35.979,-75.159, 8.50,28.03,29.91,8.42,7.4,7.4,1012.8,1012.8,0.0,0.0,13.74,11.62,319,317,12.1,15.7,65.3,65.4,9.7,13.3,327.9,330.8,1014.9,1014.9,953.21,287.11,2283.63,32.2624,9.4479,257.4,39.8,1484.572, NAN, NAN, NAN, NAN,,2024/04/06 15:27:48.024,2024-04-06 15:27:48.024000+00:00
2024/04/06, 15:28:48.024,35.981,-75.157, 8.40,27.87,34.19,8.67,7.4,7.4,1012.6,1012.5,0.0,0.0,13.74,11.62,319,315,13.2,16.3,64.9,64.7,10.9,14.2,328.5,328.0,1014.7,1014.6,925.58,286.07,2264.51,32.2651,9.4428,260.1,39.8,1484.557, NAN, NAN, NAN, NAN,,2024/04/06 15:28:48.024,2024-04-06 15:28:48.024000+00:00
2024/04/06, 15:29:48.024,35.982,-75.155, 8.49,26.15,34.96,8.91,7.3,7.4,1012.7,1012.7,0.0,0.0,13.74,11.62,319,317,12.6,15.9,64.5,64.2,10.3,13.6,325.1,327.7,1014.8,1014.8,936.1,288.92,2278.94,32.2685,9.468,261.9,40.1,1484.654, NAN, NAN, NAN, NAN,,2024/04/06 15:29:48.024,2024-04-06 15:29:48.024000+00:00
2024/04/06, 15:30:48.024,35.984,-75.153, 8.96,29.92,45.04,8.46,7.3,7.4,1012.8,1012.6,0.0,0.0,13.74,11.62,317,313,12.9,16.1,65.3,64.5,10.8,14.2,328.3,328.1,1014.9,1014.7,964.97,292.74,2333.35,32.2717,9.4866,260.8,40.2,1484.726, NAN, NAN, NAN, NAN,,2024/04/06 15:30:48.024,2024-04-06 15:30:48.024000+00:00
2024/04/06, 15:31:48.024,35.986,-75.152, 8.70,27.66,37.85,8.75,7.3,7.3,1012.9,1012.3,0.0,0.0,13.74,11.62,320,317,12.2,15.7,66.0,65.8,10.0,13.6,327.2,329.0,1015.0,1014.4,969.87,295.36,2365.41,32.2749,9.5038,262.5,40.0,1484.792, NAN, NAN, NAN, NAN,,2024/04/06 15:31:48.024,2024-04-06 15:31:48.024000+00:00
2024/04/06, 15:32:48.025,35.988,-75.15, 8.68,27.71,38.28,8.86,7.4,7.4,1012.7,1012.3,0.0,0.0,13.74,11.62,319,315,14.3,16.5,67.6,67.8,12.1,14.5,329.3,327.5,1014.8,1014.4,956.76,289.74,2332.5,32.2732,9.504,260.1,40.5,1484.791, NAN, NAN, NAN, NAN,,2024/04/06 15:32:48.025,2024-04-06 15:32:48.025000+00:00
2024/04/06, 15:33:48.025,35.99,-75.148, 9.03,27.59,35.6,8.66,7.3,7.4,1012.7,1012.6,0.0,0.0,13.74,11.62,316,315,13.1,16.3,65.4,65.2,10.9,14.0,325.0,328.1,1014.8,1014.7,936.96,288.58,2274.93,32.2736,9.5122,253.4,40.7,1484.822, NAN, NAN, NAN, NAN,,2024/04/06 15:33:48.025,2024-04-06 15:33:48.025000+00:00
2024/04/06, 15:34:48.025,35.992,-75.146, 8.81,28.16,33.47,8.79,7.3,7.4,1012.9,1012.4,0.0,0.0,13.74,11.62,313,312,12.8,15.7,66.3,66.3,10.9,13.7,321.2,324.2,1015.0,1014.5,947.08,289.12,2293.43,32.2747,9.5301,254.0,40.3,1484.889, NAN, NAN, NAN, NAN,,2024/04/06 15:34:48.025,2024-04-06 15:34:48.025000+00:00
2024/04/06, 15:35:48.025,35.994,-75.144, 8.73,29.83,41.59,9.01,7.3,7.4,1012.8,1012.5,0.0,0.0,13.74,11.62,319,317,12.9,16.4,65.6,65.8,10.6,14.1,329.0,331.6,1014.9,1014.6,944.85,287.32,2280.07,32.2757,9.5468,251.6,40.7,1484.951, NAN, NAN, NAN, NAN,,2024/04/06 15:35:48.025,2024-04-06 15:35:48.025000+00:00
2024/04/06, 15:36:48.025,35.996,-75.142, 8.98,30.05,38.82,9.24,7.3,7.4,1012.6,1012.4,0.0,0.0,13.74,11.62,311,310,11.9,16.0,63.4,63.3,10.4,14.3,317.7,323.2,1014.7,1014.5,935.76,285.63,2252.0,32.2789,9.5638,248.6,40.5,1485.017, NAN, NAN, NAN, NAN,,2024/04/06 15:36:48.025,2024-04-06 15:36:48.025000+00:00
2024/04/06, 15:37:48.025,35.998,-75.14, 8.94,29.27,35.42,9.35,7.3,7.3,1012.8,1012.3,0.0,0.0,13.74,11.62,311,312,11.7,15.5,63.5,63.4,9.9,13.4,316.4,324.0,1014.9,1014.4,925.64,286.17,2224.78,32.2791,9.5753,245.7,40.5,1485.059, NAN, NAN, NAN, NAN,,2024/04/06 15:37:48.025,2024-04-06 15:37:48.025000+00:00
2024/04/06, 15:38:48.025,36.0,-75.138, 8.99,30.5,36.86,9.26,7.3,7.4,1012.7,1012.6,0.0,0.0,13.74,11.62,313,310,13.5,16.0,63.6,67.7,11.5,14.1,323.6,323.8,1014.8,1014.7,935.04,285.27,2224.27,32.2799,9.5876,244.0,40.4,1485.105, NAN, NAN, NAN, NAN,,2024/04/06 15:38:48.025,2024-04-06 15:38:48.025000+00:00
2024/04/06, 15:39:48.025,36.002,-75.136, 8.72,29.41,39.0,9.05,7.3,7.4,1012.5,1012.6,0.0,0.0,13.74,11.62,309,311,13.0,15.2,65.7,65.7,11.6,13.5,317.6,323.0,1014.6,1014.7,655.83,283.96,1595.05,32.2798,9.5919,242.1,40.2,1485.121, NAN, NAN, NAN, NAN,,2024/04/06 15:39:48.025,2024-04-06 15:39:48.025000+00:00
2024/04/06, 15:40:48.025,36.004,-75.135, 8.51,31.04,45.3,8.3,7.3,7.4,1012.5,1012.5,0.0,0.0,13.74,11.62,318,319,11.2,15.3,66.7,67.0,9.2,13.1,327.6,335.3,1014.6,1014.6,938.08,286.29,2230.27,32.2805,9.5925,244.3,40.0,1485.124, NAN, NAN, NAN, NAN,,2024/04/06 15:40:48.025,2024-04-06 15:40:48.025000+00:00
2024/04/06, 15:41:48.025,36.006,-75.133, 8.63,30.45,38.1,8.73,7.3,7.4,1012.6,1012.2,0.0,0.0,13.74,11.62,318,315,12.7,15.9,66.4,66.1,10.5,13.8,329.0,330.1,1014.7,1014.3,969.31,291.33,2281.53,32.2751,9.5963,243.0,40.9,1485.131, NAN, NAN, NAN, NAN,,2024/04/06 15:41:48.025,2024-04-06 15:41:48.025000+00:00
2024/04/06, 15:42:48.025,36.008,-75.131, 8.94,30.11,37.67,9.2,7.3,7.3,1012.7,1012.3,0.0,0.0,13.74,11.62,318,317,12.5,15.0,67.0,66.7,10.1,12.5,327.3,330.2,1014.8,1014.4,322.45,288.15,954.75,32.2811,9.6145,244.0,41.4,1485.205, NAN, NAN, NAN, NAN,,2024/04/06 15:42:48.025,2024-04-06 15:42:48.025000+00:00
2024/04/06, 15:43:48.025,36.009,-75.129, 8.86,29.44,34.26,8.96,7.3,7.4,1012.5,1012.4,0.0,0.0,13.74,11.62,317,311,13.3,16.8,68.8,68.9,11.0,14.8,327.5,325.4,1014.6,1014.5,852.69,288.41,2083.05,32.2839,9.6426,246.0,40.9,1485.311, NAN, NAN, NAN, NAN,,2024/04/06 15:43:48.025,2024-04-06 15:43:48.025000+00:00
2024/04/06, 15:44:48.025,36.011,-75.127, 8.79,29.69,33.08,8.93,7.3,7.3,1012.5,1012.6,0.0,0.0,13.74,11.62,311,310,11.6,15.6,65.1,65.0,9.8,13.6,317.9,323.3,1014.6,1014.7,997.57,293.18,2377.47,32.283,9.6581,247.6,40.7,1485.366, NAN, NAN, NAN, NAN,,2024/04/06 15:44:48.025,2024-04-06 15:44:48.025000+00:00
2024/04/06, 15:45:48.025,36.013,-75.125, 8.52,30.4,42.41,9.1,7.3,7.3,1012.6,1012.3,0.0,0.0,13.74,11.62,310,312,12.4,16.3,66.4,66.2,10.9,14.4,318.5,326.4,1014.7,1014.4,354.73,289.3,1036.7,32.2785,9.6681,244.0,40.7,1485.397, NAN, NAN, NAN, NAN,,2024/04/06 15:45:48.025,2024-04-06 15:45:48.025000+00:00
2024/04/06, 15:46:48.025,36.015,-75.123, 8.54,29.96,33.58,8.75,7.3,7.3,1012.6,1012.3,0.0,0.0,13.74,11.62,318,313,13.1,16.6,67.0,67.3,10.7,14.4,329.4,328.3,1014.7,1014.4,1025.51,294.24,2470.53,32.2752,9.6731,239.4,40.8,1485.412, NAN, NAN, NAN, NAN,,2024/04/06 15:46:48.025,2024-04-06 15:46:48.025000+00:00
2024/04/06, 15:47:48.026,36.017,-75.121, 8.89,32.65,48.28,8.59,7.3,7.3,1012.4,1012.5,0.0,0.0,13.74,11.62,314,313,12.0,14.7,65.4,65.4,10.6,13.2,325.3,328.5,1014.5,1014.6,995.31,294.65,2390.65,32.2747,9.6792,239.6,40.7,1485.433, NAN, NAN, NAN, NAN,,2024/04/06 15:47:48.026,2024-04-06 15:47:48.026000+00:00
2024/04/06, 15:48:48.026,36.019,-75.12, 8.18,29.6,38.59,8.57,7.3,7.4,1012.7,1012.4,0.0,0.0,13.74,11.62,309,308,12.8,16.0,66.9,67.1,11.1,14.2,319.0,322.3,1014.8,1014.5,1001.71,296.11,2419.92,32.2719,9.6746,243.0,40.5,1485.413, NAN, NAN, NAN, NAN,,2024/04/06 15:48:48.026,2024-04-06 15:48:48.026000+00:00
2024/04/06, 15:49:48.026,36.021,-75.118, 8.93,29.29,36.36,9.18,7.3,7.4,1012.6,1012.5,0.0,0.0,13.74,11.62,311,313,12.8,15.3,66.1,66.6,11.0,13.2,319.2,325.2,1014.7,1014.6,1028.73,300.22,2505.24,32.2727,9.6671,241.2,41.3,1485.387, NAN, NAN, NAN, NAN,,2024/04/06 15:49:48.026,2024-04-06 15:49:48.026000+00:00
2024/04/06, 15:50:48.026,36.023,-75.115, 9.26,41.64,45.36,9.51,7.3,7.3,1012.6,1012.5,0.0,0.0,13.74,11.62,306,308,11.4,15.1,66.2,67.0,9.9,13.1,322.4,331.4,1014.7,1014.6,1091.94,309.7,2641.17,32.2713,9.6575,240.3,41.2,1485.35, NAN, NAN, NAN, NAN,,2024/04/06 15:50:48.026,2024-04-06 15:50:48.026000+00:00
2024/04/06, 15:51:48.026,36.024,-75.113, 9.38,54.76,61.56,9.37,7.3,7.3,1012.7,1012.6,0.0,0.0,13.74,11.62,305,294,11.6,13.0,66.5,66.4,10.5,12.7,335.2,327.2,1014.8,1014.7,1155.1,322.45,2791.41,32.2726,9.6552,240.0,41.3,1485.343, NAN, NAN, NAN, NAN,,2024/04/06 15:51:48.026,2024-04-06 15:51:48.026000+00:00
2024/04/06, 15:52:48.026,36.025,-75.11, 9.43,58.69,75.79,9.44,7.3,7.3,1012.9,1012.5,0.0,0.0,13.74,11.62,286,288,11.8,13.8,68.6,68.5,12.3,14.0,321.6,326.6,1015.0,1014.6,297.37,319.87,1091.11,32.2736,9.6614,242.8,40.8,1485.367, NAN, NAN, NAN, NAN,,2024/04/06 15:52:48.026,2024-04-06 15:52:48.026000+00:00
2024/04/06, 15:53:48.026,36.026,-75.107, 9.58,61.1,69.97,9.91,7.4,7.4,1012.7,1012.7,0.0,0.0,13.74,11.62,290,294,11.5,14.1,69.1,69.3,11.7,13.8,325.8,334.1,1014.8,1014.8,192.02,310.16,763.67,32.275,9.672,244.6,40.7,1485.407, NAN, NAN, NAN, NAN,,2024/04/06 15:53:48.026,2024-04-06 15:53:48.026000+00:00
2024/04/06, 15:54:48.026,36.027,-75.104, 9.53,59.32,64.75,9.56,7.3,7.4,1012.9,1012.6,0.0,0.0,13.74,11.62,288,290,12.4,13.8,68.2,68.1,12.5,13.6,324.6,328.7,1015.0,1014.7,199.47,297.54,785.29,32.2746,9.6839,246.0,40.7,1485.45, NAN, NAN, NAN, NAN,,2024/04/06 15:54:48.026,2024-04-06 15:54:48.026000+00:00
2024/04/06, 15:55:48.026,36.028,-75.101, 9.57,58.97,70.02,9.39,7.3,7.4,1012.7,1012.7,0.0,0.0,13.74,11.62,286,292,12.0,13.2,69.3,69.3,12.4,13.0,322.2,329.7,1014.8,1014.8,1032.71,305.51,2528.93,32.2854,9.6963,242.1,40.8,1485.509, NAN, NAN, NAN, NAN,,2024/04/06 15:55:48.026,2024-04-06 15:55:48.026000+00:00
2024/04/06, 15:56:48.026,36.029,-75.098, 9.71,59.92,67.28,9.7,7.4,7.4,1012.8,1012.6,0.0,0.0,13.74,11.62,277,281,11.2,11.4,69.7,69.8,12.2,12.0,312.8,316.6,1014.9,1014.7,1104.6,313.41,2629.12,32.2883,9.7151,250.0,40.6,1485.581, NAN, NAN, NAN, NAN,,2024/04/06 15:56:48.026,2024-04-06 15:56:48.026000+00:00
2024/04/06, 15:57:48.026,36.03,-75.095, 9.63,59.51,66.1,9.74,7.3,7.4,1012.6,1012.9,0.0,0.0,13.74,11.62,295,295,10.5,12.8,69.0,68.8,10.0,12.0,326.3,331.5,1014.7,1015.0,397.98,309.09,1455.81,32.2937,9.724,254.4,40.7,1485.62, NAN, NAN, NAN, NAN,,2024/04/06 15:57:48.026,2024-04-06 15:57:48.026000+00:00
2024/04/06, 15:58:48.026,36.031,-75.091, 9.72,58.84,66.9,9.66,7.4,7.4,1012.7,1012.6,0.0,0.0,13.74,11.62,294,296,10.3,12.3,70.6,70.6,10.3,11.9,324.9,331.2,1014.8,1014.7,471.88,313.41,1266.82,32.2907,9.7221,243.6,40.7,1485.609, NAN, NAN, NAN, NAN,,2024/04/06 15:58:48.026,2024-04-06 15:58:48.026000+00:00
2024/04/06, 15:59:48.026,36.032,-75.088, 9.81,60.73,66.12,9.82,7.4,7.4,1012.8,1012.4,0.0,0.0,13.74,11.62,293,296,11.0,13.8,70.5,70.5,10.7,13.0,326.9,335.3,1014.9,1014.5,230.95,305.68,821.99,32.2942,9.716,232.7,41.1,1485.591, NAN, NAN, NAN, NAN,,2024/04/06 15:59:48.026,2024-04-06 15:59:48.026000+00:00
2024/04/06, 16:00:48.026,36.033,-75.085, 9.77,60.05,75.53,9.67,7.4,7.4,1012.6,1012.5,0.0,0.0,13.74,11.62,295,294,11.7,14.2,70.1,70.0,11.5,13.9,330.3,333.7,1014.7,1014.6,201.17,291.83,777.33,32.2989,9.7039,231.7,40.8,1485.553, NAN, NAN, NAN, NAN,,2024/04/06 16:00:48.026,2024-04-06 16:00:48.026000+00:00
2024/04/06, 16:01:48.026,36.034,-75.082, 9.58,59.05,70.92,10.02,7.4,7.4,1012.8,1012.4,0.0,0.0,13.74,11.62,288,295,11.5,13.8,69.2,69.3,11.8,13.3,321.6,332.2,1014.9,1014.5,1011.02,295.76,2443.54,32.2969,9.6905,229.9,41.0,1485.501, NAN, NAN, NAN, NAN,,2024/04/06 16:01:48.026,2024-04-06 16:01:48.026000+00:00
2024/04/06, 16:02:48.026,36.035,-75.079, 9.63,59.51,64.57,9.59,7.3,7.4,1012.5,1012.6,0.0,0.0,13.74,11.62,288,296,10.5,12.3,67.9,68.0,10.8,11.8,320.8,332.0,1014.6,1014.7,1036.53,300.12,2462.82,32.3002,9.6726,236.6,40.7,1485.44, NAN, NAN, NAN, NAN,,2024/04/06 16:02:48.026,2024-04-06 16:02:48.026000+00:00
2024/04/06, 16:03:48.027,36.037,-75.076, 9.74,59.06,66.03,9.71,7.3,7.3,1012.7,1012.4,0.0,0.0,13.74,11.62,284,295,10.1,12.1,67.1,67.0,10.8,11.6,315.6,329.9,1014.8,1014.5,622.59,299.22,1289.8,32.2984,9.6495,240.6,41.1,1485.354, NAN, NAN, NAN, NAN,,2024/04/06 16:03:48.027,2024-04-06 16:03:48.027000+00:00
2024/04/06, 16:04:48.027,36.038,-75.073, 9.80,60.07,66.01,10.25,7.3,7.4,1012.6,1012.5,0.0,0.0,13.74,11.62,280,288,10.2,12.7,68.3,68.6,11.3,12.9,312.3,324.3,1014.7,1014.6,1041.61,297.53,2480.72,32.3026,9.6216,235.1,41.3,1485.257, NAN, NAN, NAN, NAN,,2024/04/06 16:04:48.027,2024-04-06 16:04:48.027000+00:00
2024/04/06, 16:05:48.027,36.039,-75.07, 9.70,58.89,67.3,9.82,7.4,7.4,1012.8,1012.3,0.0,0.0,13.74,11.62,291,298,10.5,13.0,69.8,70.1,10.4,12.1,322.0,334.0,1014.9,1014.4,997.01,292.34,2372.7,32.3041,9.5943,233.0,41.0,1485.159, NAN, NAN, NAN, NAN,,2024/04/06 16:05:48.027,2024-04-06 16:05:48.027000+00:00
2024/04/06, 16:06:48.027,36.04,-75.067, 5.25,59.8,62.88,9.06,7.4,7.4,1012.7,1012.3,0.0,0.0,13.74,11.62,296,296,11.2,14.0,69.3,69.1,10.6,13.2,331.3,336.4,1014.8,1014.4,978.81,290.23,2323.32,32.3074,9.5701,237.9,40.7,1485.075, NAN, NAN, NAN, NAN,,2024/04/06 16:06:48.027,2024-04-06 16:06:48.027000+00:00
2024/04/06, 16:07:48.027,36.041,-75.064, 2.19,59.82,63.3,9.86,7.4,7.4,1012.6,1012.5,0.0,0.0,13.74,11.62,287,294,11.3,12.5,66.4,66.6,11.4,11.9,321.0,330.0,1014.7,1014.6,985.59,290.77,2312.56,32.3074,9.552,240.0,40.7,1485.009, NAN, NAN, NAN, NAN,,2024/04/06 16:07:48.027,2024-04-06 16:07:48.027000+00:00
2024/04/06, 16:08:48.027,36.042,-75.061, 0.21,59.55,65.58,9.89,7.4,7.4,1012.6,1012.6,0.0,0.0,13.74,11.62,284,293,11.6,12.6,68.9,69.0,12.1,12.2,318.9,329.0,1014.7,1014.7,977.46,291.51,2316.01,32.3125,9.5397,247.0,41.2,1484.97, NAN, NAN, NAN, NAN,,2024/04/06 16:08:48.027,2024-04-06 16:08:48.027000+00:00
2024/04/06, 16:09:48.027,36.043,-75.057, 3.72,59.79,64.87,9.97,7.4,7.4,1012.6,1012.4,0.0,0.0,13.74,11.62,284,294,9.6,11.6,67.2,67.4,10.2,11.1,314.1,327.8,1014.7,1014.5,992.82,296.36,2346.75,32.3171,9.5362,250.4,41.3,1484.963, NAN, NAN, NAN, NAN,,2024/04/06 16:09:48.027,2024-04-06 16:09:48.027000+00:00
2024/04/06, 16:10:48.027,36.044,-75.054, 1.87,60.5,67.36,9.74,7.4,7.4,1012.6,1012.4,0.0,0.0,13.74,11.62,287,291,13.3,14.4,69.9,67.3,13.3,14.0,325.8,331.3,1014.7,1014.5,1033.55,296.72,2410.64,32.3191,9.5285,249.1,41.4,1484.937, NAN, NAN, NAN, NAN,,2024/04/06 16:10:48.027,2024-04-06 16:10:48.027000+00:00
2024/04/06, 16:11:48.027,36.045,-75.051, 0.42,59.29,64.83,9.79,7.4,7.5,1012.7,1012.3,0.0,0.0,13.74,11.62,283,285,12.0,13.0,68.7,68.7,12.4,13.2,318.6,322.2,1014.8,1014.4,1014.88,292.18,2397.21,32.3223,9.5175,247.3,41.4,1484.901, NAN, NAN, NAN, NAN,,2024/04/06 16:11:48.027,2024-04-06 16:11:48.027000+00:00
2024/04/06, 16:12:48.027,36.046,-75.048, 0.01,60.36,77.1,9.28,7.4,7.5,1012.8,1012.4,0.0,0.0,13.74,11.62,277,283,10.3,11.3,67.7,67.8,11.5,11.9,312.8,319.8,1014.9,1014.5,1003.41,290.89,2335.07,32.326,9.5143,240.9,40.9,1484.893, NAN, NAN, NAN, NAN,,2024/04/06 16:12:48.027,2024-04-06 16:12:48.027000+00:00
2024/04/06, 16:13:48.027,36.048,-75.046, 0.00,29.48,29.29,8.22,7.4,7.4,1012.8,1012.6,0.0,0.0,13.74,11.62,300,302,12.5,15.3,67.9,67.8,11.7,14.2,309.7,315.6,1014.9,1014.7,1005.81,288.82,2318.22,32.3293,9.5114,244.0,40.4,1484.887, NAN, NAN, NAN, NAN,,2024/04/06 16:13:48.027,2024-04-06 16:13:48.027000+00:00
2024/04/06, 16:14:48.027,36.05,-75.044, 0.00,25.01,33.32,8.96,7.4,7.4,1012.5,1012.4,0.0,0.0,13.74,11.62,313,311,11.8,16.3,68.3,68.5,9.8,14.2,315.8,320.5,1014.6,1014.5,974.94,288.45,2284.47,32.3375,9.5072,243.0,40.9,1484.881, NAN, NAN, NAN, NAN,,2024/04/06 16:14:48.027,2024-04-06 16:14:48.027000+00:00
2024/04/06, 16:15:48.027,36.052,-75.042, 0.00,25.1,32.06,8.86,7.5,7.5,1012.7,1012.3,0.0,0.0,13.74,11.62,315,310,12.5,16.0,69.5,69.6,10.3,14.0,319.8,319.3,1014.8,1014.4,976.11,289.86,2285.66,32.3435,9.5053,241.5,40.5,1484.882, NAN, NAN, NAN, NAN,,2024/04/06 16:15:48.027,2024-04-06 16:15:48.027000+00:00
2024/04/06, 16:16:48.027,36.054,-75.041, 0.06,26.63,28.17,9.08,7.5,7.5,1012.6,1012.6,0.0,0.0,13.74,11.62,314,309,11.7,15.8,68.8,68.7,9.4,13.7,318.2,319.4,1014.7,1014.7,711.11,291.26,2256.11,32.3448,9.5031,243.0,40.5,1484.875, NAN, NAN, NAN, NAN,,2024/04/06 16:16:48.027,2024-04-06 16:16:48.027000+00:00
2024/04/06, 16:17:48.027,36.056,-75.039, 4.97,29.01,37.94,8.94,7.5,7.5,1012.6,1012.3,0.0,0.0,13.74,11.62,314,312,12.3,15.7,69.1,69.5,10.0,13.4,322.3,325.2,1014.7,1014.4,1051.25,301.76,2471.71,32.3466,9.4987,244.3,40.5,1484.861, NAN, NAN, NAN, NAN,,2024/04/06 16:17:48.027,2024-04-06 16:17:48.027000+00:00
2024/04/06, 16:18:48.028,36.058,-75.037, 5.57,24.84,31.26,8.8,7.5,7.5,1012.6,1012.3,0.0,0.0,13.74,11.62,317,316,11.4,14.7,68.0,67.9,9.2,12.4,319.6,324.3,1014.7,1014.4,943.19,314.27,2070.86,32.3465,9.4912,245.7,40.0,1484.834, NAN, NAN, NAN, NAN,,2024/04/06 16:18:48.028,2024-04-06 16:18:48.028000+00:00
2024/04/06, 16:19:48.028,36.06,-75.036, 5.98,27.51,30.72,8.83,7.5,7.6,1012.6,1012.6,0.0,0.0,13.74,11.62,315,314,12.0,15.9,69.6,69.7,9.6,13.4,321.8,326.6,1014.7,1014.7,403.82,309.32,1203.34,32.3433,9.4809,244.9,40.5,1484.792, NAN, NAN, NAN, NAN,,2024/04/06 16:19:48.028,2024-04-06 16:19:48.028000+00:00
2024/04/06, 16:20:48.028,36.062,-75.034, 6.43,25.2,29.69,8.69,7.6,7.6,1012.6,1012.3,0.0,0.0,13.74,11.62,317,318,12.4,15.6,69.2,69.2,9.9,12.9,323.0,328.8,1014.7,1014.4,420.93,295.35,970.86,32.345,9.47,248.0,40.6,1484.754, NAN, NAN, NAN, NAN,,2024/04/06 16:20:48.028,2024-04-06 16:20:48.028000+00:00
2024/04/06, 16:21:48.028,36.064,-75.033, 6.51,24.89,31.65,8.18,7.6,7.6,1012.6,1012.1,0.0,0.0,13.74,11.62,321,316,13.2,16.3,70.2,70.3,10.7,14.0,329.7,327.5,1014.7,1014.2,1039.87,296.81,2503.18,32.3461,9.4525,251.0,40.2,1484.692, NAN, NAN, NAN, NAN,,2024/04/06 16:21:48.028,2024-04-06 16:21:48.028000+00:00
2024/04/06, 16:22:48.028,36.067,-75.031, 6.74,24.31,31.86,9.07,7.6,7.6,1012.4,1012.3,0.0,0.0,13.74,11.62,318,316,11.8,15.2,66.8,66.7,9.4,12.8,320.5,323.9,1014.5,1014.4,1092.18,306.52,2558.19,32.3427,9.4343,250.7,40.6,1484.621, NAN, NAN, NAN, NAN,,2024/04/06 16:22:48.028,2024-04-06 16:22:48.028000+00:00
2024/04/06, 16:23:48.028,36.069,-75.03, 6.18,26.28,37.37,8.77,7.6,7.6,1012.4,1012.2,0.0,0.0,13.74,11.62,322,317,13.7,17.5,69.8,66.8,11.0,15.0,331.3,329.9,1014.5,1014.3,784.77,314.16,1913.35,32.3405,9.4183,259.8,40.5,1484.559, NAN, NAN, NAN, NAN,,2024/04/06 16:23:48.028,2024-04-06 16:23:48.028000+00:00
2024/04/06, 16:24:48.028,36.071,-75.028, 5.43,24.45,31.51,9.22,7.6,7.6,1012.4,1012.3,0.0,0.0,13.74,11.62,315,313,13.3,16.0,66.6,66.4,11.1,13.8,319.6,321.2,1014.5,1014.4,417.14,319.49,1237.74,32.3393,9.4022,267.5,40.7,1484.499, NAN, NAN, NAN, NAN,,2024/04/06 16:24:48.028,2024-04-06 16:24:48.028000+00:00
2024/04/06, 16:25:48.028,36.073,-75.027, 5.06,23.57,30.85,8.63,7.6,7.6,1012.8,1012.2,0.0,0.0,13.74,11.62,317,316,13.0,15.9,67.5,68.0,10.7,13.6,322.0,324.8,1014.9,1014.3,413.86,318.84,1184.12,32.3381,9.3882,268.4,40.4,1484.446, NAN, NAN, NAN, NAN,,2024/04/06 16:25:48.028,2024-04-06 16:25:48.028000+00:00
2024/04/06, 16:26:48.028,36.075,-75.025, 4.77,25.95,32.36,9.0,7.7,7.7,1012.5,1012.3,0.0,0.0,13.74,11.62,313,315,12.0,14.7,70.1,70.1,10.2,12.6,316.7,323.5,1014.6,1014.4,326.95,309.2,1018.92,32.3349,9.3764,268.6,39.9,1484.399, NAN, NAN, NAN, NAN,,2024/04/06 16:26:48.028,2024-04-06 16:26:48.028000+00:00
2024/04/06, 16:27:48.028,36.077,-75.024, 4.35,23.46,27.71,8.35,7.7,7.7,1012.6,1012.6,0.0,0.0,13.74,11.62,310,311,13.0,16.7,70.3,70.4,11.1,14.6,315.0,320.6,1014.7,1014.7,209.64,293.7,775.36,32.3352,9.3693,265.9,39.2,1484.373, NAN, NAN, NAN, NAN,,2024/04/06 16:27:48.028,2024-04-06 16:27:48.028000+00:00
2024/04/06, 16:28:48.028,36.079,-75.022, 4.02,25.04,33.01,7.78,7.7,7.7,1012.5,1012.2,0.0,0.0,13.74,11.62,317,317,12.1,17.2,70.0,70.1,9.9,14.9,324.4,330.3,1014.6,1014.3,1003.94,294.44,2411.14,32.3289,9.3652,265.9,39.5,1484.35, NAN, NAN, NAN, NAN,,2024/04/06 16:28:48.028,2024-04-06 16:28:48.028000+00:00
2024/04/06, 16:29:48.028,36.081,-75.021, -0.19,24.28,28.09,8.8,7.7,7.7,1012.5,1012.0,0.0,0.0,13.74,11.62,319,316,14.1,17.5,66.1,66.3,11.3,14.8,327.1,327.3,1014.6,1014.1,977.63,292.44,2362.77,32.3258,9.3662,271.6,40.5,1484.35, NAN, NAN, NAN, NAN,,2024/04/06 16:29:48.028,2024-04-06 16:29:48.028000+00:00
2024/04/06, 16:30:48.028,36.083,-75.019, -0.11,24.86,27.51,9.03,7.6,7.6,1012.6,1011.9,0.0,0.0,13.74,11.62,321,318,13.4,17.1,65.3,65.2,10.4,14.2,328.5,329.5,1014.7,1014.0,975.27,290.73,2350.27,32.3242,9.365,279.6,40.5,1484.344, NAN, NAN, NAN, NAN,,2024/04/06 16:30:48.028,2024-04-06 16:30:48.028000+00:00
2024/04/06, 16:31:48.028,36.085,-75.018, 0.16,26.46,31.25,8.7,7.6,7.6,1012.4,1012.2,0.0,0.0,13.74,11.62,319,317,13.4,17.1,65.7,65.6,10.8,14.5,328.1,330.2,1014.5,1014.3,977.41,289.31,2328.45,32.3217,9.3626,278.4,40.5,1484.332, NAN, NAN, NAN, NAN,,2024/04/06 16:31:48.028,2024-04-06 16:31:48.028000+00:00
2024/04/06, 16:32:48.028,36.087,-75.016, -0.03,23.37,28.41,8.92,7.6,7.6,1012.2,1012.1,0.0,0.0,13.74,11.62,330,325,14.9,17.4,67.4,67.1,11.4,14.2,340.2,336.5,1014.3,1014.2,930.28,287.02,2253.01,32.3178,9.3583,277.9,40.6,1484.311, NAN, NAN, NAN, NAN,,2024/04/06 16:32:48.028,2024-04-06 16:32:48.028000+00:00
2024/04/06, 16:33:48.028,36.089,-75.015, -0.05,22.52,23.58,8.69,7.6,7.6,1012.4,1012.0,0.0,0.0,13.74,11.62,327,323,13.6,16.8,64.5,64.5,10.4,13.7,334.6,333.3,1014.5,1014.1,923.29,286.44,2239.95,32.3157,9.3592,279.6,40.2,1484.312, NAN, NAN, NAN, NAN,,2024/04/06 16:33:48.028,2024-04-06 16:33:48.028000+00:00
2024/04/06, 16:34:48.029,36.091,-75.013, -0.02,23.93,28.35,8.73,7.6,7.6,1012.3,1011.8,0.0,0.0,13.74,11.62,321,319,13.5,16.7,65.0,65.1,10.7,13.9,328.1,329.6,1014.4,1013.9,923.4,287.17,2239.38,32.3133,9.3749,280.9,40.5,1484.367, NAN, NAN, NAN, NAN,,2024/04/06 16:34:48.029,2024-04-06 16:34:48.029000+00:00
2024/04/06, 16:35:48.029,36.093,-75.012, -0.02,23.43,27.47,8.59,7.6,7.6,1012.4,1011.9,0.0,0.0,13.74,11.62,320,317,13.8,16.8,65.1,65.3,11.0,14.2,327.4,327.3,1014.5,1014.0,914.23,287.51,2239.19,32.3159,9.3777,278.4,40.1,1484.38, NAN, NAN, NAN, NAN,,2024/04/06 16:35:48.029,2024-04-06 16:35:48.029000+00:00
2024/04/06, 16:36:48.029,36.096,-75.011, 1.88,23.78,30.62,8.13,7.6,7.6,1012.3,1012.0,0.0,0.0,13.74,11.62,325,318,14.5,17.8,64.9,64.7,11.7,15.3,335.3,330.1,1014.4,1014.1,934.44,288.39,2263.74,32.3146,9.3749,273.2,40.1,1484.368, NAN, NAN, NAN, NAN,,2024/04/06 16:36:48.029,2024-04-06 16:36:48.029000+00:00
2024/04/06, 16:37:48.029,36.098,-75.009, 2.97,23.86,21.56,8.35,7.6,7.6,1012.3,1012.2,0.0,0.0,13.74,11.62,320,318,13.5,17.7,64.5,64.4,10.7,14.9,328.4,330.4,1014.4,1014.3,922.91,289.51,2285.3,32.304,9.3718,272.6,40.1,1484.344, NAN, NAN, NAN, NAN,,2024/04/06 16:37:48.029,2024-04-06 16:37:48.029000+00:00
2024/04/06, 16:38:48.029,36.1,-75.008, 3.61,23.66,32.32,8.45,7.6,7.6,1012.3,1012.3,0.0,0.0,13.74,11.62,322,320,13.1,16.0,65.5,65.2,10.4,13.3,328.9,330.2,1014.4,1014.4,922.47,290.72,2301.19,32.3017,9.3707,274.8,40.5,1484.337, NAN, NAN, NAN, NAN,,2024/04/06 16:38:48.029,2024-04-06 16:38:48.029000+00:00
2024/04/06, 16:39:48.029,36.102,-75.007, 3.87,23.96,31.79,7.83,7.6,7.6,1012.0,1012.2,0.0,0.0,13.74,11.62,318,315,13.9,16.8,65.5,65.5,11.6,14.6,327.1,326.6,1014.1,1014.3,937.79,293.92,2351.88,32.3021,9.3712,275.0,39.7,1484.339, NAN, NAN, NAN, NAN,,2024/04/06 16:39:48.029,2024-04-06 16:39:48.029000+00:00
2024/04/06, 16:40:48.029,36.104,-75.005, 8.52,22.88,30.05,8.72,7.6,7.6,1012.4,1012.0,0.0,0.0,13.74,11.62,325,322,12.2,16.8,65.8,65.4,9.3,13.9,329.5,332.0,1014.5,1014.1,982.99,297.92,2441.92,32.2985,9.3707,272.3,40.0,1484.333, NAN, NAN, NAN, NAN,,2024/04/06 16:40:48.029,2024-04-06 16:40:48.029000+00:00
2024/04/06, 16:41:48.029,36.106,-75.004, 9.42,22.88,30.39,8.52,7.7,7.7,1012.2,1012.0,0.0,0.0,13.74,11.62,325,320,14.4,18.5,68.4,68.4,11.5,15.8,333.3,331.3,1014.3,1014.1,989.85,294.7,2522.58,32.3025,9.3674,269.6,40.5,1484.326, NAN, NAN, NAN, NAN,,2024/04/06 16:41:48.029,2024-04-06 16:41:48.029000+00:00
2024/04/06, 16:42:48.029,36.108,-75.002, 0.56,23.47,28.5,8.85,7.6,7.7,1012.3,1011.9,0.0,0.0,13.74,11.62,321,320,12.9,16.7,66.2,66.4,10.1,13.8,326.4,330.2,1014.4,1014.0,925.04,293.18,2364.42,32.3028,9.3638,267.5,40.7,1484.313, NAN, NAN, NAN, NAN,,2024/04/06 16:42:48.029,2024-04-06 16:42:48.029000+00:00
2024/04/06, 16:43:48.029,36.11,-75.001, 4.33,24.76,27.59,8.61,7.7,7.7,1012.1,1012.1,0.0,0.0,13.74,11.62,315,316,14.0,16.6,67.8,67.6,11.6,14.0,323.0,327.2,1014.2,1014.2,934.62,292.16,2345.59,32.3049,9.3554,264.8,40.0,1484.285, NAN, NAN, NAN, NAN,,2024/04/06 16:43:48.029,2024-04-06 16:43:48.029000+00:00
2024/04/06, 16:44:48.029,36.112,-75.0, 6.34,22.75,26.74,8.38,7.6,7.7,1012.4,1011.9,0.0,0.0,13.74,11.62,315,315,13.5,15.9,65.4,67.6,11.3,13.6,320.5,323.5,1014.5,1014.0,901.57,291.01,2308.51,32.305,9.3463,268.9,39.6,1484.251, NAN, NAN, NAN, NAN,,2024/04/06 16:44:48.029,2024-04-06 16:44:48.029000+00:00
2024/04/06, 16:45:48.029,36.114,-74.998, 7.34,22.99,27.05,8.44,7.6,7.7,1012.4,1012.0,0.0,0.0,13.74,11.62,323,320,14.1,17.6,65.2,67.3,11.2,14.8,331.2,331.2,1014.5,1014.1,891.58,291.04,2299.14,32.3037,9.3366,267.5,40.4,1484.214, NAN, NAN, NAN, NAN,,2024/04/06 16:45:48.029,2024-04-06 16:45:48.029000+00:00
2024/04/06, 16:46:48.029,36.116,-74.997, 5.78,23.84,30.88,8.37,7.6,7.7,1012.1,1011.8,0.0,0.0,13.74,11.62,321,316,13.9,17.3,66.6,66.8,11.2,14.8,329.4,327.2,1014.2,1013.9,925.27,293.69,2344.14,32.31,9.3246,266.2,40.3,1484.178, NAN, NAN, NAN, NAN,,2024/04/06 16:46:48.029,2024-04-06 16:46:48.029000+00:00
2024/04/06, 16:47:48.029,36.118,-74.996, -0.22,24.43,31.38,9.1,7.6,7.7,1012.1,1012.0,0.0,0.0,13.74,11.62,317,312,12.2,16.1,66.4,66.6,9.7,13.8,320.6,320.8,1014.2,1014.1,932.92,296.93,2397.18,32.3074,9.3172,265.2,40.8,1484.147, NAN, NAN, NAN, NAN,,2024/04/06 16:47:48.029,2024-04-06 16:47:48.029000+00:00
2024/04/06, 16:48:48.029,36.121,-74.994, -0.21,25.12,26.48,8.15,7.6,7.7,1012.0,1012.1,0.0,0.0,13.74,11.62,319,314,14.4,17.0,66.8,66.5,11.9,14.7,329.5,326.4,1014.1,1014.2,949.62,299.87,2421.55,32.3076,9.312,263.2,40.0,1484.128, NAN, NAN, NAN, NAN,,2024/04/06 16:48:48.029,2024-04-06 16:48:48.029000+00:00
2024/04/06, 16:49:48.030,36.123,-74.993, -0.04,23.84,30.56,8.03,7.7,7.7,1012.2,1012.0,0.0,0.0,13.74,11.62,314,314,13.4,16.7,68.5,68.5,11.1,14.3,321.6,325.3,1014.3,1014.1,990.56,301.28,2493.18,32.3084,9.3138,265.6,40.1,1484.136, NAN, NAN, NAN, NAN,,2024/04/06 16:49:48.030,2024-04-06 16:49:48.030000+00:00
2024/04/06, 16:50:48.030,36.125,-74.991, -0.01,22.85,31.07,8.39,7.7,7.7,1012.1,1012.0,0.0,0.0,13.74,11.62,315,316,13.9,16.4,66.5,66.6,11.6,13.9,321.4,325.5,1014.2,1014.1,371.0,291.11,1206.52,32.3051,9.3179,267.2,40.5,1484.147, NAN, NAN, NAN, NAN,,2024/04/06 16:50:48.030,2024-04-06 16:50:48.030000+00:00
2024/04/06, 16:51:48.030,36.127,-74.99, 0.00,24.14,29.04,8.94,7.7,7.7,1012.2,1011.9,0.0,0.0,13.74,11.62,322,319,13.9,18.0,68.7,68.9,11.0,15.1,329.7,330.6,1014.3,1014.0,912.52,291.59,2369.07,32.3027,9.3248,269.2,40.9,1484.17, NAN, NAN, NAN, NAN,,2024/04/06 16:51:48.030,2024-04-06 16:51:48.030000+00:00
2024/04/06, 16:52:48.030,36.129,-74.989, 4.54,22.98,28.7,9.34,7.7,7.7,1012.3,1011.8,0.0,0.0,13.74,11.62,325,320,13.6,16.7,66.3,66.3,10.4,13.7,330.6,328.6,1014.4,1013.9,888.25,291.19,2309.94,32.3014,9.3331,272.0,40.8,1484.198, NAN, NAN, NAN, NAN,,2024/04/06 16:52:48.030,2024-04-06 16:52:48.030000+00:00
2024/04/06, 16:53:48.030,36.131,-74.987, 9.30,24.64,27.63,9.15,7.7,7.7,1012.2,1011.9,0.0,0.0,13.74,11.62,322,320,12.9,17.0,67.3,67.2,9.8,13.9,328.6,331.5,1014.3,1014.0,922.69,297.96,2374.58,32.3014,9.3351,274.5,40.7,1484.206, NAN, NAN, NAN, NAN,,2024/04/06 16:53:48.030,2024-04-06 16:53:48.030000+00:00
2024/04/06, 16:54:48.030,36.134,-74.986, 9.04,23.03,26.96,9.28,7.7,7.7,1012.2,1011.9,0.0,0.0,13.74,11.62,324,323,12.6,14.9,67.3,67.0,9.3,11.6,328.6,331.0,1014.3,1014.0,427.18,303.16,1374.18,32.3034,9.3342,284.9,40.7,1484.205, NAN, NAN, NAN, NAN,,2024/04/06 16:54:48.030,2024-04-06 16:54:48.030000+00:00
2024/04/06, 16:55:48.030,36.136,-74.984, 9.03,24.49,30.05,8.98,7.7,7.7,1012.2,1011.9,0.0,0.0,13.74,11.62,322,315,13.1,16.5,70.1,70.0,10.1,13.9,328.9,325.1,1014.3,1014.0,506.52,298.84,2048.92,32.3091,9.3298,288.4,40.8,1484.196, NAN, NAN, NAN, NAN,,2024/04/06 16:55:48.030,2024-04-06 16:55:48.030000+00:00
2024/04/06, 16:56:48.030,36.138,-74.983, 4.87,23.46,27.23,8.93,7.7,7.8,1011.8,1011.9,0.0,0.0,13.74,11.62,324,322,14.7,18.0,69.7,69.9,11.5,14.9,332.8,333.7,1013.9,1014.0,994.83,299.04,2570.24,32.3099,9.3262,289.1,40.2,1484.183, NAN, NAN, NAN, NAN,,2024/04/06 16:56:48.030,2024-04-06 16:56:48.030000+00:00
2024/04/06, 16:57:48.030,36.14,-74.982, 1.65,21.82,25.93,8.43,7.7,7.7,1011.8,1011.9,0.0,0.0,13.74,11.62,327,322,14.3,17.1,65.7,65.5,11.2,14.3,335.0,331.8,1013.9,1014.0,966.82,297.28,2521.68,32.3124,9.3219,284.3,40.4,1484.171, NAN, NAN, NAN, NAN,,2024/04/06 16:57:48.030,2024-04-06 16:57:48.030000+00:00
2024/04/06, 16:58:48.030,36.142,-74.98, 0.27,22.28,27.41,8.79,7.7,7.7,1012.0,1012.2,0.0,0.0,13.74,11.62,324,318,13.3,17.1,66.9,67.0,10.3,14.3,329.8,327.2,1014.1,1014.3,943.81,297.68,2455.84,32.3171,9.3231,279.0,40.1,1484.181, NAN, NAN, NAN, NAN,,2024/04/06 16:58:48.030,2024-04-06 16:58:48.030000+00:00
2024/04/06, 16:59:48.030,36.144,-74.979, -0.14,23.04,21.97,8.3,7.7,7.7,1012.2,1011.9,0.0,0.0,13.74,11.62,320,319,13.0,16.6,66.4,66.4,10.3,13.9,326.6,329.6,1014.3,1014.0,936.12,295.49,2429.32,32.3174,9.3301,283.3,40.1,1484.207, NAN, NAN, NAN, NAN,,2024/04/06 16:59:48.030,2024-04-06 16:59:48.030000+00:00
2024/04/06, 17:00:48.030,36.146,-74.978, -0.14,24.01,29.06,8.95,7.7,7.7,1012.0,1012.0,0.0,0.0,13.74,11.62,320,319,13.6,17.5,67.2,67.4,10.8,14.6,326.7,330.1,1014.1,1014.1,910.2,293.42,2374.66,32.3148,9.33,284.3,40.5,1484.203, NAN, NAN, NAN, NAN,,2024/04/06 17:00:48.030,2024-04-06 17:00:48.030000+00:00
2024/04/06, 17:01:48.030,36.149,-74.976, 4.48,22.62,27.9,8.7,7.7,7.7,1012.2,1011.9,0.0,0.0,13.74,11.62,319,315,13.2,16.5,65.6,66.8,10.6,14.0,324.0,323.5,1014.3,1014.0,922.03,297.26,2413.86,32.3285,9.3203,275.6,40.4,1484.185, NAN, NAN, NAN, NAN,,2024/04/06 17:01:48.030,2024-04-06 17:01:48.030000+00:00
2024/04/06, 17:02:48.030,36.151,-74.975, 5.13,23.32,26.72,8.62,7.7,7.7,1012.3,1011.9,0.0,0.0,13.74,11.62,316,316,12.9,16.0,66.5,66.3,10.4,13.4,321.2,325.3,1014.4,1014.0,598.02,298.95,1521.26,32.3339,9.3083,273.9,40.3,1484.147, NAN, NAN, NAN, NAN,,2024/04/06 17:02:48.030,2024-04-06 17:02:48.030000+00:00
2024/04/06, 17:03:48.030,36.153,-74.973, 5.48,22.6,24.04,8.62,7.7,7.7,1012.3,1011.9,0.0,0.0,13.74,11.62,321,316,12.2,16.6,68.2,68.4,9.4,14.0,325.0,325.1,1014.4,1014.0,984.65,303.11,2557.37,32.3377,9.3091,272.6,40.4,1484.155, NAN, NAN, NAN, NAN,,2024/04/06 17:03:48.030,2024-04-06 17:03:48.030000+00:00
2024/04/06, 17:04:48.031,36.155,-74.972, 4.65,21.76,25.17,8.97,7.7,7.8,1011.9,1012.1,0.0,0.0,13.74,11.62,317,316,13.9,16.6,68.4,68.5,11.4,14.1,321.1,323.3,1014.0,1014.2,926.07,303.09,2534.43,32.3446,9.3195,271.2,40.5,1484.201, NAN, NAN, NAN, NAN,,2024/04/06 17:04:48.031,2024-04-06 17:04:48.031000+00:00
2024/04/06, 17:05:48.031,36.157,-74.971, 3.07,21.76,29.4,9.16,7.7,7.8,1011.9,1012.0,0.0,0.0,13.74,11.62,314,313,13.3,16.8,68.2,66.9,11.1,14.5,316.0,319.6,1014.0,1014.1,386.59,299.5,1435.44,32.356,9.3105,276.9,40.3,1484.182, NAN, NAN, NAN, NAN,,2024/04/06 17:05:48.031,2024-04-06 17:05:48.031000+00:00
2024/04/06, 17:06:48.031,36.159,-74.969, -0.18,22.02,23.61,8.85,7.7,7.7,1012.2,1011.7,0.0,0.0,13.74,11.62,323,318,13.0,15.7,66.2,66.2,10.0,12.9,327.9,325.5,1014.3,1013.8,1049.46,308.32,2254.62,32.3577,9.2878,280.6,40.0,1484.101, NAN, NAN, NAN, NAN,,2024/04/06 17:06:48.031,2024-04-06 17:06:48.031000+00:00
2024/04/06, 17:07:48.031,36.161,-74.968, -0.17,23.91,27.05,8.89,7.7,7.7,1012.1,1011.9,0.0,0.0,13.74,11.62,325,318,13.7,17.5,68.5,66.1,10.6,14.8,332.9,328.8,1014.2,1014.0,259.24,292.45,846.49,32.3667,9.2634,279.0,40.4,1484.022, NAN, NAN, NAN, NAN,,2024/04/06 17:07:48.031,2024-04-06 17:07:48.031000+00:00
2024/04/06, 17:08:48.031,36.164,-74.967, 1.23,21.75,29.38,8.75,7.7,7.7,1011.9,1011.8,0.0,0.0,13.74,11.62,323,318,13.7,16.9,66.8,66.7,10.7,14.2,328.7,326.5,1014.0,1013.9,943.47,293.55,2375.52,32.3688,9.2585,276.0,40.6,1484.006, NAN, NAN, NAN, NAN,,2024/04/06 17:08:48.031,2024-04-06 17:08:48.031000+00:00
2024/04/06, 17:09:48.031,36.166,-74.965, 0.43,23.77,29.36,8.26,7.8,7.8,1012.3,1011.8,0.0,0.0,13.74,11.62,314,311,13.7,15.8,68.7,68.6,11.5,13.7,321.2,320.3,1014.4,1013.9,924.81,294.05,2338.05,32.3705,9.2783,273.6,40.7,1484.081, NAN, NAN, NAN, NAN,,2024/04/06 17:09:48.031,2024-04-06 17:09:48.031000+00:00
2024/04/06, 17:10:48.031,36.167,-74.964, 0.10,22.63,35.65,5.71,7.8,7.8,1012.1,1011.9,0.0,0.0,13.74,11.62,306,307,13.5,16.2,67.5,67.5,12.6,15.2,316.4,319.6,1014.2,1014.0,931.28,295.07,2337.83,32.3849,9.2841,276.9,40.4,1484.12, NAN, NAN, NAN, NAN,,2024/04/06 17:10:48.031,2024-04-06 17:10:48.031000+00:00
2024/04/06, 17:11:48.031,36.168,-74.963, 0.08,359.1,28.49,2.0,7.7,7.8,1012.1,1012.2,0.0,0.0,13.74,11.62,317,317,10.8,13.9,65.4,65.4,10.6,13.6,310.7,312.0,1014.2,1014.3,1010.96,295.0,2330.02,32.3923,9.2789,280.9,40.4,1484.11, NAN, NAN, NAN, NAN,,2024/04/06 17:11:48.031,2024-04-06 17:11:48.031000+00:00
2024/04/06, 17:12:48.031,36.169,-74.963, 0.13,335.27,322.15,0.71,7.7,7.8,1011.9,1012.0,0.0,0.0,13.74,11.62,345,338,8.8,9.3,67.4,67.3,8.4,9.0,319.7,312.4,1014.0,1014.1,876.9,296.13,2320.77,32.4064,9.2791,282.0,40.4,1484.128, NAN, NAN, NAN, NAN,,2024/04/06 17:12:48.031,2024-04-06 17:12:48.031000+00:00
2024/04/06, 17:13:48.031,36.168,-74.963, -0.26,329.27,167.63,0.49,7.8,7.8,1011.9,1012.1,0.0,0.0,13.74,11.62,348,345,10.3,9.9,69.7,70.1,10.5,10.1,317.8,314.9,1014.0,1014.2,884.64,293.55,2309.6,32.4045,9.2794,278.4,39.6,1484.127, NAN, NAN, NAN, NAN,,2024/04/06 17:13:48.031,2024-04-06 17:13:48.031000+00:00
2024/04/06, 17:14:48.031,36.169,-74.963, 1.27,311.33,287.83,1.99,7.8,7.9,1012.1,1011.9,0.0,0.0,13.74,11.62,14,9,10.5,11.3,69.5,69.5,9.7,10.4,328.7,323.1,1014.2,1014.0,918.91,290.52,2289.64,32.4054,9.2827,272.3,41.0,1484.14, NAN, NAN, NAN, NAN,,2024/04/06 17:14:48.031,2024-04-06 17:14:48.031000+00:00
2024/04/06, 17:15:48.031,36.169,-74.964, 0.54,311.16,302.59,2.6,7.8,7.8,1012.0,1011.7,0.0,0.0,13.74,11.62,14,9,12.5,12.2,66.3,66.5,11.3,11.0,328.3,322.9,1014.1,1013.8,924.2,290.5,2278.26,32.4205,9.282,271.6,40.5,1484.156, NAN, NAN, NAN, NAN,,2024/04/06 17:15:48.031,2024-04-06 17:15:48.031000+00:00
2024/04/06, 17:16:48.031,36.169,-74.965, 0.34,313.53,298.89,3.31,7.8,7.8,1011.9,1011.8,0.0,0.0,13.74,11.62,12,8,12.6,12.3,66.3,66.4,11.1,10.8,329.8,325.3,1014.0,1013.9,922.07,293.38,2303.9,32.422,9.2759,264.1,41.0,1484.136, NAN, NAN, NAN, NAN,,2024/04/06 17:16:48.031,2024-04-06 17:16:48.031000+00:00
2024/04/06, 17:17:48.031,36.17,-74.966, 0.35,312.47,298.32,2.53,7.8,7.8,1011.8,1012.0,0.0,0.0,13.74,11.62,15,9,13.4,12.1,68.4,68.3,12.2,10.9,330.1,323.7,1013.9,1014.1,993.82,300.8,2439.47,32.4337,9.2807,270.8,40.7,1484.168, NAN, NAN, NAN, NAN,,2024/04/06 17:17:48.031,2024-04-06 17:17:48.031000+00:00
2024/04/06, 17:18:48.031,36.17,-74.967, 0.39,321.5,307.48,2.45,7.8,7.8,1011.9,1012.0,0.0,0.0,13.74,11.62,11,1,12.2,11.4,66.9,66.5,11.1,10.2,335.4,324.5,1014.0,1014.1,629.67,300.96,1782.01,32.4245,9.2881,297.4,41.0,1484.184, NAN, NAN, NAN, NAN,,2024/04/06 17:18:48.031,2024-04-06 17:18:48.031000+00:00
2024/04/06, 17:19:48.032,36.17,-74.967, 0.04,328.03,303.49,1.68,7.8,7.8,1012.3,1011.8,0.0,0.0,13.74,11.62,5,352,11.1,10.2,69.5,69.3,10.4,9.4,335.5,321.7,1014.4,1013.9,866.72,297.99,2359.95,32.4174,9.2928,299.5,40.5,1484.192, NAN, NAN, NAN, NAN,,2024/04/06 17:19:48.032,2024-04-06 17:19:48.032000+00:00
2024/04/06, 17:20:48.032,36.17,-74.967, 0.33,327.01,317.2,1.89,7.9,7.9,1012.1,1011.9,0.0,0.0,13.74,11.62,0,355,10.6,10.5,69.3,69.8,9.7,9.6,329.3,323.9,1014.2,1014.0,900.8,295.59,2264.44,32.425,9.2916,293.4,40.1,1484.197, NAN, NAN, NAN, NAN,,2024/04/06 17:20:48.032,2024-04-06 17:20:48.032000+00:00
2024/04/06, 17:21:48.032,36.171,-74.968, 0.61,331.21,285.37,1.6,7.9,7.9,1012.0,1012.2,0.0,0.0,13.74,11.62,355,346,11.7,10.6,68.7,68.3,10.9,9.8,327.5,317.9,1014.1,1014.3,979.22,299.15,2444.97,32.4231,9.2907,288.4,40.8,1484.191, NAN, NAN, NAN, NAN,,2024/04/06 17:21:48.032,2024-04-06 17:21:48.032000+00:00
2024/04/06, 17:22:48.032,36.171,-74.968, 0.85,329.17,329.21,2.15,7.9,7.9,1012.1,1012.0,0.0,0.0,13.74,11.62,352,345,13.0,12.5,69.4,68.8,11.9,11.4,320.3,312.6,1014.2,1014.1,960.33,297.08,2408.2,32.4243,9.3014,289.7,40.7,1484.232, NAN, NAN, NAN, NAN,,2024/04/06 17:22:48.032,2024-04-06 17:22:48.032000+00:00
2024/04/06, 17:23:48.032,36.171,-74.968, 1.09,327.59,293.51,0.89,7.9,7.9,1011.9,1011.7,0.0,0.0,13.74,11.62,359,350,12.0,11.7,66.7,66.9,11.5,11.2,326.7,317.3,1014.0,1013.8,937.08,295.07,2359.86,32.4223,9.3059,293.4,40.0,1484.246, NAN, NAN, NAN, NAN,,2024/04/06 17:23:48.032,2024-04-06 17:23:48.032000+00:00
2024/04/06, 17:24:48.032,36.172,-74.969, 0.36,328.39,331.14,0.09,7.9,7.9,1011.9,1011.9,0.0,0.0,13.74,11.62,357,349,11.5,10.6,66.0,65.9,11.5,10.6,325.2,317.1,1014.0,1014.0,966.46,300.57,2402.85,32.406,9.3114,331.2,40.3,1484.247, NAN, NAN, NAN, NAN,,2024/04/06 17:24:48.032,2024-04-06 17:24:48.032000+00:00
2024/04/06, 17:25:48.032,36.172,-74.969, 0.00,331.36,22.35,0.18,7.9,7.9,1011.9,1011.9,0.0,0.0,13.74,11.62,354,348,12.1,11.7,66.6,67.0,12.0,11.6,325.1,319.1,1014.0,1014.0,983.45,299.9,2444.41,32.4156,9.3144,320.0,41.0,1484.269, NAN, NAN, NAN, NAN,,2024/04/06 17:25:48.032,2024-04-06 17:25:48.032000+00:00
2024/04/06, 17:26:48.032,36.172,-74.969, -0.12,329.36,326.24,0.12,7.9,7.9,1011.9,1011.9,0.0,0.0,13.74,11.62,358,350,10.0,10.2,66.4,66.2,10.0,10.3,327.1,319.2,1014.0,1014.0,919.92,293.94,2317.99,32.4153,9.3126,304.9,41.3,1484.262, NAN, NAN, NAN, NAN,,2024/04/06 17:26:48.032,2024-04-06 17:26:48.032000+00:00
2024/04/06, 17:27:48.032,36.172,-74.969, -0.05,328.24,110.48,0.12,7.9,8.0,1012.0,1012.1,0.0,0.0,13.74,11.62,1,353,10.8,10.3,68.7,68.8,10.8,10.3,329.0,321.0,1014.1,1014.2,902.87,291.13,2273.27,32.4138,9.3065,300.8,40.9,1484.238, NAN, NAN, NAN, NAN,,2024/04/06 17:27:48.032,2024-04-06 17:27:48.032000+00:00
2024/04/06, 17:28:48.032,36.172,-74.969, 0.09,329.88,328.23,0.18,7.9,8.0,1011.9,1012.0,0.0,0.0,13.74,11.62,352,346,10.4,9.9,66.5,66.8,10.3,9.8,321.8,315.8,1014.0,1014.1,893.92,290.41,2254.27,32.4084,9.3011,297.1,41.1,1484.212, NAN, NAN, NAN, NAN,,2024/04/06 17:28:48.032,2024-04-06 17:28:48.032000+00:00
2024/04/06, 17:29:48.032,36.172,-74.969, 0.09,329.75,49.99,0.11,7.9,7.9,1012.0,1012.1,0.0,0.0,13.74,11.62,358,352,11.2,10.5,67.3,67.0,11.2,10.5,328.0,322.0,1014.1,1014.2,927.13,291.75,2323.26,32.4142,9.3029,292.4,40.9,1484.225, NAN, NAN, NAN, NAN,,2024/04/06 17:29:48.032,2024-04-06 17:29:48.032000+00:00
2024/04/06, 17:30:48.032,36.172,-74.969, -0.05,330.24,11.27,0.18,7.9,8.0,1012.0,1012.0,0.0,0.0,13.74,11.62,358,350,9.8,9.7,66.9,66.9,9.8,9.7,327.7,319.7,1014.1,1014.1,905.5,292.39,2304.11,32.4161,9.2983,291.5,41.2,1484.211, NAN, NAN, NAN, NAN,,2024/04/06 17:30:48.032,2024-04-06 17:30:48.032000+00:00
2024/04/06, 17:31:48.032,36.172,-74.969, 0.62,329.83,296.85,0.35,8.0,8.0,1012.0,1012.2,0.0,0.0,13.74,11.62,347,341,10.6,10.2,69.4,69.0,10.4,10.0,316.7,310.6,1014.1,1014.3,946.75,296.28,2376.98,32.4174,9.2923,291.5,41.3,1484.19, NAN, NAN, NAN, NAN,,2024/04/06 17:31:48.032,2024-04-06 17:31:48.032000+00:00
2024/04/06, 17:32:48.032,36.172,-74.969, 0.10,328.85,214.4,0.35,8.0,8.0,1012.1,1012.2,0.0,0.0,13.74,11.62,355,350,9.1,11.4,67.9,67.8,9.0,11.3,324.9,319.7,1014.2,1014.3,884.02,298.9,2237.12,32.4154,9.2884,296.4,41.2,1484.173, NAN, NAN, NAN, NAN,,2024/04/06 17:32:48.032,2024-04-06 17:32:48.032000+00:00
2024/04/06, 17:33:48.032,36.172,-74.969, 0.37,328.7,240.3,0.15,8.0,8.0,1011.9,1011.9,0.0,0.0,13.74,11.62,354,351,11.4,10.4,67.3,67.5,11.4,10.4,323.0,320.0,1014.0,1014.0,948.7,299.07,2392.28,32.4124,9.289,293.7,41.5,1484.172, NAN, NAN, NAN, NAN,,2024/04/06 17:33:48.032,2024-04-06 17:33:48.032000+00:00
2024/04/06, 17:34:48.032,36.172,-74.969, -0.17,327.88,82.09,0.29,8.0,8.0,1012.2,1011.9,0.0,0.0,13.74,11.62,351,347,10.9,10.0,67.9,67.6,11.0,10.1,318.4,314.4,1014.3,1014.0,922.41,295.6,2353.22,32.4194,9.2931,293.4,40.8,1484.196, NAN, NAN, NAN, NAN,,2024/04/06 17:34:48.032,2024-04-06 17:34:48.032000+00:00
2024/04/06, 17:35:48.033,36.172,-74.969, 0.04,327.7,265.33,0.11,8.0,8.0,1011.8,1012.0,0.0,0.0,13.74,11.62,353,349,11.6,10.7,67.1,67.6,11.5,10.6,320.7,316.6,1013.9,1014.1,911.14,293.99,2330.71,32.4125,9.3017,291.5,41.2,1484.219, NAN, NAN, NAN, NAN,,2024/04/06 17:35:48.033,2024-04-06 17:35:48.033000+00:00
2024/04/06, 17:36:48.033,36.172,-74.969, 0.07,330.4,25.22,0.28,8.0,8.0,1011.8,1012.1,0.0,0.0,13.74,11.62,348,342,11.5,11.6,65.6,65.5,11.4,11.5,317.9,311.9,1013.9,1014.2,912.45,292.81,2339.59,32.4198,9.3047,290.4,40.4,1484.239, NAN, NAN, NAN, NAN,,2024/04/06 17:36:48.033,2024-04-06 17:36:48.033000+00:00
2024/04/06, 17:37:48.033,36.172,-74.969, 0.06,327.76,90.89,0.31,8.0,8.0,1011.9,1012.0,0.0,0.0,13.74,11.62,1,356,10.9,10.7,66.4,66.6,11.1,10.9,328.7,323.8,1014.0,1014.1,912.98,292.49,2339.47,32.4191,9.3105,290.0,41.1,1484.259, NAN, NAN, NAN, NAN,,2024/04/06 17:37:48.033,2024-04-06 17:37:48.033000+00:00
2024/04/06, 17:38:48.033,36.172,-74.969, 0.17,329.65,97.19,0.14,8.0,8.0,1012.0,1012.1,0.0,0.0,13.74,11.62,353,345,11.3,11.4,65.5,65.7,11.2,11.3,322.8,314.7,1014.1,1014.2,920.76,293.43,2353.46,32.4212,9.3154,281.6,41.0,1484.28, NAN, NAN, NAN, NAN,,2024/04/06 17:38:48.033,2024-04-06 17:38:48.033000+00:00
2024/04/06, 17:39:48.033,36.172,-74.969, -0.15,326.4,57.51,0.12,8.0,8.0,1012.0,1011.9,0.0,0.0,13.74,11.62,358,353,10.2,10.5,66.3,66.3,10.3,10.6,324.6,319.6,1014.1,1014.0,911.43,293.99,2341.61,32.4191,9.3128,280.9,40.8,1484.268, NAN, NAN, NAN, NAN,,2024/04/06 17:39:48.033,2024-04-06 17:39:48.033000+00:00
2024/04/06, 17:40:48.033,36.172,-74.969, 0.17,328.54,115.44,0.33,8.1,8.1,1012.2,1011.9,0.0,0.0,13.74,11.62,355,348,10.9,10.9,67.0,66.6,10.9,11.0,322.7,315.7,1014.3,1014.0,943.24,296.76,2391.04,32.4151,9.3083,279.3,40.6,1484.246, NAN, NAN, NAN, NAN,,2024/04/06 17:40:48.033,2024-04-06 17:40:48.033000+00:00
2024/04/06, 17:41:48.033,36.172,-74.969, 0.03,328.61,299.49,0.28,8.1,8.1,1011.9,1012.0,0.0,0.0,13.74,11.62,356,353,10.9,10.0,66.5,66.7,10.8,9.9,324.8,321.8,1014.0,1014.1,183.66,288.62,663.35,32.4182,9.3089,278.4,41.0,1484.252, NAN, NAN, NAN, NAN,,2024/04/06 17:41:48.033,2024-04-06 17:41:48.033000+00:00
2024/04/06, 17:42:48.033,36.172,-74.969, -0.06,328.52,135.99,0.21,8.1,8.1,1011.9,1012.2,0.0,0.0,13.74,11.62,1,355,11.5,11.8,66.9,67.5,11.5,11.8,329.0,323.0,1014.0,1014.3,239.48,284.66,797.51,32.4204,9.3051,282.0,40.8,1484.241, NAN, NAN, NAN, NAN,,2024/04/06 17:42:48.033,2024-04-06 17:42:48.033000+00:00
2024/04/06, 17:43:48.033,36.172,-74.969, -0.01,325.49,82.73,0.08,8.1,8.1,1012.0,1012.1,0.0,0.0,13.74,11.62,7,2,13.5,12.1,64.9,64.6,13.5,12.1,332.3,327.3,1014.1,1014.2,909.13,290.34,2297.72,32.4212,9.3026,284.3,40.2,1484.233, NAN, NAN, NAN, NAN,,2024/04/06 17:43:48.033,2024-04-06 17:43:48.033000+00:00
2024/04/06, 17:44:48.033,36.172,-74.969, 0.00,330.45,163.87,0.08,8.1,8.1,1011.8,1011.9,0.0,0.0,13.74,11.62,6,0,14.0,13.1,65.2,62.1,14.0,13.1,336.6,330.6,1013.9,1014.0,896.61,289.82,2291.28,32.4156,9.3022,286.4,40.7,1484.225, NAN, NAN, NAN, NAN,,2024/04/06 17:44:48.033,2024-04-06 17:44:48.033000+00:00
2024/04/06, 17:45:48.033,36.172,-74.969, 0.01,328.77,115.61,0.24,8.1,8.1,1012.1,1011.8,0.0,0.0,13.74,11.62,1,356,11.8,11.4,61.8,61.9,11.8,11.4,329.2,324.2,1014.2,1013.9,892.16,289.54,2273.51,32.42,9.3023,285.4,41.1,1484.23, NAN, NAN, NAN, NAN,,2024/04/06 17:45:48.033,2024-04-06 17:45:48.033000+00:00
2024/04/06, 17:46:48.033,36.172,-74.969, -0.01,331.52,179.49,0.24,8.1,8.1,1011.9,1011.9,0.0,0.0,13.74,11.62,6,358,10.7,10.6,63.8,63.6,10.7,10.6,338.2,330.2,1014.0,1014.0,887.34,290.19,2263.04,32.4244,9.3037,298.8,41.0,1484.241, NAN, NAN, NAN, NAN,,2024/04/06 17:46:48.033,2024-04-06 17:46:48.033000+00:00
2024/04/06, 17:47:48.033,36.172,-74.969, -0.17,331.11,146.49,0.67,8.1,8.2,1011.9,1011.9,0.0,0.0,13.74,11.62,353,348,10.5,10.5,64.0,66.8,10.8,10.8,324.2,319.3,1014.0,1014.0,883.17,290.16,2255.31,32.4259,9.3079,298.8,40.3,1484.258, NAN, NAN, NAN, NAN,,2024/04/06 17:47:48.033,2024-04-06 17:47:48.033000+00:00
2024/04/06, 17:48:48.033,36.172,-74.969, 0.16,333.2,56.65,0.37,8.2,8.2,1011.9,1011.9,0.0,0.0,13.74,11.62,358,355,10.8,10.6,67.0,65.5,10.7,10.5,330.6,327.5,1014.0,1014.0,883.47,290.49,2260.19,32.4164,9.316,301.4,40.6,1484.276, NAN, NAN, NAN, NAN,,2024/04/06 17:48:48.033,2024-04-06 17:48:48.033000+00:00
2024/04/06, 17:49:48.033,36.172,-74.969, 0.05,334.13,227.3,0.33,8.2,8.2,1012.0,1012.0,0.0,0.0,13.74,11.62,356,351,10.6,10.7,67.4,67.6,10.5,10.6,330.9,325.8,1014.1,1014.1,892.02,291.11,2280.1,32.4238,9.3346,298.8,41.0,1484.354, NAN, NAN, NAN, NAN,,2024/04/06 17:49:48.033,2024-04-06 17:49:48.033000+00:00
2024/04/06, 17:50:48.034,36.172,-74.969, -0.02,335.22,81.12,0.21,8.2,8.2,1012.1,1012.1,0.0,0.0,13.74,11.62,358,351,11.6,11.0,66.5,66.2,11.7,11.1,332.9,325.9,1014.2,1014.2,896.32,292.55,2315.74,32.4262,9.3424,294.7,41.0,1484.385, NAN, NAN, NAN, NAN,,2024/04/06 17:50:48.034,2024-04-06 17:50:48.034000+00:00
2024/04/06, 17:51:48.034,36.172,-74.969, 0.00,335.63,158.04,0.51,8.2,8.2,1012.1,1012.1,0.0,0.0,13.74,11.62,355,349,10.1,9.8,66.8,67.0,10.4,10.1,330.3,324.5,1014.2,1014.2,901.18,294.3,2342.35,32.4246,9.3489,297.4,40.5,1484.407, NAN, NAN, NAN, NAN,,2024/04/06 17:51:48.034,2024-04-06 17:51:48.034000+00:00
2024/04/06, 17:52:48.034,36.172,-74.969, -0.02,332.16,316.06,0.22,8.2,8.2,1012.0,1012.0,0.0,0.0,13.74,11.62,351,342,11.0,10.5,68.5,67.1,11.1,10.6,323.4,314.5,1014.1,1014.1,917.16,295.76,2382.06,32.4212,9.3507,298.0,40.4,1484.41, NAN, NAN, NAN, NAN,,2024/04/06 17:52:48.034,2024-04-06 17:52:48.034000+00:00
2024/04/06, 17:53:48.034,36.172,-74.969, 0.21,334.16,341.21,0.49,8.2,8.3,1012.1,1012.0,0.0,0.0,13.74,11.62,351,340,11.9,11.6,68.0,68.0,11.7,11.4,324.6,313.4,1014.2,1014.1,934.47,297.86,2426.57,32.4211,9.3496,301.1,40.2,1484.406, NAN, NAN, NAN, NAN,,2024/04/06 17:53:48.034,2024-04-06 17:53:48.034000+00:00
2024/04/06, 17:54:48.034,36.172,-74.969, -0.06,337.0,217.1,0.5,8.2,8.3,1012.3,1011.8,0.0,0.0,13.74,11.62,348,343,10.2,11.6,66.9,66.7,10.4,11.8,325.9,320.9,1014.4,1013.9,932.84,299.06,2303.68,32.4217,9.3509,312.6,40.7,1484.411, NAN, NAN, NAN, NAN,,2024/04/06 17:54:48.034,2024-04-06 17:54:48.034000+00:00
2024/04/06, 17:55:48.034,36.172,-74.969, 0.23,333.32,15.63,0.29,8.3,8.3,1012.0,1012.0,0.0,0.0,13.74,11.62,349,344,12.0,13.0,65.9,65.9,11.9,12.9,322.0,316.9,1014.1,1014.1,992.4,301.76,2571.44,32.4252,9.3477,315.6,40.3,1484.404, NAN, NAN, NAN, NAN,,2024/04/06 17:55:48.034,2024-04-06 17:55:48.034000+00:00
2024/04/06, 17:56:48.034,36.172,-74.969, -0.13,334.52,60.56,0.48,8.2,8.2,1012.1,1011.9,0.0,0.0,13.74,11.62,348,339,12.0,12.6,63.2,63.1,12.1,12.7,321.4,312.5,1014.2,1014.0,695.53,300.59,1963.55,32.4245,9.3482,325.4,40.9,1484.405, NAN, NAN, NAN, NAN,,2024/04/06 17:56:48.034,2024-04-06 17:56:48.034000+00:00
2024/04/06, 17:57:48.034,36.172,-74.969, -0.38,333.03,171.42,0.37,8.2,8.2,1011.9,1012.1,0.0,0.0,13.74,11.62,348,340,10.5,10.8,63.4,64.9,10.7,11.0,321.4,313.5,1014.0,1014.2,992.16,305.22,2655.21,32.4245,9.352,324.0,40.9,1484.418, NAN, NAN, NAN, NAN,,2024/04/06 17:57:48.034,2024-04-06 17:57:48.034000+00:00
2024/04/06, 17:58:48.034,36.171,-74.969, -0.05,332.22,144.65,0.78,8.3,8.3,1012.0,1011.9,0.0,0.0,13.74,11.62,350,344,11.0,10.5,67.5,67.5,11.4,10.9,322.1,316.3,1014.1,1014.0,995.35,305.02,2338.95,32.4245,9.3521,327.6,40.7,1484.419, NAN, NAN, NAN, NAN,,2024/04/06 17:58:48.034,2024-04-06 17:58:48.034000+00:00
2024/04/06, 17:59:48.034,36.172,-74.969, 0.68,332.13,280.62,0.87,8.3,8.3,1011.9,1011.9,0.0,0.0,13.74,11.62,350,342,11.1,12.7,65.9,65.7,10.7,12.3,322.2,313.9,1014.0,1014.0,961.82,300.76,2527.04,32.4246,9.35,327.6,40.9,1484.411, NAN, NAN, NAN, NAN,,2024/04/06 17:59:48.034,2024-04-06 17:59:48.034000+00:00
2024/04/06, 18:00:48.034,36.172,-74.969, 0.79,330.41,306.36,0.75,8.4,8.4,1012.0,1012.0,0.0,0.0,13.74,11.62,350,345,11.7,12.1,67.6,67.7,11.3,11.7,320.9,315.7,1014.1,1014.1,887.81,298.1,2396.61,32.4305,9.3423,327.0,40.5,1484.39, NAN, NAN, NAN, NAN,,2024/04/06 18:00:48.034,2024-04-06 18:00:48.034000+00:00
2024/04/06, 18:01:48.034,36.172,-74.969, 1.55,333.38,337.12,1.89,8.3,8.4,1011.9,1011.8,0.0,0.0,13.74,11.62,1,354,13.1,12.3,64.8,64.8,12.1,11.3,334.3,326.7,1014.0,1013.9,954.01,300.99,2489.8,32.4236,9.3384,326.4,41.1,1484.367, NAN, NAN, NAN, NAN,,2024/04/06 18:01:48.034,2024-04-06 18:01:48.034000+00:00
2024/04/06, 18:02:48.034,36.172,-74.969, 1.81,334.15,331.72,1.47,8.4,8.4,1011.9,1011.9,0.0,0.0,13.74,11.62,355,345,13.4,12.2,65.4,65.4,12.6,11.4,329.5,318.8,1014.0,1014.0,964.04,302.71,2510.95,32.4255,9.3343,341.6,40.9,1484.355, NAN, NAN, NAN, NAN,,2024/04/06 18:02:48.034,2024-04-06 18:02:48.034000+00:00
2024/04/06, 18:03:48.034,36.173,-74.97, 1.36,332.03,328.82,1.27,8.3,8.4,1012.1,1011.7,0.0,0.0,13.74,11.62,356,349,10.9,10.3,64.1,64.8,10.2,9.7,327.8,320.4,1014.2,1013.8,933.18,297.51,2425.64,32.4359,9.3487,366.0,39.8,1484.42, NAN, NAN, NAN, NAN,,2024/04/06 18:03:48.034,2024-04-06 18:03:48.034000+00:00
2024/04/06, 18:04:48.034,36.173,-74.97, 1.41,335.45,313.1,1.68,8.4,8.4,1011.9,1011.8,0.0,0.0,13.74,11.62,355,347,12.7,12.4,66.5,67.0,11.9,11.5,331.4,322.8,1014.0,1013.9,938.64,298.03,2353.93,32.415,9.354,396.9,40.5,1484.414, NAN, NAN, NAN, NAN,,2024/04/06 18:04:48.034,2024-04-06 18:04:48.034000+00:00
2024/04/06, 18:05:48.035,36.173,-74.97, -0.20,336.1,157.53,0.47,8.3,8.4,1011.6,1011.9,0.0,0.0,13.74,11.62,352,343,10.8,11.1,64.1,64.2,11.0,11.3,328.1,319.2,1013.7,1014.0,657.6,294.37,2007.39,32.4245,9.3445,381.4,40.9,1484.391, NAN, NAN, NAN, NAN,,2024/04/06 18:05:48.035,2024-04-06 18:05:48.035000+00:00
2024/04/06, 18:06:48.035,36.173,-74.97, 0.59,336.69,178.03,0.49,8.4,8.4,1011.9,1012.1,0.0,0.0,13.74,11.62,355,353,11.5,10.7,66.3,66.2,11.7,10.9,332.6,330.7,1014.0,1014.2,955.39,298.23,2500.73,32.4225,9.3366,356.3,41.0,1484.359, NAN, NAN, NAN, NAN,,2024/04/06 18:06:48.035,2024-04-06 18:06:48.035000+00:00
2024/04/06, 18:07:48.035,36.173,-74.97, 0.46,333.38,57.61,0.24,8.4,8.4,1011.9,1012.0,0.0,0.0,13.74,11.62,354,343,9.8,10.1,67.4,67.1,9.7,10.0,326.9,315.9,1014.0,1014.1,1019.14,302.18,2620.47,32.4212,9.3393,347.5,41.2,1484.368, NAN, NAN, NAN, NAN,,2024/04/06 18:07:48.035,2024-04-06 18:07:48.035000+00:00
2024/04/06, 18:08:48.035,36.173,-74.97, 0.03,333.02,183.74,0.23,8.4,8.4,1012.1,1011.9,0.0,0.0,13.74,11.62,5,0,9.6,10.5,67.2,67.9,9.5,10.4,338.3,333.3,1014.2,1014.0,941.71,299.06,2111.89,32.4259,9.3455,356.9,40.7,1484.396, NAN, NAN, NAN, NAN,,2024/04/06 18:08:48.035,2024-04-06 18:08:48.035000+00:00
2024/04/06, 18:09:48.035,36.173,-74.97, 0.11,333.42,359.69,0.21,8.4,8.4,1012.0,1011.8,0.0,0.0,13.74,11.62,359,355,11.7,11.0,65.9,66.1,11.6,10.9,332.0,328.0,1014.1,1013.9,703.29,297.45,2065.27,32.4245,9.3484,344.9,40.6,1484.405, NAN, NAN, NAN, NAN,,2024/04/06 18:09:48.035,2024-04-06 18:09:48.035000+00:00
2024/04/06, 18:10:48.035,36.173,-74.97, 0.08,334.29,158.51,0.21,8.4,8.4,1011.9,1011.9,0.0,0.0,13.74,11.62,355,346,13.2,13.2,65.6,65.9,13.2,13.2,329.8,320.7,1014.0,1014.0,588.98,293.92,1816.88,32.4205,9.3508,341.2,40.8,1484.409, NAN, NAN, NAN, NAN,,2024/04/06 18:10:48.035,2024-04-06 18:10:48.035000+00:00
2024/04/06, 18:11:48.035,36.173,-74.97, 0.13,337.08,321.1,0.45,8.4,8.4,1011.9,1011.7,0.0,0.0,13.74,11.62,352,346,11.5,11.2,61.3,61.1,11.3,11.0,329.5,323.4,1014.0,1013.8,976.01,297.15,2580.14,32.4303,9.3487,331.8,40.5,1484.413, NAN, NAN, NAN, NAN,,2024/04/06 18:11:48.035,2024-04-06 18:11:48.035000+00:00
2024/04/06, 18:12:48.035,36.173,-74.97, 0.04,333.12,97.26,0.17,8.4,8.4,1011.6,1011.9,0.0,0.0,13.74,11.62,0,353,12.0,11.4,64.9,64.7,12.0,11.4,332.7,325.7,1013.7,1014.0,373.57,288.37,988.95,32.4307,9.345,320.9,40.3,1484.4, NAN, NAN, NAN, NAN,,2024/04/06 18:12:48.035,2024-04-06 18:12:48.035000+00:00
2024/04/06, 18:13:48.035,36.173,-74.97, -0.08,333.17,222.23,0.35,8.4,8.4,1011.8,1011.9,0.0,0.0,13.74,11.62,1,356,11.2,11.5,65.4,65.1,11.3,11.6,334.9,329.9,1013.9,1014.0,933.01,291.68,2396.82,32.4242,9.3386,335.2,41.2,1484.369, NAN, NAN, NAN, NAN,,2024/04/06 18:13:48.035,2024-04-06 18:13:48.035000+00:00
2024/04/06, 18:14:48.035,36.173,-74.97, 0.04,335.82,166.97,0.23,8.4,8.4,1011.9,1011.8,0.0,0.0,13.74,11.62,352,348,12.6,12.2,64.6,64.5,12.7,12.3,327.8,323.8,1014.0,1013.9,904.1,290.25,2333.86,32.4259,9.3318,336.4,40.8,1484.346, NAN, NAN, NAN, NAN,,2024/04/06 18:14:48.035,2024-04-06 18:14:48.035000+00:00
2024/04/06, 18:15:48.035,36.173,-74.97, -0.04,338.03,265.82,0.61,8.4,8.4,1011.8,1012.0,0.0,0.0,13.74,11.62,355,348,10.4,9.8,62.0,62.0,10.1,9.5,334.0,326.9,1013.9,1014.1,888.57,290.74,2310.09,32.4218,9.3339,340.8,40.4,1484.349, NAN, NAN, NAN, NAN,,2024/04/06 18:15:48.035,2024-04-06 18:15:48.035000+00:00
2024/04/06, 18:16:48.035,36.173,-74.97, 0.64,332.8,266.95,0.19,8.4,8.4,1011.8,1011.8,0.0,0.0,13.74,11.62,357,353,11.6,10.9,65.1,65.2,11.6,10.9,330.3,326.3,1013.9,1013.9,919.32,291.43,2312.25,32.4257,9.3375,355.0,41.0,1484.367, NAN, NAN, NAN, NAN,,2024/04/06 18:16:48.035,2024-04-06 18:16:48.035000+00:00
2024/04/06, 18:17:48.035,36.173,-74.97, -0.13,332.63,264.79,0.3,8.4,8.4,1011.8,1011.7,0.0,0.0,13.74,11.62,357,352,11.2,10.0,65.1,65.0,11.3,10.1,330.3,325.4,1013.9,1013.8,927.75,291.85,2314.75,32.4248,9.3394,348.9,40.7,1484.373, NAN, NAN, NAN, NAN,,2024/04/06 18:17:48.035,2024-04-06 18:17:48.035000+00:00
2024/04/06, 18:18:48.035,36.173,-74.97, 0.33,335.54,351.46,0.35,8.4,8.5,1011.8,1011.9,0.0,0.0,13.74,11.62,357,352,12.2,11.6,64.9,64.8,12.0,11.4,332.3,327.2,1013.9,1014.0,901.27,291.49,2277.72,32.4262,9.3381,346.8,40.0,1484.369, NAN, NAN, NAN, NAN,,2024/04/06 18:18:48.035,2024-04-06 18:18:48.035000+00:00
2024/04/06, 18:19:48.035,36.173,-74.97, -0.15,333.89,312.18,0.07,8.5,8.5,1011.9,1011.9,0.0,0.0,13.74,11.62,352,345,10.9,10.9,65.9,65.6,10.9,10.9,326.1,319.1,1014.0,1014.0,906.36,290.12,2262.06,32.4265,9.3358,339.2,40.5,1484.361, NAN, NAN, NAN, NAN,,2024/04/06 18:19:48.035,2024-04-06 18:19:48.035000+00:00
2024/04/06, 18:20:48.036,36.173,-74.97, 0.24,331.73,67.34,0.16,8.4,8.5,1011.8,1011.8,0.0,0.0,13.74,11.62,359,350,12.6,11.7,63.4,63.7,12.6,11.7,330.4,321.3,1013.9,1013.9,903.34,288.75,2245.99,32.4241,9.3349,335.2,40.3,1484.355, NAN, NAN, NAN, NAN,,2024/04/06 18:20:48.036,2024-04-06 18:20:48.036000+00:00
2024/04/06, 18:21:48.036,36.173,-74.97, 0.03,331.49,272.86,0.22,8.4,8.5,1011.6,1011.7,0.0,0.0,13.74,11.62,355,346,12.0,12.1,64.0,63.8,11.9,12.0,326.5,317.4,1013.7,1013.8,900.84,288.29,2232.6,32.4247,9.3378,338.8,41.1,1484.367, NAN, NAN, NAN, NAN,,2024/04/06 18:21:48.036,2024-04-06 18:21:48.036000+00:00
2024/04/06, 18:22:48.036,36.173,-74.97, -0.37,330.16,311.48,0.31,8.5,8.5,1011.9,1011.7,0.0,0.0,13.74,11.62,6,359,11.0,11.5,65.5,65.7,11.2,11.7,336.1,329.2,1014.0,1013.8,904.26,287.47,2232.33,32.4291,9.335,336.8,41.3,1484.362, NAN, NAN, NAN, NAN,,2024/04/06 18:22:48.036,2024-04-06 18:22:48.036000+00:00
2024/04/06, 18:23:48.036,36.173,-74.97, 0.17,329.49,342.77,0.24,8.5,8.5,1011.6,1011.6,0.0,0.0,13.74,11.62,2,358,11.0,11.2,64.1,63.6,10.9,11.1,331.7,327.6,1013.7,1013.7,902.59,286.92,2230.68,32.4223,9.3351,336.8,41.3,1484.354, NAN, NAN, NAN, NAN,,2024/04/06 18:23:48.036,2024-04-06 18:23:48.036000+00:00
2024/04/06, 18:24:48.036,36.173,-74.97, -0.06,327.67,267.75,0.17,8.5,8.5,1011.8,1011.8,0.0,0.0,13.74,11.62,4,0,12.5,11.8,63.0,62.7,12.5,11.8,332.1,328.1,1013.9,1013.9,906.72,286.63,2230.15,32.4266,9.3365,337.9,41.1,1484.364, NAN, NAN, NAN, NAN,,2024/04/06 18:24:48.036,2024-04-06 18:24:48.036000+00:00
2024/04/06, 18:25:48.036,36.173,-74.97, 0.06,329.99,156.04,0.07,8.4,8.5,1011.5,1011.6,0.0,0.0,13.74,11.62,6,1,13.0,11.8,59.9,59.9,13.0,11.8,335.8,330.8,1013.6,1013.7,903.37,287.0,2226.65,32.4237,9.3382,330.7,41.0,1484.367, NAN, NAN, NAN, NAN,,2024/04/06 18:25:48.036,2024-04-06 18:25:48.036000+00:00
2024/04/06, 18:26:48.036,36.173,-74.97, -0.01,330.53,135.6,0.48,8.4,8.5,1011.5,1011.6,0.0,0.0,13.74,11.62,7,359,12.4,12.2,61.5,61.6,12.6,12.4,337.4,329.5,1013.6,1013.7,897.68,286.84,2223.82,32.4099,9.3369,334.0,41.0,1484.345, NAN, NAN, NAN, NAN,,2024/04/06 18:26:48.036,2024-04-06 18:26:48.036000+00:00
2024/04/06, 18:27:48.036,36.173,-74.97, 0.07,330.14,205.62,0.18,8.4,8.5,1011.6,1011.5,0.0,0.0,13.74,11.62,0,357,11.8,10.8,62.3,62.5,11.8,10.8,330.6,327.6,1013.7,1013.6,898.97,287.41,2222.94,32.4266,9.3345,331.0,40.8,1484.357, NAN, NAN, NAN, NAN,,2024/04/06 18:27:48.036,2024-04-06 18:27:48.036000+00:00
2024/04/06, 18:28:48.036,36.173,-74.97, 0.09,327.6,55.36,0.25,8.4,8.5,1011.8,1011.9,0.0,0.0,13.74,11.62,4,358,11.2,11.1,61.2,62.1,11.3,11.2,331.1,325.1,1013.9,1014.0,900.26,287.74,2220.39,32.4247,9.3369,328.4,41.0,1484.363, NAN, NAN, NAN, NAN,,2024/04/06 18:28:48.036,2024-04-06 18:28:48.036000+00:00
2024/04/06, 18:29:48.036,36.173,-74.97, 0.07,329.92,95.09,0.18,8.5,8.5,1011.7,1011.6,0.0,0.0,13.74,11.62,2,356,11.4,10.7,63.5,63.3,11.4,10.7,331.5,325.5,1013.8,1013.7,896.76,287.8,2221.83,32.4243,9.3389,332.4,41.4,1484.37, NAN, NAN, NAN, NAN,,2024/04/06 18:29:48.036,2024-04-06 18:29:48.036000+00:00
2024/04/06, 18:30:48.036,36.173,-74.97, -0.10,330.14,259.15,0.19,8.5,8.5,1011.7,1011.8,0.0,0.0,13.74,11.62,1,355,9.7,9.2,65.4,65.2,9.8,9.3,330.9,325.0,1013.8,1013.9,898.65,288.24,2223.73,32.428,9.3384,333.4,41.2,1484.373, NAN, NAN, NAN, NAN,,2024/04/06 18:30:48.036,2024-04-06 18:30:48.036000+00:00
2024/04/06, 18:31:48.036,36.173,-74.97, 0.01,328.79,90.74,0.17,8.5,8.5,1011.5,1011.6,0.0,0.0,13.74,11.62,1,357,12.0,11.6,64.8,65.6,12.0,11.6,329.4,325.4,1013.6,1013.7,897.4,287.44,2220.48,32.4312,9.3295,337.1,40.9,1484.344, NAN, NAN, NAN, NAN,,2024/04/06 18:31:48.036,2024-04-06 18:31:48.036000+00:00
2024/04/06, 18:32:48.036,36.173,-74.97, 0.16,330.79,294.59,0.49,8.5,8.5,1011.7,1011.8,0.0,0.0,13.74,11.62,1,354,10.3,11.1,62.5,62.4,10.1,10.9,332.3,325.1,1013.8,1013.9,895.91,287.51,2217.79,32.4254,9.3202,334.0,40.9,1484.303, NAN, NAN, NAN, NAN,,2024/04/06 18:32:48.036,2024-04-06 18:32:48.036000+00:00
2024/04/06, 18:33:48.036,36.173,-74.97, -0.12,330.81,190.83,0.33,8.5,8.5,1011.6,1011.7,0.0,0.0,13.74,11.62,1,351,11.2,10.3,61.5,61.9,11.4,10.5,331.7,321.8,1013.7,1013.8,890.19,287.94,2217.02,32.4244,9.3222,327.6,41.4,1484.309, NAN, NAN, NAN, NAN,,2024/04/06 18:33:48.036,2024-04-06 18:33:48.036000+00:00
2024/04/06, 18:34:48.036,36.173,-74.97, -1.11,333.11,157.95,0.72,8.5,8.5,1011.9,1011.4,0.0,0.0,13.74,11.62,355,352,9.6,9.7,63.2,63.1,10.0,10.1,328.4,325.5,1014.0,1013.5,887.74,288.01,2213.35,32.429,9.3273,330.7,41.2,1484.333, NAN, NAN, NAN, NAN,,2024/04/06 18:34:48.036,2024-04-06 18:34:48.036000+00:00
2024/04/06, 18:35:48.036,36.173,-74.97, -0.13,330.78,139.72,0.46,8.5,8.5,1011.6,1011.6,0.0,0.0,13.74,11.62,356,349,10.9,10.9,61.7,62.0,11.1,11.1,326.4,319.6,1013.7,1013.7,889.25,287.65,2211.62,32.4228,9.3337,345.2,41.6,1484.349, NAN, NAN, NAN, NAN,,2024/04/06 18:35:48.036,2024-04-06 18:35:48.036000+00:00
2024/04/06, 18:36:48.037,36.173,-74.97, -0.14,329.05,287.5,0.06,8.5,8.5,1011.8,1011.8,0.0,0.0,13.74,11.62,350,345,11.6,10.0,63.3,62.9,11.6,10.0,319.1,314.1,1013.9,1013.9,889.28,288.33,2215.72,32.4285,9.339,333.1,41.8,1484.376, NAN, NAN, NAN, NAN,,2024/04/06 18:36:48.037,2024-04-06 18:36:48.037000+00:00
2024/04/06, 18:37:48.037,36.173,-74.97, -0.41,326.19,122.2,0.52,8.6,8.6,1011.9,1011.7,0.0,0.0,13.74,11.62,357,353,9.3,9.3,66.0,66.0,9.6,9.6,322.7,318.8,1014.0,1013.8,893.43,288.09,2216.4,32.4292,9.3398,327.3,41.4,1484.379, NAN, NAN, NAN, NAN,,2024/04/06 18:37:48.037,2024-04-06 18:37:48.037000+00:00
2024/04/06, 18:38:48.037,36.173,-74.97, -0.33,330.72,180.73,0.61,8.6,8.6,1011.9,1011.7,0.0,0.0,13.74,11.62,0,355,9.7,8.9,65.2,65.4,10.0,9.2,330.7,325.9,1014.0,1013.8,884.26,287.95,2210.84,32.4324,9.3356,334.0,41.0,1484.368, NAN, NAN, NAN, NAN,,2024/04/06 18:38:48.037,2024-04-06 18:38:48.037000+00:00
2024/04/06, 18:39:48.037,36.173,-74.97, -0.35,331.06,134.64,0.53,8.6,8.6,1011.6,1011.8,0.0,0.0,13.74,11.62,356,348,10.9,10.5,64.7,65.5,11.1,10.8,326.4,318.5,1013.7,1013.9,882.48,287.56,2210.43,32.4286,9.3347,323.0,41.8,1484.36, NAN, NAN, NAN, NAN,,2024/04/06 18:39:48.037,2024-04-06 18:39:48.037000+00:00
2024/04/06, 18:40:48.037,36.173,-74.97, -0.29,329.75,123.69,0.6,8.5,8.6,1011.8,1011.5,0.0,0.0,13.74,11.62,353,347,10.8,11.1,61.9,61.8,11.1,11.4,322.3,316.5,1013.9,1013.6,878.96,287.43,2210.02,32.4333,9.3358,324.0,41.6,1484.37, NAN, NAN, NAN, NAN,,2024/04/06 18:40:48.037,2024-04-06 18:40:48.037000+00:00
2024/04/06, 18:41:48.037,36.173,-74.97, -1.09,329.71,150.33,1.42,8.5,8.6,1011.8,1011.6,0.0,0.0,13.74,11.62,357,350,9.9,9.6,61.5,61.5,10.6,10.3,327.2,320.7,1013.9,1013.7,882.01,288.16,2211.91,32.4311,9.3361,326.7,41.7,1484.368, NAN, NAN, NAN, NAN,,2024/04/06 18:41:48.037,2024-04-06 18:41:48.037000+00:00
2024/04/06, 18:42:48.037,36.172,-74.969, -1.43,330.9,188.47,1.34,8.6,8.6,1011.9,1011.6,0.0,0.0,13.74,11.62,356,348,11.1,10.9,64.4,64.8,11.7,11.5,328.4,320.8,1014.0,1013.7,879.11,287.72,2210.56,32.4296,9.3338,332.1,41.8,1484.358, NAN, NAN, NAN, NAN,,2024/04/06 18:42:48.037,2024-04-06 18:42:48.037000+00:00
2024/04/06, 18:43:48.037,36.172,-74.969, -1.73,332.1,164.69,1.7,8.6,8.6,1011.7,1011.8,0.0,0.0,13.74,11.62,353,347,9.5,9.5,61.4,61.3,10.4,10.4,325.5,320.0,1013.8,1013.9,875.71,288.37,2209.24,32.4318,9.3313,335.2,41.4,1484.351, NAN, NAN, NAN, NAN,,2024/04/06 18:43:48.037,2024-04-06 18:43:48.037000+00:00
2024/04/06, 18:44:48.037,36.171,-74.969, -1.76,328.09,161.43,1.87,8.6,8.6,1011.9,1011.6,0.0,0.0,13.74,11.62,351,346,10.1,9.9,64.1,64.0,11.0,10.8,320.4,315.9,1014.0,1013.7,873.37,287.8,2211.69,32.4312,9.329,330.7,41.6,1484.342, NAN, NAN, NAN, NAN,,2024/04/06 18:44:48.037,2024-04-06 18:44:48.037000+00:00
2024/04/06, 18:45:48.037,36.171,-74.969, -1.59,325.6,154.38,1.72,8.6,8.6,1011.7,1011.8,0.0,0.0,13.74,11.62,10,4,11.0,10.7,64.0,63.5,11.9,11.6,336.1,330.6,1013.8,1013.9,872.88,287.69,2213.74,32.4279,9.327,331.2,41.9,1484.331, NAN, NAN, NAN, NAN,,2024/04/06 18:45:48.037,2024-04-06 18:45:48.037000+00:00
2024/04/06, 18:46:48.037,36.17,-74.969, -1.30,329.21,165.6,1.43,8.6,8.6,1011.8,1011.7,0.0,0.0,13.74,11.62,0,359,10.5,10.3,62.7,62.4,11.2,11.0,330.1,329.2,1013.9,1013.8,870.79,287.39,2206.56,32.429,9.3189,327.3,41.7,1484.302, NAN, NAN, NAN, NAN,,2024/04/06 18:46:48.037,2024-04-06 18:46:48.037000+00:00
2024/04/06, 18:47:48.037,36.17,-74.968, -1.54,338.18,169.54,0.75,8.6,8.6,1011.6,1011.6,0.0,0.0,13.74,11.62,1,353,10.4,11.4,60.8,60.6,10.8,11.8,339.5,331.7,1013.7,1013.7,873.71,287.58,2204.09,32.4257,9.3082,323.3,41.9,1484.259, NAN, NAN, NAN, NAN,,2024/04/06 18:47:48.037,2024-04-06 18:47:48.037000+00:00
2024/04/06, 18:48:48.037,36.17,-74.968, 1.01,353.03,7.18,1.94,8.6,8.6,1011.5,1011.5,0.0,0.0,13.74,11.62,342,335,11.9,12.6,61.9,61.9,11.0,11.8,332.9,325.5,1013.6,1013.6,830.45,287.92,2190.7,32.4285,9.3058,327.6,41.3,1484.254, NAN, NAN, NAN, NAN,,2024/04/06 18:48:48.037,2024-04-06 18:48:48.037000+00:00
2024/04/06, 18:49:48.037,36.171,-74.968, 3.53,28.07,21.81,3.77,8.6,8.6,1011.6,1011.5,0.0,0.0,13.74,11.62,320,314,11.2,14.9,62.0,61.0,9.7,13.6,341.1,336.4,1013.7,1013.6,822.97,288.29,2165.89,32.4304,9.3032,337.4,41.6,1484.246, NAN, NAN, NAN, NAN,,2024/04/06 18:49:48.037,2024-04-06 18:49:48.037000+00:00
2024/04/06, 18:50:48.037,36.172,-74.967, 4.08,74.69,77.33,4.52,8.6,8.6,1011.9,1011.8,0.0,0.0,13.74,11.62,269,263,11.4,11.6,64.4,64.5,11.7,12.2,332.3,326.8,1014.0,1013.9,868.59,289.29,2156.71,32.427,9.301,338.2,41.3,1484.234, NAN, NAN, NAN, NAN,,2024/04/06 18:50:48.037,2024-04-06 18:50:48.037000+00:00
2024/04/06, 18:51:48.038,36.172,-74.965, 3.66,82.22,84.47,5.45,8.6,8.6,1011.9,1011.7,0.0,0.0,13.74,11.62,259,262,9.2,10.0,65.5,64.4,10.1,10.7,325.3,329.2,1014.0,1013.8,875.66,289.72,2155.4,32.4299,9.3004,352.9,41.3,1484.235, NAN, NAN, NAN, NAN,,2024/04/06 18:51:48.038,2024-04-06 18:51:48.038000+00:00
2024/04/06, 18:52:48.038,36.172,-74.963, 0.75,107.87,108.62,5.81,8.7,8.7,1012.0,1011.7,0.0,0.0,13.74,11.62,239,227,8.6,8.5,65.8,65.7,10.5,10.8,332.9,323.4,1014.1,1013.8,856.93,290.41,2158.24,32.4312,9.3064,354.0,41.5,1484.259, NAN, NAN, NAN, NAN,,2024/04/06 18:52:48.038,2024-04-06 18:52:48.038000+00:00
2024/04/06, 18:53:48.038,36.171,-74.962, -0.12,151.17,150.33,5.98,8.7,8.7,1011.9,1011.9,0.0,0.0,13.74,11.62,185,147,4.7,2.8,66.1,66.3,7.8,5.7,333.4,314.4,1014.0,1014.0,830.08,292.13,2189.15,32.4303,9.3175,350.5,41.9,1484.299, NAN, NAN, NAN, NAN,,2024/04/06 18:53:48.038,2024-04-06 18:53:48.038000+00:00
2024/04/06, 18:54:48.038,36.169,-74.961, 5.77,147.6,147.13,6.34,8.7,8.8,1011.9,1011.9,0.0,0.0,13.74,11.62,198,203,2.9,3.0,67.4,67.3,6.1,6.1,335.9,338.4,1014.0,1014.0,845.71,292.41,2184.74,32.4325,9.3205,348.6,41.9,1484.312, NAN, NAN, NAN, NAN,,2024/04/06 18:54:48.038,2024-04-06 18:54:48.038000+00:00
2024/04/06, 18:55:48.038,36.168,-74.961, 5.66,176.84,179.24,5.53,8.8,8.8,1011.8,1011.8,0.0,0.0,13.74,11.62,135,126,9.3,8.1,66.6,66.8,11.3,9.9,322.9,317.1,1013.9,1013.9,816.84,289.93,2210.08,32.4402,9.3191,347.5,42.1,1484.317, NAN, NAN, NAN, NAN,,2024/04/06 18:55:48.038,2024-04-06 18:55:48.038000+00:00
2024/04/06, 18:56:48.038,36.166,-74.96, 5.93,180.77,176.15,6.2,8.7,8.8,1011.5,1011.9,0.0,0.0,13.74,11.62,134,131,8.1,7.7,65.4,65.5,10.6,10.1,327.1,325.3,1013.6,1014.0,818.14,289.73,2206.39,32.4385,9.3062,345.9,42.2,1484.267, NAN, NAN, NAN, NAN,,2024/04/06 18:56:48.038,2024-04-06 18:56:48.038000+00:00
2024/04/06, 18:57:48.038,36.164,-74.961, 6.04,195.65,190.68,6.3,8.7,8.7,1011.7,1011.8,0.0,0.0,13.74,11.62,123,116,11.2,9.2,64.6,64.6,13.3,11.1,330.1,326.6,1013.8,1013.9,790.47,288.88,2213.2,32.4392,9.3146,351.0,42.2,1484.299, NAN, NAN, NAN, NAN,,2024/04/06 18:57:48.038,2024-04-06 18:57:48.038000+00:00
2024/04/06, 18:58:48.038,36.163,-74.961, 6.05,195.71,192.43,6.34,8.7,8.7,1011.8,1011.9,0.0,0.0,13.74,11.62,125,116,10.6,9.2,62.4,62.6,12.8,11.0,332.7,327.0,1013.9,1014.0,779.53,288.79,2225.01,32.437,9.3304,331.8,42.2,1484.354, NAN, NAN, NAN, NAN,,2024/04/06 18:58:48.038,2024-04-06 18:58:48.038000+00:00
2024/04/06, 18:59:48.038,36.161,-74.962, 6.09,180.79,180.53,6.31,8.7,8.7,1011.5,1011.8,0.0,0.0,13.74,11.62,129,123,9.3,7.9,62.0,62.1,11.6,10.0,322.3,319.5,1013.6,1013.9,808.68,289.46,2202.68,32.4384,9.3434,331.8,42.0,1484.404, NAN, NAN, NAN, NAN,,2024/04/06 18:59:48.038,2024-04-06 18:59:48.038000+00:00
2024/04/06, 19:00:48.038,36.159,-74.962, 6.43,177.84,185.16,6.13,8.7,8.7,1011.8,1011.8,0.0,0.0,13.74,11.62,137,136,9.9,8.1,64.6,64.2,12.3,10.5,325.7,326.7,1013.9,1013.9,815.84,289.44,2203.92,32.4358,9.3529,330.0,42.1,1484.436, NAN, NAN, NAN, NAN,,2024/04/06 19:00:48.038,2024-04-06 19:00:48.038000+00:00
2024/04/06, 19:01:48.038,36.157,-74.962, 5.58,176.35,192.42,5.58,8.7,8.7,1011.7,1011.9,0.0,0.0,13.74,11.62,137,137,8.7,8.3,65.0,64.9,10.7,10.3,325.7,326.2,1013.8,1014.0,812.18,289.65,2199.67,32.4382,9.3623,334.5,42.0,1484.473, NAN, NAN, NAN, NAN,,2024/04/06 19:01:48.038,2024-04-06 19:01:48.038000+00:00
2024/04/06, 19:02:48.038,36.156,-74.962, 5.33,178.57,180.94,5.58,8.7,8.7,1011.8,1011.9,0.0,0.0,13.74,11.62,130,128,10.3,9.3,65.3,65.2,12.3,11.2,319.3,318.6,1013.9,1014.0,812.7,289.23,2202.82,32.4405,9.3663,333.4,42.1,1484.491, NAN, NAN, NAN, NAN,,2024/04/06 19:02:48.038,2024-04-06 19:02:48.038000+00:00
2024/04/06, 19:03:48.038,36.154,-74.962, 5.61,177.98,185.61,5.69,8.7,8.7,1011.8,1011.8,0.0,0.0,13.74,11.62,132,132,8.8,8.5,63.5,63.4,10.8,10.5,322.8,323.2,1013.9,1013.9,809.07,289.35,2200.5,32.4374,9.365,330.0,41.9,1484.482, NAN, NAN, NAN, NAN,,2024/04/06 19:03:48.038,2024-04-06 19:03:48.038000+00:00
2024/04/06, 19:04:48.038,36.153,-74.962, 6.08,177.24,180.43,6.27,8.7,8.7,1011.7,1011.9,0.0,0.0,13.74,11.62,130,128,9.3,8.4,63.7,63.1,11.5,10.5,320.6,320.2,1013.8,1014.0,808.5,289.62,2200.64,32.4355,9.3726,332.8,42.2,1484.508, NAN, NAN, NAN, NAN,,2024/04/06 19:04:48.038,2024-04-06 19:04:48.038000+00:00
2024/04/06, 19:05:48.038,36.151,-74.962, 6.25,177.89,179.82,6.33,8.7,8.7,1011.9,1011.9,0.0,0.0,13.74,11.62,133,126,8.8,7.6,64.9,63.3,11.1,9.7,324.1,320.5,1014.0,1014.0,806.31,289.73,2199.8,32.4348,9.386,331.2,42.2,1484.556, NAN, NAN, NAN, NAN,,2024/04/06 19:05:48.038,2024-04-06 19:05:48.038000+00:00
2024/04/06, 19:06:48.038,36.149,-74.962, 6.32,177.73,185.38,6.2,8.7,8.7,1011.8,1011.8,0.0,0.0,13.74,11.62,133,128,9.1,8.0,65.5,65.5,11.3,10.1,323.7,321.3,1013.9,1013.9,803.24,289.75,2196.28,32.4342,9.4003,330.0,42.3,1484.608, NAN, NAN, NAN, NAN,,2024/04/06 19:06:48.038,2024-04-06 19:06:48.038000+00:00
2024/04/06, 19:07:48.039,36.148,-74.962, 6.23,178.59,177.63,6.12,8.7,8.7,1011.9,1011.8,0.0,0.0,13.74,11.62,132,129,8.9,7.8,66.8,66.8,11.2,10.1,322.7,321.8,1014.0,1013.9,803.03,289.57,2199.33,32.4324,9.411,330.4,41.9,1484.645, NAN, NAN, NAN, NAN,,2024/04/06 19:07:48.039,2024-04-06 19:07:48.039000+00:00
2024/04/06, 19:08:48.039,36.146,-74.962, 5.77,178.69,183.21,5.84,8.7,8.8,1011.8,1011.8,0.0,0.0,13.74,11.62,133,125,8.3,7.0,66.5,66.5,10.5,9.0,324.2,320.1,1013.9,1013.9,801.71,289.42,2198.68,32.4295,9.4153,330.7,41.9,1484.657, NAN, NAN, NAN, NAN,,2024/04/06 19:08:48.039,2024-04-06 19:08:48.039000+00:00
2024/04/06, 19:09:48.039,36.144,-74.962, 5.76,177.96,181.7,5.67,8.8,8.8,1011.8,1011.8,0.0,0.0,13.74,11.62,139,142,9.0,8.8,67.3,66.8,11.2,11.1,327.6,330.2,1013.9,1013.9,798.33,288.63,2192.64,32.4312,9.4153,337.1,41.9,1484.659, NAN, NAN, NAN, NAN,,2024/04/06 19:09:48.039,2024-04-06 19:09:48.039000+00:00
2024/04/06, 19:10:48.039,36.143,-74.962, 4.62,178.23,177.23,6.05,8.7,8.7,1011.8,1011.8,0.0,0.0,13.74,11.62,145,142,9.6,8.0,62.0,61.8,12.2,10.6,332.1,331.2,1013.9,1013.9,795.57,289.15,2192.72,32.4218,9.4026,341.2,41.9,1484.601, NAN, NAN, NAN, NAN,,2024/04/06 19:10:48.039,2024-04-06 19:10:48.039000+00:00
2024/04/06, 19:11:48.039,36.141,-74.962, 3.52,173.82,172.79,5.89,8.7,8.8,1011.9,1011.8,0.0,0.0,13.74,11.62,144,147,9.4,8.2,63.7,64.0,12.0,10.8,326.6,329.9,1014.0,1013.9,797.38,289.18,2184.74,32.4197,9.3967,342.5,42.2,1484.577, NAN, NAN, NAN, NAN,,2024/04/06 19:11:48.039,2024-04-06 19:11:48.039000+00:00
2024/04/06, 19:12:48.039,36.139,-74.962, 5.97,173.77,173.9,5.95,8.7,8.8,1011.6,1011.8,0.0,0.0,13.74,11.62,140,132,7.7,6.9,63.4,63.0,10.2,9.2,324.9,320.1,1013.7,1013.9,799.73,289.42,2181.62,32.4085,9.3889,353.9,42.2,1484.534, NAN, NAN, NAN, NAN,,2024/04/06 19:12:48.039,2024-04-06 19:12:48.039000+00:00
2024/04/06, 19:13:48.039,36.138,-74.962, 6.00,173.18,177.48,5.91,8.8,8.8,1011.8,1011.9,0.0,0.0,13.74,11.62,136,138,8.4,9.0,63.4,63.3,10.7,11.3,321.3,322.2,1013.9,1014.0,796.75,289.27,2185.44,32.4002,9.3786,356.6,42.0,1484.486, NAN, NAN, NAN, NAN,,2024/04/06 19:13:48.039,2024-04-06 19:13:48.039000+00:00
2024/04/06, 19:14:48.039,36.136,-74.961, 6.15,173.83,176.98,6.26,8.8,8.8,1011.8,1011.9,0.0,0.0,13.74,11.62,145,141,9.0,6.5,62.8,62.7,11.7,9.2,328.3,328.1,1013.9,1014.0,794.31,289.33,2183.1,32.3918,9.3677,353.2,42.2,1484.436, NAN, NAN, NAN, NAN,,2024/04/06 19:14:48.039,2024-04-06 19:14:48.039000+00:00
2024/04/06, 19:15:48.039,36.134,-74.961, 5.76,173.1,175.96,6.19,8.8,8.8,1011.8,1011.8,0.0,0.0,13.74,11.62,146,149,9.3,6.8,63.2,62.8,12.0,9.6,328.3,332.8,1013.9,1013.9,793.28,289.03,2180.75,32.3843,9.364,356.0,42.3,1484.413, NAN, NAN, NAN, NAN,,2024/04/06 19:15:48.039,2024-04-06 19:15:48.039000+00:00
2024/04/06, 19:16:48.039,36.133,-74.961, -0.47,173.3,174.35,6.13,8.8,8.8,1011.8,1011.8,0.0,0.0,13.74,11.62,143,143,9.5,8.9,59.6,59.4,12.1,11.5,325.9,326.4,1013.9,1013.9,786.92,289.02,2182.18,32.3795,9.3656,358.0,41.6,1484.413, NAN, NAN, NAN, NAN,,2024/04/06 19:16:48.039,2024-04-06 19:16:48.039000+00:00
2024/04/06, 19:17:48.039,36.131,-74.961, 0.01,171.93,173.86,6.1,8.8,8.8,1011.9,1011.8,0.0,0.0,13.74,11.62,143,134,6.9,5.4,62.8,62.3,9.5,7.8,327.1,323.4,1014.0,1013.9,784.11,289.9,2179.55,32.3776,9.364,347.2,41.7,1484.405, NAN, NAN, NAN, NAN,,2024/04/06 19:17:48.039,2024-04-06 19:17:48.039000+00:00
2024/04/06, 19:18:48.039,36.129,-74.961, 0.02,172.85,178.52,6.14,8.8,8.8,1011.8,1011.7,0.0,0.0,13.74,11.62,143,142,8.3,6.7,67.6,67.7,10.8,9.2,327.3,328.5,1013.9,1013.8,786.24,289.74,2181.16,32.375,9.3586,337.1,41.9,1484.382, NAN, NAN, NAN, NAN,,2024/04/06 19:18:48.039,2024-04-06 19:18:48.039000+00:00
2024/04/06, 19:19:48.039,36.127,-74.96, -0.01,173.27,177.35,5.52,8.8,8.8,1011.8,1011.7,0.0,0.0,13.74,11.62,134,133,7.9,6.0,65.9,66.0,10.0,8.1,319.7,321.8,1013.9,1013.8,779.15,290.01,2178.93,32.3745,9.3628,331.2,41.9,1484.397, NAN, NAN, NAN, NAN,,2024/04/06 19:19:48.039,2024-04-06 19:19:48.039000+00:00
2024/04/06, 19:20:48.039,36.126,-74.96, 0.08,174.62,182.29,4.37,8.8,8.8,1011.9,1011.8,0.0,0.0,13.74,11.62,135,136,8.9,9.5,67.7,65.6,10.5,11.1,319.1,319.4,1014.0,1013.9,775.26,289.17,2178.14,32.3758,9.369,323.0,42.2,1484.421, NAN, NAN, NAN, NAN,,2024/04/06 19:20:48.039,2024-04-06 19:20:48.039000+00:00
2024/04/06, 19:21:48.039,36.125,-74.96, 0.10,179.03,172.84,3.87,8.8,8.8,1011.6,1011.8,0.0,0.0,13.74,11.62,141,140,10.0,8.6,63.3,63.1,11.7,10.3,325.8,325.8,1013.7,1013.9,772.57,288.83,2181.62,32.3764,9.38,315.0,42.5,1484.463, NAN, NAN, NAN, NAN,,2024/04/06 19:21:48.039,2024-04-06 19:21:48.039000+00:00
2024/04/06, 19:22:48.040,36.124,-74.96, 0.01,183.1,183.76,3.25,8.8,8.8,1011.7,1011.8,0.0,0.0,13.74,11.62,138,135,10.2,11.0,62.8,62.4,11.5,12.2,326.7,323.6,1013.8,1013.9,759.58,288.55,2182.35,32.3761,9.3857,310.5,42.4,1484.483, NAN, NAN, NAN, NAN,,2024/04/06 19:22:48.040,2024-04-06 19:22:48.040000+00:00
2024/04/06, 19:23:48.040,36.123,-74.961, 0.01,184.64,189.8,3.58,8.8,8.8,1011.6,1011.5,0.0,0.0,13.74,11.62,133,127,10.8,10.0,62.1,61.9,12.0,11.1,324.5,319.7,1013.7,1013.6,757.57,288.6,2184.38,32.3768,9.3895,308.9,42.6,1484.498, NAN, NAN, NAN, NAN,,2024/04/06 19:23:48.040,2024-04-06 19:23:48.040000+00:00
2024/04/06, 19:24:48.040,36.122,-74.961, 0.43,182.34,177.98,4.24,8.8,8.8,1011.6,1011.6,0.0,0.0,13.74,11.62,135,134,9.7,9.6,63.4,63.4,11.4,11.3,324.9,324.1,1013.7,1013.7,752.69,288.93,2182.39,32.3763,9.3877,309.9,42.5,1484.491, NAN, NAN, NAN, NAN,,2024/04/06 19:24:48.040,2024-04-06 19:24:48.040000+00:00
2024/04/06, 19:25:48.040,36.121,-74.961, 0.03,180.65,187.57,4.58,8.8,8.8,1011.8,1011.7,0.0,0.0,13.74,11.62,137,138,8.2,8.6,63.8,63.5,10.0,10.4,327.2,327.6,1013.9,1013.8,752.68,289.19,2177.68,32.3755,9.3963,309.9,42.5,1484.521, NAN, NAN, NAN, NAN,,2024/04/06 19:25:48.040,2024-04-06 19:25:48.040000+00:00
2024/04/06, 19:26:48.040,36.119,-74.961, -0.01,179.72,179.19,5.12,8.8,8.8,1011.6,1011.5,0.0,0.0,13.74,11.62,137,139,9.2,8.3,63.4,63.3,11.2,10.3,326.6,329.0,1013.7,1013.6,751.64,289.43,2175.07,32.3755,9.3938,307.8,42.8,1484.512, NAN, NAN, NAN, NAN,,2024/04/06 19:26:48.040,2024-04-06 19:26:48.040000+00:00
2024/04/06, 19:27:48.040,36.118,-74.961, -0.02,179.07,180.62,4.91,8.8,8.8,1011.8,1011.6,0.0,0.0,13.74,11.62,136,131,8.8,7.5,66.2,65.9,10.7,9.2,325.2,322.7,1013.9,1013.7,752.12,289.72,2173.57,32.3721,9.3905,308.6,42.8,1484.496, NAN, NAN, NAN, NAN,,2024/04/06 19:27:48.040,2024-04-06 19:27:48.040000+00:00
2024/04/06, 19:28:48.040,36.117,-74.961, -0.01,180.49,182.43,4.92,8.8,8.8,1011.8,1011.8,0.0,0.0,13.74,11.62,136,126,9.2,7.7,65.6,66.1,11.1,9.3,326.3,319.8,1013.9,1013.9,748.74,289.47,2174.38,32.3736,9.3895,308.0,42.5,1484.494, NAN, NAN, NAN, NAN,,2024/04/06 19:28:48.040,2024-04-06 19:28:48.040000+00:00
2024/04/06, 19:29:48.040,36.115,-74.961, 0.05,180.62,181.77,5.05,8.8,8.8,1011.5,1011.7,0.0,0.0,13.74,11.62,134,133,9.7,9.2,64.5,65.6,11.5,11.0,324.5,324.1,1013.6,1013.8,740.53,289.17,2171.58,32.3706,9.3935,310.5,42.8,1484.505, NAN, NAN, NAN, NAN,,2024/04/06 19:29:48.040,2024-04-06 19:29:48.040000+00:00
2024/04/06, 19:30:48.040,36.114,-74.961, 0.02,180.11,188.28,5.01,8.8,8.8,1011.6,1011.7,0.0,0.0,13.74,11.62,133,137,10.8,9.9,64.1,63.6,12.6,11.8,322.3,326.3,1013.7,1013.8,745.67,289.15,2168.17,32.3703,9.3973,307.8,42.8,1484.519, NAN, NAN, NAN, NAN,,2024/04/06 19:30:48.040,2024-04-06 19:30:48.040000+00:00
2024/04/06, 19:31:48.040,36.112,-74.961, -0.01,180.64,182.21,4.5,8.8,8.8,1011.5,1011.7,0.0,0.0,13.74,11.62,142,140,10.3,9.3,63.2,63.3,12.2,11.1,329.6,328.5,1013.6,1013.8,738.74,288.97,2166.88,32.3704,9.4048,314.2,43.1,1484.546, NAN, NAN, NAN, NAN,,2024/04/06 19:31:48.040,2024-04-06 19:31:48.040000+00:00
2024/04/06, 19:32:48.040,36.111,-74.961, 0.00,180.22,178.96,4.35,8.8,8.9,1011.7,1011.6,0.0,0.0,13.74,11.62,135,135,7.9,7.8,62.9,63.2,9.5,9.4,325.3,325.4,1013.8,1013.7,730.07,290.02,2166.21,32.3715,9.4132,316.6,42.9,1484.578, NAN, NAN, NAN, NAN,,2024/04/06 19:32:48.040,2024-04-06 19:32:48.040000+00:00
2024/04/06, 19:33:48.040,36.11,-74.962, 0.00,180.31,187.7,3.95,8.9,8.9,1011.6,1011.5,0.0,0.0,13.74,11.62,138,136,9.4,9.1,66.9,66.8,10.8,10.5,326.5,325.0,1013.7,1013.6,732.04,289.38,2165.72,32.3718,9.4181,322.7,43.1,1484.597, NAN, NAN, NAN, NAN,,2024/04/06 19:33:48.040,2024-04-06 19:33:48.040000+00:00
2024/04/06, 19:34:48.040,36.109,-74.962, 0.08,180.27,176.2,4.26,8.9,8.9,1011.7,1011.5,0.0,0.0,13.74,11.62,136,135,10.4,9.4,65.7,65.6,12.1,11.1,323.5,323.4,1013.8,1013.6,722.72,289.09,2159.78,32.3793,9.4204,324.0,42.5,1484.614, NAN, NAN, NAN, NAN,,2024/04/06 19:34:48.040,2024-04-06 19:34:48.040000+00:00
2024/04/06, 19:35:48.040,36.108,-74.962, -0.01,180.32,184.57,4.08,8.8,8.9,1011.6,1011.5,0.0,0.0,13.74,11.62,139,138,10.1,10.0,63.6,63.5,11.7,11.6,326.4,325.6,1013.7,1013.6,724.94,289.1,2156.46,32.3711,9.4255,325.7,43.0,1484.623, NAN, NAN, NAN, NAN,,2024/04/06 19:35:48.040,2024-04-06 19:35:48.040000+00:00
2024/04/06, 19:36:48.040,36.106,-74.962, -0.01,164.31,170.83,5.77,8.9,8.9,1011.6,1011.7,0.0,0.0,13.74,11.62,148,137,6.8,6.8,63.4,63.1,9.2,8.9,324.6,316.6,1013.7,1013.8,744.05,289.77,2147.5,32.3716,9.4308,331.2,42.9,1484.643, NAN, NAN, NAN, NAN,,2024/04/06 19:36:48.040,2024-04-06 19:36:48.040000+00:00
2024/04/06, 19:37:48.040,36.104,-74.961, -0.01,157.9,166.22,8.15,8.9,8.9,1011.8,1011.6,0.0,0.0,13.74,11.62,148,160,5.9,5.1,65.5,65.2,9.5,9.0,321.9,330.0,1013.9,1013.7,739.98,290.57,2136.31,32.3725,9.4279,331.0,42.9,1484.634, NAN, NAN, NAN, NAN,,2024/04/06 19:37:48.040,2024-04-06 19:37:48.040000+00:00
2024/04/06, 19:38:48.041,36.102,-74.96, 5.47,156.8,159.45,9.89,8.9,8.9,1011.8,1011.7,0.0,0.0,13.74,11.62,137,145,4.0,4.5,66.9,67.0,8.4,9.1,319.5,321.8,1013.9,1013.8,708.98,290.25,2131.26,32.3695,9.4238,329.4,43.0,1484.615, NAN, NAN, NAN, NAN,,2024/04/06 19:38:48.041,2024-04-06 19:38:48.041000+00:00
2024/04/06, 19:39:48.041,36.099,-74.959, 1.23,156.5,162.61,10.37,8.9,8.9,1011.9,1011.8,0.0,0.0,13.74,11.62,148,145,4.3,3.6,65.6,65.2,9.1,8.4,325.6,326.1,1014.0,1013.9,714.07,290.67,2132.14,32.3697,9.4149,334.0,42.8,1484.582, NAN, NAN, NAN, NAN,,2024/04/06 19:39:48.041,2024-04-06 19:39:48.041000+00:00
2024/04/06, 19:40:48.041,36.097,-74.958, -0.02,156.75,160.16,10.92,9.0,9.0,1011.8,1011.8,0.0,0.0,13.74,11.62,143,145,6.0,5.1,67.7,68.1,10.9,10.1,319.4,322.1,1013.9,1013.9,700.36,289.79,2129.83,32.3722,9.4102,329.1,43.1,1484.568, NAN, NAN, NAN, NAN,,2024/04/06 19:40:48.041,2024-04-06 19:40:48.041000+00:00
2024/04/06, 19:41:48.041,36.094,-74.957, -0.01,157.97,161.25,11.06,9.0,9.0,1011.8,1011.8,0.0,0.0,13.74,11.62,147,133,5.2,2.7,62.9,62.9,10.4,7.7,323.8,325.4,1013.9,1013.9,700.89,290.3,2127.97,32.3741,9.4075,322.7,43.0,1484.561, NAN, NAN, NAN, NAN,,2024/04/06 19:41:48.041,2024-04-06 19:41:48.041000+00:00
2024/04/06, 19:42:48.041,36.091,-74.955, 11.28,156.62,160.83,11.08,9.0,9.0,1011.8,1011.8,0.0,0.0,13.74,11.62,146,159,6.0,5.8,66.0,66.0,11.1,11.2,321.0,327.9,1013.9,1013.9,691.12,289.57,2124.86,32.3816,9.4038,329.1,42.8,1484.556, NAN, NAN, NAN, NAN,,2024/04/06 19:42:48.041,2024-04-06 19:42:48.041000+00:00
2024/04/06, 19:43:48.041,36.088,-74.954, 11.38,157.44,162.63,11.02,9.0,9.0,1011.8,1011.7,0.0,0.0,13.74,11.62,154,157,5.3,5.3,63.7,63.8,10.6,10.7,326.9,328.4,1013.9,1013.8,690.22,289.42,2124.45,32.3831,9.4033,327.8,42.8,1484.556, NAN, NAN, NAN, NAN,,2024/04/06 19:43:48.041,2024-04-06 19:43:48.041000+00:00
2024/04/06, 19:44:48.041,36.085,-74.953, 11.27,156.38,159.66,11.11,9.0,9.0,1011.6,1011.6,0.0,0.0,13.74,11.62,154,155,5.5,5.1,61.1,61.0,10.8,10.4,326.2,327.3,1013.7,1013.7,676.49,289.13,2121.94,32.3857,9.4112,324.4,42.6,1484.588, NAN, NAN, NAN, NAN,,2024/04/06 19:44:48.041,2024-04-06 19:44:48.041000+00:00
2024/04/06, 19:45:48.041,36.082,-74.951, 11.31,158.22,161.81,11.2,9.0,9.0,1011.7,1011.5,0.0,0.0,13.74,11.62,149,152,5.2,4.7,61.2,60.8,10.5,10.1,325.1,327.3,1013.8,1013.6,684.89,289.32,2119.52,32.3937,9.422,321.7,42.5,1484.638, NAN, NAN, NAN, NAN,,2024/04/06 19:45:48.041,2024-04-06 19:45:48.041000+00:00
2024/04/06, 19:46:48.041,36.079,-74.95, 11.11,154.63,158.59,10.87,9.0,9.0,1011.7,1011.6,0.0,0.0,13.74,11.62,160,170,4.7,5.3,63.2,63.4,10.1,10.8,327.0,331.2,1013.8,1013.7,672.35,289.64,2115.99,32.397,9.4149,321.7,42.2,1484.616, NAN, NAN, NAN, NAN,,2024/04/06 19:46:48.041,2024-04-06 19:46:48.041000+00:00
2024/04/06, 19:47:48.041,36.076,-74.949, 11.06,154.24,156.72,11.03,9.0,9.0,1011.6,1011.6,0.0,0.0,13.74,11.62,159,166,5.5,5.4,61.9,61.7,10.9,10.9,325.4,328.9,1013.7,1013.7,661.71,290.08,2113.57,32.4032,9.4105,317.9,42.3,1484.607, NAN, NAN, NAN, NAN,,2024/04/06 19:47:48.041,2024-04-06 19:47:48.041000+00:00
2024/04/06, 19:48:48.041,36.074,-74.947, 10.92,154.98,159.32,10.9,9.1,9.1,1011.8,1011.5,0.0,0.0,13.74,11.62,168,168,3.7,4.2,62.0,61.8,9.2,9.7,331.7,331.3,1013.9,1013.6,658.81,290.58,2110.36,32.3775,9.4068,319.6,42.3,1484.562, NAN, NAN, NAN, NAN,,2024/04/06 19:48:48.041,2024-04-06 19:48:48.041000+00:00
2024/04/06, 19:49:48.041,36.071,-74.946, 10.95,152.14,153.84,10.8,9.2,9.1,1011.8,1011.8,0.0,0.0,13.74,11.62,164,175,3.6,5.1,63.6,63.8,9.0,10.6,328.4,331.9,1013.9,1013.9,658.37,290.51,2107.32,32.414,9.4101,324.3,42.3,1484.619, NAN, NAN, NAN, NAN,,2024/04/06 19:49:48.041,2024-04-06 19:49:48.041000+00:00
2024/04/06, 19:50:48.041,36.068,-74.944, 11.11,152.27,155.37,10.66,9.2,9.1,1011.8,1011.7,0.0,0.0,13.74,11.62,176,181,2.5,3.0,62.4,62.2,8.0,8.5,333.5,335.0,1013.9,1013.8,658.48,290.97,2106.18,32.4211,9.4122,327.3,42.4,1484.635, NAN, NAN, NAN, NAN,,2024/04/06 19:50:48.041,2024-04-06 19:50:48.041000+00:00
2024/04/06, 19:51:48.041,36.065,-74.943, 11.08,153.17,156.14,10.83,9.2,9.2,1011.8,1011.6,0.0,0.0,13.74,11.62,161,164,4.8,5.1,62.1,64.8,10.1,10.5,326.9,328.0,1013.9,1013.7,656.97,289.69,2104.85,32.4275,9.4058,329.1,42.8,1484.62, NAN, NAN, NAN, NAN,,2024/04/06 19:51:48.041,2024-04-06 19:51:48.041000+00:00
2024/04/06, 19:52:48.041,36.062,-74.942, 11.05,153.18,157.2,10.63,9.2,9.2,1011.9,1011.7,0.0,0.0,13.74,11.62,178,182,2.4,4.5,62.3,62.1,7.9,10.0,335.6,336.5,1014.0,1013.8,655.09,290.1,2101.15,32.4348,9.4027,327.3,42.7,1484.617, NAN, NAN, NAN, NAN,,2024/04/06 19:52:48.041,2024-04-06 19:52:48.041000+00:00
2024/04/06, 19:53:48.042,36.06,-74.94, 10.98,153.43,157.07,10.68,9.2,9.2,1011.9,1011.8,0.0,0.0,13.74,11.62,178,178,2.6,3.7,60.9,61.1,8.1,9.2,336.0,335.4,1014.0,1013.9,654.79,290.43,2099.8,32.4409,9.4036,337.1,42.7,1484.628, NAN, NAN, NAN, NAN,,2024/04/06 19:53:48.042,2024-04-06 19:53:48.042000+00:00
2024/04/06, 19:54:48.042,36.057,-74.939, 10.85,153.11,154.15,10.9,9.3,9.2,1011.6,1011.8,0.0,0.0,13.74,11.62,175,229,1.8,1.8,61.1,61.1,7.4,7.0,334.3,347.0,1013.7,1013.9,649.06,290.93,2098.59,32.4511,9.406,342.8,42.6,1484.649, NAN, NAN, NAN, NAN,,2024/04/06 19:54:48.042,2024-04-06 19:54:48.042000+00:00
2024/04/06, 19:55:48.042,36.054,-74.937, 10.87,153.01,157.55,10.63,9.3,9.3,1011.6,1011.8,0.0,0.0,13.74,11.62,171,227,1.7,1.9,61.5,62.1,7.1,7.0,335.0,348.8,1013.7,1013.9,646.81,290.9,2097.78,32.4585,9.3999,341.9,42.8,1484.636, NAN, NAN, NAN, NAN,,2024/04/06 19:55:48.042,2024-04-06 19:55:48.042000+00:00
2024/04/06, 19:56:48.042,36.051,-74.936, 10.91,153.96,156.08,10.77,9.4,9.3,1011.6,1011.8,0.0,0.0,13.74,11.62,175,267,1.1,2.1,62.0,62.0,6.6,6.1,335.8,357.1,1013.7,1013.9,647.29,291.44,2094.55,32.4632,9.3989,346.8,42.9,1484.638, NAN, NAN, NAN, NAN,,2024/04/06 19:56:48.042,2024-04-06 19:56:48.042000+00:00
2024/04/06, 19:57:48.042,36.049,-74.934, 10.75,154.29,159.0,10.86,9.5,9.4,1011.6,1011.5,0.0,0.0,13.74,11.62,176,204,1.6,1.9,60.7,61.0,7.2,7.4,335.9,342.7,1013.7,1013.6,648.27,290.99,2091.24,32.4686,9.4015,338.8,42.8,1484.654, NAN, NAN, NAN, NAN,,2024/04/06 19:57:48.042,2024-04-06 19:57:48.042000+00:00
2024/04/06, 19:58:48.042,36.046,-74.933, 11.01,152.21,153.78,10.82,9.5,9.4,1011.8,1011.6,0.0,0.0,13.74,11.62,168,193,3.0,2.3,60.1,60.2,8.5,7.8,329.8,338.0,1013.9,1013.7,646.54,290.83,2089.27,32.4712,9.402,335.5,42.7,1484.659, NAN, NAN, NAN, NAN,,2024/04/06 19:58:48.042,2024-04-06 19:58:48.042000+00:00
2024/04/06, 19:59:48.042,36.043,-74.932, 10.85,152.91,155.21,10.69,9.5,9.5,1011.8,1011.7,0.0,0.0,13.74,11.62,178,243,2.3,2.0,60.5,60.8,7.8,6.7,334.5,350.9,1013.9,1013.8,647.4,291.09,2087.63,32.4757,9.4012,333.4,42.3,1484.662, NAN, NAN, NAN, NAN,,2024/04/06 19:59:48.042,2024-04-06 19:59:48.042000+00:00
2024/04/06, 20:00:48.042,36.04,-74.93, 10.85,154.81,158.82,10.93,9.6,9.6,1011.8,1011.5,0.0,0.0,13.74,11.62,177,184,3.0,4.0,60.5,59.9,8.6,9.6,335.8,338.3,1013.9,1013.6,645.62,289.84,2085.22,32.477,9.3987,332.1,42.7,1484.654, NAN, NAN, NAN, NAN,,2024/04/06 20:00:48.042,2024-04-06 20:00:48.042000+00:00
2024/04/06, 20:01:48.042,36.038,-74.929, 10.94,153.67,155.08,11.04,9.6,9.5,1011.6,1011.5,0.0,0.0,13.74,11.62,167,232,1.6,1.9,60.3,60.5,7.2,7.1,333.0,348.2,1013.7,1013.6,643.89,290.82,2082.86,32.4782,9.3993,338.8,42.8,1484.658, NAN, NAN, NAN, NAN,,2024/04/06 20:01:48.042,2024-04-06 20:01:48.042000+00:00
2024/04/06, 20:02:48.042,36.035,-74.927, 10.98,153.14,155.69,11.18,9.6,9.5,1011.7,1011.7,0.0,0.0,13.74,11.62,180,218,1.0,2.4,61.0,61.3,6.7,7.8,335.2,345.9,1013.8,1013.8,644.36,290.12,2081.5,32.481,9.3951,340.9,42.9,1484.646, NAN, NAN, NAN, NAN,,2024/04/06 20:02:48.042,2024-04-06 20:02:48.042000+00:00
2024/04/06, 20:03:48.042,36.032,-74.926, 10.94,153.52,155.66,10.83,9.6,9.6,1011.6,1011.6,0.0,0.0,13.74,11.62,190,224,2.1,2.0,62.3,62.3,7.7,7.2,339.1,347.7,1013.7,1013.7,637.49,290.6,2075.71,32.4822,9.3905,338.2,42.7,1484.63, NAN, NAN, NAN, NAN,,2024/04/06 20:03:48.042,2024-04-06 20:03:48.042000+00:00
2024/04/06, 20:04:48.042,36.029,-74.924, 11.03,153.09,157.06,11.05,9.7,9.6,1011.6,1011.8,0.0,0.0,13.74,11.62,196,238,2.5,2.4,62.9,63.0,8.1,7.3,339.9,351.5,1013.7,1013.9,639.83,290.18,2072.66,32.4836,9.3896,335.2,42.8,1484.629, NAN, NAN, NAN, NAN,,2024/04/06 20:04:48.042,2024-04-06 20:04:48.042000+00:00
2024/04/06, 20:05:48.042,36.026,-74.923, 11.01,153.53,156.96,10.98,9.7,9.6,1011.7,1011.7,0.0,0.0,13.74,11.62,176,193,1.5,3.0,61.0,61.4,7.1,8.6,335.4,340.2,1013.8,1013.8,640.51,289.87,2070.19,32.4862,9.3817,329.4,42.5,1484.603, NAN, NAN, NAN, NAN,,2024/04/06 20:05:48.042,2024-04-06 20:05:48.042000+00:00
2024/04/06, 20:06:48.042,36.024,-74.921, 11.03,154.08,158.17,11.0,9.6,9.6,1011.6,1011.6,0.0,0.0,13.74,11.62,174,177,2.6,3.5,60.2,59.9,8.2,9.1,334.8,335.3,1013.7,1013.7,636.14,289.09,2069.29,32.4917,9.3759,329.7,42.5,1484.588, NAN, NAN, NAN, NAN,,2024/04/06 20:06:48.042,2024-04-06 20:06:48.042000+00:00
2024/04/06, 20:07:48.042,36.021,-74.92, 11.01,154.24,157.49,11.03,9.6,9.5,1011.8,1011.6,0.0,0.0,13.74,11.62,173,179,3.2,3.4,59.3,59.3,8.8,9.1,334.1,336.2,1013.9,1013.7,635.36,289.06,2067.76,32.4963,9.3751,329.7,42.6,1484.591, NAN, NAN, NAN, NAN,,2024/04/06 20:07:48.042,2024-04-06 20:07:48.042000+00:00
2024/04/06, 20:08:48.043,36.018,-74.918, 11.02,153.07,156.21,11.17,9.5,9.4,1011.5,1011.7,0.0,0.0,13.74,11.62,162,157,2.7,3.7,60.2,60.4,8.3,9.2,330.0,326.4,1013.6,1013.8,634.28,288.39,2066.63,32.5014,9.3748,332.8,42.3,1484.596, NAN, NAN, NAN, NAN,,2024/04/06 20:08:48.043,2024-04-06 20:08:48.043000+00:00
2024/04/06, 20:09:48.043,36.015,-74.917, 10.93,153.67,158.09,10.99,9.4,9.3,1011.8,1011.7,0.0,0.0,13.74,11.62,148,162,3.2,2.2,62.1,62.5,8.5,7.7,324.7,331.4,1013.9,1013.8,633.94,288.75,2064.66,32.5062,9.3679,329.1,42.7,1484.577, NAN, NAN, NAN, NAN,,2024/04/06 20:09:48.043,2024-04-06 20:09:48.043000+00:00
2024/04/06, 20:10:48.043,36.012,-74.915, 11.00,154.13,158.69,11.02,9.4,9.3,1011.6,1011.6,0.0,0.0,13.74,11.62,165,193,2.7,2.5,64.1,64.3,8.3,8.1,332.4,341.3,1013.7,1013.7,629.23,289.01,2061.85,32.5103,9.381,328.4,42.5,1484.63, NAN, NAN, NAN, NAN,,2024/04/06 20:10:48.043,2024-04-06 20:10:48.043000+00:00
2024/04/06, 20:11:48.043,36.009,-74.914, 10.93,152.27,156.13,10.83,9.4,9.3,1011.7,1011.5,0.0,0.0,13.74,11.62,159,169,2.8,2.8,64.2,64.3,8.2,8.3,328.4,331.7,1013.8,1013.6,629.44,288.92,2058.62,32.5148,9.5854,327.6,42.5,1485.384, NAN, NAN, NAN, NAN,,2024/04/06 20:11:48.043,2024-04-06 20:11:48.043000+00:00
2024/04/06, 20:12:48.043,36.007,-74.912, 11.00,154.14,158.64,10.83,9.3,9.3,1011.7,1011.7,0.0,0.0,13.74,11.62,158,164,3.9,3.3,64.4,64.6,9.2,8.7,327.9,331.2,1013.8,1013.8,627.93,288.68,2059.33,32.5199,9.7416,329.4,42.5,1485.959, NAN, NAN, NAN, NAN,,2024/04/06 20:12:48.043,2024-04-06 20:12:48.043000+00:00
2024/04/06, 20:13:48.043,36.004,-74.911, 10.88,153.24,157.3,10.73,9.4,9.2,1011.9,1011.7,0.0,0.0,13.74,11.62,159,165,3.4,3.9,63.7,63.9,8.7,9.3,327.5,329.1,1014.0,1013.8,625.23,288.4,2056.36,32.5491,9.7816,339.8,42.6,1486.14, NAN, NAN, NAN, NAN,,2024/04/06 20:13:48.043,2024-04-06 20:13:48.043000+00:00
2024/04/06, 20:14:48.043,36.001,-74.91, 10.90,154.08,159.09,10.85,9.3,9.2,1011.8,1011.7,0.0,0.0,13.74,11.62,138,168,3.1,2.1,62.7,62.7,8.0,7.6,322.7,334.5,1013.9,1013.8,618.09,288.74,2057.18,32.607,9.7618,357.7,42.7,1486.139, NAN, NAN, NAN, NAN,,2024/04/06 20:14:48.043,2024-04-06 20:14:48.043000+00:00
2024/04/06, 20:15:48.043,35.998,-74.908, 10.90,152.15,156.64,10.75,9.3,9.2,1011.7,1011.8,0.0,0.0,13.74,11.62,162,188,2.3,2.3,65.5,65.3,7.7,7.8,329.4,337.0,1013.8,1013.9,609.8,290.06,2053.04,32.6265,9.7189,370.5,42.5,1486.007, NAN, NAN, NAN, NAN,,2024/04/06 20:15:48.043,2024-04-06 20:15:48.043000+00:00
2024/04/06, 20:16:48.043,35.996,-74.907, 10.92,154.2,159.91,10.65,9.4,9.3,1011.8,1011.7,0.0,0.0,13.74,11.62,183,215,1.7,2.2,66.8,67.0,7.2,7.5,338.3,347.3,1013.9,1013.8,613.61,290.22,2047.29,32.6299,9.6813,384.4,42.7,1485.874, NAN, NAN, NAN, NAN,,2024/04/06 20:16:48.043,2024-04-06 20:16:48.043000+00:00
2024/04/06, 20:17:48.043,35.993,-74.905, 10.89,153.96,158.37,10.75,9.5,9.3,1011.8,1011.7,0.0,0.0,13.74,11.62,169,224,2.2,1.8,65.7,67.3,7.7,7.0,333.4,347.2,1013.9,1013.8,614.39,289.99,2046.89,32.6279,9.6458,395.2,42.5,1485.742, NAN, NAN, NAN, NAN,,2024/04/06 20:17:48.043,2024-04-06 20:17:48.043000+00:00
2024/04/06, 20:18:48.043,35.99,-74.904, 10.85,152.25,155.52,10.49,9.5,9.4,1011.9,1011.8,0.0,0.0,13.74,11.62,165,209,1.5,1.7,64.4,65.5,6.8,7.0,331.6,341.6,1014.0,1013.9,608.21,291.2,2042.49,32.6243,9.6137,402.8,42.5,1485.621, NAN, NAN, NAN, NAN,,2024/04/06 20:18:48.043,2024-04-06 20:18:48.043000+00:00
2024/04/06, 20:19:48.043,35.987,-74.902, 10.90,151.77,154.25,10.55,9.6,9.5,1011.8,1011.8,0.0,0.0,13.74,11.62,203,311,2.3,1.6,64.7,65.2,7.6,4.6,340.1,349.8,1013.9,1013.9,605.67,291.4,2039.46,32.621,9.6345,406.5,42.7,1485.693, NAN, NAN, NAN, NAN,,2024/04/06 20:19:48.043,2024-04-06 20:19:48.043000+00:00
2024/04/06, 20:20:48.043,35.985,-74.901, 10.97,152.49,153.45,10.62,9.7,9.6,1011.8,1011.8,0.0,0.0,13.74,11.62,179,226,2.1,1.8,63.5,64.2,7.6,6.9,333.8,345.1,1013.9,1013.9,597.47,291.11,2039.33,32.6163,9.7643,394.2,42.7,1486.159, NAN, NAN, NAN, NAN,,2024/04/06 20:20:48.043,2024-04-06 20:20:48.043000+00:00
2024/04/06, 20:21:48.043,35.982,-74.899, 10.53,152.27,152.34,10.38,9.7,9.6,1011.9,1011.8,0.0,0.0,13.74,11.62,208,212,3.1,2.4,63.0,64.2,8.2,7.5,343.1,342.7,1014.0,1013.9,597.71,289.67,2031.16,32.5912,9.9225,365.1,42.5,1486.703, NAN, NAN, NAN, NAN,,2024/04/06 20:21:48.043,2024-04-06 20:21:48.043000+00:00
2024/04/06, 20:22:48.043,35.98,-74.898, 10.89,154.15,155.62,10.61,9.7,9.7,1011.8,1011.8,0.0,0.0,13.74,11.62,191,206,1.9,1.8,62.6,62.9,7.3,7.1,338.1,341.6,1013.9,1013.9,593.29,289.92,2033.72,32.561,10.0068,336.1,42.8,1486.971, NAN, NAN, NAN, NAN,,2024/04/06 20:22:48.043,2024-04-06 20:22:48.043000+00:00
2024/04/06, 20:23:48.043,35.977,-74.896, 10.92,153.42,154.24,10.56,9.6,9.7,1011.9,1011.8,0.0,0.0,13.74,11.62,184,264,1.0,1.3,63.1,63.5,6.4,5.7,334.8,347.3,1014.0,1013.9,595.2,291.21,2031.72,32.5459,10.066,320.6,42.7,1487.166, NAN, NAN, NAN, NAN,,2024/04/06 20:23:48.043,2024-04-06 20:23:48.043000+00:00
2024/04/06, 20:24:48.044,35.974,-74.895, 10.94,152.69,154.13,10.81,9.7,9.7,1011.8,1011.7,0.0,0.0,13.74,11.62,179,224,1.1,1.8,64.5,64.0,6.7,7.0,333.5,344.0,1013.9,1013.8,585.24,290.87,2026.24,32.5434,10.1218,311.6,42.8,1487.364, NAN, NAN, NAN, NAN,,2024/04/06 20:24:48.044,2024-04-06 20:24:48.044000+00:00
2024/04/06, 20:25:48.044,35.971,-74.893, 10.88,152.18,153.41,10.84,9.8,9.7,1011.9,1011.8,0.0,0.0,13.74,11.62,144,264,0.7,1.6,64.0,63.6,6.1,6.0,330.8,350.1,1014.0,1013.9,575.21,291.56,2023.32,32.5411,10.1932,311.3,42.8,1487.619, NAN, NAN, NAN, NAN,,2024/04/06 20:25:48.044,2024-04-06 20:25:48.044000+00:00
2024/04/06, 20:26:48.044,35.969,-74.891, 10.92,153.68,154.13,10.92,9.8,9.8,1011.8,1011.9,0.0,0.0,13.74,11.62,141,245,0.4,1.1,64.6,64.7,5.9,6.2,331.0,342.7,1013.9,1014.0,575.75,291.67,2018.62,32.535,10.2678,304.4,42.6,1487.879, NAN, NAN, NAN, NAN,,2024/04/06 20:26:48.044,2024-04-06 20:26:48.044000+00:00
2024/04/06, 20:27:48.044,35.966,-74.89, 10.95,150.31,149.94,10.87,9.9,9.9,1011.9,1011.8,0.0,0.0,13.74,11.62,161,203,1.7,2.6,63.8,64.8,7.2,8.1,327.6,339.1,1014.0,1013.9,571.28,289.7,2017.05,32.5193,10.3641,295.8,42.5,1488.205, NAN, NAN, NAN, NAN,,2024/04/06 20:27:48.044,2024-04-06 20:27:48.044000+00:00
2024/04/06, 20:28:48.044,35.963,-74.888, 11.02,152.58,155.34,10.95,9.9,9.9,1011.9,1011.6,0.0,0.0,13.74,11.62,138,217,1.0,1.6,61.9,62.2,6.4,7.0,329.3,343.0,1014.0,1013.7,569.77,289.81,2016.88,32.4996,10.4843,284.6,42.8,1488.611, NAN, NAN, NAN, NAN,,2024/04/06 20:28:48.044,2024-04-06 20:28:48.044000+00:00
2024/04/06, 20:29:48.044,35.961,-74.886, 11.06,152.32,152.99,10.9,9.9,9.9,1011.7,1011.8,0.0,0.0,13.74,11.62,196,282,1.3,1.4,61.7,61.3,6.9,5.5,335.8,347.3,1013.8,1013.9,564.54,290.86,2011.24,32.4722,10.6084,272.9,42.7,1489.021, NAN, NAN, NAN, NAN,,2024/04/06 20:29:48.044,2024-04-06 20:29:48.044000+00:00
2024/04/06, 20:30:48.044,35.958,-74.885, 10.98,154.26,155.85,10.71,9.9,9.9,1011.8,1011.6,0.0,0.0,13.74,11.62,165,187,2.7,2.6,63.1,63.2,8.1,8.1,330.3,337.5,1013.9,1013.7,567.75,289.04,2007.61,32.4285,10.7223,258.4,43.0,1489.373, NAN, NAN, NAN, NAN,,2024/04/06 20:30:48.044,2024-04-06 20:30:48.044000+00:00
2024/04/06, 20:31:48.044,35.955,-74.883, 10.89,151.48,152.39,10.7,9.9,9.8,1011.8,1011.8,0.0,0.0,13.74,11.62,164,161,2.2,3.8,63.0,62.5,7.6,9.1,329.0,325.5,1013.9,1013.9,552.57,288.21,2005.01,32.3748,10.9142,240.6,43.0,1489.988, NAN, NAN, NAN, NAN,,2024/04/06 20:31:48.044,2024-04-06 20:31:48.044000+00:00
2024/04/06, 20:32:48.044,35.952,-74.882, 10.87,152.88,156.08,10.6,9.8,9.7,1011.8,1011.7,0.0,0.0,13.74,11.62,172,173,1.6,2.9,61.5,61.3,7.0,8.3,334.0,332.9,1013.9,1013.8,554.12,288.91,2003.43,32.3295,11.1171,237.2,43.0,1490.648, NAN, NAN, NAN, NAN,,2024/04/06 20:32:48.044,2024-04-06 20:32:48.044000+00:00
2024/04/06, 20:33:48.044,35.95,-74.88, 10.83,153.48,154.65,10.68,9.7,9.6,1011.9,1011.7,0.0,0.0,13.74,11.62,156,162,3.3,3.0,62.6,62.6,8.6,8.4,325.8,328.5,1014.0,1013.8,545.53,287.73,1997.52,32.2951,11.2517,236.3,43.0,1491.08, NAN, NAN, NAN, NAN,,2024/04/06 20:33:48.044,2024-04-06 20:33:48.044000+00:00
2024/04/06, 20:34:48.044,35.947,-74.878, 10.84,152.47,157.42,10.86,9.6,9.5,1011.9,1011.7,0.0,0.0,13.74,11.62,159,163,4.0,4.0,61.1,61.1,9.4,9.4,326.0,327.7,1014.0,1013.8,547.97,287.41,1993.77,32.2483,11.3677,232.4,42.8,1491.429, NAN, NAN, NAN, NAN,,2024/04/06 20:34:48.044,2024-04-06 20:34:48.044000+00:00
2024/04/06, 20:35:48.044,35.944,-74.877, 10.88,151.72,152.98,10.59,9.6,9.4,1011.9,1011.8,0.0,0.0,13.74,11.62,166,181,1.7,2.3,59.2,58.9,7.1,7.7,330.6,334.0,1014.0,1013.9,547.82,289.28,1990.71,32.2106,11.4262,235.1,43.1,1491.588, NAN, NAN, NAN, NAN,,2024/04/06 20:35:48.044,2024-04-06 20:35:48.044000+00:00
2024/04/06, 20:36:48.044,35.942,-74.876, 5.90,144.86,158.38,5.32,9.6,9.5,1011.8,1011.9,0.0,0.0,13.74,11.62,185,182,2.0,4.1,61.4,62.1,4.7,6.8,329.5,327.8,1013.9,1014.0,540.12,289.18,1984.78,32.1767,11.4924,233.2,43.2,1491.779, NAN, NAN, NAN, NAN,,2024/04/06 20:36:48.044,2024-04-06 20:36:48.044000+00:00
2024/04/06, 20:37:48.044,35.941,-74.875, 3.05,126.1,137.91,2.65,9.7,9.6,1011.8,1011.7,0.0,0.0,13.74,11.62,195,208,4.3,4.4,61.5,61.5,5.7,5.7,322.0,331.9,1013.9,1013.8,535.08,288.35,1960.47,32.1526,11.5543,239.4,43.0,1491.965, NAN, NAN, NAN, NAN,,2024/04/06 20:37:48.044,2024-04-06 20:37:48.044000+00:00
2024/04/06, 20:38:48.044,35.941,-74.874, 2.18,91.11,122.46,2.02,9.7,9.6,1011.6,1011.9,0.0,0.0,13.74,11.62,232,237,7.6,7.0,62.3,62.9,8.6,8.0,321.0,325.3,1013.7,1014.0,544.6,285.62,1960.37,32.1312,11.5886,241.5,42.8,1492.059, NAN, NAN, NAN, NAN,,2024/04/06 20:38:48.044,2024-04-06 20:38:48.044000+00:00
2024/04/06, 20:39:48.045,35.941,-74.874, 1.01,38.96,138.64,0.97,9.6,9.6,1011.9,1011.7,0.0,0.0,13.74,11.62,275,297,7.9,8.7,61.9,61.8,8.4,9.2,314.0,334.9,1014.0,1013.8,520.79,284.95,1974.78,32.1145,11.6035,240.6,43.4,1492.091, NAN, NAN, NAN, NAN,,2024/04/06 20:39:48.045,2024-04-06 20:39:48.045000+00:00
2024/04/06, 20:40:48.045,35.941,-74.874, 0.80,11.52,65.83,1.01,9.5,9.5,1011.9,1011.5,0.0,0.0,13.74,11.62,314,320,7.9,11.1,62.0,62.3,8.0,11.2,321.9,328.9,1014.0,1013.6,525.81,282.87,1995.02,32.102,11.6104,242.1,42.5,1492.1, NAN, NAN, NAN, NAN,,2024/04/06 20:40:48.045,2024-04-06 20:40:48.045000+00:00
2024/04/06, 20:41:48.045,35.941,-74.874, 0.25,346.09,359.24,0.33,9.3,9.4,1011.8,1011.7,0.0,0.0,13.74,11.62,341,338,6.6,7.5,61.5,61.4,6.5,7.4,325.8,323.0,1013.9,1013.8,512.47,284.21,2021.71,32.1016,11.6139,245.2,42.6,1492.111, NAN, NAN, NAN, NAN,,2024/04/06 20:41:48.045,2024-04-06 20:41:48.045000+00:00
2024/04/06, 20:42:48.045,35.941,-74.874, 0.39,332.63,71.56,0.31,9.3,9.3,1011.7,1011.5,0.0,0.0,13.74,11.62,359,354,7.7,7.6,63.6,63.6,7.7,7.6,330.5,325.4,1013.8,1013.6,520.26,283.83,2026.71,32.0858,11.618,239.6,42.4,1492.107, NAN, NAN, NAN, NAN,,2024/04/06 20:42:48.045,2024-04-06 20:42:48.045000+00:00
2024/04/06, 20:43:48.045,35.941,-74.874, -0.06,332.91,301.74,0.2,9.3,9.3,1011.8,1011.5,0.0,0.0,13.74,11.62,10,0,8.1,7.5,64.6,64.6,8.1,7.4,343.6,333.6,1013.9,1013.6,525.17,284.43,2029.4,32.0836,11.6209,243.6,42.2,1492.114, NAN, NAN, NAN, NAN,,2024/04/06 20:43:48.045,2024-04-06 20:43:48.045000+00:00
2024/04/06, 20:44:48.045,35.941,-74.874, 0.04,333.79,270.65,0.42,9.3,9.3,1011.4,1011.6,0.0,0.0,13.74,11.62,7,355,7.4,7.0,64.7,63.7,7.5,7.1,342.1,330.4,1013.5,1013.7,519.52,285.4,2023.16,32.0794,11.623,256.1,42.3,1492.116, NAN, NAN, NAN, NAN,,2024/04/06 20:44:48.045,2024-04-06 20:44:48.045000+00:00
2024/04/06, 20:45:48.045,35.941,-74.874, 0.00,335.02,102.39,0.22,9.2,9.3,1011.6,1011.6,0.0,0.0,13.74,11.62,2,356,8.8,8.0,65.1,65.2,8.7,7.9,337.0,330.9,1013.7,1013.7,505.87,284.63,2018.71,32.0774,11.6244,270.2,42.3,1492.119, NAN, NAN, NAN, NAN,,2024/04/06 20:45:48.045,2024-04-06 20:45:48.045000+00:00
2024/04/06, 20:46:48.045,35.941,-74.874, -0.01,338.07,279.33,0.46,9.2,9.2,1011.6,1011.9,0.0,0.0,13.74,11.62,0,353,6.9,7.1,64.8,64.5,6.8,6.9,339.7,332.5,1013.7,1014.0,505.88,286.03,2014.56,32.0781,11.6248,286.4,41.7,1492.121, NAN, NAN, NAN, NAN,,2024/04/06 20:46:48.045,2024-04-06 20:46:48.045000+00:00
2024/04/06, 20:47:48.045,35.941,-74.874, 0.11,333.37,269.49,0.62,9.3,9.3,1011.9,1011.7,0.0,0.0,13.74,11.62,9,1,7.9,7.5,65.8,65.9,7.8,7.3,344.4,336.4,1014.0,1013.8,500.79,285.25,2015.81,32.0777,11.6283,295.2,41.6,1492.133, NAN, NAN, NAN, NAN,,2024/04/06 20:47:48.045,2024-04-06 20:47:48.045000+00:00
2024/04/06, 20:48:48.045,35.941,-74.874, 0.06,337.53,304.47,0.61,9.2,9.3,1011.8,1011.6,0.0,0.0,13.74,11.62,6,356,8.2,8.2,63.3,63.8,8.0,8.0,345.3,335.0,1013.9,1013.7,498.9,285.38,2008.54,32.0742,11.6339,311.2,42.4,1492.148, NAN, NAN, NAN, NAN,,2024/04/06 20:48:48.045,2024-04-06 20:48:48.045000+00:00
2024/04/06, 20:49:48.045,35.941,-74.874, 0.16,339.61,49.82,0.45,9.2,9.2,1011.9,1011.5,0.0,0.0,13.74,11.62,1,351,8.0,7.5,63.5,63.2,7.8,7.3,339.7,329.3,1014.0,1013.6,498.96,285.35,2005.49,32.0758,11.6364,313.2,41.9,1492.159, NAN, NAN, NAN, NAN,,2024/04/06 20:49:48.045,2024-04-06 20:49:48.045000+00:00
2024/04/06, 20:50:48.045,35.941,-74.874, 0.14,342.58,184.39,0.64,9.2,9.2,1011.8,1011.6,0.0,0.0,13.74,11.62,356,352,7.7,7.3,63.0,63.3,8.0,7.6,339.8,336.0,1013.9,1013.7,495.04,285.63,2006.97,32.0732,11.641,313.2,42.1,1492.172, NAN, NAN, NAN, NAN,,2024/04/06 20:50:48.045,2024-04-06 20:50:48.045000+00:00
2024/04/06, 20:51:48.045,35.941,-74.874, 0.37,337.34,169.23,0.6,9.2,9.2,1011.8,1011.8,0.0,0.0,13.74,11.62,355,347,6.8,6.7,64.3,64.2,7.1,7.0,333.0,325.3,1013.9,1013.9,481.37,286.05,1993.15,32.0724,11.6429,311.2,42.4,1492.177, NAN, NAN, NAN, NAN,,2024/04/06 20:51:48.045,2024-04-06 20:51:48.045000+00:00
2024/04/06, 20:52:48.045,35.941,-74.874, -0.07,338.8,278.21,0.41,9.2,9.2,1011.6,1011.8,0.0,0.0,13.74,11.62,358,350,7.8,7.6,64.6,64.8,7.7,7.5,338.1,330.0,1013.7,1013.9,479.35,285.8,1991.75,32.0723,11.6432,307.8,42.3,1492.178, NAN, NAN, NAN, NAN,,2024/04/06 20:52:48.045,2024-04-06 20:52:48.045000+00:00
2024/04/06, 20:53:48.045,35.941,-74.874, -0.19,338.71,319.35,0.18,9.2,9.2,1011.5,1011.9,0.0,0.0,13.74,11.62,1,353,7.6,7.4,64.0,63.8,7.6,7.3,340.3,332.3,1013.6,1014.0,472.47,286.45,1984.98,32.0723,11.6428,309.2,42.1,1492.177, NAN, NAN, NAN, NAN,,2024/04/06 20:53:48.045,2024-04-06 20:53:48.045000+00:00
2024/04/06, 20:54:48.045,35.941,-74.874, 0.17,340.26,70.53,0.45,9.2,9.2,1012.1,1011.8,0.0,0.0,13.74,11.62,353,347,7.3,7.2,63.4,63.2,7.2,7.1,331.9,325.7,1014.2,1013.9,462.96,286.71,1983.56,32.0767,11.64,315.0,41.3,1492.172, NAN, NAN, NAN, NAN,,2024/04/06 20:54:48.045,2024-04-06 20:54:48.045000+00:00
2024/04/06, 20:55:48.046,35.941,-74.874, 0.10,342.25,269.41,0.41,9.2,9.2,1011.8,1011.7,0.0,0.0,13.74,11.62,351,346,6.6,6.1,63.2,63.2,6.8,6.3,333.6,328.7,1013.9,1013.8,470.42,286.64,2008.18,32.0716,11.6434,316.0,42.6,1492.178, NAN, NAN, NAN, NAN,,2024/04/06 20:55:48.046,2024-04-06 20:55:48.046000+00:00
2024/04/06, 20:56:48.046,35.941,-74.874, -0.02,340.1,204.16,0.14,9.2,9.2,1011.8,1011.8,0.0,0.0,13.74,11.62,354,347,7.1,6.8,63.3,64.9,7.1,6.8,334.7,327.7,1013.9,1013.9,457.0,286.79,1987.08,32.0708,11.6458,320.3,42.4,1492.185, NAN, NAN, NAN, NAN,,2024/04/06 20:56:48.046,2024-04-06 20:56:48.046000+00:00
2024/04/06, 20:57:48.046,35.941,-74.874, 0.19,339.67,275.05,0.3,9.2,9.3,1011.9,1011.9,0.0,0.0,13.74,11.62,353,347,6.8,7.2,65.3,64.6,6.8,7.2,334.0,327.9,1014.0,1014.0,449.56,286.77,1973.27,32.071,11.6482,311.3,42.5,1492.194, NAN, NAN, NAN, NAN,,2024/04/06 20:57:48.046,2024-04-06 20:57:48.046000+00:00
2024/04/06, 20:58:48.046,35.941,-74.874, 0.02,340.55,296.58,0.36,9.3,9.3,1011.9,1011.6,0.0,0.0,13.74,11.62,350,344,7.5,7.1,63.1,63.1,7.3,6.9,331.3,325.2,1014.0,1013.7,441.11,286.66,1968.85,32.0697,11.6503,311.6,42.8,1492.2, NAN, NAN, NAN, NAN,,2024/04/06 20:58:48.046,2024-04-06 20:58:48.046000+00:00
2024/04/06, 20:59:48.046,35.941,-74.874, 0.07,340.44,184.33,0.43,9.2,9.3,1011.9,1011.8,0.0,0.0,13.74,11.62,355,349,6.5,6.4,63.2,62.9,6.7,6.6,334.4,328.6,1014.0,1013.9,446.16,287.55,1963.89,32.0699,11.6466,321.4,42.2,1492.187, NAN, NAN, NAN, NAN,,2024/04/06 20:59:48.046,2024-04-06 20:59:48.046000+00:00
2024/04/06, 21:00:48.046,35.941,-74.874, -0.06,338.86,47.55,0.29,9.3,9.3,1011.9,1011.7,0.0,0.0,13.74,11.62,1,356,7.1,7.1,65.3,65.4,7.2,7.2,339.1,334.2,1014.0,1013.8,434.51,287.43,1957.36,32.0703,11.6463,316.3,41.7,1492.186, NAN, NAN, NAN, NAN,,2024/04/06 21:00:48.046,2024-04-06 21:00:48.046000+00:00
2024/04/06, 21:01:48.046,35.941,-74.874, 0.01,339.06,300.13,0.9,9.3,9.3,1011.9,1011.8,0.0,0.0,13.74,11.62,353,348,6.2,7.1,66.3,65.8,5.9,6.8,335.3,329.6,1014.0,1013.9,437.9,287.31,1955.76,32.0693,11.6493,316.0,42.1,1492.196, NAN, NAN, NAN, NAN,,2024/04/06 21:01:48.046,2024-04-06 21:01:48.046000+00:00
2024/04/06, 21:02:48.046,35.941,-74.874, 0.01,339.51,139.61,0.34,9.3,9.4,1011.8,1011.9,0.0,0.0,13.74,11.62,1,353,7.9,7.6,64.8,65.1,7.8,7.5,339.8,331.6,1013.9,1014.0,432.29,286.84,1949.42,32.0825,11.6492,313.2,41.2,1492.211, NAN, NAN, NAN, NAN,,2024/04/06 21:02:48.046,2024-04-06 21:02:48.046000+00:00
2024/04/06, 21:03:48.046,35.941,-74.874, 0.19,340.26,299.93,0.51,9.3,9.3,1011.8,1011.9,0.0,0.0,13.74,11.62,358,351,7.5,7.7,63.9,64.0,7.3,7.5,339.3,332.1,1013.9,1014.0,438.05,287.31,1946.01,32.0692,11.6514,316.6,42.2,1492.203, NAN, NAN, NAN, NAN,,2024/04/06 21:03:48.046,2024-04-06 21:03:48.046000+00:00
2024/04/06, 21:04:48.046,35.941,-74.874, -0.01,339.43,286.21,0.12,9.3,9.3,1011.8,1011.9,0.0,0.0,13.74,11.62,350,338,6.3,6.1,66.1,66.0,6.3,6.1,330.0,318.0,1013.9,1014.0,422.81,288.04,1941.28,32.0741,11.652,316.3,42.2,1492.211, NAN, NAN, NAN, NAN,,2024/04/06 21:04:48.046,2024-04-06 21:04:48.046000+00:00
2024/04/06, 21:05:48.046,35.941,-74.874, -0.02,341.07,45.02,0.38,9.3,9.3,1011.9,1011.9,0.0,0.0,13.74,11.62,348,343,6.6,6.9,68.9,66.0,6.7,7.0,327.8,323.0,1014.0,1014.0,422.56,287.25,1937.56,32.0734,11.6554,315.6,42.4,1492.222, NAN, NAN, NAN, NAN,,2024/04/06 21:05:48.046,2024-04-06 21:05:48.046000+00:00
2024/04/06, 21:06:48.046,35.941,-74.874, -0.03,341.89,357.95,0.41,9.3,9.4,1011.9,1011.9,0.0,0.0,13.74,11.62,350,346,5.8,5.9,65.6,65.6,5.6,5.7,331.1,327.0,1014.0,1014.0,420.91,287.93,1935.51,32.0746,11.6579,316.9,42.1,1492.232, NAN, NAN, NAN, NAN,,2024/04/06 21:06:48.046,2024-04-06 21:06:48.046000+00:00
2024/04/06, 21:07:48.046,35.941,-74.874, -0.11,339.25,215.99,0.38,9.3,9.4,1011.9,1011.9,0.0,0.0,13.74,11.62,353,352,7.0,6.8,66.9,67.1,6.9,6.7,333.7,332.7,1014.0,1014.0,420.95,287.77,1928.89,32.0705,11.661,320.9,42.3,1492.238, NAN, NAN, NAN, NAN,,2024/04/06 21:07:48.046,2024-04-06 21:07:48.046000+00:00
2024/04/06, 21:08:48.046,35.941,-74.874, -0.08,338.83,8.63,0.33,9.3,9.4,1011.7,1012.0,0.0,0.0,13.74,11.62,0,352,7.4,7.2,66.3,66.6,7.2,7.0,338.5,330.4,1013.8,1014.1,419.74,287.43,1926.14,32.0718,11.6609,321.1,42.3,1492.239, NAN, NAN, NAN, NAN,,2024/04/06 21:08:48.046,2024-04-06 21:08:48.046000+00:00
2024/04/06, 21:09:48.046,35.941,-74.874, -0.08,339.48,170.99,0.17,9.4,9.4,1011.9,1011.9,0.0,0.0,13.74,11.62,359,354,8.2,7.8,66.9,66.9,8.2,7.8,339.1,334.1,1014.0,1014.0,419.42,286.83,1919.98,32.07,11.6663,325.1,42.8,1492.256, NAN, NAN, NAN, NAN,,2024/04/06 21:09:48.046,2024-04-06 21:09:48.046000+00:00
2024/04/06, 21:10:48.046,35.941,-74.874, 0.01,340.81,223.43,0.04,9.3,9.4,1011.9,1011.9,0.0,0.0,13.74,11.62,356,349,7.5,7.6,63.1,67.1,7.5,7.6,336.7,329.8,1014.0,1014.0,419.83,286.75,1914.24,32.0724,11.6674,317.2,42.4,1492.262, NAN, NAN, NAN, NAN,,2024/04/06 21:10:48.046,2024-04-06 21:10:48.046000+00:00
2024/04/06, 21:11:48.047,35.941,-74.874, 0.05,339.89,312.53,0.27,9.3,9.3,1011.9,1012.1,0.0,0.0,13.74,11.62,355,351,6.8,6.5,63.7,63.5,6.7,6.4,334.4,330.3,1014.0,1014.2,413.59,287.37,1908.39,32.0693,11.6688,320.9,42.6,1492.263, NAN, NAN, NAN, NAN,,2024/04/06 21:11:48.047,2024-04-06 21:11:48.047000+00:00
2024/04/06, 21:12:48.047,35.941,-74.874, 0.32,338.66,304.67,0.35,9.3,9.3,1012.1,1011.8,0.0,0.0,13.74,11.62,355,353,7.4,6.7,64.0,65.0,7.3,6.6,334.5,332.5,1014.2,1013.9,411.7,287.52,1903.88,32.0702,11.6721,319.0,42.9,1492.276, NAN, NAN, NAN, NAN,,2024/04/06 21:12:48.047,2024-04-06 21:12:48.047000+00:00
2024/04/06, 21:13:48.047,35.941,-74.874, 0.14,340.61,219.59,0.11,9.3,9.4,1012.0,1011.9,0.0,0.0,13.74,11.62,2,352,7.1,6.5,67.7,67.9,7.1,6.5,343.0,333.0,1014.1,1014.0,414.5,287.4,1891.75,32.0736,11.6772,317.2,42.6,1492.298, NAN, NAN, NAN, NAN,,2024/04/06 21:13:48.047,2024-04-06 21:13:48.047000+00:00
2024/04/06, 21:14:48.047,35.941,-74.874, -0.02,339.05,318.96,0.26,9.3,9.4,1011.9,1011.9,0.0,0.0,13.74,11.62,1,354,7.2,7.1,65.5,65.1,7.2,7.1,341.1,334.1,1014.0,1014.0,410.85,286.87,1891.91,32.0716,11.6802,327.0,42.8,1492.306, NAN, NAN, NAN, NAN,,2024/04/06 21:14:48.047,2024-04-06 21:14:48.047000+00:00
2024/04/06, 21:15:48.047,35.941,-74.874, -0.01,337.55,205.97,0.28,9.3,9.3,1011.8,1012.0,0.0,0.0,13.74,11.62,0,353,7.7,7.1,63.0,62.8,7.7,7.1,338.6,331.7,1013.9,1014.1,401.75,287.02,1892.24,32.0701,11.6848,324.8,42.3,1492.32, NAN, NAN, NAN, NAN,,2024/04/06 21:15:48.047,2024-04-06 21:15:48.047000+00:00
2024/04/06, 21:16:48.047,35.941,-74.874, -0.04,337.19,226.08,0.38,9.3,9.4,1011.9,1011.8,0.0,0.0,13.74,11.62,7,1,8.3,7.5,61.5,61.2,8.3,7.5,345.5,339.7,1014.0,1013.9,401.45,287.57,1884.42,32.0707,11.6902,319.0,42.3,1492.339, NAN, NAN, NAN, NAN,,2024/04/06 21:16:48.047,2024-04-06 21:16:48.047000+00:00
2024/04/06, 21:17:48.047,35.941,-74.874, 0.18,338.95,227.34,0.42,9.4,9.4,1011.9,1011.8,0.0,0.0,13.74,11.62,0,353,7.7,7.3,62.5,62.7,7.9,7.5,339.8,333.0,1014.0,1013.9,405.01,287.55,1875.59,32.0721,11.6941,321.7,42.4,1492.354, NAN, NAN, NAN, NAN,,2024/04/06 21:17:48.047,2024-04-06 21:17:48.047000+00:00
2024/04/06, 21:18:48.047,35.941,-74.874, 0.10,339.32,336.28,0.23,9.3,9.4,1011.9,1012.0,0.0,0.0,13.74,11.62,2,357,7.7,7.2,61.8,61.9,7.6,7.1,341.7,336.7,1014.0,1014.1,403.96,287.09,1871.96,32.0749,11.6971,320.9,42.9,1492.368, NAN, NAN, NAN, NAN,,2024/04/06 21:18:48.047,2024-04-06 21:18:48.047000+00:00
2024/04/06, 21:19:48.047,35.941,-74.874, 0.01,338.98,19.74,0.23,9.4,9.4,1011.9,1012.1,0.0,0.0,13.74,11.62,2,358,6.9,6.8,63.5,63.6,6.8,6.7,340.3,336.3,1014.0,1014.2,393.93,287.78,1866.46,32.0751,11.7,320.3,43.0,1492.379, NAN, NAN, NAN, NAN,,2024/04/06 21:19:48.047,2024-04-06 21:19:48.047000+00:00
2024/04/06, 21:20:48.047,35.941,-74.874, 0.03,338.04,56.35,0.32,9.4,9.4,1011.8,1012.1,0.0,0.0,13.74,11.62,356,350,7.0,6.8,63.7,64.0,7.0,6.8,332.7,326.7,1013.9,1014.2,393.46,287.41,1861.67,32.0753,11.7018,328.8,42.8,1492.385, NAN, NAN, NAN, NAN,,2024/04/06 21:20:48.047,2024-04-06 21:20:48.047000+00:00
2024/04/06, 21:21:48.047,35.941,-74.874, 0.03,338.18,54.78,0.38,9.4,9.4,1011.9,1012.0,0.0,0.0,13.74,11.62,3,356,7.1,7.2,62.2,62.5,7.1,7.2,339.6,332.6,1014.0,1014.1,393.01,287.16,1857.23,32.0761,11.7043,329.7,43.7,1492.395, NAN, NAN, NAN, NAN,,2024/04/06 21:21:48.047,2024-04-06 21:21:48.047000+00:00
2024/04/06, 21:22:48.047,35.941,-74.874, 0.03,338.93,12.55,0.25,9.4,9.4,1011.9,1012.1,0.0,0.0,13.74,11.62,9,359,7.4,6.9,62.4,61.6,7.3,6.8,348.8,338.8,1014.0,1014.2,388.47,287.5,1854.02,32.0758,11.7059,330.7,43.7,1492.4, NAN, NAN, NAN, NAN,,2024/04/06 21:22:48.047,2024-04-06 21:22:48.047000+00:00
2024/04/06, 21:23:48.047,35.941,-74.874, 0.13,344.13,150.21,0.25,9.4,9.4,1011.9,1011.9,0.0,0.0,13.74,11.62,6,358,6.8,6.3,64.9,64.9,6.9,6.4,350.7,342.9,1014.0,1014.0,381.85,287.59,1841.18,32.0765,11.7008,328.8,43.0,1492.383, NAN, NAN, NAN, NAN,,2024/04/06 21:23:48.047,2024-04-06 21:23:48.047000+00:00
2024/04/06, 21:24:48.047,35.941,-74.874, -0.13,0.37,35.45,0.46,9.4,9.4,1012.0,1011.9,0.0,0.0,13.74,11.62,349,339,6.9,7.3,64.7,64.7,6.8,7.2,347.6,337.6,1014.1,1014.0,378.02,287.15,1821.7,32.0781,11.6698,331.2,41.9,1492.277, NAN, NAN, NAN, NAN,,2024/04/06 21:24:48.047,2024-04-06 21:24:48.047000+00:00
2024/04/06, 21:25:48.047,35.941,-74.873, 0.94,52.03,60.16,1.81,9.4,9.4,1012.2,1011.8,0.0,0.0,13.74,11.62,316,310,7.1,9.2,63.6,63.6,6.5,8.7,2.0,357.1,1014.3,1013.9,374.8,286.93,1778.47,32.0782,11.6762,336.8,42.4,1492.3, NAN, NAN, NAN, NAN,,2024/04/06 21:25:48.047,2024-04-06 21:25:48.047000+00:00
2024/04/06, 21:26:48.048,35.941,-74.872, 3.93,82.99,81.53,4.07,9.4,9.4,1011.9,1011.9,0.0,0.0,13.74,11.62,270,285,8.0,8.7,63.0,63.2,8.5,8.6,338.7,354.1,1014.0,1014.0,377.63,287.87,1744.94,32.0763,11.6949,337.4,42.5,1492.362, NAN, NAN, NAN, NAN,,2024/04/06 21:26:48.048,2024-04-06 21:26:48.048000+00:00
2024/04/06, 21:27:48.048,35.941,-74.871, 4.66,77.67,70.9,4.52,9.4,9.4,1012.2,1011.9,0.0,0.0,13.74,11.62,273,292,7.3,8.3,61.8,62.2,7.5,7.7,332.7,353.5,1014.3,1014.0,363.92,288.29,1743.9,32.0988,11.7071,344.3,42.9,1492.432, NAN, NAN, NAN, NAN,,2024/04/06 21:27:48.048,2024-04-06 21:27:48.048000+00:00
2024/04/06, 21:28:48.048,35.941,-74.869, 4.69,79.26,113.96,4.43,9.4,9.4,1012.0,1012.0,0.0,0.0,13.74,11.62,289,303,5.2,7.8,65.3,61.7,5.7,7.6,344.8,5.3,1014.1,1014.1,365.36,288.69,1731.34,32.1098,11.7095,333.4,42.0,1492.453, NAN, NAN, NAN, NAN,,2024/04/06 21:28:48.048,2024-04-06 21:28:48.048000+00:00
2024/04/06, 21:29:48.048,35.941,-74.868, 4.39,79.32,87.43,4.28,9.5,9.5,1012.3,1011.8,0.0,0.0,13.74,11.62,279,293,8.2,10.5,64.9,65.1,8.4,10.1,343.1,0.3,1014.4,1013.9,363.85,287.92,1730.82,32.1039,11.7052,314.7,42.2,1492.431, NAN, NAN, NAN, NAN,,2024/04/06 21:29:48.048,2024-04-06 21:29:48.048000+00:00
2024/04/06, 21:30:48.048,35.941,-74.866, 4.26,78.69,78.7,3.65,9.5,9.5,1011.9,1012.2,0.0,0.0,13.74,11.62,289,286,6.6,8.7,62.9,63.0,6.6,8.8,351.4,352.4,1014.0,1014.3,359.59,287.48,1720.67,32.0965,11.7068,295.5,42.1,1492.428, NAN, NAN, NAN, NAN,,2024/04/06 21:30:48.048,2024-04-06 21:30:48.048000+00:00
2024/04/06, 21:31:48.048,35.941,-74.865, 3.89,77.47,88.06,3.54,9.4,9.5,1012.0,1011.9,0.0,0.0,13.74,11.62,273,288,7.3,8.8,64.6,62.7,7.7,8.7,336.8,353.5,1014.1,1014.0,351.78,287.83,1718.31,32.082,11.7185,278.7,42.9,1492.451, NAN, NAN, NAN, NAN,,2024/04/06 21:31:48.048,2024-04-06 21:31:48.048000+00:00
2024/04/06, 21:32:48.048,35.941,-74.864, 3.85,78.58,89.76,4.27,9.4,9.5,1012.1,1011.9,0.0,0.0,13.74,11.62,279,292,8.4,9.9,63.5,63.5,9.0,9.9,343.5,357.9,1014.2,1014.0,345.59,287.48,1715.34,32.0792,11.7402,273.9,42.8,1492.523, NAN, NAN, NAN, NAN,,2024/04/06 21:32:48.048,2024-04-06 21:32:48.048000+00:00
2024/04/06, 21:33:48.048,35.941,-74.863, 4.13,81.42,114.63,3.75,9.4,9.5,1012.1,1012.1,0.0,0.0,13.74,11.62,276,291,8.1,9.2,62.0,62.0,9.0,9.6,345.9,0.9,1014.2,1014.2,348.59,287.26,1700.15,32.0749,11.7489,277.9,41.9,1492.548, NAN, NAN, NAN, NAN,,2024/04/06 21:33:48.048,2024-04-06 21:33:48.048000+00:00
2024/04/06, 21:34:48.048,35.941,-74.861, 3.68,75.75,88.39,3.49,9.4,9.4,1012.0,1011.9,0.0,0.0,13.74,11.62,277,289,8.5,10.4,61.7,61.8,8.8,10.2,340.9,354.8,1014.1,1014.0,338.7,287.04,1699.5,32.0755,11.7317,272.0,42.3,1492.489, NAN, NAN, NAN, NAN,,2024/04/06 21:34:48.048,2024-04-06 21:34:48.048000+00:00
2024/04/06, 21:35:48.048,35.941,-74.86, 3.83,77.3,88.86,3.46,9.4,9.4,1011.9,1012.1,0.0,0.0,13.74,11.62,281,291,7.8,10.2,61.2,61.2,7.9,9.9,345.3,358.3,1014.0,1014.2,339.26,287.02,1692.14,32.0618,11.7195,267.5,42.5,1492.43, NAN, NAN, NAN, NAN,,2024/04/06 21:35:48.048,2024-04-06 21:35:48.048000+00:00
2024/04/06, 21:36:48.048,35.941,-74.859, 4.02,78.56,91.09,3.83,9.4,9.4,1011.9,1012.0,0.0,0.0,13.74,11.62,272,284,7.5,8.9,61.3,61.3,8.2,9.2,337.0,350.2,1014.0,1014.1,335.06,287.67,1681.79,32.0417,11.7221,262.8,42.7,1492.415, NAN, NAN, NAN, NAN,,2024/04/06 21:36:48.048,2024-04-06 21:36:48.048000+00:00
2024/04/06, 21:37:48.048,35.941,-74.857, 4.04,78.54,78.8,4.1,9.4,9.4,1012.4,1011.7,0.0,0.0,13.74,11.62,281,291,7.9,10.0,63.6,63.8,7.9,9.6,344.2,357.4,1014.5,1013.8,328.59,287.46,1675.51,32.021,11.742,264.4,42.5,1492.459, NAN, NAN, NAN, NAN,,2024/04/06 21:37:48.048,2024-04-06 21:37:48.048000+00:00
2024/04/06, 21:38:48.048,35.941,-74.856, 4.32,79.19,82.78,4.3,9.4,9.5,1012.0,1012.1,0.0,0.0,13.74,11.62,280,293,6.8,8.7,63.7,63.5,7.1,8.4,341.0,357.5,1014.1,1014.2,323.44,287.71,1667.34,32.015,11.7697,267.8,42.8,1492.548, NAN, NAN, NAN, NAN,,2024/04/06 21:38:48.048,2024-04-06 21:38:48.048000+00:00
2024/04/06, 21:39:48.048,35.941,-74.855, 4.32,80.16,89.51,3.88,9.5,9.5,1012.1,1011.9,0.0,0.0,13.74,11.62,277,292,7.4,8.8,64.0,64.2,7.7,8.6,342.2,359.1,1014.2,1014.0,321.72,287.37,1660.88,32.0079,11.8065,269.2,42.6,1492.667, NAN, NAN, NAN, NAN,,2024/04/06 21:39:48.048,2024-04-06 21:39:48.048000+00:00
2024/04/06, 21:40:48.048,35.941,-74.853, 4.43,78.84,85.07,4.07,9.4,9.5,1012.0,1012.0,0.0,0.0,13.74,11.62,267,288,7.4,8.9,63.2,63.3,8.0,8.8,331.0,353.3,1014.1,1014.1,319.83,287.14,1650.7,32.0099,11.859,263.5,42.2,1492.851, NAN, NAN, NAN, NAN,,2024/04/06 21:40:48.048,2024-04-06 21:40:48.048000+00:00
2024/04/06, 21:41:48.048,35.941,-74.852, 4.40,77.52,100.78,4.4,9.4,9.5,1012.0,1011.9,0.0,0.0,13.74,11.62,287,292,6.4,9.1,62.4,62.3,6.5,8.9,344.3,355.1,1014.1,1014.0,309.64,288.14,1649.52,32.0144,11.9041,258.8,42.4,1493.012, NAN, NAN, NAN, NAN,,2024/04/06 21:41:48.048,2024-04-06 21:41:48.048000+00:00
2024/04/06, 21:42:48.049,35.941,-74.85, 4.54,78.42,76.43,4.13,9.5,9.5,1012.2,1011.9,0.0,0.0,13.74,11.62,276,289,8.4,10.4,63.7,64.0,8.8,10.3,340.5,355.7,1014.3,1014.0,312.09,286.73,1637.4,32.0242,11.953,260.8,42.4,1493.192, NAN, NAN, NAN, NAN,,2024/04/06 21:42:48.049,2024-04-06 21:42:48.049000+00:00
2024/04/06, 21:43:48.049,35.941,-74.849, 4.64,78.08,81.02,4.24,9.5,9.5,1011.9,1012.1,0.0,0.0,13.74,11.62,274,282,7.9,9.1,60.2,60.1,8.4,9.3,337.1,346.5,1014.0,1014.2,307.49,286.56,1634.91,32.0361,12.0135,258.0,42.2,1493.415, NAN, NAN, NAN, NAN,,2024/04/06 21:43:48.049,2024-04-06 21:43:48.049000+00:00
2024/04/06, 21:44:48.049,35.941,-74.847, 4.53,77.87,82.75,4.48,9.4,9.5,1012.0,1011.9,0.0,0.0,13.74,11.62,273,288,6.9,8.9,60.2,60.1,7.5,8.9,333.2,351.0,1014.1,1014.0,300.93,287.23,1625.79,32.0509,12.0723,260.4,42.3,1493.635, NAN, NAN, NAN, NAN,,2024/04/06 21:44:48.049,2024-04-06 21:44:48.049000+00:00
2024/04/06, 21:45:48.049,35.941,-74.846, 4.42,77.27,93.93,4.21,9.5,9.5,1012.2,1012.1,0.0,0.0,13.74,11.62,279,293,7.5,9.3,60.0,61.5,7.6,8.8,339.8,356.9,1014.3,1014.2,290.43,287.75,1624.8,32.064,12.1395,260.1,42.2,1493.881, NAN, NAN, NAN, NAN,,2024/04/06 21:45:48.049,2024-04-06 21:45:48.049000+00:00
2024/04/06, 21:46:48.049,35.942,-74.844, 4.39,79.9,83.6,4.21,9.5,9.5,1012.1,1012.1,0.0,0.0,13.74,11.62,280,295,7.4,8.7,62.5,62.6,7.5,8.2,343.3,0.6,1014.2,1014.2,291.95,287.47,1606.99,32.0745,12.1955,260.1,42.4,1494.085, NAN, NAN, NAN, NAN,,2024/04/06 21:46:48.049,2024-04-06 21:46:48.049000+00:00
2024/04/06, 21:47:48.049,35.942,-74.843, 4.26,78.81,93.86,3.77,9.5,9.5,1012.3,1012.0,0.0,0.0,13.74,11.62,284,290,6.9,8.2,64.6,62.5,7.1,8.1,346.9,355.2,1014.4,1014.1,293.6,287.74,1597.73,32.0924,12.2404,258.5,42.2,1494.26, NAN, NAN, NAN, NAN,,2024/04/06 21:47:48.049,2024-04-06 21:47:48.049000+00:00
2024/04/06, 21:48:48.049,35.942,-74.842, 4.21,77.98,81.11,3.74,9.5,9.5,1012.0,1012.0,0.0,0.0,13.74,11.62,279,290,8.2,9.9,64.7,65.1,8.1,9.4,343.5,356.9,1014.1,1014.1,286.75,286.62,1590.99,32.109,12.2876,259.5,42.2,1494.441, NAN, NAN, NAN, NAN,,2024/04/06 21:48:48.049,2024-04-06 21:48:48.049000+00:00
2024/04/06, 21:49:48.049,35.942,-74.84, 4.15,79.42,90.04,3.87,9.5,9.5,1012.1,1012.1,0.0,0.0,13.74,11.62,277,295,7.5,8.4,63.1,62.9,8.0,8.3,342.1,0.7,1014.2,1014.2,284.13,286.97,1595.11,32.1217,12.3364,261.1,41.9,1494.623, NAN, NAN, NAN, NAN,,2024/04/06 21:49:48.049,2024-04-06 21:49:48.049000+00:00
2024/04/06, 21:50:48.049,35.942,-74.839, 4.13,79.05,77.08,3.79,9.5,9.5,1012.2,1012.1,0.0,0.0,13.74,11.62,279,289,7.0,8.8,62.5,62.3,7.3,8.7,342.5,355.3,1014.3,1014.2,279.15,287.08,1579.36,32.1314,12.4279,259.5,42.1,1494.946, NAN, NAN, NAN, NAN,,2024/04/06 21:50:48.049,2024-04-06 21:50:48.049000+00:00
2024/04/06, 21:51:48.049,35.942,-74.838, 4.26,77.72,83.33,4.22,9.5,9.5,1012.0,1012.1,0.0,0.0,13.74,11.62,288,290,5.2,8.9,62.9,63.0,5.4,8.8,342.0,353.7,1014.1,1014.2,274.97,286.91,1571.56,32.1464,12.5578,257.4,42.4,1495.406, NAN, NAN, NAN, NAN,,2024/04/06 21:51:48.049,2024-04-06 21:51:48.049000+00:00
2024/04/06, 21:52:48.049,35.942,-74.836, 4.28,77.69,83.15,3.87,9.5,9.5,1012.1,1011.9,0.0,0.0,13.74,11.62,276,296,6.9,7.9,63.3,62.9,7.3,7.5,337.8,359.1,1014.2,1014.0,273.81,287.57,1560.32,32.1634,12.6456,261.4,42.1,1495.723, NAN, NAN, NAN, NAN,,2024/04/06 21:52:48.049,2024-04-06 21:52:48.049000+00:00
2024/04/06, 21:53:48.049,35.942,-74.835, 4.21,77.76,92.5,4.15,9.5,9.5,1012.1,1012.2,0.0,0.0,13.74,11.62,279,293,7.1,8.9,65.2,65.0,7.6,8.8,340.5,356.9,1014.2,1014.3,268.33,287.4,1555.12,32.1915,12.7082,260.4,42.5,1495.968, NAN, NAN, NAN, NAN,,2024/04/06 21:53:48.049,2024-04-06 21:53:48.049000+00:00
2024/04/06, 21:54:48.049,35.942,-74.833, 4.33,78.61,106.99,4.29,9.5,9.5,1012.2,1011.9,0.0,0.0,13.74,11.62,256,282,5.3,8.0,63.2,63.4,6.9,8.7,319.7,346.2,1014.3,1014.0,265.72,287.11,1549.63,32.2297,12.7455,260.1,42.3,1496.14, NAN, NAN, NAN, NAN,,2024/04/06 21:54:48.049,2024-04-06 21:54:48.049000+00:00
2024/04/06, 21:55:48.049,35.942,-74.832, 4.36,79.36,91.11,4.1,9.5,9.5,1012.2,1012.1,0.0,0.0,13.74,11.62,278,286,5.4,7.6,63.0,63.0,6.2,8.0,337.7,350.1,1014.3,1014.2,261.99,286.8,1538.53,32.2594,12.767,263.2,42.5,1496.247, NAN, NAN, NAN, NAN,,2024/04/06 21:55:48.049,2024-04-06 21:55:48.049000+00:00
2024/04/06, 21:56:48.049,35.942,-74.831, 4.32,77.02,66.48,4.02,9.5,9.5,1012.2,1012.0,0.0,0.0,13.74,11.62,275,291,6.7,8.8,62.7,62.8,6.9,8.4,334.7,354.5,1014.3,1014.1,256.6,287.65,1529.27,32.2828,12.7827,261.9,42.7,1496.328, NAN, NAN, NAN, NAN,,2024/04/06 21:56:48.049,2024-04-06 21:56:48.049000+00:00
2024/04/06, 21:57:48.050,35.942,-74.829, 4.30,78.6,91.44,3.82,9.5,9.6,1012.2,1012.2,0.0,0.0,13.74,11.62,275,288,7.3,8.7,64.6,64.9,7.8,8.7,339.0,353.6,1014.3,1014.3,254.63,286.85,1518.79,32.3016,12.787,265.9,42.8,1496.365, NAN, NAN, NAN, NAN,,2024/04/06 21:57:48.050,2024-04-06 21:57:48.050000+00:00
2024/04/06, 21:58:48.050,35.942,-74.828, 4.29,77.16,91.68,4.46,9.5,9.5,1012.3,1012.0,0.0,0.0,13.74,11.62,276,287,6.7,7.5,62.6,62.7,7.4,7.8,335.4,347.0,1014.4,1014.1,246.65,287.01,1510.75,32.317,12.7802,269.2,42.8,1496.36, NAN, NAN, NAN, NAN,,2024/04/06 21:58:48.050,2024-04-06 21:58:48.050000+00:00
2024/04/06, 21:59:48.050,35.942,-74.826, 4.31,78.77,95.52,4.06,9.5,9.5,1012.3,1012.0,0.0,0.0,13.74,11.62,269,287,6.4,6.7,62.9,63.1,7.2,6.9,331.5,348.2,1014.4,1014.1,247.88,288.02,1500.54,32.3328,12.8132,268.6,42.7,1496.49, NAN, NAN, NAN, NAN,,2024/04/06 21:59:48.050,2024-04-06 21:59:48.050000+00:00
2024/04/06, 22:00:48.050,35.942,-74.825, 4.34,77.84,97.32,4.24,9.6,9.6,1012.0,1012.2,0.0,0.0,13.74,11.62,279,288,7.5,8.9,66.4,66.5,8.1,9.1,341.4,352.1,1014.1,1014.3,240.67,287.02,1493.29,32.3434,12.9253,269.2,42.8,1496.88, NAN, NAN, NAN, NAN,,2024/04/06 22:00:48.050,2024-04-06 22:00:48.050000+00:00
2024/04/06, 22:01:48.050,35.942,-74.824, 4.36,78.14,65.25,4.07,9.6,9.6,1012.2,1012.0,0.0,0.0,13.74,11.62,274,289,6.3,7.4,63.3,63.1,6.5,7.0,333.4,350.7,1014.3,1014.1,235.39,287.21,1481.45,32.349,13.0673,271.5,43.0,1497.363, NAN, NAN, NAN, NAN,,2024/04/06 22:01:48.050,2024-04-06 22:01:48.050000+00:00
2024/04/06, 22:02:48.050,35.942,-74.822, 4.34,78.83,87.48,4.21,9.6,9.6,1012.2,1012.0,0.0,0.0,13.74,11.62,271,286,5.7,7.3,64.9,65.3,6.4,7.4,330.2,347.9,1014.3,1014.1,231.39,287.09,1473.75,32.3644,13.2446,268.4,43.0,1497.973, NAN, NAN, NAN, NAN,,2024/04/06 22:02:48.050,2024-04-06 22:02:48.050000+00:00
2024/04/06, 22:03:48.050,35.942,-74.821, 4.30,77.89,84.9,4.05,9.6,9.6,1012.0,1012.2,0.0,0.0,13.74,11.62,274,289,5.0,6.1,64.5,64.4,5.6,6.2,330.4,347.4,1014.1,1014.3,229.65,288.14,1463.16,32.3994,13.4454,268.1,42.9,1498.681, NAN, NAN, NAN, NAN,,2024/04/06 22:03:48.050,2024-04-06 22:03:48.050000+00:00
2024/04/06, 22:04:48.050,35.942,-74.819, 4.27,77.56,93.82,4.14,9.7,9.7,1012.1,1012.2,0.0,0.0,13.74,11.62,275,290,6.5,8.3,67.3,67.3,7.1,8.3,335.4,352.8,1014.2,1014.3,225.11,286.89,1450.76,32.4422,13.6726,273.2,43.1,1499.482, NAN, NAN, NAN, NAN,,2024/04/06 22:04:48.050,2024-04-06 22:04:48.050000+00:00
2024/04/06, 22:05:48.050,35.942,-74.818, 4.33,76.55,75.5,3.88,9.6,9.7,1012.2,1012.1,0.0,0.0,13.74,11.62,284,292,5.7,8.0,62.5,62.5,5.9,7.8,340.8,354.1,1014.3,1014.2,222.45,287.46,1438.65,32.4975,13.914,273.9,43.1,1500.34, NAN, NAN, NAN, NAN,,2024/04/06 22:05:48.050,2024-04-06 22:05:48.050000+00:00
2024/04/06, 22:06:48.050,35.942,-74.817, 4.24,78.12,80.09,4.16,9.6,9.6,1012.1,1012.2,0.0,0.0,13.74,11.62,281,293,4.7,7.3,63.9,64.1,5.2,7.2,335.0,354.2,1014.2,1014.3,215.89,287.84,1428.24,32.5549,14.1197,269.9,42.5,1501.079, NAN, NAN, NAN, NAN,,2024/04/06 22:06:48.050,2024-04-06 22:06:48.050000+00:00
2024/04/06, 22:07:48.050,35.942,-74.815, 4.17,77.87,80.88,4.34,9.6,9.7,1012.3,1012.0,0.0,0.0,13.74,11.62,280,285,5.0,7.6,63.5,63.7,5.5,7.7,333.9,346.2,1014.4,1014.1,211.12,287.68,1415.36,32.6217,14.3155,267.8,42.8,1501.793, NAN, NAN, NAN, NAN,,2024/04/06 22:07:48.050,2024-04-06 22:07:48.050000+00:00
2024/04/06, 22:08:48.050,35.942,-74.814, 4.23,77.71,94.83,4.56,9.7,9.7,1012.3,1012.0,0.0,0.0,13.74,11.62,291,288,4.8,8.0,63.9,64.1,5.4,8.5,342.7,349.7,1014.4,1014.1,209.21,287.15,1407.46,32.7074,14.4458,265.2,43.0,1502.314, NAN, NAN, NAN, NAN,,2024/04/06 22:08:48.050,2024-04-06 22:08:48.050000+00:00
2024/04/06, 22:09:48.050,35.942,-74.812, 4.13,77.36,88.84,4.44,9.7,9.7,1012.3,1012.1,0.0,0.0,13.74,11.62,291,294,5.7,8.5,65.6,65.5,6.0,8.5,346.0,356.0,1014.4,1014.2,204.19,287.34,1396.61,32.77,14.5946,264.8,42.9,1502.867, NAN, NAN, NAN, NAN,,2024/04/06 22:09:48.050,2024-04-06 22:09:48.050000+00:00
2024/04/06, 22:10:48.050,35.942,-74.811, 4.20,77.43,86.82,4.01,9.7,9.7,1012.2,1012.2,0.0,0.0,13.74,11.62,274,289,7.6,8.4,62.9,62.9,8.1,8.4,336.9,352.3,1014.3,1014.3,202.66,286.77,1386.4,32.835,14.8352,261.4,43.2,1503.713, NAN, NAN, NAN, NAN,,2024/04/06 22:10:48.050,2024-04-06 22:10:48.050000+00:00
2024/04/06, 22:11:48.050,35.942,-74.809, 4.32,76.48,86.17,4.12,9.7,9.7,1012.3,1012.0,0.0,0.0,13.74,11.62,261,282,6.4,8.2,61.1,61.0,7.5,8.6,322.6,344.2,1014.4,1014.1,200.23,286.91,1371.85,32.8882,15.1244,255.5,43.0,1504.695, NAN, NAN, NAN, NAN,,2024/04/06 22:11:48.050,2024-04-06 22:11:48.050000+00:00
2024/04/06, 22:12:48.050,35.942,-74.808, 4.24,78.36,104.06,4.1,9.7,9.7,1012.3,1012.0,0.0,0.0,13.74,11.62,262,280,7.1,7.4,62.3,62.1,8.3,8.0,327.3,343.3,1014.4,1014.1,194.65,286.75,1359.38,32.9518,15.4209,254.0,43.1,1505.705, NAN, NAN, NAN, NAN,,2024/04/06 22:12:48.050,2024-04-06 22:12:48.050000+00:00
2024/04/06, 22:13:48.051,35.942,-74.807, 4.10,76.48,78.17,4.3,9.7,9.7,1012.3,1012.1,0.0,0.0,13.74,11.62,272,287,5.3,7.8,63.3,62.6,6.0,7.8,326.9,347.2,1014.4,1014.2,189.6,286.8,1350.28,33.0428,15.7425,251.0,43.2,1506.817, NAN, NAN, NAN, NAN,,2024/04/06 22:13:48.051,2024-04-06 22:13:48.051000+00:00
2024/04/06, 22:14:48.051,35.942,-74.805, 4.24,77.74,95.17,4.2,9.7,9.7,1012.2,1012.2,0.0,0.0,13.74,11.62,279,288,7.1,8.7,61.2,61.1,7.7,8.9,340.5,351.7,1014.3,1014.3,188.21,286.59,1338.41,33.1284,16.0003,247.3,43.3,1507.717, NAN, NAN, NAN, NAN,,2024/04/06 22:14:48.051,2024-04-06 22:14:48.051000+00:00
2024/04/06, 22:15:48.051,35.942,-74.804, 4.15,76.73,83.64,4.0,9.7,9.7,1012.3,1012.1,0.0,0.0,13.74,11.62,278,285,4.7,7.6,61.1,61.0,5.1,7.6,331.1,346.2,1014.4,1014.2,185.5,286.53,1325.47,33.2488,16.2684,245.4,43.4,1508.682, NAN, NAN, NAN, NAN,,2024/04/06 22:15:48.051,2024-04-06 22:15:48.051000+00:00
2024/04/06, 22:16:48.051,35.942,-74.802, 4.34,76.87,85.77,4.32,9.7,9.8,1012.3,1012.2,0.0,0.0,13.74,11.62,261,279,6.7,7.4,61.0,61.1,7.8,7.8,322.4,339.4,1014.4,1014.3,180.39,286.63,1311.03,33.3516,16.52,238.4,43.6,1509.571, NAN, NAN, NAN, NAN,,2024/04/06 22:16:48.051,2024-04-06 22:16:48.051000+00:00
2024/04/06, 22:17:48.051,35.942,-74.801, 4.31,77.48,105.07,4.09,9.7,9.8,1012.2,1012.3,0.0,0.0,13.74,11.62,272,286,5.9,6.4,60.5,60.6,6.8,6.9,332.4,345.7,1014.3,1014.4,177.98,287.19,1300.21,33.4758,16.7335,232.4,43.4,1510.363, NAN, NAN, NAN, NAN,,2024/04/06 22:17:48.051,2024-04-06 22:17:48.051000+00:00
2024/04/06, 22:18:48.051,35.942,-74.799, 4.28,77.07,78.71,4.35,9.7,9.8,1012.2,1012.1,0.0,0.0,13.74,11.62,270,285,5.6,6.4,62.9,62.9,6.4,6.6,326.8,342.3,1014.3,1014.2,172.64,287.15,1288.38,33.5624,16.9832,229.6,43.7,1511.218, NAN, NAN, NAN, NAN,,2024/04/06 22:18:48.051,2024-04-06 22:18:48.051000+00:00
2024/04/06, 22:19:48.051,35.942,-74.798, 4.29,75.93,95.61,4.16,9.8,9.8,1012.2,1012.2,0.0,0.0,13.74,11.62,261,284,6.1,7.5,64.9,64.8,7.3,7.9,321.6,344.2,1014.3,1014.3,166.51,287.2,1274.22,33.6744,17.241,229.6,43.6,1512.12, NAN, NAN, NAN, NAN,,2024/04/06 22:19:48.051,2024-04-06 22:19:48.051000+00:00
2024/04/06, 22:20:48.051,35.942,-74.796, 4.26,76.18,89.07,4.21,9.8,9.9,1012.3,1012.0,0.0,0.0,13.74,11.62,272,293,6.0,7.2,62.6,62.7,6.7,7.1,329.8,351.8,1014.4,1014.1,163.65,287.22,1254.14,33.7724,17.5063,227.5,43.5,1513.022, NAN, NAN, NAN, NAN,,2024/04/06 22:20:48.051,2024-04-06 22:20:48.051000+00:00
2024/04/06, 22:21:48.051,35.942,-74.795, 4.33,77.59,99.26,4.03,9.8,9.8,1012.2,1012.2,0.0,0.0,13.74,11.62,272,283,5.1,6.6,62.3,62.3,5.7,6.8,328.6,342.8,1014.3,1014.3,160.93,287.17,1240.82,33.8474,17.7534,223.6,43.8,1513.839, NAN, NAN, NAN, NAN,,2024/04/06 22:21:48.051,2024-04-06 22:21:48.051000+00:00
2024/04/06, 22:22:48.051,35.942,-74.794, 4.35,76.19,82.53,4.09,9.8,9.8,1012.1,1012.2,0.0,0.0,13.74,11.62,274,288,6.3,7.6,64.0,64.2,6.7,7.4,331.9,348.2,1014.2,1014.3,157.59,287.84,1229.08,33.9601,17.9633,217.6,44.0,1514.585, NAN, NAN, NAN, NAN,,2024/04/06 22:22:48.051,2024-04-06 22:22:48.051000+00:00
2024/04/06, 22:23:48.051,35.942,-74.792, 4.22,76.86,92.04,4.09,9.9,9.9,1012.1,1012.3,0.0,0.0,13.74,11.62,299,290,5.3,8.5,65.1,65.6,5.2,8.6,352.8,352.7,1014.2,1014.4,151.32,287.31,1213.26,34.091,18.0695,216.0,43.9,1515.044, NAN, NAN, NAN, NAN,,2024/04/06 22:23:48.051,2024-04-06 22:23:48.051000+00:00
2024/04/06, 22:24:48.051,35.942,-74.791, 4.35,76.12,83.16,4.2,9.9,9.9,1012.2,1012.2,0.0,0.0,13.74,11.62,276,287,6.1,7.2,61.4,61.4,6.6,7.3,333.2,346.0,1014.3,1014.3,148.59,287.5,1201.16,34.1849,18.1754,216.0,44.2,1515.46, NAN, NAN, NAN, NAN,,2024/04/06 22:24:48.051,2024-04-06 22:24:48.051000+00:00
2024/04/06, 22:25:48.051,35.942,-74.789, 4.33,76.86,95.57,4.23,9.9,9.9,1012.2,1012.2,0.0,0.0,13.74,11.62,284,290,5.4,7.8,64.4,64.5,5.8,7.9,338.9,350.9,1014.3,1014.3,143.49,286.84,1181.62,34.2616,18.2878,212.7,44.0,1515.874, NAN, NAN, NAN, NAN,,2024/04/06 22:25:48.051,2024-04-06 22:25:48.051000+00:00
2024/04/06, 22:26:48.051,35.942,-74.788, 4.40,76.24,93.12,4.14,9.9,9.9,1012.3,1012.2,0.0,0.0,13.74,11.62,274,291,6.7,8.1,61.5,61.5,7.3,8.0,333.3,352.1,1014.4,1014.3,141.58,286.76,1163.73,34.3039,18.433,206.6,44.2,1516.343, NAN, NAN, NAN, NAN,,2024/04/06 22:26:48.051,2024-04-06 22:26:48.051000+00:00
2024/04/06, 22:27:48.051,35.942,-74.787, 4.30,76.86,93.27,4.31,9.9,9.9,1012.1,1012.3,0.0,0.0,13.74,11.62,258,279,6.0,6.2,61.8,61.7,7.2,6.7,318.7,336.7,1014.2,1014.4,138.41,286.95,1148.1,34.3698,18.5865,202.0,44.3,1516.86, NAN, NAN, NAN, NAN,,2024/04/06 22:27:48.051,2024-04-06 22:27:48.051000+00:00
2024/04/06, 22:28:48.052,35.942,-74.785, 4.32,77.61,101.3,4.11,9.9,10.0,1012.3,1012.2,0.0,0.0,13.74,11.62,275,286,5.5,6.8,65.1,65.0,6.4,7.3,334.0,346.8,1014.4,1014.3,136.22,286.78,1128.38,34.423,18.6784,199.6,44.3,1517.185, NAN, NAN, NAN, NAN,,2024/04/06 22:28:48.052,2024-04-06 22:28:48.052000+00:00
2024/04/06, 22:29:48.052,35.942,-74.784, 4.07,78.15,112.59,4.09,9.9,10.0,1012.3,1012.2,0.0,0.0,13.74,11.62,281,291,7.4,8.8,62.6,65.3,8.0,9.1,344.3,355.7,1014.4,1014.3,133.83,286.48,1112.9,34.4853,18.7332,195.0,44.1,1517.413, NAN, NAN, NAN, NAN,,2024/04/06 22:29:48.052,2024-04-06 22:29:48.052000+00:00
2024/04/06, 22:30:48.052,35.942,-74.782, 4.29,76.54,82.12,4.29,9.9,9.9,1012.3,1012.1,0.0,0.0,13.74,11.62,267,283,4.9,6.6,61.7,61.5,5.8,6.9,322.1,340.9,1014.4,1014.2,127.55,287.31,1096.4,34.5644,18.7864,191.9,44.1,1517.655, NAN, NAN, NAN, NAN,,2024/04/06 22:30:48.052,2024-04-06 22:30:48.052000+00:00
2024/04/06, 22:31:48.052,35.942,-74.781, 4.46,75.74,100.88,4.3,9.9,9.9,1012.2,1012.3,0.0,0.0,13.74,11.62,275,292,6.1,7.7,62.9,62.9,6.9,7.8,332.3,351.3,1014.3,1014.4,119.77,287.33,1087.5,34.6426,18.8699,190.4,44.3,1517.982, NAN, NAN, NAN, NAN,,2024/04/06 22:31:48.052,2024-04-06 22:31:48.052000+00:00
2024/04/06, 22:32:48.052,35.942,-74.78, 4.34,77.51,87.72,4.48,9.9,9.9,1012.0,1012.3,0.0,0.0,13.74,11.62,280,290,5.8,7.6,61.9,61.8,6.4,7.7,336.6,350.3,1014.1,1014.4,120.81,287.04,1063.55,34.6596,18.9792,186.8,44.2,1518.313, NAN, NAN, NAN, NAN,,2024/04/06 22:32:48.052,2024-04-06 22:32:48.052000+00:00
2024/04/06, 22:33:48.052,35.942,-74.778, 4.30,76.83,85.76,4.12,9.9,9.9,1012.2,1012.2,0.0,0.0,13.74,11.62,266,283,6.4,7.6,61.4,61.4,7.2,7.7,326.1,344.0,1014.3,1014.3,117.27,287.18,1053.9,34.7085,19.0744,185.8,44.4,1518.638, NAN, NAN, NAN, NAN,,2024/04/06 22:33:48.052,2024-04-06 22:33:48.052000+00:00
2024/04/06, 22:34:48.052,35.942,-74.777, 4.43,76.9,92.63,4.13,9.9,9.9,1012.2,1012.2,0.0,0.0,13.74,11.62,270,288,3.9,6.5,60.4,60.5,4.8,6.7,321.7,346.4,1014.3,1014.3,115.6,287.69,1029.46,34.7773,19.1106,182.1,44.5,1518.819, NAN, NAN, NAN, NAN,,2024/04/06 22:34:48.052,2024-04-06 22:34:48.052000+00:00
2024/04/06, 22:35:48.052,35.942,-74.775, 4.48,77.32,104.36,4.3,10.0,10.0,1012.0,1012.2,0.0,0.0,13.74,11.62,253,282,5.0,6.0,64.1,64.1,6.6,6.7,314.8,340.2,1014.1,1014.3,110.68,288.29,1016.13,34.8164,19.1574,181.9,44.2,1518.995, NAN, NAN, NAN, NAN,,2024/04/06 22:35:48.052,2024-04-06 22:35:48.052000+00:00
2024/04/06, 22:36:48.052,35.942,-74.774, 4.33,76.52,93.26,4.37,10.1,10.1,1012.2,1012.2,0.0,0.0,13.74,11.62,266,282,6.5,7.6,66.0,66.7,7.4,7.9,325.4,341.9,1014.3,1014.3,104.98,286.89,998.2,34.8719,19.2053,181.6,44.2,1519.194, NAN, NAN, NAN, NAN,,2024/04/06 22:36:48.052,2024-04-06 22:36:48.052000+00:00
2024/04/06, 22:37:48.052,35.942,-74.772, 4.44,77.28,87.79,4.52,10.1,10.1,1012.2,1012.1,0.0,0.0,13.74,11.62,256,273,7.0,7.2,60.4,60.4,8.4,8.1,319.5,334.0,1014.3,1014.2,102.79,287.15,978.11,34.9008,19.2755,183.6,44.2,1519.424, NAN, NAN, NAN, NAN,,2024/04/06 22:37:48.052,2024-04-06 22:37:48.052000+00:00
2024/04/06, 22:38:48.052,35.942,-74.771, 4.43,77.22,87.44,4.18,10.1,10.1,1012.2,1012.2,0.0,0.0,13.74,11.62,270,287,6.6,8.1,59.9,59.8,7.2,8.1,330.2,349.0,1014.3,1014.3,99.06,286.69,961.37,34.9381,19.3543,180.0,43.9,1519.689, NAN, NAN, NAN, NAN,,2024/04/06 22:38:48.052,2024-04-06 22:38:48.052000+00:00
2024/04/06, 22:39:48.052,35.942,-74.769, 4.47,78.05,93.58,4.12,10.0,10.1,1012.2,1012.1,0.0,0.0,13.74,11.62,275,288,6.0,7.3,60.6,60.5,6.7,7.5,334.7,349.6,1014.3,1014.2,96.04,287.81,942.32,34.977,19.436,180.3,43.8,1519.962, NAN, NAN, NAN, NAN,,2024/04/06 22:39:48.052,2024-04-06 22:39:48.052000+00:00
2024/04/06, 22:40:48.052,35.942,-74.768, 4.35,77.68,85.5,4.11,10.1,10.1,1012.4,1012.0,0.0,0.0,13.74,11.62,261,278,6.0,7.9,61.4,61.4,6.9,8.2,321.7,340.7,1014.5,1014.1,94.17,287.86,920.2,35.0174,19.5217,179.4,43.4,1520.248, NAN, NAN, NAN, NAN,,2024/04/06 22:40:48.052,2024-04-06 22:40:48.052000+00:00
2024/04/06, 22:41:48.052,35.942,-74.767, 4.32,76.74,90.94,4.33,10.1,10.1,1012.3,1012.2,0.0,0.0,13.74,11.62,280,288,4.8,6.1,64.1,64.2,5.6,6.5,333.4,344.7,1014.4,1014.3,89.16,288.76,901.39,35.078,19.5887,177.0,43.7,1520.504, NAN, NAN, NAN, NAN,,2024/04/06 22:41:48.052,2024-04-06 22:41:48.052000+00:00
2024/04/06, 22:42:48.052,35.942,-74.765, 4.38,77.15,85.66,4.07,10.2,10.2,1012.2,1012.1,0.0,0.0,13.74,11.62,258,281,5.7,7.3,62.7,63.7,6.8,7.6,318.5,342.1,1014.3,1014.2,87.93,287.45,880.78,35.1295,19.6386,177.9,44.0,1520.701, NAN, NAN, NAN, NAN,,2024/04/06 22:42:48.052,2024-04-06 22:42:48.052000+00:00
2024/04/06, 22:43:48.052,35.942,-74.764, 4.56,77.28,83.77,4.37,10.1,10.2,1012.1,1012.2,0.0,0.0,13.74,11.62,249,264,4.7,4.4,61.8,61.6,6.2,5.5,308.0,317.9,1014.2,1014.3,81.77,287.07,862.38,35.1835,19.7073,178.8,44.1,1520.954, NAN, NAN, NAN, NAN,,2024/04/06 22:43:48.052,2024-04-06 22:43:48.052000+00:00
2024/04/06, 22:44:48.053,35.942,-74.762, 4.52,74.21,82.03,4.0,10.1,10.2,1012.2,1012.2,0.0,0.0,13.74,11.62,265,280,5.5,7.6,59.1,58.7,6.4,8.0,321.4,339.3,1014.3,1014.3,79.77,288.92,838.73,35.2193,19.8013,178.5,43.9,1521.256, NAN, NAN, NAN, NAN,,2024/04/06 22:44:48.053,2024-04-06 22:44:48.053000+00:00
2024/04/06, 22:45:48.053,35.942,-74.761, 2.19,17.8,49.55,1.69,10.2,10.2,1012.2,1012.2,0.0,0.0,13.74,11.62,297,306,7.2,9.1,60.6,61.0,7.5,9.3,308.4,318.5,1014.3,1014.3,75.98,288.23,828.12,35.2653,19.8718,179.4,43.7,1521.503, NAN, NAN, NAN, NAN,,2024/04/06 22:45:48.053,2024-04-06 22:45:48.053000+00:00
2024/04/06, 22:46:48.053,35.943,-74.761, 0.48,2.89,68.4,0.3,10.2,10.2,1012.1,1012.2,0.0,0.0,13.74,11.62,327,325,6.4,9.3,62.5,62.9,6.5,9.4,328.9,327.3,1014.2,1014.3,76.5,286.71,813.94,35.2979,19.9522,182.4,43.6,1521.762, NAN, NAN, NAN, NAN,,2024/04/06 22:46:48.053,2024-04-06 22:46:48.053000+00:00
2024/04/06, 22:47:48.053,35.943,-74.761, 0.83,356.3,63.78,0.6,10.2,10.2,1012.0,1012.2,0.0,0.0,13.74,11.62,321,319,6.7,9.3,61.5,60.8,6.8,9.4,314.8,313.5,1014.1,1014.3,71.84,288.16,803.51,35.3298,19.99,180.0,43.3,1521.903, NAN, NAN, NAN, NAN,,2024/04/06 22:47:48.053,2024-04-06 22:47:48.053000+00:00
2024/04/06, 22:48:48.053,35.943,-74.761, 0.29,349.72,46.37,0.35,10.2,10.2,1012.2,1012.1,0.0,0.0,13.74,11.62,340,333,7.0,7.9,64.0,63.6,7.1,8.0,328.5,321.7,1014.3,1014.2,69.09,289.18,538.69,35.39,20.0425,179.4,44.0,1522.115, NAN, NAN, NAN, NAN,,2024/04/06 22:48:48.053,2024-04-06 22:48:48.053000+00:00
2024/04/06, 22:49:48.053,35.943,-74.761, 0.13,350.17,321.97,0.29,10.3,10.3,1012.3,1011.9,0.0,0.0,13.74,11.62,327,326,7.0,9.8,63.7,63.5,7.0,9.8,316.0,315.3,1014.4,1014.0,66.84,287.07,748.21,35.4419,20.0811,177.9,43.6,1522.28, NAN, NAN, NAN, NAN,,2024/04/06 22:49:48.053,2024-04-06 22:49:48.053000+00:00
2024/04/06, 22:50:48.053,35.943,-74.761, 0.32,349.66,270.2,0.09,10.3,10.3,1012.2,1012.2,0.0,0.0,13.74,11.62,335,329,6.1,8.4,59.2,59.2,6.1,8.4,324.7,318.7,1014.3,1014.3,64.19,287.86,724.14,35.4729,20.1013,182.4,43.7,1522.37, NAN, NAN, NAN, NAN,,2024/04/06 22:50:48.053,2024-04-06 22:50:48.053000+00:00
2024/04/06, 22:51:48.053,35.943,-74.761, 0.29,350.34,14.09,0.28,10.3,10.3,1012.2,1012.2,0.0,0.0,13.74,11.62,330,328,6.4,9.2,59.7,59.5,6.5,9.3,319.4,317.7,1014.3,1014.3,60.29,287.95,701.73,35.5103,20.1165,181.9,43.5,1522.454, NAN, NAN, NAN, NAN,,2024/04/06 22:51:48.053,2024-04-06 22:51:48.053000+00:00
2024/04/06, 22:52:48.053,35.943,-74.761, 0.56,349.27,124.06,0.36,10.3,10.3,1012.4,1012.2,0.0,0.0,13.74,11.62,340,332,6.6,7.9,63.7,63.3,6.7,8.0,328.1,320.4,1014.5,1014.3,58.26,287.44,680.96,35.537,20.1382,183.6,43.4,1522.543, NAN, NAN, NAN, NAN,,2024/04/06 22:52:48.053,2024-04-06 22:52:48.053000+00:00
2024/04/06, 22:53:48.053,35.943,-74.761, 0.41,350.21,181.7,0.3,10.4,10.4,1012.2,1012.2,0.0,0.0,13.74,11.62,335,326,6.7,9.6,60.4,64.7,6.8,9.7,325.6,316.6,1014.3,1014.3,55.69,287.21,653.78,35.5414,20.1614,181.9,43.2,1522.612, NAN, NAN, NAN, NAN,,2024/04/06 22:53:48.053,2024-04-06 22:53:48.053000+00:00
2024/04/06, 22:54:48.053,35.943,-74.761, 0.42,348.83,314.42,0.24,10.3,10.3,1012.3,1012.2,0.0,0.0,13.74,11.62,341,339,7.3,7.6,60.4,60.4,7.2,7.5,330.0,327.9,1014.4,1014.3,52.49,288.22,630.25,35.5536,20.1794,182.8,43.3,1522.675, NAN, NAN, NAN, NAN,,2024/04/06 22:54:48.053,2024-04-06 22:54:48.053000+00:00
2024/04/06, 22:55:48.053,35.943,-74.761, 0.29,349.36,123.47,0.47,10.3,10.3,1012.3,1012.2,0.0,0.0,13.74,11.62,336,335,7.7,8.4,60.7,61.0,7.9,8.6,324.6,323.7,1014.4,1014.3,48.69,288.61,595.55,35.5681,20.2023,182.4,43.4,1522.755, NAN, NAN, NAN, NAN,,2024/04/06 22:55:48.053,2024-04-06 22:55:48.053000+00:00
2024/04/06, 22:56:48.053,35.943,-74.76, 0.50,350.35,35.86,0.34,10.4,10.4,1012.3,1012.0,0.0,0.0,13.74,11.62,342,334,6.1,6.5,59.2,59.0,6.1,6.5,330.7,322.8,1014.4,1014.1,48.59,288.05,571.08,35.5756,20.2114,182.1,43.4,1522.788, NAN, NAN, NAN, NAN,,2024/04/06 22:56:48.053,2024-04-06 22:56:48.053000+00:00
2024/04/06, 22:57:48.053,35.943,-74.76, 0.22,350.74,22.14,0.22,10.4,10.4,1012.2,1012.1,0.0,0.0,13.74,11.62,343,336,7.8,7.2,61.0,61.8,7.7,7.1,333.4,326.3,1014.3,1014.2,44.72,287.8,539.95,35.5734,20.2152,182.8,43.2,1522.796, NAN, NAN, NAN, NAN,,2024/04/06 22:57:48.053,2024-04-06 22:57:48.053000+00:00
2024/04/06, 22:58:48.053,35.943,-74.76, 0.46,350.19,92.27,0.39,10.4,10.4,1012.2,1012.3,0.0,0.0,13.74,11.62,337,333,6.9,7.8,58.4,57.7,7.0,7.9,325.6,321.8,1014.3,1014.4,42.54,287.99,505.26,35.5855,20.2145,184.0,43.4,1522.808, NAN, NAN, NAN, NAN,,2024/04/06 22:58:48.053,2024-04-06 22:58:48.053000+00:00
2024/04/06, 22:59:48.054,35.943,-74.76, 0.15,349.73,209.42,0.34,10.4,10.4,1012.3,1012.2,0.0,0.0,13.74,11.62,336,336,5.4,5.5,57.8,58.1,5.5,5.6,327.2,327.2,1014.4,1014.3,38.43,288.01,475.05,35.594,20.2197,185.8,43.6,1522.831, NAN, NAN, NAN, NAN,,2024/04/06 22:59:48.054,2024-04-06 22:59:48.054000+00:00
2024/04/06, 23:00:48.054,35.943,-74.76, 0.07,350.78,126.64,0.07,10.4,10.4,1012.3,1012.2,0.0,0.0,13.74,11.62,330,331,7.0,8.4,61.8,60.8,7.0,8.4,320.5,321.6,1014.4,1014.3,36.33,287.91,446.52,35.5922,20.2447,182.8,43.4,1522.898, NAN, NAN, NAN, NAN,,2024/04/06 23:00:48.054,2024-04-06 23:00:48.054000+00:00
2024/04/06, 23:01:48.054,35.943,-74.76, 0.39,349.43,184.52,0.06,10.4,10.4,1012.2,1012.3,0.0,0.0,13.74,11.62,343,339,6.8,6.9,61.1,60.5,6.8,6.9,332.6,328.6,1014.3,1014.4,18.91,288.61,415.0,35.6002,20.2707,183.4,43.7,1522.978, NAN, NAN, NAN, NAN,,2024/04/06 23:01:48.054,2024-04-06 23:01:48.054000+00:00
2024/04/06, 23:02:48.054,35.943,-74.76, 0.21,349.16,117.75,0.1,10.4,10.4,1012.2,1012.3,0.0,0.0,13.74,11.62,335,330,6.5,8.5,64.6,64.8,6.5,8.5,323.8,318.8,1014.3,1014.4,31.06,289.86,386.63,35.6034,20.2911,183.1,43.6,1523.038, NAN, NAN, NAN, NAN,,2024/04/06 23:02:48.054,2024-04-06 23:02:48.054000+00:00
2024/04/06, 23:03:48.054,35.943,-74.76, 0.21,349.6,335.67,0.3,10.5,10.5,1012.2,1012.3,0.0,0.0,13.74,11.62,339,332,6.8,8.4,61.4,61.6,6.7,8.3,328.2,321.2,1014.3,1014.4,29.07,287.83,358.75,35.6153,20.3058,182.8,43.4,1523.091, NAN, NAN, NAN, NAN,,2024/04/06 23:03:48.054,2024-04-06 23:03:48.054000+00:00
2024/04/06, 23:04:48.054,35.943,-74.76, 0.28,350.53,71.59,0.27,10.5,10.5,1012.2,1012.2,0.0,0.0,13.74,11.62,327,327,6.9,9.1,59.1,59.5,6.9,9.1,316.4,316.7,1014.3,1014.3,28.41,287.86,326.65,35.6069,20.3225,184.9,43.2,1523.128, NAN, NAN, NAN, NAN,,2024/04/06 23:04:48.054,2024-04-06 23:04:48.054000+00:00
2024/04/06, 23:05:48.054,35.943,-74.76, 0.33,346.23,151.29,0.07,10.4,10.5,1012.1,1012.2,0.0,0.0,13.74,11.62,330,327,6.8,9.7,58.8,58.5,6.8,9.7,316.0,313.1,1014.2,1014.3,15.71,287.73,303.29,35.6326,20.3395,184.0,43.0,1523.203, NAN, NAN, NAN, NAN,,2024/04/06 23:05:48.054,2024-04-06 23:05:48.054000+00:00
2024/04/06, 23:06:48.054,35.943,-74.76, 0.19,346.19,45.8,0.17,10.4,10.5,1012.3,1012.2,0.0,0.0,13.74,11.62,347,340,7.3,7.5,56.5,56.8,7.3,7.5,332.5,325.5,1014.4,1014.3,23.27,287.9,277.69,35.6273,20.3531,186.4,43.2,1523.234, NAN, NAN, NAN, NAN,,2024/04/06 23:06:48.054,2024-04-06 23:06:48.054000+00:00
2024/04/06, 23:07:48.054,35.943,-74.76, 0.57,345.3,359.58,0.48,10.4,10.4,1012.4,1012.1,0.0,0.0,13.74,11.62,335,332,6.5,7.9,57.2,57.2,6.3,7.7,319.2,316.3,1014.5,1014.2,21.21,288.75,254.98,35.6444,20.3672,186.4,43.2,1523.292, NAN, NAN, NAN, NAN,,2024/04/06 23:07:48.054,2024-04-06 23:07:48.054000+00:00
2024/04/06, 23:08:48.054,35.943,-74.76, 0.11,346.76,347.53,0.27,10.4,10.5,1012.2,1012.2,0.0,0.0,13.74,11.62,344,333,6.8,7.2,61.2,61.5,6.7,7.1,331.0,319.8,1014.3,1014.3,18.94,288.63,233.24,35.6366,20.3862,185.2,42.8,1523.335, NAN, NAN, NAN, NAN,,2024/04/06 23:08:48.054,2024-04-06 23:08:48.054000+00:00
2024/04/06, 23:09:48.054,35.943,-74.76, 0.28,345.87,299.43,0.55,10.4,10.5,1012.4,1012.2,0.0,0.0,13.74,11.62,337,337,6.8,7.1,60.2,59.8,6.6,6.9,324.1,324.1,1014.5,1014.3,17.85,289.64,200.36,35.6588,20.3987,184.3,43.5,1523.394, NAN, NAN, NAN, NAN,,2024/04/06 23:09:48.054,2024-04-06 23:09:48.054000+00:00
2024/04/06, 23:10:48.054,35.943,-74.76, 0.53,346.74,272.11,0.28,10.5,10.5,1012.3,1012.3,0.0,0.0,13.74,11.62,347,344,6.8,7.0,64.2,63.9,6.7,6.9,334.2,331.1,1014.4,1014.4,15.27,288.41,191.28,35.6375,20.3971,184.6,43.2,1523.366, NAN, NAN, NAN, NAN,,2024/04/06 23:10:48.054,2024-04-06 23:10:48.054000+00:00
2024/04/06, 23:11:48.054,35.943,-74.76, 0.28,345.51,270.14,0.19,10.6,10.6,1012.4,1012.3,0.0,0.0,13.74,11.62,333,330,6.7,8.5,61.0,60.5,6.7,8.5,319.3,316.2,1014.5,1014.4,13.56,287.82,176.45,35.6677,20.4041,186.8,43.6,1523.419, NAN, NAN, NAN, NAN,,2024/04/06 23:11:48.054,2024-04-06 23:11:48.054000+00:00
2024/04/06, 23:12:48.054,35.943,-74.76, 0.30,345.24,204.15,0.16,10.6,10.6,1012.3,1012.3,0.0,0.0,13.74,11.62,339,334,7.1,7.4,59.7,61.2,7.1,7.4,324.8,319.8,1014.4,1014.4,11.06,287.29,149.06,35.6701,20.4224,185.5,43.5,1523.471, NAN, NAN, NAN, NAN,,2024/04/06 23:12:48.054,2024-04-06 23:12:48.054000+00:00
2024/04/06, 23:13:48.054,35.943,-74.76, 0.17,345.17,66.58,0.14,10.5,10.5,1012.4,1012.2,0.0,0.0,13.74,11.62,346,335,6.0,6.8,57.1,56.6,6.0,6.8,330.6,319.7,1014.5,1014.3,7.26,289.11,114.15,35.6687,20.4377,186.1,43.6,1523.512, NAN, NAN, NAN, NAN,,2024/04/06 23:13:48.054,2024-04-06 23:13:48.054000+00:00
2024/04/06, 23:14:48.055,35.943,-74.76, 0.24,345.39,171.14,0.15,10.5,10.5,1012.4,1012.0,0.0,0.0,13.74,11.62,1,349,8.1,7.0,61.2,61.5,8.1,7.0,345.9,333.8,1014.5,1014.1,6.21,288.26,97.63,35.6786,20.4448,186.1,43.7,1523.542, NAN, NAN, NAN, NAN,,2024/04/06 23:14:48.055,2024-04-06 23:14:48.055000+00:00
2024/04/06, 23:15:48.055,35.943,-74.76, 0.24,347.25,187.7,0.23,10.5,10.5,1012.4,1012.3,0.0,0.0,13.74,11.62,342,335,6.5,7.4,65.6,65.1,6.5,7.4,330.3,323.2,1014.5,1014.4,3.39,288.94,70.66,35.6807,20.4501,188.5,43.7,1523.559, NAN, NAN, NAN, NAN,,2024/04/06 23:15:48.055,2024-04-06 23:15:48.055000+00:00
2024/04/06, 23:16:48.055,35.943,-74.76, 0.06,345.5,18.72,0.19,10.5,10.5,1012.4,1012.3,0.0,0.0,13.74,11.62,343,338,7.0,7.0,60.1,60.5,6.9,6.9,328.6,323.5,1014.5,1014.4,2.68,287.71,63.37,35.6842,20.4542,186.8,43.6,1523.574, NAN, NAN, NAN, NAN,,2024/04/06 23:16:48.055,2024-04-06 23:16:48.055000+00:00
2024/04/06, 23:17:48.055,35.943,-74.76, 0.24,345.27,27.91,0.22,10.4,10.5,1012.4,1012.3,0.0,0.0,13.74,11.62,354,340,7.0,7.2,58.7,58.0,7.0,7.2,338.3,324.4,1014.5,1014.4,2.0,288.23,58.46,35.6923,20.4577,187.0,43.6,1523.593, NAN, NAN, NAN, NAN,,2024/04/06 23:17:48.055,2024-04-06 23:17:48.055000+00:00
2024/04/06, 23:18:48.055,35.943,-74.76, 0.02,347.16,187.48,0.16,10.4,10.4,1012.4,1012.3,0.0,0.0,13.74,11.62,334,333,8.6,9.8,59.8,59.6,8.6,9.8,321.7,320.6,1014.5,1014.4,1.33,287.98,53.63,35.6984,20.4643,187.0,43.2,1523.617, NAN, NAN, NAN, NAN,,2024/04/06 23:18:48.055,2024-04-06 23:18:48.055000+00:00
2024/04/06, 23:19:48.055,35.943,-74.76, 0.53,345.45,215.53,0.09,10.4,10.4,1012.4,1012.4,0.0,0.0,13.74,11.62,345,340,7.1,7.2,60.1,60.4,7.1,7.2,330.7,325.6,1014.5,1014.5,0.93,288.03,48.77,35.7054,20.4771,190.4,43.3,1523.66, NAN, NAN, NAN, NAN,,2024/04/06 23:19:48.055,2024-04-06 23:19:48.055000+00:00
2024/04/06, 23:20:48.055,35.943,-74.76, 0.27,344.98,358.99,0.06,10.4,10.4,1012.4,1012.3,0.0,0.0,13.74,11.62,343,339,6.5,6.1,61.8,62.4,6.5,6.1,327.7,323.7,1014.5,1014.4,0.24,287.75,44.84,35.7055,20.4889,189.5,43.4,1523.692, NAN, NAN, NAN, NAN,,2024/04/06 23:20:48.055,2024-04-06 23:20:48.055000+00:00
2024/04/06, 23:21:48.055,35.943,-74.76, 0.09,345.95,22.91,0.09,10.5,10.5,1012.6,1012.2,0.0,0.0,13.74,11.62,351,344,6.9,7.1,57.2,57.0,6.9,7.1,337.3,330.3,1014.7,1014.3,-0.18,288.56,40.77,35.7085,20.505,187.6,43.6,1523.74, NAN, NAN, NAN, NAN,,2024/04/06 23:21:48.055,2024-04-06 23:21:48.055000+00:00
2024/04/06, 23:22:48.055,35.943,-74.76, 0.35,345.65,287.15,0.07,10.5,10.5,1012.4,1012.3,0.0,0.0,13.74,11.62,339,329,6.9,9.5,62.3,62.1,6.9,9.5,324.8,314.7,1014.5,1014.4,-0.74,288.58,37.19,35.7029,20.5162,188.8,43.5,1523.764, NAN, NAN, NAN, NAN,,2024/04/06 23:22:48.055,2024-04-06 23:22:48.055000+00:00
2024/04/06, 23:23:48.055,35.943,-74.76, -0.04,345.89,250.68,0.2,10.4,10.5,1012.4,1012.6,0.0,0.0,13.74,11.62,341,333,6.1,6.4,58.9,58.4,6.2,6.4,327.7,319.7,1014.5,1014.7,-1.29,288.29,33.42,35.7107,20.52,192.5,43.5,1523.783, NAN, NAN, NAN, NAN,,2024/04/06 23:23:48.055,2024-04-06 23:23:48.055000+00:00
2024/04/06, 23:24:48.055,35.943,-74.76, 0.12,346.25,206.93,0.31,10.5,10.5,1012.6,1012.4,0.0,0.0,13.74,11.62,337,331,7.5,8.8,61.1,61.5,7.5,8.8,324.5,318.3,1014.7,1014.5,-1.83,287.93,30.37,35.7113,20.5093,190.7,43.7,1523.754, NAN, NAN, NAN, NAN,,2024/04/06 23:24:48.055,2024-04-06 23:24:48.055000+00:00
2024/04/06, 23:25:48.055,35.943,-74.76, 0.10,345.95,159.78,0.23,10.5,10.5,1012.6,1012.4,0.0,0.0,13.74,11.62,334,331,7.6,8.7,61.1,61.6,7.7,8.8,320.6,317.5,1014.7,1014.5,-2.32,288.03,27.02,35.7235,20.4944,188.8,43.7,1523.727, NAN, NAN, NAN, NAN,,2024/04/06 23:25:48.055,2024-04-06 23:25:48.055000+00:00
2024/04/06, 23:26:48.055,35.943,-74.76, 0.17,346.02,218.94,0.25,10.4,10.5,1012.5,1012.3,0.0,0.0,13.74,11.62,330,327,7.5,10.1,60.1,59.7,7.5,10.1,317.0,313.7,1014.6,1014.4,-2.68,288.04,24.17,35.7301,20.5009,189.8,43.5,1523.753, NAN, NAN, NAN, NAN,,2024/04/06 23:26:48.055,2024-04-06 23:26:48.055000+00:00
2024/04/06, 23:27:48.055,35.943,-74.76, 0.25,344.96,29.38,0.32,10.4,10.5,1012.4,1012.4,0.0,0.0,13.74,11.62,342,346,7.2,8.0,57.3,59.8,7.1,7.8,326.4,330.5,1014.5,1014.5,-3.16,288.47,21.49,35.7323,20.5215,191.9,43.6,1523.811, NAN, NAN, NAN, NAN,,2024/04/06 23:27:48.055,2024-04-06 23:27:48.055000+00:00
2024/04/06, 23:28:48.055,35.943,-74.76, 0.09,345.28,324.99,0.2,10.5,10.5,1012.3,1012.7,0.0,0.0,13.74,11.62,346,336,6.8,7.0,60.2,59.1,6.7,6.9,331.4,321.2,1014.4,1014.8,-3.42,289.33,18.49,35.7138,20.5341,189.8,43.0,1523.825, NAN, NAN, NAN, NAN,,2024/04/06 23:28:48.055,2024-04-06 23:28:48.055000+00:00
2024/04/06, 23:29:48.055,35.943,-74.76, 0.05,345.99,326.97,0.08,10.6,10.6,1012.4,1012.4,0.0,0.0,13.74,11.62,334,327,5.9,8.7,60.4,61.0,5.9,8.7,320.1,313.1,1014.5,1014.5,-3.72,289.76,16.24,35.7371,20.5377,191.9,42.3,1523.861, NAN, NAN, NAN, NAN,,2024/04/06 23:29:48.055,2024-04-06 23:29:48.055000+00:00
2024/04/06, 23:30:48.056,35.943,-74.76, 0.09,345.96,108.33,0.09,10.7,10.7,1012.3,1012.5,0.0,0.0,13.74,11.62,335,329,7.2,9.9,65.1,64.9,7.2,9.9,320.6,314.7,1014.4,1014.6,-4.17,289.04,14.18,35.7376,20.5447,191.6,42.8,1523.88, NAN, NAN, NAN, NAN,,2024/04/06 23:30:48.056,2024-04-06 23:30:48.056000+00:00
2024/04/06, 23:31:48.056,35.943,-74.76, -0.11,345.57,205.32,0.04,10.7,10.7,1012.3,1012.4,0.0,0.0,13.74,11.62,336,328,6.4,9.3,57.1,58.2,6.4,9.3,321.8,313.7,1014.4,1014.5,-4.29,289.07,12.37,35.7391,20.5464,190.1,43.2,1523.886, NAN, NAN, NAN, NAN,,2024/04/06 23:31:48.056,2024-04-06 23:31:48.056000+00:00
2024/04/06, 23:32:48.056,35.943,-74.76, 0.12,345.91,278.16,0.42,10.6,10.7,1012.4,1012.5,0.0,0.0,13.74,11.62,346,342,8.1,8.0,60.5,60.5,7.9,7.8,332.8,328.8,1014.5,1014.6,-4.53,288.37,10.73,35.7438,20.5505,191.3,43.2,1523.903, NAN, NAN, NAN, NAN,,2024/04/06 23:32:48.056,2024-04-06 23:32:48.056000+00:00
2024/04/06, 23:33:48.056,35.943,-74.76, 0.27,345.04,352.86,0.05,10.6,10.6,1012.5,1012.4,0.0,0.0,13.74,11.62,343,334,6.3,6.6,57.6,57.4,6.3,6.6,327.9,318.9,1014.6,1014.5,-4.92,290.13,8.94,35.7461,20.5584,189.8,43.0,1523.927, NAN, NAN, NAN, NAN,,2024/04/06 23:33:48.056,2024-04-06 23:33:48.056000+00:00
2024/04/06, 23:34:48.056,35.943,-74.76, 0.32,346.31,272.47,0.28,10.7,10.7,1012.5,1012.4,0.0,0.0,13.74,11.62,334,327,6.9,10.0,65.1,65.1,6.8,9.9,320.5,313.4,1014.6,1014.5,-5.21,288.87,7.63,35.7475,20.5558,192.2,43.0,1523.921, NAN, NAN, NAN, NAN,,2024/04/06 23:34:48.056,2024-04-06 23:34:48.056000+00:00
2024/04/06, 23:35:48.056,35.943,-74.76, 0.26,345.67,93.0,0.17,10.7,10.7,1012.6,1012.3,0.0,0.0,13.74,11.62,333,328,8.6,10.8,60.0,61.0,8.5,10.7,318.4,313.4,1014.7,1014.4,-5.38,288.4,6.47,35.753,20.5609,191.3,43.4,1523.941, NAN, NAN, NAN, NAN,,2024/04/06 23:35:48.056,2024-04-06 23:35:48.056000+00:00
2024/04/06, 23:36:48.056,35.943,-74.76, 0.49,345.43,34.44,0.3,10.7,10.7,1012.4,1012.6,0.0,0.0,13.74,11.62,349,343,6.4,6.9,57.3,58.1,6.5,7.0,333.3,327.5,1014.5,1014.7,-5.53,288.58,5.46,35.7444,20.5585,189.8,43.2,1523.925, NAN, NAN, NAN, NAN,,2024/04/06 23:36:48.056,2024-04-06 23:36:48.056000+00:00
2024/04/06, 23:37:48.056,35.943,-74.76, 0.28,345.05,44.8,0.2,10.6,10.7,1012.6,1012.4,0.0,0.0,13.74,11.62,346,339,6.4,6.9,56.1,57.3,6.4,6.9,330.2,323.2,1014.7,1014.5,-5.68,289.4,4.6,35.7488,20.556,190.7,43.3,1523.923, NAN, NAN, NAN, NAN,,2024/04/06 23:37:48.056,2024-04-06 23:37:48.056000+00:00
2024/04/06, 23:38:48.056,35.943,-74.76, 0.22,346.33,151.52,0.05,10.6,10.7,1012.7,1012.4,0.0,0.0,13.74,11.62,341,334,6.8,6.9,63.8,63.8,6.8,6.9,327.2,320.2,1014.8,1014.5,-6.03,289.08,3.7,35.7553,20.5542,191.0,43.6,1523.926, NAN, NAN, NAN, NAN,,2024/04/06 23:38:48.056,2024-04-06 23:38:48.056000+00:00
2024/04/06, 23:39:48.056,35.943,-74.76, -0.12,328.82,57.2,0.27,10.7,10.7,1012.7,1012.4,0.0,0.0,13.74,11.62,348,337,6.9,7.3,60.2,60.2,7.0,7.4,317.1,306.3,1014.8,1014.5,-6.2,290.76,3.08,35.7546,20.553,191.9,43.6,1523.922, NAN, NAN, NAN, NAN,,2024/04/06 23:39:48.056,2024-04-06 23:39:48.056000+00:00
2024/04/06, 23:40:48.056,35.942,-74.76, -0.25,275.7,236.89,0.46,10.8,10.8,1012.7,1012.4,0.0,0.0,13.74,11.62,24,30,6.9,8.1,60.6,60.7,7.1,8.3,300.0,305.8,1014.8,1014.5,-6.12,290.83,2.55,35.7547,20.5614,192.5,43.3,1523.945, NAN, NAN, NAN, NAN,,2024/04/06 23:40:48.056,2024-04-06 23:40:48.056000+00:00
2024/04/06, 23:41:48.056,35.942,-74.76, 0.69,209.68,197.84,1.09,10.8,10.8,1012.5,1012.6,0.0,0.0,13.74,11.62,103,102,7.4,7.3,57.3,57.4,7.7,7.6,316.3,315.4,1014.6,1014.7,-6.27,290.02,2.03,35.7567,20.5654,189.5,43.3,1523.958, NAN, NAN, NAN, NAN,,2024/04/06 23:41:48.056,2024-04-06 23:41:48.056000+00:00
2024/04/06, 23:42:48.056,35.942,-74.76, 1.72,174.98,169.79,1.87,10.8,10.8,1012.4,1012.6,0.0,0.0,13.74,11.62,137,138,8.2,7.0,59.4,59.8,9.0,7.8,315.8,317.3,1014.5,1014.7,-6.41,288.82,1.62,35.752,20.5727,189.5,43.3,1523.972, NAN, NAN, NAN, NAN,,2024/04/06 23:42:48.056,2024-04-06 23:42:48.056000+00:00
2024/04/06, 23:43:48.056,35.941,-74.76, 2.31,177.59,190.86,2.29,10.8,10.8,1012.6,1012.4,0.0,0.0,13.74,11.62,147,144,7.1,5.3,57.4,56.4,8.0,6.2,330.0,329.0,1014.7,1014.5,-6.47,288.62,1.26,35.7591,20.5815,191.6,43.2,1524.004, NAN, NAN, NAN, NAN,,2024/04/06 23:43:48.056,2024-04-06 23:43:48.056000+00:00
2024/04/06, 23:44:48.056,35.94,-74.76, 1.74,178.19,175.88,1.97,10.7,10.8,1012.6,1012.6,0.0,0.0,13.74,11.62,142,139,7.1,5.3,60.0,55.6,7.9,6.1,324.5,323.2,1014.7,1014.7,-6.58,288.56,1.01,35.7655,20.5908,188.5,43.6,1524.037, NAN, NAN, NAN, NAN,,2024/04/06 23:44:48.056,2024-04-06 23:44:48.056000+00:00
2024/04/06, 23:45:48.057,35.94,-74.76, 1.48,179.64,172.72,1.66,10.7,10.7,1012.6,1012.7,0.0,0.0,13.74,11.62,150,146,6.8,6.0,58.4,59.6,7.6,6.8,332.3,329.1,1014.7,1014.8,-6.8,289.27,0.81,35.7632,20.5974,187.0,43.4,1524.052, NAN, NAN, NAN, NAN,,2024/04/06 23:45:48.057,2024-04-06 23:45:48.057000+00:00
2024/04/06, 23:46:48.057,35.94,-74.76, 0.60,184.78,160.33,1.14,10.7,10.7,1012.6,1012.6,0.0,0.0,13.74,11.62,134,128,7.9,7.0,60.5,60.5,8.4,7.5,321.0,315.7,1014.7,1014.7,-6.88,288.96,0.64,35.7648,20.5953,190.7,43.5,1524.048, NAN, NAN, NAN, NAN,,2024/04/06 23:46:48.057,2024-04-06 23:46:48.057000+00:00
2024/04/06, 23:47:48.057,35.939,-74.76, 0.52,187.39,196.6,0.82,10.7,10.7,1012.6,1012.6,0.0,0.0,13.74,11.62,138,145,5.3,5.4,63.3,62.3,5.7,5.8,327.4,333.9,1014.7,1014.7,-6.88,289.32,0.5,35.7604,20.5929,193.5,43.4,1524.037, NAN, NAN, NAN, NAN,,2024/04/06 23:47:48.057,2024-04-06 23:47:48.057000+00:00
2024/04/06, 23:48:48.057,35.939,-74.76, 1.16,182.27,174.87,1.61,10.9,10.9,1012.6,1012.6,0.0,0.0,13.74,11.62,127,129,8.3,7.7,64.2,64.0,8.9,8.3,312.9,315.0,1014.7,1014.7,-6.75,289.56,0.38,35.7663,20.5882,190.7,43.3,1524.03, NAN, NAN, NAN, NAN,,2024/04/06 23:48:48.057,2024-04-06 23:48:48.057000+00:00
2024/04/06, 23:49:48.057,35.938,-74.76, 2.35,182.16,182.71,2.55,10.9,10.9,1012.7,1012.6,0.0,0.0,13.74,11.62,129,127,8.0,7.9,57.1,63.5,8.9,8.8,317.7,316.0,1014.8,1014.7,-6.66,288.94,0.29,35.7675,20.5968,192.8,43.5,1524.055, NAN, NAN, NAN, NAN,,2024/04/06 23:49:48.057,2024-04-06 23:49:48.057000+00:00
2024/04/06, 23:50:48.057,35.938,-74.76, 2.53,182.86,178.9,2.64,10.8,10.8,1012.4,1012.6,0.0,0.0,13.74,11.62,122,133,4.9,6.1,57.5,55.9,5.8,7.1,316.0,323.5,1014.5,1014.7,-6.71,289.01,0.23,35.773,20.6046,193.5,43.7,1524.082, NAN, NAN, NAN, NAN,,2024/04/06 23:50:48.057,2024-04-06 23:50:48.057000+00:00
2024/04/06, 23:51:48.057,35.937,-74.76, 2.55,182.45,186.84,3.03,10.8,10.8,1012.6,1012.4,0.0,0.0,13.74,11.62,135,131,6.8,6.7,57.4,57.2,7.9,7.8,325.9,322.6,1014.7,1014.5,-6.82,292.59,0.18,35.7659,20.6143,192.2,43.6,1524.101, NAN, NAN, NAN, NAN,,2024/04/06 23:51:48.057,2024-04-06 23:51:48.057000+00:00
2024/04/06, 23:52:48.057,35.936,-74.76, 3.06,181.27,183.68,3.25,11.0,11.0,1012.6,1012.7,0.0,0.0,13.74,11.62,133,122,7.4,6.0,59.7,59.8,8.6,7.0,322.6,315.1,1014.7,1014.8,-6.64,291.4,0.14,35.7716,20.6273,194.4,43.7,1524.143, NAN, NAN, NAN, NAN,,2024/04/06 23:52:48.057,2024-04-06 23:52:48.057000+00:00
2024/04/06, 23:53:48.057,35.935,-74.76, 3.16,181.5,181.31,3.53,10.9,10.9,1012.7,1012.7,0.0,0.0,13.74,11.62,136,129,6.0,4.7,57.0,57.0,7.4,6.0,326.9,323.6,1014.8,1014.8,-6.73,288.56,0.1,35.7704,20.6444,192.8,43.9,1524.188, NAN, NAN, NAN, NAN,,2024/04/06 23:53:48.057,2024-04-06 23:53:48.057000+00:00
2024/04/06, 23:54:48.057,35.934,-74.76, 3.25,182.65,187.29,3.59,10.9,10.9,1012.7,1012.6,0.0,0.0,13.74,11.62,131,121,5.6,4.4,62.2,61.6,7.0,5.6,325.1,320.0,1014.8,1014.7,-6.88,290.53,0.08,35.7726,20.6426,192.2,43.9,1524.185, NAN, NAN, NAN, NAN,,2024/04/06 23:54:48.057,2024-04-06 23:54:48.057000+00:00
2024/04/06, 23:55:48.057,35.933,-74.76, 2.80,183.33,170.77,3.42,10.9,10.9,1012.8,1012.7,0.0,0.0,13.74,11.62,130,131,6.1,5.4,62.6,61.0,7.5,6.8,322.3,324.0,1014.9,1014.8,-6.9,289.11,0.06,35.7783,20.6584,194.7,44.0,1524.234, NAN, NAN, NAN, NAN,,2024/04/06 23:55:48.057,2024-04-06 23:55:48.057000+00:00
2024/04/06, 23:56:48.057,35.932,-74.76, 2.41,196.85,176.69,2.74,10.9,10.9,1012.7,1012.7,0.0,0.0,13.74,11.62,132,122,8.1,6.5,59.3,59.7,9.3,7.5,334.1,326.7,1014.8,1014.8,-7.12,289.33,0.04,35.7834,20.6631,195.9,43.9,1524.253, NAN, NAN, NAN, NAN,,2024/04/06 23:56:48.057,2024-04-06 23:56:48.057000+00:00
2024/04/06, 23:57:48.057,35.932,-74.76, 1.13,249.53,185.67,1.89,10.9,10.9,1012.8,1012.6,0.0,0.0,13.74,11.62,79,67,8.2,8.9,62.7,62.8,8.7,9.2,334.1,322.3,1014.9,1014.7,-6.95,288.31,0.03,35.7855,20.6613,195.6,43.9,1524.25, NAN, NAN, NAN, NAN,,2024/04/06 23:57:48.057,2024-04-06 23:57:48.057000+00:00
2024/04/06, 23:58:48.057,35.931,-74.761, 0.23,273.52,202.92,1.33,10.9,10.9,1012.6,1012.6,0.0,0.0,13.74,11.62,51,45,6.6,9.1,56.1,55.7,7.0,9.4,329.2,322.2,1014.7,1014.7,-6.87,289.12,0.02,35.7817,20.6521,196.8,43.2,1524.221, NAN, NAN, NAN, NAN,,2024/04/06 23:58:48.057,2024-04-06 23:58:48.057000+00:00
2024/04/06, 23:59:48.057,35.931,-74.761, -0.11,286.12,202.13,1.69,10.8,10.9,1012.7,1012.8,0.0,0.0,13.74,11.62,19,22,3.1,6.0,60.2,60.0,3.5,6.4,319.0,315.5,1014.8,1014.9,-6.96,290.26,0.01,35.7908,20.6513,195.2,43.4,1524.229, NAN, NAN, NAN, NAN,,2024/04/06 23:59:48.057,2024-04-06 23:59:48.057000+00:00
2024/04/14, 00:00:48.695,39.992,-72.852,10.46,223.06,229.58,10.27,10.1,10.1,1006.8,1006.7,0.0,0.0,85.09,78.49,41,35,11.3,12.9,67.4,67.4,7.8,8.8,288.2,276.0,1008.9,1008.8,-5.36,347.95,0.04,30.9533,7.1001,314.7,47.6,1474.072, NAN, NAN, NAN, NAN,,2024/04/14 00:00:48.695,2024-04-14 00:00:48.695000+00:00
2024/04/14, 00:01:48.695,39.99,-72.855,10.12,223.98,220.81,10.18,10.1,10.1,1006.6,1006.9,0.0,0.0,85.09,78.49,42,36,10.4,12.8,67.5,68.2,7.3,9.0,293.9,279.3,1008.7,1009.0,-5.28,346.99,0.03,30.9568,7.1186,319.0,47.6,1474.148, NAN, NAN, NAN, NAN,,2024/04/14 00:01:48.695,2024-04-14 00:01:48.695000+00:00
2024/04/14, 00:02:48.695,39.989,-72.857,10.05,227.11,232.23,9.93,9.9,10.0,1007.1,1006.8,0.0,0.0,85.09,78.49,39,32,10.7,11.8,69.2,69.1,7.0,7.6,289.7,276.6,1009.2,1008.9,-5.35,346.36,0.02,30.964,7.13,315.6,47.6,1474.202, NAN, NAN, NAN, NAN,,2024/04/14 00:02:48.695,2024-04-14 00:02:48.695000+00:00
2024/04/14, 00:03:48.695,39.987,-72.86,9.84,225.28,226.16,9.31,9.8,9.9,1007.2,1006.8,0.0,0.0,85.09,78.49,40,35,10.4,11.9,70.3,70.2,7.4,8.4,289.7,279.2,1009.3,1008.9,-5.51,345.48,0.01,30.9682,7.1536,308.9,47.6,1474.299, NAN, NAN, NAN, NAN,,2024/04/14 00:03:48.695,2024-04-14 00:03:48.695000+00:00
2024/04/14, 00:04:48.695,39.985,-72.862,9.38,224.65,228.52,9.74,9.8,9.8,1007.0,1006.7,0.0,0.0,85.09,78.49,38,34,9.7,11.6,70.4,70.4,6.2,7.7,289.5,277.7,1009.1,1008.8,-5.64,344.71,0.01,30.9912,7.3585,305.9,47.7,1475.124, NAN, NAN, NAN, NAN,,2024/04/14 00:04:48.695,2024-04-14 00:04:48.695000+00:00
2024/04/14, 00:05:48.695,39.983,-72.865,9.75,223.04,221.12,9.85,9.7,9.7,1006.9,1006.9,0.0,0.0,85.09,78.49,38,33,10.0,11.5,71.3,71.2,6.7,7.7,288.0,276.4,1009.0,1009.0,-5.57,344.28,0.0,31.0143,7.4686,302.5,47.8,1475.579, NAN, NAN, NAN, NAN,,2024/04/14 00:05:48.695,2024-04-14 00:05:48.695000+00:00
2024/04/14, 00:06:48.695,39.981,-72.867,9.59,224.71,229.93,9.63,9.6,9.7,1007.1,1006.9,0.0,0.0,85.09,78.49,36,30,9.0,11.1,72.2,72.1,5.5,7.0,289.4,272.9,1009.2,1009.0,-5.69,344.51,0.0,31.0933,7.5313,288.8,47.8,1475.92, NAN, NAN, NAN, NAN,,2024/04/14 00:06:48.695,2024-04-14 00:06:48.695000+00:00
2024/04/14, 00:07:48.695,39.979,-72.87,9.76,223.18,229.2,9.81,9.6,9.6,1006.8,1007.4,0.0,0.0,85.09,78.49,37,33,9.8,11.7,72.7,72.6,6.2,7.7,286.5,274.8,1008.9,1009.5,-5.68,344.95,0.0,31.1877,7.5577,277.2,48.0,1476.139, NAN, NAN, NAN, NAN,,2024/04/14 00:07:48.695,2024-04-14 00:07:48.695000+00:00
2024/04/14, 00:08:48.695,39.977,-72.873,10.14,225.66,226.16,10.09,9.5,9.6,1007.2,1007.2,0.0,0.0,85.09,78.49,30,24,9.1,9.5,73.0,72.9,5.3,5.2,285.2,273.7,1009.3,1009.3,-5.71,344.48,-0.0,31.2308,7.5629,273.9,48.2,1476.212, NAN, NAN, NAN, NAN,,2024/04/14 00:08:48.695,2024-04-14 00:08:48.695000+00:00
2024/04/14, 00:09:48.695,39.975,-72.875,9.98,224.26,224.86,9.75,9.4,9.5,1007.4,1007.0,0.0,0.0,85.09,78.49,31,25,9.6,9.9,74.4,74.3,5.7,5.6,280.0,269.3,1009.5,1009.1,-5.73,345.11,-0.0,31.2447,7.5576,269.9,48.0,1476.209, NAN, NAN, NAN, NAN,,2024/04/14 00:09:48.695,2024-04-14 00:09:48.695000+00:00
2024/04/14, 00:10:48.695,39.974,-72.878,9.97,224.52,226.9,9.84,9.3,9.5,1006.9,1007.1,0.0,0.0,85.09,78.49,35,31,10.1,11.0,74.9,74.3,6.5,7.0,284.8,276.0,1009.0,1009.2,-5.76,345.99,-0.0,31.2517,7.5471,271.5,48.3,1476.177, NAN, NAN, NAN, NAN,,2024/04/14 00:10:48.695,2024-04-14 00:10:48.695000+00:00
2024/04/14, 00:11:48.695,39.972,-72.88,10.23,224.35,226.09,9.61,9.3,9.4,1007.2,1007.2,0.0,0.0,85.09,78.49,41,36,10.8,12.4,74.6,74.6,7.7,8.8,289.6,279.0,1009.3,1009.3,-5.85,346.49,-0.01,31.2619,7.5316,275.6,48.3,1476.13, NAN, NAN, NAN, NAN,,2024/04/14 00:11:48.695,2024-04-14 00:11:48.695000+00:00
2024/04/14, 00:12:48.695,39.97,-72.883,10.0,224.18,220.92,9.84,9.3,9.4,1007.2,1007.4,0.0,0.0,85.09,78.49,40,35,10.5,11.7,74.5,73.8,7.2,7.9,289.6,279.3,1009.3,1009.5,-5.72,346.36,-0.01,31.2685,7.5159,272.3,48.3,1476.078, NAN, NAN, NAN, NAN,,2024/04/14 00:12:48.695,2024-04-14 00:12:48.695000+00:00
2024/04/14, 00:13:48.696,39.968,-72.886,9.78,225.35,227.56,9.68,9.5,9.5,1007.4,1007.2,0.0,0.0,85.09,78.49,39,33,10.7,12.1,73.2,73.5,7.4,8.3,288.6,276.7,1009.5,1009.3,-5.72,346.23,-0.01,31.2733,7.5047,280.6,48.0,1476.041, NAN, NAN, NAN, NAN,,2024/04/14 00:13:48.696,2024-04-14 00:13:48.696000+00:00
2024/04/14, 00:14:48.696,39.966,-72.888,9.78,223.94,232.07,9.72,9.5,9.5,1007.2,1007.1,0.0,0.0,85.09,78.49,39,34,9.8,12.5,72.5,73.3,6.3,8.4,288.9,274.2,1009.3,1009.2,-5.64,344.89,-0.01,31.2816,7.4909,273.6,48.2,1475.998, NAN, NAN, NAN, NAN,,2024/04/14 00:14:48.696,2024-04-14 00:14:48.696000+00:00
2024/04/14, 00:15:48.696,39.964,-72.891,10.04,223.68,230.96,9.89,9.6,9.6,1007.3,1007.3,0.0,0.0,85.09,78.49,37,34,10.8,12.6,72.8,72.9,7.0,8.5,283.2,274.4,1009.4,1009.4,-5.61,344.0,-0.01,31.2827,7.4623,280.3,48.3,1475.889, NAN, NAN, NAN, NAN,,2024/04/14 00:15:48.696,2024-04-14 00:15:48.696000+00:00
2024/04/14, 00:16:48.696,39.962,-72.894,10.0,223.78,228.18,9.66,9.5,9.6,1007.4,1007.2,0.0,0.0,85.09,78.49,29,26,8.8,10.5,72.9,72.9,4.9,6.3,280.1,268.6,1009.5,1009.3,-5.57,341.29,-0.01,31.2911,7.4285,275.6,48.4,1475.768, NAN, NAN, NAN, NAN,,2024/04/14 00:16:48.696,2024-04-14 00:16:48.696000+00:00
2024/04/14, 00:17:48.696,39.96,-72.896,10.14,222.54,221.88,9.91,9.5,9.5,1007.5,1007.5,0.0,0.0,85.09,78.49,36,31,10.3,11.7,73.0,73.8,6.8,7.7,283.9,272.6,1009.6,1009.6,-5.61,340.29,-0.01,31.2954,7.3945,280.3,48.3,1475.642, NAN, NAN, NAN, NAN,,2024/04/14 00:17:48.696,2024-04-14 00:17:48.696000+00:00
2024/04/14, 00:18:48.696,39.958,-72.899,9.92,224.08,216.67,9.34,9.4,9.5,1007.3,1007.5,0.0,0.0,85.09,78.49,39,34,9.9,11.8,73.7,73.8,7.0,8.4,289.7,277.7,1009.4,1009.6,-5.74,338.62,-0.02,31.2956,7.3867,287.6,48.4,1475.612, NAN, NAN, NAN, NAN,,2024/04/14 00:18:48.696,2024-04-14 00:18:48.696000+00:00
2024/04/14, 00:19:48.696,39.957,-72.901,9.61,224.99,221.82,9.51,9.5,9.5,1007.3,1007.4,0.0,0.0,85.09,78.49,42,37,10.0,12.1,73.3,73.4,7.1,8.6,294.0,281.4,1009.4,1009.5,-5.78,337.55,-0.01,31.2911,7.392,291.3,48.2,1475.627, NAN, NAN, NAN, NAN,,2024/04/14 00:19:48.696,2024-04-14 00:19:48.696000+00:00
2024/04/14, 00:20:48.696,39.955,-72.904,9.95,224.51,232.1,9.3,9.5,9.5,1007.6,1007.4,0.0,0.0,85.09,78.49,43,37,10.0,12.0,73.2,73.2,6.8,8.3,292.4,278.8,1009.7,1009.5,-5.81,335.94,-0.02,31.2924,7.3958,290.0,48.3,1475.644, NAN, NAN, NAN, NAN,,2024/04/14 00:20:48.696,2024-04-14 00:20:48.696000+00:00
2024/04/14, 00:21:48.696,39.953,-72.906,9.94,224.51,227.37,10.0,9.5,9.5,1007.4,1007.4,0.0,0.0,85.09,78.49,42,37,10.6,12.6,72.7,72.9,7.2,8.7,291.9,279.7,1009.5,1009.5,-5.82,333.9,-0.01,31.2914,7.3975,296.4,48.1,1475.649, NAN, NAN, NAN, NAN,,2024/04/14 00:21:48.696,2024-04-14 00:21:48.696000+00:00
2024/04/14, 00:22:48.696,39.951,-72.909,10.21,225.46,222.02,9.57,9.6,9.6,1007.6,1007.6,0.0,0.0,85.09,78.49,43,39,11.0,13.4,72.4,72.5,8.3,10.2,293.3,282.9,1009.7,1009.7,-5.79,333.05,-0.01,31.291,7.3985,297.7,48.3,1475.652, NAN, NAN, NAN, NAN,,2024/04/14 00:22:48.696,2024-04-14 00:22:48.696000+00:00
2024/04/14, 00:23:48.696,39.949,-72.912,10.21,223.9,223.89,10.28,9.6,9.6,1007.6,1007.4,0.0,0.0,85.09,78.49,46,40,11.4,13.4,71.4,71.4,8.5,9.8,295.8,283.5,1009.7,1009.5,-5.79,331.86,-0.01,31.2902,7.3973,307.5,48.4,1475.647, NAN, NAN, NAN, NAN,,2024/04/14 00:23:48.696,2024-04-14 00:23:48.696000+00:00
2024/04/14, 00:24:48.696,39.947,-72.914,10.27,223.68,218.73,9.87,9.7,9.7,1007.4,1007.7,0.0,0.0,85.09,78.49,45,40,11.3,12.8,70.6,70.4,8.8,9.8,294.3,284.7,1009.5,1009.8,-5.82,330.15,-0.01,31.2885,7.3956,298.0,48.2,1475.638, NAN, NAN, NAN, NAN,,2024/04/14 00:24:48.696,2024-04-14 00:24:48.696000+00:00
2024/04/14, 00:25:48.696,39.945,-72.917,10.13,224.63,220.12,10.21,9.8,9.8,1007.6,1007.7,0.0,0.0,85.09,78.49,44,39,11.2,12.8,70.0,69.9,8.2,9.3,294.6,284.1,1009.7,1009.8,-5.81,328.3,-0.01,31.2929,7.394,301.4,48.3,1475.637, NAN, NAN, NAN, NAN,,2024/04/14 00:25:48.696,2024-04-14 00:25:48.696000+00:00
2024/04/14, 00:26:48.696,39.943,-72.92,10.07,223.33,227.11,9.86,9.8,9.8,1007.8,1007.6,0.0,0.0,85.09,78.49,44,39,10.9,12.6,69.8,69.8,7.7,8.9,292.1,281.1,1009.9,1009.7,-5.78,326.99,-0.01,31.3002,7.3959,308.3,48.2,1475.654, NAN, NAN, NAN, NAN,,2024/04/14 00:26:48.696,2024-04-14 00:26:48.696000+00:00
2024/04/14, 00:27:48.696,39.941,-72.922,9.77,223.01,222.63,9.37,9.8,9.8,1007.4,1007.6,0.0,0.0,85.09,78.49,43,39,10.9,13.0,69.8,69.7,8.0,9.6,289.6,279.7,1009.5,1009.7,-5.83,325.57,-0.01,31.3047,7.4041,319.3,47.9,1475.691, NAN, NAN, NAN, NAN,,2024/04/14 00:27:48.696,2024-04-14 00:27:48.696000+00:00
2024/04/14, 00:28:48.696,39.94,-72.925,10.11,224.36,223.49,10.14,9.8,9.8,1007.4,1007.8,0.0,0.0,85.09,78.49,41,36,10.7,12.8,69.6,69.6,7.5,9.1,292.1,279.9,1009.5,1009.9,-5.8,324.14,-0.01,31.312,7.4209,322.7,48.4,1475.765, NAN, NAN, NAN, NAN,,2024/04/14 00:28:48.696,2024-04-14 00:28:48.696000+00:00
2024/04/14, 00:29:48.697,39.938,-72.927,10.27,223.45,229.2,10.24,9.8,9.8,1007.7,1007.7,0.0,0.0,85.09,78.49,40,35,11.1,13.5,70.0,70.0,7.7,9.5,288.4,275.9,1009.8,1009.8,-5.91,321.68,-0.02,31.3152,7.4385,324.3,48.3,1475.837, NAN, NAN, NAN, NAN,,2024/04/14 00:29:48.697,2024-04-14 00:29:48.697000+00:00
2024/04/14, 00:30:48.697,39.936,-72.93,10.29,223.8,216.4,10.01,9.8,9.8,1007.4,1007.8,0.0,0.0,85.09,78.49,39,35,10.6,12.4,70.3,70.0,7.5,8.9,289.6,279.4,1009.5,1009.9,-5.97,318.48,-0.02,31.3138,7.4533,329.4,48.3,1475.893, NAN, NAN, NAN, NAN,,2024/04/14 00:30:48.697,2024-04-14 00:30:48.697000+00:00
2024/04/14, 00:31:48.697,39.934,-72.933,10.25,223.83,221.64,10.34,9.7,9.7,1007.6,1007.9,0.0,0.0,85.09,78.49,43,38,10.5,12.3,70.8,70.8,7.4,8.7,295.3,283.4,1009.7,1010.0,-6.09,316.11,-0.01,31.3132,7.466,331.2,48.3,1475.941, NAN, NAN, NAN, NAN,,2024/04/14 00:31:48.697,2024-04-14 00:31:48.697000+00:00
2024/04/14, 00:32:48.697,39.932,-72.935,10.21,229.72,232.35,10.19,9.6,9.7,1007.7,1007.9,0.0,0.0,85.09,78.49,43,37,10.8,12.8,70.8,70.8,7.6,9.0,299.2,286.0,1009.8,1010.0,-6.14,313.26,-0.01,31.296,7.4739,338.2,48.4,1475.95, NAN, NAN, NAN, NAN,,2024/04/14 00:32:48.697,2024-04-14 00:32:48.697000+00:00
2024/04/14, 00:33:48.697,39.93,-72.938,10.21,227.22,230.66,10.18,9.6,9.7,1007.7,1007.8,0.0,0.0,85.09,78.49,44,38,11.5,13.1,70.6,70.7,8.3,9.3,295.7,284.0,1009.8,1009.9,-6.21,310.96,-0.01,31.3019,7.4794,330.7,48.3,1475.979, NAN, NAN, NAN, NAN,,2024/04/14 00:33:48.697,2024-04-14 00:33:48.697000+00:00
2024/04/14, 00:34:48.697,39.928,-72.941,9.97,229.62,230.94,9.72,9.7,9.7,1007.8,1007.6,0.0,0.0,85.09,78.49,41,36,11.4,13.3,70.7,70.6,8.3,9.7,294.0,283.3,1009.9,1009.7,-6.26,309.3,-0.01,31.2939,7.4832,333.7,48.3,1475.983, NAN, NAN, NAN, NAN,,2024/04/14 00:34:48.697,2024-04-14 00:34:48.697000+00:00
2024/04/14, 00:35:48.697,39.927,-72.944,10.05,231.02,226.88,10.16,9.7,9.7,1007.6,1007.8,0.0,0.0,85.09,78.49,42,38,11.5,13.5,70.7,70.6,8.6,10.1,298.1,288.5,1009.7,1009.9,-6.2,308.1,-0.02,31.2868,7.4868,334.4,48.2,1475.988, NAN, NAN, NAN, NAN,,2024/04/14 00:35:48.697,2024-04-14 00:35:48.697000+00:00
2024/04/14, 00:36:48.697,39.925,-72.947,10.14,230.63,231.46,10.17,9.7,9.7,1007.6,1008.0,0.0,0.0,85.09,78.49,42,39,12.5,14.9,70.3,70.3,9.3,11.4,294.9,286.7,1009.7,1010.1,-6.2,306.79,-0.02,31.2793,7.4896,325.1,48.4,1475.99, NAN, NAN, NAN, NAN,,2024/04/14 00:36:48.697,2024-04-14 00:36:48.697000+00:00
2024/04/14, 00:37:48.697,39.923,-72.95,10.28,231.87,231.48,9.83,9.8,9.8,1007.5,1008.2,0.0,0.0,85.09,78.49,41,37,12.5,14.7,69.2,69.1,9.3,11.1,293.6,284.7,1009.6,1010.3,-6.24,305.32,-0.02,31.2735,7.4909,328.1,48.2,1475.988, NAN, NAN, NAN, NAN,,2024/04/14 00:37:48.697,2024-04-14 00:37:48.697000+00:00
2024/04/14, 00:38:48.697,39.922,-72.953,9.99,232.71,233.15,9.71,9.8,9.8,1007.4,1008.1,0.0,0.0,85.09,78.49,42,39,12.7,15.1,68.6,68.7,9.7,11.8,295.5,287.7,1009.5,1010.2,-6.19,304.28,-0.01,31.2704,7.4908,324.0,48.5,1475.983, NAN, NAN, NAN, NAN,,2024/04/14 00:38:48.697,2024-04-14 00:38:48.697000+00:00
2024/04/14, 00:39:48.697,39.92,-72.956,10.16,232.38,228.55,10.23,9.9,9.9,1007.8,1008.1,0.0,0.0,85.09,78.49,42,38,12.9,14.9,67.7,67.9,9.7,11.3,295.9,287.3,1009.9,1010.2,-6.2,303.19,-0.01,31.2645,7.4896,318.0,48.6,1475.971, NAN, NAN, NAN, NAN,,2024/04/14 00:39:48.697,2024-04-14 00:39:48.697000+00:00
2024/04/14, 00:40:48.697,39.918,-72.958,9.96,231.28,232.43,10.07,10.0,10.0,1007.6,1007.8,0.0,0.0,85.09,78.49,43,38,13.1,15.2,67.4,67.4,9.7,11.3,294.1,284.2,1009.7,1009.9,-6.2,302.09,-0.02,31.2594,7.489,320.6,48.4,1475.963, NAN, NAN, NAN, NAN,,2024/04/14 00:40:48.697,2024-04-14 00:40:48.697000+00:00
2024/04/14, 00:41:48.697,39.917,-72.961,10.05,230.69,235.78,9.91,10.0,10.0,1008.0,1008.1,0.0,0.0,85.09,78.49,44,39,13.4,14.9,67.1,67.1,10.1,11.2,293.8,285.1,1010.1,1010.2,-6.17,300.91,-0.01,31.2553,7.4886,311.3,48.7,1475.956, NAN, NAN, NAN, NAN,,2024/04/14 00:41:48.697,2024-04-14 00:41:48.697000+00:00
2024/04/14, 00:42:48.697,39.915,-72.964,10.14,232.38,237.78,10.19,10.0,10.0,1008.3,1007.7,0.0,0.0,85.09,78.49,44,39,14.0,15.6,67.1,67.2,10.7,11.8,295.4,286.7,1010.4,1009.8,-6.19,300.45,-0.01,31.2505,7.4911,305.6,48.6,1475.96, NAN, NAN, NAN, NAN,,2024/04/14 00:42:48.697,2024-04-14 00:42:48.697000+00:00
2024/04/14, 00:43:48.697,39.913,-72.967,10.34,231.74,229.21,10.42,10.1,10.1,1007.8,1008.1,0.0,0.0,85.09,78.49,44,40,14.0,16.2,66.3,66.3,10.8,12.6,295.9,287.7,1009.9,1010.2,-6.13,299.82,-0.01,31.2482,7.4959,308.9,48.5,1475.976, NAN, NAN, NAN, NAN,,2024/04/14 00:43:48.697,2024-04-14 00:43:48.697000+00:00
2024/04/14, 00:44:48.697,39.912,-72.97,10.35,229.87,227.53,10.19,10.1,10.1,1007.7,1008.1,0.0,0.0,85.09,78.49,46,42,14.4,16.9,65.8,65.9,11.4,13.5,295.3,287.1,1009.8,1010.2,-6.06,299.1,-0.01,31.2456,7.502,311.3,48.6,1475.996, NAN, NAN, NAN, NAN,,2024/04/14 00:44:48.697,2024-04-14 00:44:48.697000+00:00
2024/04/14, 00:45:48.698,39.91,-72.973,10.29,231.65,238.58,10.42,10.1,10.1,1008.0,1007.8,0.0,0.0,85.09,78.49,45,42,14.4,16.5,64.7,64.9,10.9,12.6,295.1,288.4,1010.1,1009.9,-6.1,298.45,-0.02,31.2465,7.5115,306.8,48.8,1476.034, NAN, NAN, NAN, NAN,,2024/04/14 00:45:48.698,2024-04-14 00:45:48.698000+00:00
2024/04/14, 00:46:48.698,39.908,-72.976,10.3,230.93,232.46,10.53,10.1,10.2,1007.8,1008.0,0.0,0.0,85.09,78.49,46,41,14.7,16.6,64.7,64.3,11.5,12.9,296.3,287.5,1009.9,1010.1,-6.18,297.51,-0.02,31.2473,7.5201,303.5,48.7,1476.068, NAN, NAN, NAN, NAN,,2024/04/14 00:46:48.698,2024-04-14 00:46:48.698000+00:00
2024/04/14, 00:47:48.698,39.907,-72.979,10.31,230.44,229.46,10.64,10.3,10.3,1008.0,1007.9,0.0,0.0,85.09,78.49,45,40,14.4,16.3,64.3,64.5,11.0,12.4,294.9,285.8,1010.1,1010.0,-6.17,297.12,-0.02,31.2477,7.5269,305.2,48.7,1476.095, NAN, NAN, NAN, NAN,,2024/04/14 00:47:48.698,2024-04-14 00:47:48.698000+00:00
2024/04/14, 00:48:48.698,39.905,-72.982,10.15,230.02,240.26,10.3,10.2,10.3,1007.8,1008.1,0.0,0.0,85.09,78.49,46,41,14.5,16.3,64.6,64.6,11.0,12.3,294.1,285.3,1009.9,1010.2,-6.16,295.89,-0.02,31.2532,7.5302,299.8,48.5,1476.114, NAN, NAN, NAN, NAN,,2024/04/14 00:48:48.698,2024-04-14 00:48:48.698000+00:00
2024/04/14, 00:49:48.698,39.903,-72.985,10.23,230.22,237.35,10.47,10.2,10.2,1007.8,1008.1,0.0,0.0,85.09,78.49,45,40,14.6,16.0,65.4,65.5,10.9,11.8,292.9,284.5,1009.9,1010.2,-6.26,295.66,-0.02,31.2531,7.5314,301.1,48.7,1476.119, NAN, NAN, NAN, NAN,,2024/04/14 00:49:48.698,2024-04-14 00:49:48.698000+00:00
2024/04/14, 00:50:48.698,39.901,-72.988,10.3,230.83,225.82,10.22,10.1,10.1,1007.9,1008.3,0.0,0.0,85.09,78.49,44,39,13.5,15.5,66.0,66.1,10.5,12.0,295.7,286.3,1010.0,1010.4,-6.2,295.31,-0.02,31.2527,7.5329,296.8,48.8,1476.124, NAN, NAN, NAN, NAN,,2024/04/14 00:50:48.698,2024-04-14 00:50:48.698000+00:00
2024/04/14, 00:51:48.698,39.9,-72.991,10.18,233.57,233.53,10.21,10.1,10.1,1008.0,1008.1,0.0,0.0,85.09,78.49,45,39,13.3,15.2,66.0,66.9,10.3,11.6,299.8,289.2,1010.1,1010.2,-6.24,295.17,-0.02,31.2492,7.5341,296.8,48.6,1476.124, NAN, NAN, NAN, NAN,,2024/04/14 00:51:48.698,2024-04-14 00:51:48.698000+00:00
2024/04/14, 00:52:48.698,39.898,-72.994,10.15,229.5,230.74,10.33,10.0,10.0,1008.0,1008.3,0.0,0.0,85.09,78.49,46,41,13.4,15.6,67.4,67.5,9.9,11.7,295.6,285.7,1010.1,1010.4,-6.33,294.88,-0.02,31.2488,7.5332,286.7,48.6,1476.12, NAN, NAN, NAN, NAN,,2024/04/14 00:52:48.698,2024-04-14 00:52:48.698000+00:00
2024/04/14, 00:53:48.698,39.896,-72.997,10.34,230.36,228.01,9.81,10.0,10.0,1007.9,1008.2,0.0,0.0,85.09,78.49,47,42,14.0,15.7,67.1,67.0,11.3,12.5,296.8,288.3,1010.0,1010.3,-6.41,294.57,-0.01,31.2479,7.5309,292.8,48.7,1476.11, NAN, NAN, NAN, NAN,,2024/04/14 00:53:48.698,2024-04-14 00:53:48.698000+00:00
2024/04/14, 00:54:48.698,39.895,-73.0,10.2,233.15,232.23,9.99,10.0,10.0,1008.3,1008.1,0.0,0.0,85.09,78.49,46,40,14.0,15.8,66.9,67.0,11.0,12.3,298.6,288.6,1010.4,1010.2,-6.35,294.23,-0.01,31.2469,7.5288,284.9,48.8,1476.101, NAN, NAN, NAN, NAN,,2024/04/14 00:54:48.698,2024-04-14 00:54:48.698000+00:00
2024/04/14, 00:55:48.698,39.893,-73.003,10.08,230.9,234.08,9.55,10.0,10.0,1008.3,1008.5,0.0,0.0,85.09,78.49,46,40,14.4,16.1,66.9,66.4,11.2,12.5,293.9,284.3,1010.4,1010.6,-6.32,294.19,-0.01,31.244,7.5261,285.4,48.6,1476.087, NAN, NAN, NAN, NAN,,2024/04/14 00:55:48.698,2024-04-14 00:55:48.698000+00:00
2024/04/14, 00:56:48.698,39.891,-73.005,10.03,228.41,230.22,9.97,10.0,10.1,1008.3,1008.1,0.0,0.0,85.09,78.49,46,42,14.1,15.7,66.5,66.5,10.9,12.1,293.0,285.8,1010.4,1010.2,-6.29,294.1,-0.01,31.2428,7.5228,288.1,48.6,1476.073, NAN, NAN, NAN, NAN,,2024/04/14 00:56:48.698,2024-04-14 00:56:48.698000+00:00
2024/04/14, 00:57:48.698,39.89,-73.008,10.28,229.77,229.35,10.35,10.0,10.0,1008.3,1008.3,0.0,0.0,85.09,78.49,45,41,14.2,15.9,66.5,66.5,10.9,12.2,293.9,286.4,1010.4,1010.4,-6.29,294.22,-0.02,31.2401,7.5206,290.0,48.8,1476.061, NAN, NAN, NAN, NAN,,2024/04/14 00:57:48.698,2024-04-14 00:57:48.698000+00:00
2024/04/14, 00:58:48.698,39.888,-73.011,10.27,228.93,233.09,10.06,10.0,10.0,1008.1,1008.5,0.0,0.0,85.09,78.49,46,40,14.3,16.1,66.6,66.6,11.0,12.3,293.3,283.3,1010.2,1010.6,-6.32,294.17,-0.02,31.2368,7.5196,278.4,48.6,1476.053, NAN, NAN, NAN, NAN,,2024/04/14 00:58:48.698,2024-04-14 00:58:48.698000+00:00
2024/04/14, 00:59:48.698,39.886,-73.014,10.09,230.34,234.49,9.81,10.0,10.0,1008.1,1008.4,0.0,0.0,85.09,78.49,46,41,14.5,16.0,66.6,66.6,11.5,12.5,294.3,286.2,1010.2,1010.5,-6.32,293.95,-0.01,31.2355,7.5188,278.7,48.4,1476.048, NAN, NAN, NAN, NAN,,2024/04/14 00:59:48.698,2024-04-14 00:59:48.698000+00:00
2024/04/14, 01:00:48.699,39.885,-73.017,10.22,231.16,235.3,10.03,10.0,10.0,1008.2,1008.4,0.0,0.0,85.09,78.49,45,41,14.7,17.1,65.8,65.8,11.5,13.6,294.2,286.3,1010.3,1010.5,-6.27,294.07,-0.02,31.2294,7.5166,272.9,48.5,1476.032, NAN, NAN, NAN, NAN,,2024/04/14 01:00:48.699,2024-04-14 01:00:48.699000+00:00
2024/04/14, 01:01:48.699,39.883,-73.02,10.07,230.53,232.5,9.72,10.1,10.1,1008.1,1008.6,0.0,0.0,85.09,78.49,46,42,14.1,16.3,65.0,65.0,11.1,12.9,295.0,287.2,1010.2,1010.7,-6.3,293.47,-0.02,31.2271,7.5114,281.6,48.6,1476.009, NAN, NAN, NAN, NAN,,2024/04/14 01:01:48.699,2024-04-14 01:01:48.699000+00:00
2024/04/14, 01:02:48.699,39.881,-73.023,10.31,227.04,234.48,10.19,10.1,10.1,1008.5,1008.4,0.0,0.0,85.09,78.49,49,45,14.1,16.4,64.7,64.7,10.9,12.8,295.2,287.0,1010.6,1010.5,-6.21,293.09,-0.02,31.2217,7.5016,279.3,48.8,1475.965, NAN, NAN, NAN, NAN,,2024/04/14 01:02:48.699,2024-04-14 01:02:48.699000+00:00
2024/04/14, 01:03:48.699,39.879,-73.026,10.06,226.53,232.49,10.02,10.1,10.2,1008.2,1008.3,0.0,0.0,85.09,78.49,53,48,15.2,17.1,64.2,64.1,12.2,13.7,297.3,289.0,1010.3,1010.4,-6.22,293.29,-0.02,31.2202,7.4911,278.7,48.4,1475.922, NAN, NAN, NAN, NAN,,2024/04/14 01:03:48.699,2024-04-14 01:03:48.699000+00:00
2024/04/14, 01:04:48.699,39.878,-73.028,10.21,224.91,219.07,10.15,10.2,10.2,1008.1,1008.3,0.0,0.0,85.09,78.49,52,49,16.6,17.5,62.7,62.8,14.2,14.9,294.3,289.9,1010.2,1010.4,-6.29,293.84,-0.02,31.2174,7.4802,279.6,48.6,1475.877, NAN, NAN, NAN, NAN,,2024/04/14 01:04:48.699,2024-04-14 01:04:48.699000+00:00
2024/04/14, 01:05:48.699,39.876,-73.031,10.24,224.41,224.25,9.81,10.3,10.3,1007.9,1008.4,0.0,0.0,85.09,78.49,57,54,15.6,16.7,60.5,60.8,13.3,14.1,299.3,294.5,1010.0,1010.5,-6.25,293.65,-0.01,31.2105,7.4676,274.5,48.7,1475.819, NAN, NAN, NAN, NAN,,2024/04/14 01:05:48.699,2024-04-14 01:05:48.699000+00:00
2024/04/14, 01:06:48.699,39.874,-73.033,10.26,222.31,232.17,9.87,10.5,10.5,1007.9,1008.4,0.0,0.0,85.09,78.49,60,57,16.2,17.1,58.4,58.6,13.9,14.5,299.7,295.2,1010.0,1010.5,-6.14,293.63,-0.01,31.2095,7.4504,277.9,48.4,1475.752, NAN, NAN, NAN, NAN,,2024/04/14 01:06:48.699,2024-04-14 01:06:48.699000+00:00
2024/04/14, 01:07:48.699,39.872,-73.036,10.27,223.31,229.32,9.87,10.6,10.6,1008.5,1008.4,0.0,0.0,85.09,78.49,62,58,15.5,17.0,57.2,57.3,13.6,14.7,303.9,297.7,1010.6,1010.5,-5.95,293.37,-0.02,31.2066,7.4322,269.2,48.6,1475.678, NAN, NAN, NAN, NAN,,2024/04/14 01:07:48.699,2024-04-14 01:07:48.699000+00:00
2024/04/14, 01:08:48.699,39.87,-73.039,10.16,223.77,225.24,9.43,10.7,10.7,1008.6,1008.5,0.0,0.0,85.09,78.49,61,57,16.1,17.2,57.5,57.5,14.3,15.0,301.8,296.2,1010.7,1010.6,-6.04,292.74,-0.02,31.2013,7.4118,272.6,48.5,1475.592, NAN, NAN, NAN, NAN,,2024/04/14 01:08:48.699,2024-04-14 01:08:48.699000+00:00
2024/04/14, 01:09:48.699,39.868,-73.041,10.07,218.98,219.12,9.63,10.6,10.7,1008.4,1008.1,0.0,0.0,85.09,78.49,63,60,15.4,17.5,57.0,57.1,13.7,15.5,300.4,294.8,1010.5,1010.2,-6.05,292.94,-0.02,31.196,7.383,270.5,48.4,1475.474, NAN, NAN, NAN, NAN,,2024/04/14 01:09:48.699,2024-04-14 01:09:48.699000+00:00
2024/04/14, 01:10:48.699,39.866,-73.043,9.98,221.76,228.74,9.38,10.6,10.7,1008.6,1008.6,0.0,0.0,85.09,78.49,66,61,15.0,16.4,57.5,57.3,13.5,14.4,306.3,299.2,1010.7,1010.7,-6.04,292.52,-0.02,31.1904,7.3472,267.8,48.5,1475.328, NAN, NAN, NAN, NAN,,2024/04/14 01:10:48.699,2024-04-14 01:10:48.699000+00:00
2024/04/14, 01:11:48.699,39.864,-73.046,9.96,213.99,218.45,9.92,10.6,10.7,1008.4,1008.5,0.0,0.0,85.09,78.49,64,61,16.0,16.1,57.8,57.6,14.1,13.9,296.1,292.7,1010.5,1010.6,-6.09,292.69,-0.01,31.1812,7.3137,263.2,48.4,1475.187, NAN, NAN, NAN, NAN,,2024/04/14 01:11:48.699,2024-04-14 01:11:48.699000+00:00
2024/04/14, 01:12:48.699,39.862,-73.048,10.04,215.53,218.14,9.88,10.6,10.7,1008.7,1008.7,0.0,0.0,85.09,78.49,67,66,15.0,15.9,57.9,57.0,13.8,14.6,302.3,300.1,1010.8,1010.8,-6.13,292.73,-0.02,31.1734,7.2716,264.4,48.5,1475.014, NAN, NAN, NAN, NAN,,2024/04/14 01:12:48.699,2024-04-14 01:12:48.699000+00:00
2024/04/14, 01:13:48.699,39.86,-73.05,10.2,213.28,213.54,9.72,10.6,10.7,1008.8,1008.7,0.0,0.0,85.09,78.49,68,65,14.9,14.7,57.5,57.0,13.7,13.2,300.8,298.0,1010.9,1010.8,-6.16,292.23,-0.02,31.1689,7.2466,267.5,48.5,1474.911, NAN, NAN, NAN, NAN,,2024/04/14 01:13:48.699,2024-04-14 01:13:48.699000+00:00
2024/04/14, 01:14:48.699,39.858,-73.052,10.34,213.42,212.45,9.84,10.6,10.6,1008.6,1008.9,0.0,0.0,85.09,78.49,69,66,14.3,15.0,57.7,57.6,13.4,13.7,303.1,299.1,1010.7,1011.0,-6.2,292.23,-0.02,31.1665,7.2293,269.6,48.6,1474.841, NAN, NAN, NAN, NAN,,2024/04/14 01:14:48.699,2024-04-14 01:14:48.699000+00:00
2024/04/14, 01:15:48.699,39.855,-73.054,10.36,210.5,210.65,10.18,10.6,10.6,1008.6,1008.8,0.0,0.0,85.09,78.49,68,68,13.7,14.4,57.8,57.9,12.6,13.3,301.0,299.8,1010.7,1010.9,-6.25,292.15,-0.02,31.1691,7.2243,272.9,48.5,1474.825, NAN, NAN, NAN, NAN,,2024/04/14 01:15:48.699,2024-04-14 01:15:48.699000+00:00
2024/04/14, 01:16:48.700,39.853,-73.056,10.34,214.38,213.12,10.01,10.6,10.6,1009.1,1008.6,0.0,0.0,85.09,78.49,66,62,14.2,14.9,58.0,58.1,12.9,13.2,301.6,296.3,1011.2,1010.7,-6.24,291.82,-0.02,31.1742,7.2225,271.5,48.3,1474.824, NAN, NAN, NAN, NAN,,2024/04/14 01:16:48.700,2024-04-14 01:16:48.700000+00:00
2024/04/14, 01:17:48.700,39.851,-73.058,10.17,214.77,218.72,10.0,10.5,10.6,1008.9,1008.6,0.0,0.0,85.09,78.49,66,60,13.6,14.7,59.2,59.1,12.3,12.8,302.9,294.8,1011.0,1010.7,-6.29,291.51,-0.01,31.1797,7.2821,261.4,48.3,1475.062, NAN, NAN, NAN, NAN,,2024/04/14 01:17:48.700,2024-04-14 01:17:48.700000+00:00
2024/04/14, 01:18:48.700,39.849,-73.06,10.26,214.27,215.07,10.21,10.5,10.5,1008.5,1008.9,0.0,0.0,85.09,78.49,64,62,13.6,14.5,59.9,59.7,12.2,12.9,300.9,297.3,1010.6,1011.0,-6.32,291.68,-0.02,31.197,7.382,268.1,48.7,1475.471, NAN, NAN, NAN, NAN,,2024/04/14 01:18:48.700,2024-04-14 01:18:48.700000+00:00
2024/04/14, 01:19:48.700,39.846,-73.063,10.06,216.38,216.17,9.86,10.4,10.5,1008.7,1009.0,0.0,0.0,85.09,78.49,63,61,14.1,14.4,60.2,60.1,12.5,12.6,300.2,297.6,1010.8,1011.1,-6.33,291.75,-0.02,31.2266,7.4207,265.1,48.5,1475.658, NAN, NAN, NAN, NAN,,2024/04/14 01:19:48.700,2024-04-14 01:19:48.700000+00:00
2024/04/14, 01:20:48.700,39.844,-73.065,10.2,214.41,216.02,10.2,10.4,10.4,1008.8,1008.8,0.0,0.0,85.09,78.49,65,61,13.6,14.6,59.9,59.9,11.9,12.5,301.9,295.9,1010.9,1010.9,-6.24,291.53,-0.02,31.3338,7.4379,303.2,48.5,1475.858, NAN, NAN, NAN, NAN,,2024/04/14 01:20:48.700,2024-04-14 01:20:48.700000+00:00
2024/04/14, 01:21:48.700,39.842,-73.067,10.27,215.57,215.26,10.05,10.4,10.4,1008.8,1008.8,0.0,0.0,85.09,78.49,64,59,13.5,14.8,60.3,60.2,12.2,12.9,302.0,294.6,1010.9,1010.9,-6.23,291.43,-0.02,31.3837,7.4411,301.1,48.6,1475.932, NAN, NAN, NAN, NAN,,2024/04/14 01:21:48.700,2024-04-14 01:21:48.700000+00:00
2024/04/14, 01:22:48.700,39.84,-73.069,10.29,216.15,216.58,10.14,10.4,10.4,1009.0,1008.6,0.0,0.0,85.09,78.49,64,60,13.7,14.4,61.0,60.9,12.2,12.5,302.4,297.0,1011.1,1010.7,-6.28,291.28,-0.02,31.4042,7.4374,307.8,48.7,1475.944, NAN, NAN, NAN, NAN,,2024/04/14 01:22:48.700,2024-04-14 01:22:48.700000+00:00
2024/04/14, 01:23:48.700,39.837,-73.071,10.24,216.91,218.83,9.81,10.3,10.4,1008.7,1009.0,0.0,0.0,85.09,78.49,59,56,13.6,15.6,61.0,61.0,11.8,13.5,297.4,291.1,1010.8,1011.1,-6.3,291.41,-0.02,31.4088,7.4415,308.0,48.5,1475.965, NAN, NAN, NAN, NAN,,2024/04/14 01:23:48.700,2024-04-14 01:23:48.700000+00:00
2024/04/14, 01:24:48.700,39.835,-73.074,10.15,215.74,213.18,9.87,10.3,10.4,1009.0,1009.0,0.0,0.0,85.09,78.49,62,58,13.4,14.7,61.0,60.9,11.9,12.8,299.9,293.5,1011.1,1011.1,-6.35,291.58,-0.02,31.4036,7.4494,310.5,48.4,1475.989, NAN, NAN, NAN, NAN,,2024/04/14 01:24:48.700,2024-04-14 01:24:48.700000+00:00
2024/04/14, 01:25:48.700,39.833,-73.076,10.03,214.16,218.93,9.91,10.3,10.4,1009.0,1009.0,0.0,0.0,85.09,78.49,63,57,14.2,15.3,60.7,60.7,12.3,12.8,297.7,289.4,1011.1,1011.1,-6.23,291.88,-0.02,31.4007,7.4583,321.4,48.8,1476.02, NAN, NAN, NAN, NAN,,2024/04/14 01:25:48.700,2024-04-14 01:25:48.700000+00:00
2024/04/14, 01:26:48.700,39.831,-73.078,10.02,216.31,208.82,9.5,10.4,10.4,1008.8,1009.3,0.0,0.0,85.09,78.49,62,58,13.7,14.9,60.4,60.4,12.4,13.2,299.1,293.1,1010.9,1011.4,-6.3,291.66,-0.02,31.3945,7.4642,320.9,48.7,1476.035, NAN, NAN, NAN, NAN,,2024/04/14 01:26:48.700,2024-04-14 01:26:48.700000+00:00
2024/04/14, 01:27:48.700,39.829,-73.08,10.08,214.94,214.89,10.15,10.4,10.4,1009.1,1009.0,0.0,0.0,85.09,78.49,62,59,14.0,14.9,60.8,60.6,12.3,12.9,298.6,293.9,1011.2,1011.1,-6.25,291.86,-0.02,31.3865,7.4664,317.2,48.7,1476.034, NAN, NAN, NAN, NAN,,2024/04/14 01:27:48.700,2024-04-14 01:27:48.700000+00:00
2024/04/14, 01:28:48.700,39.826,-73.082,10.24,216.35,223.52,9.82,10.4,10.4,1009.0,1009.0,0.0,0.0,85.09,78.49,65,62,13.2,14.5,60.1,60.1,11.8,12.7,303.7,298.4,1011.1,1011.1,-6.32,291.72,-0.02,31.3798,7.4624,314.5,48.7,1476.01, NAN, NAN, NAN, NAN,,2024/04/14 01:28:48.700,2024-04-14 01:28:48.700000+00:00
2024/04/14, 01:29:48.700,39.824,-73.084,10.01,214.31,220.08,9.99,10.4,10.4,1009.1,1009.0,0.0,0.0,85.09,78.49,63,61,13.7,13.7,60.1,60.1,12.0,11.8,299.1,296.9,1011.2,1011.1,-6.2,291.33,-0.02,31.3724,7.4587,312.9,48.6,1475.986, NAN, NAN, NAN, NAN,,2024/04/14 01:29:48.700,2024-04-14 01:29:48.700000+00:00
2024/04/14, 01:30:48.700,39.822,-73.086,10.09,216.49,216.74,9.91,10.4,10.4,1008.6,1009.3,0.0,0.0,85.09,78.49,62,58,14.5,15.4,59.9,60.2,13.0,13.5,298.9,293.3,1010.7,1011.4,-6.17,291.4,-0.02,31.3663,7.4603,309.6,48.5,1475.985, NAN, NAN, NAN, NAN,,2024/04/14 01:30:48.700,2024-04-14 01:30:48.700000+00:00
2024/04/14, 01:31:48.700,39.82,-73.088,10.32,215.37,223.38,10.2,10.4,10.4,1009.3,1009.0,0.0,0.0,85.09,78.49,64,57,13.5,15.0,60.1,60.1,11.7,12.4,301.9,291.7,1011.4,1011.1,-6.21,291.71,-0.01,31.3592,7.4654,290.4,48.5,1475.996, NAN, NAN, NAN, NAN,,2024/04/14 01:31:48.700,2024-04-14 01:31:48.700000+00:00
2024/04/14, 01:32:48.701,39.818,-73.091,10.27,215.39,217.82,10.09,10.4,10.4,1009.0,1009.0,0.0,0.0,85.09,78.49,63,58,14.6,15.6,60.2,60.2,13.1,13.6,299.1,292.3,1011.1,1011.1,-6.27,292.22,-0.01,31.3595,7.4685,287.6,48.6,1476.008, NAN, NAN, NAN, NAN,,2024/04/14 01:32:48.701,2024-04-14 01:32:48.701000+00:00
2024/04/14, 01:33:48.701,39.815,-73.093,10.22,216.75,222.95,9.97,10.4,10.5,1009.1,1009.1,0.0,0.0,85.09,78.49,62,56,14.2,14.8,60.1,59.3,12.4,12.5,299.6,292.1,1011.2,1011.2,-6.18,291.62,-0.01,31.3581,7.4646,276.9,48.7,1475.991, NAN, NAN, NAN, NAN,,2024/04/14 01:33:48.701,2024-04-14 01:33:48.701000+00:00
2024/04/14, 01:34:48.701,39.813,-73.095,10.26,214.84,217.67,10.35,10.5,10.5,1008.8,1009.2,0.0,0.0,85.09,78.49,61,56,13.8,15.0,59.5,59.4,11.9,12.6,298.2,290.7,1010.9,1011.3,-6.24,291.32,-0.02,31.3561,7.4594,270.2,48.8,1475.969, NAN, NAN, NAN, NAN,,2024/04/14 01:34:48.701,2024-04-14 01:34:48.701000+00:00
2024/04/14, 01:35:48.701,39.811,-73.097,10.16,216.11,218.79,9.33,10.5,10.5,1009.3,1009.3,0.0,0.0,85.09,78.49,65,59,14.0,14.3,60.7,60.6,12.6,12.4,301.0,294.2,1011.4,1011.4,-6.27,291.06,-0.01,31.3524,7.4576,265.9,48.8,1475.957, NAN, NAN, NAN, NAN,,2024/04/14 01:35:48.701,2024-04-14 01:35:48.701000+00:00
2024/04/14, 01:36:48.701,39.809,-73.099,10.05,215.19,217.09,10.21,10.4,10.4,1009.0,1009.3,0.0,0.0,85.09,78.49,66,58,13.8,13.8,61.3,61.1,12.3,11.6,303.5,294.9,1011.1,1011.4,-6.33,291.0,-0.02,31.3464,7.4561,261.4,48.7,1475.944, NAN, NAN, NAN, NAN,,2024/04/14 01:36:48.701,2024-04-14 01:36:48.701000+00:00
2024/04/14, 01:37:48.701,39.807,-73.101,10.22,216.7,215.49,10.02,10.4,10.4,1009.3,1009.3,0.0,0.0,85.09,78.49,63,58,13.3,14.1,61.0,60.9,11.8,12.1,302.4,295.6,1011.4,1011.4,-6.32,290.74,-0.01,31.3465,7.4571,246.7,48.9,1475.948, NAN, NAN, NAN, NAN,,2024/04/14 01:37:48.701,2024-04-14 01:37:48.701000+00:00
2024/04/14, 01:38:48.701,39.804,-73.104,10.33,217.56,211.64,9.76,10.4,10.4,1009.3,1009.1,0.0,0.0,85.09,78.49,59,55,13.6,14.3,60.6,60.7,12.0,12.3,298.0,292.5,1011.4,1011.2,-6.25,290.74,-0.02,31.3441,7.4588,249.1,49.0,1475.951, NAN, NAN, NAN, NAN,,2024/04/14 01:38:48.701,2024-04-14 01:38:48.701000+00:00
2024/04/14, 01:39:48.701,39.802,-73.106,10.24,218.01,212.91,9.81,10.4,10.4,1009.0,1009.3,0.0,0.0,85.09,78.49,61,57,13.4,14.5,60.6,60.7,12.0,12.7,301.0,295.0,1011.1,1011.4,-6.31,291.02,-0.01,31.3442,7.4581,244.9,49.1,1475.949, NAN, NAN, NAN, NAN,,2024/04/14 01:39:48.701,2024-04-14 01:39:48.701000+00:00
2024/04/14, 01:40:48.701,39.8,-73.108,10.26,217.57,218.46,9.86,10.4,10.4,1009.1,1009.1,0.0,0.0,85.09,78.49,61,56,13.8,14.6,60.5,60.5,12.0,12.4,299.8,293.1,1011.2,1011.2,-6.4,290.99,-0.02,31.3424,7.4427,239.6,48.9,1475.887, NAN, NAN, NAN, NAN,,2024/04/14 01:40:48.701,2024-04-14 01:40:48.701000+00:00
2024/04/14, 01:41:48.701,39.798,-73.11,10.26,217.62,217.16,9.77,10.4,10.4,1009.3,1009.3,0.0,0.0,85.09,78.49,61,59,13.6,14.6,60.6,60.4,12.1,12.9,300.2,296.5,1011.4,1011.4,-6.34,291.06,-0.02,31.3418,7.4342,240.0,48.9,1475.854, NAN, NAN, NAN, NAN,,2024/04/14 01:41:48.701,2024-04-14 01:41:48.701000+00:00
2024/04/14, 01:42:48.701,39.796,-73.113,10.35,217.32,217.39,10.06,10.4,10.4,1009.1,1009.3,0.0,0.0,85.09,78.49,62,58,13.4,14.9,60.5,60.5,11.6,12.7,301.8,294.9,1011.2,1011.4,-6.23,291.23,-0.01,31.3402,7.4453,240.6,48.9,1475.894, NAN, NAN, NAN, NAN,,2024/04/14 01:42:48.701,2024-04-14 01:42:48.701000+00:00
2024/04/14, 01:43:48.701,39.794,-73.115,10.17,216.74,218.78,10.09,10.4,10.5,1009.3,1009.5,0.0,0.0,85.09,78.49,62,57,13.2,14.0,60.2,60.2,11.3,11.6,301.5,294.5,1011.4,1011.6,-6.26,290.97,-0.01,31.3406,7.4642,241.2,49.0,1475.968, NAN, NAN, NAN, NAN,,2024/04/14 01:43:48.701,2024-04-14 01:43:48.701000+00:00
2024/04/14, 01:44:48.701,39.792,-73.117,10.45,216.47,218.07,10.21,10.5,10.5,1009.3,1009.5,0.0,0.0,85.09,78.49,62,58,12.9,14.0,60.3,60.3,11.3,11.9,302.3,296.0,1011.4,1011.6,-6.27,290.42,-0.01,31.3457,7.4822,251.6,48.9,1476.044, NAN, NAN, NAN, NAN,,2024/04/14 01:44:48.701,2024-04-14 01:44:48.701000+00:00
2024/04/14, 01:45:48.701,39.789,-73.119,10.52,218.65,219.58,9.68,10.4,10.4,1009.4,1009.4,0.0,0.0,85.09,78.49,62,58,14.2,15.0,59.9,60.1,12.6,13.0,300.9,295.4,1011.5,1011.5,-6.26,291.44,-0.01,31.3497,7.5004,259.2,48.8,1476.119, NAN, NAN, NAN, NAN,,2024/04/14 01:45:48.701,2024-04-14 01:45:48.701000+00:00
2024/04/14, 01:46:48.701,39.787,-73.122,10.33,216.45,214.92,10.28,10.5,10.5,1009.5,1009.1,0.0,0.0,85.09,78.49,63,60,14.2,15.3,59.5,59.5,12.6,13.4,301.2,296.3,1011.6,1011.2,-6.23,291.1,-0.01,31.3536,7.5137,269.6,48.8,1476.175, NAN, NAN, NAN, NAN,,2024/04/14 01:46:48.701,2024-04-14 01:46:48.701000+00:00
2024/04/14, 01:47:48.702,39.785,-73.124,10.39,215.08,217.44,9.64,10.5,10.5,1009.4,1009.5,0.0,0.0,85.09,78.49,63,60,13.3,14.3,59.2,59.5,11.8,12.4,299.8,294.9,1011.5,1011.6,-6.2,290.98,-0.02,31.3588,7.5414,279.0,48.7,1476.289, NAN, NAN, NAN, NAN,,2024/04/14 01:47:48.702,2024-04-14 01:47:48.702000+00:00
2024/04/14, 01:48:48.702,39.783,-73.126,10.01,213.43,211.1,9.59,10.5,10.5,1009.1,1009.5,0.0,0.0,85.09,78.49,64,61,13.4,14.4,59.7,59.7,12.1,12.8,299.0,294.2,1011.2,1011.6,-6.23,290.81,-0.01,31.363,7.5903,284.9,48.9,1476.482, NAN, NAN, NAN, NAN,,2024/04/14 01:48:48.702,2024-04-14 01:48:48.702000+00:00
2024/04/14, 01:49:48.702,39.781,-73.128,10.36,212.43,210.98,10.45,10.5,10.6,1009.3,1009.5,0.0,0.0,85.09,78.49,66,62,12.8,13.6,59.6,59.4,11.5,11.9,303.2,297.5,1011.4,1011.6,-6.25,290.7,-0.01,31.3702,7.637,294.7,48.9,1476.671, NAN, NAN, NAN, NAN,,2024/04/14 01:49:48.702,2024-04-14 01:49:48.702000+00:00
2024/04/14, 01:50:48.702,39.778,-73.13,10.36,212.1,213.28,10.32,10.5,10.6,1009.5,1009.6,0.0,0.0,85.09,78.49,67,61,12.6,13.4,59.6,59.5,11.4,11.5,304.0,296.1,1011.6,1011.7,-6.22,290.83,-0.01,31.3813,7.6797,306.5,49.0,1476.849, NAN, NAN, NAN, NAN,,2024/04/14 01:50:48.702,2024-04-14 01:50:48.702000+00:00
2024/04/14, 01:51:48.702,39.776,-73.132,10.39,212.21,211.41,10.25,10.5,10.6,1009.1,1009.7,0.0,0.0,85.09,78.49,64,59,12.4,13.7,59.6,59.6,11.3,12.0,301.4,293.7,1011.2,1011.8,-6.19,290.52,-0.01,31.3953,7.6932,317.9,48.9,1476.918, NAN, NAN, NAN, NAN,,2024/04/14 01:51:48.702,2024-04-14 01:51:48.702000+00:00
2024/04/14, 01:52:48.702,39.774,-73.134,10.41,211.91,215.5,10.15,10.5,10.6,1009.4,1009.4,0.0,0.0,85.09,78.49,64,59,12.3,13.1,59.9,59.8,10.8,11.1,301.0,294.0,1011.5,1011.5,-6.28,290.7,-0.01,31.4104,7.6924,337.6,49.1,1476.934, NAN, NAN, NAN, NAN,,2024/04/14 01:52:48.702,2024-04-14 01:52:48.702000+00:00
2024/04/14, 01:53:48.702,39.771,-73.136,10.35,213.71,215.27,10.0,10.5,10.5,1009.6,1009.6,0.0,0.0,85.09,78.49,64,59,12.2,13.4,60.7,60.6,10.7,11.3,302.6,294.7,1011.7,1011.7,-6.33,290.73,-0.01,31.4215,7.686,344.3,49.1,1476.923, NAN, NAN, NAN, NAN,,2024/04/14 01:53:48.702,2024-04-14 01:53:48.702000+00:00
2024/04/14, 01:54:48.702,39.769,-73.138,10.45,214.39,210.37,10.19,10.5,10.5,1009.6,1009.5,0.0,0.0,85.09,78.49,63,59,12.6,13.5,60.9,60.8,11.2,11.7,301.9,295.9,1011.7,1011.6,-6.36,291.03,-0.01,31.4277,7.6797,350.5,49.3,1476.906, NAN, NAN, NAN, NAN,,2024/04/14 01:54:48.702,2024-04-14 01:54:48.702000+00:00
2024/04/14, 01:55:48.702,39.767,-73.14,10.42,212.07,219.63,10.29,10.5,10.5,1009.6,1009.6,0.0,0.0,85.09,78.49,67,62,12.3,12.8,60.2,60.1,10.9,10.9,304.5,298.2,1011.7,1011.7,-6.36,291.1,-0.02,31.4288,7.6734,349.9,49.1,1476.884, NAN, NAN, NAN, NAN,,2024/04/14 01:55:48.702,2024-04-14 01:55:48.702000+00:00
2024/04/14, 01:56:48.702,39.764,-73.143,10.57,213.65,216.52,10.22,10.5,10.5,1009.7,1009.6,0.0,0.0,85.09,78.49,64,61,12.0,12.1,60.2,60.0,10.7,10.5,303.6,300.3,1011.8,1011.7,-6.34,290.58,-0.01,31.4276,7.6706,352.9,49.2,1476.871, NAN, NAN, NAN, NAN,,2024/04/14 01:56:48.702,2024-04-14 01:56:48.702000+00:00
2024/04/14, 01:57:48.702,39.762,-73.145,10.41,214.26,206.63,9.95,10.5,10.5,1009.4,1009.7,0.0,0.0,85.09,78.49,66,61,12.3,12.8,60.7,60.6,11.4,11.4,304.8,298.8,1011.5,1011.8,-6.22,290.6,-0.02,31.427,7.6688,356.9,49.2,1476.864, NAN, NAN, NAN, NAN,,2024/04/14 01:57:48.702,2024-04-14 01:57:48.702000+00:00
2024/04/14, 01:58:48.702,39.76,-73.147,10.45,211.92,214.01,10.16,10.4,10.5,1009.6,1009.6,0.0,0.0,85.09,78.49,63,58,11.9,13.2,60.8,60.8,10.5,11.2,300.9,292.8,1011.7,1011.7,-6.3,290.56,-0.02,31.4269,7.6689,362.0,49.2,1476.864, NAN, NAN, NAN, NAN,,2024/04/14 01:58:48.702,2024-04-14 01:58:48.702000+00:00
2024/04/14, 01:59:48.702,39.757,-73.149,10.63,213.29,219.77,9.95,10.4,10.5,1009.5,1009.7,0.0,0.0,85.09,78.49,61,57,11.9,13.0,60.9,60.8,10.3,11.0,299.6,292.9,1011.6,1011.8,-6.36,290.55,-0.01,31.4298,7.6737,364.8,49.3,1476.886, NAN, NAN, NAN, NAN,,2024/04/14 01:59:48.702,2024-04-14 01:59:48.702000+00:00
2024/04/14, 02:00:48.702,39.755,-73.151,10.71,212.44,215.38,10.03,10.4,10.4,1009.6,1009.7,0.0,0.0,85.09,78.49,63,59,11.9,12.9,61.7,61.5,10.3,10.9,301.0,294.6,1011.7,1011.8,-6.38,290.77,-0.01,31.4304,7.6792,364.4,49.1,1476.908, NAN, NAN, NAN, NAN,,2024/04/14 02:00:48.702,2024-04-14 02:00:48.702000+00:00
2024/04/14, 02:01:48.702,39.753,-73.153,10.41,214.15,220.15,10.08,10.4,10.4,1009.6,1009.7,0.0,0.0,85.09,78.49,63,56,10.9,12.5,61.8,61.8,9.4,10.2,305.5,293.9,1011.7,1011.8,-6.38,290.08,-0.01,31.4343,7.6865,365.7,48.9,1476.941, NAN, NAN, NAN, NAN,,2024/04/14 02:01:48.702,2024-04-14 02:01:48.702000+00:00
2024/04/14, 02:02:48.703,39.75,-73.155,10.08,213.45,205.13,9.39,10.3,10.4,1009.9,1009.7,0.0,0.0,85.09,78.49,61,56,11.0,12.6,62.6,62.6,9.7,10.8,300.5,291.6,1012.0,1011.8,-6.49,290.07,-0.02,31.4387,7.692,366.0,48.9,1476.967, NAN, NAN, NAN, NAN,,2024/04/14 02:02:48.703,2024-04-14 02:02:48.703000+00:00
2024/04/14, 02:03:48.703,39.748,-73.157,10.14,211.25,216.86,9.94,10.3,10.3,1009.6,1009.8,0.0,0.0,85.09,78.49,62,56,10.9,12.3,63.2,63.2,9.3,10.0,301.1,291.0,1011.7,1011.9,-6.41,290.19,-0.01,31.4424,7.6917,365.4,49.2,1476.971, NAN, NAN, NAN, NAN,,2024/04/14 02:03:48.703,2024-04-14 02:03:48.703000+00:00
2024/04/14, 02:04:48.703,39.746,-73.159,10.35,212.2,211.88,10.16,10.2,10.3,1009.4,1009.8,0.0,0.0,85.09,78.49,61,55,11.0,12.5,63.3,63.4,9.6,10.4,301.5,291.4,1011.5,1011.9,-6.59,290.11,-0.02,31.4479,7.6884,366.7,49.3,1476.965, NAN, NAN, NAN, NAN,,2024/04/14 02:04:48.703,2024-04-14 02:04:48.703000+00:00
2024/04/14, 02:05:48.703,39.744,-73.161,10.63,213.63,213.86,10.25,10.2,10.3,1009.7,1009.7,0.0,0.0,85.09,78.49,61,57,10.9,12.5,63.0,63.1,9.6,10.7,303.5,295.4,1011.8,1011.8,-6.47,290.6,-0.02,31.4528,7.6865,363.3,49.4,1476.964, NAN, NAN, NAN, NAN,,2024/04/14 02:05:48.703,2024-04-14 02:05:48.703000+00:00
2024/04/14, 02:06:48.703,39.741,-73.163,10.52,212.55,214.02,10.3,10.3,10.3,1009.9,1009.4,0.0,0.0,85.09,78.49,60,55,10.6,11.9,62.8,62.8,9.1,9.8,302.5,293.6,1012.0,1011.5,-6.47,290.39,-0.01,31.4527,7.6809,359.3,49.3,1476.942, NAN, NAN, NAN, NAN,,2024/04/14 02:06:48.703,2024-04-14 02:06:48.703000+00:00
2024/04/14, 02:07:48.703,39.739,-73.165,10.6,212.39,219.98,10.24,10.3,10.3,1009.6,1009.7,0.0,0.0,85.09,78.49,58,55,11.1,12.3,63.5,63.5,9.1,9.9,298.4,291.9,1011.7,1011.8,-6.44,290.22,-0.01,31.4605,7.674,352.0,48.8,1476.925, NAN, NAN, NAN, NAN,,2024/04/14 02:07:48.703,2024-04-14 02:07:48.703000+00:00
2024/04/14, 02:08:48.703,39.737,-73.167,10.55,211.86,211.31,9.68,10.3,10.3,1009.8,1009.6,0.0,0.0,85.09,78.49,58,52,11.1,12.5,63.5,63.8,9.5,10.3,296.4,286.5,1011.9,1011.7,-6.44,290.47,-0.01,31.4621,7.6707,351.3,48.8,1476.915, NAN, NAN, NAN, NAN,,2024/04/14 02:08:48.703,2024-04-14 02:08:48.703000+00:00
2024/04/14, 02:09:48.703,39.734,-73.169,10.3,213.81,214.15,10.01,10.2,10.3,1009.6,1009.8,0.0,0.0,85.09,78.49,57,52,10.9,12.0,63.5,63.6,9.1,9.6,298.8,290.4,1011.7,1011.9,-6.41,290.54,-0.02,31.4641,7.6673,342.2,48.8,1476.904, NAN, NAN, NAN, NAN,,2024/04/14 02:09:48.703,2024-04-14 02:09:48.703000+00:00
2024/04/14, 02:10:48.703,39.732,-73.171,10.4,211.61,215.17,9.9,10.2,10.2,1009.5,1009.9,0.0,0.0,85.09,78.49,58,52,10.5,12.3,64.3,64.3,8.7,9.8,298.4,286.9,1011.6,1012.0,-6.4,290.34,-0.02,31.47,7.6656,335.5,48.6,1476.905, NAN, NAN, NAN, NAN,,2024/04/14 02:10:48.703,2024-04-14 02:10:48.703000+00:00
2024/04/14, 02:11:48.703,39.73,-73.173,10.48,212.64,203.75,9.94,10.2,10.2,1009.7,1009.7,0.0,0.0,85.09,78.49,58,53,10.5,11.9,65.0,64.8,9.4,10.2,299.7,290.9,1011.8,1011.8,-6.52,290.62,-0.02,31.4674,7.6656,329.7,48.8,1476.902, NAN, NAN, NAN, NAN,,2024/04/14 02:11:48.703,2024-04-14 02:11:48.703000+00:00
2024/04/14, 02:12:48.703,39.727,-73.175,10.29,213.69,220.08,10.1,10.1,10.1,1009.5,1009.7,0.0,0.0,85.09,78.49,58,52,10.4,12.1,65.3,65.3,8.4,9.4,301.4,289.8,1011.6,1011.8,-6.5,290.6,-0.02,31.468,7.6646,325.1,49.0,1476.898, NAN, NAN, NAN, NAN,,2024/04/14 02:12:48.703,2024-04-14 02:12:48.703000+00:00
2024/04/14, 02:13:48.703,39.725,-73.177,10.42,216.61,214.7,10.0,10.1,10.1,1009.7,1009.8,0.0,0.0,85.09,78.49,59,53,10.0,11.6,65.7,65.7,8.8,9.6,306.5,295.6,1011.8,1011.9,-6.54,290.43,-0.02,31.4709,7.67,313.2,48.6,1476.923, NAN, NAN, NAN, NAN,,2024/04/14 02:13:48.703,2024-04-14 02:13:48.703000+00:00
2024/04/14, 02:14:48.703,39.723,-73.179,10.5,215.23,221.8,9.42,10.1,10.1,1009.7,1009.8,0.0,0.0,85.09,78.49,57,52,10.1,12.0,65.8,65.6,8.4,9.7,300.7,289.9,1011.8,1011.9,-6.57,290.09,-0.02,31.4757,7.6698,301.1,48.7,1476.928, NAN, NAN, NAN, NAN,,2024/04/14 02:14:48.703,2024-04-14 02:14:48.703000+00:00
2024/04/14, 02:15:48.703,39.721,-73.182,10.38,214.53,216.74,9.99,10.1,10.1,1009.5,1009.9,0.0,0.0,85.09,78.49,55,48,10.1,11.9,66.1,66.0,8.2,9.2,299.9,286.6,1011.6,1012.0,-6.56,290.0,-0.01,31.4778,7.6627,294.8,48.6,1476.903, NAN, NAN, NAN, NAN,,2024/04/14 02:15:48.703,2024-04-14 02:15:48.703000+00:00
2024/04/14, 02:16:48.704,39.718,-73.184,10.11,215.62,215.75,9.12,10.0,10.1,1009.5,1010.0,0.0,0.0,85.09,78.49,55,48,10.0,11.9,66.7,66.6,8.4,9.6,298.5,285.6,1011.6,1012.1,-6.59,289.9,-0.01,31.483,7.655,288.0,49.3,1476.88, NAN, NAN, NAN, NAN,,2024/04/14 02:16:48.704,2024-04-14 02:16:48.704000+00:00
2024/04/14, 02:17:48.704,39.716,-73.186,9.89,216.29,218.56,9.94,10.0,10.0,1009.9,1009.7,0.0,0.0,85.09,78.49,52,45,9.9,11.7,67.3,67.3,7.8,8.8,299.0,285.2,1012.0,1011.8,-6.55,290.15,-0.02,31.4845,7.6572,282.0,49.3,1476.891, NAN, NAN, NAN, NAN,,2024/04/14 02:17:48.704,2024-04-14 02:17:48.704000+00:00
2024/04/14, 02:18:48.704,39.714,-73.188,9.82,219.21,222.41,9.43,9.9,9.9,1009.7,1009.8,0.0,0.0,85.09,78.49,51,44,9.9,12.0,67.7,67.7,7.7,9.0,298.8,284.4,1011.8,1011.9,-6.57,290.23,-0.02,31.4949,7.6638,292.4,49.3,1476.929, NAN, NAN, NAN, NAN,,2024/04/14 02:18:48.704,2024-04-14 02:18:48.704000+00:00
2024/04/14, 02:19:48.704,39.712,-73.19,10.01,216.64,215.62,9.62,9.9,9.9,1009.9,1009.7,0.0,0.0,85.09,78.49,50,44,10.1,12.2,68.1,67.9,7.7,9.1,295.0,281.8,1012.0,1011.8,-6.61,290.39,-0.01,31.5039,7.6705,304.4,49.3,1476.966, NAN, NAN, NAN, NAN,,2024/04/14 02:19:48.704,2024-04-14 02:19:48.704000+00:00
2024/04/14, 02:20:48.704,39.71,-73.192,10.35,218.48,218.82,9.84,9.9,9.9,1009.9,1009.8,0.0,0.0,85.09,78.49,48,42,10.5,12.5,68.5,68.4,7.9,9.3,294.1,281.3,1012.0,1011.9,-6.59,290.68,-0.01,31.5085,7.6763,311.3,49.4,1476.994, NAN, NAN, NAN, NAN,,2024/04/14 02:20:48.704,2024-04-14 02:20:48.704000+00:00
2024/04/14, 02:21:48.704,39.708,-73.195,10.38,218.19,219.73,9.98,9.9,9.9,1009.7,1009.8,0.0,0.0,85.09,78.49,46,41,10.2,11.7,68.5,68.3,7.3,8.3,292.7,281.6,1011.8,1011.9,-6.68,290.19,-0.01,31.5123,7.6787,318.0,49.4,1477.008, NAN, NAN, NAN, NAN,,2024/04/14 02:21:48.704,2024-04-14 02:21:48.704000+00:00
2024/04/14, 02:22:48.704,39.706,-73.197,10.52,218.56,223.15,10.0,9.8,9.9,1009.7,1010.0,0.0,0.0,85.09,78.49,45,41,10.3,12.3,69.0,69.0,7.3,8.8,291.5,280.5,1011.8,1012.1,-6.56,290.19,-0.02,31.5155,7.6771,319.0,49.6,1477.005, NAN, NAN, NAN, NAN,,2024/04/14 02:22:48.704,2024-04-14 02:22:48.704000+00:00
2024/04/14, 02:23:48.704,39.704,-73.199,10.39,218.34,217.21,10.05,9.8,9.8,1009.7,1010.0,0.0,0.0,85.09,78.49,48,42,10.4,12.3,69.0,68.9,8.0,9.2,295.3,282.7,1011.8,1012.1,-6.58,290.51,-0.02,31.5194,7.6721,323.0,49.3,1476.991, NAN, NAN, NAN, NAN,,2024/04/14 02:23:48.704,2024-04-14 02:23:48.704000+00:00
2024/04/14, 02:24:48.704,39.701,-73.202,10.28,217.54,223.41,9.93,9.8,9.9,1010.1,1009.8,0.0,0.0,85.09,78.49,49,43,10.5,12.5,68.7,68.6,7.8,9.1,294.2,281.2,1012.2,1011.9,-6.54,291.08,-0.01,31.5188,7.6677,321.1,49.2,1476.973, NAN, NAN, NAN, NAN,,2024/04/14 02:24:48.704,2024-04-14 02:24:48.704000+00:00
2024/04/14, 02:25:48.704,39.699,-73.204,10.5,218.89,222.31,9.9,9.9,9.9,1009.9,1010.0,0.0,0.0,85.09,78.49,49,45,10.5,12.4,68.0,68.0,8.0,9.4,295.9,285.9,1012.0,1012.1,-6.53,291.16,-0.01,31.5227,7.6669,317.2,49.5,1476.975, NAN, NAN, NAN, NAN,,2024/04/14 02:25:48.704,2024-04-14 02:25:48.704000+00:00
2024/04/14, 02:26:48.704,39.697,-73.206,10.26,218.12,223.07,10.02,10.0,10.0,1009.8,1010.2,0.0,0.0,85.09,78.49,49,43,10.1,12.0,67.1,67.2,7.4,8.6,296.5,283.2,1011.9,1012.3,-6.45,291.11,-0.01,31.5236,7.6695,315.6,49.5,1476.986, NAN, NAN, NAN, NAN,,2024/04/14 02:26:48.704,2024-04-14 02:26:48.704000+00:00
2024/04/14, 02:27:48.704,39.695,-73.209,10.35,216.64,221.05,10.28,10.0,10.0,1009.7,1010.2,0.0,0.0,85.09,78.49,50,43,10.2,12.1,66.8,67.0,7.6,8.7,296.9,282.2,1011.8,1012.3,-6.54,290.85,-0.02,31.5264,7.6746,314.7,49.2,1477.009, NAN, NAN, NAN, NAN,,2024/04/14 02:27:48.704,2024-04-14 02:27:48.704000+00:00
2024/04/14, 02:28:48.704,39.693,-73.211,10.48,217.03,224.0,10.15,10.0,10.1,1010.0,1010.0,0.0,0.0,85.09,78.49,50,44,10.2,12.3,66.4,66.5,7.5,8.9,296.6,282.8,1012.1,1012.1,-6.47,291.32,-0.01,31.5285,7.6807,317.2,49.3,1477.035, NAN, NAN, NAN, NAN,,2024/04/14 02:28:48.704,2024-04-14 02:28:48.704000+00:00
2024/04/14, 02:29:48.704,39.691,-73.213,10.47,217.27,215.01,10.19,10.1,10.1,1009.7,1010.1,0.0,0.0,85.09,78.49,50,45,10.1,11.9,66.0,65.9,7.7,8.9,297.9,286.4,1011.8,1012.2,-6.47,290.92,-0.01,31.5306,7.6873,322.0,49.2,1477.063, NAN, NAN, NAN, NAN,,2024/04/14 02:29:48.704,2024-04-14 02:29:48.704000+00:00
2024/04/14, 02:30:48.704,39.688,-73.215,10.5,217.8,226.82,9.4,10.1,10.1,1009.9,1010.0,0.0,0.0,85.09,78.49,50,44,10.3,11.7,65.9,66.0,7.7,8.5,294.1,282.7,1012.0,1012.1,-6.45,291.32,-0.02,31.5338,7.6927,326.7,49.3,1477.088, NAN, NAN, NAN, NAN,,2024/04/14 02:30:48.704,2024-04-14 02:30:48.704000+00:00
2024/04/14, 02:31:48.705,39.686,-73.218,10.08,216.87,216.7,9.84,10.1,10.1,1009.9,1009.9,0.0,0.0,85.09,78.49,52,45,9.5,11.5,65.9,65.9,7.4,8.5,300.7,285.8,1012.0,1012.0,-6.4,291.08,-0.01,31.5292,7.6984,327.6,49.0,1477.104, NAN, NAN, NAN, NAN,,2024/04/14 02:31:48.705,2024-04-14 02:31:48.705000+00:00
2024/04/14, 02:32:48.705,39.684,-73.22,10.14,217.9,214.07,9.89,10.1,10.1,1009.9,1010.1,0.0,0.0,85.09,78.49,52,46,9.3,11.2,66.2,66.2,7.6,8.7,303.0,289.8,1012.0,1012.2,-6.45,290.89,-0.01,31.5354,7.6993,331.2,49.1,1477.115, NAN, NAN, NAN, NAN,,2024/04/14 02:32:48.705,2024-04-14 02:32:48.705000+00:00
2024/04/14, 02:33:48.705,39.682,-73.222,10.43,218.0,215.29,10.16,10.1,10.1,1009.9,1010.1,0.0,0.0,85.09,78.49,51,45,9.4,11.6,66.5,66.5,7.3,8.7,302.6,288.0,1012.0,1012.2,-6.45,290.81,-0.01,31.5391,7.7009,336.8,49.3,1477.126, NAN, NAN, NAN, NAN,,2024/04/14 02:33:48.705,2024-04-14 02:33:48.705000+00:00
2024/04/14, 02:34:48.705,39.68,-73.225,10.28,217.41,214.4,9.08,10.0,10.1,1010.1,1010.0,0.0,0.0,85.09,78.49,49,43,9.5,11.3,66.9,66.9,7.4,8.6,295.2,282.6,1012.2,1012.1,-6.52,290.91,-0.01,31.541,7.7013,340.1,49.4,1477.13, NAN, NAN, NAN, NAN,,2024/04/14 02:34:48.705,2024-04-14 02:34:48.705000+00:00
2024/04/14, 02:35:48.705,39.678,-73.227,10.35,216.42,219.16,10.16,10.0,10.0,1010.1,1010.0,0.0,0.0,85.09,78.49,50,44,9.4,11.5,67.2,67.3,7.0,8.3,299.6,284.8,1012.2,1012.1,-6.48,290.94,-0.01,31.5412,7.6982,339.8,49.4,1477.118, NAN, NAN, NAN, NAN,,2024/04/14 02:35:48.705,2024-04-14 02:35:48.705000+00:00
2024/04/14, 02:36:48.705,39.676,-73.229,10.29,217.83,216.03,9.79,10.0,10.0,1009.9,1010.2,0.0,0.0,85.09,78.49,49,44,10.0,11.8,66.9,66.9,8.1,9.3,296.9,285.9,1012.0,1012.3,-6.56,291.07,-0.01,31.5392,7.695,343.2,49.4,1477.104, NAN, NAN, NAN, NAN,,2024/04/14 02:36:48.705,2024-04-14 02:36:48.705000+00:00
2024/04/14, 02:37:48.705,39.674,-73.231,10.4,216.99,224.66,10.08,10.0,10.0,1010.1,1010.0,0.0,0.0,85.09,78.49,48,41,9.8,11.8,67.1,67.0,7.1,8.3,295.7,280.2,1012.2,1012.1,-6.57,290.94,-0.01,31.5447,7.6906,343.8,49.3,1477.094, NAN, NAN, NAN, NAN,,2024/04/14 02:37:48.705,2024-04-14 02:37:48.705000+00:00
2024/04/14, 02:38:48.705,39.672,-73.234,10.53,217.77,213.95,9.9,10.0,10.0,1010.0,1010.2,0.0,0.0,85.09,78.49,46,41,9.9,11.9,67.5,67.4,7.4,8.8,293.8,281.5,1012.1,1012.3,-6.56,290.7,-0.01,31.5464,7.6823,339.2,49.5,1477.064, NAN, NAN, NAN, NAN,,2024/04/14 02:38:48.705,2024-04-14 02:38:48.705000+00:00
2024/04/14, 02:39:48.705,39.669,-73.236,10.37,217.61,215.42,9.68,10.0,10.0,1010.1,1009.8,0.0,0.0,85.09,78.49,45,40,9.4,11.6,67.5,67.6,6.7,8.3,293.2,279.5,1012.2,1011.9,-6.48,290.71,-0.02,31.5472,7.6756,337.4,49.3,1477.039, NAN, NAN, NAN, NAN,,2024/04/14 02:39:48.705,2024-04-14 02:39:48.705000+00:00
2024/04/14, 02:40:48.705,39.667,-73.238,10.25,217.66,219.11,10.35,9.9,10.0,1010.0,1010.3,0.0,0.0,85.09,78.49,43,37,9.6,11.6,68.6,68.5,6.6,7.9,292.7,277.6,1012.1,1012.4,-6.56,290.8,-0.01,31.5501,7.6679,331.5,49.6,1477.013, NAN, NAN, NAN, NAN,,2024/04/14 02:40:48.705,2024-04-14 02:40:48.705000+00:00
2024/04/14, 02:41:48.705,39.665,-73.241,10.44,217.58,216.63,10.1,9.9,9.9,1009.9,1010.2,0.0,0.0,85.09,78.49,41,36,9.5,11.6,68.7,69.1,6.5,8.0,289.8,275.8,1012.0,1012.3,-6.59,290.64,-0.01,31.5488,7.6642,327.0,49.7,1476.997, NAN, NAN, NAN, NAN,,2024/04/14 02:41:48.705,2024-04-14 02:41:48.705000+00:00
2024/04/14, 02:42:48.705,39.663,-73.243,10.26,217.32,217.56,9.84,9.8,9.8,1009.9,1010.2,0.0,0.0,85.09,78.49,41,36,9.2,11.4,70.1,70.0,6.1,7.7,289.4,274.7,1012.0,1012.3,-6.47,291.24,-0.01,31.5516,7.6642,326.4,49.5,1477.001, NAN, NAN, NAN, NAN,,2024/04/14 02:42:48.705,2024-04-14 02:42:48.705000+00:00
2024/04/14, 02:43:48.705,39.661,-73.245,10.53,216.85,213.55,9.86,9.7,9.8,1010.1,1010.1,0.0,0.0,85.09,78.49,41,37,9.1,11.6,70.3,70.3,6.1,8.0,289.7,275.3,1012.2,1012.2,-6.66,291.29,-0.01,31.5518,7.6646,323.6,49.4,1477.003, NAN, NAN, NAN, NAN,,2024/04/14 02:43:48.705,2024-04-14 02:43:48.705000+00:00
2024/04/14, 02:44:48.705,39.659,-73.247,10.62,217.09,222.28,10.26,9.7,9.8,1010.0,1010.1,0.0,0.0,85.09,78.49,42,36,9.6,11.4,70.0,70.0,6.3,7.4,289.7,274.8,1012.1,1012.2,-6.59,291.03,-0.01,31.5539,7.6612,321.7,49.8,1476.992, NAN, NAN, NAN, NAN,,2024/04/14 02:44:48.705,2024-04-14 02:44:48.705000+00:00
2024/04/14, 02:45:48.705,39.656,-73.25,10.55,219.76,219.12,9.94,9.8,9.8,1010.0,1010.2,0.0,0.0,85.09,78.49,42,36,9.4,11.1,70.3,70.2,6.6,7.6,293.2,279.2,1012.1,1012.3,-6.69,291.33,-0.01,31.5527,7.6625,322.0,49.3,1476.996, NAN, NAN, NAN, NAN,,2024/04/14 02:45:48.705,2024-04-14 02:45:48.705000+00:00
2024/04/14, 02:46:48.706,39.654,-73.252,10.49,217.33,220.42,10.3,9.7,9.8,1010.2,1010.1,0.0,0.0,85.09,78.49,42,37,9.5,11.4,70.4,70.3,6.4,7.7,291.4,277.7,1012.3,1012.2,-6.73,291.4,-0.01,31.5566,7.6629,323.3,49.1,1477.002, NAN, NAN, NAN, NAN,,2024/04/14 02:46:48.706,2024-04-14 02:46:48.706000+00:00
2024/04/14, 02:47:48.706,39.652,-73.254,10.34,217.64,224.04,9.96,9.8,9.8,1010.2,1009.9,0.0,0.0,85.09,78.49,45,40,9.3,11.4,70.4,70.3,6.3,7.8,294.0,279.7,1012.3,1012.0,-6.75,291.85,-0.02,31.5559,7.6693,322.4,49.4,1477.026, NAN, NAN, NAN, NAN,,2024/04/14 02:47:48.706,2024-04-14 02:47:48.706000+00:00
2024/04/14, 02:48:48.706,39.65,-73.257,10.47,219.36,221.58,10.24,9.8,9.8,1010.2,1010.1,0.0,0.0,85.09,78.49,45,39,9.4,11.5,69.9,69.7,6.6,8.0,297.3,281.9,1012.3,1012.2,-6.64,292.13,-0.02,31.5581,7.672,322.7,49.3,1477.039, NAN, NAN, NAN, NAN,,2024/04/14 02:48:48.706,2024-04-14 02:48:48.706000+00:00
2024/04/14, 02:49:48.706,39.648,-73.259,10.4,217.44,216.74,9.82,9.9,9.9,1009.9,1010.1,0.0,0.0,85.09,78.49,45,38,9.6,11.5,69.1,69.1,6.9,8.1,292.9,277.6,1012.0,1012.2,-6.6,291.75,-0.01,31.5625,7.651,317.2,49.5,1476.964, NAN, NAN, NAN, NAN,,2024/04/14 02:49:48.706,2024-04-14 02:49:48.706000+00:00
2024/04/14, 02:50:48.706,39.646,-73.261,10.51,217.45,221.83,10.02,9.9,9.9,1010.2,1010.1,0.0,0.0,85.09,78.49,43,38,9.7,11.5,69.1,69.2,6.5,7.7,290.0,277.0,1012.3,1012.2,-6.54,291.84,-0.01,31.5602,7.6331,311.6,49.7,1476.892, NAN, NAN, NAN, NAN,,2024/04/14 02:50:48.706,2024-04-14 02:50:48.706000+00:00
2024/04/14, 02:51:48.706,39.644,-73.264,10.55,217.66,217.48,10.1,9.9,9.9,1010.2,1010.3,0.0,0.0,85.09,78.49,43,37,9.5,11.5,69.5,69.4,6.7,8.0,292.5,277.7,1012.3,1012.4,-6.5,291.86,-0.01,31.5626,7.6226,307.5,49.4,1476.854, NAN, NAN, NAN, NAN,,2024/04/14 02:51:48.706,2024-04-14 02:51:48.706000+00:00
2024/04/14, 02:52:48.706,39.641,-73.266,10.49,217.73,215.59,10.13,9.9,9.9,1010.3,1010.2,0.0,0.0,85.09,78.49,41,36,9.2,11.3,69.7,69.7,6.4,7.9,292.0,277.7,1012.4,1012.3,-6.56,291.98,-0.01,31.5628,7.6157,306.5,49.3,1476.828, NAN, NAN, NAN, NAN,,2024/04/14 02:52:48.706,2024-04-14 02:52:48.706000+00:00
2024/04/14, 02:53:48.706,39.639,-73.268,10.5,218.06,220.37,9.89,9.9,9.9,1010.1,1010.4,0.0,0.0,85.09,78.49,41,36,9.7,11.4,70.6,70.5,6.9,8.0,289.0,276.8,1012.2,1012.5,-6.49,291.96,-0.02,31.5658,7.6103,307.5,49.5,1476.811, NAN, NAN, NAN, NAN,,2024/04/14 02:53:48.706,2024-04-14 02:53:48.706000+00:00
2024/04/14, 02:54:48.706,39.637,-73.271,10.33,218.69,227.65,9.84,9.8,9.9,1010.2,1010.1,0.0,0.0,85.09,78.49,42,37,9.7,11.4,71.1,70.9,6.4,7.6,288.9,276.2,1012.3,1012.2,-6.52,292.7,-0.01,31.5644,7.6091,307.8,49.3,1476.805, NAN, NAN, NAN, NAN,,2024/04/14 02:54:48.706,2024-04-14 02:54:48.706000+00:00
2024/04/14, 02:55:48.706,39.635,-73.273,10.35,216.93,221.54,10.21,9.8,9.8,1010.1,1010.2,0.0,0.0,85.09,78.49,46,40,9.6,11.5,70.9,70.9,6.8,8.0,294.9,280.5,1012.2,1012.3,-6.54,292.47,-0.02,31.5645,7.6085,306.8,49.3,1476.803, NAN, NAN, NAN, NAN,,2024/04/14 02:55:48.706,2024-04-14 02:55:48.706000+00:00
2024/04/14, 02:56:48.706,39.633,-73.275,10.35,217.38,223.34,9.77,9.8,9.8,1010.2,1010.3,0.0,0.0,85.09,78.49,45,40,10.0,11.7,70.2,70.1,7.2,8.4,290.8,279.2,1012.3,1012.4,-6.59,292.66,-0.02,31.5666,7.6092,304.4,49.4,1476.808, NAN, NAN, NAN, NAN,,2024/04/14 02:56:48.706,2024-04-14 02:56:48.706000+00:00
2024/04/14, 02:57:48.706,39.631,-73.277,10.46,218.27,218.45,9.96,9.9,9.9,1010.2,1010.2,0.0,0.0,85.09,78.49,44,39,10.1,12.0,69.6,69.7,7.3,8.6,291.3,279.2,1012.3,1012.3,-6.57,292.36,-0.01,31.5671,7.6147,305.9,49.4,1476.83, NAN, NAN, NAN, NAN,,2024/04/14 02:57:48.706,2024-04-14 02:57:48.706000+00:00
2024/04/14, 02:58:48.706,39.629,-73.28,10.43,217.04,221.8,10.0,9.9,9.9,1010.2,1010.4,0.0,0.0,85.09,78.49,43,38,9.8,11.8,69.9,69.8,6.7,8.1,289.3,276.1,1012.3,1012.5,-6.54,292.47,-0.02,31.5687,7.6205,302.5,49.6,1476.854, NAN, NAN, NAN, NAN,,2024/04/14 02:58:48.706,2024-04-14 02:58:48.706000+00:00
2024/04/14, 02:59:48.706,39.626,-73.282,10.44,218.44,226.32,10.04,9.9,9.9,1010.2,1010.4,0.0,0.0,85.09,78.49,43,38,10.2,12.2,70.5,70.3,7.0,8.4,289.1,276.4,1012.3,1012.5,-6.5,292.72,-0.02,31.5664,7.6252,302.2,49.4,1476.869, NAN, NAN, NAN, NAN,,2024/04/14 02:59:48.706,2024-04-14 02:59:48.706000+00:00
2024/04/14, 03:00:48.706,39.624,-73.284,10.39,218.51,221.7,9.87,9.9,9.9,1010.2,1010.5,0.0,0.0,85.09,78.49,43,38,10.0,12.0,70.3,70.2,7.0,8.4,289.7,277.0,1012.3,1012.6,-6.53,292.86,-0.01,31.5692,7.6236,301.9,49.7,1476.867, NAN, NAN, NAN, NAN,,2024/04/14 03:00:48.706,2024-04-14 03:00:48.706000+00:00
2024/04/14, 03:01:48.706,39.622,-73.287,10.47,219.05,219.65,9.61,9.9,9.9,1010.1,1010.5,0.0,0.0,85.09,78.49,43,37,10.2,12.0,70.6,70.5,7.5,8.6,289.3,276.5,1012.2,1012.6,-6.48,292.75,-0.02,31.5704,7.6211,300.1,49.5,1476.858, NAN, NAN, NAN, NAN,,2024/04/14 03:01:48.706,2024-04-14 03:01:48.706000+00:00
2024/04/14, 03:02:48.707,39.62,-73.289,10.42,218.09,216.39,10.07,9.9,9.9,1010.4,1010.5,0.0,0.0,85.09,78.49,42,37,10.5,12.5,70.3,70.3,7.6,9.0,287.8,275.7,1012.5,1012.6,-6.5,292.5,-0.02,31.5704,7.6223,299.2,49.3,1476.863, NAN, NAN, NAN, NAN,,2024/04/14 03:02:48.707,2024-04-14 03:02:48.707000+00:00
2024/04/14, 03:03:48.707,39.618,-73.291,10.51,218.47,223.53,9.9,9.9,9.9,1010.3,1010.2,0.0,0.0,85.09,78.49,42,36,10.3,12.2,70.0,70.2,7.1,8.4,287.1,273.5,1012.4,1012.3,-6.5,292.81,-0.02,31.5725,7.6277,296.8,49.5,1476.886, NAN, NAN, NAN, NAN,,2024/04/14 03:03:48.707,2024-04-14 03:03:48.707000+00:00
2024/04/14, 03:04:48.707,39.616,-73.293,10.49,218.55,220.2,10.35,9.9,9.9,1010.2,1010.4,0.0,0.0,85.09,78.49,42,37,10.4,12.5,70.4,70.4,7.2,8.7,288.9,276.0,1012.3,1012.5,-6.46,292.98,-0.02,31.5723,7.6393,292.1,49.5,1476.931, NAN, NAN, NAN, NAN,,2024/04/14 03:04:48.707,2024-04-14 03:04:48.707000+00:00
2024/04/14, 03:05:48.707,39.613,-73.295,10.14,211.95,213.02,9.54,9.9,9.9,1010.3,1010.3,0.0,0.0,85.09,78.49,46,41,10.1,12.1,69.9,70.0,7.5,8.9,285.5,273.6,1012.4,1012.4,-6.48,292.39,-0.01,31.5734,7.6542,289.4,49.5,1476.989, NAN, NAN, NAN, NAN,,2024/04/14 03:05:48.707,2024-04-14 03:05:48.707000+00:00
2024/04/14, 03:06:48.707,39.611,-73.297,10.34,209.38,211.22,9.79,9.9,10.0,1010.3,1010.4,0.0,0.0,85.09,78.49,48,42,10.1,11.9,69.7,69.8,7.5,8.6,286.0,273.2,1012.4,1012.5,-6.5,292.56,-0.02,31.5733,7.6688,285.4,49.7,1477.045, NAN, NAN, NAN, NAN,,2024/04/14 03:06:48.707,2024-04-14 03:06:48.707000+00:00
2024/04/14, 03:07:48.707,39.609,-73.299,10.27,209.91,208.69,9.78,10.0,10.0,1010.4,1010.4,0.0,0.0,85.09,78.49,48,44,10.2,12.1,68.8,68.8,7.9,9.3,286.7,276.5,1012.5,1012.5,-6.48,292.57,-0.02,31.5736,7.6858,286.7,49.8,1477.111, NAN, NAN, NAN, NAN,,2024/04/14 03:07:48.707,2024-04-14 03:07:48.707000+00:00
2024/04/14, 03:08:48.707,39.606,-73.301,10.47,209.1,211.44,9.65,10.1,10.1,1010.3,1010.5,0.0,0.0,85.09,78.49,51,46,10.2,12.0,67.9,67.8,8.2,9.4,288.8,278.0,1012.4,1012.6,-6.48,292.39,-0.02,31.5765,7.7036,287.3,49.8,1477.183, NAN, NAN, NAN, NAN,,2024/04/14 03:08:48.707,2024-04-14 03:08:48.707000+00:00
2024/04/14, 03:09:48.707,39.604,-73.303,10.25,205.61,202.79,9.52,10.1,10.1,1010.2,1010.3,0.0,0.0,85.09,78.49,54,48,10.3,12.2,67.0,67.8,8.5,9.7,287.8,276.0,1012.3,1012.4,-6.42,292.73,-0.02,31.575,7.7197,288.8,49.5,1477.243, NAN, NAN, NAN, NAN,,2024/04/14 03:09:48.707,2024-04-14 03:09:48.707000+00:00
2024/04/14, 03:10:48.707,39.602,-73.304,10.21,206.51,201.32,9.85,10.3,10.3,1010.5,1010.4,0.0,0.0,85.09,78.49,53,48,9.8,11.8,65.4,65.5,8.2,9.5,290.6,279.1,1012.6,1012.5,-6.33,292.62,-0.01,31.5751,7.7373,290.7,49.8,1477.31, NAN, NAN, NAN, NAN,,2024/04/14 03:10:48.707,2024-04-14 03:10:48.707000+00:00
2024/04/14, 03:11:48.707,39.599,-73.306,10.4,204.54,207.01,9.92,10.3,10.4,1010.4,1010.6,0.0,0.0,85.09,78.49,54,47,9.8,11.5,65.4,65.4,8.0,8.9,289.8,276.5,1012.5,1012.7,-6.28,292.25,-0.01,31.5784,7.7545,290.0,49.7,1477.381, NAN, NAN, NAN, NAN,,2024/04/14 03:11:48.707,2024-04-14 03:11:48.707000+00:00
2024/04/14, 03:12:48.707,39.597,-73.307,10.61,202.73,208.05,10.38,10.4,10.4,1010.5,1010.5,0.0,0.0,85.09,78.49,52,46,9.6,11.7,65.4,65.3,7.3,8.6,288.1,273.7,1012.6,1012.6,-6.25,291.89,-0.02,31.5782,7.7681,290.7,50.0,1477.432, NAN, NAN, NAN, NAN,,2024/04/14 03:12:48.707,2024-04-14 03:12:48.707000+00:00
2024/04/14, 03:13:48.707,39.594,-73.308,10.45,200.95,203.61,9.52,10.4,10.4,1010.3,1010.3,0.0,0.0,85.09,78.49,56,48,9.5,11.4,64.8,64.6,7.7,8.7,287.8,272.7,1012.4,1012.4,-6.39,292.16,-0.02,31.5782,7.7722,294.0,49.8,1477.448, NAN, NAN, NAN, NAN,,2024/04/14 03:13:48.707,2024-04-14 03:13:48.707000+00:00
2024/04/14, 03:14:48.707,39.591,-73.31,10.58,200.44,204.25,10.09,10.4,10.5,1010.3,1010.5,0.0,0.0,85.09,78.49,54,47,9.3,11.2,64.1,64.1,7.4,8.4,288.3,273.5,1012.4,1012.6,-6.44,291.92,-0.02,31.5774,7.778,296.1,49.5,1477.469, NAN, NAN, NAN, NAN,,2024/04/14 03:14:48.707,2024-04-14 03:14:48.707000+00:00
2024/04/14, 03:15:48.707,39.589,-73.311,10.5,199.83,196.87,10.04,10.4,10.5,1010.5,1010.3,0.0,0.0,85.09,78.49,53,48,9.5,11.2,65.5,64.1,7.6,8.6,285.6,274.2,1012.6,1012.4,-6.36,292.26,-0.02,31.5781,7.7874,299.8,49.8,1477.506, NAN, NAN, NAN, NAN,,2024/04/14 03:15:48.707,2024-04-14 03:15:48.707000+00:00
2024/04/14, 03:16:48.707,39.586,-73.312,10.49,201.41,199.49,10.0,10.4,10.4,1010.5,1010.7,0.0,0.0,85.09,78.49,52,47,9.3,11.2,66.1,65.9,7.5,8.7,286.9,274.8,1012.6,1012.8,-6.38,292.4,-0.02,31.5786,7.7952,303.5,50.1,1477.537, NAN, NAN, NAN, NAN,,2024/04/14 03:16:48.707,2024-04-14 03:16:48.707000+00:00
2024/04/14, 03:17:48.708,39.584,-73.314,10.59,200.79,197.09,10.22,10.4,10.4,1010.5,1010.7,0.0,0.0,85.09,78.49,51,46,9.2,11.2,66.1,66.0,7.2,8.5,286.5,273.5,1012.6,1012.8,-6.53,292.34,-0.02,31.579,7.8047,306.8,49.9,1477.574, NAN, NAN, NAN, NAN,,2024/04/14 03:17:48.708,2024-04-14 03:17:48.708000+00:00
2024/04/14, 03:18:48.708,39.581,-73.315,10.66,200.31,203.79,10.04,10.3,10.4,1010.5,1010.7,0.0,0.0,85.09,78.49,51,45,9.2,11.0,66.4,66.6,6.9,7.9,285.0,271.0,1012.6,1012.8,-6.51,292.91,-0.02,31.5799,7.8174,311.2,50.0,1477.623, NAN, NAN, NAN, NAN,,2024/04/14 03:18:48.708,2024-04-14 03:18:48.708000+00:00
2024/04/14, 03:19:48.708,39.578,-73.316,10.59,200.41,200.62,10.08,10.3,10.4,1010.8,1010.7,0.0,0.0,85.09,78.49,51,46,9.1,11.1,66.8,66.9,7.2,8.5,286.0,273.0,1012.9,1012.8,-6.44,292.77,-0.03,31.579,7.8276,310.2,50.0,1477.661, NAN, NAN, NAN, NAN,,2024/04/14 03:19:48.708,2024-04-14 03:19:48.708000+00:00
2024/04/14, 03:20:48.708,39.576,-73.317,10.45,200.71,200.15,9.84,10.3,10.4,1010.5,1010.8,0.0,0.0,85.09,78.49,53,46,9.1,11.2,66.9,66.8,7.2,8.4,287.4,271.9,1012.6,1012.9,-6.5,292.99,-0.02,31.5814,7.8416,312.9,49.6,1477.718, NAN, NAN, NAN, NAN,,2024/04/14 03:20:48.708,2024-04-14 03:20:48.708000+00:00
2024/04/14, 03:21:48.708,39.573,-73.319,10.58,199.85,199.11,10.23,10.3,10.3,1010.7,1010.7,0.0,0.0,85.09,78.49,53,47,9.0,10.9,66.2,66.2,7.2,8.3,288.6,274.6,1012.8,1012.8,-6.56,292.81,-0.02,31.5805,7.8568,318.7,50.0,1477.775, NAN, NAN, NAN, NAN,,2024/04/14 03:21:48.708,2024-04-14 03:21:48.708000+00:00
2024/04/14, 03:22:48.708,39.571,-73.32,10.52,200.22,194.73,9.38,10.3,10.4,1010.7,1010.8,0.0,0.0,85.09,78.49,54,48,8.9,10.8,66.2,66.3,7.5,8.6,287.0,274.0,1012.8,1012.9,-6.5,292.89,-0.02,31.5816,7.8662,321.1,49.7,1477.812, NAN, NAN, NAN, NAN,,2024/04/14 03:22:48.708,2024-04-14 03:22:48.708000+00:00
2024/04/14, 03:23:48.708,39.568,-73.321,10.12,201.21,197.97,9.86,10.4,10.4,1010.8,1010.7,0.0,0.0,85.09,78.49,51,45,9.3,11.1,66.2,66.2,7.5,8.6,285.2,272.2,1012.9,1012.8,-6.48,292.15,-0.02,31.5813,7.8719,324.3,49.6,1477.833, NAN, NAN, NAN, NAN,,2024/04/14 03:23:48.708,2024-04-14 03:23:48.708000+00:00
2024/04/14, 03:24:48.708,39.566,-73.322,10.48,199.92,195.92,9.62,10.4,10.4,1010.7,1010.7,0.0,0.0,85.09,78.49,50,46,9.0,11.0,66.8,66.7,7.1,8.5,283.1,271.5,1012.8,1012.8,-6.52,292.1,-0.02,31.581,7.8842,325.1,49.7,1477.88, NAN, NAN, NAN, NAN,,2024/04/14 03:24:48.708,2024-04-14 03:24:48.708000+00:00
2024/04/14, 03:25:48.708,39.563,-73.324,10.3,199.8,201.03,9.86,10.3,10.4,1010.6,1010.9,0.0,0.0,85.09,78.49,51,43,8.8,10.6,66.9,66.9,6.8,7.7,285.8,269.3,1012.7,1013.0,-6.54,291.93,-0.02,31.5824,7.8943,325.4,49.7,1477.92, NAN, NAN, NAN, NAN,,2024/04/14 03:25:48.708,2024-04-14 03:25:48.708000+00:00
2024/04/14, 03:26:48.708,39.56,-73.325,10.57,199.91,200.54,9.86,10.3,10.4,1010.8,1010.7,0.0,0.0,85.09,78.49,47,41,8.8,10.7,67.3,67.2,6.4,7.6,281.5,266.5,1012.9,1012.8,-6.6,292.14,-0.02,31.5825,7.9001,327.8,50.0,1477.943, NAN, NAN, NAN, NAN,,2024/04/14 03:26:48.708,2024-04-14 03:26:48.708000+00:00
2024/04/14, 03:27:48.708,39.558,-73.326,10.65,200.47,204.16,10.32,10.3,10.3,1010.9,1010.7,0.0,0.0,85.09,78.49,46,40,8.5,10.4,68.3,68.1,5.9,7.0,284.6,268.0,1013.0,1012.8,-6.59,291.92,-0.02,31.5833,7.9074,326.7,50.0,1477.972, NAN, NAN, NAN, NAN,,2024/04/14 03:27:48.708,2024-04-14 03:27:48.708000+00:00
2024/04/14, 03:28:48.708,39.555,-73.327,10.38,200.0,204.3,9.57,10.2,10.3,1010.8,1010.8,0.0,0.0,85.09,78.49,43,37,8.3,10.3,69.5,69.2,5.8,7.0,278.5,261.8,1012.9,1012.9,-6.65,292.01,-0.02,31.5839,7.917,326.0,49.9,1478.009, NAN, NAN, NAN, NAN,,2024/04/14 03:28:48.708,2024-04-14 03:28:48.708000+00:00
2024/04/14, 03:29:48.708,39.553,-73.329,10.45,200.13,197.2,10.03,10.1,10.2,1010.8,1010.7,0.0,0.0,85.09,78.49,43,37,8.2,10.1,70.6,70.4,5.6,6.7,281.4,264.2,1012.9,1012.8,-6.71,292.3,-0.02,31.5843,7.9258,325.7,49.7,1478.043, NAN, NAN, NAN, NAN,,2024/04/14 03:29:48.708,2024-04-14 03:29:48.708000+00:00
2024/04/14, 03:30:48.708,39.55,-73.33,10.52,199.7,197.83,10.1,10.1,10.1,1010.7,1010.9,0.0,0.0,85.09,78.49,42,37,8.2,10.2,71.5,71.5,5.6,6.8,280.4,264.1,1012.8,1013.0,-6.75,292.99,-0.02,31.5864,7.9348,323.3,50.0,1478.08, NAN, NAN, NAN, NAN,,2024/04/14 03:30:48.708,2024-04-14 03:30:48.708000+00:00
2024/04/14, 03:31:48.708,39.548,-73.331,10.48,200.69,200.01,10.2,10.0,10.0,1010.9,1010.8,0.0,0.0,85.09,78.49,44,39,8.1,10.2,71.9,72.0,5.6,6.9,284.7,267.8,1013.0,1012.9,-6.85,293.38,-0.02,31.5868,7.9394,325.4,50.0,1478.098, NAN, NAN, NAN, NAN,,2024/04/14 03:31:48.708,2024-04-14 03:31:48.708000+00:00
2024/04/14, 03:32:48.709,39.545,-73.332,10.39,200.45,202.63,10.22,10.0,10.0,1010.8,1010.8,0.0,0.0,85.09,78.49,45,40,8.6,10.4,72.0,72.0,6.2,7.3,282.8,268.5,1012.9,1012.9,-6.81,293.74,-0.02,31.5826,7.9426,327.6,49.7,1478.105, NAN, NAN, NAN, NAN,,2024/04/14 03:32:48.709,2024-04-14 03:32:48.709000+00:00
2024/04/14, 03:33:48.709,39.542,-73.334,10.07,200.46,196.82,9.54,10.0,10.0,1010.8,1010.9,0.0,0.0,85.09,78.49,49,44,8.4,10.4,71.8,71.8,6.6,7.9,285.1,271.3,1012.9,1013.0,-6.79,293.62,-0.02,31.5879,7.9388,330.0,49.7,1478.097, NAN, NAN, NAN, NAN,,2024/04/14 03:33:48.709,2024-04-14 03:33:48.709000+00:00
2024/04/14, 03:34:48.709,39.54,-73.335,10.33,199.79,200.57,9.87,10.0,10.0,1011.0,1011.1,0.0,0.0,85.09,78.49,50,43,8.9,10.7,71.4,71.3,6.8,7.8,284.3,269.0,1013.1,1013.2,-6.88,293.67,-0.02,31.5858,7.9366,333.4,49.9,1478.086, NAN, NAN, NAN, NAN,,2024/04/14 03:34:48.709,2024-04-14 03:34:48.709000+00:00
2024/04/14, 03:35:48.709,39.537,-73.336,10.49,201.0,201.94,9.7,10.0,10.0,1010.9,1010.9,0.0,0.0,85.09,78.49,52,45,9.2,11.2,70.5,70.6,7.4,8.5,285.7,270.9,1013.0,1013.0,-6.79,293.51,-0.02,31.5881,7.9383,337.1,50.2,1478.095, NAN, NAN, NAN, NAN,,2024/04/14 03:35:48.709,2024-04-14 03:35:48.709000+00:00
2024/04/14, 03:36:48.709,39.535,-73.337,10.21,200.26,200.14,9.54,10.1,10.1,1010.5,1011.2,0.0,0.0,85.09,78.49,52,45,9.6,11.3,69.8,69.7,7.6,8.6,282.7,269.1,1012.6,1013.3,-6.72,292.8,-0.02,31.5878,7.9409,341.6,49.8,1478.105, NAN, NAN, NAN, NAN,,2024/04/14 03:36:48.709,2024-04-14 03:36:48.709000+00:00
2024/04/14, 03:37:48.709,39.532,-73.339,10.48,199.8,199.55,9.93,10.1,10.2,1010.8,1010.8,0.0,0.0,85.09,78.49,50,44,9.6,11.6,68.9,68.7,7.5,8.7,281.6,268.0,1012.9,1012.9,-6.67,292.69,-0.02,31.5872,7.9487,344.9,50.2,1478.134, NAN, NAN, NAN, NAN,,2024/04/14 03:37:48.709,2024-04-14 03:37:48.709000+00:00
2024/04/14, 03:38:48.709,39.53,-73.34,10.52,201.24,199.95,10.18,10.2,10.2,1010.7,1011.0,0.0,0.0,85.09,78.49,50,44,9.6,11.3,67.8,67.7,7.5,8.4,284.0,271.1,1012.8,1013.1,-6.57,292.47,-0.02,31.5916,7.9563,347.2,49.6,1478.168, NAN, NAN, NAN, NAN,,2024/04/14 03:38:48.709,2024-04-14 03:38:48.709000+00:00
2024/04/14, 03:39:48.709,39.527,-73.341,10.44,200.49,203.34,9.83,10.3,10.3,1010.9,1011.0,0.0,0.0,85.09,78.49,49,43,9.7,11.4,67.7,67.6,7.3,8.3,280.1,267.2,1013.0,1013.1,-6.5,292.86,-0.02,31.5902,7.9604,348.6,49.8,1478.182, NAN, NAN, NAN, NAN,,2024/04/14 03:39:48.709,2024-04-14 03:39:48.709000+00:00
2024/04/14, 03:40:48.709,39.525,-73.342,10.51,203.02,196.24,9.91,10.3,10.3,1010.8,1010.9,0.0,0.0,85.09,78.49,48,43,9.5,11.5,67.5,67.4,7.4,8.8,283.2,270.7,1012.9,1013.0,-6.51,292.82,-0.02,31.5909,7.9621,347.2,49.9,1478.19, NAN, NAN, NAN, NAN,,2024/04/14 03:40:48.709,2024-04-14 03:40:48.709000+00:00
2024/04/14, 03:41:48.709,39.522,-73.344,10.6,202.47,204.66,10.05,10.3,10.3,1010.8,1011.0,0.0,0.0,85.09,78.49,49,43,9.6,11.5,67.3,67.2,7.3,8.4,283.5,269.8,1012.9,1013.1,-6.47,293.1,-0.02,31.5923,7.9602,350.2,50.1,1478.184, NAN, NAN, NAN, NAN,,2024/04/14 03:41:48.709,2024-04-14 03:41:48.709000+00:00
2024/04/14, 03:42:48.709,39.519,-73.345,10.62,201.85,200.43,9.99,10.4,10.4,1010.8,1010.9,0.0,0.0,85.09,78.49,50,45,9.8,11.8,65.9,66.1,7.7,9.1,283.2,271.1,1012.9,1013.0,-6.48,293.84,-0.02,31.5951,7.9504,350.5,50.0,1478.15, NAN, NAN, NAN, NAN,,2024/04/14 03:42:48.709,2024-04-14 03:42:48.709000+00:00
2024/04/14, 03:43:48.709,39.517,-73.346,10.46,203.48,206.25,9.78,10.5,10.5,1011.2,1010.9,0.0,0.0,85.09,78.49,51,44,9.6,11.8,65.2,65.3,7.4,8.8,285.6,270.4,1013.3,1013.0,-6.4,293.53,-0.02,31.5955,7.9256,352.9,50.0,1478.056, NAN, NAN, NAN, NAN,,2024/04/14 03:43:48.709,2024-04-14 03:43:48.709000+00:00
2024/04/14, 03:44:48.709,39.514,-73.348,10.23,203.72,203.57,9.58,10.5,10.5,1010.9,1010.9,0.0,0.0,85.09,78.49,50,44,10.0,11.9,65.3,65.2,7.8,9.0,282.6,270.0,1013.0,1013.0,-6.41,293.88,-0.02,31.6008,7.8766,355.6,50.0,1477.876, NAN, NAN, NAN, NAN,,2024/04/14 03:44:48.709,2024-04-14 03:44:48.709000+00:00
2024/04/14, 03:45:48.709,39.512,-73.349,10.35,204.6,204.09,9.98,10.6,10.6,1010.8,1011.1,0.0,0.0,85.09,78.49,50,43,9.9,11.9,64.3,64.4,7.8,8.9,285.4,271.0,1012.9,1013.2,-6.42,293.29,-0.02,31.6023,7.85,361.4,50.0,1477.776, NAN, NAN, NAN, NAN,,2024/04/14 03:45:48.709,2024-04-14 03:45:48.709000+00:00
2024/04/14, 03:46:48.709,39.509,-73.351,10.4,210.64,212.36,9.73,10.6,10.6,1011.0,1011.0,0.0,0.0,85.09,78.49,46,41,10.2,12.1,65.1,65.1,7.5,8.9,284.6,272.9,1013.1,1013.1,-6.36,293.4,-0.02,31.6114,7.8325,371.2,50.0,1477.72, NAN, NAN, NAN, NAN,,2024/04/14 03:46:48.709,2024-04-14 03:46:48.709000+00:00
2024/04/14, 03:47:48.710,39.507,-73.353,10.39,208.74,211.53,10.19,10.6,10.6,1010.9,1011.0,0.0,0.0,85.09,78.49,47,41,10.2,12.0,65.4,65.4,7.6,8.7,285.7,272.7,1013.0,1013.1,-6.42,293.75,-0.02,31.6202,7.8242,378.0,50.0,1477.699, NAN, NAN, NAN, NAN,,2024/04/14 03:47:48.710,2024-04-14 03:47:48.710000+00:00
2024/04/14, 03:48:48.710,39.505,-73.354,10.31,207.01,212.01,9.79,10.6,10.6,1011.0,1011.2,0.0,0.0,85.09,78.49,47,41,9.9,11.9,65.8,65.7,7.2,8.5,283.1,269.3,1013.1,1013.3,-6.41,293.16,-0.02,31.6243,7.8166,382.4,49.8,1477.675, NAN, NAN, NAN, NAN,,2024/04/14 03:48:48.710,2024-04-14 03:48:48.710000+00:00
2024/04/14, 03:49:48.710,39.502,-73.356,10.42,210.18,208.8,9.61,10.5,10.6,1011.1,1011.2,0.0,0.0,85.09,78.49,47,42,9.8,11.6,66.1,66.1,7.4,8.6,286.5,274.8,1013.2,1013.3,-6.35,292.71,-0.02,31.6267,7.8113,382.0,50.0,1477.658, NAN, NAN, NAN, NAN,,2024/04/14 03:49:48.710,2024-04-14 03:49:48.710000+00:00
2024/04/14, 03:50:48.710,39.5,-73.358,10.45,209.52,208.07,10.14,10.5,10.5,1011.2,1011.0,0.0,0.0,85.09,78.49,46,41,9.8,11.8,66.4,66.4,7.2,8.6,286.7,273.9,1013.3,1013.1,-6.44,292.49,-0.02,31.6301,7.8091,379.6,50.2,1477.654, NAN, NAN, NAN, NAN,,2024/04/14 03:50:48.710,2024-04-14 03:50:48.710000+00:00
2024/04/14, 03:51:48.710,39.498,-73.36,10.48,208.74,207.35,9.88,10.5,10.5,1011.2,1011.1,0.0,0.0,85.09,78.49,45,39,9.6,11.7,67.0,67.0,7.2,8.6,285.0,270.9,1013.3,1013.2,-6.48,292.3,-0.02,31.6299,7.8071,376.0,50.0,1477.646, NAN, NAN, NAN, NAN,,2024/04/14 03:51:48.710,2024-04-14 03:51:48.710000+00:00
2024/04/14, 03:52:48.710,39.495,-73.361,10.53,208.7,206.54,9.9,10.5,10.4,1011.1,1011.2,0.0,0.0,85.09,78.49,43,38,9.7,11.7,66.9,68.0,7.0,8.4,282.2,269.3,1013.2,1013.3,-6.46,292.12,-0.02,31.633,7.8055,373.9,49.9,1477.644, NAN, NAN, NAN, NAN,,2024/04/14 03:52:48.710,2024-04-14 03:52:48.710000+00:00
2024/04/14, 03:53:48.710,39.493,-73.363,10.53,208.79,210.81,10.16,10.3,10.4,1011.0,1011.2,0.0,0.0,85.09,78.49,42,37,9.5,11.5,68.7,68.6,6.5,7.9,282.4,268.6,1013.1,1013.3,-6.6,292.34,-0.02,31.632,7.802,370.5,50.0,1477.629, NAN, NAN, NAN, NAN,,2024/04/14 03:53:48.710,2024-04-14 03:53:48.710000+00:00
2024/04/14, 03:54:48.710,39.49,-73.365,10.34,209.65,205.02,9.68,10.2,10.3,1011.2,1011.2,0.0,0.0,85.09,78.49,43,37,9.5,11.3,69.9,69.7,7.0,8.1,283.2,269.6,1013.3,1013.3,-6.57,292.78,-0.01,31.6285,7.8014,368.4,49.8,1477.622, NAN, NAN, NAN, NAN,,2024/04/14 03:54:48.710,2024-04-14 03:54:48.710000+00:00
2024/04/14, 03:55:48.710,39.488,-73.366,10.29,208.89,209.01,10.07,10.2,10.2,1011.3,1011.0,0.0,0.0,85.09,78.49,43,36,9.5,11.5,70.0,70.2,6.7,7.9,283.6,267.5,1013.4,1013.1,-6.66,292.78,-0.01,31.6302,7.7991,367.2,49.8,1477.616, NAN, NAN, NAN, NAN,,2024/04/14 03:55:48.710,2024-04-14 03:55:48.710000+00:00
2024/04/14, 03:56:48.710,39.486,-73.368,10.29,208.33,207.69,9.77,10.1,10.1,1011.0,1011.3,0.0,0.0,85.09,78.49,44,38,10.2,12.2,70.9,70.8,7.5,8.8,280.2,266.9,1013.1,1013.4,-6.65,293.26,-0.01,31.6336,7.801,366.0,49.8,1477.627, NAN, NAN, NAN, NAN,,2024/04/14 03:56:48.710,2024-04-14 03:56:48.710000+00:00
2024/04/14, 03:57:48.710,39.483,-73.37,10.56,209.72,211.48,10.27,10.1,10.1,1011.0,1011.2,0.0,0.0,85.09,78.49,41,37,10.3,12.3,70.7,70.7,7.2,8.6,279.3,268.0,1013.1,1013.3,-6.66,293.23,-0.02,31.6332,7.7943,364.0,49.9,1477.601, NAN, NAN, NAN, NAN,,2024/04/14 03:57:48.710,2024-04-14 03:57:48.710000+00:00
2024/04/14, 03:58:48.710,39.481,-73.372,10.26,209.11,212.72,9.81,10.0,10.1,1011.0,1011.2,0.0,0.0,85.09,78.49,43,37,10.2,12.0,72.0,71.8,7.2,8.4,279.4,266.2,1013.1,1013.3,-6.65,293.55,-0.02,31.632,7.78,364.0,49.7,1477.545, NAN, NAN, NAN, NAN,,2024/04/14 03:58:48.710,2024-04-14 03:58:48.710000+00:00
2024/04/14, 03:59:48.710,39.478,-73.373,10.46,208.15,212.67,9.91,10.0,10.0,1011.1,1011.2,0.0,0.0,85.09,78.49,44,39,10.5,12.5,72.5,72.4,7.6,9.0,279.2,267.3,1013.2,1013.3,-6.67,294.31,-0.02,31.6333,7.764,361.1,50.0,1477.485, NAN, NAN, NAN, NAN,,2024/04/14 03:59:48.710,2024-04-14 03:59:48.710000+00:00
2024/04/14, 04:00:48.710,39.476,-73.375,10.45,209.18,206.4,9.9,10.0,10.0,1011.1,1011.1,0.0,0.0,85.09,78.49,47,41,10.7,12.4,70.4,72.4,8.3,9.3,283.7,271.9,1013.2,1013.2,-6.74,294.35,-0.02,31.6307,7.7569,356.6,49.9,1477.455, NAN, NAN, NAN, NAN,,2024/04/14 04:00:48.710,2024-04-14 04:00:48.710000+00:00
2024/04/14, 04:01:48.710,39.474,-73.377,10.47,208.54,206.55,9.67,10.2,10.2,1010.9,1011.3,0.0,0.0,85.09,78.49,46,41,10.4,12.0,68.8,68.5,7.9,8.9,281.9,271.2,1013.0,1013.4,-6.57,293.69,-0.02,31.6327,7.7542,354.0,50.0,1477.447, NAN, NAN, NAN, NAN,,2024/04/14 04:01:48.710,2024-04-14 04:01:48.710000+00:00
2024/04/14, 04:02:48.710,39.471,-73.378,10.34,209.16,211.35,10.04,10.2,10.3,1011.2,1011.2,0.0,0.0,85.09,78.49,44,38,10.4,12.1,69.1,68.9,7.4,8.5,280.9,268.1,1013.3,1013.3,-6.54,293.68,-0.02,31.6272,7.7505,353.9,49.9,1477.426, NAN, NAN, NAN, NAN,,2024/04/14 04:02:48.710,2024-04-14 04:02:48.710000+00:00
2024/04/14, 04:03:48.711,39.469,-73.38,10.32,209.09,208.38,9.78,10.2,10.3,1011.2,1011.1,0.0,0.0,85.09,78.49,45,39,9.8,12.3,69.2,69.1,7.2,9.0,283.8,268.9,1013.3,1013.2,-6.51,293.91,-0.02,31.6271,7.7475,348.9,50.0,1477.414, NAN, NAN, NAN, NAN,,2024/04/14 04:03:48.711,2024-04-14 04:03:48.711000+00:00
2024/04/14, 04:04:48.711,39.466,-73.382,10.5,208.89,208.54,9.75,10.2,10.3,1011.0,1011.0,0.0,0.0,85.09,78.49,44,39,10.5,12.4,69.3,68.3,7.8,9.1,279.8,268.4,1013.1,1013.1,-6.54,294.01,-0.02,31.6265,7.7479,346.8,49.9,1477.415, NAN, NAN, NAN, NAN,,2024/04/14 04:04:48.711,2024-04-14 04:04:48.711000+00:00
2024/04/14, 04:05:48.711,39.464,-73.383,10.58,208.34,209.35,9.96,10.3,10.4,1011.3,1011.2,0.0,0.0,85.09,78.49,43,38,10.5,12.4,67.8,67.6,7.5,8.9,278.5,266.8,1013.4,1013.3,-6.41,294.0,-0.02,31.6261,7.7482,348.0,49.8,1477.416, NAN, NAN, NAN, NAN,,2024/04/14 04:05:48.711,2024-04-14 04:05:48.711000+00:00
2024/04/14, 04:06:48.711,39.462,-73.385,10.46,208.41,209.8,9.81,10.4,10.4,1011.2,1011.2,0.0,0.0,85.09,78.49,43,37,10.4,12.2,66.3,66.3,7.4,8.6,278.1,265.2,1013.3,1013.3,-6.37,294.19,-0.02,31.6261,7.7494,346.2,50.0,1477.42, NAN, NAN, NAN, NAN,,2024/04/14 04:06:48.711,2024-04-14 04:06:48.711000+00:00
2024/04/14, 04:07:48.711,39.459,-73.387,10.3,209.22,206.97,9.5,10.5,10.5,1011.0,1011.3,0.0,0.0,85.09,78.49,43,38,10.2,12.1,66.0,65.9,7.5,8.9,279.1,267.6,1013.1,1013.4,-6.36,294.08,-0.02,31.6291,7.7578,343.2,49.8,1477.456, NAN, NAN, NAN, NAN,,2024/04/14 04:07:48.711,2024-04-14 04:07:48.711000+00:00
2024/04/14, 04:08:48.711,39.457,-73.389,10.46,208.58,203.45,9.82,10.5,10.5,1011.3,1011.2,0.0,0.0,85.09,78.49,42,37,10.2,12.1,66.2,66.1,7.5,8.8,278.7,266.9,1013.4,1013.3,-6.36,294.01,-0.02,31.6278,7.757,345.2,49.8,1477.451, NAN, NAN, NAN, NAN,,2024/04/14 04:08:48.711,2024-04-14 04:08:48.711000+00:00
2024/04/14, 04:09:48.711,39.455,-73.39,10.43,208.68,208.44,9.84,10.5,10.5,1011.4,1011.5,0.0,0.0,85.09,78.49,43,38,10.1,12.2,66.5,66.4,7.3,8.8,280.0,267.4,1013.5,1013.6,-6.38,293.54,-0.02,31.6298,7.7372,348.0,49.9,1477.378, NAN, NAN, NAN, NAN,,2024/04/14 04:09:48.711,2024-04-14 04:09:48.711000+00:00
2024/04/14, 04:10:48.711,39.452,-73.392,10.54,208.9,212.86,9.96,10.5,10.5,1011.3,1011.4,0.0,0.0,85.09,78.49,44,37,10.0,11.6,66.4,66.4,7.1,8.0,281.8,267.5,1013.4,1013.5,-6.43,293.78,-0.02,31.6304,7.7243,351.6,50.1,1477.329, NAN, NAN, NAN, NAN,,2024/04/14 04:10:48.711,2024-04-14 04:10:48.711000+00:00
2024/04/14, 04:11:48.711,39.45,-73.394,10.64,209.93,208.6,10.02,10.5,10.5,1011.2,1011.3,0.0,0.0,85.09,78.49,43,38,9.8,11.8,65.8,65.8,7.0,8.4,283.1,270.2,1013.3,1013.4,-6.39,293.83,-0.01,31.6275,7.7286,355.0,49.9,1477.342, NAN, NAN, NAN, NAN,,2024/04/14 04:11:48.711,2024-04-14 04:11:48.711000+00:00
2024/04/14, 04:12:48.711,39.447,-73.396,10.66,209.94,209.46,10.21,10.5,10.5,1011.4,1011.3,0.0,0.0,85.09,78.49,43,38,9.8,11.9,66.0,65.9,7.0,8.4,284.0,270.7,1013.5,1013.4,-6.44,293.99,-0.01,31.627,7.7465,354.0,50.0,1477.41, NAN, NAN, NAN, NAN,,2024/04/14 04:12:48.711,2024-04-14 04:12:48.711000+00:00
2024/04/14, 04:13:48.711,39.445,-73.397,10.49,207.89,203.77,9.77,10.5,10.5,1011.2,1011.8,0.0,0.0,85.09,78.49,45,39,10.1,12.0,64.8,64.9,7.6,8.9,281.8,268.8,1013.3,1013.9,-6.45,294.33,-0.01,31.6258,7.7632,354.0,49.7,1477.473, NAN, NAN, NAN, NAN,,2024/04/14 04:13:48.711,2024-04-14 04:13:48.711000+00:00
2024/04/14, 04:14:48.711,39.442,-73.399,10.45,208.41,211.21,10.0,10.5,10.6,1011.2,1011.8,0.0,0.0,85.09,78.49,44,39,10.2,12.2,64.4,64.2,7.3,8.7,280.8,268.4,1013.3,1013.9,-6.44,294.56,-0.02,31.6287,7.7687,360.8,50.0,1477.497, NAN, NAN, NAN, NAN,,2024/04/14 04:14:48.711,2024-04-14 04:14:48.711000+00:00
2024/04/14, 04:15:48.711,39.44,-73.401,10.56,209.79,212.09,9.8,10.6,10.6,1011.4,1011.4,0.0,0.0,85.09,78.49,44,39,10.0,12.3,62.1,62.1,7.2,8.9,282.4,269.3,1013.5,1013.5,-6.45,294.05,-0.02,31.6315,7.7673,361.7,50.0,1477.495, NAN, NAN, NAN, NAN,,2024/04/14 04:15:48.711,2024-04-14 04:15:48.711000+00:00
2024/04/14, 04:16:48.711,39.438,-73.402,10.44,209.62,207.21,9.65,10.7,10.7,1011.3,1011.4,0.0,0.0,85.09,78.49,45,39,10.1,12.1,63.1,63.0,7.5,8.9,282.8,269.5,1013.4,1013.5,-6.36,294.01,-0.01,31.6338,7.7425,358.4,50.1,1477.403, NAN, NAN, NAN, NAN,,2024/04/14 04:16:48.711,2024-04-14 04:16:48.711000+00:00
2024/04/14, 04:17:48.711,39.435,-73.404,10.64,209.26,211.63,9.94,10.7,10.7,1011.3,1011.3,0.0,0.0,85.09,78.49,43,38,10.3,12.3,63.8,63.6,7.3,8.7,279.8,267.6,1013.4,1013.4,-6.4,293.39,-0.01,31.6329,7.7321,356.3,50.0,1477.362, NAN, NAN, NAN, NAN,,2024/04/14 04:17:48.711,2024-04-14 04:17:48.711000+00:00
2024/04/14, 04:18:48.711,39.433,-73.406,10.63,208.84,207.39,9.71,10.6,10.7,1011.5,1011.5,0.0,0.0,85.09,78.49,42,37,10.2,12.0,64.7,64.6,7.3,8.6,278.1,266.4,1013.6,1013.6,-6.42,293.07,-0.01,31.6346,7.7311,354.0,50.0,1477.361, NAN, NAN, NAN, NAN,,2024/04/14 04:18:48.711,2024-04-14 04:18:48.711000+00:00
2024/04/14, 04:19:48.712,39.431,-73.408,10.46,209.01,208.91,9.77,10.6,10.6,1011.5,1011.3,0.0,0.0,85.09,78.49,40,34,9.5,11.8,66.1,65.8,6.4,8.0,278.3,262.6,1013.6,1013.4,-6.45,292.73,-0.02,31.6341,7.7348,358.7,49.9,1477.374, NAN, NAN, NAN, NAN,,2024/04/14 04:19:48.712,2024-04-14 04:19:48.712000+00:00
2024/04/14, 04:20:48.712,39.428,-73.409,10.57,209.41,211.26,9.9,10.4,10.5,1011.5,1011.5,0.0,0.0,85.09,78.49,40,35,10.1,12.1,68.7,68.6,6.9,8.4,277.0,264.3,1013.6,1013.6,-6.5,293.2,-0.01,31.6353,7.7351,362.0,50.1,1477.377, NAN, NAN, NAN, NAN,,2024/04/14 04:20:48.712,2024-04-14 04:20:48.712000+00:00
2024/04/14, 04:21:48.712,39.426,-73.411,10.61,208.74,208.08,10.06,10.3,10.4,1011.5,1011.5,0.0,0.0,85.09,78.49,39,34,10.1,11.9,69.2,68.9,6.9,8.2,276.0,263.6,1013.6,1013.6,-6.58,293.48,-0.01,31.6256,7.7381,363.0,50.1,1477.376, NAN, NAN, NAN, NAN,,2024/04/14 04:21:48.712,2024-04-14 04:21:48.712000+00:00
2024/04/14, 04:22:48.712,39.423,-73.413,10.65,209.34,209.46,9.99,10.3,10.3,1011.4,1011.5,0.0,0.0,85.09,78.49,41,35,10.5,12.5,68.3,68.2,7.4,8.7,277.1,263.6,1013.5,1013.6,-6.63,293.49,-0.01,31.6352,7.7443,370.2,50.2,1477.412, NAN, NAN, NAN, NAN,,2024/04/14 04:22:48.712,2024-04-14 04:22:48.712000+00:00
2024/04/14, 04:23:48.712,39.421,-73.415,10.51,207.97,211.26,10.17,10.4,10.4,1011.6,1011.5,0.0,0.0,85.09,78.49,40,35,10.4,12.4,68.4,68.2,7.0,8.5,274.9,262.3,1013.7,1013.6,-6.57,293.22,-0.01,31.6359,7.7486,371.5,50.0,1477.429, NAN, NAN, NAN, NAN,,2024/04/14 04:23:48.712,2024-04-14 04:23:48.712000+00:00
2024/04/14, 04:24:48.712,39.418,-73.417,10.52,208.86,212.85,10.01,10.4,10.4,1011.6,1011.5,0.0,0.0,85.09,78.49,38,33,10.7,12.4,68.0,67.8,7.1,8.4,271.4,259.9,1013.7,1013.6,-6.49,293.27,-0.01,31.6379,7.7502,376.8,50.0,1477.438, NAN, NAN, NAN, NAN,,2024/04/14 04:24:48.712,2024-04-14 04:24:48.712000+00:00
2024/04/14, 04:25:48.712,39.416,-73.418,10.52,209.04,208.18,10.21,10.4,10.4,1011.8,1011.5,0.0,0.0,85.09,78.49,40,35,10.6,12.6,69.1,68.9,7.4,8.8,276.2,264.1,1013.9,1013.6,-6.46,293.29,-0.01,31.6382,7.7513,382.0,50.0,1477.442, NAN, NAN, NAN, NAN,,2024/04/14 04:25:48.712,2024-04-14 04:25:48.712000+00:00
2024/04/14, 04:26:48.712,39.414,-73.42,10.63,209.65,212.26,10.09,10.4,10.4,1011.5,1011.6,0.0,0.0,85.09,78.49,38,33,9.3,12.2,68.1,67.8,6.0,8.2,278.5,261.7,1013.6,1013.7,-6.47,292.93,-0.02,31.6389,7.7524,384.8,50.2,1477.448, NAN, NAN, NAN, NAN,,2024/04/14 04:26:48.712,2024-04-14 04:26:48.712000+00:00
2024/04/14, 04:27:48.712,39.411,-73.422,10.62,209.84,213.18,9.92,10.3,10.4,1011.5,1011.5,0.0,0.0,85.09,78.49,38,34,10.5,12.4,69.9,69.7,7.0,8.5,272.7,262.0,1013.6,1013.6,-6.41,293.48,-0.01,31.6396,7.7523,386.0,50.0,1477.448, NAN, NAN, NAN, NAN,,2024/04/14 04:27:48.712,2024-04-14 04:27:48.712000+00:00
2024/04/14, 04:28:48.712,39.409,-73.424,10.44,208.97,211.69,9.82,10.3,10.3,1011.7,1011.5,0.0,0.0,85.09,78.49,42,36,10.6,12.5,69.6,69.6,7.5,8.8,276.9,264.0,1013.8,1013.6,-6.5,293.3,-0.02,31.6398,7.752,389.7,50.0,1477.447, NAN, NAN, NAN, NAN,,2024/04/14 04:28:48.712,2024-04-14 04:28:48.712000+00:00
2024/04/14, 04:29:48.712,39.406,-73.425,10.48,215.2,208.13,10.2,10.3,10.3,1011.5,1011.7,0.0,0.0,85.09,78.49,43,38,10.7,12.8,67.8,67.8,8.2,9.7,286.7,275.1,1013.6,1013.8,-6.56,293.73,-0.02,31.6415,7.7599,391.5,49.9,1477.479, NAN, NAN, NAN, NAN,,2024/04/14 04:29:48.712,2024-04-14 04:29:48.712000+00:00
2024/04/14, 04:30:48.712,39.404,-73.428,10.15,222.64,226.23,9.52,10.4,10.4,1011.5,1011.8,0.0,0.0,85.09,78.49,37,32,10.1,12.3,66.4,66.4,6.6,8.3,283.9,271.0,1013.6,1013.9,-6.46,293.25,-0.01,31.6413,7.757,391.5,50.0,1477.468, NAN, NAN, NAN, NAN,,2024/04/14 04:30:48.712,2024-04-14 04:30:48.712000+00:00
2024/04/14, 04:31:48.712,39.402,-73.43,10.37,222.0,225.61,10.01,10.4,10.4,1011.6,1011.7,0.0,0.0,85.09,78.49,34,28,10.1,10.7,66.9,66.8,6.3,6.4,281.2,270.0,1013.7,1013.8,-6.42,292.57,-0.02,31.643,7.7538,387.8,50.2,1477.458, NAN, NAN, NAN, NAN,,2024/04/14 04:31:48.712,2024-04-14 04:31:48.712000+00:00
2024/04/14, 04:32:48.712,39.4,-73.433,10.59,222.25,224.49,10.36,10.3,10.4,1011.7,1011.8,0.0,0.0,85.09,78.49,32,27,10.7,10.7,69.0,68.7,6.7,6.3,278.2,270.6,1013.8,1013.9,-6.37,292.99,-0.01,31.6427,7.752,381.7,50.3,1477.451, NAN, NAN, NAN, NAN,,2024/04/14 04:32:48.712,2024-04-14 04:32:48.712000+00:00
2024/04/14, 04:33:48.712,39.398,-73.435,10.63,222.66,223.07,10.01,10.2,10.2,1011.5,1011.9,0.0,0.0,85.09,78.49,35,31,10.9,12.2,70.3,70.1,7.2,8.1,280.9,271.8,1013.6,1014.0,-6.35,293.42,-0.02,31.6423,7.7556,378.4,50.1,1477.464, NAN, NAN, NAN, NAN,,2024/04/14 04:33:48.712,2024-04-14 04:33:48.712000+00:00
2024/04/14, 04:34:48.713,39.396,-73.438,10.63,221.77,217.4,9.98,10.1,10.2,1011.6,1011.8,0.0,0.0,85.09,78.49,37,33,11.2,13.5,70.1,70.1,7.9,9.7,282.7,272.2,1013.7,1013.9,-6.51,293.52,-0.01,31.6446,7.7649,374.4,50.2,1477.502, NAN, NAN, NAN, NAN,,2024/04/14 04:34:48.713,2024-04-14 04:34:48.713000+00:00
2024/04/14, 04:35:48.713,39.394,-73.44,10.51,221.69,221.02,9.85,10.2,10.2,1011.8,1011.7,0.0,0.0,85.09,78.49,39,34,11.1,13.2,68.6,68.8,7.8,9.4,284.6,273.1,1013.9,1013.8,-6.42,293.28,-0.01,31.6442,7.7739,375.2,50.1,1477.536, NAN, NAN, NAN, NAN,,2024/04/14 04:35:48.713,2024-04-14 04:35:48.713000+00:00
2024/04/14, 04:36:48.713,39.392,-73.443,10.63,222.8,219.83,9.97,10.3,10.3,1011.8,1011.7,0.0,0.0,85.09,78.49,35,31,10.6,12.3,67.7,67.7,7.1,8.4,282.7,272.5,1013.9,1013.8,-6.35,292.38,-0.02,31.6445,7.7796,373.6,50.2,1477.559, NAN, NAN, NAN, NAN,,2024/04/14 04:36:48.713,2024-04-14 04:36:48.713000+00:00
2024/04/14, 04:37:48.713,39.39,-73.445,10.57,221.56,220.94,9.87,10.3,10.3,1011.7,1011.9,0.0,0.0,85.09,78.49,37,33,11.0,12.9,69.3,69.3,7.6,9.1,282.2,272.2,1013.8,1014.0,-6.41,293.47,-0.01,31.6444,7.7761,375.5,50.3,1477.545, NAN, NAN, NAN, NAN,,2024/04/14 04:37:48.713,2024-04-14 04:37:48.713000+00:00
2024/04/14, 04:38:48.713,39.388,-73.447,10.53,222.41,222.16,9.78,10.3,10.4,1011.8,1011.7,0.0,0.0,85.09,78.49,37,31,10.9,12.1,69.0,68.9,7.5,8.2,283.0,271.7,1013.9,1013.8,-6.37,293.41,-0.01,31.6463,7.7743,379.0,50.0,1477.541, NAN, NAN, NAN, NAN,,2024/04/14 04:38:48.713,2024-04-14 04:38:48.713000+00:00
2024/04/14, 04:39:48.713,39.386,-73.45,10.31,220.54,223.84,10.04,10.3,10.3,1011.9,1011.8,0.0,0.0,85.09,78.49,37,32,10.6,12.2,69.6,69.6,7.0,8.2,282.5,271.0,1014.0,1013.9,-6.35,293.52,-0.02,31.6492,7.7728,383.3,50.1,1477.538, NAN, NAN, NAN, NAN,,2024/04/14 04:39:48.713,2024-04-14 04:39:48.713000+00:00
2024/04/14, 04:40:48.713,39.384,-73.452,10.13,221.88,221.79,9.5,10.3,10.3,1011.7,1012.1,0.0,0.0,85.09,78.49,37,32,10.0,12.1,69.3,69.2,6.7,8.3,284.1,271.3,1013.8,1014.2,-6.46,293.63,-0.02,31.6498,7.781,385.7,49.7,1477.571, NAN, NAN, NAN, NAN,,2024/04/14 04:40:48.713,2024-04-14 04:40:48.713000+00:00
2024/04/14, 04:41:48.713,39.382,-73.455,10.43,222.09,224.15,10.04,10.3,10.4,1011.6,1011.9,0.0,0.0,85.09,78.49,38,33,9.8,12.3,69.0,68.9,6.5,8.4,288.7,274.0,1013.7,1014.0,-6.36,293.71,-0.02,31.6528,7.7959,393.1,49.8,1477.631, NAN, NAN, NAN, NAN,,2024/04/14 04:41:48.713,2024-04-14 04:41:48.713000+00:00
2024/04/14, 04:42:48.713,39.38,-73.457,10.31,221.3,226.51,10.07,10.4,10.4,1011.5,1012.0,0.0,0.0,85.09,78.49,36,29,11.2,12.3,67.1,67.8,7.4,8.0,279.6,266.7,1013.6,1014.1,-6.38,294.18,-0.02,31.6574,7.8133,393.6,50.0,1477.704, NAN, NAN, NAN, NAN,,2024/04/14 04:42:48.713,2024-04-14 04:42:48.713000+00:00
2024/04/14, 04:43:48.713,39.378,-73.46,10.5,222.34,222.89,10.02,10.5,10.5,1011.7,1011.8,0.0,0.0,85.09,78.49,35,30,10.6,12.2,67.3,67.1,6.9,8.1,281.6,270.1,1013.8,1013.9,-6.29,293.95,-0.01,31.6598,7.84,393.4,50.2,1477.809, NAN, NAN, NAN, NAN,,2024/04/14 04:43:48.713,2024-04-14 04:43:48.713000+00:00
2024/04/14, 04:44:48.713,39.376,-73.462,10.58,221.46,222.57,10.1,10.5,10.5,1011.8,1011.8,0.0,0.0,85.09,78.49,38,33,10.9,12.9,66.4,66.7,7.4,8.9,284.0,272.1,1013.9,1013.9,-6.3,294.35,-0.02,31.6648,7.8719,393.1,50.1,1477.937, NAN, NAN, NAN, NAN,,2024/04/14 04:44:48.713,2024-04-14 04:44:48.713000+00:00
2024/04/14, 04:45:48.713,39.374,-73.465,10.43,222.18,220.21,9.85,10.7,10.7,1011.9,1011.9,0.0,0.0,85.09,78.49,40,35,11.4,13.3,64.2,64.1,8.1,9.6,285.4,274.6,1014.0,1014.0,-6.28,293.93,-0.02,31.6691,7.901,397.2,50.2,1478.053, NAN, NAN, NAN, NAN,,2024/04/14 04:45:48.713,2024-04-14 04:45:48.713000+00:00
2024/04/14, 04:46:48.713,39.372,-73.467,10.55,221.74,224.76,10.25,10.8,10.7,1011.8,1011.8,0.0,0.0,85.09,78.49,37,32,10.9,12.5,62.8,64.1,7.2,8.4,283.4,272.1,1013.9,1013.9,-6.21,293.59,-0.02,31.6723,7.9274,397.6,50.3,1478.158, NAN, NAN, NAN, NAN,,2024/04/14 04:46:48.713,2024-04-14 04:46:48.713000+00:00
2024/04/14, 04:47:48.713,39.37,-73.469,10.61,222.05,222.03,9.9,10.9,10.9,1011.9,1011.8,0.0,0.0,85.09,78.49,39,34,10.5,12.2,63.1,63.1,7.2,8.4,286.7,275.2,1014.0,1013.9,-6.19,293.43,-0.02,31.6794,7.9483,398.5,50.4,1478.247, NAN, NAN, NAN, NAN,,2024/04/14 04:47:48.713,2024-04-14 04:47:48.713000+00:00
2024/04/14, 04:48:48.713,39.368,-73.472,10.47,220.91,223.1,10.16,10.9,10.9,1012.0,1011.8,0.0,0.0,85.09,78.49,44,39,10.6,12.4,63.0,63.1,7.6,8.8,292.5,280.9,1014.1,1013.9,-6.27,293.17,-0.02,31.6875,7.9628,396.9,50.4,1478.312, NAN, NAN, NAN, NAN,,2024/04/14 04:48:48.713,2024-04-14 04:48:48.713000+00:00
2024/04/14, 04:49:48.713,39.366,-73.474,10.72,221.46,218.99,10.03,10.9,10.9,1011.9,1011.8,0.0,0.0,85.09,78.49,43,37,10.7,12.7,62.9,62.8,7.8,9.1,291.4,278.4,1014.0,1013.9,-6.27,292.85,-0.02,31.6939,7.9704,394.8,50.5,1478.349, NAN, NAN, NAN, NAN,,2024/04/14 04:49:48.713,2024-04-14 04:49:48.713000+00:00
2024/04/14, 04:50:48.714,39.364,-73.477,10.67,221.67,222.28,10.05,10.8,10.9,1011.9,1011.8,0.0,0.0,85.09,78.49,42,36,10.7,12.6,63.4,63.4,7.6,8.8,290.0,277.0,1014.0,1013.9,-6.41,293.02,-0.02,31.6859,7.9587,393.9,50.5,1478.294, NAN, NAN, NAN, NAN,,2024/04/14 04:50:48.714,2024-04-14 04:50:48.714000+00:00
2024/04/14, 04:51:48.714,39.362,-73.479,10.49,221.34,223.5,10.25,10.8,10.9,1011.9,1011.9,0.0,0.0,85.09,78.49,39,34,10.1,12.1,63.9,63.8,6.7,8.2,288.8,275.6,1014.0,1014.0,-6.44,292.7,-0.02,31.7034,7.9304,388.1,50.3,1478.208, NAN, NAN, NAN, NAN,,2024/04/14 04:51:48.714,2024-04-14 04:51:48.714000+00:00
2024/04/14, 04:52:48.714,39.36,-73.482,10.72,221.26,228.19,10.57,10.8,10.9,1011.8,1012.0,0.0,0.0,85.09,78.49,38,33,9.9,11.7,65.1,63.9,6.2,7.4,288.6,275.0,1013.9,1014.1,-6.39,292.09,-0.02,31.7059,7.8946,382.0,50.5,1478.075, NAN, NAN, NAN, NAN,,2024/04/14 04:52:48.714,2024-04-14 04:52:48.714000+00:00
2024/04/14, 04:53:48.714,39.358,-73.484,10.53,222.46,225.3,10.24,10.7,10.8,1011.9,1011.9,0.0,0.0,85.09,78.49,39,33,9.3,11.1,65.9,65.8,6.0,7.1,293.3,277.8,1014.0,1014.0,-6.39,291.82,-0.02,31.7041,7.8079,371.5,50.5,1477.741, NAN, NAN, NAN, NAN,,2024/04/14 04:53:48.714,2024-04-14 04:53:48.714000+00:00
2024/04/14, 04:54:48.714,39.356,-73.487,10.67,221.42,223.98,10.27,10.6,10.7,1011.9,1011.9,0.0,0.0,85.09,78.49,37,32,9.6,10.8,66.9,66.9,6.1,6.7,288.2,276.3,1014.0,1014.0,-6.48,291.05,-0.02,31.7038,7.7462,368.1,50.5,1477.504, NAN, NAN, NAN, NAN,,2024/04/14 04:54:48.714,2024-04-14 04:54:48.714000+00:00
2024/04/14, 04:55:48.714,39.354,-73.489,10.61,221.68,224.73,10.11,10.5,10.5,1011.9,1011.9,0.0,0.0,85.09,78.49,41,36,10.1,12.4,68.1,68.0,6.8,8.6,290.8,277.2,1014.0,1014.0,-6.61,292.74,-0.02,31.6881,7.758,359.6,50.4,1477.53, NAN, NAN, NAN, NAN,,2024/04/14 04:55:48.714,2024-04-14 04:55:48.714000+00:00
2024/04/14, 04:56:48.714,39.352,-73.492,10.58,223.01,227.38,10.06,10.5,10.5,1011.8,1011.9,0.0,0.0,85.09,78.49,39,35,10.3,12.4,66.9,66.8,6.8,8.5,288.4,276.8,1013.9,1014.0,-6.54,292.56,-0.02,31.6768,7.7843,356.3,50.3,1477.617, NAN, NAN, NAN, NAN,,2024/04/14 04:56:48.714,2024-04-14 04:56:48.714000+00:00
2024/04/14, 04:57:48.714,39.35,-73.494,10.66,222.47,216.25,9.76,10.6,10.6,1011.8,1011.9,0.0,0.0,85.09,78.49,40,34,10.5,12.5,66.6,66.4,7.6,8.9,288.8,275.7,1013.9,1014.0,-6.6,292.81,-0.02,31.6764,7.7731,367.0,50.5,1477.573, NAN, NAN, NAN, NAN,,2024/04/14 04:57:48.714,2024-04-14 04:57:48.714000+00:00
2024/04/14, 04:58:48.714,39.348,-73.497,10.61,221.71,223.12,10.27,10.6,10.7,1011.8,1012.0,0.0,0.0,85.09,78.49,38,32,10.7,12.4,66.6,66.5,7.2,8.3,285.9,272.8,1013.9,1014.1,-6.47,292.5,-0.02,31.683,7.7831,373.2,46.1,1477.62, NAN, NAN, NAN, NAN,,2024/04/14 04:58:48.714,2024-04-14 04:58:48.714000+00:00
2024/04/14, 04:59:48.714,39.346,-73.499,10.61,221.25,223.27,10.09,10.6,10.7,1011.8,1011.9,0.0,0.0,85.09,78.49,37,32,10.1,12.2,67.3,67.3,6.6,8.2,285.4,272.1,1013.9,1014.0,-6.39,292.4,-0.02,31.6822,7.7915,372.8,46.9,1477.651, NAN, NAN, NAN, NAN,,2024/04/14 04:59:48.714,2024-04-14 04:59:48.714000+00:00
2024/04/14, 05:00:48.714,39.344,-73.502,10.61,221.68,224.92,10.17,10.6,10.7,1011.8,1011.9,0.0,0.0,85.09,78.49,36,31,10.5,12.1,68.8,67.3,6.8,7.9,283.1,271.3,1013.9,1014.0,-6.42,292.58,-0.02,31.6811,7.791,374.4,47.7,1477.648, NAN, NAN, NAN, NAN,,2024/04/14 05:00:48.714,2024-04-14 05:00:48.714000+00:00
2024/04/14, 05:01:48.714,39.341,-73.504,10.65,222.11,223.0,10.06,10.5,10.5,1011.9,1011.9,0.0,0.0,85.09,78.49,37,33,11.0,13.2,68.7,68.6,7.4,9.2,283.0,272.2,1014.0,1014.0,-6.41,293.05,-0.02,31.6836,7.7908,372.9,48.0,1477.65, NAN, NAN, NAN, NAN,,2024/04/14 05:01:48.714,2024-04-14 05:01:48.714000+00:00
2024/04/14, 05:02:48.714,39.339,-73.507,10.57,222.49,223.43,9.81,10.5,10.5,1011.9,1011.9,0.0,0.0,85.09,78.49,39,34,11.1,12.8,68.0,68.0,7.7,9.0,284.8,274.0,1014.0,1014.0,-6.48,292.69,-0.02,31.6857,7.7744,364.1,48.2,1477.59, NAN, NAN, NAN, NAN,,2024/04/14 05:02:48.714,2024-04-14 05:02:48.714000+00:00
2024/04/14, 05:03:48.714,39.337,-73.509,10.61,222.02,220.97,10.18,10.6,10.6,1011.8,1012.0,0.0,0.0,85.09,78.49,40,36,11.3,13.3,66.5,66.7,8.1,9.6,286.9,276.9,1013.9,1014.1,-6.53,292.81,-0.02,31.6861,7.7672,362.0,48.2,1477.563, NAN, NAN, NAN, NAN,,2024/04/14 05:03:48.714,2024-04-14 05:03:48.714000+00:00
2024/04/14, 05:04:48.714,39.335,-73.512,10.62,221.53,224.9,10.1,10.7,10.7,1011.8,1012.1,0.0,0.0,85.09,78.49,43,37,11.6,13.7,65.3,65.4,8.3,9.9,288.2,275.8,1013.9,1014.2,-6.42,293.19,-0.02,31.6906,7.7751,356.9,48.5,1477.599, NAN, NAN, NAN, NAN,,2024/04/14 05:04:48.714,2024-04-14 05:04:48.714000+00:00
2024/04/14, 05:05:48.714,39.333,-73.514,10.5,221.89,224.53,10.21,10.8,10.8,1011.9,1011.9,0.0,0.0,85.09,78.49,46,42,11.7,13.5,63.6,63.7,8.7,10.1,292.7,283.6,1014.0,1014.0,-6.4,293.67,-0.02,31.6886,7.7877,356.6,48.5,1477.644, NAN, NAN, NAN, NAN,,2024/04/14 05:05:48.714,2024-04-14 05:05:48.714000+00:00
2024/04/14, 05:06:48.714,39.331,-73.517,10.33,223.02,226.76,9.69,11.0,11.0,1011.9,1012.2,0.0,0.0,85.09,78.49,51,45,13.3,14.9,60.9,61.1,10.6,11.7,294.4,284.6,1014.0,1014.3,-6.28,294.52,-0.02,31.6944,7.7293,356.3,48.6,1477.428, NAN, NAN, NAN, NAN,,2024/04/14 05:06:48.714,2024-04-14 05:06:48.714000+00:00
2024/04/14, 05:07:48.715,39.329,-73.519,10.42,220.54,220.17,10.03,11.2,11.0,1011.8,1011.9,0.0,0.0,85.09,78.49,50,46,12.7,14.4,59.5,61.0,10.2,11.4,293.4,285.5,1013.9,1014.0,-6.25,294.25,-0.02,31.7024,7.6286,352.3,48.7,1477.051, NAN, NAN, NAN, NAN,,2024/04/14 05:07:48.715,2024-04-14 05:07:48.715000+00:00
2024/04/14, 05:08:48.715,39.327,-73.521,10.56,220.93,221.98,10.16,11.4,11.4,1012.1,1011.8,0.0,0.0,85.09,78.49,51,46,12.3,14.2,59.1,58.9,9.8,11.1,296.0,286.3,1014.2,1013.9,-6.05,293.92,-0.02,31.7074,7.5437,341.6,48.9,1476.731, NAN, NAN, NAN, NAN,,2024/04/14 05:08:48.715,2024-04-14 05:08:48.715000+00:00
2024/04/14, 05:09:48.715,39.325,-73.524,10.62,221.8,222.34,10.03,11.4,11.4,1011.8,1012.1,0.0,0.0,85.09,78.49,52,47,12.8,14.6,57.8,57.8,10.4,11.7,296.6,287.5,1013.9,1014.2,-6.13,293.89,-0.02,31.6847,7.5529,313.6,48.6,1476.738, NAN, NAN, NAN, NAN,,2024/04/14 05:09:48.715,2024-04-14 05:09:48.715000+00:00
2024/04/14, 05:10:48.715,39.323,-73.526,10.58,221.86,220.22,10.31,11.5,11.5,1011.9,1011.9,0.0,0.0,85.09,78.49,51,46,13.1,14.1,56.5,56.6,10.7,11.2,295.9,288.1,1014.0,1014.0,-6.09,293.57,-0.01,31.6727,7.6582,300.4,48.8,1477.128, NAN, NAN, NAN, NAN,,2024/04/14 05:10:48.715,2024-04-14 05:10:48.715000+00:00
2024/04/14, 05:11:48.715,39.321,-73.529,10.52,221.34,216.35,9.92,11.6,11.6,1011.9,1011.9,0.0,0.0,85.09,78.49,53,47,12.9,14.7,57.0,57.1,10.8,12.0,297.1,287.1,1014.0,1014.0,-6.06,293.45,-0.02,31.6676,7.7556,297.7,48.6,1477.495, NAN, NAN, NAN, NAN,,2024/04/14 05:11:48.715,2024-04-14 05:11:48.715000+00:00
2024/04/14, 05:12:48.715,39.319,-73.531,10.64,221.47,219.4,10.06,11.6,11.6,1011.6,1012.1,0.0,0.0,85.09,78.49,55,49,13.1,14.9,55.9,56.0,11.1,12.2,299.2,289.3,1013.7,1014.2,-6.07,293.35,-0.02,31.6898,7.8095,312.3,49.0,1477.729, NAN, NAN, NAN, NAN,,2024/04/14 05:12:48.715,2024-04-14 05:12:48.715000+00:00
2024/04/14, 05:13:48.715,39.317,-73.534,10.56,222.47,221.45,10.0,11.7,11.7,1012.2,1012.0,0.0,0.0,85.09,78.49,53,47,12.4,14.5,55.6,55.6,10.2,11.6,299.3,288.3,1014.3,1014.1,-6.09,293.17,-0.02,31.7062,7.8499,329.1,48.6,1477.904, NAN, NAN, NAN, NAN,,2024/04/14 05:13:48.715,2024-04-14 05:13:48.715000+00:00
2024/04/14, 05:14:48.715,39.315,-73.536,10.57,220.86,222.28,10.29,11.7,11.7,1012.0,1012.2,0.0,0.0,85.09,78.49,51,46,12.3,14.3,55.5,55.6,9.8,11.2,296.4,286.4,1014.1,1014.3,-6.15,292.53,-0.02,31.7158,7.8841,339.5,48.9,1478.047, NAN, NAN, NAN, NAN,,2024/04/14 05:14:48.715,2024-04-14 05:14:48.715000+00:00
2024/04/14, 05:15:48.715,39.313,-73.539,10.59,221.63,223.22,10.23,11.6,11.7,1012.0,1012.0,0.0,0.0,85.09,78.49,50,44,11.7,13.7,56.8,56.7,9.2,10.5,297.4,285.7,1014.1,1014.1,-6.16,292.08,-0.02,31.7213,7.9135,351.3,48.8,1478.166, NAN, NAN, NAN, NAN,,2024/04/14 05:15:48.715,2024-04-14 05:15:48.715000+00:00
2024/04/14, 05:16:48.715,39.311,-73.541,10.54,221.85,224.72,9.92,11.5,11.6,1012.0,1012.1,0.0,0.0,85.09,78.49,51,44,12.0,13.8,58.1,58.0,9.4,10.5,296.7,284.5,1014.1,1014.2,-6.38,292.11,-0.01,31.7261,7.9358,363.0,48.9,1478.257, NAN, NAN, NAN, NAN,,2024/04/14 05:16:48.715,2024-04-14 05:16:48.715000+00:00
2024/04/14, 05:17:48.715,39.309,-73.543,10.55,222.22,223.0,10.15,11.5,11.5,1011.9,1012.0,0.0,0.0,85.09,78.49,49,44,11.7,13.6,58.6,58.6,9.1,10.4,296.6,286.3,1014.0,1014.1,-6.35,291.63,-0.01,31.7278,7.9496,370.8,49.0,1478.312, NAN, NAN, NAN, NAN,,2024/04/14 05:17:48.715,2024-04-14 05:17:48.715000+00:00
2024/04/14, 05:18:48.715,39.306,-73.546,10.66,221.43,224.21,9.91,11.4,11.4,1011.9,1012.2,0.0,0.0,85.09,78.49,48,43,12.0,13.7,58.8,58.8,9.2,10.4,292.9,283.2,1014.0,1014.3,-6.46,292.09,-0.01,31.7333,7.9622,376.8,49.2,1478.366, NAN, NAN, NAN, NAN,,2024/04/14 05:18:48.715,2024-04-14 05:18:48.715000+00:00
2024/04/14, 05:19:48.715,39.304,-73.548,10.58,222.75,224.8,10.08,11.4,11.4,1012.2,1011.9,0.0,0.0,85.09,78.49,48,43,12.0,13.8,58.8,58.8,9.2,10.5,294.7,284.8,1014.3,1014.0,-6.45,292.14,-0.02,31.7374,7.9769,385.1,49.3,1478.427, NAN, NAN, NAN, NAN,,2024/04/14 05:19:48.715,2024-04-14 05:19:48.715000+00:00
2024/04/14, 05:20:48.715,39.302,-73.551,10.57,222.19,220.14,10.11,11.4,11.4,1012.0,1012.1,0.0,0.0,85.09,78.49,47,42,11.6,13.4,59.3,59.3,9.0,10.3,294.7,284.6,1014.1,1014.2,-6.46,291.85,-0.02,31.7395,7.9915,391.2,49.3,1478.486, NAN, NAN, NAN, NAN,,2024/04/14 05:20:48.715,2024-04-14 05:20:48.715000+00:00
2024/04/14, 05:21:48.715,39.3,-73.553,10.51,220.74,221.17,10.1,11.3,11.4,1012.1,1012.2,0.0,0.0,85.09,78.49,47,41,11.4,13.6,60.5,59.3,8.7,10.3,293.5,281.1,1014.2,1014.3,-6.49,291.9,-0.01,31.7408,8.0001,393.9,49.3,1478.52, NAN, NAN, NAN, NAN,,2024/04/14 05:21:48.715,2024-04-14 05:21:48.715000+00:00
2024/04/14, 05:22:48.715,39.298,-73.555,10.49,221.2,220.92,9.78,11.3,11.3,1012.3,1012.2,0.0,0.0,85.09,78.49,47,42,11.6,13.6,60.8,60.6,8.9,10.4,292.3,281.9,1014.4,1014.3,-6.47,292.12,-0.02,31.7416,8.0067,396.1,49.1,1478.546, NAN, NAN, NAN, NAN,,2024/04/14 05:22:48.715,2024-04-14 05:22:48.715000+00:00
2024/04/14, 05:23:48.716,39.296,-73.558,10.68,220.82,226.42,10.3,11.2,11.3,1012.0,1012.2,0.0,0.0,85.09,78.49,46,41,11.4,13.3,61.0,60.8,8.3,9.7,292.4,281.4,1014.1,1014.3,-6.48,291.78,-0.01,31.7419,8.0097,397.2,49.5,1478.558, NAN, NAN, NAN, NAN,,2024/04/14 05:23:48.716,2024-04-14 05:23:48.716000+00:00
2024/04/14, 05:24:48.716,39.294,-73.56,10.57,221.07,220.6,10.22,11.2,11.3,1012.1,1012.2,0.0,0.0,85.09,78.49,47,42,11.1,13.1,61.1,61.1,8.4,9.9,295.2,284.0,1014.2,1014.3,-6.56,291.57,-0.02,31.7431,8.01,401.9,49.3,1478.561, NAN, NAN, NAN, NAN,,2024/04/14 05:24:48.716,2024-04-14 05:24:48.716000+00:00
2024/04/14, 05:25:48.716,39.292,-73.563,10.68,221.37,222.58,10.01,11.2,11.2,1011.9,1012.2,0.0,0.0,85.09,78.49,48,41,10.7,12.8,61.3,61.5,8.1,9.4,297.0,282.8,1014.0,1014.3,-6.53,291.18,-0.01,31.7433,8.0197,401.9,49.5,1478.598, NAN, NAN, NAN, NAN,,2024/04/14 05:25:48.716,2024-04-14 05:25:48.716000+00:00
2024/04/14, 05:26:48.716,39.29,-73.565,10.57,222.52,217.84,9.97,11.2,11.2,1012.2,1012.2,0.0,0.0,85.09,78.49,49,41,11.4,12.9,61.4,61.3,9.1,9.8,297.5,284.4,1014.3,1014.3,-6.62,291.86,-0.02,31.7429,8.0325,402.8,49.4,1478.646, NAN, NAN, NAN, NAN,,2024/04/14 05:26:48.716,2024-04-14 05:26:48.716000+00:00
2024/04/14, 05:27:48.716,39.288,-73.568,10.56,221.92,224.2,10.04,11.2,11.2,1012.2,1012.2,0.0,0.0,85.09,78.49,44,39,11.1,13.0,61.2,61.0,8.1,9.5,291.5,280.4,1014.3,1014.3,-6.57,291.01,-0.01,31.743,8.0515,402.8,49.5,1478.718, NAN, NAN, NAN, NAN,,2024/04/14 05:27:48.716,2024-04-14 05:27:48.716000+00:00
2024/04/14, 05:28:48.716,39.286,-73.57,10.61,221.44,221.54,10.06,11.1,11.2,1012.0,1012.3,0.0,0.0,85.09,78.49,43,37,10.5,12.2,62.8,62.6,7.6,8.6,292.1,279.4,1014.1,1014.4,-6.61,290.6,-0.02,31.7425,8.0681,405.9,49.5,1478.781, NAN, NAN, NAN, NAN,,2024/04/14 05:28:48.716,2024-04-14 05:28:48.716000+00:00
2024/04/14, 05:29:48.716,39.283,-73.573,10.62,222.03,228.53,10.38,11.0,11.1,1012.3,1011.9,0.0,0.0,85.09,78.49,41,35,9.9,12.1,63.6,63.7,6.5,8.0,292.8,277.2,1014.4,1014.0,-6.68,290.32,-0.01,31.742,8.0773,407.0,49.4,1478.815, NAN, NAN, NAN, NAN,,2024/04/14 05:29:48.716,2024-04-14 05:29:48.716000+00:00
2024/04/14, 05:30:48.716,39.281,-73.575,10.73,220.76,220.37,10.34,10.9,11.0,1012.0,1012.2,0.0,0.0,85.09,78.49,40,36,10.1,12.2,64.5,64.4,7.0,8.5,290.4,278.5,1014.1,1014.3,-6.68,290.44,-0.02,31.7408,8.0909,410.7,49.5,1478.865, NAN, NAN, NAN, NAN,,2024/04/14 05:30:48.716,2024-04-14 05:30:48.716000+00:00
2024/04/14, 05:31:48.716,39.279,-73.577,10.66,220.92,224.09,10.37,10.9,10.9,1012.0,1012.2,0.0,0.0,85.09,78.49,41,35,10.6,12.6,64.9,64.8,7.3,8.6,289.4,275.6,1014.1,1014.3,-6.78,290.63,-0.01,31.7426,8.1053,412.3,49.5,1478.922, NAN, NAN, NAN, NAN,,2024/04/14 05:31:48.716,2024-04-14 05:31:48.716000+00:00
2024/04/14, 05:32:48.716,39.277,-73.58,10.59,221.73,221.45,10.22,10.8,10.9,1012.0,1012.2,0.0,0.0,85.09,78.49,41,36,10.8,12.8,64.9,64.9,7.6,9.1,289.4,277.5,1014.1,1014.3,-6.75,290.91,-0.02,31.7443,8.115,418.7,49.5,1478.961, NAN, NAN, NAN, NAN,,2024/04/14 05:32:48.716,2024-04-14 05:32:48.716000+00:00
2024/04/14, 05:33:48.716,39.275,-73.582,10.65,221.15,225.37,10.4,10.9,10.9,1012.2,1012.2,0.0,0.0,85.09,78.49,41,37,11.1,13.4,64.6,64.5,7.7,9.5,288.0,277.0,1014.3,1014.3,-6.71,291.36,-0.01,31.7455,8.1246,424.1,49.4,1478.999, NAN, NAN, NAN, NAN,,2024/04/14 05:33:48.716,2024-04-14 05:33:48.716000+00:00
2024/04/14, 05:34:48.716,39.273,-73.585,10.61,221.16,221.07,10.35,10.9,10.9,1012.2,1012.2,0.0,0.0,85.09,78.49,42,37,11.0,13.2,64.5,64.4,7.9,9.5,290.0,278.0,1014.3,1014.3,-6.74,291.11,-0.02,31.7472,8.1342,427.2,49.4,1479.038, NAN, NAN, NAN, NAN,,2024/04/14 05:34:48.716,2024-04-14 05:34:48.716000+00:00
2024/04/14, 05:35:48.716,39.271,-73.587,10.71,221.75,218.4,10.34,10.9,10.9,1012.2,1012.1,0.0,0.0,85.09,78.49,40,37,11.3,13.4,64.8,64.8,8.2,9.9,287.6,278.6,1014.3,1014.2,-6.73,291.58,-0.02,31.7473,8.1419,429.4,49.5,1479.067, NAN, NAN, NAN, NAN,,2024/04/14 05:35:48.716,2024-04-14 05:35:48.716000+00:00
2024/04/14, 05:36:48.716,39.269,-73.59,10.57,221.84,221.47,10.07,10.9,10.9,1012.1,1012.3,0.0,0.0,85.09,78.49,42,36,11.3,12.9,64.2,64.3,8.2,9.2,288.7,277.0,1014.2,1014.4,-6.64,291.5,-0.02,31.7444,8.1487,432.4,49.6,1479.089, NAN, NAN, NAN, NAN,,2024/04/14 05:36:48.716,2024-04-14 05:36:48.716000+00:00
2024/04/14, 05:37:48.716,39.267,-73.592,10.6,221.91,225.17,10.29,10.9,10.9,1012.0,1012.2,0.0,0.0,85.09,78.49,41,36,10.0,12.0,64.2,64.9,6.8,8.2,292.6,279.4,1014.1,1014.3,-6.54,290.59,-0.02,31.7468,8.1524,433.9,49.6,1479.106, NAN, NAN, NAN, NAN,,2024/04/14 05:37:48.716,2024-04-14 05:37:48.716000+00:00
2024/04/14, 05:38:48.716,39.265,-73.595,10.7,221.85,223.01,10.36,10.8,10.8,1012.1,1012.3,0.0,0.0,85.09,78.49,41,35,11.0,12.8,66.9,66.8,7.8,8.9,289.3,276.6,1014.2,1014.4,-6.69,291.69,-0.02,31.7483,8.156,437.6,49.6,1479.122, NAN, NAN, NAN, NAN,,2024/04/14 05:38:48.716,2024-04-14 05:38:48.716000+00:00
2024/04/14, 05:39:48.716,39.262,-73.597,10.7,221.45,221.58,10.24,10.8,10.8,1012.2,1012.2,0.0,0.0,85.09,78.49,42,36,10.8,12.9,65.0,64.9,7.7,9.2,290.5,277.1,1014.3,1014.3,-6.65,291.73,-0.02,31.7479,8.1597,438.5,49.5,1479.135, NAN, NAN, NAN, NAN,,2024/04/14 05:39:48.716,2024-04-14 05:39:48.716000+00:00
2024/04/14, 05:40:48.717,39.26,-73.599,10.66,221.41,219.84,10.28,10.8,10.8,1012.2,1012.4,0.0,0.0,85.09,78.49,38,33,10.4,12.0,65.2,65.1,7.1,8.2,287.3,275.6,1014.3,1014.5,-6.44,290.98,-0.02,31.7487,8.1623,439.6,49.5,1479.146, NAN, NAN, NAN, NAN,,2024/04/14 05:40:48.717,2024-04-14 05:40:48.717000+00:00
2024/04/14, 05:41:48.717,39.258,-73.602,10.65,221.88,219.1,10.03,10.7,10.8,1012.2,1012.3,0.0,0.0,85.09,78.49,37,32,9.8,11.0,66.6,66.4,6.6,7.3,287.9,276.8,1014.3,1014.4,-6.57,289.81,-0.01,31.7502,8.1679,442.8,49.3,1479.169, NAN, NAN, NAN, NAN,,2024/04/14 05:41:48.717,2024-04-14 05:41:48.717000+00:00
2024/04/14, 05:42:48.717,39.256,-73.604,10.68,222.17,219.44,10.23,10.6,10.7,1012.3,1012.4,0.0,0.0,85.09,78.49,34,28,9.4,9.5,68.6,68.3,6.0,5.6,287.0,277.9,1014.4,1014.5,-6.53,290.22,-0.02,31.7507,8.1844,444.3,49.3,1479.233, NAN, NAN, NAN, NAN,,2024/04/14 05:42:48.717,2024-04-14 05:42:48.717000+00:00
2024/04/14, 05:43:48.717,39.254,-73.607,10.76,222.7,220.68,10.25,10.4,10.5,1012.2,1012.2,0.0,0.0,85.09,78.49,38,33,10.6,12.3,69.8,70.0,7.3,8.4,287.6,275.9,1014.3,1014.3,-6.78,291.25,-0.02,31.7475,8.2033,445.9,49.5,1479.3, NAN, NAN, NAN, NAN,,2024/04/14 05:43:48.717,2024-04-14 05:43:48.717000+00:00
2024/04/14, 05:44:48.717,39.252,-73.609,10.73,221.66,216.17,10.28,10.5,10.5,1012.2,1012.2,0.0,0.0,85.09,78.49,44,38,11.9,13.5,67.7,68.3,9.1,10.1,290.6,279.6,1014.3,1014.3,-6.72,292.15,-0.01,31.7445,8.2207,443.6,49.6,1479.362, NAN, NAN, NAN, NAN,,2024/04/14 05:44:48.717,2024-04-14 05:44:48.717000+00:00
2024/04/14, 05:45:48.717,39.25,-73.612,10.59,221.36,224.74,10.51,10.7,10.6,1012.2,1012.4,0.0,0.0,85.09,78.49,43,37,11.0,12.7,65.2,65.2,7.8,8.9,291.5,279.0,1014.3,1014.5,-6.7,291.66,-0.02,31.743,8.2303,444.0,49.6,1479.397, NAN, NAN, NAN, NAN,,2024/04/14 05:45:48.717,2024-04-14 05:45:48.717000+00:00
2024/04/14, 05:46:48.717,39.248,-73.614,10.65,221.59,220.46,10.23,10.8,10.8,1012.2,1012.4,0.0,0.0,85.09,78.49,44,40,10.7,12.6,63.6,64.0,7.9,9.3,293.5,283.2,1014.3,1014.5,-6.56,292.11,-0.02,31.7416,8.2378,442.2,49.3,1479.424, NAN, NAN, NAN, NAN,,2024/04/14 05:46:48.717,2024-04-14 05:46:48.717000+00:00
2024/04/14, 05:47:48.717,39.245,-73.617,10.7,221.88,219.63,10.07,10.9,11.0,1012.2,1012.3,0.0,0.0,85.09,78.49,46,40,10.9,12.8,62.5,62.7,8.3,9.5,295.1,282.8,1014.3,1014.4,-6.49,292.41,-0.02,31.7392,8.2421,442.8,49.3,1479.437, NAN, NAN, NAN, NAN,,2024/04/14 05:47:48.717,2024-04-14 05:47:48.717000+00:00
2024/04/14, 05:48:48.717,39.243,-73.619,10.82,222.04,219.61,10.22,11.1,11.1,1012.2,1012.4,0.0,0.0,85.09,78.49,47,40,11.2,13.0,61.6,61.6,8.7,9.7,296.1,283.1,1014.3,1014.5,-6.44,292.67,-0.01,31.7365,8.2439,444.0,49.5,1479.44, NAN, NAN, NAN, NAN,,2024/04/14 05:48:48.717,2024-04-14 05:48:48.717000+00:00
2024/04/14, 05:49:48.717,39.241,-73.621,10.64,221.09,215.86,10.08,11.1,11.2,1012.2,1012.4,0.0,0.0,85.09,78.49,44,38,11.2,12.8,61.5,60.5,8.4,9.4,291.2,279.7,1014.3,1014.5,-6.34,292.57,-0.01,31.7354,8.244,443.0,49.3,1479.439, NAN, NAN, NAN, NAN,,2024/04/14 05:49:48.717,2024-04-14 05:49:48.717000+00:00
2024/04/14, 05:50:48.717,39.239,-73.624,10.75,221.73,220.46,10.3,11.2,11.3,1012.1,1012.3,0.0,0.0,85.09,78.49,43,39,11.1,13.0,60.7,60.9,8.2,9.6,291.6,281.6,1014.2,1014.4,-6.36,292.61,-0.01,31.7336,8.2434,442.5,49.7,1479.435, NAN, NAN, NAN, NAN,,2024/04/14 05:50:48.717,2024-04-14 05:50:48.717000+00:00
2024/04/14, 05:51:48.717,39.237,-73.626,10.75,221.59,221.75,10.32,11.2,11.3,1012.4,1012.2,0.0,0.0,85.09,78.49,44,38,11.3,12.9,60.3,60.5,8.3,9.3,291.7,280.0,1014.5,1014.3,-6.27,292.66,-0.02,31.7306,8.2437,442.5,49.5,1479.432, NAN, NAN, NAN, NAN,,2024/04/14 05:51:48.717,2024-04-14 05:51:48.717000+00:00
2024/04/14, 05:52:48.717,39.235,-73.629,10.8,222.66,224.11,10.35,11.3,11.3,1012.3,1012.2,0.0,0.0,85.09,78.49,46,40,11.2,13.1,59.9,60.0,8.4,9.6,295.6,283.3,1014.4,1014.3,-6.36,292.66,-0.02,31.7293,8.2452,443.6,49.7,1479.436, NAN, NAN, NAN, NAN,,2024/04/14 05:52:48.717,2024-04-14 05:52:48.717000+00:00
2024/04/14, 05:53:48.717,39.233,-73.631,10.74,221.52,219.4,10.22,11.3,11.3,1012.1,1012.4,0.0,0.0,85.09,78.49,47,41,11.3,13.1,59.5,59.5,8.7,9.8,295.2,283.4,1014.2,1014.5,-6.33,292.75,-0.01,31.7263,8.2485,441.9,49.3,1479.445, NAN, NAN, NAN, NAN,,2024/04/14 05:53:48.717,2024-04-14 05:53:48.717000+00:00
2024/04/14, 05:54:48.717,39.23,-73.634,10.75,221.81,225.06,10.49,11.4,11.4,1012.2,1012.3,0.0,0.0,85.09,78.49,45,40,11.3,13.1,58.8,58.8,8.2,9.5,293.4,282.4,1014.3,1014.4,-6.42,292.0,-0.02,31.7231,8.251,437.9,49.4,1479.451, NAN, NAN, NAN, NAN,,2024/04/14 05:54:48.717,2024-04-14 05:54:48.717000+00:00
2024/04/14, 05:55:48.717,39.228,-73.636,10.73,222.05,218.99,10.18,11.4,11.4,1012.3,1012.4,0.0,0.0,85.09,78.49,44,40,10.9,12.8,58.8,58.9,8.2,9.6,293.4,283.4,1014.4,1014.5,-6.38,292.05,-0.02,31.7177,8.2625,436.1,49.5,1479.488, NAN, NAN, NAN, NAN,,2024/04/14 05:55:48.717,2024-04-14 05:55:48.717000+00:00
2024/04/14, 05:56:48.717,39.226,-73.639,10.8,222.28,225.15,10.42,11.4,11.4,1012.0,1012.4,0.0,0.0,85.09,78.49,45,40,11.0,13.1,59.2,59.1,8.0,9.5,294.6,282.7,1014.1,1014.5,-6.36,291.96,-0.02,31.7128,8.2744,435.5,49.6,1479.526, NAN, NAN, NAN, NAN,,2024/04/14 05:56:48.717,2024-04-14 05:56:48.717000+00:00
2024/04/14, 05:57:48.718,39.224,-73.641,10.79,221.41,221.65,10.17,11.4,11.4,1012.4,1012.3,0.0,0.0,85.09,78.49,46,40,10.6,12.4,59.1,59.1,7.9,9.0,295.7,283.2,1014.5,1014.4,-6.42,291.96,-0.01,31.7086,8.2815,433.1,49.5,1479.548, NAN, NAN, NAN, NAN,,2024/04/14 05:57:48.718,2024-04-14 05:57:48.718000+00:00
2024/04/14, 05:58:48.718,39.222,-73.644,10.65,221.88,221.61,10.22,11.3,11.4,1012.2,1012.4,0.0,0.0,85.09,78.49,45,40,10.6,12.5,59.0,59.1,7.8,9.1,295.3,283.7,1014.3,1014.5,-6.42,292.02,-0.02,31.7047,8.2764,430.2,49.5,1479.524, NAN, NAN, NAN, NAN,,2024/04/14 05:58:48.718,2024-04-14 05:58:48.718000+00:00
2024/04/14, 05:59:48.718,39.22,-73.646,10.83,222.35,223.91,10.36,11.4,11.4,1012.2,1012.4,0.0,0.0,85.09,78.49,46,41,10.6,12.5,58.8,58.9,7.9,9.1,297.3,285.6,1014.3,1014.5,-6.48,292.18,-0.02,31.7022,8.2669,426.0,49.6,1479.485, NAN, NAN, NAN, NAN,,2024/04/14 05:59:48.718,2024-04-14 05:59:48.718000+00:00
2024/04/14, 06:00:48.718,39.218,-73.648,10.73,221.24,218.65,10.38,11.4,11.4,1012.2,1012.4,0.0,0.0,85.09,78.49,48,41,10.3,12.0,58.7,58.8,7.9,8.8,299.9,286.2,1014.3,1014.5,-6.44,291.74,-0.02,31.7019,8.2658,424.4,49.5,1479.48, NAN, NAN, NAN, NAN,,2024/04/14 06:00:48.718,2024-04-14 06:00:48.718000+00:00
2024/04/14, 06:01:48.718,39.215,-73.651,10.72,222.35,220.57,10.26,11.4,11.4,1012.3,1012.3,0.0,0.0,85.09,78.49,44,39,10.1,12.1,59.2,59.2,7.4,8.7,296.7,284.2,1014.4,1014.4,-6.47,291.49,-0.02,31.7033,8.2684,424.8,49.4,1479.492, NAN, NAN, NAN, NAN,,2024/04/14 06:01:48.718,2024-04-14 06:01:48.718000+00:00
2024/04/14, 06:02:48.718,39.213,-73.653,10.56,222.17,221.78,9.99,11.4,11.3,1012.3,1012.3,0.0,0.0,85.09,78.49,44,38,9.8,11.9,59.3,59.7,7.1,8.5,296.5,282.1,1014.4,1014.4,-6.59,291.47,-0.02,31.7046,8.2686,423.5,49.1,1479.494, NAN, NAN, NAN, NAN,,2024/04/14 06:02:48.718,2024-04-14 06:02:48.718000+00:00
2024/04/14, 06:03:48.718,39.211,-73.656,10.63,222.19,219.1,10.18,11.2,11.3,1012.2,1012.4,0.0,0.0,85.09,78.49,43,37,9.7,11.8,60.5,60.6,7.0,8.4,296.7,282.1,1014.3,1014.5,-6.69,291.03,-0.02,31.7037,8.2785,422.0,49.4,1479.531, NAN, NAN, NAN, NAN,,2024/04/14 06:03:48.718,2024-04-14 06:03:48.718000+00:00
2024/04/14, 06:04:48.718,39.209,-73.658,10.72,222.72,222.62,10.12,11.2,11.2,1012.4,1012.3,0.0,0.0,85.09,78.49,39,35,9.7,11.8,61.2,61.1,6.5,8.1,291.6,279.1,1014.5,1014.4,-6.65,291.06,-0.02,31.7027,8.2921,421.7,49.5,1479.581, NAN, NAN, NAN, NAN,,2024/04/14 06:04:48.718,2024-04-14 06:04:48.718000+00:00
2024/04/14, 06:05:48.718,39.207,-73.661,10.72,221.66,219.39,10.26,11.2,11.2,1012.4,1012.4,0.0,0.0,85.09,78.49,41,36,9.3,11.3,61.2,62.0,6.5,7.8,296.1,282.0,1014.5,1014.5,-6.64,291.05,-0.01,31.7049,8.3069,426.8,49.3,1479.64, NAN, NAN, NAN, NAN,,2024/04/14 06:05:48.718,2024-04-14 06:05:48.718000+00:00
2024/04/14, 06:06:48.718,39.205,-73.663,10.77,221.54,221.72,10.33,11.1,11.1,1012.4,1012.3,0.0,0.0,85.09,78.49,41,36,9.3,11.1,62.6,62.6,6.3,7.5,295.9,282.2,1014.5,1014.4,-6.74,291.3,-0.02,31.7059,8.3176,429.7,49.6,1479.681, NAN, NAN, NAN, NAN,,2024/04/14 06:06:48.718,2024-04-14 06:06:48.718000+00:00
2024/04/14, 06:07:48.718,39.203,-73.666,10.76,221.39,216.92,10.26,11.0,11.1,1012.3,1012.4,0.0,0.0,85.09,78.49,38,33,8.7,10.4,63.1,63.1,5.7,6.8,295.4,280.7,1014.4,1014.5,-6.73,290.96,-0.01,31.7058,8.3244,428.1,49.3,1479.707, NAN, NAN, NAN, NAN,,2024/04/14 06:07:48.718,2024-04-14 06:07:48.718000+00:00
2024/04/14, 06:08:48.718,39.2,-73.668,10.73,222.22,223.15,10.36,11.0,11.0,1012.4,1012.4,0.0,0.0,85.09,78.49,36,31,9.0,10.4,64.6,64.5,5.6,6.4,291.9,278.4,1014.5,1014.5,-6.84,290.87,-0.02,31.7074,8.3271,425.1,49.5,1479.719, NAN, NAN, NAN, NAN,,2024/04/14 06:08:48.718,2024-04-14 06:08:48.718000+00:00
2024/04/14, 06:09:48.718,39.198,-73.67,10.8,221.69,220.28,10.28,10.9,10.9,1012.4,1012.2,0.0,0.0,85.09,78.49,33,28,9.3,9.5,65.8,65.6,5.7,5.5,285.6,277.3,1014.5,1014.3,-6.86,290.96,-0.02,31.703,8.3217,425.4,49.6,1479.693, NAN, NAN, NAN, NAN,,2024/04/14 06:09:48.718,2024-04-14 06:09:48.718000+00:00
2024/04/14, 06:10:48.718,39.196,-73.673,10.75,221.72,224.53,10.46,10.7,10.8,1012.4,1012.4,0.0,0.0,85.09,78.49,32,26,8.8,9.2,67.4,67.2,5.0,4.9,287.0,275.2,1014.5,1014.5,-6.74,291.06,-0.02,31.6996,8.3192,426.4,49.5,1479.68, NAN, NAN, NAN, NAN,,2024/04/14 06:10:48.718,2024-04-14 06:10:48.718000+00:00
2024/04/14, 06:11:48.718,39.194,-73.675,10.76,221.71,223.03,10.22,10.6,10.7,1012.3,1012.4,0.0,0.0,85.09,78.49,30,24,8.8,8.8,68.6,68.5,4.9,4.5,282.9,273.1,1014.4,1014.5,-6.93,290.95,-0.02,31.697,8.3173,427.2,49.5,1479.669, NAN, NAN, NAN, NAN,,2024/04/14 06:11:48.718,2024-04-14 06:11:48.718000+00:00
2024/04/14, 06:12:48.718,39.192,-73.678,10.78,222.27,220.4,10.39,10.5,10.6,1012.5,1012.4,0.0,0.0,85.09,78.49,27,24,8.9,8.6,69.7,69.5,4.9,4.4,280.2,277.3,1014.6,1014.5,-6.86,290.86,-0.01,31.6909,8.3096,435.2,49.7,1479.633, NAN, NAN, NAN, NAN,,2024/04/14 06:12:48.718,2024-04-14 06:12:48.718000+00:00
2024/04/14, 06:13:48.718,39.19,-73.68,10.89,222.64,219.76,10.41,10.4,10.5,1012.4,1012.4,0.0,0.0,85.09,78.49,28,23,9.1,8.8,70.9,70.8,5.2,4.5,281.4,275.2,1014.5,1014.5,-6.94,291.03,-0.02,31.6832,8.3042,436.6,49.6,1479.603, NAN, NAN, NAN, NAN,,2024/04/14 06:13:48.718,2024-04-14 06:13:48.718000+00:00
2024/04/14, 06:14:48.719,39.188,-73.683,10.84,221.26,221.07,10.43,10.3,10.5,1012.4,1012.3,0.0,0.0,85.09,78.49,28,23,8.9,8.6,71.7,70.9,4.9,4.3,280.7,274.4,1014.5,1014.4,-6.96,291.31,-0.02,31.6789,8.2946,439.2,49.6,1479.561, NAN, NAN, NAN, NAN,,2024/04/14 06:14:48.719,2024-04-14 06:14:48.719000+00:00
2024/04/14, 06:15:48.719,39.185,-73.685,10.81,221.36,219.9,10.62,10.2,10.3,1012.4,1012.3,0.0,0.0,85.09,78.49,33,27,9.6,9.2,72.2,72.2,5.9,5.1,285.4,278.8,1014.5,1014.4,-6.99,291.91,-0.01,31.6722,8.2829,436.6,49.7,1479.509, NAN, NAN, NAN, NAN,,2024/04/14 06:15:48.719,2024-04-14 06:15:48.719000+00:00
2024/04/14, 06:16:48.719,39.183,-73.688,10.82,221.48,223.23,10.34,10.2,10.2,1012.3,1012.4,0.0,0.0,85.09,78.49,34,27,9.5,9.8,71.7,71.6,5.8,5.6,285.5,273.5,1014.4,1014.5,-7.01,291.96,-0.01,31.6658,8.278,430.8,49.3,1479.482, NAN, NAN, NAN, NAN,,2024/04/14 06:16:48.719,2024-04-14 06:16:48.719000+00:00
2024/04/14, 06:17:48.719,39.181,-73.69,10.79,221.36,222.65,10.46,10.2,10.2,1012.3,1012.4,0.0,0.0,85.09,78.49,32,29,10.1,10.4,71.3,71.3,6.2,6.2,280.4,274.7,1014.4,1014.5,-6.9,291.54,-0.02,31.6606,8.2779,426.4,49.5,1479.475, NAN, NAN, NAN, NAN,,2024/04/14 06:17:48.719,2024-04-14 06:17:48.719000+00:00
2024/04/14, 06:18:48.719,39.179,-73.692,10.83,222.29,221.77,10.43,10.2,10.3,1012.3,1012.2,0.0,0.0,85.09,78.49,33,28,9.9,10.1,71.1,71.2,6.2,6.0,284.1,276.0,1014.4,1014.3,-6.81,291.49,-0.02,31.6559,8.2812,424.1,49.4,1479.482, NAN, NAN, NAN, NAN,,2024/04/14 06:18:48.719,2024-04-14 06:18:48.719000+00:00
2024/04/14, 06:19:48.719,39.177,-73.695,10.8,221.49,218.96,10.48,10.3,10.3,1012.3,1012.3,0.0,0.0,85.09,78.49,33,29,10.5,10.9,71.5,71.1,6.8,6.9,281.3,274.2,1014.4,1014.4,-6.56,292.09,-0.02,31.6496,8.2802,426.4,49.7,1479.47, NAN, NAN, NAN, NAN,,2024/04/14 06:19:48.719,2024-04-14 06:19:48.719000+00:00
2024/04/14, 06:20:48.719,39.175,-73.697,10.78,221.73,220.25,10.27,10.2,10.3,1012.2,1012.4,0.0,0.0,85.09,78.49,32,28,10.7,10.9,71.7,71.8,6.9,6.8,278.4,272.0,1014.3,1014.5,-6.6,292.41,-0.01,31.6452,8.2726,425.7,49.5,1479.436, NAN, NAN, NAN, NAN,,2024/04/14 06:20:48.719,2024-04-14 06:20:48.719000+00:00
2024/04/14, 06:21:48.719,39.172,-73.7,10.79,219.06,220.08,10.13,10.2,10.3,1012.2,1012.4,0.0,0.0,85.09,78.49,33,29,11.1,11.7,71.8,71.9,7.2,7.5,274.3,266.8,1014.3,1014.5,-6.54,292.45,-0.02,31.6393,8.2608,425.7,49.6,1479.384, NAN, NAN, NAN, NAN,,2024/04/14 06:21:48.719,2024-04-14 06:21:48.719000+00:00
2024/04/14, 06:22:48.719,39.17,-73.701,10.44,210.06,207.51,10.14,10.2,10.3,1012.2,1012.4,0.0,0.0,85.09,78.49,42,37,10.9,13.0,71.8,71.9,8.1,9.6,279.0,267.3,1014.3,1014.5,-6.55,292.7,-0.02,31.6339,8.2559,425.7,49.6,1479.359, NAN, NAN, NAN, NAN,,2024/04/14 06:22:48.719,2024-04-14 06:22:48.719000+00:00
2024/04/14, 06:23:48.719,39.168,-73.703,10.72,210.03,210.27,10.42,10.3,10.3,1012.3,1012.3,0.0,0.0,85.09,78.49,41,37,11.0,13.1,71.5,71.5,7.8,9.4,278.0,267.3,1014.4,1014.4,-6.54,292.81,-0.02,31.6285,8.2589,428.8,49.5,1479.364, NAN, NAN, NAN, NAN,,2024/04/14 06:23:48.719,2024-04-14 06:23:48.719000+00:00
2024/04/14, 06:24:48.719,39.165,-73.705,10.71,210.43,210.44,10.34,10.3,10.3,1012.4,1012.3,0.0,0.0,85.09,78.49,41,36,10.8,13.0,71.2,71.3,7.7,9.3,278.9,266.6,1014.5,1014.4,-6.49,292.56,-0.02,31.626,8.2736,423.0,49.4,1479.416, NAN, NAN, NAN, NAN,,2024/04/14 06:24:48.719,2024-04-14 06:24:48.719000+00:00
2024/04/14, 06:25:48.719,39.163,-73.707,10.56,209.86,208.67,10.27,10.3,10.3,1012.3,1012.5,0.0,0.0,85.09,78.49,40,36,11.0,13.1,71.2,71.3,7.9,9.5,276.3,265.7,1014.4,1014.6,-6.53,293.03,-0.02,31.6235,8.2921,417.7,49.5,1479.483, NAN, NAN, NAN, NAN,,2024/04/14 06:25:48.719,2024-04-14 06:25:48.719000+00:00
2024/04/14, 06:26:48.719,39.16,-73.708,10.58,209.81,209.82,10.2,10.3,10.3,1012.2,1012.4,0.0,0.0,85.09,78.49,42,36,11.3,13.2,71.2,71.2,8.2,9.5,277.3,265.0,1014.3,1014.5,-6.62,293.36,-0.02,31.6243,8.311,422.0,49.5,1479.556, NAN, NAN, NAN, NAN,,2024/04/14 06:26:48.719,2024-04-14 06:26:48.719000+00:00
2024/04/14, 06:27:48.719,39.158,-73.71,10.56,210.09,209.61,10.35,10.3,10.4,1012.2,1012.5,0.0,0.0,85.09,78.49,43,37,11.6,13.6,70.6,70.7,8.6,10.0,278.6,266.4,1014.3,1014.6,-6.62,293.04,-0.01,31.6226,8.3271,424.4,49.3,1479.614, NAN, NAN, NAN, NAN,,2024/04/14 06:27:48.719,2024-04-14 06:27:48.719000+00:00
2024/04/14, 06:28:48.719,39.155,-73.712,10.6,210.11,208.41,10.15,10.4,10.4,1012.3,1012.2,0.0,0.0,85.09,78.49,44,39,11.8,13.5,68.9,69.0,9.0,10.1,278.7,268.7,1014.4,1014.3,-6.47,293.01,-0.01,31.6199,8.3406,423.0,49.4,1479.662, NAN, NAN, NAN, NAN,,2024/04/14 06:28:48.719,2024-04-14 06:28:48.719000+00:00
2024/04/14, 06:29:48.719,39.152,-73.714,10.54,210.4,207.4,10.15,10.5,10.5,1012.3,1012.4,0.0,0.0,85.09,78.49,44,39,11.4,13.4,67.9,68.0,8.7,10.1,280.2,269.4,1014.4,1014.5,-6.43,292.74,-0.02,31.6176,8.3474,420.4,49.3,1479.685, NAN, NAN, NAN, NAN,,2024/04/14 06:29:48.719,2024-04-14 06:29:48.719000+00:00
2024/04/14, 06:30:48.719,39.15,-73.715,10.48,209.61,211.19,10.29,10.6,10.6,1012.4,1012.3,0.0,0.0,85.09,78.49,45,39,11.5,13.7,66.4,66.5,8.6,10.1,280.3,267.7,1014.5,1014.4,-6.41,292.91,-0.01,31.6149,8.3454,418.7,49.2,1479.674, NAN, NAN, NAN, NAN,,2024/04/14 06:30:48.719,2024-04-14 06:30:48.719000+00:00
2024/04/14, 06:31:48.720,39.148,-73.717,10.61,210.61,211.4,10.21,10.6,10.7,1012.5,1012.5,0.0,0.0,85.09,78.49,44,39,11.5,13.3,66.2,65.2,8.6,9.8,279.9,269.3,1014.6,1014.6,-6.38,292.58,-0.01,31.6136,8.3292,418.7,49.1,1479.611, NAN, NAN, NAN, NAN,,2024/04/14 06:31:48.720,2024-04-14 06:31:48.720000+00:00
2024/04/14, 06:32:48.720,39.145,-73.719,10.71,209.54,208.19,10.32,10.8,10.8,1012.4,1012.5,0.0,0.0,85.09,78.49,45,39,11.6,13.2,65.1,65.1,8.8,9.8,280.3,269.0,1014.5,1014.6,-6.36,292.4,-0.01,31.6173,8.317,423.0,49.3,1479.57, NAN, NAN, NAN, NAN,,2024/04/14 06:32:48.720,2024-04-14 06:32:48.720000+00:00
2024/04/14, 06:33:48.720,39.142,-73.721,10.63,210.18,207.99,10.3,10.9,10.9,1012.3,1012.4,0.0,0.0,85.09,78.49,44,40,11.3,13.2,63.8,63.9,8.5,9.9,280.6,271.0,1014.4,1014.5,-6.33,292.4,-0.01,31.6243,8.3158,428.1,49.3,1479.574, NAN, NAN, NAN, NAN,,2024/04/14 06:33:48.720,2024-04-14 06:33:48.720000+00:00
2024/04/14, 06:34:48.720,39.14,-73.722,10.76,210.28,206.37,10.13,10.9,10.9,1012.6,1012.4,0.0,0.0,85.09,78.49,46,40,11.0,12.8,63.8,64.0,8.5,9.6,283.5,271.6,1014.7,1014.5,-6.34,292.29,-0.01,31.6267,8.3212,431.2,49.3,1479.597, NAN, NAN, NAN, NAN,,2024/04/14 06:34:48.720,2024-04-14 06:34:48.720000+00:00
2024/04/14, 06:35:48.720,39.137,-73.724,10.66,209.2,209.33,10.34,10.9,11.0,1012.4,1012.5,0.0,0.0,85.09,78.49,46,39,11.2,12.8,63.8,63.8,8.4,9.3,282.2,269.3,1014.5,1014.6,-6.42,292.17,-0.01,31.628,8.3268,430.2,49.4,1479.62, NAN, NAN, NAN, NAN,,2024/04/14 06:35:48.720,2024-04-14 06:35:48.720000+00:00
2024/04/14, 06:36:48.720,39.135,-73.726,10.72,209.94,211.07,10.35,10.9,10.9,1012.4,1012.4,0.0,0.0,85.09,78.49,43,38,10.8,12.9,64.6,64.4,7.8,9.3,280.6,268.5,1014.5,1014.5,-6.4,291.45,-0.02,31.6274,8.3323,423.5,49.5,1479.64, NAN, NAN, NAN, NAN,,2024/04/14 06:36:48.720,2024-04-14 06:36:48.720000+00:00
2024/04/14, 06:37:48.720,39.132,-73.728,10.61,210.17,208.6,10.33,10.8,10.9,1012.4,1012.7,0.0,0.0,85.09,78.49,44,38,10.9,12.8,64.8,64.8,8.1,9.3,282.0,269.3,1014.5,1014.8,-6.44,291.61,-0.02,31.6256,8.3301,419.0,49.5,1479.629, NAN, NAN, NAN, NAN,,2024/04/14 06:37:48.720,2024-04-14 06:37:48.720000+00:00
2024/04/14, 06:38:48.720,39.13,-73.729,10.73,209.78,206.95,10.31,10.8,10.9,1012.6,1012.6,0.0,0.0,85.09,78.49,44,38,10.5,12.7,64.8,64.8,7.8,9.2,282.9,269.2,1014.7,1014.7,-6.57,291.6,-0.01,31.6243,8.3081,412.6,49.3,1479.545, NAN, NAN, NAN, NAN,,2024/04/14 06:38:48.720,2024-04-14 06:38:48.720000+00:00
2024/04/14, 06:39:48.720,39.127,-73.731,10.69,209.78,210.61,10.43,10.8,10.8,1012.5,1012.6,0.0,0.0,85.09,78.49,44,39,10.9,12.9,64.9,64.6,8.0,9.4,281.6,269.9,1014.6,1014.7,-6.47,292.03,-0.01,31.6225,8.2687,406.7,49.4,1479.393, NAN, NAN, NAN, NAN,,2024/04/14 06:39:48.720,2024-04-14 06:39:48.720000+00:00
2024/04/14, 06:40:48.720,39.125,-73.733,10.72,209.63,211.85,10.31,10.9,10.9,1012.7,1012.7,0.0,0.0,85.09,78.49,45,39,10.7,12.6,63.5,63.4,7.8,9.0,282.7,269.8,1014.8,1014.8,-6.54,291.91,-0.01,31.6204,8.2543,407.6,49.5,1479.336, NAN, NAN, NAN, NAN,,2024/04/14 06:40:48.720,2024-04-14 06:40:48.720000+00:00
2024/04/14, 06:41:48.720,39.122,-73.735,10.71,210.17,208.77,10.33,10.9,11.0,1012.8,1012.5,0.0,0.0,85.09,78.49,45,40,10.5,12.5,63.2,63.2,7.9,9.2,284.5,272.6,1014.9,1014.6,-6.46,292.44,-0.02,31.622,8.2379,413.2,49.2,1479.276, NAN, NAN, NAN, NAN,,2024/04/14 06:41:48.720,2024-04-14 06:41:48.720000+00:00
2024/04/14, 06:42:48.720,39.12,-73.737,10.79,209.85,206.19,10.48,11.0,11.0,1012.6,1012.8,0.0,0.0,85.09,78.49,46,40,10.4,12.4,63.1,63.2,8.0,9.2,286.5,273.3,1014.7,1014.9,-6.44,291.86,-0.01,31.6233,8.2233,414.4,49.4,1479.223, NAN, NAN, NAN, NAN,,2024/04/14 06:42:48.720,2024-04-14 06:42:48.720000+00:00
2024/04/14, 06:43:48.720,39.117,-73.738,10.71,209.51,207.04,10.54,11.0,11.0,1012.5,1012.7,0.0,0.0,85.09,78.49,45,40,10.5,12.5,63.3,63.5,7.9,9.2,284.8,272.7,1014.6,1014.8,-6.5,292.08,-0.01,31.6226,8.213,412.0,49.3,1479.183, NAN, NAN, NAN, NAN,,2024/04/14 06:43:48.720,2024-04-14 06:43:48.720000+00:00
2024/04/14, 06:44:48.720,39.115,-73.74,10.53,209.62,204.91,9.92,11.0,11.0,1012.8,1012.8,0.0,0.0,85.09,78.49,47,42,10.7,12.8,63.1,63.2,8.3,9.8,284.3,272.8,1014.9,1014.9,-6.47,292.44,-0.02,31.6228,8.2046,408.3,49.0,1479.151, NAN, NAN, NAN, NAN,,2024/04/14 06:44:48.720,2024-04-14 06:44:48.720000+00:00
2024/04/14, 06:45:48.720,39.112,-73.742,10.71,210.25,212.38,10.33,11.0,11.0,1012.6,1012.8,0.0,0.0,85.09,78.49,46,41,10.9,12.8,63.0,63.0,8.1,9.4,284.1,272.7,1014.7,1014.9,-6.47,292.34,-0.01,31.6176,8.1963,400.1,49.3,1479.113, NAN, NAN, NAN, NAN,,2024/04/14 06:45:48.720,2024-04-14 06:45:48.720000+00:00
2024/04/14, 06:46:48.720,39.11,-73.744,10.86,210.22,209.28,10.41,11.0,11.0,1012.7,1012.8,0.0,0.0,85.09,78.49,47,41,10.5,12.5,62.5,62.6,8.0,9.2,287.1,274.0,1014.8,1014.9,-6.5,292.52,-0.02,31.6152,8.1867,394.8,49.3,1479.074, NAN, NAN, NAN, NAN,,2024/04/14 06:46:48.720,2024-04-14 06:46:48.720000+00:00
2024/04/14, 06:47:48.720,39.107,-73.746,10.86,210.03,207.94,10.55,11.1,11.1,1012.8,1012.7,0.0,0.0,85.09,78.49,47,41,10.2,12.3,62.5,62.4,7.7,9.1,288.6,274.8,1014.9,1014.8,-6.48,292.12,-0.02,31.6108,8.1708,391.5,49.3,1479.008, NAN, NAN, NAN, NAN,,2024/04/14 06:47:48.720,2024-04-14 06:47:48.720000+00:00
2024/04/14, 06:48:48.721,39.105,-73.747,10.8,209.77,205.93,10.35,11.0,11.1,1012.7,1012.8,0.0,0.0,85.09,78.49,45,40,10.1,12.2,62.7,62.7,7.6,9.0,285.9,273.2,1014.8,1014.9,-6.48,292.22,-0.01,31.6087,8.1607,386.4,49.1,1478.967, NAN, NAN, NAN, NAN,,2024/04/14 06:48:48.721,2024-04-14 06:48:48.721000+00:00
2024/04/14, 06:49:48.721,39.102,-73.749,10.81,210.22,207.77,10.29,11.0,11.1,1012.7,1012.8,0.0,0.0,85.09,78.49,44,38,10.3,12.2,63.0,63.1,7.6,8.8,284.0,270.8,1014.8,1014.9,-6.54,292.15,-0.01,31.6121,8.1592,389.7,49.3,1478.966, NAN, NAN, NAN, NAN,,2024/04/14 06:49:48.721,2024-04-14 06:49:48.721000+00:00
2024/04/14, 06:50:48.721,39.1,-73.751,10.81,210.52,211.0,10.56,11.0,11.0,1012.7,1012.8,0.0,0.0,85.09,78.49,42,37,9.9,12.0,63.8,63.8,6.9,8.3,284.3,270.6,1014.8,1014.9,-6.47,291.23,-0.01,31.6167,8.1588,399.5,49.4,1478.97, NAN, NAN, NAN, NAN,,2024/04/14 06:50:48.721,2024-04-14 06:50:48.721000+00:00
2024/04/14, 06:51:48.721,39.097,-73.753,10.89,209.98,207.96,10.45,10.9,10.9,1012.7,1012.9,0.0,0.0,85.09,78.49,41,36,9.7,11.8,65.4,65.3,6.8,8.2,283.3,269.5,1014.8,1015.0,-6.56,291.14,-0.01,31.6215,8.1543,402.8,49.5,1478.959, NAN, NAN, NAN, NAN,,2024/04/14 06:51:48.721,2024-04-14 06:51:48.721000+00:00
2024/04/14, 06:52:48.721,39.095,-73.755,10.78,209.27,207.92,10.27,10.8,10.9,1012.8,1012.8,0.0,0.0,85.09,78.49,39,35,9.7,11.5,67.0,65.4,6.6,7.9,279.2,267.5,1014.9,1014.9,-6.54,290.89,-0.02,31.6264,8.1481,408.6,49.5,1478.941, NAN, NAN, NAN, NAN,,2024/04/14 06:52:48.721,2024-04-14 06:52:48.721000+00:00
2024/04/14, 06:53:48.721,39.092,-73.756,10.83,209.34,208.58,10.55,10.6,10.7,1012.6,1012.8,0.0,0.0,85.09,78.49,38,33,9.2,11.0,68.6,68.4,6.0,7.2,281.7,267.4,1014.7,1014.9,-6.63,290.74,-0.01,31.6295,8.1447,414.0,49.2,1478.932, NAN, NAN, NAN, NAN,,2024/04/14 06:53:48.721,2024-04-14 06:53:48.721000+00:00
2024/04/14, 06:54:48.721,39.09,-73.758,10.78,210.48,206.48,10.46,10.5,10.5,1012.7,1012.8,0.0,0.0,85.09,78.49,37,32,9.8,11.8,70.4,70.2,6.6,8.0,278.6,264.9,1014.8,1014.9,-6.66,290.75,-0.01,31.6298,8.1453,416.0,49.5,1478.935, NAN, NAN, NAN, NAN,,2024/04/14 06:54:48.721,2024-04-14 06:54:48.721000+00:00
2024/04/14, 06:55:48.721,39.087,-73.76,10.71,209.83,213.07,10.25,10.4,10.4,1012.8,1013.0,0.0,0.0,85.09,78.49,38,33,9.9,11.5,71.3,71.1,6.5,7.5,276.8,264.3,1014.9,1015.1,-6.77,291.12,-0.01,31.6321,8.1472,414.7,49.3,1478.945, NAN, NAN, NAN, NAN,,2024/04/14 06:55:48.721,2024-04-14 06:55:48.721000+00:00
2024/04/14, 06:56:48.721,39.085,-73.762,10.68,210.56,204.8,10.02,10.3,10.4,1012.8,1012.6,0.0,0.0,85.09,78.49,38,34,10.2,12.3,71.4,71.4,7.2,8.8,276.7,265.3,1014.9,1014.7,-6.77,291.71,-0.01,31.6338,8.1523,414.0,49.5,1478.966, NAN, NAN, NAN, NAN,,2024/04/14 06:56:48.721,2024-04-14 06:56:48.721000+00:00
2024/04/14, 06:57:48.721,39.082,-73.764,10.72,210.08,212.06,10.52,10.3,10.4,1012.7,1012.9,0.0,0.0,85.09,78.49,39,34,10.4,12.4,69.8,69.9,7.0,8.4,277.7,264.8,1014.8,1015.0,-6.91,292.02,-0.01,31.6378,8.1584,415.0,49.5,1478.994, NAN, NAN, NAN, NAN,,2024/04/14 06:57:48.721,2024-04-14 06:57:48.721000+00:00
2024/04/14, 06:58:48.721,39.079,-73.765,10.7,209.8,203.4,10.27,10.3,10.4,1012.7,1012.8,0.0,0.0,85.09,78.49,40,35,10.9,12.8,69.7,69.1,7.9,9.3,277.0,265.6,1014.8,1014.9,-6.71,292.15,-0.02,31.6413,8.1639,415.3,49.3,1479.02, NAN, NAN, NAN, NAN,,2024/04/14 06:58:48.721,2024-04-14 06:58:48.721000+00:00
2024/04/14, 06:59:48.721,39.077,-73.767,10.67,210.46,208.28,10.12,10.4,10.5,1012.9,1012.9,0.0,0.0,85.09,78.49,40,34,10.2,12.0,69.3,68.0,7.2,8.3,279.1,265.7,1015.0,1015.0,-6.66,292.08,-0.02,31.6455,8.1688,416.3,49.3,1479.043, NAN, NAN, NAN, NAN,,2024/04/14 06:59:48.721,2024-04-14 06:59:48.721000+00:00
2024/04/14, 07:00:48.721,39.074,-73.769,10.6,210.73,210.57,10.35,10.6,10.6,1012.9,1012.8,0.0,0.0,85.09,78.49,39,34,10.1,12.2,68.1,68.1,6.9,8.4,279.3,265.9,1015.0,1014.9,-6.56,291.96,-0.01,31.6511,8.1723,417.4,49.4,1479.064, NAN, NAN, NAN, NAN,,2024/04/14 07:00:48.721,2024-04-14 07:00:48.721000+00:00
2024/04/14, 07:01:48.721,39.072,-73.771,10.68,209.98,213.5,10.45,10.5,10.6,1012.9,1012.8,0.0,0.0,85.09,78.49,38,33,10.0,12.1,68.9,68.7,6.5,8.0,277.4,263.5,1015.0,1014.9,-6.45,292.08,-0.01,31.6555,8.1758,418.4,49.5,1479.082, NAN, NAN, NAN, NAN,,2024/04/14 07:01:48.721,2024-04-14 07:01:48.721000+00:00
2024/04/14, 07:02:48.721,39.069,-73.773,10.58,210.14,209.41,10.2,10.4,10.5,1012.7,1012.8,0.0,0.0,85.09,78.49,43,38,10.9,12.9,68.8,69.0,8.0,9.4,280.2,268.7,1014.8,1014.9,-6.63,292.48,-0.01,31.6614,8.1783,416.8,49.6,1479.099, NAN, NAN, NAN, NAN,,2024/04/14 07:02:48.721,2024-04-14 07:02:48.721000+00:00
2024/04/14, 07:03:48.721,39.067,-73.774,10.65,209.91,212.9,10.26,10.6,10.6,1012.8,1012.9,0.0,0.0,85.09,78.49,43,37,11.0,12.8,66.1,66.1,7.9,9.0,279.2,266.6,1014.9,1015.0,-6.6,291.96,-0.01,31.6671,8.181,413.2,49.4,1479.116, NAN, NAN, NAN, NAN,,2024/04/14 07:03:48.721,2024-04-14 07:03:48.721000+00:00
2024/04/14, 07:04:48.722,39.064,-73.776,10.67,209.81,209.04,10.31,10.7,10.6,1012.9,1013.0,0.0,0.0,85.09,78.49,44,38,10.6,12.6,66.5,66.2,7.8,9.1,282.4,269.1,1015.0,1015.1,-6.49,291.9,-0.02,31.6693,8.1838,409.6,49.5,1479.13, NAN, NAN, NAN, NAN,,2024/04/14 07:04:48.722,2024-04-14 07:04:48.722000+00:00
2024/04/14, 07:05:48.722,39.062,-73.778,10.72,210.71,208.65,10.41,10.7,10.7,1012.9,1012.8,0.0,0.0,85.09,78.49,44,40,10.7,12.6,65.9,65.9,7.9,9.3,283.5,273.2,1015.0,1014.9,-6.53,292.23,-0.01,31.669,8.187,406.7,49.5,1479.141, NAN, NAN, NAN, NAN,,2024/04/14 07:05:48.722,2024-04-14 07:05:48.722000+00:00
2024/04/14, 07:06:48.722,39.059,-73.78,10.73,209.61,207.18,10.52,10.8,10.8,1012.8,1012.8,0.0,0.0,85.09,78.49,45,40,10.8,12.7,64.3,64.4,8.1,9.4,283.7,272.2,1014.9,1014.9,-6.41,291.99,-0.02,31.6695,8.1973,407.6,49.4,1479.181, NAN, NAN, NAN, NAN,,2024/04/14 07:06:48.722,2024-04-14 07:06:48.722000+00:00
2024/04/14, 07:07:48.722,39.057,-73.782,11.38,210.91,210.67,11.2,10.8,10.9,1012.9,1012.8,0.0,0.0,85.09,78.49,47,40,11.2,12.9,64.0,63.8,8.4,9.3,288.0,274.5,1015.0,1014.9,-6.45,292.62,-0.01,31.6691,8.2069,408.0,49.5,1479.217, NAN, NAN, NAN, NAN,,2024/04/14 07:07:48.722,2024-04-14 07:07:48.722000+00:00
2024/04/14, 07:08:48.722,39.054,-73.784,11.6,209.81,207.24,11.43,10.9,10.9,1012.8,1013.0,0.0,0.0,85.09,78.49,47,42,11.0,12.9,63.0,64.0,8.4,9.6,288.6,276.9,1014.9,1015.1,-6.33,292.2,-0.01,31.673,8.2099,405.2,49.3,1479.233, NAN, NAN, NAN, NAN,,2024/04/14 07:08:48.722,2024-04-14 07:08:48.722000+00:00
2024/04/14, 07:09:48.722,39.051,-73.786,11.55,209.9,206.81,11.37,11.0,11.0,1012.8,1012.9,0.0,0.0,85.09,78.49,46,40,11.2,13.1,62.4,62.4,8.5,9.6,286.7,274.0,1014.9,1015.0,-6.43,292.29,-0.01,31.6813,8.2115,400.9,49.6,1479.249, NAN, NAN, NAN, NAN,,2024/04/14 07:09:48.722,2024-04-14 07:09:48.722000+00:00
2024/04/14, 07:10:48.722,39.049,-73.788,11.67,209.93,209.18,11.64,11.0,11.0,1012.9,1012.9,0.0,0.0,85.09,78.49,45,39,11.0,12.8,62.3,62.1,8.0,9.0,286.9,273.7,1015.0,1015.0,-6.36,292.04,-0.02,31.6838,8.2216,398.2,49.5,1479.291, NAN, NAN, NAN, NAN,,2024/04/14 07:10:48.722,2024-04-14 07:10:48.722000+00:00
2024/04/14, 07:11:48.722,39.046,-73.79,11.75,210.99,211.03,11.45,11.0,11.0,1012.9,1013.2,0.0,0.0,85.09,78.49,45,39,10.8,12.9,62.1,62.1,8.0,9.2,288.3,274.4,1015.0,1015.3,-6.39,291.55,-0.01,31.6815,8.2241,396.8,49.7,1479.297, NAN, NAN, NAN, NAN,,2024/04/14 07:11:48.722,2024-04-14 07:11:48.722000+00:00
2024/04/14, 07:12:48.722,39.043,-73.792,11.81,210.59,210.01,11.61,11.0,11.1,1013.0,1013.1,0.0,0.0,85.09,78.49,46,40,10.8,12.5,62.0,62.0,8.1,8.9,289.6,276.8,1015.1,1015.2,-6.34,291.88,-0.01,31.6845,8.2327,396.1,49.6,1479.334, NAN, NAN, NAN, NAN,,2024/04/14 07:12:48.722,2024-04-14 07:12:48.722000+00:00
2024/04/14, 07:13:48.722,39.04,-73.794,11.83,210.55,212.25,11.38,11.1,11.1,1013.0,1013.2,0.0,0.0,85.09,78.49,45,39,10.2,12.1,61.7,61.7,7.3,8.4,289.9,275.5,1015.1,1015.3,-6.41,291.33,-0.01,31.6862,8.2507,395.5,49.5,1479.404, NAN, NAN, NAN, NAN,,2024/04/14 07:13:48.722,2024-04-14 07:13:48.722000+00:00
2024/04/14, 07:14:48.722,39.037,-73.795,11.84,210.19,209.14,11.61,11.1,11.1,1013.2,1013.1,0.0,0.0,85.09,78.49,45,40,9.8,12.0,61.7,61.8,7.1,8.5,292.4,277.8,1015.3,1015.2,-6.42,291.58,-0.01,31.6901,8.2578,392.1,49.6,1479.436, NAN, NAN, NAN, NAN,,2024/04/14 07:14:48.722,2024-04-14 07:14:48.722000+00:00
2024/04/14, 07:15:48.722,39.035,-73.797,11.83,210.95,209.06,11.46,11.1,11.1,1013.2,1013.2,0.0,0.0,85.09,78.49,45,40,10.3,12.3,61.9,61.8,7.6,8.8,290.3,277.2,1015.3,1015.3,-6.44,292.05,-0.01,31.6883,8.2704,391.5,49.6,1479.481, NAN, NAN, NAN, NAN,,2024/04/14 07:15:48.722,2024-04-14 07:15:48.722000+00:00
2024/04/14, 07:16:48.722,39.032,-73.799,11.7,209.98,209.28,11.35,11.1,11.1,1013.0,1013.2,0.0,0.0,85.09,78.49,47,41,9.8,11.7,62.1,62.1,7.3,8.3,293.3,278.9,1015.1,1015.3,-6.45,291.89,-0.01,31.6825,8.2881,393.9,49.5,1479.541, NAN, NAN, NAN, NAN,,2024/04/14 07:16:48.722,2024-04-14 07:16:48.722000+00:00
2024/04/14, 07:17:48.722,39.029,-73.801,11.71,210.42,209.6,11.48,11.1,11.1,1013.2,1013.3,0.0,0.0,85.09,78.49,46,41,9.7,11.8,62.2,62.3,7.1,8.4,293.7,279.5,1015.3,1015.4,-6.5,291.83,-0.01,31.6691,8.3108,392.8,49.5,1479.61, NAN, NAN, NAN, NAN,,2024/04/14 07:17:48.722,2024-04-14 07:17:48.722000+00:00
2024/04/14, 07:18:48.722,39.026,-73.803,11.74,210.57,207.52,11.36,11.0,11.1,1013.3,1013.3,0.0,0.0,85.09,78.49,48,43,10.0,11.8,62.4,62.4,7.8,8.8,294.2,282.1,1015.4,1015.4,-6.49,292.07,-0.01,31.6557,8.3725,395.2,49.6,1479.827, NAN, NAN, NAN, NAN,,2024/04/14 07:18:48.722,2024-04-14 07:18:48.722000+00:00
2024/04/14, 07:19:48.722,39.023,-73.805,11.78,210.1,207.42,11.43,11.1,11.1,1013.2,1013.2,0.0,0.0,85.09,78.49,49,43,10.5,12.3,62.0,62.0,8.2,9.2,293.0,280.2,1015.3,1015.3,-6.59,292.31,-0.01,31.637,8.4224,389.7,49.8,1479.992, NAN, NAN, NAN, NAN,,2024/04/14 07:19:48.722,2024-04-14 07:19:48.722000+00:00
2024/04/14, 07:20:48.723,39.021,-73.807,11.77,210.48,209.97,11.55,11.1,11.1,1013.2,1013.1,0.0,0.0,85.09,78.49,50,44,10.8,12.7,61.1,61.1,8.4,9.5,293.6,280.8,1015.3,1015.2,-6.5,292.31,-0.01,31.6237,8.4607,389.7,49.7,1480.12, NAN, NAN, NAN, NAN,,2024/04/14 07:20:48.723,2024-04-14 07:20:48.723000+00:00
2024/04/14, 07:21:48.723,39.018,-73.809,11.72,210.5,209.29,11.46,11.2,11.2,1013.3,1013.1,0.0,0.0,85.09,78.49,50,43,10.6,12.4,60.7,60.7,8.2,9.1,294.0,280.0,1015.4,1015.2,-6.42,292.09,-0.02,31.6111,8.4905,387.8,49.6,1480.216, NAN, NAN, NAN, NAN,,2024/04/14 07:21:48.723,2024-04-14 07:21:48.723000+00:00
2024/04/14, 07:22:48.723,39.015,-73.811,11.71,210.12,206.42,11.39,11.2,11.2,1013.3,1013.3,0.0,0.0,85.09,78.49,50,44,10.6,12.6,60.7,60.9,8.5,9.6,293.6,280.5,1015.4,1015.4,-6.44,291.89,-0.01,31.5968,8.5161,389.1,49.8,1480.295, NAN, NAN, NAN, NAN,,2024/04/14 07:22:48.723,2024-04-14 07:22:48.723000+00:00
2024/04/14, 07:23:48.723,39.012,-73.813,11.79,209.51,208.2,11.8,11.2,11.2,1013.3,1013.2,0.0,0.0,85.09,78.49,49,43,11.0,12.8,61.0,60.9,8.6,9.5,291.8,279.2,1015.4,1015.3,-6.41,291.98,-0.01,31.5793,8.5461,388.8,49.9,1480.386, NAN, NAN, NAN, NAN,,2024/04/14 07:23:48.723,2024-04-14 07:23:48.723000+00:00
2024/04/14, 07:24:48.723,39.009,-73.815,11.87,210.16,209.32,11.82,11.2,11.2,1013.0,1013.3,0.0,0.0,85.09,78.49,50,43,11.0,13.2,61.1,61.2,8.6,9.8,293.5,278.8,1015.1,1015.4,-6.44,291.78,-0.01,31.564,8.5792,386.0,49.9,1480.492, NAN, NAN, NAN, NAN,,2024/04/14 07:24:48.723,2024-04-14 07:24:48.723000+00:00
2024/04/14, 07:25:48.723,39.006,-73.817,11.87,210.21,207.62,11.39,11.2,11.2,1013.2,1013.3,0.0,0.0,85.09,78.49,50,44,11.0,12.8,61.1,61.1,8.8,9.8,292.2,280.1,1015.3,1015.4,-6.42,291.83,-0.01,31.5498,8.6106,384.4,49.8,1480.592, NAN, NAN, NAN, NAN,,2024/04/14 07:25:48.723,2024-04-14 07:25:48.723000+00:00
2024/04/14, 07:26:48.723,39.004,-73.819,11.72,210.22,207.02,11.56,11.2,11.2,1013.1,1013.3,0.0,0.0,85.09,78.49,51,45,11.6,13.4,61.0,61.1,9.4,10.4,291.9,280.2,1015.2,1015.4,-6.53,292.0,-0.01,31.5413,8.6439,388.1,49.8,1480.707, NAN, NAN, NAN, NAN,,2024/04/14 07:26:48.723,2024-04-14 07:26:48.723000+00:00
2024/04/14, 07:27:48.723,39.001,-73.821,11.74,210.95,212.04,11.58,11.2,11.2,1013.2,1013.2,0.0,0.0,85.09,78.49,52,46,11.3,13.5,59.8,59.9,9.1,10.4,294.6,281.7,1015.3,1015.3,-6.41,292.06,-0.01,31.5336,8.6643,388.8,49.8,1480.774, NAN, NAN, NAN, NAN,,2024/04/14 07:27:48.723,2024-04-14 07:27:48.723000+00:00
2024/04/14, 07:28:48.723,38.998,-73.823,11.88,209.36,208.65,11.59,11.2,11.2,1013.2,1013.2,0.0,0.0,85.09,78.49,55,49,11.2,13.1,59.8,59.8,9.2,10.3,296.5,284.5,1015.3,1015.3,-6.44,291.64,-0.01,31.5285,8.6806,387.8,49.8,1480.829, NAN, NAN, NAN, NAN,,2024/04/14 07:28:48.723,2024-04-14 07:28:48.723000+00:00
2024/04/14, 07:29:48.723,38.995,-73.825,11.94,209.83,207.66,11.8,11.2,11.3,1013.0,1013.1,0.0,0.0,85.09,78.49,54,48,11.7,13.3,59.2,59.1,9.7,10.5,295.0,284.1,1015.1,1015.2,-6.44,291.93,-0.02,31.5204,8.6915,389.7,50.0,1480.859, NAN, NAN, NAN, NAN,,2024/04/14 07:29:48.723,2024-04-14 07:29:48.723000+00:00
2024/04/14, 07:30:48.723,38.992,-73.827,11.91,210.3,206.56,11.6,11.3,11.3,1013.2,1013.0,0.0,0.0,85.09,78.49,53,47,12.0,13.6,58.5,58.6,10.0,10.8,293.0,282.3,1015.3,1015.1,-6.36,291.89,-0.02,31.5102,8.7016,389.1,49.8,1480.885, NAN, NAN, NAN, NAN,,2024/04/14 07:30:48.723,2024-04-14 07:30:48.723000+00:00
2024/04/14, 07:31:48.723,38.989,-73.829,11.87,210.55,211.61,11.69,11.3,11.3,1013.2,1013.3,0.0,0.0,85.09,78.49,55,47,11.7,13.2,58.5,58.4,9.6,10.1,296.4,283.3,1015.3,1015.4,-6.39,291.68,-0.01,31.502,8.7358,387.8,49.8,1481.003, NAN, NAN, NAN, NAN,,2024/04/14 07:31:48.723,2024-04-14 07:31:48.723000+00:00
2024/04/14, 07:32:48.723,38.987,-73.831,11.94,209.72,205.75,11.6,11.4,11.4,1013.3,1013.2,0.0,0.0,85.09,78.49,53,49,11.7,13.5,58.4,58.3,9.7,10.9,293.3,284.2,1015.4,1015.3,-6.36,291.68,-0.01,31.4927,8.7714,387.8,49.7,1481.124, NAN, NAN, NAN, NAN,,2024/04/14 07:32:48.723,2024-04-14 07:32:48.723000+00:00
2024/04/14, 07:33:48.723,38.984,-73.833,11.85,210.02,204.51,11.7,11.4,11.4,1013.2,1013.3,0.0,0.0,85.09,78.49,58,52,11.8,13.0,57.6,58.4,10.4,10.8,298.6,289.4,1015.3,1015.4,-6.32,291.51,-0.01,31.482,8.7992,393.1,49.5,1481.215, NAN, NAN, NAN, NAN,,2024/04/14 07:33:48.723,2024-04-14 07:33:48.723000+00:00
2024/04/14, 07:34:48.723,38.981,-73.835,11.97,209.87,207.02,11.9,11.4,11.4,1013.2,1013.3,0.0,0.0,85.09,78.49,55,49,11.2,12.8,57.8,57.8,9.5,10.2,298.0,286.9,1015.3,1015.4,-6.33,291.36,-0.01,31.4643,8.8281,396.9,49.6,1481.301, NAN, NAN, NAN, NAN,,2024/04/14 07:34:48.723,2024-04-14 07:34:48.723000+00:00
2024/04/14, 07:35:48.724,38.978,-73.837,12.06,210.3,211.03,11.76,11.4,11.4,1013.2,1013.4,0.0,0.0,85.09,78.49,56,49,10.8,12.8,58.0,58.1,9.0,10.0,300.3,286.7,1015.3,1015.5,-6.39,291.47,-0.01,31.4467,8.8463,395.5,49.6,1481.348, NAN, NAN, NAN, NAN,,2024/04/14 07:35:48.724,2024-04-14 07:35:48.724000+00:00
2024/04/14, 07:36:48.724,38.975,-73.839,12.07,209.61,207.14,11.88,11.4,11.4,1013.2,1013.2,0.0,0.0,85.09,78.49,57,51,11.1,12.6,58.1,58.3,9.5,10.2,300.0,289.3,1015.3,1015.3,-6.42,291.75,-0.01,31.4271,8.8641,396.1,49.5,1481.39, NAN, NAN, NAN, NAN,,2024/04/14 07:36:48.724,2024-04-14 07:36:48.724000+00:00
2024/04/14, 07:37:48.724,38.972,-73.841,12.07,210.96,211.53,11.67,11.4,11.4,1013.3,1013.4,0.0,0.0,85.09,78.49,59,52,11.3,13.3,57.8,58.0,9.8,10.8,302.0,289.3,1015.4,1015.5,-6.49,291.72,-0.01,31.4112,8.881,395.2,49.4,1481.433, NAN, NAN, NAN, NAN,,2024/04/14 07:37:48.724,2024-04-14 07:37:48.724000+00:00
2024/04/14, 07:38:48.724,38.969,-73.843,12.09,209.55,206.54,11.89,11.4,11.4,1013.3,1013.3,0.0,0.0,85.09,78.49,57,51,11.3,12.9,57.4,57.5,9.7,10.4,299.3,288.4,1015.4,1015.4,-6.42,291.79,-0.01,31.3961,8.8945,395.8,49.6,1481.465, NAN, NAN, NAN, NAN,,2024/04/14 07:38:48.724,2024-04-14 07:38:48.724000+00:00
2024/04/14, 07:39:48.724,38.966,-73.845,12.07,209.42,205.55,11.79,11.4,11.5,1013.1,1013.4,0.0,0.0,85.09,78.49,56,50,11.0,12.8,57.4,57.4,9.3,10.2,298.8,287.1,1015.2,1015.5,-6.42,291.43,-0.02,31.382,8.9142,396.1,49.7,1481.521, NAN, NAN, NAN, NAN,,2024/04/14 07:39:48.724,2024-04-14 07:39:48.724000+00:00
2024/04/14, 07:40:48.724,38.964,-73.847,12.12,210.28,210.34,11.76,11.5,11.5,1013.2,1013.3,0.0,0.0,85.09,78.49,58,52,11.5,13.0,57.3,57.2,9.8,10.5,300.0,289.5,1015.3,1015.4,-6.37,291.33,-0.01,31.3675,8.9381,397.9,50.0,1481.593, NAN, NAN, NAN, NAN,,2024/04/14 07:40:48.724,2024-04-14 07:40:48.724000+00:00
2024/04/14, 07:41:48.724,38.961,-73.849,12.17,210.12,209.21,11.98,11.5,11.5,1013.3,1013.3,0.0,0.0,85.09,78.49,57,52,11.6,12.8,56.9,56.8,9.9,10.4,299.2,290.6,1015.4,1015.4,-6.41,291.53,-0.01,31.352,8.9609,397.2,49.8,1481.659, NAN, NAN, NAN, NAN,,2024/04/14 07:41:48.724,2024-04-14 07:41:48.724000+00:00
2024/04/14, 07:42:48.724,38.958,-73.851,12.18,210.15,208.14,11.77,11.5,11.5,1013.0,1013.5,0.0,0.0,85.09,78.49,55,51,11.4,13.4,56.5,56.6,9.6,10.9,297.2,287.5,1015.1,1015.6,-6.41,291.22,-0.01,31.3357,8.9846,395.5,49.9,1481.727, NAN, NAN, NAN, NAN,,2024/04/14 07:42:48.724,2024-04-14 07:42:48.724000+00:00
2024/04/14, 07:43:48.724,38.955,-73.853,12.15,210.12,209.22,11.74,11.6,11.6,1013.2,1013.2,0.0,0.0,85.09,78.49,55,46,12.2,13.6,56.7,56.6,10.1,10.4,294.6,281.0,1015.3,1015.3,-6.4,291.29,-0.01,31.3237,9.0031,393.9,49.7,1481.781, NAN, NAN, NAN, NAN,,2024/04/14 07:43:48.724,2024-04-14 07:43:48.724000+00:00
2024/04/14, 07:44:48.724,38.952,-73.855,12.13,209.89,207.48,11.97,11.5,11.5,1013.2,1013.2,0.0,0.0,85.09,78.49,52,45,11.2,13.4,57.0,57.3,9.1,10.3,295.2,281.0,1015.3,1015.3,-6.41,290.7,-0.01,31.3075,9.0153,392.1,49.7,1481.806, NAN, NAN, NAN, NAN,,2024/04/14 07:44:48.724,2024-04-14 07:44:48.724000+00:00
2024/04/14, 07:45:48.724,38.949,-73.857,12.06,209.45,207.67,11.87,11.5,11.5,1013.3,1013.3,0.0,0.0,85.09,78.49,51,45,11.5,13.1,58.2,58.2,9.2,10.0,292.3,281.0,1015.4,1015.4,-6.45,290.32,-0.01,31.293,9.0319,388.8,49.7,1481.85, NAN, NAN, NAN, NAN,,2024/04/14 07:45:48.724,2024-04-14 07:45:48.724000+00:00
2024/04/14, 07:46:48.724,38.946,-73.859,12.04,209.79,208.63,11.54,11.4,11.4,1013.3,1013.5,0.0,0.0,85.09,78.49,50,44,11.7,13.5,58.8,58.9,9.2,10.2,289.9,278.1,1015.4,1015.6,-6.46,290.4,-0.01,31.2803,9.0476,385.4,49.8,1481.893, NAN, NAN, NAN, NAN,,2024/04/14 07:46:48.724,2024-04-14 07:46:48.724000+00:00
2024/04/14, 07:47:48.724,38.943,-73.861,11.91,209.93,207.29,11.77,11.3,11.4,1013.4,1013.3,0.0,0.0,85.09,78.49,49,43,11.8,13.6,58.8,59.1,9.3,10.2,289.4,277.5,1015.5,1015.4,-6.54,290.07,-0.01,31.2771,9.0667,383.0,49.6,1481.96, NAN, NAN, NAN, NAN,,2024/04/14 07:47:48.724,2024-04-14 07:47:48.724000+00:00
2024/04/14, 07:48:48.724,38.94,-73.863,12.0,209.24,205.97,11.86,11.3,11.3,1013.4,1013.4,0.0,0.0,85.09,78.49,50,44,11.8,13.4,59.7,59.7,9.4,10.1,290.1,278.8,1015.5,1015.5,-6.57,289.75,-0.01,31.2712,9.0847,383.0,49.7,1482.02, NAN, NAN, NAN, NAN,,2024/04/14 07:48:48.724,2024-04-14 07:48:48.724000+00:00
2024/04/14, 07:49:48.724,38.938,-73.864,12.09,208.66,208.24,11.78,11.3,11.3,1013.3,1013.4,0.0,0.0,85.09,78.49,50,44,11.7,13.4,59.9,60.1,9.1,10.0,289.4,277.7,1015.4,1015.5,-6.54,289.76,-0.01,31.2659,9.0952,381.4,49.8,1482.052, NAN, NAN, NAN, NAN,,2024/04/14 07:49:48.724,2024-04-14 07:49:48.724000+00:00
2024/04/14, 07:50:48.724,38.935,-73.866,12.16,210.06,209.85,11.75,11.2,11.3,1013.4,1013.3,0.0,0.0,85.09,78.49,49,44,11.2,13.0,59.7,59.9,8.7,9.8,291.4,280.2,1015.5,1015.4,-6.63,289.62,-0.01,31.2577,9.1072,378.4,49.8,1482.087, NAN, NAN, NAN, NAN,,2024/04/14 07:50:48.724,2024-04-14 07:50:48.724000+00:00
2024/04/14, 07:51:48.725,38.932,-73.868,12.1,208.63,207.43,12.08,11.2,11.2,1013.2,1013.5,0.0,0.0,85.09,78.49,49,42,11.0,12.8,60.5,60.6,8.4,9.2,291.7,277.6,1015.3,1015.6,-6.51,289.2,-0.01,31.2517,9.1265,377.1,49.8,1482.151, NAN, NAN, NAN, NAN,,2024/04/14 07:51:48.725,2024-04-14 07:51:48.725000+00:00
2024/04/14, 07:52:48.725,38.929,-73.87,12.16,208.13,207.04,11.85,11.1,11.2,1013.4,1013.3,0.0,0.0,85.09,78.49,48,42,10.8,12.9,61.8,62.0,8.2,9.4,290.2,276.4,1015.5,1015.4,-6.56,289.17,-0.01,31.2496,9.1413,376.8,49.8,1482.203, NAN, NAN, NAN, NAN,,2024/04/14 07:52:48.725,2024-04-14 07:52:48.725000+00:00
2024/04/14, 07:53:48.725,38.926,-73.872,12.11,208.44,206.21,11.93,11.0,11.1,1013.4,1013.4,0.0,0.0,85.09,78.49,50,44,11.7,13.2,61.7,61.7,9.2,9.9,289.8,278.6,1015.5,1015.5,-6.66,289.42,-0.01,31.2478,9.1593,371.5,49.9,1482.268, NAN, NAN, NAN, NAN,,2024/04/14 07:53:48.725,2024-04-14 07:53:48.725000+00:00
2024/04/14, 07:54:48.725,38.923,-73.874,12.11,208.82,207.24,11.83,11.0,11.1,1013.5,1013.2,0.0,0.0,85.09,78.49,50,46,11.3,13.2,60.3,60.5,9.0,10.2,291.2,281.2,1015.6,1015.3,-6.63,289.44,-0.01,31.2442,9.164,370.0,49.9,1482.281, NAN, NAN, NAN, NAN,,2024/04/14 07:54:48.725,2024-04-14 07:54:48.725000+00:00
2024/04/14, 07:55:48.725,38.92,-73.876,12.11,208.25,207.42,11.92,11.1,11.1,1013.2,1013.5,0.0,0.0,85.09,78.49,53,46,11.6,13.3,60.5,60.4,9.4,10.2,293.0,280.5,1015.3,1015.6,-6.59,289.95,-0.01,31.2446,9.1602,367.5,49.8,1482.267, NAN, NAN, NAN, NAN,,2024/04/14 07:55:48.725,2024-04-14 07:55:48.725000+00:00
2024/04/14, 07:56:48.725,38.917,-73.878,12.05,209.01,207.89,11.86,11.1,11.1,1013.3,1013.4,0.0,0.0,85.09,78.49,52,47,11.3,13.1,59.6,59.6,9.1,10.1,293.5,282.7,1015.4,1015.5,-6.65,289.6,-0.01,31.2524,9.1443,367.8,49.8,1482.218, NAN, NAN, NAN, NAN,,2024/04/14 07:56:48.725,2024-04-14 07:56:48.725000+00:00
2024/04/14, 07:57:48.725,38.914,-73.88,12.01,208.93,208.3,11.82,11.1,11.2,1013.3,1013.4,0.0,0.0,85.09,78.49,51,45,11.4,13.1,59.9,60.0,9.0,9.9,291.9,280.1,1015.4,1015.5,-6.56,289.77,-0.01,31.2735,9.1346,367.5,49.8,1482.208, NAN, NAN, NAN, NAN,,2024/04/14 07:57:48.725,2024-04-14 07:57:48.725000+00:00
2024/04/14, 07:58:48.725,38.911,-73.882,11.99,208.79,206.78,11.77,11.1,11.2,1013.3,1013.5,0.0,0.0,85.09,78.49,52,46,11.4,13.3,59.8,59.9,9.3,10.3,292.8,280.8,1015.4,1015.6,-6.51,289.91,-0.01,31.2991,9.1404,369.7,49.7,1482.26, NAN, NAN, NAN, NAN,,2024/04/14 07:58:48.725,2024-04-14 07:58:48.725000+00:00
2024/04/14, 07:59:48.725,38.908,-73.884,11.9,209.47,208.18,11.61,11.1,11.2,1013.6,1013.5,0.0,0.0,85.09,78.49,52,47,11.8,13.2,59.2,59.3,9.6,10.4,291.7,282.4,1015.7,1015.6,-6.47,290.2,-0.01,31.331,9.1516,372.9,49.9,1482.341, NAN, NAN, NAN, NAN,,2024/04/14 07:59:48.725,2024-04-14 07:59:48.725000+00:00
2024/04/14, 08:00:48.725,38.905,-73.886,11.87,208.71,208.36,11.63,11.2,11.2,1013.3,1013.5,0.0,0.0,85.09,78.49,52,46,11.4,13.2,58.9,58.8,9.2,10.1,292.2,280.4,1015.4,1015.6,-6.45,289.91,-0.01,31.3581,9.1452,374.4,49.9,1482.35, NAN, NAN, NAN, NAN,,2024/04/14 08:00:48.725,2024-04-14 08:00:48.725000+00:00
2024/04/14, 08:01:48.725,38.902,-73.887,11.89,208.31,202.34,11.59,11.2,11.2,1013.5,1013.5,0.0,0.0,85.09,78.49,50,44,11.1,13.1,58.6,58.7,9.1,10.2,290.7,278.3,1015.6,1015.6,-6.43,289.85,-0.01,31.376,9.1187,375.6,49.9,1482.274, NAN, NAN, NAN, NAN,,2024/04/14 08:01:48.725,2024-04-14 08:01:48.725000+00:00
2024/04/14, 08:02:48.725,38.9,-73.889,11.87,208.48,207.02,11.83,11.2,11.2,1013.5,1013.6,0.0,0.0,85.09,78.49,48,43,11.2,13.1,58.9,58.9,8.6,9.7,289.0,277.4,1015.6,1015.7,-6.47,289.78,-0.01,31.3865,9.099,380.0,49.5,1482.214, NAN, NAN, NAN, NAN,,2024/04/14 08:02:48.725,2024-04-14 08:02:48.725000+00:00
2024/04/14, 08:03:48.725,38.897,-73.891,11.81,207.73,205.89,11.8,11.2,11.2,1013.5,1013.4,0.0,0.0,85.09,78.49,50,44,11.2,13.1,59.1,58.8,8.7,9.7,290.2,277.5,1015.6,1015.5,-6.54,290.24,-0.01,31.3976,9.085,384.8,49.5,1482.176, NAN, NAN, NAN, NAN,,2024/04/14 08:03:48.725,2024-04-14 08:03:48.725000+00:00
2024/04/14, 08:04:48.725,38.894,-73.893,11.83,208.35,208.08,11.58,11.2,11.2,1013.4,1013.7,0.0,0.0,85.09,78.49,51,45,11.2,13.0,58.4,58.5,8.9,9.8,291.2,279.1,1015.5,1015.8,-6.47,290.31,-0.01,31.403,9.0635,384.8,49.7,1482.102, NAN, NAN, NAN, NAN,,2024/04/14 08:04:48.725,2024-04-14 08:04:48.725000+00:00
2024/04/14, 08:05:48.725,38.891,-73.895,11.84,208.54,205.75,11.61,11.2,11.3,1013.5,1013.6,0.0,0.0,85.09,78.49,50,46,11.1,13.0,58.2,58.2,8.9,10.1,290.9,280.9,1015.6,1015.7,-6.39,290.36,-0.02,31.3986,9.0376,385.4,49.8,1482.001, NAN, NAN, NAN, NAN,,2024/04/14 08:05:48.725,2024-04-14 08:05:48.725000+00:00
2024/04/14, 08:06:48.726,38.888,-73.897,11.86,208.56,206.51,11.72,11.3,11.3,1013.6,1013.7,0.0,0.0,85.09,78.49,50,44,10.8,12.6,57.3,57.4,8.6,9.5,292.4,279.8,1015.7,1015.8,-6.5,290.32,-0.01,31.3893,9.0157,383.3,49.8,1481.908, NAN, NAN, NAN, NAN,,2024/04/14 08:06:48.726,2024-04-14 08:06:48.726000+00:00
2024/04/14, 08:07:48.726,38.885,-73.899,11.88,208.65,209.41,11.81,11.3,11.3,1013.5,1013.7,0.0,0.0,85.09,78.49,49,43,10.3,12.5,57.9,57.9,7.9,9.1,293.6,279.0,1015.6,1015.8,-6.44,289.91,-0.01,31.3822,8.9939,381.7,49.7,1481.818, NAN, NAN, NAN, NAN,,2024/04/14 08:07:48.726,2024-04-14 08:07:48.726000+00:00
2024/04/14, 08:08:48.726,38.882,-73.901,11.85,208.96,206.88,11.7,11.2,11.3,1013.7,1013.6,0.0,0.0,85.09,78.49,48,42,10.4,12.4,58.6,58.7,8.1,9.2,292.2,278.5,1015.8,1015.7,-6.47,290.0,-0.01,31.3757,8.9709,376.9,49.8,1481.725, NAN, NAN, NAN, NAN,,2024/04/14 08:08:48.726,2024-04-14 08:08:48.726000+00:00
2024/04/14, 08:09:48.726,38.879,-73.902,11.85,209.1,209.83,11.57,11.2,11.2,1013.6,1013.6,0.0,0.0,85.09,78.49,46,41,10.1,12.3,59.5,59.3,7.3,8.7,290.7,276.5,1015.7,1015.7,-6.5,289.45,-0.01,31.3713,8.9505,368.9,49.9,1481.643, NAN, NAN, NAN, NAN,,2024/04/14 08:09:48.726,2024-04-14 08:09:48.726000+00:00
2024/04/14, 08:10:48.726,38.876,-73.904,11.87,208.24,207.99,11.87,11.2,11.1,1013.6,1013.6,0.0,0.0,85.09,78.49,45,39,10.2,12.3,59.7,60.6,7.4,8.5,289.5,274.3,1015.7,1015.7,-6.6,289.15,-0.01,31.3796,8.9289,368.9,49.6,1481.573, NAN, NAN, NAN, NAN,,2024/04/14 08:10:48.726,2024-04-14 08:10:48.726000+00:00
2024/04/14, 08:11:48.726,38.873,-73.906,11.88,207.91,206.47,11.83,11.0,11.1,1013.6,1013.7,0.0,0.0,85.09,78.49,45,39,10.4,12.3,61.9,62.1,7.6,8.7,288.3,274.2,1015.7,1015.8,-6.76,289.15,-0.01,31.3896,8.9134,370.0,49.3,1481.528, NAN, NAN, NAN, NAN,,2024/04/14 08:11:48.726,2024-04-14 08:11:48.726000+00:00
2024/04/14, 08:12:48.726,38.87,-73.908,11.95,209.01,209.46,11.67,11.0,11.0,1013.6,1013.7,0.0,0.0,85.09,78.49,45,40,10.4,12.4,62.8,62.6,7.6,8.8,288.7,275.5,1015.7,1015.8,-6.75,288.99,-0.01,31.3978,8.8995,371.2,49.3,1481.486, NAN, NAN, NAN, NAN,,2024/04/14 08:12:48.726,2024-04-14 08:12:48.726000+00:00
2024/04/14, 08:13:48.726,38.868,-73.91,11.83,208.5,210.57,11.71,10.9,11.0,1013.6,1013.6,0.0,0.0,85.09,78.49,47,42,10.9,12.5,63.4,63.4,8.0,8.9,288.3,276.8,1015.7,1015.7,-6.81,289.63,-0.01,31.4093,8.891,372.8,49.3,1481.468, NAN, NAN, NAN, NAN,,2024/04/14 08:13:48.726,2024-04-14 08:13:48.726000+00:00
2024/04/14, 08:14:48.726,38.865,-73.912,11.84,207.76,205.05,11.63,10.9,11.0,1013.6,1013.6,0.0,0.0,85.09,78.49,48,42,10.7,12.6,62.3,62.4,8.2,9.2,289.4,276.2,1015.7,1015.7,-6.66,290.1,-0.01,31.4165,8.8832,372.9,49.3,1481.448, NAN, NAN, NAN, NAN,,2024/04/14 08:14:48.726,2024-04-14 08:14:48.726000+00:00
2024/04/14, 08:15:48.726,38.862,-73.914,11.83,209.21,206.24,11.42,11.0,11.0,1013.7,1013.6,0.0,0.0,85.09,78.49,48,41,11.1,12.5,60.6,60.6,8.6,9.2,288.8,276.3,1015.8,1015.7,-6.62,290.06,-0.01,31.4229,8.8709,371.5,49.4,1481.41, NAN, NAN, NAN, NAN,,2024/04/14 08:15:48.726,2024-04-14 08:15:48.726000+00:00
2024/04/14, 08:16:48.726,38.859,-73.916,11.85,208.56,206.79,11.87,11.1,11.1,1013.7,1013.6,0.0,0.0,85.09,78.49,45,39,10.6,12.5,61.1,60.9,7.7,8.7,288.1,274.1,1015.8,1015.7,-6.55,289.71,-0.01,31.4355,8.8535,372.4,49.4,1481.361, NAN, NAN, NAN, NAN,,2024/04/14 08:16:48.726,2024-04-14 08:16:48.726000+00:00
2024/04/14, 08:17:48.726,38.856,-73.917,11.79,208.98,203.78,11.56,11.1,11.1,1013.6,1013.5,0.0,0.0,85.09,78.49,43,38,10.8,12.8,62.5,62.5,8.0,9.3,284.7,272.3,1015.7,1015.6,-6.54,289.4,-0.01,31.4437,8.8419,373.2,49.4,1481.327, NAN, NAN, NAN, NAN,,2024/04/14 08:17:48.726,2024-04-14 08:17:48.726000+00:00
2024/04/14, 08:18:48.726,38.853,-73.919,11.76,208.76,206.16,11.57,11.0,11.1,1013.6,1013.6,0.0,0.0,85.09,78.49,41,36,10.9,12.7,63.4,63.1,7.8,8.9,281.7,269.6,1015.7,1015.7,-6.5,289.14,-0.01,31.4522,8.8164,370.5,49.4,1481.243, NAN, NAN, NAN, NAN,,2024/04/14 08:18:48.726,2024-04-14 08:18:48.726000+00:00
2024/04/14, 08:19:48.726,38.85,-73.921,11.79,208.61,207.82,11.79,10.9,11.0,1013.7,1013.7,0.0,0.0,85.09,78.49,39,34,10.4,12.6,64.8,64.7,7.0,8.4,281.8,267.2,1015.8,1015.8,-6.56,289.35,-0.02,31.4694,8.8022,367.8,49.5,1481.211, NAN, NAN, NAN, NAN,,2024/04/14 08:19:48.726,2024-04-14 08:19:48.726000+00:00
2024/04/14, 08:20:48.726,38.847,-73.923,11.81,208.73,207.42,11.57,10.8,10.9,1013.6,1013.6,0.0,0.0,85.09,78.49,38,33,10.4,12.3,67.1,66.9,6.9,8.1,279.7,266.1,1015.7,1015.7,-6.71,289.43,-0.01,31.4854,8.782,370.0,49.5,1481.155, NAN, NAN, NAN, NAN,,2024/04/14 08:20:48.726,2024-04-14 08:20:48.726000+00:00
2024/04/14, 08:21:48.727,38.844,-73.925,11.76,209.04,207.05,11.5,10.7,10.8,1013.8,1013.7,0.0,0.0,85.09,78.49,38,32,10.2,11.9,68.9,68.8,6.7,7.6,280.6,265.9,1015.9,1015.8,-6.64,289.8,-0.01,31.4922,8.7676,371.2,49.5,1481.11, NAN, NAN, NAN, NAN,,2024/04/14 08:21:48.727,2024-04-14 08:21:48.727000+00:00
2024/04/14, 08:22:48.727,38.842,-73.927,11.76,209.02,205.69,11.66,10.7,10.7,1013.8,1013.8,0.0,0.0,85.09,78.49,40,34,10.5,12.5,69.8,69.7,7.3,8.5,282.8,268.1,1015.9,1015.9,-6.66,290.21,-0.01,31.4915,8.763,376.3,49.1,1481.091, NAN, NAN, NAN, NAN,,2024/04/14 08:22:48.727,2024-04-14 08:22:48.727000+00:00
2024/04/14, 08:23:48.727,38.839,-73.929,11.82,208.31,205.97,11.64,10.7,10.7,1013.7,1013.8,0.0,0.0,85.09,78.49,39,34,10.6,12.5,69.5,69.7,7.2,8.4,280.1,266.9,1015.8,1015.9,-6.64,290.3,-0.02,31.4984,8.7743,380.4,49.5,1481.142, NAN, NAN, NAN, NAN,,2024/04/14 08:23:48.727,2024-04-14 08:23:48.727000+00:00
2024/04/14, 08:24:48.727,38.836,-73.93,11.8,209.25,208.94,11.64,10.7,10.7,1013.8,1013.8,0.0,0.0,85.09,78.49,39,35,10.6,12.8,69.5,70.1,7.2,8.7,280.9,268.2,1015.9,1015.9,-6.6,290.65,-0.01,31.4955,8.7951,381.7,49.6,1481.216, NAN, NAN, NAN, NAN,,2024/04/14 08:24:48.727,2024-04-14 08:24:48.727000+00:00
2024/04/14, 08:25:48.727,38.833,-73.932,11.85,208.7,207.99,11.68,10.6,10.7,1013.8,1013.7,0.0,0.0,85.09,78.49,39,35,10.7,12.6,70.1,70.0,7.2,8.5,279.9,268.0,1015.9,1015.8,-6.56,290.77,-0.01,31.4942,8.8163,382.0,49.8,1481.294, NAN, NAN, NAN, NAN,,2024/04/14 08:25:48.727,2024-04-14 08:25:48.727000+00:00
2024/04/14, 08:26:48.727,38.83,-73.934,11.81,208.69,206.48,11.77,10.6,10.7,1014.0,1013.8,0.0,0.0,85.09,78.49,41,36,10.6,12.6,71.2,70.1,7.4,8.6,283.4,270.0,1016.1,1015.9,-6.64,291.08,-0.01,31.4913,8.8349,377.7,49.4,1481.36, NAN, NAN, NAN, NAN,,2024/04/14 08:26:48.727,2024-04-14 08:26:48.727000+00:00
2024/04/14, 08:27:48.727,38.827,-73.936,11.97,209.29,207.79,11.86,10.6,10.6,1013.7,1013.8,0.0,0.0,85.09,78.49,42,36,11.3,13.1,71.6,71.6,8.1,9.1,282.8,269.7,1015.8,1015.9,-6.61,292.03,-0.01,31.484,8.8489,378.4,49.7,1481.403, NAN, NAN, NAN, NAN,,2024/04/14 08:27:48.727,2024-04-14 08:27:48.727000+00:00
2024/04/14, 08:28:48.727,38.824,-73.938,11.92,209.37,209.66,11.73,10.6,10.6,1013.7,1013.8,0.0,0.0,85.09,78.49,40,35,11.1,13.0,71.1,71.2,7.7,8.9,280.6,268.1,1015.8,1015.9,-6.67,291.87,-0.01,31.474,8.8666,377.7,49.8,1481.457, NAN, NAN, NAN, NAN,,2024/04/14 08:28:48.727,2024-04-14 08:28:48.727000+00:00
2024/04/14, 08:29:48.727,38.821,-73.94,11.91,208.04,206.43,11.91,10.7,10.7,1013.7,1014.0,0.0,0.0,85.09,78.49,38,34,10.7,12.6,71.5,71.3,7.2,8.5,279.3,267.3,1015.8,1016.1,-6.54,292.39,-0.02,31.4761,8.8812,377.1,49.7,1481.514, NAN, NAN, NAN, NAN,,2024/04/14 08:29:48.727,2024-04-14 08:29:48.727000+00:00
2024/04/14, 08:30:48.727,38.818,-73.942,12.0,209.06,207.61,11.96,10.6,10.7,1013.8,1013.8,0.0,0.0,85.09,78.49,38,33,11.1,12.8,72.6,72.4,7.4,8.4,278.5,266.1,1015.9,1015.9,-6.42,293.17,-0.01,31.4878,8.8995,376.9,49.4,1481.596, NAN, NAN, NAN, NAN,,2024/04/14 08:30:48.727,2024-04-14 08:30:48.727000+00:00
2024/04/14, 08:31:48.727,38.815,-73.944,11.96,208.43,205.09,11.84,10.6,10.6,1013.6,1013.8,0.0,0.0,85.09,78.49,39,34,11.5,13.5,72.3,72.4,8.1,9.4,277.7,265.3,1015.7,1015.9,-6.48,293.38,-0.02,31.4918,8.9309,375.5,49.9,1481.718, NAN, NAN, NAN, NAN,,2024/04/14 08:31:48.727,2024-04-14 08:31:48.727000+00:00
2024/04/14, 08:32:48.727,38.812,-73.946,11.89,208.91,206.92,11.69,10.7,10.7,1013.7,1013.8,0.0,0.0,85.09,78.49,40,35,11.4,13.0,71.3,71.4,7.9,8.9,278.8,267.4,1015.8,1015.9,-6.51,293.2,-0.01,31.4948,8.9557,370.2,49.9,1481.814, NAN, NAN, NAN, NAN,,2024/04/14 08:32:48.727,2024-04-14 08:32:48.727000+00:00
2024/04/14, 08:33:48.727,38.809,-73.947,11.98,208.5,207.03,11.75,10.7,10.7,1013.8,1013.8,0.0,0.0,85.09,78.49,42,36,11.7,13.4,71.5,71.5,8.4,9.4,280.1,267.6,1015.9,1015.9,-6.53,293.27,-0.01,31.5044,8.9728,362.7,50.0,1481.89, NAN, NAN, NAN, NAN,,2024/04/14 08:33:48.727,2024-04-14 08:33:48.727000+00:00
2024/04/14, 08:34:48.727,38.807,-73.949,11.91,204.06,201.21,11.75,10.8,10.8,1013.8,1013.7,0.0,0.0,85.09,78.49,43,39,11.4,13.1,70.1,70.0,8.5,9.6,278.3,268.4,1015.9,1015.8,-6.45,293.28,-0.01,31.5055,8.989,356.0,49.9,1481.951, NAN, NAN, NAN, NAN,,2024/04/14 08:34:48.727,2024-04-14 08:34:48.727000+00:00
2024/04/14, 08:35:48.727,38.804,-73.951,11.88,204.25,200.38,11.62,10.9,10.9,1013.7,1013.8,0.0,0.0,85.09,78.49,45,40,11.6,13.6,69.4,69.4,8.9,10.1,279.6,268.2,1015.8,1015.9,-6.54,293.01,-0.02,31.5031,8.9967,358.7,50.1,1481.977, NAN, NAN, NAN, NAN,,2024/04/14 08:35:48.727,2024-04-14 08:35:48.727000+00:00
2024/04/14, 08:36:48.728,38.801,-73.952,11.95,203.67,201.67,11.62,10.9,11.0,1013.7,1014.0,0.0,0.0,85.09,78.49,46,40,11.8,13.3,68.4,68.5,9.0,9.7,279.3,268.0,1015.8,1016.1,-6.5,293.19,-0.01,31.4849,9.0025,362.0,48.9,1481.976, NAN, NAN, NAN, NAN,,2024/04/14 08:36:48.728,2024-04-14 08:36:48.728000+00:00
2024/04/14, 08:37:48.728,38.797,-73.954,11.94,204.2,203.51,11.71,11.0,11.0,1013.9,1014.0,0.0,0.0,85.09,78.49,47,41,11.5,13.3,67.6,67.6,8.8,9.8,282.2,269.9,1016.0,1016.1,-6.47,292.64,-0.01,31.47,9.013,366.2,50.6,1481.997, NAN, NAN, NAN, NAN,,2024/04/14 08:37:48.728,2024-04-14 08:37:48.728000+00:00
2024/04/14, 08:38:48.728,38.794,-73.955,11.89,203.89,201.48,11.93,11.1,11.1,1013.8,1013.8,0.0,0.0,85.09,78.49,46,40,11.5,13.0,65.7,66.1,8.6,9.3,281.4,269.6,1015.9,1015.9,-6.39,292.61,-0.02,31.4554,9.028,372.9,51.6,1482.035, NAN, NAN, NAN, NAN,,2024/04/14 08:38:48.728,2024-04-14 08:38:48.728000+00:00
2024/04/14, 08:39:48.728,38.791,-73.957,11.93,203.54,200.27,11.91,11.2,11.2,1013.8,1014.0,0.0,0.0,85.09,78.49,47,41,11.4,13.4,65.2,65.2,8.8,9.9,282.6,269.8,1015.9,1016.1,-6.38,292.3,-0.01,31.4428,9.0376,375.2,51.7,1482.055, NAN, NAN, NAN, NAN,,2024/04/14 08:39:48.728,2024-04-14 08:39:48.728000+00:00
2024/04/14, 08:40:48.728,38.788,-73.958,11.87,204.1,202.76,11.76,11.2,11.2,1013.7,1014.0,0.0,0.0,85.09,78.49,45,39,11.6,13.6,65.3,65.2,8.6,9.8,279.6,266.7,1015.8,1016.1,-6.36,292.2,-0.02,31.4314,9.0477,379.3,51.6,1482.079, NAN, NAN, NAN, NAN,,2024/04/14 08:40:48.728,2024-04-14 08:40:48.728000+00:00
2024/04/14, 08:41:48.728,38.785,-73.96,11.94,203.19,200.43,11.89,11.2,11.3,1013.9,1013.8,0.0,0.0,85.09,78.49,45,39,11.8,13.7,65.9,65.2,8.8,9.9,278.5,266.0,1016.0,1015.9,-6.37,292.31,-0.02,31.4182,9.0553,376.8,52.0,1482.091, NAN, NAN, NAN, NAN,,2024/04/14 08:41:48.728,2024-04-14 08:41:48.728000+00:00
2024/04/14, 08:42:48.728,38.782,-73.962,11.98,204.46,202.68,11.73,11.2,11.2,1013.9,1014.0,0.0,0.0,85.09,78.49,46,40,12.1,13.9,65.3,65.4,9.3,10.3,279.6,267.8,1016.0,1016.1,-6.41,292.57,-0.02,31.4114,9.0626,376.9,51.8,1482.109, NAN, NAN, NAN, NAN,,2024/04/14 08:42:48.728,2024-04-14 08:42:48.728000+00:00
2024/04/14, 08:43:48.728,38.779,-73.963,11.93,203.55,201.76,11.84,11.2,11.3,1014.0,1013.9,0.0,0.0,85.09,78.49,45,39,12.0,13.7,65.4,64.6,8.9,9.9,277.9,266.0,1016.1,1016.0,-6.39,292.28,-0.02,31.4049,9.0662,374.7,52.2,1482.115, NAN, NAN, NAN, NAN,,2024/04/14 08:43:48.728,2024-04-14 08:43:48.728000+00:00
2024/04/14, 08:44:48.728,38.776,-73.965,11.98,204.2,203.22,11.68,11.3,11.3,1014.0,1014.0,0.0,0.0,85.09,78.49,45,40,11.9,14.1,65.0,64.9,8.9,10.4,278.4,266.6,1016.1,1016.1,-6.45,292.31,-0.02,31.4013,9.0667,373.9,52.3,1482.112, NAN, NAN, NAN, NAN,,2024/04/14 08:44:48.728,2024-04-14 08:44:48.728000+00:00
2024/04/14, 08:45:48.728,38.773,-73.966,11.95,203.61,202.49,11.7,11.3,11.3,1014.1,1014.0,0.0,0.0,85.09,78.49,44,39,12.2,14.1,64.2,64.1,9.0,10.2,275.7,264.6,1016.2,1016.1,-6.39,292.49,-0.02,31.4004,9.0645,372.0,51.6,1482.103, NAN, NAN, NAN, NAN,,2024/04/14 08:45:48.728,2024-04-14 08:45:48.728000+00:00
2024/04/14, 08:46:48.728,38.77,-73.968,11.95,203.76,200.8,11.83,11.3,11.4,1014.1,1014.0,0.0,0.0,85.09,78.49,46,41,11.9,14.0,63.6,63.5,9.0,10.4,279.7,268.1,1016.2,1016.1,-6.36,292.61,-0.02,31.401,9.0602,373.2,51.8,1482.088, NAN, NAN, NAN, NAN,,2024/04/14 08:46:48.728,2024-04-14 08:46:48.728000+00:00
2024/04/14, 08:47:48.728,38.767,-73.969,11.93,203.96,199.02,11.73,11.3,11.3,1013.9,1014.1,0.0,0.0,85.09,78.49,48,45,11.6,13.6,64.6,64.3,9.1,10.6,283.0,274.1,1016.0,1016.2,-6.38,292.92,-0.02,31.406,9.0564,370.2,51.8,1482.08, NAN, NAN, NAN, NAN,,2024/04/14 08:47:48.728,2024-04-14 08:47:48.728000+00:00
2024/04/14, 08:48:48.728,38.764,-73.971,11.93,204.75,204.71,11.49,11.4,11.4,1014.0,1014.0,0.0,0.0,85.09,78.49,48,43,11.6,13.5,60.6,60.9,9.0,10.2,282.8,271.8,1016.1,1016.1,-6.42,293.61,-0.02,31.4158,9.044,372.4,51.8,1482.046, NAN, NAN, NAN, NAN,,2024/04/14 08:48:48.728,2024-04-14 08:48:48.728000+00:00
2024/04/14, 08:49:48.728,38.761,-73.973,11.97,203.44,201.64,11.76,11.6,11.6,1014.0,1014.0,0.0,0.0,85.09,78.49,48,43,11.2,13.1,62.0,61.4,8.7,9.8,283.8,272.3,1016.1,1016.1,-6.3,292.32,-0.02,31.4262,9.0284,368.4,51.8,1482.001, NAN, NAN, NAN, NAN,,2024/04/14 08:49:48.728,2024-04-14 08:49:48.728000+00:00
2024/04/14, 08:50:48.728,38.758,-73.974,12.03,203.3,202.35,11.93,11.6,11.5,1013.9,1014.1,0.0,0.0,85.09,78.49,49,42,11.2,13.2,62.4,62.0,8.7,9.7,285.2,271.0,1016.0,1016.2,-6.38,292.93,-0.01,31.4333,9.014,368.1,52.0,1481.956, NAN, NAN, NAN, NAN,,2024/04/14 08:50:48.728,2024-04-14 08:50:48.728000+00:00
2024/04/14, 08:51:48.728,38.755,-73.976,12.04,203.66,202.7,11.83,11.5,11.6,1014.0,1014.2,0.0,0.0,85.09,78.49,47,41,11.4,13.4,60.7,60.6,8.5,9.7,282.2,269.1,1016.1,1016.3,-6.35,292.92,-0.01,31.4461,8.9888,366.7,52.0,1481.878, NAN, NAN, NAN, NAN,,2024/04/14 08:51:48.728,2024-04-14 08:51:48.728000+00:00
2024/04/14, 08:52:48.729,38.752,-73.977,12.06,204.3,203.64,11.79,11.6,11.6,1014.0,1014.2,0.0,0.0,85.09,78.49,46,41,11.5,13.5,61.3,60.9,8.6,9.8,281.3,269.5,1016.1,1016.3,-6.44,292.77,-0.01,31.4548,8.969,362.7,52.0,1481.815, NAN, NAN, NAN, NAN,,2024/04/14 08:52:48.729,2024-04-14 08:52:48.729000+00:00
2024/04/14, 08:53:48.729,38.749,-73.979,12.09,203.61,202.39,11.86,11.5,11.6,1014.0,1014.2,0.0,0.0,85.09,78.49,46,40,11.2,13.2,61.5,61.2,8.4,9.6,282.0,268.7,1016.1,1016.3,-6.41,292.57,-0.02,31.4698,8.9417,364.8,52.2,1481.732, NAN, NAN, NAN, NAN,,2024/04/14 08:53:48.729,2024-04-14 08:53:48.729000+00:00
2024/04/14, 08:54:48.729,38.746,-73.98,12.12,204.26,203.25,11.98,11.5,11.5,1014.3,1014.0,0.0,0.0,85.09,78.49,45,40,11.1,13.3,60.3,59.7,8.3,9.7,282.4,269.7,1016.4,1016.1,-6.45,292.83,-0.02,31.4818,8.9073,358.4,52.2,1481.618, NAN, NAN, NAN, NAN,,2024/04/14 08:54:48.729,2024-04-14 08:54:48.729000+00:00
2024/04/14, 08:55:48.729,38.743,-73.982,12.12,203.64,198.98,12.11,11.5,11.5,1014.1,1014.2,0.0,0.0,85.09,78.49,43,37,11.1,13.0,61.9,61.5,8.1,9.1,280.0,266.5,1016.2,1016.3,-6.46,291.83,-0.01,31.4922,8.8747,356.6,51.8,1481.509, NAN, NAN, NAN, NAN,,2024/04/14 08:55:48.729,2024-04-14 08:55:48.729000+00:00
2024/04/14, 08:56:48.729,38.739,-73.984,12.07,204.28,200.42,11.85,11.4,11.4,1014.0,1014.2,0.0,0.0,85.09,78.49,42,36,10.9,12.8,63.3,63.3,7.9,8.9,279.4,265.7,1016.1,1016.3,-6.51,291.64,-0.01,31.5062,8.8494,354.7,51.9,1481.432, NAN, NAN, NAN, NAN,,2024/04/14 08:56:48.729,2024-04-14 08:56:48.729000+00:00
2024/04/14, 08:57:48.729,38.736,-73.985,12.18,203.51,201.3,11.93,11.3,11.4,1014.0,1014.3,0.0,0.0,85.09,78.49,42,36,10.7,12.7,64.2,64.2,7.6,8.7,279.6,265.0,1016.1,1016.4,-6.65,291.64,-0.01,31.5137,8.8444,354.0,52.2,1481.423, NAN, NAN, NAN, NAN,,2024/04/14 08:57:48.729,2024-04-14 08:57:48.729000+00:00
2024/04/14, 08:58:48.729,38.733,-73.987,12.2,204.24,203.51,11.87,11.2,11.3,1014.1,1014.3,0.0,0.0,85.09,78.49,40,35,10.6,12.6,64.4,64.2,7.4,8.6,278.3,264.8,1016.2,1016.4,-6.65,291.48,-0.02,31.5098,8.8451,352.9,52.1,1481.421, NAN, NAN, NAN, NAN,,2024/04/14 08:58:48.729,2024-04-14 08:58:48.729000+00:00
2024/04/14, 08:59:48.729,38.73,-73.988,12.24,203.57,202.09,11.92,11.2,11.2,1014.1,1014.3,0.0,0.0,85.09,78.49,41,36,10.5,12.5,64.9,64.8,7.3,8.6,279.4,265.8,1016.2,1016.4,-6.66,291.74,-0.02,31.4993,8.8452,355.6,52.0,1481.408, NAN, NAN, NAN, NAN,,2024/04/14 08:59:48.729,2024-04-14 08:59:48.729000+00:00
2024/04/14, 09:00:48.729,38.727,-73.99,12.19,203.93,200.67,11.84,11.1,11.2,1014.1,1014.3,0.0,0.0,85.09,78.49,43,37,10.3,12.5,64.6,64.6,7.5,8.7,282.7,267.4,1016.2,1016.4,-6.66,291.93,-0.01,31.4892,8.8355,353.6,51.8,1481.359, NAN, NAN, NAN, NAN,,2024/04/14 09:00:48.729,2024-04-14 09:00:48.729000+00:00
2024/04/14, 09:01:48.729,38.724,-73.991,12.2,203.93,202.56,11.96,11.2,11.2,1014.2,1014.4,0.0,0.0,85.09,78.49,44,39,9.9,12.2,64.4,63.8,7.2,8.6,286.1,271.0,1016.3,1016.5,-6.68,292.01,-0.01,31.4769,8.8299,352.3,52.0,1481.323, NAN, NAN, NAN, NAN,,2024/04/14 09:01:48.729,2024-04-14 09:01:48.729000+00:00
2024/04/14, 09:02:48.729,38.721,-73.993,12.11,203.79,202.47,11.97,11.2,11.2,1014.3,1014.3,0.0,0.0,85.09,78.49,44,39,10.3,12.3,63.6,63.5,7.3,8.5,283.9,270.2,1016.4,1016.4,-6.65,292.33,-0.02,31.4713,8.8068,353.9,52.0,1481.23, NAN, NAN, NAN, NAN,,2024/04/14 09:02:48.729,2024-04-14 09:02:48.729000+00:00
2024/04/14, 09:03:48.729,38.718,-73.995,12.02,203.84,202.18,11.75,11.3,11.3,1014.3,1014.4,0.0,0.0,85.09,78.49,45,39,10.2,12.2,61.7,61.8,7.5,8.6,284.8,270.1,1016.4,1016.5,-6.63,292.83,-0.01,31.4645,8.781,352.0,52.0,1481.126, NAN, NAN, NAN, NAN,,2024/04/14 09:03:48.729,2024-04-14 09:03:48.729000+00:00
2024/04/14, 09:04:48.729,38.715,-73.996,12.09,204.0,203.78,12.02,11.4,11.4,1014.3,1014.3,0.0,0.0,85.09,78.49,45,39,10.2,12.0,61.1,61.0,7.4,8.3,286.0,271.7,1016.4,1016.4,-6.61,293.16,-0.01,31.4583,8.757,353.9,52.2,1481.028, NAN, NAN, NAN, NAN,,2024/04/14 09:04:48.729,2024-04-14 09:04:48.729000+00:00
2024/04/14, 09:05:48.729,38.712,-73.998,12.09,203.74,200.97,11.97,11.5,11.5,1014.3,1014.4,0.0,0.0,85.09,78.49,44,38,10.1,12.1,60.6,60.6,7.3,8.4,285.0,269.9,1016.4,1016.5,-6.53,293.1,-0.01,31.4557,8.7455,355.3,52.2,1480.982, NAN, NAN, NAN, NAN,,2024/04/14 09:05:48.729,2024-04-14 09:05:48.729000+00:00
2024/04/14, 09:06:48.729,38.709,-73.999,12.1,203.67,199.81,11.86,11.5,11.5,1014.3,1014.4,0.0,0.0,85.09,78.49,43,37,10.2,12.2,60.3,60.3,7.4,8.4,282.9,268.0,1016.4,1016.5,-6.56,293.67,-0.01,31.4528,8.7373,358.0,52.2,1480.948, NAN, NAN, NAN, NAN,,2024/04/14 09:06:48.729,2024-04-14 09:06:48.729000+00:00
2024/04/14, 09:07:48.730,38.706,-74.001,12.06,203.92,202.45,11.83,11.5,11.6,1014.4,1014.4,0.0,0.0,85.09,78.49,41,36,9.9,12.2,60.0,59.8,6.9,8.3,282.2,266.8,1016.5,1016.5,-6.53,292.99,-0.02,31.4461,8.7239,360.0,52.1,1480.889, NAN, NAN, NAN, NAN,,2024/04/14 09:07:48.730,2024-04-14 09:07:48.730000+00:00
2024/04/14, 09:08:48.730,38.703,-74.002,11.99,203.55,202.35,11.8,11.5,11.5,1014.4,1014.4,0.0,0.0,85.09,78.49,41,35,10.5,12.5,61.3,61.1,7.2,8.4,278.6,263.6,1016.5,1016.5,-6.54,293.32,-0.01,31.4393,8.7131,360.3,52.2,1480.841, NAN, NAN, NAN, NAN,,2024/04/14 09:08:48.730,2024-04-14 09:08:48.730000+00:00
2024/04/14, 09:09:48.730,38.699,-74.004,12.05,204.07,201.3,11.99,11.5,11.5,1014.4,1014.5,0.0,0.0,85.09,78.49,42,38,10.8,12.9,60.8,60.8,7.7,9.2,280.1,268.1,1016.5,1016.6,-6.6,294.43,-0.01,31.4307,8.7083,358.7,52.1,1480.812, NAN, NAN, NAN, NAN,,2024/04/14 09:09:48.730,2024-04-14 09:09:48.730000+00:00
2024/04/14, 09:10:48.730,38.696,-74.006,12.02,203.94,201.49,11.95,11.5,11.5,1014.4,1014.5,0.0,0.0,85.09,78.49,39,34,10.7,12.7,58.8,58.3,7.3,8.5,276.6,263.0,1016.5,1016.6,-6.49,293.76,-0.02,31.4256,8.6993,361.1,52.5,1480.772, NAN, NAN, NAN, NAN,,2024/04/14 09:10:48.730,2024-04-14 09:10:48.730000+00:00
2024/04/14, 09:11:48.730,38.693,-74.007,12.15,204.36,202.35,12.03,11.6,11.6,1014.4,1014.5,0.0,0.0,85.09,78.49,38,34,10.9,12.9,59.9,59.7,7.4,8.7,275.2,263.1,1016.5,1016.6,-6.47,293.81,-0.01,31.4248,8.6867,360.3,52.5,1480.724, NAN, NAN, NAN, NAN,,2024/04/14 09:11:48.730,2024-04-14 09:11:48.730000+00:00
2024/04/14, 09:12:48.730,38.69,-74.009,12.08,203.84,202.77,11.83,11.5,11.6,1014.3,1014.5,0.0,0.0,85.09,78.49,38,33,10.9,12.7,61.8,61.7,7.3,8.4,273.7,260.8,1016.4,1016.6,-6.43,293.48,-0.01,31.4221,8.6851,359.3,52.4,1480.715, NAN, NAN, NAN, NAN,,2024/04/14 09:12:48.730,2024-04-14 09:12:48.730000+00:00
2024/04/14, 09:13:48.730,38.687,-74.01,12.06,203.56,201.95,12.03,11.5,11.5,1014.4,1014.4,0.0,0.0,85.09,78.49,38,33,10.8,12.8,61.4,61.3,7.2,8.4,274.6,261.0,1016.5,1016.5,-6.41,293.6,-0.01,31.4254,8.688,361.1,52.5,1480.729, NAN, NAN, NAN, NAN,,2024/04/14 09:13:48.730,2024-04-14 09:13:48.730000+00:00
2024/04/14, 09:14:48.730,38.684,-74.012,12.11,204.01,203.1,11.81,11.4,11.5,1014.5,1014.4,0.0,0.0,85.09,78.49,37,33,10.4,12.2,64.3,64.2,6.8,8.0,274.8,262.6,1016.6,1016.5,-6.45,293.97,-0.01,31.4365,8.6968,363.0,52.4,1480.776, NAN, NAN, NAN, NAN,,2024/04/14 09:14:48.730,2024-04-14 09:14:48.730000+00:00
2024/04/14, 09:15:48.730,38.681,-74.013,12.12,203.33,203.65,12.09,11.4,11.5,1014.4,1014.5,0.0,0.0,85.09,78.49,36,32,10.4,12.4,64.5,64.3,6.5,7.8,273.5,260.0,1016.5,1016.6,-6.47,293.35,-0.02,31.4427,8.7057,365.1,52.7,1480.817, NAN, NAN, NAN, NAN,,2024/04/14 09:15:48.730,2024-04-14 09:15:48.730000+00:00
2024/04/14, 09:16:48.730,38.678,-74.015,12.11,204.12,202.82,11.84,11.2,11.2,1014.4,1014.5,0.0,0.0,85.09,78.49,38,33,10.0,12.3,67.3,67.1,6.6,8.1,278.3,262.5,1016.5,1016.6,-6.53,294.46,-0.02,31.4472,8.7102,366.7,52.7,1480.839, NAN, NAN, NAN, NAN,,2024/04/14 09:16:48.730,2024-04-14 09:16:48.730000+00:00
2024/04/14, 09:17:48.730,38.675,-74.017,12.06,203.45,201.67,12.07,11.1,11.1,1014.4,1014.4,0.0,0.0,85.09,78.49,37,32,10.1,11.9,67.0,66.8,6.5,7.5,276.7,262.2,1016.5,1016.5,-6.63,294.25,-0.02,31.4504,8.7047,368.4,52.5,1480.823, NAN, NAN, NAN, NAN,,2024/04/14 09:17:48.730,2024-04-14 09:17:48.730000+00:00
2024/04/14, 09:18:48.730,38.672,-74.018,12.09,203.32,198.66,12.13,11.0,11.1,1014.5,1014.5,0.0,0.0,85.09,78.49,36,31,10.0,11.3,67.2,67.0,6.5,7.1,276.7,264.1,1016.6,1016.6,-6.62,294.37,-0.01,31.4524,8.7044,368.1,52.6,1480.824, NAN, NAN, NAN, NAN,,2024/04/14 09:18:48.730,2024-04-14 09:18:48.730000+00:00
2024/04/14, 09:19:48.730,38.669,-74.02,12.04,203.88,204.82,11.77,11.0,11.0,1014.5,1014.5,0.0,0.0,85.09,78.49,35,30,10.1,11.1,67.9,67.8,6.2,6.6,272.8,261.1,1016.6,1016.6,-6.68,293.89,-0.01,31.4535,8.709,368.9,52.4,1480.843, NAN, NAN, NAN, NAN,,2024/04/14 09:19:48.730,2024-04-14 09:19:48.730000+00:00
2024/04/14, 09:20:48.730,38.666,-74.021,12.08,204.09,201.95,11.99,10.9,10.9,1014.4,1014.4,0.0,0.0,85.09,78.49,35,31,10.4,11.4,69.0,68.9,6.7,7.1,273.4,263.7,1016.5,1016.5,-6.61,294.36,-0.02,31.4621,8.7155,370.8,52.5,1480.878, NAN, NAN, NAN, NAN,,2024/04/14 09:20:48.730,2024-04-14 09:20:48.730000+00:00
2024/04/14, 09:21:48.730,38.663,-74.023,12.1,203.4,201.83,11.94,10.8,10.9,1014.4,1014.6,0.0,0.0,85.09,78.49,35,30,10.2,11.7,69.0,68.8,6.4,7.2,273.2,259.9,1016.5,1016.7,-6.59,294.38,-0.01,31.4729,8.7245,374.0,52.7,1480.925, NAN, NAN, NAN, NAN,,2024/04/14 09:21:48.730,2024-04-14 09:21:48.730000+00:00
2024/04/14, 09:22:48.730,38.659,-74.025,12.12,203.79,202.61,12.01,10.8,10.8,1014.4,1014.6,0.0,0.0,85.09,78.49,35,30,10.4,11.0,69.2,69.1,6.6,6.6,272.8,263.2,1016.5,1016.7,-6.62,294.66,-0.01,31.4792,8.7202,374.0,52.5,1480.916, NAN, NAN, NAN, NAN,,2024/04/14 09:22:48.730,2024-04-14 09:22:48.730000+00:00
2024/04/14, 09:23:48.731,38.656,-74.026,12.16,204.42,201.27,11.95,10.8,10.8,1014.4,1014.5,0.0,0.0,85.09,78.49,34,30,10.4,11.3,68.9,68.9,6.6,7.0,272.3,262.9,1016.5,1016.6,-6.55,295.01,-0.01,31.4813,8.7083,373.2,52.7,1480.874, NAN, NAN, NAN, NAN,,2024/04/14 09:23:48.731,2024-04-14 09:23:48.731000+00:00
2024/04/14, 09:24:48.731,38.653,-74.028,12.15,203.45,201.3,11.98,10.8,10.8,1014.3,1014.7,0.0,0.0,85.09,78.49,35,31,10.1,11.2,68.7,68.6,6.4,6.9,274.0,263.5,1016.4,1016.8,-6.47,295.23,-0.01,31.4817,8.6944,370.8,52.6,1480.823, NAN, NAN, NAN, NAN,,2024/04/14 09:24:48.731,2024-04-14 09:24:48.731000+00:00
2024/04/14, 09:25:48.731,38.65,-74.029,12.12,202.57,201.14,12.0,10.8,10.8,1014.5,1014.7,0.0,0.0,85.09,78.49,39,34,9.9,12.2,67.8,68.0,6.5,7.9,278.9,262.7,1016.6,1016.8,-6.65,296.23,-0.01,31.4857,8.6872,373.2,52.6,1480.801, NAN, NAN, NAN, NAN,,2024/04/14 09:25:48.731,2024-04-14 09:25:48.731000+00:00
2024/04/14, 09:26:48.731,38.647,-74.031,12.16,203.95,203.27,11.93,11.0,11.0,1014.5,1014.5,0.0,0.0,85.09,78.49,39,34,10.0,12.0,62.1,62.5,6.7,7.9,279.7,264.9,1016.6,1016.6,-6.5,296.38,-0.01,31.4881,8.6879,376.8,52.7,1480.806, NAN, NAN, NAN, NAN,,2024/04/14 09:26:48.731,2024-04-14 09:26:48.731000+00:00
2024/04/14, 09:27:48.731,38.644,-74.033,12.13,203.76,204.19,11.88,11.3,11.3,1014.5,1014.4,0.0,0.0,85.09,78.49,39,34,10.1,12.0,61.7,61.7,6.6,7.7,278.4,263.9,1016.6,1016.5,-6.48,296.25,-0.01,31.4934,8.6887,380.3,52.2,1480.816, NAN, NAN, NAN, NAN,,2024/04/14 09:27:48.731,2024-04-14 09:27:48.731000+00:00
2024/04/14, 09:28:48.731,38.641,-74.034,12.14,203.76,204.37,11.88,11.3,11.4,1014.7,1014.5,0.0,0.0,85.09,78.49,38,33,10.0,12.0,61.8,61.8,6.4,7.7,277.8,262.7,1016.8,1016.6,-6.33,295.59,-0.02,31.493,8.6766,381.7,52.4,1480.77, NAN, NAN, NAN, NAN,,2024/04/14 09:28:48.731,2024-04-14 09:28:48.731000+00:00
2024/04/14, 09:29:48.731,38.638,-74.036,12.1,203.54,204.72,12.01,11.3,11.4,1014.4,1014.7,0.0,0.0,85.09,78.49,38,34,9.9,12.0,62.9,61.7,6.3,7.7,278.5,264.1,1016.5,1016.8,-6.35,296.09,-0.01,31.4917,8.6631,379.3,52.0,1480.718, NAN, NAN, NAN, NAN,,2024/04/14 09:29:48.731,2024-04-14 09:29:48.731000+00:00
2024/04/14, 09:30:48.731,38.635,-74.038,12.08,203.78,199.95,11.83,11.3,11.3,1014.5,1014.5,0.0,0.0,85.09,78.49,38,34,10.1,12.1,62.7,62.3,6.7,8.1,277.6,264.4,1016.6,1016.6,-6.43,295.89,-0.02,31.4922,8.6604,377.7,52.4,1480.708, NAN, NAN, NAN, NAN,,2024/04/14 09:30:48.731,2024-04-14 09:30:48.731000+00:00
2024/04/14, 09:31:48.731,38.632,-74.039,12.07,203.5,201.89,11.88,11.3,11.3,1014.7,1014.7,0.0,0.0,85.09,78.49,38,33,10.1,12.1,62.8,62.9,6.7,7.9,277.3,262.7,1016.8,1016.8,-6.36,295.86,-0.01,31.499,8.6591,382.4,52.3,1480.712, NAN, NAN, NAN, NAN,,2024/04/14 09:31:48.731,2024-04-14 09:31:48.731000+00:00
2024/04/14, 09:32:48.731,38.629,-74.041,12.03,203.49,200.57,11.92,11.2,11.3,1014.6,1014.6,0.0,0.0,85.09,78.49,37,32,10.3,12.1,63.9,63.6,6.7,7.8,275.3,261.5,1016.7,1016.7,-6.41,295.75,-0.01,31.5047,8.6631,383.0,52.5,1480.734, NAN, NAN, NAN, NAN,,2024/04/14 09:32:48.731,2024-04-14 09:32:48.731000+00:00
2024/04/14, 09:33:48.731,38.626,-74.042,12.07,203.74,200.23,11.87,11.2,11.2,1014.4,1014.7,0.0,0.0,85.09,78.49,37,32,10.4,11.8,64.1,64.0,6.8,7.5,274.8,262.5,1016.5,1016.8,-6.46,296.2,-0.01,31.5094,8.6689,383.8,52.7,1480.761, NAN, NAN, NAN, NAN,,2024/04/14 09:33:48.731,2024-04-14 09:33:48.731000+00:00
2024/04/14, 09:34:48.731,38.623,-74.044,12.06,203.45,200.04,11.89,11.2,11.2,1014.7,1014.7,0.0,0.0,85.09,78.49,36,31,10.0,11.0,64.1,64.0,6.5,6.9,275.7,264.4,1016.8,1016.8,-6.42,295.73,-0.01,31.5145,8.6677,384.4,52.3,1480.763, NAN, NAN, NAN, NAN,,2024/04/14 09:34:48.731,2024-04-14 09:34:48.731000+00:00
2024/04/14, 09:35:48.731,38.62,-74.046,12.1,204.0,204.09,11.89,11.1,11.2,1014.5,1014.7,0.0,0.0,85.09,78.49,35,30,9.6,10.2,64.6,64.6,5.9,5.9,276.6,266.3,1016.6,1016.8,-6.44,296.13,-0.01,31.5178,8.6612,384.1,52.0,1480.743, NAN, NAN, NAN, NAN,,2024/04/14 09:35:48.731,2024-04-14 09:35:48.731000+00:00
2024/04/14, 09:36:48.731,38.617,-74.047,12.12,203.4,202.34,11.82,11.1,11.1,1014.7,1014.7,0.0,0.0,85.09,78.49,35,29,9.6,10.2,65.5,65.3,5.8,5.8,275.6,263.7,1016.8,1016.8,-6.42,296.3,-0.01,31.5174,8.6561,380.8,52.1,1480.723, NAN, NAN, NAN, NAN,,2024/04/14 09:36:48.731,2024-04-14 09:36:48.731000+00:00
2024/04/14, 09:37:48.731,38.614,-74.049,12.17,204.05,203.4,11.92,11.0,11.1,1014.7,1014.7,0.0,0.0,85.09,78.49,36,32,9.8,11.9,64.1,63.9,6.2,7.6,277.0,262.4,1016.8,1016.8,-6.5,297.09,-0.01,31.5201,8.6476,379.0,52.1,1480.694, NAN, NAN, NAN, NAN,,2024/04/14 09:37:48.731,2024-04-14 09:37:48.731000+00:00
2024/04/14, 09:38:48.731,38.61,-74.05,12.11,203.76,203.57,11.83,11.1,11.1,1014.8,1014.5,0.0,0.0,85.09,78.49,35,30,9.4,10.2,62.1,62.3,5.8,6.0,277.6,266.3,1016.9,1016.6,-6.51,295.93,-0.0,31.5199,8.6348,374.4,52.0,1480.646, NAN, NAN, NAN, NAN,,2024/04/14 09:38:48.731,2024-04-14 09:38:48.731000+00:00
2024/04/14, 09:39:48.732,38.607,-74.052,12.09,204.2,203.13,11.79,11.1,11.2,1014.6,1014.8,0.0,0.0,85.09,78.49,34,29,9.8,10.3,64.7,64.5,6.0,5.9,274.0,264.3,1016.7,1016.9,-6.38,295.67,-0.0,31.5187,8.6243,371.5,52.3,1480.605, NAN, NAN, NAN, NAN,,2024/04/14 09:39:48.732,2024-04-14 09:39:48.732000+00:00
2024/04/14, 09:40:48.732,38.604,-74.054,12.14,203.88,203.22,11.95,11.0,11.1,1014.7,1014.7,0.0,0.0,85.09,78.49,35,29,10.0,10.3,65.6,65.4,6.2,5.8,274.5,264.5,1016.8,1016.8,-6.54,295.81,0.0,31.5187,8.6115,371.5,52.4,1480.557, NAN, NAN, NAN, NAN,,2024/04/14 09:40:48.732,2024-04-14 09:40:48.732000+00:00
2024/04/14, 09:41:48.732,38.601,-74.055,12.1,204.23,202.52,11.8,10.9,11.0,1014.5,1014.8,0.0,0.0,85.09,78.49,34,29,10.0,10.4,66.3,66.3,6.2,6.1,273.3,264.3,1016.6,1016.9,-6.44,295.88,0.02,31.5187,8.6035,370.5,52.2,1480.527, NAN, NAN, NAN, NAN,,2024/04/14 09:41:48.732,2024-04-14 09:41:48.732000+00:00
2024/04/14, 09:42:48.732,38.598,-74.057,12.03,204.12,201.39,11.97,10.9,10.9,1014.8,1014.7,0.0,0.0,85.09,78.49,33,28,10.2,9.9,67.5,67.4,6.3,5.5,271.5,266.1,1016.9,1016.8,-6.49,295.7,0.02,31.5199,8.6036,368.9,52.3,1480.529, NAN, NAN, NAN, NAN,,2024/04/14 09:42:48.732,2024-04-14 09:42:48.732000+00:00
2024/04/14, 09:43:48.732,38.595,-74.059,12.08,205.95,205.26,11.87,10.8,10.8,1014.7,1014.7,0.0,0.0,85.09,78.49,33,27,9.7,9.9,68.4,68.3,5.8,5.4,275.5,265.8,1016.8,1016.8,-6.51,296.57,0.02,31.5226,8.6028,370.0,52.4,1480.529, NAN, NAN, NAN, NAN,,2024/04/14 09:43:48.732,2024-04-14 09:43:48.732000+00:00
2024/04/14, 09:44:48.732,38.592,-74.06,12.01,204.93,203.86,11.92,10.7,10.8,1014.7,1014.7,0.0,0.0,85.09,78.49,32,27,9.5,10.0,68.6,68.3,5.5,5.4,274.5,264.2,1016.8,1016.8,-6.48,296.52,0.03,31.5245,8.6053,370.0,52.4,1480.541, NAN, NAN, NAN, NAN,,2024/04/14 09:44:48.732,2024-04-14 09:44:48.732000+00:00
2024/04/14, 09:45:48.732,38.589,-74.062,12.0,204.81,204.77,11.83,10.7,10.7,1014.7,1014.7,0.0,0.0,85.09,78.49,34,29,10.2,10.5,68.5,68.3,6.3,6.1,272.7,264.1,1016.8,1016.8,-6.56,297.54,0.04,31.5228,8.6147,367.5,52.4,1480.574, NAN, NAN, NAN, NAN,,2024/04/14 09:45:48.732,2024-04-14 09:45:48.732000+00:00
2024/04/14, 09:46:48.732,38.586,-74.064,11.99,205.28,203.75,11.77,10.8,10.8,1014.5,1014.7,0.0,0.0,85.09,78.49,33,28,10.3,10.2,66.5,66.2,6.3,5.7,271.0,264.2,1016.6,1016.8,-6.41,297.62,0.05,31.5242,8.6264,367.0,52.5,1480.62, NAN, NAN, NAN, NAN,,2024/04/14 09:46:48.732,2024-04-14 09:46:48.732000+00:00
2024/04/14, 09:47:48.732,38.583,-74.066,11.89,204.79,203.8,11.71,10.9,10.9,1014.7,1014.7,0.0,0.0,85.09,78.49,34,29,10.2,10.7,65.5,65.7,6.3,6.3,272.2,262.8,1016.8,1016.8,-6.41,297.95,0.06,31.5311,8.6358,366.2,52.5,1480.664, NAN, NAN, NAN, NAN,,2024/04/14 09:47:48.732,2024-04-14 09:47:48.732000+00:00
2024/04/14, 09:48:48.732,38.58,-74.067,11.95,203.94,201.2,11.98,11.0,11.0,1014.8,1014.8,0.0,0.0,85.09,78.49,36,30,10.3,11.3,65.1,64.9,6.5,6.7,274.3,261.4,1016.9,1016.9,-6.44,298.59,0.08,31.5338,8.6421,365.7,52.5,1480.691, NAN, NAN, NAN, NAN,,2024/04/14 09:48:48.732,2024-04-14 09:48:48.732000+00:00
2024/04/14, 09:49:48.732,38.577,-74.069,11.87,204.32,202.12,11.76,11.1,11.1,1014.7,1014.7,0.0,0.0,85.09,78.49,35,29,10.1,11.2,63.3,63.1,6.3,6.6,273.5,259.9,1016.8,1016.8,-6.28,298.13,0.09,31.5373,8.6513,364.4,52.5,1480.73, NAN, NAN, NAN, NAN,,2024/04/14 09:49:48.732,2024-04-14 09:49:48.732000+00:00
2024/04/14, 09:50:48.732,38.574,-74.071,11.91,204.52,202.58,11.96,11.2,11.2,1014.8,1014.9,0.0,0.0,85.09,78.49,37,32,10.5,12.6,62.9,62.7,6.8,8.2,275.4,260.9,1016.9,1017.0,-6.32,298.77,0.13,31.541,8.6596,362.7,52.7,1480.765, NAN, NAN, NAN, NAN,,2024/04/14 09:50:48.732,2024-04-14 09:50:48.732000+00:00
2024/04/14, 09:51:48.732,38.571,-74.072,11.95,205.41,204.25,11.96,11.3,11.3,1014.7,1014.9,0.0,0.0,85.09,78.49,38,33,10.2,12.5,62.0,61.7,6.7,8.2,278.9,263.3,1016.8,1017.0,-6.24,299.1,0.16,31.5486,8.6681,360.0,52.7,1480.806, NAN, NAN, NAN, NAN,,2024/04/14 09:51:48.732,2024-04-14 09:51:48.732000+00:00
2024/04/14, 09:52:48.732,38.568,-74.074,11.9,204.76,203.9,11.85,11.4,11.4,1014.9,1014.8,0.0,0.0,85.09,78.49,35,30,10.4,11.1,59.9,59.7,6.6,6.7,273.1,263.1,1017.0,1016.9,-6.19,298.6,0.2,31.5576,8.6676,358.0,52.7,1480.816, NAN, NAN, NAN, NAN,,2024/04/14 09:52:48.732,2024-04-14 09:52:48.732000+00:00
2024/04/14, 09:53:48.732,38.565,-74.076,11.99,205.52,205.34,11.81,11.4,11.4,1014.8,1014.9,0.0,0.0,85.09,78.49,34,29,10.5,11.2,60.1,61.7,6.5,6.6,271.6,261.3,1016.9,1017.0,-6.19,298.59,0.25,31.5655,8.6597,351.3,52.9,1480.796, NAN, NAN, NAN, NAN,,2024/04/14 09:53:48.732,2024-04-14 09:53:48.732000+00:00
2024/04/14, 09:54:48.732,38.562,-74.077,11.94,203.81,200.75,12.09,11.4,11.4,1014.9,1014.8,0.0,0.0,85.09,78.49,35,31,10.5,11.9,61.4,61.4,6.5,7.4,272.4,261.0,1017.0,1016.9,-6.22,299.16,0.3,31.5712,8.6496,340.8,52.8,1480.765, NAN, NAN, NAN, NAN,,2024/04/14 09:54:48.732,2024-04-14 09:54:48.732000+00:00
2024/04/14, 09:55:48.733,38.559,-74.079,11.92,205.6,204.93,11.86,11.4,11.4,1014.9,1014.9,0.0,0.0,85.09,78.49,37,32,10.0,12.3,59.1,59.4,6.3,7.9,278.3,262.1,1017.0,1017.0,-6.2,299.89,0.38,31.5766,8.6356,332.8,52.8,1480.719, NAN, NAN, NAN, NAN,,2024/04/14 09:55:48.733,2024-04-14 09:55:48.733000+00:00
2024/04/14, 09:56:48.733,38.556,-74.081,11.96,204.54,202.31,11.8,11.4,11.6,1014.9,1014.9,0.0,0.0,85.09,78.49,36,31,10.1,11.8,58.8,57.1,6.5,7.5,275.6,261.8,1017.0,1017.0,-6.13,299.98,0.48,31.586,8.6164,326.7,52.5,1480.659, NAN, NAN, NAN, NAN,,2024/04/14 09:56:48.733,2024-04-14 09:56:48.733000+00:00
2024/04/14, 09:57:48.733,38.553,-74.083,11.89,205.12,204.56,11.93,11.7,11.7,1014.9,1014.9,0.0,0.0,85.09,78.49,35,30,9.9,10.9,57.8,57.4,6.1,6.5,276.2,264.3,1017.0,1017.0,-6.02,299.51,0.59,31.5958,8.5956,322.0,52.9,1480.593, NAN, NAN, NAN, NAN,,2024/04/14 09:57:48.733,2024-04-14 09:57:48.733000+00:00
2024/04/14, 09:58:48.733,38.55,-74.084,11.95,204.87,202.63,11.8,11.7,11.8,1014.9,1014.9,0.0,0.0,85.09,78.49,36,30,10.1,11.2,56.8,56.6,6.5,6.8,275.8,262.7,1017.0,1017.0,-6.02,299.11,0.72,31.6019,8.576,323.0,52.9,1480.526, NAN, NAN, NAN, NAN,,2024/04/14 09:58:48.733,2024-04-14 09:58:48.733000+00:00
2024/04/14, 09:59:48.733,38.547,-74.086,11.99,205.44,206.26,11.71,11.7,11.8,1015.0,1015.1,0.0,0.0,85.09,78.49,34,30,9.8,11.5,58.6,58.2,6.0,7.1,274.8,261.5,1017.1,1017.2,-5.99,298.47,0.88,31.6066,8.5655,324.8,52.5,1480.493, NAN, NAN, NAN, NAN,,2024/04/14 09:59:48.733,2024-04-14 09:59:48.733000+00:00
2024/04/14, 10:00:48.733,38.544,-74.088,11.87,204.99,204.07,11.73,11.6,11.7,1014.9,1014.9,0.0,0.0,85.09,78.49,34,30,10.2,11.2,60.7,60.2,6.3,6.8,272.3,262.2,1017.0,1017.0,-6.2,298.88,1.08,31.6117,8.5556,327.0,52.2,1480.462, NAN, NAN, NAN, NAN,,2024/04/14 10:00:48.733,2024-04-14 10:00:48.733000+00:00
2024/04/14, 10:01:48.733,38.541,-74.089,11.87,204.83,203.42,11.96,11.6,11.6,1014.9,1015.0,0.0,0.0,85.09,78.49,37,33,9.8,11.9,57.1,57.4,6.2,7.6,279.2,264.6,1017.0,1017.1,-6.12,299.26,1.35,31.6147,8.5544,336.1,52.0,1480.461, NAN, NAN, NAN, NAN,,2024/04/14 10:01:48.733,2024-04-14 10:01:48.733000+00:00
2024/04/14, 10:02:48.733,38.538,-74.091,11.96,205.15,203.51,12.1,11.6,11.6,1014.9,1014.9,0.0,0.0,85.09,78.49,37,32,10.0,11.6,60.3,56.7,6.4,7.3,279.1,265.2,1017.0,1017.0,-6.05,298.96,1.64,31.6161,8.5548,339.5,52.5,1480.464, NAN, NAN, NAN, NAN,,2024/04/14 10:02:48.733,2024-04-14 10:02:48.733000+00:00
2024/04/14, 10:03:48.733,38.535,-74.093,12.08,204.61,204.42,12.06,11.5,11.6,1014.9,1015.0,0.0,0.0,85.09,78.49,39,34,10.1,12.1,58.8,59.0,6.6,7.8,280.1,265.2,1017.0,1017.1,-6.13,300.46,1.99,31.6186,8.5455,342.8,52.5,1480.432, NAN, NAN, NAN, NAN,,2024/04/14 10:03:48.733,2024-04-14 10:03:48.733000+00:00
2024/04/14, 10:04:48.733,38.532,-74.095,12.01,205.06,204.64,11.95,11.7,11.7,1014.9,1015.0,0.0,0.0,85.09,78.49,38,34,9.9,12.0,56.4,56.1,6.4,7.8,280.1,265.9,1017.0,1017.1,-6.02,300.01,2.4,31.6192,8.5357,341.2,52.7,1480.396, NAN, NAN, NAN, NAN,,2024/04/14 10:04:48.733,2024-04-14 10:04:48.733000+00:00
2024/04/14, 10:05:48.733,38.529,-74.096,12.09,204.82,202.49,11.99,11.9,11.9,1014.9,1015.1,0.0,0.0,85.09,78.49,39,34,10.1,12.1,53.8,53.9,6.7,7.9,280.1,265.3,1017.0,1017.2,-5.76,300.85,2.89,31.6217,8.5333,338.2,52.3,1480.39, NAN, NAN, NAN, NAN,,2024/04/14 10:05:48.733,2024-04-14 10:05:48.733000+00:00
2024/04/14, 10:06:48.733,38.526,-74.098,12.04,206.14,207.25,11.83,12.2,12.1,1015.3,1015.1,0.0,0.0,85.09,78.49,39,34,10.0,12.2,51.4,51.4,6.6,8.0,281.4,266.0,1017.4,1017.2,-5.47,300.88,3.57,31.6273,8.5372,337.1,52.7,1480.412, NAN, NAN, NAN, NAN,,2024/04/14 10:06:48.733,2024-04-14 10:06:48.733000+00:00
2024/04/14, 10:07:48.733,38.523,-74.1,12.07,204.49,202.57,12.08,12.4,12.4,1015.1,1015.2,0.0,0.0,85.09,78.49,40,36,10.0,12.1,50.8,50.9,6.8,8.1,282.1,268.3,1017.2,1017.3,-5.24,300.89,4.24,31.637,8.5372,336.8,52.5,1480.424, NAN, NAN, NAN, NAN,,2024/04/14 10:07:48.733,2024-04-14 10:07:48.733000+00:00
2024/04/14, 10:08:48.733,38.52,-74.102,12.01,205.18,204.09,11.95,12.5,12.4,1015.2,1015.1,0.0,0.0,85.09,78.49,39,35,9.7,11.8,50.3,50.8,6.4,7.8,282.6,268.2,1017.3,1017.2,-5.12,300.56,5.03,31.6494,8.5503,336.4,52.7,1480.488, NAN, NAN, NAN, NAN,,2024/04/14 10:08:48.733,2024-04-14 10:08:48.733000+00:00
2024/04/14, 10:09:48.733,38.517,-74.103,12.13,205.4,202.93,11.96,12.6,12.6,1015.1,1015.2,0.0,0.0,85.09,78.49,40,35,9.6,11.8,50.2,50.2,6.5,7.8,284.7,268.6,1017.2,1017.3,-4.84,300.42,5.97,31.6636,8.5506,337.1,52.5,1480.507, NAN, NAN, NAN, NAN,,2024/04/14 10:09:48.733,2024-04-14 10:09:48.733000+00:00
2024/04/14, 10:10:48.733,38.514,-74.105,12.12,204.49,203.0,11.83,12.6,12.6,1015.0,1015.3,0.0,0.0,85.09,78.49,40,35,9.4,11.3,50.2,50.2,6.2,7.3,284.2,268.7,1017.1,1017.4,-4.8,300.35,7.02,31.6858,8.5556,342.5,52.6,1480.553, NAN, NAN, NAN, NAN,,2024/04/14 10:10:48.733,2024-04-14 10:10:48.733000+00:00
2024/04/14, 10:11:48.734,38.511,-74.107,12.1,204.74,206.62,12.09,12.6,12.6,1015.1,1015.3,0.0,0.0,85.09,78.49,42,36,9.4,11.3,49.9,50.0,6.2,7.2,287.6,270.6,1017.2,1017.4,-4.45,300.22,8.43,31.6934,8.5684,339.2,52.7,1480.611, NAN, NAN, NAN, NAN,,2024/04/14 10:11:48.734,2024-04-14 10:11:48.734000+00:00
2024/04/14, 10:12:48.734,38.507,-74.109,12.06,204.66,202.01,11.95,12.6,12.6,1015.0,1015.2,0.0,0.0,85.09,78.49,40,34,9.0,11.1,50.2,50.2,6.0,7.1,287.4,269.0,1017.1,1017.3,-4.32,299.65,9.84,31.6969,8.591,338.8,52.5,1480.7, NAN, NAN, NAN, NAN,,2024/04/14 10:12:48.734,2024-04-14 10:12:48.734000+00:00
2024/04/14, 10:13:48.734,38.504,-74.11,12.07,204.34,205.11,11.99,12.6,12.6,1015.1,1015.1,0.0,0.0,85.09,78.49,40,35,9.1,11.3,51.0,51.0,5.9,7.2,286.5,268.9,1017.2,1017.2,-4.03,299.62,11.44,31.7042,8.6179,338.2,52.7,1480.81, NAN, NAN, NAN, NAN,,2024/04/14 10:13:48.734,2024-04-14 10:13:48.734000+00:00
2024/04/14, 10:14:48.734,38.501,-74.112,12.09,204.19,204.0,11.96,12.5,12.6,1014.9,1015.3,0.0,0.0,85.09,78.49,39,34,9.2,11.1,51.5,51.4,5.9,7.0,284.5,268.2,1017.0,1017.4,-3.68,299.44,13.26,31.7144,8.6311,339.2,52.7,1480.872, NAN, NAN, NAN, NAN,,2024/04/14 10:14:48.734,2024-04-14 10:14:48.734000+00:00
2024/04/14, 10:15:48.734,38.498,-74.114,12.01,204.89,205.18,11.9,12.5,12.5,1015.1,1015.2,0.0,0.0,85.09,78.49,39,34,8.9,11.2,52.4,52.3,5.7,7.1,286.9,268.4,1017.2,1017.3,-3.31,299.15,15.49,31.7088,8.64,337.6,52.7,1480.898, NAN, NAN, NAN, NAN,,2024/04/14 10:15:48.734,2024-04-14 10:15:48.734000+00:00
2024/04/14, 10:16:48.734,38.495,-74.115,12.01,204.78,201.45,11.96,12.4,12.4,1015.1,1015.2,0.0,0.0,85.09,78.49,38,33,9.1,10.8,52.7,52.7,5.9,6.8,284.8,269.3,1017.2,1017.3,-3.04,298.75,17.67,31.7247,8.6457,335.5,52.4,1480.939, NAN, NAN, NAN, NAN,,2024/04/14 10:16:48.734,2024-04-14 10:16:48.734000+00:00
2024/04/14, 10:17:48.734,38.492,-74.117,12.12,205.04,202.35,11.87,12.3,12.4,1015.2,1015.1,0.0,0.0,85.09,78.49,37,31,8.6,10.3,52.9,52.9,5.5,6.2,287.0,268.9,1017.3,1017.2,-2.63,298.99,19.95,31.7257,8.6545,336.8,52.8,1480.973, NAN, NAN, NAN, NAN,,2024/04/14 10:17:48.734,2024-04-14 10:17:48.734000+00:00
2024/04/14, 10:18:48.734,38.489,-74.119,12.13,204.71,204.18,11.96,12.3,12.3,1015.1,1015.2,0.0,0.0,85.09,78.49,36,31,9.1,10.6,53.2,53.2,5.5,6.3,282.1,266.7,1017.2,1017.3,-2.21,298.66,22.59,31.723,8.6745,337.4,52.8,1481.045, NAN, NAN, NAN, NAN,,2024/04/14 10:18:48.734,2024-04-14 10:18:48.734000+00:00
2024/04/14, 10:19:48.734,38.486,-74.121,12.11,204.8,201.19,11.86,12.2,12.3,1015.3,1015.1,0.0,0.0,85.09,78.49,34,28,9.2,9.3,53.9,53.9,5.6,5.1,278.8,270.0,1017.4,1017.2,-1.74,298.78,25.45,31.7195,8.6933,339.8,52.9,1481.111, NAN, NAN, NAN, NAN,,2024/04/14 10:19:48.734,2024-04-14 10:19:48.734000+00:00
2024/04/14, 10:20:48.734,38.483,-74.122,12.01,205.09,204.75,11.87,12.1,12.2,1015.1,1015.2,0.0,0.0,85.09,78.49,33,28,8.9,9.1,54.2,54.2,5.2,4.8,279.8,271.4,1017.2,1017.3,-1.15,298.61,29.3,31.715,8.7048,338.8,52.7,1481.148, NAN, NAN, NAN, NAN,,2024/04/14 10:20:48.734,2024-04-14 10:20:48.734000+00:00
2024/04/14, 10:21:48.734,38.48,-74.124,12.13,205.13,200.79,11.71,12.1,12.1,1015.2,1015.1,0.0,0.0,85.09,78.49,32,26,9.2,9.1,54.7,54.6,5.5,4.9,276.2,268.6,1017.3,1017.2,-0.23,298.39,33.73,31.7083,8.7276,335.2,52.7,1481.226, NAN, NAN, NAN, NAN,,2024/04/14 10:21:48.734,2024-04-14 10:21:48.734000+00:00
2024/04/14, 10:22:48.734,38.477,-74.126,12.12,205.17,204.34,11.82,12.0,12.1,1015.3,1015.1,0.0,0.0,85.09,78.49,34,28,9.2,9.1,55.6,55.5,5.4,4.7,278.5,270.8,1017.4,1017.2,0.85,298.66,39.85,31.6987,8.7473,332.4,52.6,1481.287, NAN, NAN, NAN, NAN,,2024/04/14 10:22:48.734,2024-04-14 10:22:48.734000+00:00
2024/04/14, 10:23:48.734,38.474,-74.127,12.04,204.96,202.53,11.62,12.0,12.0,1015.2,1015.1,0.0,0.0,85.09,78.49,32,26,8.6,8.9,56.5,56.4,5.0,4.6,279.5,268.8,1017.3,1017.2,1.68,298.71,45.8,31.6905,8.7609,331.0,52.7,1481.328, NAN, NAN, NAN, NAN,,2024/04/14 10:23:48.734,2024-04-14 10:23:48.734000+00:00
2024/04/14, 10:24:48.734,38.471,-74.129,12.11,204.44,201.45,12.06,12.0,12.0,1015.1,1015.3,0.0,0.0,85.09,78.49,31,26,9.1,9.1,56.6,56.7,5.2,4.7,276.4,269.3,1017.2,1017.4,2.63,298.67,52.9,31.683,8.777,326.4,52.9,1481.379, NAN, NAN, NAN, NAN,,2024/04/14 10:24:48.734,2024-04-14 10:24:48.734000+00:00
2024/04/14, 10:25:48.734,38.468,-74.131,12.17,205.16,201.34,11.95,11.9,12.0,1015.2,1015.1,0.0,0.0,85.09,78.49,30,25,9.1,9.0,57.2,57.2,5.1,4.5,275.1,268.6,1017.3,1017.2,3.35,298.75,61.82,31.6764,8.7975,324.0,52.9,1481.448, NAN, NAN, NAN, NAN,,2024/04/14 10:25:48.734,2024-04-14 10:25:48.734000+00:00
2024/04/14, 10:26:48.734,38.465,-74.132,12.14,204.98,200.84,11.79,11.9,11.9,1015.2,1015.2,0.0,0.0,85.09,78.49,29,24,9.2,8.9,57.4,57.4,5.1,4.4,272.1,266.8,1017.3,1017.3,4.57,298.97,68.81,31.6706,8.8181,320.6,53.0,1481.517, NAN, NAN, NAN, NAN,,2024/04/14 10:26:48.734,2024-04-14 10:26:48.734000+00:00
2024/04/14, 10:27:48.735,38.462,-74.134,12.05,204.59,204.91,12.04,11.9,11.9,1015.2,1015.3,0.0,0.0,85.09,78.49,30,25,9.1,8.9,57.2,57.3,4.8,4.2,274.0,267.7,1017.3,1017.4,5.75,299.08,77.38,31.6678,8.8482,318.7,53.2,1481.626, NAN, NAN, NAN, NAN,,2024/04/14 10:27:48.735,2024-04-14 10:27:48.735000+00:00
2024/04/14, 10:28:48.735,38.459,-74.136,12.05,204.62,205.61,11.99,11.9,11.9,1015.0,1015.1,0.0,0.0,85.09,78.49,30,23,8.8,8.8,57.1,56.5,4.7,4.0,276.4,265.4,1017.1,1017.2,6.93,299.64,84.22,31.6632,8.8755,319.6,52.9,1481.722, NAN, NAN, NAN, NAN,,2024/04/14 10:28:48.735,2024-04-14 10:28:48.735000+00:00
2024/04/14, 10:29:48.735,38.456,-74.138,12.06,205.05,205.13,11.82,11.9,12.0,1015.1,1015.3,0.0,0.0,85.09,78.49,28,24,9.4,9.0,56.5,56.4,5.0,4.3,268.8,265.3,1017.2,1017.4,7.22,299.38,94.77,31.6638,8.8922,316.9,53.0,1481.785, NAN, NAN, NAN, NAN,,2024/04/14 10:29:48.735,2024-04-14 10:29:48.735000+00:00
2024/04/14, 10:30:48.735,38.453,-74.139,12.06,204.3,203.22,12.02,11.9,12.0,1015.2,1015.3,0.0,0.0,85.09,78.49,28,22,9.6,9.1,57.0,57.0,5.1,4.1,267.5,261.1,1017.3,1017.4,9.09,299.4,103.68,31.6606,8.909,311.2,53.1,1481.844, NAN, NAN, NAN, NAN,,2024/04/14 10:30:48.735,2024-04-14 10:30:48.735000+00:00
2024/04/14, 10:31:48.735,38.45,-74.141,12.14,204.82,201.98,12.03,11.9,12.0,1015.3,1015.3,0.0,0.0,85.09,78.49,27,22,9.7,9.2,57.8,57.0,5.2,4.3,266.5,261.8,1017.4,1017.4,10.43,299.39,117.39,31.6626,8.9196,308.6,53.0,1481.886, NAN, NAN, NAN, NAN,,2024/04/14 10:31:48.735,2024-04-14 10:31:48.735000+00:00
2024/04/14, 10:32:48.735,38.447,-74.143,12.15,205.17,206.64,11.99,11.9,11.9,1015.3,1015.3,0.0,0.0,85.09,78.49,27,22,9.6,9.2,57.9,58.0,5.0,4.2,266.3,260.6,1017.4,1017.4,11.89,299.71,130.65,31.6619,8.9296,307.5,53.2,1481.922, NAN, NAN, NAN, NAN,,2024/04/14 10:32:48.735,2024-04-14 10:32:48.735000+00:00
2024/04/14, 10:33:48.735,38.444,-74.144,11.98,204.91,204.11,11.94,11.9,11.9,1015.2,1015.3,0.0,0.0,85.09,78.49,27,22,9.6,9.1,58.3,58.3,5.0,4.1,266.1,261.2,1017.3,1017.4,12.99,299.87,142.63,31.6612,8.9313,306.8,53.2,1481.928, NAN, NAN, NAN, NAN,,2024/04/14 10:33:48.735,2024-04-14 10:33:48.735000+00:00
2024/04/14, 10:34:48.735,38.441,-74.146,12.1,204.75,203.84,12.03,11.8,11.9,1015.3,1015.3,0.0,0.0,85.09,78.49,27,21,9.7,9.1,58.6,58.6,5.1,4.0,265.8,259.7,1017.4,1017.4,14.65,299.59,156.29,31.6623,8.9299,304.9,53.4,1481.924, NAN, NAN, NAN, NAN,,2024/04/14 10:34:48.735,2024-04-14 10:34:48.735000+00:00
2024/04/14, 10:35:48.735,38.438,-74.148,12.11,204.58,204.76,12.01,11.8,11.8,1015.3,1015.3,0.0,0.0,85.09,78.49,25,20,9.9,9.3,59.2,59.2,5.0,4.1,260.8,255.7,1017.4,1017.4,16.6,299.7,178.24,31.6631,8.9311,302.2,53.4,1481.929, NAN, NAN, NAN, NAN,,2024/04/14 10:35:48.735,2024-04-14 10:35:48.735000+00:00
2024/04/14, 10:36:48.735,38.435,-74.15,12.14,204.49,202.6,11.91,11.7,11.8,1015.3,1015.3,0.0,0.0,85.09,78.49,23,19,10.1,9.5,60.1,60.1,5.1,4.3,256.4,252.7,1017.4,1017.4,18.2,299.32,187.98,31.6659,8.9379,304.9,53.3,1481.958, NAN, NAN, NAN, NAN,,2024/04/14 10:36:48.735,2024-04-14 10:36:48.735000+00:00
2024/04/14, 10:37:48.735,38.432,-74.151,12.09,204.99,203.55,12.03,11.7,11.7,1015.3,1015.3,0.0,0.0,85.09,78.49,24,18,10.2,9.6,60.6,60.5,5.3,4.3,258.6,251.2,1017.4,1017.4,19.67,299.33,206.03,31.669,8.9347,304.9,53.4,1481.95, NAN, NAN, NAN, NAN,,2024/04/14 10:37:48.735,2024-04-14 10:37:48.735000+00:00
2024/04/14, 10:38:48.735,38.429,-74.153,12.13,205.25,205.28,11.88,11.6,11.6,1015.3,1015.3,0.0,0.0,85.09,78.49,22,17,10.2,9.7,61.2,61.1,5.2,4.3,254.8,248.2,1017.4,1017.4,22.05,299.35,228.12,31.6689,8.9195,305.2,53.6,1481.893, NAN, NAN, NAN, NAN,,2024/04/14 10:38:48.735,2024-04-14 10:38:48.735000+00:00
2024/04/14, 10:39:48.735,38.426,-74.155,12.12,205.25,205.13,12.13,11.5,11.6,1015.3,1015.3,0.0,0.0,85.09,78.49,22,17,10.3,9.7,61.8,61.8,5.1,4.2,254.5,248.2,1017.4,1017.4,23.44,299.32,243.11,31.6728,8.9147,304.6,53.3,1481.88, NAN, NAN, NAN, NAN,,2024/04/14 10:39:48.735,2024-04-14 10:39:48.735000+00:00
2024/04/14, 10:40:48.735,38.423,-74.157,12.07,204.57,204.55,12.06,11.5,11.5,1015.3,1015.3,0.0,0.0,85.09,78.49,23,18,10.2,9.6,62.3,62.2,5.1,4.2,255.9,249.9,1017.4,1017.4,25.95,299.11,271.46,31.6785,8.9055,307.5,53.2,1481.853, NAN, NAN, NAN, NAN,,2024/04/14 10:40:48.735,2024-04-14 10:40:48.735000+00:00
2024/04/14, 10:41:48.735,38.42,-74.158,12.06,204.26,204.51,12.02,11.5,11.5,1015.2,1015.3,0.0,0.0,85.09,78.49,24,19,10.2,9.7,62.7,62.6,5.2,4.4,257.3,250.9,1017.3,1017.4,27.84,299.06,290.19,31.6827,8.8771,307.8,52.9,1481.752, NAN, NAN, NAN, NAN,,2024/04/14 10:41:48.735,2024-04-14 10:41:48.735000+00:00
2024/04/14, 10:42:48.735,38.417,-74.16,12.11,204.82,204.47,11.98,11.5,11.5,1015.3,1015.3,0.0,0.0,85.09,78.49,25,20,10.2,9.7,63.1,63.0,5.3,4.5,259.3,253.2,1017.4,1017.4,29.6,299.28,317.55,31.6836,8.8752,305.9,53.2,1481.746, NAN, NAN, NAN, NAN,,2024/04/14 10:42:48.735,2024-04-14 10:42:48.735000+00:00
2024/04/14, 10:43:48.736,38.414,-74.162,12.05,204.75,205.39,11.97,11.4,11.5,1015.3,1015.3,0.0,0.0,85.09,78.49,26,20,10.0,9.5,63.5,63.5,5.1,4.2,261.2,253.3,1017.4,1017.4,31.38,299.3,334.26,31.691,8.882,309.6,53.3,1481.781, NAN, NAN, NAN, NAN,,2024/04/14 10:43:48.736,2024-04-14 10:43:48.736000+00:00
2024/04/14, 10:44:48.736,38.41,-74.164,12.11,204.58,204.5,11.97,11.4,11.5,1015.3,1015.3,0.0,0.0,85.09,78.49,25,21,10.0,9.5,63.8,63.7,5.2,4.4,260.2,256.2,1017.4,1017.4,34.65,299.2,368.84,31.6958,8.8881,309.9,53.4,1481.809, NAN, NAN, NAN, NAN,,2024/04/14 10:44:48.736,2024-04-14 10:44:48.736000+00:00
2024/04/14, 10:45:48.736,38.407,-74.166,12.16,205.09,207.06,11.96,11.4,11.4,1015.3,1015.3,0.0,0.0,85.09,78.49,24,18,9.7,9.2,64.3,64.2,4.7,3.8,260.0,251.7,1017.4,1017.4,36.16,298.71,393.18,31.6964,8.8897,307.5,53.6,1481.816, NAN, NAN, NAN, NAN,,2024/04/14 10:45:48.736,2024-04-14 10:45:48.736000+00:00
2024/04/14, 10:46:48.736,38.404,-74.167,12.09,205.03,204.15,11.96,11.3,11.4,1015.5,1015.3,0.0,0.0,85.09,78.49,24,18,9.7,9.2,65.0,65.0,4.9,3.9,261.2,253.5,1017.6,1017.4,39.1,298.79,416.26,31.6968,8.8941,306.2,52.6,1481.833, NAN, NAN, NAN, NAN,,2024/04/14 10:46:48.736,2024-04-14 10:46:48.736000+00:00
2024/04/14, 10:47:48.736,38.401,-74.169,12.17,205.39,207.94,12.12,11.3,11.3,1015.3,1015.5,0.0,0.0,85.09,78.49,22,17,9.4,9.0,65.7,65.6,4.2,3.4,258.9,251.6,1017.4,1017.6,42.13,299.12,445.34,31.6986,8.8962,305.2,52.3,1481.843, NAN, NAN, NAN, NAN,,2024/04/14 10:47:48.736,2024-04-14 10:47:48.736000+00:00
2024/04/14, 10:48:48.736,38.398,-74.171,12.16,204.62,203.15,12.16,11.2,11.2,1015.3,1015.3,0.0,0.0,85.09,78.49,23,18,9.4,9.0,66.5,66.5,4.5,3.7,262.0,255.7,1017.4,1017.4,44.2,299.18,469.18,31.6992,8.8779,301.9,51.9,1481.775, NAN, NAN, NAN, NAN,,2024/04/14 10:48:48.736,2024-04-14 10:48:48.736000+00:00
2024/04/14, 10:49:48.736,38.395,-74.173,12.28,205.05,206.05,12.31,11.1,11.2,1015.4,1015.3,0.0,0.0,85.09,78.49,22,18,9.6,9.2,67.0,66.9,4.4,3.7,259.4,254.6,1017.5,1017.4,46.44,298.93,497.99,31.6972,8.8542,298.0,51.8,1481.685, NAN, NAN, NAN, NAN,,2024/04/14 10:49:48.736,2024-04-14 10:49:48.736000+00:00
2024/04/14, 10:50:48.736,38.392,-74.175,12.26,204.6,204.06,12.15,11.1,11.1,1015.4,1015.3,0.0,0.0,85.09,78.49,23,18,9.6,9.2,67.3,67.3,4.5,3.8,259.6,252.8,1017.5,1017.4,49.49,299.05,525.5,31.6985,8.835,295.5,51.6,1481.615, NAN, NAN, NAN, NAN,,2024/04/14 10:50:48.736,2024-04-14 10:50:48.736000+00:00
2024/04/14, 10:51:48.736,38.389,-74.176,12.25,204.48,203.29,12.05,11.1,11.1,1015.5,1015.3,0.0,0.0,85.09,78.49,21,17,9.3,8.8,67.9,67.9,4.2,3.4,258.1,254.1,1017.6,1017.4,52.72,299.11,547.73,31.7047,8.8272,302.5,52.1,1481.593, NAN, NAN, NAN, NAN,,2024/04/14 10:51:48.736,2024-04-14 10:51:48.736000+00:00
2024/04/14, 10:52:48.736,38.386,-74.178,12.21,204.42,205.87,12.03,11.0,11.1,1015.4,1015.4,0.0,0.0,85.09,78.49,21,16,9.5,9.1,68.0,67.9,4.3,3.6,255.8,248.3,1017.5,1017.5,55.02,299.55,570.79,31.7101,8.8279,305.2,51.7,1481.602, NAN, NAN, NAN, NAN,,2024/04/14 10:52:48.736,2024-04-14 10:52:48.736000+00:00
2024/04/14, 10:53:48.736,38.383,-74.18,12.22,204.72,204.05,12.19,11.0,11.1,1015.4,1015.3,0.0,0.0,85.09,78.49,21,16,9.7,9.3,68.4,68.0,4.5,3.8,256.5,249.3,1017.5,1017.4,58.16,299.31,599.86,31.7092,8.8231,302.5,52.4,1481.583, NAN, NAN, NAN, NAN,,2024/04/14 10:53:48.736,2024-04-14 10:53:48.736000+00:00
2024/04/14, 10:54:48.736,38.38,-74.182,12.3,203.94,202.92,12.07,11.0,11.0,1015.3,1015.5,0.0,0.0,85.09,78.49,21,16,9.8,9.4,68.6,68.6,4.5,3.8,253.6,245.8,1017.4,1017.6,61.2,299.75,623.34,31.7085,8.8179,301.9,52.7,1481.563, NAN, NAN, NAN, NAN,,2024/04/14 10:54:48.736,2024-04-14 10:54:48.736000+00:00
2024/04/14, 10:55:48.736,38.377,-74.184,12.37,204.55,204.06,12.16,11.0,11.0,1015.5,1015.5,0.0,0.0,85.09,78.49,22,17,9.8,9.3,68.0,68.1,4.6,3.8,256.6,250.0,1017.6,1017.6,64.42,300.02,651.8,31.7026,8.8181,298.5,53.0,1481.557, NAN, NAN, NAN, NAN,,2024/04/14 10:55:48.736,2024-04-14 10:55:48.736000+00:00
2024/04/14, 10:56:48.736,38.374,-74.185,12.35,205.14,205.16,12.29,11.1,11.1,1015.5,1015.4,0.0,0.0,85.09,78.49,22,18,9.8,9.3,67.4,67.5,4.6,3.9,258.6,254.4,1017.6,1017.5,67.25,300.34,677.79,31.7,8.8131,300.1,52.9,1481.535, NAN, NAN, NAN, NAN,,2024/04/14 10:56:48.736,2024-04-14 10:56:48.736000+00:00
2024/04/14, 10:57:48.736,38.371,-74.187,12.27,204.88,205.99,12.1,11.1,11.1,1015.5,1015.6,0.0,0.0,85.09,78.49,22,17,9.7,9.3,67.6,67.6,4.5,3.7,256.7,249.2,1017.6,1017.7,69.99,300.08,704.21,31.6943,8.808,298.0,52.9,1481.509, NAN, NAN, NAN, NAN,,2024/04/14 10:57:48.736,2024-04-14 10:57:48.736000+00:00
2024/04/14, 10:58:48.736,38.368,-74.189,12.35,204.92,203.84,12.22,11.1,11.1,1015.6,1015.5,0.0,0.0,85.09,78.49,22,16,9.9,9.4,68.2,68.1,4.7,3.8,256.8,247.9,1017.7,1017.6,73.33,300.02,725.05,31.6906,8.814,297.1,53.0,1481.527, NAN, NAN, NAN, NAN,,2024/04/14 10:58:48.736,2024-04-14 10:58:48.736000+00:00
2024/04/14, 10:59:48.736,38.365,-74.191,12.34,205.07,204.59,12.12,11.0,11.1,1015.5,1015.5,0.0,0.0,85.09,78.49,23,17,9.9,9.5,68.8,68.7,4.8,4.0,258.0,248.8,1017.6,1017.6,75.74,300.35,755.67,31.6883,8.8284,294.7,52.9,1481.578, NAN, NAN, NAN, NAN,,2024/04/14 10:59:48.736,2024-04-14 10:59:48.736000+00:00
2024/04/14, 11:00:48.737,38.362,-74.193,12.34,204.92,206.88,12.18,11.0,11.0,1015.4,1015.5,0.0,0.0,85.09,78.49,22,17,9.8,9.5,68.4,68.4,4.6,3.9,256.8,248.8,1017.5,1017.6,77.45,300.04,780.43,31.6852,8.8346,293.4,50.9,1481.597, NAN, NAN, NAN, NAN,,2024/04/14 11:00:48.737,2024-04-14 11:00:48.737000+00:00
2024/04/14, 11:01:48.737,38.358,-74.194,12.34,205.1,206.03,12.28,11.0,11.0,1015.3,1015.5,0.0,0.0,85.09,78.49,20,16,9.4,8.8,69.6,69.5,4.0,3.1,255.4,251.4,1017.4,1017.6,80.76,299.95,797.85,31.6781,8.842,288.8,50.8,1481.616, NAN, NAN, NAN, NAN,,2024/04/14 11:01:48.737,2024-04-14 11:01:48.737000+00:00
2024/04/14, 11:02:48.737,38.355,-74.196,12.36,204.93,204.29,12.24,11.0,11.0,1015.4,1015.4,0.0,0.0,85.09,78.49,21,17,10.0,9.6,70.6,70.6,4.7,4.1,254.9,249.5,1017.5,1017.5,85.14,300.45,822.59,31.6716,8.849,286.7,50.7,1481.634, NAN, NAN, NAN, NAN,,2024/04/14 11:02:48.737,2024-04-14 11:02:48.737000+00:00
2024/04/14, 11:03:48.737,38.352,-74.198,12.29,205.13,206.43,12.24,11.0,11.0,1015.5,1015.5,0.0,0.0,85.09,78.49,22,17,9.7,9.0,70.2,70.6,4.5,3.5,258.0,253.1,1017.6,1017.6,86.4,299.89,835.74,31.6708,8.8528,288.4,50.7,1481.647, NAN, NAN, NAN, NAN,,2024/04/14 11:03:48.737,2024-04-14 11:03:48.737000+00:00
2024/04/14, 11:04:48.737,38.349,-74.2,12.17,209.38,209.51,11.99,10.9,10.9,1015.5,1015.5,0.0,0.0,85.09,78.49,21,15,10.0,9.5,71.0,71.2,4.8,3.9,258.3,249.3,1017.6,1017.6,88.35,300.57,860.07,31.6682,8.8641,287.0,50.7,1481.686, NAN, NAN, NAN, NAN,,2024/04/14 11:04:48.737,2024-04-14 11:04:48.737000+00:00
2024/04/14, 11:05:48.737,38.346,-74.202,12.32,207.93,207.48,12.19,10.9,10.9,1015.5,1015.3,0.0,0.0,85.09,78.49,21,18,9.4,9.3,71.0,71.3,4.3,3.9,261.8,256.7,1017.6,1017.4,90.43,300.95,871.69,31.5228,8.8772,288.0,50.7,1481.556, NAN, NAN, NAN, NAN,,2024/04/14 11:05:48.737,2024-04-14 11:05:48.737000+00:00
2024/04/14, 11:06:48.737,38.343,-74.204,12.36,208.03,208.26,12.12,10.9,10.9,1015.5,1015.5,0.0,0.0,85.09,78.49,23,17,10.2,9.8,71.7,71.5,5.1,4.3,259.7,250.5,1017.6,1017.6,94.53,301.12,892.67,31.6605,8.8956,286.7,50.8,1481.794, NAN, NAN, NAN, NAN,,2024/04/14 11:06:48.737,2024-04-14 11:06:48.737000+00:00
2024/04/14, 11:07:48.737,38.34,-74.206,12.31,207.86,206.31,12.08,10.9,10.9,1015.7,1015.5,0.0,0.0,85.09,78.49,21,16,10.3,9.9,69.6,69.8,5.1,4.3,255.6,248.0,1017.8,1017.6,98.9,300.92,912.13,31.6532,8.9089,282.7,50.7,1481.834, NAN, NAN, NAN, NAN,,2024/04/14 11:07:48.737,2024-04-14 11:07:48.737000+00:00
2024/04/14, 11:08:48.737,38.337,-74.208,12.35,207.82,207.46,12.13,10.9,10.9,1015.5,1015.7,0.0,0.0,85.09,78.49,20,16,9.4,8.9,70.5,69.7,4.1,3.4,259.0,254.6,1017.6,1017.8,101.25,300.49,927.63,31.6418,8.9344,282.0,50.9,1481.915, NAN, NAN, NAN, NAN,,2024/04/14 11:08:48.737,2024-04-14 11:08:48.737000+00:00
2024/04/14, 11:09:48.737,38.334,-74.21,12.39,207.96,207.38,12.0,10.9,10.9,1015.7,1015.6,0.0,0.0,85.09,78.49,20,16,10.1,9.8,71.7,71.5,4.8,4.2,254.2,247.9,1017.8,1017.7,102.97,301.42,946.21,31.629,8.9576,279.3,50.8,1481.986, NAN, NAN, NAN, NAN,,2024/04/14 11:09:48.737,2024-04-14 11:09:48.737000+00:00
2024/04/14, 11:10:48.737,38.332,-74.212,12.35,208.08,207.67,12.08,10.9,10.9,1015.7,1015.6,0.0,0.0,85.09,78.49,21,17,10.8,10.6,69.7,70.0,5.5,5.0,253.0,246.2,1017.8,1017.7,105.99,302.35,969.36,31.6171,8.9741,277.9,50.7,1482.033, NAN, NAN, NAN, NAN,,2024/04/14 11:10:48.737,2024-04-14 11:10:48.737000+00:00
2024/04/14, 11:11:48.737,38.329,-74.214,12.35,208.17,208.06,12.24,11.0,11.0,1015.7,1015.7,0.0,0.0,85.09,78.49,22,17,10.9,10.3,67.4,67.1,5.6,4.7,255.1,248.4,1017.8,1017.8,110.76,301.67,983.91,31.6046,8.9864,275.6,50.9,1482.063, NAN, NAN, NAN, NAN,,2024/04/14 11:11:48.737,2024-04-14 11:11:48.737000+00:00
2024/04/14, 11:12:48.737,38.326,-74.216,12.26,208.58,210.46,12.23,11.0,11.1,1015.7,1015.6,0.0,0.0,85.09,78.49,21,17,11.0,10.4,68.8,69.1,5.5,4.7,252.3,247.0,1017.8,1017.7,109.69,302.0,992.37,31.5898,8.9871,271.2,51.0,1482.048, NAN, NAN, NAN, NAN,,2024/04/14 11:12:48.737,2024-04-14 11:12:48.737000+00:00
2024/04/14, 11:13:48.737,38.323,-74.219,12.21,207.86,208.95,12.06,11.1,11.1,1015.8,1015.6,0.0,0.0,85.09,78.49,19,15,10.9,10.2,67.4,67.2,5.3,4.4,247.5,242.2,1017.9,1017.7,114.87,301.93,1009.75,31.5816,8.9867,270.8,50.9,1482.036, NAN, NAN, NAN, NAN,,2024/04/14 11:13:48.737,2024-04-14 11:13:48.737000+00:00
2024/04/14, 11:14:48.737,38.32,-74.221,12.2,207.9,208.41,12.18,11.1,11.1,1015.7,1015.7,0.0,0.0,85.09,78.49,22,17,11.4,10.8,68.3,68.4,6.0,5.1,252.4,245.4,1017.8,1017.8,119.1,303.8,1036.25,31.5764,8.9944,270.2,50.4,1482.058, NAN, NAN, NAN, NAN,,2024/04/14 11:14:48.737,2024-04-14 11:14:48.737000+00:00
2024/04/14, 11:15:48.737,38.317,-74.223,12.14,207.5,208.01,12.26,11.4,11.4,1015.8,1015.8,0.0,0.0,85.09,78.49,20,16,11.2,10.9,65.1,64.3,5.7,5.1,249.1,242.5,1017.9,1017.9,122.44,302.07,1054.23,31.5703,9.0082,265.2,50.7,1482.102, NAN, NAN, NAN, NAN,,2024/04/14 11:15:48.737,2024-04-14 11:15:48.737000+00:00
2024/04/14, 11:16:48.738,38.314,-74.225,12.11,208.0,206.97,12.03,11.3,11.4,1015.7,1015.8,0.0,0.0,85.09,78.49,20,16,11.5,11.0,66.2,66.0,6.1,5.3,248.4,242.6,1017.8,1017.9,126.54,302.04,1070.15,31.5704,9.0271,263.2,50.8,1482.172, NAN, NAN, NAN, NAN,,2024/04/14 11:16:48.738,2024-04-14 11:16:48.738000+00:00
2024/04/14, 11:17:48.738,38.311,-74.227,12.22,207.85,210.96,12.11,11.3,11.3,1015.8,1015.7,0.0,0.0,85.09,78.49,19,15,11.6,11.1,66.5,66.4,5.9,5.2,244.6,238.2,1017.9,1017.8,128.16,301.38,1083.68,31.572,9.0407,261.7,50.8,1482.225, NAN, NAN, NAN, NAN,,2024/04/14 11:17:48.738,2024-04-14 11:17:48.738000+00:00
2024/04/14, 11:18:48.738,38.308,-74.229,12.17,208.08,209.07,12.09,11.2,11.2,1015.8,1015.7,0.0,0.0,85.09,78.49,20,15,11.6,11.1,67.8,67.7,6.1,5.3,247.8,239.9,1017.9,1017.8,131.24,301.6,1103.12,31.573,9.0455,259.5,50.9,1482.244, NAN, NAN, NAN, NAN,,2024/04/14 11:18:48.738,2024-04-14 11:18:48.738000+00:00
2024/04/14, 11:19:48.738,38.305,-74.231,12.26,208.68,210.47,12.06,11.1,11.2,1015.8,1015.7,0.0,0.0,85.09,78.49,21,16,11.8,11.2,68.0,67.7,6.3,5.5,249.2,241.8,1017.9,1017.8,136.6,301.97,1118.96,31.574,9.0463,257.1,51.0,1482.248, NAN, NAN, NAN, NAN,,2024/04/14 11:19:48.738,2024-04-14 11:19:48.738000+00:00
2024/04/14, 11:20:48.738,38.302,-74.233,12.11,208.13,209.43,12.08,11.1,11.2,1015.8,1015.7,0.0,0.0,85.09,78.49,21,17,11.5,11.1,67.5,67.3,6.0,5.4,249.4,243.2,1017.9,1017.8,141.26,301.77,1137.47,31.5768,9.0449,256.1,50.9,1482.246, NAN, NAN, NAN, NAN,,2024/04/14 11:20:48.738,2024-04-14 11:20:48.738000+00:00
2024/04/14, 11:21:48.738,38.299,-74.235,12.2,208.35,209.24,12.11,11.1,11.2,1015.7,1015.8,0.0,0.0,85.09,78.49,20,16,11.6,11.1,68.2,68.1,6.1,5.4,248.1,242.2,1017.8,1017.9,141.77,301.57,1150.85,31.5817,9.0388,256.4,51.1,1482.23, NAN, NAN, NAN, NAN,,2024/04/14 11:21:48.738,2024-04-14 11:21:48.738000+00:00
2024/04/14, 11:22:48.738,38.296,-74.237,12.26,208.01,210.58,11.96,11.0,11.1,1015.8,1015.8,0.0,0.0,85.09,78.49,21,17,11.5,10.9,69.9,69.9,6.1,5.2,248.6,243.1,1017.9,1017.9,146.5,302.01,1166.67,31.5847,9.0336,254.4,51.1,1482.214, NAN, NAN, NAN, NAN,,2024/04/14 11:22:48.738,2024-04-14 11:22:48.738000+00:00
2024/04/14, 11:23:48.738,38.293,-74.239,12.2,207.55,209.26,11.99,11.0,11.0,1015.7,1015.7,0.0,0.0,85.09,78.49,22,17,11.6,10.9,69.4,69.3,6.2,5.2,249.4,242.3,1017.8,1017.8,149.71,302.4,1184.33,31.5851,9.0246,252.8,51.1,1482.181, NAN, NAN, NAN, NAN,,2024/04/14 11:23:48.738,2024-04-14 11:23:48.738000+00:00
2024/04/14, 11:24:48.738,38.29,-74.241,12.28,208.03,208.97,11.97,11.1,11.1,1015.9,1015.8,0.0,0.0,85.09,78.49,22,17,11.5,10.9,68.4,68.4,6.2,5.3,251.2,244.0,1018.0,1017.9,151.17,301.94,1194.83,31.5884,9.0222,254.4,51.0,1482.176, NAN, NAN, NAN, NAN,,2024/04/14 11:24:48.738,2024-04-14 11:24:48.738000+00:00
2024/04/14, 11:25:48.738,38.287,-74.243,12.3,208.29,209.45,12.03,11.1,11.1,1015.8,1015.7,0.0,0.0,85.09,78.49,22,18,11.4,10.9,68.5,68.7,6.0,5.3,251.8,246.2,1017.9,1017.8,155.66,302.36,1213.71,31.5881,9.0298,253.4,51.2,1482.204, NAN, NAN, NAN, NAN,,2024/04/14 11:25:48.738,2024-04-14 11:25:48.738000+00:00
2024/04/14, 11:26:48.738,38.284,-74.245,12.26,208.35,209.76,12.27,11.1,11.1,1015.8,1015.9,0.0,0.0,85.09,78.49,22,17,11.4,10.8,69.4,69.2,5.9,5.0,252.0,244.6,1017.9,1018.0,158.83,302.31,1224.54,31.595,9.0386,253.4,51.1,1482.245, NAN, NAN, NAN, NAN,,2024/04/14 11:26:48.738,2024-04-14 11:26:48.738000+00:00
2024/04/14, 11:27:48.738,38.282,-74.248,12.21,208.77,211.05,12.1,11.1,11.1,1015.8,1015.9,0.0,0.0,85.09,78.49,21,17,11.4,10.9,69.4,69.3,6.0,5.2,250.9,245.1,1017.9,1018.0,164.77,302.24,1240.85,31.5948,9.0545,250.7,51.1,1482.304, NAN, NAN, NAN, NAN,,2024/04/14 11:27:48.738,2024-04-14 11:27:48.738000+00:00
2024/04/14, 11:28:48.738,38.279,-74.25,12.2,207.91,209.62,12.08,11.1,11.1,1015.8,1015.9,0.0,0.0,85.09,78.49,21,16,11.5,10.8,69.3,69.2,6.0,5.0,249.1,241.9,1017.9,1018.0,165.93,301.99,1256.68,31.6005,9.0693,250.4,51.1,1482.366, NAN, NAN, NAN, NAN,,2024/04/14 11:28:48.738,2024-04-14 11:28:48.738000+00:00
2024/04/14, 11:29:48.738,38.276,-74.252,12.3,208.57,210.58,11.96,11.1,11.1,1015.9,1015.9,0.0,0.0,85.09,78.49,20,16,11.4,10.9,70.3,70.2,5.9,5.2,248.4,242.5,1018.0,1018.0,172.05,302.67,1268.84,31.6112,9.0763,249.7,51.1,1482.405, NAN, NAN, NAN, NAN,,2024/04/14 11:29:48.738,2024-04-14 11:29:48.738000+00:00
2024/04/14, 11:30:48.738,38.273,-74.254,12.32,208.24,209.05,11.96,11.1,11.1,1015.9,1015.9,0.0,0.0,85.09,78.49,20,15,11.4,10.9,69.6,69.4,5.9,5.1,247.2,239.1,1018.0,1018.0,173.6,302.45,1285.86,31.6145,9.0844,248.6,51.2,1482.439, NAN, NAN, NAN, NAN,,2024/04/14 11:30:48.738,2024-04-14 11:30:48.738000+00:00
2024/04/14, 11:31:48.739,38.27,-74.256,12.37,208.02,208.96,12.07,11.1,11.1,1015.9,1015.9,0.0,0.0,85.09,78.49,19,15,11.5,11.0,69.9,69.3,6.0,5.3,246.7,240.7,1018.0,1018.0,179.45,302.46,1297.2,31.6168,9.0939,247.3,51.3,1482.477, NAN, NAN, NAN, NAN,,2024/04/14 11:31:48.739,2024-04-14 11:31:48.739000+00:00
2024/04/14, 11:32:48.739,38.267,-74.258,12.39,207.7,208.26,12.08,11.1,11.1,1016.1,1015.9,0.0,0.0,85.09,78.49,19,15,11.6,11.2,70.2,70.1,6.0,5.4,245.0,238.5,1018.2,1018.0,183.81,302.78,1308.4,31.6225,9.1023,247.0,51.0,1482.515, NAN, NAN, NAN, NAN,,2024/04/14 11:32:48.739,2024-04-14 11:32:48.739000+00:00
2024/04/14, 11:33:48.739,38.264,-74.26,12.3,207.65,207.75,12.01,11.1,11.1,1016.1,1015.9,0.0,0.0,85.09,78.49,19,14,11.9,11.3,70.2,70.1,6.4,5.5,244.6,236.9,1018.2,1018.0,187.61,303.03,1323.16,31.6198,9.1081,248.0,51.2,1482.534, NAN, NAN, NAN, NAN,,2024/04/14 11:33:48.739,2024-04-14 11:33:48.739000+00:00
2024/04/14, 11:34:48.739,38.261,-74.262,12.36,208.03,208.74,12.01,11.1,11.1,1016.0,1015.9,0.0,0.0,85.09,78.49,19,14,11.8,11.2,69.5,69.4,6.2,5.4,245.1,237.4,1018.1,1018.0,185.96,302.6,1338.49,31.6189,9.1135,246.0,51.2,1482.552, NAN, NAN, NAN, NAN,,2024/04/14 11:34:48.739,2024-04-14 11:34:48.739000+00:00
2024/04/14, 11:35:48.739,38.258,-74.264,12.34,208.48,207.55,12.17,11.2,11.2,1015.9,1016.1,0.0,0.0,85.09,78.49,18,13,11.8,11.3,69.7,69.6,6.1,5.4,244.6,236.4,1018.0,1018.2,193.07,302.85,1351.84,31.6177,9.1072,247.3,51.2,1482.528, NAN, NAN, NAN, NAN,,2024/04/14 11:35:48.739,2024-04-14 11:35:48.739000+00:00
2024/04/14, 11:36:48.739,38.255,-74.266,12.22,207.94,209.49,12.04,11.2,11.2,1015.9,1016.1,0.0,0.0,85.09,78.49,18,13,11.9,11.4,69.3,69.3,6.2,5.5,242.5,234.1,1018.0,1018.2,197.62,302.84,1364.21,31.6166,9.1002,245.2,51.2,1482.5, NAN, NAN, NAN, NAN,,2024/04/14 11:36:48.739,2024-04-14 11:36:48.739000+00:00
2024/04/14, 11:37:48.739,38.252,-74.268,12.18,207.78,207.48,12.0,11.2,11.2,1016.0,1016.0,0.0,0.0,85.09,78.49,18,13,12.1,11.4,69.3,69.2,6.5,5.5,242.5,234.8,1018.1,1018.1,199.49,302.38,1376.22,31.6159,9.0991,245.4,51.3,1482.495, NAN, NAN, NAN, NAN,,2024/04/14 11:37:48.739,2024-04-14 11:37:48.739000+00:00
2024/04/14, 11:38:48.739,38.249,-74.27,12.21,208.02,209.37,12.03,11.2,11.2,1016.1,1016.1,0.0,0.0,85.09,78.49,17,12,11.9,11.4,70.0,69.8,6.2,5.4,240.8,232.2,1018.2,1018.2,201.99,302.48,1387.75,31.6179,9.1055,243.0,51.4,1482.522, NAN, NAN, NAN, NAN,,2024/04/14 11:38:48.739,2024-04-14 11:38:48.739000+00:00
2024/04/14, 11:39:48.739,38.246,-74.272,12.14,208.29,208.61,12.07,11.1,11.2,1016.1,1016.0,0.0,0.0,85.09,78.49,17,13,11.7,11.2,71.6,71.3,6.0,5.3,242.5,236.1,1018.2,1018.1,204.72,302.75,1398.74,31.6109,9.1016,242.1,51.2,1482.499, NAN, NAN, NAN, NAN,,2024/04/14 11:39:48.739,2024-04-14 11:39:48.739000+00:00
2024/04/14, 11:40:48.739,38.243,-74.274,12.12,208.12,208.52,12.04,11.1,11.1,1016.0,1016.1,0.0,0.0,85.09,78.49,17,12,11.8,11.3,71.9,71.8,6.1,5.4,242.1,233.7,1018.1,1018.2,210.32,302.82,1410.86,31.5985,9.1008,237.9,51.4,1482.48, NAN, NAN, NAN, NAN,,2024/04/14 11:40:48.739,2024-04-14 11:40:48.739000+00:00
2024/04/14, 11:41:48.739,38.24,-74.276,12.18,207.6,207.01,12.02,11.1,11.1,1016.1,1015.9,0.0,0.0,85.09,78.49,17,11,11.8,11.3,72.1,71.9,6.2,5.4,242.1,231.9,1018.2,1018.0,215.84,302.63,1425.27,31.5912,9.1004,235.4,51.4,1482.47, NAN, NAN, NAN, NAN,,2024/04/14 11:41:48.739,2024-04-14 11:41:48.739000+00:00
2024/04/14, 11:42:48.739,38.237,-74.278,12.18,207.95,208.04,12.19,11.1,11.1,1016.0,1015.9,0.0,0.0,85.09,78.49,16,11,11.9,11.3,72.2,72.8,6.1,5.3,240.4,232.1,1018.1,1018.0,218.3,302.64,1432.44,31.577,9.0995,233.0,51.5,1482.449, NAN, NAN, NAN, NAN,,2024/04/14 11:42:48.739,2024-04-14 11:42:48.739000+00:00
2024/04/14, 11:43:48.739,38.234,-74.28,12.17,207.94,207.58,12.06,11.0,11.1,1016.0,1016.0,0.0,0.0,85.09,78.49,16,10,11.9,11.4,73.3,72.8,6.2,5.4,240.2,229.7,1018.1,1018.1,221.36,302.68,1443.02,31.5637,9.0898,229.6,51.1,1482.397, NAN, NAN, NAN, NAN,,2024/04/14 11:43:48.739,2024-04-14 11:43:48.739000+00:00
2024/04/14, 11:44:48.739,38.231,-74.282,12.06,207.75,207.28,12.0,11.0,11.0,1016.0,1016.0,0.0,0.0,85.09,78.49,16,10,11.8,11.1,73.7,73.6,6.1,5.1,240.1,230.1,1018.1,1018.1,226.46,303.18,1456.54,31.5519,9.0648,226.3,51.3,1482.29, NAN, NAN, NAN, NAN,,2024/04/14 11:44:48.739,2024-04-14 11:44:48.739000+00:00
2024/04/14, 11:45:48.739,38.229,-74.284,12.08,207.31,207.0,12.08,11.0,11.0,1016.0,1016.1,0.0,0.0,85.09,78.49,16,9,11.5,10.9,73.7,73.6,5.8,4.8,240.0,227.1,1018.1,1018.2,227.48,303.47,1463.53,31.5435,9.0477,223.6,51.3,1482.216, NAN, NAN, NAN, NAN,,2024/04/14 11:45:48.739,2024-04-14 11:45:48.739000+00:00
2024/04/14, 11:46:48.739,38.226,-74.286,12.2,208.06,208.51,12.25,11.0,11.0,1016.1,1015.9,0.0,0.0,85.09,78.49,15,10,11.5,11.0,73.5,73.4,5.7,4.9,240.0,231.1,1018.2,1018.0,230.17,303.79,1476.83,31.5465,9.0423,221.8,51.3,1482.2, NAN, NAN, NAN, NAN,,2024/04/14 11:46:48.739,2024-04-14 11:46:48.739000+00:00
2024/04/14, 11:47:48.739,38.223,-74.288,12.17,207.76,205.85,11.97,11.0,11.1,1016.1,1016.0,0.0,0.0,85.09,78.49,15,10,11.3,10.8,73.3,73.2,5.7,4.9,240.5,231.9,1018.2,1018.1,236.37,303.69,1481.93,31.532,9.0511,218.8,51.3,1482.215, NAN, NAN, NAN, NAN,,2024/04/14 11:47:48.739,2024-04-14 11:47:48.739000+00:00
2024/04/14, 11:48:48.740,38.22,-74.29,12.36,207.84,206.3,12.08,11.1,11.1,1016.1,1016.0,0.0,0.0,85.09,78.49,14,10,11.2,10.9,72.6,72.6,5.5,5.0,239.4,232.2,1018.2,1018.1,239.53,303.78,1495.4,31.5004,9.0742,216.6,51.3,1482.262, NAN, NAN, NAN, NAN,,2024/04/14 11:48:48.740,2024-04-14 11:48:48.740000+00:00
2024/04/14, 11:49:48.740,38.217,-74.292,12.26,207.55,206.17,12.25,11.1,11.1,1016.0,1016.0,0.0,0.0,85.09,78.49,14,9,11.2,10.9,72.6,72.4,5.3,4.8,238.4,228.6,1018.1,1018.1,243.16,304.01,1503.42,31.4656,9.1104,214.8,51.3,1482.353, NAN, NAN, NAN, NAN,,2024/04/14 11:49:48.740,2024-04-14 11:49:48.740000+00:00
2024/04/14, 11:50:48.740,38.214,-74.294,12.26,208.22,208.66,11.91,11.2,11.2,1016.0,1016.1,0.0,0.0,85.09,78.49,14,8,11.4,10.8,72.3,72.2,5.7,4.8,237.8,226.9,1018.1,1018.2,245.56,304.11,1511.16,31.4265,9.1418,213.0,51.2,1482.422, NAN, NAN, NAN, NAN,,2024/04/14 11:50:48.740,2024-04-14 11:50:48.740000+00:00
2024/04/14, 11:51:48.740,38.211,-74.296,12.23,207.7,206.89,11.96,11.2,11.2,1016.1,1016.1,0.0,0.0,85.09,78.49,15,9,11.5,11.1,71.7,72.2,5.8,5.2,239.6,228.8,1018.2,1018.2,249.41,304.13,1516.62,31.401,9.1627,212.4,51.3,1482.468, NAN, NAN, NAN, NAN,,2024/04/14 11:51:48.740,2024-04-14 11:51:48.740000+00:00
2024/04/14, 11:52:48.740,38.208,-74.298,12.36,208.16,208.19,12.28,11.2,11.3,1016.1,1016.1,0.0,0.0,85.09,78.49,14,9,11.7,11.2,71.8,71.8,5.8,5.1,237.7,228.7,1018.2,1018.2,252.22,304.32,1524.8,31.389,9.1747,212.7,51.5,1482.498, NAN, NAN, NAN, NAN,,2024/04/14 11:52:48.740,2024-04-14 11:52:48.740000+00:00
2024/04/14, 11:53:48.740,38.205,-74.3,12.3,208.51,209.28,12.15,11.3,11.3,1016.3,1016.2,0.0,0.0,85.09,78.49,14,9,11.6,11.2,71.6,71.7,5.7,5.1,236.6,227.1,1018.4,1018.3,253.93,304.2,1535.26,31.3812,9.1823,213.2,51.5,1482.516, NAN, NAN, NAN, NAN,,2024/04/14 11:53:48.740,2024-04-14 11:53:48.740000+00:00
2024/04/14, 11:54:48.740,38.202,-74.302,12.4,208.11,208.5,12.06,11.3,11.3,1016.2,1016.1,0.0,0.0,85.09,78.49,15,9,11.6,11.1,71.3,71.3,5.8,5.0,238.4,227.3,1018.3,1018.2,255.41,304.22,1526.02,31.3655,9.1866,213.6,51.4,1482.513, NAN, NAN, NAN, NAN,,2024/04/14 11:54:48.740,2024-04-14 11:54:48.740000+00:00
2024/04/14, 11:55:48.740,38.199,-74.304,12.36,207.9,208.9,11.91,11.3,11.3,1016.1,1016.2,0.0,0.0,85.09,78.49,15,9,11.6,11.2,71.1,71.1,5.8,5.2,237.5,226.2,1018.2,1018.3,260.65,304.38,1548.66,31.3519,9.1911,212.7,51.3,1482.513, NAN, NAN, NAN, NAN,,2024/04/14 11:55:48.740,2024-04-14 11:55:48.740000+00:00
2024/04/14, 11:56:48.740,38.196,-74.306,12.33,208.16,208.58,12.06,11.4,11.4,1016.1,1016.1,0.0,0.0,85.09,78.49,15,10,11.6,11.1,70.6,70.5,5.8,5.1,238.4,229.5,1018.2,1018.2,266.23,304.37,1558.58,31.3375,9.1938,212.4,51.5,1482.505, NAN, NAN, NAN, NAN,,2024/04/14 11:56:48.740,2024-04-14 11:56:48.740000+00:00
2024/04/14, 11:57:48.740,38.193,-74.308,12.26,207.72,206.55,11.99,11.4,11.4,1016.1,1016.1,0.0,0.0,85.09,78.49,16,10,11.6,11.2,70.6,70.5,5.9,5.2,240.5,229.6,1018.2,1018.2,264.14,304.52,1559.3,31.3245,9.1916,210.5,51.4,1482.481, NAN, NAN, NAN, NAN,,2024/04/14 11:57:48.740,2024-04-14 11:57:48.740000+00:00
2024/04/14, 11:58:48.740,38.19,-74.31,12.28,208.07,208.2,12.08,11.4,11.4,1016.1,1016.3,0.0,0.0,85.09,78.49,16,11,11.7,11.1,69.8,69.9,6.0,5.1,240.3,231.9,1018.2,1018.4,271.05,304.78,1576.46,31.3045,9.2101,211.2,51.4,1482.525, NAN, NAN, NAN, NAN,,2024/04/14 11:58:48.740,2024-04-14 11:58:48.740000+00:00
2024/04/14, 11:59:48.740,38.187,-74.312,12.24,207.77,207.73,11.99,11.5,11.5,1016.2,1016.2,0.0,0.0,85.09,78.49,16,11,11.6,11.2,68.8,68.8,5.9,5.3,240.7,231.9,1018.3,1018.3,277.72,304.56,1589.3,31.288,9.2318,210.2,51.5,1482.585, NAN, NAN, NAN, NAN,,2024/04/14 11:59:48.740,2024-04-14 11:59:48.740000+00:00
2024/04/14, 12:00:48.740,38.184,-74.314,12.19,207.61,205.69,11.92,11.5,11.5,1016.2,1016.2,0.0,0.0,85.09,78.49,16,11,11.6,11.1,68.5,68.5,6.0,5.3,240.7,232.3,1018.3,1018.3,280.52,304.34,1595.44,31.267,9.2681,209.6,51.6,1482.694, NAN, NAN, NAN, NAN,,2024/04/14 12:00:48.740,2024-04-14 12:00:48.740000+00:00
2024/04/14, 12:01:48.740,38.181,-74.316,12.23,207.8,206.48,12.01,11.5,11.6,1016.2,1016.2,0.0,0.0,85.09,78.49,18,12,11.7,11.1,68.4,68.3,6.2,5.3,244.6,235.0,1018.3,1018.3,285.14,304.46,1604.57,31.2439,9.2961,210.2,51.4,1482.769, NAN, NAN, NAN, NAN,,2024/04/14 12:01:48.740,2024-04-14 12:01:48.740000+00:00
2024/04/14, 12:02:48.740,38.178,-74.318,12.33,207.65,207.75,12.11,11.6,11.6,1016.1,1016.2,0.0,0.0,85.09,78.49,17,13,11.7,11.1,67.6,67.4,6.0,5.2,241.8,235.7,1018.2,1018.3,285.11,304.54,1611.93,31.215,9.3088,210.2,51.6,1482.78, NAN, NAN, NAN, NAN,,2024/04/14 12:02:48.740,2024-04-14 12:02:48.740000+00:00
2024/04/14, 12:03:48.740,38.175,-74.32,12.25,207.9,208.72,12.14,11.6,11.6,1016.1,1016.2,0.0,0.0,85.09,78.49,18,13,11.7,11.1,67.9,67.9,6.0,5.1,243.2,235.0,1018.2,1018.3,287.74,304.69,1618.27,31.1888,9.3367,210.2,51.6,1482.851, NAN, NAN, NAN, NAN,,2024/04/14 12:03:48.740,2024-04-14 12:03:48.740000+00:00
2024/04/14, 12:04:48.741,38.172,-74.322,12.34,207.64,208.75,12.09,11.6,11.6,1016.3,1016.2,0.0,0.0,85.09,78.49,19,14,11.9,11.3,67.9,67.5,6.3,5.5,244.9,237.2,1018.4,1018.3,291.9,305.18,1622.9,31.1687,9.3643,211.5,51.6,1482.929, NAN, NAN, NAN, NAN,,2024/04/14 12:04:48.741,2024-04-14 12:04:48.741000+00:00
2024/04/14, 12:05:48.741,38.169,-74.324,12.33,207.71,207.82,12.11,11.7,11.7,1016.1,1016.1,0.0,0.0,85.09,78.49,18,14,11.9,11.5,66.1,66.1,6.3,5.6,243.1,236.7,1018.2,1018.2,293.59,305.1,1628.02,31.1438,9.3817,213.0,51.6,1482.962, NAN, NAN, NAN, NAN,,2024/04/14 12:05:48.741,2024-04-14 12:05:48.741000+00:00
2024/04/14, 12:06:48.741,38.166,-74.326,12.35,207.11,204.74,11.89,11.7,11.7,1016.1,1016.2,0.0,0.0,85.09,78.49,19,14,11.8,11.3,65.6,65.5,6.4,5.6,244.6,236.8,1018.2,1018.3,301.13,305.31,1637.47,31.125,9.3919,214.2,51.6,1482.977, NAN, NAN, NAN, NAN,,2024/04/14 12:06:48.741,2024-04-14 12:06:48.741000+00:00
2024/04/14, 12:07:48.741,38.163,-74.328,12.3,207.74,207.14,12.13,11.8,11.8,1016.2,1016.2,0.0,0.0,85.09,78.49,19,14,11.8,11.3,64.9,64.9,6.2,5.4,245.5,237.5,1018.3,1018.3,303.15,305.02,1646.4,31.111,9.3959,212.7,51.8,1482.975, NAN, NAN, NAN, NAN,,2024/04/14 12:07:48.741,2024-04-14 12:07:48.741000+00:00
2024/04/14, 12:08:48.741,38.161,-74.33,12.26,207.77,207.68,11.84,11.8,11.9,1016.2,1016.1,0.0,0.0,85.09,78.49,19,14,11.9,11.3,64.0,64.0,6.5,5.6,244.7,237.1,1018.3,1018.2,305.7,305.19,1651.51,31.1023,9.4177,212.7,51.6,1483.044, NAN, NAN, NAN, NAN,,2024/04/14 12:08:48.741,2024-04-14 12:08:48.741000+00:00
2024/04/14, 12:09:48.741,38.158,-74.332,12.25,208.55,210.3,11.84,11.9,11.9,1016.1,1016.1,0.0,0.0,85.09,78.49,18,14,11.8,11.3,63.4,63.5,6.3,5.6,243.9,237.8,1018.2,1018.2,311.92,305.37,1661.39,31.0955,9.4607,213.2,51.8,1483.194, NAN, NAN, NAN, NAN,,2024/04/14 12:09:48.741,2024-04-14 12:09:48.741000+00:00
2024/04/14, 12:10:48.741,38.155,-74.334,12.26,207.86,207.39,12.12,12.0,12.0,1016.2,1016.2,0.0,0.0,85.09,78.49,19,14,11.9,11.3,63.0,62.9,6.4,5.5,245.6,238.0,1018.3,1018.3,310.94,305.03,1662.13,31.074,9.5072,217.9,51.6,1483.339, NAN, NAN, NAN, NAN,,2024/04/14 12:10:48.741,2024-04-14 12:10:48.741000+00:00
2024/04/14, 12:11:48.741,38.152,-74.336,12.31,207.91,209.56,12.12,12.0,12.0,1016.2,1016.1,0.0,0.0,85.09,78.49,19,15,12.0,11.4,63.7,63.7,6.3,5.5,244.1,238.1,1018.3,1018.2,315.48,305.19,1678.52,31.0433,9.5571,221.8,51.8,1483.485, NAN, NAN, NAN, NAN,,2024/04/14 12:11:48.741,2024-04-14 12:11:48.741000+00:00
2024/04/14, 12:12:48.741,38.149,-74.338,12.33,208.36,209.97,12.05,12.0,12.0,1016.1,1016.3,0.0,0.0,85.09,78.49,18,14,11.9,11.2,63.6,63.2,6.3,5.4,243.6,237.9,1018.2,1018.4,324.98,305.16,1685.86,31.0052,9.5966,228.4,51.7,1483.583, NAN, NAN, NAN, NAN,,2024/04/14 12:12:48.741,2024-04-14 12:12:48.741000+00:00
2024/04/14, 12:13:48.741,38.146,-74.34,12.36,208.3,207.38,12.15,12.0,12.0,1016.3,1016.2,0.0,0.0,85.09,78.49,18,13,11.7,11.1,63.4,63.4,6.1,5.2,245.1,237.3,1018.4,1018.3,324.56,304.94,1693.06,30.9716,9.6239,233.2,51.5,1483.643, NAN, NAN, NAN, NAN,,2024/04/14 12:13:48.741,2024-04-14 12:13:48.741000+00:00
2024/04/14, 12:14:48.741,38.143,-74.342,12.39,208.18,208.49,12.11,12.0,12.0,1016.3,1016.3,0.0,0.0,85.09,78.49,18,13,11.7,11.2,63.8,63.7,6.1,5.3,244.3,236.1,1018.4,1018.4,332.02,305.27,1703.22,30.9461,9.6504,237.9,51.9,1483.709, NAN, NAN, NAN, NAN,,2024/04/14 12:14:48.741,2024-04-14 12:14:48.741000+00:00
2024/04/14, 12:15:48.741,38.14,-74.344,12.28,208.34,208.49,11.98,12.0,12.0,1016.3,1016.2,0.0,0.0,85.09,78.49,18,14,11.6,11.3,64.1,64.0,6.1,5.6,245.1,238.5,1018.4,1018.3,331.97,304.85,1707.41,30.9218,9.6815,243.0,51.9,1483.793, NAN, NAN, NAN, NAN,,2024/04/14 12:15:48.741,2024-04-14 12:15:48.741000+00:00
2024/04/14, 12:16:48.741,38.137,-74.346,12.38,208.73,209.46,12.02,11.9,12.0,1016.2,1016.3,0.0,0.0,85.09,78.49,18,14,12.0,11.5,65.0,64.9,6.4,5.7,243.8,237.6,1018.3,1018.4,339.87,305.11,1715.04,30.8974,9.7074,243.3,52.0,1483.858, NAN, NAN, NAN, NAN,,2024/04/14 12:16:48.741,2024-04-14 12:16:48.741000+00:00
2024/04/14, 12:17:48.741,38.134,-74.348,12.25,208.35,209.81,12.07,11.9,12.0,1016.2,1016.2,0.0,0.0,85.09,78.49,19,15,12.1,11.6,64.1,64.1,6.5,5.8,244.7,238.5,1018.3,1018.3,344.17,305.76,1723.9,30.8776,9.7349,243.3,52.0,1483.934, NAN, NAN, NAN, NAN,,2024/04/14 12:17:48.741,2024-04-14 12:17:48.741000+00:00
2024/04/14, 12:18:48.741,38.131,-74.35,12.31,208.19,205.38,12.15,12.0,12.0,1016.2,1016.3,0.0,0.0,85.09,78.49,19,14,12.0,11.4,62.6,62.2,6.5,5.6,246.2,238.7,1018.3,1018.4,345.11,305.79,1728.26,30.8575,9.7714,245.4,51.9,1484.043, NAN, NAN, NAN, NAN,,2024/04/14 12:18:48.741,2024-04-14 12:18:48.741000+00:00
2024/04/14, 12:19:48.741,38.128,-74.352,12.27,208.09,207.29,11.96,12.1,12.0,1016.1,1016.3,0.0,0.0,85.09,78.49,19,14,11.8,11.1,61.6,62.3,6.2,5.3,244.8,237.2,1018.2,1018.4,347.94,306.09,1733.26,30.8452,9.8011,245.4,51.8,1484.137, NAN, NAN, NAN, NAN,,2024/04/14 12:19:48.741,2024-04-14 12:19:48.741000+00:00
2024/04/14, 12:20:48.742,38.125,-74.354,12.34,208.5,209.33,12.03,12.1,12.1,1016.3,1016.2,0.0,0.0,85.09,78.49,19,14,11.6,11.1,60.7,60.7,6.0,5.3,246.1,237.9,1018.4,1018.3,352.51,306.05,1738.43,30.8299,9.8315,248.8,52.1,1484.229, NAN, NAN, NAN, NAN,,2024/04/14 12:20:48.742,2024-04-14 12:20:48.742000+00:00
2024/04/14, 12:21:48.742,38.122,-74.356,12.32,209.07,210.12,11.99,12.2,12.2,1016.3,1016.2,0.0,0.0,85.09,78.49,19,14,11.5,10.9,59.7,59.6,6.0,5.1,247.4,239.7,1018.4,1018.3,355.58,305.8,1747.44,30.8092,9.8545,249.1,52.2,1484.288, NAN, NAN, NAN, NAN,,2024/04/14 12:21:48.742,2024-04-14 12:21:48.742000+00:00
2024/04/14, 12:22:48.742,38.119,-74.358,12.35,208.87,210.23,12.06,12.2,12.2,1016.3,1016.2,0.0,0.0,85.09,78.49,19,15,11.6,11.1,60.9,60.7,6.0,5.3,246.6,240.5,1018.4,1018.3,359.52,306.26,1752.16,30.7902,9.8723,248.6,51.8,1484.33, NAN, NAN, NAN, NAN,,2024/04/14 12:22:48.742,2024-04-14 12:22:48.742000+00:00
2024/04/14, 12:23:48.742,38.116,-74.36,12.39,208.49,207.5,12.16,12.2,12.2,1016.2,1016.2,0.0,0.0,85.09,78.49,18,14,11.7,11.3,59.9,59.8,6.0,5.4,244.5,238.0,1018.3,1018.3,365.67,306.42,1757.99,30.7718,9.8768,248.3,52.0,1484.324, NAN, NAN, NAN, NAN,,2024/04/14 12:23:48.742,2024-04-14 12:23:48.742000+00:00
2024/04/14, 12:24:48.742,38.113,-74.362,12.44,208.85,209.45,12.06,12.3,12.3,1016.2,1016.3,0.0,0.0,85.09,78.49,19,14,11.9,11.3,59.3,59.3,6.3,5.5,246.1,238.3,1018.3,1018.4,367.26,306.56,1762.8,30.7574,9.8731,248.0,51.9,1484.293, NAN, NAN, NAN, NAN,,2024/04/14 12:24:48.742,2024-04-14 12:24:48.742000+00:00
2024/04/14, 12:25:48.742,38.111,-74.365,12.46,208.82,210.2,12.06,12.3,12.3,1016.2,1016.2,0.0,0.0,85.09,78.49,19,14,11.7,11.1,58.0,58.2,6.1,5.3,246.3,238.6,1018.3,1018.3,372.23,306.1,1768.98,30.7499,9.8575,245.7,52.1,1484.227, NAN, NAN, NAN, NAN,,2024/04/14 12:25:48.742,2024-04-14 12:25:48.742000+00:00
2024/04/14, 12:26:48.742,38.108,-74.367,12.28,208.12,208.83,12.12,12.3,12.4,1016.2,1016.3,0.0,0.0,85.09,78.49,19,15,11.5,11.1,58.8,58.6,5.9,5.3,246.2,239.7,1018.3,1018.4,375.46,306.53,1774.55,30.7547,9.845,244.0,52.0,1484.187, NAN, NAN, NAN, NAN,,2024/04/14 12:26:48.742,2024-04-14 12:26:48.742000+00:00
2024/04/14, 12:27:48.742,38.105,-74.369,12.22,208.87,211.13,11.96,12.3,12.4,1016.3,1016.2,0.0,0.0,85.09,78.49,19,15,11.5,11.1,57.0,56.8,5.9,5.3,246.2,239.7,1018.4,1018.3,375.15,306.49,1778.58,30.7637,9.8339,241.8,51.8,1484.157, NAN, NAN, NAN, NAN,,2024/04/14 12:27:48.742,2024-04-14 12:27:48.742000+00:00
2024/04/14, 12:28:48.742,38.102,-74.371,12.11,208.57,210.59,11.92,12.4,12.4,1016.2,1016.2,0.0,0.0,85.09,78.49,20,15,11.7,11.2,56.4,56.1,6.2,5.4,246.9,238.9,1018.3,1018.3,382.44,307.27,1787.44,30.7753,9.8227,236.0,51.8,1484.131, NAN, NAN, NAN, NAN,,2024/04/14 12:28:48.742,2024-04-14 12:28:48.742000+00:00
2024/04/14, 12:29:48.742,38.099,-74.373,12.12,208.55,209.44,11.83,12.5,12.5,1016.3,1016.2,0.0,0.0,85.09,78.49,19,14,11.5,11.1,54.6,54.3,6.0,5.3,245.6,237.2,1018.4,1018.3,385.95,306.83,1793.64,30.7911,9.8193,233.6,51.0,1484.138, NAN, NAN, NAN, NAN,,2024/04/14 12:29:48.742,2024-04-14 12:29:48.742000+00:00
2024/04/14, 12:30:48.742,38.096,-74.375,12.18,208.45,208.82,12.02,12.5,12.6,1016.1,1016.3,0.0,0.0,85.09,78.49,20,15,11.7,11.3,56.3,56.0,6.2,5.5,247.2,238.9,1018.2,1018.4,387.39,307.01,1798.5,30.8054,9.815,229.9,51.3,1484.139, NAN, NAN, NAN, NAN,,2024/04/14 12:30:48.742,2024-04-14 12:30:48.742000+00:00
2024/04/14, 12:31:48.742,38.093,-74.377,12.18,209.13,210.99,11.97,12.5,12.6,1016.3,1016.2,0.0,0.0,85.09,78.49,19,14,11.4,10.9,54.8,54.5,5.8,5.1,246.8,238.6,1018.4,1018.3,392.86,307.0,1806.59,30.8202,9.8138,226.5,51.3,1484.153, NAN, NAN, NAN, NAN,,2024/04/14 12:31:48.742,2024-04-14 12:31:48.742000+00:00
2024/04/14, 12:32:48.742,38.09,-74.379,12.23,208.23,210.4,12.01,12.5,12.6,1016.4,1016.1,0.0,0.0,85.09,78.49,18,14,11.4,10.9,55.3,55.4,5.7,5.0,243.8,237.4,1018.5,1018.2,398.61,306.79,1810.78,30.8336,9.8172,223.6,51.4,1484.182, NAN, NAN, NAN, NAN,,2024/04/14 12:32:48.742,2024-04-14 12:32:48.742000+00:00
2024/04/14, 12:33:48.742,38.087,-74.381,12.23,208.18,208.82,11.93,12.5,12.6,1016.3,1016.3,0.0,0.0,85.09,78.49,18,14,11.4,10.8,55.1,56.5,5.8,5.0,244.5,238.5,1018.4,1018.4,400.97,306.26,1817.48,30.8474,9.816,221.5,51.6,1484.194, NAN, NAN, NAN, NAN,,2024/04/14 12:33:48.742,2024-04-14 12:33:48.742000+00:00
2024/04/14, 12:34:48.742,38.085,-74.383,12.2,208.35,211.44,11.95,12.5,12.6,1016.3,1016.3,0.0,0.0,85.09,78.49,18,13,11.6,11.1,58.3,56.6,5.9,5.2,242.5,233.9,1018.4,1018.4,402.15,307.18,1822.2,30.8579,9.8143,220.9,51.6,1484.201, NAN, NAN, NAN, NAN,,2024/04/14 12:34:48.742,2024-04-14 12:34:48.742000+00:00
2024/04/14, 12:35:48.742,38.082,-74.386,12.2,208.74,210.52,12.09,12.4,12.4,1016.3,1016.3,0.0,0.0,85.09,78.49,17,13,11.6,11.2,58.0,57.6,5.8,5.3,242.1,235.2,1018.4,1018.4,410.47,306.73,1829.46,30.8606,9.8117,220.3,51.5,1484.194, NAN, NAN, NAN, NAN,,2024/04/14 12:35:48.742,2024-04-14 12:35:48.742000+00:00
2024/04/14, 12:36:48.743,38.079,-74.388,12.16,208.95,211.67,11.82,12.4,12.4,1016.3,1016.3,0.0,0.0,85.09,78.49,17,12,11.6,11.2,57.3,57.2,6.0,5.3,241.4,232.5,1018.4,1018.4,407.22,306.98,1835.51,30.8635,9.8124,218.2,51.5,1484.2, NAN, NAN, NAN, NAN,,2024/04/14 12:36:48.743,2024-04-14 12:36:48.743000+00:00
2024/04/14, 12:37:48.743,38.076,-74.39,12.15,207.79,212.86,11.89,12.4,12.4,1016.2,1016.4,0.0,0.0,85.09,78.49,18,12,11.7,11.0,57.5,57.3,6.0,5.1,241.0,230.7,1018.3,1018.5,415.38,307.08,1838.68,30.8698,9.8164,217.2,51.5,1484.223, NAN, NAN, NAN, NAN,,2024/04/14 12:37:48.743,2024-04-14 12:37:48.743000+00:00
2024/04/14, 12:38:48.743,38.073,-74.392,12.16,208.22,210.27,11.76,12.4,12.4,1016.4,1016.3,0.0,0.0,85.09,78.49,18,13,11.6,11.2,56.7,56.7,6.0,5.4,241.9,233.1,1018.5,1018.4,414.92,307.28,1842.6,30.875,9.8138,214.8,51.8,1484.22, NAN, NAN, NAN, NAN,,2024/04/14 12:38:48.743,2024-04-14 12:38:48.743000+00:00
2024/04/14, 12:39:48.743,38.07,-74.394,12.35,208.81,210.48,11.97,12.4,12.5,1016.4,1016.3,0.0,0.0,85.09,78.49,17,13,11.7,11.3,55.8,55.8,6.0,5.4,241.8,235.0,1018.5,1018.4,421.21,307.99,1847.86,30.8756,9.8098,213.0,51.8,1484.206, NAN, NAN, NAN, NAN,,2024/04/14 12:39:48.743,2024-04-14 12:39:48.743000+00:00
2024/04/14, 12:40:48.743,38.067,-74.396,12.18,208.49,210.77,11.8,12.5,12.6,1016.5,1016.2,0.0,0.0,85.09,78.49,18,12,11.6,11.1,52.8,52.9,5.9,5.2,241.5,230.7,1018.6,1018.3,421.43,307.64,1855.4,30.8736,9.8032,213.9,51.8,1484.179, NAN, NAN, NAN, NAN,,2024/04/14 12:40:48.743,2024-04-14 12:40:48.743000+00:00
2024/04/14, 12:41:48.743,38.064,-74.398,12.19,207.92,208.98,11.94,12.6,12.6,1016.4,1016.3,0.0,0.0,85.09,78.49,18,14,11.7,11.3,53.9,53.9,6.1,5.5,242.4,235.7,1018.5,1018.4,428.36,309.44,1860.77,30.8678,9.7974,214.5,51.9,1484.151, NAN, NAN, NAN, NAN,,2024/04/14 12:41:48.743,2024-04-14 12:41:48.743000+00:00
2024/04/14, 12:42:48.743,38.062,-74.4,12.32,208.45,210.79,11.86,12.9,12.8,1016.4,1016.5,0.0,0.0,85.09,78.49,19,14,11.6,11.1,43.6,43.6,6.0,5.3,244.4,236.0,1018.5,1018.6,426.31,310.44,1856.75,30.8573,9.8023,212.4,51.8,1484.156, NAN, NAN, NAN, NAN,,2024/04/14 12:42:48.743,2024-04-14 12:42:48.743000+00:00
2024/04/14, 12:43:48.743,38.059,-74.402,12.26,208.34,209.96,11.84,13.3,13.2,1016.3,1016.3,0.0,0.0,85.09,78.49,19,14,11.6,11.1,39.1,39.2,6.1,5.3,244.8,236.6,1018.4,1018.4,432.85,310.86,1868.02,30.8568,9.8044,210.2,51.8,1484.163, NAN, NAN, NAN, NAN,,2024/04/14 12:43:48.743,2024-04-14 12:43:48.743000+00:00
2024/04/14, 12:44:48.743,38.056,-74.404,12.24,207.99,209.36,11.84,13.6,13.6,1016.3,1016.3,0.0,0.0,85.09,78.49,18,13,11.6,11.1,38.2,38.0,6.0,5.3,242.2,233.7,1018.4,1018.4,437.95,310.6,1872.38,30.8664,9.8051,208.1,51.6,1484.177, NAN, NAN, NAN, NAN,,2024/04/14 12:44:48.743,2024-04-14 12:44:48.743000+00:00
2024/04/14, 12:45:48.743,38.053,-74.406,12.29,208.09,210.96,11.93,13.8,13.6,1016.3,1016.3,0.0,0.0,85.09,78.49,17,12,11.6,11.2,36.6,37.9,5.9,5.3,240.3,231.3,1018.4,1018.4,439.87,310.27,1879.13,30.8723,9.8025,206.3,51.7,1484.175, NAN, NAN, NAN, NAN,,2024/04/14 12:45:48.743,2024-04-14 12:45:48.743000+00:00
2024/04/14, 12:46:48.743,38.05,-74.409,12.3,209.12,210.52,11.95,13.9,13.9,1016.3,1016.3,0.0,0.0,85.09,78.49,17,11,11.7,11.1,36.7,36.2,6.0,5.2,242.2,231.8,1018.4,1018.4,443.34,310.63,1884.91,30.8843,9.8024,206.0,51.9,1484.189, NAN, NAN, NAN, NAN,,2024/04/14 12:46:48.743,2024-04-14 12:46:48.743000+00:00
2024/04/14, 12:47:48.743,38.047,-74.411,12.37,208.2,209.75,12.03,14.0,14.0,1016.3,1016.4,0.0,0.0,85.09,78.49,16,11,11.7,11.3,36.1,35.8,5.9,5.3,238.8,229.6,1018.4,1018.5,446.28,310.3,1877.5,30.8969,9.7955,204.1,52.1,1484.179, NAN, NAN, NAN, NAN,,2024/04/14 12:47:48.743,2024-04-14 12:47:48.743000+00:00
2024/04/14, 12:48:48.743,38.044,-74.413,12.32,208.62,211.36,12.02,14.0,14.0,1016.2,1016.2,0.0,0.0,85.09,78.49,15,11,11.9,11.4,36.1,37.3,6.1,5.4,237.2,230.3,1018.3,1018.3,434.55,309.45,1844.01,30.9055,9.7843,203.2,52.0,1484.149, NAN, NAN, NAN, NAN,,2024/04/14 12:48:48.743,2024-04-14 12:48:48.743000+00:00
2024/04/14, 12:49:48.743,38.041,-74.415,12.3,208.42,209.19,11.87,13.9,13.9,1016.3,1016.3,0.0,0.0,85.09,78.49,16,10,12.0,11.4,37.8,37.4,6.3,5.5,239.2,228.8,1018.4,1018.4,452.89,308.84,1895.66,30.9145,9.7764,201.1,52.1,1484.131, NAN, NAN, NAN, NAN,,2024/04/14 12:49:48.743,2024-04-14 12:49:48.743000+00:00
2024/04/14, 12:50:48.743,38.039,-74.417,12.27,208.72,209.97,11.9,13.8,13.8,1016.5,1016.3,0.0,0.0,85.09,78.49,16,10,11.9,11.4,37.2,37.2,6.2,5.4,239.4,228.7,1018.6,1018.4,454.81,308.88,1901.72,30.9189,9.7685,200.8,52.0,1484.108, NAN, NAN, NAN, NAN,,2024/04/14 12:50:48.743,2024-04-14 12:50:48.743000+00:00
2024/04/14, 12:51:48.743,38.036,-74.419,12.32,208.04,210.22,11.96,13.8,13.8,1016.3,1016.3,0.0,0.0,85.09,78.49,15,10,11.9,11.5,37.9,37.7,6.1,5.5,236.1,226.9,1018.4,1018.4,456.01,308.78,1908.66,30.9166,9.7616,199.6,52.0,1484.08, NAN, NAN, NAN, NAN,,2024/04/14 12:51:48.743,2024-04-14 12:51:48.743000+00:00
2024/04/14, 12:52:48.744,38.033,-74.421,12.33,207.95,207.93,12.2,13.8,13.8,1016.3,1016.3,0.0,0.0,85.09,78.49,15,9,12.0,11.6,39.9,39.1,6.1,5.5,237.2,226.0,1018.4,1018.4,460.39,308.57,1912.5,30.911,9.7547,199.9,52.2,1484.048, NAN, NAN, NAN, NAN,,2024/04/14 12:52:48.744,2024-04-14 12:52:48.744000+00:00
2024/04/14, 12:53:48.744,38.03,-74.423,12.33,208.16,210.17,12.11,13.7,13.7,1016.3,1016.5,0.0,0.0,85.09,78.49,15,10,12.1,11.6,39.6,39.1,6.2,5.5,236.5,227.5,1018.4,1018.6,462.97,307.55,1916.72,30.9066,9.7565,200.1,52.2,1484.049, NAN, NAN, NAN, NAN,,2024/04/14 12:53:48.744,2024-04-14 12:53:48.744000+00:00
2024/04/14, 12:54:48.744,38.027,-74.425,12.25,208.02,210.23,12.01,13.5,13.6,1016.4,1016.4,0.0,0.0,85.09,78.49,15,10,12.2,11.7,44.5,44.3,6.3,5.7,235.9,227.0,1018.5,1018.5,466.26,307.98,1924.94,30.8938,9.757,201.4,52.2,1484.035, NAN, NAN, NAN, NAN,,2024/04/14 12:54:48.744,2024-04-14 12:54:48.744000+00:00
2024/04/14, 12:55:48.744,38.024,-74.427,12.3,208.36,209.56,11.75,13.4,13.5,1016.3,1016.2,0.0,0.0,85.09,78.49,16,11,12.3,11.8,45.0,44.8,6.7,5.9,238.0,229.6,1018.4,1018.3,468.19,308.59,1927.46,30.8855,9.7617,202.0,52.2,1484.042, NAN, NAN, NAN, NAN,,2024/04/14 12:55:48.744,2024-04-14 12:55:48.744000+00:00
2024/04/14, 12:56:48.744,38.021,-74.43,12.29,207.71,209.39,12.09,13.4,13.4,1016.3,1016.5,0.0,0.0,85.09,78.49,16,11,12.1,11.7,41.0,40.8,6.2,5.6,237.4,228.3,1018.4,1018.6,471.06,308.66,1933.17,30.8787,9.7696,203.8,52.3,1484.063, NAN, NAN, NAN, NAN,,2024/04/14 12:56:48.744,2024-04-14 12:56:48.744000+00:00
2024/04/14, 12:57:48.744,38.018,-74.432,12.3,208.03,211.04,12.0,13.4,13.5,1016.5,1016.3,0.0,0.0,85.09,78.49,16,11,12.1,11.5,40.6,40.8,6.3,5.5,237.5,228.9,1018.6,1018.4,474.02,309.19,1937.0,30.8668,9.7751,205.3,52.4,1484.068, NAN, NAN, NAN, NAN,,2024/04/14 12:57:48.744,2024-04-14 12:57:48.744000+00:00
2024/04/14, 12:58:48.744,38.015,-74.434,12.16,207.84,210.64,12.12,13.6,13.6,1016.5,1016.2,0.0,0.0,85.09,78.49,16,10,11.7,11.2,40.3,40.2,5.8,5.1,238.3,227.1,1018.6,1018.3,476.8,309.02,1939.46,30.8552,9.7768,204.8,51.8,1484.06, NAN, NAN, NAN, NAN,,2024/04/14 12:58:48.744,2024-04-14 12:58:48.744000+00:00
2024/04/14, 12:59:48.744,38.012,-74.436,12.21,207.68,209.56,12.01,13.6,13.6,1016.5,1016.3,0.0,0.0,85.09,78.49,15,10,11.4,10.8,42.1,42.0,5.6,4.8,238.2,229.4,1018.6,1018.4,476.43,308.03,1941.74,30.8455,9.7814,204.1,52.2,1484.065, NAN, NAN, NAN, NAN,,2024/04/14 12:59:48.744,2024-04-14 12:59:48.744000+00:00
2024/04/14, 13:00:48.744,38.009,-74.438,12.29,207.76,208.16,12.04,13.4,13.5,1016.5,1016.5,0.0,0.0,85.09,78.49,15,9,11.6,11.2,47.4,47.1,5.8,5.2,238.0,226.7,1018.6,1018.6,478.0,309.14,1932.58,30.8366,9.7828,205.0,52.3,1484.06, NAN, NAN, NAN, NAN,,2024/04/14 13:00:48.744,2024-04-14 13:00:48.744000+00:00
2024/04/14, 13:01:48.744,38.006,-74.44,12.3,207.34,208.77,12.13,13.3,13.3,1016.5,1016.6,0.0,0.0,85.09,78.49,14,9,11.5,11.0,45.0,44.7,5.6,4.9,235.1,225.6,1018.6,1018.7,483.96,308.59,1949.2,30.8291,9.7807,204.8,52.1,1484.043, NAN, NAN, NAN, NAN,,2024/04/14 13:01:48.744,2024-04-14 13:01:48.744000+00:00
2024/04/14, 13:02:48.744,38.003,-74.442,12.33,207.93,209.54,12.14,13.2,13.3,1016.5,1016.5,0.0,0.0,85.09,78.49,14,9,11.3,10.9,47.3,47.0,5.4,4.8,236.5,226.8,1018.6,1018.6,485.25,307.96,1953.53,30.8254,9.7666,206.0,52.3,1483.987, NAN, NAN, NAN, NAN,,2024/04/14 13:02:48.744,2024-04-14 13:02:48.744000+00:00
2024/04/14, 13:03:48.744,38.001,-74.444,12.35,207.85,210.08,12.17,13.1,13.1,1016.5,1016.5,0.0,0.0,85.09,78.49,14,8,11.4,10.8,49.7,49.6,5.4,4.6,234.9,223.0,1018.6,1018.6,486.22,307.61,1956.18,30.8244,9.7508,207.5,52.5,1483.928, NAN, NAN, NAN, NAN,,2024/04/14 13:03:48.744,2024-04-14 13:03:48.744000+00:00
2024/04/14, 13:04:48.744,37.998,-74.446,12.31,207.93,210.05,11.97,13.0,13.0,1016.5,1016.6,0.0,0.0,85.09,78.49,13,8,11.0,10.5,51.3,51.1,5.1,4.4,234.6,224.7,1018.6,1018.7,492.99,307.21,1963.48,30.8259,9.7499,206.8,52.5,1483.926, NAN, NAN, NAN, NAN,,2024/04/14 13:04:48.744,2024-04-14 13:04:48.744000+00:00
2024/04/14, 13:05:48.744,37.995,-74.448,12.21,207.6,209.03,12.07,12.8,12.9,1016.5,1016.6,0.0,0.0,85.09,78.49,13,7,11.0,10.6,53.6,53.4,5.1,4.5,234.6,222.1,1018.6,1018.7,495.46,307.16,1966.57,30.8422,9.761,203.8,52.5,1483.987, NAN, NAN, NAN, NAN,,2024/04/14 13:05:48.744,2024-04-14 13:05:48.744000+00:00
2024/04/14, 13:06:48.744,37.992,-74.45,12.24,207.68,208.74,12.19,12.7,12.7,1016.6,1016.7,0.0,0.0,85.09,78.49,13,7,10.9,10.4,54.8,54.6,4.9,4.2,235.1,222.6,1018.7,1018.8,498.7,306.9,1968.94,30.8443,9.7677,204.4,52.5,1484.014, NAN, NAN, NAN, NAN,,2024/04/14 13:06:48.744,2024-04-14 13:06:48.744000+00:00
2024/04/14, 13:07:48.744,37.989,-74.452,12.24,207.58,210.01,12.15,12.5,12.6,1016.8,1016.7,0.0,0.0,85.09,78.49,12,6,10.6,10.2,57.2,57.0,4.5,4.0,232.1,218.4,1018.9,1018.8,500.28,306.59,1972.82,30.8433,9.78,204.8,52.5,1484.058, NAN, NAN, NAN, NAN,,2024/04/14 13:07:48.744,2024-04-14 13:07:48.744000+00:00
2024/04/14, 13:08:48.745,37.986,-74.454,12.25,208.14,211.09,12.1,12.4,12.5,1016.7,1016.7,0.0,0.0,85.09,78.49,11,5,10.4,10.1,59.7,59.3,4.4,3.9,231.5,217.4,1018.8,1018.8,506.98,306.31,1978.04,30.8419,9.7871,203.8,52.5,1484.082, NAN, NAN, NAN, NAN,,2024/04/14 13:08:48.745,2024-04-14 13:08:48.745000+00:00
2024/04/14, 13:09:48.745,37.983,-74.457,12.24,207.3,208.44,11.99,12.2,12.3,1016.6,1016.6,0.0,0.0,85.09,78.49,11,6,11.0,10.7,61.2,61.1,5.0,4.6,229.3,218.6,1018.7,1018.7,506.43,307.04,1981.36,30.8422,9.8037,204.4,52.4,1484.143, NAN, NAN, NAN, NAN,,2024/04/14 13:09:48.745,2024-04-14 13:09:48.745000+00:00
2024/04/14, 13:10:48.745,37.98,-74.459,12.22,208.37,208.29,11.93,12.1,12.2,1016.6,1016.7,0.0,0.0,85.09,78.49,13,6,11.3,10.9,60.5,60.4,5.5,4.8,235.2,221.1,1018.7,1018.8,510.39,307.22,1983.65,30.8414,9.8176,205.3,52.5,1484.193, NAN, NAN, NAN, NAN,,2024/04/14 13:10:48.745,2024-04-14 13:10:48.745000+00:00
2024/04/14, 13:11:48.745,37.977,-74.461,12.21,207.78,208.67,12.04,12.1,12.2,1016.8,1016.7,0.0,0.0,85.09,78.49,12,6,11.6,11.0,60.3,60.0,5.7,4.9,231.9,220.2,1018.9,1018.8,508.67,306.62,1973.59,30.8382,9.83,206.3,52.3,1484.234, NAN, NAN, NAN, NAN,,2024/04/14 13:11:48.745,2024-04-14 13:11:48.745000+00:00
2024/04/14, 13:12:48.745,37.974,-74.463,12.33,208.22,210.07,12.1,12.1,12.2,1016.8,1016.8,0.0,0.0,85.09,78.49,13,7,11.7,11.2,60.5,60.3,5.7,5.0,233.6,221.9,1018.9,1018.9,516.42,307.52,1993.23,30.8381,9.8437,208.7,52.3,1484.284, NAN, NAN, NAN, NAN,,2024/04/14 13:12:48.745,2024-04-14 13:12:48.745000+00:00
2024/04/14, 13:13:48.745,37.971,-74.465,12.27,207.61,209.02,12.17,12.1,12.1,1016.8,1016.6,0.0,0.0,85.09,78.49,12,7,11.7,11.3,59.7,59.7,5.7,5.1,231.3,221.5,1018.9,1018.7,522.1,308.11,1998.9,30.8357,9.8443,207.8,52.3,1484.283, NAN, NAN, NAN, NAN,,2024/04/14 13:13:48.745,2024-04-14 13:13:48.745000+00:00
2024/04/14, 13:14:48.745,37.968,-74.467,12.23,208.03,209.28,12.0,12.2,12.2,1016.8,1016.7,0.0,0.0,85.09,78.49,12,7,11.8,11.3,58.8,58.8,5.9,5.2,231.9,222.5,1018.9,1018.8,522.8,307.73,2003.04,30.834,9.8472,209.0,52.5,1484.292, NAN, NAN, NAN, NAN,,2024/04/14 13:14:48.745,2024-04-14 13:14:48.745000+00:00
2024/04/14, 13:15:48.745,37.965,-74.469,12.25,207.67,208.27,12.06,12.2,12.2,1016.7,1016.8,0.0,0.0,85.09,78.49,13,7,11.8,11.1,59.7,59.4,5.9,5.0,233.2,222.0,1018.8,1018.9,526.41,306.92,2004.05,30.8333,9.8481,210.2,52.4,1484.294, NAN, NAN, NAN, NAN,,2024/04/14 13:15:48.745,2024-04-14 13:15:48.745000+00:00
2024/04/14, 13:16:48.745,37.963,-74.471,12.05,208.06,210.65,11.85,12.1,12.2,1016.8,1016.7,0.0,0.0,85.09,78.49,13,7,11.5,10.9,61.5,61.5,5.7,4.9,233.2,221.6,1018.9,1018.8,526.52,307.38,2008.01,30.835,9.8522,210.0,52.3,1484.311, NAN, NAN, NAN, NAN,,2024/04/14 13:16:48.745,2024-04-14 13:16:48.745000+00:00
2024/04/14, 13:17:48.745,37.96,-74.473,12.17,207.66,208.73,11.99,12.0,12.1,1016.8,1016.7,0.0,0.0,85.09,78.49,12,7,11.7,11.2,61.5,61.4,5.8,5.1,231.3,221.7,1018.9,1018.8,527.76,307.55,2011.02,30.8423,9.8521,209.0,52.4,1484.319, NAN, NAN, NAN, NAN,,2024/04/14 13:17:48.745,2024-04-14 13:17:48.745000+00:00
2024/04/14, 13:18:48.745,37.957,-74.475,12.18,207.79,209.63,11.99,12.0,12.1,1016.8,1016.7,0.0,0.0,85.09,78.49,13,7,11.7,11.3,61.6,61.4,5.8,5.2,232.8,221.1,1018.9,1018.8,530.89,307.69,2012.91,30.8431,9.8504,208.1,52.2,1484.314, NAN, NAN, NAN, NAN,,2024/04/14 13:18:48.745,2024-04-14 13:18:48.745000+00:00
2024/04/14, 13:19:48.745,37.954,-74.477,12.18,207.74,211.55,12.0,12.0,12.0,1016.7,1016.6,0.0,0.0,85.09,78.49,14,8,11.5,11.1,61.5,61.4,5.6,5.0,233.7,221.6,1018.8,1018.7,532.91,308.07,2017.98,30.8496,9.869,208.1,52.4,1484.39, NAN, NAN, NAN, NAN,,2024/04/14 13:19:48.745,2024-04-14 13:19:48.745000+00:00
2024/04/14, 13:20:48.745,37.951,-74.479,12.2,208.1,210.47,12.09,12.0,12.0,1016.8,1016.8,0.0,0.0,85.09,78.49,14,9,11.5,11.2,62.3,62.0,5.6,5.1,235.3,225.4,1018.9,1018.9,536.07,308.69,2021.22,30.8564,9.897,206.0,52.1,1484.5, NAN, NAN, NAN, NAN,,2024/04/14 13:20:48.745,2024-04-14 13:20:48.745000+00:00
2024/04/14, 13:21:48.745,37.948,-74.482,12.23,207.84,208.94,12.0,12.0,12.0,1016.9,1016.8,0.0,0.0,85.09,78.49,13,8,11.5,11.0,62.3,61.9,5.6,4.9,233.7,224.2,1019.0,1018.9,541.04,308.16,2024.7,30.8678,9.9182,204.8,52.3,1484.591, NAN, NAN, NAN, NAN,,2024/04/14 13:21:48.745,2024-04-14 13:21:48.745000+00:00
2024/04/14, 13:22:48.745,37.945,-74.484,12.11,207.85,206.91,11.77,12.0,12.0,1016.6,1016.7,0.0,0.0,85.09,78.49,13,7,12.1,11.3,62.5,63.4,6.3,5.3,232.2,221.5,1018.7,1018.8,540.08,307.34,2026.32,30.8773,9.9295,203.2,52.1,1484.644, NAN, NAN, NAN, NAN,,2024/04/14 13:22:48.745,2024-04-14 13:22:48.745000+00:00
2024/04/14, 13:23:48.745,37.942,-74.486,12.14,208.2,211.62,11.88,11.9,12.0,1016.9,1016.9,0.0,0.0,85.09,78.49,13,7,11.9,11.4,64.4,63.4,6.0,5.3,232.4,220.9,1019.0,1019.0,540.14,307.86,2031.7,30.8825,9.9324,202.6,52.3,1484.661, NAN, NAN, NAN, NAN,,2024/04/14 13:23:48.745,2024-04-14 13:23:48.745000+00:00
2024/04/14, 13:24:48.746,37.939,-74.488,12.2,207.6,209.64,12.1,11.9,11.9,1016.8,1016.8,0.0,0.0,85.09,78.49,13,7,11.9,11.4,65.0,64.8,5.9,5.2,231.5,219.7,1018.9,1018.9,544.14,307.77,2032.5,30.8783,9.9341,202.0,52.5,1484.662, NAN, NAN, NAN, NAN,,2024/04/14 13:24:48.746,2024-04-14 13:24:48.746000+00:00
2024/04/14, 13:25:48.746,37.936,-74.49,12.22,207.54,208.75,12.14,11.8,11.9,1016.8,1016.9,0.0,0.0,85.09,78.49,13,7,12.0,11.7,66.1,64.8,6.0,5.5,232.0,220.2,1018.9,1019.0,542.27,308.6,2035.2,30.874,9.9389,202.0,52.3,1484.674, NAN, NAN, NAN, NAN,,2024/04/14 13:25:48.746,2024-04-14 13:25:48.746000+00:00
2024/04/14, 13:26:48.746,37.934,-74.492,12.21,208.25,210.27,11.92,11.8,11.8,1016.9,1016.9,0.0,0.0,85.09,78.49,13,7,12.2,11.6,66.5,66.4,6.3,5.5,232.4,221.3,1019.0,1019.0,545.04,307.92,2039.12,30.8696,9.9462,203.5,52.4,1484.695, NAN, NAN, NAN, NAN,,2024/04/14 13:26:48.746,2024-04-14 13:26:48.746000+00:00
2024/04/14, 13:27:48.746,37.931,-74.494,12.27,207.97,207.43,11.94,11.7,11.7,1016.9,1016.9,0.0,0.0,85.09,78.49,12,6,12.1,11.8,67.0,67.1,6.2,5.7,231.1,219.6,1019.0,1019.0,545.39,308.4,2041.53,30.8676,9.946,204.4,52.2,1484.692, NAN, NAN, NAN, NAN,,2024/04/14 13:27:48.746,2024-04-14 13:27:48.746000+00:00
2024/04/14, 13:28:48.746,37.928,-74.496,12.32,207.83,209.71,11.88,11.7,11.7,1016.9,1016.9,0.0,0.0,85.09,78.49,12,7,12.2,11.7,67.6,67.4,6.3,5.6,229.5,220.2,1019.0,1019.0,549.73,308.76,2046.98,30.8705,9.9384,201.4,52.4,1484.668, NAN, NAN, NAN, NAN,,2024/04/14 13:28:48.746,2024-04-14 13:28:48.746000+00:00
2024/04/14, 13:29:48.746,37.925,-74.498,12.3,207.23,209.38,12.08,11.7,11.7,1016.9,1016.9,0.0,0.0,85.09,78.49,13,7,12.1,11.8,67.9,67.8,6.1,5.6,231.3,219.7,1019.0,1019.0,554.81,308.62,2049.46,30.8697,9.9336,201.7,52.3,1484.65, NAN, NAN, NAN, NAN,,2024/04/14 13:29:48.746,2024-04-14 13:29:48.746000+00:00
2024/04/14, 13:30:48.746,37.922,-74.5,12.35,207.81,209.29,12.09,11.7,11.7,1016.8,1016.8,0.0,0.0,85.09,78.49,12,7,12.2,11.9,68.2,68.0,6.2,5.7,230.0,220.3,1018.9,1018.9,556.93,308.57,2054.37,30.8747,9.943,201.1,52.4,1484.69, NAN, NAN, NAN, NAN,,2024/04/14 13:30:48.746,2024-04-14 13:30:48.746000+00:00
2024/04/14, 13:31:48.746,37.919,-74.502,12.31,207.64,207.63,12.02,11.6,11.7,1016.8,1016.8,0.0,0.0,85.09,78.49,14,8,12.9,12.0,68.4,68.5,7.0,5.9,233.0,222.9,1018.9,1018.9,556.39,308.29,2057.96,30.8907,9.9456,199.9,52.3,1484.719, NAN, NAN, NAN, NAN,,2024/04/14 13:31:48.746,2024-04-14 13:31:48.746000+00:00
2024/04/14, 13:32:48.746,37.916,-74.504,12.26,207.38,209.53,11.97,11.6,11.7,1016.8,1016.8,0.0,0.0,85.09,78.49,14,9,13.3,12.6,69.2,69.3,7.4,6.5,231.2,222.8,1018.9,1018.9,561.75,308.15,2061.2,30.902,9.939,198.0,52.6,1484.709, NAN, NAN, NAN, NAN,,2024/04/14 13:32:48.746,2024-04-14 13:32:48.746000+00:00
2024/04/14, 13:33:48.746,37.913,-74.506,12.26,207.86,209.52,11.93,11.6,11.6,1016.9,1016.8,0.0,0.0,85.09,78.49,14,9,13.1,12.5,68.8,69.1,7.2,6.5,232.3,223.8,1019.0,1018.9,561.9,309.3,2063.79,30.9076,9.9388,198.0,52.7,1484.715, NAN, NAN, NAN, NAN,,2024/04/14 13:33:48.746,2024-04-14 13:33:48.746000+00:00
2024/04/14, 13:34:48.746,37.91,-74.509,12.27,207.72,210.84,12.01,11.6,11.6,1016.8,1016.8,0.0,0.0,85.09,78.49,13,8,12.4,12.2,68.7,68.9,6.4,6.1,230.9,221.4,1018.9,1018.9,567.56,310.1,2066.21,30.9144,9.941,199.6,52.7,1484.731, NAN, NAN, NAN, NAN,,2024/04/14 13:34:48.746,2024-04-14 13:34:48.746000+00:00
2024/04/14, 13:35:48.746,37.907,-74.511,12.34,208.1,209.92,12.07,11.7,11.7,1016.8,1016.8,0.0,0.0,85.09,78.49,16,10,13.5,12.8,68.0,67.9,7.7,6.7,236.2,226.4,1018.9,1018.9,567.53,308.55,2068.3,30.9217,9.9453,197.4,52.8,1484.755, NAN, NAN, NAN, NAN,,2024/04/14 13:35:48.746,2024-04-14 13:35:48.746000+00:00
2024/04/14, 13:36:48.746,37.905,-74.513,12.3,207.98,208.92,11.88,11.7,11.7,1016.7,1016.8,0.0,0.0,85.09,78.49,14,9,13.3,12.8,68.3,68.2,7.5,6.8,232.8,224.4,1018.8,1018.9,573.38,308.71,2071.75,30.928,9.937,196.5,52.8,1484.733, NAN, NAN, NAN, NAN,,2024/04/14 13:36:48.746,2024-04-14 13:36:48.746000+00:00
2024/04/14, 13:37:48.746,37.902,-74.515,12.35,208.15,210.52,11.89,11.7,11.7,1016.8,1016.9,0.0,0.0,85.09,78.49,15,9,13.5,12.7,68.8,68.8,7.7,6.7,233.6,223.7,1018.9,1019.0,575.19,309.45,2074.68,30.9327,9.9123,195.9,52.9,1484.649, NAN, NAN, NAN, NAN,,2024/04/14 13:37:48.746,2024-04-14 13:37:48.746000+00:00
2024/04/14, 13:38:48.746,37.899,-74.517,12.28,207.9,209.56,11.96,11.7,11.7,1016.9,1016.9,0.0,0.0,85.09,78.49,15,9,13.5,12.9,68.2,68.2,7.6,6.8,232.9,222.7,1019.0,1019.0,575.81,308.98,2079.42,30.9313,9.8928,197.1,52.7,1484.576, NAN, NAN, NAN, NAN,,2024/04/14 13:38:48.746,2024-04-14 13:38:48.746000+00:00
2024/04/14, 13:39:48.746,37.896,-74.519,12.27,207.84,209.51,11.89,11.7,11.7,1016.9,1016.9,0.0,0.0,85.09,78.49,15,10,13.4,12.9,68.9,68.8,7.6,6.9,233.2,224.8,1019.0,1019.0,579.6,308.47,2080.33,30.946,9.8805,194.7,52.9,1484.549, NAN, NAN, NAN, NAN,,2024/04/14 13:39:48.746,2024-04-14 13:39:48.746000+00:00
2024/04/14, 13:40:48.747,37.893,-74.521,12.21,207.99,207.89,11.87,11.6,11.7,1016.9,1016.8,0.0,0.0,85.09,78.49,14,9,13.3,12.7,69.5,69.4,7.5,6.7,233.0,224.8,1019.0,1018.9,585.01,309.56,2082.99,30.9723,9.8712,193.7,52.7,1484.547, NAN, NAN, NAN, NAN,,2024/04/14 13:40:48.747,2024-04-14 13:40:48.747000+00:00
2024/04/14, 13:41:48.747,37.89,-74.523,12.17,207.74,208.79,11.84,11.6,11.7,1016.9,1016.9,0.0,0.0,85.09,78.49,14,8,13.0,12.4,69.2,69.2,7.2,6.4,232.3,221.9,1019.0,1019.0,585.69,309.55,2084.95,30.9918,9.8661,192.2,52.4,1484.552, NAN, NAN, NAN, NAN,,2024/04/14 13:41:48.747,2024-04-14 13:41:48.747000+00:00
2024/04/14, 13:42:48.747,37.887,-74.525,12.19,207.84,210.37,12.0,11.6,11.6,1016.8,1016.9,0.0,0.0,85.09,78.49,14,9,13.2,12.9,70.0,70.0,7.3,6.8,231.6,222.8,1018.9,1019.0,588.26,309.1,2087.29,31.0088,9.8611,191.9,52.7,1484.555, NAN, NAN, NAN, NAN,,2024/04/14 13:42:48.747,2024-04-14 13:42:48.747000+00:00
2024/04/14, 13:43:48.747,37.884,-74.527,12.19,207.67,210.6,11.9,11.6,11.6,1016.8,1016.9,0.0,0.0,85.09,78.49,13,8,12.6,12.1,69.6,69.6,6.7,6.0,230.3,221.2,1018.9,1019.0,589.23,309.7,2090.33,31.0254,9.8522,190.4,52.7,1484.543, NAN, NAN, NAN, NAN,,2024/04/14 13:43:48.747,2024-04-14 13:43:48.747000+00:00
2024/04/14, 13:44:48.747,37.882,-74.529,12.24,207.75,209.0,11.9,11.6,11.6,1016.9,1016.8,0.0,0.0,85.09,78.49,14,8,13.1,12.4,69.7,69.6,7.2,6.3,231.8,221.4,1019.0,1018.9,590.03,309.53,2093.62,31.0385,9.8475,189.2,52.5,1484.541, NAN, NAN, NAN, NAN,,2024/04/14 13:44:48.747,2024-04-14 13:44:48.747000+00:00
2024/04/14, 13:45:48.747,37.879,-74.531,12.19,208.25,210.41,11.86,11.6,11.6,1016.9,1016.8,0.0,0.0,85.09,78.49,14,10,13.4,12.7,70.2,70.2,7.6,6.7,232.2,225.8,1019.0,1018.9,593.69,309.24,2096.18,31.0515,9.8436,189.5,52.6,1484.543, NAN, NAN, NAN, NAN,,2024/04/14 13:45:48.747,2024-04-14 13:45:48.747000+00:00
2024/04/14, 13:46:48.747,37.876,-74.534,12.19,207.91,210.49,12.07,11.6,11.6,1016.9,1016.9,0.0,0.0,85.09,78.49,14,8,13.0,12.5,70.4,70.4,7.0,6.3,231.7,220.9,1019.0,1019.0,599.12,309.47,2098.62,31.0732,9.839,187.6,52.5,1484.553, NAN, NAN, NAN, NAN,,2024/04/14 13:46:48.747,2024-04-14 13:46:48.747000+00:00
2024/04/14, 13:47:48.747,37.873,-74.536,12.17,207.29,208.13,11.93,11.5,11.6,1016.9,1016.9,0.0,0.0,85.09,78.49,17,12,13.9,13.2,70.5,70.4,8.1,7.2,235.7,227.9,1019.0,1019.0,598.22,309.32,2100.59,31.0916,9.8313,184.9,52.5,1484.547, NAN, NAN, NAN, NAN,,2024/04/14 13:47:48.747,2024-04-14 13:47:48.747000+00:00
2024/04/14, 13:48:48.747,37.87,-74.538,12.2,207.68,211.16,11.95,11.5,11.6,1016.9,1016.9,0.0,0.0,85.09,78.49,16,11,13.3,12.7,70.6,70.6,7.5,6.7,234.7,226.4,1019.0,1019.0,603.03,309.3,2104.32,31.1042,9.8226,184.6,52.5,1484.53, NAN, NAN, NAN, NAN,,2024/04/14 13:48:48.747,2024-04-14 13:48:48.747000+00:00
2024/04/14, 13:49:48.747,37.867,-74.54,12.16,207.63,211.38,12.16,11.5,11.6,1016.8,1016.9,0.0,0.0,85.09,78.49,15,10,13.2,12.7,70.8,70.8,7.2,6.5,232.6,223.8,1018.9,1019.0,605.47,309.91,2105.75,31.1149,9.8137,183.6,52.5,1484.511, NAN, NAN, NAN, NAN,,2024/04/14 13:49:48.747,2024-04-14 13:49:48.747000+00:00
2024/04/14, 13:50:48.747,37.864,-74.542,12.26,208.27,210.97,11.82,11.5,11.5,1016.9,1016.9,0.0,0.0,85.09,78.49,14,9,13.2,12.4,70.9,70.8,7.4,6.4,232.0,223.7,1019.0,1019.0,604.83,309.76,2107.03,31.1249,9.7991,183.4,52.8,1484.47, NAN, NAN, NAN, NAN,,2024/04/14 13:50:48.747,2024-04-14 13:50:48.747000+00:00
2024/04/14, 13:51:48.747,37.861,-74.544,12.17,207.35,209.52,11.85,11.5,11.6,1016.9,1016.9,0.0,0.0,85.09,78.49,15,9,13.1,12.6,70.9,70.8,7.3,6.6,233.0,222.6,1019.0,1019.0,610.08,310.11,2111.55,31.1367,9.7768,181.9,52.6,1484.403, NAN, NAN, NAN, NAN,,2024/04/14 13:51:48.747,2024-04-14 13:51:48.747000+00:00
2024/04/14, 13:52:48.747,37.859,-74.546,12.21,207.49,210.3,12.06,11.5,11.5,1016.9,1016.9,0.0,0.0,85.09,78.49,15,9,13.7,13.2,71.0,71.0,7.7,7.1,231.8,221.4,1019.0,1019.0,613.96,310.67,2115.95,31.1509,9.755,182.1,52.7,1484.341, NAN, NAN, NAN, NAN,,2024/04/14 13:52:48.747,2024-04-14 13:52:48.747000+00:00
2024/04/14, 13:53:48.747,37.856,-74.548,12.24,208.31,211.46,11.98,11.5,11.5,1016.9,1016.8,0.0,0.0,85.09,78.49,16,10,13.1,12.6,69.9,70.0,7.3,6.5,235.7,225.3,1019.0,1018.9,613.86,309.81,2119.07,31.17,9.7267,180.6,52.7,1484.261, NAN, NAN, NAN, NAN,,2024/04/14 13:53:48.747,2024-04-14 13:53:48.747000+00:00
2024/04/14, 13:54:48.747,37.853,-74.55,12.27,207.42,209.4,11.88,11.6,11.6,1016.9,1016.9,0.0,0.0,85.09,78.49,15,10,13.4,12.9,70.7,70.6,7.6,6.9,232.5,224.1,1019.0,1019.0,617.28,310.54,2122.91,31.1973,9.6931,179.1,52.3,1484.171, NAN, NAN, NAN, NAN,,2024/04/14 13:54:48.747,2024-04-14 13:54:48.747000+00:00
2024/04/14, 13:55:48.747,37.85,-74.553,12.32,207.77,210.81,12.13,11.6,11.6,1016.9,1017.0,0.0,0.0,85.09,78.49,15,9,12.9,12.5,69.8,70.0,6.9,6.3,233.4,222.5,1019.0,1019.1,621.34,310.2,2124.09,31.2221,9.6544,179.1,52.5,1484.06, NAN, NAN, NAN, NAN,,2024/04/14 13:55:48.747,2024-04-14 13:55:48.747000+00:00
2024/04/14, 13:56:48.747,37.847,-74.555,12.31,207.48,209.91,12.23,11.6,11.6,1016.9,1017.0,0.0,0.0,85.09,78.49,13,8,13.0,12.6,70.8,70.7,6.9,6.4,229.9,220.8,1019.0,1019.1,626.11,310.55,2127.03,31.2421,9.6207,178.2,52.5,1483.961, NAN, NAN, NAN, NAN,,2024/04/14 13:56:48.747,2024-04-14 13:56:48.747000+00:00
2024/04/14, 13:57:48.748,37.844,-74.557,12.3,207.67,210.57,11.94,11.5,11.6,1016.9,1017.0,0.0,0.0,85.09,78.49,15,9,13.3,12.7,70.8,70.9,7.4,6.6,232.9,222.6,1019.0,1019.1,627.26,310.41,2132.2,31.2774,9.6006,177.2,52.5,1483.93, NAN, NAN, NAN, NAN,,2024/04/14 13:57:48.748,2024-04-14 13:57:48.748000+00:00
2024/04/14, 13:58:48.748,37.841,-74.559,12.31,208.05,209.5,12.01,11.5,11.6,1016.9,1016.9,0.0,0.0,85.09,78.49,15,9,12.8,12.1,71.0,71.0,7.0,6.0,235.3,225.1,1019.0,1019.0,633.33,310.38,2136.64,31.3232,9.5915,175.2,52.7,1483.952, NAN, NAN, NAN, NAN,,2024/04/14 13:58:48.748,2024-04-14 13:58:48.748000+00:00
2024/04/14, 13:59:48.748,37.838,-74.561,12.33,208.19,209.03,12.06,11.5,11.6,1017.0,1017.0,0.0,0.0,85.09,78.49,14,9,12.8,12.3,71.0,71.1,6.9,6.2,233.3,224.6,1019.1,1019.1,638.56,310.99,2141.87,31.348,9.5825,174.8,52.6,1483.95, NAN, NAN, NAN, NAN,,2024/04/14 13:59:48.748,2024-04-14 13:59:48.748000+00:00
2024/04/14, 14:00:48.748,37.835,-74.563,12.37,207.63,210.39,11.97,11.5,11.6,1016.9,1016.9,0.0,0.0,85.09,78.49,14,9,12.4,11.9,70.3,70.4,6.5,5.8,232.9,223.9,1019.0,1019.0,642.23,310.91,2147.69,31.3509,9.5233,174.5,52.8,1483.736, NAN, NAN, NAN, NAN,,2024/04/14 14:00:48.748,2024-04-14 14:00:48.748000+00:00
2024/04/14, 14:01:48.748,37.833,-74.565,12.34,207.55,209.05,12.01,11.6,11.6,1016.9,1017.0,0.0,0.0,85.09,78.49,13,8,12.8,12.4,70.5,70.4,6.8,6.3,230.3,221.2,1019.0,1019.1,644.53,311.87,2140.53,31.3457,9.464,173.0,52.8,1483.512, NAN, NAN, NAN, NAN,,2024/04/14 14:01:48.748,2024-04-14 14:01:48.748000+00:00
2024/04/14, 14:02:48.748,37.83,-74.567,12.32,208.15,210.06,12.11,11.7,11.7,1016.9,1016.9,0.0,0.0,85.09,78.49,13,7,12.6,12.2,68.5,68.6,6.6,6.0,231.2,220.0,1019.0,1019.0,630.98,311.13,2095.53,31.3482,9.444,171.5,52.5,1483.441, NAN, NAN, NAN, NAN,,2024/04/14 14:02:48.748,2024-04-14 14:02:48.748000+00:00
2024/04/14, 14:03:48.748,37.827,-74.569,12.34,207.47,208.79,12.0,11.7,11.7,1017.0,1017.0,0.0,0.0,85.09,78.49,12,6,12.4,12.1,69.0,68.7,6.4,6.0,228.9,217.4,1019.1,1019.1,642.67,311.22,2121.7,31.3453,9.4401,173.9,52.6,1483.424, NAN, NAN, NAN, NAN,,2024/04/14 14:03:48.748,2024-04-14 14:03:48.748000+00:00
2024/04/14, 14:04:48.748,37.824,-74.571,12.24,208.09,210.48,11.97,11.7,11.7,1016.9,1017.0,0.0,0.0,85.09,78.49,11,6,12.2,11.9,69.3,69.1,6.2,5.8,228.1,218.4,1019.0,1019.1,633.13,310.64,2081.55,31.3335,9.44,173.3,52.5,1483.409, NAN, NAN, NAN, NAN,,2024/04/14 14:04:48.748,2024-04-14 14:04:48.748000+00:00
2024/04/14, 14:05:48.748,37.821,-74.573,12.17,207.75,207.64,11.9,11.7,11.7,1017.0,1017.0,0.0,0.0,85.09,78.49,12,6,12.3,12.1,70.2,70.1,6.4,6.0,230.3,218.9,1019.1,1019.1,639.61,311.17,2102.99,31.3226,9.4352,171.2,52.6,1483.378, NAN, NAN, NAN, NAN,,2024/04/14 14:05:48.748,2024-04-14 14:05:48.748000+00:00
2024/04/14, 14:06:48.748,37.818,-74.575,12.24,208.1,210.74,12.05,11.7,11.7,1017.0,1017.0,0.0,0.0,85.09,78.49,11,6,12.4,11.9,70.2,69.9,6.4,5.7,228.1,218.7,1019.1,1019.1,639.46,311.0,2103.2,31.3198,9.4336,170.5,52.3,1483.368, NAN, NAN, NAN, NAN,,2024/04/14 14:06:48.748,2024-04-14 14:06:48.748000+00:00
2024/04/14, 14:07:48.748,37.815,-74.577,12.23,207.67,208.21,12.06,11.6,11.7,1016.9,1017.0,0.0,0.0,85.09,78.49,12,6,12.1,11.7,69.8,69.8,6.1,5.5,230.6,219.0,1019.0,1019.1,665.08,311.0,2162.79,31.3213,9.429,170.3,52.6,1483.353, NAN, NAN, NAN, NAN,,2024/04/14 14:07:48.748,2024-04-14 14:07:48.748000+00:00
2024/04/14, 14:08:48.748,37.812,-74.58,12.24,207.56,209.69,11.9,11.6,11.7,1016.9,1017.0,0.0,0.0,85.09,78.49,12,6,12.1,11.6,70.1,70.0,6.2,5.5,229.4,218.0,1019.0,1019.1,665.95,311.46,2163.15,31.3281,9.4197,170.3,52.5,1483.327, NAN, NAN, NAN, NAN,,2024/04/14 14:08:48.748,2024-04-14 14:08:48.748000+00:00
2024/04/14, 14:09:48.748,37.809,-74.582,12.28,208.15,209.28,11.77,11.6,11.7,1017.0,1016.9,0.0,0.0,85.09,78.49,12,6,12.4,11.7,69.5,69.6,6.6,5.7,230.4,219.6,1019.1,1019.0,668.57,311.7,2164.59,31.3318,9.406,170.3,52.6,1483.282, NAN, NAN, NAN, NAN,,2024/04/14 14:09:48.748,2024-04-14 14:09:48.748000+00:00
2024/04/14, 14:10:48.748,37.807,-74.584,12.2,208.65,210.83,11.92,11.7,11.7,1016.9,1016.9,0.0,0.0,85.09,78.49,11,5,12.3,11.7,69.1,69.1,6.3,5.6,229.1,217.8,1019.0,1019.0,667.38,311.88,2163.04,31.3347,9.3977,169.3,52.4,1483.255, NAN, NAN, NAN, NAN,,2024/04/14 14:10:48.748,2024-04-14 14:10:48.748000+00:00
2024/04/14, 14:11:48.748,37.804,-74.586,12.15,207.74,208.66,12.01,11.7,11.7,1016.9,1016.9,0.0,0.0,85.09,78.49,11,5,12.3,11.8,69.0,69.0,6.3,5.7,228.0,216.5,1019.0,1019.0,677.22,311.73,2165.35,31.3421,9.395,170.0,52.5,1483.254, NAN, NAN, NAN, NAN,,2024/04/14 14:11:48.748,2024-04-14 14:11:48.748000+00:00
2024/04/14, 14:12:48.748,37.801,-74.588,12.24,208.14,209.43,11.99,11.7,11.7,1016.9,1016.9,0.0,0.0,85.09,78.49,10,5,12.4,12.0,68.7,68.8,6.4,5.9,226.5,217.0,1019.0,1019.0,677.29,312.28,2168.21,31.3406,9.3958,169.0,52.6,1483.255, NAN, NAN, NAN, NAN,,2024/04/14 14:12:48.748,2024-04-14 14:12:48.748000+00:00
2024/04/14, 14:13:48.749,37.798,-74.59,12.26,208.22,210.49,11.99,11.7,11.8,1016.9,1016.8,0.0,0.0,85.09,78.49,11,5,12.6,12.1,68.3,68.3,6.6,6.0,227.8,216.6,1019.0,1018.9,682.21,311.81,2169.44,31.333,9.3985,169.0,52.6,1483.255, NAN, NAN, NAN, NAN,,2024/04/14 14:13:48.749,2024-04-14 14:13:48.749000+00:00
2024/04/14, 14:14:48.749,37.795,-74.592,12.26,207.63,208.84,11.84,11.8,11.8,1016.8,1016.9,0.0,0.0,85.09,78.49,12,6,12.8,12.4,67.8,67.9,6.9,6.4,229.1,218.3,1018.9,1019.0,686.44,311.84,2171.49,31.3265,9.4058,168.8,52.6,1483.274, NAN, NAN, NAN, NAN,,2024/04/14 14:14:48.749,2024-04-14 14:14:48.749000+00:00
2024/04/14, 14:15:48.749,37.792,-74.594,12.26,207.5,207.84,11.94,11.8,11.8,1016.9,1016.9,0.0,0.0,85.09,78.49,11,6,12.9,12.7,67.6,67.7,6.9,6.6,227.5,218.3,1019.0,1019.0,696.67,312.27,2172.9,31.3258,9.4439,166.9,52.6,1483.414, NAN, NAN, NAN, NAN,,2024/04/14 14:15:48.749,2024-04-14 14:15:48.749000+00:00
2024/04/14, 14:16:48.749,37.789,-74.596,12.24,208.42,210.47,11.89,11.9,11.8,1016.9,1016.9,0.0,0.0,85.09,78.49,13,7,12.7,12.3,66.7,67.6,6.8,6.2,231.6,220.6,1019.0,1019.0,693.34,311.5,2172.51,31.3304,9.4635,168.1,52.5,1483.491, NAN, NAN, NAN, NAN,,2024/04/14 14:16:48.749,2024-04-14 14:16:48.749000+00:00
2024/04/14, 14:17:48.749,37.786,-74.598,12.28,208.1,209.57,11.91,11.9,11.9,1016.9,1016.9,0.0,0.0,85.09,78.49,14,8,12.8,12.1,66.9,66.9,7.0,6.1,233.3,223.0,1019.0,1019.0,696.66,311.26,2173.39,31.3296,9.4693,168.4,52.6,1483.512, NAN, NAN, NAN, NAN,,2024/04/14 14:17:48.749,2024-04-14 14:17:48.749000+00:00
2024/04/14, 14:18:48.749,37.783,-74.6,12.31,207.98,208.77,11.91,11.9,11.9,1016.9,1017.0,0.0,0.0,85.09,78.49,14,7,13.1,12.4,67.6,66.7,7.3,6.3,233.0,220.9,1019.0,1019.1,703.29,311.21,2174.54,31.3245,9.4719,167.5,52.7,1483.515, NAN, NAN, NAN, NAN,,2024/04/14 14:18:48.749,2024-04-14 14:18:48.749000+00:00
2024/04/14, 14:19:48.749,37.781,-74.602,12.25,207.87,208.91,11.9,11.8,11.9,1016.9,1016.9,0.0,0.0,85.09,78.49,14,8,12.8,12.4,67.5,67.5,7.0,6.4,233.4,222.7,1019.0,1019.0,706.58,311.3,2170.01,31.3231,9.4689,167.2,52.5,1483.502, NAN, NAN, NAN, NAN,,2024/04/14 14:19:48.749,2024-04-14 14:19:48.749000+00:00
2024/04/14, 14:20:48.749,37.778,-74.604,12.23,207.88,209.46,11.9,11.8,11.9,1016.9,1017.0,0.0,0.0,85.09,78.49,14,8,12.6,12.2,67.8,67.7,6.8,6.2,233.2,222.4,1019.0,1019.1,709.12,311.76,2178.38,31.3226,9.4723,167.2,52.6,1483.514, NAN, NAN, NAN, NAN,,2024/04/14 14:20:48.749,2024-04-14 14:20:48.749000+00:00
2024/04/14, 14:21:48.749,37.775,-74.606,12.2,208.18,209.16,11.86,11.8,11.9,1016.9,1016.9,0.0,0.0,85.09,78.49,14,9,12.6,12.1,66.7,66.6,6.8,6.1,233.6,224.8,1019.0,1019.0,715.53,311.87,2180.77,31.3323,9.4826,167.5,52.7,1483.564, NAN, NAN, NAN, NAN,,2024/04/14 14:21:48.749,2024-04-14 14:21:48.749000+00:00
2024/04/14, 14:22:48.749,37.772,-74.608,12.18,208.01,209.07,12.02,11.9,11.9,1016.9,1016.9,0.0,0.0,85.09,78.49,13,8,13.1,12.7,65.5,65.9,7.2,6.6,231.2,222.4,1019.0,1019.0,712.03,312.33,2165.39,31.3381,9.4885,167.8,52.8,1483.593, NAN, NAN, NAN, NAN,,2024/04/14 14:22:48.749,2024-04-14 14:22:48.749000+00:00
2024/04/14, 14:23:48.749,37.769,-74.61,12.17,208.36,209.73,11.87,12.0,11.9,1016.8,1016.9,0.0,0.0,85.09,78.49,12,7,13.4,12.8,64.8,65.6,7.5,6.8,229.5,221.0,1018.9,1019.0,723.6,312.12,2181.18,31.3377,9.4981,168.4,52.8,1483.627, NAN, NAN, NAN, NAN,,2024/04/14 14:23:48.749,2024-04-14 14:23:48.749000+00:00
2024/04/14, 14:24:48.749,37.766,-74.612,12.14,207.41,208.78,11.87,12.1,12.1,1016.9,1016.9,0.0,0.0,85.09,78.49,12,7,13.1,12.7,65.2,65.2,7.2,6.7,228.6,219.8,1019.0,1019.0,722.83,311.36,2183.5,31.3458,9.5134,168.4,52.7,1483.694, NAN, NAN, NAN, NAN,,2024/04/14 14:24:48.749,2024-04-14 14:24:48.749000+00:00
2024/04/14, 14:25:48.749,37.763,-74.614,12.1,207.74,208.66,11.9,12.0,12.1,1016.9,1016.9,0.0,0.0,85.09,78.49,14,8,13.0,12.5,67.0,66.9,7.2,6.5,232.5,222.0,1019.0,1019.0,718.3,311.16,2168.96,31.3509,9.525,170.5,52.7,1483.742, NAN, NAN, NAN, NAN,,2024/04/14 14:25:48.749,2024-04-14 14:25:48.749000+00:00
2024/04/14, 14:26:48.749,37.76,-74.616,12.01,208.52,210.86,11.84,12.0,12.0,1016.9,1016.9,0.0,0.0,85.09,78.49,14,8,13.0,12.4,67.5,67.4,7.2,6.4,233.1,222.7,1019.0,1019.0,729.7,311.25,2186.21,31.3523,9.5252,168.8,52.8,1483.745, NAN, NAN, NAN, NAN,,2024/04/14 14:26:48.749,2024-04-14 14:26:48.749000+00:00
2024/04/14, 14:27:48.749,37.757,-74.618,12.0,207.79,208.47,11.81,11.9,11.9,1016.9,1016.9,0.0,0.0,85.09,78.49,13,8,13.5,12.8,68.3,68.3,7.7,6.8,230.3,222.0,1019.0,1019.0,738.22,311.49,2188.17,31.3513,9.5111,168.1,52.8,1483.692, NAN, NAN, NAN, NAN,,2024/04/14 14:27:48.749,2024-04-14 14:27:48.749000+00:00
2024/04/14, 14:28:48.749,37.755,-74.62,11.94,208.04,209.75,11.9,11.9,11.9,1016.9,1016.9,0.0,0.0,85.09,78.49,13,7,13.2,12.6,67.4,67.6,7.3,6.6,231.2,220.9,1019.0,1019.0,727.06,311.06,2165.81,31.3475,9.4946,168.4,52.8,1483.627, NAN, NAN, NAN, NAN,,2024/04/14 14:28:48.749,2024-04-14 14:28:48.749000+00:00
2024/04/14, 14:29:48.750,37.752,-74.622,12.03,208.28,210.58,11.87,11.9,11.9,1016.9,1017.0,0.0,0.0,85.09,78.49,12,7,13.4,12.8,68.2,68.2,7.5,6.8,229.0,220.4,1019.0,1019.1,745.56,311.23,2191.28,31.3534,9.4787,167.5,52.9,1483.575, NAN, NAN, NAN, NAN,,2024/04/14 14:29:48.750,2024-04-14 14:29:48.750000+00:00
2024/04/14, 14:30:48.750,37.749,-74.624,11.96,207.93,210.99,11.81,11.8,11.9,1016.8,1016.9,0.0,0.0,85.09,78.49,12,7,13.7,13.3,68.0,68.2,7.8,7.3,227.4,218.8,1018.9,1019.0,743.98,311.85,2190.18,31.3618,9.4722,168.8,52.6,1483.562, NAN, NAN, NAN, NAN,,2024/04/14 14:30:48.750,2024-04-14 14:30:48.750000+00:00
2024/04/14, 14:31:48.750,37.746,-74.626,11.95,208.23,210.52,11.86,11.9,11.9,1016.8,1016.8,0.0,0.0,85.09,78.49,12,6,13.9,13.2,66.9,66.9,8.0,7.1,228.1,217.9,1018.9,1018.9,743.72,311.7,2189.76,31.3738,9.4682,167.5,52.9,1483.562, NAN, NAN, NAN, NAN,,2024/04/14 14:31:48.750,2024-04-14 14:31:48.750000+00:00
2024/04/14, 14:32:48.750,37.743,-74.628,11.91,207.77,208.8,11.82,12.0,12.0,1016.8,1016.8,0.0,0.0,85.09,78.49,11,6,13.7,13.2,66.6,66.6,7.8,7.2,226.5,217.9,1018.9,1018.9,747.7,311.55,2192.85,31.381,9.47,167.8,52.9,1483.577, NAN, NAN, NAN, NAN,,2024/04/14 14:32:48.750,2024-04-14 14:32:48.750000+00:00
2024/04/14, 14:33:48.750,37.74,-74.631,12.0,207.33,209.37,11.88,12.0,12.0,1016.7,1016.8,0.0,0.0,85.09,78.49,9,4,13.6,13.2,66.5,66.4,7.6,7.1,222.1,213.2,1018.8,1018.9,746.46,311.22,2191.76,31.3836,9.4579,166.9,53.0,1483.536, NAN, NAN, NAN, NAN,,2024/04/14 14:33:48.750,2024-04-14 14:33:48.750000+00:00
2024/04/14, 14:34:48.750,37.737,-74.633,11.97,207.33,208.74,11.87,12.0,12.0,1016.6,1016.6,0.0,0.0,85.09,78.49,8,2,13.2,12.8,66.8,66.8,7.2,6.7,220.3,209.2,1018.7,1018.7,750.13,310.98,2193.93,31.3852,9.4213,166.6,52.9,1483.403, NAN, NAN, NAN, NAN,,2024/04/14 14:34:48.750,2024-04-14 14:34:48.750000+00:00
2024/04/14, 14:35:48.750,37.734,-74.635,11.99,208.09,209.55,11.8,12.0,12.0,1016.5,1016.6,0.0,0.0,85.09,78.49,6,2,13.1,12.9,67.3,67.4,7.1,6.8,218.4,211.1,1018.6,1018.7,755.92,310.64,2197.86,31.3887,9.3705,166.0,52.7,1483.22, NAN, NAN, NAN, NAN,,2024/04/14 14:35:48.750,2024-04-14 14:35:48.750000+00:00
2024/04/14, 14:36:48.750,37.732,-74.637,11.94,207.78,209.06,11.85,11.9,11.9,1016.5,1016.6,0.0,0.0,85.09,78.49,7,2,13.5,13.0,68.1,68.0,7.5,6.9,219.3,210.3,1018.6,1018.7,755.41,311.15,2199.14,31.3931,9.3435,165.6,52.6,1483.126, NAN, NAN, NAN, NAN,,2024/04/14 14:36:48.750,2024-04-14 14:36:48.750000+00:00
2024/04/14, 14:37:48.750,37.729,-74.639,12.01,207.98,210.27,11.8,11.9,11.9,1016.5,1016.5,0.0,0.0,85.09,78.49,6,1,13.5,13.0,68.2,68.1,7.5,6.9,217.5,208.4,1018.6,1018.6,756.96,311.39,2199.39,31.3938,9.3314,166.9,52.7,1483.082, NAN, NAN, NAN, NAN,,2024/04/14 14:37:48.750,2024-04-14 14:37:48.750000+00:00
2024/04/14, 14:38:48.750,37.726,-74.641,12.13,208.17,210.56,11.93,11.9,11.9,1016.5,1016.5,0.0,0.0,85.09,78.49,7,1,13.2,13.0,68.0,67.9,7.1,6.9,219.6,208.4,1018.6,1018.6,758.6,311.73,2202.03,31.3927,9.3225,166.6,52.8,1483.048, NAN, NAN, NAN, NAN,,2024/04/14 14:38:48.750,2024-04-14 14:38:48.750000+00:00
2024/04/14, 14:39:48.750,37.723,-74.643,12.18,208.07,210.76,11.99,11.9,11.9,1016.6,1016.5,0.0,0.0,85.09,78.49,6,0,13.0,12.6,67.7,67.6,6.9,6.4,217.3,205.7,1018.7,1018.6,759.84,311.69,2203.54,31.3886,9.3199,166.6,52.8,1483.034, NAN, NAN, NAN, NAN,,2024/04/14 14:39:48.750,2024-04-14 14:39:48.750000+00:00
2024/04/14, 14:40:48.750,37.72,-74.645,12.21,208.52,210.84,11.91,11.9,11.9,1016.5,1016.5,0.0,0.0,85.09,78.49,5,0,12.9,12.7,67.7,67.8,6.8,6.6,216.6,207.1,1018.6,1018.6,759.47,312.1,2206.11,31.3851,9.3337,165.6,52.9,1483.08, NAN, NAN, NAN, NAN,,2024/04/14 14:40:48.750,2024-04-14 14:40:48.750000+00:00
2024/04/14, 14:41:48.750,37.717,-74.647,12.26,208.27,211.45,11.85,11.9,11.9,1016.6,1016.5,0.0,0.0,85.09,78.49,5,0,13.0,12.9,67.1,67.0,6.9,6.8,216.1,206.7,1018.7,1018.6,758.44,312.2,2208.34,31.3826,9.3545,167.2,52.8,1483.154, NAN, NAN, NAN, NAN,,2024/04/14 14:41:48.750,2024-04-14 14:41:48.750000+00:00
2024/04/14, 14:42:48.750,37.714,-74.649,12.24,210.44,213.12,11.89,11.9,12.0,1016.8,1016.6,0.0,0.0,85.09,78.49,5,359,13.4,12.6,66.8,66.8,7.3,6.5,217.5,206.1,1018.9,1018.7,752.99,312.68,2194.35,31.3784,9.3775,167.2,52.9,1483.234, NAN, NAN, NAN, NAN,,2024/04/14 14:42:48.750,2024-04-14 14:42:48.750000+00:00
2024/04/14, 14:43:48.750,37.711,-74.651,12.28,211.37,213.56,11.88,12.0,12.0,1016.5,1016.5,0.0,0.0,85.09,78.49,4,358,13.5,13.1,66.2,66.4,7.4,7.0,217.8,206.7,1018.6,1018.6,756.89,313.07,2210.02,31.3734,9.399,169.0,52.9,1483.307, NAN, NAN, NAN, NAN,,2024/04/14 14:43:48.750,2024-04-14 14:43:48.750000+00:00
2024/04/14, 14:44:48.750,37.709,-74.654,12.16,209.61,210.02,11.96,12.0,12.0,1016.6,1016.5,0.0,0.0,85.09,78.49,4,359,13.6,13.2,65.5,65.6,7.5,7.1,216.2,207.0,1018.7,1018.6,756.92,313.34,2211.4,31.3683,9.3958,168.4,52.9,1483.289, NAN, NAN, NAN, NAN,,2024/04/14 14:44:48.750,2024-04-14 14:44:48.750000+00:00
2024/04/14, 14:45:48.751,37.706,-74.656,12.13,209.42,211.61,11.76,12.1,12.1,1016.5,1016.5,0.0,0.0,85.09,78.49,4,358,14.1,13.6,64.8,65.2,8.1,7.6,214.9,204.2,1018.6,1018.6,747.31,314.07,2181.33,31.3598,9.4595,168.1,52.3,1483.513, NAN, NAN, NAN, NAN,,2024/04/14 14:45:48.751,2024-04-14 14:45:48.751000+00:00
2024/04/14, 14:46:48.751,37.703,-74.658,12.09,210.61,211.66,11.89,12.2,12.2,1016.3,1016.4,0.0,0.0,85.09,78.49,4,357,14.2,13.6,63.6,63.4,8.1,7.5,216.3,203.7,1018.4,1018.5,743.47,314.3,2180.51,31.3594,9.5129,174.5,52.4,1483.708, NAN, NAN, NAN, NAN,,2024/04/14 14:46:48.751,2024-04-14 14:46:48.751000+00:00
2024/04/14, 14:47:48.751,37.7,-74.66,12.22,210.13,211.24,11.84,12.3,12.3,1016.3,1016.5,0.0,0.0,85.09,78.49,4,358,14.2,13.5,63.0,62.8,8.1,7.4,215.6,204.8,1018.4,1018.6,756.47,314.48,2206.1,31.3475,9.5397,170.8,52.8,1483.792, NAN, NAN, NAN, NAN,,2024/04/14 14:47:48.751,2024-04-14 14:47:48.751000+00:00
2024/04/14, 14:48:48.751,37.697,-74.662,12.16,209.91,212.09,11.88,12.3,12.4,1016.3,1016.3,0.0,0.0,85.09,78.49,4,358,14.2,14.1,62.1,62.2,8.1,8.0,215.3,204.8,1018.4,1018.4,752.05,315.14,2200.65,31.3393,9.5531,169.0,52.8,1483.831, NAN, NAN, NAN, NAN,,2024/04/14 14:48:48.751,2024-04-14 14:48:48.751000+00:00
2024/04/14, 14:49:48.751,37.695,-74.665,12.14,209.52,212.96,11.9,12.4,12.4,1016.3,1016.3,0.0,0.0,85.09,78.49,4,358,14.4,14.0,61.4,61.1,8.3,7.9,214.5,203.9,1018.4,1018.4,757.01,314.8,2210.32,31.3348,9.5551,170.3,52.8,1483.833, NAN, NAN, NAN, NAN,,2024/04/14 14:49:48.751,2024-04-14 14:49:48.751000+00:00
2024/04/14, 14:50:48.751,37.692,-74.667,12.14,210.5,212.99,11.85,12.4,12.5,1016.3,1016.3,0.0,0.0,85.09,78.49,3,357,14.7,14.3,61.5,61.3,8.6,8.3,213.9,203.4,1018.4,1018.4,743.25,314.2,2174.82,31.3333,9.5508,169.3,52.7,1483.816, NAN, NAN, NAN, NAN,,2024/04/14 14:50:48.751,2024-04-14 14:50:48.751000+00:00
2024/04/14, 14:51:48.751,37.689,-74.669,12.16,210.36,212.21,11.82,12.5,12.5,1016.3,1016.3,0.0,0.0,85.09,78.49,2,357,14.6,14.2,61.1,61.2,8.5,8.2,212.7,204.0,1018.4,1018.4,744.76,314.56,2173.26,31.3346,9.5504,168.4,52.8,1483.816, NAN, NAN, NAN, NAN,,2024/04/14 14:51:48.751,2024-04-14 14:51:48.751000+00:00
2024/04/14, 14:52:48.751,37.686,-74.671,12.13,209.82,211.73,11.81,12.5,12.5,1016.2,1016.3,0.0,0.0,85.09,78.49,1,355,14.6,14.2,60.4,60.5,8.5,8.2,210.1,199.7,1018.3,1018.4,757.04,315.15,2213.34,31.3347,9.5515,167.8,52.9,1483.82, NAN, NAN, NAN, NAN,,2024/04/14 14:52:48.751,2024-04-14 14:52:48.751000+00:00
2024/04/14, 14:53:48.751,37.683,-74.673,11.84,210.26,211.17,11.66,12.6,12.5,1016.3,1016.2,0.0,0.0,85.09,78.49,0,354,14.5,14.0,60.1,60.5,8.5,8.1,209.3,198.8,1018.4,1018.3,758.67,314.99,2215.07,31.3379,9.5499,168.1,52.9,1483.818, NAN, NAN, NAN, NAN,,2024/04/14 14:53:48.751,2024-04-14 14:53:48.751000+00:00
2024/04/14, 14:54:48.751,37.681,-74.676,11.89,209.97,213.27,11.82,12.6,12.6,1016.1,1016.1,0.0,0.0,85.09,78.49,359,354,14.5,14.1,59.8,59.7,8.4,8.1,206.6,197.8,1018.2,1018.2,761.76,315.1,2217.03,31.3419,9.5415,167.8,53.0,1483.792, NAN, NAN, NAN, NAN,,2024/04/14 14:54:48.751,2024-04-14 14:54:48.751000+00:00
2024/04/14, 14:55:48.751,37.678,-74.678,11.98,209.92,211.98,11.81,12.6,12.6,1016.0,1016.1,0.0,0.0,85.09,78.49,358,353,14.5,14.2,59.5,59.6,8.5,8.3,204.7,196.0,1018.1,1018.2,761.19,315.74,2218.87,31.3432,9.5325,167.5,53.0,1483.76, NAN, NAN, NAN, NAN,,2024/04/14 14:55:48.751,2024-04-14 14:55:48.751000+00:00
2024/04/14, 14:56:48.751,37.675,-74.68,11.86,210.1,211.5,11.71,12.7,12.7,1016.0,1016.0,0.0,0.0,85.09,78.49,358,352,14.4,13.8,58.2,58.5,8.4,7.9,205.2,194.5,1018.1,1018.1,766.08,315.27,2223.2,31.3467,9.5208,166.9,52.9,1483.722, NAN, NAN, NAN, NAN,,2024/04/14 14:56:48.751,2024-04-14 14:56:48.751000+00:00
2024/04/14, 14:57:48.751,37.672,-74.682,11.86,209.45,212.51,11.69,12.8,12.8,1016.1,1016.1,0.0,0.0,85.09,78.49,0,354,14.4,13.9,58.9,59.1,8.4,8.0,207.6,197.0,1018.2,1018.2,768.45,314.54,2227.38,31.3505,9.5179,166.6,53.0,1483.716, NAN, NAN, NAN, NAN,,2024/04/14 14:57:48.751,2024-04-14 14:57:48.751000+00:00
2024/04/14, 14:58:48.751,37.67,-74.684,11.8,210.63,211.77,11.69,12.7,12.7,1016.0,1016.1,0.0,0.0,85.09,78.49,1,355,14.3,13.8,59.6,59.7,8.3,7.9,211.4,200.8,1018.1,1018.2,768.15,313.81,2215.41,31.3568,9.5256,166.0,52.8,1483.752, NAN, NAN, NAN, NAN,,2024/04/14 14:58:48.751,2024-04-14 14:58:48.751000+00:00
2024/04/14, 14:59:48.751,37.667,-74.687,11.67,209.66,211.4,11.65,12.7,12.7,1016.0,1016.1,0.0,0.0,85.09,78.49,2,356,14.5,13.8,59.5,59.9,8.5,7.9,211.4,200.8,1018.1,1018.2,767.08,314.09,2209.47,31.3628,9.5427,167.8,52.7,1483.822, NAN, NAN, NAN, NAN,,2024/04/14 14:59:48.751,2024-04-14 14:59:48.751000+00:00
2024/04/14, 15:00:48.752,37.664,-74.689,11.67,209.36,211.91,11.75,12.6,12.7,1016.1,1016.1,0.0,0.0,85.09,78.49,2,356,14.3,14.0,60.0,59.9,8.3,8.0,210.5,199.9,1018.2,1018.2,773.88,314.29,2210.72,31.3682,9.5593,167.5,52.6,1483.889, NAN, NAN, NAN, NAN,,2024/04/14 15:00:48.752,2024-04-14 15:00:48.752000+00:00
2024/04/14, 15:01:48.752,37.661,-74.691,11.7,209.92,212.57,11.7,12.6,12.7,1016.1,1016.1,0.0,0.0,85.09,78.49,2,357,14.1,13.8,60.2,60.0,8.1,7.8,211.6,202.8,1018.2,1018.2,765.9,313.74,2200.49,31.3726,9.5696,167.2,52.6,1483.932, NAN, NAN, NAN, NAN,,2024/04/14 15:01:48.752,2024-04-14 15:01:48.752000+00:00
2024/04/14, 15:02:48.752,37.659,-74.693,11.82,209.53,211.98,11.66,12.6,12.6,1016.2,1016.2,0.0,0.0,85.09,78.49,3,357,14.1,13.5,61.0,60.7,8.1,7.6,212.8,202.1,1018.3,1018.3,763.01,312.98,2202.3,31.3773,9.5727,166.9,52.2,1483.95, NAN, NAN, NAN, NAN,,2024/04/14 15:02:48.752,2024-04-14 15:02:48.752000+00:00
2024/04/14, 15:03:48.752,37.656,-74.695,11.79,209.58,212.1,11.66,12.5,12.6,1016.1,1016.2,0.0,0.0,85.09,78.49,3,357,13.8,13.3,61.9,61.9,7.8,7.4,212.7,201.8,1018.2,1018.3,774.72,312.76,2206.6,31.3798,9.5701,166.3,52.5,1483.943, NAN, NAN, NAN, NAN,,2024/04/14 15:03:48.752,2024-04-14 15:03:48.752000+00:00
2024/04/14, 15:04:48.752,37.653,-74.698,11.79,209.86,213.02,11.59,12.5,12.5,1016.1,1016.3,0.0,0.0,85.09,78.49,2,356,14.0,13.8,62.7,62.8,8.0,7.9,211.5,201.0,1018.2,1018.4,781.28,312.58,2216.17,31.3816,9.5678,166.3,52.6,1483.937, NAN, NAN, NAN, NAN,,2024/04/14 15:04:48.752,2024-04-14 15:04:48.752000+00:00
2024/04/14, 15:05:48.752,37.651,-74.7,11.68,210.03,213.07,11.6,12.4,12.5,1016.3,1016.2,0.0,0.0,85.09,78.49,2,358,14.1,13.8,62.8,62.8,8.1,7.9,212.1,205.0,1018.4,1018.3,792.38,312.67,2231.65,31.3826,9.5796,165.6,52.6,1483.981, NAN, NAN, NAN, NAN,,2024/04/14 15:05:48.752,2024-04-14 15:05:48.752000+00:00
2024/04/14, 15:06:48.752,37.648,-74.702,11.76,209.81,211.56,11.7,12.4,12.4,1016.3,1016.3,0.0,0.0,85.09,78.49,3,357,13.9,13.7,63.1,63.3,7.9,7.7,213.8,203.2,1018.4,1018.4,798.55,312.79,2239.57,31.3839,9.5931,166.0,52.7,1484.032, NAN, NAN, NAN, NAN,,2024/04/14 15:06:48.752,2024-04-14 15:06:48.752000+00:00
2024/04/14, 15:07:48.752,37.645,-74.704,11.82,210.23,212.09,11.62,12.4,12.4,1016.2,1016.3,0.0,0.0,85.09,78.49,4,357,14.2,13.7,63.5,63.6,8.2,7.8,215.4,203.1,1018.3,1018.4,798.39,312.97,2238.12,31.3881,9.6122,166.3,52.7,1484.107, NAN, NAN, NAN, NAN,,2024/04/14 15:07:48.752,2024-04-14 15:07:48.752000+00:00
2024/04/14, 15:08:48.752,37.642,-74.706,11.86,209.93,212.53,11.8,12.4,12.4,1016.2,1016.2,0.0,0.0,85.09,78.49,2,357,14.3,13.6,63.2,63.1,8.2,7.6,210.9,201.9,1018.3,1018.3,804.67,312.89,2235.39,31.3931,9.6211,166.3,52.7,1484.146, NAN, NAN, NAN, NAN,,2024/04/14 15:08:48.752,2024-04-14 15:08:48.752000+00:00
2024/04/14, 15:09:48.752,37.64,-74.709,11.81,209.18,212.46,11.87,12.4,12.4,1016.1,1016.1,0.0,0.0,85.09,78.49,2,357,14.1,13.6,62.9,63.1,8.0,7.6,210.2,201.1,1018.2,1018.2,804.58,312.84,2234.23,31.3925,9.6284,166.6,52.7,1484.172, NAN, NAN, NAN, NAN,,2024/04/14 15:09:48.752,2024-04-14 15:09:48.752000+00:00
2024/04/14, 15:10:48.752,37.637,-74.711,11.82,209.9,211.48,11.72,12.5,12.5,1016.1,1016.1,0.0,0.0,85.09,78.49,3,358,13.9,13.5,62.9,63.0,7.9,7.5,213.4,204.4,1018.2,1018.2,808.47,312.38,2231.96,31.3934,9.6314,165.6,52.7,1484.184, NAN, NAN, NAN, NAN,,2024/04/14 15:10:48.752,2024-04-14 15:10:48.752000+00:00
2024/04/14, 15:11:48.752,37.634,-74.713,11.77,210.38,212.64,11.76,12.4,12.4,1016.1,1016.1,0.0,0.0,85.09,78.49,4,358,14.1,13.7,63.6,63.6,8.1,7.7,215.6,204.9,1018.2,1018.2,810.14,312.19,2231.34,31.3944,9.6325,166.0,52.7,1484.189, NAN, NAN, NAN, NAN,,2024/04/14 15:11:48.752,2024-04-14 15:11:48.752000+00:00
2024/04/14, 15:12:48.752,37.631,-74.715,11.69,210.39,213.86,11.64,12.4,12.4,1016.1,1016.1,0.0,0.0,85.09,78.49,5,358,14.1,13.5,64.0,64.1,8.1,7.6,216.8,204.3,1018.2,1018.2,807.86,311.99,2225.62,31.3948,9.6355,166.0,52.8,1484.201, NAN, NAN, NAN, NAN,,2024/04/14 15:12:48.752,2024-04-14 15:12:48.752000+00:00
2024/04/14, 15:13:48.752,37.629,-74.717,11.68,209.75,211.56,11.74,12.4,12.4,1016.1,1016.1,0.0,0.0,85.09,78.49,4,359,14.1,13.6,64.4,64.5,8.1,7.6,214.7,205.8,1018.2,1018.2,819.1,311.77,2228.79,31.3987,9.6413,165.1,52.7,1484.227, NAN, NAN, NAN, NAN,,2024/04/14 15:13:48.752,2024-04-14 15:13:48.752000+00:00
2024/04/14, 15:14:48.752,37.626,-74.72,11.72,209.35,212.34,11.61,12.3,12.4,1016.0,1016.1,0.0,0.0,85.09,78.49,5,359,14.2,13.6,64.6,64.7,8.2,7.7,215.9,205.4,1018.1,1018.2,821.54,311.69,2230.67,31.4017,9.6363,164.1,52.9,1484.212, NAN, NAN, NAN, NAN,,2024/04/14 15:14:48.752,2024-04-14 15:14:48.752000+00:00
2024/04/14, 15:15:48.752,37.623,-74.722,11.73,209.66,212.13,11.74,12.3,12.4,1016.0,1016.1,0.0,0.0,85.09,78.49,4,359,14.1,13.9,65.2,65.1,8.1,7.9,214.4,205.6,1018.1,1018.2,824.07,311.54,2230.02,31.4047,9.6285,165.6,53.0,1484.187, NAN, NAN, NAN, NAN,,2024/04/14 15:15:48.752,2024-04-14 15:15:48.752000+00:00
2024/04/14, 15:16:48.753,37.62,-74.724,11.77,209.41,211.32,11.71,12.3,12.3,1016.0,1016.1,0.0,0.0,85.09,78.49,6,0,14.2,13.8,65.2,65.2,8.2,7.8,217.7,207.2,1018.1,1018.2,831.69,311.52,2231.06,31.4075,9.6316,165.4,52.7,1484.202, NAN, NAN, NAN, NAN,,2024/04/14 15:16:48.753,2024-04-14 15:16:48.753000+00:00
2024/04/14, 15:17:48.753,37.618,-74.726,11.78,209.92,213.42,11.82,12.3,12.3,1015.9,1016.1,0.0,0.0,85.09,78.49,5,0,14.1,13.7,65.7,65.6,8.0,7.6,216.2,207.3,1018.0,1018.2,834.74,311.27,2230.34,31.4094,9.6353,163.6,52.9,1484.218, NAN, NAN, NAN, NAN,,2024/04/14 15:17:48.753,2024-04-14 15:17:48.753000+00:00
2024/04/14, 15:18:48.753,37.615,-74.729,11.81,209.63,212.53,11.78,12.3,12.3,1016.0,1016.1,0.0,0.0,85.09,78.49,5,0,14.1,13.7,65.8,65.8,8.1,7.7,216.1,207.2,1018.1,1018.2,838.86,311.41,2229.64,31.4129,9.6358,164.8,53.0,1484.224, NAN, NAN, NAN, NAN,,2024/04/14 15:18:48.753,2024-04-14 15:18:48.753000+00:00
2024/04/14, 15:19:48.753,37.612,-74.731,11.73,210.34,213.84,11.63,12.3,12.3,1016.1,1016.1,0.0,0.0,85.09,78.49,5,0,14.1,13.6,66.0,65.9,8.1,7.6,216.8,208.0,1018.2,1018.2,841.35,311.64,2229.9,31.4164,9.6139,164.4,52.8,1484.148, NAN, NAN, NAN, NAN,,2024/04/14 15:19:48.753,2024-04-14 15:19:48.753000+00:00
2024/04/14, 15:20:48.753,37.609,-74.733,11.74,209.33,212.44,11.76,12.3,12.3,1016.0,1016.1,0.0,0.0,85.09,78.49,5,0,14.0,13.6,65.4,65.7,8.0,7.6,215.8,206.9,1018.1,1018.2,846.33,311.52,2230.1,31.4205,9.5754,164.1,52.9,1484.012, NAN, NAN, NAN, NAN,,2024/04/14 15:20:48.753,2024-04-14 15:20:48.753000+00:00
2024/04/14, 15:21:48.753,37.607,-74.735,11.68,210.34,212.47,11.58,12.3,12.4,1016.0,1015.9,0.0,0.0,85.09,78.49,4,359,14.2,13.8,65.5,65.5,8.3,7.9,216.1,207.4,1018.1,1018.0,855.34,311.71,2231.09,31.4384,9.4634,162.9,53.0,1483.623, NAN, NAN, NAN, NAN,,2024/04/14 15:21:48.753,2024-04-14 15:21:48.753000+00:00
2024/04/14, 15:22:48.753,37.604,-74.737,11.72,210.29,211.15,11.62,12.4,12.4,1016.0,1016.0,0.0,0.0,85.09,78.49,5,359,14.4,13.9,64.9,65.1,8.4,7.9,218.0,207.6,1018.1,1018.1,856.74,311.3,2230.66,31.4728,9.3804,162.3,52.9,1483.36, NAN, NAN, NAN, NAN,,2024/04/14 15:22:48.753,2024-04-14 15:22:48.753000+00:00
2024/04/14, 15:23:48.753,37.601,-74.739,11.79,209.8,213.85,11.67,12.4,12.4,1016.0,1016.0,0.0,0.0,85.09,78.49,5,359,14.7,14.0,65.0,65.1,8.7,8.0,216.1,205.7,1018.1,1018.1,856.98,311.65,2231.02,31.5088,9.371,165.1,52.6,1483.369, NAN, NAN, NAN, NAN,,2024/04/14 15:23:48.753,2024-04-14 15:23:48.753000+00:00
2024/04/14, 15:24:48.753,37.599,-74.742,11.73,208.94,210.21,11.59,12.4,12.4,1016.0,1016.0,0.0,0.0,85.09,78.49,5,359,14.4,14.1,64.8,64.8,8.5,8.2,215.8,205.5,1018.1,1018.1,867.56,311.49,2230.79,31.5326,9.3806,167.5,52.7,1483.433, NAN, NAN, NAN, NAN,,2024/04/14 15:24:48.753,2024-04-14 15:24:48.753000+00:00
2024/04/14, 15:25:48.753,37.596,-74.744,11.79,209.41,211.11,11.62,12.5,12.5,1015.9,1015.9,0.0,0.0,85.09,78.49,5,359,14.4,13.9,64.9,65.0,8.4,7.9,216.3,205.9,1018.0,1018.0,863.39,311.57,2230.93,31.5498,9.3972,169.3,52.5,1483.515, NAN, NAN, NAN, NAN,,2024/04/14 15:25:48.753,2024-04-14 15:25:48.753000+00:00
2024/04/14, 15:26:48.753,37.593,-74.746,11.83,209.72,211.32,11.66,12.4,12.5,1015.9,1016.0,0.0,0.0,85.09,78.49,6,0,14.5,14.0,65.1,65.2,8.5,8.0,218.3,207.9,1018.0,1018.1,869.66,311.47,2230.95,31.5608,9.4138,170.5,52.6,1483.59, NAN, NAN, NAN, NAN,,2024/04/14 15:26:48.753,2024-04-14 15:26:48.753000+00:00
2024/04/14, 15:27:48.753,37.59,-74.748,11.94,209.47,212.17,11.68,12.4,12.5,1016.0,1016.0,0.0,0.0,85.09,78.49,6,0,14.6,14.3,65.2,65.2,8.6,8.3,217.7,207.4,1018.1,1018.1,870.96,311.58,2231.16,31.5667,9.4193,171.2,52.8,1483.617, NAN, NAN, NAN, NAN,,2024/04/14 15:27:48.753,2024-04-14 15:27:48.753000+00:00
2024/04/14, 15:28:48.753,37.588,-74.75,11.82,209.56,211.57,11.62,12.5,12.5,1016.1,1016.0,0.0,0.0,85.09,78.49,5,0,14.7,14.3,64.9,64.9,8.7,8.3,216.3,207.8,1018.2,1018.1,877.02,312.28,2231.0,31.5692,9.4529,171.2,53.0,1483.744, NAN, NAN, NAN, NAN,,2024/04/14 15:28:48.753,2024-04-14 15:28:48.753000+00:00
2024/04/14, 15:29:48.753,37.585,-74.752,11.8,209.92,213.09,11.59,12.5,12.5,1015.9,1016.1,0.0,0.0,85.09,78.49,6,0,14.5,13.9,64.2,64.4,8.6,8.0,217.8,207.5,1018.0,1018.2,874.46,312.05,2230.27,31.572,9.5208,170.5,52.8,1483.997, NAN, NAN, NAN, NAN,,2024/04/14 15:29:48.753,2024-04-14 15:29:48.753000+00:00
2024/04/14, 15:30:48.753,37.582,-74.754,11.66,208.87,210.29,11.62,12.5,12.5,1015.9,1016.1,0.0,0.0,85.09,78.49,5,0,14.5,14.3,63.5,63.6,8.5,8.3,215.9,207.3,1018.0,1018.2,882.71,312.31,2229.73,31.5734,9.5712,171.2,52.9,1484.183, NAN, NAN, NAN, NAN,,2024/04/14 15:30:48.753,2024-04-14 15:30:48.753000+00:00
2024/04/14, 15:31:48.753,37.579,-74.757,11.73,209.78,211.82,11.45,12.6,12.6,1015.9,1016.1,0.0,0.0,85.09,78.49,5,359,14.7,14.2,63.3,63.3,8.8,8.3,216.6,206.5,1018.0,1018.2,884.8,312.14,2229.28,31.571,9.6084,170.0,53.0,1484.317, NAN, NAN, NAN, NAN,,2024/04/14 15:31:48.753,2024-04-14 15:31:48.753000+00:00
2024/04/14, 15:32:48.754,37.577,-74.759,11.8,209.57,211.54,11.58,12.6,12.6,1016.0,1016.0,0.0,0.0,85.09,78.49,5,359,14.3,13.9,62.7,62.8,8.4,8.0,216.5,206.2,1018.1,1018.1,890.18,312.21,2228.75,31.5675,9.629,169.0,53.1,1484.388, NAN, NAN, NAN, NAN,,2024/04/14 15:32:48.754,2024-04-14 15:32:48.754000+00:00
2024/04/14, 15:33:48.754,37.574,-74.761,11.83,209.23,211.64,11.51,12.7,12.7,1015.9,1016.1,0.0,0.0,85.09,78.49,4,359,15.1,14.6,62.8,62.8,9.2,8.7,214.5,206.2,1018.0,1018.2,891.45,312.59,2228.41,31.5638,9.6591,168.8,52.8,1484.493, NAN, NAN, NAN, NAN,,2024/04/14 15:33:48.754,2024-04-14 15:33:48.754000+00:00
2024/04/14, 15:34:48.754,37.571,-74.763,11.81,208.22,211.47,11.57,12.7,12.7,1016.0,1016.1,0.0,0.0,85.09,78.49,5,0,14.8,14.1,61.4,61.5,8.9,8.2,214.7,206.2,1018.1,1018.2,892.26,312.46,2230.12,31.5592,9.6758,169.3,52.9,1484.549, NAN, NAN, NAN, NAN,,2024/04/14 15:34:48.754,2024-04-14 15:34:48.754000+00:00
2024/04/14, 15:35:48.754,37.568,-74.765,11.84,203.36,206.06,11.44,12.8,12.8,1015.9,1016.0,0.0,0.0,85.09,78.49,8,1,14.6,14.0,61.6,61.7,8.8,8.1,215.1,203.3,1018.0,1018.1,887.09,312.54,2231.59,31.5535,9.7017,170.0,53.0,1484.636, NAN, NAN, NAN, NAN,,2024/04/14 15:35:48.754,2024-04-14 15:35:48.754000+00:00
2024/04/14, 15:36:48.754,37.566,-74.767,11.79,204.95,207.81,11.42,12.8,12.8,1015.9,1016.0,0.0,0.0,85.09,78.49,7,2,15.0,14.4,61.7,61.8,9.2,8.5,214.9,206.7,1018.0,1018.1,894.41,312.48,2231.42,31.5437,9.7739,170.3,51.4,1484.888, NAN, NAN, NAN, NAN,,2024/04/14 15:36:48.754,2024-04-14 15:36:48.754000+00:00
2024/04/14, 15:37:48.754,37.563,-74.768,11.56,202.55,204.69,11.15,12.8,12.8,1016.0,1015.9,0.0,0.0,85.09,78.49,9,5,15.2,14.6,61.8,61.8,9.5,8.9,215.5,209.3,1018.1,1018.0,897.93,312.82,2233.0,31.5347,9.878,169.6,52.9,1485.256, NAN, NAN, NAN, NAN,,2024/04/14 15:37:48.754,2024-04-14 15:37:48.754000+00:00
2024/04/14, 15:38:48.754,37.56,-74.77,11.64,198.9,200.21,11.29,12.8,12.8,1015.9,1016.0,0.0,0.0,85.09,78.49,11,5,15.3,14.8,61.8,61.7,9.6,9.0,215.3,205.8,1018.0,1018.1,900.68,313.03,2233.55,31.524,9.9402,168.8,53.0,1485.469, NAN, NAN, NAN, NAN,,2024/04/14 15:38:48.754,2024-04-14 15:38:48.754000+00:00
2024/04/14, 15:39:48.754,37.557,-74.771,11.66,197.08,196.32,11.27,12.8,12.8,1015.8,1016.0,0.0,0.0,85.09,78.49,12,7,15.5,14.7,61.1,61.2,9.9,9.0,215.9,208.4,1017.9,1018.1,908.23,313.13,2234.44,31.5202,9.9862,169.0,53.2,1485.631, NAN, NAN, NAN, NAN,,2024/04/14 15:39:48.754,2024-04-14 15:39:48.754000+00:00
2024/04/14, 15:40:48.754,37.554,-74.772,11.71,197.79,199.76,11.28,12.9,12.9,1015.9,1015.9,0.0,0.0,85.09,78.49,12,6,15.7,15.2,61.3,61.3,10.1,9.4,215.9,206.6,1018.0,1018.0,909.33,312.99,2234.28,31.5133,10.0453,169.6,53.2,1485.837, NAN, NAN, NAN, NAN,,2024/04/14 15:40:48.754,2024-04-14 15:40:48.754000+00:00
2024/04/14, 15:41:48.754,37.551,-74.773,11.62,193.32,193.34,11.34,12.9,12.9,1015.8,1015.9,0.0,0.0,85.09,78.49,14,9,15.2,14.6,61.0,61.1,9.6,8.9,215.3,207.8,1017.9,1018.0,912.03,312.75,2236.22,31.5084,10.0832,171.2,53.2,1485.968, NAN, NAN, NAN, NAN,,2024/04/14 15:41:48.754,2024-04-14 15:41:48.754000+00:00
2024/04/14, 15:42:48.754,37.548,-74.775,11.67,194.96,196.6,11.31,12.9,12.9,1015.8,1015.9,0.0,0.0,85.09,78.49,13,8,15.7,15.0,60.7,60.9,10.1,9.2,214.6,207.1,1017.9,1018.0,915.78,313.06,2236.43,31.502,10.1228,170.8,53.4,1486.104, NAN, NAN, NAN, NAN,,2024/04/14 15:42:48.754,2024-04-14 15:42:48.754000+00:00
2024/04/14, 15:43:48.754,37.545,-74.776,11.63,192.4,193.74,11.3,12.9,12.9,1015.9,1016.0,0.0,0.0,85.09,78.49,16,11,15.9,15.0,61.1,61.1,10.4,9.3,216.4,209.2,1018.0,1018.1,915.07,312.95,2238.05,31.4901,10.1606,170.3,52.7,1486.226, NAN, NAN, NAN, NAN,,2024/04/14 15:43:48.754,2024-04-14 15:43:48.754000+00:00
2024/04/14, 15:44:48.754,37.542,-74.776,11.56,189.1,190.39,11.24,12.9,12.9,1015.8,1015.9,0.0,0.0,85.09,78.49,18,13,15.7,14.7,61.0,61.1,10.3,9.1,216.6,209.7,1017.9,1018.0,926.99,313.32,2239.17,31.4733,10.1759,169.0,53.0,1486.261, NAN, NAN, NAN, NAN,,2024/04/14 15:44:48.754,2024-04-14 15:44:48.754000+00:00
2024/04/14, 15:45:48.754,37.539,-74.777,11.69,190.04,192.42,11.33,12.9,12.9,1015.8,1015.9,0.0,0.0,85.09,78.49,16,12,15.9,15.1,60.1,60.5,10.4,9.4,214.1,208.5,1017.9,1018.0,928.33,313.23,2238.99,31.447,10.2248,169.3,53.1,1486.405, NAN, NAN, NAN, NAN,,2024/04/14 15:45:48.754,2024-04-14 15:45:48.754000+00:00
2024/04/14, 15:46:48.754,37.536,-74.778,11.7,189.81,191.27,11.38,13.0,13.0,1015.8,1015.9,0.0,0.0,85.09,78.49,17,11,15.9,14.4,59.8,59.6,10.4,8.7,215.5,207.2,1017.9,1018.0,930.37,313.14,2239.14,31.4204,10.2827,169.0,53.1,1486.582, NAN, NAN, NAN, NAN,,2024/04/14 15:46:48.754,2024-04-14 15:46:48.754000+00:00
2024/04/14, 15:47:48.754,37.533,-74.779,11.77,189.17,191.01,11.38,13.0,13.0,1015.7,1015.9,0.0,0.0,85.09,78.49,17,11,15.7,15.1,59.9,59.9,10.2,9.4,215.1,206.2,1017.8,1018.0,934.18,313.48,2239.67,31.402,10.3129,168.8,53.3,1486.668, NAN, NAN, NAN, NAN,,2024/04/14 15:47:48.754,2024-04-14 15:47:48.754000+00:00
2024/04/14, 15:48:48.755,37.529,-74.779,11.76,189.41,191.1,11.32,13.0,13.0,1015.8,1015.8,0.0,0.0,85.09,78.49,17,11,15.8,14.8,59.8,60.0,10.3,9.1,214.8,206.2,1017.9,1017.9,936.03,312.85,2239.79,31.3798,10.3449,168.8,53.3,1486.756, NAN, NAN, NAN, NAN,,2024/04/14 15:48:48.755,2024-04-14 15:48:48.755000+00:00
2024/04/14, 15:49:48.755,37.526,-74.78,11.78,189.78,190.04,11.4,13.0,13.0,1015.8,1015.8,0.0,0.0,85.09,78.49,16,11,16.3,15.3,60.2,60.2,10.7,9.6,213.8,206.8,1017.9,1017.9,937.79,312.81,2239.77,31.3623,10.3764,168.8,53.2,1486.848, NAN, NAN, NAN, NAN,,2024/04/14 15:49:48.755,2024-04-14 15:49:48.755000+00:00
2024/04/14, 15:50:48.755,37.523,-74.781,11.75,189.54,190.77,11.46,13.0,13.0,1016.0,1015.9,0.0,0.0,85.09,78.49,17,12,15.1,14.7,60.1,60.0,9.5,9.0,215.9,208.2,1018.1,1018.0,943.03,312.82,2239.84,31.3552,10.4033,170.0,53.3,1486.936, NAN, NAN, NAN, NAN,,2024/04/14 15:50:48.755,2024-04-14 15:50:48.755000+00:00
2024/04/14, 15:51:48.755,37.52,-74.782,11.7,189.71,192.03,11.21,12.9,13.0,1015.8,1015.9,0.0,0.0,85.09,78.49,17,11,15.9,15.0,60.7,60.8,10.5,9.4,215.2,206.5,1017.9,1018.0,943.6,312.69,2240.14,31.3489,10.4433,171.5,53.4,1487.072, NAN, NAN, NAN, NAN,,2024/04/14 15:51:48.755,2024-04-14 15:51:48.755000+00:00
2024/04/14, 15:52:48.755,37.517,-74.782,11.7,189.75,192.06,11.35,12.9,13.0,1015.7,1015.9,0.0,0.0,85.09,78.49,17,11,15.8,15.1,60.5,60.5,10.3,9.4,215.3,206.5,1017.8,1018.0,945.33,312.64,2240.43,31.3362,10.4931,170.5,53.4,1487.235, NAN, NAN, NAN, NAN,,2024/04/14 15:52:48.755,2024-04-14 15:52:48.755000+00:00
2024/04/14, 15:53:48.755,37.514,-74.783,11.74,189.14,190.11,11.39,12.9,13.0,1015.8,1015.9,0.0,0.0,85.09,78.49,17,12,15.4,14.8,60.4,60.5,9.9,9.1,215.2,207.8,1017.9,1018.0,947.55,312.81,2240.69,31.3333,10.5208,169.6,53.4,1487.331, NAN, NAN, NAN, NAN,,2024/04/14 15:53:48.755,2024-04-14 15:53:48.755000+00:00
2024/04/14, 15:54:48.755,37.511,-74.784,11.7,190.07,191.23,11.43,12.9,13.0,1015.8,1015.9,0.0,0.0,85.09,78.49,16,11,16.1,15.3,61.1,61.2,10.5,9.6,214.0,206.8,1017.9,1018.0,947.69,312.74,2241.21,31.1569,10.5352,169.0,53.4,1487.169, NAN, NAN, NAN, NAN,,2024/04/14 15:54:48.755,2024-04-14 15:54:48.755000+00:00
2024/04/14, 15:55:48.755,37.508,-74.785,11.79,190.05,190.82,11.44,12.9,13.0,1015.8,1015.9,0.0,0.0,85.09,78.49,17,12,16.1,14.8,60.8,60.6,10.6,9.1,215.9,209.2,1017.9,1018.0,951.4,312.65,2241.22,31.3375,10.5497,170.0,53.5,1487.44, NAN, NAN, NAN, NAN,,2024/04/14 15:55:48.755,2024-04-14 15:55:48.755000+00:00
2024/04/14, 15:56:48.755,37.505,-74.786,11.82,190.14,192.55,11.38,12.9,13.0,1015.8,1015.8,0.0,0.0,85.09,78.49,16,11,16.1,15.2,60.4,60.5,10.5,9.5,214.0,206.8,1017.9,1017.9,954.82,312.68,2241.53,31.3352,10.5596,170.8,53.5,1487.472, NAN, NAN, NAN, NAN,,2024/04/14 15:56:48.755,2024-04-14 15:56:48.755000+00:00
2024/04/14, 15:57:48.755,37.502,-74.786,11.83,190.02,191.9,11.39,12.9,13.0,1015.8,1015.9,0.0,0.0,85.09,78.49,17,12,16.2,15.5,61.3,61.2,10.7,9.8,215.3,208.1,1017.9,1018.0,955.26,312.38,2241.66,31.3313,10.5562,170.8,53.5,1487.455, NAN, NAN, NAN, NAN,,2024/04/14 15:57:48.755,2024-04-14 15:57:48.755000+00:00
2024/04/14, 15:58:48.755,37.498,-74.787,11.86,190.07,190.35,11.36,12.9,12.9,1015.7,1015.9,0.0,0.0,85.09,78.49,16,10,16.2,15.4,61.0,61.2,10.7,9.7,214.4,205.7,1017.8,1018.0,956.08,312.42,2241.52,31.3318,10.5595,171.2,53.6,1487.468, NAN, NAN, NAN, NAN,,2024/04/14 15:58:48.755,2024-04-14 15:58:48.755000+00:00
2024/04/14, 15:59:48.755,37.495,-74.788,11.85,190.06,190.08,11.4,12.9,12.9,1015.7,1015.9,0.0,0.0,85.09,78.49,16,10,16.4,15.4,61.0,60.8,10.9,9.7,214.3,205.7,1017.8,1018.0,958.35,312.45,2241.98,31.3295,10.5666,171.5,53.6,1487.49, NAN, NAN, NAN, NAN,,2024/04/14 15:59:48.755,2024-04-14 15:59:48.755000+00:00
2024/04/14, 16:00:48.755,37.492,-74.789,11.76,189.45,189.8,11.44,12.9,12.9,1015.7,1015.8,0.0,0.0,85.09,78.49,16,11,16.3,15.4,60.9,60.9,10.7,9.7,213.7,206.7,1017.8,1017.9,959.17,312.5,2241.83,31.3242,10.564,171.2,53.6,1487.475, NAN, NAN, NAN, NAN,,2024/04/14 16:00:48.755,2024-04-14 16:00:48.755000+00:00
2024/04/14, 16:01:48.755,37.489,-74.789,11.78,190.13,191.36,11.49,12.9,12.9,1015.7,1015.8,0.0,0.0,85.09,78.49,16,10,16.0,15.0,61.3,60.9,10.4,9.2,214.4,205.7,1017.8,1017.9,960.35,312.58,2241.73,31.3164,10.5641,172.0,53.6,1487.466, NAN, NAN, NAN, NAN,,2024/04/14 16:01:48.755,2024-04-14 16:01:48.755000+00:00
2024/04/14, 16:02:48.755,37.486,-74.79,11.8,189.48,191.58,11.57,12.9,12.9,1015.8,1015.8,0.0,0.0,85.09,78.49,15,10,15.9,15.2,61.8,61.7,10.2,9.4,212.1,204.7,1017.9,1017.9,962.1,312.14,2242.0,31.3163,10.5839,171.2,53.7,1487.536, NAN, NAN, NAN, NAN,,2024/04/14 16:02:48.755,2024-04-14 16:02:48.755000+00:00
2024/04/14, 16:03:48.755,37.483,-74.791,11.8,189.77,190.95,11.5,12.9,12.9,1015.8,1015.9,0.0,0.0,85.09,78.49,15,10,15.8,14.8,61.7,61.6,10.2,9.0,212.7,205.5,1017.9,1018.0,963.75,312.31,2242.33,31.3122,10.6267,171.8,53.4,1487.684, NAN, NAN, NAN, NAN,,2024/04/14 16:03:48.755,2024-04-14 16:03:48.755000+00:00
2024/04/14, 16:04:48.756,37.48,-74.792,11.89,190.19,191.21,11.53,12.9,12.9,1015.8,1015.9,0.0,0.0,85.09,78.49,15,10,15.7,14.8,61.8,61.8,10.1,9.0,213.5,206.3,1017.9,1018.0,963.53,312.38,2242.39,31.3097,10.6474,171.8,53.5,1487.755, NAN, NAN, NAN, NAN,,2024/04/14 16:04:48.756,2024-04-14 16:04:48.756000+00:00
2024/04/14, 16:05:48.756,37.477,-74.792,11.9,190.03,192.67,11.5,12.9,12.9,1015.8,1015.8,0.0,0.0,85.09,78.49,15,9,16.0,14.8,61.5,61.8,10.3,9.0,212.2,203.4,1017.9,1017.9,964.22,312.15,2242.47,31.3083,10.6384,172.0,53.4,1487.721, NAN, NAN, NAN, NAN,,2024/04/14 16:05:48.756,2024-04-14 16:05:48.756000+00:00
2024/04/14, 16:06:48.756,37.473,-74.793,11.94,189.73,190.81,11.66,12.8,12.9,1015.8,1015.9,0.0,0.0,85.09,78.49,15,9,16.0,15.4,62.0,62.0,10.3,9.5,212.8,203.8,1017.9,1018.0,964.75,312.15,2243.07,31.3086,10.6556,172.0,53.5,1487.783, NAN, NAN, NAN, NAN,,2024/04/14 16:06:48.756,2024-04-14 16:06:48.756000+00:00
2024/04/14, 16:07:48.756,37.47,-74.794,12.0,190.03,192.26,11.52,12.9,12.9,1015.7,1016.0,0.0,0.0,85.09,78.49,14,9,15.7,15.5,61.5,61.4,10.0,9.7,211.2,203.4,1017.8,1018.1,964.59,312.13,2243.29,31.3118,10.6712,173.0,53.6,1487.843, NAN, NAN, NAN, NAN,,2024/04/14 16:07:48.756,2024-04-14 16:07:48.756000+00:00
2024/04/14, 16:08:48.756,37.467,-74.795,11.96,189.62,190.98,11.61,12.8,12.9,1015.8,1015.8,0.0,0.0,85.09,78.49,14,9,16.0,15.2,61.9,61.8,10.2,9.3,210.8,203.3,1017.9,1017.9,966.21,312.14,2243.45,31.3097,10.68,172.4,53.6,1487.871, NAN, NAN, NAN, NAN,,2024/04/14 16:08:48.756,2024-04-14 16:08:48.756000+00:00
2024/04/14, 16:09:48.756,37.464,-74.796,12.02,189.74,190.97,11.66,12.8,12.9,1015.8,1015.9,0.0,0.0,85.09,78.49,14,9,15.6,14.9,61.6,61.8,9.8,9.0,211.3,203.8,1017.9,1018.0,965.95,312.44,2243.29,31.3057,10.6649,172.7,53.6,1487.813, NAN, NAN, NAN, NAN,,2024/04/14 16:09:48.756,2024-04-14 16:09:48.756000+00:00
2024/04/14, 16:10:48.756,37.461,-74.796,12.01,190.64,192.55,11.53,12.8,12.9,1015.7,1015.9,0.0,0.0,85.09,78.49,13,8,15.8,15.1,61.6,61.8,10.1,9.2,210.7,203.1,1017.8,1018.0,967.48,312.53,2243.19,31.3003,10.6219,172.4,53.6,1487.653, NAN, NAN, NAN, NAN,,2024/04/14 16:10:48.756,2024-04-14 16:10:48.756000+00:00
2024/04/14, 16:11:48.756,37.458,-74.797,12.08,189.97,191.74,11.52,12.9,12.9,1015.8,1015.9,0.0,0.0,85.09,78.49,14,8,15.7,15.2,61.4,61.3,10.0,9.4,211.6,202.4,1017.9,1018.0,967.42,312.73,2243.52,31.2939,10.584,171.8,53.5,1487.509, NAN, NAN, NAN, NAN,,2024/04/14 16:11:48.756,2024-04-14 16:11:48.756000+00:00
2024/04/14, 16:12:48.756,37.454,-74.798,12.04,189.38,191.34,11.67,12.9,12.9,1015.8,1015.8,0.0,0.0,85.09,78.49,14,8,16.0,15.3,61.7,61.6,10.2,9.4,210.3,201.1,1017.9,1017.9,968.33,312.42,2243.76,31.287,10.5685,171.2,53.5,1487.446, NAN, NAN, NAN, NAN,,2024/04/14 16:12:48.756,2024-04-14 16:12:48.756000+00:00
2024/04/14, 16:13:48.756,37.451,-74.799,11.99,189.39,190.93,11.54,12.9,12.9,1015.7,1015.9,0.0,0.0,85.09,78.49,13,8,15.4,14.4,61.4,61.9,9.7,8.5,209.4,201.8,1017.8,1018.0,968.3,312.32,2243.91,31.2857,10.5909,171.8,53.5,1487.524, NAN, NAN, NAN, NAN,,2024/04/14 16:13:48.756,2024-04-14 16:13:48.756000+00:00
2024/04/14, 16:14:48.756,37.448,-74.799,11.99,189.33,190.12,11.64,12.9,12.9,1015.8,1015.8,0.0,0.0,85.09,78.49,13,8,15.7,14.6,61.7,61.8,9.9,8.7,209.4,202.0,1017.9,1017.9,968.47,312.2,2243.85,31.2918,10.6172,171.8,53.4,1487.626, NAN, NAN, NAN, NAN,,2024/04/14 16:14:48.756,2024-04-14 16:14:48.756000+00:00
2024/04/14, 16:15:48.756,37.445,-74.8,11.99,189.72,189.21,11.48,12.8,12.9,1015.7,1015.8,0.0,0.0,85.09,78.49,14,8,16.7,15.5,61.6,61.8,11.0,9.7,210.8,202.2,1017.8,1017.9,968.47,312.22,2243.89,31.2908,10.628,171.5,53.5,1487.663, NAN, NAN, NAN, NAN,,2024/04/14 16:15:48.756,2024-04-14 16:15:48.756000+00:00
2024/04/14, 16:16:48.756,37.442,-74.801,11.96,189.72,191.78,11.51,12.8,12.9,1015.7,1015.7,0.0,0.0,85.09,78.49,13,7,15.5,14.8,61.8,61.8,9.7,8.9,209.0,199.6,1017.8,1017.8,968.86,312.28,2243.44,31.2881,10.6293,171.8,53.5,1487.664, NAN, NAN, NAN, NAN,,2024/04/14 16:16:48.756,2024-04-14 16:16:48.756000+00:00
2024/04/14, 16:17:48.756,37.439,-74.802,11.91,189.51,190.78,11.61,12.8,12.8,1015.7,1015.6,0.0,0.0,85.09,78.49,13,7,16.0,15.2,62.4,62.8,10.2,9.3,209.3,200.1,1017.8,1017.7,969.75,312.1,2244.22,31.2868,10.6344,171.2,53.5,1487.681, NAN, NAN, NAN, NAN,,2024/04/14 16:17:48.756,2024-04-14 16:17:48.756000+00:00
2024/04/14, 16:18:48.756,37.436,-74.803,11.93,189.84,190.22,11.5,12.8,12.8,1015.5,1015.7,0.0,0.0,85.09,78.49,13,8,16.5,15.9,61.6,62.7,10.8,10.1,209.2,201.8,1017.6,1017.8,971.0,312.69,2244.56,31.2864,10.6284,170.5,53.6,1487.659, NAN, NAN, NAN, NAN,,2024/04/14 16:18:48.756,2024-04-14 16:18:48.756000+00:00
2024/04/14, 16:19:48.757,37.432,-74.803,11.93,189.26,190.59,11.48,12.8,12.9,1015.5,1015.8,0.0,0.0,85.09,78.49,13,8,16.0,15.1,61.8,61.9,10.3,9.3,209.1,201.7,1017.6,1017.9,969.06,312.43,2245.32,31.2859,10.61,170.8,53.6,1487.593, NAN, NAN, NAN, NAN,,2024/04/14 16:19:48.757,2024-04-14 16:19:48.757000+00:00
2024/04/14, 16:20:48.757,37.429,-74.804,11.93,190.27,191.93,11.44,12.8,12.9,1015.7,1015.7,0.0,0.0,85.09,78.49,13,7,16.8,15.2,62.0,62.0,11.1,9.4,209.3,200.7,1017.8,1017.8,970.18,312.34,2244.99,31.2891,10.6185,170.8,53.3,1487.627, NAN, NAN, NAN, NAN,,2024/04/14 16:20:48.757,2024-04-14 16:20:48.757000+00:00
2024/04/14, 16:21:48.757,37.426,-74.805,11.89,190.47,191.17,11.5,12.8,12.8,1015.5,1015.7,0.0,0.0,85.09,78.49,13,7,16.5,15.6,61.6,61.8,10.8,9.7,209.7,200.8,1017.6,1017.8,971.52,312.27,2245.18,31.2984,10.6437,172.0,53.2,1487.728, NAN, NAN, NAN, NAN,,2024/04/14 16:21:48.757,2024-04-14 16:21:48.757000+00:00
2024/04/14, 16:22:48.757,37.423,-74.806,11.87,190.08,192.4,11.4,12.8,12.9,1015.7,1015.8,0.0,0.0,85.09,78.49,13,8,16.3,15.0,61.8,61.7,10.6,9.2,209.1,201.9,1017.8,1017.9,972.55,312.46,2245.43,31.3034,10.6465,171.8,53.2,1487.744, NAN, NAN, NAN, NAN,,2024/04/14 16:22:48.757,2024-04-14 16:22:48.757000+00:00
2024/04/14, 16:23:48.757,37.42,-74.807,11.9,190.04,192.57,11.56,12.8,12.8,1015.7,1015.7,0.0,0.0,85.09,78.49,13,8,16.4,15.7,62.5,62.6,10.6,9.8,209.5,202.0,1017.8,1017.8,971.5,312.44,2245.7,31.3083,10.6439,171.2,53.5,1487.741, NAN, NAN, NAN, NAN,,2024/04/14 16:23:48.757,2024-04-14 16:23:48.757000+00:00
2024/04/14, 16:24:48.757,37.417,-74.807,11.73,190.58,189.86,11.25,12.8,12.8,1015.5,1015.7,0.0,0.0,85.09,78.49,13,6,16.7,14.9,62.2,62.7,11.1,9.2,210.0,200.0,1017.6,1017.8,973.52,311.94,2245.06,31.3151,10.6062,171.2,53.5,1487.614, NAN, NAN, NAN, NAN,,2024/04/14 16:24:48.757,2024-04-14 16:24:48.757000+00:00
2024/04/14, 16:25:48.757,37.414,-74.808,11.77,194.02,197.1,11.25,12.8,12.8,1015.5,1015.5,0.0,0.0,85.09,78.49,10,5,15.7,15.6,62.6,62.7,10.0,9.8,208.8,200.9,1017.6,1017.6,977.94,312.35,2244.78,31.3211,10.5793,170.8,53.5,1487.526, NAN, NAN, NAN, NAN,,2024/04/14 16:25:48.757,2024-04-14 16:25:48.757000+00:00
2024/04/14, 16:26:48.757,37.411,-74.809,11.76,192.25,194.56,11.33,12.8,12.8,1015.5,1015.7,0.0,0.0,85.09,78.49,12,7,16.4,15.7,63.0,62.9,10.7,9.9,209.8,202.4,1017.6,1017.8,975.37,312.47,2245.57,31.3403,10.5915,170.8,53.2,1487.592, NAN, NAN, NAN, NAN,,2024/04/14 16:26:48.757,2024-04-14 16:26:48.757000+00:00
2024/04/14, 16:27:48.757,37.408,-74.81,11.74,186.2,188.06,11.3,12.8,12.8,1015.5,1015.7,0.0,0.0,85.09,78.49,15,9,16.1,15.1,62.7,62.9,10.5,9.4,208.2,199.4,1017.6,1017.8,972.32,312.24,2246.47,31.3603,10.562,171.5,53.3,1487.511, NAN, NAN, NAN, NAN,,2024/04/14 16:27:48.757,2024-04-14 16:27:48.757000+00:00
2024/04/14, 16:28:48.757,37.404,-74.811,11.71,194.48,196.64,11.42,12.8,12.8,1015.7,1015.7,0.0,0.0,85.09,78.49,11,6,16.0,15.4,62.8,62.7,10.2,9.6,210.6,202.9,1017.8,1017.8,978.66,312.32,2245.52,31.3756,10.5091,171.2,53.2,1487.34, NAN, NAN, NAN, NAN,,2024/04/14 16:28:48.757,2024-04-14 16:28:48.757000+00:00
2024/04/14, 16:29:48.757,37.401,-74.812,11.82,193.62,197.49,11.26,12.8,12.8,1015.6,1015.6,0.0,0.0,85.09,78.49,9,4,15.8,15.5,63.0,63.1,10.1,9.7,205.7,197.8,1017.7,1017.7,980.97,312.05,2245.25,31.3883,10.5365,171.2,53.4,1487.454, NAN, NAN, NAN, NAN,,2024/04/14 16:29:48.757,2024-04-14 16:29:48.757000+00:00
2024/04/14, 16:30:48.757,37.398,-74.813,11.82,193.48,195.6,11.4,12.7,12.8,1015.5,1015.6,0.0,0.0,85.09,78.49,11,5,15.7,15.2,63.0,63.0,10.0,9.4,210.1,200.8,1017.6,1017.7,978.89,312.42,2246.18,31.4071,10.5492,171.2,53.3,1487.522, NAN, NAN, NAN, NAN,,2024/04/14 16:30:48.757,2024-04-14 16:30:48.757000+00:00
2024/04/14, 16:31:48.757,37.395,-74.814,11.81,194.54,197.39,11.37,12.8,12.8,1015.5,1015.6,0.0,0.0,85.09,78.49,9,3,15.7,15.4,62.5,62.5,9.9,9.6,207.7,198.2,1017.6,1017.7,984.43,312.23,2245.49,31.393,10.5169,171.8,53.4,1487.389, NAN, NAN, NAN, NAN,,2024/04/14 16:31:48.757,2024-04-14 16:31:48.757000+00:00
2024/04/14, 16:32:48.757,37.392,-74.815,11.74,190.71,192.31,11.29,12.8,12.8,1015.6,1015.6,0.0,0.0,85.09,78.49,11,5,15.8,15.7,62.7,62.5,10.1,9.9,206.6,197.2,1017.7,1017.7,980.92,312.99,2246.42,31.3809,10.4904,170.5,53.4,1487.28, NAN, NAN, NAN, NAN,,2024/04/14 16:32:48.757,2024-04-14 16:32:48.757000+00:00
2024/04/14, 16:33:48.757,37.389,-74.816,11.53,192.44,198.29,10.77,12.8,12.8,1015.5,1015.7,0.0,0.0,85.09,78.49,10,7,15.1,14.8,62.1,62.3,9.6,9.3,206.0,201.4,1017.6,1017.8,977.64,312.47,2246.22,31.4012,10.4858,170.0,53.4,1487.288, NAN, NAN, NAN, NAN,,2024/04/14 16:33:48.757,2024-04-14 16:33:48.757000+00:00
2024/04/14, 16:34:48.757,37.386,-74.816,11.48,193.1,191.32,11.03,12.9,12.9,1015.7,1015.8,0.0,0.0,85.09,78.49,12,8,15.5,15.1,62.3,62.5,10.1,9.5,212.5,206.6,1017.8,1017.9,976.33,312.92,2246.71,31.4187,10.4685,169.3,53.4,1487.247, NAN, NAN, NAN, NAN,,2024/04/14 16:34:48.757,2024-04-14 16:34:48.757000+00:00
2024/04/14, 16:35:48.757,37.383,-74.817,11.49,189.11,188.82,11.17,12.9,12.9,1015.7,1015.6,0.0,0.0,85.09,78.49,14,9,15.7,14.5,62.4,62.4,10.2,8.9,211.0,204.0,1017.8,1017.7,968.22,312.95,2246.91,31.4241,10.4556,170.8,53.0,1487.207, NAN, NAN, NAN, NAN,,2024/04/14 16:35:48.757,2024-04-14 16:35:48.757000+00:00
2024/04/14, 16:36:48.758,37.38,-74.818,11.48,184.58,184.75,11.02,12.9,12.9,1015.7,1015.6,0.0,0.0,85.09,78.49,16,10,15.6,14.7,61.8,62.0,10.2,9.1,208.8,200.1,1017.8,1017.7,965.38,312.56,2247.48,31.4164,10.4622,171.8,53.4,1487.222, NAN, NAN, NAN, NAN,,2024/04/14 16:36:48.758,2024-04-14 16:36:48.758000+00:00
2024/04/14, 16:37:48.758,37.377,-74.819,11.48,183.38,184.94,11.01,12.9,12.9,1015.5,1015.6,0.0,0.0,85.09,78.49,17,10,15.6,14.6,62.2,62.5,10.2,9.0,208.4,198.1,1017.6,1017.7,960.72,312.82,2247.68,31.3974,10.4754,173.0,53.4,1487.246, NAN, NAN, NAN, NAN,,2024/04/14 16:37:48.758,2024-04-14 16:37:48.758000+00:00
2024/04/14, 16:38:48.758,37.374,-74.819,11.58,188.14,187.71,11.2,12.9,12.9,1015.7,1015.7,0.0,0.0,85.09,78.49,15,11,15.9,14.9,62.5,62.7,10.5,9.3,211.8,206.4,1017.8,1017.8,955.59,313.05,2247.94,31.3804,10.4863,173.9,53.4,1487.264, NAN, NAN, NAN, NAN,,2024/04/14 16:38:48.758,2024-04-14 16:38:48.758000+00:00
2024/04/14, 16:39:48.758,37.371,-74.82,11.59,182.69,186.36,11.06,12.9,12.9,1015.5,1015.5,0.0,0.0,85.09,78.49,15,8,16.2,15.1,62.3,62.3,10.7,9.4,203.3,192.9,1017.6,1017.6,967.77,312.52,2247.53,31.3661,10.5091,173.6,53.2,1487.329, NAN, NAN, NAN, NAN,,2024/04/14 16:39:48.758,2024-04-14 16:39:48.758000+00:00
2024/04/14, 16:40:48.758,37.368,-74.82,11.57,192.29,190.86,11.15,12.9,12.9,1015.4,1015.4,0.0,0.0,85.09,78.49,14,11,15.8,15.2,62.3,62.3,10.4,9.7,215.3,211.2,1017.5,1017.5,955.14,312.78,2246.63,31.3541,10.5186,173.0,53.2,1487.348, NAN, NAN, NAN, NAN,,2024/04/14 16:40:48.758,2024-04-14 16:40:48.758000+00:00
2024/04/14, 16:41:48.758,37.365,-74.821,11.49,186.3,187.6,10.97,12.9,12.9,1015.5,1015.6,0.0,0.0,85.09,78.49,12,5,15.3,14.6,62.2,62.5,9.8,9.0,203.4,192.4,1017.6,1017.7,974.52,312.23,2246.48,31.3428,10.5502,174.5,52.9,1487.448, NAN, NAN, NAN, NAN,,2024/04/14 16:41:48.758,2024-04-14 16:41:48.758000+00:00
2024/04/14, 16:42:48.758,37.362,-74.822,11.52,188.2,190.02,10.98,12.9,12.9,1015.5,1015.5,0.0,0.0,85.09,78.49,11,5,15.5,14.9,62.2,62.6,10.0,9.3,204.4,195.2,1017.6,1017.6,970.25,312.68,2246.82,31.3275,10.568,174.2,53.0,1487.493, NAN, NAN, NAN, NAN,,2024/04/14 16:42:48.758,2024-04-14 16:42:48.758000+00:00
2024/04/14, 16:43:48.758,37.359,-74.822,11.6,193.79,195.38,11.2,12.8,12.9,1015.5,1015.5,0.0,0.0,85.09,78.49,7,2,14.9,14.4,62.8,62.7,9.2,8.6,204.0,195.8,1017.6,1017.6,978.91,312.35,2246.34,31.3169,10.5656,174.5,52.9,1487.471, NAN, NAN, NAN, NAN,,2024/04/14 16:43:48.758,2024-04-14 16:43:48.758000+00:00
2024/04/14, 16:44:48.758,37.356,-74.823,11.57,188.55,189.03,11.24,12.8,12.8,1015.3,1015.5,0.0,0.0,85.09,78.49,12,8,16.1,15.4,62.6,62.5,10.5,9.7,207.2,201.4,1017.4,1017.6,948.97,312.37,2247.16,31.3059,10.5542,173.9,52.5,1487.417, NAN, NAN, NAN, NAN,,2024/04/14 16:44:48.758,2024-04-14 16:44:48.758000+00:00
2024/04/14, 16:45:48.758,37.353,-74.824,11.61,193.98,194.46,11.13,12.8,12.8,1015.4,1015.5,0.0,0.0,85.09,78.49,6,2,15.2,14.7,62.1,62.1,9.5,9.0,203.2,196.8,1017.5,1017.6,975.87,312.19,2246.91,31.3026,10.5657,174.5,52.9,1487.455, NAN, NAN, NAN, NAN,,2024/04/14 16:45:48.758,2024-04-14 16:45:48.758000+00:00
2024/04/14, 16:46:48.758,37.35,-74.824,11.56,184.81,184.96,11.08,12.8,12.8,1015.4,1015.4,0.0,0.0,85.09,78.49,13,8,15.5,14.8,62.8,62.9,10.0,9.2,205.2,197.8,1017.5,1017.5,937.39,312.15,2247.16,31.2989,10.6015,174.5,52.7,1487.578, NAN, NAN, NAN, NAN,,2024/04/14 16:46:48.758,2024-04-14 16:46:48.758000+00:00
2024/04/14, 16:47:48.758,37.347,-74.825,11.64,189.63,190.07,11.16,12.8,12.8,1015.3,1015.5,0.0,0.0,85.09,78.49,11,6,15.8,14.8,62.3,62.4,10.2,9.1,207.0,199.7,1017.4,1017.6,950.54,312.05,2247.09,31.2916,10.6375,175.2,52.9,1487.698, NAN, NAN, NAN, NAN,,2024/04/14 16:47:48.758,2024-04-14 16:47:48.758000+00:00
2024/04/14, 16:48:48.758,37.344,-74.825,11.54,188.68,190.09,11.09,12.8,12.8,1015.3,1015.5,0.0,0.0,85.09,78.49,9,4,15.6,15.5,62.3,62.6,10.0,9.8,201.8,193.9,1017.4,1017.6,955.66,312.18,2246.65,31.2798,10.6515,175.2,52.9,1487.734, NAN, NAN, NAN, NAN,,2024/04/14 16:48:48.758,2024-04-14 16:48:48.758000+00:00
2024/04/14, 16:49:48.758,37.341,-74.826,11.54,184.32,184.96,11.1,12.8,12.8,1015.3,1015.3,0.0,0.0,85.09,78.49,14,9,16.0,15.2,61.5,61.6,10.6,9.6,206.1,198.9,1017.4,1017.4,919.2,312.36,2246.49,31.2644,10.6615,175.4,51.7,1487.751, NAN, NAN, NAN, NAN,,2024/04/14 16:49:48.758,2024-04-14 16:49:48.758000+00:00
2024/04/14, 16:50:48.758,37.338,-74.826,11.54,184.2,183.78,11.01,12.8,12.9,1015.4,1015.5,0.0,0.0,85.09,78.49,10,5,15.8,15.9,61.8,61.9,10.2,10.3,198.8,191.0,1017.5,1017.6,941.02,312.43,2246.24,31.2548,10.679,174.8,51.4,1487.802, NAN, NAN, NAN, NAN,,2024/04/14 16:50:48.758,2024-04-14 16:50:48.758000+00:00
2024/04/14, 16:51:48.758,37.335,-74.827,11.47,196.41,195.6,10.84,12.8,12.9,1015.3,1015.5,0.0,0.0,85.09,78.49,5,1,16.1,15.2,61.8,61.8,10.6,9.6,204.7,198.7,1017.4,1017.6,959.55,312.4,2246.16,31.2472,10.6944,174.2,51.4,1487.847, NAN, NAN, NAN, NAN,,2024/04/14 16:51:48.758,2024-04-14 16:51:48.758000+00:00
2024/04/14, 16:52:48.759,37.332,-74.828,11.38,185.6,186.9,11.01,12.8,12.9,1015.3,1015.5,0.0,0.0,85.09,78.49,12,7,16.0,15.3,61.8,61.8,10.5,9.7,203.6,196.2,1017.4,1017.6,920.68,312.34,2246.61,31.2397,10.6834,175.4,50.6,1487.799, NAN, NAN, NAN, NAN,,2024/04/14 16:52:48.759,2024-04-14 16:52:48.759000+00:00
2024/04/14, 16:53:48.759,37.329,-74.828,11.4,187.47,187.56,11.04,12.8,12.9,1015.3,1015.3,0.0,0.0,85.09,78.49,12,7,16.1,15.4,62.0,61.7,10.6,9.8,206.0,198.7,1017.4,1017.4,929.02,312.32,2246.22,31.2298,10.6748,173.9,51.0,1487.756, NAN, NAN, NAN, NAN,,2024/04/14 16:53:48.759,2024-04-14 16:53:48.759000+00:00
2024/04/14, 16:54:48.759,37.326,-74.829,11.46,182.64,181.99,11.05,12.8,12.9,1015.4,1015.3,0.0,0.0,85.09,78.49,14,8,16.5,15.6,62.3,62.1,11.1,10.0,203.6,195.0,1017.5,1017.4,910.2,312.29,2245.24,31.2268,10.6765,175.2,53.1,1487.759, NAN, NAN, NAN, NAN,,2024/04/14 16:54:48.759,2024-04-14 16:54:48.759000+00:00
2024/04/14, 16:55:48.759,37.323,-74.829,11.52,193.56,192.51,11.08,12.8,12.8,1015.3,1015.4,0.0,0.0,85.09,78.49,7,2,15.5,15.2,61.7,61.6,9.9,9.5,205.0,197.2,1017.4,1017.5,950.2,312.11,2245.73,31.2215,10.6862,176.0,53.3,1487.787, NAN, NAN, NAN, NAN,,2024/04/14 16:55:48.759,2024-04-14 16:55:48.759000+00:00
2024/04/14, 16:56:48.759,37.32,-74.83,11.46,184.45,184.14,10.91,12.8,12.8,1015.2,1015.4,0.0,0.0,85.09,78.49,14,8,16.5,15.4,62.3,62.4,11.1,9.9,205.3,196.8,1017.3,1017.5,910.42,312.37,2245.36,31.2113,10.7064,176.7,53.3,1487.847, NAN, NAN, NAN, NAN,,2024/04/14 16:56:48.759,2024-04-14 16:56:48.759000+00:00
2024/04/14, 16:57:48.759,37.317,-74.831,11.46,183.04,184.1,11.02,12.8,12.8,1015.5,1015.3,0.0,0.0,85.09,78.49,12,5,16.0,15.4,62.2,62.3,10.4,9.7,199.8,189.1,1017.6,1017.4,928.72,312.26,2245.89,31.2018,10.7427,177.2,53.3,1487.965, NAN, NAN, NAN, NAN,,2024/04/14 16:57:48.759,2024-04-14 16:57:48.759000+00:00
2024/04/14, 16:58:48.759,37.314,-74.831,11.47,182.88,184.03,10.87,12.8,12.8,1015.2,1015.3,0.0,0.0,85.09,78.49,11,5,15.8,15.5,62.3,62.3,10.3,9.9,198.6,189.4,1017.3,1017.4,919.69,312.43,2245.62,31.1844,10.7794,177.6,53.3,1488.074, NAN, NAN, NAN, NAN,,2024/04/14 16:58:48.759,2024-04-14 16:58:48.759000+00:00
2024/04/14, 16:59:48.759,37.311,-74.831,11.39,191.43,191.63,10.97,12.8,12.8,1015.2,1015.3,0.0,0.0,85.09,78.49,8,2,15.6,15.3,62.0,62.2,10.0,9.7,203.9,194.6,1017.3,1017.4,931.01,312.55,2245.84,31.1673,10.7996,176.7,53.4,1488.126, NAN, NAN, NAN, NAN,,2024/04/14 16:59:48.759,2024-04-14 16:59:48.759000+00:00
2024/04/14, 17:00:48.759,37.308,-74.832,11.47,195.06,196.25,11.05,12.8,12.8,1015.2,1015.3,0.0,0.0,85.09,78.49,3,358,15.2,14.9,62.5,62.5,9.5,9.2,199.0,190.9,1017.3,1017.4,957.61,312.28,2246.08,31.1524,10.8234,176.4,53.4,1488.192, NAN, NAN, NAN, NAN,,2024/04/14 17:00:48.759,2024-04-14 17:00:48.759000+00:00
2024/04/14, 17:01:48.759,37.305,-74.833,11.51,190.11,192.21,11.03,12.8,12.8,1015.2,1015.2,0.0,0.0,85.09,78.49,8,3,16.3,15.4,62.7,62.8,10.7,9.7,201.5,193.9,1017.3,1017.3,917.57,312.24,2246.16,31.1381,10.8379,177.2,53.4,1488.226, NAN, NAN, NAN, NAN,,2024/04/14 17:01:48.759,2024-04-14 17:01:48.759000+00:00
2024/04/14, 17:02:48.759,37.302,-74.834,11.56,193.01,193.62,11.03,12.8,12.8,1015.3,1015.2,0.0,0.0,85.09,78.49,6,0,15.6,15.4,61.9,62.0,10.0,9.7,202.1,192.7,1017.4,1017.3,933.69,312.43,2246.14,31.1222,10.8544,177.0,53.4,1488.266, NAN, NAN, NAN, NAN,,2024/04/14 17:02:48.759,2024-04-14 17:02:48.759000+00:00
2024/04/14, 17:03:48.759,37.299,-74.835,11.58,191.15,190.67,11.18,12.8,12.8,1015.2,1015.3,0.0,0.0,85.09,78.49,7,3,15.3,14.9,62.2,62.3,9.6,9.2,202.5,196.2,1017.3,1017.4,914.95,312.23,2245.79,31.1078,10.8475,176.7,53.5,1488.224, NAN, NAN, NAN, NAN,,2024/04/14 17:03:48.759,2024-04-14 17:03:48.759000+00:00
2024/04/14, 17:04:48.759,37.296,-74.836,11.45,193.9,195.59,11.12,12.8,12.8,1015.2,1015.3,0.0,0.0,85.09,78.49,5,0,15.3,15.2,62.5,62.5,9.6,9.5,201.2,193.2,1017.3,1017.4,939.68,312.27,2246.42,31.0955,10.8232,178.2,54.1,1488.123, NAN, NAN, NAN, NAN,,2024/04/14 17:04:48.759,2024-04-14 17:04:48.759000+00:00
2024/04/14, 17:05:48.759,37.293,-74.836,11.54,189.74,186.13,11.08,12.8,12.8,1015.2,1015.3,0.0,0.0,85.09,78.49,9,3,15.6,15.0,62.8,62.9,10.0,9.3,204.5,195.3,1017.3,1017.4,907.19,311.87,2245.68,31.0806,10.803,178.5,55.1,1488.033, NAN, NAN, NAN, NAN,,2024/04/14 17:05:48.759,2024-04-14 17:05:48.759000+00:00
2024/04/14, 17:06:48.759,37.29,-74.837,11.56,191.65,191.09,11.16,12.7,12.8,1015.3,1015.2,0.0,0.0,85.09,78.49,7,2,15.0,14.6,62.6,62.6,9.3,8.9,203.0,195.0,1017.4,1017.3,917.56,312.25,2245.95,31.0635,10.815,180.3,53.6,1488.055, NAN, NAN, NAN, NAN,,2024/04/14 17:06:48.759,2024-04-14 17:06:48.759000+00:00
2024/04/14, 17:07:48.760,37.287,-74.838,11.67,192.27,193.56,11.09,12.8,12.8,1015.3,1015.3,0.0,0.0,85.09,78.49,6,1,15.5,14.8,62.5,62.7,9.8,9.1,201.7,193.9,1017.4,1017.4,914.12,312.39,2245.76,31.0467,10.8299,180.0,53.6,1488.088, NAN, NAN, NAN, NAN,,2024/04/14 17:07:48.760,2024-04-14 17:07:48.760000+00:00
2024/04/14, 17:08:48.760,37.283,-74.839,11.63,191.48,192.04,11.29,12.8,12.8,1015.2,1015.3,0.0,0.0,85.09,78.49,7,1,15.1,14.7,62.2,62.4,9.4,8.9,202.6,192.9,1017.3,1017.4,909.72,312.27,2245.45,31.0252,10.8328,180.6,53.6,1488.072, NAN, NAN, NAN, NAN,,2024/04/14 17:08:48.760,2024-04-14 17:08:48.760000+00:00
2024/04/14, 17:09:48.760,37.28,-74.839,11.67,191.47,191.67,11.32,12.8,12.8,1015.2,1015.3,0.0,0.0,85.09,78.49,7,1,15.4,15.2,63.0,63.0,9.6,9.4,202.4,192.8,1017.3,1017.4,908.73,312.45,2245.88,30.9951,10.8376,180.6,53.3,1488.053, NAN, NAN, NAN, NAN,,2024/04/14 17:09:48.760,2024-04-14 17:09:48.760000+00:00
2024/04/14, 17:10:48.760,37.277,-74.84,11.6,191.55,192.87,11.16,12.8,12.8,1015.1,1015.3,0.0,0.0,85.09,78.49,6,0,15.7,15.3,62.6,62.6,10.0,9.6,200.6,191.2,1017.2,1017.4,907.04,312.36,2246.08,30.9769,10.8354,180.3,53.5,1488.023, NAN, NAN, NAN, NAN,,2024/04/14 17:10:48.760,2024-04-14 17:10:48.760000+00:00
2024/04/14, 17:11:48.760,37.274,-74.841,11.58,191.72,194.43,11.14,12.8,12.8,1015.1,1015.1,0.0,0.0,85.09,78.49,5,0,15.7,15.1,62.1,62.3,10.0,9.4,198.5,190.6,1017.2,1017.2,905.96,312.38,2245.83,30.9578,10.8203,179.4,53.5,1487.947, NAN, NAN, NAN, NAN,,2024/04/14 17:11:48.760,2024-04-14 17:11:48.760000+00:00
2024/04/14, 17:12:48.760,37.271,-74.842,11.49,191.77,192.49,11.18,12.8,12.8,1015.1,1015.2,0.0,0.0,85.09,78.49,5,0,15.2,15.1,62.9,62.7,9.5,9.4,199.4,191.3,1017.2,1017.3,903.85,312.33,2245.41,30.9467,10.8164,179.4,53.6,1487.919, NAN, NAN, NAN, NAN,,2024/04/14 17:12:48.760,2024-04-14 17:12:48.760000+00:00
2024/04/14, 17:13:48.760,37.268,-74.843,11.56,192.2,192.62,11.17,12.8,12.8,1015.3,1015.3,0.0,0.0,85.09,78.49,6,0,15.4,14.8,62.8,63.0,9.7,9.1,201.7,192.2,1017.4,1017.4,903.57,312.03,2245.7,30.9468,10.8008,180.9,53.5,1487.864, NAN, NAN, NAN, NAN,,2024/04/14 17:13:48.760,2024-04-14 17:13:48.760000+00:00
2024/04/14, 17:14:48.760,37.265,-74.844,11.62,191.13,191.12,11.19,12.7,12.8,1015.2,1015.3,0.0,0.0,85.09,78.49,6,0,15.6,15.2,63.2,63.2,9.9,9.4,200.3,190.8,1017.3,1017.4,901.84,312.19,2245.64,30.9447,10.8084,180.9,53.5,1487.888, NAN, NAN, NAN, NAN,,2024/04/14 17:14:48.760,2024-04-14 17:14:48.760000+00:00
2024/04/14, 17:15:48.760,37.262,-74.844,11.65,191.17,193.85,11.35,12.7,12.8,1015.1,1015.1,0.0,0.0,85.09,78.49,5,1,15.2,14.7,63.1,62.9,9.4,8.9,197.8,191.3,1017.2,1017.2,898.76,312.41,2245.55,30.941,10.8027,180.0,53.6,1487.864, NAN, NAN, NAN, NAN,,2024/04/14 17:15:48.760,2024-04-14 17:15:48.760000+00:00
2024/04/14, 17:16:48.760,37.259,-74.845,11.72,191.46,193.01,11.32,12.7,12.7,1015.1,1015.3,0.0,0.0,85.09,78.49,6,1,15.0,14.3,63.8,63.7,9.2,8.5,200.3,192.2,1017.2,1017.4,898.26,312.33,2245.49,30.949,10.7668,180.6,53.6,1487.745, NAN, NAN, NAN, NAN,,2024/04/14 17:16:48.760,2024-04-14 17:16:48.760000+00:00
2024/04/14, 17:17:48.760,37.256,-74.846,11.75,191.39,192.73,11.29,12.7,12.7,1015.1,1015.3,0.0,0.0,85.09,78.49,6,1,15.1,14.8,63.8,64.1,9.3,9.0,200.3,192.2,1017.2,1017.4,899.4,312.28,2245.55,30.9673,10.7659,180.3,53.5,1487.764, NAN, NAN, NAN, NAN,,2024/04/14 17:17:48.760,2024-04-14 17:17:48.760000+00:00
2024/04/14, 17:18:48.760,37.253,-74.847,11.71,191.54,192.77,11.29,12.7,12.7,1015.2,1015.2,0.0,0.0,85.09,78.49,7,2,15.1,14.6,63.6,63.7,9.3,8.8,202.0,194.0,1017.3,1017.3,900.12,312.32,2245.41,30.9941,10.7727,180.9,53.4,1487.821, NAN, NAN, NAN, NAN,,2024/04/14 17:18:48.760,2024-04-14 17:18:48.760000+00:00
2024/04/14, 17:19:48.760,37.25,-74.848,11.75,190.58,190.95,11.38,12.7,12.7,1015.1,1015.3,0.0,0.0,85.09,78.49,7,1,15.4,14.9,64.2,63.9,9.6,9.1,201.0,191.3,1017.2,1017.4,900.9,312.4,2245.32,31.0135,10.7862,180.6,53.6,1487.892, NAN, NAN, NAN, NAN,,2024/04/14 17:19:48.760,2024-04-14 17:19:48.760000+00:00
2024/04/14, 17:20:48.760,37.247,-74.849,11.79,191.14,192.3,11.34,12.7,12.7,1015.2,1015.2,0.0,0.0,85.09,78.49,7,1,15.3,14.5,64.0,63.9,9.5,8.7,201.3,191.6,1017.3,1017.3,898.52,312.26,2245.55,31.0272,10.7999,180.3,53.6,1487.958, NAN, NAN, NAN, NAN,,2024/04/14 17:20:48.760,2024-04-14 17:20:48.760000+00:00
2024/04/14, 17:21:48.760,37.244,-74.85,11.78,191.53,193.18,11.33,12.7,12.7,1015.2,1015.2,0.0,0.0,85.09,78.49,6,0,14.9,14.2,64.1,64.0,9.1,8.4,200.6,190.7,1017.3,1017.3,899.48,312.17,2245.05,31.0374,10.8042,180.6,53.6,1487.985, NAN, NAN, NAN, NAN,,2024/04/14 17:21:48.760,2024-04-14 17:21:48.760000+00:00
2024/04/14, 17:22:48.760,37.241,-74.85,11.71,191.68,191.63,11.3,12.7,12.7,1015.1,1015.1,0.0,0.0,85.09,78.49,7,0,15.4,14.5,64.0,64.3,9.6,8.7,202.3,191.1,1017.2,1017.2,900.78,312.13,2244.85,31.0451,10.7935,178.8,53.5,1487.956, NAN, NAN, NAN, NAN,,2024/04/14 17:22:48.760,2024-04-14 17:22:48.760000+00:00
2024/04/14, 17:23:48.761,37.238,-74.851,11.74,191.23,193.23,11.26,12.7,12.7,1014.9,1015.1,0.0,0.0,85.09,78.49,6,0,15.1,14.6,63.9,64.0,9.3,8.8,199.9,190.1,1017.0,1017.2,902.49,312.3,2244.41,31.0532,10.7702,179.7,53.7,1487.883, NAN, NAN, NAN, NAN,,2024/04/14 17:23:48.761,2024-04-14 17:23:48.761000+00:00
2024/04/14, 17:24:48.761,37.235,-74.852,11.76,190.82,192.55,11.38,12.7,12.7,1015.1,1015.2,0.0,0.0,85.09,78.49,6,1,14.4,14.4,64.0,64.1,8.6,8.6,199.6,191.1,1017.2,1017.3,904.21,312.28,2243.73,31.0627,10.7673,180.3,53.7,1487.884, NAN, NAN, NAN, NAN,,2024/04/14 17:24:48.761,2024-04-14 17:24:48.761000+00:00
2024/04/14, 17:25:48.761,37.232,-74.853,11.8,192.1,194.67,11.32,12.7,12.7,1015.1,1015.1,0.0,0.0,85.09,78.49,6,0,15.0,14.3,64.4,64.5,9.2,8.5,201.0,191.1,1017.2,1017.2,902.91,311.94,2243.65,31.0791,10.7788,180.3,53.7,1487.945, NAN, NAN, NAN, NAN,,2024/04/14 17:25:48.761,2024-04-14 17:25:48.761000+00:00
2024/04/14, 17:26:48.761,37.228,-74.854,11.75,191.93,193.65,11.28,12.7,12.7,1015.2,1015.2,0.0,0.0,85.09,78.49,5,0,15.2,14.6,64.3,64.6,9.4,8.8,198.9,190.8,1017.3,1017.3,901.88,312.18,2243.66,31.0846,10.7863,180.6,53.7,1487.978, NAN, NAN, NAN, NAN,,2024/04/14 17:26:48.761,2024-04-14 17:26:48.761000+00:00
2024/04/14, 17:27:48.761,37.225,-74.855,11.83,191.57,192.06,11.3,12.6,12.7,1015.2,1015.1,0.0,0.0,85.09,78.49,6,0,15.5,15.4,64.2,64.5,9.7,9.6,200.4,190.8,1017.3,1017.2,906.06,312.66,2243.35,31.0869,10.7881,180.3,53.7,1487.988, NAN, NAN, NAN, NAN,,2024/04/14 17:27:48.761,2024-04-14 17:27:48.761000+00:00
2024/04/14, 17:28:48.761,37.222,-74.856,11.81,192.13,192.84,11.35,12.7,12.7,1015.2,1015.2,0.0,0.0,85.09,78.49,5,0,15.0,14.9,64.0,64.0,9.2,9.1,199.8,191.6,1017.3,1017.3,903.98,312.46,2243.42,31.0898,10.7936,179.1,53.6,1488.011, NAN, NAN, NAN, NAN,,2024/04/14 17:28:48.761,2024-04-14 17:28:48.761000+00:00
2024/04/14, 17:29:48.761,37.219,-74.857,11.73,191.47,194.37,11.44,12.7,12.7,1015.0,1015.2,0.0,0.0,85.09,78.49,5,0,15.1,14.7,64.4,64.5,9.2,8.8,198.0,189.7,1017.1,1017.3,905.31,312.29,2243.35,31.1027,10.782,179.1,53.6,1487.985, NAN, NAN, NAN, NAN,,2024/04/14 17:29:48.761,2024-04-14 17:29:48.761000+00:00
2024/04/14, 17:30:48.761,37.216,-74.857,11.8,191.14,193.26,11.38,12.7,12.7,1015.1,1015.1,0.0,0.0,85.09,78.49,5,0,15.5,14.8,64.0,64.2,9.7,9.0,198.0,189.9,1017.2,1017.2,909.16,312.65,2243.01,31.1212,10.7534,177.6,53.8,1487.905, NAN, NAN, NAN, NAN,,2024/04/14 17:30:48.761,2024-04-14 17:30:48.761000+00:00
2024/04/14, 17:31:48.761,37.213,-74.858,11.73,191.5,193.29,11.36,12.7,12.7,1015.1,1015.1,0.0,0.0,85.09,78.49,6,1,15.3,14.8,64.1,64.5,9.5,9.0,200.0,191.8,1017.2,1017.2,909.2,312.19,2242.31,31.1482,10.7342,177.9,53.7,1487.87, NAN, NAN, NAN, NAN,,2024/04/14 17:31:48.761,2024-04-14 17:31:48.761000+00:00
2024/04/14, 17:32:48.761,37.21,-74.859,11.75,191.66,192.59,11.31,12.7,12.7,1015.0,1015.1,0.0,0.0,85.09,78.49,6,0,15.3,14.7,64.4,64.7,9.5,8.9,200.6,190.8,1017.1,1017.2,909.53,312.39,2242.11,31.1709,10.7267,178.2,53.7,1487.87, NAN, NAN, NAN, NAN,,2024/04/14 17:32:48.761,2024-04-14 17:32:48.761000+00:00
2024/04/14, 17:33:48.761,37.207,-74.86,11.66,191.51,193.0,11.4,12.7,12.7,1014.9,1015.0,0.0,0.0,85.09,78.49,5,0,15.4,14.9,65.0,65.1,9.6,9.0,198.8,190.7,1017.0,1017.1,909.48,312.28,2242.09,31.1926,10.732,178.5,53.8,1487.915, NAN, NAN, NAN, NAN,,2024/04/14 17:33:48.761,2024-04-14 17:33:48.761000+00:00
2024/04/14, 17:34:48.761,37.204,-74.861,11.71,192.0,193.15,11.32,12.7,12.7,1015.0,1015.0,0.0,0.0,85.09,78.49,5,359,15.3,14.7,65.7,65.8,9.5,8.9,199.0,189.2,1017.1,1017.1,907.65,312.42,2241.98,31.2094,10.727,178.8,53.7,1487.918, NAN, NAN, NAN, NAN,,2024/04/14 17:34:48.761,2024-04-14 17:34:48.761000+00:00
2024/04/14, 17:35:48.761,37.201,-74.862,11.68,191.3,193.18,11.38,12.7,12.7,1015.0,1015.1,0.0,0.0,85.09,78.49,6,0,14.9,14.8,66.5,66.5,9.1,9.0,199.9,190.0,1017.1,1017.2,910.3,312.68,2241.8,31.221,10.6822,179.1,53.4,1487.772, NAN, NAN, NAN, NAN,,2024/04/14 17:35:48.761,2024-04-14 17:35:48.761000+00:00
2024/04/14, 17:36:48.761,37.198,-74.863,11.63,191.47,193.73,11.38,12.6,12.7,1014.9,1015.0,0.0,0.0,85.09,78.49,6,0,15.1,14.7,67.2,67.2,9.3,8.9,199.8,189.9,1017.0,1017.1,910.06,312.39,2241.42,31.2344,10.6014,177.6,53.4,1487.5, NAN, NAN, NAN, NAN,,2024/04/14 17:36:48.761,2024-04-14 17:36:48.761000+00:00
2024/04/14, 17:37:48.761,37.195,-74.864,11.88,192.41,193.91,11.51,12.6,12.7,1015.1,1015.0,0.0,0.0,85.09,78.49,6,0,15.2,14.5,67.8,67.9,9.3,8.6,201.5,191.7,1017.2,1017.1,908.67,312.1,2241.39,31.2639,10.5835,179.4,53.6,1487.471, NAN, NAN, NAN, NAN,,2024/04/14 17:37:48.761,2024-04-14 17:37:48.761000+00:00
2024/04/14, 17:38:48.762,37.191,-74.865,11.91,192.45,192.83,11.57,12.6,12.6,1015.1,1015.1,0.0,0.0,85.09,78.49,4,359,15.1,14.6,68.5,68.5,9.2,8.7,198.7,190.4,1017.2,1017.2,907.63,312.27,2241.12,31.3086,10.6335,183.1,53.7,1487.704, NAN, NAN, NAN, NAN,,2024/04/14 17:38:48.762,2024-04-14 17:38:48.762000+00:00
2024/04/14, 17:39:48.762,37.188,-74.866,11.81,191.8,192.88,11.54,12.6,12.6,1014.9,1015.1,0.0,0.0,85.09,78.49,5,359,14.9,14.3,69.1,68.6,9.0,8.4,199.4,189.3,1017.0,1017.2,906.51,312.34,2240.7,31.3562,10.6417,184.9,53.3,1487.791, NAN, NAN, NAN, NAN,,2024/04/14 17:39:48.762,2024-04-14 17:39:48.762000+00:00
2024/04/14, 17:40:48.762,37.185,-74.867,11.73,191.67,192.44,11.41,12.6,12.6,1015.0,1015.1,0.0,0.0,85.09,78.49,6,359,14.7,14.2,69.5,69.6,8.9,8.3,201.0,189.3,1017.1,1017.2,909.62,312.31,2240.65,31.32,10.628,181.9,53.3,1487.698, NAN, NAN, NAN, NAN,,2024/04/14 17:40:48.762,2024-04-14 17:40:48.762000+00:00
2024/04/14, 17:41:48.762,37.182,-74.867,11.73,191.86,192.47,11.41,12.5,12.5,1014.9,1015.0,0.0,0.0,85.09,78.49,5,359,14.8,14.3,70.0,70.0,9.0,8.4,199.5,189.5,1017.0,1017.1,909.77,312.6,2240.53,31.3218,10.5812,180.0,53.4,1487.533, NAN, NAN, NAN, NAN,,2024/04/14 17:41:48.762,2024-04-14 17:41:48.762000+00:00
2024/04/14, 17:42:48.762,37.179,-74.868,11.69,191.91,193.6,11.4,12.5,12.5,1015.0,1014.9,0.0,0.0,85.09,78.49,5,359,14.8,14.2,70.6,70.5,9.0,8.3,199.4,189.4,1017.1,1017.0,909.1,312.27,2240.13,31.3342,10.5438,178.2,53.4,1487.414, NAN, NAN, NAN, NAN,,2024/04/14 17:42:48.762,2024-04-14 17:42:48.762000+00:00
2024/04/14, 17:43:48.762,37.176,-74.869,11.71,191.77,191.84,11.36,12.5,12.5,1014.9,1015.0,0.0,0.0,85.09,78.49,5,358,14.8,14.1,70.6,70.7,9.0,8.3,199.7,188.1,1017.0,1017.1,910.24,312.35,2239.58,31.3436,10.523,177.6,53.4,1487.351, NAN, NAN, NAN, NAN,,2024/04/14 17:43:48.762,2024-04-14 17:43:48.762000+00:00
2024/04/14, 17:44:48.762,37.173,-74.87,11.64,192.14,194.39,11.48,12.5,12.5,1014.9,1014.9,0.0,0.0,85.09,78.49,4,358,15.0,14.5,70.5,70.6,9.1,8.6,197.2,187.2,1017.0,1017.0,908.35,312.63,2239.34,31.3628,10.4904,176.4,53.4,1487.258, NAN, NAN, NAN, NAN,,2024/04/14 17:44:48.762,2024-04-14 17:44:48.762000+00:00
2024/04/14, 17:45:48.762,37.17,-74.871,11.69,191.37,192.33,11.41,12.5,12.5,1014.9,1015.0,0.0,0.0,85.09,78.49,4,358,15.0,14.4,70.4,70.4,9.1,8.6,197.0,187.0,1017.0,1017.1,909.63,312.86,2239.02,31.3786,10.458,177.2,53.5,1487.161, NAN, NAN, NAN, NAN,,2024/04/14 17:45:48.762,2024-04-14 17:45:48.762000+00:00
2024/04/14, 17:46:48.762,37.167,-74.872,11.69,191.88,193.68,11.5,12.5,12.5,1014.8,1014.9,0.0,0.0,85.09,78.49,3,358,14.9,14.4,70.5,70.5,9.0,8.5,195.7,187.2,1016.9,1017.0,909.33,312.65,2238.66,31.4012,10.4156,177.0,53.5,1487.036, NAN, NAN, NAN, NAN,,2024/04/14 17:46:48.762,2024-04-14 17:46:48.762000+00:00
2024/04/14, 17:47:48.762,37.164,-74.873,11.63,191.35,190.72,11.5,12.5,12.5,1014.9,1014.9,0.0,0.0,85.09,78.49,3,356,14.7,14.2,70.3,70.4,8.8,8.3,195.8,183.9,1017.0,1017.0,908.81,312.68,2238.25,31.43,10.2754,176.4,53.4,1486.567, NAN, NAN, NAN, NAN,,2024/04/14 17:47:48.762,2024-04-14 17:47:48.762000+00:00
2024/04/14, 17:48:48.762,37.16,-74.874,11.65,191.35,192.52,11.48,12.5,12.5,1014.9,1014.9,0.0,0.0,85.09,78.49,3,357,14.7,14.2,70.4,70.3,8.8,8.3,195.4,185.2,1017.0,1017.0,909.68,312.7,2238.05,31.4688,10.1646,175.2,53.5,1486.214, NAN, NAN, NAN, NAN,,2024/04/14 17:48:48.762,2024-04-14 17:48:48.762000+00:00
2024/04/14, 17:49:48.762,37.157,-74.875,11.56,192.3,195.59,11.37,12.5,12.5,1014.8,1014.9,0.0,0.0,85.09,78.49,2,356,14.8,14.3,70.3,70.3,9.0,8.5,194.0,183.9,1016.9,1017.0,909.49,312.95,2237.89,31.5185,10.0121,176.0,53.4,1485.723, NAN, NAN, NAN, NAN,,2024/04/14 17:49:48.762,2024-04-14 17:49:48.762000+00:00
2024/04/14, 17:50:48.762,37.154,-74.876,11.55,191.32,192.67,11.43,12.5,12.5,1014.9,1014.9,0.0,0.0,85.09,78.49,2,356,14.5,14.1,70.0,70.0,8.6,8.3,193.5,183.2,1017.0,1017.0,908.27,312.65,2237.67,31.5775,9.9124,175.7,53.4,1485.433, NAN, NAN, NAN, NAN,,2024/04/14 17:50:48.762,2024-04-14 17:50:48.762000+00:00
2024/04/14, 17:51:48.762,37.151,-74.877,11.63,191.7,193.72,11.44,12.5,12.5,1014.8,1015.0,0.0,0.0,85.09,78.49,2,356,15.0,14.4,69.9,70.0,9.1,8.6,194.2,184.1,1016.9,1017.1,908.1,313.37,2237.31,31.6361,9.8647,176.7,53.2,1485.331, NAN, NAN, NAN, NAN,,2024/04/14 17:51:48.762,2024-04-14 17:51:48.762000+00:00
2024/04/14, 17:52:48.762,37.148,-74.878,11.65,190.54,190.57,11.53,12.5,12.5,1014.9,1014.9,0.0,0.0,85.09,78.49,2,356,15.0,14.5,69.6,69.6,9.1,8.6,193.1,183.0,1017.0,1017.0,908.54,313.12,2236.7,31.6795,9.8689,177.6,53.3,1485.399, NAN, NAN, NAN, NAN,,2024/04/14 17:52:48.762,2024-04-14 17:52:48.762000+00:00
2024/04/14, 17:53:48.762,37.145,-74.878,11.6,192.29,192.17,11.47,12.6,12.6,1014.8,1014.9,0.0,0.0,85.09,78.49,1,355,14.3,14.1,69.5,69.5,8.4,8.2,193.7,183.4,1016.9,1017.0,906.88,312.74,2236.47,31.6979,9.7055,177.2,53.3,1484.826, NAN, NAN, NAN, NAN,,2024/04/14 17:53:48.762,2024-04-14 17:53:48.762000+00:00
2024/04/14, 17:54:48.763,37.142,-74.879,11.56,191.96,192.55,11.4,12.5,12.6,1014.8,1014.9,0.0,0.0,85.09,78.49,1,356,14.8,14.3,69.9,70.0,8.9,8.5,192.9,184.4,1016.9,1017.0,906.21,312.87,2236.31,31.7047,9.6024,176.4,53.2,1484.458, NAN, NAN, NAN, NAN,,2024/04/14 17:54:48.763,2024-04-14 17:54:48.763000+00:00
2024/04/14, 17:55:48.763,37.139,-74.88,11.58,191.54,192.11,11.38,12.5,12.6,1014.9,1014.9,0.0,0.0,85.09,78.49,2,356,14.5,14.3,70.1,70.2,8.7,8.5,194.4,184.3,1017.0,1017.0,906.67,312.99,2235.42,31.7348,9.5717,178.2,53.2,1484.382, NAN, NAN, NAN, NAN,,2024/04/14 17:55:48.763,2024-04-14 17:55:48.763000+00:00
2024/04/14, 17:56:48.763,37.136,-74.881,11.61,191.63,192.18,11.44,12.5,12.6,1014.8,1014.8,0.0,0.0,85.09,78.49,2,357,14.7,14.6,70.2,70.3,8.8,8.7,194.5,186.2,1016.9,1016.9,905.84,313.47,2235.06,31.7822,9.5458,179.4,53.3,1484.345, NAN, NAN, NAN, NAN,,2024/04/14 17:56:48.763,2024-04-14 17:56:48.763000+00:00
2024/04/14, 17:57:48.763,37.133,-74.882,11.59,191.35,192.56,11.45,12.6,12.6,1014.8,1014.8,0.0,0.0,85.09,78.49,2,356,14.5,14.3,70.3,70.4,8.6,8.5,194.0,183.8,1016.9,1016.9,904.5,313.4,2234.68,31.8011,9.5083,179.4,53.2,1484.231, NAN, NAN, NAN, NAN,,2024/04/14 17:57:48.763,2024-04-14 17:57:48.763000+00:00
2024/04/14, 17:58:48.763,37.129,-74.883,11.62,191.58,192.41,11.41,12.6,12.6,1014.8,1014.9,0.0,0.0,85.09,78.49,3,358,14.8,14.1,70.5,70.6,8.9,8.2,196.2,187.8,1016.9,1017.0,904.71,313.28,2234.17,31.809,9.4976,180.0,53.3,1484.201, NAN, NAN, NAN, NAN,,2024/04/14 17:58:48.763,2024-04-14 17:58:48.763000+00:00
2024/04/14, 17:59:48.763,37.126,-74.884,11.64,191.74,192.25,11.41,12.6,12.6,1014.8,1014.8,0.0,0.0,85.09,78.49,2,357,14.9,14.4,70.5,70.7,9.0,8.6,194.9,186.6,1016.9,1016.9,904.92,313.84,2234.02,31.8112,9.5128,180.6,53.3,1484.259, NAN, NAN, NAN, NAN,,2024/04/14 17:59:48.763,2024-04-14 17:59:48.763000+00:00
2024/04/14, 18:00:48.763,37.123,-74.884,11.6,191.45,190.42,11.37,12.6,12.6,1014.8,1014.8,0.0,0.0,85.09,78.49,3,357,14.9,14.4,70.3,70.4,9.1,8.6,196.5,186.5,1016.9,1016.9,904.74,313.63,2233.43,31.8143,9.5564,181.2,53.3,1484.423, NAN, NAN, NAN, NAN,,2024/04/14 18:00:48.763,2024-04-14 18:00:48.763000+00:00
2024/04/14, 18:01:48.763,37.12,-74.885,11.63,192.17,192.59,11.36,12.6,12.6,1014.7,1014.8,0.0,0.0,85.09,78.49,3,357,15.0,14.2,70.5,70.5,9.2,8.4,197.0,187.0,1016.8,1016.9,904.73,313.75,2233.05,31.8131,9.5798,180.3,53.2,1484.507, NAN, NAN, NAN, NAN,,2024/04/14 18:01:48.763,2024-04-14 18:01:48.763000+00:00
2024/04/14, 18:02:48.763,37.117,-74.886,11.6,190.88,190.76,11.33,12.7,12.7,1014.7,1014.8,0.0,0.0,85.09,78.49,4,358,14.9,14.4,70.5,70.3,9.1,8.6,197.0,187.0,1016.8,1016.9,904.65,313.82,2232.33,31.8131,9.5904,179.1,52.9,1484.546, NAN, NAN, NAN, NAN,,2024/04/14 18:02:48.763,2024-04-14 18:02:48.763000+00:00
2024/04/14, 18:03:48.763,37.114,-74.887,11.58,191.25,191.61,11.43,12.7,12.7,1014.7,1014.7,0.0,0.0,85.09,78.49,3,357,14.9,14.9,70.0,70.2,9.0,9.0,195.8,185.9,1016.8,1016.8,902.59,313.5,2231.84,31.8132,9.5853,178.2,53.2,1484.527, NAN, NAN, NAN, NAN,,2024/04/14 18:03:48.763,2024-04-14 18:03:48.763000+00:00
2024/04/14, 18:04:48.763,37.111,-74.888,11.6,191.59,194.25,11.25,12.7,12.7,1014.7,1014.8,0.0,0.0,85.09,78.49,3,357,14.7,14.4,69.9,70.2,8.9,8.6,195.9,185.9,1016.8,1016.9,902.86,314.05,2231.57,31.812,9.5917,177.0,53.2,1484.549, NAN, NAN, NAN, NAN,,2024/04/14 18:04:48.763,2024-04-14 18:04:48.763000+00:00
2024/04/14, 18:05:48.763,37.108,-74.889,11.6,191.05,192.05,11.45,12.7,12.7,1014.5,1014.7,0.0,0.0,85.09,78.49,3,357,15.0,14.9,69.7,69.8,9.1,9.0,195.1,185.2,1016.6,1016.8,903.25,313.7,2231.03,31.8107,9.6058,176.4,53.2,1484.599, NAN, NAN, NAN, NAN,,2024/04/14 18:05:48.763,2024-04-14 18:05:48.763000+00:00
2024/04/14, 18:06:48.763,37.105,-74.889,11.54,191.79,192.3,11.29,12.8,12.8,1014.5,1014.7,0.0,0.0,85.09,78.49,3,357,15.0,14.7,69.3,69.4,9.2,8.9,196.5,186.6,1016.6,1016.8,902.75,313.82,2230.41,31.8131,9.6208,176.0,53.2,1484.657, NAN, NAN, NAN, NAN,,2024/04/14 18:06:48.763,2024-04-14 18:06:48.763000+00:00
2024/04/14, 18:07:48.763,37.102,-74.89,11.5,190.89,190.83,11.3,12.8,12.8,1014.6,1014.7,0.0,0.0,85.09,78.49,3,356,14.8,14.3,69.3,69.3,9.0,8.5,195.5,183.8,1016.7,1016.8,902.72,313.73,2229.83,31.8126,9.6297,175.4,53.2,1484.689, NAN, NAN, NAN, NAN,,2024/04/14 18:07:48.763,2024-04-14 18:07:48.763000+00:00
2024/04/14, 18:08:48.763,37.099,-74.891,11.58,191.34,193.04,11.28,12.8,12.8,1014.5,1014.7,0.0,0.0,85.09,78.49,2,356,15.1,14.4,69.2,69.3,9.3,8.6,193.8,183.8,1016.6,1016.8,901.55,313.74,2229.39,31.8122,9.6295,175.4,53.4,1484.688, NAN, NAN, NAN, NAN,,2024/04/14 18:08:48.763,2024-04-14 18:08:48.763000+00:00
2024/04/14, 18:09:48.764,37.096,-74.892,11.5,191.14,191.13,11.29,12.8,12.8,1014.5,1014.6,0.0,0.0,85.09,78.49,3,357,14.8,14.4,69.0,69.2,9.0,8.6,195.5,185.5,1016.6,1016.7,901.45,313.46,2228.59,31.8103,9.6294,175.4,53.3,1484.685, NAN, NAN, NAN, NAN,,2024/04/14 18:09:48.764,2024-04-14 18:09:48.764000+00:00
2024/04/14, 18:10:48.764,37.092,-74.893,11.53,191.99,194.37,11.22,12.9,12.8,1014.6,1014.6,0.0,0.0,85.09,78.49,2,357,15.4,14.8,69.1,69.3,9.6,9.1,194.6,186.4,1016.7,1016.7,900.55,313.97,2228.71,31.8111,9.6271,175.7,53.2,1484.678, NAN, NAN, NAN, NAN,,2024/04/14 18:10:48.764,2024-04-14 18:10:48.764000+00:00
2024/04/14, 18:11:48.764,37.089,-74.894,11.54,191.94,193.0,11.26,12.9,12.9,1014.5,1014.7,0.0,0.0,85.09,78.49,3,358,15.6,15.1,69.0,69.2,9.8,9.3,196.3,188.3,1016.6,1016.8,900.36,313.69,2228.42,31.8111,9.6174,174.8,53.2,1484.642, NAN, NAN, NAN, NAN,,2024/04/14 18:11:48.764,2024-04-14 18:11:48.764000+00:00
2024/04/14, 18:12:48.764,37.086,-74.895,11.56,191.87,194.65,11.27,12.9,12.9,1014.6,1014.7,0.0,0.0,85.09,78.49,2,357,15.2,14.7,69.2,69.2,9.4,8.9,194.3,186.1,1016.7,1016.8,899.02,313.96,2227.93,31.8118,9.6065,176.4,53.1,1484.603, NAN, NAN, NAN, NAN,,2024/04/14 18:12:48.764,2024-04-14 18:12:48.764000+00:00
2024/04/14, 18:13:48.764,37.083,-74.895,11.54,191.43,192.78,11.35,12.9,12.9,1014.6,1014.5,0.0,0.0,85.09,78.49,3,357,15.4,14.8,69.3,69.3,9.6,9.0,195.4,185.5,1016.7,1016.6,899.02,313.68,2227.39,31.8119,9.5966,176.4,53.4,1484.567, NAN, NAN, NAN, NAN,,2024/04/14 18:13:48.764,2024-04-14 18:13:48.764000+00:00
2024/04/14, 18:14:48.764,37.08,-74.896,11.55,191.08,192.22,11.33,12.9,12.9,1014.5,1014.5,0.0,0.0,85.09,78.49,2,356,15.0,14.5,69.2,69.3,9.2,8.7,193.4,183.5,1016.6,1016.6,898.84,314.01,2226.99,31.8113,9.5892,177.0,53.2,1484.539, NAN, NAN, NAN, NAN,,2024/04/14 18:14:48.764,2024-04-14 18:14:48.764000+00:00
2024/04/14, 18:15:48.764,37.077,-74.897,11.58,191.53,191.89,11.34,12.9,12.9,1014.4,1014.7,0.0,0.0,85.09,78.49,2,356,15.6,14.8,69.3,69.3,9.8,9.0,194.1,184.3,1016.5,1016.8,897.61,313.88,2226.35,31.8138,9.5726,176.0,53.3,1484.482, NAN, NAN, NAN, NAN,,2024/04/14 18:15:48.764,2024-04-14 18:15:48.764000+00:00
2024/04/14, 18:16:48.764,37.074,-74.898,11.54,191.17,192.43,11.29,12.9,12.9,1014.5,1014.7,0.0,0.0,85.09,78.49,2,356,15.2,14.7,69.1,69.1,9.4,8.9,193.6,183.7,1016.6,1016.8,897.05,313.65,2225.9,31.8181,9.5699,177.9,53.3,1484.477, NAN, NAN, NAN, NAN,,2024/04/14 18:16:48.764,2024-04-14 18:16:48.764000+00:00
2024/04/14, 18:17:48.764,37.071,-74.899,11.6,191.09,192.0,11.34,12.9,12.9,1014.4,1014.7,0.0,0.0,85.09,78.49,2,356,15.1,14.6,69.3,69.5,9.3,8.8,193.5,183.5,1016.5,1016.8,896.23,313.99,2225.47,31.8247,9.5643,178.2,53.2,1484.465, NAN, NAN, NAN, NAN,,2024/04/14 18:17:48.764,2024-04-14 18:17:48.764000+00:00
2024/04/14, 18:18:48.764,37.068,-74.9,11.67,191.8,193.7,11.36,12.9,12.9,1014.4,1014.5,0.0,0.0,85.09,78.49,2,356,14.9,14.5,69.2,69.4,9.1,8.7,194.1,184.0,1016.5,1016.6,895.86,314.07,2225.03,31.832,9.5666,178.8,53.3,1484.482, NAN, NAN, NAN, NAN,,2024/04/14 18:18:48.764,2024-04-14 18:18:48.764000+00:00
2024/04/14, 18:19:48.764,37.065,-74.901,11.66,191.21,192.8,11.43,12.9,12.9,1014.4,1014.5,0.0,0.0,85.09,78.49,1,356,14.9,14.5,69.3,69.4,9.0,8.7,191.7,183.3,1016.5,1016.6,895.28,313.71,2224.58,31.8393,9.5765,180.6,53.2,1484.527, NAN, NAN, NAN, NAN,,2024/04/14 18:19:48.764,2024-04-14 18:19:48.764000+00:00
2024/04/14, 18:20:48.764,37.062,-74.902,11.69,191.92,194.48,11.3,12.9,12.9,1014.4,1014.5,0.0,0.0,85.09,78.49,1,355,15.5,14.3,69.0,69.0,9.7,8.6,192.3,182.2,1016.5,1016.6,893.66,314.22,2224.04,31.8505,9.601,180.6,53.3,1484.63, NAN, NAN, NAN, NAN,,2024/04/14 18:20:48.764,2024-04-14 18:20:48.764000+00:00
2024/04/14, 18:21:48.764,37.059,-74.903,11.71,191.8,193.98,11.4,12.9,13.0,1014.4,1014.5,0.0,0.0,85.09,78.49,1,355,14.9,14.2,69.1,69.1,9.0,8.4,192.3,182.1,1016.5,1016.6,893.3,313.88,2223.24,31.8644,9.6219,181.2,53.3,1484.724, NAN, NAN, NAN, NAN,,2024/04/14 18:21:48.764,2024-04-14 18:21:48.764000+00:00
2024/04/14, 18:22:48.764,37.056,-74.903,11.7,191.26,191.03,11.35,12.9,13.0,1014.4,1014.5,0.0,0.0,85.09,78.49,2,356,15.1,14.7,69.1,69.2,9.3,8.9,193.8,183.9,1016.5,1016.6,891.93,314.1,2222.55,31.8775,9.6846,181.6,53.3,1484.969, NAN, NAN, NAN, NAN,,2024/04/14 18:22:48.764,2024-04-14 18:22:48.764000+00:00
2024/04/14, 18:23:48.764,37.052,-74.904,11.67,191.98,193.07,11.4,13.0,13.0,1014.5,1014.4,0.0,0.0,85.09,78.49,1,355,15.5,14.9,69.0,69.0,9.6,9.1,192.6,182.7,1016.6,1016.5,891.3,314.21,2221.58,31.8887,9.7583,183.1,53.4,1485.251, NAN, NAN, NAN, NAN,,2024/04/14 18:23:48.764,2024-04-14 18:23:48.764000+00:00
2024/04/14, 18:24:48.764,37.049,-74.905,11.61,191.29,193.05,11.27,13.0,13.0,1014.4,1014.5,0.0,0.0,85.09,78.49,1,356,15.1,14.5,69.1,68.8,9.3,8.8,191.8,183.5,1016.5,1016.6,890.05,313.95,2221.15,31.8948,9.8188,182.1,53.4,1485.479, NAN, NAN, NAN, NAN,,2024/04/14 18:24:48.764,2024-04-14 18:24:48.764000+00:00
2024/04/14, 18:25:48.765,37.046,-74.906,11.63,191.43,193.68,11.31,13.0,13.0,1014.4,1014.6,0.0,0.0,85.09,78.49,2,357,14.6,14.4,69.2,69.2,8.8,8.6,193.6,185.2,1016.5,1016.7,888.83,313.86,2220.28,31.9093,9.8867,180.9,53.6,1485.743, NAN, NAN, NAN, NAN,,2024/04/14 18:25:48.765,2024-04-14 18:25:48.765000+00:00
2024/04/14, 18:26:48.765,37.043,-74.907,11.69,191.77,191.76,11.45,13.0,13.0,1014.5,1014.5,0.0,0.0,85.09,78.49,2,356,14.8,14.4,69.2,69.3,8.9,8.5,194.6,184.5,1016.6,1016.6,887.47,314.37,2219.56,31.9216,9.9683,180.9,53.7,1486.054, NAN, NAN, NAN, NAN,,2024/04/14 18:26:48.765,2024-04-14 18:26:48.765000+00:00
2024/04/14, 18:27:48.765,37.04,-74.908,11.75,192.15,194.55,11.26,13.0,13.0,1014.3,1014.5,0.0,0.0,85.09,78.49,2,356,14.9,14.4,69.1,69.2,9.1,8.7,194.6,184.6,1016.4,1016.6,887.59,314.22,2218.98,31.9293,10.088,180.6,53.7,1486.497, NAN, NAN, NAN, NAN,,2024/04/14 18:27:48.765,2024-04-14 18:27:48.765000+00:00
2024/04/14, 18:28:48.765,37.037,-74.909,11.73,191.56,190.65,11.35,13.0,13.0,1014.4,1014.5,0.0,0.0,85.09,78.49,3,356,14.9,14.4,69.0,69.0,9.1,8.6,196.3,184.6,1016.5,1016.6,885.38,314.0,2218.57,31.9359,10.2135,179.7,53.7,1486.957, NAN, NAN, NAN, NAN,,2024/04/14 18:28:48.765,2024-04-14 18:28:48.765000+00:00
2024/04/14, 18:29:48.765,37.034,-74.91,11.75,191.45,192.28,11.31,13.0,13.0,1014.5,1014.5,0.0,0.0,85.09,78.49,2,357,14.5,13.8,68.8,69.0,8.7,8.0,194.2,185.7,1016.6,1016.6,884.12,314.1,2217.97,31.9429,10.316,178.2,53.7,1487.334, NAN, NAN, NAN, NAN,,2024/04/14 18:29:48.765,2024-04-14 18:29:48.765000+00:00
2024/04/14, 18:30:48.765,37.031,-74.911,11.75,191.24,190.83,11.29,13.0,13.0,1014.4,1014.5,0.0,0.0,85.09,78.49,3,358,14.5,14.3,69.1,69.4,8.7,8.5,195.9,187.6,1016.5,1016.6,882.93,314.17,2217.22,31.9432,10.405,177.9,53.7,1487.654, NAN, NAN, NAN, NAN,,2024/04/14 18:30:48.765,2024-04-14 18:30:48.765000+00:00
2024/04/14, 18:31:48.765,37.028,-74.911,11.72,191.51,190.68,11.23,13.0,13.0,1014.4,1014.5,0.0,0.0,85.09,78.49,3,357,14.5,14.0,69.2,69.1,8.7,8.2,196.2,186.1,1016.5,1016.6,882.67,314.22,2215.85,31.938,10.4296,177.6,53.8,1487.736, NAN, NAN, NAN, NAN,,2024/04/14 18:31:48.765,2024-04-14 18:31:48.765000+00:00
2024/04/14, 18:32:48.765,37.025,-74.912,11.7,191.89,193.31,11.19,13.0,13.0,1014.5,1014.5,0.0,0.0,85.09,78.49,4,357,14.5,13.5,68.8,69.1,8.8,7.8,198.0,186.1,1016.6,1016.6,879.81,314.13,2215.72,31.9333,10.4408,176.0,53.9,1487.77, NAN, NAN, NAN, NAN,,2024/04/14 18:32:48.765,2024-04-14 18:32:48.765000+00:00
2024/04/14, 18:33:48.765,37.022,-74.913,11.71,192.09,193.19,11.2,13.0,13.0,1014.4,1014.5,0.0,0.0,85.09,78.49,3,357,14.3,13.8,68.8,68.9,8.5,8.1,196.5,186.3,1016.5,1016.6,878.63,314.01,2215.19,31.9285,10.4618,176.7,53.8,1487.84, NAN, NAN, NAN, NAN,,2024/04/14 18:33:48.765,2024-04-14 18:33:48.765000+00:00
2024/04/14, 18:34:48.765,37.019,-74.914,11.64,192.35,192.48,11.12,13.1,13.1,1014.5,1014.5,0.0,0.0,85.09,78.49,3,358,14.5,14.1,68.6,68.6,8.8,8.4,196.6,188.3,1016.6,1016.6,877.79,314.63,2214.89,31.9265,10.5197,176.7,53.9,1488.044, NAN, NAN, NAN, NAN,,2024/04/14 18:34:48.765,2024-04-14 18:34:48.765000+00:00
2024/04/14, 18:35:48.765,37.016,-74.915,11.62,191.29,193.73,11.24,13.1,13.1,1014.4,1014.5,0.0,0.0,85.09,78.49,4,358,14.1,13.7,68.6,68.7,8.3,7.9,196.8,186.5,1016.5,1016.6,874.78,314.02,2214.03,31.9222,10.5642,177.6,54.0,1488.198, NAN, NAN, NAN, NAN,,2024/04/14 18:35:48.765,2024-04-14 18:35:48.765000+00:00
2024/04/14, 18:36:48.765,37.013,-74.916,11.57,191.51,191.83,11.15,13.1,13.1,1014.4,1014.5,0.0,0.0,85.09,78.49,3,357,14.3,13.7,68.7,68.7,8.6,8.0,196.2,186.0,1016.5,1016.6,873.36,314.38,2213.32,31.9161,10.6295,176.7,54.1,1488.424, NAN, NAN, NAN, NAN,,2024/04/14 18:36:48.765,2024-04-14 18:36:48.765000+00:00
2024/04/14, 18:37:48.765,37.01,-74.917,11.56,192.32,192.53,11.24,13.1,13.1,1014.4,1014.5,0.0,0.0,85.09,78.49,3,357,14.4,13.8,68.6,68.6,8.6,8.0,196.9,186.7,1016.5,1016.6,871.33,314.06,2213.21,31.9064,10.7039,178.5,54.0,1488.677, NAN, NAN, NAN, NAN,,2024/04/14 18:37:48.765,2024-04-14 18:37:48.765000+00:00
2024/04/14, 18:38:48.765,37.007,-74.917,11.65,192.03,192.95,11.27,13.1,13.1,1014.4,1014.5,0.0,0.0,85.09,78.49,3,357,14.3,13.7,68.5,68.7,8.5,7.9,196.4,186.1,1016.5,1016.6,870.32,314.17,2212.43,31.8925,10.7302,177.2,53.8,1488.754, NAN, NAN, NAN, NAN,,2024/04/14 18:38:48.765,2024-04-14 18:38:48.765000+00:00
2024/04/14, 18:39:48.765,37.004,-74.918,11.65,191.31,193.01,11.3,13.1,13.1,1014.4,1014.5,0.0,0.0,85.09,78.49,4,358,14.0,13.6,68.4,68.4,8.2,7.8,197.1,186.7,1016.5,1016.6,868.24,314.24,2211.22,31.8728,10.7317,177.2,54.0,1488.735, NAN, NAN, NAN, NAN,,2024/04/14 18:39:48.765,2024-04-14 18:39:48.765000+00:00
2024/04/14, 18:40:48.765,37.001,-74.919,11.66,192.18,192.25,11.16,13.1,13.1,1014.5,1014.4,0.0,0.0,85.09,78.49,3,357,14.4,13.9,68.6,68.7,8.7,8.2,197.4,187.3,1016.6,1016.5,866.79,314.44,2210.41,31.8548,10.7375,177.0,54.1,1488.734, NAN, NAN, NAN, NAN,,2024/04/14 18:40:48.765,2024-04-14 18:40:48.765000+00:00
2024/04/14, 18:41:48.766,36.998,-74.92,11.61,192.95,193.55,11.17,13.1,13.1,1014.4,1014.4,0.0,0.0,85.09,78.49,2,356,13.9,13.6,68.7,68.6,8.2,7.9,195.8,185.4,1016.5,1016.5,864.28,314.3,2210.76,31.8428,10.7267,179.1,54.1,1488.681, NAN, NAN, NAN, NAN,,2024/04/14 18:41:48.766,2024-04-14 18:41:48.766000+00:00
2024/04/14, 18:42:48.766,36.995,-74.921,11.64,191.79,193.07,11.15,13.1,13.1,1014.4,1014.4,0.0,0.0,85.09,78.49,4,358,14.4,13.8,68.7,68.5,8.7,8.1,197.7,187.6,1016.5,1016.5,863.11,314.27,2208.99,31.8285,10.7119,180.0,54.0,1488.611, NAN, NAN, NAN, NAN,,2024/04/14 18:42:48.766,2024-04-14 18:42:48.766000+00:00
2024/04/14, 18:43:48.766,36.991,-74.922,11.67,191.18,191.9,11.19,13.1,13.1,1014.3,1014.4,0.0,0.0,85.09,78.49,4,359,14.3,14.0,68.3,68.3,8.6,8.3,197.2,188.8,1016.4,1016.5,861.07,314.77,2207.77,31.8194,10.7167,180.0,54.0,1488.617, NAN, NAN, NAN, NAN,,2024/04/14 18:43:48.766,2024-04-14 18:43:48.766000+00:00
2024/04/14, 18:44:48.766,36.988,-74.923,11.7,192.0,192.16,11.29,13.1,13.2,1014.3,1014.4,0.0,0.0,85.09,78.49,4,358,14.2,13.8,68.2,68.2,8.4,8.0,198.6,188.4,1016.4,1016.5,858.67,314.6,2207.96,31.8104,10.7105,179.4,53.9,1488.585, NAN, NAN, NAN, NAN,,2024/04/14 18:44:48.766,2024-04-14 18:44:48.766000+00:00
2024/04/14, 18:45:48.766,36.985,-74.924,11.74,191.92,194.37,11.27,13.1,13.2,1014.3,1014.3,0.0,0.0,85.09,78.49,3,358,14.2,13.9,67.8,67.8,8.4,8.1,195.3,186.8,1016.4,1016.4,855.27,314.56,2207.49,31.7996,10.6758,180.3,54.2,1488.448, NAN, NAN, NAN, NAN,,2024/04/14 18:45:48.766,2024-04-14 18:45:48.766000+00:00
2024/04/14, 18:46:48.766,36.982,-74.924,11.73,192.27,194.86,11.32,13.2,13.2,1014.4,1014.4,0.0,0.0,85.09,78.49,4,358,14.8,13.8,67.8,67.8,9.0,8.0,198.0,187.8,1016.5,1016.5,854.98,314.23,2206.49,31.7858,10.6562,180.6,54.2,1488.361, NAN, NAN, NAN, NAN,,2024/04/14 18:46:48.766,2024-04-14 18:46:48.766000+00:00
2024/04/14, 18:47:48.766,36.979,-74.925,11.78,192.29,193.89,11.2,13.2,13.2,1014.1,1014.3,0.0,0.0,85.09,78.49,4,358,14.7,14.2,67.6,67.8,9.0,8.5,198.0,188.0,1016.2,1016.4,854.54,314.11,2205.12,31.7796,10.6604,181.6,54.0,1488.369, NAN, NAN, NAN, NAN,,2024/04/14 18:47:48.766,2024-04-14 18:47:48.766000+00:00
2024/04/14, 18:48:48.766,36.976,-74.926,11.76,190.45,193.8,11.14,13.2,13.2,1014.3,1014.3,0.0,0.0,85.09,78.49,4,358,14.5,13.9,67.3,67.3,8.8,8.2,195.1,184.9,1016.4,1016.4,850.67,314.57,2204.51,31.7734,10.6628,182.8,54.1,1488.37, NAN, NAN, NAN, NAN,,2024/04/14 18:48:48.766,2024-04-14 18:48:48.766000+00:00
2024/04/14, 18:49:48.766,36.973,-74.927,11.67,188.56,187.49,11.11,13.2,13.2,1014.3,1014.4,0.0,0.0,85.09,78.49,7,2,14.4,13.9,67.3,67.4,8.8,8.2,200.3,192.1,1016.4,1016.5,842.93,314.37,2201.26,31.7673,10.6575,183.1,54.1,1488.344, NAN, NAN, NAN, NAN,,2024/04/14 18:49:48.766,2024-04-14 18:49:48.766000+00:00
2024/04/14, 18:50:48.766,36.97,-74.928,11.7,187.86,188.42,11.15,13.2,13.2,1014.3,1014.3,0.0,0.0,85.09,78.49,7,2,14.0,13.5,67.3,67.5,8.3,7.8,198.8,190.4,1016.4,1016.4,840.68,313.89,2200.32,31.7619,10.653,183.4,54.1,1488.321, NAN, NAN, NAN, NAN,,2024/04/14 18:50:48.766,2024-04-14 18:50:48.766000+00:00
2024/04/14, 18:51:48.766,36.967,-74.928,11.69,188.32,188.65,11.12,13.2,13.2,1014.3,1014.3,0.0,0.0,85.09,78.49,8,2,14.7,14.1,67.4,67.6,9.1,8.4,201.5,191.8,1016.4,1016.4,838.58,314.17,2199.43,31.7582,10.6903,182.8,54.1,1488.45, NAN, NAN, NAN, NAN,,2024/04/14 18:51:48.766,2024-04-14 18:51:48.766000+00:00
2024/04/14, 18:52:48.766,36.964,-74.929,11.65,187.76,188.42,11.27,13.2,13.2,1014.3,1014.4,0.0,0.0,85.09,78.49,7,1,14.7,14.1,67.5,67.6,9.0,8.3,198.3,188.4,1016.4,1016.5,837.27,314.29,2198.22,31.7546,10.7259,183.1,54.1,1488.572, NAN, NAN, NAN, NAN,,2024/04/14 18:52:48.766,2024-04-14 18:52:48.766000+00:00
2024/04/14, 18:53:48.766,36.961,-74.929,11.65,188.29,189.96,11.17,13.2,13.2,1014.3,1014.4,0.0,0.0,85.09,78.49,7,2,14.7,14.3,66.8,67.7,9.0,8.6,199.2,191.0,1016.4,1016.5,833.73,314.48,2197.69,31.7474,10.7254,183.6,54.1,1488.561, NAN, NAN, NAN, NAN,,2024/04/14 18:53:48.766,2024-04-14 18:53:48.766000+00:00
2024/04/14, 18:54:48.766,36.958,-74.93,11.64,188.1,188.04,11.22,13.2,13.2,1014.3,1014.3,0.0,0.0,85.09,78.49,7,2,14.3,13.7,66.2,66.3,8.6,7.9,199.9,191.6,1016.4,1016.4,831.19,314.22,2196.44,31.7344,10.7094,183.6,54.1,1488.489, NAN, NAN, NAN, NAN,,2024/04/14 18:54:48.766,2024-04-14 18:54:48.766000+00:00
2024/04/14, 18:55:48.766,36.955,-74.93,11.7,188.58,190.24,11.14,13.3,13.3,1014.2,1014.3,0.0,0.0,85.09,78.49,7,2,14.3,13.9,66.3,66.5,8.6,8.2,199.5,191.3,1016.3,1016.4,828.79,314.92,2196.02,31.7239,10.6965,184.6,54.0,1488.43, NAN, NAN, NAN, NAN,,2024/04/14 18:55:48.766,2024-04-14 18:55:48.766000+00:00
2024/04/14, 18:56:48.767,36.952,-74.931,11.72,187.72,187.29,11.17,13.3,13.3,1014.3,1014.3,0.0,0.0,85.09,78.49,7,2,14.3,13.8,65.7,65.8,8.6,8.1,199.3,191.1,1016.4,1016.4,827.6,314.7,2194.81,31.7172,10.7028,186.1,54.1,1488.445, NAN, NAN, NAN, NAN,,2024/04/14 18:56:48.767,2024-04-14 18:56:48.767000+00:00
2024/04/14, 18:57:48.767,36.948,-74.932,11.69,188.25,188.38,11.35,13.3,13.3,1014.3,1014.3,0.0,0.0,85.09,78.49,7,1,14.5,14.1,65.6,65.6,8.7,8.3,199.6,189.6,1016.4,1016.4,824.1,314.99,2194.3,31.7119,10.6967,187.0,54.1,1488.416, NAN, NAN, NAN, NAN,,2024/04/14 18:57:48.767,2024-04-14 18:57:48.767000+00:00
2024/04/14, 18:58:48.767,36.945,-74.932,11.69,187.62,187.58,11.21,13.3,13.4,1014.1,1014.3,0.0,0.0,85.09,78.49,7,2,14.7,14.0,65.5,65.6,9.0,8.2,198.7,190.5,1016.2,1016.4,821.19,315.26,2193.19,31.7109,10.6676,187.3,53.8,1488.312, NAN, NAN, NAN, NAN,,2024/04/14 18:58:48.767,2024-04-14 18:58:48.767000+00:00
2024/04/14, 18:59:48.767,36.942,-74.933,11.7,188.24,189.15,11.18,13.4,13.4,1014.1,1014.3,0.0,0.0,85.09,78.49,7,1,14.7,14.3,64.8,64.8,9.0,8.6,199.5,189.7,1016.2,1016.4,822.2,315.25,2192.15,31.713,10.6367,187.3,53.9,1488.204, NAN, NAN, NAN, NAN,,2024/04/14 18:59:48.767,2024-04-14 18:59:48.767000+00:00
2024/04/14, 19:00:48.767,36.939,-74.933,11.76,188.13,188.51,11.16,13.4,13.4,1014.3,1014.3,0.0,0.0,85.09,78.49,7,1,14.6,13.8,64.9,64.9,8.9,8.1,199.6,189.8,1016.4,1016.4,817.86,315.39,2191.14,31.7148,10.6161,187.6,54.0,1488.133, NAN, NAN, NAN, NAN,,2024/04/14 19:00:48.767,2024-04-14 19:00:48.767000+00:00
2024/04/14, 19:01:48.767,36.936,-74.934,11.72,188.35,188.91,11.2,13.4,13.4,1014.3,1014.1,0.0,0.0,85.09,78.49,6,1,14.5,14.0,64.8,65.0,8.8,8.2,198.5,190.3,1016.4,1016.2,816.12,315.43,2190.08,31.7172,10.6027,188.0,54.1,1488.088, NAN, NAN, NAN, NAN,,2024/04/14 19:01:48.767,2024-04-14 19:01:48.767000+00:00
2024/04/14, 19:02:48.767,36.933,-74.935,11.81,188.28,190.47,11.27,13.4,13.4,1014.3,1014.2,0.0,0.0,85.09,78.49,8,2,14.7,14.3,64.8,64.8,9.0,8.5,200.3,190.4,1016.4,1016.3,814.41,315.39,2188.97,31.7199,10.5943,187.6,54.1,1488.061, NAN, NAN, NAN, NAN,,2024/04/14 19:02:48.767,2024-04-14 19:02:48.767000+00:00
2024/04/14, 19:03:48.767,36.93,-74.935,11.79,188.33,189.3,11.28,13.4,13.4,1014.0,1014.3,0.0,0.0,85.09,78.49,6,1,14.7,14.0,64.6,64.9,8.9,8.2,197.9,189.7,1016.1,1016.4,811.3,315.42,2188.27,31.7193,10.5876,188.0,54.0,1488.036, NAN, NAN, NAN, NAN,,2024/04/14 19:03:48.767,2024-04-14 19:03:48.767000+00:00
2024/04/14, 19:04:48.767,36.927,-74.936,11.76,188.18,188.29,11.21,13.4,13.4,1014.0,1014.1,0.0,0.0,85.09,78.49,8,2,15.1,14.6,64.6,64.9,9.4,8.8,200.6,190.9,1016.1,1016.2,809.2,315.86,2186.88,31.7187,10.5922,188.8,53.7,1488.052, NAN, NAN, NAN, NAN,,2024/04/14 19:04:48.767,2024-04-14 19:04:48.767000+00:00
2024/04/14, 19:05:48.767,36.924,-74.936,11.75,188.15,190.6,11.36,13.5,13.5,1014.1,1014.2,0.0,0.0,85.09,78.49,7,2,14.3,13.9,64.3,64.3,8.5,8.1,199.0,190.5,1016.2,1016.3,804.19,315.9,2186.22,31.717,10.5954,188.5,53.9,1488.062, NAN, NAN, NAN, NAN,,2024/04/14 19:05:48.767,2024-04-14 19:05:48.767000+00:00
2024/04/14, 19:06:48.767,36.921,-74.937,11.87,187.66,187.29,11.32,13.5,13.5,1014.0,1014.0,0.0,0.0,85.09,78.49,7,1,14.8,14.4,64.8,64.5,9.0,8.6,198.7,188.8,1016.1,1016.1,804.1,316.06,2184.97,31.7143,10.5997,188.8,54.0,1488.074, NAN, NAN, NAN, NAN,,2024/04/14 19:06:48.767,2024-04-14 19:06:48.767000+00:00
2024/04/14, 19:07:48.767,36.918,-74.937,11.52,179.8,181.75,10.93,13.5,13.5,1014.0,1014.1,0.0,0.0,85.09,78.49,11,6,15.1,14.3,64.4,64.5,9.6,8.7,196.2,188.5,1016.1,1016.2,796.94,315.91,2178.92,31.7126,10.5917,189.2,54.0,1488.043, NAN, NAN, NAN, NAN,,2024/04/14 19:07:48.767,2024-04-14 19:07:48.767000+00:00
2024/04/14, 19:08:48.767,36.914,-74.937,11.52,179.62,178.83,11.07,13.5,13.5,1014.1,1014.2,0.0,0.0,85.09,78.49,12,6,15.4,14.7,64.3,64.4,9.9,9.1,198.3,189.1,1016.2,1016.3,800.62,316.22,2177.49,31.7101,10.6054,189.2,54.1,1488.089, NAN, NAN, NAN, NAN,,2024/04/14 19:08:48.767,2024-04-14 19:08:48.767000+00:00
2024/04/14, 19:09:48.767,36.911,-74.937,11.63,179.4,178.66,11.23,13.5,13.5,1014.1,1014.0,0.0,0.0,85.09,78.49,12,6,15.2,14.6,64.0,64.1,9.6,8.9,198.6,189.3,1016.2,1016.1,796.19,316.8,2175.8,31.7108,10.6338,188.5,54.2,1488.191, NAN, NAN, NAN, NAN,,2024/04/14 19:09:48.767,2024-04-14 19:09:48.767000+00:00
2024/04/14, 19:10:48.767,36.908,-74.937,11.68,180.23,179.33,11.16,13.5,13.5,1014.0,1014.1,0.0,0.0,85.09,78.49,12,7,15.0,14.4,64.1,64.1,9.5,8.8,200.1,192.5,1016.1,1016.2,794.4,316.47,2174.81,31.7106,10.6786,188.3,54.1,1488.35, NAN, NAN, NAN, NAN,,2024/04/14 19:10:48.767,2024-04-14 19:10:48.767000+00:00
2024/04/14, 19:11:48.767,36.905,-74.937,11.58,179.7,178.22,11.18,13.5,13.5,1014.0,1014.0,0.0,0.0,85.09,78.49,13,7,15.2,14.3,64.0,64.3,9.7,8.6,200.9,191.9,1016.1,1016.1,793.07,316.54,2173.33,31.7096,10.7019,188.8,54.1,1488.432, NAN, NAN, NAN, NAN,,2024/04/14 19:11:48.767,2024-04-14 19:11:48.767000+00:00
2024/04/14, 19:12:48.768,36.902,-74.937,11.65,180.02,178.79,11.12,13.5,13.5,1014.0,1014.2,0.0,0.0,85.09,78.49,12,7,14.7,14.3,64.0,64.2,9.2,8.7,199.5,191.7,1016.1,1016.3,789.97,316.39,2172.7,31.7088,10.6978,188.8,54.1,1488.417, NAN, NAN, NAN, NAN,,2024/04/14 19:12:48.768,2024-04-14 19:12:48.768000+00:00
2024/04/14, 19:13:48.768,36.899,-74.937,11.67,179.92,180.28,11.2,13.5,13.5,1014.0,1014.1,0.0,0.0,85.09,78.49,13,7,14.9,14.4,64.2,64.3,9.4,8.7,200.4,191.0,1016.1,1016.2,789.38,316.16,2172.26,31.7059,10.6896,188.8,54.1,1488.384, NAN, NAN, NAN, NAN,,2024/04/14 19:13:48.768,2024-04-14 19:13:48.768000+00:00
2024/04/14, 19:14:48.768,36.896,-74.937,11.68,179.85,179.2,11.28,13.5,13.5,1013.9,1014.0,0.0,0.0,85.09,78.49,12,7,14.5,13.9,64.2,64.4,8.9,8.2,199.9,192.1,1016.0,1016.1,785.44,316.07,2169.9,31.7057,10.7024,189.5,54.1,1488.429, NAN, NAN, NAN, NAN,,2024/04/14 19:14:48.768,2024-04-14 19:14:48.768000+00:00
2024/04/14, 19:15:48.768,36.893,-74.937,11.62,180.24,179.34,11.16,13.5,13.5,1013.9,1014.0,0.0,0.0,85.09,78.49,13,7,14.6,14.0,64.4,64.6,9.1,8.4,201.9,192.6,1016.0,1016.1,783.08,316.2,2168.77,31.7085,10.723,190.4,53.6,1488.506, NAN, NAN, NAN, NAN,,2024/04/14 19:15:48.768,2024-04-14 19:15:48.768000+00:00
2024/04/14, 19:16:48.768,36.89,-74.937,11.67,179.79,178.96,11.18,13.5,13.5,1013.9,1014.0,0.0,0.0,85.09,78.49,13,7,14.5,14.0,64.5,64.5,9.0,8.3,200.9,191.5,1016.0,1016.1,780.83,316.21,2167.88,31.7125,10.7193,189.5,54.0,1488.498, NAN, NAN, NAN, NAN,,2024/04/14 19:16:48.768,2024-04-14 19:16:48.768000+00:00
2024/04/14, 19:17:48.768,36.886,-74.937,11.72,180.23,180.25,11.23,13.5,13.5,1014.1,1014.1,0.0,0.0,85.09,78.49,12,7,14.5,13.9,64.7,64.6,8.9,8.2,200.1,192.4,1016.2,1016.2,776.11,315.47,2167.66,31.7117,10.69,190.4,54.0,1488.392, NAN, NAN, NAN, NAN,,2024/04/14 19:17:48.768,2024-04-14 19:17:48.768000+00:00
2024/04/14, 19:18:48.768,36.883,-74.937,11.68,179.8,181.11,11.15,13.5,13.5,1014.0,1014.2,0.0,0.0,85.09,78.49,12,7,14.5,14.0,64.6,64.7,9.0,8.3,199.3,191.5,1016.1,1016.3,773.67,315.54,2165.65,31.7092,10.6582,191.9,54.0,1488.276, NAN, NAN, NAN, NAN,,2024/04/14 19:18:48.768,2024-04-14 19:18:48.768000+00:00
2024/04/14, 19:19:48.768,36.88,-74.937,11.68,179.03,178.12,11.17,13.4,13.4,1014.0,1014.2,0.0,0.0,85.09,78.49,13,7,14.4,13.8,64.4,64.5,8.9,8.1,200.0,190.6,1016.1,1016.3,773.15,315.51,2165.2,31.713,10.6443,192.2,53.9,1488.231, NAN, NAN, NAN, NAN,,2024/04/14 19:19:48.768,2024-04-14 19:19:48.768000+00:00
2024/04/14, 19:20:48.768,36.877,-74.937,11.73,179.45,179.46,11.27,13.4,13.5,1014.0,1014.0,0.0,0.0,85.09,78.49,12,7,14.2,13.6,64.6,64.5,8.6,7.9,199.6,191.8,1016.1,1016.1,771.96,315.66,2162.78,31.7198,10.6137,192.2,53.8,1488.13, NAN, NAN, NAN, NAN,,2024/04/14 19:20:48.768,2024-04-14 19:20:48.768000+00:00
2024/04/14, 19:21:48.768,36.874,-74.937,11.67,179.96,180.6,11.19,13.4,13.5,1013.9,1014.1,0.0,0.0,85.09,78.49,12,7,13.9,13.5,64.5,64.4,8.3,7.8,199.9,191.8,1016.0,1016.2,769.7,315.76,2162.47,31.7278,10.6308,192.8,54.0,1488.201, NAN, NAN, NAN, NAN,,2024/04/14 19:21:48.768,2024-04-14 19:21:48.768000+00:00
2024/04/14, 19:22:48.768,36.871,-74.937,11.66,179.83,181.06,11.18,13.4,13.4,1014.1,1014.1,0.0,0.0,85.09,78.49,12,7,14.1,13.4,64.8,64.6,8.6,7.7,199.8,192.0,1016.2,1016.2,766.2,315.66,2161.27,31.7326,10.6668,194.4,53.9,1488.335, NAN, NAN, NAN, NAN,,2024/04/14 19:22:48.768,2024-04-14 19:22:48.768000+00:00
2024/04/14, 19:23:48.768,36.868,-74.937,11.71,180.0,178.96,11.27,13.4,13.4,1014.1,1014.0,0.0,0.0,85.09,78.49,12,6,13.9,13.6,64.6,64.7,8.3,7.9,200.4,190.5,1016.2,1016.1,760.13,315.72,2159.99,31.74,10.701,195.0,53.7,1488.466, NAN, NAN, NAN, NAN,,2024/04/14 19:23:48.768,2024-04-14 19:23:48.768000+00:00
2024/04/14, 19:24:48.768,36.865,-74.937,11.61,178.86,177.47,11.15,13.4,13.4,1014.0,1014.0,0.0,0.0,85.09,78.49,12,7,14.0,13.4,64.1,64.3,8.5,7.8,199.4,191.5,1016.1,1016.1,761.12,315.83,2158.38,31.7414,10.7039,195.6,53.9,1488.478, NAN, NAN, NAN, NAN,,2024/04/14 19:24:48.768,2024-04-14 19:24:48.768000+00:00
2024/04/14, 19:25:48.768,36.862,-74.937,11.58,179.57,180.33,11.18,13.5,13.5,1014.0,1014.0,0.0,0.0,85.09,78.49,12,7,13.8,13.2,64.0,64.1,8.3,7.5,199.6,191.6,1016.1,1016.1,756.47,315.54,2157.12,31.7454,10.7107,197.7,54.1,1488.507, NAN, NAN, NAN, NAN,,2024/04/14 19:25:48.768,2024-04-14 19:25:48.768000+00:00
2024/04/14, 19:26:48.768,36.858,-74.937,11.67,179.48,179.65,11.17,13.5,13.5,1013.9,1014.1,0.0,0.0,85.09,78.49,12,7,13.9,13.3,63.9,64.1,8.3,7.6,199.0,191.0,1016.0,1016.2,757.41,315.54,2156.45,31.7505,10.7458,198.9,54.0,1488.638, NAN, NAN, NAN, NAN,,2024/04/14 19:26:48.768,2024-04-14 19:26:48.768000+00:00
2024/04/14, 19:27:48.768,36.855,-74.937,11.64,180.06,179.62,11.24,13.4,13.4,1013.9,1014.0,0.0,0.0,85.09,78.49,13,7,13.4,12.8,64.0,64.2,7.9,7.1,202.8,193.0,1016.0,1016.1,754.83,315.28,2155.11,31.7572,10.7759,200.8,54.1,1488.753, NAN, NAN, NAN, NAN,,2024/04/14 19:27:48.768,2024-04-14 19:27:48.768000+00:00
2024/04/14, 19:28:48.769,36.852,-74.937,11.71,180.27,180.48,11.15,13.4,13.4,1014.0,1014.0,0.0,0.0,85.09,78.49,12,7,13.9,13.3,64.5,64.6,8.4,7.6,200.6,192.7,1016.1,1016.1,753.12,315.82,2153.45,31.7604,10.793,202.9,54.1,1488.817, NAN, NAN, NAN, NAN,,2024/04/14 19:28:48.769,2024-04-14 19:28:48.769000+00:00
2024/04/14, 19:29:48.769,36.849,-74.937,11.73,180.2,180.51,11.26,13.4,13.4,1014.0,1014.0,0.0,0.0,85.09,78.49,12,6,14.4,13.6,64.0,64.0,8.8,7.9,200.2,190.8,1016.1,1016.1,749.89,316.19,2151.38,31.756,10.7992,203.2,54.2,1488.834, NAN, NAN, NAN, NAN,,2024/04/14 19:29:48.769,2024-04-14 19:29:48.769000+00:00
2024/04/14, 19:30:48.769,36.846,-74.937,11.71,179.86,179.07,11.19,13.4,13.4,1014.0,1014.0,0.0,0.0,85.09,78.49,11,5,14.0,13.6,63.9,64.0,8.5,7.9,199.4,189.7,1016.1,1016.1,745.15,316.09,2150.68,31.7503,10.8092,204.1,54.1,1488.863, NAN, NAN, NAN, NAN,,2024/04/14 19:30:48.769,2024-04-14 19:30:48.769000+00:00
2024/04/14, 19:31:48.769,36.843,-74.937,11.73,180.21,180.61,11.24,13.5,13.5,1013.8,1013.9,0.0,0.0,85.09,78.49,10,5,13.9,13.5,62.8,63.0,8.3,7.8,197.5,189.3,1015.9,1016.0,745.42,316.19,2149.78,31.7456,10.8041,203.5,54.1,1488.839, NAN, NAN, NAN, NAN,,2024/04/14 19:31:48.769,2024-04-14 19:31:48.769000+00:00
2024/04/14, 19:32:48.769,36.84,-74.937,11.76,179.63,180.04,11.25,13.5,13.5,1014.0,1014.0,0.0,0.0,85.09,78.49,11,6,13.8,13.5,62.8,62.7,8.2,7.8,198.2,189.9,1016.1,1016.1,742.2,316.18,2147.75,31.7404,10.7927,202.9,54.1,1488.792, NAN, NAN, NAN, NAN,,2024/04/14 19:32:48.769,2024-04-14 19:32:48.769000+00:00
2024/04/14, 19:33:48.769,36.837,-74.937,11.76,179.49,177.73,11.3,13.5,13.6,1013.8,1013.9,0.0,0.0,85.09,78.49,11,6,13.7,13.1,62.4,62.5,8.1,7.4,199.0,191.0,1015.9,1016.0,739.83,315.42,2146.25,31.7329,10.7732,202.0,54.0,1488.714, NAN, NAN, NAN, NAN,,2024/04/14 19:33:48.769,2024-04-14 19:33:48.769000+00:00
2024/04/14, 19:34:48.769,36.833,-74.937,11.79,179.07,177.41,11.27,13.5,13.6,1013.8,1014.0,0.0,0.0,85.09,78.49,11,6,13.9,13.5,62.7,63.1,8.3,7.8,198.4,190.3,1015.9,1016.1,739.12,315.49,2143.72,31.7254,10.7418,203.5,54.0,1488.593, NAN, NAN, NAN, NAN,,2024/04/14 19:34:48.769,2024-04-14 19:34:48.769000+00:00
2024/04/14, 19:35:48.769,36.83,-74.937,11.84,179.78,178.15,11.4,13.5,13.6,1013.9,1013.9,0.0,0.0,85.09,78.49,10,5,13.7,13.3,62.6,62.7,8.0,7.5,197.4,189.1,1016.0,1016.0,735.57,315.91,2142.87,31.7187,10.7056,202.0,54.1,1488.456, NAN, NAN, NAN, NAN,,2024/04/14 19:35:48.769,2024-04-14 19:35:48.769000+00:00
2024/04/14, 19:36:48.769,36.827,-74.937,11.8,179.62,178.17,11.29,13.6,13.6,1013.8,1013.9,0.0,0.0,85.09,78.49,11,5,13.5,13.2,62.5,62.4,7.9,7.5,199.3,189.2,1015.9,1016.0,736.28,315.64,2141.3,31.7145,10.6795,202.6,53.9,1488.358, NAN, NAN, NAN, NAN,,2024/04/14 19:36:48.769,2024-04-14 19:36:48.769000+00:00
2024/04/14, 19:37:48.769,36.824,-74.936,11.87,180.05,179.45,11.35,13.6,13.6,1013.8,1013.8,0.0,0.0,85.09,78.49,11,4,13.5,13.2,62.9,62.8,7.9,7.4,199.4,187.4,1015.9,1015.9,731.91,315.76,2140.44,31.7104,10.6756,203.5,54.1,1488.34, NAN, NAN, NAN, NAN,,2024/04/14 19:37:48.769,2024-04-14 19:37:48.769000+00:00
2024/04/14, 19:38:48.769,36.821,-74.936,11.86,179.53,178.93,11.3,13.6,13.6,1013.8,1013.8,0.0,0.0,85.09,78.49,10,4,13.5,12.9,63.0,62.9,7.9,7.1,197.6,187.6,1015.9,1015.9,730.32,315.79,2138.64,31.7036,10.6946,203.5,54.0,1488.399, NAN, NAN, NAN, NAN,,2024/04/14 19:38:48.769,2024-04-14 19:38:48.769000+00:00
2024/04/14, 19:39:48.769,36.818,-74.936,11.94,179.4,179.16,11.38,13.6,13.6,1013.8,1013.8,0.0,0.0,85.09,78.49,10,5,13.8,13.2,62.6,62.6,8.1,7.4,196.9,188.7,1015.9,1015.9,728.7,315.82,2137.72,31.6953,10.7403,202.9,54.0,1488.552, NAN, NAN, NAN, NAN,,2024/04/14 19:39:48.769,2024-04-14 19:39:48.769000+00:00
2024/04/14, 19:40:48.769,36.815,-74.936,11.89,180.07,178.35,11.37,13.6,13.6,1013.8,1013.8,0.0,0.0,85.09,78.49,10,4,13.8,13.1,62.4,62.4,8.1,7.3,198.1,188.2,1015.9,1015.9,729.81,315.71,2135.61,31.6848,10.7657,203.5,54.1,1488.629, NAN, NAN, NAN, NAN,,2024/04/14 19:40:48.769,2024-04-14 19:40:48.769000+00:00
2024/04/14, 19:41:48.769,36.811,-74.936,11.85,180.09,180.39,11.28,13.6,13.6,1013.9,1013.8,0.0,0.0,85.09,78.49,10,4,13.3,12.7,62.8,62.6,7.7,6.9,197.7,187.5,1016.0,1015.9,723.45,315.5,2134.8,31.678,10.7621,202.6,53.9,1488.608, NAN, NAN, NAN, NAN,,2024/04/14 19:41:48.769,2024-04-14 19:41:48.769000+00:00
2024/04/14, 19:42:48.769,36.808,-74.936,11.85,179.19,177.12,11.43,13.6,13.6,1013.8,1013.8,0.0,0.0,85.09,78.49,7,2,13.2,12.7,63.3,63.3,7.4,6.8,192.6,183.8,1015.9,1015.9,721.35,315.45,2133.52,31.6742,10.6891,202.9,54.0,1488.344, NAN, NAN, NAN, NAN,,2024/04/14 19:42:48.769,2024-04-14 19:42:48.769000+00:00
2024/04/14, 19:43:48.769,36.805,-74.936,11.81,179.27,177.73,11.36,13.5,13.6,1013.9,1013.7,0.0,0.0,85.09,78.49,10,4,13.9,13.4,63.0,63.3,8.2,7.6,196.9,186.9,1016.0,1015.8,719.55,316.91,2131.25,31.668,10.6429,203.5,54.1,1488.172, NAN, NAN, NAN, NAN,,2024/04/14 19:43:48.769,2024-04-14 19:43:48.769000+00:00
2024/04/14, 19:44:48.770,36.802,-74.936,11.82,180.15,180.02,11.39,13.6,13.6,1013.8,1013.8,0.0,0.0,85.09,78.49,8,2,13.1,12.7,61.7,61.5,7.4,6.9,195.0,184.4,1015.9,1015.9,717.38,315.19,2129.38,31.6687,10.6295,204.1,53.8,1488.125, NAN, NAN, NAN, NAN,,2024/04/14 19:44:48.770,2024-04-14 19:44:48.770000+00:00
2024/04/14, 19:45:48.770,36.799,-74.936,11.97,179.59,178.06,11.49,13.6,13.6,1013.8,1013.8,0.0,0.0,85.09,78.49,8,2,13.1,13.0,63.3,63.4,7.3,7.1,195.0,184.2,1015.9,1015.9,713.22,315.82,2128.36,31.6702,10.6301,205.3,54.1,1488.129, NAN, NAN, NAN, NAN,,2024/04/14 19:45:48.770,2024-04-14 19:45:48.770000+00:00
2024/04/14, 19:46:48.770,36.796,-74.936,11.87,180.2,180.54,11.42,13.6,13.6,1013.8,1013.7,0.0,0.0,85.09,78.49,7,1,13.2,12.7,63.1,63.2,7.4,6.8,193.0,182.4,1015.9,1015.8,710.15,315.58,2126.42,31.6675,10.676,205.0,53.9,1488.289, NAN, NAN, NAN, NAN,,2024/04/14 19:46:48.770,2024-04-14 19:46:48.770000+00:00
2024/04/14, 19:47:48.770,36.792,-74.936,11.82,179.54,178.44,11.45,13.5,13.6,1013.7,1013.7,0.0,0.0,85.09,78.49,7,1,13.4,12.9,63.1,63.6,7.6,7.0,192.6,182.1,1015.8,1015.8,708.18,315.94,2125.08,31.6646,10.7227,206.6,54.0,1488.452, NAN, NAN, NAN, NAN,,2024/04/14 19:47:48.770,2024-04-14 19:47:48.770000+00:00
2024/04/14, 19:48:48.770,36.789,-74.936,11.87,179.94,179.85,11.36,13.6,13.6,1013.7,1013.7,0.0,0.0,85.09,78.49,9,3,13.3,12.8,62.3,62.4,7.6,7.0,196.8,186.5,1015.8,1015.8,705.65,316.24,2122.72,31.6566,10.784,207.2,54.0,1488.66, NAN, NAN, NAN, NAN,,2024/04/14 19:48:48.770,2024-04-14 19:48:48.770000+00:00
2024/04/14, 19:49:48.770,36.786,-74.935,11.71,179.88,178.64,11.36,13.6,13.6,1013.8,1013.6,0.0,0.0,85.09,78.49,8,2,13.4,12.9,61.8,61.9,7.7,7.1,194.8,184.5,1015.9,1015.7,703.21,316.17,2121.43,31.6527,10.817,206.3,54.1,1488.773, NAN, NAN, NAN, NAN,,2024/04/14 19:49:48.770,2024-04-14 19:49:48.770000+00:00
2024/04/14, 19:50:48.770,36.783,-74.935,11.68,179.2,177.96,11.3,13.7,13.7,1013.6,1013.7,0.0,0.0,85.09,78.49,7,1,13.6,13.0,62.1,62.5,7.9,7.2,191.7,181.4,1015.7,1015.8,700.99,316.4,2120.05,31.6529,10.798,208.1,54.1,1488.706, NAN, NAN, NAN, NAN,,2024/04/14 19:50:48.770,2024-04-14 19:50:48.770000+00:00
2024/04/14, 19:51:48.770,36.78,-74.935,11.69,179.62,179.1,11.32,13.7,13.7,1013.6,1013.6,0.0,0.0,85.09,78.49,7,1,13.6,13.2,61.0,61.5,7.9,7.4,191.7,181.3,1015.7,1015.7,698.15,316.99,2118.34,31.6537,10.7639,210.5,54.0,1488.585, NAN, NAN, NAN, NAN,,2024/04/14 19:51:48.770,2024-04-14 19:51:48.770000+00:00
2024/04/14, 19:52:48.770,36.777,-74.935,11.72,179.73,179.2,11.22,13.8,13.7,1013.4,1013.7,0.0,0.0,85.09,78.49,7,2,13.9,13.4,59.5,59.7,8.2,7.6,192.3,184.0,1015.5,1015.8,698.33,317.08,2115.71,31.6585,10.7549,213.9,53.6,1488.559, NAN, NAN, NAN, NAN,,2024/04/14 19:52:48.770,2024-04-14 19:52:48.770000+00:00
2024/04/14, 19:53:48.770,36.773,-74.935,11.67,179.54,177.72,11.32,13.9,13.9,1013.7,1013.6,0.0,0.0,85.09,78.49,7,1,13.9,13.4,59.7,59.7,8.2,7.6,192.5,182.4,1015.8,1015.7,695.27,316.85,2114.11,31.6663,10.7654,213.9,53.7,1488.606, NAN, NAN, NAN, NAN,,2024/04/14 19:53:48.770,2024-04-14 19:53:48.770000+00:00
2024/04/14, 19:54:48.770,36.77,-74.935,11.71,179.43,178.7,11.32,13.9,13.9,1013.5,1013.6,0.0,0.0,85.09,78.49,6,0,13.5,13.0,59.6,59.7,7.7,7.2,190.3,179.8,1015.6,1015.7,691.25,316.36,2112.92,31.6741,10.7772,213.0,53.8,1488.657, NAN, NAN, NAN, NAN,,2024/04/14 19:54:48.770,2024-04-14 19:54:48.770000+00:00
2024/04/14, 19:55:48.770,36.767,-74.935,11.66,180.7,181.43,11.37,13.9,13.9,1013.3,1013.4,0.0,0.0,85.09,78.49,6,1,13.7,13.3,60.6,60.7,7.9,7.5,191.8,183.2,1015.4,1015.5,683.62,316.63,2110.54,31.6802,10.7793,211.5,54.0,1488.672, NAN, NAN, NAN, NAN,,2024/04/14 19:55:48.770,2024-04-14 19:55:48.770000+00:00
2024/04/14, 19:56:48.770,36.764,-74.935,11.57,179.24,178.65,11.41,13.9,13.9,1013.4,1013.5,0.0,0.0,85.09,78.49,6,0,13.9,13.5,60.2,60.3,8.1,7.6,189.6,179.3,1015.5,1015.6,686.72,316.8,2109.11,31.6857,10.775,210.2,53.9,1488.663, NAN, NAN, NAN, NAN,,2024/04/14 19:56:48.770,2024-04-14 19:56:48.770000+00:00
2024/04/14, 19:57:48.770,36.761,-74.935,11.58,179.07,178.58,11.26,13.9,13.9,1013.5,1013.4,0.0,0.0,85.09,78.49,7,1,13.9,13.7,60.1,60.0,8.2,7.9,190.7,180.5,1015.6,1015.5,683.7,317.74,2106.27,31.689,10.7809,208.4,54.0,1488.688, NAN, NAN, NAN, NAN,,2024/04/14 19:57:48.770,2024-04-14 19:57:48.770000+00:00
2024/04/14, 19:58:48.770,36.758,-74.935,11.59,179.55,180.4,11.21,13.9,13.9,1013.3,1013.4,0.0,0.0,85.09,78.49,6,0,14.1,13.4,59.2,59.1,8.4,7.6,189.6,179.5,1015.4,1015.5,680.98,317.4,2103.72,31.6938,10.7957,207.2,54.1,1488.747, NAN, NAN, NAN, NAN,,2024/04/14 19:58:48.770,2024-04-14 19:58:48.770000+00:00
2024/04/14, 19:59:48.770,36.755,-74.935,11.62,179.16,178.0,11.34,13.9,14.0,1013.3,1013.3,0.0,0.0,85.09,78.49,6,0,14.1,13.6,59.4,59.5,8.3,7.8,189.5,179.3,1015.4,1015.4,677.04,317.88,2102.38,31.6981,10.8072,206.3,54.1,1488.793, NAN, NAN, NAN, NAN,,2024/04/14 19:59:48.770,2024-04-14 19:59:48.770000+00:00
2024/04/14, 20:00:48.771,36.751,-74.935,11.66,179.73,182.78,11.25,14.0,14.0,1013.3,1013.4,0.0,0.0,85.09,78.49,6,1,14.0,13.8,58.3,58.7,8.2,8.0,188.9,180.4,1015.4,1015.5,673.32,317.89,2100.53,31.7011,10.8015,206.0,54.1,1488.776, NAN, NAN, NAN, NAN,,2024/04/14 20:00:48.771,2024-04-14 20:00:48.771000+00:00
2024/04/14, 20:01:48.771,36.748,-74.935,11.65,179.52,177.09,11.28,14.0,14.1,1013.3,1013.4,0.0,0.0,85.09,78.49,5,0,13.8,13.5,58.1,58.8,8.1,7.7,189.6,181.0,1015.4,1015.5,670.27,317.34,2098.42,31.7059,10.7809,203.8,54.1,1488.709, NAN, NAN, NAN, NAN,,2024/04/14 20:01:48.771,2024-04-14 20:01:48.771000+00:00
2024/04/14, 20:02:48.771,36.745,-74.935,11.73,180.25,180.08,11.25,14.0,14.0,1013.3,1013.4,0.0,0.0,85.09,78.49,6,0,14.2,13.8,59.1,59.3,8.5,8.0,190.9,180.9,1015.4,1015.5,669.48,317.52,2095.64,31.7111,10.7833,202.9,54.3,1488.724, NAN, NAN, NAN, NAN,,2024/04/14 20:02:48.771,2024-04-14 20:02:48.771000+00:00
2024/04/14, 20:03:48.771,36.742,-74.935,11.64,179.5,178.83,11.4,14.0,14.0,1013.4,1013.4,0.0,0.0,85.09,78.49,6,0,14.5,14.0,58.6,59.3,8.7,8.1,189.5,179.5,1015.5,1015.5,663.94,317.62,2095.08,31.7118,10.8186,204.1,54.2,1488.85, NAN, NAN, NAN, NAN,,2024/04/14 20:03:48.771,2024-04-14 20:03:48.771000+00:00
2024/04/14, 20:04:48.771,36.739,-74.935,11.64,179.42,177.62,11.35,14.0,14.0,1013.3,1013.3,0.0,0.0,85.09,78.49,6,0,14.1,13.5,58.9,59.1,8.3,7.7,190.5,180.3,1015.4,1015.4,659.39,316.86,2093.16,31.7142,10.8416,205.3,54.3,1488.934, NAN, NAN, NAN, NAN,,2024/04/14 20:04:48.771,2024-04-14 20:04:48.771000+00:00
2024/04/14, 20:05:48.771,36.736,-74.935,11.64,179.39,179.79,11.42,14.0,14.0,1013.2,1013.3,0.0,0.0,85.09,78.49,5,0,14.1,14.0,60.0,60.1,8.3,8.1,187.5,178.9,1015.3,1015.4,657.8,317.1,2090.64,31.7196,10.8367,206.0,54.1,1488.923, NAN, NAN, NAN, NAN,,2024/04/14 20:05:48.771,2024-04-14 20:05:48.771000+00:00
2024/04/14, 20:06:48.771,36.732,-74.935,11.58,179.14,180.43,11.45,13.9,14.0,1013.2,1013.3,0.0,0.0,85.09,78.49,5,0,14.3,13.7,59.9,60.1,8.4,7.8,186.8,178.3,1015.3,1015.4,653.15,316.94,2088.1,31.7263,10.8168,206.0,54.1,1488.861, NAN, NAN, NAN, NAN,,2024/04/14 20:06:48.771,2024-04-14 20:06:48.771000+00:00
2024/04/14, 20:07:48.771,36.729,-74.935,11.62,180.39,180.61,11.29,13.9,14.0,1013.3,1013.2,0.0,0.0,85.09,78.49,6,0,14.4,13.9,60.0,59.8,8.7,8.1,190.6,180.6,1015.4,1015.3,653.54,317.15,2085.55,31.7317,10.799,207.8,54.3,1488.804, NAN, NAN, NAN, NAN,,2024/04/14 20:07:48.771,2024-04-14 20:07:48.771000+00:00
2024/04/14, 20:08:48.771,36.726,-74.935,11.57,179.15,178.62,11.24,13.9,14.0,1013.2,1013.2,0.0,0.0,85.09,78.49,5,359,14.2,13.7,60.0,60.3,8.5,7.9,187.8,177.7,1015.3,1015.3,650.96,317.12,2083.36,31.7357,10.7938,207.5,54.2,1488.79, NAN, NAN, NAN, NAN,,2024/04/14 20:08:48.771,2024-04-14 20:08:48.771000+00:00
2024/04/14, 20:09:48.771,36.723,-74.935,11.54,179.74,180.69,11.34,13.9,14.0,1013.3,1013.3,0.0,0.0,85.09,78.49,5,359,14.2,13.9,60.4,60.6,8.4,8.1,187.8,177.5,1015.4,1015.4,643.24,317.06,2082.03,31.7408,10.7917,206.8,54.1,1488.789, NAN, NAN, NAN, NAN,,2024/04/14 20:09:48.771,2024-04-14 20:09:48.771000+00:00
2024/04/14, 20:10:48.771,36.72,-74.935,11.56,179.77,179.96,11.38,13.9,14.0,1013.2,1013.3,0.0,0.0,85.09,78.49,5,0,14.3,13.9,60.9,60.8,8.5,8.1,187.8,179.3,1015.3,1015.4,644.23,317.0,2080.19,31.7495,10.8368,208.7,54.2,1488.96, NAN, NAN, NAN, NAN,,2024/04/14 20:10:48.771,2024-04-14 20:10:48.771000+00:00
2024/04/14, 20:11:48.771,36.717,-74.934,11.59,179.5,180.13,11.32,14.0,14.0,1013.4,1013.3,0.0,0.0,85.09,78.49,4,358,13.8,13.5,60.4,60.4,8.0,7.7,186.5,176.1,1015.5,1015.4,638.84,317.4,2077.08,31.7574,10.8892,208.1,54.3,1489.155, NAN, NAN, NAN, NAN,,2024/04/14 20:11:48.771,2024-04-14 20:11:48.771000+00:00
2024/04/14, 20:12:48.771,36.714,-74.934,11.55,179.12,179.53,11.37,14.0,14.0,1013.3,1013.3,0.0,0.0,85.09,78.49,4,359,13.9,13.8,61.4,61.3,8.1,8.0,185.3,176.7,1015.4,1015.4,631.1,317.22,2077.09,31.7633,10.9362,208.7,54.3,1489.329, NAN, NAN, NAN, NAN,,2024/04/14 20:12:48.771,2024-04-14 20:12:48.771000+00:00
2024/04/14, 20:13:48.771,36.71,-74.934,11.48,179.28,176.71,11.31,14.0,14.0,1013.2,1013.3,0.0,0.0,85.09,78.49,4,358,13.7,13.3,61.1,60.9,7.9,7.5,187.4,177.0,1015.3,1015.4,631.9,317.17,2073.33,31.7669,10.9852,208.1,54.3,1489.506, NAN, NAN, NAN, NAN,,2024/04/14 20:13:48.771,2024-04-14 20:13:48.771000+00:00
2024/04/14, 20:14:48.771,36.707,-74.934,11.5,180.38,180.73,11.32,14.0,14.0,1013.1,1013.3,0.0,0.0,85.09,78.49,4,358,13.7,13.2,61.0,61.0,7.9,7.4,187.7,177.2,1015.2,1015.4,627.89,316.94,2071.53,31.7723,11.0031,207.8,54.4,1489.576, NAN, NAN, NAN, NAN,,2024/04/14 20:14:48.771,2024-04-14 20:14:48.771000+00:00
2024/04/14, 20:15:48.772,36.704,-74.934,11.58,179.73,179.96,11.37,14.0,14.0,1013.3,1013.2,0.0,0.0,85.09,78.49,4,358,13.7,13.1,61.2,61.2,7.9,7.3,186.6,176.0,1015.4,1015.3,627.99,317.11,2069.8,31.7783,11.0005,205.3,54.4,1489.574, NAN, NAN, NAN, NAN,,2024/04/14 20:15:48.772,2024-04-14 20:15:48.772000+00:00
2024/04/14, 20:16:48.772,36.701,-74.934,11.54,179.21,178.28,11.39,14.0,14.0,1013.2,1013.2,0.0,0.0,85.09,78.49,4,358,14.0,13.5,61.7,61.6,8.2,7.6,186.6,176.2,1015.3,1015.3,620.41,316.69,2066.54,31.7848,10.9785,205.3,54.3,1489.504, NAN, NAN, NAN, NAN,,2024/04/14 20:16:48.772,2024-04-14 20:16:48.772000+00:00
2024/04/14, 20:17:48.772,36.698,-74.934,11.55,179.97,180.22,11.32,13.9,13.9,1013.2,1013.3,0.0,0.0,85.09,78.49,4,358,14.1,13.5,62.2,62.1,8.3,7.7,186.7,176.4,1015.3,1015.4,619.96,316.67,2064.33,31.7892,10.9334,205.3,54.5,1489.35, NAN, NAN, NAN, NAN,,2024/04/14 20:17:48.772,2024-04-14 20:17:48.772000+00:00
2024/04/14, 20:18:48.772,36.695,-74.934,11.57,179.68,179.42,11.37,13.9,13.9,1013.3,1013.3,0.0,0.0,85.09,78.49,3,358,13.8,13.4,62.4,62.5,8.0,7.6,185.5,176.8,1015.4,1015.4,612.91,317.01,2061.82,31.7957,10.9223,206.3,54.3,1489.318, NAN, NAN, NAN, NAN,,2024/04/14 20:18:48.772,2024-04-14 20:18:48.772000+00:00
2024/04/14, 20:19:48.772,36.692,-74.934,11.58,180.2,179.37,11.33,13.9,13.9,1013.2,1013.3,0.0,0.0,85.09,78.49,4,358,14.2,13.6,62.7,62.8,8.4,7.8,187.6,177.4,1015.3,1015.4,613.2,317.07,2059.86,31.7999,10.9808,209.6,54.3,1489.53, NAN, NAN, NAN, NAN,,2024/04/14 20:19:48.772,2024-04-14 20:19:48.772000+00:00
2024/04/14, 20:20:48.772,36.688,-74.934,11.56,179.17,178.58,11.24,13.9,13.9,1013.3,1013.3,0.0,0.0,85.09,78.49,3,357,14.3,13.7,62.5,62.4,8.5,7.9,184.1,173.9,1015.4,1015.4,609.29,317.4,2057.47,31.8064,11.0394,209.0,54.2,1489.745, NAN, NAN, NAN, NAN,,2024/04/14 20:20:48.772,2024-04-14 20:20:48.772000+00:00
2024/04/14, 20:21:48.772,36.685,-74.934,11.59,179.85,180.39,11.35,14.0,14.0,1013.2,1013.0,0.0,0.0,85.09,78.49,3,357,14.3,13.8,62.4,62.6,8.5,8.0,185.2,174.9,1015.3,1015.1,604.17,317.14,2054.83,31.8208,11.0736,209.0,54.3,1489.883, NAN, NAN, NAN, NAN,,2024/04/14 20:21:48.772,2024-04-14 20:21:48.772000+00:00
2024/04/14, 20:22:48.772,36.682,-74.934,11.51,179.55,176.81,11.22,14.0,14.0,1013.0,1013.1,0.0,0.0,85.09,78.49,3,357,14.6,14.1,62.3,62.6,8.9,8.3,185.8,175.9,1015.1,1015.2,601.28,317.46,2051.8,31.8303,11.0874,208.1,54.4,1489.943, NAN, NAN, NAN, NAN,,2024/04/14 20:22:48.772,2024-04-14 20:22:48.772000+00:00
2024/04/14, 20:23:48.772,36.679,-74.934,11.53,180.18,178.43,11.35,14.0,14.0,1013.2,1013.1,0.0,0.0,85.09,78.49,3,357,14.4,14.1,61.9,62.1,8.6,8.3,186.8,176.7,1015.3,1015.2,595.35,317.57,2050.36,31.8382,11.114,206.6,54.4,1490.046, NAN, NAN, NAN, NAN,,2024/04/14 20:23:48.772,2024-04-14 20:23:48.772000+00:00
2024/04/14, 20:24:48.772,36.676,-74.934,11.47,180.0,180.06,11.29,14.1,14.1,1013.0,1013.2,0.0,0.0,85.09,78.49,3,359,14.3,13.8,61.6,61.6,8.5,8.0,185.7,178.9,1015.1,1015.3,592.55,317.23,2046.02,31.8456,11.1321,208.1,54.4,1490.119, NAN, NAN, NAN, NAN,,2024/04/14 20:24:48.772,2024-04-14 20:24:48.772000+00:00
2024/04/14, 20:25:48.772,36.673,-74.934,11.48,179.73,179.31,11.32,14.1,14.1,1013.0,1013.2,0.0,0.0,85.09,78.49,3,357,14.0,13.2,62.0,62.0,8.2,7.4,185.7,175.3,1015.1,1015.3,587.35,317.06,2042.98,31.8516,11.1337,206.6,54.3,1490.132, NAN, NAN, NAN, NAN,,2024/04/14 20:25:48.772,2024-04-14 20:25:48.772000+00:00
2024/04/14, 20:26:48.772,36.669,-74.934,11.49,179.47,178.1,11.32,14.1,14.1,1013.0,1013.1,0.0,0.0,85.09,78.49,3,357,14.5,13.9,62.0,61.9,8.7,8.1,185.0,174.9,1015.1,1015.2,587.39,317.6,2040.79,31.8529,11.1425,207.8,54.3,1490.164, NAN, NAN, NAN, NAN,,2024/04/14 20:26:48.772,2024-04-14 20:26:48.772000+00:00
2024/04/14, 20:27:48.772,36.666,-74.933,11.51,180.29,181.75,11.28,14.1,14.1,1013.2,1013.2,0.0,0.0,85.09,78.49,3,357,14.7,14.0,61.9,61.7,8.9,8.2,185.4,175.3,1015.3,1015.3,583.62,318.31,2037.99,31.8481,11.1638,208.7,54.1,1490.234, NAN, NAN, NAN, NAN,,2024/04/14 20:27:48.772,2024-04-14 20:27:48.772000+00:00
2024/04/14, 20:28:48.772,36.663,-74.933,11.45,179.87,179.92,11.15,14.2,14.2,1013.0,1013.1,0.0,0.0,85.09,78.49,4,357,14.6,14.0,61.3,61.3,8.9,8.3,186.7,175.1,1015.1,1015.2,577.88,317.9,2036.9,31.8402,11.1826,208.7,54.1,1490.29, NAN, NAN, NAN, NAN,,2024/04/14 20:28:48.772,2024-04-14 20:28:48.772000+00:00
2024/04/14, 20:29:48.772,36.66,-74.933,11.46,180.01,179.28,11.28,14.2,14.2,1013.1,1013.0,0.0,0.0,85.09,78.49,4,358,14.5,14.1,61.4,61.5,8.7,8.3,187.2,177.2,1015.2,1015.1,577.67,317.59,2033.45,31.8281,11.1855,208.4,54.1,1490.286, NAN, NAN, NAN, NAN,,2024/04/14 20:29:48.772,2024-04-14 20:29:48.772000+00:00
2024/04/14, 20:30:48.772,36.657,-74.933,11.52,179.64,177.5,11.34,14.2,14.2,1013.0,1013.2,0.0,0.0,85.09,78.49,4,359,14.3,13.9,61.7,61.4,8.5,8.1,187.3,178.9,1015.1,1015.3,572.35,317.75,2030.28,31.8135,11.1816,208.1,54.4,1490.255, NAN, NAN, NAN, NAN,,2024/04/14 20:30:48.772,2024-04-14 20:30:48.772000+00:00
2024/04/14, 20:31:48.773,36.654,-74.933,11.51,179.65,179.59,11.42,14.2,14.2,1013.0,1013.1,0.0,0.0,85.09,78.49,4,358,14.8,14.3,61.6,61.9,9.0,8.4,186.2,176.2,1015.1,1015.2,566.11,317.55,2028.19,31.8033,11.1605,209.0,54.4,1490.168, NAN, NAN, NAN, NAN,,2024/04/14 20:31:48.773,2024-04-14 20:31:48.773000+00:00
2024/04/14, 20:32:48.773,36.651,-74.933,11.58,180.24,179.27,11.35,14.2,14.2,1013.0,1013.1,0.0,0.0,85.09,78.49,3,357,14.9,14.2,61.7,61.9,9.1,8.4,185.8,175.9,1015.1,1015.2,563.58,318.04,2026.67,31.7967,11.1351,210.0,54.4,1490.071, NAN, NAN, NAN, NAN,,2024/04/14 20:32:48.773,2024-04-14 20:32:48.773000+00:00
2024/04/14, 20:33:48.773,36.647,-74.933,11.58,179.38,177.0,11.24,14.3,14.3,1013.0,1012.9,0.0,0.0,85.09,78.49,4,359,14.9,14.1,62.2,62.3,9.2,8.3,187.0,178.9,1015.1,1015.0,560.74,317.4,2020.52,31.7956,11.0975,211.2,54.4,1489.937, NAN, NAN, NAN, NAN,,2024/04/14 20:33:48.773,2024-04-14 20:33:48.773000+00:00
2024/04/14, 20:34:48.773,36.644,-74.933,11.55,180.11,179.97,11.29,14.3,14.3,1013.0,1012.8,0.0,0.0,85.09,78.49,4,358,14.8,14.3,62.5,62.5,9.0,8.5,187.2,177.3,1015.1,1014.9,558.9,317.44,2018.69,31.7947,11.0143,213.2,54.3,1489.642, NAN, NAN, NAN, NAN,,2024/04/14 20:34:48.773,2024-04-14 20:34:48.773000+00:00
2024/04/14, 20:35:48.773,36.641,-74.933,11.55,179.2,177.3,11.35,14.3,14.3,1012.9,1013.0,0.0,0.0,85.09,78.49,4,358,15.1,14.0,62.8,62.9,9.3,8.2,186.6,176.8,1015.0,1015.1,552.7,317.72,2014.48,31.7952,10.9172,210.5,54.4,1489.3, NAN, NAN, NAN, NAN,,2024/04/14 20:35:48.773,2024-04-14 20:35:48.773000+00:00
2024/04/14, 20:36:48.773,36.638,-74.933,11.55,179.69,179.51,11.26,14.3,14.3,1012.8,1012.8,0.0,0.0,85.09,78.49,5,359,15.4,14.4,63.3,63.3,9.7,8.6,187.8,178.1,1014.9,1014.9,553.7,317.86,2011.29,31.799,10.8559,212.7,54.4,1489.087, NAN, NAN, NAN, NAN,,2024/04/14 20:36:48.773,2024-04-14 20:36:48.773000+00:00
2024/04/14, 20:37:48.773,36.635,-74.933,11.37,179.81,179.1,11.09,14.3,14.3,1012.8,1012.9,0.0,0.0,85.09,78.49,4,358,15.4,14.6,63.6,63.4,9.7,8.9,186.5,176.9,1014.9,1015.0,549.77,317.75,2008.49,31.803,10.7688,214.8,54.2,1488.783, NAN, NAN, NAN, NAN,,2024/04/14 20:37:48.773,2024-04-14 20:37:48.773000+00:00
2024/04/14, 20:38:48.773,36.632,-74.933,11.51,179.4,177.62,11.21,14.3,14.3,1012.8,1012.9,0.0,0.0,85.09,78.49,5,359,15.3,14.8,63.9,64.1,9.6,9.0,187.5,177.9,1014.9,1015.0,544.44,318.08,2006.4,31.8076,10.7174,217.9,54.2,1488.606, NAN, NAN, NAN, NAN,,2024/04/14 20:38:48.773,2024-04-14 20:38:48.773000+00:00
2024/04/14, 20:39:48.773,36.629,-74.933,11.45,179.93,180.02,11.2,14.3,14.3,1012.7,1012.8,0.0,0.0,85.09,78.49,4,359,15.2,14.9,64.1,64.3,9.5,9.1,187.0,179.0,1014.8,1014.9,540.23,317.83,2003.09,31.8135,10.6853,218.2,53.9,1488.499, NAN, NAN, NAN, NAN,,2024/04/14 20:39:48.773,2024-04-14 20:39:48.773000+00:00
2024/04/14, 20:40:48.773,36.626,-74.932,11.53,179.73,179.91,11.3,14.3,14.3,1012.8,1012.8,0.0,0.0,85.09,78.49,3,358,15.3,14.6,64.8,64.3,9.5,8.8,184.6,176.4,1014.9,1014.9,538.24,317.19,1999.58,31.8195,10.7139,220.0,53.9,1488.608, NAN, NAN, NAN, NAN,,2024/04/14 20:40:48.773,2024-04-14 20:40:48.773000+00:00
2024/04/14, 20:41:48.773,36.622,-74.932,11.66,179.89,178.85,11.15,14.2,14.2,1012.7,1012.7,0.0,0.0,85.09,78.49,4,358,15.4,15.0,65.4,65.5,9.7,9.3,186.6,177.0,1014.8,1014.8,535.52,317.33,1998.06,31.8272,10.75,222.1,53.9,1488.745, NAN, NAN, NAN, NAN,,2024/04/14 20:41:48.773,2024-04-14 20:41:48.773000+00:00
2024/04/14, 20:42:48.773,36.619,-74.932,11.6,179.39,177.38,11.22,14.2,14.2,1012.8,1012.6,0.0,0.0,85.09,78.49,4,358,15.1,14.6,65.5,66.0,9.4,8.8,187.2,177.5,1014.9,1014.7,532.31,316.87,1995.12,31.8331,10.7657,221.1,53.9,1488.808, NAN, NAN, NAN, NAN,,2024/04/14 20:42:48.773,2024-04-14 20:42:48.773000+00:00
2024/04/14, 20:43:48.773,36.616,-74.932,11.56,179.53,178.06,11.31,14.1,14.1,1012.7,1012.6,0.0,0.0,85.09,78.49,4,358,15.3,15.1,66.9,66.8,9.5,9.3,186.7,177.0,1014.8,1014.7,527.12,317.11,1989.73,31.8393,10.7767,218.8,54.1,1488.855, NAN, NAN, NAN, NAN,,2024/04/14 20:43:48.773,2024-04-14 20:43:48.773000+00:00
2024/04/14, 20:44:48.773,36.613,-74.932,11.77,179.96,178.19,11.46,14.1,14.1,1012.6,1012.8,0.0,0.0,85.09,78.49,4,358,15.4,15.0,67.0,67.0,9.5,9.1,187.1,177.4,1014.7,1014.9,523.63,316.93,1988.83,31.8494,10.7834,216.0,54.1,1488.891, NAN, NAN, NAN, NAN,,2024/04/14 20:44:48.773,2024-04-14 20:44:48.773000+00:00
2024/04/14, 20:45:48.773,36.61,-74.932,11.57,179.92,180.0,11.38,14.1,14.1,1012.7,1012.8,0.0,0.0,85.09,78.49,4,358,15.6,15.0,67.4,67.4,9.8,9.2,186.6,177.0,1014.8,1014.9,521.05,317.03,1985.64,31.8555,10.7667,214.5,54.1,1488.839, NAN, NAN, NAN, NAN,,2024/04/14 20:45:48.773,2024-04-14 20:45:48.773000+00:00
2024/04/14, 20:46:48.773,36.607,-74.932,11.6,179.82,178.69,11.41,14.1,14.1,1012.6,1012.7,0.0,0.0,85.09,78.49,6,0,15.2,14.9,67.7,67.7,9.4,9.0,190.1,180.4,1014.7,1014.8,517.87,316.66,1980.93,31.8612,10.7286,213.2,54.1,1488.71, NAN, NAN, NAN, NAN,,2024/04/14 20:46:48.773,2024-04-14 20:46:48.773000+00:00
2024/04/14, 20:47:48.774,36.604,-74.932,11.71,179.39,178.46,11.3,14.0,14.1,1012.6,1012.8,0.0,0.0,85.09,78.49,6,0,15.1,14.8,68.0,68.1,9.4,9.0,189.8,180.1,1014.7,1014.9,513.78,316.87,1978.21,31.8666,10.7346,214.2,54.2,1488.738, NAN, NAN, NAN, NAN,,2024/04/14 20:47:48.774,2024-04-14 20:47:48.774000+00:00
2024/04/14, 20:48:48.774,36.6,-74.932,11.73,179.81,180.22,11.3,14.0,14.0,1012.5,1012.6,0.0,0.0,85.09,78.49,5,0,15.6,14.6,68.5,68.5,9.8,8.8,187.9,179.9,1014.6,1014.7,512.87,317.1,1975.33,31.868,10.7506,215.7,53.9,1488.797, NAN, NAN, NAN, NAN,,2024/04/14 20:48:48.774,2024-04-14 20:48:48.774000+00:00
2024/04/14, 20:49:48.774,36.597,-74.932,11.75,179.29,179.42,11.27,14.0,14.0,1012.6,1012.6,0.0,0.0,85.09,78.49,6,0,15.3,15.0,68.4,68.6,9.6,9.2,188.7,179.1,1014.7,1014.7,506.65,317.46,1970.33,31.8719,10.7253,215.7,54.1,1488.711, NAN, NAN, NAN, NAN,,2024/04/14 20:49:48.774,2024-04-14 20:49:48.774000+00:00
2024/04/14, 20:50:48.774,36.594,-74.932,11.75,179.73,178.89,11.34,14.0,14.1,1012.6,1012.8,0.0,0.0,85.09,78.49,6,1,15.0,14.5,68.5,68.6,9.2,8.7,190.3,182.2,1014.7,1014.9,503.06,317.2,1967.75,31.875,10.7324,214.5,54.2,1488.74, NAN, NAN, NAN, NAN,,2024/04/14 20:50:48.774,2024-04-14 20:50:48.774000+00:00
2024/04/14, 20:51:48.774,36.591,-74.932,11.67,179.74,179.34,11.34,14.0,14.1,1012.6,1012.6,0.0,0.0,85.09,78.49,7,0,15.2,14.3,68.8,68.8,9.5,8.5,191.6,180.3,1014.7,1014.7,501.75,317.23,1964.03,31.8765,10.7649,215.7,54.2,1488.858, NAN, NAN, NAN, NAN,,2024/04/14 20:51:48.774,2024-04-14 20:51:48.774000+00:00
2024/04/14, 20:52:48.774,36.588,-74.932,11.66,180.28,181.16,11.25,14.1,14.1,1012.7,1012.6,0.0,0.0,85.09,78.49,6,1,15.2,15.1,68.7,68.8,9.5,9.3,190.2,182.2,1014.8,1014.7,498.16,317.28,1959.24,31.8786,10.7879,215.4,54.3,1488.942, NAN, NAN, NAN, NAN,,2024/04/14 20:52:48.774,2024-04-14 20:52:48.774000+00:00
2024/04/14, 20:53:48.774,36.585,-74.932,11.79,181.85,180.08,11.4,14.1,14.1,1012.7,1012.6,0.0,0.0,85.09,78.49,6,1,15.3,14.7,68.9,68.8,9.5,8.8,192.2,184.3,1014.8,1014.7,497.78,317.22,1956.12,31.8826,10.7918,214.5,54.1,1488.961, NAN, NAN, NAN, NAN,,2024/04/14 20:53:48.774,2024-04-14 20:53:48.774000+00:00
2024/04/14, 20:54:48.774,36.582,-74.932,11.49,194.5,195.51,11.13,14.0,14.1,1012.7,1012.8,0.0,0.0,85.09,78.49,356,351,14.2,13.7,69.4,69.3,8.5,8.1,187.5,178.8,1014.8,1014.9,475.08,317.23,1966.18,31.8851,10.7765,214.2,54.3,1488.909, NAN, NAN, NAN, NAN,,2024/04/14 20:54:48.774,2024-04-14 20:54:48.774000+00:00
2024/04/14, 20:55:48.774,36.579,-74.933,11.63,194.44,194.65,11.23,14.0,14.1,1012.8,1012.7,0.0,0.0,85.09,78.49,357,351,14.1,14.1,69.7,69.3,8.3,8.4,189.4,179.3,1014.9,1014.8,475.59,317.56,1963.59,31.8891,10.7298,213.9,54.2,1488.748, NAN, NAN, NAN, NAN,,2024/04/14 20:55:48.774,2024-04-14 20:55:48.774000+00:00
2024/04/14, 20:56:48.774,36.576,-74.934,11.67,193.69,192.04,11.29,14.0,14.0,1012.7,1012.8,0.0,0.0,85.09,78.49,357,351,14.5,14.0,70.0,70.0,8.7,8.3,189.2,178.9,1014.8,1014.9,475.57,317.33,1959.41,31.8929,10.6971,214.2,54.3,1488.636, NAN, NAN, NAN, NAN,,2024/04/14 20:56:48.774,2024-04-14 20:56:48.774000+00:00
2024/04/14, 20:57:48.774,36.572,-74.935,11.7,193.29,192.43,11.29,14.0,14.0,1012.8,1012.8,0.0,0.0,85.09,78.49,358,352,14.5,13.9,70.2,70.2,8.7,8.2,189.7,179.4,1014.9,1014.9,472.39,317.33,1953.62,31.8977,10.7203,212.4,54.2,1488.725, NAN, NAN, NAN, NAN,,2024/04/14 20:57:48.774,2024-04-14 20:57:48.774000+00:00
2024/04/14, 20:58:48.774,36.569,-74.936,11.7,193.8,194.35,11.41,14.0,14.0,1012.6,1012.8,0.0,0.0,85.09,78.49,357,353,14.5,14.2,70.5,70.5,8.7,8.4,188.6,181.8,1014.7,1014.9,463.36,316.96,1950.37,31.9021,10.763,211.7,54.0,1488.882, NAN, NAN, NAN, NAN,,2024/04/14 20:58:48.774,2024-04-14 20:58:48.774000+00:00
2024/04/14, 20:59:48.774,36.566,-74.937,11.68,194.46,194.61,11.28,13.9,13.9,1012.5,1012.8,0.0,0.0,85.09,78.49,358,351,15.1,14.2,70.8,70.8,9.3,8.5,191.1,179.3,1014.6,1014.9,466.36,317.84,1946.58,31.9067,10.847,211.2,54.1,1489.186, NAN, NAN, NAN, NAN,,2024/04/14 20:59:48.774,2024-04-14 20:59:48.774000+00:00
2024/04/14, 21:00:48.774,36.563,-74.938,11.64,194.19,194.77,11.3,13.9,13.9,1012.7,1012.7,0.0,0.0,85.09,78.49,358,351,14.6,14.2,70.9,70.9,8.8,8.5,190.3,178.5,1014.8,1014.8,460.04,317.67,1942.98,31.9087,10.8969,210.0,54.1,1489.365, NAN, NAN, NAN, NAN,,2024/04/14 21:00:48.774,2024-04-14 21:00:48.774000+00:00
2024/04/14, 21:01:48.774,36.56,-74.939,11.71,193.57,192.6,11.38,13.9,13.9,1012.8,1012.7,0.0,0.0,85.09,78.49,358,352,14.8,14.3,71.0,71.1,9.0,8.6,190.1,180.0,1014.9,1014.8,456.94,318.14,1936.53,31.9127,10.9263,208.7,54.0,1489.474, NAN, NAN, NAN, NAN,,2024/04/14 21:01:48.774,2024-04-14 21:01:48.774000+00:00
2024/04/14, 21:02:48.774,36.557,-74.94,11.71,193.69,193.33,11.35,13.9,13.9,1012.6,1012.7,0.0,0.0,85.09,78.49,358,352,15.1,14.4,71.0,71.0,9.3,8.7,190.1,180.0,1014.7,1014.8,447.82,318.56,1933.17,31.9128,10.9234,207.8,54.1,1489.463, NAN, NAN, NAN, NAN,,2024/04/14 21:02:48.774,2024-04-14 21:02:48.774000+00:00
2024/04/14, 21:03:48.774,36.554,-74.941,11.72,194.31,195.89,11.24,13.9,13.9,1012.6,1012.6,0.0,0.0,85.09,78.49,358,353,14.9,14.7,70.6,70.8,9.1,9.0,190.6,182.4,1014.7,1014.7,444.69,318.9,1930.31,31.9127,10.9049,207.8,54.2,1489.398, NAN, NAN, NAN, NAN,,2024/04/14 21:03:48.774,2024-04-14 21:03:48.774000+00:00
2024/04/14, 21:04:48.775,36.551,-74.942,11.74,194.04,192.84,11.33,13.9,14.0,1012.7,1012.7,0.0,0.0,85.09,78.49,0,352,15.1,14.7,70.6,70.6,9.3,9.0,194.4,181.2,1014.8,1014.8,443.75,318.78,1924.07,31.9119,10.8755,208.7,54.3,1489.293, NAN, NAN, NAN, NAN,,2024/04/14 21:04:48.775,2024-04-14 21:04:48.775000+00:00
2024/04/14, 21:05:48.775,36.548,-74.943,11.65,193.57,196.52,11.44,14.0,14.0,1012.6,1012.6,0.0,0.0,85.09,78.49,358,353,15.3,14.8,70.4,70.5,9.4,9.0,188.9,180.5,1014.7,1014.7,433.53,318.71,1921.15,31.9142,10.8608,209.3,54.3,1489.243, NAN, NAN, NAN, NAN,,2024/04/14 21:05:48.775,2024-04-14 21:05:48.775000+00:00
2024/04/14, 21:06:48.775,36.545,-74.944,11.62,193.18,193.63,11.42,14.0,14.0,1012.7,1012.8,0.0,0.0,85.09,78.49,359,354,15.1,14.8,70.4,70.4,9.2,9.0,191.0,182.7,1014.8,1014.9,430.11,318.62,1917.36,31.9158,10.8545,210.5,54.2,1489.223, NAN, NAN, NAN, NAN,,2024/04/14 21:06:48.775,2024-04-14 21:06:48.775000+00:00
2024/04/14, 21:07:48.775,36.542,-74.945,11.63,193.81,193.25,11.35,14.0,14.0,1012.6,1012.7,0.0,0.0,85.09,78.49,359,353,15.3,14.9,70.4,70.3,9.5,9.1,192.2,182.4,1014.7,1014.8,430.7,318.87,1913.8,31.9176,10.8417,210.2,54.2,1489.18, NAN, NAN, NAN, NAN,,2024/04/14 21:07:48.775,2024-04-14 21:07:48.775000+00:00
2024/04/14, 21:08:48.775,36.539,-74.946,11.61,193.42,193.85,11.35,14.0,14.0,1012.6,1012.6,0.0,0.0,85.09,78.49,359,353,15.3,14.9,70.4,70.4,9.5,9.1,191.5,181.7,1014.7,1014.7,428.83,319.02,1910.05,31.9201,10.8338,211.2,54.2,1489.155, NAN, NAN, NAN, NAN,,2024/04/14 21:08:48.775,2024-04-14 21:08:48.775000+00:00
2024/04/14, 21:09:48.775,36.536,-74.947,11.65,193.91,195.25,11.35,14.0,14.0,1012.5,1012.7,0.0,0.0,85.09,78.49,359,353,15.2,15.2,70.4,70.5,9.4,9.5,191.6,181.9,1014.6,1014.8,419.19,319.03,1904.87,31.9227,10.8202,211.5,54.3,1489.11, NAN, NAN, NAN, NAN,,2024/04/14 21:09:48.775,2024-04-14 21:09:48.775000+00:00
2024/04/14, 21:10:48.775,36.533,-74.948,11.62,193.49,193.31,11.26,14.0,14.0,1012.6,1012.6,0.0,0.0,85.09,78.49,358,353,15.3,14.8,70.0,70.2,9.5,9.1,190.0,181.8,1014.7,1014.7,414.97,319.47,1900.77,31.927,10.798,210.2,54.1,1489.036, NAN, NAN, NAN, NAN,,2024/04/14 21:10:48.775,2024-04-14 21:10:48.775000+00:00
2024/04/14, 21:11:48.775,36.53,-74.949,11.58,193.77,193.14,11.19,14.0,14.0,1012.5,1012.7,0.0,0.0,85.09,78.49,357,351,14.9,14.7,70.1,70.2,9.2,9.1,189.0,179.2,1014.6,1014.8,413.48,319.26,1896.56,31.9322,10.7834,212.4,54.1,1488.991, NAN, NAN, NAN, NAN,,2024/04/14 21:11:48.775,2024-04-14 21:11:48.775000+00:00
2024/04/14, 21:12:48.775,36.527,-74.95,11.57,193.61,193.96,11.36,14.0,14.0,1012.5,1012.6,0.0,0.0,85.09,78.49,358,352,15.4,14.9,70.4,70.5,9.6,9.2,190.0,180.1,1014.6,1014.7,406.75,318.68,1890.21,31.9374,10.7666,213.2,54.0,1488.937, NAN, NAN, NAN, NAN,,2024/04/14 21:12:48.775,2024-04-14 21:12:48.775000+00:00
2024/04/14, 21:13:48.775,36.524,-74.951,11.58,193.64,193.61,11.32,14.0,14.0,1012.6,1012.6,0.0,0.0,85.09,78.49,358,351,15.3,14.6,70.6,70.7,9.5,8.9,189.9,178.3,1014.7,1014.7,406.68,318.88,1887.08,31.9435,10.7494,213.6,54.2,1488.884, NAN, NAN, NAN, NAN,,2024/04/14 21:13:48.775,2024-04-14 21:13:48.775000+00:00
2024/04/14, 21:14:48.775,36.52,-74.951,11.6,193.17,194.15,11.51,14.0,14.0,1012.6,1012.4,0.0,0.0,85.09,78.49,357,351,14.9,14.7,70.8,70.9,9.0,9.0,187.1,177.1,1014.7,1014.5,401.48,318.82,1880.9,31.9486,10.7729,215.4,54.2,1488.973, NAN, NAN, NAN, NAN,,2024/04/14 21:14:48.775,2024-04-14 21:14:48.775000+00:00
2024/04/14, 21:15:48.775,36.517,-74.952,11.56,193.9,195.8,11.38,14.0,14.0,1012.4,1012.4,0.0,0.0,85.09,78.49,356,350,15.3,14.5,71.0,70.9,9.5,8.8,186.6,176.4,1014.5,1014.5,396.02,318.51,1876.82,31.9544,10.8555,215.4,54.1,1489.273, NAN, NAN, NAN, NAN,,2024/04/14 21:15:48.775,2024-04-14 21:15:48.775000+00:00
2024/04/14, 21:16:48.775,36.514,-74.953,11.56,193.56,195.23,11.33,14.0,14.0,1012.4,1012.4,0.0,0.0,85.09,78.49,357,351,15.1,14.6,71.0,71.2,9.3,8.9,187.8,177.8,1014.5,1014.5,397.13,318.9,1871.23,31.9591,10.9179,216.9,54.2,1489.5, NAN, NAN, NAN, NAN,,2024/04/14 21:16:48.775,2024-04-14 21:16:48.775000+00:00
2024/04/14, 21:17:48.775,36.511,-74.954,11.58,193.66,193.18,11.33,13.9,14.0,1012.4,1012.4,0.0,0.0,85.09,78.49,356,351,15.3,14.7,71.4,71.6,9.5,9.0,187.2,178.9,1014.5,1014.5,389.76,318.74,1866.02,31.9657,10.9455,216.9,54.0,1489.605, NAN, NAN, NAN, NAN,,2024/04/14 21:17:48.775,2024-04-14 21:17:48.775000+00:00
2024/04/14, 21:18:48.775,36.508,-74.955,11.52,193.75,195.56,11.32,13.9,13.9,1012.5,1012.4,0.0,0.0,85.09,78.49,357,351,15.2,14.5,71.4,72.0,9.4,8.8,187.9,177.8,1014.6,1014.5,389.13,318.36,1859.1,31.9697,10.9604,218.4,54.2,1489.663, NAN, NAN, NAN, NAN,,2024/04/14 21:18:48.775,2024-04-14 21:18:48.775000+00:00
2024/04/14, 21:19:48.775,36.505,-74.956,11.52,193.95,194.15,11.33,13.9,13.9,1012.4,1012.4,0.0,0.0,85.09,78.49,358,351,14.6,14.5,72.6,72.6,8.8,8.8,190.2,178.6,1014.5,1014.5,385.52,318.16,1855.71,31.9739,10.9568,218.2,54.3,1489.655, NAN, NAN, NAN, NAN,,2024/04/14 21:19:48.775,2024-04-14 21:19:48.775000+00:00
2024/04/14, 21:20:48.776,36.502,-74.957,11.5,193.49,192.86,11.33,13.8,13.8,1012.3,1012.4,0.0,0.0,85.09,78.49,357,351,15.0,14.4,73.4,73.3,9.2,8.7,188.1,178.0,1014.4,1014.5,382.48,318.65,1851.28,31.9779,10.9516,218.4,54.2,1489.642, NAN, NAN, NAN, NAN,,2024/04/14 21:20:48.776,2024-04-14 21:20:48.776000+00:00
2024/04/14, 21:21:48.776,36.499,-74.958,11.46,193.58,193.44,11.42,13.7,13.8,1012.3,1012.4,0.0,0.0,85.09,78.49,358,352,14.9,14.4,73.9,73.9,9.0,8.6,189.9,179.7,1014.4,1014.5,380.39,318.6,1846.79,31.9827,10.9411,218.2,54.3,1489.61, NAN, NAN, NAN, NAN,,2024/04/14 21:21:48.776,2024-04-14 21:21:48.776000+00:00
2024/04/14, 21:22:48.776,36.496,-74.959,11.47,194.27,196.51,11.37,13.7,13.7,1012.4,1012.3,0.0,0.0,85.09,78.49,358,351,14.8,14.4,74.1,74.2,9.0,8.7,190.1,178.4,1014.5,1014.4,377.28,318.9,1840.74,31.9852,10.9296,218.2,54.2,1489.573, NAN, NAN, NAN, NAN,,2024/04/14 21:22:48.776,2024-04-14 21:22:48.776000+00:00
2024/04/14, 21:23:48.776,36.493,-74.96,11.47,194.01,196.2,11.4,13.6,13.7,1012.4,1012.4,0.0,0.0,85.09,78.49,358,352,14.7,14.4,74.5,74.4,8.9,8.7,189.6,179.5,1014.5,1014.5,374.67,319.09,1834.5,31.9882,10.9243,219.4,54.3,1489.557, NAN, NAN, NAN, NAN,,2024/04/14 21:23:48.776,2024-04-14 21:23:48.776000+00:00
2024/04/14, 21:24:48.776,36.49,-74.961,11.51,194.07,194.83,11.33,13.6,13.6,1012.3,1012.4,0.0,0.0,85.09,78.49,358,353,15.0,14.6,74.6,74.6,9.2,8.9,190.7,182.3,1014.4,1014.5,375.53,319.38,1827.17,31.99,10.9323,220.0,54.5,1489.588, NAN, NAN, NAN, NAN,,2024/04/14 21:24:48.776,2024-04-14 21:24:48.776000+00:00
2024/04/14, 21:25:48.776,36.487,-74.963,11.45,193.64,194.68,11.34,13.6,13.6,1012.3,1012.3,0.0,0.0,85.09,78.49,359,353,14.9,14.6,74.4,74.5,9.1,8.9,191.4,181.4,1014.4,1014.4,371.81,319.27,1824.78,31.9932,10.9396,219.4,54.4,1489.618, NAN, NAN, NAN, NAN,,2024/04/14 21:25:48.776,2024-04-14 21:25:48.776000+00:00
2024/04/14, 21:26:48.776,36.484,-74.964,11.52,193.84,195.95,11.38,13.6,13.6,1012.3,1012.3,0.0,0.0,85.09,78.49,358,353,14.8,14.5,74.3,74.4,9.0,8.8,189.3,180.9,1014.4,1014.4,371.46,319.39,1817.53,31.9958,10.9539,220.9,54.4,1489.671, NAN, NAN, NAN, NAN,,2024/04/14 21:26:48.776,2024-04-14 21:26:48.776000+00:00
2024/04/14, 21:27:48.776,36.481,-74.965,11.34,193.39,194.63,11.35,13.6,13.6,1012.4,1012.3,0.0,0.0,85.09,78.49,359,354,15.0,14.5,74.3,74.4,9.2,8.7,191.0,182.6,1014.5,1014.4,371.48,319.54,1812.99,31.9973,10.9698,221.1,54.5,1489.729, NAN, NAN, NAN, NAN,,2024/04/14 21:27:48.776,2024-04-14 21:27:48.776000+00:00
2024/04/14, 21:28:48.776,36.478,-74.966,11.49,193.65,194.9,11.36,13.6,13.6,1012.3,1012.4,0.0,0.0,85.09,78.49,0,354,15.2,14.6,74.1,74.4,9.4,8.8,193.2,183.3,1014.4,1014.5,369.14,319.72,1806.88,32.0009,10.9912,222.4,54.5,1489.809, NAN, NAN, NAN, NAN,,2024/04/14 21:28:48.776,2024-04-14 21:28:48.776000+00:00
2024/04/14, 21:29:48.776,36.475,-74.967,11.45,193.84,194.85,11.31,13.6,13.6,1012.3,1012.3,0.0,0.0,85.09,78.49,0,355,15.3,14.7,73.8,73.9,9.5,8.9,193.3,185.0,1014.4,1014.4,364.98,319.77,1800.19,32.0034,11.0016,223.6,54.5,1489.849, NAN, NAN, NAN, NAN,,2024/04/14 21:29:48.776,2024-04-14 21:29:48.776000+00:00
2024/04/14, 21:30:48.776,36.472,-74.968,11.48,193.59,195.56,11.35,13.6,13.6,1012.3,1012.3,0.0,0.0,85.09,78.49,1,355,15.3,14.7,73.4,73.8,9.5,8.9,193.8,183.9,1014.4,1014.4,360.54,319.67,1796.05,32.0078,10.9998,223.2,54.4,1489.848, NAN, NAN, NAN, NAN,,2024/04/14 21:30:48.776,2024-04-14 21:30:48.776000+00:00
2024/04/14, 21:31:48.776,36.469,-74.969,11.5,194.07,195.68,11.3,13.7,13.7,1012.3,1012.3,0.0,0.0,85.09,78.49,1,356,15.0,14.7,73.4,73.0,9.2,8.9,195.2,186.9,1014.4,1014.4,354.35,320.17,1788.04,32.0139,11.01,224.8,54.3,1489.891, NAN, NAN, NAN, NAN,,2024/04/14 21:31:48.776,2024-04-14 21:31:48.776000+00:00
2024/04/14, 21:32:48.776,36.465,-74.97,11.46,194.09,194.85,11.33,13.7,13.7,1012.3,1012.4,0.0,0.0,85.09,78.49,1,356,15.2,15.0,72.3,72.5,9.4,9.2,195.3,187.2,1014.4,1014.5,347.84,320.44,1781.27,32.0196,10.9948,225.2,54.2,1489.844, NAN, NAN, NAN, NAN,,2024/04/14 21:32:48.776,2024-04-14 21:32:48.776000+00:00
2024/04/14, 21:33:48.776,36.462,-74.971,11.39,193.62,194.55,11.3,13.9,13.8,1012.3,1012.3,0.0,0.0,85.09,78.49,1,356,15.4,14.9,71.6,71.8,9.6,9.1,194.8,186.6,1014.4,1014.4,339.98,320.91,1775.75,32.0235,10.97,226.8,54.1,1489.762, NAN, NAN, NAN, NAN,,2024/04/14 21:33:48.776,2024-04-14 21:33:48.776000+00:00
2024/04/14, 21:34:48.776,36.459,-74.971,11.37,193.65,194.82,11.35,13.9,13.9,1012.2,1012.4,0.0,0.0,85.09,78.49,2,357,15.7,15.3,70.9,71.0,9.9,9.5,196.4,188.4,1014.3,1014.5,334.37,321.22,1767.92,32.0277,10.9098,226.3,54.1,1489.554, NAN, NAN, NAN, NAN,,2024/04/14 21:34:48.776,2024-04-14 21:34:48.776000+00:00
2024/04/14, 21:35:48.776,36.456,-74.972,11.38,193.32,195.5,11.17,14.0,14.0,1012.4,1012.4,0.0,0.0,85.09,78.49,1,355,15.3,14.9,70.3,70.4,9.6,9.2,193.7,184.0,1014.5,1014.5,329.13,321.18,1761.85,32.0301,10.8383,226.0,54.1,1489.304, NAN, NAN, NAN, NAN,,2024/04/14 21:35:48.776,2024-04-14 21:35:48.776000+00:00
2024/04/14, 21:36:48.777,36.453,-74.973,11.32,194.04,193.66,11.14,14.1,14.2,1012.4,1012.3,0.0,0.0,85.09,78.49,2,356,16.1,15.4,69.6,69.8,10.4,9.7,197.4,188.0,1014.5,1014.4,327.39,321.88,1756.36,32.0309,10.807,225.8,54.2,1489.193, NAN, NAN, NAN, NAN,,2024/04/14 21:36:48.777,2024-04-14 21:36:48.777000+00:00
2024/04/14, 21:37:48.777,36.45,-74.974,11.26,193.66,193.85,11.2,14.3,14.3,1012.2,1012.4,0.0,0.0,85.09,78.49,1,355,15.8,15.5,68.9,69.1,10.0,9.8,195.6,186.1,1014.3,1014.5,319.89,321.96,1738.16,32.0315,10.7415,226.0,54.0,1488.962, NAN, NAN, NAN, NAN,,2024/04/14 21:37:48.777,2024-04-14 21:37:48.777000+00:00
2024/04/14, 21:38:48.777,36.447,-74.975,11.17,194.38,195.54,11.08,14.4,14.4,1012.2,1012.4,0.0,0.0,85.09,78.49,2,356,15.7,15.5,68.7,68.9,10.0,9.8,197.5,188.1,1014.3,1014.5,315.99,321.43,1739.0,32.0316,10.71,224.4,53.9,1488.85, NAN, NAN, NAN, NAN,,2024/04/14 21:38:48.777,2024-04-14 21:38:48.777000+00:00
2024/04/14, 21:39:48.777,36.444,-74.976,11.19,193.54,194.43,11.14,14.4,14.4,1012.4,1012.3,0.0,0.0,85.09,78.49,1,355,15.6,15.4,68.4,68.6,9.9,9.7,194.9,185.3,1014.5,1014.4,312.8,321.3,1731.17,32.0317,10.6979,224.8,54.1,1488.807, NAN, NAN, NAN, NAN,,2024/04/14 21:39:48.777,2024-04-14 21:39:48.777000+00:00
2024/04/14, 21:40:48.777,36.441,-74.977,11.24,193.54,194.64,11.17,14.5,14.5,1012.4,1012.4,0.0,0.0,85.09,78.49,1,356,15.8,15.6,68.9,68.9,10.1,9.9,194.3,186.4,1014.5,1014.5,312.47,320.74,1711.48,32.0317,10.681,225.8,54.0,1488.747, NAN, NAN, NAN, NAN,,2024/04/14 21:40:48.777,2024-04-14 21:40:48.777000+00:00
2024/04/14, 21:41:48.777,36.438,-74.978,11.22,193.25,193.84,11.22,14.5,14.5,1012.4,1012.3,0.0,0.0,85.09,78.49,2,356,15.6,15.4,69.7,69.6,9.8,9.7,195.3,185.8,1014.5,1014.4,311.28,320.44,1683.24,32.0314,10.6285,225.8,54.1,1488.56, NAN, NAN, NAN, NAN,,2024/04/14 21:41:48.777,2024-04-14 21:41:48.777000+00:00
2024/04/14, 21:42:48.777,36.435,-74.979,11.21,193.38,195.47,11.33,14.4,14.4,1012.4,1012.3,0.0,0.0,85.09,78.49,2,356,15.8,15.1,70.5,70.4,10.0,9.3,195.3,185.5,1014.5,1014.4,312.75,319.84,1687.54,32.0325,10.6103,226.8,54.0,1488.496, NAN, NAN, NAN, NAN,,2024/04/14 21:42:48.777,2024-04-14 21:42:48.777000+00:00
2024/04/14, 21:43:48.777,36.432,-74.98,11.24,193.73,194.97,11.15,14.3,14.4,1012.3,1012.4,0.0,0.0,85.09,78.49,1,355,15.6,15.3,71.6,71.5,9.9,9.6,195.0,185.4,1014.4,1014.5,311.21,320.11,1686.42,32.0332,10.6536,229.3,54.1,1488.651, NAN, NAN, NAN, NAN,,2024/04/14 21:43:48.777,2024-04-14 21:43:48.777000+00:00
2024/04/14, 21:44:48.777,36.429,-74.981,11.22,193.58,193.66,11.23,14.2,14.4,1012.2,1012.4,0.0,0.0,85.09,78.49,2,356,15.4,14.8,72.3,71.6,9.6,9.1,196.5,186.7,1014.3,1014.5,311.19,319.41,1696.02,32.0342,10.6826,231.2,54.1,1488.756, NAN, NAN, NAN, NAN,,2024/04/14 21:44:48.777,2024-04-14 21:44:48.777000+00:00
2024/04/14, 21:45:48.777,36.426,-74.982,11.16,194.03,195.13,11.08,14.2,14.2,1012.3,1012.3,0.0,0.0,85.09,78.49,1,356,15.5,15.1,72.9,72.9,9.8,9.4,194.8,186.8,1014.4,1014.4,311.67,319.72,1660.9,32.034,10.7317,231.4,54.1,1488.93, NAN, NAN, NAN, NAN,,2024/04/14 21:45:48.777,2024-04-14 21:45:48.777000+00:00
2024/04/14, 21:46:48.777,36.423,-74.983,11.18,194.09,196.99,11.02,14.2,14.2,1012.2,1012.3,0.0,0.0,85.09,78.49,2,357,15.9,15.0,73.4,73.4,10.2,9.4,196.1,188.1,1014.3,1014.4,307.59,320.27,1647.01,32.0325,10.8126,230.8,54.1,1489.215, NAN, NAN, NAN, NAN,,2024/04/14 21:46:48.777,2024-04-14 21:46:48.777000+00:00
2024/04/14, 21:47:48.777,36.42,-74.984,11.07,193.76,195.31,11.07,14.2,14.2,1012.4,1012.3,0.0,0.0,85.09,78.49,2,357,15.5,15.2,73.6,73.6,9.8,9.5,196.4,188.4,1014.5,1014.4,307.01,320.45,1643.65,32.0301,10.854,231.7,54.1,1489.359, NAN, NAN, NAN, NAN,,2024/04/14 21:47:48.777,2024-04-14 21:47:48.777000+00:00
2024/04/14, 21:48:48.777,36.417,-74.985,11.03,193.55,195.99,10.96,14.2,14.2,1012.4,1012.4,0.0,0.0,85.09,78.49,3,357,15.4,15.0,73.8,73.8,9.8,9.4,197.0,187.4,1014.5,1014.5,308.06,319.98,1620.1,32.0279,10.9133,230.8,54.1,1489.566, NAN, NAN, NAN, NAN,,2024/04/14 21:48:48.777,2024-04-14 21:48:48.777000+00:00
2024/04/14, 21:49:48.777,36.414,-74.986,11.02,193.46,194.15,11.2,14.2,14.2,1012.3,1012.2,0.0,0.0,85.09,78.49,2,357,15.6,15.0,74.0,74.1,9.8,9.3,196.1,188.0,1014.4,1014.3,302.01,320.22,1614.65,32.0232,10.9592,231.7,54.1,1489.723, NAN, NAN, NAN, NAN,,2024/04/14 21:49:48.777,2024-04-14 21:49:48.777000+00:00
2024/04/14, 21:50:48.777,36.411,-74.987,11.04,194.38,195.72,11.0,14.2,14.2,1012.3,1012.3,0.0,0.0,85.09,78.49,3,358,15.6,15.3,74.3,74.3,10.0,9.7,198.5,190.6,1014.4,1014.4,302.68,319.92,1593.7,32.0188,10.9987,229.9,53.9,1489.857, NAN, NAN, NAN, NAN,,2024/04/14 21:50:48.777,2024-04-14 21:50:48.777000+00:00
2024/04/14, 21:51:48.777,36.408,-74.988,10.98,194.23,195.79,11.05,14.2,14.2,1012.2,1012.3,0.0,0.0,85.09,78.49,4,359,15.5,14.8,74.7,74.7,9.8,9.1,199.9,191.9,1014.3,1014.4,299.02,320.16,1379.76,32.0143,11.0868,229.6,53.9,1490.162, NAN, NAN, NAN, NAN,,2024/04/14 21:51:48.777,2024-04-14 21:51:48.777000+00:00
2024/04/14, 21:52:48.778,36.405,-74.989,11.04,193.82,195.17,11.02,14.1,14.2,1012.1,1012.2,0.0,0.0,85.09,78.49,4,358,15.4,14.8,74.9,74.9,9.7,9.2,199.4,189.8,1014.2,1014.3,297.15,320.38,1509.17,32.0101,11.0947,229.9,54.1,1490.185, NAN, NAN, NAN, NAN,,2024/04/14 21:52:48.778,2024-04-14 21:52:48.778000+00:00
2024/04/14, 21:53:48.778,36.402,-74.99,11.12,194.0,193.91,10.91,14.1,14.2,1012.2,1012.3,0.0,0.0,85.09,78.49,3,358,15.9,15.2,74.9,75.0,10.3,9.6,198.6,190.8,1014.3,1014.4,294.74,321.27,1174.6,32.0047,11.0609,229.3,54.1,1490.06, NAN, NAN, NAN, NAN,,2024/04/14 21:53:48.778,2024-04-14 21:53:48.778000+00:00
2024/04/14, 21:54:48.778,36.4,-74.991,11.19,193.74,195.35,11.04,14.2,14.2,1012.2,1012.2,0.0,0.0,85.09,78.49,3,357,15.6,15.2,74.7,74.8,9.9,9.6,197.7,188.2,1014.3,1014.3,279.64,321.57,1312.5,31.9973,11.0566,230.2,54.2,1490.036, NAN, NAN, NAN, NAN,,2024/04/14 21:54:48.778,2024-04-14 21:54:48.778000+00:00
2024/04/14, 21:55:48.778,36.397,-74.992,11.15,193.9,194.62,11.0,14.2,14.2,1012.1,1012.2,0.0,0.0,85.09,78.49,3,357,16.1,15.2,74.4,74.5,10.4,9.6,197.7,188.2,1014.2,1014.3,277.29,321.28,1258.3,31.9943,11.0549,231.7,54.3,1490.026, NAN, NAN, NAN, NAN,,2024/04/14 21:55:48.778,2024-04-14 21:55:48.778000+00:00
2024/04/14, 21:56:48.778,36.394,-74.993,11.17,193.79,195.11,11.07,14.3,14.3,1012.2,1012.2,0.0,0.0,85.09,78.49,2,356,15.7,15.3,73.9,74.0,10.0,9.6,196.4,186.8,1014.3,1014.3,267.47,321.75,955.78,31.9879,11.0731,233.0,54.1,1490.082, NAN, NAN, NAN, NAN,,2024/04/14 21:56:48.778,2024-04-14 21:56:48.778000+00:00
2024/04/14, 21:57:48.778,36.391,-74.994,11.15,193.49,195.88,11.09,14.4,14.4,1012.1,1012.2,0.0,0.0,85.09,78.49,2,356,16.2,15.7,73.7,73.8,10.5,10.1,195.2,185.7,1014.2,1014.3,266.07,321.97,1230.72,31.9822,11.1032,235.7,53.8,1490.182, NAN, NAN, NAN, NAN,,2024/04/14 21:57:48.778,2024-04-14 21:57:48.778000+00:00
2024/04/14, 21:58:48.778,36.388,-74.995,11.12,193.53,194.89,11.02,14.5,14.5,1012.2,1012.2,0.0,0.0,85.09,78.49,2,356,15.8,15.6,73.4,73.4,10.1,10.0,195.4,186.0,1014.3,1014.3,258.71,321.82,967.13,31.9757,11.0958,236.3,53.7,1490.148, NAN, NAN, NAN, NAN,,2024/04/14 21:58:48.778,2024-04-14 21:58:48.778000+00:00
2024/04/14, 21:59:48.778,36.385,-74.996,11.06,194.2,194.26,11.02,14.5,14.5,1012.2,1012.2,0.0,0.0,85.09,78.49,2,355,15.8,15.2,73.2,73.3,10.1,9.6,197.1,186.1,1014.3,1014.3,256.3,321.44,1065.21,31.9707,11.1138,237.6,53.7,1490.205, NAN, NAN, NAN, NAN,,2024/04/14 21:59:48.778,2024-04-14 21:59:48.778000+00:00
2024/04/14, 22:00:48.778,36.382,-74.997,11.07,194.14,194.94,10.79,14.6,14.6,1012.1,1012.1,0.0,0.0,85.09,78.49,3,356,16.2,15.6,73.1,73.2,10.7,10.1,198.6,187.9,1014.2,1014.2,254.54,321.5,1217.43,31.9661,11.1496,239.6,53.3,1490.326, NAN, NAN, NAN, NAN,,2024/04/14 22:00:48.778,2024-04-14 22:00:48.778000+00:00
2024/04/14, 22:01:48.778,36.379,-74.998,11.04,193.36,196.04,10.82,14.6,14.6,1012.0,1012.1,0.0,0.0,85.09,78.49,2,357,15.6,15.2,73.0,73.2,10.0,9.7,195.5,187.6,1014.1,1014.2,251.94,321.46,1544.58,31.9613,11.1756,239.4,53.5,1490.411, NAN, NAN, NAN, NAN,,2024/04/14 22:01:48.778,2024-04-14 22:01:48.778000+00:00
2024/04/14, 22:02:48.778,36.376,-74.998,11.03,194.13,194.15,10.89,14.6,14.7,1012.2,1012.2,0.0,0.0,85.09,78.49,3,356,15.8,15.0,72.9,73.1,10.2,9.4,198.4,187.4,1014.3,1014.3,248.89,321.24,1475.1,31.9529,11.2083,237.6,53.6,1490.516, NAN, NAN, NAN, NAN,,2024/04/14 22:02:48.778,2024-04-14 22:02:48.778000+00:00
2024/04/14, 22:03:48.778,36.373,-74.999,11.01,193.46,192.63,10.96,14.7,14.7,1012.1,1012.2,0.0,0.0,85.09,78.49,2,356,16.3,15.5,72.7,72.9,10.7,9.9,196.5,187.2,1014.2,1014.3,244.97,321.45,1520.65,31.9439,11.2424,235.4,53.6,1490.625, NAN, NAN, NAN, NAN,,2024/04/14 22:03:48.778,2024-04-14 22:03:48.778000+00:00
2024/04/14, 22:04:48.778,36.37,-75.0,11.05,193.71,193.15,10.86,14.7,14.7,1012.2,1012.2,0.0,0.0,85.09,78.49,2,356,16.0,15.5,72.7,72.7,10.4,9.9,196.8,187.5,1014.3,1014.3,240.96,321.31,1523.66,31.9315,11.2651,234.5,53.7,1490.69, NAN, NAN, NAN, NAN,,2024/04/14 22:04:48.778,2024-04-14 22:04:48.778000+00:00
2024/04/14, 22:05:48.778,36.367,-75.001,11.13,193.3,193.87,10.99,14.7,14.7,1012.2,1012.2,0.0,0.0,85.09,78.49,2,357,16.1,15.7,72.6,72.7,10.5,10.1,196.4,188.6,1014.3,1014.3,237.53,321.4,1521.8,31.92,11.2778,235.1,53.8,1490.72, NAN, NAN, NAN, NAN,,2024/04/14 22:05:48.778,2024-04-14 22:05:48.778000+00:00
2024/04/14, 22:06:48.778,36.364,-75.002,11.02,193.83,196.31,10.92,14.8,14.8,1012.1,1012.2,0.0,0.0,85.09,78.49,2,356,16.1,15.6,72.6,72.6,10.5,10.0,196.1,186.7,1014.2,1014.3,232.44,321.39,1510.46,31.9091,11.3675,235.7,53.7,1491.021, NAN, NAN, NAN, NAN,,2024/04/14 22:06:48.778,2024-04-14 22:06:48.778000+00:00
2024/04/14, 22:07:48.778,36.361,-75.003,11.02,192.36,190.52,10.95,14.8,14.8,1012.2,1012.2,0.0,0.0,85.09,78.49,4,357,16.1,15.6,72.7,72.6,10.5,10.0,199.1,188.3,1014.3,1014.3,236.79,321.25,1507.77,31.8974,11.5363,235.4,53.7,1491.597, NAN, NAN, NAN, NAN,,2024/04/14 22:07:48.778,2024-04-14 22:07:48.778000+00:00
2024/04/14, 22:08:48.778,36.358,-75.004,11.02,192.21,192.83,10.92,14.8,14.8,1012.2,1012.2,0.0,0.0,85.09,78.49,3,358,16.4,15.7,72.5,72.8,10.8,10.1,196.8,189.1,1014.3,1014.3,223.11,320.79,1497.1,31.8775,11.6755,235.1,53.8,1492.057, NAN, NAN, NAN, NAN,,2024/04/14 22:08:48.778,2024-04-14 22:08:48.778000+00:00
2024/04/14, 22:09:48.779,36.355,-75.005,11.07,191.69,191.77,11.08,14.8,14.8,1011.9,1012.1,0.0,0.0,85.09,78.49,3,357,16.1,15.7,73.1,73.1,10.4,10.0,196.1,186.8,1014.0,1014.2,217.48,320.86,1482.24,31.8543,11.6825,235.1,53.8,1492.054, NAN, NAN, NAN, NAN,,2024/04/14 22:09:48.779,2024-04-14 22:09:48.779000+00:00
2024/04/14, 22:10:48.779,36.352,-75.005,11.02,191.39,193.19,10.92,14.8,14.8,1012.0,1012.1,0.0,0.0,85.09,78.49,4,359,16.4,15.7,73.2,73.2,10.8,10.1,196.9,189.3,1014.1,1014.2,215.6,321.09,1473.13,31.8289,11.6268,236.0,53.8,1491.83, NAN, NAN, NAN, NAN,,2024/04/14 22:10:48.779,2024-04-14 22:10:48.779000+00:00
2024/04/14, 22:11:48.779,36.349,-75.006,11.1,191.54,192.37,11.04,14.7,14.8,1012.1,1012.2,0.0,0.0,85.09,78.49,4,358,15.9,15.4,73.4,73.3,10.2,9.7,197.3,187.9,1014.2,1014.3,207.06,320.59,1463.53,31.8149,11.5872,237.2,54.1,1491.675, NAN, NAN, NAN, NAN,,2024/04/14 22:11:48.779,2024-04-14 22:11:48.779000+00:00
2024/04/14, 22:12:48.779,36.346,-75.007,11.09,192.06,192.89,11.03,14.7,14.7,1011.9,1012.1,0.0,0.0,85.09,78.49,4,358,15.9,15.3,73.7,73.6,10.3,9.6,198.2,188.9,1014.0,1014.2,199.41,320.77,1452.66,31.8106,11.5856,240.0,54.2,1491.664, NAN, NAN, NAN, NAN,,2024/04/14 22:12:48.779,2024-04-14 22:12:48.779000+00:00
2024/04/14, 22:13:48.779,36.343,-75.008,11.04,192.54,193.77,10.91,14.7,14.7,1012.0,1012.2,0.0,0.0,85.09,78.49,4,359,16.1,15.5,73.7,73.9,10.5,9.9,198.7,191.1,1014.1,1014.3,198.37,320.55,1439.49,31.8048,11.6168,240.9,54.2,1491.766, NAN, NAN, NAN, NAN,,2024/04/14 22:13:48.779,2024-04-14 22:13:48.779000+00:00
2024/04/14, 22:14:48.779,36.34,-75.008,11.01,191.46,190.29,10.93,14.7,14.7,1012.1,1012.2,0.0,0.0,85.09,78.49,4,359,15.9,15.3,74.2,73.9,10.3,9.7,197.7,189.9,1014.2,1014.3,187.4,320.69,1429.07,31.795,11.5992,244.0,54.0,1491.693, NAN, NAN, NAN, NAN,,2024/04/14 22:14:48.779,2024-04-14 22:14:48.779000+00:00
2024/04/14, 22:15:48.779,36.337,-75.009,11.03,191.3,190.73,10.96,14.6,14.6,1012.1,1012.2,0.0,0.0,85.09,78.49,4,358,15.9,15.3,74.2,74.2,10.3,9.7,197.7,188.3,1014.2,1014.3,184.51,321.43,1407.22,31.7763,11.5714,246.0,54.1,1491.574, NAN, NAN, NAN, NAN,,2024/04/14 22:15:48.779,2024-04-14 22:15:48.779000+00:00
2024/04/14, 22:16:48.779,36.334,-75.01,11.04,191.58,191.72,11.04,14.6,14.6,1012.0,1012.1,0.0,0.0,85.09,78.49,4,359,15.4,14.9,74.1,74.2,9.7,9.2,198.0,190.1,1014.1,1014.2,174.77,320.86,1389.05,31.7599,11.5504,246.0,54.1,1491.481, NAN, NAN, NAN, NAN,,2024/04/14 22:16:48.779,2024-04-14 22:16:48.779000+00:00
2024/04/14, 22:17:48.779,36.331,-75.011,11.11,192.09,192.23,11.02,14.6,14.6,1012.0,1012.1,0.0,0.0,85.09,78.49,4,358,15.9,15.3,74.2,74.4,10.3,9.6,198.6,189.3,1014.1,1014.2,167.78,320.95,1376.03,31.7503,11.5402,249.4,54.2,1491.434, NAN, NAN, NAN, NAN,,2024/04/14 22:17:48.779,2024-04-14 22:17:48.779000+00:00
2024/04/14, 22:18:48.779,36.328,-75.012,11.18,191.71,192.89,11.02,14.6,14.6,1012.1,1012.0,0.0,0.0,85.09,78.49,4,358,15.8,15.2,74.0,74.1,10.2,9.5,197.9,188.5,1014.2,1014.1,168.85,321.22,1360.19,31.7384,11.5421,249.7,54.1,1491.426, NAN, NAN, NAN, NAN,,2024/04/14 22:18:48.779,2024-04-14 22:18:48.779000+00:00
2024/04/14, 22:19:48.779,36.325,-75.012,11.11,191.48,191.95,11.15,14.7,14.7,1012.0,1012.2,0.0,0.0,85.09,78.49,5,359,15.6,14.7,73.7,73.6,9.9,9.0,198.8,189.3,1014.1,1014.3,165.69,321.09,1352.89,31.7245,11.5625,250.4,54.1,1491.481, NAN, NAN, NAN, NAN,,2024/04/14 22:19:48.779,2024-04-14 22:19:48.779000+00:00
2024/04/14, 22:20:48.779,36.322,-75.013,11.12,191.89,191.84,11.05,14.7,14.7,1011.9,1012.2,0.0,0.0,85.09,78.49,5,359,16.2,15.6,73.2,73.3,10.6,9.9,199.7,190.5,1014.0,1014.3,166.21,321.45,1339.31,31.7093,11.5758,251.0,54.2,1491.509, NAN, NAN, NAN, NAN,,2024/04/14 22:20:48.779,2024-04-14 22:20:48.779000+00:00
2024/04/14, 22:21:48.779,36.319,-75.014,11.09,191.91,194.05,10.99,14.8,14.8,1012.0,1012.2,0.0,0.0,85.09,78.49,4,359,15.9,15.2,72.3,72.4,10.3,9.6,198.0,190.2,1014.1,1014.3,166.42,320.95,1327.1,31.6969,11.594,251.3,54.1,1491.557, NAN, NAN, NAN, NAN,,2024/04/14 22:21:48.779,2024-04-14 22:21:48.779000+00:00
2024/04/14, 22:22:48.779,36.316,-75.015,11.1,191.81,190.76,10.92,14.8,14.8,1012.0,1012.1,0.0,0.0,85.09,78.49,5,358,15.4,15.3,71.9,72.0,9.8,9.7,199.8,188.8,1014.1,1014.2,167.98,321.39,1316.78,31.6763,11.6057,251.6,54.1,1491.573, NAN, NAN, NAN, NAN,,2024/04/14 22:22:48.779,2024-04-14 22:22:48.779000+00:00
2024/04/14, 22:23:48.779,36.313,-75.016,11.02,192.0,192.24,10.95,14.9,14.9,1012.2,1012.2,0.0,0.0,85.09,78.49,3,358,15.8,15.8,70.9,71.0,10.2,10.2,196.5,188.8,1014.3,1014.3,166.67,321.54,1302.14,31.6552,11.6358,253.4,54.1,1491.653, NAN, NAN, NAN, NAN,,2024/04/14 22:23:48.779,2024-04-14 22:23:48.779000+00:00
2024/04/14, 22:24:48.779,36.31,-75.016,11.07,192.1,192.61,11.0,15.0,15.0,1012.1,1012.3,0.0,0.0,85.09,78.49,3,358,16.0,15.6,70.2,70.1,10.4,10.0,196.5,188.7,1014.2,1014.4,163.91,320.86,1288.94,31.6365,11.6713,255.8,54.1,1491.754, NAN, NAN, NAN, NAN,,2024/04/14 22:24:48.779,2024-04-14 22:24:48.779000+00:00
2024/04/14, 22:25:48.780,36.307,-75.017,10.97,191.34,193.41,10.95,15.0,15.0,1012.2,1012.2,0.0,0.0,85.09,78.49,5,359,15.7,15.6,70.4,70.4,10.1,10.0,198.3,188.9,1014.3,1014.3,161.92,320.37,1272.77,31.6324,11.6849,256.8,54.1,1491.796, NAN, NAN, NAN, NAN,,2024/04/14 22:25:48.780,2024-04-14 22:25:48.780000+00:00
2024/04/14, 22:26:48.780,36.304,-75.018,10.94,191.33,190.37,10.78,15.0,15.0,1012.2,1012.1,0.0,0.0,85.09,78.49,4,359,16.1,16.1,70.6,70.6,10.6,10.6,197.8,190.2,1014.3,1014.2,160.13,321.2,1258.34,31.6234,11.7006,258.0,54.0,1491.84, NAN, NAN, NAN, NAN,,2024/04/14 22:26:48.780,2024-04-14 22:26:48.780000+00:00
2024/04/14, 22:27:48.780,36.301,-75.019,10.91,191.78,191.71,10.93,15.0,15.1,1012.2,1012.3,0.0,0.0,85.09,78.49,6,1,15.3,14.9,70.5,70.5,9.7,9.3,201.5,193.6,1014.3,1014.4,154.97,320.43,1245.51,31.6145,11.7181,259.2,54.1,1491.89, NAN, NAN, NAN, NAN,,2024/04/14 22:27:48.780,2024-04-14 22:27:48.780000+00:00
2024/04/14, 22:28:48.780,36.298,-75.019,11.02,192.24,193.7,10.92,15.0,15.0,1012.0,1012.2,0.0,0.0,85.09,78.49,6,0,15.7,15.2,70.9,70.9,10.1,9.6,201.1,191.7,1014.1,1014.3,152.36,320.19,1231.9,31.6047,11.7372,261.1,54.2,1491.945, NAN, NAN, NAN, NAN,,2024/04/14 22:28:48.780,2024-04-14 22:28:48.780000+00:00
2024/04/14, 22:29:48.780,36.295,-75.02,10.99,191.4,191.08,11.03,15.0,15.0,1012.2,1012.2,0.0,0.0,85.09,78.49,5,0,15.5,15.0,71.0,71.0,9.9,9.3,199.0,191.2,1014.3,1014.3,148.59,320.13,1214.22,31.6007,11.757,259.8,54.3,1492.009, NAN, NAN, NAN, NAN,,2024/04/14 22:29:48.780,2024-04-14 22:29:48.780000+00:00
2024/04/14, 22:30:48.780,36.292,-75.021,11.06,191.92,192.31,11.03,15.0,15.0,1012.1,1012.3,0.0,0.0,85.09,78.49,6,0,15.8,15.5,71.3,71.3,10.2,9.8,201.2,191.9,1014.2,1014.4,146.48,320.43,1198.15,31.5998,11.7758,258.4,54.3,1492.073, NAN, NAN, NAN, NAN,,2024/04/14 22:30:48.780,2024-04-14 22:30:48.780000+00:00
2024/04/14, 22:31:48.780,36.289,-75.022,10.99,192.29,193.34,10.92,15.0,15.0,1012.2,1012.2,0.0,0.0,85.09,78.49,6,1,15.9,15.4,71.4,71.3,10.3,9.8,201.5,193.9,1014.3,1014.3,142.47,320.33,1183.31,31.5953,11.8068,257.4,54.3,1492.175, NAN, NAN, NAN, NAN,,2024/04/14 22:31:48.780,2024-04-14 22:31:48.780000+00:00
2024/04/14, 22:32:48.780,36.286,-75.023,10.96,191.51,191.4,10.89,14.9,15.0,1012.3,1012.2,0.0,0.0,85.09,78.49,7,2,16.2,15.5,72.0,72.0,10.7,9.9,202.1,194.5,1014.4,1014.3,140.93,320.47,1167.39,31.5887,11.8263,257.7,54.3,1492.234, NAN, NAN, NAN, NAN,,2024/04/14 22:32:48.780,2024-04-14 22:32:48.780000+00:00
2024/04/14, 22:33:48.780,36.283,-75.023,10.99,191.46,191.44,10.88,14.9,15.0,1012.3,1012.2,0.0,0.0,85.09,78.49,6,2,15.3,15.1,72.3,72.3,9.7,9.5,200.6,194.3,1014.4,1014.3,137.69,320.7,1152.19,31.5794,11.8463,258.0,54.3,1492.292, NAN, NAN, NAN, NAN,,2024/04/14 22:33:48.780,2024-04-14 22:33:48.780000+00:00
2024/04/14, 22:34:48.780,36.28,-75.024,11.01,191.62,191.75,10.99,15.0,15.0,1012.1,1012.2,0.0,0.0,85.09,78.49,6,1,16.1,15.9,72.2,72.2,10.5,10.3,200.9,193.2,1014.2,1014.3,134.76,321.52,1133.75,31.5698,11.8783,259.5,54.3,1492.392, NAN, NAN, NAN, NAN,,2024/04/14 22:34:48.780,2024-04-14 22:34:48.780000+00:00
2024/04/14, 22:35:48.780,36.277,-75.025,10.9,191.93,192.57,10.85,15.0,15.0,1012.2,1012.2,0.0,0.0,85.09,78.49,5,0,16.1,15.8,72.0,72.1,10.6,10.2,199.6,191.9,1014.3,1014.3,133.36,321.75,1110.95,31.5546,11.9081,261.1,54.3,1492.477, NAN, NAN, NAN, NAN,,2024/04/14 22:35:48.780,2024-04-14 22:35:48.780000+00:00
2024/04/14, 22:36:48.780,36.275,-75.026,10.94,191.59,190.37,10.83,15.1,15.1,1012.2,1012.3,0.0,0.0,85.09,78.49,5,0,16.5,15.7,71.5,71.6,11.0,10.1,199.3,191.8,1014.3,1014.4,129.07,321.73,1095.2,31.5399,11.9226,262.5,54.1,1492.509, NAN, NAN, NAN, NAN,,2024/04/14 22:36:48.780,2024-04-14 22:36:48.780000+00:00
2024/04/14, 22:37:48.780,36.272,-75.026,10.97,191.65,192.31,10.83,15.1,15.1,1012.3,1012.3,0.0,0.0,85.09,78.49,7,1,16.4,15.6,71.0,71.0,10.9,10.0,201.8,192.7,1014.4,1014.4,127.88,321.59,1079.92,31.5258,11.9418,263.5,54.3,1492.559, NAN, NAN, NAN, NAN,,2024/04/14 22:37:48.780,2024-04-14 22:37:48.780000+00:00
2024/04/14, 22:38:48.780,36.269,-75.027,10.94,192.63,189.88,10.86,15.2,15.2,1012.1,1012.3,0.0,0.0,85.09,78.49,5,0,16.9,16.5,70.8,70.8,11.4,10.9,200.6,193.2,1014.2,1014.4,121.45,321.51,1058.62,31.5146,11.9332,265.6,54.4,1492.515, NAN, NAN, NAN, NAN,,2024/04/14 22:38:48.780,2024-04-14 22:38:48.780000+00:00
2024/04/14, 22:39:48.780,36.266,-75.028,10.94,192.74,193.67,10.82,15.2,15.2,1012.2,1012.2,0.0,0.0,85.09,78.49,6,0,16.5,15.3,70.7,70.6,11.0,9.7,201.5,192.4,1014.3,1014.3,119.81,321.03,1044.03,31.498,11.9605,265.9,54.4,1492.59, NAN, NAN, NAN, NAN,,2024/04/14 22:39:48.780,2024-04-14 22:39:48.780000+00:00
2024/04/14, 22:40:48.780,36.263,-75.029,10.89,192.77,193.64,10.86,15.2,15.2,1012.4,1012.2,0.0,0.0,85.09,78.49,5,0,16.5,15.9,70.6,70.7,10.9,10.3,200.0,192.4,1014.5,1014.3,115.61,320.95,1025.63,31.4854,11.9897,268.6,54.3,1492.676, NAN, NAN, NAN, NAN,,2024/04/14 22:40:48.780,2024-04-14 22:40:48.780000+00:00
2024/04/14, 22:41:48.781,36.26,-75.03,10.95,192.39,193.86,10.85,15.2,15.2,1012.3,1012.2,0.0,0.0,85.09,78.49,5,0,16.0,15.6,70.6,70.7,10.4,10.0,199.6,191.9,1014.4,1014.3,115.86,320.8,1006.02,31.4687,12.0006,270.2,54.3,1492.693, NAN, NAN, NAN, NAN,,2024/04/14 22:41:48.781,2024-04-14 22:41:48.781000+00:00
2024/04/14, 22:42:48.781,36.257,-75.031,11.0,192.83,193.02,10.84,15.2,15.2,1012.3,1012.3,0.0,0.0,85.09,78.49,6,1,15.9,15.5,71.0,71.0,10.4,9.9,202.0,194.3,1014.4,1014.4,113.27,320.79,990.82,31.4552,12.0098,271.2,54.3,1492.709, NAN, NAN, NAN, NAN,,2024/04/14 22:42:48.781,2024-04-14 22:42:48.781000+00:00
2024/04/14, 22:43:48.781,36.254,-75.031,11.08,192.62,195.42,10.88,15.1,15.1,1012.2,1012.3,0.0,0.0,85.09,78.49,6,1,16.1,15.3,71.4,71.4,10.5,9.7,201.0,193.3,1014.3,1014.4,107.93,320.28,972.49,31.4445,11.9859,273.9,54.4,1492.614, NAN, NAN, NAN, NAN,,2024/04/14 22:43:48.781,2024-04-14 22:43:48.781000+00:00
2024/04/14, 22:44:48.781,36.251,-75.032,11.02,192.3,192.12,10.94,15.0,15.1,1012.1,1012.2,0.0,0.0,85.09,78.49,6,1,16.3,15.8,71.8,71.8,10.7,10.2,201.0,193.4,1014.2,1014.3,104.07,320.72,952.81,31.4432,11.9598,275.3,54.1,1492.522, NAN, NAN, NAN, NAN,,2024/04/14 22:44:48.781,2024-04-14 22:44:48.781000+00:00
2024/04/14, 22:45:48.781,36.248,-75.033,11.05,191.99,192.28,10.82,15.0,15.0,1012.4,1012.2,0.0,0.0,85.09,78.49,6,0,16.0,15.5,72.0,72.0,10.5,9.9,200.4,191.1,1014.5,1014.3,102.47,320.47,936.58,31.4449,11.946,274.5,54.3,1492.476, NAN, NAN, NAN, NAN,,2024/04/14 22:45:48.781,2024-04-14 22:45:48.781000+00:00
2024/04/14, 22:46:48.781,36.245,-75.034,11.08,192.96,194.18,10.94,15.0,15.0,1012.2,1012.3,0.0,0.0,85.09,78.49,6,0,15.8,15.5,72.1,72.1,10.2,9.9,201.7,192.4,1014.3,1014.4,98.63,320.44,913.04,31.4471,11.9106,273.6,54.4,1492.357, NAN, NAN, NAN, NAN,,2024/04/14 22:46:48.781,2024-04-14 22:46:48.781000+00:00
2024/04/14, 22:47:48.781,36.242,-75.035,11.04,193.0,193.55,10.94,15.0,15.0,1012.2,1012.2,0.0,0.0,85.09,78.49,4,359,15.8,15.2,71.8,71.8,10.2,9.6,198.7,190.8,1014.3,1014.3,95.59,319.94,888.37,31.449,11.836,272.9,54.3,1492.101, NAN, NAN, NAN, NAN,,2024/04/14 22:47:48.781,2024-04-14 22:47:48.781000+00:00
2024/04/14, 22:48:48.781,36.239,-75.036,11.04,192.58,193.16,10.99,15.0,15.0,1012.2,1012.2,0.0,0.0,85.09,78.49,5,359,16.0,15.4,71.7,71.7,10.4,9.8,199.7,190.4,1014.3,1014.3,94.06,320.43,869.48,31.4485,11.7552,272.3,54.4,1491.82, NAN, NAN, NAN, NAN,,2024/04/14 22:48:48.781,2024-04-14 22:48:48.781000+00:00
2024/04/14, 22:49:48.781,36.236,-75.037,11.0,192.24,192.05,10.95,14.9,15.0,1012.2,1012.3,0.0,0.0,85.09,78.49,6,0,16.6,16.0,72.1,71.7,11.0,10.4,201.1,192.0,1014.3,1014.4,89.46,320.5,843.64,31.4559,11.6859,273.2,54.4,1491.589, NAN, NAN, NAN, NAN,,2024/04/14 22:49:48.781,2024-04-14 22:49:48.781000+00:00
2024/04/14, 22:50:48.781,36.233,-75.038,11.06,192.29,194.66,10.92,15.0,15.0,1012.2,1012.2,0.0,0.0,85.09,78.49,4,359,16.0,15.4,72.5,72.3,10.4,9.8,197.5,189.7,1014.3,1014.3,84.83,320.58,821.22,31.4688,11.6655,275.0,54.3,1491.533, NAN, NAN, NAN, NAN,,2024/04/14 22:50:48.781,2024-04-14 22:50:48.781000+00:00
2024/04/14, 22:51:48.781,36.23,-75.038,11.08,193.08,194.98,10.75,14.9,14.9,1012.0,1012.2,0.0,0.0,85.09,78.49,3,358,16.3,15.5,72.6,72.7,10.8,10.0,197.5,189.8,1014.1,1014.3,82.93,320.57,800.8,31.4845,11.675,277.6,54.2,1491.585, NAN, NAN, NAN, NAN,,2024/04/14 22:51:48.781,2024-04-14 22:51:48.781000+00:00
2024/04/14, 22:52:48.781,36.227,-75.039,11.09,192.64,195.63,10.9,14.9,14.9,1012.0,1012.2,0.0,0.0,85.09,78.49,3,358,15.9,15.3,72.8,72.9,10.3,9.7,196.3,188.4,1014.1,1014.3,80.33,320.59,778.88,31.5053,11.7079,279.3,54.3,1491.724, NAN, NAN, NAN, NAN,,2024/04/14 22:52:48.781,2024-04-14 22:52:48.781000+00:00
2024/04/14, 22:53:48.781,36.224,-75.04,11.04,192.26,193.38,10.97,14.8,14.9,1012.2,1012.2,0.0,0.0,85.09,78.49,4,359,15.6,15.3,73.0,72.9,10.0,9.7,197.9,190.1,1014.3,1014.3,76.54,320.55,754.56,31.5307,11.7537,280.9,54.1,1491.913, NAN, NAN, NAN, NAN,,2024/04/14 22:53:48.781,2024-04-14 22:53:48.781000+00:00
2024/04/14, 22:54:48.781,36.221,-75.041,11.11,192.21,194.14,11.05,14.8,14.8,1012.0,1012.2,0.0,0.0,85.09,78.49,4,358,15.4,14.9,73.3,73.4,9.7,9.2,197.6,188.0,1014.1,1014.3,74.07,320.83,728.63,31.5493,11.8046,281.2,54.2,1492.112, NAN, NAN, NAN, NAN,,2024/04/14 22:54:48.781,2024-04-14 22:54:48.781000+00:00
2024/04/14, 22:55:48.781,36.218,-75.042,11.08,192.02,192.56,10.87,14.8,14.8,1012.1,1012.2,0.0,0.0,85.09,78.49,4,359,16.0,15.6,73.5,73.5,10.4,10.0,197.8,190.1,1014.2,1014.3,71.28,321.28,704.26,31.56,11.8337,280.0,54.3,1492.226, NAN, NAN, NAN, NAN,,2024/04/14 22:55:48.781,2024-04-14 22:55:48.781000+00:00
2024/04/14, 22:56:48.781,36.215,-75.043,11.1,192.73,194.69,10.92,14.7,14.8,1012.2,1012.2,0.0,0.0,85.09,78.49,4,359,16.0,15.0,73.5,73.5,10.4,9.4,198.0,190.2,1014.3,1014.3,69.4,321.27,675.89,31.5621,11.8405,276.9,54.3,1492.252, NAN, NAN, NAN, NAN,,2024/04/14 22:56:48.781,2024-04-14 22:56:48.781000+00:00
2024/04/14, 22:57:48.782,36.212,-75.044,11.05,192.45,192.55,11.01,14.7,14.8,1012.3,1012.2,0.0,0.0,85.09,78.49,4,359,15.3,15.0,73.5,73.6,9.7,9.3,198.4,190.5,1014.4,1014.3,66.58,321.85,642.91,31.5612,11.8375,276.3,54.3,1492.24, NAN, NAN, NAN, NAN,,2024/04/14 22:57:48.782,2024-04-14 22:57:48.782000+00:00
2024/04/14, 22:58:48.782,36.209,-75.045,11.11,193.38,192.91,10.94,14.8,14.8,1012.2,1012.3,0.0,0.0,85.09,78.49,4,358,15.5,15.1,73.6,73.6,9.9,9.5,199.8,190.3,1014.3,1014.4,62.15,321.87,605.2,31.5582,11.8398,276.6,54.4,1492.245, NAN, NAN, NAN, NAN,,2024/04/14 22:58:48.782,2024-04-14 22:58:48.782000+00:00
2024/04/14, 22:59:48.782,36.207,-75.046,11.01,194.37,195.43,10.92,14.8,14.8,1012.2,1012.3,0.0,0.0,85.09,78.49,2,356,15.8,15.1,73.4,73.5,10.2,9.5,196.5,187.0,1014.3,1014.4,56.6,322.05,552.32,31.5553,11.8422,275.6,54.4,1492.249, NAN, NAN, NAN, NAN,,2024/04/14 22:59:48.782,2024-04-14 22:59:48.782000+00:00
2024/04/14, 23:00:48.782,36.204,-75.047,11.02,192.95,194.7,10.91,14.8,14.8,1012.2,1012.3,0.0,0.0,85.09,78.49,3,357,15.7,14.9,73.5,73.5,10.1,9.3,196.8,187.2,1014.3,1014.4,46.66,322.04,438.39,31.551,11.8481,273.9,54.4,1492.265, NAN, NAN, NAN, NAN,,2024/04/14 23:00:48.782,2024-04-14 23:00:48.782000+00:00
2024/04/14, 23:01:48.782,36.201,-75.047,11.1,193.77,193.36,11.05,14.8,14.8,1012.1,1012.3,0.0,0.0,85.09,78.49,2,357,15.6,15.1,73.6,73.6,9.9,9.4,196.8,188.8,1014.2,1014.4,35.32,322.46,318.46,31.5459,11.8566,272.9,54.3,1492.288, NAN, NAN, NAN, NAN,,2024/04/14 23:01:48.782,2024-04-14 23:01:48.782000+00:00
2024/04/14, 23:02:48.782,36.198,-75.048,11.11,193.73,196.91,11.07,14.8,14.8,1012.2,1012.2,0.0,0.0,85.09,78.49,3,357,15.3,14.7,73.8,73.9,9.6,9.0,197.2,187.5,1014.3,1014.3,30.58,322.63,270.38,31.5278,11.8647,271.5,54.3,1492.294, NAN, NAN, NAN, NAN,,2024/04/14 23:02:48.782,2024-04-14 23:02:48.782000+00:00
2024/04/14, 23:03:48.782,36.195,-75.049,11.08,192.93,192.48,11.12,14.9,14.9,1012.2,1012.2,0.0,0.0,85.09,78.49,3,358,15.5,15.5,74.5,74.4,9.8,9.8,197.2,189.3,1014.3,1014.3,29.38,323.84,260.73,31.5304,11.8677,270.5,54.4,1492.308, NAN, NAN, NAN, NAN,,2024/04/14 23:03:48.782,2024-04-14 23:03:48.782000+00:00
2024/04/14, 23:04:48.782,36.192,-75.05,11.1,193.53,195.5,11.03,14.8,14.9,1012.0,1012.3,0.0,0.0,85.09,78.49,4,358,15.2,14.6,74.9,75.0,9.5,8.9,199.0,189.3,1014.1,1014.4,29.27,324.32,266.15,31.5218,11.8852,269.6,54.4,1492.358, NAN, NAN, NAN, NAN,,2024/04/14 23:04:48.782,2024-04-14 23:04:48.782000+00:00
2024/04/14, 23:05:48.782,36.189,-75.051,11.1,193.66,194.9,11.02,14.8,14.8,1012.2,1012.3,0.0,0.0,85.09,78.49,4,358,15.0,14.6,75.1,75.2,9.3,8.9,199.5,189.8,1014.3,1014.4,32.64,324.99,308.66,31.5119,11.9215,270.8,54.5,1492.472, NAN, NAN, NAN, NAN,,2024/04/14 23:05:48.782,2024-04-14 23:05:48.782000+00:00
2024/04/14, 23:06:48.782,36.186,-75.052,11.13,193.38,192.59,11.1,14.8,14.8,1012.2,1012.3,0.0,0.0,85.09,78.49,4,358,15.4,14.9,75.5,75.5,9.7,9.2,199.8,190.2,1014.3,1014.4,34.49,325.65,315.71,31.5,11.9588,268.9,54.5,1492.586, NAN, NAN, NAN, NAN,,2024/04/14 23:06:48.782,2024-04-14 23:06:48.782000+00:00
2024/04/14, 23:07:48.782,36.183,-75.053,11.2,193.41,195.11,11.04,14.7,14.8,1012.2,1012.3,0.0,0.0,85.09,78.49,4,358,15.2,14.5,76.0,76.0,9.5,8.8,198.9,189.2,1014.3,1014.4,30.38,326.62,286.95,31.4861,11.9683,268.9,54.4,1492.603, NAN, NAN, NAN, NAN,,2024/04/14 23:07:48.782,2024-04-14 23:07:48.782000+00:00
2024/04/14, 23:08:48.782,36.18,-75.054,11.16,193.31,193.26,11.06,14.7,14.7,1012.4,1012.2,0.0,0.0,85.09,78.49,4,358,15.4,14.9,76.5,76.4,9.7,9.2,199.5,190.0,1014.5,1014.3,31.39,327.28,291.95,31.4736,11.9493,268.6,54.4,1492.522, NAN, NAN, NAN, NAN,,2024/04/14 23:08:48.782,2024-04-14 23:08:48.782000+00:00
2024/04/14, 23:09:48.782,36.177,-75.055,11.12,193.67,194.63,10.98,14.6,14.7,1012.4,1012.3,0.0,0.0,85.09,78.49,4,359,15.0,14.6,77.0,76.9,9.4,9.0,199.8,191.7,1014.5,1014.4,32.98,327.97,308.55,31.4583,11.9201,267.5,54.5,1492.403, NAN, NAN, NAN, NAN,,2024/04/14 23:09:48.782,2024-04-14 23:09:48.782000+00:00
2024/04/14, 23:10:48.782,36.174,-75.056,11.12,193.9,194.6,10.97,14.6,14.6,1012.3,1012.3,0.0,0.0,85.09,78.49,5,358,15.4,14.7,77.4,77.4,9.8,9.1,201.3,190.2,1014.4,1014.4,32.26,328.7,288.89,31.4488,11.8853,267.2,54.5,1492.271, NAN, NAN, NAN, NAN,,2024/04/14 23:10:48.782,2024-04-14 23:10:48.782000+00:00
2024/04/14, 23:11:48.782,36.171,-75.057,11.17,193.53,194.74,11.06,14.5,14.6,1012.4,1012.3,0.0,0.0,85.09,78.49,4,359,15.2,14.8,77.9,77.9,9.5,9.1,199.2,191.2,1014.5,1014.4,29.28,329.05,270.14,31.4356,11.8381,268.6,54.2,1492.092, NAN, NAN, NAN, NAN,,2024/04/14 23:11:48.782,2024-04-14 23:11:48.782000+00:00
2024/04/14, 23:12:48.783,36.168,-75.058,11.16,193.42,191.5,11.04,14.5,14.6,1012.3,1012.4,0.0,0.0,85.09,78.49,3,357,15.2,14.8,78.3,78.3,9.5,9.1,198.5,188.9,1014.4,1014.5,27.75,329.55,244.99,31.4179,11.8069,269.9,54.3,1491.963, NAN, NAN, NAN, NAN,,2024/04/14 23:12:48.783,2024-04-14 23:12:48.783000+00:00
2024/04/14, 23:13:48.783,36.165,-75.059,11.12,193.34,193.15,11.03,14.5,14.6,1012.3,1012.3,0.0,0.0,85.09,78.49,3,358,15.5,15.0,78.5,78.5,9.8,9.3,197.8,189.8,1014.4,1014.4,25.44,329.07,223.89,31.3943,11.7757,273.6,54.3,1491.827, NAN, NAN, NAN, NAN,,2024/04/14 23:13:48.783,2024-04-14 23:13:48.783000+00:00
2024/04/14, 23:14:48.783,36.162,-75.06,11.12,193.48,194.62,10.99,14.5,14.5,1012.2,1012.3,0.0,0.0,85.09,78.49,3,357,15.0,14.7,78.8,78.8,9.4,9.1,197.7,188.0,1014.3,1014.4,23.18,329.15,201.57,31.3622,11.7464,276.6,54.4,1491.687, NAN, NAN, NAN, NAN,,2024/04/14 23:14:48.783,2024-04-14 23:14:48.783000+00:00
2024/04/14, 23:15:48.783,36.159,-75.06,11.09,193.62,194.99,11.04,14.5,14.5,1012.3,1012.4,0.0,0.0,85.09,78.49,2,357,14.9,14.4,79.0,79.1,9.2,8.7,196.5,188.3,1014.4,1014.5,20.26,328.43,179.03,31.3328,11.7179,277.9,54.2,1491.552, NAN, NAN, NAN, NAN,,2024/04/14 23:15:48.783,2024-04-14 23:15:48.783000+00:00
2024/04/14, 23:16:48.783,36.156,-75.061,11.07,193.92,194.85,10.95,14.5,14.5,1012.3,1012.4,0.0,0.0,85.09,78.49,4,357,14.4,13.9,79.5,79.6,8.8,8.3,200.6,189.0,1014.4,1014.5,17.01,327.76,149.24,31.3035,11.7124,280.0,54.3,1491.498, NAN, NAN, NAN, NAN,,2024/04/14 23:16:48.783,2024-04-14 23:16:48.783000+00:00
2024/04/14, 23:17:48.783,36.153,-75.062,11.12,194.16,196.45,10.94,14.4,14.4,1012.4,1012.4,0.0,0.0,85.09,78.49,4,358,14.6,14.0,80.1,80.1,9.0,8.4,200.0,190.1,1014.5,1014.5,13.66,327.47,123.44,31.2766,11.706,282.7,54.4,1491.444, NAN, NAN, NAN, NAN,,2024/04/14 23:17:48.783,2024-04-14 23:17:48.783000+00:00
2024/04/14, 23:18:48.783,36.15,-75.063,11.09,193.53,195.56,11.01,14.3,14.4,1012.3,1012.4,0.0,0.0,85.09,78.49,5,0,14.7,13.8,80.7,80.7,9.1,8.1,200.8,192.6,1014.4,1014.5,10.92,327.37,96.85,31.2471,11.6938,285.1,54.4,1491.366, NAN, NAN, NAN, NAN,,2024/04/14 23:18:48.783,2024-04-14 23:18:48.783000+00:00
2024/04/14, 23:19:48.783,36.147,-75.064,11.19,193.94,192.68,11.12,14.3,14.3,1012.4,1012.4,0.0,0.0,85.09,78.49,5,359,14.6,14.2,81.1,81.1,8.9,8.5,202.9,193.1,1014.5,1014.5,9.84,328.03,91.46,31.2271,11.6608,285.4,54.4,1491.227, NAN, NAN, NAN, NAN,,2024/04/14 23:19:48.783,2024-04-14 23:19:48.783000+00:00
2024/04/14, 23:20:48.783,36.144,-75.065,11.14,193.69,192.45,10.91,14.3,14.3,1012.3,1012.4,0.0,0.0,85.09,78.49,6,0,14.3,13.9,81.3,81.3,8.7,8.3,203.8,194.0,1014.4,1014.5,9.86,328.2,93.8,31.2028,11.6624,287.6,54.4,1491.204, NAN, NAN, NAN, NAN,,2024/04/14 23:20:48.783,2024-04-14 23:20:48.783000+00:00
2024/04/14, 23:21:48.783,36.141,-75.066,11.12,193.75,193.05,11.0,14.3,14.3,1012.2,1012.4,0.0,0.0,85.09,78.49,5,359,14.7,14.3,81.3,81.3,9.1,8.6,202.1,192.4,1014.3,1014.5,9.19,328.92,89.56,31.1984,11.7014,290.0,54.3,1491.334, NAN, NAN, NAN, NAN,,2024/04/14 23:21:48.783,2024-04-14 23:21:48.783000+00:00
2024/04/14, 23:22:48.783,36.138,-75.067,11.1,193.86,192.78,10.97,14.4,14.4,1012.4,1012.3,0.0,0.0,85.09,78.49,7,1,14.8,14.3,81.0,81.0,9.2,8.7,205.7,196.1,1014.5,1014.4,7.68,329.03,79.86,31.1887,11.7173,291.3,54.3,1491.378, NAN, NAN, NAN, NAN,,2024/04/14 23:22:48.783,2024-04-14 23:22:48.783000+00:00
2024/04/14, 23:23:48.783,36.135,-75.068,11.1,193.66,195.09,11.02,14.5,14.5,1012.4,1012.4,0.0,0.0,85.09,78.49,5,0,14.9,14.5,80.4,80.4,9.3,8.8,201.3,193.2,1014.5,1014.5,6.54,329.2,73.97,31.1744,11.7105,290.0,54.3,1491.337, NAN, NAN, NAN, NAN,,2024/04/14 23:23:48.783,2024-04-14 23:23:48.783000+00:00
2024/04/14, 23:24:48.783,36.132,-75.069,11.09,193.98,195.67,10.96,14.6,14.6,1012.2,1012.3,0.0,0.0,85.09,78.49,8,1,15.3,14.4,79.8,79.9,9.7,8.8,206.1,195.0,1014.3,1014.4,5.83,329.32,66.17,31.1637,11.6783,289.1,54.2,1491.213, NAN, NAN, NAN, NAN,,2024/04/14 23:24:48.783,2024-04-14 23:24:48.783000+00:00
2024/04/14, 23:25:48.783,36.129,-75.07,11.12,193.99,194.43,10.96,14.7,14.7,1012.3,1012.4,0.0,0.0,85.09,78.49,8,3,15.0,14.6,79.4,79.5,9.5,9.0,206.7,198.9,1014.4,1014.5,4.79,328.81,58.77,31.1546,11.6389,288.1,54.3,1491.064, NAN, NAN, NAN, NAN,,2024/04/14 23:25:48.783,2024-04-14 23:25:48.783000+00:00
2024/04/14, 23:26:48.783,36.126,-75.07,11.1,193.66,193.39,10.91,14.8,14.8,1012.3,1012.4,0.0,0.0,85.09,78.49,8,1,15.0,14.7,79.1,79.1,9.5,9.1,206.4,195.3,1014.4,1014.5,3.79,329.25,53.01,31.1453,11.6302,288.4,54.4,1491.023, NAN, NAN, NAN, NAN,,2024/04/14 23:26:48.783,2024-04-14 23:26:48.783000+00:00
2024/04/14, 23:27:48.784,36.123,-75.071,11.07,193.58,191.83,10.96,14.8,14.9,1012.3,1012.3,0.0,0.0,85.09,78.49,9,3,15.7,15.2,79.1,79.0,10.2,9.6,208.1,198.9,1014.4,1014.4,2.89,329.38,47.1,31.1359,11.6399,290.7,54.2,1491.046, NAN, NAN, NAN, NAN,,2024/04/14 23:27:48.784,2024-04-14 23:27:48.784000+00:00
2024/04/14, 23:28:48.784,36.12,-75.072,11.03,193.99,195.25,10.8,14.9,14.9,1012.2,1012.4,0.0,0.0,85.09,78.49,9,2,15.6,15.1,79.0,79.0,10.1,9.6,207.5,196.7,1014.3,1014.5,2.15,328.75,41.43,31.1232,11.6007,292.1,54.3,1490.894, NAN, NAN, NAN, NAN,,2024/04/14 23:28:48.784,2024-04-14 23:28:48.784000+00:00
2024/04/14, 23:29:48.784,36.117,-75.073,10.99,193.6,194.48,10.88,15.0,15.0,1012.2,1012.3,0.0,0.0,85.09,78.49,9,4,15.7,15.2,78.9,78.9,10.2,9.6,207.2,199.6,1014.3,1014.4,1.48,328.85,37.12,31.1105,11.6021,294.0,54.1,1490.883, NAN, NAN, NAN, NAN,,2024/04/14 23:29:48.784,2024-04-14 23:29:48.784000+00:00
2024/04/14, 23:30:48.784,36.114,-75.074,11.0,194.35,194.44,10.84,15.0,15.0,1012.3,1012.3,0.0,0.0,85.09,78.49,8,2,15.6,15.2,79.1,79.0,10.1,9.6,206.5,197.2,1014.4,1014.4,0.74,329.03,33.23,31.1041,11.6532,294.8,54.0,1491.054, NAN, NAN, NAN, NAN,,2024/04/14 23:30:48.784,2024-04-14 23:30:48.784000+00:00
2024/04/14, 23:31:48.784,36.112,-75.075,10.99,193.25,193.66,10.91,15.0,15.0,1012.2,1012.3,0.0,0.0,85.09,78.49,9,4,15.4,15.2,79.1,79.2,9.9,9.6,207.1,199.4,1014.3,1014.4,0.08,329.16,29.45,31.103,11.6898,295.8,53.9,1491.18, NAN, NAN, NAN, NAN,,2024/04/14 23:31:48.784,2024-04-14 23:31:48.784000+00:00
2024/04/14, 23:32:48.784,36.109,-75.076,11.08,193.66,193.37,10.85,15.0,15.0,1012.3,1012.3,0.0,0.0,85.09,78.49,10,4,15.6,15.2,79.3,79.4,10.1,9.6,209.0,199.8,1014.4,1014.4,-0.76,328.53,26.13,31.0875,11.7226,296.8,53.8,1491.275, NAN, NAN, NAN, NAN,,2024/04/14 23:32:48.784,2024-04-14 23:32:48.784000+00:00
2024/04/14, 23:33:48.784,36.106,-75.077,11.09,193.2,192.71,10.93,15.0,15.0,1012.3,1012.3,0.0,0.0,85.09,78.49,10,4,15.8,15.1,79.5,79.5,10.3,9.5,208.5,199.4,1014.4,1014.4,-1.55,328.41,22.65,31.0768,11.7148,294.0,53.9,1491.236, NAN, NAN, NAN, NAN,,2024/04/14 23:33:48.784,2024-04-14 23:33:48.784000+00:00
2024/04/14, 23:34:48.784,36.103,-75.078,11.05,193.95,197.03,10.95,15.0,15.0,1012.3,1012.2,0.0,0.0,85.09,78.49,9,4,15.3,15.0,79.8,79.8,9.7,9.4,207.3,199.5,1014.4,1014.3,-2.24,328.22,19.94,31.0647,11.6817,293.7,54.0,1491.106, NAN, NAN, NAN, NAN,,2024/04/14 23:34:48.784,2024-04-14 23:34:48.784000+00:00
2024/04/14, 23:35:48.784,36.1,-75.079,11.05,194.3,195.73,10.91,15.0,15.0,1012.2,1012.4,0.0,0.0,85.09,78.49,10,4,15.6,14.9,79.8,80.0,10.1,9.3,209.4,200.3,1014.3,1014.5,-2.91,328.47,17.56,31.0568,11.6397,294.7,53.9,1490.95, NAN, NAN, NAN, NAN,,2024/04/14 23:35:48.784,2024-04-14 23:35:48.784000+00:00
2024/04/14, 23:36:48.784,36.097,-75.08,11.06,192.92,192.98,10.94,15.0,15.0,1012.4,1012.2,0.0,0.0,85.09,78.49,10,4,15.1,15.0,80.1,80.2,9.6,9.4,208.5,199.1,1014.5,1014.3,-3.28,328.38,15.42,31.0521,11.6023,296.1,54.0,1490.814, NAN, NAN, NAN, NAN,,2024/04/14 23:36:48.784,2024-04-14 23:36:48.784000+00:00
2024/04/14, 23:37:48.784,36.094,-75.08,11.11,193.27,193.61,11.01,15.0,15.0,1012.2,1012.4,0.0,0.0,85.09,78.49,10,4,15.1,14.8,80.1,80.3,9.6,9.2,208.8,199.4,1014.3,1014.5,-3.58,328.22,13.29,31.0443,11.5654,297.7,54.1,1490.676, NAN, NAN, NAN, NAN,,2024/04/14 23:37:48.784,2024-04-14 23:37:48.784000+00:00
2024/04/14, 23:38:48.784,36.091,-75.081,11.06,193.31,192.55,10.95,14.9,15.0,1012.4,1012.4,0.0,0.0,85.09,78.49,10,4,15.4,14.8,80.5,80.5,9.9,9.2,209.0,199.8,1014.5,1014.5,-4.06,328.22,11.57,31.0377,11.6308,297.7,54.2,1490.896, NAN, NAN, NAN, NAN,,2024/04/14 23:38:48.784,2024-04-14 23:38:48.784000+00:00
2024/04/14, 23:39:48.784,36.088,-75.082,11.04,192.71,193.06,10.93,14.9,14.9,1012.2,1012.3,0.0,0.0,85.09,78.49,10,5,15.1,14.5,80.7,80.7,9.6,8.9,208.3,200.6,1014.3,1014.4,-4.24,327.75,10.05,31.0393,11.8569,300.1,54.2,1491.684, NAN, NAN, NAN, NAN,,2024/04/14 23:39:48.784,2024-04-14 23:39:48.784000+00:00
2024/04/14, 23:40:48.784,36.085,-75.083,11.01,193.27,191.99,10.99,14.9,14.9,1012.3,1012.3,0.0,0.0,85.09,78.49,10,5,15.3,14.7,80.9,80.9,9.8,9.1,209.4,201.8,1014.4,1014.4,-4.44,328.59,8.7,31.0504,11.9793,304.1,54.2,1492.121, NAN, NAN, NAN, NAN,,2024/04/14 23:40:48.784,2024-04-14 23:40:48.784000+00:00
2024/04/14, 23:41:48.784,36.082,-75.084,11.04,193.26,193.21,10.96,14.9,14.9,1012.4,1012.4,0.0,0.0,85.09,78.49,10,5,15.4,14.9,81.3,81.0,9.9,9.3,208.9,201.3,1014.5,1014.5,-4.86,328.89,7.46,31.076,12.0025,302.5,54.3,1492.231, NAN, NAN, NAN, NAN,,2024/04/14 23:41:48.784,2024-04-14 23:41:48.784000+00:00
2024/04/14, 23:42:48.784,36.079,-75.085,11.02,193.41,196.83,10.95,14.9,15.0,1012.4,1012.4,0.0,0.0,85.09,78.49,11,6,15.2,14.6,81.5,81.5,9.7,9.0,209.8,202.1,1014.5,1014.5,-5.05,328.57,6.23,31.0922,11.9495,301.4,54.3,1492.068, NAN, NAN, NAN, NAN,,2024/04/14 23:42:48.784,2024-04-14 23:42:48.784000+00:00
2024/04/14, 23:43:48.785,36.076,-75.086,11.04,193.03,194.22,10.98,14.9,15.0,1012.3,1012.4,0.0,0.0,85.09,78.49,11,7,15.2,14.6,81.6,81.5,9.7,9.0,210.1,204.1,1014.4,1014.5,-5.25,328.36,5.31,31.0899,11.856,299.2,54.2,1491.741, NAN, NAN, NAN, NAN,,2024/04/14 23:43:48.785,2024-04-14 23:43:48.785000+00:00
2024/04/14, 23:44:48.785,36.073,-75.087,11.05,192.65,191.32,10.94,15.0,15.0,1012.3,1012.4,0.0,0.0,85.09,78.49,12,6,15.2,14.8,81.6,81.6,9.8,9.2,211.9,202.8,1014.4,1014.5,-5.37,328.36,4.48,31.085,11.7904,299.5,54.3,1491.508, NAN, NAN, NAN, NAN,,2024/04/14 23:44:48.785,2024-04-14 23:44:48.785000+00:00
2024/04/14, 23:45:48.785,36.07,-75.087,11.07,193.16,192.52,10.96,15.0,15.0,1012.3,1012.4,0.0,0.0,85.09,78.49,13,7,15.3,14.8,81.6,81.6,9.9,9.2,213.7,204.6,1014.4,1014.5,-5.47,328.47,3.78,31.0753,11.7593,297.4,54.3,1491.388, NAN, NAN, NAN, NAN,,2024/04/14 23:45:48.785,2024-04-14 23:45:48.785000+00:00
2024/04/14, 23:46:48.785,36.067,-75.088,11.07,193.8,194.24,10.89,15.0,15.0,1012.5,1012.3,0.0,0.0,85.09,78.49,12,7,15.5,14.8,81.5,81.5,10.1,9.3,212.3,204.9,1014.6,1014.4,-5.54,328.58,3.15,31.0595,11.757,292.1,54.2,1491.361, NAN, NAN, NAN, NAN,,2024/04/14 23:46:48.785,2024-04-14 23:46:48.785000+00:00
2024/04/14, 23:47:48.785,36.064,-75.089,11.18,193.5,194.74,10.88,15.0,15.0,1012.5,1012.4,0.0,0.0,85.09,78.49,13,9,15.6,14.9,81.6,81.6,10.2,9.4,213.4,207.6,1014.6,1014.5,-5.69,328.87,2.54,31.0381,11.7618,288.8,54.2,1491.353, NAN, NAN, NAN, NAN,,2024/04/14 23:47:48.785,2024-04-14 23:47:48.785000+00:00
2024/04/14, 23:48:48.785,36.061,-75.09,11.07,192.83,192.36,10.82,15.0,15.0,1012.4,1012.4,0.0,0.0,85.09,78.49,13,8,16.0,15.0,82.0,82.0,10.7,9.5,212.8,205.8,1014.5,1014.5,-5.78,329.31,2.1,31.0013,11.7524,287.3,54.2,1491.276, NAN, NAN, NAN, NAN,,2024/04/14 23:48:48.785,2024-04-14 23:48:48.785000+00:00
2024/04/14, 23:49:48.785,36.058,-75.091,11.09,193.38,192.77,10.88,15.0,15.0,1012.6,1012.4,0.0,0.0,85.09,78.49,13,8,15.7,15.5,82.0,81.9,10.3,10.0,213.6,206.1,1014.7,1014.5,-5.87,329.55,1.71,30.9505,11.7404,288.1,54.1,1491.174, NAN, NAN, NAN, NAN,,2024/04/14 23:49:48.785,2024-04-14 23:49:48.785000+00:00
2024/04/14, 23:50:48.785,36.055,-75.092,11.15,193.2,194.12,10.91,15.1,15.1,1012.3,1012.4,0.0,0.0,85.09,78.49,12,7,16.0,15.6,81.5,81.5,10.6,10.1,211.3,203.9,1014.4,1014.5,-5.9,329.44,1.4,30.9088,11.7624,288.1,54.3,1491.2, NAN, NAN, NAN, NAN,,2024/04/14 23:50:48.785,2024-04-14 23:50:48.785000+00:00
2024/04/14, 23:51:48.785,36.052,-75.092,11.12,193.22,191.95,10.82,15.1,15.1,1012.4,1012.5,0.0,0.0,85.09,78.49,13,7,15.8,15.2,81.0,81.0,10.5,9.7,213.6,204.8,1014.5,1014.6,-6.07,329.47,1.13,30.8535,11.7998,291.8,54.2,1491.264, NAN, NAN, NAN, NAN,,2024/04/14 23:51:48.785,2024-04-14 23:51:48.785000+00:00
2024/04/14, 23:52:48.785,36.049,-75.093,11.1,193.0,189.14,10.81,15.2,15.2,1012.3,1012.4,0.0,0.0,85.09,78.49,12,7,15.8,15.3,80.8,80.8,10.5,9.9,212.6,205.3,1014.4,1014.5,-6.08,329.59,0.88,30.7917,11.845,292.1,54.2,1491.347, NAN, NAN, NAN, NAN,,2024/04/14 23:52:48.785,2024-04-14 23:52:48.785000+00:00
2024/04/14, 23:53:48.785,36.046,-75.094,11.04,193.52,191.91,10.89,15.2,15.2,1012.4,1012.4,0.0,0.0,85.09,78.49,12,7,15.3,15.1,80.5,80.5,9.9,9.6,212.9,205.3,1014.5,1014.5,-6.1,329.37,0.71,30.7393,11.881,292.8,54.3,1491.409, NAN, NAN, NAN, NAN,,2024/04/14 23:53:48.785,2024-04-14 23:53:48.785000+00:00
2024/04/14, 23:54:48.785,36.044,-75.095,11.06,193.06,191.42,10.75,15.2,15.2,1012.3,1012.5,0.0,0.0,85.09,78.49,11,5,15.7,15.1,80.4,80.4,10.4,9.6,210.5,201.6,1014.4,1014.6,-6.11,329.28,0.56,30.6858,11.9204,292.8,54.3,1491.482, NAN, NAN, NAN, NAN,,2024/04/14 23:54:48.785,2024-04-14 23:54:48.785000+00:00
2024/04/14, 23:55:48.785,36.041,-75.096,11.11,193.04,192.16,10.89,15.2,15.3,1012.5,1012.4,0.0,0.0,85.09,78.49,11,6,15.4,15.3,80.5,80.5,10.0,9.8,210.7,203.1,1014.6,1014.5,-6.11,329.22,0.45,30.642,11.9628,294.8,54.2,1491.576, NAN, NAN, NAN, NAN,,2024/04/14 23:55:48.785,2024-04-14 23:55:48.785000+00:00
2024/04/14, 23:56:48.785,36.038,-75.096,11.11,193.71,193.36,10.89,15.2,15.3,1012.5,1012.5,0.0,0.0,85.09,78.49,11,5,15.5,14.9,80.5,80.5,10.1,9.3,211.2,202.1,1014.6,1014.6,-6.16,329.41,0.35,30.5926,11.9918,294.0,54.1,1491.618, NAN, NAN, NAN, NAN,,2024/04/14 23:56:48.785,2024-04-14 23:56:48.785000+00:00
2024/04/14, 23:57:48.785,36.035,-75.097,11.15,194.01,194.0,10.85,15.2,15.3,1012.3,1012.6,0.0,0.0,85.09,78.49,11,6,15.7,14.8,80.3,80.3,10.3,9.3,211.3,204.0,1014.4,1014.7,-6.13,329.15,0.27,30.5358,11.9708,295.5,54.3,1491.477, NAN, NAN, NAN, NAN,,2024/04/14 23:57:48.785,2024-04-14 23:57:48.785000+00:00
2024/04/14, 23:58:48.786,36.032,-75.098,11.08,193.31,194.66,10.84,15.2,15.3,1012.4,1012.5,0.0,0.0,85.09,78.49,12,7,15.1,14.4,80.1,80.1,9.7,8.9,211.9,204.4,1014.5,1014.6,-6.23,329.13,0.21,30.4967,11.9,292.4,54.4,1491.185, NAN, NAN, NAN, NAN,,2024/04/14 23:58:48.786,2024-04-14 23:58:48.786000+00:00
2024/04/14, 23:59:48.786,36.029,-75.099,11.2,193.22,191.7,10.84,15.2,15.3,1012.4,1012.6,0.0,0.0,85.09,78.49,13,7,15.4,14.6,80.0,80.1,10.1,9.1,214.0,205.2,1014.5,1014.7,-6.24,328.93,0.17,30.4691,11.8814,293.1,54.3,1491.088, NAN, NAN, NAN, NAN,,2024/04/14 23:59:48.786,2024-04-14 23:59:48.786000+00:00
2024/04/15, 00:00:48.786,36.026,-75.1, 11.32,192.76,190.46,10.87,15.2,15.2,1012.4,1012.5,0.0,0.0,85.09,78.49,14,8,15.6,15.0,80.0,80.1,10.3,9.5,215.3,206.5,1014.5,1014.6,-6.27,328.96,0.13,30.4699,11.8986,295.8,54.3,1491.149, NAN, NAN, NAN, NAN,,2024/04/15 00:00:48.786,2024-04-15 00:00:48.786000+00:00
2024/04/15, 00:01:48.786,36.023,-75.101, 11.19,193.27,193.02,10.86,15.2,15.2,1012.6,1012.6,0.0,0.0,85.09,78.49,13,7,15.9,14.9,80.1,80.4,10.5,9.4,213.2,204.6,1014.7,1014.7,-6.27,328.9,0.1,30.4757,11.9278,295.8,54.4,1491.257, NAN, NAN, NAN, NAN,,2024/04/15 00:01:48.786,2024-04-15 00:01:48.786000+00:00
2024/04/15, 00:02:48.786,36.02,-75.101, 11.25,193.12,193.28,10.95,15.2,15.2,1012.5,1012.5,0.0,0.0,85.09,78.49,13,8,15.1,14.5,80.5,80.6,9.7,9.0,213.6,206.1,1014.6,1014.6,-6.33,328.8,0.08,30.4665,11.9737,294.8,54.3,1491.405, NAN, NAN, NAN, NAN,,2024/04/15 00:02:48.786,2024-04-15 00:02:48.786000+00:00
2024/04/15, 00:03:48.786,36.017,-75.102, 11.33,194.06,193.34,10.98,15.2,15.2,1012.7,1012.5,0.0,0.0,85.09,78.49,13,8,15.6,15.1,80.5,80.5,10.2,9.6,214.5,207.1,1014.8,1014.6,-6.27,329.37,0.06,30.457,11.9973,294.8,54.3,1491.475, NAN, NAN, NAN, NAN,,2024/04/15 00:03:48.786,2024-04-15 00:03:48.786000+00:00
2024/04/15, 00:04:48.786,36.014,-75.103, 11.31,193.21,192.79,10.89,15.2,15.2,1012.5,1012.6,0.0,0.0,85.09,78.49,14,8,15.8,15.0,80.3,80.4,10.5,9.5,214.8,206.0,1014.6,1014.7,-6.29,329.13,0.05,30.4412,12.0069,293.4,54.3,1491.489, NAN, NAN, NAN, NAN,,2024/04/15 00:04:48.786,2024-04-15 00:04:48.786000+00:00
2024/04/15, 00:05:48.786,36.011,-75.104, 11.29,193.13,193.45,11.0,15.2,15.2,1012.6,1012.4,0.0,0.0,85.09,78.49,13,8,15.5,14.9,80.0,80.2,10.1,9.3,213.2,205.8,1014.7,1014.5,-6.2,328.87,0.04,30.4304,12.017,292.1,54.2,1491.511, NAN, NAN, NAN, NAN,,2024/04/15 00:05:48.786,2024-04-15 00:05:48.786000+00:00
2024/04/15, 00:06:48.786,36.008,-75.105, 11.30,193.87,195.48,11.03,15.2,15.2,1012.6,1012.6,0.0,0.0,85.09,78.49,12,8,15.4,14.8,79.8,79.9,9.9,9.2,212.1,206.2,1014.7,1014.7,-6.27,328.95,0.03,30.4276,12.0391,292.4,54.3,1491.585, NAN, NAN, NAN, NAN,,2024/04/15 00:06:48.786,2024-04-15 00:06:48.786000+00:00
2024/04/15, 00:07:48.786,36.005,-75.106, 11.35,193.59,195.55,10.89,15.2,15.2,1012.6,1012.6,0.0,0.0,85.09,78.49,12,7,15.4,14.6,79.8,79.9,10.0,9.1,211.7,204.3,1014.7,1014.7,-6.25,328.4,0.02,30.4207,12.091,291.3,54.2,1491.756, NAN, NAN, NAN, NAN,,2024/04/15 00:07:48.786,2024-04-15 00:07:48.786000+00:00
2024/04/15, 00:08:48.786,36.002,-75.107, 11.32,193.53,194.89,10.91,15.1,15.1,1012.5,1012.6,0.0,0.0,85.09,78.49,12,7,15.4,14.7,80.0,80.1,10.0,9.1,211.8,204.3,1014.6,1014.7,-6.29,328.61,0.01,30.4412,12.1805,288.8,54.1,1492.088, NAN, NAN, NAN, NAN,,2024/04/15 00:08:48.786,2024-04-15 00:08:48.786000+00:00
2024/04/15, 00:09:48.786,35.999,-75.108, 11.31,193.51,194.98,10.92,15.1,15.1,1012.5,1012.6,0.0,0.0,85.09,78.49,11,5,15.3,14.7,80.6,80.7,9.8,9.1,210.2,201.0,1014.6,1014.7,-6.33,328.99,0.01,30.4595,12.2677,287.0,54.3,1492.41, NAN, NAN, NAN, NAN,,2024/04/15 00:09:48.786,2024-04-15 00:09:48.786000+00:00
2024/04/15, 00:10:48.786,35.996,-75.108, 11.29,193.35,191.06,10.91,15.0,15.1,1012.5,1012.5,0.0,0.0,85.09,78.49,11,5,15.1,14.7,80.8,80.9,9.7,9.2,211.6,202.4,1014.6,1014.6,-6.29,328.75,0.0,30.4799,12.304,286.7,54.0,1492.559, NAN, NAN, NAN, NAN,,2024/04/15 00:10:48.786,2024-04-15 00:10:48.786000+00:00
2024/04/15, 00:11:48.786,35.993,-75.109, 11.26,195.79,195.05,10.88,15.0,15.0,1012.6,1012.6,0.0,0.0,85.09,78.49,10,4,15.3,14.7,81.0,81.1,9.9,9.1,211.7,202.5,1014.7,1014.7,-6.29,328.75,-0.0,30.4931,12.2849,285.4,54.2,1492.509, NAN, NAN, NAN, NAN,,2024/04/15 00:11:48.786,2024-04-15 00:11:48.786000+00:00
2024/04/15, 00:12:48.786,35.99,-75.11, 11.34,194.84,193.68,11.0,15.0,15.0,1012.6,1012.5,0.0,0.0,85.09,78.49,9,4,15.1,14.5,80.9,81.0,9.6,8.9,209.5,201.8,1014.7,1014.6,-6.29,328.77,-0.0,30.503,12.1866,287.0,54.2,1492.183, NAN, NAN, NAN, NAN,,2024/04/15 00:12:48.786,2024-04-15 00:12:48.786000+00:00
2024/04/15, 00:13:48.787,35.987,-75.111, 11.31,194.71,195.6,10.87,15.0,15.0,1012.4,1012.6,0.0,0.0,85.09,78.49,9,4,15.1,14.6,80.7,80.9,9.6,9.0,208.6,200.8,1014.5,1014.7,-6.32,329.0,-0.01,30.5034,12.0754,286.4,54.3,1491.8, NAN, NAN, NAN, NAN,,2024/04/15 00:13:48.787,2024-04-15 00:13:48.787000+00:00
2024/04/15, 00:14:48.787,35.985,-75.112, 11.37,194.56,194.15,10.86,15.0,15.0,1012.6,1012.5,0.0,0.0,85.09,78.49,9,3,14.9,14.7,80.5,80.7,9.4,9.1,209.0,199.6,1014.7,1014.6,-6.33,328.89,-0.01,30.5061,11.9669,289.7,54.4,1491.428, NAN, NAN, NAN, NAN,,2024/04/15 00:14:48.787,2024-04-15 00:14:48.787000+00:00
2024/04/15, 00:15:48.787,35.982,-75.113, 11.36,194.13,193.63,10.89,15.0,15.0,1012.5,1012.4,0.0,0.0,85.09,78.49,9,3,15.1,14.7,80.3,80.3,9.6,9.1,208.3,198.9,1014.6,1014.5,-6.23,328.39,-0.01,30.5161,11.9196,292.1,54.4,1491.277, NAN, NAN, NAN, NAN,,2024/04/15 00:15:48.787,2024-04-15 00:15:48.787000+00:00
2024/04/15, 00:16:48.787,35.979,-75.114, 11.29,194.41,193.92,10.77,15.0,15.0,1012.5,1012.4,0.0,0.0,85.09,78.49,9,4,15.2,14.8,80.2,80.2,9.8,9.3,208.4,200.7,1014.6,1014.5,-6.28,328.81,-0.01,30.5313,11.9105,295.5,54.2,1491.263, NAN, NAN, NAN, NAN,,2024/04/15 00:16:48.787,2024-04-15 00:16:48.787000+00:00
2024/04/15, 00:17:48.787,35.976,-75.115, 11.23,194.16,192.47,10.91,15.0,15.0,1012.4,1012.6,0.0,0.0,85.09,78.49,9,3,15.0,14.6,80.5,80.5,9.5,9.0,208.8,199.4,1014.5,1014.7,-6.23,328.34,-0.01,30.5415,11.9301,296.4,54.3,1491.343, NAN, NAN, NAN, NAN,,2024/04/15 00:17:48.787,2024-04-15 00:17:48.787000+00:00
2024/04/15, 00:18:48.787,35.973,-75.116, 11.33,192.73,194.43,10.92,15.0,15.0,1012.4,1012.5,0.0,0.0,85.09,78.49,9,3,15.0,14.6,80.5,80.6,9.5,9.0,206.0,196.4,1014.5,1014.6,-6.2,328.63,-0.01,30.5454,11.9334,297.1,54.4,1491.359, NAN, NAN, NAN, NAN,,2024/04/15 00:18:48.787,2024-04-15 00:18:48.787000+00:00
2024/04/15, 00:19:48.787,35.97,-75.117, 11.21,193.13,191.81,10.72,15.0,15.0,1012.4,1012.5,0.0,0.0,85.09,78.49,9,3,14.6,14.4,80.5,80.5,9.2,8.9,207.8,198.3,1014.5,1014.6,-6.33,328.36,-0.01,30.547,11.9224,296.1,54.3,1491.323, NAN, NAN, NAN, NAN,,2024/04/15 00:19:48.787,2024-04-15 00:19:48.787000+00:00
2024/04/15, 00:20:48.787,35.967,-75.118, 10.32,194.14,195.02,9.86,14.9,15.0,1012.5,1012.5,0.0,0.0,85.09,78.49,9,3,14.2,13.8,80.7,80.7,9.2,8.7,207.6,198.4,1014.6,1014.6,-6.31,328.23,-0.01,30.552,11.9059,294.4,54.3,1491.272, NAN, NAN, NAN, NAN,,2024/04/15 00:20:48.787,2024-04-15 00:20:48.787000+00:00
2024/04/15, 00:21:48.787,35.965,-75.119, 10.02,193.66,192.98,9.42,14.9,14.9,1012.5,1012.5,0.0,0.0,85.09,78.49,9,3,13.9,13.6,80.5,80.5,9.2,8.8,207.4,198.3,1014.6,1014.6,-6.31,328.29,-0.01,30.5596,11.8938,294.4,54.0,1491.239, NAN, NAN, NAN, NAN,,2024/04/15 00:21:48.787,2024-04-15 00:21:48.787000+00:00
2024/04/15, 00:22:48.787,35.962,-75.119, 9.72,193.77,195.58,9.35,14.9,14.9,1012.6,1012.6,0.0,0.0,85.09,78.49,9,4,14.0,13.6,80.4,80.4,9.3,8.8,206.7,199.2,1014.7,1014.7,-6.3,328.36,-0.01,30.5687,11.8996,294.7,54.1,1491.27, NAN, NAN, NAN, NAN,,2024/04/15 00:22:48.787,2024-04-15 00:22:48.787000+00:00
2024/04/15, 00:23:48.787,35.959,-75.12, 9.56,194.01,194.11,9.3,14.9,14.9,1012.4,1012.6,0.0,0.0,85.09,78.49,9,3,13.6,13.2,80.2,80.2,8.9,8.4,207.6,198.4,1014.5,1014.7,-6.25,327.95,-0.02,30.5776,11.9055,295.2,54.2,1491.301, NAN, NAN, NAN, NAN,,2024/04/15 00:23:48.787,2024-04-15 00:23:48.787000+00:00
2024/04/15, 00:24:48.787,35.957,-75.121, 8.98,193.07,195.3,8.55,14.9,14.9,1012.6,1012.5,0.0,0.0,85.09,78.49,10,4,13.3,12.9,79.9,80.2,9.0,8.5,207.3,198.4,1014.7,1014.6,-6.23,328.22,-0.01,30.5831,11.8984,293.1,53.8,1491.283, NAN, NAN, NAN, NAN,,2024/04/15 00:24:48.787,2024-04-15 00:24:48.787000+00:00
2024/04/15, 00:25:48.787,35.955,-75.121, 7.90,193.08,194.41,7.19,14.9,14.9,1012.6,1012.6,0.0,0.0,85.09,78.49,9,4,12.5,12.0,79.9,79.9,8.9,8.3,205.3,198.3,1014.7,1014.7,-6.38,327.71,-0.01,30.5877,11.8974,291.8,53.5,1491.285, NAN, NAN, NAN, NAN,,2024/04/15 00:25:48.787,2024-04-15 00:25:48.787000+00:00
2024/04/15, 00:26:48.787,35.953,-75.122, 4.55,192.51,191.92,3.67,14.9,14.9,1012.6,1012.7,0.0,0.0,85.09,78.49,10,4,10.5,10.4,79.8,79.8,8.6,8.5,204.4,197.2,1014.7,1014.8,-6.36,328.08,-0.01,30.5921,11.8959,291.3,53.7,1491.285, NAN, NAN, NAN, NAN,,2024/04/15 00:26:48.787,2024-04-15 00:26:48.787000+00:00
2024/04/15, 00:27:48.787,35.953,-75.122, 1.09,192.55,161.32,0.8,14.8,14.9,1012.7,1012.8,0.0,0.0,85.09,78.49,10,4,9.1,8.6,79.9,80.0,8.7,8.2,203.8,197.6,1014.8,1014.9,-6.39,327.86,-0.01,30.5979,11.8911,293.4,53.8,1491.275, NAN, NAN, NAN, NAN,,2024/04/15 00:27:48.787,2024-04-15 00:27:48.787000+00:00
2024/04/15, 00:28:48.787,35.953,-75.122, 0.15,191.16,80.18,0.08,14.8,14.8,1012.7,1012.8,0.0,0.0,85.09,78.49,13,8,8.5,8.0,79.8,80.0,8.5,8.0,204.4,199.4,1014.8,1014.9,-6.49,328.09,-0.01,30.5977,11.8855,291.8,53.7,1491.256, NAN, NAN, NAN, NAN,,2024/04/15 00:28:48.787,2024-04-15 00:28:48.787000+00:00
2024/04/15, 00:29:48.788,35.953,-75.122, 0.15,192.79,101.23,0.28,14.8,14.8,1012.9,1012.8,0.0,0.0,85.09,78.49,13,8,8.3,8.2,79.6,79.7,8.3,8.2,206.7,201.8,1015.0,1014.9,-6.59,328.13,-0.01,30.6077,11.8694,293.4,53.8,1491.212, NAN, NAN, NAN, NAN,,2024/04/15 00:29:48.788,2024-04-15 00:29:48.788000+00:00
2024/04/15, 00:30:48.788,35.953,-75.122, 0.20,192.18,316.07,0.06,14.8,14.9,1012.7,1012.8,0.0,0.0,85.09,78.49,13,6,8.6,8.2,79.4,79.5,8.6,8.2,205.0,198.0,1014.8,1014.9,-6.6,328.19,-0.01,30.6139,11.8731,294.8,53.8,1491.232, NAN, NAN, NAN, NAN,,2024/04/15 00:30:48.788,2024-04-15 00:30:48.788000+00:00
2024/04/15, 00:31:48.788,35.953,-75.122, 0.13,192.1,65.01,0.14,14.8,14.9,1012.8,1012.8,0.0,0.0,85.09,78.49,13,7,8.9,8.3,79.3,79.4,9.0,8.3,205.4,199.5,1014.9,1014.9,-6.63,328.3,-0.01,30.6309,11.8792,299.5,53.8,1491.274, NAN, NAN, NAN, NAN,,2024/04/15 00:31:48.788,2024-04-15 00:31:48.788000+00:00
2024/04/15, 00:32:48.788,35.953,-75.122, 0.17,191.48,131.87,0.13,14.8,14.9,1012.8,1012.8,0.0,0.0,85.09,78.49,13,7,8.5,8.3,79.3,79.4,8.5,8.3,204.9,198.9,1014.9,1014.9,-6.66,328.82,-0.01,30.658,11.8853,307.8,53.8,1491.327, NAN, NAN, NAN, NAN,,2024/04/15 00:32:48.788,2024-04-15 00:32:48.788000+00:00
2024/04/15, 00:33:48.788,35.953,-75.122, 0.21,192.12,102.54,0.14,14.9,14.9,1012.7,1012.8,0.0,0.0,85.09,78.49,11,6,9.0,8.4,78.9,79.1,9.0,8.4,203.6,198.6,1014.8,1014.9,-6.57,328.58,-0.01,30.6762,11.8933,311.6,53.6,1491.377, NAN, NAN, NAN, NAN,,2024/04/15 00:33:48.788,2024-04-15 00:33:48.788000+00:00
2024/04/15, 00:34:48.788,35.953,-75.122, 0.21,193.38,264.93,0.16,14.9,14.9,1012.7,1012.8,0.0,0.0,85.09,78.49,11,7,8.7,8.3,78.7,78.9,8.6,8.2,204.1,200.0,1014.8,1014.9,-6.53,328.61,-0.01,30.6704,11.8958,310.2,53.4,1491.378, NAN, NAN, NAN, NAN,,2024/04/15 00:34:48.788,2024-04-15 00:34:48.788000+00:00
2024/04/15, 00:35:48.788,35.953,-75.122, 0.24,192.75,71.57,0.16,15.0,15.0,1012.8,1012.8,0.0,0.0,85.09,78.49,13,6,8.6,8.4,78.5,78.7,8.6,8.4,206.3,199.3,1014.9,1014.9,-6.53,328.65,-0.01,30.6716,11.8966,308.0,53.5,1491.382, NAN, NAN, NAN, NAN,,2024/04/15 00:35:48.788,2024-04-15 00:35:48.788000+00:00
2024/04/15, 00:36:48.788,35.953,-75.122, 0.28,191.96,62.22,0.07,15.0,15.0,1012.8,1012.8,0.0,0.0,85.09,78.49,12,7,8.5,8.3,78.2,78.4,8.5,8.3,204.2,199.2,1014.9,1014.9,-6.54,328.52,-0.01,30.6657,11.8989,308.3,53.6,1491.383, NAN, NAN, NAN, NAN,,2024/04/15 00:36:48.788,2024-04-15 00:36:48.788000+00:00
2024/04/15, 00:37:48.788,35.953,-75.122, 0.26,192.05,292.04,0.13,15.0,15.0,1012.8,1012.8,0.0,0.0,85.09,78.49,12,7,8.8,8.3,78.1,78.3,8.8,8.3,203.6,198.6,1014.9,1014.9,-6.51,328.4,-0.01,30.6542,11.9001,304.4,53.7,1491.374, NAN, NAN, NAN, NAN,,2024/04/15 00:37:48.788,2024-04-15 00:37:48.788000+00:00
2024/04/15, 00:38:48.788,35.953,-75.122, 0.23,192.91,285.65,0.37,15.0,15.0,1012.8,1012.9,0.0,0.0,85.09,78.49,14,9,8.6,8.2,78.1,78.3,8.6,8.2,205.6,200.6,1014.9,1015.0,-6.61,328.54,-0.01,30.6622,11.9013,306.2,53.6,1491.388, NAN, NAN, NAN, NAN,,2024/04/15 00:38:48.788,2024-04-15 00:38:48.788000+00:00
2024/04/15, 00:39:48.788,35.953,-75.122, 0.29,192.18,101.7,0.25,14.9,15.0,1012.8,1012.8,0.0,0.0,85.09,78.49,14,8,8.3,8.0,78.0,78.1,8.3,8.0,207.1,201.1,1014.9,1014.9,-6.51,328.21,-0.01,30.675,11.8968,307.2,53.6,1491.387, NAN, NAN, NAN, NAN,,2024/04/15 00:39:48.788,2024-04-15 00:39:48.788000+00:00
2024/04/15, 00:40:48.788,35.953,-75.122, 0.26,192.32,276.57,0.17,14.9,14.9,1012.8,1012.7,0.0,0.0,85.09,78.49,14,8,8.8,8.3,78.1,78.1,8.8,8.3,205.8,199.8,1014.9,1014.8,-6.56,328.11,-0.01,30.6782,11.8959,308.9,52.9,1491.388, NAN, NAN, NAN, NAN,,2024/04/15 00:40:48.788,2024-04-15 00:40:48.788000+00:00
2024/04/15, 00:41:48.788,35.953,-75.122, 0.26,192.5,267.31,0.1,14.9,14.9,1012.8,1012.8,0.0,0.0,85.09,78.49,14,9,8.7,8.3,77.9,78.0,8.7,8.3,206.2,201.2,1014.9,1014.9,-6.62,328.17,-0.01,30.6721,11.8951,306.8,53.0,1491.378, NAN, NAN, NAN, NAN,,2024/04/15 00:41:48.788,2024-04-15 00:41:48.788000+00:00
2024/04/15, 00:42:48.788,35.953,-75.122, 0.24,192.66,95.39,0.14,14.9,14.9,1012.9,1012.8,0.0,0.0,85.09,78.49,17,12,8.5,8.1,77.9,77.9,8.5,8.1,210.1,205.1,1015.0,1014.9,-6.55,328.4,-0.01,30.6711,11.8964,305.9,53.2,1491.381, NAN, NAN, NAN, NAN,,2024/04/15 00:42:48.788,2024-04-15 00:42:48.788000+00:00
2024/04/15, 00:43:48.788,35.953,-75.122, 0.24,192.43,279.05,0.23,14.9,14.9,1012.8,1012.8,0.0,0.0,85.09,78.49,17,12,8.5,8.1,77.7,77.7,8.5,8.1,208.7,203.6,1014.9,1014.9,-6.52,328.38,-0.01,30.6708,11.8968,305.6,53.1,1491.382, NAN, NAN, NAN, NAN,,2024/04/15 00:43:48.788,2024-04-15 00:43:48.788000+00:00
2024/04/15, 00:44:48.789,35.953,-75.122, 0.25,191.77,93.8,0.09,14.9,14.9,1012.8,1012.8,0.0,0.0,85.09,78.49,16,11,9.0,8.5,77.5,77.6,9.0,8.5,208.0,203.0,1014.9,1014.9,-6.63,328.82,-0.01,30.6672,11.8985,308.6,53.2,1491.384, NAN, NAN, NAN, NAN,,2024/04/15 00:44:48.789,2024-04-15 00:44:48.789000+00:00
2024/04/15, 00:45:48.789,35.953,-75.122, 0.27,192.27,296.83,0.04,14.9,15.0,1012.9,1012.6,0.0,0.0,85.09,78.49,18,14,8.7,8.5,77.3,77.3,8.7,8.5,210.2,206.2,1015.0,1014.7,-6.59,328.66,-0.01,30.6672,11.898,306.2,53.2,1491.382, NAN, NAN, NAN, NAN,,2024/04/15 00:45:48.789,2024-04-15 00:45:48.789000+00:00
2024/04/15, 00:46:48.789,35.953,-75.122, 0.19,191.48,143.69,0.27,15.0,15.0,1012.7,1012.8,0.0,0.0,85.09,78.49,19,13,8.7,8.4,77.0,77.0,8.7,8.3,211.4,205.4,1014.8,1014.9,-6.49,328.55,-0.01,30.6613,11.9013,304.9,53.3,1491.386, NAN, NAN, NAN, NAN,,2024/04/15 00:46:48.789,2024-04-15 00:46:48.789000+00:00
2024/04/15, 00:47:48.789,35.953,-75.122, 0.24,191.09,97.48,0.21,15.0,15.0,1012.7,1012.7,0.0,0.0,85.09,78.49,17,10,8.8,8.2,76.7,76.8,8.8,8.2,208.8,201.8,1014.8,1014.8,-6.57,328.94,-0.01,30.66,11.8983,304.6,53.3,1491.374, NAN, NAN, NAN, NAN,,2024/04/15 00:47:48.789,2024-04-15 00:47:48.789000+00:00
2024/04/15, 00:48:48.789,35.953,-75.122, 0.28,191.55,107.78,0.4,15.0,15.0,1012.7,1012.7,0.0,0.0,85.09,78.49,15,11,9.2,8.5,76.5,76.6,9.2,8.5,207.8,203.9,1014.8,1014.8,-6.44,328.79,-0.0,30.6641,11.8938,304.6,53.2,1491.364, NAN, NAN, NAN, NAN,,2024/04/15 00:48:48.789,2024-04-15 00:48:48.789000+00:00
2024/04/15, 00:49:48.789,35.953,-75.122, 0.23,192.52,159.08,0.05,15.1,15.1,1012.7,1012.7,0.0,0.0,85.09,78.49,17,12,9.2,8.5,76.5,76.6,9.2,8.5,209.7,204.7,1014.8,1014.8,-6.51,328.86,-0.01,30.6623,11.8882,304.6,53.3,1491.342, NAN, NAN, NAN, NAN,,2024/04/15 00:49:48.789,2024-04-15 00:49:48.789000+00:00
2024/04/15, 00:50:48.789,35.953,-75.122, 0.30,191.05,109.36,0.22,15.1,15.1,1012.7,1012.6,0.0,0.0,85.09,78.49,17,11,9.2,8.2,76.5,76.6,9.2,8.2,208.7,202.8,1014.8,1014.7,-6.53,328.66,-0.01,30.654,11.8847,303.2,53.3,1491.32, NAN, NAN, NAN, NAN,,2024/04/15 00:50:48.789,2024-04-15 00:50:48.789000+00:00
2024/04/15, 00:51:48.789,35.953,-75.122, 0.24,191.56,278.77,0.14,15.1,15.1,1012.7,1012.7,0.0,0.0,85.09,78.49,17,11,9.3,8.8,76.4,76.6,9.3,8.8,208.1,202.1,1014.8,1014.8,-6.42,329.24,-0.01,30.6693,11.8863,305.6,53.4,1491.344, NAN, NAN, NAN, NAN,,2024/04/15 00:51:48.789,2024-04-15 00:51:48.789000+00:00
2024/04/15, 00:52:48.789,35.953,-75.122, 0.20,192.36,128.61,0.08,15.1,15.1,1012.8,1012.6,0.0,0.0,85.09,78.49,17,12,9.1,9.1,76.4,76.6,9.1,9.1,209.6,204.6,1014.9,1014.7,-6.45,329.09,-0.01,30.6701,11.8855,305.9,53.4,1491.342, NAN, NAN, NAN, NAN,,2024/04/15 00:52:48.789,2024-04-15 00:52:48.789000+00:00
2024/04/15, 00:53:48.789,35.953,-75.122, 0.30,191.52,39.64,0.05,15.1,15.1,1012.7,1012.6,0.0,0.0,85.09,78.49,18,12,9.4,8.8,76.3,76.5,9.4,8.8,209.6,203.6,1014.8,1014.7,-6.47,328.92,-0.01,30.6617,11.8828,305.2,53.4,1491.323, NAN, NAN, NAN, NAN,,2024/04/15 00:53:48.789,2024-04-15 00:53:48.789000+00:00
2024/04/15, 00:54:48.789,35.953,-75.122, 0.30,191.54,332.54,0.06,15.1,15.2,1012.6,1012.7,0.0,0.0,85.09,78.49,15,10,9.8,9.3,76.3,76.4,9.8,9.3,206.4,201.4,1014.7,1014.8,-6.42,328.95,-0.01,30.6779,11.8807,307.5,53.4,1491.335, NAN, NAN, NAN, NAN,,2024/04/15 00:54:48.789,2024-04-15 00:54:48.789000+00:00
2024/04/15, 00:55:48.789,35.953,-75.122, 0.22,192.45,298.2,0.19,15.2,15.2,1012.6,1012.7,0.0,0.0,85.09,78.49,17,13,9.5,9.2,76.3,76.4,9.5,9.2,208.9,204.8,1014.7,1014.8,-6.42,329.43,-0.01,30.6882,11.8773,309.9,53.4,1491.335, NAN, NAN, NAN, NAN,,2024/04/15 00:55:48.789,2024-04-15 00:55:48.789000+00:00
2024/04/15, 00:56:48.789,35.953,-75.122, 0.27,191.8,236.91,0.06,15.2,15.2,1012.6,1012.6,0.0,0.0,85.09,78.49,18,12,9.3,9.2,76.2,76.2,9.3,9.2,209.7,203.6,1014.7,1014.7,-6.44,329.32,-0.01,30.7005,11.8732,311.2,53.3,1491.336, NAN, NAN, NAN, NAN,,2024/04/15 00:56:48.789,2024-04-15 00:56:48.789000+00:00
2024/04/15, 00:57:48.789,35.953,-75.122, 0.22,193.22,135.67,0.25,15.2,15.2,1012.6,1012.7,0.0,0.0,85.09,78.49,13,7,9.4,9.1,76.0,76.1,9.4,9.1,207.0,201.0,1014.7,1014.8,-6.44,329.12,-0.01,30.6986,11.8728,310.2,53.3,1491.332, NAN, NAN, NAN, NAN,,2024/04/15 00:57:48.789,2024-04-15 00:57:48.789000+00:00
2024/04/15, 00:58:48.789,35.953,-75.122, 0.14,194.76,254.0,0.23,15.2,15.2,1012.6,1012.6,0.0,0.0,85.09,78.49,13,7,9.3,9.1,76.0,76.0,9.2,9.0,207.1,201.1,1014.7,1014.7,-6.44,329.51,-0.01,30.6942,11.8729,311.6,53.4,1491.327, NAN, NAN, NAN, NAN,,2024/04/15 00:58:48.789,2024-04-15 00:58:48.789000+00:00
2024/04/15, 00:59:48.790,35.953,-75.122, 0.18,194.04,83.82,0.08,15.3,15.3,1012.6,1012.5,0.0,0.0,85.09,78.49,13,8,9.6,9.1,75.8,75.8,9.6,9.1,207.1,202.2,1014.7,1014.6,-6.39,329.74,-0.01,30.6846,11.8722,307.2,53.4,1491.313, NAN, NAN, NAN, NAN,,2024/04/15 00:59:48.790,2024-04-15 00:59:48.790000+00:00
2024/04/15, 01:00:48.790,35.953,-75.122, 0.23,195.41,226.15,0.14,15.3,15.3,1012.7,1012.5,0.0,0.0,85.09,78.49,12,6,10.0,9.9,75.3,75.4,9.9,9.8,207.2,201.2,1014.8,1014.6,-6.36,329.68,-0.01,30.6918,11.8711,310.5,53.5,1491.318, NAN, NAN, NAN, NAN,,2024/04/15 01:00:48.790,2024-04-15 01:00:48.790000+00:00
2024/04/15, 01:01:48.790,35.953,-75.122, 0.11,195.3,85.16,0.11,15.4,15.4,1012.5,1012.5,0.0,0.0,85.09,78.49,11,5,10.0,9.6,75.0,75.2,10.0,9.6,206.6,200.6,1014.6,1014.6,-6.35,329.65,-0.01,30.702,11.8702,311.2,53.6,1491.327, NAN, NAN, NAN, NAN,,2024/04/15 01:01:48.790,2024-04-15 01:01:48.790000+00:00
2024/04/15, 01:02:48.790,35.953,-75.122, 0.30,195.2,288.5,0.28,15.4,15.4,1012.5,1012.5,0.0,0.0,85.09,78.49,11,6,10.0,9.6,74.8,74.9,10.0,9.6,205.4,200.3,1014.6,1014.6,-6.31,329.5,-0.01,30.6833,11.8709,307.5,53.5,1491.307, NAN, NAN, NAN, NAN,,2024/04/15 01:02:48.790,2024-04-15 01:02:48.790000+00:00
2024/04/15, 01:03:48.790,35.953,-75.122, 0.27,194.41,271.68,0.33,15.5,15.5,1012.6,1012.5,0.0,0.0,85.09,78.49,11,5,9.6,9.4,74.8,74.9,9.6,9.4,204.4,198.4,1014.7,1014.6,-6.39,329.88,-0.0,30.6787,11.8717,304.9,53.6,1491.305, NAN, NAN, NAN, NAN,,2024/04/15 01:03:48.790,2024-04-15 01:03:48.790000+00:00
2024/04/15, 01:04:48.790,35.953,-75.122, 0.28,194.53,118.76,0.13,15.5,15.5,1012.4,1012.6,0.0,0.0,85.09,78.49,10,5,9.6,9.3,74.8,74.9,9.6,9.3,204.9,199.9,1014.5,1014.7,-6.39,329.48,-0.01,30.6711,11.8715,304.4,53.7,1491.295, NAN, NAN, NAN, NAN,,2024/04/15 01:04:48.790,2024-04-15 01:04:48.790000+00:00
2024/04/15, 01:05:48.790,35.953,-75.122, 0.27,195.43,0.59,0.06,15.5,15.5,1012.5,1012.6,0.0,0.0,85.09,78.49,10,3,9.8,9.2,75.0,75.0,9.8,9.2,205.3,198.3,1014.6,1014.7,-6.38,329.54,-0.01,30.6596,11.8704,301.4,53.5,1491.277, NAN, NAN, NAN, NAN,,2024/04/15 01:05:48.790,2024-04-15 01:05:48.790000+00:00
2024/04/15, 01:06:48.790,35.953,-75.122, 0.21,195.29,136.29,0.07,15.4,15.5,1012.4,1012.6,0.0,0.0,85.09,78.49,10,4,9.7,9.3,75.5,75.5,9.7,9.3,205.5,199.5,1014.5,1014.7,-6.35,329.32,-0.01,30.6597,11.8697,302.8,53.3,1491.275, NAN, NAN, NAN, NAN,,2024/04/15 01:06:48.790,2024-04-15 01:06:48.790000+00:00
2024/04/15, 01:07:48.790,35.953,-75.122, 0.26,195.26,278.48,0.3,15.4,15.5,1012.6,1012.5,0.0,0.0,85.09,78.49,9,4,9.8,9.1,76.0,76.0,9.7,9.1,203.4,198.3,1014.7,1014.6,-6.39,329.47,-0.01,30.6636,11.8692,302.5,53.2,1491.278, NAN, NAN, NAN, NAN,,2024/04/15 01:07:48.790,2024-04-15 01:07:48.790000+00:00
2024/04/15, 01:08:48.790,35.953,-75.122, 0.21,193.52,200.26,0.05,15.4,15.4,1012.5,1012.6,0.0,0.0,85.09,78.49,9,3,9.7,9.4,76.4,76.4,9.7,9.4,202.6,196.6,1014.6,1014.7,-6.47,329.51,-0.01,30.6655,11.8704,302.2,53.3,1491.284, NAN, NAN, NAN, NAN,,2024/04/15 01:08:48.790,2024-04-15 01:08:48.790000+00:00
2024/04/15, 01:09:48.790,35.953,-75.122, 0.30,194.84,316.19,0.12,15.4,15.4,1012.6,1012.5,0.0,0.0,85.09,78.49,7,1,9.4,9.3,76.6,76.4,9.4,9.3,201.6,195.6,1014.7,1014.6,-6.4,329.34,-0.01,30.6631,11.8723,301.6,53.4,1491.288, NAN, NAN, NAN, NAN,,2024/04/15 01:09:48.790,2024-04-15 01:09:48.790000+00:00
2024/04/15, 01:10:48.790,35.953,-75.122, 0.36,195.37,94.99,0.26,15.3,15.4,1012.6,1012.6,0.0,0.0,85.09,78.49,8,3,9.7,9.3,76.7,76.7,9.7,9.3,204.1,199.2,1014.7,1014.7,-6.55,329.28,-0.01,30.6618,11.8727,301.4,53.4,1491.288, NAN, NAN, NAN, NAN,,2024/04/15 01:10:48.790,2024-04-15 01:10:48.790000+00:00
2024/04/15, 01:11:48.790,35.953,-75.122, 0.24,195.5,275.07,0.17,15.3,15.4,1012.6,1012.5,0.0,0.0,85.09,78.49,8,2,9.5,9.3,76.9,76.7,9.4,9.2,203.2,197.1,1014.7,1014.6,-6.44,329.27,-0.01,30.6641,11.8734,301.4,53.4,1491.293, NAN, NAN, NAN, NAN,,2024/04/15 01:11:48.790,2024-04-15 01:11:48.790000+00:00
2024/04/15, 01:12:48.790,35.953,-75.122, 0.36,194.22,124.96,0.15,15.3,15.3,1012.5,1012.5,0.0,0.0,85.09,78.49,7,1,9.6,9.1,77.2,77.1,9.6,9.1,201.6,195.6,1014.6,1014.6,-6.56,329.3,-0.01,30.6649,11.875,302.2,53.2,1491.3, NAN, NAN, NAN, NAN,,2024/04/15 01:12:48.790,2024-04-15 01:12:48.790000+00:00
2024/04/15, 01:13:48.790,35.953,-75.122, 0.31,194.81,252.62,0.13,15.3,15.3,1012.5,1012.5,0.0,0.0,85.09,78.49,7,1,9.2,9.1,77.5,77.5,9.2,9.1,201.4,195.4,1014.6,1014.6,-6.56,329.06,-0.01,30.6572,11.8775,301.4,53.2,1491.299, NAN, NAN, NAN, NAN,,2024/04/15 01:13:48.790,2024-04-15 01:13:48.790000+00:00
2024/04/15, 01:14:48.791,35.953,-75.122, 0.31,195.4,288.04,0.23,15.2,15.3,1012.4,1012.6,0.0,0.0,85.09,78.49,7,1,9.2,8.7,77.8,77.8,9.2,8.7,201.7,195.6,1014.5,1014.7,-6.53,328.91,-0.01,30.6632,11.8792,300.4,53.2,1491.312, NAN, NAN, NAN, NAN,,2024/04/15 01:14:48.791,2024-04-15 01:14:48.791000+00:00
2024/04/15, 01:15:48.791,35.953,-75.122, 0.38,195.18,104.88,0.17,15.2,15.2,1012.6,1012.4,0.0,0.0,85.09,78.49,8,2,9.3,9.0,78.2,78.3,9.3,9.0,203.7,197.7,1014.7,1014.5,-6.52,329.23,-0.01,30.6706,11.8835,302.5,53.2,1491.336, NAN, NAN, NAN, NAN,,2024/04/15 01:15:48.791,2024-04-15 01:15:48.791000+00:00
2024/04/15, 01:16:48.791,35.953,-75.122, 0.29,194.06,115.26,0.3,15.1,15.2,1012.4,1012.5,0.0,0.0,85.09,78.49,8,2,9.1,8.8,78.5,78.4,9.1,8.8,203.0,197.1,1014.5,1014.6,-6.66,329.12,-0.01,30.666,11.8907,302.5,53.3,1491.355, NAN, NAN, NAN, NAN,,2024/04/15 01:16:48.791,2024-04-15 01:16:48.791000+00:00
2024/04/15, 01:17:48.791,35.953,-75.122, 0.65,194.81,288.61,0.18,15.1,15.1,1012.5,1012.6,0.0,0.0,85.09,78.49,9,2,8.7,8.7,78.6,78.6,8.7,8.7,203.2,196.3,1014.6,1014.7,-6.57,328.66,-0.01,30.6592,11.8975,301.9,53.4,1491.371, NAN, NAN, NAN, NAN,,2024/04/15 01:17:48.791,2024-04-15 01:17:48.791000+00:00
2024/04/15, 01:18:48.791,35.953,-75.122, 0.31,195.21,99.09,0.33,15.1,15.1,1012.6,1012.5,0.0,0.0,85.09,78.49,9,2,9.2,9.0,78.8,78.8,9.3,9.0,205.2,198.3,1014.7,1014.6,-6.64,329.09,-0.01,30.6683,11.9007,303.2,53.3,1491.393, NAN, NAN, NAN, NAN,,2024/04/15 01:18:48.791,2024-04-15 01:18:48.791000+00:00
2024/04/15, 01:19:48.791,35.953,-75.122, 0.32,195.15,95.91,0.12,15.1,15.1,1012.5,1012.5,0.0,0.0,85.09,78.49,8,2,9.3,9.1,78.9,78.9,9.3,9.1,203.5,197.5,1014.6,1014.6,-6.6,329.22,-0.01,30.6626,11.9045,300.4,53.3,1491.399, NAN, NAN, NAN, NAN,,2024/04/15 01:19:48.791,2024-04-15 01:19:48.791000+00:00
2024/04/15, 01:20:48.791,35.953,-75.122, 0.33,195.73,71.83,0.07,15.1,15.1,1012.6,1012.5,0.0,0.0,85.09,78.49,8,1,9.3,8.8,78.9,78.9,9.3,8.8,204.0,197.0,1014.7,1014.6,-6.66,329.12,-0.01,30.6504,11.9095,300.4,53.4,1491.402, NAN, NAN, NAN, NAN,,2024/04/15 01:20:48.791,2024-04-15 01:20:48.791000+00:00
2024/04/15, 01:21:48.791,35.953,-75.122, 0.30,194.65,142.37,0.16,15.1,15.1,1012.6,1012.6,0.0,0.0,85.09,78.49,8,0,9.2,8.5,78.9,79.0,9.2,8.5,203.2,195.2,1014.7,1014.7,-6.59,329.21,-0.01,30.6562,11.9106,299.5,53.4,1491.413, NAN, NAN, NAN, NAN,,2024/04/15 01:21:48.791,2024-04-15 01:21:48.791000+00:00
2024/04/15, 01:22:48.791,35.953,-75.122, 0.30,194.81,293.3,0.16,15.1,15.1,1012.6,1012.5,0.0,0.0,85.09,78.49,6,1,8.9,8.8,78.8,78.9,8.9,8.8,200.3,195.3,1014.7,1014.6,-6.57,329.07,-0.01,30.6561,11.9118,298.0,53.4,1491.417, NAN, NAN, NAN, NAN,,2024/04/15 01:22:48.791,2024-04-15 01:22:48.791000+00:00
2024/04/15, 01:23:48.791,35.953,-75.122, 0.33,195.72,253.97,0.08,15.1,15.1,1012.6,1012.5,0.0,0.0,85.09,78.49,6,2,8.9,8.8,78.8,78.9,8.9,8.8,201.5,197.5,1014.7,1014.6,-6.55,329.61,-0.01,30.656,11.9115,301.1,53.5,1491.415, NAN, NAN, NAN, NAN,,2024/04/15 01:23:48.791,2024-04-15 01:23:48.791000+00:00
2024/04/15, 01:24:48.791,35.953,-75.122, 0.26,196.23,280.84,0.2,15.1,15.1,1012.5,1012.6,0.0,0.0,85.09,78.49,8,2,8.9,8.8,78.9,79.0,8.9,8.8,203.6,197.6,1014.6,1014.7,-6.56,329.66,-0.01,30.6601,11.9148,300.1,53.5,1491.432, NAN, NAN, NAN, NAN,,2024/04/15 01:24:48.791,2024-04-15 01:24:48.791000+00:00
2024/04/15, 01:25:48.791,35.953,-75.122, 0.29,195.61,98.52,0.14,15.1,15.1,1012.3,1012.6,0.0,0.0,85.09,78.49,7,0,9.1,8.7,79.1,79.1,9.1,8.7,203.0,196.1,1014.4,1014.7,-6.48,329.44,-0.01,30.6595,11.917,299.5,53.5,1491.439, NAN, NAN, NAN, NAN,,2024/04/15 01:25:48.791,2024-04-15 01:25:48.791000+00:00
2024/04/15, 01:26:48.791,35.953,-75.122, 0.30,194.27,104.24,0.21,15.1,15.1,1012.6,1012.6,0.0,0.0,85.09,78.49,8,1,9.1,8.9,79.3,79.4,9.1,8.9,202.9,196.0,1014.7,1014.7,-6.48,329.38,-0.01,30.669,11.9204,301.1,53.3,1491.462, NAN, NAN, NAN, NAN,,2024/04/15 01:26:48.791,2024-04-15 01:26:48.791000+00:00
2024/04/15, 01:27:48.791,35.953,-75.122, 0.34,195.34,281.82,0.26,15.1,15.1,1012.5,1012.6,0.0,0.0,85.09,78.49,7,1,8.8,8.6,79.5,79.6,8.8,8.6,201.5,195.4,1014.6,1014.7,-6.5,329.1,-0.01,30.6743,11.9226,301.4,53.4,1491.476, NAN, NAN, NAN, NAN,,2024/04/15 01:27:48.791,2024-04-15 01:27:48.791000+00:00
2024/04/15, 01:28:48.791,35.953,-75.122, 0.36,196.07,103.6,0.08,15.1,15.1,1012.5,1012.5,0.0,0.0,85.09,78.49,9,2,8.9,8.7,79.7,79.8,8.9,8.7,205.3,198.3,1014.6,1014.6,-6.52,329.78,-0.01,30.6704,11.9221,300.8,53.6,1491.469, NAN, NAN, NAN, NAN,,2024/04/15 01:28:48.791,2024-04-15 01:28:48.791000+00:00
2024/04/15, 01:29:48.791,35.953,-75.122, 0.29,195.42,61.57,0.1,15.0,15.1,1012.4,1012.6,0.0,0.0,85.09,78.49,9,2,8.9,8.5,79.9,80.0,8.9,8.5,204.6,197.7,1014.5,1014.7,-6.54,329.34,-0.01,30.6648,11.9199,300.1,53.7,1491.455, NAN, NAN, NAN, NAN,,2024/04/15 01:29:48.791,2024-04-15 01:29:48.791000+00:00
2024/04/15, 01:30:48.792,35.953,-75.122, 0.33,194.43,113.18,0.32,15.0,15.1,1012.5,1012.4,0.0,0.0,85.09,78.49,10,3,8.9,8.6,80.2,80.2,8.9,8.6,205.5,198.5,1014.6,1014.5,-6.57,329.94,-0.01,30.6662,11.918,300.4,53.7,1491.45, NAN, NAN, NAN, NAN,,2024/04/15 01:30:48.792,2024-04-15 01:30:48.792000+00:00
2024/04/15, 01:31:48.792,35.953,-75.122, 0.31,194.6,122.98,0.14,15.1,15.1,1012.5,1012.5,0.0,0.0,85.09,78.49,8,4,9.0,8.8,80.2,80.3,9.0,8.8,203.0,199.0,1014.6,1014.6,-6.65,330.21,-0.01,30.6795,11.9168,303.2,53.7,1491.462, NAN, NAN, NAN, NAN,,2024/04/15 01:31:48.792,2024-04-15 01:31:48.792000+00:00
2024/04/15, 01:32:48.792,35.953,-75.122, 0.31,196.04,296.34,0.24,15.1,15.1,1012.5,1012.5,0.0,0.0,85.09,78.49,8,2,8.9,8.7,80.1,80.2,8.9,8.7,203.2,197.2,1014.6,1014.6,-6.51,329.7,-0.01,30.6891,11.913,305.9,53.6,1491.46, NAN, NAN, NAN, NAN,,2024/04/15 01:32:48.792,2024-04-15 01:32:48.792000+00:00
2024/04/15, 01:33:48.792,35.953,-75.122, 0.32,196.28,318.93,0.13,15.1,15.1,1012.4,1012.6,0.0,0.0,85.09,78.49,9,3,9.2,8.7,80.1,80.2,9.2,8.7,204.9,198.8,1014.5,1014.7,-6.5,329.89,-0.01,30.676,11.9084,301.6,53.6,1491.429, NAN, NAN, NAN, NAN,,2024/04/15 01:33:48.792,2024-04-15 01:33:48.792000+00:00
2024/04/15, 01:34:48.792,35.953,-75.122, 0.31,195.3,54.4,0.1,15.1,15.1,1012.5,1012.4,0.0,0.0,85.09,78.49,10,3,8.9,9.0,80.1,80.2,8.9,9.0,205.5,198.5,1014.6,1014.5,-6.44,330.54,-0.01,30.6778,11.9029,302.5,53.6,1491.412, NAN, NAN, NAN, NAN,,2024/04/15 01:34:48.792,2024-04-15 01:34:48.792000+00:00
2024/04/15, 01:35:48.792,35.953,-75.122, 0.25,195.52,287.16,0.11,15.1,15.1,1012.4,1012.5,0.0,0.0,85.09,78.49,10,3,9.2,9.0,80.0,80.1,9.2,9.0,205.2,198.2,1014.5,1014.6,-6.45,329.92,-0.01,30.668,11.8979,299.8,53.7,1491.383, NAN, NAN, NAN, NAN,,2024/04/15 01:35:48.792,2024-04-15 01:35:48.792000+00:00
2024/04/15, 01:36:48.792,35.953,-75.122, 0.35,195.13,112.02,0.06,15.1,15.1,1012.4,1012.6,0.0,0.0,85.09,78.49,10,3,9.2,8.7,79.9,79.9,9.2,8.7,205.3,198.3,1014.5,1014.7,-6.5,330.05,-0.01,30.6694,11.8928,301.4,53.6,1491.367, NAN, NAN, NAN, NAN,,2024/04/15 01:36:48.792,2024-04-15 01:36:48.792000+00:00
2024/04/15, 01:37:48.792,35.953,-75.122, 0.35,195.28,239.93,0.03,15.1,15.1,1012.4,1012.6,0.0,0.0,85.09,78.49,10,5,9.5,9.1,79.8,79.8,9.5,9.1,205.2,200.2,1014.5,1014.7,-6.54,330.1,-0.01,30.6754,11.8887,299.8,53.6,1491.36, NAN, NAN, NAN, NAN,,2024/04/15 01:37:48.792,2024-04-15 01:37:48.792000+00:00
2024/04/15, 01:38:48.792,35.953,-75.122, 0.35,195.84,84.85,0.16,15.1,15.1,1012.5,1012.6,0.0,0.0,85.09,78.49,11,7,8.8,8.7,79.8,79.8,8.8,8.7,207.3,203.4,1014.6,1014.7,-6.44,329.82,-0.01,30.6729,11.8867,299.8,53.7,1491.35, NAN, NAN, NAN, NAN,,2024/04/15 01:38:48.792,2024-04-15 01:38:48.792000+00:00
2024/04/15, 01:39:48.792,35.953,-75.122, 0.36,195.8,109.3,0.18,15.1,15.1,1012.6,1012.5,0.0,0.0,85.09,78.49,13,6,9.3,9.0,79.8,79.8,9.3,9.0,209.4,202.4,1014.7,1014.6,-6.44,330.03,-0.01,30.6951,11.8857,304.9,53.6,1491.373, NAN, NAN, NAN, NAN,,2024/04/15 01:39:48.792,2024-04-15 01:39:48.792000+00:00
2024/04/15, 01:40:48.792,35.953,-75.122, 0.33,194.39,121.5,0.27,15.1,15.1,1012.5,1012.6,0.0,0.0,85.09,78.49,14,6,9.0,8.6,79.8,79.9,9.0,8.6,209.3,201.3,1014.6,1014.7,-6.5,329.85,-0.02,30.7031,11.8842,304.6,53.6,1491.377, NAN, NAN, NAN, NAN,,2024/04/15 01:40:48.792,2024-04-15 01:40:48.792000+00:00
2024/04/15, 01:41:48.792,35.953,-75.122, 0.34,195.17,276.13,0.26,15.1,15.1,1012.7,1012.4,0.0,0.0,85.09,78.49,13,9,9.2,9.1,80.0,80.1,9.2,9.1,207.3,203.3,1014.8,1014.5,-6.53,330.16,-0.01,30.6947,11.8813,303.5,53.2,1491.357, NAN, NAN, NAN, NAN,,2024/04/15 01:41:48.792,2024-04-15 01:41:48.792000+00:00
2024/04/15, 01:42:48.792,35.953,-75.122, 0.40,196.52,321.2,0.12,15.1,15.1,1012.5,1012.6,0.0,0.0,85.09,78.49,14,10,9.3,9.2,80.0,80.1,9.3,9.2,210.2,206.2,1014.6,1014.7,-6.51,330.06,-0.01,30.6996,11.8784,303.8,53.1,1491.353, NAN, NAN, NAN, NAN,,2024/04/15 01:42:48.792,2024-04-15 01:42:48.792000+00:00
2024/04/15, 01:43:48.792,35.953,-75.122, 0.43,194.95,28.43,0.07,15.1,15.1,1012.7,1012.6,0.0,0.0,85.09,78.49,17,11,9.5,8.9,80.0,79.9,9.5,8.9,212.0,206.0,1014.8,1014.7,-6.5,329.88,-0.01,30.6837,11.8768,302.8,52.9,1491.328, NAN, NAN, NAN, NAN,,2024/04/15 01:43:48.792,2024-04-15 01:43:48.792000+00:00
2024/04/15, 01:44:48.792,35.953,-75.122, 0.38,194.59,223.56,0.13,15.1,15.1,1012.6,1012.6,0.0,0.0,85.09,78.49,15,10,9.3,8.6,79.7,79.7,9.2,8.5,209.7,204.7,1014.7,1014.7,-6.59,329.61,-0.02,30.6931,11.8766,302.8,53.0,1491.339, NAN, NAN, NAN, NAN,,2024/04/15 01:44:48.792,2024-04-15 01:44:48.792000+00:00
2024/04/15, 01:45:48.793,35.953,-75.122, 0.33,194.57,135.15,0.12,15.1,15.1,1012.6,1012.7,0.0,0.0,85.09,78.49,15,12,9.2,8.6,79.7,79.5,9.2,8.6,209.9,207.0,1014.7,1014.8,-6.48,329.38,-0.01,30.6879,11.8747,302.5,53.2,1491.326, NAN, NAN, NAN, NAN,,2024/04/15 01:45:48.793,2024-04-15 01:45:48.793000+00:00
2024/04/15, 01:46:48.793,35.953,-75.122, 0.41,195.54,62.32,0.2,15.1,15.1,1012.6,1012.7,0.0,0.0,85.09,78.49,17,11,9.0,8.8,78.8,79.0,9.1,8.9,212.8,206.9,1014.7,1014.8,-6.57,329.38,-0.01,30.6858,11.8712,300.8,52.8,1491.311, NAN, NAN, NAN, NAN,,2024/04/15 01:46:48.793,2024-04-15 01:46:48.793000+00:00
2024/04/15, 01:47:48.793,35.953,-75.122, 0.46,195.79,332.12,0.12,15.1,15.1,1012.7,1012.6,0.0,0.0,85.09,78.49,18,12,9.7,8.5,78.3,78.5,9.7,8.5,213.5,207.4,1014.8,1014.7,-6.51,329.37,-0.01,30.6794,11.868,299.8,52.3,1491.293, NAN, NAN, NAN, NAN,,2024/04/15 01:47:48.793,2024-04-15 01:47:48.793000+00:00
2024/04/15, 01:48:48.793,35.953,-75.122, 0.37,200.01,108.84,0.38,15.2,15.1,1012.7,1012.6,0.0,0.0,85.09,78.49,11,6,8.9,9.2,77.6,77.8,8.9,9.2,212.2,207.2,1014.8,1014.7,-6.41,329.51,-0.01,30.6809,11.8664,300.8,53.0,1491.289, NAN, NAN, NAN, NAN,,2024/04/15 01:48:48.793,2024-04-15 01:48:48.793000+00:00
2024/04/15, 01:49:48.793,35.953,-75.122, 0.33,199.92,124.85,0.16,15.2,15.2,1012.7,1012.6,0.0,0.0,85.09,78.49,13,7,9.2,8.8,77.2,77.3,9.2,8.8,213.4,207.4,1014.8,1014.7,-6.37,329.43,-0.01,30.6799,11.8635,299.8,53.0,1491.278, NAN, NAN, NAN, NAN,,2024/04/15 01:49:48.793,2024-04-15 01:49:48.793000+00:00
2024/04/15, 01:50:48.793,35.953,-75.122, 0.34,200.03,124.52,0.26,15.2,15.2,1012.6,1012.7,0.0,0.0,85.09,78.49,14,7,9.3,9.0,76.6,76.6,9.3,9.0,214.8,207.9,1014.7,1014.8,-6.45,329.49,-0.01,30.7022,11.8604,303.5,53.1,1491.293, NAN, NAN, NAN, NAN,,2024/04/15 01:50:48.793,2024-04-15 01:50:48.793000+00:00
2024/04/15, 01:51:48.793,35.953,-75.122, 0.36,200.15,116.84,0.03,15.3,15.3,1012.7,1012.6,0.0,0.0,85.09,78.49,12,6,9.1,9.0,75.9,76.0,9.1,9.0,212.2,206.2,1014.8,1014.7,-6.46,329.46,-0.01,30.6977,11.8563,303.8,53.2,1491.274, NAN, NAN, NAN, NAN,,2024/04/15 01:51:48.793,2024-04-15 01:51:48.793000+00:00
2024/04/15, 01:52:48.793,35.953,-75.122, 0.31,200.73,65.42,0.16,15.3,15.4,1012.6,1012.6,0.0,0.0,85.09,78.49,12,9,9.8,10.1,75.3,75.3,9.9,10.2,213.0,210.0,1014.7,1014.7,-6.43,330.73,-0.01,30.6899,11.8524,301.9,52.9,1491.251, NAN, NAN, NAN, NAN,,2024/04/15 01:52:48.793,2024-04-15 01:52:48.793000+00:00
2024/04/15, 01:53:48.793,35.953,-75.122, 0.36,201.31,334.64,0.14,15.5,15.5,1012.7,1012.6,0.0,0.0,85.09,78.49,16,9,10.5,10.1,74.3,74.4,10.5,10.1,216.9,209.9,1014.8,1014.7,-6.35,330.44,-0.01,30.6668,11.8506,298.0,53.1,1491.217, NAN, NAN, NAN, NAN,,2024/04/15 01:53:48.793,2024-04-15 01:53:48.793000+00:00
2024/04/15, 01:54:48.793,35.953,-75.122, 0.30,200.86,295.72,0.14,15.6,15.6,1012.6,1012.6,0.0,0.0,85.09,78.49,15,8,10.9,10.1,73.4,73.6,10.9,10.1,215.5,208.5,1014.7,1014.7,-6.27,330.66,-0.01,30.6716,11.8493,298.2,53.4,1491.218, NAN, NAN, NAN, NAN,,2024/04/15 01:54:48.793,2024-04-15 01:54:48.793000+00:00
2024/04/15, 01:55:48.793,35.953,-75.122, 0.37,200.0,75.2,0.06,15.8,15.8,1012.6,1012.5,0.0,0.0,85.09,78.49,15,8,11.3,10.9,72.4,72.6,11.3,10.9,215.1,208.1,1014.7,1014.6,-6.15,331.04,-0.01,30.6657,11.8472,297.7,53.5,1491.204, NAN, NAN, NAN, NAN,,2024/04/15 01:55:48.793,2024-04-15 01:55:48.793000+00:00
2024/04/15, 01:56:48.793,35.953,-75.122, 0.35,200.49,300.1,0.29,16.0,15.9,1012.6,1012.6,0.0,0.0,85.09,78.49,14,9,11.6,11.6,71.5,71.7,11.6,11.6,213.8,208.8,1014.7,1014.7,-6.18,331.4,-0.01,30.6674,11.8466,298.2,53.6,1491.204, NAN, NAN, NAN, NAN,,2024/04/15 01:56:48.793,2024-04-15 01:56:48.793000+00:00
2024/04/15, 01:57:48.793,35.953,-75.122, 0.49,199.74,52.01,0.13,16.1,16.1,1012.5,1012.3,0.0,0.0,85.09,78.49,12,7,11.5,10.7,70.8,70.9,11.6,10.8,211.8,206.9,1014.6,1014.4,-6.05,330.29,-0.01,30.6833,11.845,300.1,53.6,1491.217, NAN, NAN, NAN, NAN,,2024/04/15 01:57:48.793,2024-04-15 01:57:48.793000+00:00
2024/04/15, 01:58:48.793,35.953,-75.122, 0.51,200.27,292.78,0.07,16.2,16.2,1012.6,1012.5,0.0,0.0,85.09,78.49,14,9,11.3,11.0,70.4,70.5,11.3,11.0,214.1,209.1,1014.7,1014.6,-5.93,330.53,-0.01,30.6858,11.8433,300.4,53.5,1491.215, NAN, NAN, NAN, NAN,,2024/04/15 01:58:48.793,2024-04-15 01:58:48.793000+00:00
2024/04/15, 01:59:48.793,35.953,-75.122, 0.49,200.42,132.25,0.02,16.2,16.2,1012.3,1012.7,0.0,0.0,85.09,78.49,14,9,10.4,10.0,70.5,70.5,10.4,10.0,214.4,209.4,1014.4,1014.8,-5.96,329.93,-0.01,30.6906,11.8416,300.1,53.5,1491.214, NAN, NAN, NAN, NAN,,2024/04/15 01:59:48.793,2024-04-15 01:59:48.793000+00:00
2024/04/15, 02:00:48.793,35.953,-75.122, 0.54,199.94,277.67,0.06,16.2,16.3,1012.6,1012.5,0.0,0.0,85.09,78.49,14,9,11.0,10.2,70.6,70.6,11.0,10.2,213.9,208.9,1014.7,1014.6,-6.12,329.81,-0.01,30.6941,11.8395,302.2,53.6,1491.211, NAN, NAN, NAN, NAN,,2024/04/15 02:00:48.793,2024-04-15 02:00:48.793000+00:00
2024/04/15, 02:01:48.794,35.953,-75.122, 0.45,199.67,138.48,0.14,16.2,16.2,1012.5,1012.6,0.0,0.0,85.09,78.49,13,9,10.8,10.5,70.9,70.9,10.8,10.5,213.0,209.0,1014.6,1014.7,-6.14,329.87,-0.01,30.6953,11.8365,302.2,53.2,1491.202, NAN, NAN, NAN, NAN,,2024/04/15 02:01:48.794,2024-04-15 02:01:48.794000+00:00
2024/04/15, 02:02:48.794,35.953,-75.122, 0.42,199.82,81.21,0.05,16.2,16.2,1012.4,1012.5,0.0,0.0,85.09,78.49,13,7,11.3,10.6,71.0,71.2,11.3,10.6,212.9,206.9,1014.5,1014.6,-6.24,329.73,-0.01,30.6964,11.8336,302.5,53.4,1491.194, NAN, NAN, NAN, NAN,,2024/04/15 02:02:48.794,2024-04-15 02:02:48.794000+00:00
2024/04/15, 02:03:48.794,35.953,-75.122, 0.49,200.41,272.05,0.19,16.2,16.2,1012.4,1012.5,0.0,0.0,85.09,78.49,14,8,10.9,11.3,71.2,71.3,10.9,11.3,213.9,207.9,1014.5,1014.6,-6.27,330.41,-0.01,30.6986,11.832,301.6,53.7,1491.191, NAN, NAN, NAN, NAN,,2024/04/15 02:03:48.794,2024-04-15 02:03:48.794000+00:00
2024/04/15, 02:04:48.794,35.953,-75.122, 0.34,200.47,270.69,0.15,16.2,16.2,1012.3,1012.4,0.0,0.0,85.09,78.49,15,9,11.4,10.9,71.0,71.1,11.4,10.9,215.2,209.1,1014.4,1014.5,-6.27,329.91,-0.0,30.6897,11.8313,300.8,53.6,1491.178, NAN, NAN, NAN, NAN,,2024/04/15 02:04:48.794,2024-04-15 02:04:48.794000+00:00
2024/04/15, 02:05:48.794,35.953,-75.122, 0.41,204.48,85.42,0.12,16.3,16.3,1012.3,1012.4,0.0,0.0,85.09,78.49,12,7,12.5,11.8,70.9,71.0,12.5,11.8,216.7,211.8,1014.4,1014.5,-6.32,330.23,-0.01,30.6832,11.8314,299.2,53.6,1491.17, NAN, NAN, NAN, NAN,,2024/04/15 02:05:48.794,2024-04-15 02:05:48.794000+00:00
2024/04/15, 02:06:48.794,35.953,-75.122, 0.29,206.86,307.67,0.18,16.3,16.3,1012.4,1012.4,0.0,0.0,85.09,78.49,8,2,11.8,11.4,70.9,70.8,11.8,11.4,214.4,208.4,1014.5,1014.5,-6.25,330.57,-0.01,30.6804,11.8317,299.5,53.6,1491.168, NAN, NAN, NAN, NAN,,2024/04/15 02:06:48.794,2024-04-15 02:06:48.794000+00:00
2024/04/15, 02:07:48.794,35.953,-75.122, 0.27,207.14,111.17,0.45,16.4,16.4,1012.4,1012.4,0.0,0.0,85.09,78.49,6,0,11.7,11.4,70.4,70.6,11.7,11.4,214.3,208.3,1014.5,1014.5,-6.22,330.49,-0.01,30.68,11.8298,298.5,53.3,1491.161, NAN, NAN, NAN, NAN,,2024/04/15 02:07:48.794,2024-04-15 02:07:48.794000+00:00
2024/04/15, 02:08:48.794,35.953,-75.122, 0.29,207.69,254.84,0.08,16.5,16.5,1012.3,1012.4,0.0,0.0,85.09,78.49,6,2,12.0,11.7,70.4,70.5,12.0,11.7,213.5,209.5,1014.4,1014.5,-6.17,330.53,-0.01,30.6828,11.8286,300.4,53.7,1491.16, NAN, NAN, NAN, NAN,,2024/04/15 02:08:48.794,2024-04-15 02:08:48.794000+00:00
2024/04/15, 02:09:48.794,35.953,-75.122, 0.30,207.37,327.87,0.16,16.5,16.5,1012.3,1012.4,0.0,0.0,85.09,78.49,7,2,11.6,11.3,70.6,70.6,11.6,11.3,214.8,209.8,1014.4,1014.5,-6.25,330.39,-0.01,30.6942,11.827,301.6,53.6,1491.168, NAN, NAN, NAN, NAN,,2024/04/15 02:09:48.794,2024-04-15 02:09:48.794000+00:00
2024/04/15, 02:10:48.794,35.953,-75.122, 0.31,206.43,106.81,0.08,16.5,16.5,1012.4,1012.3,0.0,0.0,85.09,78.49,7,2,12.5,11.8,70.7,70.8,12.5,11.8,213.6,208.6,1014.5,1014.4,-6.27,330.25,-0.01,30.6759,11.8246,299.8,53.6,1491.138, NAN, NAN, NAN, NAN,,2024/04/15 02:10:48.794,2024-04-15 02:10:48.794000+00:00
2024/04/15, 02:11:48.794,35.953,-75.122, 0.33,207.11,315.01,0.09,16.5,16.5,1012.4,1012.3,0.0,0.0,85.09,78.49,7,2,12.2,11.7,70.9,71.0,12.2,11.7,213.9,208.9,1014.5,1014.4,-6.28,329.81,-0.0,30.6677,11.8246,298.0,53.3,1491.128, NAN, NAN, NAN, NAN,,2024/04/15 02:11:48.794,2024-04-15 02:11:48.794000+00:00
2024/04/15, 02:12:48.794,35.953,-75.122, 0.28,206.92,115.86,0.1,16.5,16.5,1012.1,1012.3,0.0,0.0,85.09,78.49,6,2,11.4,11.4,71.0,71.3,11.4,11.4,213.2,209.2,1014.2,1014.4,-6.26,330.17,-0.01,30.6637,11.8258,296.8,53.5,1491.127, NAN, NAN, NAN, NAN,,2024/04/15 02:12:48.794,2024-04-15 02:12:48.794000+00:00
2024/04/15, 02:13:48.794,35.953,-75.122, 0.35,207.78,297.67,0.16,16.4,16.4,1012.3,1012.2,0.0,0.0,85.09,78.49,9,3,11.5,11.1,71.5,71.6,11.5,11.1,216.4,210.4,1014.4,1014.3,-6.32,329.65,-0.01,30.6628,11.8249,298.0,53.4,1491.123, NAN, NAN, NAN, NAN,,2024/04/15 02:13:48.794,2024-04-15 02:13:48.794000+00:00
2024/04/15, 02:14:48.794,35.953,-75.122, 0.31,206.83,124.12,0.15,16.4,16.4,1012.3,1012.4,0.0,0.0,85.09,78.49,9,3,11.6,11.3,71.9,71.9,11.6,11.3,216.2,210.2,1014.4,1014.5,-6.37,329.55,-0.01,30.6611,11.8252,296.4,53.2,1491.122, NAN, NAN, NAN, NAN,,2024/04/15 02:14:48.794,2024-04-15 02:14:48.794000+00:00
2024/04/15, 02:15:48.794,35.953,-75.122, 0.56,207.62,278.52,0.16,16.3,16.4,1012.2,1012.4,0.0,0.0,85.09,78.49,10,5,11.8,11.3,72.3,72.3,11.8,11.3,217.3,212.2,1014.3,1014.5,-6.38,329.7,-0.01,30.6602,11.827,295.8,53.4,1491.127, NAN, NAN, NAN, NAN,,2024/04/15 02:15:48.794,2024-04-15 02:15:48.794000+00:00
2024/04/15, 02:16:48.794,35.953,-75.122, 0.27,206.8,266.75,0.02,16.3,16.3,1012.3,1012.4,0.0,0.0,85.09,78.49,7,1,12.1,11.3,72.6,72.5,12.1,11.3,213.8,207.8,1014.4,1014.5,-6.39,330.44,-0.01,30.6596,11.8286,295.5,53.5,1491.132, NAN, NAN, NAN, NAN,,2024/04/15 02:16:48.794,2024-04-15 02:16:48.794000+00:00
2024/04/15, 02:17:48.795,35.953,-75.122, 0.30,206.65,38.57,0.17,16.3,16.3,1012.4,1012.3,0.0,0.0,85.09,78.49,7,2,12.2,11.3,72.8,72.8,12.2,11.3,214.0,209.0,1014.5,1014.4,-6.44,330.39,-0.01,30.6657,11.8292,297.4,53.5,1491.142, NAN, NAN, NAN, NAN,,2024/04/15 02:17:48.795,2024-04-15 02:17:48.795000+00:00
2024/04/15, 02:18:48.795,35.953,-75.122, 0.35,208.04,271.99,0.18,16.3,16.3,1012.4,1012.3,0.0,0.0,85.09,78.49,8,4,11.8,11.1,72.9,73.0,11.8,11.1,215.6,211.6,1014.5,1014.4,-6.36,330.57,-0.01,30.6652,11.8293,298.2,53.7,1491.141, NAN, NAN, NAN, NAN,,2024/04/15 02:18:48.795,2024-04-15 02:18:48.795000+00:00
2024/04/15, 02:19:48.795,35.953,-75.122, 0.31,207.85,249.11,0.07,16.3,16.3,1012.3,1012.3,0.0,0.0,85.09,78.49,11,5,12.2,11.9,73.1,73.4,12.2,11.9,218.9,212.8,1014.4,1014.4,-6.42,331.16,-0.0,30.6709,11.8291,298.0,53.8,1491.147, NAN, NAN, NAN, NAN,,2024/04/15 02:19:48.795,2024-04-15 02:19:48.795000+00:00
2024/04/15, 02:20:48.795,35.953,-75.122, 0.35,208.36,10.52,0.04,16.3,16.3,1012.3,1012.4,0.0,0.0,85.09,78.49,8,3,12.4,11.4,73.5,73.6,12.4,11.4,216.3,211.3,1014.4,1014.5,-6.38,331.17,-0.01,30.6708,11.8285,297.1,53.8,1491.145, NAN, NAN, NAN, NAN,,2024/04/15 02:20:48.795,2024-04-15 02:20:48.795000+00:00
2024/04/15, 02:21:48.795,35.953,-75.122, 0.46,207.3,288.29,0.23,16.4,16.4,1012.4,1012.2,0.0,0.0,85.09,78.49,8,1,11.9,12.0,73.7,73.8,11.8,11.9,214.8,207.8,1014.5,1014.3,-6.35,331.43,-0.01,30.6749,11.8276,297.4,53.7,1491.147, NAN, NAN, NAN, NAN,,2024/04/15 02:21:48.795,2024-04-15 02:21:48.795000+00:00
2024/04/15, 02:22:48.795,35.953,-75.122, 0.33,206.49,118.91,0.38,16.4,16.4,1012.3,1012.2,0.0,0.0,85.09,78.49,8,3,12.5,11.6,73.7,73.8,12.5,11.6,215.4,210.5,1014.4,1014.3,-6.35,331.43,-0.01,30.6813,11.8275,298.0,53.7,1491.154, NAN, NAN, NAN, NAN,,2024/04/15 02:22:48.795,2024-04-15 02:22:48.795000+00:00
2024/04/15, 02:23:48.795,35.953,-75.122, 0.37,206.93,303.03,0.1,16.4,16.4,1012.2,1012.2,0.0,0.0,85.09,78.49,7,2,11.8,11.7,73.8,74.0,11.8,11.7,214.2,209.2,1014.3,1014.3,-6.3,332.0,-0.01,30.6835,11.8259,299.8,53.7,1491.151, NAN, NAN, NAN, NAN,,2024/04/15 02:23:48.795,2024-04-15 02:23:48.795000+00:00
2024/04/15, 02:24:48.795,35.953,-75.122, 0.33,206.54,2.97,0.09,16.4,16.5,1012.2,1012.2,0.0,0.0,85.09,78.49,8,2,12.3,12.2,73.8,73.8,12.3,12.2,214.4,208.4,1014.3,1014.3,-6.28,332.09,-0.01,30.6833,11.8223,298.2,53.7,1491.139, NAN, NAN, NAN, NAN,,2024/04/15 02:24:48.795,2024-04-15 02:24:48.795000+00:00
2024/04/15, 02:25:48.795,35.953,-75.122, 0.40,207.61,290.98,0.3,16.4,16.5,1012.4,1012.3,0.0,0.0,85.09,78.49,7,2,11.8,11.3,73.8,74.0,11.8,11.3,213.9,208.8,1014.5,1014.4,-6.27,331.55,-0.01,30.6862,11.8214,297.1,53.8,1491.139, NAN, NAN, NAN, NAN,,2024/04/15 02:25:48.795,2024-04-15 02:25:48.795000+00:00
2024/04/15, 02:26:48.795,35.953,-75.122, 0.35,207.07,250.99,0.01,16.5,16.5,1012.2,1012.3,0.0,0.0,85.09,78.49,8,3,11.6,11.6,73.9,73.9,11.6,11.6,215.1,210.1,1014.3,1014.4,-6.35,331.77,-0.01,30.6828,11.8193,297.4,53.8,1491.128, NAN, NAN, NAN, NAN,,2024/04/15 02:26:48.795,2024-04-15 02:26:48.795000+00:00
2024/04/15, 02:27:48.795,35.953,-75.122, 0.45,207.03,109.53,0.32,16.4,16.4,1012.0,1012.2,0.0,0.0,85.09,78.49,6,0,12.2,12.0,74.2,74.3,12.2,12.0,213.8,207.8,1014.1,1014.3,-6.34,332.43,-0.01,30.6789,11.8189,297.7,53.7,1491.122, NAN, NAN, NAN, NAN,,2024/04/15 02:27:48.795,2024-04-15 02:27:48.795000+00:00
2024/04/15, 02:28:48.795,35.953,-75.122, 0.33,206.59,29.62,0.04,16.4,16.4,1012.3,1012.1,0.0,0.0,85.09,78.49,5,0,11.9,11.8,74.5,74.5,11.9,11.8,211.7,206.7,1014.4,1014.2,-6.35,332.65,-0.01,30.6787,11.8209,296.8,53.8,1491.128, NAN, NAN, NAN, NAN,,2024/04/15 02:28:48.795,2024-04-15 02:28:48.795000+00:00
2024/04/15, 02:29:48.795,35.953,-75.122, 0.38,206.88,299.98,0.07,16.4,16.4,1012.2,1012.2,0.0,0.0,85.09,78.49,4,359,11.7,11.6,74.6,74.7,11.7,11.6,210.8,205.8,1014.3,1014.3,-6.2,332.41,-0.01,30.6836,11.8216,296.8,53.8,1491.137, NAN, NAN, NAN, NAN,,2024/04/15 02:29:48.795,2024-04-15 02:29:48.795000+00:00
2024/04/15, 02:30:48.795,35.953,-75.122, 0.40,204.1,289.99,0.14,16.4,16.4,1012.2,1012.2,0.0,0.0,85.09,78.49,7,0,12.1,11.6,74.8,74.8,12.1,11.6,210.8,203.7,1014.3,1014.3,-6.41,332.84,-0.01,30.6793,11.8228,297.4,53.8,1491.136, NAN, NAN, NAN, NAN,,2024/04/15 02:30:48.795,2024-04-15 02:30:48.795000+00:00
2024/04/15, 02:31:48.795,35.953,-75.122, 0.48,203.74,281.43,0.11,16.4,16.4,1012.3,1012.1,0.0,0.0,85.09,78.49,5,2,12.2,12.2,75.0,75.0,12.2,12.2,208.5,205.5,1014.4,1014.2,-6.38,333.1,-0.01,30.6787,11.8203,295.8,53.8,1491.126, NAN, NAN, NAN, NAN,,2024/04/15 02:31:48.795,2024-04-15 02:31:48.795000+00:00
2024/04/15, 02:32:48.795,35.953,-75.122, 0.41,204.24,238.75,0.11,16.4,16.4,1012.0,1012.2,0.0,0.0,85.09,78.49,7,2,12.1,11.6,75.1,75.2,12.1,11.6,211.0,206.0,1014.1,1014.3,-6.41,333.34,-0.01,30.6757,11.8203,296.4,53.9,1491.123, NAN, NAN, NAN, NAN,,2024/04/15 02:32:48.795,2024-04-15 02:32:48.795000+00:00
2024/04/15, 02:33:48.796,35.953,-75.122, 0.54,204.6,288.36,0.2,16.4,16.4,1012.2,1012.1,0.0,0.0,85.09,78.49,8,3,12.6,12.2,75.1,75.3,12.6,12.2,212.1,207.1,1014.3,1014.2,-6.28,333.77,-0.01,30.676,11.8212,295.8,53.8,1491.126, NAN, NAN, NAN, NAN,,2024/04/15 02:33:48.796,2024-04-15 02:33:48.796000+00:00
2024/04/15, 02:34:48.796,35.953,-75.122, 0.45,204.33,348.82,0.17,16.4,16.4,1012.1,1012.0,0.0,0.0,85.09,78.49,8,3,12.3,11.8,75.1,75.3,12.3,11.8,211.9,206.9,1014.2,1014.1,-6.35,333.5,-0.01,30.6773,11.8188,297.7,54.0,1491.119, NAN, NAN, NAN, NAN,,2024/04/15 02:34:48.796,2024-04-15 02:34:48.796000+00:00
2024/04/15, 02:35:48.796,35.953,-75.122, 0.47,204.05,281.81,0.1,16.4,16.4,1012.1,1012.1,0.0,0.0,85.09,78.49,7,3,12.8,12.1,75.3,75.3,12.8,12.1,210.8,206.8,1014.2,1014.2,-6.33,333.4,-0.01,30.6873,11.8173,298.2,54.0,1491.126, NAN, NAN, NAN, NAN,,2024/04/15 02:35:48.796,2024-04-15 02:35:48.796000+00:00
2024/04/15, 02:36:48.796,35.953,-75.122, 0.52,203.7,99.6,0.17,16.3,16.4,1012.1,1012.1,0.0,0.0,85.09,78.49,9,3,12.3,12.3,75.2,75.3,12.3,12.3,213.1,207.1,1014.2,1014.2,-6.34,333.66,-0.01,30.6947,11.8176,299.8,54.0,1491.136, NAN, NAN, NAN, NAN,,2024/04/15 02:36:48.796,2024-04-15 02:36:48.796000+00:00
2024/04/15, 02:37:48.796,35.953,-75.122, 0.49,202.86,65.77,0.18,16.3,16.4,1011.9,1012.1,0.0,0.0,85.09,78.49,9,4,12.1,12.0,75.4,75.5,12.1,12.0,212.2,207.3,1014.0,1014.2,-6.34,333.51,-0.01,30.6997,11.8164,300.1,54.1,1491.138, NAN, NAN, NAN, NAN,,2024/04/15 02:37:48.796,2024-04-15 02:37:48.796000+00:00
2024/04/15, 02:38:48.796,35.953,-75.122, 0.43,203.83,50.12,0.06,16.4,16.4,1012.1,1012.1,0.0,0.0,85.09,78.49,10,4,12.0,12.0,75.4,75.4,12.0,12.0,213.9,207.9,1014.2,1014.2,-6.27,333.76,-0.01,30.6932,11.8142,298.5,54.0,1491.122, NAN, NAN, NAN, NAN,,2024/04/15 02:38:48.796,2024-04-15 02:38:48.796000+00:00
2024/04/15, 02:39:48.796,35.953,-75.122, 0.43,203.92,263.82,0.24,16.3,16.4,1012.1,1012.1,0.0,0.0,85.09,78.49,10,4,12.2,11.8,75.5,75.6,12.1,11.8,213.4,207.4,1014.2,1014.2,-6.39,334.09,-0.01,30.6903,11.8116,297.1,54.0,1491.11, NAN, NAN, NAN, NAN,,2024/04/15 02:39:48.796,2024-04-15 02:39:48.796000+00:00
2024/04/15, 02:40:48.796,35.953,-75.122, 0.45,204.16,284.81,0.07,16.3,16.3,1012.1,1011.9,0.0,0.0,85.09,78.49,9,4,12.4,11.4,75.8,75.8,12.4,11.4,213.0,208.0,1014.2,1014.0,-6.39,334.33,-0.01,30.689,11.8098,297.7,54.0,1491.102, NAN, NAN, NAN, NAN,,2024/04/15 02:40:48.796,2024-04-15 02:40:48.796000+00:00
2024/04/15, 02:41:48.796,35.953,-75.122, 0.38,203.45,247.03,0.08,16.3,16.3,1012.1,1012.1,0.0,0.0,85.09,78.49,10,5,11.9,11.5,75.9,75.9,11.9,11.5,213.3,208.3,1014.2,1014.2,-6.43,334.36,-0.01,30.6945,11.8091,298.0,53.9,1491.106, NAN, NAN, NAN, NAN,,2024/04/15 02:41:48.796,2024-04-15 02:41:48.796000+00:00
2024/04/15, 02:42:48.796,35.953,-75.122, 0.46,204.52,283.65,0.15,16.3,16.3,1011.9,1012.1,0.0,0.0,85.09,78.49,9,4,12.0,11.8,75.9,75.9,12.0,11.8,213.2,208.2,1014.0,1014.2,-6.35,334.65,-0.01,30.7026,11.8073,301.4,53.7,1491.11, NAN, NAN, NAN, NAN,,2024/04/15 02:42:48.796,2024-04-15 02:42:48.796000+00:00
2024/04/15, 02:43:48.796,35.953,-75.122, 0.47,203.35,126.08,0.33,16.3,16.3,1011.9,1012.1,0.0,0.0,85.09,78.49,11,4,12.6,12.0,75.9,75.9,12.6,12.0,215.1,208.2,1014.0,1014.2,-6.35,335.17,-0.01,30.7061,11.8067,298.5,53.6,1491.112, NAN, NAN, NAN, NAN,,2024/04/15 02:43:48.796,2024-04-15 02:43:48.796000+00:00
2024/04/15, 02:44:48.796,35.953,-75.122, 0.49,203.75,301.95,0.49,16.3,16.3,1012.0,1012.1,0.0,0.0,85.09,78.49,9,3,12.2,12.1,75.7,75.7,12.2,12.1,211.6,205.6,1014.1,1014.2,-6.3,335.17,-0.01,30.7127,11.8074,299.2,54.3,1491.122, NAN, NAN, NAN, NAN,,2024/04/15 02:44:48.796,2024-04-15 02:44:48.796000+00:00
2024/04/15, 02:45:48.796,35.953,-75.122, 0.64,203.9,277.11,0.04,16.3,16.4,1012.0,1012.0,0.0,0.0,85.09,78.49,10,5,12.5,12.3,75.8,75.9,12.5,12.3,214.0,209.0,1014.1,1014.1,-6.36,335.04,-0.01,30.7068,11.8089,299.5,54.6,1491.12, NAN, NAN, NAN, NAN,,2024/04/15 02:45:48.796,2024-04-15 02:45:48.796000+00:00
2024/04/15, 02:46:48.796,35.953,-75.122, 0.51,203.61,131.8,0.39,16.4,16.4,1012.0,1012.0,0.0,0.0,85.09,78.49,12,6,12.5,11.8,75.6,75.7,12.5,11.8,216.5,210.6,1014.1,1014.1,-6.3,335.25,-0.01,30.7055,11.8074,298.5,54.5,1491.113, NAN, NAN, NAN, NAN,,2024/04/15 02:46:48.796,2024-04-15 02:46:48.796000+00:00
2024/04/15, 02:47:48.796,35.953,-75.122, 0.51,203.99,192.76,0.07,16.4,16.4,1012.1,1012.1,0.0,0.0,85.09,78.49,12,6,12.0,11.4,75.6,75.7,12.0,11.4,215.8,209.8,1014.2,1014.2,-6.27,334.98,-0.01,30.7052,11.8084,299.2,54.7,1491.117, NAN, NAN, NAN, NAN,,2024/04/15 02:47:48.796,2024-04-15 02:47:48.796000+00:00
2024/04/15, 02:48:48.796,35.953,-75.122, 0.53,203.92,227.88,0.03,16.3,16.4,1012.1,1012.1,0.0,0.0,85.09,78.49,12,7,12.1,11.2,75.7,75.7,12.1,11.2,215.9,210.8,1014.2,1014.2,-6.3,334.89,-0.01,30.7101,11.8058,298.8,54.7,1491.113, NAN, NAN, NAN, NAN,,2024/04/15 02:48:48.796,2024-04-15 02:48:48.796000+00:00
2024/04/15, 02:49:48.797,35.953,-75.122, 0.62,204.19,38.94,0.12,16.3,16.3,1012.0,1012.2,0.0,0.0,85.09,78.49,12,7,12.4,11.8,75.9,76.0,12.5,11.9,216.2,211.2,1014.1,1014.3,-6.39,335.2,-0.01,30.7201,11.8059,301.1,54.6,1491.126, NAN, NAN, NAN, NAN,,2024/04/15 02:49:48.797,2024-04-15 02:49:48.797000+00:00
2024/04/15, 02:50:48.797,35.953,-75.122, 0.48,203.52,101.23,0.14,16.3,16.3,1012.2,1012.1,0.0,0.0,85.09,78.49,13,7,12.1,11.1,75.9,76.0,12.1,11.1,216.8,210.9,1014.3,1014.2,-6.26,335.09,-0.01,30.7162,11.8037,299.2,54.6,1491.113, NAN, NAN, NAN, NAN,,2024/04/15 02:50:48.797,2024-04-15 02:50:48.797000+00:00
2024/04/15, 02:51:48.797,35.953,-75.122, 0.66,203.78,187.96,0.03,16.3,16.3,1012.2,1012.1,0.0,0.0,85.09,78.49,13,8,12.3,12.0,76.0,76.1,12.3,12.0,216.7,211.7,1014.3,1014.2,-6.29,335.2,-0.01,30.7109,11.8023,299.2,54.7,1491.102, NAN, NAN, NAN, NAN,,2024/04/15 02:51:48.797,2024-04-15 02:51:48.797000+00:00
2024/04/15, 02:52:48.797,35.953,-75.122, 0.46,204.56,73.65,0.12,16.3,16.3,1012.2,1012.2,0.0,0.0,85.09,78.49,12,7,11.3,10.8,76.0,76.1,11.3,10.8,216.9,211.9,1014.3,1014.3,-6.39,334.96,-0.01,30.7074,11.8012,299.5,54.8,1491.094, NAN, NAN, NAN, NAN,,2024/04/15 02:52:48.797,2024-04-15 02:52:48.797000+00:00
2024/04/15, 02:53:48.797,35.953,-75.122, 0.60,204.08,172.89,0.15,16.3,16.3,1012.2,1012.1,0.0,0.0,85.09,78.49,12,8,12.1,11.5,76.0,76.0,12.1,11.4,216.4,212.4,1014.3,1014.2,-6.42,335.48,-0.01,30.7023,11.8035,298.0,54.8,1491.096, NAN, NAN, NAN, NAN,,2024/04/15 02:53:48.797,2024-04-15 02:53:48.797000+00:00
2024/04/15, 02:54:48.797,35.953,-75.122, 0.52,203.59,175.23,0.04,16.3,16.3,1012.0,1012.2,0.0,0.0,85.09,78.49,13,8,12.1,11.3,76.0,76.1,12.1,11.3,216.7,211.7,1014.1,1014.3,-6.36,335.58,-0.01,30.7038,11.8044,298.5,54.9,1491.101, NAN, NAN, NAN, NAN,,2024/04/15 02:54:48.797,2024-04-15 02:54:48.797000+00:00
2024/04/15, 02:55:48.797,35.953,-75.122, 0.53,203.65,310.54,0.1,16.3,16.3,1012.3,1012.2,0.0,0.0,85.09,78.49,14,7,12.5,11.8,76.0,76.2,12.5,11.8,217.8,210.8,1014.4,1014.3,-6.33,336.49,-0.01,30.7083,11.8007,298.5,54.9,1491.094, NAN, NAN, NAN, NAN,,2024/04/15 02:55:48.797,2024-04-15 02:55:48.797000+00:00
2024/04/15, 02:56:48.797,35.953,-75.122, 0.56,203.23,89.86,0.11,16.3,16.3,1012.2,1012.2,0.0,0.0,85.09,78.49,12,7,11.2,11.0,75.9,76.1,11.2,11.0,215.5,210.5,1014.3,1014.3,-6.33,335.54,-0.01,30.7131,11.7984,298.5,54.8,1491.091, NAN, NAN, NAN, NAN,,2024/04/15 02:56:48.797,2024-04-15 02:56:48.797000+00:00
2024/04/15, 02:57:48.797,35.953,-75.122, 0.56,203.73,196.06,0.13,16.3,16.3,1012.1,1012.2,0.0,0.0,85.09,78.49,13,8,12.0,11.7,75.8,75.9,12.0,11.7,217.0,212.1,1014.2,1014.3,-6.35,335.92,-0.01,30.7203,11.7973,300.8,54.8,1491.096, NAN, NAN, NAN, NAN,,2024/04/15 02:57:48.797,2024-04-15 02:57:48.797000+00:00
2024/04/15, 02:58:48.797,35.953,-75.122, 0.72,204.22,235.59,0.3,16.3,16.3,1012.3,1012.2,0.0,0.0,85.09,78.49,15,11,12.4,11.8,75.8,75.8,12.3,11.7,218.6,214.6,1014.4,1014.3,-6.35,336.25,-0.01,30.7324,11.8017,301.1,54.8,1491.126, NAN, NAN, NAN, NAN,,2024/04/15 02:58:48.797,2024-04-15 02:58:48.797000+00:00
2024/04/15, 02:59:48.797,35.953,-75.122, 0.78,204.68,176.92,0.12,16.3,16.3,1012.2,1012.3,0.0,0.0,85.09,78.49,15,10,12.0,11.4,75.8,75.8,11.9,11.3,219.8,214.8,1014.3,1014.4,-6.28,336.14,-0.01,30.7314,11.8037,301.1,54.8,1491.132, NAN, NAN, NAN, NAN,,2024/04/15 02:59:48.797,2024-04-15 02:59:48.797000+00:00
2024/04/15, 03:00:48.797,35.953,-75.122, 0.60,203.91,82.1,0.12,16.3,16.3,1012.2,1012.4,0.0,0.0,85.09,78.49,15,10,12.7,11.9,75.8,75.9,12.7,11.9,219.1,214.1,1014.3,1014.5,-6.23,336.34,-0.01,30.7299,11.8043,300.8,54.9,1491.132, NAN, NAN, NAN, NAN,,2024/04/15 03:00:48.797,2024-04-15 03:00:48.797000+00:00
2024/04/15, 03:01:48.797,35.953,-75.122, 0.70,203.23,81.31,0.16,16.3,16.3,1012.2,1012.2,0.0,0.0,85.09,78.49,14,8,11.9,11.9,75.9,75.9,12.0,11.9,217.5,211.6,1014.3,1014.3,-6.24,336.56,-0.01,30.7231,11.8055,299.2,54.8,1491.128, NAN, NAN, NAN, NAN,,2024/04/15 03:01:48.797,2024-04-15 03:01:48.797000+00:00
2024/04/15, 03:02:48.797,35.953,-75.122, 0.76,203.47,124.12,0.05,16.3,16.4,1012.2,1012.2,0.0,0.0,85.09,78.49,13,7,11.7,11.4,76.0,76.1,11.7,11.4,216.6,210.6,1014.3,1014.3,-6.34,335.92,-0.01,30.7213,11.8074,300.4,54.8,1491.132, NAN, NAN, NAN, NAN,,2024/04/15 03:02:48.797,2024-04-15 03:02:48.797000+00:00
2024/04/15, 03:03:48.797,35.953,-75.122, 0.61,204.15,294.23,0.15,16.4,16.4,1012.2,1012.3,0.0,0.0,85.09,78.49,13,8,12.1,12.0,75.9,75.9,12.1,12.0,216.8,211.8,1014.3,1014.4,-6.33,336.45,-0.01,30.7267,11.8061,300.4,54.5,1491.134, NAN, NAN, NAN, NAN,,2024/04/15 03:03:48.797,2024-04-15 03:03:48.797000+00:00
2024/04/15, 03:04:48.797,35.953,-75.122, 0.71,204.31,289.5,0.08,16.3,16.4,1012.2,1012.2,0.0,0.0,85.09,78.49,15,10,12.1,12.3,76.3,76.3,12.1,12.3,219.1,214.1,1014.3,1014.3,-6.31,336.47,-0.01,30.722,11.805,298.8,54.5,1491.125, NAN, NAN, NAN, NAN,,2024/04/15 03:04:48.797,2024-04-15 03:04:48.797000+00:00
2024/04/15, 03:05:48.798,35.953,-75.122, 0.72,204.94,297.05,0.18,16.3,16.4,1012.2,1012.3,0.0,0.0,85.09,78.49,14,8,12.0,11.5,76.4,76.4,12.0,11.5,218.5,212.5,1014.3,1014.4,-6.3,336.46,-0.01,30.725,11.8065,298.2,54.6,1491.134, NAN, NAN, NAN, NAN,,2024/04/15 03:05:48.798,2024-04-15 03:05:48.798000+00:00
2024/04/15, 03:06:48.798,35.953,-75.122, 0.63,204.58,298.68,0.1,16.3,16.4,1012.2,1012.3,0.0,0.0,85.09,78.49,14,8,12.4,12.3,76.6,76.4,12.4,12.3,218.5,212.4,1014.3,1014.4,-6.27,336.5,-0.01,30.7281,11.807,300.4,54.7,1491.139, NAN, NAN, NAN, NAN,,2024/04/15 03:06:48.798,2024-04-15 03:06:48.798000+00:00
2024/04/15, 03:07:48.798,35.953,-75.122, 0.63,203.93,249.41,0.2,16.3,16.4,1012.2,1012.2,0.0,0.0,85.09,78.49,14,8,12.9,12.0,76.6,76.8,12.8,12.0,217.5,211.5,1014.3,1014.3,-6.33,336.89,-0.01,30.7307,11.812,299.5,54.7,1491.16, NAN, NAN, NAN, NAN,,2024/04/15 03:07:48.798,2024-04-15 03:07:48.798000+00:00
2024/04/15, 03:08:48.798,35.953,-75.122, 0.68,203.81,9.85,0.04,16.3,16.4,1012.2,1012.2,0.0,0.0,85.09,78.49,14,8,12.9,12.2,76.8,76.9,12.9,12.2,217.7,211.7,1014.3,1014.3,-6.32,336.64,-0.01,30.7218,11.8125,300.1,54.4,1491.151, NAN, NAN, NAN, NAN,,2024/04/15 03:08:48.798,2024-04-15 03:08:48.798000+00:00
2024/04/15, 03:09:48.798,35.953,-75.122, 0.53,203.91,16.97,0.08,16.3,16.4,1012.2,1012.2,0.0,0.0,85.09,78.49,13,8,12.1,12.2,76.9,76.9,12.1,12.2,217.0,212.0,1014.3,1014.3,-6.34,336.26,-0.01,30.7224,11.8121,299.5,54.5,1491.15, NAN, NAN, NAN, NAN,,2024/04/15 03:09:48.798,2024-04-15 03:09:48.798000+00:00
2024/04/15, 03:10:48.798,35.953,-75.122, 0.78,203.14,126.03,0.29,16.3,16.4,1012.3,1012.2,0.0,0.0,85.09,78.49,13,8,12.5,12.2,77.2,77.1,12.5,12.2,216.8,211.8,1014.4,1014.3,-6.33,336.19,-0.01,30.7247,11.8104,301.4,54.4,1491.147, NAN, NAN, NAN, NAN,,2024/04/15 03:10:48.798,2024-04-15 03:10:48.798000+00:00
2024/04/15, 03:11:48.798,35.953,-75.122, 0.62,204.2,274.35,0.16,16.3,16.3,1012.2,1012.2,0.0,0.0,85.09,78.49,14,8,11.9,11.8,77.6,77.5,11.9,11.8,217.8,211.8,1014.3,1014.3,-6.32,336.16,-0.01,30.7262,11.8124,299.5,54.5,1491.156, NAN, NAN, NAN, NAN,,2024/04/15 03:11:48.798,2024-04-15 03:11:48.798000+00:00
2024/04/15, 03:12:48.798,35.953,-75.122, 0.59,204.22,126.32,0.26,16.2,16.3,1012.3,1012.2,0.0,0.0,85.09,78.49,12,6,12.6,12.2,77.8,77.8,12.6,12.2,216.8,210.8,1014.4,1014.3,-6.32,336.79,-0.01,30.7251,11.8121,300.8,54.4,1491.153, NAN, NAN, NAN, NAN,,2024/04/15 03:12:48.798,2024-04-15 03:12:48.798000+00:00
2024/04/15, 03:13:48.798,35.953,-75.122, 0.78,204.11,26.18,0.12,16.2,16.3,1012.2,1012.2,0.0,0.0,85.09,78.49,13,9,11.9,11.8,78.3,78.3,11.9,11.8,216.9,212.9,1014.3,1014.3,-6.31,336.43,-0.01,30.7358,11.8109,301.4,54.5,1491.162, NAN, NAN, NAN, NAN,,2024/04/15 03:13:48.798,2024-04-15 03:13:48.798000+00:00
2024/04/15, 03:14:48.798,35.953,-75.122, 0.73,204.11,257.2,0.08,16.2,16.2,1012.2,1012.2,0.0,0.0,85.09,78.49,14,9,12.0,11.6,78.4,78.4,12.0,11.6,217.9,212.9,1014.3,1014.3,-6.37,336.73,-0.01,30.739,11.8089,301.6,54.4,1491.159, NAN, NAN, NAN, NAN,,2024/04/15 03:14:48.798,2024-04-15 03:14:48.798000+00:00
2024/04/15, 03:15:48.798,35.953,-75.122, 0.82,204.06,340.18,0.08,16.2,16.2,1012.2,1012.4,0.0,0.0,85.09,78.49,13,7,11.5,11.3,78.4,78.6,11.5,11.3,216.9,211.0,1014.3,1014.5,-6.36,336.24,-0.01,30.7357,11.8087,300.4,54.5,1491.154, NAN, NAN, NAN, NAN,,2024/04/15 03:15:48.798,2024-04-15 03:15:48.798000+00:00
2024/04/15, 03:16:48.798,35.953,-75.122, 0.73,204.45,256.19,0.08,16.1,16.2,1012.4,1012.2,0.0,0.0,85.09,78.49,15,8,12.0,11.0,78.9,78.8,12.0,11.0,219.4,212.4,1014.5,1014.3,-6.36,336.65,-0.01,30.7276,11.8099,300.4,54.4,1491.149, NAN, NAN, NAN, NAN,,2024/04/15 03:16:48.798,2024-04-15 03:16:48.798000+00:00
2024/04/15, 03:17:48.798,35.953,-75.122, 0.62,204.18,113.4,0.15,16.1,16.1,1012.3,1012.4,0.0,0.0,85.09,78.49,16,9,11.7,11.4,79.2,79.2,11.7,11.4,220.6,213.6,1014.4,1014.5,-6.41,335.82,-0.01,30.7235,11.8086,299.8,54.5,1491.139, NAN, NAN, NAN, NAN,,2024/04/15 03:17:48.798,2024-04-15 03:17:48.798000+00:00
2024/04/15, 03:18:48.798,35.953,-75.122, 0.79,203.99,62.36,0.04,16.1,16.1,1012.2,1012.4,0.0,0.0,85.09,78.49,15,8,11.6,10.6,79.4,79.3,11.6,10.6,219.1,212.1,1014.3,1014.5,-6.44,336.03,-0.01,30.7292,11.8113,301.1,54.4,1491.155, NAN, NAN, NAN, NAN,,2024/04/15 03:18:48.798,2024-04-15 03:18:48.798000+00:00
2024/04/15, 03:19:48.798,35.953,-75.122, 0.64,204.27,293.38,0.16,16.0,16.0,1012.4,1012.3,0.0,0.0,85.09,78.49,14,9,11.1,11.0,79.8,79.8,11.1,11.0,217.8,212.8,1014.5,1014.4,-6.48,336.0,-0.01,30.7245,11.8082,299.5,54.4,1491.139, NAN, NAN, NAN, NAN,,2024/04/15 03:19:48.798,2024-04-15 03:19:48.798000+00:00
2024/04/15, 03:20:48.798,35.953,-75.122, 0.77,203.93,118.75,0.24,16.0,16.0,1012.4,1012.4,0.0,0.0,85.09,78.49,16,11,11.1,10.4,80.1,80.2,11.1,10.4,220.5,215.6,1014.5,1014.5,-6.42,336.21,-0.01,30.7246,11.8066,298.8,54.5,1491.134, NAN, NAN, NAN, NAN,,2024/04/15 03:20:48.798,2024-04-15 03:20:48.798000+00:00
2024/04/15, 03:21:48.799,35.953,-75.122, 0.77,204.85,284.22,0.22,15.9,15.9,1012.4,1012.4,0.0,0.0,85.09,78.49,16,10,10.3,10.3,80.6,80.6,10.3,10.3,220.3,214.2,1014.5,1014.5,-6.5,335.43,-0.01,30.7207,11.806,299.2,54.5,1491.127, NAN, NAN, NAN, NAN,,2024/04/15 03:21:48.799,2024-04-15 03:21:48.799000+00:00
2024/04/15, 03:22:48.799,35.953,-75.122, 0.69,204.74,313.13,0.06,15.8,15.9,1012.4,1012.4,0.0,0.0,85.09,78.49,16,11,10.2,10.0,80.8,80.8,10.2,10.0,220.6,215.6,1014.5,1014.5,-6.47,335.61,-0.01,30.7456,11.8049,303.2,54.5,1491.153, NAN, NAN, NAN, NAN,,2024/04/15 03:22:48.799,2024-04-15 03:22:48.799000+00:00
2024/04/15, 03:23:48.799,35.953,-75.122, 0.65,203.98,313.68,0.02,15.8,15.8,1012.4,1012.4,0.0,0.0,85.09,78.49,17,12,10.0,9.8,81.3,81.3,10.0,9.8,221.0,216.0,1014.5,1014.5,-6.56,335.35,-0.01,30.7429,11.8006,302.2,54.5,1491.135, NAN, NAN, NAN, NAN,,2024/04/15 03:23:48.799,2024-04-15 03:23:48.799000+00:00
2024/04/15, 03:24:48.799,35.953,-75.122, 0.66,202.69,75.37,0.18,15.7,15.7,1012.4,1012.4,0.0,0.0,85.09,78.49,17,12,10.3,10.0,81.7,81.6,10.3,10.0,220.2,215.2,1014.5,1014.5,-6.56,336.07,-0.01,30.7399,11.8017,300.1,54.5,1491.135, NAN, NAN, NAN, NAN,,2024/04/15 03:24:48.799,2024-04-15 03:24:48.799000+00:00
2024/04/15, 03:25:48.799,35.953,-75.122, 0.75,203.13,169.87,0.12,15.6,15.7,1012.4,1012.4,0.0,0.0,85.09,78.49,16,10,10.1,10.0,82.0,82.1,10.1,10.0,219.5,213.5,1014.5,1014.5,-6.52,336.05,-0.01,30.7493,11.8008,301.1,54.5,1491.143, NAN, NAN, NAN, NAN,,2024/04/15 03:25:48.799,2024-04-15 03:25:48.799000+00:00
2024/04/15, 03:26:48.799,35.953,-75.122, 0.68,204.86,116.09,0.05,15.6,15.6,1012.4,1012.4,0.0,0.0,85.09,78.49,16,10,10.2,9.6,82.3,82.4,10.2,9.6,220.7,214.7,1014.5,1014.5,-6.61,335.91,-0.01,30.7591,11.797,303.5,54.3,1491.141, NAN, NAN, NAN, NAN,,2024/04/15 03:26:48.799,2024-04-15 03:26:48.799000+00:00
2024/04/15, 03:27:48.799,35.953,-75.122, 0.93,204.77,270.06,0.12,15.5,15.6,1012.5,1012.4,0.0,0.0,85.09,78.49,16,11,10.0,9.8,82.5,82.5,9.9,9.7,220.6,215.6,1014.6,1014.5,-6.61,335.78,-0.01,30.7476,11.796,301.1,54.4,1491.124, NAN, NAN, NAN, NAN,,2024/04/15 03:27:48.799,2024-04-15 03:27:48.799000+00:00
2024/04/15, 03:28:48.799,35.953,-75.122, 0.69,203.77,113.84,0.27,15.5,15.5,1012.4,1012.5,0.0,0.0,85.09,78.49,16,9,10.1,9.6,82.7,82.7,10.1,9.6,220.6,213.6,1014.5,1014.6,-6.62,335.95,-0.01,30.7406,11.7945,301.1,54.5,1491.111, NAN, NAN, NAN, NAN,,2024/04/15 03:28:48.799,2024-04-15 03:28:48.799000+00:00
2024/04/15, 03:29:48.799,35.953,-75.122, 0.71,202.91,160.36,0.1,15.5,15.5,1012.4,1012.4,0.0,0.0,85.09,78.49,14,9,9.7,9.5,82.7,82.8,9.7,9.5,216.6,211.6,1014.5,1014.5,-6.61,335.72,-0.01,30.7387,11.7933,301.6,54.5,1491.104, NAN, NAN, NAN, NAN,,2024/04/15 03:29:48.799,2024-04-15 03:29:48.799000+00:00
2024/04/15, 03:30:48.799,35.953,-75.122, 0.66,204.18,286.99,0.25,15.5,15.5,1012.4,1012.5,0.0,0.0,85.09,78.49,14,9,9.9,9.4,83.0,83.0,9.9,9.4,217.4,212.4,1014.5,1014.6,-6.59,336.01,-0.01,30.7441,11.7913,303.8,54.6,1491.104, NAN, NAN, NAN, NAN,,2024/04/15 03:30:48.799,2024-04-15 03:30:48.799000+00:00
2024/04/15, 03:31:48.799,35.953,-75.122, 0.78,204.46,90.9,0.3,15.4,15.4,1012.5,1012.4,0.0,0.0,85.09,78.49,16,11,10.2,9.6,83.3,83.3,10.2,9.6,221.3,216.4,1014.6,1014.5,-6.6,336.4,-0.01,30.7402,11.7898,300.8,54.4,1491.094, NAN, NAN, NAN, NAN,,2024/04/15 03:31:48.799,2024-04-15 03:31:48.799000+00:00
2024/04/15, 03:32:48.799,35.953,-75.122, 0.75,205.09,312.16,0.11,15.4,15.4,1012.4,1012.4,0.0,0.0,85.09,78.49,16,12,10.0,9.5,83.5,83.5,10.0,9.5,220.8,216.8,1014.5,1014.5,-6.6,335.99,-0.01,30.7408,11.7894,301.6,54.5,1491.093, NAN, NAN, NAN, NAN,,2024/04/15 03:32:48.799,2024-04-15 03:32:48.799000+00:00
2024/04/15, 03:33:48.799,35.953,-75.122, 0.72,204.08,327.38,0.04,15.4,15.4,1012.5,1012.4,0.0,0.0,85.09,78.49,17,10,10.0,9.6,83.7,83.7,10.0,9.6,221.0,214.0,1014.6,1014.5,-6.59,336.06,-0.01,30.7397,11.7845,301.4,54.6,1491.075, NAN, NAN, NAN, NAN,,2024/04/15 03:33:48.799,2024-04-15 03:33:48.799000+00:00
2024/04/15, 03:34:48.799,35.953,-75.122, 0.70,203.68,95.46,0.14,15.4,15.4,1012.4,1012.4,0.0,0.0,85.09,78.49,17,11,10.0,9.8,83.9,83.8,10.0,9.8,220.3,214.3,1014.5,1014.5,-6.51,336.16,-0.01,30.7425,11.7822,303.2,54.6,1491.07, NAN, NAN, NAN, NAN,,2024/04/15 03:34:48.799,2024-04-15 03:34:48.799000+00:00
2024/04/15, 03:35:48.799,35.953,-75.122, 0.71,204.25,358.39,0.14,15.3,15.4,1012.5,1012.4,0.0,0.0,85.09,78.49,17,11,9.9,9.2,84.0,84.0,9.9,9.2,220.9,214.8,1014.6,1014.5,-6.5,336.16,-0.01,30.7486,11.7834,302.8,54.7,1491.082, NAN, NAN, NAN, NAN,,2024/04/15 03:35:48.799,2024-04-15 03:35:48.799000+00:00
2024/04/15, 03:36:48.799,35.953,-75.122, 0.76,205.03,45.52,0.05,15.3,15.3,1012.4,1012.5,0.0,0.0,85.09,78.49,17,11,10.0,9.2,84.0,84.1,10.0,9.2,222.0,216.0,1014.5,1014.6,-6.48,336.72,-0.01,30.7576,11.7798,302.8,54.5,1491.08, NAN, NAN, NAN, NAN,,2024/04/15 03:36:48.799,2024-04-15 03:36:48.799000+00:00
2024/04/15, 03:37:48.800,35.953,-75.122, 0.72,204.3,91.78,0.06,15.3,15.3,1012.4,1012.5,0.0,0.0,85.09,78.49,18,14,9.7,9.5,84.2,84.2,9.7,9.5,222.1,218.1,1014.5,1014.6,-6.61,336.37,-0.01,30.7555,11.7786,303.8,54.6,1491.073, NAN, NAN, NAN, NAN,,2024/04/15 03:37:48.800,2024-04-15 03:37:48.800000+00:00
2024/04/15, 03:38:48.800,35.953,-75.122, 0.78,203.88,122.32,0.03,15.3,15.4,1012.5,1012.4,0.0,0.0,85.09,78.49,18,12,9.9,9.5,84.4,84.4,9.9,9.5,222.0,216.0,1014.6,1014.5,-6.54,336.75,-0.01,30.7476,11.7805,301.9,54.7,1491.07, NAN, NAN, NAN, NAN,,2024/04/15 03:38:48.800,2024-04-15 03:38:48.800000+00:00
2024/04/15, 03:39:48.800,35.953,-75.122, 0.80,203.18,117.79,0.22,15.3,15.3,1012.4,1012.5,0.0,0.0,85.09,78.49,18,12,9.7,9.4,84.2,84.2,9.7,9.4,221.8,215.9,1014.5,1014.6,-6.45,336.37,-0.01,30.7431,11.7795,301.4,54.8,1491.061, NAN, NAN, NAN, NAN,,2024/04/15 03:39:48.800,2024-04-15 03:39:48.800000+00:00
2024/04/15, 03:40:48.800,35.953,-75.122, 0.83,204.22,356.36,0.08,15.3,15.3,1012.6,1012.5,0.0,0.0,85.09,78.49,19,15,9.8,9.5,84.2,84.3,9.8,9.5,223.2,219.3,1014.7,1014.6,-6.47,336.67,-0.01,30.7435,11.7788,303.2,54.9,1491.06, NAN, NAN, NAN, NAN,,2024/04/15 03:40:48.800,2024-04-15 03:40:48.800000+00:00
2024/04/15, 03:41:48.800,35.953,-75.122, 0.82,204.76,290.69,0.1,15.3,15.3,1012.5,1012.4,0.0,0.0,85.09,78.49,20,16,9.7,9.6,84.5,84.5,9.7,9.6,224.5,220.5,1014.6,1014.5,-6.5,336.99,-0.01,30.7463,11.7792,302.5,54.6,1491.064, NAN, NAN, NAN, NAN,,2024/04/15 03:41:48.800,2024-04-15 03:41:48.800000+00:00
2024/04/15, 03:42:48.800,35.953,-75.122, 0.85,204.11,94.14,0.39,15.3,15.3,1012.4,1012.5,0.0,0.0,85.09,78.49,21,15,10.0,9.7,84.4,84.5,10.1,9.8,226.1,220.2,1014.5,1014.6,-6.57,336.6,-0.01,30.751,11.7795,302.5,54.7,1491.071, NAN, NAN, NAN, NAN,,2024/04/15 03:42:48.800,2024-04-15 03:42:48.800000+00:00
2024/04/15, 03:43:48.800,35.953,-75.122, 0.83,203.93,291.67,0.11,15.3,15.3,1012.4,1012.5,0.0,0.0,85.09,78.49,19,14,9.9,9.5,84.5,84.5,9.9,9.5,222.7,217.7,1014.5,1014.6,-6.49,336.77,-0.01,30.7468,11.7784,302.5,54.7,1491.062, NAN, NAN, NAN, NAN,,2024/04/15 03:43:48.800,2024-04-15 03:43:48.800000+00:00
2024/04/15, 03:44:48.800,35.953,-75.122, 0.73,203.88,343.3,0.13,15.2,15.3,1012.4,1012.6,0.0,0.0,85.09,78.49,18,13,9.9,9.7,84.4,84.3,9.9,9.7,221.5,216.5,1014.5,1014.7,-6.48,336.96,-0.01,30.7488,11.7787,302.8,54.7,1491.066, NAN, NAN, NAN, NAN,,2024/04/15 03:44:48.800,2024-04-15 03:44:48.800000+00:00
2024/04/15, 03:45:48.800,35.953,-75.122, 0.79,204.53,113.2,0.08,15.3,15.3,1012.5,1012.5,0.0,0.0,85.09,78.49,18,13,10.3,10.0,84.4,84.5,10.3,10.0,222.3,217.3,1014.6,1014.6,-6.5,337.41,-0.01,30.7436,11.7835,301.6,54.5,1491.076, NAN, NAN, NAN, NAN,,2024/04/15 03:45:48.800,2024-04-15 03:45:48.800000+00:00
2024/04/15, 03:46:48.800,35.953,-75.122, 0.84,203.91,105.7,0.29,15.3,15.3,1012.4,1012.4,0.0,0.0,85.09,78.49,18,12,10.3,9.7,84.5,84.5,10.3,9.7,222.7,216.8,1014.5,1014.5,-6.42,337.39,-0.01,30.742,11.7861,301.4,54.5,1491.083, NAN, NAN, NAN, NAN,,2024/04/15 03:46:48.800,2024-04-15 03:46:48.800000+00:00
2024/04/15, 03:47:48.800,35.953,-75.122, 0.77,203.63,111.08,0.35,15.3,15.3,1012.5,1012.4,0.0,0.0,85.09,78.49,17,11,9.9,9.6,84.3,84.4,9.9,9.6,221.7,215.7,1014.6,1014.5,-6.41,337.2,-0.01,30.7476,11.7878,301.6,54.7,1491.096, NAN, NAN, NAN, NAN,,2024/04/15 03:47:48.800,2024-04-15 03:47:48.800000+00:00
2024/04/15, 03:48:48.800,35.953,-75.122, 0.67,203.57,112.93,0.05,15.3,15.3,1012.4,1012.4,0.0,0.0,85.09,78.49,16,9,9.9,9.6,84.1,84.2,9.9,9.6,219.7,212.7,1014.5,1014.5,-6.39,337.12,-0.01,30.7431,11.7907,303.8,54.7,1491.1, NAN, NAN, NAN, NAN,,2024/04/15 03:48:48.800,2024-04-15 03:48:48.800000+00:00
2024/04/15, 03:49:48.800,35.953,-75.122, 0.70,203.76,255.97,0.01,15.3,15.3,1012.4,1012.5,0.0,0.0,85.09,78.49,16,11,10.0,9.5,84.0,84.1,10.0,9.5,219.8,214.8,1014.5,1014.6,-6.44,337.3,-0.01,30.7431,11.79,302.2,54.8,1491.098, NAN, NAN, NAN, NAN,,2024/04/15 03:49:48.800,2024-04-15 03:49:48.800000+00:00
2024/04/15, 03:50:48.800,35.953,-75.122, 0.79,203.66,117.78,0.2,15.3,15.3,1012.4,1012.5,0.0,0.0,85.09,78.49,15,10,10.0,9.6,84.1,84.1,10.0,9.6,219.2,214.3,1014.5,1014.6,-6.41,337.38,-0.02,30.742,11.7918,301.1,54.8,1491.103, NAN, NAN, NAN, NAN,,2024/04/15 03:50:48.800,2024-04-15 03:50:48.800000+00:00
2024/04/15, 03:51:48.800,35.953,-75.122, 0.72,204.29,283.2,0.03,15.3,15.3,1012.5,1012.4,0.0,0.0,85.09,78.49,16,10,10.1,9.6,84.0,84.1,10.1,9.6,220.2,214.2,1014.6,1014.5,-6.44,337.35,-0.02,30.7407,11.7965,303.2,54.8,1491.118, NAN, NAN, NAN, NAN,,2024/04/15 03:51:48.800,2024-04-15 03:51:48.800000+00:00
2024/04/15, 03:52:48.801,35.953,-75.122, 0.86,203.59,316.62,0.02,15.3,15.3,1012.4,1012.5,0.0,0.0,85.09,78.49,16,9,10.2,9.8,83.9,83.9,10.2,9.8,219.6,212.6,1014.5,1014.6,-6.47,337.44,-0.01,30.7427,11.7982,300.8,54.6,1491.126, NAN, NAN, NAN, NAN,,2024/04/15 03:52:48.801,2024-04-15 03:52:48.801000+00:00
2024/04/15, 03:53:48.801,35.953,-75.122, 0.82,204.04,281.03,0.36,15.3,15.3,1012.4,1012.5,0.0,0.0,85.09,78.49,14,9,10.4,9.7,83.8,83.9,10.3,9.7,217.1,212.0,1014.5,1014.6,-6.41,337.6,-0.01,30.748,11.8,301.1,54.8,1491.139, NAN, NAN, NAN, NAN,,2024/04/15 03:53:48.801,2024-04-15 03:53:48.801000+00:00
2024/04/15, 03:54:48.801,35.953,-75.122, 0.69,204.26,68.7,0.17,15.3,15.3,1012.5,1012.6,0.0,0.0,85.09,78.49,15,9,9.6,9.3,83.8,83.8,9.7,9.3,219.7,213.7,1014.6,1014.7,-6.41,337.39,-0.01,30.7433,11.8032,301.1,54.8,1491.144, NAN, NAN, NAN, NAN,,2024/04/15 03:54:48.801,2024-04-15 03:54:48.801000+00:00
2024/04/15, 03:55:48.801,35.953,-75.122, 0.80,204.1,173.96,0.25,15.3,15.3,1012.4,1012.4,0.0,0.0,85.09,78.49,16,10,9.7,9.5,83.7,83.8,9.6,9.4,219.4,213.4,1014.5,1014.5,-6.39,338.42,-0.01,30.7411,11.8073,301.4,54.9,1491.156, NAN, NAN, NAN, NAN,,2024/04/15 03:55:48.801,2024-04-15 03:55:48.801000+00:00
2024/04/15, 03:56:48.801,35.953,-75.122, 0.76,204.95,282.53,0.41,15.3,15.3,1012.5,1012.4,0.0,0.0,85.09,78.49,16,12,9.8,9.4,83.8,83.9,9.7,9.3,219.8,215.7,1014.6,1014.5,-6.47,339.94,-0.01,30.7399,11.8117,301.4,54.8,1491.17, NAN, NAN, NAN, NAN,,2024/04/15 03:56:48.801,2024-04-15 03:56:48.801000+00:00
2024/04/15, 03:57:48.801,35.953,-75.122, 0.75,203.24,113.87,0.22,15.3,15.3,1012.5,1012.5,0.0,0.0,85.09,78.49,16,11,9.9,9.3,83.6,83.7,9.9,9.3,219.9,214.9,1014.6,1014.6,-6.42,341.78,-0.01,30.7409,11.812,300.8,54.7,1491.172, NAN, NAN, NAN, NAN,,2024/04/15 03:57:48.801,2024-04-15 03:57:48.801000+00:00
2024/04/15, 03:58:48.801,35.953,-75.122, 0.73,203.66,352.92,0.1,15.3,15.3,1012.6,1012.5,0.0,0.0,85.09,78.49,14,9,9.6,9.1,83.5,83.7,9.6,9.1,217.4,212.4,1014.7,1014.6,-6.31,343.51,-0.01,30.741,11.8108,301.6,54.8,1491.168, NAN, NAN, NAN, NAN,,2024/04/15 03:58:48.801,2024-04-15 03:58:48.801000+00:00
2024/04/15, 03:59:48.801,35.953,-75.122, 0.76,204.68,276.49,0.2,15.2,15.2,1012.5,1012.5,0.0,0.0,85.09,78.49,15,10,9.7,9.3,83.5,83.7,9.7,9.3,219.1,214.1,1014.6,1014.6,-6.23,345.16,-0.01,30.7393,11.8135,301.6,54.8,1491.175, NAN, NAN, NAN, NAN,,2024/04/15 03:59:48.801,2024-04-15 03:59:48.801000+00:00
2024/04/15, 04:00:48.801,35.953,-75.122, 0.82,203.88,97.24,0.23,15.2,15.2,1012.5,1012.5,0.0,0.0,85.09,78.49,16,10,9.6,9.0,83.5,83.7,9.6,9.0,220.5,214.6,1014.6,1014.6,-6.37,345.84,-0.01,30.7403,11.8198,301.6,54.9,1491.198, NAN, NAN, NAN, NAN,,2024/04/15 04:00:48.801,2024-04-15 04:00:48.801000+00:00
2024/04/15, 04:01:48.801,35.953,-75.122, 0.79,203.99,289.05,0.24,15.2,15.2,1012.6,1012.4,0.0,0.0,85.09,78.49,15,9,9.7,9.4,83.3,83.5,9.6,9.3,218.4,212.3,1014.7,1014.5,-6.31,346.99,-0.02,30.7455,11.8232,301.6,54.8,1491.216, NAN, NAN, NAN, NAN,,2024/04/15 04:01:48.801,2024-04-15 04:01:48.801000+00:00
2024/04/15, 04:02:48.801,35.953,-75.122, 0.76,203.61,292.19,0.25,15.3,15.3,1012.5,1012.5,0.0,0.0,85.09,78.49,14,8,9.6,9.2,83.1,83.2,9.6,9.2,216.9,210.8,1014.6,1014.6,-6.32,347.7,-0.01,30.7442,11.8268,301.6,54.9,1491.227, NAN, NAN, NAN, NAN,,2024/04/15 04:02:48.801,2024-04-15 04:02:48.801000+00:00
2024/04/15, 04:03:48.801,35.953,-75.122, 0.77,203.64,119.23,0.2,15.2,15.3,1012.5,1012.4,0.0,0.0,85.09,78.49,12,8,9.8,9.2,83.0,83.1,9.8,9.2,216.2,212.3,1014.6,1014.5,-6.27,348.34,-0.02,30.7534,11.8282,301.4,55.0,1491.243, NAN, NAN, NAN, NAN,,2024/04/15 04:03:48.801,2024-04-15 04:03:48.801000+00:00
2024/04/15, 04:04:48.801,35.953,-75.122, 0.77,204.96,290.42,0.2,15.2,15.2,1012.4,1012.5,0.0,0.0,85.09,78.49,14,9,9.5,9.0,82.9,83.0,9.5,9.0,218.3,213.3,1014.5,1014.6,-6.34,347.87,-0.01,30.749,11.8326,301.6,54.9,1491.253, NAN, NAN, NAN, NAN,,2024/04/15 04:04:48.801,2024-04-15 04:04:48.801000+00:00
2024/04/15, 04:05:48.801,35.953,-75.122, 0.78,204.37,332.46,0.05,15.3,15.3,1012.4,1012.6,0.0,0.0,85.09,78.49,15,9,9.6,9.4,82.7,82.9,9.6,9.4,219.2,213.3,1014.5,1014.7,-6.21,347.36,-0.01,30.7585,11.8333,302.8,54.9,1491.267, NAN, NAN, NAN, NAN,,2024/04/15 04:05:48.801,2024-04-15 04:05:48.801000+00:00
2024/04/15, 04:06:48.801,35.953,-75.122, 0.77,203.53,286.73,0.42,15.2,15.3,1012.6,1012.6,0.0,0.0,85.09,78.49,15,8,9.6,8.9,82.6,82.7,9.6,8.9,217.3,210.1,1014.7,1014.7,-6.24,346.98,-0.02,30.7581,11.8363,301.6,54.8,1491.277, NAN, NAN, NAN, NAN,,2024/04/15 04:06:48.801,2024-04-15 04:06:48.801000+00:00
2024/04/15, 04:07:48.801,35.953,-75.122, 0.83,203.56,274.57,0.28,15.2,15.3,1012.6,1012.6,0.0,0.0,85.09,78.49,15,8,9.6,9.4,82.5,82.6,9.6,9.4,217.7,210.7,1014.7,1014.7,-6.21,346.29,-0.01,30.7527,11.8395,302.2,54.8,1491.281, NAN, NAN, NAN, NAN,,2024/04/15 04:07:48.801,2024-04-15 04:07:48.801000+00:00
2024/04/15, 04:08:48.802,35.953,-75.122, 0.81,204.26,112.24,0.31,15.3,15.3,1012.5,1012.6,0.0,0.0,85.09,78.49,14,10,9.4,9.1,82.3,82.4,9.4,9.1,219.2,215.2,1014.6,1014.7,-6.35,345.36,-0.01,30.7519,11.8417,302.8,54.8,1491.288, NAN, NAN, NAN, NAN,,2024/04/15 04:08:48.802,2024-04-15 04:08:48.802000+00:00
2024/04/15, 04:09:48.802,35.953,-75.122, 0.78,204.6,238.21,0.09,15.3,15.3,1012.6,1012.5,0.0,0.0,85.09,78.49,13,9,9.3,9.2,82.0,82.4,9.3,9.2,217.4,213.4,1014.7,1014.6,-6.32,345.03,-0.01,30.7525,11.8473,303.2,54.9,1491.308, NAN, NAN, NAN, NAN,,2024/04/15 04:09:48.802,2024-04-15 04:09:48.802000+00:00
2024/04/15, 04:10:48.802,35.953,-75.122, 0.89,204.81,302.79,0.17,15.3,15.3,1012.6,1012.5,0.0,0.0,85.09,78.49,16,10,9.1,8.8,82.0,82.0,9.1,8.8,220.3,214.3,1014.7,1014.6,-6.23,344.1,-0.01,30.756,11.8544,303.2,54.9,1491.337, NAN, NAN, NAN, NAN,,2024/04/15 04:10:48.802,2024-04-15 04:10:48.802000+00:00
2024/04/15, 04:11:48.802,35.953,-75.122, 0.84,203.39,321.01,0.02,15.3,15.3,1012.5,1012.6,0.0,0.0,85.09,78.49,16,9,9.7,9.2,81.7,81.8,9.7,9.2,219.4,212.4,1014.6,1014.7,-6.23,344.17,-0.01,30.757,11.8564,300.8,54.9,1491.345, NAN, NAN, NAN, NAN,,2024/04/15 04:11:48.802,2024-04-15 04:11:48.802000+00:00
2024/04/15, 04:12:48.802,35.953,-75.122, 0.85,203.46,102.36,0.01,15.3,15.3,1012.6,1012.5,0.0,0.0,85.09,78.49,15,11,9.2,8.9,81.5,81.8,9.2,8.9,218.5,214.5,1014.7,1014.6,-6.33,343.46,-0.01,30.7514,11.8593,302.8,54.5,1491.348, NAN, NAN, NAN, NAN,,2024/04/15 04:12:48.802,2024-04-15 04:12:48.802000+00:00
2024/04/15, 04:13:48.802,35.953,-75.122, 0.89,204.83,284.59,0.26,15.3,15.3,1012.6,1012.6,0.0,0.0,85.09,78.49,15,12,9.5,9.3,81.2,81.3,9.4,9.3,219.1,216.1,1014.7,1014.7,-6.33,343.8,-0.01,30.7517,11.8628,301.4,54.3,1491.361, NAN, NAN, NAN, NAN,,2024/04/15 04:13:48.802,2024-04-15 04:13:48.802000+00:00
2024/04/15, 04:14:48.802,35.953,-75.122, 0.89,204.38,310.69,0.11,15.4,15.3,1012.6,1012.6,0.0,0.0,85.09,78.49,17,13,10.0,9.6,81.0,81.2,10.0,9.6,221.7,217.7,1014.7,1014.7,-6.3,343.74,-0.01,30.7554,11.8614,302.8,54.5,1491.36, NAN, NAN, NAN, NAN,,2024/04/15 04:14:48.802,2024-04-15 04:14:48.802000+00:00
2024/04/15, 04:15:48.802,35.953,-75.122, 0.81,203.16,101.65,0.06,15.4,15.4,1012.6,1012.6,0.0,0.0,85.09,78.49,18,11,9.8,9.3,80.7,80.8,9.8,9.3,221.3,214.3,1014.7,1014.7,-6.32,343.7,-0.01,30.7536,11.8618,301.1,54.6,1491.36, NAN, NAN, NAN, NAN,,2024/04/15 04:15:48.802,2024-04-15 04:15:48.802000+00:00
2024/04/15, 04:16:48.802,35.953,-75.122, 0.86,203.44,104.39,0.07,15.5,15.4,1012.7,1012.6,0.0,0.0,85.09,78.49,19,13,10.0,9.6,80.3,80.7,10.0,9.6,222.6,216.6,1014.8,1014.7,-6.19,343.77,-0.01,30.7568,11.8618,302.5,54.8,1491.364, NAN, NAN, NAN, NAN,,2024/04/15 04:16:48.802,2024-04-15 04:16:48.802000+00:00
2024/04/15, 04:17:48.802,35.953,-75.122, 0.81,204.0,338.74,0.04,15.5,15.5,1012.6,1012.6,0.0,0.0,85.09,78.49,18,14,9.9,9.6,79.9,80.0,9.9,9.6,221.9,217.9,1014.7,1014.7,-6.2,344.0,-0.01,30.758,11.8634,301.4,54.6,1491.371, NAN, NAN, NAN, NAN,,2024/04/15 04:17:48.802,2024-04-15 04:17:48.802000+00:00
2024/04/15, 04:18:48.802,35.953,-75.122, 0.85,205.07,288.51,0.22,15.5,15.5,1012.6,1012.6,0.0,0.0,85.09,78.49,18,13,9.8,9.6,79.7,79.8,9.7,9.5,222.5,217.5,1014.7,1014.7,-6.23,344.17,-0.01,30.7555,11.8721,301.4,54.7,1491.398, NAN, NAN, NAN, NAN,,2024/04/15 04:18:48.802,2024-04-15 04:18:48.802000+00:00
2024/04/15, 04:19:48.802,35.953,-75.122, 0.84,203.88,350.3,0.13,15.6,15.6,1012.5,1012.7,0.0,0.0,85.09,78.49,19,14,10.0,9.5,79.5,79.6,10.0,9.5,222.5,217.5,1014.6,1014.8,-6.21,344.74,-0.01,30.7588,11.8763,301.6,54.7,1491.416, NAN, NAN, NAN, NAN,,2024/04/15 04:19:48.802,2024-04-15 04:19:48.802000+00:00
2024/04/15, 04:20:48.802,35.953,-75.122, 0.77,203.84,106.31,0.29,15.6,15.6,1012.6,1012.5,0.0,0.0,85.09,78.49,18,13,10.2,9.7,79.4,79.5,10.3,9.8,222.6,217.6,1014.7,1014.6,-6.2,345.04,-0.01,30.7574,11.8798,302.5,54.8,1491.427, NAN, NAN, NAN, NAN,,2024/04/15 04:20:48.802,2024-04-15 04:20:48.802000+00:00
2024/04/15, 04:21:48.802,35.953,-75.122, 0.84,204.92,275.6,0.11,15.7,15.7,1012.6,1012.6,0.0,0.0,85.09,78.49,19,13,10.0,9.5,79.2,79.4,10.0,9.5,224.2,218.3,1014.7,1014.7,-6.09,345.79,-0.01,30.7549,11.8869,301.6,54.7,1491.448, NAN, NAN, NAN, NAN,,2024/04/15 04:21:48.802,2024-04-15 04:21:48.802000+00:00
2024/04/15, 04:22:48.802,35.953,-75.122, 0.89,203.49,105.26,0.08,15.7,15.7,1012.6,1012.6,0.0,0.0,85.09,78.49,19,14,10.5,10.0,79.0,79.1,10.5,10.0,222.7,217.7,1014.7,1014.7,-6.06,346.82,-0.01,30.7546,11.8933,301.4,54.8,1491.47, NAN, NAN, NAN, NAN,,2024/04/15 04:22:48.802,2024-04-15 04:22:48.802000+00:00
2024/04/15, 04:23:48.802,35.953,-75.122, 0.92,203.46,138.57,0.17,15.7,15.7,1012.7,1012.5,0.0,0.0,85.09,78.49,20,15,10.7,9.7,78.7,78.8,10.7,9.7,223.9,219.0,1014.8,1014.6,-6.11,347.82,-0.02,30.7631,11.8926,300.8,54.7,1491.478, NAN, NAN, NAN, NAN,,2024/04/15 04:23:48.802,2024-04-15 04:23:48.802000+00:00
2024/04/15, 04:24:48.803,35.953,-75.122, 0.81,203.89,83.13,0.11,15.7,15.7,1012.6,1012.6,0.0,0.0,85.09,78.49,19,15,9.9,10.3,78.5,78.7,10.0,10.4,223.0,219.0,1014.7,1014.7,-6.14,348.12,-0.02,30.7558,11.8926,301.9,54.8,1491.469, NAN, NAN, NAN, NAN,,2024/04/15 04:24:48.803,2024-04-15 04:24:48.803000+00:00
2024/04/15, 04:25:48.803,35.953,-75.122, 0.97,204.43,182.47,0.09,15.8,15.8,1012.5,1012.6,0.0,0.0,85.09,78.49,20,16,10.1,9.4,78.3,78.4,10.1,9.4,224.7,220.7,1014.6,1014.7,-6.05,348.67,-0.01,30.7592,11.8932,302.2,54.8,1491.475, NAN, NAN, NAN, NAN,,2024/04/15 04:25:48.803,2024-04-15 04:25:48.803000+00:00
2024/04/15, 04:26:48.803,35.953,-75.122, 0.97,204.25,94.36,0.15,15.8,15.8,1012.6,1012.7,0.0,0.0,85.09,78.49,21,15,10.2,9.9,78.3,78.4,10.2,9.9,225.6,219.7,1014.7,1014.8,-6.22,349.73,-0.01,30.7551,11.8954,302.5,54.9,1491.478, NAN, NAN, NAN, NAN,,2024/04/15 04:26:48.803,2024-04-15 04:26:48.803000+00:00
2024/04/15, 04:27:48.803,35.953,-75.122, 0.86,203.73,29.1,0.17,15.8,15.8,1012.6,1012.6,0.0,0.0,85.09,78.49,20,14,10.4,9.6,78.2,78.3,10.4,9.6,224.1,218.2,1014.7,1014.7,-6.18,350.01,-0.01,30.7536,11.8978,301.1,54.8,1491.484, NAN, NAN, NAN, NAN,,2024/04/15 04:27:48.803,2024-04-15 04:27:48.803000+00:00
2024/04/15, 04:28:48.803,35.953,-75.122, 0.95,203.78,110.17,0.13,15.8,15.8,1012.6,1012.6,0.0,0.0,85.09,78.49,21,16,10.1,10.0,78.0,78.2,10.1,10.0,225.1,220.1,1014.7,1014.7,-6.13,349.76,-0.01,30.7526,11.9009,300.1,54.8,1491.494, NAN, NAN, NAN, NAN,,2024/04/15 04:28:48.803,2024-04-15 04:28:48.803000+00:00
2024/04/15, 04:29:48.803,35.953,-75.122, 1.00,204.28,152.34,0.06,15.8,15.8,1012.6,1012.5,0.0,0.0,85.09,78.49,22,17,10.8,9.9,77.9,78.0,10.8,9.9,226.4,221.4,1014.7,1014.6,-6.08,349.76,-0.01,30.755,11.904,301.6,54.9,1491.508, NAN, NAN, NAN, NAN,,2024/04/15 04:29:48.803,2024-04-15 04:29:48.803000+00:00
2024/04/15, 04:30:48.803,35.953,-75.122, 1.15,204.77,292.95,0.21,15.9,15.9,1012.6,1012.5,0.0,0.0,85.09,78.49,23,17,10.8,10.5,77.7,77.8,10.8,10.5,227.3,221.2,1014.7,1014.6,-6.12,349.65,-0.01,30.7537,11.9046,301.9,54.9,1491.508, NAN, NAN, NAN, NAN,,2024/04/15 04:30:48.803,2024-04-15 04:30:48.803000+00:00
2024/04/15, 04:31:48.803,35.953,-75.122, 1.00,203.6,300.49,0.23,15.9,15.9,1012.6,1012.6,0.0,0.0,85.09,78.49,22,17,11.3,10.7,77.5,77.6,11.3,10.7,225.0,220.0,1014.7,1014.7,-6.13,349.74,-0.01,30.7557,11.9069,302.2,54.8,1491.519, NAN, NAN, NAN, NAN,,2024/04/15 04:31:48.803,2024-04-15 04:31:48.803000+00:00
2024/04/15, 04:32:48.803,35.953,-75.122, 1.07,204.15,61.03,0.17,16.0,15.9,1012.5,1012.6,0.0,0.0,85.09,78.49,22,17,10.9,10.6,77.1,77.4,11.0,10.7,226.3,221.4,1014.6,1014.7,-6.03,348.93,-0.01,30.7569,11.907,301.4,54.9,1491.52, NAN, NAN, NAN, NAN,,2024/04/15 04:32:48.803,2024-04-15 04:32:48.803000+00:00
2024/04/15, 04:33:48.803,35.953,-75.122, 1.10,203.82,98.7,0.07,16.0,16.0,1012.5,1012.5,0.0,0.0,85.09,78.49,22,18,11.6,11.1,77.0,77.1,11.6,11.1,226.0,222.0,1014.6,1014.6,-6.13,348.21,-0.01,30.7611,11.9018,303.2,55.0,1491.507, NAN, NAN, NAN, NAN,,2024/04/15 04:33:48.803,2024-04-15 04:33:48.803000+00:00
2024/04/15, 04:34:48.803,35.953,-75.122, 1.06,203.66,180.16,0.04,16.0,16.0,1012.6,1012.6,0.0,0.0,85.09,78.49,22,18,11.3,10.8,76.8,76.8,11.3,10.8,225.7,221.7,1014.7,1014.7,-6.08,347.89,-0.01,30.7598,11.8975,303.2,55.0,1491.491, NAN, NAN, NAN, NAN,,2024/04/15 04:34:48.803,2024-04-15 04:34:48.803000+00:00
2024/04/15, 04:35:48.803,35.953,-75.122, 1.10,204.23,278.16,0.05,16.0,16.0,1012.5,1012.6,0.0,0.0,85.09,78.49,22,17,10.9,10.7,76.5,76.6,10.9,10.7,226.4,221.4,1014.6,1014.7,-6.08,347.56,-0.01,30.7639,11.8967,302.5,55.0,1491.493, NAN, NAN, NAN, NAN,,2024/04/15 04:35:48.803,2024-04-15 04:35:48.803000+00:00
2024/04/15, 04:36:48.803,35.953,-75.122, 1.04,204.48,232.34,0.03,16.0,16.0,1012.6,1012.5,0.0,0.0,85.09,78.49,24,18,10.9,11.1,76.4,76.5,10.9,11.1,228.5,222.5,1014.7,1014.6,-6.08,346.5,-0.01,30.7627,11.8942,301.1,55.0,1491.483, NAN, NAN, NAN, NAN,,2024/04/15 04:36:48.803,2024-04-15 04:36:48.803000+00:00
2024/04/15, 04:37:48.803,35.953,-75.122, 1.06,204.47,303.57,0.2,16.0,16.0,1012.4,1012.6,0.0,0.0,85.09,78.49,23,20,11.0,10.8,76.3,76.4,11.0,10.8,227.0,223.9,1014.5,1014.7,-6.12,346.47,-0.01,30.765,11.8939,301.1,54.8,1491.485, NAN, NAN, NAN, NAN,,2024/04/15 04:37:48.803,2024-04-15 04:37:48.803000+00:00
2024/04/15, 04:38:48.803,35.953,-75.122, 1.07,204.42,276.6,0.16,16.1,16.1,1012.5,1012.6,0.0,0.0,85.09,78.49,21,18,11.7,11.1,76.2,76.4,11.7,11.1,225.0,222.0,1014.6,1014.7,-6.18,346.6,-0.01,30.7655,11.8923,301.4,54.8,1491.48, NAN, NAN, NAN, NAN,,2024/04/15 04:38:48.803,2024-04-15 04:38:48.803000+00:00
2024/04/15, 04:39:48.803,35.953,-75.122, 1.05,204.66,27.72,0.06,16.1,16.1,1012.6,1012.6,0.0,0.0,85.09,78.49,23,19,11.7,11.0,76.0,76.2,11.7,11.0,227.5,223.5,1014.7,1014.7,-6.14,345.94,-0.01,30.7659,11.887,301.1,55.0,1491.462, NAN, NAN, NAN, NAN,,2024/04/15 04:39:48.803,2024-04-15 04:39:48.803000+00:00
2024/04/15, 04:40:48.804,35.953,-75.122, 1.05,204.14,286.59,0.16,16.2,16.2,1012.4,1012.5,0.0,0.0,85.09,78.49,23,18,11.2,11.0,75.5,75.7,11.2,11.0,226.7,221.7,1014.5,1014.6,-6.07,344.83,-0.01,30.7679,11.8863,301.6,55.0,1491.462, NAN, NAN, NAN, NAN,,2024/04/15 04:40:48.804,2024-04-15 04:40:48.804000+00:00
2024/04/15, 04:41:48.804,35.953,-75.122, 1.22,204.36,262.66,0.03,16.3,16.3,1012.7,1012.6,0.0,0.0,85.09,78.49,23,19,11.0,10.7,75.3,75.4,11.0,10.7,227.4,223.4,1014.8,1014.7,-6.03,344.6,-0.01,30.7683,11.8915,302.8,55.0,1491.48, NAN, NAN, NAN, NAN,,2024/04/15 04:41:48.804,2024-04-15 04:41:48.804000+00:00
2024/04/15, 04:42:48.804,35.953,-75.122, 1.09,204.5,286.36,0.19,16.3,16.3,1012.6,1012.6,0.0,0.0,85.09,78.49,23,19,11.9,11.3,75.2,75.4,11.9,11.3,227.1,223.0,1014.7,1014.7,-6.07,344.58,-0.01,30.7673,11.8907,302.2,55.0,1491.476, NAN, NAN, NAN, NAN,,2024/04/15 04:42:48.804,2024-04-15 04:42:48.804000+00:00
2024/04/15, 04:43:48.804,35.953,-75.122, 1.05,204.8,288.12,0.19,16.3,16.3,1012.4,1012.5,0.0,0.0,85.09,78.49,24,20,10.7,10.4,75.3,75.4,10.7,10.4,228.3,224.3,1014.5,1014.6,-6.03,343.96,-0.01,30.7717,11.8891,301.6,55.1,1491.476, NAN, NAN, NAN, NAN,,2024/04/15 04:43:48.804,2024-04-15 04:43:48.804000+00:00
2024/04/15, 04:44:48.804,35.953,-75.122, 1.14,203.91,103.34,0.23,16.3,16.3,1012.4,1012.6,0.0,0.0,85.09,78.49,23,19,11.3,10.7,75.4,75.5,11.4,10.8,227.4,223.5,1014.5,1014.7,-6.11,344.29,-0.01,30.7713,11.8902,302.2,55.0,1491.479, NAN, NAN, NAN, NAN,,2024/04/15 04:44:48.804,2024-04-15 04:44:48.804000+00:00
2024/04/15, 04:45:48.804,35.953,-75.122, 1.10,204.23,276.92,0.37,16.3,16.3,1012.4,1012.5,0.0,0.0,85.09,78.49,24,19,11.3,10.9,75.8,75.8,11.2,10.8,227.4,222.3,1014.5,1014.6,-6.18,344.47,-0.01,30.7738,11.8885,302.2,55.0,1491.476, NAN, NAN, NAN, NAN,,2024/04/15 04:45:48.804,2024-04-15 04:45:48.804000+00:00
2024/04/15, 04:46:48.804,35.953,-75.122, 1.12,204.0,86.68,0.14,16.2,16.2,1012.7,1012.5,0.0,0.0,85.09,78.49,25,20,11.2,10.6,76.0,76.0,11.2,10.6,229.3,224.3,1014.8,1014.6,-6.26,344.33,-0.01,30.7738,11.891,301.6,55.0,1491.485, NAN, NAN, NAN, NAN,,2024/04/15 04:46:48.804,2024-04-15 04:46:48.804000+00:00
2024/04/15, 04:47:48.804,35.953,-75.122, 1.08,204.5,100.27,0.28,16.2,16.2,1012.5,1012.5,0.0,0.0,85.09,78.49,25,20,11.4,11.0,76.3,76.3,11.4,11.0,230.2,225.2,1014.6,1014.6,-6.26,344.66,-0.01,30.7773,11.8924,301.6,55.2,1491.494, NAN, NAN, NAN, NAN,,2024/04/15 04:47:48.804,2024-04-15 04:47:48.804000+00:00
2024/04/15, 04:48:48.804,35.953,-75.122, 1.13,203.99,275.41,0.12,16.2,16.2,1012.6,1012.5,0.0,0.0,85.09,78.49,24,19,11.3,10.6,76.5,76.6,11.3,10.6,227.7,222.7,1014.7,1014.6,-6.19,344.57,-0.01,30.7766,11.8923,301.9,55.0,1491.493, NAN, NAN, NAN, NAN,,2024/04/15 04:48:48.804,2024-04-15 04:48:48.804000+00:00
2024/04/15, 04:49:48.804,35.953,-75.122, 1.15,204.56,285.3,0.32,16.2,16.2,1012.6,1012.6,0.0,0.0,85.09,78.49,26,21,10.7,10.2,76.6,76.6,10.6,10.1,229.8,224.7,1014.7,1014.7,-6.26,344.34,-0.01,30.7772,11.8903,301.4,55.1,1491.487, NAN, NAN, NAN, NAN,,2024/04/15 04:49:48.804,2024-04-15 04:49:48.804000+00:00
2024/04/15, 04:50:48.804,35.953,-75.122, 1.03,204.66,352.58,0.16,16.1,16.2,1012.4,1012.6,0.0,0.0,85.09,78.49,24,20,10.3,10.3,76.8,76.7,10.3,10.3,228.2,224.2,1014.5,1014.7,-6.22,344.26,-0.01,30.7784,11.8867,302.8,55.2,1491.476, NAN, NAN, NAN, NAN,,2024/04/15 04:50:48.804,2024-04-15 04:50:48.804000+00:00
2024/04/15, 04:51:48.804,35.953,-75.122, 1.16,204.09,109.9,0.08,16.1,16.1,1012.5,1012.6,0.0,0.0,85.09,78.49,25,20,10.9,10.2,76.9,76.9,10.9,10.2,229.3,224.3,1014.6,1014.7,-6.36,344.61,-0.01,30.7795,11.886,302.2,55.1,1491.475, NAN, NAN, NAN, NAN,,2024/04/15 04:51:48.804,2024-04-15 04:51:48.804000+00:00
2024/04/15, 04:52:48.804,35.953,-75.122, 1.11,203.6,121.95,0.2,16.0,16.0,1012.5,1012.6,0.0,0.0,85.09,78.49,24,20,10.7,10.6,77.3,77.4,10.7,10.6,228.1,224.1,1014.6,1014.7,-6.32,343.81,-0.01,30.7784,11.8949,301.6,55.2,1491.504, NAN, NAN, NAN, NAN,,2024/04/15 04:52:48.804,2024-04-15 04:52:48.804000+00:00
2024/04/15, 04:53:48.804,35.953,-75.122, 0.91,204.14,211.91,0.05,16.0,16.0,1012.5,1012.6,0.0,0.0,85.09,78.49,25,20,10.8,10.5,77.6,77.6,10.8,10.5,229.2,224.2,1014.6,1014.7,-6.36,343.99,-0.01,30.7802,11.9024,302.5,55.2,1491.532, NAN, NAN, NAN, NAN,,2024/04/15 04:53:48.804,2024-04-15 04:53:48.804000+00:00
2024/04/15, 04:54:48.804,35.953,-75.122, 1.04,203.53,164.94,0.03,15.9,15.9,1012.4,1012.6,0.0,0.0,85.09,78.49,24,21,11.3,10.7,77.9,78.0,11.3,10.7,227.6,224.6,1014.5,1014.7,-6.33,344.04,-0.01,30.7804,11.9019,301.6,55.1,1491.531, NAN, NAN, NAN, NAN,,2024/04/15 04:54:48.804,2024-04-15 04:54:48.804000+00:00
2024/04/15, 04:55:48.804,35.953,-75.122, 1.14,203.87,137.43,0.08,15.9,15.9,1012.4,1012.4,0.0,0.0,85.09,78.49,25,20,10.7,9.9,78.3,78.4,10.7,9.9,229.1,224.1,1014.5,1014.5,-6.45,343.84,-0.01,30.7837,11.8916,302.8,55.3,1491.499, NAN, NAN, NAN, NAN,,2024/04/15 04:55:48.804,2024-04-15 04:55:48.804000+00:00
2024/04/15, 04:56:48.805,35.953,-75.122, 1.19,204.08,308.83,0.23,15.8,15.9,1012.3,1012.5,0.0,0.0,85.09,78.49,24,19,10.9,10.5,78.6,78.6,10.9,10.5,227.5,222.5,1014.4,1014.6,-6.36,344.2,-0.01,30.7838,11.9032,302.8,55.2,1491.539, NAN, NAN, NAN, NAN,,2024/04/15 04:56:48.805,2024-04-15 04:56:48.805000+00:00
2024/04/15, 04:57:48.805,35.953,-75.122, 1.18,204.13,323.72,0.04,15.8,15.9,1012.5,1012.4,0.0,0.0,85.09,78.49,25,20,10.6,10.3,78.7,78.8,10.6,10.3,229.0,224.1,1014.6,1014.5,-6.38,343.78,-0.01,30.7855,11.9016,303.2,55.1,1491.536, NAN, NAN, NAN, NAN,,2024/04/15 04:57:48.805,2024-04-15 04:57:48.805000+00:00
2024/04/15, 04:58:48.805,35.953,-75.122, 1.18,203.47,68.02,0.08,15.8,15.9,1012.4,1012.3,0.0,0.0,85.09,78.49,25,21,10.2,10.4,78.6,78.8,10.2,10.4,228.3,224.3,1014.5,1014.4,-6.33,343.77,-0.01,30.7866,11.9058,304.4,55.2,1491.552, NAN, NAN, NAN, NAN,,2024/04/15 04:58:48.805,2024-04-15 04:58:48.805000+00:00
2024/04/15, 04:59:48.805,35.953,-75.122, 1.09,204.48,139.22,0.3,15.8,15.9,1012.5,1012.4,0.0,0.0,85.09,78.49,25,19,11.1,10.5,78.7,78.7,11.1,10.5,230.2,224.3,1014.6,1014.5,-6.34,344.19,-0.01,30.7914,11.9159,302.8,55.2,1491.592, NAN, NAN, NAN, NAN,,2024/04/15 04:59:48.805,2024-04-15 04:59:48.805000+00:00
2024/04/15, 05:00:48.805,35.953,-75.122, 1.13,203.03,90.98,0.16,15.8,15.9,1012.4,1012.5,0.0,0.0,85.09,78.49,25,20,10.8,10.2,78.9,79.0,10.8,10.2,228.5,223.5,1014.5,1014.6,-6.37,343.95,-0.01,30.7921,11.9289,303.5,55.2,1491.638, NAN, NAN, NAN, NAN,,2024/04/15 05:00:48.805,2024-04-15 05:00:48.805000+00:00
2024/04/15, 05:01:48.805,35.953,-75.122, 1.05,204.63,289.06,0.32,15.8,15.9,1012.5,1012.4,0.0,0.0,85.09,78.49,24,19,10.1,10.2,78.8,78.8,10.0,10.2,227.8,222.7,1014.6,1014.5,-6.29,343.46,-0.01,30.79,11.9329,304.4,55.1,1491.649, NAN, NAN, NAN, NAN,,2024/04/15 05:01:48.805,2024-04-15 05:01:48.805000+00:00
2024/04/15, 05:02:48.805,35.953,-75.122, 1.08,204.52,236.15,0.07,15.8,15.8,1012.4,1012.5,0.0,0.0,85.09,78.49,22,18,11.0,10.4,78.9,79.0,11.0,10.4,226.4,222.4,1014.5,1014.6,-6.33,344.43,-0.01,30.7901,11.9445,302.2,55.1,1491.69, NAN, NAN, NAN, NAN,,2024/04/15 05:02:48.805,2024-04-15 05:02:48.805000+00:00
2024/04/15, 05:03:48.805,35.953,-75.122, 1.15,203.9,111.14,0.06,15.8,15.8,1012.4,1012.4,0.0,0.0,85.09,78.49,23,19,10.3,10.1,79.2,79.2,10.3,10.1,226.8,222.7,1014.5,1014.5,-6.38,344.0,-0.01,30.7883,11.946,301.6,55.1,1491.693, NAN, NAN, NAN, NAN,,2024/04/15 05:03:48.805,2024-04-15 05:03:48.805000+00:00
2024/04/15, 05:04:48.805,35.953,-75.122, 1.09,204.74,282.17,0.04,15.8,15.8,1012.4,1012.4,0.0,0.0,85.09,78.49,24,19,10.6,9.9,79.1,79.2,10.6,9.9,228.9,223.9,1014.5,1014.5,-6.35,344.27,-0.01,30.7851,11.9526,301.1,55.2,1491.712, NAN, NAN, NAN, NAN,,2024/04/15 05:04:48.805,2024-04-15 05:04:48.805000+00:00
2024/04/15, 05:05:48.805,35.953,-75.122, 1.01,204.18,192.96,0.08,15.8,15.8,1012.4,1012.5,0.0,0.0,85.09,78.49,23,18,10.8,10.5,79.3,79.3,10.8,10.5,227.3,222.3,1014.5,1014.6,-6.33,344.47,-0.01,30.787,11.9518,301.6,55.1,1491.711, NAN, NAN, NAN, NAN,,2024/04/15 05:05:48.805,2024-04-15 05:05:48.805000+00:00
2024/04/15, 05:06:48.805,35.953,-75.122, 1.12,203.85,132.66,0.1,15.8,15.8,1012.4,1012.4,0.0,0.0,85.09,78.49,22,17,10.9,10.5,79.4,79.5,10.9,10.5,226.1,221.1,1014.5,1014.5,-6.35,344.31,-0.02,30.785,11.9535,302.2,55.1,1491.715, NAN, NAN, NAN, NAN,,2024/04/15 05:06:48.805,2024-04-15 05:06:48.805000+00:00
2024/04/15, 05:07:48.805,35.953,-75.122, 1.12,203.69,295.26,0.04,15.8,15.8,1012.3,1012.4,0.0,0.0,85.09,78.49,22,17,10.7,10.4,79.2,79.3,10.7,10.4,225.8,220.8,1014.4,1014.5,-6.3,344.3,-0.01,30.7852,11.9649,301.9,55.2,1491.754, NAN, NAN, NAN, NAN,,2024/04/15 05:07:48.805,2024-04-15 05:07:48.805000+00:00
2024/04/15, 05:08:48.805,35.953,-75.122, 0.98,203.73,94.73,0.35,15.8,15.8,1012.2,1012.4,0.0,0.0,85.09,78.49,21,17,10.7,10.5,79.2,79.4,10.8,10.6,225.6,221.6,1014.3,1014.5,-6.32,344.46,-0.01,30.7857,11.962,301.1,55.1,1491.745, NAN, NAN, NAN, NAN,,2024/04/15 05:08:48.805,2024-04-15 05:08:48.805000+00:00
2024/04/15, 05:09:48.805,35.953,-75.122, 1.14,203.84,132.91,0.18,15.9,15.9,1012.4,1012.3,0.0,0.0,85.09,78.49,21,15,11.3,10.7,79.1,79.1,11.3,10.7,225.3,219.3,1014.5,1014.4,-6.26,344.92,-0.01,30.7864,11.948,302.5,55.1,1491.697, NAN, NAN, NAN, NAN,,2024/04/15 05:09:48.805,2024-04-15 05:09:48.805000+00:00
2024/04/15, 05:10:48.805,35.953,-75.122, 1.18,204.14,95.16,0.11,15.9,15.9,1012.2,1012.3,0.0,0.0,85.09,78.49,20,15,11.3,11.1,78.9,79.0,11.3,11.1,223.9,218.9,1014.3,1014.4,-6.27,344.41,-0.01,30.788,11.9322,302.5,55.1,1491.645, NAN, NAN, NAN, NAN,,2024/04/15 05:10:48.805,2024-04-15 05:10:48.805000+00:00
2024/04/15, 05:11:48.805,35.953,-75.122, 0.90,203.42,114.33,0.21,15.9,15.9,1012.3,1012.2,0.0,0.0,85.09,78.49,21,16,11.1,11.2,78.6,78.6,11.2,11.3,224.9,219.9,1014.4,1014.3,-6.28,344.37,-0.02,30.7876,11.928,303.5,55.0,1491.63, NAN, NAN, NAN, NAN,,2024/04/15 05:11:48.805,2024-04-15 05:11:48.805000+00:00
2024/04/15, 05:12:48.806,35.953,-75.122, 1.14,203.64,42.15,0.12,16.0,16.0,1012.2,1012.3,0.0,0.0,85.09,78.49,20,15,11.6,11.3,78.2,78.3,11.6,11.3,223.3,218.3,1014.3,1014.4,-6.18,344.86,-0.01,30.7881,11.936,300.4,55.0,1491.658, NAN, NAN, NAN, NAN,,2024/04/15 05:12:48.806,2024-04-15 05:12:48.806000+00:00
2024/04/15, 05:13:48.806,35.953,-75.122, 1.11,203.19,130.62,0.26,16.0,16.0,1012.3,1012.2,0.0,0.0,85.09,78.49,19,14,12.0,11.4,77.8,78.0,12.0,11.4,222.8,217.8,1014.4,1014.3,-6.18,344.85,-0.02,30.794,11.9429,302.8,55.1,1491.689, NAN, NAN, NAN, NAN,,2024/04/15 05:13:48.806,2024-04-15 05:13:48.806000+00:00
2024/04/15, 05:14:48.806,35.953,-75.122, 1.09,203.81,127.21,0.2,16.0,16.0,1012.2,1012.2,0.0,0.0,85.09,78.49,19,14,11.7,11.1,77.6,77.6,11.7,11.1,223.3,218.3,1014.3,1014.3,-6.11,344.75,-0.01,30.7972,11.9418,301.9,55.0,1491.689, NAN, NAN, NAN, NAN,,2024/04/15 05:14:48.806,2024-04-15 05:14:48.806000+00:00
2024/04/15, 05:15:48.806,35.953,-75.122, 1.06,203.38,93.0,0.09,16.0,16.1,1012.2,1012.1,0.0,0.0,85.09,78.49,18,12,11.3,11.0,77.5,77.4,11.3,11.0,221.5,215.5,1014.3,1014.2,-6.08,344.52,-0.01,30.7981,11.9457,304.4,55.1,1491.703, NAN, NAN, NAN, NAN,,2024/04/15 05:15:48.806,2024-04-15 05:15:48.806000+00:00
2024/04/15, 05:16:48.806,35.953,-75.122, 1.05,204.31,299.57,0.07,16.1,16.1,1012.2,1012.0,0.0,0.0,85.09,78.49,18,12,11.5,11.2,76.9,77.1,11.5,11.2,222.1,216.1,1014.3,1014.1,-6.13,344.89,-0.01,30.7963,11.9566,301.6,55.1,1491.739, NAN, NAN, NAN, NAN,,2024/04/15 05:16:48.806,2024-04-15 05:16:48.806000+00:00
2024/04/15, 05:17:48.806,35.953,-75.122, 1.21,203.72,120.66,0.1,16.2,16.2,1012.2,1012.2,0.0,0.0,85.09,78.49,17,11,11.6,11.0,76.5,76.7,11.6,11.0,221.0,215.0,1014.3,1014.3,-6.11,344.52,-0.01,30.7947,11.9576,301.4,54.8,1491.741, NAN, NAN, NAN, NAN,,2024/04/15 05:17:48.806,2024-04-15 05:17:48.806000+00:00
2024/04/15, 05:18:48.806,35.953,-75.122, 0.94,204.17,119.46,0.07,16.2,16.2,1012.1,1012.2,0.0,0.0,85.09,78.49,15,9,11.6,11.4,76.5,76.6,11.6,11.4,219.3,213.3,1014.2,1014.3,-6.15,344.6,-0.01,30.7957,11.9545,300.4,54.8,1491.731, NAN, NAN, NAN, NAN,,2024/04/15 05:18:48.806,2024-04-15 05:18:48.806000+00:00
2024/04/15, 05:19:48.806,35.953,-75.122, 1.12,203.91,58.76,0.11,16.2,16.2,1012.2,1012.2,0.0,0.0,85.09,78.49,15,8,11.5,11.2,76.3,76.5,11.5,11.2,219.1,212.2,1014.3,1014.3,-6.15,344.38,-0.01,30.7962,11.9556,302.8,55.0,1491.735, NAN, NAN, NAN, NAN,,2024/04/15 05:19:48.806,2024-04-15 05:19:48.806000+00:00
2024/04/15, 05:20:48.806,35.953,-75.122, 1.01,203.86,114.49,0.25,16.2,16.2,1012.1,1012.1,0.0,0.0,85.09,78.49,14,9,10.9,10.5,76.4,76.5,10.9,10.5,218.5,213.6,1014.2,1014.2,-6.16,343.31,-0.01,30.7948,11.9582,302.8,55.0,1491.743, NAN, NAN, NAN, NAN,,2024/04/15 05:20:48.806,2024-04-15 05:20:48.806000+00:00
2024/04/15, 05:21:48.806,35.953,-75.122, 1.03,203.89,112.78,0.45,16.1,16.1,1012.2,1012.2,0.0,0.0,85.09,78.49,15,9,10.7,10.4,76.5,76.5,10.7,10.4,220.1,214.2,1014.3,1014.3,-6.32,343.37,-0.02,30.796,11.9615,301.4,55.0,1491.756, NAN, NAN, NAN, NAN,,2024/04/15 05:21:48.806,2024-04-15 05:21:48.806000+00:00
2024/04/15, 05:22:48.806,35.953,-75.122, 0.96,203.8,275.26,0.14,16.0,16.0,1012.2,1012.1,0.0,0.0,85.09,78.49,14,9,10.8,10.3,77.0,77.0,10.8,10.3,218.2,213.2,1014.3,1014.2,-6.26,342.9,-0.01,30.7968,11.9603,303.5,55.1,1491.752, NAN, NAN, NAN, NAN,,2024/04/15 05:22:48.806,2024-04-15 05:22:48.806000+00:00
2024/04/15, 05:23:48.806,35.953,-75.122, 0.94,203.64,102.0,0.06,15.9,15.9,1012.2,1012.1,0.0,0.0,85.09,78.49,13,8,10.6,10.4,77.3,77.4,10.6,10.4,216.8,211.8,1014.3,1014.2,-6.39,342.88,-0.01,30.7967,11.9584,302.2,55.1,1491.746, NAN, NAN, NAN, NAN,,2024/04/15 05:23:48.806,2024-04-15 05:23:48.806000+00:00
2024/04/15, 05:24:48.806,35.953,-75.122, 0.95,204.04,318.82,0.09,15.8,15.8,1012.0,1012.2,0.0,0.0,85.09,78.49,13,9,10.8,10.1,78.0,77.9,10.8,10.1,216.9,212.9,1014.1,1014.3,-6.38,342.86,-0.01,30.7963,11.9642,301.6,55.1,1491.765, NAN, NAN, NAN, NAN,,2024/04/15 05:24:48.806,2024-04-15 05:24:48.806000+00:00
2024/04/15, 05:25:48.806,35.953,-75.122, 1.07,203.73,107.48,0.1,15.8,15.8,1012.1,1012.0,0.0,0.0,85.09,78.49,14,9,10.9,10.5,78.3,78.2,10.9,10.5,217.9,212.9,1014.2,1014.1,-6.42,342.85,-0.01,30.7981,11.9676,301.6,55.0,1491.779, NAN, NAN, NAN, NAN,,2024/04/15 05:25:48.806,2024-04-15 05:25:48.806000+00:00
2024/04/15, 05:26:48.806,35.953,-75.122, 1.04,204.52,323.95,0.06,15.7,15.7,1012.0,1012.1,0.0,0.0,85.09,78.49,15,11,10.8,10.6,78.4,78.7,10.8,10.6,219.6,215.6,1014.1,1014.2,-6.44,343.58,-0.01,30.7987,11.9698,301.9,55.0,1491.788, NAN, NAN, NAN, NAN,,2024/04/15 05:26:48.806,2024-04-15 05:26:48.806000+00:00
2024/04/15, 05:27:48.806,35.953,-75.122, 0.98,203.65,349.87,0.06,15.8,15.8,1012.1,1012.0,0.0,0.0,85.09,78.49,15,9,11.2,10.8,78.4,78.5,11.2,10.8,218.6,212.6,1014.2,1014.1,-6.38,343.33,-0.01,30.799,11.9688,302.8,55.0,1491.784, NAN, NAN, NAN, NAN,,2024/04/15 05:27:48.806,2024-04-15 05:27:48.806000+00:00
2024/04/15, 05:28:48.807,35.953,-75.122, 0.98,202.99,111.75,0.21,15.8,15.8,1012.0,1012.0,0.0,0.0,85.09,78.49,15,9,11.1,10.7,78.2,78.4,11.1,10.7,218.5,212.6,1014.1,1014.1,-6.38,343.48,-0.01,30.7996,11.9669,302.2,55.0,1491.779, NAN, NAN, NAN, NAN,,2024/04/15 05:28:48.807,2024-04-15 05:28:48.807000+00:00
2024/04/15, 05:29:48.807,35.953,-75.122, 1.00,204.3,283.01,0.05,15.8,15.9,1012.1,1012.0,0.0,0.0,85.09,78.49,14,8,11.3,10.5,77.9,78.1,11.3,10.5,218.2,212.2,1014.2,1014.1,-6.31,343.49,-0.01,30.7991,11.9675,302.2,55.0,1491.78, NAN, NAN, NAN, NAN,,2024/04/15 05:29:48.807,2024-04-15 05:29:48.807000+00:00
2024/04/15, 05:30:48.807,35.953,-75.122, 1.04,204.76,304.06,0.15,15.9,15.8,1012.0,1012.1,0.0,0.0,85.09,78.49,14,8,11.3,10.7,77.8,78.0,11.3,10.7,218.4,212.4,1014.1,1014.2,-6.26,343.62,-0.01,30.7981,11.9627,302.2,55.0,1491.762, NAN, NAN, NAN, NAN,,2024/04/15 05:30:48.807,2024-04-15 05:30:48.807000+00:00
2024/04/15, 05:31:48.807,35.953,-75.122, 0.94,204.15,168.88,0.05,15.9,15.9,1011.9,1012.0,0.0,0.0,85.09,78.49,14,9,11.3,11.2,77.8,77.9,11.3,11.2,218.1,213.0,1014.0,1014.1,-6.31,343.43,-0.01,30.7984,11.9603,302.2,55.0,1491.754, NAN, NAN, NAN, NAN,,2024/04/15 05:31:48.807,2024-04-15 05:31:48.807000+00:00
2024/04/15, 05:32:48.807,35.953,-75.122, 1.10,203.95,328.61,0.08,15.9,15.9,1011.9,1012.0,0.0,0.0,85.09,78.49,13,8,11.3,10.7,77.8,77.9,11.3,10.7,216.8,211.7,1014.0,1014.1,-6.23,343.69,-0.01,30.7986,11.9627,302.8,55.0,1491.763, NAN, NAN, NAN, NAN,,2024/04/15 05:32:48.807,2024-04-15 05:32:48.807000+00:00
2024/04/15, 05:33:48.807,35.953,-75.122, 0.97,203.81,251.97,0.07,15.9,15.9,1011.9,1012.0,0.0,0.0,85.09,78.49,14,9,11.1,10.5,77.8,77.8,11.1,10.5,217.6,212.6,1014.0,1014.1,-6.34,343.47,-0.01,30.7973,11.9572,303.8,55.0,1491.742, NAN, NAN, NAN, NAN,,2024/04/15 05:33:48.807,2024-04-15 05:33:48.807000+00:00
2024/04/15, 05:34:48.807,35.953,-75.122, 1.10,203.28,98.37,0.07,15.9,16.0,1011.9,1011.9,0.0,0.0,85.09,78.49,15,8,11.1,11.2,77.9,78.0,11.1,11.2,218.1,211.1,1014.0,1014.0,-6.3,343.66,-0.02,30.7977,11.9554,301.9,55.0,1491.737, NAN, NAN, NAN, NAN,,2024/04/15 05:34:48.807,2024-04-15 05:34:48.807000+00:00
2024/04/15, 05:35:48.807,35.953,-75.122, 0.93,204.05,334.66,0.04,16.0,16.0,1011.9,1011.9,0.0,0.0,85.09,78.49,14,8,11.4,10.8,77.7,77.8,11.4,10.8,218.0,212.0,1014.0,1014.0,-6.23,343.56,-0.01,30.7963,11.9632,300.8,55.1,1491.762, NAN, NAN, NAN, NAN,,2024/04/15 05:35:48.807,2024-04-15 05:35:48.807000+00:00
2024/04/15, 05:36:48.807,35.953,-75.122, 0.91,203.62,313.27,0.06,16.0,16.0,1011.9,1011.9,0.0,0.0,85.09,78.49,12,8,11.1,10.9,77.2,77.4,11.1,10.9,215.5,211.5,1014.0,1014.0,-6.18,343.12,-0.01,30.7974,11.9641,302.5,55.0,1491.766, NAN, NAN, NAN, NAN,,2024/04/15 05:36:48.807,2024-04-15 05:36:48.807000+00:00
2024/04/15, 05:37:48.807,35.953,-75.122, 1.09,203.82,271.29,0.07,16.0,16.0,1011.9,1012.0,0.0,0.0,85.09,78.49,13,7,10.7,10.3,77.1,77.3,10.7,10.3,216.6,210.6,1014.0,1014.1,-6.18,342.6,-0.01,30.7983,11.9657,302.8,54.9,1491.773, NAN, NAN, NAN, NAN,,2024/04/15 05:37:48.807,2024-04-15 05:37:48.807000+00:00
2024/04/15, 05:38:48.807,35.953,-75.122, 0.97,204.4,92.02,0.06,16.0,16.0,1011.9,1011.9,0.0,0.0,85.09,78.49,13,7,10.9,10.5,77.5,77.5,10.9,10.5,217.4,211.4,1014.0,1014.0,-6.29,342.92,-0.01,30.8002,11.9629,302.5,54.8,1491.765, NAN, NAN, NAN, NAN,,2024/04/15 05:38:48.807,2024-04-15 05:38:48.807000+00:00
2024/04/15, 05:39:48.807,35.953,-75.122, 0.98,204.27,294.87,0.46,15.9,15.9,1011.9,1011.9,0.0,0.0,85.09,78.49,13,8,11.1,10.6,78.0,77.9,11.0,10.6,216.1,211.0,1014.0,1014.0,-6.33,342.95,-0.01,30.7981,11.9566,302.5,55.0,1491.741, NAN, NAN, NAN, NAN,,2024/04/15 05:39:48.807,2024-04-15 05:39:48.807000+00:00
2024/04/15, 05:40:48.807,35.953,-75.122, 0.99,203.81,303.76,0.07,15.9,15.9,1011.9,1012.0,0.0,0.0,85.09,78.49,12,7,11.2,10.7,78.0,78.0,11.2,10.7,215.6,210.6,1014.0,1014.1,-6.36,343.39,-0.02,30.7967,11.9636,303.5,55.1,1491.764, NAN, NAN, NAN, NAN,,2024/04/15 05:40:48.807,2024-04-15 05:40:48.807000+00:00
2024/04/15, 05:41:48.807,35.953,-75.122, 0.88,204.35,258.66,0.05,15.9,15.9,1011.9,1011.9,0.0,0.0,85.09,78.49,12,6,11.3,10.5,78.3,78.4,11.3,10.5,216.2,210.2,1014.0,1014.0,-6.3,343.49,-0.02,30.7979,11.9636,303.2,55.1,1491.765, NAN, NAN, NAN, NAN,,2024/04/15 05:41:48.807,2024-04-15 05:41:48.807000+00:00
2024/04/15, 05:42:48.807,35.953,-75.122, 0.97,203.62,2.35,0.13,15.9,15.9,1011.9,1011.8,0.0,0.0,85.09,78.49,11,4,10.7,10.2,78.6,78.7,10.7,10.2,214.4,207.4,1014.0,1013.9,-6.35,343.11,-0.01,30.7972,11.9632,303.5,55.0,1491.763, NAN, NAN, NAN, NAN,,2024/04/15 05:42:48.807,2024-04-15 05:42:48.807000+00:00
2024/04/15, 05:43:48.807,35.953,-75.122, 0.91,204.62,300.23,0.13,15.9,15.9,1011.8,1011.8,0.0,0.0,85.09,78.49,11,5,10.6,10.5,78.8,78.9,10.6,10.5,215.3,209.3,1013.9,1013.9,-6.29,343.05,-0.01,30.7993,11.9538,303.8,55.0,1491.733, NAN, NAN, NAN, NAN,,2024/04/15 05:43:48.807,2024-04-15 05:43:48.807000+00:00
2024/04/15, 05:44:48.808,35.953,-75.122, 0.95,203.55,114.97,0.3,15.8,15.8,1011.8,1011.8,0.0,0.0,85.09,78.49,12,8,10.5,10.1,79.0,79.0,10.5,10.1,216.4,212.4,1013.9,1013.9,-6.29,342.84,-0.01,30.7986,11.9491,304.4,54.9,1491.716, NAN, NAN, NAN, NAN,,2024/04/15 05:44:48.808,2024-04-15 05:44:48.808000+00:00
2024/04/15, 05:45:48.808,35.953,-75.122, 0.90,203.74,114.73,0.29,15.8,15.8,1011.9,1011.7,0.0,0.0,85.09,78.49,12,6,10.4,10.5,79.3,79.4,10.4,10.5,216.5,210.5,1014.0,1013.8,-6.35,342.75,-0.01,30.7966,11.9406,303.5,55.0,1491.684, NAN, NAN, NAN, NAN,,2024/04/15 05:45:48.808,2024-04-15 05:45:48.808000+00:00
2024/04/15, 05:46:48.808,35.953,-75.122, 0.96,203.5,130.62,0.02,15.7,15.8,1011.8,1011.9,0.0,0.0,85.09,78.49,12,6,10.9,10.5,79.7,79.4,10.9,10.5,215.5,209.5,1013.9,1014.0,-6.32,342.86,-0.01,30.7958,11.9355,303.5,55.0,1491.665, NAN, NAN, NAN, NAN,,2024/04/15 05:46:48.808,2024-04-15 05:46:48.808000+00:00
2024/04/15, 05:47:48.808,35.953,-75.122, 0.89,203.94,263.87,0.02,15.6,15.7,1011.8,1011.8,0.0,0.0,85.09,78.49,14,8,10.7,10.1,80.4,80.4,10.7,10.1,217.9,211.9,1013.9,1013.9,-6.42,342.52,-0.01,30.7948,11.931,303.2,55.0,1491.649, NAN, NAN, NAN, NAN,,2024/04/15 05:47:48.808,2024-04-15 05:47:48.808000+00:00
2024/04/15, 05:48:48.808,35.953,-75.122, 0.97,204.35,299.81,0.16,15.6,15.7,1011.8,1011.8,0.0,0.0,85.09,78.49,14,8,10.8,10.4,80.9,80.4,10.8,10.4,217.9,211.9,1013.9,1013.9,-6.39,342.6,-0.01,30.7945,11.9255,303.8,55.0,1491.629, NAN, NAN, NAN, NAN,,2024/04/15 05:48:48.808,2024-04-15 05:48:48.808000+00:00
2024/04/15, 05:49:48.808,35.953,-75.122, 0.88,204.03,321.69,0.08,15.5,15.6,1011.6,1011.8,0.0,0.0,85.09,78.49,15,9,10.2,10.0,81.1,81.1,10.2,10.0,218.8,212.8,1013.7,1013.9,-6.35,343.11,-0.02,30.7952,11.9154,304.6,55.0,1491.595, NAN, NAN, NAN, NAN,,2024/04/15 05:49:48.808,2024-04-15 05:49:48.808000+00:00
2024/04/15, 05:50:48.808,35.953,-75.122, 1.01,203.35,123.96,0.22,15.5,15.5,1011.8,1011.8,0.0,0.0,85.09,78.49,14,9,11.1,10.4,81.6,81.5,11.1,10.4,217.9,213.0,1013.9,1013.9,-6.47,344.02,-0.01,30.7956,11.9137,304.6,55.0,1491.59, NAN, NAN, NAN, NAN,,2024/04/15 05:50:48.808,2024-04-15 05:50:48.808000+00:00
2024/04/15, 05:51:48.808,35.953,-75.122, 0.84,203.84,309.98,0.06,15.5,15.5,1011.9,1011.7,0.0,0.0,85.09,78.49,14,9,11.2,10.8,82.0,82.1,11.2,10.8,217.7,212.7,1014.0,1013.8,-6.39,343.95,-0.01,30.7964,11.9106,304.6,55.1,1491.58, NAN, NAN, NAN, NAN,,2024/04/15 05:51:48.808,2024-04-15 05:51:48.808000+00:00
2024/04/15, 05:52:48.808,35.953,-75.122, 0.90,204.04,268.36,0.05,15.5,15.5,1011.7,1011.8,0.0,0.0,85.09,78.49,14,8,11.0,10.5,82.0,82.2,11.0,10.5,218.1,212.1,1013.8,1013.9,-6.32,344.0,-0.01,30.7942,11.9078,303.8,55.0,1491.568, NAN, NAN, NAN, NAN,,2024/04/15 05:52:48.808,2024-04-15 05:52:48.808000+00:00
2024/04/15, 05:53:48.808,35.953,-75.122, 0.87,204.13,108.63,0.38,15.5,15.5,1011.8,1011.8,0.0,0.0,85.09,78.49,15,8,10.6,10.4,82.1,82.3,10.7,10.4,220.1,213.2,1013.9,1013.9,-6.34,343.66,-0.01,30.7941,11.905,304.4,55.0,1491.558, NAN, NAN, NAN, NAN,,2024/04/15 05:53:48.808,2024-04-15 05:53:48.808000+00:00
2024/04/15, 05:54:48.808,35.953,-75.122, 0.98,203.69,332.54,0.01,15.5,15.5,1011.8,1011.7,0.0,0.0,85.09,78.49,15,9,10.9,10.6,82.1,82.3,10.9,10.6,218.7,212.7,1013.9,1013.8,-6.33,344.23,-0.01,30.7908,11.9036,303.8,55.1,1491.549, NAN, NAN, NAN, NAN,,2024/04/15 05:54:48.808,2024-04-15 05:54:48.808000+00:00
2024/04/15, 05:55:48.808,35.953,-75.122, 0.87,203.58,133.27,0.02,15.5,15.5,1011.8,1011.7,0.0,0.0,85.09,78.49,13,8,10.9,10.5,82.4,82.5,10.9,10.5,216.6,211.6,1013.9,1013.8,-6.3,343.77,-0.02,30.7883,11.9023,304.9,55.1,1491.542, NAN, NAN, NAN, NAN,,2024/04/15 05:55:48.808,2024-04-15 05:55:48.808000+00:00
2024/04/15, 05:56:48.808,35.953,-75.122, 1.06,203.09,111.8,0.24,15.5,15.5,1011.7,1011.8,0.0,0.0,85.09,78.49,14,9,10.9,10.5,82.4,82.6,10.9,10.5,217.7,212.8,1013.8,1013.9,-6.32,344.22,-0.01,30.7874,11.9009,305.9,55.0,1491.536, NAN, NAN, NAN, NAN,,2024/04/15 05:56:48.808,2024-04-15 05:56:48.808000+00:00
2024/04/15, 05:57:48.808,35.953,-75.122, 0.94,203.61,130.69,0.17,15.5,15.5,1011.6,1011.8,0.0,0.0,85.09,78.49,15,10,11.1,10.7,82.7,82.8,11.1,10.7,219.1,214.1,1013.7,1013.9,-6.36,344.04,-0.01,30.7882,11.8986,307.2,55.0,1491.529, NAN, NAN, NAN, NAN,,2024/04/15 05:57:48.808,2024-04-15 05:57:48.808000+00:00
2024/04/15, 05:58:48.808,35.953,-75.122, 0.90,204.28,288.0,0.59,15.5,15.5,1011.6,1011.7,0.0,0.0,85.09,78.49,14,11,11.2,10.4,83.0,83.1,11.1,10.3,216.8,213.7,1013.7,1013.8,-6.34,344.54,-0.01,30.7857,11.8959,305.9,55.0,1491.516, NAN, NAN, NAN, NAN,,2024/04/15 05:58:48.808,2024-04-15 05:58:48.808000+00:00
2024/04/15, 05:59:48.808,35.953,-75.122, 0.89,204.41,275.58,0.12,15.5,15.5,1011.8,1011.5,0.0,0.0,85.09,78.49,14,10,10.9,10.3,82.9,83.0,10.9,10.3,218.1,214.1,1013.9,1013.6,-6.32,344.71,-0.02,30.7854,11.8971,306.5,55.0,1491.52, NAN, NAN, NAN, NAN,,2024/04/15 05:59:48.808,2024-04-15 05:59:48.808000+00:00
2024/04/15, 06:00:48.809,35.953,-75.122, 0.99,203.93,130.66,0.07,15.5,15.5,1011.8,1011.8,0.0,0.0,85.09,78.49,16,11,11.0,10.9,82.9,83.0,11.0,10.9,219.8,214.7,1013.9,1013.9,-6.32,344.3,-0.01,30.7845,11.8957,305.9,54.9,1491.514, NAN, NAN, NAN, NAN,,2024/04/15 06:00:48.809,2024-04-15 06:00:48.809000+00:00
2024/04/15, 06:01:48.809,35.953,-75.122, 0.88,203.29,285.38,0.03,15.5,15.5,1011.8,1011.8,0.0,0.0,85.09,78.49,16,11,10.8,10.5,83.0,83.2,10.8,10.5,219.2,214.2,1013.9,1013.9,-6.34,344.4,-0.01,30.7812,11.8948,306.2,55.0,1491.507, NAN, NAN, NAN, NAN,,2024/04/15 06:01:48.809,2024-04-15 06:01:48.809000+00:00
2024/04/15, 06:02:48.809,35.953,-75.122, 0.85,204.23,316.55,0.02,15.5,15.5,1011.7,1011.8,0.0,0.0,85.09,78.49,16,11,11.0,10.4,83.2,83.4,11.0,10.4,220.2,215.2,1013.8,1013.9,-6.23,344.47,-0.01,30.7799,11.8946,307.5,55.1,1491.505, NAN, NAN, NAN, NAN,,2024/04/15 06:02:48.809,2024-04-15 06:02:48.809000+00:00
2024/04/15, 06:03:48.809,35.953,-75.122, 0.93,204.1,316.54,0.08,15.5,15.5,1011.8,1011.6,0.0,0.0,85.09,78.49,16,10,11.1,10.6,83.4,83.4,11.1,10.6,220.1,214.1,1013.9,1013.7,-6.29,344.54,-0.01,30.778,11.8924,306.5,55.1,1491.495, NAN, NAN, NAN, NAN,,2024/04/15 06:03:48.809,2024-04-15 06:03:48.809000+00:00
2024/04/15, 06:04:48.809,35.953,-75.122, 0.92,204.1,91.95,0.15,15.4,15.5,1011.5,1011.8,0.0,0.0,85.09,78.49,16,10,11.2,10.8,83.4,83.6,11.2,10.8,220.4,214.4,1013.6,1013.9,-6.35,344.62,-0.01,30.7752,11.8911,306.5,55.1,1491.487, NAN, NAN, NAN, NAN,,2024/04/15 06:04:48.809,2024-04-15 06:04:48.809000+00:00
2024/04/15, 06:05:48.809,35.953,-75.122, 0.92,203.7,274.2,0.04,15.5,15.5,1011.7,1011.6,0.0,0.0,85.09,78.49,17,12,11.0,10.5,83.4,83.5,11.0,10.5,220.6,215.6,1013.8,1013.7,-6.29,344.68,-0.01,30.7727,11.8853,307.5,55.2,1491.464, NAN, NAN, NAN, NAN,,2024/04/15 06:05:48.809,2024-04-15 06:05:48.809000+00:00
2024/04/15, 06:06:48.809,35.953,-75.122, 0.96,203.71,126.29,0.14,15.5,15.4,1011.6,1011.7,0.0,0.0,85.09,78.49,17,12,10.9,10.2,83.4,83.5,10.9,10.2,221.1,216.1,1013.7,1013.8,-6.36,344.54,-0.01,30.7723,11.8831,306.8,55.1,1491.456, NAN, NAN, NAN, NAN,,2024/04/15 06:06:48.809,2024-04-15 06:06:48.809000+00:00
2024/04/15, 06:07:48.809,35.953,-75.122, 0.93,203.52,147.49,0.05,15.4,15.4,1011.6,1011.6,0.0,0.0,85.09,78.49,17,12,10.8,10.3,83.6,83.7,10.8,10.3,220.5,215.5,1013.7,1013.7,-6.27,344.6,-0.01,30.7707,11.8792,306.8,55.2,1491.44, NAN, NAN, NAN, NAN,,2024/04/15 06:07:48.809,2024-04-15 06:07:48.809000+00:00
2024/04/15, 06:08:48.809,35.953,-75.122, 0.92,203.5,129.04,0.06,15.4,15.4,1011.5,1011.6,0.0,0.0,85.09,78.49,16,11,11.0,10.4,83.6,83.8,11.0,10.4,219.7,214.7,1013.6,1013.7,-6.36,344.96,-0.02,30.7685,11.8748,306.8,55.1,1491.423, NAN, NAN, NAN, NAN,,2024/04/15 06:08:48.809,2024-04-15 06:08:48.809000+00:00
2024/04/15, 06:09:48.809,35.953,-75.122, 0.89,204.1,300.63,0.18,15.5,15.5,1011.5,1011.6,0.0,0.0,85.09,78.49,15,11,10.6,10.5,83.7,83.7,10.6,10.5,218.6,214.6,1013.6,1013.7,-6.33,344.49,-0.02,30.7681,11.8724,307.2,55.1,1491.414, NAN, NAN, NAN, NAN,,2024/04/15 06:09:48.809,2024-04-15 06:09:48.809000+00:00
2024/04/15, 06:10:48.809,35.953,-75.122, 0.92,203.64,111.41,0.12,15.5,15.5,1011.6,1011.5,0.0,0.0,85.09,78.49,16,10,10.7,10.3,83.5,83.6,10.7,10.3,219.8,213.9,1013.7,1013.6,-6.39,344.54,-0.01,30.7665,11.8684,307.2,55.0,1491.398, NAN, NAN, NAN, NAN,,2024/04/15 06:10:48.809,2024-04-15 06:10:48.809000+00:00
2024/04/15, 06:11:48.809,35.953,-75.122, 0.86,204.06,110.89,0.11,15.5,15.5,1011.6,1011.7,0.0,0.0,85.09,78.49,15,9,10.5,10.1,83.7,83.7,10.5,10.1,219.3,213.3,1013.7,1013.8,-6.33,344.83,-0.01,30.7652,11.8638,306.2,55.0,1491.381, NAN, NAN, NAN, NAN,,2024/04/15 06:11:48.809,2024-04-15 06:11:48.809000+00:00
2024/04/15, 06:12:48.809,35.953,-75.122, 0.88,203.55,16.61,0.1,15.5,15.5,1011.6,1011.6,0.0,0.0,85.09,78.49,16,10,10.1,9.9,83.9,83.7,10.1,9.9,219.8,213.8,1013.7,1013.7,-6.25,344.6,-0.01,30.7639,11.863,308.0,55.1,1491.376, NAN, NAN, NAN, NAN,,2024/04/15 06:12:48.809,2024-04-15 06:12:48.809000+00:00
2024/04/15, 06:13:48.809,35.953,-75.122, 0.90,204.73,295.83,0.07,15.5,15.5,1011.6,1011.5,0.0,0.0,85.09,78.49,16,11,10.3,9.8,83.9,84.0,10.3,9.8,220.5,215.5,1013.7,1013.6,-6.33,344.69,-0.02,30.7641,11.8635,307.5,55.0,1491.378, NAN, NAN, NAN, NAN,,2024/04/15 06:13:48.809,2024-04-15 06:13:48.809000+00:00
2024/04/15, 06:14:48.809,35.953,-75.122, 0.92,204.47,268.14,0.67,15.5,15.5,1011.6,1011.6,0.0,0.0,85.09,78.49,15,11,10.3,10.0,83.8,84.0,10.2,9.9,217.6,213.5,1013.7,1013.7,-6.31,344.61,-0.02,30.7613,11.861,307.5,55.0,1491.366, NAN, NAN, NAN, NAN,,2024/04/15 06:14:48.809,2024-04-15 06:14:48.809000+00:00
2024/04/15, 06:15:48.809,35.953,-75.122, 0.85,203.52,100.14,0.12,15.5,15.5,1011.6,1011.6,0.0,0.0,85.09,78.49,14,9,10.4,10.0,83.7,83.8,10.4,10.0,217.8,212.8,1013.7,1013.7,-6.32,344.7,-0.01,30.7593,11.8602,308.3,55.1,1491.361, NAN, NAN, NAN, NAN,,2024/04/15 06:15:48.809,2024-04-15 06:15:48.809000+00:00
2024/04/15, 06:16:48.810,35.953,-75.122, 0.90,203.85,96.06,0.05,15.5,15.5,1011.6,1011.6,0.0,0.0,85.09,78.49,15,9,10.4,9.8,83.7,83.8,10.4,9.8,218.8,212.7,1013.7,1013.7,-6.3,344.73,-0.01,30.7577,11.8571,307.8,55.0,1491.348, NAN, NAN, NAN, NAN,,2024/04/15 06:16:48.810,2024-04-15 06:16:48.810000+00:00
2024/04/15, 06:17:48.810,35.953,-75.122, 0.95,203.53,93.38,0.11,15.5,15.5,1011.6,1011.6,0.0,0.0,85.09,78.49,15,10,10.3,9.6,83.8,83.8,10.3,9.6,218.8,213.9,1013.7,1013.7,-6.31,344.61,-0.02,30.7573,11.858,308.3,55.2,1491.351, NAN, NAN, NAN, NAN,,2024/04/15 06:17:48.810,2024-04-15 06:17:48.810000+00:00
2024/04/15, 06:18:48.810,35.953,-75.122, 0.91,204.21,263.62,0.11,15.5,15.5,1011.6,1011.6,0.0,0.0,85.09,78.49,13,8,10.5,9.9,83.8,83.9,10.5,9.9,216.9,211.9,1013.7,1013.7,-6.32,344.75,-0.01,30.7576,11.8576,308.0,55.1,1491.35, NAN, NAN, NAN, NAN,,2024/04/15 06:18:48.810,2024-04-15 06:18:48.810000+00:00
2024/04/15, 06:19:48.810,35.953,-75.122, 0.86,203.66,111.85,0.04,15.5,15.5,1011.6,1011.6,0.0,0.0,85.09,78.49,14,8,10.1,9.8,83.7,83.8,10.1,9.8,217.7,211.8,1013.7,1013.7,-6.26,344.15,-0.01,30.754,11.8602,307.5,55.2,1491.355, NAN, NAN, NAN, NAN,,2024/04/15 06:19:48.810,2024-04-15 06:19:48.810000+00:00
2024/04/15, 06:20:48.810,35.953,-75.122, 0.90,203.36,59.39,0.18,15.5,15.5,1011.6,1011.6,0.0,0.0,85.09,78.49,14,9,9.8,9.8,83.8,83.7,9.8,9.8,217.9,212.9,1013.7,1013.7,-6.35,344.16,-0.01,30.754,11.8599,307.8,55.2,1491.354, NAN, NAN, NAN, NAN,,2024/04/15 06:20:48.810,2024-04-15 06:20:48.810000+00:00
2024/04/15, 06:21:48.810,35.953,-75.122, 0.90,203.5,161.27,0.14,15.5,15.4,1011.6,1011.5,0.0,0.0,85.09,78.49,13,9,9.8,9.4,83.8,83.9,9.8,9.4,216.1,212.1,1013.7,1013.6,-6.34,343.84,-0.02,30.7515,11.8599,308.0,55.2,1491.351, NAN, NAN, NAN, NAN,,2024/04/15 06:21:48.810,2024-04-15 06:21:48.810000+00:00
2024/04/15, 06:22:48.810,35.953,-75.122, 0.92,203.38,106.47,0.13,15.4,15.4,1011.5,1011.5,0.0,0.0,85.09,78.49,13,7,10.0,9.5,84.1,84.0,10.0,9.5,216.0,210.0,1013.6,1013.6,-6.38,344.14,-0.01,30.749,11.8617,308.6,55.2,1491.354, NAN, NAN, NAN, NAN,,2024/04/15 06:22:48.810,2024-04-15 06:22:48.810000+00:00
2024/04/15, 06:23:48.810,35.953,-75.122, 0.88,203.74,115.66,0.01,15.3,15.4,1011.6,1011.5,0.0,0.0,85.09,78.49,13,7,9.8,9.4,84.1,84.2,9.8,9.4,216.7,210.7,1013.7,1013.6,-6.41,344.15,-0.02,30.748,11.8627,308.0,55.2,1491.356, NAN, NAN, NAN, NAN,,2024/04/15 06:23:48.810,2024-04-15 06:23:48.810000+00:00
2024/04/15, 06:24:48.810,35.953,-75.122, 0.87,203.95,86.11,0.14,15.3,15.3,1011.5,1011.5,0.0,0.0,85.09,78.49,13,7,9.9,9.6,84.4,84.5,9.9,9.6,217.3,211.3,1013.6,1013.6,-6.41,344.19,-0.01,30.748,11.865,308.3,55.2,1491.364, NAN, NAN, NAN, NAN,,2024/04/15 06:24:48.810,2024-04-15 06:24:48.810000+00:00
2024/04/15, 06:25:48.810,35.953,-75.122, 0.90,203.72,284.36,0.35,15.3,15.3,1011.6,1011.5,0.0,0.0,85.09,78.49,14,8,9.6,9.6,84.4,84.5,9.5,9.6,216.7,210.7,1013.7,1013.6,-6.38,344.07,-0.01,30.7466,11.867,308.0,55.2,1491.369, NAN, NAN, NAN, NAN,,2024/04/15 06:25:48.810,2024-04-15 06:25:48.810000+00:00
2024/04/15, 06:26:48.810,35.953,-75.122, 0.86,203.18,110.44,0.03,15.3,15.3,1011.4,1011.6,0.0,0.0,85.09,78.49,13,7,10.2,9.5,84.2,84.3,10.2,9.5,216.1,210.1,1013.5,1013.7,-6.4,344.09,-0.01,30.7447,11.8656,308.6,55.1,1491.362, NAN, NAN, NAN, NAN,,2024/04/15 06:26:48.810,2024-04-15 06:26:48.810000+00:00
2024/04/15, 06:27:48.810,35.953,-75.122, 0.85,203.98,211.26,0.14,15.3,15.3,1011.5,1011.5,0.0,0.0,85.09,78.49,13,8,9.9,9.5,84.2,84.3,9.8,9.4,216.8,211.8,1013.6,1013.6,-6.35,343.95,-0.02,30.7436,11.8655,308.3,55.2,1491.361, NAN, NAN, NAN, NAN,,2024/04/15 06:27:48.810,2024-04-15 06:27:48.810000+00:00
2024/04/15, 06:28:48.810,35.953,-75.122, 0.90,204.35,346.7,0.08,15.3,15.3,1011.3,1011.5,0.0,0.0,85.09,78.49,14,8,10.1,9.8,84.0,84.2,10.1,9.8,218.1,212.1,1013.4,1013.6,-6.32,344.24,-0.01,30.7428,11.8695,308.6,55.2,1491.374, NAN, NAN, NAN, NAN,,2024/04/15 06:28:48.810,2024-04-15 06:28:48.810000+00:00
2024/04/15, 06:29:48.810,35.953,-75.122, 0.92,203.19,158.24,0.13,15.3,15.3,1011.5,1011.5,0.0,0.0,85.09,78.49,13,8,10.1,9.6,83.8,84.0,10.1,9.6,215.8,210.8,1013.6,1013.6,-6.32,344.38,-0.02,30.7416,11.8709,308.6,55.1,1491.377, NAN, NAN, NAN, NAN,,2024/04/15 06:29:48.810,2024-04-15 06:29:48.810000+00:00
2024/04/15, 06:30:48.810,35.953,-75.122, 0.90,204.57,13.83,0.2,15.3,15.3,1011.5,1011.4,0.0,0.0,85.09,78.49,14,8,9.9,9.6,83.8,83.9,9.9,9.6,218.0,212.0,1013.6,1013.5,-6.32,343.94,-0.01,30.7402,11.873,308.3,55.2,1491.383, NAN, NAN, NAN, NAN,,2024/04/15 06:30:48.810,2024-04-15 06:30:48.810000+00:00
2024/04/15, 06:31:48.810,35.953,-75.122, 0.87,203.92,94.96,0.13,15.3,15.3,1011.5,1011.4,0.0,0.0,85.09,78.49,14,7,10.0,9.7,83.6,83.6,10.0,9.7,218.3,211.3,1013.6,1013.5,-6.32,343.79,-0.02,30.739,11.8767,308.3,55.2,1491.394, NAN, NAN, NAN, NAN,,2024/04/15 06:31:48.810,2024-04-15 06:31:48.810000+00:00
2024/04/15, 06:32:48.810,35.953,-75.122, 0.83,204.08,313.03,0.05,15.4,15.4,1011.5,1011.4,0.0,0.0,85.09,78.49,14,8,10.4,10.0,83.4,83.5,10.4,10.0,218.1,212.1,1013.6,1013.5,-6.33,343.96,-0.02,30.737,11.8787,308.0,55.3,1491.398, NAN, NAN, NAN, NAN,,2024/04/15 06:32:48.810,2024-04-15 06:32:48.810000+00:00
2024/04/15, 06:33:48.811,35.953,-75.122, 0.85,204.0,355.26,0.21,15.4,15.4,1011.4,1011.3,0.0,0.0,85.09,78.49,14,8,10.3,9.7,83.3,83.3,10.3,9.7,218.6,212.6,1013.5,1013.4,-6.26,344.27,-0.02,30.7382,11.8758,308.9,55.3,1491.39, NAN, NAN, NAN, NAN,,2024/04/15 06:33:48.811,2024-04-15 06:33:48.811000+00:00
2024/04/15, 06:34:48.811,35.953,-75.122, 0.76,203.63,114.14,0.37,15.4,15.4,1011.4,1011.3,0.0,0.0,85.09,78.49,16,9,10.8,10.2,83.3,83.2,10.9,10.2,220.6,213.7,1013.5,1013.4,-6.28,344.73,-0.02,30.7383,11.8756,309.2,55.3,1491.389, NAN, NAN, NAN, NAN,,2024/04/15 06:34:48.811,2024-04-15 06:34:48.811000+00:00
2024/04/15, 06:35:48.811,35.953,-75.122, 0.80,204.2,280.8,0.11,15.4,15.4,1011.3,1011.3,0.0,0.0,85.09,78.49,16,9,10.6,10.1,82.7,82.7,10.6,10.1,220.5,213.5,1013.4,1013.4,-6.21,344.55,-0.01,30.7353,11.867,309.2,55.3,1491.356, NAN, NAN, NAN, NAN,,2024/04/15 06:35:48.811,2024-04-15 06:35:48.811000+00:00
2024/04/15, 06:36:48.811,35.953,-75.122, 0.83,204.47,303.58,0.37,15.5,15.5,1011.3,1011.3,0.0,0.0,85.09,78.49,16,9,10.6,10.4,82.3,82.3,10.5,10.4,219.5,212.4,1013.4,1013.4,-6.27,344.09,-0.01,30.7334,11.8614,308.3,55.4,1491.334, NAN, NAN, NAN, NAN,,2024/04/15 06:36:48.811,2024-04-15 06:36:48.811000+00:00
2024/04/15, 06:37:48.811,35.953,-75.122, 0.84,204.11,74.53,0.08,15.5,15.5,1011.3,1011.3,0.0,0.0,85.09,78.49,15,9,10.7,10.1,82.0,82.0,10.7,10.1,219.3,213.3,1013.4,1013.4,-6.16,344.14,-0.01,30.7329,11.8619,309.9,55.4,1491.335, NAN, NAN, NAN, NAN,,2024/04/15 06:37:48.811,2024-04-15 06:37:48.811000+00:00
2024/04/15, 06:38:48.811,35.953,-75.122, 0.81,204.07,92.83,0.35,15.5,15.5,1011.4,1011.2,0.0,0.0,85.09,78.49,16,11,10.6,10.5,81.8,81.8,10.7,10.6,220.9,216.0,1013.5,1013.3,-6.26,344.09,-0.01,30.7306,11.8588,307.5,55.4,1491.322, NAN, NAN, NAN, NAN,,2024/04/15 06:38:48.811,2024-04-15 06:38:48.811000+00:00
2024/04/15, 06:39:48.811,35.953,-75.122, 0.85,203.67,120.28,0.13,15.5,15.6,1011.2,1011.2,0.0,0.0,85.09,78.49,17,12,10.6,10.4,81.7,81.5,10.6,10.4,220.3,215.3,1013.3,1013.3,-6.3,344.31,-0.02,30.7315,11.8521,308.9,55.3,1491.3, NAN, NAN, NAN, NAN,,2024/04/15 06:39:48.811,2024-04-15 06:39:48.811000+00:00
2024/04/15, 06:40:48.811,35.953,-75.122, 0.76,204.85,296.57,0.27,15.6,15.6,1011.3,1011.3,0.0,0.0,85.09,78.49,16,10,10.6,10.2,81.0,81.1,10.6,10.2,220.1,214.1,1013.4,1013.4,-6.22,344.38,-0.01,30.7299,11.8444,310.2,55.2,1491.271, NAN, NAN, NAN, NAN,,2024/04/15 06:40:48.811,2024-04-15 06:40:48.811000+00:00
2024/04/15, 06:41:48.811,35.953,-75.122, 0.79,203.57,282.29,0.04,15.6,15.6,1011.2,1011.3,0.0,0.0,85.09,78.49,17,12,11.0,10.7,81.0,81.0,11.0,10.7,220.7,215.7,1013.3,1013.4,-6.17,344.37,-0.01,30.7293,11.8402,312.3,55.1,1491.256, NAN, NAN, NAN, NAN,,2024/04/15 06:41:48.811,2024-04-15 06:41:48.811000+00:00
2024/04/15, 06:42:48.811,35.953,-75.122, 0.80,204.14,103.37,0.15,15.7,15.7,1011.2,1011.2,0.0,0.0,85.09,78.49,17,11,11.0,10.5,80.7,80.7,11.0,10.5,221.5,215.6,1013.3,1013.3,-6.23,344.34,-0.01,30.7276,11.8408,311.3,55.2,1491.256, NAN, NAN, NAN, NAN,,2024/04/15 06:42:48.811,2024-04-15 06:42:48.811000+00:00
2024/04/15, 06:43:48.811,35.953,-75.122, 0.84,203.94,273.43,0.09,15.7,15.7,1011.2,1011.2,0.0,0.0,85.09,78.49,17,12,10.9,10.6,80.4,80.4,10.9,10.6,220.7,215.7,1013.3,1013.3,-6.29,344.37,-0.01,30.726,11.8411,310.8,55.1,1491.255, NAN, NAN, NAN, NAN,,2024/04/15 06:43:48.811,2024-04-15 06:43:48.811000+00:00
2024/04/15, 06:44:48.811,35.953,-75.122, 0.80,203.45,229.22,0.04,15.7,15.8,1011.2,1011.3,0.0,0.0,85.09,78.49,17,13,10.7,10.6,80.0,80.0,10.7,10.6,220.4,216.4,1013.3,1013.4,-6.15,344.07,-0.01,30.7267,11.8408,311.2,55.1,1491.255, NAN, NAN, NAN, NAN,,2024/04/15 06:44:48.811,2024-04-15 06:44:48.811000+00:00
2024/04/15, 06:45:48.811,35.953,-75.122, 0.78,203.86,157.86,0.18,15.8,15.8,1011.2,1011.3,0.0,0.0,85.09,78.49,17,12,11.3,10.8,79.8,79.9,11.3,10.8,221.3,216.3,1013.3,1013.4,-6.17,344.28,-0.01,30.7243,11.8373,313.2,55.1,1491.24, NAN, NAN, NAN, NAN,,2024/04/15 06:45:48.811,2024-04-15 06:45:48.811000+00:00
2024/04/15, 06:46:48.811,35.953,-75.122, 0.84,203.37,112.98,0.23,15.8,15.8,1011.2,1011.2,0.0,0.0,85.09,78.49,18,11,11.0,10.6,79.8,79.7,11.1,10.6,221.9,215.0,1013.3,1013.3,-6.14,344.44,-0.01,30.7236,11.8309,312.3,55.0,1491.217, NAN, NAN, NAN, NAN,,2024/04/15 06:46:48.811,2024-04-15 06:46:48.811000+00:00
2024/04/15, 06:47:48.811,35.953,-75.122, 0.81,203.59,127.81,0.26,15.8,15.8,1011.2,1011.2,0.0,0.0,85.09,78.49,18,13,10.4,10.1,79.4,79.5,10.4,10.1,222.3,217.3,1013.3,1013.3,-6.17,343.45,-0.01,30.722,11.8259,312.3,54.9,1491.197, NAN, NAN, NAN, NAN,,2024/04/15 06:47:48.811,2024-04-15 06:47:48.811000+00:00
2024/04/15, 06:48:48.811,35.953,-75.122, 0.84,204.19,299.82,0.15,15.8,15.8,1011.3,1011.2,0.0,0.0,85.09,78.49,17,12,11.1,10.3,79.3,79.4,11.1,10.3,220.8,215.8,1013.4,1013.3,-6.21,344.0,-0.01,30.7225,11.821,312.9,54.8,1491.181, NAN, NAN, NAN, NAN,,2024/04/15 06:48:48.811,2024-04-15 06:48:48.811000+00:00
2024/04/15, 06:49:48.812,35.953,-75.122, 0.80,203.88,291.11,0.08,15.8,15.8,1011.1,1011.2,0.0,0.0,85.09,78.49,17,12,10.9,10.3,79.6,79.6,10.9,10.3,220.7,215.7,1013.2,1013.3,-6.28,344.03,-0.01,30.72,11.8181,311.6,54.9,1491.168, NAN, NAN, NAN, NAN,,2024/04/15 06:49:48.812,2024-04-15 06:49:48.812000+00:00
2024/04/15, 06:50:48.812,35.953,-75.122, 0.74,204.77,238.92,0.13,15.8,15.8,1011.2,1011.2,0.0,0.0,85.09,78.49,16,12,10.6,10.2,79.6,79.6,10.5,10.1,220.7,216.7,1013.3,1013.3,-6.17,343.8,-0.01,30.7193,11.8182,312.9,54.9,1491.167, NAN, NAN, NAN, NAN,,2024/04/15 06:50:48.812,2024-04-15 06:50:48.812000+00:00
2024/04/15, 06:51:48.812,35.953,-75.122, 0.82,203.25,98.83,0.34,15.8,15.8,1011.2,1011.2,0.0,0.0,85.09,78.49,18,13,10.7,10.2,79.5,79.6,10.8,10.3,222.1,217.1,1013.3,1013.3,-6.29,343.78,-0.01,30.7204,11.8171,312.6,54.9,1491.165, NAN, NAN, NAN, NAN,,2024/04/15 06:51:48.812,2024-04-15 06:51:48.812000+00:00
2024/04/15, 06:52:48.812,35.953,-75.122, 0.83,203.79,280.2,0.41,15.8,15.8,1011.2,1011.2,0.0,0.0,85.09,78.49,19,13,10.8,10.3,79.4,79.5,10.7,10.2,221.8,215.7,1013.3,1013.3,-6.25,344.35,-0.01,30.7188,11.817,313.9,54.9,1491.163, NAN, NAN, NAN, NAN,,2024/04/15 06:52:48.812,2024-04-15 06:52:48.812000+00:00
2024/04/15, 06:53:48.812,35.953,-75.122, 0.78,204.08,294.28,0.51,15.8,15.8,1011.1,1011.3,0.0,0.0,85.09,78.49,18,13,10.5,10.0,79.3,79.5,10.4,9.9,220.7,215.6,1013.2,1013.4,-6.25,343.77,-0.01,30.7179,11.8162,313.9,55.5,1491.159, NAN, NAN, NAN, NAN,,2024/04/15 06:53:48.812,2024-04-15 06:53:48.812000+00:00
2024/04/15, 06:54:48.812,35.953,-75.122, 0.75,203.99,291.81,0.1,15.8,15.8,1011.1,1011.2,0.0,0.0,85.09,78.49,18,13,10.5,10.2,79.3,79.4,10.5,10.2,221.7,216.7,1013.2,1013.3,-6.27,343.91,-0.01,30.7174,11.8143,313.6,55.0,1491.152, NAN, NAN, NAN, NAN,,2024/04/15 06:54:48.812,2024-04-15 06:54:48.812000+00:00
2024/04/15, 06:55:48.812,35.953,-75.122, 0.79,204.01,96.97,0.05,15.8,15.8,1011.2,1011.1,0.0,0.0,85.09,78.49,17,12,10.1,9.9,79.2,79.3,10.1,9.9,221.1,216.1,1013.3,1013.2,-6.28,343.59,-0.01,30.716,11.8145,313.6,55.1,1491.151, NAN, NAN, NAN, NAN,,2024/04/15 06:55:48.812,2024-04-15 06:55:48.812000+00:00
2024/04/15, 06:56:48.812,35.953,-75.122, 0.78,203.84,214.44,0.04,15.8,15.9,1011.1,1011.2,0.0,0.0,85.09,78.49,18,14,10.9,10.1,79.1,79.2,10.9,10.1,221.9,217.9,1013.2,1013.3,-6.27,344.11,-0.01,30.7169,11.8163,313.2,55.1,1491.158, NAN, NAN, NAN, NAN,,2024/04/15 06:56:48.812,2024-04-15 06:56:48.812000+00:00
2024/04/15, 06:57:48.812,35.953,-75.122, 0.77,203.69,146.79,0.07,15.8,15.8,1011.1,1011.2,0.0,0.0,85.09,78.49,18,13,10.2,10.0,79.4,79.4,10.2,10.0,221.9,216.9,1013.2,1013.3,-6.3,343.48,-0.01,30.7162,11.8193,314.2,55.0,1491.168, NAN, NAN, NAN, NAN,,2024/04/15 06:57:48.812,2024-04-15 06:57:48.812000+00:00
2024/04/15, 06:58:48.812,35.953,-75.122, 0.81,203.95,149.22,0.13,15.8,15.8,1011.1,1011.2,0.0,0.0,85.09,78.49,19,15,10.5,10.0,79.3,79.3,10.5,10.0,223.3,219.3,1013.2,1013.3,-6.33,343.74,-0.01,30.7153,11.8194,314.5,55.0,1491.167, NAN, NAN, NAN, NAN,,2024/04/15 06:58:48.812,2024-04-15 06:58:48.812000+00:00
2024/04/15, 06:59:48.812,35.953,-75.122, 0.70,204.23,272.81,0.2,15.8,15.8,1011.1,1011.1,0.0,0.0,85.09,78.49,18,12,10.2,10.3,79.2,79.3,10.2,10.3,221.7,215.7,1013.2,1013.2,-6.25,343.47,-0.01,30.7129,11.8176,314.7,54.9,1491.158, NAN, NAN, NAN, NAN,,2024/04/15 06:59:48.812,2024-04-15 06:59:48.812000+00:00
2024/04/15, 07:00:48.812,35.953,-75.122, 0.82,203.96,177.74,0.14,15.8,15.8,1011.0,1011.1,0.0,0.0,85.09,78.49,19,14,10.4,9.8,79.2,79.2,10.4,9.8,223.3,218.3,1013.1,1013.2,-6.32,343.85,-0.01,30.7116,11.8179,315.6,55.0,1491.157, NAN, NAN, NAN, NAN,,2024/04/15 07:00:48.812,2024-04-15 07:00:48.812000+00:00
2024/04/15, 07:01:48.812,35.953,-75.122, 0.80,203.65,90.4,0.22,15.8,15.8,1011.1,1011.1,0.0,0.0,85.09,78.49,20,14,10.4,10.1,79.3,79.3,10.4,10.1,224.2,218.3,1013.2,1013.2,-6.23,343.86,-0.01,30.7104,11.8183,314.5,54.8,1491.157, NAN, NAN, NAN, NAN,,2024/04/15 07:01:48.812,2024-04-15 07:01:48.812000+00:00
2024/04/15, 07:02:48.812,35.953,-75.122, 0.79,203.32,104.94,0.01,15.8,15.8,1011.2,1011.1,0.0,0.0,85.09,78.49,18,14,10.4,9.7,79.1,79.2,10.4,9.7,221.3,217.3,1013.3,1013.2,-6.3,343.66,-0.01,30.7083,11.818,314.2,54.8,1491.154, NAN, NAN, NAN, NAN,,2024/04/15 07:02:48.812,2024-04-15 07:02:48.812000+00:00
2024/04/15, 07:03:48.812,35.953,-75.122, 0.75,203.76,140.93,0.31,15.8,15.8,1011.1,1011.1,0.0,0.0,85.09,78.49,18,13,11.0,10.4,79.2,79.2,11.0,10.4,222.6,217.6,1013.2,1013.2,-6.31,344.3,-0.01,30.7086,11.8216,314.7,54.7,1491.166, NAN, NAN, NAN, NAN,,2024/04/15 07:03:48.812,2024-04-15 07:03:48.812000+00:00
2024/04/15, 07:04:48.812,35.953,-75.122, 0.87,203.97,297.65,0.25,15.8,15.8,1011.1,1011.1,0.0,0.0,85.09,78.49,17,13,10.3,10.0,79.2,79.2,10.3,10.0,220.3,216.3,1013.2,1013.2,-6.23,343.63,-0.01,30.7075,11.8213,315.6,54.7,1491.164, NAN, NAN, NAN, NAN,,2024/04/15 07:04:48.812,2024-04-15 07:04:48.812000+00:00
2024/04/15, 07:05:48.813,35.953,-75.122, 0.82,203.75,103.96,0.13,15.8,15.9,1011.0,1011.1,0.0,0.0,85.09,78.49,17,12,10.8,10.3,78.9,79.0,10.8,10.3,221.1,216.1,1013.1,1013.2,-6.24,343.89,-0.01,30.7086,11.818,315.3,54.7,1491.154, NAN, NAN, NAN, NAN,,2024/04/15 07:05:48.813,2024-04-15 07:05:48.813000+00:00
2024/04/15, 07:06:48.813,35.953,-75.122, 0.81,204.23,259.88,0.05,15.9,15.9,1011.0,1011.0,0.0,0.0,85.09,78.49,19,14,10.4,10.3,78.6,78.8,10.4,10.3,223.2,218.2,1013.1,1013.1,-6.18,343.85,-0.01,30.7104,11.8198,315.6,54.8,1491.162, NAN, NAN, NAN, NAN,,2024/04/15 07:06:48.813,2024-04-15 07:06:48.813000+00:00
2024/04/15, 07:07:48.813,35.953,-75.122, 0.79,204.32,281.81,0.18,15.9,15.9,1010.9,1011.1,0.0,0.0,85.09,78.49,19,12,10.8,10.5,78.4,78.5,10.7,10.5,222.9,215.9,1013.0,1013.2,-6.2,344.01,-0.01,30.7111,11.8204,315.6,54.6,1491.165, NAN, NAN, NAN, NAN,,2024/04/15 07:07:48.813,2024-04-15 07:07:48.813000+00:00
2024/04/15, 07:08:48.813,35.953,-75.122, 0.89,203.62,151.14,0.29,15.8,15.9,1011.0,1011.0,0.0,0.0,85.09,78.49,17,12,10.5,10.2,78.5,78.6,10.5,10.2,221.4,216.4,1013.1,1013.1,-6.33,343.68,-0.01,30.7069,11.821,315.0,54.7,1491.162, NAN, NAN, NAN, NAN,,2024/04/15 07:08:48.813,2024-04-15 07:08:48.813000+00:00
2024/04/15, 07:09:48.813,35.953,-75.122, 0.84,203.71,272.62,0.05,15.9,15.9,1011.0,1011.0,0.0,0.0,85.09,78.49,19,15,10.7,10.4,78.6,78.4,10.7,10.4,222.7,218.7,1013.1,1013.1,-6.24,343.99,-0.02,30.7095,11.824,316.9,54.8,1491.176, NAN, NAN, NAN, NAN,,2024/04/15 07:09:48.813,2024-04-15 07:09:48.813000+00:00
2024/04/15, 07:10:48.813,35.953,-75.122, 0.82,204.18,290.21,0.07,15.9,15.9,1011.0,1011.1,0.0,0.0,85.09,78.49,18,14,10.9,10.2,78.5,78.4,10.9,10.2,222.0,218.0,1013.1,1013.2,-6.29,343.53,-0.02,30.7083,11.8256,316.3,54.9,1491.18, NAN, NAN, NAN, NAN,,2024/04/15 07:10:48.813,2024-04-15 07:10:48.813000+00:00
2024/04/15, 07:11:48.813,35.953,-75.122, 0.80,203.53,135.25,0.12,15.9,15.9,1011.1,1011.0,0.0,0.0,85.09,78.49,17,12,11.0,10.2,78.4,78.4,11.0,10.2,220.8,215.9,1013.2,1013.1,-6.26,343.41,-0.01,30.7062,11.8306,317.9,54.9,1491.195, NAN, NAN, NAN, NAN,,2024/04/15 07:11:48.813,2024-04-15 07:11:48.813000+00:00
2024/04/15, 07:12:48.813,35.953,-75.122, 0.88,204.02,133.88,0.17,15.8,15.9,1011.0,1010.9,0.0,0.0,85.09,78.49,16,12,10.6,10.2,78.6,78.6,10.6,10.2,219.5,215.5,1013.1,1013.0,-6.32,343.24,-0.01,30.707,11.8331,317.6,54.9,1491.205, NAN, NAN, NAN, NAN,,2024/04/15 07:12:48.813,2024-04-15 07:12:48.813000+00:00
2024/04/15, 07:13:48.813,35.953,-75.122, 0.78,203.85,102.05,0.36,15.8,15.8,1011.0,1011.0,0.0,0.0,85.09,78.49,17,12,10.8,10.3,78.6,78.6,10.9,10.4,221.7,216.8,1013.1,1013.1,-6.3,343.46,-0.01,30.7143,11.8334,317.2,54.9,1491.214, NAN, NAN, NAN, NAN,,2024/04/15 07:13:48.813,2024-04-15 07:13:48.813000+00:00
2024/04/15, 07:14:48.813,35.953,-75.122, 0.85,203.63,103.99,0.14,15.8,15.8,1011.0,1010.9,0.0,0.0,85.09,78.49,16,11,10.5,10.4,78.9,79.0,10.5,10.4,220.0,215.0,1013.1,1013.0,-6.31,343.29,-0.01,30.7083,11.8332,317.2,54.9,1491.206, NAN, NAN, NAN, NAN,,2024/04/15 07:14:48.813,2024-04-15 07:14:48.813000+00:00
2024/04/15, 07:15:48.813,35.953,-75.122, 0.76,203.97,207.45,0.06,15.8,15.8,1011.0,1011.0,0.0,0.0,85.09,78.49,17,12,10.5,9.9,78.9,78.9,10.5,9.9,221.1,216.1,1013.1,1013.1,-6.29,343.54,-0.01,30.7019,11.8333,318.0,55.0,1491.199, NAN, NAN, NAN, NAN,,2024/04/15 07:15:48.813,2024-04-15 07:15:48.813000+00:00
2024/04/15, 07:16:48.813,35.953,-75.122, 0.81,203.89,288.76,0.05,15.7,15.7,1010.9,1011.0,0.0,0.0,85.09,78.49,17,11,10.5,10.1,79.1,79.1,10.5,10.1,220.9,214.9,1013.0,1013.1,-6.33,343.65,-0.01,30.6971,11.8342,316.6,55.0,1491.196, NAN, NAN, NAN, NAN,,2024/04/15 07:16:48.813,2024-04-15 07:16:48.813000+00:00
2024/04/15, 07:17:48.813,35.953,-75.122, 0.84,203.79,170.78,0.07,15.7,15.7,1011.0,1011.0,0.0,0.0,85.09,78.49,18,11,10.7,10.2,79.2,79.4,10.7,10.2,221.7,214.6,1013.1,1013.1,-6.32,343.92,-0.02,30.7196,11.8386,319.0,54.9,1491.239, NAN, NAN, NAN, NAN,,2024/04/15 07:17:48.813,2024-04-15 07:17:48.813000+00:00
2024/04/15, 07:18:48.813,35.953,-75.122, 0.81,204.91,55.19,0.08,15.7,15.7,1010.9,1010.9,0.0,0.0,85.09,78.49,17,11,10.6,10.1,79.4,79.4,10.6,10.1,222.0,216.1,1013.0,1013.0,-6.33,343.82,-0.01,30.7007,11.8434,317.6,55.0,1491.233, NAN, NAN, NAN, NAN,,2024/04/15 07:18:48.813,2024-04-15 07:18:48.813000+00:00
2024/04/15, 07:19:48.813,35.953,-75.122, 0.86,203.76,179.08,0.19,15.7,15.7,1010.9,1010.9,0.0,0.0,85.09,78.49,18,12,10.8,10.6,79.2,79.3,10.8,10.6,222.2,216.2,1013.0,1013.0,-6.26,343.91,-0.02,30.6956,11.8491,317.9,54.9,1491.246, NAN, NAN, NAN, NAN,,2024/04/15 07:19:48.813,2024-04-15 07:19:48.813000+00:00
2024/04/15, 07:20:48.813,35.953,-75.122, 0.78,203.82,224.33,0.04,15.7,15.7,1010.9,1011.0,0.0,0.0,85.09,78.49,17,11,10.8,10.2,79.3,79.4,10.8,10.2,220.9,214.9,1013.0,1013.1,-6.35,343.84,-0.01,30.6904,11.853,318.4,55.0,1491.254, NAN, NAN, NAN, NAN,,2024/04/15 07:20:48.813,2024-04-15 07:20:48.813000+00:00
2024/04/15, 07:21:48.814,35.953,-75.122, 0.78,203.05,128.92,0.06,15.7,15.8,1010.8,1010.9,0.0,0.0,85.09,78.49,18,12,10.7,10.4,79.2,79.2,10.7,10.4,220.9,214.9,1012.9,1013.0,-6.27,343.84,-0.01,30.688,11.8559,315.6,54.9,1491.261, NAN, NAN, NAN, NAN,,2024/04/15 07:21:48.814,2024-04-15 07:21:48.814000+00:00
2024/04/15, 07:22:48.814,35.953,-75.122, 0.86,203.49,128.08,0.16,15.8,15.8,1010.9,1011.0,0.0,0.0,85.09,78.49,18,13,11.1,10.4,79.1,79.2,11.1,10.4,221.9,216.9,1013.0,1013.1,-6.26,343.93,-0.01,30.6858,11.8556,319.3,55.0,1491.257, NAN, NAN, NAN, NAN,,2024/04/15 07:22:48.814,2024-04-15 07:22:48.814000+00:00
2024/04/15, 07:23:48.814,35.953,-75.122, 0.77,204.15,209.85,0.05,15.8,15.8,1010.8,1010.9,0.0,0.0,85.09,78.49,18,12,10.5,10.2,79.0,79.1,10.5,10.2,222.0,216.0,1012.9,1013.0,-6.25,343.37,-0.01,30.6874,11.8567,318.4,55.1,1491.263, NAN, NAN, NAN, NAN,,2024/04/15 07:23:48.814,2024-04-15 07:23:48.814000+00:00
2024/04/15, 07:24:48.814,35.953,-75.122, 0.73,204.17,237.9,0.01,15.7,15.8,1010.9,1011.0,0.0,0.0,85.09,78.49,17,12,10.6,10.0,79.0,79.0,10.6,10.0,221.2,216.2,1013.0,1013.1,-6.32,343.53,-0.01,30.6857,11.8569,318.4,55.0,1491.262, NAN, NAN, NAN, NAN,,2024/04/15 07:24:48.814,2024-04-15 07:24:48.814000+00:00
2024/04/15, 07:25:48.814,35.953,-75.122, 0.85,203.81,272.17,0.12,15.7,15.7,1010.8,1010.9,0.0,0.0,85.09,78.49,17,12,10.7,10.6,79.1,79.2,10.7,10.6,220.5,215.5,1012.9,1013.0,-6.31,343.98,-0.01,30.679,11.8562,317.9,55.0,1491.251, NAN, NAN, NAN, NAN,,2024/04/15 07:25:48.814,2024-04-15 07:25:48.814000+00:00
2024/04/15, 07:26:48.814,35.953,-75.122, 0.84,203.61,21.84,0.09,15.7,15.7,1010.8,1010.9,0.0,0.0,85.09,78.49,18,12,10.8,10.1,79.2,79.2,10.8,10.1,221.8,215.9,1012.9,1013.0,-6.38,344.14,-0.01,30.6773,11.8555,317.2,54.9,1491.247, NAN, NAN, NAN, NAN,,2024/04/15 07:26:48.814,2024-04-15 07:26:48.814000+00:00
2024/04/15, 07:27:48.814,35.953,-75.122, 0.86,204.2,318.08,0.21,15.7,15.7,1010.9,1010.9,0.0,0.0,85.09,78.49,18,13,10.9,10.6,79.0,79.2,10.9,10.6,221.7,216.6,1013.0,1013.0,-6.29,344.0,-0.01,30.676,11.8558,318.4,54.9,1491.246, NAN, NAN, NAN, NAN,,2024/04/15 07:27:48.814,2024-04-15 07:27:48.814000+00:00
2024/04/15, 07:28:48.814,35.953,-75.122, 0.87,203.93,194.21,0.03,15.8,15.8,1011.0,1010.9,0.0,0.0,85.09,78.49,18,13,10.9,10.2,78.8,79.0,10.9,10.2,221.9,216.9,1013.1,1013.0,-6.26,343.95,-0.01,30.6757,11.8524,319.6,54.9,1491.234, NAN, NAN, NAN, NAN,,2024/04/15 07:28:48.814,2024-04-15 07:28:48.814000+00:00
2024/04/15, 07:29:48.814,35.953,-75.122, 0.94,203.32,111.65,0.2,15.7,15.8,1010.8,1010.9,0.0,0.0,85.09,78.49,20,14,10.5,10.3,78.9,79.0,10.5,10.3,223.9,217.9,1012.9,1013.0,-6.27,344.2,-0.01,30.6736,11.8506,317.9,54.7,1491.225, NAN, NAN, NAN, NAN,,2024/04/15 07:29:48.814,2024-04-15 07:29:48.814000+00:00
2024/04/15, 07:30:48.814,35.953,-75.122, 0.79,204.39,248.91,0.21,15.7,15.7,1010.8,1010.9,0.0,0.0,85.09,78.49,19,12,11.0,10.5,79.0,79.1,11.0,10.5,222.9,215.8,1012.9,1013.0,-6.33,344.45,-0.01,30.6724,11.85,318.7,54.9,1491.222, NAN, NAN, NAN, NAN,,2024/04/15 07:30:48.814,2024-04-15 07:30:48.814000+00:00
2024/04/15, 07:31:48.814,35.953,-75.122, 0.86,204.27,282.35,0.29,15.7,15.7,1010.9,1010.8,0.0,0.0,85.09,78.49,19,15,11.0,10.4,79.2,79.3,10.9,10.3,222.6,218.6,1013.0,1012.9,-6.33,344.49,-0.01,30.6743,11.846,318.0,54.8,1491.21, NAN, NAN, NAN, NAN,,2024/04/15 07:31:48.814,2024-04-15 07:31:48.814000+00:00
2024/04/15, 07:32:48.814,35.953,-75.122, 0.82,203.65,120.93,0.1,15.7,15.7,1010.9,1011.0,0.0,0.0,85.09,78.49,19,13,10.8,10.5,79.3,79.3,10.8,10.5,222.9,216.9,1013.0,1013.1,-6.31,344.38,-0.01,30.6905,11.8437,320.6,54.8,1491.222, NAN, NAN, NAN, NAN,,2024/04/15 07:32:48.814,2024-04-15 07:32:48.814000+00:00
2024/04/15, 07:33:48.814,35.953,-75.122, 0.80,203.64,121.22,0.07,15.7,15.7,1011.0,1011.0,0.0,0.0,85.09,78.49,21,15,11.0,10.6,79.2,79.3,11.0,10.6,224.8,218.8,1013.1,1013.1,-6.26,344.78,-0.01,30.6802,11.8418,320.6,54.9,1491.203, NAN, NAN, NAN, NAN,,2024/04/15 07:33:48.814,2024-04-15 07:33:48.814000+00:00
2024/04/15, 07:34:48.814,35.953,-75.122, 0.82,204.44,290.25,0.12,15.7,15.8,1010.9,1010.9,0.0,0.0,85.09,78.49,21,16,11.3,11.1,79.2,79.1,11.3,11.1,225.2,220.2,1013.0,1013.0,-6.21,345.14,-0.01,30.6742,11.841,318.7,54.9,1491.193, NAN, NAN, NAN, NAN,,2024/04/15 07:34:48.814,2024-04-15 07:34:48.814000+00:00
2024/04/15, 07:35:48.814,35.953,-75.122, 0.81,204.2,285.45,0.22,15.8,15.8,1010.9,1010.9,0.0,0.0,85.09,78.49,21,16,11.1,10.6,79.1,79.0,11.1,10.6,224.7,219.6,1013.0,1013.0,-6.27,344.4,-0.01,30.6738,11.839,318.7,54.9,1491.185, NAN, NAN, NAN, NAN,,2024/04/15 07:35:48.814,2024-04-15 07:35:48.814000+00:00
2024/04/15, 07:36:48.814,35.953,-75.122, 0.80,203.79,44.7,0.23,15.8,15.8,1010.8,1011.0,0.0,0.0,85.09,78.49,21,17,10.9,10.5,78.8,78.8,11.0,10.6,225.3,221.4,1012.9,1013.1,-6.29,344.73,-0.01,30.6724,11.8367,319.6,55.1,1491.176, NAN, NAN, NAN, NAN,,2024/04/15 07:36:48.814,2024-04-15 07:36:48.814000+00:00
2024/04/15, 07:37:48.815,35.953,-75.122, 0.82,203.5,59.15,0.19,15.8,15.8,1010.9,1011.0,0.0,0.0,85.09,78.49,20,16,10.9,10.8,78.6,78.6,11.0,10.9,223.8,219.9,1013.0,1013.1,-6.24,344.75,-0.01,30.67,11.8348,319.6,54.9,1491.166, NAN, NAN, NAN, NAN,,2024/04/15 07:37:48.815,2024-04-15 07:37:48.815000+00:00
2024/04/15, 07:38:48.815,35.953,-75.122, 0.76,204.28,302.09,0.18,15.8,15.8,1011.0,1010.9,0.0,0.0,85.09,78.49,19,14,11.0,10.6,78.6,78.7,11.0,10.6,222.8,217.8,1013.1,1013.0,-6.22,344.67,-0.01,30.6694,11.8324,320.0,54.8,1491.157, NAN, NAN, NAN, NAN,,2024/04/15 07:38:48.815,2024-04-15 07:38:48.815000+00:00
2024/04/15, 07:39:48.815,35.953,-75.122, 0.79,204.44,300.57,0.33,15.8,15.8,1010.8,1011.0,0.0,0.0,85.09,78.49,20,16,11.3,10.6,78.2,78.4,11.3,10.6,223.6,219.5,1012.9,1013.1,-6.16,344.58,-0.01,30.6674,11.8282,320.0,54.8,1491.14, NAN, NAN, NAN, NAN,,2024/04/15 07:39:48.815,2024-04-15 07:39:48.815000+00:00
2024/04/15, 07:40:48.815,35.953,-75.122, 0.84,204.1,313.07,0.03,15.8,15.8,1010.9,1010.8,0.0,0.0,85.09,78.49,21,16,11.1,10.4,78.0,78.1,11.1,10.4,225.0,220.0,1013.0,1012.9,-6.23,344.47,-0.01,30.6663,11.8246,320.3,55.0,1491.126, NAN, NAN, NAN, NAN,,2024/04/15 07:40:48.815,2024-04-15 07:40:48.815000+00:00
2024/04/15, 07:41:48.815,35.953,-75.122, 0.73,204.36,277.89,0.35,15.8,15.9,1011.1,1011.0,0.0,0.0,85.09,78.49,20,15,11.2,10.7,78.0,77.9,11.1,10.7,223.5,218.4,1013.2,1013.1,-6.21,344.58,-0.01,30.6636,11.8219,320.0,54.9,1491.114, NAN, NAN, NAN, NAN,,2024/04/15 07:41:48.815,2024-04-15 07:41:48.815000+00:00
2024/04/15, 07:42:48.815,35.953,-75.122, 0.95,204.11,202.74,0.05,15.8,15.9,1011.0,1011.0,0.0,0.0,85.09,78.49,21,17,11.3,10.6,77.7,77.8,11.3,10.6,225.2,221.2,1013.1,1013.1,-6.32,344.47,-0.01,30.6628,11.8206,320.3,54.9,1491.108, NAN, NAN, NAN, NAN,,2024/04/15 07:42:48.815,2024-04-15 07:42:48.815000+00:00
2024/04/15, 07:43:48.815,35.953,-75.122, 0.91,203.89,109.96,0.07,15.9,15.9,1011.1,1010.9,0.0,0.0,85.09,78.49,21,17,11.1,10.6,77.5,77.6,11.1,10.6,224.7,220.7,1013.2,1013.0,-6.2,344.65,-0.01,30.6668,11.8181,320.6,54.9,1491.104, NAN, NAN, NAN, NAN,,2024/04/15 07:43:48.815,2024-04-15 07:43:48.815000+00:00
2024/04/15, 07:44:48.815,35.953,-75.122, 0.94,203.76,280.38,0.17,15.9,15.9,1011.0,1010.9,0.0,0.0,85.09,78.49,22,17,11.1,10.4,77.2,77.3,11.1,10.4,225.3,220.3,1013.1,1013.0,-6.21,344.47,-0.01,30.663,11.8168,322.7,54.4,1491.095, NAN, NAN, NAN, NAN,,2024/04/15 07:44:48.815,2024-04-15 07:44:48.815000+00:00
2024/04/15, 07:45:48.815,35.953,-75.122, 0.86,204.08,41.46,0.06,15.9,15.9,1011.0,1011.0,0.0,0.0,85.09,78.49,21,16,11.0,10.2,77.0,77.1,11.0,10.2,225.0,220.0,1013.1,1013.1,-6.16,344.37,-0.01,30.6592,11.8155,322.0,54.4,1491.086, NAN, NAN, NAN, NAN,,2024/04/15 07:45:48.815,2024-04-15 07:45:48.815000+00:00
2024/04/15, 07:46:48.815,35.953,-75.122, 0.84,204.14,354.19,0.11,15.9,15.9,1011.1,1011.0,0.0,0.0,85.09,78.49,19,16,10.5,10.4,77.0,77.2,10.6,10.5,223.2,220.2,1013.2,1013.1,-6.29,344.67,-0.01,30.657,11.8132,323.0,54.5,1491.076, NAN, NAN, NAN, NAN,,2024/04/15 07:46:48.815,2024-04-15 07:46:48.815000+00:00
2024/04/15, 07:47:48.815,35.953,-75.122, 0.81,204.4,270.93,0.08,15.9,15.9,1011.0,1010.9,0.0,0.0,85.09,78.49,20,16,11.0,10.9,76.9,77.0,11.0,10.9,224.4,220.4,1013.1,1013.0,-6.2,344.82,-0.01,30.6544,11.8121,323.0,54.5,1491.069, NAN, NAN, NAN, NAN,,2024/04/15 07:47:48.815,2024-04-15 07:47:48.815000+00:00
2024/04/15, 07:48:48.815,35.953,-75.122, 0.84,203.66,100.45,0.15,15.9,15.9,1011.0,1010.9,0.0,0.0,85.09,78.49,21,16,11.3,10.8,76.8,76.8,11.3,10.8,225.0,220.0,1013.1,1013.0,-6.26,344.85,-0.01,30.6558,11.8095,324.3,54.4,1491.061, NAN, NAN, NAN, NAN,,2024/04/15 07:48:48.815,2024-04-15 07:48:48.815000+00:00
2024/04/15, 07:49:48.815,35.953,-75.122, 0.76,203.93,119.05,0.27,15.9,15.9,1010.8,1011.0,0.0,0.0,85.09,78.49,19,14,10.5,10.0,76.7,76.8,10.5,10.0,223.7,218.7,1012.9,1013.1,-6.23,344.23,-0.01,30.6733,11.8048,324.0,54.6,1491.066, NAN, NAN, NAN, NAN,,2024/04/15 07:49:48.815,2024-04-15 07:49:48.815000+00:00
2024/04/15, 07:50:48.815,35.953,-75.122, 0.88,203.68,198.82,0.16,15.9,15.9,1010.8,1010.9,0.0,0.0,85.09,78.49,19,14,11.3,10.5,76.8,76.6,11.3,10.5,222.3,217.2,1012.9,1013.0,-6.25,344.88,-0.01,30.7564,11.8044,335.2,54.7,1491.164, NAN, NAN, NAN, NAN,,2024/04/15 07:50:48.815,2024-04-15 07:50:48.815000+00:00
2024/04/15, 07:51:48.815,35.953,-75.122, 0.78,204.15,29.92,0.06,15.8,15.9,1010.8,1010.9,0.0,0.0,85.09,78.49,18,13,10.3,9.7,77.0,76.9,10.3,9.7,222.3,217.3,1012.9,1013.0,-6.21,344.07,-0.01,30.7087,11.8017,328.1,54.5,1491.098, NAN, NAN, NAN, NAN,,2024/04/15 07:51:48.815,2024-04-15 07:51:48.815000+00:00
2024/04/15, 07:52:48.815,35.953,-75.122, 0.81,203.19,114.75,0.21,15.8,15.9,1010.8,1010.9,0.0,0.0,85.09,78.49,19,13,10.7,10.0,77.0,77.0,10.7,10.0,222.8,216.8,1012.9,1013.0,-6.27,344.14,-0.01,30.6818,11.8018,327.8,54.6,1491.066, NAN, NAN, NAN, NAN,,2024/04/15 07:52:48.815,2024-04-15 07:52:48.815000+00:00
2024/04/15, 07:53:48.816,35.953,-75.122, 0.73,204.01,263.2,0.06,15.8,15.8,1010.8,1010.9,0.0,0.0,85.09,78.49,20,14,10.9,10.8,77.1,77.1,10.9,10.8,224.2,218.1,1012.9,1013.0,-6.32,344.62,-0.01,30.6797,11.7991,327.6,54.6,1491.054, NAN, NAN, NAN, NAN,,2024/04/15 07:53:48.816,2024-04-15 07:53:48.816000+00:00
2024/04/15, 07:54:48.816,35.953,-75.122, 0.83,203.6,89.45,0.16,15.8,15.8,1010.8,1011.0,0.0,0.0,85.09,78.49,18,13,10.9,10.2,77.1,77.3,10.9,10.2,222.0,217.0,1012.9,1013.1,-6.23,344.09,-0.01,30.6846,11.7974,327.8,54.7,1491.054, NAN, NAN, NAN, NAN,,2024/04/15 07:54:48.816,2024-04-15 07:54:48.816000+00:00
2024/04/15, 07:55:48.816,35.953,-75.122, 0.80,203.56,128.61,0.29,15.8,15.8,1010.9,1010.9,0.0,0.0,85.09,78.49,19,14,10.7,10.0,77.1,77.3,10.8,10.0,223.3,218.4,1013.0,1013.0,-6.3,344.01,-0.01,30.6816,11.7948,328.1,54.5,1491.041, NAN, NAN, NAN, NAN,,2024/04/15 07:55:48.816,2024-04-15 07:55:48.816000+00:00
2024/04/15, 07:56:48.816,35.953,-75.122, 0.82,203.83,281.75,0.12,15.8,15.8,1010.9,1010.9,0.0,0.0,85.09,78.49,18,14,11.0,10.2,77.1,77.2,11.0,10.2,221.5,217.5,1013.0,1013.0,-6.36,344.56,-0.01,30.6659,11.7863,327.3,54.4,1490.993, NAN, NAN, NAN, NAN,,2024/04/15 07:56:48.816,2024-04-15 07:56:48.816000+00:00
2024/04/15, 07:57:48.816,35.953,-75.122, 0.88,203.79,21.79,0.08,15.8,15.8,1010.8,1010.8,0.0,0.0,85.09,78.49,19,15,10.8,10.4,77.1,77.2,10.8,10.4,222.6,218.7,1012.9,1012.9,-6.23,344.46,-0.01,30.6564,11.7813,326.7,54.4,1490.964, NAN, NAN, NAN, NAN,,2024/04/15 07:57:48.816,2024-04-15 07:57:48.816000+00:00
2024/04/15, 07:58:48.816,35.953,-75.122, 0.83,204.31,274.98,0.17,15.8,15.8,1010.9,1010.8,0.0,0.0,85.09,78.49,18,13,10.5,10.4,77.0,77.2,10.5,10.4,221.8,216.8,1013.0,1012.9,-6.31,344.51,-0.01,30.6522,11.7807,325.7,54.4,1490.957, NAN, NAN, NAN, NAN,,2024/04/15 07:58:48.816,2024-04-15 07:58:48.816000+00:00
2024/04/15, 07:59:48.816,35.953,-75.122, 0.88,203.93,142.64,0.28,15.8,15.8,1010.9,1010.9,0.0,0.0,85.09,78.49,19,15,10.8,10.4,77.0,77.1,10.9,10.5,223.6,219.7,1013.0,1013.0,-6.22,344.6,-0.01,30.6486,11.7851,326.7,54.5,1490.968, NAN, NAN, NAN, NAN,,2024/04/15 07:59:48.816,2024-04-15 07:59:48.816000+00:00
2024/04/15, 08:00:48.816,35.953,-75.122, 0.80,204.34,27.76,0.07,15.8,15.8,1010.9,1011.0,0.0,0.0,85.09,78.49,19,12,11.0,10.4,77.0,77.0,11.0,10.4,223.2,216.2,1013.0,1013.1,-6.32,344.66,-0.01,30.6483,11.7894,326.7,54.5,1490.983, NAN, NAN, NAN, NAN,,2024/04/15 08:00:48.816,2024-04-15 08:00:48.816000+00:00
2024/04/15, 08:01:48.816,35.953,-75.122, 0.78,204.13,270.36,0.05,15.8,15.8,1010.8,1010.8,0.0,0.0,85.09,78.49,17,13,10.8,10.4,77.1,77.2,10.8,10.4,221.0,217.0,1012.9,1012.9,-6.26,344.55,-0.01,30.6765,11.7912,330.4,54.3,1491.023, NAN, NAN, NAN, NAN,,2024/04/15 08:01:48.816,2024-04-15 08:01:48.816000+00:00
2024/04/15, 08:02:48.816,35.953,-75.122, 0.85,203.17,139.71,0.28,15.9,15.8,1010.8,1010.9,0.0,0.0,85.09,78.49,17,12,11.0,10.3,77.1,77.3,11.0,10.3,220.9,216.0,1012.9,1013.0,-6.26,344.64,-0.01,30.6851,11.7886,331.0,54.3,1491.024, NAN, NAN, NAN, NAN,,2024/04/15 08:02:48.816,2024-04-15 08:02:48.816000+00:00
2024/04/15, 08:03:48.816,35.953,-75.122, 0.77,203.97,273.03,0.25,15.8,15.8,1010.8,1010.9,0.0,0.0,85.09,78.49,18,13,10.9,10.6,77.2,77.3,10.8,10.5,221.4,216.4,1012.9,1013.0,-6.32,344.74,-0.01,30.6961,11.7926,328.8,54.4,1491.051, NAN, NAN, NAN, NAN,,2024/04/15 08:03:48.816,2024-04-15 08:03:48.816000+00:00
2024/04/15, 08:04:48.816,35.953,-75.122, 0.80,203.47,97.28,0.2,15.8,15.8,1010.8,1010.9,0.0,0.0,85.09,78.49,19,15,10.9,10.9,77.4,77.6,11.0,11.0,222.9,218.9,1012.9,1013.0,-6.29,344.84,-0.01,30.6697,11.7978,329.7,54.4,1491.037, NAN, NAN, NAN, NAN,,2024/04/15 08:04:48.816,2024-04-15 08:04:48.816000+00:00
2024/04/15, 08:05:48.816,35.953,-75.122, 0.75,203.85,283.65,0.07,15.8,15.8,1010.8,1010.8,0.0,0.0,85.09,78.49,18,14,10.2,10.0,77.6,77.6,10.2,10.0,221.9,217.9,1012.9,1012.9,-6.26,344.37,-0.01,30.6599,11.8021,327.8,54.5,1491.041, NAN, NAN, NAN, NAN,,2024/04/15 08:05:48.816,2024-04-15 08:05:48.816000+00:00
2024/04/15, 08:06:48.816,35.953,-75.122, 0.77,204.06,58.34,0.15,15.8,15.8,1010.9,1010.9,0.0,0.0,85.09,78.49,20,15,10.5,10.0,77.6,77.6,10.5,10.1,223.7,218.7,1013.0,1013.0,-6.35,344.6,-0.01,30.6836,11.8074,331.0,54.4,1491.087, NAN, NAN, NAN, NAN,,2024/04/15 08:06:48.816,2024-04-15 08:06:48.816000+00:00
2024/04/15, 08:07:48.816,35.953,-75.122, 0.79,204.13,51.25,0.05,15.7,15.8,1010.8,1010.9,0.0,0.0,85.09,78.49,20,15,10.5,10.5,78.0,78.0,10.5,10.5,224.1,219.1,1012.9,1013.0,-6.35,344.56,-0.01,30.6637,11.8134,330.7,54.1,1491.084, NAN, NAN, NAN, NAN,,2024/04/15 08:07:48.816,2024-04-15 08:07:48.816000+00:00
2024/04/15, 08:08:48.817,35.953,-75.122, 0.86,203.7,263.31,0.07,15.7,15.8,1010.8,1010.7,0.0,0.0,85.09,78.49,20,15,10.7,10.3,78.0,78.0,10.7,10.3,223.6,218.6,1012.9,1012.8,-6.33,344.94,-0.01,30.6562,11.8222,328.8,53.6,1491.106, NAN, NAN, NAN, NAN,,2024/04/15 08:08:48.817,2024-04-15 08:08:48.817000+00:00
2024/04/15, 08:09:48.817,35.953,-75.122, 0.72,204.06,120.61,0.11,15.8,15.8,1010.8,1010.8,0.0,0.0,85.09,78.49,20,15,10.8,10.4,77.9,78.0,10.8,10.4,224.3,219.3,1012.9,1012.9,-6.29,344.82,-0.01,30.6543,11.8274,328.1,54.1,1491.122, NAN, NAN, NAN, NAN,,2024/04/15 08:09:48.817,2024-04-15 08:09:48.817000+00:00
2024/04/15, 08:10:48.817,35.953,-75.122, 0.79,203.99,81.04,0.29,15.8,15.8,1010.8,1010.8,0.0,0.0,85.09,78.49,22,16,11.0,10.6,77.8,77.9,11.1,10.7,226.6,220.6,1012.9,1012.9,-6.31,345.44,-0.01,30.6456,11.8267,326.7,54.2,1491.109, NAN, NAN, NAN, NAN,,2024/04/15 08:10:48.817,2024-04-15 08:10:48.817000+00:00
2024/04/15, 08:11:48.817,35.953,-75.122, 0.81,204.33,6.4,0.14,15.8,15.8,1010.8,1010.8,0.0,0.0,85.09,78.49,21,16,10.7,10.6,77.5,77.5,10.7,10.6,225.0,220.0,1012.9,1012.9,-6.29,345.28,-0.01,30.6456,11.8258,325.7,54.2,1491.106, NAN, NAN, NAN, NAN,,2024/04/15 08:11:48.817,2024-04-15 08:11:48.817000+00:00
2024/04/15, 08:12:48.817,35.953,-75.122, 0.75,203.14,89.13,0.19,15.9,15.9,1010.8,1010.8,0.0,0.0,85.09,78.49,22,17,11.1,10.6,77.2,77.2,11.2,10.6,225.6,220.6,1012.9,1012.9,-6.25,345.66,-0.01,30.6399,11.8196,328.1,54.2,1491.077, NAN, NAN, NAN, NAN,,2024/04/15 08:12:48.817,2024-04-15 08:12:48.817000+00:00
2024/04/15, 08:13:48.817,35.953,-75.122, 0.55,204.25,339.89,0.06,15.9,15.9,1010.8,1010.8,0.0,0.0,85.09,78.49,22,17,11.1,10.3,76.8,76.7,11.1,10.3,226.1,221.1,1012.9,1012.9,-6.22,345.74,-0.01,30.6396,11.8126,327.8,54.1,1491.053, NAN, NAN, NAN, NAN,,2024/04/15 08:13:48.817,2024-04-15 08:13:48.817000+00:00
2024/04/15, 08:14:48.817,35.953,-75.122, 0.84,203.69,265.62,0.33,16.0,16.0,1010.7,1010.8,0.0,0.0,85.09,78.49,22,17,11.1,10.6,76.6,76.6,11.0,10.5,225.1,220.0,1012.8,1012.9,-6.18,345.19,-0.01,30.6395,11.8071,326.7,54.2,1491.034, NAN, NAN, NAN, NAN,,2024/04/15 08:14:48.817,2024-04-15 08:14:48.817000+00:00
2024/04/15, 08:15:48.817,35.953,-75.122, 0.81,203.72,73.95,0.03,16.0,16.0,1010.8,1010.8,0.0,0.0,85.09,78.49,22,18,10.8,10.6,76.4,76.5,10.8,10.6,225.7,221.7,1012.9,1012.9,-6.25,345.03,-0.01,30.6381,11.8072,327.8,54.2,1491.032, NAN, NAN, NAN, NAN,,2024/04/15 08:15:48.817,2024-04-15 08:15:48.817000+00:00
2024/04/15, 08:16:48.817,35.953,-75.122, 0.79,203.96,44.65,0.16,16.0,16.0,1010.7,1010.8,0.0,0.0,85.09,78.49,21,15,10.9,10.6,76.3,76.3,10.9,10.6,224.5,218.5,1012.8,1012.9,-6.18,345.28,-0.01,30.6364,11.8037,328.1,54.3,1491.018, NAN, NAN, NAN, NAN,,2024/04/15 08:16:48.817,2024-04-15 08:16:48.817000+00:00
2024/04/15, 08:17:48.817,35.953,-75.122, 0.82,203.64,253.24,0.08,16.0,16.0,1010.7,1010.8,0.0,0.0,85.09,78.49,22,18,11.0,10.1,76.2,76.2,11.0,10.1,225.7,221.7,1012.8,1012.9,-6.14,345.36,-0.01,30.6344,11.7978,328.4,54.3,1490.995, NAN, NAN, NAN, NAN,,2024/04/15 08:17:48.817,2024-04-15 08:17:48.817000+00:00
2024/04/15, 08:18:48.817,35.953,-75.122, 0.70,204.18,318.4,0.16,16.0,16.0,1010.8,1010.8,0.0,0.0,85.09,78.49,22,17,10.9,10.6,76.0,76.1,10.9,10.6,225.7,220.7,1012.9,1012.9,-6.06,344.8,-0.01,30.6333,11.7944,327.3,54.3,1490.982, NAN, NAN, NAN, NAN,,2024/04/15 08:18:48.817,2024-04-15 08:18:48.817000+00:00
2024/04/15, 08:19:48.817,35.953,-75.122, 0.77,203.67,104.48,0.06,16.0,16.0,1010.8,1010.8,0.0,0.0,85.09,78.49,23,20,11.3,10.9,75.8,75.9,11.3,10.9,226.7,223.7,1012.9,1012.9,-6.16,345.34,-0.01,30.6313,11.7916,328.8,54.3,1490.97, NAN, NAN, NAN, NAN,,2024/04/15 08:19:48.817,2024-04-15 08:19:48.817000+00:00
2024/04/15, 08:20:48.817,35.953,-75.122, 0.78,204.17,272.8,0.42,16.0,16.0,1010.7,1010.8,0.0,0.0,85.09,78.49,23,18,11.6,10.8,75.6,75.8,11.5,10.7,226.2,221.1,1012.8,1012.9,-6.16,345.03,-0.01,30.6413,11.7883,330.4,54.1,1490.97, NAN, NAN, NAN, NAN,,2024/04/15 08:20:48.817,2024-04-15 08:20:48.817000+00:00
2024/04/15, 08:21:48.817,35.953,-75.122, 0.73,203.88,264.59,0.19,16.0,16.0,1010.8,1010.8,0.0,0.0,85.09,78.49,22,17,10.9,10.9,75.5,75.6,10.9,10.9,225.4,220.4,1012.9,1012.9,-6.18,344.77,-0.01,30.6381,11.7933,329.7,54.1,1490.984, NAN, NAN, NAN, NAN,,2024/04/15 08:21:48.817,2024-04-15 08:21:48.817000+00:00
2024/04/15, 08:22:48.817,35.953,-75.122, 0.84,203.9,214.67,0.09,16.0,16.0,1010.5,1010.9,0.0,0.0,85.09,78.49,21,15,11.4,10.4,75.5,75.6,11.4,10.4,224.8,218.8,1012.6,1013.0,-6.16,344.96,-0.01,30.6334,11.7961,330.0,54.4,1490.988, NAN, NAN, NAN, NAN,,2024/04/15 08:22:48.817,2024-04-15 08:22:48.817000+00:00
2024/04/15, 08:23:48.818,35.953,-75.122, 0.78,204.31,353.16,0.18,16.0,16.0,1010.8,1010.8,0.0,0.0,85.09,78.49,21,17,10.6,10.6,75.5,75.5,10.6,10.6,224.8,220.8,1012.9,1012.9,-6.14,344.63,-0.01,30.6316,11.8018,330.7,54.4,1491.006, NAN, NAN, NAN, NAN,,2024/04/15 08:23:48.818,2024-04-15 08:23:48.818000+00:00
2024/04/15, 08:24:48.818,35.953,-75.122, 0.76,203.8,164.9,0.05,16.0,16.0,1010.8,1010.8,0.0,0.0,85.09,78.49,21,15,11.0,10.8,75.6,75.6,11.0,10.8,224.9,218.9,1012.9,1012.9,-6.26,344.87,-0.01,30.629,11.8067,329.4,54.4,1491.02, NAN, NAN, NAN, NAN,,2024/04/15 08:24:48.818,2024-04-15 08:24:48.818000+00:00
2024/04/15, 08:25:48.818,35.953,-75.122, 0.87,203.5,131.46,0.3,16.0,16.0,1010.8,1010.7,0.0,0.0,85.09,78.49,21,15,10.9,10.4,75.6,75.7,10.9,10.4,225.3,219.3,1012.9,1012.8,-6.23,344.36,-0.01,30.628,11.8128,331.2,54.3,1491.04, NAN, NAN, NAN, NAN,,2024/04/15 08:25:48.818,2024-04-15 08:25:48.818000+00:00
2024/04/15, 08:26:48.818,35.953,-75.122, 0.85,203.58,312.91,0.35,15.9,16.0,1010.7,1010.8,0.0,0.0,85.09,78.49,21,17,10.8,10.6,75.6,75.6,10.8,10.6,223.6,219.6,1012.8,1012.9,-6.26,344.83,-0.01,30.6281,11.8121,330.0,54.5,1491.037, NAN, NAN, NAN, NAN,,2024/04/15 08:26:48.818,2024-04-15 08:26:48.818000+00:00
2024/04/15, 08:27:48.818,35.953,-75.122, 0.96,203.36,88.24,0.16,15.9,15.9,1010.8,1010.8,0.0,0.0,85.09,78.49,20,15,10.8,10.5,75.7,75.7,10.8,10.5,222.9,217.9,1012.9,1012.9,-6.28,344.67,-0.01,30.6237,11.814,328.8,54.6,1491.039, NAN, NAN, NAN, NAN,,2024/04/15 08:27:48.818,2024-04-15 08:27:48.818000+00:00
2024/04/15, 08:28:48.818,35.953,-75.122, 0.85,204.51,316.22,0.05,15.9,15.9,1010.8,1010.8,0.0,0.0,85.09,78.49,20,16,10.4,10.3,75.8,75.9,10.4,10.3,224.4,220.4,1012.9,1012.9,-6.34,344.02,-0.02,30.6279,11.8177,328.8,54.5,1491.057, NAN, NAN, NAN, NAN,,2024/04/15 08:28:48.818,2024-04-15 08:28:48.818000+00:00
2024/04/15, 08:29:48.818,35.953,-75.122, 0.94,203.37,159.09,0.16,15.9,15.9,1010.8,1010.8,0.0,0.0,85.09,78.49,19,14,10.8,10.2,75.8,75.9,10.7,10.1,222.6,217.6,1012.9,1012.9,-6.27,344.44,-0.01,30.6274,11.8197,329.1,54.2,1491.063, NAN, NAN, NAN, NAN,,2024/04/15 08:29:48.818,2024-04-15 08:29:48.818000+00:00
2024/04/15, 08:30:48.818,35.953,-75.122, 0.92,203.91,281.05,0.06,15.8,15.9,1010.8,1010.8,0.0,0.0,85.09,78.49,18,14,10.5,10.2,76.0,76.0,10.5,10.2,222.1,218.1,1012.9,1012.9,-6.35,344.61,-0.01,30.6266,11.82,329.1,53.7,1491.063, NAN, NAN, NAN, NAN,,2024/04/15 08:30:48.818,2024-04-15 08:30:48.818000+00:00
2024/04/15, 08:31:48.818,35.953,-75.122, 0.88,204.17,260.58,0.02,15.8,15.8,1010.8,1010.8,0.0,0.0,85.09,78.49,19,13,9.8,9.3,76.1,76.1,9.8,9.3,223.1,217.1,1012.9,1012.9,-6.36,343.63,-0.01,30.6276,11.8177,329.4,54.2,1491.056, NAN, NAN, NAN, NAN,,2024/04/15 08:31:48.818,2024-04-15 08:31:48.818000+00:00
2024/04/15, 08:32:48.818,35.953,-75.122, 0.90,204.24,273.16,0.27,15.8,15.8,1010.9,1010.9,0.0,0.0,85.09,78.49,19,14,10.1,9.4,76.4,76.3,10.0,9.3,222.6,217.5,1013.0,1013.0,-6.36,343.87,-0.01,30.627,11.8159,329.4,54.3,1491.049, NAN, NAN, NAN, NAN,,2024/04/15 08:32:48.818,2024-04-15 08:32:48.818000+00:00
2024/04/15, 08:33:48.818,35.953,-75.122, 0.95,203.86,312.97,0.04,15.7,15.7,1010.8,1010.9,0.0,0.0,85.09,78.49,18,13,10.1,9.8,76.6,76.7,10.1,9.8,221.9,216.9,1012.9,1013.0,-6.34,343.98,-0.02,30.6261,11.8182,330.0,54.3,1491.056, NAN, NAN, NAN, NAN,,2024/04/15 08:33:48.818,2024-04-15 08:33:48.818000+00:00
2024/04/15, 08:34:48.818,35.953,-75.122, 0.81,203.81,27.86,0.2,15.7,15.7,1010.8,1010.7,0.0,0.0,85.09,78.49,17,11,10.3,9.8,76.6,76.9,10.3,9.8,220.3,214.3,1012.9,1012.8,-6.38,344.1,-0.01,30.6264,11.8219,328.8,54.4,1491.069, NAN, NAN, NAN, NAN,,2024/04/15 08:34:48.818,2024-04-15 08:34:48.818000+00:00
2024/04/15, 08:35:48.818,35.953,-75.122, 0.92,203.46,126.31,0.26,15.6,15.6,1010.8,1010.9,0.0,0.0,85.09,78.49,18,12,9.9,9.6,77.4,77.4,9.9,9.6,222.2,216.3,1012.9,1013.0,-6.44,344.29,-0.01,30.6268,11.8235,330.0,54.3,1491.075, NAN, NAN, NAN, NAN,,2024/04/15 08:35:48.818,2024-04-15 08:35:48.818000+00:00
2024/04/15, 08:36:48.818,35.953,-75.122, 0.85,204.28,325.21,0.32,15.6,15.6,1010.8,1010.8,0.0,0.0,85.09,78.49,16,11,9.8,9.7,77.6,77.7,9.8,9.7,219.3,214.3,1012.9,1012.9,-6.43,344.37,-0.02,30.6267,11.8278,330.4,54.3,1491.09, NAN, NAN, NAN, NAN,,2024/04/15 08:36:48.818,2024-04-15 08:36:48.818000+00:00
2024/04/15, 08:37:48.818,35.953,-75.122, 0.96,204.31,241.25,0.16,15.6,15.6,1010.8,1010.9,0.0,0.0,85.09,78.49,16,10,10.3,9.5,77.7,77.7,10.3,9.5,220.8,214.8,1012.9,1013.0,-6.32,344.54,-0.01,30.6273,11.8283,330.0,54.1,1491.093, NAN, NAN, NAN, NAN,,2024/04/15 08:37:48.818,2024-04-15 08:37:48.818000+00:00
2024/04/15, 08:38:48.819,35.953,-75.122, 0.92,204.13,224.79,0.08,15.6,15.6,1010.8,1010.9,0.0,0.0,85.09,78.49,17,13,9.8,10.0,77.9,77.8,9.8,10.0,220.9,216.9,1012.9,1013.0,-6.42,344.15,-0.01,30.6273,11.8274,330.0,54.1,1491.09, NAN, NAN, NAN, NAN,,2024/04/15 08:38:48.819,2024-04-15 08:38:48.819000+00:00
2024/04/15, 08:39:48.819,35.953,-75.122, 0.94,204.12,211.76,0.09,15.6,15.6,1010.8,1011.0,0.0,0.0,85.09,78.49,16,11,10.9,10.3,78.0,78.0,10.9,10.3,220.3,215.3,1012.9,1013.1,-6.42,345.3,-0.01,30.6276,11.8264,330.0,53.9,1491.086, NAN, NAN, NAN, NAN,,2024/04/15 08:39:48.819,2024-04-15 08:39:48.819000+00:00
2024/04/15, 08:40:48.819,35.953,-75.122, 0.89,203.39,174.97,0.04,15.7,15.7,1010.8,1011.0,0.0,0.0,85.09,78.49,18,12,10.4,9.8,77.9,78.0,10.4,9.8,221.4,215.3,1012.9,1013.1,-6.39,344.95,-0.01,30.626,11.8275,329.4,54.0,1491.088, NAN, NAN, NAN, NAN,,2024/04/15 08:40:48.819,2024-04-15 08:40:48.819000+00:00
2024/04/15, 08:41:48.819,35.953,-75.122, 0.95,203.97,288.68,0.49,15.7,15.7,1010.9,1010.9,0.0,0.0,85.09,78.49,19,15,10.5,9.9,77.6,78.0,10.4,9.9,221.6,217.5,1013.0,1013.0,-6.25,344.71,-0.01,30.627,11.8276,328.4,53.9,1491.09, NAN, NAN, NAN, NAN,,2024/04/15 08:41:48.819,2024-04-15 08:41:48.819000+00:00
2024/04/15, 08:42:48.819,35.953,-75.122, 0.82,204.71,221.74,0.18,15.7,15.7,1010.9,1010.9,0.0,0.0,85.09,78.49,18,13,9.9,9.5,77.5,77.7,9.8,9.4,222.7,217.7,1013.0,1013.0,-6.35,344.88,-0.01,30.6258,11.8293,329.7,54.1,1491.094, NAN, NAN, NAN, NAN,,2024/04/15 08:42:48.819,2024-04-15 08:42:48.819000+00:00
2024/04/15, 08:43:48.819,35.953,-75.122, 0.75,204.74,270.15,0.19,15.7,15.7,1010.9,1010.9,0.0,0.0,85.09,78.49,16,12,10.1,10.0,77.6,77.7,10.0,9.9,220.3,216.3,1013.0,1013.0,-6.41,345.74,-0.01,30.623,11.8288,330.4,54.1,1491.089, NAN, NAN, NAN, NAN,,2024/04/15 08:43:48.819,2024-04-15 08:43:48.819000+00:00
2024/04/15, 08:44:48.819,35.953,-75.122, 0.83,203.51,221.18,0.04,15.7,15.7,1010.8,1010.9,0.0,0.0,85.09,78.49,17,13,10.0,9.6,77.8,77.9,10.0,9.6,220.6,216.6,1012.9,1013.0,-6.35,345.33,-0.01,30.6238,11.8262,329.1,54.2,1491.081, NAN, NAN, NAN, NAN,,2024/04/15 08:44:48.819,2024-04-15 08:44:48.819000+00:00
2024/04/15, 08:45:48.819,35.953,-75.122, 0.74,203.62,276.63,0.2,15.7,15.7,1010.9,1010.9,0.0,0.0,85.09,78.49,20,15,9.6,9.7,77.9,78.0,9.5,9.6,223.1,218.1,1013.0,1013.0,-6.39,345.06,-0.01,30.6228,11.8246,330.0,54.2,1491.074, NAN, NAN, NAN, NAN,,2024/04/15 08:45:48.819,2024-04-15 08:45:48.819000+00:00
2024/04/15, 08:46:48.819,35.953,-75.122, 0.68,204.9,250.68,0.15,15.7,15.7,1011.0,1011.0,0.0,0.0,85.09,78.49,19,14,9.6,9.3,78.0,78.1,9.6,9.3,224.4,219.4,1013.1,1013.1,-6.4,345.02,-0.01,30.6221,11.8241,330.7,54.2,1491.072, NAN, NAN, NAN, NAN,,2024/04/15 08:46:48.819,2024-04-15 08:46:48.819000+00:00
2024/04/15, 08:47:48.819,35.953,-75.122, 0.77,204.37,162.89,0.07,15.6,15.6,1011.1,1010.9,0.0,0.0,85.09,78.49,19,14,9.9,9.4,78.2,78.3,9.9,9.4,223.6,218.6,1013.2,1013.0,-6.27,345.44,-0.01,30.6224,11.8278,331.0,54.1,1491.085, NAN, NAN, NAN, NAN,,2024/04/15 08:47:48.819,2024-04-15 08:47:48.819000+00:00
2024/04/15, 08:48:48.819,35.953,-75.122, 0.59,203.95,101.26,0.31,15.6,15.6,1010.9,1011.0,0.0,0.0,85.09,78.49,19,11,10.5,9.6,78.4,78.5,10.6,9.6,223.8,215.9,1013.0,1013.1,-6.38,345.78,-0.01,30.6239,11.8303,331.0,54.2,1491.096, NAN, NAN, NAN, NAN,,2024/04/15 08:48:48.819,2024-04-15 08:48:48.819000+00:00
2024/04/15, 08:49:48.819,35.953,-75.122, 0.68,204.07,166.5,0.06,15.6,15.7,1010.9,1011.1,0.0,0.0,85.09,78.49,21,15,9.9,9.5,78.3,78.4,9.9,9.5,225.1,219.1,1013.0,1013.2,-6.33,345.93,-0.01,30.6221,11.8288,331.2,54.1,1491.088, NAN, NAN, NAN, NAN,,2024/04/15 08:49:48.819,2024-04-15 08:49:48.819000+00:00
2024/04/15, 08:50:48.819,35.953,-75.122, 0.70,203.96,214.66,0.13,15.7,15.7,1011.1,1010.9,0.0,0.0,85.09,78.49,19,14,10.1,9.5,78.3,78.4,10.1,9.4,223.2,218.2,1013.2,1013.0,-6.3,346.03,-0.01,30.6344,11.8261,334.0,54.2,1491.093, NAN, NAN, NAN, NAN,,2024/04/15 08:50:48.819,2024-04-15 08:50:48.819000+00:00
2024/04/15, 08:51:48.819,35.953,-75.122, 0.66,203.99,72.01,0.11,15.7,15.7,1010.9,1010.9,0.0,0.0,85.09,78.49,19,13,10.2,9.5,78.4,78.5,10.3,9.6,223.0,217.0,1013.0,1013.0,-6.37,345.91,-0.02,30.6318,11.8223,332.4,54.1,1491.077, NAN, NAN, NAN, NAN,,2024/04/15 08:51:48.819,2024-04-15 08:51:48.819000+00:00
2024/04/15, 08:52:48.819,35.953,-75.122, 0.74,203.48,100.74,0.39,15.7,15.7,1010.8,1011.0,0.0,0.0,85.09,78.49,19,14,10.1,9.6,78.3,78.5,10.2,9.7,223.5,218.6,1012.9,1013.1,-6.27,345.79,-0.01,30.629,11.822,330.0,54.0,1491.073, NAN, NAN, NAN, NAN,,2024/04/15 08:52:48.819,2024-04-15 08:52:48.819000+00:00
2024/04/15, 08:53:48.820,35.953,-75.122, 0.69,204.1,91.67,0.16,15.7,15.7,1010.9,1010.9,0.0,0.0,85.09,78.49,19,13,10.1,9.5,78.4,78.4,10.1,9.5,223.5,217.6,1013.0,1013.0,-6.31,346.18,-0.01,30.6346,11.8248,332.4,53.9,1491.089, NAN, NAN, NAN, NAN,,2024/04/15 08:53:48.820,2024-04-15 08:53:48.820000+00:00
2024/04/15, 08:54:48.820,35.953,-75.122, 0.80,203.76,131.05,0.31,15.7,15.7,1010.9,1011.0,0.0,0.0,85.09,78.49,20,15,10.3,10.0,78.5,78.5,10.3,10.0,224.6,219.7,1013.0,1013.1,-6.3,346.3,-0.01,30.6308,11.8264,333.1,53.8,1491.09, NAN, NAN, NAN, NAN,,2024/04/15 08:54:48.820,2024-04-15 08:54:48.820000+00:00
2024/04/15, 08:55:48.820,35.953,-75.122, 0.78,203.8,107.11,0.06,15.7,15.7,1011.0,1010.9,0.0,0.0,85.09,78.49,20,14,10.8,10.2,78.5,78.5,10.8,10.2,223.8,217.8,1013.1,1013.0,-6.3,346.67,-0.01,30.625,11.8295,331.0,53.8,1491.094, NAN, NAN, NAN, NAN,,2024/04/15 08:55:48.820,2024-04-15 08:55:48.820000+00:00
2024/04/15, 08:56:48.820,35.953,-75.122, 0.70,203.97,123.17,0.43,15.7,15.7,1010.9,1011.0,0.0,0.0,85.09,78.49,19,12,10.5,10.2,78.7,78.7,10.6,10.2,224.1,217.2,1013.0,1013.1,-6.3,346.75,-0.02,30.6206,11.8298,331.8,53.8,1491.09, NAN, NAN, NAN, NAN,,2024/04/15 08:56:48.820,2024-04-15 08:56:48.820000+00:00
2024/04/15, 08:57:48.820,35.953,-75.122, 0.66,203.83,146.69,0.32,15.7,15.7,1010.8,1011.0,0.0,0.0,85.09,78.49,19,14,10.2,9.8,78.4,78.4,10.2,9.8,223.7,218.8,1012.9,1013.1,-6.29,346.39,-0.01,30.6353,11.8288,333.4,53.8,1491.104, NAN, NAN, NAN, NAN,,2024/04/15 08:57:48.820,2024-04-15 08:57:48.820000+00:00
2024/04/15, 08:58:48.820,35.953,-75.122, 0.78,203.93,287.77,0.02,15.8,15.8,1010.9,1011.0,0.0,0.0,85.09,78.49,18,13,10.1,9.6,78.3,78.4,10.1,9.6,222.0,217.0,1013.0,1013.1,-6.2,345.93,-0.01,30.6353,11.8311,332.4,53.9,1491.112, NAN, NAN, NAN, NAN,,2024/04/15 08:58:48.820,2024-04-15 08:58:48.820000+00:00
2024/04/15, 08:59:48.820,35.953,-75.122, 1.01,210.91,231.87,0.89,15.7,15.7,1011.0,1010.9,0.0,0.0,85.09,78.49,16,12,10.7,9.9,78.4,78.4,10.3,9.5,227.8,223.6,1013.1,1013.0,-6.21,346.51,-0.01,30.6259,11.8327,332.8,54.0,1491.106, NAN, NAN, NAN, NAN,,2024/04/15 08:59:48.820,2024-04-15 08:59:48.820000+00:00
2024/04/15, 09:00:48.820,35.953,-75.122, 2.16,249.18,265.31,2.37,15.7,15.8,1010.8,1011.1,0.0,0.0,85.09,78.49,342,340,10.1,10.5,78.5,78.6,9.1,9.5,227.2,225.1,1012.9,1013.2,-6.33,346.84,-0.01,30.626,11.8327,333.7,53.8,1491.106, NAN, NAN, NAN, NAN,,2024/04/15 09:00:48.820,2024-04-15 09:00:48.820000+00:00
2024/04/15, 09:01:48.820,35.953,-75.124, 4.01,272.04,287.39,4.48,15.8,15.8,1011.0,1010.9,0.0,0.0,85.09,78.49,315,312,11.4,12.3,78.4,78.5,10.5,11.5,216.0,213.7,1013.1,1013.0,-6.2,347.05,-0.01,30.6202,11.8336,332.4,53.8,1491.103, NAN, NAN, NAN, NAN,,2024/04/15 09:01:48.820,2024-04-15 09:01:48.820000+00:00
2024/04/15, 09:02:48.820,35.953,-75.126, 6.17,266.12,277.67,6.23,15.8,15.8,1011.1,1010.9,0.0,0.0,85.09,78.49,326,322,11.9,13.6,78.2,78.3,9.9,11.7,219.0,216.3,1013.2,1013.0,-6.17,346.37,-0.01,30.62,11.8355,333.4,53.8,1491.109, NAN, NAN, NAN, NAN,,2024/04/15 09:02:48.820,2024-04-15 09:02:48.820000+00:00
2024/04/15, 09:03:48.820,35.953,-75.128, 7.96,265.99,271.11,8.01,15.8,15.8,1010.9,1010.8,0.0,0.0,85.09,78.49,330,326,12.5,14.1,78.0,78.0,9.5,11.3,221.0,218.2,1013.0,1012.9,-6.1,346.94,-0.01,30.6152,11.8469,333.1,53.8,1491.143, NAN, NAN, NAN, NAN,,2024/04/15 09:03:48.820,2024-04-15 09:03:48.820000+00:00
2024/04/15, 09:04:48.820,35.953,-75.131, 9.05,267.7,273.11,9.0,15.9,15.9,1011.0,1010.8,0.0,0.0,85.09,78.49,329,325,13.1,15.0,77.9,77.9,9.8,11.9,220.2,217.9,1013.1,1012.9,-6.15,346.96,-0.01,30.6112,11.8752,332.8,53.7,1491.236, NAN, NAN, NAN, NAN,,2024/04/15 09:04:48.820,2024-04-15 09:04:48.820000+00:00
2024/04/15, 09:05:48.820,35.954,-75.134, 9.32,264.04,273.15,9.27,15.9,15.9,1011.1,1010.7,0.0,0.0,85.09,78.49,330,326,13.6,15.5,77.8,77.6,10.3,12.4,217.4,215.1,1013.2,1012.8,-5.96,347.13,-0.01,30.6104,11.907,332.4,54.0,1491.345, NAN, NAN, NAN, NAN,,2024/04/15 09:05:48.820,2024-04-15 09:05:48.820000+00:00
2024/04/15, 09:06:48.820,35.954,-75.137, 9.57,265.42,275.63,9.52,15.9,15.9,1010.8,1010.7,0.0,0.0,85.09,78.49,329,326,13.6,15.5,77.3,77.4,10.3,12.3,217.0,216.0,1012.9,1012.8,-5.95,346.99,-0.01,30.594,11.9564,330.4,54.1,1491.497, NAN, NAN, NAN, NAN,,2024/04/15 09:06:48.820,2024-04-15 09:06:48.820000+00:00
2024/04/15, 09:07:48.820,35.954,-75.141, 9.78,267.3,271.91,9.42,15.9,15.9,1010.9,1010.7,0.0,0.0,85.09,78.49,328,323,13.5,15.4,77.3,77.4,10.1,12.3,218.4,214.9,1013.0,1012.8,-6.02,346.76,-0.01,30.5738,12.0354,327.0,54.1,1491.746, NAN, NAN, NAN, NAN,,2024/04/15 09:07:48.820,2024-04-15 09:07:48.820000+00:00
2024/04/15, 09:08:48.820,35.954,-75.144, 9.72,264.47,268.92,9.62,15.9,15.9,1011.0,1010.6,0.0,0.0,85.09,78.49,327,323,13.3,15.0,77.1,77.3,10.0,11.9,213.2,210.9,1013.1,1012.7,-6.05,347.09,-0.01,30.5347,12.0776,328.1,54.1,1491.845, NAN, NAN, NAN, NAN,,2024/04/15 09:08:48.820,2024-04-15 09:08:48.820000+00:00
2024/04/15, 09:09:48.821,35.954,-75.147, 9.64,264.17,270.1,9.44,15.9,15.9,1010.9,1010.8,0.0,0.0,85.09,78.49,329,325,13.6,15.1,77.1,77.2,10.1,11.8,216.6,213.8,1013.0,1012.9,-5.97,346.71,-0.01,30.4481,12.1158,327.0,53.8,1491.874, NAN, NAN, NAN, NAN,,2024/04/15 09:09:48.821,2024-04-15 09:09:48.821000+00:00
2024/04/15, 09:10:48.821,35.954,-75.15, 9.64,264.72,269.85,9.65,15.9,15.9,1010.9,1010.8,0.0,0.0,85.09,78.49,328,324,13.4,15.4,77.1,77.2,9.9,12.1,215.1,213.0,1013.0,1012.9,-6.05,346.59,-0.02,30.3784,12.1414,327.0,54.1,1491.879, NAN, NAN, NAN, NAN,,2024/04/15 09:10:48.821,2024-04-15 09:10:48.821000+00:00
2024/04/15, 09:11:48.821,35.954,-75.154, 9.58,264.4,271.97,9.73,15.9,15.9,1010.9,1010.8,0.0,0.0,85.09,78.49,328,325,13.8,15.8,77.0,77.1,10.4,12.6,214.7,213.9,1013.0,1012.9,-6.0,347.29,-0.02,30.3213,12.1507,327.0,54.2,1491.843, NAN, NAN, NAN, NAN,,2024/04/15 09:11:48.821,2024-04-15 09:11:48.821000+00:00
2024/04/15, 09:12:48.821,35.954,-75.157, 9.71,264.21,269.64,9.54,15.9,15.9,1010.8,1010.8,0.0,0.0,85.09,78.49,329,324,13.7,15.4,76.9,77.1,10.2,12.2,216.5,212.6,1012.9,1012.9,-6.07,346.46,-0.01,30.2696,12.1566,328.4,54.4,1491.802, NAN, NAN, NAN, NAN,,2024/04/15 09:12:48.821,2024-04-15 09:12:48.821000+00:00
2024/04/15, 09:13:48.821,35.954,-75.16, 9.66,265.05,270.88,9.73,15.9,15.9,1011.0,1010.8,0.0,0.0,85.09,78.49,328,324,13.7,15.6,76.7,76.9,10.2,12.3,215.6,213.4,1013.1,1012.9,-6.13,346.66,-0.02,30.2418,12.1649,329.4,54.3,1491.797, NAN, NAN, NAN, NAN,,2024/04/15 09:13:48.821,2024-04-15 09:13:48.821000+00:00
2024/04/15, 09:14:48.821,35.954,-75.163, 9.65,263.93,271.93,9.56,15.9,15.9,1010.8,1010.8,0.0,0.0,85.09,78.49,331,325,13.3,15.4,76.6,76.8,9.8,12.2,217.6,213.2,1012.9,1012.9,-6.08,346.85,-0.02,30.2181,12.1711,330.4,54.3,1491.79, NAN, NAN, NAN, NAN,,2024/04/15 09:14:48.821,2024-04-15 09:14:48.821000+00:00
2024/04/15, 09:15:48.821,35.954,-75.167, 9.82,264.04,269.93,9.54,15.9,15.9,1011.0,1010.8,0.0,0.0,85.09,78.49,330,326,13.6,15.6,76.6,76.7,10.1,12.3,217.1,214.9,1013.1,1012.9,-5.99,346.52,-0.02,30.178,12.1799,330.4,54.3,1491.773, NAN, NAN, NAN, NAN,,2024/04/15 09:15:48.821,2024-04-15 09:15:48.821000+00:00
2024/04/15, 09:16:48.821,35.954,-75.17, 9.65,265.66,272.88,9.67,15.9,15.9,1010.9,1010.7,0.0,0.0,85.09,78.49,331,327,13.2,15.4,76.6,76.7,9.6,11.9,219.4,217.5,1013.0,1012.8,-6.14,346.49,-0.02,30.1367,12.1863,331.2,54.3,1491.746, NAN, NAN, NAN, NAN,,2024/04/15 09:16:48.821,2024-04-15 09:16:48.821000+00:00
2024/04/15, 09:17:48.821,35.954,-75.173, 9.59,264.69,272.08,9.57,15.9,15.9,1010.9,1010.8,0.0,0.0,85.09,78.49,330,326,13.2,15.4,76.7,76.7,9.8,12.2,216.6,214.9,1013.0,1012.9,-6.15,346.56,-0.01,30.1007,12.1913,329.7,54.4,1491.72, NAN, NAN, NAN, NAN,,2024/04/15 09:17:48.821,2024-04-15 09:17:48.821000+00:00
2024/04/15, 09:18:48.821,35.954,-75.177, 9.58,264.25,271.94,9.66,15.9,15.9,1010.9,1010.8,0.0,0.0,85.09,78.49,329,326,13.4,15.5,76.7,76.7,10.0,12.3,215.1,214.5,1013.0,1012.9,-6.13,346.72,-0.01,30.0746,12.1923,331.2,54.4,1491.693, NAN, NAN, NAN, NAN,,2024/04/15 09:18:48.821,2024-04-15 09:18:48.821000+00:00
2024/04/15, 09:19:48.821,35.954,-75.18, 9.70,264.94,276.5,9.82,15.9,15.9,1010.9,1010.8,0.0,0.0,85.09,78.49,329,326,13.0,14.9,76.9,76.8,9.7,11.7,214.5,214.0,1013.0,1012.9,-6.14,346.59,-0.01,30.0517,12.1891,331.2,54.4,1491.654, NAN, NAN, NAN, NAN,,2024/04/15 09:19:48.821,2024-04-15 09:19:48.821000+00:00
2024/04/15, 09:20:48.821,35.955,-75.183, 9.69,264.34,271.12,9.53,15.9,15.9,1011.0,1010.8,0.0,0.0,85.09,78.49,330,325,13.7,15.3,76.8,76.9,10.2,12.1,217.7,213.8,1013.1,1012.9,-6.14,346.99,-0.01,30.0338,12.1828,332.8,54.3,1491.611, NAN, NAN, NAN, NAN,,2024/04/15 09:20:48.821,2024-04-15 09:20:48.821000+00:00
2024/04/15, 09:21:48.821,35.955,-75.186, 9.68,264.73,276.17,9.7,15.9,15.9,1010.9,1010.8,0.0,0.0,85.09,78.49,330,325,14.0,15.9,76.6,76.7,10.6,12.8,217.6,214.1,1013.0,1012.9,-6.05,347.15,-0.01,30.0237,12.1811,332.1,54.4,1491.594, NAN, NAN, NAN, NAN,,2024/04/15 09:21:48.821,2024-04-15 09:21:48.821000+00:00
2024/04/15, 09:22:48.821,35.955,-75.19, 9.65,265.56,274.14,9.41,15.9,15.9,1010.9,1010.7,0.0,0.0,85.09,78.49,328,325,13.6,15.5,76.4,76.5,10.4,12.5,215.9,215.0,1013.0,1012.8,-6.02,346.92,-0.01,30.0172,12.1743,332.1,54.4,1491.562, NAN, NAN, NAN, NAN,,2024/04/15 09:22:48.821,2024-04-15 09:22:48.821000+00:00
2024/04/15, 09:23:48.821,35.955,-75.193, 9.58,263.58,270.42,9.59,15.9,15.9,1011.0,1010.6,0.0,0.0,85.09,78.49,329,325,14.3,15.9,76.2,76.3,10.9,12.7,216.3,213.4,1013.1,1012.7,-6.11,347.55,-0.01,30.0078,12.1559,331.5,54.5,1491.488, NAN, NAN, NAN, NAN,,2024/04/15 09:23:48.821,2024-04-15 09:23:48.821000+00:00
2024/04/15, 09:24:48.822,35.955,-75.196, 9.59,263.65,272.33,9.63,16.0,16.0,1011.0,1010.7,0.0,0.0,85.09,78.49,330,325,13.8,15.6,76.1,76.2,10.4,12.5,216.2,212.7,1013.1,1012.8,-6.12,347.05,-0.01,30.0022,12.1351,331.8,54.5,1491.409, NAN, NAN, NAN, NAN,,2024/04/15 09:24:48.822,2024-04-15 09:24:48.822000+00:00
2024/04/15, 09:25:48.822,35.955,-75.2, 9.53,264.38,273.23,9.38,16.0,16.0,1010.9,1010.6,0.0,0.0,85.09,78.49,328,325,14.2,15.8,75.9,75.9,11.1,12.9,215.5,214.0,1013.0,1012.7,-5.99,347.04,-0.02,30.0038,12.1278,332.4,54.6,1491.386, NAN, NAN, NAN, NAN,,2024/04/15 09:25:48.822,2024-04-15 09:25:48.822000+00:00
2024/04/15, 09:26:48.822,35.955,-75.203, 9.55,266.67,276.63,9.55,16.0,16.0,1011.0,1010.7,0.0,0.0,85.09,78.49,330,325,14.1,16.0,75.7,75.8,10.8,13.0,219.8,216.3,1013.1,1012.8,-5.9,347.15,-0.01,30.0068,12.1325,334.0,54.6,1491.406, NAN, NAN, NAN, NAN,,2024/04/15 09:26:48.822,2024-04-15 09:26:48.822000+00:00
2024/04/15, 09:27:48.822,35.956,-75.206, 9.58,265.25,273.35,9.69,16.0,16.0,1010.8,1010.8,0.0,0.0,85.09,78.49,329,326,14.2,16.1,75.6,75.7,10.8,12.9,217.3,216.2,1012.9,1012.9,-6.03,347.34,-0.02,30.0006,12.1287,332.1,54.5,1491.385, NAN, NAN, NAN, NAN,,2024/04/15 09:27:48.822,2024-04-15 09:27:48.822000+00:00
2024/04/15, 09:28:48.822,35.956,-75.209, 9.64,267.59,272.08,9.78,16.0,16.0,1011.0,1010.8,0.0,0.0,85.09,78.49,327,323,14.2,16.0,75.6,75.6,10.8,12.9,217.2,214.8,1013.1,1012.9,-5.99,346.96,-0.01,29.9912,12.1157,331.8,54.7,1491.329, NAN, NAN, NAN, NAN,,2024/04/15 09:28:48.822,2024-04-15 09:28:48.822000+00:00
2024/04/15, 09:29:48.822,35.956,-75.213, 9.66,264.05,275.05,9.54,16.0,16.0,1010.8,1010.8,0.0,0.0,85.09,78.49,329,324,14.4,16.2,75.5,75.6,11.2,13.3,216.1,212.5,1012.9,1012.9,-6.05,347.19,-0.02,29.9903,12.0836,331.5,54.6,1491.217, NAN, NAN, NAN, NAN,,2024/04/15 09:29:48.822,2024-04-15 09:29:48.822000+00:00
2024/04/15, 09:30:48.822,35.956,-75.216, 9.60,264.58,277.33,9.69,16.0,16.0,1010.8,1010.7,0.0,0.0,85.09,78.49,328,324,14.8,16.6,75.6,75.7,11.8,13.8,215.4,213.0,1012.9,1012.8,-6.06,347.3,-0.01,29.9934,12.0583,332.1,54.5,1491.133, NAN, NAN, NAN, NAN,,2024/04/15 09:30:48.822,2024-04-15 09:30:48.822000+00:00
2024/04/15, 09:31:48.822,35.957,-75.219, 9.60,264.89,274.53,9.57,16.0,16.0,1010.8,1010.6,0.0,0.0,85.09,78.49,328,324,14.7,16.4,75.6,75.8,11.5,13.5,216.3,213.6,1012.9,1012.7,-6.08,347.09,-0.02,30.0061,12.023,333.4,54.7,1491.026, NAN, NAN, NAN, NAN,,2024/04/15 09:31:48.822,2024-04-15 09:31:48.822000+00:00
2024/04/15, 09:32:48.822,35.957,-75.223, 9.64,264.79,273.89,9.76,16.0,16.0,1010.9,1010.7,0.0,0.0,85.09,78.49,328,324,13.8,15.9,75.6,75.6,10.6,12.9,214.3,212.6,1013.0,1012.8,-6.04,346.63,-0.02,30.018,11.9928,335.2,54.7,1490.936, NAN, NAN, NAN, NAN,,2024/04/15 09:32:48.822,2024-04-15 09:32:48.822000+00:00
2024/04/15, 09:33:48.822,35.957,-75.226, 9.63,263.99,274.01,9.63,16.0,16.0,1010.8,1010.8,0.0,0.0,85.09,78.49,329,325,14.2,15.7,75.6,75.7,11.0,12.7,215.6,212.9,1012.9,1012.9,-6.09,346.28,-0.01,30.0297,11.9696,335.5,54.7,1490.87, NAN, NAN, NAN, NAN,,2024/04/15 09:33:48.822,2024-04-15 09:33:48.822000+00:00
2024/04/15, 09:34:48.822,35.957,-75.229, 9.65,266.4,273.63,9.75,15.9,15.9,1010.9,1010.6,0.0,0.0,85.09,78.49,328,324,14.3,16.1,75.8,75.9,11.0,13.1,217.0,214.6,1013.0,1012.7,-6.09,346.63,-0.01,30.0402,11.9534,338.8,54.6,1490.826, NAN, NAN, NAN, NAN,,2024/04/15 09:34:48.822,2024-04-15 09:34:48.822000+00:00
2024/04/15, 09:35:48.822,35.957,-75.232, 9.63,264.57,274.59,9.54,15.9,15.9,1010.9,1010.7,0.0,0.0,85.09,78.49,329,325,14.0,16.0,76.0,76.1,10.8,13.0,216.2,214.1,1013.0,1012.8,-6.11,346.05,-0.01,30.0465,11.9535,338.8,54.6,1490.834, NAN, NAN, NAN, NAN,,2024/04/15 09:35:48.822,2024-04-15 09:35:48.822000+00:00
2024/04/15, 09:36:48.822,35.958,-75.236, 9.62,264.81,273.27,9.7,15.9,15.9,1010.9,1010.7,0.0,0.0,85.09,78.49,329,326,14.2,16.2,76.1,76.2,10.9,13.0,216.7,215.7,1013.0,1012.8,-6.14,346.39,-0.01,30.0507,11.9692,342.2,54.7,1490.893, NAN, NAN, NAN, NAN,,2024/04/15 09:36:48.822,2024-04-15 09:36:48.822000+00:00
2024/04/15, 09:37:48.822,35.958,-75.239, 9.61,264.87,277.24,9.77,15.9,15.9,1010.9,1010.8,0.0,0.0,85.09,78.49,329,325,14.0,16.1,76.2,76.3,10.8,13.1,215.8,213.9,1013.0,1012.9,-6.13,345.99,-0.01,30.0507,11.9625,342.5,54.7,1490.87, NAN, NAN, NAN, NAN,,2024/04/15 09:37:48.822,2024-04-15 09:37:48.822000+00:00
2024/04/15, 09:38:48.822,35.958,-75.242, 9.61,264.4,275.49,9.5,15.8,15.8,1011.0,1010.7,0.0,0.0,85.09,78.49,330,325,14.3,16.3,76.4,76.5,11.0,13.3,217.9,214.4,1013.1,1012.8,-6.06,346.26,-0.01,30.0427,11.948,342.5,54.7,1490.81, NAN, NAN, NAN, NAN,,2024/04/15 09:38:48.822,2024-04-15 09:38:48.822000+00:00
2024/04/15, 09:39:48.823,35.958,-75.246, 9.64,263.51,275.97,9.7,15.8,15.8,1010.9,1010.8,0.0,0.0,85.09,78.49,329,325,14.3,16.4,76.6,76.6,11.2,13.6,214.6,212.7,1013.0,1012.9,-6.13,346.52,-0.01,30.0477,11.9101,344.6,54.6,1490.685, NAN, NAN, NAN, NAN,,2024/04/15 09:39:48.823,2024-04-15 09:39:48.823000+00:00
2024/04/15, 09:40:48.823,35.958,-75.249, 9.54,263.23,271.2,9.7,15.8,15.8,1011.0,1010.7,0.0,0.0,85.09,78.49,331,327,13.9,16.0,76.8,76.9,10.4,12.7,217.4,215.2,1013.1,1012.8,-6.05,345.89,-0.01,30.0563,11.8656,346.8,54.5,1490.54, NAN, NAN, NAN, NAN,,2024/04/15 09:40:48.823,2024-04-15 09:40:48.823000+00:00
2024/04/15, 09:41:48.823,35.958,-75.252, 9.62,255.51,265.69,9.43,15.7,15.7,1010.8,1010.7,0.0,0.0,85.09,78.49,334,328,14.0,16.1,76.9,77.0,10.4,12.9,213.8,209.0,1012.9,1012.8,-6.12,345.96,-0.01,30.0757,11.8318,348.3,54.5,1490.446, NAN, NAN, NAN, NAN,,2024/04/15 09:41:48.823,2024-04-15 09:41:48.823000+00:00
2024/04/15, 09:42:48.823,35.958,-75.255, 9.34,257.12,265.31,9.28,15.7,15.7,1010.9,1010.7,0.0,0.0,85.09,78.49,336,331,13.9,15.0,77.5,77.4,10.2,11.6,218.6,213.7,1013.0,1012.8,-6.07,345.95,-0.01,30.1038,11.8017,352.3,54.6,1490.375, NAN, NAN, NAN, NAN,,2024/04/15 09:42:48.823,2024-04-15 09:42:48.823000+00:00
2024/04/15, 09:43:48.823,35.958,-75.259, 9.49,256.92,267.9,9.51,15.6,15.7,1010.8,1010.7,0.0,0.0,85.09,78.49,336,332,14.0,14.8,77.7,77.8,10.4,11.4,217.4,213.4,1012.9,1012.8,-6.08,345.76,-0.01,30.133,11.7655,355.6,54.7,1490.284, NAN, NAN, NAN, NAN,,2024/04/15 09:43:48.823,2024-04-15 09:43:48.823000+00:00
2024/04/15, 09:44:48.823,35.958,-75.262, 9.46,253.63,264.08,9.39,15.6,15.6,1010.8,1010.8,0.0,0.0,85.09,78.49,339,334,14.6,14.9,77.9,78.0,10.7,11.3,219.4,213.3,1012.9,1012.9,-6.15,346.41,-0.01,30.1585,11.7392,357.7,54.4,1490.223, NAN, NAN, NAN, NAN,,2024/04/15 09:44:48.823,2024-04-15 09:44:48.823000+00:00
2024/04/15, 09:45:48.823,35.957,-75.265, 9.67,254.01,260.25,9.63,15.6,15.6,1010.8,1010.8,0.0,0.0,85.09,78.49,337,333,14.6,14.9,78.4,78.4,10.6,11.2,217.5,212.6,1012.9,1012.9,-6.14,346.31,-0.01,30.1835,11.7018,358.0,54.5,1490.122, NAN, NAN, NAN, NAN,,2024/04/15 09:45:48.823,2024-04-15 09:45:48.823000+00:00
2024/04/15, 09:46:48.823,35.957,-75.268, 9.90,254.73,264.32,9.55,15.6,15.6,1010.9,1010.8,0.0,0.0,85.09,78.49,338,333,14.4,14.9,78.5,78.5,10.5,11.3,218.9,213.1,1013.0,1012.9,-6.1,345.92,-0.0,30.2092,11.6624,362.4,54.5,1490.015, NAN, NAN, NAN, NAN,,2024/04/15 09:46:48.823,2024-04-15 09:46:48.823000+00:00
2024/04/15, 09:47:48.823,35.957,-75.271, 9.87,254.26,262.66,9.53,15.6,15.6,1010.8,1010.8,0.0,0.0,85.09,78.49,337,332,14.3,15.0,78.5,78.5,10.4,11.4,217.2,211.6,1012.9,1012.9,-6.11,345.95,-0.0,30.2319,11.6382,365.4,54.5,1489.958, NAN, NAN, NAN, NAN,,2024/04/15 09:47:48.823,2024-04-15 09:47:48.823000+00:00
2024/04/15, 09:48:48.823,35.956,-75.275, 9.75,255.99,262.82,9.6,15.6,15.7,1010.8,1010.7,0.0,0.0,85.09,78.49,337,331,14.7,15.2,78.6,78.6,10.7,11.6,219.5,212.4,1012.9,1012.8,-6.12,346.53,0.0,30.2577,11.6184,371.6,54.5,1489.92, NAN, NAN, NAN, NAN,,2024/04/15 09:48:48.823,2024-04-15 09:48:48.823000+00:00
2024/04/15, 09:49:48.823,35.956,-75.278, 9.69,258.88,264.93,9.65,15.7,15.7,1010.8,1010.8,0.0,0.0,85.09,78.49,335,330,14.5,15.5,78.7,78.7,10.6,11.9,219.6,214.4,1012.9,1012.9,-6.05,346.28,0.0,30.2774,11.5955,372.8,54.4,1489.863, NAN, NAN, NAN, NAN,,2024/04/15 09:49:48.823,2024-04-15 09:49:48.823000+00:00
2024/04/15, 09:50:48.823,35.956,-75.281, 9.73,258.96,267.89,9.71,15.7,15.7,1010.9,1010.7,0.0,0.0,85.09,78.49,335,330,14.2,15.6,78.8,78.8,10.5,12.2,218.3,213.9,1013.0,1012.8,-6.0,346.28,0.0,30.2903,11.5674,373.2,53.7,1489.78, NAN, NAN, NAN, NAN,,2024/04/15 09:50:48.823,2024-04-15 09:50:48.823000+00:00
2024/04/15, 09:51:48.823,35.956,-75.285, 9.73,258.67,264.92,9.53,15.7,15.7,1011.0,1010.8,0.0,0.0,85.09,78.49,335,330,14.1,15.3,78.9,78.9,10.4,11.9,218.6,213.8,1013.1,1012.9,-6.13,346.43,0.01,30.3026,11.5468,373.9,54.2,1489.723, NAN, NAN, NAN, NAN,,2024/04/15 09:51:48.823,2024-04-15 09:51:48.823000+00:00
2024/04/15, 09:52:48.823,35.956,-75.288, 9.74,258.17,269.13,9.78,15.7,15.7,1010.8,1010.8,0.0,0.0,85.09,78.49,335,330,14.4,15.6,78.9,79.1,10.6,12.1,217.8,213.0,1012.9,1012.9,-6.08,346.69,0.02,30.3152,11.5371,375.5,54.4,1489.704, NAN, NAN, NAN, NAN,,2024/04/15 09:52:48.823,2024-04-15 09:52:48.823000+00:00
2024/04/15, 09:53:48.823,35.956,-75.291, 9.71,258.44,267.44,9.83,15.7,15.7,1011.0,1010.9,0.0,0.0,85.09,78.49,334,329,14.0,16.3,79.1,79.4,10.3,12.9,216.0,212.7,1013.1,1013.0,-6.04,346.88,0.03,30.3327,11.5198,373.2,54.3,1489.665, NAN, NAN, NAN, NAN,,2024/04/15 09:53:48.823,2024-04-15 09:53:48.823000+00:00
2024/04/15, 09:54:48.824,35.955,-75.295, 10.08,258.48,268.64,9.58,15.7,15.7,1010.9,1010.9,0.0,0.0,85.09,78.49,335,331,14.5,15.5,79.4,79.5,10.8,12.0,218.8,215.0,1013.0,1013.0,-5.99,346.96,0.03,30.3459,11.5113,372.8,54.3,1489.651, NAN, NAN, NAN, NAN,,2024/04/15 09:54:48.824,2024-04-15 09:54:48.824000+00:00
2024/04/15, 09:55:48.824,35.955,-75.298, 9.93,259.69,268.87,9.57,15.8,15.8,1011.0,1010.8,0.0,0.0,85.09,78.49,333,329,14.0,15.8,79.3,79.4,10.5,12.5,216.3,213.8,1013.1,1012.9,-6.01,346.62,0.04,30.3627,11.5103,369.4,54.5,1489.667, NAN, NAN, NAN, NAN,,2024/04/15 09:55:48.824,2024-04-15 09:55:48.824000+00:00
2024/04/15, 09:56:48.824,35.955,-75.301, 9.79,259.04,266.34,9.54,15.8,15.8,1010.8,1010.7,0.0,0.0,85.09,78.49,334,329,14.1,15.8,79.6,79.6,10.4,12.4,217.7,213.6,1012.9,1012.8,-6.07,347.17,0.06,30.3716,11.51,372.8,54.5,1489.677, NAN, NAN, NAN, NAN,,2024/04/15 09:56:48.824,2024-04-15 09:56:48.824000+00:00
2024/04/15, 09:57:48.824,35.955,-75.304, 9.66,258.89,267.08,9.74,15.8,15.8,1010.8,1010.7,0.0,0.0,85.09,78.49,336,330,14.0,15.5,79.9,80.0,10.1,12.0,219.5,213.9,1012.9,1012.8,-6.03,347.24,0.08,30.377,11.5001,373.6,54.3,1489.649, NAN, NAN, NAN, NAN,,2024/04/15 09:57:48.824,2024-04-15 09:57:48.824000+00:00
2024/04/15, 09:58:48.824,35.955,-75.308, 9.61,257.98,266.5,9.59,15.8,15.8,1011.0,1010.8,0.0,0.0,85.09,78.49,336,331,14.3,15.3,80.2,80.2,10.5,11.8,219.3,214.2,1013.1,1012.9,-6.01,347.73,0.1,30.3777,11.4819,367.5,54.2,1489.586, NAN, NAN, NAN, NAN,,2024/04/15 09:58:48.824,2024-04-15 09:58:48.824000+00:00
2024/04/15, 09:59:48.824,35.955,-75.311, 9.83,259.83,270.08,9.71,15.9,15.9,1010.8,1010.8,0.0,0.0,85.09,78.49,337,332,13.6,14.0,80.3,80.3,9.7,10.5,221.0,215.1,1012.9,1012.9,-5.98,347.21,0.12,30.3786,11.4524,367.0,54.3,1489.483, NAN, NAN, NAN, NAN,,2024/04/15 09:59:48.824,2024-04-15 09:59:48.824000+00:00
2024/04/15, 10:00:48.824,35.955,-75.314, 9.87,258.71,263.87,9.48,15.9,15.9,1010.9,1010.9,0.0,0.0,85.09,78.49,339,334,13.3,13.7,79.9,80.0,9.2,9.9,223.7,217.5,1013.0,1013.0,-5.99,347.26,0.16,30.3836,11.4234,367.8,53.9,1489.388, NAN, NAN, NAN, NAN,,2024/04/15 10:00:48.824,2024-04-15 10:00:48.824000+00:00
2024/04/15, 10:01:48.824,35.954,-75.318, 10.00,260.44,265.2,9.42,15.9,15.9,1011.0,1011.0,0.0,0.0,85.09,78.49,337,333,13.2,13.6,80.5,80.5,9.3,9.9,222.8,218.0,1013.1,1013.1,-5.99,347.42,0.2,30.3914,11.5343,366.0,53.9,1489.786, NAN, NAN, NAN, NAN,,2024/04/15 10:01:48.824,2024-04-15 10:01:48.824000+00:00
2024/04/15, 10:02:48.824,35.954,-75.321, 9.65,258.19,265.99,9.45,15.9,15.9,1011.0,1011.0,0.0,0.0,85.09,78.49,337,331,13.4,14.5,81.0,81.0,9.5,11.0,220.3,214.0,1013.1,1013.1,-6.04,348.06,0.25,30.397,11.8841,365.1,54.1,1491.011, NAN, NAN, NAN, NAN,,2024/04/15 10:02:48.824,2024-04-15 10:02:48.824000+00:00
2024/04/15, 10:03:48.824,35.954,-75.324, 9.57,260.29,265.9,9.36,15.9,15.9,1011.2,1011.0,0.0,0.0,85.09,78.49,337,332,13.1,13.8,81.5,81.5,9.1,10.1,223.0,217.3,1013.3,1013.1,-5.99,348.13,0.32,30.3425,12.2573,367.0,54.1,1492.235, NAN, NAN, NAN, NAN,,2024/04/15 10:03:48.824,2024-04-15 10:03:48.824000+00:00
2024/04/15, 10:04:48.824,35.954,-75.327, 9.63,260.46,266.08,9.54,16.0,16.0,1011.2,1011.0,0.0,0.0,85.09,78.49,334,330,13.1,14.7,81.6,81.6,9.2,11.0,218.6,215.7,1013.3,1013.1,-5.96,348.8,0.39,30.0275,12.5368,362.4,54.2,1492.819, NAN, NAN, NAN, NAN,,2024/04/15 10:04:48.824,2024-04-15 10:04:48.824000+00:00
2024/04/15, 10:05:48.824,35.953,-75.33, 7.34,226.42,233.53,6.12,16.0,16.1,1011.0,1010.8,0.0,0.0,85.09,78.49,353,344,12.9,13.0,81.9,81.9,9.9,10.2,215.2,203.7,1013.1,1012.9,-5.99,349.15,0.51,29.4559,12.6736,356.3,54.1,1492.608, NAN, NAN, NAN, NAN,,2024/04/15 10:05:48.824,2024-04-15 10:05:48.824000+00:00
2024/04/15, 10:06:48.824,35.952,-75.331, 4.65,220.39,222.26,3.74,16.1,16.1,1010.9,1011.1,0.0,0.0,85.09,78.49,4,358,11.9,11.7,82.1,82.1,10.0,9.8,225.3,218.1,1013.0,1013.2,-5.88,348.93,0.65,29.1102,12.751,353.9,54.3,1492.463, NAN, NAN, NAN, NAN,,2024/04/15 10:06:48.824,2024-04-15 10:06:48.824000+00:00
2024/04/15, 10:07:48.824,35.952,-75.332, 3.11,225.59,228.32,2.23,16.2,16.2,1011.2,1011.1,0.0,0.0,85.09,78.49,0,355,11.0,10.8,81.5,81.6,9.9,9.7,225.3,219.7,1013.3,1013.2,-5.75,348.74,0.79,28.9348,12.7625,353.6,54.4,1492.294, NAN, NAN, NAN, NAN,,2024/04/15 10:07:48.824,2024-04-15 10:07:48.824000+00:00
2024/04/15, 10:08:48.824,35.951,-75.332, 1.83,220.33,225.02,1.03,16.2,16.2,1011.2,1011.2,0.0,0.0,85.09,78.49,2,356,10.2,9.7,81.5,81.5,9.7,9.2,221.9,215.5,1013.3,1013.3,-5.82,347.95,0.99,28.7653,12.7673,352.3,54.2,1492.11, NAN, NAN, NAN, NAN,,2024/04/15 10:08:48.824,2024-04-15 10:08:48.824000+00:00
2024/04/15, 10:09:48.824,35.951,-75.332, 1.15,223.19,271.42,0.41,16.2,16.2,1011.2,1011.2,0.0,0.0,85.09,78.49,2,356,10.0,9.7,81.4,81.5,9.8,9.5,224.6,218.5,1013.3,1013.3,-5.79,348.59,1.23,28.7501,12.769,353.9,54.4,1492.098, NAN, NAN, NAN, NAN,,2024/04/15 10:09:48.824,2024-04-15 10:09:48.824000+00:00
2024/04/15, 10:10:48.825,35.951,-75.332, 0.53,221.93,126.39,0.13,16.2,16.2,1011.2,1011.2,0.0,0.0,85.09,78.49,0,352,9.1,8.8,81.8,81.5,9.2,8.9,222.1,214.2,1013.3,1013.3,-5.89,347.75,1.56,28.822,12.7662,353.6,54.4,1492.173, NAN, NAN, NAN, NAN,,2024/04/15 10:10:48.825,2024-04-15 10:10:48.825000+00:00
2024/04/15, 10:11:48.825,35.951,-75.332, 0.71,222.09,120.87,0.17,16.2,16.2,1011.3,1011.2,0.0,0.0,85.09,78.49,3,358,8.8,8.6,81.4,81.5,8.8,8.6,225.6,220.7,1013.4,1013.3,-5.78,347.28,1.9,28.8678,12.7633,354.4,54.4,1492.218, NAN, NAN, NAN, NAN,,2024/04/15 10:11:48.825,2024-04-15 10:11:48.825000+00:00
2024/04/15, 10:12:48.825,35.951,-75.332, 0.75,224.99,18.38,0.13,16.1,16.2,1011.2,1011.3,0.0,0.0,85.09,78.49,1,357,8.9,8.7,81.5,81.6,8.8,8.7,225.7,221.7,1013.3,1013.4,-5.85,347.5,2.3,28.8823,12.7591,358.4,54.5,1492.221, NAN, NAN, NAN, NAN,,2024/04/15 10:12:48.825,2024-04-15 10:12:48.825000+00:00
2024/04/15, 10:13:48.825,35.951,-75.332, 0.66,225.31,277.92,0.2,16.1,16.1,1011.2,1011.1,0.0,0.0,85.09,78.49,0,354,8.8,8.6,82.2,82.2,8.7,8.5,224.8,218.7,1013.3,1013.2,-5.83,347.32,2.78,28.8183,12.757,356.9,54.8,1492.138, NAN, NAN, NAN, NAN,,2024/04/15 10:13:48.825,2024-04-15 10:13:48.825000+00:00
2024/04/15, 10:14:48.825,35.951,-75.332, 0.78,225.3,123.21,0.05,16.0,16.0,1011.3,1011.3,0.0,0.0,85.09,78.49,1,355,10.1,9.4,82.4,82.4,10.1,9.4,226.4,220.4,1013.4,1013.4,-5.69,348.99,3.35,28.8127,12.759,357.2,54.8,1492.138, NAN, NAN, NAN, NAN,,2024/04/15 10:14:48.825,2024-04-15 10:14:48.825000+00:00
2024/04/15, 10:15:48.825,35.951,-75.332, 0.67,224.29,90.31,0.28,16.0,16.0,1011.3,1011.2,0.0,0.0,85.09,78.49,0,353,9.8,9.5,83.3,83.3,9.9,9.6,224.6,217.7,1013.4,1013.3,-5.49,348.72,4.1,28.8601,12.7581,357.4,54.8,1492.191, NAN, NAN, NAN, NAN,,2024/04/15 10:15:48.825,2024-04-15 10:15:48.825000+00:00
2024/04/15, 10:16:48.825,35.951,-75.332, 0.10,225.15,9.46,0.78,16.1,16.1,1011.3,1011.3,0.0,0.0,85.09,78.49,358,351,9.4,9.0,82.9,83.1,9.8,9.4,222.4,215.7,1013.4,1013.4,-5.32,349.25,4.85,28.838,12.7588,360.8,54.8,1492.167, NAN, NAN, NAN, NAN,,2024/04/15 10:16:48.825,2024-04-15 10:16:48.825000+00:00
2024/04/15, 10:17:48.825,35.952,-75.332, -0.29,224.99,23.07,1.04,16.2,16.2,1011.2,1011.3,0.0,0.0,85.09,78.49,1,355,8.8,8.6,82.7,82.8,9.3,9.1,225.0,219.4,1013.3,1013.4,-5.12,348.82,5.72,28.8497,12.763,359.6,54.7,1492.195, NAN, NAN, NAN, NAN,,2024/04/15 10:17:48.825,2024-04-15 10:17:48.825000+00:00
2024/04/15, 10:18:48.825,35.952,-75.331, -0.54,225.68,21.84,1.26,16.2,16.2,1011.3,1011.5,0.0,0.0,85.09,78.49,5,359,8.7,8.5,82.5,82.5,9.3,9.1,229.8,224.2,1013.4,1013.6,-4.98,348.65,6.71,29.02,12.7678,359.3,54.6,1492.413, NAN, NAN, NAN, NAN,,2024/04/15 10:18:48.825,2024-04-15 10:18:48.825000+00:00
2024/04/15, 10:19:48.825,35.952,-75.331, -0.71,225.83,37.21,1.29,16.3,16.3,1011.4,1011.5,0.0,0.0,85.09,78.49,5,357,8.0,8.0,82.7,82.7,8.7,8.7,230.4,223.0,1013.5,1013.6,-4.59,348.2,8.01,28.8512,12.77,360.6,54.6,1492.221, NAN, NAN, NAN, NAN,,2024/04/15 10:19:48.825,2024-04-15 10:19:48.825000+00:00
2024/04/15, 10:20:48.825,35.952,-75.331, -0.73,232.53,55.86,1.32,16.3,16.3,1011.3,1011.5,0.0,0.0,85.09,78.49,1,356,7.6,7.5,82.1,82.2,8.3,8.2,232.4,227.8,1013.4,1013.6,-4.34,347.54,9.27,28.7373,12.7728,358.0,54.7,1492.096, NAN, NAN, NAN, NAN,,2024/04/15 10:20:48.825,2024-04-15 10:20:48.825000+00:00
2024/04/15, 10:21:48.825,35.953,-75.331, -0.79,239.56,56.47,1.42,16.2,16.2,1011.4,1011.3,0.0,0.0,85.09,78.49,350,345,7.9,7.6,82.2,82.2,8.6,8.3,230.1,225.6,1013.5,1013.4,-4.16,347.84,10.62,28.7899,12.7741,358.4,54.7,1492.162, NAN, NAN, NAN, NAN,,2024/04/15 10:21:48.825,2024-04-15 10:21:48.825000+00:00
2024/04/15, 10:22:48.825,35.953,-75.33, -0.92,241.17,46.49,1.45,16.1,16.1,1011.3,1011.4,0.0,0.0,85.09,78.49,346,341,7.7,7.9,82.8,82.8,8.4,8.6,227.7,223.1,1013.4,1013.5,-3.99,347.62,12.1,28.7683,12.7715,357.7,54.8,1492.128, NAN, NAN, NAN, NAN,,2024/04/15 10:22:48.825,2024-04-15 10:22:48.825000+00:00
2024/04/15, 10:23:48.825,35.953,-75.33, -1.16,255.33,66.5,1.62,16.1,16.1,1011.5,1011.4,0.0,0.0,85.09,78.49,332,330,7.8,8.6,83.0,83.1,8.6,9.4,228.0,226.1,1013.6,1013.5,-3.63,347.84,13.68,28.8278,12.7743,358.0,54.6,1492.208, NAN, NAN, NAN, NAN,,2024/04/15 10:23:48.825,2024-04-15 10:23:48.825000+00:00
2024/04/15, 10:24:48.825,35.954,-75.329, -1.39,261.65,56.94,1.87,16.1,16.1,1011.5,1011.3,0.0,0.0,85.09,78.49,320,320,8.3,9.8,83.2,83.4,9.3,10.8,222.4,222.3,1013.6,1013.4,-3.23,348.09,15.74,28.911,12.774,356.3,54.8,1492.305, NAN, NAN, NAN, NAN,,2024/04/15 10:24:48.825,2024-04-15 10:24:48.825000+00:00
2024/04/15, 10:25:48.825,35.954,-75.329, -1.57,260.08,58.2,1.9,16.1,16.1,1011.5,1011.3,0.0,0.0,85.09,78.49,322,318,8.4,9.4,83.4,83.4,9.4,10.4,223.1,219.4,1013.6,1013.4,-2.92,348.28,17.73,28.8983,12.7789,357.7,54.7,1492.307, NAN, NAN, NAN, NAN,,2024/04/15 10:25:48.825,2024-04-15 10:25:48.825000+00:00
2024/04/15, 10:26:48.826,35.954,-75.328, -1.60,259.82,52.0,2.0,16.1,16.1,1011.6,1011.3,0.0,0.0,85.09,78.49,323,319,8.6,9.3,83.3,83.4,9.6,10.3,223.1,219.4,1013.7,1013.4,-2.41,348.3,19.93,28.9124,12.7796,355.6,54.8,1492.326, NAN, NAN, NAN, NAN,,2024/04/15 10:26:48.826,2024-04-15 10:26:48.826000+00:00
2024/04/15, 10:27:48.826,35.955,-75.328, -1.64,261.25,47.02,1.73,16.1,16.1,1011.5,1011.3,0.0,0.0,85.09,78.49,321,317,8.6,9.9,83.3,83.4,9.5,10.8,223.4,219.6,1013.6,1013.4,-2.04,348.32,22.32,28.8459,12.7985,355.0,54.8,1492.312, NAN, NAN, NAN, NAN,,2024/04/15 10:27:48.826,2024-04-15 10:27:48.826000+00:00
2024/04/15, 10:28:48.826,35.955,-75.327, -1.58,252.99,57.04,1.89,16.2,16.1,1011.4,1011.5,0.0,0.0,85.09,78.49,327,322,8.3,9.4,83.3,83.4,9.2,10.3,222.1,217.3,1013.5,1013.6,-1.32,348.09,24.95,28.7558,12.8719,356.0,54.6,1492.455, NAN, NAN, NAN, NAN,,2024/04/15 10:28:48.826,2024-04-15 10:28:48.826000+00:00
2024/04/15, 10:29:48.826,35.955,-75.327, -1.39,225.07,57.32,2.09,16.2,16.2,1011.4,1011.3,0.0,0.0,85.09,78.49,358,349,8.4,8.2,83.0,83.1,9.4,9.2,224.9,216.9,1013.5,1013.4,-0.77,348.12,28.65,28.6697,12.9361,355.6,54.9,1492.571, NAN, NAN, NAN, NAN,,2024/04/15 10:29:48.826,2024-04-15 10:29:48.826000+00:00
2024/04/15, 10:30:48.826,35.956,-75.326, -1.36,222.88,39.17,2.05,16.2,16.2,1011.4,1011.4,0.0,0.0,85.09,78.49,7,1,8.6,8.4,83.1,83.1,9.7,9.5,229.3,224.0,1013.5,1013.5,-0.09,348.14,32.01,28.6141,13.0255,354.7,55.0,1492.809, NAN, NAN, NAN, NAN,,2024/04/15 10:30:48.826,2024-04-15 10:30:48.826000+00:00
2024/04/15, 10:31:48.826,35.956,-75.326, -1.47,227.25,43.01,1.88,16.2,16.2,1011.4,1011.3,0.0,0.0,85.09,78.49,2,356,8.7,8.4,83.0,83.2,9.7,9.4,228.8,223.5,1013.5,1013.4,0.58,348.04,35.47,28.3597,13.1169,355.6,54.9,1492.818, NAN, NAN, NAN, NAN,,2024/04/15 10:31:48.826,2024-04-15 10:31:48.826000+00:00
2024/04/15, 10:32:48.826,35.956,-75.325, -0.78,249.25,55.66,0.91,16.2,16.2,1011.4,1011.5,0.0,0.0,85.09,78.49,344,342,8.9,9.0,83.3,83.4,9.4,9.5,233.0,231.1,1013.5,1013.6,1.13,348.09,39.05,28.2119,13.1292,356.9,54.9,1492.686, NAN, NAN, NAN, NAN,,2024/04/15 10:32:48.826,2024-04-15 10:32:48.826000+00:00
2024/04/15, 10:33:48.826,35.956,-75.325, 0.04,288.15,12.1,1.39,16.1,16.2,1011.5,1011.3,0.0,0.0,85.09,78.49,302,306,9.7,10.9,83.5,83.5,10.1,11.3,226.8,231.0,1013.6,1013.4,2.17,348.35,43.34,28.2337,13.1582,356.6,55.0,1492.81, NAN, NAN, NAN, NAN,,2024/04/15 10:33:48.826,2024-04-15 10:33:48.826000+00:00
2024/04/15, 10:34:48.826,35.957,-75.325, 0.79,313.47,357.32,2.27,16.2,16.2,1011.6,1011.5,0.0,0.0,85.09,78.49,272,275,9.8,10.3,83.5,83.5,10.6,11.0,220.6,223.6,1013.7,1013.6,3.05,348.34,48.88,28.1154,13.2062,360.0,54.7,1492.832, NAN, NAN, NAN, NAN,,2024/04/15 10:34:48.826,2024-04-15 10:34:48.826000+00:00
2024/04/15, 10:35:48.826,35.958,-75.325, 1.29,303.58,341.8,2.46,16.1,16.2,1011.6,1011.3,0.0,0.0,85.09,78.49,279,278,10.3,10.5,83.3,83.4,11.0,11.2,217.0,216.2,1013.7,1013.4,4.15,348.13,54.09,28.1372,13.2422,357.2,54.8,1492.98, NAN, NAN, NAN, NAN,,2024/04/15 10:35:48.826,2024-04-15 10:35:48.826000+00:00
2024/04/15, 10:36:48.826,35.958,-75.326, 1.05,276.14,328.25,2.07,16.1,16.1,1011.7,1011.5,0.0,0.0,85.09,78.49,305,303,9.8,10.8,83.4,83.6,10.2,11.2,215.4,214.0,1013.8,1013.6,5.35,348.13,60.15,28.0834,13.2502,358.0,54.9,1492.943, NAN, NAN, NAN, NAN,,2024/04/15 10:36:48.826,2024-04-15 10:36:48.826000+00:00
2024/04/15, 10:37:48.826,35.958,-75.326, 1.17,254.58,291.17,1.38,16.1,16.1,1011.6,1011.5,0.0,0.0,85.09,78.49,329,324,9.7,11.0,83.6,83.7,9.5,10.9,219.5,214.9,1013.7,1013.6,6.42,348.23,64.48,27.9265,13.2569,358.4,54.9,1492.781, NAN, NAN, NAN, NAN,,2024/04/15 10:37:48.826,2024-04-15 10:37:48.826000+00:00
2024/04/15, 10:38:48.826,35.958,-75.327, 1.42,251.34,275.42,1.47,16.1,16.1,1011.5,1011.3,0.0,0.0,85.09,78.49,334,330,9.7,10.5,83.7,83.8,9.3,10.1,221.6,217.8,1013.6,1013.4,8.33,348.56,77.38,27.8479,13.2706,359.6,55.0,1492.735, NAN, NAN, NAN, NAN,,2024/04/15 10:38:48.826,2024-04-15 10:38:48.826000+00:00
2024/04/15, 10:39:48.826,35.959,-75.327, 1.57,250.5,289.35,1.53,16.2,16.2,1011.5,1011.5,0.0,0.0,85.09,78.49,336,331,10.0,10.3,83.9,84.0,9.5,9.9,222.8,217.7,1013.6,1013.6,9.76,348.6,85.82,27.8493,13.2684,359.6,54.9,1492.729, NAN, NAN, NAN, NAN,,2024/04/15 10:39:48.826,2024-04-15 10:39:48.826000+00:00
2024/04/15, 10:40:48.826,35.959,-75.328, 1.62,242.6,242.12,1.38,16.2,16.2,1011.5,1011.4,0.0,0.0,85.09,78.49,342,337,10.0,10.5,83.9,84.0,9.4,9.9,222.3,217.2,1013.6,1013.5,11.61,348.91,97.0,27.8246,13.2575,359.3,55.1,1492.663, NAN, NAN, NAN, NAN,,2024/04/15 10:40:48.826,2024-04-15 10:40:48.826000+00:00
2024/04/15, 10:41:48.826,35.959,-75.328, 1.56,234.06,255.64,0.84,16.2,16.2,1011.5,1011.5,0.0,0.0,85.09,78.49,346,340,10.0,10.1,83.9,84.0,9.7,9.8,218.5,212.3,1013.6,1013.6,13.5,348.75,108.71,27.8506,13.2573,358.7,55.3,1492.693, NAN, NAN, NAN, NAN,,2024/04/15 10:41:48.826,2024-04-15 10:41:48.826000+00:00
2024/04/15, 10:42:48.827,35.958,-75.328, 0.87,225.85,77.94,0.1,16.2,16.2,1011.5,1011.3,0.0,0.0,85.09,78.49,358,351,9.8,9.6,84.0,84.0,9.8,9.6,223.7,216.7,1013.6,1013.4,14.94,348.53,120.72,27.893,13.2664,358.0,55.2,1492.774, NAN, NAN, NAN, NAN,,2024/04/15 10:42:48.827,2024-04-15 10:42:48.827000+00:00
2024/04/15, 10:43:48.827,35.958,-75.328, 0.58,225.48,176.22,0.33,16.2,16.2,1011.4,1011.4,0.0,0.0,85.09,78.49,358,352,9.8,9.6,83.9,84.0,9.7,9.5,224.4,218.4,1013.5,1013.5,16.22,348.8,134.18,28.0187,13.2734,358.0,55.1,1492.945, NAN, NAN, NAN, NAN,,2024/04/15 10:43:48.827,2024-04-15 10:43:48.827000+00:00
2024/04/15, 10:44:48.827,35.958,-75.328, 0.56,225.06,105.31,0.13,16.2,16.2,1011.5,1011.5,0.0,0.0,85.09,78.49,359,353,9.7,9.4,84.1,84.2,9.8,9.5,224.2,218.2,1013.6,1013.6,17.9,348.72,146.73,28.0789,13.2772,359.6,55.1,1493.029, NAN, NAN, NAN, NAN,,2024/04/15 10:44:48.827,2024-04-15 10:44:48.827000+00:00
2024/04/15, 10:45:48.827,35.958,-75.328, 0.58,225.13,118.24,0.24,16.2,16.2,1011.5,1011.5,0.0,0.0,85.09,78.49,359,354,9.8,9.6,84.3,84.3,9.8,9.6,224.8,219.9,1013.6,1013.6,19.46,348.72,159.81,28.086,13.2802,360.0,55.1,1493.048, NAN, NAN, NAN, NAN,,2024/04/15 10:45:48.827,2024-04-15 10:45:48.827000+00:00
2024/04/15, 10:46:48.827,35.958,-75.328, 0.57,225.64,312.87,0.14,16.2,16.2,1011.5,1011.5,0.0,0.0,85.09,78.49,0,355,9.9,9.7,84.2,84.4,9.9,9.7,225.2,220.2,1013.6,1013.6,21.06,349.1,174.14,28.23,13.2822,362.0,55.0,1493.224, NAN, NAN, NAN, NAN,,2024/04/15 10:46:48.827,2024-04-15 10:46:48.827000+00:00
2024/04/15, 10:47:48.827,35.958,-75.328, 0.60,225.23,291.8,0.1,16.2,16.2,1011.6,1011.6,0.0,0.0,85.09,78.49,2,356,9.9,9.5,84.5,84.4,9.9,9.5,227.5,221.5,1013.7,1013.7,22.54,348.84,189.1,28.2081,13.2834,362.4,55.1,1493.202, NAN, NAN, NAN, NAN,,2024/04/15 10:47:48.827,2024-04-15 10:47:48.827000+00:00
2024/04/15, 10:48:48.827,35.958,-75.328, 0.58,225.58,32.62,0.09,16.2,16.2,1011.5,1011.6,0.0,0.0,85.09,78.49,1,356,9.4,9.2,84.4,84.5,9.4,9.2,226.3,221.3,1013.6,1013.7,24.46,348.86,204.26,28.1884,13.2838,362.4,55.1,1493.18, NAN, NAN, NAN, NAN,,2024/04/15 10:48:48.827,2024-04-15 10:48:48.827000+00:00
2024/04/15, 10:49:48.827,35.958,-75.328, 0.58,225.88,86.63,0.15,16.2,16.2,1011.6,1011.5,0.0,0.0,85.09,78.49,0,355,9.0,9.0,84.3,84.4,9.0,9.0,226.3,221.3,1013.7,1013.6,26.8,348.26,219.24,28.3656,13.2838,364.4,54.8,1493.389, NAN, NAN, NAN, NAN,,2024/04/15 10:49:48.827,2024-04-15 10:49:48.827000+00:00
2024/04/15, 10:50:48.827,35.958,-75.328, 0.52,225.75,299.26,0.37,16.1,16.2,1011.6,1011.5,0.0,0.0,85.09,78.49,0,355,9.7,9.1,84.4,84.4,9.7,9.1,224.6,219.6,1013.7,1013.6,28.15,348.61,234.21,28.3998,13.2838,364.4,54.8,1493.429, NAN, NAN, NAN, NAN,,2024/04/15 10:50:48.827,2024-04-15 10:50:48.827000+00:00
2024/04/15, 10:51:48.827,35.958,-75.328, 0.59,225.46,85.96,0.09,16.1,16.1,1011.6,1011.6,0.0,0.0,85.09,78.49,2,357,10.3,9.9,85.0,85.0,10.3,9.9,227.6,222.6,1013.7,1013.7,29.84,349.84,253.03,28.4925,13.2835,366.0,54.9,1493.537, NAN, NAN, NAN, NAN,,2024/04/15 10:51:48.827,2024-04-15 10:51:48.827000+00:00
2024/04/15, 10:52:48.827,35.958,-75.328, 0.58,224.69,119.59,0.14,16.2,16.2,1011.8,1011.5,0.0,0.0,85.09,78.49,1,355,9.7,9.7,85.4,85.5,9.7,9.7,226.1,220.1,1013.9,1013.6,31.89,349.18,272.57,28.6673,13.2835,365.1,54.8,1493.743, NAN, NAN, NAN, NAN,,2024/04/15 10:52:48.827,2024-04-15 10:52:48.827000+00:00
2024/04/15, 10:53:48.827,35.958,-75.328, 0.60,225.1,298.55,0.25,16.2,16.2,1011.6,1011.6,0.0,0.0,85.09,78.49,2,356,9.8,9.4,85.0,85.0,9.8,9.4,226.3,220.3,1013.7,1013.7,34.1,349.28,294.01,28.8171,13.2835,363.3,54.8,1493.92, NAN, NAN, NAN, NAN,,2024/04/15 10:53:48.827,2024-04-15 10:53:48.827000+00:00
2024/04/15, 10:54:48.827,35.958,-75.328, 0.60,225.42,324.96,0.18,16.3,16.3,1011.7,1011.7,0.0,0.0,85.09,78.49,3,357,9.8,9.5,84.6,84.6,9.8,9.5,227.9,221.9,1013.8,1013.8,36.22,349.94,310.81,29.0845,13.2833,365.1,54.8,1494.234, NAN, NAN, NAN, NAN,,2024/04/15 10:54:48.827,2024-04-15 10:54:48.827000+00:00
2024/04/15, 10:55:48.827,35.958,-75.328, 0.61,225.59,117.54,0.07,16.3,16.3,1011.6,1011.7,0.0,0.0,85.09,78.49,1,355,9.6,9.5,84.7,84.9,9.6,9.5,226.8,220.8,1013.7,1013.8,38.4,349.68,334.58,28.9914,13.2823,365.7,54.8,1494.121, NAN, NAN, NAN, NAN,,2024/04/15 10:55:48.827,2024-04-15 10:55:48.827000+00:00
2024/04/15, 10:56:48.827,35.958,-75.328, 0.56,225.43,121.99,0.17,16.3,16.3,1011.7,1011.7,0.0,0.0,85.09,78.49,2,356,9.2,9.0,84.5,84.6,9.2,9.0,227.9,222.0,1013.8,1013.8,40.66,349.2,354.84,29.2905,13.2812,365.4,54.9,1494.469, NAN, NAN, NAN, NAN,,2024/04/15 10:56:48.827,2024-04-15 10:56:48.827000+00:00
2024/04/15, 10:57:48.827,35.958,-75.328, 0.62,225.27,319.86,0.22,16.3,16.3,1011.8,1011.9,0.0,0.0,85.09,78.49,2,357,9.2,8.6,84.4,84.5,9.2,8.6,226.6,221.5,1013.9,1014.0,42.84,348.58,377.18,29.4035,13.278,364.1,54.8,1494.592, NAN, NAN, NAN, NAN,,2024/04/15 10:57:48.827,2024-04-15 10:57:48.827000+00:00
2024/04/15, 10:58:48.828,35.958,-75.328, 0.53,225.65,276.32,0.1,16.3,16.3,1011.8,1011.8,0.0,0.0,85.09,78.49,2,357,9.0,8.5,84.5,84.4,9.0,8.5,227.4,222.3,1013.9,1013.9,45.26,348.2,405.19,29.4848,13.2754,364.1,54.7,1494.679, NAN, NAN, NAN, NAN,,2024/04/15 10:58:48.828,2024-04-15 10:58:48.828000+00:00
2024/04/15, 10:59:48.828,35.958,-75.328, 0.64,225.42,289.86,0.1,16.2,16.3,1011.8,1011.8,0.0,0.0,85.09,78.49,1,355,8.7,8.4,84.5,84.5,8.7,8.4,226.1,220.1,1013.9,1013.9,47.6,348.26,426.26,29.5326,13.2731,365.1,54.3,1494.728, NAN, NAN, NAN, NAN,,2024/04/15 10:59:48.828,2024-04-15 10:59:48.828000+00:00
2024/04/15, 11:00:48.828,35.958,-75.328, 0.56,225.35,156.15,0.18,16.1,16.2,1011.8,1011.8,0.0,0.0,85.09,78.49,3,356,8.7,8.6,84.9,84.9,8.7,8.6,228.9,221.9,1013.9,1013.9,49.47,348.2,447.57,29.5276,13.2715,365.4,54.4,1494.716, NAN, NAN, NAN, NAN,,2024/04/15 11:00:48.828,2024-04-15 11:00:48.828000+00:00
2024/04/15, 11:01:48.828,35.958,-75.328, 0.56,225.32,149.91,0.11,16.1,16.1,1011.8,1011.8,0.0,0.0,85.09,78.49,1,356,8.6,8.3,85.0,85.4,8.6,8.3,226.0,221.0,1013.9,1013.9,52.2,348.01,469.37,29.5288,13.2696,365.7,54.4,1494.711, NAN, NAN, NAN, NAN,,2024/04/15 11:01:48.828,2024-04-15 11:01:48.828000+00:00
2024/04/15, 11:02:48.828,35.958,-75.328, 0.57,225.56,101.94,0.18,16.1,16.1,1011.9,1011.8,0.0,0.0,85.09,78.49,1,355,9.2,8.7,85.5,85.6,9.2,8.7,227.1,221.1,1014.0,1013.9,54.36,348.38,489.44,29.3631,13.2675,366.7,54.5,1494.509, NAN, NAN, NAN, NAN,,2024/04/15 11:02:48.828,2024-04-15 11:02:48.828000+00:00
2024/04/15, 11:03:48.828,35.958,-75.328, 0.51,225.29,109.59,0.11,16.1,16.1,1011.8,1011.9,0.0,0.0,85.09,78.49,2,356,9.0,8.8,85.7,85.5,9.0,8.8,227.5,221.5,1013.9,1014.0,56.79,348.39,510.04,29.3173,13.2668,364.1,54.6,1494.453, NAN, NAN, NAN, NAN,,2024/04/15 11:03:48.828,2024-04-15 11:03:48.828000+00:00
2024/04/15, 11:04:48.828,35.958,-75.328, 0.54,225.43,90.61,0.25,16.1,16.1,1011.9,1011.8,0.0,0.0,85.09,78.49,2,356,9.0,8.8,85.7,85.8,9.0,8.8,228.2,222.3,1014.0,1013.9,59.27,348.27,533.13,29.3112,13.2654,366.2,54.9,1494.441, NAN, NAN, NAN, NAN,,2024/04/15 11:04:48.828,2024-04-15 11:04:48.828000+00:00
2024/04/15, 11:05:48.828,35.958,-75.328, 0.56,225.69,321.71,0.23,16.1,16.1,1011.9,1011.8,0.0,0.0,85.09,78.49,2,356,9.3,8.7,85.6,85.6,9.3,8.7,227.0,220.9,1014.0,1013.9,62.6,348.58,556.24,29.3513,13.264,365.7,54.9,1494.483, NAN, NAN, NAN, NAN,,2024/04/15 11:05:48.828,2024-04-15 11:05:48.828000+00:00
2024/04/15, 11:06:48.828,35.958,-75.328, 0.57,225.48,106.2,0.3,16.1,16.1,1011.8,1011.9,0.0,0.0,85.09,78.49,2,355,8.9,8.6,85.6,85.7,8.9,8.6,228.5,221.5,1013.9,1014.0,64.82,348.0,577.04,29.3049,13.262,366.7,54.9,1494.422, NAN, NAN, NAN, NAN,,2024/04/15 11:06:48.828,2024-04-15 11:06:48.828000+00:00
2024/04/15, 11:07:48.828,35.958,-75.328, 0.53,225.97,333.9,0.1,16.1,16.1,1011.9,1011.9,0.0,0.0,85.09,78.49,1,354,9.1,8.7,85.3,85.6,9.1,8.7,226.7,219.7,1014.0,1014.0,67.86,348.06,599.52,29.3986,13.258,367.5,54.8,1494.519, NAN, NAN, NAN, NAN,,2024/04/15 11:07:48.828,2024-04-15 11:07:48.828000+00:00
2024/04/15, 11:08:48.828,35.958,-75.328, 0.58,225.15,136.12,0.02,16.0,16.0,1011.8,1011.9,0.0,0.0,85.09,78.49,1,355,8.8,8.4,85.7,85.8,8.8,8.4,226.1,220.1,1013.9,1014.0,70.37,348.16,620.07,29.3397,13.2554,366.0,54.8,1494.441, NAN, NAN, NAN, NAN,,2024/04/15 11:08:48.828,2024-04-15 11:08:48.828000+00:00
2024/04/15, 11:09:48.828,35.958,-75.328, 0.55,224.76,242.28,0.12,16.0,16.0,1011.9,1011.9,0.0,0.0,85.09,78.49,2,357,8.9,8.8,85.7,85.8,8.8,8.7,226.7,221.6,1014.0,1014.0,72.42,348.08,639.18,29.4204,13.2534,365.7,54.9,1494.529, NAN, NAN, NAN, NAN,,2024/04/15 11:09:48.828,2024-04-15 11:09:48.828000+00:00
2024/04/15, 11:10:48.828,35.958,-75.328, 0.55,225.18,290.88,0.16,16.0,16.0,1011.9,1011.9,0.0,0.0,85.09,78.49,3,357,9.0,8.7,85.7,86.0,9.0,8.7,227.7,221.6,1014.0,1014.0,75.99,348.33,660.38,29.5335,13.2498,368.4,55.1,1494.65, NAN, NAN, NAN, NAN,,2024/04/15 11:10:48.828,2024-04-15 11:10:48.828000+00:00
2024/04/15, 11:11:48.828,35.958,-75.328, 0.56,224.61,47.62,0.14,16.0,16.0,1011.9,1011.9,0.0,0.0,85.09,78.49,2,357,9.1,8.8,86.1,86.1,9.1,8.8,227.0,222.0,1014.0,1014.0,78.66,348.56,680.71,29.4583,13.2474,366.0,54.9,1494.554, NAN, NAN, NAN, NAN,,2024/04/15 11:11:48.828,2024-04-15 11:11:48.828000+00:00
2024/04/15, 11:12:48.828,35.958,-75.328, 0.53,225.08,299.02,0.12,16.1,16.1,1011.9,1011.9,0.0,0.0,85.09,78.49,2,357,9.0,8.8,86.0,86.1,9.0,8.8,226.7,221.7,1014.0,1014.0,81.06,348.37,702.73,29.5362,13.2453,366.0,54.8,1494.638, NAN, NAN, NAN, NAN,,2024/04/15 11:12:48.828,2024-04-15 11:12:48.828000+00:00
2024/04/15, 11:13:48.828,35.958,-75.328, 0.56,225.56,340.6,0.23,16.1,16.1,1011.9,1012.0,0.0,0.0,85.09,78.49,2,357,9.3,8.8,85.9,86.0,9.4,8.9,227.0,222.1,1014.0,1014.1,84.68,348.53,722.42,29.5425,13.2422,365.4,54.8,1494.635, NAN, NAN, NAN, NAN,,2024/04/15 11:13:48.828,2024-04-15 11:13:48.828000+00:00
2024/04/15, 11:14:48.829,35.958,-75.328, 0.60,225.33,181.05,0.07,16.1,16.1,1012.0,1011.9,0.0,0.0,85.09,78.49,3,358,9.0,8.6,85.9,86.0,9.0,8.6,228.2,223.2,1014.1,1014.0,86.34,348.24,741.6,29.6005,13.2387,367.2,54.9,1494.692, NAN, NAN, NAN, NAN,,2024/04/15 11:14:48.829,2024-04-15 11:14:48.829000+00:00
2024/04/15, 11:15:48.829,35.958,-75.328, 0.53,225.48,121.8,0.15,16.1,16.1,1012.1,1011.9,0.0,0.0,85.09,78.49,1,357,9.2,8.7,85.7,85.8,9.2,8.7,227.0,223.0,1014.2,1014.0,89.74,348.37,759.25,29.6372,13.2357,366.7,54.5,1494.725, NAN, NAN, NAN, NAN,,2024/04/15 11:15:48.829,2024-04-15 11:15:48.829000+00:00
2024/04/15, 11:16:48.829,35.958,-75.328, 0.59,225.32,351.49,0.05,16.1,16.1,1012.0,1011.9,0.0,0.0,85.09,78.49,2,356,9.0,8.6,85.6,85.7,9.0,8.6,227.2,221.2,1014.1,1014.0,92.78,348.37,778.12,29.6172,13.2357,365.1,54.6,1494.702, NAN, NAN, NAN, NAN,,2024/04/15 11:16:48.829,2024-04-15 11:16:48.829000+00:00
2024/04/15, 11:17:48.829,35.958,-75.328, 0.60,225.19,136.77,0.18,16.2,16.2,1011.9,1012.0,0.0,0.0,85.09,78.49,2,356,8.6,8.6,85.4,85.6,8.6,8.6,227.8,221.8,1014.0,1014.1,95.37,347.89,799.15,29.3846,13.2334,366.0,54.6,1494.42, NAN, NAN, NAN, NAN,,2024/04/15 11:17:48.829,2024-04-15 11:17:48.829000+00:00
2024/04/15, 11:18:48.829,35.958,-75.328, 0.52,225.4,328.12,0.13,16.1,16.2,1012.0,1012.1,0.0,0.0,85.09,78.49,2,355,8.8,8.2,85.4,85.6,8.8,8.2,227.1,220.0,1014.1,1014.2,97.76,348.09,815.57,29.3599,13.233,366.7,54.5,1494.389, NAN, NAN, NAN, NAN,,2024/04/15 11:18:48.829,2024-04-15 11:18:48.829000+00:00
2024/04/15, 11:19:48.829,35.958,-75.328, 0.56,224.57,137.91,0.05,16.1,16.2,1012.0,1012.0,0.0,0.0,85.09,78.49,0,354,8.7,8.4,85.4,85.5,8.7,8.4,224.6,218.6,1014.1,1014.1,100.75,348.01,835.75,29.3339,13.236,365.7,54.5,1494.369, NAN, NAN, NAN, NAN,,2024/04/15 11:19:48.829,2024-04-15 11:19:48.829000+00:00
2024/04/15, 11:20:48.829,35.958,-75.328, 0.78,225.01,213.64,0.29,16.1,16.1,1012.0,1012.0,0.0,0.0,85.09,78.49,1,355,8.5,8.5,85.4,85.5,8.4,8.4,226.2,220.1,1014.1,1014.1,103.61,348.02,852.24,29.2469,13.2363,367.2,54.7,1494.267, NAN, NAN, NAN, NAN,,2024/04/15 11:20:48.829,2024-04-15 11:20:48.829000+00:00
2024/04/15, 11:21:48.829,35.958,-75.328, 1.21,225.21,237.2,0.67,16.1,16.2,1012.0,1012.0,0.0,0.0,85.09,78.49,0,355,8.8,8.6,85.2,85.4,8.5,8.3,224.7,219.5,1014.1,1014.1,108.44,347.67,872.78,29.1043,13.2338,366.7,54.7,1494.091, NAN, NAN, NAN, NAN,,2024/04/15 11:21:48.829,2024-04-15 11:21:48.829000+00:00
2024/04/15, 11:22:48.829,35.958,-75.329, 1.85,225.37,227.59,1.43,16.1,16.2,1012.0,1012.0,0.0,0.0,85.09,78.49,0,355,9.0,9.1,85.4,85.4,8.3,8.4,224.5,219.1,1014.1,1014.1,110.77,347.8,891.27,29.3725,13.2305,368.1,54.7,1494.396, NAN, NAN, NAN, NAN,,2024/04/15 11:22:48.829,2024-04-15 11:22:48.829000+00:00
2024/04/15, 11:23:48.829,35.958,-75.329, 2.46,225.85,213.07,1.94,16.1,16.1,1011.9,1011.9,0.0,0.0,85.09,78.49,358,353,9.2,8.9,85.4,85.5,8.2,7.9,224.0,218.4,1014.0,1014.0,114.08,347.52,909.26,29.349,13.2237,367.0,54.8,1494.345, NAN, NAN, NAN, NAN,,2024/04/15 11:23:48.829,2024-04-15 11:23:48.829000+00:00
2024/04/15, 11:24:48.829,35.957,-75.329, 2.79,226.08,224.94,2.19,16.1,16.1,1012.0,1012.0,0.0,0.0,85.09,78.49,358,353,9.6,9.6,85.3,85.3,8.5,8.5,223.9,218.2,1014.1,1014.1,116.25,347.65,926.34,29.0901,13.2151,367.0,55.0,1494.011, NAN, NAN, NAN, NAN,,2024/04/15 11:24:48.829,2024-04-15 11:24:48.829000+00:00
2024/04/15, 11:25:48.829,35.957,-75.33, 2.98,225.0,224.86,2.35,16.1,16.1,1012.1,1011.9,0.0,0.0,85.09,78.49,359,352,9.6,9.4,85.4,85.5,8.4,8.2,223.4,215.3,1014.2,1014.0,120.86,347.83,942.33,28.8618,13.2143,367.5,54.8,1493.739, NAN, NAN, NAN, NAN,,2024/04/15 11:25:48.829,2024-04-15 11:25:48.829000+00:00
2024/04/15, 11:26:48.829,35.956,-75.331, 2.90,223.45,225.25,1.84,16.1,16.1,1012.1,1012.0,0.0,0.0,85.09,78.49,1,354,9.4,9.3,85.4,85.6,8.5,8.4,224.9,217.1,1014.2,1014.1,125.07,347.58,962.73,28.7082,13.2274,367.2,54.9,1493.602, NAN, NAN, NAN, NAN,,2024/04/15 11:26:48.829,2024-04-15 11:26:48.829000+00:00
2024/04/15, 11:27:48.829,35.956,-75.331, 1.71,224.48,221.84,1.0,16.1,16.1,1011.9,1012.1,0.0,0.0,85.09,78.49,359,352,8.8,8.7,85.5,85.7,8.3,8.2,223.5,216.1,1014.0,1014.2,126.49,347.48,979.16,28.5963,13.243,365.7,54.8,1493.523, NAN, NAN, NAN, NAN,,2024/04/15 11:27:48.829,2024-04-15 11:27:48.829000+00:00
2024/04/15, 11:28:48.829,35.956,-75.331, 1.10,225.01,197.44,0.56,16.1,16.1,1011.9,1012.2,0.0,0.0,85.09,78.49,357,351,8.4,8.1,85.7,85.6,8.1,7.8,222.3,216.1,1014.0,1014.3,130.09,347.57,995.71,28.5779,13.2508,366.7,55.1,1493.528, NAN, NAN, NAN, NAN,,2024/04/15 11:28:48.829,2024-04-15 11:28:48.829000+00:00
2024/04/15, 11:29:48.829,35.956,-75.331, 1.49,224.8,244.65,0.72,16.1,16.1,1012.2,1012.1,0.0,0.0,85.09,78.49,357,351,8.4,8.3,85.9,85.9,8.0,7.9,221.5,215.2,1014.3,1014.2,133.07,347.25,1012.91,28.3166,13.2559,362.7,55.1,1493.237, NAN, NAN, NAN, NAN,,2024/04/15 11:29:48.829,2024-04-15 11:29:48.829000+00:00
2024/04/15, 11:30:48.830,35.956,-75.331, 0.80,224.37,223.82,0.22,16.1,16.0,1012.1,1012.1,0.0,0.0,85.09,78.49,357,351,8.4,7.9,85.9,86.1,8.3,7.8,221.4,215.3,1014.2,1014.2,138.77,347.56,1027.81,28.1519,13.2599,360.0,54.9,1493.057, NAN, NAN, NAN, NAN,,2024/04/15 11:30:48.830,2024-04-15 11:30:48.830000+00:00
2024/04/15, 11:31:48.830,35.956,-75.331, 0.59,224.78,255.97,0.07,16.0,16.0,1012.2,1012.2,0.0,0.0,85.09,78.49,0,354,8.1,8.0,86.1,86.3,8.1,8.0,224.5,218.5,1014.3,1014.3,140.78,347.41,1045.93,28.4203,13.2672,363.0,55.1,1493.397, NAN, NAN, NAN, NAN,,2024/04/15 11:31:48.830,2024-04-15 11:31:48.830000+00:00
2024/04/15, 11:32:48.830,35.956,-75.331, 0.70,225.43,60.48,0.02,16.0,16.0,1012.2,1012.2,0.0,0.0,85.09,78.49,357,350,8.0,7.8,86.5,86.7,8.0,7.8,222.5,215.5,1014.3,1014.3,144.1,347.59,1060.19,28.3903,13.2733,362.7,55.0,1493.383, NAN, NAN, NAN, NAN,,2024/04/15 11:32:48.830,2024-04-15 11:32:48.830000+00:00
2024/04/15, 11:33:48.830,35.956,-75.331, 0.55,225.9,327.72,0.08,16.0,16.0,1012.2,1012.2,0.0,0.0,85.09,78.49,356,350,8.0,7.9,86.6,86.6,8.0,7.9,221.6,215.6,1014.3,1014.3,147.46,347.57,1075.01,28.1771,13.2806,366.2,55.0,1493.156, NAN, NAN, NAN, NAN,,2024/04/15 11:33:48.830,2024-04-15 11:33:48.830000+00:00
2024/04/15, 11:34:48.830,35.956,-75.331, 0.78,224.56,209.39,0.17,16.0,16.0,1012.2,1012.2,0.0,0.0,85.09,78.49,358,353,8.0,7.9,86.6,86.8,7.9,7.8,222.5,217.4,1014.3,1014.3,150.22,347.39,1092.35,28.2338,13.284,365.4,55.3,1493.234, NAN, NAN, NAN, NAN,,2024/04/15 11:34:48.830,2024-04-15 11:34:48.830000+00:00
2024/04/15, 11:35:48.830,35.956,-75.332, 0.88,225.64,8.52,0.07,16.0,16.0,1012.2,1012.2,0.0,0.0,85.09,78.49,359,352,8.2,8.0,86.7,86.8,8.2,8.0,224.8,217.8,1014.3,1014.3,154.34,347.42,1107.19,28.2478,13.2885,365.1,55.0,1493.266, NAN, NAN, NAN, NAN,,2024/04/15 11:35:48.830,2024-04-15 11:35:48.830000+00:00
2024/04/15, 11:36:48.830,35.956,-75.332, 0.82,225.89,275.34,0.23,16.0,16.0,1012.3,1012.3,0.0,0.0,85.09,78.49,357,352,7.8,7.8,86.8,86.8,7.7,7.7,222.3,217.3,1014.4,1014.4,157.91,347.64,1133.02,28.1192,13.2887,365.4,55.0,1493.115, NAN, NAN, NAN, NAN,,2024/04/15 11:36:48.830,2024-04-15 11:36:48.830000+00:00
2024/04/15, 11:37:48.830,35.956,-75.332, 0.60,225.42,109.54,0.14,15.9,16.0,1012.3,1012.2,0.0,0.0,85.09,78.49,357,352,7.5,7.4,86.6,86.6,7.5,7.4,223.0,218.0,1014.4,1014.3,161.15,347.2,1138.38,28.0677,13.2938,366.2,55.0,1493.072, NAN, NAN, NAN, NAN,,2024/04/15 11:37:48.830,2024-04-15 11:37:48.830000+00:00
2024/04/15, 11:38:48.830,35.956,-75.332, 0.57,226.15,169.06,0.18,15.9,15.9,1012.4,1012.2,0.0,0.0,85.09,78.49,357,351,7.5,7.4,86.5,86.6,7.5,7.4,223.9,217.8,1014.5,1014.3,163.54,347.09,1149.0,28.0897,13.303,366.2,54.9,1493.129, NAN, NAN, NAN, NAN,,2024/04/15 11:38:48.830,2024-04-15 11:38:48.830000+00:00
2024/04/15, 11:39:48.830,35.956,-75.332, 0.68,224.47,262.27,0.07,15.9,15.9,1012.3,1012.4,0.0,0.0,85.09,78.49,0,353,7.6,7.2,86.5,86.7,7.6,7.2,224.2,217.2,1014.4,1014.5,168.15,346.82,1165.33,28.2607,13.3098,368.9,54.5,1493.353, NAN, NAN, NAN, NAN,,2024/04/15 11:39:48.830,2024-04-15 11:39:48.830000+00:00
2024/04/15, 11:40:48.830,35.956,-75.332, 0.48,225.23,118.3,0.19,15.9,15.9,1012.3,1012.4,0.0,0.0,85.09,78.49,0,356,7.5,7.4,86.9,86.8,7.5,7.4,225.9,221.9,1014.4,1014.5,172.4,346.79,1179.13,28.0383,13.3151,368.4,54.6,1493.109, NAN, NAN, NAN, NAN,,2024/04/15 11:40:48.830,2024-04-15 11:40:48.830000+00:00
2024/04/15, 11:41:48.830,35.956,-75.332, 0.57,224.94,180.08,0.09,15.8,15.9,1012.4,1012.3,0.0,0.0,85.09,78.49,359,353,7.8,7.5,86.9,86.9,7.8,7.5,224.0,217.9,1014.5,1014.4,176.23,347.41,1195.22,28.0612,13.3187,368.9,54.8,1493.148, NAN, NAN, NAN, NAN,,2024/04/15 11:41:48.830,2024-04-15 11:41:48.830000+00:00
2024/04/15, 11:42:48.830,35.956,-75.332, 0.54,224.63,143.25,0.05,15.9,15.9,1012.4,1012.3,0.0,0.0,85.09,78.49,358,353,7.6,7.2,87.1,87.2,7.6,7.2,222.8,217.8,1014.5,1014.4,179.06,347.43,1206.23,28.3024,13.3191,367.5,54.8,1493.433, NAN, NAN, NAN, NAN,,2024/04/15 11:42:48.830,2024-04-15 11:42:48.830000+00:00
2024/04/15, 11:43:48.830,35.956,-75.332, 0.56,224.2,160.23,0.09,15.9,15.9,1012.4,1012.3,0.0,0.0,85.09,78.49,359,354,7.9,7.6,86.9,86.9,7.9,7.6,223.5,218.5,1014.5,1014.4,181.7,347.64,1219.3,28.2604,13.3187,367.5,54.8,1493.383, NAN, NAN, NAN, NAN,,2024/04/15 11:43:48.830,2024-04-15 11:43:48.830000+00:00
2024/04/15, 11:44:48.830,35.956,-75.332, 0.50,225.88,210.96,0.09,15.9,15.9,1012.5,1012.3,0.0,0.0,85.09,78.49,358,353,7.3,7.3,86.9,86.9,7.3,7.3,223.5,218.5,1014.6,1014.4,186.44,347.2,1228.49,28.0439,13.3151,367.5,55.0,1493.116, NAN, NAN, NAN, NAN,,2024/04/15 11:44:48.830,2024-04-15 11:44:48.830000+00:00
2024/04/15, 11:45:48.830,35.956,-75.332, 0.64,225.57,186.77,0.17,15.9,15.9,1012.4,1012.4,0.0,0.0,85.09,78.49,358,352,7.5,7.1,86.8,86.9,7.4,7.0,223.3,217.2,1014.5,1014.5,188.57,347.22,1242.8,28.0381,13.3104,368.4,54.8,1493.093, NAN, NAN, NAN, NAN,,2024/04/15 11:45:48.830,2024-04-15 11:45:48.830000+00:00
2024/04/15, 11:46:48.831,35.956,-75.332, 0.53,225.23,321.64,0.17,15.9,15.9,1012.3,1012.3,0.0,0.0,85.09,78.49,359,353,7.9,7.5,86.9,86.9,7.9,7.5,223.6,217.6,1014.4,1014.4,192.22,347.67,1255.91,27.9724,13.3098,367.5,54.8,1493.014, NAN, NAN, NAN, NAN,,2024/04/15 11:46:48.831,2024-04-15 11:46:48.831000+00:00
2024/04/15, 11:47:48.831,35.956,-75.332, 0.51,225.16,258.52,0.17,15.9,15.9,1012.4,1012.3,0.0,0.0,85.09,78.49,358,351,7.5,7.4,87.0,87.1,7.4,7.3,222.7,215.6,1014.5,1014.4,194.96,347.13,1266.62,27.8745,13.3092,368.4,54.8,1492.896, NAN, NAN, NAN, NAN,,2024/04/15 11:47:48.831,2024-04-15 11:47:48.831000+00:00
2024/04/15, 11:48:48.831,35.956,-75.332, 0.48,224.84,135.63,0.03,15.9,15.9,1012.4,1012.3,0.0,0.0,85.09,78.49,358,351,7.7,7.4,86.9,86.9,7.7,7.4,222.8,215.8,1014.5,1014.4,198.16,347.23,1278.95,28.1941,13.3077,368.9,54.8,1493.267, NAN, NAN, NAN, NAN,,2024/04/15 11:48:48.831,2024-04-15 11:48:48.831000+00:00
2024/04/15, 11:49:48.831,35.956,-75.332, 0.52,225.64,32.06,0.17,15.9,15.9,1012.3,1012.3,0.0,0.0,85.09,78.49,357,350,7.7,7.6,86.8,86.8,7.7,7.6,223.2,216.3,1014.4,1014.4,202.87,347.28,1292.2,27.9845,13.3051,368.9,54.9,1493.012, NAN, NAN, NAN, NAN,,2024/04/15 11:49:48.831,2024-04-15 11:49:48.831000+00:00
2024/04/15, 11:50:48.831,35.956,-75.332, 0.55,223.67,195.64,0.02,15.9,15.9,1012.3,1012.4,0.0,0.0,85.09,78.49,357,349,7.7,7.6,86.9,86.9,7.7,7.6,220.6,212.6,1014.4,1014.5,207.52,346.8,1305.72,28.0588,13.3027,368.4,54.5,1493.091, NAN, NAN, NAN, NAN,,2024/04/15 11:50:48.831,2024-04-15 11:50:48.831000+00:00
2024/04/15, 11:51:48.831,35.956,-75.332, 0.47,224.69,78.78,0.34,15.9,15.9,1012.3,1012.4,0.0,0.0,85.09,78.49,356,350,7.7,7.5,86.9,86.9,7.8,7.6,221.9,215.9,1014.4,1014.5,212.03,347.14,1319.39,28.2239,13.3028,369.7,54.6,1493.286, NAN, NAN, NAN, NAN,,2024/04/15 11:51:48.831,2024-04-15 11:51:48.831000+00:00
2024/04/15, 11:52:48.831,35.956,-75.332, 0.52,224.36,121.35,0.24,15.9,15.9,1012.4,1012.2,0.0,0.0,85.09,78.49,356,350,7.8,7.9,87.1,87.2,7.8,7.9,221.3,215.3,1014.5,1014.3,214.13,347.69,1328.56,28.3486,13.3035,368.8,54.5,1493.435, NAN, NAN, NAN, NAN,,2024/04/15 11:52:48.831,2024-04-15 11:52:48.831000+00:00
2024/04/15, 11:53:48.831,35.956,-75.332, 0.48,224.58,264.52,0.18,15.9,15.9,1012.3,1012.3,0.0,0.0,85.09,78.49,357,352,7.8,7.6,87.1,87.3,7.8,7.6,220.9,215.9,1014.4,1014.4,219.11,347.09,1336.91,28.2833,13.3042,370.0,54.5,1493.361, NAN, NAN, NAN, NAN,,2024/04/15 11:53:48.831,2024-04-15 11:53:48.831000+00:00
2024/04/15, 11:54:48.831,35.956,-75.332, 0.55,225.23,133.02,0.07,15.9,15.9,1012.3,1012.4,0.0,0.0,85.09,78.49,357,350,7.6,7.2,87.0,87.1,7.6,7.2,222.2,215.2,1014.4,1014.5,221.73,346.92,1349.05,28.3984,13.3048,369.4,54.6,1493.498, NAN, NAN, NAN, NAN,,2024/04/15 11:54:48.831,2024-04-15 11:54:48.831000+00:00
2024/04/15, 11:55:48.831,35.956,-75.332, 0.49,225.98,293.93,0.27,15.9,15.9,1012.4,1012.4,0.0,0.0,85.09,78.49,356,350,7.9,7.4,87.0,87.1,7.9,7.4,221.0,214.9,1014.5,1014.5,224.29,347.44,1362.15,28.596,13.3032,370.0,54.6,1493.725, NAN, NAN, NAN, NAN,,2024/04/15 11:55:48.831,2024-04-15 11:55:48.831000+00:00
2024/04/15, 11:56:48.831,35.956,-75.332, 0.49,225.86,202.88,0.16,15.9,15.9,1012.3,1012.4,0.0,0.0,85.09,78.49,356,349,7.5,7.4,87.4,87.5,7.5,7.3,222.4,215.3,1014.4,1014.5,228.04,347.27,1372.87,28.8387,13.3001,370.8,54.6,1494.001, NAN, NAN, NAN, NAN,,2024/04/15 11:56:48.831,2024-04-15 11:56:48.831000+00:00
2024/04/15, 11:57:48.831,35.956,-75.332, 0.50,225.62,146.87,0.1,15.9,15.9,1012.4,1012.3,0.0,0.0,85.09,78.49,355,349,7.4,7.8,87.1,87.2,7.4,7.8,220.2,214.3,1014.5,1014.4,231.35,347.33,1381.21,28.8705,13.3012,370.8,54.6,1494.042, NAN, NAN, NAN, NAN,,2024/04/15 11:57:48.831,2024-04-15 11:57:48.831000+00:00
2024/04/15, 11:58:48.831,35.956,-75.332, 0.50,224.69,148.08,0.26,15.9,15.9,1012.4,1012.4,0.0,0.0,85.09,78.49,355,350,7.8,7.7,87.3,87.4,7.8,7.7,220.7,215.6,1014.5,1014.5,235.12,347.62,1394.27,28.9574,13.3016,371.6,54.8,1494.146, NAN, NAN, NAN, NAN,,2024/04/15 11:58:48.831,2024-04-15 11:58:48.831000+00:00
2024/04/15, 11:59:48.831,35.956,-75.332, 0.42,225.09,329.24,0.38,15.9,15.9,1012.4,1012.3,0.0,0.0,85.09,78.49,356,350,7.5,7.5,87.4,87.4,7.5,7.6,219.6,213.7,1014.5,1014.4,238.38,347.24,1403.57,29.171,13.3013,373.6,54.3,1494.396, NAN, NAN, NAN, NAN,,2024/04/15 11:59:48.831,2024-04-15 11:59:48.831000+00:00
2024/04/15, 12:00:48.831,35.956,-75.332, 0.47,226.4,293.99,0.07,15.9,15.9,1012.4,1012.3,0.0,0.0,85.09,78.49,352,346,7.4,7.0,87.3,87.4,7.4,7.0,218.7,212.7,1014.5,1014.4,240.84,346.85,1416.82,29.2649,13.3039,371.6,54.3,1494.516, NAN, NAN, NAN, NAN,,2024/04/15 12:00:48.831,2024-04-15 12:00:48.831000+00:00
2024/04/15, 12:01:48.831,35.956,-75.332, 0.48,225.41,302.72,0.22,15.9,15.9,1012.4,1012.3,0.0,0.0,85.09,78.49,358,351,7.7,7.5,87.2,87.3,7.7,7.5,222.6,215.6,1014.5,1014.4,248.14,346.94,1426.62,29.2189,13.3045,372.0,54.6,1494.463, NAN, NAN, NAN, NAN,,2024/04/15 12:01:48.831,2024-04-15 12:01:48.831000+00:00
2024/04/15, 12:02:48.832,35.956,-75.332, 0.50,225.89,303.96,0.31,15.9,15.9,1012.4,1012.3,0.0,0.0,85.09,78.49,0,353,7.5,7.5,87.2,87.2,7.5,7.5,224.7,217.7,1014.5,1014.4,249.89,346.97,1436.32,29.4057,13.3074,375.2,54.6,1494.693, NAN, NAN, NAN, NAN,,2024/04/15 12:02:48.832,2024-04-15 12:02:48.832000+00:00
2024/04/15, 12:03:48.832,35.956,-75.332, 0.47,226.88,63.84,0.07,15.9,15.9,1012.4,1012.4,0.0,0.0,85.09,78.49,0,354,7.6,7.3,87.4,87.5,7.6,7.3,227.1,221.1,1014.5,1014.5,254.08,346.83,1443.57,29.3884,13.3093,373.6,53.9,1494.679, NAN, NAN, NAN, NAN,,2024/04/15 12:03:48.832,2024-04-15 12:03:48.832000+00:00
2024/04/15, 12:04:48.832,35.956,-75.332, 0.52,225.03,279.94,0.33,15.9,15.9,1012.4,1012.3,0.0,0.0,85.09,78.49,357,351,7.4,7.2,87.4,87.5,7.3,7.2,220.8,214.7,1014.5,1014.4,256.65,347.01,1456.87,29.3832,13.3095,374.0,54.0,1494.674, NAN, NAN, NAN, NAN,,2024/04/15 12:04:48.832,2024-04-15 12:04:48.832000+00:00
2024/04/15, 12:05:48.832,35.956,-75.332, 0.53,224.02,124.72,0.09,15.8,15.9,1012.4,1012.5,0.0,0.0,85.09,78.49,356,351,7.7,7.7,87.7,87.7,7.7,7.7,219.7,214.7,1014.5,1014.6,260.57,347.27,1462.48,29.3733,13.3065,375.2,54.0,1494.652, NAN, NAN, NAN, NAN,,2024/04/15 12:05:48.832,2024-04-15 12:05:48.832000+00:00
2024/04/15, 12:06:48.832,35.956,-75.332, 0.41,225.01,197.47,0.26,15.9,15.9,1012.3,1012.4,0.0,0.0,85.09,78.49,358,351,7.8,7.6,87.9,88.0,7.8,7.6,224.0,217.0,1014.4,1014.5,263.31,346.73,1472.97,29.2999,13.3056,375.6,53.9,1494.563, NAN, NAN, NAN, NAN,,2024/04/15 12:06:48.832,2024-04-15 12:06:48.832000+00:00
2024/04/15, 12:07:48.832,35.956,-75.332, 0.45,225.31,337.74,0.08,15.9,15.9,1012.4,1012.4,0.0,0.0,85.09,78.49,357,350,7.2,7.4,87.9,87.9,7.2,7.4,222.1,215.1,1014.5,1014.5,267.52,346.83,1483.12,29.3505,13.3059,378.0,54.2,1494.623, NAN, NAN, NAN, NAN,,2024/04/15 12:07:48.832,2024-04-15 12:07:48.832000+00:00
2024/04/15, 12:08:48.832,35.956,-75.332, 0.47,225.85,105.74,0.33,15.9,15.9,1012.4,1012.3,0.0,0.0,85.09,78.49,356,348,7.9,7.7,87.8,87.9,8.0,7.7,223.0,215.1,1014.5,1014.4,272.83,347.1,1491.12,29.3542,13.3068,375.5,54.1,1494.631, NAN, NAN, NAN, NAN,,2024/04/15 12:08:48.832,2024-04-15 12:08:48.832000+00:00
2024/04/15, 12:09:48.832,35.956,-75.332, 0.51,225.24,125.21,0.18,15.9,15.9,1012.4,1012.3,0.0,0.0,85.09,78.49,356,350,7.8,7.7,88.1,88.0,7.8,7.7,221.9,215.8,1014.5,1014.4,275.01,347.75,1501.22,29.2394,13.3072,377.4,54.1,1494.497, NAN, NAN, NAN, NAN,,2024/04/15 12:09:48.832,2024-04-15 12:09:48.832000+00:00
2024/04/15, 12:10:48.832,35.956,-75.332, 0.47,224.81,112.65,0.36,15.9,15.9,1012.4,1012.3,0.0,0.0,85.09,78.49,358,352,8.0,7.9,88.3,88.2,8.0,7.9,224.1,218.1,1014.5,1014.4,281.09,347.68,1509.98,29.0964,13.3075,375.2,54.0,1494.329, NAN, NAN, NAN, NAN,,2024/04/15 12:10:48.832,2024-04-15 12:10:48.832000+00:00
2024/04/15, 12:11:48.832,35.956,-75.332, 0.46,225.48,129.24,0.33,16.0,16.0,1012.4,1012.3,0.0,0.0,85.09,78.49,358,352,7.8,7.4,88.2,88.3,7.8,7.4,224.7,218.8,1014.5,1014.4,283.16,347.52,1520.51,29.0405,13.3077,375.2,54.1,1494.264, NAN, NAN, NAN, NAN,,2024/04/15 12:11:48.832,2024-04-15 12:11:48.832000+00:00
2024/04/15, 12:12:48.832,35.956,-75.332, 0.54,224.49,358.9,0.04,16.0,16.0,1012.4,1012.4,0.0,0.0,85.09,78.49,359,354,7.9,7.7,88.1,87.8,7.9,7.7,223.4,218.4,1014.5,1014.5,288.25,347.02,1531.04,28.8066,13.309,373.9,54.4,1493.993, NAN, NAN, NAN, NAN,,2024/04/15 12:12:48.832,2024-04-15 12:12:48.832000+00:00
2024/04/15, 12:13:48.832,35.956,-75.332, 0.46,224.35,296.34,0.26,16.0,16.0,1012.5,1012.4,0.0,0.0,85.09,78.49,356,352,7.5,7.4,87.1,87.2,7.5,7.4,219.3,215.3,1014.6,1014.5,291.3,346.93,1539.71,28.5039,13.3113,372.9,54.3,1493.644, NAN, NAN, NAN, NAN,,2024/04/15 12:13:48.832,2024-04-15 12:13:48.832000+00:00
2024/04/15, 12:14:48.832,35.956,-75.332, 0.48,225.0,302.51,0.03,15.9,16.0,1012.4,1012.4,0.0,0.0,85.09,78.49,357,351,8.1,7.9,87.2,87.3,8.1,7.9,222.0,216.0,1014.5,1014.5,293.98,347.74,1551.04,28.4272,13.3159,372.9,54.5,1493.569, NAN, NAN, NAN, NAN,,2024/04/15 12:14:48.832,2024-04-15 12:14:48.832000+00:00
2024/04/15, 12:15:48.832,35.956,-75.332, 0.44,225.32,32.55,0.09,15.9,15.9,1012.4,1012.4,0.0,0.0,85.09,78.49,356,350,7.9,7.9,88.3,88.3,7.9,7.9,221.6,215.6,1014.5,1014.5,299.0,347.73,1561.87,28.3942,13.3158,372.9,54.4,1493.53, NAN, NAN, NAN, NAN,,2024/04/15 12:15:48.832,2024-04-15 12:15:48.832000+00:00
2024/04/15, 12:16:48.832,35.956,-75.332, 0.50,225.41,279.55,0.11,16.0,16.0,1012.4,1012.4,0.0,0.0,85.09,78.49,355,351,7.7,7.2,88.1,88.1,7.7,7.2,220.0,216.0,1014.5,1014.5,304.12,347.09,1572.28,28.305,13.3164,372.9,54.5,1493.427, NAN, NAN, NAN, NAN,,2024/04/15 12:16:48.832,2024-04-15 12:16:48.832000+00:00
2024/04/15, 12:17:48.832,35.956,-75.332, 0.44,226.03,127.4,0.27,16.0,16.0,1012.4,1012.4,0.0,0.0,85.09,78.49,354,347,7.7,7.8,87.6,87.7,7.7,7.8,221.0,214.0,1014.5,1014.5,304.46,347.59,1577.43,28.4584,13.316,373.9,54.6,1493.607, NAN, NAN, NAN, NAN,,2024/04/15 12:17:48.832,2024-04-15 12:17:48.832000+00:00
2024/04/15, 12:18:48.832,35.956,-75.332, 0.45,225.14,180.18,0.19,16.0,16.0,1012.2,1012.4,0.0,0.0,85.09,78.49,354,348,8.0,8.1,88.0,88.2,8.0,8.0,219.7,213.7,1014.3,1014.5,309.33,347.75,1585.48,28.4714,13.3158,375.2,54.4,1493.621, NAN, NAN, NAN, NAN,,2024/04/15 12:18:48.832,2024-04-15 12:18:48.832000+00:00
2024/04/15, 12:19:48.833,35.956,-75.332, 0.41,224.75,274.41,0.21,16.0,16.0,1012.4,1012.3,0.0,0.0,85.09,78.49,356,350,8.0,7.6,88.3,88.4,8.0,7.6,220.0,213.9,1014.5,1014.4,315.45,347.6,1597.36,28.6802,13.3149,377.7,54.1,1493.864, NAN, NAN, NAN, NAN,,2024/04/15 12:19:48.833,2024-04-15 12:19:48.833000+00:00
2024/04/15, 12:20:48.833,35.956,-75.332, 0.44,225.04,51.01,0.06,16.0,16.1,1012.4,1012.3,0.0,0.0,85.09,78.49,357,351,7.8,7.7,88.0,88.1,7.8,7.7,221.8,215.8,1014.5,1014.4,317.31,347.51,1603.03,28.6707,13.3142,377.1,54.1,1493.85, NAN, NAN, NAN, NAN,,2024/04/15 12:20:48.833,2024-04-15 12:20:48.833000+00:00
2024/04/15, 12:21:48.833,35.956,-75.332, 0.44,224.67,205.38,0.07,16.1,16.1,1012.4,1012.3,0.0,0.0,85.09,78.49,356,351,7.7,7.7,87.9,87.8,7.7,7.7,220.6,215.6,1014.5,1014.4,319.24,347.59,1608.36,28.6041,13.311,376.9,54.5,1493.761, NAN, NAN, NAN, NAN,,2024/04/15 12:21:48.833,2024-04-15 12:21:48.833000+00:00
2024/04/15, 12:22:48.833,35.956,-75.332, 0.39,225.29,202.72,0.04,16.0,16.1,1012.3,1012.3,0.0,0.0,85.09,78.49,358,352,7.8,7.7,87.7,87.7,7.8,7.7,223.2,217.2,1014.4,1014.4,323.3,347.46,1616.96,28.9357,13.3101,380.0,54.5,1494.149, NAN, NAN, NAN, NAN,,2024/04/15 12:22:48.833,2024-04-15 12:22:48.833000+00:00
2024/04/15, 12:23:48.833,35.956,-75.332, 0.41,225.11,123.9,0.34,16.0,16.0,1012.4,1012.4,0.0,0.0,85.09,78.49,358,350,7.1,7.2,87.9,88.0,7.1,7.2,224.5,216.5,1014.5,1014.5,328.86,346.72,1625.42,28.9136,13.3077,380.4,54.5,1494.115, NAN, NAN, NAN, NAN,,2024/04/15 12:23:48.833,2024-04-15 12:23:48.833000+00:00
2024/04/15, 12:24:48.833,35.956,-75.332, 0.52,225.37,143.7,0.26,16.0,16.0,1012.5,1012.2,0.0,0.0,85.09,78.49,358,352,7.8,7.7,87.8,87.7,7.8,7.6,224.3,218.3,1014.6,1014.3,333.01,346.93,1636.4,29.2412,13.3051,381.1,54.5,1494.492, NAN, NAN, NAN, NAN,,2024/04/15 12:24:48.833,2024-04-15 12:24:48.833000+00:00
2024/04/15, 12:25:48.833,35.956,-75.332, 0.42,225.49,169.56,0.17,16.0,16.0,1012.4,1012.2,0.0,0.0,85.09,78.49,359,352,7.4,7.3,88.0,88.1,7.3,7.2,225.0,218.0,1014.5,1014.3,336.63,346.55,1642.05,29.1545,13.3087,381.7,54.4,1494.402, NAN, NAN, NAN, NAN,,2024/04/15 12:25:48.833,2024-04-15 12:25:48.833000+00:00
2024/04/15, 12:26:48.833,35.956,-75.332, 0.48,225.54,21.55,0.12,16.0,16.0,1012.4,1012.3,0.0,0.0,85.09,78.49,358,351,7.7,7.5,88.3,88.2,7.8,7.6,223.6,216.6,1014.5,1014.4,340.98,346.82,1648.66,29.2741,13.3121,382.7,54.4,1494.554, NAN, NAN, NAN, NAN,,2024/04/15 12:26:48.833,2024-04-15 12:26:48.833000+00:00
2024/04/15, 12:27:48.833,35.956,-75.332, 0.52,225.22,18.07,0.1,16.0,16.0,1012.3,1012.2,0.0,0.0,85.09,78.49,357,352,7.8,7.8,88.3,88.4,7.9,7.9,222.2,217.2,1014.4,1014.3,345.48,346.7,1657.6,29.2072,13.3157,381.1,54.0,1494.487, NAN, NAN, NAN, NAN,,2024/04/15 12:27:48.833,2024-04-15 12:27:48.833000+00:00
2024/04/15, 12:28:48.833,35.956,-75.332, 0.36,224.38,283.12,0.19,15.9,16.0,1012.2,1012.2,0.0,0.0,85.09,78.49,355,351,7.9,7.7,88.3,88.3,7.9,7.7,218.7,214.7,1014.3,1014.3,347.67,347.11,1665.04,29.2164,13.3184,381.1,54.0,1494.507, NAN, NAN, NAN, NAN,,2024/04/15 12:28:48.833,2024-04-15 12:28:48.833000+00:00
2024/04/15, 12:29:48.833,35.956,-75.332, 0.49,225.01,217.9,0.13,15.9,16.0,1012.2,1012.3,0.0,0.0,85.09,78.49,353,348,7.8,7.9,88.6,88.7,7.8,7.9,217.6,212.6,1014.3,1014.4,349.59,347.66,1670.31,28.8498,13.3196,379.6,54.2,1494.079, NAN, NAN, NAN, NAN,,2024/04/15 12:29:48.833,2024-04-15 12:29:48.833000+00:00
2024/04/15, 12:30:48.833,35.956,-75.332, 0.50,225.24,312.34,0.45,16.0,16.0,1012.2,1012.2,0.0,0.0,85.09,78.49,356,349,7.8,7.8,88.6,88.6,7.8,7.9,219.6,212.6,1014.3,1014.3,355.55,347.4,1679.65,28.7732,13.3226,380.0,54.3,1493.999, NAN, NAN, NAN, NAN,,2024/04/15 12:30:48.833,2024-04-15 12:30:48.833000+00:00
2024/04/15, 12:31:48.833,35.956,-75.332, 0.42,225.45,359.08,0.05,16.0,16.0,1012.2,1012.2,0.0,0.0,85.09,78.49,356,351,8.0,7.9,88.5,88.6,8.0,7.9,221.4,216.4,1014.3,1014.3,360.28,347.45,1685.64,28.5982,13.3255,378.0,54.6,1493.803, NAN, NAN, NAN, NAN,,2024/04/15 12:31:48.833,2024-04-15 12:31:48.833000+00:00
2024/04/15, 12:32:48.833,35.956,-75.332, 0.42,225.06,150.31,0.15,16.0,16.1,1012.2,1012.2,0.0,0.0,85.09,78.49,357,351,8.0,7.7,88.5,88.4,8.0,7.7,222.6,216.6,1014.3,1014.3,361.44,347.31,1695.42,28.5596,13.3265,378.0,54.6,1493.761, NAN, NAN, NAN, NAN,,2024/04/15 12:32:48.833,2024-04-15 12:32:48.833000+00:00
2024/04/15, 12:33:48.833,35.956,-75.332, 0.38,224.48,197.28,0.19,16.0,16.1,1012.1,1012.2,0.0,0.0,85.09,78.49,357,351,8.0,8.4,88.3,88.2,7.9,8.3,221.3,215.2,1014.2,1014.3,365.45,347.64,1704.41,28.7053,13.3276,377.7,54.4,1493.936, NAN, NAN, NAN, NAN,,2024/04/15 12:33:48.833,2024-04-15 12:33:48.833000+00:00
2024/04/15, 12:34:48.833,35.956,-75.332, 0.42,224.72,306.97,0.18,16.0,16.1,1012.2,1012.3,0.0,0.0,85.09,78.49,355,350,8.3,7.9,88.4,88.5,8.3,7.9,219.1,214.1,1014.3,1014.4,369.74,347.52,1711.84,28.7949,13.3277,380.0,54.4,1494.042, NAN, NAN, NAN, NAN,,2024/04/15 12:34:48.833,2024-04-15 12:34:48.833000+00:00
2024/04/15, 12:35:48.833,35.956,-75.332, 0.44,224.8,118.07,0.25,16.0,16.0,1012.1,1012.2,0.0,0.0,85.09,78.49,355,349,8.0,8.2,88.2,88.3,8.0,8.2,220.7,214.7,1014.2,1014.3,370.83,347.35,1715.56,29.0779,13.3308,382.0,54.2,1494.386, NAN, NAN, NAN, NAN,,2024/04/15 12:35:48.833,2024-04-15 12:35:48.833000+00:00
2024/04/15, 12:36:48.834,35.956,-75.332, 0.50,225.04,343.5,0.3,16.0,16.0,1012.3,1012.2,0.0,0.0,85.09,78.49,355,351,8.1,8.0,88.4,88.4,8.1,8.0,218.9,214.9,1014.4,1014.3,375.88,347.27,1724.16,28.9725,13.3315,380.8,54.4,1494.264, NAN, NAN, NAN, NAN,,2024/04/15 12:36:48.834,2024-04-15 12:36:48.834000+00:00
2024/04/15, 12:37:48.834,35.956,-75.332, 0.43,225.99,63.88,0.15,16.0,16.0,1012.3,1012.1,0.0,0.0,85.09,78.49,356,350,8.3,8.1,88.2,88.3,8.4,8.2,222.2,216.3,1014.4,1014.2,378.07,347.96,1732.36,28.8354,13.3298,380.8,54.4,1494.097, NAN, NAN, NAN, NAN,,2024/04/15 12:37:48.834,2024-04-15 12:37:48.834000+00:00
2024/04/15, 12:38:48.834,35.956,-75.332, 0.38,225.8,83.25,0.21,16.0,16.0,1012.3,1012.1,0.0,0.0,85.09,78.49,356,349,8.6,8.2,88.5,88.5,8.7,8.2,222.4,215.5,1014.4,1014.2,381.42,348.58,1739.91,28.7783,13.3311,380.3,54.6,1494.034, NAN, NAN, NAN, NAN,,2024/04/15 12:38:48.834,2024-04-15 12:38:48.834000+00:00
2024/04/15, 12:39:48.834,35.956,-75.332, 0.46,224.99,139.69,0.11,16.1,16.1,1012.2,1012.2,0.0,0.0,85.09,78.49,357,351,8.7,8.2,88.6,88.8,8.7,8.2,222.3,216.2,1014.3,1014.3,383.83,348.03,1745.36,28.873,13.3327,380.4,54.5,1494.151, NAN, NAN, NAN, NAN,,2024/04/15 12:39:48.834,2024-04-15 12:39:48.834000+00:00
2024/04/15, 12:40:48.834,35.956,-75.332, 0.52,225.17,341.04,0.05,16.1,16.1,1012.1,1012.2,0.0,0.0,85.09,78.49,358,353,8.5,8.2,88.5,88.6,8.5,8.2,223.3,218.3,1014.2,1014.3,387.62,348.06,1752.63,28.8997,13.3324,380.0,54.7,1494.181, NAN, NAN, NAN, NAN,,2024/04/15 12:40:48.834,2024-04-15 12:40:48.834000+00:00
2024/04/15, 12:41:48.834,35.956,-75.332, 0.37,225.93,355.22,0.12,16.1,16.1,1012.1,1012.2,0.0,0.0,85.09,78.49,358,351,8.6,8.4,88.2,88.3,8.6,8.4,223.5,216.5,1014.2,1014.3,389.51,348.11,1757.29,28.7973,13.3354,379.3,54.6,1494.071, NAN, NAN, NAN, NAN,,2024/04/15 12:41:48.834,2024-04-15 12:41:48.834000+00:00
2024/04/15, 12:42:48.834,35.956,-75.332, 0.45,225.07,148.45,0.46,16.1,16.1,1012.2,1012.2,0.0,0.0,85.09,78.49,358,352,9.0,8.6,88.4,88.4,9.0,8.5,224.6,218.6,1014.3,1014.3,391.88,348.56,1765.92,28.7885,13.3401,380.0,54.8,1494.076, NAN, NAN, NAN, NAN,,2024/04/15 12:42:48.834,2024-04-15 12:42:48.834000+00:00
2024/04/15, 12:43:48.834,35.956,-75.332, 0.47,225.32,9.77,0.07,16.1,16.1,1012.2,1012.2,0.0,0.0,85.09,78.49,358,354,8.7,8.3,88.5,88.5,8.7,8.3,223.1,219.1,1014.3,1014.3,396.27,347.96,1772.64,28.6932,13.3459,379.0,54.8,1493.984, NAN, NAN, NAN, NAN,,2024/04/15 12:43:48.834,2024-04-15 12:43:48.834000+00:00
2024/04/15, 12:44:48.834,35.956,-75.332, 0.45,224.99,333.09,0.06,16.1,16.1,1012.3,1012.2,0.0,0.0,85.09,78.49,359,354,8.9,8.7,88.3,88.3,8.9,8.7,223.8,218.8,1014.4,1014.3,397.37,348.2,1777.91,28.9886,13.3512,381.7,54.8,1494.349, NAN, NAN, NAN, NAN,,2024/04/15 12:44:48.834,2024-04-15 12:44:48.834000+00:00
2024/04/15, 12:45:48.834,35.956,-75.332, 0.42,224.56,102.23,0.08,16.1,16.1,1012.2,1012.2,0.0,0.0,85.09,78.49,0,355,8.7,8.3,88.7,88.6,8.7,8.3,224.8,219.8,1014.3,1014.3,400.97,348.64,1784.01,28.891,13.3519,379.6,54.8,1494.236, NAN, NAN, NAN, NAN,,2024/04/15 12:45:48.834,2024-04-15 12:45:48.834000+00:00
2024/04/15, 12:46:48.834,35.956,-75.332, 0.49,225.23,86.7,0.33,16.1,16.1,1012.2,1012.2,0.0,0.0,85.09,78.49,0,354,8.8,8.6,88.4,88.5,8.9,8.7,226.2,220.3,1014.3,1014.3,403.1,348.88,1790.35,28.6074,13.3555,380.0,54.7,1493.915, NAN, NAN, NAN, NAN,,2024/04/15 12:46:48.834,2024-04-15 12:46:48.834000+00:00
2024/04/15, 12:47:48.834,35.956,-75.332, 0.39,225.18,172.49,0.22,16.1,16.1,1012.2,1012.1,0.0,0.0,85.09,78.49,359,353,8.8,8.2,88.5,88.6,8.8,8.1,224.9,218.9,1014.3,1014.2,405.45,348.49,1796.77,28.752,13.3602,379.3,54.7,1494.101, NAN, NAN, NAN, NAN,,2024/04/15 12:47:48.834,2024-04-15 12:47:48.834000+00:00
2024/04/15, 12:48:48.834,35.956,-75.332, 0.50,224.02,83.28,0.21,16.1,16.1,1012.2,1012.3,0.0,0.0,85.09,78.49,358,353,8.1,8.2,88.5,88.5,8.2,8.2,222.7,217.7,1014.3,1014.4,409.49,348.09,1801.45,28.6475,13.3618,379.6,55.0,1493.983, NAN, NAN, NAN, NAN,,2024/04/15 12:48:48.834,2024-04-15 12:48:48.834000+00:00
2024/04/15, 12:49:48.834,35.956,-75.332, 0.43,225.05,179.27,0.2,16.1,16.1,1012.3,1012.2,0.0,0.0,85.09,78.49,356,350,8.9,9.0,88.3,88.4,8.9,9.0,221.7,215.7,1014.4,1014.3,410.93,348.31,1806.22,28.4866,13.3633,376.9,55.0,1493.799, NAN, NAN, NAN, NAN,,2024/04/15 12:49:48.834,2024-04-15 12:49:48.834000+00:00
2024/04/15, 12:50:48.834,35.956,-75.332, 0.53,224.99,154.05,0.25,16.1,16.1,1012.2,1012.1,0.0,0.0,85.09,78.49,355,350,8.8,8.8,88.7,88.8,8.7,8.7,220.7,215.7,1014.3,1014.2,413.91,348.25,1812.06,28.4299,13.3623,378.4,54.6,1493.729, NAN, NAN, NAN, NAN,,2024/04/15 12:50:48.834,2024-04-15 12:50:48.834000+00:00
2024/04/15, 12:51:48.834,35.956,-75.332, 0.45,225.09,11.16,0.05,16.1,16.2,1012.0,1012.2,0.0,0.0,85.09,78.49,358,352,9.6,8.9,88.5,88.6,9.6,8.9,223.1,217.1,1014.1,1014.3,418.7,349.22,1819.27,28.7703,13.3619,379.3,54.6,1494.128, NAN, NAN, NAN, NAN,,2024/04/15 12:51:48.834,2024-04-15 12:51:48.834000+00:00
2024/04/15, 12:52:48.835,35.956,-75.332, 0.48,225.89,343.91,0.16,16.2,16.2,1012.2,1012.1,0.0,0.0,85.09,78.49,359,353,8.8,8.5,88.6,88.6,8.8,8.5,224.4,218.3,1014.3,1014.2,423.29,348.71,1823.43,28.7287,13.362,380.3,54.8,1494.079, NAN, NAN, NAN, NAN,,2024/04/15 12:52:48.835,2024-04-15 12:52:48.835000+00:00
2024/04/15, 12:53:48.835,35.956,-75.332, 0.47,225.76,302.86,0.28,16.2,16.2,1012.2,1012.2,0.0,0.0,85.09,78.49,359,354,8.3,8.5,88.3,88.5,8.3,8.5,223.8,218.8,1014.3,1014.3,425.02,347.78,1831.03,28.9965,13.3622,380.0,54.6,1494.395, NAN, NAN, NAN, NAN,,2024/04/15 12:53:48.835,2024-04-15 12:53:48.835000+00:00
2024/04/15, 12:54:48.835,35.956,-75.332, 0.43,225.39,352.65,0.08,16.2,16.2,1012.2,1012.2,0.0,0.0,85.09,78.49,358,353,8.7,8.6,87.8,87.8,8.7,8.6,223.4,218.5,1014.3,1014.3,424.74,348.34,1832.26,28.8532,13.3672,382.4,54.6,1494.243, NAN, NAN, NAN, NAN,,2024/04/15 12:54:48.835,2024-04-15 12:54:48.835000+00:00
2024/04/15, 12:55:48.835,35.956,-75.332, 0.58,224.29,270.1,0.27,16.1,16.2,1012.2,1012.2,0.0,0.0,85.09,78.49,357,352,8.7,8.5,88.3,88.4,8.7,8.5,220.4,215.4,1014.3,1014.3,433.36,348.75,1838.19,29.2196,13.3648,383.8,54.8,1494.667, NAN, NAN, NAN, NAN,,2024/04/15 12:55:48.835,2024-04-15 12:55:48.835000+00:00
2024/04/15, 12:56:48.835,35.956,-75.332, 0.50,224.68,297.85,0.12,16.2,16.2,1012.2,1012.2,0.0,0.0,85.09,78.49,357,353,8.6,8.2,88.3,88.4,8.6,8.2,221.3,217.3,1014.3,1014.3,436.1,347.9,1844.95,29.1941,13.3637,382.7,54.7,1494.633, NAN, NAN, NAN, NAN,,2024/04/15 12:56:48.835,2024-04-15 12:56:48.835000+00:00
2024/04/15, 12:57:48.835,35.956,-75.332, 0.43,225.09,262.24,0.2,16.1,16.2,1012.2,1012.2,0.0,0.0,85.09,78.49,357,351,8.8,8.6,87.9,87.9,8.8,8.6,221.5,215.4,1014.3,1014.3,438.91,348.67,1852.51,29.1765,13.3655,383.3,54.8,1494.618, NAN, NAN, NAN, NAN,,2024/04/15 12:57:48.835,2024-04-15 12:57:48.835000+00:00
2024/04/15, 12:58:48.835,35.956,-75.332, 0.43,225.01,301.71,0.27,16.1,16.2,1012.2,1012.2,0.0,0.0,85.09,78.49,357,354,8.7,8.5,88.1,88.2,8.7,8.5,221.1,218.1,1014.3,1014.3,443.77,348.28,1857.03,29.1903,13.363,382.7,54.9,1494.626, NAN, NAN, NAN, NAN,,2024/04/15 12:58:48.835,2024-04-15 12:58:48.835000+00:00
2024/04/15, 12:59:48.835,35.956,-75.332, 0.43,225.5,296.83,0.14,16.1,16.2,1012.2,1012.2,0.0,0.0,85.09,78.49,358,353,8.7,8.5,88.0,88.3,8.7,8.5,223.0,218.0,1014.3,1014.3,447.32,348.57,1862.08,29.0433,13.3612,381.4,55.0,1494.447, NAN, NAN, NAN, NAN,,2024/04/15 12:59:48.835,2024-04-15 12:59:48.835000+00:00
2024/04/15, 13:00:48.835,35.956,-75.332, 0.48,226.37,330.39,0.06,16.1,16.2,1012.2,1012.2,0.0,0.0,85.09,78.49,359,354,8.4,8.5,88.1,88.2,8.4,8.5,225.2,220.2,1014.3,1014.3,448.98,348.62,1869.85,28.9487,13.3647,383.8,55.0,1494.347, NAN, NAN, NAN, NAN,,2024/04/15 13:00:48.835,2024-04-15 13:00:48.835000+00:00
2024/04/15, 13:01:48.835,35.956,-75.332, 0.44,224.95,40.39,0.14,16.2,16.2,1012.3,1012.2,0.0,0.0,85.09,78.49,358,352,8.2,8.1,88.1,88.2,8.2,8.1,223.4,217.4,1014.4,1014.3,454.05,348.43,1871.17,28.9003,13.3684,382.7,52.3,1494.303, NAN, NAN, NAN, NAN,,2024/04/15 13:01:48.835,2024-04-15 13:01:48.835000+00:00
2024/04/15, 13:02:48.835,35.956,-75.332, 0.44,225.74,265.8,0.06,16.2,16.2,1012.3,1012.3,0.0,0.0,85.09,78.49,358,351,8.4,8.2,87.7,87.8,8.4,8.2,223.7,216.6,1014.4,1014.4,456.64,348.57,1876.39,28.9094,13.3664,380.8,54.4,1494.307, NAN, NAN, NAN, NAN,,2024/04/15 13:02:48.835,2024-04-15 13:02:48.835000+00:00
2024/04/15, 13:03:48.835,35.956,-75.332, 0.51,225.13,23.66,0.14,16.2,16.2,1012.3,1012.3,0.0,0.0,85.09,78.49,357,352,8.3,8.2,88.1,88.1,8.4,8.2,222.5,217.5,1014.4,1014.4,461.51,348.61,1881.95,28.8236,13.3675,383.0,54.7,1494.21, NAN, NAN, NAN, NAN,,2024/04/15 13:03:48.835,2024-04-15 13:03:48.835000+00:00
2024/04/15, 13:04:48.835,35.956,-75.332, 0.55,224.75,184.28,0.09,16.2,16.2,1012.3,1012.3,0.0,0.0,85.09,78.49,357,353,8.4,8.2,87.9,88.0,8.4,8.2,221.9,217.9,1014.4,1014.4,466.88,348.3,1887.72,28.8605,13.3707,384.4,54.7,1494.264, NAN, NAN, NAN, NAN,,2024/04/15 13:04:48.835,2024-04-15 13:04:48.835000+00:00
2024/04/15, 13:05:48.835,35.956,-75.332, 0.47,225.55,313.52,0.34,16.1,16.1,1012.4,1012.3,0.0,0.0,85.09,78.49,357,352,8.4,8.3,88.2,88.2,8.4,8.3,221.4,216.4,1014.5,1014.4,464.67,348.71,1884.29,29.2548,13.3741,387.2,54.8,1494.739, NAN, NAN, NAN, NAN,,2024/04/15 13:05:48.835,2024-04-15 13:05:48.835000+00:00
2024/04/15, 13:06:48.835,35.956,-75.332, 0.50,225.15,11.52,0.1,16.1,16.2,1012.4,1012.3,0.0,0.0,85.09,78.49,359,352,8.3,8.1,88.1,88.3,8.3,8.1,224.0,217.1,1014.5,1014.4,461.4,348.47,1855.25,29.208,13.3767,387.0,54.7,1494.693, NAN, NAN, NAN, NAN,,2024/04/15 13:06:48.835,2024-04-15 13:06:48.835000+00:00
2024/04/15, 13:07:48.835,35.956,-75.332, 0.51,224.95,270.51,0.15,16.1,16.2,1012.5,1012.3,0.0,0.0,85.09,78.49,357,351,8.3,8.0,88.3,88.5,8.3,8.0,221.4,215.4,1014.6,1014.4,457.12,348.45,1847.71,29.292,13.3761,389.1,54.6,1494.79, NAN, NAN, NAN, NAN,,2024/04/15 13:07:48.835,2024-04-15 13:07:48.835000+00:00
2024/04/15, 13:08:48.835,35.956,-75.332, 0.46,224.81,52.52,0.13,16.1,16.1,1012.4,1012.4,0.0,0.0,85.09,78.49,358,353,8.3,8.2,88.2,88.3,8.3,8.2,223.1,218.2,1014.5,1014.5,461.69,348.38,1844.07,29.3955,13.3794,389.7,54.5,1494.923, NAN, NAN, NAN, NAN,,2024/04/15 13:08:48.835,2024-04-15 13:08:48.835000+00:00
2024/04/15, 13:09:48.836,35.956,-75.332, 0.45,224.99,123.83,0.21,16.1,16.1,1012.4,1012.4,0.0,0.0,85.09,78.49,1,353,8.1,7.8,88.5,88.5,8.1,7.8,226.8,218.8,1014.5,1014.5,453.55,348.3,1824.47,29.5127,13.3801,392.4,54.8,1495.063, NAN, NAN, NAN, NAN,,2024/04/15 13:09:48.836,2024-04-15 13:09:48.836000+00:00
2024/04/15, 13:10:48.836,35.956,-75.332, 0.45,225.28,354.63,0.22,16.1,16.2,1012.4,1012.4,0.0,0.0,85.09,78.49,358,353,8.1,7.8,88.6,88.6,8.2,7.9,222.6,217.6,1014.5,1014.5,467.49,348.46,1847.84,29.7769,13.38,393.9,54.7,1495.374, NAN, NAN, NAN, NAN,,2024/04/15 13:10:48.836,2024-04-15 13:10:48.836000+00:00
2024/04/15, 13:11:48.836,35.956,-75.332, 0.44,224.92,290.15,0.18,16.1,16.2,1012.5,1012.4,0.0,0.0,85.09,78.49,358,352,8.2,8.0,88.5,88.6,8.2,8.0,222.3,216.3,1014.6,1014.5,477.57,348.79,1883.87,29.7243,13.383,395.5,54.7,1495.322, NAN, NAN, NAN, NAN,,2024/04/15 13:11:48.836,2024-04-15 13:11:48.836000+00:00
2024/04/15, 13:12:48.836,35.956,-75.332, 0.47,224.51,140.8,0.19,16.2,16.2,1012.3,1012.5,0.0,0.0,85.09,78.49,359,352,8.3,7.8,88.6,88.6,8.3,7.8,224.2,217.2,1014.4,1014.6,483.56,349.15,1889.53,29.6261,13.3902,392.8,54.8,1495.23, NAN, NAN, NAN, NAN,,2024/04/15 13:12:48.836,2024-04-15 13:12:48.836000+00:00
2024/04/15, 13:13:48.836,35.956,-75.332, 0.45,224.81,128.32,0.26,16.2,16.2,1012.5,1012.4,0.0,0.0,85.09,78.49,357,351,8.0,7.9,88.6,88.6,8.0,7.9,222.8,216.7,1014.6,1014.5,481.05,348.48,1881.67,29.2906,13.3991,388.8,54.6,1494.865, NAN, NAN, NAN, NAN,,2024/04/15 13:13:48.836,2024-04-15 13:13:48.836000+00:00
2024/04/15, 13:14:48.836,35.956,-75.332, 0.43,225.0,217.35,0.15,16.2,16.2,1012.4,1012.4,0.0,0.0,85.09,78.49,359,352,8.2,8.0,88.5,88.5,8.2,7.9,224.4,217.4,1014.5,1014.5,483.47,348.54,1889.23,29.4252,13.3982,394.2,54.7,1495.021, NAN, NAN, NAN, NAN,,2024/04/15 13:14:48.836,2024-04-15 13:14:48.836000+00:00
2024/04/15, 13:15:48.836,35.956,-75.332, 0.43,225.05,319.28,0.17,16.2,16.2,1012.5,1012.4,0.0,0.0,85.09,78.49,358,352,8.1,7.8,88.4,88.5,8.1,7.8,222.5,216.4,1014.6,1014.5,494.97,348.76,1916.98,29.1351,13.3949,390.2,54.8,1494.668, NAN, NAN, NAN, NAN,,2024/04/15 13:15:48.836,2024-04-15 13:15:48.836000+00:00
2024/04/15, 13:16:48.836,35.956,-75.332, 0.40,225.83,323.3,0.47,16.2,16.2,1012.6,1012.4,0.0,0.0,85.09,78.49,358,353,8.1,7.7,88.3,88.4,8.1,7.7,222.1,217.1,1014.7,1014.5,499.19,349.03,1924.79,29.1204,13.3929,391.5,54.9,1494.644, NAN, NAN, NAN, NAN,,2024/04/15 13:16:48.836,2024-04-15 13:16:48.836000+00:00
2024/04/15, 13:17:48.836,35.956,-75.332, 0.48,224.99,262.97,0.08,16.2,16.2,1012.5,1012.4,0.0,0.0,85.09,78.49,0,354,8.2,8.1,88.4,88.5,8.2,8.1,225.3,219.3,1014.6,1014.5,480.97,348.91,1862.25,29.3073,13.3922,392.8,54.5,1494.862, NAN, NAN, NAN, NAN,,2024/04/15 13:17:48.836,2024-04-15 13:17:48.836000+00:00
2024/04/15, 13:18:48.836,35.956,-75.332, 0.42,226.44,272.52,0.12,16.2,16.2,1012.6,1012.4,0.0,0.0,85.09,78.49,357,351,7.5,7.6,88.4,88.4,7.5,7.6,223.0,217.0,1014.7,1014.5,498.66,348.68,1916.43,29.2446,13.3986,392.4,54.3,1494.809, NAN, NAN, NAN, NAN,,2024/04/15 13:18:48.836,2024-04-15 13:18:48.836000+00:00
2024/04/15, 13:19:48.836,35.956,-75.332, 0.48,225.78,137.31,0.34,16.2,16.2,1012.5,1012.5,0.0,0.0,85.09,78.49,357,350,8.0,8.0,88.6,88.6,8.0,7.9,224.0,216.9,1014.6,1014.6,499.44,348.83,1923.31,29.2388,13.402,391.5,54.6,1494.814, NAN, NAN, NAN, NAN,,2024/04/15 13:19:48.836,2024-04-15 13:19:48.836000+00:00
2024/04/15, 13:20:48.836,35.956,-75.332, 0.48,224.67,135.14,0.0,16.1,16.2,1012.5,1012.5,0.0,0.0,85.09,78.49,357,351,8.1,7.9,88.7,88.7,8.1,7.9,221.7,215.7,1014.6,1014.6,511.27,348.76,1939.3,29.1937,13.4046,394.2,54.7,1494.77, NAN, NAN, NAN, NAN,,2024/04/15 13:20:48.836,2024-04-15 13:20:48.836000+00:00
2024/04/15, 13:21:48.836,35.956,-75.332, 0.39,224.99,146.76,0.19,16.1,16.2,1012.6,1012.5,0.0,0.0,85.09,78.49,356,349,8.0,8.3,88.9,88.9,8.0,8.3,221.6,214.6,1014.7,1014.6,518.56,348.88,1959.34,29.2446,13.4036,392.1,54.7,1494.826, NAN, NAN, NAN, NAN,,2024/04/15 13:21:48.836,2024-04-15 13:21:48.836000+00:00
2024/04/15, 13:22:48.836,35.956,-75.332, 0.46,225.06,121.2,0.25,16.1,16.2,1012.6,1012.5,0.0,0.0,85.09,78.49,355,350,8.1,7.7,89.0,89.0,8.1,7.7,221.0,216.0,1014.7,1014.6,518.02,349.4,1961.08,28.9793,13.4032,389.7,54.8,1494.513, NAN, NAN, NAN, NAN,,2024/04/15 13:22:48.836,2024-04-15 13:22:48.836000+00:00
2024/04/15, 13:23:48.836,35.956,-75.332, 0.39,220.35,128.4,0.41,16.2,16.2,1012.5,1012.5,0.0,0.0,85.09,78.49,356,350,7.8,7.7,88.9,89.0,7.9,7.7,217.8,211.9,1014.6,1014.6,525.35,348.92,1968.32,29.2407,13.4092,393.1,54.8,1494.84, NAN, NAN, NAN, NAN,,2024/04/15 13:23:48.836,2024-04-15 13:23:48.836000+00:00
2024/04/15, 13:24:48.836,35.956,-75.332, 0.62,213.93,162.99,0.04,16.1,16.2,1012.6,1012.4,0.0,0.0,85.09,78.49,7,1,8.4,8.2,88.6,88.8,8.4,8.2,221.0,215.0,1014.7,1014.5,522.75,349.19,1978.4,29.3011,13.4095,395.2,54.7,1494.912, NAN, NAN, NAN, NAN,,2024/04/15 13:24:48.836,2024-04-15 13:24:48.836000+00:00
2024/04/15, 13:25:48.837,35.956,-75.332, 0.73,212.78,305.79,0.48,16.1,16.2,1012.5,1012.6,0.0,0.0,85.09,78.49,10,4,8.5,7.8,88.8,88.9,8.5,7.8,221.1,215.0,1014.6,1014.7,522.89,349.07,1986.37,29.3415,13.4136,393.1,54.8,1494.974, NAN, NAN, NAN, NAN,,2024/04/15 13:25:48.837,2024-04-15 13:25:48.837000+00:00
2024/04/15, 13:26:48.837,35.956,-75.332, 0.67,212.42,324.78,0.22,16.1,16.2,1012.6,1012.4,0.0,0.0,85.09,78.49,8,3,8.2,7.7,89.2,89.2,8.2,7.7,219.7,214.7,1014.7,1014.5,527.38,349.2,1990.36,29.053,13.4169,390.0,54.5,1494.645, NAN, NAN, NAN, NAN,,2024/04/15 13:26:48.837,2024-04-15 13:26:48.837000+00:00
2024/04/15, 13:27:48.837,35.956,-75.332, 0.80,211.76,1.79,0.05,16.1,16.1,1012.5,1012.6,0.0,0.0,85.09,78.49,9,2,8.3,8.1,88.9,89.0,8.3,8.1,220.6,213.6,1014.6,1014.7,530.91,348.7,1994.58,28.7843,13.4178,390.2,54.6,1494.332, NAN, NAN, NAN, NAN,,2024/04/15 13:27:48.837,2024-04-15 13:27:48.837000+00:00
2024/04/15, 13:28:48.837,35.956,-75.332, 0.59,211.78,85.07,0.27,16.1,16.1,1012.6,1012.5,0.0,0.0,85.09,78.49,9,3,8.1,8.1,89.0,88.9,8.2,8.2,221.5,215.6,1014.7,1014.6,535.51,349.04,1999.78,28.8408,13.4244,389.7,54.5,1494.421, NAN, NAN, NAN, NAN,,2024/04/15 13:28:48.837,2024-04-15 13:28:48.837000+00:00
2024/04/15, 13:29:48.837,35.956,-75.332, 0.56,212.67,132.9,0.41,16.1,16.2,1012.6,1012.6,0.0,0.0,85.09,78.49,7,1,8.3,8.1,88.9,89.1,8.3,8.1,221.1,215.2,1014.7,1014.7,535.63,348.88,2001.91,28.5732,13.4295,386.4,54.7,1494.123, NAN, NAN, NAN, NAN,,2024/04/15 13:29:48.837,2024-04-15 13:29:48.837000+00:00
2024/04/15, 13:30:48.837,35.956,-75.332, 0.59,212.84,359.88,0.24,16.1,16.2,1012.6,1012.6,0.0,0.0,85.09,78.49,7,1,8.0,7.7,88.6,88.9,8.1,7.8,219.4,213.4,1014.7,1014.7,528.67,348.89,2001.73,28.7213,13.4314,388.8,54.7,1494.304, NAN, NAN, NAN, NAN,,2024/04/15 13:30:48.837,2024-04-15 13:30:48.837000+00:00
2024/04/15, 13:31:48.837,35.956,-75.332, 0.67,212.02,86.9,0.06,16.1,16.1,1012.6,1012.5,0.0,0.0,85.09,78.49,8,3,8.1,8.2,88.8,88.7,8.1,8.2,220.2,215.2,1014.7,1014.6,542.25,349.23,2011.73,28.7544,13.4329,389.7,54.8,1494.348, NAN, NAN, NAN, NAN,,2024/04/15 13:31:48.837,2024-04-15 13:31:48.837000+00:00
2024/04/15, 13:32:48.837,35.956,-75.332, 0.59,212.03,74.07,0.46,16.1,16.1,1012.6,1012.6,0.0,0.0,85.09,78.49,7,0,7.8,7.6,89.2,89.3,7.9,7.7,220.6,213.7,1014.7,1014.7,547.58,348.62,2015.72,28.7122,13.4345,390.2,54.9,1494.303, NAN, NAN, NAN, NAN,,2024/04/15 13:32:48.837,2024-04-15 13:32:48.837000+00:00
2024/04/15, 13:33:48.837,35.956,-75.332, 0.54,213.19,301.62,0.08,16.1,16.1,1012.6,1012.5,0.0,0.0,85.09,78.49,7,1,8.2,7.9,88.7,88.6,8.2,7.9,220.1,214.1,1014.7,1014.6,538.78,348.85,2013.62,28.8316,13.4366,390.8,54.8,1494.451, NAN, NAN, NAN, NAN,,2024/04/15 13:33:48.837,2024-04-15 13:33:48.837000+00:00
2024/04/15, 13:34:48.837,35.956,-75.332, 0.59,211.82,277.3,0.17,16.0,16.0,1012.7,1012.6,0.0,0.0,85.09,78.49,7,2,8.4,8.1,89.3,89.3,8.4,8.1,218.3,213.3,1014.8,1014.7,541.6,349.43,2017.06,28.864,13.4419,389.7,54.5,1494.507, NAN, NAN, NAN, NAN,,2024/04/15 13:34:48.837,2024-04-15 13:34:48.837000+00:00
2024/04/15, 13:35:48.837,35.956,-75.332, 0.66,211.49,15.03,0.1,16.0,16.0,1012.7,1012.6,0.0,0.0,85.09,78.49,6,0,8.4,8.0,89.4,89.4,8.4,8.0,217.8,211.8,1014.8,1014.7,553.07,349.29,2025.87,28.726,13.45,389.1,55.0,1494.371, NAN, NAN, NAN, NAN,,2024/04/15 13:35:48.837,2024-04-15 13:35:48.837000+00:00
2024/04/15, 13:36:48.837,35.956,-75.332, 0.61,211.6,89.09,0.3,16.0,16.1,1012.6,1012.6,0.0,0.0,85.09,78.49,6,0,7.8,7.8,89.1,89.2,7.9,7.8,218.7,212.7,1014.7,1014.7,557.23,348.73,2029.75,28.908,13.4553,390.0,55.0,1494.603, NAN, NAN, NAN, NAN,,2024/04/15 13:36:48.837,2024-04-15 13:36:48.837000+00:00
2024/04/15, 13:37:48.837,35.956,-75.332, 0.65,211.11,113.47,0.06,16.0,16.0,1012.6,1012.6,0.0,0.0,85.09,78.49,6,1,7.8,7.5,88.9,89.0,7.8,7.5,216.9,211.9,1014.7,1014.7,557.85,348.61,2030.64,28.8449,13.4596,390.2,54.9,1494.543, NAN, NAN, NAN, NAN,,2024/04/15 13:37:48.837,2024-04-15 13:37:48.837000+00:00
2024/04/15, 13:38:48.837,35.956,-75.332, 0.60,211.46,129.07,0.19,16.0,16.0,1012.7,1012.6,0.0,0.0,85.09,78.49,6,0,8.0,7.8,88.9,89.0,8.0,7.8,218.2,212.2,1014.8,1014.7,560.23,348.64,2035.37,28.5049,13.4685,387.2,54.9,1494.173, NAN, NAN, NAN, NAN,,2024/04/15 13:38:48.837,2024-04-15 13:38:48.837000+00:00
2024/04/15, 13:39:48.837,35.956,-75.332, 0.53,212.73,344.13,0.12,15.9,16.0,1012.6,1012.6,0.0,0.0,85.09,78.49,6,1,7.9,7.8,89.2,89.3,8.0,7.9,218.6,213.7,1014.7,1014.7,563.08,348.74,2039.09,28.4701,13.4707,386.4,54.9,1494.14, NAN, NAN, NAN, NAN,,2024/04/15 13:39:48.837,2024-04-15 13:39:48.837000+00:00
2024/04/15, 13:40:48.837,35.956,-75.332, 0.75,212.02,285.13,0.3,16.0,16.0,1012.6,1012.6,0.0,0.0,85.09,78.49,6,1,7.9,7.8,89.2,89.3,7.8,7.7,217.2,212.1,1014.7,1014.7,566.16,348.64,2043.72,28.4012,13.4763,388.1,52.7,1494.078, NAN, NAN, NAN, NAN,,2024/04/15 13:40:48.837,2024-04-15 13:40:48.837000+00:00
2024/04/15, 13:41:48.838,35.956,-75.332, 0.68,211.24,189.02,0.22,15.9,16.0,1012.6,1012.5,0.0,0.0,85.09,78.49,7,0,8.1,7.9,89.1,89.2,8.0,7.8,218.4,211.3,1014.7,1014.6,567.32,348.43,2046.07,29.1889,13.4828,385.7,39.3,1495.026, NAN, NAN, NAN, NAN,,2024/04/15 13:41:48.838,2024-04-15 13:41:48.838000+00:00
2024/04/15, 13:42:48.838,35.956,-75.332, 0.72,211.34,248.58,0.27,15.9,15.9,1012.6,1012.6,0.0,0.0,85.09,78.49,6,0,8.0,7.6,89.2,89.2,7.9,7.5,217.1,210.9,1014.7,1014.7,571.11,348.78,2049.56,28.7596,13.485,399.2,51.9,1494.528, NAN, NAN, NAN, NAN,,2024/04/15 13:42:48.838,2024-04-15 13:42:48.838000+00:00
2024/04/15, 13:43:48.838,35.956,-75.332, 0.80,211.97,117.21,0.39,15.9,15.9,1012.6,1012.6,0.0,0.0,85.09,78.49,6,0,8.2,7.8,89.3,89.3,8.2,7.8,219.4,213.4,1014.7,1014.7,572.7,348.85,2051.09,28.8787,13.4843,395.2,54.9,1494.666, NAN, NAN, NAN, NAN,,2024/04/15 13:43:48.838,2024-04-15 13:43:48.838000+00:00
2024/04/15, 13:44:48.838,35.956,-75.332, 0.81,212.15,260.52,0.4,15.9,15.9,1012.4,1012.5,0.0,0.0,85.09,78.49,4,0,8.1,8.1,89.6,89.4,8.0,8.0,215.0,211.0,1014.5,1014.6,574.88,348.55,2055.74,28.5484,13.4884,387.8,55.0,1494.291, NAN, NAN, NAN, NAN,,2024/04/15 13:44:48.838,2024-04-15 13:44:48.838000+00:00
2024/04/15, 13:45:48.838,35.956,-75.332, 0.77,211.57,163.54,0.11,15.9,15.9,1012.6,1012.6,0.0,0.0,85.09,78.49,5,358,8.2,7.9,89.4,89.5,8.1,7.8,216.7,209.6,1014.7,1014.7,578.53,348.82,2057.61,28.426,13.4982,385.1,55.0,1494.18, NAN, NAN, NAN, NAN,,2024/04/15 13:45:48.838,2024-04-15 13:45:48.838000+00:00
2024/04/15, 13:46:48.838,35.956,-75.332, 0.76,212.01,141.93,0.24,15.9,15.9,1012.4,1012.5,0.0,0.0,85.09,78.49,3,358,8.4,8.0,89.6,89.6,8.3,7.9,215.8,210.8,1014.5,1014.6,581.08,348.72,2061.65,28.4393,13.504,385.4,54.8,1494.215, NAN, NAN, NAN, NAN,,2024/04/15 13:46:48.838,2024-04-15 13:46:48.838000+00:00
2024/04/15, 13:47:48.838,35.956,-75.332, 0.73,212.16,244.79,0.25,15.9,15.9,1012.5,1012.6,0.0,0.0,85.09,78.49,4,359,8.2,8.0,89.5,89.6,8.2,8.0,217.0,212.0,1014.6,1014.7,583.17,348.58,2064.13,28.3727,13.5041,387.2,55.1,1494.137, NAN, NAN, NAN, NAN,,2024/04/15 13:47:48.838,2024-04-15 13:47:48.838000+00:00
2024/04/15, 13:48:48.838,35.955,-75.332, 0.82,211.91,179.77,0.27,15.9,15.9,1012.5,1012.6,0.0,0.0,85.09,78.49,4,357,8.1,8.0,89.5,89.6,8.0,7.9,216.5,209.4,1014.6,1014.7,585.17,348.47,2068.41,28.3685,13.5083,386.0,55.0,1494.146, NAN, NAN, NAN, NAN,,2024/04/15 13:48:48.838,2024-04-15 13:48:48.838000+00:00
2024/04/15, 13:49:48.838,35.955,-75.332, 0.70,212.25,111.85,0.25,15.8,15.9,1012.6,1012.5,0.0,0.0,85.09,78.49,3,358,8.3,8.0,89.3,89.6,8.2,7.9,215.9,210.9,1014.7,1014.6,588.04,348.43,2069.56,28.4337,13.513,387.2,55.0,1494.239, NAN, NAN, NAN, NAN,,2024/04/15 13:49:48.838,2024-04-15 13:49:48.838000+00:00
2024/04/15, 13:50:48.838,35.955,-75.332, 0.71,212.65,271.76,0.36,15.8,15.8,1012.5,1012.5,0.0,0.0,85.09,78.49,4,358,7.9,7.8,89.4,89.5,7.8,7.7,215.7,209.6,1014.6,1014.6,590.52,348.39,2074.13,28.3611,13.516,386.7,55.1,1494.164, NAN, NAN, NAN, NAN,,2024/04/15 13:50:48.838,2024-04-15 13:50:48.838000+00:00
2024/04/15, 13:51:48.838,35.955,-75.332, 0.82,211.52,167.97,0.46,15.8,15.8,1012.6,1012.5,0.0,0.0,85.09,78.49,4,357,8.2,7.7,89.5,89.5,8.0,7.5,216.6,209.5,1014.7,1014.6,596.83,348.26,2075.03,28.517,13.5218,387.5,55.1,1494.366, NAN, NAN, NAN, NAN,,2024/04/15 13:51:48.838,2024-04-15 13:51:48.838000+00:00
2024/04/15, 13:52:48.838,35.955,-75.332, 0.74,212.54,273.29,0.23,15.8,15.8,1012.6,1012.5,0.0,0.0,85.09,78.49,3,356,8.1,8.1,89.5,89.6,8.0,8.0,215.4,208.3,1014.7,1014.6,600.32,348.64,2079.01,28.5359,13.5288,389.4,55.2,1494.412, NAN, NAN, NAN, NAN,,2024/04/15 13:52:48.838,2024-04-15 13:52:48.838000+00:00
2024/04/15, 13:53:48.838,35.955,-75.332, 0.72,212.84,245.24,0.31,15.8,15.8,1012.6,1012.4,0.0,0.0,85.09,78.49,5,358,8.3,8.0,89.7,89.8,8.1,7.8,217.8,210.7,1014.7,1014.5,600.79,348.88,2081.7,28.5275,13.5343,391.2,55.2,1494.42, NAN, NAN, NAN, NAN,,2024/04/15 13:53:48.838,2024-04-15 13:53:48.838000+00:00
2024/04/15, 13:54:48.838,35.955,-75.332, 0.66,212.44,220.01,0.2,15.8,15.8,1012.5,1012.6,0.0,0.0,85.09,78.49,3,357,8.5,8.3,90.0,89.9,8.4,8.2,215.6,209.5,1014.6,1014.7,604.5,348.69,2083.99,28.6694,13.5286,389.1,55.0,1494.568, NAN, NAN, NAN, NAN,,2024/04/15 13:54:48.838,2024-04-15 13:54:48.838000+00:00
2024/04/15, 13:55:48.838,35.955,-75.332, 0.71,211.63,131.65,0.33,15.8,15.8,1012.6,1012.4,0.0,0.0,85.09,78.49,5,0,8.6,8.5,89.9,89.9,8.5,8.4,217.7,212.7,1014.7,1014.5,612.04,348.83,2087.12,28.4418,13.5347,389.7,55.3,1494.321, NAN, NAN, NAN, NAN,,2024/04/15 13:55:48.838,2024-04-15 13:55:48.838000+00:00
2024/04/15, 13:56:48.839,35.955,-75.332, 0.77,211.26,181.3,0.3,15.8,15.8,1012.5,1012.6,0.0,0.0,85.09,78.49,6,359,8.6,8.5,89.6,89.8,8.5,8.4,217.0,209.9,1014.6,1014.7,618.56,348.75,2089.56,28.5722,13.5414,392.8,55.4,1494.497, NAN, NAN, NAN, NAN,,2024/04/15 13:56:48.839,2024-04-15 13:56:48.839000+00:00
2024/04/15, 13:57:48.839,35.955,-75.333, 0.63,212.24,269.63,0.12,15.8,15.8,1012.6,1012.5,0.0,0.0,85.09,78.49,6,0,8.7,8.0,90.0,90.0,8.7,8.0,218.0,211.9,1014.7,1014.6,621.83,348.99,2091.76,28.5837,13.5498,390.8,55.5,1494.538, NAN, NAN, NAN, NAN,,2024/04/15 13:57:48.839,2024-04-15 13:57:48.839000+00:00
2024/04/15, 13:58:48.839,35.955,-75.333, 0.72,212.64,297.22,0.22,15.8,15.8,1012.6,1012.4,0.0,0.0,85.09,78.49,6,0,9.0,8.5,89.8,89.9,8.9,8.4,218.5,212.4,1014.7,1014.5,625.65,349.22,2093.68,28.5653,13.5521,393.1,55.3,1494.524, NAN, NAN, NAN, NAN,,2024/04/15 13:58:48.839,2024-04-15 13:58:48.839000+00:00
2024/04/15, 13:59:48.839,35.955,-75.333, 0.72,211.55,259.45,0.53,15.9,15.8,1012.4,1012.5,0.0,0.0,85.09,78.49,6,1,8.9,8.6,89.8,89.9,8.7,8.4,216.2,211.0,1014.5,1014.6,634.36,349.34,2098.74,28.537,13.5389,391.2,55.5,1494.447, NAN, NAN, NAN, NAN,,2024/04/15 13:59:48.839,2024-04-15 13:59:48.839000+00:00
2024/04/15, 14:00:48.839,35.955,-75.333, 0.73,211.48,180.53,0.28,15.9,15.9,1012.5,1012.5,0.0,0.0,85.09,78.49,6,1,8.7,8.6,89.6,89.9,8.6,8.5,217.2,212.1,1014.6,1014.6,639.71,349.63,2101.64,28.3367,13.5421,389.4,55.5,1494.222, NAN, NAN, NAN, NAN,,2024/04/15 14:00:48.839,2024-04-15 14:00:48.839000+00:00
2024/04/15, 14:01:48.839,35.955,-75.333, 0.72,211.76,112.7,0.16,15.9,15.9,1012.4,1012.4,0.0,0.0,85.09,78.49,6,0,8.8,8.6,89.6,89.7,8.7,8.5,218.1,212.1,1014.5,1014.5,642.13,349.6,2103.11,28.7224,13.5454,391.5,55.5,1494.687, NAN, NAN, NAN, NAN,,2024/04/15 14:01:48.839,2024-04-15 14:01:48.839000+00:00
2024/04/15, 14:02:48.839,35.955,-75.333, 0.67,211.89,112.35,0.22,15.9,15.9,1012.5,1012.4,0.0,0.0,85.09,78.49,8,3,9.0,8.6,89.7,89.9,9.0,8.5,220.5,215.5,1014.6,1014.5,647.85,349.98,2104.2,29.1359,13.5461,395.5,55.4,1495.175, NAN, NAN, NAN, NAN,,2024/04/15 14:02:48.839,2024-04-15 14:02:48.839000+00:00
2024/04/15, 14:03:48.839,35.955,-75.333, 0.77,210.97,188.58,0.35,16.0,16.0,1012.6,1012.5,0.0,0.0,85.09,78.49,7,2,9.3,8.9,89.7,89.8,9.1,8.7,218.1,213.0,1014.7,1014.6,651.99,349.55,2107.7,28.8096,13.5428,392.4,55.3,1494.78, NAN, NAN, NAN, NAN,,2024/04/15 14:03:48.839,2024-04-15 14:03:48.839000+00:00
2024/04/15, 14:04:48.839,35.955,-75.333, 0.58,212.03,141.39,0.35,16.0,16.0,1012.6,1012.6,0.0,0.0,85.09,78.49,8,1,9.1,8.5,89.4,89.4,9.1,8.4,221.1,214.2,1014.7,1014.7,653.74,349.58,2109.39,29.1445,13.5408,396.1,55.3,1495.167, NAN, NAN, NAN, NAN,,2024/04/15 14:04:48.839,2024-04-15 14:04:48.839000+00:00
2024/04/15, 14:05:48.839,35.955,-75.333, 0.75,212.21,279.41,0.32,16.0,16.0,1012.5,1012.6,0.0,0.0,85.09,78.49,7,1,9.4,8.9,89.3,89.2,9.3,8.8,218.7,212.6,1014.6,1014.7,661.91,350.17,2113.17,29.1315,13.5388,397.6,55.5,1495.145, NAN, NAN, NAN, NAN,,2024/04/15 14:05:48.839,2024-04-15 14:05:48.839000+00:00
2024/04/15, 14:06:48.839,35.955,-75.333, 0.54,212.1,276.26,0.46,16.0,16.0,1012.5,1012.5,0.0,0.0,85.09,78.49,6,2,9.0,8.9,89.5,89.5,8.8,8.8,216.9,212.9,1014.6,1014.6,662.62,350.03,2114.3,29.0629,13.541,396.4,55.2,1495.072, NAN, NAN, NAN, NAN,,2024/04/15 14:06:48.839,2024-04-15 14:06:48.839000+00:00
2024/04/15, 14:07:48.839,35.955,-75.333, 0.73,212.03,239.15,0.38,16.0,16.0,1012.4,1012.6,0.0,0.0,85.09,78.49,8,3,8.9,8.7,89.1,89.2,8.7,8.5,219.5,214.4,1014.5,1014.7,672.76,349.71,2118.17,29.3296,13.5379,398.8,55.2,1495.375, NAN, NAN, NAN, NAN,,2024/04/15 14:07:48.839,2024-04-15 14:07:48.839000+00:00
2024/04/15, 14:08:48.839,35.955,-75.333, 0.67,211.15,250.59,0.44,16.0,16.0,1012.4,1012.5,0.0,0.0,85.09,78.49,7,0,8.8,8.4,89.2,89.2,8.6,8.2,217.3,210.1,1014.5,1014.6,676.37,349.47,2120.55,29.2674,13.5402,396.4,55.4,1495.31, NAN, NAN, NAN, NAN,,2024/04/15 14:08:48.839,2024-04-15 14:08:48.839000+00:00
2024/04/15, 14:09:48.839,35.955,-75.333, 0.64,212.63,112.19,0.21,16.0,16.0,1012.5,1012.7,0.0,0.0,85.09,78.49,8,3,9.2,8.9,88.7,88.7,9.1,8.8,221.2,216.2,1014.6,1014.8,679.99,349.97,2121.91,29.3422,13.5382,398.8,55.4,1495.391, NAN, NAN, NAN, NAN,,2024/04/15 14:09:48.839,2024-04-15 14:09:48.839000+00:00
2024/04/15, 14:10:48.839,35.955,-75.333, 0.73,211.72,214.4,0.28,16.0,16.0,1012.6,1012.4,0.0,0.0,85.09,78.49,9,3,9.2,8.9,89.3,89.3,9.1,8.8,220.3,214.2,1014.7,1014.5,686.44,350.26,2124.5,29.3841,13.5429,399.5,55.4,1495.456, NAN, NAN, NAN, NAN,,2024/04/15 14:10:48.839,2024-04-15 14:10:48.839000+00:00
2024/04/15, 14:11:48.840,35.955,-75.333, 0.64,212.69,309.68,0.14,16.0,16.0,1012.6,1012.6,0.0,0.0,85.09,78.49,8,2,9.0,8.6,89.1,89.3,9.0,8.6,220.3,214.3,1014.7,1014.7,689.51,349.43,2126.0,29.2161,13.5489,399.8,55.5,1495.278, NAN, NAN, NAN, NAN,,2024/04/15 14:11:48.840,2024-04-15 14:11:48.840000+00:00
2024/04/15, 14:12:48.840,35.955,-75.333, 0.72,212.09,196.54,0.28,16.0,16.0,1012.6,1012.5,0.0,0.0,85.09,78.49,7,2,8.8,8.3,88.8,89.0,8.7,8.2,219.3,214.2,1014.7,1014.6,695.82,348.87,2128.9,29.3405,13.5568,399.5,55.4,1495.451, NAN, NAN, NAN, NAN,,2024/04/15 14:12:48.840,2024-04-15 14:12:48.840000+00:00
2024/04/15, 14:13:48.840,35.954,-75.333, 0.64,213.28,252.22,0.35,16.0,16.0,1012.5,1012.6,0.0,0.0,85.09,78.49,6,1,9.2,8.8,88.8,88.9,9.0,8.7,218.7,213.6,1014.6,1014.7,694.92,350.01,2131.5,29.3152,13.5576,398.8,55.4,1495.424, NAN, NAN, NAN, NAN,,2024/04/15 14:13:48.840,2024-04-15 14:13:48.840000+00:00
2024/04/15, 14:14:48.840,35.954,-75.333, 0.73,212.88,283.56,0.37,16.0,16.0,1012.4,1012.5,0.0,0.0,85.09,78.49,6,0,9.1,8.7,89.3,89.4,9.0,8.6,218.0,211.9,1014.5,1014.6,700.18,349.79,2132.44,29.286,13.5582,398.5,55.3,1495.392, NAN, NAN, NAN, NAN,,2024/04/15 14:14:48.840,2024-04-15 14:14:48.840000+00:00
2024/04/15, 14:15:48.840,35.954,-75.333, 0.69,211.12,110.54,0.18,16.0,16.0,1012.6,1012.4,0.0,0.0,85.09,78.49,6,359,9.2,9.1,89.3,89.4,9.2,9.1,217.7,210.7,1014.7,1014.5,708.65,350.36,2136.7,29.0718,13.5606,397.6,55.5,1495.148, NAN, NAN, NAN, NAN,,2024/04/15 14:15:48.840,2024-04-15 14:15:48.840000+00:00
2024/04/15, 14:16:48.840,35.954,-75.333, 0.75,212.37,254.61,0.56,16.0,16.0,1012.5,1012.4,0.0,0.0,85.09,78.49,5,359,9.1,8.9,89.3,89.4,8.9,8.7,216.0,209.8,1014.6,1014.5,708.53,349.73,2137.75,29.0807,13.5709,397.2,55.7,1495.193, NAN, NAN, NAN, NAN,,2024/04/15 14:16:48.840,2024-04-15 14:16:48.840000+00:00
2024/04/15, 14:17:48.840,35.954,-75.333, 0.80,211.6,283.46,0.34,16.0,16.1,1012.5,1012.4,0.0,0.0,85.09,78.49,5,0,8.6,8.6,88.9,89.3,8.5,8.5,215.7,210.6,1014.6,1014.5,714.58,349.29,2141.35,29.2453,13.5805,399.2,55.8,1495.418, NAN, NAN, NAN, NAN,,2024/04/15 14:17:48.840,2024-04-15 14:17:48.840000+00:00
2024/04/15, 14:18:48.840,35.954,-75.334, 0.64,211.83,220.55,0.28,16.0,16.0,1012.4,1012.4,0.0,0.0,85.09,78.49,6,0,8.8,8.6,88.6,88.6,8.7,8.5,217.3,211.2,1014.5,1014.5,714.38,349.49,2143.01,29.4387,13.5864,401.9,55.6,1495.665, NAN, NAN, NAN, NAN,,2024/04/15 14:18:48.840,2024-04-15 14:18:48.840000+00:00
2024/04/15, 14:19:48.840,35.954,-75.334, 0.75,211.49,114.18,0.2,16.0,16.0,1012.4,1012.5,0.0,0.0,85.09,78.49,5,0,8.8,8.6,89.0,89.0,8.7,8.5,216.4,211.3,1014.5,1014.6,720.92,349.64,2147.04,29.1907,13.5866,398.8,55.6,1495.374, NAN, NAN, NAN, NAN,,2024/04/15 14:19:48.840,2024-04-15 14:19:48.840000+00:00
2024/04/15, 14:20:48.840,35.954,-75.334, 0.77,210.99,165.63,0.22,16.0,16.0,1012.6,1012.4,0.0,0.0,85.09,78.49,7,1,9.1,8.7,89.1,89.1,9.0,8.6,218.1,212.0,1014.7,1014.5,723.42,349.69,2148.26,29.3574,13.5911,399.5,55.7,1495.585, NAN, NAN, NAN, NAN,,2024/04/15 14:20:48.840,2024-04-15 14:20:48.840000+00:00
2024/04/15, 14:21:48.840,35.954,-75.334, 0.69,211.44,96.81,0.11,16.0,16.0,1012.5,1012.4,0.0,0.0,85.09,78.49,7,2,8.9,8.6,89.0,89.2,8.9,8.6,218.7,213.7,1014.6,1014.5,725.19,349.36,2150.12,29.4476,13.585,400.1,55.8,1495.671, NAN, NAN, NAN, NAN,,2024/04/15 14:21:48.840,2024-04-15 14:21:48.840000+00:00
2024/04/15, 14:22:48.840,35.954,-75.334, 0.73,211.82,246.66,0.47,16.0,16.0,1012.5,1012.5,0.0,0.0,85.09,78.49,8,2,8.9,8.4,88.9,89.0,8.7,8.2,218.9,212.7,1014.6,1014.6,725.69,349.43,2151.89,29.4896,13.577,401.9,55.8,1495.694, NAN, NAN, NAN, NAN,,2024/04/15 14:22:48.840,2024-04-15 14:22:48.840000+00:00
2024/04/15, 14:23:48.840,35.954,-75.334, 0.70,211.06,178.36,0.21,16.0,16.0,1012.6,1012.6,0.0,0.0,85.09,78.49,7,1,9.0,8.5,88.8,89.0,8.9,8.4,218.5,212.4,1014.7,1014.7,726.58,349.67,2153.44,29.5247,13.5781,403.5,55.9,1495.738, NAN, NAN, NAN, NAN,,2024/04/15 14:23:48.840,2024-04-15 14:23:48.840000+00:00
2024/04/15, 14:24:48.840,35.954,-75.334, 0.73,211.99,269.83,0.43,16.0,16.0,1012.4,1012.5,0.0,0.0,85.09,78.49,7,3,8.9,8.8,89.2,89.3,8.8,8.7,217.7,213.7,1014.5,1014.6,730.37,349.42,2155.64,29.5841,13.5833,404.9,55.7,1495.826, NAN, NAN, NAN, NAN,,2024/04/15 14:24:48.840,2024-04-15 14:24:48.840000+00:00
2024/04/15, 14:25:48.840,35.954,-75.334, 0.68,211.96,253.94,0.22,16.0,16.0,1012.6,1012.4,0.0,0.0,85.09,78.49,7,1,9.0,8.8,89.0,89.0,8.9,8.7,218.8,212.7,1014.7,1014.5,729.39,349.65,2157.95,29.369,13.584,401.2,55.7,1495.575, NAN, NAN, NAN, NAN,,2024/04/15 14:25:48.840,2024-04-15 14:25:48.840000+00:00
2024/04/15, 14:26:48.841,35.954,-75.334, 0.80,212.99,251.48,0.34,16.0,16.0,1012.6,1012.4,0.0,0.0,85.09,78.49,7,2,8.9,8.8,89.0,89.0,8.7,8.6,219.5,214.4,1014.7,1014.5,732.14,349.85,2159.9,29.4679,13.5843,406.7,55.8,1495.692, NAN, NAN, NAN, NAN,,2024/04/15 14:26:48.841,2024-04-15 14:26:48.841000+00:00
2024/04/15, 14:27:48.841,35.954,-75.334, 0.69,212.03,281.87,0.24,16.0,16.0,1012.5,1012.6,0.0,0.0,85.09,78.49,8,2,8.7,8.7,89.1,89.1,8.6,8.6,219.7,213.6,1014.6,1014.7,739.27,350.01,2162.88,29.4526,13.588,404.3,55.9,1495.687, NAN, NAN, NAN, NAN,,2024/04/15 14:27:48.841,2024-04-15 14:27:48.841000+00:00
2024/04/15, 14:28:48.841,35.954,-75.334, 0.71,211.72,119.52,0.19,16.0,16.0,1012.5,1012.5,0.0,0.0,85.09,78.49,7,1,8.5,8.5,88.8,89.0,8.4,8.4,219.1,213.0,1014.6,1014.6,744.08,349.4,2164.99,29.4163,13.5871,402.8,55.5,1495.641, NAN, NAN, NAN, NAN,,2024/04/15 14:28:48.841,2024-04-15 14:28:48.841000+00:00
2024/04/15, 14:29:48.841,35.954,-75.334, 0.70,212.0,205.51,0.34,16.0,16.0,1012.7,1012.5,0.0,0.0,85.09,78.49,7,1,9.3,8.8,88.5,88.6,9.1,8.6,219.0,212.9,1014.8,1014.6,743.51,349.93,2166.87,29.5928,13.5919,405.2,55.7,1495.864, NAN, NAN, NAN, NAN,,2024/04/15 14:29:48.841,2024-04-15 14:29:48.841000+00:00
2024/04/15, 14:30:48.841,35.954,-75.334, 0.73,211.96,223.33,0.35,16.0,16.0,1012.5,1012.6,0.0,0.0,85.09,78.49,7,2,8.6,8.8,89.3,89.3,8.4,8.6,218.7,213.6,1014.6,1014.7,742.61,349.59,2169.91,29.5291,13.5948,404.6,55.6,1495.799, NAN, NAN, NAN, NAN,,2024/04/15 14:30:48.841,2024-04-15 14:30:48.841000+00:00
2024/04/15, 14:31:48.841,35.954,-75.334, 0.72,212.52,275.82,0.19,16.0,16.0,1012.4,1012.5,0.0,0.0,85.09,78.49,8,2,9.0,8.7,89.4,89.0,8.9,8.7,220.0,214.0,1014.5,1014.6,746.44,350.13,2170.87,29.5394,13.6008,403.6,55.8,1495.831, NAN, NAN, NAN, NAN,,2024/04/15 14:31:48.841,2024-04-15 14:31:48.841000+00:00
2024/04/15, 14:32:48.841,35.954,-75.334, 0.79,211.2,140.73,0.25,16.0,16.0,1012.6,1012.6,0.0,0.0,85.09,78.49,8,2,8.6,8.3,89.3,89.3,8.5,8.2,220.0,214.0,1014.7,1014.7,750.84,350.03,2174.02,29.657,13.5977,407.3,55.4,1495.959, NAN, NAN, NAN, NAN,,2024/04/15 14:32:48.841,2024-04-15 14:32:48.841000+00:00
2024/04/15, 14:33:48.841,35.954,-75.334, 0.75,211.53,148.63,0.31,16.0,16.0,1012.6,1012.6,0.0,0.0,85.09,78.49,7,1,9.1,8.5,88.6,88.5,9.0,8.4,219.5,213.5,1014.7,1014.7,755.87,350.64,2175.28,29.683,13.5939,406.5,55.6,1495.977, NAN, NAN, NAN, NAN,,2024/04/15 14:33:48.841,2024-04-15 14:33:48.841000+00:00
2024/04/15, 14:34:48.841,35.954,-75.334, 0.71,213.12,28.04,0.13,16.0,16.0,1012.5,1012.6,0.0,0.0,85.09,78.49,7,1,8.9,8.7,88.8,88.9,8.9,8.7,219.8,213.8,1014.6,1014.7,755.51,350.37,2178.62,29.5433,13.5862,405.6,55.8,1495.787, NAN, NAN, NAN, NAN,,2024/04/15 14:34:48.841,2024-04-15 14:34:48.841000+00:00
2024/04/15, 14:35:48.841,35.954,-75.334, 0.75,212.41,249.44,0.32,16.0,16.0,1012.6,1012.6,0.0,0.0,85.09,78.49,7,1,8.8,8.4,88.9,89.0,8.6,8.2,219.5,213.4,1014.7,1014.7,757.98,350.15,2181.66,29.6991,13.584,409.6,55.8,1495.963, NAN, NAN, NAN, NAN,,2024/04/15 14:35:48.841,2024-04-15 14:35:48.841000+00:00
2024/04/15, 14:36:48.841,35.954,-75.334, 0.68,212.01,265.59,0.5,16.0,16.0,1012.6,1012.6,0.0,0.0,85.09,78.49,7,2,8.7,8.3,88.7,88.7,8.5,8.1,217.9,212.7,1014.7,1014.7,761.23,350.1,2183.02,29.6151,13.582,405.6,55.7,1495.858, NAN, NAN, NAN, NAN,,2024/04/15 14:36:48.841,2024-04-15 14:36:48.841000+00:00
2024/04/15, 14:37:48.841,35.954,-75.334, 0.68,211.96,187.11,0.3,16.0,16.0,1012.6,1012.6,0.0,0.0,85.09,78.49,6,0,9.1,8.8,88.6,88.8,9.0,8.7,218.6,212.6,1014.7,1014.7,765.75,350.62,2184.97,29.3434,13.5858,402.8,55.7,1495.551, NAN, NAN, NAN, NAN,,2024/04/15 14:37:48.841,2024-04-15 14:37:48.841000+00:00
2024/04/15, 14:38:48.841,35.953,-75.334, 0.66,211.45,286.18,0.45,16.0,16.0,1012.6,1012.6,0.0,0.0,85.09,78.49,7,1,8.7,8.7,88.9,89.1,8.6,8.6,217.1,211.0,1014.7,1014.7,775.1,350.46,2187.16,29.212,13.5891,402.2,55.9,1495.408, NAN, NAN, NAN, NAN,,2024/04/15 14:38:48.841,2024-04-15 14:38:48.841000+00:00
2024/04/15, 14:39:48.841,35.953,-75.335, 0.63,211.66,183.66,0.21,16.0,16.0,1012.6,1012.6,0.0,0.0,85.09,78.49,7,0,9.0,8.5,88.6,88.8,8.9,8.4,218.5,211.4,1014.7,1014.7,773.25,350.71,2190.52,29.1857,13.6016,404.9,55.8,1495.418, NAN, NAN, NAN, NAN,,2024/04/15 14:39:48.841,2024-04-15 14:39:48.841000+00:00
2024/04/15, 14:40:48.841,35.953,-75.335, 0.66,212.15,189.12,0.29,16.0,16.0,1012.6,1012.6,0.0,0.0,85.09,78.49,5,359,8.4,8.6,88.7,88.6,8.3,8.5,217.9,211.8,1014.7,1014.7,773.57,350.45,2192.01,29.4363,13.6123,408.0,56.0,1495.749, NAN, NAN, NAN, NAN,,2024/04/15 14:40:48.841,2024-04-15 14:40:48.841000+00:00
2024/04/15, 14:41:48.842,35.953,-75.335, 0.96,212.04,274.8,0.57,16.0,16.0,1012.6,1012.6,0.0,0.0,85.09,78.49,5,359,8.7,8.5,88.5,88.5,8.5,8.4,215.4,209.3,1014.7,1014.7,770.8,350.43,2175.94,29.4154,13.6246,405.9,55.7,1495.765, NAN, NAN, NAN, NAN,,2024/04/15 14:41:48.842,2024-04-15 14:41:48.842000+00:00
2024/04/15, 14:42:48.842,35.953,-75.335, 0.40,211.91,295.87,0.31,16.0,16.0,1012.6,1012.6,0.0,0.0,85.09,78.49,4,359,8.6,8.4,88.6,88.5,8.7,8.5,215.0,210.1,1014.7,1014.7,773.96,350.64,2168.86,29.3743,13.6311,408.0,55.6,1495.738, NAN, NAN, NAN, NAN,,2024/04/15 14:42:48.842,2024-04-15 14:42:48.842000+00:00
2024/04/15, 14:43:48.842,35.953,-75.335, 0.51,211.66,206.83,0.43,16.0,16.0,1012.6,1012.6,0.0,0.0,85.09,78.49,5,358,8.8,8.5,88.7,88.6,8.6,8.3,217.3,210.2,1014.7,1014.7,782.74,350.88,2191.61,29.3688,13.6323,409.6,55.2,1495.736, NAN, NAN, NAN, NAN,,2024/04/15 14:43:48.842,2024-04-15 14:43:48.842000+00:00
2024/04/15, 14:44:48.842,35.953,-75.335, 0.90,211.42,174.17,0.39,16.0,16.0,1012.6,1012.6,0.0,0.0,85.09,78.49,4,358,9.1,8.8,89.0,89.0,8.9,8.6,216.2,210.1,1014.7,1014.7,778.62,351.03,2176.92,29.5743,13.631,409.9,55.7,1495.973, NAN, NAN, NAN, NAN,,2024/04/15 14:44:48.842,2024-04-15 14:44:48.842000+00:00
2024/04/15, 14:45:48.842,35.953,-75.335, 0.43,212.79,94.26,0.56,16.0,16.0,1012.6,1012.6,0.0,0.0,85.09,78.49,3,356,8.7,8.7,89.2,88.9,8.8,8.8,217.5,210.6,1014.7,1014.7,778.22,350.94,2164.64,28.8783,13.6321,404.9,55.7,1495.159, NAN, NAN, NAN, NAN,,2024/04/15 14:45:48.842,2024-04-15 14:45:48.842000+00:00
2024/04/15, 14:46:48.842,35.953,-75.335, 0.46,213.82,314.93,0.37,16.0,16.0,1012.6,1012.5,0.0,0.0,85.09,78.49,3,356,8.6,8.5,89.0,89.0,8.6,8.5,215.6,208.6,1014.7,1014.6,774.44,350.66,2159.4,29.0632,13.6307,407.6,55.4,1495.372, NAN, NAN, NAN, NAN,,2024/04/15 14:46:48.842,2024-04-15 14:46:48.842000+00:00
2024/04/15, 14:47:48.842,35.953,-75.335, 0.45,214.02,189.34,0.29,16.0,16.0,1012.6,1012.6,0.0,0.0,85.09,78.49,3,356,8.7,8.2,88.8,88.8,8.6,8.1,217.9,211.0,1014.7,1014.7,773.6,350.45,2150.64,28.8497,13.6284,404.6,55.2,1495.113, NAN, NAN, NAN, NAN,,2024/04/15 14:47:48.842,2024-04-15 14:47:48.842000+00:00
2024/04/15, 14:48:48.842,35.953,-75.335, 0.49,213.5,345.94,0.18,16.0,16.0,1012.6,1012.6,0.0,0.0,85.09,78.49,1,356,8.3,8.2,88.5,88.6,8.4,8.3,214.4,209.4,1014.7,1014.7,765.16,350.46,2129.88,29.0077,13.6209,404.9,55.6,1495.274, NAN, NAN, NAN, NAN,,2024/04/15 14:48:48.842,2024-04-15 14:48:48.842000+00:00
2024/04/15, 14:49:48.842,35.953,-75.335, 0.52,210.66,136.64,0.07,16.0,16.0,1012.6,1012.6,0.0,0.0,85.09,78.49,2,358,8.5,8.1,88.6,88.6,8.5,8.1,212.4,208.4,1014.7,1014.7,771.96,350.49,2131.72,29.4805,13.6077,413.4,55.6,1495.785, NAN, NAN, NAN, NAN,,2024/04/15 14:49:48.842,2024-04-15 14:49:48.842000+00:00
2024/04/15, 14:50:48.842,35.953,-75.335, 0.45,212.1,193.93,0.14,16.0,16.0,1012.7,1012.6,0.0,0.0,85.09,78.49,3,357,8.1,7.9,88.6,88.6,8.1,7.9,215.5,209.5,1014.8,1014.7,776.61,350.44,2132.09,29.6147,13.5823,412.0,55.5,1495.858, NAN, NAN, NAN, NAN,,2024/04/15 14:50:48.842,2024-04-15 14:50:48.842000+00:00
2024/04/15, 14:51:48.842,35.953,-75.335, 0.45,211.64,344.56,0.15,16.0,16.0,1012.7,1012.7,0.0,0.0,85.09,78.49,4,359,8.3,8.0,88.7,88.7,8.4,8.1,215.4,210.4,1014.8,1014.8,781.4,350.73,2149.17,30.0312,13.5822,418.0,55.7,1496.347, NAN, NAN, NAN, NAN,,2024/04/15 14:51:48.842,2024-04-15 14:51:48.842000+00:00
2024/04/15, 14:52:48.842,35.953,-75.335, 0.40,212.06,274.9,0.14,15.9,16.0,1012.7,1012.6,0.0,0.0,85.09,78.49,2,356,8.5,8.2,88.6,88.9,8.5,8.2,213.6,207.6,1014.8,1014.7,807.85,351.0,2205.29,30.3205,13.5722,420.1,55.4,1496.654, NAN, NAN, NAN, NAN,,2024/04/15 14:52:48.842,2024-04-15 14:52:48.842000+00:00
2024/04/15, 14:53:48.842,35.953,-75.335, 1.16,213.38,203.73,1.29,15.9,15.9,1012.6,1012.7,0.0,0.0,85.09,78.49,3,357,8.8,8.8,88.9,89.0,8.1,8.1,216.3,209.8,1014.7,1014.8,813.2,350.7,2216.96,30.6173,13.5889,425.1,55.0,1497.059, NAN, NAN, NAN, NAN,,2024/04/15 14:53:48.842,2024-04-15 14:53:48.842000+00:00
2024/04/15, 14:54:48.842,35.953,-75.336, 2.03,269.61,260.87,2.55,15.9,15.9,1012.6,1012.6,0.0,0.0,85.09,78.49,320,312,8.6,9.9,88.8,88.9,7.5,8.9,224.3,216.2,1014.7,1014.7,754.27,351.12,2197.04,30.5622,13.6045,421.1,55.5,1497.046, NAN, NAN, NAN, NAN,,2024/04/15 14:54:48.842,2024-04-15 14:54:48.842000+00:00
2024/04/15, 14:55:48.842,35.953,-75.336, 1.54,332.7,327.9,2.74,15.9,15.9,1012.8,1012.6,0.0,0.0,85.09,78.49,254,247,8.0,8.1,88.9,89.0,8.4,8.6,217.2,210.8,1014.9,1014.7,836.21,352.31,2179.72,30.5992,13.6208,420.8,55.6,1497.143, NAN, NAN, NAN, NAN,,2024/04/15 14:55:48.842,2024-04-15 14:55:48.842000+00:00
2024/04/15, 14:56:48.843,35.954,-75.336, 2.18,25.59,24.61,3.12,15.9,15.9,1012.8,1012.8,0.0,0.0,85.09,78.49,177,200,3.5,1.8,88.7,88.8,5.1,3.3,202.8,215.1,1014.9,1014.9,804.54,353.58,2183.89,30.6188,13.6176,419.3,55.8,1497.156, NAN, NAN, NAN, NAN,,2024/04/15 14:56:48.843,2024-04-15 14:56:48.843000+00:00
2024/04/15, 14:57:48.843,35.955,-75.336, 3.37,33.66,32.32,3.94,15.9,15.9,1012.8,1012.8,0.0,0.0,85.09,78.49,171,174,2.7,3.7,88.8,88.7,4.7,5.7,209.3,210.4,1014.9,1014.9,797.66,354.42,2194.96,30.3173,13.4646,417.1,55.9,1496.292, NAN, NAN, NAN, NAN,,2024/04/15 14:57:48.843,2024-04-15 14:57:48.843000+00:00
2024/04/15, 14:58:48.843,35.956,-75.335, 3.28,40.81,45.35,3.65,15.9,15.9,1012.8,1012.8,0.0,0.0,85.09,78.49,162,161,5.6,5.9,89.0,89.2,7.4,7.7,208.1,207.1,1014.9,1014.9,794.77,352.89,2201.29,29.3179,13.3643,401.6,55.9,1494.781, NAN, NAN, NAN, NAN,,2024/04/15 14:58:48.843,2024-04-15 14:58:48.843000+00:00
2024/04/15, 14:59:48.843,35.956,-75.334, 2.70,6.92,30.69,2.19,15.9,15.9,1012.8,1012.8,0.0,0.0,85.09,78.49,198,203,3.6,5.0,88.2,88.5,4.7,6.1,206.2,210.0,1014.9,1014.9,814.15,354.41,2189.71,28.6882,13.245,387.5,56.1,1493.638, NAN, NAN, NAN, NAN,,2024/04/15 14:59:48.843,2024-04-15 14:59:48.843000+00:00
2024/04/15, 15:00:48.843,35.957,-75.334, -0.51,290.66,356.32,0.83,15.9,15.9,1012.8,1012.8,0.0,0.0,85.09,78.49,264,269,8.9,8.6,88.8,89.3,9.3,9.0,195.7,200.5,1014.9,1014.9,805.3,351.46,2184.14,28.8345,13.1689,385.4,55.8,1493.554, NAN, NAN, NAN, NAN,,2024/04/15 15:00:48.843,2024-04-15 15:00:48.843000+00:00
2024/04/15, 15:01:48.843,35.957,-75.334, -0.13,231.34,80.21,0.42,15.9,15.9,1012.9,1012.8,0.0,0.0,85.09,78.49,329,328,7.6,8.3,88.6,89.0,7.8,8.5,201.1,200.1,1015.0,1014.9,806.24,349.78,2213.29,28.8639,13.1915,383.3,56.0,1493.665, NAN, NAN, NAN, NAN,,2024/04/15 15:01:48.843,2024-04-15 15:01:48.843000+00:00
2024/04/15, 15:02:48.843,35.957,-75.334, 0.37,219.36,105.38,0.05,15.9,15.8,1012.8,1012.7,0.0,0.0,85.09,78.49,350,346,7.9,7.9,88.9,89.5,7.9,7.9,209.5,205.5,1014.9,1014.8,826.45,350.13,2222.48,28.8975,13.1522,383.3,56.0,1493.572, NAN, NAN, NAN, NAN,,2024/04/15 15:02:48.843,2024-04-15 15:02:48.843000+00:00
2024/04/15, 15:03:48.843,35.957,-75.334, 0.38,218.63,272.43,0.28,15.9,15.8,1012.7,1012.7,0.0,0.0,85.09,78.49,352,348,8.1,8.2,89.5,89.6,8.1,8.3,209.7,205.7,1014.8,1014.8,834.72,350.53,2222.86,28.4927,13.1651,371.5,55.6,1493.138, NAN, NAN, NAN, NAN,,2024/04/15 15:03:48.843,2024-04-15 15:03:48.843000+00:00
2024/04/15, 15:04:48.843,35.957,-75.334, 0.43,220.93,121.72,0.24,15.9,15.9,1012.6,1012.7,0.0,0.0,85.09,78.49,351,345,8.1,8.1,89.6,90.0,8.1,8.1,212.8,206.8,1014.7,1014.8,832.21,351.08,2222.6,28.2107,13.2816,364.1,55.9,1493.199, NAN, NAN, NAN, NAN,,2024/04/15 15:04:48.843,2024-04-15 15:04:48.843000+00:00
2024/04/15, 15:05:48.843,35.957,-75.334, 0.42,219.52,306.52,0.39,15.9,15.9,1012.7,1012.7,0.0,0.0,85.09,78.49,350,345,7.8,8.0,89.6,89.7,7.9,8.1,208.4,203.5,1014.8,1014.8,832.73,351.03,2225.08,28.3333,13.3949,370.5,56.2,1493.725, NAN, NAN, NAN, NAN,,2024/04/15 15:05:48.843,2024-04-15 15:05:48.843000+00:00
2024/04/15, 15:06:48.843,35.957,-75.334, 0.46,181.77,102.1,0.67,15.9,15.9,1012.7,1012.6,0.0,0.0,85.09,78.49,20,18,8.1,8.0,89.4,89.6,8.3,8.2,203.6,201.7,1014.8,1014.7,825.75,350.79,2240.37,28.4942,13.4413,375.2,55.8,1494.07, NAN, NAN, NAN, NAN,,2024/04/15 15:06:48.843,2024-04-15 15:06:48.843000+00:00
2024/04/15, 15:07:48.843,35.957,-75.334, 1.69,147.23,112.73,1.37,15.9,15.9,1012.7,1012.7,0.0,0.0,85.09,78.49,59,55,8.9,10.4,89.2,89.4,9.0,10.4,210.7,206.1,1014.8,1014.8,768.02,351.64,2232.42,28.8312,13.1996,390.2,55.6,1493.654, NAN, NAN, NAN, NAN,,2024/04/15 15:07:48.843,2024-04-15 15:07:48.843000+00:00
2024/04/15, 15:08:48.843,35.957,-75.333, 2.39,146.12,112.64,1.87,15.9,15.9,1012.7,1012.6,0.0,0.0,85.09,78.49,63,56,9.2,9.9,89.2,89.4,9.3,9.9,215.0,207.7,1014.8,1014.7,762.26,352.55,2255.89,28.9364,13.1837,397.2,56.0,1493.724, NAN, NAN, NAN, NAN,,2024/04/15 15:08:48.843,2024-04-15 15:08:48.843000+00:00
2024/04/15, 15:09:48.843,35.956,-75.333, 3.10,149.0,132.49,2.44,15.9,15.9,1012.6,1012.6,0.0,0.0,85.09,78.49,56,54,9.6,9.7,89.2,89.5,9.3,9.4,212.4,210.3,1014.7,1014.7,780.72,352.2,2257.31,28.6182,13.2442,392.1,56.0,1493.553, NAN, NAN, NAN, NAN,,2024/04/15 15:09:48.843,2024-04-15 15:09:48.843000+00:00
2024/04/15, 15:10:48.843,35.956,-75.332, 3.69,148.95,142.25,3.06,15.8,15.9,1012.7,1012.6,0.0,0.0,85.09,78.49,56,53,9.9,9.8,89.2,89.5,9.4,9.2,213.8,210.7,1014.8,1014.7,778.2,352.35,2259.33,28.8436,13.2331,394.2,55.9,1493.781, NAN, NAN, NAN, NAN,,2024/04/15 15:10:48.843,2024-04-15 15:10:48.843000+00:00
2024/04/15, 15:11:48.844,35.955,-75.331, 4.04,145.82,131.84,3.28,15.8,15.8,1012.6,1012.6,0.0,0.0,85.09,78.49,58,56,10.1,9.9,89.3,89.5,9.7,9.4,213.3,211.5,1014.7,1014.7,765.4,352.88,2259.17,28.9253,13.267,386.7,56.1,1493.991, NAN, NAN, NAN, NAN,,2024/04/15 15:11:48.844,2024-04-15 15:11:48.844000+00:00
2024/04/15, 15:12:48.844,35.955,-75.331, 2.25,184.56,129.69,1.51,15.8,15.9,1012.5,1012.7,0.0,0.0,85.09,78.49,40,32,9.5,9.5,89.3,89.5,9.3,9.2,229.1,221.0,1014.6,1014.8,857.0,352.45,2253.14,28.7337,13.1781,380.3,56.0,1493.466, NAN, NAN, NAN, NAN,,2024/04/15 15:12:48.844,2024-04-15 15:12:48.844000+00:00
2024/04/15, 15:13:48.844,35.955,-75.331, 1.28,192.6,205.78,0.9,15.9,15.9,1012.6,1012.5,0.0,0.0,85.09,78.49,21,15,8.9,8.9,89.3,89.2,8.5,8.5,215.1,208.8,1014.7,1014.6,846.27,352.12,2245.11,28.7861,13.3862,378.0,56.3,1494.228, NAN, NAN, NAN, NAN,,2024/04/15 15:13:48.844,2024-04-15 15:13:48.844000+00:00
2024/04/15, 15:14:48.844,35.954,-75.331, 1.07,203.6,231.36,0.42,15.9,15.9,1012.7,1012.6,0.0,0.0,85.09,78.49,12,5,8.9,8.8,88.9,89.0,8.7,8.6,215.9,208.7,1014.8,1014.7,860.23,352.2,2226.91,29.3382,13.5405,385.4,56.1,1495.394, NAN, NAN, NAN, NAN,,2024/04/15 15:14:48.844,2024-04-15 15:14:48.844000+00:00
2024/04/15, 15:15:48.844,35.954,-75.33, 0.56,203.84,47.18,0.03,15.9,15.9,1012.7,1012.5,0.0,0.0,85.09,78.49,10,4,8.9,8.9,89.0,89.1,8.9,8.9,213.8,207.8,1014.8,1014.6,852.33,352.24,2199.51,29.5973,13.6386,387.5,56.1,1496.025, NAN, NAN, NAN, NAN,,2024/04/15 15:15:48.844,2024-04-15 15:15:48.844000+00:00
2024/04/15, 15:16:48.844,35.954,-75.33, 0.53,206.4,73.38,0.36,15.9,16.0,1012.6,1012.6,0.0,0.0,85.09,78.49,10,4,8.7,8.6,89.1,89.0,8.8,8.7,217.4,211.4,1014.7,1014.7,850.95,352.25,2192.81,29.4152,13.6836,388.1,55.9,1495.961, NAN, NAN, NAN, NAN,,2024/04/15 15:16:48.844,2024-04-15 15:16:48.844000+00:00
2024/04/15, 15:17:48.844,35.954,-75.33, 0.50,209.29,95.07,0.21,16.0,16.0,1012.7,1012.5,0.0,0.0,85.09,78.49,3,357,8.7,8.4,88.5,88.6,8.8,8.5,212.8,206.9,1014.8,1014.6,857.38,351.7,2188.96,29.2591,13.7303,388.4,55.7,1495.933, NAN, NAN, NAN, NAN,,2024/04/15 15:17:48.844,2024-04-15 15:17:48.844000+00:00
2024/04/15, 15:18:48.844,35.954,-75.33, 0.45,210.93,140.22,0.4,16.0,16.0,1012.6,1012.7,0.0,0.0,85.09,78.49,3,357,8.7,8.5,88.3,88.4,8.7,8.5,215.3,209.3,1014.7,1014.8,868.62,351.77,2209.28,28.9645,13.7516,386.4,55.9,1495.658, NAN, NAN, NAN, NAN,,2024/04/15 15:18:48.844,2024-04-15 15:18:48.844000+00:00
2024/04/15, 15:19:48.844,35.954,-75.33, 0.57,210.33,156.28,0.17,16.0,16.0,1012.6,1012.7,0.0,0.0,85.09,78.49,4,358,8.7,8.6,88.4,88.5,8.7,8.6,214.9,208.9,1014.7,1014.8,877.49,351.9,2222.34,29.061,13.7614,389.4,56.1,1495.804, NAN, NAN, NAN, NAN,,2024/04/15 15:19:48.844,2024-04-15 15:19:48.844000+00:00
2024/04/15, 15:20:48.844,35.954,-75.33, 0.57,209.48,194.03,0.08,16.0,16.0,1012.6,1012.6,0.0,0.0,85.09,78.49,4,357,8.8,8.5,88.3,88.5,8.8,8.5,213.7,206.7,1014.7,1014.7,882.36,351.73,2225.74,28.5178,13.768,392.4,56.0,1495.189, NAN, NAN, NAN, NAN,,2024/04/15 15:20:48.844,2024-04-15 15:20:48.844000+00:00
2024/04/15, 15:21:48.844,35.954,-75.33, 1.44,209.52,220.52,1.32,16.0,16.0,1012.5,1012.7,0.0,0.0,85.09,78.49,3,359,9.2,9.2,88.1,88.4,8.5,8.5,212.0,207.7,1014.6,1014.8,886.17,351.34,2226.12,28.2242,13.7743,391.8,56.3,1494.865, NAN, NAN, NAN, NAN,,2024/04/15 15:21:48.844,2024-04-15 15:21:48.844000+00:00
2024/04/15, 15:22:48.844,35.954,-75.331, 2.98,212.25,221.69,2.62,16.0,16.0,1012.6,1012.5,0.0,0.0,85.09,78.49,0,354,10.0,9.9,87.9,88.3,8.7,8.6,211.9,204.9,1014.7,1014.6,883.19,351.41,2213.76,28.1269,13.7502,396.1,56.2,1494.671, NAN, NAN, NAN, NAN,,2024/04/15 15:22:48.844,2024-04-15 15:22:48.844000+00:00
2024/04/15, 15:23:48.844,35.953,-75.331, 4.13,204.67,204.82,3.67,16.0,16.0,1012.4,1012.6,0.0,0.0,85.09,78.49,8,2,10.4,10.4,88.0,88.1,8.6,8.5,215.1,207.8,1014.5,1014.7,887.86,351.03,2233.38,28.1363,13.6934,395.8,56.4,1494.493, NAN, NAN, NAN, NAN,,2024/04/15 15:23:48.844,2024-04-15 15:23:48.844000+00:00
2024/04/15, 15:24:48.844,35.952,-75.332, 4.06,205.44,203.23,3.19,16.0,16.0,1012.4,1012.4,0.0,0.0,85.09,78.49,7,1,10.6,10.1,87.6,87.7,9.0,8.5,213.7,206.6,1014.5,1014.5,895.21,351.25,2234.74,28.4931,13.428,395.8,56.5,1494.024, NAN, NAN, NAN, NAN,,2024/04/15 15:24:48.844,2024-04-15 15:24:48.844000+00:00
2024/04/15, 15:25:48.844,35.951,-75.332, 2.65,205.28,201.31,1.88,16.0,16.0,1012.4,1012.6,0.0,0.0,85.09,78.49,8,2,10.1,9.7,87.9,88.0,9.2,8.7,214.4,207.8,1014.5,1014.7,896.28,351.6,2237.31,28.5827,13.3072,387.0,56.4,1493.723, NAN, NAN, NAN, NAN,,2024/04/15 15:25:48.844,2024-04-15 15:25:48.844000+00:00
2024/04/15, 15:26:48.845,35.951,-75.332, 2.24,211.89,185.13,1.54,16.0,16.0,1012.4,1012.5,0.0,0.0,85.09,78.49,2,355,9.8,9.2,87.8,87.9,9.0,8.4,215.0,207.4,1014.5,1014.6,899.43,351.61,2232.98,28.6276,13.3017,376.0,56.5,1493.758, NAN, NAN, NAN, NAN,,2024/04/15 15:26:48.845,2024-04-15 15:26:48.845000+00:00
2024/04/15, 15:27:48.845,35.951,-75.333, 1.37,220.29,226.83,0.99,16.0,16.0,1012.5,1012.6,0.0,0.0,85.09,78.49,354,349,9.1,9.0,87.8,87.6,8.6,8.5,213.1,207.8,1014.6,1014.7,890.52,351.94,2228.3,29.0761,13.3162,373.2,56.5,1494.335, NAN, NAN, NAN, NAN,,2024/04/15 15:27:48.845,2024-04-15 15:27:48.845000+00:00
2024/04/15, 15:28:48.845,35.951,-75.333, 0.72,213.91,111.79,0.2,16.0,16.0,1012.4,1012.5,0.0,0.0,85.09,78.49,359,352,9.0,8.6,87.8,87.8,8.9,8.5,213.1,206.1,1014.5,1014.6,899.97,352.09,2229.13,29.1962,13.31,368.4,56.5,1494.455, NAN, NAN, NAN, NAN,,2024/04/15 15:28:48.845,2024-04-15 15:28:48.845000+00:00
2024/04/15, 15:29:48.845,35.951,-75.333, 0.30,212.89,123.64,0.24,16.0,16.0,1012.5,1012.4,0.0,0.0,85.09,78.49,357,353,9.0,8.9,87.6,87.8,9.1,9.0,209.8,205.9,1014.6,1014.5,901.49,352.48,2227.75,29.3958,13.3224,372.9,55.8,1494.732, NAN, NAN, NAN, NAN,,2024/04/15 15:29:48.845,2024-04-15 15:29:48.845000+00:00
2024/04/15, 15:30:48.845,35.951,-75.333, 0.61,211.12,317.93,0.2,16.1,16.1,1012.4,1012.4,0.0,0.0,85.09,78.49,2,357,9.2,9.0,87.5,87.8,9.2,9.0,212.5,207.5,1014.5,1014.5,904.71,352.38,2229.5,29.0482,13.3374,367.8,55.8,1494.373, NAN, NAN, NAN, NAN,,2024/04/15 15:30:48.845,2024-04-15 15:30:48.845000+00:00
2024/04/15, 15:31:48.845,35.951,-75.333, 0.50,210.59,265.77,0.08,16.1,16.1,1012.5,1012.3,0.0,0.0,85.09,78.49,2,357,9.1,9.1,87.3,87.5,9.1,9.1,212.3,207.3,1014.6,1014.4,904.92,351.94,2228.38,29.021,13.3456,370.0,56.1,1494.368, NAN, NAN, NAN, NAN,,2024/04/15 15:31:48.845,2024-04-15 15:31:48.845000+00:00
2024/04/15, 15:32:48.845,35.951,-75.333, 0.52,210.85,280.29,0.32,16.2,16.2,1012.4,1012.5,0.0,0.0,85.09,78.49,3,357,9.1,8.9,87.0,87.2,9.0,8.9,212.9,206.8,1014.5,1014.6,906.72,352.0,2227.45,28.9025,13.3513,374.0,56.3,1494.248, NAN, NAN, NAN, NAN,,2024/04/15 15:32:48.845,2024-04-15 15:32:48.845000+00:00
2024/04/15, 15:33:48.845,35.951,-75.333, 0.59,210.63,154.67,0.21,16.2,16.2,1012.4,1012.5,0.0,0.0,85.09,78.49,5,358,9.3,9.0,86.6,86.9,9.3,9.0,216.3,209.3,1014.5,1014.6,907.36,351.88,2227.75,28.9208,13.3529,381.4,56.2,1494.275, NAN, NAN, NAN, NAN,,2024/04/15 15:33:48.845,2024-04-15 15:33:48.845000+00:00
2024/04/15, 15:34:48.845,35.951,-75.333, 0.41,211.52,293.1,0.2,16.2,16.2,1012.4,1012.5,0.0,0.0,85.09,78.49,4,358,9.3,9.3,86.8,86.9,9.2,9.3,215.0,208.9,1014.5,1014.6,909.7,352.23,2227.31,29.0959,13.3453,387.5,56.5,1494.456, NAN, NAN, NAN, NAN,,2024/04/15 15:34:48.845,2024-04-15 15:34:48.845000+00:00
2024/04/15, 15:35:48.845,35.951,-75.333, 0.60,210.21,152.54,0.2,16.2,16.2,1012.4,1012.4,0.0,0.0,85.09,78.49,4,359,9.4,9.0,86.9,87.0,9.4,9.0,214.8,209.9,1014.5,1014.5,912.4,352.31,2227.25,29.5617,13.3553,398.8,56.3,1495.038, NAN, NAN, NAN, NAN,,2024/04/15 15:35:48.845,2024-04-15 15:35:48.845000+00:00
2024/04/15, 15:36:48.845,35.951,-75.333, 0.49,210.28,200.26,0.12,16.2,16.2,1012.3,1012.4,0.0,0.0,85.09,78.49,3,358,9.2,9.0,86.8,86.8,9.2,9.0,213.0,208.0,1014.4,1014.5,912.02,352.38,2227.52,29.7551,13.3653,404.9,56.3,1495.299, NAN, NAN, NAN, NAN,,2024/04/15 15:36:48.845,2024-04-15 15:36:48.845000+00:00
2024/04/15, 15:37:48.845,35.951,-75.333, 0.50,211.3,144.8,0.18,16.2,16.2,1012.4,1012.3,0.0,0.0,85.09,78.49,4,357,9.1,8.7,86.5,86.7,9.1,8.7,215.9,208.9,1014.5,1014.4,911.77,351.83,2224.95,29.9418,13.3649,408.3,56.3,1495.517, NAN, NAN, NAN, NAN,,2024/04/15 15:37:48.845,2024-04-15 15:37:48.845000+00:00
2024/04/15, 15:38:48.845,35.951,-75.333, 0.56,211.54,3.94,0.24,16.2,16.2,1012.4,1012.3,0.0,0.0,85.09,78.49,4,358,9.2,9.0,86.3,86.5,9.3,9.1,215.0,209.0,1014.5,1014.4,914.41,352.41,2227.07,30.0118,13.3596,407.6,56.1,1495.582, NAN, NAN, NAN, NAN,,2024/04/15 15:38:48.845,2024-04-15 15:38:48.845000+00:00
2024/04/15, 15:39:48.845,35.951,-75.333, 0.58,211.7,28.95,0.16,16.2,16.2,1012.3,1012.3,0.0,0.0,85.09,78.49,5,359,9.4,9.0,86.4,86.5,9.4,9.0,217.2,211.2,1014.4,1014.4,912.27,352.4,2227.54,30.0055,13.3514,409.6,56.2,1495.547, NAN, NAN, NAN, NAN,,2024/04/15 15:39:48.845,2024-04-15 15:39:48.845000+00:00
2024/04/15, 15:40:48.845,35.951,-75.333, 0.52,212.36,180.02,0.24,16.2,16.2,1012.3,1012.3,0.0,0.0,85.09,78.49,5,359,9.3,9.3,86.3,86.5,9.3,9.2,218.1,212.0,1014.4,1014.4,916.78,352.16,2227.29,30.055,13.3473,412.0,56.3,1495.592, NAN, NAN, NAN, NAN,,2024/04/15 15:40:48.845,2024-04-15 15:40:48.845000+00:00
2024/04/15, 15:41:48.845,35.951,-75.333, 0.51,210.93,290.79,0.26,16.3,16.3,1012.4,1012.4,0.0,0.0,85.09,78.49,5,0,9.1,9.3,86.3,86.5,9.1,9.3,215.1,210.1,1014.5,1014.5,918.74,352.06,2227.37,29.9575,13.3472,412.3,56.2,1495.477, NAN, NAN, NAN, NAN,,2024/04/15 15:41:48.845,2024-04-15 15:41:48.845000+00:00
2024/04/15, 15:42:48.846,35.951,-75.333, 0.52,210.28,216.25,0.03,16.3,16.3,1012.4,1012.2,0.0,0.0,85.09,78.49,4,358,9.1,9.0,86.1,86.3,9.1,9.0,214.4,208.4,1014.5,1014.3,918.21,351.82,2227.81,30.1313,13.3566,416.0,56.3,1495.713, NAN, NAN, NAN, NAN,,2024/04/15 15:42:48.846,2024-04-15 15:42:48.846000+00:00
2024/04/15, 15:43:48.846,35.951,-75.333, 0.48,210.82,165.06,0.03,16.3,16.3,1012.3,1012.4,0.0,0.0,85.09,78.49,2,356,9.2,9.1,86.0,86.1,9.2,9.1,212.8,206.8,1014.4,1014.5,920.73,352.11,2227.81,30.2177,13.3561,415.0,56.1,1495.813, NAN, NAN, NAN, NAN,,2024/04/15 15:43:48.846,2024-04-15 15:43:48.846000+00:00
2024/04/15, 15:44:48.846,35.951,-75.333, 0.49,211.56,246.49,0.12,16.3,16.3,1012.4,1012.3,0.0,0.0,85.09,78.49,3,357,9.4,9.1,86.0,86.2,9.4,9.1,214.3,208.3,1014.5,1014.4,921.82,352.11,2228.77,30.291,13.354,418.7,56.3,1495.892, NAN, NAN, NAN, NAN,,2024/04/15 15:44:48.846,2024-04-15 15:44:48.846000+00:00
2024/04/15, 15:45:48.846,35.951,-75.333, 0.40,212.8,290.42,0.3,16.3,16.3,1012.4,1012.3,0.0,0.0,85.09,78.49,2,355,9.2,8.7,85.9,86.0,9.2,8.7,213.8,206.8,1014.5,1014.4,920.55,352.24,2228.14,30.3094,13.3463,418.4,55.9,1495.888, NAN, NAN, NAN, NAN,,2024/04/15 15:45:48.846,2024-04-15 15:45:48.846000+00:00
2024/04/15, 15:46:48.846,35.951,-75.333, 0.59,210.66,347.88,0.09,16.3,16.3,1012.3,1012.3,0.0,0.0,85.09,78.49,2,357,9.5,9.0,85.7,85.7,9.5,9.0,212.4,207.4,1014.4,1014.4,922.3,352.4,2229.16,30.2787,13.3537,417.1,56.2,1495.877, NAN, NAN, NAN, NAN,,2024/04/15 15:46:48.846,2024-04-15 15:46:48.846000+00:00
2024/04/15, 15:47:48.846,35.951,-75.333, 0.51,210.15,184.04,0.07,16.3,16.3,1012.2,1012.3,0.0,0.0,85.09,78.49,3,358,9.6,9.1,85.7,85.8,9.6,9.1,212.9,207.9,1014.3,1014.4,925.13,352.7,2230.3,30.3682,13.3538,420.8,56.4,1495.982, NAN, NAN, NAN, NAN,,2024/04/15 15:47:48.846,2024-04-15 15:47:48.846000+00:00
2024/04/15, 15:48:48.846,35.951,-75.333, 0.48,210.03,256.34,0.17,16.3,16.3,1012.2,1012.3,0.0,0.0,85.09,78.49,2,357,9.8,9.1,85.6,85.9,9.8,9.1,211.6,206.5,1014.3,1014.4,925.1,353.14,2231.11,30.3614,13.3513,420.8,56.5,1495.966, NAN, NAN, NAN, NAN,,2024/04/15 15:48:48.846,2024-04-15 15:48:48.846000+00:00
2024/04/15, 15:49:48.846,35.951,-75.333, 0.60,211.6,279.31,0.01,16.3,16.4,1012.2,1012.3,0.0,0.0,85.09,78.49,2,357,9.5,9.4,85.6,85.7,9.5,9.4,213.6,208.6,1014.3,1014.4,926.19,352.25,2230.86,30.5343,13.3538,425.1,56.3,1496.178, NAN, NAN, NAN, NAN,,2024/04/15 15:49:48.846,2024-04-15 15:49:48.846000+00:00
2024/04/15, 15:50:48.846,35.951,-75.333, 0.53,212.27,57.61,0.26,16.4,16.4,1012.2,1012.2,0.0,0.0,85.09,78.49,4,357,9.4,8.9,85.2,85.4,9.4,8.9,217.1,210.1,1014.3,1014.3,925.13,352.34,2225.88,30.6761,13.3377,427.8,56.4,1496.292, NAN, NAN, NAN, NAN,,2024/04/15 15:50:48.846,2024-04-15 15:50:48.846000+00:00
2024/04/15, 15:51:48.846,35.951,-75.333, 0.52,211.14,287.93,0.03,16.4,16.4,1012.3,1012.2,0.0,0.0,85.09,78.49,4,357,9.1,8.9,85.0,85.1,9.1,8.9,215.2,208.2,1014.4,1014.3,914.29,352.04,2205.62,30.4118,13.3303,421.7,56.5,1495.955, NAN, NAN, NAN, NAN,,2024/04/15 15:51:48.846,2024-04-15 15:51:48.846000+00:00
2024/04/15, 15:52:48.846,35.951,-75.333, 0.46,210.69,193.89,0.13,16.4,16.4,1012.2,1012.3,0.0,0.0,85.09,78.49,2,357,9.2,8.9,85.0,85.1,9.2,8.9,212.4,207.3,1014.3,1014.4,922.06,352.33,2219.4,30.5731,13.3482,426.0,56.2,1496.205, NAN, NAN, NAN, NAN,,2024/04/15 15:52:48.846,2024-04-15 15:52:48.846000+00:00
2024/04/15, 15:53:48.846,35.951,-75.333, 0.53,210.94,150.69,0.11,16.4,16.4,1012.3,1012.3,0.0,0.0,85.09,78.49,0,355,9.1,8.8,85.0,85.1,9.1,8.8,211.3,206.3,1014.4,1014.4,920.55,352.34,2214.47,30.626,13.3694,427.8,56.2,1496.338, NAN, NAN, NAN, NAN,,2024/04/15 15:53:48.846,2024-04-15 15:53:48.846000+00:00
2024/04/15, 15:54:48.846,35.951,-75.333, 0.52,210.5,125.43,0.24,16.4,16.4,1012.3,1012.2,0.0,0.0,85.09,78.49,1,354,8.8,8.7,85.0,85.1,8.8,8.7,212.3,205.3,1014.4,1014.3,915.36,352.21,2203.94,30.6487,13.3744,426.0,55.9,1496.382, NAN, NAN, NAN, NAN,,2024/04/15 15:54:48.846,2024-04-15 15:54:48.846000+00:00
2024/04/15, 15:55:48.846,35.951,-75.333, 0.48,211.27,4.69,0.14,16.4,16.4,1012.3,1012.3,0.0,0.0,85.09,78.49,1,354,8.8,8.6,85.0,85.1,8.8,8.6,211.8,204.8,1014.4,1014.4,917.31,351.9,2206.84,30.6769,13.3646,428.1,56.1,1496.382, NAN, NAN, NAN, NAN,,2024/04/15 15:55:48.846,2024-04-15 15:55:48.846000+00:00
2024/04/15, 15:56:48.846,35.951,-75.333, 0.42,210.72,52.47,0.21,16.4,16.4,1012.4,1012.3,0.0,0.0,85.09,78.49,2,355,8.9,8.4,84.9,84.8,9.0,8.5,212.2,205.3,1014.5,1014.4,919.52,352.14,2206.68,30.6281,13.3515,427.5,56.2,1496.281, NAN, NAN, NAN, NAN,,2024/04/15 15:56:48.846,2024-04-15 15:56:48.846000+00:00
2024/04/15, 15:57:48.846,35.951,-75.333, 0.52,210.85,122.0,0.34,16.3,16.3,1012.3,1012.3,0.0,0.0,85.09,78.49,0,353,8.7,8.4,84.9,85.0,8.7,8.3,212.0,205.0,1014.4,1014.4,920.27,351.84,2212.54,30.6155,13.3518,429.4,56.1,1496.267, NAN, NAN, NAN, NAN,,2024/04/15 15:57:48.846,2024-04-15 15:57:48.846000+00:00
2024/04/15, 15:58:48.847,35.951,-75.333, 0.46,211.12,188.82,0.09,16.3,16.3,1012.3,1012.4,0.0,0.0,85.09,78.49,1,354,8.8,8.4,85.0,85.1,8.8,8.4,212.1,205.1,1014.4,1014.5,913.38,351.65,2196.33,30.5125,13.3412,427.5,56.0,1496.11, NAN, NAN, NAN, NAN,,2024/04/15 15:58:48.847,2024-04-15 15:58:48.847000+00:00
2024/04/15, 15:59:48.847,35.951,-75.333, 0.48,211.44,107.72,0.33,16.3,16.3,1012.4,1012.4,0.0,0.0,85.09,78.49,0,354,8.6,8.3,85.3,85.4,8.6,8.3,212.6,206.6,1014.5,1014.5,915.02,351.75,2199.77,30.5122,13.3572,429.1,56.1,1496.164, NAN, NAN, NAN, NAN,,2024/04/15 15:59:48.847,2024-04-15 15:59:48.847000+00:00
2024/04/15, 16:00:48.847,35.951,-75.333, 0.45,211.57,305.03,0.21,16.3,16.3,1012.3,1012.3,0.0,0.0,85.09,78.49,359,353,8.8,8.6,85.5,85.5,8.8,8.7,209.9,203.9,1014.4,1014.4,904.48,352.1,2184.56,30.5457,13.2977,430.2,56.1,1496.004, NAN, NAN, NAN, NAN,,2024/04/15 16:00:48.847,2024-04-15 16:00:48.847000+00:00
2024/04/15, 16:01:48.847,35.951,-75.333, 0.48,211.33,325.11,0.04,16.3,16.3,1012.4,1012.3,0.0,0.0,85.09,78.49,1,355,8.8,8.4,85.5,85.6,8.8,8.4,212.3,206.3,1014.5,1014.4,911.1,351.71,2192.82,30.4983,13.2891,427.8,56.1,1495.919, NAN, NAN, NAN, NAN,,2024/04/15 16:01:48.847,2024-04-15 16:01:48.847000+00:00
2024/04/15, 16:02:48.847,35.951,-75.333, 0.41,211.44,88.96,0.18,16.3,16.3,1012.2,1012.3,0.0,0.0,85.09,78.49,0,352,8.8,8.5,85.4,85.6,8.8,8.5,212.0,204.1,1014.3,1014.4,929.8,352.21,2227.46,30.4583,13.3298,427.5,56.2,1496.008, NAN, NAN, NAN, NAN,,2024/04/15 16:02:48.847,2024-04-15 16:02:48.847000+00:00
2024/04/15, 16:03:48.847,35.951,-75.333, 0.44,211.76,84.98,0.3,16.3,16.3,1012.3,1012.3,0.0,0.0,85.09,78.49,0,353,8.7,8.4,85.5,85.5,8.8,8.4,212.7,205.8,1014.4,1014.4,933.68,352.3,2232.37,30.5493,13.3526,429.7,56.3,1496.192, NAN, NAN, NAN, NAN,,2024/04/15 16:03:48.847,2024-04-15 16:03:48.847000+00:00
2024/04/15, 16:04:48.847,35.951,-75.333, 0.52,211.14,135.3,0.31,16.3,16.3,1012.3,1012.2,0.0,0.0,85.09,78.49,359,353,8.7,8.4,85.4,85.5,8.6,8.3,211.1,205.1,1014.4,1014.3,935.35,352.31,2233.62,30.6041,13.3729,431.8,56.2,1496.324, NAN, NAN, NAN, NAN,,2024/04/15 16:04:48.847,2024-04-15 16:04:48.847000+00:00
2024/04/15, 16:05:48.847,35.951,-75.333, 0.43,211.78,331.8,0.04,16.3,16.3,1012.2,1012.3,0.0,0.0,85.09,78.49,359,353,8.7,8.3,85.4,85.4,8.7,8.3,210.7,204.7,1014.3,1014.4,935.33,352.39,2233.86,30.5824,13.4085,430.5,56.0,1496.417, NAN, NAN, NAN, NAN,,2024/04/15 16:05:48.847,2024-04-15 16:05:48.847000+00:00
2024/04/15, 16:06:48.847,35.951,-75.333, 0.47,210.65,355.51,0.28,16.3,16.3,1012.3,1012.2,0.0,0.0,85.09,78.49,357,352,8.4,8.3,85.3,85.3,8.5,8.4,206.8,201.9,1014.4,1014.3,935.78,352.16,2233.79,30.5229,13.4238,429.7,56.2,1496.398, NAN, NAN, NAN, NAN,,2024/04/15 16:06:48.847,2024-04-15 16:06:48.847000+00:00
2024/04/15, 16:07:48.847,35.951,-75.333, 0.44,210.91,103.03,0.28,16.3,16.3,1012.2,1012.2,0.0,0.0,85.09,78.49,357,350,8.6,8.4,85.3,85.5,8.6,8.4,208.8,201.9,1014.3,1014.3,935.9,351.81,2233.6,30.5027,13.4147,428.8,56.1,1496.344, NAN, NAN, NAN, NAN,,2024/04/15 16:07:48.847,2024-04-15 16:07:48.847000+00:00
2024/04/15, 16:08:48.847,35.951,-75.333, 0.45,212.12,264.51,0.07,16.3,16.3,1012.2,1012.3,0.0,0.0,85.09,78.49,356,350,8.7,8.5,85.2,85.3,8.7,8.5,207.9,201.9,1014.3,1014.4,936.49,351.79,2234.28,30.4765,13.4036,429.1,56.2,1496.276, NAN, NAN, NAN, NAN,,2024/04/15 16:08:48.847,2024-04-15 16:08:48.847000+00:00
2024/04/15, 16:09:48.847,35.951,-75.333, 0.45,211.49,12.46,0.15,16.3,16.3,1012.2,1012.3,0.0,0.0,85.09,78.49,357,350,8.6,8.4,85.2,85.2,8.6,8.5,208.1,201.1,1014.3,1014.4,938.36,352.1,2235.79,30.464,13.4059,429.1,56.4,1496.269, NAN, NAN, NAN, NAN,,2024/04/15 16:09:48.847,2024-04-15 16:09:48.847000+00:00
2024/04/15, 16:10:48.847,35.951,-75.333, 0.41,211.73,63.75,0.05,16.3,16.3,1012.3,1012.2,0.0,0.0,85.09,78.49,356,350,8.4,8.2,85.3,85.4,8.4,8.2,207.9,201.9,1014.4,1014.3,938.27,351.97,2235.41,30.4503,13.4056,430.2,56.3,1496.252, NAN, NAN, NAN, NAN,,2024/04/15 16:10:48.847,2024-04-15 16:10:48.847000+00:00
2024/04/15, 16:11:48.847,35.951,-75.333, 0.37,210.41,153.75,0.15,16.3,16.3,1012.3,1012.2,0.0,0.0,85.09,78.49,356,350,8.7,8.5,85.2,85.3,8.7,8.4,206.8,200.8,1014.4,1014.3,938.9,351.94,2235.25,30.5558,13.4134,433.1,56.2,1496.402, NAN, NAN, NAN, NAN,,2024/04/15 16:11:48.847,2024-04-15 16:11:48.847000+00:00
2024/04/15, 16:12:48.847,35.951,-75.333, 0.40,211.0,103.75,0.09,16.3,16.3,1012.2,1012.3,0.0,0.0,85.09,78.49,354,348,8.3,8.0,85.4,85.4,8.3,8.0,205.2,199.3,1014.3,1014.4,938.46,352.13,2235.26,30.5278,13.4308,433.6,56.2,1496.428, NAN, NAN, NAN, NAN,,2024/04/15 16:12:48.847,2024-04-15 16:12:48.847000+00:00
2024/04/15, 16:13:48.848,35.951,-75.333, 0.44,210.75,281.27,0.13,16.3,16.3,1012.3,1012.2,0.0,0.0,85.09,78.49,352,347,8.2,8.1,85.2,85.2,8.2,8.1,202.3,197.3,1014.4,1014.3,938.17,352.12,2235.1,30.5254,13.4431,433.9,56.1,1496.466, NAN, NAN, NAN, NAN,,2024/04/15 16:13:48.848,2024-04-15 16:13:48.848000+00:00
2024/04/15, 16:14:48.848,35.951,-75.333, 0.41,212.55,293.03,0.28,16.3,16.3,1012.2,1012.3,0.0,0.0,85.09,78.49,354,348,8.2,8.1,85.0,85.2,8.2,8.1,207.5,201.5,1014.3,1014.4,940.35,352.03,2234.42,30.474,13.4372,433.9,56.1,1496.386, NAN, NAN, NAN, NAN,,2024/04/15 16:14:48.848,2024-04-15 16:14:48.848000+00:00
2024/04/15, 16:15:48.848,35.951,-75.333, 0.50,211.5,145.55,0.13,16.3,16.3,1012.2,1012.2,0.0,0.0,85.09,78.49,354,347,8.2,7.9,85.0,85.1,8.2,7.9,206.0,199.0,1014.3,1014.3,939.99,351.75,2235.8,30.3752,13.4064,432.1,56.4,1496.166, NAN, NAN, NAN, NAN,,2024/04/15 16:15:48.848,2024-04-15 16:15:48.848000+00:00
2024/04/15, 16:16:48.848,35.951,-75.333, 0.49,192.01,235.37,0.17,16.2,16.3,1012.2,1012.2,0.0,0.0,85.09,78.49,5,2,8.1,8.1,85.1,85.1,8.1,8.1,197.6,194.6,1014.3,1014.3,960.43,351.29,2240.62,30.4343,13.349,437.9,56.3,1496.044, NAN, NAN, NAN, NAN,,2024/04/15 16:16:48.848,2024-04-15 16:16:48.848000+00:00
2024/04/15, 16:17:48.848,35.95,-75.333, 2.14,154.03,129.67,1.63,16.2,16.3,1012.2,1012.2,0.0,0.0,85.09,78.49,38,36,8.7,10.7,85.1,85.2,8.5,10.4,197.4,194.3,1014.3,1014.3,862.31,351.78,2243.8,30.4184,13.2099,434.8,56.3,1495.56, NAN, NAN, NAN, NAN,,2024/04/15 16:17:48.848,2024-04-15 16:17:48.848000+00:00
2024/04/15, 16:18:48.848,35.95,-75.332, 3.24,110.97,97.9,2.97,16.2,16.2,1012.2,1012.2,0.0,0.0,85.09,78.49,72,74,8.6,8.5,85.0,85.1,8.6,8.6,193.1,195.2,1014.3,1014.3,909.4,352.47,2229.71,30.4848,13.1524,434.5,56.5,1495.445, NAN, NAN, NAN, NAN,,2024/04/15 16:18:48.848,2024-04-15 16:18:48.848000+00:00
2024/04/15, 16:19:48.848,35.95,-75.331, 3.57,94.54,78.23,3.22,16.2,16.2,1012.2,1012.1,0.0,0.0,85.09,78.49,100,98,8.0,8.0,85.0,85.1,8.8,8.8,204.2,202.4,1014.3,1014.2,954.61,353.52,2218.46,30.1865,13.1449,429.9,56.5,1495.068, NAN, NAN, NAN, NAN,,2024/04/15 16:19:48.848,2024-04-15 16:19:48.848000+00:00
2024/04/15, 16:20:48.848,35.95,-75.33, 2.80,108.22,98.14,3.01,16.1,16.1,1012.2,1012.2,0.0,0.0,85.09,78.49,84,84,8.5,8.5,85.0,85.1,8.9,8.9,202.1,202.1,1014.3,1014.3,912.35,353.49,2224.51,30.3623,13.1748,425.7,56.4,1495.376, NAN, NAN, NAN, NAN,,2024/04/15 16:20:48.848,2024-04-15 16:20:48.848000+00:00
2024/04/15, 16:21:48.848,35.95,-75.328, 5.33,109.2,97.79,4.94,16.1,16.1,1012.1,1012.2,0.0,0.0,85.09,78.49,77,76,8.9,9.1,85.5,85.6,9.1,9.3,202.3,201.0,1014.2,1014.3,912.9,353.01,2224.91,30.0688,13.3208,409.2,56.6,1495.519, NAN, NAN, NAN, NAN,,2024/04/15 16:21:48.848,2024-04-15 16:21:48.848000+00:00
2024/04/15, 16:22:48.848,35.95,-75.326, 6.75,110.64,100.8,6.62,16.1,16.1,1012.2,1012.2,0.0,0.0,85.09,78.49,70,69,9.6,9.3,85.4,85.5,9.5,9.1,201.2,200.9,1014.3,1014.3,913.37,353.09,2225.83,30.0613,13.4352,400.6,56.5,1495.893, NAN, NAN, NAN, NAN,,2024/04/15 16:22:48.848,2024-04-15 16:22:48.848000+00:00
2024/04/15, 16:23:48.848,35.949,-75.324, 7.47,115.38,110.98,7.18,16.1,16.1,1012.2,1012.2,0.0,0.0,85.09,78.49,64,62,10.3,10.2,85.4,85.4,9.6,9.4,200.4,198.6,1014.3,1014.3,911.59,353.04,2228.14,29.7721,13.5487,393.4,56.8,1495.931, NAN, NAN, NAN, NAN,,2024/04/15 16:23:48.848,2024-04-15 16:23:48.848000+00:00
2024/04/15, 16:24:48.848,35.948,-75.322, 8.37,114.46,108.12,8.31,16.1,16.1,1012.2,1012.3,0.0,0.0,85.09,78.49,62,60,10.7,10.5,85.3,85.4,9.9,9.6,200.0,198.5,1014.3,1014.4,914.39,353.0,2227.01,29.6293,13.5976,388.8,56.6,1495.926, NAN, NAN, NAN, NAN,,2024/04/15 16:24:48.848,2024-04-15 16:24:48.848000+00:00
2024/04/15, 16:25:48.848,35.947,-75.319, 9.50,115.06,107.97,9.51,16.2,16.2,1012.1,1012.2,0.0,0.0,85.09,78.49,57,55,11.4,11.0,84.8,84.9,10.2,9.6,197.4,196.4,1014.2,1014.3,914.65,352.73,2227.08,29.6716,13.6362,391.5,56.8,1496.105, NAN, NAN, NAN, NAN,,2024/04/15 16:25:48.848,2024-04-15 16:25:48.848000+00:00
2024/04/15, 16:26:48.848,35.947,-75.316, 10.52,115.99,110.46,10.06,16.2,16.2,1011.9,1012.2,0.0,0.0,85.09,78.49,54,52,11.4,11.3,84.6,84.6,9.9,9.6,196.9,195.1,1014.0,1014.3,914.12,353.06,2227.59,29.6326,13.6084,390.2,56.9,1495.966, NAN, NAN, NAN, NAN,,2024/04/15 16:26:48.848,2024-04-15 16:26:48.848000+00:00
2024/04/15, 16:27:48.848,35.946,-75.312, 10.73,115.21,108.51,10.02,16.2,16.2,1012.0,1012.1,0.0,0.0,85.09,78.49,54,52,11.5,11.3,84.7,84.9,10.0,9.6,195.8,194.2,1014.1,1014.2,915.83,352.69,2227.45,29.7619,13.58,388.4,57.0,1496.024, NAN, NAN, NAN, NAN,,2024/04/15 16:27:48.848,2024-04-15 16:27:48.848000+00:00
2024/04/15, 16:28:48.848,35.945,-75.309, 10.86,114.69,107.51,10.32,16.2,16.2,1012.0,1012.2,0.0,0.0,85.09,78.49,53,51,11.7,11.7,84.6,84.8,10.0,9.8,194.5,192.4,1014.1,1014.3,917.16,352.76,2227.22,30.3926,13.5475,389.4,57.1,1496.657, NAN, NAN, NAN, NAN,,2024/04/15 16:28:48.848,2024-04-15 16:28:48.848000+00:00
2024/04/15, 16:29:48.849,35.944,-75.306, 10.83,114.57,109.71,10.44,16.2,16.2,1012.2,1012.2,0.0,0.0,85.09,78.49,53,50,11.7,11.6,84.5,84.7,10.1,9.7,194.8,191.9,1014.3,1014.3,918.54,353.06,2226.43,30.9672,13.5245,394.2,56.9,1497.257, NAN, NAN, NAN, NAN,,2024/04/15 16:29:48.849,2024-04-15 16:29:48.849000+00:00
2024/04/15, 16:30:48.849,35.943,-75.302, 10.88,111.36,110.13,10.27,16.2,16.2,1012.1,1012.2,0.0,0.0,85.09,78.49,53,50,11.4,11.6,84.7,84.8,9.5,9.4,191.7,187.9,1014.2,1014.3,919.58,353.03,2225.22,31.2147,13.5327,396.4,56.9,1497.575, NAN, NAN, NAN, NAN,,2024/04/15 16:30:48.849,2024-04-15 16:30:48.849000+00:00
2024/04/15, 16:31:48.849,35.943,-75.299, 10.78,91.73,85.97,10.54,16.2,16.2,1012.2,1012.1,0.0,0.0,85.09,78.49,70,69,9.6,8.9,84.9,85.0,9.7,9.1,194.2,195.8,1014.3,1014.2,975.64,353.55,2216.15,31.3249,13.568,398.8,56.9,1497.822, NAN, NAN, NAN, NAN,,2024/04/15 16:31:48.849,2024-04-15 16:31:48.849000+00:00
2024/04/15, 16:32:48.849,35.943,-75.295, 11.34,95.74,87.36,11.06,16.2,16.3,1012.3,1012.2,0.0,0.0,85.09,78.49,72,70,9.1,8.8,85.0,85.0,10.0,9.6,201.9,201.4,1014.4,1014.3,984.29,354.2,2214.53,31.3595,13.6407,401.6,56.9,1498.103, NAN, NAN, NAN, NAN,,2024/04/15 16:32:48.849,2024-04-15 16:32:48.849000+00:00
2024/04/15, 16:33:48.849,35.943,-75.292, 11.02,95.05,88.94,10.65,16.2,16.3,1012.2,1012.2,0.0,0.0,85.09,78.49,70,69,9.5,8.9,85.0,85.0,9.7,9.1,198.2,199.5,1014.3,1014.3,973.51,354.29,2216.02,31.3631,13.7034,400.1,57.1,1498.315, NAN, NAN, NAN, NAN,,2024/04/15 16:33:48.849,2024-04-15 16:33:48.849000+00:00
2024/04/15, 16:34:48.849,35.943,-75.288, 10.98,95.28,90.13,10.68,16.3,16.3,1012.1,1012.2,0.0,0.0,85.09,78.49,70,69,9.5,9.3,85.1,85.2,9.6,9.4,198.6,198.4,1014.2,1014.3,976.68,354.06,2217.46,31.3544,13.765,400.3,57.0,1498.508, NAN, NAN, NAN, NAN,,2024/04/15 16:34:48.849,2024-04-15 16:34:48.849000+00:00
2024/04/15, 16:35:48.849,35.943,-75.284, 11.24,94.76,91.11,10.9,16.3,16.3,1012.1,1012.2,0.0,0.0,85.09,78.49,68,68,9.5,9.1,85.1,85.2,9.5,9.1,197.1,198.5,1014.2,1014.3,980.21,353.95,2216.77,31.3468,13.7355,405.9,57.2,1498.402, NAN, NAN, NAN, NAN,,2024/04/15 16:35:48.849,2024-04-15 16:35:48.849000+00:00
2024/04/15, 16:36:48.849,35.943,-75.281, 11.18,94.21,91.44,11.03,16.4,16.4,1012.2,1012.2,0.0,0.0,85.09,78.49,70,68,9.6,9.5,85.2,85.2,9.6,9.3,198.6,197.2,1014.3,1014.3,983.97,354.29,2215.67,31.3383,13.6589,417.1,57.2,1498.139, NAN, NAN, NAN, NAN,,2024/04/15 16:36:48.849,2024-04-15 16:36:48.849000+00:00
2024/04/15, 16:37:48.849,35.943,-75.277, 11.26,94.63,89.71,11.01,16.4,16.4,1012.2,1012.3,0.0,0.0,85.09,78.49,68,67,10.0,9.7,85.3,85.3,9.9,9.6,195.6,195.8,1014.3,1014.4,983.25,354.09,2214.55,31.3216,13.696,404.0,57.2,1498.242, NAN, NAN, NAN, NAN,,2024/04/15 16:37:48.849,2024-04-15 16:37:48.849000+00:00
2024/04/15, 16:38:48.849,35.943,-75.273, 11.24,94.86,87.91,10.94,16.5,16.5,1012.1,1012.3,0.0,0.0,85.09,78.49,69,69,9.7,9.2,85.3,85.3,9.9,9.5,197.2,198.9,1014.2,1014.4,982.33,354.59,2215.14,31.2756,13.7893,403.2,57.3,1498.495, NAN, NAN, NAN, NAN,,2024/04/15 16:38:48.849,2024-04-15 16:38:48.849000+00:00
2024/04/15, 16:39:48.849,35.943,-75.27, 11.09,88.74,87.35,10.8,16.5,16.5,1012.0,1012.3,0.0,0.0,85.09,78.49,74,75,8.9,8.6,85.1,85.1,9.4,9.2,198.0,199.8,1014.1,1014.4,982.62,355.27,2212.26,31.2478,13.8274,400.1,57.2,1498.588, NAN, NAN, NAN, NAN,,2024/04/15 16:39:48.849,2024-04-15 16:39:48.849000+00:00
2024/04/15, 16:40:48.849,35.943,-75.266, 11.11,87.79,83.07,10.8,16.6,16.6,1012.2,1012.2,0.0,0.0,85.09,78.49,76,77,8.7,8.5,84.9,84.9,9.6,9.5,198.8,200.2,1014.3,1014.3,974.16,355.36,2211.1,31.2609,13.8885,398.5,57.2,1498.805, NAN, NAN, NAN, NAN,,2024/04/15 16:40:48.849,2024-04-15 16:40:48.849000+00:00
2024/04/15, 16:41:48.849,35.944,-75.262, 11.25,86.95,81.53,10.94,16.6,16.7,1012.1,1012.2,0.0,0.0,85.09,78.49,77,77,8.7,8.6,84.8,84.9,9.5,9.5,199.5,199.9,1014.2,1014.3,967.96,355.35,2209.4,31.2609,13.9076,395.8,57.0,1498.868, NAN, NAN, NAN, NAN,,2024/04/15 16:41:48.849,2024-04-15 16:41:48.849000+00:00
2024/04/15, 16:42:48.849,35.944,-75.259, 11.12,87.53,81.76,10.6,16.7,16.7,1012.1,1012.2,0.0,0.0,85.09,78.49,75,73,8.6,8.3,84.7,84.8,9.3,8.9,197.6,197.2,1014.2,1014.3,972.29,355.3,2210.58,31.2667,13.81,398.8,57.2,1498.553, NAN, NAN, NAN, NAN,,2024/04/15 16:42:48.849,2024-04-15 16:42:48.849000+00:00
2024/04/15, 16:43:48.849,35.944,-75.255, 11.05,86.85,86.04,10.64,16.7,16.7,1012.1,1012.1,0.0,0.0,85.09,78.49,73,73,8.4,8.4,84.8,84.9,8.8,8.8,196.8,196.8,1014.2,1014.2,970.88,354.51,2209.76,31.2612,13.7181,399.5,57.3,1498.244, NAN, NAN, NAN, NAN,,2024/04/15 16:43:48.849,2024-04-15 16:43:48.849000+00:00
2024/04/15, 16:44:48.849,35.945,-75.251, 10.92,88.57,84.16,10.68,16.7,16.7,1012.2,1012.2,0.0,0.0,85.09,78.49,70,70,8.6,8.4,85.0,85.0,8.8,8.7,195.2,196.0,1014.3,1014.3,970.62,354.12,2210.11,31.2297,13.749,401.2,57.1,1498.309, NAN, NAN, NAN, NAN,,2024/04/15 16:44:48.849,2024-04-15 16:44:48.849000+00:00
2024/04/15, 16:45:48.850,35.945,-75.247, 10.97,87.54,82.21,10.93,16.6,16.7,1012.2,1012.1,0.0,0.0,85.09,78.49,72,71,8.7,8.6,85.2,85.2,9.1,8.9,196.2,195.8,1014.3,1014.2,967.63,354.42,2209.74,31.1801,13.6854,396.9,57.1,1498.04, NAN, NAN, NAN, NAN,,2024/04/15 16:45:48.850,2024-04-15 16:45:48.850000+00:00
2024/04/15, 16:46:48.850,35.946,-75.244, 10.80,79.97,79.3,10.95,16.6,16.6,1012.3,1012.2,0.0,0.0,85.09,78.49,77,79,8.1,8.0,85.5,85.6,9.0,9.1,194.8,196.6,1014.4,1014.3,953.78,354.84,2205.99,31.155,13.6589,397.9,57.5,1497.923, NAN, NAN, NAN, NAN,,2024/04/15 16:46:48.850,2024-04-15 16:46:48.850000+00:00
2024/04/15, 16:47:48.850,35.946,-75.24, 10.91,79.88,72.36,10.83,16.6,16.6,1012.2,1012.2,0.0,0.0,85.09,78.49,83,83,7.8,7.7,85.5,85.6,9.6,9.5,198.5,198.8,1014.3,1014.3,953.11,355.23,2204.81,31.1249,13.6529,397.9,57.3,1497.868, NAN, NAN, NAN, NAN,,2024/04/15 16:47:48.850,2024-04-15 16:47:48.850000+00:00
2024/04/15, 16:48:48.850,35.947,-75.237, 10.90,80.47,77.77,10.9,16.7,16.7,1012.2,1012.1,0.0,0.0,85.09,78.49,86,85,8.0,8.1,85.6,85.7,9.7,9.7,201.7,200.7,1014.3,1014.2,952.53,355.22,2203.88,31.0972,13.4369,393.6,57.2,1497.118, NAN, NAN, NAN, NAN,,2024/04/15 16:48:48.850,2024-04-15 16:48:48.850000+00:00
2024/04/15, 16:49:48.850,35.948,-75.233, 10.74,79.61,78.04,10.9,16.7,16.7,1012.2,1012.1,0.0,0.0,85.09,78.49,87,87,7.6,7.8,85.5,85.6,9.5,9.6,203.0,202.3,1014.3,1014.2,953.03,355.16,2203.94,31.068,12.6324,391.2,57.3,1494.379, NAN, NAN, NAN, NAN,,2024/04/15 16:49:48.850,2024-04-15 16:49:48.850000+00:00
2024/04/15, 16:50:48.850,35.949,-75.229, 10.86,78.91,74.01,10.91,16.7,16.7,1012.2,1012.2,0.0,0.0,85.09,78.49,88,90,7.4,7.6,85.1,85.3,9.5,9.8,203.0,203.5,1014.3,1014.3,952.31,355.15,2203.97,31.0393,12.2516,390.2,55.9,1493.045, NAN, NAN, NAN, NAN,,2024/04/15 16:50:48.850,2024-04-15 16:50:48.850000+00:00
2024/04/15, 16:51:48.850,35.949,-75.226, 10.97,79.8,76.95,10.86,16.7,16.8,1012.2,1012.2,0.0,0.0,85.09,78.49,87,88,7.7,7.9,84.9,84.9,9.5,9.7,202.8,202.7,1014.3,1014.3,952.75,354.8,2203.48,30.7772,12.0858,389.1,56.1,1492.162, NAN, NAN, NAN, NAN,,2024/04/15 16:51:48.850,2024-04-15 16:51:48.850000+00:00
2024/04/15, 16:52:48.850,35.95,-75.222, 10.91,79.87,77.73,10.9,16.7,16.8,1012.3,1012.2,0.0,0.0,85.09,78.49,88,87,7.5,7.6,84.5,84.6,9.6,9.6,203.6,202.6,1014.4,1014.3,950.42,354.56,2202.85,30.5697,12.0447,381.7,56.3,1491.773, NAN, NAN, NAN, NAN,,2024/04/15 16:52:48.850,2024-04-15 16:52:48.850000+00:00
2024/04/15, 16:53:48.850,35.951,-75.219, 10.89,78.98,79.46,10.83,16.7,16.7,1012.2,1012.1,0.0,0.0,85.09,78.49,88,88,7.7,8.0,84.3,84.4,9.4,9.7,203.1,202.0,1014.3,1014.2,948.75,354.42,2202.46,30.4256,12.0451,376.3,56.3,1491.603, NAN, NAN, NAN, NAN,,2024/04/15 16:53:48.850,2024-04-15 16:53:48.850000+00:00
2024/04/15, 16:54:48.850,35.952,-75.215, 10.95,79.42,77.15,11.06,16.7,16.8,1012.2,1012.2,0.0,0.0,85.09,78.49,87,87,7.8,8.0,84.3,84.4,9.6,9.8,202.7,202.0,1014.3,1014.3,951.27,354.45,2202.21,30.3347,12.0629,374.0,56.4,1491.556, NAN, NAN, NAN, NAN,,2024/04/15 16:54:48.850,2024-04-15 16:54:48.850000+00:00
2024/04/15, 16:55:48.850,35.952,-75.211, 10.85,78.98,76.18,10.95,16.7,16.7,1012.2,1012.1,0.0,0.0,85.09,78.49,89,89,7.7,7.6,84.2,84.3,9.7,9.7,203.2,203.5,1014.3,1014.2,949.46,354.13,2202.35,30.2816,12.0803,371.6,56.6,1491.553, NAN, NAN, NAN, NAN,,2024/04/15 16:55:48.850,2024-04-15 16:55:48.850000+00:00
2024/04/15, 16:56:48.850,35.953,-75.208, 10.87,79.57,73.89,11.02,16.7,16.8,1012.2,1012.0,0.0,0.0,85.09,78.49,90,89,7.5,8.1,83.7,83.9,9.7,10.1,205.3,202.7,1014.3,1014.1,949.57,354.49,2201.56,30.2535,12.0697,369.7,56.4,1491.483, NAN, NAN, NAN, NAN,,2024/04/15 16:56:48.850,2024-04-15 16:56:48.850000+00:00
2024/04/15, 16:57:48.850,35.954,-75.204, 10.60,82.23,83.38,10.73,16.8,16.8,1012.2,1012.1,0.0,0.0,85.09,78.49,86,87,8.0,7.9,83.7,83.9,9.4,9.4,204.1,205.1,1014.3,1014.2,952.2,354.55,2203.12,30.2365,12.0999,368.9,56.5,1491.567, NAN, NAN, NAN, NAN,,2024/04/15 16:57:48.850,2024-04-15 16:57:48.850000+00:00
2024/04/15, 16:58:48.850,35.954,-75.2, 10.86,83.26,81.68,10.85,16.8,16.8,1012.1,1012.0,0.0,0.0,85.09,78.49,87,87,7.8,8.0,83.7,83.7,9.5,9.7,206.0,205.3,1014.2,1014.1,952.66,354.3,2203.92,30.2144,12.1332,367.8,56.7,1491.655, NAN, NAN, NAN, NAN,,2024/04/15 16:58:48.850,2024-04-15 16:58:48.850000+00:00
2024/04/15, 16:59:48.850,35.955,-75.197, 10.81,82.61,82.57,10.79,16.8,16.8,1012.0,1012.2,0.0,0.0,85.09,78.49,85,85,7.8,7.6,83.6,83.6,9.3,9.1,204.3,205.1,1014.1,1014.3,950.54,354.09,2203.02,30.1988,12.181,367.0,56.3,1491.802, NAN, NAN, NAN, NAN,,2024/04/15 16:59:48.850,2024-04-15 16:59:48.850000+00:00
2024/04/15, 17:00:48.850,35.955,-75.193, 10.80,81.76,80.2,10.71,16.8,16.8,1012.1,1012.0,0.0,0.0,85.09,78.49,83,83,7.7,7.7,83.6,83.3,8.9,8.9,202.5,202.5,1014.2,1014.1,949.6,353.66,2202.48,30.1806,12.1919,366.7,56.6,1491.817, NAN, NAN, NAN, NAN,,2024/04/15 17:00:48.850,2024-04-15 17:00:48.850000+00:00
2024/04/15, 17:01:48.851,35.956,-75.189, 10.74,81.44,86.45,10.89,16.7,16.7,1012.2,1012.1,0.0,0.0,85.09,78.49,77,76,7.8,7.8,83.3,83.4,8.5,8.4,198.5,197.7,1014.3,1014.2,947.5,353.13,2202.57,30.1621,12.1998,366.2,56.8,1491.823, NAN, NAN, NAN, NAN,,2024/04/15 17:01:48.851,2024-04-15 17:01:48.851000+00:00
2024/04/15, 17:02:48.851,35.956,-75.186, 10.72,82.35,75.5,11.04,16.6,16.6,1012.3,1012.1,0.0,0.0,85.09,78.49,74,74,7.9,7.8,83.2,83.3,8.7,8.6,195.9,196.3,1014.4,1014.2,946.79,352.6,2201.57,30.1457,12.2353,367.0,56.7,1491.925, NAN, NAN, NAN, NAN,,2024/04/15 17:02:48.851,2024-04-15 17:02:48.851000+00:00
2024/04/15, 17:03:48.851,35.957,-75.182, 10.81,82.22,82.59,10.96,16.4,16.6,1012.2,1012.3,0.0,0.0,85.09,78.49,74,72,8.0,7.5,83.8,83.2,8.6,8.0,195.7,196.6,1014.3,1014.4,946.11,352.08,2201.54,30.1326,12.2666,366.7,56.8,1492.017, NAN, NAN, NAN, NAN,,2024/04/15 17:03:48.851,2024-04-15 17:03:48.851000+00:00
2024/04/15, 17:04:48.851,35.957,-75.178, 10.87,82.11,82.95,10.95,16.3,16.4,1012.2,1012.2,0.0,0.0,85.09,78.49,79,79,7.9,8.0,84.1,84.1,8.7,8.8,200.4,199.9,1014.3,1014.3,948.41,352.85,2201.63,30.125,12.2866,364.8,56.8,1492.077, NAN, NAN, NAN, NAN,,2024/04/15 17:04:48.851,2024-04-15 17:04:48.851000+00:00
2024/04/15, 17:05:48.851,35.958,-75.175, 10.79,82.93,80.61,10.81,16.3,16.3,1012.1,1012.1,0.0,0.0,85.09,78.49,80,79,7.7,7.7,84.2,85.2,8.8,8.8,201.4,200.7,1014.2,1014.2,946.69,352.77,2200.68,30.1208,12.3175,364.0,56.8,1492.178, NAN, NAN, NAN, NAN,,2024/04/15 17:05:48.851,2024-04-15 17:05:48.851000+00:00
2024/04/15, 17:06:48.851,35.958,-75.171, 10.92,81.75,86.47,11.01,16.3,16.3,1012.2,1012.1,0.0,0.0,85.09,78.49,77,78,7.7,7.5,84.9,84.9,8.3,8.2,200.1,201.7,1014.3,1014.2,943.92,352.35,2199.81,30.1169,12.3315,364.8,56.8,1492.222, NAN, NAN, NAN, NAN,,2024/04/15 17:06:48.851,2024-04-15 17:06:48.851000+00:00
2024/04/15, 17:07:48.851,35.959,-75.167, 10.99,81.72,83.93,10.98,16.2,16.3,1012.1,1012.2,0.0,0.0,85.09,78.49,74,73,7.8,7.8,84.5,84.6,8.1,8.0,197.2,196.4,1014.2,1014.3,944.87,352.07,2199.94,30.1178,12.3573,364.0,57.1,1492.311, NAN, NAN, NAN, NAN,,2024/04/15 17:07:48.851,2024-04-15 17:07:48.851000+00:00
2024/04/15, 17:08:48.851,35.959,-75.164, 10.92,82.85,80.55,11.16,16.1,16.2,1012.2,1012.1,0.0,0.0,85.09,78.49,71,70,8.2,7.9,84.8,84.8,8.5,8.2,193.9,194.5,1014.3,1014.2,943.5,350.84,2199.28,30.1167,12.3761,362.7,57.2,1492.375, NAN, NAN, NAN, NAN,,2024/04/15 17:08:48.851,2024-04-15 17:08:48.851000+00:00
2024/04/15, 17:09:48.851,35.96,-75.16, 11.00,88.47,84.91,10.67,16.1,16.0,1012.2,1012.2,0.0,0.0,85.09,78.49,74,74,8.2,8.3,84.8,85.2,8.8,8.9,199.9,199.6,1014.3,1014.3,941.51,351.74,2198.76,30.1199,12.3948,363.3,57.2,1492.443, NAN, NAN, NAN, NAN,,2024/04/15 17:09:48.851,2024-04-15 17:09:48.851000+00:00
2024/04/15, 17:10:48.851,35.96,-75.156, 10.73,90.31,88.32,10.58,15.9,16.0,1012.2,1012.0,0.0,0.0,85.09,78.49,74,74,8.6,8.7,86.2,86.1,9.0,9.1,200.1,199.7,1014.3,1014.1,949.99,352.3,2201.95,30.1288,12.392,361.4,56.9,1492.443, NAN, NAN, NAN, NAN,,2024/04/15 17:10:48.851,2024-04-15 17:10:48.851000+00:00
2024/04/15, 17:11:48.851,35.96,-75.152, 10.88,90.11,87.07,10.67,15.9,16.0,1012.2,1012.2,0.0,0.0,85.09,78.49,74,75,8.9,8.6,87.4,87.3,9.2,9.1,199.3,201.1,1014.3,1014.3,948.76,353.01,2202.05,30.1389,12.3481,362.7,56.8,1492.305, NAN, NAN, NAN, NAN,,2024/04/15 17:11:48.851,2024-04-15 17:11:48.851000+00:00
2024/04/15, 17:12:48.851,35.96,-75.149, 10.56,89.09,89.51,9.98,16.0,16.0,1012.2,1012.1,0.0,0.0,85.09,78.49,76,76,8.4,8.3,87.9,87.8,8.8,8.7,199.7,200.1,1014.3,1014.2,950.3,353.07,2201.57,30.1458,12.305,363.0,56.7,1492.165, NAN, NAN, NAN, NAN,,2024/04/15 17:12:48.851,2024-04-15 17:12:48.851000+00:00
2024/04/15, 17:13:48.851,35.96,-75.146, 8.87,88.71,87.57,8.75,16.0,16.1,1012.2,1012.1,0.0,0.0,85.09,78.49,80,80,8.2,8.0,87.6,87.6,8.8,8.7,199.0,199.7,1014.3,1014.2,947.45,353.06,2202.07,30.1525,12.2965,363.3,56.7,1492.144, NAN, NAN, NAN, NAN,,2024/04/15 17:13:48.851,2024-04-15 17:13:48.851000+00:00
2024/04/15, 17:14:48.851,35.96,-75.143, 8.39,89.4,86.88,8.14,16.0,16.0,1012.2,1012.2,0.0,0.0,85.09,78.49,81,80,8.2,8.1,87.9,87.8,8.8,8.6,198.7,198.2,1014.3,1014.3,945.99,352.9,2201.8,30.133,12.3029,363.0,56.7,1492.143, NAN, NAN, NAN, NAN,,2024/04/15 17:14:48.851,2024-04-15 17:14:48.851000+00:00
2024/04/15, 17:15:48.851,35.961,-75.14, 8.14,89.28,88.9,7.88,16.0,15.9,1012.2,1012.1,0.0,0.0,85.09,78.49,82,83,8.2,8.3,88.0,88.4,8.7,8.9,198.7,199.3,1014.3,1014.2,945.47,353.06,2201.76,30.111,12.3211,363.0,56.6,1492.179, NAN, NAN, NAN, NAN,,2024/04/15 17:15:48.851,2024-04-15 17:15:48.851000+00:00
2024/04/15, 17:16:48.851,35.961,-75.137, 8.10,88.88,85.82,8.21,15.9,15.9,1012.2,1012.1,0.0,0.0,85.09,78.49,83,84,8.3,8.0,89.2,89.1,9.1,8.9,199.6,201.3,1014.3,1014.2,944.26,353.39,2200.7,30.0923,12.3511,363.3,56.8,1492.26, NAN, NAN, NAN, NAN,,2024/04/15 17:16:48.851,2024-04-15 17:16:48.851000+00:00
2024/04/15, 17:17:48.851,35.961,-75.134, 8.04,90.13,87.78,8.07,15.9,15.9,1012.2,1012.1,0.0,0.0,85.09,78.49,84,84,8.5,8.2,89.5,89.5,9.4,9.2,200.2,201.0,1014.3,1014.2,943.72,353.49,2200.51,30.077,12.3653,364.4,56.9,1492.29, NAN, NAN, NAN, NAN,,2024/04/15 17:17:48.851,2024-04-15 17:17:48.851000+00:00
2024/04/15, 17:18:48.852,35.961,-75.132, 8.12,88.96,89.69,8.3,15.9,15.9,1012.1,1012.2,0.0,0.0,85.09,78.49,85,85,8.5,8.3,89.7,89.7,9.4,9.2,201.0,201.6,1014.2,1014.3,940.43,353.34,2200.39,30.0635,12.3653,364.4,56.9,1492.274, NAN, NAN, NAN, NAN,,2024/04/15 17:18:48.852,2024-04-15 17:18:48.852000+00:00
2024/04/15, 17:19:48.852,35.961,-75.129, 8.03,89.22,90.7,8.06,15.9,15.9,1012.0,1012.2,0.0,0.0,85.09,78.49,85,84,8.5,8.7,89.7,89.7,9.3,9.4,200.7,199.4,1014.1,1014.3,939.47,353.64,2200.65,30.0614,12.3745,362.7,56.7,1492.303, NAN, NAN, NAN, NAN,,2024/04/15 17:19:48.852,2024-04-15 17:19:48.852000+00:00
2024/04/15, 17:20:48.852,35.961,-75.126, 8.04,89.63,82.96,8.04,15.9,15.9,1012.2,1012.2,0.0,0.0,85.09,78.49,84,84,8.4,8.3,90.0,90.1,9.4,9.3,199.7,200.0,1014.3,1014.3,941.55,353.01,2199.68,30.0584,12.3899,363.3,57.0,1492.353, NAN, NAN, NAN, NAN,,2024/04/15 17:20:48.852,2024-04-15 17:20:48.852000+00:00
2024/04/15, 17:21:48.852,35.962,-75.124, 6.16,88.76,82.66,5.91,15.9,15.9,1012.2,1012.2,0.0,0.0,85.09,78.49,92,91,8.0,8.1,89.9,89.9,9.0,9.0,200.3,199.2,1014.3,1014.3,939.72,353.51,2198.72,30.0514,12.4188,362.0,56.8,1492.443, NAN, NAN, NAN, NAN,,2024/04/15 17:21:48.852,2024-04-15 17:21:48.852000+00:00
2024/04/15, 17:22:48.852,35.962,-75.122, 4.98,89.61,76.34,5.13,15.8,15.9,1012.2,1012.1,0.0,0.0,85.09,78.49,97,96,8.1,8.0,89.9,89.8,9.3,9.1,202.3,201.6,1014.3,1014.2,942.17,353.31,2198.96,30.0433,12.439,363.0,56.9,1492.503, NAN, NAN, NAN, NAN,,2024/04/15 17:22:48.852,2024-04-15 17:22:48.852000+00:00
2024/04/15, 17:23:48.852,35.962,-75.12, 4.26,98.48,76.25,4.54,15.9,15.9,1012.3,1012.0,0.0,0.0,85.09,78.49,95,93,7.9,8.2,89.8,90.0,9.2,9.4,206.5,204.4,1014.4,1014.1,945.37,353.09,2200.64,30.0394,12.4444,362.0,56.6,1492.517, NAN, NAN, NAN, NAN,,2024/04/15 17:23:48.852,2024-04-15 17:23:48.852000+00:00
2024/04/15, 17:24:48.852,35.962,-75.119, 1.90,148.35,98.2,2.27,15.8,15.9,1012.1,1012.2,0.0,0.0,85.09,78.49,55,50,10.0,9.4,89.4,89.9,10.2,9.5,209.8,205.4,1014.2,1014.3,920.12,353.16,2222.18,30.0363,12.458,362.4,56.8,1492.56, NAN, NAN, NAN, NAN,,2024/04/15 17:24:48.852,2024-04-15 17:24:48.852000+00:00
2024/04/15, 17:25:48.852,35.962,-75.119, 0.66,177.45,87.46,1.07,15.9,15.9,1012.1,1012.2,0.0,0.0,85.09,78.49,26,20,9.1,9.0,89.8,90.0,9.2,9.0,206.9,200.9,1014.2,1014.3,905.61,353.28,2236.29,30.0326,12.456,361.7,56.8,1492.548, NAN, NAN, NAN, NAN,,2024/04/15 17:25:48.852,2024-04-15 17:25:48.852000+00:00
2024/04/15, 17:26:48.852,35.962,-75.119, 0.62,199.64,50.89,0.49,16.0,16.0,1012.2,1012.2,0.0,0.0,85.09,78.49,4,356,8.6,8.4,89.6,89.7,8.7,8.5,205.0,197.1,1014.3,1014.3,864.43,352.96,2242.58,30.0288,12.4624,360.8,56.8,1492.566, NAN, NAN, NAN, NAN,,2024/04/15 17:26:48.852,2024-04-15 17:26:48.852000+00:00
2024/04/15, 17:27:48.852,35.962,-75.118, 0.09,216.03,83.72,0.77,16.0,16.0,1012.3,1012.0,0.0,0.0,85.09,78.49,346,339,8.3,8.5,89.2,89.3,8.6,8.8,203.8,197.0,1014.4,1014.1,945.25,352.94,2243.49,30.0251,12.4813,360.3,56.8,1492.626, NAN, NAN, NAN, NAN,,2024/04/15 17:27:48.852,2024-04-15 17:27:48.852000+00:00
2024/04/15, 17:28:48.852,35.962,-75.118, 0.03,209.45,323.83,0.44,16.0,16.0,1012.2,1012.1,0.0,0.0,85.09,78.49,348,343,8.4,8.4,88.9,89.1,8.6,8.6,196.9,192.0,1014.3,1014.2,928.43,352.48,2244.42,30.0222,12.4869,360.6,56.8,1492.642, NAN, NAN, NAN, NAN,,2024/04/15 17:28:48.852,2024-04-15 17:28:48.852000+00:00
2024/04/15, 17:29:48.852,35.962,-75.118, 0.47,205.8,98.26,0.6,16.0,16.0,1012.0,1012.2,0.0,0.0,85.09,78.49,357,349,8.6,8.6,89.0,88.9,8.5,8.5,204.8,196.7,1014.1,1014.3,896.51,352.71,2243.58,30.022,12.4873,360.8,56.7,1492.643, NAN, NAN, NAN, NAN,,2024/04/15 17:29:48.852,2024-04-15 17:29:48.852000+00:00
2024/04/15, 17:30:48.852,35.962,-75.118, 0.54,203.47,303.62,0.08,16.0,16.1,1012.3,1012.2,0.0,0.0,85.09,78.49,358,353,8.9,8.9,88.7,89.0,8.9,8.9,201.2,196.2,1014.4,1014.3,881.32,353.18,2243.66,30.0208,12.4781,365.1,56.8,1492.61, NAN, NAN, NAN, NAN,,2024/04/15 17:30:48.852,2024-04-15 17:30:48.852000+00:00
2024/04/15, 17:31:48.852,35.962,-75.118, 0.50,204.25,340.43,0.24,16.1,16.1,1012.1,1012.1,0.0,0.0,85.09,78.49,358,353,8.9,8.6,89.1,89.1,8.9,8.6,201.5,196.4,1014.2,1014.2,877.23,353.8,2242.95,30.0253,12.4664,371.2,56.8,1492.575, NAN, NAN, NAN, NAN,,2024/04/15 17:31:48.852,2024-04-15 17:31:48.852000+00:00
2024/04/15, 17:32:48.852,35.962,-75.118, 0.43,204.92,42.88,0.13,16.1,16.1,1012.0,1012.1,0.0,0.0,85.09,78.49,358,352,8.7,8.5,89.0,88.9,8.8,8.6,203.1,197.1,1014.1,1014.2,871.06,353.69,2242.83,30.044,12.4859,381.1,56.6,1492.664, NAN, NAN, NAN, NAN,,2024/04/15 17:32:48.852,2024-04-15 17:32:48.852000+00:00
2024/04/15, 17:33:48.852,35.962,-75.118, 0.41,204.6,128.38,0.32,16.2,16.2,1012.2,1012.0,0.0,0.0,85.09,78.49,358,353,8.3,8.4,88.9,88.9,8.3,8.4,203.7,198.7,1014.3,1014.1,871.29,353.03,2242.41,30.0507,12.498,387.2,56.8,1492.714, NAN, NAN, NAN, NAN,,2024/04/15 17:33:48.852,2024-04-15 17:33:48.852000+00:00
2024/04/15, 17:34:48.853,35.962,-75.118, 0.54,205.89,104.11,0.23,16.2,16.2,1012.1,1012.1,0.0,0.0,85.09,78.49,358,352,8.6,8.6,88.5,88.6,8.5,8.5,203.4,197.4,1014.2,1014.2,870.6,353.48,2242.29,30.0526,12.5111,386.4,56.8,1492.761, NAN, NAN, NAN, NAN,,2024/04/15 17:34:48.853,2024-04-15 17:34:48.853000+00:00
2024/04/15, 17:35:48.853,35.962,-75.119, 1.48,210.51,212.01,1.46,16.2,16.2,1012.2,1012.1,0.0,0.0,85.09,78.49,351,346,9.3,9.4,88.5,88.7,8.6,8.7,200.8,195.3,1014.3,1014.2,900.16,354.04,2241.74,30.0475,12.4973,387.2,56.6,1492.707, NAN, NAN, NAN, NAN,,2024/04/15 17:35:48.853,2024-04-15 17:35:48.853000+00:00
2024/04/15, 17:36:48.853,35.961,-75.119, 2.68,211.77,212.99,2.3,16.2,16.2,1011.9,1012.0,0.0,0.0,85.09,78.49,351,345,9.6,9.7,88.6,88.8,8.4,8.6,201.6,194.9,1014.0,1014.1,902.4,353.45,2242.25,30.0398,12.5033,382.4,56.8,1492.719, NAN, NAN, NAN, NAN,,2024/04/15 17:36:48.853,2024-04-15 17:36:48.853000+00:00
2024/04/15, 17:37:48.853,35.961,-75.119, 2.54,212.35,212.07,3.2,16.2,16.2,1011.9,1012.2,0.0,0.0,85.09,78.49,351,345,9.8,10.0,88.6,88.7,8.2,8.4,201.7,194.6,1014.0,1014.3,901.35,353.76,2242.11,30.0425,12.5125,383.6,56.3,1492.754, NAN, NAN, NAN, NAN,,2024/04/15 17:37:48.853,2024-04-15 17:37:48.853000+00:00
2024/04/15, 17:38:48.853,35.96,-75.12, 2.64,212.15,221.2,3.11,16.2,16.2,1011.9,1012.2,0.0,0.0,85.09,78.49,351,345,10.0,10.1,88.8,88.9,8.5,8.6,200.6,193.6,1014.0,1014.3,900.29,353.33,2242.24,30.0373,12.5202,380.0,56.3,1492.774, NAN, NAN, NAN, NAN,,2024/04/15 17:38:48.853,2024-04-15 17:38:48.853000+00:00
2024/04/15, 17:39:48.853,35.959,-75.121, 3.47,211.28,216.49,3.64,16.2,16.2,1012.0,1012.0,0.0,0.0,85.09,78.49,352,347,10.2,10.4,88.8,88.6,8.4,8.6,201.1,195.1,1014.1,1014.1,880.66,353.96,2241.65,30.0324,12.5145,374.7,56.4,1492.748, NAN, NAN, NAN, NAN,,2024/04/15 17:39:48.853,2024-04-15 17:39:48.853000+00:00
2024/04/15, 17:40:48.853,35.958,-75.121, 3.55,211.52,210.9,3.63,16.2,16.2,1012.1,1011.9,0.0,0.0,85.09,78.49,353,346,10.2,10.3,89.0,89.1,8.4,8.5,202.7,194.2,1014.2,1014.0,879.39,353.64,2241.44,30.0218,12.507,372.0,56.3,1492.71, NAN, NAN, NAN, NAN,,2024/04/15 17:40:48.853,2024-04-15 17:40:48.853000+00:00
2024/04/15, 17:41:48.853,35.957,-75.122, 3.95,214.15,220.69,3.81,16.2,16.2,1012.2,1012.0,0.0,0.0,85.09,78.49,353,346,10.1,10.0,89.0,89.0,8.2,8.1,206.0,197.3,1014.3,1014.1,881.87,353.58,2241.18,30.0118,12.4921,370.5,56.5,1492.647, NAN, NAN, NAN, NAN,,2024/04/15 17:41:48.853,2024-04-15 17:41:48.853000+00:00
2024/04/15, 17:42:48.853,35.957,-75.123, 4.41,214.75,216.02,3.87,16.2,16.2,1012.1,1012.0,0.0,0.0,85.09,78.49,351,344,10.2,10.3,88.8,88.9,8.3,8.4,203.2,194.7,1014.2,1014.1,891.9,353.64,2241.75,30.006,12.5043,365.1,56.6,1492.682, NAN, NAN, NAN, NAN,,2024/04/15 17:42:48.853,2024-04-15 17:42:48.853000+00:00
2024/04/15, 17:43:48.853,35.956,-75.123, 4.33,214.85,226.01,3.11,16.2,16.2,1012.2,1012.0,0.0,0.0,85.09,78.49,348,344,10.1,10.0,89.2,89.3,8.6,8.6,199.4,194.7,1014.3,1014.1,899.83,354.0,2241.62,29.999,12.5056,363.6,56.5,1492.678, NAN, NAN, NAN, NAN,,2024/04/15 17:43:48.853,2024-04-15 17:43:48.853000+00:00
2024/04/15, 17:44:48.853,35.955,-75.124, 2.83,214.89,215.47,1.7,16.2,16.2,1012.2,1012.1,0.0,0.0,85.09,78.49,350,344,9.2,9.3,89.6,89.7,8.3,8.5,204.1,197.5,1014.3,1014.2,878.94,354.28,2241.62,29.9967,12.4997,363.6,56.7,1492.655, NAN, NAN, NAN, NAN,,2024/04/15 17:44:48.853,2024-04-15 17:44:48.853000+00:00
2024/04/15, 17:45:48.853,35.955,-75.124, 1.45,212.2,240.51,0.11,16.2,16.2,1012.1,1012.2,0.0,0.0,85.09,78.49,352,346,8.6,8.7,89.8,89.8,8.6,8.7,204.0,197.9,1014.2,1014.3,860.08,354.93,2241.16,29.9955,12.4913,364.0,56.9,1492.625, NAN, NAN, NAN, NAN,,2024/04/15 17:45:48.853,2024-04-15 17:45:48.853000+00:00
2024/04/15, 17:46:48.853,35.955,-75.124, 0.76,211.35,291.53,0.46,16.2,16.3,1012.2,1012.2,0.0,0.0,85.09,78.49,349,344,8.4,8.3,89.7,90.1,8.5,8.4,199.0,194.0,1014.3,1014.3,868.8,354.75,2241.11,29.9954,12.4776,363.3,56.7,1492.578, NAN, NAN, NAN, NAN,,2024/04/15 17:46:48.853,2024-04-15 17:46:48.853000+00:00
2024/04/15, 17:47:48.853,35.955,-75.124, 0.32,208.52,304.23,0.33,16.3,16.3,1012.2,1012.1,0.0,0.0,85.09,78.49,356,350,8.6,8.2,89.7,89.7,8.7,8.3,203.5,197.6,1014.3,1014.2,834.63,354.58,2240.77,29.9916,12.4602,363.3,56.8,1492.514, NAN, NAN, NAN, NAN,,2024/04/15 17:47:48.853,2024-04-15 17:47:48.853000+00:00
2024/04/15, 17:48:48.853,35.955,-75.124, 0.35,206.44,262.54,0.34,16.2,16.3,1012.2,1012.1,0.0,0.0,85.09,78.49,354,348,8.2,8.1,89.7,89.8,8.2,8.1,199.2,193.2,1014.3,1014.2,833.58,354.48,2240.36,29.9918,12.4557,367.8,56.4,1492.499, NAN, NAN, NAN, NAN,,2024/04/15 17:48:48.853,2024-04-15 17:48:48.853000+00:00
2024/04/15, 17:49:48.853,35.955,-75.124, 0.53,206.84,299.07,0.06,16.2,16.2,1012.1,1012.2,0.0,0.0,85.09,78.49,354,348,8.0,7.9,89.6,89.7,8.0,7.9,200.7,194.8,1014.2,1014.3,827.5,353.63,2239.75,29.995,12.4552,375.2,56.6,1492.501, NAN, NAN, NAN, NAN,,2024/04/15 17:49:48.853,2024-04-15 17:49:48.853000+00:00
2024/04/15, 17:50:48.854,35.955,-75.124, 0.43,207.08,89.83,0.3,16.2,16.2,1012.3,1012.1,0.0,0.0,85.09,78.49,356,349,8.1,7.8,89.3,89.4,8.1,7.8,204.2,197.2,1014.4,1014.2,822.17,353.97,2239.77,29.9999,12.4514,379.6,56.6,1492.494, NAN, NAN, NAN, NAN,,2024/04/15 17:50:48.854,2024-04-15 17:50:48.854000+00:00
2024/04/15, 17:51:48.854,35.955,-75.124, 0.50,207.71,279.75,0.39,16.1,16.2,1012.1,1012.1,0.0,0.0,85.09,78.49,355,350,8.1,8.0,89.7,89.7,8.1,8.0,201.3,196.3,1014.2,1014.2,824.73,353.88,2239.66,29.9936,12.4421,376.8,56.6,1492.455, NAN, NAN, NAN, NAN,,2024/04/15 17:51:48.854,2024-04-15 17:51:48.854000+00:00
2024/04/15, 17:52:48.854,35.955,-75.124, 0.41,207.51,112.77,0.29,16.1,16.1,1012.2,1012.1,0.0,0.0,85.09,78.49,356,350,7.9,8.0,89.9,90.0,7.9,8.0,204.6,198.6,1014.3,1014.2,823.11,353.87,2239.27,29.9909,12.4489,376.0,56.7,1492.475, NAN, NAN, NAN, NAN,,2024/04/15 17:52:48.854,2024-04-15 17:52:48.854000+00:00
2024/04/15, 17:53:48.854,35.955,-75.124, 0.50,205.98,191.82,0.13,16.1,16.1,1012.1,1012.1,0.0,0.0,85.09,78.49,359,352,8.0,8.2,90.0,90.2,7.9,8.1,205.2,198.2,1014.2,1014.2,818.77,354.6,2239.05,30.0027,12.4552,381.1,56.6,1492.51, NAN, NAN, NAN, NAN,,2024/04/15 17:53:48.854,2024-04-15 17:53:48.854000+00:00
2024/04/15, 17:54:48.854,35.955,-75.124, 0.41,209.68,337.14,0.36,16.2,16.1,1012.0,1012.1,0.0,0.0,85.09,78.49,357,351,8.3,8.3,90.4,90.5,8.4,8.5,205.9,200.0,1014.1,1014.2,824.38,355.02,2237.96,29.9954,12.4739,379.0,56.1,1492.566, NAN, NAN, NAN, NAN,,2024/04/15 17:54:48.854,2024-04-15 17:54:48.854000+00:00
2024/04/15, 17:55:48.854,35.955,-75.124, 0.29,209.04,278.9,0.81,16.2,16.2,1012.0,1012.0,0.0,0.0,85.09,78.49,358,353,8.7,8.5,90.8,90.8,8.6,8.4,204.4,199.3,1014.1,1014.1,816.05,355.02,2236.7,29.9885,12.4725,379.3,56.5,1492.553, NAN, NAN, NAN, NAN,,2024/04/15 17:55:48.854,2024-04-15 17:55:48.854000+00:00
2024/04/15, 17:56:48.854,35.955,-75.124, 0.41,206.43,138.93,0.2,16.3,16.3,1012.0,1012.1,0.0,0.0,85.09,78.49,0,354,8.8,8.7,90.4,90.6,8.7,8.6,207.0,201.0,1014.1,1014.2,818.51,354.47,2236.3,29.9911,12.4627,379.0,56.4,1492.522, NAN, NAN, NAN, NAN,,2024/04/15 17:56:48.854,2024-04-15 17:56:48.854000+00:00
2024/04/15, 17:57:48.854,35.955,-75.124, 0.50,207.49,85.23,0.04,16.3,16.3,1012.1,1012.0,0.0,0.0,85.09,78.49,358,352,8.6,8.5,90.1,90.3,8.6,8.5,205.6,199.6,1014.2,1014.1,813.89,354.85,2234.54,29.9929,12.4789,378.4,56.5,1492.58, NAN, NAN, NAN, NAN,,2024/04/15 17:57:48.854,2024-04-15 17:57:48.854000+00:00
2024/04/15, 17:58:48.854,35.955,-75.124, 0.50,208.56,257.76,0.23,16.3,16.3,1011.9,1012.0,0.0,0.0,85.09,78.49,358,351,8.6,8.4,90.2,90.4,8.6,8.4,205.8,198.8,1014.0,1014.1,811.57,354.73,2236.67,29.9936,12.4736,375.5,56.6,1492.562, NAN, NAN, NAN, NAN,,2024/04/15 17:58:48.854,2024-04-15 17:58:48.854000+00:00
2024/04/15, 17:59:48.854,35.955,-75.124, 0.56,207.86,12.79,0.1,16.3,16.3,1012.1,1012.1,0.0,0.0,85.09,78.49,358,353,8.8,8.5,90.2,90.3,8.8,8.5,205.5,200.5,1014.2,1014.2,811.57,354.72,2235.96,29.9938,12.4654,376.9,56.4,1492.535, NAN, NAN, NAN, NAN,,2024/04/15 17:59:48.854,2024-04-15 17:59:48.854000+00:00
2024/04/15, 18:00:48.854,35.955,-75.124, 0.58,207.58,273.77,0.34,16.2,16.3,1012.0,1011.9,0.0,0.0,85.09,78.49,358,353,8.7,8.6,90.4,90.5,8.6,8.6,204.5,199.5,1014.1,1014.0,808.96,355.24,2235.54,29.9941,12.4487,376.9,56.5,1492.478, NAN, NAN, NAN, NAN,,2024/04/15 18:00:48.854,2024-04-15 18:00:48.854000+00:00
2024/04/15, 18:01:48.854,35.955,-75.124, 0.53,207.05,46.81,0.09,16.3,16.3,1012.0,1011.9,0.0,0.0,85.09,78.49,359,352,8.8,8.5,91.0,91.0,8.8,8.5,206.0,199.1,1014.1,1014.0,805.63,355.84,2235.49,29.9936,12.4394,379.3,56.6,1492.445, NAN, NAN, NAN, NAN,,2024/04/15 18:01:48.854,2024-04-15 18:01:48.854000+00:00
2024/04/15, 18:02:48.854,35.955,-75.124, 0.37,208.38,103.18,0.08,16.3,16.3,1012.1,1011.9,0.0,0.0,85.09,78.49,357,351,8.7,8.5,91.3,91.3,8.7,8.5,205.6,199.6,1014.2,1014.0,805.07,355.47,2234.53,29.9979,12.4337,380.8,56.4,1492.431, NAN, NAN, NAN, NAN,,2024/04/15 18:02:48.854,2024-04-15 18:02:48.854000+00:00
2024/04/15, 18:03:48.854,35.955,-75.124, 0.52,207.19,286.77,0.41,16.3,16.4,1012.0,1012.0,0.0,0.0,85.09,78.49,358,353,8.6,8.4,90.8,90.9,8.6,8.4,203.8,198.8,1014.1,1014.1,812.27,355.15,2233.45,29.9943,12.4637,378.4,56.3,1492.529, NAN, NAN, NAN, NAN,,2024/04/15 18:03:48.854,2024-04-15 18:03:48.854000+00:00
2024/04/15, 18:04:48.854,35.955,-75.124, 0.42,207.28,300.33,0.26,16.3,16.3,1011.9,1012.0,0.0,0.0,85.09,78.49,356,350,7.9,8.0,90.5,90.6,7.9,8.0,202.4,196.3,1014.0,1014.1,807.8,354.45,2233.12,29.9955,12.4745,380.4,56.5,1492.568, NAN, NAN, NAN, NAN,,2024/04/15 18:04:48.854,2024-04-15 18:04:48.854000+00:00
2024/04/15, 18:05:48.854,35.955,-75.124, 0.53,207.24,301.91,0.31,16.3,16.3,1012.0,1011.9,0.0,0.0,85.09,78.49,352,348,7.9,7.7,90.5,90.5,7.9,7.7,198.1,194.1,1014.1,1014.0,801.04,354.17,2232.98,29.9954,12.4599,386.0,56.6,1492.518, NAN, NAN, NAN, NAN,,2024/04/15 18:05:48.854,2024-04-15 18:05:48.854000+00:00
2024/04/15, 18:06:48.855,35.955,-75.124, 0.49,208.58,290.69,0.25,16.2,16.2,1012.0,1011.9,0.0,0.0,85.09,78.49,351,345,7.6,7.7,90.3,90.4,7.6,7.7,198.6,192.6,1014.1,1014.0,798.25,354.24,2233.48,29.996,12.4534,384.1,56.3,1492.496, NAN, NAN, NAN, NAN,,2024/04/15 18:06:48.855,2024-04-15 18:06:48.855000+00:00
2024/04/15, 18:07:48.855,35.955,-75.124, 0.70,206.47,136.01,0.33,16.2,16.2,1011.9,1011.9,0.0,0.0,85.09,78.49,353,347,7.8,7.7,90.7,90.7,7.7,7.6,200.6,194.5,1014.0,1014.0,804.5,354.21,2232.49,29.9985,12.4788,381.7,55.6,1492.586, NAN, NAN, NAN, NAN,,2024/04/15 18:07:48.855,2024-04-15 18:07:48.855000+00:00
2024/04/15, 18:08:48.855,35.955,-75.124, 0.45,207.42,112.53,0.28,16.1,16.1,1011.9,1011.9,0.0,0.0,85.09,78.49,352,346,7.7,7.7,91.0,91.0,7.7,7.7,200.5,194.5,1014.0,1014.0,804.26,354.49,2231.9,29.9983,12.4708,377.4,56.2,1492.558, NAN, NAN, NAN, NAN,,2024/04/15 18:08:48.855,2024-04-15 18:08:48.855000+00:00
2024/04/15, 18:09:48.855,35.955,-75.124, 0.34,207.52,29.85,0.38,16.1,16.1,1011.9,1011.9,0.0,0.0,85.09,78.49,351,345,7.4,7.7,91.2,91.4,7.6,7.9,198.8,193.0,1014.0,1014.0,802.35,354.01,2231.67,29.9986,12.473,376.9,56.1,1492.566, NAN, NAN, NAN, NAN,,2024/04/15 18:09:48.855,2024-04-15 18:09:48.855000+00:00
2024/04/15, 18:10:48.855,35.955,-75.124, 0.42,206.82,73.88,0.13,16.1,16.1,1012.1,1011.9,0.0,0.0,85.09,78.49,350,344,7.9,7.8,91.2,91.4,7.9,7.8,197.3,191.3,1014.2,1014.0,802.83,354.01,2231.61,29.9989,12.4873,376.3,56.0,1492.616, NAN, NAN, NAN, NAN,,2024/04/15 18:10:48.855,2024-04-15 18:10:48.855000+00:00
2024/04/15, 18:11:48.855,35.955,-75.124, 0.52,207.0,47.61,0.03,16.0,16.1,1012.0,1011.8,0.0,0.0,85.09,78.49,351,345,7.8,7.8,91.4,91.5,7.8,7.8,198.0,192.0,1014.1,1013.9,806.64,353.89,2231.12,29.9999,12.4775,376.0,56.1,1492.583, NAN, NAN, NAN, NAN,,2024/04/15 18:11:48.855,2024-04-15 18:11:48.855000+00:00
2024/04/15, 18:12:48.855,35.955,-75.124, 0.54,207.66,303.07,0.16,16.0,16.0,1012.0,1011.8,0.0,0.0,85.09,78.49,351,345,7.5,7.5,91.4,91.4,7.4,7.4,198.5,192.5,1014.1,1013.9,809.15,353.01,2230.33,30.0009,12.4769,373.9,56.6,1492.582, NAN, NAN, NAN, NAN,,2024/04/15 18:12:48.855,2024-04-15 18:12:48.855000+00:00
2024/04/15, 18:13:48.855,35.955,-75.124, 0.34,206.61,163.1,0.27,16.0,16.0,1011.9,1011.9,0.0,0.0,85.09,78.49,349,344,7.5,7.6,91.2,91.2,7.4,7.5,196.5,191.5,1014.0,1014.0,805.74,353.21,2230.94,29.9999,12.4784,372.4,56.4,1492.586, NAN, NAN, NAN, NAN,,2024/04/15 18:13:48.855,2024-04-15 18:13:48.855000+00:00
2024/04/15, 18:14:48.855,35.955,-75.124, 0.50,206.89,298.26,0.38,15.9,15.9,1011.9,1012.0,0.0,0.0,85.09,78.49,351,346,8.0,8.1,91.1,91.3,8.0,8.1,196.5,191.5,1014.0,1014.1,807.2,353.72,2230.59,30.0019,12.4655,373.9,56.3,1492.545, NAN, NAN, NAN, NAN,,2024/04/15 18:14:48.855,2024-04-15 18:14:48.855000+00:00
2024/04/15, 18:15:48.855,35.955,-75.124, 0.54,207.65,186.3,0.2,15.9,15.9,1011.8,1011.9,0.0,0.0,85.09,78.49,353,346,8.6,8.4,91.9,92.0,8.5,8.3,201.1,194.0,1013.9,1014.0,802.53,354.92,2230.5,30.0035,12.463,370.0,56.4,1492.538, NAN, NAN, NAN, NAN,,2024/04/15 18:15:48.855,2024-04-15 18:15:48.855000+00:00
2024/04/15, 18:16:48.855,35.955,-75.124, 0.41,207.62,172.27,0.02,16.0,15.9,1011.8,1011.7,0.0,0.0,85.09,78.49,355,349,8.8,8.7,92.7,92.1,8.8,8.7,202.6,196.6,1013.9,1013.8,811.1,355.41,2229.45,30.0032,12.4987,368.9,56.4,1492.66, NAN, NAN, NAN, NAN,,2024/04/15 18:16:48.855,2024-04-15 18:16:48.855000+00:00
2024/04/15, 18:17:48.855,35.955,-75.124, 0.64,207.65,1.47,0.22,16.1,16.1,1011.8,1011.9,0.0,0.0,85.09,78.49,356,350,8.6,8.7,92.6,93.2,8.6,8.8,203.0,197.0,1013.9,1014.0,815.87,355.3,2227.47,30.0034,12.5013,372.0,56.4,1492.669, NAN, NAN, NAN, NAN,,2024/04/15 18:17:48.855,2024-04-15 18:17:48.855000+00:00
2024/04/15, 18:18:48.855,35.955,-75.124, 0.60,206.01,146.64,0.26,16.2,16.2,1011.9,1011.7,0.0,0.0,85.09,78.49,357,350,8.8,8.7,92.3,92.5,8.7,8.6,203.7,196.7,1014.0,1013.8,816.96,355.32,2225.89,30.003,12.4923,382.7,56.5,1492.638, NAN, NAN, NAN, NAN,,2024/04/15 18:18:48.855,2024-04-15 18:18:48.855000+00:00
2024/04/15, 18:19:48.855,35.955,-75.124, 0.53,208.37,50.24,0.11,16.3,16.2,1011.8,1011.7,0.0,0.0,85.09,78.49,356,349,8.7,8.4,91.7,92.0,8.8,8.5,204.3,197.4,1013.9,1013.8,813.73,355.06,2226.14,30.0041,12.4782,379.6,56.4,1492.591, NAN, NAN, NAN, NAN,,2024/04/15 18:19:48.855,2024-04-15 18:19:48.855000+00:00
2024/04/15, 18:20:48.855,35.955,-75.124, 0.48,209.26,8.91,0.3,16.3,16.3,1011.9,1011.8,0.0,0.0,85.09,78.49,356,349,8.8,8.5,91.3,91.6,8.9,8.6,204.5,197.6,1014.0,1013.9,818.31,355.18,2225.38,30.0045,12.4671,379.6,56.5,1492.553, NAN, NAN, NAN, NAN,,2024/04/15 18:20:48.855,2024-04-15 18:20:48.855000+00:00
2024/04/15, 18:21:48.855,35.955,-75.124, 0.54,207.52,98.34,0.31,16.2,16.3,1011.9,1011.6,0.0,0.0,85.09,78.49,353,347,8.1,8.4,91.2,91.4,8.2,8.5,201.5,195.5,1014.0,1013.7,819.24,354.34,2224.96,30.0064,12.4535,381.4,56.3,1492.509, NAN, NAN, NAN, NAN,,2024/04/15 18:21:48.855,2024-04-15 18:21:48.855000+00:00
2024/04/15, 18:22:48.856,35.955,-75.124, 0.53,207.09,68.92,0.1,16.2,16.3,1011.8,1011.9,0.0,0.0,85.09,78.49,353,347,8.2,8.2,91.0,91.2,8.2,8.2,200.4,194.4,1013.9,1014.0,820.11,354.5,2224.81,30.0085,12.4496,378.7,56.6,1492.498, NAN, NAN, NAN, NAN,,2024/04/15 18:22:48.856,2024-04-15 18:22:48.856000+00:00
2024/04/15, 18:23:48.856,35.955,-75.124, 0.51,207.58,293.72,0.15,16.2,16.2,1011.8,1011.7,0.0,0.0,85.09,78.49,351,345,8.2,8.1,91.1,91.1,8.2,8.1,198.0,192.0,1013.9,1013.8,820.43,354.76,2223.6,30.011,12.4472,374.0,56.6,1492.493, NAN, NAN, NAN, NAN,,2024/04/15 18:23:48.856,2024-04-15 18:23:48.856000+00:00
2024/04/15, 18:24:48.856,35.955,-75.124, 0.42,207.46,181.24,0.21,16.2,16.2,1011.8,1011.7,0.0,0.0,85.09,78.49,350,345,7.9,8.1,91.1,91.2,7.8,8.0,198.0,192.9,1013.9,1013.8,820.58,353.89,2223.16,30.0135,12.4985,376.9,56.6,1492.671, NAN, NAN, NAN, NAN,,2024/04/15 18:24:48.856,2024-04-15 18:24:48.856000+00:00
2024/04/15, 18:25:48.856,35.955,-75.124, 0.64,207.89,104.91,0.09,16.1,16.1,1011.8,1011.8,0.0,0.0,85.09,78.49,352,346,8.1,8.1,91.0,91.3,8.1,8.1,200.1,194.0,1013.9,1013.9,828.57,353.53,2223.12,30.0124,12.5245,377.7,56.6,1492.759, NAN, NAN, NAN, NAN,,2024/04/15 18:25:48.856,2024-04-15 18:25:48.856000+00:00
2024/04/15, 18:26:48.856,35.955,-75.124, 0.73,207.69,50.28,0.07,16.1,16.1,1011.8,1011.8,0.0,0.0,85.09,78.49,351,346,8.5,8.2,91.0,91.1,8.5,8.2,198.9,193.9,1013.9,1013.9,829.6,354.34,2222.4,30.0156,12.5379,375.5,56.6,1492.808, NAN, NAN, NAN, NAN,,2024/04/15 18:26:48.856,2024-04-15 18:26:48.856000+00:00
2024/04/15, 18:27:48.856,35.955,-75.124, 0.75,207.28,213.92,0.39,16.1,16.1,1011.9,1011.7,0.0,0.0,85.09,78.49,351,346,8.1,8.1,91.5,91.5,7.9,7.9,198.2,193.1,1014.0,1013.8,833.52,354.39,2222.83,30.0171,12.5443,372.9,56.6,1492.832, NAN, NAN, NAN, NAN,,2024/04/15 18:27:48.856,2024-04-15 18:27:48.856000+00:00
2024/04/15, 18:28:48.856,35.955,-75.124, 0.72,207.17,272.15,0.49,16.1,16.1,1011.6,1011.8,0.0,0.0,85.09,78.49,351,346,8.2,8.5,91.5,91.8,8.1,8.4,196.6,191.6,1013.7,1013.9,833.01,354.18,2221.6,30.0232,12.5581,374.0,56.6,1492.886, NAN, NAN, NAN, NAN,,2024/04/15 18:28:48.856,2024-04-15 18:28:48.856000+00:00
2024/04/15, 18:29:48.856,35.955,-75.124, 0.76,207.7,231.48,0.41,16.1,16.1,1011.8,1011.8,0.0,0.0,85.09,78.49,351,346,8.7,8.8,91.4,91.9,8.5,8.6,198.1,193.0,1013.9,1013.9,834.42,355.12,2221.12,30.0305,12.5718,372.4,56.6,1492.942, NAN, NAN, NAN, NAN,,2024/04/15 18:29:48.856,2024-04-15 18:29:48.856000+00:00
2024/04/15, 18:30:48.856,35.955,-75.124, 0.68,207.96,271.69,0.43,16.2,16.2,1011.6,1011.7,0.0,0.0,85.09,78.49,352,346,8.7,8.7,92.1,92.4,8.6,8.6,198.6,192.6,1013.7,1013.8,834.35,354.6,2221.48,30.0368,12.5692,371.2,56.6,1492.94, NAN, NAN, NAN, NAN,,2024/04/15 18:30:48.856,2024-04-15 18:30:48.856000+00:00
2024/04/15, 18:31:48.856,35.955,-75.124, 0.72,207.32,80.88,0.36,16.2,16.2,1011.6,1011.5,0.0,0.0,85.09,78.49,352,346,8.9,8.9,91.9,92.5,8.9,8.9,200.5,194.5,1013.7,1013.6,845.17,355.16,2221.41,30.036,12.5669,372.8,56.7,1492.932, NAN, NAN, NAN, NAN,,2024/04/15 18:31:48.856,2024-04-15 18:31:48.856000+00:00
2024/04/15, 18:32:48.856,35.955,-75.124, 0.53,207.14,159.0,0.41,16.3,16.3,1011.8,1011.5,0.0,0.0,85.09,78.49,351,346,9.0,8.9,92.0,92.2,8.8,8.7,198.7,193.6,1013.9,1013.6,844.5,354.9,2221.07,30.0375,12.5669,376.9,56.6,1492.933, NAN, NAN, NAN, NAN,,2024/04/15 18:32:48.856,2024-04-15 18:32:48.856000+00:00
2024/04/15, 18:33:48.856,35.955,-75.124, 0.61,206.92,253.04,0.62,16.3,16.3,1011.7,1011.7,0.0,0.0,85.09,78.49,353,348,8.9,8.7,91.8,92.0,8.7,8.5,198.2,193.1,1013.8,1013.8,851.83,354.85,2219.27,30.0393,12.5682,378.4,56.8,1492.94, NAN, NAN, NAN, NAN,,2024/04/15 18:33:48.856,2024-04-15 18:33:48.856000+00:00
2024/04/15, 18:34:48.856,35.955,-75.124, 0.75,206.78,178.16,0.33,16.4,16.4,1011.5,1011.7,0.0,0.0,85.09,78.49,353,347,8.9,8.7,91.6,91.7,8.7,8.5,200.2,194.1,1013.6,1013.8,852.09,354.74,2218.71,30.0403,12.575,381.4,56.7,1492.964, NAN, NAN, NAN, NAN,,2024/04/15 18:34:48.856,2024-04-15 18:34:48.856000+00:00
2024/04/15, 18:35:48.856,35.955,-75.124, 0.72,206.62,124.34,0.44,16.4,16.4,1011.6,1011.7,0.0,0.0,85.09,78.49,353,347,8.6,8.5,91.1,91.4,8.4,8.3,200.7,194.6,1013.7,1013.8,851.91,354.42,2218.5,30.0434,12.5752,383.3,56.7,1492.969, NAN, NAN, NAN, NAN,,2024/04/15 18:35:48.856,2024-04-15 18:35:48.856000+00:00
2024/04/15, 18:36:48.856,35.955,-75.124, 0.50,207.52,127.01,0.51,16.3,16.4,1011.6,1011.7,0.0,0.0,85.09,78.49,351,346,8.2,8.7,91.0,91.2,8.1,8.6,200.3,195.1,1013.7,1013.8,848.93,354.33,2217.86,30.0392,12.573,387.8,56.8,1492.956, NAN, NAN, NAN, NAN,,2024/04/15 18:36:48.856,2024-04-15 18:36:48.856000+00:00
2024/04/15, 18:37:48.856,35.955,-75.124, 0.58,208.76,269.02,0.35,16.3,16.3,1011.8,1011.7,0.0,0.0,85.09,78.49,351,344,8.1,8.2,91.1,91.3,8.0,8.1,198.6,191.6,1013.9,1013.8,843.23,354.19,2217.49,30.0437,12.5809,377.1,56.7,1492.989, NAN, NAN, NAN, NAN,,2024/04/15 18:37:48.856,2024-04-15 18:37:48.856000+00:00
2024/04/15, 18:38:48.856,35.954,-75.124, 0.78,207.08,335.39,0.25,16.3,16.3,1011.6,1011.5,0.0,0.0,85.09,78.49,354,347,8.3,8.1,91.0,91.0,8.2,8.0,200.5,193.4,1013.7,1013.6,858.83,353.51,2216.42,30.0453,12.5999,376.3,56.8,1493.055, NAN, NAN, NAN, NAN,,2024/04/15 18:38:48.856,2024-04-15 18:38:48.856000+00:00
2024/04/15, 18:39:48.857,35.954,-75.124, 0.67,206.94,203.0,0.27,16.2,16.2,1011.6,1011.5,0.0,0.0,85.09,78.49,353,346,8.4,8.2,91.0,91.1,8.3,8.1,199.6,192.5,1013.7,1013.6,860.06,354.04,2216.72,30.0485,12.6074,372.8,57.0,1493.085, NAN, NAN, NAN, NAN,,2024/04/15 18:39:48.857,2024-04-15 18:39:48.857000+00:00
2024/04/15, 18:40:48.857,35.954,-75.124, 0.66,207.74,351.74,0.13,16.2,16.2,1011.5,1011.6,0.0,0.0,85.09,78.49,352,347,8.7,8.4,91.6,91.6,8.7,8.4,199.3,194.3,1013.6,1013.7,856.3,354.41,2214.31,30.0485,12.5984,373.2,56.9,1493.054, NAN, NAN, NAN, NAN,,2024/04/15 18:40:48.857,2024-04-15 18:40:48.857000+00:00
2024/04/15, 18:41:48.857,35.954,-75.124, 0.73,208.0,219.44,0.23,16.2,16.2,1011.8,1011.5,0.0,0.0,85.09,78.49,353,346,8.5,8.7,91.9,91.9,8.4,8.6,200.6,193.5,1013.9,1013.6,859.27,354.1,2214.07,30.0507,12.5811,371.2,56.8,1492.998, NAN, NAN, NAN, NAN,,2024/04/15 18:41:48.857,2024-04-15 18:41:48.857000+00:00
2024/04/15, 18:42:48.857,35.954,-75.125, 0.65,207.53,199.05,0.35,16.2,16.2,1011.8,1011.5,0.0,0.0,85.09,78.49,353,347,8.8,8.8,91.6,91.9,8.6,8.6,200.8,194.6,1013.9,1013.6,859.58,354.68,2213.5,30.0525,12.5717,370.0,56.6,1492.968, NAN, NAN, NAN, NAN,,2024/04/15 18:42:48.857,2024-04-15 18:42:48.857000+00:00
2024/04/15, 18:43:48.857,35.954,-75.125, 0.66,206.81,225.58,0.39,16.3,16.2,1011.5,1011.7,0.0,0.0,85.09,78.49,355,349,8.9,9.0,91.9,92.0,8.7,8.8,201.5,195.4,1013.6,1013.8,862.08,354.74,2211.42,30.0521,12.5626,366.0,56.9,1492.936, NAN, NAN, NAN, NAN,,2024/04/15 18:43:48.857,2024-04-15 18:43:48.857000+00:00
2024/04/15, 18:44:48.857,35.954,-75.125, 0.65,208.21,112.93,0.17,16.3,16.3,1011.5,1011.6,0.0,0.0,85.09,78.49,355,349,8.8,8.7,92.0,92.2,8.7,8.6,203.4,197.4,1013.6,1013.7,860.79,354.84,2210.74,30.0525,12.5604,365.4,56.7,1492.929, NAN, NAN, NAN, NAN,,2024/04/15 18:44:48.857,2024-04-15 18:44:48.857000+00:00
2024/04/15, 18:45:48.857,35.954,-75.125, 0.66,207.51,102.36,0.12,16.3,16.3,1011.5,1011.5,0.0,0.0,85.09,78.49,356,350,9.0,8.7,91.6,92.0,8.9,8.6,203.6,197.6,1013.6,1013.6,861.58,355.2,2209.55,30.0524,12.5583,365.7,56.5,1492.922, NAN, NAN, NAN, NAN,,2024/04/15 18:45:48.857,2024-04-15 18:45:48.857000+00:00
2024/04/15, 18:46:48.857,35.954,-75.125, 0.52,207.51,79.32,0.15,16.3,16.3,1011.7,1011.5,0.0,0.0,85.09,78.49,356,350,9.3,9.2,91.9,91.9,9.2,9.1,203.7,197.6,1013.8,1013.6,861.35,355.12,2209.73,30.0552,12.5522,366.0,56.7,1492.904, NAN, NAN, NAN, NAN,,2024/04/15 18:46:48.857,2024-04-15 18:46:48.857000+00:00
2024/04/15, 18:47:48.857,35.954,-75.125, 0.62,207.65,242.75,0.26,16.4,16.4,1011.6,1011.5,0.0,0.0,85.09,78.49,356,350,9.1,9.2,91.8,92.0,9.0,9.1,203.2,197.1,1013.7,1013.6,860.88,354.92,2208.59,30.0546,12.5516,364.4,56.8,1492.901, NAN, NAN, NAN, NAN,,2024/04/15 18:47:48.857,2024-04-15 18:47:48.857000+00:00
2024/04/15, 18:48:48.857,35.954,-75.125, 0.62,206.94,108.16,0.34,16.4,16.4,1011.5,1011.5,0.0,0.0,85.09,78.49,357,351,8.8,8.8,91.7,91.9,8.7,8.7,205.0,199.0,1013.6,1013.6,861.34,354.86,2207.94,30.0553,12.5511,366.7,56.8,1492.901, NAN, NAN, NAN, NAN,,2024/04/15 18:48:48.857,2024-04-15 18:48:48.857000+00:00
2024/04/15, 18:49:48.857,35.954,-75.125, 0.62,206.85,52.88,0.22,16.4,16.4,1011.8,1011.4,0.0,0.0,85.09,78.49,356,350,9.2,8.8,91.2,91.3,9.1,8.7,203.0,197.0,1013.9,1013.5,860.36,354.85,2207.41,30.055,12.5483,365.1,56.6,1492.891, NAN, NAN, NAN, NAN,,2024/04/15 18:49:48.857,2024-04-15 18:49:48.857000+00:00
2024/04/15, 18:50:48.857,35.954,-75.125, 0.60,207.31,322.2,0.25,16.4,16.4,1011.6,1011.5,0.0,0.0,85.09,78.49,355,350,8.7,8.5,91.3,91.4,8.7,8.5,201.5,196.4,1013.7,1013.6,861.69,354.25,2207.3,30.0558,12.5518,364.4,56.6,1492.904, NAN, NAN, NAN, NAN,,2024/04/15 18:50:48.857,2024-04-15 18:50:48.857000+00:00
2024/04/15, 18:51:48.857,35.954,-75.125, 0.67,206.51,246.57,0.2,16.4,16.4,1011.6,1011.5,0.0,0.0,85.09,78.49,358,352,8.9,8.7,91.1,91.1,8.8,8.6,204.2,198.1,1013.7,1013.6,860.26,354.72,2205.39,30.0573,12.5515,365.7,56.6,1492.904, NAN, NAN, NAN, NAN,,2024/04/15 18:51:48.857,2024-04-15 18:51:48.857000+00:00
2024/04/15, 18:52:48.857,35.954,-75.125, 0.62,207.42,246.9,0.18,16.4,16.4,1011.8,1011.5,0.0,0.0,85.09,78.49,356,351,8.5,8.7,91.0,91.2,8.4,8.7,202.9,197.9,1013.9,1013.6,860.9,354.77,2205.7,30.0591,12.5754,365.4,56.5,1492.988, NAN, NAN, NAN, NAN,,2024/04/15 18:52:48.857,2024-04-15 18:52:48.857000+00:00
2024/04/15, 18:53:48.857,35.954,-75.125, 0.50,206.37,159.94,0.27,16.4,16.4,1011.8,1011.6,0.0,0.0,85.09,78.49,356,351,9.1,8.9,91.2,91.2,9.0,8.8,202.7,197.7,1013.9,1013.7,859.17,354.4,2205.25,30.0609,12.6208,364.8,56.7,1493.145, NAN, NAN, NAN, NAN,,2024/04/15 18:53:48.857,2024-04-15 18:53:48.857000+00:00
2024/04/15, 18:54:48.857,35.954,-75.125, 0.53,208.07,192.32,0.26,16.4,16.4,1011.5,1011.5,0.0,0.0,85.09,78.49,354,348,9.0,8.6,91.1,91.2,8.9,8.5,202.4,196.3,1013.6,1013.6,857.92,354.72,2204.82,30.0667,12.6645,365.7,56.6,1493.301, NAN, NAN, NAN, NAN,,2024/04/15 18:54:48.857,2024-04-15 18:54:48.857000+00:00
2024/04/15, 18:55:48.857,35.954,-75.125, 0.86,206.32,94.27,0.23,16.4,16.4,1011.6,1011.6,0.0,0.0,85.09,78.49,357,351,8.9,8.8,91.0,91.1,8.8,8.7,204.0,198.0,1013.7,1013.7,858.61,354.79,2202.55,30.0712,12.6921,365.7,56.7,1493.4, NAN, NAN, NAN, NAN,,2024/04/15 18:55:48.857,2024-04-15 18:55:48.857000+00:00
2024/04/15, 18:56:48.858,35.954,-75.125, 0.65,208.0,215.72,0.27,16.5,16.4,1011.6,1011.5,0.0,0.0,85.09,78.49,355,351,8.8,8.8,91.0,91.2,8.7,8.7,202.7,198.7,1013.7,1013.6,856.41,354.73,2201.38,30.0818,12.7035,365.7,56.5,1493.451, NAN, NAN, NAN, NAN,,2024/04/15 18:56:48.858,2024-04-15 18:56:48.858000+00:00
2024/04/15, 18:57:48.858,35.954,-75.125, 0.67,206.69,104.27,0.21,16.4,16.4,1011.5,1011.5,0.0,0.0,85.09,78.49,358,352,8.5,8.6,90.8,91.2,8.4,8.5,205.3,199.2,1013.6,1013.6,855.8,354.36,2201.3,30.091,12.6877,368.1,56.6,1493.409, NAN, NAN, NAN, NAN,,2024/04/15 18:57:48.858,2024-04-15 18:57:48.858000+00:00
2024/04/15, 18:58:48.858,35.953,-75.125, 0.66,206.76,163.31,0.31,16.4,16.4,1011.7,1011.5,0.0,0.0,85.09,78.49,357,351,8.7,8.6,90.9,91.0,8.6,8.4,204.1,198.0,1013.8,1013.6,852.59,354.08,2201.19,30.1026,12.6524,366.2,56.8,1493.302, NAN, NAN, NAN, NAN,,2024/04/15 18:58:48.858,2024-04-15 18:58:48.858000+00:00
2024/04/15, 18:59:48.858,35.953,-75.125, 0.70,207.13,258.83,0.27,16.4,16.4,1011.5,1011.5,0.0,0.0,85.09,78.49,357,351,8.6,8.4,90.9,91.0,8.5,8.3,203.3,197.3,1013.6,1013.6,857.72,353.94,2200.1,30.1081,12.6292,365.4,56.6,1493.23, NAN, NAN, NAN, NAN,,2024/04/15 18:59:48.858,2024-04-15 18:59:48.858000+00:00
2024/04/15, 19:00:48.858,35.953,-75.125, 0.62,208.08,52.35,0.07,16.4,16.4,1011.8,1011.6,0.0,0.0,85.09,78.49,356,351,8.5,8.6,90.6,90.8,8.5,8.6,204.3,199.3,1013.9,1013.7,852.3,353.52,2199.88,30.1109,12.6001,367.5,56.5,1493.134, NAN, NAN, NAN, NAN,,2024/04/15 19:00:48.858,2024-04-15 19:00:48.858000+00:00
2024/04/15, 19:01:48.858,35.953,-75.125, 0.65,206.45,254.97,0.58,16.4,16.4,1011.8,1011.5,0.0,0.0,85.09,78.49,356,352,8.7,8.6,90.7,90.8,8.5,8.4,201.1,197.0,1013.9,1013.6,851.69,353.89,2198.72,30.1117,12.5778,367.8,56.8,1493.059, NAN, NAN, NAN, NAN,,2024/04/15 19:01:48.858,2024-04-15 19:01:48.858000+00:00
2024/04/15, 19:02:48.858,35.953,-75.125, 0.62,206.92,210.24,0.3,16.4,16.4,1011.5,1011.5,0.0,0.0,85.09,78.49,357,351,8.8,8.7,91.1,91.2,8.6,8.5,203.9,197.8,1013.6,1013.6,850.42,354.18,2197.17,30.1119,12.5932,372.0,56.7,1493.111, NAN, NAN, NAN, NAN,,2024/04/15 19:02:48.858,2024-04-15 19:02:48.858000+00:00
2024/04/15, 19:03:48.858,35.953,-75.125, 0.61,206.89,284.89,0.62,16.4,16.4,1011.5,1011.5,0.0,0.0,85.09,78.49,355,351,8.5,8.5,91.1,91.3,8.4,8.5,199.8,195.7,1013.6,1013.6,848.47,353.74,2195.96,30.111,12.6616,368.9,56.8,1493.343, NAN, NAN, NAN, NAN,,2024/04/15 19:03:48.858,2024-04-15 19:03:48.858000+00:00
2024/04/15, 19:04:48.858,35.953,-75.125, 0.52,207.15,230.84,0.31,16.4,16.4,1011.6,1011.5,0.0,0.0,85.09,78.49,358,351,8.7,8.6,90.9,91.1,8.5,8.5,204.8,197.7,1013.7,1013.6,848.38,353.67,2195.17,30.1091,12.6886,372.8,56.6,1493.433, NAN, NAN, NAN, NAN,,2024/04/15 19:04:48.858,2024-04-15 19:04:48.858000+00:00
2024/04/15, 19:05:48.858,35.953,-75.125, 0.62,207.91,9.34,0.13,16.4,16.5,1011.5,1011.6,0.0,0.0,85.09,78.49,357,351,8.4,8.3,91.1,91.0,8.4,8.3,204.5,198.5,1013.6,1013.7,847.99,353.51,2194.72,30.1067,12.719,372.8,56.6,1493.534, NAN, NAN, NAN, NAN,,2024/04/15 19:05:48.858,2024-04-15 19:05:48.858000+00:00
2024/04/15, 19:06:48.858,35.953,-75.125, 0.60,207.7,230.85,0.27,16.4,16.4,1011.5,1011.5,0.0,0.0,85.09,78.49,357,351,8.3,8.3,90.6,90.8,8.2,8.2,204.3,198.2,1013.6,1013.6,841.7,353.23,2192.78,30.1077,12.7357,370.5,56.6,1493.592, NAN, NAN, NAN, NAN,,2024/04/15 19:06:48.858,2024-04-15 19:06:48.858000+00:00
2024/04/15, 19:07:48.858,35.953,-75.125, 0.64,208.29,224.26,0.28,16.5,16.4,1011.5,1011.7,0.0,0.0,85.09,78.49,359,350,8.6,8.4,90.6,90.7,8.5,8.3,207.0,197.8,1013.6,1013.8,840.53,353.64,2192.2,30.1174,12.7542,368.4,56.8,1493.666, NAN, NAN, NAN, NAN,,2024/04/15 19:07:48.858,2024-04-15 19:07:48.858000+00:00
2024/04/15, 19:08:48.858,35.953,-75.125, 0.67,207.22,153.27,0.59,16.4,16.4,1011.5,1011.5,0.0,0.0,85.09,78.49,359,353,9.0,9.2,90.9,91.0,8.8,9.0,207.7,201.6,1013.6,1013.6,842.76,354.29,2189.57,30.1204,12.7572,366.0,56.6,1493.68, NAN, NAN, NAN, NAN,,2024/04/15 19:08:48.858,2024-04-15 19:08:48.858000+00:00
2024/04/15, 19:09:48.858,35.953,-75.125, 0.74,206.85,217.06,0.19,16.5,16.4,1011.3,1011.5,0.0,0.0,85.09,78.49,356,350,8.8,8.8,91.0,91.2,8.7,8.7,202.9,196.8,1013.4,1013.6,837.6,353.91,2189.87,30.1218,12.7528,363.6,56.6,1493.666, NAN, NAN, NAN, NAN,,2024/04/15 19:09:48.858,2024-04-15 19:09:48.858000+00:00
2024/04/15, 19:10:48.858,35.953,-75.125, 0.94,198.23,192.07,1.46,16.5,16.5,1011.3,1011.5,0.0,0.0,85.09,78.49,3,359,9.7,9.8,90.8,90.8,9.0,9.1,202.2,197.9,1013.4,1013.6,828.38,353.8,2185.1,30.1216,12.7404,363.3,56.6,1493.624, NAN, NAN, NAN, NAN,,2024/04/15 19:10:48.858,2024-04-15 19:10:48.858000+00:00
2024/04/15, 19:11:48.858,35.952,-75.125, 3.57,185.39,176.06,2.61,16.5,16.5,1011.5,1011.5,0.0,0.0,85.09,78.49,16,12,11.1,10.6,90.6,90.8,9.9,9.4,204.6,200.3,1013.6,1013.6,805.73,354.57,2173.38,30.1223,12.7194,363.3,56.7,1493.553, NAN, NAN, NAN, NAN,,2024/04/15 19:11:48.858,2024-04-15 19:11:48.858000+00:00
2024/04/15, 19:12:48.859,35.951,-75.125, 3.46,165.26,150.77,2.93,16.5,16.5,1011.4,1011.4,0.0,0.0,85.09,78.49,37,34,11.3,10.9,90.7,90.9,10.4,9.9,208.7,205.6,1013.5,1013.5,749.33,354.93,2157.05,30.1222,12.7161,365.1,56.8,1493.542, NAN, NAN, NAN, NAN,,2024/04/15 19:12:48.859,2024-04-15 19:12:48.859000+00:00
2024/04/15, 19:13:48.859,35.951,-75.125, 2.09,162.84,115.2,1.22,16.6,16.5,1011.3,1011.5,0.0,0.0,85.09,78.49,42,39,10.5,10.1,90.5,90.7,10.6,10.2,208.2,205.4,1013.4,1013.6,741.53,355.73,2153.8,30.122,12.752,364.8,56.9,1493.664, NAN, NAN, NAN, NAN,,2024/04/15 19:13:48.859,2024-04-15 19:13:48.859000+00:00
2024/04/15, 19:14:48.859,35.951,-75.124, 0.32,182.79,71.38,0.83,16.6,16.6,1011.4,1011.5,0.0,0.0,85.09,78.49,32,24,9.8,9.7,90.5,90.7,10.1,10.0,216.4,208.7,1013.5,1013.6,767.98,355.63,2162.74,30.1218,12.783,360.8,57.0,1493.769, NAN, NAN, NAN, NAN,,2024/04/15 19:14:48.859,2024-04-15 19:14:48.859000+00:00
2024/04/15, 19:15:48.859,35.951,-75.124, 0.30,200.51,61.31,0.3,16.6,16.6,1011.4,1011.6,0.0,0.0,85.09,78.49,6,359,9.7,9.5,90.4,90.7,9.7,9.5,207.4,200.4,1013.5,1013.7,804.85,354.41,2176.57,30.1194,12.8029,358.0,56.7,1493.834, NAN, NAN, NAN, NAN,,2024/04/15 19:15:48.859,2024-04-15 19:15:48.859000+00:00
2024/04/15, 19:16:48.859,35.951,-75.124, 0.48,203.01,286.01,0.68,16.6,16.6,1011.4,1011.4,0.0,0.0,85.09,78.49,2,357,9.6,9.5,90.1,90.4,9.6,9.5,202.9,197.9,1013.5,1013.5,817.33,354.52,2176.58,30.1197,12.8127,360.0,56.8,1493.867, NAN, NAN, NAN, NAN,,2024/04/15 19:16:48.859,2024-04-15 19:16:48.859000+00:00
2024/04/15, 19:17:48.859,35.951,-75.124, 0.33,201.05,283.55,0.67,16.7,16.7,1011.5,1011.3,0.0,0.0,85.09,78.49,4,359,9.8,9.5,90.1,90.3,9.8,9.6,203.0,198.0,1013.6,1013.4,810.41,354.91,2174.72,30.1277,12.8265,362.7,56.8,1493.923, NAN, NAN, NAN, NAN,,2024/04/15 19:17:48.859,2024-04-15 19:17:48.859000+00:00
2024/04/15, 19:18:48.859,35.951,-75.124, 0.52,199.63,293.77,0.45,16.7,16.7,1011.4,1011.5,0.0,0.0,85.09,78.49,7,1,10.0,9.7,90.1,90.3,9.9,9.6,205.4,199.3,1013.5,1013.6,799.66,354.75,2172.77,30.1311,12.8387,367.5,56.9,1493.969, NAN, NAN, NAN, NAN,,2024/04/15 19:18:48.859,2024-04-15 19:18:48.859000+00:00
2024/04/15, 19:19:48.859,35.951,-75.125, 0.40,200.14,312.52,0.43,16.7,16.7,1011.4,1011.3,0.0,0.0,85.09,78.49,7,0,9.9,9.8,89.9,90.1,9.9,9.8,205.9,198.9,1013.5,1013.4,793.93,354.66,2171.18,30.1361,12.8394,368.4,56.9,1493.977, NAN, NAN, NAN, NAN,,2024/04/15 19:19:48.859,2024-04-15 19:19:48.859000+00:00
2024/04/15, 19:20:48.859,35.951,-75.125, 0.40,201.12,330.48,0.41,16.8,16.8,1011.5,1011.2,0.0,0.0,85.09,78.49,4,358,9.6,9.4,89.9,90.1,9.6,9.4,203.9,197.8,1013.6,1013.3,794.01,354.42,2170.91,30.1352,12.8281,363.3,56.9,1493.938, NAN, NAN, NAN, NAN,,2024/04/15 19:20:48.859,2024-04-15 19:20:48.859000+00:00
2024/04/15, 19:21:48.859,35.951,-75.125, 0.35,201.22,260.73,0.6,16.7,16.8,1011.3,1011.3,0.0,0.0,85.09,78.49,3,357,9.9,9.6,89.4,89.6,9.8,9.5,202.5,196.4,1013.4,1013.4,795.23,354.67,2169.26,30.1359,12.8177,357.2,56.9,1493.903, NAN, NAN, NAN, NAN,,2024/04/15 19:21:48.859,2024-04-15 19:21:48.859000+00:00
2024/04/15, 19:22:48.859,35.951,-75.125, 0.46,199.58,55.74,0.17,16.7,16.7,1011.4,1011.4,0.0,0.0,85.09,78.49,3,356,9.6,9.2,89.8,89.9,9.7,9.3,202.9,195.9,1013.5,1013.5,784.27,354.3,2168.2,30.1319,12.8194,353.6,57.0,1493.904, NAN, NAN, NAN, NAN,,2024/04/15 19:22:48.859,2024-04-15 19:22:48.859000+00:00
2024/04/15, 19:23:48.859,35.951,-75.125, 0.33,200.53,271.99,0.24,16.7,16.7,1011.5,1011.3,0.0,0.0,85.09,78.49,1,356,9.3,8.8,89.6,89.8,9.3,8.8,200.8,195.7,1013.6,1013.4,781.79,353.81,2167.26,30.1261,12.8262,351.6,57.0,1493.921, NAN, NAN, NAN, NAN,,2024/04/15 19:23:48.859,2024-04-15 19:23:48.859000+00:00
2024/04/15, 19:24:48.859,35.951,-75.125, 0.45,200.32,105.11,0.17,16.6,16.7,1011.4,1011.3,0.0,0.0,85.09,78.49,0,355,8.7,8.7,89.5,89.7,8.7,8.7,200.8,195.8,1013.5,1013.4,783.13,353.02,2166.56,30.1202,12.839,349.9,56.9,1493.957, NAN, NAN, NAN, NAN,,2024/04/15 19:24:48.859,2024-04-15 19:24:48.859000+00:00
2024/04/15, 19:25:48.859,35.951,-75.125, 0.48,199.73,259.63,0.26,16.6,16.6,1011.3,1011.5,0.0,0.0,85.09,78.49,1,355,9.0,8.8,89.7,89.7,8.9,8.7,200.1,194.0,1013.4,1013.6,775.94,353.1,2165.06,30.1151,12.8289,351.3,56.9,1493.917, NAN, NAN, NAN, NAN,,2024/04/15 19:25:48.859,2024-04-15 19:25:48.859000+00:00
2024/04/15, 19:26:48.859,35.951,-75.125, 0.36,200.13,33.54,0.19,16.5,16.6,1011.4,1011.3,0.0,0.0,85.09,78.49,1,355,9.0,8.9,90.1,90.1,9.1,9.0,201.2,195.2,1013.5,1013.4,774.39,352.88,2164.6,30.1106,12.81,352.6,57.0,1493.847, NAN, NAN, NAN, NAN,,2024/04/15 19:26:48.859,2024-04-15 19:26:48.859000+00:00
2024/04/15, 19:27:48.859,35.951,-75.125, 0.36,204.91,334.06,0.1,16.5,16.5,1011.5,1011.3,0.0,0.0,85.09,78.49,358,351,9.1,8.8,90.2,90.3,9.1,8.8,202.6,195.6,1013.6,1013.4,780.31,353.57,2164.68,30.1081,12.7906,352.3,57.0,1493.778, NAN, NAN, NAN, NAN,,2024/04/15 19:27:48.859,2024-04-15 19:27:48.859000+00:00
2024/04/15, 19:28:48.860,35.951,-75.125, 1.13,231.14,163.68,0.9,16.5,16.5,1011.3,1011.3,0.0,0.0,85.09,78.49,338,330,9.2,10.0,90.7,90.7,8.8,9.6,208.0,199.7,1013.4,1013.4,754.07,353.18,2175.67,30.1049,12.7774,352.9,56.9,1493.73, NAN, NAN, NAN, NAN,,2024/04/15 19:28:48.860,2024-04-15 19:28:48.860000+00:00
2024/04/15, 19:29:48.860,35.951,-75.125, 1.97,273.81,298.47,2.11,16.5,16.5,1011.4,1011.2,0.0,0.0,85.09,78.49,297,294,9.6,10.7,90.6,90.9,9.4,10.6,204.4,202.0,1013.5,1013.3,694.02,353.24,2183.17,30.1014,12.7538,353.9,56.6,1493.646, NAN, NAN, NAN, NAN,,2024/04/15 19:29:48.860,2024-04-15 19:29:48.860000+00:00
2024/04/15, 19:30:48.860,35.952,-75.126, 2.62,323.28,331.52,3.01,16.5,16.5,1011.6,1011.3,0.0,0.0,85.09,78.49,245,239,8.6,9.0,91.0,91.1,9.5,10.1,200.5,195.5,1013.7,1013.4,819.78,352.1,2153.06,30.1023,12.7199,355.0,56.6,1493.531, NAN, NAN, NAN, NAN,,2024/04/15 19:30:48.860,2024-04-15 19:30:48.860000+00:00
2024/04/15, 19:31:48.860,35.952,-75.127, 3.41,338.03,346.34,3.56,16.5,16.5,1011.4,1011.6,0.0,0.0,85.09,78.49,228,225,8.1,8.4,90.6,90.6,9.6,9.9,199.1,196.8,1013.5,1013.7,758.33,353.11,2146.6,30.1014,12.6932,374.0,56.5,1493.44, NAN, NAN, NAN, NAN,,2024/04/15 19:31:48.860,2024-04-15 19:31:48.860000+00:00
2024/04/15, 19:32:48.860,35.953,-75.127, 2.90,328.94,347.34,3.08,16.5,16.5,1011.6,1011.4,0.0,0.0,85.09,78.49,236,234,8.6,8.9,91.0,91.0,9.9,10.2,199.2,197.6,1013.7,1013.5,776.94,353.05,2150.25,30.0995,12.6712,355.3,56.8,1493.362, NAN, NAN, NAN, NAN,,2024/04/15 19:32:48.860,2024-04-15 19:32:48.860000+00:00
2024/04/15, 19:33:48.860,35.954,-75.127, 2.32,324.73,341.49,2.39,16.5,16.5,1011.4,1011.5,0.0,0.0,85.09,78.49,237,233,8.8,9.5,91.0,91.3,9.8,10.5,197.3,194.0,1013.5,1013.6,798.94,352.64,2151.3,30.0964,12.6539,355.3,56.6,1493.3, NAN, NAN, NAN, NAN,,2024/04/15 19:33:48.860,2024-04-15 19:33:48.860000+00:00
2024/04/15, 19:34:48.860,35.955,-75.127, 0.90,300.56,18.64,1.39,16.5,16.5,1011.4,1011.5,0.0,0.0,85.09,78.49,252,252,9.5,9.6,90.9,91.1,10.2,10.3,193.3,193.3,1013.5,1013.6,794.06,353.31,2161.24,30.0913,12.642,353.2,56.5,1493.253, NAN, NAN, NAN, NAN,,2024/04/15 19:34:48.860,2024-04-15 19:34:48.860000+00:00
2024/04/15, 19:35:48.860,35.955,-75.127, 0.83,278.65,29.59,0.92,16.5,16.5,1011.5,1011.3,0.0,0.0,85.09,78.49,272,275,9.3,9.5,90.9,91.2,9.7,10.0,191.7,194.5,1013.6,1013.4,678.79,353.55,2171.76,30.0846,12.6342,351.6,56.6,1493.219, NAN, NAN, NAN, NAN,,2024/04/15 19:35:48.860,2024-04-15 19:35:48.860000+00:00
2024/04/15, 19:36:48.860,35.955,-75.127, 0.45,261.69,0.08,0.96,16.5,16.5,1011.5,1011.3,0.0,0.0,85.09,78.49,287,292,9.3,10.2,91.0,91.2,9.8,10.7,188.4,193.2,1013.6,1013.4,670.07,354.45,2174.18,30.0792,12.6303,352.6,56.7,1493.199, NAN, NAN, NAN, NAN,,2024/04/15 19:36:48.860,2024-04-15 19:36:48.860000+00:00
2024/04/15, 19:37:48.860,35.955,-75.127, 0.21,226.14,282.54,0.1,16.5,16.5,1011.4,1011.2,0.0,0.0,85.09,78.49,325,323,9.0,10.2,91.2,91.3,9.0,10.2,191.3,189.3,1013.5,1013.3,716.24,354.56,2164.36,30.0753,12.627,352.3,56.5,1493.183, NAN, NAN, NAN, NAN,,2024/04/15 19:37:48.860,2024-04-15 19:37:48.860000+00:00
2024/04/15, 19:38:48.860,35.955,-75.127, 0.51,212.26,216.9,0.04,16.6,16.6,1011.2,1011.3,0.0,0.0,85.09,78.49,346,342,8.8,9.1,91.3,91.5,8.8,9.1,198.4,194.3,1013.3,1013.4,723.65,355.02,2152.05,30.0723,12.6437,351.0,56.7,1493.237, NAN, NAN, NAN, NAN,,2024/04/15 19:38:48.860,2024-04-15 19:38:48.860000+00:00
2024/04/15, 19:39:48.860,35.955,-75.127, 0.46,212.99,162.7,0.33,16.7,16.7,1011.3,1011.3,0.0,0.0,85.09,78.49,348,342,9.0,9.3,91.1,91.4,8.9,9.2,200.5,194.4,1013.4,1013.4,724.69,354.55,2152.09,30.0697,12.6578,357.4,56.1,1493.282, NAN, NAN, NAN, NAN,,2024/04/15 19:39:48.860,2024-04-15 19:39:48.860000+00:00
2024/04/15, 19:40:48.860,35.955,-75.127, 0.46,210.7,202.0,0.53,16.8,16.8,1011.2,1011.1,0.0,0.0,85.09,78.49,349,343,9.2,9.2,91.0,91.2,8.9,8.9,199.3,193.1,1013.3,1013.2,720.4,354.29,2146.25,30.0681,12.6678,356.6,56.3,1493.314, NAN, NAN, NAN, NAN,,2024/04/15 19:40:48.860,2024-04-15 19:40:48.860000+00:00
2024/04/15, 19:41:48.860,35.955,-75.127, 0.47,212.43,222.74,0.43,16.8,16.8,1011.3,1011.1,0.0,0.0,85.09,78.49,347,342,9.6,9.7,90.7,90.7,9.4,9.5,199.1,194.0,1013.4,1013.2,728.71,354.74,2149.27,30.0663,12.672,356.6,56.1,1493.326, NAN, NAN, NAN, NAN,,2024/04/15 19:41:48.860,2024-04-15 19:41:48.860000+00:00
2024/04/15, 19:42:48.860,35.955,-75.127, 0.72,214.67,46.3,0.26,16.8,16.8,1011.2,1011.2,0.0,0.0,85.09,78.49,346,340,9.2,9.3,90.6,90.7,9.3,9.4,200.8,194.8,1013.3,1013.3,712.32,354.75,2146.64,30.076,12.6763,363.3,56.3,1493.352, NAN, NAN, NAN, NAN,,2024/04/15 19:42:48.860,2024-04-15 19:42:48.860000+00:00
2024/04/15, 19:43:48.860,35.955,-75.127, 0.40,212.61,127.95,0.47,16.9,16.8,1011.2,1011.1,0.0,0.0,85.09,78.49,344,338,9.5,9.5,90.5,90.7,9.4,9.4,198.0,192.0,1013.3,1013.2,708.34,354.66,2143.61,30.0777,12.6755,365.1,56.0,1493.351, NAN, NAN, NAN, NAN,,2024/04/15 19:43:48.860,2024-04-15 19:43:48.860000+00:00
2024/04/15, 19:44:48.860,35.955,-75.127, 0.32,212.28,285.29,0.44,16.9,16.9,1011.2,1011.2,0.0,0.0,85.09,78.49,344,340,9.2,9.5,90.4,90.5,9.2,9.5,194.9,190.9,1013.3,1013.3,706.7,354.36,2141.87,30.074,12.672,366.2,55.7,1493.335, NAN, NAN, NAN, NAN,,2024/04/15 19:44:48.860,2024-04-15 19:44:48.860000+00:00
2024/04/15, 19:45:48.861,35.955,-75.127, 0.41,211.92,174.25,0.36,16.9,16.9,1011.2,1011.2,0.0,0.0,85.09,78.49,343,338,8.8,9.5,90.2,90.3,8.7,9.3,195.7,190.5,1013.3,1013.3,699.14,353.89,2140.5,30.0719,12.6713,359.6,55.7,1493.33, NAN, NAN, NAN, NAN,,2024/04/15 19:45:48.861,2024-04-15 19:45:48.861000+00:00
2024/04/15, 19:46:48.861,35.955,-75.127, 0.42,213.71,264.76,0.47,16.9,16.9,1011.2,1011.3,0.0,0.0,85.09,78.49,342,338,9.6,9.8,89.6,89.8,9.5,9.7,194.3,190.3,1013.3,1013.4,701.16,354.33,2138.84,30.0696,12.6715,361.4,56.0,1493.328, NAN, NAN, NAN, NAN,,2024/04/15 19:46:48.861,2024-04-15 19:46:48.861000+00:00
2024/04/15, 19:47:48.861,35.955,-75.127, 0.54,201.47,246.35,0.21,16.9,16.9,1011.2,1011.2,0.0,0.0,85.09,78.49,350,346,9.3,9.0,90.1,90.3,9.4,9.1,191.1,187.1,1013.3,1013.3,692.36,354.04,2131.96,30.0679,12.6712,359.0,55.9,1493.325, NAN, NAN, NAN, NAN,,2024/04/15 19:47:48.861,2024-04-15 19:47:48.861000+00:00
2024/04/15, 19:48:48.861,35.955,-75.127, -0.17,160.27,15.92,0.77,16.9,16.9,1011.2,1011.2,0.0,0.0,85.09,78.49,26,26,9.4,8.9,89.7,89.9,9.8,9.3,186.9,186.9,1013.3,1013.3,683.82,354.19,2104.88,30.0691,12.6717,358.0,56.0,1493.328, NAN, NAN, NAN, NAN,,2024/04/15 19:48:48.861,2024-04-15 19:48:48.861000+00:00
2024/04/15, 19:49:48.861,35.955,-75.127, 0.03,111.15,67.7,1.12,16.9,16.9,1011.2,1011.1,0.0,0.0,85.09,78.49,78,81,9.2,8.7,89.3,89.7,9.7,9.2,191.3,194.2,1013.3,1013.2,708.87,353.22,2072.33,30.0697,12.6517,357.7,55.9,1493.261, NAN, NAN, NAN, NAN,,2024/04/15 19:49:48.861,2024-04-15 19:49:48.861000+00:00
2024/04/15, 19:50:48.861,35.955,-75.127, 1.08,91.32,69.28,1.99,16.8,16.8,1011.2,1011.0,0.0,0.0,85.09,78.49,106,103,8.6,8.6,88.5,88.7,9.4,9.4,201.4,198.7,1013.3,1013.1,710.8,352.03,2067.18,30.0695,12.5695,357.2,56.0,1492.98, NAN, NAN, NAN, NAN,,2024/04/15 19:50:48.861,2024-04-15 19:50:48.861000+00:00
2024/04/15, 19:51:48.861,35.956,-75.126, 1.39,99.03,77.29,2.04,16.7,16.7,1011.1,1011.2,0.0,0.0,85.09,78.49,96,95,8.9,8.9,88.9,89.0,9.5,9.5,200.3,199.4,1013.2,1013.3,704.71,352.94,2064.45,30.0699,12.5128,356.9,55.9,1492.787, NAN, NAN, NAN, NAN,,2024/04/15 19:51:48.861,2024-04-15 19:51:48.861000+00:00
2024/04/15, 19:52:48.861,35.956,-75.125, 1.52,108.79,84.98,1.9,16.7,16.7,1011.1,1011.2,0.0,0.0,85.09,78.49,86,85,8.9,8.8,89.0,89.7,9.4,9.3,200.1,199.2,1013.2,1013.3,687.06,353.37,2063.79,30.0702,12.4956,358.4,56.0,1492.729, NAN, NAN, NAN, NAN,,2024/04/15 19:52:48.861,2024-04-15 19:52:48.861000+00:00
2024/04/15, 19:53:48.861,35.956,-75.125, 1.46,122.8,73.6,2.2,16.6,16.6,1011.2,1011.1,0.0,0.0,85.09,78.49,74,74,9.8,9.3,89.5,89.6,10.4,9.9,202.3,202.5,1013.3,1013.2,696.44,354.09,2065.97,30.071,12.5005,367.8,55.5,1492.746, NAN, NAN, NAN, NAN,,2024/04/15 19:53:48.861,2024-04-15 19:53:48.861000+00:00
2024/04/15, 19:54:48.861,35.956,-75.124, 1.42,134.42,80.31,2.13,16.6,16.6,1011.1,1011.2,0.0,0.0,85.09,78.49,64,61,10.2,10.1,90.0,89.6,10.7,10.5,203.9,201.1,1013.2,1013.3,680.92,353.93,2067.67,30.0707,12.5309,367.5,56.0,1492.85, NAN, NAN, NAN, NAN,,2024/04/15 19:54:48.861,2024-04-15 19:54:48.861000+00:00
2024/04/15, 19:55:48.861,35.956,-75.123, 1.25,147.04,98.12,1.98,16.6,16.6,1011.1,1011.2,0.0,0.0,85.09,78.49,52,49,10.1,9.9,90.2,90.4,10.3,10.0,204.7,201.9,1013.2,1013.3,662.44,353.57,2070.84,30.0716,12.5213,367.8,56.1,1492.818, NAN, NAN, NAN, NAN,,2024/04/15 19:55:48.861,2024-04-15 19:55:48.861000+00:00
2024/04/15, 19:56:48.861,35.956,-75.123, 1.18,166.56,116.01,1.62,16.6,16.6,1011.1,1011.1,0.0,0.0,85.09,78.49,37,32,10.3,10.0,89.9,90.0,10.2,9.9,208.2,203.3,1013.2,1013.2,629.13,353.3,2080.09,30.0769,12.5335,368.4,56.1,1492.866, NAN, NAN, NAN, NAN,,2024/04/15 19:56:48.861,2024-04-15 19:56:48.861000+00:00
2024/04/15, 19:57:48.861,35.956,-75.122, 1.49,181.45,143.65,1.7,16.6,16.6,1011.1,1011.2,0.0,0.0,85.09,78.49,17,11,10.3,9.8,90.0,90.1,9.8,9.2,202.4,196.3,1013.2,1013.3,691.19,352.58,2091.46,30.0888,12.589,370.5,56.0,1493.07, NAN, NAN, NAN, NAN,,2024/04/15 19:57:48.861,2024-04-15 19:57:48.861000+00:00
2024/04/15, 19:58:48.861,35.955,-75.122, 1.63,178.89,148.27,1.14,16.6,16.6,1011.1,1011.1,0.0,0.0,85.09,78.49,20,15,10.3,9.9,90.0,89.8,9.9,9.5,201.4,196.3,1013.2,1013.2,682.06,352.48,2089.82,30.0991,12.6556,371.6,56.0,1493.309, NAN, NAN, NAN, NAN,,2024/04/15 19:58:48.861,2024-04-15 19:58:48.861000+00:00
2024/04/15, 19:59:48.861,35.955,-75.122, 0.50,179.02,119.38,0.91,16.6,16.6,1011.2,1011.1,0.0,0.0,85.09,78.49,22,16,9.8,9.8,89.6,89.8,9.8,9.8,203.7,197.8,1013.3,1013.2,679.78,352.73,2087.75,30.0911,12.6962,368.8,55.8,1493.438, NAN, NAN, NAN, NAN,,2024/04/15 19:59:48.861,2024-04-15 19:59:48.861000+00:00
2024/04/15, 20:00:48.861,35.955,-75.122, 0.17,195.21,63.02,0.29,16.6,16.6,1011.1,1011.2,0.0,0.0,85.09,78.49,9,2,9.7,9.4,89.6,89.7,9.7,9.4,205.1,198.1,1013.2,1013.3,678.77,352.37,2096.42,30.0901,12.7213,368.1,55.9,1493.522, NAN, NAN, NAN, NAN,,2024/04/15 20:00:48.861,2024-04-15 20:00:48.861000+00:00
2024/04/15, 20:01:48.862,35.955,-75.122, 0.47,199.9,185.43,0.2,16.6,16.6,1011.1,1011.1,0.0,0.0,85.09,78.49,2,356,9.8,9.3,89.6,89.8,9.7,9.2,202.4,196.4,1013.2,1013.2,653.84,353.18,2099.93,30.0868,12.7207,364.4,55.8,1493.516, NAN, NAN, NAN, NAN,,2024/04/15 20:01:48.862,2024-04-15 20:01:48.862000+00:00
2024/04/15, 20:02:48.862,35.955,-75.122, 0.36,202.53,276.63,0.43,16.6,16.6,1011.3,1011.2,0.0,0.0,85.09,78.49,0,355,10.0,9.6,89.6,89.8,9.9,9.5,201.4,196.3,1013.4,1013.3,642.83,352.98,2098.45,30.0928,12.6899,375.6,55.5,1493.418, NAN, NAN, NAN, NAN,,2024/04/15 20:02:48.862,2024-04-15 20:02:48.862000+00:00
2024/04/15, 20:03:48.862,35.955,-75.122, 0.89,199.2,156.97,0.27,16.6,16.6,1011.1,1011.0,0.0,0.0,85.09,78.49,4,358,10.1,9.8,89.7,89.9,10.0,9.7,203.2,197.1,1013.2,1013.1,644.41,352.98,2094.09,30.0901,12.6975,376.9,55.7,1493.441, NAN, NAN, NAN, NAN,,2024/04/15 20:03:48.862,2024-04-15 20:03:48.862000+00:00
2024/04/15, 20:04:48.862,35.955,-75.122, 0.66,198.77,245.99,0.71,16.7,16.6,1011.1,1011.1,0.0,0.0,85.09,78.49,6,0,10.2,10.2,89.3,89.9,9.9,10.0,203.4,197.3,1013.2,1013.2,648.08,352.64,2092.18,30.0934,12.7275,387.0,55.7,1493.547, NAN, NAN, NAN, NAN,,2024/04/15 20:04:48.862,2024-04-15 20:04:48.862000+00:00
2024/04/15, 20:05:48.862,35.955,-75.122, 0.40,200.27,275.99,0.28,16.7,16.7,1011.0,1011.1,0.0,0.0,85.09,78.49,4,359,10.0,9.9,89.2,89.5,9.9,9.9,203.5,198.5,1013.1,1013.2,637.82,353.39,2090.79,30.1143,12.7406,383.6,55.7,1493.616, NAN, NAN, NAN, NAN,,2024/04/15 20:05:48.862,2024-04-15 20:05:48.862000+00:00
2024/04/15, 20:06:48.862,35.955,-75.122, 0.36,200.07,108.55,0.34,16.8,16.8,1011.1,1011.1,0.0,0.0,85.09,78.49,4,357,9.8,9.3,89.0,89.2,9.8,9.3,205.1,198.1,1013.2,1013.2,632.37,353.06,2086.96,30.1047,12.756,378.4,55.7,1493.657, NAN, NAN, NAN, NAN,,2024/04/15 20:06:48.862,2024-04-15 20:06:48.862000+00:00
2024/04/15, 20:07:48.862,35.955,-75.122, 0.27,199.96,78.58,0.41,16.8,16.8,1011.1,1011.0,0.0,0.0,85.09,78.49,2,357,9.5,9.4,88.6,88.7,9.6,9.5,203.1,198.2,1013.2,1013.1,633.94,352.96,2087.94,30.0985,12.7596,369.7,55.7,1493.662, NAN, NAN, NAN, NAN,,2024/04/15 20:07:48.862,2024-04-15 20:07:48.862000+00:00
2024/04/15, 20:08:48.862,35.955,-75.122, 0.50,198.67,7.18,0.08,16.9,16.9,1011.0,1011.1,0.0,0.0,85.09,78.49,5,358,10.0,9.7,88.2,88.5,10.0,9.7,203.5,196.6,1013.1,1013.2,629.49,353.16,2083.14,30.0928,12.7595,365.7,55.9,1493.655, NAN, NAN, NAN, NAN,,2024/04/15 20:08:48.862,2024-04-15 20:08:48.862000+00:00
2024/04/15, 20:09:48.862,35.955,-75.122, 0.33,199.04,190.78,0.07,16.9,16.9,1011.2,1011.1,0.0,0.0,85.09,78.49,5,359,9.8,9.9,88.1,88.3,9.8,9.9,204.0,198.0,1013.3,1013.2,627.05,353.06,2080.34,30.0892,12.7542,364.0,55.8,1493.632, NAN, NAN, NAN, NAN,,2024/04/15 20:09:48.862,2024-04-15 20:09:48.862000+00:00
2024/04/15, 20:10:48.862,35.955,-75.122, 0.49,199.75,295.99,0.39,16.9,16.9,1011.0,1011.1,0.0,0.0,85.09,78.49,6,0,9.5,9.5,88.1,88.2,9.5,9.5,204.6,198.5,1013.1,1013.2,625.57,352.36,2077.99,30.0826,12.7547,360.6,55.8,1493.626, NAN, NAN, NAN, NAN,,2024/04/15 20:10:48.862,2024-04-15 20:10:48.862000+00:00
2024/04/15, 20:11:48.862,35.955,-75.122, 1.27,199.14,192.46,1.49,17.0,16.9,1011.1,1011.1,0.0,0.0,85.09,78.49,5,359,10.8,10.3,87.6,87.6,10.0,9.5,204.9,198.5,1013.2,1013.2,620.57,352.65,2075.76,30.0803,12.757,359.6,55.9,1493.631, NAN, NAN, NAN, NAN,,2024/04/15 20:11:48.862,2024-04-15 20:11:48.862000+00:00
2024/04/15, 20:12:48.862,35.954,-75.122, 2.97,198.55,196.56,2.72,17.0,17.0,1011.0,1011.1,0.0,0.0,85.09,78.49,7,1,11.2,10.9,87.5,87.6,9.8,9.5,206.8,200.0,1013.1,1013.2,624.16,353.04,2074.77,30.0783,12.7338,358.4,55.9,1493.55, NAN, NAN, NAN, NAN,,2024/04/15 20:12:48.862,2024-04-15 20:12:48.862000+00:00
2024/04/15, 20:13:48.862,35.953,-75.123, 3.51,198.42,200.34,3.33,17.0,17.0,1011.0,1011.1,0.0,0.0,85.09,78.49,8,3,11.4,10.8,87.5,87.8,9.7,9.1,207.6,201.8,1013.1,1013.2,620.44,352.78,2069.0,30.0772,12.7062,358.7,55.8,1493.455, NAN, NAN, NAN, NAN,,2024/04/15 20:13:48.862,2024-04-15 20:13:48.862000+00:00
2024/04/15, 20:14:48.862,35.952,-75.123, 3.93,206.61,204.42,3.61,17.0,17.0,1011.1,1011.1,0.0,0.0,85.09,78.49,1,355,11.8,11.3,87.1,87.4,9.9,9.5,207.9,200.7,1013.2,1013.2,594.33,352.71,2075.2,30.0759,12.6784,358.7,55.9,1493.359, NAN, NAN, NAN, NAN,,2024/04/15 20:14:48.862,2024-04-15 20:14:48.862000+00:00
2024/04/15, 20:15:48.862,35.951,-75.124, 4.19,209.81,203.98,3.85,17.1,17.0,1011.2,1011.0,0.0,0.0,85.09,78.49,358,353,11.8,11.3,86.8,87.1,9.8,9.3,207.8,201.7,1013.3,1013.1,589.92,352.83,2075.9,30.0754,12.651,359.3,55.9,1493.265, NAN, NAN, NAN, NAN,,2024/04/15 20:15:48.862,2024-04-15 20:15:48.862000+00:00
2024/04/15, 20:16:48.862,35.951,-75.124, 3.45,209.72,210.32,2.6,17.1,17.1,1011.0,1011.1,0.0,0.0,85.09,78.49,358,352,11.6,11.0,86.5,86.8,10.3,9.7,207.5,200.7,1013.1,1013.2,589.16,352.64,2072.78,30.0756,12.6257,358.4,56.1,1493.179, NAN, NAN, NAN, NAN,,2024/04/15 20:16:48.862,2024-04-15 20:16:48.862000+00:00
2024/04/15, 20:17:48.862,35.95,-75.124, 0.70,211.93,192.52,0.84,17.1,17.1,1011.1,1011.1,0.0,0.0,85.09,78.49,356,348,10.3,10.0,86.2,86.4,9.9,9.6,208.0,199.6,1013.2,1013.2,579.07,352.54,2069.88,30.077,12.6864,357.4,56.2,1493.388, NAN, NAN, NAN, NAN,,2024/04/15 20:17:48.862,2024-04-15 20:17:48.862000+00:00
2024/04/15, 20:18:48.863,35.95,-75.125, 0.33,213.32,207.79,0.05,17.1,17.1,1011.1,1011.1,0.0,0.0,85.09,78.49,353,347,9.6,9.6,86.2,86.3,9.6,9.6,206.4,200.4,1013.2,1013.2,575.37,352.83,2068.51,30.0781,12.7249,357.2,56.1,1493.52, NAN, NAN, NAN, NAN,,2024/04/15 20:18:48.863,2024-04-15 20:18:48.863000+00:00
2024/04/15, 20:19:48.863,35.95,-75.125, 0.24,202.58,70.38,0.32,17.2,17.1,1011.2,1011.2,0.0,0.0,85.09,78.49,358,355,9.7,9.7,86.0,86.3,9.8,9.8,201.3,198.3,1013.3,1013.3,580.19,352.45,2058.52,30.0852,12.7608,357.2,56.0,1493.65, NAN, NAN, NAN, NAN,,2024/04/15 20:19:48.863,2024-04-15 20:19:48.863000+00:00
2024/04/15, 20:20:48.863,35.95,-75.125, 0.25,200.52,103.05,0.18,17.2,17.2,1011.2,1011.1,0.0,0.0,85.09,78.49,6,0,10.0,9.4,85.5,85.8,10.0,9.4,207.0,201.1,1013.3,1013.2,586.95,352.98,2052.65,30.0891,12.7841,358.0,56.0,1493.734, NAN, NAN, NAN, NAN,,2024/04/15 20:20:48.863,2024-04-15 20:20:48.863000+00:00
2024/04/15, 20:21:48.863,35.95,-75.125, 0.33,199.07,232.44,0.19,17.2,17.2,1011.1,1011.2,0.0,0.0,85.09,78.49,8,3,10.2,9.6,85.4,85.7,10.1,9.5,206.8,201.8,1013.2,1013.3,592.8,352.64,2049.63,30.0954,12.7921,360.3,56.0,1493.769, NAN, NAN, NAN, NAN,,2024/04/15 20:21:48.863,2024-04-15 20:21:48.863000+00:00
2024/04/15, 20:22:48.863,35.95,-75.125, 0.32,200.28,18.08,0.17,17.2,17.2,1011.1,1011.2,0.0,0.0,85.09,78.49,8,1,9.7,9.3,85.2,85.5,9.8,9.4,208.0,201.1,1013.2,1013.3,583.5,352.11,2048.13,30.099,12.796,360.3,56.0,1493.786, NAN, NAN, NAN, NAN,,2024/04/15 20:22:48.863,2024-04-15 20:22:48.863000+00:00
2024/04/15, 20:23:48.863,35.95,-75.125, 0.37,200.25,203.82,0.18,17.2,17.2,1011.2,1011.0,0.0,0.0,85.09,78.49,6,1,10.0,9.7,84.9,85.1,9.9,9.6,206.2,201.2,1013.3,1013.1,581.92,352.47,2043.45,30.1022,12.8007,357.7,56.0,1493.806, NAN, NAN, NAN, NAN,,2024/04/15 20:23:48.863,2024-04-15 20:23:48.863000+00:00
2024/04/15, 20:24:48.863,35.95,-75.125, 0.31,199.71,132.35,0.2,17.2,17.2,1011.0,1011.1,0.0,0.0,85.09,78.49,7,1,9.6,9.5,84.9,85.0,9.6,9.5,207.3,201.3,1013.1,1013.2,581.6,352.6,2041.39,30.1031,12.7919,357.7,56.0,1493.777, NAN, NAN, NAN, NAN,,2024/04/15 20:24:48.863,2024-04-15 20:24:48.863000+00:00
2024/04/15, 20:25:48.863,35.95,-75.125, 0.41,199.46,37.57,0.25,17.3,17.3,1011.1,1011.2,0.0,0.0,85.09,78.49,6,1,9.9,9.7,84.5,84.7,10.0,9.8,205.6,200.7,1013.2,1013.3,573.87,352.18,2040.21,30.1034,12.7922,356.6,56.1,1493.778, NAN, NAN, NAN, NAN,,2024/04/15 20:25:48.863,2024-04-15 20:25:48.863000+00:00
2024/04/15, 20:26:48.863,35.95,-75.125, 0.39,199.55,199.14,0.24,17.3,17.3,1011.2,1011.1,0.0,0.0,85.09,78.49,7,1,9.3,9.6,84.8,84.8,9.2,9.5,206.8,200.7,1013.3,1013.2,573.92,352.01,2038.23,30.103,12.798,358.0,55.6,1493.798, NAN, NAN, NAN, NAN,,2024/04/15 20:26:48.863,2024-04-15 20:26:48.863000+00:00
2024/04/15, 20:27:48.863,35.95,-75.125, 0.39,199.06,257.2,0.15,17.3,17.3,1011.0,1011.2,0.0,0.0,85.09,78.49,9,5,9.8,9.7,84.3,84.5,9.8,9.7,207.7,203.7,1013.1,1013.3,567.47,352.08,2032.72,30.1034,12.7979,358.0,55.7,1493.798, NAN, NAN, NAN, NAN,,2024/04/15 20:27:48.863,2024-04-15 20:27:48.863000+00:00
2024/04/15, 20:28:48.863,35.95,-75.125, 0.30,200.8,258.34,0.21,17.3,17.3,1011.1,1011.1,0.0,0.0,85.09,78.49,9,1,10.0,9.5,84.2,84.2,9.9,9.4,209.4,201.3,1013.2,1013.2,566.08,351.83,2029.58,30.1036,12.7982,358.4,55.9,1493.799, NAN, NAN, NAN, NAN,,2024/04/15 20:28:48.863,2024-04-15 20:28:48.863000+00:00
2024/04/15, 20:29:48.863,35.95,-75.125, 0.36,200.47,96.1,0.28,17.4,17.3,1011.1,1011.1,0.0,0.0,85.09,78.49,7,1,10.2,9.9,83.9,84.0,10.2,9.9,208.3,202.3,1013.2,1013.2,559.12,352.43,2025.9,30.1034,12.8004,359.6,55.9,1493.806, NAN, NAN, NAN, NAN,,2024/04/15 20:29:48.863,2024-04-15 20:29:48.863000+00:00
2024/04/15, 20:30:48.863,35.95,-75.125, 0.29,200.47,257.3,0.07,17.4,17.4,1011.1,1011.1,0.0,0.0,85.09,78.49,7,2,10.0,9.8,83.9,83.9,10.0,9.8,207.3,202.3,1013.2,1013.2,552.3,352.24,2023.48,30.1038,12.8002,358.7,55.9,1493.806, NAN, NAN, NAN, NAN,,2024/04/15 20:30:48.863,2024-04-15 20:30:48.863000+00:00
2024/04/15, 20:31:48.863,35.95,-75.125, 0.35,199.94,75.95,0.5,17.5,17.4,1011.1,1011.2,0.0,0.0,85.09,78.49,9,3,10.7,10.3,83.3,83.5,10.9,10.4,210.0,204.1,1013.2,1013.3,548.51,352.85,2020.26,30.1034,12.7963,359.6,55.9,1493.792, NAN, NAN, NAN, NAN,,2024/04/15 20:31:48.863,2024-04-15 20:31:48.863000+00:00
2024/04/15, 20:32:48.863,35.95,-75.125, 0.36,199.38,106.14,0.27,17.5,17.5,1011.1,1011.2,0.0,0.0,85.09,78.49,8,3,10.5,10.4,83.1,83.3,10.5,10.4,208.1,203.1,1013.2,1013.3,549.94,352.61,2015.68,30.103,12.7954,358.4,56.1,1493.789, NAN, NAN, NAN, NAN,,2024/04/15 20:32:48.863,2024-04-15 20:32:48.863000+00:00
2024/04/15, 20:33:48.863,35.95,-75.125, 0.35,199.77,265.67,0.31,17.6,17.6,1011.1,1011.0,0.0,0.0,85.09,78.49,8,3,10.9,10.6,82.8,83.0,10.8,10.5,207.1,202.1,1013.2,1013.1,545.06,352.59,2013.21,30.1031,12.7985,359.6,56.3,1493.799, NAN, NAN, NAN, NAN,,2024/04/15 20:33:48.863,2024-04-15 20:33:48.863000+00:00
2024/04/15, 20:34:48.864,35.95,-75.125, 0.35,200.29,192.12,0.13,17.6,17.6,1011.0,1011.1,0.0,0.0,85.09,78.49,8,2,11.0,10.4,83.1,83.3,10.9,10.3,208.3,202.3,1013.1,1013.2,538.81,353.18,2012.54,30.1032,12.786,359.6,55.9,1493.757, NAN, NAN, NAN, NAN,,2024/04/15 20:34:48.864,2024-04-15 20:34:48.864000+00:00
2024/04/15, 20:35:48.864,35.95,-75.125, 0.30,199.64,174.36,0.1,17.6,17.6,1011.1,1011.2,0.0,0.0,85.09,78.49,7,2,11.0,10.3,83.2,83.3,11.0,10.3,206.9,201.9,1013.2,1013.3,536.21,353.18,2008.75,30.103,12.7818,359.0,55.7,1493.743, NAN, NAN, NAN, NAN,,2024/04/15 20:35:48.864,2024-04-15 20:35:48.864000+00:00
2024/04/15, 20:36:48.864,35.95,-75.125, 0.36,200.26,265.16,0.24,17.7,17.6,1011.2,1011.2,0.0,0.0,85.09,78.49,8,2,10.4,10.3,83.3,83.4,10.3,10.2,207.7,201.7,1013.3,1013.3,531.61,352.3,2005.14,30.1024,12.7858,360.3,55.9,1493.755, NAN, NAN, NAN, NAN,,2024/04/15 20:36:48.864,2024-04-15 20:36:48.864000+00:00
2024/04/15, 20:37:48.864,35.95,-75.125, 0.32,200.66,294.82,0.15,17.6,17.6,1011.1,1011.1,0.0,0.0,85.09,78.49,7,1,10.5,10.0,83.4,83.5,10.5,10.0,207.2,201.2,1013.2,1013.2,530.25,352.24,2001.21,30.1021,12.7842,360.0,55.9,1493.75, NAN, NAN, NAN, NAN,,2024/04/15 20:37:48.864,2024-04-15 20:37:48.864000+00:00
2024/04/15, 20:38:48.864,35.95,-75.125, 0.36,199.79,274.15,0.36,17.6,17.6,1011.2,1011.0,0.0,0.0,85.09,78.49,7,1,10.4,10.0,83.7,83.9,10.3,9.9,205.9,199.8,1013.3,1013.1,528.17,352.31,1999.36,30.1028,12.7807,360.8,55.8,1493.739, NAN, NAN, NAN, NAN,,2024/04/15 20:38:48.864,2024-04-15 20:38:48.864000+00:00
2024/04/15, 20:39:48.864,35.95,-75.125, 0.28,199.9,8.42,0.13,17.6,17.6,1011.2,1011.2,0.0,0.0,85.09,78.49,6,1,10.0,9.7,84.2,84.0,10.1,9.8,205.8,200.8,1013.3,1013.3,530.01,351.93,1996.49,30.102,12.7857,360.6,55.9,1493.755, NAN, NAN, NAN, NAN,,2024/04/15 20:39:48.864,2024-04-15 20:39:48.864000+00:00
2024/04/15, 20:40:48.864,35.95,-75.125, 0.35,200.33,192.09,0.07,17.5,17.5,1011.1,1011.2,0.0,0.0,85.09,78.49,5,0,9.8,9.3,84.5,84.6,9.8,9.3,205.4,200.4,1013.2,1013.3,521.8,352.02,1993.99,30.1016,12.7871,361.4,56.1,1493.759, NAN, NAN, NAN, NAN,,2024/04/15 20:40:48.864,2024-04-15 20:40:48.864000+00:00
2024/04/15, 20:41:48.864,35.95,-75.125, 0.47,200.04,15.39,0.1,17.5,17.5,1011.2,1011.1,0.0,0.0,85.09,78.49,5,0,10.1,9.5,85.0,84.6,10.1,9.5,204.8,199.7,1013.3,1013.2,516.76,351.78,1985.1,30.1019,12.7986,360.6,56.1,1493.798, NAN, NAN, NAN, NAN,,2024/04/15 20:41:48.864,2024-04-15 20:41:48.864000+00:00
2024/04/15, 20:42:48.864,35.95,-75.125, 0.30,200.19,63.87,0.09,17.4,17.4,1011.1,1011.1,0.0,0.0,85.09,78.49,5,0,9.7,9.4,85.5,85.6,9.7,9.4,205.5,200.5,1013.2,1013.2,514.18,351.59,1982.95,30.1021,12.8005,360.8,56.0,1493.805, NAN, NAN, NAN, NAN,,2024/04/15 20:42:48.864,2024-04-15 20:42:48.864000+00:00
2024/04/15, 20:43:48.864,35.95,-75.125, 1.02,199.58,193.82,1.81,17.4,17.4,1011.2,1011.0,0.0,0.0,85.09,78.49,4,358,10.2,10.0,86.0,86.0,9.3,9.1,204.8,198.2,1013.3,1013.1,511.49,351.39,1980.74,30.1019,12.7921,361.4,55.9,1493.776, NAN, NAN, NAN, NAN,,2024/04/15 20:43:48.864,2024-04-15 20:43:48.864000+00:00
2024/04/15, 20:44:48.864,35.949,-75.125, 2.80,200.74,198.73,2.34,17.4,17.3,1011.2,1011.1,0.0,0.0,85.09,78.49,3,358,10.8,10.0,86.0,86.4,9.6,8.8,204.8,199.3,1013.3,1013.2,508.09,351.39,1975.12,30.1025,12.7747,361.1,55.7,1493.718, NAN, NAN, NAN, NAN,,2024/04/15 20:44:48.864,2024-04-15 20:44:48.864000+00:00
2024/04/15, 20:45:48.864,35.949,-75.125, 3.48,201.25,205.72,3.73,17.3,17.3,1011.1,1011.1,0.0,0.0,85.09,78.49,2,356,10.9,10.8,86.7,86.6,9.0,8.9,203.6,196.3,1013.2,1013.2,498.87,350.92,1973.5,30.1012,12.7731,361.7,55.6,1493.711, NAN, NAN, NAN, NAN,,2024/04/15 20:45:48.864,2024-04-15 20:45:48.864000+00:00
2024/04/15, 20:46:48.864,35.947,-75.125, 5.25,176.96,176.03,5.12,17.2,17.2,1011.2,1011.0,0.0,0.0,85.09,78.49,16,13,11.7,11.5,87.3,87.3,9.2,9.0,197.5,193.7,1013.3,1013.1,534.62,351.11,1953.49,30.0996,12.7659,365.1,55.4,1493.685, NAN, NAN, NAN, NAN,,2024/04/15 20:46:48.864,2024-04-15 20:46:48.864000+00:00
2024/04/15, 20:47:48.864,35.946,-75.124, 5.66,136.83,133.57,4.91,17.1,17.2,1011.0,1011.1,0.0,0.0,85.09,78.49,45,45,11.3,10.9,87.5,87.6,9.8,9.4,192.8,193.3,1013.1,1013.2,521.77,351.57,1924.26,30.0998,12.7522,364.0,55.3,1493.638, NAN, NAN, NAN, NAN,,2024/04/15 20:47:48.864,2024-04-15 20:47:48.864000+00:00
2024/04/15, 20:48:48.864,35.945,-75.123, 4.86,117.71,113.46,4.71,17.1,17.1,1010.8,1011.1,0.0,0.0,85.09,78.49,67,66,9.8,9.4,88.2,88.3,9.5,9.0,199.0,198.6,1012.9,1013.2,507.7,350.32,1911.01,30.0987,12.7475,361.1,55.5,1493.621, NAN, NAN, NAN, NAN,,2024/04/15 20:48:48.864,2024-04-15 20:48:48.864000+00:00
2024/04/15, 20:49:48.864,35.945,-75.121, 4.80,108.08,97.5,4.28,17.0,17.0,1011.1,1011.0,0.0,0.0,85.09,78.49,75,74,8.8,8.6,88.4,88.4,9.0,8.8,197.2,196.6,1013.2,1013.1,494.93,350.88,1906.28,30.095,12.7476,360.6,55.8,1493.617, NAN, NAN, NAN, NAN,,2024/04/15 20:49:48.864,2024-04-15 20:49:48.864000+00:00
2024/04/15, 20:50:48.864,35.945,-75.12, 3.54,50.95,61.0,3.51,16.8,16.9,1011.2,1011.1,0.0,0.0,85.09,78.49,132,135,7.9,7.4,88.9,88.9,8.9,8.5,193.0,196.2,1013.3,1013.2,505.19,349.46,1906.21,30.0933,12.7426,361.4,56.0,1493.598, NAN, NAN, NAN, NAN,,2024/04/15 20:50:48.864,2024-04-15 20:50:48.864000+00:00
2024/04/15, 20:51:48.865,35.946,-75.119, 3.33,18.89,33.89,4.21,16.7,16.8,1011.3,1011.2,0.0,0.0,85.09,78.49,195,186,2.9,4.3,89.0,89.2,5.1,6.4,213.9,207.9,1013.4,1013.3,482.27,349.31,1925.65,30.091,12.7398,362.7,56.1,1493.586, NAN, NAN, NAN, NAN,,2024/04/15 20:51:48.865,2024-04-15 20:51:48.865000+00:00
2024/04/15, 20:52:48.865,35.947,-75.119, 4.89,12.12,24.48,5.39,16.5,16.6,1011.3,1011.2,0.0,0.0,85.09,78.49,183,191,2.0,1.9,89.4,89.4,4.8,4.7,199.2,202.6,1013.4,1013.3,471.88,350.58,1913.97,30.09,12.7368,360.0,56.1,1493.574, NAN, NAN, NAN, NAN,,2024/04/15 20:52:48.865,2024-04-15 20:52:48.865000+00:00
2024/04/15, 20:53:48.865,35.948,-75.118, 3.70,2.36,15.72,3.9,16.5,16.5,1011.2,1011.3,0.0,0.0,85.09,78.49,192,216,5.1,2.9,90.5,90.5,7.1,4.8,194.9,209.3,1013.3,1013.4,474.51,351.81,1929.32,30.0904,12.7406,362.4,56.0,1493.588, NAN, NAN, NAN, NAN,,2024/04/15 20:53:48.865,2024-04-15 20:53:48.865000+00:00
2024/04/15, 20:54:48.865,35.949,-75.118, 1.64,343.17,13.58,1.72,16.5,16.5,1011.3,1011.2,0.0,0.0,85.09,78.49,213,215,7.6,6.3,90.6,91.3,8.5,7.2,196.2,197.9,1013.4,1013.3,478.12,349.56,1950.47,30.0925,12.7461,363.6,56.1,1493.609, NAN, NAN, NAN, NAN,,2024/04/15 20:54:48.865,2024-04-15 20:54:48.865000+00:00
2024/04/15, 20:55:48.865,35.949,-75.118, -0.44,326.67,82.39,0.84,16.6,16.6,1011.2,1011.3,0.0,0.0,85.09,78.49,227,226,8.4,8.5,91.3,90.4,8.6,8.7,196.3,195.3,1013.3,1013.4,464.32,349.07,1953.08,30.0934,12.7432,363.6,56.2,1493.6, NAN, NAN, NAN, NAN,,2024/04/15 20:55:48.865,2024-04-15 20:55:48.865000+00:00
2024/04/15, 20:56:48.865,35.949,-75.117, -0.48,308.44,105.3,1.59,16.5,16.5,1011.2,1011.2,0.0,0.0,85.09,78.49,240,239,8.9,8.9,90.2,90.2,8.9,8.9,193.7,192.7,1013.3,1013.3,454.8,349.87,1961.24,30.0957,12.7432,364.0,55.9,1493.603, NAN, NAN, NAN, NAN,,2024/04/15 20:56:48.865,2024-04-15 20:56:48.865000+00:00
2024/04/15, 20:57:48.865,35.949,-75.117, -0.48,281.33,76.31,1.6,16.5,16.4,1011.2,1011.2,0.0,0.0,85.09,78.49,262,262,8.8,8.6,90.6,90.6,9.0,8.8,188.4,188.5,1013.3,1013.3,446.43,350.77,1964.5,30.0975,12.739,364.4,55.9,1493.591, NAN, NAN, NAN, NAN,,2024/04/15 20:57:48.865,2024-04-15 20:57:48.865000+00:00
2024/04/15, 20:58:48.865,35.949,-75.117, -0.21,236.51,197.07,1.01,16.4,16.4,1011.3,1011.1,0.0,0.0,85.09,78.49,306,311,8.6,9.9,90.6,90.8,8.1,9.4,181.0,186.5,1013.4,1013.2,424.27,350.73,1953.92,30.0998,12.697,368.8,55.8,1493.451, NAN, NAN, NAN, NAN,,2024/04/15 20:58:48.865,2024-04-15 20:58:48.865000+00:00
2024/04/15, 20:59:48.865,35.949,-75.117, 2.98,188.17,199.19,3.08,16.3,16.4,1011.3,1010.9,0.0,0.0,85.09,78.49,2,359,9.6,9.5,91.0,91.2,8.0,7.9,189.1,185.5,1013.4,1013.0,462.9,350.39,1917.53,30.0997,12.6647,371.5,55.9,1493.341, NAN, NAN, NAN, NAN,,2024/04/15 20:59:48.865,2024-04-15 20:59:48.865000+00:00
2024/04/15, 21:00:48.865,35.948,-75.117, 4.93,153.16,141.06,5.6,16.3,16.4,1011.1,1011.2,0.0,0.0,85.09,78.49,36,33,10.7,10.2,91.4,91.2,8.9,8.3,202.4,199.6,1013.2,1013.3,470.04,350.52,1877.77,30.1012,12.7154,364.8,55.8,1493.515, NAN, NAN, NAN, NAN,,2024/04/15 21:00:48.865,2024-04-15 21:00:48.865000+00:00
2024/04/15, 21:01:48.865,35.946,-75.115, 7.45,127.94,131.01,7.62,16.3,16.3,1011.1,1010.9,0.0,0.0,85.09,78.49,47,45,11.2,10.8,91.7,91.8,8.9,8.4,193.3,191.7,1013.2,1013.0,476.45,349.53,1864.47,30.1004,12.7468,375.6,55.7,1493.621, NAN, NAN, NAN, NAN,,2024/04/15 21:01:48.865,2024-04-15 21:01:48.865000+00:00
2024/04/15, 21:02:48.865,35.945,-75.112, 9.60,115.93,114.44,9.79,16.3,16.3,1010.8,1011.2,0.0,0.0,85.09,78.49,55,53,11.5,11.2,91.8,91.5,9.6,9.2,196.6,195.2,1012.9,1013.3,450.33,348.9,1851.55,30.1045,12.7719,371.5,56.0,1493.711, NAN, NAN, NAN, NAN,,2024/04/15 21:02:48.865,2024-04-15 21:02:48.865000+00:00
2024/04/15, 21:03:48.865,35.944,-75.109, 10.36,111.09,105.98,10.64,16.2,16.2,1010.8,1011.2,0.0,0.0,85.09,78.49,57,55,11.6,11.3,91.2,91.3,10.1,9.7,196.2,195.0,1012.9,1013.3,444.49,348.4,1843.37,30.1022,12.7816,369.4,56.4,1493.741, NAN, NAN, NAN, NAN,,2024/04/15 21:03:48.865,2024-04-15 21:03:48.865000+00:00
2024/04/15, 21:04:48.865,35.943,-75.106, 10.76,111.05,109.32,11.19,16.1,16.1,1011.0,1011.1,0.0,0.0,85.09,78.49,58,56,11.9,11.4,91.6,91.6,10.2,9.6,197.9,197.3,1013.1,1013.2,442.63,348.79,1837.59,30.1006,12.6607,366.7,56.7,1493.328, NAN, NAN, NAN, NAN,,2024/04/15 21:04:48.865,2024-04-15 21:04:48.865000+00:00
2024/04/15, 21:05:48.865,35.942,-75.102, 10.82,111.08,106.43,11.07,16.0,16.0,1010.9,1011.1,0.0,0.0,85.09,78.49,57,55,11.7,11.3,92.1,92.1,10.2,9.7,197.2,196.3,1013.0,1013.2,439.0,348.81,1833.37,30.1007,12.6569,366.7,56.6,1493.315, NAN, NAN, NAN, NAN,,2024/04/15 21:05:48.865,2024-04-15 21:05:48.865000+00:00
2024/04/15, 21:06:48.865,35.941,-75.099, 10.70,112.93,109.77,11.03,16.0,16.0,1010.8,1011.0,0.0,0.0,85.09,78.49,56,53,11.8,11.5,92.3,92.1,10.1,9.5,197.6,195.3,1012.9,1013.1,435.61,349.18,1825.41,30.0885,12.7644,369.4,56.3,1493.666, NAN, NAN, NAN, NAN,,2024/04/15 21:06:48.865,2024-04-15 21:06:48.865000+00:00
2024/04/15, 21:07:48.865,35.94,-75.095, 10.97,110.86,108.37,10.85,15.9,15.9,1010.9,1011.0,0.0,0.0,85.09,78.49,57,55,12.0,11.9,92.2,92.4,10.3,10.1,195.5,193.7,1013.0,1013.1,431.38,348.69,1823.56,30.0787,12.8064,371.5,56.5,1493.797, NAN, NAN, NAN, NAN,,2024/04/15 21:07:48.865,2024-04-15 21:07:48.865000+00:00
2024/04/15, 21:08:48.866,35.939,-75.091, 10.88,112.13,111.83,11.17,15.9,15.9,1010.9,1011.1,0.0,0.0,85.09,78.49,57,55,12.1,11.9,92.2,92.7,10.3,9.9,197.4,195.8,1013.0,1013.2,430.1,348.85,1816.75,30.0642,12.7705,376.0,56.8,1493.658, NAN, NAN, NAN, NAN,,2024/04/15 21:08:48.866,2024-04-15 21:08:48.866000+00:00
2024/04/15, 21:09:48.866,35.938,-75.088, 10.89,111.66,111.82,11.08,15.8,15.9,1011.0,1011.1,0.0,0.0,85.09,78.49,60,58,12.0,11.6,92.8,92.9,10.6,10.1,200.0,199.1,1013.1,1013.2,425.89,349.04,1813.55,30.0419,12.6961,368.4,56.8,1493.379, NAN, NAN, NAN, NAN,,2024/04/15 21:09:48.866,2024-04-15 21:09:48.866000+00:00
2024/04/15, 21:10:48.866,35.937,-75.084, 10.64,111.47,106.73,11.01,15.8,15.8,1011.0,1011.1,0.0,0.0,85.09,78.49,60,58,12.2,12.1,92.9,92.9,10.9,10.6,199.1,197.4,1013.1,1013.2,425.37,349.56,1807.21,30.0055,12.6715,369.4,56.8,1493.252, NAN, NAN, NAN, NAN,,2024/04/15 21:10:48.866,2024-04-15 21:10:48.866000+00:00
2024/04/15, 21:11:48.866,35.936,-75.081, 10.92,111.91,110.61,11.01,15.9,15.9,1010.9,1011.0,0.0,0.0,85.09,78.49,60,58,12.6,12.8,93.5,93.6,11.2,11.2,198.6,196.1,1013.0,1013.1,420.3,350.12,1799.96,29.9704,12.6653,373.2,56.9,1493.189, NAN, NAN, NAN, NAN,,2024/04/15 21:11:48.866,2024-04-15 21:11:48.866000+00:00
2024/04/15, 21:12:48.866,35.935,-75.077, 10.91,111.61,109.33,11.26,15.9,15.9,1010.8,1011.1,0.0,0.0,85.09,78.49,61,59,12.4,12.4,93.8,93.9,11.1,10.9,200.4,198.4,1012.9,1013.2,416.64,350.07,1794.09,29.9407,12.669,372.8,57.0,1493.167, NAN, NAN, NAN, NAN,,2024/04/15 21:12:48.866,2024-04-15 21:12:48.866000+00:00
2024/04/15, 21:13:48.866,35.934,-75.074, 10.91,111.26,111.98,11.13,16.0,16.0,1011.1,1011.1,0.0,0.0,85.09,78.49,63,61,12.3,11.7,93.3,93.5,11.0,10.3,202.0,201.5,1013.2,1013.2,415.32,350.44,1791.22,29.9147,12.6785,374.0,57.2,1493.168, NAN, NAN, NAN, NAN,,2024/04/15 21:13:48.866,2024-04-15 21:13:48.866000+00:00
2024/04/15, 21:14:48.866,35.933,-75.07, 11.00,111.69,111.3,11.05,16.0,16.0,1011.1,1011.1,0.0,0.0,85.09,78.49,64,61,11.7,11.7,93.1,93.2,10.6,10.4,204.6,201.7,1013.2,1013.2,407.77,350.74,1784.55,29.8912,12.692,374.7,57.0,1493.186, NAN, NAN, NAN, NAN,,2024/04/15 21:14:48.866,2024-04-15 21:14:48.866000+00:00
2024/04/15, 21:15:48.866,35.932,-75.067, 10.99,111.64,110.02,11.19,16.0,16.1,1011.1,1011.2,0.0,0.0,85.09,78.49,64,63,12.3,12.1,92.8,93.1,11.2,11.0,203.5,203.0,1013.2,1013.3,406.06,350.0,1778.93,29.8724,12.7068,375.2,57.2,1493.215, NAN, NAN, NAN, NAN,,2024/04/15 21:15:48.866,2024-04-15 21:15:48.866000+00:00
2024/04/15, 21:16:48.866,35.931,-75.063, 11.04,111.52,111.66,10.97,16.0,16.0,1010.8,1011.2,0.0,0.0,85.09,78.49,65,64,12.5,12.5,92.7,92.5,11.5,11.4,203.3,202.3,1012.9,1013.3,401.56,350.07,1775.12,29.8623,12.7249,376.0,57.1,1493.264, NAN, NAN, NAN, NAN,,2024/04/15 21:16:48.866,2024-04-15 21:16:48.866000+00:00
2024/04/15, 21:17:48.866,35.93,-75.059, 10.69,115.27,107.27,11.02,16.0,16.1,1011.1,1011.1,0.0,0.0,85.09,78.49,63,62,13.5,13.3,92.6,92.6,12.6,12.3,203.0,202.4,1013.2,1013.2,396.79,350.82,1765.97,29.8497,12.748,375.2,56.8,1493.328, NAN, NAN, NAN, NAN,,2024/04/15 21:17:48.866,2024-04-15 21:17:48.866000+00:00
2024/04/15, 21:18:48.866,35.929,-75.056, 10.75,114.93,112.33,10.8,16.1,16.1,1011.0,1011.1,0.0,0.0,85.09,78.49,63,62,14.3,14.5,92.7,92.7,13.0,13.1,200.8,199.4,1013.1,1013.2,395.6,351.35,1764.46,29.8374,12.7692,374.4,56.7,1493.385, NAN, NAN, NAN, NAN,,2024/04/15 21:18:48.866,2024-04-15 21:18:48.866000+00:00
2024/04/15, 21:19:48.866,35.928,-75.052, 10.80,114.21,110.21,11.14,16.2,16.1,1011.1,1011.0,0.0,0.0,85.09,78.49,66,65,13.9,13.7,92.7,92.7,13.0,12.8,204.5,203.9,1013.2,1013.1,395.33,350.43,1760.02,29.8204,12.7827,376.0,57.1,1493.411, NAN, NAN, NAN, NAN,,2024/04/15 21:19:48.866,2024-04-15 21:19:48.866000+00:00
2024/04/15, 21:20:48.866,35.927,-75.049, 10.81,113.61,110.99,11.04,16.3,16.3,1010.9,1010.9,0.0,0.0,85.09,78.49,66,65,13.9,13.7,91.9,92.0,13.0,12.8,203.7,203.0,1013.0,1013.0,389.85,350.84,1751.62,29.8065,12.7988,375.6,57.0,1493.449, NAN, NAN, NAN, NAN,,2024/04/15 21:20:48.866,2024-04-15 21:20:48.866000+00:00
2024/04/15, 21:21:48.866,35.926,-75.045, 10.72,114.79,112.82,10.94,16.4,16.3,1010.8,1010.9,0.0,0.0,85.09,78.49,66,65,14.2,13.9,91.7,92.0,13.3,12.9,204.1,203.6,1012.9,1013.0,385.69,351.14,1748.82,29.794,12.8156,375.5,57.0,1493.492, NAN, NAN, NAN, NAN,,2024/04/15 21:21:48.866,2024-04-15 21:21:48.866000+00:00
2024/04/15, 21:22:48.866,35.924,-75.042, 10.80,114.09,110.67,11.09,16.4,16.4,1010.9,1010.9,0.0,0.0,85.09,78.49,66,65,14.2,13.9,91.0,91.1,13.3,12.9,203.7,203.3,1013.0,1013.0,382.06,350.68,1742.92,29.7821,12.8329,375.5,57.1,1493.536, NAN, NAN, NAN, NAN,,2024/04/15 21:22:48.866,2024-04-15 21:22:48.866000+00:00
2024/04/15, 21:23:48.866,35.923,-75.038, 10.75,114.39,113.85,10.8,16.4,16.4,1011.0,1010.9,0.0,0.0,85.09,78.49,67,66,13.9,13.7,90.7,90.8,13.1,12.8,204.9,204.3,1013.1,1013.0,375.49,350.7,1736.11,29.7716,12.8422,376.3,56.8,1493.555, NAN, NAN, NAN, NAN,,2024/04/15 21:23:48.866,2024-04-15 21:23:48.866000+00:00
2024/04/15, 21:24:48.867,35.922,-75.035, 10.80,113.84,107.35,11.01,16.4,16.5,1011.1,1011.1,0.0,0.0,85.09,78.49,67,66,14.2,14.1,90.2,90.2,13.5,13.3,204.2,203.4,1013.2,1013.2,373.27,350.0,1725.73,29.7618,12.8425,376.0,57.1,1493.545, NAN, NAN, NAN, NAN,,2024/04/15 21:24:48.867,2024-04-15 21:24:48.867000+00:00
2024/04/15, 21:25:48.867,35.921,-75.031, 10.83,114.0,109.18,11.27,16.4,16.5,1011.1,1011.1,0.0,0.0,85.09,78.49,67,65,13.4,13.6,90.0,90.1,12.7,12.7,206.5,204.1,1013.2,1013.2,370.7,350.12,1721.55,29.7525,12.8399,376.8,57.1,1493.525, NAN, NAN, NAN, NAN,,2024/04/15 21:25:48.867,2024-04-15 21:25:48.867000+00:00
2024/04/15, 21:26:48.867,35.92,-75.028, 10.83,113.99,107.21,11.05,16.5,16.5,1010.8,1011.0,0.0,0.0,85.09,78.49,67,67,13.9,13.5,90.1,90.1,13.3,12.9,205.0,205.7,1012.9,1013.1,366.64,350.37,1716.21,29.7507,12.8432,376.8,57.1,1493.534, NAN, NAN, NAN, NAN,,2024/04/15 21:26:48.867,2024-04-15 21:26:48.867000+00:00
2024/04/15, 21:27:48.867,35.919,-75.024, 10.74,113.93,111.79,11.28,16.5,16.5,1011.0,1010.9,0.0,0.0,85.09,78.49,68,68,13.5,13.5,90.2,90.2,13.0,13.0,207.1,207.1,1013.1,1013.0,361.68,350.17,1711.09,29.748,12.8477,376.9,56.9,1493.546, NAN, NAN, NAN, NAN,,2024/04/15 21:27:48.867,2024-04-15 21:27:48.867000+00:00
2024/04/15, 21:28:48.867,35.918,-75.021, 10.62,119.62,115.3,10.75,16.5,16.5,1010.8,1011.1,0.0,0.0,85.09,78.49,63,62,14.2,14.1,89.9,89.9,13.2,13.0,205.5,204.7,1012.9,1013.2,359.95,349.78,1705.14,29.7457,12.8494,379.6,57.2,1493.549, NAN, NAN, NAN, NAN,,2024/04/15 21:28:48.867,2024-04-15 21:28:48.867000+00:00
2024/04/15, 21:29:48.867,35.917,-75.018, 10.80,120.12,116.68,10.85,16.5,16.5,1010.9,1011.1,0.0,0.0,85.09,78.49,63,62,14.2,14.1,89.7,89.8,13.1,12.9,206.2,205.4,1013.0,1013.2,355.55,349.85,1697.3,29.746,12.8399,377.1,57.2,1493.517, NAN, NAN, NAN, NAN,,2024/04/15 21:29:48.867,2024-04-15 21:29:48.867000+00:00
2024/04/15, 21:30:48.867,35.915,-75.014, 10.78,118.63,117.0,10.76,16.5,16.6,1011.0,1011.0,0.0,0.0,85.09,78.49,63,61,13.9,13.7,89.5,89.6,12.7,12.3,205.1,203.4,1013.1,1013.1,353.31,349.03,1691.62,29.7456,12.8326,377.4,57.1,1493.492, NAN, NAN, NAN, NAN,,2024/04/15 21:30:48.867,2024-04-15 21:30:48.867000+00:00
2024/04/15, 21:31:48.867,35.914,-75.011, 10.78,119.46,116.14,10.84,16.5,16.6,1010.8,1010.9,0.0,0.0,85.09,78.49,63,60,13.7,14.0,89.4,89.4,12.6,12.6,206.5,202.9,1012.9,1013.0,353.54,348.73,1684.27,29.75,12.8208,378.7,56.8,1493.457, NAN, NAN, NAN, NAN,,2024/04/15 21:31:48.867,2024-04-15 21:31:48.867000+00:00
2024/04/15, 21:32:48.867,35.913,-75.008, 10.65,119.15,116.67,10.86,16.5,16.6,1010.9,1011.0,0.0,0.0,85.09,78.49,61,61,14.2,14.0,89.0,89.1,12.8,12.6,203.3,203.6,1013.0,1013.1,345.87,349.26,1678.6,29.7503,12.8148,378.0,57.0,1493.437, NAN, NAN, NAN, NAN,,2024/04/15 21:32:48.867,2024-04-15 21:32:48.867000+00:00
2024/04/15, 21:33:48.867,35.911,-75.004, 10.83,118.24,112.52,10.6,16.5,16.6,1011.0,1011.2,0.0,0.0,85.09,78.49,64,63,13.6,13.3,89.3,89.4,12.8,12.4,205.8,205.4,1013.1,1013.3,343.03,349.09,1673.0,29.7479,12.8156,379.0,57.0,1493.437, NAN, NAN, NAN, NAN,,2024/04/15 21:33:48.867,2024-04-15 21:33:48.867000+00:00
2024/04/15, 21:34:48.867,35.91,-75.001, 10.72,118.97,116.42,10.79,16.5,16.6,1011.1,1011.0,0.0,0.0,85.09,78.49,60,59,14.0,14.2,89.3,89.3,12.5,12.6,202.3,200.9,1013.2,1013.1,340.35,348.87,1666.65,29.746,12.8045,378.4,57.0,1493.397, NAN, NAN, NAN, NAN,,2024/04/15 21:34:48.867,2024-04-15 21:34:48.867000+00:00
2024/04/15, 21:35:48.867,35.909,-74.997, 10.95,119.01,113.14,10.71,16.5,16.5,1011.1,1011.2,0.0,0.0,85.09,78.49,60,59,14.3,14.0,89.1,89.0,12.9,12.5,201.6,201.1,1013.2,1013.3,336.38,348.88,1661.61,29.7487,12.8384,378.7,56.9,1493.515, NAN, NAN, NAN, NAN,,2024/04/15 21:35:48.867,2024-04-15 21:35:48.867000+00:00
2024/04/15, 21:36:48.867,35.908,-74.994, 10.96,120.17,116.92,10.96,16.5,16.5,1011.1,1011.2,0.0,0.0,85.09,78.49,60,57,14.0,14.1,89.2,89.4,12.6,12.4,203.9,200.6,1013.2,1013.3,334.63,348.81,1652.55,29.7669,12.8721,380.0,57.0,1493.651, NAN, NAN, NAN, NAN,,2024/04/15 21:36:48.867,2024-04-15 21:36:48.867000+00:00
2024/04/15, 21:37:48.867,35.906,-74.991, 10.91,119.28,112.28,10.91,16.5,16.6,1010.9,1011.3,0.0,0.0,85.09,78.49,60,57,13.8,14.0,89.5,89.5,12.6,12.5,203.3,199.8,1013.0,1013.4,331.88,348.32,1646.21,29.7594,12.9151,380.3,57.0,1493.788, NAN, NAN, NAN, NAN,,2024/04/15 21:37:48.867,2024-04-15 21:37:48.867000+00:00
2024/04/15, 21:38:48.867,35.905,-74.987, 10.83,118.9,116.89,10.58,16.5,16.5,1011.0,1011.0,0.0,0.0,85.09,78.49,59,59,14.1,14.2,89.4,89.4,12.5,12.6,200.5,200.3,1013.1,1013.1,329.74,348.9,1638.57,29.7583,12.938,380.8,57.1,1493.864, NAN, NAN, NAN, NAN,,2024/04/15 21:38:48.867,2024-04-15 21:38:48.867000+00:00
2024/04/15, 21:39:48.867,35.904,-74.984, 10.89,119.32,115.79,10.98,16.5,16.5,1011.2,1011.1,0.0,0.0,85.09,78.49,60,58,14.2,13.8,89.8,89.9,12.8,12.2,202.7,201.4,1013.3,1013.2,326.22,348.97,1630.88,29.7476,12.9138,380.4,57.2,1493.77, NAN, NAN, NAN, NAN,,2024/04/15 21:39:48.867,2024-04-15 21:39:48.867000+00:00
2024/04/15, 21:40:48.867,35.902,-74.981, 10.69,119.34,118.49,10.96,16.5,16.5,1010.8,1010.9,0.0,0.0,85.09,78.49,60,58,14.1,14.1,89.8,89.8,12.5,12.3,202.8,200.8,1012.9,1013.0,321.39,348.43,1619.92,29.7444,12.832,380.8,57.0,1493.489, NAN, NAN, NAN, NAN,,2024/04/15 21:40:48.867,2024-04-15 21:40:48.867000+00:00
2024/04/15, 21:41:48.868,35.901,-74.977, 10.89,118.91,116.87,10.54,16.5,16.5,1011.0,1011.1,0.0,0.0,85.09,78.49,60,59,14.3,13.7,90.0,89.9,12.7,12.1,201.1,201.1,1013.1,1013.2,319.94,348.66,1616.99,29.7602,12.7876,380.8,57.2,1493.356, NAN, NAN, NAN, NAN,,2024/04/15 21:41:48.868,2024-04-15 21:41:48.868000+00:00
2024/04/15, 21:42:48.868,35.9,-74.974, 10.88,118.65,112.76,10.88,16.5,16.5,1011.0,1010.9,0.0,0.0,85.09,78.49,60,58,14.2,14.9,89.9,89.9,12.8,13.2,201.8,198.6,1013.1,1013.0,319.05,349.04,1608.74,29.7996,12.7652,381.1,57.0,1493.327, NAN, NAN, NAN, NAN,,2024/04/15 21:42:48.868,2024-04-15 21:42:48.868000+00:00
2024/04/15, 21:43:48.868,35.898,-74.971, 11.06,119.72,115.31,11.19,16.6,16.6,1011.0,1010.9,0.0,0.0,85.09,78.49,61,58,14.4,14.1,90.3,90.3,13.1,12.5,204.3,201.7,1013.1,1013.0,311.61,349.07,1598.27,29.8453,12.8232,383.6,57.0,1493.578, NAN, NAN, NAN, NAN,,2024/04/15 21:43:48.868,2024-04-15 21:43:48.868000+00:00
2024/04/15, 21:44:48.868,35.897,-74.967, 11.04,119.68,115.21,11.11,16.6,16.6,1010.8,1011.2,0.0,0.0,85.09,78.49,61,61,14.0,13.7,89.8,89.9,12.6,12.3,204.7,205.3,1012.9,1013.3,310.91,349.17,1587.74,29.8512,12.8696,383.8,57.3,1493.742, NAN, NAN, NAN, NAN,,2024/04/15 21:44:48.868,2024-04-15 21:44:48.868000+00:00
2024/04/15, 21:45:48.868,35.896,-74.964, 11.03,119.37,117.13,10.97,16.6,16.6,1010.9,1011.1,0.0,0.0,85.09,78.49,62,59,14.4,14.2,90.1,90.2,13.0,12.6,204.4,201.7,1013.0,1013.2,302.85,349.25,1581.73,29.834,12.8937,382.4,57.1,1493.804, NAN, NAN, NAN, NAN,,2024/04/15 21:45:48.868,2024-04-15 21:45:48.868000+00:00
2024/04/15, 21:46:48.868,35.894,-74.96, 11.07,118.47,117.13,10.89,16.6,16.6,1010.9,1011.2,0.0,0.0,85.09,78.49,62,60,14.1,13.5,90.2,90.3,12.8,12.0,203.8,202.9,1013.0,1013.3,302.97,349.08,1576.27,29.8191,12.8997,381.7,57.3,1493.806, NAN, NAN, NAN, NAN,,2024/04/15 21:46:48.868,2024-04-15 21:46:48.868000+00:00
2024/04/15, 21:47:48.868,35.893,-74.957, 10.76,119.43,117.48,10.81,16.6,16.6,1011.1,1011.2,0.0,0.0,85.09,78.49,62,61,14.0,14.0,89.8,89.8,12.6,12.5,204.8,203.8,1013.2,1013.3,295.86,349.37,1566.31,29.8159,12.8977,382.7,56.8,1493.796, NAN, NAN, NAN, NAN,,2024/04/15 21:47:48.868,2024-04-15 21:47:48.868000+00:00
2024/04/15, 21:48:48.868,35.892,-74.954, 11.10,119.86,111.75,11.14,16.6,16.6,1010.9,1011.1,0.0,0.0,85.09,78.49,63,62,13.9,13.7,90.0,90.2,13.0,12.7,207.2,206.5,1013.0,1013.2,292.72,349.19,1554.98,29.8158,12.8953,381.7,57.2,1493.788, NAN, NAN, NAN, NAN,,2024/04/15 21:48:48.868,2024-04-15 21:48:48.868000+00:00
2024/04/15, 21:49:48.868,35.891,-74.95, 10.97,119.91,117.44,11.03,16.6,16.6,1010.8,1011.0,0.0,0.0,85.09,78.49,63,61,14.2,13.9,89.9,89.9,13.1,12.6,206.4,205.0,1012.9,1013.1,286.41,349.29,1550.14,29.8316,12.8838,381.7,57.1,1493.767, NAN, NAN, NAN, NAN,,2024/04/15 21:49:48.868,2024-04-15 21:49:48.868000+00:00
2024/04/15, 21:50:48.868,35.889,-74.947, 10.78,117.85,112.76,10.79,16.6,16.7,1010.9,1011.0,0.0,0.0,85.09,78.49,64,63,13.7,13.9,89.8,89.9,12.7,12.8,205.7,204.4,1013.0,1013.1,286.05,348.93,1540.24,29.8505,12.8528,383.8,57.0,1493.685, NAN, NAN, NAN, NAN,,2024/04/15 21:50:48.868,2024-04-15 21:50:48.868000+00:00
2024/04/15, 21:51:48.868,35.888,-74.944, 10.92,119.11,116.18,10.79,16.6,16.7,1010.8,1011.0,0.0,0.0,85.09,78.49,62,62,13.9,13.4,90.0,90.0,12.6,12.2,204.6,205.6,1012.9,1013.1,273.38,348.53,1527.15,29.8693,12.8405,383.8,57.1,1493.665, NAN, NAN, NAN, NAN,,2024/04/15 21:51:48.868,2024-04-15 21:51:48.868000+00:00
2024/04/15, 21:52:48.868,35.887,-74.94, 10.88,118.43,118.8,10.28,16.6,16.7,1011.0,1011.0,0.0,0.0,85.09,78.49,63,63,14.2,13.6,89.6,89.4,12.8,12.2,203.2,204.2,1013.1,1013.1,270.23,349.54,1520.59,29.901,12.857,382.7,57.0,1493.759, NAN, NAN, NAN, NAN,,2024/04/15 21:52:48.868,2024-04-15 21:52:48.868000+00:00
2024/04/15, 21:53:48.868,35.885,-74.937, 10.94,116.21,111.82,10.58,16.6,16.7,1011.0,1011.0,0.0,0.0,85.09,78.49,67,64,13.0,13.1,90.1,90.2,12.3,12.1,207.8,204.7,1013.1,1013.1,268.02,349.23,1511.49,29.9315,12.8938,382.7,57.3,1493.919, NAN, NAN, NAN, NAN,,2024/04/15 21:53:48.868,2024-04-15 21:53:48.868000+00:00
2024/04/15, 21:54:48.868,35.884,-74.934, 10.90,116.72,111.08,10.83,16.7,16.7,1011.0,1011.1,0.0,0.0,85.09,78.49,66,64,13.9,13.9,89.9,90.2,13.1,12.9,206.3,204.3,1013.1,1013.2,265.63,349.64,1505.79,29.9549,12.8601,383.8,57.1,1493.833, NAN, NAN, NAN, NAN,,2024/04/15 21:54:48.868,2024-04-15 21:54:48.868000+00:00
2024/04/15, 21:55:48.868,35.883,-74.93, 10.82,116.11,114.57,10.67,16.7,16.7,1010.9,1011.1,0.0,0.0,85.09,78.49,67,66,13.7,13.1,90.2,90.2,12.8,12.2,206.7,206.8,1013.0,1013.2,264.33,349.43,1497.96,29.9814,12.8839,383.3,57.3,1493.945, NAN, NAN, NAN, NAN,,2024/04/15 21:55:48.868,2024-04-15 21:55:48.868000+00:00
2024/04/15, 21:56:48.868,35.882,-74.927, 10.90,116.25,112.98,10.89,16.7,16.7,1011.0,1010.9,0.0,0.0,85.09,78.49,67,65,13.6,13.2,89.7,89.8,13.0,12.4,207.4,206.2,1013.1,1013.0,260.3,349.31,1492.77,30.069,12.8805,393.6,57.2,1494.037, NAN, NAN, NAN, NAN,,2024/04/15 21:56:48.868,2024-04-15 21:56:48.868000+00:00
2024/04/15, 21:57:48.868,35.881,-74.923, 10.92,116.24,111.69,10.9,16.7,16.7,1011.0,1011.0,0.0,0.0,85.09,78.49,66,64,13.4,13.6,89.6,89.8,12.6,12.6,206.9,204.6,1013.1,1013.1,254.03,348.69,1482.18,30.1228,12.8659,384.1,57.3,1494.051, NAN, NAN, NAN, NAN,,2024/04/15 21:57:48.868,2024-04-15 21:57:48.868000+00:00
2024/04/15, 21:58:48.869,35.879,-74.92, 10.90,116.65,111.98,10.83,16.7,16.8,1011.0,1010.9,0.0,0.0,85.09,78.49,66,64,13.8,13.7,89.4,89.5,13.0,12.7,206.4,204.6,1013.1,1013.0,249.24,348.88,1468.44,30.1813,12.8107,383.8,57.4,1493.933, NAN, NAN, NAN, NAN,,2024/04/15 21:58:48.869,2024-04-15 21:58:48.869000+00:00
2024/04/15, 21:59:48.869,35.878,-74.917, 10.92,115.69,115.46,10.91,16.7,16.7,1011.1,1011.0,0.0,0.0,85.09,78.49,66,65,13.8,13.6,89.6,89.7,12.8,12.5,205.7,205.0,1013.2,1013.1,244.82,349.0,1459.96,30.2248,12.7668,384.4,57.4,1493.836, NAN, NAN, NAN, NAN,,2024/04/15 21:59:48.869,2024-04-15 21:59:48.869000+00:00
2024/04/15, 22:00:48.869,35.877,-74.913, 11.00,116.54,110.82,10.68,16.7,16.7,1011.0,1011.1,0.0,0.0,85.09,78.49,65,66,13.4,13.1,89.7,89.7,12.5,12.4,205.7,207.2,1013.1,1013.2,243.99,348.65,1449.38,30.2695,12.7399,385.1,57.3,1493.797, NAN, NAN, NAN, NAN,,2024/04/15 22:00:48.869,2024-04-15 22:00:48.869000+00:00
2024/04/15, 22:01:48.869,35.876,-74.91, 10.90,116.37,113.59,10.74,16.7,16.7,1011.0,1010.9,0.0,0.0,85.09,78.49,67,65,13.4,13.4,89.9,89.8,12.6,12.4,207.6,205.7,1013.1,1013.0,238.49,349.13,1439.61,30.3149,12.7532,386.4,57.4,1493.896, NAN, NAN, NAN, NAN,,2024/04/15 22:01:48.869,2024-04-15 22:01:48.869000+00:00
2024/04/15, 22:02:48.869,35.875,-74.906, 10.95,116.48,113.5,10.91,16.7,16.7,1010.8,1010.9,0.0,0.0,85.09,78.49,65,64,13.7,13.3,90.0,90.0,12.7,12.3,205.6,205.4,1012.9,1013.0,236.31,349.18,1430.71,30.3534,12.7931,386.4,57.2,1494.077, NAN, NAN, NAN, NAN,,2024/04/15 22:02:48.869,2024-04-15 22:02:48.869000+00:00
2024/04/15, 22:03:48.869,35.874,-74.903, 10.70,117.14,115.46,10.39,16.7,16.7,1011.0,1011.1,0.0,0.0,85.09,78.49,67,66,13.7,13.7,90.1,90.0,12.9,12.8,207.1,206.1,1013.1,1013.2,229.94,349.53,1421.58,30.3813,12.8129,387.0,56.9,1494.177, NAN, NAN, NAN, NAN,,2024/04/15 22:03:48.869,2024-04-15 22:03:48.869000+00:00
2024/04/15, 22:04:48.869,35.872,-74.9, 10.74,116.46,110.21,10.78,16.7,16.7,1010.8,1011.2,0.0,0.0,85.09,78.49,66,64,13.2,13.1,90.2,90.3,12.5,12.2,207.2,205.4,1012.9,1013.3,229.44,349.59,1408.61,30.3535,12.8069,386.0,57.2,1494.124, NAN, NAN, NAN, NAN,,2024/04/15 22:04:48.869,2024-04-15 22:04:48.869000+00:00
2024/04/15, 22:05:48.869,35.871,-74.896, 10.79,116.73,116.8,10.57,16.7,16.8,1010.9,1010.8,0.0,0.0,85.09,78.49,67,65,14.0,13.3,90.3,90.0,13.0,12.2,206.6,205.8,1013.0,1012.9,224.72,349.98,1400.13,30.3343,12.7935,386.4,57.1,1494.056, NAN, NAN, NAN, NAN,,2024/04/15 22:05:48.869,2024-04-15 22:05:48.869000+00:00
2024/04/15, 22:06:48.869,35.87,-74.893, 10.83,115.54,112.24,10.48,16.8,16.8,1010.9,1011.1,0.0,0.0,85.09,78.49,68,66,13.8,13.6,90.3,90.3,13.0,12.6,206.5,204.9,1013.0,1013.2,221.68,350.18,1388.85,30.3462,12.7718,387.5,57.2,1493.997, NAN, NAN, NAN, NAN,,2024/04/15 22:06:48.869,2024-04-15 22:06:48.869000+00:00
2024/04/15, 22:07:48.869,35.869,-74.89, 10.65,116.91,113.37,10.78,16.8,16.8,1011.0,1011.0,0.0,0.0,85.09,78.49,67,65,13.6,13.3,90.2,90.4,12.7,12.3,207.9,206.5,1013.1,1013.1,219.6,350.23,1378.57,30.3774,12.7737,386.4,57.0,1494.04, NAN, NAN, NAN, NAN,,2024/04/15 22:07:48.869,2024-04-15 22:07:48.869000+00:00
2024/04/15, 22:08:48.869,35.868,-74.886, 10.85,115.93,112.06,10.58,16.9,16.9,1011.0,1011.1,0.0,0.0,85.09,78.49,67,65,13.2,13.2,90.0,90.0,12.4,12.2,207.2,205.2,1013.1,1013.2,217.49,349.99,1365.62,30.4089,12.7722,386.0,57.4,1494.072, NAN, NAN, NAN, NAN,,2024/04/15 22:08:48.869,2024-04-15 22:08:48.869000+00:00
2024/04/15, 22:09:48.869,35.866,-74.883, 10.61,117.57,116.94,10.55,16.9,16.9,1010.8,1010.8,0.0,0.0,85.09,78.49,68,65,13.0,12.9,89.5,89.6,12.2,11.8,210.2,207.4,1012.9,1012.9,212.33,349.7,1356.15,30.4227,12.7791,387.0,57.1,1494.112, NAN, NAN, NAN, NAN,,2024/04/15 22:09:48.869,2024-04-15 22:09:48.869000+00:00
2024/04/15, 22:10:48.869,35.865,-74.88, 10.78,115.26,113.4,10.73,16.9,16.9,1010.9,1011.1,0.0,0.0,85.09,78.49,67,65,12.8,12.7,89.2,89.2,12.0,11.7,207.7,206.0,1013.0,1013.2,211.68,349.69,1345.34,30.4344,12.7791,387.5,57.2,1494.126, NAN, NAN, NAN, NAN,,2024/04/15 22:10:48.869,2024-04-15 22:10:48.869000+00:00
2024/04/15, 22:11:48.869,35.864,-74.876, 10.84,116.12,113.41,10.28,16.8,16.9,1010.9,1011.1,0.0,0.0,85.09,78.49,65,65,13.3,13.1,89.4,89.4,12.3,12.2,204.5,204.9,1013.0,1013.2,207.35,349.68,1331.44,30.4423,12.7432,390.0,57.1,1494.013, NAN, NAN, NAN, NAN,,2024/04/15 22:11:48.869,2024-04-15 22:11:48.869000+00:00
2024/04/15, 22:12:48.869,35.863,-74.873, 10.84,116.9,116.7,10.84,16.8,16.9,1011.0,1010.9,0.0,0.0,85.09,78.49,66,64,12.6,12.8,89.9,89.9,11.7,11.7,209.1,206.7,1013.1,1013.0,206.33,349.06,1318.84,30.4634,12.7103,388.4,57.1,1493.927, NAN, NAN, NAN, NAN,,2024/04/15 22:12:48.869,2024-04-15 22:12:48.869000+00:00
2024/04/15, 22:13:48.869,35.862,-74.87, 10.93,116.54,113.8,10.6,16.8,16.8,1010.9,1010.9,0.0,0.0,85.09,78.49,67,65,12.8,12.6,89.6,89.6,12.1,11.7,208.6,207.1,1013.0,1013.0,200.54,349.25,1308.8,30.499,12.668,389.7,57.2,1493.825, NAN, NAN, NAN, NAN,,2024/04/15 22:13:48.869,2024-04-15 22:13:48.869000+00:00
2024/04/15, 22:14:48.870,35.86,-74.866, 10.27,120.29,113.63,10.05,16.8,16.8,1011.0,1011.2,0.0,0.0,85.09,78.49,66,64,12.8,12.6,89.7,89.6,12.2,11.9,210.0,208.4,1013.1,1013.3,197.76,350.09,1296.99,30.5363,12.651,390.5,57.3,1493.811, NAN, NAN, NAN, NAN,,2024/04/15 22:14:48.870,2024-04-15 22:14:48.870000+00:00
2024/04/15, 22:15:48.870,35.859,-74.864, 9.59,119.59,117.1,9.42,16.8,16.8,1011.0,1011.2,0.0,0.0,85.09,78.49,67,66,12.7,12.4,90.0,90.0,11.9,11.5,209.0,208.6,1013.1,1013.3,192.45,350.11,1286.83,30.5745,12.6297,392.4,57.1,1493.784, NAN, NAN, NAN, NAN,,2024/04/15 22:15:48.870,2024-04-15 22:15:48.870000+00:00
2024/04/15, 22:16:48.870,35.858,-74.861, 9.30,120.66,119.12,8.55,16.8,16.8,1011.0,1011.1,0.0,0.0,85.09,78.49,68,67,12.4,12.2,90.0,90.0,11.8,11.5,209.4,208.8,1013.1,1013.2,186.93,350.21,1267.68,30.5994,12.6045,393.6,57.1,1493.728, NAN, NAN, NAN, NAN,,2024/04/15 22:16:48.870,2024-04-15 22:16:48.870000+00:00
2024/04/15, 22:17:48.870,35.857,-74.859, 7.11,130.09,122.36,6.78,16.8,16.8,1011.1,1011.1,0.0,0.0,85.09,78.49,65,62,12.7,12.6,89.9,90.0,12.2,11.9,211.0,208.1,1013.2,1013.2,183.3,350.5,1259.54,30.6227,12.5882,393.4,57.0,1493.7, NAN, NAN, NAN, NAN,,2024/04/15 22:17:48.870,2024-04-15 22:17:48.870000+00:00
2024/04/15, 22:18:48.870,35.856,-74.857, 4.60,176.98,148.47,3.55,16.8,16.8,1011.2,1011.1,0.0,0.0,85.09,78.49,41,32,12.9,12.0,90.0,90.0,12.3,11.1,225.8,216.9,1013.3,1013.2,169.37,351.04,1254.1,30.6432,12.5935,393.1,56.9,1493.743, NAN, NAN, NAN, NAN,,2024/04/15 22:18:48.870,2024-04-15 22:18:48.870000+00:00
2024/04/15, 22:19:48.870,35.856,-74.857, 0.88,210.2,264.87,0.42,16.8,16.8,1011.0,1011.0,0.0,0.0,85.09,78.49,2,355,10.5,10.1,90.2,90.2,10.3,9.9,212.9,205.8,1013.1,1013.1,158.99,350.58,1269.45,30.6673,12.6048,393.9,56.9,1493.81, NAN, NAN, NAN, NAN,,2024/04/15 22:19:48.870,2024-04-15 22:19:48.870000+00:00
2024/04/15, 22:20:48.870,35.856,-74.857, -0.24,208.36,142.17,0.37,16.9,16.9,1011.0,1011.1,0.0,0.0,85.09,78.49,356,351,10.7,11.1,90.0,90.0,10.7,11.0,205.4,200.3,1013.1,1013.2,158.54,350.02,1258.17,30.665,12.6063,394.2,56.8,1493.812, NAN, NAN, NAN, NAN,,2024/04/15 22:20:48.870,2024-04-15 22:20:48.870000+00:00
2024/04/15, 22:21:48.870,35.856,-74.857, 0.23,208.11,275.15,0.05,16.9,16.9,1011.0,1011.0,0.0,0.0,85.09,78.49,0,354,11.2,10.9,89.9,90.2,11.2,10.9,208.0,202.0,1013.1,1013.1,152.42,350.64,1240.6,30.6527,12.6114,393.6,56.6,1493.815, NAN, NAN, NAN, NAN,,2024/04/15 22:21:48.870,2024-04-15 22:21:48.870000+00:00
2024/04/15, 22:22:48.870,35.856,-74.857, 0.11,208.77,231.54,0.2,16.9,16.9,1011.1,1011.1,0.0,0.0,85.09,78.49,0,355,10.8,10.5,89.8,90.0,10.7,10.4,209.1,204.1,1013.2,1013.2,148.72,350.65,1230.54,30.6432,12.617,392.1,56.6,1493.823, NAN, NAN, NAN, NAN,,2024/04/15 22:22:48.870,2024-04-15 22:22:48.870000+00:00
2024/04/15, 22:23:48.870,35.856,-74.857, 0.16,208.49,281.83,0.44,16.9,16.9,1011.1,1011.0,0.0,0.0,85.09,78.49,0,354,10.7,10.1,89.6,89.7,10.6,10.0,207.4,201.2,1013.2,1013.1,145.67,350.22,1216.58,30.6512,12.6297,393.4,56.7,1493.875, NAN, NAN, NAN, NAN,,2024/04/15 22:23:48.870,2024-04-15 22:23:48.870000+00:00
2024/04/15, 22:24:48.870,35.856,-74.857, 0.13,208.38,140.46,0.31,16.9,16.9,1011.1,1011.0,0.0,0.0,85.09,78.49,359,354,10.6,10.5,89.3,89.8,10.5,10.4,208.1,203.1,1013.2,1013.1,143.95,350.11,1202.55,30.7354,12.6353,397.6,56.7,1493.994, NAN, NAN, NAN, NAN,,2024/04/15 22:24:48.870,2024-04-15 22:24:48.870000+00:00
2024/04/15, 22:25:48.870,35.856,-74.857, 0.11,209.63,294.38,0.22,16.9,17.0,1011.0,1011.1,0.0,0.0,85.09,78.49,356,352,10.6,10.3,89.5,89.5,10.6,10.3,205.0,201.0,1013.1,1013.2,141.36,349.63,1186.58,30.7253,12.6382,398.2,56.7,1493.992, NAN, NAN, NAN, NAN,,2024/04/15 22:25:48.870,2024-04-15 22:25:48.870000+00:00
2024/04/15, 22:26:48.870,35.856,-74.857, 0.09,208.21,105.53,0.44,16.9,16.9,1011.1,1011.0,0.0,0.0,85.09,78.49,357,352,10.5,10.4,89.4,89.3,10.5,10.4,206.4,201.5,1013.2,1013.1,135.04,349.95,1170.57,30.707,12.6363,398.5,56.9,1493.964, NAN, NAN, NAN, NAN,,2024/04/15 22:26:48.870,2024-04-15 22:26:48.870000+00:00
2024/04/15, 22:27:48.870,35.856,-74.857, 0.08,208.23,119.01,0.42,16.9,16.9,1011.1,1011.1,0.0,0.0,85.09,78.49,358,352,10.3,10.0,89.3,89.6,10.3,10.0,207.4,201.5,1013.2,1013.2,132.7,349.78,1157.48,30.7436,12.6317,399.8,56.7,1493.992, NAN, NAN, NAN, NAN,,2024/04/15 22:27:48.870,2024-04-15 22:27:48.870000+00:00
2024/04/15, 22:28:48.870,35.856,-74.857, 0.11,207.31,127.38,0.26,16.9,16.9,1011.2,1011.1,0.0,0.0,85.09,78.49,358,353,10.5,10.3,89.0,89.2,10.5,10.3,206.0,201.0,1013.3,1013.2,127.64,349.52,1139.29,30.7694,12.6327,403.2,56.9,1494.026, NAN, NAN, NAN, NAN,,2024/04/15 22:28:48.870,2024-04-15 22:28:48.870000+00:00
2024/04/15, 22:29:48.870,35.856,-74.857, 0.07,208.04,112.49,0.45,16.8,16.9,1011.2,1011.1,0.0,0.0,85.09,78.49,358,350,10.3,9.9,89.4,89.5,10.4,9.9,207.3,199.4,1013.3,1013.2,125.28,349.66,1128.04,30.7393,12.6355,403.5,56.8,1493.999, NAN, NAN, NAN, NAN,,2024/04/15 22:29:48.870,2024-04-15 22:29:48.870000+00:00
2024/04/15, 22:30:48.870,35.856,-74.857, 0.07,209.4,63.33,0.3,16.8,16.9,1011.2,1011.2,0.0,0.0,85.09,78.49,358,352,10.8,10.6,89.3,89.5,10.9,10.6,208.2,202.2,1013.3,1013.3,123.18,349.98,1113.21,30.7006,12.6389,404.6,56.9,1493.965, NAN, NAN, NAN, NAN,,2024/04/15 22:30:48.870,2024-04-15 22:30:48.870000+00:00
2024/04/15, 22:31:48.871,35.856,-74.857, 0.09,208.69,351.22,0.18,16.8,16.8,1011.2,1011.2,0.0,0.0,85.09,78.49,359,354,10.1,10.4,89.6,89.5,10.2,10.5,207.4,202.5,1013.3,1013.3,121.66,349.64,1061.45,30.6874,12.6357,403.2,56.8,1493.939, NAN, NAN, NAN, NAN,,2024/04/15 22:31:48.871,2024-04-15 22:31:48.871000+00:00
2024/04/15, 22:32:48.871,35.856,-74.857, 0.11,208.16,305.93,0.18,16.8,16.8,1011.1,1011.2,0.0,0.0,85.09,78.49,359,354,10.7,10.4,89.8,89.9,10.6,10.4,206.8,201.7,1013.2,1013.3,115.23,350.36,1078.41,30.6951,12.6315,405.9,56.8,1493.933, NAN, NAN, NAN, NAN,,2024/04/15 22:32:48.871,2024-04-15 22:32:48.871000+00:00
2024/04/15, 22:33:48.871,35.856,-74.857, 0.08,208.12,268.76,0.38,16.8,16.8,1011.1,1011.1,0.0,0.0,85.09,78.49,359,352,10.7,10.3,90.0,90.1,10.6,10.2,206.2,199.1,1013.2,1013.2,111.98,350.44,1061.76,30.669,12.6317,404.6,56.9,1493.903, NAN, NAN, NAN, NAN,,2024/04/15 22:33:48.871,2024-04-15 22:33:48.871000+00:00
2024/04/15, 22:34:48.871,35.856,-74.857, 0.05,208.43,275.58,0.12,16.8,16.8,1011.0,1011.0,0.0,0.0,85.09,78.49,0,352,10.1,10.1,89.9,89.8,10.1,10.1,208.1,200.1,1013.1,1013.1,109.05,349.64,1041.3,30.6674,12.6245,403.6,56.9,1493.877, NAN, NAN, NAN, NAN,,2024/04/15 22:34:48.871,2024-04-15 22:34:48.871000+00:00
2024/04/15, 22:35:48.871,35.855,-74.857, 0.41,207.52,164.58,1.02,16.8,16.8,1011.2,1011.1,0.0,0.0,85.09,78.49,3,358,11.4,11.1,89.5,89.8,10.9,10.6,211.3,206.1,1013.3,1013.2,106.72,350.55,1017.87,30.666,12.6203,403.2,57.0,1493.861, NAN, NAN, NAN, NAN,,2024/04/15 22:35:48.871,2024-04-15 22:35:48.871000+00:00
2024/04/15, 22:36:48.871,35.855,-74.857, 1.30,257.44,244.96,1.69,16.8,16.8,1011.1,1011.1,0.0,0.0,85.09,78.49,324,317,10.9,12.5,89.7,89.9,10.2,11.8,218.8,211.8,1013.2,1013.2,113.11,350.6,1024.16,30.6537,12.6175,406.7,56.8,1493.837, NAN, NAN, NAN, NAN,,2024/04/15 22:36:48.871,2024-04-15 22:36:48.871000+00:00
2024/04/15, 22:37:48.871,35.856,-74.858, 1.70,326.55,331.22,2.66,16.8,16.8,1011.2,1011.0,0.0,0.0,85.09,78.49,251,246,10.4,10.2,89.6,89.9,11.1,11.0,211.1,206.4,1013.3,1013.1,108.91,349.84,1009.37,30.6479,12.6094,407.6,56.7,1493.802, NAN, NAN, NAN, NAN,,2024/04/15 22:37:48.871,2024-04-15 22:37:48.871000+00:00
2024/04/15, 22:38:48.871,35.856,-74.858, 3.22,29.64,20.16,3.85,16.8,16.8,1011.2,1011.3,0.0,0.0,85.09,78.49,164,120,4.8,2.9,89.0,89.3,6.8,4.4,196.6,171.2,1013.3,1013.4,113.66,349.44,967.26,30.6579,12.5998,405.6,56.5,1493.781, NAN, NAN, NAN, NAN,,2024/04/15 22:38:48.871,2024-04-15 22:38:48.871000+00:00
2024/04/15, 22:39:48.871,35.857,-74.857, 3.87,47.34,59.81,3.89,16.7,16.8,1011.2,1011.2,0.0,0.0,85.09,78.49,154,153,8.1,8.8,89.1,89.1,10.0,10.6,206.0,204.8,1013.3,1013.3,108.36,348.6,939.16,30.7512,12.5898,404.9,56.6,1493.858, NAN, NAN, NAN, NAN,,2024/04/15 22:39:48.871,2024-04-15 22:39:48.871000+00:00
2024/04/15, 22:40:48.871,35.858,-74.856, 2.95,69.71,65.27,3.02,16.6,16.6,1011.3,1011.2,0.0,0.0,85.09,78.49,135,132,10.4,10.2,89.6,89.9,11.7,11.4,209.4,206.8,1013.4,1013.3,104.39,348.43,910.53,30.678,12.5778,401.2,56.6,1493.73, NAN, NAN, NAN, NAN,,2024/04/15 22:40:48.871,2024-04-15 22:40:48.871000+00:00
2024/04/15, 22:41:48.871,35.858,-74.855, 2.44,88.61,76.19,2.88,16.6,16.6,1011.2,1011.1,0.0,0.0,85.09,78.49,120,115,9.5,9.2,89.8,90.2,10.6,10.2,214.3,210.0,1013.3,1013.2,103.48,348.57,884.93,30.6558,12.5728,402.2,56.7,1493.687, NAN, NAN, NAN, NAN,,2024/04/15 22:41:48.871,2024-04-15 22:41:48.871000+00:00
2024/04/15, 22:42:48.871,35.859,-74.854, 4.04,81.96,77.61,4.07,16.5,16.6,1011.1,1011.2,0.0,0.0,85.09,78.49,120,118,10.4,9.8,89.9,90.0,11.7,11.1,210.4,209.1,1013.2,1013.3,101.2,349.34,869.29,30.6475,12.5396,401.2,56.7,1493.564, NAN, NAN, NAN, NAN,,2024/04/15 22:42:48.871,2024-04-15 22:42:48.871000+00:00
2024/04/15, 22:43:48.871,35.859,-74.853, 4.09,80.76,72.52,3.88,16.5,16.6,1011.2,1011.1,0.0,0.0,85.09,78.49,120,119,10.5,10.1,90.3,90.5,11.8,11.4,208.4,207.8,1013.3,1013.2,97.98,349.16,848.86,30.6537,12.517,401.2,56.6,1493.494, NAN, NAN, NAN, NAN,,2024/04/15 22:43:48.871,2024-04-15 22:43:48.871000+00:00
2024/04/15, 22:44:48.871,35.859,-74.851, 2.91,94.79,70.13,2.81,16.5,16.6,1011.0,1011.1,0.0,0.0,85.09,78.49,116,111,10.8,10.3,90.5,90.5,11.9,11.3,215.5,211.1,1013.1,1013.2,87.64,349.1,784.11,30.6609,12.5291,402.5,56.8,1493.544, NAN, NAN, NAN, NAN,,2024/04/15 22:44:48.871,2024-04-15 22:44:48.871000+00:00
2024/04/15, 22:45:48.871,35.859,-74.85, 2.82,103.15,97.43,3.12,16.5,16.6,1011.1,1011.1,0.0,0.0,85.09,78.49,104,101,10.5,10.1,90.3,90.5,11.3,10.9,214.4,211.9,1013.2,1013.2,83.98,349.5,736.36,30.6883,12.5332,402.5,57.0,1493.591, NAN, NAN, NAN, NAN,,2024/04/15 22:45:48.871,2024-04-15 22:45:48.871000+00:00
2024/04/15, 22:46:48.871,35.859,-74.849, 3.52,100.85,78.36,3.3,16.5,16.6,1011.1,1011.1,0.0,0.0,85.09,78.49,102,99,10.5,10.5,90.6,90.6,11.5,11.4,210.2,207.5,1013.2,1013.2,84.32,349.75,768.51,30.7074,12.5319,398.2,56.9,1493.609, NAN, NAN, NAN, NAN,,2024/04/15 22:46:48.871,2024-04-15 22:46:48.871000+00:00
2024/04/15, 22:47:48.872,35.859,-74.849, 2.60,132.34,61.23,1.52,16.6,16.6,1011.2,1011.1,0.0,0.0,85.09,78.49,87,82,10.5,10.7,90.5,90.5,11.1,11.2,222.1,217.3,1013.3,1013.2,84.22,350.3,771.99,30.7082,12.5322,401.6,56.8,1493.611, NAN, NAN, NAN, NAN,,2024/04/15 22:47:48.872,2024-04-15 22:47:48.872000+00:00
2024/04/15, 22:48:48.872,35.859,-74.848, -0.02,180.9,86.33,1.02,16.6,16.6,1011.1,1011.1,0.0,0.0,85.09,78.49,38,31,10.6,10.5,90.4,90.4,10.9,10.8,221.0,214.3,1013.2,1013.2,83.23,351.85,752.88,30.7191,12.5329,402.5,56.8,1493.626, NAN, NAN, NAN, NAN,,2024/04/15 22:48:48.872,2024-04-15 22:48:48.872000+00:00
2024/04/15, 22:49:48.872,35.859,-74.848, -0.06,189.46,106.6,0.71,16.6,16.6,1011.0,1011.2,0.0,0.0,85.09,78.49,20,16,10.5,10.3,90.5,90.4,10.6,10.4,211.4,207.5,1013.1,1013.3,68.89,351.8,641.19,30.7328,12.5337,404.0,57.0,1493.645, NAN, NAN, NAN, NAN,,2024/04/15 22:49:48.872,2024-04-15 22:49:48.872000+00:00
2024/04/15, 22:50:48.872,35.859,-74.848, 0.18,190.59,97.98,1.01,16.7,16.7,1011.0,1011.1,0.0,0.0,85.09,78.49,18,14,10.7,10.8,90.4,90.4,10.9,10.9,211.2,207.2,1013.1,1013.2,61.04,351.19,602.76,30.7435,12.5247,402.5,56.8,1493.627, NAN, NAN, NAN, NAN,,2024/04/15 22:50:48.872,2024-04-15 22:50:48.872000+00:00
2024/04/15, 22:51:48.872,35.859,-74.847, 0.12,204.51,217.85,0.17,16.7,16.7,1011.0,1011.2,0.0,0.0,85.09,78.49,7,2,10.6,10.0,90.2,90.3,10.5,9.9,211.3,206.3,1013.1,1013.3,67.19,351.87,397.19,30.7525,12.519,403.2,56.8,1493.618, NAN, NAN, NAN, NAN,,2024/04/15 22:51:48.872,2024-04-15 22:51:48.872000+00:00
2024/04/15, 22:52:48.872,35.859,-74.847, 0.31,204.2,66.09,0.13,16.7,16.7,1011.1,1011.0,0.0,0.0,85.09,78.49,6,1,10.9,10.7,89.8,90.0,10.9,10.7,210.5,205.5,1013.2,1013.1,63.77,351.91,284.15,30.7627,12.5274,406.7,56.7,1493.659, NAN, NAN, NAN, NAN,,2024/04/15 22:52:48.872,2024-04-15 22:52:48.872000+00:00
2024/04/15, 22:53:48.872,35.859,-74.847, 0.04,203.13,117.28,0.34,16.8,16.8,1011.2,1011.1,0.0,0.0,85.09,78.49,7,3,10.7,10.6,90.0,90.0,10.7,10.6,211.1,207.1,1013.3,1013.2,64.49,351.67,454.61,30.779,12.5334,407.6,56.7,1493.699, NAN, NAN, NAN, NAN,,2024/04/15 22:53:48.872,2024-04-15 22:53:48.872000+00:00
2024/04/15, 22:54:48.872,35.859,-74.847, 0.13,202.69,93.73,0.31,16.8,16.8,1011.1,1011.2,0.0,0.0,85.09,78.49,8,2,11.0,10.7,89.5,89.8,11.1,10.8,211.3,205.4,1013.2,1013.3,61.92,351.65,626.98,30.7995,12.5366,407.0,57.0,1493.734, NAN, NAN, NAN, NAN,,2024/04/15 22:54:48.872,2024-04-15 22:54:48.872000+00:00
2024/04/15, 22:55:48.872,35.859,-74.847, 1.40,191.75,183.74,1.42,16.8,16.8,1011.0,1011.1,0.0,0.0,85.09,78.49,15,11,11.7,11.4,90.1,90.0,11.0,10.7,207.9,203.6,1013.1,1013.2,60.25,352.31,606.74,30.8275,12.5364,407.6,56.7,1493.767, NAN, NAN, NAN, NAN,,2024/04/15 22:55:48.872,2024-04-15 22:55:48.872000+00:00
2024/04/15, 22:56:48.872,35.858,-74.847, 3.16,179.41,169.91,3.31,16.8,16.8,1011.2,1011.0,0.0,0.0,85.09,78.49,29,24,12.0,11.7,89.7,89.8,10.7,10.3,214.1,208.6,1013.3,1013.1,63.14,351.77,578.93,30.8651,12.5293,408.3,56.7,1493.787, NAN, NAN, NAN, NAN,,2024/04/15 22:56:48.872,2024-04-15 22:56:48.872000+00:00
2024/04/15, 22:57:48.872,35.858,-74.847, 3.71,184.44,170.15,3.85,16.8,16.8,1010.8,1011.3,0.0,0.0,85.09,78.49,24,19,12.6,12.2,89.7,89.8,11.0,10.5,214.4,208.9,1012.9,1013.4,58.24,351.68,554.07,30.9212,12.5247,411.3,56.6,1493.838, NAN, NAN, NAN, NAN,,2024/04/15 22:57:48.872,2024-04-15 22:57:48.872000+00:00
2024/04/15, 22:58:48.872,35.856,-74.847, 4.16,190.24,189.11,4.05,16.8,16.8,1010.8,1011.1,0.0,0.0,85.09,78.49,18,13,12.6,12.0,89.8,89.8,10.7,10.1,212.8,207.1,1012.9,1013.2,54.95,351.99,536.43,30.9706,12.5291,410.0,56.7,1493.912, NAN, NAN, NAN, NAN,,2024/04/15 22:58:48.872,2024-04-15 22:58:48.872000+00:00
2024/04/15, 22:59:48.872,35.855,-74.847, 4.43,192.38,185.63,4.33,16.8,16.8,1011.1,1011.1,0.0,0.0,85.09,78.49,16,11,12.6,12.3,90.0,90.0,10.5,10.2,212.6,206.7,1013.2,1013.2,53.27,351.73,504.64,30.8789,12.5492,407.0,56.7,1493.871, NAN, NAN, NAN, NAN,,2024/04/15 22:59:48.872,2024-04-15 22:59:48.872000+00:00
2024/04/15, 23:00:48.872,35.854,-74.847, 4.34,192.54,186.02,3.92,16.8,16.8,1011.1,1011.1,0.0,0.0,85.09,78.49,16,11,12.9,12.4,90.0,90.1,11.1,10.5,212.8,207.1,1013.2,1013.2,50.67,352.23,483.83,30.8178,12.5687,407.3,56.6,1493.865, NAN, NAN, NAN, NAN,,2024/04/15 23:00:48.872,2024-04-15 23:00:48.872000+00:00
2024/04/15, 23:01:48.872,35.853,-74.847, 4.02,200.72,169.96,3.1,16.8,16.8,1011.1,1011.2,0.0,0.0,85.09,78.49,15,9,11.8,11.2,90.2,90.2,10.5,9.8,220.3,213.8,1013.2,1013.3,48.75,351.99,455.48,30.7752,12.5909,407.6,56.4,1493.89, NAN, NAN, NAN, NAN,,2024/04/15 23:01:48.872,2024-04-15 23:01:48.872000+00:00
2024/04/15, 23:02:48.872,35.853,-74.848, 2.47,219.98,210.33,1.02,16.8,16.8,1011.0,1011.3,0.0,0.0,85.09,78.49,350,343,10.2,10.1,90.2,90.2,9.7,9.6,209.9,202.5,1013.1,1013.4,45.39,352.03,445.15,30.7355,12.6032,408.6,56.7,1493.885, NAN, NAN, NAN, NAN,,2024/04/15 23:02:48.872,2024-04-15 23:02:48.872000+00:00
2024/04/15, 23:03:48.872,35.853,-74.848, NAN,214.48,234.23,0.67,16.7,16.8,1011.3,1011.2,0.0,0.0,85.09,78.49,355,349,9.9,10.0,90.3,90.1,9.6,9.7,209.1,202.9,1013.4,1013.3,43.58,351.57,424.27,30.7027,12.6065,407.6,56.7,1493.857, NAN, NAN, NAN, NAN,,2024/04/15 23:03:48.872,2024-04-15 23:03:48.872000+00:00
2024/04/15, 23:04:48.873,35.852,-74.848, NAN,216.01,234.76,0.84,16.7,16.7,1011.2,1011.3,0.0,0.0,85.09,78.49,354,349,9.8,9.5,90.2,90.1,9.4,9.1,209.5,204.3,1013.3,1013.4,41.3,352.01,384.91,30.6761,12.6089,406.2,56.8,1493.834, NAN, NAN, NAN, NAN,,2024/04/15 23:04:48.873,2024-04-15 23:04:48.873000+00:00
2024/04/15, 23:05:48.873,35.852,-74.848, NAN,215.67,344.4,0.25,16.7,16.7,1011.2,1011.2,0.0,0.0,85.09,78.49,355,349,9.5,9.4,90.2,90.2,9.6,9.5,210.0,204.0,1013.3,1013.3,40.08,352.38,361.69,30.6968,12.607,410.0,56.6,1493.852, NAN, NAN, NAN, NAN,,2024/04/15 23:05:48.873,2024-04-15 23:05:48.873000+00:00
2024/04/15, 23:06:48.873,35.852,-74.848, NAN,215.88,119.48,0.41,16.7,16.7,1011.1,1011.2,0.0,0.0,85.09,78.49,353,348,9.6,9.4,90.4,90.4,9.6,9.4,210.1,205.2,1013.2,1013.3,37.99,352.15,349.62,30.7659,12.6103,409.2,56.7,1493.945, NAN, NAN, NAN, NAN,,2024/04/15 23:06:48.873,2024-04-15 23:06:48.873000+00:00
2024/04/15, 23:07:48.873,35.852,-74.848, NAN,216.34,338.12,0.2,16.7,16.7,1011.3,1011.3,0.0,0.0,85.09,78.49,353,347,9.8,9.6,90.1,90.4,9.9,9.7,208.8,202.8,1013.4,1013.4,35.81,352.64,324.05,30.7218,12.6141,409.6,56.6,1493.906, NAN, NAN, NAN, NAN,,2024/04/15 23:07:48.873,2024-04-15 23:07:48.873000+00:00
2024/04/15, 23:08:48.873,35.852,-74.848, 0.06,215.23,162.61,0.07,16.7,16.7,1011.4,1011.2,0.0,0.0,85.09,78.49,351,347,9.7,9.6,90.2,90.4,9.7,9.6,206.2,202.2,1013.5,1013.3,34.06,352.78,297.57,30.6967,12.6171,412.6,56.6,1493.886, NAN, NAN, NAN, NAN,,2024/04/15 23:08:48.873,2024-04-15 23:08:48.873000+00:00
2024/04/15, 23:09:48.873,35.852,-74.848, 0.17,210.68,264.19,0.14,16.7,16.7,1011.3,1011.2,0.0,0.0,85.09,78.49,356,350,9.9,9.7,90.3,90.5,10.0,9.8,206.4,200.4,1013.4,1013.3,32.12,352.75,274.87,30.6652,12.6188,409.9,56.7,1493.855, NAN, NAN, NAN, NAN,,2024/04/15 23:09:48.873,2024-04-15 23:09:48.873000+00:00
2024/04/15, 23:10:48.873,35.852,-74.848, 0.16,209.73,353.46,0.14,16.7,16.7,1011.2,1011.3,0.0,0.0,85.09,78.49,359,354,9.9,9.8,90.2,90.3,9.9,9.8,208.4,203.4,1013.3,1013.4,30.88,352.67,250.28,30.6456,12.6165,411.0,56.8,1493.824, NAN, NAN, NAN, NAN,,2024/04/15 23:10:48.873,2024-04-15 23:10:48.873000+00:00
2024/04/15, 23:11:48.873,35.852,-74.848, 0.12,209.88,290.57,0.29,16.7,16.7,1011.5,1011.2,0.0,0.0,85.09,78.49,1,356,10.4,10.0,90.1,90.2,10.3,10.0,210.1,205.1,1013.6,1013.3,28.42,353.04,231.62,30.6314,12.6151,411.0,56.8,1493.802, NAN, NAN, NAN, NAN,,2024/04/15 23:11:48.873,2024-04-15 23:11:48.873000+00:00
2024/04/15, 23:12:48.873,35.852,-74.848, 0.16,211.08,358.12,0.15,16.8,16.8,1011.3,1011.3,0.0,0.0,85.09,78.49,0,354,9.7,9.7,90.3,90.3,9.7,9.7,211.4,205.5,1013.4,1013.4,26.92,352.85,217.7,30.615,12.6197,412.0,56.8,1493.798, NAN, NAN, NAN, NAN,,2024/04/15 23:12:48.873,2024-04-15 23:12:48.873000+00:00
2024/04/15, 23:13:48.873,35.852,-74.848, 0.22,210.73,310.4,0.11,16.8,16.8,1011.3,1011.3,0.0,0.0,85.09,78.49,2,354,10.4,9.8,89.8,90.0,10.5,9.9,212.6,204.7,1013.4,1013.4,24.91,353.75,196.55,30.6228,12.6248,412.0,56.6,1493.825, NAN, NAN, NAN, NAN,,2024/04/15 23:13:48.873,2024-04-15 23:13:48.873000+00:00
2024/04/15, 23:14:48.873,35.852,-74.848, 0.07,210.25,163.27,0.08,16.9,16.8,1011.3,1011.3,0.0,0.0,85.09,78.49,2,356,10.3,9.9,89.6,89.8,10.3,9.9,212.4,206.3,1013.4,1013.4,23.26,353.5,182.36,30.6168,12.6196,411.0,56.6,1493.8, NAN, NAN, NAN, NAN,,2024/04/15 23:14:48.873,2024-04-15 23:14:48.873000+00:00
2024/04/15, 23:15:48.873,35.852,-74.848, 0.20,209.22,309.64,0.21,16.9,16.9,1011.3,1011.3,0.0,0.0,85.09,78.49,2,357,10.2,9.8,89.5,89.7,10.1,9.8,210.7,205.7,1013.4,1013.4,21.21,353.46,152.8,30.6504,12.6222,411.3,56.6,1493.849, NAN, NAN, NAN, NAN,,2024/04/15 23:15:48.873,2024-04-15 23:15:48.873000+00:00
2024/04/15, 23:16:48.873,35.852,-74.848, 0.19,210.39,84.12,0.39,16.9,16.9,1011.2,1011.4,0.0,0.0,85.09,78.49,0,354,9.9,10.0,89.2,89.5,10.0,10.1,211.3,205.4,1013.3,1013.5,19.8,353.72,150.65,30.637,12.6269,412.3,56.6,1493.849, NAN, NAN, NAN, NAN,,2024/04/15 23:16:48.873,2024-04-15 23:16:48.873000+00:00
2024/04/15, 23:17:48.873,35.852,-74.848, 0.21,209.43,116.75,0.82,16.9,16.9,1011.2,1011.4,0.0,0.0,85.09,78.49,3,357,10.2,9.6,89.2,89.5,10.3,9.6,214.7,208.9,1013.3,1013.5,17.68,353.43,135.24,30.6335,12.6263,412.3,56.6,1493.843, NAN, NAN, NAN, NAN,,2024/04/15 23:17:48.873,2024-04-15 23:17:48.873000+00:00
2024/04/15, 23:18:48.873,35.852,-74.848, 0.18,209.85,191.41,0.19,16.9,16.9,1011.5,1011.3,0.0,0.0,85.09,78.49,3,358,10.3,10.0,89.2,89.2,10.2,9.9,213.1,208.0,1013.6,1013.4,16.42,353.74,122.29,30.6515,12.6251,411.0,56.5,1493.86, NAN, NAN, NAN, NAN,,2024/04/15 23:18:48.873,2024-04-15 23:18:48.873000+00:00
2024/04/15, 23:19:48.873,35.852,-74.848, 0.01,209.71,173.4,0.09,16.9,16.9,1011.3,1011.3,0.0,0.0,85.09,78.49,1,356,10.1,10.2,88.8,89.0,10.1,10.2,210.6,205.6,1013.4,1013.4,15.03,354.01,110.82,30.6228,12.6233,413.4,56.8,1493.82, NAN, NAN, NAN, NAN,,2024/04/15 23:19:48.873,2024-04-15 23:19:48.873000+00:00
2024/04/15, 23:20:48.873,35.852,-74.848, 0.17,210.64,311.1,0.13,16.9,16.9,1011.4,1011.3,0.0,0.0,85.09,78.49,2,356,10.2,9.6,88.7,88.9,10.3,9.7,212.8,206.8,1013.5,1013.4,13.41,354.2,100.56,30.5946,12.6211,412.3,56.4,1493.779, NAN, NAN, NAN, NAN,,2024/04/15 23:20:48.873,2024-04-15 23:20:48.873000+00:00
2024/04/15, 23:21:48.874,35.852,-74.848, 0.24,209.01,113.18,0.42,16.9,16.9,1011.4,1011.5,0.0,0.0,85.09,78.49,2,356,10.4,10.3,88.6,88.8,10.4,10.3,212.2,206.2,1013.5,1013.6,11.64,354.71,88.61,30.6096,12.6176,413.4,56.5,1493.785, NAN, NAN, NAN, NAN,,2024/04/15 23:21:48.874,2024-04-15 23:21:48.874000+00:00
2024/04/15, 23:22:48.874,35.852,-74.848, 0.18,210.58,311.7,0.43,16.9,16.9,1011.5,1011.4,0.0,0.0,85.09,78.49,1,356,9.9,9.5,88.8,89.1,9.9,9.5,210.3,205.3,1013.6,1013.5,10.04,353.98,79.8,30.5912,12.6143,412.3,56.7,1493.752, NAN, NAN, NAN, NAN,,2024/04/15 23:22:48.874,2024-04-15 23:22:48.874000+00:00
2024/04/15, 23:23:48.874,35.852,-74.848, 0.20,209.13,119.37,0.25,17.0,17.0,1011.5,1011.3,0.0,0.0,85.09,78.49,3,357,10.0,9.8,88.4,88.5,10.0,9.8,212.9,206.9,1013.6,1013.4,8.56,354.01,69.59,30.5804,12.6092,412.9,56.8,1493.722, NAN, NAN, NAN, NAN,,2024/04/15 23:23:48.874,2024-04-15 23:23:48.874000+00:00
2024/04/15, 23:24:48.874,35.852,-74.848, 0.08,211.39,5.19,0.14,17.0,17.0,1011.3,1011.5,0.0,0.0,85.09,78.49,2,356,10.0,10.0,88.2,88.3,10.1,10.1,213.4,207.5,1013.4,1013.6,7.12,354.04,62.62,30.5785,12.6072,412.3,56.8,1493.712, NAN, NAN, NAN, NAN,,2024/04/15 23:24:48.874,2024-04-15 23:24:48.874000+00:00
2024/04/15, 23:25:48.874,35.852,-74.848, 0.20,208.61,146.06,0.21,17.0,17.0,1011.3,1011.6,0.0,0.0,85.09,78.49,3,358,9.9,9.6,88.0,88.3,9.9,9.6,211.1,206.0,1013.4,1013.7,5.9,354.02,54.38,30.5743,12.6061,412.6,56.8,1493.704, NAN, NAN, NAN, NAN,,2024/04/15 23:25:48.874,2024-04-15 23:25:48.874000+00:00
2024/04/15, 23:26:48.874,35.852,-74.848, 0.16,209.83,139.41,0.31,17.0,17.0,1011.5,1011.5,0.0,0.0,85.09,78.49,2,357,10.1,9.7,87.8,88.0,10.0,9.6,212.6,207.6,1013.6,1013.6,4.58,354.57,49.34,30.5714,12.6016,412.3,56.8,1493.685, NAN, NAN, NAN, NAN,,2024/04/15 23:26:48.874,2024-04-15 23:26:48.874000+00:00
2024/04/15, 23:27:48.874,35.852,-74.848, 0.08,211.83,4.08,0.31,16.9,17.0,1011.4,1011.5,0.0,0.0,85.09,78.49,2,355,10.3,9.9,88.0,88.3,10.5,10.1,213.8,206.9,1013.5,1013.6,3.6,354.19,44.94,30.5698,12.6015,415.3,56.9,1493.683, NAN, NAN, NAN, NAN,,2024/04/15 23:27:48.874,2024-04-15 23:27:48.874000+00:00
2024/04/15, 23:28:48.874,35.852,-74.848, 0.43,209.04,104.79,0.25,16.9,16.9,1011.5,1011.5,0.0,0.0,85.09,78.49,2,357,9.8,10.0,87.9,88.0,9.8,10.0,211.8,206.8,1013.6,1013.6,2.58,354.52,39.28,30.5787,12.5995,412.6,56.8,1493.686, NAN, NAN, NAN, NAN,,2024/04/15 23:28:48.874,2024-04-15 23:28:48.874000+00:00
2024/04/15, 23:29:48.874,35.852,-74.848, 0.18,209.78,172.6,0.19,16.9,16.9,1011.3,1011.5,0.0,0.0,85.09,78.49,3,358,10.2,9.9,88.3,88.4,10.2,9.9,213.3,208.3,1013.4,1013.6,1.6,355.24,35.14,30.571,12.6018,412.6,56.9,1493.685, NAN, NAN, NAN, NAN,,2024/04/15 23:29:48.874,2024-04-15 23:29:48.874000+00:00
2024/04/15, 23:30:48.874,35.852,-74.848, 0.24,209.22,241.6,0.14,16.9,16.9,1011.5,1011.4,0.0,0.0,85.09,78.49,4,359,9.8,9.7,88.5,88.6,9.8,9.7,212.8,207.8,1013.6,1013.5,0.9,355.34,31.45,30.5709,12.6058,414.4,56.8,1493.699, NAN, NAN, NAN, NAN,,2024/04/15 23:30:48.874,2024-04-15 23:30:48.874000+00:00
2024/04/15, 23:31:48.874,35.852,-74.848, 0.13,210.78,24.91,0.26,17.0,17.0,1011.5,1011.4,0.0,0.0,85.09,78.49,4,357,10.1,9.4,88.3,88.4,10.2,9.5,215.2,208.3,1013.6,1013.5,0.14,355.66,28.1,30.5677,12.6084,416.0,56.7,1493.704, NAN, NAN, NAN, NAN,,2024/04/15 23:31:48.874,2024-04-15 23:31:48.874000+00:00
2024/04/15, 23:32:48.874,35.852,-74.848, 0.18,211.56,306.56,0.38,17.0,17.0,1011.5,1011.6,0.0,0.0,85.09,78.49,3,356,10.0,9.5,88.0,88.1,10.1,9.6,213.5,206.5,1013.6,1013.7,-0.24,355.12,24.68,30.5672,12.6103,413.7,56.7,1493.71, NAN, NAN, NAN, NAN,,2024/04/15 23:32:48.874,2024-04-15 23:32:48.874000+00:00
2024/04/15, 23:33:48.874,35.852,-74.848, 0.24,209.21,287.4,0.44,17.1,17.1,1011.4,1011.5,0.0,0.0,85.09,78.49,3,357,10.3,9.8,87.7,87.9,10.3,9.8,211.0,204.9,1013.5,1013.6,-0.91,355.11,22.0,30.5607,12.6119,413.4,56.8,1493.707, NAN, NAN, NAN, NAN,,2024/04/15 23:33:48.874,2024-04-15 23:33:48.874000+00:00
2024/04/15, 23:34:48.874,35.852,-74.848, 0.12,209.38,138.03,0.31,17.1,17.1,1011.5,1011.5,0.0,0.0,85.09,78.49,4,356,10.1,9.6,87.6,87.5,10.0,9.5,214.2,206.2,1013.6,1013.6,-1.4,354.54,19.61,30.5559,12.6118,413.7,56.7,1493.701, NAN, NAN, NAN, NAN,,2024/04/15 23:34:48.874,2024-04-15 23:34:48.874000+00:00
2024/04/15, 23:35:48.874,35.852,-74.848, 0.23,209.83,329.23,0.15,17.1,17.1,1011.3,1011.4,0.0,0.0,85.09,78.49,359,354,10.1,9.7,87.3,87.2,10.1,9.7,208.4,203.4,1013.4,1013.5,-1.76,354.59,17.33,30.5499,12.6101,413.4,56.6,1493.688, NAN, NAN, NAN, NAN,,2024/04/15 23:35:48.874,2024-04-15 23:35:48.874000+00:00
2024/04/15, 23:36:48.874,35.852,-74.848, 0.14,210.38,157.13,0.09,17.1,17.1,1011.4,1011.6,0.0,0.0,85.09,78.49,358,353,10.1,9.9,87.1,87.3,10.1,9.9,208.5,203.5,1013.5,1013.7,-2.15,354.41,15.29,30.5443,12.6087,413.7,56.7,1493.677, NAN, NAN, NAN, NAN,,2024/04/15 23:36:48.874,2024-04-15 23:36:48.874000+00:00
2024/04/15, 23:37:48.875,35.852,-74.848, 0.16,210.52,294.38,0.22,17.0,17.1,1011.6,1011.4,0.0,0.0,85.09,78.49,0,353,10.6,9.7,87.6,87.2,10.5,9.7,210.0,202.9,1013.7,1013.5,-2.57,355.24,13.04,30.5467,12.6046,414.7,56.8,1493.666, NAN, NAN, NAN, NAN,,2024/04/15 23:37:48.875,2024-04-15 23:37:48.875000+00:00
2024/04/15, 23:38:48.875,35.852,-74.848, 0.11,209.49,201.98,0.3,17.0,17.0,1011.5,1011.5,0.0,0.0,85.09,78.49,0,355,10.6,10.0,87.7,87.7,10.5,9.9,210.2,205.2,1013.6,1013.6,-2.94,355.23,11.32,30.5413,12.6016,412.9,56.6,1493.649, NAN, NAN, NAN, NAN,,2024/04/15 23:38:48.875,2024-04-15 23:38:48.875000+00:00
2024/04/15, 23:39:48.875,35.852,-74.848, 0.10,211.44,283.02,0.18,17.0,17.0,1011.6,1011.6,0.0,0.0,85.09,78.49,0,353,10.1,9.9,87.5,87.8,10.1,9.9,210.9,203.9,1013.7,1013.7,-3.21,355.38,9.73,30.538,12.5999,412.3,56.6,1493.64, NAN, NAN, NAN, NAN,,2024/04/15 23:39:48.875,2024-04-15 23:39:48.875000+00:00
2024/04/15, 23:40:48.875,35.852,-74.848, 0.22,210.55,56.81,0.38,17.0,17.0,1011.5,1011.6,0.0,0.0,85.09,78.49,2,357,10.3,9.9,87.7,87.9,10.4,10.0,213.4,208.5,1013.6,1013.7,-3.64,355.68,8.26,30.5352,12.5978,412.9,56.6,1493.629, NAN, NAN, NAN, NAN,,2024/04/15 23:40:48.875,2024-04-15 23:40:48.875000+00:00
2024/04/15, 23:41:48.875,35.852,-74.848, 0.15,209.92,65.63,0.14,17.0,17.0,1011.5,1011.8,0.0,0.0,85.09,78.49,3,357,10.5,10.3,87.8,87.8,10.5,10.3,213.3,207.3,1013.6,1013.9,-4.04,356.2,6.96,30.5365,12.5951,411.6,56.6,1493.621, NAN, NAN, NAN, NAN,,2024/04/15 23:41:48.875,2024-04-15 23:41:48.875000+00:00
2024/04/15, 23:42:48.875,35.852,-74.848, 0.05,210.48,300.51,0.15,17.0,17.0,1011.6,1011.8,0.0,0.0,85.09,78.49,1,355,10.1,9.8,88.0,88.2,10.1,9.8,211.1,205.1,1013.7,1013.9,-4.33,355.91,5.62,30.5385,12.5883,412.3,56.5,1493.601, NAN, NAN, NAN, NAN,,2024/04/15 23:42:48.875,2024-04-15 23:42:48.875000+00:00
2024/04/15, 23:43:48.875,35.852,-74.848, 0.21,207.88,123.79,0.44,17.0,17.0,1011.5,1011.7,0.0,0.0,85.09,78.49,4,358,10.4,9.9,87.9,88.0,10.4,9.8,213.1,207.1,1013.6,1013.8,-4.65,356.28,4.65,30.5368,12.5828,413.2,56.5,1493.58, NAN, NAN, NAN, NAN,,2024/04/15 23:43:48.875,2024-04-15 23:43:48.875000+00:00
2024/04/15, 23:44:48.875,35.852,-74.848, 0.07,210.96,23.49,0.17,17.0,17.0,1011.5,1011.8,0.0,0.0,85.09,78.49,1,356,10.1,9.5,88.0,88.2,10.2,9.6,212.2,207.2,1013.6,1013.9,-5.16,355.81,3.81,30.5393,12.5832,413.2,56.4,1493.584, NAN, NAN, NAN, NAN,,2024/04/15 23:44:48.875,2024-04-15 23:44:48.875000+00:00
2024/04/15, 23:45:48.875,35.852,-74.848, 0.19,210.09,156.34,0.43,17.0,17.0,1011.6,1011.8,0.0,0.0,85.09,78.49,3,356,10.2,10.1,87.9,87.9,10.1,10.0,214.2,207.2,1013.7,1013.9,-5.36,355.86,3.08,30.5432,12.5853,412.6,56.6,1493.596, NAN, NAN, NAN, NAN,,2024/04/15 23:45:48.875,2024-04-15 23:45:48.875000+00:00
2024/04/15, 23:46:48.875,35.852,-74.848, 0.14,211.2,274.56,0.35,17.0,17.0,1011.8,1011.7,0.0,0.0,85.09,78.49,359,356,10.0,9.5,88.2,88.5,9.9,9.4,209.2,206.2,1013.9,1013.8,-5.6,355.91,2.52,30.5405,12.5831,412.9,56.5,1493.585, NAN, NAN, NAN, NAN,,2024/04/15 23:46:48.875,2024-04-15 23:46:48.875000+00:00
2024/04/15, 23:47:48.875,35.852,-74.848, 0.18,209.06,180.5,0.16,17.0,17.0,1011.6,1011.7,0.0,0.0,85.09,78.49,2,356,9.8,9.4,88.3,87.9,9.8,9.4,210.6,204.6,1013.7,1013.8,-5.76,355.65,1.99,30.5411,12.5797,412.0,56.6,1493.574, NAN, NAN, NAN, NAN,,2024/04/15 23:47:48.875,2024-04-15 23:47:48.875000+00:00
2024/04/15, 23:48:48.875,35.852,-74.848, 0.20,210.7,280.0,0.11,16.9,17.0,1011.8,1011.7,0.0,0.0,85.09,78.49,1,355,9.7,9.5,88.2,88.4,9.7,9.5,212.0,206.0,1013.9,1013.8,-5.96,355.83,1.62,30.5458,12.5775,412.9,56.6,1493.573, NAN, NAN, NAN, NAN,,2024/04/15 23:48:48.875,2024-04-15 23:48:48.875000+00:00
2024/04/15, 23:49:48.875,35.852,-74.848, 0.12,209.35,97.48,0.29,16.9,16.9,1011.6,1011.8,0.0,0.0,85.09,78.49,1,356,10.0,9.8,88.6,88.5,10.0,9.8,211.2,206.2,1013.7,1013.9,-6.1,356.39,1.31,30.5441,12.5743,412.0,56.8,1493.56, NAN, NAN, NAN, NAN,,2024/04/15 23:49:48.875,2024-04-15 23:49:48.875000+00:00
2024/04/15, 23:50:48.875,35.852,-74.848, 0.10,210.66,283.03,0.71,16.9,16.9,1011.8,1011.8,0.0,0.0,85.09,78.49,1,355,10.1,10.0,88.9,89.0,10.1,10.1,209.6,203.6,1013.9,1013.9,-6.18,356.57,1.07,30.547,12.571,411.6,56.8,1493.552, NAN, NAN, NAN, NAN,,2024/04/15 23:50:48.875,2024-04-15 23:50:48.875000+00:00
2024/04/15, 23:51:48.875,35.852,-74.848, 0.18,210.45,96.46,0.17,16.9,17.0,1011.8,1011.8,0.0,0.0,85.09,78.49,0,355,9.6,9.6,89.0,88.9,9.7,9.7,210.8,205.9,1013.9,1013.9,-6.25,356.51,0.85,30.5451,12.5734,411.0,56.8,1493.558, NAN, NAN, NAN, NAN,,2024/04/15 23:51:48.875,2024-04-15 23:51:48.875000+00:00
2024/04/15, 23:52:48.875,35.852,-74.848, 0.21,210.38,332.03,0.21,16.9,17.0,1011.8,1011.8,0.0,0.0,85.09,78.49,1,356,10.3,9.6,88.7,88.7,10.3,9.6,210.8,205.8,1013.9,1013.9,-6.2,357.2,0.66,30.5426,12.5748,412.9,56.8,1493.56, NAN, NAN, NAN, NAN,,2024/04/15 23:52:48.875,2024-04-15 23:52:48.875000+00:00
2024/04/15, 23:53:48.875,35.852,-74.848, 0.20,209.68,289.2,0.21,16.9,17.0,1011.8,1011.8,0.0,0.0,85.09,78.49,3,356,9.8,9.6,88.7,88.8,9.7,9.5,212.2,205.1,1013.9,1013.9,-6.26,357.09,0.53,30.5447,12.5714,411.3,56.8,1493.55, NAN, NAN, NAN, NAN,,2024/04/15 23:53:48.875,2024-04-15 23:53:48.875000+00:00
2024/04/15, 23:54:48.876,35.852,-74.848, 0.16,210.5,71.99,0.21,16.9,17.0,1011.8,1011.8,0.0,0.0,85.09,78.49,0,355,9.9,9.5,88.7,88.8,10.0,9.5,211.0,206.1,1013.9,1013.9,-6.27,357.57,0.42,30.5453,12.5698,411.3,56.9,1493.546, NAN, NAN, NAN, NAN,,2024/04/15 23:54:48.876,2024-04-15 23:54:48.876000+00:00
2024/04/15, 23:55:48.876,35.852,-74.848, 0.05,210.35,313.24,0.24,17.0,17.0,1011.8,1011.9,0.0,0.0,85.09,78.49,0,354,10.1,9.5,88.7,89.0,10.2,9.6,209.9,203.9,1013.9,1014.0,-6.28,357.75,0.33,30.5404,12.5703,412.9,56.9,1493.542, NAN, NAN, NAN, NAN,,2024/04/15 23:55:48.876,2024-04-15 23:55:48.876000+00:00
2024/04/15, 23:56:48.876,35.852,-74.848, 0.22,209.75,155.62,0.35,17.0,17.0,1011.9,1011.9,0.0,0.0,85.09,78.49,1,355,10.4,9.9,88.5,89.0,10.4,9.9,211.7,205.8,1014.0,1014.0,-6.18,358.14,0.24,30.5407,12.5653,412.6,56.6,1493.525, NAN, NAN, NAN, NAN,,2024/04/15 23:56:48.876,2024-04-15 23:56:48.876000+00:00
2024/04/15, 23:57:48.876,35.852,-74.848, 0.11,209.54,118.31,0.24,17.0,17.0,1011.7,1011.8,0.0,0.0,85.09,78.49,0,353,9.8,9.5,88.9,89.1,9.8,9.5,210.3,203.3,1013.8,1013.9,-6.32,357.34,0.19,30.542,12.5585,411.3,56.7,1493.503, NAN, NAN, NAN, NAN,,2024/04/15 23:57:48.876,2024-04-15 23:57:48.876000+00:00
2024/04/15, 23:58:48.876,35.852,-74.848, 0.15,210.91,298.07,0.37,16.9,16.9,1011.6,1011.9,0.0,0.0,85.09,78.49,0,354,9.5,9.5,88.6,88.6,9.5,9.5,209.8,203.8,1013.7,1014.0,-6.33,357.46,0.15,30.5362,12.5556,411.6,56.6,1493.486, NAN, NAN, NAN, NAN,,2024/04/15 23:58:48.876,2024-04-15 23:58:48.876000+00:00
2024/04/15, 23:59:48.876,35.852,-74.848, 0.18,209.86,125.16,0.13,16.9,16.9,1011.9,1011.9,0.0,0.0,85.09,78.49,0,356,9.7,9.8,88.8,88.8,9.7,9.8,209.6,205.6,1014.0,1014.0,-6.29,357.64,0.11,30.5365,12.5526,411.0,56.5,1493.477, NAN, NAN, NAN, NAN,,2024/04/15 23:59:48.876,2024-04-15 23:59:48.876000+00:00
2024/04/20, 00:00:49.239,36.879,-74.306,11.27,33.15,33.7,10.34,9.4,9.4,1015.5,1015.5,0.0,0.0,85.13,78.53,357,352,11.1,11.3,100.0,100.0,5.8,6.1,25.5,16.5,1017.6,1017.6,-5.5,361.53,0.09,32.1145,9.2861,554.2,58.1,1483.797, NAN, NAN, NAN, NAN,,2024/04/20 00:00:49.239,2024-04-20 00:00:49.239000+00:00
2024/04/20, 00:01:49.239,36.881,-74.304,11.08,31.84,33.8,10.38,9.4,9.4,1015.5,1015.6,0.0,0.0,85.13,78.53,358,352,11.1,11.0,100.0,100.0,5.8,5.8,26.7,15.2,1017.6,1017.7,-5.5,361.17,0.07,32.1151,9.301,553.9,58.2,1483.852, NAN, NAN, NAN, NAN,,2024/04/20 00:01:49.239,2024-04-20 00:01:49.239000+00:00
2024/04/20, 00:02:49.239,36.884,-74.302,11.37,33.0,33.63,10.54,9.4,9.4,1015.3,1015.3,0.0,0.0,85.13,78.53,357,351,11.3,11.0,100.0,100.0,5.9,5.7,26.9,15.1,1017.4,1017.4,-5.46,361.38,0.05,32.1153,9.3096,554.2,58.1,1483.884, NAN, NAN, NAN, NAN,,2024/04/20 00:02:49.239,2024-04-20 00:02:49.239000+00:00
2024/04/20, 00:03:49.239,36.886,-74.3,11.29,32.7,37.17,10.39,9.4,9.4,1015.5,1015.7,0.0,0.0,85.13,78.53,357,352,11.4,11.6,100.0,100.0,6.1,6.5,23.9,15.1,1017.6,1017.8,-5.42,361.07,0.04,32.1157,9.3103,554.5,58.3,1483.887, NAN, NAN, NAN, NAN,,2024/04/20 00:03:49.239,2024-04-20 00:03:49.239000+00:00
2024/04/20, 00:04:49.239,36.889,-74.298,11.36,33.32,32.94,10.65,9.4,9.4,1015.3,1015.6,0.0,0.0,85.13,78.53,357,352,10.9,11.2,100.0,100.0,5.4,5.8,27.2,17.7,1017.4,1017.7,-5.53,361.12,0.03,32.1161,9.3133,555.6,58.3,1483.899, NAN, NAN, NAN, NAN,,2024/04/20 00:04:49.239,2024-04-20 00:04:49.239000+00:00
2024/04/20, 00:05:49.239,36.891,-74.296,11.52,32.81,31.78,10.45,9.4,9.4,1015.5,1015.6,0.0,0.0,85.13,78.53,358,351,11.2,11.0,100.0,100.0,5.8,5.8,28.0,14.5,1017.6,1017.7,-5.44,360.95,0.02,32.116,9.316,555.3,58.2,1483.909, NAN, NAN, NAN, NAN,,2024/04/20 00:05:49.239,2024-04-20 00:05:49.239000+00:00
2024/04/20, 00:06:49.239,36.893,-74.294,11.53,32.44,35.49,10.89,9.4,9.4,1015.5,1015.3,0.0,0.0,85.13,78.53,359,354,11.4,10.9,100.0,100.0,5.8,5.4,29.3,18.9,1017.6,1017.4,-5.44,360.98,0.01,32.1178,9.3181,554.5,58.3,1483.919, NAN, NAN, NAN, NAN,,2024/04/20 00:06:49.239,2024-04-20 00:06:49.239000+00:00
2024/04/20, 00:07:49.240,36.896,-74.292,11.45,33.11,36.79,10.78,9.4,9.4,1015.3,1015.3,0.0,0.0,85.13,78.53,0,353,11.4,11.2,100.0,100.0,5.9,5.8,32.1,18.3,1017.4,1017.4,-5.47,360.99,0.0,32.1182,9.3216,553.6,58.1,1483.932, NAN, NAN, NAN, NAN,,2024/04/20 00:07:49.240,2024-04-20 00:07:49.240000+00:00
2024/04/20, 00:08:49.240,36.898,-74.29,11.08,32.89,33.49,10.12,9.4,9.4,1015.6,1015.4,0.0,0.0,85.13,78.53,0,354,11.1,11.1,100.0,100.0,5.9,6.0,32.1,20.9,1017.7,1017.5,-5.59,361.47,-0.0,32.1158,9.3186,555.6,58.1,1483.918, NAN, NAN, NAN, NAN,,2024/04/20 00:08:49.240,2024-04-20 00:08:49.240000+00:00
2024/04/20, 00:09:49.240,36.901,-74.288,11.23,32.84,33.13,10.36,9.4,9.4,1015.5,1015.5,0.0,0.0,85.13,78.53,359,353,11.6,10.7,100.0,100.0,6.3,5.5,30.2,18.1,1017.6,1017.6,-5.48,360.92,0.0,32.1185,9.3136,557.2,58.3,1483.903, NAN, NAN, NAN, NAN,,2024/04/20 00:09:49.240,2024-04-20 00:09:49.240000+00:00
2024/04/20, 00:10:49.240,36.903,-74.286,11.32,32.62,35.3,10.4,9.4,9.4,1015.7,1015.5,0.0,0.0,85.13,78.53,359,355,11.3,11.1,100.0,100.0,6.0,5.8,29.2,21.5,1017.8,1017.6,-5.51,360.98,-0.01,32.1198,9.3151,556.3,58.3,1483.91, NAN, NAN, NAN, NAN,,2024/04/20 00:10:49.240,2024-04-20 00:10:49.240000+00:00
2024/04/20, 00:11:49.240,36.905,-74.284,11.22,33.43,35.43,10.48,9.4,9.4,1015.5,1015.3,0.0,0.0,85.13,78.53,0,354,11.8,11.3,100.0,100.0,6.4,6.0,32.2,20.7,1017.6,1017.4,-5.44,361.19,-0.0,32.121,9.3124,555.6,58.1,1483.902, NAN, NAN, NAN, NAN,,2024/04/20 00:11:49.240,2024-04-20 00:11:49.240000+00:00
2024/04/20, 00:12:49.240,36.908,-74.282,11.41,32.82,30.84,10.65,9.4,9.4,1015.5,1015.6,0.0,0.0,85.13,78.53,359,353,11.8,11.6,100.0,100.0,6.3,6.2,31.5,20.2,1017.6,1017.7,-5.46,360.78,-0.01,32.1212,9.3114,555.6,58.3,1483.898, NAN, NAN, NAN, NAN,,2024/04/20 00:12:49.240,2024-04-20 00:12:49.240000+00:00
2024/04/20, 00:13:49.240,36.91,-74.28,11.38,32.92,33.66,10.54,9.4,9.4,1015.7,1015.6,0.0,0.0,85.13,78.53,358,353,11.3,11.1,100.0,100.0,5.9,5.8,28.5,18.8,1017.8,1017.7,-5.45,360.83,-0.01,32.1219,9.3079,556.0,57.9,1483.886, NAN, NAN, NAN, NAN,,2024/04/20 00:13:49.240,2024-04-20 00:13:49.240000+00:00
2024/04/20, 00:14:49.240,36.913,-74.278,11.46,32.95,30.97,10.58,9.4,9.4,1015.7,1015.7,0.0,0.0,85.13,78.53,358,352,11.2,10.6,100.0,100.0,5.8,5.3,28.4,16.0,1017.8,1017.8,-5.39,360.24,-0.01,32.1215,9.2914,555.3,58.1,1483.825, NAN, NAN, NAN, NAN,,2024/04/20 00:14:49.240,2024-04-20 00:14:49.240000+00:00
2024/04/20, 00:15:49.240,36.915,-74.276,11.23,32.7,39.33,10.38,9.4,9.4,1015.8,1015.6,0.0,0.0,85.13,78.53,359,353,11.2,11.0,100.0,100.0,5.9,5.9,26.8,15.3,1017.9,1017.7,-5.46,360.59,-0.01,32.1257,9.2826,555.0,58.0,1483.798, NAN, NAN, NAN, NAN,,2024/04/20 00:15:49.240,2024-04-20 00:15:49.240000+00:00
2024/04/20, 00:16:49.240,36.918,-74.274,11.35,31.78,31.09,10.2,9.4,9.4,1015.5,1015.8,0.0,0.0,85.13,78.53,359,351,11.6,11.2,100.0,100.0,6.4,6.1,29.1,14.2,1017.6,1017.9,-5.42,360.24,-0.01,32.1224,9.276,556.9,58.1,1483.769, NAN, NAN, NAN, NAN,,2024/04/20 00:16:49.240,2024-04-20 00:16:49.240000+00:00
2024/04/20, 00:17:49.240,36.92,-74.272,11.49,33.16,34.58,10.25,9.4,9.4,1015.6,1015.7,0.0,0.0,85.13,78.53,358,352,11.3,10.5,100.0,100.0,6.0,5.4,28.5,16.3,1017.7,1017.8,-5.49,359.9,-0.01,32.123,9.2863,557.9,58.1,1483.808, NAN, NAN, NAN, NAN,,2024/04/20 00:17:49.240,2024-04-20 00:17:49.240000+00:00
2024/04/20, 00:18:49.240,36.922,-74.27,11.43,32.6,30.26,10.46,9.4,9.4,1015.8,1015.7,0.0,0.0,85.13,78.53,358,353,11.1,11.0,100.0,100.0,5.7,5.7,29.8,20.1,1017.9,1017.8,-5.55,359.44,-0.01,32.1248,9.3336,559.0,58.1,1483.984, NAN, NAN, NAN, NAN,,2024/04/20 00:18:49.240,2024-04-20 00:18:49.240000+00:00
2024/04/20, 00:19:49.240,36.925,-74.268,11.42,32.58,30.47,10.58,9.4,9.4,1015.7,1015.4,0.0,0.0,85.13,78.53,0,353,12.3,11.8,100.0,100.0,6.9,6.4,32.2,19.2,1017.8,1017.5,-5.48,359.39,-0.01,32.1277,9.3737,560.9,58.2,1484.135, NAN, NAN, NAN, NAN,,2024/04/20 00:19:49.240,2024-04-20 00:19:49.240000+00:00
2024/04/20, 00:20:49.240,36.927,-74.266,11.56,33.12,35.64,10.67,9.4,9.4,1015.7,1015.7,0.0,0.0,85.13,78.53,358,352,11.8,11.6,100.0,100.0,6.3,6.2,29.7,18.3,1017.8,1017.8,-5.42,359.35,-0.01,32.1389,9.3823,566.8,58.2,1484.181, NAN, NAN, NAN, NAN,,2024/04/20 00:20:49.240,2024-04-20 00:20:49.240000+00:00
2024/04/20, 00:21:49.240,36.93,-74.264,11.49,32.34,31.99,10.69,9.4,9.4,1015.7,1015.6,0.0,0.0,85.13,78.53,359,353,11.8,11.5,100.0,100.0,6.3,6.1,29.8,18.4,1017.8,1017.7,-5.47,359.1,-0.01,32.1484,9.3646,567.5,58.2,1484.127, NAN, NAN, NAN, NAN,,2024/04/20 00:21:49.240,2024-04-20 00:21:49.240000+00:00
2024/04/20, 00:22:49.240,36.932,-74.262,11.5,32.88,35.46,10.96,9.4,9.4,1015.8,1015.8,0.0,0.0,85.13,78.53,359,354,11.7,11.4,100.0,100.0,6.1,5.9,29.8,19.9,1017.9,1017.9,-5.46,358.83,-0.01,32.1644,9.3554,568.6,58.2,1484.113, NAN, NAN, NAN, NAN,,2024/04/20 00:22:49.240,2024-04-20 00:22:49.240000+00:00
2024/04/20, 00:23:49.241,36.935,-74.259,11.51,33.21,35.25,10.73,9.4,9.4,1015.7,1015.7,0.0,0.0,85.13,78.53,0,353,11.8,11.6,100.0,100.0,6.3,6.2,31.9,18.7,1017.8,1017.8,-5.43,358.76,-0.01,32.0975,9.3638,572.0,58.1,1484.062, NAN, NAN, NAN, NAN,,2024/04/20 00:23:49.241,2024-04-20 00:23:49.241000+00:00
2024/04/20, 00:24:49.241,36.937,-74.257,11.5,32.63,34.15,10.65,9.4,9.4,1015.7,1015.8,0.0,0.0,85.13,78.53,0,356,11.4,10.9,100.0,100.0,5.9,5.5,31.0,22.9,1017.8,1017.9,-5.43,358.72,-0.01,32.1702,9.3808,568.9,58.1,1484.213, NAN, NAN, NAN, NAN,,2024/04/20 00:24:49.241,2024-04-20 00:24:49.241000+00:00
2024/04/20, 00:25:49.241,36.94,-74.255,11.52,33.11,36.55,10.52,9.4,9.4,1015.7,1015.7,0.0,0.0,85.13,78.53,0,354,11.3,11.2,100.0,100.0,5.9,5.9,30.9,19.4,1017.8,1017.8,-5.46,358.74,-0.01,32.1769,9.4044,568.9,58.0,1484.308, NAN, NAN, NAN, NAN,,2024/04/20 00:25:49.241,2024-04-20 00:25:49.241000+00:00
2024/04/20, 00:26:49.241,36.942,-74.253,11.42,32.74,28.26,10.6,9.4,9.4,1015.7,1015.7,0.0,0.0,85.13,78.53,0,354,11.5,11.1,100.0,100.0,6.1,5.7,34.9,23.3,1017.8,1017.8,-5.49,358.93,-0.01,32.184,9.4232,562.0,58.1,1484.386, NAN, NAN, NAN, NAN,,2024/04/20 00:26:49.241,2024-04-20 00:26:49.241000+00:00
2024/04/20, 00:27:49.241,36.944,-74.251,11.5,31.83,31.29,10.44,9.4,9.4,1015.7,1015.6,0.0,0.0,85.13,78.53,359,354,11.1,11.3,100.0,100.0,5.7,6.0,30.1,20.7,1017.8,1017.7,-5.48,359.13,-0.01,32.1962,9.4426,559.6,58.4,1484.472, NAN, NAN, NAN, NAN,,2024/04/20 00:27:49.241,2024-04-20 00:27:49.241000+00:00
2024/04/20, 00:28:49.241,36.947,-74.249,11.4,32.53,32.7,10.18,9.4,9.4,1015.8,1015.7,0.0,0.0,85.13,78.53,1,354,11.3,11.0,100.0,100.0,6.1,5.8,33.4,20.1,1017.9,1017.8,-5.47,359.05,-0.01,32.2069,9.4615,563.5,58.5,1484.554, NAN, NAN, NAN, NAN,,2024/04/20 00:28:49.241,2024-04-20 00:28:49.241000+00:00
2024/04/20, 00:29:49.241,36.949,-74.247,11.37,32.34,35.31,10.57,9.4,9.4,1015.8,1015.8,0.0,0.0,85.13,78.53,0,354,10.8,10.5,100.0,100.0,5.4,5.2,29.2,16.8,1017.9,1017.9,-5.48,358.88,-0.01,32.2203,9.4888,560.3,58.6,1484.671, NAN, NAN, NAN, NAN,,2024/04/20 00:29:49.241,2024-04-20 00:29:49.241000+00:00
2024/04/20, 00:30:49.241,36.952,-74.245,11.4,32.57,34.29,10.44,9.4,9.4,1015.6,1015.9,0.0,0.0,85.13,78.53,0,353,11.7,11.1,100.0,100.0,6.3,5.9,30.8,17.2,1017.7,1018.0,-5.45,358.01,-0.01,32.2241,9.5213,559.3,59.0,1484.795, NAN, NAN, NAN, NAN,,2024/04/20 00:30:49.241,2024-04-20 00:30:49.241000+00:00
2024/04/20, 00:31:49.241,36.954,-74.243,11.45,31.94,32.02,10.56,9.4,9.5,1015.8,1015.8,0.0,0.0,85.13,78.53,359,354,11.7,11.4,100.0,100.0,6.3,6.1,29.2,19.6,1017.9,1017.9,-5.49,357.89,-0.01,32.2448,9.5365,560.6,58.9,1484.875, NAN, NAN, NAN, NAN,,2024/04/20 00:31:49.241,2024-04-20 00:31:49.241000+00:00
2024/04/20, 00:32:49.241,36.957,-74.241,11.51,32.32,30.8,10.66,9.4,9.5,1015.7,1015.7,0.0,0.0,85.13,78.53,0,354,11.5,11.3,100.0,100.0,6.0,5.9,31.7,20.1,1017.8,1017.8,-5.46,357.13,-0.01,32.2579,9.5446,556.9,59.1,1484.921, NAN, NAN, NAN, NAN,,2024/04/20 00:32:49.241,2024-04-20 00:32:49.241000+00:00
2024/04/20, 00:33:49.241,36.959,-74.239,11.61,33.17,36.16,10.68,9.4,9.5,1015.7,1015.8,0.0,0.0,85.13,78.53,0,354,11.4,10.9,100.0,100.0,5.9,5.5,30.8,18.7,1017.8,1017.9,-5.48,357.05,-0.01,32.2672,9.558,557.9,59.2,1484.981, NAN, NAN, NAN, NAN,,2024/04/20 00:33:49.241,2024-04-20 00:33:49.241000+00:00
2024/04/20, 00:34:49.241,36.962,-74.237,11.38,32.27,33.01,10.34,9.4,9.5,1015.9,1015.9,0.0,0.0,85.13,78.53,0,354,10.7,10.2,100.0,100.0,5.4,5.0,30.7,18.1,1018.0,1018.0,-5.5,356.61,-0.01,32.2747,9.5836,554.5,59.0,1485.084, NAN, NAN, NAN, NAN,,2024/04/20 00:34:49.241,2024-04-20 00:34:49.241000+00:00
2024/04/20, 00:35:49.241,36.964,-74.235,11.48,32.71,31.64,11.07,9.5,9.5,1016.0,1015.8,0.0,0.0,85.13,78.53,359,354,11.2,10.2,100.0,100.0,5.5,4.5,32.3,21.2,1018.1,1017.9,-5.58,356.24,-0.01,32.2771,9.6111,550.2,59.2,1485.188, NAN, NAN, NAN, NAN,,2024/04/20 00:35:49.241,2024-04-20 00:35:49.241000+00:00
2024/04/20, 00:36:49.241,36.967,-74.233,11.51,31.67,35.14,10.85,9.5,9.5,1015.7,1015.7,0.0,0.0,85.13,78.53,0,355,11.5,11.2,100.0,100.0,5.9,5.7,29.1,19.1,1017.8,1017.8,-5.51,355.53,-0.01,32.2832,9.628,550.2,59.0,1485.257, NAN, NAN, NAN, NAN,,2024/04/20 00:36:49.241,2024-04-20 00:36:49.241000+00:00
2024/04/20, 00:37:49.241,36.969,-74.231,11.54,33.12,37.23,10.84,9.5,9.5,1015.8,1015.8,0.0,0.0,85.13,78.53,0,354,11.2,11.2,100.0,100.0,5.7,5.8,29.3,17.6,1017.9,1017.9,-5.53,354.93,-0.01,32.2911,9.6233,546.8,59.1,1485.249, NAN, NAN, NAN, NAN,,2024/04/20 00:37:49.241,2024-04-20 00:37:49.241000+00:00
2024/04/20, 00:38:49.241,36.972,-74.229,11.5,32.48,35.13,10.91,9.5,9.5,1015.8,1015.9,0.0,0.0,85.13,78.53,0,355,11.6,11.4,100.0,100.0,6.0,5.9,31.1,21.2,1017.9,1018.0,-5.48,354.55,-0.01,32.2982,9.626,546.8,59.0,1485.268, NAN, NAN, NAN, NAN,,2024/04/20 00:38:49.241,2024-04-20 00:38:49.241000+00:00
2024/04/20, 00:39:49.242,36.974,-74.227,11.43,32.16,37.35,10.77,9.5,9.5,1015.7,1015.7,0.0,0.0,85.13,78.53,0,355,11.3,11.4,100.0,100.0,5.8,6.0,29.7,20.2,1017.8,1017.8,-5.57,354.41,-0.01,32.3011,9.653,546.2,59.0,1485.37, NAN, NAN, NAN, NAN,,2024/04/20 00:39:49.242,2024-04-20 00:39:49.242000+00:00
2024/04/20, 00:40:49.242,36.977,-74.225,11.52,32.96,38.29,10.86,9.5,9.5,1015.5,1015.7,0.0,0.0,85.13,78.53,0,353,11.4,10.9,100.0,100.0,5.8,5.5,30.2,15.9,1017.6,1017.8,-5.45,354.42,-0.01,32.3004,9.6681,544.8,59.2,1485.424, NAN, NAN, NAN, NAN,,2024/04/20 00:40:49.242,2024-04-20 00:40:49.242000+00:00
2024/04/20, 00:41:49.242,36.979,-74.222,11.5,32.55,35.76,10.93,9.4,9.5,1015.8,1015.9,0.0,0.0,85.13,78.53,1,355,11.6,11.3,100.0,100.0,6.0,5.8,33.2,21.3,1017.9,1018.0,-5.5,354.75,-0.01,32.3087,9.6711,543.5,59.2,1485.445, NAN, NAN, NAN, NAN,,2024/04/20 00:41:49.242,2024-04-20 00:41:49.242000+00:00
2024/04/20, 00:42:49.242,36.981,-74.22,11.42,32.2,32.19,10.37,9.4,9.5,1015.7,1015.6,0.0,0.0,85.13,78.53,1,355,11.6,11.3,100.0,100.0,6.3,6.0,32.7,21.4,1017.8,1017.7,-5.48,355.23,-0.01,32.3168,9.6727,539.5,59.2,1485.461, NAN, NAN, NAN, NAN,,2024/04/20 00:42:49.242,2024-04-20 00:42:49.242000+00:00
2024/04/20, 00:43:49.242,36.984,-74.218,11.24,32.45,35.39,10.75,9.4,9.5,1015.8,1015.8,0.0,0.0,85.13,78.53,0,355,11.1,10.9,100.0,100.0,5.6,5.5,30.5,20.4,1017.9,1017.9,-5.43,355.63,-0.01,32.3201,9.6671,537.7,59.2,1485.444, NAN, NAN, NAN, NAN,,2024/04/20 00:43:49.242,2024-04-20 00:43:49.242000+00:00
2024/04/20, 00:44:49.242,36.986,-74.216,11.43,32.37,33.88,10.99,9.4,9.5,1015.6,1015.8,0.0,0.0,85.13,78.53,3,358,11.3,10.8,100.0,100.0,5.7,5.2,38.1,27.9,1017.7,1017.9,-5.52,356.06,-0.01,32.3227,9.6596,535.0,59.2,1485.42, NAN, NAN, NAN, NAN,,2024/04/20 00:44:49.242,2024-04-20 00:44:49.242000+00:00
2024/04/20, 00:45:49.242,36.989,-74.214,11.46,32.4,32.82,11.14,9.4,9.5,1015.7,1015.6,0.0,0.0,85.13,78.53,3,357,11.3,10.9,100.0,100.0,5.6,5.2,38.4,26.0,1017.8,1017.7,-5.52,356.62,-0.01,32.3244,9.6553,535.5,59.2,1485.407, NAN, NAN, NAN, NAN,,2024/04/20 00:45:49.242,2024-04-20 00:45:49.242000+00:00
2024/04/20, 00:46:49.242,36.991,-74.212,11.45,32.78,35.73,10.67,9.4,9.5,1015.8,1015.8,0.0,0.0,85.13,78.53,2,357,11.2,11.1,100.0,100.0,5.7,5.7,33.9,24.1,1017.9,1017.9,-5.55,357.1,-0.01,32.3239,9.6521,535.8,59.2,1485.394, NAN, NAN, NAN, NAN,,2024/04/20 00:46:49.242,2024-04-20 00:46:49.242000+00:00
2024/04/20, 00:47:49.242,36.994,-74.21,11.4,32.71,32.98,10.74,9.4,9.5,1015.7,1015.6,0.0,0.0,85.13,78.53,4,358,11.0,10.7,100.0,100.0,5.5,5.2,39.1,26.9,1017.8,1017.7,-5.52,357.51,-0.01,32.3263,9.6518,537.7,59.2,1485.396, NAN, NAN, NAN, NAN,,2024/04/20 00:47:49.242,2024-04-20 00:47:49.242000+00:00
2024/04/20, 00:48:49.242,36.996,-74.208,11.54,33.13,36.93,10.93,9.4,9.5,1015.9,1015.7,0.0,0.0,85.13,78.53,3,357,11.3,10.9,100.0,100.0,5.7,5.3,36.8,24.5,1018.0,1017.8,-5.49,357.78,-0.01,32.3254,9.6552,536.1,59.4,1485.407, NAN, NAN, NAN, NAN,,2024/04/20 00:48:49.242,2024-04-20 00:48:49.242000+00:00
2024/04/20, 00:49:49.242,36.999,-74.206,11.61,32.45,34.82,10.84,9.4,9.5,1015.7,1015.8,0.0,0.0,85.13,78.53,2,356,11.0,10.7,100.0,100.0,5.4,5.2,35.4,23.0,1017.8,1017.9,-5.52,357.9,-0.02,32.3284,9.65,538.5,59.3,1485.392, NAN, NAN, NAN, NAN,,2024/04/20 00:49:49.242,2024-04-20 00:49:49.242000+00:00
2024/04/20, 00:50:49.242,37.001,-74.204,11.48,32.69,34.83,10.67,9.4,9.5,1015.7,1015.7,0.0,0.0,85.13,78.53,4,358,11.5,10.7,100.0,100.0,6.0,5.2,39.8,28.0,1017.8,1017.8,-5.45,358.53,-0.01,32.3327,9.6421,536.8,59.2,1485.369, NAN, NAN, NAN, NAN,,2024/04/20 00:50:49.242,2024-04-20 00:50:49.242000+00:00
2024/04/20, 00:51:49.242,37.004,-74.202,11.6,32.88,33.1,10.82,9.4,9.5,1015.8,1015.7,0.0,0.0,85.13,78.53,3,358,11.5,11.2,100.0,100.0,6.0,5.6,38.8,29.0,1017.9,1017.8,-5.47,358.93,-0.01,32.3378,9.6382,535.5,59.2,1485.361, NAN, NAN, NAN, NAN,,2024/04/20 00:51:49.242,2024-04-20 00:51:49.242000+00:00
2024/04/20, 00:52:49.242,37.006,-74.2,11.55,31.87,30.38,10.71,9.4,9.5,1015.7,1015.7,0.0,0.0,85.13,78.53,3,358,10.5,10.7,100.0,100.0,5.0,5.2,38.9,28.5,1017.8,1017.8,-5.53,359.57,-0.02,32.3435,9.6454,534.7,59.3,1485.394, NAN, NAN, NAN, NAN,,2024/04/20 00:52:49.242,2024-04-20 00:52:49.242000+00:00
2024/04/20, 00:53:49.242,37.009,-74.197,11.39,32.73,28.91,10.47,9.4,9.5,1016.0,1015.8,0.0,0.0,85.13,78.53,2,357,10.6,10.4,100.0,100.0,5.2,5.0,39.0,28.8,1018.1,1017.9,-5.54,359.66,-0.01,32.3501,9.69,535.5,59.2,1485.564, NAN, NAN, NAN, NAN,,2024/04/20 00:53:49.242,2024-04-20 00:53:49.242000+00:00
2024/04/20, 00:54:49.242,37.011,-74.195,11.51,32.85,32.78,10.82,9.4,9.5,1015.8,1015.7,0.0,0.0,85.13,78.53,5,359,11.1,10.7,100.0,100.0,5.6,5.1,41.9,29.7,1017.9,1017.8,-5.45,360.29,-0.01,32.3605,9.7375,531.3,59.2,1485.75, NAN, NAN, NAN, NAN,,2024/04/20 00:54:49.242,2024-04-20 00:54:49.242000+00:00
2024/04/20, 00:55:49.243,37.014,-74.193,11.46,32.68,35.81,10.72,9.4,9.5,1015.8,1015.9,0.0,0.0,85.13,78.53,5,359,11.2,10.8,100.0,100.0,5.7,5.3,38.8,26.7,1017.9,1018.0,-5.48,360.62,-0.01,32.3787,9.7729,527.6,59.4,1485.901, NAN, NAN, NAN, NAN,,2024/04/20 00:55:49.243,2024-04-20 00:55:49.243000+00:00
2024/04/20, 00:56:49.243,37.016,-74.191,11.53,33.08,37.06,10.76,9.4,9.4,1015.9,1016.0,0.0,0.0,85.13,78.53,5,358,11.5,11.0,100.0,100.0,6.0,5.5,39.7,25.8,1018.0,1018.1,-5.43,361.06,-0.01,32.4036,9.7872,525.7,59.3,1485.983, NAN, NAN, NAN, NAN,,2024/04/20 00:56:49.243,2024-04-20 00:56:49.243000+00:00
2024/04/20, 00:57:49.243,37.019,-74.189,11.58,33.19,33.0,10.89,9.4,9.4,1015.8,1015.9,0.0,0.0,85.13,78.53,4,358,10.7,10.6,100.0,100.0,5.1,5.0,41.2,28.6,1017.9,1018.0,-5.38,361.16,-0.01,32.4229,9.7988,528.0,59.5,1486.049, NAN, NAN, NAN, NAN,,2024/04/20 00:57:49.243,2024-04-20 00:57:49.243000+00:00
2024/04/20, 00:58:49.243,37.021,-74.187,11.55,32.74,34.77,10.86,9.4,9.4,1015.8,1015.7,0.0,0.0,85.13,78.53,4,359,10.7,10.6,100.0,100.0,5.1,5.0,39.3,28.8,1017.9,1017.8,-5.42,361.39,-0.01,32.4355,9.8175,531.0,59.5,1486.132, NAN, NAN, NAN, NAN,,2024/04/20 00:58:49.243,2024-04-20 00:58:49.243000+00:00
2024/04/20, 00:59:49.243,37.024,-74.185,11.56,32.57,31.36,10.69,9.4,9.4,1015.7,1015.8,0.0,0.0,85.13,78.53,5,359,11.2,10.4,100.0,100.0,5.7,4.9,42.5,30.6,1017.8,1017.9,-5.49,361.24,-0.01,32.4385,9.8244,531.6,59.1,1486.161, NAN, NAN, NAN, NAN,,2024/04/20 00:59:49.243,2024-04-20 00:59:49.243000+00:00
2024/04/20, 01:00:49.243,37.026,-74.183,11.56,32.12,34.68,10.65,9.4,9.4,1015.8,1015.8,0.0,0.0,85.13,78.53,4,358,11.2,10.7,100.0,100.0,5.7,5.2,38.4,26.4,1017.9,1017.9,-5.43,361.58,-0.01,32.4466,9.8134,535.8,59.3,1486.131, NAN, NAN, NAN, NAN,,2024/04/20 01:00:49.243,2024-04-20 01:00:49.243000+00:00
2024/04/20, 01:01:49.243,37.029,-74.181,11.26,32.76,33.99,10.55,9.4,9.4,1015.9,1015.6,0.0,0.0,85.13,78.53,5,359,11.1,10.7,100.0,100.0,5.7,5.3,41.0,29.1,1018.0,1017.7,-5.44,361.63,-0.01,32.4491,9.8004,541.9,59.3,1486.087, NAN, NAN, NAN, NAN,,2024/04/20 01:01:49.243,2024-04-20 01:01:49.243000+00:00
2024/04/20, 01:02:49.243,37.031,-74.179,11.4,32.8,34.17,10.79,9.4,9.4,1015.7,1015.8,0.0,0.0,85.13,78.53,3,358,11.3,11.1,100.0,100.0,5.8,5.6,38.0,28.1,1017.8,1017.9,-5.45,361.86,-0.01,32.4494,9.785,538.5,59.3,1486.031, NAN, NAN, NAN, NAN,,2024/04/20 01:02:49.243,2024-04-20 01:02:49.243000+00:00
2024/04/20, 01:03:49.243,37.033,-74.177,11.4,32.57,30.2,10.18,9.4,9.4,1015.9,1015.7,0.0,0.0,85.13,78.53,3,358,11.0,11.2,100.0,100.0,5.8,6.0,38.0,28.5,1018.0,1017.8,-5.48,361.45,-0.02,32.4474,9.7775,538.5,59.3,1486.002, NAN, NAN, NAN, NAN,,2024/04/20 01:03:49.243,2024-04-20 01:03:49.243000+00:00
2024/04/20, 01:04:49.243,37.036,-74.175,11.4,32.49,35.47,10.76,9.4,9.4,1015.8,1015.8,0.0,0.0,85.13,78.53,4,358,10.5,10.3,100.0,100.0,5.0,4.8,37.5,24.6,1017.9,1017.9,-5.49,361.72,-0.02,32.4417,9.7789,540.4,59.4,1486.0, NAN, NAN, NAN, NAN,,2024/04/20 01:04:49.243,2024-04-20 01:04:49.243000+00:00
2024/04/20, 01:05:49.243,37.038,-74.172,11.21,33.5,32.91,10.63,9.4,9.4,1015.9,1015.8,0.0,0.0,85.13,78.53,4,358,11.2,10.8,100.0,100.0,5.8,5.4,40.4,28.5,1018.0,1017.9,-5.46,361.59,-0.01,32.4355,9.7909,539.8,59.5,1486.036, NAN, NAN, NAN, NAN,,2024/04/20 01:05:49.243,2024-04-20 01:05:49.243000+00:00
2024/04/20, 01:06:49.243,37.041,-74.17,11.57,33.42,36.66,10.67,9.4,9.4,1015.8,1015.8,0.0,0.0,85.13,78.53,4,359,11.2,11.0,100.0,100.0,5.7,5.5,38.6,28.7,1017.9,1017.9,-5.37,362.4,-0.02,32.4286,9.816,537.4,59.6,1486.119, NAN, NAN, NAN, NAN,,2024/04/20 01:06:49.243,2024-04-20 01:06:49.243000+00:00
2024/04/20, 01:07:49.243,37.043,-74.168,11.55,32.7,28.13,10.95,9.4,9.4,1015.8,1015.8,0.0,0.0,85.13,78.53,5,359,10.8,10.3,100.0,100.0,5.3,4.7,46.8,34.8,1017.9,1017.9,-5.42,362.47,-0.02,32.4251,9.8852,537.7,59.6,1486.365, NAN, NAN, NAN, NAN,,2024/04/20 01:07:49.243,2024-04-20 01:07:49.243000+00:00
2024/04/20, 01:08:49.243,37.046,-74.166,11.51,33.25,32.69,11.07,9.4,9.4,1015.7,1015.7,0.0,0.0,85.13,78.53,4,359,10.5,10.2,100.0,100.0,4.8,4.5,40.6,29.5,1017.8,1017.8,-5.46,362.51,-0.02,32.4265,9.9471,535.8,59.7,1486.591, NAN, NAN, NAN, NAN,,2024/04/20 01:08:49.243,2024-04-20 01:08:49.243000+00:00
2024/04/20, 01:09:49.243,37.048,-74.164,11.5,32.51,31.43,10.59,9.4,9.4,1015.8,1015.7,0.0,0.0,85.13,78.53,5,359,10.7,10.7,100.0,100.0,5.3,5.3,41.9,29.8,1017.9,1017.8,-5.53,362.32,-0.02,32.4257,9.9698,542.8,59.7,1486.673, NAN, NAN, NAN, NAN,,2024/04/20 01:09:49.243,2024-04-20 01:09:49.243000+00:00
2024/04/20, 01:10:49.244,37.051,-74.162,11.64,32.77,34.26,10.64,9.4,9.4,1015.8,1015.7,0.0,0.0,85.13,78.53,4,359,11.0,10.6,100.0,100.0,5.5,5.1,38.8,28.7,1017.9,1017.8,-5.35,362.44,-0.01,32.4147,9.972,553.2,59.3,1486.667, NAN, NAN, NAN, NAN,,2024/04/20 01:10:49.244,2024-04-20 01:10:49.244000+00:00
2024/04/20, 01:11:49.244,37.054,-74.16,11.52,32.66,31.57,10.42,9.4,9.4,1015.8,1015.6,0.0,0.0,85.13,78.53,6,359,11.0,10.7,100.0,100.0,5.7,5.3,44.4,30.7,1017.9,1017.7,-5.44,362.2,-0.01,32.4008,9.9645,551.5,59.1,1486.623, NAN, NAN, NAN, NAN,,2024/04/20 01:11:49.244,2024-04-20 01:11:49.244000+00:00
2024/04/20, 01:12:49.244,37.056,-74.158,11.44,32.75,33.19,11.08,9.4,9.4,1015.5,1015.7,0.0,0.0,85.13,78.53,7,0,11.0,10.7,100.0,100.0,5.4,5.0,47.2,32.8,1017.6,1017.8,-5.45,362.13,-0.01,32.3855,9.9566,545.9,59.3,1486.576, NAN, NAN, NAN, NAN,,2024/04/20 01:12:49.244,2024-04-20 01:12:49.244000+00:00
2024/04/20, 01:13:49.244,37.059,-74.156,11.6,32.19,34.52,10.73,9.4,9.4,1015.7,1015.6,0.0,0.0,85.13,78.53,7,2,11.2,10.7,100.0,100.0,5.7,5.2,44.2,34.4,1017.8,1017.7,-5.46,362.19,-0.01,32.3689,9.9463,544.1,59.4,1486.518, NAN, NAN, NAN, NAN,,2024/04/20 01:13:49.244,2024-04-20 01:13:49.244000+00:00
2024/04/20, 01:14:49.244,37.061,-74.154,11.42,32.99,31.02,10.63,9.4,9.4,1015.9,1015.6,0.0,0.0,85.13,78.53,7,1,11.1,10.8,100.0,100.0,5.7,5.3,46.9,35.3,1018.0,1017.7,-5.43,362.05,-0.01,32.3546,9.9329,544.1,59.4,1486.452, NAN, NAN, NAN, NAN,,2024/04/20 01:14:49.244,2024-04-20 01:14:49.244000+00:00
2024/04/20, 01:15:49.244,37.064,-74.152,11.49,32.94,34.57,11.11,9.4,9.4,1015.8,1015.7,0.0,0.0,85.13,78.53,6,1,11.1,10.8,100.0,100.0,5.4,5.1,43.8,33.5,1017.9,1017.8,-5.54,362.06,-0.02,32.3401,9.9182,540.8,59.4,1486.382, NAN, NAN, NAN, NAN,,2024/04/20 01:15:49.244,2024-04-20 01:15:49.244000+00:00
2024/04/20, 01:16:49.244,37.066,-74.15,11.6,32.67,28.27,10.94,9.4,9.4,1015.9,1015.6,0.0,0.0,85.13,78.53,5,359,11.1,11.0,100.0,100.0,5.5,5.4,44.2,32.2,1018.0,1017.7,-5.42,361.85,-0.01,32.3285,9.8994,543.5,59.5,1486.299, NAN, NAN, NAN, NAN,,2024/04/20 01:16:49.244,2024-04-20 01:16:49.244000+00:00
2024/04/20, 01:17:49.244,37.069,-74.148,11.54,33.18,31.85,10.81,9.4,9.4,1016.0,1015.7,0.0,0.0,85.13,78.53,4,358,10.6,9.9,100.0,100.0,5.1,4.4,41.0,28.0,1018.1,1017.8,-5.44,361.73,-0.01,32.3134,9.8866,543.8,59.2,1486.235, NAN, NAN, NAN, NAN,,2024/04/20 01:17:49.244,2024-04-20 01:17:49.244000+00:00
2024/04/20, 01:18:49.244,37.071,-74.146,11.43,32.36,35.83,10.71,9.4,9.4,1015.8,1016.0,0.0,0.0,85.13,78.53,4,358,10.9,10.2,100.0,100.0,5.4,4.7,37.7,25.0,1017.9,1018.1,-5.47,361.82,-0.01,32.3044,9.8757,547.5,59.0,1486.184, NAN, NAN, NAN, NAN,,2024/04/20 01:18:49.244,2024-04-20 01:18:49.244000+00:00
2024/04/20, 01:19:49.244,37.074,-74.144,11.74,32.97,33.65,11.19,9.4,9.4,1015.8,1015.9,0.0,0.0,85.13,78.53,5,0,11.3,10.5,100.0,100.0,5.6,4.8,42.0,31.6,1017.9,1018.0,-5.46,361.78,-0.02,32.2988,9.8637,544.4,59.3,1486.134, NAN, NAN, NAN, NAN,,2024/04/20 01:19:49.244,2024-04-20 01:19:49.244000+00:00
2024/04/20, 01:20:49.244,37.076,-74.141,11.61,32.85,31.08,10.78,9.4,9.4,1016.0,1015.8,0.0,0.0,85.13,78.53,5,0,10.9,10.7,100.0,100.0,5.4,5.2,42.6,32.5,1018.1,1017.9,-5.49,361.94,-0.01,32.2945,9.8439,546.5,59.3,1486.057, NAN, NAN, NAN, NAN,,2024/04/20 01:20:49.244,2024-04-20 01:20:49.244000+00:00
2024/04/20, 01:21:49.244,37.079,-74.139,11.62,32.88,30.42,11.37,9.4,9.4,1015.8,1015.8,0.0,0.0,85.13,78.53,7,0,10.9,10.7,100.0,100.0,5.2,4.9,48.7,33.8,1017.9,1017.9,-5.49,362.31,-0.01,32.2856,9.8327,547.8,59.2,1486.005, NAN, NAN, NAN, NAN,,2024/04/20 01:21:49.244,2024-04-20 01:21:49.244000+00:00
2024/04/20, 01:22:49.244,37.082,-74.137,11.49,32.68,33.85,11.1,9.4,9.4,1015.5,1015.6,0.0,0.0,85.13,78.53,6,1,11.1,10.3,100.0,100.0,5.4,4.6,44.2,34.0,1017.6,1017.7,-5.45,362.35,-0.02,32.277,9.8365,548.1,59.0,1486.008, NAN, NAN, NAN, NAN,,2024/04/20 01:22:49.244,2024-04-20 01:22:49.244000+00:00
2024/04/20, 01:23:49.244,37.084,-74.135,11.65,32.95,35.05,10.83,9.4,9.4,1015.5,1015.8,0.0,0.0,85.13,78.53,7,1,10.3,10.2,100.0,100.0,4.8,4.6,46.4,33.4,1017.6,1017.9,-5.39,362.57,-0.01,32.2625,9.8424,550.2,59.1,1486.012, NAN, NAN, NAN, NAN,,2024/04/20 01:23:49.244,2024-04-20 01:23:49.244000+00:00
2024/04/20, 01:24:49.244,37.087,-74.133,11.59,32.85,35.74,10.93,9.4,9.4,1015.5,1015.6,0.0,0.0,85.13,78.53,8,2,11.2,10.7,100.0,100.0,5.7,5.1,47.2,35.2,1017.6,1017.7,-5.46,362.57,-0.01,32.2607,9.8601,551.2,59.1,1486.074, NAN, NAN, NAN, NAN,,2024/04/20 01:24:49.244,2024-04-20 01:24:49.244000+00:00
2024/04/20, 01:25:49.244,37.089,-74.131,11.65,32.98,34.27,11.27,9.4,9.4,1015.7,1015.7,0.0,0.0,85.13,78.53,8,3,11.1,10.6,100.0,100.0,5.4,4.8,48.2,38.0,1017.8,1017.8,-5.45,362.91,-0.01,32.2552,9.8846,553.6,59.0,1486.156, NAN, NAN, NAN, NAN,,2024/04/20 01:25:49.244,2024-04-20 01:25:49.244000+00:00
2024/04/20, 01:26:49.245,37.092,-74.128,11.67,33.29,37.06,11.36,9.4,9.4,1015.5,1015.7,0.0,0.0,85.13,78.53,6,1,10.6,10.6,100.0,100.0,4.8,4.8,43.6,32.4,1017.6,1017.8,-5.45,362.16,-0.01,32.2514,9.9121,550.5,59.2,1486.252, NAN, NAN, NAN, NAN,,2024/04/20 01:26:49.245,2024-04-20 01:26:49.245000+00:00
2024/04/20, 01:27:49.245,37.094,-74.126,11.65,33.32,36.46,11.12,9.4,9.4,1015.7,1015.7,0.0,0.0,85.13,78.53,6,1,10.7,10.5,100.0,100.0,5.0,4.8,42.4,31.6,1017.8,1017.8,-5.47,362.42,-0.01,32.2489,9.9345,546.8,59.1,1486.33, NAN, NAN, NAN, NAN,,2024/04/20 01:27:49.245,2024-04-20 01:27:49.245000+00:00
2024/04/20, 01:28:49.245,37.097,-74.124,11.78,32.82,34.36,11.4,9.4,9.4,1015.6,1016.0,0.0,0.0,85.13,78.53,7,359,10.5,10.1,100.0,100.0,4.7,4.2,47.6,29.4,1017.7,1018.1,-5.47,362.16,-0.01,32.2454,9.9361,543.2,59.0,1486.331, NAN, NAN, NAN, NAN,,2024/04/20 01:28:49.245,2024-04-20 01:28:49.245000+00:00
2024/04/20, 01:29:49.245,37.1,-74.122,11.71,32.55,32.8,11.04,9.3,9.4,1015.9,1015.6,0.0,0.0,85.13,78.53,4,0,10.1,10.4,100.0,100.0,4.4,4.7,40.3,31.3,1018.0,1017.7,-5.43,361.81,-0.01,32.2403,9.9222,544.1,59.3,1486.275, NAN, NAN, NAN, NAN,,2024/04/20 01:29:49.245,2024-04-20 01:29:49.245000+00:00
2024/04/20, 01:30:49.245,37.102,-74.12,11.61,32.82,35.67,11.42,9.3,9.4,1015.8,1015.8,0.0,0.0,85.13,78.53,5,0,10.5,10.2,100.0,100.0,4.6,4.3,41.0,29.5,1017.9,1017.9,-5.43,362.34,-0.01,32.2341,9.9033,544.8,59.3,1486.199, NAN, NAN, NAN, NAN,,2024/04/20 01:30:49.245,2024-04-20 01:30:49.245000+00:00
2024/04/20, 01:31:49.245,37.105,-74.117,11.56,32.53,33.89,11.22,9.3,9.4,1015.7,1015.8,0.0,0.0,85.13,78.53,5,359,10.5,10.1,100.0,100.0,4.8,4.3,42.4,28.9,1017.8,1017.9,-5.5,362.55,-0.01,32.23,9.8974,542.8,59.3,1486.172, NAN, NAN, NAN, NAN,,2024/04/20 01:31:49.245,2024-04-20 01:31:49.245000+00:00
2024/04/20, 01:32:49.245,37.107,-74.115,11.74,32.24,32.77,11.23,9.3,9.4,1015.8,1015.8,0.0,0.0,85.13,78.53,4,358,10.7,10.1,100.0,100.0,4.9,4.4,39.3,25.8,1017.9,1017.9,-5.51,362.15,-0.01,32.229,9.8877,546.2,59.2,1486.136, NAN, NAN, NAN, NAN,,2024/04/20 01:32:49.245,2024-04-20 01:32:49.245000+00:00
2024/04/20, 01:33:49.245,37.11,-74.113,11.59,33.01,36.81,11.27,9.3,9.4,1015.9,1015.7,0.0,0.0,85.13,78.53,5,358,10.6,10.0,100.0,100.0,4.8,4.3,39.9,23.7,1018.0,1017.8,-5.33,361.53,-0.01,32.2318,9.824,542.5,59.2,1485.908, NAN, NAN, NAN, NAN,,2024/04/20 01:33:49.245,2024-04-20 01:33:49.245000+00:00
2024/04/20, 01:34:49.245,37.112,-74.111,11.4,33.26,32.11,11.14,9.3,9.4,1016.1,1015.9,0.0,0.0,85.13,78.53,4,359,10.2,10.0,100.0,100.0,4.5,4.3,39.9,28.3,1018.2,1018.0,-5.46,361.2,-0.02,32.2355,9.7593,541.4,59.2,1485.677, NAN, NAN, NAN, NAN,,2024/04/20 01:34:49.245,2024-04-20 01:34:49.245000+00:00
2024/04/20, 01:35:49.245,37.115,-74.108,11.62,33.38,32.55,11.2,9.3,9.4,1015.8,1015.8,0.0,0.0,85.13,78.53,3,358,10.6,10.1,100.0,100.0,4.9,4.4,39.8,28.6,1017.9,1017.9,-5.49,361.0,-0.01,32.2289,9.6836,545.6,59.1,1485.393, NAN, NAN, NAN, NAN,,2024/04/20 01:35:49.245,2024-04-20 01:35:49.245000+00:00
2024/04/20, 01:36:49.245,37.117,-74.106,11.52,32.19,33.0,11.04,9.3,9.4,1015.8,1015.8,0.0,0.0,85.13,78.53,4,359,10.3,10.4,100.0,100.0,4.6,4.7,38.7,27.7,1017.9,1017.9,-5.4,360.87,-0.01,32.2182,9.629,559.6,59.2,1485.181, NAN, NAN, NAN, NAN,,2024/04/20 01:36:49.245,2024-04-20 01:36:49.245000+00:00
2024/04/20, 01:37:49.245,37.12,-74.104,11.51,32.73,34.49,11.33,9.3,9.3,1015.7,1015.8,0.0,0.0,85.13,78.53,5,359,10.7,9.9,100.0,100.0,4.9,4.1,40.2,26.1,1017.8,1017.9,-5.48,360.34,-0.01,32.2033,9.5955,571.2,59.2,1485.041, NAN, NAN, NAN, NAN,,2024/04/20 01:37:49.245,2024-04-20 01:37:49.245000+00:00
2024/04/20, 01:38:49.245,37.123,-74.102,11.66,33.24,34.85,11.14,9.3,9.3,1015.7,1015.8,0.0,0.0,85.13,78.53,4,358,10.6,10.1,100.0,100.0,4.9,4.4,39.4,25.8,1017.8,1017.9,-5.42,360.33,-0.01,32.1882,9.5726,580.9,58.9,1484.938, NAN, NAN, NAN, NAN,,2024/04/20 01:38:49.245,2024-04-20 01:38:49.245000+00:00
2024/04/20, 01:39:49.245,37.125,-74.099,11.62,32.72,33.28,11.56,9.3,9.3,1015.8,1015.7,0.0,0.0,85.13,78.53,3,359,10.3,9.8,100.0,100.0,4.4,3.9,38.3,28.5,1017.9,1017.8,-5.46,360.21,-0.01,32.1718,9.5596,588.4,58.9,1484.871, NAN, NAN, NAN, NAN,,2024/04/20 01:39:49.245,2024-04-20 01:39:49.245000+00:00
2024/04/20, 01:40:49.245,37.128,-74.097,11.49,32.97,40.09,11.18,9.3,9.3,1015.7,1015.7,0.0,0.0,85.13,78.53,6,359,10.4,10.1,100.0,100.0,4.7,4.4,40.4,24.4,1017.8,1017.8,-5.48,359.91,-0.01,32.1633,9.554,594.5,58.8,1484.84, NAN, NAN, NAN, NAN,,2024/04/20 01:40:49.245,2024-04-20 01:40:49.245000+00:00
2024/04/20, 01:41:49.245,37.13,-74.095,11.6,32.58,35.38,11.52,9.3,9.3,1015.7,1015.8,0.0,0.0,85.13,78.53,6,0,10.2,10.0,100.0,100.0,4.3,4.1,41.2,26.6,1017.8,1017.9,-5.48,359.71,-0.01,32.1617,9.5505,597.4,59.0,1484.825, NAN, NAN, NAN, NAN,,2024/04/20 01:41:49.245,2024-04-20 01:41:49.245000+00:00
2024/04/20, 01:42:49.245,37.133,-74.092,11.42,33.11,35.95,11.41,9.2,9.3,1015.8,1015.9,0.0,0.0,85.13,78.53,5,359,10.2,9.8,100.0,100.0,4.3,4.0,41.5,26.9,1017.9,1018.0,-5.51,359.9,-0.01,32.1601,9.5421,600.8,59.0,1484.793, NAN, NAN, NAN, NAN,,2024/04/20 01:42:49.245,2024-04-20 01:42:49.245000+00:00
2024/04/20, 01:43:49.246,37.135,-74.09,11.61,33.41,38.9,11.36,9.2,9.3,1015.7,1015.8,0.0,0.0,85.13,78.53,5,359,10.5,9.9,100.0,100.0,4.7,4.1,39.3,24.9,1017.8,1017.9,-5.41,359.82,-0.01,32.1592,9.5302,605.6,58.9,1484.748, NAN, NAN, NAN, NAN,,2024/04/20 01:43:49.246,2024-04-20 01:43:49.246000+00:00
2024/04/20, 01:44:49.246,37.138,-74.088,11.78,32.76,40.08,11.58,9.2,9.3,1015.8,1015.9,0.0,0.0,85.13,78.53,5,0,10.3,10.0,100.0,100.0,4.4,4.1,41.5,29.5,1017.9,1018.0,-5.45,360.18,-0.01,32.1585,9.5222,608.0,59.0,1484.718, NAN, NAN, NAN, NAN,,2024/04/20 01:44:49.246,2024-04-20 01:44:49.246000+00:00
2024/04/20, 01:45:49.246,37.14,-74.085,11.74,31.82,34.55,11.64,9.2,9.3,1015.4,1015.5,0.0,0.0,85.13,78.53,5,359,10.3,10.0,100.0,100.0,4.3,4.1,39.6,24.9,1017.5,1017.6,-5.41,360.42,-0.01,32.1547,9.5195,613.2,59.0,1484.703, NAN, NAN, NAN, NAN,,2024/04/20 01:45:49.246,2024-04-20 01:45:49.246000+00:00
2024/04/20, 01:46:49.246,37.143,-74.083,11.62,31.92,33.48,11.0,9.2,9.3,1015.7,1015.8,0.0,0.0,85.13,78.53,3,358,10.1,9.8,100.0,100.0,4.4,4.2,34.4,22.7,1017.8,1017.9,-5.45,360.56,-0.01,32.1507,9.5099,616.3,58.8,1484.663, NAN, NAN, NAN, NAN,,2024/04/20 01:46:49.246,2024-04-20 01:46:49.246000+00:00
2024/04/20, 01:47:49.246,37.146,-74.081,11.53,32.78,33.01,11.46,9.2,9.2,1015.9,1015.8,0.0,0.0,85.13,78.53,3,358,10.2,9.6,100.0,100.0,4.3,3.8,36.6,23.8,1018.0,1017.9,-5.49,360.64,-0.01,32.1462,9.4965,617.6,58.7,1484.609, NAN, NAN, NAN, NAN,,2024/04/20 01:47:49.246,2024-04-20 01:47:49.246000+00:00
2024/04/20, 01:48:49.246,37.148,-74.079,11.51,31.98,36.36,11.25,9.2,9.2,1015.9,1015.8,0.0,0.0,85.13,78.53,4,358,10.1,9.8,100.0,100.0,4.3,4.1,36.6,22.1,1018.0,1017.9,-5.46,360.93,-0.01,32.1435,9.4782,618.0,58.9,1484.538, NAN, NAN, NAN, NAN,,2024/04/20 01:48:49.246,2024-04-20 01:48:49.246000+00:00
2024/04/20, 01:49:49.246,37.151,-74.076,11.77,31.23,42.41,10.96,9.2,9.3,1015.8,1016.0,0.0,0.0,85.13,78.53,4,358,10.0,9.9,100.0,100.0,4.4,4.5,30.4,16.8,1017.9,1018.1,-5.45,361.3,-0.01,32.142,9.4544,619.0,58.9,1484.449, NAN, NAN, NAN, NAN,,2024/04/20 01:49:49.246,2024-04-20 01:49:49.246000+00:00
2024/04/20, 01:50:49.246,37.153,-74.074,11.65,30.23,28.65,10.94,9.2,9.3,1016.0,1016.1,0.0,0.0,85.13,78.53,3,357,9.8,9.6,100.0,100.0,4.2,4.0,34.8,20.4,1018.1,1018.2,-5.48,361.69,-0.01,32.143,9.3936,617.6,59.0,1484.227, NAN, NAN, NAN, NAN,,2024/04/20 01:50:49.246,2024-04-20 01:50:49.246000+00:00
2024/04/20, 01:51:49.246,37.156,-74.072,11.71,30.92,34.9,11.52,9.2,9.3,1016.1,1015.9,0.0,0.0,85.13,78.53,2,356,10.0,9.6,100.0,100.0,4.1,3.8,29.3,13.8,1018.2,1018.0,-5.42,362.06,-0.01,32.1415,9.3125,606.8,59.0,1483.927, NAN, NAN, NAN, NAN,,2024/04/20 01:51:49.246,2024-04-20 01:51:49.246000+00:00
2024/04/20, 01:52:49.246,37.158,-74.07,11.61,31.26,37.43,11.26,9.2,9.3,1015.8,1016.0,0.0,0.0,85.13,78.53,1,355,9.9,9.6,100.0,100.0,4.1,4.0,27.2,12.3,1017.9,1018.1,-5.44,362.47,-0.01,32.1405,9.2238,599.2,59.1,1483.599, NAN, NAN, NAN, NAN,,2024/04/20 01:52:49.246,2024-04-20 01:52:49.246000+00:00
2024/04/20, 01:53:49.246,37.161,-74.068,11.71,30.7,32.95,10.97,9.2,9.3,1015.9,1015.8,0.0,0.0,85.13,78.53,2,356,10.1,9.7,100.0,100.0,4.5,4.2,30.8,16.5,1018.0,1017.9,-5.47,362.62,-0.01,32.1306,9.1792,595.2,59.0,1483.422, NAN, NAN, NAN, NAN,,2024/04/20 01:53:49.246,2024-04-20 01:53:49.246000+00:00
2024/04/20, 01:54:49.246,37.163,-74.065,11.68,30.83,34.61,11.08,9.3,9.3,1015.9,1015.9,0.0,0.0,85.13,78.53,1,355,10.0,9.8,100.0,100.0,4.3,4.3,27.7,13.6,1018.0,1018.0,-5.43,362.91,-0.01,32.1198,9.1576,596.4,59.0,1483.329, NAN, NAN, NAN, NAN,,2024/04/20 01:54:49.246,2024-04-20 01:54:49.246000+00:00
2024/04/20, 01:55:49.246,37.166,-74.063,11.58,31.0,33.67,10.92,9.2,9.3,1015.8,1015.8,0.0,0.0,85.13,78.53,1,356,10.1,9.7,100.0,100.0,4.5,4.2,28.0,16.1,1017.9,1017.9,-5.46,363.37,-0.01,32.1163,9.1327,594.4,59.0,1483.233, NAN, NAN, NAN, NAN,,2024/04/20 01:55:49.246,2024-04-20 01:55:49.246000+00:00
2024/04/20, 01:56:49.246,37.169,-74.061,11.76,29.93,32.12,10.99,9.3,9.3,1016.1,1015.9,0.0,0.0,85.13,78.53,1,356,9.8,9.7,100.0,100.0,4.2,4.1,28.8,16.9,1018.2,1018.0,-5.45,363.65,-0.01,32.1142,9.1079,592.8,58.9,1483.139, NAN, NAN, NAN, NAN,,2024/04/20 01:56:49.246,2024-04-20 01:56:49.246000+00:00
2024/04/20, 01:57:49.246,37.171,-74.059,11.69,30.58,29.72,11.04,9.3,9.3,1015.9,1015.8,0.0,0.0,85.13,78.53,1,356,9.7,9.5,100.0,100.0,4.0,3.9,30.3,17.9,1018.0,1017.9,-5.45,363.81,-0.01,32.1145,9.0741,589.1,58.5,1483.014, NAN, NAN, NAN, NAN,,2024/04/20 01:57:49.246,2024-04-20 01:57:49.246000+00:00
2024/04/20, 01:58:49.247,37.174,-74.057,11.7,30.45,34.86,11.08,9.3,9.3,1016.0,1015.8,0.0,0.0,85.13,78.53,2,356,9.8,9.6,100.0,100.0,4.1,4.0,29.6,15.1,1018.1,1017.9,-5.47,364.31,-0.01,32.1178,9.045,584.8,58.7,1482.91, NAN, NAN, NAN, NAN,,2024/04/20 01:58:49.247,2024-04-20 01:58:49.247000+00:00
2024/04/20, 01:59:49.247,37.176,-74.054,11.63,30.71,36.96,11.37,9.3,9.3,1015.8,1015.8,0.0,0.0,85.13,78.53,1,355,9.8,9.4,100.0,100.0,4.0,3.8,26.9,11.2,1017.9,1017.9,-5.51,364.5,-0.01,32.1196,9.0278,577.6,58.6,1482.848, NAN, NAN, NAN, NAN,,2024/04/20 01:59:49.247,2024-04-20 01:59:49.247000+00:00
2024/04/20, 02:00:49.247,37.179,-74.052,11.55,30.83,37.05,10.75,9.3,9.3,1015.7,1015.7,0.0,0.0,85.13,78.53,1,355,9.7,9.5,100.0,100.0,4.2,4.1,27.4,13.3,1017.8,1017.8,-5.48,365.0,-0.01,32.118,8.9852,578.7,58.7,1482.688, NAN, NAN, NAN, NAN,,2024/04/20 02:00:49.247,2024-04-20 02:00:49.247000+00:00
2024/04/20, 02:01:49.247,37.181,-74.05,11.73,29.4,31.75,11.19,9.3,9.3,1015.7,1015.8,0.0,0.0,85.13,78.53,1,356,9.7,9.2,100.0,100.0,4.0,3.6,27.9,14.5,1017.8,1017.9,-5.46,365.18,-0.01,32.1263,8.992,590.0,58.6,1482.724, NAN, NAN, NAN, NAN,,2024/04/20 02:01:49.247,2024-04-20 02:01:49.247000+00:00
2024/04/20, 02:02:49.247,37.184,-74.048,11.71,30.95,32.99,11.36,9.3,9.3,1015.9,1015.8,0.0,0.0,85.13,78.53,0,354,9.8,9.7,100.0,100.0,4.0,4.0,29.7,14.8,1018.0,1017.9,-5.4,365.21,-0.01,32.1311,9.1181,600.1,58.6,1483.197, NAN, NAN, NAN, NAN,,2024/04/20 02:02:49.247,2024-04-20 02:02:49.247000+00:00
2024/04/20, 02:03:49.247,37.186,-74.046,11.64,30.59,33.24,11.21,9.3,9.3,1015.7,1015.7,0.0,0.0,85.13,78.53,0,355,9.7,9.3,100.0,100.0,4.0,3.7,26.5,13.3,1017.8,1017.8,-5.43,365.53,-0.01,32.1326,9.3105,602.2,58.8,1483.909, NAN, NAN, NAN, NAN,,2024/04/20 02:03:49.247,2024-04-20 02:03:49.247000+00:00
2024/04/20, 02:04:49.247,37.189,-74.044,11.67,31.29,31.12,11.16,9.3,9.3,1015.7,1015.7,0.0,0.0,85.13,78.53,1,355,9.7,9.4,100.0,100.0,4.0,3.8,31.4,16.2,1017.8,1017.8,-5.43,365.82,-0.01,32.171,9.4579,602.5,58.7,1484.497, NAN, NAN, NAN, NAN,,2024/04/20 02:04:49.247,2024-04-20 02:04:49.247000+00:00
2024/04/20, 02:05:49.247,37.192,-74.042,11.83,30.65,30.14,11.19,9.3,9.4,1015.9,1015.8,0.0,0.0,85.13,78.53,2,355,9.7,9.4,100.0,100.0,3.9,3.8,32.1,14.4,1018.0,1017.9,-5.49,366.03,-0.01,32.2157,9.513,584.6,59.0,1484.754, NAN, NAN, NAN, NAN,,2024/04/20 02:05:49.247,2024-04-20 02:05:49.247000+00:00
2024/04/20, 02:06:49.247,37.194,-74.039,11.91,29.54,25.35,10.87,9.3,9.3,1015.8,1015.8,0.0,0.0,85.13,78.53,1,355,9.5,9.3,100.0,100.0,3.9,3.8,31.2,16.3,1017.9,1017.9,-5.45,365.95,-0.01,32.2435,9.5419,566.5,58.9,1484.894, NAN, NAN, NAN, NAN,,2024/04/20 02:06:49.247,2024-04-20 02:06:49.247000+00:00
2024/04/20, 02:07:49.247,37.197,-74.037,11.67,30.88,31.76,11.33,9.3,9.3,1016.1,1015.7,0.0,0.0,85.13,78.53,1,355,9.3,9.2,100.0,100.0,3.5,3.5,32.0,15.9,1018.2,1017.8,-5.47,366.14,-0.01,32.2412,9.546,565.2,59.0,1484.906, NAN, NAN, NAN, NAN,,2024/04/20 02:07:49.247,2024-04-20 02:07:49.247000+00:00
2024/04/20, 02:08:49.247,37.2,-74.035,11.58,31.22,32.84,11.12,9.3,9.3,1015.8,1015.8,0.0,0.0,85.13,78.53,1,354,9.2,9.1,100.0,100.0,3.5,3.6,29.3,11.0,1017.9,1017.9,-5.36,365.87,-0.01,32.2354,9.5377,570.8,59.0,1484.868, NAN, NAN, NAN, NAN,,2024/04/20 02:08:49.247,2024-04-20 02:08:49.247000+00:00
2024/04/20, 02:09:49.247,37.202,-74.033,11.71,30.99,35.98,11.29,9.3,9.3,1015.8,1015.9,0.0,0.0,85.13,78.53,1,355,9.1,8.9,100.0,100.0,3.3,3.3,28.1,11.3,1017.9,1018.0,-5.43,365.84,-0.02,32.2289,9.5254,572.6,59.1,1484.815, NAN, NAN, NAN, NAN,,2024/04/20 02:09:49.247,2024-04-20 02:09:49.247000+00:00
2024/04/20, 02:10:49.247,37.205,-74.031,11.62,30.45,35.44,11.03,9.3,9.3,1015.9,1015.9,0.0,0.0,85.13,78.53,1,355,9.4,8.9,100.0,100.0,3.8,3.4,26.5,10.0,1018.0,1018.0,-5.41,365.79,-0.01,32.2233,9.5116,576.0,59.1,1484.758, NAN, NAN, NAN, NAN,,2024/04/20 02:10:49.247,2024-04-20 02:10:49.247000+00:00
2024/04/20, 02:11:49.247,37.208,-74.029,11.79,31.03,35.74,11.53,9.3,9.4,1015.8,1015.8,0.0,0.0,85.13,78.53,2,357,9.3,8.9,100.0,100.0,3.4,3.1,30.3,15.3,1017.9,1017.9,-5.39,366.08,-0.01,32.2194,9.4827,569.2,59.1,1484.647, NAN, NAN, NAN, NAN,,2024/04/20 02:11:49.247,2024-04-20 02:11:49.247000+00:00
2024/04/20, 02:12:49.247,37.21,-74.027,11.81,30.21,33.71,11.62,9.3,9.4,1015.7,1015.9,0.0,0.0,85.13,78.53,1,356,9.2,8.9,100.0,100.0,3.2,3.0,30.8,15.8,1017.8,1018.0,-5.46,365.68,-0.01,32.214,9.4555,570.5,59.3,1484.541, NAN, NAN, NAN, NAN,,2024/04/20 02:12:49.247,2024-04-20 02:12:49.247000+00:00
2024/04/20, 02:13:49.247,37.213,-74.024,11.71,30.41,36.17,11.02,9.3,9.4,1015.7,1015.7,0.0,0.0,85.13,78.53,2,356,9.4,8.9,100.0,100.0,3.8,3.4,27.3,10.8,1017.8,1017.8,-5.36,365.91,-0.01,32.2057,9.4353,568.3,59.0,1484.457, NAN, NAN, NAN, NAN,,2024/04/20 02:13:49.247,2024-04-20 02:13:49.247000+00:00
2024/04/20, 02:14:49.248,37.215,-74.022,11.74,30.46,32.26,11.4,9.4,9.4,1015.7,1015.7,0.0,0.0,85.13,78.53,2,356,9.2,9.0,100.0,100.0,3.3,3.3,31.3,14.4,1017.8,1017.8,-5.45,365.76,-0.01,32.2011,9.4082,571.2,59.2,1484.352, NAN, NAN, NAN, NAN,,2024/04/20 02:14:49.248,2024-04-20 02:14:49.248000+00:00
2024/04/20, 02:15:49.248,37.218,-74.02,11.88,31.3,30.89,11.46,9.4,9.4,1015.8,1015.9,0.0,0.0,85.13,78.53,1,356,8.9,8.7,100.0,100.0,3.0,2.9,33.9,18.6,1017.9,1018.0,-5.36,365.5,-0.01,32.1969,9.3766,574.2,59.3,1484.231, NAN, NAN, NAN, NAN,,2024/04/20 02:15:49.248,2024-04-20 02:15:49.248000+00:00
2024/04/20, 02:16:49.248,37.221,-74.018,11.81,31.04,35.55,11.38,9.4,9.4,1015.8,1015.8,0.0,0.0,85.13,78.53,3,356,9.1,8.8,100.0,100.0,3.3,3.1,32.9,12.5,1017.9,1017.9,-5.39,366.05,-0.0,32.1937,9.3336,576.6,59.0,1484.069, NAN, NAN, NAN, NAN,,2024/04/20 02:16:49.248,2024-04-20 02:16:49.248000+00:00
2024/04/20, 02:17:49.248,37.223,-74.016,11.84,30.48,31.57,11.24,9.4,9.4,1015.8,1015.8,0.0,0.0,85.13,78.53,2,356,9.3,9.0,100.0,100.0,3.5,3.3,33.4,16.9,1017.9,1017.9,-5.39,367.08,-0.01,32.19,9.2595,577.2,59.1,1483.791, NAN, NAN, NAN, NAN,,2024/04/20 02:17:49.248,2024-04-20 02:17:49.248000+00:00
2024/04/20, 02:18:49.248,37.226,-74.014,11.66,30.42,30.58,11.26,9.4,9.4,1015.8,1015.8,0.0,0.0,85.13,78.53,2,356,9.2,9.0,100.0,100.0,3.4,3.3,34.8,18.3,1017.9,1017.9,-5.4,367.28,-0.01,32.183,9.2154,575.6,59.0,1483.62, NAN, NAN, NAN, NAN,,2024/04/20 02:18:49.248,2024-04-20 02:18:49.248000+00:00
2024/04/20, 02:19:49.248,37.229,-74.012,11.7,31.69,31.46,11.16,9.4,9.5,1015.8,1015.8,0.0,0.0,85.13,78.53,2,357,9.1,9.0,100.0,100.0,3.4,3.3,34.2,20.5,1017.9,1017.9,-5.43,367.51,-0.02,32.1616,9.1861,575.3,59.3,1483.486, NAN, NAN, NAN, NAN,,2024/04/20 02:19:49.248,2024-04-20 02:19:49.248000+00:00
2024/04/20, 02:20:49.248,37.231,-74.01,11.78,30.6,33.4,10.91,9.5,9.5,1015.8,1015.8,0.0,0.0,85.13,78.53,1,355,9.3,9.1,100.0,100.0,3.7,3.6,29.5,14.1,1017.9,1017.9,-5.42,367.19,-0.01,32.1327,9.1606,562.4,59.2,1483.356, NAN, NAN, NAN, NAN,,2024/04/20 02:20:49.248,2024-04-20 02:20:49.248000+00:00
2024/04/20, 02:21:49.248,37.234,-74.008,11.78,31.22,32.71,11.37,9.5,9.5,1015.8,1015.7,0.0,0.0,85.13,78.53,1,356,9.5,9.2,100.0,100.0,3.7,3.4,33.2,19.7,1017.9,1017.8,-5.45,366.45,-0.01,32.1167,9.1432,555.3,59.3,1483.272, NAN, NAN, NAN, NAN,,2024/04/20 02:21:49.248,2024-04-20 02:21:49.248000+00:00
2024/04/20, 02:22:49.248,37.237,-74.006,11.78,31.15,32.08,11.0,9.5,9.5,1015.7,1015.7,0.0,0.0,85.13,78.53,2,356,9.5,9.0,100.0,100.0,3.8,3.4,34.4,18.6,1017.8,1017.8,-5.32,365.99,-0.01,32.1085,9.1142,548.1,59.1,1483.155, NAN, NAN, NAN, NAN,,2024/04/20 02:22:49.248,2024-04-20 02:22:49.248000+00:00
2024/04/20, 02:23:49.248,37.239,-74.004,11.85,31.39,34.33,11.26,9.5,9.5,1015.7,1015.6,0.0,0.0,85.13,78.53,1,355,9.6,9.3,100.0,100.0,3.8,3.6,29.9,14.3,1017.8,1017.7,-5.42,365.66,-0.01,32.1049,9.0837,545.1,59.1,1483.038, NAN, NAN, NAN, NAN,,2024/04/20 02:23:49.248,2024-04-20 02:23:49.248000+00:00
2024/04/20, 02:24:49.248,37.242,-74.002,11.76,30.53,31.11,11.08,9.5,9.5,1015.7,1015.8,0.0,0.0,85.13,78.53,359,355,9.5,9.2,100.0,100.0,3.8,3.6,28.7,18.2,1017.8,1017.9,-5.35,366.59,-0.01,32.1038,9.055,541.4,59.0,1482.93, NAN, NAN, NAN, NAN,,2024/04/20 02:24:49.248,2024-04-20 02:24:49.248000+00:00
2024/04/20, 02:25:49.248,37.245,-74.0,11.72,29.85,25.76,10.78,9.5,9.6,1015.7,1015.7,0.0,0.0,85.13,78.53,0,355,9.4,9.2,100.0,100.0,3.9,3.7,30.2,17.7,1017.8,1017.8,-5.43,367.68,-0.02,32.1051,9.0422,545.2,58.8,1482.884, NAN, NAN, NAN, NAN,,2024/04/20 02:25:49.248,2024-04-20 02:25:49.248000+00:00
2024/04/20, 02:26:49.248,37.247,-73.998,11.6,30.94,31.46,10.96,9.5,9.6,1015.8,1015.6,0.0,0.0,85.13,78.53,359,353,9.5,9.1,100.0,100.0,3.9,3.6,27.8,12.2,1017.9,1017.7,-5.39,368.87,-0.01,32.106,9.0215,541.7,58.9,1482.808, NAN, NAN, NAN, NAN,,2024/04/20 02:26:49.248,2024-04-20 02:26:49.248000+00:00
2024/04/20, 02:27:49.248,37.25,-73.996,11.73,30.48,31.87,11.32,9.6,9.6,1015.7,1015.8,0.0,0.0,85.13,78.53,0,354,9.5,9.3,100.0,100.0,3.7,3.6,30.8,14.9,1017.8,1017.9,-5.4,371.21,-0.01,32.1067,8.9972,540.8,58.9,1482.719, NAN, NAN, NAN, NAN,,2024/04/20 02:27:49.248,2024-04-20 02:27:49.248000+00:00
2024/04/20, 02:28:49.248,37.253,-73.994,11.56,31.2,30.34,11.27,9.6,9.6,1015.7,1015.8,0.0,0.0,85.13,78.53,0,353,9.5,9.2,100.0,100.0,3.7,3.5,32.3,13.7,1017.8,1017.9,-5.28,369.87,-0.01,32.117,8.9608,549.2,58.7,1482.597, NAN, NAN, NAN, NAN,,2024/04/20 02:28:49.248,2024-04-20 02:28:49.248000+00:00
2024/04/20, 02:29:49.249,37.255,-73.992,11.82,30.11,30.52,11.39,9.6,9.6,1015.8,1015.6,0.0,0.0,85.13,78.53,0,353,9.7,9.4,100.0,100.0,3.8,3.7,30.3,12.0,1017.9,1017.7,-5.37,367.74,-0.01,32.1217,8.929,554.2,58.9,1482.484, NAN, NAN, NAN, NAN,,2024/04/20 02:29:49.249,2024-04-20 02:29:49.249000+00:00
2024/04/20, 02:30:49.249,37.258,-73.989,11.78,30.39,27.88,11.13,9.6,9.6,1015.7,1015.6,0.0,0.0,85.13,78.53,359,353,9.4,9.3,100.0,100.0,3.7,3.7,28.6,13.2,1017.8,1017.7,-5.37,369.06,-0.01,32.1301,8.8905,573.9,58.9,1482.351, NAN, NAN, NAN, NAN,,2024/04/20 02:30:49.249,2024-04-20 02:30:49.249000+00:00
2024/04/20, 02:31:49.249,37.261,-73.987,11.83,30.48,32.51,11.25,9.6,9.6,1015.8,1015.9,0.0,0.0,85.13,78.53,1,355,9.6,9.2,100.0,100.0,3.8,3.5,29.9,13.9,1017.9,1018.0,-5.37,367.29,-0.02,32.1287,8.8771,584.0,59.0,1482.3, NAN, NAN, NAN, NAN,,2024/04/20 02:31:49.249,2024-04-20 02:31:49.249000+00:00
2024/04/20, 02:32:49.249,37.263,-73.985,11.85,30.65,31.25,11.33,9.6,9.6,1015.5,1015.7,0.0,0.0,85.13,78.53,2,356,9.5,9.2,100.0,100.0,3.7,3.4,34.3,18.2,1017.6,1017.8,-5.34,367.53,-0.02,32.1298,8.8712,583.6,59.0,1482.279, NAN, NAN, NAN, NAN,,2024/04/20 02:32:49.249,2024-04-20 02:32:49.249000+00:00
2024/04/20, 02:33:49.249,37.266,-73.983,11.75,30.19,33.79,11.04,9.6,9.7,1015.5,1015.5,0.0,0.0,85.13,78.53,4,358,9.8,9.4,100.0,100.0,4.1,3.8,35.4,20.5,1017.6,1017.6,-5.43,367.85,-0.01,32.1292,8.8576,580.3,58.8,1482.228, NAN, NAN, NAN, NAN,,2024/04/20 02:33:49.249,2024-04-20 02:33:49.249000+00:00
2024/04/20, 02:34:49.249,37.269,-73.981,11.65,31.33,34.16,11.32,9.6,9.7,1015.5,1015.7,0.0,0.0,85.13,78.53,5,359,9.7,9.2,100.0,100.0,3.9,3.4,40.1,24.4,1017.6,1017.8,-5.46,368.09,-0.01,32.1291,8.8433,575.0,58.9,1482.175, NAN, NAN, NAN, NAN,,2024/04/20 02:34:49.249,2024-04-20 02:34:49.249000+00:00
2024/04/20, 02:35:49.249,37.271,-73.979,11.74,29.96,29.91,10.89,9.6,9.7,1015.4,1015.6,0.0,0.0,85.13,78.53,7,1,9.7,9.4,100.0,100.0,4.2,3.8,44.3,30.2,1017.5,1017.7,-5.42,368.24,-0.01,32.1304,8.8237,572.6,59.0,1482.103, NAN, NAN, NAN, NAN,,2024/04/20 02:35:49.249,2024-04-20 02:35:49.249000+00:00
2024/04/20, 02:36:49.249,37.274,-73.977,11.9,30.97,28.27,11.4,9.7,9.7,1015.6,1015.5,0.0,0.0,85.13,78.53,6,0,9.8,9.4,100.0,100.0,4.1,3.5,48.3,34.1,1017.7,1017.6,-5.28,368.03,-0.01,32.1312,8.8086,572.0,58.9,1482.048, NAN, NAN, NAN, NAN,,2024/04/20 02:36:49.249,2024-04-20 02:36:49.249000+00:00
2024/04/20, 02:37:49.249,37.276,-73.975,11.91,30.55,29.36,11.22,9.6,9.7,1015.7,1015.3,0.0,0.0,85.13,78.53,7,1,9.9,9.6,100.0,100.0,4.2,3.8,47.0,33.0,1017.8,1017.4,-5.36,368.33,-0.01,32.131,8.8044,570.2,58.8,1482.032, NAN, NAN, NAN, NAN,,2024/04/20 02:37:49.249,2024-04-20 02:37:49.249000+00:00
2024/04/20, 02:38:49.249,37.279,-73.973,11.84,31.22,33.43,11.04,9.7,9.7,1015.5,1015.5,0.0,0.0,85.13,78.53,6,0,9.5,9.4,100.0,100.0,3.9,3.7,44.0,29.1,1017.6,1017.6,-5.32,368.02,-0.01,32.1321,8.8016,568.9,58.8,1482.023, NAN, NAN, NAN, NAN,,2024/04/20 02:38:49.249,2024-04-20 02:38:49.249000+00:00
2024/04/20, 02:39:49.249,37.282,-73.971,11.7,30.82,32.85,10.99,9.7,9.7,1015.5,1015.4,0.0,0.0,85.13,78.53,7,359,9.8,9.5,100.0,100.0,4.2,3.9,44.0,24.9,1017.6,1017.5,-5.34,367.99,-0.01,32.1382,8.791,564.3,58.6,1481.991, NAN, NAN, NAN, NAN,,2024/04/20 02:39:49.249,2024-04-20 02:39:49.249000+00:00
2024/04/20, 02:40:49.249,37.284,-73.969,11.79,30.56,29.85,11.26,9.7,9.7,1015.5,1015.5,0.0,0.0,85.13,78.53,6,0,9.9,9.5,100.0,100.0,4.2,3.7,45.5,31.3,1017.6,1017.6,-5.34,368.02,-0.01,32.1479,8.7997,564.9,58.8,1482.035, NAN, NAN, NAN, NAN,,2024/04/20 02:40:49.249,2024-04-20 02:40:49.249000+00:00
2024/04/20, 02:41:49.249,37.287,-73.967,11.81,30.85,34.51,10.99,9.7,9.7,1015.7,1015.5,0.0,0.0,85.13,78.53,5,359,9.7,9.6,100.0,100.0,4.1,4.0,39.0,24.5,1017.8,1017.6,-5.29,370.6,-0.01,32.1568,8.9179,566.2,58.8,1482.486, NAN, NAN, NAN, NAN,,2024/04/20 02:41:49.249,2024-04-20 02:41:49.249000+00:00
2024/04/20, 02:42:49.249,37.29,-73.965,11.69,30.12,29.71,10.71,9.7,9.7,1015.6,1015.4,0.0,0.0,85.13,78.53,4,358,9.8,9.4,100.0,100.0,4.3,3.9,38.5,24.5,1017.7,1017.5,-5.34,369.63,-0.01,32.1662,9.1768,565.2,58.6,1483.457, NAN, NAN, NAN, NAN,,2024/04/20 02:42:49.249,2024-04-20 02:42:49.249000+00:00
2024/04/20, 02:43:49.249,37.292,-73.963,11.71,31.26,32.24,11.09,9.7,9.7,1015.5,1015.5,0.0,0.0,85.13,78.53,4,357,9.8,9.5,100.0,100.0,4.1,3.8,39.4,22.2,1017.6,1017.6,-5.34,369.23,-0.01,32.1982,9.3222,559.3,58.5,1484.032, NAN, NAN, NAN, NAN,,2024/04/20 02:43:49.249,2024-04-20 02:43:49.249000+00:00
2024/04/20, 02:44:49.249,37.295,-73.961,11.79,30.51,30.36,11.01,9.7,9.7,1015.4,1015.5,0.0,0.0,85.13,78.53,2,356,9.8,9.4,100.0,100.0,4.1,3.8,34.0,19.2,1017.5,1017.6,-5.36,370.52,-0.01,32.2631,9.3671,546.8,58.5,1484.277, NAN, NAN, NAN, NAN,,2024/04/20 02:44:49.249,2024-04-20 02:44:49.249000+00:00
2024/04/20, 02:45:49.250,37.297,-73.959,11.62,30.35,32.83,11.11,9.7,9.7,1015.7,1015.5,0.0,0.0,85.13,78.53,2,357,9.5,9.3,100.0,100.0,3.8,3.6,33.2,20.3,1017.8,1017.6,-5.36,369.44,-0.01,32.3431,9.3698,537.4,58.7,1484.384, NAN, NAN, NAN, NAN,,2024/04/20 02:45:49.250,2024-04-20 02:45:49.250000+00:00
2024/04/20, 02:46:49.250,37.3,-73.957,11.76,31.58,32.96,11.25,9.7,9.8,1015.5,1015.5,0.0,0.0,85.13,78.53,1,356,9.7,9.4,100.0,100.0,3.9,3.7,33.7,20.9,1017.6,1017.6,-5.31,371.15,-0.01,32.3821,9.366,538.8,58.8,1484.418, NAN, NAN, NAN, NAN,,2024/04/20 02:46:49.250,2024-04-20 02:46:49.250000+00:00
2024/04/20, 02:47:49.250,37.303,-73.955,11.74,31.33,34.47,10.98,9.7,9.8,1015.4,1015.3,0.0,0.0,85.13,78.53,2,356,9.9,9.6,100.0,100.0,4.3,4.0,35.0,20.6,1017.5,1017.4,-5.31,372.12,-0.01,32.4004,9.3567,537.4,58.8,1484.406, NAN, NAN, NAN, NAN,,2024/04/20 02:47:49.250,2024-04-20 02:47:49.250000+00:00
2024/04/20, 02:48:49.250,37.305,-73.953,11.67,30.88,29.6,10.87,9.8,9.8,1015.5,1015.5,0.0,0.0,85.13,78.53,3,358,9.9,9.7,100.0,100.0,4.3,4.1,37.9,26.3,1017.6,1017.6,-5.32,371.39,-0.01,32.4095,9.3492,536.4,58.7,1484.39, NAN, NAN, NAN, NAN,,2024/04/20 02:48:49.250,2024-04-20 02:48:49.250000+00:00
2024/04/20, 02:49:49.250,37.308,-73.951,11.74,30.02,31.19,10.86,9.8,9.8,1015.5,1015.4,0.0,0.0,85.13,78.53,3,358,9.9,9.7,100.0,100.0,4.3,4.1,35.9,24.3,1017.6,1017.5,-5.34,372.15,-0.01,32.4141,9.339,537.7,58.8,1484.358, NAN, NAN, NAN, NAN,,2024/04/20 02:49:49.250,2024-04-20 02:49:49.250000+00:00
2024/04/20, 02:50:49.250,37.31,-73.949,11.62,31.4,29.93,10.98,9.8,9.8,1015.2,1015.4,0.0,0.0,85.13,78.53,2,356,9.8,9.3,100.0,100.0,4.2,3.7,36.0,21.1,1017.3,1017.5,-5.39,372.45,-0.01,32.413,9.3283,536.8,58.7,1484.317, NAN, NAN, NAN, NAN,,2024/04/20 02:50:49.250,2024-04-20 02:50:49.250000+00:00
2024/04/20, 02:51:49.250,37.313,-73.947,11.56,30.57,30.49,10.89,9.8,9.8,1015.4,1015.5,0.0,0.0,85.13,78.53,5,359,9.9,9.6,100.0,100.0,4.4,4.0,42.3,28.5,1017.5,1017.6,-5.39,372.72,-0.01,32.4125,9.3196,538.5,58.6,1484.285, NAN, NAN, NAN, NAN,,2024/04/20 02:51:49.250,2024-04-20 02:51:49.250000+00:00
2024/04/20, 02:52:49.250,37.316,-73.945,11.72,30.13,31.42,10.91,9.8,9.8,1015.1,1015.1,0.0,0.0,85.13,78.53,7,1,10.2,9.8,100.0,100.0,4.7,4.2,44.6,31.4,1017.2,1017.2,-5.37,373.46,-0.01,32.4117,9.3114,539.2,58.7,1484.254, NAN, NAN, NAN, NAN,,2024/04/20 02:52:49.250,2024-04-20 02:52:49.250000+00:00
2024/04/20, 02:53:49.250,37.318,-73.943,11.62,31.02,35.39,11.14,9.8,9.8,1015.3,1015.5,0.0,0.0,85.13,78.53,8,2,10.0,9.9,100.0,100.0,4.3,4.2,46.4,32.5,1017.4,1017.6,-5.33,373.38,-0.01,32.4106,9.3068,540.1,58.8,1484.235, NAN, NAN, NAN, NAN,,2024/04/20 02:53:49.250,2024-04-20 02:53:49.250000+00:00
2024/04/20, 02:54:49.250,37.321,-73.941,11.67,30.9,30.43,10.93,9.8,9.9,1015.1,1015.1,0.0,0.0,85.13,78.53,8,2,9.8,9.5,100.0,100.0,4.3,3.9,48.5,34.8,1017.2,1017.2,-5.34,373.39,-0.01,32.41,9.3041,538.8,58.9,1484.225, NAN, NAN, NAN, NAN,,2024/04/20 02:54:49.250,2024-04-20 02:54:49.250000+00:00
2024/04/20, 02:55:49.250,37.323,-73.939,11.66,31.24,33.15,11.01,9.8,9.9,1015.1,1015.2,0.0,0.0,85.13,78.53,9,3,9.9,9.6,100.0,100.0,4.3,3.9,49.6,35.9,1017.2,1017.3,-5.34,372.91,-0.01,32.4078,9.3049,541.1,59.0,1484.225, NAN, NAN, NAN, NAN,,2024/04/20 02:55:49.250,2024-04-20 02:55:49.250000+00:00
2024/04/20, 02:56:49.250,37.326,-73.937,11.62,31.18,33.52,10.96,9.8,9.8,1015.0,1014.9,0.0,0.0,85.13,78.53,10,3,9.7,9.5,100.0,100.0,4.2,3.9,52.3,36.0,1017.1,1017.0,-5.27,372.68,-0.01,32.409,9.3031,539.2,58.9,1484.22, NAN, NAN, NAN, NAN,,2024/04/20 02:56:49.250,2024-04-20 02:56:49.250000+00:00
2024/04/20, 02:57:49.250,37.329,-73.935,11.72,30.67,34.77,11.15,9.8,9.8,1015.0,1015.0,0.0,0.0,85.13,78.53,10,4,10.1,9.7,100.0,100.0,4.5,4.0,52.3,39.2,1017.1,1017.1,-5.3,372.49,-0.01,32.4102,9.3065,538.4,58.4,1484.234, NAN, NAN, NAN, NAN,,2024/04/20 02:57:49.250,2024-04-20 02:57:49.250000+00:00
2024/04/20, 02:58:49.250,37.331,-73.933,11.65,31.62,27.98,11.14,9.8,9.8,1014.8,1014.9,0.0,0.0,85.13,78.53,10,4,10.1,9.9,100.0,100.0,4.6,4.2,55.8,43.0,1016.9,1017.0,-5.26,372.84,-0.01,32.4113,9.3018,541.7,58.2,1484.218, NAN, NAN, NAN, NAN,,2024/04/20 02:58:49.250,2024-04-20 02:58:49.250000+00:00
2024/04/20, 02:59:49.250,37.334,-73.931,11.71,30.94,28.51,11.11,9.8,9.8,1015.0,1014.8,0.0,0.0,85.13,78.53,11,5,10.3,10.1,100.0,100.0,4.8,4.4,54.9,42.3,1017.1,1016.9,-5.43,372.83,-0.01,32.414,9.291,533.4,58.6,1484.181, NAN, NAN, NAN, NAN,,2024/04/20 02:59:49.250,2024-04-20 02:59:49.250000+00:00
2024/04/20, 03:00:49.250,37.336,-73.928,11.61,31.49,38.59,11.18,9.8,9.9,1014.9,1014.9,0.0,0.0,85.13,78.53,12,6,10.5,10.2,100.0,100.0,4.9,4.5,53.1,40.3,1017.0,1017.0,-5.34,373.13,-0.01,32.4168,9.2911,536.4,58.7,1484.185, NAN, NAN, NAN, NAN,,2024/04/20 03:00:49.250,2024-04-20 03:00:49.250000+00:00
2024/04/20, 03:01:49.251,37.339,-73.926,11.75,31.1,39.06,11.09,9.9,9.9,1014.9,1014.9,0.0,0.0,85.13,78.53,12,6,10.3,10.0,100.0,100.0,4.7,4.3,52.7,39.6,1017.0,1017.0,-5.38,372.99,-0.01,32.418,9.2874,535.5,58.8,1484.173, NAN, NAN, NAN, NAN,,2024/04/20 03:01:49.251,2024-04-20 03:01:49.251000+00:00
2024/04/20, 03:02:49.251,37.341,-73.924,11.72,30.64,34.31,10.9,9.9,9.9,1014.8,1014.9,0.0,0.0,85.13,78.53,12,6,10.4,10.0,100.0,100.0,4.9,4.4,52.5,40.0,1016.9,1017.0,-5.36,373.3,-0.01,32.4206,9.2935,533.7,59.0,1484.199, NAN, NAN, NAN, NAN,,2024/04/20 03:02:49.251,2024-04-20 03:02:49.251000+00:00
2024/04/20, 03:03:49.251,37.344,-73.922,11.75,30.4,32.61,10.82,10.0,10.0,1014.9,1015.0,0.0,0.0,85.13,78.53,12,7,10.2,9.8,100.0,100.0,4.8,4.3,54.4,44.4,1017.0,1017.1,-5.34,372.64,-0.01,32.4246,9.3086,531.6,58.9,1484.259, NAN, NAN, NAN, NAN,,2024/04/20 03:03:49.251,2024-04-20 03:03:49.251000+00:00
2024/04/20, 03:04:49.251,37.347,-73.92,11.71,30.98,35.66,11.11,9.9,10.0,1014.9,1014.7,0.0,0.0,85.13,78.53,13,8,10.4,9.8,100.0,100.0,4.9,4.2,56.5,46.9,1017.0,1016.8,-5.28,372.88,-0.01,32.4297,9.3235,535.8,59.0,1484.32, NAN, NAN, NAN, NAN,,2024/04/20 03:04:49.251,2024-04-20 03:04:49.251000+00:00
2024/04/20, 03:05:49.251,37.349,-73.918,11.82,31.04,32.36,11.19,9.9,10.0,1014.7,1014.9,0.0,0.0,85.13,78.53,14,7,10.4,10.0,100.0,100.0,4.9,4.3,57.9,43.2,1016.8,1017.0,-5.31,373.8,-0.01,32.4418,9.325,528.6,59.0,1484.34, NAN, NAN, NAN, NAN,,2024/04/20 03:05:49.251,2024-04-20 03:05:49.251000+00:00
2024/04/20, 03:06:49.251,37.352,-73.916,11.56,30.36,32.23,10.67,10.0,10.0,1014.9,1014.9,0.0,0.0,85.13,78.53,14,7,10.4,9.8,100.0,100.0,5.1,4.3,55.9,42.1,1017.0,1017.0,-5.34,372.99,-0.01,32.4537,9.3062,528.8,59.2,1484.286, NAN, NAN, NAN, NAN,,2024/04/20 03:06:49.251,2024-04-20 03:06:49.251000+00:00
2024/04/20, 03:07:49.251,37.354,-73.914,11.66,31.06,42.36,10.84,10.0,10.0,1014.8,1014.8,0.0,0.0,85.13,78.53,13,7,10.3,9.9,100.0,100.0,4.8,4.3,51.9,39.0,1016.9,1016.9,-5.31,373.12,-0.01,32.4652,9.2834,526.7,59.2,1484.216, NAN, NAN, NAN, NAN,,2024/04/20 03:07:49.251,2024-04-20 03:07:49.251000+00:00
2024/04/20, 03:08:49.251,37.357,-73.912,11.54,30.75,38.78,10.81,10.0,10.1,1014.7,1014.8,0.0,0.0,85.13,78.53,12,6,10.4,9.8,100.0,100.0,4.9,4.2,50.9,38.4,1016.8,1016.9,-5.36,373.55,-0.01,32.4738,9.271,523.6,59.2,1484.181, NAN, NAN, NAN, NAN,,2024/04/20 03:08:49.251,2024-04-20 03:08:49.251000+00:00
2024/04/20, 03:09:49.251,37.36,-73.91,11.74,30.74,36.36,11.23,10.0,10.1,1014.7,1014.8,0.0,0.0,85.13,78.53,12,6,10.4,10.1,100.0,100.0,4.8,4.4,54.5,41.7,1016.8,1016.9,-5.4,373.64,-0.01,32.4844,9.3028,524.6,59.0,1484.311, NAN, NAN, NAN, NAN,,2024/04/20 03:09:49.251,2024-04-20 03:09:49.251000+00:00
2024/04/20, 03:10:49.251,37.362,-73.908,11.75,30.57,33.22,11.08,10.0,10.1,1014.9,1014.8,0.0,0.0,85.13,78.53,11,5,10.4,9.9,100.0,100.0,4.9,4.2,52.5,40.1,1017.0,1016.9,-5.38,372.78,-0.01,32.4877,9.2731,524.3,58.8,1484.206, NAN, NAN, NAN, NAN,,2024/04/20 03:10:49.251,2024-04-20 03:10:49.251000+00:00
2024/04/20, 03:11:49.251,37.365,-73.906,11.83,31.41,32.66,11.03,10.1,10.1,1014.7,1014.7,0.0,0.0,85.13,78.53,10,3,10.3,10.0,100.0,100.0,4.8,4.3,52.6,37.6,1016.8,1016.8,-5.49,372.91,-0.01,32.5042,9.2555,527.6,58.4,1484.161, NAN, NAN, NAN, NAN,,2024/04/20 03:11:49.251,2024-04-20 03:11:49.251000+00:00
2024/04/20, 03:12:49.251,37.367,-73.903,11.79,30.98,34.43,11.11,10.2,10.2,1014.8,1014.7,0.0,0.0,85.13,78.53,10,4,10.3,9.8,100.0,100.0,4.7,4.1,50.3,37.3,1016.9,1016.8,-5.34,372.96,-0.01,32.516,9.2747,531.0,58.6,1484.246, NAN, NAN, NAN, NAN,,2024/04/20 03:12:49.251,2024-04-20 03:12:49.251000+00:00
2024/04/20, 03:13:49.251,37.37,-73.901,11.78,31.43,34.83,11.01,10.2,10.2,1014.8,1015.0,0.0,0.0,85.13,78.53,9,2,10.0,9.6,100.0,100.0,4.4,3.9,47.5,31.3,1016.9,1017.1,-5.42,373.08,-0.01,32.52,9.2797,532.4,58.9,1484.269, NAN, NAN, NAN, NAN,,2024/04/20 03:13:49.251,2024-04-20 03:13:49.251000+00:00
2024/04/20, 03:14:49.251,37.373,-73.899,11.77,30.49,35.8,10.74,10.2,10.2,1014.9,1015.0,0.0,0.0,85.13,78.53,8,2,9.7,9.2,100.0,100.0,4.2,3.7,44.4,30.2,1017.0,1017.1,-5.44,373.94,-0.01,32.5334,9.2786,533.4,58.8,1484.282, NAN, NAN, NAN, NAN,,2024/04/20 03:14:49.251,2024-04-20 03:14:49.251000+00:00
2024/04/20, 03:15:49.251,37.375,-73.897,11.74,30.49,29.62,11.18,10.3,10.3,1014.9,1014.8,0.0,0.0,85.13,78.53,7,3,9.5,9.3,100.0,100.0,3.9,3.6,47.8,38.1,1017.0,1016.9,-5.43,374.25,-0.01,32.5458,9.2919,542.5,58.9,1484.346, NAN, NAN, NAN, NAN,,2024/04/20 03:15:49.251,2024-04-20 03:15:49.251000+00:00
2024/04/20, 03:16:49.251,37.378,-73.895,11.79,30.87,32.78,10.96,10.3,10.4,1014.9,1014.9,0.0,0.0,85.13,78.53,8,2,9.4,9.2,100.0,100.0,3.8,3.6,46.4,31.4,1017.0,1017.0,-5.36,374.39,-0.01,32.5505,9.3108,538.0,58.8,1484.421, NAN, NAN, NAN, NAN,,2024/04/20 03:16:49.251,2024-04-20 03:16:49.251000+00:00
2024/04/20, 03:17:49.252,37.38,-73.893,11.62,31.03,35.88,11.17,10.3,10.4,1014.9,1015.1,0.0,0.0,85.13,78.53,7,1,9.0,8.8,100.0,100.0,3.3,3.1,45.2,28.5,1017.0,1017.2,-5.43,374.88,-0.01,32.5518,9.3278,535.2,58.9,1484.485, NAN, NAN, NAN, NAN,,2024/04/20 03:17:49.252,2024-04-20 03:17:49.252000+00:00
2024/04/20, 03:18:49.252,37.383,-73.891,11.75,30.99,37.72,11.38,10.4,10.4,1014.9,1014.9,0.0,0.0,85.13,78.53,5,0,9.1,8.6,100.0,100.0,3.3,2.8,40.6,25.9,1017.0,1017.0,-5.36,375.14,-0.01,32.5519,9.334,532.0,59.0,1484.508, NAN, NAN, NAN, NAN,,2024/04/20 03:18:49.252,2024-04-20 03:18:49.252000+00:00
2024/04/20, 03:19:49.252,37.385,-73.889,11.83,30.85,34.89,11.25,10.4,10.4,1014.8,1014.8,0.0,0.0,85.13,78.53,6,359,9.4,9.3,100.0,100.0,3.6,3.6,40.4,22.1,1016.9,1016.9,-5.26,374.25,-0.01,32.5514,9.3293,539.8,58.6,1484.49, NAN, NAN, NAN, NAN,,2024/04/20 03:19:49.252,2024-04-20 03:19:49.252000+00:00
2024/04/20, 03:20:49.252,37.388,-73.887,11.76,30.19,33.15,11.33,10.3,10.4,1014.9,1015.1,0.0,0.0,85.13,78.53,5,1,9.3,9.2,100.0,100.0,3.5,3.4,38.8,28.1,1017.0,1017.2,-5.37,375.86,-0.01,32.5536,9.3218,534.0,58.5,1484.465, NAN, NAN, NAN, NAN,,2024/04/20 03:20:49.252,2024-04-20 03:20:49.252000+00:00
2024/04/20, 03:21:49.252,37.391,-73.885,11.78,30.9,34.35,11.16,10.4,10.5,1014.9,1015.1,0.0,0.0,85.13,78.53,6,359,9.5,8.9,100.0,100.0,3.8,3.2,41.9,23.3,1017.0,1017.2,-5.44,376.7,-0.01,32.5548,9.3278,537.1,58.6,1484.489, NAN, NAN, NAN, NAN,,2024/04/20 03:21:49.252,2024-04-20 03:21:49.252000+00:00
2024/04/20, 03:22:49.252,37.393,-73.883,11.7,29.81,31.12,11.17,10.6,10.6,1014.9,1015.0,0.0,0.0,85.13,78.53,5,0,9.3,9.2,100.0,100.0,3.6,3.5,40.4,27.3,1017.0,1017.1,-5.47,375.75,-0.02,32.559,9.3369,546.5,58.7,1484.528, NAN, NAN, NAN, NAN,,2024/04/20 03:22:49.252,2024-04-20 03:22:49.252000+00:00
2024/04/20, 03:23:49.252,37.396,-73.88,11.79,29.29,25.93,11.11,10.6,10.7,1014.9,1014.9,0.0,0.0,85.13,78.53,4,0,9.0,9.1,100.0,100.0,3.4,3.4,43.3,32.5,1017.0,1017.0,-5.5,374.88,-0.01,32.556,9.3439,538.0,58.8,1484.55, NAN, NAN, NAN, NAN,,2024/04/20 03:23:49.252,2024-04-20 03:23:49.252000+00:00
2024/04/20, 03:24:49.252,37.399,-73.878,11.72,30.21,33.64,11.17,10.7,10.8,1014.8,1014.7,0.0,0.0,85.13,78.53,3,358,9.2,8.8,100.0,100.0,3.5,3.1,36.4,22.4,1016.9,1016.8,-5.31,376.11,-0.02,32.55,9.347,535.0,59.0,1484.554, NAN, NAN, NAN, NAN,,2024/04/20 03:24:49.252,2024-04-20 03:24:49.252000+00:00
2024/04/20, 03:25:49.252,37.401,-73.876,11.77,30.5,34.91,10.88,10.6,10.7,1014.8,1014.8,0.0,0.0,85.13,78.53,6,359,9.5,9.0,100.0,100.0,3.9,3.5,40.1,22.2,1016.9,1016.9,-5.33,376.91,-0.01,32.5454,9.3469,535.8,59.0,1484.548, NAN, NAN, NAN, NAN,,2024/04/20 03:25:49.252,2024-04-20 03:25:49.252000+00:00
2024/04/20, 03:26:49.252,37.404,-73.874,11.76,30.04,35.31,10.94,10.6,10.7,1015.0,1015.0,0.0,0.0,85.13,78.53,5,359,8.9,8.8,100.0,100.0,3.3,3.2,36.1,19.7,1017.1,1017.1,-5.37,377.69,-0.01,32.5436,9.3396,545.2,59.1,1484.519, NAN, NAN, NAN, NAN,,2024/04/20 03:26:49.252,2024-04-20 03:26:49.252000+00:00
2024/04/20, 03:27:49.252,37.406,-73.872,11.76,29.8,30.56,11.07,10.7,10.7,1015.1,1015.1,0.0,0.0,85.13,78.53,8,0,8.9,8.7,100.0,100.0,3.3,3.0,48.0,25.8,1017.2,1017.2,-5.46,378.56,-0.01,32.5415,9.3347,541.1,59.3,1484.498, NAN, NAN, NAN, NAN,,2024/04/20 03:27:49.252,2024-04-20 03:27:49.252000+00:00
2024/04/20, 03:28:49.252,37.409,-73.87,11.54,30.32,31.27,10.9,10.9,10.9,1015.0,1015.1,0.0,0.0,85.13,78.53,5,0,8.8,8.5,100.0,100.0,3.2,2.9,42.5,28.6,1017.1,1017.2,-5.46,379.05,-0.02,32.541,9.3297,546.2,59.0,1484.479, NAN, NAN, NAN, NAN,,2024/04/20 03:28:49.252,2024-04-20 03:28:49.252000+00:00
2024/04/20, 03:29:49.252,37.411,-73.868,11.56,30.57,33.69,11.28,11.0,11.0,1015.1,1015.0,0.0,0.0,85.13,78.53,4,358,8.7,8.3,100.0,100.0,2.9,2.5,38.7,19.6,1017.2,1017.1,-5.46,379.47,-0.01,32.5433,9.3263,547.5,59.1,1484.469, NAN, NAN, NAN, NAN,,2024/04/20 03:29:49.252,2024-04-20 03:29:49.252000+00:00
2024/04/20, 03:30:49.252,37.414,-73.866,11.65,29.9,32.24,10.95,11.0,11.0,1015.0,1014.8,0.0,0.0,85.13,78.53,5,1,8.5,8.4,100.0,100.0,2.9,2.8,42.3,30.5,1017.1,1016.9,-5.43,378.43,-0.01,32.5439,9.3256,548.1,59.3,1484.468, NAN, NAN, NAN, NAN,,2024/04/20 03:30:49.252,2024-04-20 03:30:49.252000+00:00
2024/04/20, 03:31:49.252,37.417,-73.864,11.67,30.12,31.52,11.14,11.1,11.1,1014.9,1014.8,0.0,0.0,85.13,78.53,6,0,8.9,8.4,100.0,100.0,3.2,2.7,45.7,28.9,1017.0,1016.9,-5.37,377.48,-0.01,32.5434,9.3331,549.6,59.3,1484.494, NAN, NAN, NAN, NAN,,2024/04/20 03:31:49.252,2024-04-20 03:31:49.252000+00:00
2024/04/20, 03:32:49.252,37.419,-73.862,11.78,30.19,32.2,11.39,11.1,11.1,1014.9,1014.9,0.0,0.0,85.13,78.53,6,359,9.0,8.7,100.0,100.0,3.3,2.8,48.8,29.2,1017.0,1017.0,-5.34,377.7,-0.01,32.5442,9.3392,546.2,59.1,1484.518, NAN, NAN, NAN, NAN,,2024/04/20 03:32:49.252,2024-04-20 03:32:49.252000+00:00
2024/04/20, 03:33:49.253,37.422,-73.86,11.61,31.04,33.41,11.02,11.0,11.1,1014.9,1014.8,0.0,0.0,85.13,78.53,6,359,8.8,8.4,100.0,100.0,3.2,2.8,43.0,22.5,1017.0,1016.9,-5.24,378.35,-0.01,32.5451,9.3407,546.8,59.0,1484.524, NAN, NAN, NAN, NAN,,2024/04/20 03:33:49.253,2024-04-20 03:33:49.253000+00:00
2024/04/20, 03:34:49.253,37.424,-73.858,11.78,29.89,32.82,10.89,11.1,11.1,1015.0,1014.8,0.0,0.0,85.13,78.53,7,2,8.7,8.3,100.0,100.0,3.1,2.7,42.1,27.5,1017.1,1016.9,-5.34,379.04,-0.01,32.5464,9.3401,547.2,59.2,1484.524, NAN, NAN, NAN, NAN,,2024/04/20 03:34:49.253,2024-04-20 03:34:49.253000+00:00
2024/04/20, 03:35:49.253,37.427,-73.856,11.86,30.52,34.7,11.26,11.1,11.1,1015.1,1015.1,0.0,0.0,85.13,78.53,6,0,8.7,8.5,100.0,100.0,2.9,2.7,41.9,23.6,1017.2,1017.2,-5.27,377.14,-0.01,32.547,9.3308,541.1,59.1,1484.49, NAN, NAN, NAN, NAN,,2024/04/20 03:35:49.253,2024-04-20 03:35:49.253000+00:00
2024/04/20, 03:36:49.253,37.43,-73.853,11.87,29.82,38.74,11.0,11.2,11.2,1015.0,1014.9,0.0,0.0,85.13,78.53,7,0,8.8,8.3,100.0,100.0,3.2,2.7,39.4,18.2,1017.1,1017.0,-5.43,377.82,-0.01,32.5486,9.3151,557.9,59.0,1484.435, NAN, NAN, NAN, NAN,,2024/04/20 03:36:49.253,2024-04-20 03:36:49.253000+00:00
2024/04/20, 03:37:49.253,37.432,-73.851,11.89,30.4,28.58,10.91,11.3,11.3,1014.9,1015.1,0.0,0.0,85.13,78.53,5,359,8.5,8.2,100.0,100.0,2.9,2.6,42.3,24.2,1017.0,1017.2,-5.34,378.02,-0.01,32.5566,9.3525,556.6,59.3,1484.582, NAN, NAN, NAN, NAN,,2024/04/20 03:37:49.253,2024-04-20 03:37:49.253000+00:00
2024/04/20, 03:38:49.253,37.435,-73.849,11.8,30.79,34.68,11.11,11.3,11.3,1015.2,1014.9,0.0,0.0,85.13,78.53,5,359,8.5,8.3,100.0,100.0,2.8,2.6,39.4,20.6,1017.3,1017.0,-5.24,378.35,-0.01,32.5575,9.4279,559.0,59.2,1484.86, NAN, NAN, NAN, NAN,,2024/04/20 03:38:49.253,2024-04-20 03:38:49.253000+00:00
2024/04/20, 03:39:49.253,37.438,-73.847,11.81,30.36,31.81,11.02,11.3,11.3,1015.0,1015.1,0.0,0.0,85.13,78.53,9,2,8.5,8.2,100.0,100.0,3.0,2.5,52.4,31.8,1017.1,1017.2,-5.36,378.88,-0.01,32.5671,9.5119,556.0,59.3,1485.179, NAN, NAN, NAN, NAN,,2024/04/20 03:39:49.253,2024-04-20 03:39:49.253000+00:00
2024/04/20, 03:40:49.253,37.44,-73.845,11.74,30.63,30.12,11.12,11.3,11.3,1015.1,1015.1,0.0,0.0,85.13,78.53,7,2,8.5,8.2,100.0,100.0,2.9,2.5,51.9,37.7,1017.2,1017.2,-5.35,377.33,-0.01,32.5932,9.6186,563.8,59.3,1485.601, NAN, NAN, NAN, NAN,,2024/04/20 03:40:49.253,2024-04-20 03:40:49.253000+00:00
2024/04/20, 03:41:49.253,37.443,-73.843,11.78,30.68,33.69,11.02,11.3,11.4,1014.9,1014.8,0.0,0.0,85.13,78.53,10,4,8.4,8.0,100.0,100.0,2.9,2.3,56.6,39.7,1017.0,1016.9,-5.27,378.16,-0.01,32.6186,9.731,569.6,59.5,1486.041, NAN, NAN, NAN, NAN,,2024/04/20 03:41:49.253,2024-04-20 03:41:49.253000+00:00
2024/04/20, 03:42:49.253,37.445,-73.841,11.86,31.23,30.55,11.27,11.3,11.4,1014.9,1014.7,0.0,0.0,85.13,78.53,14,8,8.4,8.1,100.0,100.0,3.1,2.5,70.7,56.2,1017.0,1016.8,-5.36,378.95,-0.01,32.6433,9.8308,576.9,59.4,1486.434, NAN, NAN, NAN, NAN,,2024/04/20 03:42:49.253,2024-04-20 03:42:49.253000+00:00
2024/04/20, 03:43:49.253,37.448,-73.839,11.89,30.35,33.52,11.14,11.5,11.5,1014.9,1014.9,0.0,0.0,85.13,78.53,11,6,8.9,8.3,100.0,100.0,3.3,2.6,55.0,42.6,1017.0,1017.0,-5.32,376.71,-0.01,32.688,9.9565,581.2,59.5,1486.943, NAN, NAN, NAN, NAN,,2024/04/20 03:43:49.253,2024-04-20 03:43:49.253000+00:00
2024/04/20, 03:44:49.253,37.451,-73.837,11.89,30.0,32.11,11.34,11.4,11.5,1014.8,1014.8,0.0,0.0,85.13,78.53,12,6,8.8,8.5,100.0,100.0,3.2,2.7,60.1,44.4,1016.9,1016.9,-5.31,377.48,-0.02,32.7273,10.1002,583.0,59.6,1487.51, NAN, NAN, NAN, NAN,,2024/04/20 03:44:49.253,2024-04-20 03:44:49.253000+00:00
2024/04/20, 03:45:49.253,37.453,-73.835,11.77,30.11,32.31,11.08,11.4,11.4,1014.7,1014.7,0.0,0.0,85.13,78.53,13,7,8.5,8.4,100.0,100.0,3.2,2.8,65.1,49.4,1016.8,1016.8,-5.32,377.53,-0.01,32.7663,10.203,589.4,59.6,1487.927, NAN, NAN, NAN, NAN,,2024/04/20 03:45:49.253,2024-04-20 03:45:49.253000+00:00
2024/04/20, 03:46:49.253,37.456,-73.833,11.83,30.64,33.04,11.39,11.4,11.4,1014.7,1014.9,0.0,0.0,85.13,78.53,10,4,8.5,8.1,100.0,100.0,2.9,2.3,59.2,42.2,1016.8,1017.0,-5.37,375.75,-0.02,32.8199,10.2676,578.7,59.9,1488.224, NAN, NAN, NAN, NAN,,2024/04/20 03:46:49.253,2024-04-20 03:46:49.253000+00:00
2024/04/20, 03:47:49.253,37.459,-73.831,11.79,30.45,29.95,11.16,11.3,11.4,1014.7,1014.8,0.0,0.0,85.13,78.53,10,3,8.5,8.4,100.0,100.0,3.0,2.7,57.6,37.2,1016.8,1016.9,-5.27,376.2,-0.02,32.8548,10.3528,573.9,59.9,1488.572, NAN, NAN, NAN, NAN,,2024/04/20 03:47:49.253,2024-04-20 03:47:49.253000+00:00
2024/04/20, 03:48:49.253,37.461,-73.829,11.81,30.55,29.52,10.73,11.3,11.3,1014.8,1014.8,0.0,0.0,85.13,78.53,11,5,7.8,7.6,100.0,100.0,2.5,2.1,61.4,43.0,1016.9,1016.9,-5.37,377.23,-0.01,32.8758,10.4278,575.6,60.1,1488.865, NAN, NAN, NAN, NAN,,2024/04/20 03:48:49.253,2024-04-20 03:48:49.253000+00:00
2024/04/20, 03:49:49.253,37.464,-73.827,11.81,31.02,30.19,11.05,11.4,11.4,1015.0,1014.8,0.0,0.0,85.13,78.53,9,5,8.0,7.4,100.0,100.0,2.5,1.8,57.2,47.1,1017.1,1016.9,-5.37,376.12,-0.01,32.893,10.4846,580.6,60.0,1489.089, NAN, NAN, NAN, NAN,,2024/04/20 03:49:49.253,2024-04-20 03:49:49.253000+00:00
2024/04/20, 03:50:49.254,37.466,-73.824,11.72,30.4,32.65,10.98,11.6,11.6,1015.0,1015.0,0.0,0.0,85.13,78.53,5,1,8.7,8.1,100.0,100.0,3.1,2.5,41.4,29.8,1017.1,1017.1,-5.21,374.08,-0.01,32.9121,10.5326,576.3,59.9,1489.283, NAN, NAN, NAN, NAN,,2024/04/20 03:50:49.254,2024-04-20 03:50:49.254000+00:00
2024/04/20, 03:51:49.254,37.469,-73.822,11.84,31.08,28.12,11.08,11.4,11.4,1014.9,1014.8,0.0,0.0,85.13,78.53,2,358,8.4,8.2,100.0,100.0,2.7,2.5,39.1,26.5,1017.0,1016.9,-5.21,374.38,-0.01,32.929,10.5695,572.0,60.0,1489.435, NAN, NAN, NAN, NAN,,2024/04/20 03:51:49.254,2024-04-20 03:51:49.254000+00:00
2024/04/20, 03:52:49.254,37.472,-73.82,11.73,31.49,34.9,11.23,11.2,11.3,1015.0,1014.8,0.0,0.0,85.13,78.53,3,357,8.2,7.7,100.0,100.0,2.4,2.0,35.4,12.4,1017.1,1016.9,-5.15,374.4,-0.01,32.9457,10.5886,577.6,60.0,1489.523, NAN, NAN, NAN, NAN,,2024/04/20 03:52:49.254,2024-04-20 03:52:49.254000+00:00
2024/04/20, 03:53:49.254,37.474,-73.818,11.67,30.59,33.54,10.97,11.2,11.2,1014.9,1014.9,0.0,0.0,85.13,78.53,6,0,8.0,7.6,100.0,100.0,2.4,2.0,44.4,22.9,1017.0,1017.0,-5.3,374.84,-0.01,32.9609,10.6217,580.3,59.7,1489.659, NAN, NAN, NAN, NAN,,2024/04/20 03:53:49.254,2024-04-20 03:53:49.254000+00:00
2024/04/20, 03:54:49.254,37.477,-73.816,11.79,30.92,34.64,10.97,11.3,11.3,1014.9,1015.0,0.0,0.0,85.13,78.53,8,3,8.0,7.7,100.0,100.0,2.5,2.1,52.2,35.9,1017.0,1017.1,-5.37,376.7,-0.01,32.9793,10.8194,583.6,60.0,1490.382, NAN, NAN, NAN, NAN,,2024/04/20 03:54:49.254,2024-04-20 03:54:49.254000+00:00
2024/04/20, 03:55:49.254,37.479,-73.814,11.86,30.79,27.29,11.12,11.4,11.4,1015.1,1015.0,0.0,0.0,85.13,78.53,4,358,7.8,7.4,100.0,100.0,2.2,1.7,51.3,29.8,1017.2,1017.1,-5.25,374.29,-0.01,32.9899,10.9822,576.9,60.1,1490.969, NAN, NAN, NAN, NAN,,2024/04/20 03:55:49.254,2024-04-20 03:55:49.254000+00:00
2024/04/20, 03:56:49.254,37.482,-73.812,11.66,31.25,31.16,10.94,11.4,11.4,1015.1,1015.0,0.0,0.0,85.13,78.53,4,358,8.1,7.8,100.0,100.0,2.5,2.2,42.8,22.5,1017.2,1017.1,-5.1,372.61,-0.02,33.032,11.1082,578.4,60.0,1491.463, NAN, NAN, NAN, NAN,,2024/04/20 03:56:49.254,2024-04-20 03:56:49.254000+00:00
2024/04/20, 03:57:49.254,37.485,-73.81,11.79,30.97,30.4,10.77,11.1,11.1,1014.8,1015.0,0.0,0.0,85.13,78.53,9,2,8.7,8.4,100.0,100.0,3.3,2.9,52.8,34.1,1016.9,1017.1,-5.22,374.47,-0.02,33.0912,11.176,572.9,60.3,1491.772, NAN, NAN, NAN, NAN,,2024/04/20 03:57:49.254,2024-04-20 03:57:49.254000+00:00
2024/04/20, 03:58:49.254,37.487,-73.808,11.72,30.78,28.03,10.99,11.0,11.0,1014.9,1014.9,0.0,0.0,85.13,78.53,4,359,8.2,8.1,100.0,100.0,2.7,2.5,48.2,32.7,1017.0,1017.0,-5.18,375.65,-0.01,33.094,11.2931,577.2,60.4,1492.185, NAN, NAN, NAN, NAN,,2024/04/20 03:58:49.254,2024-04-20 03:58:49.254000+00:00
2024/04/20, 03:59:49.254,37.49,-73.806,11.73,31.45,35.26,10.87,11.0,11.1,1014.9,1014.5,0.0,0.0,85.13,78.53,7,1,8.7,8.4,100.0,100.0,3.2,2.8,49.2,32.7,1017.0,1016.6,-5.3,373.58,-0.01,33.0955,11.3463,575.3,60.5,1492.372, NAN, NAN, NAN, NAN,,2024/04/20 03:59:49.254,2024-04-20 03:59:49.254000+00:00
2024/04/20, 04:00:49.254,37.492,-73.804,11.77,22.28,30.7,10.74,11.0,11.1,1014.7,1014.6,0.0,0.0,85.13,78.53,11,4,9.5,9.1,100.0,100.0,4.0,3.6,40.9,24.1,1016.8,1016.7,-5.34,374.48,-0.01,33.1419,11.3848,569.9,60.4,1492.562, NAN, NAN, NAN, NAN,,2024/04/20 04:00:49.254,2024-04-20 04:00:49.254000+00:00
2024/04/20, 04:01:49.254,37.495,-73.803,11.49,23.92,23.56,10.87,11.0,11.1,1014.5,1014.7,0.0,0.0,85.13,78.53,16,10,8.5,8.5,100.0,100.0,3.5,3.2,67.0,53.0,1016.6,1016.8,-5.37,379.88,-0.01,33.1856,11.4122,579.0,60.6,1492.71, NAN, NAN, NAN, NAN,,2024/04/20 04:01:49.254,2024-04-20 04:01:49.254000+00:00
2024/04/20, 04:02:49.254,37.498,-73.801,11.64,22.07,17.26,10.91,11.3,11.2,1014.8,1014.8,0.0,0.0,85.13,78.53,13,7,9.1,8.7,100.0,100.0,4.0,3.3,57.1,45.3,1016.9,1016.9,-5.3,374.33,-0.01,33.1884,11.4602,568.3,60.0,1492.88, NAN, NAN, NAN, NAN,,2024/04/20 04:02:49.254,2024-04-20 04:02:49.254000+00:00
2024/04/20, 04:03:49.254,37.501,-73.8,11.7,23.99,21.68,11.08,11.2,11.3,1014.7,1014.8,0.0,0.0,85.13,78.53,13,7,9.4,9.1,100.0,100.0,4.0,3.5,55.0,41.9,1016.8,1016.9,-5.13,370.43,-0.01,33.1836,11.4551,571.6,59.9,1492.857, NAN, NAN, NAN, NAN,,2024/04/20 04:03:49.254,2024-04-20 04:03:49.254000+00:00
2024/04/20, 04:04:49.254,37.504,-73.799,11.79,23.19,26.7,11.28,11.1,11.1,1014.8,1014.8,0.0,0.0,85.13,78.53,13,7,9.6,9.1,100.0,100.0,4.1,3.4,53.8,41.3,1016.9,1016.9,-5.03,370.68,-0.01,33.2033,11.5167,570.8,60.1,1493.095, NAN, NAN, NAN, NAN,,2024/04/20 04:04:49.254,2024-04-20 04:04:49.254000+00:00
2024/04/20, 04:05:49.254,37.506,-73.797,11.73,22.38,23.49,10.85,10.9,10.9,1014.5,1014.7,0.0,0.0,85.13,78.53,12,8,9.3,8.8,100.0,100.0,4.0,3.4,51.5,44.1,1016.6,1016.8,-5.29,370.81,-0.01,33.1956,11.6879,578.7,59.9,1493.678, NAN, NAN, NAN, NAN,,2024/04/20 04:05:49.254,2024-04-20 04:05:49.254000+00:00
2024/04/20, 04:06:49.255,37.509,-73.796,11.79,23.03,20.06,11.13,11.0,11.0,1014.5,1014.5,0.0,0.0,85.13,78.53,11,5,9.0,8.6,100.0,100.0,3.6,2.9,51.9,37.8,1016.6,1016.6,-5.19,368.25,-0.01,33.1771,11.9519,577.2,60.1,1494.566, NAN, NAN, NAN, NAN,,2024/04/20 04:06:49.255,2024-04-20 04:06:49.255000+00:00
2024/04/20, 04:07:49.255,37.512,-73.794,11.79,23.41,25.86,10.86,10.8,10.9,1014.8,1014.9,0.0,0.0,85.13,78.53,13,5,9.2,8.8,100.0,100.0,3.9,3.2,52.7,33.9,1016.9,1017.0,-5.21,369.17,-0.01,33.2422,12.0171,577.9,60.2,1494.867, NAN, NAN, NAN, NAN,,2024/04/20 04:07:49.255,2024-04-20 04:07:49.255000+00:00
2024/04/20, 04:08:49.255,37.515,-73.793,11.8,23.01,19.68,11.18,10.8,10.8,1014.7,1014.7,0.0,0.0,85.13,78.53,11,4,9.1,8.8,100.0,100.0,3.7,3.1,54.3,38.0,1016.8,1016.8,-5.06,368.74,-0.01,33.3465,11.9659,580.6,60.4,1494.816, NAN, NAN, NAN, NAN,,2024/04/20 04:08:49.255,2024-04-20 04:08:49.255000+00:00
2024/04/20, 04:09:49.255,37.518,-73.791,11.91,23.99,26.49,11.23,10.6,10.6,1014.9,1014.7,0.0,0.0,85.13,78.53,11,4,9.0,8.7,100.0,100.0,3.5,3.0,53.1,35.6,1017.0,1016.8,-5.24,368.24,-0.02,33.4195,11.7758,579.6,59.9,1494.25, NAN, NAN, NAN, NAN,,2024/04/20 04:09:49.255,2024-04-20 04:09:49.255000+00:00
2024/04/20, 04:10:49.255,37.521,-73.79,11.81,22.89,15.15,11.06,10.5,10.6,1014.7,1014.7,0.0,0.0,85.13,78.53,9,4,8.9,8.6,100.0,100.0,3.6,3.1,53.2,42.5,1016.8,1016.8,-5.25,368.25,-0.01,33.4015,11.6365,584.3,60.0,1493.747, NAN, NAN, NAN, NAN,,2024/04/20 04:10:49.255,2024-04-20 04:10:49.255000+00:00
2024/04/20, 04:11:49.255,37.523,-73.788,11.84,23.14,27.1,11.21,10.5,10.6,1014.9,1014.7,0.0,0.0,85.13,78.53,14,9,9.2,8.8,100.0,100.0,3.9,3.2,58.1,48.0,1017.0,1016.8,-5.36,372.45,-0.01,33.3065,11.6812,577.6,59.7,1493.788, NAN, NAN, NAN, NAN,,2024/04/20 04:11:49.255,2024-04-20 04:11:49.255000+00:00
2024/04/20, 04:12:49.255,37.526,-73.787,11.81,23.29,20.33,11.25,10.6,10.6,1014.7,1014.7,0.0,0.0,85.13,78.53,13,7,9.0,8.7,100.0,100.0,3.8,3.2,61.1,48.7,1016.8,1016.8,-5.45,372.15,-0.01,33.2252,11.8253,582.0,59.8,1494.188, NAN, NAN, NAN, NAN,,2024/04/20 04:12:49.255,2024-04-20 04:12:49.255000+00:00
2024/04/20, 04:13:49.255,37.529,-73.785,11.9,22.59,24.5,11.23,10.8,10.8,1014.7,1014.7,0.0,0.0,85.13,78.53,12,7,9.4,9.1,100.0,100.0,4.0,3.5,53.1,42.3,1016.8,1016.8,-5.3,369.43,-0.02,33.2159,11.8997,590.7,59.7,1494.433, NAN, NAN, NAN, NAN,,2024/04/20 04:13:49.255,2024-04-20 04:13:49.255000+00:00
2024/04/20, 04:14:49.255,37.532,-73.784,11.79,23.78,21.02,11.21,10.6,10.7,1014.7,1014.7,0.0,0.0,85.13,78.53,14,8,9.6,9.1,100.0,100.0,4.4,3.6,59.3,48.3,1016.8,1016.8,-5.13,368.35,-0.01,33.2735,11.873,584.3,59.9,1494.41, NAN, NAN, NAN, NAN,,2024/04/20 04:14:49.255,2024-04-20 04:14:49.255000+00:00
2024/04/20, 04:15:49.255,37.535,-73.782,11.85,22.71,20.89,10.88,10.4,10.4,1014.7,1014.7,0.0,0.0,85.13,78.53,15,9,9.2,8.9,100.0,100.0,4.1,3.5,59.0,46.8,1016.8,1016.8,-5.26,371.6,-0.01,33.3135,11.7614,582.4,59.9,1494.073, NAN, NAN, NAN, NAN,,2024/04/20 04:15:49.255,2024-04-20 04:15:49.255000+00:00
2024/04/20, 04:16:49.255,37.538,-73.781,11.87,23.64,22.51,11.28,10.4,10.4,1014.8,1014.8,0.0,0.0,85.13,78.53,16,11,9.6,9.2,100.0,100.0,4.5,3.8,63.4,54.9,1016.9,1016.9,-5.67,373.49,-0.01,33.3111,11.5137,579.6,60.0,1493.214, NAN, NAN, NAN, NAN,,2024/04/20 04:16:49.255,2024-04-20 04:16:49.255000+00:00
2024/04/20, 04:17:49.255,37.541,-73.779,11.96,23.45,21.65,11.04,10.9,10.9,1014.7,1014.7,0.0,0.0,85.13,78.53,17,12,9.2,8.9,100.0,100.0,4.1,3.5,64.0,54.6,1016.8,1016.8,-5.55,373.83,-0.01,33.2904,11.2776,584.0,59.8,1492.367, NAN, NAN, NAN, NAN,,2024/04/20 04:17:49.255,2024-04-20 04:17:49.255000+00:00
2024/04/20, 04:18:49.255,37.544,-73.778,11.81,23.23,23.49,11.22,11.0,11.0,1014.7,1014.7,0.0,0.0,85.13,78.53,17,10,8.8,8.3,100.0,100.0,3.6,2.7,65.8,51.7,1016.8,1016.8,-5.28,372.82,-0.01,33.2283,10.9947,580.6,59.7,1491.301, NAN, NAN, NAN, NAN,,2024/04/20 04:18:49.255,2024-04-20 04:18:49.255000+00:00
2024/04/20, 04:19:49.255,37.546,-73.776,11.84,22.98,26.15,11.05,10.7,10.8,1014.8,1014.9,0.0,0.0,85.13,78.53,16,10,8.7,8.4,100.0,100.0,3.6,2.9,63.9,51.1,1016.9,1017.0,-5.45,372.69,-0.01,33.1546,10.8319,577.2,59.4,1490.638, NAN, NAN, NAN, NAN,,2024/04/20 04:19:49.255,2024-04-20 04:19:49.255000+00:00
2024/04/20, 04:20:49.255,37.549,-73.775,11.88,22.61,24.91,11.32,10.9,11.0,1014.7,1014.8,0.0,0.0,85.13,78.53,16,11,9.0,8.7,100.0,100.0,3.8,3.2,64.1,54.3,1016.8,1016.9,-5.19,373.54,-0.01,33.0842,10.7184,572.6,59.5,1490.151, NAN, NAN, NAN, NAN,,2024/04/20 04:20:49.255,2024-04-20 04:20:49.255000+00:00
2024/04/20, 04:21:49.256,37.552,-73.773,11.9,23.64,31.66,11.36,10.7,11.0,1014.5,1014.8,0.0,0.0,85.13,78.53,18,13,9.3,8.8,100.0,100.0,3.9,3.2,63.8,54.6,1016.6,1016.9,-5.37,373.42,-0.01,33.0261,10.6194,572.6,59.6,1489.73, NAN, NAN, NAN, NAN,,2024/04/20 04:21:49.256,2024-04-20 04:21:49.256000+00:00
2024/04/20, 04:22:49.256,37.555,-73.772,11.71,22.46,21.67,10.91,10.7,10.8,1014.5,1014.8,0.0,0.0,85.13,78.53,17,11,9.7,9.1,100.0,100.0,4.7,3.8,61.1,51.3,1016.6,1016.9,-5.25,371.28,-0.01,32.9855,10.4637,574.5,59.5,1489.126, NAN, NAN, NAN, NAN,,2024/04/20 04:22:49.256,2024-04-20 04:22:49.256000+00:00
2024/04/20, 04:23:49.256,37.558,-73.771,11.76,23.54,17.62,11.22,10.7,10.8,1014.9,1014.8,0.0,0.0,85.13,78.53,18,13,8.9,8.8,100.0,100.0,4.2,3.7,73.2,64.2,1017.0,1016.9,-5.27,373.92,-0.01,32.9578,10.2727,566.2,59.5,1488.41, NAN, NAN, NAN, NAN,,2024/04/20 04:23:49.256,2024-04-20 04:23:49.256000+00:00
2024/04/20, 04:24:49.256,37.561,-73.769,11.89,22.7,25.4,11.41,10.6,10.7,1014.8,1014.6,0.0,0.0,85.13,78.53,18,13,9.6,9.2,100.0,100.0,4.4,3.7,64.5,55.8,1016.9,1016.7,-5.07,371.9,-0.01,32.9169,10.1105,576.3,59.6,1487.777, NAN, NAN, NAN, NAN,,2024/04/20 04:24:49.256,2024-04-20 04:24:49.256000+00:00
2024/04/20, 04:25:49.256,37.564,-73.768,11.85,23.56,21.6,11.28,10.2,10.4,1014.8,1014.6,0.0,0.0,85.13,78.53,19,13,9.5,9.1,100.0,100.0,4.6,3.8,69.3,59.5,1016.9,1016.7,-5.34,373.23,-0.01,32.8642,9.9874,579.3,59.3,1487.269, NAN, NAN, NAN, NAN,,2024/04/20 04:25:49.256,2024-04-20 04:25:49.256000+00:00
2024/04/20, 04:26:49.256,37.567,-73.766,11.89,22.83,20.07,11.23,10.4,10.4,1014.7,1014.7,0.0,0.0,85.13,78.53,20,14,9.5,9.1,100.0,100.0,4.6,3.8,69.7,60.1,1016.8,1016.8,-5.51,373.4,-0.01,32.8149,9.8538,580.9,59.5,1486.726, NAN, NAN, NAN, NAN,,2024/04/20 04:26:49.256,2024-04-20 04:26:49.256000+00:00
2024/04/20, 04:27:49.256,37.57,-73.765,11.95,23.01,20.24,11.38,10.6,10.6,1014.7,1014.7,0.0,0.0,85.13,78.53,19,14,9.3,8.8,100.0,100.0,4.3,3.5,69.4,62.2,1016.8,1016.8,-5.32,376.58,-0.01,32.7687,9.7309,587.0,59.5,1486.224, NAN, NAN, NAN, NAN,,2024/04/20 04:27:49.256,2024-04-20 04:27:49.256000+00:00
2024/04/20, 04:28:49.256,37.572,-73.763,11.86,23.83,26.95,11.32,10.5,10.5,1014.7,1014.7,0.0,0.0,85.13,78.53,20,15,9.3,9.0,100.0,100.0,4.3,3.7,70.6,61.9,1016.8,1016.8,-5.36,373.49,-0.01,32.7283,9.6413,586.4,59.5,1485.848, NAN, NAN, NAN, NAN,,2024/04/20 04:28:49.256,2024-04-20 04:28:49.256000+00:00
2024/04/20, 04:29:49.256,37.575,-73.762,11.83,23.57,26.62,11.3,10.6,10.6,1014.7,1014.6,0.0,0.0,85.13,78.53,20,15,9.6,9.1,100.0,100.0,4.6,3.8,69.1,61.7,1016.8,1016.7,-5.21,372.72,-0.01,32.6923,9.5455,597.1,59.3,1485.455, NAN, NAN, NAN, NAN,,2024/04/20 04:29:49.256,2024-04-20 04:29:49.256000+00:00
2024/04/20, 04:30:49.256,37.578,-73.76,11.79,23.43,16.9,11.33,10.4,10.4,1014.5,1014.6,0.0,0.0,85.13,78.53,22,16,9.8,9.3,100.0,100.0,5.3,4.3,74.8,67.1,1016.6,1016.7,-5.31,372.77,-0.01,32.6625,9.4745,594.5,59.1,1485.159, NAN, NAN, NAN, NAN,,2024/04/20 04:30:49.256,2024-04-20 04:30:49.256000+00:00
2024/04/20, 04:31:49.256,37.581,-73.759,11.8,23.68,23.27,11.14,10.4,10.4,1014.7,1014.5,0.0,0.0,85.13,78.53,21,16,9.6,9.0,100.0,100.0,4.7,3.8,70.2,63.6,1016.8,1016.6,-5.26,372.47,-0.01,32.6324,9.4126,596.4,59.2,1484.895, NAN, NAN, NAN, NAN,,2024/04/20 04:31:49.256,2024-04-20 04:31:49.256000+00:00
2024/04/20, 04:32:49.256,37.584,-73.757,11.67,23.32,19.09,11.31,10.3,10.4,1014.8,1014.7,0.0,0.0,85.13,78.53,21,16,9.4,9.0,100.0,100.0,4.6,3.9,73.4,66.4,1016.9,1016.8,-5.35,373.92,-0.01,32.6052,9.3673,591.5,59.0,1484.696, NAN, NAN, NAN, NAN,,2024/04/20 04:32:49.256,2024-04-20 04:32:49.256000+00:00
2024/04/20, 04:33:49.256,37.587,-73.755,11.87,22.42,19.92,11.08,10.2,10.4,1014.5,1014.4,0.0,0.0,85.13,78.53,20,14,9.3,9.1,100.0,100.0,4.4,3.8,68.1,56.7,1016.6,1016.5,-5.36,372.81,-0.01,32.5851,9.3479,600.8,59.2,1484.6, NAN, NAN, NAN, NAN,,2024/04/20 04:33:49.256,2024-04-20 04:33:49.256000+00:00
2024/04/20, 04:34:49.256,37.59,-73.754,11.78,23.11,27.28,11.2,10.3,10.4,1014.7,1014.8,0.0,0.0,85.13,78.53,17,12,9.2,8.9,100.0,100.0,3.9,3.4,62.3,52.2,1016.8,1016.9,-5.21,372.13,-0.01,32.5741,9.3464,590.0,59.1,1484.581, NAN, NAN, NAN, NAN,,2024/04/20 04:34:49.256,2024-04-20 04:34:49.256000+00:00
2024/04/20, 04:35:49.256,37.593,-73.752,11.68,23.19,25.49,11.03,10.1,10.2,1014.5,1014.7,0.0,0.0,85.13,78.53,17,10,9.5,9.1,100.0,100.0,4.2,3.5,58.8,44.0,1016.6,1016.8,-5.25,371.88,-0.01,32.5673,9.3458,590.4,59.0,1484.57, NAN, NAN, NAN, NAN,,2024/04/20 04:35:49.256,2024-04-20 04:35:49.256000+00:00
2024/04/20, 04:36:49.256,37.596,-73.751,11.73,23.61,21.93,11.34,9.9,9.9,1014.8,1014.7,0.0,0.0,85.13,78.53,17,10,9.7,9.4,100.0,100.0,4.5,3.8,63.0,48.9,1016.9,1016.8,-5.26,372.75,-0.01,32.56,9.3369,582.7,59.0,1484.529, NAN, NAN, NAN, NAN,,2024/04/20 04:36:49.256,2024-04-20 04:36:49.256000+00:00
2024/04/20, 04:37:49.257,37.598,-73.749,11.78,23.39,19.05,11.36,9.8,9.9,1014.7,1014.6,0.0,0.0,85.13,78.53,17,10,9.5,9.2,100.0,100.0,4.4,3.7,66.0,52.7,1016.8,1016.7,-5.29,373.76,-0.01,32.5558,9.322,586.0,59.0,1484.469, NAN, NAN, NAN, NAN,,2024/04/20 04:37:49.257,2024-04-20 04:37:49.257000+00:00
2024/04/20, 04:38:49.257,37.601,-73.748,11.83,24.33,26.04,11.36,9.8,9.8,1014.5,1014.7,0.0,0.0,85.13,78.53,17,11,9.6,9.1,100.0,100.0,4.3,3.5,64.1,53.2,1016.6,1016.8,-5.32,373.63,-0.01,32.5528,9.3188,583.3,59.2,1484.453, NAN, NAN, NAN, NAN,,2024/04/20 04:38:49.257,2024-04-20 04:38:49.257000+00:00
2024/04/20, 04:39:49.257,37.604,-73.746,11.79,23.24,23.97,11.58,9.8,9.9,1014.7,1014.9,0.0,0.0,85.13,78.53,18,13,9.5,9.3,100.0,100.0,4.4,3.8,68.2,59.0,1016.8,1017.0,-5.42,375.53,-0.02,32.5481,9.3178,586.4,59.3,1484.444, NAN, NAN, NAN, NAN,,2024/04/20 04:39:49.257,2024-04-20 04:39:49.257000+00:00
2024/04/20, 04:40:49.257,37.607,-73.745,11.73,23.56,21.76,11.3,10.0,9.9,1014.5,1014.4,0.0,0.0,85.13,78.53,17,11,9.3,8.9,100.0,100.0,4.2,3.4,65.6,54.6,1016.6,1016.5,-5.41,374.9,-0.01,32.5453,9.31,581.2,59.0,1484.412, NAN, NAN, NAN, NAN,,2024/04/20 04:40:49.257,2024-04-20 04:40:49.257000+00:00
2024/04/20, 04:41:49.257,37.61,-73.743,11.49,23.31,23.59,11.04,10.0,10.0,1014.6,1014.7,0.0,0.0,85.13,78.53,16,10,9.2,8.7,100.0,100.0,4.1,3.3,62.0,50.9,1016.7,1016.8,-5.32,373.73,-0.01,32.5422,9.3057,584.6,58.6,1484.392, NAN, NAN, NAN, NAN,,2024/04/20 04:41:49.257,2024-04-20 04:41:49.257000+00:00
2024/04/20, 04:42:49.257,37.613,-73.742,11.65,21.83,26.62,11.09,9.9,10.0,1014.7,1014.7,0.0,0.0,85.13,78.53,15,9,9.0,8.9,100.0,100.0,3.7,3.3,57.9,43.8,1016.8,1016.8,-5.32,374.03,-0.01,32.5366,9.3052,574.2,58.9,1484.384, NAN, NAN, NAN, NAN,,2024/04/20 04:42:49.257,2024-04-20 04:42:49.257000+00:00
2024/04/20, 04:43:49.257,37.616,-73.74,11.47,23.11,24.74,11.23,9.9,9.9,1014.4,1014.6,0.0,0.0,85.13,78.53,13,7,8.9,8.6,100.0,100.0,3.5,3.0,58.3,44.6,1016.5,1016.7,-5.28,372.58,-0.01,32.5295,9.2951,578.0,58.9,1484.338, NAN, NAN, NAN, NAN,,2024/04/20 04:43:49.257,2024-04-20 04:43:49.257000+00:00
2024/04/20, 04:44:49.257,37.619,-73.739,11.44,22.96,26.26,11.1,9.9,9.8,1014.7,1014.5,0.0,0.0,85.13,78.53,12,6,8.8,8.6,100.0,100.0,3.3,2.9,52.0,36.5,1016.8,1016.6,-5.31,371.83,-0.02,32.5361,9.2808,575.6,58.7,1484.293, NAN, NAN, NAN, NAN,,2024/04/20 04:44:49.257,2024-04-20 04:44:49.257000+00:00
2024/04/20, 04:45:49.257,37.621,-73.737,11.41,23.4,25.53,11.08,9.7,9.7,1014.5,1014.7,0.0,0.0,85.13,78.53,12,6,8.9,8.5,100.0,100.0,3.5,2.9,54.6,40.7,1016.6,1016.8,-5.24,372.03,-0.01,32.5225,9.2735,581.2,59.1,1484.25, NAN, NAN, NAN, NAN,,2024/04/20 04:45:49.257,2024-04-20 04:45:49.257000+00:00
2024/04/20, 04:46:49.257,37.624,-73.736,11.65,22.38,25.89,11.3,9.6,9.6,1014.7,1014.9,0.0,0.0,85.13,78.53,13,7,8.8,8.3,100.0,100.0,3.3,2.6,56.1,42.2,1016.8,1017.0,-5.37,372.56,-0.01,32.52,9.2779,577.2,58.8,1484.263, NAN, NAN, NAN, NAN,,2024/04/20 04:46:49.257,2024-04-20 04:46:49.257000+00:00
2024/04/20, 04:47:49.257,37.627,-73.734,11.52,23.21,23.05,11.47,9.6,9.6,1014.7,1014.9,0.0,0.0,85.13,78.53,12,6,8.8,8.5,100.0,100.0,3.3,2.7,57.7,43.0,1016.8,1017.0,-5.34,371.7,-0.01,32.516,9.2809,573.6,59.0,1484.269, NAN, NAN, NAN, NAN,,2024/04/20 04:47:49.257,2024-04-20 04:47:49.257000+00:00
2024/04/20, 04:48:49.257,37.63,-73.733,11.75,22.82,25.09,11.54,9.6,9.6,1014.7,1014.6,0.0,0.0,85.13,78.53,11,5,8.9,8.4,100.0,100.0,3.2,2.5,50.7,34.8,1016.8,1016.7,-5.38,371.29,-0.01,32.5146,9.2794,577.9,59.0,1484.262, NAN, NAN, NAN, NAN,,2024/04/20 04:48:49.257,2024-04-20 04:48:49.257000+00:00
2024/04/20, 04:49:49.257,37.633,-73.731,11.75,23.5,29.15,11.39,9.5,9.5,1014.8,1014.7,0.0,0.0,85.13,78.53,10,4,9.0,8.8,100.0,100.0,3.2,2.9,44.6,27.7,1016.9,1016.8,-5.38,371.31,-0.02,32.5134,9.2849,570.2,59.0,1484.281, NAN, NAN, NAN, NAN,,2024/04/20 04:49:49.257,2024-04-20 04:49:49.257000+00:00
2024/04/20, 04:50:49.257,37.636,-73.729,11.74,23.62,20.82,11.37,9.4,9.5,1014.5,1014.7,0.0,0.0,85.13,78.53,14,8,9.6,9.1,100.0,100.0,4.1,3.4,56.4,44.0,1016.6,1016.8,-5.31,371.87,-0.01,32.5124,9.2878,568.6,59.1,1484.29, NAN, NAN, NAN, NAN,,2024/04/20 04:50:49.257,2024-04-20 04:50:49.257000+00:00
2024/04/20, 04:51:49.257,37.639,-73.728,11.64,22.9,23.34,11.55,9.4,9.5,1014.8,1014.8,0.0,0.0,85.13,78.53,12,6,9.1,8.8,100.0,100.0,3.5,3.0,56.0,41.8,1016.9,1016.9,-5.42,371.78,-0.01,32.5151,9.2859,569.9,58.8,1484.286, NAN, NAN, NAN, NAN,,2024/04/20 04:51:49.257,2024-04-20 04:51:49.257000+00:00
2024/04/20, 04:52:49.257,37.642,-73.726,11.56,23.08,28.07,11.34,9.4,9.5,1014.7,1014.5,0.0,0.0,85.13,78.53,13,8,9.3,8.9,100.0,100.0,3.8,3.2,54.0,43.0,1016.8,1016.6,-5.39,372.5,-0.01,32.5143,9.2758,569.6,58.9,1484.248, NAN, NAN, NAN, NAN,,2024/04/20 04:52:49.257,2024-04-20 04:52:49.257000+00:00
2024/04/20, 04:53:49.258,37.644,-73.724,11.72,22.83,18.81,11.78,9.5,9.5,1014.5,1014.5,0.0,0.0,85.13,78.53,11,5,8.8,8.4,100.0,100.0,3.3,2.5,60.2,46.8,1016.6,1016.6,-5.33,371.6,-0.01,32.5099,9.2592,573.6,59.0,1484.182, NAN, NAN, NAN, NAN,,2024/04/20 04:53:49.258,2024-04-20 04:53:49.258000+00:00
2024/04/20, 04:54:49.258,37.647,-73.723,11.7,23.28,23.4,11.44,9.4,9.5,1014.7,1014.6,0.0,0.0,85.13,78.53,14,10,8.9,8.7,100.0,100.0,3.5,3.1,62.0,53.6,1016.8,1016.7,-5.45,373.4,-0.01,32.5077,9.2494,570.2,58.9,1484.143, NAN, NAN, NAN, NAN,,2024/04/20 04:54:49.258,2024-04-20 04:54:49.258000+00:00
2024/04/20, 04:55:49.258,37.65,-73.721,11.73,23.36,29.0,11.89,9.5,9.5,1014.7,1014.7,0.0,0.0,85.13,78.53,15,10,8.7,8.4,100.0,100.0,3.0,2.4,62.8,50.3,1016.8,1016.8,-5.42,373.2,-0.01,32.5031,9.2336,570.8,59.0,1484.079, NAN, NAN, NAN, NAN,,2024/04/20 04:55:49.258,2024-04-20 04:55:49.258000+00:00
2024/04/20, 04:56:49.258,37.653,-73.719,11.82,22.17,24.38,11.5,9.6,9.6,1014.4,1014.9,0.0,0.0,85.13,78.53,13,12,8.3,8.3,100.0,100.0,2.8,2.7,59.9,57.2,1016.5,1017.0,-5.42,376.28,-0.01,32.5035,9.2173,572.9,59.2,1484.019, NAN, NAN, NAN, NAN,,2024/04/20 04:56:49.258,2024-04-20 04:56:49.258000+00:00
2024/04/20, 04:57:49.258,37.656,-73.718,11.83,23.11,16.78,11.4,9.8,9.8,1014.5,1014.5,0.0,0.0,85.13,78.53,18,13,8.9,8.6,100.0,100.0,3.9,3.3,71.3,62.9,1016.6,1016.6,-5.47,376.81,-0.01,32.5028,9.2005,573.9,59.1,1483.957, NAN, NAN, NAN, NAN,,2024/04/20 04:57:49.258,2024-04-20 04:57:49.258000+00:00
2024/04/20, 04:58:49.258,37.659,-73.716,11.71,23.49,23.76,11.17,10.1,10.1,1014.5,1014.5,0.0,0.0,85.13,78.53,18,13,8.7,8.6,100.0,100.0,3.6,3.2,68.0,56.9,1016.6,1016.6,-5.45,376.45,-0.01,32.5059,9.1716,581.4,59.1,1483.854, NAN, NAN, NAN, NAN,,2024/04/20 04:58:49.258,2024-04-20 04:58:49.258000+00:00
2024/04/20, 04:59:49.258,37.662,-73.714,11.73,22.6,24.49,11.51,10.2,10.3,1014.7,1014.5,0.0,0.0,85.13,78.53,18,13,9.1,8.5,100.0,100.0,3.8,2.9,66.7,59.2,1016.8,1016.6,-5.43,376.76,-0.01,32.5069,9.1299,589.1,59.2,1483.701, NAN, NAN, NAN, NAN,,2024/04/20 04:59:49.258,2024-04-20 04:59:49.258000+00:00
2024/04/20, 05:00:49.258,37.665,-73.713,11.72,22.54,30.79,11.7,10.2,10.3,1014.8,1014.5,0.0,0.0,85.13,78.53,17,13,8.8,8.9,100.0,100.0,3.2,3.1,62.6,51.3,1016.9,1016.6,-5.39,377.53,-0.01,32.505,9.0669,597.1,59.3,1483.466, NAN, NAN, NAN, NAN,,2024/04/20 05:00:49.258,2024-04-20 05:00:49.258000+00:00
2024/04/20, 05:01:49.258,37.668,-73.711,11.75,22.9,24.17,11.64,10.3,10.4,1014.4,1014.7,0.0,0.0,85.13,78.53,16,9,8.9,8.6,100.0,100.0,3.4,2.7,63.1,46.0,1016.5,1016.8,-5.43,377.67,-0.02,32.5055,8.993,602.8,59.1,1483.193, NAN, NAN, NAN, NAN,,2024/04/20 05:01:49.258,2024-04-20 05:01:49.258000+00:00
2024/04/20, 05:02:49.258,37.671,-73.709,11.98,23.23,24.8,11.81,10.4,10.5,1014.6,1014.6,0.0,0.0,85.13,78.53,14,9,8.9,8.6,100.0,100.0,3.3,2.7,61.4,49.8,1016.7,1016.7,-5.47,378.08,-0.01,32.499,8.9111,616.0,59.4,1482.881, NAN, NAN, NAN, NAN,,2024/04/20 05:02:49.258,2024-04-20 05:02:49.258000+00:00
2024/04/20, 05:03:49.258,37.674,-73.707,11.85,22.79,25.94,11.53,10.4,10.5,1014.7,1014.8,0.0,0.0,85.13,78.53,13,7,8.7,8.4,100.0,100.0,3.0,2.5,52.7,35.5,1016.8,1016.9,-5.42,377.93,-0.01,32.4872,8.8497,631.8,59.3,1482.638, NAN, NAN, NAN, NAN,,2024/04/20 05:03:49.258,2024-04-20 05:03:49.258000+00:00
2024/04/20, 05:04:49.258,37.677,-73.706,11.84,23.29,31.56,11.67,10.5,10.5,1014.9,1014.8,0.0,0.0,85.13,78.53,12,6,8.6,8.2,100.0,100.0,2.7,2.2,49.3,30.1,1017.0,1016.9,-5.42,377.72,-0.01,32.4711,8.775,634.2,59.2,1482.34, NAN, NAN, NAN, NAN,,2024/04/20 05:04:49.258,2024-04-20 05:04:49.258000+00:00
2024/04/20, 05:05:49.258,37.68,-73.704,11.87,23.54,23.22,11.46,10.5,10.5,1014.8,1014.8,0.0,0.0,85.13,78.53,12,5,8.7,8.3,100.0,100.0,3.1,2.4,55.4,36.4,1016.9,1016.9,-5.32,377.29,-0.01,32.4607,8.7045,632.4,59.0,1482.065, NAN, NAN, NAN, NAN,,2024/04/20 05:05:49.258,2024-04-20 05:05:49.258000+00:00
2024/04/20, 05:06:49.258,37.683,-73.702,11.85,22.42,28.84,11.64,10.4,10.4,1014.9,1014.8,0.0,0.0,85.13,78.53,11,5,8.7,8.2,100.0,100.0,2.9,2.2,48.2,30.2,1017.0,1016.9,-5.36,376.01,-0.01,32.4473,8.6423,631.8,59.1,1481.816, NAN, NAN, NAN, NAN,,2024/04/20 05:06:49.258,2024-04-20 05:06:49.258000+00:00
2024/04/20, 05:07:49.258,37.685,-73.701,11.81,23.28,27.51,11.54,10.4,10.4,1014.7,1014.7,0.0,0.0,85.13,78.53,10,4,8.5,8.1,100.0,100.0,2.7,2.2,46.9,27.5,1016.8,1016.8,-5.21,376.66,-0.01,32.4401,8.5849,604.6,59.1,1481.592, NAN, NAN, NAN, NAN,,2024/04/20 05:07:49.258,2024-04-20 05:07:49.258000+00:00
2024/04/20, 05:08:49.258,37.688,-73.699,11.71,22.99,26.82,11.38,10.3,10.4,1014.9,1014.8,0.0,0.0,85.13,78.53,10,4,8.4,8.2,100.0,100.0,2.7,2.4,47.9,29.0,1017.0,1016.9,-5.3,376.12,-0.01,32.4236,8.5472,597.1,59.1,1481.43, NAN, NAN, NAN, NAN,,2024/04/20 05:08:49.258,2024-04-20 05:08:49.258000+00:00
2024/04/20, 05:09:49.259,37.691,-73.697,11.89,22.81,22.37,11.58,10.3,10.3,1014.6,1014.8,0.0,0.0,85.13,78.53,9,3,8.6,8.4,100.0,100.0,2.8,2.5,48.3,30.0,1016.7,1016.9,-5.28,375.85,-0.01,32.4098,8.5176,589.1,59.1,1481.302, NAN, NAN, NAN, NAN,,2024/04/20 05:09:49.259,2024-04-20 05:09:49.259000+00:00
2024/04/20, 05:10:49.259,37.694,-73.696,12.0,22.67,23.69,11.54,10.2,10.2,1014.7,1014.7,0.0,0.0,85.13,78.53,10,4,8.8,8.5,100.0,100.0,3.0,2.6,47.7,30.3,1016.8,1016.8,-5.34,375.44,-0.01,32.4004,8.487,572.6,59.3,1481.176, NAN, NAN, NAN, NAN,,2024/04/20 05:10:49.259,2024-04-20 05:10:49.259000+00:00
2024/04/20, 05:11:49.259,37.697,-73.694,11.8,23.02,31.6,11.47,10.1,10.1,1014.8,1014.5,0.0,0.0,85.13,78.53,8,3,8.4,8.3,100.0,100.0,2.5,2.4,35.5,18.5,1016.9,1016.6,-5.3,375.79,-0.01,32.3913,8.46,569.6,59.2,1481.063, NAN, NAN, NAN, NAN,,2024/04/20 05:11:49.259,2024-04-20 05:11:49.259000+00:00
2024/04/20, 05:12:49.259,37.7,-73.692,11.72,23.99,24.68,11.72,10.1,10.2,1014.5,1014.7,0.0,0.0,85.13,78.53,10,4,8.4,8.2,100.0,100.0,2.6,2.2,53.8,34.6,1016.6,1016.8,-5.22,376.47,-0.02,32.3816,8.4384,581.7,59.3,1480.97, NAN, NAN, NAN, NAN,,2024/04/20 05:12:49.259,2024-04-20 05:12:49.259000+00:00
2024/04/20, 05:13:49.259,37.703,-73.691,11.83,23.11,12.57,11.63,10.1,10.2,1014.7,1014.7,0.0,0.0,85.13,78.53,9,3,8.5,8.1,100.0,100.0,3.0,2.3,60.0,46.6,1016.8,1016.8,-5.29,375.83,-0.01,32.3755,8.4253,585.4,58.9,1480.913, NAN, NAN, NAN, NAN,,2024/04/20 05:13:49.259,2024-04-20 05:13:49.259000+00:00
2024/04/20, 05:14:49.259,37.706,-73.689,11.74,23.53,21.23,11.48,10.1,10.1,1015.0,1015.0,0.0,0.0,85.13,78.53,8,1,8.6,8.0,100.0,100.0,2.8,2.1,46.1,24.3,1017.1,1017.1,-5.3,375.91,-0.01,32.3671,8.4102,597.1,58.9,1480.846, NAN, NAN, NAN, NAN,,2024/04/20 05:14:49.259,2024-04-20 05:14:49.259000+00:00
2024/04/20, 05:15:49.259,37.709,-73.687,11.6,23.66,30.78,11.49,10.1,10.1,1014.9,1014.8,0.0,0.0,85.13,78.53,8,2,8.5,8.3,100.0,100.0,2.6,2.4,38.3,18.2,1017.0,1016.9,-5.26,375.71,-0.01,32.3639,8.4037,597.4,58.9,1480.818, NAN, NAN, NAN, NAN,,2024/04/20 05:15:49.259,2024-04-20 05:15:49.259000+00:00
2024/04/20, 05:16:49.259,37.712,-73.685,11.77,22.57,28.04,11.45,10.0,10.1,1014.5,1014.6,0.0,0.0,85.13,78.53,6,1,8.6,8.4,100.0,100.0,2.7,2.5,33.7,17.5,1016.6,1016.7,-5.22,375.92,-0.01,32.3557,8.4017,610.8,59.3,1480.8, NAN, NAN, NAN, NAN,,2024/04/20 05:16:49.259,2024-04-20 05:16:49.259000+00:00
2024/04/20, 05:17:49.259,37.714,-73.684,11.92,22.7,22.06,11.43,10.0,10.0,1014.7,1014.7,0.0,0.0,85.13,78.53,6,359,8.9,8.5,100.0,100.0,3.1,2.6,38.2,17.2,1016.8,1016.8,-5.31,375.67,-0.01,32.353,8.3856,622.0,59.3,1480.736, NAN, NAN, NAN, NAN,,2024/04/20 05:17:49.259,2024-04-20 05:17:49.259000+00:00
2024/04/20, 05:18:49.259,37.717,-73.682,11.88,23.86,24.7,11.74,10.0,10.0,1014.7,1014.6,0.0,0.0,85.13,78.53,5,359,8.9,8.6,100.0,100.0,2.9,2.6,37.1,18.1,1016.8,1016.7,-5.22,375.79,-0.01,32.3498,8.3672,621.4,59.5,1480.663, NAN, NAN, NAN, NAN,,2024/04/20 05:18:49.259,2024-04-20 05:18:49.259000+00:00
2024/04/20, 05:19:49.259,37.72,-73.68,11.9,22.16,27.48,11.91,10.0,10.0,1014.8,1014.8,0.0,0.0,85.13,78.53,5,359,8.8,8.6,100.0,100.0,2.7,2.6,26.8,6.6,1016.9,1016.9,-5.34,376.05,-0.01,32.347,8.3491,629.7,59.6,1480.591, NAN, NAN, NAN, NAN,,2024/04/20 05:19:49.259,2024-04-20 05:19:49.259000+00:00
2024/04/20, 05:20:49.259,37.723,-73.678,11.82,23.25,32.47,11.35,10.0,10.0,1014.5,1014.8,0.0,0.0,85.13,78.53,4,359,8.9,8.7,100.0,100.0,3.1,3.1,19.8,5.1,1016.6,1016.9,-5.22,375.93,-0.01,32.3454,8.3281,631.8,59.6,1480.51, NAN, NAN, NAN, NAN,,2024/04/20 05:20:49.259,2024-04-20 05:20:49.259000+00:00
2024/04/20, 05:21:49.259,37.726,-73.677,11.87,24.2,32.25,11.78,10.0,10.0,1014.8,1014.6,0.0,0.0,85.13,78.53,3,357,9.0,8.7,100.0,100.0,2.9,2.8,24.7,5.5,1016.9,1016.7,-5.31,376.38,-0.01,32.3394,8.3196,636.1,59.6,1480.471, NAN, NAN, NAN, NAN,,2024/04/20 05:21:49.259,2024-04-20 05:21:49.259000+00:00
2024/04/20, 05:22:49.259,37.729,-73.675,11.88,23.13,27.06,11.71,10.0,10.0,1014.7,1014.8,0.0,0.0,85.13,78.53,2,356,8.8,8.6,100.0,100.0,2.8,2.9,16.4,357.6,1016.8,1016.9,-5.34,376.3,-0.01,32.3366,8.3127,646.5,59.4,1480.441, NAN, NAN, NAN, NAN,,2024/04/20 05:22:49.259,2024-04-20 05:22:49.259000+00:00
2024/04/20, 05:23:49.259,37.732,-73.673,11.84,23.06,19.83,11.65,10.0,10.0,1014.7,1014.7,0.0,0.0,85.13,78.53,3,356,9.0,8.7,100.0,100.0,3.0,2.8,31.9,10.3,1016.8,1016.8,-5.24,376.38,-0.01,32.3354,8.2796,646.5,59.3,1480.315, NAN, NAN, NAN, NAN,,2024/04/20 05:23:49.259,2024-04-20 05:23:49.259000+00:00
2024/04/20, 05:24:49.260,37.735,-73.671,11.71,23.26,27.33,11.46,10.0,10.0,1014.7,1014.5,0.0,0.0,85.13,78.53,4,359,8.7,8.5,100.0,100.0,2.8,2.7,29.3,13.3,1016.8,1016.6,-5.26,376.57,-0.01,32.3321,8.2661,653.2,59.2,1480.26, NAN, NAN, NAN, NAN,,2024/04/20 05:24:49.260,2024-04-20 05:24:49.260000+00:00
2024/04/20, 05:25:49.260,37.738,-73.67,11.42,23.08,26.86,11.24,10.0,10.0,1014.7,1014.7,0.0,0.0,85.13,78.53,6,0,8.4,8.1,100.0,100.0,2.7,2.3,36.0,16.1,1016.8,1016.8,-5.36,376.1,-0.01,32.3228,8.3086,647.3,59.3,1480.409, NAN, NAN, NAN, NAN,,2024/04/20 05:25:49.260,2024-04-20 05:25:49.260000+00:00
2024/04/20, 05:26:49.260,37.741,-73.668,11.77,22.51,20.73,11.53,10.0,10.0,1014.7,1014.7,0.0,0.0,85.13,78.53,9,1,8.6,8.2,100.0,100.0,2.8,2.3,47.8,22.8,1016.8,1016.8,-5.21,376.04,-0.01,32.3126,8.3678,668.8,59.6,1480.619, NAN, NAN, NAN, NAN,,2024/04/20 05:26:49.260,2024-04-20 05:26:49.260000+00:00
2024/04/20, 05:27:49.260,37.743,-73.666,11.91,22.81,27.37,11.64,10.0,10.0,1014.8,1014.5,0.0,0.0,85.13,78.53,8,2,8.6,8.4,100.0,100.0,2.6,2.4,37.6,17.5,1016.9,1016.6,-5.28,375.89,-0.02,32.3187,8.4064,644.9,59.7,1480.772, NAN, NAN, NAN, NAN,,2024/04/20 05:27:49.260,2024-04-20 05:27:49.260000+00:00
2024/04/20, 05:28:49.260,37.746,-73.664,11.93,21.74,28.47,11.6,9.9,10.0,1014.7,1014.2,0.0,0.0,85.13,78.53,8,4,8.7,8.4,100.0,100.0,2.8,2.4,38.6,26.1,1016.8,1016.3,-5.25,375.92,-0.01,32.3381,8.4792,658.0,59.8,1481.07, NAN, NAN, NAN, NAN,,2024/04/20 05:28:49.260,2024-04-20 05:28:49.260000+00:00
2024/04/20, 05:29:49.260,37.749,-73.663,11.86,22.49,34.32,11.57,9.9,9.9,1014.4,1014.5,0.0,0.0,85.13,78.53,9,4,8.6,8.3,100.0,100.0,2.7,2.4,31.5,14.2,1016.5,1016.6,-5.3,375.73,-0.01,32.3498,8.61,668.4,59.8,1481.575, NAN, NAN, NAN, NAN,,2024/04/20 05:29:49.260,2024-04-20 05:29:49.260000+00:00
2024/04/20, 05:30:49.260,37.752,-73.661,11.94,22.3,24.89,11.65,9.9,9.9,1014.4,1014.4,0.0,0.0,85.13,78.53,10,5,8.4,8.1,100.0,100.0,2.7,2.2,52.9,38.4,1016.5,1016.5,-5.31,376.12,-0.02,32.3738,8.7836,654.4,59.9,1482.253, NAN, NAN, NAN, NAN,,2024/04/20 05:30:49.260,2024-04-20 05:30:49.260000+00:00
2024/04/20, 05:31:49.260,37.755,-73.659,11.97,22.33,31.72,11.93,9.9,9.9,1014.5,1014.5,0.0,0.0,85.13,78.53,12,6,8.5,8.2,100.0,100.0,2.4,2.1,46.5,24.9,1016.6,1016.6,-5.31,375.73,-0.01,32.412,8.9182,645.9,60.0,1482.801, NAN, NAN, NAN, NAN,,2024/04/20 05:31:49.260,2024-04-20 05:31:49.260000+00:00
2024/04/20, 05:32:49.260,37.758,-73.657,11.96,21.96,27.0,11.19,9.9,9.9,1014.3,1014.4,0.0,0.0,85.13,78.53,11,5,8.6,8.3,100.0,100.0,3.0,2.5,45.6,28.0,1016.4,1016.5,-5.31,375.38,-0.01,32.4766,9.1834,647.2,60.2,1483.862, NAN, NAN, NAN, NAN,,2024/04/20 05:32:49.260,2024-04-20 05:32:49.260000+00:00
2024/04/20, 05:33:49.260,37.761,-73.655,11.75,22.96,23.28,11.39,9.9,9.8,1014.5,1014.4,0.0,0.0,85.13,78.53,12,6,8.3,8.0,100.0,100.0,2.7,2.2,56.2,38.8,1016.6,1016.5,-5.37,375.47,-0.01,32.5344,9.7733,641.6,60.2,1486.092, NAN, NAN, NAN, NAN,,2024/04/20 05:33:49.260,2024-04-20 05:33:49.260000+00:00
2024/04/20, 05:34:49.260,37.764,-73.654,11.73,22.17,22.1,11.6,9.8,9.8,1014.5,1014.4,0.0,0.0,85.13,78.53,15,8,8.5,8.0,100.0,100.0,3.1,2.2,65.5,50.1,1016.6,1016.5,-5.29,376.04,-0.01,32.597,10.1021,645.6,60.3,1487.358, NAN, NAN, NAN, NAN,,2024/04/20 05:34:49.260,2024-04-20 05:34:49.260000+00:00
2024/04/20, 05:35:49.260,37.767,-73.652,11.74,22.33,28.67,11.54,9.8,9.9,1014.4,1014.2,0.0,0.0,85.13,78.53,15,10,8.8,8.5,100.0,100.0,3.2,2.7,59.0,46.8,1016.5,1016.3,-5.25,376.43,-0.02,32.7531,10.2653,656.9,60.2,1488.135, NAN, NAN, NAN, NAN,,2024/04/20 05:35:49.260,2024-04-20 05:35:49.260000+00:00
2024/04/20, 05:36:49.260,37.769,-73.65,11.86,22.04,27.9,11.17,9.9,9.9,1014.3,1014.2,0.0,0.0,85.13,78.53,12,7,8.8,8.6,100.0,100.0,3.3,2.9,50.1,37.1,1016.4,1016.3,-5.22,375.55,-0.01,32.8869,10.2801,658.0,60.6,1488.35, NAN, NAN, NAN, NAN,,2024/04/20 05:36:49.260,2024-04-20 05:36:49.260000+00:00
2024/04/20, 05:37:49.260,37.772,-73.649,11.85,22.23,27.38,11.26,9.8,9.8,1014.3,1014.3,0.0,0.0,85.13,78.53,11,6,9.1,8.9,100.0,100.0,3.4,3.1,44.2,30.9,1016.4,1016.4,-5.26,375.29,-0.02,32.9418,10.2446,647.2,61.0,1488.289, NAN, NAN, NAN, NAN,,2024/04/20 05:37:49.260,2024-04-20 05:37:49.260000+00:00
2024/04/20, 05:38:49.260,37.775,-73.647,11.97,23.37,24.37,11.53,9.7,9.7,1014.3,1014.3,0.0,0.0,85.13,78.53,11,5,9.2,8.9,100.0,100.0,3.4,3.0,48.7,32.9,1016.4,1016.4,-5.2,375.38,-0.02,32.9494,10.2136,648.6,61.1,1488.187, NAN, NAN, NAN, NAN,,2024/04/20 05:38:49.260,2024-04-20 05:38:49.260000+00:00
2024/04/20, 05:39:49.260,37.778,-73.645,11.9,22.8,26.02,11.55,9.7,9.7,1014.3,1014.4,0.0,0.0,85.13,78.53,10,4,9.1,8.7,100.0,100.0,3.3,2.8,45.2,28.5,1016.4,1016.5,-5.26,375.21,-0.01,32.93,10.2127,659.0,61.2,1488.161, NAN, NAN, NAN, NAN,,2024/04/20 05:39:49.260,2024-04-20 05:39:49.260000+00:00
2024/04/20, 05:40:49.261,37.781,-73.644,11.85,22.16,29.1,11.68,9.6,9.6,1014.3,1014.3,0.0,0.0,85.13,78.53,7,2,9.0,8.7,100.0,100.0,3.0,2.7,36.8,21.6,1016.4,1016.4,-5.27,375.05,-0.01,32.9111,10.2289,674.8,60.9,1488.196, NAN, NAN, NAN, NAN,,2024/04/20 05:40:49.261,2024-04-20 05:40:49.261000+00:00
2024/04/20, 05:41:49.261,37.784,-73.642,11.72,21.31,25.83,10.99,9.6,9.6,1014.3,1014.1,0.0,0.0,85.13,78.53,6,0,9.0,8.8,100.0,100.0,3.4,3.2,31.5,15.1,1016.4,1016.2,-5.25,374.84,-0.01,32.8956,10.2589,676.4,60.2,1488.285, NAN, NAN, NAN, NAN,,2024/04/20 05:41:49.261,2024-04-20 05:41:49.261000+00:00
2024/04/20, 05:42:49.261,37.787,-73.64,11.77,22.13,24.59,11.02,9.5,9.5,1014.3,1014.2,0.0,0.0,85.13,78.53,4,358,9.0,8.6,100.0,100.0,3.3,3.0,28.4,11.3,1016.4,1016.3,-5.19,374.55,-0.01,32.8925,10.2546,670.5,60.2,1488.266, NAN, NAN, NAN, NAN,,2024/04/20 05:42:49.261,2024-04-20 05:42:49.261000+00:00
2024/04/20, 05:43:49.261,37.79,-73.639,11.67,22.43,31.26,11.37,9.5,9.4,1014.3,1014.3,0.0,0.0,85.13,78.53,5,1,8.7,8.4,100.0,100.0,2.9,2.6,29.7,16.9,1016.4,1016.4,-5.22,374.32,-0.02,32.8923,10.2189,668.4,60.3,1488.137, NAN, NAN, NAN, NAN,,2024/04/20 05:43:49.261,2024-04-20 05:43:49.261000+00:00
2024/04/20, 05:44:49.261,37.793,-73.637,11.8,22.44,27.01,11.43,9.4,9.4,1014.4,1014.3,0.0,0.0,85.13,78.53,7,1,8.8,8.5,100.0,100.0,3.1,2.6,43.4,26.2,1016.5,1016.4,-5.16,374.58,-0.01,32.8965,10.2082,669.7,60.0,1488.104, NAN, NAN, NAN, NAN,,2024/04/20 05:44:49.261,2024-04-20 05:44:49.261000+00:00
2024/04/20, 05:45:49.261,37.795,-73.636,11.86,22.29,23.61,11.42,9.4,9.4,1014.4,1014.3,0.0,0.0,85.13,78.53,9,3,9.0,8.7,100.0,100.0,3.3,2.8,46.5,30.4,1016.5,1016.4,-5.24,375.27,-0.02,32.8883,10.202,667.8,60.2,1488.072, NAN, NAN, NAN, NAN,,2024/04/20 05:45:49.261,2024-04-20 05:45:49.261000+00:00
2024/04/20, 05:46:49.261,37.798,-73.634,11.84,22.7,19.19,11.04,9.4,9.5,1014.4,1014.3,0.0,0.0,85.13,78.53,10,4,8.9,8.7,100.0,100.0,3.5,3.1,51.8,37.3,1016.5,1016.4,-5.31,374.81,-0.01,32.8805,10.1912,675.8,60.8,1488.023, NAN, NAN, NAN, NAN,,2024/04/20 05:46:49.261,2024-04-20 05:46:49.261000+00:00
2024/04/20, 05:47:49.261,37.801,-73.633,11.83,23.43,26.14,11.36,9.4,9.4,1014.1,1014.3,0.0,0.0,85.13,78.53,10,3,8.8,8.7,100.0,100.0,3.2,2.9,50.6,31.0,1016.2,1016.4,-5.34,374.44,-0.01,32.8774,10.1783,667.8,61.0,1487.973, NAN, NAN, NAN, NAN,,2024/04/20 05:47:49.261,2024-04-20 05:47:49.261000+00:00
2024/04/20, 05:48:49.261,37.804,-73.631,11.83,23.35,17.38,11.44,9.4,9.3,1014.1,1014.3,0.0,0.0,85.13,78.53,6,0,8.7,8.3,100.0,100.0,3.1,2.5,49.3,33.7,1016.2,1016.4,-5.23,373.4,-0.02,32.8646,10.1442,677.9,61.1,1487.835, NAN, NAN, NAN, NAN,,2024/04/20 05:48:49.261,2024-04-20 05:48:49.261000+00:00
2024/04/20, 05:49:49.261,37.807,-73.63,11.8,22.47,16.76,11.25,9.3,9.3,1014.4,1014.4,0.0,0.0,85.13,78.53,4,358,8.6,8.4,100.0,100.0,3.0,2.6,40.8,23.3,1016.5,1016.5,-5.28,373.3,-0.02,32.85,10.0848,670.5,60.9,1487.604, NAN, NAN, NAN, NAN,,2024/04/20 05:49:49.261,2024-04-20 05:49:49.261000+00:00
2024/04/20, 05:50:49.261,37.81,-73.628,11.85,22.87,20.93,11.32,9.2,9.2,1014.4,1014.4,0.0,0.0,85.13,78.53,2,356,8.6,8.4,100.0,100.0,2.8,2.6,33.3,14.5,1016.5,1016.5,-5.33,373.47,-0.01,32.8314,10.0141,642.8,61.1,1487.326, NAN, NAN, NAN, NAN,,2024/04/20 05:50:49.261,2024-04-20 05:50:49.261000+00:00
2024/04/20, 05:51:49.261,37.813,-73.627,11.74,22.35,22.92,11.06,9.2,9.2,1014.3,1014.3,0.0,0.0,85.13,78.53,0,355,8.5,8.4,100.0,100.0,2.8,2.8,23.1,7.8,1016.4,1016.4,-5.31,373.05,-0.01,32.8025,9.9107,640.1,60.7,1486.917, NAN, NAN, NAN, NAN,,2024/04/20 05:51:49.261,2024-04-20 05:51:49.261000+00:00
2024/04/20, 05:52:49.261,37.816,-73.625,11.84,22.58,25.21,11.51,9.1,9.2,1014.4,1014.3,0.0,0.0,85.13,78.53,2,356,8.9,8.7,100.0,100.0,3.0,2.9,25.9,7.5,1016.5,1016.4,-5.33,373.27,-0.01,32.7707,9.8101,644.3,60.0,1486.514, NAN, NAN, NAN, NAN,,2024/04/20 05:52:49.261,2024-04-20 05:52:49.261000+00:00
2024/04/20, 05:53:49.261,37.819,-73.624,11.78,21.6,17.58,11.1,9.1,9.2,1014.4,1014.3,0.0,0.0,85.13,78.53,1,355,8.9,8.6,100.0,100.0,3.2,2.9,31.0,14.2,1016.5,1016.4,-5.26,373.92,-0.01,32.7335,9.7171,644.9,59.9,1486.131, NAN, NAN, NAN, NAN,,2024/04/20 05:53:49.261,2024-04-20 05:53:49.261000+00:00
2024/04/20, 05:54:49.261,37.822,-73.622,11.57,23.37,26.54,11.19,9.2,9.2,1014.6,1014.3,0.0,0.0,85.13,78.53,357,351,9.2,9.0,100.0,100.0,3.5,3.5,13.7,357.7,1016.7,1016.4,-5.23,373.29,-0.01,32.6906,9.5977,649.2,59.8,1485.643, NAN, NAN, NAN, NAN,,2024/04/20 05:54:49.261,2024-04-20 05:54:49.261000+00:00
2024/04/20, 05:55:49.261,37.825,-73.621,11.75,22.98,17.6,11.19,9.1,9.0,1014.3,1014.5,0.0,0.0,85.13,78.53,354,348,9.6,9.5,100.0,100.0,3.9,4.0,11.3,356.6,1016.4,1016.6,-5.13,372.24,-0.01,32.6552,9.4749,649.6,59.8,1485.151, NAN, NAN, NAN, NAN,,2024/04/20 05:55:49.261,2024-04-20 05:55:49.261000+00:00
2024/04/20, 05:56:49.261,37.827,-73.62,11.56,23.19,16.73,11.13,8.9,8.9,1014.4,1014.5,0.0,0.0,85.13,78.53,357,350,9.1,9.0,100.0,100.0,3.4,3.4,19.5,0.7,1016.5,1016.6,-5.16,372.21,-0.01,32.618,9.3873,653.2,59.8,1484.785, NAN, NAN, NAN, NAN,,2024/04/20 05:56:49.261,2024-04-20 05:56:49.261000+00:00
2024/04/20, 05:57:49.262,37.83,-73.618,11.63,21.75,23.38,11.25,8.8,8.8,1014.4,1014.3,0.0,0.0,85.13,78.53,356,350,9.1,9.0,100.0,100.0,3.3,3.4,13.0,356.8,1016.5,1016.4,-5.19,371.45,-0.01,32.5752,9.2836,645.2,60.0,1484.351, NAN, NAN, NAN, NAN,,2024/04/20 05:57:49.262,2024-04-20 05:57:49.262000+00:00
2024/04/20, 05:58:49.262,37.833,-73.617,11.69,22.24,18.31,11.29,8.7,8.7,1014.4,1014.4,0.0,0.0,85.13,78.53,356,349,9.1,8.9,100.0,100.0,3.3,3.2,17.1,357.4,1016.5,1016.5,-5.23,371.14,-0.01,32.5377,9.1941,651.3,59.8,1483.976, NAN, NAN, NAN, NAN,,2024/04/20 05:58:49.262,2024-04-20 05:58:49.262000+00:00
2024/04/20, 05:59:49.262,37.836,-73.615,11.72,22.44,22.29,11.47,8.6,8.6,1014.5,1014.4,0.0,0.0,85.13,78.53,358,352,9.3,9.0,100.0,100.0,3.4,3.2,19.1,2.0,1016.6,1016.5,-5.15,371.69,-0.01,32.5074,9.078,649.9,60.0,1483.51, NAN, NAN, NAN, NAN,,2024/04/20 05:59:49.262,2024-04-20 05:59:49.262000+00:00
2024/04/20, 06:00:49.262,37.839,-73.614,11.59,22.55,18.57,11.15,8.6,8.7,1014.4,1014.3,0.0,0.0,85.13,78.53,0,355,9.3,9.0,100.0,100.0,3.6,3.3,27.1,13.8,1016.5,1016.4,-5.27,372.34,-0.01,32.4799,8.9691,653.2,59.8,1483.073, NAN, NAN, NAN, NAN,,2024/04/20 06:00:49.262,2024-04-20 06:00:49.262000+00:00
2024/04/20, 06:01:49.262,37.842,-73.612,11.65,23.61,26.68,11.25,8.7,8.8,1014.5,1014.2,0.0,0.0,85.13,78.53,358,353,9.0,9.0,100.0,100.0,3.2,3.3,18.0,4.4,1016.6,1016.3,-5.33,372.81,-0.01,32.4502,8.8907,656.6,59.8,1482.745, NAN, NAN, NAN, NAN,,2024/04/20 06:01:49.262,2024-04-20 06:01:49.262000+00:00
2024/04/20, 06:02:49.262,37.845,-73.611,11.78,21.68,18.41,10.88,8.7,8.8,1014.2,1014.3,0.0,0.0,85.13,78.53,358,352,9.6,9.3,100.0,100.0,4.0,3.8,20.2,5.3,1016.3,1016.4,-5.27,372.31,-0.01,32.4177,8.8072,663.0,59.8,1482.395, NAN, NAN, NAN, NAN,,2024/04/20 06:02:49.262,2024-04-20 06:02:49.262000+00:00
2024/04/20, 06:03:49.262,37.848,-73.61,11.56,23.15,15.9,11.3,8.7,8.7,1014.5,1014.3,0.0,0.0,85.13,78.53,357,351,9.3,9.2,100.0,100.0,3.5,3.4,25.0,9.0,1016.6,1016.4,-5.21,371.91,-0.01,32.3859,8.7223,672.1,59.8,1482.039, NAN, NAN, NAN, NAN,,2024/04/20 06:03:49.262,2024-04-20 06:03:49.262000+00:00
2024/04/20, 06:04:49.262,37.851,-73.608,11.55,23.15,20.79,11.18,8.6,8.7,1014.4,1014.3,0.0,0.0,85.13,78.53,1,354,9.7,9.5,100.0,100.0,4.0,3.8,27.0,9.5,1016.5,1016.4,-5.25,372.67,-0.01,32.3542,8.6496,669.1,59.8,1481.728, NAN, NAN, NAN, NAN,,2024/04/20 06:04:49.262,2024-04-20 06:04:49.262000+00:00
2024/04/20, 06:05:49.262,37.854,-73.607,11.55,23.34,24.19,11.11,8.7,8.7,1014.3,1013.8,0.0,0.0,85.13,78.53,0,355,9.5,9.4,100.0,100.0,3.8,3.7,24.0,11.4,1016.4,1015.9,-5.39,373.14,-0.01,32.3252,8.5758,666.7,59.7,1481.416, NAN, NAN, NAN, NAN,,2024/04/20 06:05:49.262,2024-04-20 06:05:49.262000+00:00
2024/04/20, 06:06:49.262,37.856,-73.605,11.51,21.75,24.79,10.84,8.7,8.8,1014.1,1014.3,0.0,0.0,85.13,78.53,0,354,9.7,9.5,100.0,100.0,4.1,4.0,21.0,6.6,1016.2,1016.4,-5.25,372.6,-0.01,32.2945,8.5152,663.8,59.6,1481.151, NAN, NAN, NAN, NAN,,2024/04/20 06:06:49.262,2024-04-20 06:06:49.262000+00:00
2024/04/20, 06:07:49.262,37.859,-73.604,11.42,22.57,26.04,10.94,8.8,8.8,1014.0,1014.0,0.0,0.0,85.13,78.53,2,356,9.7,9.4,100.0,100.0,4.1,3.9,24.1,9.3,1016.1,1016.1,-5.28,372.53,-0.01,32.2697,8.4739,661.1,59.7,1480.966, NAN, NAN, NAN, NAN,,2024/04/20 06:07:49.262,2024-04-20 06:07:49.262000+00:00
2024/04/20, 06:08:49.262,37.862,-73.602,11.46,22.52,22.76,10.9,8.8,8.8,1014.4,1014.0,0.0,0.0,85.13,78.53,1,356,9.2,9.3,100.0,100.0,3.6,3.7,25.6,13.0,1016.5,1016.1,-5.28,372.72,-0.01,32.2451,8.429,679.5,59.8,1480.766, NAN, NAN, NAN, NAN,,2024/04/20 06:08:49.262,2024-04-20 06:08:49.262000+00:00
2024/04/20, 06:09:49.262,37.865,-73.601,11.31,23.49,21.72,11.05,8.8,8.8,1014.3,1014.2,0.0,0.0,85.13,78.53,359,353,9.4,9.2,100.0,100.0,3.7,3.6,20.8,5.3,1016.4,1016.3,-5.3,372.21,-0.01,32.2371,8.3853,671.8,59.7,1480.592, NAN, NAN, NAN, NAN,,2024/04/20 06:09:49.262,2024-04-20 06:09:49.262000+00:00
2024/04/20, 06:10:49.262,37.868,-73.6,11.61,22.56,17.9,11.48,8.7,8.9,1014.5,1014.3,0.0,0.0,85.13,78.53,356,351,9.5,9.2,100.0,100.0,3.6,3.3,20.0,6.2,1016.6,1016.4,-5.27,372.66,-0.01,32.2218,8.3406,677.2,59.7,1480.405, NAN, NAN, NAN, NAN,,2024/04/20 06:10:49.262,2024-04-20 06:10:49.262000+00:00
2024/04/20, 06:11:49.262,37.871,-73.598,11.59,23.36,27.0,10.8,8.8,8.8,1014.3,1014.2,0.0,0.0,85.13,78.53,358,350,9.3,9.4,100.0,100.0,3.8,4.1,16.9,358.3,1016.4,1016.3,-5.26,373.54,-0.01,32.2108,8.3044,677.9,59.6,1480.255, NAN, NAN, NAN, NAN,,2024/04/20 06:11:49.262,2024-04-20 06:11:49.262000+00:00
2024/04/20, 06:12:49.262,37.874,-73.597,11.71,23.25,18.1,11.35,8.9,8.8,1014.3,1014.2,0.0,0.0,85.13,78.53,357,353,9.5,9.4,100.0,100.0,3.7,3.6,19.5,9.1,1016.4,1016.3,-5.27,373.39,-0.01,32.1991,8.2662,682.8,59.5,1480.096, NAN, NAN, NAN, NAN,,2024/04/20 06:12:49.262,2024-04-20 06:12:49.262000+00:00
2024/04/20, 06:13:49.263,37.877,-73.595,11.67,23.57,24.51,11.3,8.9,8.9,1014.1,1014.3,0.0,0.0,85.13,78.53,0,353,9.7,9.5,100.0,100.0,3.9,3.8,22.8,5.1,1016.2,1016.4,-5.28,372.91,-0.01,32.1955,8.2384,696.8,59.8,1479.987, NAN, NAN, NAN, NAN,,2024/04/20 06:13:49.263,2024-04-20 06:13:49.263000+00:00
2024/04/20, 06:14:49.263,37.879,-73.594,11.71,23.79,22.28,11.59,9.0,8.9,1014.3,1014.2,0.0,0.0,85.13,78.53,1,354,9.8,9.4,100.0,100.0,3.8,3.5,25.9,7.1,1016.4,1016.3,-5.29,373.67,-0.02,32.1858,8.2263,683.6,59.6,1479.929, NAN, NAN, NAN, NAN,,2024/04/20 06:14:49.263,2024-04-20 06:14:49.263000+00:00
2024/04/20, 06:15:49.263,37.882,-73.592,11.27,22.35,21.0,11.08,8.9,9.0,1014.3,1014.3,0.0,0.0,85.13,78.53,357,352,9.6,9.4,100.0,100.0,3.9,3.7,21.0,8.5,1016.4,1016.4,-5.29,372.12,-0.02,32.1672,8.2211,680.1,59.5,1479.886, NAN, NAN, NAN, NAN,,2024/04/20 06:15:49.263,2024-04-20 06:15:49.263000+00:00
2024/04/20, 06:16:49.263,37.885,-73.591,11.34,23.06,23.92,11.22,8.6,9.0,1014.0,1014.0,0.0,0.0,85.13,78.53,356,351,9.4,9.3,100.0,100.0,3.7,3.7,12.5,359.8,1016.1,1016.1,-5.08,372.19,-0.02,32.1545,8.2054,672.1,59.6,1479.811, NAN, NAN, NAN, NAN,,2024/04/20 06:16:49.263,2024-04-20 06:16:49.263000+00:00
2024/04/20, 06:17:49.263,37.888,-73.589,11.6,22.62,19.05,11.43,8.4,8.7,1014.3,1014.2,0.0,0.0,85.13,78.53,354,348,9.4,9.4,100.0,100.0,3.5,3.7,11.5,356.2,1016.4,1016.3,-5.0,372.73,-0.02,32.1449,8.1822,670.0,59.8,1479.711, NAN, NAN, NAN, NAN,,2024/04/20 06:17:49.263,2024-04-20 06:17:49.263000+00:00
2024/04/20, 06:18:49.263,37.891,-73.588,11.54,23.68,21.67,11.23,8.3,8.5,1014.4,1014.1,0.0,0.0,85.13,78.53,353,348,8.9,9.2,100.0,100.0,3.2,3.7,6.4,354.8,1016.5,1016.2,-5.04,372.97,-0.02,32.1371,8.1642,660.4,59.9,1479.634, NAN, NAN, NAN, NAN,,2024/04/20 06:18:49.263,2024-04-20 06:18:49.263000+00:00
2024/04/20, 06:19:49.263,37.894,-73.587,11.56,23.07,15.04,10.97,8.3,8.4,1014.5,1014.4,0.0,0.0,85.13,78.53,356,350,9.2,9.1,100.0,100.0,3.6,3.6,17.9,2.4,1016.6,1016.5,-5.07,372.78,-0.02,32.1332,8.121,652.0,59.7,1479.465, NAN, NAN, NAN, NAN,,2024/04/20 06:19:49.263,2024-04-20 06:19:49.263000+00:00
2024/04/20, 06:20:49.263,37.897,-73.585,11.58,23.16,22.4,11.46,8.3,8.3,1013.9,1014.2,0.0,0.0,85.13,78.53,357,351,9.3,9.2,100.0,100.0,3.4,3.5,14.8,358.7,1016.0,1016.3,-5.18,373.32,-0.02,32.1345,8.0833,663.3,59.6,1479.324, NAN, NAN, NAN, NAN,,2024/04/20 06:20:49.263,2024-04-20 06:20:49.263000+00:00
2024/04/20, 06:21:49.263,37.9,-73.584,11.64,23.1,27.16,11.16,8.3,8.3,1014.1,1014.2,0.0,0.0,85.13,78.53,358,352,9.5,9.5,100.0,100.0,3.8,4.0,14.3,359.9,1016.2,1016.3,-5.27,373.6,-0.02,32.1308,8.0729,665.7,59.7,1479.28, NAN, NAN, NAN, NAN,,2024/04/20 06:21:49.263,2024-04-20 06:21:49.263000+00:00
2024/04/20, 06:22:49.263,37.903,-73.582,11.55,23.58,19.71,11.34,8.3,8.3,1014.1,1014.2,0.0,0.0,85.13,78.53,359,352,9.6,9.4,100.0,100.0,3.8,3.6,25.0,6.9,1016.2,1016.3,-5.16,374.53,-0.01,32.1301,8.0692,671.5,59.9,1479.265, NAN, NAN, NAN, NAN,,2024/04/20 06:22:49.263,2024-04-20 06:22:49.263000+00:00
2024/04/20, 06:23:49.263,37.906,-73.581,11.46,23.5,20.02,11.14,8.4,8.4,1014.3,1014.4,0.0,0.0,85.13,78.53,359,353,9.5,9.3,100.0,100.0,3.8,3.6,26.7,11.4,1016.4,1016.5,-5.27,374.99,-0.02,32.1292,8.0556,668.8,59.8,1479.212, NAN, NAN, NAN, NAN,,2024/04/20 06:23:49.263,2024-04-20 06:23:49.263000+00:00
2024/04/20, 06:24:49.263,37.908,-73.579,11.47,23.0,18.96,10.92,8.4,8.4,1014.4,1014.1,0.0,0.0,85.13,78.53,358,353,9.4,9.3,100.0,100.0,3.8,3.7,22.3,9.8,1016.5,1016.2,-5.21,375.73,-0.01,32.1309,8.0324,663.8,59.7,1479.126, NAN, NAN, NAN, NAN,,2024/04/20 06:24:49.263,2024-04-20 06:24:49.263000+00:00
2024/04/20, 06:25:49.263,37.911,-73.578,11.53,23.42,22.45,10.96,8.4,8.5,1014.1,1014.0,0.0,0.0,85.13,78.53,356,350,9.3,9.3,100.0,100.0,3.7,3.8,16.8,2.0,1016.2,1016.1,-5.18,376.03,-0.01,32.1328,8.0183,665.7,59.7,1479.075, NAN, NAN, NAN, NAN,,2024/04/20 06:25:49.263,2024-04-20 06:25:49.263000+00:00
2024/04/20, 06:26:49.263,37.914,-73.576,11.46,23.74,25.07,11.38,8.4,8.5,1014.1,1014.1,0.0,0.0,85.13,78.53,356,349,9.2,9.2,100.0,100.0,3.4,3.6,13.7,355.6,1016.2,1016.2,-5.19,375.18,-0.01,32.135,8.0174,660.0,59.7,1479.074, NAN, NAN, NAN, NAN,,2024/04/20 06:26:49.263,2024-04-20 06:26:49.263000+00:00
2024/04/20, 06:27:49.263,37.917,-73.575,11.42,23.21,21.63,10.91,8.4,8.4,1014.2,1014.1,0.0,0.0,85.13,78.53,357,350,9.4,9.3,100.0,100.0,3.8,3.9,17.6,0.4,1016.3,1016.2,-5.22,375.34,-0.02,32.1335,8.021,654.7,59.8,1479.086, NAN, NAN, NAN, NAN,,2024/04/20 06:27:49.263,2024-04-20 06:27:49.263000+00:00
2024/04/20, 06:28:49.263,37.92,-73.573,11.3,23.54,22.42,11.07,8.4,8.4,1014.3,1014.2,0.0,0.0,85.13,78.53,356,351,9.2,9.2,100.0,100.0,3.6,3.7,12.4,359.9,1016.4,1016.3,-5.24,375.23,-0.02,32.135,8.0118,652.9,59.9,1479.053, NAN, NAN, NAN, NAN,,2024/04/20 06:28:49.263,2024-04-20 06:28:49.263000+00:00
2024/04/20, 06:29:49.264,37.923,-73.572,11.22,22.72,30.91,10.71,8.4,8.4,1014.3,1014.4,0.0,0.0,85.13,78.53,356,351,9.2,9.2,100.0,100.0,3.8,4.0,9.0,357.4,1016.4,1016.5,-5.12,374.85,-0.01,32.1357,7.9908,653.2,59.8,1478.974, NAN, NAN, NAN, NAN,,2024/04/20 06:29:49.264,2024-04-20 06:29:49.264000+00:00
2024/04/20, 06:30:49.264,37.926,-73.57,11.31,23.69,24.55,11.01,8.3,8.4,1013.9,1014.2,0.0,0.0,85.13,78.53,354,348,9.2,9.1,100.0,100.0,3.7,3.8,5.8,351.3,1016.0,1016.3,-5.14,375.11,-0.02,32.1354,7.9935,660.4,60.0,1478.983, NAN, NAN, NAN, NAN,,2024/04/20 06:30:49.264,2024-04-20 06:30:49.264000+00:00
2024/04/20, 06:31:49.264,37.928,-73.569,11.24,24.2,23.54,11.16,8.3,8.3,1014.1,1014.0,0.0,0.0,85.13,78.53,353,348,9.0,9.2,100.0,100.0,3.4,3.8,4.6,353.3,1016.2,1016.1,-5.19,375.72,-0.02,32.1352,8.0038,669.1,59.4,1479.022, NAN, NAN, NAN, NAN,,2024/04/20 06:31:49.264,2024-04-20 06:31:49.264000+00:00
2024/04/20, 06:32:49.264,37.931,-73.567,11.37,22.62,25.48,11.48,8.3,8.3,1014.1,1014.3,0.0,0.0,85.13,78.53,355,349,9.3,9.1,100.0,100.0,3.5,3.5,7.8,351.7,1016.2,1016.4,-5.19,376.21,-0.02,32.1366,7.995,668.8,59.8,1478.991, NAN, NAN, NAN, NAN,,2024/04/20 06:32:49.264,2024-04-20 06:32:49.264000+00:00
2024/04/20, 06:33:49.264,37.934,-73.566,11.29,22.87,20.44,11.14,8.4,8.4,1014.2,1014.2,0.0,0.0,85.13,78.53,354,349,9.4,9.2,100.0,100.0,3.8,3.7,7.8,355.0,1016.3,1016.3,-5.22,376.65,-0.01,32.1359,7.9317,667.5,59.8,1478.749, NAN, NAN, NAN, NAN,,2024/04/20 06:33:49.264,2024-04-20 06:33:49.264000+00:00
2024/04/20, 06:34:49.264,37.937,-73.564,11.48,22.61,26.33,11.41,8.4,8.4,1014.2,1014.3,0.0,0.0,85.13,78.53,357,351,9.7,9.4,100.0,100.0,3.9,3.8,11.3,355.9,1016.3,1016.4,-5.32,377.94,-0.01,32.1372,7.8759,669.1,59.8,1478.538, NAN, NAN, NAN, NAN,,2024/04/20 06:34:49.264,2024-04-20 06:34:49.264000+00:00
2024/04/20, 06:35:49.264,37.94,-73.563,11.44,22.95,24.15,11.12,8.5,8.5,1014.3,1014.3,0.0,0.0,85.13,78.53,354,349,9.6,9.4,100.0,100.0,4.0,4.0,5.5,353.3,1016.4,1016.4,-5.31,376.65,-0.01,32.1349,7.8477,667.8,59.7,1478.427, NAN, NAN, NAN, NAN,,2024/04/20 06:35:49.264,2024-04-20 06:35:49.264000+00:00
2024/04/20, 06:36:49.264,37.943,-73.561,11.31,23.31,25.88,11.34,8.6,8.6,1014.3,1014.3,0.0,0.0,85.13,78.53,353,347,9.3,9.3,100.0,100.0,3.6,3.9,4.6,350.2,1016.4,1016.4,-5.25,375.06,-0.01,32.1449,7.8544,666.0,59.5,1478.465, NAN, NAN, NAN, NAN,,2024/04/20 06:36:49.264,2024-04-20 06:36:49.264000+00:00
2024/04/20, 06:37:49.264,37.945,-73.56,11.43,22.17,21.93,10.97,8.4,8.5,1014.3,1014.3,0.0,0.0,85.13,78.53,356,350,9.4,9.2,100.0,100.0,3.8,3.8,10.9,355.9,1016.4,1016.4,-5.25,374.47,-0.02,32.1344,7.8749,665.1,59.7,1478.53, NAN, NAN, NAN, NAN,,2024/04/20 06:37:49.264,2024-04-20 06:37:49.264000+00:00
2024/04/20, 06:38:49.264,37.948,-73.558,11.48,22.13,27.26,11.3,8.4,8.4,1014.3,1014.3,0.0,0.0,85.13,78.53,358,353,9.5,9.3,100.0,100.0,3.7,3.7,13.0,0.0,1016.4,1016.4,-5.06,373.72,-0.01,32.1375,7.9014,651.3,59.9,1478.635, NAN, NAN, NAN, NAN,,2024/04/20 06:38:49.264,2024-04-20 06:38:49.264000+00:00
2024/04/20, 06:39:49.264,37.951,-73.557,11.51,22.28,18.47,10.95,8.3,8.4,1014.0,1014.0,0.0,0.0,85.13,78.53,358,354,9.2,9.1,100.0,100.0,3.6,3.5,19.9,9.5,1016.1,1016.1,-5.16,373.42,-0.01,32.1404,7.9266,644.9,59.7,1478.735, NAN, NAN, NAN, NAN,,2024/04/20 06:39:49.264,2024-04-20 06:39:49.264000+00:00
2024/04/20, 06:40:49.264,37.954,-73.555,11.25,24.24,22.97,11.26,8.3,8.4,1014.2,1014.0,0.0,0.0,85.13,78.53,0,353,9.2,9.0,100.0,100.0,3.4,3.4,23.3,4.1,1016.3,1016.1,-5.25,373.84,-0.01,32.1442,7.9383,639.8,59.5,1478.784, NAN, NAN, NAN, NAN,,2024/04/20 06:40:49.264,2024-04-20 06:40:49.264000+00:00
2024/04/20, 06:41:49.264,37.957,-73.554,11.22,22.56,25.67,10.95,8.3,8.3,1014.0,1014.4,0.0,0.0,85.13,78.53,1,356,9.1,8.9,100.0,100.0,3.5,3.4,19.1,5.7,1016.1,1016.5,-5.18,373.92,-0.01,32.1444,7.9455,632.1,59.4,1478.812, NAN, NAN, NAN, NAN,,2024/04/20 06:41:49.264,2024-04-20 06:41:49.264000+00:00
2024/04/20, 06:42:49.264,37.96,-73.552,11.62,22.24,19.08,11.29,8.3,8.4,1014.1,1014.2,0.0,0.0,85.13,78.53,1,356,9.2,9.0,100.0,100.0,3.4,3.2,26.2,12.4,1016.2,1016.3,-5.26,373.58,-0.01,32.1446,7.9527,632.4,59.7,1478.84, NAN, NAN, NAN, NAN,,2024/04/20 06:42:49.264,2024-04-20 06:42:49.264000+00:00
2024/04/20, 06:43:49.264,37.963,-73.55,11.37,23.09,23.16,11.37,8.3,8.4,1014.3,1014.3,0.0,0.0,85.13,78.53,2,355,9.0,8.9,100.0,100.0,3.2,3.1,28.0,8.0,1016.4,1016.4,-5.17,373.01,-0.01,32.1457,7.9424,633.1,59.6,1478.802, NAN, NAN, NAN, NAN,,2024/04/20 06:43:49.264,2024-04-20 06:43:49.264000+00:00
2024/04/20, 06:44:49.265,37.965,-73.549,11.62,23.14,22.53,10.84,8.3,8.3,1014.3,1014.2,0.0,0.0,85.13,78.53,3,356,9.2,9.1,100.0,100.0,3.6,3.6,27.3,9.5,1016.4,1016.3,-5.21,373.01,-0.01,32.1442,7.9417,634.2,59.7,1478.797, NAN, NAN, NAN, NAN,,2024/04/20 06:44:49.265,2024-04-20 06:44:49.265000+00:00
2024/04/20, 06:45:49.265,37.968,-73.547,11.49,22.8,18.14,11.05,8.3,8.3,1014.0,1014.3,0.0,0.0,85.13,78.53,5,358,9.3,9.0,100.0,100.0,3.7,3.3,36.7,18.7,1016.1,1016.4,-5.28,372.92,-0.01,32.1442,7.9306,631.8,59.6,1478.755, NAN, NAN, NAN, NAN,,2024/04/20 06:45:49.265,2024-04-20 06:45:49.265000+00:00
2024/04/20, 06:46:49.265,37.971,-73.546,11.56,22.59,20.5,11.39,8.3,8.3,1014.1,1014.3,0.0,0.0,85.13,78.53,6,0,9.2,9.0,100.0,100.0,3.5,3.2,42.2,26.5,1016.2,1016.4,-5.18,372.46,-0.01,32.1442,7.9023,626.4,59.6,1478.647, NAN, NAN, NAN, NAN,,2024/04/20 06:46:49.265,2024-04-20 06:46:49.265000+00:00
2024/04/20, 06:47:49.265,37.974,-73.544,11.73,22.73,23.82,11.38,8.3,8.4,1014.1,1014.0,0.0,0.0,85.13,78.53,5,0,9.4,9.3,100.0,100.0,3.6,3.5,34.6,21.4,1016.2,1016.1,-5.2,372.47,-0.01,32.1464,7.888,626.0,59.9,1478.595, NAN, NAN, NAN, NAN,,2024/04/20 06:47:49.265,2024-04-20 06:47:49.265000+00:00
2024/04/20, 06:48:49.265,37.977,-73.542,11.66,21.37,25.09,10.81,8.4,8.4,1013.9,1013.7,0.0,0.0,85.13,78.53,6,0,9.4,9.1,100.0,100.0,3.9,3.6,31.1,16.0,1016.0,1015.8,-5.22,372.0,-0.02,32.1473,7.8966,629.4,59.7,1478.629, NAN, NAN, NAN, NAN,,2024/04/20 06:48:49.265,2024-04-20 06:48:49.265000+00:00
2024/04/20, 06:49:49.265,37.98,-73.541,11.43,23.12,27.17,11.48,8.4,8.4,1013.9,1014.0,0.0,0.0,85.13,78.53,7,1,9.1,8.8,100.0,100.0,3.2,2.9,36.0,18.5,1016.0,1016.1,-5.21,371.56,-0.01,32.1488,7.9168,632.8,59.4,1478.708, NAN, NAN, NAN, NAN,,2024/04/20 06:49:49.265,2024-04-20 06:49:49.265000+00:00
2024/04/20, 06:50:49.265,37.983,-73.539,11.45,22.71,25.68,10.99,8.4,8.4,1013.9,1013.8,0.0,0.0,85.13,78.53,6,1,8.9,8.7,100.0,100.0,3.3,3.1,34.1,20.2,1016.0,1015.9,-5.16,371.03,-0.01,32.1534,7.9263,636.4,59.4,1478.75, NAN, NAN, NAN, NAN,,2024/04/20 06:50:49.265,2024-04-20 06:50:49.265000+00:00
2024/04/20, 06:51:49.265,37.985,-73.537,11.5,22.76,26.39,11.35,8.4,8.4,1014.0,1013.8,0.0,0.0,85.13,78.53,6,0,9.1,8.9,100.0,100.0,3.3,3.1,36.3,19.5,1016.1,1015.9,-5.2,370.28,-0.01,32.1557,7.9345,631.5,59.0,1478.784, NAN, NAN, NAN, NAN,,2024/04/20 06:51:49.265,2024-04-20 06:51:49.265000+00:00
2024/04/20, 06:52:49.265,37.988,-73.535,11.51,22.88,31.53,11.16,8.3,8.4,1014.0,1013.7,0.0,0.0,85.13,78.53,7,1,9.2,8.7,100.0,100.0,3.5,3.0,33.0,16.0,1016.1,1015.8,-5.18,370.33,-0.02,32.1584,7.9503,637.1,59.3,1478.848, NAN, NAN, NAN, NAN,,2024/04/20 06:52:49.265,2024-04-20 06:52:49.265000+00:00
2024/04/20, 06:53:49.265,37.991,-73.534,11.27,23.22,25.38,11.16,8.3,8.3,1013.7,1014.0,0.0,0.0,85.13,78.53,7,1,9.1,8.8,100.0,100.0,3.5,3.1,42.5,26.9,1015.8,1016.1,-5.23,370.29,-0.01,32.1614,7.9642,637.1,59.2,1478.904, NAN, NAN, NAN, NAN,,2024/04/20 06:53:49.265,2024-04-20 06:53:49.265000+00:00
2024/04/20, 06:54:49.265,37.994,-73.532,11.26,22.69,22.83,11.01,8.3,8.3,1014.0,1013.7,0.0,0.0,85.13,78.53,8,2,9.3,9.0,100.0,100.0,3.7,3.3,39.7,24.5,1016.1,1015.8,-5.25,370.12,-0.01,32.1644,7.9734,642.5,59.3,1478.943, NAN, NAN, NAN, NAN,,2024/04/20 06:54:49.265,2024-04-20 06:54:49.265000+00:00
2024/04/20, 06:55:49.265,37.997,-73.53,11.45,21.68,24.07,11.27,8.4,8.4,1014.0,1014.0,0.0,0.0,85.13,78.53,8,2,9.6,9.1,100.0,100.0,3.9,3.3,40.0,25.4,1016.1,1016.1,-5.26,369.44,-0.02,32.168,7.9919,645.9,59.5,1479.018, NAN, NAN, NAN, NAN,,2024/04/20 06:55:49.265,2024-04-20 06:55:49.265000+00:00
2024/04/20, 06:56:49.265,37.999,-73.529,11.36,22.36,22.2,10.74,8.4,8.4,1014.3,1014.1,0.0,0.0,85.13,78.53,6,1,9.6,9.3,100.0,100.0,4.1,3.8,32.1,20.1,1016.4,1016.2,-5.28,369.45,-0.02,32.1711,8.013,644.0,59.5,1479.102, NAN, NAN, NAN, NAN,,2024/04/20 06:56:49.265,2024-04-20 06:56:49.265000+00:00
2024/04/20, 06:57:49.265,38.002,-73.527,11.3,22.61,28.8,11.06,8.4,8.5,1013.8,1014.3,0.0,0.0,85.13,78.53,6,0,9.6,9.2,100.0,100.0,3.9,3.6,30.5,15.1,1015.9,1016.4,-5.31,369.55,-0.02,32.175,8.0304,647.2,59.7,1479.173, NAN, NAN, NAN, NAN,,2024/04/20 06:57:49.265,2024-04-20 06:57:49.265000+00:00
2024/04/20, 06:58:49.265,38.005,-73.525,11.63,22.81,26.24,11.27,8.4,8.5,1013.8,1014.0,0.0,0.0,85.13,78.53,7,0,9.8,9.4,100.0,100.0,4.0,3.7,31.6,13.7,1015.9,1016.1,-5.31,368.46,-0.02,32.1827,8.0491,641.9,59.6,1479.253, NAN, NAN, NAN, NAN,,2024/04/20 06:58:49.265,2024-04-20 06:58:49.265000+00:00
2024/04/20, 06:59:49.265,38.008,-73.523,11.42,22.55,27.62,11.25,8.4,8.5,1014.0,1014.0,0.0,0.0,85.13,78.53,6,359,9.2,9.0,100.0,100.0,3.4,3.3,30.0,10.8,1016.1,1016.1,-5.31,366.72,-0.02,32.1868,8.0524,640.1,59.2,1479.271, NAN, NAN, NAN, NAN,,2024/04/20 06:59:49.265,2024-04-20 06:59:49.265000+00:00
2024/04/20, 07:00:49.266,38.01,-73.522,11.74,22.57,25.45,11.24,8.4,8.5,1013.9,1014.0,0.0,0.0,85.13,78.53,6,0,9.3,9.1,100.0,100.0,3.5,3.4,32.6,16.5,1016.0,1016.1,-5.23,366.5,-0.01,32.19,8.0247,637.9,59.4,1479.17, NAN, NAN, NAN, NAN,,2024/04/20 07:00:49.266,2024-04-20 07:00:49.266000+00:00
2024/04/20, 07:01:49.266,38.013,-73.52,11.78,22.56,24.53,11.23,8.4,8.4,1013.9,1014.0,0.0,0.0,85.13,78.53,6,1,9.6,9.5,100.0,100.0,3.8,3.7,32.4,19.8,1016.0,1016.1,-5.27,367.11,-0.01,32.1924,7.9746,647.2,59.3,1478.982, NAN, NAN, NAN, NAN,,2024/04/20 07:01:49.266,2024-04-20 07:01:49.266000+00:00
2024/04/20, 07:02:49.266,38.016,-73.518,11.66,22.17,35.09,11.04,8.4,8.4,1014.0,1014.1,0.0,0.0,85.13,78.53,5,1,9.7,9.4,100.0,100.0,4.0,3.8,23.5,13.3,1016.1,1016.2,-5.33,368.23,-0.01,32.1932,7.9387,645.6,59.0,1478.846, NAN, NAN, NAN, NAN,,2024/04/20 07:02:49.266,2024-04-20 07:02:49.266000+00:00
2024/04/20, 07:03:49.266,38.019,-73.517,11.14,23.58,31.86,10.75,8.5,8.5,1013.7,1013.6,0.0,0.0,85.13,78.53,6,0,9.6,9.2,100.0,100.0,4.1,3.7,31.4,16.7,1015.8,1015.7,-5.27,367.68,-0.01,32.1904,7.9722,647.6,59.1,1478.971, NAN, NAN, NAN, NAN,,2024/04/20 07:03:49.266,2024-04-20 07:03:49.266000+00:00
2024/04/20, 07:04:49.266,38.021,-73.515,11.34,22.39,31.11,10.66,8.5,8.6,1013.6,1013.7,0.0,0.0,85.13,78.53,5,0,9.1,9.1,100.0,100.0,3.6,3.7,26.6,14.2,1015.7,1015.8,-5.31,366.59,-0.01,32.1926,8.0088,648.3,59.3,1479.112, NAN, NAN, NAN, NAN,,2024/04/20 07:04:49.266,2024-04-20 07:04:49.266000+00:00
2024/04/20, 07:05:49.266,38.024,-73.513,11.43,22.1,25.1,11.0,8.5,8.5,1013.6,1013.6,0.0,0.0,85.13,78.53,8,2,9.3,9.0,100.0,100.0,3.7,3.3,39.4,24.3,1015.7,1015.7,-5.3,365.91,-0.01,32.2017,8.0514,649.9,59.3,1479.286, NAN, NAN, NAN, NAN,,2024/04/20 07:05:49.266,2024-04-20 07:05:49.266000+00:00
2024/04/20, 07:06:49.266,38.027,-73.512,11.66,22.56,25.64,11.39,8.5,8.5,1013.7,1013.6,0.0,0.0,85.13,78.53,11,5,9.7,9.3,100.0,100.0,4.0,3.5,46.4,32.2,1015.8,1015.7,-5.31,366.25,-0.01,32.2133,8.0865,645.9,59.5,1479.433, NAN, NAN, NAN, NAN,,2024/04/20 07:06:49.266,2024-04-20 07:06:49.266000+00:00
2024/04/20, 07:07:49.266,38.03,-73.51,11.51,21.89,28.93,11.12,8.5,8.6,1013.8,1013.8,0.0,0.0,85.13,78.53,11,6,9.6,9.3,100.0,100.0,4.0,3.6,42.5,30.6,1015.9,1015.9,-5.33,366.86,-0.01,32.2164,8.1182,644.9,59.5,1479.557, NAN, NAN, NAN, NAN,,2024/04/20 07:07:49.266,2024-04-20 07:07:49.266000+00:00
2024/04/20, 07:08:49.266,38.033,-73.508,11.72,23.71,25.15,11.02,8.6,8.6,1013.6,1013.8,0.0,0.0,85.13,78.53,12,6,9.5,9.0,100.0,100.0,4.1,3.4,50.8,37.8,1015.7,1015.9,-5.33,366.46,-0.01,32.2214,8.1166,647.3,59.7,1479.557, NAN, NAN, NAN, NAN,,2024/04/20 07:08:49.266,2024-04-20 07:08:49.266000+00:00
2024/04/20, 07:09:49.266,38.035,-73.507,11.67,22.25,19.04,11.03,8.5,8.6,1013.7,1013.8,0.0,0.0,85.13,78.53,14,8,9.5,9.0,100.0,100.0,4.3,3.5,57.0,45.8,1015.8,1015.9,-5.3,366.41,-0.01,32.2245,8.1119,652.6,59.7,1479.543, NAN, NAN, NAN, NAN,,2024/04/20 07:09:49.266,2024-04-20 07:09:49.266000+00:00
2024/04/20, 07:10:49.266,38.038,-73.505,11.51,22.32,23.41,11.26,8.5,8.5,1014.0,1013.6,0.0,0.0,85.13,78.53,17,10,9.5,9.2,100.0,100.0,4.2,3.6,60.5,45.7,1016.1,1015.7,-5.26,365.86,-0.01,32.2261,8.119,647.6,59.7,1479.572, NAN, NAN, NAN, NAN,,2024/04/20 07:10:49.266,2024-04-20 07:10:49.266000+00:00
2024/04/20, 07:11:49.266,38.041,-73.503,11.59,23.05,28.25,11.17,8.5,8.5,1013.6,1013.7,0.0,0.0,85.13,78.53,17,11,9.9,9.3,100.0,100.0,4.5,3.7,56.6,44.8,1015.7,1015.8,-5.4,366.09,-0.02,32.2298,8.1028,643.5,59.7,1479.515, NAN, NAN, NAN, NAN,,2024/04/20 07:11:49.266,2024-04-20 07:11:49.266000+00:00
2024/04/20, 07:12:49.266,38.044,-73.502,11.73,22.87,20.59,11.1,8.5,8.5,1013.4,1013.4,0.0,0.0,85.13,78.53,17,11,9.7,9.7,100.0,100.0,4.6,4.2,61.4,48.8,1015.5,1015.5,-5.42,366.9,-0.01,32.2288,8.0797,632.4,59.7,1479.427, NAN, NAN, NAN, NAN,,2024/04/20 07:12:49.266,2024-04-20 07:12:49.266000+00:00
2024/04/20, 07:13:49.266,38.047,-73.5,11.62,22.48,26.08,10.88,8.8,8.8,1013.7,1013.6,0.0,0.0,85.13,78.53,17,13,8.8,9.5,100.0,100.0,3.7,4.1,62.5,50.4,1015.8,1015.7,-5.46,367.29,-0.01,32.2259,8.0655,624.0,59.6,1479.369, NAN, NAN, NAN, NAN,,2024/04/20 07:13:49.266,2024-04-20 07:13:49.266000+00:00
2024/04/20, 07:14:49.266,38.049,-73.498,11.71,22.61,25.29,11.09,9.0,9.0,1013.3,1013.5,0.0,0.0,85.13,78.53,18,15,9.2,9.4,100.0,100.0,4.1,4.1,64.1,56.7,1015.4,1015.6,-5.49,366.9,-0.01,32.2205,8.0641,617.6,60.3,1479.357, NAN, NAN, NAN, NAN,,2024/04/20 07:14:49.266,2024-04-20 07:14:49.266000+00:00
2024/04/20, 07:15:49.266,38.052,-73.497,11.48,22.71,30.78,10.56,9.1,9.0,1013.5,1013.6,0.0,0.0,85.13,78.53,23,17,9.2,9.3,100.0,100.0,4.4,4.2,68.7,56.0,1015.6,1015.7,-5.51,366.5,-0.01,32.2151,8.0616,609.6,60.2,1479.341, NAN, NAN, NAN, NAN,,2024/04/20 07:15:49.266,2024-04-20 07:15:49.266000+00:00
2024/04/20, 07:16:49.267,38.055,-73.495,11.4,22.27,22.12,10.78,9.1,9.1,1013.0,1013.4,0.0,0.0,85.13,78.53,24,19,9.6,9.3,100.0,100.0,4.9,4.3,70.5,62.4,1015.1,1015.5,-5.47,366.34,-0.01,32.2107,8.0414,603.8,60.3,1479.259, NAN, NAN, NAN, NAN,,2024/04/20 07:16:49.267,2024-04-20 07:16:49.267000+00:00
2024/04/20, 07:17:49.267,38.058,-73.494,11.58,23.39,21.92,11.08,9.2,9.2,1013.3,1013.4,0.0,0.0,85.13,78.53,24,18,9.1,9.5,100.0,100.0,4.4,4.4,77.2,63.5,1015.4,1015.5,-5.42,366.46,-0.01,32.2031,8.0667,599.2,60.0,1479.345, NAN, NAN, NAN, NAN,,2024/04/20 07:17:49.267,2024-04-20 07:17:49.267000+00:00
2024/04/20, 07:18:49.267,38.06,-73.492,11.53,22.32,26.51,10.9,9.2,9.2,1013.3,1013.5,0.0,0.0,85.13,78.53,24,19,8.9,9.2,100.0,100.0,4.2,4.2,75.5,64.0,1015.4,1015.6,-5.35,366.57,-0.01,32.1945,8.1002,601.6,60.0,1479.462, NAN, NAN, NAN, NAN,,2024/04/20 07:18:49.267,2024-04-20 07:18:49.267000+00:00
2024/04/20, 07:19:49.267,38.063,-73.491,11.44,23.16,27.55,10.81,9.2,9.2,1013.2,1013.4,0.0,0.0,85.13,78.53,24,19,9.0,8.9,100.0,100.0,4.3,3.9,74.7,65.4,1015.3,1015.5,-5.32,367.13,-0.02,32.1857,8.1348,609.6,60.1,1479.582, NAN, NAN, NAN, NAN,,2024/04/20 07:19:49.267,2024-04-20 07:19:49.267000+00:00
2024/04/20, 07:20:49.267,38.066,-73.489,11.26,22.45,26.65,10.36,9.3,9.3,1013.4,1013.1,0.0,0.0,85.13,78.53,26,20,8.5,7.9,100.0,100.0,4.2,3.3,79.1,72.3,1015.5,1015.2,-5.43,367.69,-0.01,32.1811,8.1404,608.9,59.9,1479.598, NAN, NAN, NAN, NAN,,2024/04/20 07:20:49.267,2024-04-20 07:20:49.267000+00:00
2024/04/20, 07:21:49.267,38.068,-73.488,11.54,22.14,24.53,11.0,9.3,9.3,1013.3,1013.3,0.0,0.0,85.13,78.53,27,22,7.3,8.3,100.0,100.0,3.3,3.6,96.9,77.3,1015.4,1015.4,-5.38,367.89,-0.02,32.1751,8.1393,609.6,59.5,1479.586, NAN, NAN, NAN, NAN,,2024/04/20 07:21:49.267,2024-04-20 07:21:49.267000+00:00
2024/04/20, 07:22:49.267,38.071,-73.486,11.59,22.87,22.93,11.1,9.4,9.4,1013.3,1013.3,0.0,0.0,85.13,78.53,28,22,7.8,8.3,100.0,100.0,3.8,3.7,95.0,80.2,1015.4,1015.4,-5.38,368.02,-0.01,32.1692,8.1519,615.3,59.8,1479.627, NAN, NAN, NAN, NAN,,2024/04/20 07:22:49.267,2024-04-20 07:22:49.267000+00:00
2024/04/20, 07:23:49.267,38.074,-73.484,11.69,23.31,22.77,11.52,9.4,9.4,1013.3,1013.4,0.0,0.0,85.13,78.53,28,23,7.5,8.5,100.0,100.0,3.6,3.8,102.0,83.4,1015.4,1015.5,-5.37,368.41,-0.02,32.1621,8.1562,629.4,59.7,1479.634, NAN, NAN, NAN, NAN,,2024/04/20 07:23:49.267,2024-04-20 07:23:49.267000+00:00
2024/04/20, 07:24:49.267,38.077,-73.483,11.73,22.82,25.44,11.3,9.4,9.4,1013.3,1013.4,0.0,0.0,85.13,78.53,28,23,8.0,8.2,100.0,100.0,3.8,3.5,93.2,82.5,1015.4,1015.5,-5.37,368.78,-0.02,32.155,8.1556,636.1,60.2,1479.623, NAN, NAN, NAN, NAN,,2024/04/20 07:24:49.267,2024-04-20 07:24:49.267000+00:00
2024/04/20, 07:25:49.267,38.08,-73.481,11.88,22.83,23.57,11.47,9.4,9.4,1013.3,1013.4,0.0,0.0,85.13,78.53,29,23,8.5,8.2,100.0,100.0,4.3,3.5,91.8,84.6,1015.4,1015.5,-5.27,368.92,-0.02,32.1412,8.1594,648.3,60.3,1479.62, NAN, NAN, NAN, NAN,,2024/04/20 07:25:49.267,2024-04-20 07:25:49.267000+00:00
2024/04/20, 07:26:49.267,38.083,-73.479,11.83,22.18,25.8,10.96,9.4,9.4,1013.3,1013.4,0.0,0.0,85.13,78.53,29,23,7.7,8.3,100.0,100.0,3.4,3.4,92.9,75.4,1015.4,1015.5,-5.31,369.14,-0.02,32.1285,8.1321,663.6,60.3,1479.501, NAN, NAN, NAN, NAN,,2024/04/20 07:26:49.267,2024-04-20 07:26:49.267000+00:00
2024/04/20, 07:27:49.267,38.086,-73.478,11.68,23.02,24.9,11.13,9.4,9.4,1013.4,1013.4,0.0,0.0,85.13,78.53,27,22,8.2,8.1,100.0,100.0,3.9,3.4,89.0,81.1,1015.5,1015.5,-5.23,368.93,-0.02,32.1156,8.0949,661.1,60.3,1479.344, NAN, NAN, NAN, NAN,,2024/04/20 07:27:49.267,2024-04-20 07:27:49.267000+00:00
2024/04/20, 07:28:49.267,38.088,-73.476,11.69,23.83,27.26,11.58,9.3,9.4,1013.3,1013.3,0.0,0.0,85.13,78.53,27,22,7.7,8.0,100.0,100.0,3.4,3.2,98.4,86.3,1015.4,1015.4,-5.25,369.66,-0.01,32.107,8.1063,670.2,60.3,1479.377, NAN, NAN, NAN, NAN,,2024/04/20 07:28:49.267,2024-04-20 07:28:49.267000+00:00
2024/04/20, 07:29:49.267,38.091,-73.474,11.85,23.86,26.07,11.71,9.3,9.3,1013.2,1013.4,0.0,0.0,85.13,78.53,25,22,7.3,8.0,100.0,100.0,3.0,3.2,102.4,87.8,1015.3,1015.5,-5.26,370.41,-0.01,32.0976,8.1259,680.1,60.3,1479.44, NAN, NAN, NAN, NAN,,2024/04/20 07:29:49.267,2024-04-20 07:29:49.267000+00:00
2024/04/20, 07:30:49.267,38.094,-73.473,11.43,24.87,24.84,11.03,9.3,9.3,1013.5,1013.3,0.0,0.0,85.13,78.53,20,21,6.5,7.4,100.0,100.0,2.4,3.1,104.3,90.9,1015.6,1015.4,-5.33,370.49,-0.02,32.0968,8.1306,668.8,60.2,1479.456, NAN, NAN, NAN, NAN,,2024/04/20 07:30:49.267,2024-04-20 07:30:49.267000+00:00
2024/04/20, 07:31:49.268,38.097,-73.471,11.56,22.03,24.47,11.27,9.3,9.4,1013.3,1013.2,0.0,0.0,85.13,78.53,31,24,6.7,8.1,100.0,100.0,3.2,3.5,112.8,84.3,1015.4,1015.3,-5.31,370.27,-0.02,32.1001,8.1096,659.6,60.2,1479.381, NAN, NAN, NAN, NAN,,2024/04/20 07:31:49.268,2024-04-20 07:31:49.268000+00:00
2024/04/20, 07:32:49.268,38.1,-73.47,11.49,22.42,23.31,10.66,9.3,9.4,1013.5,1013.6,0.0,0.0,85.13,78.53,30,24,7.7,7.8,100.0,100.0,3.8,3.3,94.0,82.8,1015.6,1015.7,-5.31,370.6,-0.02,32.1063,8.104,656.3,60.2,1479.367, NAN, NAN, NAN, NAN,,2024/04/20 07:32:49.268,2024-04-20 07:32:49.268000+00:00
2024/04/20, 07:33:49.268,38.103,-73.468,11.59,23.67,25.4,11.35,9.3,9.4,1013.3,1013.4,0.0,0.0,85.13,78.53,30,24,8.3,8.0,100.0,100.0,4.1,3.3,94.4,87.4,1015.4,1015.5,-5.27,370.83,-0.02,32.1005,8.1137,660.3,60.2,1479.397, NAN, NAN, NAN, NAN,,2024/04/20 07:33:49.268,2024-04-20 07:33:49.268000+00:00
2024/04/20, 07:34:49.268,38.105,-73.466,11.69,22.9,24.45,11.14,9.3,9.4,1013.3,1013.4,0.0,0.0,85.13,78.53,26,23,6.8,8.0,100.0,100.0,2.7,3.3,104.7,83.1,1015.4,1015.5,-5.31,371.19,-0.02,32.1047,8.1197,671.8,60.2,1479.425, NAN, NAN, NAN, NAN,,2024/04/20 07:34:49.268,2024-04-20 07:34:49.268000+00:00
2024/04/20, 07:35:49.268,38.108,-73.465,11.39,22.46,26.46,11.13,9.4,9.4,1013.3,1013.3,0.0,0.0,85.13,78.53,26,22,7.4,8.3,100.0,100.0,3.0,3.4,94.2,76.4,1015.4,1015.4,-5.33,370.42,-0.02,32.1095,8.1189,664.8,60.0,1479.428, NAN, NAN, NAN, NAN,,2024/04/20 07:35:49.268,2024-04-20 07:35:49.268000+00:00
2024/04/20, 07:36:49.268,38.111,-73.463,11.42,22.81,25.34,11.52,9.3,9.4,1013.5,1013.6,0.0,0.0,85.13,78.53,27,22,8.8,8.2,100.0,100.0,4.1,3.2,85.1,81.2,1015.6,1015.7,-5.14,370.33,-0.01,32.118,8.0918,653.2,60.3,1479.335, NAN, NAN, NAN, NAN,,2024/04/20 07:36:49.268,2024-04-20 07:36:49.268000+00:00
2024/04/20, 07:37:49.268,38.114,-73.461,11.45,23.21,25.85,11.46,9.2,9.2,1013.4,1013.4,0.0,0.0,85.13,78.53,26,21,8.7,8.3,100.0,100.0,4.1,3.3,84.8,79.0,1015.5,1015.5,-5.18,371.34,-0.01,32.123,8.0777,645.9,60.3,1479.288, NAN, NAN, NAN, NAN,,2024/04/20 07:37:49.268,2024-04-20 07:37:49.268000+00:00
2024/04/20, 07:38:49.268,38.117,-73.46,11.32,23.22,25.93,10.88,9.1,9.2,1013.5,1013.4,0.0,0.0,85.13,78.53,26,21,8.6,8.3,100.0,100.0,4.0,3.4,80.9,73.5,1015.6,1015.5,-5.24,372.02,-0.01,32.127,8.0609,652.3,60.1,1479.229, NAN, NAN, NAN, NAN,,2024/04/20 07:38:49.268,2024-04-20 07:38:49.268000+00:00
2024/04/20, 07:39:49.268,38.119,-73.458,11.46,22.93,29.7,11.1,9.2,9.2,1013.4,1013.5,0.0,0.0,85.13,78.53,25,20,8.4,8.5,100.0,100.0,3.6,3.3,80.1,68.5,1015.5,1015.6,-5.27,371.6,-0.02,32.1268,8.0646,649.9,60.3,1479.243, NAN, NAN, NAN, NAN,,2024/04/20 07:39:49.268,2024-04-20 07:39:49.268000+00:00
2024/04/20, 07:40:49.268,38.122,-73.456,11.64,21.46,26.18,10.93,9.2,9.3,1013.4,1013.3,0.0,0.0,85.13,78.53,23,20,7.7,8.7,100.0,100.0,3.0,3.7,82.4,67.1,1015.5,1015.4,-5.22,372.56,-0.02,32.1267,8.0685,648.3,60.3,1479.258, NAN, NAN, NAN, NAN,,2024/04/20 07:40:49.268,2024-04-20 07:40:49.268000+00:00
2024/04/20, 07:41:49.268,38.125,-73.455,11.18,21.63,25.5,10.62,9.1,9.2,1013.2,1013.4,0.0,0.0,85.13,78.53,25,19,8.5,8.6,100.0,100.0,4.0,3.7,77.1,64.4,1015.3,1015.5,-5.34,373.1,-0.02,32.1258,8.0677,641.2,60.3,1479.254, NAN, NAN, NAN, NAN,,2024/04/20 07:41:49.268,2024-04-20 07:41:49.268000+00:00
2024/04/20, 07:42:49.268,38.128,-73.453,11.54,22.52,25.01,11.17,9.2,9.3,1013.3,1013.2,0.0,0.0,85.13,78.53,23,18,9.0,8.8,100.0,100.0,4.2,3.7,75.7,67.2,1015.4,1015.3,-5.28,373.46,-0.02,32.1272,8.0664,637.1,60.2,1479.25, NAN, NAN, NAN, NAN,,2024/04/20 07:42:49.268,2024-04-20 07:42:49.268000+00:00
2024/04/20, 07:43:49.268,38.13,-73.451,11.64,22.52,26.32,11.06,9.3,9.3,1013.3,1013.3,0.0,0.0,85.13,78.53,24,19,8.5,8.8,100.0,100.0,3.7,3.6,78.3,65.8,1015.4,1015.4,-5.36,373.66,-0.02,32.1215,8.0647,628.1,60.6,1479.237, NAN, NAN, NAN, NAN,,2024/04/20 07:43:49.268,2024-04-20 07:43:49.268000+00:00
2024/04/20, 07:44:49.268,38.133,-73.45,11.5,23.73,26.06,11.21,9.3,9.4,1013.3,1013.2,0.0,0.0,85.13,78.53,23,19,8.2,8.7,100.0,100.0,3.6,3.7,84.2,72.2,1015.4,1015.3,-5.26,373.18,-0.02,32.1293,8.0595,629.4,60.3,1479.227, NAN, NAN, NAN, NAN,,2024/04/20 07:44:49.268,2024-04-20 07:44:49.268000+00:00
2024/04/20, 07:45:49.268,38.136,-73.448,11.43,24.29,26.57,11.23,9.4,9.4,1013.3,1013.3,0.0,0.0,85.13,78.53,25,19,8.7,8.9,100.0,100.0,4.1,3.8,83.3,70.3,1015.4,1015.4,-5.27,373.14,-0.02,32.1194,8.0405,628.8,60.4,1479.142, NAN, NAN, NAN, NAN,,2024/04/20 07:45:49.268,2024-04-20 07:45:49.268000+00:00
2024/04/20, 07:46:49.268,38.139,-73.446,11.48,22.6,20.6,10.77,9.4,9.4,1013.1,1013.3,0.0,0.0,85.13,78.53,25,20,8.6,8.9,100.0,100.0,4.1,4.0,78.7,67.1,1015.2,1015.4,-5.29,373.21,-0.02,32.1199,8.0211,623.6,60.2,1479.069, NAN, NAN, NAN, NAN,,2024/04/20 07:46:49.268,2024-04-20 07:46:49.268000+00:00
2024/04/20, 07:47:49.269,38.142,-73.445,11.5,22.8,24.4,11.43,9.4,9.4,1013.3,1013.2,0.0,0.0,85.13,78.53,25,20,9.1,8.7,100.0,100.0,4.3,3.6,79.1,72.3,1015.4,1015.3,-5.25,372.63,-0.01,32.1184,7.9919,618.4,60.2,1478.956, NAN, NAN, NAN, NAN,,2024/04/20 07:47:49.269,2024-04-20 07:47:49.269000+00:00
2024/04/20, 07:48:49.269,38.144,-73.443,11.29,22.51,27.22,10.51,9.4,9.4,1013.3,1013.3,0.0,0.0,85.13,78.53,18,20,7.3,8.2,100.0,100.0,2.5,3.4,74.5,70.1,1015.4,1015.4,-5.3,372.35,-0.02,32.1204,7.9691,614.4,60.3,1478.872, NAN, NAN, NAN, NAN,,2024/04/20 07:48:49.269,2024-04-20 07:48:49.269000+00:00
2024/04/20, 07:49:49.269,38.147,-73.441,11.37,23.18,26.07,10.9,9.4,9.4,1013.4,1013.3,0.0,0.0,85.13,78.53,25,19,8.7,8.6,100.0,100.0,4.1,3.6,79.0,67.7,1015.5,1015.4,-5.3,371.94,-0.01,32.1237,7.9614,616.6,60.1,1478.847, NAN, NAN, NAN, NAN,,2024/04/20 07:49:49.269,2024-04-20 07:49:49.269000+00:00
2024/04/20, 07:50:49.269,38.15,-73.44,11.63,23.17,29.42,11.2,9.4,9.5,1013.0,1013.1,0.0,0.0,85.13,78.53,23,17,9.0,8.8,100.0,100.0,4.3,3.6,76.9,66.4,1015.1,1015.2,-5.3,370.73,-0.02,32.1246,7.9604,604.4,59.9,1478.844, NAN, NAN, NAN, NAN,,2024/04/20 07:50:49.269,2024-04-20 07:50:49.269000+00:00
2024/04/20, 07:51:49.269,38.153,-73.438,11.75,22.77,22.29,11.36,9.4,9.5,1013.5,1013.5,0.0,0.0,85.13,78.53,22,17,9.2,8.9,100.0,100.0,4.3,3.6,73.6,65.5,1015.6,1015.6,-5.26,369.08,-0.01,32.1234,7.9594,604.9,60.0,1478.839, NAN, NAN, NAN, NAN,,2024/04/20 07:51:49.269,2024-04-20 07:51:49.269000+00:00
2024/04/20, 07:52:49.269,38.155,-73.436,11.6,21.93,23.07,11.19,9.4,9.4,1013.3,1013.6,0.0,0.0,85.13,78.53,22,15,9.0,8.8,100.0,100.0,4.1,3.4,72.4,58.6,1015.4,1015.7,-5.21,367.07,-0.02,32.122,7.9502,608.0,60.2,1478.802, NAN, NAN, NAN, NAN,,2024/04/20 07:52:49.269,2024-04-20 07:52:49.269000+00:00
2024/04/20, 07:53:49.269,38.158,-73.434,11.57,23.46,29.09,11.33,9.3,9.3,1013.3,1013.2,0.0,0.0,85.13,78.53,21,16,8.7,9.0,100.0,100.0,3.6,3.5,73.2,59.8,1015.4,1015.3,-5.21,365.4,-0.01,32.1176,7.9417,606.8,60.2,1478.764, NAN, NAN, NAN, NAN,,2024/04/20 07:53:49.269,2024-04-20 07:53:49.269000+00:00
2024/04/20, 07:54:49.269,38.161,-73.432,11.54,22.09,25.92,10.32,9.3,9.3,1013.3,1013.2,0.0,0.0,85.13,78.53,19,17,8.5,9.0,100.0,100.0,3.5,3.9,58.8,52.2,1015.4,1015.3,-5.29,363.88,-0.01,32.1179,7.9353,612.6,60.2,1478.74, NAN, NAN, NAN, NAN,,2024/04/20 07:54:49.269,2024-04-20 07:54:49.269000+00:00
2024/04/20, 07:55:49.269,38.164,-73.431,11.32,22.28,23.73,10.69,9.3,9.3,1013.3,1013.1,0.0,0.0,85.13,78.53,21,16,8.4,8.8,100.0,100.0,3.6,3.6,70.9,57.3,1015.4,1015.2,-5.32,362.01,-0.02,32.1132,7.9261,613.2,60.1,1478.699, NAN, NAN, NAN, NAN,,2024/04/20 07:55:49.269,2024-04-20 07:55:49.269000+00:00
2024/04/20, 07:56:49.269,38.166,-73.429,11.63,22.92,25.32,11.61,9.3,9.3,1013.6,1013.4,0.0,0.0,85.13,78.53,19,13,9.1,8.6,100.0,100.0,3.6,2.8,65.6,53.3,1015.7,1015.5,-5.28,360.42,-0.01,31.8091,7.9059,614.2,60.0,1478.246, NAN, NAN, NAN, NAN,,2024/04/20 07:56:49.269,2024-04-20 07:56:49.269000+00:00
2024/04/20, 07:57:49.269,38.169,-73.427,11.48,23.42,28.73,11.03,9.2,9.2,1013.3,1013.5,0.0,0.0,85.13,78.53,18,12,8.8,8.4,100.0,100.0,3.5,2.8,61.2,47.4,1015.4,1015.6,-5.34,359.01,-0.01,32.1138,7.8804,611.3,60.2,1478.526, NAN, NAN, NAN, NAN,,2024/04/20 07:57:49.269,2024-04-20 07:57:49.269000+00:00
2024/04/20, 07:58:49.269,38.172,-73.425,11.35,24.16,20.56,10.89,9.2,9.2,1013.4,1013.3,0.0,0.0,85.13,78.53,14,8,8.5,8.1,100.0,100.0,3.3,2.6,61.1,47.9,1015.5,1015.4,-5.32,357.64,-0.01,32.1343,7.8596,612.0,59.6,1478.472, NAN, NAN, NAN, NAN,,2024/04/20 07:58:49.269,2024-04-20 07:58:49.269000+00:00
2024/04/20, 07:59:49.269,38.174,-73.423,11.38,22.63,28.49,10.94,9.1,9.1,1013.5,1013.4,0.0,0.0,85.13,78.53,14,8,8.6,8.3,100.0,100.0,3.1,2.7,47.7,30.7,1015.6,1015.5,-5.25,357.38,-0.02,32.1135,7.825,614.4,59.7,1478.314, NAN, NAN, NAN, NAN,,2024/04/20 07:59:49.269,2024-04-20 07:59:49.269000+00:00
2024/04/20, 08:00:49.269,38.177,-73.421,11.51,21.37,26.78,11.1,9.1,9.1,1013.5,1013.4,0.0,0.0,85.13,78.53,13,6,8.6,8.3,100.0,100.0,3.1,2.6,52.4,33.4,1015.6,1015.5,-5.4,357.03,-0.01,32.1152,7.7955,613.9,59.9,1478.203, NAN, NAN, NAN, NAN,,2024/04/20 08:00:49.269,2024-04-20 08:00:49.269000+00:00
2024/04/20, 08:01:49.269,38.18,-73.42,11.73,22.92,32.72,10.98,9.1,9.1,1013.6,1013.4,0.0,0.0,85.13,78.53,11,5,8.6,8.3,100.0,100.0,3.0,2.7,44.2,26.9,1015.7,1015.5,-5.35,356.68,-0.01,32.1184,7.8793,620.3,59.7,1478.527, NAN, NAN, NAN, NAN,,2024/04/20 08:01:49.269,2024-04-20 08:01:49.269000+00:00
2024/04/20, 08:02:49.269,38.182,-73.418,11.56,22.32,31.25,10.69,9.1,9.2,1013.4,1013.6,0.0,0.0,85.13,78.53,10,4,8.3,8.0,100.0,100.0,2.8,2.5,37.0,18.6,1015.5,1015.7,-5.35,355.89,-0.02,32.1264,7.9577,629.7,59.5,1478.836, NAN, NAN, NAN, NAN,,2024/04/20 08:02:49.269,2024-04-20 08:02:49.269000+00:00
2024/04/20, 08:03:49.270,38.185,-73.416,11.39,23.09,31.76,10.8,9.2,9.2,1013.3,1013.6,0.0,0.0,85.13,78.53,8,2,7.8,7.5,100.0,100.0,2.3,2.0,40.3,18.8,1015.4,1015.7,-5.51,355.38,-0.01,32.1793,8.1068,660.3,59.3,1479.468, NAN, NAN, NAN, NAN,,2024/04/20 08:03:49.270,2024-04-20 08:03:49.270000+00:00
2024/04/20, 08:04:49.270,38.188,-73.414,11.36,23.67,22.3,10.56,9.2,9.2,1013.6,1013.4,0.0,0.0,85.13,78.53,7,2,7.6,7.5,100.0,100.0,2.3,2.1,47.3,30.8,1015.7,1015.5,-5.35,353.71,-0.01,32.2701,8.3093,693.2,59.0,1480.346, NAN, NAN, NAN, NAN,,2024/04/20 08:04:49.270,2024-04-20 08:04:49.270000+00:00
2024/04/20, 08:05:49.270,38.19,-73.412,11.52,21.67,26.64,10.74,9.2,9.2,1013.4,1013.7,0.0,0.0,85.13,78.53,8,1,7.9,7.2,100.0,100.0,2.4,1.8,34.2,6.8,1015.5,1015.8,-5.48,353.01,-0.02,32.3386,8.3879,716.1,59.2,1480.727, NAN, NAN, NAN, NAN,,2024/04/20 08:05:49.270,2024-04-20 08:05:49.270000+00:00
2024/04/20, 08:06:49.270,38.193,-73.411,11.36,21.56,30.02,10.41,9.2,9.2,1013.8,1013.4,0.0,0.0,85.13,78.53,8,3,8.0,7.7,100.0,100.0,2.7,2.4,28.3,12.1,1015.9,1015.5,-5.46,352.17,-0.02,32.415,8.4438,722.8,59.4,1481.032, NAN, NAN, NAN, NAN,,2024/04/20 08:06:49.270,2024-04-20 08:06:49.270000+00:00
2024/04/20, 08:07:49.270,38.195,-73.409,11.46,22.17,29.72,10.99,9.2,9.3,1013.7,1013.6,0.0,0.0,85.13,78.53,6,2,8.1,7.7,100.0,100.0,2.5,2.1,24.9,9.7,1015.8,1015.7,-5.4,351.58,-0.02,32.4725,8.6487,703.2,59.5,1481.871, NAN, NAN, NAN, NAN,,2024/04/20 08:07:49.270,2024-04-20 08:07:49.270000+00:00
2024/04/20, 08:08:49.270,38.198,-73.407,11.44,22.41,27.83,10.61,9.2,9.3,1013.6,1013.4,0.0,0.0,85.13,78.53,3,358,7.9,7.9,100.0,100.0,2.5,2.6,19.7,4.3,1015.7,1015.5,-5.48,352.46,-0.01,32.4973,8.927,722.8,59.5,1482.938, NAN, NAN, NAN, NAN,,2024/04/20 08:08:49.270,2024-04-20 08:08:49.270000+00:00
2024/04/20, 08:09:49.270,38.201,-73.405,11.46,22.27,25.99,10.68,9.2,9.3,1013.6,1013.7,0.0,0.0,85.13,78.53,6,359,8.3,8.0,100.0,100.0,2.8,2.6,29.8,8.1,1015.7,1015.8,-5.48,352.01,-0.01,32.5379,9.1573,715.2,59.7,1483.84, NAN, NAN, NAN, NAN,,2024/04/20 08:09:49.270,2024-04-20 08:09:49.270000+00:00
2024/04/20, 08:10:49.270,38.203,-73.404,11.41,20.73,21.62,10.28,9.2,9.3,1013.7,1013.7,0.0,0.0,85.13,78.53,6,0,8.3,7.9,100.0,100.0,3.1,2.6,33.5,16.6,1015.8,1015.8,-5.42,351.46,-0.02,32.6768,9.2675,670.0,59.9,1484.417, NAN, NAN, NAN, NAN,,2024/04/20 08:10:49.270,2024-04-20 08:10:49.270000+00:00
2024/04/20, 08:11:49.270,38.206,-73.402,11.18,21.84,30.75,10.1,9.2,9.3,1013.8,1013.6,0.0,0.0,85.13,78.53,7,1,7.9,7.8,100.0,100.0,2.7,2.7,27.8,10.2,1015.9,1015.7,-5.47,351.09,-0.01,32.7846,9.3257,625.7,60.0,1484.762, NAN, NAN, NAN, NAN,,2024/04/20 08:11:49.270,2024-04-20 08:11:49.270000+00:00
2024/04/20, 08:12:49.270,38.208,-73.4,11.36,22.12,21.4,10.5,9.3,9.3,1013.2,1013.8,0.0,0.0,85.13,78.53,7,0,8.1,7.7,100.0,100.0,2.8,2.3,40.6,19.6,1015.3,1015.9,-5.46,351.3,-0.02,32.8693,9.4472,602.8,60.2,1485.311, NAN, NAN, NAN, NAN,,2024/04/20 08:12:49.270,2024-04-20 08:12:49.270000+00:00
2024/04/20, 08:13:49.270,38.211,-73.399,11.47,22.62,21.91,10.46,9.3,9.3,1013.5,1013.6,0.0,0.0,85.13,78.53,8,2,8.2,7.8,100.0,100.0,2.9,2.4,43.0,26.2,1015.6,1015.7,-5.49,351.03,-0.01,32.8979,9.4935,610.2,60.2,1485.516, NAN, NAN, NAN, NAN,,2024/04/20 08:13:49.270,2024-04-20 08:13:49.270000+00:00
2024/04/20, 08:14:49.270,38.214,-73.397,11.63,21.15,31.83,10.17,9.3,9.3,1013.6,1013.4,0.0,0.0,85.13,78.53,7,2,7.9,7.8,100.0,100.0,2.7,2.6,28.1,13.1,1015.7,1015.5,-5.51,350.4,-0.01,32.9217,9.5056,592.4,60.2,1485.589, NAN, NAN, NAN, NAN,,2024/04/20 08:14:49.270,2024-04-20 08:14:49.270000+00:00
2024/04/20, 08:15:49.270,38.216,-73.396,11.68,21.97,23.31,10.82,9.3,9.4,1013.3,1013.6,0.0,0.0,85.13,78.53,6,0,8.1,7.8,100.0,100.0,2.6,2.2,37.0,17.4,1015.4,1015.7,-5.51,351.28,-0.02,32.9209,9.4536,613.6,60.4,1485.398, NAN, NAN, NAN, NAN,,2024/04/20 08:15:49.270,2024-04-20 08:15:49.270000+00:00
2024/04/20, 08:16:49.270,38.219,-73.394,11.46,22.95,14.92,10.59,9.3,9.4,1013.8,1013.7,0.0,0.0,85.13,78.53,5,358,7.8,7.5,100.0,100.0,2.6,2.1,49.6,29.4,1015.9,1015.8,-5.49,351.64,-0.02,32.8919,9.3684,590.4,60.3,1485.05, NAN, NAN, NAN, NAN,,2024/04/20 08:16:49.270,2024-04-20 08:16:49.270000+00:00
2024/04/20, 08:17:49.270,38.222,-73.393,11.78,21.64,28.1,10.99,9.3,9.4,1013.9,1013.7,0.0,0.0,85.13,78.53,6,359,7.9,7.7,100.0,100.0,2.3,2.1,32.5,7.1,1016.0,1015.8,-5.54,352.7,-0.02,32.8166,9.2652,595.2,60.2,1484.579, NAN, NAN, NAN, NAN,,2024/04/20 08:17:49.270,2024-04-20 08:17:49.270000+00:00
2024/04/20, 08:18:49.270,38.224,-73.391,11.73,21.89,22.87,10.57,9.3,9.3,1013.5,1013.6,0.0,0.0,85.13,78.53,6,0,8.0,7.8,100.0,100.0,2.6,2.4,34.8,15.7,1015.6,1015.7,-5.43,353.11,-0.01,32.7431,9.1558,588.1,60.5,1484.086, NAN, NAN, NAN, NAN,,2024/04/20 08:18:49.270,2024-04-20 08:18:49.270000+00:00
2024/04/20, 08:19:49.271,38.227,-73.389,11.78,22.61,25.07,10.8,9.3,9.3,1013.6,1013.5,0.0,0.0,85.13,78.53,4,0,7.9,7.8,100.0,100.0,2.4,2.3,29.5,15.8,1015.7,1015.6,-5.44,353.09,-0.01,32.6877,9.0775,597.4,60.5,1483.729, NAN, NAN, NAN, NAN,,2024/04/20 08:19:49.271,2024-04-20 08:19:49.271000+00:00
2024/04/20, 08:20:49.271,38.23,-73.388,11.67,23.21,25.19,11.01,9.2,9.2,1013.5,1013.4,0.0,0.0,85.13,78.53,6,1,8.1,7.9,100.0,100.0,2.5,2.2,40.6,24.2,1015.6,1015.5,-5.38,353.79,-0.01,32.6448,9.0326,616.0,60.4,1483.51, NAN, NAN, NAN, NAN,,2024/04/20 08:20:49.271,2024-04-20 08:20:49.271000+00:00
2024/04/20, 08:21:49.271,38.233,-73.386,11.77,21.36,20.89,10.53,9.1,9.2,1013.5,1013.5,0.0,0.0,85.13,78.53,7,1,8.3,8.0,100.0,100.0,3.0,2.6,39.1,22.1,1015.6,1015.6,-5.5,354.57,-0.02,32.6133,9.032,617.7,60.2,1483.47, NAN, NAN, NAN, NAN,,2024/04/20 08:21:49.271,2024-04-20 08:21:49.271000+00:00
2024/04/20, 08:22:49.271,38.235,-73.385,11.73,22.56,25.3,10.85,9.2,9.2,1013.6,1013.6,0.0,0.0,85.13,78.53,7,1,8.2,7.9,100.0,100.0,2.7,2.3,39.1,20.1,1015.7,1015.7,-5.48,354.58,-0.01,32.5931,9.0386,619.3,60.4,1483.469, NAN, NAN, NAN, NAN,,2024/04/20 08:22:49.271,2024-04-20 08:22:49.271000+00:00
2024/04/20, 08:23:49.271,38.238,-73.383,11.82,22.4,29.51,10.42,9.2,9.2,1013.4,1013.3,0.0,0.0,85.13,78.53,8,2,8.1,7.9,100.0,100.0,2.8,2.6,37.9,20.0,1015.5,1015.4,-5.45,354.8,-0.01,32.5826,9.0264,617.7,60.5,1483.411, NAN, NAN, NAN, NAN,,2024/04/20 08:23:49.271,2024-04-20 08:23:49.271000+00:00
2024/04/20, 08:24:49.271,38.241,-73.382,11.62,22.6,24.25,10.6,9.2,9.2,1013.4,1013.5,0.0,0.0,85.13,78.53,9,3,8.0,7.7,100.0,100.0,2.7,2.3,45.8,27.8,1015.5,1015.6,-5.49,355.4,-0.01,32.5773,8.9955,630.4,60.5,1483.29, NAN, NAN, NAN, NAN,,2024/04/20 08:24:49.271,2024-04-20 08:24:49.271000+00:00
2024/04/20, 08:25:49.271,38.243,-73.38,11.45,21.62,25.32,10.15,9.2,9.3,1013.6,1013.4,0.0,0.0,85.13,78.53,7,2,7.5,7.4,100.0,100.0,2.3,2.2,35.2,18.7,1015.7,1015.5,-5.48,356.13,-0.01,32.5741,8.952,615.6,60.3,1483.125, NAN, NAN, NAN, NAN,,2024/04/20 08:25:49.271,2024-04-20 08:25:49.271000+00:00
2024/04/20, 08:26:49.271,38.246,-73.379,11.45,21.95,23.83,10.24,9.3,9.3,1013.6,1013.5,0.0,0.0,85.13,78.53,10,3,7.7,7.4,100.0,100.0,2.5,2.1,44.4,22.4,1015.7,1015.6,-5.54,357.04,-0.01,32.5664,8.9059,617.2,60.2,1482.944, NAN, NAN, NAN, NAN,,2024/04/20 08:26:49.271,2024-04-20 08:26:49.271000+00:00
2024/04/20, 08:27:49.271,38.249,-73.378,11.32,22.89,27.2,10.65,9.3,9.4,1013.6,1013.4,0.0,0.0,85.13,78.53,8,3,7.4,7.4,100.0,100.0,2.1,2.0,52.4,34.8,1015.7,1015.5,-5.5,357.98,-0.01,32.5557,8.8508,618.4,60.0,1482.727, NAN, NAN, NAN, NAN,,2024/04/20 08:27:49.271,2024-04-20 08:27:49.271000+00:00
2024/04/20, 08:28:49.271,38.252,-73.376,11.36,22.44,23.86,10.51,9.3,9.4,1013.5,1013.5,0.0,0.0,85.13,78.53,10,4,7.7,7.5,100.0,100.0,2.5,2.1,50.6,32.2,1015.6,1015.6,-5.42,358.67,-0.01,32.5457,8.779,633.7,60.3,1482.447, NAN, NAN, NAN, NAN,,2024/04/20 08:28:49.271,2024-04-20 08:28:49.271000+00:00
2024/04/20, 08:29:49.271,38.254,-73.375,11.08,22.07,24.7,9.93,9.4,9.4,1013.5,1013.6,0.0,0.0,85.13,78.53,10,3,7.4,7.2,100.0,100.0,2.4,2.1,46.5,24.5,1015.6,1015.7,-5.45,359.24,-0.01,32.5343,8.7365,645.9,60.2,1482.275, NAN, NAN, NAN, NAN,,2024/04/20 08:29:49.271,2024-04-20 08:29:49.271000+00:00
2024/04/20, 08:30:49.271,38.257,-73.373,11.29,21.51,22.88,10.33,9.3,9.4,1013.5,1013.6,0.0,0.0,85.13,78.53,10,3,7.7,7.4,100.0,100.0,2.5,2.1,46.6,24.8,1015.6,1015.7,-5.48,359.42,-0.01,32.5213,8.7368,657.4,60.3,1482.26, NAN, NAN, NAN, NAN,,2024/04/20 08:30:49.271,2024-04-20 08:30:49.271000+00:00
2024/04/20, 08:31:49.271,38.26,-73.372,11.15,23.25,22.51,10.65,9.3,9.3,1013.5,1013.4,0.0,0.0,85.13,78.53,8,3,7.4,7.3,100.0,100.0,2.2,1.9,54.4,37.8,1015.6,1015.5,-5.42,359.2,-0.02,32.5099,8.7524,639.2,60.4,1482.304, NAN, NAN, NAN, NAN,,2024/04/20 08:31:49.271,2024-04-20 08:31:49.271000+00:00
2024/04/20, 08:32:49.271,38.262,-73.37,11.26,24.03,27.84,10.77,9.3,9.4,1013.6,1013.4,0.0,0.0,85.13,78.53,10,5,7.6,7.5,100.0,100.0,2.4,2.1,60.6,46.0,1015.7,1015.5,-5.45,358.04,-0.01,32.5108,8.7616,649.9,60.6,1482.339, NAN, NAN, NAN, NAN,,2024/04/20 08:32:49.271,2024-04-20 08:32:49.271000+00:00
2024/04/20, 08:33:49.271,38.265,-73.369,11.47,21.77,21.97,10.91,9.3,9.4,1013.4,1013.4,0.0,0.0,85.13,78.53,11,4,7.7,7.5,100.0,100.0,2.5,2.0,59.1,37.8,1015.5,1015.5,-5.42,357.0,-0.01,32.5173,8.7805,635.5,60.5,1482.418, NAN, NAN, NAN, NAN,,2024/04/20 08:33:49.271,2024-04-20 08:33:49.271000+00:00
2024/04/20, 08:34:49.271,38.268,-73.367,11.56,22.07,22.51,10.89,9.3,9.4,1013.6,1013.7,0.0,0.0,85.13,78.53,13,4,7.9,7.2,100.0,100.0,2.9,1.7,65.2,45.7,1015.7,1015.8,-5.47,356.76,-0.02,32.5299,8.7588,650.2,60.5,1482.352, NAN, NAN, NAN, NAN,,2024/04/20 08:34:49.271,2024-04-20 08:34:49.271000+00:00
2024/04/20, 08:35:49.271,38.27,-73.366,11.49,23.49,24.98,11.15,9.3,9.4,1013.7,1013.4,0.0,0.0,85.13,78.53,14,7,7.7,7.5,100.0,100.0,2.6,2.0,72.2,54.6,1015.8,1015.5,-5.39,355.0,-0.01,32.5355,8.7598,641.9,60.7,1482.363, NAN, NAN, NAN, NAN,,2024/04/20 08:35:49.271,2024-04-20 08:35:49.271000+00:00
2024/04/20, 08:36:49.272,38.273,-73.364,11.83,21.78,25.44,10.64,9.3,9.4,1013.5,1013.4,0.0,0.0,85.13,78.53,15,11,7.5,7.4,100.0,100.0,2.4,2.1,64.6,53.7,1015.6,1015.5,-5.46,352.66,-0.01,32.5524,8.7605,640.1,60.9,1482.386, NAN, NAN, NAN, NAN,,2024/04/20 08:36:49.272,2024-04-20 08:36:49.272000+00:00
2024/04/20, 08:37:49.272,38.276,-73.363,11.81,22.52,21.3,10.37,9.3,9.3,1013.6,1013.4,0.0,0.0,85.13,78.53,16,11,7.5,7.5,100.0,100.0,2.8,2.5,69.9,57.2,1015.7,1015.5,-5.44,351.13,-0.02,32.5712,8.774,628.1,60.9,1482.46, NAN, NAN, NAN, NAN,,2024/04/20 08:37:49.272,2024-04-20 08:37:49.272000+00:00
2024/04/20, 08:38:49.272,38.279,-73.362,11.54,23.58,20.34,10.84,9.3,9.4,1013.3,1013.5,0.0,0.0,85.13,78.53,17,11,7.8,7.3,100.0,100.0,3.2,2.3,76.7,69.2,1015.4,1015.6,-5.55,349.61,-0.01,32.5885,8.7979,632.1,60.8,1482.57, NAN, NAN, NAN, NAN,,2024/04/20 08:38:49.272,2024-04-20 08:38:49.272000+00:00
2024/04/20, 08:39:49.272,38.281,-73.36,11.47,23.54,22.19,10.97,9.3,9.4,1013.6,1013.6,0.0,0.0,85.13,78.53,17,10,7.7,7.3,100.0,100.0,2.9,2.0,76.5,63.5,1015.7,1015.7,-5.5,348.89,-0.01,32.603,8.8311,633.4,60.6,1482.711, NAN, NAN, NAN, NAN,,2024/04/20 08:39:49.272,2024-04-20 08:39:49.272000+00:00
2024/04/20, 08:40:49.272,38.284,-73.358,11.58,22.42,16.7,10.44,9.3,9.4,1013.5,1013.4,0.0,0.0,85.13,78.53,13,10,7.2,7.3,100.0,100.0,2.4,2.3,69.7,60.6,1015.6,1015.5,-5.55,348.11,-0.01,32.5993,8.8781,622.7,60.7,1482.882, NAN, NAN, NAN, NAN,,2024/04/20 08:40:49.272,2024-04-20 08:40:49.272000+00:00
2024/04/20, 08:41:49.272,38.287,-73.357,11.6,22.23,21.93,10.93,9.3,9.4,1013.6,1013.4,0.0,0.0,85.13,78.53,14,8,7.3,7.1,100.0,100.0,2.4,1.8,74.7,60.8,1015.7,1015.5,-5.54,347.89,-0.01,32.6138,8.9213,625.4,60.7,1483.06, NAN, NAN, NAN, NAN,,2024/04/20 08:41:49.272,2024-04-20 08:41:49.272000+00:00
2024/04/20, 08:42:49.272,38.29,-73.355,11.89,22.25,25.38,10.99,9.3,9.4,1013.4,1013.6,0.0,0.0,85.13,78.53,15,7,7.4,7.0,100.0,100.0,2.2,1.4,69.6,45.9,1015.5,1015.7,-5.6,347.95,-0.01,32.6627,8.9032,612.3,61.0,1483.053, NAN, NAN, NAN, NAN,,2024/04/20 08:42:49.272,2024-04-20 08:42:49.272000+00:00
2024/04/20, 08:43:49.272,38.292,-73.354,11.78,23.07,26.96,11.02,9.4,9.5,1013.6,1013.7,0.0,0.0,85.13,78.53,14,8,7.2,6.7,100.0,100.0,2.0,1.2,72.6,60.4,1015.7,1015.8,-5.61,348.53,-0.01,32.6995,8.9227,608.6,60.9,1483.17, NAN, NAN, NAN, NAN,,2024/04/20 08:43:49.272,2024-04-20 08:43:49.272000+00:00
2024/04/20, 08:44:49.272,38.295,-73.352,11.66,21.78,18.97,10.57,9.4,9.5,1013.6,1013.5,0.0,0.0,85.13,78.53,17,11,7.1,6.7,100.0,100.0,2.6,1.8,80.6,73.4,1015.7,1015.6,-5.66,349.09,-0.01,32.7417,8.9748,591.2,60.9,1483.415, NAN, NAN, NAN, NAN,,2024/04/20 08:44:49.272,2024-04-20 08:44:49.272000+00:00
2024/04/20, 08:45:49.272,38.298,-73.351,11.42,23.36,17.74,10.57,9.5,9.5,1013.8,1013.5,0.0,0.0,85.13,78.53,19,14,7.0,6.6,100.0,100.0,2.7,2.0,86.9,83.7,1015.9,1015.6,-5.68,349.37,-0.01,32.8143,9.0609,579.3,60.8,1483.823, NAN, NAN, NAN, NAN,,2024/04/20 08:45:49.272,2024-04-20 08:45:49.272000+00:00
2024/04/20, 08:46:49.272,38.3,-73.349,11.63,21.98,20.72,10.6,9.5,9.6,1013.5,1013.4,0.0,0.0,85.13,78.53,19,13,6.8,6.6,100.0,100.0,2.5,1.9,89.1,80.3,1015.6,1015.5,-5.64,349.41,-0.01,32.8101,9.1009,571.5,61.0,1483.966, NAN, NAN, NAN, NAN,,2024/04/20 08:46:49.272,2024-04-20 08:46:49.272000+00:00
2024/04/20, 08:47:49.272,38.303,-73.348,11.53,23.15,25.97,10.46,9.5,9.6,1013.6,1013.4,0.0,0.0,85.13,78.53,18,14,6.8,6.7,100.0,100.0,2.2,1.8,82.5,73.7,1015.7,1015.5,-5.66,349.28,-0.01,32.9226,9.3312,556.3,61.1,1484.951, NAN, NAN, NAN, NAN,,2024/04/20 08:47:49.272,2024-04-20 08:47:49.272000+00:00
2024/04/20, 08:48:49.272,38.306,-73.346,11.6,22.76,20.95,10.92,9.6,9.6,1013.6,1013.7,0.0,0.0,85.13,78.53,18,11,6.8,6.6,100.0,100.0,2.3,1.6,91.1,79.4,1015.7,1015.8,-5.68,349.02,-0.01,32.9988,9.8263,545.9,61.1,1486.85, NAN, NAN, NAN, NAN,,2024/04/20 08:48:49.272,2024-04-20 08:48:49.272000+00:00
2024/04/20, 08:49:49.272,38.309,-73.345,11.62,23.0,32.86,11.12,9.6,9.6,1013.4,1013.5,0.0,0.0,85.13,78.53,15,10,7.0,6.7,100.0,100.0,1.7,1.1,73.9,59.3,1015.5,1015.6,-5.7,348.64,-0.02,33.037,10.2099,525.2,61.1,1488.281, NAN, NAN, NAN, NAN,,2024/04/20 08:49:49.272,2024-04-20 08:49:49.272000+00:00
2024/04/20, 08:50:49.272,38.311,-73.343,11.49,23.54,20.36,10.56,9.6,9.6,1013.6,1013.6,0.0,0.0,85.13,78.53,13,6,6.9,6.5,100.0,100.0,2.1,1.3,74.4,58.4,1015.7,1015.7,-5.66,348.5,-0.02,33.2122,10.4004,518.2,61.1,1489.175, NAN, NAN, NAN, NAN,,2024/04/20 08:50:49.272,2024-04-20 08:50:49.272000+00:00
2024/04/20, 08:51:49.273,38.314,-73.342,11.63,21.75,28.45,10.94,9.6,9.6,1013.7,1013.4,0.0,0.0,85.13,78.53,14,8,6.8,6.6,100.0,100.0,1.7,1.1,75.2,54.8,1015.8,1015.5,-5.77,348.21,-0.02,33.3754,10.4875,502.8,61.5,1489.683, NAN, NAN, NAN, NAN,,2024/04/20 08:51:49.273,2024-04-20 08:51:49.273000+00:00
2024/04/20, 08:52:49.273,38.317,-73.34,11.64,23.25,25.86,11.05,9.6,9.6,1013.4,1013.7,0.0,0.0,85.13,78.53,12,6,6.9,6.5,100.0,100.0,1.7,1.0,73.8,58.0,1015.5,1015.8,-5.67,348.29,-0.01,33.4647,10.4646,491.0,61.7,1489.71, NAN, NAN, NAN, NAN,,2024/04/20 08:52:49.273,2024-04-20 08:52:49.273000+00:00
2024/04/20, 08:53:49.273,38.32,-73.338,11.75,23.16,19.98,10.79,9.6,9.6,1013.6,1013.7,0.0,0.0,85.13,78.53,14,6,7.0,6.6,100.0,100.0,2.0,1.2,75.4,54.0,1015.7,1015.8,-5.63,348.26,-0.01,33.5098,10.4746,484.9,61.5,1489.8, NAN, NAN, NAN, NAN,,2024/04/20 08:53:49.273,2024-04-20 08:53:49.273000+00:00
2024/04/20, 08:54:49.273,38.322,-73.337,11.69,22.22,22.73,10.67,9.6,9.6,1013.6,1013.4,0.0,0.0,85.13,78.53,10,3,6.9,6.6,100.0,100.0,1.6,1.1,59.2,29.2,1015.7,1015.5,-5.67,347.7,-0.01,33.5176,10.5341,481.2,61.6,1490.021, NAN, NAN, NAN, NAN,,2024/04/20 08:54:49.273,2024-04-20 08:54:49.273000+00:00
2024/04/20, 08:55:49.273,38.325,-73.335,11.77,22.22,20.86,10.89,9.6,9.6,1013.6,1013.5,0.0,0.0,85.13,78.53,10,3,7.0,6.7,100.0,100.0,1.8,1.2,66.3,41.9,1015.7,1015.6,-5.69,347.34,-0.02,33.4984,10.547,481.9,61.8,1490.044, NAN, NAN, NAN, NAN,,2024/04/20 08:55:49.273,2024-04-20 08:55:49.273000+00:00
2024/04/20, 08:56:49.273,38.328,-73.334,11.58,23.64,20.61,10.57,9.5,9.5,1013.8,1013.7,0.0,0.0,85.13,78.53,9,1,6.7,6.3,100.0,100.0,1.7,0.9,68.1,38.3,1015.9,1015.8,-5.64,347.19,-0.02,33.5396,10.5375,477.6,61.6,1490.06, NAN, NAN, NAN, NAN,,2024/04/20 08:56:49.273,2024-04-20 08:56:49.273000+00:00
2024/04/20, 08:57:49.273,38.331,-73.332,11.77,23.33,25.67,11.03,9.5,9.5,1013.7,1013.6,0.0,0.0,85.13,78.53,9,2,6.9,6.7,100.0,100.0,1.5,1.0,64.5,32.1,1015.8,1015.7,-5.7,347.81,-0.02,33.5592,10.5309,479.2,61.5,1490.06, NAN, NAN, NAN, NAN,,2024/04/20 08:57:49.273,2024-04-20 08:57:49.273000+00:00
2024/04/20, 08:58:49.273,38.333,-73.331,11.73,23.46,25.77,10.83,9.5,9.5,1013.6,1013.5,0.0,0.0,85.13,78.53,9,4,6.8,6.8,100.0,100.0,1.6,1.3,66.7,45.4,1015.7,1015.6,-5.57,350.87,-0.02,33.5603,10.52,474.5,61.7,1490.023, NAN, NAN, NAN, NAN,,2024/04/20 08:58:49.273,2024-04-20 08:58:49.273000+00:00
2024/04/20, 08:59:49.273,38.336,-73.329,11.66,22.2,24.1,10.66,9.5,9.5,1013.5,1013.5,0.0,0.0,85.13,78.53,7,2,6.5,6.5,100.0,100.0,1.1,1.0,53.4,23.7,1015.6,1015.6,-5.54,352.03,-0.01,33.5557,10.5141,473.6,61.6,1489.996, NAN, NAN, NAN, NAN,,2024/04/20 08:59:49.273,2024-04-20 08:59:49.273000+00:00
2024/04/20, 09:00:49.273,38.339,-73.328,11.81,23.46,24.76,11.04,9.5,9.5,1013.4,1013.7,0.0,0.0,85.13,78.53,8,2,6.9,6.6,100.0,100.0,1.4,0.9,59.3,30.1,1015.5,1015.8,-5.61,356.92,-0.01,33.5597,10.5351,471.8,61.9,1490.076, NAN, NAN, NAN, NAN,,2024/04/20 09:00:49.273,2024-04-20 09:00:49.273000+00:00
2024/04/20, 09:01:49.273,38.342,-73.326,11.98,22.48,23.23,11.4,9.5,9.6,1013.6,1013.4,0.0,0.0,85.13,78.53,4,357,6.8,6.6,100.0,100.0,1.2,0.7,59.8,13.8,1015.7,1015.5,-5.6,365.99,-0.01,33.5592,10.6283,469.6,61.9,1490.406, NAN, NAN, NAN, NAN,,2024/04/20 09:01:49.273,2024-04-20 09:01:49.273000+00:00
2024/04/20, 09:02:49.273,38.345,-73.325,11.65,23.2,16.96,10.46,9.6,9.6,1013.6,1013.4,0.0,0.0,85.13,78.53,5,358,6.6,6.5,100.0,100.0,1.5,1.1,58.3,25.5,1015.7,1015.5,-5.49,370.56,-0.02,33.5661,10.8985,468.8,61.9,1491.369, NAN, NAN, NAN, NAN,,2024/04/20 09:02:49.273,2024-04-20 09:02:49.273000+00:00
2024/04/20, 09:03:49.273,38.347,-73.323,11.45,23.77,22.83,10.63,9.6,9.7,1013.7,1013.6,0.0,0.0,85.13,78.53,359,355,6.5,6.4,100.0,100.0,1.0,1.1,18.4,353.1,1015.8,1015.7,-5.34,371.63,-0.02,33.5786,11.0136,461.7,62.2,1491.789, NAN, NAN, NAN, NAN,,2024/04/20 09:03:49.273,2024-04-20 09:03:49.273000+00:00
2024/04/20, 09:04:49.273,38.35,-73.322,11.56,22.54,26.84,10.42,9.7,9.7,1013.6,1013.5,0.0,0.0,85.13,78.53,359,353,6.3,6.4,100.0,100.0,1.0,1.3,8.5,340.3,1015.7,1015.6,-5.36,373.88,-0.01,33.636,11.0476,451.3,62.2,1491.978, NAN, NAN, NAN, NAN,,2024/04/20 09:04:49.273,2024-04-20 09:04:49.273000+00:00
2024/04/20, 09:05:49.273,38.353,-73.32,11.45,23.42,24.57,10.69,9.7,9.7,1013.5,1013.8,0.0,0.0,85.13,78.53,1,354,6.4,6.3,100.0,100.0,0.9,1.0,34.7,346.0,1015.6,1015.9,-5.28,374.9,-0.02,33.6811,11.0396,447.3,62.2,1492.004, NAN, NAN, NAN, NAN,,2024/04/20 09:05:49.273,2024-04-20 09:05:49.273000+00:00
2024/04/20, 09:06:49.273,38.356,-73.319,11.43,23.52,22.55,10.5,9.7,9.7,1013.7,1013.8,0.0,0.0,85.13,78.53,355,348,6.1,6.1,100.0,100.0,0.8,1.3,351.5,319.7,1015.8,1015.9,-5.26,375.83,-0.01,33.6699,11.0007,441.6,62.3,1491.854, NAN, NAN, NAN, NAN,,2024/04/20 09:06:49.273,2024-04-20 09:06:49.273000+00:00
2024/04/20, 09:07:49.273,38.358,-73.317,11.71,22.77,22.5,10.74,9.7,9.7,1013.8,1013.6,0.0,0.0,85.13,78.53,354,350,6.1,6.3,100.0,100.0,0.9,1.3,332.4,324.3,1015.9,1015.7,-5.31,374.94,-0.01,33.6502,10.9601,436.9,62.4,1491.688, NAN, NAN, NAN, NAN,,2024/04/20 09:07:49.273,2024-04-20 09:07:49.273000+00:00
2024/04/20, 09:08:49.274,38.361,-73.316,11.7,23.37,20.32,10.75,9.7,9.7,1013.8,1013.8,0.0,0.0,85.13,78.53,353,348,6.0,5.9,100.0,100.0,0.7,1.1,332.6,307.0,1015.9,1015.9,-5.28,376.02,-0.01,33.6263,10.9214,444.3,62.3,1491.523, NAN, NAN, NAN, NAN,,2024/04/20 09:08:49.274,2024-04-20 09:08:49.274000+00:00
2024/04/20, 09:09:49.274,38.364,-73.314,11.63,23.94,23.26,10.72,9.6,9.7,1013.9,1014.0,0.0,0.0,85.13,78.53,357,351,7.0,6.7,100.0,100.0,1.6,1.6,5.7,337.4,1016.0,1016.1,-5.3,374.11,-0.01,33.595,10.8696,442.8,62.4,1491.302, NAN, NAN, NAN, NAN,,2024/04/20 09:09:49.274,2024-04-20 09:09:49.274000+00:00
2024/04/20, 09:10:49.274,38.367,-73.313,11.82,23.64,24.45,11.05,9.6,9.6,1013.8,1013.8,0.0,0.0,85.13,78.53,353,347,6.3,6.2,100.0,100.0,0.9,1.4,332.8,308.8,1015.9,1015.9,-5.27,371.77,-0.01,33.5664,10.8327,446.7,62.3,1491.138, NAN, NAN, NAN, NAN,,2024/04/20 09:10:49.274,2024-04-20 09:10:49.274000+00:00
2024/04/20, 09:11:49.274,38.37,-73.311,11.76,24.17,23.25,11.04,9.5,9.5,1013.9,1013.7,0.0,0.0,85.13,78.53,352,347,6.0,6.1,100.0,100.0,0.6,1.1,320.6,308.4,1016.0,1015.8,-5.28,370.25,-0.02,33.5348,10.8485,451.0,62.2,1491.155, NAN, NAN, NAN, NAN,,2024/04/20 09:11:49.274,2024-04-20 09:11:49.274000+00:00
2024/04/20, 09:12:49.274,38.372,-73.31,11.75,23.36,19.33,10.93,9.5,9.4,1013.8,1013.6,0.0,0.0,85.13,78.53,354,349,6.1,6.2,100.0,100.0,0.5,0.9,356.0,324.9,1015.9,1015.7,-5.28,365.15,-0.02,33.5069,10.8368,453.4,62.4,1491.08, NAN, NAN, NAN, NAN,,2024/04/20 09:12:49.274,2024-04-20 09:12:49.274000+00:00
2024/04/20, 09:13:49.274,38.375,-73.308,11.72,23.83,28.63,11.15,9.4,9.3,1013.7,1013.7,0.0,0.0,85.13,78.53,353,347,6.3,6.3,100.0,100.0,0.9,1.5,328.5,310.0,1015.8,1015.8,-5.33,364.05,-0.01,33.5034,10.7859,458.0,62.4,1490.897, NAN, NAN, NAN, NAN,,2024/04/20 09:13:49.274,2024-04-20 09:13:49.274000+00:00
2024/04/20, 09:14:49.274,38.378,-73.307,11.66,23.56,16.74,11.03,9.3,9.3,1013.8,1013.7,0.0,0.0,85.13,78.53,353,345,6.4,6.4,100.0,100.0,0.8,1.4,353.1,315.8,1015.9,1015.8,-5.34,362.81,-0.02,33.4999,10.7314,450.4,62.4,1490.7, NAN, NAN, NAN, NAN,,2024/04/20 09:14:49.274,2024-04-20 09:14:49.274000+00:00
2024/04/20, 09:15:49.274,38.381,-73.306,11.76,22.45,21.49,10.73,9.2,9.2,1014.0,1013.7,0.0,0.0,85.13,78.53,351,346,6.5,6.5,100.0,100.0,1.4,1.9,331.2,317.7,1016.1,1015.8,-5.35,363.33,-0.02,33.4758,10.6793,446.4,62.6,1490.486, NAN, NAN, NAN, NAN,,2024/04/20 09:15:49.274,2024-04-20 09:15:49.274000+00:00
2024/04/20, 09:16:49.274,38.384,-73.304,11.58,24.0,25.33,11.03,9.2,9.2,1013.7,1013.8,0.0,0.0,85.13,78.53,352,347,6.5,6.4,100.0,100.0,1.1,1.4,338.0,317.1,1015.8,1015.9,-5.41,363.9,-0.02,33.4435,10.6312,450.7,62.4,1490.276, NAN, NAN, NAN, NAN,,2024/04/20 09:16:49.274,2024-04-20 09:16:49.274000+00:00
2024/04/20, 09:17:49.274,38.386,-73.303,11.54,23.32,23.51,10.98,9.2,9.2,1013.9,1013.6,0.0,0.0,85.13,78.53,352,346,6.5,6.5,100.0,100.0,1.2,1.7,336.2,316.9,1016.0,1015.7,-5.4,365.1,-0.01,33.413,10.5316,463.2,62.5,1489.886, NAN, NAN, NAN, NAN,,2024/04/20 09:17:49.274,2024-04-20 09:17:49.274000+00:00
2024/04/20, 09:18:49.274,38.389,-73.301,11.6,24.35,21.98,11.05,9.1,9.1,1013.8,1013.7,0.0,0.0,85.13,78.53,354,348,6.5,6.5,100.0,100.0,0.9,1.3,356.6,326.5,1015.9,1015.8,-5.35,365.45,-0.01,33.3877,10.4163,461.7,62.5,1489.444, NAN, NAN, NAN, NAN,,2024/04/20 09:18:49.274,2024-04-20 09:18:49.274000+00:00
2024/04/20, 09:19:49.274,38.392,-73.3,11.59,23.54,24.52,10.95,9.1,9.1,1013.6,1013.7,0.0,0.0,85.13,78.53,355,349,6.4,6.4,100.0,100.0,0.9,1.3,351.7,323.7,1015.7,1015.8,-5.31,363.45,-0.01,33.3473,10.3266,467.8,62.7,1489.075, NAN, NAN, NAN, NAN,,2024/04/20 09:19:49.274,2024-04-20 09:19:49.274000+00:00
2024/04/20, 09:20:49.274,38.395,-73.298,11.8,22.8,18.54,11.09,9.0,9.0,1013.6,1013.7,0.0,0.0,85.13,78.53,357,352,6.8,6.6,100.0,100.0,1.1,1.0,22.9,349.3,1015.7,1015.8,-5.35,364.62,-0.01,33.2966,10.253,476.9,62.7,1488.75, NAN, NAN, NAN, NAN,,2024/04/20 09:20:49.274,2024-04-20 09:20:49.274000+00:00
2024/04/20, 09:21:49.274,38.398,-73.297,11.86,23.84,21.61,11.11,9.0,9.0,1013.8,1013.8,0.0,0.0,85.13,78.53,359,353,6.9,6.7,100.0,100.0,1.2,1.2,20.2,344.4,1015.9,1015.9,-5.34,366.52,-0.01,33.2507,10.1983,480.9,62.7,1488.498, NAN, NAN, NAN, NAN,,2024/04/20 09:21:49.274,2024-04-20 09:21:49.274000+00:00
2024/04/20, 09:22:49.274,38.4,-73.295,11.7,23.96,22.56,10.85,8.9,9.0,1013.8,1013.7,0.0,0.0,85.13,78.53,358,353,6.7,6.5,100.0,100.0,1.1,1.2,13.4,342.7,1015.9,1015.8,-5.35,367.04,-0.01,33.2114,10.1441,491.3,62.6,1488.256, NAN, NAN, NAN, NAN,,2024/04/20 09:22:49.274,2024-04-20 09:22:49.274000+00:00
2024/04/20, 09:23:49.274,38.403,-73.294,11.81,23.54,21.68,10.95,8.9,8.9,1013.7,1013.6,0.0,0.0,85.13,78.53,0,355,6.7,6.7,100.0,100.0,1.1,1.1,29.5,359.3,1015.8,1015.7,-5.23,366.65,-0.01,33.185,10.0811,491.0,62.7,1487.997, NAN, NAN, NAN, NAN,,2024/04/20 09:23:49.274,2024-04-20 09:23:49.274000+00:00
2024/04/20, 09:24:49.275,38.406,-73.292,11.8,22.99,23.49,11.07,8.9,8.9,1013.7,1013.7,0.0,0.0,85.13,78.53,2,356,6.8,6.4,100.0,100.0,1.2,0.7,44.0,2.6,1015.8,1015.8,-5.27,366.84,-0.01,33.1611,10.0456,492.3,62.7,1487.84, NAN, NAN, NAN, NAN,,2024/04/20 09:24:49.275,2024-04-20 09:24:49.275000+00:00
2024/04/20, 09:25:49.275,38.409,-73.291,11.72,23.59,22.34,10.72,8.8,8.8,1013.7,1013.7,0.0,0.0,85.13,78.53,4,358,6.7,6.5,100.0,100.0,1.3,1.0,48.0,14.3,1015.8,1015.8,-5.27,366.8,-0.01,33.1392,10.0047,513.2,62.5,1487.666, NAN, NAN, NAN, NAN,,2024/04/20 09:25:49.275,2024-04-20 09:25:49.275000+00:00
2024/04/20, 09:26:49.275,38.412,-73.289,11.73,23.73,23.81,11.24,8.8,8.8,1013.7,1013.7,0.0,0.0,85.13,78.53,6,359,6.7,6.4,100.0,100.0,1.3,0.6,70.1,34.9,1015.8,1015.8,-5.28,367.42,-0.01,33.123,10.0104,517.2,62.4,1487.667, NAN, NAN, NAN, NAN,,2024/04/20 09:26:49.275,2024-04-20 09:26:49.275000+00:00
2024/04/20, 09:27:49.275,38.414,-73.288,11.82,23.76,22.6,11.2,8.8,8.8,1013.8,1013.7,0.0,0.0,85.13,78.53,7,2,6.8,6.6,100.0,100.0,1.4,0.9,68.2,47.9,1015.9,1015.8,-5.33,367.38,-0.01,33.1084,9.9936,535.2,62.5,1487.589, NAN, NAN, NAN, NAN,,2024/04/20 09:27:49.275,2024-04-20 09:27:49.275000+00:00
2024/04/20, 09:28:49.275,38.417,-73.287,11.71,23.24,24.11,11.09,8.8,8.9,1013.8,1013.6,0.0,0.0,85.13,78.53,9,2,6.8,6.6,100.0,100.0,1.6,1.0,72.6,44.8,1015.9,1015.7,-5.29,367.0,-0.01,33.104,9.9517,521.9,62.5,1487.432, NAN, NAN, NAN, NAN,,2024/04/20 09:28:49.275,2024-04-20 09:28:49.275000+00:00
2024/04/20, 09:29:49.275,38.42,-73.285,11.9,22.74,21.06,11.34,8.8,8.8,1013.6,1013.6,0.0,0.0,85.13,78.53,10,4,7.0,6.8,100.0,100.0,1.8,1.2,75.8,58.2,1015.7,1015.7,-5.34,365.21,-0.01,33.098,9.8889,520.0,62.3,1487.198, NAN, NAN, NAN, NAN,,2024/04/20 09:29:49.275,2024-04-20 09:29:49.275000+00:00
2024/04/20, 09:30:49.275,38.423,-73.284,11.65,23.89,20.35,10.96,8.8,8.8,1013.6,1013.6,0.0,0.0,85.13,78.53,11,3,6.9,6.4,100.0,100.0,2.0,1.0,78.4,63.3,1015.7,1015.7,-5.3,366.67,-0.01,33.0838,9.799,531.3,62.3,1486.855, NAN, NAN, NAN, NAN,,2024/04/20 09:30:49.275,2024-04-20 09:30:49.275000+00:00
2024/04/20, 09:31:49.275,38.426,-73.282,11.64,23.85,21.09,10.81,8.8,8.9,1013.6,1013.4,0.0,0.0,85.13,78.53,8,3,6.6,6.5,100.0,100.0,1.5,1.1,71.3,51.5,1015.7,1015.5,-5.3,367.85,-0.01,33.0556,9.7135,548.4,62.1,1486.51, NAN, NAN, NAN, NAN,,2024/04/20 09:31:49.275,2024-04-20 09:31:49.275000+00:00
2024/04/20, 09:32:49.275,38.429,-73.281,11.7,22.93,20.19,11.22,8.8,8.9,1013.6,1013.4,0.0,0.0,85.13,78.53,8,1,6.5,6.3,100.0,100.0,1.5,0.8,85.5,66.8,1015.7,1015.5,-5.32,368.62,-0.01,33.0211,9.6258,541.1,61.9,1486.149, NAN, NAN, NAN, NAN,,2024/04/20 09:32:49.275,2024-04-20 09:32:49.275000+00:00
2024/04/20, 09:33:49.275,38.432,-73.279,11.58,22.79,23.31,11.12,8.8,8.9,1013.6,1013.7,0.0,0.0,85.13,78.53,7,0,6.2,5.9,100.0,100.0,0.9,0.2,83.9,34.7,1015.7,1015.8,-5.28,368.85,0.0,32.9869,9.5702,554.8,62.0,1485.905, NAN, NAN, NAN, NAN,,2024/04/20 09:33:49.275,2024-04-20 09:33:49.275000+00:00
2024/04/20, 09:34:49.275,38.434,-73.278,11.74,23.1,15.72,10.77,8.9,8.9,1013.6,1013.7,0.0,0.0,85.13,78.53,2,357,6.2,6.0,100.0,100.0,0.9,0.5,64.9,31.8,1015.7,1015.8,-5.28,369.58,0.01,32.9596,9.5149,565.2,62.0,1485.669, NAN, NAN, NAN, NAN,,2024/04/20 09:34:49.275,2024-04-20 09:34:49.275000+00:00
2024/04/20, 09:35:49.275,38.437,-73.276,11.56,23.75,22.0,10.83,8.9,8.9,1013.7,1013.7,0.0,0.0,85.13,78.53,2,356,6.0,5.9,100.0,100.0,0.5,0.5,56.1,336.3,1015.8,1015.8,-5.3,370.04,0.0,32.9315,9.4617,576.9,62.0,1485.441, NAN, NAN, NAN, NAN,,2024/04/20 09:35:49.275,2024-04-20 09:35:49.275000+00:00
2024/04/20, 09:36:49.275,38.44,-73.275,11.72,23.42,20.18,11.25,8.9,8.9,1013.6,1013.6,0.0,0.0,85.13,78.53,2,356,6.0,5.9,100.0,100.0,0.5,0.2,86.7,323.2,1015.7,1015.7,-5.27,368.34,0.02,32.9058,9.3972,574.2,61.9,1485.173, NAN, NAN, NAN, NAN,,2024/04/20 09:36:49.275,2024-04-20 09:36:49.275000+00:00
2024/04/20, 09:37:49.275,38.443,-73.273,11.71,23.49,20.68,11.3,8.9,8.9,1013.7,1013.7,0.0,0.0,85.13,78.53,3,354,6.0,5.8,100.0,100.0,0.7,0.3,96.7,287.2,1015.8,1015.8,-5.31,366.53,0.02,32.881,9.3155,572.9,62.1,1484.843, NAN, NAN, NAN, NAN,,2024/04/20 09:37:49.275,2024-04-20 09:37:49.275000+00:00
2024/04/20, 09:38:49.275,38.446,-73.272,11.87,27.2,23.81,11.19,8.9,8.9,1013.7,1013.7,0.0,0.0,85.13,78.53,2,357,6.2,6.0,100.0,100.0,0.6,0.3,72.1,8.4,1015.8,1015.8,-5.34,367.04,0.03,32.8531,9.2494,587.6,61.9,1484.566, NAN, NAN, NAN, NAN,,2024/04/20 09:38:49.275,2024-04-20 09:38:49.275000+00:00
2024/04/20, 09:39:49.275,38.449,-73.27,11.8,27.34,26.86,11.13,8.9,8.9,1013.7,1013.7,0.0,0.0,85.13,78.53,2,356,6.1,5.9,100.0,100.0,0.4,0.4,59.6,320.4,1015.8,1015.8,-5.37,367.95,0.04,32.8226,9.1582,603.2,62.2,1484.192, NAN, NAN, NAN, NAN,,2024/04/20 09:39:49.275,2024-04-20 09:39:49.275000+00:00
2024/04/20, 09:40:49.276,38.451,-73.268,11.89,27.63,26.28,11.12,8.9,8.9,1013.8,1013.8,0.0,0.0,85.13,78.53,2,354,6.0,5.6,100.0,100.0,0.5,0.5,78.9,279.5,1015.9,1015.9,-5.25,369.25,0.05,32.7941,9.0541,601.2,62.0,1483.773, NAN, NAN, NAN, NAN,,2024/04/20 09:40:49.276,2024-04-20 09:40:49.276000+00:00
2024/04/20, 09:41:49.276,38.454,-73.267,11.73,27.04,28.69,11.09,8.8,8.9,1013.8,1013.8,0.0,0.0,85.13,78.53,1,356,5.9,5.6,100.0,100.0,0.2,0.5,20.7,284.7,1015.9,1015.9,-5.24,369.68,0.07,32.7655,8.9642,624.0,61.8,1483.405, NAN, NAN, NAN, NAN,,2024/04/20 09:41:49.276,2024-04-20 09:41:49.276000+00:00
2024/04/20, 09:42:49.276,38.457,-73.265,12.0,27.25,23.16,11.11,8.9,8.9,1013.7,1013.6,0.0,0.0,85.13,78.53,359,354,5.8,5.8,100.0,100.0,0.2,0.3,91.7,309.5,1015.8,1015.7,-5.28,367.98,0.09,32.7315,8.8595,638.2,61.8,1482.975, NAN, NAN, NAN, NAN,,2024/04/20 09:42:49.276,2024-04-20 09:42:49.276000+00:00
2024/04/20, 09:43:49.276,38.46,-73.263,11.87,26.95,25.61,11.21,8.8,8.9,1013.8,1013.7,0.0,0.0,85.13,78.53,0,354,5.9,5.7,100.0,100.0,0.2,0.5,58.6,286.7,1015.9,1015.8,-5.29,367.4,0.13,32.6981,8.7735,642.8,61.7,1482.614, NAN, NAN, NAN, NAN,,2024/04/20 09:43:49.276,2024-04-20 09:43:49.276000+00:00
2024/04/20, 09:44:49.276,38.462,-73.262,11.61,28.45,27.73,10.62,8.9,8.9,1013.7,1013.8,0.0,0.0,85.13,78.53,3,357,5.9,5.8,100.0,100.0,0.6,0.4,69.7,353.6,1015.8,1015.9,-5.27,366.84,0.17,32.6659,8.708,675.5,61.9,1482.33, NAN, NAN, NAN, NAN,,2024/04/20 09:44:49.276,2024-04-20 09:44:49.276000+00:00
2024/04/20, 09:45:49.276,38.465,-73.26,11.71,26.77,20.77,10.69,8.8,8.8,1013.8,1013.6,0.0,0.0,85.13,78.53,4,358,6.1,5.9,100.0,100.0,1.0,0.5,79.9,49.6,1015.9,1015.7,-5.26,365.99,0.23,32.6288,8.662,679.2,61.9,1482.113, NAN, NAN, NAN, NAN,,2024/04/20 09:45:49.276,2024-04-20 09:45:49.276000+00:00
2024/04/20, 09:46:49.276,38.468,-73.258,11.5,27.06,25.22,11.0,8.8,8.8,1013.9,1013.6,0.0,0.0,85.13,78.53,5,357,5.7,5.6,100.0,100.0,0.6,0.2,114.7,278.3,1016.0,1015.7,-5.3,366.1,0.3,32.5932,8.6382,692.6,61.8,1481.98, NAN, NAN, NAN, NAN,,2024/04/20 09:46:49.276,2024-04-20 09:46:49.276000+00:00
2024/04/20, 09:47:49.276,38.471,-73.256,11.57,40.3,38.53,10.96,8.8,8.8,1013.8,1013.8,0.0,0.0,85.13,78.53,6,0,5.8,5.6,100.0,100.0,0.9,0.3,121.5,134.6,1015.9,1015.9,-5.22,365.92,0.41,32.5634,8.6188,691.6,62.0,1481.871, NAN, NAN, NAN, NAN,,2024/04/20 09:47:49.276,2024-04-20 09:47:49.276000+00:00
2024/04/20, 09:48:49.276,38.473,-73.254,11.35,54.13,53.57,10.26,8.8,8.9,1013.7,1013.6,0.0,0.0,85.13,78.53,3,357,5.4,5.4,100.0,100.0,0.3,0.3,120.1,345.9,1015.8,1015.7,-5.26,365.68,0.53,32.5409,8.6014,700.8,62.1,1481.778, NAN, NAN, NAN, NAN,,2024/04/20 09:48:49.276,2024-04-20 09:48:49.276000+00:00
2024/04/20, 09:49:49.276,38.474,-73.25,11.41,58.4,60.51,10.75,8.9,8.9,1013.7,1013.7,0.0,0.0,85.13,78.53,5,359,5.5,5.4,100.0,100.0,0.3,0.3,157.2,305.9,1015.8,1015.8,-5.17,367.22,0.68,32.5224,8.5887,709.7,61.9,1481.708, NAN, NAN, NAN, NAN,,2024/04/20 09:49:49.276,2024-04-20 09:49:49.276000+00:00
2024/04/20, 09:50:49.276,38.476,-73.247,11.46,56.37,59.82,10.8,8.9,8.9,1013.7,1013.7,0.0,0.0,85.13,78.53,5,358,5.4,5.3,100.0,100.0,0.4,0.4,174.1,289.2,1015.8,1015.8,-5.01,368.08,0.86,32.5102,8.569,724.3,61.3,1481.619, NAN, NAN, NAN, NAN,,2024/04/20 09:50:49.276,2024-04-20 09:50:49.276000+00:00
2024/04/20, 09:51:49.276,38.477,-73.244,11.64,56.7,57.52,11.05,8.9,8.9,1013.7,1013.7,0.0,0.0,85.13,78.53,3,357,5.4,5.2,100.0,100.0,0.4,0.6,201.3,272.6,1015.8,1015.8,-5.13,368.66,1.04,32.4964,8.5382,762.2,61.5,1481.486, NAN, NAN, NAN, NAN,,2024/04/20 09:51:49.276,2024-04-20 09:51:49.276000+00:00
2024/04/20, 09:52:49.276,38.479,-73.24,11.71,56.65,57.23,10.92,8.9,8.9,1013.9,1013.6,0.0,0.0,85.13,78.53,3,356,5.1,5.1,100.0,100.0,0.6,0.7,217.2,276.6,1016.0,1015.7,-5.02,369.23,1.26,32.4856,8.5046,741.1,61.3,1481.347, NAN, NAN, NAN, NAN,,2024/04/20 09:52:49.276,2024-04-20 09:52:49.276000+00:00
2024/04/20, 09:53:49.276,38.48,-73.237,11.6,57.28,59.12,10.99,8.9,9.0,1013.9,1013.8,0.0,0.0,85.13,78.53,5,359,5.2,5.0,100.0,100.0,0.6,0.7,199.5,252.6,1016.0,1015.9,-4.97,369.64,1.44,32.4714,8.4358,756.0,61.3,1481.071, NAN, NAN, NAN, NAN,,2024/04/20 09:53:49.276,2024-04-20 09:53:49.276000+00:00
2024/04/20, 09:54:49.276,38.482,-73.234,11.71,57.01,60.66,11.05,9.0,9.0,1013.8,1013.8,0.0,0.0,85.13,78.53,6,358,5.3,5.1,100.0,100.0,0.5,0.7,197.2,271.3,1015.9,1015.9,-4.81,370.32,1.64,32.4546,8.3343,742.4,60.9,1480.668, NAN, NAN, NAN, NAN,,2024/04/20 09:54:49.276,2024-04-20 09:54:49.276000+00:00
2024/04/20, 09:55:49.276,38.484,-73.231,11.74,56.41,59.11,11.02,9.0,9.0,1013.7,1014.0,0.0,0.0,85.13,78.53,4,358,5.2,4.9,100.0,100.0,0.5,0.9,221.4,264.5,1015.8,1016.1,-4.76,371.31,1.88,32.4356,8.2475,729.6,61.0,1480.318, NAN, NAN, NAN, NAN,,2024/04/20 09:55:49.276,2024-04-20 09:55:49.276000+00:00
2024/04/20, 09:56:49.276,38.485,-73.227,11.87,56.87,58.92,10.56,9.0,9.0,1014.0,1014.0,0.0,0.0,85.13,78.53,3,357,5.0,4.7,100.0,100.0,0.4,0.9,239.0,272.6,1016.1,1016.1,-4.67,371.9,2.16,32.4125,8.206,724.3,60.9,1480.132, NAN, NAN, NAN, NAN,,2024/04/20 09:56:49.276,2024-04-20 09:56:49.276000+00:00
2024/04/20, 09:57:49.277,38.487,-73.224,11.7,56.91,62.16,10.82,9.0,9.1,1013.9,1013.7,0.0,0.0,85.13,78.53,3,358,4.7,4.7,100.0,100.0,0.9,1.0,242.4,266.9,1016.0,1015.8,-4.55,372.72,2.53,32.3855,8.2366,729.7,61.2,1480.214, NAN, NAN, NAN, NAN,,2024/04/20 09:57:49.277,2024-04-20 09:57:49.277000+00:00
2024/04/20, 09:58:49.277,38.488,-73.221,11.84,56.63,58.89,10.57,9.0,9.1,1013.8,1013.7,0.0,0.0,85.13,78.53,1,355,4.3,4.4,100.0,100.0,1.1,1.2,242.3,265.2,1015.9,1015.8,-4.4,373.47,2.87,32.3679,8.2954,715.5,61.0,1480.415, NAN, NAN, NAN, NAN,,2024/04/20 09:58:49.277,2024-04-20 09:58:49.277000+00:00
2024/04/20, 09:59:49.277,38.49,-73.218,11.56,57.29,57.81,10.95,9.1,9.1,1013.9,1013.8,0.0,0.0,85.13,78.53,2,355,4.5,4.3,100.0,100.0,1.1,1.4,231.4,254.4,1016.0,1015.9,-4.35,373.52,3.23,32.3678,8.3509,699.3,61.0,1480.624, NAN, NAN, NAN, NAN,,2024/04/20 09:59:49.277,2024-04-20 09:59:49.277000+00:00
2024/04/20, 10:00:49.277,38.492,-73.214,11.51,57.6,58.99,10.84,9.1,9.1,1014.1,1013.7,0.0,0.0,85.13,78.53,3,357,4.7,4.5,100.0,100.0,0.9,1.2,233.0,258.5,1016.2,1015.8,-4.27,373.35,3.64,32.3773,8.3764,698.7,61.5,1480.732, NAN, NAN, NAN, NAN,,2024/04/20 10:00:49.277,2024-04-20 10:00:49.277000+00:00
2024/04/20, 10:01:49.277,38.493,-73.211,11.62,56.22,55.82,10.86,9.1,9.1,1014.0,1014.0,0.0,0.0,85.13,78.53,3,355,5.0,4.7,100.0,100.0,0.6,1.0,218.7,264.6,1016.1,1016.1,-4.16,373.15,4.08,32.3877,8.3673,675.2,61.3,1480.71, NAN, NAN, NAN, NAN,,2024/04/20 10:01:49.277,2024-04-20 10:01:49.277000+00:00
2024/04/20, 10:02:49.277,38.495,-73.208,11.72,56.72,56.86,10.7,9.1,9.1,1013.9,1014.0,0.0,0.0,85.13,78.53,0,353,5.0,4.8,100.0,100.0,0.5,1.0,250.6,280.7,1016.0,1016.1,-4.02,374.13,4.64,32.3957,8.321,657.7,61.3,1480.546, NAN, NAN, NAN, NAN,,2024/04/20 10:02:49.277,2024-04-20 10:02:49.277000+00:00
2024/04/20, 10:03:49.277,38.496,-73.205,11.37,56.46,59.09,10.89,9.1,9.2,1014.1,1013.8,0.0,0.0,85.13,78.53,358,352,4.9,4.7,100.0,100.0,0.8,1.3,266.9,280.0,1016.2,1015.9,-3.84,375.51,5.18,32.3966,8.2709,671.2,61.3,1480.358, NAN, NAN, NAN, NAN,,2024/04/20 10:03:49.277,2024-04-20 10:03:49.277000+00:00
2024/04/20, 10:04:49.277,38.498,-73.201,11.37,57.19,57.89,10.5,9.1,9.3,1014.0,1013.8,0.0,0.0,85.13,78.53,354,349,4.6,4.7,100.0,100.0,1.0,1.2,269.9,287.5,1016.1,1015.9,-3.66,375.96,5.81,32.3903,8.2231,672.4,61.5,1480.169, NAN, NAN, NAN, NAN,,2024/04/20 10:04:49.277,2024-04-20 10:04:49.277000+00:00
2024/04/20, 10:05:49.277,38.5,-73.198,11.25,57.16,60.6,10.96,9.2,9.3,1013.8,1013.9,0.0,0.0,85.13,78.53,355,348,4.6,4.6,100.0,100.0,1.2,1.5,262.3,279.9,1015.9,1016.0,-3.41,375.01,6.53,32.3794,8.1878,679.5,62.1,1480.022, NAN, NAN, NAN, NAN,,2024/04/20 10:05:49.277,2024-04-20 10:05:49.277000+00:00
2024/04/20, 10:06:49.277,38.501,-73.195,11.67,56.86,60.77,10.85,9.2,9.1,1014.0,1013.8,0.0,0.0,85.13,78.53,355,349,5.1,5.1,100.0,100.0,0.8,1.3,288.5,300.6,1016.1,1015.9,-3.31,373.8,7.2,32.3695,8.1482,676.4,62.5,1479.86, NAN, NAN, NAN, NAN,,2024/04/20 10:06:49.277,2024-04-20 10:06:49.277000+00:00
2024/04/20, 10:07:49.277,38.503,-73.192,11.64,56.85,58.8,10.9,9.1,9.0,1013.8,1014.0,0.0,0.0,85.13,78.53,355,349,5.2,5.1,100.0,100.0,0.8,1.3,292.9,299.4,1015.9,1016.1,-3.12,374.12,7.81,32.3634,8.092,704.8,62.6,1479.64, NAN, NAN, NAN, NAN,,2024/04/20 10:07:49.277,2024-04-20 10:07:49.277000+00:00
2024/04/20, 10:08:49.277,38.504,-73.188,11.6,56.37,56.06,10.87,9.1,9.0,1013.9,1014.0,0.0,0.0,85.13,78.53,354,349,5.2,5.1,100.0,100.0,0.7,1.2,291.5,296.8,1016.0,1016.1,-3.02,374.64,8.34,32.3587,8.0464,686.7,62.5,1479.461, NAN, NAN, NAN, NAN,,2024/04/20 10:08:49.277,2024-04-20 10:08:49.277000+00:00
2024/04/20, 10:09:49.277,38.506,-73.185,11.79,56.73,57.9,11.31,8.9,8.9,1014.1,1013.8,0.0,0.0,85.13,78.53,352,346,5.2,5.3,100.0,100.0,1.1,1.5,288.2,301.0,1016.2,1015.9,-2.63,374.79,9.07,32.3491,7.9944,680.1,62.6,1479.252, NAN, NAN, NAN, NAN,,2024/04/20 10:09:49.277,2024-04-20 10:09:49.277000+00:00
2024/04/20, 10:10:49.277,38.508,-73.182,11.5,56.41,56.11,10.68,8.8,8.9,1014.0,1014.1,0.0,0.0,85.13,78.53,348,341,5.1,5.2,100.0,100.0,1.1,1.8,300.5,307.4,1016.1,1016.2,-2.2,374.96,9.99,32.3372,7.9542,680.1,62.7,1479.084, NAN, NAN, NAN, NAN,,2024/04/20 10:10:49.277,2024-04-20 10:10:49.277000+00:00
2024/04/20, 10:11:49.277,38.509,-73.179,11.46,56.78,54.31,10.9,8.9,8.9,1014.0,1014.1,0.0,0.0,85.13,78.53,349,342,5.1,5.2,100.0,100.0,1.0,1.6,290.5,302.4,1016.1,1016.2,-1.71,374.6,10.84,32.3262,7.931,659.0,62.5,1478.982, NAN, NAN, NAN, NAN,,2024/04/20 10:11:49.277,2024-04-20 10:11:49.277000+00:00
2024/04/20, 10:12:49.277,38.511,-73.175,11.57,56.29,56.35,10.92,8.8,8.8,1014.3,1014.1,0.0,0.0,85.13,78.53,348,341,5.1,5.1,100.0,100.0,1.3,1.9,298.0,302.1,1016.4,1016.2,-1.14,374.09,12.03,32.3158,7.9219,642.2,62.8,1478.934, NAN, NAN, NAN, NAN,,2024/04/20 10:12:49.277,2024-04-20 10:12:49.277000+00:00
2024/04/20, 10:13:49.277,38.512,-73.172,11.69,57.25,58.49,11.13,8.7,8.7,1014.2,1014.2,0.0,0.0,85.13,78.53,348,339,5.1,5.3,100.0,100.0,1.3,2.1,293.7,305.6,1016.3,1016.3,-0.71,373.83,12.89,32.3065,7.9243,625.1,62.8,1478.932, NAN, NAN, NAN, NAN,,2024/04/20 10:13:49.277,2024-04-20 10:13:49.277000+00:00
2024/04/20, 10:14:49.278,38.514,-73.169,11.48,56.95,57.86,10.85,8.6,8.5,1014.0,1013.9,0.0,0.0,85.13,78.53,350,345,5.2,5.4,100.0,100.0,1.1,1.5,301.2,312.9,1016.1,1016.0,-0.17,373.98,13.67,32.2992,7.9288,615.6,62.6,1478.94, NAN, NAN, NAN, NAN,,2024/04/20 10:14:49.278,2024-04-20 10:14:49.278000+00:00
2024/04/20, 10:15:49.278,38.516,-73.166,11.6,56.53,54.46,11.04,8.5,8.4,1014.1,1014.2,0.0,0.0,85.13,78.53,351,344,5.4,5.3,100.0,100.0,0.9,1.5,303.5,304.3,1016.2,1016.3,0.16,374.81,14.34,32.2957,7.9297,617.6,62.4,1478.939, NAN, NAN, NAN, NAN,,2024/04/20 10:15:49.278,2024-04-20 10:15:49.278000+00:00
2024/04/20, 10:16:49.278,38.517,-73.162,11.91,56.73,56.65,11.09,8.4,8.5,1014.3,1014.0,0.0,0.0,85.13,78.53,353,346,5.5,5.5,100.0,100.0,0.8,1.5,308.9,312.3,1016.4,1016.1,0.52,374.98,14.87,32.2917,7.9278,605.6,62.6,1478.927, NAN, NAN, NAN, NAN,,2024/04/20 10:16:49.278,2024-04-20 10:16:49.278000+00:00
2024/04/20, 10:17:49.278,38.519,-73.159,11.98,56.23,56.58,11.15,8.4,8.4,1014.2,1014.0,0.0,0.0,85.13,78.53,352,346,5.5,5.5,100.0,100.0,0.8,1.4,306.5,310.0,1016.3,1016.1,0.72,375.32,15.8,32.2905,7.926,607.2,62.7,1478.919, NAN, NAN, NAN, NAN,,2024/04/20 10:17:49.278,2024-04-20 10:17:49.278000+00:00
2024/04/20, 10:18:49.278,38.521,-73.156,11.97,57.07,59.33,11.38,8.4,8.4,1014.2,1014.3,0.0,0.0,85.13,78.53,353,345,5.4,5.4,100.0,100.0,1.0,1.7,297.1,305.4,1016.3,1016.4,0.87,375.66,16.64,32.2891,7.9229,604.4,62.8,1478.905, NAN, NAN, NAN, NAN,,2024/04/20 10:18:49.278,2024-04-20 10:18:49.278000+00:00
2024/04/20, 10:19:49.278,38.522,-73.152,12.03,56.65,58.78,11.37,8.4,8.4,1014.2,1014.3,0.0,0.0,85.13,78.53,352,346,5.3,5.2,100.0,100.0,1.1,1.6,292.5,296.9,1016.3,1016.4,1.08,375.09,17.45,32.2891,7.9182,601.1,62.6,1478.887, NAN, NAN, NAN, NAN,,2024/04/20 10:19:49.278,2024-04-20 10:19:49.278000+00:00
2024/04/20, 10:20:49.278,38.524,-73.149,11.79,56.28,58.36,10.69,8.4,8.4,1014.1,1014.0,0.0,0.0,85.13,78.53,353,347,5.1,5.2,100.0,100.0,0.9,1.4,296.6,308.2,1016.2,1016.1,1.67,375.04,19.15,32.2869,7.9092,602.8,62.5,1478.85, NAN, NAN, NAN, NAN,,2024/04/20 10:20:49.278,2024-04-20 10:20:49.278000+00:00
2024/04/20, 10:21:49.278,38.526,-73.146,11.55,56.78,55.67,10.46,8.4,8.4,1014.0,1014.3,0.0,0.0,85.13,78.53,352,346,4.7,4.6,100.0,100.0,1.0,1.4,279.4,287.7,1016.1,1016.4,2.22,375.25,21.57,32.286,7.9006,595.2,62.7,1478.816, NAN, NAN, NAN, NAN,,2024/04/20 10:21:49.278,2024-04-20 10:21:49.278000+00:00
2024/04/20, 10:22:49.278,38.527,-73.143,11.43,56.26,56.29,10.72,8.4,8.4,1014.3,1014.3,0.0,0.0,85.13,78.53,357,348,4.7,4.6,100.0,100.0,0.9,1.4,256.3,281.2,1016.4,1016.4,2.81,374.64,24.09,32.2859,7.8955,601.9,62.6,1478.797, NAN, NAN, NAN, NAN,,2024/04/20 10:22:49.278,2024-04-20 10:22:49.278000+00:00
2024/04/20, 10:23:49.278,38.529,-73.139,11.62,56.35,58.95,10.81,8.4,8.4,1014.2,1013.9,0.0,0.0,85.13,78.53,359,354,5.0,4.8,100.0,100.0,0.6,1.1,265.3,279.1,1016.3,1016.0,3.21,374.43,25.94,32.2814,7.8811,604.6,62.7,1478.736, NAN, NAN, NAN, NAN,,2024/04/20 10:23:49.278,2024-04-20 10:23:49.278000+00:00
2024/04/20, 10:24:49.278,38.53,-73.136,11.77,56.27,56.92,10.26,8.4,8.4,1014.1,1013.8,0.0,0.0,85.13,78.53,0,354,4.8,4.9,100.0,100.0,0.5,0.7,238.8,289.4,1016.2,1015.9,3.86,374.78,28.17,32.2791,7.8651,591.2,62.7,1478.672, NAN, NAN, NAN, NAN,,2024/04/20 10:24:49.278,2024-04-20 10:24:49.278000+00:00
2024/04/20, 10:25:49.278,38.532,-73.133,11.46,57.21,58.46,11.22,8.4,8.4,1014.0,1013.9,0.0,0.0,85.13,78.53,3,356,5.0,4.8,100.0,100.0,0.8,1.1,224.0,260.2,1016.1,1016.0,4.64,374.19,30.71,32.2781,7.8524,592.8,62.5,1478.623, NAN, NAN, NAN, NAN,,2024/04/20 10:25:49.278,2024-04-20 10:25:49.278000+00:00
2024/04/20, 10:26:49.278,38.534,-73.129,11.54,56.67,57.27,10.93,8.4,8.4,1014.0,1014.0,0.0,0.0,85.13,78.53,2,356,5.1,4.9,100.0,100.0,0.5,0.8,224.1,265.6,1016.1,1016.1,5.23,374.25,32.95,32.2835,7.8363,586.0,61.1,1478.568, NAN, NAN, NAN, NAN,,2024/04/20 10:26:49.278,2024-04-20 10:26:49.278000+00:00
2024/04/20, 10:27:49.278,38.535,-73.126,11.49,56.09,55.94,10.91,8.4,8.4,1014.1,1014.0,0.0,0.0,85.13,78.53,1,355,5.0,4.7,100.0,100.0,0.6,1.0,231.7,262.0,1016.2,1016.1,5.75,373.98,34.72,32.2859,7.8204,597.4,61.0,1478.51, NAN, NAN, NAN, NAN,,2024/04/20 10:27:49.278,2024-04-20 10:27:49.278000+00:00
2024/04/20, 10:28:49.278,38.537,-73.123,11.44,56.01,56.39,10.38,8.3,8.3,1014.3,1013.8,0.0,0.0,85.13,78.53,2,355,4.7,4.7,100.0,100.0,0.6,0.9,236.2,277.5,1016.4,1015.9,6.29,374.39,36.59,32.2885,7.812,588.8,60.9,1478.481, NAN, NAN, NAN, NAN,,2024/04/20 10:28:49.278,2024-04-20 10:28:49.278000+00:00
2024/04/20, 10:29:49.278,38.538,-73.12,11.54,56.62,58.3,10.65,8.3,8.4,1014.1,1014.0,0.0,0.0,85.13,78.53,0,354,4.9,4.8,100.0,100.0,0.6,0.9,250.5,279.3,1016.2,1016.1,6.69,374.13,38.28,32.2877,7.8109,602.8,60.7,1478.476, NAN, NAN, NAN, NAN,,2024/04/20 10:29:49.278,2024-04-20 10:29:49.278000+00:00
2024/04/20, 10:30:49.279,38.54,-73.116,11.39,56.53,59.03,10.65,8.3,8.3,1014.1,1014.1,0.0,0.0,85.13,78.53,358,353,4.8,4.8,100.0,100.0,0.8,1.0,263.1,283.4,1016.2,1016.2,7.46,373.75,40.4,32.2865,7.8128,625.4,60.9,1478.482, NAN, NAN, NAN, NAN,,2024/04/20 10:30:49.279,2024-04-20 10:30:49.279000+00:00
2024/04/20, 10:31:49.279,38.542,-73.113,11.51,56.98,57.37,11.2,8.3,8.3,1014.0,1014.1,0.0,0.0,85.13,78.53,3,357,5.4,5.1,100.0,100.0,0.4,0.8,215.9,268.7,1016.1,1016.2,8.86,374.01,44.1,32.2884,7.8166,624.0,61.3,1478.499, NAN, NAN, NAN, NAN,,2024/04/20 10:31:49.279,2024-04-20 10:31:49.279000+00:00
2024/04/20, 10:32:49.279,38.543,-73.11,11.81,56.7,58.81,11.25,8.2,8.3,1014.2,1014.3,0.0,0.0,85.13,78.53,2,355,5.4,5.1,100.0,100.0,0.4,0.9,228.2,276.1,1016.3,1016.4,10.73,373.78,48.38,32.2882,7.8171,634.2,61.2,1478.5, NAN, NAN, NAN, NAN,,2024/04/20 10:32:49.279,2024-04-20 10:32:49.279000+00:00
2024/04/20, 10:33:49.279,38.545,-73.107,11.72,57.02,59.88,10.85,8.2,8.3,1014.1,1013.9,0.0,0.0,85.13,78.53,359,354,5.3,5.3,100.0,100.0,0.4,0.8,282.1,304.7,1016.2,1016.0,11.45,374.07,50.54,32.2892,7.8073,629.7,61.1,1478.464, NAN, NAN, NAN, NAN,,2024/04/20 10:33:49.279,2024-04-20 10:33:49.279000+00:00
2024/04/20, 10:34:49.279,38.547,-73.103,11.66,56.88,58.5,11.06,8.2,8.3,1014.0,1014.1,0.0,0.0,85.13,78.53,359,352,5.2,5.2,100.0,100.0,0.5,1.0,265.3,296.1,1016.1,1016.2,10.44,374.24,50.16,32.2903,7.7985,639.8,61.1,1478.432, NAN, NAN, NAN, NAN,,2024/04/20 10:34:49.279,2024-04-20 10:34:49.279000+00:00
2024/04/20, 10:35:49.279,38.548,-73.1,11.68,56.52,57.73,11.25,8.2,8.3,1014.3,1014.2,0.0,0.0,85.13,78.53,357,351,5.2,5.2,100.0,100.0,0.7,1.2,272.2,292.7,1016.4,1016.3,9.48,374.9,48.45,32.2911,7.7899,645.9,60.9,1478.4, NAN, NAN, NAN, NAN,,2024/04/20 10:35:49.279,2024-04-20 10:35:49.279000+00:00
2024/04/20, 10:36:49.279,38.55,-73.096,11.56,56.2,60.14,11.19,8.3,8.3,1014.3,1014.2,0.0,0.0,85.13,78.53,356,350,5.0,4.9,100.0,100.0,1.0,1.5,276.0,287.1,1016.4,1016.3,8.39,375.17,45.37,32.2913,7.7839,640.6,60.9,1478.377, NAN, NAN, NAN, NAN,,2024/04/20 10:36:49.279,2024-04-20 10:36:49.279000+00:00
2024/04/20, 10:37:49.279,38.551,-73.093,11.88,56.03,57.53,11.06,8.3,8.4,1014.3,1014.2,0.0,0.0,85.13,78.53,355,349,4.9,5.0,100.0,100.0,1.0,1.4,272.1,291.1,1016.4,1016.3,7.4,375.42,42.98,32.2894,7.7787,640.1,60.9,1478.355, NAN, NAN, NAN, NAN,,2024/04/20 10:37:49.279,2024-04-20 10:37:49.279000+00:00
2024/04/20, 10:38:49.279,38.553,-73.09,11.67,56.99,56.28,11.11,8.4,8.4,1014.4,1014.4,0.0,0.0,85.13,78.53,355,349,4.9,4.8,100.0,100.0,1.0,1.4,270.5,283.1,1016.5,1016.5,6.91,375.35,41.77,32.29,7.7778,624.0,61.0,1478.353, NAN, NAN, NAN, NAN,,2024/04/20 10:38:49.279,2024-04-20 10:38:49.279000+00:00
2024/04/20, 10:39:49.279,38.555,-73.086,11.56,56.56,58.03,10.87,8.4,8.4,1014.4,1014.3,0.0,0.0,85.13,78.53,356,350,5.0,4.9,100.0,100.0,0.8,1.3,278.6,290.5,1016.5,1016.4,6.35,375.13,40.89,32.2873,7.7848,629.1,60.9,1478.376, NAN, NAN, NAN, NAN,,2024/04/20 10:39:49.279,2024-04-20 10:39:49.279000+00:00
2024/04/20, 10:40:49.279,38.556,-73.083,11.78,56.78,59.21,11.11,8.4,8.5,1014.4,1014.3,0.0,0.0,85.13,78.53,355,351,5.2,5.0,100.0,100.0,0.8,1.2,288.0,288.8,1016.5,1016.4,6.22,375.12,40.34,32.2911,7.809,630.8,60.9,1478.473, NAN, NAN, NAN, NAN,,2024/04/20 10:40:49.279,2024-04-20 10:40:49.279000+00:00
2024/04/20, 10:41:49.279,38.558,-73.08,11.91,56.79,57.8,11.12,8.4,8.5,1014.3,1014.2,0.0,0.0,85.13,78.53,357,350,5.3,5.2,100.0,100.0,0.6,1.2,283.6,297.9,1016.4,1016.3,6.23,375.62,40.61,32.2917,7.8198,631.5,61.1,1478.515, NAN, NAN, NAN, NAN,,2024/04/20 10:41:49.279,2024-04-20 10:41:49.279000+00:00
2024/04/20, 10:42:49.279,38.56,-73.076,11.89,56.61,58.22,11.28,8.4,8.5,1014.1,1014.3,0.0,0.0,85.13,78.53,358,350,5.4,5.2,100.0,100.0,0.6,1.3,283.3,296.0,1016.2,1016.4,6.66,375.52,41.87,32.2983,7.8252,643.8,61.1,1478.544, NAN, NAN, NAN, NAN,,2024/04/20 10:42:49.279,2024-04-20 10:42:49.279000+00:00
2024/04/20, 10:43:49.279,38.561,-73.073,11.67,56.17,57.48,11.13,8.5,8.5,1014.3,1014.0,0.0,0.0,85.13,78.53,357,350,5.4,5.3,100.0,100.0,0.5,1.2,288.0,300.8,1016.4,1016.1,7.29,375.66,43.88,32.3057,7.8224,634.0,61.0,1478.542, NAN, NAN, NAN, NAN,,2024/04/20 10:43:49.279,2024-04-20 10:43:49.279000+00:00
2024/04/20, 10:44:49.279,38.563,-73.07,11.3,57.36,60.41,11.14,8.5,8.5,1014.3,1014.1,0.0,0.0,85.13,78.53,357,351,5.3,5.1,100.0,100.0,0.7,1.2,286.8,293.5,1016.4,1016.2,8.16,375.42,46.44,32.3097,7.819,640.9,61.1,1478.534, NAN, NAN, NAN, NAN,,2024/04/20 10:44:49.279,2024-04-20 10:44:49.279000+00:00
2024/04/20, 10:45:49.279,38.564,-73.066,11.66,56.69,59.74,11.08,8.5,8.5,1014.3,1014.1,0.0,0.0,85.13,78.53,357,351,5.3,5.3,100.0,100.0,0.6,1.1,286.2,302.5,1016.4,1016.2,8.87,375.82,48.6,32.3076,7.8066,654.0,61.1,1478.484, NAN, NAN, NAN, NAN,,2024/04/20 10:45:49.279,2024-04-20 10:45:49.279000+00:00
2024/04/20, 10:46:49.280,38.566,-73.063,11.65,56.04,58.41,11.22,8.5,8.5,1014.3,1014.3,0.0,0.0,85.13,78.53,356,350,5.5,5.3,100.0,100.0,0.7,1.3,301.7,300.7,1016.4,1016.4,8.34,375.45,47.51,32.305,7.777,647.6,61.1,1478.368, NAN, NAN, NAN, NAN,,2024/04/20 10:46:49.280,2024-04-20 10:46:49.280000+00:00
2024/04/20, 10:47:49.280,38.568,-73.059,11.78,56.48,56.3,11.19,8.5,8.5,1014.3,1014.0,0.0,0.0,85.13,78.53,357,351,5.6,5.6,100.0,100.0,0.4,0.9,299.7,312.7,1016.4,1016.1,6.97,375.23,45.13,32.3022,7.77,651.3,61.2,1478.338, NAN, NAN, NAN, NAN,,2024/04/20 10:47:49.280,2024-04-20 10:47:49.280000+00:00
2024/04/20, 10:48:49.280,38.569,-73.056,11.8,57.15,61.44,10.81,8.5,8.5,1014.3,1014.3,0.0,0.0,85.13,78.53,358,353,5.6,5.4,100.0,100.0,0.5,1.0,332.7,316.0,1016.4,1016.4,6.73,375.13,46.19,32.297,7.7576,650.7,61.1,1478.284, NAN, NAN, NAN, NAN,,2024/04/20 10:48:49.280,2024-04-20 10:48:49.280000+00:00
2024/04/20, 10:49:49.280,38.571,-73.053,11.52,56.82,57.9,11.22,8.5,8.5,1014.1,1014.2,0.0,0.0,85.13,78.53,359,354,5.5,5.3,100.0,100.0,0.4,0.9,285.0,293.6,1016.2,1016.3,7.52,375.53,49.44,32.2896,7.7478,661.1,61.1,1478.237, NAN, NAN, NAN, NAN,,2024/04/20 10:49:49.280,2024-04-20 10:49:49.280000+00:00
2024/04/20, 10:50:49.280,38.572,-73.049,11.87,56.19,56.06,11.27,8.5,8.5,1014.3,1014.0,0.0,0.0,85.13,78.53,1,355,5.9,5.7,100.0,100.0,0.1,0.6,62.0,315.3,1016.4,1016.1,9.19,375.2,54.41,32.2919,7.7232,671.2,61.1,1478.146, NAN, NAN, NAN, NAN,,2024/04/20 10:50:49.280,2024-04-20 10:50:49.280000+00:00
2024/04/20, 10:51:49.280,38.574,-73.046,11.68,56.67,58.36,11.09,8.5,8.6,1014.3,1014.0,0.0,0.0,85.13,78.53,359,353,5.8,5.6,100.0,100.0,0.4,1.0,342.1,318.7,1016.4,1016.1,11.78,375.5,63.31,32.2925,7.6986,665.7,61.1,1478.053, NAN, NAN, NAN, NAN,,2024/04/20 10:51:49.280,2024-04-20 10:51:49.280000+00:00
2024/04/20, 10:52:49.280,38.576,-73.043,11.71,56.92,58.3,10.89,8.5,8.6,1014.1,1014.2,0.0,0.0,85.13,78.53,356,350,5.6,5.4,100.0,100.0,0.6,1.2,326.3,313.6,1016.2,1016.3,15.51,375.34,74.06,32.2939,7.6924,670.0,60.9,1478.031, NAN, NAN, NAN, NAN,,2024/04/20 10:52:49.280,2024-04-20 10:52:49.280000+00:00
2024/04/20, 10:53:49.280,38.577,-73.039,11.47,57.3,59.95,10.96,8.6,8.6,1014.1,1013.8,0.0,0.0,85.13,78.53,356,352,5.7,5.6,100.0,100.0,0.6,1.0,332.5,322.7,1016.2,1015.9,18.88,375.58,84.19,32.2907,7.6996,667.8,61.2,1478.054, NAN, NAN, NAN, NAN,,2024/04/20 10:53:49.280,2024-04-20 10:53:49.280000+00:00
2024/04/20, 10:54:49.280,38.579,-73.036,11.59,57.46,62.29,10.97,8.6,8.6,1014.0,1013.8,0.0,0.0,85.13,78.53,358,353,5.9,5.8,100.0,100.0,0.5,1.0,356.5,334.7,1016.1,1015.9,21.81,375.8,93.24,32.291,7.7122,652.0,61.0,1478.103, NAN, NAN, NAN, NAN,,2024/04/20 10:54:49.280,2024-04-20 10:54:49.280000+00:00
2024/04/20, 10:55:49.280,38.58,-73.033,11.63,57.07,58.52,10.57,8.6,8.7,1014.0,1014.1,0.0,0.0,85.13,78.53,357,351,5.7,5.6,100.0,100.0,0.5,1.0,356.6,332.6,1016.1,1016.2,24.57,375.81,101.81,32.2915,7.7178,620.9,60.9,1478.125, NAN, NAN, NAN, NAN,,2024/04/20 10:55:49.280,2024-04-20 10:55:49.280000+00:00
2024/04/20, 10:56:49.280,38.582,-73.03,11.2,56.42,60.47,9.74,8.6,8.7,1013.8,1013.6,0.0,0.0,85.13,78.53,0,356,5.5,5.6,100.0,100.0,0.6,0.9,27.4,7.7,1015.9,1015.7,26.52,375.92,109.33,32.2984,7.7273,608.9,60.8,1478.17, NAN, NAN, NAN, NAN,,2024/04/20 10:56:49.280,2024-04-20 10:56:49.280000+00:00
2024/04/20, 10:57:49.280,38.583,-73.027,10.91,56.73,60.53,10.49,8.7,8.7,1013.9,1013.6,0.0,0.0,85.13,78.53,4,358,5.8,5.7,100.0,100.0,0.4,0.5,78.9,1.9,1016.0,1015.7,28.14,376.36,114.33,32.293,7.7267,607.2,60.6,1478.161, NAN, NAN, NAN, NAN,,2024/04/20 10:57:49.280,2024-04-20 10:57:49.280000+00:00
2024/04/20, 10:58:49.280,38.585,-73.023,11.49,57.41,56.57,10.91,8.7,8.7,1013.7,1013.7,0.0,0.0,85.13,78.53,6,359,6.1,5.9,100.0,100.0,0.8,0.3,111.7,38.1,1015.8,1015.8,29.16,376.65,117.73,32.2935,7.7273,613.2,61.0,1478.164, NAN, NAN, NAN, NAN,,2024/04/20 10:58:49.280,2024-04-20 10:58:49.280000+00:00
2024/04/20, 10:59:49.280,38.586,-73.02,11.52,56.82,56.33,10.26,8.7,8.8,1013.7,1013.7,0.0,0.0,85.13,78.53,6,0,6.3,6.1,100.0,100.0,1.1,0.9,81.5,43.2,1015.8,1015.8,30.37,376.56,122.12,32.2974,7.7341,613.6,60.9,1478.195, NAN, NAN, NAN, NAN,,2024/04/20 10:59:49.280,2024-04-20 10:59:49.280000+00:00
2024/04/20, 11:00:49.280,38.588,-73.017,11.22,56.95,58.8,10.73,8.7,8.8,1014.0,1013.8,0.0,0.0,85.13,78.53,7,1,6.1,5.8,100.0,100.0,0.7,0.3,98.2,27.6,1016.1,1015.9,32.39,376.46,129.23,32.3025,7.7374,620.3,60.9,1478.214, NAN, NAN, NAN, NAN,,2024/04/20 11:00:49.280,2024-04-20 11:00:49.280000+00:00
2024/04/20, 11:01:49.280,38.589,-73.013,11.57,55.85,58.66,11.25,8.8,8.8,1013.8,1013.8,0.0,0.0,85.13,78.53,8,0,6.5,6.0,100.0,100.0,0.9,0.4,97.4,1.3,1015.9,1015.9,33.67,376.12,135.63,32.3092,7.7517,636.8,61.1,1478.277, NAN, NAN, NAN, NAN,,2024/04/20 11:01:49.280,2024-04-20 11:01:49.280000+00:00
2024/04/20, 11:02:49.280,38.591,-73.01,11.6,56.49,59.62,10.81,8.8,8.8,1014.0,1013.8,0.0,0.0,85.13,78.53,6,0,6.4,6.2,100.0,100.0,0.9,0.7,81.9,33.1,1016.1,1015.9,34.07,375.61,139.22,32.3185,7.7675,631.2,61.1,1478.349, NAN, NAN, NAN, NAN,,2024/04/20 11:02:49.280,2024-04-20 11:02:49.280000+00:00
2024/04/20, 11:03:49.281,38.592,-73.007,11.67,56.78,60.21,11.31,8.8,8.9,1013.9,1013.7,0.0,0.0,85.13,78.53,6,0,6.6,6.3,100.0,100.0,0.9,0.5,90.1,35.1,1016.0,1015.8,35.27,375.02,144.89,32.3287,7.7674,660.4,61.1,1478.361, NAN, NAN, NAN, NAN,,2024/04/20 11:03:49.281,2024-04-20 11:03:49.281000+00:00
2024/04/20, 11:04:49.281,38.594,-73.004,11.43,57.15,60.69,10.94,8.9,8.9,1013.8,1013.8,0.0,0.0,85.13,78.53,6,358,6.4,6.1,100.0,100.0,0.9,0.6,89.8,16.8,1015.9,1015.9,39.02,374.32,156.26,32.3418,7.771,659.0,60.8,1478.391, NAN, NAN, NAN, NAN,,2024/04/20 11:04:49.281,2024-04-20 11:04:49.281000+00:00
2024/04/20, 11:05:49.281,38.595,-73.0,11.59,56.79,64.45,10.8,8.9,8.9,1013.6,1013.7,0.0,0.0,85.13,78.53,5,0,6.5,6.2,100.0,100.0,1.0,0.9,55.3,15.8,1015.7,1015.8,43.24,374.13,167.84,32.3464,7.7662,654.7,61.1,1478.378, NAN, NAN, NAN, NAN,,2024/04/20 11:05:49.281,2024-04-20 11:05:49.281000+00:00
2024/04/20, 11:06:49.281,38.597,-72.997,11.56,57.02,61.28,10.63,8.9,8.9,1013.7,1013.6,0.0,0.0,85.13,78.53,4,358,6.5,6.3,100.0,100.0,1.0,1.0,63.8,23.8,1015.8,1015.7,46.42,373.52,177.33,32.3515,7.787,662.0,61.2,1478.464, NAN, NAN, NAN, NAN,,2024/04/20 11:06:49.281,2024-04-20 11:06:49.281000+00:00
2024/04/20, 11:07:49.281,38.598,-72.994,11.51,56.87,58.72,10.7,8.8,8.9,1013.7,1013.6,0.0,0.0,85.13,78.53,2,356,6.3,6.2,100.0,100.0,0.8,1.0,49.8,9.6,1015.8,1015.7,48.68,373.81,183.8,32.3551,7.8352,634.5,61.3,1478.653, NAN, NAN, NAN, NAN,,2024/04/20 11:07:49.281,2024-04-20 11:07:49.281000+00:00
2024/04/20, 11:08:49.281,38.6,-72.99,11.77,56.59,59.22,10.78,8.8,8.8,1013.6,1013.6,0.0,0.0,85.13,78.53,1,355,6.4,6.4,100.0,100.0,0.9,1.2,44.9,11.4,1015.7,1015.7,50.44,374.12,189.03,32.3547,7.809,645.2,61.4,1478.552, NAN, NAN, NAN, NAN,,2024/04/20 11:08:49.281,2024-04-20 11:08:49.281000+00:00
2024/04/20, 11:09:49.281,38.602,-72.987,11.73,57.05,59.55,10.83,8.8,8.8,1013.7,1013.5,0.0,0.0,85.13,78.53,359,354,6.5,6.4,100.0,100.0,1.0,1.2,34.0,7.2,1015.8,1015.6,49.89,374.68,189.68,32.3646,7.7809,663.8,61.3,1478.457, NAN, NAN, NAN, NAN,,2024/04/20 11:09:49.281,2024-04-20 11:09:49.281000+00:00
2024/04/20, 11:10:49.281,38.603,-72.984,11.54,57.65,63.01,10.39,8.8,8.8,1013.8,1013.4,0.0,0.0,85.13,78.53,358,353,6.1,6.2,100.0,100.0,1.0,1.5,17.8,2.6,1015.9,1015.5,53.44,375.11,204.81,32.3676,7.7619,667.0,61.3,1478.388, NAN, NAN, NAN, NAN,,2024/04/20 11:10:49.281,2024-04-20 11:10:49.281000+00:00
2024/04/20, 11:11:49.281,38.604,-72.98,11.63,56.01,59.87,10.1,8.8,8.8,1013.6,1013.7,0.0,0.0,85.13,78.53,359,354,6.4,6.4,100.0,100.0,1.4,1.6,31.0,12.6,1015.7,1015.8,48.45,374.82,188.5,32.359,7.7835,656.0,61.4,1478.46, NAN, NAN, NAN, NAN,,2024/04/20 11:11:49.281,2024-04-20 11:11:49.281000+00:00
2024/04/20, 11:12:49.281,38.606,-72.977,11.62,57.26,61.23,10.88,8.8,8.8,1013.8,1013.7,0.0,0.0,85.13,78.53,358,352,6.6,6.4,100.0,100.0,1.2,1.4,28.5,359.1,1015.9,1015.8,45.78,374.93,182.48,32.3532,7.8492,653.7,61.3,1478.704, NAN, NAN, NAN, NAN,,2024/04/20 11:12:49.281,2024-04-20 11:12:49.281000+00:00
2024/04/20, 11:13:49.281,38.607,-72.974,11.65,56.69,58.89,10.82,8.7,8.7,1013.7,1013.6,0.0,0.0,85.13,78.53,359,353,6.8,6.7,100.0,100.0,1.3,1.6,37.3,10.7,1015.8,1015.7,44.26,374.28,178.66,32.3485,7.8459,639.8,61.4,1478.685, NAN, NAN, NAN, NAN,,2024/04/20 11:13:49.281,2024-04-20 11:13:49.281000+00:00
2024/04/20, 11:14:49.281,38.609,-72.97,11.61,56.44,63.23,10.69,8.7,8.6,1013.8,1013.6,0.0,0.0,85.13,78.53,357,351,7.0,6.8,100.0,100.0,1.8,2.1,25.1,4.0,1015.9,1015.7,41.12,374.15,170.64,32.3653,7.8176,689.9,61.3,1478.598, NAN, NAN, NAN, NAN,,2024/04/20 11:14:49.281,2024-04-20 11:14:49.281000+00:00
2024/04/20, 11:15:49.281,38.61,-72.967,11.99,56.58,60.45,11.17,8.6,8.5,1013.7,1013.8,0.0,0.0,85.13,78.53,355,350,6.9,6.6,100.0,100.0,1.5,1.7,16.5,353.6,1015.8,1015.9,39.33,374.16,164.03,32.3746,7.828,749.9,61.3,1478.649, NAN, NAN, NAN, NAN,,2024/04/20 11:15:49.281,2024-04-20 11:15:49.281000+00:00
2024/04/20, 11:16:49.281,38.612,-72.964,11.78,57.02,62.6,10.46,8.5,8.5,1014.0,1013.7,0.0,0.0,85.13,78.53,353,347,6.6,6.7,100.0,100.0,1.7,2.2,11.8,358.6,1016.1,1015.8,37.06,374.4,157.77,32.3711,7.8753,731.0,61.3,1478.825, NAN, NAN, NAN, NAN,,2024/04/20 11:16:49.281,2024-04-20 11:16:49.281000+00:00
2024/04/20, 11:17:49.281,38.613,-72.96,11.48,57.55,60.29,10.86,8.5,8.5,1013.6,1014.0,0.0,0.0,85.13,78.53,354,348,6.4,6.3,100.0,100.0,1.2,1.7,7.7,347.9,1015.7,1016.1,36.44,374.29,154.81,32.3676,7.9153,709.4,61.2,1478.973, NAN, NAN, NAN, NAN,,2024/04/20 11:17:49.281,2024-04-20 11:17:49.281000+00:00
2024/04/20, 11:18:49.281,38.615,-72.957,11.78,57.15,60.28,10.74,8.5,8.5,1014.0,1014.0,0.0,0.0,85.13,78.53,354,348,6.1,5.8,100.0,100.0,1.1,1.5,357.4,333.2,1016.1,1016.1,35.1,374.81,150.0,32.3758,7.9779,716.9,60.9,1479.222, NAN, NAN, NAN, NAN,,2024/04/20 11:18:49.281,2024-04-20 11:18:49.281000+00:00
2024/04/20, 11:19:49.282,38.616,-72.954,11.37,57.06,58.84,10.07,8.5,8.5,1014.1,1014.0,0.0,0.0,85.13,78.53,356,350,6.0,5.9,100.0,100.0,1.1,1.5,14.7,352.5,1016.2,1016.1,33.8,375.02,144.72,32.3804,7.9967,715.8,60.9,1479.299, NAN, NAN, NAN, NAN,,2024/04/20 11:19:49.282,2024-04-20 11:19:49.282000+00:00
2024/04/20, 11:20:49.282,38.618,-72.951,11.33,56.55,60.41,10.76,8.5,8.6,1014.1,1014.0,0.0,0.0,85.13,78.53,355,349,5.8,5.7,100.0,100.0,0.9,1.4,343.5,329.6,1016.2,1016.1,33.24,375.26,142.96,32.3935,8.0195,760.6,61.1,1479.402, NAN, NAN, NAN, NAN,,2024/04/20 11:20:49.282,2024-04-20 11:20:49.282000+00:00
2024/04/20, 11:21:49.282,38.619,-72.947,11.65,56.96,61.8,11.01,8.5,8.6,1014.2,1014.1,0.0,0.0,85.13,78.53,356,350,6.0,5.8,100.0,100.0,1.0,1.5,348.1,329.8,1016.3,1016.2,33.68,375.18,145.05,32.4006,8.0355,732.6,61.2,1479.471, NAN, NAN, NAN, NAN,,2024/04/20 11:21:49.282,2024-04-20 11:21:49.282000+00:00
2024/04/20, 11:22:49.282,38.62,-72.944,11.76,56.83,59.66,10.72,8.6,8.6,1014.2,1014.0,0.0,0.0,85.13,78.53,355,350,6.0,5.9,100.0,100.0,1.0,1.4,355.0,339.5,1016.3,1016.1,33.67,375.21,144.11,32.4031,8.0496,766.0,61.2,1479.528, NAN, NAN, NAN, NAN,,2024/04/20 11:22:49.282,2024-04-20 11:22:49.282000+00:00
2024/04/20, 11:23:49.282,38.622,-72.94,11.64,57.5,62.09,10.84,8.6,8.7,1014.1,1013.8,0.0,0.0,85.13,78.53,355,350,5.9,5.9,100.0,100.0,1.0,1.5,346.4,337.5,1016.2,1015.9,33.0,375.02,142.07,32.4069,8.0841,794.4,61.1,1479.664, NAN, NAN, NAN, NAN,,2024/04/20 11:23:49.282,2024-04-20 11:23:49.282000+00:00
2024/04/20, 11:24:49.282,38.623,-72.937,11.78,56.35,59.28,10.78,8.6,8.7,1014.0,1014.1,0.0,0.0,85.13,78.53,355,348,6.1,5.9,100.0,100.0,1.0,1.5,359.4,335.2,1016.1,1016.2,31.46,375.33,139.37,32.4055,8.1189,781.1,61.2,1479.794, NAN, NAN, NAN, NAN,,2024/04/20 11:24:49.282,2024-04-20 11:24:49.282000+00:00
2024/04/20, 11:25:49.282,38.625,-72.934,11.65,56.48,58.88,10.25,8.6,8.7,1014.3,1013.8,0.0,0.0,85.13,78.53,354,348,5.9,5.9,100.0,100.0,1.2,1.7,357.7,344.2,1016.4,1015.9,32.31,374.87,144.74,32.4137,8.1454,772.8,61.1,1479.904, NAN, NAN, NAN, NAN,,2024/04/20 11:25:49.282,2024-04-20 11:25:49.282000+00:00
2024/04/20, 11:26:49.282,38.626,-72.931,11.27,57.4,62.56,10.39,8.7,8.7,1014.1,1014.0,0.0,0.0,85.13,78.53,353,347,5.9,5.9,100.0,100.0,1.2,1.7,353.4,341.4,1016.2,1016.1,35.12,374.74,154.27,32.426,8.1896,782.8,61.2,1480.087, NAN, NAN, NAN, NAN,,2024/04/20 11:26:49.282,2024-04-20 11:26:49.282000+00:00
2024/04/20, 11:27:49.282,38.628,-72.927,11.61,57.09,61.36,10.86,8.7,8.8,1014.0,1013.8,0.0,0.0,85.13,78.53,352,347,6.0,6.2,100.0,100.0,1.3,1.9,343.9,341.9,1016.1,1015.9,36.86,374.73,159.62,32.4363,8.1936,789.1,61.3,1480.115, NAN, NAN, NAN, NAN,,2024/04/20 11:27:49.282,2024-04-20 11:27:49.282000+00:00
2024/04/20, 11:28:49.282,38.629,-72.924,11.53,56.59,60.57,10.58,8.7,8.8,1014.0,1014.0,0.0,0.0,85.13,78.53,351,345,6.1,6.1,100.0,100.0,1.4,2.0,351.5,340.2,1016.1,1016.1,35.76,374.91,156.42,32.4517,8.1888,779.8,61.3,1480.116, NAN, NAN, NAN, NAN,,2024/04/20 11:28:49.282,2024-04-20 11:28:49.282000+00:00
2024/04/20, 11:29:49.282,38.631,-72.921,11.25,57.28,61.29,9.63,8.8,8.8,1014.0,1014.0,0.0,0.0,85.13,78.53,349,344,5.8,5.9,100.0,100.0,1.7,2.2,354.1,347.3,1016.1,1016.1,32.95,374.85,149.74,32.4711,8.1432,748.8,61.2,1479.967, NAN, NAN, NAN, NAN,,2024/04/20 11:29:49.282,2024-04-20 11:29:49.282000+00:00
2024/04/20, 11:30:49.282,38.632,-72.918,11.22,56.36,61.06,10.54,8.8,8.8,1013.9,1013.8,0.0,0.0,85.13,78.53,348,344,5.8,6.0,100.0,100.0,1.7,2.1,335.8,336.4,1016.0,1015.9,30.76,374.9,146.43,32.4615,8.1613,742.4,61.1,1480.024, NAN, NAN, NAN, NAN,,2024/04/20 11:30:49.282,2024-04-20 11:30:49.282000+00:00
2024/04/20, 11:31:49.282,38.633,-72.915,11.35,56.88,62.65,10.17,8.8,8.9,1013.7,1014.0,0.0,0.0,85.13,78.53,348,342,5.8,6.0,100.0,100.0,1.7,2.4,342.4,339.0,1015.8,1016.1,30.76,374.64,146.07,32.464,8.1927,746.5,61.2,1480.146, NAN, NAN, NAN, NAN,,2024/04/20 11:31:49.282,2024-04-20 11:31:49.282000+00:00
2024/04/20, 11:32:49.282,38.635,-72.911,11.2,57.49,58.36,10.24,8.9,8.9,1014.0,1013.9,0.0,0.0,85.13,78.53,346,340,5.7,6.0,100.0,100.0,1.6,2.3,337.1,336.9,1016.1,1016.0,31.36,374.5,146.14,32.4578,8.1745,751.5,61.3,1480.069, NAN, NAN, NAN, NAN,,2024/04/20 11:32:49.282,2024-04-20 11:32:49.282000+00:00
2024/04/20, 11:33:49.282,38.636,-72.908,11.23,56.81,59.89,10.4,8.9,8.9,1014.0,1013.9,0.0,0.0,85.13,78.53,343,338,5.9,6.1,100.0,100.0,2.0,2.5,335.6,333.9,1016.1,1016.0,31.82,374.73,147.59,32.4665,8.2288,790.8,61.1,1480.285, NAN, NAN, NAN, NAN,,2024/04/20 11:33:49.282,2024-04-20 11:33:49.282000+00:00
2024/04/20, 11:34:49.282,38.638,-72.905,11.44,57.53,62.5,10.55,8.9,8.9,1014.1,1014.0,0.0,0.0,85.13,78.53,343,338,5.8,6.1,100.0,100.0,2.1,2.7,331.3,332.8,1016.2,1016.1,31.34,374.93,145.98,32.4697,8.3147,775.3,61.1,1480.613, NAN, NAN, NAN, NAN,,2024/04/20 11:34:49.282,2024-04-20 11:34:49.282000+00:00
2024/04/20, 11:35:49.282,38.639,-72.902,11.63,56.29,60.79,10.65,8.9,8.9,1014.1,1014.2,0.0,0.0,85.13,78.53,343,337,6.0,6.2,100.0,100.0,2.1,2.8,333.8,331.3,1016.2,1016.3,30.37,375.03,142.92,32.4794,8.3747,752.1,61.3,1480.851, NAN, NAN, NAN, NAN,,2024/04/20 11:35:49.282,2024-04-20 11:35:49.282000+00:00
2024/04/20, 11:36:49.283,38.64,-72.898,11.87,57.97,64.3,10.94,8.9,9.0,1014.3,1014.0,0.0,0.0,85.13,78.53,341,336,6.2,6.5,100.0,100.0,2.4,3.0,334.0,334.2,1016.4,1016.1,29.54,375.51,140.74,32.5071,8.3832,791.2,61.3,1480.917, NAN, NAN, NAN, NAN,,2024/04/20 11:36:49.283,2024-04-20 11:36:49.283000+00:00
2024/04/20, 11:37:49.283,38.642,-72.895,11.56,56.96,58.7,10.31,8.9,9.0,1014.0,1014.3,0.0,0.0,85.13,78.53,337,332,5.8,6.5,100.0,100.0,2.5,3.3,328.0,334.7,1016.1,1016.4,32.54,376.23,149.55,32.5181,8.3741,800.8,61.3,1480.897, NAN, NAN, NAN, NAN,,2024/04/20 11:37:49.283,2024-04-20 11:37:49.283000+00:00
2024/04/20, 11:38:49.283,38.643,-72.892,11.36,56.7,57.72,10.47,8.9,9.0,1014.4,1014.3,0.0,0.0,85.13,78.53,339,334,6.1,6.3,100.0,100.0,2.5,3.0,334.2,332.1,1016.5,1016.4,37.78,376.59,166.35,32.5131,8.3665,788.8,61.5,1480.862, NAN, NAN, NAN, NAN,,2024/04/20 11:38:49.283,2024-04-20 11:38:49.283000+00:00
2024/04/20, 11:39:49.283,38.645,-72.889,11.21,56.75,60.87,10.87,9.0,9.0,1014.3,1014.3,0.0,0.0,85.13,78.53,338,332,5.9,6.4,100.0,100.0,2.6,3.4,324.4,328.0,1016.4,1016.4,43.3,376.59,180.13,32.5055,8.3648,790.8,61.3,1480.846, NAN, NAN, NAN, NAN,,2024/04/20 11:39:49.283,2024-04-20 11:39:49.283000+00:00
2024/04/20, 11:40:49.283,38.646,-72.885,11.25,56.42,60.53,10.5,9.0,9.1,1014.3,1014.2,0.0,0.0,85.13,78.53,336,332,5.9,6.3,100.0,100.0,2.8,3.3,326.5,329.5,1016.4,1016.3,49.84,376.35,201.27,32.5048,8.3537,795.0,61.3,1480.804, NAN, NAN, NAN, NAN,,2024/04/20 11:40:49.283,2024-04-20 11:40:49.283000+00:00
2024/04/20, 11:41:49.283,38.648,-72.882,11.31,56.65,65.94,10.22,9.0,9.1,1014.4,1013.9,0.0,0.0,85.13,78.53,334,331,5.7,6.8,100.0,100.0,3.1,4.0,324.9,337.2,1016.5,1016.0,55.7,376.26,219.3,32.5082,8.3396,784.1,61.2,1480.755, NAN, NAN, NAN, NAN,,2024/04/20 11:41:49.283,2024-04-20 11:41:49.283000+00:00
2024/04/20, 11:42:49.283,38.649,-72.879,11.68,57.06,63.18,10.59,9.1,9.1,1014.3,1014.2,0.0,0.0,85.13,78.53,336,331,5.9,6.6,100.0,100.0,2.8,3.7,326.4,332.5,1016.4,1016.3,60.1,376.53,233.02,32.5144,8.331,755.5,61.6,1480.73, NAN, NAN, NAN, NAN,,2024/04/20 11:42:49.283,2024-04-20 11:42:49.283000+00:00
2024/04/20, 11:43:49.283,38.65,-72.876,11.68,57.48,64.61,11.0,9.1,9.1,1014.4,1014.3,0.0,0.0,85.13,78.53,336,331,5.7,6.9,100.0,100.0,2.8,3.8,318.8,333.5,1016.5,1016.4,60.43,376.53,236.2,32.5163,8.3337,761.9,61.7,1480.742, NAN, NAN, NAN, NAN,,2024/04/20 11:43:49.283,2024-04-20 11:43:49.283000+00:00
2024/04/20, 11:44:49.283,38.652,-72.872,11.54,57.39,62.63,9.93,9.1,9.1,1014.2,1014.3,0.0,0.0,85.13,78.53,332,329,5.6,6.6,100.0,100.0,3.0,3.8,324.6,336.0,1016.3,1016.4,58.81,376.62,234.36,32.5208,8.362,759.6,61.4,1480.855, NAN, NAN, NAN, NAN,,2024/04/20 11:44:49.283,2024-04-20 11:44:49.283000+00:00
2024/04/20, 11:45:49.283,38.653,-72.869,11.3,57.3,63.16,10.67,9.1,9.1,1014.4,1014.4,0.0,0.0,85.13,78.53,335,329,5.4,6.6,100.0,100.0,2.8,3.8,315.4,330.1,1016.5,1016.5,63.25,376.74,247.22,32.5347,8.412,719.2,61.5,1481.06, NAN, NAN, NAN, NAN,,2024/04/20 11:45:49.283,2024-04-20 11:45:49.283000+00:00
2024/04/20, 11:46:49.283,38.655,-72.866,11.53,56.48,60.43,10.75,9.1,9.1,1014.4,1014.5,0.0,0.0,85.13,78.53,335,328,5.5,6.9,100.0,100.0,2.7,4.0,315.0,331.3,1016.5,1016.6,68.28,376.78,261.35,32.5563,8.5001,713.6,61.5,1481.417, NAN, NAN, NAN, NAN,,2024/04/20 11:46:49.283,2024-04-20 11:46:49.283000+00:00
2024/04/20, 11:47:49.283,38.656,-72.863,11.49,56.8,58.74,10.78,9.1,9.2,1014.5,1014.4,0.0,0.0,85.13,78.53,333,328,5.6,6.3,100.0,100.0,2.8,3.5,315.5,323.6,1016.6,1016.5,70.34,376.98,267.63,32.5944,8.5825,685.6,61.6,1481.773, NAN, NAN, NAN, NAN,,2024/04/20 11:47:49.283,2024-04-20 11:47:49.283000+00:00
2024/04/20, 11:48:49.283,38.657,-72.86,11.39,56.83,60.14,10.67,9.1,9.2,1014.5,1014.5,0.0,0.0,85.13,78.53,332,326,5.6,7.0,100.0,100.0,3.1,4.3,317.1,331.2,1016.6,1016.6,71.36,377.15,270.98,32.6447,8.7373,695.3,61.8,1482.413, NAN, NAN, NAN, NAN,,2024/04/20 11:48:49.283,2024-04-20 11:48:49.283000+00:00
2024/04/20, 11:49:49.283,38.659,-72.856,11.38,57.01,60.06,10.63,9.1,9.2,1014.7,1014.5,0.0,0.0,85.13,78.53,329,325,5.7,6.8,100.0,100.0,3.3,4.2,316.9,328.6,1016.8,1016.6,72.52,377.71,274.83,32.6902,8.9713,655.6,61.9,1483.339, NAN, NAN, NAN, NAN,,2024/04/20 11:49:49.283,2024-04-20 11:49:49.283000+00:00
2024/04/20, 11:50:49.283,38.66,-72.853,11.42,57.0,62.55,10.75,9.2,9.2,1014.4,1014.3,0.0,0.0,85.13,78.53,326,324,5.7,7.1,100.0,100.0,3.6,4.5,314.5,329.9,1016.5,1016.4,73.68,377.59,277.83,32.7477,9.2339,651.6,61.9,1484.38, NAN, NAN, NAN, NAN,,2024/04/20 11:50:49.283,2024-04-20 11:50:49.283000+00:00
2024/04/20, 11:51:49.283,38.662,-72.85,11.6,55.89,56.65,10.49,9.2,9.2,1014.4,1014.3,0.0,0.0,85.13,78.53,326,325,5.5,6.6,100.0,100.0,3.4,4.0,312.0,326.2,1016.5,1016.4,74.85,377.73,281.83,32.842,9.5127,627.5,62.0,1485.518, NAN, NAN, NAN, NAN,,2024/04/20 11:51:49.283,2024-04-20 11:51:49.283000+00:00
2024/04/20, 11:52:49.283,38.663,-72.846,11.47,56.42,63.15,9.98,9.2,9.2,1014.3,1014.4,0.0,0.0,85.13,78.53,325,324,5.5,7.0,100.0,100.0,3.6,4.5,316.7,333.4,1016.4,1016.5,75.68,377.7,285.06,32.9503,9.6265,612.9,61.9,1486.065, NAN, NAN, NAN, NAN,,2024/04/20 11:52:49.283,2024-04-20 11:52:49.283000+00:00
2024/04/20, 11:53:49.284,38.665,-72.843,11.24,57.52,65.3,10.59,9.2,9.3,1014.3,1014.4,0.0,0.0,85.13,78.53,328,324,5.4,6.6,100.0,100.0,3.5,4.4,313.8,326.6,1016.4,1016.5,75.25,377.33,285.88,33.0546,9.8333,605.2,62.0,1486.944, NAN, NAN, NAN, NAN,,2024/04/20 11:53:49.284,2024-04-20 11:53:49.284000+00:00
2024/04/20, 11:54:49.284,38.666,-72.84,11.4,56.18,57.41,10.62,9.3,9.3,1014.4,1014.4,0.0,0.0,85.13,78.53,329,325,5.5,6.6,100.0,100.0,3.2,4.1,312.9,325.6,1016.5,1016.5,73.69,377.33,283.77,33.1358,10.4619,591.2,61.9,1489.302, NAN, NAN, NAN, NAN,,2024/04/20 11:54:49.284,2024-04-20 11:54:49.284000+00:00
2024/04/20, 11:55:49.284,38.668,-72.837,11.58,56.84,59.66,10.98,9.3,9.4,1014.5,1014.4,0.0,0.0,85.13,78.53,330,327,5.7,6.9,100.0,100.0,3.2,4.0,314.1,329.0,1016.6,1016.5,70.24,377.49,272.81,33.1728,10.9194,578.7,62.1,1490.969, NAN, NAN, NAN, NAN,,2024/04/20 11:55:49.284,2024-04-20 11:55:49.284000+00:00
2024/04/20, 11:56:49.284,38.669,-72.833,11.53,56.76,60.77,10.66,9.3,9.4,1014.5,1014.0,0.0,0.0,85.13,78.53,332,327,5.4,6.5,100.0,100.0,3.0,3.9,313.1,326.5,1016.6,1016.1,65.44,377.46,259.02,33.3805,11.1477,542.2,62.0,1492.021, NAN, NAN, NAN, NAN,,2024/04/20 11:56:49.284,2024-04-20 11:56:49.284000+00:00
2024/04/20, 11:57:49.284,38.671,-72.83,11.65,57.17,57.95,10.91,9.4,9.5,1014.4,1014.5,0.0,0.0,85.13,78.53,330,325,5.2,6.3,100.0,100.0,3.0,3.8,305.4,320.4,1016.5,1016.6,63.62,377.79,252.28,33.623,11.3241,505.1,62.2,1492.929, NAN, NAN, NAN, NAN,,2024/04/20 11:57:49.284,2024-04-20 11:57:49.284000+00:00
2024/04/20, 11:58:49.284,38.672,-72.827,11.37,56.02,61.35,10.38,9.4,9.5,1014.6,1014.3,0.0,0.0,85.13,78.53,332,327,5.4,6.7,100.0,100.0,3.0,4.1,315.5,330.2,1016.7,1016.4,64.26,378.58,252.62,33.7559,11.4232,493.7,62.6,1493.433, NAN, NAN, NAN, NAN,,2024/04/20 11:58:49.284,2024-04-20 11:58:49.284000+00:00
2024/04/20, 11:59:49.284,38.674,-72.824,11.58,57.09,59.65,10.47,9.5,9.6,1014.4,1014.1,0.0,0.0,85.13,78.53,328,326,5.2,6.4,100.0,100.0,3.2,3.8,309.4,326.1,1016.5,1016.2,66.98,379.0,259.23,33.8388,11.5061,475.2,62.4,1493.821, NAN, NAN, NAN, NAN,,2024/04/20 11:59:49.284,2024-04-20 11:59:49.284000+00:00
2024/04/20, 12:00:49.284,38.675,-72.82,11.58,57.4,61.43,11.07,9.6,9.6,1014.4,1014.3,0.0,0.0,85.13,78.53,328,325,5.2,7.0,100.0,100.0,3.3,4.4,305.1,328.1,1016.5,1016.4,68.33,379.26,264.45,33.8839,11.5703,461.7,62.6,1494.097, NAN, NAN, NAN, NAN,,2024/04/20 12:00:49.284,2024-04-20 12:00:49.284000+00:00
2024/04/20, 12:01:49.284,38.677,-72.817,11.64,56.63,58.03,10.99,9.6,9.7,1014.4,1014.3,0.0,0.0,85.13,78.53,328,324,5.4,6.5,100.0,100.0,3.3,4.1,307.5,321.2,1016.5,1016.4,74.12,379.13,282.07,33.9159,11.6068,462.0,62.8,1494.262, NAN, NAN, NAN, NAN,,2024/04/20 12:01:49.284,2024-04-20 12:01:49.284000+00:00
2024/04/20, 12:02:49.284,38.678,-72.814,11.54,57.34,61.64,10.77,9.7,9.7,1014.5,1014.3,0.0,0.0,85.13,78.53,331,328,5.1,6.4,100.0,100.0,3.0,3.7,306.2,325.8,1016.6,1016.4,81.65,379.22,306.07,33.9344,11.6281,456.4,62.6,1494.357, NAN, NAN, NAN, NAN,,2024/04/20 12:02:49.284,2024-04-20 12:02:49.284000+00:00
2024/04/20, 12:03:49.284,38.68,-72.811,11.62,57.76,65.07,10.61,9.7,9.8,1014.3,1014.2,0.0,0.0,85.13,78.53,330,327,4.9,5.8,100.0,100.0,3.1,3.6,305.3,318.7,1016.4,1016.3,93.64,379.24,340.89,33.937,11.6427,447.0,62.7,1494.411, NAN, NAN, NAN, NAN,,2024/04/20 12:03:49.284,2024-04-20 12:03:49.284000+00:00
2024/04/20, 12:04:49.284,38.681,-72.807,11.66,56.18,56.31,10.48,9.7,9.8,1014.3,1014.3,0.0,0.0,85.13,78.53,335,329,5.2,5.9,100.0,100.0,2.4,3.1,309.7,320.2,1016.4,1016.4,107.36,378.99,390.05,33.9572,11.6582,442.2,62.6,1494.489, NAN, NAN, NAN, NAN,,2024/04/20 12:04:49.284,2024-04-20 12:04:49.284000+00:00
2024/04/20, 12:05:49.284,38.683,-72.804,11.55,56.31,58.7,10.21,9.8,9.9,1014.3,1013.8,0.0,0.0,85.13,78.53,333,331,4.6,5.5,100.0,100.0,2.6,2.9,299.9,317.8,1016.4,1015.9,113.76,379.03,408.84,33.9573,11.6858,444.0,62.6,1494.584, NAN, NAN, NAN, NAN,,2024/04/20 12:05:49.284,2024-04-20 12:05:49.284000+00:00
2024/04/20, 12:06:49.284,38.684,-72.801,11.51,56.7,60.75,10.46,9.8,9.9,1014.1,1014.1,0.0,0.0,85.13,78.53,337,331,5.2,5.7,100.0,100.0,2.4,3.1,312.4,319.5,1016.2,1016.2,121.84,378.91,432.6,33.961,11.7193,441.2,62.5,1494.704, NAN, NAN, NAN, NAN,,2024/04/20 12:06:49.284,2024-04-20 12:06:49.284000+00:00
2024/04/20, 12:07:49.284,38.686,-72.797,11.43,57.23,59.02,11.04,9.9,9.9,1014.3,1014.0,0.0,0.0,85.13,78.53,337,331,5.1,5.9,100.0,100.0,2.4,3.1,303.5,317.8,1016.4,1016.1,126.42,378.7,447.18,33.9645,11.7517,440.6,62.7,1494.82, NAN, NAN, NAN, NAN,,2024/04/20 12:07:49.284,2024-04-20 12:07:49.284000+00:00
2024/04/20, 12:08:49.284,38.687,-72.794,11.23,56.65,57.55,10.21,9.9,9.9,1014.2,1014.3,0.0,0.0,85.13,78.53,337,333,4.9,5.8,100.0,100.0,2.2,2.8,307.0,325.0,1016.3,1016.4,127.75,379.44,455.85,33.9667,11.7854,435.2,62.6,1494.938, NAN, NAN, NAN, NAN,,2024/04/20 12:08:49.284,2024-04-20 12:08:49.284000+00:00
2024/04/20, 12:09:49.284,38.689,-72.791,11.39,55.79,58.05,10.22,9.9,9.9,1014.2,1014.4,0.0,0.0,85.13,78.53,337,331,4.9,5.5,100.0,100.0,2.2,2.9,306.5,317.1,1016.3,1016.5,122.31,380.17,451.13,33.9715,11.8163,433.6,62.8,1495.05, NAN, NAN, NAN, NAN,,2024/04/20 12:09:49.284,2024-04-20 12:09:49.284000+00:00
2024/04/20, 12:10:49.285,38.69,-72.788,11.24,57.02,60.9,10.35,9.9,10.0,1014.3,1014.2,0.0,0.0,85.13,78.53,340,333,4.8,5.3,100.0,100.0,2.0,2.7,303.2,314.1,1016.4,1016.3,123.53,380.29,457.35,33.9744,11.8501,430.2,62.6,1495.17, NAN, NAN, NAN, NAN,,2024/04/20 12:10:49.285,2024-04-20 12:10:49.285000+00:00
2024/04/20, 12:11:49.285,38.692,-72.785,11.47,57.49,59.02,10.5,10.0,10.0,1014.3,1014.5,0.0,0.0,85.13,78.53,338,331,4.5,5.3,100.0,100.0,2.2,2.8,293.7,311.8,1016.4,1016.6,132.07,380.27,481.85,33.9773,11.8769,425.7,62.6,1495.265, NAN, NAN, NAN, NAN,,2024/04/20 12:11:49.285,2024-04-20 12:11:49.285000+00:00
2024/04/20, 12:12:49.285,38.693,-72.782,11.27,56.2,59.32,10.34,10.0,10.0,1014.3,1014.3,0.0,0.0,85.13,78.53,346,338,4.3,4.5,100.0,100.0,1.7,2.2,284.4,295.5,1016.4,1016.4,136.12,380.21,493.49,33.9818,11.8939,420.1,62.7,1495.329, NAN, NAN, NAN, NAN,,2024/04/20 12:12:49.285,2024-04-20 12:12:49.285000+00:00
2024/04/20, 12:13:49.285,38.695,-72.778,11.46,54.62,52.7,10.35,10.0,10.1,1014.3,1014.3,0.0,0.0,85.13,78.53,345,338,4.1,4.5,100.0,100.0,1.6,1.9,268.7,288.1,1016.4,1016.4,128.64,381.52,474.65,33.9839,11.907,419.0,62.7,1495.377, NAN, NAN, NAN, NAN,,2024/04/20 12:13:49.285,2024-04-20 12:13:49.285000+00:00
2024/04/20, 12:14:49.285,38.697,-72.776,10.9,52.03,53.14,10.18,10.0,10.1,1014.1,1014.0,0.0,0.0,85.13,78.53,341,338,3.8,4.1,100.0,100.0,2.1,2.2,272.4,281.8,1016.2,1016.1,121.54,382.12,453.35,33.9829,11.9158,413.2,62.4,1495.405, NAN, NAN, NAN, NAN,,2024/04/20 12:14:49.285,2024-04-20 12:14:49.285000+00:00
2024/04/20, 12:15:49.285,38.698,-72.773,11.23,51.42,52.64,10.36,10.1,10.1,1014.4,1014.5,0.0,0.0,85.13,78.53,346,340,4.0,4.1,100.0,100.0,1.8,2.1,268.6,277.6,1016.5,1016.6,111.83,382.68,429.12,33.9842,11.9174,414.0,62.4,1495.413, NAN, NAN, NAN, NAN,,2024/04/20 12:15:49.285,2024-04-20 12:15:49.285000+00:00
2024/04/20, 12:16:49.285,38.7,-72.77,11.35,51.75,50.91,10.77,10.1,10.1,1014.3,1014.4,0.0,0.0,85.13,78.53,344,337,3.6,3.9,100.0,100.0,2.3,2.5,258.9,271.1,1016.4,1016.5,101.29,383.15,400.19,33.9835,11.9102,411.6,62.6,1495.387, NAN, NAN, NAN, NAN,,2024/04/20 12:16:49.285,2024-04-20 12:16:49.285000+00:00
2024/04/20, 12:17:49.285,38.702,-72.767,11.54,51.7,52.09,10.92,10.1,10.1,1014.4,1014.4,0.0,0.0,85.13,78.53,341,335,4.1,4.3,100.0,100.0,2.3,2.6,271.4,280.0,1016.5,1016.5,94.49,383.11,376.33,33.9838,11.8989,410.7,62.7,1495.349, NAN, NAN, NAN, NAN,,2024/04/20 12:17:49.285,2024-04-20 12:17:49.285000+00:00
2024/04/20, 12:18:49.285,38.704,-72.764,11.49,52.31,52.72,10.76,10.1,10.1,1014.5,1014.4,0.0,0.0,85.13,78.53,334,329,4.2,5.1,100.0,100.0,2.6,2.9,279.5,299.0,1016.6,1016.5,87.14,383.23,347.52,33.9797,11.8911,408.9,62.7,1495.317, NAN, NAN, NAN, NAN,,2024/04/20 12:18:49.285,2024-04-20 12:18:49.285000+00:00
2024/04/20, 12:19:49.285,38.705,-72.761,11.6,51.36,56.4,10.27,10.1,10.1,1014.7,1014.3,0.0,0.0,85.13,78.53,333,330,3.9,4.7,100.0,100.0,2.8,2.9,280.7,297.2,1016.8,1016.4,83.92,382.98,324.03,33.9766,11.8853,407.0,62.6,1495.293, NAN, NAN, NAN, NAN,,2024/04/20 12:19:49.285,2024-04-20 12:19:49.285000+00:00
2024/04/20, 12:20:49.285,38.707,-72.758,11.69,52.45,56.68,10.43,10.1,10.2,1014.4,1014.5,0.0,0.0,85.13,78.53,328,326,3.9,5.1,100.0,100.0,3.1,3.3,281.3,302.7,1016.5,1016.6,86.54,382.9,326.08,33.9674,11.8825,405.9,62.4,1495.273, NAN, NAN, NAN, NAN,,2024/04/20 12:20:49.285,2024-04-20 12:20:49.285000+00:00
2024/04/20, 12:21:49.285,38.709,-72.755,11.43,51.93,49.87,10.46,10.2,10.2,1014.3,1014.3,0.0,0.0,85.13,78.53,324,324,3.7,5.2,100.0,100.0,3.2,3.2,273.0,300.4,1016.4,1016.4,86.09,382.97,324.0,33.9519,11.8836,406.2,62.4,1495.258, NAN, NAN, NAN, NAN,,2024/04/20 12:21:49.285,2024-04-20 12:21:49.285000+00:00
2024/04/20, 12:22:49.285,38.711,-72.752,11.42,51.75,54.28,10.61,10.2,10.2,1014.5,1014.4,0.0,0.0,85.13,78.53,316,319,3.6,5.6,100.0,100.0,3.9,4.0,274.9,304.2,1016.6,1016.5,83.92,382.98,316.61,33.9421,11.8806,403.5,62.5,1495.236, NAN, NAN, NAN, NAN,,2024/04/20 12:22:49.285,2024-04-20 12:22:49.285000+00:00
2024/04/20, 12:23:49.285,38.713,-72.749,11.52,52.06,52.86,10.63,10.2,10.2,1014.4,1014.7,0.0,0.0,85.13,78.53,323,323,3.3,4.8,100.0,100.0,3.5,3.4,268.2,293.3,1016.5,1016.8,75.57,382.99,293.51,33.9332,11.8628,401.2,62.4,1495.164, NAN, NAN, NAN, NAN,,2024/04/20 12:23:49.285,2024-04-20 12:23:49.285000+00:00
2024/04/20, 12:24:49.285,38.714,-72.746,11.84,51.94,51.63,11.4,10.2,10.2,1014.5,1014.8,0.0,0.0,85.13,78.53,320,319,3.9,5.2,100.0,100.0,3.9,4.0,274.0,293.0,1016.6,1016.9,73.76,383.12,284.28,33.9252,11.8293,399.5,62.8,1495.04, NAN, NAN, NAN, NAN,,2024/04/20 12:24:49.285,2024-04-20 12:24:49.285000+00:00
2024/04/20, 12:25:49.285,38.716,-72.742,12.02,54.22,55.37,11.4,10.2,10.2,1014.8,1014.4,0.0,0.0,85.13,78.53,318,320,4.2,5.4,100.0,100.0,4.0,4.0,280.9,298.4,1016.9,1016.5,77.34,382.82,294.71,33.9147,11.7961,402.5,62.7,1494.913, NAN, NAN, NAN, NAN,,2024/04/20 12:25:49.285,2024-04-20 12:25:49.285000+00:00
2024/04/20, 12:26:49.286,38.718,-72.739,11.88,52.55,55.37,10.83,10.2,10.3,1014.5,1014.5,0.0,0.0,85.13,78.53,317,318,3.9,5.5,100.0,100.0,3.9,4.2,279.1,301.7,1016.6,1016.6,80.25,382.93,308.9,33.9004,11.7681,400.6,62.7,1494.799, NAN, NAN, NAN, NAN,,2024/04/20 12:26:49.286,2024-04-20 12:26:49.286000+00:00
2024/04/20, 12:27:49.286,38.72,-72.736,12.1,52.89,54.55,11.13,10.2,10.3,1014.4,1014.3,0.0,0.0,85.13,78.53,326,324,4.3,5.7,100.0,100.0,3.3,3.7,282.5,305.2,1016.5,1016.4,97.04,383.3,357.55,33.8888,11.7439,402.5,62.7,1494.702, NAN, NAN, NAN, NAN,,2024/04/20 12:27:49.286,2024-04-20 12:27:49.286000+00:00
2024/04/20, 12:28:49.286,38.722,-72.733,11.87,51.96,48.86,10.36,10.2,10.3,1014.5,1014.4,0.0,0.0,85.13,78.53,325,324,3.6,5.3,100.0,100.0,3.1,3.2,271.8,303.1,1016.6,1016.5,111.67,382.66,398.92,33.8802,11.7227,404.3,62.7,1494.619, NAN, NAN, NAN, NAN,,2024/04/20 12:28:49.286,2024-04-20 12:28:49.286000+00:00
2024/04/20, 12:29:49.286,38.723,-72.73,11.75,52.48,50.71,10.42,10.3,10.3,1014.4,1014.7,0.0,0.0,85.13,78.53,326,323,3.6,4.9,100.0,100.0,3.1,3.3,273.0,296.5,1016.5,1016.8,101.5,383.15,377.96,33.874,11.7046,404.0,62.7,1494.549, NAN, NAN, NAN, NAN,,2024/04/20 12:29:49.286,2024-04-20 12:29:49.286000+00:00
2024/04/20, 12:30:49.286,38.725,-72.727,11.62,53.33,53.16,10.82,10.3,10.3,1014.4,1014.3,0.0,0.0,85.13,78.53,327,325,4.1,5.4,100.0,100.0,3.1,3.4,280.8,303.7,1016.5,1016.4,108.9,382.89,395.11,33.8675,11.6823,403.5,62.7,1494.464, NAN, NAN, NAN, NAN,,2024/04/20 12:30:49.286,2024-04-20 12:30:49.286000+00:00
2024/04/20, 12:31:49.286,38.727,-72.724,11.81,52.24,50.98,10.74,10.3,10.3,1014.4,1014.4,0.0,0.0,85.13,78.53,325,322,4.3,5.9,100.0,100.0,3.1,3.7,282.5,308.5,1016.5,1016.5,96.79,383.05,362.98,33.8624,11.6666,403.5,62.7,1494.404, NAN, NAN, NAN, NAN,,2024/04/20 12:31:49.286,2024-04-20 12:31:49.286000+00:00
2024/04/20, 12:32:49.286,38.729,-72.721,11.42,53.01,54.35,10.7,10.3,10.3,1014.4,1014.2,0.0,0.0,85.13,78.53,326,325,3.7,4.9,100.0,100.0,3.3,3.3,275.1,296.2,1016.5,1016.3,103.36,383.18,384.03,33.8533,11.6612,404.9,62.7,1494.374, NAN, NAN, NAN, NAN,,2024/04/20 12:32:49.286,2024-04-20 12:32:49.286000+00:00
2024/04/20, 12:33:49.286,38.73,-72.718,11.63,53.02,55.63,10.52,10.3,10.3,1014.4,1014.2,0.0,0.0,85.13,78.53,332,328,3.7,5.0,100.0,100.0,2.9,3.1,275.0,300.7,1016.5,1016.3,115.86,382.62,422.58,33.8513,11.6704,404.6,62.6,1494.404, NAN, NAN, NAN, NAN,,2024/04/20 12:33:49.286,2024-04-20 12:33:49.286000+00:00
2024/04/20, 12:34:49.286,38.732,-72.715,11.72,52.46,55.35,10.55,10.3,10.3,1014.3,1014.3,0.0,0.0,85.13,78.53,337,333,3.3,3.9,100.0,100.0,2.8,2.8,264.0,277.5,1016.4,1016.4,110.23,383.59,420.22,33.851,11.6881,404.6,62.5,1494.464, NAN, NAN, NAN, NAN,,2024/04/20 12:34:49.286,2024-04-20 12:34:49.286000+00:00
2024/04/20, 12:35:49.286,38.734,-72.711,11.84,51.54,54.19,10.3,10.3,10.4,1014.3,1014.0,0.0,0.0,85.13,78.53,341,336,3.6,4.0,100.0,100.0,2.3,2.5,267.6,279.7,1016.4,1016.1,133.8,383.18,489.88,33.8572,11.7036,404.0,62.5,1494.525, NAN, NAN, NAN, NAN,,2024/04/20 12:35:49.286,2024-04-20 12:35:49.286000+00:00
2024/04/20, 12:36:49.286,38.736,-72.708,11.59,52.96,48.64,10.76,10.3,10.4,1014.0,1014.0,0.0,0.0,85.13,78.53,339,334,4.0,4.2,100.0,100.0,2.2,2.4,268.1,276.6,1016.1,1016.1,162.94,383.07,578.17,33.8642,11.7004,404.0,62.4,1494.523, NAN, NAN, NAN, NAN,,2024/04/20 12:36:49.286,2024-04-20 12:36:49.286000+00:00
2024/04/20, 12:37:49.286,38.737,-72.705,11.85,52.4,51.0,10.89,10.4,10.4,1014.3,1014.0,0.0,0.0,85.13,78.53,347,341,3.7,3.9,100.0,100.0,2.1,2.3,254.1,265.2,1016.4,1016.1,163.8,383.72,596.97,33.876,11.6831,402.2,62.4,1494.477, NAN, NAN, NAN, NAN,,2024/04/20 12:37:49.286,2024-04-20 12:37:49.286000+00:00
2024/04/20, 12:38:49.286,38.739,-72.702,11.42,52.37,49.98,10.54,10.3,10.4,1014.3,1014.1,0.0,0.0,85.13,78.53,341,336,3.6,3.7,100.0,100.0,2.3,2.5,262.0,268.4,1016.4,1016.2,197.33,382.18,705.4,33.8756,11.67,401.2,62.5,1494.432, NAN, NAN, NAN, NAN,,2024/04/20 12:38:49.286,2024-04-20 12:38:49.286000+00:00
2024/04/20, 12:39:49.286,38.741,-72.699,11.68,52.22,53.6,10.66,10.3,10.4,1014.1,1014.0,0.0,0.0,85.13,78.53,351,346,3.6,3.5,100.0,100.0,2.0,2.3,251.3,256.7,1016.2,1016.1,223.56,381.45,801.41,33.868,11.6655,401.9,62.5,1494.407, NAN, NAN, NAN, NAN,,2024/04/20 12:39:49.286,2024-04-20 12:39:49.286000+00:00
2024/04/20, 12:40:49.286,38.743,-72.696,11.9,52.74,53.06,10.77,10.3,10.4,1014.1,1014.3,0.0,0.0,85.13,78.53,351,345,3.6,3.4,100.0,100.0,2.1,2.4,250.3,255.5,1016.2,1016.4,222.97,381.55,791.03,33.8572,11.6635,402.5,62.4,1494.387, NAN, NAN, NAN, NAN,,2024/04/20 12:40:49.286,2024-04-20 12:40:49.286000+00:00
2024/04/20, 12:41:49.286,38.744,-72.693,11.89,53.27,55.68,10.88,10.3,10.4,1014.1,1013.8,0.0,0.0,85.13,78.53,353,348,3.5,3.5,100.0,100.0,2.2,2.3,249.0,255.8,1016.2,1015.9,200.12,383.0,719.44,33.8484,11.6572,399.5,62.6,1494.355, NAN, NAN, NAN, NAN,,2024/04/20 12:41:49.286,2024-04-20 12:41:49.286000+00:00
2024/04/20, 12:42:49.287,38.746,-72.69,11.97,52.23,54.6,10.69,10.4,10.4,1013.9,1014.1,0.0,0.0,85.13,78.53,357,353,4.1,3.9,100.0,100.0,1.4,1.7,247.6,253.9,1016.0,1016.2,193.46,383.79,699.0,33.8424,11.6483,398.2,62.7,1494.317, NAN, NAN, NAN, NAN,,2024/04/20 12:42:49.287,2024-04-20 12:42:49.287000+00:00
2024/04/20, 12:43:49.287,38.748,-72.687,11.99,52.29,50.07,10.78,10.4,10.4,1014.0,1014.2,0.0,0.0,85.13,78.53,347,339,3.9,3.7,100.0,100.0,1.9,2.4,257.0,263.2,1016.1,1016.3,164.47,384.06,592.44,33.8355,11.634,395.5,62.6,1494.259, NAN, NAN, NAN, NAN,,2024/04/20 12:43:49.287,2024-04-20 12:43:49.287000+00:00
2024/04/20, 12:44:49.287,38.75,-72.684,11.88,52.65,55.3,10.89,10.4,10.4,1014.1,1014.1,0.0,0.0,85.13,78.53,356,348,4.4,4.2,100.0,100.0,1.3,1.8,255.9,268.8,1016.2,1016.2,152.49,383.74,561.37,33.827,11.6169,398.8,62.7,1494.19, NAN, NAN, NAN, NAN,,2024/04/20 12:44:49.287,2024-04-20 12:44:49.287000+00:00
2024/04/20, 12:45:49.287,38.752,-72.681,11.86,52.84,55.96,10.63,10.4,10.4,1014.1,1013.7,0.0,0.0,85.13,78.53,352,346,4.2,4.2,100.0,100.0,1.5,1.8,261.6,272.4,1016.2,1015.8,159.68,383.62,585.05,33.8199,11.5948,400.3,62.7,1494.105, NAN, NAN, NAN, NAN,,2024/04/20 12:45:49.287,2024-04-20 12:45:49.287000+00:00
2024/04/20, 12:46:49.287,38.753,-72.678,11.76,53.31,61.09,10.47,10.4,10.4,1014.0,1013.8,0.0,0.0,85.13,78.53,351,347,4.2,4.2,100.0,100.0,1.6,1.8,273.2,279.0,1016.1,1015.9,183.61,383.71,656.22,33.812,11.5677,402.5,62.7,1494.002, NAN, NAN, NAN, NAN,,2024/04/20 12:46:49.287,2024-04-20 12:46:49.287000+00:00
2024/04/20, 12:47:49.287,38.755,-72.675,11.58,52.81,56.9,10.88,10.3,10.4,1013.8,1013.7,0.0,0.0,85.13,78.53,356,351,4.5,4.4,100.0,100.0,1.2,1.6,260.9,270.6,1015.9,1015.8,204.34,383.55,727.7,33.8045,11.5486,402.2,62.6,1493.927, NAN, NAN, NAN, NAN,,2024/04/20 12:47:49.287,2024-04-20 12:47:49.287000+00:00
2024/04/20, 12:48:49.287,38.757,-72.672,11.75,53.06,52.87,10.58,10.3,10.4,1013.8,1013.9,0.0,0.0,85.13,78.53,356,349,4.3,4.3,100.0,100.0,1.2,1.5,248.3,267.5,1015.9,1016.0,228.24,383.68,836.04,33.7951,11.5361,398.5,62.7,1493.872, NAN, NAN, NAN, NAN,,2024/04/20 12:48:49.287,2024-04-20 12:48:49.287000+00:00
2024/04/20, 12:49:49.287,38.759,-72.669,11.66,52.82,56.36,10.75,10.3,10.4,1014.1,1013.8,0.0,0.0,85.13,78.53,354,348,4.2,4.2,100.0,100.0,1.5,1.8,258.3,270.0,1016.2,1015.9,243.99,381.7,880.64,33.7882,11.5276,400.1,62.7,1493.834, NAN, NAN, NAN, NAN,,2024/04/20 12:49:49.287,2024-04-20 12:49:49.287000+00:00
2024/04/20, 12:50:49.287,38.76,-72.665,11.85,52.5,54.42,10.85,10.3,10.4,1013.8,1013.8,0.0,0.0,85.13,78.53,351,343,4.1,4.2,100.0,100.0,1.7,2.1,261.2,274.9,1015.9,1015.9,217.26,381.78,787.78,33.7835,11.5213,398.5,62.6,1493.807, NAN, NAN, NAN, NAN,,2024/04/20 12:50:49.287,2024-04-20 12:50:49.287000+00:00
2024/04/20, 12:51:49.287,38.762,-72.662,11.8,52.53,55.83,10.75,10.3,10.4,1013.9,1013.8,0.0,0.0,85.13,78.53,354,348,4.3,4.4,100.0,100.0,1.4,1.7,260.4,275.2,1016.0,1015.9,205.17,380.16,767.15,33.7795,11.5154,394.8,62.7,1493.782, NAN, NAN, NAN, NAN,,2024/04/20 12:51:49.287,2024-04-20 12:51:49.287000+00:00
2024/04/20, 12:52:49.287,38.764,-72.659,11.54,53.27,52.73,10.85,10.3,10.4,1013.6,1013.6,0.0,0.0,85.13,78.53,354,348,4.3,4.2,100.0,100.0,1.4,1.7,254.3,265.5,1015.7,1015.7,188.71,379.97,723.72,33.7728,11.5183,395.8,62.5,1493.784, NAN, NAN, NAN, NAN,,2024/04/20 12:52:49.287,2024-04-20 12:52:49.287000+00:00
2024/04/20, 12:53:49.287,38.766,-72.656,11.61,52.26,53.27,10.17,10.4,10.4,1014.0,1013.7,0.0,0.0,85.13,78.53,356,351,4.4,4.5,100.0,100.0,0.9,1.1,255.8,276.5,1016.1,1015.8,200.27,384.37,754.51,33.7751,11.5166,399.2,62.6,1493.78, NAN, NAN, NAN, NAN,,2024/04/20 12:53:49.287,2024-04-20 12:53:49.287000+00:00
2024/04/20, 12:54:49.287,38.768,-72.653,11.76,52.69,56.13,10.89,10.4,10.4,1013.8,1013.7,0.0,0.0,85.13,78.53,356,350,4.8,4.6,100.0,100.0,1.0,1.5,268.0,276.9,1015.9,1015.8,233.68,380.48,835.23,33.7749,11.533,398.8,62.6,1493.837, NAN, NAN, NAN, NAN,,2024/04/20 12:54:49.287,2024-04-20 12:54:49.287000+00:00
2024/04/20, 12:55:49.287,38.769,-72.65,11.83,52.76,52.64,11.02,10.4,10.4,1013.7,1013.6,0.0,0.0,85.13,78.53,350,346,5.0,5.0,100.0,100.0,1.2,1.5,284.6,290.4,1015.8,1015.7,187.87,383.34,702.78,33.7728,11.5471,395.5,62.7,1493.883, NAN, NAN, NAN, NAN,,2024/04/20 12:55:49.287,2024-04-20 12:55:49.287000+00:00
2024/04/20, 12:56:49.287,38.771,-72.647,11.91,52.59,51.8,11.23,10.4,10.4,1013.8,1013.8,0.0,0.0,85.13,78.53,351,346,5.1,5.0,100.0,100.0,1.1,1.5,278.9,284.6,1015.9,1015.9,215.65,383.7,789.22,33.7749,11.5541,397.2,62.9,1493.91, NAN, NAN, NAN, NAN,,2024/04/20 12:56:49.287,2024-04-20 12:56:49.287000+00:00
2024/04/20, 12:57:49.287,38.773,-72.644,11.85,52.63,51.86,10.74,10.4,10.4,1014.0,1013.6,0.0,0.0,85.13,78.53,350,345,5.3,5.4,100.0,100.0,0.9,1.4,303.6,309.9,1016.1,1015.7,229.49,384.29,830.22,33.7744,11.5607,393.4,62.9,1493.932, NAN, NAN, NAN, NAN,,2024/04/20 12:57:49.287,2024-04-20 12:57:49.287000+00:00
2024/04/20, 12:58:49.287,38.775,-72.64,11.88,52.34,51.67,10.88,10.4,10.4,1013.8,1013.7,0.0,0.0,85.13,78.53,353,347,5.5,5.4,100.0,100.0,0.7,1.3,311.0,307.1,1015.9,1015.8,274.0,383.53,958.36,33.7745,11.5654,389.7,62.8,1493.949, NAN, NAN, NAN, NAN,,2024/04/20 12:58:49.287,2024-04-20 12:58:49.287000+00:00
2024/04/20, 12:59:49.287,38.777,-72.637,11.85,52.63,51.93,10.99,10.4,10.4,1013.6,1013.7,0.0,0.0,85.13,78.53,1,355,5.5,5.2,100.0,100.0,0.2,0.7,201.9,277.1,1015.7,1015.8,228.28,384.06,828.74,33.7701,11.5567,381.7,62.7,1493.913, NAN, NAN, NAN, NAN,,2024/04/20 12:59:49.287,2024-04-20 12:59:49.287000+00:00
2024/04/20, 13:00:49.288,38.778,-72.634,11.68,53.03,56.81,10.71,10.4,10.4,1013.8,1013.6,0.0,0.0,85.13,78.53,358,353,5.3,5.3,100.0,100.0,0.5,0.9,296.2,307.5,1015.9,1015.7,243.15,384.0,878.36,33.7663,11.5362,378.0,62.8,1493.838, NAN, NAN, NAN, NAN,,2024/04/20 13:00:49.288,2024-04-20 13:00:49.288000+00:00
2024/04/20, 13:01:49.288,38.78,-72.631,11.75,53.31,57.24,11.12,10.4,10.4,1013.6,1013.7,0.0,0.0,85.13,78.53,4,358,5.0,4.7,100.0,100.0,0.7,1.1,225.4,255.5,1015.7,1015.8,279.59,384.0,982.7,33.7582,11.5295,378.7,62.8,1493.805, NAN, NAN, NAN, NAN,,2024/04/20 13:01:49.288,2024-04-20 13:01:49.288000+00:00
2024/04/20, 13:02:49.288,38.782,-72.628,11.46,52.38,49.77,10.47,10.4,10.4,1013.6,1013.5,0.0,0.0,85.13,78.53,1,356,4.9,5.1,100.0,100.0,0.5,0.4,209.2,271.2,1015.7,1015.6,263.52,384.17,952.91,33.7423,11.5379,379.0,62.8,1493.815, NAN, NAN, NAN, NAN,,2024/04/20 13:02:49.288,2024-04-20 13:02:49.288000+00:00
2024/04/20, 13:03:49.288,38.784,-72.625,11.54,53.11,52.23,10.72,10.4,10.4,1013.8,1013.6,0.0,0.0,85.13,78.53,7,2,5.6,5.5,100.0,100.0,0.7,0.3,139.4,146.1,1015.9,1015.7,293.08,384.08,1022.03,33.7354,11.5472,381.4,62.9,1493.839, NAN, NAN, NAN, NAN,,2024/04/20 13:03:49.288,2024-04-20 13:03:49.288000+00:00
2024/04/20, 13:04:49.288,38.786,-72.622,11.78,52.05,50.77,10.57,10.4,10.4,1013.6,1013.5,0.0,0.0,85.13,78.53,3,0,5.4,5.4,100.0,100.0,0.4,0.2,147.2,154.0,1015.7,1015.6,307.79,384.69,1083.47,33.7262,11.5516,380.0,62.6,1493.843, NAN, NAN, NAN, NAN,,2024/04/20 13:04:49.288,2024-04-20 13:04:49.288000+00:00
2024/04/20, 13:05:49.288,38.788,-72.619,11.54,53.07,45.39,11.03,10.4,10.4,1013.8,1013.8,0.0,0.0,85.13,78.53,7,359,5.2,5.0,100.0,100.0,1.1,0.7,169.0,208.9,1015.9,1015.9,301.27,384.31,1082.46,33.7181,11.5609,379.3,62.6,1493.866, NAN, NAN, NAN, NAN,,2024/04/20 13:05:49.288,2024-04-20 13:05:49.288000+00:00
2024/04/20, 13:06:49.288,38.789,-72.616,11.49,53.83,52.79,10.72,10.4,10.4,1013.8,1013.7,0.0,0.0,85.13,78.53,5,359,5.2,4.9,100.0,100.0,0.6,0.6,179.1,240.6,1015.9,1015.8,303.45,384.31,1093.94,33.7089,11.566,375.6,62.7,1493.872, NAN, NAN, NAN, NAN,,2024/04/20 13:06:49.288,2024-04-20 13:06:49.288000+00:00
2024/04/20, 13:07:49.288,38.791,-72.613,11.79,52.93,50.9,10.58,10.4,10.4,1013.7,1013.7,0.0,0.0,85.13,78.53,14,7,5.3,5.1,100.0,100.0,1.4,0.8,154.7,169.5,1015.8,1015.8,289.12,384.44,1048.89,33.7015,11.5689,376.8,62.9,1493.873, NAN, NAN, NAN, NAN,,2024/04/20 13:07:49.288,2024-04-20 13:07:49.288000+00:00
2024/04/20, 13:08:49.288,38.793,-72.61,11.82,52.82,51.64,10.3,10.4,10.4,1013.6,1013.4,0.0,0.0,85.13,78.53,11,4,5.8,5.8,100.0,100.0,1.3,0.7,124.3,97.7,1015.7,1015.5,346.59,384.15,1238.65,33.6946,11.5717,373.9,62.8,1493.875, NAN, NAN, NAN, NAN,,2024/04/20 13:08:49.288,2024-04-20 13:08:49.288000+00:00
2024/04/20, 13:09:49.288,38.795,-72.607,11.62,54.04,54.41,11.01,10.4,10.4,1013.4,1013.5,0.0,0.0,85.13,78.53,16,12,6.3,5.9,100.0,100.0,1.8,1.2,131.1,138.8,1015.5,1015.6,364.24,382.61,1305.83,33.6842,11.576,373.2,62.6,1493.877, NAN, NAN, NAN, NAN,,2024/04/20 13:09:49.288,2024-04-20 13:09:49.288000+00:00
2024/04/20, 13:10:49.288,38.797,-72.604,11.3,54.1,55.29,10.5,10.4,10.4,1013.5,1013.5,0.0,0.0,85.13,78.53,15,8,5.8,5.7,100.0,100.0,1.5,0.8,136.3,126.6,1015.6,1015.6,388.46,383.41,1394.34,33.6781,11.5738,371.5,62.8,1493.862, NAN, NAN, NAN, NAN,,2024/04/20 13:10:49.288,2024-04-20 13:10:49.288000+00:00
2024/04/20, 13:11:49.288,38.798,-72.601,11.79,53.29,54.22,10.34,10.4,10.4,1013.5,1013.4,0.0,0.0,85.13,78.53,8,4,5.5,5.4,100.0,100.0,0.9,0.5,134.6,134.6,1015.6,1015.5,363.44,383.4,1299.68,33.6717,11.5698,373.6,62.9,1493.841, NAN, NAN, NAN, NAN,,2024/04/20 13:11:49.288,2024-04-20 13:11:49.288000+00:00
2024/04/20, 13:12:49.288,38.8,-72.598,11.41,54.05,52.71,10.77,10.4,10.4,1013.5,1013.6,0.0,0.0,85.13,78.53,7,1,5.5,5.2,100.0,100.0,0.8,0.4,149.5,201.8,1015.6,1015.7,335.27,384.18,1189.86,33.6612,11.57,372.0,62.8,1493.829, NAN, NAN, NAN, NAN,,2024/04/20 13:12:49.288,2024-04-20 13:12:49.288000+00:00
2024/04/20, 13:13:49.288,38.802,-72.595,11.55,54.88,51.47,10.64,10.4,10.4,1013.6,1013.6,0.0,0.0,85.13,78.53,6,1,5.2,5.2,100.0,100.0,0.9,0.4,164.7,181.4,1015.7,1015.7,293.23,384.2,1054.3,33.6565,11.5664,370.0,62.9,1493.811, NAN, NAN, NAN, NAN,,2024/04/20 13:13:49.288,2024-04-20 13:13:49.288000+00:00
2024/04/20, 13:14:49.288,38.804,-72.592,11.62,53.1,52.02,10.6,10.4,10.4,1013.6,1013.8,0.0,0.0,85.13,78.53,6,0,5.1,4.9,100.0,100.0,0.7,0.6,174.0,223.2,1015.7,1015.9,253.31,384.5,923.12,33.6492,11.5563,372.8,62.9,1493.767, NAN, NAN, NAN, NAN,,2024/04/20 13:14:49.288,2024-04-20 13:14:49.288000+00:00
2024/04/20, 13:15:49.289,38.806,-72.589,11.83,53.88,52.22,11.19,10.3,10.4,1013.6,1013.6,0.0,0.0,85.13,78.53,6,0,5.4,5.1,100.0,100.0,0.8,0.7,170.9,218.5,1015.7,1015.7,249.37,383.82,898.12,33.6407,11.5206,374.0,62.9,1493.633, NAN, NAN, NAN, NAN,,2024/04/20 13:15:49.289,2024-04-20 13:15:49.289000+00:00
2024/04/20, 13:16:49.289,38.808,-72.586,11.71,54.6,52.52,10.99,10.3,10.4,1013.8,1013.6,0.0,0.0,85.13,78.53,8,3,5.4,5.2,100.0,100.0,1.0,0.6,162.6,190.5,1015.9,1015.7,238.4,384.04,866.35,33.6334,11.459,370.5,63.1,1493.411, NAN, NAN, NAN, NAN,,2024/04/20 13:16:49.289,2024-04-20 13:16:49.289000+00:00
2024/04/20, 13:17:49.289,38.809,-72.582,11.74,53.94,52.37,11.0,10.3,10.4,1013.6,1013.7,0.0,0.0,85.13,78.53,4,358,5.0,4.8,100.0,100.0,0.8,0.9,198.6,237.0,1015.7,1015.8,246.9,384.15,887.74,33.6266,11.3803,383.0,62.9,1493.129, NAN, NAN, NAN, NAN,,2024/04/20 13:17:49.289,2024-04-20 13:17:49.289000+00:00
2024/04/20, 13:18:49.289,38.811,-72.579,11.64,53.25,49.98,10.75,10.3,10.3,1013.6,1013.6,0.0,0.0,85.13,78.53,4,358,4.8,4.7,100.0,100.0,0.9,0.8,198.8,232.9,1015.7,1015.7,217.27,383.99,794.19,33.6175,11.2832,388.8,62.9,1492.78, NAN, NAN, NAN, NAN,,2024/04/20 13:18:49.289,2024-04-20 13:18:49.289000+00:00
2024/04/20, 13:19:49.289,38.813,-72.576,11.75,53.89,52.86,11.25,10.3,10.3,1013.7,1013.7,0.0,0.0,85.13,78.53,4,357,5.1,5.0,100.0,100.0,0.8,0.8,204.3,249.6,1015.8,1015.8,180.63,383.58,679.11,33.6109,11.2101,390.0,62.7,1492.517, NAN, NAN, NAN, NAN,,2024/04/20 13:19:49.289,2024-04-20 13:19:49.289000+00:00
2024/04/20, 13:20:49.289,38.815,-72.573,11.69,53.91,51.18,10.78,10.3,10.3,1013.7,1014.0,0.0,0.0,85.13,78.53,4,356,5.1,4.6,100.0,100.0,0.7,1.0,187.6,246.0,1015.8,1016.1,179.79,383.86,669.61,33.6045,11.1526,388.4,62.8,1492.308, NAN, NAN, NAN, NAN,,2024/04/20 13:20:49.289,2024-04-20 13:20:49.289000+00:00
2024/04/20, 13:21:49.289,38.817,-72.57,11.58,53.03,55.28,10.06,10.3,10.3,1014.0,1013.8,0.0,0.0,85.13,78.53,6,358,5.1,4.8,100.0,100.0,0.5,0.4,154.2,261.3,1016.1,1015.9,198.2,383.55,722.75,33.6023,11.1236,392.1,62.7,1492.204, NAN, NAN, NAN, NAN,,2024/04/20 13:21:49.289,2024-04-20 13:21:49.289000+00:00
2024/04/20, 13:22:49.289,38.819,-72.567,11.52,53.71,53.6,11.03,10.3,10.3,1013.6,1013.6,0.0,0.0,85.13,78.53,7,1,5.0,4.9,100.0,100.0,0.9,0.8,193.8,228.8,1015.7,1015.7,209.67,383.65,756.88,33.598,11.1066,395.5,62.7,1492.139, NAN, NAN, NAN, NAN,,2024/04/20 13:22:49.289,2024-04-20 13:22:49.289000+00:00
2024/04/20, 13:23:49.289,38.82,-72.564,11.77,54.11,51.06,11.28,10.3,10.3,1013.7,1013.7,0.0,0.0,85.13,78.53,4,358,5.2,5.1,100.0,100.0,0.8,0.7,192.7,234.5,1015.8,1015.8,192.82,383.65,715.66,33.5988,11.0954,408.3,62.8,1492.101, NAN, NAN, NAN, NAN,,2024/04/20 13:23:49.289,2024-04-20 13:23:49.289000+00:00
2024/04/20, 13:24:49.289,38.822,-72.561,11.49,53.74,52.78,10.86,10.3,10.3,1013.6,1013.4,0.0,0.0,85.13,78.53,2,359,4.9,4.9,100.0,100.0,0.7,0.7,213.5,234.0,1015.7,1015.5,179.88,383.46,673.77,33.5968,11.093,411.0,62.7,1492.09, NAN, NAN, NAN, NAN,,2024/04/20 13:24:49.289,2024-04-20 13:24:49.289000+00:00
2024/04/20, 13:25:49.289,38.824,-72.558,11.55,53.84,52.01,10.96,10.2,10.3,1013.7,1013.5,0.0,0.0,85.13,78.53,3,358,5.0,5.0,100.0,100.0,0.8,0.6,202.2,237.7,1015.8,1015.6,173.51,383.56,651.82,33.5959,11.1036,412.9,62.8,1492.126, NAN, NAN, NAN, NAN,,2024/04/20 13:25:49.289,2024-04-20 13:25:49.289000+00:00
2024/04/20, 13:26:49.289,38.826,-72.555,11.27,53.49,48.29,10.89,10.2,10.3,1013.7,1013.6,0.0,0.0,85.13,78.53,6,357,5.0,4.8,100.0,100.0,1.0,0.8,179.9,229.2,1015.8,1015.7,188.71,383.58,692.8,33.5909,11.1201,404.6,62.7,1492.178, NAN, NAN, NAN, NAN,,2024/04/20 13:26:49.289,2024-04-20 13:26:49.289000+00:00
2024/04/20, 13:27:49.289,38.828,-72.551,11.56,53.62,50.79,11.08,10.2,10.3,1013.8,1013.6,0.0,0.0,85.13,78.53,2,356,4.8,4.7,100.0,100.0,1.0,1.0,211.8,241.4,1015.9,1015.7,198.87,383.81,727.41,33.5833,11.1188,405.9,62.9,1492.164, NAN, NAN, NAN, NAN,,2024/04/20 13:27:49.289,2024-04-20 13:27:49.289000+00:00
2024/04/20, 13:28:49.289,38.829,-72.548,11.55,54.29,53.56,10.69,10.3,10.3,1013.9,1013.7,0.0,0.0,85.13,78.53,2,355,5.1,4.9,100.0,100.0,0.5,0.7,196.1,259.9,1016.0,1015.8,186.56,383.79,694.0,33.5824,11.1124,406.5,63.0,1492.14, NAN, NAN, NAN, NAN,,2024/04/20 13:28:49.289,2024-04-20 13:28:49.289000+00:00
2024/04/20, 13:29:49.289,38.831,-72.545,11.78,53.05,53.34,10.67,10.2,10.3,1013.8,1013.8,0.0,0.0,85.13,78.53,3,356,5.1,4.9,100.0,100.0,0.5,0.7,196.4,261.1,1015.9,1015.9,182.23,383.94,681.35,33.5783,11.1029,406.5,62.8,1492.102, NAN, NAN, NAN, NAN,,2024/04/20 13:29:49.289,2024-04-20 13:29:49.289000+00:00
2024/04/20, 13:30:49.289,38.833,-72.542,11.83,53.4,46.4,10.86,10.3,10.3,1013.6,1013.6,0.0,0.0,85.13,78.53,5,359,5.0,5.0,100.0,100.0,1.0,0.6,180.7,209.5,1015.7,1015.7,193.85,383.88,709.32,33.5733,11.1036,405.9,62.7,1492.099, NAN, NAN, NAN, NAN,,2024/04/20 13:30:49.289,2024-04-20 13:30:49.289000+00:00
2024/04/20, 13:31:49.289,38.835,-72.539,11.34,54.09,55.71,10.88,10.3,10.3,1013.9,1013.7,0.0,0.0,85.13,78.53,10,4,4.8,4.6,100.0,100.0,1.1,1.0,194.5,222.7,1016.0,1015.8,194.63,383.84,712.82,33.5677,11.1205,401.6,62.4,1492.151, NAN, NAN, NAN, NAN,,2024/04/20 13:31:49.289,2024-04-20 13:31:49.289000+00:00
2024/04/20, 13:32:49.290,38.837,-72.536,11.62,53.94,53.78,10.55,10.3,10.3,1013.7,1013.4,0.0,0.0,85.13,78.53,9,2,4.6,4.5,100.0,100.0,1.1,0.9,194.5,224.1,1015.8,1015.5,192.45,383.92,705.4,33.563,11.1317,402.5,62.7,1492.185, NAN, NAN, NAN, NAN,,2024/04/20 13:32:49.290,2024-04-20 13:32:49.290000+00:00
2024/04/20, 13:33:49.290,38.838,-72.533,11.6,53.36,52.61,10.85,10.2,10.3,1013.6,1013.7,0.0,0.0,85.13,78.53,10,3,4.8,4.3,100.0,100.0,1.2,1.3,187.7,221.9,1015.7,1015.8,187.02,384.15,691.21,33.5609,11.1442,400.6,62.9,1492.226, NAN, NAN, NAN, NAN,,2024/04/20 13:33:49.290,2024-04-20 13:33:49.290000+00:00
2024/04/20, 13:34:49.290,38.84,-72.53,11.55,54.18,55.79,11.02,10.2,10.3,1013.8,1013.6,0.0,0.0,85.13,78.53,15,9,5.1,4.7,100.0,100.0,1.4,1.2,175.1,201.9,1015.9,1015.7,190.42,383.98,703.77,33.56,11.1483,395.5,62.8,1492.239, NAN, NAN, NAN, NAN,,2024/04/20 13:34:49.290,2024-04-20 13:34:49.290000+00:00
2024/04/20, 13:35:49.290,38.842,-72.527,11.78,53.05,52.19,11.25,10.3,10.3,1013.6,1013.6,0.0,0.0,85.13,78.53,8,1,5.0,4.9,100.0,100.0,1.1,0.9,191.7,225.3,1015.7,1015.7,197.47,383.89,727.04,33.5627,11.1449,390.2,62.7,1492.231, NAN, NAN, NAN, NAN,,2024/04/20 13:35:49.290,2024-04-20 13:35:49.290000+00:00
2024/04/20, 13:36:49.290,38.844,-72.524,11.68,54.34,50.51,10.98,10.3,10.3,1013.6,1013.5,0.0,0.0,85.13,78.53,5,359,4.7,4.6,100.0,100.0,1.2,1.1,198.5,223.5,1015.7,1015.6,198.94,384.12,740.93,33.5665,11.1283,387.8,62.7,1492.177, NAN, NAN, NAN, NAN,,2024/04/20 13:36:49.290,2024-04-20 13:36:49.290000+00:00
2024/04/20, 13:37:49.290,38.846,-72.521,11.62,53.36,52.33,10.79,10.3,10.3,1013.5,1013.6,0.0,0.0,85.13,78.53,4,358,4.4,4.4,100.0,100.0,1.2,1.2,216.0,238.3,1015.6,1015.7,190.84,383.92,709.42,33.5738,11.1093,385.4,62.7,1492.119, NAN, NAN, NAN, NAN,,2024/04/20 13:37:49.290,2024-04-20 13:37:49.290000+00:00
2024/04/20, 13:38:49.290,38.847,-72.517,11.66,53.97,54.56,11.32,10.3,10.3,1013.8,1013.4,0.0,0.0,85.13,78.53,3,358,4.4,4.3,100.0,100.0,1.4,1.5,227.3,242.0,1015.9,1015.5,186.24,383.77,693.03,33.5771,11.08,381.4,62.6,1492.021, NAN, NAN, NAN, NAN,,2024/04/20 13:38:49.290,2024-04-20 13:38:49.290000+00:00
2024/04/20, 13:39:49.290,38.849,-72.514,11.7,53.8,56.48,11.05,10.2,10.3,1013.4,1013.4,0.0,0.0,85.13,78.53,6,0,4.3,4.1,100.0,100.0,1.4,1.6,220.9,238.5,1015.5,1015.5,194.51,383.81,721.97,33.5772,11.0369,378.7,62.6,1491.869, NAN, NAN, NAN, NAN,,2024/04/20 13:39:49.290,2024-04-20 13:39:49.290000+00:00
2024/04/20, 13:40:49.290,38.851,-72.511,11.85,54.05,53.0,11.25,10.2,10.3,1013.6,1013.5,0.0,0.0,85.13,78.53,6,359,4.5,4.4,100.0,100.0,1.4,1.4,214.1,237.0,1015.7,1015.6,222.63,383.68,811.81,33.5769,10.9883,379.6,62.7,1491.698, NAN, NAN, NAN, NAN,,2024/04/20 13:40:49.290,2024-04-20 13:40:49.290000+00:00
2024/04/20, 13:41:49.290,38.853,-72.508,11.99,53.38,51.09,11.06,10.2,10.3,1013.5,1013.6,0.0,0.0,85.13,78.53,2,357,4.4,4.3,100.0,100.0,1.3,1.4,222.8,239.0,1015.6,1015.7,228.35,384.05,834.7,33.5744,10.9714,380.3,62.7,1491.636, NAN, NAN, NAN, NAN,,2024/04/20 13:41:49.290,2024-04-20 13:41:49.290000+00:00
2024/04/20, 13:42:49.290,38.855,-72.505,11.78,53.6,54.78,11.07,10.2,10.3,1013.4,1013.6,0.0,0.0,85.13,78.53,7,1,4.3,4.2,100.0,100.0,1.5,1.5,216.2,233.8,1015.5,1015.7,202.44,384.2,760.22,33.5669,10.9833,391.5,62.7,1491.669, NAN, NAN, NAN, NAN,,2024/04/20 13:42:49.290,2024-04-20 13:42:49.290000+00:00
2024/04/20, 13:43:49.290,38.857,-72.501,11.75,54.65,55.56,10.89,10.3,10.3,1013.7,1013.5,0.0,0.0,85.13,78.53,1,356,4.1,3.9,100.0,100.0,1.5,1.7,231.4,243.2,1015.8,1015.6,189.46,383.93,712.92,33.564,11.0051,400.3,62.8,1491.742, NAN, NAN, NAN, NAN,,2024/04/20 13:43:49.290,2024-04-20 13:43:49.290000+00:00
2024/04/20, 13:44:49.290,38.858,-72.498,11.54,52.98,52.53,11.14,10.2,10.3,1013.6,1013.7,0.0,0.0,85.13,78.53,0,353,3.6,3.6,100.0,100.0,2.1,2.2,233.0,244.5,1015.7,1015.8,169.79,383.59,651.95,33.5723,10.9921,409.9,62.7,1491.706, NAN, NAN, NAN, NAN,,2024/04/20 13:44:49.290,2024-04-20 13:44:49.290000+00:00
2024/04/20, 13:45:49.290,38.86,-72.495,11.61,54.28,55.91,10.98,10.2,10.3,1013.7,1013.6,0.0,0.0,85.13,78.53,4,357,4.1,3.9,100.0,100.0,1.6,1.8,227.8,244.5,1015.8,1015.7,158.95,383.79,613.57,33.5805,10.7242,408.6,62.9,1490.772, NAN, NAN, NAN, NAN,,2024/04/20 13:45:49.290,2024-04-20 13:45:49.290000+00:00
2024/04/20, 13:46:49.290,38.862,-72.492,11.47,54.27,53.93,10.63,10.2,10.3,1013.7,1013.6,0.0,0.0,85.13,78.53,6,0,3.2,3.3,100.0,100.0,2.3,2.2,225.3,233.6,1015.8,1015.7,155.81,383.5,602.45,33.5869,10.4178,406.7,62.8,1489.691, NAN, NAN, NAN, NAN,,2024/04/20 13:46:49.290,2024-04-20 13:46:49.290000+00:00
2024/04/20, 13:47:49.290,38.864,-72.489,10.71,54.29,53.63,10.8,10.2,10.2,1013.6,1013.8,0.0,0.0,85.13,78.53,0,356,3.6,3.3,100.0,100.0,2.0,2.3,234.0,239.9,1015.7,1015.9,150.5,383.43,584.46,33.5543,10.1755,409.2,62.6,1488.785, NAN, NAN, NAN, NAN,,2024/04/20 13:47:49.290,2024-04-20 13:47:49.290000+00:00
2024/04/20, 13:48:49.291,38.865,-72.486,11.33,53.58,52.33,10.87,10.2,10.2,1013.8,1013.8,0.0,0.0,85.13,78.53,9,0,3.5,3.8,100.0,100.0,2.2,1.8,219.2,233.6,1015.9,1015.9,157.77,383.5,606.58,33.4615,9.9958,419.0,62.5,1488.026, NAN, NAN, NAN, NAN,,2024/04/20 13:48:49.291,2024-04-20 13:48:49.291000+00:00
2024/04/20, 13:49:49.291,38.867,-72.483,11.53,54.13,52.41,11.35,10.2,10.2,1013.7,1013.7,0.0,0.0,85.13,78.53,8,1,4.6,4.5,100.0,100.0,1.4,1.3,206.0,228.9,1015.8,1015.8,158.49,383.29,607.77,33.3945,9.8401,428.8,62.7,1487.382, NAN, NAN, NAN, NAN,,2024/04/20 13:49:49.291,2024-04-20 13:49:49.291000+00:00
2024/04/20, 13:50:49.291,38.869,-72.48,11.49,53.53,53.03,10.89,10.2,10.2,1013.8,1013.7,0.0,0.0,85.13,78.53,12,4,5.0,4.6,100.0,100.0,1.2,1.1,178.2,216.7,1015.9,1015.8,164.63,383.18,627.22,33.3404,9.7402,426.4,62.7,1486.954, NAN, NAN, NAN, NAN,,2024/04/20 13:50:49.291,2024-04-20 13:50:49.291000+00:00
2024/04/20, 13:51:49.291,38.871,-72.476,11.59,53.86,57.13,10.62,10.2,10.2,1013.6,1013.6,0.0,0.0,85.13,78.53,16,8,5.2,4.8,100.0,100.0,1.4,0.9,163.6,197.8,1015.7,1015.7,176.53,382.8,667.95,33.2881,9.6869,432.1,62.4,1486.697, NAN, NAN, NAN, NAN,,2024/04/20 13:51:49.291,2024-04-20 13:51:49.291000+00:00
2024/04/20, 13:52:49.291,38.872,-72.473,11.44,53.98,52.94,11.09,10.1,10.1,1013.6,1013.4,0.0,0.0,85.13,78.53,13,12,5.0,5.1,100.0,100.0,1.4,1.3,179.0,176.4,1015.7,1015.5,202.28,383.16,756.33,33.2627,9.7403,435.8,62.4,1486.86, NAN, NAN, NAN, NAN,,2024/04/20 13:52:49.291,2024-04-20 13:52:49.291000+00:00
2024/04/20, 13:53:49.291,38.874,-72.47,11.45,54.02,55.82,10.66,10.1,10.1,1013.6,1013.4,0.0,0.0,85.13,78.53,19,15,4.9,5.1,100.0,100.0,1.7,1.4,173.1,167.9,1015.7,1015.5,218.37,382.92,806.74,33.2306,9.8667,431.2,62.2,1487.279, NAN, NAN, NAN, NAN,,2024/04/20 13:53:49.291,2024-04-20 13:53:49.291000+00:00
2024/04/20, 13:54:49.291,38.876,-72.467,11.42,53.38,54.56,10.67,10.1,10.1,1013.3,1013.3,0.0,0.0,85.13,78.53,15,16,4.5,5.4,100.0,100.0,1.6,1.4,189.7,155.1,1015.4,1015.4,229.0,380.97,844.11,33.212,9.9488,418.0,62.0,1487.553, NAN, NAN, NAN, NAN,,2024/04/20 13:54:49.291,2024-04-20 13:54:49.291000+00:00
2024/04/20, 13:55:49.291,38.878,-72.464,11.5,53.5,55.49,10.94,10.1,10.0,1013.3,1013.3,0.0,0.0,85.13,78.53,24,20,5.1,5.6,100.0,100.0,2.2,1.8,170.0,155.0,1015.4,1015.4,242.89,377.66,898.31,33.2143,10.0121,410.7,62.1,1487.784, NAN, NAN, NAN, NAN,,2024/04/20 13:55:49.291,2024-04-20 13:55:49.291000+00:00
2024/04/20, 13:56:49.291,38.88,-72.461,11.44,53.92,57.84,10.58,10.0,10.0,1013.3,1013.3,0.0,0.0,85.13,78.53,23,19,5.5,5.7,100.0,100.0,2.0,1.7,154.5,145.5,1015.4,1015.4,311.34,376.03,1150.66,33.2179,10.0499,400.1,62.3,1487.925, NAN, NAN, NAN, NAN,,2024/04/20 13:56:49.291,2024-04-20 13:56:49.291000+00:00
2024/04/20, 13:57:49.291,38.881,-72.457,11.43,53.5,53.22,10.77,10.0,10.0,1013.3,1013.4,0.0,0.0,85.13,78.53,22,17,5.3,5.3,100.0,100.0,2.1,1.6,160.6,160.0,1015.4,1015.5,459.18,379.59,1632.37,33.2167,10.098,400.3,62.3,1488.097, NAN, NAN, NAN, NAN,,2024/04/20 13:57:49.291,2024-04-20 13:57:49.291000+00:00
2024/04/20, 13:58:49.291,38.883,-72.454,11.63,53.53,55.97,10.69,10.0,10.0,1013.5,1013.5,0.0,0.0,85.13,78.53,19,15,5.2,5.3,100.0,100.0,1.6,1.3,164.1,160.6,1015.6,1015.6,508.16,382.8,1793.13,33.2184,10.1159,392.8,62.4,1488.163, NAN, NAN, NAN, NAN,,2024/04/20 13:58:49.291,2024-04-20 13:58:49.291000+00:00
2024/04/20, 13:59:49.291,38.885,-72.451,11.15,53.88,52.13,10.58,9.9,10.0,1013.5,1013.6,0.0,0.0,85.13,78.53,14,10,4.7,4.5,100.0,100.0,1.5,1.3,179.8,193.5,1015.6,1015.7,430.63,383.34,1551.12,33.2152,10.1395,389.4,62.2,1488.244, NAN, NAN, NAN, NAN,,2024/04/20 13:59:49.291,2024-04-20 13:59:49.291000+00:00
2024/04/20, 14:00:49.291,38.887,-72.448,11.15,53.97,52.39,11.0,9.9,9.9,1013.6,1013.6,0.0,0.0,85.13,78.53,16,9,4.9,4.6,100.0,100.0,1.7,1.3,178.4,200.1,1015.7,1015.7,361.85,382.93,1325.34,33.2166,10.1392,380.4,62.3,1488.245, NAN, NAN, NAN, NAN,,2024/04/20 14:00:49.291,2024-04-20 14:00:49.291000+00:00
2024/04/20, 14:01:49.291,38.888,-72.445,11.47,53.42,54.55,10.71,9.9,9.9,1013.6,1013.6,0.0,0.0,85.13,78.53,12,5,4.9,4.7,100.0,100.0,1.2,0.9,181.3,213.0,1015.7,1015.7,341.71,382.49,1210.26,33.2089,10.1441,379.6,62.4,1488.253, NAN, NAN, NAN, NAN,,2024/04/20 14:01:49.291,2024-04-20 14:01:49.291000+00:00
2024/04/20, 14:02:49.291,38.89,-72.442,11.67,53.86,56.9,10.53,9.9,9.9,1013.4,1013.3,0.0,0.0,85.13,78.53,9,2,5.0,4.9,100.0,100.0,0.8,0.5,180.4,231.0,1015.5,1015.4,329.63,382.85,1172.98,33.1984,10.1563,374.0,62.3,1488.284, NAN, NAN, NAN, NAN,,2024/04/20 14:02:49.291,2024-04-20 14:02:49.291000+00:00
2024/04/20, 14:03:49.291,38.892,-72.439,11.48,53.72,55.22,10.46,9.9,9.9,1013.2,1013.4,0.0,0.0,85.13,78.53,14,7,5.0,5.0,100.0,100.0,1.3,0.7,167.8,179.5,1015.3,1015.5,303.66,382.65,1094.09,33.1869,10.2153,371.6,62.3,1488.482, NAN, NAN, NAN, NAN,,2024/04/20 14:03:49.291,2024-04-20 14:03:49.291000+00:00
2024/04/20, 14:04:49.292,38.894,-72.436,11.55,53.61,55.47,11.04,9.9,9.9,1013.4,1013.6,0.0,0.0,85.13,78.53,12,7,5.0,4.6,100.0,100.0,1.2,1.2,184.8,213.1,1015.5,1015.7,264.04,382.68,973.98,33.1826,10.2808,366.7,62.3,1488.711, NAN, NAN, NAN, NAN,,2024/04/20 14:04:49.292,2024-04-20 14:04:49.292000+00:00
2024/04/20, 14:05:49.292,38.895,-72.433,11.71,54.75,56.9,10.92,9.9,9.9,1013.7,1013.5,0.0,0.0,85.13,78.53,12,7,4.8,4.6,100.0,100.0,1.3,1.1,190.4,211.1,1015.8,1015.6,215.22,382.23,804.84,33.1858,10.3098,364.0,62.4,1488.819, NAN, NAN, NAN, NAN,,2024/04/20 14:05:49.292,2024-04-20 14:05:49.292000+00:00
2024/04/20, 14:06:49.292,38.897,-72.429,11.83,53.14,55.21,11.14,9.9,9.9,1013.6,1013.5,0.0,0.0,85.13,78.53,9,7,4.2,4.4,100.0,100.0,1.7,1.4,215.8,217.9,1015.7,1015.6,187.03,382.14,718.65,33.1963,10.2773,358.7,62.4,1488.716, NAN, NAN, NAN, NAN,,2024/04/20 14:06:49.292,2024-04-20 14:06:49.292000+00:00
2024/04/20, 14:07:49.292,38.899,-72.426,11.91,52.97,54.22,11.13,9.9,9.9,1013.6,1013.6,0.0,0.0,85.13,78.53,12,6,4.8,4.5,100.0,100.0,1.4,1.3,191.8,216.5,1015.7,1015.7,185.36,382.01,715.43,33.2065,10.2339,360.3,62.7,1488.572, NAN, NAN, NAN, NAN,,2024/04/20 14:07:49.292,2024-04-20 14:07:49.292000+00:00
2024/04/20, 14:08:49.292,38.901,-72.423,11.7,53.63,53.19,11.38,9.9,9.9,1013.7,1013.5,0.0,0.0,85.13,78.53,13,6,4.8,4.6,100.0,100.0,1.6,1.4,190.6,212.4,1015.8,1015.6,204.39,382.36,764.73,33.2034,10.2934,364.4,62.7,1488.782, NAN, NAN, NAN, NAN,,2024/04/20 14:08:49.292,2024-04-20 14:08:49.292000+00:00
2024/04/20, 14:09:49.292,38.903,-72.42,11.87,54.64,54.93,10.9,9.9,9.9,1013.7,1013.5,0.0,0.0,85.13,78.53,12,5,4.6,4.4,100.0,100.0,1.5,1.3,193.9,217.4,1015.8,1015.6,226.7,382.33,826.58,33.1898,10.2928,371.2,62.5,1488.763, NAN, NAN, NAN, NAN,,2024/04/20 14:09:49.292,2024-04-20 14:09:49.292000+00:00
2024/04/20, 14:10:49.292,38.904,-72.417,11.67,53.75,53.23,10.85,9.9,9.9,1013.5,1013.7,0.0,0.0,85.13,78.53,7,0,4.4,4.2,100.0,100.0,1.3,1.4,208.9,232.7,1015.6,1015.8,229.17,382.46,834.0,33.1929,10.2378,370.5,62.8,1488.57, NAN, NAN, NAN, NAN,,2024/04/20 14:10:49.292,2024-04-20 14:10:49.292000+00:00
2024/04/20, 14:11:49.292,38.906,-72.414,11.61,53.59,52.34,10.94,9.9,9.9,1013.6,1013.6,0.0,0.0,85.13,78.53,6,0,4.3,4.1,100.0,100.0,1.4,1.5,212.9,231.4,1015.7,1015.7,210.71,382.62,781.67,33.2078,10.2231,364.8,62.6,1488.535, NAN, NAN, NAN, NAN,,2024/04/20 14:11:49.292,2024-04-20 14:11:49.292000+00:00
2024/04/20, 14:12:49.292,38.908,-72.411,11.97,53.99,55.01,10.97,9.9,9.9,1013.6,1013.5,0.0,0.0,85.13,78.53,359,355,4.2,4.2,100.0,100.0,1.4,1.5,237.3,248.5,1015.7,1015.6,194.67,382.32,731.28,33.1968,10.2142,369.4,62.5,1488.49, NAN, NAN, NAN, NAN,,2024/04/20 14:12:49.292,2024-04-20 14:12:49.292000+00:00
2024/04/20, 14:13:49.292,38.91,-72.408,11.97,54.31,53.48,11.13,9.9,9.9,1013.6,1013.5,0.0,0.0,85.13,78.53,356,354,4.0,4.1,100.0,100.0,1.7,1.7,240.5,245.9,1015.7,1015.6,186.34,382.42,708.43,33.196,10.2278,373.9,62.6,1488.538, NAN, NAN, NAN, NAN,,2024/04/20 14:13:49.292,2024-04-20 14:13:49.292000+00:00
2024/04/20, 14:14:49.292,38.912,-72.404,11.71,53.72,52.9,10.66,9.9,9.9,1013.7,1013.5,0.0,0.0,85.13,78.53,357,352,3.8,3.8,100.0,100.0,1.7,1.8,238.8,249.3,1015.8,1015.6,188.09,382.4,715.12,33.1939,10.272,367.2,62.1,1488.694, NAN, NAN, NAN, NAN,,2024/04/20 14:14:49.292,2024-04-20 14:14:49.292000+00:00
2024/04/20, 14:15:49.292,38.913,-72.401,11.8,54.0,55.2,11.11,9.9,9.9,1013.6,1013.5,0.0,0.0,85.13,78.53,2,355,3.9,3.7,100.0,100.0,1.8,2.1,233.8,246.6,1015.7,1015.6,208.1,382.43,785.61,33.1999,10.4657,361.4,62.4,1489.393, NAN, NAN, NAN, NAN,,2024/04/20 14:15:49.292,2024-04-20 14:15:49.292000+00:00
2024/04/20, 14:16:49.292,38.915,-72.398,11.91,53.63,56.38,10.88,9.9,9.9,1013.6,1013.6,0.0,0.0,85.13,78.53,0,354,4.0,4.0,100.0,100.0,1.6,1.7,237.4,251.6,1015.7,1015.7,245.17,382.56,886.86,33.2082,10.6526,364.4,62.5,1490.068, NAN, NAN, NAN, NAN,,2024/04/20 14:16:49.292,2024-04-20 14:16:49.292000+00:00
2024/04/20, 14:17:49.292,38.917,-72.395,11.53,53.28,49.49,10.54,9.9,9.9,1013.6,1013.6,0.0,0.0,85.13,78.53,2,356,3.5,3.5,100.0,100.0,1.9,1.9,224.1,235.0,1015.7,1015.7,269.14,382.49,959.86,33.2643,10.799,367.0,62.2,1490.654, NAN, NAN, NAN, NAN,,2024/04/20 14:17:49.292,2024-04-20 14:17:49.292000+00:00
2024/04/20, 14:18:49.292,38.919,-72.392,11.83,53.15,53.9,11.05,9.9,9.9,1013.7,1013.4,0.0,0.0,85.13,78.53,4,357,4.0,3.8,100.0,100.0,1.7,1.9,226.9,242.0,1015.8,1015.5,274.89,382.44,994.46,33.3514,10.8256,385.1,62.8,1490.853, NAN, NAN, NAN, NAN,,2024/04/20 14:18:49.292,2024-04-20 14:18:49.292000+00:00
2024/04/20, 14:19:49.292,38.92,-72.389,11.88,53.16,53.33,11.04,9.9,9.9,1013.6,1013.4,0.0,0.0,85.13,78.53,4,359,4.0,3.9,100.0,100.0,1.7,1.8,224.2,235.8,1015.7,1015.5,275.53,382.28,1019.53,33.3955,10.7841,382.7,62.7,1490.76, NAN, NAN, NAN, NAN,,2024/04/20 14:19:49.292,2024-04-20 14:19:49.292000+00:00
2024/04/20, 14:20:49.293,38.922,-72.386,11.89,54.12,51.62,10.91,9.9,9.9,1013.6,1013.4,0.0,0.0,85.13,78.53,4,358,3.7,3.7,100.0,100.0,2.0,1.9,219.1,230.3,1015.7,1015.5,278.1,382.4,1043.04,33.4043,10.4588,375.5,62.9,1489.616, NAN, NAN, NAN, NAN,,2024/04/20 14:20:49.293,2024-04-20 14:20:49.293000+00:00
2024/04/20, 14:21:49.293,38.924,-72.383,11.8,54.02,53.52,10.91,9.9,9.9,1013.5,1013.6,0.0,0.0,85.13,78.53,2,355,3.8,3.7,100.0,100.0,1.8,1.9,226.1,240.1,1015.6,1015.7,281.93,382.24,1051.27,33.3805,9.9447,371.2,63.1,1487.743, NAN, NAN, NAN, NAN,,2024/04/20 14:21:49.293,2024-04-20 14:21:49.293000+00:00
2024/04/20, 14:22:49.293,38.926,-72.38,11.48,54.01,53.73,10.33,9.9,9.9,1013.6,1013.4,0.0,0.0,85.13,78.53,0,352,3.7,3.6,100.0,100.0,1.6,1.8,229.4,246.0,1015.7,1015.5,285.31,381.83,1059.49,33.3102,9.428,364.4,62.9,1485.78, NAN, NAN, NAN, NAN,,2024/04/20 14:22:49.293,2024-04-20 14:22:49.293000+00:00
2024/04/20, 14:23:49.293,38.928,-72.377,11.58,53.11,46.72,10.88,9.9,9.9,1013.7,1013.4,0.0,0.0,85.13,78.53,358,351,3.8,3.6,100.0,100.0,1.8,2.0,224.5,237.7,1015.8,1015.5,288.05,381.54,1076.74,33.0711,9.1169,365.4,63.1,1484.345, NAN, NAN, NAN, NAN,,2024/04/20 14:23:49.293,2024-04-20 14:23:49.293000+00:00
2024/04/20, 14:24:49.293,38.93,-72.374,11.4,54.01,52.76,10.25,9.9,9.9,1013.7,1013.6,0.0,0.0,85.13,78.53,358,351,3.6,3.4,100.0,100.0,1.7,1.9,231.7,244.1,1015.8,1015.7,314.5,381.88,1131.99,32.8367,8.9707,376.0,62.7,1483.517, NAN, NAN, NAN, NAN,,2024/04/20 14:24:49.293,2024-04-20 14:24:49.293000+00:00
2024/04/20, 14:25:49.293,38.931,-72.371,11.57,53.96,53.58,10.44,9.9,9.9,1013.3,1013.4,0.0,0.0,85.13,78.53,357,351,3.3,3.4,100.0,100.0,2.1,2.1,236.3,246.4,1015.4,1015.5,345.71,382.33,1207.4,32.7032,8.8569,410.0,62.6,1482.93, NAN, NAN, NAN, NAN,,2024/04/20 14:25:49.293,2024-04-20 14:25:49.293000+00:00
2024/04/20, 14:26:49.293,38.933,-72.368,11.62,53.68,51.73,10.54,9.9,9.9,1013.3,1013.3,0.0,0.0,85.13,78.53,358,352,3.2,3.2,100.0,100.0,2.2,2.3,231.2,239.8,1015.4,1015.4,330.7,382.58,1174.09,32.6273,8.7566,418.7,62.4,1482.464, NAN, NAN, NAN, NAN,,2024/04/20 14:26:49.293,2024-04-20 14:26:49.293000+00:00
2024/04/20, 14:27:49.293,38.935,-72.365,11.36,54.25,49.94,10.68,9.9,9.9,1013.6,1013.6,0.0,0.0,85.13,78.53,355,351,2.9,2.8,100.0,100.0,2.6,2.7,233.8,237.7,1015.7,1015.7,300.31,382.41,1105.86,32.578,8.6678,428.8,62.3,1482.072, NAN, NAN, NAN, NAN,,2024/04/20 14:27:49.293,2024-04-20 14:27:49.293000+00:00
2024/04/20, 14:28:49.293,38.937,-72.362,11.53,53.26,48.81,10.37,9.9,9.9,1013.6,1013.5,0.0,0.0,85.13,78.53,354,350,2.8,2.8,100.0,100.0,2.5,2.6,232.6,236.9,1015.7,1015.6,311.15,382.57,1119.37,32.5516,8.5914,435.8,62.5,1481.754, NAN, NAN, NAN, NAN,,2024/04/20 14:28:49.293,2024-04-20 14:28:49.293000+00:00
2024/04/20, 14:29:49.293,38.939,-72.359,11.44,53.46,53.94,10.79,9.9,9.9,1013.7,1013.5,0.0,0.0,85.13,78.53,3,356,3.1,2.9,100.0,100.0,2.5,2.7,230.2,238.3,1015.8,1015.6,320.11,382.67,1143.27,32.5246,8.5554,445.6,62.7,1481.586, NAN, NAN, NAN, NAN,,2024/04/20 14:29:49.293,2024-04-20 14:29:49.293000+00:00
2024/04/20, 14:30:49.293,38.94,-72.356,11.51,53.28,54.29,10.53,9.9,9.9,1013.6,1013.4,0.0,0.0,85.13,78.53,359,353,3.0,3.0,100.0,100.0,2.4,2.5,233.7,241.0,1015.7,1015.5,301.62,382.71,1096.24,32.4916,8.5258,465.1,62.5,1481.434, NAN, NAN, NAN, NAN,,2024/04/20 14:30:49.293,2024-04-20 14:30:49.293000+00:00
2024/04/20, 14:31:49.293,38.942,-72.353,11.67,54.0,51.53,11.01,9.9,9.9,1013.5,1013.5,0.0,0.0,85.13,78.53,359,353,3.0,2.9,100.0,100.0,2.7,2.8,230.4,236.8,1015.6,1015.6,274.19,382.86,1023.36,32.4694,8.5196,476.3,62.0,1481.383, NAN, NAN, NAN, NAN,,2024/04/20 14:31:49.293,2024-04-20 14:31:49.293000+00:00
2024/04/20, 14:32:49.293,38.944,-72.35,11.79,53.15,52.76,11.11,9.9,9.9,1013.5,1013.7,0.0,0.0,85.13,78.53,0,351,3.0,2.8,100.0,100.0,2.7,3.0,232.0,240.6,1015.6,1015.8,254.74,382.49,966.26,32.4589,8.524,482.5,61.2,1481.387, NAN, NAN, NAN, NAN,,2024/04/20 14:32:49.293,2024-04-20 14:32:49.293000+00:00
2024/04/20, 14:33:49.293,38.946,-72.347,11.82,53.97,53.96,10.85,9.9,9.9,1013.6,1013.5,0.0,0.0,85.13,78.53,351,347,2.6,2.7,100.0,100.0,3.0,3.0,240.8,244.8,1015.7,1015.6,245.78,382.43,937.94,32.4546,8.507,486.0,61.1,1481.318, NAN, NAN, NAN, NAN,,2024/04/20 14:33:49.293,2024-04-20 14:33:49.293000+00:00
2024/04/20, 14:34:49.293,38.948,-72.344,11.87,54.12,52.3,10.73,9.9,9.9,1013.6,1013.6,0.0,0.0,85.13,78.53,354,347,2.8,2.8,100.0,100.0,2.7,2.8,236.8,243.6,1015.7,1015.7,251.96,382.45,947.43,32.4524,8.4665,483.3,61.1,1481.163, NAN, NAN, NAN, NAN,,2024/04/20 14:34:49.293,2024-04-20 14:34:49.293000+00:00
2024/04/20, 14:35:49.293,38.95,-72.341,11.77,53.55,58.74,10.68,9.8,9.9,1013.5,1013.6,0.0,0.0,85.13,78.53,354,348,2.8,2.8,100.0,100.0,2.7,2.9,243.8,249.4,1015.6,1015.7,264.43,382.57,983.38,32.4535,8.4454,483.3,61.1,1481.085, NAN, NAN, NAN, NAN,,2024/04/20 14:35:49.293,2024-04-20 14:35:49.293000+00:00
2024/04/20, 14:36:49.294,38.952,-72.338,11.75,53.98,51.82,11.2,9.8,9.9,1013.5,1013.5,0.0,0.0,85.13,78.53,351,347,2.8,2.8,100.0,100.0,3.0,3.1,239.9,243.4,1015.6,1015.6,277.43,382.83,1013.41,32.4503,8.4373,499.0,61.3,1481.051, NAN, NAN, NAN, NAN,,2024/04/20 14:36:49.294,2024-04-20 14:36:49.294000+00:00
2024/04/20, 14:37:49.294,38.953,-72.335,11.62,54.04,54.9,10.86,9.8,9.9,1013.6,1013.6,0.0,0.0,85.13,78.53,351,343,2.9,2.8,100.0,100.0,2.8,3.0,243.8,250.1,1015.7,1015.7,286.77,382.42,1035.17,32.4502,8.4466,508.1,61.3,1481.086, NAN, NAN, NAN, NAN,,2024/04/20 14:37:49.294,2024-04-20 14:37:49.294000+00:00
2024/04/20, 14:38:49.294,38.955,-72.332,11.8,53.35,52.79,10.98,9.8,9.9,1013.6,1013.6,0.0,0.0,85.13,78.53,351,344,2.9,2.9,100.0,100.0,2.8,3.0,241.9,248.3,1015.7,1015.7,293.77,382.38,1054.48,32.4524,8.47,514.8,61.3,1481.176, NAN, NAN, NAN, NAN,,2024/04/20 14:38:49.294,2024-04-20 14:38:49.294000+00:00
2024/04/20, 14:39:49.294,38.957,-72.329,11.77,53.71,55.0,10.82,9.8,9.8,1013.7,1013.6,0.0,0.0,85.13,78.53,354,349,2.9,2.8,100.0,100.0,2.7,2.9,240.8,245.0,1015.8,1015.7,294.4,382.49,1065.41,32.4653,8.5425,518.5,61.3,1481.464, NAN, NAN, NAN, NAN,,2024/04/20 14:39:49.294,2024-04-20 14:39:49.294000+00:00
2024/04/20, 14:40:49.294,38.959,-72.326,11.95,54.33,59.47,11.12,9.8,9.8,1013.7,1013.4,0.0,0.0,85.13,78.53,355,350,2.8,2.8,100.0,100.0,3.0,3.0,244.1,248.4,1015.8,1015.5,296.41,382.43,1075.79,32.475,8.5281,509.6,61.5,1481.422, NAN, NAN, NAN, NAN,,2024/04/20 14:40:49.294,2024-04-20 14:40:49.294000+00:00
2024/04/20, 14:41:49.294,38.961,-72.322,11.72,53.46,53.27,11.0,9.8,9.8,1013.4,1013.8,0.0,0.0,85.13,78.53,356,346,2.7,2.5,100.0,100.0,3.0,3.3,236.8,243.8,1015.5,1015.9,302.8,382.52,1094.0,32.4884,8.4496,529.7,61.3,1481.144, NAN, NAN, NAN, NAN,,2024/04/20 14:41:49.294,2024-04-20 14:41:49.294000+00:00
2024/04/20, 14:42:49.294,38.962,-72.319,11.58,54.17,52.08,10.48,9.8,9.8,1013.7,1013.4,0.0,0.0,85.13,78.53,342,340,2.0,2.3,100.0,100.0,3.5,3.3,242.6,246.2,1015.8,1015.5,308.65,382.89,1109.14,32.4999,8.2531,535.2,61.2,1480.418, NAN, NAN, NAN, NAN,,2024/04/20 14:42:49.294,2024-04-20 14:42:49.294000+00:00
2024/04/20, 14:43:49.294,38.964,-72.316,11.55,54.09,51.25,10.88,9.8,9.8,1013.5,1013.6,0.0,0.0,85.13,78.53,0,350,2.5,2.7,100.0,100.0,3.1,3.0,231.8,240.8,1015.6,1015.7,298.23,382.7,1091.4,32.4933,8.1599,532.8,61.5,1480.058, NAN, NAN, NAN, NAN,,2024/04/20 14:43:49.294,2024-04-20 14:43:49.294000+00:00
2024/04/20, 14:44:49.294,38.966,-72.313,11.5,54.05,57.7,10.16,9.8,9.8,1013.7,1013.4,0.0,0.0,85.13,78.53,347,343,2.0,2.4,100.0,100.0,3.3,3.0,243.7,249.5,1015.8,1015.5,288.31,382.76,1068.06,32.4756,8.1133,551.2,61.3,1479.859, NAN, NAN, NAN, NAN,,2024/04/20 14:44:49.294,2024-04-20 14:44:49.294000+00:00
2024/04/20, 14:45:49.294,38.968,-72.31,11.57,54.16,53.64,10.83,9.8,9.8,1013.3,1013.4,0.0,0.0,85.13,78.53,354,346,2.4,2.4,100.0,100.0,3.2,3.3,236.0,241.7,1015.4,1015.5,285.14,382.49,1057.18,32.4546,8.2646,577.9,61.3,1480.406, NAN, NAN, NAN, NAN,,2024/04/20 14:45:49.294,2024-04-20 14:45:49.294000+00:00
2024/04/20, 14:46:49.294,38.969,-72.307,11.85,54.53,54.27,11.22,9.8,9.8,1013.5,1013.4,0.0,0.0,85.13,78.53,352,346,2.4,2.5,100.0,100.0,3.4,3.4,240.3,244.9,1015.6,1015.5,273.48,382.16,1023.76,32.4759,8.5267,598.2,61.4,1481.418, NAN, NAN, NAN, NAN,,2024/04/20 14:46:49.294,2024-04-20 14:46:49.294000+00:00
2024/04/20, 14:47:49.294,38.971,-72.304,11.93,53.48,55.83,10.8,9.8,9.8,1013.6,1013.6,0.0,0.0,85.13,78.53,351,344,2.3,2.4,100.0,100.0,3.3,3.3,241.4,246.7,1015.7,1015.7,259.53,382.08,989.33,32.534,8.8178,601.2,61.1,1482.577, NAN, NAN, NAN, NAN,,2024/04/20 14:47:49.294,2024-04-20 14:47:49.294000+00:00
2024/04/20, 14:48:49.294,38.973,-72.301,11.69,54.13,55.22,10.96,9.8,9.8,1013.6,1013.6,0.0,0.0,85.13,78.53,347,343,2.2,2.1,100.0,100.0,3.5,3.7,243.4,244.9,1015.7,1015.7,263.88,382.41,992.99,32.66,9.0304,541.9,61.2,1483.521, NAN, NAN, NAN, NAN,,2024/04/20 14:48:49.294,2024-04-20 14:48:49.294000+00:00
2024/04/20, 14:49:49.294,38.975,-72.297,11.86,53.5,51.41,10.91,9.8,9.8,1013.7,1013.6,0.0,0.0,85.13,78.53,353,346,2.3,2.3,100.0,100.0,3.3,3.4,237.1,241.7,1015.8,1015.7,274.4,382.34,1009.24,32.8084,9.1834,533.1,61.3,1484.268, NAN, NAN, NAN, NAN,,2024/04/20 14:49:49.294,2024-04-20 14:49:49.294000+00:00
2024/04/20, 14:50:49.294,38.977,-72.294,11.89,53.77,53.49,11.44,9.8,9.8,1013.6,1013.5,0.0,0.0,85.13,78.53,350,345,2.4,2.3,100.0,100.0,3.5,3.7,238.9,241.5,1015.7,1015.6,257.08,381.98,963.92,32.9312,9.2895,498.4,61.3,1484.809, NAN, NAN, NAN, NAN,,2024/04/20 14:50:49.294,2024-04-20 14:50:49.294000+00:00
2024/04/20, 14:51:49.294,38.979,-72.291,11.93,53.95,52.17,11.37,9.8,9.8,1013.6,1013.4,0.0,0.0,85.13,78.53,345,340,2.3,2.3,100.0,100.0,3.7,3.7,241.5,244.3,1015.7,1015.5,223.3,381.92,885.36,33.0082,9.2847,488.3,61.5,1484.885, NAN, NAN, NAN, NAN,,2024/04/20 14:51:49.294,2024-04-20 14:51:49.294000+00:00
2024/04/20, 14:52:49.295,38.98,-72.288,11.99,53.87,51.94,10.88,9.8,9.8,1013.7,1013.4,0.0,0.0,85.13,78.53,343,338,2.4,2.9,100.0,100.0,3.3,3.0,243.3,251.7,1015.8,1015.5,214.49,381.81,858.94,33.0677,9.2888,480.9,61.3,1484.973, NAN, NAN, NAN, NAN,,2024/04/20 14:52:49.295,2024-04-20 14:52:49.295000+00:00
2024/04/20, 14:53:49.295,38.982,-72.285,11.84,54.05,53.76,11.13,9.8,9.8,1013.3,1013.6,0.0,0.0,85.13,78.53,351,342,2.5,2.4,100.0,100.0,3.3,3.5,239.3,244.7,1015.4,1015.7,236.82,381.84,903.79,33.0729,9.3156,483.6,61.5,1485.078, NAN, NAN, NAN, NAN,,2024/04/20 14:53:49.295,2024-04-20 14:53:49.295000+00:00
2024/04/20, 14:54:49.295,38.984,-72.281,11.93,53.98,53.13,11.28,9.8,9.7,1013.5,1013.6,0.0,0.0,85.13,78.53,351,345,2.7,2.6,100.0,100.0,3.2,3.3,240.4,244.4,1015.6,1015.7,263.38,382.15,975.83,33.0345,9.3012,482.2,61.6,1484.978, NAN, NAN, NAN, NAN,,2024/04/20 14:54:49.295,2024-04-20 14:54:49.295000+00:00
2024/04/20, 14:55:49.295,38.986,-72.278,11.92,53.7,50.69,10.76,9.7,9.7,1013.5,1013.5,0.0,0.0,85.13,78.53,348,342,2.6,2.6,100.0,100.0,3.0,3.1,240.9,245.5,1015.6,1015.6,264.27,381.82,981.74,33.0692,9.4293,472.9,61.7,1485.49, NAN, NAN, NAN, NAN,,2024/04/20 14:55:49.295,2024-04-20 14:55:49.295000+00:00
2024/04/20, 14:56:49.295,38.988,-72.275,11.89,53.18,50.81,11.12,9.7,9.7,1013.4,1013.4,0.0,0.0,85.13,78.53,346,343,2.5,2.9,100.0,100.0,3.3,3.0,240.9,246.4,1015.5,1015.5,257.02,382.18,962.73,33.0687,9.6056,463.2,61.6,1486.134, NAN, NAN, NAN, NAN,,2024/04/20 14:56:49.295,2024-04-20 14:56:49.295000+00:00
2024/04/20, 14:57:49.295,38.99,-72.272,11.93,53.97,52.12,11.27,9.7,9.7,1013.5,1013.5,0.0,0.0,85.13,78.53,349,342,2.5,2.5,100.0,100.0,3.3,3.5,238.7,243.5,1015.6,1015.6,243.49,381.99,926.49,33.0645,9.7191,454.4,61.6,1486.541, NAN, NAN, NAN, NAN,,2024/04/20 14:57:49.295,2024-04-20 14:57:49.295000+00:00
2024/04/20, 14:58:49.295,38.992,-72.269,11.99,54.01,51.31,10.81,9.7,9.7,1013.6,1013.5,0.0,0.0,85.13,78.53,348,342,2.6,2.6,100.0,100.0,3.0,3.1,241.3,245.9,1015.7,1015.6,236.66,381.6,904.74,33.0619,9.771,429.1,61.7,1486.727, NAN, NAN, NAN, NAN,,2024/04/20 14:58:49.295,2024-04-20 14:58:49.295000+00:00
2024/04/20, 14:59:49.295,38.994,-72.266,11.96,53.83,52.32,11.03,9.7,9.7,1013.5,1013.7,0.0,0.0,85.13,78.53,345,337,2.5,3.1,100.0,100.0,3.3,3.0,242.7,254.6,1015.6,1015.8,245.84,381.96,921.22,33.0464,9.7903,400.6,61.8,1486.778, NAN, NAN, NAN, NAN,,2024/04/20 14:59:49.295,2024-04-20 14:59:49.295000+00:00
2024/04/20, 15:00:49.295,38.995,-72.263,12.06,53.86,53.1,11.33,9.7,9.7,1013.7,1013.5,0.0,0.0,85.13,78.53,345,338,2.6,2.7,100.0,100.0,3.4,3.5,244.7,250.2,1015.8,1015.6,248.61,381.74,923.42,33.0112,9.7741,383.6,61.8,1486.676, NAN, NAN, NAN, NAN,,2024/04/20 15:00:49.295,2024-04-20 15:00:49.295000+00:00
2024/04/20, 15:01:49.295,38.997,-72.259,12.07,53.63,51.44,11.14,9.7,9.7,1013.5,1013.5,0.0,0.0,85.13,78.53,352,344,3.0,3.3,100.0,100.0,2.8,2.7,238.5,249.5,1015.6,1015.6,240.96,381.86,899.38,32.9798,9.7368,371.5,61.3,1486.502, NAN, NAN, NAN, NAN,,2024/04/20 15:01:49.295,2024-04-20 15:01:49.295000+00:00
2024/04/20, 15:02:49.295,38.999,-72.256,12.08,54.41,56.24,11.2,9.7,9.7,1013.6,1013.6,0.0,0.0,85.13,78.53,348,346,2.4,2.4,100.0,100.0,3.5,3.5,244.0,245.3,1015.7,1015.7,228.6,381.53,863.27,32.9554,9.7112,365.4,61.5,1486.38, NAN, NAN, NAN, NAN,,2024/04/20 15:02:49.295,2024-04-20 15:02:49.295000+00:00
2024/04/20, 15:03:49.295,39.001,-72.253,12.06,53.83,53.44,11.38,9.7,9.7,1013.5,1013.5,0.0,0.0,85.13,78.53,353,345,2.6,2.5,100.0,100.0,3.3,3.5,237.4,242.6,1015.6,1015.6,215.5,381.48,821.15,32.9339,9.6891,358.4,61.4,1486.273, NAN, NAN, NAN, NAN,,2024/04/20 15:03:49.295,2024-04-20 15:03:49.295000+00:00
2024/04/20, 15:04:49.295,39.003,-72.25,12.08,53.72,56.29,11.47,9.7,9.7,1013.7,1013.4,0.0,0.0,85.13,78.53,352,349,2.5,2.5,100.0,100.0,3.4,3.5,241.0,243.1,1015.8,1015.5,204.97,381.59,793.51,32.9149,9.6628,358.0,61.5,1486.154, NAN, NAN, NAN, NAN,,2024/04/20 15:04:49.295,2024-04-20 15:04:49.295000+00:00
2024/04/20, 15:05:49.295,39.005,-72.247,12.12,54.2,51.05,11.45,9.7,9.7,1013.6,1013.6,0.0,0.0,85.13,78.53,354,349,2.2,2.2,100.0,100.0,3.7,3.7,233.4,236.3,1015.7,1015.7,196.09,381.6,766.51,32.8994,9.6562,356.9,61.5,1486.111, NAN, NAN, NAN, NAN,,2024/04/20 15:05:49.295,2024-04-20 15:05:49.295000+00:00
2024/04/20, 15:06:49.295,39.007,-72.243,11.8,53.23,56.09,10.75,9.7,9.7,1013.7,1013.4,0.0,0.0,85.13,78.53,1,353,2.6,2.5,100.0,100.0,2.9,3.1,234.6,241.0,1015.8,1015.5,186.44,381.52,740.3,32.8792,9.658,362.4,61.4,1486.093, NAN, NAN, NAN, NAN,,2024/04/20 15:06:49.295,2024-04-20 15:06:49.295000+00:00
2024/04/20, 15:07:49.295,39.008,-72.24,11.61,54.45,50.96,10.95,9.7,9.7,1013.5,1013.4,0.0,0.0,85.13,78.53,1,355,2.2,2.3,100.0,100.0,3.4,3.3,230.4,234.4,1015.6,1015.5,177.17,381.44,714.9,32.8759,9.6674,361.1,61.3,1486.123, NAN, NAN, NAN, NAN,,2024/04/20 15:07:49.295,2024-04-20 15:07:49.295000+00:00
2024/04/20, 15:08:49.296,39.01,-72.237,12.03,53.54,46.91,10.89,9.7,9.7,1013.6,1013.4,0.0,0.0,85.13,78.53,2,356,2.4,2.3,100.0,100.0,3.2,3.3,227.4,231.8,1015.7,1015.5,177.52,381.69,712.24,32.865,9.669,361.7,61.3,1486.116, NAN, NAN, NAN, NAN,,2024/04/20 15:08:49.296,2024-04-20 15:08:49.296000+00:00
2024/04/20, 15:09:49.296,39.012,-72.234,12.04,54.25,53.16,11.25,9.7,9.7,1013.3,1013.4,0.0,0.0,85.13,78.53,1,354,2.5,2.4,100.0,100.0,3.3,3.4,230.4,235.5,1015.4,1015.5,182.3,381.64,723.91,32.8558,9.6842,366.0,61.4,1486.16, NAN, NAN, NAN, NAN,,2024/04/20 15:09:49.296,2024-04-20 15:09:49.296000+00:00
2024/04/20, 15:10:49.296,39.014,-72.231,12.15,54.33,52.71,11.36,9.7,9.7,1013.5,1013.4,0.0,0.0,85.13,78.53,356,357,2.2,2.7,100.0,100.0,3.6,3.1,233.0,232.6,1015.6,1015.5,185.76,382.05,736.08,32.8511,9.6694,371.2,61.4,1486.1, NAN, NAN, NAN, NAN,,2024/04/20 15:10:49.296,2024-04-20 15:10:49.296000+00:00
2024/04/20, 15:11:49.296,39.016,-72.228,11.83,53.99,51.77,10.93,9.7,9.7,1013.5,1013.3,0.0,0.0,85.13,78.53,7,359,2.6,2.5,100.0,100.0,3.1,3.1,226.2,233.0,1015.6,1015.4,188.14,382.1,752.17,32.8501,9.632,371.2,61.5,1485.963, NAN, NAN, NAN, NAN,,2024/04/20 15:11:49.296,2024-04-20 15:11:49.296000+00:00
2024/04/20, 15:12:49.296,39.018,-72.225,11.94,56.42,53.81,11.33,9.7,9.7,1013.2,1013.3,0.0,0.0,85.13,78.53,10,3,2.5,2.6,100.0,100.0,3.4,3.2,225.0,229.7,1015.3,1015.4,203.11,382.43,798.86,32.8463,9.5967,371.2,61.6,1485.83, NAN, NAN, NAN, NAN,,2024/04/20 15:12:49.296,2024-04-20 15:12:49.296000+00:00
2024/04/20, 15:13:49.296,39.02,-72.221,11.8,57.06,53.29,11.18,9.7,9.7,1013.4,1013.3,0.0,0.0,85.13,78.53,19,9,3.4,3.1,100.0,100.0,2.9,2.8,207.8,220.6,1015.5,1015.4,230.79,382.9,888.0,32.8357,9.5705,371.5,61.3,1485.721, NAN, NAN, NAN, NAN,,2024/04/20 15:13:49.296,2024-04-20 15:13:49.296000+00:00
2024/04/20, 15:14:49.296,39.022,-72.218,12.03,54.98,50.43,11.29,9.7,9.7,1013.3,1013.2,0.0,0.0,85.13,78.53,12,5,3.2,3.2,100.0,100.0,2.8,2.7,214.6,222.0,1015.4,1015.3,260.66,383.08,970.16,32.8134,9.4738,375.2,31.0,1485.34, NAN, NAN, NAN, NAN,,2024/04/20 15:14:49.296,2024-04-20 15:14:49.296000+00:00
2024/04/20, 15:15:49.296,39.023,-72.215,12.0,55.6,52.29,11.2,9.7,9.7,1013.2,1013.2,0.0,0.0,85.13,78.53,12,4,3.3,3.2,100.0,100.0,2.7,2.6,217.1,227.1,1015.3,1015.3,278.34,383.05,1020.98,32.7901,9.3732,376.9,0.0,1484.943, NAN, NAN, NAN, NAN,,2024/04/20 15:15:49.296,2024-04-20 15:15:49.296000+00:00
2024/04/20, 15:16:49.296,39.025,-72.212,12.02,55.66,51.62,11.32,9.7,9.7,1013.2,1013.0,0.0,0.0,85.13,78.53,4,5,2.7,3.0,100.0,100.0,3.2,2.9,226.7,224.4,1015.3,1015.1,279.86,383.43,1034.39,32.7625,9.2596,384.4,0.0,1484.492, NAN, NAN, NAN, NAN,,2024/04/20 15:16:49.296,2024-04-20 15:16:49.296000+00:00
2024/04/20, 15:17:49.296,39.027,-72.208,12.02,55.69,50.18,11.44,9.7,9.7,1013.3,1013.2,0.0,0.0,85.13,78.53,9,3,3.2,3.2,100.0,100.0,2.9,2.7,217.3,223.7,1015.4,1015.3,275.28,382.97,1033.45,32.7292,9.1718,375.5,0.0,1484.128, NAN, NAN, NAN, NAN,,2024/04/20 15:17:49.296,2024-04-20 15:17:49.296000+00:00
2024/04/20, 15:18:49.296,39.029,-72.205,11.94,56.0,56.93,11.29,9.7,9.7,1013.3,1013.2,0.0,0.0,85.13,78.53,11,5,2.9,2.9,100.0,100.0,3.0,2.9,223.5,229.1,1015.4,1015.3,290.35,383.19,1083.34,32.7027,9.1223,381.7,0.0,1483.913, NAN, NAN, NAN, NAN,,2024/04/20 15:18:49.296,2024-04-20 15:18:49.296000+00:00
2024/04/20, 15:19:49.296,39.031,-72.202,11.78,56.57,54.17,11.05,9.7,9.7,1013.3,1013.1,0.0,0.0,85.13,78.53,8,7,2.5,2.8,100.0,100.0,3.3,3.0,226.4,225.5,1015.4,1015.2,328.36,383.05,1179.32,32.6853,9.1011,386.4,0.0,1483.813, NAN, NAN, NAN, NAN,,2024/04/20 15:19:49.296,2024-04-20 15:19:49.296000+00:00
2024/04/20, 15:20:49.296,39.033,-72.199,11.76,55.19,53.84,10.94,9.7,9.8,1013.2,1013.1,0.0,0.0,85.13,78.53,11,7,2.7,2.8,100.0,100.0,3.0,2.9,223.4,226.2,1015.3,1015.2,346.86,383.32,1238.79,32.6749,9.0475,397.9,0.0,1483.603, NAN, NAN, NAN, NAN,,2024/04/20 15:20:49.296,2024-04-20 15:20:49.296000+00:00
2024/04/20, 15:21:49.296,39.034,-72.196,11.65,55.35,54.71,11.14,9.7,9.8,1013.3,1013.1,0.0,0.0,85.13,78.53,17,11,2.7,2.8,100.0,100.0,3.3,3.1,218.5,222.1,1015.4,1015.2,362.48,383.34,1289.0,32.6636,8.9857,399.2,0.0,1483.36, NAN, NAN, NAN, NAN,,2024/04/20 15:21:49.296,2024-04-20 15:21:49.296000+00:00
2024/04/20, 15:22:49.296,39.036,-72.192,11.84,55.44,53.3,11.17,9.7,9.7,1013.2,1013.3,0.0,0.0,85.13,78.53,20,16,3.2,3.0,100.0,100.0,3.0,3.0,210.7,216.3,1015.3,1015.4,368.35,382.89,1309.79,32.6483,8.9252,394.8,0.0,1483.117, NAN, NAN, NAN, NAN,,2024/04/20 15:22:49.296,2024-04-20 15:22:49.296000+00:00
2024/04/20, 15:23:49.296,39.038,-72.189,11.95,56.11,57.96,11.7,9.7,9.7,1013.2,1013.0,0.0,0.0,85.13,78.53,19,14,3.3,3.0,100.0,100.0,3.1,3.2,213.7,220.9,1015.3,1015.1,367.15,382.36,1315.21,32.6301,8.8566,401.2,0.0,1482.84, NAN, NAN, NAN, NAN,,2024/04/20 15:23:49.296,2024-04-20 15:23:49.296000+00:00
2024/04/20, 15:24:49.297,39.04,-72.186,11.8,56.24,55.73,11.21,9.7,9.7,1013.3,1013.2,0.0,0.0,85.13,78.53,15,15,2.4,2.8,100.0,100.0,3.5,3.1,225.8,222.7,1015.4,1015.3,361.78,382.28,1306.62,32.6147,8.8088,394.5,0.0,1482.643, NAN, NAN, NAN, NAN,,2024/04/20 15:24:49.297,2024-04-20 15:24:49.297000+00:00
2024/04/20, 15:25:49.297,39.042,-72.183,11.75,55.96,55.44,11.19,9.7,9.7,1013.0,1013.1,0.0,0.0,85.13,78.53,19,12,3.0,2.9,100.0,100.0,3.1,3.0,215.9,222.7,1015.1,1015.2,365.61,381.72,1321.92,32.5939,8.7742,398.2,0.0,1482.488, NAN, NAN, NAN, NAN,,2024/04/20 15:25:49.297,2024-04-20 15:25:49.297000+00:00
2024/04/20, 15:26:49.297,39.044,-72.179,11.81,56.09,55.42,11.49,9.7,9.7,1013.0,1012.9,0.0,0.0,85.13,78.53,19,15,3.2,3.1,100.0,100.0,3.1,3.0,214.8,219.2,1015.1,1015.0,374.17,381.21,1349.44,32.5774,8.7438,405.9,0.0,1482.355, NAN, NAN, NAN, NAN,,2024/04/20 15:26:49.297,2024-04-20 15:26:49.297000+00:00
2024/04/20, 15:27:49.297,39.045,-72.176,11.91,55.58,50.96,11.25,9.7,9.7,1013.2,1013.0,0.0,0.0,85.13,78.53,19,12,3.3,3.1,100.0,100.0,3.0,2.9,208.5,216.9,1015.3,1015.1,373.71,381.04,1361.22,32.5662,8.7083,415.3,0.1,1482.209, NAN, NAN, NAN, NAN,,2024/04/20 15:27:49.297,2024-04-20 15:27:49.297000+00:00
2024/04/20, 15:28:49.297,39.047,-72.173,11.89,56.19,57.19,11.55,9.7,9.7,1013.1,1012.9,0.0,0.0,85.13,78.53,15,12,2.6,3.1,100.0,100.0,3.5,3.0,222.8,221.0,1015.2,1015.0,387.36,380.43,1400.6,32.56,8.6899,415.6,0.0,1482.132, NAN, NAN, NAN, NAN,,2024/04/20 15:28:49.297,2024-04-20 15:28:49.297000+00:00
2024/04/20, 15:29:49.297,39.049,-72.169,11.87,55.01,54.07,11.3,9.7,9.7,1013.0,1012.9,0.0,0.0,85.13,78.53,18,13,3.3,3.2,100.0,100.0,2.9,2.8,211.1,216.8,1015.1,1015.0,431.59,379.72,1508.17,32.5526,8.6706,431.5,0.0,1482.051, NAN, NAN, NAN, NAN,,2024/04/20 15:29:49.297,2024-04-20 15:29:49.297000+00:00
2024/04/20, 15:30:49.297,39.051,-72.166,11.95,55.63,54.12,11.41,9.7,9.7,1013.0,1013.0,0.0,0.0,85.13,78.53,16,9,3.2,3.1,100.0,100.0,3.0,2.9,216.1,223.7,1015.1,1015.1,431.93,378.74,1507.38,32.5506,8.6908,431.5,0.0,1482.124, NAN, NAN, NAN, NAN,,2024/04/20 15:30:49.297,2024-04-20 15:30:49.297000+00:00
2024/04/20, 15:31:49.297,39.053,-72.163,11.91,55.65,53.5,11.47,9.6,9.7,1013.0,1013.0,0.0,0.0,85.13,78.53,16,10,3.3,3.0,100.0,100.0,2.9,3.0,213.4,221.9,1015.1,1015.1,424.72,378.48,1493.06,32.5468,8.7369,429.4,0.0,1482.291, NAN, NAN, NAN, NAN,,2024/04/20 15:31:49.297,2024-04-20 15:31:49.297000+00:00
2024/04/20, 15:32:49.297,39.055,-72.159,11.95,56.29,56.25,11.56,9.6,9.7,1013.1,1012.8,0.0,0.0,85.13,78.53,12,4,3.1,2.8,100.0,100.0,3.0,3.2,220.4,229.4,1015.2,1014.9,396.88,377.76,1414.6,32.5386,8.7556,425.7,0.0,1482.351, NAN, NAN, NAN, NAN,,2024/04/20 15:32:49.297,2024-04-20 15:32:49.297000+00:00
2024/04/20, 15:33:49.297,39.056,-72.156,11.9,55.83,55.88,11.61,9.6,9.7,1013.0,1013.2,0.0,0.0,85.13,78.53,5,1,2.6,2.6,100.0,100.0,3.4,3.4,230.7,233.8,1015.1,1015.3,365.03,376.87,1337.99,32.5415,8.7831,431.5,39.5,1482.457, NAN, NAN, NAN, NAN,,2024/04/20 15:33:49.297,2024-04-20 15:33:49.297000+00:00
2024/04/20, 15:34:49.297,39.058,-72.153,11.88,55.43,55.74,11.27,9.6,9.6,1013.1,1013.0,0.0,0.0,85.13,78.53,8,0,2.9,2.7,100.0,100.0,3.0,3.1,226.0,233.9,1015.2,1015.1,342.75,374.63,1287.66,32.5479,8.8159,428.8,47.5,1482.587, NAN, NAN, NAN, NAN,,2024/04/20 15:34:49.297,2024-04-20 15:34:49.297000+00:00
2024/04/20, 15:35:49.297,39.06,-72.15,11.86,56.4,55.93,11.44,9.6,9.6,1013.0,1012.8,0.0,0.0,85.13,78.53,8,2,2.9,2.8,100.0,100.0,3.0,3.1,228.4,234.2,1015.1,1014.9,332.08,371.06,1274.35,32.5507,8.8536,422.0,48.7,1482.731, NAN, NAN, NAN, NAN,,2024/04/20 15:35:49.297,2024-04-20 15:35:49.297000+00:00
2024/04/20, 15:36:49.297,39.062,-72.146,12.11,55.31,51.7,11.48,9.6,9.6,1012.8,1012.9,0.0,0.0,85.13,78.53,12,5,3.1,2.9,100.0,100.0,3.0,3.0,219.1,227.0,1014.9,1015.0,333.45,367.24,1290.97,32.5544,8.8913,420.1,49.3,1482.876, NAN, NAN, NAN, NAN,,2024/04/20 15:36:49.297,2024-04-20 15:36:49.297000+00:00
2024/04/20, 15:37:49.297,39.064,-72.143,11.86,55.87,55.5,11.33,9.6,9.6,1012.8,1012.9,0.0,0.0,85.13,78.53,10,3,3.0,2.9,100.0,100.0,2.9,2.9,222.5,229.8,1014.9,1015.0,394.15,364.68,1491.99,32.5595,8.9305,422.4,49.5,1483.027, NAN, NAN, NAN, NAN,,2024/04/20 15:37:49.297,2024-04-20 15:37:49.297000+00:00
2024/04/20, 15:38:49.297,39.066,-72.14,12.01,55.84,57.91,11.51,9.6,9.6,1012.9,1012.8,0.0,0.0,85.13,78.53,7,2,2.6,2.8,100.0,100.0,3.4,3.1,229.1,232.6,1015.0,1014.9,810.12,365.82,2492.77,32.5633,8.9425,412.3,49.8,1483.077, NAN, NAN, NAN, NAN,,2024/04/20 15:38:49.297,2024-04-20 15:38:49.297000+00:00
2024/04/20, 15:39:49.297,39.068,-72.136,11.8,56.04,55.04,11.37,9.6,9.6,1012.7,1012.8,0.0,0.0,85.13,78.53,7,5,2.6,2.8,100.0,100.0,3.3,3.1,227.1,227.8,1014.8,1014.9,901.12,367.87,2728.86,32.5677,8.9624,416.3,49.5,1483.156, NAN, NAN, NAN, NAN,,2024/04/20 15:39:49.297,2024-04-20 15:39:49.297000+00:00
2024/04/20, 15:40:49.298,39.069,-72.133,11.87,55.83,57.61,11.56,9.6,9.6,1012.8,1012.7,0.0,0.0,85.13,78.53,14,7,3.1,3.2,100.0,100.0,3.0,2.8,222.2,228.6,1014.9,1014.8,1008.1,373.15,2940.05,32.5675,8.9718,411.6,49.4,1483.19, NAN, NAN, NAN, NAN,,2024/04/20 15:40:49.298,2024-04-20 15:40:49.298000+00:00
2024/04/20, 15:41:49.298,39.071,-72.13,11.67,55.63,55.73,10.94,9.6,9.6,1012.7,1012.8,0.0,0.0,85.13,78.53,7,359,2.5,2.9,100.0,100.0,3.2,2.7,229.5,236.0,1014.8,1014.9,786.24,376.72,2534.65,32.57,9.0183,407.6,49.7,1483.366, NAN, NAN, NAN, NAN,,2024/04/20 15:41:49.298,2024-04-20 15:41:49.298000+00:00
2024/04/20, 15:42:49.298,39.073,-72.126,11.85,55.77,52.6,11.52,9.6,9.6,1012.7,1012.9,0.0,0.0,85.13,78.53,2,358,2.8,2.9,100.0,100.0,3.1,3.0,230.1,233.6,1014.8,1015.0,576.79,377.83,1993.29,32.5652,9.049,389.4,50.3,1483.474, NAN, NAN, NAN, NAN,,2024/04/20 15:42:49.298,2024-04-20 15:42:49.298000+00:00
2024/04/20, 15:43:49.298,39.075,-72.123,11.86,56.08,60.59,11.37,9.6,9.6,1013.0,1012.8,0.0,0.0,85.13,78.53,0,353,3.0,2.9,100.0,100.0,2.8,3.0,236.3,243.1,1015.1,1014.9,661.74,380.12,2170.58,32.5642,9.0785,378.7,50.3,1483.581, NAN, NAN, NAN, NAN,,2024/04/20 15:43:49.298,2024-04-20 15:43:49.298000+00:00
2024/04/20, 15:44:49.298,39.077,-72.12,11.89,55.54,53.92,11.42,9.6,9.6,1012.8,1012.8,0.0,0.0,85.13,78.53,1,354,3.2,3.1,100.0,100.0,2.7,2.8,231.4,239.4,1014.9,1014.9,527.58,380.96,1839.17,32.5634,9.1123,374.4,50.7,1483.705, NAN, NAN, NAN, NAN,,2024/04/20 15:44:49.298,2024-04-20 15:44:49.298000+00:00
2024/04/20, 15:45:49.298,39.079,-72.116,11.83,55.77,54.87,11.29,9.6,9.6,1012.8,1012.8,0.0,0.0,85.13,78.53,354,349,3.0,2.9,100.0,100.0,2.8,3.0,240.3,244.7,1014.9,1014.9,400.68,381.41,1501.98,32.5642,9.1085,360.3,50.8,1483.692, NAN, NAN, NAN, NAN,,2024/04/20 15:45:49.298,2024-04-20 15:45:49.298000+00:00
2024/04/20, 15:46:49.298,39.081,-72.113,12.0,55.27,54.01,11.13,9.6,9.6,1012.8,1012.8,0.0,0.0,85.13,78.53,349,345,2.8,2.8,100.0,100.0,3.0,3.1,246.1,249.4,1014.9,1014.9,300.15,381.05,1202.1,32.564,9.0994,354.4,50.9,1483.658, NAN, NAN, NAN, NAN,,2024/04/20 15:46:49.298,2024-04-20 15:46:49.298000+00:00
2024/04/20, 15:47:49.298,39.082,-72.11,11.79,55.74,53.06,11.42,9.6,9.6,1012.8,1012.8,0.0,0.0,85.13,78.53,341,339,2.4,3.0,100.0,100.0,3.6,3.2,244.8,251.5,1014.9,1014.9,249.65,380.69,1010.06,32.5639,9.1011,354.0,51.3,1483.665, NAN, NAN, NAN, NAN,,2024/04/20 15:47:49.298,2024-04-20 15:47:49.298000+00:00
2024/04/20, 15:48:49.298,39.084,-72.106,11.71,55.21,53.46,11.11,9.6,9.6,1012.8,1012.8,0.0,0.0,85.13,78.53,344,337,2.3,2.9,100.0,100.0,3.6,3.3,246.1,256.3,1014.9,1014.9,229.65,380.62,940.45,32.5638,9.1329,357.4,51.4,1483.782, NAN, NAN, NAN, NAN,,2024/04/20 15:48:49.298,2024-04-20 15:48:49.298000+00:00
2024/04/20, 15:49:49.298,39.086,-72.103,11.82,56.17,54.73,11.29,9.6,9.6,1013.0,1013.0,0.0,0.0,85.13,78.53,343,335,2.3,2.7,100.0,100.0,3.6,3.5,245.2,253.4,1015.1,1015.1,229.56,380.67,930.03,32.5641,9.1116,366.2,51.5,1483.704, NAN, NAN, NAN, NAN,,2024/04/20 15:49:49.298,2024-04-20 15:49:49.298000+00:00
2024/04/20, 15:50:49.298,39.088,-72.1,11.98,55.22,52.58,11.42,9.6,9.6,1013.0,1013.0,0.0,0.0,85.13,78.53,339,334,2.4,3.1,100.0,100.0,3.7,3.3,247.8,258.2,1015.1,1015.1,244.56,380.95,961.23,32.5647,9.1036,368.4,51.6,1483.675, NAN, NAN, NAN, NAN,,2024/04/20 15:50:49.298,2024-04-20 15:50:49.298000+00:00
2024/04/20, 15:51:49.298,39.09,-72.096,11.79,55.93,54.03,11.37,9.6,9.6,1012.9,1012.9,0.0,0.0,85.13,78.53,336,334,2.7,3.4,100.0,100.0,3.5,3.1,252.0,262.0,1015.0,1015.0,264.84,380.67,1014.25,32.5686,9.1324,374.0,51.8,1483.786, NAN, NAN, NAN, NAN,,2024/04/20 15:51:49.298,2024-04-20 15:51:49.298000+00:00
2024/04/20, 15:52:49.298,39.092,-72.093,11.92,55.29,53.36,11.82,9.6,9.6,1013.0,1012.9,0.0,0.0,85.13,78.53,339,334,2.5,3.7,100.0,100.0,3.8,3.2,247.5,264.5,1015.1,1015.0,297.0,381.07,1115.1,32.5699,9.1382,372.8,51.8,1483.809, NAN, NAN, NAN, NAN,,2024/04/20 15:52:49.298,2024-04-20 15:52:49.298000+00:00
2024/04/20, 15:53:49.298,39.093,-72.09,12.11,54.9,53.26,11.23,9.6,9.6,1013.0,1012.8,0.0,0.0,85.13,78.53,339,337,2.7,3.1,100.0,100.0,3.4,3.1,251.0,256.9,1015.1,1014.9,347.74,379.24,1254.81,32.5709,9.1161,383.0,51.6,1483.729, NAN, NAN, NAN, NAN,,2024/04/20 15:53:49.298,2024-04-20 15:53:49.298000+00:00
2024/04/20, 15:54:49.298,39.095,-72.086,11.73,56.18,54.48,11.06,9.5,9.6,1012.9,1012.5,0.0,0.0,85.13,78.53,337,335,2.5,3.2,100.0,100.0,3.5,3.1,250.8,260.4,1015.0,1014.6,456.88,373.95,1534.45,32.5684,9.0981,380.8,51.6,1483.659, NAN, NAN, NAN, NAN,,2024/04/20 15:54:49.298,2024-04-20 15:54:49.298000+00:00
2024/04/20, 15:55:49.298,39.097,-72.083,11.7,55.22,53.73,11.42,9.5,9.6,1012.7,1012.6,0.0,0.0,85.13,78.53,352,346,3.1,3.0,100.0,100.0,2.8,3.1,244.3,249.3,1014.8,1014.7,569.88,364.78,1859.51,32.5691,9.0828,388.4,51.6,1483.603, NAN, NAN, NAN, NAN,,2024/04/20 15:55:49.298,2024-04-20 15:55:49.298000+00:00
2024/04/20, 15:56:49.299,39.099,-72.08,11.89,55.59,52.58,11.47,9.5,9.6,1012.6,1012.6,0.0,0.0,85.13,78.53,354,347,3.3,3.2,100.0,100.0,2.6,2.8,240.2,247.5,1014.7,1014.7,805.09,360.69,2342.4,32.5673,9.0607,384.8,51.3,1483.519, NAN, NAN, NAN, NAN,,2024/04/20 15:56:49.299,2024-04-20 15:56:49.299000+00:00
2024/04/20, 15:57:49.299,39.101,-72.076,11.93,55.44,55.28,11.99,9.5,9.6,1012.7,1012.6,0.0,0.0,85.13,78.53,349,342,3.1,3.1,100.0,100.0,3.1,3.3,243.0,249.1,1014.8,1014.7,828.71,359.23,2571.07,32.5637,9.0585,397.6,51.5,1483.507, NAN, NAN, NAN, NAN,,2024/04/20 15:57:49.299,2024-04-20 15:57:49.299000+00:00
2024/04/20, 15:58:49.299,39.103,-72.073,12.02,55.72,58.69,11.65,9.6,9.6,1012.8,1012.5,0.0,0.0,85.13,78.53,351,345,3.3,3.3,100.0,100.0,2.8,3.0,248.5,254.6,1014.9,1014.6,893.67,359.03,2611.34,32.5595,9.0593,394.5,51.6,1483.505, NAN, NAN, NAN, NAN,,2024/04/20 15:58:49.299,2024-04-20 15:58:49.299000+00:00
2024/04/20, 15:59:49.299,39.104,-72.069,12.03,55.14,53.67,11.87,9.6,9.6,1012.6,1012.5,0.0,0.0,85.13,78.53,350,345,3.2,3.1,100.0,100.0,3.0,3.2,242.1,246.2,1014.7,1014.6,1044.11,359.75,2892.73,32.5578,8.939,392.8,51.4,1483.057, NAN, NAN, NAN, NAN,,2024/04/20 15:59:49.299,2024-04-20 15:59:49.299000+00:00
2024/04/20, 16:00:49.299,39.106,-72.066,12.04,55.99,51.24,11.03,9.6,9.6,1012.7,1012.7,0.0,0.0,85.13,78.53,351,342,3.5,3.4,100.0,100.0,2.2,2.6,243.3,253.9,1014.8,1014.8,922.07,357.69,2725.94,32.5555,8.7285,400.9,51.9,1482.271, NAN, NAN, NAN, NAN,,2024/04/20 16:00:49.299,2024-04-20 16:00:49.299000+00:00
2024/04/20, 16:01:49.299,39.108,-72.063,11.64,56.28,49.58,11.4,9.5,9.6,1012.4,1012.7,0.0,0.0,85.13,78.53,353,346,3.0,2.9,100.0,100.0,2.9,3.1,237.3,243.5,1014.5,1014.8,988.44,362.08,2666.16,32.5315,8.5013,408.0,52.0,1481.391, NAN, NAN, NAN, NAN,,2024/04/20 16:01:49.299,2024-04-20 16:01:49.299000+00:00
2024/04/20, 16:02:49.299,39.11,-72.059,11.73,55.37,54.39,11.65,9.6,9.6,1012.7,1012.7,0.0,0.0,85.13,78.53,343,336,2.9,3.2,100.0,100.0,3.3,3.3,248.3,256.6,1014.8,1014.8,680.69,368.72,2144.86,32.498,8.3502,412.6,51.9,1480.782, NAN, NAN, NAN, NAN,,2024/04/20 16:02:49.299,2024-04-20 16:02:49.299000+00:00
2024/04/20, 16:03:49.299,39.112,-72.056,12.02,55.31,55.51,11.9,9.6,9.6,1012.7,1012.4,0.0,0.0,85.13,78.53,337,334,3.0,4.1,100.0,100.0,3.5,2.9,251.9,269.1,1014.8,1014.5,453.98,374.7,1590.54,32.4356,8.2177,396.4,51.8,1480.205, NAN, NAN, NAN, NAN,,2024/04/20 16:03:49.299,2024-04-20 16:03:49.299000+00:00
2024/04/20, 16:04:49.299,39.114,-72.053,11.97,55.24,53.33,11.43,9.6,9.6,1012.7,1012.8,0.0,0.0,85.13,78.53,337,331,2.5,4.0,100.0,100.0,3.7,3.1,250.5,274.4,1014.8,1014.9,383.64,378.92,1394.38,32.3982,8.139,387.5,51.8,1479.861, NAN, NAN, NAN, NAN,,2024/04/20 16:04:49.299,2024-04-20 16:04:49.299000+00:00
2024/04/20, 16:05:49.299,39.116,-72.049,11.79,55.77,52.09,11.3,9.5,9.6,1012.6,1012.6,0.0,0.0,85.13,78.53,334,330,2.7,3.9,100.0,100.0,3.5,3.0,251.5,271.1,1014.7,1014.7,323.84,379.37,1243.29,32.3778,8.1049,388.8,51.4,1479.707, NAN, NAN, NAN, NAN,,2024/04/20 16:05:49.299,2024-04-20 16:05:49.299000+00:00
2024/04/20, 16:06:49.299,39.117,-72.046,11.99,55.44,54.41,11.41,9.5,9.6,1012.8,1012.4,0.0,0.0,85.13,78.53,335,333,2.4,3.8,100.0,100.0,3.8,2.9,248.5,267.8,1014.9,1014.5,377.72,379.83,1388.56,32.3668,8.0781,380.0,50.8,1479.591, NAN, NAN, NAN, NAN,,2024/04/20 16:06:49.299,2024-04-20 16:06:49.299000+00:00
2024/04/20, 16:07:49.299,39.119,-72.043,11.76,55.62,53.09,11.11,9.5,9.6,1012.7,1012.5,0.0,0.0,85.13,78.53,336,333,2.2,3.2,100.0,100.0,3.8,3.2,247.4,260.6,1014.8,1014.6,432.53,380.52,1490.27,32.3579,8.093,387.5,51.1,1479.637, NAN, NAN, NAN, NAN,,2024/04/20 16:07:49.299,2024-04-20 16:07:49.299000+00:00
2024/04/20, 16:08:49.299,39.121,-72.039,11.86,55.87,52.04,11.9,9.5,9.6,1012.6,1012.6,0.0,0.0,85.13,78.53,339,333,2.4,3.1,100.0,100.0,3.9,3.5,244.0,254.1,1014.7,1014.7,391.13,380.88,1416.99,32.3539,8.0981,387.2,50.8,1479.651, NAN, NAN, NAN, NAN,,2024/04/20 16:08:49.299,2024-04-20 16:08:49.299000+00:00
2024/04/20, 16:09:49.299,39.123,-72.036,11.93,54.73,52.16,11.86,9.5,9.6,1012.8,1012.6,0.0,0.0,85.13,78.53,340,333,2.4,3.5,100.0,100.0,3.9,3.2,242.3,258.0,1014.9,1014.7,401.54,381.65,1450.04,32.3511,8.1033,386.4,50.3,1479.667, NAN, NAN, NAN, NAN,,2024/04/20 16:09:49.299,2024-04-20 16:09:49.299000+00:00
2024/04/20, 16:10:49.299,39.125,-72.032,11.96,55.73,50.73,11.54,9.5,9.6,1012.8,1012.8,0.0,0.0,85.13,78.53,342,333,2.5,3.9,100.0,100.0,3.6,2.9,244.6,268.0,1014.9,1014.9,404.9,381.31,1445.01,32.3491,8.093,383.8,51.0,1479.626, NAN, NAN, NAN, NAN,,2024/04/20 16:10:49.299,2024-04-20 16:10:49.299000+00:00
2024/04/20, 16:11:49.299,39.127,-72.029,11.95,56.11,56.06,11.75,9.5,9.6,1012.7,1012.7,0.0,0.0,85.13,78.53,336,331,2.3,3.5,100.0,100.0,4.0,3.4,247.4,263.6,1014.8,1014.8,374.25,381.91,1340.1,32.3466,8.1006,376.8,50.9,1479.652, NAN, NAN, NAN, NAN,,2024/04/20 16:11:49.299,2024-04-20 16:11:49.299000+00:00
2024/04/20, 16:12:49.300,39.129,-72.026,11.93,56.03,54.06,11.56,9.5,9.6,1012.6,1012.6,0.0,0.0,85.13,78.53,333,331,2.5,3.6,100.0,100.0,3.8,3.2,251.2,266.1,1014.7,1014.7,354.17,381.25,1283.07,32.3449,8.1251,377.1,50.7,1479.742, NAN, NAN, NAN, NAN,,2024/04/20 16:12:49.300,2024-04-20 16:12:49.300000+00:00
2024/04/20, 16:13:49.300,39.131,-72.022,11.98,55.2,52.83,11.74,9.5,9.5,1012.7,1012.7,0.0,0.0,85.13,78.53,333,329,2.6,3.8,100.0,100.0,3.8,3.2,248.6,266.2,1014.8,1014.8,360.18,381.17,1277.97,32.3445,8.1265,372.9,50.9,1479.747, NAN, NAN, NAN, NAN,,2024/04/20 16:13:49.300,2024-04-20 16:13:49.300000+00:00
2024/04/20, 16:14:49.300,39.133,-72.019,12.07,56.16,55.85,11.96,9.5,9.5,1012.8,1012.6,0.0,0.0,85.13,78.53,337,332,2.6,3.6,100.0,100.0,3.8,3.3,248.0,262.4,1014.9,1014.7,343.87,380.8,1233.8,32.3439,8.1233,377.1,51.2,1479.734, NAN, NAN, NAN, NAN,,2024/04/20 16:14:49.300,2024-04-20 16:14:49.300000+00:00
2024/04/20, 16:15:49.300,39.134,-72.016,11.95,55.89,54.39,11.52,9.5,9.5,1012.6,1012.6,0.0,0.0,85.13,78.53,338,334,2.5,3.1,100.0,100.0,3.7,3.4,249.4,258.2,1014.7,1014.7,321.75,380.92,1176.3,32.3448,8.1277,372.9,51.1,1479.752, NAN, NAN, NAN, NAN,,2024/04/20 16:15:49.300,2024-04-20 16:15:49.300000+00:00
2024/04/20, 16:16:49.300,39.136,-72.012,11.93,54.76,49.8,11.48,9.5,9.5,1012.6,1012.5,0.0,0.0,85.13,78.53,332,334,2.4,3.6,100.0,100.0,3.8,2.9,246.0,259.1,1014.7,1014.6,312.51,381.08,1146.64,32.3461,8.1399,366.7,51.1,1479.8, NAN, NAN, NAN, NAN,,2024/04/20 16:16:49.300,2024-04-20 16:16:49.300000+00:00
2024/04/20, 16:17:49.300,39.138,-72.009,11.58,56.45,53.6,11.47,9.5,9.5,1012.6,1012.6,0.0,0.0,85.13,78.53,339,331,2.3,3.4,100.0,100.0,3.8,3.2,245.1,262.0,1014.7,1014.7,313.58,381.11,1145.5,32.3509,8.1653,371.5,51.2,1479.902, NAN, NAN, NAN, NAN,,2024/04/20 16:17:49.300,2024-04-20 16:17:49.300000+00:00
2024/04/20, 16:18:49.300,39.14,-72.006,11.9,55.62,50.79,11.63,9.4,9.5,1012.7,1012.6,0.0,0.0,85.13,78.53,341,332,2.5,3.7,100.0,100.0,3.6,3.0,243.0,262.9,1014.8,1014.7,325.48,381.06,1170.87,32.3482,8.1822,380.4,50.9,1479.963, NAN, NAN, NAN, NAN,,2024/04/20 16:18:49.300,2024-04-20 16:18:49.300000+00:00
2024/04/20, 16:19:49.300,39.142,-72.002,12.02,55.49,54.38,11.6,9.4,9.4,1012.7,1012.6,0.0,0.0,85.13,78.53,333,329,2.5,3.6,100.0,100.0,3.9,3.4,251.1,267.0,1014.8,1014.7,332.26,381.0,1185.65,32.3491,8.1839,370.5,50.2,1479.97, NAN, NAN, NAN, NAN,,2024/04/20 16:19:49.300,2024-04-20 16:19:49.300000+00:00
2024/04/20, 16:20:49.300,39.144,-71.999,11.95,56.1,53.71,11.45,9.4,9.4,1012.6,1012.7,0.0,0.0,85.13,78.53,334,330,2.5,3.9,100.0,100.0,3.7,3.0,249.4,270.5,1014.7,1014.8,317.38,381.02,1143.98,32.3519,8.2016,374.7,49.8,1480.041, NAN, NAN, NAN, NAN,,2024/04/20 16:20:49.300,2024-04-20 16:20:49.300000+00:00
2024/04/20, 16:21:49.300,39.146,-71.996,11.94,55.34,57.74,11.56,9.4,9.4,1012.5,1012.8,0.0,0.0,85.13,78.53,335,330,2.6,3.4,100.0,100.0,3.8,3.5,253.2,265.7,1014.6,1014.9,297.28,380.86,1098.93,32.3527,8.235,376.0,50.2,1480.168, NAN, NAN, NAN, NAN,,2024/04/20 16:21:49.300,2024-04-20 16:21:49.300000+00:00
2024/04/20, 16:22:49.300,39.148,-71.992,11.82,56.67,57.1,11.63,9.4,9.4,1012.7,1012.5,0.0,0.0,85.13,78.53,336,330,2.2,3.9,100.0,100.0,4.1,3.2,248.6,272.7,1014.8,1014.6,282.94,380.97,1068.11,32.3549,8.2892,374.4,50.6,1480.375, NAN, NAN, NAN, NAN,,2024/04/20 16:22:49.300,2024-04-20 16:22:49.300000+00:00
2024/04/20, 16:23:49.300,39.149,-71.989,11.8,56.52,56.97,11.76,9.4,9.4,1012.5,1012.4,0.0,0.0,85.13,78.53,337,334,2.1,2.8,100.0,100.0,4.2,3.7,246.2,254.0,1014.6,1014.5,295.69,380.92,1102.36,32.3597,8.3393,369.4,50.8,1480.57, NAN, NAN, NAN, NAN,,2024/04/20 16:23:49.300,2024-04-20 16:23:49.300000+00:00
2024/04/20, 16:24:49.300,39.151,-71.985,11.8,55.46,50.77,11.65,9.4,9.4,1012.6,1012.3,0.0,0.0,85.13,78.53,340,336,2.2,2.9,100.0,100.0,4.0,3.5,243.4,251.8,1014.7,1014.4,306.49,381.5,1132.85,32.366,8.3774,368.8,51.0,1480.721, NAN, NAN, NAN, NAN,,2024/04/20 16:24:49.300,2024-04-20 16:24:49.300000+00:00
2024/04/20, 16:25:49.300,39.153,-71.982,12.08,54.85,51.22,11.71,9.4,9.4,1012.5,1012.4,0.0,0.0,85.13,78.53,349,342,2.5,2.6,100.0,100.0,3.6,3.6,239.4,244.6,1014.6,1014.5,293.62,381.12,1104.1,32.3772,8.3852,358.4,51.2,1480.765, NAN, NAN, NAN, NAN,,2024/04/20 16:25:49.300,2024-04-20 16:25:49.300000+00:00
2024/04/20, 16:26:49.300,39.155,-71.979,11.93,55.85,52.44,11.76,9.4,9.4,1012.4,1012.3,0.0,0.0,85.13,78.53,343,339,2.4,2.5,100.0,100.0,3.8,3.7,241.7,244.7,1014.5,1014.4,291.33,381.4,1096.44,32.3826,8.3879,354.0,50.8,1480.781, NAN, NAN, NAN, NAN,,2024/04/20 16:26:49.300,2024-04-20 16:26:49.300000+00:00
2024/04/20, 16:27:49.300,39.157,-71.975,12.05,55.81,57.28,11.9,9.4,9.4,1012.4,1012.4,0.0,0.0,85.13,78.53,345,336,2.4,2.9,100.0,100.0,3.8,3.6,243.5,253.0,1014.5,1014.5,290.07,381.17,1090.18,32.3839,8.3861,356.9,50.9,1480.776, NAN, NAN, NAN, NAN,,2024/04/20 16:27:49.300,2024-04-20 16:27:49.300000+00:00
2024/04/20, 16:28:49.301,39.159,-71.972,12.01,56.02,54.46,11.9,9.4,9.4,1012.4,1012.4,0.0,0.0,85.13,78.53,348,339,2.4,2.8,100.0,100.0,3.8,3.5,238.1,246.4,1014.5,1014.5,296.03,381.16,1107.91,32.3856,8.3997,353.6,51.3,1480.83, NAN, NAN, NAN, NAN,,2024/04/20 16:28:49.301,2024-04-20 16:28:49.301000+00:00
2024/04/20, 16:29:49.301,39.161,-71.969,11.92,56.1,59.18,11.77,9.4,9.4,1012.5,1012.3,0.0,0.0,85.13,78.53,350,341,2.2,2.4,100.0,100.0,3.9,3.9,241.4,247.5,1014.6,1014.4,324.61,381.14,1188.51,32.3866,8.4149,357.2,51.3,1480.888, NAN, NAN, NAN, NAN,,2024/04/20 16:29:49.301,2024-04-20 16:29:49.301000+00:00
2024/04/20, 16:30:49.301,39.163,-71.965,11.98,55.67,54.09,11.81,9.4,9.4,1012.4,1012.3,0.0,0.0,85.13,78.53,345,340,2.3,2.2,100.0,100.0,3.9,4.0,242.2,244.2,1014.5,1014.4,398.45,381.03,1419.01,32.3872,8.4229,361.1,51.4,1480.919, NAN, NAN, NAN, NAN,,2024/04/20 16:30:49.301,2024-04-20 16:30:49.301000+00:00
2024/04/20, 16:31:49.301,39.165,-71.962,12.05,55.77,51.44,11.65,9.4,9.4,1012.3,1012.3,0.0,0.0,85.13,78.53,347,344,2.4,2.6,100.0,100.0,3.7,3.6,243.4,246.6,1014.4,1014.4,466.64,381.43,1572.92,32.39,8.4279,355.0,51.6,1480.941, NAN, NAN, NAN, NAN,,2024/04/20 16:31:49.301,2024-04-20 16:31:49.301000+00:00
2024/04/20, 16:32:49.301,39.167,-71.958,11.99,55.95,58.13,11.82,9.4,9.4,1012.2,1012.3,0.0,0.0,85.13,78.53,344,339,2.4,2.3,100.0,100.0,3.8,4.0,245.8,247.7,1014.3,1014.4,433.27,381.76,1514.99,32.3928,8.4598,358.7,51.6,1481.064, NAN, NAN, NAN, NAN,,2024/04/20 16:32:49.301,2024-04-20 16:32:49.301000+00:00
2024/04/20, 16:33:49.301,39.168,-71.955,12.02,54.93,58.14,11.57,9.4,9.4,1012.4,1012.3,0.0,0.0,85.13,78.53,344,334,2.2,2.8,100.0,100.0,3.9,3.7,245.4,256.1,1014.5,1014.4,430.95,382.28,1507.53,32.3945,8.474,357.7,52.0,1481.12, NAN, NAN, NAN, NAN,,2024/04/20 16:33:49.301,2024-04-20 16:33:49.301000+00:00
2024/04/20, 16:34:49.301,39.17,-71.951,11.81,55.67,55.27,11.83,9.4,9.4,1012.5,1012.3,0.0,0.0,85.13,78.53,336,331,1.9,3.5,100.0,100.0,4.4,3.4,243.1,261.9,1014.6,1014.4,426.48,382.83,1501.21,32.3967,8.5182,350.5,52.2,1481.289, NAN, NAN, NAN, NAN,,2024/04/20 16:34:49.301,2024-04-20 16:34:49.301000+00:00
2024/04/20, 16:35:49.301,39.172,-71.948,11.52,55.54,53.6,11.78,9.4,9.4,1012.4,1012.3,0.0,0.0,85.13,78.53,334,331,2.1,3.2,100.0,100.0,4.2,3.5,245.2,257.9,1014.5,1014.4,404.29,382.73,1437.95,32.3995,8.5648,345.6,52.3,1481.467, NAN, NAN, NAN, NAN,,2024/04/20 16:35:49.301,2024-04-20 16:35:49.301000+00:00
2024/04/20, 16:36:49.301,39.174,-71.945,11.72,56.8,56.05,11.69,9.4,9.4,1012.6,1012.4,0.0,0.0,85.13,78.53,329,326,2.0,3.4,100.0,100.0,4.4,3.6,247.8,264.9,1014.7,1014.5,378.7,382.29,1379.29,32.4034,8.6091,339.8,52.0,1481.637, NAN, NAN, NAN, NAN,,2024/04/20 16:36:49.301,2024-04-20 16:36:49.301000+00:00
2024/04/20, 16:37:49.301,39.176,-71.941,11.58,55.2,56.74,11.56,9.4,9.4,1012.6,1012.3,0.0,0.0,85.13,78.53,323,326,2.1,4.1,100.0,100.0,4.4,3.4,251.2,276.7,1014.7,1014.4,371.55,381.74,1363.73,32.4084,8.6569,338.8,52.2,1481.822, NAN, NAN, NAN, NAN,,2024/04/20 16:37:49.301,2024-04-20 16:37:49.301000+00:00
2024/04/20, 16:38:49.301,39.178,-71.938,11.97,55.12,51.59,11.5,9.4,9.4,1012.3,1012.3,0.0,0.0,85.13,78.53,328,327,2.2,4.2,100.0,100.0,4.2,3.2,249.4,277.1,1014.4,1014.4,399.28,381.99,1437.83,32.4133,8.7153,332.1,52.5,1482.047, NAN, NAN, NAN, NAN,,2024/04/20 16:38:49.301,2024-04-20 16:38:49.301000+00:00
2024/04/20, 16:39:49.301,39.18,-71.935,12.06,55.53,54.26,11.94,9.4,9.4,1012.2,1012.4,0.0,0.0,85.13,78.53,328,326,2.3,4.3,100.0,100.0,4.3,3.4,249.5,276.5,1014.3,1014.5,443.63,382.13,1552.8,32.4177,8.7428,323.0,52.7,1482.155, NAN, NAN, NAN, NAN,,2024/04/20 16:39:49.301,2024-04-20 16:39:49.301000+00:00
2024/04/20, 16:40:49.301,39.182,-71.931,11.82,56.08,53.39,11.78,9.4,9.4,1012.3,1012.3,0.0,0.0,85.13,78.53,329,324,2.2,3.6,100.0,100.0,4.3,3.7,248.9,267.6,1014.4,1014.4,484.05,382.51,1657.22,32.43,8.8073,325.4,52.7,1482.41, NAN, NAN, NAN, NAN,,2024/04/20 16:40:49.301,2024-04-20 16:40:49.301000+00:00
2024/04/20, 16:41:49.301,39.183,-71.928,11.92,56.39,57.39,11.76,9.4,9.4,1012.6,1012.2,0.0,0.0,85.13,78.53,326,326,2.5,4.3,100.0,100.0,4.2,3.5,256.1,280.8,1014.7,1014.3,480.48,381.04,1661.84,32.4489,8.8802,332.8,52.8,1482.705, NAN, NAN, NAN, NAN,,2024/04/20 16:41:49.301,2024-04-20 16:41:49.301000+00:00
2024/04/20, 16:42:49.301,39.185,-71.924,11.85,54.22,54.16,11.63,9.4,9.4,1012.3,1012.3,0.0,0.0,85.13,78.53,326,325,2.6,4.9,100.0,100.0,4.1,3.5,255.7,289.8,1014.4,1014.4,511.57,380.15,1728.58,32.4958,8.9651,321.4,52.9,1483.078, NAN, NAN, NAN, NAN,,2024/04/20 16:42:49.301,2024-04-20 16:42:49.301000+00:00
2024/04/20, 16:43:49.301,39.187,-71.921,11.86,55.67,55.28,11.91,9.4,9.4,1012.3,1012.3,0.0,0.0,85.13,78.53,327,328,2.5,4.7,100.0,100.0,4.2,3.2,252.8,283.6,1014.4,1014.4,520.71,379.54,1734.19,32.5349,9.0485,315.0,53.2,1483.434, NAN, NAN, NAN, NAN,,2024/04/20 16:43:49.301,2024-04-20 16:43:49.301000+00:00
2024/04/20, 16:44:49.302,39.189,-71.918,12.0,55.18,54.55,11.4,9.4,9.4,1012.3,1012.2,0.0,0.0,85.13,78.53,333,331,2.6,4.1,100.0,100.0,3.7,3.0,254.1,276.8,1014.4,1014.3,419.49,380.34,1516.41,32.5525,9.0815,318.4,53.4,1483.578, NAN, NAN, NAN, NAN,,2024/04/20 16:44:49.302,2024-04-20 16:44:49.302000+00:00
2024/04/20, 16:45:49.302,39.191,-71.914,11.83,55.94,55.27,11.76,9.4,9.4,1012.2,1012.5,0.0,0.0,85.13,78.53,330,326,2.3,4.1,100.0,100.0,4.2,3.4,249.6,274.8,1014.3,1014.6,373.33,381.79,1390.38,32.569,9.1395,312.3,53.6,1483.813, NAN, NAN, NAN, NAN,,2024/04/20 16:45:49.302,2024-04-20 16:45:49.302000+00:00
2024/04/20, 16:46:49.302,39.193,-71.911,11.88,55.26,57.63,11.57,9.4,9.4,1012.4,1012.1,0.0,0.0,85.13,78.53,327,327,2.4,4.1,100.0,100.0,4.2,3.5,255.6,278.8,1014.5,1014.2,378.83,382.1,1395.41,32.5848,9.1896,310.5,52.3,1484.017, NAN, NAN, NAN, NAN,,2024/04/20 16:46:49.302,2024-04-20 16:46:49.302000+00:00
2024/04/20, 16:47:49.302,39.195,-71.907,12.05,54.51,53.87,11.74,9.4,9.4,1012.3,1011.9,0.0,0.0,85.13,78.53,329,329,2.4,3.6,100.0,100.0,4.1,3.4,250.2,265.0,1014.4,1014.0,385.19,381.74,1412.97,32.6012,9.2254,309.6,51.7,1484.169, NAN, NAN, NAN, NAN,,2024/04/20 16:47:49.302,2024-04-20 16:47:49.302000+00:00
2024/04/20, 16:48:49.302,39.197,-71.904,11.78,56.64,59.06,11.85,9.4,9.4,1012.2,1012.1,0.0,0.0,85.13,78.53,332,329,2.8,4.2,100.0,100.0,3.8,3.2,254.7,275.9,1014.3,1014.2,431.75,381.25,1526.56,32.6119,9.2325,302.5,52.5,1484.208, NAN, NAN, NAN, NAN,,2024/04/20 16:48:49.302,2024-04-20 16:48:49.302000+00:00
2024/04/20, 16:49:49.302,39.198,-71.901,11.76,54.7,49.73,11.52,9.4,9.4,1012.4,1012.2,0.0,0.0,85.13,78.53,325,326,2.7,4.2,100.0,100.0,3.9,3.1,252.6,274.1,1014.5,1014.3,496.08,380.81,1675.8,32.6171,9.2201,307.8,52.5,1484.169, NAN, NAN, NAN, NAN,,2024/04/20 16:49:49.302,2024-04-20 16:49:49.302000+00:00
2024/04/20, 16:50:49.302,39.2,-71.898,11.73,55.37,56.33,11.19,9.4,9.4,1012.0,1012.2,0.0,0.0,85.13,78.53,328,327,2.7,4.1,100.0,100.0,3.8,3.3,259.3,280.7,1014.1,1014.3,490.24,380.52,1677.74,32.6175,9.1869,297.4,52.8,1484.047, NAN, NAN, NAN, NAN,,2024/04/20 16:50:49.302,2024-04-20 16:50:49.302000+00:00
2024/04/20, 16:51:49.302,39.202,-71.894,11.77,55.55,51.56,11.33,9.4,9.4,1011.9,1012.2,0.0,0.0,85.13,78.53,332,328,2.6,4.6,100.0,100.0,3.7,2.9,251.0,284.3,1014.0,1014.3,481.58,381.49,1643.83,32.6195,9.1613,304.4,52.7,1483.955, NAN, NAN, NAN, NAN,,2024/04/20 16:51:49.302,2024-04-20 16:51:49.302000+00:00
2024/04/20, 16:52:49.302,39.204,-71.891,12.04,55.69,54.1,11.24,9.4,9.4,1012.2,1012.2,0.0,0.0,85.13,78.53,323,324,2.2,3.7,100.0,100.0,4.2,3.4,251.8,271.6,1014.3,1014.3,430.64,382.09,1509.88,32.6228,9.1714,304.6,52.8,1483.996, NAN, NAN, NAN, NAN,,2024/04/20 16:52:49.302,2024-04-20 16:52:49.302000+00:00
2024/04/20, 16:53:49.302,39.206,-71.887,12.0,55.06,56.3,12.05,9.4,9.4,1012.0,1012.2,0.0,0.0,85.13,78.53,332,327,2.4,4.1,100.0,100.0,4.2,3.5,250.0,273.6,1014.1,1014.3,379.95,382.06,1367.55,32.6258,9.2109,306.2,52.9,1484.146, NAN, NAN, NAN, NAN,,2024/04/20 16:53:49.302,2024-04-20 16:53:49.302000+00:00
2024/04/20, 16:54:49.302,39.208,-71.884,11.93,54.83,54.22,12.12,9.4,9.4,1012.3,1012.2,0.0,0.0,85.13,78.53,335,331,2.6,4.2,100.0,100.0,4.0,3.1,247.6,270.3,1014.4,1014.3,320.67,382.11,1186.92,32.6263,9.2544,307.8,52.6,1484.306, NAN, NAN, NAN, NAN,,2024/04/20 16:54:49.302,2024-04-20 16:54:49.302000+00:00
2024/04/20, 16:55:49.302,39.21,-71.881,11.78,55.85,56.93,11.56,9.4,9.4,1012.3,1012.1,0.0,0.0,85.13,78.53,322,321,1.8,3.6,100.0,100.0,4.6,3.8,247.3,269.3,1014.4,1014.2,273.97,382.31,1048.37,32.6231,9.2612,304.9,52.8,1484.328, NAN, NAN, NAN, NAN,,2024/04/20 16:55:49.302,2024-04-20 16:55:49.302000+00:00
2024/04/20, 16:56:49.302,39.211,-71.877,12.0,55.69,54.29,11.93,9.4,9.4,1012.2,1012.2,0.0,0.0,85.13,78.53,328,327,2.4,4.6,100.0,100.0,4.2,3.3,251.2,281.9,1014.3,1014.3,233.36,381.87,929.68,32.6204,9.2307,297.7,53.1,1484.212, NAN, NAN, NAN, NAN,,2024/04/20 16:56:49.302,2024-04-20 16:56:49.302000+00:00
2024/04/20, 16:57:49.302,39.213,-71.874,11.91,55.2,53.27,11.24,9.4,9.4,1012.2,1012.2,0.0,0.0,85.13,78.53,314,320,2.4,3.4,100.0,100.0,4.4,3.7,255.3,267.0,1014.3,1014.3,208.25,381.81,849.97,32.6276,9.2392,301.6,53.0,1484.252, NAN, NAN, NAN, NAN,,2024/04/20 16:57:49.302,2024-04-20 16:57:49.302000+00:00
2024/04/20, 16:58:49.302,39.215,-71.871,11.61,56.75,54.72,11.48,9.4,9.5,1012.0,1012.1,0.0,0.0,85.13,78.53,318,324,2.1,4.1,100.0,100.0,4.5,3.4,252.6,277.7,1014.1,1014.2,193.51,381.67,803.37,32.6409,9.2836,311.3,53.3,1484.432, NAN, NAN, NAN, NAN,,2024/04/20 16:58:49.302,2024-04-20 16:58:49.302000+00:00
2024/04/20, 16:59:49.302,39.217,-71.867,11.91,54.91,56.57,11.9,9.4,9.5,1012.2,1012.2,0.0,0.0,85.13,78.53,331,327,2.5,4.0,100.0,100.0,4.1,3.5,251.6,272.8,1014.3,1014.3,194.06,381.37,794.45,32.657,9.3063,319.6,53.4,1484.535, NAN, NAN, NAN, NAN,,2024/04/20 16:59:49.302,2024-04-20 16:59:49.302000+00:00
2024/04/20, 17:00:49.303,39.219,-71.864,12.01,54.33,53.72,11.45,9.4,9.5,1012.2,1012.1,0.0,0.0,85.13,78.53,326,325,2.1,4.2,100.0,100.0,4.3,3.4,250.4,279.1,1014.3,1014.2,201.41,382.0,805.39,32.6645,9.3052,324.3,53.2,1484.54, NAN, NAN, NAN, NAN,,2024/04/20 17:00:49.303,2024-04-20 17:00:49.303000+00:00
2024/04/20, 17:01:49.303,39.221,-71.86,12.08,55.89,56.68,11.83,9.5,9.5,1012.3,1012.1,0.0,0.0,85.13,78.53,318,323,2.0,3.5,100.0,100.0,4.8,3.9,251.4,267.8,1014.4,1014.2,205.31,381.97,810.12,32.6656,9.3335,325.1,53.4,1484.645, NAN, NAN, NAN, NAN,,2024/04/20 17:01:49.303,2024-04-20 17:01:49.303000+00:00
2024/04/20, 17:02:49.303,39.223,-71.857,12.05,55.85,59.46,11.71,9.5,9.5,1012.0,1012.1,0.0,0.0,85.13,78.53,324,325,2.2,3.9,100.0,100.0,4.4,3.6,253.0,274.4,1014.1,1014.2,205.85,381.75,806.51,32.6713,9.373,342.2,53.2,1484.797, NAN, NAN, NAN, NAN,,2024/04/20 17:02:49.303,2024-04-20 17:02:49.303000+00:00
2024/04/20, 17:03:49.303,39.225,-71.854,12.14,55.33,50.43,11.39,9.5,9.5,1012.1,1012.2,0.0,0.0,85.13,78.53,321,323,2.0,3.7,100.0,100.0,4.4,3.6,249.7,270.9,1014.2,1014.3,201.73,381.9,792.4,32.6755,9.4153,348.0,53.2,1484.958, NAN, NAN, NAN, NAN,,2024/04/20 17:03:49.303,2024-04-20 17:03:49.303000+00:00
2024/04/20, 17:04:49.303,39.227,-71.85,11.66,55.17,54.65,11.44,9.5,9.5,1012.1,1012.2,0.0,0.0,85.13,78.53,313,318,2.2,4.5,100.0,100.0,4.6,3.9,254.5,284.4,1014.2,1014.3,202.56,381.81,787.42,32.6891,9.4373,347.6,53.4,1485.055, NAN, NAN, NAN, NAN,,2024/04/20 17:04:49.303,2024-04-20 17:04:49.303000+00:00
2024/04/20, 17:05:49.303,39.228,-71.847,11.98,55.78,56.48,11.45,9.5,9.5,1012.4,1012.3,0.0,0.0,85.13,78.53,315,321,1.9,3.7,100.0,100.0,4.7,3.8,252.6,273.9,1014.5,1014.4,197.18,381.89,777.46,32.7215,9.4716,346.8,53.5,1485.22, NAN, NAN, NAN, NAN,,2024/04/20 17:05:49.303,2024-04-20 17:05:49.303000+00:00
2024/04/20, 17:06:49.303,39.23,-71.844,11.96,56.19,59.03,11.34,9.5,9.5,1012.2,1012.2,0.0,0.0,85.13,78.53,313,320,2.2,4.2,100.0,100.0,4.7,3.9,258.4,283.7,1014.3,1014.3,205.14,381.88,800.79,32.7672,9.503,354.4,53.7,1485.391, NAN, NAN, NAN, NAN,,2024/04/20 17:06:49.303,2024-04-20 17:06:49.303000+00:00
2024/04/20, 17:07:49.303,39.232,-71.84,11.94,55.44,53.86,11.52,9.5,9.5,1012.1,1012.3,0.0,0.0,85.13,78.53,317,318,2.2,4.6,100.0,100.0,4.5,3.8,252.5,284.7,1014.2,1014.4,215.66,381.56,831.06,32.811,9.5669,355.6,53.8,1485.678, NAN, NAN, NAN, NAN,,2024/04/20 17:07:49.303,2024-04-20 17:07:49.303000+00:00
2024/04/20, 17:08:49.303,39.234,-71.837,11.81,55.92,54.13,11.74,9.5,9.5,1012.2,1012.3,0.0,0.0,85.13,78.53,318,320,2.0,3.9,100.0,100.0,4.7,3.7,248.5,271.6,1014.3,1014.4,216.21,381.61,839.38,32.8575,9.599,378.4,53.6,1485.852, NAN, NAN, NAN, NAN,,2024/04/20 17:08:49.303,2024-04-20 17:08:49.303000+00:00
2024/04/20, 17:09:49.303,39.236,-71.834,11.69,54.96,53.62,11.41,9.5,9.5,1012.3,1012.1,0.0,0.0,85.13,78.53,314,320,2.2,4.7,100.0,100.0,4.6,3.6,253.0,286.5,1014.4,1014.2,219.07,381.72,848.74,32.8877,9.6221,373.6,53.7,1485.973, NAN, NAN, NAN, NAN,,2024/04/20 17:09:49.303,2024-04-20 17:09:49.303000+00:00
2024/04/20, 17:10:49.303,39.238,-71.83,11.93,55.68,51.49,11.81,9.5,9.6,1012.2,1012.2,0.0,0.0,85.13,78.53,306,316,2.4,4.7,100.0,100.0,4.9,4.0,255.5,283.9,1014.3,1014.3,212.51,381.55,834.5,32.9107,9.6427,385.4,53.6,1486.076, NAN, NAN, NAN, NAN,,2024/04/20 17:10:49.303,2024-04-20 17:10:49.303000+00:00
2024/04/20, 17:11:49.303,39.24,-71.827,11.95,55.27,48.5,11.58,9.5,9.6,1012.1,1012.4,0.0,0.0,85.13,78.53,309,315,2.3,4.4,100.0,100.0,4.7,3.8,251.0,277.8,1014.2,1014.5,209.04,381.52,824.88,32.9274,9.6307,381.4,53.6,1486.053, NAN, NAN, NAN, NAN,,2024/04/20 17:11:49.303,2024-04-20 17:11:49.303000+00:00
2024/04/20, 17:12:49.303,39.242,-71.823,11.91,56.72,58.38,11.85,9.6,9.6,1012.3,1012.1,0.0,0.0,85.13,78.53,304,308,2.2,4.2,100.0,100.0,5.2,4.8,257.0,279.9,1014.4,1014.2,211.2,381.54,827.59,32.9165,9.6429,382.7,54.0,1486.084, NAN, NAN, NAN, NAN,,2024/04/20 17:12:49.303,2024-04-20 17:12:49.303000+00:00
2024/04/20, 17:13:49.303,39.243,-71.82,12.08,55.94,57.92,11.98,9.6,9.6,1012.2,1012.2,0.0,0.0,85.13,78.53,311,315,2.6,4.6,100.0,100.0,4.8,4.3,258.5,283.2,1014.3,1014.3,212.71,381.15,836.06,32.8892,9.669,371.5,54.2,1486.145, NAN, NAN, NAN, NAN,,2024/04/20 17:13:49.303,2024-04-20 17:13:49.303000+00:00
2024/04/20, 17:14:49.303,39.245,-71.817,12.04,55.89,53.93,11.97,9.6,9.6,1012.3,1012.3,0.0,0.0,85.13,78.53,303,313,2.5,4.7,100.0,100.0,5.1,4.4,257.4,283.5,1014.4,1014.4,219.68,381.27,867.32,32.8826,9.6671,374.7,53.9,1486.13, NAN, NAN, NAN, NAN,,2024/04/20 17:14:49.303,2024-04-20 17:14:49.303000+00:00
2024/04/20, 17:15:49.303,39.247,-71.813,11.99,55.41,55.85,11.69,9.6,9.6,1012.3,1012.0,0.0,0.0,85.13,78.53,303,316,2.8,4.7,100.0,100.0,5.1,4.2,263.1,286.7,1014.4,1014.1,247.28,381.33,948.28,32.8949,9.653,358.0,52.4,1486.094, NAN, NAN, NAN, NAN,,2024/04/20 17:15:49.303,2024-04-20 17:15:49.303000+00:00
2024/04/20, 17:16:49.303,39.249,-71.81,12.26,56.15,59.13,11.96,9.6,9.6,1012.1,1012.0,0.0,0.0,85.13,78.53,311,318,2.6,5.1,100.0,100.0,4.9,4.2,260.3,291.7,1014.2,1014.1,281.19,381.53,1045.38,32.906,9.6569,344.9,51.6,1486.122, NAN, NAN, NAN, NAN,,2024/04/20 17:16:49.303,2024-04-20 17:16:49.303000+00:00
2024/04/20, 17:17:49.304,39.251,-71.806,12.27,55.47,55.82,12.01,9.6,9.6,1012.1,1012.1,0.0,0.0,85.13,78.53,308,318,2.8,4.6,100.0,100.0,4.9,4.1,261.0,282.9,1014.2,1014.2,303.38,382.03,1115.56,32.904,9.6705,348.9,52.1,1486.169, NAN, NAN, NAN, NAN,,2024/04/20 17:17:49.304,2024-04-20 17:17:49.304000+00:00
2024/04/20, 17:18:49.304,39.253,-71.803,12.19,55.51,53.63,11.83,9.6,9.6,1012.0,1012.0,0.0,0.0,85.13,78.53,311,316,2.9,5.2,100.0,100.0,4.6,4.1,260.5,290.8,1014.1,1014.1,311.9,381.63,1154.8,32.9005,9.6662,344.3,52.8,1486.149, NAN, NAN, NAN, NAN,,2024/04/20 17:18:49.304,2024-04-20 17:18:49.304000+00:00
2024/04/20, 17:19:49.304,39.255,-71.799,12.19,56.75,58.11,11.78,9.6,9.7,1012.2,1012.0,0.0,0.0,85.13,78.53,305,312,2.9,5.0,100.0,100.0,4.9,4.5,264.1,289.9,1014.3,1014.1,313.53,381.54,1164.65,32.8946,9.6585,340.9,52.9,1486.114, NAN, NAN, NAN, NAN,,2024/04/20 17:19:49.304,2024-04-20 17:19:49.304000+00:00
2024/04/20, 17:20:49.304,39.257,-71.796,12.08,55.97,52.06,11.52,9.6,9.7,1012.1,1012.0,0.0,0.0,85.13,78.53,299,310,3.2,5.2,100.0,100.0,5.1,4.5,266.4,291.5,1014.2,1014.1,350.54,381.67,1256.94,32.8948,9.6264,336.8,53.1,1485.997, NAN, NAN, NAN, NAN,,2024/04/20 17:20:49.304,2024-04-20 17:20:49.304000+00:00
2024/04/20, 17:21:49.304,39.259,-71.792,12.15,55.41,55.09,11.69,9.7,9.7,1011.9,1012.0,0.0,0.0,85.13,78.53,294,312,3.5,5.0,100.0,100.0,5.6,4.6,270.5,289.9,1014.0,1014.1,349.08,381.78,1250.49,32.8979,9.5986,330.0,53.5,1485.9, NAN, NAN, NAN, NAN,,2024/04/20 17:21:49.304,2024-04-20 17:21:49.304000+00:00
2024/04/20, 17:22:49.304,39.261,-71.789,12.19,56.04,56.15,11.93,9.7,9.7,1012.2,1011.9,0.0,0.0,85.13,78.53,303,311,3.4,5.6,100.0,100.0,5.1,4.8,268.3,294.9,1014.3,1014.0,349.4,381.46,1240.35,32.8939,9.5869,344.1,53.6,1485.852, NAN, NAN, NAN, NAN,,2024/04/20 17:22:49.304,2024-04-20 17:22:49.304000+00:00
2024/04/20, 17:23:49.304,39.263,-71.786,12.24,56.49,56.05,12.01,9.7,9.7,1012.1,1012.1,0.0,0.0,85.13,78.53,300,308,3.4,5.3,100.0,100.0,5.3,4.9,268.2,290.4,1014.2,1014.2,307.96,381.39,1105.98,32.8944,9.578,345.2,53.6,1485.82, NAN, NAN, NAN, NAN,,2024/04/20 17:23:49.304,2024-04-20 17:23:49.304000+00:00
2024/04/20, 17:24:49.304,39.264,-71.782,12.1,56.02,55.1,12.01,9.7,9.7,1012.1,1012.1,0.0,0.0,85.13,78.53,293,306,3.8,5.8,100.0,100.0,5.7,5.3,271.0,294.4,1014.2,1014.2,268.66,380.89,1002.21,32.8869,9.5595,344.6,54.1,1485.743, NAN, NAN, NAN, NAN,,2024/04/20 17:24:49.304,2024-04-20 17:24:49.304000+00:00
2024/04/20, 17:25:49.304,39.266,-71.779,12.32,55.95,52.33,12.42,9.7,9.7,1012.2,1012.0,0.0,0.0,85.13,78.53,295,309,3.4,5.6,100.0,100.0,5.7,5.0,265.3,290.8,1014.3,1014.1,246.29,380.23,929.8,32.8839,9.5609,342.8,54.2,1485.745, NAN, NAN, NAN, NAN,,2024/04/20 17:25:49.304,2024-04-20 17:25:49.304000+00:00
2024/04/20, 17:26:49.304,39.268,-71.775,12.26,55.46,55.76,12.21,9.7,9.7,1012.2,1011.9,0.0,0.0,85.13,78.53,294,308,3.7,5.6,100.0,100.0,5.8,5.2,270.1,292.3,1014.3,1014.0,211.5,379.78,813.1,32.8758,9.5851,344.1,54.1,1485.823, NAN, NAN, NAN, NAN,,2024/04/20 17:26:49.304,2024-04-20 17:26:49.304000+00:00
2024/04/20, 17:27:49.304,39.27,-71.772,12.35,56.25,52.96,12.04,9.7,9.7,1012.2,1011.9,0.0,0.0,85.13,78.53,289,306,3.7,5.7,100.0,100.0,6.0,5.2,269.7,293.5,1014.3,1014.0,178.26,379.76,706.98,32.8803,9.6366,357.2,54.1,1486.017, NAN, NAN, NAN, NAN,,2024/04/20 17:27:49.304,2024-04-20 17:27:49.304000+00:00
2024/04/20, 17:28:49.304,39.272,-71.768,12.26,55.95,52.39,11.89,9.7,9.7,1012.1,1011.9,0.0,0.0,85.13,78.53,284,300,4.2,5.5,100.0,100.0,6.4,5.7,273.3,289.7,1014.2,1014.0,172.18,379.73,684.44,32.8833,9.712,363.3,54.3,1486.295, NAN, NAN, NAN, NAN,,2024/04/20 17:28:49.304,2024-04-20 17:28:49.304000+00:00
2024/04/20, 17:29:49.304,39.274,-71.765,12.07,55.9,54.52,11.8,9.7,9.7,1012.0,1012.0,0.0,0.0,85.13,78.53,288,306,3.6,5.2,100.0,100.0,5.9,5.0,269.2,289.2,1014.1,1014.1,173.0,379.8,690.41,32.8979,9.8018,351.3,54.4,1486.639, NAN, NAN, NAN, NAN,,2024/04/20 17:29:49.304,2024-04-20 17:29:49.304000+00:00
2024/04/20, 17:30:49.304,39.276,-71.761,12.12,55.98,55.58,12.19,9.7,9.7,1012.2,1012.2,0.0,0.0,85.13,78.53,288,302,3.9,5.5,100.0,100.0,6.2,5.6,270.8,289.1,1014.3,1014.3,180.87,379.82,707.31,32.942,9.873,364.1,54.1,1486.95, NAN, NAN, NAN, NAN,,2024/04/20 17:30:49.304,2024-04-20 17:30:49.304000+00:00
2024/04/20, 17:31:49.304,39.278,-71.758,12.12,55.13,52.07,11.44,9.7,9.7,1012.2,1012.0,0.0,0.0,85.13,78.53,293,307,3.6,5.4,100.0,100.0,5.5,4.9,270.3,292.8,1014.3,1014.1,168.98,379.86,671.5,32.9938,9.9345,364.0,54.1,1487.236, NAN, NAN, NAN, NAN,,2024/04/20 17:31:49.304,2024-04-20 17:31:49.304000+00:00
2024/04/20, 17:32:49.304,39.28,-71.754,11.88,56.47,54.44,11.71,9.7,9.7,1011.9,1012.2,0.0,0.0,85.13,78.53,287,299,3.6,5.1,100.0,100.0,5.9,5.5,269.6,286.7,1014.0,1014.3,165.54,379.98,659.95,33.0649,10.0391,359.0,54.3,1487.7, NAN, NAN, NAN, NAN,,2024/04/20 17:32:49.304,2024-04-20 17:32:49.304000+00:00
2024/04/20, 17:33:49.305,39.282,-71.751,12.04,56.73,53.9,12.02,9.7,9.7,1012.2,1012.1,0.0,0.0,85.13,78.53,289,303,4.0,5.8,100.0,100.0,6.0,5.5,272.7,293.6,1014.3,1014.2,175.34,380.27,696.3,33.1417,10.205,344.9,54.4,1488.39, NAN, NAN, NAN, NAN,,2024/04/20 17:33:49.305,2024-04-20 17:33:49.305000+00:00
2024/04/20, 17:34:49.305,39.284,-71.747,12.0,56.04,60.06,12.12,9.7,9.8,1012.1,1011.9,0.0,0.0,85.13,78.53,291,304,4.0,5.9,100.0,100.0,6.1,5.7,273.8,295.0,1014.2,1014.0,195.13,380.39,763.78,33.1797,10.347,331.2,54.3,1488.945, NAN, NAN, NAN, NAN,,2024/04/20 17:34:49.305,2024-04-20 17:34:49.305000+00:00
2024/04/20, 17:35:49.305,39.286,-71.744,12.04,55.97,56.77,12.01,9.8,9.8,1012.2,1011.9,0.0,0.0,85.13,78.53,292,308,3.7,5.6,100.0,100.0,5.8,5.1,270.9,293.8,1014.3,1014.0,211.2,380.63,820.45,33.2276,10.4868,328.4,54.6,1489.502, NAN, NAN, NAN, NAN,,2024/04/20 17:35:49.305,2024-04-20 17:35:49.305000+00:00
2024/04/20, 17:36:49.305,39.288,-71.74,11.99,55.34,51.04,11.71,9.8,9.8,1012.0,1011.9,0.0,0.0,85.13,78.53,293,309,3.5,5.5,100.0,100.0,5.5,4.7,267.7,292.8,1014.1,1014.0,235.87,381.0,892.97,33.2958,10.5786,328.4,54.7,1489.911, NAN, NAN, NAN, NAN,,2024/04/20 17:36:49.305,2024-04-20 17:36:49.305000+00:00
2024/04/20, 17:37:49.305,39.289,-71.737,12.06,55.67,54.78,11.62,9.8,9.8,1011.9,1012.0,0.0,0.0,85.13,78.53,297,308,3.6,5.7,100.0,100.0,5.3,5.0,271.4,296.4,1014.0,1014.1,238.86,381.33,903.91,33.3802,10.6604,322.7,54.8,1490.303, NAN, NAN, NAN, NAN,,2024/04/20 17:37:49.305,2024-04-20 17:37:49.305000+00:00
2024/04/20, 17:38:49.305,39.291,-71.733,12.1,56.26,58.14,11.93,9.8,9.9,1011.9,1011.9,0.0,0.0,85.13,78.53,303,311,3.7,5.9,100.0,100.0,5.2,5.1,273.9,299.7,1014.0,1014.0,241.81,381.31,926.16,33.4481,10.7312,310.2,54.9,1490.636, NAN, NAN, NAN, NAN,,2024/04/20 17:38:49.305,2024-04-20 17:38:49.305000+00:00
2024/04/20, 17:39:49.305,39.293,-71.73,12.14,56.11,57.01,11.65,9.8,9.9,1012.0,1012.1,0.0,0.0,85.13,78.53,301,309,3.7,5.6,100.0,100.0,5.2,5.0,273.8,296.5,1014.1,1014.2,268.32,381.85,1001.18,33.5011,10.7906,303.8,55.0,1490.91, NAN, NAN, NAN, NAN,,2024/04/20 17:39:49.305,2024-04-20 17:39:49.305000+00:00
2024/04/20, 17:40:49.305,39.295,-71.727,11.97,56.01,56.76,11.49,9.9,9.9,1011.9,1011.9,0.0,0.0,85.13,78.53,290,306,3.9,5.6,100.0,100.0,5.9,5.3,275.3,296.4,1014.0,1014.0,248.56,381.73,935.4,33.5379,10.8557,299.2,55.1,1491.185, NAN, NAN, NAN, NAN,,2024/04/20 17:40:49.305,2024-04-20 17:40:49.305000+00:00
2024/04/20, 17:41:49.305,39.297,-71.723,12.08,55.82,56.63,11.49,9.9,9.9,1011.9,1011.8,0.0,0.0,85.13,78.53,294,306,4.5,6.3,100.0,100.0,5.8,5.6,281.2,302.5,1014.0,1013.9,201.96,381.25,780.62,33.5701,10.8721,301.4,54.9,1491.281, NAN, NAN, NAN, NAN,,2024/04/20 17:41:49.305,2024-04-20 17:41:49.305000+00:00
2024/04/20, 17:42:49.305,39.299,-71.72,12.08,56.68,56.48,11.94,9.9,9.9,1011.9,1011.9,0.0,0.0,85.13,78.53,279,298,3.8,5.3,100.0,100.0,6.7,5.9,270.3,288.3,1014.0,1014.0,179.68,381.09,689.17,33.59,10.8559,301.9,55.3,1491.248, NAN, NAN, NAN, NAN,,2024/04/20 17:42:49.305,2024-04-20 17:42:49.305000+00:00
2024/04/20, 17:43:49.305,39.301,-71.716,12.28,56.76,55.19,11.93,9.9,9.9,1011.9,1011.9,0.0,0.0,85.13,78.53,285,302,3.8,5.3,100.0,100.0,6.2,5.4,270.8,289.1,1014.0,1014.0,171.46,380.77,657.94,33.6008,10.8532,301.9,55.2,1491.252, NAN, NAN, NAN, NAN,,2024/04/20 17:43:49.305,2024-04-20 17:43:49.305000+00:00
2024/04/20, 17:44:49.305,39.303,-71.713,12.21,55.86,50.78,11.9,9.9,9.9,1011.9,1012.1,0.0,0.0,85.13,78.53,287,302,3.9,5.6,100.0,100.0,6.0,5.4,270.0,290.3,1014.0,1014.2,155.72,381.07,612.18,33.5871,10.8416,307.2,55.4,1491.194, NAN, NAN, NAN, NAN,,2024/04/20 17:44:49.305,2024-04-20 17:44:49.305000+00:00
2024/04/20, 17:45:49.305,39.305,-71.709,12.2,56.34,53.06,11.93,9.9,9.9,1011.9,1011.9,0.0,0.0,85.13,78.53,288,304,4.0,5.8,100.0,100.0,6.0,5.3,271.5,293.5,1014.0,1014.0,147.11,380.91,589.46,33.5799,10.7507,311.2,55.4,1490.865, NAN, NAN, NAN, NAN,,2024/04/20 17:45:49.305,2024-04-20 17:45:49.305000+00:00
2024/04/20, 17:46:49.305,39.307,-71.706,12.08,56.45,51.33,11.8,9.9,9.9,1011.9,1011.9,0.0,0.0,85.13,78.53,288,305,3.7,5.5,100.0,100.0,5.7,4.9,268.0,290.6,1014.0,1014.0,142.61,380.9,572.82,33.5697,10.6036,313.9,55.4,1490.331, NAN, NAN, NAN, NAN,,2024/04/20 17:46:49.305,2024-04-20 17:46:49.305000+00:00
2024/04/20, 17:47:49.305,39.309,-71.702,12.09,57.16,55.72,11.72,9.9,9.9,1011.9,1011.9,0.0,0.0,85.13,78.53,277,295,3.7,4.9,100.0,100.0,6.5,5.7,268.5,283.7,1014.0,1014.0,135.68,380.87,542.77,33.5216,10.5343,315.6,55.6,1490.027, NAN, NAN, NAN, NAN,,2024/04/20 17:47:49.305,2024-04-20 17:47:49.305000+00:00
2024/04/20, 17:48:49.305,39.311,-71.699,12.15,56.78,54.41,11.94,9.9,9.9,1011.9,1011.9,0.0,0.0,85.13,78.53,277,297,3.8,5.1,100.0,100.0,6.7,5.7,268.5,285.1,1014.0,1014.0,124.03,380.81,505.73,33.4093,10.4803,323.3,55.7,1489.699, NAN, NAN, NAN, NAN,,2024/04/20 17:48:49.305,2024-04-20 17:48:49.305000+00:00
2024/04/20, 17:49:49.306,39.313,-71.696,12.2,55.71,53.43,12.0,9.9,9.9,1011.9,1012.0,0.0,0.0,85.13,78.53,280,295,4.4,5.6,100.0,100.0,6.7,6.1,272.1,286.9,1014.0,1014.1,124.59,381.03,506.19,33.3381,10.3779,324.3,55.5,1489.247, NAN, NAN, NAN, NAN,,2024/04/20 17:49:49.306,2024-04-20 17:49:49.306000+00:00
2024/04/20, 17:50:49.306,39.315,-71.692,12.12,56.46,53.32,11.93,9.9,9.9,1012.0,1011.9,0.0,0.0,85.13,78.53,286,305,3.9,5.8,100.0,100.0,6.1,5.2,270.2,293.9,1014.1,1014.0,124.83,380.58,510.73,33.3029,9.9471,329.7,55.4,1487.658, NAN, NAN, NAN, NAN,,2024/04/20 17:50:49.306,2024-04-20 17:50:49.306000+00:00
2024/04/20, 17:51:49.306,39.317,-71.689,12.06,56.25,55.19,11.93,9.9,9.9,1012.0,1011.9,0.0,0.0,85.13,78.53,283,304,3.5,5.0,100.0,100.0,6.2,5.1,267.0,285.9,1014.1,1014.0,124.45,381.03,511.62,33.2764,9.2681,342.2,55.2,1485.153, NAN, NAN, NAN, NAN,,2024/04/20 17:51:49.306,2024-04-20 17:51:49.306000+00:00
2024/04/20, 17:52:49.306,39.319,-71.685,12.09,55.36,54.11,11.69,9.9,9.9,1012.1,1011.9,0.0,0.0,85.13,78.53,289,306,3.2,5.0,100.0,100.0,5.8,5.0,265.8,287.4,1014.2,1014.0,117.31,380.56,479.6,33.1806,8.753,365.1,55.1,1483.131, NAN, NAN, NAN, NAN,,2024/04/20 17:52:49.306,2024-04-20 17:52:49.306000+00:00
2024/04/20, 17:53:49.306,39.321,-71.682,12.05,56.55,54.63,11.78,9.9,9.9,1011.9,1011.9,0.0,0.0,85.13,78.53,278,300,3.6,5.3,100.0,100.0,6.5,5.5,267.4,288.5,1014.0,1014.0,115.61,380.31,473.59,33.0616,8.4618,389.4,54.8,1481.897, NAN, NAN, NAN, NAN,,2024/04/20 17:53:49.306,2024-04-20 17:53:49.306000+00:00
2024/04/20, 17:54:49.306,39.322,-71.679,12.02,56.89,53.45,11.88,9.9,9.9,1011.9,1011.9,0.0,0.0,85.13,78.53,284,305,3.4,4.9,100.0,100.0,6.1,5.0,266.4,285.3,1014.0,1014.0,112.56,380.35,467.75,32.758,8.245,467.2,55.0,1480.706, NAN, NAN, NAN, NAN,,2024/04/20 17:54:49.306,2024-04-20 17:54:49.306000+00:00
2024/04/20, 17:55:49.306,39.324,-71.675,12.11,55.78,57.09,11.9,9.8,9.8,1011.9,1011.9,0.0,0.0,85.13,78.53,283,302,3.7,5.5,100.0,100.0,6.3,5.6,269.4,290.8,1014.0,1014.0,109.08,380.17,457.29,32.5984,8.1541,499.0,54.9,1480.166, NAN, NAN, NAN, NAN,,2024/04/20 17:55:49.306,2024-04-20 17:55:49.306000+00:00
2024/04/20, 17:56:49.306,39.326,-71.672,12.27,55.78,53.79,12.03,9.8,9.7,1012.0,1011.8,0.0,0.0,85.13,78.53,283,302,3.8,5.6,100.0,100.0,6.4,5.6,269.0,290.5,1014.1,1013.9,103.8,380.06,434.27,32.5481,8.1202,552.6,54.4,1479.975, NAN, NAN, NAN, NAN,,2024/04/20 17:56:49.306,2024-04-20 17:56:49.306000+00:00
2024/04/20, 17:57:49.306,39.328,-71.668,11.93,56.52,55.59,11.65,9.7,9.7,1012.0,1012.0,0.0,0.0,85.13,78.53,280,298,3.8,5.2,100.0,100.0,6.4,5.6,269.9,287.4,1014.1,1014.1,98.34,379.8,409.47,32.5105,8.1347,580.9,54.4,1479.984, NAN, NAN, NAN, NAN,,2024/04/20 17:57:49.306,2024-04-20 17:57:49.306000+00:00
2024/04/20, 17:58:49.306,39.33,-71.665,11.95,57.08,58.32,11.82,9.7,9.7,1012.0,1011.9,0.0,0.0,85.13,78.53,280,301,3.7,5.3,100.0,100.0,6.5,5.6,270.4,290.3,1014.1,1014.0,89.63,379.79,381.73,32.4771,8.0685,611.3,54.5,1479.691, NAN, NAN, NAN, NAN,,2024/04/20 17:58:49.306,2024-04-20 17:58:49.306000+00:00
2024/04/20, 17:59:49.306,39.332,-71.661,11.98,55.83,55.81,11.74,9.6,9.6,1012.1,1011.9,0.0,0.0,85.13,78.53,279,301,3.7,5.1,100.0,100.0,6.5,5.5,269.1,287.4,1014.2,1014.0,85.5,379.56,368.83,32.4391,7.9859,550.8,54.1,1479.331, NAN, NAN, NAN, NAN,,2024/04/20 17:59:49.306,2024-04-20 17:59:49.306000+00:00
2024/04/20, 18:00:49.306,39.334,-71.658,11.93,56.12,50.71,11.52,9.6,9.6,1012.0,1012.1,0.0,0.0,85.13,78.53,281,296,3.3,4.9,100.0,100.0,6.0,5.5,264.9,283.3,1014.1,1014.2,87.15,379.45,374.9,32.3693,7.9543,546.5,54.4,1479.124, NAN, NAN, NAN, NAN,,2024/04/20 18:00:49.306,2024-04-20 18:00:49.306000+00:00
2024/04/20, 18:01:49.306,39.336,-71.654,12.12,56.7,55.24,11.89,9.5,9.5,1012.0,1011.9,0.0,0.0,85.13,78.53,280,300,3.6,5.2,100.0,100.0,6.4,5.6,268.3,287.7,1014.1,1014.0,90.32,379.18,385.3,32.312,7.9426,537.7,54.3,1479.009, NAN, NAN, NAN, NAN,,2024/04/20 18:01:49.306,2024-04-20 18:01:49.306000+00:00
2024/04/20, 18:02:49.306,39.338,-71.651,12.06,55.75,56.58,11.67,9.5,9.5,1012.0,1011.9,0.0,0.0,85.13,78.53,282,305,3.4,5.2,100.0,100.0,6.3,5.2,268.0,290.6,1014.1,1014.0,91.55,379.39,388.94,32.2846,7.9376,545.9,54.2,1478.956, NAN, NAN, NAN, NAN,,2024/04/20 18:02:49.306,2024-04-20 18:02:49.306000+00:00
2024/04/20, 18:03:49.306,39.34,-71.648,11.96,56.0,53.95,11.36,9.4,9.4,1011.9,1012.0,0.0,0.0,85.13,78.53,289,305,3.4,5.3,100.0,100.0,5.7,5.1,269.3,292.6,1014.0,1014.1,89.59,379.27,383.95,32.2706,7.9414,531.6,54.0,1478.953, NAN, NAN, NAN, NAN,,2024/04/20 18:03:49.306,2024-04-20 18:03:49.306000+00:00
2024/04/20, 18:04:49.306,39.342,-71.644,12.04,56.2,54.47,11.83,9.4,9.4,1011.9,1012.0,0.0,0.0,85.13,78.53,291,305,3.5,5.4,100.0,100.0,5.7,5.2,268.9,291.2,1014.0,1014.1,92.62,378.99,391.94,32.2585,7.9432,540.8,54.3,1478.945, NAN, NAN, NAN, NAN,,2024/04/20 18:04:49.306,2024-04-20 18:04:49.306000+00:00
2024/04/20, 18:05:49.307,39.343,-71.641,12.06,56.7,53.95,11.62,9.4,9.4,1012.0,1011.8,0.0,0.0,85.13,78.53,294,310,3.5,5.2,100.0,100.0,5.4,4.5,269.2,291.2,1014.1,1013.9,92.83,378.93,392.83,32.2521,7.9413,521.6,54.4,1478.929, NAN, NAN, NAN, NAN,,2024/04/20 18:05:49.307,2024-04-20 18:05:49.307000+00:00
2024/04/20, 18:06:49.307,39.345,-71.637,12.07,56.0,55.11,11.52,9.4,9.4,1011.9,1011.6,0.0,0.0,85.13,78.53,290,308,3.3,5.0,100.0,100.0,5.7,4.9,269.0,290.3,1014.0,1013.7,90.49,378.73,383.73,32.2434,7.9221,497.1,54.2,1478.845, NAN, NAN, NAN, NAN,,2024/04/20 18:06:49.307,2024-04-20 18:06:49.307000+00:00
2024/04/20, 18:07:49.307,39.347,-71.634,12.12,55.55,53.93,11.57,9.3,9.4,1011.8,1011.9,0.0,0.0,85.13,78.53,295,306,3.1,5.1,100.0,100.0,5.4,5.0,265.8,289.3,1013.9,1014.0,91.76,378.99,388.54,32.2305,7.923,495.0,54.5,1478.833, NAN, NAN, NAN, NAN,,2024/04/20 18:07:49.307,2024-04-20 18:07:49.307000+00:00
2024/04/20, 18:08:49.307,39.349,-71.631,11.99,56.04,57.68,11.17,9.3,9.3,1011.8,1011.8,0.0,0.0,85.13,78.53,299,311,3.0,4.9,100.0,100.0,5.1,4.5,268.2,292.2,1013.9,1013.9,90.01,378.55,382.83,32.2188,7.9317,508.8,54.7,1478.852, NAN, NAN, NAN, NAN,,2024/04/20 18:08:49.307,2024-04-20 18:08:49.307000+00:00
2024/04/20, 18:09:49.307,39.351,-71.627,11.97,56.16,54.93,11.62,9.3,9.3,1011.9,1011.8,0.0,0.0,85.13,78.53,289,309,2.8,4.7,100.0,100.0,5.7,4.7,263.4,286.3,1014.0,1013.9,87.44,378.8,373.6,32.2109,7.9699,510.8,54.6,1478.987, NAN, NAN, NAN, NAN,,2024/04/20 18:09:49.307,2024-04-20 18:09:49.307000+00:00
2024/04/20, 18:10:49.307,39.353,-71.624,12.05,56.05,55.7,11.69,9.2,9.2,1011.8,1011.8,0.0,0.0,85.13,78.53,299,312,2.6,4.7,100.0,100.0,5.3,4.5,261.5,286.6,1013.9,1013.9,86.67,378.66,368.66,32.2067,8.0315,513.9,54.7,1479.216, NAN, NAN, NAN, NAN,,2024/04/20 18:10:49.307,2024-04-20 18:10:49.307000+00:00
2024/04/20, 18:11:49.307,39.354,-71.62,12.11,55.49,53.88,11.66,9.2,9.2,1011.9,1011.8,0.0,0.0,85.13,78.53,306,316,2.5,4.6,100.0,100.0,5.0,4.2,259.7,285.6,1014.0,1013.9,77.64,378.26,327.59,32.2111,8.0936,503.8,55.0,1479.457, NAN, NAN, NAN, NAN,,2024/04/20 18:11:49.307,2024-04-20 18:11:49.307000+00:00
2024/04/20, 18:12:49.307,39.356,-71.617,12.07,56.61,60.48,11.95,9.1,9.2,1011.9,1011.8,0.0,0.0,85.13,78.53,305,315,2.4,4.6,100.0,100.0,5.2,4.4,259.6,285.5,1014.0,1013.9,69.34,378.54,299.72,32.2177,8.1484,471.5,54.9,1479.673, NAN, NAN, NAN, NAN,,2024/04/20 18:12:49.307,2024-04-20 18:12:49.307000+00:00
2024/04/20, 18:13:49.307,39.358,-71.613,12.1,56.39,58.42,11.72,9.1,9.2,1011.9,1011.9,0.0,0.0,85.13,78.53,301,312,2.4,4.2,100.0,100.0,5.2,4.5,260.1,280.9,1014.0,1014.0,62.74,378.28,273.96,32.2225,8.1504,466.5,54.7,1479.687, NAN, NAN, NAN, NAN,,2024/04/20 18:13:49.307,2024-04-20 18:13:49.307000+00:00
2024/04/20, 18:14:49.307,39.36,-71.61,12.15,56.27,56.79,11.81,9.1,9.1,1011.9,1011.9,0.0,0.0,85.13,78.53,303,315,2.5,4.7,100.0,100.0,5.1,4.2,259.1,285.7,1014.0,1014.0,54.52,378.54,244.31,32.2283,8.1482,463.5,55.1,1479.686, NAN, NAN, NAN, NAN,,2024/04/20 18:14:49.307,2024-04-20 18:14:49.307000+00:00
2024/04/20, 18:15:49.307,39.362,-71.606,12.11,56.54,52.76,11.79,9.1,9.1,1011.8,1011.6,0.0,0.0,85.13,78.53,307,319,2.5,4.4,100.0,100.0,4.9,3.9,258.8,281.7,1013.9,1013.7,52.32,378.35,236.88,32.2327,8.1666,484.6,55.1,1479.761, NAN, NAN, NAN, NAN,,2024/04/20 18:15:49.307,2024-04-20 18:15:49.307000+00:00
2024/04/20, 18:16:49.307,39.364,-71.603,12.05,56.07,59.12,11.74,9.1,9.1,1011.8,1011.8,0.0,0.0,85.13,78.53,309,316,2.6,4.9,100.0,100.0,4.9,4.4,262.5,290.9,1013.9,1013.9,53.35,378.21,242.63,32.2358,8.194,495.8,55.2,1479.868, NAN, NAN, NAN, NAN,,2024/04/20 18:16:49.307,2024-04-20 18:16:49.307000+00:00
2024/04/20, 18:17:49.307,39.365,-71.599,12.11,55.97,57.74,11.86,9.1,9.1,1011.9,1011.7,0.0,0.0,85.13,78.53,302,315,2.8,5.1,100.0,100.0,5.2,4.4,263.5,291.5,1014.0,1013.8,61.04,378.15,270.4,32.2362,8.1949,515.6,55.4,1479.872, NAN, NAN, NAN, NAN,,2024/04/20 18:17:49.307,2024-04-20 18:17:49.307000+00:00
2024/04/20, 18:18:49.307,39.367,-71.596,12.04,56.32,57.24,11.91,9.1,9.1,1011.8,1011.6,0.0,0.0,85.13,78.53,307,316,2.8,5.0,100.0,100.0,5.0,4.4,264.0,291.0,1013.9,1013.7,64.44,378.23,282.22,32.2349,8.1732,528.6,55.0,1479.789, NAN, NAN, NAN, NAN,,2024/04/20 18:18:49.307,2024-04-20 18:18:49.307000+00:00
2024/04/20, 18:19:49.307,39.369,-71.592,11.83,55.76,58.94,11.63,9.1,9.1,1011.6,1011.4,0.0,0.0,85.13,78.53,312,319,3.1,4.6,100.0,100.0,4.6,4.1,268.2,287.6,1013.7,1013.5,70.16,377.86,303.96,32.2314,8.1358,533.1,54.9,1479.643, NAN, NAN, NAN, NAN,,2024/04/20 18:19:49.307,2024-04-20 18:19:49.307000+00:00
2024/04/20, 18:20:49.307,39.371,-71.589,11.92,55.7,53.97,11.78,9.1,9.1,1011.6,1011.4,0.0,0.0,85.13,78.53,317,320,3.1,5.4,100.0,100.0,4.4,4.0,266.0,297.4,1013.7,1013.5,83.15,377.85,347.98,32.2291,8.0884,535.2,55.0,1479.46, NAN, NAN, NAN, NAN,,2024/04/20 18:20:49.307,2024-04-20 18:20:49.307000+00:00
2024/04/20, 18:21:49.308,39.372,-71.585,11.99,56.04,56.06,11.8,9.0,9.1,1011.5,1011.5,0.0,0.0,85.13,78.53,314,317,3.2,5.6,100.0,100.0,4.5,4.4,267.7,299.2,1013.6,1013.6,100.92,378.08,416.21,32.2255,8.0485,533.7,55.0,1479.304, NAN, NAN, NAN, NAN,,2024/04/20 18:21:49.308,2024-04-20 18:21:49.308000+00:00
2024/04/20, 18:22:49.308,39.374,-71.582,12.0,55.6,55.76,11.76,9.0,9.1,1011.5,1011.2,0.0,0.0,85.13,78.53,312,320,3.1,5.5,100.0,100.0,4.6,4.0,265.5,298.1,1013.6,1013.3,98.1,378.29,406.6,32.2196,8.0017,556.9,55.0,1479.119, NAN, NAN, NAN, NAN,,2024/04/20 18:22:49.308,2024-04-20 18:22:49.308000+00:00
2024/04/20, 18:23:49.308,39.376,-71.578,11.96,55.38,55.48,11.79,9.0,9.1,1011.4,1011.4,0.0,0.0,85.13,78.53,316,319,3.1,5.6,100.0,100.0,4.4,4.1,264.3,298.6,1013.5,1013.5,102.33,378.22,422.51,32.2156,7.9714,571.2,54.8,1478.999, NAN, NAN, NAN, NAN,,2024/04/20 18:23:49.308,2024-04-20 18:23:49.308000+00:00
2024/04/20, 18:24:49.308,39.378,-71.575,11.91,56.38,57.4,11.69,9.0,9.0,1011.4,1011.3,0.0,0.0,85.13,78.53,319,321,3.0,5.4,100.0,100.0,4.3,4.0,266.2,299.6,1013.5,1013.4,105.64,378.67,433.74,32.2109,7.9338,569.9,54.8,1478.85, NAN, NAN, NAN, NAN,,2024/04/20 18:24:49.308,2024-04-20 18:24:49.308000+00:00
2024/04/20, 18:25:49.308,39.379,-71.571,11.72,55.77,57.07,11.61,9.0,9.0,1011.2,1011.2,0.0,0.0,85.13,78.53,318,320,3.0,5.5,100.0,100.0,4.3,4.1,265.5,300.2,1013.3,1013.3,91.69,378.42,387.19,32.2095,7.8979,562.0,55.1,1478.711, NAN, NAN, NAN, NAN,,2024/04/20 18:25:49.308,2024-04-20 18:25:49.308000+00:00
2024/04/20, 18:26:49.308,39.381,-71.568,11.95,55.91,56.41,11.35,9.0,9.0,1011.3,1011.1,0.0,0.0,85.13,78.53,314,320,3.2,5.5,100.0,100.0,4.4,4.0,270.3,302.3,1013.4,1013.2,90.67,378.2,387.06,32.207,7.8683,543.2,55.1,1478.595, NAN, NAN, NAN, NAN,,2024/04/20 18:26:49.308,2024-04-20 18:26:49.308000+00:00
2024/04/20, 18:27:49.308,39.383,-71.564,11.88,56.21,56.74,11.32,9.0,9.0,1011.2,1011.1,0.0,0.0,85.13,78.53,317,320,3.1,5.3,100.0,100.0,4.2,4.0,269.1,300.1,1013.3,1013.2,101.77,378.5,429.76,32.2062,7.8374,546.2,55.1,1478.476, NAN, NAN, NAN, NAN,,2024/04/20 18:27:49.308,2024-04-20 18:27:49.308000+00:00
2024/04/20, 18:28:49.308,39.385,-71.561,12.01,55.4,56.64,11.46,9.0,9.0,1011.2,1011.1,0.0,0.0,85.13,78.53,322,325,3.1,5.2,100.0,100.0,4.1,3.6,267.2,298.5,1013.3,1013.2,118.8,378.37,489.43,32.2063,7.8239,555.6,54.8,1478.425, NAN, NAN, NAN, NAN,,2024/04/20 18:28:49.308,2024-04-20 18:28:49.308000+00:00
2024/04/20, 18:29:49.308,39.386,-71.557,11.96,56.17,61.75,11.64,9.0,9.0,1011.2,1011.1,0.0,0.0,85.13,78.53,324,324,3.0,5.2,100.0,100.0,4.1,3.9,267.3,299.0,1013.3,1013.2,105.41,378.25,436.12,32.2104,7.8383,527.6,54.9,1478.485, NAN, NAN, NAN, NAN,,2024/04/20 18:29:49.308,2024-04-20 18:29:49.308000+00:00
2024/04/20, 18:30:49.308,39.388,-71.554,12.03,55.26,56.23,11.4,9.0,9.0,1011.2,1011.3,0.0,0.0,85.13,78.53,322,321,3.0,5.2,100.0,100.0,4.0,3.9,264.8,297.2,1013.3,1013.4,81.93,378.01,352.36,32.2151,7.823,513.6,54.7,1478.432, NAN, NAN, NAN, NAN,,2024/04/20 18:30:49.308,2024-04-20 18:30:49.308000+00:00
2024/04/20, 18:31:49.308,39.39,-71.55,11.81,55.84,53.33,11.41,8.9,8.9,1011.3,1011.2,0.0,0.0,85.13,78.53,319,322,3.0,5.5,100.0,100.0,4.1,3.7,264.3,301.4,1013.4,1013.3,81.96,377.62,353.97,32.2189,7.776,492.4,54.7,1478.257, NAN, NAN, NAN, NAN,,2024/04/20 18:31:49.308,2024-04-20 18:31:49.308000+00:00
2024/04/20, 18:32:49.308,39.391,-71.547,11.88,56.63,64.48,11.55,8.9,8.9,1011.3,1011.1,0.0,0.0,85.13,78.53,316,319,3.3,5.7,100.0,100.0,4.5,4.5,274.3,305.5,1013.4,1013.2,90.75,377.7,380.96,32.2246,7.7149,469.9,54.8,1478.031, NAN, NAN, NAN, NAN,,2024/04/20 18:32:49.308,2024-04-20 18:32:49.308000+00:00
2024/04/20, 18:33:49.308,39.393,-71.543,12.02,56.73,57.92,11.49,8.9,8.9,1011.2,1011.2,0.0,0.0,85.13,78.53,317,318,3.2,5.4,100.0,100.0,4.2,4.2,269.5,299.8,1013.3,1013.3,82.92,377.54,351.94,32.2263,7.6893,480.9,54.6,1477.935, NAN, NAN, NAN, NAN,,2024/04/20 18:33:49.308,2024-04-20 18:33:49.308000+00:00
2024/04/20, 18:34:49.308,39.395,-71.54,11.9,55.78,61.12,11.75,8.9,8.9,1011.4,1011.0,0.0,0.0,85.13,78.53,315,319,3.2,5.6,100.0,100.0,4.5,4.3,269.5,301.1,1013.5,1013.1,82.17,377.51,348.04,32.2298,7.6825,498.7,54.6,1477.913, NAN, NAN, NAN, NAN,,2024/04/20 18:34:49.308,2024-04-20 18:34:49.308000+00:00
2024/04/20, 18:35:49.308,39.397,-71.536,11.74,55.23,53.17,10.94,8.9,8.9,1011.2,1011.3,0.0,0.0,85.13,78.53,318,315,3.1,4.9,100.0,100.0,4.0,4.2,268.9,294.3,1013.3,1013.4,79.39,377.39,337.54,32.2365,7.6821,505.4,54.3,1477.92, NAN, NAN, NAN, NAN,,2024/04/20 18:35:49.308,2024-04-20 18:35:49.308000+00:00
2024/04/20, 18:36:49.309,39.398,-71.533,11.77,55.65,54.23,11.42,8.9,8.9,1011.1,1010.9,0.0,0.0,85.13,78.53,317,321,3.1,4.7,100.0,100.0,4.2,3.7,266.8,289.4,1013.2,1013.0,70.37,377.34,299.2,32.2376,7.7636,520.6,54.5,1478.233, NAN, NAN, NAN, NAN,,2024/04/20 18:36:49.309,2024-04-20 18:36:49.309000+00:00
2024/04/20, 18:37:49.309,39.4,-71.529,11.84,56.16,57.41,11.62,8.9,8.9,1011.1,1011.0,0.0,0.0,85.13,78.53,323,323,2.9,5.3,100.0,100.0,4.1,3.8,264.4,299.1,1013.2,1013.1,77.81,377.36,332.96,32.2407,7.8694,531.6,54.5,1478.641, NAN, NAN, NAN, NAN,,2024/04/20 18:37:49.309,2024-04-20 18:37:49.309000+00:00
2024/04/20, 18:38:49.309,39.401,-71.526,11.9,56.3,58.23,11.8,8.9,8.9,1011.1,1011.2,0.0,0.0,85.13,78.53,326,324,2.9,5.1,100.0,100.0,4.2,3.9,264.9,296.5,1013.2,1013.3,89.64,377.53,378.13,32.2531,7.9922,527.6,54.5,1479.124, NAN, NAN, NAN, NAN,,2024/04/20 18:38:49.309,2024-04-20 18:38:49.309000+00:00
2024/04/20, 18:39:49.309,39.403,-71.522,12.16,55.79,60.48,11.9,8.8,8.8,1011.2,1011.1,0.0,0.0,85.13,78.53,327,326,2.8,4.7,100.0,100.0,4.2,3.7,262.2,289.1,1013.3,1013.2,94.65,377.59,399.03,32.265,8.1023,539.2,54.5,1479.557, NAN, NAN, NAN, NAN,,2024/04/20 18:39:49.309,2024-04-20 18:39:49.309000+00:00
2024/04/20, 18:40:49.309,39.405,-71.518,12.03,55.82,58.65,11.7,8.8,8.8,1011.2,1011.1,0.0,0.0,85.13,78.53,335,330,2.9,4.4,100.0,100.0,3.7,3.4,260.8,285.1,1013.3,1013.2,97.35,377.8,410.97,32.2708,8.1549,536.8,54.3,1479.764, NAN, NAN, NAN, NAN,,2024/04/20 18:40:49.309,2024-04-20 18:40:49.309000+00:00
2024/04/20, 18:41:49.309,39.407,-71.515,11.95,56.95,60.81,11.84,8.8,8.8,1011.1,1011.1,0.0,0.0,85.13,78.53,334,329,2.7,4.0,100.0,100.0,4.0,3.6,260.1,279.6,1013.2,1013.2,93.66,377.59,401.98,32.2744,8.2372,554.2,54.3,1480.079, NAN, NAN, NAN, NAN,,2024/04/20 18:41:49.309,2024-04-20 18:41:49.309000+00:00
2024/04/20, 18:42:49.309,39.408,-71.511,12.09,55.99,58.06,12.02,8.8,8.8,1011.2,1011.1,0.0,0.0,85.13,78.53,343,334,2.6,3.4,100.0,100.0,3.8,3.5,250.0,263.9,1013.3,1013.2,114.22,377.92,477.28,32.2744,8.2742,554.5,54.3,1480.219, NAN, NAN, NAN, NAN,,2024/04/20 18:42:49.309,2024-04-20 18:42:49.309000+00:00
2024/04/20, 18:43:49.309,39.41,-71.508,12.35,55.89,58.9,11.92,8.8,8.8,1011.2,1011.0,0.0,0.0,85.13,78.53,341,336,2.8,3.2,100.0,100.0,3.7,3.6,255.5,262.8,1013.3,1013.1,122.83,378.34,501.91,32.282,8.2723,512.1,54.4,1480.221, NAN, NAN, NAN, NAN,,2024/04/20 18:43:49.309,2024-04-20 18:43:49.309000+00:00
2024/04/20, 18:44:49.309,39.412,-71.504,12.32,55.5,58.48,11.6,8.8,8.8,1011.0,1010.9,0.0,0.0,85.13,78.53,344,338,2.6,3.0,100.0,100.0,3.6,3.5,253.2,261.0,1013.1,1013.0,93.32,377.9,393.19,32.2894,8.259,472.9,54.5,1480.18, NAN, NAN, NAN, NAN,,2024/04/20 18:44:49.309,2024-04-20 18:44:49.309000+00:00
2024/04/20, 18:45:49.309,39.413,-71.5,12.09,56.46,57.12,11.72,8.8,8.8,1010.9,1010.9,0.0,0.0,85.13,78.53,342,334,2.7,3.6,100.0,100.0,3.6,3.3,251.7,267.7,1013.0,1013.0,76.13,377.93,320.0,32.2946,8.2614,466.2,55.9,1480.196, NAN, NAN, NAN, NAN,,2024/04/20 18:45:49.309,2024-04-20 18:45:49.309000+00:00
2024/04/20, 18:46:49.309,39.415,-71.497,12.06,53.66,62.13,11.33,8.8,8.8,1011.1,1010.9,0.0,0.0,85.13,78.53,345,340,2.6,2.9,100.0,100.0,3.6,3.5,256.7,262.8,1013.2,1013.0,72.59,377.96,311.41,32.2966,8.347,465.4,55.2,1480.521, NAN, NAN, NAN, NAN,,2024/04/20 18:46:49.309,2024-04-20 18:46:49.309000+00:00
2024/04/20, 18:47:49.309,39.417,-71.493,12.09,53.72,53.1,11.73,8.8,8.8,1010.9,1010.9,0.0,0.0,85.13,78.53,342,335,2.6,3.7,100.0,100.0,3.6,3.0,244.5,261.9,1013.0,1013.0,76.32,377.87,326.89,32.2997,8.5224,495.6,55.5,1481.185, NAN, NAN, NAN, NAN,,2024/04/20 18:47:49.309,2024-04-20 18:47:49.309000+00:00
2024/04/20, 18:48:49.309,39.419,-71.49,12.05,54.74,55.53,11.55,8.8,8.8,1011.0,1010.9,0.0,0.0,85.13,78.53,334,328,2.6,4.3,100.0,100.0,3.8,3.2,251.3,278.8,1013.1,1013.0,77.51,378.08,332.31,32.3359,8.6062,541.4,55.2,1481.543, NAN, NAN, NAN, NAN,,2024/04/20 18:48:49.309,2024-04-20 18:48:49.309000+00:00
2024/04/20, 18:49:49.309,39.42,-71.487,12.24,54.86,51.74,11.49,8.8,8.8,1010.9,1011.0,0.0,0.0,85.13,78.53,333,329,2.7,3.6,100.0,100.0,3.7,3.3,251.6,265.7,1013.0,1013.1,76.1,377.96,332.05,32.4011,8.5612,576.3,54.8,1481.455, NAN, NAN, NAN, NAN,,2024/04/20 18:49:49.309,2024-04-20 18:49:49.309000+00:00
2024/04/20, 18:50:49.309,39.422,-71.483,12.19,54.84,53.67,11.56,8.8,8.8,1010.8,1011.0,0.0,0.0,85.13,78.53,329,327,2.7,4.7,100.0,100.0,3.9,3.2,255.8,286.8,1012.9,1013.1,88.96,378.24,391.02,32.4659,8.4098,615.3,55.3,1480.967, NAN, NAN, NAN, NAN,,2024/04/20 18:50:49.309,2024-04-20 18:50:49.309000+00:00
2024/04/20, 18:51:49.309,39.424,-71.48,12.23,53.44,51.34,11.46,8.8,8.8,1011.0,1010.9,0.0,0.0,85.13,78.53,328,327,2.6,4.2,100.0,100.0,3.9,3.2,252.3,276.0,1013.1,1013.0,104.77,378.55,443.82,32.4796,8.3281,634.0,56.3,1480.676, NAN, NAN, NAN, NAN,,2024/04/20 18:51:49.309,2024-04-20 18:51:49.309000+00:00
2024/04/20, 18:52:49.309,39.426,-71.476,12.13,53.49,53.4,11.45,8.8,8.8,1010.9,1010.8,0.0,0.0,85.13,78.53,331,328,2.5,4.5,100.0,100.0,3.9,3.2,253.2,283.9,1013.0,1012.9,116.17,378.36,480.17,32.4609,8.2112,676.9,56.4,1480.212, NAN, NAN, NAN, NAN,,2024/04/20 18:52:49.309,2024-04-20 18:52:49.309000+00:00
2024/04/20, 18:53:49.310,39.428,-71.473,12.26,54.19,50.07,11.62,8.8,8.8,1010.9,1010.9,0.0,0.0,85.13,78.53,333,328,2.5,3.6,100.0,100.0,3.9,3.4,249.6,265.9,1013.0,1013.0,123.1,378.39,502.75,32.437,8.1089,683.6,56.5,1479.795, NAN, NAN, NAN, NAN,,2024/04/20 18:53:49.310,2024-04-20 18:53:49.310000+00:00
2024/04/20, 18:54:49.310,39.43,-71.47,12.21,54.59,55.88,11.79,8.8,8.8,1011.0,1010.8,0.0,0.0,85.13,78.53,333,331,2.4,4.0,100.0,100.0,4.1,3.2,250.7,272.3,1013.1,1012.9,121.61,378.39,490.96,32.414,7.9701,649.9,56.6,1479.24, NAN, NAN, NAN, NAN,,2024/04/20 18:54:49.310,2024-04-20 18:54:49.310000+00:00
2024/04/20, 18:55:49.310,39.432,-71.466,12.11,53.5,52.17,11.56,8.8,8.8,1011.0,1010.8,0.0,0.0,85.13,78.53,331,326,2.5,4.8,100.0,100.0,3.9,3.3,250.4,286.6,1013.1,1012.9,116.8,378.17,477.27,32.3871,7.9398,648.6,56.7,1479.091, NAN, NAN, NAN, NAN,,2024/04/20 18:55:49.310,2024-04-20 18:55:49.310000+00:00
2024/04/20, 18:56:49.310,39.434,-71.463,12.16,53.1,50.24,11.49,8.8,8.8,1010.8,1010.8,0.0,0.0,85.13,78.53,330,330,2.4,3.7,100.0,100.0,4.0,3.3,250.9,267.9,1012.9,1012.9,136.48,378.03,550.26,32.3654,7.8541,636.1,57.0,1478.737, NAN, NAN, NAN, NAN,,2024/04/20 18:56:49.310,2024-04-20 18:56:49.310000+00:00
2024/04/20, 18:57:49.310,39.436,-71.459,12.06,53.37,53.43,11.74,8.8,8.8,1010.8,1010.6,0.0,0.0,85.13,78.53,337,332,2.3,3.5,100.0,100.0,4.0,3.4,247.9,264.3,1012.9,1012.7,167.93,378.13,645.76,32.352,7.7258,616.9,57.1,1478.231, NAN, NAN, NAN, NAN,,2024/04/20 18:57:49.310,2024-04-20 18:57:49.310000+00:00
2024/04/20, 18:58:49.310,39.437,-71.456,12.14,54.16,59.82,11.52,8.8,8.8,1010.8,1010.7,0.0,0.0,85.13,78.53,328,329,2.4,3.9,100.0,100.0,4.2,3.5,258.1,278.0,1012.9,1012.8,148.75,378.04,576.42,32.3343,7.5875,597.1,56.8,1477.678, NAN, NAN, NAN, NAN,,2024/04/20 18:58:49.310,2024-04-20 18:58:49.310000+00:00
2024/04/20, 18:59:49.310,39.439,-71.453,12.0,53.63,56.88,11.47,8.8,8.8,1010.5,1010.8,0.0,0.0,85.13,78.53,327,324,2.2,3.9,100.0,100.0,4.3,3.8,253.6,276.8,1012.6,1012.9,116.52,377.79,470.32,32.2953,7.5822,577.6,56.9,1477.61, NAN, NAN, NAN, NAN,,2024/04/20 18:59:49.310,2024-04-20 18:59:49.310000+00:00
2024/04/20, 19:00:49.310,39.441,-71.449,12.07,53.73,56.29,11.39,8.8,8.8,1010.8,1010.8,0.0,0.0,85.13,78.53,322,323,2.5,4.1,100.0,100.0,4.3,3.7,258.5,280.3,1012.9,1012.9,83.79,377.14,348.59,32.2463,7.6345,518.7,56.9,1477.75, NAN, NAN, NAN, NAN,,2024/04/20 19:00:49.310,2024-04-20 19:00:49.310000+00:00
2024/04/20, 19:01:49.310,39.443,-71.446,12.09,53.87,55.16,11.72,8.8,8.8,1010.8,1010.8,0.0,0.0,85.13,78.53,319,323,2.4,4.6,100.0,100.0,4.6,3.8,256.8,285.6,1012.9,1012.9,101.43,377.22,427.02,32.2043,7.6311,472.4,56.9,1477.684, NAN, NAN, NAN, NAN,,2024/04/20 19:01:49.310,2024-04-20 19:01:49.310000+00:00
2024/04/20, 19:02:49.310,39.445,-71.442,12.0,53.0,53.58,11.56,8.8,8.8,1010.8,1010.8,0.0,0.0,85.13,78.53,320,321,2.6,5.0,100.0,100.0,4.3,3.9,257.5,290.9,1012.9,1012.9,120.65,377.01,490.68,32.1823,7.616,469.6,56.7,1477.599, NAN, NAN, NAN, NAN,,2024/04/20 19:02:49.310,2024-04-20 19:02:49.310000+00:00
2024/04/20, 19:03:49.310,39.447,-71.439,12.08,53.83,56.99,11.66,8.7,8.7,1010.8,1010.7,0.0,0.0,85.13,78.53,317,322,2.8,4.7,100.0,100.0,4.5,4.0,263.6,288.7,1012.9,1012.8,111.87,376.64,460.47,32.1649,7.5177,505.4,56.9,1477.199, NAN, NAN, NAN, NAN,,2024/04/20 19:03:49.310,2024-04-20 19:03:49.310000+00:00
2024/04/20, 19:04:49.310,39.448,-71.435,12.04,54.12,55.41,11.58,8.7,8.7,1010.8,1010.6,0.0,0.0,85.13,78.53,320,323,2.7,4.8,100.0,100.0,4.3,3.8,260.9,290.0,1012.9,1012.7,116.33,376.89,473.67,32.1608,7.4275,521.6,57.0,1476.847, NAN, NAN, NAN, NAN,,2024/04/20 19:04:49.310,2024-04-20 19:04:49.310000+00:00
2024/04/20, 19:05:49.310,39.45,-71.432,11.97,53.78,53.95,11.41,8.7,8.7,1010.7,1010.8,0.0,0.0,85.13,78.53,322,321,2.6,4.4,100.0,100.0,4.2,3.8,258.0,283.5,1012.8,1012.9,114.33,377.02,464.0,32.1572,7.3094,581.4,56.7,1476.386, NAN, NAN, NAN, NAN,,2024/04/20 19:05:49.310,2024-04-20 19:05:49.310000+00:00
2024/04/20, 19:06:49.310,39.452,-71.428,11.99,54.01,55.78,11.69,8.6,8.7,1010.7,1010.8,0.0,0.0,85.13,78.53,321,322,2.6,4.5,100.0,100.0,4.4,3.8,258.1,283.9,1012.8,1012.9,102.74,376.85,424.54,32.1538,7.2883,544.1,56.9,1476.3, NAN, NAN, NAN, NAN,,2024/04/20 19:06:49.310,2024-04-20 19:06:49.310000+00:00
2024/04/20, 19:07:49.310,39.454,-71.425,12.04,53.79,53.34,11.63,8.6,8.7,1010.7,1010.6,0.0,0.0,85.13,78.53,324,324,2.7,4.7,100.0,100.0,4.2,3.7,259.2,287.6,1012.8,1012.7,93.79,376.4,398.49,32.1441,7.2848,477.9,56.7,1476.275, NAN, NAN, NAN, NAN,,2024/04/20 19:07:49.310,2024-04-20 19:07:49.310000+00:00
2024/04/20, 19:08:49.310,39.456,-71.422,11.99,54.7,54.45,11.48,8.6,8.6,1010.4,1010.5,0.0,0.0,85.13,78.53,330,328,2.6,4.5,100.0,100.0,3.9,3.3,256.9,285.7,1012.5,1012.6,100.64,376.9,421.64,32.1362,7.2675,428.8,56.9,1476.198, NAN, NAN, NAN, NAN,,2024/04/20 19:08:49.310,2024-04-20 19:08:49.310000+00:00
2024/04/20, 19:09:49.311,39.458,-71.418,11.97,49.62,50.95,11.33,8.6,8.6,1010.5,1010.4,0.0,0.0,85.13,78.53,351,345,2.0,2.1,100.0,100.0,3.9,3.9,239.0,242.5,1012.6,1012.5,104.03,377.64,437.55,32.1255,7.2432,398.5,57.4,1476.09, NAN, NAN, NAN, NAN,,2024/04/20 19:09:49.311,2024-04-20 19:09:49.311000+00:00
2024/04/20, 19:10:49.311,39.46,-71.415,11.95,49.25,52.53,11.43,8.6,8.6,1010.4,1010.2,0.0,0.0,85.13,78.53,12,6,2.0,1.9,100.0,100.0,3.9,4.0,227.4,230.6,1012.5,1012.3,100.61,378.34,434.07,32.1113,7.2388,387.8,57.2,1476.055, NAN, NAN, NAN, NAN,,2024/04/20 19:10:49.311,2024-04-20 19:10:49.311000+00:00
2024/04/20, 19:11:49.311,39.462,-71.412,11.97,49.18,52.47,11.42,8.6,8.6,1010.3,1010.3,0.0,0.0,85.13,78.53,0,1,2.0,2.0,100.0,100.0,3.9,3.9,234.2,233.7,1012.4,1012.4,105.32,378.04,444.87,32.097,7.2717,400.6,57.3,1476.165, NAN, NAN, NAN, NAN,,2024/04/20 19:11:49.311,2024-04-20 19:11:49.311000+00:00
2024/04/20, 19:12:49.311,39.463,-71.408,11.84,49.77,55.57,11.57,8.6,8.6,1010.5,1010.4,0.0,0.0,85.13,78.53,354,347,2.0,1.9,100.0,100.0,4.0,4.2,239.7,242.3,1012.6,1012.5,114.24,377.98,464.09,32.0918,7.289,400.3,57.5,1476.226, NAN, NAN, NAN, NAN,,2024/04/20 19:12:49.311,2024-04-20 19:12:49.311000+00:00
2024/04/20, 19:13:49.311,39.465,-71.405,11.68,51.09,52.97,11.47,8.6,8.6,1010.5,1010.3,0.0,0.0,85.13,78.53,348,344,1.9,2.0,100.0,100.0,4.1,4.0,240.2,242.5,1012.6,1012.4,120.83,378.1,480.76,32.09,7.2923,403.5,57.4,1476.236, NAN, NAN, NAN, NAN,,2024/04/20 19:13:49.311,2024-04-20 19:13:49.311000+00:00
2024/04/20, 19:14:49.311,39.467,-71.402,11.86,49.4,52.26,11.69,8.6,8.6,1010.3,1010.3,0.0,0.0,85.13,78.53,347,343,1.6,1.7,100.0,100.0,4.5,4.4,237.5,239.4,1012.4,1012.4,115.45,377.98,472.53,32.0848,7.2827,418.0,57.5,1476.193, NAN, NAN, NAN, NAN,,2024/04/20 19:14:49.311,2024-04-20 19:14:49.311000+00:00
2024/04/20, 19:15:49.311,39.469,-71.398,11.81,49.75,51.37,11.52,8.6,8.6,1010.7,1010.6,0.0,0.0,85.13,78.53,356,348,1.6,2.1,100.0,100.0,4.3,3.9,234.2,239.4,1012.8,1012.7,111.31,378.02,460.15,32.0822,7.2743,433.6,57.1,1476.157, NAN, NAN, NAN, NAN,,2024/04/20 19:15:49.311,2024-04-20 19:15:49.311000+00:00
2024/04/20, 19:16:49.311,39.471,-71.395,11.85,50.03,57.34,11.67,8.6,8.6,1010.5,1010.3,0.0,0.0,85.13,78.53,355,350,1.6,1.8,100.0,100.0,4.4,4.3,240.2,242.9,1012.6,1012.4,114.14,378.06,466.59,32.0818,7.3034,428.8,57.2,1476.269, NAN, NAN, NAN, NAN,,2024/04/20 19:16:49.311,2024-04-20 19:16:49.311000+00:00
2024/04/20, 19:17:49.311,39.473,-71.392,11.87,50.36,55.19,11.54,8.5,8.6,1010.2,1010.3,0.0,0.0,85.13,78.53,6,354,2.0,1.7,100.0,100.0,3.9,4.3,234.8,239.6,1012.3,1012.4,116.91,377.92,470.33,32.0842,7.3287,423.8,57.3,1476.37, NAN, NAN, NAN, NAN,,2024/04/20 19:17:49.311,2024-04-20 19:17:49.311000+00:00
2024/04/20, 19:18:49.311,39.475,-71.388,11.88,50.24,54.82,11.43,8.5,8.6,1010.3,1010.3,0.0,0.0,85.13,78.53,350,349,1.4,1.8,100.0,100.0,4.5,4.2,239.0,241.2,1012.4,1012.4,111.57,377.99,452.87,32.0876,7.307,416.0,57.1,1476.29, NAN, NAN, NAN, NAN,,2024/04/20 19:18:49.311,2024-04-20 19:18:49.311000+00:00
2024/04/20, 19:19:49.311,39.477,-71.385,11.75,49.21,54.4,11.67,8.5,8.6,1010.2,1010.5,0.0,0.0,85.13,78.53,357,345,1.6,2.0,100.0,100.0,4.4,4.2,236.9,243.5,1012.3,1012.6,102.15,377.91,422.43,32.086,7.2936,418.4,57.3,1476.236, NAN, NAN, NAN, NAN,,2024/04/20 19:19:49.311,2024-04-20 19:19:49.311000+00:00
2024/04/20, 19:20:49.311,39.479,-71.382,11.87,49.56,55.93,11.73,8.5,8.6,1010.4,1010.5,0.0,0.0,85.13,78.53,355,344,1.7,2.8,100.0,100.0,4.4,3.6,239.9,252.6,1012.5,1012.6,101.19,377.79,416.69,32.0863,7.3012,421.1,57.5,1476.266, NAN, NAN, NAN, NAN,,2024/04/20 19:20:49.311,2024-04-20 19:20:49.311000+00:00
2024/04/20, 19:21:49.311,39.481,-71.378,12.05,50.51,58.56,11.87,8.5,8.6,1010.5,1010.5,0.0,0.0,85.13,78.53,350,344,1.7,1.7,100.0,100.0,4.5,4.6,244.6,246.6,1012.6,1012.6,105.43,377.59,425.62,32.0863,7.321,426.0,57.6,1476.343, NAN, NAN, NAN, NAN,,2024/04/20 19:21:49.311,2024-04-20 19:21:49.311000+00:00
2024/04/20, 19:22:49.311,39.483,-71.375,11.9,50.03,56.9,11.88,8.5,8.6,1010.3,1010.5,0.0,0.0,85.13,78.53,345,338,1.8,2.2,100.0,100.0,4.5,4.3,244.0,249.6,1012.4,1012.6,102.36,377.37,415.07,32.0864,7.3371,424.4,57.5,1476.405, NAN, NAN, NAN, NAN,,2024/04/20 19:22:49.311,2024-04-20 19:22:49.311000+00:00
2024/04/20, 19:23:49.311,39.484,-71.371,11.69,50.04,56.18,11.2,8.5,8.6,1010.5,1010.4,0.0,0.0,85.13,78.53,337,330,1.5,2.4,100.0,100.0,4.5,4.1,245.4,256.4,1012.6,1012.5,96.4,377.46,397.08,32.0909,7.3594,432.1,57.2,1476.497, NAN, NAN, NAN, NAN,,2024/04/20 19:23:49.311,2024-04-20 19:23:49.311000+00:00
2024/04/20, 19:24:49.311,39.486,-71.368,11.55,48.32,53.8,11.63,8.5,8.6,1010.6,1010.3,0.0,0.0,85.13,78.53,330,334,1.7,2.8,100.0,100.0,4.7,3.9,247.0,257.2,1012.7,1012.4,94.43,377.36,385.82,32.0855,7.3303,434.2,57.5,1476.378, NAN, NAN, NAN, NAN,,2024/04/20 19:24:49.311,2024-04-20 19:24:49.311000+00:00
2024/04/20, 19:25:49.312,39.488,-71.365,11.64,48.55,54.02,11.7,8.5,8.5,1010.5,1010.5,0.0,0.0,85.13,78.53,337,339,1.5,2.6,100.0,100.0,4.8,3.9,243.4,252.3,1012.6,1012.6,90.69,377.45,373.79,32.0863,7.308,434.5,57.7,1476.292, NAN, NAN, NAN, NAN,,2024/04/20 19:25:49.312,2024-04-20 19:25:49.312000+00:00
2024/04/20, 19:26:49.312,39.49,-71.361,11.73,48.69,49.77,11.7,8.5,8.5,1010.6,1010.2,0.0,0.0,85.13,78.53,327,334,1.5,2.7,100.0,100.0,4.9,3.9,241.4,250.5,1012.7,1012.3,91.23,377.04,379.12,32.0854,7.3063,436.6,57.8,1476.285, NAN, NAN, NAN, NAN,,2024/04/20 19:26:49.312,2024-04-20 19:26:49.312000+00:00
2024/04/20, 19:27:49.312,39.492,-71.358,11.79,46.92,51.48,11.92,8.5,8.5,1010.5,1010.2,0.0,0.0,85.13,78.53,345,346,2.0,2.6,100.0,100.0,4.3,3.8,242.7,246.8,1012.6,1012.3,95.03,377.2,395.46,32.0828,7.3302,448.9,57.9,1476.374, NAN, NAN, NAN, NAN,,2024/04/20 19:27:49.312,2024-04-20 19:27:49.312000+00:00
2024/04/20, 19:28:49.312,39.494,-71.355,11.89,48.14,51.03,11.15,8.5,8.5,1010.5,1010.5,0.0,0.0,85.13,78.53,316,325,1.5,2.8,100.0,100.0,4.8,3.9,244.2,257.1,1012.6,1012.6,103.62,377.07,422.17,32.0851,7.3485,439.5,57.6,1476.447, NAN, NAN, NAN, NAN,,2024/04/20 19:28:49.312,2024-04-20 19:28:49.312000+00:00
2024/04/20, 19:29:49.312,39.496,-71.351,11.5,49.32,55.46,11.46,8.5,8.5,1010.5,1010.2,0.0,0.0,85.13,78.53,333,332,1.9,2.9,100.0,100.0,4.5,3.9,251.3,262.8,1012.6,1012.3,107.16,376.94,437.15,32.0861,7.3378,433.2,58.0,1476.407, NAN, NAN, NAN, NAN,,2024/04/20 19:29:49.312,2024-04-20 19:29:49.312000+00:00
2024/04/20, 19:30:49.312,39.498,-71.348,11.78,48.1,54.21,11.56,8.4,8.5,1010.4,1010.5,0.0,0.0,85.13,78.53,339,332,2.0,3.0,100.0,100.0,4.3,3.8,246.7,260.3,1012.5,1012.6,109.35,377.02,444.96,32.0877,7.2633,422.7,57.9,1476.121, NAN, NAN, NAN, NAN,,2024/04/20 19:30:49.312,2024-04-20 19:30:49.312000+00:00
2024/04/20, 19:31:49.312,39.5,-71.344,11.76,47.57,57.44,11.61,8.4,8.5,1010.5,1010.5,0.0,0.0,85.13,78.53,331,326,2.3,4.0,100.0,100.0,4.3,3.9,252.8,276.3,1012.6,1012.6,110.18,377.0,448.24,32.0883,7.1796,417.7,57.8,1475.797, NAN, NAN, NAN, NAN,,2024/04/20 19:31:49.312,2024-04-20 19:31:49.312000+00:00
2024/04/20, 19:32:49.312,39.501,-71.341,11.52,48.26,51.01,11.6,8.4,8.4,1010.6,1010.1,0.0,0.0,85.13,78.53,333,333,2.2,3.1,100.0,100.0,4.2,3.6,247.2,257.4,1012.7,1012.2,103.85,376.92,429.66,32.0885,7.1805,421.7,57.9,1475.801, NAN, NAN, NAN, NAN,,2024/04/20 19:32:49.312,2024-04-20 19:32:49.312000+00:00
2024/04/20, 19:33:49.312,39.503,-71.338,11.65,47.69,61.17,11.82,8.4,8.4,1010.5,1010.3,0.0,0.0,85.13,78.53,334,331,2.4,3.8,100.0,100.0,4.4,3.9,256.2,274.8,1012.6,1012.4,107.01,377.28,438.33,32.0875,7.1848,420.4,57.9,1475.816, NAN, NAN, NAN, NAN,,2024/04/20 19:33:49.312,2024-04-20 19:33:49.312000+00:00
2024/04/20, 19:34:49.312,39.505,-71.334,11.72,48.97,52.52,11.31,8.4,8.4,1010.4,1010.5,0.0,0.0,85.13,78.53,323,327,2.0,3.5,100.0,100.0,4.5,3.8,251.8,269.8,1012.5,1012.6,109.96,377.16,457.88,32.0903,7.2457,416.3,57.7,1476.056, NAN, NAN, NAN, NAN,,2024/04/20 19:34:49.312,2024-04-20 19:34:49.312000+00:00
2024/04/20, 19:35:49.312,39.507,-71.331,11.25,45.81,43.01,10.36,8.4,8.4,1010.2,1010.3,0.0,0.0,85.13,78.53,327,324,2.1,3.9,100.0,100.0,3.9,3.5,250.1,277.7,1012.3,1012.4,136.1,377.3,541.72,32.0968,7.2754,415.6,57.5,1476.179, NAN, NAN, NAN, NAN,,2024/04/20 19:35:49.312,2024-04-20 19:35:49.312000+00:00
2024/04/20, 19:36:49.312,39.509,-71.328,11.08,47.88,55.04,10.77,8.4,8.4,1010.0,1010.3,0.0,0.0,85.13,78.53,325,323,1.9,3.4,100.0,100.0,4.4,4.0,255.2,275.2,1012.1,1012.4,158.34,377.67,602.13,32.0914,7.2858,432.4,57.7,1476.213, NAN, NAN, NAN, NAN,,2024/04/20 19:36:49.312,2024-04-20 19:36:49.312000+00:00
2024/04/20, 19:37:49.312,39.51,-71.324,11.39,47.18,55.35,11.35,8.4,8.4,1010.2,1010.2,0.0,0.0,85.13,78.53,321,323,2.7,4.7,100.0,100.0,4.4,4.1,260.7,287.5,1012.3,1012.3,172.11,377.19,638.27,32.0894,7.2857,450.7,57.9,1476.21, NAN, NAN, NAN, NAN,,2024/04/20 19:37:49.312,2024-04-20 19:37:49.312000+00:00
2024/04/20, 19:38:49.312,39.512,-71.321,11.46,43.61,53.43,11.42,8.4,8.4,1010.2,1010.2,0.0,0.0,85.13,78.53,319,321,2.8,5.2,100.0,100.0,4.6,4.6,261.0,291.2,1012.3,1012.3,149.08,377.0,578.13,32.0885,7.3037,451.3,57.9,1476.278, NAN, NAN, NAN, NAN,,2024/04/20 19:38:49.312,2024-04-20 19:38:49.312000+00:00
2024/04/20, 19:39:49.312,39.514,-71.318,11.33,44.71,53.09,11.56,8.4,8.4,1010.3,1010.3,0.0,0.0,85.13,78.53,318,318,2.6,4.9,100.0,100.0,4.7,4.7,257.5,285.9,1012.4,1012.4,164.3,377.19,621.32,32.09,7.3091,448.3,58.1,1476.301, NAN, NAN, NAN, NAN,,2024/04/20 19:39:49.312,2024-04-20 19:39:49.312000+00:00
2024/04/20, 19:40:49.312,39.516,-71.315,11.52,44.27,52.06,11.78,8.4,8.4,1010.4,1010.2,0.0,0.0,85.13,78.53,314,319,2.8,4.7,100.0,100.0,4.9,4.5,258.4,281.5,1012.5,1012.3,152.36,377.06,560.01,32.0868,7.3568,443.0,58.2,1476.482, NAN, NAN, NAN, NAN,,2024/04/20 19:40:49.312,2024-04-20 19:40:49.312000+00:00
2024/04/20, 19:41:49.313,39.518,-71.311,11.56,45.46,56.5,11.84,8.4,8.4,1010.3,1010.4,0.0,0.0,85.13,78.53,314,317,2.8,5.1,100.0,100.0,4.9,4.8,259.2,286.6,1012.4,1012.5,104.26,376.35,426.12,32.0928,7.4723,456.1,58.2,1476.935, NAN, NAN, NAN, NAN,,2024/04/20 19:41:49.313,2024-04-20 19:41:49.313000+00:00
2024/04/20, 19:42:49.313,39.52,-71.308,11.73,45.31,52.5,11.79,8.4,8.4,1010.4,1010.5,0.0,0.0,85.13,78.53,314,317,2.7,4.6,100.0,100.0,4.9,4.7,258.2,280.9,1012.5,1012.6,126.95,376.33,495.5,32.1203,7.5976,475.8,58.3,1477.451, NAN, NAN, NAN, NAN,,2024/04/20 19:42:49.313,2024-04-20 19:42:49.313000+00:00
2024/04/20, 19:43:49.313,39.522,-71.305,11.79,45.2,51.92,12.03,8.4,8.4,1010.4,1010.3,0.0,0.0,85.13,78.53,311,317,3.2,5.5,100.0,100.0,5.1,4.8,261.9,289.1,1012.5,1012.4,146.52,376.48,561.6,32.1895,7.6921,499.0,58.3,1477.9, NAN, NAN, NAN, NAN,,2024/04/20 19:43:49.313,2024-04-20 19:43:49.313000+00:00
2024/04/20, 19:44:49.313,39.524,-71.301,11.77,45.13,54.37,11.95,8.4,8.4,1010.3,1010.5,0.0,0.0,85.13,78.53,311,317,3.1,5.3,100.0,100.0,5.1,4.9,262.6,288.3,1012.4,1012.6,144.89,376.74,552.93,32.2537,7.8089,555.3,58.6,1478.426, NAN, NAN, NAN, NAN,,2024/04/20 19:44:49.313,2024-04-20 19:44:49.313000+00:00
2024/04/20, 19:45:49.313,39.526,-71.298,11.99,43.35,45.25,11.97,8.3,8.4,1010.5,1010.1,0.0,0.0,85.13,78.53,312,318,3.0,4.6,100.0,100.0,4.9,4.5,256.7,276.1,1012.6,1012.2,117.93,376.65,462.84,32.3105,7.9127,603.5,58.8,1478.893, NAN, NAN, NAN, NAN,,2024/04/20 19:45:49.313,2024-04-20 19:45:49.313000+00:00
2024/04/20, 19:46:49.313,39.529,-71.295,11.65,44.86,52.05,11.65,8.4,8.4,1010.4,1010.5,0.0,0.0,85.13,78.53,306,313,3.0,5.3,100.0,100.0,5.2,5.1,260.9,287.4,1012.5,1012.6,100.54,376.64,408.23,32.3447,7.9562,638.2,58.7,1479.101, NAN, NAN, NAN, NAN,,2024/04/20 19:46:49.313,2024-04-20 19:46:49.313000+00:00
2024/04/20, 19:47:49.313,39.531,-71.291,11.81,45.41,49.61,11.99,8.4,8.4,1010.4,1010.2,0.0,0.0,85.13,78.53,306,317,3.2,5.6,100.0,100.0,5.2,4.8,261.1,289.9,1012.5,1012.3,107.77,376.4,427.26,32.3838,7.9925,646.5,58.8,1479.287, NAN, NAN, NAN, NAN,,2024/04/20 19:47:49.313,2024-04-20 19:47:49.313000+00:00
2024/04/20, 19:48:49.313,39.533,-71.288,11.86,43.91,47.27,12.06,8.4,8.4,1010.3,1010.2,0.0,0.0,85.13,78.53,301,313,3.6,5.6,100.0,100.0,5.6,5.1,262.9,286.3,1012.4,1012.3,108.82,376.57,430.09,32.4109,8.0244,649.9,58.9,1479.442, NAN, NAN, NAN, NAN,,2024/04/20 19:48:49.313,2024-04-20 19:48:49.313000+00:00
2024/04/20, 19:49:49.313,39.535,-71.285,11.92,45.18,53.9,12.17,8.4,8.4,1010.2,1010.3,0.0,0.0,85.13,78.53,303,312,3.7,5.6,100.0,100.0,5.7,5.5,268.0,288.7,1012.3,1012.4,100.52,375.94,416.27,32.4266,8.0696,631.8,58.7,1479.633, NAN, NAN, NAN, NAN,,2024/04/20 19:49:49.313,2024-04-20 19:49:49.313000+00:00
2024/04/20, 19:50:49.313,39.537,-71.281,12.05,45.04,47.84,12.28,8.4,8.4,1010.3,1010.2,0.0,0.0,85.13,78.53,303,313,3.6,5.7,100.0,100.0,5.6,5.3,264.2,287.9,1012.4,1012.3,128.9,376.6,514.22,32.4386,8.1219,635.2,58.9,1479.846, NAN, NAN, NAN, NAN,,2024/04/20 19:50:49.313,2024-04-20 19:50:49.313000+00:00
2024/04/20, 19:51:49.313,39.539,-71.278,11.95,44.78,52.93,12.16,8.4,8.4,1010.2,1010.4,0.0,0.0,85.13,78.53,307,313,3.6,5.6,100.0,100.0,5.4,5.4,266.6,288.5,1012.3,1012.5,156.4,376.71,593.92,32.4505,8.1653,648.3,58.8,1480.025, NAN, NAN, NAN, NAN,,2024/04/20 19:51:49.313,2024-04-20 19:51:49.313000+00:00
2024/04/20, 19:52:49.313,39.541,-71.275,12.03,46.37,54.0,12.35,8.4,8.4,1010.4,1010.1,0.0,0.0,85.13,78.53,303,312,3.5,5.7,100.0,100.0,5.7,5.6,266.3,289.8,1012.5,1012.2,154.9,376.66,586.05,32.462,8.2247,655.6,59.0,1480.264, NAN, NAN, NAN, NAN,,2024/04/20 19:52:49.313,2024-04-20 19:52:49.313000+00:00
2024/04/20, 19:53:49.313,39.544,-71.271,11.92,44.61,51.17,12.47,8.4,8.4,1010.3,1010.2,0.0,0.0,85.13,78.53,304,313,3.7,5.8,100.0,100.0,5.7,5.5,265.4,288.3,1012.4,1012.3,150.73,376.27,576.72,32.4756,8.2781,675.5,58.9,1480.482, NAN, NAN, NAN, NAN,,2024/04/20 19:53:49.313,2024-04-20 19:53:49.313000+00:00
2024/04/20, 19:54:49.313,39.546,-71.268,12.06,43.94,47.11,12.35,8.4,8.4,1010.5,1010.2,0.0,0.0,85.13,78.53,307,314,3.7,5.5,100.0,100.0,5.4,5.1,264.2,284.7,1012.6,1012.3,163.24,375.9,620.68,32.4911,8.3398,690.4,59.0,1480.734, NAN, NAN, NAN, NAN,,2024/04/20 19:54:49.313,2024-04-20 19:54:49.313000+00:00
2024/04/20, 19:55:49.313,39.548,-71.264,12.01,45.85,49.12,12.46,8.4,8.5,1010.3,1010.1,0.0,0.0,85.13,78.53,311,318,3.3,5.4,100.0,100.0,5.2,4.7,261.1,285.9,1012.4,1012.2,168.16,374.25,642.72,32.5087,8.3932,666.7,59.2,1480.957, NAN, NAN, NAN, NAN,,2024/04/20 19:55:49.313,2024-04-20 19:55:49.313000+00:00
2024/04/20, 19:56:49.313,39.55,-71.261,12.05,48.06,47.48,12.43,8.5,8.6,1010.2,1010.1,0.0,0.0,85.13,78.53,309,317,3.3,5.7,100.0,100.0,5.1,4.6,260.4,289.3,1012.3,1012.2,171.54,374.15,652.83,32.5293,8.4331,646.8,59.0,1481.132, NAN, NAN, NAN, NAN,,2024/04/20 19:56:49.313,2024-04-20 19:56:49.313000+00:00
2024/04/20, 19:57:49.314,39.552,-71.257,12.14,48.13,50.81,12.48,8.5,8.6,1010.1,1010.1,0.0,0.0,85.13,78.53,305,312,3.7,5.7,100.0,100.0,5.4,5.2,266.1,288.4,1012.2,1012.2,177.05,374.72,682.39,32.5498,8.4492,630.8,59.2,1481.218, NAN, NAN, NAN, NAN,,2024/04/20 19:57:49.314,2024-04-20 19:57:49.314000+00:00
2024/04/20, 19:58:49.314,39.555,-71.254,12.33,46.66,52.02,12.38,8.5,8.6,1010.3,1010.0,0.0,0.0,85.13,78.53,304,314,3.6,5.5,100.0,100.0,5.6,5.2,266.6,288.0,1012.4,1012.1,201.7,375.15,754.35,32.564,8.4709,609.2,59.0,1481.317, NAN, NAN, NAN, NAN,,2024/04/20 19:58:49.314,2024-04-20 19:58:49.314000+00:00
2024/04/20, 19:59:49.314,39.557,-71.25,12.08,51.7,55.87,12.06,8.6,8.6,1010.1,1010.1,0.0,0.0,85.13,78.53,307,315,3.3,5.1,100.0,100.0,5.3,4.9,268.8,289.8,1012.2,1012.2,208.43,374.75,771.3,32.5786,8.5169,619.3,59.1,1481.508, NAN, NAN, NAN, NAN,,2024/04/20 19:59:49.314,2024-04-20 19:59:49.314000+00:00
2024/04/20, 20:00:49.314,39.559,-71.247,12.07,47.9,54.6,11.92,8.6,8.6,1010.2,1010.1,0.0,0.0,85.13,78.53,301,313,3.0,5.2,100.0,100.0,5.6,5.2,263.7,288.5,1012.3,1012.2,188.21,374.29,708.2,32.5919,8.6108,605.9,59.0,1481.876, NAN, NAN, NAN, NAN,,2024/04/20 20:00:49.314,2024-04-20 20:00:49.314000+00:00
2024/04/20, 20:01:49.314,39.561,-71.243,12.18,49.5,55.6,12.49,8.6,8.6,1010.2,1010.0,0.0,0.0,85.13,78.53,301,312,3.0,5.1,100.0,100.0,5.8,5.3,262.1,284.9,1012.3,1012.1,168.55,374.34,651.61,32.6088,8.7076,615.3,59.0,1482.258, NAN, NAN, NAN, NAN,,2024/04/20 20:01:49.314,2024-04-20 20:01:49.314000+00:00
2024/04/20, 20:02:49.314,39.563,-71.24,12.17,48.73,55.31,12.21,8.6,8.7,1010.3,1010.3,0.0,0.0,85.13,78.53,299,311,3.0,5.1,100.0,100.0,5.7,5.2,261.2,284.5,1012.4,1012.4,151.44,374.94,605.21,32.6347,8.7914,603.5,59.5,1482.603, NAN, NAN, NAN, NAN,,2024/04/20 20:02:49.314,2024-04-20 20:02:49.314000+00:00
2024/04/20, 20:03:49.314,39.565,-71.236,12.16,48.79,49.21,12.17,8.7,8.7,1010.3,1010.3,0.0,0.0,85.13,78.53,302,313,3.4,5.0,100.0,100.0,5.4,4.8,263.7,282.5,1012.4,1012.4,143.06,375.38,577.24,32.6627,8.8465,580.9,59.6,1482.842, NAN, NAN, NAN, NAN,,2024/04/20 20:03:49.314,2024-04-20 20:03:49.314000+00:00
2024/04/20, 20:04:49.314,39.567,-71.233,12.18,48.5,51.44,12.02,8.7,8.7,1010.2,1010.1,0.0,0.0,85.13,78.53,301,312,3.2,5.3,100.0,100.0,5.5,5.0,262.5,286.8,1012.3,1012.2,141.06,375.05,577.19,32.6902,8.8146,553.9,59.1,1482.757, NAN, NAN, NAN, NAN,,2024/04/20 20:04:49.314,2024-04-20 20:04:49.314000+00:00
2024/04/20, 20:05:49.314,39.569,-71.229,12.22,50.18,51.92,12.34,8.7,8.8,1010.2,1010.1,0.0,0.0,85.13,78.53,304,312,2.8,4.7,100.0,100.0,5.4,4.9,258.9,280.0,1012.3,1012.2,152.86,374.38,623.28,32.7131,8.7752,537.1,59.0,1482.639, NAN, NAN, NAN, NAN,,2024/04/20 20:05:49.314,2024-04-20 20:05:49.314000+00:00
2024/04/20, 20:06:49.314,39.571,-71.226,12.28,49.63,55.53,12.14,8.8,8.8,1010.2,1009.8,0.0,0.0,85.13,78.53,311,318,2.6,4.4,100.0,100.0,5.1,4.5,258.0,278.8,1012.3,1011.9,176.7,373.58,703.2,32.7204,8.7532,530.7,59.2,1482.566, NAN, NAN, NAN, NAN,,2024/04/20 20:06:49.314,2024-04-20 20:06:49.314000+00:00
2024/04/20, 20:07:49.314,39.573,-71.222,12.3,49.98,50.73,12.14,8.8,8.8,1010.0,1009.8,0.0,0.0,85.13,78.53,313,321,2.4,3.9,100.0,100.0,5.0,4.2,253.6,270.2,1012.1,1011.9,197.79,373.35,770.7,32.719,8.7112,517.6,59.3,1482.407, NAN, NAN, NAN, NAN,,2024/04/20 20:07:49.314,2024-04-20 20:07:49.314000+00:00
2024/04/20, 20:08:49.314,39.575,-71.219,12.22,49.7,51.2,12.11,8.8,8.8,1009.9,1010.1,0.0,0.0,85.13,78.53,315,318,2.3,4.0,100.0,100.0,5.0,4.4,252.5,272.3,1012.0,1012.2,213.61,372.8,834.47,32.7154,8.6635,513.6,58.9,1482.225, NAN, NAN, NAN, NAN,,2024/04/20 20:08:49.314,2024-04-20 20:08:49.314000+00:00
2024/04/20, 20:09:49.314,39.577,-71.215,12.18,50.32,52.87,12.22,8.8,8.8,1010.0,1010.0,0.0,0.0,85.13,78.53,311,318,2.3,4.5,100.0,100.0,5.1,4.3,252.2,277.8,1012.1,1012.1,238.46,373.37,905.31,32.709,8.6291,515.2,59.0,1482.089, NAN, NAN, NAN, NAN,,2024/04/20 20:09:49.314,2024-04-20 20:09:49.314000+00:00
2024/04/20, 20:10:49.314,39.579,-71.212,12.18,49.39,53.7,11.99,8.8,8.8,1010.1,1009.9,0.0,0.0,85.13,78.53,319,321,2.1,4.1,100.0,100.0,4.9,4.2,251.4,275.2,1012.2,1012.0,268.16,374.18,997.91,32.6977,8.6185,516.0,58.8,1482.035, NAN, NAN, NAN, NAN,,2024/04/20 20:10:49.314,2024-04-20 20:10:49.314000+00:00
2024/04/20, 20:11:49.314,39.581,-71.208,12.17,49.15,52.85,12.24,8.8,8.8,1010.0,1009.9,0.0,0.0,85.13,78.53,318,322,2.1,4.2,100.0,100.0,5.0,4.1,248.7,273.0,1012.1,1012.0,304.29,374.65,1104.65,32.6893,8.6227,503.8,59.1,1482.04, NAN, NAN, NAN, NAN,,2024/04/20 20:11:49.314,2024-04-20 20:11:49.314000+00:00
2024/04/20, 20:12:49.314,39.583,-71.205,12.18,49.82,54.58,12.17,8.8,8.8,1010.0,1009.8,0.0,0.0,85.13,78.53,315,319,2.4,4.3,100.0,100.0,5.0,4.5,255.6,277.8,1012.1,1011.9,334.14,374.64,1176.22,32.6832,8.627,503.8,59.0,1482.049, NAN, NAN, NAN, NAN,,2024/04/20 20:12:49.314,2024-04-20 20:12:49.314000+00:00
2024/04/20, 20:13:49.315,39.585,-71.202,12.23,49.81,51.04,12.08,8.8,8.8,1010.0,1009.8,0.0,0.0,85.13,78.53,320,323,2.2,4.2,100.0,100.0,4.8,4.0,249.8,273.8,1012.1,1011.9,327.63,373.99,1143.9,32.6786,8.6298,493.4,59.0,1482.054, NAN, NAN, NAN, NAN,,2024/04/20 20:13:49.315,2024-04-20 20:13:49.315000+00:00
2024/04/20, 20:14:49.315,39.587,-71.198,12.09,50.23,51.92,12.07,8.8,8.8,1009.9,1009.9,0.0,0.0,85.13,78.53,315,319,2.1,4.0,100.0,100.0,5.0,4.2,249.8,271.7,1012.0,1012.0,307.46,373.44,1086.66,32.673,8.6516,480.3,59.0,1482.128, NAN, NAN, NAN, NAN,,2024/04/20 20:14:49.315,2024-04-20 20:14:49.315000+00:00
2024/04/20, 20:15:49.315,39.589,-71.195,12.04,49.49,54.03,11.92,8.8,8.8,1009.9,1009.9,0.0,0.0,85.13,78.53,314,318,2.5,4.8,100.0,100.0,4.9,4.4,255.8,284.0,1012.0,1012.0,293.26,373.15,1036.65,32.6704,8.6921,446.7,59.0,1482.276, NAN, NAN, NAN, NAN,,2024/04/20 20:15:49.315,2024-04-20 20:15:49.315000+00:00
2024/04/20, 20:16:49.315,39.591,-71.191,11.98,50.44,52.71,12.28,8.8,8.8,1009.9,1009.9,0.0,0.0,85.13,78.53,315,318,2.7,4.8,100.0,100.0,4.9,4.3,255.6,281.3,1012.0,1012.0,263.96,373.25,943.01,32.6738,8.6921,450.4,58.9,1482.281, NAN, NAN, NAN, NAN,,2024/04/20 20:16:49.315,2024-04-20 20:16:49.315000+00:00
2024/04/20, 20:17:49.315,39.593,-71.188,11.93,50.05,50.44,11.75,8.8,8.8,1009.9,1009.8,0.0,0.0,85.13,78.53,311,318,2.8,4.9,100.0,100.0,4.8,4.3,259.4,285.9,1012.0,1011.9,231.52,374.42,845.63,32.6816,8.7101,447.0,58.8,1482.357, NAN, NAN, NAN, NAN,,2024/04/20 20:17:49.315,2024-04-20 20:17:49.315000+00:00
2024/04/20, 20:18:49.315,39.595,-71.185,11.82,50.32,54.44,11.94,8.8,8.8,1009.8,1009.8,0.0,0.0,85.13,78.53,308,317,3.1,5.2,100.0,100.0,5.0,4.5,263.0,288.9,1011.9,1011.9,204.66,375.67,750.17,32.6883,8.6903,452.9,59.1,1482.292, NAN, NAN, NAN, NAN,,2024/04/20 20:18:49.315,2024-04-20 20:18:49.315000+00:00
2024/04/20, 20:19:49.315,39.597,-71.181,11.89,50.18,50.48,11.99,8.8,8.8,1009.9,1009.8,0.0,0.0,85.13,78.53,309,315,3.1,5.2,100.0,100.0,4.9,4.5,260.2,286.3,1012.0,1011.9,190.84,376.55,708.18,32.6842,8.6458,427.8,58.8,1482.12, NAN, NAN, NAN, NAN,,2024/04/20 20:19:49.315,2024-04-20 20:19:49.315000+00:00
2024/04/20, 20:20:49.315,39.599,-71.178,12.04,49.54,49.02,11.86,8.8,8.8,1009.9,1009.8,0.0,0.0,85.13,78.53,306,315,3.2,5.1,100.0,100.0,5.0,4.4,261.5,285.2,1012.0,1011.9,188.1,376.94,696.92,32.6785,8.5889,423.5,59.0,1481.901, NAN, NAN, NAN, NAN,,2024/04/20 20:20:49.315,2024-04-20 20:20:49.315000+00:00
2024/04/20, 20:21:49.315,39.601,-71.175,12.03,50.31,49.59,12.01,8.8,8.8,1009.9,1009.9,0.0,0.0,85.13,78.53,306,314,3.0,5.2,100.0,100.0,5.0,4.5,259.1,285.9,1012.0,1012.0,184.44,376.8,679.49,32.6449,8.5575,447.0,59.1,1481.742, NAN, NAN, NAN, NAN,,2024/04/20 20:21:49.315,2024-04-20 20:21:49.315000+00:00
2024/04/20, 20:22:49.315,39.603,-71.171,12.1,49.73,49.61,12.06,8.8,8.8,1009.9,1009.8,0.0,0.0,85.13,78.53,303,313,3.2,5.3,100.0,100.0,5.2,4.7,261.0,286.2,1012.0,1011.9,164.03,376.76,616.43,32.6105,8.5103,476.3,59.3,1481.522, NAN, NAN, NAN, NAN,,2024/04/20 20:22:49.315,2024-04-20 20:22:49.315000+00:00
2024/04/20, 20:23:49.315,39.606,-71.168,12.17,49.93,50.79,12.14,8.8,8.8,1009.8,1009.9,0.0,0.0,85.13,78.53,306,312,3.3,5.2,100.0,100.0,5.1,4.8,262.4,284.8,1011.9,1012.0,145.76,376.67,548.7,32.5839,8.4825,530.7,59.3,1481.385, NAN, NAN, NAN, NAN,,2024/04/20 20:23:49.315,2024-04-20 20:23:49.315000+00:00
2024/04/20, 20:24:49.315,39.608,-71.164,12.2,50.12,50.33,12.1,8.8,8.8,1009.9,1009.8,0.0,0.0,85.13,78.53,308,314,3.3,5.6,100.0,100.0,5.0,4.8,263.2,290.9,1012.0,1011.9,137.14,376.5,520.51,32.5636,8.4803,564.6,59.3,1481.352, NAN, NAN, NAN, NAN,,2024/04/20 20:24:49.315,2024-04-20 20:24:49.315000+00:00
2024/04/20, 20:25:49.315,39.61,-71.161,12.28,50.24,52.27,12.33,8.8,8.8,1009.8,1009.8,0.0,0.0,85.13,78.53,311,317,3.4,5.6,100.0,100.0,4.9,4.5,263.6,290.7,1011.9,1011.9,132.63,376.56,506.95,32.5472,8.4977,579.0,59.7,1481.397, NAN, NAN, NAN, NAN,,2024/04/20 20:25:49.315,2024-04-20 20:25:49.315000+00:00
2024/04/20, 20:26:49.315,39.612,-71.158,12.22,50.35,49.28,12.18,8.8,8.8,1009.9,1009.8,0.0,0.0,85.13,78.53,310,317,3.2,5.3,100.0,100.0,4.9,4.4,261.0,287.2,1012.0,1011.9,128.83,376.51,494.46,32.5395,8.4993,594.8,60.0,1481.394, NAN, NAN, NAN, NAN,,2024/04/20 20:26:49.315,2024-04-20 20:26:49.315000+00:00
2024/04/20, 20:27:49.315,39.614,-71.154,12.14,50.21,51.34,11.9,8.7,8.8,1009.8,1009.9,0.0,0.0,85.13,78.53,308,314,3.2,5.4,100.0,100.0,4.9,4.6,262.5,289.5,1011.9,1012.0,128.32,376.6,491.81,32.5395,8.4861,613.9,60.0,1481.344, NAN, NAN, NAN, NAN,,2024/04/20 20:27:49.315,2024-04-20 20:27:49.315000+00:00
2024/04/20, 20:28:49.315,39.616,-71.151,12.19,49.89,51.16,12.12,8.7,8.8,1009.8,1009.8,0.0,0.0,85.13,78.53,306,313,3.1,5.1,100.0,100.0,5.1,4.6,259.5,283.5,1011.9,1011.9,129.75,376.76,497.89,32.5398,8.5051,595.5,62.5,1481.416, NAN, NAN, NAN, NAN,,2024/04/20 20:28:49.315,2024-04-20 20:28:49.315000+00:00
2024/04/20, 20:29:49.316,39.618,-71.148,12.22,49.96,48.58,12.36,8.7,8.8,1010.0,1009.9,0.0,0.0,85.13,78.53,300,311,3.1,5.2,100.0,100.0,5.5,4.8,258.5,282.6,1012.1,1012.0,131.34,376.66,503.2,32.5363,8.5559,573.2,60.0,1481.602, NAN, NAN, NAN, NAN,,2024/04/20 20:29:49.316,2024-04-20 20:29:49.316000+00:00
2024/04/20, 20:30:49.316,39.621,-71.144,12.17,50.28,50.17,12.29,8.7,8.8,1010.0,1009.8,0.0,0.0,85.13,78.53,306,315,3.3,5.4,100.0,100.0,5.1,4.5,261.3,286.8,1012.1,1011.9,142.11,376.76,532.17,32.5435,8.6281,594.8,60.0,1481.881, NAN, NAN, NAN, NAN,,2024/04/20 20:30:49.316,2024-04-20 20:30:49.316000+00:00
2024/04/20, 20:31:49.316,39.623,-71.141,12.24,49.33,50.17,12.2,8.7,8.8,1010.0,1009.8,0.0,0.0,85.13,78.53,301,312,3.4,5.3,100.0,100.0,5.5,4.9,263.5,285.7,1012.1,1011.9,146.34,376.6,540.46,32.5609,8.6809,610.8,59.9,1482.1, NAN, NAN, NAN, NAN,,2024/04/20 20:31:49.316,2024-04-20 20:31:49.316000+00:00
2024/04/20, 20:32:49.316,39.625,-71.138,12.19,50.18,51.51,12.11,8.7,8.8,1009.9,1009.8,0.0,0.0,85.13,78.53,304,312,3.4,5.3,100.0,100.0,5.2,4.8,263.4,286.1,1012.0,1011.9,136.85,376.76,515.33,32.582,8.5956,652.3,59.4,1481.807, NAN, NAN, NAN, NAN,,2024/04/20 20:32:49.316,2024-04-20 20:32:49.316000+00:00
2024/04/20, 20:33:49.316,39.627,-71.134,12.08,50.45,50.41,12.15,8.7,8.8,1009.9,1009.8,0.0,0.0,85.13,78.53,306,313,3.6,5.5,100.0,100.0,5.0,4.7,265.1,288.3,1012.0,1011.9,136.53,376.66,515.49,32.5995,8.5172,633.7,59.6,1481.535, NAN, NAN, NAN, NAN,,2024/04/20 20:33:49.316,2024-04-20 20:33:49.316000+00:00
2024/04/20, 20:34:49.316,39.629,-71.131,12.04,50.31,48.75,12.2,8.8,8.8,1010.0,1009.9,0.0,0.0,85.13,78.53,306,312,3.6,5.7,100.0,100.0,5.0,4.8,264.4,289.6,1012.1,1012.0,139.83,376.52,523.36,32.5939,8.4934,624.1,59.6,1481.439, NAN, NAN, NAN, NAN,,2024/04/20 20:34:49.316,2024-04-20 20:34:49.316000+00:00
2024/04/20, 20:35:49.316,39.631,-71.128,12.18,49.47,48.55,12.11,8.8,8.8,1010.1,1009.9,0.0,0.0,85.13,78.53,305,313,3.5,5.5,100.0,100.0,5.1,4.7,263.5,287.8,1012.2,1012.0,142.53,376.64,529.42,32.5594,8.4903,619.0,59.9,1481.384, NAN, NAN, NAN, NAN,,2024/04/20 20:35:49.316,2024-04-20 20:35:49.316000+00:00
2024/04/20, 20:36:49.316,39.634,-71.125,12.06,50.03,50.02,11.87,8.7,8.8,1009.9,1009.9,0.0,0.0,85.13,78.53,307,313,3.7,5.8,100.0,100.0,4.8,4.7,266.9,292.9,1012.0,1012.0,142.63,376.39,529.84,32.5406,8.4431,680.1,59.9,1481.184, NAN, NAN, NAN, NAN,,2024/04/20 20:36:49.316,2024-04-20 20:36:49.316000+00:00
2024/04/20, 20:37:49.316,39.636,-71.121,12.06,50.38,50.62,12.1,8.7,8.7,1010.0,1009.8,0.0,0.0,85.13,78.53,309,315,3.5,5.5,100.0,100.0,4.8,4.5,263.9,289.0,1012.1,1011.9,143.49,376.4,537.69,32.5431,8.2945,714.5,59.7,1480.628, NAN, NAN, NAN, NAN,,2024/04/20 20:37:49.316,2024-04-20 20:37:49.316000+00:00
2024/04/20, 20:38:49.316,39.638,-71.118,12.18,50.15,46.42,12.36,8.7,8.7,1009.9,1009.8,0.0,0.0,85.13,78.53,312,316,3.5,5.7,100.0,100.0,4.7,4.4,261.4,289.4,1012.0,1011.9,145.25,376.29,542.03,32.541,8.0757,731.6,59.5,1479.798, NAN, NAN, NAN, NAN,,2024/04/20 20:38:49.316,2024-04-20 20:38:49.316000+00:00
2024/04/20, 20:39:49.316,39.64,-71.115,12.12,50.38,50.3,12.31,8.7,8.7,1009.9,1009.8,0.0,0.0,85.13,78.53,310,315,3.4,5.4,100.0,100.0,4.8,4.5,261.6,286.4,1012.0,1011.9,142.64,376.22,542.77,32.5221,7.8513,723.0,59.5,1478.921, NAN, NAN, NAN, NAN,,2024/04/20 20:39:49.316,2024-04-20 20:39:49.316000+00:00
2024/04/20, 20:40:49.316,39.643,-71.111,12.17,50.64,48.9,12.28,8.7,8.7,1009.9,1009.8,0.0,0.0,85.13,78.53,311,315,3.4,5.5,100.0,100.0,4.7,4.4,260.3,287.1,1012.0,1011.9,161.35,375.57,614.53,32.4783,7.7067,702.7,59.3,1478.314, NAN, NAN, NAN, NAN,,2024/04/20 20:40:49.316,2024-04-20 20:40:49.316000+00:00
2024/04/20, 20:41:49.316,39.645,-71.108,11.92,54.77,53.08,12.06,8.7,8.7,1009.8,1009.7,0.0,0.0,85.13,78.53,312,315,3.0,5.2,100.0,100.0,4.7,4.3,261.1,289.2,1011.9,1011.8,186.89,375.09,688.37,32.4272,7.7703,689.6,59.3,1478.494, NAN, NAN, NAN, NAN,,2024/04/20 20:41:49.316,2024-04-20 20:41:49.316000+00:00
2024/04/20, 20:42:49.316,39.647,-71.104,12.11,55.05,55.62,12.27,8.7,8.7,1009.8,1009.7,0.0,0.0,85.13,78.53,311,316,3.0,5.2,100.0,100.0,4.9,4.4,262.0,289.2,1011.9,1011.8,177.44,374.19,646.84,32.3694,8.1311,613.9,59.0,1479.795, NAN, NAN, NAN, NAN,,2024/04/20 20:42:49.316,2024-04-20 20:42:49.316000+00:00
2024/04/20, 20:43:49.316,39.649,-71.101,12.12,53.99,52.33,12.03,8.7,8.7,1009.7,1009.8,0.0,0.0,85.13,78.53,310,317,2.7,4.8,100.0,100.0,4.8,4.1,257.4,283.5,1011.8,1011.9,161.58,374.22,591.16,32.3474,8.3905,636.1,58.9,1480.748, NAN, NAN, NAN, NAN,,2024/04/20 20:43:49.316,2024-04-20 20:43:49.316000+00:00
2024/04/20, 20:44:49.316,39.651,-71.097,12.13,53.67,49.59,12.06,8.7,8.7,1009.7,1009.7,0.0,0.0,85.13,78.53,307,316,2.9,5.2,100.0,100.0,4.9,4.1,257.7,286.9,1011.8,1011.8,152.37,374.18,559.89,32.463,8.6131,653.7,58.8,1481.726, NAN, NAN, NAN, NAN,,2024/04/20 20:44:49.316,2024-04-20 20:44:49.316000+00:00
2024/04/20, 20:45:49.317,39.653,-71.094,12.2,53.7,46.25,12.08,8.7,8.7,1009.7,1009.7,0.0,0.0,85.13,78.53,315,319,2.8,4.9,100.0,100.0,4.5,3.7,253.3,281.4,1011.8,1011.8,147.17,374.14,547.74,32.5712,8.5679,649.6,59.0,1481.69, NAN, NAN, NAN, NAN,,2024/04/20 20:45:49.317,2024-04-20 20:45:49.317000+00:00
2024/04/20, 20:46:49.317,39.655,-71.091,12.17,54.76,52.22,12.1,8.7,8.7,1009.7,1009.6,0.0,0.0,85.13,78.53,312,318,2.9,5.4,100.0,100.0,4.7,4.0,258.8,291.6,1011.8,1011.7,151.02,374.55,564.06,32.6504,8.3691,668.4,59.3,1481.041, NAN, NAN, NAN, NAN,,2024/04/20 20:46:49.317,2024-04-20 20:46:49.317000+00:00
2024/04/20, 20:47:49.317,39.657,-71.087,12.0,53.75,48.77,11.84,8.7,8.7,1009.7,1009.8,0.0,0.0,85.13,78.53,319,319,3.0,5.0,100.0,100.0,4.1,3.7,256.0,285.1,1011.8,1011.9,170.88,375.03,627.6,32.6742,8.2535,685.9,59.4,1480.635, NAN, NAN, NAN, NAN,,2024/04/20 20:47:49.317,2024-04-20 20:47:49.317000+00:00
2024/04/20, 20:48:49.317,39.659,-71.084,12.17,53.42,51.69,12.12,8.6,8.7,1009.9,1009.7,0.0,0.0,85.13,78.53,315,318,3.1,5.0,100.0,100.0,4.5,4.0,259.6,284.8,1012.0,1011.8,181.32,375.11,651.51,32.6151,8.2081,659.6,59.4,1480.391, NAN, NAN, NAN, NAN,,2024/04/20 20:48:49.317,2024-04-20 20:48:49.317000+00:00
2024/04/20, 20:49:49.317,39.661,-71.08,12.25,54.74,52.59,12.1,8.6,8.6,1009.7,1009.7,0.0,0.0,85.13,78.53,314,317,3.1,5.3,100.0,100.0,4.5,4.1,260.8,290.0,1011.8,1011.8,179.12,374.89,650.23,32.5645,7.8358,688.0,59.5,1478.915, NAN, NAN, NAN, NAN,,2024/04/20 20:49:49.317,2024-04-20 20:49:49.317000+00:00
2024/04/20, 20:50:49.317,39.663,-71.077,12.23,53.12,47.62,12.07,8.6,8.6,1009.8,1009.7,0.0,0.0,85.13,78.53,317,320,3.2,5.4,100.0,100.0,4.2,3.7,257.8,289.2,1011.9,1011.8,181.97,375.13,663.87,32.537,7.5437,800.8,59.3,1477.762, NAN, NAN, NAN, NAN,,2024/04/20 20:50:49.317,2024-04-20 20:50:49.317000+00:00
2024/04/20, 20:51:49.317,39.665,-71.074,12.11,53.63,52.23,11.85,8.6,8.6,1009.8,1009.7,0.0,0.0,85.13,78.53,310,317,3.4,5.5,100.0,100.0,4.6,4.1,264.8,293.1,1011.9,1011.8,186.06,375.37,676.4,32.4522,7.4679,736.1,59.1,1477.365, NAN, NAN, NAN, NAN,,2024/04/20 20:51:49.317,2024-04-20 20:51:49.317000+00:00
2024/04/20, 20:52:49.317,39.668,-71.07,12.07,55.05,51.89,12.05,8.6,8.6,1009.7,1009.9,0.0,0.0,85.13,78.53,314,317,3.3,5.3,100.0,100.0,4.3,3.9,261.5,289.1,1011.8,1012.0,181.76,374.78,658.33,32.3492,7.4365,679.8,58.9,1477.116, NAN, NAN, NAN, NAN,,2024/04/20 20:52:49.317,2024-04-20 20:52:49.317000+00:00
2024/04/20, 20:53:49.317,39.67,-71.067,12.19,53.68,49.72,12.14,8.6,8.6,1009.8,1009.6,0.0,0.0,85.13,78.53,313,317,3.5,5.7,100.0,100.0,4.4,4.1,263.6,293.5,1011.9,1011.7,173.34,374.83,632.13,32.2983,7.456,643.2,59.0,1477.128, NAN, NAN, NAN, NAN,,2024/04/20 20:53:49.317,2024-04-20 20:53:49.317000+00:00
2024/04/20, 20:54:49.317,39.672,-71.064,12.2,54.01,47.96,12.15,8.6,8.6,1009.7,1009.8,0.0,0.0,85.13,78.53,316,316,3.5,5.7,100.0,100.0,4.2,4.0,261.4,292.4,1011.8,1011.9,165.27,374.39,606.3,32.2743,7.567,607.5,59.0,1477.525, NAN, NAN, NAN, NAN,,2024/04/20 20:54:49.317,2024-04-20 20:54:49.317000+00:00
2024/04/20, 20:55:49.317,39.674,-71.06,12.15,53.5,48.12,12.13,8.6,8.6,1009.9,1009.7,0.0,0.0,85.13,78.53,310,315,3.7,6.0,100.0,100.0,4.5,4.3,265.3,295.9,1012.0,1011.8,151.92,374.89,561.75,32.2658,7.738,589.4,58.9,1478.17, NAN, NAN, NAN, NAN,,2024/04/20 20:55:49.317,2024-04-20 20:55:49.317000+00:00
2024/04/20, 20:56:49.317,39.676,-71.057,12.05,56.4,54.98,12.15,8.6,8.6,1009.9,1009.8,0.0,0.0,85.13,78.53,307,314,3.7,5.9,100.0,100.0,4.8,4.5,269.7,297.8,1012.0,1011.9,139.19,374.96,519.41,32.2681,7.8983,618.7,59.0,1478.785, NAN, NAN, NAN, NAN,,2024/04/20 20:56:49.317,2024-04-20 20:56:49.317000+00:00
2024/04/20, 20:57:49.317,39.678,-71.053,12.12,55.78,53.32,11.94,8.5,8.6,1009.9,1009.8,0.0,0.0,85.13,78.53,308,315,3.4,5.8,100.0,100.0,4.7,4.4,267.3,298.3,1012.0,1011.9,132.28,375.04,492.3,32.2897,8.0135,649.9,59.2,1479.251, NAN, NAN, NAN, NAN,,2024/04/20 20:57:49.317,2024-04-20 20:57:49.317000+00:00
2024/04/20, 20:58:49.317,39.68,-71.05,12.07,55.3,52.85,11.98,8.5,8.6,1009.8,1009.8,0.0,0.0,85.13,78.53,310,315,3.6,5.8,100.0,100.0,4.6,4.4,268.8,297.5,1011.9,1011.9,126.21,375.05,473.64,32.3166,8.0941,658.7,59.1,1479.59, NAN, NAN, NAN, NAN,,2024/04/20 20:58:49.317,2024-04-20 20:58:49.317000+00:00
2024/04/20, 20:59:49.317,39.682,-71.046,12.17,56.8,53.98,12.16,8.5,8.5,1009.7,1009.5,0.0,0.0,85.13,78.53,314,319,3.6,6.0,100.0,100.0,4.3,3.9,267.3,301.0,1011.8,1011.6,119.81,374.98,454.8,32.3399,8.054,673.4,59.1,1479.467, NAN, NAN, NAN, NAN,,2024/04/20 20:59:49.317,2024-04-20 20:59:49.317000+00:00
2024/04/20, 21:00:49.318,39.684,-71.043,12.23,56.15,52.59,12.31,8.5,8.5,1009.7,1009.7,0.0,0.0,85.13,78.53,316,319,3.7,6.2,100.0,100.0,4.2,3.9,266.0,301.7,1011.8,1011.8,113.27,375.14,432.0,32.359,7.9783,720.6,59.2,1479.203, NAN, NAN, NAN, NAN,,2024/04/20 21:00:49.318,2024-04-20 21:00:49.318000+00:00
2024/04/20, 21:01:49.318,39.686,-71.039,12.26,55.52,51.4,12.29,8.5,8.5,1009.7,1009.7,0.0,0.0,85.13,78.53,314,316,3.8,6.1,100.0,100.0,4.4,4.3,268.4,299.2,1011.8,1011.8,106.51,375.01,407.85,32.3656,7.9372,709.1,59.4,1479.054, NAN, NAN, NAN, NAN,,2024/04/20 21:01:49.318,2024-04-20 21:01:49.318000+00:00
2024/04/20, 21:02:49.318,39.688,-71.036,12.2,55.95,51.76,12.2,8.5,8.5,1009.9,1009.7,0.0,0.0,85.13,78.53,309,314,4.1,6.4,100.0,100.0,4.6,4.6,273.0,302.6,1012.0,1011.8,98.31,375.02,376.76,32.3483,7.9772,641.9,59.3,1479.185, NAN, NAN, NAN, NAN,,2024/04/20 21:02:49.318,2024-04-20 21:02:49.318000+00:00
2024/04/20, 21:03:49.318,39.69,-71.032,12.12,56.08,52.84,12.24,8.5,8.5,1009.7,1009.7,0.0,0.0,85.13,78.53,311,315,4.1,6.3,100.0,100.0,4.5,4.5,273.9,302.3,1011.8,1011.8,97.72,375.1,376.13,32.3284,8.052,626.0,59.5,1479.445, NAN, NAN, NAN, NAN,,2024/04/20 21:03:49.318,2024-04-20 21:03:49.318000+00:00
2024/04/20, 21:04:49.318,39.692,-71.029,12.15,55.97,52.89,12.07,8.5,8.5,1009.7,1009.7,0.0,0.0,85.13,78.53,309,315,4.0,6.3,100.0,100.0,4.6,4.5,273.3,303.2,1011.8,1011.8,101.08,374.95,386.37,32.3153,8.1182,648.3,59.5,1479.68, NAN, NAN, NAN, NAN,,2024/04/20 21:04:49.318,2024-04-20 21:04:49.318000+00:00
2024/04/20, 21:05:49.318,39.694,-71.025,12.16,55.63,53.72,12.14,8.5,8.5,1009.7,1009.6,0.0,0.0,85.13,78.53,310,316,4.0,6.3,100.0,100.0,4.6,4.4,272.9,303.1,1011.8,1011.7,103.99,374.71,393.61,32.3198,8.1232,634.2,59.7,1479.704, NAN, NAN, NAN, NAN,,2024/04/20 21:05:49.318,2024-04-20 21:05:49.318000+00:00
2024/04/20, 21:06:49.318,39.696,-71.022,12.07,56.25,53.04,12.06,8.5,8.5,1009.7,1009.9,0.0,0.0,85.13,78.53,312,315,3.7,5.7,100.0,100.0,4.4,4.2,268.5,295.5,1011.8,1012.0,102.98,374.85,391.13,32.3221,7.9754,639.8,59.5,1479.146, NAN, NAN, NAN, NAN,,2024/04/20 21:06:49.318,2024-04-20 21:06:49.318000+00:00
2024/04/20, 21:07:49.318,39.698,-71.019,12.08,56.1,55.04,12.13,8.5,8.5,1009.9,1009.7,0.0,0.0,85.13,78.53,312,316,3.9,6.3,100.0,100.0,4.4,4.4,271.3,303.3,1012.0,1011.8,102.49,374.69,390.16,32.2999,7.781,636.1,59.7,1478.377, NAN, NAN, NAN, NAN,,2024/04/20 21:07:49.318,2024-04-20 21:07:49.318000+00:00
2024/04/20, 21:08:49.318,39.7,-71.015,12.13,56.69,52.32,12.26,8.5,8.5,1009.7,1009.7,0.0,0.0,85.13,78.53,308,314,3.7,6.0,100.0,100.0,4.7,4.4,268.0,297.8,1011.8,1011.8,107.39,374.37,400.06,32.2665,7.5765,612.3,59.7,1477.552, NAN, NAN, NAN, NAN,,2024/04/20 21:08:49.318,2024-04-20 21:08:49.318000+00:00
2024/04/20, 21:09:49.318,39.703,-71.012,12.26,55.54,52.41,12.19,8.5,8.5,1009.7,1009.5,0.0,0.0,85.13,78.53,311,316,3.5,5.9,100.0,100.0,4.6,4.3,265.9,297.5,1011.8,1011.6,106.18,374.17,397.15,32.2215,7.4097,568.9,59.4,1476.854, NAN, NAN, NAN, NAN,,2024/04/20 21:09:49.318,2024-04-20 21:09:49.318000+00:00
2024/04/20, 21:10:49.318,39.705,-71.008,12.23,55.82,53.75,12.18,8.5,8.5,1009.6,1009.7,0.0,0.0,85.13,78.53,314,316,3.7,5.9,100.0,100.0,4.4,4.3,268.8,298.1,1011.7,1011.8,103.47,373.84,392.58,32.1914,7.2493,541.1,59.4,1476.196, NAN, NAN, NAN, NAN,,2024/04/20 21:10:49.318,2024-04-20 21:10:49.318000+00:00
2024/04/20, 21:11:49.318,39.707,-71.005,12.27,55.89,52.8,12.45,8.5,8.5,1009.8,1009.6,0.0,0.0,85.13,78.53,313,317,3.7,6.2,100.0,100.0,4.5,4.3,267.4,300.4,1011.9,1011.7,99.39,373.87,382.21,32.1763,7.1193,512.9,59.3,1475.673, NAN, NAN, NAN, NAN,,2024/04/20 21:11:49.318,2024-04-20 21:11:49.318000+00:00
2024/04/20, 21:12:49.318,39.709,-71.001,12.23,56.09,55.35,12.34,8.5,8.6,1009.7,1009.5,0.0,0.0,85.13,78.53,312,317,3.5,6.0,100.0,100.0,4.6,4.3,266.6,299.2,1011.8,1011.6,99.33,373.45,383.96,32.1638,6.9923,467.8,59.3,1475.163, NAN, NAN, NAN, NAN,,2024/04/20 21:12:49.318,2024-04-20 21:12:49.318000+00:00
2024/04/20, 21:13:49.318,39.711,-70.997,12.27,56.25,52.38,12.19,8.5,8.6,1009.6,1009.6,0.0,0.0,85.13,78.53,314,316,3.5,5.7,100.0,100.0,4.4,4.2,265.9,295.4,1011.7,1011.7,101.39,373.6,390.72,32.1566,6.9232,440.9,59.4,1474.884, NAN, NAN, NAN, NAN,,2024/04/20 21:13:49.318,2024-04-20 21:13:49.318000+00:00
2024/04/20, 21:14:49.318,39.713,-70.994,12.08,56.51,53.88,12.28,8.5,8.6,1009.6,1009.5,0.0,0.0,85.13,78.53,312,317,3.4,5.7,100.0,100.0,4.6,4.2,265.6,295.8,1011.7,1011.6,108.47,373.07,406.33,32.1459,6.8793,405.2,59.3,1474.699, NAN, NAN, NAN, NAN,,2024/04/20 21:14:49.318,2024-04-20 21:14:49.318000+00:00
2024/04/20, 21:15:49.318,39.715,-70.99,12.2,55.47,53.39,12.33,8.5,8.6,1009.6,1009.4,0.0,0.0,85.13,78.53,320,320,3.4,5.9,100.0,100.0,4.2,3.9,262.5,298.2,1011.7,1011.5,116.12,371.81,418.25,32.1322,6.8611,404.3,59.2,1474.611, NAN, NAN, NAN, NAN,,2024/04/20 21:15:49.318,2024-04-20 21:15:49.318000+00:00
2024/04/20, 21:16:49.319,39.717,-70.987,12.2,55.65,53.79,12.13,8.5,8.5,1009.6,1009.4,0.0,0.0,85.13,78.53,320,320,3.4,5.8,100.0,100.0,4.1,4.0,264.5,298.8,1011.7,1011.5,111.77,371.61,399.32,32.1166,6.8496,399.2,59.4,1474.546, NAN, NAN, NAN, NAN,,2024/04/20 21:16:49.319,2024-04-20 21:16:49.319000+00:00
2024/04/20, 21:17:49.319,39.719,-70.983,12.17,55.68,53.86,12.14,8.5,8.5,1009.6,1009.4,0.0,0.0,85.13,78.53,319,321,3.3,5.6,100.0,100.0,4.2,3.8,262.7,295.7,1011.7,1011.5,101.89,371.93,370.25,32.1048,6.8543,372.8,59.3,1474.55, NAN, NAN, NAN, NAN,,2024/04/20 21:17:49.319,2024-04-20 21:17:49.319000+00:00
2024/04/20, 21:18:49.319,39.721,-70.98,12.27,55.6,51.22,12.27,8.5,8.5,1009.5,1009.3,0.0,0.0,85.13,78.53,319,322,3.3,5.5,100.0,100.0,4.2,3.6,260.4,292.3,1011.6,1011.4,88.93,372.25,333.58,32.0815,6.8853,387.0,59.4,1474.642, NAN, NAN, NAN, NAN,,2024/04/20 21:18:49.319,2024-04-20 21:18:49.319000+00:00
2024/04/20, 21:19:49.319,39.723,-70.976,12.27,55.45,54.93,12.31,8.5,8.5,1009.4,1009.4,0.0,0.0,85.13,78.53,324,324,3.2,5.5,100.0,100.0,4.1,3.7,261.0,294.6,1011.5,1011.5,75.11,373.0,294.48,32.0649,6.9159,400.9,59.4,1474.741, NAN, NAN, NAN, NAN,,2024/04/20 21:19:49.319,2024-04-20 21:19:49.319000+00:00
2024/04/20, 21:20:49.319,39.725,-70.973,12.24,56.23,51.78,12.19,8.5,8.5,1009.5,1009.4,0.0,0.0,85.13,78.53,325,324,3.2,5.6,100.0,100.0,3.9,3.4,258.4,295.8,1011.6,1011.5,64.28,373.16,260.76,32.0563,6.9526,411.6,59.2,1474.873, NAN, NAN, NAN, NAN,,2024/04/20 21:20:49.319,2024-04-20 21:20:49.319000+00:00
2024/04/20, 21:21:49.319,39.727,-70.969,12.26,55.54,51.67,12.17,8.5,8.5,1009.4,1009.4,0.0,0.0,85.13,78.53,326,325,3.1,5.4,100.0,100.0,4.0,3.4,257.4,292.8,1011.5,1011.5,57.45,373.16,233.14,32.0479,6.987,429.9,59.3,1474.997, NAN, NAN, NAN, NAN,,2024/04/20 21:21:49.319,2024-04-20 21:21:49.319000+00:00
2024/04/20, 21:22:49.319,39.729,-70.966,12.29,55.18,52.99,12.16,8.4,8.5,1009.5,1009.4,0.0,0.0,85.13,78.53,330,326,3.1,5.3,100.0,100.0,3.8,3.4,256.9,292.0,1011.6,1011.5,53.55,373.35,219.33,32.0431,7.0095,408.3,59.3,1475.079, NAN, NAN, NAN, NAN,,2024/04/20 21:22:49.319,2024-04-20 21:22:49.319000+00:00
2024/04/20, 21:23:49.319,39.731,-70.962,12.34,56.23,51.07,12.07,8.4,8.4,1009.5,1009.4,0.0,0.0,85.13,78.53,330,328,3.0,5.1,100.0,100.0,3.8,3.1,255.8,289.2,1011.6,1011.5,50.51,373.52,208.38,32.0388,7.0339,408.3,59.5,1475.169, NAN, NAN, NAN, NAN,,2024/04/20 21:23:49.319,2024-04-20 21:23:49.319000+00:00
2024/04/20, 21:24:49.319,39.733,-70.958,12.25,56.57,56.1,12.35,8.4,8.4,1009.4,1009.4,0.0,0.0,85.13,78.53,335,331,2.8,4.1,100.0,100.0,3.9,3.3,251.6,270.0,1011.5,1011.5,48.85,373.49,201.49,32.0348,7.0434,406.2,59.6,1475.201, NAN, NAN, NAN, NAN,,2024/04/20 21:24:49.319,2024-04-20 21:24:49.319000+00:00
2024/04/20, 21:25:49.319,39.735,-70.955,10.83,56.53,53.52,10.55,8.4,8.4,1009.5,1009.4,0.0,0.0,85.13,78.53,333,330,2.1,3.4,100.0,100.0,3.6,2.9,248.2,267.4,1011.6,1011.5,47.25,373.53,196.0,32.0308,7.0461,398.5,59.7,1475.206, NAN, NAN, NAN, NAN,,2024/04/20 21:25:49.319,2024-04-20 21:25:49.319000+00:00
2024/04/20, 21:26:49.319,39.736,-70.952,9.06,55.55,50.78,9.12,8.3,8.4,1009.4,1009.5,0.0,0.0,85.13,78.53,315,322,1.2,2.8,100.0,100.0,3.9,2.9,244.6,266.5,1011.5,1011.6,43.91,373.86,186.78,32.0282,7.051,415.0,59.8,1475.222, NAN, NAN, NAN, NAN,,2024/04/20 21:26:49.319,2024-04-20 21:26:49.319000+00:00
2024/04/20, 21:27:49.319,39.738,-70.949,10.27,56.05,55.12,10.17,8.3,8.4,1009.4,1009.4,0.0,0.0,85.13,78.53,335,327,1.5,3.3,100.0,100.0,3.9,3.0,244.6,271.4,1011.5,1011.5,42.75,373.82,185.61,32.0265,7.0486,414.0,59.6,1475.211, NAN, NAN, NAN, NAN,,2024/04/20 21:27:49.319,2024-04-20 21:27:49.319000+00:00
2024/04/20, 21:28:49.319,39.74,-70.946,10.82,55.62,53.01,10.79,8.3,8.4,1009.4,1009.4,0.0,0.0,85.13,78.53,336,333,1.5,2.3,100.0,100.0,4.2,3.6,242.3,250.5,1011.5,1011.5,43.58,373.89,188.76,32.0184,7.0559,418.4,59.9,1475.229, NAN, NAN, NAN, NAN,,2024/04/20 21:28:49.319,2024-04-20 21:28:49.319000+00:00
2024/04/20, 21:29:49.319,39.741,-70.943,11.08,55.94,55.08,11.05,8.3,8.3,1009.4,1009.3,0.0,0.0,85.13,78.53,328,328,1.7,3.4,100.0,100.0,4.3,3.2,246.0,266.5,1011.5,1011.4,46.06,373.75,196.62,32.0169,7.0645,416.6,59.8,1475.261, NAN, NAN, NAN, NAN,,2024/04/20 21:29:49.319,2024-04-20 21:29:49.319000+00:00
2024/04/20, 21:30:49.319,39.743,-70.94,11.18,55.62,53.7,11.0,8.3,8.3,1009.4,1009.3,0.0,0.0,85.13,78.53,334,329,1.9,3.8,100.0,100.0,4.0,3.0,245.4,272.7,1011.5,1011.4,50.16,373.21,210.39,32.0154,7.073,416.6,59.9,1475.292, NAN, NAN, NAN, NAN,,2024/04/20 21:30:49.319,2024-04-20 21:30:49.319000+00:00
2024/04/20, 21:31:49.319,39.745,-70.937,11.06,56.35,56.72,10.96,8.3,8.3,1009.4,1009.5,0.0,0.0,85.13,78.53,328,326,2.1,3.8,100.0,100.0,4.0,3.3,252.3,276.7,1011.5,1011.6,54.03,372.66,226.32,32.0146,7.088,426.5,59.9,1475.349, NAN, NAN, NAN, NAN,,2024/04/20 21:31:49.319,2024-04-20 21:31:49.319000+00:00
2024/04/20, 21:32:49.320,39.747,-70.933,11.18,56.37,53.59,11.08,8.3,8.3,1009.4,1009.5,0.0,0.0,85.13,78.53,326,325,2.3,4.7,100.0,100.0,4.0,3.2,253.9,291.1,1011.5,1011.6,56.55,372.65,233.83,32.0143,7.0919,420.0,59.8,1475.364, NAN, NAN, NAN, NAN,,2024/04/20 21:32:49.320,2024-04-20 21:32:49.320000+00:00
2024/04/20, 21:33:49.320,39.748,-70.93,11.18,56.26,58.88,11.11,8.3,8.3,1009.5,1009.4,0.0,0.0,85.13,78.53,316,320,2.2,4.5,100.0,100.0,4.4,3.7,257.7,289.1,1011.6,1011.5,59.92,372.32,245.23,32.0146,7.0957,426.5,59.7,1475.379, NAN, NAN, NAN, NAN,,2024/04/20 21:33:49.320,2024-04-20 21:33:49.320000+00:00
2024/04/20, 21:34:49.320,39.75,-70.927,11.06,56.21,59.33,10.93,8.3,8.3,1009.6,1009.6,0.0,0.0,85.13,78.53,314,318,2.3,4.3,100.0,100.0,4.4,3.8,259.0,286.5,1011.7,1011.7,66.78,372.41,271.51,32.0143,7.1159,417.4,59.5,1475.457, NAN, NAN, NAN, NAN,,2024/04/20 21:34:49.320,2024-04-20 21:34:49.320000+00:00
2024/04/20, 21:35:49.320,39.752,-70.924,11.11,56.08,55.86,10.9,8.3,8.3,1009.7,1009.5,0.0,0.0,85.13,78.53,313,320,2.3,4.7,100.0,100.0,4.3,3.6,257.8,291.9,1011.8,1011.6,77.49,371.95,315.1,32.0146,7.1278,439.6,59.5,1475.504, NAN, NAN, NAN, NAN,,2024/04/20 21:35:49.320,2024-04-20 21:35:49.320000+00:00
2024/04/20, 21:36:49.320,39.754,-70.92,11.11,55.76,55.62,10.81,8.2,8.3,1009.4,1009.5,0.0,0.0,85.13,78.53,315,320,2.0,4.1,100.0,100.0,4.4,3.6,254.9,283.5,1011.5,1011.6,93.02,372.05,377.92,32.015,7.141,457.4,59.6,1475.556, NAN, NAN, NAN, NAN,,2024/04/20 21:36:49.320,2024-04-20 21:36:49.320000+00:00
2024/04/20, 21:37:49.320,39.755,-70.917,11.18,56.08,55.32,10.87,8.2,8.3,1009.4,1009.4,0.0,0.0,85.13,78.53,321,323,2.1,4.0,100.0,100.0,4.2,3.4,254.3,281.0,1011.5,1011.5,109.04,371.95,429.81,32.0159,7.1438,426.5,59.7,1475.568, NAN, NAN, NAN, NAN,,2024/04/20 21:37:49.320,2024-04-20 21:37:49.320000+00:00
2024/04/20, 21:38:49.320,39.757,-70.914,11.08,56.22,58.21,10.66,8.2,8.3,1009.5,1009.4,0.0,0.0,85.13,78.53,318,320,2.0,4.2,100.0,100.0,4.3,3.6,256.3,287.5,1011.6,1011.5,123.38,371.82,486.55,32.0159,7.1573,421.7,59.6,1475.62, NAN, NAN, NAN, NAN,,2024/04/20 21:38:49.320,2024-04-20 21:38:49.320000+00:00
2024/04/20, 21:39:49.320,39.759,-70.911,11.22,55.39,55.86,10.73,8.2,8.3,1009.5,1009.4,0.0,0.0,85.13,78.53,315,321,2.1,4.0,100.0,100.0,4.3,3.6,256.8,282.8,1011.6,1011.5,154.91,371.35,603.85,32.0163,7.1803,436.4,60.0,1475.71, NAN, NAN, NAN, NAN,,2024/04/20 21:39:49.320,2024-04-20 21:39:49.320000+00:00
2024/04/20, 21:40:49.320,39.76,-70.907,11.03,56.46,58.7,10.75,8.3,8.3,1009.4,1009.4,0.0,0.0,85.13,78.53,319,323,2.0,4.3,100.0,100.0,4.3,3.5,256.9,289.5,1011.5,1011.5,180.85,370.14,660.78,32.0162,7.1725,447.6,59.9,1475.68, NAN, NAN, NAN, NAN,,2024/04/20 21:40:49.320,2024-04-20 21:40:49.320000+00:00
2024/04/20, 21:41:49.320,39.762,-70.904,10.73,57.12,58.65,10.72,8.3,8.3,1009.4,1009.3,0.0,0.0,85.13,78.53,319,323,1.7,3.4,100.0,100.0,4.4,3.5,252.1,273.6,1011.5,1011.4,178.07,367.48,639.88,32.0165,7.1768,426.4,59.7,1475.697, NAN, NAN, NAN, NAN,,2024/04/20 21:41:49.320,2024-04-20 21:41:49.320000+00:00
2024/04/20, 21:42:49.320,39.764,-70.901,10.6,55.45,57.75,10.35,8.3,8.3,1009.4,1009.4,0.0,0.0,85.13,78.53,328,326,1.6,3.9,100.0,100.0,4.1,3.1,250.0,284.0,1011.5,1011.5,165.9,362.95,606.37,32.0155,7.1883,435.5,59.7,1475.74, NAN, NAN, NAN, NAN,,2024/04/20 21:42:49.320,2024-04-20 21:42:49.320000+00:00
2024/04/20, 21:43:49.320,39.765,-70.898,10.7,55.66,58.13,10.62,8.3,8.3,1009.4,1009.4,0.0,0.0,85.13,78.53,324,323,1.5,3.4,100.0,100.0,4.3,3.5,248.2,273.2,1011.5,1011.5,147.83,359.65,564.96,32.0143,7.2008,423.0,59.8,1475.787, NAN, NAN, NAN, NAN,,2024/04/20 21:43:49.320,2024-04-20 21:43:49.320000+00:00
2024/04/20, 21:44:49.320,39.767,-70.895,10.67,55.85,54.0,10.39,8.2,8.3,1009.4,1009.4,0.0,0.0,85.13,78.53,332,328,1.6,3.4,100.0,100.0,4.0,3.0,245.6,270.9,1011.5,1011.5,141.98,359.77,550.2,32.0141,7.2055,418.7,59.7,1475.805, NAN, NAN, NAN, NAN,,2024/04/20 21:44:49.320,2024-04-20 21:44:49.320000+00:00
2024/04/20, 21:45:49.320,39.768,-70.892,10.51,56.68,55.31,9.99,8.2,8.2,1009.6,1009.3,0.0,0.0,85.13,78.53,317,323,1.1,2.8,100.0,100.0,4.4,3.4,246.9,267.3,1011.7,1011.4,144.75,362.68,558.53,32.0164,7.2198,411.6,59.6,1475.863, NAN, NAN, NAN, NAN,,2024/04/20 21:45:49.320,2024-04-20 21:45:49.320000+00:00
2024/04/20, 21:46:49.320,39.77,-70.889,10.32,41.45,45.63,9.91,8.2,8.2,1009.4,1009.3,0.0,0.0,85.13,78.53,308,318,2.2,4.1,100.0,100.0,4.3,3.7,250.9,278.3,1011.5,1011.4,145.63,364.32,572.7,32.0146,7.2194,421.1,59.9,1475.86, NAN, NAN, NAN, NAN,,2024/04/20 21:46:49.320,2024-04-20 21:46:49.320000+00:00
2024/04/20, 21:47:49.320,39.772,-70.887,9.99,21.97,29.45,9.86,8.2,8.2,1009.4,1009.3,0.0,0.0,85.13,78.53,306,313,3.5,5.7,100.0,100.0,4.5,4.8,250.3,278.2,1011.5,1011.4,149.74,364.27,606.97,32.0178,7.2153,429.1,59.7,1475.848, NAN, NAN, NAN, NAN,,2024/04/20 21:47:49.320,2024-04-20 21:47:49.320000+00:00
2024/04/20, 21:48:49.321,39.775,-70.886,9.79,1.2,0.22,9.8,8.2,8.2,1009.4,1009.3,0.0,0.0,85.13,78.53,313,316,4.9,7.3,100.0,100.0,4.0,5.1,246.0,273.6,1011.5,1011.4,170.71,361.74,783.86,32.0145,7.2176,431.8,59.4,1475.853, NAN, NAN, NAN, NAN,,2024/04/20 21:48:49.321,2024-04-20 21:48:49.321000+00:00
2024/04/20, 21:49:49.321,39.778,-70.886,10.25,358.53,0.33,10.18,8.2,8.2,1009.4,1009.3,0.0,0.0,85.13,78.53,317,318,5.3,7.8,100.0,100.0,4.0,5.4,248.9,274.5,1011.5,1011.4,230.01,360.89,1092.69,32.0137,7.2179,436.9,59.7,1475.853, NAN, NAN, NAN, NAN,,2024/04/20 21:49:49.321,2024-04-20 21:49:49.321000+00:00
2024/04/20, 21:50:49.321,39.78,-70.886,10.42,0.17,359.19,10.39,8.2,8.2,1009.4,1009.3,0.0,0.0,85.13,78.53,319,320,5.2,7.6,100.0,100.0,3.7,5.0,247.9,275.7,1011.5,1011.4,280.4,366.02,1325.4,32.0132,7.2203,433.1,60.0,1475.861, NAN, NAN, NAN, NAN,,2024/04/20 21:50:49.321,2024-04-20 21:50:49.321000+00:00
2024/04/20, 21:51:49.321,39.783,-70.886,10.51,0.59,359.09,10.41,8.2,8.2,1009.4,1009.2,0.0,0.0,85.13,78.53,319,320,5.2,7.5,100.0,100.0,3.8,4.9,248.3,275.2,1011.5,1011.3,300.65,364.77,1373.03,32.0139,7.2286,419.0,59.6,1475.894, NAN, NAN, NAN, NAN,,2024/04/20 21:51:49.321,2024-04-20 21:51:49.321000+00:00
2024/04/20, 21:52:49.321,39.786,-70.886,10.48,0.65,0.55,10.46,8.1,8.2,1009.4,1009.3,0.0,0.0,85.13,78.53,319,319,4.9,7.2,100.0,100.0,3.8,4.9,244.3,271.4,1011.5,1011.4,287.56,357.78,1320.34,32.0124,7.2309,422.0,59.4,1475.902, NAN, NAN, NAN, NAN,,2024/04/20 21:52:49.321,2024-04-20 21:52:49.321000+00:00
2024/04/20, 21:53:49.321,39.789,-70.886,10.48,0.98,1.54,10.45,8.1,8.2,1009.4,1009.2,0.0,0.0,85.13,78.53,318,319,4.9,7.3,100.0,100.0,3.7,4.8,243.2,272.6,1011.5,1011.3,256.82,346.76,1279.05,32.0131,7.2318,439.6,59.2,1475.906, NAN, NAN, NAN, NAN,,2024/04/20 21:53:49.321,2024-04-20 21:53:49.321000+00:00
2024/04/20, 21:54:49.321,39.792,-70.886,10.52,0.45,357.68,10.31,8.1,8.2,1009.3,1009.3,0.0,0.0,85.13,78.53,317,319,4.8,7.0,100.0,100.0,3.7,4.5,241.3,270.2,1011.4,1011.4,225.01,335.66,1212.19,32.0129,7.2308,426.5,59.2,1475.902, NAN, NAN, NAN, NAN,,2024/04/20 21:54:49.321,2024-04-20 21:54:49.321000+00:00
2024/04/20, 21:55:49.321,39.795,-70.886,10.34,0.62,359.58,10.15,8.1,8.1,1009.2,1009.3,0.0,0.0,85.13,78.53,315,317,4.5,6.8,100.0,100.0,3.7,4.6,237.4,267.6,1011.3,1011.4,204.51,330.38,1157.47,32.012,7.2283,418.4,59.5,1475.891, NAN, NAN, NAN, NAN,,2024/04/20 21:55:49.321,2024-04-20 21:55:49.321000+00:00
2024/04/20, 21:56:49.321,39.798,-70.886,10.29,0.88,0.56,10.21,8.1,8.1,1009.3,1009.4,0.0,0.0,85.13,78.53,315,317,4.6,6.8,100.0,100.0,3.8,4.6,239.4,267.5,1011.4,1011.5,189.87,328.49,1066.96,32.0113,7.2225,411.6,59.5,1475.868, NAN, NAN, NAN, NAN,,2024/04/20 21:56:49.321,2024-04-20 21:56:49.321000+00:00
2024/04/20, 21:57:49.321,39.801,-70.886,10.28,0.76,356.05,10.08,8.1,8.1,1009.3,1009.1,0.0,0.0,85.13,78.53,316,317,4.4,6.6,100.0,100.0,3.6,4.4,236.2,266.1,1011.4,1011.2,183.64,329.05,1034.28,32.0115,7.2192,403.6,59.4,1475.855, NAN, NAN, NAN, NAN,,2024/04/20 21:57:49.321,2024-04-20 21:57:49.321000+00:00
2024/04/20, 21:58:49.321,39.803,-70.885,10.26,359.99,4.59,10.03,8.1,8.1,1009.3,1009.2,0.0,0.0,85.13,78.53,315,317,4.5,6.9,100.0,100.0,3.9,4.9,239.9,268.8,1011.4,1011.3,183.93,327.97,1050.17,32.0106,7.217,416.0,59.7,1475.845, NAN, NAN, NAN, NAN,,2024/04/20 21:58:49.321,2024-04-20 21:58:49.321000+00:00
2024/04/20, 21:59:49.321,39.806,-70.885,10.26,0.32,0.19,10.15,8.1,8.1,1009.3,1009.1,0.0,0.0,85.13,78.53,317,318,4.6,6.8,100.0,100.0,3.8,4.8,241.5,268.4,1011.4,1011.2,180.0,328.69,1019.28,32.0099,7.2165,413.4,59.4,1475.843, NAN, NAN, NAN, NAN,,2024/04/20 21:59:49.321,2024-04-20 21:59:49.321000+00:00
2024/04/20, 22:00:49.321,39.809,-70.885,10.23,0.72,3.09,10.12,8.0,8.0,1009.4,1009.0,0.0,0.0,85.13,78.53,319,320,4.4,6.8,100.0,100.0,3.7,4.7,240.5,270.9,1011.5,1011.1,183.45,326.57,1052.9,32.0097,7.209,419.6,59.7,1475.813, NAN, NAN, NAN, NAN,,2024/04/20 22:00:49.321,2024-04-20 22:00:49.321000+00:00
2024/04/20, 22:01:49.321,39.812,-70.885,10.26,0.3,3.97,10.05,8.0,8.0,1009.3,1009.3,0.0,0.0,85.13,78.53,319,319,4.2,6.6,100.0,100.0,3.5,4.5,236.0,268.0,1011.4,1011.4,183.27,325.51,1080.24,32.0099,7.2076,420.8,59.5,1475.808, NAN, NAN, NAN, NAN,,2024/04/20 22:01:49.321,2024-04-20 22:01:49.321000+00:00
2024/04/20, 22:02:49.321,39.815,-70.885,10.28,1.33,0.5,10.14,8.0,8.0,1009.3,1009.2,0.0,0.0,85.13,78.53,319,319,4.4,7.0,100.0,100.0,3.5,4.6,238.4,272.2,1011.4,1011.3,187.93,323.8,1104.69,32.0087,7.2141,426.0,59.5,1475.832, NAN, NAN, NAN, NAN,,2024/04/20 22:02:49.321,2024-04-20 22:02:49.321000+00:00
2024/04/20, 22:03:49.321,39.817,-70.885,10.29,0.43,2.66,10.18,8.0,8.0,1009.3,1009.1,0.0,0.0,85.13,78.53,319,320,4.6,7.0,100.0,100.0,3.6,4.6,241.3,272.1,1011.4,1011.2,186.66,322.1,1153.01,32.0087,7.2159,423.0,59.7,1475.839, NAN, NAN, NAN, NAN,,2024/04/20 22:03:49.321,2024-04-20 22:03:49.321000+00:00
2024/04/20, 22:04:49.322,39.82,-70.885,10.21,1.06,359.83,9.99,8.0,8.0,1009.3,1009.1,0.0,0.0,85.13,78.53,318,319,4.4,6.6,100.0,100.0,3.5,4.3,238.7,269.0,1011.4,1011.2,193.61,321.93,1205.24,32.0089,7.2092,416.3,59.9,1475.813, NAN, NAN, NAN, NAN,,2024/04/20 22:04:49.322,2024-04-20 22:04:49.322000+00:00
2024/04/20, 22:05:49.322,39.823,-70.885,10.21,0.76,0.24,10.18,8.0,8.0,1009.0,1009.1,0.0,0.0,85.13,78.53,319,319,4.5,6.8,100.0,100.0,3.5,4.5,239.2,269.5,1011.1,1011.2,203.17,322.03,1236.71,32.0085,7.2109,423.5,59.7,1475.819, NAN, NAN, NAN, NAN,,2024/04/20 22:05:49.322,2024-04-20 22:05:49.322000+00:00
2024/04/20, 22:06:49.322,39.826,-70.884,10.22,1.1,1.74,10.08,8.0,8.0,1009.1,1009.1,0.0,0.0,85.13,78.53,317,319,4.3,6.7,100.0,100.0,3.6,4.5,237.0,269.5,1011.2,1011.2,202.94,322.64,1236.57,32.008,7.21,418.4,59.8,1475.815, NAN, NAN, NAN, NAN,,2024/04/20 22:06:49.322,2024-04-20 22:06:49.322000+00:00
2024/04/20, 22:07:49.322,39.829,-70.884,10.21,0.52,5.39,10.15,8.0,8.0,1009.1,1009.1,0.0,0.0,85.13,78.53,317,318,4.3,6.7,100.0,100.0,3.7,4.6,236.2,267.6,1011.2,1011.2,204.08,322.65,1249.88,32.008,7.2166,431.2,59.8,1475.841, NAN, NAN, NAN, NAN,,2024/04/20 22:07:49.322,2024-04-20 22:07:49.322000+00:00
2024/04/20, 22:08:49.322,39.831,-70.884,10.21,0.74,359.46,10.07,8.0,8.1,1009.1,1009.0,0.0,0.0,85.13,78.53,317,318,4.0,6.4,100.0,100.0,3.6,4.3,231.5,265.2,1011.2,1011.1,200.01,322.63,1229.26,32.0085,7.2081,429.4,59.8,1475.808, NAN, NAN, NAN, NAN,,2024/04/20 22:08:49.322,2024-04-20 22:08:49.322000+00:00
2024/04/20, 22:09:49.322,39.834,-70.884,10.22,0.27,5.8,10.1,8.0,8.1,1009.1,1009.0,0.0,0.0,85.13,78.53,318,319,4.2,6.7,100.0,100.0,3.7,4.7,236.4,268.7,1011.2,1011.1,187.67,322.45,1194.27,32.0075,7.1979,423.0,60.0,1475.767, NAN, NAN, NAN, NAN,,2024/04/20 22:09:49.322,2024-04-20 22:09:49.322000+00:00
2024/04/20, 22:10:49.322,39.837,-70.884,10.24,1.77,359.67,10.27,8.0,8.1,1009.1,1009.1,0.0,0.0,85.13,78.53,317,318,4.5,6.9,100.0,100.0,3.6,4.6,238.6,269.9,1011.2,1011.2,180.75,321.4,1127.0,32.0085,7.1932,420.4,59.5,1475.75, NAN, NAN, NAN, NAN,,2024/04/20 22:10:49.322,2024-04-20 22:10:49.322000+00:00
2024/04/20, 22:11:49.322,39.84,-70.884,10.23,359.94,7.24,10.2,8.0,8.1,1009.1,1009.1,0.0,0.0,85.13,78.53,317,318,4.7,7.2,100.0,100.0,4.1,5.3,243.9,271.3,1011.2,1011.2,166.74,319.81,1063.76,32.0084,7.1908,421.7,59.6,1475.741, NAN, NAN, NAN, NAN,,2024/04/20 22:11:49.322,2024-04-20 22:11:49.322000+00:00
2024/04/20, 22:12:49.322,39.843,-70.884,10.21,358.08,3.36,10.02,8.0,8.1,1009.3,1008.9,0.0,0.0,85.13,78.53,316,317,4.6,7.3,100.0,100.0,4.0,5.4,241.3,270.3,1011.4,1011.0,165.15,315.46,1105.0,32.0083,7.1768,418.4,59.6,1475.686, NAN, NAN, NAN, NAN,,2024/04/20 22:12:49.322,2024-04-20 22:12:49.322000+00:00
2024/04/20, 22:13:49.322,39.845,-70.884,10.18,0.54,359.6,10.02,8.1,8.1,1009.0,1009.1,0.0,0.0,85.13,78.53,316,317,4.9,7.3,100.0,100.0,3.8,5.0,244.9,272.7,1011.1,1011.2,162.07,313.64,1110.53,32.0082,7.1577,422.4,59.7,1475.612, NAN, NAN, NAN, NAN,,2024/04/20 22:13:49.322,2024-04-20 22:13:49.322000+00:00
2024/04/20, 22:14:49.322,39.848,-70.883,10.19,359.19,5.29,10.14,8.0,8.1,1009.0,1009.0,0.0,0.0,85.13,78.53,317,318,5.1,7.7,100.0,100.0,4.1,5.6,248.3,274.6,1011.1,1011.1,161.95,311.98,1124.86,32.0082,7.1399,414.0,59.7,1475.543, NAN, NAN, NAN, NAN,,2024/04/20 22:14:49.322,2024-04-20 22:14:49.322000+00:00
2024/04/20, 22:15:49.322,39.851,-70.883,10.26,358.8,3.41,10.12,8.0,8.1,1009.3,1009.0,0.0,0.0,85.13,78.53,317,318,5.1,7.7,100.0,100.0,4.1,5.5,248.0,274.3,1011.4,1011.1,159.43,310.14,1141.59,32.0078,7.1212,414.4,59.5,1475.47, NAN, NAN, NAN, NAN,,2024/04/20 22:15:49.322,2024-04-20 22:15:49.322000+00:00
2024/04/20, 22:16:49.322,39.854,-70.883,10.13,359.34,0.41,9.99,8.0,8.0,1009.1,1009.0,0.0,0.0,85.13,78.53,318,318,5.2,7.8,100.0,100.0,4.0,5.5,250.8,276.3,1011.2,1011.1,162.59,309.11,1142.92,32.0079,7.1024,398.8,59.5,1475.397, NAN, NAN, NAN, NAN,,2024/04/20 22:16:49.322,2024-04-20 22:16:49.322000+00:00
2024/04/20, 22:17:49.322,39.857,-70.883,10.19,0.24,1.97,10.05,8.0,8.0,1009.1,1009.0,0.0,0.0,85.13,78.53,317,318,5.2,7.7,100.0,100.0,3.9,5.3,250.0,276.3,1011.2,1011.1,160.25,308.71,1131.26,32.0083,7.0846,408.0,59.7,1475.328, NAN, NAN, NAN, NAN,,2024/04/20 22:17:49.322,2024-04-20 22:17:49.322000+00:00
2024/04/20, 22:18:49.322,39.859,-70.883,10.23,359.7,357.32,10.19,8.0,8.0,1009.1,1009.1,0.0,0.0,85.13,78.53,318,318,5.4,8.1,100.0,100.0,3.8,5.4,250.8,278.0,1011.2,1011.2,154.41,308.6,1111.23,32.0082,7.0882,393.9,59.8,1475.342, NAN, NAN, NAN, NAN,,2024/04/20 22:18:49.322,2024-04-20 22:18:49.322000+00:00
2024/04/20, 22:19:49.323,39.862,-70.883,10.2,359.65,359.2,10.21,8.0,8.0,1009.0,1009.0,0.0,0.0,85.13,78.53,318,318,5.5,8.0,100.0,100.0,4.0,5.6,253.0,276.8,1011.1,1011.1,150.14,308.75,1082.87,32.0083,7.0984,396.1,59.7,1475.382, NAN, NAN, NAN, NAN,,2024/04/20 22:19:49.323,2024-04-20 22:19:49.323000+00:00
2024/04/20, 22:20:49.323,39.865,-70.883,10.14,359.73,359.2,10.11,8.0,8.0,1009.2,1009.0,0.0,0.0,85.13,78.53,317,318,5.7,8.0,100.0,100.0,3.9,5.3,254.6,277.8,1011.3,1011.1,146.99,307.99,1092.23,32.0094,7.1018,404.6,59.8,1475.396, NAN, NAN, NAN, NAN,,2024/04/20 22:20:49.323,2024-04-20 22:20:49.323000+00:00
2024/04/20, 22:21:49.323,39.868,-70.883,10.14,358.75,359.92,10.12,8.0,8.0,1009.1,1009.1,0.0,0.0,85.13,78.53,316,317,5.6,8.3,100.0,100.0,4.2,5.9,252.6,277.3,1011.2,1011.2,142.61,308.03,1110.04,32.0084,7.093,395.8,59.6,1475.361, NAN, NAN, NAN, NAN,,2024/04/20 22:21:49.323,2024-04-20 22:21:49.323000+00:00
2024/04/20, 22:22:49.323,39.871,-70.883,10.15,0.31,1.21,10.13,8.0,8.1,1009.1,1009.0,0.0,0.0,85.13,78.53,314,316,5.5,7.9,100.0,100.0,4.3,5.6,251.5,275.2,1011.2,1011.1,148.12,307.92,1112.12,32.0095,7.0865,406.5,59.8,1475.337, NAN, NAN, NAN, NAN,,2024/04/20 22:22:49.323,2024-04-20 22:22:49.323000+00:00
2024/04/20, 22:23:49.323,39.874,-70.883,10.19,358.93,359.45,10.15,8.0,8.1,1009.1,1009.0,0.0,0.0,85.13,78.53,312,314,5.3,7.5,100.0,100.0,4.4,5.5,246.5,268.9,1011.2,1011.1,147.35,307.74,1101.59,32.0091,7.0735,407.3,59.8,1475.286, NAN, NAN, NAN, NAN,,2024/04/20 22:23:49.323,2024-04-20 22:23:49.323000+00:00
2024/04/20, 22:24:49.323,39.876,-70.883,10.17,358.63,1.81,10.16,8.1,8.1,1009.1,1008.9,0.0,0.0,85.13,78.53,311,314,5.3,7.7,100.0,100.0,4.6,5.8,246.3,269.9,1011.2,1011.0,142.7,307.71,1090.5,32.01,7.0492,405.6,60.0,1475.192, NAN, NAN, NAN, NAN,,2024/04/20 22:24:49.323,2024-04-20 22:24:49.323000+00:00
2024/04/20, 22:25:49.323,39.879,-70.883,10.16,359.5,0.04,10.17,8.1,8.1,1009.1,1008.9,0.0,0.0,85.13,78.53,311,314,5.4,7.7,100.0,100.0,4.4,5.6,247.2,270.8,1011.2,1011.0,141.34,307.42,1065.31,32.0089,7.0336,402.8,59.9,1475.13, NAN, NAN, NAN, NAN,,2024/04/20 22:25:49.323,2024-04-20 22:25:49.323000+00:00
2024/04/20, 22:26:49.323,39.882,-70.883,10.15,359.9,357.36,10.18,8.1,8.1,1009.1,1009.0,0.0,0.0,85.13,78.53,310,314,5.4,7.9,100.0,100.0,4.5,5.7,246.7,272.5,1011.2,1011.1,137.17,307.41,1054.31,32.0118,7.0109,404.3,60.1,1475.045, NAN, NAN, NAN, NAN,,2024/04/20 22:26:49.323,2024-04-20 22:26:49.323000+00:00
2024/04/20, 22:27:49.323,39.885,-70.883,10.08,359.79,1.19,10.36,8.1,8.1,1009.1,1009.2,0.0,0.0,85.13,78.53,311,313,5.8,8.0,100.0,100.0,4.6,5.8,250.5,271.1,1011.2,1011.3,136.92,307.65,881.44,32.0139,6.9824,381.1,60.2,1474.937, NAN, NAN, NAN, NAN,,2024/04/20 22:27:49.323,2024-04-20 22:27:49.323000+00:00
2024/04/20, 22:28:49.323,39.888,-70.882,10.06,358.39,359.34,10.09,8.1,8.1,1009.2,1009.0,0.0,0.0,85.13,78.53,310,314,5.9,8.2,100.0,100.0,4.9,6.1,252.1,273.2,1011.3,1011.1,129.28,307.56,628.85,32.0156,6.9529,404.3,60.1,1474.824, NAN, NAN, NAN, NAN,,2024/04/20 22:28:49.323,2024-04-20 22:28:49.323000+00:00
2024/04/20, 22:29:49.323,39.89,-70.882,10.06,357.64,358.24,9.97,8.1,8.1,1009.1,1009.1,0.0,0.0,85.13,78.53,311,314,6.2,8.8,100.0,100.0,4.9,6.5,255.1,276.4,1011.2,1011.2,125.97,307.1,502.33,32.0176,6.9177,390.2,59.8,1474.689, NAN, NAN, NAN, NAN,,2024/04/20 22:29:49.323,2024-04-20 22:29:49.323000+00:00
2024/04/20, 22:30:49.323,39.893,-70.882,10.11,358.47,358.7,10.03,8.1,8.0,1009.3,1009.1,0.0,0.0,85.13,78.53,312,314,6.2,8.9,100.0,100.0,4.9,6.7,256.6,277.4,1011.4,1011.2,119.39,306.88,776.27,32.0199,6.8847,379.3,59.7,1474.563, NAN, NAN, NAN, NAN,,2024/04/20 22:30:49.323,2024-04-20 22:30:49.323000+00:00
2024/04/20, 22:31:49.323,39.896,-70.882,10.13,358.04,355.72,10.09,8.0,8.0,1009.2,1009.1,0.0,0.0,85.13,78.53,313,315,6.5,9.2,100.0,100.0,4.8,6.6,259.0,279.5,1011.3,1011.2,115.6,306.28,380.52,32.0205,6.8651,372.9,59.6,1474.487, NAN, NAN, NAN, NAN,,2024/04/20 22:31:49.323,2024-04-20 22:31:49.323000+00:00
2024/04/20, 22:32:49.323,39.899,-70.882,10.07,358.15,3.36,9.96,8.0,8.0,1009.3,1009.3,0.0,0.0,85.13,78.53,314,315,6.6,9.2,100.0,100.0,5.0,6.9,262.1,279.8,1011.4,1011.4,115.88,306.39,384.55,32.0223,6.8541,381.4,59.5,1474.446, NAN, NAN, NAN, NAN,,2024/04/20 22:32:49.323,2024-04-20 22:32:49.323000+00:00
2024/04/20, 22:33:49.323,39.902,-70.882,10.01,358.47,4.96,10.11,8.0,8.0,1009.3,1009.3,0.0,0.0,85.13,78.53,314,316,6.8,9.6,100.0,100.0,5.2,7.2,263.4,282.3,1011.4,1011.4,109.63,306.16,386.84,32.025,6.8525,376.0,59.1,1474.443, NAN, NAN, NAN, NAN,,2024/04/20 22:33:49.323,2024-04-20 22:33:49.323000+00:00
2024/04/20, 22:34:49.323,39.904,-70.882,10.07,359.13,1.57,10.12,8.0,8.0,1009.3,1009.3,0.0,0.0,85.13,78.53,316,316,6.9,9.6,100.0,100.0,4.8,6.9,266.3,283.4,1011.4,1011.4,102.73,306.32,453.78,32.0261,6.8516,381.4,58.8,1474.441, NAN, NAN, NAN, NAN,,2024/04/20 22:34:49.323,2024-04-20 22:34:49.323000+00:00
2024/04/20, 22:35:49.324,39.907,-70.882,10.04,357.32,2.67,10.21,8.0,8.0,1009.3,1009.2,0.0,0.0,85.13,78.53,317,318,7.1,9.9,100.0,100.0,5.3,7.4,267.0,284.0,1011.4,1011.3,75.1,308.06,418.19,32.0279,6.8472,385.1,59.0,1474.426, NAN, NAN, NAN, NAN,,2024/04/20 22:35:49.324,2024-04-20 22:35:49.324000+00:00
2024/04/20, 22:36:49.324,39.91,-70.882,10.03,358.72,357.56,10.16,8.0,8.0,1009.4,1009.4,0.0,0.0,85.13,78.53,317,317,7.1,9.9,100.0,100.0,4.9,7.1,268.4,285.2,1011.5,1011.5,70.68,311.54,397.91,32.0294,6.8462,379.3,59.1,1474.424, NAN, NAN, NAN, NAN,,2024/04/20 22:36:49.324,2024-04-20 22:36:49.324000+00:00
2024/04/20, 22:37:49.324,39.913,-70.882,10.04,357.89,0.41,10.13,8.0,8.0,1009.3,1009.3,0.0,0.0,85.13,78.53,317,317,7.2,10.0,100.0,100.0,5.1,7.3,268.6,284.7,1011.4,1011.4,68.97,314.24,388.5,32.03,6.8475,368.4,59.2,1474.43, NAN, NAN, NAN, NAN,,2024/04/20 22:37:49.324,2024-04-20 22:37:49.324000+00:00
2024/04/20, 22:38:49.324,39.916,-70.882,10.03,358.32,0.8,10.18,8.0,8.0,1009.4,1009.3,0.0,0.0,85.13,78.53,317,317,7.2,9.8,100.0,100.0,5.2,7.2,268.8,284.0,1011.5,1011.4,74.62,315.11,388.8,32.0324,6.8497,383.0,59.2,1474.441, NAN, NAN, NAN, NAN,,2024/04/20 22:38:49.324,2024-04-20 22:38:49.324000+00:00
2024/04/20, 22:39:49.324,39.918,-70.882,10.03,357.4,2.13,10.2,7.9,7.9,1009.4,1009.3,0.0,0.0,85.13,78.53,317,317,6.9,9.8,100.0,100.0,5.0,7.3,265.3,282.8,1011.5,1011.4,69.02,317.31,365.92,32.0339,6.8446,370.0,59.0,1474.423, NAN, NAN, NAN, NAN,,2024/04/20 22:39:49.324,2024-04-20 22:39:49.324000+00:00
2024/04/20, 22:40:49.324,39.921,-70.882,10.07,358.21,357.17,10.31,7.9,7.9,1009.4,1009.1,0.0,0.0,85.13,78.53,317,317,7.2,10.0,100.0,100.0,5.0,7.2,267.8,284.4,1011.5,1011.2,65.58,321.84,339.09,32.037,6.8437,383.0,59.3,1474.424, NAN, NAN, NAN, NAN,,2024/04/20 22:40:49.324,2024-04-20 22:40:49.324000+00:00
2024/04/20, 22:41:49.324,39.924,-70.882,10.1,358.03,5.82,10.13,7.9,7.9,1009.3,1009.3,0.0,0.0,85.13,78.53,318,318,7.1,9.9,100.0,100.0,5.2,7.4,269.0,285.1,1011.4,1011.4,58.52,326.26,297.84,32.0388,6.8408,383.6,59.1,1474.414, NAN, NAN, NAN, NAN,,2024/04/20 22:41:49.324,2024-04-20 22:41:49.324000+00:00
2024/04/20, 22:42:49.324,39.927,-70.882,10.09,358.61,359.28,10.22,7.9,7.9,1009.3,1009.3,0.0,0.0,85.13,78.53,318,318,7.4,10.3,100.0,100.0,5.0,7.3,271.4,287.8,1011.4,1011.4,51.28,337.88,242.02,32.0411,6.8167,379.3,59.1,1474.323, NAN, NAN, NAN, NAN,,2024/04/20 22:42:49.324,2024-04-20 22:42:49.324000+00:00
2024/04/20, 22:43:49.324,39.93,-70.882,10.02,357.07,359.46,10.29,7.9,7.9,1009.3,1009.1,0.0,0.0,85.13,78.53,320,319,7.9,10.6,100.0,100.0,5.4,7.7,275.3,287.7,1011.4,1011.2,45.99,346.42,206.78,32.045,6.8111,383.6,59.0,1474.306, NAN, NAN, NAN, NAN,,2024/04/20 22:43:49.324,2024-04-20 22:43:49.324000+00:00
2024/04/20, 22:44:49.324,39.933,-70.882,10.03,357.52,359.95,10.3,7.9,8.0,1009.4,1009.3,0.0,0.0,85.13,78.53,320,319,7.9,10.9,100.0,100.0,5.3,7.9,275.8,289.4,1011.5,1011.4,41.62,351.36,183.19,32.0466,6.8156,386.7,58.9,1474.326, NAN, NAN, NAN, NAN,,2024/04/20 22:44:49.324,2024-04-20 22:44:49.324000+00:00
2024/04/20, 22:45:49.324,39.935,-70.882,10.02,357.68,358.67,10.09,7.9,8.0,1009.3,1009.1,0.0,0.0,85.13,78.53,323,321,8.5,11.3,100.0,100.0,5.5,8.1,284.5,293.9,1011.4,1011.2,37.57,354.38,167.1,32.0516,6.8035,380.8,58.9,1474.284, NAN, NAN, NAN, NAN,,2024/04/20 22:45:49.324,2024-04-20 22:45:49.324000+00:00
2024/04/20, 22:46:49.324,39.938,-70.882,9.97,356.8,6.4,10.24,7.9,8.0,1009.3,1009.3,0.0,0.0,85.13,78.53,319,318,9.1,11.8,100.0,100.0,6.8,9.3,280.8,289.3,1011.4,1011.4,34.83,360.28,150.33,32.0622,6.8011,378.4,58.8,1474.288, NAN, NAN, NAN, NAN,,2024/04/20 22:46:49.324,2024-04-20 22:46:49.324000+00:00
2024/04/20, 22:47:49.324,39.941,-70.882,9.84,357.11,358.38,10.02,7.9,8.0,1009.4,1009.1,0.0,0.0,85.13,78.53,317,317,9.0,11.9,100.0,100.0,6.5,9.0,279.9,290.3,1011.5,1011.2,32.21,363.62,139.48,32.0725,6.8132,361.4,58.9,1474.349, NAN, NAN, NAN, NAN,,2024/04/20 22:47:49.324,2024-04-20 22:47:49.324000+00:00
2024/04/20, 22:48:49.324,39.944,-70.882,9.86,356.72,0.83,10.2,8.0,8.0,1009.3,1009.3,0.0,0.0,85.13,78.53,318,318,9.3,12.2,100.0,100.0,6.8,9.3,281.1,291.0,1011.4,1011.4,29.37,364.31,130.77,32.0853,6.8297,374.7,58.7,1474.429, NAN, NAN, NAN, NAN,,2024/04/20 22:48:49.324,2024-04-20 22:48:49.324000+00:00
2024/04/20, 22:49:49.324,39.947,-70.882,9.92,355.34,359.79,10.11,8.0,8.0,1009.4,1009.3,0.0,0.0,85.13,78.53,321,319,9.1,11.5,100.0,100.0,6.4,8.7,282.4,289.1,1011.5,1011.4,29.96,363.59,127.8,32.1034,6.8407,362.0,59.0,1474.495, NAN, NAN, NAN, NAN,,2024/04/20 22:49:49.324,2024-04-20 22:49:49.324000+00:00
2024/04/20, 22:50:49.325,39.95,-70.882,9.87,356.13,2.34,10.13,8.0,8.0,1009.3,1009.3,0.0,0.0,85.13,78.53,321,319,8.6,11.5,100.0,100.0,6.0,8.7,280.5,289.8,1011.4,1011.4,29.38,364.56,127.29,32.1141,6.8416,360.8,59.2,1474.512, NAN, NAN, NAN, NAN,,2024/04/20 22:50:49.325,2024-04-20 22:50:49.325000+00:00
2024/04/20, 22:51:49.325,39.952,-70.882,9.91,356.23,357.0,10.09,8.0,8.0,1009.4,1009.3,0.0,0.0,85.13,78.53,317,315,9.8,12.3,100.0,100.0,7.2,9.6,282.2,287.7,1011.5,1011.4,27.87,365.73,122.26,32.1228,6.8435,393.1,59.1,1474.53, NAN, NAN, NAN, NAN,,2024/04/20 22:51:49.325,2024-04-20 22:51:49.325000+00:00
2024/04/20, 22:52:49.325,39.955,-70.882,9.92,356.32,358.6,10.13,8.0,8.0,1009.4,1009.2,0.0,0.0,85.13,78.53,318,317,9.6,12.2,100.0,100.0,6.9,9.3,282.5,289.8,1011.5,1011.3,27.99,365.7,120.05,32.1296,6.841,398.2,59.5,1474.529, NAN, NAN, NAN, NAN,,2024/04/20 22:52:49.325,2024-04-20 22:52:49.325000+00:00
2024/04/20, 22:53:49.325,39.958,-70.882,9.87,353.87,357.65,9.91,8.0,7.9,1009.5,1009.4,0.0,0.0,85.13,78.53,323,321,8.8,11.5,100.0,100.0,5.9,8.5,283.0,290.9,1011.6,1011.5,26.13,364.29,116.39,32.1369,6.8443,391.8,59.5,1474.551, NAN, NAN, NAN, NAN,,2024/04/20 22:53:49.325,2024-04-20 22:53:49.325000+00:00
2024/04/20, 22:54:49.325,39.961,-70.882,9.81,352.39,356.39,9.89,7.9,7.9,1009.4,1009.4,0.0,0.0,85.13,78.53,320,319,8.9,11.6,100.0,100.0,6.4,8.8,278.3,287.1,1011.5,1011.5,24.07,366.07,109.4,32.1407,6.855,400.1,59.4,1474.598, NAN, NAN, NAN, NAN,,2024/04/20 22:54:49.325,2024-04-20 22:54:49.325000+00:00
2024/04/20, 22:55:49.325,39.964,-70.882,9.89,351.77,358.14,10.01,7.9,7.9,1009.4,1009.2,0.0,0.0,85.13,78.53,320,319,9.2,11.7,100.0,100.0,6.7,9.0,278.5,286.1,1011.5,1011.3,24.77,364.22,109.9,32.1431,6.8643,412.6,59.2,1474.637, NAN, NAN, NAN, NAN,,2024/04/20 22:55:49.325,2024-04-20 22:55:49.325000+00:00
2024/04/20, 22:56:49.325,39.966,-70.883,9.83,351.5,354.49,9.92,7.8,7.8,1009.4,1009.3,0.0,0.0,85.13,78.53,321,319,8.7,11.5,100.0,100.0,6.1,8.7,277.5,285.9,1011.5,1011.4,21.34,366.54,97.97,32.1488,6.8904,406.5,59.6,1474.746, NAN, NAN, NAN, NAN,,2024/04/20 22:56:49.325,2024-04-20 22:56:49.325000+00:00
2024/04/20, 22:57:49.325,39.969,-70.883,9.9,349.74,355.31,10.05,7.8,7.8,1009.4,1009.4,0.0,0.0,85.13,78.53,323,321,8.6,11.3,100.0,100.0,5.9,8.4,276.8,285.4,1011.5,1011.5,21.0,365.49,95.49,32.1527,6.898,406.7,60.0,1474.781, NAN, NAN, NAN, NAN,,2024/04/20 22:57:49.325,2024-04-20 22:57:49.325000+00:00
2024/04/20, 22:58:49.325,39.972,-70.883,9.74,347.92,350.96,9.87,7.8,7.9,1009.4,1009.4,0.0,0.0,85.13,78.53,323,321,8.4,11.2,100.0,100.0,5.7,8.3,274.8,284.0,1011.5,1011.5,19.23,367.15,89.93,32.1589,6.8917,410.4,59.9,1474.764, NAN, NAN, NAN, NAN,,2024/04/20 22:58:49.325,2024-04-20 22:58:49.325000+00:00
2024/04/20, 22:59:49.325,39.975,-70.884,9.81,348.52,355.43,9.92,7.8,7.9,1009.4,1009.3,0.0,0.0,85.13,78.53,327,324,8.5,11.0,100.0,100.0,5.5,8.0,280.3,287.3,1011.5,1011.4,18.14,366.67,85.81,32.163,6.8861,402.5,59.7,1474.747, NAN, NAN, NAN, NAN,,2024/04/20 22:59:49.325,2024-04-20 22:59:49.325000+00:00
2024/04/20, 23:00:49.325,39.977,-70.884,9.81,347.29,353.21,10.02,7.8,7.9,1009.3,1009.3,0.0,0.0,85.13,78.53,322,320,9.2,12.2,100.0,100.0,6.6,9.4,276.2,284.0,1011.4,1011.4,17.5,366.19,83.28,32.1643,6.9003,392.4,59.8,1474.804, NAN, NAN, NAN, NAN,,2024/04/20 23:00:49.325,2024-04-20 23:00:49.325000+00:00
2024/04/20, 23:01:49.325,39.98,-70.885,9.5,357.14,0.98,9.57,7.8,7.9,1009.5,1009.3,0.0,0.0,85.13,78.53,319,318,7.7,10.8,100.0,100.0,5.4,8.1,276.7,289.7,1011.6,1011.4,15.77,366.68,79.28,32.1662,6.9381,392.8,59.9,1474.954, NAN, NAN, NAN, NAN,,2024/04/20 23:01:49.325,2024-04-20 23:01:49.325000+00:00
2024/04/20, 23:02:49.325,39.983,-70.884,9.62,358.34,2.6,9.86,7.9,7.9,1009.4,1009.3,0.0,0.0,85.13,78.53,320,319,8.3,11.2,100.0,100.0,5.9,8.4,281.2,292.1,1011.5,1011.4,16.47,364.74,80.91,32.1687,6.9877,391.8,59.9,1475.151, NAN, NAN, NAN, NAN,,2024/04/20 23:02:49.325,2024-04-20 23:02:49.325000+00:00
2024/04/20, 23:03:49.325,39.985,-70.884,9.69,355.54,3.05,9.9,7.8,7.8,1009.4,1009.3,0.0,0.0,85.13,78.53,319,318,9.2,12.1,100.0,100.0,6.8,9.4,281.6,290.1,1011.5,1011.4,16.35,359.33,81.81,32.1763,7.0117,375.2,60.0,1475.254, NAN, NAN, NAN, NAN,,2024/04/20 23:03:49.325,2024-04-20 23:03:49.325000+00:00
2024/04/20, 23:04:49.325,39.988,-70.884,9.75,355.17,355.55,9.91,7.8,7.8,1009.6,1009.3,0.0,0.0,85.13,78.53,316,317,8.7,11.6,100.0,100.0,6.4,8.8,275.7,287.8,1011.7,1011.4,12.36,367.36,64.44,32.1807,7.0338,400.6,59.9,1475.346, NAN, NAN, NAN, NAN,,2024/04/20 23:04:49.325,2024-04-20 23:04:49.325000+00:00
2024/04/20, 23:05:49.325,39.991,-70.884,10.01,355.47,356.98,10.0,7.8,7.7,1009.3,1009.4,0.0,0.0,85.13,78.53,321,319,8.9,11.7,100.0,100.0,6.1,8.8,282.4,290.4,1011.4,1011.5,11.36,364.95,63.38,32.1811,7.0457,423.8,59.5,1475.392, NAN, NAN, NAN, NAN,,2024/04/20 23:05:49.325,2024-04-20 23:05:49.325000+00:00
2024/04/20, 23:06:49.326,39.994,-70.885,9.76,354.45,359.08,9.97,7.7,7.7,1009.4,1009.3,0.0,0.0,85.13,78.53,320,319,9.0,12.0,100.0,100.0,6.5,9.2,280.4,289.8,1011.5,1011.4,10.6,366.27,58.6,32.1812,7.0564,433.9,59.9,1475.434, NAN, NAN, NAN, NAN,,2024/04/20 23:06:49.326,2024-04-20 23:06:49.326000+00:00
2024/04/20, 23:07:49.326,39.997,-70.885,9.75,355.4,356.83,9.97,7.7,7.7,1009.6,1009.4,0.0,0.0,85.13,78.53,322,320,8.8,11.8,100.0,100.0,5.9,8.8,283.2,292.0,1011.7,1011.5,9.39,368.34,52.18,32.1829,7.0693,421.4,59.9,1475.487, NAN, NAN, NAN, NAN,,2024/04/20 23:07:49.326,2024-04-20 23:07:49.326000+00:00
2024/04/20, 23:08:49.326,39.999,-70.885,9.8,355.56,354.68,10.04,7.7,7.7,1009.5,1009.4,0.0,0.0,85.13,78.53,325,322,8.6,11.6,100.0,100.0,5.4,8.3,286.1,294.4,1011.6,1011.5,8.96,367.28,51.23,32.1846,7.0794,429.1,59.8,1475.528, NAN, NAN, NAN, NAN,,2024/04/20 23:08:49.326,2024-04-20 23:08:49.326000+00:00
2024/04/20, 23:09:49.326,40.002,-70.885,9.91,354.95,356.37,10.06,7.6,7.7,1009.5,1009.4,0.0,0.0,85.13,78.53,321,320,8.5,11.4,100.0,100.0,5.8,8.4,279.3,290.1,1011.6,1011.5,7.78,367.92,46.9,32.1855,7.0609,420.8,59.8,1475.457, NAN, NAN, NAN, NAN,,2024/04/20 23:09:49.326,2024-04-20 23:09:49.326000+00:00
2024/04/20, 23:10:49.326,40.005,-70.885,9.85,355.83,359.38,10.08,7.6,7.7,1009.6,1009.1,0.0,0.0,85.13,78.53,319,318,8.9,11.8,100.0,100.0,6.5,9.2,279.6,289.1,1011.7,1011.2,6.4,368.75,42.94,32.1841,7.0305,429.4,59.7,1475.337, NAN, NAN, NAN, NAN,,2024/04/20 23:10:49.326,2024-04-20 23:10:49.326000+00:00
2024/04/20, 23:11:49.326,40.008,-70.885,9.84,357.3,1.34,10.17,7.6,7.7,1009.6,1009.4,0.0,0.0,85.13,78.53,324,320,9.1,12.3,100.0,100.0,6.0,9.2,288.1,294.5,1011.7,1011.5,5.98,366.2,41.76,32.1813,7.0069,452.3,59.5,1475.242, NAN, NAN, NAN, NAN,,2024/04/20 23:11:49.326,2024-04-20 23:11:49.326000+00:00
2024/04/20, 23:12:49.326,40.011,-70.885,9.72,356.26,1.72,9.95,7.7,7.7,1009.6,1009.5,0.0,0.0,85.13,78.53,329,325,8.7,11.2,100.0,100.0,5.4,7.9,292.2,297.2,1011.7,1011.6,5.76,366.75,39.53,32.1777,6.9943,454.7,59.3,1475.188, NAN, NAN, NAN, NAN,,2024/04/20 23:12:49.326,2024-04-20 23:12:49.326000+00:00
2024/04/20, 23:13:49.326,40.013,-70.885,9.7,355.3,3.34,10.15,7.7,7.6,1009.6,1009.4,0.0,0.0,85.13,78.53,328,326,8.6,11.1,100.0,100.0,5.6,7.9,287.6,295.9,1011.7,1011.5,4.8,366.5,36.1,32.1746,6.9998,460.8,59.4,1475.205, NAN, NAN, NAN, NAN,,2024/04/20 23:13:49.326,2024-04-20 23:13:49.326000+00:00
2024/04/20, 23:14:49.326,40.016,-70.885,9.79,356.97,0.25,10.05,7.6,7.6,1009.6,1009.4,0.0,0.0,85.13,78.53,325,323,8.4,11.2,100.0,100.0,5.6,8.2,285.0,294.5,1011.7,1011.5,4.1,365.77,35.04,32.1719,7.0553,474.8,59.3,1475.418, NAN, NAN, NAN, NAN,,2024/04/20 23:14:49.326,2024-04-20 23:14:49.326000+00:00
2024/04/20, 23:15:49.326,40.019,-70.885,9.82,356.63,2.23,9.94,7.6,7.5,1009.5,1009.3,0.0,0.0,85.13,78.53,326,323,9.0,11.9,100.0,100.0,6.0,8.8,290.0,296.7,1011.6,1011.4,4.01,361.33,34.15,32.1697,7.0604,501.7,59.3,1475.435, NAN, NAN, NAN, NAN,,2024/04/20 23:15:49.326,2024-04-20 23:15:49.326000+00:00
2024/04/20, 23:16:49.326,40.022,-70.885,9.85,357.14,357.59,10.13,7.5,7.5,1009.4,1009.4,0.0,0.0,85.13,78.53,325,323,9.1,12.0,100.0,100.0,5.9,8.7,289.5,297.5,1011.5,1011.5,3.25,362.91,31.75,32.1684,7.0469,516.0,59.3,1475.381, NAN, NAN, NAN, NAN,,2024/04/20 23:16:49.326,2024-04-20 23:16:49.326000+00:00
2024/04/20, 23:17:49.326,40.024,-70.885,9.83,357.49,2.1,10.05,7.4,7.4,1009.5,1009.4,0.0,0.0,85.13,78.53,324,321,8.9,11.8,100.0,100.0,5.7,8.6,288.2,295.4,1011.6,1011.5,3.09,359.09,31.61,32.1648,7.0774,502.2,59.4,1475.495, NAN, NAN, NAN, NAN,,2024/04/20 23:17:49.326,2024-04-20 23:17:49.326000+00:00
2024/04/20, 23:18:49.326,40.027,-70.885,9.89,357.13,359.97,9.96,7.4,7.4,1009.4,1009.4,0.0,0.0,85.13,78.53,321,319,9.1,11.9,100.0,100.0,6.3,9.0,285.2,292.7,1011.5,1011.5,2.05,361.79,27.24,32.153,7.1289,488.9,59.5,1475.681, NAN, NAN, NAN, NAN,,2024/04/20 23:18:49.326,2024-04-20 23:18:49.326000+00:00
2024/04/20, 23:19:49.326,40.03,-70.885,9.91,357.06,2.83,10.19,7.3,7.3,1009.5,1009.4,0.0,0.0,85.13,78.53,322,321,8.3,11.0,100.0,100.0,5.7,8.0,280.5,291.5,1011.6,1011.5,1.34,363.24,25.02,32.1448,7.2352,484.9,59.5,1476.083, NAN, NAN, NAN, NAN,,2024/04/20 23:19:49.326,2024-04-20 23:19:49.326000+00:00
2024/04/20, 23:20:49.326,40.033,-70.885,9.97,356.69,359.06,10.15,7.3,7.3,1009.6,1009.3,0.0,0.0,85.13,78.53,321,320,8.0,10.9,100.0,100.0,5.4,7.9,277.4,290.0,1011.7,1011.4,0.92,363.53,23.25,32.1378,7.2782,499.8,59.5,1476.241, NAN, NAN, NAN, NAN,,2024/04/20 23:20:49.326,2024-04-20 23:20:49.326000+00:00
2024/04/20, 23:21:49.327,40.036,-70.885,9.92,356.19,359.87,10.08,7.3,7.3,1009.6,1009.0,0.0,0.0,85.13,78.53,319,318,8.3,11.1,100.0,100.0,6.1,8.6,276.7,287.4,1011.7,1011.1,0.63,361.85,21.81,32.1333,7.3169,524.3,59.3,1476.385, NAN, NAN, NAN, NAN,,2024/04/20 23:21:49.327,2024-04-20 23:21:49.327000+00:00
2024/04/20, 23:22:49.327,40.038,-70.885,9.91,356.19,1.17,9.98,7.3,7.3,1009.5,1009.3,0.0,0.0,85.13,78.53,323,321,8.1,10.6,100.0,100.0,5.4,7.7,280.7,290.1,1011.6,1011.4,-0.08,363.34,19.4,32.1345,7.3332,522.4,59.4,1476.45, NAN, NAN, NAN, NAN,,2024/04/20 23:22:49.327,2024-04-20 23:22:49.327000+00:00
2024/04/20, 23:23:49.327,40.041,-70.885,9.86,357.02,0.05,10.21,7.3,7.3,1009.5,1009.3,1.7,0.1,85.16,78.53,330,327,7.3,9.4,100.0,100.0,4.0,6.0,282.6,293.3,1011.6,1011.4,-0.53,363.46,17.15,32.1377,7.3065,531.0,59.5,1476.351, NAN, NAN, NAN, NAN,,2024/04/20 23:23:49.327,2024-04-20 23:23:49.327000+00:00
2024/04/20, 23:24:49.327,40.044,-70.885,9.89,357.1,356.97,9.99,7.3,7.3,1009.4,1009.3,0.0,0.0,85.16,78.53,328,324,8.0,10.6,100.0,100.0,4.7,7.2,287.8,295.5,1011.5,1011.4,-0.79,358.1,16.54,32.1407,7.2786,523.3,59.5,1476.246, NAN, NAN, NAN, NAN,,2024/04/20 23:24:49.327,2024-04-20 23:24:49.327000+00:00
2024/04/20, 23:25:49.327,40.047,-70.885,9.91,356.64,1.87,10.13,7.2,7.2,1009.4,1009.3,2.2,0.0,85.19,78.53,325,322,8.1,11.0,100.0,100.0,5.2,7.9,282.7,292.7,1011.5,1011.4,-1.06,359.69,15.28,32.1326,7.2845,522.7,59.3,1476.259, NAN, NAN, NAN, NAN,,2024/04/20 23:25:49.327,2024-04-20 23:25:49.327000+00:00
2024/04/20, 23:26:49.327,40.05,-70.885,9.83,357.52,357.17,9.93,7.1,7.1,1009.6,1009.4,0.0,0.0,85.19,78.53,325,323,7.6,10.2,100.0,100.0,4.6,6.9,281.8,293.7,1011.7,1011.5,-1.64,359.9,13.61,32.118,7.283,535.8,59.3,1476.235, NAN, NAN, NAN, NAN,,2024/04/20 23:26:49.327,2024-04-20 23:26:49.327000+00:00
2024/04/20, 23:27:49.327,40.052,-70.885,9.86,357.86,358.47,10.04,7.1,7.1,1009.4,1009.3,3.8,0.0,85.26,78.53,327,324,7.6,10.0,100.0,100.0,4.4,6.7,283.8,294.0,1011.5,1011.4,-2.04,361.33,12.05,32.1061,7.2674,528.6,59.3,1476.16, NAN, NAN, NAN, NAN,,2024/04/20 23:27:49.327,2024-04-20 23:27:49.327000+00:00
2024/04/20, 23:28:49.327,40.055,-70.885,9.79,356.21,4.22,9.99,7.0,7.1,1009.5,1009.3,0.0,0.0,85.26,78.53,322,320,8.2,11.0,100.0,100.0,5.7,8.3,279.9,289.8,1011.6,1011.4,-2.24,360.21,10.82,32.0986,7.2724,543.8,59.4,1476.17, NAN, NAN, NAN, NAN,,2024/04/20 23:28:49.327,2024-04-20 23:28:49.327000+00:00
2024/04/20, 23:29:49.327,40.058,-70.885,9.8,356.85,1.12,9.88,7.0,7.0,1009.6,1009.3,1.8,0.1,85.29,78.53,325,322,7.9,10.8,100.0,100.0,5.1,7.8,282.9,293.0,1011.7,1011.4,-2.65,360.57,9.38,32.0948,7.2707,557.6,59.4,1476.159, NAN, NAN, NAN, NAN,,2024/04/20 23:29:49.327,2024-04-20 23:29:49.327000+00:00
2024/04/20, 23:30:49.327,40.061,-70.885,9.82,356.98,353.19,9.82,7.0,7.1,1009.4,1009.2,0.0,0.0,85.29,78.53,332,328,7.7,9.8,100.0,100.0,4.0,6.1,292.8,299.1,1011.5,1011.3,-3.07,362.41,8.24,32.0938,7.2744,569.9,59.5,1476.172, NAN, NAN, NAN, NAN,,2024/04/20 23:30:49.327,2024-04-20 23:30:49.327000+00:00
2024/04/20, 23:31:49.327,40.063,-70.885,9.77,356.07,0.23,9.95,7.0,7.0,1009.4,1009.3,3.3,0.0,85.34,78.53,330,327,7.5,9.7,100.0,100.0,4.3,6.3,285.1,294.7,1011.5,1011.4,-3.23,360.83,7.47,32.0942,7.2743,548.6,59.5,1476.172, NAN, NAN, NAN, NAN,,2024/04/20 23:31:49.327,2024-04-20 23:31:49.327000+00:00
2024/04/20, 23:32:49.327,40.066,-70.885,9.77,357.56,356.48,9.82,7.0,7.0,1009.4,1009.3,0.0,0.0,85.34,78.53,326,324,8.4,11.0,100.0,100.0,5.2,7.7,289.1,297.7,1011.5,1011.4,-3.34,356.27,6.81,32.0951,7.2721,570.2,59.4,1476.164, NAN, NAN, NAN, NAN,,2024/04/20 23:32:49.327,2024-04-20 23:32:49.327000+00:00
2024/04/20, 23:33:49.327,40.069,-70.885,9.8,356.75,2.72,10.03,7.0,7.0,1009.4,1009.4,2.3,0.0,85.38,78.53,330,326,7.6,9.9,100.0,100.0,4.5,6.7,285.6,294.0,1011.5,1011.5,-3.67,361.91,5.41,32.0967,7.2662,558.7,59.7,1476.143, NAN, NAN, NAN, NAN,,2024/04/20 23:33:49.327,2024-04-20 23:33:49.327000+00:00
2024/04/20, 23:34:49.327,40.072,-70.885,9.82,357.16,355.08,10.02,6.9,7.0,1009.4,1009.4,0.0,0.0,85.38,78.53,325,322,7.9,10.6,100.0,100.0,4.7,7.3,283.3,293.2,1011.5,1011.5,-3.71,358.19,5.07,32.0984,7.2509,566.5,59.6,1476.086, NAN, NAN, NAN, NAN,,2024/04/20 23:34:49.327,2024-04-20 23:34:49.327000+00:00
2024/04/20, 23:35:49.327,40.075,-70.885,9.81,356.68,0.53,10.11,6.9,6.9,1009.6,1009.4,2.4,0.0,85.42,78.53,324,322,7.6,10.3,100.0,100.0,4.8,7.2,278.1,290.6,1011.7,1011.5,-3.93,361.58,4.18,32.1011,7.226,520.3,59.7,1475.993, NAN, NAN, NAN, NAN,,2024/04/20 23:35:49.327,2024-04-20 23:35:49.327000+00:00
2024/04/20, 23:36:49.327,40.077,-70.885,9.98,356.62,5.52,10.26,6.9,6.9,1009.6,1009.3,0.0,0.0,85.42,78.53,330,326,7.2,9.6,100.0,100.0,4.3,6.6,280.0,291.1,1011.7,1011.4,-4.21,361.31,3.61,32.1016,7.2123,525.7,59.5,1475.941, NAN, NAN, NAN, NAN,,2024/04/20 23:36:49.327,2024-04-20 23:36:49.327000+00:00
2024/04/20, 23:37:49.328,40.08,-70.885,9.93,358.42,358.57,10.14,6.9,6.9,1009.5,1009.3,3.5,0.1,85.48,78.54,322,321,7.8,10.5,100.0,100.0,4.8,7.2,279.7,292.8,1011.6,1011.4,-4.21,359.55,3.18,32.1033,7.2036,509.2,59.5,1475.909, NAN, NAN, NAN, NAN,,2024/04/20 23:37:49.328,2024-04-20 23:37:49.328000+00:00
2024/04/20, 23:38:49.328,40.083,-70.885,9.85,359.69,1.87,9.99,6.9,6.9,1009.5,1009.4,0.0,0.0,85.48,78.54,324,322,6.6,9.4,100.0,100.0,4.0,6.3,272.7,290.8,1011.6,1011.5,-4.41,358.97,2.67,32.1043,7.2039,515.5,59.5,1475.911, NAN, NAN, NAN, NAN,,2024/04/20 23:38:49.328,2024-04-20 23:38:49.328000+00:00
2024/04/20, 23:39:49.328,40.086,-70.885,9.82,358.52,3.58,10.06,6.8,6.8,1009.5,1009.4,3.9,0.9,85.55,78.55,322,321,6.4,9.1,100.0,100.0,4.3,6.4,267.0,286.0,1011.6,1011.5,-4.45,357.85,2.33,32.1066,7.2083,489.4,59.2,1475.931, NAN, NAN, NAN, NAN,,2024/04/20 23:39:49.328,2024-04-20 23:39:49.328000+00:00
2024/04/20, 23:40:49.328,40.089,-70.885,9.92,358.37,3.41,10.17,6.8,6.8,1009.5,1009.4,0.0,0.0,85.55,78.55,326,323,6.7,9.3,100.0,100.0,4.1,6.4,273.1,288.7,1011.6,1011.5,-4.53,354.19,2.1,32.1086,7.2138,470.8,59.3,1475.955, NAN, NAN, NAN, NAN,,2024/04/20 23:40:49.328,2024-04-20 23:40:49.328000+00:00
2024/04/20, 23:41:49.328,40.091,-70.885,9.93,358.9,357.28,10.19,6.8,6.8,1009.5,1009.3,2.9,0.7,85.6,78.57,321,320,7.1,10.0,100.0,100.0,4.5,6.9,272.4,289.3,1011.6,1011.4,-4.66,352.85,1.81,32.1105,7.2041,463.8,59.4,1475.92, NAN, NAN, NAN, NAN,,2024/04/20 23:41:49.328,2024-04-20 23:41:49.328000+00:00
2024/04/20, 23:42:49.328,40.094,-70.885,9.95,359.59,359.93,10.34,6.8,6.8,1009.3,1009.3,0.0,0.0,85.6,78.57,326,323,6.7,9.4,100.0,100.0,3.9,6.2,273.2,290.4,1011.4,1011.4,-4.78,354.26,1.47,32.1121,7.1931,449.2,59.7,1475.879, NAN, NAN, NAN, NAN,,2024/04/20 23:42:49.328,2024-04-20 23:42:49.328000+00:00
2024/04/20, 23:43:49.328,40.097,-70.885,9.93,0.03,359.19,10.23,6.7,6.7,1009.4,1009.4,2.1,0.3,85.64,78.57,324,322,6.7,9.3,100.0,100.0,3.9,6.1,272.4,290.0,1011.5,1011.5,-4.91,354.52,1.18,32.1143,7.1757,444.9,59.7,1475.814, NAN, NAN, NAN, NAN,,2024/04/20 23:43:49.328,2024-04-20 23:43:49.328000+00:00
2024/04/20, 23:44:49.328,40.1,-70.885,9.91,359.1,2.43,10.22,6.7,6.7,1009.4,1009.5,0.0,0.0,85.64,78.57,324,322,6.5,9.2,100.0,100.0,4.0,6.2,269.2,288.1,1011.5,1011.6,-5.0,353.12,1.0,32.1139,7.1569,443.0,59.6,1475.741, NAN, NAN, NAN, NAN,,2024/04/20 23:44:49.328,2024-04-20 23:44:49.328000+00:00
2024/04/20, 23:45:49.328,40.103,-70.884,9.9,358.73,2.32,10.14,6.6,6.7,1009.5,1009.5,2.7,0.5,85.68,78.58,327,324,6.2,8.8,100.0,100.0,3.7,5.8,268.7,288.1,1011.6,1011.6,-5.17,352.89,0.81,32.1122,7.1466,443.6,59.7,1475.699, NAN, NAN, NAN, NAN,,2024/04/20 23:45:49.328,2024-04-20 23:45:49.328000+00:00
2024/04/20, 23:46:49.328,40.106,-70.884,9.71,2.2,7.03,9.9,6.6,6.7,1009.5,1009.4,0.0,0.0,85.68,78.58,328,325,5.5,7.9,100.0,100.0,3.3,5.1,265.1,288.1,1011.6,1011.5,-5.21,352.94,0.69,32.1116,7.1421,438.2,59.5,1475.681, NAN, NAN, NAN, NAN,,2024/04/20 23:46:49.328,2024-04-20 23:46:49.328000+00:00
2024/04/20, 23:47:49.328,40.108,-70.884,9.68,4.18,5.05,9.83,6.7,6.7,1009.4,1009.3,1.2,0.1,85.7,78.58,322,322,5.8,8.5,100.0,100.0,4.0,5.8,267.4,290.7,1011.5,1011.4,-5.16,346.5,0.61,32.1095,7.1372,440.6,59.7,1475.659, NAN, NAN, NAN, NAN,,2024/04/20 23:47:49.328,2024-04-20 23:47:49.328000+00:00
2024/04/20, 23:48:49.328,40.111,-70.883,9.65,4.36,7.82,9.88,6.7,6.7,1009.5,1009.3,0.0,0.0,85.7,78.58,324,323,5.6,8.1,100.0,100.0,3.6,5.3,265.6,289.7,1011.6,1011.4,-5.27,346.44,0.51,32.1089,7.1285,431.5,59.6,1475.624, NAN, NAN, NAN, NAN,,2024/04/20 23:48:49.328,2024-04-20 23:48:49.328000+00:00
2024/04/20, 23:49:49.328,40.114,-70.883,9.78,5.42,7.37,9.95,6.6,6.6,1009.6,1009.3,2.8,0.4,85.75,78.59,321,320,5.5,8.3,100.0,100.0,3.9,5.8,263.0,287.9,1011.7,1011.4,-5.36,344.37,0.41,32.1089,7.118,435.8,59.9,1475.584, NAN, NAN, NAN, NAN,,2024/04/20 23:49:49.328,2024-04-20 23:49:49.328000+00:00
2024/04/20, 23:50:49.328,40.117,-70.882,9.8,5.53,3.59,10.01,6.6,6.6,1009.4,1009.5,0.0,0.0,85.75,78.59,319,320,5.6,8.4,100.0,100.0,3.6,5.4,260.9,289.4,1011.5,1011.6,-5.4,340.94,0.33,32.1087,7.1052,439.2,59.7,1475.534, NAN, NAN, NAN, NAN,,2024/04/20 23:50:49.328,2024-04-20 23:50:49.328000+00:00
2024/04/20, 23:51:49.328,40.119,-70.882,9.76,2.75,2.18,9.65,6.6,6.6,1009.4,1009.5,0.0,0.0,85.75,78.59,321,321,5.7,8.5,100.0,100.0,3.7,5.7,264.6,289.5,1011.5,1011.6,-5.36,339.29,0.28,32.1102,7.0888,438.2,60.0,1475.472, NAN, NAN, NAN, NAN,,2024/04/20 23:51:49.328,2024-04-20 23:51:49.328000+00:00
2024/04/20, 23:52:49.328,40.122,-70.882,9.8,2.11,6.85,9.96,6.6,6.5,1009.4,1009.4,0.0,0.0,85.75,78.59,318,318,5.8,8.6,100.0,100.0,4.4,6.3,261.6,283.9,1011.5,1011.5,-5.42,334.05,0.24,32.1071,7.0785,437.2,60.1,1475.428, NAN, NAN, NAN, NAN,,2024/04/20 23:52:49.328,2024-04-20 23:52:49.328000+00:00
2024/04/20, 23:53:49.329,40.125,-70.881,9.61,359.29,4.07,9.8,6.5,6.5,1009.5,1009.3,0.0,0.0,85.75,78.59,315,319,5.5,8.1,100.0,100.0,4.5,5.9,254.9,280.0,1011.6,1011.4,-5.53,337.69,0.18,32.107,7.0847,451.6,60.1,1475.452, NAN, NAN, NAN, NAN,,2024/04/20 23:53:49.329,2024-04-20 23:53:49.329000+00:00
2024/04/20, 23:54:49.329,40.127,-70.881,9.69,357.84,2.72,9.82,6.4,6.5,1009.6,1009.4,1.6,0.3,85.78,78.6,316,317,5.7,8.3,100.0,100.0,4.3,6.0,255.2,277.7,1011.7,1011.5,-5.43,332.67,0.14,32.106,7.1093,462.4,60.1,1475.546, NAN, NAN, NAN, NAN,,2024/04/20 23:54:49.329,2024-04-20 23:54:49.329000+00:00
2024/04/20, 23:55:49.329,40.13,-70.881,9.75,359.15,358.57,9.83,6.4,6.4,1009.6,1009.4,0.0,0.0,85.78,78.6,321,321,5.7,8.5,100.0,100.0,3.7,5.6,259.4,285.2,1011.7,1011.5,-5.55,334.18,0.11,32.1058,7.1345,470.8,60.0,1475.644, NAN, NAN, NAN, NAN,,2024/04/20 23:55:49.329,2024-04-20 23:55:49.329000+00:00
2024/04/20, 23:56:49.329,40.133,-70.881,9.78,358.72,355.82,9.94,6.4,6.4,1009.5,1009.5,3.1,0.3,85.83,78.6,321,321,5.9,8.6,100.0,100.0,3.6,5.5,260.5,285.3,1011.6,1011.6,-5.5,333.55,0.09,32.1065,7.1371,507.5,60.0,1475.655, NAN, NAN, NAN, NAN,,2024/04/20 23:56:49.329,2024-04-20 23:56:49.329000+00:00
2024/04/20, 23:57:49.329,40.136,-70.881,9.8,358.49,3.02,9.88,6.4,6.4,1009.7,1009.4,0.0,0.0,85.83,78.6,321,322,5.6,8.2,100.0,100.0,3.9,5.5,257.9,283.0,1011.8,1011.5,-5.47,343.08,0.06,32.1085,7.1338,534.7,59.7,1475.644, NAN, NAN, NAN, NAN,,2024/04/20 23:57:49.329,2024-04-20 23:57:49.329000+00:00
2024/04/20, 23:58:49.329,40.138,-70.881,9.87,357.88,2.54,9.95,6.4,6.4,1009.6,1009.6,1.7,0.4,85.86,78.61,330,325,5.6,8.0,100.0,100.0,3.1,5.1,263.0,284.5,1011.7,1011.7,-5.52,340.34,0.05,32.1083,7.1231,536.8,59.9,1475.603, NAN, NAN, NAN, NAN,,2024/04/20 23:58:49.329,2024-04-20 23:58:49.329000+00:00
2024/04/20, 23:59:49.329,40.141,-70.881,9.85,357.77,359.31,9.9,6.4,6.4,1009.7,1009.5,0.0,0.0,85.86,78.61,331,327,5.7,7.9,100.0,100.0,3.1,4.8,266.0,286.4,1011.8,1011.6,-5.46,341.28,0.03,32.1095,7.1171,538.0,59.6,1475.581, NAN, NAN, NAN, NAN,,2024/04/20 23:59:49.329,2024-04-20 23:59:49.329000+00:00
2024/04/21, 00:00:49.329,40.144,-70.881, 9.85,357.86,1.76,10.0,6.4,6.4,1009.6,1009.5,1.9,0.4,85.89,78.62,328,324,5.8,8.4,100.0,100.0,3.3,5.4,264.1,285.6,1011.7,1011.6,-5.4,336.19,0.03,32.1121,7.1084,549.9,59.7,1475.55, NAN, NAN, NAN, NAN,,2024/04/21 00:00:49.329,2024-04-21 00:00:49.329000+00:00
2024/04/21, 00:01:49.329,40.147,-70.881, 9.84,358.26,1.34,10.02,6.4,6.4,1009.6,1009.5,0.0,0.0,85.89,78.62,325,323,5.7,8.4,100.0,100.0,3.6,5.6,260.8,284.5,1011.7,1011.6,-5.49,330.7,0.02,32.1111,7.1047,515.2,59.6,1475.535, NAN, NAN, NAN, NAN,,2024/04/21 00:01:49.329,2024-04-21 00:01:49.329000+00:00
2024/04/21, 00:02:49.329,40.15,-70.881, 9.87,357.93,357.61,9.9,6.4,6.4,1009.6,1009.4,2.7,0.5,85.94,78.63,322,322,5.8,8.6,100.0,100.0,3.7,5.6,259.9,285.4,1011.7,1011.5,-5.53,328.47,0.02,32.1124,7.1097,528.6,59.3,1475.556, NAN, NAN, NAN, NAN,,2024/04/21 00:02:49.329,2024-04-21 00:02:49.329000+00:00
2024/04/21, 00:03:49.329,40.152,-70.881, 9.89,358.07,356.72,10.0,6.3,6.3,1009.4,1009.4,0.0,0.0,85.94,78.63,325,323,5.6,8.2,100.0,100.0,3.3,5.2,258.5,283.8,1011.5,1011.5,-5.52,340.47,0.01,32.1136,7.1414,539.2,59.5,1475.68, NAN, NAN, NAN, NAN,,2024/04/21 00:03:49.329,2024-04-21 00:03:49.329000+00:00
2024/04/21, 00:04:49.329,40.155,-70.881, 9.88,358.37,356.07,9.82,6.3,6.3,1009.5,1009.5,1.3,0.0,85.96,78.63,322,322,5.7,8.5,100.0,100.0,3.5,5.5,259.3,286.0,1011.6,1011.6,-5.54,329.97,0.01,32.1155,7.1986,538.0,59.6,1475.905, NAN, NAN, NAN, NAN,,2024/04/21 00:04:49.329,2024-04-21 00:04:49.329000+00:00
2024/04/21, 00:05:49.329,40.158,-70.881, 9.89,358.13,354.08,9.89,6.3,6.3,1009.4,1009.4,0.0,0.0,85.96,78.63,326,325,5.4,7.7,100.0,100.0,3.0,4.5,256.5,283.9,1011.5,1011.5,-5.57,342.47,0.0,32.1173,7.2911,543.5,59.7,1476.266, NAN, NAN, NAN, NAN,,2024/04/21 00:05:49.329,2024-04-21 00:05:49.329000+00:00
2024/04/21, 00:06:49.329,40.161,-70.881, 9.88,357.88,357.18,10.0,6.3,6.3,1009.4,1009.6,2.9,0.3,86.01,78.63,325,324,5.6,8.4,100.0,100.0,3.1,5.1,257.8,286.9,1011.5,1011.7,-5.54,336.81,-0.0,32.1255,7.376,576.0,59.7,1476.604, NAN, NAN, NAN, NAN,,2024/04/21 00:06:49.329,2024-04-21 00:06:49.329000+00:00
2024/04/21, 00:07:49.329,40.163,-70.881, 9.87,357.56,359.1,9.92,6.3,6.3,1009.6,1009.4,0.0,0.0,86.01,78.63,330,327,5.7,8.0,100.0,100.0,3.0,4.7,264.4,287.4,1011.7,1011.5,-5.55,344.58,-0.0,32.139,7.4323,579.0,59.6,1476.838, NAN, NAN, NAN, NAN,,2024/04/21 00:07:49.329,2024-04-21 00:07:49.329000+00:00
2024/04/21, 00:08:49.329,40.166,-70.881, 9.87,357.99,0.73,9.85,6.3,6.3,1009.6,1009.4,2.0,0.3,86.04,78.64,328,326,5.8,8.2,100.0,100.0,3.2,5.0,265.4,288.3,1011.7,1011.5,-5.54,341.72,-0.01,32.16,7.4597,609.9,59.7,1476.97, NAN, NAN, NAN, NAN,,2024/04/21 00:08:49.329,2024-04-21 00:08:49.329000+00:00
2024/04/21, 00:09:49.330,40.169,-70.881, 9.92,358.11,358.66,10.04,6.3,6.3,1009.6,1009.4,0.0,0.0,86.04,78.64,330,327,5.6,8.0,100.0,100.0,2.8,4.6,261.8,287.6,1011.7,1011.5,-5.57,341.15,-0.01,32.1729,7.472,632.1,59.7,1477.033, NAN, NAN, NAN, NAN,,2024/04/21 00:09:49.330,2024-04-21 00:09:49.330000+00:00
2024/04/21, 00:10:49.330,40.172,-70.881, 9.84,358.84,6.22,9.96,6.3,6.3,1009.7,1009.6,2.5,0.4,86.08,78.64,326,323,5.4,8.2,100.0,100.0,3.4,5.5,258.3,284.1,1011.8,1011.7,-5.42,340.78,-0.01,32.181,7.5013,653.6,59.7,1477.156, NAN, NAN, NAN, NAN,,2024/04/21 00:10:49.330,2024-04-21 00:10:49.330000+00:00
2024/04/21, 00:11:49.330,40.174,-70.881, 9.83,358.37,359.19,9.9,6.3,6.3,1009.7,1009.5,0.0,0.0,86.08,78.64,329,327,5.3,7.7,100.0,100.0,2.8,4.4,257.2,286.3,1011.8,1011.6,-5.49,338.62,-0.01,32.1833,7.5181,670.2,60.0,1477.224, NAN, NAN, NAN, NAN,,2024/04/21 00:11:49.330,2024-04-21 00:11:49.330000+00:00
2024/04/21, 00:12:49.330,40.177,-70.881, 9.80,358.61,2.47,9.93,6.3,6.3,1009.7,1009.6,2.5,0.0,86.13,78.64,327,325,5.4,8.1,100.0,100.0,3.4,5.3,259.1,285.7,1011.8,1011.7,-5.52,331.74,-0.01,32.1839,7.5279,672.4,59.9,1477.262, NAN, NAN, NAN, NAN,,2024/04/21 00:12:49.330,2024-04-21 00:12:49.330000+00:00
2024/04/21, 00:13:49.330,40.18,-70.881, 9.79,359.41,0.38,10.0,6.3,6.3,1009.7,1009.5,0.0,0.0,86.13,78.64,326,324,5.4,8.2,100.0,100.0,3.3,5.3,257.9,286.0,1011.8,1011.6,-5.54,335.77,-0.01,32.1932,7.5165,686.2,60.0,1477.23, NAN, NAN, NAN, NAN,,2024/04/21 00:13:49.330,2024-04-21 00:13:49.330000+00:00
2024/04/21, 00:14:49.330,40.183,-70.881, 9.89,359.69,357.27,10.19,6.2,6.2,1009.7,1009.5,1.9,0.3,86.16,78.65,331,328,5.3,7.5,100.0,100.0,2.6,4.1,256.1,285.8,1011.8,1011.6,-5.6,333.64,-0.01,32.1975,7.502,693.7,59.9,1477.18, NAN, NAN, NAN, NAN,,2024/04/21 00:14:49.330,2024-04-21 00:14:49.330000+00:00
2024/04/21, 00:15:49.330,40.186,-70.881, 9.89,359.25,357.73,10.1,6.2,6.2,1009.7,1009.5,0.0,0.0,86.16,78.65,333,329,5.7,7.5,100.0,100.0,2.7,4.2,266.9,286.6,1011.8,1011.6,-5.5,332.53,-0.01,32.2003,7.4889,645.9,59.8,1477.133, NAN, NAN, NAN, NAN,,2024/04/21 00:15:49.330,2024-04-21 00:15:49.330000+00:00
2024/04/21, 00:16:49.330,40.188,-70.881, 10.03,358.97,0.83,10.14,6.2,6.2,1009.9,1009.7,1.4,0.3,86.18,78.65,331,327,5.6,8.0,100.0,100.0,2.7,4.6,262.4,287.9,1012.0,1011.8,-5.7,324.01,-0.01,32.201,7.4828,627.0,59.5,1477.11, NAN, NAN, NAN, NAN,,2024/04/21 00:16:49.330,2024-04-21 00:16:49.330000+00:00
2024/04/21, 00:17:49.330,40.191,-70.881, 9.81,358.66,358.21,9.96,6.1,6.2,1009.8,1009.6,0.0,0.0,86.18,78.65,329,326,5.3,7.8,100.0,100.0,2.9,4.6,257.1,285.5,1011.9,1011.7,-5.74,321.09,-0.01,32.2033,7.4688,626.4,59.7,1477.059, NAN, NAN, NAN, NAN,,2024/04/21 00:17:49.330,2024-04-21 00:17:49.330000+00:00
2024/04/21, 00:18:49.330,40.194,-70.881, 9.93,359.09,359.0,10.06,6.1,6.2,1009.7,1009.5,2.1,0.2,86.22,78.66,329,326,5.1,7.6,100.0,100.0,2.8,4.5,252.6,283.7,1011.8,1011.6,-5.78,318.05,-0.01,32.207,7.4618,613.2,59.8,1477.037, NAN, NAN, NAN, NAN,,2024/04/21 00:18:49.330,2024-04-21 00:18:49.330000+00:00
2024/04/21, 00:19:49.330,40.197,-70.882, 10.12,359.51,1.55,10.12,6.1,6.1,1009.7,1009.4,0.0,0.0,86.22,78.66,326,325,5.3,8.1,100.0,100.0,3.3,5.1,255.4,286.0,1011.8,1011.5,-5.76,320.08,-0.01,32.2112,7.4649,609.2,60.0,1477.054, NAN, NAN, NAN, NAN,,2024/04/21 00:19:49.330,2024-04-21 00:19:49.330000+00:00
2024/04/21, 00:20:49.330,40.199,-70.882, 9.81,358.36,357.71,9.98,6.1,6.1,1009.7,1009.6,2.7,0.3,86.27,78.67,329,325,5.4,8.0,100.0,100.0,2.9,4.8,258.3,285.5,1011.8,1011.7,-5.82,320.55,-0.02,32.2168,7.4804,588.4,60.4,1477.12, NAN, NAN, NAN, NAN,,2024/04/21 00:20:49.330,2024-04-21 00:20:49.330000+00:00
2024/04/21, 00:21:49.330,40.202,-70.882, 9.85,359.46,355.2,10.14,6.1,6.1,1009.7,1009.7,0.0,0.0,86.27,78.67,328,325,5.5,8.0,100.0,100.0,2.7,4.5,257.9,286.8,1011.8,1011.8,-5.92,320.5,-0.01,32.2234,7.4796,618.0,60.3,1477.126, NAN, NAN, NAN, NAN,,2024/04/21 00:21:49.330,2024-04-21 00:21:49.330000+00:00
2024/04/21, 00:22:49.330,40.205,-70.882, 9.98,358.74,359.62,10.14,6.1,6.1,1009.7,1009.6,3.3,0.1,86.32,78.67,325,324,5.3,8.1,100.0,100.0,3.2,5.0,253.1,284.3,1011.8,1011.7,-5.87,324.68,-0.01,32.2333,7.4394,657.7,60.6,1476.983, NAN, NAN, NAN, NAN,,2024/04/21 00:22:49.330,2024-04-21 00:22:49.330000+00:00
2024/04/21, 00:23:49.330,40.208,-70.882, 9.99,359.61,353.51,9.99,6.1,6.1,1009.9,1009.7,0.0,0.0,86.32,78.67,327,325,5.2,7.8,100.0,100.0,2.5,4.2,252.1,287.1,1012.0,1011.8,-5.94,321.13,-0.02,32.2341,7.3741,676.4,60.2,1476.732, NAN, NAN, NAN, NAN,,2024/04/21 00:23:49.330,2024-04-21 00:23:49.330000+00:00
2024/04/21, 00:24:49.331,40.211,-70.882, 10.05,359.26,359.48,10.0,6.1,6.1,1009.7,1009.7,3.8,0.2,86.39,78.67,325,324,5.3,8.0,100.0,100.0,3.1,4.9,254.5,285.1,1011.8,1011.8,-5.91,318.19,-0.01,32.2202,7.3148,666.0,60.4,1476.486, NAN, NAN, NAN, NAN,,2024/04/21 00:24:49.331,2024-04-21 00:24:49.331000+00:00
2024/04/21, 00:25:49.331,40.213,-70.882, 9.97,358.23,357.96,9.96,6.0,6.1,1009.8,1009.7,0.0,0.0,86.39,78.67,324,323,5.4,8.2,100.0,100.0,3.4,5.2,255.4,284.1,1011.9,1011.8,-5.96,323.58,-0.02,32.2004,7.2756,585.7,60.4,1476.309, NAN, NAN, NAN, NAN,,2024/04/21 00:25:49.331,2024-04-21 00:25:49.331000+00:00
2024/04/21, 00:26:49.331,40.216,-70.882, 9.92,359.87,2.07,9.87,6.0,6.0,1010.0,1009.8,0.7,0.1,86.4,78.67,326,325,5.3,7.9,100.0,100.0,3.1,4.8,257.0,286.9,1012.1,1011.9,-5.79,324.95,-0.01,32.1792,7.2756,539.8,60.4,1476.283, NAN, NAN, NAN, NAN,,2024/04/21 00:26:49.331,2024-04-21 00:26:49.331000+00:00
2024/04/21, 00:27:49.331,40.219,-70.882, 9.94,0.03,357.25,10.03,6.0,6.0,1009.9,1009.8,0.0,0.0,86.4,78.67,321,322,5.2,7.9,100.0,100.0,3.2,4.7,249.9,283.1,1012.0,1011.9,-5.96,323.52,-0.02,32.1674,7.2587,508.9,60.4,1476.203, NAN, NAN, NAN, NAN,,2024/04/21 00:27:49.331,2024-04-21 00:27:49.331000+00:00
2024/04/21, 00:28:49.331,40.222,-70.882, 9.94,359.77,356.21,9.93,6.0,6.0,1009.9,1009.9,3.8,0.1,86.46,78.68,318,319,5.3,7.9,100.0,100.0,3.5,5.0,250.4,279.7,1012.0,1012.0,-5.88,318.39,-0.02,32.1609,7.2554,508.4,60.5,1476.182, NAN, NAN, NAN, NAN,,2024/04/21 00:28:49.331,2024-04-21 00:28:49.331000+00:00
2024/04/21, 00:29:49.331,40.224,-70.882, 9.96,359.71,357.77,9.98,6.0,6.0,1010.0,1009.8,0.0,0.0,86.46,78.68,321,321,5.0,7.8,100.0,100.0,3.3,4.9,247.8,280.6,1012.1,1011.9,-5.93,319.58,-0.02,32.1617,7.2883,532.8,60.6,1476.31, NAN, NAN, NAN, NAN,,2024/04/21 00:29:49.331,2024-04-21 00:29:49.331000+00:00
2024/04/21, 00:30:49.331,40.227,-70.882, 9.97,358.54,0.05,10.0,6.0,6.0,1009.9,1009.8,3.4,0.2,86.52,78.68,321,321,5.1,7.8,100.0,100.0,3.5,5.1,249.0,279.0,1012.0,1011.9,-5.95,320.52,-0.02,32.1596,7.3182,503.2,60.7,1476.423, NAN, NAN, NAN, NAN,,2024/04/21 00:30:49.331,2024-04-21 00:30:49.331000+00:00
2024/04/21, 00:31:49.331,40.23,-70.882, 9.97,359.15,356.49,10.08,6.0,6.0,1009.9,1009.8,0.0,0.0,86.52,78.68,316,318,5.0,7.7,100.0,100.0,3.7,5.0,243.6,275.4,1012.0,1011.9,-5.99,322.72,-0.02,32.1645,7.3271,532.0,60.6,1476.464, NAN, NAN, NAN, NAN,,2024/04/21 00:31:49.331,2024-04-21 00:31:49.331000+00:00
2024/04/21, 00:32:49.331,40.233,-70.883, 9.97,358.68,359.34,10.11,5.9,6.0,1009.9,1009.8,2.9,0.0,86.57,78.68,319,320,5.0,7.8,100.0,100.0,3.5,5.0,244.6,277.7,1012.0,1011.9,-6.01,318.88,-0.02,32.1673,7.3247,543.5,60.7,1476.458, NAN, NAN, NAN, NAN,,2024/04/21 00:32:49.331,2024-04-21 00:32:49.331000+00:00
2024/04/21, 00:33:49.331,40.236,-70.883, 10.03,358.65,1.02,10.13,5.9,5.9,1010.0,1009.8,0.0,0.0,86.57,78.68,320,320,4.9,7.7,100.0,100.0,3.5,5.0,243.9,276.6,1012.1,1011.9,-5.96,321.67,-0.02,32.1658,7.3268,540.4,60.6,1476.464, NAN, NAN, NAN, NAN,,2024/04/21 00:33:49.331,2024-04-21 00:33:49.331000+00:00
2024/04/21, 00:34:49.331,40.238,-70.883, 9.95,359.25,355.04,10.13,5.9,6.0,1010.0,1009.9,2.4,0.1,86.61,78.68,320,320,4.9,7.7,100.0,100.0,3.3,4.8,243.1,277.6,1012.1,1012.0,-5.94,320.79,-0.02,32.1664,7.3411,526.4,60.7,1476.52, NAN, NAN, NAN, NAN,,2024/04/21 00:34:49.331,2024-04-21 00:34:49.331000+00:00
2024/04/21, 00:35:49.331,40.241,-70.883, 9.95,359.72,359.37,10.27,5.9,5.9,1009.9,1009.9,0.0,0.0,86.61,78.68,319,319,5.0,7.8,100.0,100.0,3.6,5.2,245.1,276.5,1012.0,1012.0,-5.97,325.53,-0.02,32.1654,7.3432,526.0,60.8,1476.527, NAN, NAN, NAN, NAN,,2024/04/21 00:35:49.331,2024-04-21 00:35:49.331000+00:00
2024/04/21, 00:36:49.331,40.244,-70.883, 9.92,359.47,353.66,10.18,5.9,5.9,1010.0,1009.9,2.7,0.2,86.66,78.69,316,319,4.9,7.5,100.0,100.0,3.5,4.7,240.8,274.8,1012.1,1012.0,-6.01,324.65,-0.02,32.1646,7.3633,545.1,60.7,1476.604, NAN, NAN, NAN, NAN,,2024/04/21 00:36:49.331,2024-04-21 00:36:49.331000+00:00
2024/04/21, 00:37:49.331,40.247,-70.883, 9.93,359.08,359.42,10.27,5.9,6.0,1009.9,1009.9,0.0,0.0,86.66,78.69,317,319,4.8,7.4,100.0,100.0,3.8,4.9,241.3,272.6,1012.0,1012.0,-6.07,324.19,-0.02,32.1635,7.3892,564.9,60.6,1476.702, NAN, NAN, NAN, NAN,,2024/04/21 00:37:49.331,2024-04-21 00:37:49.331000+00:00
2024/04/21, 00:38:49.331,40.25,-70.883, 10.04,359.05,359.52,10.31,5.9,6.0,1010.0,1009.8,2.1,0.3,86.69,78.69,321,322,4.7,7.4,100.0,100.0,3.5,4.8,241.4,275.5,1012.1,1011.9,-6.02,326.1,-0.02,32.1646,7.3894,573.9,60.6,1476.705, NAN, NAN, NAN, NAN,,2024/04/21 00:38:49.331,2024-04-21 00:38:49.331000+00:00
2024/04/21, 00:39:49.331,40.253,-70.883, 10.06,359.07,0.16,10.33,5.9,6.0,1010.1,1009.9,0.0,0.0,86.69,78.69,321,320,5.2,7.8,100.0,100.0,3.5,5.1,247.8,276.6,1012.2,1012.0,-6.03,323.25,-0.01,32.1704,7.3887,623.6,60.6,1476.709, NAN, NAN, NAN, NAN,,2024/04/21 00:39:49.331,2024-04-21 00:39:49.331000+00:00
2024/04/21, 00:40:49.332,40.255,-70.883, 10.05,358.86,358.58,10.17,6.0,6.0,1010.1,1009.8,1.1,0.3,86.71,78.7,325,324,5.0,7.6,100.0,100.0,3.1,4.5,247.2,280.5,1012.2,1011.9,-5.97,327.99,-0.02,32.1731,7.3837,639.5,60.9,1476.693, NAN, NAN, NAN, NAN,,2024/04/21 00:40:49.332,2024-04-21 00:40:49.332000+00:00
2024/04/21, 00:41:49.332,40.258,-70.883, 10.04,0.97,356.47,10.12,6.0,6.0,1010.1,1009.9,0.0,0.0,86.71,78.7,323,323,5.2,7.9,100.0,100.0,3.1,4.7,251.4,284.7,1012.2,1012.0,-6.0,324.24,-0.02,32.176,7.363,627.5,61.1,1476.617, NAN, NAN, NAN, NAN,,2024/04/21 00:41:49.332,2024-04-21 00:41:49.332000+00:00
2024/04/21, 00:42:49.332,40.261,-70.883, 10.00,359.78,358.4,10.16,6.0,6.0,1010.1,1010.0,1.8,0.1,86.74,78.7,326,325,5.3,7.9,100.0,100.0,3.0,4.6,253.8,285.4,1012.2,1012.1,-5.81,323.07,-0.02,32.1855,7.3461,633.1,60.8,1476.563, NAN, NAN, NAN, NAN,,2024/04/21 00:42:49.332,2024-04-21 00:42:49.332000+00:00
2024/04/21, 00:43:49.332,40.264,-70.883, 10.01,0.4,358.84,10.08,5.9,5.9,1010.1,1010.1,0.0,0.0,86.74,78.7,327,323,5.3,7.9,100.0,100.0,2.8,4.7,255.3,284.3,1012.2,1012.2,-5.8,330.76,-0.02,32.196,7.3158,614.7,60.6,1476.459, NAN, NAN, NAN, NAN,,2024/04/21 00:43:49.332,2024-04-21 00:43:49.332000+00:00
2024/04/21, 00:44:49.332,40.267,-70.883, 9.91,2.17,359.35,10.13,5.9,6.0,1010.1,1010.1,1.0,0.1,86.76,78.7,320,320,5.3,8.0,100.0,100.0,3.3,4.9,252.0,283.1,1012.2,1012.2,-5.77,335.24,-0.02,32.2031,7.3163,545.1,60.6,1476.47, NAN, NAN, NAN, NAN,,2024/04/21 00:44:49.332,2024-04-21 00:44:49.332000+00:00
2024/04/21, 00:45:49.332,40.269,-70.883, 9.89,2.73,2.93,9.9,5.9,6.0,1010.2,1010.1,0.0,0.0,86.76,78.7,322,321,5.5,8.2,100.0,100.0,3.4,5.2,259.9,286.9,1012.3,1012.2,-5.7,336.12,-0.02,32.2084,7.3445,548.1,60.7,1476.586, NAN, NAN, NAN, NAN,,2024/04/21 00:45:49.332,2024-04-21 00:45:49.332000+00:00
2024/04/21, 00:46:49.332,40.272,-70.883, 9.86,6.22,5.79,9.89,5.9,6.0,1010.2,1010.1,2.2,0.2,86.8,78.71,324,323,4.9,7.5,100.0,100.0,3.0,4.5,254.3,287.8,1012.3,1012.2,-5.52,334.33,-0.02,32.2039,7.3608,547.5,60.9,1476.643, NAN, NAN, NAN, NAN,,2024/04/21 00:46:49.332,2024-04-21 00:46:49.332000+00:00
2024/04/21, 00:47:49.332,40.275,-70.883, 9.87,4.27,0.39,9.83,6.0,6.0,1010.1,1010.1,0.0,0.0,86.8,78.71,327,325,4.5,7.1,100.0,100.0,2.4,3.8,243.1,286.1,1012.2,1012.2,-5.61,335.42,-0.01,32.2017,7.3447,560.0,60.2,1476.578, NAN, NAN, NAN, NAN,,2024/04/21 00:47:49.332,2024-04-21 00:47:49.332000+00:00
2024/04/21, 00:48:49.332,40.278,-70.883, 9.90,7.58,6.09,9.84,5.9,6.0,1010.1,1010.1,2.9,0.1,86.85,78.71,319,320,4.4,6.9,100.0,100.0,3.2,4.2,244.7,280.7,1012.2,1012.2,-5.57,334.47,-0.02,32.196,7.317,614.7,60.2,1476.464, NAN, NAN, NAN, NAN,,2024/04/21 00:48:49.332,2024-04-21 00:48:49.332000+00:00
2024/04/21, 00:49:49.332,40.28,-70.882, 9.98,11.98,7.79,9.87,6.0,6.0,1010.1,1010.0,0.0,0.0,86.85,78.71,318,320,4.4,7.0,100.0,100.0,3.1,4.1,247.3,286.2,1012.2,1012.1,-5.7,334.43,-0.02,32.1793,7.2862,644.3,60.1,1476.324, NAN, NAN, NAN, NAN,,2024/04/21 00:49:49.332,2024-04-21 00:49:49.332000+00:00
2024/04/21, 00:50:49.332,40.283,-70.882, 9.95,9.71,8.86,10.08,5.9,6.0,1010.0,1010.0,2.2,0.2,86.88,78.71,327,325,4.0,6.6,100.0,100.0,2.7,3.6,237.1,283.4,1012.1,1012.1,-5.66,336.02,-0.02,32.1545,7.2555,644.9,60.2,1476.174, NAN, NAN, NAN, NAN,,2024/04/21 00:50:49.332,2024-04-21 00:50:49.332000+00:00
2024/04/21, 00:51:49.332,40.286,-70.881, 9.97,10.24,6.17,10.01,5.9,5.9,1010.2,1010.0,0.0,0.0,86.88,78.71,318,319,4.1,6.7,100.0,100.0,3.2,4.1,239.8,279.1,1012.3,1012.1,-5.73,339.2,-0.02,32.14,7.2253,627.0,60.0,1476.039, NAN, NAN, NAN, NAN,,2024/04/21 00:51:49.332,2024-04-21 00:51:49.332000+00:00
2024/04/21, 00:52:49.332,40.289,-70.881, 9.99,8.68,11.37,9.94,5.9,5.9,1010.1,1010.1,1.8,0.2,86.91,78.72,314,317,4.0,6.4,100.0,100.0,3.8,4.4,240.3,273.2,1012.2,1012.2,-5.59,339.46,-0.02,32.1291,7.1934,616.0,60.1,1475.902, NAN, NAN, NAN, NAN,,2024/04/21 00:52:49.332,2024-04-21 00:52:49.332000+00:00
2024/04/21, 00:53:49.332,40.291,-70.88, 9.71,3.8,5.6,9.64,5.9,5.9,1010.2,1010.0,0.0,0.0,86.91,78.72,317,319,4.1,6.6,100.0,100.0,3.4,4.4,239.1,274.1,1012.3,1012.1,-5.58,338.57,-0.02,32.1176,7.1707,573.9,60.1,1475.799, NAN, NAN, NAN, NAN,,2024/04/21 00:53:49.332,2024-04-21 00:53:49.332000+00:00
2024/04/21, 00:54:49.332,40.294,-70.88, 9.67,358.81,356.79,9.71,5.9,5.9,1010.1,1009.9,1.8,0.1,86.94,78.72,327,325,4.1,6.7,100.0,100.0,2.7,3.9,233.9,276.2,1012.2,1012.0,-5.69,337.54,-0.02,32.1091,7.1392,558.4,59.9,1475.666, NAN, NAN, NAN, NAN,,2024/04/21 00:54:49.332,2024-04-21 00:54:49.332000+00:00
2024/04/21, 00:55:49.333,40.297,-70.881, 9.82,0.32,354.33,9.94,5.9,5.9,1010.1,1009.9,0.0,0.0,86.94,78.72,320,320,4.2,6.9,100.0,100.0,3.0,4.0,231.2,273.0,1012.2,1012.0,-5.69,333.92,-0.02,32.1009,7.1085,547.2,60.2,1475.537, NAN, NAN, NAN, NAN,,2024/04/21 00:55:49.333,2024-04-21 00:55:49.333000+00:00
2024/04/21, 00:56:49.333,40.299,-70.881, 9.95,0.12,352.74,9.81,5.9,5.9,1010.1,1010.0,0.8,0.2,86.96,78.72,317,320,4.2,6.8,100.0,100.0,3.2,4.0,232.2,272.7,1012.2,1012.1,-5.67,332.94,-0.02,32.0947,7.0897,520.9,60.4,1475.456, NAN, NAN, NAN, NAN,,2024/04/21 00:56:49.333,2024-04-21 00:56:49.333000+00:00
2024/04/21, 00:57:49.333,40.302,-70.881, 9.89,359.86,358.59,9.97,5.9,5.9,1010.1,1009.9,0.0,0.0,86.96,78.72,319,319,4.4,7.2,100.0,100.0,3.4,4.7,237.4,273.6,1012.2,1012.0,-5.79,328.43,-0.02,32.0875,7.0865,497.7,60.3,1475.434, NAN, NAN, NAN, NAN,,2024/04/21 00:57:49.333,2024-04-21 00:57:49.333000+00:00
2024/04/21, 00:58:49.333,40.305,-70.881, 9.92,359.23,358.87,9.85,5.9,5.9,1010.1,1010.1,1.6,0.3,86.99,78.73,309,314,4.5,6.9,100.0,100.0,4.0,4.8,235.1,266.0,1012.2,1012.2,-5.66,336.2,-0.02,32.0851,7.097,470.2,60.1,1475.472, NAN, NAN, NAN, NAN,,2024/04/21 00:58:49.333,2024-04-21 00:58:49.333000+00:00
2024/04/21, 00:59:49.333,40.308,-70.881, 9.96,359.69,357.38,9.88,5.9,5.9,1010.1,1010.1,0.0,0.0,86.99,78.73,309,315,4.1,6.5,100.0,100.0,4.0,4.5,230.5,263.6,1012.2,1012.2,-5.85,332.38,-0.02,32.0836,7.11,465.1,60.2,1475.521, NAN, NAN, NAN, NAN,,2024/04/21 00:59:49.333,2024-04-21 00:59:49.333000+00:00
2024/04/21, 01:00:49.333,40.31,-70.881, 9.85,359.83,0.92,9.92,5.9,5.9,1010.1,1009.9,2.0,0.2,87.02,78.73,312,316,3.9,6.4,100.0,100.0,3.9,4.6,230.4,263.7,1012.2,1012.0,-5.72,333.9,-0.02,32.0838,7.1261,460.1,60.2,1475.584, NAN, NAN, NAN, NAN,,2024/04/21 01:00:49.333,2024-04-21 01:00:49.333000+00:00
2024/04/21, 01:01:49.333,40.313,-70.881, 9.99,0.2,358.03,10.0,5.9,5.9,1010.1,1009.9,0.0,0.0,87.02,78.73,307,313,3.9,6.2,100.0,100.0,4.1,4.5,226.7,258.4,1012.2,1012.0,-5.67,333.02,-0.02,32.0823,7.1513,474.5,60.4,1475.68, NAN, NAN, NAN, NAN,,2024/04/21 01:01:49.333,2024-04-21 01:01:49.333000+00:00
2024/04/21, 01:02:49.333,40.316,-70.881, 10.07,359.28,0.83,10.0,5.8,5.9,1010.1,1010.0,1.8,0.1,87.05,78.74,303,312,4.2,6.4,100.0,100.0,4.5,4.8,230.1,259.0,1012.2,1012.1,-5.74,332.75,-0.02,32.0849,7.1726,484.0,60.8,1475.766, NAN, NAN, NAN, NAN,,2024/04/21 01:02:49.333,2024-04-21 01:02:49.333000+00:00
2024/04/21, 01:03:49.333,40.319,-70.881, 10.08,359.48,356.11,9.9,5.8,5.9,1010.1,1010.0,0.0,0.0,87.05,78.74,304,312,4.4,6.6,100.0,100.0,4.4,4.8,232.9,261.5,1012.2,1012.1,-5.77,331.31,-0.01,32.086,7.1585,478.8,61.3,1475.712, NAN, NAN, NAN, NAN,,2024/04/21 01:03:49.333,2024-04-21 01:03:49.333000+00:00
2024/04/21, 01:04:49.333,40.322,-70.881, 10.08,359.33,0.89,10.06,5.8,5.9,1010.0,1009.9,1.3,0.2,87.07,78.74,305,312,4.2,6.3,100.0,100.0,4.5,5.0,232.0,258.2,1012.1,1012.0,-5.77,334.78,-0.02,32.086,7.1388,495.6,61.3,1475.636, NAN, NAN, NAN, NAN,,2024/04/21 01:04:49.333,2024-04-21 01:04:49.333000+00:00
2024/04/21, 01:05:49.333,40.324,-70.882, 10.12,0.05,357.36,9.95,5.8,5.9,1010.1,1010.0,0.0,0.0,87.07,78.74,304,310,4.5,6.7,100.0,100.0,4.4,5.1,234.3,260.9,1012.2,1012.1,-5.69,332.36,-0.02,32.0868,7.1191,502.8,60.7,1475.56, NAN, NAN, NAN, NAN,,2024/04/21 01:05:49.333,2024-04-21 01:05:49.333000+00:00
2024/04/21, 01:06:49.333,40.327,-70.882, 10.09,1.12,356.15,10.07,5.8,5.9,1010.0,1010.0,0.8,0.4,87.09,78.75,295,308,4.5,6.5,100.0,100.0,5.0,5.0,230.2,257.5,1012.1,1012.1,-5.73,328.95,-0.02,32.0894,7.1009,508.4,60.6,1475.493, NAN, NAN, NAN, NAN,,2024/04/21 01:06:49.333,2024-04-21 01:06:49.333000+00:00
2024/04/21, 01:07:49.333,40.33,-70.882, 10.05,359.44,1.59,9.95,5.8,5.9,1010.1,1010.0,0.0,0.0,87.09,78.75,297,308,4.6,6.5,100.0,100.0,5.2,5.3,233.6,257.4,1012.2,1012.1,-5.79,332.42,-0.01,32.091,7.0841,487.3,60.8,1475.429, NAN, NAN, NAN, NAN,,2024/04/21 01:07:49.333,2024-04-21 01:07:49.333000+00:00
2024/04/21, 01:08:49.333,40.333,-70.882, 10.08,0.33,358.78,9.98,5.8,5.8,1010.1,1009.9,1.1,0.2,87.11,78.75,299,309,4.5,6.6,100.0,100.0,4.9,5.1,232.9,259.4,1012.2,1012.0,-5.87,328.78,-0.02,32.0911,7.0711,480.6,60.5,1475.379, NAN, NAN, NAN, NAN,,2024/04/21 01:08:49.333,2024-04-21 01:08:49.333000+00:00
2024/04/21, 01:09:49.333,40.335,-70.882, 10.07,0.95,356.92,10.1,5.8,5.8,1010.1,1010.0,0.0,0.0,87.11,78.75,304,312,4.2,6.2,100.0,100.0,4.4,4.5,230.2,257.7,1012.2,1012.1,-5.81,330.46,-0.02,32.09,7.057,459.8,60.5,1475.323, NAN, NAN, NAN, NAN,,2024/04/21 01:09:49.333,2024-04-21 01:09:49.333000+00:00
2024/04/21, 01:10:49.333,40.338,-70.882, 10.06,0.49,357.72,10.1,5.8,5.8,1010.0,1010.0,0.6,0.3,87.12,78.76,303,311,4.4,6.6,100.0,100.0,4.5,4.9,232.1,260.4,1012.1,1012.1,-5.86,336.07,-0.02,32.0886,7.0701,480.6,60.6,1475.372, NAN, NAN, NAN, NAN,,2024/04/21 01:10:49.333,2024-04-21 01:10:49.333000+00:00
2024/04/21, 01:11:49.334,40.341,-70.882, 10.12,358.3,0.45,10.02,5.8,5.8,1010.1,1009.9,0.0,0.0,87.12,78.76,304,311,4.5,6.5,100.0,100.0,4.9,5.3,235.7,258.9,1012.2,1012.0,-5.78,337.17,-0.02,32.0809,7.0774,468.1,60.6,1475.391, NAN, NAN, NAN, NAN,,2024/04/21 01:11:49.334,2024-04-21 01:11:49.334000+00:00
2024/04/21, 01:12:49.334,40.344,-70.882, 10.18,356.93,1.18,10.05,5.8,5.8,1010.2,1010.1,1.2,0.1,87.14,78.76,304,310,4.6,6.7,100.0,100.0,4.9,5.5,235.1,258.1,1012.3,1012.2,-5.75,339.02,-0.02,32.0874,7.0633,480.6,60.4,1475.344, NAN, NAN, NAN, NAN,,2024/04/21 01:12:49.334,2024-04-21 01:12:49.334000+00:00
2024/04/21, 01:13:49.334,40.347,-70.882, 10.21,358.02,358.65,10.01,5.8,5.8,1010.3,1010.2,0.0,0.0,87.14,78.76,297,306,5.2,7.1,100.0,100.0,5.4,5.8,236.9,258.4,1012.4,1012.3,-5.54,338.7,-0.02,32.0889,7.0586,492.0,60.5,1475.327, NAN, NAN, NAN, NAN,,2024/04/21 01:13:49.334,2024-04-21 01:13:49.334000+00:00
2024/04/21, 01:14:49.334,40.349,-70.882, 10.39,357.75,355.7,9.88,5.8,5.8,1010.2,1010.1,0.9,0.3,87.16,78.77,297,307,5.0,7.0,100.0,100.0,5.2,5.6,235.3,258.9,1012.3,1012.2,-5.56,335.16,-0.02,32.0888,7.0363,488.0,60.6,1475.241, NAN, NAN, NAN, NAN,,2024/04/21 01:14:49.334,2024-04-21 01:14:49.334000+00:00
2024/04/21, 01:15:49.334,40.352,-70.882, 9.98,357.49,358.24,9.96,5.8,5.8,1010.2,1010.0,0.0,0.0,87.16,78.77,303,309,4.8,6.8,100.0,100.0,4.8,5.4,236.1,258.6,1012.3,1012.1,-5.61,331.85,-0.02,32.0902,7.0032,617.6,60.7,1475.113, NAN, NAN, NAN, NAN,,2024/04/21 01:15:49.334,2024-04-21 01:15:49.334000+00:00
2024/04/21, 01:16:49.334,40.355,-70.882, 10.12,358.09,356.6,10.03,5.8,5.8,1010.2,1010.1,2.0,0.4,87.19,78.78,302,308,5.1,7.0,100.0,100.0,4.8,5.4,237.7,259.2,1012.3,1012.2,-5.72,334.67,-0.02,32.0909,6.9754,641.2,60.6,1475.006, NAN, NAN, NAN, NAN,,2024/04/21 01:16:49.334,2024-04-21 01:16:49.334000+00:00
2024/04/21, 01:17:49.334,40.358,-70.882, 10.11,358.58,357.18,9.95,5.8,5.8,1010.2,1010.1,0.0,0.0,87.19,78.78,300,309,4.9,7.0,100.0,100.0,5.0,5.4,236.0,261.1,1012.3,1012.2,-5.73,334.11,-0.01,32.0928,6.9637,612.6,60.6,1474.962, NAN, NAN, NAN, NAN,,2024/04/21 01:17:49.334,2024-04-21 01:17:49.334000+00:00
2024/04/21, 01:18:49.334,40.36,-70.883, 10.24,357.97,357.77,9.83,5.8,5.8,1010.2,1010.2,1.5,0.4,87.22,78.78,305,311,4.6,6.7,100.0,100.0,4.4,5.0,234.5,260.4,1012.3,1012.3,-5.65,333.24,-0.02,32.096,6.9603,575.0,60.6,1474.953, NAN, NAN, NAN, NAN,,2024/04/21 01:18:49.334,2024-04-21 01:18:49.334000+00:00
2024/04/21, 01:19:49.334,40.363,-70.883, 10.20,357.99,357.51,9.86,5.8,5.8,1010.2,1010.1,0.0,0.0,87.22,78.78,300,308,4.9,7.0,100.0,100.0,5.0,5.6,236.5,260.2,1012.3,1012.2,-5.72,333.98,-0.02,32.0991,6.9556,536.1,60.6,1474.939, NAN, NAN, NAN, NAN,,2024/04/21 01:19:49.334,2024-04-21 01:19:49.334000+00:00
2024/04/21, 01:20:49.334,40.366,-70.883, 9.93,0.88,358.54,9.84,5.8,5.8,1010.3,1010.2,1.4,0.4,87.24,78.79,302,311,4.4,6.6,100.0,100.0,4.4,4.8,233.0,262.2,1012.4,1012.3,-5.72,335.65,-0.02,32.1021,6.9464,539.5,60.4,1474.907, NAN, NAN, NAN, NAN,,2024/04/21 01:20:49.334,2024-04-21 01:20:49.334000+00:00
2024/04/21, 01:21:49.334,40.369,-70.883, 10.01,0.25,0.7,10.01,5.8,5.8,1010.2,1010.1,0.0,0.0,87.24,78.79,302,311,4.6,6.7,100.0,100.0,4.7,5.0,234.7,261.6,1012.3,1012.2,-5.68,333.72,-0.01,32.1037,6.9315,501.4,60.4,1474.85, NAN, NAN, NAN, NAN,,2024/04/21 01:21:49.334,2024-04-21 01:21:49.334000+00:00
2024/04/21, 01:22:49.334,40.371,-70.883, 10.05,359.79,359.59,10.16,5.8,5.8,1010.3,1010.2,2.2,0.1,87.28,78.79,308,313,4.6,7.0,100.0,100.0,4.3,5.1,236.3,264.8,1012.4,1012.3,-5.72,332.09,-0.02,32.1031,6.9057,474.2,60.6,1474.749, NAN, NAN, NAN, NAN,,2024/04/21 01:22:49.334,2024-04-21 01:22:49.334000+00:00
2024/04/21, 01:23:49.334,40.374,-70.883, 10.14,0.02,358.01,9.96,5.8,5.8,1010.4,1010.2,0.0,0.0,87.28,78.79,310,314,4.5,6.9,100.0,100.0,4.1,5.0,237.0,266.2,1012.5,1012.3,-5.82,333.37,-0.02,32.1027,6.8856,447.0,60.5,1474.67, NAN, NAN, NAN, NAN,,2024/04/21 01:23:49.334,2024-04-21 01:23:49.334000+00:00
2024/04/21, 01:24:49.334,40.377,-70.883, 9.97,359.72,357.32,9.99,5.8,5.8,1010.2,1010.2,1.6,0.3,87.31,78.8,306,311,4.7,6.7,100.0,100.0,4.3,4.9,236.5,261.1,1012.3,1012.3,-5.63,333.87,-0.02,32.1007,6.8721,442.2,60.4,1474.614, NAN, NAN, NAN, NAN,,2024/04/21 01:24:49.334,2024-04-21 01:24:49.334000+00:00
2024/04/21, 01:25:49.334,40.38,-70.883, 10.05,359.89,358.93,10.14,5.8,5.8,1010.2,1010.3,0.0,0.0,87.31,78.8,307,312,4.7,7.1,100.0,100.0,4.3,5.2,236.5,264.8,1012.3,1012.4,-5.69,337.71,-0.02,32.0973,6.8573,446.2,60.4,1474.552, NAN, NAN, NAN, NAN,,2024/04/21 01:25:49.334,2024-04-21 01:25:49.334000+00:00
2024/04/21, 01:26:49.335,40.383,-70.883, 10.07,0.17,358.24,10.03,5.7,5.8,1010.3,1010.3,2.8,0.2,87.35,78.8,317,318,4.5,7.0,100.0,100.0,3.5,4.6,238.5,270.7,1012.4,1012.4,-5.66,336.63,-0.02,32.0946,6.8483,439.2,60.4,1474.514, NAN, NAN, NAN, NAN,,2024/04/21 01:26:49.335,2024-04-21 01:26:49.335000+00:00
2024/04/21, 01:27:49.335,40.385,-70.883, 10.07,359.74,1.62,10.16,5.8,5.8,1010.2,1010.2,0.0,0.0,87.35,78.8,315,316,4.4,6.8,100.0,100.0,3.8,4.8,236.4,265.8,1012.3,1012.3,-5.62,338.91,-0.02,32.0923,6.8347,439.6,60.4,1474.458, NAN, NAN, NAN, NAN,,2024/04/21 01:27:49.335,2024-04-21 01:27:49.335000+00:00
2024/04/21, 01:28:49.335,40.388,-70.883, 10.06,358.42,359.16,10.15,5.8,5.8,1010.4,1010.1,2.3,0.4,87.39,78.81,312,315,4.6,6.9,100.0,100.0,4.0,4.9,236.3,264.4,1012.5,1012.2,-5.56,337.43,-0.02,32.0908,6.825,443.0,60.4,1474.418, NAN, NAN, NAN, NAN,,2024/04/21 01:28:49.335,2024-04-21 01:28:49.335000+00:00
2024/04/21, 01:29:49.335,40.391,-70.883, 10.08,357.84,359.89,10.11,5.7,5.8,1010.3,1010.1,0.0,0.0,87.39,78.81,312,315,4.9,7.2,100.0,100.0,4.3,5.3,241.2,266.7,1012.4,1012.2,-5.58,335.99,-0.02,32.0887,6.8253,438.8,60.4,1474.416, NAN, NAN, NAN, NAN,,2024/04/21 01:29:49.335,2024-04-21 01:29:49.335000+00:00
2024/04/21, 01:30:49.335,40.394,-70.883, 10.10,357.3,0.75,10.13,5.8,5.8,1010.3,1010.2,2.1,0.3,87.43,78.81,304,310,5.1,7.2,100.0,100.0,5.0,5.7,239.0,261.5,1012.4,1012.3,-5.61,334.18,-0.01,32.0877,6.8217,441.9,60.5,1474.401, NAN, NAN, NAN, NAN,,2024/04/21 01:30:49.335,2024-04-21 01:30:49.335000+00:00
2024/04/21, 01:31:49.335,40.397,-70.883, 9.99,359.86,359.48,10.05,5.8,5.8,1010.4,1010.1,0.0,0.0,87.43,78.81,304,311,4.2,6.4,100.0,100.0,4.5,4.9,230.9,258.5,1012.5,1012.2,-5.55,334.95,-0.02,32.0862,6.8124,433.2,60.4,1474.363, NAN, NAN, NAN, NAN,,2024/04/21 01:31:49.335,2024-04-21 01:31:49.335000+00:00
2024/04/21, 01:32:49.335,40.399,-70.883, 9.97,0.21,2.85,10.01,5.7,5.8,1010.3,1010.2,1.8,0.4,87.46,78.82,299,308,4.6,6.7,100.0,100.0,5.0,5.5,234.9,259.5,1012.4,1012.3,-5.64,333.88,-0.01,32.0862,6.8038,426.4,60.3,1474.329, NAN, NAN, NAN, NAN,,2024/04/21 01:32:49.335,2024-04-21 01:32:49.335000+00:00
2024/04/21, 01:33:49.335,40.402,-70.883, 9.97,2.43,0.07,10.09,5.7,5.8,1010.3,1010.2,0.0,0.0,87.46,78.82,299,308,4.8,6.9,100.0,100.0,4.9,5.3,236.5,262.2,1012.4,1012.3,-5.69,332.36,-0.01,32.0864,6.7966,412.9,60.5,1474.301, NAN, NAN, NAN, NAN,,2024/04/21 01:33:49.335,2024-04-21 01:33:49.335000+00:00
2024/04/21, 01:34:49.335,40.405,-70.883, 9.98,2.02,3.47,10.02,5.7,5.7,1010.3,1010.2,1.7,0.4,87.49,78.83,304,310,4.7,6.7,100.0,100.0,4.7,5.2,239.4,262.8,1012.4,1012.3,-5.63,334.71,-0.01,32.0872,6.7976,401.9,60.6,1474.306, NAN, NAN, NAN, NAN,,2024/04/21 01:34:49.335,2024-04-21 01:34:49.335000+00:00
2024/04/21, 01:35:49.335,40.408,-70.883, 9.96,1.77,1.15,9.92,5.7,5.7,1010.4,1010.3,0.0,0.0,87.49,78.83,295,306,4.7,6.7,100.0,100.0,5.4,5.7,236.3,259.9,1012.5,1012.4,-5.78,331.14,-0.01,32.0873,6.8068,395.8,60.5,1474.342, NAN, NAN, NAN, NAN,,2024/04/21 01:35:49.335,2024-04-21 01:35:49.335000+00:00
2024/04/21, 01:36:49.335,40.411,-70.883, 9.93,1.46,1.71,9.9,5.7,5.7,1010.4,1010.3,1.3,0.6,87.51,78.84,298,307,5.1,7.1,100.0,100.0,5.3,5.8,240.8,263.3,1012.5,1012.4,-5.9,328.32,-0.02,32.0888,6.8225,394.5,60.4,1474.405, NAN, NAN, NAN, NAN,,2024/04/21 01:36:49.335,2024-04-21 01:36:49.335000+00:00
2024/04/21, 01:37:49.335,40.413,-70.883, 9.94,2.12,3.58,9.82,5.7,5.7,1010.4,1010.2,0.0,0.0,87.51,78.84,300,308,5.1,6.9,100.0,100.0,5.2,5.7,243.7,264.1,1012.5,1012.3,-5.78,326.11,-0.01,32.0897,6.8237,389.7,60.5,1474.411, NAN, NAN, NAN, NAN,,2024/04/21 01:37:49.335,2024-04-21 01:37:49.335000+00:00
2024/04/21, 01:38:49.335,40.416,-70.883, 9.99,2.47,1.7,9.88,5.7,5.7,1010.4,1010.5,1.2,0.2,87.53,78.85,302,309,5.1,7.2,100.0,100.0,4.7,5.4,242.5,266.7,1012.5,1012.6,-5.71,323.93,-0.02,32.0912,6.8452,393.1,60.4,1474.497, NAN, NAN, NAN, NAN,,2024/04/21 01:38:49.335,2024-04-21 01:38:49.335000+00:00
2024/04/21, 01:39:49.335,40.419,-70.882, 9.93,1.92,5.34,10.0,5.7,5.7,1010.5,1010.4,0.0,0.0,87.53,78.85,303,309,5.4,7.6,100.0,100.0,5.3,6.2,247.3,268.7,1012.6,1012.5,-5.93,327.91,-0.01,32.0912,6.8644,386.7,60.6,1474.572, NAN, NAN, NAN, NAN,,2024/04/21 01:39:49.335,2024-04-21 01:39:49.335000+00:00
2024/04/21, 01:40:49.335,40.421,-70.882, 9.88,2.48,2.41,9.72,5.7,5.8,1010.7,1010.5,0.2,0.4,87.53,78.85,302,308,5.2,7.2,100.0,100.0,4.9,5.6,245.2,266.8,1012.8,1012.6,-5.7,326.07,-0.02,32.0933,6.8764,384.4,60.6,1474.622, NAN, NAN, NAN, NAN,,2024/04/21 01:40:49.335,2024-04-21 01:40:49.335000+00:00
2024/04/21, 01:41:49.335,40.424,-70.882, 9.86,2.03,0.34,9.62,5.7,5.8,1010.5,1010.3,0.0,0.0,87.53,78.85,300,308,5.3,7.2,100.0,100.0,5.1,5.7,245.5,266.9,1012.6,1012.4,-5.85,326.04,-0.02,32.0943,6.8797,380.8,60.5,1474.636, NAN, NAN, NAN, NAN,,2024/04/21 01:41:49.335,2024-04-21 01:41:49.335000+00:00
2024/04/21, 01:42:49.336,40.427,-70.882, 9.85,2.08,0.83,9.7,5.7,5.8,1010.4,1010.3,1.3,0.5,87.56,78.86,303,309,5.1,7.2,100.0,100.0,4.8,5.6,244.6,267.4,1012.5,1012.4,-5.85,325.99,-0.02,32.0979,6.8761,381.7,60.6,1474.627, NAN, NAN, NAN, NAN,,2024/04/21 01:42:49.336,2024-04-21 01:42:49.336000+00:00
2024/04/21, 01:43:49.336,40.43,-70.882, 9.86,5.38,6.54,9.68,5.7,5.8,1010.5,1010.3,0.0,0.0,87.56,78.86,302,308,5.3,7.4,100.0,100.0,5.0,5.9,249.9,271.3,1012.6,1012.4,-5.79,324.07,-0.02,32.0989,6.8708,375.6,60.6,1474.607, NAN, NAN, NAN, NAN,,2024/04/21 01:43:49.336,2024-04-21 01:43:49.336000+00:00
2024/04/21, 01:44:49.336,40.432,-70.881, 9.81,6.47,7.19,9.68,5.7,5.8,1010.5,1010.3,1.8,0.3,87.59,78.87,305,311,4.9,7.2,100.0,100.0,4.7,5.6,249.1,273.9,1012.6,1012.4,-5.87,325.42,-0.01,32.0993,6.8698,367.2,60.4,1474.604, NAN, NAN, NAN, NAN,,2024/04/21 01:44:49.336,2024-04-21 01:44:49.336000+00:00
2024/04/21, 01:45:49.336,40.435,-70.881, 9.79,6.83,6.64,9.77,5.8,5.8,1010.6,1010.5,0.0,0.0,87.59,78.87,304,310,5.2,7.2,100.0,100.0,4.7,5.4,250.2,272.7,1012.7,1012.6,-5.89,324.84,-0.02,32.0984,6.8798,367.5,60.3,1474.642, NAN, NAN, NAN, NAN,,2024/04/21 01:45:49.336,2024-04-21 01:45:49.336000+00:00
2024/04/21, 01:46:49.336,40.438,-70.88, 9.72,10.1,10.58,9.46,5.8,5.8,1010.6,1010.6,1.5,0.7,87.61,78.88,307,311,4.8,7.0,100.0,100.0,4.3,5.2,252.6,277.2,1012.7,1012.7,-5.85,326.84,-0.02,32.0983,6.8936,362.7,60.4,1474.695, NAN, NAN, NAN, NAN,,2024/04/21 01:46:49.336,2024-04-21 01:46:49.336000+00:00
2024/04/21, 01:47:49.336,40.44,-70.88, 9.77,7.94,11.64,9.66,5.8,5.9,1010.5,1010.5,0.0,0.0,87.61,78.88,299,308,4.8,6.9,100.0,100.0,5.2,5.8,247.8,271.0,1012.6,1012.6,-5.85,328.29,-0.01,32.0999,6.9062,375.5,60.5,1474.747, NAN, NAN, NAN, NAN,,2024/04/21 01:47:49.336,2024-04-21 01:47:49.336000+00:00
2024/04/21, 01:48:49.336,40.443,-70.879, 9.84,8.49,6.87,9.52,5.8,5.9,1010.5,1010.5,1.6,0.5,87.64,78.89,297,307,4.8,6.8,100.0,100.0,5.2,5.6,246.8,270.3,1012.6,1012.6,-5.96,326.9,-0.02,32.0999,6.917,375.6,60.6,1474.789, NAN, NAN, NAN, NAN,,2024/04/21 01:48:49.336,2024-04-21 01:48:49.336000+00:00
2024/04/21, 01:49:49.336,40.445,-70.878, 9.82,9.68,8.81,9.8,5.9,5.9,1010.5,1010.7,0.0,0.0,87.64,78.89,299,307,4.8,6.8,100.0,100.0,5.0,5.5,247.0,269.9,1012.6,1012.8,-5.8,328.64,-0.01,32.1011,6.9411,391.5,60.6,1474.885, NAN, NAN, NAN, NAN,,2024/04/21 01:49:49.336,2024-04-21 01:49:49.336000+00:00
2024/04/21, 01:50:49.336,40.448,-70.878, 9.82,8.66,11.42,9.7,5.9,5.9,1010.7,1010.5,2.0,0.2,87.68,78.89,304,310,4.5,6.4,100.0,100.0,4.7,5.3,247.1,269.2,1012.8,1012.6,-5.9,328.61,-0.02,32.1021,6.9692,395.8,60.6,1474.996, NAN, NAN, NAN, NAN,,2024/04/21 01:50:49.336,2024-04-21 01:50:49.336000+00:00
2024/04/21, 01:51:49.336,40.451,-70.877, 9.82,8.53,15.35,9.79,5.9,5.9,1010.7,1010.5,0.0,0.0,87.68,78.89,298,306,5.0,7.0,100.0,100.0,5.4,6.0,249.0,269.9,1012.8,1012.6,-5.87,330.37,-0.02,32.1041,6.9833,409.9,60.7,1475.053, NAN, NAN, NAN, NAN,,2024/04/21 01:51:49.336,2024-04-21 01:51:49.336000+00:00
2024/04/21, 01:52:49.336,40.453,-70.876, 9.85,8.43,13.0,9.66,5.9,6.0,1010.8,1010.5,1.8,0.4,87.71,78.9,303,308,4.8,6.9,100.0,100.0,5.0,5.9,250.5,271.6,1012.9,1012.6,-5.8,329.99,-0.02,32.1049,6.9766,424.4,60.6,1475.028, NAN, NAN, NAN, NAN,,2024/04/21 01:52:49.336,2024-04-21 01:52:49.336000+00:00
2024/04/21, 01:53:49.336,40.456,-70.876, 9.89,8.15,10.72,9.68,5.9,5.9,1010.7,1010.5,0.0,0.0,87.71,78.9,300,307,5.0,6.9,100.0,100.0,5.1,5.7,249.3,269.9,1012.8,1012.6,-5.74,331.18,-0.01,32.1068,6.9608,454.7,60.7,1474.969, NAN, NAN, NAN, NAN,,2024/04/21 01:53:49.336,2024-04-21 01:53:49.336000+00:00
2024/04/21, 01:54:49.336,40.459,-70.875, 9.87,8.72,10.85,9.7,5.9,6.0,1010.7,1010.5,0.9,0.8,87.72,78.91,296,306,5.2,6.9,100.0,100.0,5.6,5.9,250.1,269.8,1012.8,1012.6,-5.7,332.82,-0.02,32.105,6.9448,471.2,60.8,1474.904, NAN, NAN, NAN, NAN,,2024/04/21 01:54:49.336,2024-04-21 01:54:49.336000+00:00
2024/04/21, 01:55:49.336,40.461,-70.874, 9.87,8.11,11.33,9.77,5.9,6.0,1010.7,1010.7,0.0,0.0,87.72,78.91,294,303,5.2,6.9,100.0,100.0,5.8,6.2,248.1,266.4,1012.8,1012.8,-5.71,333.98,-0.02,32.1037,6.9265,463.5,60.6,1474.831, NAN, NAN, NAN, NAN,,2024/04/21 01:55:49.336,2024-04-21 01:55:49.336000+00:00
2024/04/21, 01:56:49.336,40.464,-70.874, 9.85,8.86,6.34,9.7,5.9,6.0,1010.7,1010.8,0.7,0.7,87.74,78.93,295,304,5.3,7.1,100.0,100.0,5.4,5.8,248.3,268.8,1012.8,1012.9,-5.67,334.19,-0.02,32.1026,6.916,463.2,60.6,1474.788, NAN, NAN, NAN, NAN,,2024/04/21 01:56:49.336,2024-04-21 01:56:49.336000+00:00
2024/04/21, 01:57:49.336,40.467,-70.873, 9.88,8.75,11.96,9.9,6.0,6.0,1010.7,1010.7,0.0,0.0,87.74,78.93,293,304,5.0,6.7,100.0,100.0,5.8,5.9,245.9,265.8,1012.8,1012.8,-5.7,335.25,-0.02,32.1011,6.9031,450.0,60.4,1474.736, NAN, NAN, NAN, NAN,,2024/04/21 01:57:49.336,2024-04-21 01:57:49.336000+00:00
2024/04/21, 01:58:49.337,40.469,-70.872, 9.86,8.1,14.52,9.84,6.0,6.0,1010.8,1010.5,0.6,1.1,87.75,78.95,288,297,5.7,6.9,100.0,100.0,6.8,6.9,249.2,262.2,1012.9,1012.6,-5.73,333.79,-0.02,32.0999,6.8907,436.9,60.4,1474.686, NAN, NAN, NAN, NAN,,2024/04/21 01:58:49.337,2024-04-21 01:58:49.337000+00:00
2024/04/21, 01:59:49.337,40.472,-70.872, 9.83,7.69,13.08,9.76,6.0,6.0,1010.8,1010.7,0.0,0.0,87.75,78.95,285,289,5.8,6.5,100.0,100.0,6.9,7.1,247.1,253.6,1012.9,1012.8,-5.63,335.14,-0.02,32.0986,6.8925,443.0,60.3,1474.692, NAN, NAN, NAN, NAN,,2024/04/21 01:59:49.337,2024-04-21 01:59:49.337000+00:00
2024/04/21, 02:00:49.337,40.475,-70.871, 9.85,9.12,7.94,9.92,6.0,6.1,1010.8,1010.7,1.5,0.4,87.77,78.95,284,288,5.5,6.3,100.0,100.0,6.5,6.7,243.7,251.2,1012.9,1012.8,-5.74,335.78,-0.02,32.0985,6.9002,426.5,60.3,1474.722, NAN, NAN, NAN, NAN,,2024/04/21 02:00:49.337,2024-04-21 02:00:49.337000+00:00
2024/04/21, 02:01:49.337,40.478,-70.87, 9.92,8.01,12.25,9.98,6.1,6.1,1010.7,1010.7,0.0,0.0,87.77,78.95,284,287,5.8,6.5,100.0,100.0,6.9,7.2,245.6,251.5,1012.8,1012.8,-5.6,339.3,-0.02,32.098,6.9066,416.3,60.6,1474.746, NAN, NAN, NAN, NAN,,2024/04/21 02:01:49.337,2024-04-21 02:01:49.337000+00:00
2024/04/21, 02:02:49.337,40.48,-70.87, 9.91,7.31,11.74,9.91,6.1,6.2,1010.8,1010.7,1.5,0.2,87.8,78.96,284,289,5.5,6.4,100.0,100.0,6.7,6.9,243.2,251.7,1012.9,1012.8,-5.62,343.36,-0.02,32.0977,6.9057,408.6,60.4,1474.742, NAN, NAN, NAN, NAN,,2024/04/21 02:02:49.337,2024-04-21 02:02:49.337000+00:00
2024/04/21, 02:03:49.337,40.483,-70.869, 9.97,6.74,6.36,9.76,6.1,6.2,1010.8,1010.5,0.0,0.0,87.8,78.96,284,287,5.8,6.5,100.0,100.0,6.8,7.1,244.5,250.5,1012.9,1012.6,-5.52,346.75,-0.02,32.099,6.8993,419.0,60.6,1474.719, NAN, NAN, NAN, NAN,,2024/04/21 02:03:49.337,2024-04-21 02:03:49.337000+00:00
2024/04/21, 02:04:49.337,40.486,-70.869, 9.98,7.77,5.27,9.81,6.2,6.2,1010.7,1010.6,0.8,0.4,87.81,78.96,277,280,5.3,5.8,100.0,100.0,6.8,7.0,237.7,242.3,1012.8,1012.7,-5.49,345.72,-0.02,32.1001,6.8909,414.7,60.4,1474.687, NAN, NAN, NAN, NAN,,2024/04/21 02:04:49.337,2024-04-21 02:04:49.337000+00:00
2024/04/21, 02:05:49.337,40.488,-70.868, 9.95,8.14,7.97,9.84,6.2,6.2,1010.6,1010.6,0.0,0.0,87.81,78.96,279,277,5.6,6.1,100.0,100.0,6.9,7.4,241.1,242.7,1012.7,1012.7,-5.46,341.57,-0.02,32.1008,6.8976,412.3,60.5,1474.714, NAN, NAN, NAN, NAN,,2024/04/21 02:05:49.337,2024-04-21 02:05:49.337000+00:00
2024/04/21, 02:06:49.337,40.491,-70.868, 9.82,7.57,10.63,9.76,6.2,6.2,1010.6,1010.5,0.8,0.5,87.83,78.97,274,274,5.5,5.8,100.0,100.0,7.2,7.5,237.9,239.4,1012.7,1012.6,-5.47,335.34,-0.02,32.101,6.9193,410.4,60.4,1474.799, NAN, NAN, NAN, NAN,,2024/04/21 02:06:49.337,2024-04-21 02:06:49.337000+00:00
2024/04/21, 02:07:49.337,40.494,-70.867, 9.87,7.06,9.28,9.87,6.2,6.3,1010.5,1010.5,0.0,0.0,87.83,78.97,274,274,5.7,5.9,100.0,100.0,7.6,7.8,239.3,240.3,1012.6,1012.6,-5.57,331.73,-0.02,32.102,6.9352,416.6,60.0,1474.863, NAN, NAN, NAN, NAN,,2024/04/21 02:07:49.337,2024-04-21 02:07:49.337000+00:00
2024/04/21, 02:08:49.337,40.497,-70.867, 9.88,8.69,6.4,9.94,6.2,6.3,1010.7,1010.5,0.8,0.3,87.84,78.98,275,277,5.8,6.2,100.0,100.0,7.3,7.4,239.4,242.7,1012.8,1012.6,-5.65,330.83,-0.02,32.1037,6.9423,423.0,60.2,1474.893, NAN, NAN, NAN, NAN,,2024/04/21 02:08:49.337,2024-04-21 02:08:49.337000+00:00
2024/04/21, 02:09:49.337,40.499,-70.866, 9.88,7.1,10.69,9.92,6.2,6.3,1010.7,1010.5,0.0,0.0,87.84,78.98,275,277,5.8,6.2,100.0,100.0,7.6,7.8,240.1,243.2,1012.8,1012.6,-5.79,331.2,-0.02,32.1048,6.976,435.2,60.1,1475.025, NAN, NAN, NAN, NAN,,2024/04/21 02:09:49.337,2024-04-21 02:09:49.337000+00:00
2024/04/21, 02:10:49.337,40.502,-70.865, 9.88,7.23,9.75,9.91,6.2,6.3,1010.7,1010.6,0.6,0.2,87.85,78.98,277,278,5.8,6.2,100.0,100.0,7.4,7.6,241.0,243.6,1012.8,1012.7,-5.81,332.81,-0.02,32.1044,7.0073,442.8,60.2,1475.147, NAN, NAN, NAN, NAN,,2024/04/21 02:10:49.337,2024-04-21 02:10:49.337000+00:00
2024/04/21, 02:11:49.337,40.505,-70.865, 9.86,7.04,12.36,9.92,6.2,6.3,1010.7,1010.6,0.0,0.0,87.85,78.98,274,275,5.6,5.8,100.0,100.0,7.6,7.7,238.8,240.4,1012.8,1012.7,-5.79,333.7,-0.02,32.1054,7.0174,443.3,60.2,1475.188, NAN, NAN, NAN, NAN,,2024/04/21 02:11:49.337,2024-04-21 02:11:49.337000+00:00
2024/04/21, 02:12:49.337,40.507,-70.864, 9.76,7.62,11.11,9.85,6.2,6.3,1010.8,1010.3,1.1,0.3,87.87,78.99,275,276,5.9,6.3,100.0,100.0,7.6,7.8,240.8,243.3,1012.9,1012.4,-5.82,334.71,-0.02,32.105,7.0122,460.4,60.0,1475.167, NAN, NAN, NAN, NAN,,2024/04/21 02:12:49.337,2024-04-21 02:12:49.337000+00:00
2024/04/21, 02:13:49.338,40.51,-70.864, 9.81,7.49,8.25,9.73,6.2,6.3,1010.7,1010.5,0.0,0.0,87.87,78.99,276,279,5.9,6.1,100.0,100.0,7.4,7.4,241.3,244.1,1012.8,1012.6,-5.71,335.51,-0.02,32.0995,7.0043,478.2,60.2,1475.129, NAN, NAN, NAN, NAN,,2024/04/21 02:13:49.338,2024-04-21 02:13:49.338000+00:00
2024/04/21, 02:14:49.338,40.513,-70.863, 9.79,7.41,12.59,9.79,6.3,6.4,1010.6,1010.5,0.5,0.4,87.88,79.0,274,277,5.9,6.4,100.0,100.0,7.8,8.0,241.3,245.4,1012.7,1012.6,-5.78,334.99,-0.02,32.091,6.9913,483.6,60.4,1475.068, NAN, NAN, NAN, NAN,,2024/04/21 02:14:49.338,2024-04-21 02:14:49.338000+00:00
2024/04/21, 02:15:49.338,40.515,-70.863, 9.82,6.79,8.28,9.71,6.3,6.4,1010.7,1010.5,0.0,0.0,87.88,79.0,278,279,5.6,6.2,100.0,100.0,7.1,7.4,240.2,244.0,1012.8,1012.6,-5.7,335.05,-0.02,32.0801,6.971,495.8,60.4,1474.975, NAN, NAN, NAN, NAN,,2024/04/21 02:15:49.338,2024-04-21 02:15:49.338000+00:00
2024/04/21, 02:16:49.338,40.518,-70.862, 9.81,6.64,11.24,9.81,6.4,6.4,1010.6,1010.5,0.0,0.0,87.88,79.0,279,281,5.9,6.3,100.0,100.0,7.5,7.6,243.3,246.5,1012.7,1012.6,-5.78,335.25,-0.02,32.0727,6.9512,496.4,60.2,1474.889, NAN, NAN, NAN, NAN,,2024/04/21 02:16:49.338,2024-04-21 02:16:49.338000+00:00
2024/04/21, 02:17:49.338,40.521,-70.862, 9.75,3.66,1.53,9.48,6.4,6.5,1010.7,1010.5,0.0,0.0,87.88,79.0,282,283,6.1,6.6,100.0,100.0,7.1,7.4,242.9,246.2,1012.8,1012.6,-5.72,335.08,-0.01,32.0626,6.9253,508.1,60.3,1474.775, NAN, NAN, NAN, NAN,,2024/04/21 02:17:49.338,2024-04-21 02:17:49.338000+00:00
2024/04/21, 02:18:49.338,40.523,-70.861, 9.47,356.35,357.52,9.28,6.5,6.6,1010.6,1010.6,0.0,0.0,87.88,79.0,288,296,6.7,8.2,100.0,100.0,7.0,7.6,243.8,257.4,1012.7,1012.7,-5.66,334.48,-0.02,32.0489,6.9091,513.2,60.2,1474.694, NAN, NAN, NAN, NAN,,2024/04/21 02:18:49.338,2024-04-21 02:18:49.338000+00:00
2024/04/21, 02:19:49.338,40.526,-70.862, 9.36,350.83,354.46,9.19,6.5,6.6,1010.6,1010.6,0.0,0.0,87.88,79.0,296,300,7.1,8.6,100.0,100.0,6.8,7.7,247.2,257.7,1012.7,1012.7,-5.69,333.82,-0.01,32.0356,6.9012,511.2,60.2,1474.647, NAN, NAN, NAN, NAN,,2024/04/21 02:19:49.338,2024-04-21 02:19:49.338000+00:00
2024/04/21, 02:20:49.338,40.528,-70.862, 9.44,348.42,354.2,9.34,6.6,6.7,1010.7,1010.5,0.0,0.0,87.88,79.0,298,304,7.5,9.3,100.0,100.0,7.1,8.1,248.2,261.4,1012.8,1012.6,-5.67,332.99,-0.02,32.0198,6.8933,504.1,60.3,1474.596, NAN, NAN, NAN, NAN,,2024/04/21 02:20:49.338,2024-04-21 02:20:49.338000+00:00
2024/04/21, 02:21:49.338,40.531,-70.863, 9.56,349.55,355.6,9.53,6.6,6.7,1010.8,1010.6,0.0,0.0,87.88,79.0,300,304,7.6,9.6,100.0,100.0,7.0,8.4,250.7,262.9,1012.9,1012.7,-5.64,332.19,-0.02,32.009,6.8866,489.7,60.2,1474.556, NAN, NAN, NAN, NAN,,2024/04/21 02:21:49.338,2024-04-21 02:21:49.338000+00:00
2024/04/21, 02:22:49.338,40.534,-70.863, 9.51,343.79,347.78,9.28,6.7,6.8,1010.7,1010.6,0.0,0.0,87.88,79.0,299,304,8.1,10.0,100.0,100.0,7.4,8.6,247.4,259.3,1012.8,1012.7,-5.62,331.59,-0.02,32.0013,6.8731,480.6,60.4,1474.494, NAN, NAN, NAN, NAN,,2024/04/21 02:22:49.338,2024-04-21 02:22:49.338000+00:00
2024/04/21, 02:23:49.338,40.536,-70.864, 9.71,345.99,350.1,9.69,6.7,6.8,1010.8,1010.6,0.0,0.0,87.88,79.0,303,307,8.3,10.5,100.0,100.0,7.2,8.7,252.3,264.9,1012.9,1012.7,-5.65,332.25,-0.02,31.9973,6.8558,477.6,60.4,1474.421, NAN, NAN, NAN, NAN,,2024/04/21 02:23:49.338,2024-04-21 02:23:49.338000+00:00
2024/04/21, 02:24:49.338,40.539,-70.865, 9.94,344.23,343.29,9.82,6.8,6.8,1010.8,1010.7,0.0,0.0,87.88,79.0,305,308,8.0,10.3,100.0,100.0,6.6,8.2,250.2,263.3,1012.9,1012.8,-5.66,333.39,-0.02,31.9948,6.8516,472.1,60.2,1474.402, NAN, NAN, NAN, NAN,,2024/04/21 02:24:49.338,2024-04-21 02:24:49.338000+00:00
2024/04/21, 02:25:49.338,40.541,-70.866, 10.16,344.37,346.96,10.14,6.8,6.8,1010.8,1010.7,0.0,0.0,87.88,79.0,306,309,8.2,10.6,100.0,100.0,6.9,8.6,251.1,264.2,1012.9,1012.8,-5.54,334.85,-0.02,31.9903,6.8672,464.8,60.3,1474.457, NAN, NAN, NAN, NAN,,2024/04/21 02:25:49.338,2024-04-21 02:25:49.338000+00:00
2024/04/21, 02:26:49.338,40.544,-70.866, 10.27,344.32,345.45,10.08,6.8,6.8,1010.8,1010.6,0.0,0.0,87.88,79.0,304,307,9.0,11.2,100.0,100.0,7.6,9.2,253.2,264.1,1012.9,1012.7,-5.52,338.07,-0.01,31.9872,6.872,460.1,60.0,1474.472, NAN, NAN, NAN, NAN,,2024/04/21 02:26:49.338,2024-04-21 02:26:49.338000+00:00
2024/04/21, 02:27:49.338,40.547,-70.867, 10.29,343.51,347.03,10.1,6.8,6.9,1010.8,1010.8,0.0,0.0,87.88,79.0,313,314,9.6,12.3,100.0,100.0,7.5,9.8,264.0,273.6,1012.9,1012.9,-5.53,341.92,-0.02,31.9866,6.8893,451.6,60.0,1474.539, NAN, NAN, NAN, NAN,,2024/04/21 02:27:49.338,2024-04-21 02:27:49.338000+00:00
2024/04/21, 02:28:49.338,40.55,-70.868, 9.92,346.6,350.66,9.9,6.9,6.9,1011.0,1010.8,0.0,0.0,87.88,79.0,319,318,9.9,12.6,100.0,100.0,7.4,9.9,275.7,282.4,1013.1,1012.9,-5.52,348.59,-0.02,31.9942,6.9247,444.6,60.1,1474.687, NAN, NAN, NAN, NAN,,2024/04/21 02:28:49.338,2024-04-21 02:28:49.338000+00:00
2024/04/21, 02:29:49.339,40.552,-70.869, 9.98,348.61,349.44,9.87,6.9,6.9,1011.3,1011.1,0.0,0.0,87.88,79.0,319,318,10.5,13.4,100.0,100.0,7.5,10.3,280.9,287.0,1013.4,1013.2,-5.47,358.11,-0.02,31.9938,7.0004,436.1,60.2,1474.982, NAN, NAN, NAN, NAN,,2024/04/21 02:29:49.339,2024-04-21 02:29:49.339000+00:00
2024/04/21, 02:30:49.339,40.555,-70.869, 10.01,348.01,349.42,9.77,6.9,6.9,1011.2,1011.1,0.0,0.0,87.88,79.0,325,322,10.3,13.2,100.0,100.0,6.9,9.9,287.5,291.1,1013.3,1013.2,-5.33,357.28,-0.02,31.9968,7.0436,431.8,60.2,1475.154, NAN, NAN, NAN, NAN,,2024/04/21 02:30:49.339,2024-04-21 02:30:49.339000+00:00
2024/04/21, 02:31:49.339,40.558,-70.87, 9.92,347.38,350.43,9.83,6.9,6.9,1011.3,1011.1,0.0,0.0,87.88,79.0,328,324,10.4,13.5,100.0,100.0,6.9,10.1,290.7,293.1,1013.4,1013.2,-5.28,350.79,-0.02,32.0109,7.0369,440.0,60.1,1475.146, NAN, NAN, NAN, NAN,,2024/04/21 02:31:49.339,2024-04-21 02:31:49.339000+00:00
2024/04/21, 02:32:49.339,40.56,-70.87, 9.94,348.87,349.26,9.73,6.9,6.9,1011.3,1011.1,0.0,0.0,87.88,79.0,327,324,11.9,14.5,100.0,100.0,8.2,10.9,296.0,296.9,1013.4,1013.2,-5.28,350.58,-0.02,32.0247,7.0057,457.4,60.1,1475.041, NAN, NAN, NAN, NAN,,2024/04/21 02:32:49.339,2024-04-21 02:32:49.339000+00:00
2024/04/21, 02:33:49.339,40.563,-70.871, 9.73,345.9,352.6,9.53,6.9,7.0,1011.3,1011.1,0.0,0.0,87.88,79.0,330,326,11.3,11.9,100.0,100.0,7.8,8.7,294.7,291.0,1013.4,1013.2,-5.37,354.3,-0.02,32.0259,6.9739,468.8,60.0,1474.919, NAN, NAN, NAN, NAN,,2024/04/21 02:33:49.339,2024-04-21 02:33:49.339000+00:00
2024/04/21, 02:34:49.339,40.566,-70.872, 9.63,345.77,346.92,9.42,7.0,7.0,1011.4,1011.0,0.0,0.0,87.88,79.0,329,326,11.1,12.3,100.0,100.0,7.5,8.8,294.3,293.1,1013.5,1013.1,-5.37,355.72,-0.02,32.0193,6.9583,464.4,60.0,1474.849, NAN, NAN, NAN, NAN,,2024/04/21 02:34:49.339,2024-04-21 02:34:49.339000+00:00
2024/04/21, 02:35:49.339,40.568,-70.873, 9.67,345.3,350.15,9.49,7.0,7.1,1011.4,1011.2,0.0,0.0,87.88,79.0,326,323,11.0,13.6,100.0,100.0,7.7,10.4,288.7,290.5,1013.5,1013.3,-5.3,354.64,-0.02,32.0083,6.9552,454.0,60.2,1474.824, NAN, NAN, NAN, NAN,,2024/04/21 02:35:49.339,2024-04-21 02:35:49.339000+00:00
2024/04/21, 02:36:49.339,40.571,-70.873, 9.67,345.89,348.44,9.43,7.1,7.2,1011.5,1011.2,0.0,0.0,87.88,79.0,327,323,11.2,13.5,100.0,100.0,7.7,10.2,291.9,291.5,1013.6,1013.3,-5.32,353.03,-0.01,31.9893,6.9468,443.6,60.2,1474.767, NAN, NAN, NAN, NAN,,2024/04/21 02:36:49.339,2024-04-21 02:36:49.339000+00:00
2024/04/21, 02:37:49.339,40.573,-70.874, 9.72,345.21,348.59,9.45,7.2,7.2,1011.3,1011.2,0.0,0.0,87.88,79.0,325,322,11.0,13.7,100.0,100.0,7.8,10.5,287.5,289.5,1013.4,1013.3,-5.26,353.08,-0.02,31.9691,6.9421,449.2,60.2,1474.723, NAN, NAN, NAN, NAN,,2024/04/21 02:37:49.339,2024-04-21 02:37:49.339000+00:00
2024/04/21, 02:38:49.339,40.576,-70.875, 9.70,345.51,346.53,9.55,7.2,7.3,1011.5,1011.2,0.0,0.0,87.88,79.0,324,322,11.6,14.4,100.0,100.0,8.3,11.1,288.0,290.9,1013.6,1013.3,-5.34,353.94,-0.02,31.9509,6.9428,457.4,60.0,1474.703, NAN, NAN, NAN, NAN,,2024/04/21 02:38:49.339,2024-04-21 02:38:49.339000+00:00
2024/04/21, 02:39:49.339,40.579,-70.876, 9.69,346.5,346.75,9.59,7.2,7.3,1011.5,1011.3,0.0,0.0,87.88,79.0,325,323,10.8,13.6,100.0,100.0,7.4,10.2,288.3,292.0,1013.6,1013.4,-5.28,353.85,-0.02,31.9328,6.9425,461.4,60.0,1474.68, NAN, NAN, NAN, NAN,,2024/04/21 02:39:49.339,2024-04-21 02:39:49.339000+00:00
2024/04/21, 02:40:49.339,40.581,-70.876, 9.82,345.72,348.59,9.74,7.3,7.3,1011.5,1011.3,0.0,0.0,87.88,79.0,326,323,10.3,13.1,100.0,100.0,6.9,9.8,286.4,289.7,1013.6,1013.4,-5.3,353.87,-0.02,31.9189,6.945,468.4,60.2,1474.672, NAN, NAN, NAN, NAN,,2024/04/21 02:40:49.339,2024-04-21 02:40:49.339000+00:00
2024/04/21, 02:41:49.339,40.584,-70.877, 9.93,345.97,351.41,9.84,7.3,7.4,1011.5,1011.2,0.0,0.0,87.88,79.0,329,325,10.7,13.4,100.0,100.0,7.2,10.0,291.1,292.4,1013.6,1013.3,-5.28,352.67,-0.02,31.9103,6.9471,472.9,60.2,1474.669, NAN, NAN, NAN, NAN,,2024/04/21 02:41:49.339,2024-04-21 02:41:49.339000+00:00
2024/04/21, 02:42:49.339,40.587,-70.878, 10.01,345.67,349.12,9.8,7.3,7.4,1011.4,1011.3,0.0,0.0,87.88,79.0,330,326,11.6,13.9,100.0,100.0,7.9,10.4,295.0,294.4,1013.5,1013.4,-5.28,351.69,-0.02,31.902,6.9467,476.9,60.2,1474.658, NAN, NAN, NAN, NAN,,2024/04/21 02:42:49.339,2024-04-21 02:42:49.339000+00:00
2024/04/21, 02:43:49.339,40.589,-70.878, 9.98,346.62,349.49,9.95,7.4,7.4,1011.4,1011.2,0.0,0.0,87.88,79.0,331,327,11.2,13.6,100.0,100.0,7.4,9.9,296.0,296.0,1013.5,1013.3,-5.31,350.42,-0.01,31.897,6.9508,487.3,60.0,1474.667, NAN, NAN, NAN, NAN,,2024/04/21 02:43:49.339,2024-04-21 02:43:49.339000+00:00
2024/04/21, 02:44:49.339,40.592,-70.879, 9.93,348.54,351.07,9.63,7.4,7.4,1011.5,1011.3,0.0,0.0,87.88,79.0,329,325,11.4,14.0,100.0,100.0,7.8,10.5,297.0,296.9,1013.6,1013.4,-5.27,350.69,-0.01,31.8958,6.9597,494.4,60.0,1474.701, NAN, NAN, NAN, NAN,,2024/04/21 02:44:49.339,2024-04-21 02:44:49.339000+00:00
2024/04/21, 02:45:49.340,40.595,-70.879, 9.90,350.93,351.51,9.65,7.4,7.5,1011.3,1011.3,0.0,0.0,87.88,79.0,330,326,11.6,13.9,100.0,100.0,7.9,10.3,301.2,300.4,1013.4,1013.4,-5.27,350.76,-0.01,31.8948,6.9655,499.0,60.1,1474.722, NAN, NAN, NAN, NAN,,2024/04/21 02:45:49.340,2024-04-21 02:45:49.340000+00:00
2024/04/21, 02:46:49.340,40.597,-70.88, 9.95,353.27,355.51,9.77,7.4,7.5,1011.3,1011.2,0.0,0.0,87.88,79.0,330,325,11.4,13.8,100.0,100.0,7.7,10.3,302.6,301.0,1013.4,1013.3,-5.3,350.67,-0.02,31.8971,6.9658,504.8,60.0,1474.726, NAN, NAN, NAN, NAN,,2024/04/21 02:46:49.340,2024-04-21 02:46:49.340000+00:00
2024/04/21, 02:47:49.340,40.6,-70.88, 9.95,350.97,354.58,9.88,7.5,7.5,1011.5,1011.2,0.0,0.0,87.88,79.0,328,325,10.8,13.6,100.0,100.0,7.3,10.2,294.9,297.6,1013.6,1013.3,-5.3,349.87,-0.02,31.898,6.9682,506.8,60.2,1474.736, NAN, NAN, NAN, NAN,,2024/04/21 02:47:49.340,2024-04-21 02:47:49.340000+00:00
2024/04/21, 02:48:49.340,40.603,-70.881, 10.09,352.09,354.73,10.04,7.5,7.5,1011.5,1011.3,0.0,0.0,87.88,79.0,330,326,10.5,13.2,100.0,100.0,6.8,9.6,297.6,299.2,1013.6,1013.4,-5.26,349.73,-0.02,31.9027,6.9848,503.8,60.3,1474.807, NAN, NAN, NAN, NAN,,2024/04/21 02:48:49.340,2024-04-21 02:48:49.340000+00:00
2024/04/21, 02:49:49.340,40.606,-70.881, 10.16,352.49,351.58,9.81,7.5,7.5,1011.5,1011.3,0.0,0.0,87.88,79.0,329,325,10.6,13.4,100.0,100.0,6.8,9.7,299.0,300.1,1013.6,1013.4,-5.24,349.65,-0.01,31.9075,6.9998,494.0,60.2,1474.872, NAN, NAN, NAN, NAN,,2024/04/21 02:49:49.340,2024-04-21 02:49:49.340000+00:00
2024/04/21, 02:50:49.340,40.608,-70.881, 10.15,351.38,356.28,10.04,7.5,7.6,1011.4,1011.2,0.0,0.0,87.88,79.0,330,326,10.2,13.1,100.0,100.0,6.6,9.5,295.5,298.1,1013.5,1013.3,-5.28,348.79,-0.01,31.9136,7.0166,482.2,60.1,1474.945, NAN, NAN, NAN, NAN,,2024/04/21 02:50:49.340,2024-04-21 02:50:49.340000+00:00
2024/04/21, 02:51:49.340,40.611,-70.882, 10.15,351.53,354.46,10.02,7.5,7.6,1011.5,1011.2,0.0,0.0,87.88,79.0,330,326,11.1,14.1,100.0,100.0,7.3,10.4,299.2,300.4,1013.6,1013.3,-5.26,347.19,-0.01,31.9194,7.0349,469.6,60.3,1475.023, NAN, NAN, NAN, NAN,,2024/04/21 02:51:49.340,2024-04-21 02:51:49.340000+00:00
2024/04/21, 02:52:49.340,40.614,-70.882, 10.18,351.05,354.21,9.94,7.6,7.6,1011.3,1011.2,0.0,0.0,87.88,79.0,330,326,11.0,13.7,100.0,100.0,7.3,10.1,298.6,299.3,1013.4,1013.3,-5.24,347.03,-0.02,31.9248,7.0458,466.8,60.2,1475.073, NAN, NAN, NAN, NAN,,2024/04/21 02:52:49.340,2024-04-21 02:52:49.340000+00:00
2024/04/21, 02:53:49.340,40.617,-70.882, 10.15,352.4,352.62,10.05,7.6,7.6,1011.3,1011.1,0.0,0.0,87.88,79.0,329,326,11.1,13.9,100.0,100.0,7.2,10.1,299.6,301.6,1013.4,1013.2,-5.25,347.66,-0.02,31.932,7.0676,470.8,60.1,1475.167, NAN, NAN, NAN, NAN,,2024/04/21 02:53:49.340,2024-04-21 02:53:49.340000+00:00
2024/04/21, 02:54:49.340,40.619,-70.883, 10.09,354.07,357.85,9.86,7.6,7.6,1011.3,1011.1,0.0,0.0,87.88,79.0,329,325,10.7,13.6,100.0,100.0,7.1,10.1,299.3,300.9,1013.4,1013.2,-5.31,347.65,-0.02,31.938,7.0804,473.2,60.1,1475.224, NAN, NAN, NAN, NAN,,2024/04/21 02:54:49.340,2024-04-21 02:54:49.340000+00:00
2024/04/21, 02:55:49.340,40.622,-70.883, 10.07,356.28,356.45,10.0,7.6,7.6,1011.3,1011.0,0.0,0.0,87.88,79.0,327,324,10.7,13.5,100.0,100.0,7.1,9.9,299.2,302.0,1013.4,1013.1,-5.22,346.72,-0.02,31.9465,7.0783,476.3,60.1,1475.226, NAN, NAN, NAN, NAN,,2024/04/21 02:55:49.340,2024-04-21 02:55:49.340000+00:00
2024/04/21, 02:56:49.340,40.625,-70.883, 10.15,355.82,354.96,10.04,7.6,7.7,1011.3,1011.2,0.0,0.0,87.88,79.0,329,325,10.6,13.6,100.0,100.0,6.7,9.8,301.7,303.4,1013.4,1013.3,-5.24,345.09,-0.01,31.9561,7.049,478.5,60.2,1475.124, NAN, NAN, NAN, NAN,,2024/04/21 02:56:49.340,2024-04-21 02:56:49.340000+00:00
2024/04/21, 02:57:49.340,40.628,-70.883, 10.19,355.27,359.82,10.11,7.6,7.7,1011.3,1011.0,0.0,0.0,87.88,79.0,330,327,10.7,13.4,100.0,100.0,7.0,9.7,301.0,303.7,1013.4,1013.1,-5.28,342.32,-0.02,31.9612,6.9683,467.5,60.3,1474.816, NAN, NAN, NAN, NAN,,2024/04/21 02:57:49.340,2024-04-21 02:57:49.340000+00:00
2024/04/21, 02:58:49.340,40.631,-70.883, 10.19,357.91,357.38,10.16,7.7,7.7,1011.3,1011.0,0.0,0.0,87.88,79.0,329,326,10.7,13.6,100.0,100.0,6.8,9.7,303.5,306.4,1013.4,1013.1,-5.24,339.26,-0.02,31.9702,6.8337,457.7,60.3,1474.301, NAN, NAN, NAN, NAN,,2024/04/21 02:58:49.340,2024-04-21 02:58:49.340000+00:00
2024/04/21, 02:59:49.340,40.633,-70.883, 10.17,356.44,356.41,10.17,7.7,7.7,1011.2,1011.1,0.0,0.0,87.88,79.0,331,327,11.0,13.6,100.0,100.0,6.9,9.7,305.7,306.1,1013.3,1013.2,-5.22,337.26,-0.02,31.9749,6.7447,439.6,60.4,1473.958, NAN, NAN, NAN, NAN,,2024/04/21 02:59:49.340,2024-04-21 02:59:49.340000+00:00
2024/04/21, 03:00:49.341,40.636,-70.883, 10.12,357.84,2.05,9.92,7.7,7.7,1011.3,1011.0,0.0,0.0,87.88,79.0,329,326,11.0,13.7,100.0,100.0,7.4,10.2,303.7,305.9,1013.4,1013.1,-5.29,335.87,-0.01,31.9648,6.7079,419.3,60.3,1473.801, NAN, NAN, NAN, NAN,,2024/04/21 03:00:49.341,2024-04-21 03:00:49.341000+00:00
2024/04/21, 03:01:49.341,40.639,-70.883, 10.14,358.24,359.49,10.09,7.7,7.7,1011.3,1011.0,0.0,0.0,87.88,79.0,330,326,10.7,13.3,100.0,100.0,6.8,9.6,304.9,305.9,1013.4,1013.1,-5.33,334.06,-0.01,31.948,6.6814,397.6,60.3,1473.675, NAN, NAN, NAN, NAN,,2024/04/21 03:01:49.341,2024-04-21 03:01:49.341000+00:00
2024/04/21, 03:02:49.341,40.642,-70.883, 10.32,358.98,1.41,10.14,7.7,7.7,1011.3,1011.2,0.0,0.0,87.88,79.0,332,328,10.1,12.9,100.0,100.0,6.1,9.0,306.6,308.7,1013.4,1013.3,-5.28,331.65,-0.02,31.936,6.6707,382.7,60.2,1473.618, NAN, NAN, NAN, NAN,,2024/04/21 03:02:49.341,2024-04-21 03:02:49.341000+00:00
2024/04/21, 03:03:49.341,40.645,-70.883, 10.34,357.85,3.56,10.21,7.6,7.6,1011.3,1011.0,0.0,0.0,87.88,79.0,332,327,10.9,13.6,100.0,100.0,7.1,10.0,306.3,306.2,1013.4,1013.1,-5.24,329.55,-0.02,31.9271,6.6693,371.5,60.4,1473.602, NAN, NAN, NAN, NAN,,2024/04/21 03:03:49.341,2024-04-21 03:03:49.341000+00:00
2024/04/21, 03:04:49.341,40.647,-70.883, 10.34,359.22,357.7,10.19,7.6,7.6,1011.4,1011.1,0.0,0.0,87.88,79.0,333,328,10.8,13.2,100.0,100.0,6.6,9.2,310.8,309.5,1013.5,1013.2,-5.33,327.56,-0.02,31.9218,6.6725,363.6,60.2,1473.607, NAN, NAN, NAN, NAN,,2024/04/21 03:04:49.341,2024-04-21 03:04:49.341000+00:00
2024/04/21, 03:05:49.341,40.65,-70.883, 10.28,358.38,0.44,10.28,7.6,7.6,1011.3,1011.0,0.0,0.0,87.88,79.0,333,328,11.2,13.8,100.0,100.0,7.0,9.8,310.4,309.2,1013.4,1013.1,-5.37,326.2,-0.02,31.9216,6.67,360.6,60.4,1473.597, NAN, NAN, NAN, NAN,,2024/04/21 03:05:49.341,2024-04-21 03:05:49.341000+00:00
2024/04/21, 03:06:49.341,40.653,-70.883, 10.25,357.93,1.97,10.02,7.6,7.6,1011.3,1011.1,0.0,0.0,87.88,79.0,333,329,10.8,13.1,100.0,100.0,6.9,9.3,308.6,308.7,1013.4,1013.2,-5.34,324.9,-0.02,31.9191,6.6658,360.0,60.2,1473.578, NAN, NAN, NAN, NAN,,2024/04/21 03:06:49.341,2024-04-21 03:06:49.341000+00:00
2024/04/21, 03:07:49.341,40.656,-70.883, 10.24,358.54,359.86,10.03,7.6,7.6,1011.3,1011.2,0.0,0.0,87.88,79.0,333,328,11.0,13.6,100.0,100.0,6.9,9.7,310.6,309.4,1013.4,1013.3,-5.33,322.93,-0.02,31.9169,6.6615,364.8,60.4,1473.558, NAN, NAN, NAN, NAN,,2024/04/21 03:07:49.341,2024-04-21 03:07:49.341000+00:00
2024/04/21, 03:08:49.341,40.659,-70.883, 10.18,359.07,358.26,10.09,7.6,7.6,1011.3,1011.1,0.0,0.0,87.88,79.0,335,329,11.0,13.1,100.0,100.0,6.7,9.1,314.3,310.5,1013.4,1013.2,-5.39,319.81,-0.02,31.9125,6.6678,371.6,60.2,1473.577, NAN, NAN, NAN, NAN,,2024/04/21 03:08:49.341,2024-04-21 03:08:49.341000+00:00
2024/04/21, 03:09:49.341,40.661,-70.883, 10.21,358.71,2.37,10.09,7.6,7.6,1011.3,1011.2,0.0,0.0,87.88,79.0,334,329,11.4,13.6,100.0,100.0,7.3,9.7,312.9,310.6,1013.4,1013.3,-5.45,317.42,-0.02,31.9066,6.6641,375.2,60.2,1473.555, NAN, NAN, NAN, NAN,,2024/04/21 03:09:49.341,2024-04-21 03:09:49.341000+00:00
2024/04/21, 03:10:49.341,40.664,-70.883, 10.18,358.71,0.47,10.13,7.6,7.6,1011.3,1011.1,0.0,0.0,87.88,79.0,334,329,11.3,13.5,100.0,100.0,7.1,9.5,313.1,310.8,1013.4,1013.2,-5.43,314.95,-0.02,31.901,6.6566,378.7,60.2,1473.519, NAN, NAN, NAN, NAN,,2024/04/21 03:10:49.341,2024-04-21 03:10:49.341000+00:00
2024/04/21, 03:11:49.341,40.667,-70.883, 10.17,358.66,1.2,9.95,7.6,7.7,1011.3,1011.2,0.0,0.0,87.88,79.0,335,330,10.9,12.8,100.0,100.0,6.8,8.9,313.2,310.7,1013.4,1013.3,-5.42,311.31,-0.02,31.8931,6.6504,379.6,60.2,1473.485, NAN, NAN, NAN, NAN,,2024/04/21 03:11:49.341,2024-04-21 03:11:49.341000+00:00
2024/04/21, 03:12:49.341,40.67,-70.883, 10.19,358.27,1.09,9.98,7.7,7.7,1011.3,1011.1,0.0,0.0,87.88,79.0,337,331,10.7,11.7,100.0,100.0,6.4,7.8,315.5,309.4,1013.4,1013.2,-5.38,308.95,-0.01,31.8789,6.6552,374.4,60.4,1473.486, NAN, NAN, NAN, NAN,,2024/04/21 03:12:49.341,2024-04-21 03:12:49.341000+00:00
2024/04/21, 03:13:49.341,40.673,-70.883, 10.20,358.9,358.74,10.08,7.6,7.7,1011.3,1011.1,0.0,0.0,87.88,79.0,337,331,11.0,11.8,100.0,100.0,6.6,7.7,317.5,310.5,1013.4,1013.2,-5.52,307.44,-0.01,31.8578,6.6691,371.5,60.3,1473.514, NAN, NAN, NAN, NAN,,2024/04/21 03:13:49.341,2024-04-21 03:13:49.341000+00:00
2024/04/21, 03:14:49.341,40.675,-70.883, 10.19,358.65,359.79,10.1,7.6,7.7,1011.3,1011.2,0.0,0.0,87.88,79.0,339,333,11.5,12.1,100.0,100.0,7.0,7.9,321.2,313.5,1013.4,1013.3,-5.5,306.64,-0.02,31.8402,6.671,368.8,60.2,1473.499, NAN, NAN, NAN, NAN,,2024/04/21 03:14:49.341,2024-04-21 03:14:49.341000+00:00
2024/04/21, 03:15:49.341,40.678,-70.883, 10.14,358.04,359.67,10.0,7.7,7.8,1011.3,1011.1,0.0,0.0,87.88,79.0,339,332,12.4,13.1,100.0,100.0,7.9,9.0,322.4,313.5,1013.4,1013.2,-5.45,306.36,-0.01,31.8316,6.6696,370.5,60.2,1473.483, NAN, NAN, NAN, NAN,,2024/04/21 03:15:49.341,2024-04-21 03:15:49.341000+00:00
2024/04/21, 03:16:49.342,40.681,-70.883, 10.07,358.44,2.38,9.83,7.8,7.9,1011.2,1011.1,0.0,0.0,87.88,79.0,336,329,13.7,14.9,100.0,100.0,9.5,11.1,320.2,312.5,1013.3,1013.2,-5.54,306.03,-0.02,31.8244,6.6588,376.9,60.0,1473.432, NAN, NAN, NAN, NAN,,2024/04/21 03:16:49.342,2024-04-21 03:16:49.342000+00:00
2024/04/21, 03:17:49.342,40.684,-70.883, 10.00,358.44,3.48,9.97,7.9,8.1,1011.2,1010.9,0.0,0.0,87.88,79.0,334,328,14.5,17.1,100.0,100.0,10.4,13.3,318.2,313.4,1013.3,1013.0,-5.53,305.16,-0.02,31.8191,6.6356,380.0,60.2,1473.334, NAN, NAN, NAN, NAN,,2024/04/21 03:17:49.342,2024-04-21 03:17:49.342000+00:00
2024/04/21, 03:18:49.342,40.686,-70.883, 9.96,358.41,1.02,9.93,8.1,8.2,1011.4,1011.1,0.0,0.0,87.88,79.0,333,328,13.2,15.7,100.0,100.0,9.1,11.9,315.2,312.2,1013.5,1013.2,-5.39,302.66,-0.01,31.817,6.616,384.8,60.3,1473.254, NAN, NAN, NAN, NAN,,2024/04/21 03:18:49.342,2024-04-21 03:18:49.342000+00:00
2024/04/21, 03:19:49.342,40.689,-70.883, 9.94,359.34,0.15,9.92,8.1,8.1,1011.4,1011.2,0.0,0.0,87.88,79.0,337,331,12.0,13.3,100.0,100.0,7.6,9.2,320.6,314.3,1013.5,1013.3,-5.42,299.33,-0.02,31.8108,6.6061,380.3,60.4,1473.207, NAN, NAN, NAN, NAN,,2024/04/21 03:19:49.342,2024-04-21 03:19:49.342000+00:00
2024/04/21, 03:20:49.342,40.692,-70.883, 10.00,358.26,1.58,9.99,8.0,7.8,1011.2,1011.3,0.0,0.0,87.88,79.0,339,333,12.7,13.1,100.0,100.0,8.3,9.0,322.7,314.8,1013.3,1013.4,-5.41,298.61,-0.01,31.8088,6.6008,366.2,60.4,1473.184, NAN, NAN, NAN, NAN,,2024/04/21 03:20:49.342,2024-04-21 03:20:49.342000+00:00
2024/04/21, 03:21:49.342,40.695,-70.883, 9.93,358.72,1.15,9.92,8.0,7.7,1011.5,1011.0,0.0,0.0,87.88,79.0,339,332,13.3,14.6,100.0,100.0,8.9,10.6,324.3,316.4,1013.6,1013.1,-5.52,300.21,-0.02,31.8051,6.5969,357.7,60.0,1473.164, NAN, NAN, NAN, NAN,,2024/04/21 03:21:49.342,2024-04-21 03:21:49.342000+00:00
2024/04/21, 03:22:49.342,40.698,-70.883, 9.96,358.51,359.83,9.94,7.7,7.9,1011.3,1011.3,0.0,0.0,87.88,79.0,337,330,13.9,14.9,100.0,100.0,9.5,10.9,322.5,314.2,1013.4,1013.4,-5.52,300.48,-0.02,31.8034,6.5919,356.3,60.2,1473.142, NAN, NAN, NAN, NAN,,2024/04/21 03:22:49.342,2024-04-21 03:22:49.342000+00:00
2024/04/21, 03:23:49.342,40.7,-70.883, 9.96,357.81,2.41,9.83,7.9,7.9,1011.4,1011.1,0.0,0.0,87.88,79.0,335,329,13.9,15.5,100.0,100.0,9.8,11.8,318.1,312.4,1013.5,1013.2,-5.54,300.22,-0.02,31.8016,6.5789,356.6,60.2,1473.088, NAN, NAN, NAN, NAN,,2024/04/21 03:23:49.342,2024-04-21 03:23:49.342000+00:00
2024/04/21, 03:24:49.342,40.703,-70.883, 9.91,357.09,2.46,9.84,7.9,7.9,1011.4,1011.3,0.0,0.0,87.88,79.0,336,330,13.5,14.9,100.0,100.0,9.4,11.1,318.3,312.2,1013.5,1013.4,-5.5,298.89,-0.02,31.7996,6.561,356.6,60.1,1473.015, NAN, NAN, NAN, NAN,,2024/04/21 03:24:49.342,2024-04-21 03:24:49.342000+00:00
2024/04/21, 03:25:49.342,40.706,-70.883, 9.95,357.86,0.69,9.99,7.9,7.8,1011.4,1011.3,0.0,0.0,87.88,79.0,339,332,12.9,13.5,100.0,100.0,8.5,9.5,322.7,313.7,1013.5,1013.4,-5.46,297.3,-0.01,31.7985,6.5497,352.3,59.4,1472.969, NAN, NAN, NAN, NAN,,2024/04/21 03:25:49.342,2024-04-21 03:25:49.342000+00:00
2024/04/21, 03:26:49.342,40.709,-70.883, 10.01,357.96,1.04,9.84,7.8,7.8,1011.5,1011.1,0.0,0.0,87.88,79.0,339,333,13.9,14.5,100.0,100.0,9.5,10.4,324.7,317.1,1013.6,1013.2,-5.6,299.2,-0.02,31.7967,6.5515,345.2,59.8,1472.974, NAN, NAN, NAN, NAN,,2024/04/21 03:26:49.342,2024-04-21 03:26:49.342000+00:00
2024/04/21, 03:27:49.342,40.711,-70.883, 9.93,357.96,2.36,10.0,7.8,7.9,1011.3,1011.2,0.0,0.0,87.88,79.0,339,333,14.1,14.8,100.0,100.0,9.6,10.7,324.4,317.0,1013.4,1013.3,-5.74,299.2,-0.02,31.796,6.5579,341.9,59.8,1472.998, NAN, NAN, NAN, NAN,,2024/04/21 03:27:49.342,2024-04-21 03:27:49.342000+00:00
2024/04/21, 03:28:49.342,40.714,-70.882, 9.93,358.22,359.0,9.81,7.9,7.9,1011.5,1011.2,0.0,0.0,87.88,79.0,339,332,14.2,14.8,100.0,100.0,9.8,10.7,325.5,316.6,1013.6,1013.3,-5.67,299.02,-0.01,31.7974,6.5616,337.1,59.7,1473.015, NAN, NAN, NAN, NAN,,2024/04/21 03:28:49.342,2024-04-21 03:28:49.342000+00:00
2024/04/21, 03:29:49.342,40.717,-70.882, 9.98,357.42,0.56,9.8,7.9,7.9,1011.4,1011.2,0.0,0.0,87.88,79.0,338,332,13.9,14.8,100.0,100.0,9.6,10.8,322.7,315.6,1013.5,1013.3,-5.78,298.75,-0.02,31.8024,6.5589,335.8,59.9,1473.01, NAN, NAN, NAN, NAN,,2024/04/21 03:29:49.342,2024-04-21 03:29:49.342000+00:00
2024/04/21, 03:30:49.342,40.72,-70.882, 9.91,357.83,359.68,9.79,7.9,7.9,1011.6,1011.3,0.0,0.0,87.88,79.0,339,333,13.6,14.0,100.0,100.0,9.2,9.9,324.2,316.4,1013.7,1013.4,-5.82,297.93,-0.01,31.8062,6.5735,334.5,59.9,1473.073, NAN, NAN, NAN, NAN,,2024/04/21 03:30:49.342,2024-04-21 03:30:49.342000+00:00
2024/04/21, 03:31:49.342,40.722,-70.882, 9.90,357.92,0.22,9.84,7.9,7.9,1011.5,1011.5,0.0,0.0,87.88,79.0,338,332,13.2,14.1,100.0,100.0,8.8,10.0,322.4,315.3,1013.6,1013.6,-5.82,296.55,-0.01,31.8089,6.6772,330.4,60.1,1473.484, NAN, NAN, NAN, NAN,,2024/04/21 03:31:49.342,2024-04-21 03:31:49.342000+00:00
2024/04/21, 03:32:49.343,40.725,-70.882, 9.93,357.62,3.29,9.89,7.9,7.8,1011.6,1011.5,0.0,0.0,87.88,79.0,338,331,13.4,14.4,100.0,100.0,9.1,10.5,321.5,313.4,1013.7,1013.6,-5.82,296.28,-0.01,31.8111,6.7516,332.1,60.1,1473.78, NAN, NAN, NAN, NAN,,2024/04/21 03:32:49.343,2024-04-21 03:32:49.343000+00:00
2024/04/21, 03:33:49.343,40.728,-70.882, 9.94,357.85,0.01,9.6,7.8,7.8,1011.8,1011.3,0.0,0.0,87.88,79.0,339,333,14.2,14.9,100.0,100.0,9.9,10.9,325.4,318.0,1013.9,1013.4,-5.87,296.22,-0.01,31.8176,6.7774,358.0,59.9,1473.889, NAN, NAN, NAN, NAN,,2024/04/21 03:33:49.343,2024-04-21 03:33:49.343000+00:00
2024/04/21, 03:34:49.343,40.73,-70.882, 9.91,358.49,1.05,9.75,7.8,7.8,1011.5,1011.3,0.0,0.0,87.88,79.0,338,332,14.3,14.8,100.0,100.0,9.9,10.8,324.7,317.0,1013.6,1013.4,-5.96,296.2,-0.01,31.8257,6.7957,400.6,60.0,1473.971, NAN, NAN, NAN, NAN,,2024/04/21 03:34:49.343,2024-04-21 03:34:49.343000+00:00
2024/04/21, 03:35:49.343,40.733,-70.882, 9.81,357.41,359.78,9.7,7.8,7.8,1011.6,1011.2,0.0,0.0,87.88,79.0,341,334,14.4,15.0,100.0,100.0,10.0,10.9,327.3,318.4,1013.7,1013.3,-5.94,296.22,-0.01,31.8265,6.811,423.0,60.1,1474.032, NAN, NAN, NAN, NAN,,2024/04/21 03:35:49.343,2024-04-21 03:35:49.343000+00:00
2024/04/21, 03:36:49.343,40.736,-70.882, 9.71,357.51,359.95,9.61,7.8,7.8,1011.5,1011.3,0.0,0.0,87.88,79.0,342,334,13.9,14.4,100.0,100.0,9.5,10.4,328.6,318.0,1013.6,1013.4,-5.94,295.95,-0.02,31.8264,6.8319,434.2,60.2,1474.114, NAN, NAN, NAN, NAN,,2024/04/21 03:36:49.343,2024-04-21 03:36:49.343000+00:00
2024/04/21, 03:37:49.343,40.738,-70.882, 9.83,357.02,2.88,9.66,7.9,7.9,1011.6,1011.5,0.0,0.0,87.88,79.0,343,337,14.3,14.4,100.0,100.0,9.9,10.3,329.1,320.9,1013.7,1013.6,-5.93,294.68,-0.01,31.8271,6.8466,439.5,60.0,1474.172, NAN, NAN, NAN, NAN,,2024/04/21 03:37:49.343,2024-04-21 03:37:49.343000+00:00
2024/04/21, 03:38:49.343,40.741,-70.882, 9.83,356.85,0.34,9.7,7.9,7.9,1011.8,1011.5,0.0,0.0,87.88,79.0,343,337,14.1,14.5,99.0,100.0,9.6,10.3,329.3,321.3,1013.9,1013.6,-5.91,293.96,-0.02,31.827,6.8666,443.3,60.0,1474.25, NAN, NAN, NAN, NAN,,2024/04/21 03:38:49.343,2024-04-21 03:38:49.343000+00:00
2024/04/21, 03:39:49.343,40.744,-70.882, 9.77,357.32,0.69,9.63,7.9,7.9,1011.6,1011.4,0.0,0.0,87.88,79.0,344,337,16.2,16.2,97.6,98.6,11.6,11.9,333.7,324.2,1013.7,1013.5,-6.08,296.45,-0.01,31.8254,6.8857,448.0,60.2,1474.323, NAN, NAN, NAN, NAN,,2024/04/21 03:39:49.343,2024-04-21 03:39:49.343000+00:00
2024/04/21, 03:40:49.343,40.747,-70.882, 9.77,357.24,359.6,9.67,7.9,8.0,1011.6,1011.5,0.0,0.0,87.88,79.0,344,338,16.2,16.9,95.3,96.2,11.6,12.6,333.3,325.7,1013.7,1013.6,-6.04,297.21,-0.01,31.8253,6.8947,454.0,60.1,1474.358, NAN, NAN, NAN, NAN,,2024/04/21 03:40:49.343,2024-04-21 03:40:49.343000+00:00
2024/04/21, 03:41:49.343,40.749,-70.882, 9.67,357.79,1.05,9.58,8.0,8.1,1011.8,1011.3,0.0,0.0,87.88,79.0,346,339,16.1,16.4,92.5,93.4,11.5,12.1,336.3,327.0,1013.9,1013.4,-5.99,295.8,-0.02,31.8249,6.8945,462.8,60.2,1474.357, NAN, NAN, NAN, NAN,,2024/04/21 03:41:49.343,2024-04-21 03:41:49.343000+00:00
2024/04/21, 03:42:49.343,40.752,-70.882, 9.89,356.84,4.62,9.7,8.2,8.2,1011.8,1011.7,0.0,0.0,87.88,79.0,346,339,15.5,15.8,90.1,91.3,10.9,11.5,334.3,324.9,1013.9,1013.8,-5.92,293.51,-0.02,31.8242,6.8893,465.4,60.2,1474.336, NAN, NAN, NAN, NAN,,2024/04/21 03:42:49.343,2024-04-21 03:42:49.343000+00:00
2024/04/21, 03:43:49.343,40.755,-70.882, 9.87,357.06,0.63,9.76,8.3,8.3,1011.8,1011.6,0.0,0.0,87.88,79.0,346,339,15.6,15.5,88.7,89.7,10.9,11.1,335.2,325.4,1013.9,1013.7,-5.89,292.28,-0.02,31.8234,6.8802,469.4,60.2,1474.299, NAN, NAN, NAN, NAN,,2024/04/21 03:43:49.343,2024-04-21 03:43:49.343000+00:00
2024/04/21, 03:44:49.343,40.757,-70.882, 9.91,357.39,1.37,9.71,8.3,8.3,1011.6,1011.8,0.0,0.0,87.88,79.0,343,337,16.8,17.2,87.8,89.6,12.2,12.9,332.4,324.7,1013.7,1013.9,-5.97,293.08,-0.02,31.8233,6.8685,466.8,60.4,1474.253, NAN, NAN, NAN, NAN,,2024/04/21 03:44:49.343,2024-04-21 03:44:49.343000+00:00
2024/04/21, 03:45:49.343,40.76,-70.882, 9.86,357.94,0.39,9.81,8.3,8.4,1011.8,1011.5,0.0,0.0,87.88,79.0,343,337,17.1,17.6,86.1,85.7,12.4,13.2,333.5,325.8,1013.9,1013.6,-5.9,293.1,-0.02,31.8229,6.8534,455.3,60.2,1474.194, NAN, NAN, NAN, NAN,,2024/04/21 03:45:49.343,2024-04-21 03:45:49.343000+00:00
2024/04/21, 03:46:49.343,40.763,-70.882, 9.79,357.32,359.37,9.6,8.4,8.6,1011.9,1011.6,0.0,0.0,87.88,79.0,346,340,17.4,18.0,84.2,83.6,12.8,13.6,336.8,329.1,1014.0,1013.7,-5.97,292.71,-0.02,31.821,6.8458,440.0,60.2,1474.161, NAN, NAN, NAN, NAN,,2024/04/21 03:46:49.343,2024-04-21 03:46:49.343000+00:00
2024/04/21, 03:47:49.344,40.765,-70.882, 9.75,357.52,359.5,9.6,8.5,8.8,1011.9,1011.7,0.0,0.0,87.88,79.0,346,340,16.5,16.7,82.2,79.9,11.8,12.3,336.8,328.7,1014.0,1013.8,-5.94,292.03,-0.02,31.8204,6.8401,425.1,60.1,1474.138, NAN, NAN, NAN, NAN,,2024/04/21 03:47:49.344,2024-04-21 03:47:49.344000+00:00
2024/04/21, 03:48:49.344,40.768,-70.882, 9.85,357.85,0.07,9.81,8.6,9.0,1011.9,1011.8,0.0,0.0,87.88,79.0,348,342,15.2,15.8,80.0,78.1,10.4,11.2,339.4,331.2,1014.0,1013.9,-5.84,291.39,-0.01,31.8194,6.8368,416.3,60.2,1474.124, NAN, NAN, NAN, NAN,,2024/04/21 03:48:49.344,2024-04-21 03:48:49.344000+00:00
2024/04/21, 03:49:49.344,40.771,-70.882, 9.83,357.64,2.81,9.71,8.6,9.0,1011.9,1011.8,0.0,0.0,87.88,79.0,349,343,16.7,17.0,79.1,76.4,12.0,12.5,340.3,332.3,1014.0,1013.9,-5.85,291.31,-0.02,31.8185,6.8397,415.0,60.4,1474.134, NAN, NAN, NAN, NAN,,2024/04/21 03:49:49.344,2024-04-21 03:49:49.344000+00:00
2024/04/21, 03:50:49.344,40.773,-70.882, 9.91,357.74,357.26,9.65,8.7,9.1,1011.8,1011.9,0.0,0.0,87.88,79.0,350,345,15.7,15.8,77.5,75.2,10.9,11.1,342.9,335.8,1013.9,1014.0,-5.84,290.31,-0.02,31.8176,6.8375,419.6,60.4,1474.125, NAN, NAN, NAN, NAN,,2024/04/21 03:50:49.344,2024-04-21 03:50:49.344000+00:00
2024/04/21, 03:51:49.344,40.776,-70.882, 9.95,357.43,0.04,9.77,8.7,9.1,1011.9,1011.9,0.0,0.0,87.88,79.0,351,345,15.6,15.7,77.0,74.3,10.7,11.0,343.2,334.7,1014.0,1014.0,-5.86,289.92,-0.02,31.8168,6.8302,423.0,60.6,1474.095, NAN, NAN, NAN, NAN,,2024/04/21 03:51:49.344,2024-04-21 03:51:49.344000+00:00
2024/04/21, 03:52:49.344,40.779,-70.882, 9.94,356.98,359.38,9.8,8.7,9.1,1012.2,1011.8,0.0,0.0,87.88,79.0,353,346,16.3,16.0,76.2,74.0,11.4,11.3,345.9,335.8,1014.3,1013.9,-5.85,289.7,-0.01,31.8161,6.8267,419.3,60.5,1474.081, NAN, NAN, NAN, NAN,,2024/04/21 03:52:49.344,2024-04-21 03:52:49.344000+00:00
2024/04/21, 03:53:49.344,40.782,-70.882, 10.03,358.22,359.07,9.82,8.6,9.1,1012.1,1012.1,0.0,0.0,87.88,79.0,354,347,15.6,15.5,76.1,72.9,10.6,10.7,348.9,338.6,1014.2,1014.2,-5.85,289.41,-0.02,31.8151,6.8348,414.0,60.6,1474.111, NAN, NAN, NAN, NAN,,2024/04/21 03:53:49.344,2024-04-21 03:53:49.344000+00:00
2024/04/21, 03:54:49.344,40.784,-70.882, 10.04,357.24,0.02,9.75,8.6,9.1,1012.0,1012.0,0.0,0.0,87.88,79.0,354,347,15.4,14.9,75.4,71.5,10.5,10.2,347.2,336.7,1014.1,1014.1,-5.88,289.04,-0.02,31.8152,6.848,415.3,60.4,1474.163, NAN, NAN, NAN, NAN,,2024/04/21 03:54:49.344,2024-04-21 03:54:49.344000+00:00
2024/04/21, 03:55:49.344,40.787,-70.882, 10.10,358.16,358.65,9.79,8.6,9.2,1012.0,1012.2,0.0,0.0,87.88,79.0,353,347,14.8,14.8,74.3,70.8,9.8,10.0,347.5,338.6,1014.1,1014.3,-5.96,288.48,-0.02,31.8144,6.8528,418.7,60.6,1474.181, NAN, NAN, NAN, NAN,,2024/04/21 03:55:49.344,2024-04-21 03:55:49.344000+00:00
2024/04/21, 03:56:49.344,40.79,-70.882, 10.06,357.47,1.02,9.77,8.6,9.1,1011.9,1012.0,0.0,0.0,87.88,79.0,351,344,15.3,15.3,73.8,69.7,10.4,10.7,342.9,332.9,1014.0,1014.1,-5.92,288.32,-0.02,31.8144,6.867,426.0,60.4,1474.236, NAN, NAN, NAN, NAN,,2024/04/21 03:56:49.344,2024-04-21 03:56:49.344000+00:00
2024/04/21, 03:57:49.344,40.793,-70.882, 10.00,358.73,357.22,9.75,8.6,9.1,1012.0,1012.0,0.0,0.0,87.88,79.0,352,345,15.4,15.0,72.8,69.3,10.5,10.2,347.0,336.6,1014.1,1014.1,-5.79,287.89,-0.02,31.8147,6.8764,432.1,60.3,1474.273, NAN, NAN, NAN, NAN,,2024/04/21 03:57:49.344,2024-04-21 03:57:49.344000+00:00
2024/04/21, 03:58:49.344,40.795,-70.882, 10.00,358.11,359.89,9.59,8.5,9.0,1011.9,1012.1,0.0,0.0,87.88,79.0,350,344,14.5,14.5,72.5,68.6,9.7,9.9,342.2,333.4,1014.0,1014.2,-5.89,287.44,-0.02,31.8146,6.9031,438.2,60.4,1474.378, NAN, NAN, NAN, NAN,,2024/04/21 03:58:49.344,2024-04-21 03:58:49.344000+00:00
2024/04/21, 03:59:49.344,40.798,-70.882, 9.96,358.21,359.4,9.67,8.5,9.0,1011.9,1012.1,0.0,0.0,87.88,79.0,350,343,15.6,15.1,72.0,68.7,10.7,10.5,343.4,333.0,1014.0,1014.2,-5.99,287.89,-0.02,31.8152,6.9517,449.7,60.5,1474.569, NAN, NAN, NAN, NAN,,2024/04/21 03:59:49.344,2024-04-21 03:59:49.344000+00:00
2024/04/21, 04:00:49.344,40.801,-70.882, 9.90,357.46,358.04,9.61,8.7,9.0,1011.9,1011.9,0.0,0.0,87.88,79.0,350,344,15.2,15.2,69.8,68.5,10.4,10.6,341.7,333.1,1014.0,1014.0,-6.06,287.58,-0.02,31.8161,6.9659,457.7,60.6,1474.625, NAN, NAN, NAN, NAN,,2024/04/21 04:00:49.344,2024-04-21 04:00:49.344000+00:00
2024/04/21, 04:01:49.344,40.803,-70.882, 9.90,358.35,357.56,9.65,8.8,8.9,1011.9,1011.9,0.0,0.0,87.88,79.0,349,342,15.4,15.8,69.0,68.7,10.6,11.2,341.8,332.1,1014.0,1014.0,-5.98,287.33,-0.02,31.8139,6.9644,459.3,60.6,1474.617, NAN, NAN, NAN, NAN,,2024/04/21 04:01:49.344,2024-04-21 04:01:49.344000+00:00
2024/04/21, 04:02:49.345,40.806,-70.882, 9.92,357.59,0.63,9.74,8.9,8.9,1012.1,1011.9,0.0,0.0,87.88,79.0,347,341,16.1,16.3,68.8,68.3,11.4,11.8,337.4,329.3,1014.2,1014.0,-6.01,287.28,-0.02,31.8095,6.9664,452.3,60.6,1474.619, NAN, NAN, NAN, NAN,,2024/04/21 04:02:49.345,2024-04-21 04:02:49.345000+00:00
2024/04/21, 04:03:49.345,40.809,-70.882, 9.84,357.71,0.05,9.63,8.9,8.9,1011.9,1012.1,0.0,0.0,87.88,79.0,347,341,16.1,16.1,68.3,68.4,11.4,11.6,338.2,329.9,1014.0,1014.2,-5.98,287.18,-0.01,31.7998,6.9689,441.9,60.6,1474.616, NAN, NAN, NAN, NAN,,2024/04/21 04:03:49.345,2024-04-21 04:03:49.345000+00:00
2024/04/21, 04:04:49.345,40.811,-70.882, 9.82,358.3,359.33,9.56,8.9,8.9,1011.9,1012.0,0.0,0.0,87.88,79.0,347,340,15.6,16.2,68.3,67.5,10.9,11.8,338.7,329.4,1014.0,1014.1,-5.93,287.22,-0.02,31.7884,6.9691,430.2,60.4,1474.603, NAN, NAN, NAN, NAN,,2024/04/21 04:04:49.345,2024-04-21 04:04:49.345000+00:00
2024/04/21, 04:05:49.345,40.814,-70.882, 9.86,357.32,0.46,9.64,8.9,8.9,1011.8,1011.9,0.0,0.0,87.88,79.0,348,342,15.9,16.1,67.6,66.8,11.2,11.6,338.9,330.6,1013.9,1014.0,-5.96,287.2,-0.02,31.7733,6.9724,401.9,60.6,1474.597, NAN, NAN, NAN, NAN,,2024/04/21 04:05:49.345,2024-04-21 04:05:49.345000+00:00
2024/04/21, 04:06:49.345,40.817,-70.882, 9.83,357.98,358.45,9.58,8.9,8.9,1012.0,1011.9,0.0,0.0,87.88,79.0,350,344,15.5,15.3,66.6,66.4,10.7,10.7,342.8,334.1,1014.1,1014.0,-5.98,286.6,-0.02,31.7601,6.9769,390.5,60.7,1474.598, NAN, NAN, NAN, NAN,,2024/04/21 04:06:49.345,2024-04-21 04:06:49.345000+00:00
2024/04/21, 04:07:49.345,40.819,-70.882, 9.93,358.07,358.72,9.62,8.9,8.9,1011.9,1011.9,0.0,0.0,87.88,79.0,348,342,15.5,15.8,66.5,66.1,10.7,11.2,340.2,331.9,1014.0,1014.0,-5.94,286.87,-0.01,31.7468,6.977,375.5,60.4,1474.582, NAN, NAN, NAN, NAN,,2024/04/21 04:07:49.345,2024-04-21 04:07:49.345000+00:00
2024/04/21, 04:08:49.345,40.822,-70.882, 9.97,357.74,2.45,9.68,8.9,8.9,1011.9,1011.8,0.0,0.0,87.88,79.0,348,341,15.9,16.0,66.0,66.3,11.2,11.6,338.6,329.0,1014.0,1013.9,-5.97,286.46,-0.02,31.7375,6.9726,367.2,60.0,1474.553, NAN, NAN, NAN, NAN,,2024/04/21 04:08:49.345,2024-04-21 04:08:49.345000+00:00
2024/04/21, 04:09:49.345,40.825,-70.882, 10.01,357.8,358.33,9.61,8.9,8.9,1011.9,1012.1,0.0,0.0,87.88,79.0,349,342,15.8,16.3,66.0,65.4,11.0,11.8,341.2,331.7,1014.0,1014.2,-6.08,286.48,-0.01,31.7314,6.971,359.6,60.3,1474.539, NAN, NAN, NAN, NAN,,2024/04/21 04:09:49.345,2024-04-21 04:09:49.345000+00:00
2024/04/21, 04:10:49.345,40.827,-70.882, 9.94,357.6,357.64,9.74,8.9,8.9,1012.0,1011.9,0.0,0.0,87.88,79.0,348,341,15.9,16.3,65.1,64.3,11.1,11.7,339.8,330.2,1014.1,1014.0,-5.93,286.24,-0.01,31.728,6.9632,348.0,60.4,1474.504, NAN, NAN, NAN, NAN,,2024/04/21 04:10:49.345,2024-04-21 04:10:49.345000+00:00
2024/04/21, 04:11:49.345,40.83,-70.882, 9.90,357.2,0.35,9.73,8.9,8.9,1012.2,1012.0,0.0,0.0,87.88,79.0,348,341,16.3,16.2,64.2,63.1,11.6,11.7,338.6,328.9,1014.3,1014.1,-5.98,285.99,-0.01,31.7268,6.9469,342.8,60.4,1474.439, NAN, NAN, NAN, NAN,,2024/04/21 04:11:49.345,2024-04-21 04:11:49.345000+00:00
2024/04/21, 04:12:49.345,40.833,-70.882, 9.98,357.76,0.57,9.63,8.9,8.9,1012.2,1012.1,0.0,0.0,87.88,79.0,347,341,16.5,16.6,63.0,62.8,11.8,12.2,338.1,330.0,1014.3,1014.2,-6.03,285.87,-0.02,31.7272,6.9336,342.2,60.6,1474.388, NAN, NAN, NAN, NAN,,2024/04/21 04:12:49.345,2024-04-21 04:12:49.345000+00:00
2024/04/21, 04:13:49.345,40.835,-70.882, 9.87,358.1,357.74,9.65,9.0,9.0,1012.3,1012.2,0.0,0.0,87.88,79.0,349,342,15.3,15.5,62.3,62.5,10.5,10.9,341.6,331.8,1014.4,1014.3,-5.96,285.8,-0.02,31.729,6.9726,338.2,60.6,1474.542, NAN, NAN, NAN, NAN,,2024/04/21 04:13:49.345,2024-04-21 04:13:49.345000+00:00
2024/04/21, 04:14:49.345,40.838,-70.882, 9.93,357.06,0.17,9.72,9.0,9.0,1012.2,1012.0,0.0,0.0,87.88,79.0,349,343,15.4,15.5,62.2,63.0,10.6,10.9,339.5,331.0,1014.3,1014.1,-5.94,285.38,-0.02,31.7317,7.0063,329.1,60.4,1474.677, NAN, NAN, NAN, NAN,,2024/04/21 04:14:49.345,2024-04-21 04:14:49.345000+00:00
2024/04/21, 04:15:49.345,40.841,-70.882, 10.04,356.89,1.45,9.8,9.0,9.0,1012.3,1012.3,0.0,0.0,87.88,79.0,348,342,15.6,15.8,62.8,63.1,10.8,11.3,337.8,329.5,1014.4,1014.4,-6.02,285.5,-0.02,31.7336,7.0119,327.8,59.9,1474.702, NAN, NAN, NAN, NAN,,2024/04/21 04:15:49.345,2024-04-21 04:15:49.345000+00:00
2024/04/21, 04:16:49.345,40.844,-70.882, 10.04,357.57,359.03,9.68,8.9,8.9,1012.3,1012.2,0.0,0.0,87.88,79.0,348,342,16.2,16.6,63.1,63.4,11.4,12.0,339.8,331.7,1014.4,1014.3,-6.02,285.77,-0.02,31.7322,6.9785,327.0,60.4,1474.569, NAN, NAN, NAN, NAN,,2024/04/21 04:16:49.345,2024-04-21 04:16:49.345000+00:00
2024/04/21, 04:17:49.345,40.846,-70.882, 9.95,356.74,0.25,9.71,8.9,8.9,1012.3,1012.0,0.0,0.0,87.88,79.0,350,343,16.1,15.9,63.2,63.1,11.3,11.3,341.1,331.1,1014.4,1014.1,-6.05,285.64,-0.02,31.7297,6.9454,322.4,60.5,1474.437, NAN, NAN, NAN, NAN,,2024/04/21 04:17:49.345,2024-04-21 04:17:49.345000+00:00
2024/04/21, 04:18:49.346,40.849,-70.882, 9.93,357.79,359.81,9.83,8.9,9.0,1012.3,1012.2,0.0,0.0,87.88,79.0,351,344,15.5,15.5,61.9,62.0,10.6,10.8,343.7,333.6,1014.4,1014.3,-6.08,284.74,-0.02,31.7292,6.9209,330.7,60.6,1474.341, NAN, NAN, NAN, NAN,,2024/04/21 04:18:49.346,2024-04-21 04:18:49.346000+00:00
2024/04/21, 04:19:49.346,40.852,-70.882, 10.04,357.65,357.64,9.78,9.0,9.0,1012.4,1012.2,0.0,0.0,87.88,79.0,350,344,14.8,15.2,62.0,63.3,9.9,10.5,341.7,333.3,1014.5,1014.3,-5.93,284.02,-0.01,31.7291,6.902,338.2,60.7,1474.267, NAN, NAN, NAN, NAN,,2024/04/21 04:19:49.346,2024-04-21 04:19:49.346000+00:00
2024/04/21, 04:20:49.346,40.854,-70.883, 10.17,358.28,357.26,9.73,9.0,8.9,1012.3,1012.2,0.0,0.0,87.88,79.0,348,342,14.4,14.5,63.1,64.2,9.6,9.9,340.1,331.3,1014.4,1014.3,-5.94,283.57,-0.02,31.7282,6.8844,349.9,60.6,1474.197, NAN, NAN, NAN, NAN,,2024/04/21 04:20:49.346,2024-04-21 04:20:49.346000+00:00
2024/04/21, 04:21:49.346,40.857,-70.883, 9.96,358.86,356.36,9.94,8.9,8.8,1012.3,1012.2,0.0,0.0,87.88,79.0,347,340,13.6,14.0,64.1,65.2,8.7,9.3,339.1,328.8,1014.4,1014.3,-6.09,282.88,-0.01,31.7287,6.8934,334.5,60.4,1474.232, NAN, NAN, NAN, NAN,,2024/04/21 04:21:49.346,2024-04-21 04:21:49.346000+00:00
2024/04/21, 04:22:49.346,40.86,-70.883, 9.95,358.08,357.83,9.65,8.9,8.8,1012.5,1012.3,0.0,0.0,87.88,79.0,346,339,14.4,14.5,64.1,65.4,9.7,10.0,337.0,326.9,1014.6,1014.4,-6.12,283.11,-0.02,31.7338,6.902,331.2,60.5,1474.272, NAN, NAN, NAN, NAN,,2024/04/21 04:22:49.346,2024-04-21 04:22:49.346000+00:00
2024/04/21, 04:23:49.346,40.863,-70.883, 9.94,358.02,357.19,9.67,8.8,8.7,1012.4,1012.3,0.0,0.0,87.88,79.0,344,338,14.6,14.7,65.5,64.9,9.9,10.2,334.4,325.8,1014.5,1014.4,-6.14,283.05,-0.02,31.7351,6.8977,333.4,60.7,1474.257, NAN, NAN, NAN, NAN,,2024/04/21 04:23:49.346,2024-04-21 04:23:49.346000+00:00
2024/04/21, 04:24:49.346,40.865,-70.883, 9.95,358.86,358.07,9.82,8.7,8.7,1012.4,1012.4,0.0,0.0,87.88,79.0,345,338,14.0,14.3,64.7,64.5,9.2,9.8,336.2,326.2,1014.5,1014.5,-6.17,283.31,-0.02,31.6919,6.8884,325.7,60.6,1474.167, NAN, NAN, NAN, NAN,,2024/04/21 04:24:49.346,2024-04-21 04:24:49.346000+00:00
2024/04/21, 04:25:49.346,40.868,-70.883, 10.05,357.76,1.38,9.96,8.7,8.8,1012.4,1012.4,0.0,0.0,87.88,79.0,345,338,14.1,14.3,64.3,64.5,9.3,9.8,333.5,323.5,1014.5,1014.5,-6.15,282.87,-0.02,31.6351,6.8784,323.0,60.7,1474.057, NAN, NAN, NAN, NAN,,2024/04/21 04:25:49.346,2024-04-21 04:25:49.346000+00:00
2024/04/21, 04:26:49.346,40.871,-70.883, 9.94,357.4,357.88,9.76,8.7,8.8,1012.5,1012.3,0.0,0.0,87.88,79.0,345,339,14.3,14.5,64.4,62.9,9.6,10.0,334.3,325.8,1014.6,1014.4,-6.16,283.2,-0.02,31.5721,6.8773,314.2,60.5,1473.973, NAN, NAN, NAN, NAN,,2024/04/21 04:26:49.346,2024-04-21 04:26:49.346000+00:00
2024/04/21, 04:27:49.346,40.873,-70.883, 10.04,357.6,357.84,9.73,8.8,8.8,1012.3,1012.2,0.0,0.0,87.88,79.0,344,338,15.1,15.3,62.8,62.1,10.4,10.9,333.6,325.3,1014.4,1014.3,-6.19,283.69,-0.01,31.5151,6.8912,301.1,60.8,1473.957, NAN, NAN, NAN, NAN,,2024/04/21 04:27:49.346,2024-04-21 04:27:49.346000+00:00
2024/04/21, 04:28:49.346,40.876,-70.883, 10.10,358.56,357.26,9.9,8.8,8.9,1012.4,1012.3,0.0,0.0,87.88,79.0,346,339,14.1,14.3,61.7,62.0,9.2,9.7,337.6,327.3,1014.5,1014.4,-6.13,283.03,-0.01,31.4769,6.8938,286.7,60.9,1473.919, NAN, NAN, NAN, NAN,,2024/04/21 04:28:49.346,2024-04-21 04:28:49.346000+00:00
2024/04/21, 04:29:49.346,40.879,-70.883, 10.10,357.46,358.06,9.68,8.9,8.9,1012.4,1012.4,0.0,0.0,87.88,79.0,344,339,14.3,14.5,61.8,61.9,9.6,10.1,332.9,325.9,1014.5,1014.5,-6.03,283.26,-0.01,31.4582,6.8837,276.9,60.8,1473.856, NAN, NAN, NAN, NAN,,2024/04/21 04:29:49.346,2024-04-21 04:29:49.346000+00:00
2024/04/21, 04:30:49.346,40.882,-70.884, 9.97,358.59,357.27,9.68,8.9,8.9,1012.4,1012.2,0.0,0.0,87.88,79.0,345,339,13.9,14.4,61.9,62.5,9.2,9.9,335.9,327.6,1014.5,1014.3,-6.02,282.99,-0.01,31.4537,6.8743,280.6,60.9,1473.814, NAN, NAN, NAN, NAN,,2024/04/21 04:30:49.346,2024-04-21 04:30:49.346000+00:00
2024/04/21, 04:31:49.346,40.884,-70.884, 10.00,357.76,357.16,9.65,8.9,8.8,1012.4,1012.4,0.0,0.0,87.88,79.0,343,337,13.1,13.7,62.5,63.0,8.5,9.3,331.2,323.0,1014.5,1014.5,-6.08,282.5,-0.01,31.4593,6.8877,279.0,61.0,1473.873, NAN, NAN, NAN, NAN,,2024/04/21 04:31:49.346,2024-04-21 04:31:49.346000+00:00
2024/04/21, 04:32:49.346,40.887,-70.884, 9.92,357.7,357.9,9.77,8.8,8.8,1012.4,1012.4,0.0,0.0,87.88,79.0,343,337,13.1,13.3,63.0,63.0,8.5,8.9,330.3,321.7,1014.5,1014.5,-6.13,282.14,-0.02,31.4658,6.9286,271.5,61.1,1474.041, NAN, NAN, NAN, NAN,,2024/04/21 04:32:49.346,2024-04-21 04:32:49.346000+00:00
2024/04/21, 04:33:49.346,40.89,-70.884, 9.88,357.44,358.47,9.69,8.8,8.8,1012.6,1012.2,0.0,0.0,87.88,79.0,344,337,13.8,14.1,63.1,63.0,9.1,9.7,332.5,322.6,1014.7,1014.3,-6.15,282.64,-0.02,31.4639,6.9803,274.2,61.1,1474.241, NAN, NAN, NAN, NAN,,2024/04/21 04:33:49.346,2024-04-21 04:33:49.346000+00:00
2024/04/21, 04:34:49.347,40.892,-70.884, 9.97,357.8,1.51,9.76,8.8,8.8,1012.4,1012.4,0.0,0.0,87.88,79.0,344,338,12.7,13.2,62.6,62.5,8.1,8.8,330.9,322.6,1014.5,1014.5,-6.09,282.14,-0.01,31.4486,7.0375,266.5,61.1,1474.446, NAN, NAN, NAN, NAN,,2024/04/21 04:34:49.347,2024-04-21 04:34:49.347000+00:00
2024/04/21, 04:35:49.347,40.895,-70.884, 9.98,357.67,0.45,9.67,8.8,8.8,1012.5,1012.3,0.0,0.0,87.88,79.0,344,337,13.0,13.0,62.8,62.5,8.4,8.8,330.9,320.6,1014.6,1014.4,-6.24,282.14,-0.02,31.4185,7.0788,268.4,61.1,1474.569, NAN, NAN, NAN, NAN,,2024/04/21 04:35:49.347,2024-04-21 04:35:49.347000+00:00
2024/04/21, 04:36:49.347,40.898,-70.884, 10.06,357.18,359.82,9.69,8.8,8.8,1012.4,1012.3,0.0,0.0,87.88,79.0,345,337,12.7,13.1,62.4,63.4,8.1,8.9,331.7,320.3,1014.5,1014.4,-6.15,281.58,-0.01,31.3924,7.0895,267.2,61.1,1474.578, NAN, NAN, NAN, NAN,,2024/04/21 04:36:49.347,2024-04-21 04:36:49.347000+00:00
2024/04/21, 04:37:49.347,40.9,-70.884, 10.08,358.1,359.22,9.74,8.8,8.7,1012.5,1012.3,0.0,0.0,87.88,79.0,343,337,12.7,13.0,63.4,64.0,8.1,8.7,330.0,321.4,1014.6,1014.4,-6.18,281.29,-0.01,31.3739,7.084,265.2,61.2,1474.534, NAN, NAN, NAN, NAN,,2024/04/21 04:37:49.347,2024-04-21 04:37:49.347000+00:00
2024/04/21, 04:38:49.347,40.903,-70.885, 10.13,358.41,359.05,9.72,8.7,8.7,1012.5,1012.3,0.0,0.0,87.88,79.0,342,335,12.1,12.2,64.0,65.2,7.6,8.0,327.9,317.5,1014.6,1014.4,-6.22,280.94,-0.01,31.3573,7.0724,266.5,61.1,1474.468, NAN, NAN, NAN, NAN,,2024/04/21 04:38:49.347,2024-04-21 04:38:49.347000+00:00
2024/04/21, 04:39:49.347,40.906,-70.885, 10.04,359.04,0.41,9.63,8.6,8.6,1012.4,1012.3,0.0,0.0,87.88,79.0,340,333,11.7,12.3,65.2,65.9,7.3,8.3,324.6,315.4,1014.5,1014.4,-6.29,281.04,-0.01,31.3421,7.0643,265.2,61.2,1474.417, NAN, NAN, NAN, NAN,,2024/04/21 04:39:49.347,2024-04-21 04:39:49.347000+00:00
2024/04/21, 04:40:49.347,40.908,-70.885, 10.13,359.07,4.27,9.83,8.6,8.6,1012.5,1012.6,0.0,0.0,87.88,79.0,340,333,11.8,12.3,66.1,66.2,7.4,8.3,323.6,314.4,1014.6,1014.7,-6.29,280.9,-0.01,31.3276,7.0591,265.1,61.2,1474.379, NAN, NAN, NAN, NAN,,2024/04/21 04:40:49.347,2024-04-21 04:40:49.347000+00:00
2024/04/21, 04:41:49.347,40.911,-70.885, 10.17,0.28,359.7,9.82,8.6,8.6,1012.6,1012.3,0.0,0.0,87.88,79.0,341,334,11.9,12.2,66.4,66.3,7.3,8.0,328.3,318.2,1014.7,1014.4,-6.25,280.71,-0.01,31.3176,7.0579,265.2,61.2,1474.362, NAN, NAN, NAN, NAN,,2024/04/21 04:41:49.347,2024-04-21 04:41:49.347000+00:00
2024/04/21, 04:42:49.347,40.914,-70.885, 10.15,0.0,2.66,9.82,8.5,8.5,1012.6,1012.4,0.0,0.0,87.88,79.0,342,335,12.2,12.5,66.7,66.5,7.6,8.3,329.1,319.1,1014.7,1014.5,-6.33,280.82,-0.01,31.3062,7.055,257.4,61.2,1474.336, NAN, NAN, NAN, NAN,,2024/04/21 04:42:49.347,2024-04-21 04:42:49.347000+00:00
2024/04/21, 04:43:49.347,40.917,-70.884, 10.21,359.8,1.31,9.83,8.5,8.5,1012.7,1012.4,0.0,0.0,87.88,79.0,341,335,12.2,12.4,66.5,66.5,7.6,8.1,327.9,319.2,1014.8,1014.5,-6.29,280.76,-0.02,31.2975,7.0472,257.1,61.3,1474.295, NAN, NAN, NAN, NAN,,2024/04/21 04:43:49.347,2024-04-21 04:43:49.347000+00:00
2024/04/21, 04:44:49.347,40.919,-70.884, 10.17,359.87,2.17,9.78,8.5,8.5,1012.6,1012.5,0.0,0.0,87.88,79.0,341,335,11.5,11.7,66.4,66.0,7.0,7.5,326.3,317.6,1014.7,1014.6,-6.25,280.64,-0.01,31.2739,7.0314,256.8,61.3,1474.204, NAN, NAN, NAN, NAN,,2024/04/21 04:44:49.347,2024-04-21 04:44:49.347000+00:00
2024/04/21, 04:45:49.347,40.922,-70.884, 10.18,359.17,1.57,9.73,8.5,8.5,1012.6,1012.5,0.0,0.0,87.88,79.0,342,334,11.6,12.1,66.4,66.3,7.1,8.0,327.2,316.2,1014.7,1014.6,-6.33,280.28,-0.01,31.2923,7.0083,251.3,61.3,1474.136, NAN, NAN, NAN, NAN,,2024/04/21 04:45:49.347,2024-04-21 04:45:49.347000+00:00
2024/04/21, 04:46:49.347,40.925,-70.884, 10.13,359.62,1.25,9.82,8.5,8.5,1012.6,1012.4,0.0,0.0,87.88,79.0,341,334,11.7,12.0,66.4,66.6,7.2,7.9,326.4,316.4,1014.7,1014.5,-6.18,280.1,-0.01,31.2898,6.9873,259.8,61.2,1474.051, NAN, NAN, NAN, NAN,,2024/04/21 04:46:49.347,2024-04-21 04:46:49.347000+00:00
2024/04/21, 04:47:49.347,40.928,-70.884, 10.19,0.69,359.4,9.86,8.5,8.5,1012.5,1012.4,0.0,0.0,87.88,79.0,340,334,11.6,11.9,66.3,66.9,7.0,7.6,326.8,318.1,1014.6,1014.5,-6.26,280.13,-0.01,31.2868,6.9805,255.5,61.3,1474.021, NAN, NAN, NAN, NAN,,2024/04/21 04:47:49.347,2024-04-21 04:47:49.347000+00:00
2024/04/21, 04:48:49.347,40.93,-70.884, 10.20,359.57,1.25,9.91,8.4,8.5,1012.5,1012.4,0.0,0.0,87.88,79.0,341,334,11.9,12.1,66.9,66.6,7.4,8.0,326.2,316.1,1014.6,1014.5,-6.26,280.42,-0.02,31.2844,6.9853,253.1,61.2,1474.037, NAN, NAN, NAN, NAN,,2024/04/21 04:48:49.347,2024-04-21 04:48:49.347000+00:00
2024/04/21, 04:49:49.347,40.933,-70.884, 10.20,0.44,1.73,9.93,8.4,8.4,1012.6,1012.4,0.0,0.0,87.88,79.0,340,334,11.5,12.0,66.5,67.3,7.0,7.8,325.4,317.3,1014.7,1014.5,-6.25,280.02,-0.02,31.2827,6.9898,251.3,61.4,1474.052, NAN, NAN, NAN, NAN,,2024/04/21 04:49:49.347,2024-04-21 04:49:49.347000+00:00
2024/04/21, 04:50:49.348,40.936,-70.884, 10.20,0.63,359.38,9.97,8.4,8.4,1012.5,1012.4,0.0,0.0,87.88,79.0,340,333,11.7,12.1,67.2,66.9,7.1,7.9,326.5,316.6,1014.6,1014.5,-6.31,279.95,-0.02,31.2796,6.9937,253.7,61.4,1474.063, NAN, NAN, NAN, NAN,,2024/04/21 04:50:49.348,2024-04-21 04:50:49.348000+00:00
2024/04/21, 04:51:49.348,40.939,-70.884, 10.22,359.52,1.45,9.93,8.4,8.4,1012.4,1012.4,0.0,0.0,87.88,79.0,340,334,12.0,12.0,67.0,66.5,7.5,7.8,325.1,316.1,1014.5,1014.5,-6.3,280.05,-0.01,31.2765,6.9976,250.0,61.4,1474.075, NAN, NAN, NAN, NAN,,2024/04/21 04:51:49.348,2024-04-21 04:51:49.348000+00:00
2024/04/21, 04:52:49.348,40.941,-70.884, 10.25,0.12,0.93,9.91,8.4,8.4,1012.4,1012.4,0.0,0.0,87.88,79.0,341,334,11.4,11.8,66.4,66.4,6.8,7.6,326.5,316.6,1014.5,1014.5,-6.29,279.73,-0.01,31.2736,7.0023,249.1,61.4,1474.09, NAN, NAN, NAN, NAN,,2024/04/21 04:52:49.348,2024-04-21 04:52:49.348000+00:00
2024/04/21, 04:53:49.348,40.944,-70.884, 10.27,0.27,2.22,10.06,8.4,8.4,1012.4,1012.3,0.0,0.0,87.88,79.0,340,334,11.0,11.1,66.3,66.5,6.5,6.9,323.2,314.1,1014.5,1014.4,-6.21,279.83,-0.01,31.2727,7.0078,253.7,61.5,1474.11, NAN, NAN, NAN, NAN,,2024/04/21 04:53:49.348,2024-04-21 04:53:49.348000+00:00
2024/04/21, 04:54:49.348,40.947,-70.884, 10.26,359.76,1.7,9.95,8.4,8.4,1012.5,1012.2,0.0,0.0,87.88,79.0,341,334,11.5,11.8,66.6,66.8,7.0,7.7,325.6,315.5,1014.6,1014.3,-6.25,279.56,-0.01,31.2716,7.0101,255.2,61.1,1474.118, NAN, NAN, NAN, NAN,,2024/04/21 04:54:49.348,2024-04-21 04:54:49.348000+00:00
2024/04/21, 04:55:49.348,40.95,-70.884, 10.26,0.13,1.92,9.96,8.4,8.4,1012.4,1012.2,0.0,0.0,87.88,79.0,340,333,12.4,12.9,66.8,65.9,7.9,8.8,326.2,316.8,1014.5,1014.3,-6.29,279.95,-0.02,31.2703,7.0118,256.1,60.6,1474.123, NAN, NAN, NAN, NAN,,2024/04/21 04:55:49.348,2024-04-21 04:55:49.348000+00:00
2024/04/21, 04:56:49.348,40.952,-70.884, 10.28,0.83,0.34,10.02,8.4,8.4,1012.3,1012.3,0.0,0.0,87.88,79.0,340,333,11.9,12.6,65.8,64.8,7.3,8.3,327.0,317.7,1014.4,1014.4,-6.21,280.17,-0.02,31.2668,7.0144,258.4,60.9,1474.128, NAN, NAN, NAN, NAN,,2024/04/21 04:56:49.348,2024-04-21 04:56:49.348000+00:00
2024/04/21, 04:57:49.348,40.955,-70.884, 10.37,0.17,0.76,9.95,8.4,8.5,1012.3,1012.2,0.0,0.0,87.88,79.0,342,335,11.7,12.1,64.4,63.5,7.1,7.8,328.6,318.6,1014.4,1014.3,-6.21,279.95,-0.01,31.2631,7.0182,256.8,61.1,1474.139, NAN, NAN, NAN, NAN,,2024/04/21 04:57:49.348,2024-04-21 04:57:49.348000+00:00
2024/04/21, 04:58:49.348,40.958,-70.884, 10.33,0.0,359.87,9.91,8.5,8.5,1012.3,1012.2,0.0,0.0,87.88,79.0,340,333,12.0,12.2,63.6,64.6,7.4,8.0,326.5,316.3,1014.4,1014.3,-6.21,279.63,-0.01,31.2585,7.0207,257.1,61.1,1474.143, NAN, NAN, NAN, NAN,,2024/04/21 04:58:49.348,2024-04-21 04:58:49.348000+00:00
2024/04/21, 04:59:49.348,40.961,-70.884, 10.31,359.83,1.41,10.03,8.5,8.5,1012.3,1012.2,0.0,0.0,87.88,79.0,338,331,12.2,13.1,64.6,64.3,7.7,9.0,322.7,314.2,1014.4,1014.3,-6.15,279.68,-0.01,31.2552,7.0214,250.7,60.9,1474.141, NAN, NAN, NAN, NAN,,2024/04/21 04:59:49.348,2024-04-21 04:59:49.348000+00:00
2024/04/21, 05:00:49.348,40.963,-70.884, 10.38,359.99,358.88,9.99,8.5,8.5,1012.3,1012.1,0.0,0.0,87.88,79.0,342,336,12.1,12.3,64.0,63.5,7.4,7.9,329.5,320.5,1014.4,1014.2,-6.21,279.74,-0.02,31.2527,7.0214,250.0,60.7,1474.138, NAN, NAN, NAN, NAN,,2024/04/21 05:00:49.348,2024-04-21 05:00:49.348000+00:00
2024/04/21, 05:01:49.348,40.966,-70.884, 10.36,0.13,359.61,9.99,8.5,8.5,1012.2,1012.2,0.0,0.0,87.88,79.0,341,335,12.8,12.9,64.1,63.5,8.1,8.5,329.5,320.6,1014.3,1014.3,-6.2,279.48,-0.02,31.2523,7.0194,252.0,60.9,1474.13, NAN, NAN, NAN, NAN,,2024/04/21 05:01:49.348,2024-04-21 05:01:49.348000+00:00
2024/04/21, 05:02:49.348,40.969,-70.883, 10.34,359.53,2.04,10.05,8.5,8.5,1012.3,1012.0,0.0,0.0,87.88,79.0,339,331,12.9,14.2,63.6,63.5,8.5,10.2,324.0,314.9,1014.4,1014.1,-6.16,279.21,-0.01,31.2528,7.0075,249.7,60.9,1474.084, NAN, NAN, NAN, NAN,,2024/04/21 05:02:49.348,2024-04-21 05:02:49.348000+00:00
2024/04/21, 05:03:49.348,40.972,-70.883, 10.29,359.87,0.48,10.0,8.5,8.5,1012.2,1012.1,0.0,0.0,87.88,79.0,339,331,13.6,14.8,63.6,63.1,9.0,10.7,326.6,316.9,1014.3,1014.2,-6.16,278.72,-0.01,31.2521,6.9919,250.4,60.9,1474.022, NAN, NAN, NAN, NAN,,2024/04/21 05:03:49.348,2024-04-21 05:03:49.348000+00:00
2024/04/21, 05:04:49.348,40.975,-70.883, 10.29,0.43,359.86,10.0,8.5,8.5,1012.2,1012.1,0.0,0.0,87.88,79.0,337,331,12.8,13.8,62.9,64.0,8.3,9.6,323.5,316.5,1014.3,1014.2,-6.13,278.58,-0.02,31.253,6.9743,252.8,60.9,1473.954, NAN, NAN, NAN, NAN,,2024/04/21 05:04:49.348,2024-04-21 05:04:49.348000+00:00
2024/04/21, 05:05:49.348,40.977,-70.883, 10.37,0.3,358.41,10.0,8.5,8.5,1012.2,1012.2,0.0,0.0,87.88,79.0,339,332,12.4,13.1,64.1,65.7,7.8,8.9,325.8,316.7,1014.3,1014.3,-6.2,278.32,-0.01,31.2532,6.9634,252.8,61.1,1473.912, NAN, NAN, NAN, NAN,,2024/04/21 05:05:49.348,2024-04-21 05:05:49.348000+00:00
2024/04/21, 05:06:49.349,40.98,-70.883, 10.38,0.39,359.29,10.01,8.5,8.4,1012.3,1012.2,0.0,0.0,87.88,79.0,340,335,12.1,12.3,64.3,65.9,7.4,7.9,327.2,319.8,1014.4,1014.3,-6.19,277.98,-0.02,31.2544,6.9552,249.7,61.0,1473.881, NAN, NAN, NAN, NAN,,2024/04/21 05:06:49.349,2024-04-21 05:06:49.349000+00:00
2024/04/21, 05:07:49.349,40.983,-70.883, 10.41,359.99,1.97,10.02,8.4,8.3,1012.2,1012.2,0.0,0.0,87.88,79.0,339,332,12.6,13.5,66.3,66.6,8.0,9.3,325.3,316.6,1014.3,1014.3,-6.33,278.19,-0.01,31.2546,6.9442,252.0,61.1,1473.839, NAN, NAN, NAN, NAN,,2024/04/21 05:07:49.349,2024-04-21 05:07:49.349000+00:00
2024/04/21, 05:08:49.349,40.986,-70.883, 10.38,359.99,359.74,10.12,8.3,8.3,1012.2,1012.2,0.0,0.0,87.88,79.0,339,333,12.8,13.1,66.2,65.9,8.2,8.8,325.7,317.3,1014.3,1014.3,-6.22,278.08,-0.01,31.2542,6.9117,253.7,61.1,1473.711, NAN, NAN, NAN, NAN,,2024/04/21 05:08:49.349,2024-04-21 05:08:49.349000+00:00
2024/04/21, 05:09:49.349,40.989,-70.883, 10.44,0.1,359.43,10.03,8.3,8.3,1012.3,1012.3,0.0,0.0,87.88,79.0,341,333,12.0,12.4,65.5,65.0,7.3,8.2,327.7,316.3,1014.4,1014.4,-6.36,278.05,-0.02,31.2544,6.8705,249.4,61.1,1473.55, NAN, NAN, NAN, NAN,,2024/04/21 05:09:49.349,2024-04-21 05:09:49.349000+00:00
2024/04/21, 05:10:49.349,40.991,-70.883, 10.36,0.11,0.89,10.1,8.3,8.3,1012.3,1012.2,0.0,0.0,87.88,79.0,340,333,13.2,13.8,65.1,64.5,8.5,9.5,327.8,318.5,1014.4,1014.3,-6.27,278.4,-0.01,31.2519,6.8256,248.3,61.2,1473.37, NAN, NAN, NAN, NAN,,2024/04/21 05:10:49.349,2024-04-21 05:10:49.349000+00:00
2024/04/21, 05:11:49.349,40.994,-70.883, 10.36,0.23,359.33,10.01,8.3,8.4,1012.3,1012.2,0.0,0.0,87.88,79.0,341,333,12.6,13.3,64.2,63.6,7.9,9.0,329.0,318.2,1014.4,1014.3,-6.27,278.38,-0.01,31.2466,6.8116,241.8,61.1,1473.309, NAN, NAN, NAN, NAN,,2024/04/21 05:11:49.349,2024-04-21 05:11:49.349000+00:00
2024/04/21, 05:12:49.349,40.997,-70.883, 10.36,359.52,358.8,10.04,8.4,8.4,1012.2,1012.0,0.0,0.0,87.88,79.0,341,335,13.1,13.4,63.7,63.7,8.4,9.0,328.7,320.3,1014.3,1014.1,-6.15,278.4,-0.02,31.24,6.82,233.9,61.1,1473.333, NAN, NAN, NAN, NAN,,2024/04/21 05:12:49.349,2024-04-21 05:12:49.349000+00:00
2024/04/21, 05:13:49.349,41.0,-70.883, 10.39,0.13,1.57,10.0,8.4,8.4,1012.4,1012.3,0.0,0.0,87.88,79.0,340,334,12.3,12.8,62.6,63.1,7.7,8.5,326.6,318.5,1014.5,1014.4,-6.13,277.96,-0.01,31.2356,6.8419,227.2,61.1,1473.414, NAN, NAN, NAN, NAN,,2024/04/21 05:13:49.349,2024-04-21 05:13:49.349000+00:00
2024/04/21, 05:14:49.349,41.002,-70.883, 10.37,359.72,0.83,10.18,8.4,8.4,1012.3,1012.2,0.0,0.0,87.88,79.0,341,333,12.2,13.1,63.5,63.7,7.5,8.9,326.4,316.2,1014.4,1014.3,-6.21,277.86,-0.01,31.2376,6.8532,223.1,61.1,1473.461, NAN, NAN, NAN, NAN,,2024/04/21 05:14:49.349,2024-04-21 05:14:49.349000+00:00
2024/04/21, 05:15:49.349,41.005,-70.883, 10.38,358.83,359.62,9.95,8.4,8.4,1012.2,1012.3,0.0,0.0,87.88,79.0,342,336,12.8,13.0,63.6,63.5,8.1,8.6,329.5,320.7,1014.3,1014.4,-6.27,277.82,-0.01,31.2421,6.8541,225.3,61.1,1473.47, NAN, NAN, NAN, NAN,,2024/04/21 05:15:49.349,2024-04-21 05:15:49.349000+00:00
2024/04/21, 05:16:49.349,41.008,-70.883, 10.37,359.0,1.12,10.07,8.4,8.4,1012.3,1012.2,0.0,0.0,87.88,79.0,342,335,12.4,12.6,63.4,64.4,7.7,8.3,327.9,317.7,1014.4,1014.3,-6.24,277.35,-0.01,31.2475,6.8645,221.1,61.2,1473.517, NAN, NAN, NAN, NAN,,2024/04/21 05:16:49.349,2024-04-21 05:16:49.349000+00:00
2024/04/21, 05:17:49.349,41.011,-70.883, 10.32,359.51,358.84,10.02,8.3,8.3,1012.3,1012.3,0.0,0.0,87.88,79.0,342,336,12.3,12.8,64.5,64.8,7.5,8.3,329.9,321.4,1014.4,1014.4,-6.23,277.16,-0.01,31.2514,6.8703,221.1,60.7,1473.545, NAN, NAN, NAN, NAN,,2024/04/21 05:17:49.349,2024-04-21 05:17:49.349000+00:00
2024/04/21, 05:18:49.349,41.014,-70.882, 10.30,358.9,359.7,10.09,8.3,8.3,1012.2,1012.0,0.0,0.0,87.88,79.0,341,334,13.1,13.7,64.8,63.3,8.4,9.4,327.5,318.2,1014.3,1014.1,-6.2,276.94,-0.01,31.2553,6.8962,220.9,61.1,1473.651, NAN, NAN, NAN, NAN,,2024/04/21 05:18:49.349,2024-04-21 05:18:49.349000+00:00
2024/04/21, 05:19:49.349,41.016,-70.882, 10.12,359.27,357.1,9.91,8.3,8.3,1012.3,1012.2,0.0,0.0,87.88,79.0,339,332,13.4,13.6,63.0,63.0,8.8,9.3,327.1,317.1,1014.4,1014.3,-6.23,276.89,-0.02,31.2629,6.9659,224.3,61.4,1473.934, NAN, NAN, NAN, NAN,,2024/04/21 05:19:49.349,2024-04-21 05:19:49.349000+00:00
2024/04/21, 05:20:49.349,41.019,-70.882, 10.13,358.42,359.52,9.8,8.3,8.3,1012.3,1012.3,0.0,0.0,87.88,79.0,339,333,13.1,13.5,62.2,62.1,8.7,9.4,324.7,316.7,1014.4,1014.4,-6.26,276.46,-0.01,31.264,6.9841,223.2,61.5,1474.006, NAN, NAN, NAN, NAN,,2024/04/21 05:20:49.349,2024-04-21 05:20:49.349000+00:00
2024/04/21, 05:21:49.349,41.022,-70.882, 10.16,358.94,358.99,9.81,8.3,8.4,1012.3,1012.3,0.0,0.0,87.88,79.0,340,334,12.7,13.1,61.9,62.0,8.2,8.9,326.5,318.3,1014.4,1014.4,-6.19,276.05,-0.01,31.2378,6.9298,236.6,61.6,1473.761, NAN, NAN, NAN, NAN,,2024/04/21 05:21:49.349,2024-04-21 05:21:49.349000+00:00
2024/04/21, 05:22:49.350,41.025,-70.883, 10.22,358.75,1.26,9.95,8.3,8.3,1012.3,1012.2,0.0,0.0,87.88,79.0,340,333,12.9,13.3,62.8,63.6,8.4,9.2,325.5,316.0,1014.4,1014.3,-6.26,275.69,-0.02,31.2004,6.8754,236.0,61.7,1473.501, NAN, NAN, NAN, NAN,,2024/04/21 05:22:49.350,2024-04-21 05:22:49.350000+00:00
2024/04/21, 05:23:49.350,41.027,-70.883, 10.19,358.57,359.03,9.83,8.3,8.3,1012.3,1012.2,0.0,0.0,87.88,79.0,340,333,12.5,13.4,63.3,63.3,8.0,9.2,325.9,317.0,1014.4,1014.3,-6.26,275.57,-0.02,31.1697,6.8639,231.7,61.7,1473.418, NAN, NAN, NAN, NAN,,2024/04/21 05:23:49.350,2024-04-21 05:23:49.350000+00:00
2024/04/21, 05:24:49.350,41.03,-70.883, 10.15,359.5,358.06,9.95,8.2,8.2,1012.3,1012.2,0.0,0.0,87.88,79.0,340,333,12.8,13.3,63.3,63.4,8.1,9.0,327.6,318.0,1014.4,1014.3,-6.27,275.57,-0.01,31.1392,6.8777,217.2,61.6,1473.434, NAN, NAN, NAN, NAN,,2024/04/21 05:24:49.350,2024-04-21 05:24:49.350000+00:00
2024/04/21, 05:25:49.350,41.033,-70.883, 10.14,358.61,359.1,9.9,8.2,8.2,1012.2,1012.0,0.0,0.0,87.88,79.0,339,332,13.4,14.6,63.3,62.7,8.9,10.4,325.3,317.0,1014.3,1014.1,-6.27,275.66,-0.01,31.1169,6.9008,207.5,62.1,1473.496, NAN, NAN, NAN, NAN,,2024/04/21 05:25:49.350,2024-04-21 05:25:49.350000+00:00
2024/04/21, 05:26:49.350,41.036,-70.883, 10.13,359.26,359.65,10.03,8.2,8.2,1012.4,1012.2,0.0,0.0,87.88,79.0,337,330,13.7,15.4,62.5,63.4,9.2,11.3,323.1,315.6,1014.5,1014.3,-6.25,275.91,-0.02,31.1017,6.9371,208.7,61.5,1473.62, NAN, NAN, NAN, NAN,,2024/04/21 05:26:49.350,2024-04-21 05:26:49.350000+00:00
2024/04/21, 05:27:49.350,41.038,-70.883, 10.19,358.49,359.02,9.87,8.2,8.2,1012.3,1012.3,0.0,0.0,87.88,79.0,337,330,12.7,14.4,63.1,63.6,8.3,10.4,321.3,314.1,1014.4,1014.4,-6.3,275.34,-0.01,31.0928,6.979,206.0,61.5,1473.773, NAN, NAN, NAN, NAN,,2024/04/21 05:27:49.350,2024-04-21 05:27:49.350000+00:00
2024/04/21, 05:28:49.350,41.041,-70.883, 8.85,358.76,359.44,9.72,8.2,8.2,1012.3,1012.2,0.0,0.0,87.88,79.0,336,329,13.8,15.2,64.1,63.6,9.6,11.3,321.6,313.9,1014.4,1014.3,-6.24,274.95,-0.02,31.0876,7.0051,206.0,61.5,1473.868, NAN, NAN, NAN, NAN,,2024/04/21 05:28:49.350,2024-04-21 05:28:49.350000+00:00
2024/04/21, 05:29:49.350,41.044,-70.883, -0.10,358.46,359.41,9.8,8.2,8.2,1012.4,1012.3,0.0,0.0,87.88,79.0,337,330,13.0,14.0,63.5,62.7,8.6,10.0,321.8,313.5,1014.5,1014.4,-6.22,274.67,-0.02,31.0816,7.0182,207.8,61.3,1473.912, NAN, NAN, NAN, NAN,,2024/04/21 05:29:49.350,2024-04-21 05:29:49.350000+00:00
2024/04/21, 05:30:49.350,41.047,-70.883, 10.13,358.89,0.13,9.75,8.2,8.2,1012.3,1012.1,0.0,0.0,87.88,79.0,339,333,14.3,14.5,63.1,61.1,9.9,10.4,326.5,318.5,1014.4,1014.2,-6.27,274.74,-0.02,31.0739,7.0201,207.2,61.4,1473.91, NAN, NAN, NAN, NAN,,2024/04/21 05:30:49.350,2024-04-21 05:30:49.350000+00:00
2024/04/21, 05:31:49.350,41.049,-70.883, 10.16,358.47,357.04,9.74,8.1,8.2,1012.3,1012.1,0.0,0.0,87.88,79.0,339,333,15.0,15.2,60.7,58.7,10.5,11.0,327.6,319.5,1014.4,1014.2,-6.26,274.61,-0.02,31.0679,7.02,205.3,61.5,1473.902, NAN, NAN, NAN, NAN,,2024/04/21 05:31:49.350,2024-04-21 05:31:49.350000+00:00
2024/04/21, 05:32:49.350,41.052,-70.883, 10.04,358.12,1.28,9.58,8.2,8.2,1012.2,1012.0,0.0,0.0,87.88,79.0,339,333,15.3,15.3,60.4,57.6,10.9,11.3,326.9,318.8,1014.3,1014.1,-6.2,274.62,-0.01,31.0609,7.0224,205.3,61.6,1473.902, NAN, NAN, NAN, NAN,,2024/04/21 05:32:49.350,2024-04-21 05:32:49.350000+00:00
2024/04/21, 05:33:49.350,41.055,-70.883, 10.01,358.3,0.6,9.79,8.2,8.3,1012.1,1012.1,0.0,0.0,87.88,79.0,340,334,14.6,14.5,57.1,56.8,10.1,10.3,327.6,319.1,1014.2,1014.2,-6.15,274.18,-0.01,31.0575,7.0225,207.5,61.5,1473.899, NAN, NAN, NAN, NAN,,2024/04/21 05:33:49.350,2024-04-21 05:33:49.350000+00:00
2024/04/21, 05:34:49.350,41.057,-70.883, 10.00,358.86,0.58,9.59,8.3,8.3,1012.1,1012.1,0.0,0.0,87.88,79.0,340,334,14.4,14.4,56.9,55.7,10.0,10.3,328.3,320.0,1014.2,1014.2,-6.17,273.97,-0.01,31.0535,7.025,205.6,61.5,1473.903, NAN, NAN, NAN, NAN,,2024/04/21 05:34:49.350,2024-04-21 05:34:49.350000+00:00
2024/04/21, 05:35:49.350,41.06,-70.883, 10.03,358.94,359.94,9.73,8.3,8.3,1012.1,1012.1,0.0,0.0,87.88,79.0,339,333,14.7,15.1,55.8,55.1,10.3,11.0,327.2,319.4,1014.2,1014.2,-6.14,273.88,-0.02,31.049,7.0272,204.4,61.6,1473.906, NAN, NAN, NAN, NAN,,2024/04/21 05:35:49.350,2024-04-21 05:35:49.350000+00:00
2024/04/21, 05:36:49.350,41.063,-70.883, 9.97,358.67,358.86,9.6,8.3,8.3,1012.2,1011.9,0.0,0.0,87.88,79.0,340,333,15.3,15.5,55.7,54.4,10.8,11.4,329.3,320.0,1014.3,1014.0,-6.07,273.79,-0.01,31.0469,7.0285,205.0,61.6,1473.909, NAN, NAN, NAN, NAN,,2024/04/21 05:36:49.350,2024-04-21 05:36:49.350000+00:00
2024/04/21, 05:37:49.350,41.065,-70.883, 9.95,359.55,359.67,9.77,8.3,8.3,1012.1,1012.1,0.0,0.0,87.88,79.0,340,333,14.5,15.2,54.4,54.2,9.9,11.0,329.6,320.5,1014.2,1014.2,-6.19,273.4,-0.01,31.0433,7.0344,202.0,61.6,1473.927, NAN, NAN, NAN, NAN,,2024/04/21 05:37:49.350,2024-04-21 05:37:49.350000+00:00
2024/04/21, 05:38:49.351,41.068,-70.883, 9.96,358.77,359.11,9.69,8.3,8.3,1012.1,1012.0,0.0,0.0,87.88,79.0,339,332,14.9,15.2,54.4,54.0,10.5,11.1,327.2,318.0,1014.2,1014.1,-6.27,273.46,-0.02,31.0413,7.0465,203.2,61.6,1473.972, NAN, NAN, NAN, NAN,,2024/04/21 05:38:49.351,2024-04-21 05:38:49.351000+00:00
2024/04/21, 05:39:49.351,41.071,-70.883, 9.92,358.42,359.95,9.65,8.3,8.3,1012.2,1012.2,0.0,0.0,87.88,79.0,339,332,14.7,14.6,53.8,51.3,10.3,10.5,327.0,317.2,1014.3,1014.3,-6.23,273.32,-0.01,31.0382,7.056,200.8,61.6,1474.005, NAN, NAN, NAN, NAN,,2024/04/21 05:39:49.351,2024-04-21 05:39:49.351000+00:00
2024/04/21, 05:40:49.351,41.073,-70.883, 9.94,359.02,0.1,9.75,8.3,8.3,1012.2,1012.0,0.0,0.0,87.88,79.0,338,332,14.8,15.6,52.4,54.0,10.4,11.5,326.3,318.9,1014.3,1014.1,-6.15,273.44,-0.01,31.0341,7.0686,200.4,61.5,1474.05, NAN, NAN, NAN, NAN,,2024/04/21 05:40:49.351,2024-04-21 05:40:49.351000+00:00
2024/04/21, 05:41:49.351,41.076,-70.882, 9.97,359.17,0.67,9.77,8.3,8.3,1012.2,1012.1,0.0,0.0,87.88,79.0,338,332,15.3,15.4,52.9,54.7,10.8,11.3,326.8,318.8,1014.3,1014.2,-6.21,273.97,-0.01,31.0292,7.0735,196.2,61.7,1474.063, NAN, NAN, NAN, NAN,,2024/04/21 05:41:49.351,2024-04-21 05:41:49.351000+00:00
2024/04/21, 05:42:49.351,41.079,-70.882, 10.03,359.16,0.83,9.85,8.3,8.3,1012.0,1012.0,0.0,0.0,87.88,79.0,338,332,14.5,15.1,54.9,57.0,10.1,11.0,325.7,318.1,1014.1,1014.1,-6.16,273.77,-0.01,31.026,7.077,198.6,61.6,1474.072, NAN, NAN, NAN, NAN,,2024/04/21 05:42:49.351,2024-04-21 05:42:49.351000+00:00
2024/04/21, 05:43:49.351,41.082,-70.882, 10.08,358.84,359.53,9.68,8.3,8.2,1012.3,1012.1,0.0,0.0,87.88,79.0,339,332,13.9,14.9,57.1,58.8,9.4,10.8,326.8,318.2,1014.4,1014.2,-6.2,273.25,-0.01,31.023,7.0865,196.8,61.5,1474.106, NAN, NAN, NAN, NAN,,2024/04/21 05:43:49.351,2024-04-21 05:43:49.351000+00:00
2024/04/21, 05:44:49.351,41.084,-70.882, 10.09,358.52,1.92,9.95,8.2,8.2,1012.1,1012.2,0.0,0.0,87.88,79.0,337,329,13.3,14.6,58.9,60.0,9.0,10.7,321.1,312.1,1014.2,1014.3,-6.23,272.42,-0.02,31.0222,7.0948,198.6,61.7,1474.137, NAN, NAN, NAN, NAN,,2024/04/21 05:44:49.351,2024-04-21 05:44:49.351000+00:00
2024/04/21, 05:45:49.351,41.087,-70.882, 10.09,359.08,0.06,9.93,8.2,8.1,1012.4,1012.2,0.0,0.0,87.88,79.0,339,333,13.7,14.2,60.6,61.4,9.2,10.0,326.1,318.2,1014.5,1014.3,-6.25,272.98,-0.02,31.0211,7.1014,200.8,61.6,1474.161, NAN, NAN, NAN, NAN,,2024/04/21 05:45:49.351,2024-04-21 05:45:49.351000+00:00
2024/04/21, 05:46:49.351,41.09,-70.882, 10.17,358.98,1.62,10.05,8.1,8.1,1012.2,1012.1,0.0,0.0,87.88,79.0,336,329,12.8,14.6,61.2,62.7,8.5,10.7,319.1,312.4,1014.3,1014.2,-6.35,272.79,-0.02,31.0189,7.1066,198.6,61.7,1474.179, NAN, NAN, NAN, NAN,,2024/04/21 05:46:49.351,2024-04-21 05:46:49.351000+00:00
2024/04/21, 05:47:49.351,41.093,-70.882, 10.19,358.44,2.49,10.05,8.1,8.1,1012.4,1012.2,0.0,0.0,87.88,79.0,337,330,12.7,14.5,62.9,62.7,8.4,10.6,319.4,312.7,1014.5,1014.3,-6.37,272.48,-0.02,31.0163,7.109,198.4,61.6,1474.185, NAN, NAN, NAN, NAN,,2024/04/21 05:47:49.351,2024-04-21 05:47:49.351000+00:00
2024/04/21, 05:48:49.351,41.095,-70.882, 10.19,358.23,1.36,10.15,8.0,8.1,1012.4,1012.2,0.0,0.0,87.88,79.0,337,330,12.7,14.3,61.3,60.9,8.3,10.3,319.3,312.2,1014.5,1014.3,-6.27,272.53,-0.02,31.0147,7.1135,199.6,61.7,1474.201, NAN, NAN, NAN, NAN,,2024/04/21 05:48:49.351,2024-04-21 05:48:49.351000+00:00
2024/04/21, 05:49:49.351,41.098,-70.882, 10.26,0.02,1.6,9.97,8.0,8.0,1012.4,1012.3,0.0,0.0,87.88,79.0,337,331,12.9,14.1,61.2,61.5,8.5,10.0,322.7,316.1,1014.5,1014.4,-6.3,272.26,-0.02,31.0132,7.1195,197.4,61.6,1474.222, NAN, NAN, NAN, NAN,,2024/04/21 05:49:49.351,2024-04-21 05:49:49.351000+00:00
2024/04/21, 05:50:49.351,41.101,-70.882, 10.25,358.31,1.99,9.99,8.0,8.0,1012.3,1012.3,0.0,0.0,87.88,79.0,336,329,12.7,14.5,61.7,61.1,8.5,10.7,318.1,311.5,1014.4,1014.4,-6.3,272.3,-0.02,31.0136,7.1231,199.6,61.7,1474.237, NAN, NAN, NAN, NAN,,2024/04/21 05:50:49.351,2024-04-21 05:50:49.351000+00:00
2024/04/21, 05:51:49.351,41.104,-70.882, 10.21,358.33,0.17,9.92,8.0,8.0,1012.4,1012.3,0.0,0.0,87.88,79.0,337,330,12.9,14.2,61.3,61.3,8.6,10.2,320.8,313.0,1014.5,1014.4,-6.27,272.16,-0.02,31.0149,7.1215,203.2,61.7,1474.232, NAN, NAN, NAN, NAN,,2024/04/21 05:51:49.351,2024-04-21 05:51:49.351000+00:00
2024/04/21, 05:52:49.351,41.107,-70.882, 10.24,359.05,0.23,10.06,8.0,8.0,1012.4,1012.3,0.0,0.0,87.88,79.0,336,330,12.7,14.6,61.7,62.8,8.3,10.5,319.7,314.3,1014.5,1014.4,-6.32,271.9,-0.02,31.0172,7.1243,206.8,61.7,1474.246, NAN, NAN, NAN, NAN,,2024/04/21 05:52:49.351,2024-04-21 05:52:49.351000+00:00
2024/04/21, 05:53:49.351,41.109,-70.882, 10.32,358.37,0.01,10.0,8.0,8.0,1012.6,1012.2,0.0,0.0,87.88,79.0,336,329,13.0,15.1,62.7,63.1,8.7,11.2,318.9,312.5,1014.7,1014.3,-6.23,271.65,-0.02,31.0199,7.1348,204.4,61.8,1474.29, NAN, NAN, NAN, NAN,,2024/04/21 05:53:49.351,2024-04-21 05:53:49.351000+00:00
2024/04/21, 05:54:49.351,41.112,-70.882, 10.29,359.15,1.03,10.17,7.9,7.9,1012.5,1012.2,0.0,0.0,87.88,79.0,337,329,12.6,14.0,62.5,61.3,8.2,10.1,320.3,311.5,1014.6,1014.3,-6.23,271.3,-0.02,31.0236,7.1509,206.3,61.8,1474.357, NAN, NAN, NAN, NAN,,2024/04/21 05:54:49.351,2024-04-21 05:54:49.351000+00:00
2024/04/21, 05:55:49.352,41.115,-70.882, 10.29,358.29,2.83,9.83,7.9,7.9,1012.4,1012.3,0.0,0.0,87.88,79.0,336,329,13.1,15.3,61.3,60.1,8.9,11.5,319.3,313.0,1014.5,1014.4,-6.29,271.27,-0.02,31.0289,7.164,206.0,61.8,1474.415, NAN, NAN, NAN, NAN,,2024/04/21 05:55:49.352,2024-04-21 05:55:49.352000+00:00
2024/04/21, 05:56:49.352,41.118,-70.882, 10.32,358.86,1.2,10.17,7.9,7.9,1012.4,1012.2,0.0,0.0,87.88,79.0,337,330,12.9,14.2,59.9,59.1,8.4,10.1,320.8,313.1,1014.5,1014.3,-6.26,270.96,-0.02,31.0322,7.1745,207.5,61.4,1474.46, NAN, NAN, NAN, NAN,,2024/04/21 05:56:49.352,2024-04-21 05:56:49.352000+00:00
2024/04/21, 05:57:49.352,41.12,-70.882, 10.27,358.78,1.96,10.01,7.9,7.9,1012.2,1012.0,0.0,0.0,87.88,79.0,337,332,13.9,14.9,59.3,59.0,9.6,10.9,321.9,316.4,1014.3,1014.1,-6.23,270.97,-0.02,31.0354,7.1858,207.8,61.5,1474.508, NAN, NAN, NAN, NAN,,2024/04/21 05:57:49.352,2024-04-21 05:57:49.352000+00:00
2024/04/21, 05:58:49.352,41.123,-70.882, 10.20,358.4,1.42,9.8,7.9,7.9,1012.2,1012.0,0.0,0.0,87.88,79.0,337,330,13.8,15.0,58.6,58.6,9.6,11.1,321.8,314.0,1014.3,1014.1,-6.29,270.75,-0.02,31.0384,7.1808,207.5,61.5,1474.492, NAN, NAN, NAN, NAN,,2024/04/21 05:58:49.352,2024-04-21 05:58:49.352000+00:00
2024/04/21, 05:59:49.352,41.126,-70.881, 10.18,358.54,1.57,9.97,7.9,7.9,1012.3,1011.9,0.0,0.0,87.88,79.0,337,330,14.6,15.6,58.7,57.5,10.3,11.7,322.7,314.6,1014.4,1014.0,-6.29,270.45,-0.01,31.0438,7.1636,208.1,61.4,1474.432, NAN, NAN, NAN, NAN,,2024/04/21 05:59:49.352,2024-04-21 05:59:49.352000+00:00
2024/04/21, 06:00:49.352,41.129,-70.881, 10.17,358.53,0.17,9.84,7.9,7.9,1012.2,1012.2,0.0,0.0,87.88,79.0,337,331,14.2,15.1,57.4,56.3,9.8,11.0,323.2,316.1,1014.3,1014.3,-6.31,270.47,-0.02,31.0493,7.1453,204.8,61.5,1474.368, NAN, NAN, NAN, NAN,,2024/04/21 06:00:49.352,2024-04-21 06:00:49.352000+00:00
2024/04/21, 06:01:49.352,41.132,-70.881, 10.14,359.45,359.33,9.92,7.9,7.9,1012.0,1012.0,0.0,0.0,87.88,79.0,336,328,14.0,15.4,56.7,58.0,9.6,11.4,322.7,313.5,1014.1,1014.1,-6.27,270.31,-0.02,31.053,7.1359,209.0,61.6,1474.336, NAN, NAN, NAN, NAN,,2024/04/21 06:01:49.352,2024-04-21 06:01:49.352000+00:00
2024/04/21, 06:02:49.352,41.134,-70.881, 10.25,359.39,2.33,9.94,7.9,7.9,1012.2,1012.1,0.0,0.0,87.88,79.0,334,328,13.2,15.3,57.6,59.2,9.0,11.4,317.9,312.9,1014.3,1014.2,-6.23,270.08,-0.02,31.0561,7.1292,203.2,61.0,1474.313, NAN, NAN, NAN, NAN,,2024/04/21 06:02:49.352,2024-04-21 06:02:49.352000+00:00
2024/04/21, 06:03:49.352,41.137,-70.881, 10.23,357.74,359.59,9.88,7.9,7.9,1012.1,1012.0,0.0,0.0,87.88,79.0,336,329,13.6,15.2,59.1,59.3,9.3,11.2,320.3,312.8,1014.2,1014.1,-6.23,270.13,-0.02,31.056,7.1234,198.6,61.3,1474.291, NAN, NAN, NAN, NAN,,2024/04/21 06:03:49.352,2024-04-21 06:03:49.352000+00:00
2024/04/21, 06:04:49.352,41.14,-70.881, 10.19,358.92,0.73,9.92,7.9,7.9,1012.2,1012.1,0.0,0.0,87.88,79.0,335,328,13.8,15.8,59.0,58.3,9.5,11.9,320.0,313.1,1014.3,1014.2,-6.39,270.29,-0.02,31.054,7.12,199.6,61.5,1474.275, NAN, NAN, NAN, NAN,,2024/04/21 06:04:49.352,2024-04-21 06:04:49.352000+00:00
2024/04/21, 06:05:49.352,41.143,-70.881, 10.06,358.24,3.17,9.83,7.8,7.9,1012.1,1012.1,0.0,0.0,87.88,79.0,339,331,13.6,14.1,58.1,59.8,9.3,10.2,324.0,313.7,1014.2,1014.2,-6.34,270.19,-0.02,31.0524,7.1267,199.6,61.5,1474.299, NAN, NAN, NAN, NAN,,2024/04/21 06:05:49.352,2024-04-21 06:05:49.352000+00:00
2024/04/21, 06:06:49.352,41.145,-70.881, 10.16,358.89,1.64,9.84,7.8,7.8,1012.1,1012.1,0.0,0.0,87.88,79.0,338,331,12.4,14.0,59.4,61.4,8.1,10.1,321.7,314.5,1014.2,1014.2,-6.23,269.98,-0.02,31.0496,7.1446,198.9,61.5,1474.365, NAN, NAN, NAN, NAN,,2024/04/21 06:06:49.352,2024-04-21 06:06:49.352000+00:00
2024/04/21, 06:07:49.352,41.148,-70.881, 10.10,359.21,1.91,9.94,7.8,7.8,1012.2,1012.1,0.0,0.0,87.88,79.0,338,331,13.8,14.6,61.5,56.8,9.4,10.6,324.2,315.6,1014.3,1014.2,-6.3,270.39,-0.02,31.0479,7.1599,199.9,61.6,1474.423, NAN, NAN, NAN, NAN,,2024/04/21 06:07:49.352,2024-04-21 06:07:49.352000+00:00
2024/04/21, 06:08:49.352,41.151,-70.881, 10.18,358.7,0.42,9.94,7.8,7.8,1012.3,1012.2,0.0,0.0,87.88,79.0,337,331,13.6,14.5,56.8,58.4,9.2,10.5,322.0,315.0,1014.4,1014.3,-6.18,270.02,-0.02,31.045,7.1797,202.3,61.6,1474.496, NAN, NAN, NAN, NAN,,2024/04/21 06:08:49.352,2024-04-21 06:08:49.352000+00:00
2024/04/21, 06:09:49.352,41.154,-70.881, 10.27,357.88,1.05,9.87,7.8,7.8,1012.3,1012.2,0.0,0.0,87.88,79.0,338,331,13.9,14.4,58.2,57.7,9.5,10.5,322.9,314.0,1014.4,1014.3,-6.3,270.15,-0.01,31.0423,7.1949,204.8,61.6,1474.552, NAN, NAN, NAN, NAN,,2024/04/21 06:09:49.352,2024-04-21 06:09:49.352000+00:00
2024/04/21, 06:10:49.352,41.156,-70.881, 10.21,359.41,0.06,9.97,7.8,7.8,1012.3,1012.2,0.0,0.0,87.88,79.0,337,331,13.1,14.4,57.8,58.6,8.7,10.3,322.6,316.1,1014.4,1014.3,-6.34,269.96,-0.02,31.0396,7.2117,203.2,61.4,1474.614, NAN, NAN, NAN, NAN,,2024/04/21 06:10:49.352,2024-04-21 06:10:49.352000+00:00
2024/04/21, 06:11:49.353,41.159,-70.881, 10.25,358.56,1.83,10.05,7.8,7.8,1012.4,1012.1,0.0,0.0,87.88,79.0,337,331,12.7,13.9,58.6,58.1,8.4,9.9,320.0,313.6,1014.5,1014.2,-6.25,269.93,-0.02,31.0363,7.2291,202.0,61.3,1474.678, NAN, NAN, NAN, NAN,,2024/04/21 06:11:49.353,2024-04-21 06:11:49.353000+00:00
2024/04/21, 06:12:49.353,41.162,-70.881, 10.15,359.4,358.17,9.95,7.8,7.8,1012.4,1012.0,0.0,0.0,87.88,79.0,339,332,14.0,14.5,58.6,57.6,9.4,10.2,327.4,318.1,1014.5,1014.1,-6.27,269.95,-0.02,31.0322,7.2474,199.9,61.5,1474.744, NAN, NAN, NAN, NAN,,2024/04/21 06:12:49.353,2024-04-21 06:12:49.353000+00:00
2024/04/21, 06:13:49.353,41.165,-70.881, 10.16,359.11,0.15,9.83,7.8,7.8,1012.2,1012.2,0.0,0.0,87.88,79.0,337,330,13.5,14.9,57.3,57.0,9.1,10.9,323.1,315.3,1014.3,1014.3,-6.21,269.92,-0.01,31.0282,7.2741,201.4,61.6,1474.843, NAN, NAN, NAN, NAN,,2024/04/21 06:13:49.353,2024-04-21 06:13:49.353000+00:00
2024/04/21, 06:14:49.353,41.167,-70.881, 10.09,358.11,0.79,9.95,7.8,7.8,1012.2,1012.0,0.0,0.0,87.88,79.0,337,331,13.1,14.2,56.7,57.2,8.8,10.2,320.7,314.0,1014.3,1014.1,-6.19,269.95,-0.02,31.0238,7.3058,199.6,61.4,1474.96, NAN, NAN, NAN, NAN,,2024/04/21 06:14:49.353,2024-04-21 06:14:49.353000+00:00
2024/04/21, 06:15:49.353,41.17,-70.881, 10.21,359.18,359.45,9.99,7.8,7.8,1012.3,1012.2,0.0,0.0,87.88,79.0,337,330,12.8,13.9,57.7,57.3,8.4,9.8,321.9,313.8,1014.4,1014.3,-6.24,270.07,-0.01,31.018,7.3327,196.5,61.4,1475.057, NAN, NAN, NAN, NAN,,2024/04/21 06:15:49.353,2024-04-21 06:15:49.353000+00:00
2024/04/21, 06:16:49.353,41.173,-70.881, 10.32,358.01,358.41,9.92,7.8,7.8,1012.3,1012.2,0.0,0.0,87.88,79.0,338,330,13.4,14.5,59.1,58.6,9.0,10.5,322.9,313.3,1014.4,1014.3,-6.32,270.14,-0.02,31.008,7.3676,199.6,61.5,1475.18, NAN, NAN, NAN, NAN,,2024/04/21 06:16:49.353,2024-04-21 06:16:49.353000+00:00
2024/04/21, 06:17:49.353,41.176,-70.881, 10.32,358.6,1.07,9.92,7.8,7.8,1012.4,1012.3,0.0,0.0,87.88,79.0,339,332,12.2,12.9,57.9,57.4,7.8,8.9,322.7,313.9,1014.5,1014.4,-6.3,269.97,-0.02,30.9957,7.4007,199.6,60.6,1475.293, NAN, NAN, NAN, NAN,,2024/04/21 06:17:49.353,2024-04-21 06:17:49.353000+00:00
2024/04/21, 06:18:49.353,41.178,-70.881, 10.47,358.41,359.48,9.91,7.8,7.8,1012.5,1012.2,0.0,0.0,87.88,79.0,339,333,12.9,13.1,57.9,57.8,8.4,8.9,324.2,315.8,1014.6,1014.3,-6.23,270.07,-0.02,30.9852,7.4259,200.4,60.8,1475.378, NAN, NAN, NAN, NAN,,2024/04/21 06:18:49.353,2024-04-21 06:18:49.353000+00:00
2024/04/21, 06:19:49.353,41.181,-70.881, 10.34,358.43,357.93,9.9,7.8,7.8,1012.3,1012.1,0.0,0.0,87.88,79.0,340,333,13.3,14.1,57.5,54.6,8.7,9.9,326.8,317.8,1014.4,1014.2,-6.33,269.96,-0.02,30.9741,7.4508,202.6,61.1,1475.46, NAN, NAN, NAN, NAN,,2024/04/21 06:19:49.353,2024-04-21 06:19:49.353000+00:00
2024/04/21, 06:20:49.353,41.184,-70.881, 10.38,358.97,359.21,9.98,7.8,7.8,1012.3,1012.3,0.0,0.0,87.88,79.0,339,333,13.9,14.4,54.5,54.4,9.3,10.1,326.3,318.4,1014.4,1014.4,-6.24,269.86,-0.02,30.9643,7.4673,203.5,61.2,1475.512, NAN, NAN, NAN, NAN,,2024/04/21 06:20:49.353,2024-04-21 06:20:49.353000+00:00
2024/04/21, 06:21:49.353,41.187,-70.881, 10.36,358.76,358.79,10.03,7.8,7.8,1012.2,1012.3,0.0,0.0,87.88,79.0,337,331,13.3,14.6,54.4,54.3,8.8,10.5,322.0,315.5,1014.3,1014.4,-6.26,269.72,-0.02,30.9565,7.4867,199.2,61.5,1475.577, NAN, NAN, NAN, NAN,,2024/04/21 06:21:49.353,2024-04-21 06:21:49.353000+00:00
2024/04/21, 06:22:49.353,41.189,-70.881, 10.38,358.04,359.42,9.9,7.8,7.8,1012.4,1012.3,0.0,0.0,87.88,79.0,337,331,13.3,13.7,54.7,55.6,9.0,9.7,321.1,313.3,1014.5,1014.4,-6.34,269.71,-0.03,30.9516,7.5053,200.8,61.5,1475.643, NAN, NAN, NAN, NAN,,2024/04/21 06:22:49.353,2024-04-21 06:22:49.353000+00:00
2024/04/21, 06:23:49.353,41.192,-70.881, 10.38,358.89,359.8,9.99,7.8,7.8,1012.4,1012.2,0.0,0.0,87.88,79.0,339,332,13.6,14.1,55.9,54.7,9.1,9.9,325.5,316.3,1014.5,1014.3,-6.11,269.78,-0.02,30.9477,7.5093,198.0,61.6,1475.654, NAN, NAN, NAN, NAN,,2024/04/21 06:23:49.353,2024-04-21 06:23:49.353000+00:00
2024/04/21, 06:24:49.353,41.195,-70.881, 10.50,358.67,0.66,9.92,7.7,7.8,1012.3,1012.2,0.0,0.0,87.88,79.0,339,332,12.5,13.5,54.2,54.4,8.0,9.4,323.5,315.1,1014.4,1014.3,-6.27,269.55,-0.02,30.944,7.5048,196.8,61.8,1475.632, NAN, NAN, NAN, NAN,,2024/04/21 06:24:49.353,2024-04-21 06:24:49.353000+00:00
2024/04/21, 06:25:49.353,41.198,-70.881, 10.45,359.12,1.36,10.0,7.7,7.7,1012.4,1012.1,0.0,0.0,87.88,79.0,338,331,13.0,13.9,56.2,56.3,8.6,9.9,323.0,314.5,1014.5,1014.2,-6.3,269.48,-0.02,30.9419,7.5023,194.4,61.8,1475.62, NAN, NAN, NAN, NAN,,2024/04/21 06:25:49.353,2024-04-21 06:25:49.353000+00:00
2024/04/21, 06:26:49.353,41.201,-70.881, 10.32,357.14,0.38,9.94,7.7,7.7,1012.4,1012.2,0.0,0.0,87.88,79.0,340,333,13.5,13.9,56.5,56.7,9.0,9.8,324.5,315.2,1014.5,1014.3,-6.3,269.41,-0.02,30.9419,7.4968,193.2,61.8,1475.598, NAN, NAN, NAN, NAN,,2024/04/21 06:26:49.353,2024-04-21 06:26:49.353000+00:00
2024/04/21, 06:27:49.354,41.203,-70.881, 10.30,354.34,357.74,9.96,7.7,7.7,1012.4,1012.1,0.0,0.0,87.88,79.0,342,336,12.4,12.7,56.1,56.5,7.8,8.5,322.8,314.4,1014.5,1014.2,-6.2,269.43,-0.02,30.9429,7.4812,193.2,61.8,1475.539, NAN, NAN, NAN, NAN,,2024/04/21 06:27:49.354,2024-04-21 06:27:49.354000+00:00
2024/04/21, 06:28:49.354,41.206,-70.881, 10.39,356.03,355.66,9.9,7.7,7.7,1012.3,1012.2,0.0,0.0,87.88,79.0,342,336,13.0,13.4,56.8,55.7,8.3,9.0,327.0,318.6,1014.4,1014.3,-6.29,269.52,-0.02,30.9443,7.4588,191.6,61.7,1475.454, NAN, NAN, NAN, NAN,,2024/04/21 06:28:49.354,2024-04-21 06:28:49.354000+00:00
2024/04/21, 06:29:49.354,41.209,-70.881, 10.52,355.13,357.11,9.9,7.7,7.7,1012.3,1012.2,0.0,0.0,87.88,79.0,342,336,12.1,12.7,56.0,57.7,7.5,8.4,323.8,315.8,1014.4,1014.3,-6.27,269.36,-0.02,30.9474,7.442,192.5,62.0,1475.393, NAN, NAN, NAN, NAN,,2024/04/21 06:29:49.354,2024-04-21 06:29:49.354000+00:00
2024/04/21, 06:30:49.354,41.212,-70.881, 10.29,356.47,356.18,9.91,7.6,7.6,1012.2,1012.2,0.0,0.0,87.88,79.0,340,333,13.4,13.8,57.8,57.0,8.8,9.5,325.3,315.6,1014.3,1014.3,-6.24,269.25,-0.02,30.9522,7.4269,190.4,61.9,1475.341, NAN, NAN, NAN, NAN,,2024/04/21 06:30:49.354,2024-04-21 06:30:49.354000+00:00
2024/04/21, 06:31:49.354,41.214,-70.882, 10.36,355.91,357.16,10.02,7.6,7.6,1012.2,1011.9,0.0,0.0,87.88,79.0,339,333,13.5,14.1,56.6,56.1,9.0,9.9,322.0,314.4,1014.3,1014.0,-6.38,269.2,-0.02,30.9561,7.415,196.8,61.8,1475.299, NAN, NAN, NAN, NAN,,2024/04/21 06:31:49.354,2024-04-21 06:31:49.354000+00:00
2024/04/21, 06:32:49.354,41.217,-70.882, 10.34,355.81,357.02,9.95,7.6,7.6,1012.2,1012.1,0.0,0.0,87.88,79.0,341,335,12.7,13.2,55.6,55.9,8.1,8.9,324.4,316.3,1014.3,1014.2,-6.3,269.21,-0.02,30.9606,7.4098,198.0,61.5,1475.285, NAN, NAN, NAN, NAN,,2024/04/21 06:32:49.354,2024-04-21 06:32:49.354000+00:00
2024/04/21, 06:33:49.354,41.22,-70.882, 10.26,355.68,358.01,9.94,7.6,7.6,1012.1,1012.1,0.0,0.0,87.88,79.0,340,334,13.7,13.8,57.1,56.5,9.2,9.6,323.5,315.1,1014.2,1014.2,-6.29,269.2,-0.02,30.9631,7.4246,195.6,61.8,1475.345, NAN, NAN, NAN, NAN,,2024/04/21 06:33:49.354,2024-04-21 06:33:49.354000+00:00
2024/04/21, 06:34:49.354,41.223,-70.882, 10.30,355.67,356.79,10.07,7.6,7.6,1012.3,1012.0,0.0,0.0,87.88,79.0,341,334,12.7,13.2,57.1,58.7,8.0,8.9,323.8,314.3,1014.4,1014.1,-6.3,268.94,-0.02,30.9656,7.4435,193.7,61.9,1475.422, NAN, NAN, NAN, NAN,,2024/04/21 06:34:49.354,2024-04-21 06:34:49.354000+00:00
2024/04/21, 06:35:49.354,41.225,-70.882, 10.19,354.95,358.76,9.82,7.6,7.6,1012.1,1011.9,0.0,0.0,87.88,79.0,340,332,13.5,14.6,58.5,56.8,9.1,10.6,322.2,312.6,1014.2,1014.0,-6.22,268.69,-0.02,30.9658,7.4597,187.6,61.9,1475.485, NAN, NAN, NAN, NAN,,2024/04/21 06:35:49.354,2024-04-21 06:35:49.354000+00:00
2024/04/21, 06:36:49.354,41.228,-70.883, 10.14,355.58,356.66,9.86,7.6,7.6,1012.2,1012.1,0.0,0.0,87.88,79.0,341,335,13.2,13.6,56.3,55.8,8.6,9.3,325.2,317.0,1014.3,1014.2,-6.33,268.89,-0.02,30.9632,7.4681,182.1,61.8,1475.514, NAN, NAN, NAN, NAN,,2024/04/21 06:36:49.354,2024-04-21 06:36:49.354000+00:00
2024/04/21, 06:37:49.354,41.231,-70.883, 10.14,357.03,357.0,10.04,7.6,7.6,1012.1,1012.2,0.0,0.0,87.88,79.0,341,334,12.5,12.8,56.1,58.4,7.8,8.4,325.8,315.7,1014.2,1014.3,-6.32,268.96,-0.02,30.9592,7.4739,177.9,62.0,1475.531, NAN, NAN, NAN, NAN,,2024/04/21 06:37:49.354,2024-04-21 06:37:49.354000+00:00
2024/04/21, 06:38:49.354,41.234,-70.883, 10.09,354.61,357.1,9.94,7.6,7.6,1012.2,1012.1,0.0,0.0,87.88,79.0,340,335,14.0,14.1,58.3,58.2,9.5,9.8,322.9,316.0,1014.3,1014.2,-6.2,268.75,-0.02,30.9567,7.4798,177.6,62.1,1475.551, NAN, NAN, NAN, NAN,,2024/04/21 06:38:49.354,2024-04-21 06:38:49.354000+00:00
2024/04/21, 06:39:49.354,41.236,-70.883, 10.04,356.05,355.86,10.0,7.6,7.6,1012.2,1012.2,0.0,0.0,87.88,79.0,344,338,13.1,13.6,57.6,57.8,8.3,9.1,329.6,321.3,1014.3,1014.3,-6.32,268.72,-0.02,30.9554,7.4881,174.2,62.1,1475.581, NAN, NAN, NAN, NAN,,2024/04/21 06:39:49.354,2024-04-21 06:39:49.354000+00:00
2024/04/21, 06:40:49.354,41.239,-70.883, 10.00,356.46,357.6,9.92,7.6,7.6,1012.2,1012.1,0.0,0.0,87.88,79.0,342,335,13.3,13.9,57.1,57.1,8.6,9.6,327.7,318.2,1014.3,1014.2,-6.27,268.63,-0.02,30.9538,7.4951,176.0,62.2,1475.606, NAN, NAN, NAN, NAN,,2024/04/21 06:40:49.354,2024-04-21 06:40:49.354000+00:00
2024/04/21, 06:41:49.354,41.242,-70.883, 10.07,355.66,357.47,9.93,7.6,7.6,1012.2,1012.1,0.0,0.0,87.88,79.0,345,339,13.0,13.8,57.3,58.5,8.2,9.3,330.6,322.6,1014.3,1014.2,-6.32,268.45,-0.02,30.9535,7.5067,174.2,62.1,1475.651, NAN, NAN, NAN, NAN,,2024/04/21 06:41:49.354,2024-04-21 06:41:49.354000+00:00
2024/04/21, 06:42:49.354,41.245,-70.884, 10.05,356.05,359.4,9.97,7.6,7.6,1012.2,1012.0,0.0,0.0,87.88,79.0,341,336,15.1,15.1,57.9,54.3,10.5,10.8,326.5,319.5,1014.3,1014.1,-6.26,268.1,-0.02,30.9542,7.5201,174.2,62.0,1475.704, NAN, NAN, NAN, NAN,,2024/04/21 06:42:49.354,2024-04-21 06:42:49.354000+00:00
2024/04/21, 06:43:49.354,41.247,-70.884, 10.00,355.76,357.18,9.92,7.6,7.6,1012.2,1011.9,0.0,0.0,87.88,79.0,340,335,13.5,13.8,53.4,55.1,9.0,9.5,323.7,316.9,1014.3,1014.0,-6.31,268.04,-0.02,30.9536,7.5382,173.9,62.1,1475.773, NAN, NAN, NAN, NAN,,2024/04/21 06:43:49.354,2024-04-21 06:43:49.354000+00:00
2024/04/21, 06:44:49.355,41.25,-70.884, 10.07,355.68,356.66,9.78,7.6,7.6,1012.2,1012.0,0.0,0.0,87.88,79.0,340,335,14.3,14.4,55.5,57.1,9.8,10.1,324.9,317.9,1014.3,1014.1,-6.23,267.52,-0.02,30.9528,7.5539,173.3,62.2,1475.832, NAN, NAN, NAN, NAN,,2024/04/21 06:44:49.355,2024-04-21 06:44:49.355000+00:00
2024/04/21, 06:45:49.355,41.253,-70.884, 10.01,356.13,356.32,9.94,7.6,7.6,1012.1,1012.1,0.0,0.0,87.88,79.0,339,334,15.4,15.7,56.9,57.0,10.8,11.4,325.0,318.4,1014.2,1014.2,-6.29,267.3,-0.02,30.9508,7.5599,174.2,62.1,1475.853, NAN, NAN, NAN, NAN,,2024/04/21 06:45:49.355,2024-04-21 06:45:49.355000+00:00
2024/04/21, 06:46:49.355,41.256,-70.884, 10.02,355.91,356.85,9.84,7.6,7.6,1012.1,1011.8,0.0,0.0,87.88,79.0,340,335,15.5,15.5,53.7,52.3,11.0,11.2,326.1,319.3,1014.2,1013.9,-6.29,267.15,-0.02,30.9476,7.5609,174.8,62.2,1475.853, NAN, NAN, NAN, NAN,,2024/04/21 06:46:49.355,2024-04-21 06:46:49.355000+00:00
2024/04/21, 06:47:49.355,41.258,-70.884, 10.07,355.24,358.14,9.87,7.5,7.6,1011.9,1011.9,0.0,0.0,87.88,79.0,337,331,14.5,15.2,51.9,54.1,10.2,11.2,319.9,312.6,1014.0,1014.0,-6.29,266.92,-0.02,30.9451,7.5574,172.7,62.1,1475.836, NAN, NAN, NAN, NAN,,2024/04/21 06:47:49.355,2024-04-21 06:47:49.355000+00:00
2024/04/21, 06:48:49.355,41.261,-70.885, 9.98,355.95,358.28,9.99,7.5,7.5,1012.1,1011.9,0.0,0.0,87.88,79.0,340,333,15.3,15.6,54.4,53.7,10.7,11.4,325.5,316.3,1014.2,1014.0,-6.25,267.46,-0.02,30.9418,7.5566,175.2,62.2,1475.829, NAN, NAN, NAN, NAN,,2024/04/21 06:48:49.355,2024-04-21 06:48:49.355000+00:00
2024/04/21, 06:49:49.355,41.264,-70.885, 10.08,356.17,356.4,9.93,7.5,7.5,1012.2,1012.0,0.0,0.0,87.88,79.0,340,334,14.8,15.0,53.5,53.7,10.2,10.7,326.0,317.8,1014.3,1014.1,-6.33,267.52,-0.02,30.9385,7.5529,173.9,62.1,1475.811, NAN, NAN, NAN, NAN,,2024/04/21 06:49:49.355,2024-04-21 06:49:49.355000+00:00
2024/04/21, 06:50:49.355,41.267,-70.885, 10.00,355.92,358.66,9.89,7.5,7.5,1012.2,1012.0,0.0,0.0,87.88,79.0,341,336,14.8,15.0,53.7,53.9,10.2,10.7,326.6,319.8,1014.3,1014.1,-6.24,266.93,-0.02,30.9353,7.5471,175.7,62.0,1475.784, NAN, NAN, NAN, NAN,,2024/04/21 06:50:49.355,2024-04-21 06:50:49.355000+00:00
2024/04/21, 06:51:49.355,41.269,-70.885, 10.01,355.47,356.69,9.95,7.5,7.5,1012.0,1011.9,0.0,0.0,87.88,79.0,340,334,15.8,15.6,53.6,52.0,11.2,11.3,325.8,317.4,1014.1,1014.0,-6.23,266.86,-0.02,30.9352,7.5424,173.6,61.9,1475.766, NAN, NAN, NAN, NAN,,2024/04/21 06:51:49.355,2024-04-21 06:51:49.355000+00:00
2024/04/21, 06:52:49.355,41.272,-70.885, 9.96,355.76,358.3,10.0,7.5,7.5,1012.1,1012.0,0.0,0.0,87.88,79.0,341,335,14.6,14.6,51.3,51.7,10.0,10.3,326.0,317.5,1014.2,1014.1,-6.21,266.9,-0.01,30.936,7.5409,176.4,62.1,1475.761, NAN, NAN, NAN, NAN,,2024/04/21 06:52:49.355,2024-04-21 06:52:49.355000+00:00
2024/04/21, 06:53:49.355,41.275,-70.885, 10.04,356.23,358.13,10.15,7.5,7.5,1012.2,1012.1,0.0,0.0,87.88,79.0,338,330,14.0,15.1,53.1,54.6,9.5,11.0,321.3,311.8,1014.3,1014.2,-6.26,266.85,-0.02,30.9359,7.5418,173.0,62.0,1475.765, NAN, NAN, NAN, NAN,,2024/04/21 06:53:49.355,2024-04-21 06:53:49.355000+00:00
2024/04/21, 06:54:49.355,41.278,-70.885, 10.11,355.75,358.35,10.06,7.5,7.5,1012.3,1012.2,0.0,0.0,87.88,79.0,338,333,14.0,14.1,54.9,53.9,9.5,9.9,321.0,314.1,1014.4,1014.3,-6.3,267.12,-0.02,30.939,7.5459,173.0,62.1,1475.784, NAN, NAN, NAN, NAN,,2024/04/21 06:54:49.355,2024-04-21 06:54:49.355000+00:00
2024/04/21, 06:55:49.355,41.281,-70.886, 10.07,355.95,357.18,9.98,7.5,7.5,1012.2,1012.2,0.0,0.0,87.88,79.0,339,333,14.1,14.3,54.5,53.4,9.5,10.1,323.4,315.1,1014.3,1014.3,-6.18,266.88,-0.02,30.9394,7.5496,174.8,62.1,1475.799, NAN, NAN, NAN, NAN,,2024/04/21 06:55:49.355,2024-04-21 06:55:49.355000+00:00
2024/04/21, 06:56:49.355,41.283,-70.886, 10.05,356.04,357.5,9.98,7.5,7.5,1012.2,1012.3,0.0,0.0,87.88,79.0,340,334,14.6,14.7,53.9,54.4,10.0,10.4,325.0,316.7,1014.3,1014.4,-6.19,266.93,-0.02,30.9395,7.5512,174.2,62.1,1475.805, NAN, NAN, NAN, NAN,,2024/04/21 06:56:49.355,2024-04-21 06:56:49.355000+00:00
2024/04/21, 06:57:49.355,41.286,-70.886, 10.13,355.98,358.55,10.01,7.5,7.5,1012.2,1012.2,0.0,0.0,87.88,79.0,341,334,13.2,13.8,54.5,54.6,8.6,9.6,324.6,315.3,1014.3,1014.3,-6.27,267.06,-0.02,30.9404,7.5523,174.8,62.2,1475.811, NAN, NAN, NAN, NAN,,2024/04/21 06:57:49.355,2024-04-21 06:57:49.355000+00:00
2024/04/21, 06:58:49.355,41.289,-70.886, 10.18,356.06,357.84,10.16,7.5,7.5,1012.2,1012.1,0.0,0.0,87.88,79.0,340,334,14.4,14.8,54.1,56.6,9.8,10.5,324.3,316.4,1014.3,1014.2,-6.26,266.66,-0.02,30.9423,7.5511,177.9,62.2,1475.808, NAN, NAN, NAN, NAN,,2024/04/21 06:58:49.355,2024-04-21 06:58:49.355000+00:00
2024/04/21, 06:59:49.355,41.292,-70.886, 10.22,356.03,358.6,9.98,7.4,7.5,1012.4,1012.0,0.0,0.0,87.88,79.0,339,333,15.2,15.3,55.5,52.6,10.7,11.1,324.1,316.0,1014.5,1014.1,-6.24,266.53,-0.02,30.9446,7.5593,177.0,62.1,1475.843, NAN, NAN, NAN, NAN,,2024/04/21 06:59:49.355,2024-04-21 06:59:49.355000+00:00
2024/04/21, 07:00:49.356,41.295,-70.886, 10.17,355.48,357.52,10.09,7.4,7.5,1012.2,1012.2,0.0,0.0,87.88,79.0,338,332,13.6,13.6,52.4,53.4,9.1,9.4,320.3,311.7,1014.3,1014.3,-6.14,266.71,-0.02,30.949,7.58,180.3,62.2,1475.928, NAN, NAN, NAN, NAN,,2024/04/21 07:00:49.356,2024-04-21 07:00:49.356000+00:00
2024/04/21, 07:01:49.356,41.297,-70.886, 10.20,356.39,357.16,10.11,7.4,7.5,1012.3,1012.2,0.0,0.0,87.88,79.0,338,332,14.8,15.0,53.7,53.5,10.3,10.8,322.7,314.6,1014.4,1014.3,-6.27,266.43,-0.02,30.9507,7.6023,181.2,62.2,1476.016, NAN, NAN, NAN, NAN,,2024/04/21 07:01:49.356,2024-04-21 07:01:49.356000+00:00
2024/04/21, 07:02:49.356,41.3,-70.887, 10.17,355.72,357.17,10.09,7.4,7.5,1012.1,1012.2,0.0,0.0,87.88,79.0,342,336,14.1,14.2,52.6,50.3,9.4,9.8,327.0,318.4,1014.2,1014.3,-6.29,266.49,-0.02,30.9504,7.6151,180.9,62.2,1476.065, NAN, NAN, NAN, NAN,,2024/04/21 07:02:49.356,2024-04-21 07:02:49.356000+00:00
2024/04/21, 07:03:49.356,41.303,-70.887, 10.20,355.45,358.02,10.1,7.4,7.4,1012.3,1012.2,0.0,0.0,87.88,79.0,340,334,14.5,14.5,50.6,50.7,9.9,10.2,324.0,315.5,1014.4,1014.3,-6.2,266.47,-0.02,30.9505,7.6129,179.7,62.3,1476.057, NAN, NAN, NAN, NAN,,2024/04/21 07:03:49.356,2024-04-21 07:03:49.356000+00:00
2024/04/21, 07:04:49.356,41.306,-70.887, 10.25,356.89,356.73,10.26,7.4,7.4,1012.3,1012.2,0.0,0.0,87.88,79.0,339,332,13.2,14.2,50.4,53.8,8.5,9.9,322.7,314.1,1014.4,1014.3,-6.23,266.63,-0.02,30.9511,7.6114,176.7,62.1,1476.052, NAN, NAN, NAN, NAN,,2024/04/21 07:04:49.356,2024-04-21 07:04:49.356000+00:00
2024/04/21, 07:05:49.356,41.309,-70.887, 10.33,356.44,356.4,10.28,7.4,7.4,1012.4,1012.2,0.0,0.0,87.88,79.0,342,336,13.9,14.2,50.7,53.2,9.1,9.7,327.6,319.2,1014.5,1014.3,-6.22,266.34,-0.02,30.9543,7.6061,176.0,62.0,1476.036, NAN, NAN, NAN, NAN,,2024/04/21 07:05:49.356,2024-04-21 07:05:49.356000+00:00
2024/04/21, 07:06:49.356,41.312,-70.887, 10.28,355.76,358.0,10.12,7.4,7.4,1012.4,1012.2,0.0,0.0,87.88,79.0,346,340,13.5,13.6,53.1,55.2,8.6,9.0,332.4,323.4,1014.5,1014.3,-6.22,266.44,-0.02,30.9578,7.5922,175.7,61.4,1475.986, NAN, NAN, NAN, NAN,,2024/04/21 07:06:49.356,2024-04-21 07:06:49.356000+00:00
2024/04/21, 07:07:49.356,41.314,-70.887, 10.29,355.83,357.48,10.3,7.4,7.4,1012.4,1012.2,0.0,0.0,87.88,79.0,344,338,13.2,13.5,54.8,49.3,8.3,8.9,328.9,320.2,1014.5,1014.3,-6.29,266.16,-0.02,30.9613,7.5882,173.6,62.0,1475.975, NAN, NAN, NAN, NAN,,2024/04/21 07:07:49.356,2024-04-21 07:07:49.356000+00:00
2024/04/21, 07:08:49.356,41.317,-70.888, 10.31,355.57,358.12,10.15,7.4,7.4,1012.2,1012.1,0.0,0.0,87.88,79.0,344,338,14.0,14.3,50.0,50.9,9.2,9.8,329.3,320.9,1014.3,1014.2,-6.29,265.94,-0.02,30.9667,7.5841,176.4,62.0,1475.966, NAN, NAN, NAN, NAN,,2024/04/21 07:08:49.356,2024-04-21 07:08:49.356000+00:00
2024/04/21, 07:09:49.356,41.32,-70.888, 10.36,355.97,357.21,10.22,7.3,7.4,1012.2,1012.2,0.0,0.0,87.88,79.0,345,339,13.2,13.5,50.2,51.6,8.3,8.9,330.6,321.9,1014.3,1014.3,-6.22,266.01,-0.02,30.9704,7.5702,176.7,62.1,1475.917, NAN, NAN, NAN, NAN,,2024/04/21 07:09:49.356,2024-04-21 07:09:49.356000+00:00
2024/04/21, 07:10:49.356,41.323,-70.888, 10.33,355.51,357.72,10.11,7.3,7.4,1012.3,1012.3,0.0,0.0,87.88,79.0,341,334,12.6,13.1,52.1,53.5,8.0,8.9,322.9,313.5,1014.4,1014.4,-6.29,265.99,-0.02,30.9743,7.5508,177.2,62.2,1475.847, NAN, NAN, NAN, NAN,,2024/04/21 07:10:49.356,2024-04-21 07:10:49.356000+00:00
2024/04/21, 07:11:49.356,41.326,-70.888, 10.17,356.0,356.67,10.01,7.3,7.3,1012.2,1012.1,0.0,0.0,87.88,79.0,340,334,13.7,13.8,53.5,51.9,9.1,9.5,324.5,315.9,1014.3,1014.2,-6.3,265.84,-0.02,30.9777,7.6648,177.0,62.2,1476.291, NAN, NAN, NAN, NAN,,2024/04/21 07:11:49.356,2024-04-21 07:11:49.356000+00:00
2024/04/21, 07:12:49.356,41.328,-70.888, 10.16,355.69,357.25,9.87,7.3,7.3,1012.4,1012.1,0.0,0.0,87.88,79.0,341,335,14.1,14.3,51.7,50.3,9.5,10.0,326.0,317.7,1014.5,1014.2,-6.29,265.86,-0.02,30.9831,7.7763,179.7,62.1,1476.726, NAN, NAN, NAN, NAN,,2024/04/21 07:12:49.356,2024-04-21 07:12:49.356000+00:00
2024/04/21, 07:13:49.356,41.331,-70.888, 10.15,355.56,358.04,9.97,7.3,7.3,1012.2,1012.2,0.0,0.0,87.88,79.0,339,332,12.8,14.0,50.3,52.1,8.3,9.9,320.5,312.5,1014.3,1014.3,-6.32,265.74,-0.02,30.9812,7.7979,186.1,62.2,1476.806, NAN, NAN, NAN, NAN,,2024/04/21 07:13:49.356,2024-04-21 07:13:49.356000+00:00
2024/04/21, 07:14:49.356,41.334,-70.889, 10.16,355.33,356.84,10.0,7.3,7.3,1012.2,1012.2,0.0,0.0,87.88,79.0,341,335,12.9,13.2,52.1,53.7,8.3,8.9,323.7,315.3,1014.3,1014.3,-6.29,265.7,-0.02,30.9469,7.797,192.5,62.2,1476.76, NAN, NAN, NAN, NAN,,2024/04/21 07:14:49.356,2024-04-21 07:14:49.356000+00:00
2024/04/21, 07:15:49.356,41.337,-70.889, 10.28,355.76,356.61,10.01,7.2,7.3,1012.3,1012.1,0.0,0.0,87.88,79.0,339,333,13.4,13.4,52.9,53.7,8.8,9.2,322.2,313.5,1014.4,1014.2,-6.29,265.54,-0.02,30.9302,7.7959,196.2,61.2,1476.736, NAN, NAN, NAN, NAN,,2024/04/21 07:15:49.356,2024-04-21 07:15:49.356000+00:00
2024/04/21, 07:16:49.357,41.339,-70.889, 10.40,356.06,355.95,9.99,7.2,7.3,1012.3,1012.2,0.0,0.0,87.88,79.0,341,336,12.3,12.9,53.2,53.9,7.6,8.5,324.3,317.7,1014.4,1014.3,-6.39,265.72,-0.02,30.9296,7.7917,197.4,61.0,1476.719, NAN, NAN, NAN, NAN,,2024/04/21 07:16:49.357,2024-04-21 07:16:49.357000+00:00
2024/04/21, 07:17:49.357,41.342,-70.889, 10.30,354.41,353.26,9.91,7.2,7.3,1012.3,1012.2,0.0,0.0,87.88,79.0,341,335,12.8,13.3,53.6,52.8,8.1,8.9,324.1,315.8,1014.4,1014.3,-6.29,265.33,-0.02,30.9291,7.8174,195.2,61.3,1476.817, NAN, NAN, NAN, NAN,,2024/04/21 07:17:49.357,2024-04-21 07:17:49.357000+00:00
2024/04/21, 07:18:49.357,41.345,-70.89, 10.41,355.15,354.12,9.85,7.2,7.2,1012.1,1012.2,0.0,0.0,87.88,79.0,343,336,13.1,13.3,52.9,52.1,8.3,8.9,328.7,318.4,1014.2,1014.3,-6.23,265.41,-0.02,30.9315,7.8445,197.1,61.7,1476.923, NAN, NAN, NAN, NAN,,2024/04/21 07:18:49.357,2024-04-21 07:18:49.357000+00:00
2024/04/21, 07:19:49.357,41.348,-70.89, 10.61,354.66,353.28,9.87,7.2,7.2,1012.2,1012.2,0.0,0.0,87.88,79.0,340,335,12.9,13.3,52.9,53.5,8.2,8.9,323.4,316.5,1014.3,1014.3,-6.27,265.14,-0.02,30.9319,7.8586,194.7,61.8,1476.978, NAN, NAN, NAN, NAN,,2024/04/21 07:19:49.357,2024-04-21 07:19:49.357000+00:00
2024/04/21, 07:20:49.357,41.35,-70.891, 10.51,354.94,353.21,10.0,7.2,7.2,1012.3,1012.2,0.0,0.0,87.88,79.0,343,337,13.0,13.3,53.2,52.4,8.2,8.7,328.3,319.5,1014.4,1014.3,-6.21,265.45,-0.02,30.9241,7.856,199.2,61.7,1476.958, NAN, NAN, NAN, NAN,,2024/04/21 07:20:49.357,2024-04-21 07:20:49.357000+00:00
2024/04/21, 07:21:49.357,41.353,-70.891, 10.45,355.09,353.86,9.94,7.2,7.2,1012.2,1012.2,0.0,0.0,87.88,79.0,342,336,12.3,12.8,52.4,54.9,7.5,8.3,325.9,317.4,1014.3,1014.3,-6.29,264.98,-0.02,30.919,7.8308,201.7,61.8,1476.855, NAN, NAN, NAN, NAN,,2024/04/21 07:21:49.357,2024-04-21 07:21:49.357000+00:00
2024/04/21, 07:22:49.357,41.356,-70.891, 10.45,353.99,352.73,9.95,7.2,7.2,1012.1,1011.9,0.0,0.0,87.88,79.0,341,334,13.2,14.0,55.5,53.8,8.5,9.6,324.7,315.3,1014.2,1014.0,-6.2,265.48,-0.02,30.919,7.7916,203.2,61.8,1476.705, NAN, NAN, NAN, NAN,,2024/04/21 07:22:49.357,2024-04-21 07:22:49.357000+00:00
2024/04/21, 07:23:49.357,41.359,-70.892, 10.42,355.28,352.89,9.95,7.2,7.2,1012.2,1012.2,0.0,0.0,87.88,79.0,340,334,12.5,12.9,53.5,55.5,7.8,8.5,323.5,315.0,1014.3,1014.3,-6.3,264.79,-0.02,30.9227,7.8122,202.3,61.7,1476.789, NAN, NAN, NAN, NAN,,2024/04/21 07:23:49.357,2024-04-21 07:23:49.357000+00:00
2024/04/21, 07:24:49.357,41.361,-70.892, 10.31,355.23,352.97,10.03,7.1,7.2,1012.1,1012.0,0.0,0.0,87.88,79.0,341,335,13.1,13.4,55.2,53.0,8.3,8.9,325.6,317.0,1014.2,1014.1,-6.32,265.18,-0.02,30.9328,7.8286,202.6,61.8,1476.864, NAN, NAN, NAN, NAN,,2024/04/21 07:24:49.357,2024-04-21 07:24:49.357000+00:00
2024/04/21, 07:25:49.357,41.364,-70.893, 10.33,354.7,353.24,10.06,7.1,7.1,1012.2,1012.2,0.0,0.0,87.88,79.0,341,335,12.2,12.5,53.0,53.6,7.4,8.0,324.0,315.1,1014.3,1014.3,-6.3,264.85,-0.02,30.9384,7.8415,199.9,61.7,1476.921, NAN, NAN, NAN, NAN,,2024/04/21 07:25:49.357,2024-04-21 07:25:49.357000+00:00
2024/04/21, 07:26:49.357,41.367,-70.893, 10.33,354.22,350.51,10.21,7.1,7.1,1012.2,1012.1,0.0,0.0,87.88,79.0,339,333,12.6,13.4,54.1,55.3,7.8,8.8,321.5,313.5,1014.3,1014.2,-6.27,265.4,-0.02,30.9285,7.8665,200.8,36.0,1477.004, NAN, NAN, NAN, NAN,,2024/04/21 07:26:49.357,2024-04-21 07:26:49.357000+00:00
2024/04/21, 07:27:49.357,41.37,-70.894, 10.39,356.95,351.82,10.21,7.1,7.1,1012.2,1012.2,0.0,0.0,87.88,79.0,341,334,11.8,12.1,54.6,55.8,6.8,7.5,327.1,316.2,1014.3,1014.3,-6.33,264.98,-0.02,30.9265,7.9238,198.9,0.0,1477.221, NAN, NAN, NAN, NAN,,2024/04/21 07:27:49.357,2024-04-21 07:27:49.357000+00:00
2024/04/21, 07:28:49.357,41.372,-70.893, 9.86,32.13,25.05,9.48,7.1,7.1,1012.3,1012.3,0.0,0.0,87.88,79.0,326,320,10.2,13.3,55.9,55.4,6.2,9.6,337.6,336.1,1014.4,1014.4,-6.35,265.18,-0.02,30.9191,7.9492,196.8,0.0,1477.309, NAN, NAN, NAN, NAN,,2024/04/21 07:28:49.357,2024-04-21 07:28:49.357000+00:00
2024/04/21, 07:29:49.357,41.374,-70.891, 9.93,47.07,45.77,9.34,7.1,7.1,1012.4,1012.3,0.0,0.0,87.88,79.0,309,307,9.8,12.8,56.2,55.3,7.6,10.5,327.4,333.1,1014.5,1014.4,-6.32,265.02,-0.02,30.8549,7.9447,204.8,0.0,1477.212, NAN, NAN, NAN, NAN,,2024/04/21 07:29:49.357,2024-04-21 07:29:49.357000+00:00
2024/04/21, 07:30:49.357,41.376,-70.889, 10.47,51.6,50.75,9.65,7.1,7.1,1012.6,1012.4,0.0,0.0,87.88,79.0,303,305,9.2,12.4,54.8,56.2,7.6,10.3,322.0,333.7,1014.7,1014.5,-6.44,264.81,-0.02,30.7908,7.9206,210.2,0.0,1477.041, NAN, NAN, NAN, NAN,,2024/04/21 07:30:49.357,2024-04-21 07:30:49.357000+00:00
2024/04/21, 07:31:49.357,41.378,-70.886, 10.37,48.6,46.24,9.73,7.0,7.0,1012.6,1012.4,0.0,0.0,87.88,79.0,303,304,9.7,12.7,55.7,53.6,7.9,10.5,320.7,330.1,1014.7,1014.5,-6.57,264.83,-0.02,30.7779,7.8949,210.8,0.0,1476.926, NAN, NAN, NAN, NAN,,2024/04/21 07:31:49.357,2024-04-21 07:31:49.357000+00:00
2024/04/21, 07:32:49.357,41.38,-70.883, 10.51,47.5,47.07,9.9,7.0,7.0,1012.7,1012.3,0.0,0.0,87.88,79.0,302,300,10.4,12.9,53.2,54.2,8.8,11.2,320.3,324.5,1014.8,1014.4,-6.51,264.92,-0.02,30.7897,7.8739,211.2,0.0,1476.86, NAN, NAN, NAN, NAN,,2024/04/21 07:32:49.357,2024-04-21 07:32:49.357000+00:00
2024/04/21, 07:33:49.358,41.382,-70.881, 10.78,47.24,46.21,10.07,7.0,7.0,1012.7,1012.4,0.0,0.0,87.88,79.0,298,300,9.8,12.8,53.9,54.9,8.6,11.1,313.4,323.6,1014.8,1014.5,-6.52,265.13,-0.02,30.8061,7.8486,207.5,0.0,1476.784, NAN, NAN, NAN, NAN,,2024/04/21 07:33:49.358,2024-04-21 07:33:49.358000+00:00
2024/04/21, 07:34:49.358,41.384,-70.878, 10.93,47.26,47.25,10.1,7.0,7.0,1012.6,1012.4,0.0,0.0,87.88,79.0,306,304,10.6,13.0,53.6,53.2,8.6,11.0,324.2,328.2,1014.7,1014.5,-6.45,264.89,-0.02,30.8282,7.8201,208.1,0.0,1476.702, NAN, NAN, NAN, NAN,,2024/04/21 07:34:49.358,2024-04-21 07:34:49.358000+00:00
2024/04/21, 07:35:49.358,41.386,-70.875, 10.93,49.67,46.31,10.27,7.0,7.1,1012.7,1012.5,0.0,0.0,87.88,79.0,306,305,10.0,12.8,52.4,54.9,7.8,10.4,324.1,331.1,1014.8,1014.6,-6.52,265.0,-0.02,30.8481,7.8075,206.8,0.0,1476.678, NAN, NAN, NAN, NAN,,2024/04/21 07:35:49.358,2024-04-21 07:35:49.358000+00:00
2024/04/21, 07:36:49.358,41.387,-70.872, 10.83,48.93,47.67,10.26,7.0,7.0,1012.6,1012.4,0.0,0.0,87.88,79.0,307,306,10.0,12.5,55.2,52.0,7.9,10.2,324.3,330.6,1014.7,1014.5,-6.38,264.79,-0.02,30.872,7.817,206.3,0.0,1476.744, NAN, NAN, NAN, NAN,,2024/04/21 07:36:49.358,2024-04-21 07:36:49.358000+00:00
2024/04/21, 07:37:49.358,41.389,-70.869, 10.97,48.68,48.18,10.36,7.0,7.0,1012.6,1012.2,0.0,0.0,87.88,79.0,298,296,11.6,14.2,52.8,50.7,10.2,12.8,319.4,322.7,1014.7,1014.3,-6.45,264.66,-0.02,30.8921,7.8368,203.5,0.0,1476.845, NAN, NAN, NAN, NAN,,2024/04/21 07:37:49.358,2024-04-21 07:37:49.358000+00:00
2024/04/21, 07:38:49.358,41.391,-70.867, 10.98,49.0,49.58,10.42,7.0,7.0,1012.6,1012.3,0.0,0.0,87.88,79.0,302,300,11.1,13.4,50.6,53.5,9.5,11.7,322.2,325.6,1014.7,1014.4,-6.4,264.57,-0.02,30.8994,7.8582,203.8,0.0,1476.936, NAN, NAN, NAN, NAN,,2024/04/21 07:38:49.358,2024-04-21 07:38:49.358000+00:00
2024/04/21, 07:39:49.358,41.393,-70.864, 10.99,48.7,48.7,10.43,7.0,7.0,1012.6,1012.3,0.0,0.0,87.88,79.0,304,302,10.9,13.0,53.0,53.0,9.1,11.1,323.3,326.6,1014.7,1014.4,-6.42,264.44,-0.02,30.8909,7.8846,204.8,0.0,1477.027, NAN, NAN, NAN, NAN,,2024/04/21 07:39:49.358,2024-04-21 07:39:49.358000+00:00
2024/04/21, 07:40:49.358,41.395,-70.861, 10.86,49.35,49.63,10.4,7.0,7.0,1012.5,1012.3,0.0,0.0,87.88,79.0,306,307,9.3,12.2,53.0,55.8,7.6,10.0,320.3,330.9,1014.6,1014.4,-6.35,264.29,-0.02,30.8823,7.9131,209.0,0.0,1477.125, NAN, NAN, NAN, NAN,,2024/04/21 07:40:49.358,2024-04-21 07:40:49.358000+00:00
2024/04/21, 07:41:49.358,41.397,-70.858, 10.93,48.41,49.63,10.42,7.0,6.9,1012.5,1012.2,0.0,0.0,87.88,79.0,304,303,10.5,13.1,56.7,53.9,8.8,11.2,321.8,327.5,1014.6,1014.3,-6.38,264.07,-0.02,30.8688,7.9403,209.0,0.0,1477.213, NAN, NAN, NAN, NAN,,2024/04/21 07:41:49.358,2024-04-21 07:41:49.358000+00:00
2024/04/21, 07:42:49.358,41.399,-70.855, 10.85,49.07,49.79,10.47,6.9,6.9,1012.4,1012.2,0.0,0.0,87.88,79.0,304,304,9.8,12.7,53.8,53.8,8.2,10.7,319.8,328.3,1014.5,1014.3,-6.41,263.79,-0.02,30.8471,7.9648,212.0,0.0,1477.279, NAN, NAN, NAN, NAN,,2024/04/21 07:42:49.358,2024-04-21 07:42:49.358000+00:00
2024/04/21, 07:43:49.358,41.401,-70.852, 11.05,48.84,50.07,10.61,6.9,6.8,1012.4,1012.2,0.0,0.0,87.88,79.0,306,306,9.4,12.5,53.9,54.9,7.7,10.4,319.4,329.3,1014.5,1014.3,-6.48,263.69,-0.02,30.8286,7.9857,213.9,0.0,1477.336, NAN, NAN, NAN, NAN,,2024/04/21 07:43:49.358,2024-04-21 07:43:49.358000+00:00
2024/04/21, 07:44:49.358,41.403,-70.849, 11.39,49.68,49.92,10.51,6.8,6.8,1012.4,1012.1,0.0,0.0,87.88,79.0,310,309,9.1,12.4,55.6,54.5,7.0,10.0,323.3,333.6,1014.5,1014.2,-6.48,263.45,-0.02,30.8137,8.0012,220.6,0.0,1477.377, NAN, NAN, NAN, NAN,,2024/04/21 07:44:49.358,2024-04-21 07:44:49.358000+00:00
2024/04/21, 07:45:49.358,41.404,-70.846, 11.36,49.33,49.7,10.6,6.8,6.8,1012.4,1012.2,0.0,0.0,87.88,79.0,306,307,8.6,11.7,54.9,54.2,7.0,9.5,316.1,329.0,1014.5,1014.3,-6.5,263.83,-0.01,30.7963,8.0071,221.8,0.0,1477.378, NAN, NAN, NAN, NAN,,2024/04/21 07:45:49.358,2024-04-21 07:45:49.358000+00:00
2024/04/21, 07:46:49.358,41.406,-70.843, 11.30,48.28,48.37,10.61,6.7,6.7,1012.4,1012.3,0.0,0.0,87.88,79.0,308,309,9.1,12.1,54.8,54.6,7.2,9.7,319.5,331.2,1014.5,1014.4,-6.54,263.85,-0.02,30.7832,8.0184,223.2,0.0,1477.405, NAN, NAN, NAN, NAN,,2024/04/21 07:46:49.358,2024-04-21 07:46:49.358000+00:00
2024/04/21, 07:47:49.358,41.408,-70.84, 11.35,50.09,50.2,10.62,6.7,6.7,1012.4,1012.2,0.0,0.0,87.88,79.0,310,310,8.8,12.4,54.9,55.1,6.8,9.8,321.8,334.9,1014.5,1014.3,-6.48,264.31,-0.02,30.778,8.0377,222.4,0.0,1477.472, NAN, NAN, NAN, NAN,,2024/04/21 07:47:49.358,2024-04-21 07:47:49.358000+00:00
2024/04/21, 07:48:49.358,41.41,-70.837, 11.22,58.38,59.12,10.38,6.7,6.7,1012.4,1012.2,0.0,0.0,87.88,79.0,310,310,8.7,11.8,55.2,55.1,6.7,9.3,330.6,342.4,1014.5,1014.3,-6.52,264.52,-0.02,30.775,8.0531,221.1,0.0,1477.527, NAN, NAN, NAN, NAN,,2024/04/21 07:48:49.358,2024-04-21 07:48:49.358000+00:00
2024/04/21, 07:49:49.358,41.412,-70.834, 11.03,54.29,56.73,10.31,6.7,6.7,1012.4,1012.2,0.0,0.0,87.88,79.0,304,305,8.4,11.6,55.1,54.7,7.2,9.8,319.5,332.2,1014.5,1014.3,-6.5,264.48,-0.02,30.7685,8.0658,223.1,0.0,1477.568, NAN, NAN, NAN, NAN,,2024/04/21 07:49:49.358,2024-04-21 07:49:49.358000+00:00
2024/04/21, 07:50:49.359,41.413,-70.831, 11.18,55.21,57.27,10.54,6.7,6.8,1012.5,1012.3,0.0,0.0,87.88,79.0,299,302,8.3,11.0,54.3,53.0,7.6,9.5,314.6,327.7,1014.6,1014.4,-6.57,265.09,-0.01,30.7598,8.076,225.2,0.0,1477.596, NAN, NAN, NAN, NAN,,2024/04/21 07:50:49.359,2024-04-21 07:50:49.359000+00:00
2024/04/21, 07:51:49.359,41.415,-70.827, 11.21,53.46,55.7,10.61,6.7,6.8,1012.6,1012.4,0.0,0.0,87.88,79.0,307,307,8.1,11.1,53.1,55.7,6.7,9.2,318.5,331.2,1014.7,1014.5,-6.49,265.51,-0.02,30.7537,8.0833,223.2,0.0,1477.616, NAN, NAN, NAN, NAN,,2024/04/21 07:51:49.359,2024-04-21 07:51:49.359000+00:00
2024/04/21, 07:52:49.359,41.417,-70.824, 11.19,54.33,55.7,10.67,6.8,6.8,1012.6,1012.4,0.0,0.0,87.88,79.0,300,302,9.7,12.9,55.4,54.3,8.6,11.2,320.1,331.3,1014.7,1014.5,-6.48,265.3,-0.01,30.7503,8.0898,225.8,0.0,1477.637, NAN, NAN, NAN, NAN,,2024/04/21 07:52:49.359,2024-04-21 07:52:49.359000+00:00
2024/04/21, 07:53:49.359,41.418,-70.821, 11.20,53.74,55.24,10.62,6.8,6.9,1012.6,1012.4,0.0,0.0,87.88,79.0,310,309,9.3,12.5,53.8,54.6,7.3,10.1,327.8,337.5,1014.7,1014.5,-6.53,265.36,-0.02,30.7476,8.0938,226.8,0.0,1477.649, NAN, NAN, NAN, NAN,,2024/04/21 07:53:49.359,2024-04-21 07:53:49.359000+00:00
2024/04/21, 07:54:49.359,41.42,-70.818, 11.30,53.76,55.02,10.67,6.8,6.9,1012.6,1012.4,0.0,0.0,87.88,79.0,308,310,9.0,11.9,54.8,51.2,7.2,9.5,324.2,337.0,1014.7,1014.5,-6.31,265.2,-0.02,30.7431,8.0981,227.2,0.0,1477.659, NAN, NAN, NAN, NAN,,2024/04/21 07:54:49.359,2024-04-21 07:54:49.359000+00:00
2024/04/21, 07:55:49.359,41.422,-70.814, 11.32,53.77,54.87,10.61,6.9,6.9,1012.6,1012.3,0.0,0.0,87.88,79.0,305,305,9.0,12.4,50.9,53.9,7.5,10.4,321.6,332.9,1014.7,1014.4,-6.41,265.22,-0.02,30.7374,8.111,226.8,0.0,1477.701, NAN, NAN, NAN, NAN,,2024/04/21 07:55:49.359,2024-04-21 07:55:49.359000+00:00
2024/04/21, 07:56:49.359,41.423,-70.811, 11.25,54.06,54.88,10.59,6.9,6.9,1012.6,1012.4,0.0,0.0,87.88,79.0,308,308,8.3,11.3,53.9,52.5,6.6,9.1,321.2,333.6,1014.7,1014.5,-6.38,264.63,-0.02,30.7261,8.1312,226.8,0.0,1477.764, NAN, NAN, NAN, NAN,,2024/04/21 07:56:49.359,2024-04-21 07:56:49.359000+00:00
2024/04/21, 07:57:49.359,41.425,-70.808, 11.27,54.11,54.85,10.58,6.8,6.8,1012.6,1012.3,0.0,0.0,87.88,79.0,307,307,7.8,11.0,53.3,54.9,6.3,8.9,317.4,331.7,1014.7,1014.4,-6.39,264.36,-0.03,30.7105,8.1563,226.5,0.0,1477.841, NAN, NAN, NAN, NAN,,2024/04/21 07:57:49.359,2024-04-21 07:57:49.359000+00:00
2024/04/21, 07:58:49.359,41.427,-70.805, 11.24,53.83,54.59,10.5,6.8,6.7,1012.5,1012.3,0.0,0.0,87.88,79.0,313,312,7.5,10.2,55.1,55.1,5.6,7.8,320.9,334.4,1014.6,1014.4,-6.44,264.32,-0.02,30.6913,8.182,228.4,0.0,1477.915, NAN, NAN, NAN, NAN,,2024/04/21 07:58:49.359,2024-04-21 07:58:49.359000+00:00
2024/04/21, 07:59:49.359,41.428,-70.802, 11.23,53.73,54.75,10.5,6.7,6.7,1012.4,1012.2,0.0,0.0,87.88,79.0,306,308,8.8,11.9,55.4,55.5,7.2,9.7,322.0,335.2,1014.5,1014.3,-6.57,264.5,-0.03,30.6668,8.2017,227.2,0.0,1477.959, NAN, NAN, NAN, NAN,,2024/04/21 07:59:49.359,2024-04-21 07:59:49.359000+00:00
2024/04/21, 08:00:49.359,41.43,-70.799, 11.12,54.03,55.31,10.44,6.6,6.6,1012.4,1012.3,0.0,0.0,87.88,79.0,304,304,8.4,11.4,55.3,54.5,7.1,9.6,318.6,330.1,1014.5,1014.4,-6.51,264.3,-0.02,30.6428,8.2247,227.8,0.0,1478.017, NAN, NAN, NAN, NAN,,2024/04/21 08:00:49.359,2024-04-21 08:00:49.359000+00:00
2024/04/21, 08:01:49.359,41.432,-70.795, 11.18,54.18,55.65,10.46,6.6,6.6,1012.4,1012.2,0.0,0.0,87.88,79.0,303,306,8.6,11.5,54.5,54.1,7.4,9.5,318.8,332.5,1014.5,1014.3,-6.49,264.41,-0.01,30.6247,8.2412,227.8,0.0,1478.058, NAN, NAN, NAN, NAN,,2024/04/21 08:01:49.359,2024-04-21 08:01:49.359000+00:00
2024/04/21, 08:02:49.359,41.433,-70.792, 11.21,53.98,55.25,10.48,6.6,6.6,1012.4,1012.3,0.0,0.0,87.88,79.0,301,303,8.5,11.5,54.4,54.2,7.5,9.8,316.2,329.1,1014.5,1014.4,-6.6,264.8,-0.02,30.6052,8.2559,228.4,0.0,1478.089, NAN, NAN, NAN, NAN,,2024/04/21 08:02:49.359,2024-04-21 08:02:49.359000+00:00
2024/04/21, 08:03:49.359,41.435,-70.789, 11.15,52.94,54.13,10.43,6.6,6.6,1012.4,1012.1,0.0,0.0,87.88,79.0,304,301,11.0,13.5,57.4,54.4,9.3,11.8,327.8,330.7,1014.5,1014.2,-6.46,264.61,-0.02,30.5907,8.2804,228.0,0.0,1478.164, NAN, NAN, NAN, NAN,,2024/04/21 08:03:49.359,2024-04-21 08:03:49.359000+00:00
2024/04/21, 08:04:49.359,41.437,-70.786, 11.15,52.62,54.01,10.44,6.6,6.6,1012.4,1012.2,0.0,0.0,87.88,79.0,306,307,8.8,12.0,54.1,53.7,7.3,9.9,321.1,333.4,1014.5,1014.3,-6.39,264.01,-0.02,30.5758,8.3038,230.2,0.0,1478.235, NAN, NAN, NAN, NAN,,2024/04/21 08:04:49.359,2024-04-21 08:04:49.359000+00:00
2024/04/21, 08:05:49.359,41.438,-70.783, 11.14,52.91,54.71,10.5,6.6,6.6,1012.4,1012.2,0.0,0.0,87.88,79.0,306,307,8.1,11.0,54.5,53.2,6.8,9.0,317.5,330.7,1014.5,1014.3,-6.36,263.94,-0.02,30.5613,8.3285,227.8,0.0,1478.311, NAN, NAN, NAN, NAN,,2024/04/21 08:05:49.359,2024-04-21 08:05:49.359000+00:00
2024/04/21, 08:06:49.360,41.44,-70.78, 11.15,53.34,54.54,10.49,6.6,6.6,1012.3,1012.2,0.0,0.0,87.88,79.0,315,311,6.8,9.6,53.8,54.8,5.0,7.4,316.6,330.4,1014.4,1014.3,-6.38,263.85,-0.02,30.5454,8.3543,226.5,0.0,1478.389, NAN, NAN, NAN, NAN,,2024/04/21 08:06:49.360,2024-04-21 08:06:49.360000+00:00
2024/04/21, 08:07:49.360,41.442,-70.776, 11.04,52.14,54.14,10.48,6.5,6.5,1012.3,1012.2,0.0,0.0,87.88,79.0,307,310,8.3,11.4,55.1,55.0,6.8,9.1,318.9,334.4,1014.4,1014.3,-6.38,264.19,-0.02,30.533,8.3844,227.5,0.0,1478.487, NAN, NAN, NAN, NAN,,2024/04/21 08:07:49.360,2024-04-21 08:07:49.360000+00:00
2024/04/21, 08:08:49.360,41.444,-70.773, 11.30,52.55,53.98,10.48,6.5,6.5,1012.4,1012.2,0.0,0.0,87.88,79.0,313,312,7.8,10.8,54.7,56.7,5.8,8.4,321.9,335.3,1014.5,1014.3,-6.51,264.57,-0.02,30.5212,8.4099,227.8,0.0,1478.569, NAN, NAN, NAN, NAN,,2024/04/21 08:08:49.360,2024-04-21 08:08:49.360000+00:00
2024/04/21, 08:09:49.360,41.445,-70.77, 11.27,52.96,53.97,10.48,6.5,6.5,1012.4,1012.2,0.0,0.0,87.88,79.0,314,311,8.1,10.7,54.8,56.6,5.9,8.3,325.3,334.3,1014.5,1014.3,-6.48,264.6,-0.02,30.5119,8.4409,229.6,0.0,1478.675, NAN, NAN, NAN, NAN,,2024/04/21 08:09:49.360,2024-04-21 08:09:49.360000+00:00
2024/04/21, 08:10:49.360,41.447,-70.767, 11.07,53.3,55.11,10.2,6.5,6.5,1012.3,1012.2,0.0,0.0,87.88,79.0,309,309,8.7,11.9,56.3,53.9,6.9,9.7,325.2,336.7,1014.4,1014.3,-6.47,264.78,-0.02,30.5032,8.4717,228.4,0.0,1478.781, NAN, NAN, NAN, NAN,,2024/04/21 08:10:49.360,2024-04-21 08:10:49.360000+00:00
2024/04/21, 08:11:49.360,41.449,-70.764, 11.09,53.29,55.02,10.07,6.5,6.6,1012.3,1012.2,0.0,0.0,87.88,79.0,308,309,7.0,9.5,53.9,54.9,5.7,7.6,314.6,329.4,1014.4,1014.3,-6.44,264.55,-0.02,30.4949,8.5011,228.7,0.0,1478.882, NAN, NAN, NAN, NAN,,2024/04/21 08:11:49.360,2024-04-21 08:11:49.360000+00:00
2024/04/21, 08:12:49.360,41.45,-70.761, 10.87,53.31,55.57,9.98,6.5,6.6,1012.3,1012.2,0.0,0.0,87.88,79.0,313,313,8.6,11.4,55.0,54.4,6.5,8.9,329.8,340.5,1014.4,1014.3,-6.42,264.56,-0.02,30.4875,8.5221,227.5,0.0,1478.952, NAN, NAN, NAN, NAN,,2024/04/21 08:12:49.360,2024-04-21 08:12:49.360000+00:00
2024/04/21, 08:13:49.360,41.452,-70.758, 11.03,52.48,55.42,10.04,6.5,6.6,1012.3,1012.2,0.0,0.0,87.88,79.0,319,316,7.3,10.1,54.4,55.2,5.1,7.6,326.5,338.7,1014.4,1014.3,-6.51,264.5,-0.02,30.4807,8.5345,227.2,0.0,1478.99, NAN, NAN, NAN, NAN,,2024/04/21 08:13:49.360,2024-04-21 08:13:49.360000+00:00
2024/04/21, 08:14:49.360,41.453,-70.755, 10.89,52.46,55.1,10.13,6.5,6.5,1012.3,1012.2,0.0,0.0,87.88,79.0,313,312,8.2,10.9,55.2,54.4,6.2,8.6,326.0,336.5,1014.4,1014.3,-6.48,264.55,-0.02,30.4758,8.5453,229.3,0.0,1479.025, NAN, NAN, NAN, NAN,,2024/04/21 08:14:49.360,2024-04-21 08:14:49.360000+00:00
2024/04/21, 08:15:49.360,41.455,-70.752, 10.47,33.12,33.77,9.77,6.5,6.5,1012.3,1012.1,0.0,0.0,87.88,79.0,321,316,9.5,12.9,54.6,54.9,6.5,10.0,324.3,328.2,1014.4,1014.2,-6.41,264.54,-0.02,30.4731,8.5537,228.7,0.0,1479.053, NAN, NAN, NAN, NAN,,2024/04/21 08:15:49.360,2024-04-21 08:15:49.360000+00:00
2024/04/21, 08:16:49.360,41.457,-70.75, 10.42,30.16,33.02,9.92,6.5,6.5,1012.3,1012.0,0.0,0.0,87.88,79.0,325,321,9.8,13.1,54.7,54.6,6.5,9.9,326.8,331.1,1014.4,1014.1,-6.33,264.64,-0.02,30.4739,8.5622,226.3,0.0,1479.086, NAN, NAN, NAN, NAN,,2024/04/21 08:16:49.360,2024-04-21 08:16:49.360000+00:00
2024/04/21, 08:17:49.360,41.46,-70.748, 10.62,27.61,28.71,10.12,6.5,6.5,1012.2,1012.0,0.0,0.0,87.88,79.0,329,322,8.7,11.4,54.4,55.6,5.1,8.1,323.7,325.5,1014.3,1014.1,-6.34,264.66,-0.02,30.4749,8.5739,227.8,0.0,1479.132, NAN, NAN, NAN, NAN,,2024/04/21 08:17:49.360,2024-04-21 08:17:49.360000+00:00
2024/04/21, 08:18:49.360,41.462,-70.746, 10.80,27.39,28.1,10.24,6.5,6.5,1012.2,1012.0,0.0,0.0,87.88,79.0,327,322,9.8,12.5,56.1,57.0,6.2,9.0,326.0,327.9,1014.3,1014.1,-6.33,264.95,-0.01,30.4761,8.5839,227.5,0.0,1479.171, NAN, NAN, NAN, NAN,,2024/04/21 08:18:49.360,2024-04-21 08:18:49.360000+00:00
2024/04/21, 08:19:49.360,41.465,-70.745, 10.81,27.55,28.59,10.21,6.5,6.6,1012.2,1011.9,0.0,0.0,87.88,79.0,327,323,10.1,13.4,57.0,56.3,6.5,9.8,327.4,331.3,1014.3,1014.0,-6.27,265.05,-0.01,30.4758,8.5907,228.0,0.0,1479.196, NAN, NAN, NAN, NAN,,2024/04/21 08:19:49.360,2024-04-21 08:19:49.360000+00:00
2024/04/21, 08:20:49.360,41.467,-70.743, 10.70,27.93,28.73,9.62,6.5,6.6,1012.1,1012.0,0.0,0.0,87.88,79.0,328,321,10.0,13.2,56.2,54.3,6.4,9.9,331.3,330.3,1014.2,1014.1,-6.15,264.86,-0.02,30.4744,8.6084,224.8,0.0,1479.261, NAN, NAN, NAN, NAN,,2024/04/21 08:20:49.360,2024-04-21 08:20:49.360000+00:00
2024/04/21, 08:21:49.360,41.469,-70.741, 9.12,28.5,29.04,8.52,6.6,6.6,1012.1,1012.1,0.0,0.0,87.88,79.0,322,317,9.4,12.4,54.6,54.8,6.6,9.7,326.0,327.4,1014.2,1014.2,-6.17,264.46,-0.02,30.469,8.6322,226.5,0.0,1479.344, NAN, NAN, NAN, NAN,,2024/04/21 08:21:49.360,2024-04-21 08:21:49.360000+00:00
2024/04/21, 08:22:49.361,41.471,-70.74, 6.24,8.35,17.24,4.85,6.6,6.6,1012.2,1012.1,0.0,0.0,87.88,79.0,315,314,8.9,11.9,54.8,54.9,7.7,10.7,308.2,311.3,1014.3,1014.2,-6.08,264.57,-0.03,30.4651,8.6581,228.0,0.0,1479.437, NAN, NAN, NAN, NAN,,2024/04/21 08:22:49.361,2024-04-21 08:22:49.361000+00:00
2024/04/21, 08:23:49.361,41.472,-70.74, 2.65,332.04,335.82,2.36,6.5,6.5,1012.2,1012.1,0.0,0.0,87.88,79.0,355,347,7.4,7.3,54.7,54.2,6.2,6.1,325.4,315.8,1014.3,1014.2,-6.37,264.0,-0.03,30.4626,8.6742,226.8,0.0,1479.494, NAN, NAN, NAN, NAN,,2024/04/21 08:23:49.361,2024-04-21 08:23:49.361000+00:00
2024/04/21, 08:24:49.361,41.472,-70.74, 0.75,329.76,322.48,0.77,6.5,6.5,1012.1,1012.1,0.0,0.0,87.88,79.0,352,344,6.9,6.6,54.5,54.1,6.5,6.2,321.7,313.2,1014.2,1014.2,-6.46,263.88,-0.02,30.4588,8.6786,225.8,0.0,1479.506, NAN, NAN, NAN, NAN,,2024/04/21 08:24:49.361,2024-04-21 08:24:49.361000+00:00
2024/04/21, 08:25:49.361,41.472,-70.741, -0.07,331.77,47.92,0.02,6.5,6.5,1012.1,1012.0,0.0,0.0,87.88,79.0,359,351,8.0,7.6,54.4,53.2,8.0,7.6,330.7,322.7,1014.2,1014.1,-6.48,264.1,-0.03,30.4544,8.6839,227.2,0.0,1479.52, NAN, NAN, NAN, NAN,,2024/04/21 08:25:49.361,2024-04-21 08:25:49.361000+00:00
2024/04/21, 08:26:49.361,41.472,-70.741, -0.04,332.93,244.85,0.03,6.4,6.5,1012.1,1012.0,0.0,0.0,87.88,79.0,345,338,7.4,7.4,53.2,53.5,7.4,7.4,318.0,311.0,1014.2,1014.1,-6.66,263.91,-0.02,30.4482,8.6845,227.2,0.0,1479.515, NAN, NAN, NAN, NAN,,2024/04/21 08:26:49.361,2024-04-21 08:26:49.361000+00:00
2024/04/21, 08:27:49.361,41.472,-70.741, -0.01,331.75,269.73,0.01,6.4,6.5,1012.1,1012.0,0.0,0.0,87.88,79.0,344,337,6.3,6.4,53.8,54.7,6.3,6.4,315.8,308.8,1014.2,1014.1,-6.6,263.87,-0.02,30.4281,8.6854,226.5,0.0,1479.494, NAN, NAN, NAN, NAN,,2024/04/21 08:27:49.361,2024-04-21 08:27:49.361000+00:00
2024/04/21, 08:28:49.361,41.472,-70.741, -0.15,331.32,35.08,0.04,6.4,6.4,1012.1,1012.0,0.0,0.0,87.88,79.0,342,336,4.9,5.5,54.8,55.5,4.9,5.5,313.1,307.1,1014.2,1014.1,-6.77,263.74,-0.02,30.4429,8.688,225.8,0.0,1479.522, NAN, NAN, NAN, NAN,,2024/04/21 08:28:49.361,2024-04-21 08:28:49.361000+00:00
2024/04/21, 08:29:49.361,41.472,-70.741, -0.06,331.73,339.72,0.02,6.4,6.4,1012.0,1012.0,0.0,0.0,87.88,79.0,347,341,5.5,5.8,55.6,54.9,5.5,5.8,318.7,312.7,1014.1,1014.1,-6.93,263.8,-0.02,30.4418,8.6877,223.8,0.0,1479.519, NAN, NAN, NAN, NAN,,2024/04/21 08:29:49.361,2024-04-21 08:29:49.361000+00:00
2024/04/21, 08:30:49.361,41.472,-70.741, 0.00,331.55,28.8,0.03,6.4,6.4,1011.9,1012.0,0.0,0.0,87.88,79.0,350,339,4.4,4.5,54.7,54.3,4.4,4.5,321.4,310.4,1014.0,1014.1,-6.89,264.08,-0.02,30.4406,8.6873,223.2,0.0,1479.516, NAN, NAN, NAN, NAN,,2024/04/21 08:30:49.361,2024-04-21 08:30:49.361000+00:00
2024/04/21, 08:31:49.361,41.472,-70.741, -0.05,331.8,268.73,0.02,6.4,6.4,1012.0,1012.0,0.0,0.0,87.88,79.0,353,346,6.3,6.0,55.2,55.2,6.3,6.0,324.9,317.9,1014.1,1014.1,-6.85,264.05,-0.02,30.4393,8.6885,225.2,0.0,1479.519, NAN, NAN, NAN, NAN,,2024/04/21 08:31:49.361,2024-04-21 08:31:49.361000+00:00
2024/04/21, 08:32:49.361,41.472,-70.74, -0.11,331.47,72.42,0.02,6.3,6.4,1012.0,1012.0,0.0,0.0,87.88,79.0,1,353,5.7,5.3,55.2,54.7,5.7,5.3,332.4,324.4,1014.1,1014.1,-6.98,264.19,-0.02,30.4379,8.6904,223.6,0.0,1479.525, NAN, NAN, NAN, NAN,,2024/04/21 08:32:49.361,2024-04-21 08:32:49.361000+00:00
2024/04/21, 08:33:49.361,41.472,-70.74, -0.13,332.36,327.22,0.01,6.4,6.4,1012.1,1012.1,0.0,0.0,87.88,79.0,340,333,5.4,6.8,55.2,56.1,5.4,6.8,312.3,305.3,1014.2,1014.2,-7.0,264.32,-0.02,30.4387,8.6918,223.8,0.0,1479.531, NAN, NAN, NAN, NAN,,2024/04/21 08:33:49.361,2024-04-21 08:33:49.361000+00:00
2024/04/21, 08:34:49.361,41.472,-70.74, -0.11,331.8,93.15,0.01,6.3,6.4,1012.2,1012.2,0.0,0.0,87.88,79.0,342,333,4.3,5.0,56.1,55.6,4.3,5.0,313.8,304.8,1014.3,1014.3,-7.04,264.46,-0.02,30.4391,8.6923,224.8,0.0,1479.533, NAN, NAN, NAN, NAN,,2024/04/21 08:34:49.361,2024-04-21 08:34:49.361000+00:00
2024/04/21, 08:35:49.361,41.472,-70.74, -0.07,331.55,300.81,0.01,6.3,6.4,1012.3,1012.2,0.0,0.0,87.88,79.0,350,341,4.0,4.1,56.0,56.6,4.0,4.1,321.5,312.5,1014.4,1014.3,-7.19,264.56,-0.03,30.4393,8.6915,222.4,0.0,1479.53, NAN, NAN, NAN, NAN,,2024/04/21 08:35:49.361,2024-04-21 08:35:49.361000+00:00
2024/04/21, 08:36:49.361,41.472,-70.74, -0.08,331.82,44.65,0.01,6.4,6.4,1012.3,1012.3,0.0,0.0,87.88,79.0,346,334,4.5,4.9,56.3,55.4,4.5,4.9,317.8,305.8,1014.4,1014.4,-7.17,264.55,-0.02,30.4398,8.6902,224.8,0.0,1479.526, NAN, NAN, NAN, NAN,,2024/04/21 08:36:49.361,2024-04-21 08:36:49.361000+00:00
2024/04/21, 08:37:49.361,41.472,-70.741, 0.03,331.77,288.1,0.02,6.3,6.4,1012.4,1012.4,0.0,0.0,87.88,79.0,336,326,3.1,4.6,55.2,56.5,3.1,4.6,307.9,297.8,1014.5,1014.5,-7.34,264.54,-0.02,30.4401,8.6917,223.2,0.0,1479.532, NAN, NAN, NAN, NAN,,2024/04/21 08:37:49.361,2024-04-21 08:37:49.361000+00:00
2024/04/21, 08:38:49.361,41.472,-70.741, -0.05,332.12,317.08,0.01,6.3,6.4,1012.4,1012.4,0.0,0.0,87.88,79.0,332,326,3.4,5.8,57.1,55.6,3.4,5.8,304.2,298.2,1014.5,1014.5,-7.4,264.83,-0.02,30.4409,8.6938,223.2,0.0,1479.541, NAN, NAN, NAN, NAN,,2024/04/21 08:38:49.361,2024-04-21 08:38:49.361000+00:00
2024/04/21, 08:39:49.362,41.472,-70.74, -0.05,332.07,83.15,0.03,6.3,6.4,1012.4,1012.4,0.0,0.0,87.88,79.0,338,326,2.7,4.2,55.9,56.8,2.7,4.2,309.8,297.9,1014.5,1014.5,-7.51,265.0,-0.01,30.4411,8.6968,222.4,0.0,1479.553, NAN, NAN, NAN, NAN,,2024/04/21 08:39:49.362,2024-04-21 08:39:49.362000+00:00
2024/04/21, 08:40:49.362,41.472,-70.74, -0.08,332.18,174.69,0.02,6.3,6.4,1012.5,1012.4,0.0,0.0,87.88,79.0,330,324,4.3,6.7,57.0,56.9,4.3,6.7,302.2,296.2,1014.6,1014.5,-7.46,265.07,-0.02,30.4418,8.6996,223.8,0.0,1479.564, NAN, NAN, NAN, NAN,,2024/04/21 08:40:49.362,2024-04-21 08:40:49.362000+00:00
2024/04/21, 08:41:49.362,41.472,-70.74, -0.12,332.0,32.55,0.02,6.3,6.4,1012.4,1012.4,0.0,0.0,87.88,79.0,334,327,3.9,6.4,56.3,55.6,3.9,6.4,305.9,298.9,1014.5,1014.5,-7.42,265.23,-0.02,30.4425,8.7015,221.8,0.0,1479.572, NAN, NAN, NAN, NAN,,2024/04/21 08:41:49.362,2024-04-21 08:41:49.362000+00:00
2024/04/21, 08:42:49.362,41.472,-70.74, -0.08,331.71,310.73,0.02,6.3,6.4,1012.5,1012.3,0.0,0.0,87.88,79.0,338,328,4.0,5.3,55.8,55.2,4.0,5.3,309.7,299.7,1014.6,1014.4,-7.46,265.0,-0.02,30.4429,8.7046,224.3,0.0,1479.584, NAN, NAN, NAN, NAN,,2024/04/21 08:42:49.362,2024-04-21 08:42:49.362000+00:00
2024/04/21, 08:43:49.362,41.472,-70.74, -0.10,332.17,50.73,0.01,6.3,6.4,1012.4,1012.3,0.0,0.0,87.88,79.0,341,333,5.1,5.7,55.0,55.5,5.1,5.7,313.2,305.2,1014.5,1014.4,-7.4,265.22,-0.02,30.443,8.707,221.8,0.0,1479.593, NAN, NAN, NAN, NAN,,2024/04/21 08:43:49.362,2024-04-21 08:43:49.362000+00:00
2024/04/21, 08:44:49.362,41.472,-70.74, -0.07,332.09,280.04,0.03,6.3,6.4,1012.4,1012.3,0.0,0.0,87.88,79.0,346,337,5.3,5.4,55.3,55.1,5.3,5.4,318.3,309.3,1014.5,1014.4,-7.25,265.34,-0.02,30.4438,8.7092,222.4,0.0,1479.602, NAN, NAN, NAN, NAN,,2024/04/21 08:44:49.362,2024-04-21 08:44:49.362000+00:00
2024/04/21, 08:45:49.362,41.472,-70.74, -0.08,331.8,116.67,0.01,6.3,6.4,1012.3,1012.3,0.0,0.0,87.88,79.0,350,341,5.1,4.8,55.1,54.8,5.1,4.8,321.8,312.8,1014.4,1014.4,-7.12,265.09,-0.02,30.4443,8.7114,223.6,0.0,1479.611, NAN, NAN, NAN, NAN,,2024/04/21 08:45:49.362,2024-04-21 08:45:49.362000+00:00
2024/04/21, 08:46:49.362,41.472,-70.74, -0.11,332.08,146.36,0.01,6.3,6.3,1012.3,1012.2,0.0,0.0,87.88,79.0,358,350,5.2,5.1,54.8,55.4,5.2,5.1,330.1,322.1,1014.4,1014.3,-7.09,264.79,-0.02,30.4443,8.7114,222.1,0.0,1479.611, NAN, NAN, NAN, NAN,,2024/04/21 08:46:49.362,2024-04-21 08:46:49.362000+00:00
2024/04/21, 08:47:49.362,41.472,-70.74, -0.07,332.16,242.32,0.04,6.3,6.3,1012.3,1012.2,0.0,0.0,87.88,79.0,353,347,6.2,5.5,55.3,55.2,6.2,5.5,325.3,319.4,1014.4,1014.3,-6.99,265.03,-0.02,30.4444,8.7095,220.9,0.0,1479.604, NAN, NAN, NAN, NAN,,2024/04/21 08:47:49.362,2024-04-21 08:47:49.362000+00:00
2024/04/21, 08:48:49.362,41.472,-70.74, -0.05,331.63,39.07,0.05,6.3,6.3,1012.2,1012.2,0.0,0.0,87.88,79.0,353,343,5.2,4.9,55.2,56.0,5.2,4.9,324.3,314.3,1014.3,1014.3,-7.0,265.01,-0.02,30.4445,8.708,222.1,0.0,1479.599, NAN, NAN, NAN, NAN,,2024/04/21 08:48:49.362,2024-04-21 08:48:49.362000+00:00
2024/04/21, 08:49:49.362,41.472,-70.74, -0.09,331.84,150.6,0.02,6.2,6.3,1012.2,1012.2,0.0,0.0,87.88,79.0,350,342,5.7,5.8,56.1,56.0,5.7,5.8,321.8,313.8,1014.3,1014.3,-7.02,264.76,-0.02,30.445,8.708,224.4,0.0,1479.599, NAN, NAN, NAN, NAN,,2024/04/21 08:49:49.362,2024-04-21 08:49:49.362000+00:00
2024/04/21, 08:50:49.362,41.472,-70.74, -0.12,332.5,70.03,0.04,6.2,6.2,1012.2,1012.1,0.0,0.0,87.88,79.0,345,338,5.8,5.6,56.0,54.9,5.8,5.6,317.4,310.4,1014.3,1014.2,-6.95,264.78,-0.02,30.4456,8.7097,223.6,0.0,1479.607, NAN, NAN, NAN, NAN,,2024/04/21 08:50:49.362,2024-04-21 08:50:49.362000+00:00
2024/04/21, 08:51:49.362,41.472,-70.74, -0.08,331.78,8.96,0.02,6.2,6.3,1012.2,1012.2,0.0,0.0,87.88,79.0,353,346,5.0,5.0,54.8,55.9,5.0,5.0,324.8,317.8,1014.3,1014.3,-6.95,264.73,-0.02,30.4452,8.7106,224.3,0.0,1479.609, NAN, NAN, NAN, NAN,,2024/04/21 08:51:49.362,2024-04-21 08:51:49.362000+00:00
2024/04/21, 08:52:49.362,41.472,-70.74, -0.16,331.87,105.72,0.02,6.2,6.2,1012.2,1012.2,0.0,0.0,87.88,79.0,349,339,5.7,5.9,56.0,56.4,5.7,5.9,320.8,310.8,1014.3,1014.3,-7.05,264.66,-0.02,30.4458,8.7131,221.5,0.0,1479.62, NAN, NAN, NAN, NAN,,2024/04/21 08:52:49.362,2024-04-21 08:52:49.362000+00:00
2024/04/21, 08:53:49.362,41.472,-70.74, -0.14,331.61,16.53,0.01,6.2,6.2,1012.2,1012.2,0.0,0.0,87.88,79.0,339,332,4.1,5.1,56.3,56.2,4.1,5.1,310.7,303.7,1014.3,1014.3,-6.98,264.58,-0.02,30.4457,8.7158,223.6,0.0,1479.63, NAN, NAN, NAN, NAN,,2024/04/21 08:53:49.362,2024-04-21 08:53:49.362000+00:00
2024/04/21, 08:54:49.363,41.472,-70.74, -0.10,331.8,265.98,0.01,6.2,6.2,1012.3,1012.3,0.0,0.0,87.88,79.0,347,338,4.5,4.9,56.6,57.8,4.5,4.9,318.9,309.9,1014.4,1014.4,-7.12,265.02,-0.02,30.4453,8.7178,223.1,0.0,1479.637, NAN, NAN, NAN, NAN,,2024/04/21 08:54:49.363,2024-04-21 08:54:49.363000+00:00
2024/04/21, 08:55:49.363,41.472,-70.74, -0.17,331.86,63.04,0.05,6.2,6.3,1012.4,1012.3,0.0,0.0,87.88,79.0,339,331,5.1,6.1,57.2,56.4,5.1,6.1,310.7,302.7,1014.5,1014.4,-6.99,264.99,-0.02,30.4457,8.7195,222.1,0.0,1479.643, NAN, NAN, NAN, NAN,,2024/04/21 08:55:49.363,2024-04-21 08:55:49.363000+00:00
2024/04/21, 08:56:49.363,41.472,-70.74, -0.12,331.34,337.6,0.03,6.2,6.3,1012.4,1012.3,0.0,0.0,87.88,79.0,337,328,4.7,6.1,56.3,56.0,4.7,6.1,308.3,299.3,1014.5,1014.4,-7.0,264.99,-0.02,30.4466,8.7206,222.1,0.0,1479.649, NAN, NAN, NAN, NAN,,2024/04/21 08:56:49.363,2024-04-21 08:56:49.363000+00:00
2024/04/21, 08:57:49.363,41.472,-70.74, -0.13,331.59,306.37,0.03,6.2,6.3,1012.4,1012.3,0.0,0.0,87.88,79.0,337,328,4.2,5.8,56.6,57.0,4.2,5.8,308.7,299.7,1014.5,1014.4,-7.02,265.04,-0.02,30.4471,8.721,222.4,0.0,1479.651, NAN, NAN, NAN, NAN,,2024/04/21 08:57:49.363,2024-04-21 08:57:49.363000+00:00
2024/04/21, 08:58:49.363,41.472,-70.74, -0.12,331.78,212.6,0.01,6.2,6.3,1012.4,1012.4,0.0,0.0,87.88,79.0,331,324,4.3,6.9,57.1,58.6,4.3,6.9,302.8,295.8,1014.5,1014.5,-7.18,265.02,-0.02,30.4472,8.7201,224.4,0.0,1479.648, NAN, NAN, NAN, NAN,,2024/04/21 08:58:49.363,2024-04-21 08:58:49.363000+00:00
2024/04/21, 08:59:49.363,41.472,-70.74, -0.12,331.66,255.48,0.02,6.2,6.3,1012.4,1012.4,0.0,0.0,87.88,79.0,333,326,4.1,6.8,58.4,58.5,4.1,6.8,304.8,297.7,1014.5,1014.5,-7.19,265.14,-0.01,30.4474,8.7192,222.6,0.0,1479.644, NAN, NAN, NAN, NAN,,2024/04/21 08:59:49.363,2024-04-21 08:59:49.363000+00:00
2024/04/21, 09:00:49.363,41.472,-70.74, -0.10,331.62,216.93,0.02,6.2,6.3,1012.5,1012.4,0.0,0.0,87.88,79.0,337,328,4.5,6.1,57.3,58.3,4.5,6.1,308.8,299.7,1014.6,1014.5,-7.15,265.22,-0.01,30.4479,8.721,221.8,0.0,1479.652, NAN, NAN, NAN, NAN,,2024/04/21 09:00:49.363,2024-04-21 09:00:49.363000+00:00
2024/04/21, 09:01:49.363,41.472,-70.74, -0.09,331.55,267.35,0.03,6.2,6.3,1012.4,1012.3,0.0,0.0,87.88,79.0,334,328,5.3,7.2,58.1,57.5,5.3,7.2,305.7,299.7,1014.5,1014.4,-7.18,265.32,-0.01,30.4486,8.7225,219.1,0.0,1479.658, NAN, NAN, NAN, NAN,,2024/04/21 09:01:49.363,2024-04-21 09:01:49.363000+00:00
2024/04/21, 09:02:49.363,41.472,-70.74, -0.11,331.31,253.83,0.02,6.2,6.2,1012.4,1012.4,0.0,0.0,87.88,79.0,340,330,4.2,5.4,57.4,57.6,4.2,5.4,311.4,301.4,1014.5,1014.5,-7.22,265.03,-0.01,30.4483,8.7224,219.4,0.1,1479.658, NAN, NAN, NAN, NAN,,2024/04/21 09:02:49.363,2024-04-21 09:02:49.363000+00:00
2024/04/21, 09:03:49.363,41.472,-70.74, -0.14,331.63,100.57,0.02,6.2,6.3,1012.4,1012.3,0.0,0.0,87.88,79.0,335,327,5.7,8.1,57.7,58.5,5.7,8.1,306.5,298.6,1014.5,1014.4,-7.09,265.32,-0.01,30.45,8.722,222.6,0.0,1479.658, NAN, NAN, NAN, NAN,,2024/04/21 09:03:49.363,2024-04-21 09:03:49.363000+00:00
2024/04/21, 09:04:49.363,41.472,-70.74, -0.15,331.38,242.65,0.02,6.2,6.2,1012.4,1012.3,0.0,0.0,87.88,79.0,340,332,5.7,6.8,57.8,56.0,5.7,6.8,311.5,303.4,1014.5,1014.4,-6.99,265.21,-0.01,30.4498,8.7222,221.1,0.0,1479.659, NAN, NAN, NAN, NAN,,2024/04/21 09:04:49.363,2024-04-21 09:04:49.363000+00:00
2024/04/21, 09:05:49.363,41.472,-70.74, -0.08,331.16,230.02,0.02,6.2,6.2,1012.4,1012.4,0.0,0.0,87.88,79.0,334,326,5.5,7.7,55.8,55.9,5.5,7.7,305.2,297.2,1014.5,1014.5,-6.9,265.5,-0.0,30.4501,8.7234,221.1,0.0,1479.664, NAN, NAN, NAN, NAN,,2024/04/21 09:05:49.363,2024-04-21 09:05:49.363000+00:00
2024/04/21, 09:06:49.363,41.472,-70.74, -0.09,331.48,259.15,0.03,6.2,6.3,1012.4,1012.3,0.0,0.0,87.88,79.0,327,323,6.0,8.4,56.3,55.8,6.0,8.4,298.4,294.4,1014.5,1014.4,-6.76,265.37,-0.01,30.4498,8.724,223.1,0.0,1479.665, NAN, NAN, NAN, NAN,,2024/04/21 09:06:49.363,2024-04-21 09:06:49.363000+00:00
2024/04/21, 09:07:49.363,41.472,-70.74, -0.13,331.08,288.84,0.01,6.2,6.3,1012.4,1012.4,0.0,0.0,87.88,79.0,342,333,5.7,6.7,55.5,55.7,5.7,6.7,313.1,304.1,1014.5,1014.5,-6.76,265.47,-0.0,30.4498,8.726,222.1,0.4,1479.673, NAN, NAN, NAN, NAN,,2024/04/21 09:07:49.363,2024-04-21 09:07:49.363000+00:00
2024/04/21, 09:08:49.363,41.472,-70.741, -0.09,331.29,219.98,0.02,6.2,6.3,1012.4,1012.4,0.0,0.0,87.88,79.0,338,330,4.8,6.0,55.9,55.7,4.8,6.0,309.4,301.3,1014.5,1014.5,-6.75,265.04,-0.0,30.45,8.7288,220.0,0.4,1479.684, NAN, NAN, NAN, NAN,,2024/04/21 09:08:49.363,2024-04-21 09:08:49.363000+00:00
2024/04/21, 09:09:49.363,41.472,-70.741, -0.13,331.13,215.66,0.06,6.2,6.3,1012.5,1012.3,0.0,0.0,87.88,79.0,339,332,4.9,5.9,55.8,56.9,4.9,5.9,310.5,303.4,1014.6,1014.4,-6.87,265.23,0.0,30.4493,8.7324,222.4,0.0,1479.696, NAN, NAN, NAN, NAN,,2024/04/21 09:09:49.363,2024-04-21 09:09:49.363000+00:00
2024/04/21, 09:10:49.363,41.472,-70.74, -0.10,331.43,351.9,0.04,6.2,6.2,1012.5,1012.4,0.0,0.0,87.88,79.0,336,329,5.2,6.9,56.9,56.5,5.2,6.9,307.2,300.3,1014.6,1014.5,-6.98,264.98,0.0,30.4492,8.7342,222.6,0.3,1479.703, NAN, NAN, NAN, NAN,,2024/04/21 09:10:49.363,2024-04-21 09:10:49.363000+00:00
2024/04/21, 09:11:49.364,41.472,-70.74, -0.10,330.87,255.95,0.01,6.2,6.2,1012.4,1012.4,0.0,0.0,87.88,79.0,335,329,4.5,6.2,56.3,54.7,4.5,6.2,305.9,299.9,1014.5,1014.5,-7.04,264.71,0.01,30.449,8.7348,220.3,0.0,1479.705, NAN, NAN, NAN, NAN,,2024/04/21 09:11:49.364,2024-04-21 09:11:49.364000+00:00
2024/04/21, 09:12:49.364,41.472,-70.741, -0.10,331.25,198.24,0.01,6.2,6.2,1012.5,1012.4,0.0,0.0,87.88,79.0,338,331,6.0,7.0,54.8,55.4,6.0,7.0,309.2,302.2,1014.6,1014.5,-7.05,264.99,0.01,30.4483,8.7365,220.0,0.0,1479.711, NAN, NAN, NAN, NAN,,2024/04/21 09:12:49.364,2024-04-21 09:12:49.364000+00:00
2024/04/21, 09:13:49.364,41.472,-70.74, -0.11,330.97,70.66,0.03,6.2,6.2,1012.4,1012.4,0.0,0.0,87.88,79.0,350,341,5.5,5.3,55.0,55.8,5.5,5.3,320.9,312.0,1014.5,1014.5,-6.98,265.2,0.01,30.4483,8.7369,221.5,0.0,1479.712, NAN, NAN, NAN, NAN,,2024/04/21 09:13:49.364,2024-04-21 09:13:49.364000+00:00
2024/04/21, 09:14:49.364,41.472,-70.74, -0.06,331.39,37.25,0.03,6.2,6.2,1012.4,1012.4,0.0,0.0,87.88,79.0,334,326,5.7,8.1,55.5,55.3,5.7,8.1,305.2,297.3,1014.5,1014.5,-6.87,265.55,0.02,30.4483,8.7361,223.6,0.0,1479.709, NAN, NAN, NAN, NAN,,2024/04/21 09:14:49.364,2024-04-21 09:14:49.364000+00:00
2024/04/21, 09:15:49.364,41.472,-70.74, -0.08,330.68,264.44,0.04,6.2,6.2,1012.4,1012.4,0.0,0.0,87.88,79.0,347,338,5.7,6.1,55.3,55.8,5.7,6.1,317.9,308.9,1014.5,1014.5,-6.86,265.63,0.03,30.4485,8.7346,223.2,0.0,1479.704, NAN, NAN, NAN, NAN,,2024/04/21 09:15:49.364,2024-04-21 09:15:49.364000+00:00
2024/04/21, 09:16:49.364,41.472,-70.74, -0.03,331.33,241.52,0.02,6.2,6.2,1012.5,1012.5,0.0,0.0,87.88,79.0,356,344,5.2,4.8,55.7,56.0,5.2,4.8,327.4,315.5,1014.6,1014.6,-6.93,265.44,0.05,30.4486,8.7335,220.3,0.0,1479.7, NAN, NAN, NAN, NAN,,2024/04/21 09:16:49.364,2024-04-21 09:16:49.364000+00:00
2024/04/21, 09:17:49.364,41.472,-70.74, -0.06,330.93,73.9,0.09,6.2,6.2,1012.5,1012.4,0.0,0.0,87.88,79.0,346,335,4.5,5.0,55.6,55.9,4.5,5.0,316.4,305.5,1014.6,1014.5,-6.89,265.64,0.05,30.4491,8.7303,222.1,0.0,1479.688, NAN, NAN, NAN, NAN,,2024/04/21 09:17:49.364,2024-04-21 09:17:49.364000+00:00
2024/04/21, 09:18:49.364,41.472,-70.74, -0.25,334.06,96.48,0.26,6.2,6.2,1012.6,1012.5,0.0,0.0,87.88,79.0,338,331,4.9,6.0,55.7,54.6,5.0,6.1,310.9,304.2,1014.7,1014.6,-6.87,265.89,0.08,30.4491,8.7295,219.7,0.0,1479.685, NAN, NAN, NAN, NAN,,2024/04/21 09:18:49.364,2024-04-21 09:18:49.364000+00:00
2024/04/21, 09:19:49.364,41.472,-70.74, -0.33,341.67,92.65,0.42,6.2,6.2,1012.5,1012.4,0.0,0.0,87.88,79.0,334,326,4.9,7.2,54.4,55.1,5.0,7.4,313.7,306.5,1014.6,1014.5,-6.96,265.6,0.1,30.4496,8.7269,221.1,0.0,1479.676, NAN, NAN, NAN, NAN,,2024/04/21 09:19:49.364,2024-04-21 09:19:49.364000+00:00
2024/04/21, 09:20:49.364,41.472,-70.74, -0.28,354.3,100.01,0.53,6.2,6.2,1012.6,1012.5,0.0,0.0,87.88,79.0,325,321,5.2,8.1,55.3,55.7,5.4,8.3,317.0,313.9,1014.7,1014.6,-6.86,265.65,0.12,30.4491,8.7264,219.4,0.0,1479.674, NAN, NAN, NAN, NAN,,2024/04/21 09:20:49.364,2024-04-21 09:20:49.364000+00:00
2024/04/21, 09:21:49.364,41.472,-70.74, -0.24,11.85,100.52,0.64,6.1,6.2,1012.6,1012.4,0.0,0.0,87.88,79.0,307,308,5.5,8.5,55.5,55.2,5.7,8.7,316.4,318.2,1014.7,1014.5,-6.72,265.84,0.16,30.4491,8.7302,218.4,0.0,1479.688, NAN, NAN, NAN, NAN,,2024/04/21 09:21:49.364,2024-04-21 09:21:49.364000+00:00
2024/04/21, 09:22:49.364,41.472,-70.74, -0.25,15.41,95.12,0.68,6.1,6.2,1012.6,1012.4,0.0,0.0,87.88,79.0,296,300,6.4,8.7,55.1,55.2,6.7,9.0,309.7,314.0,1014.7,1014.5,-6.7,266.09,0.2,30.4496,8.725,219.1,0.0,1479.669, NAN, NAN, NAN, NAN,,2024/04/21 09:22:49.364,2024-04-21 09:22:49.364000+00:00
2024/04/21, 09:23:49.364,41.472,-70.739, -0.19,18.15,97.58,0.65,6.1,6.2,1012.6,1012.5,0.0,0.0,87.88,79.0,292,301,5.5,8.0,55.2,55.9,5.8,8.3,308.6,317.8,1014.7,1014.6,-6.79,266.11,0.25,30.4502,8.7199,220.3,0.0,1479.651, NAN, NAN, NAN, NAN,,2024/04/21 09:23:49.364,2024-04-21 09:23:49.364000+00:00
2024/04/21, 09:24:49.364,41.472,-70.739, -0.33,8.63,101.2,0.68,6.1,6.2,1012.6,1012.4,0.0,0.0,87.88,79.0,301,304,6.1,8.7,56.2,56.3,6.4,9.0,308.2,311.5,1014.7,1014.5,-6.69,266.06,0.31,30.4504,8.7198,219.7,0.0,1479.65, NAN, NAN, NAN, NAN,,2024/04/21 09:24:49.364,2024-04-21 09:24:49.364000+00:00
2024/04/21, 09:25:49.364,41.472,-70.739, -0.28,354.41,84.82,0.6,6.1,6.2,1012.6,1012.4,0.0,0.0,87.88,79.0,306,309,5.6,8.6,56.2,56.8,5.9,8.9,300.2,303.2,1014.7,1014.5,-6.69,266.19,0.37,30.4511,8.7186,218.2,0.0,1479.647, NAN, NAN, NAN, NAN,,2024/04/21 09:25:49.364,2024-04-21 09:25:49.364000+00:00
2024/04/21, 09:26:49.364,41.472,-70.739, -0.46,304.15,88.94,0.65,6.1,6.2,1012.6,1012.4,0.0,0.0,87.88,79.0,350,342,4.9,5.0,57.1,57.1,5.2,5.3,293.7,286.2,1014.7,1014.5,-6.54,266.15,0.44,30.4522,8.7143,219.7,0.0,1479.632, NAN, NAN, NAN, NAN,,2024/04/21 09:26:49.364,2024-04-21 09:26:49.364000+00:00
2024/04/21, 09:27:49.364,41.472,-70.739, -0.46,296.7,9.07,0.24,6.1,6.1,1012.4,1012.4,0.0,0.0,87.88,79.0,19,11,6.5,6.3,57.0,57.4,6.4,6.3,314.7,306.6,1014.5,1014.5,-6.35,266.28,0.53,30.4526,8.7162,219.1,0.0,1479.64, NAN, NAN, NAN, NAN,,2024/04/21 09:27:49.364,2024-04-21 09:27:49.364000+00:00
2024/04/21, 09:28:49.365,41.472,-70.739, 0.03,297.65,356.66,0.06,6.1,6.1,1012.5,1012.4,0.0,0.0,87.88,79.0,23,17,7.3,6.9,57.1,56.3,7.3,6.9,320.5,314.5,1014.6,1014.5,-6.43,266.25,0.64,30.4513,8.7184,218.4,0.0,1479.646, NAN, NAN, NAN, NAN,,2024/04/21 09:28:49.365,2024-04-21 09:28:49.365000+00:00
2024/04/21, 09:29:49.365,41.472,-70.739, -0.01,299.44,119.49,0.03,6.1,6.2,1012.6,1012.5,0.0,0.0,87.88,79.0,17,11,5.6,5.5,55.8,56.7,5.6,5.5,316.5,310.5,1014.7,1014.6,-6.27,265.76,0.8,30.4519,8.72,218.8,0.0,1479.653, NAN, NAN, NAN, NAN,,2024/04/21 09:29:49.365,2024-04-21 09:29:49.365000+00:00
2024/04/21, 09:30:49.365,41.472,-70.739, -0.16,299.71,182.59,0.03,6.1,6.1,1012.5,1012.5,0.0,0.0,87.88,79.0,13,3,6.0,5.6,55.6,56.1,6.0,5.6,312.8,302.8,1014.6,1014.6,-6.18,265.97,0.96,30.4532,8.7214,220.6,0.0,1479.66, NAN, NAN, NAN, NAN,,2024/04/21 09:30:49.365,2024-04-21 09:30:49.365000+00:00
2024/04/21, 09:31:49.365,41.472,-70.739, 0.03,299.73,0.24,0.01,6.1,6.1,1012.5,1012.4,0.0,0.0,87.88,79.0,12,6,6.7,6.1,56.0,55.4,6.7,6.1,311.7,305.7,1014.6,1014.5,-6.17,265.88,1.16,30.4535,8.7199,219.4,0.0,1479.655, NAN, NAN, NAN, NAN,,2024/04/21 09:31:49.365,2024-04-21 09:31:49.365000+00:00
2024/04/21, 09:32:49.365,41.472,-70.739, 0.11,299.82,328.72,0.02,6.1,6.1,1012.6,1012.4,0.0,0.0,87.88,79.0,14,8,5.7,5.1,55.3,56.3,5.7,5.1,313.9,307.9,1014.7,1014.5,-6.08,265.85,1.39,30.4567,8.7193,221.5,0.0,1479.656, NAN, NAN, NAN, NAN,,2024/04/21 09:32:49.365,2024-04-21 09:32:49.365000+00:00
2024/04/21, 09:33:49.365,41.472,-70.739, 0.00,299.63,139.3,0.01,6.1,6.1,1012.5,1012.4,0.0,0.0,87.88,79.0,25,22,7.1,6.9,55.6,55.2,7.1,6.9,324.6,321.6,1014.6,1014.5,-5.75,265.96,1.72,30.4602,8.718,218.2,0.0,1479.656, NAN, NAN, NAN, NAN,,2024/04/21 09:33:49.365,2024-04-21 09:33:49.365000+00:00
2024/04/21, 09:34:49.365,41.472,-70.739, 0.00,299.62,207.3,0.02,6.1,6.1,1012.5,1012.5,0.0,0.0,87.88,79.0,18,11,6.2,5.5,55.0,56.2,6.2,5.5,317.6,310.6,1014.6,1014.6,-5.76,265.84,2.07,30.4619,8.7153,219.4,0.0,1479.648, NAN, NAN, NAN, NAN,,2024/04/21 09:34:49.365,2024-04-21 09:34:49.365000+00:00
2024/04/21, 09:35:49.365,41.472,-70.739, 0.01,299.73,201.84,0.01,6.1,6.1,1012.6,1012.5,0.0,0.0,87.88,79.0,20,13,6.6,6.1,56.6,56.1,6.6,6.1,319.8,312.8,1014.7,1014.6,-5.61,266.06,2.48,30.4627,8.7133,220.3,0.0,1479.641, NAN, NAN, NAN, NAN,,2024/04/21 09:35:49.365,2024-04-21 09:35:49.365000+00:00
2024/04/21, 09:36:49.365,41.472,-70.739, 0.04,299.82,195.95,0.03,6.1,6.1,1012.5,1012.4,0.0,0.0,87.88,79.0,17,12,7.4,6.8,56.1,55.3,7.4,6.8,316.9,311.9,1014.6,1014.5,-5.42,266.15,2.96,30.461,8.7102,219.4,0.0,1479.627, NAN, NAN, NAN, NAN,,2024/04/21 09:36:49.365,2024-04-21 09:36:49.365000+00:00
2024/04/21, 09:37:49.365,41.472,-70.739, 0.01,299.82,27.77,0.01,6.1,6.1,1012.5,1012.4,0.0,0.0,87.88,79.0,22,15,7.0,6.8,55.4,56.0,7.0,6.8,321.8,314.8,1014.6,1014.5,-5.28,266.66,3.53,30.4592,8.7079,221.1,0.0,1479.617, NAN, NAN, NAN, NAN,,2024/04/21 09:37:49.365,2024-04-21 09:37:49.365000+00:00
2024/04/21, 09:38:49.365,41.472,-70.739, 0.09,299.93,212.9,0.0,6.1,6.2,1012.5,1012.5,0.0,0.0,87.88,79.0,21,15,7.2,6.7,56.1,56.1,7.2,6.7,320.9,314.9,1014.6,1014.6,-4.99,266.87,4.34,30.4588,8.7063,220.6,0.0,1479.61, NAN, NAN, NAN, NAN,,2024/04/21 09:38:49.365,2024-04-21 09:38:49.365000+00:00
2024/04/21, 09:39:49.365,41.472,-70.739, 0.04,299.9,94.74,0.01,6.1,6.2,1012.5,1012.5,0.0,0.0,87.88,79.0,23,16,6.6,6.2,56.0,56.6,6.6,6.2,322.9,315.9,1014.6,1014.6,-4.56,266.61,5.16,30.4593,8.7034,217.6,0.0,1479.6, NAN, NAN, NAN, NAN,,2024/04/21 09:39:49.365,2024-04-21 09:39:49.365000+00:00
2024/04/21, 09:40:49.365,41.472,-70.739, 0.05,300.17,343.49,0.01,6.1,6.2,1012.6,1012.6,0.0,0.0,87.88,79.0,14,6,6.4,6.0,56.8,56.4,6.4,6.0,314.2,306.2,1014.7,1014.7,-4.29,267.01,6.13,30.4602,8.6993,219.4,0.0,1479.585, NAN, NAN, NAN, NAN,,2024/04/21 09:40:49.365,2024-04-21 09:40:49.365000+00:00
2024/04/21, 09:41:49.365,41.472,-70.739, 0.01,300.11,204.76,0.02,6.1,6.2,1012.6,1012.7,0.0,0.0,87.88,79.0,11,5,5.9,5.4,56.3,56.9,5.9,5.4,311.2,305.2,1014.7,1014.8,-3.72,266.72,7.23,30.4603,8.6969,219.1,0.0,1479.577, NAN, NAN, NAN, NAN,,2024/04/21 09:41:49.365,2024-04-21 09:41:49.365000+00:00
2024/04/21, 09:42:49.365,41.472,-70.739, 0.03,300.13,198.33,0.01,6.1,6.2,1012.7,1012.7,0.0,0.0,87.88,79.0,13,3,5.0,4.4,57.0,56.8,5.0,4.4,313.2,303.2,1014.8,1014.8,-3.37,266.79,8.46,30.462,8.6952,219.4,0.0,1479.572, NAN, NAN, NAN, NAN,,2024/04/21 09:42:49.365,2024-04-21 09:42:49.365000+00:00
2024/04/21, 09:43:49.365,41.472,-70.739, 0.03,299.93,280.49,0.01,6.1,6.1,1012.8,1012.7,0.0,0.0,87.88,79.0,11,8,5.5,4.9,57.2,56.9,5.5,4.9,310.9,307.9,1014.9,1014.8,-3.15,267.08,10.08,30.4619,8.6951,219.7,0.0,1479.572, NAN, NAN, NAN, NAN,,2024/04/21 09:43:49.365,2024-04-21 09:43:49.365000+00:00
2024/04/21, 09:44:49.366,41.472,-70.739, 0.03,300.18,171.34,0.01,6.1,6.1,1012.8,1012.8,0.0,0.0,87.88,79.0,18,7,4.2,3.7,57.0,58.8,4.2,3.7,318.2,307.2,1014.9,1014.9,-2.82,266.85,11.61,30.463,8.695,221.5,0.0,1479.573, NAN, NAN, NAN, NAN,,2024/04/21 09:44:49.366,2024-04-21 09:44:49.366000+00:00
2024/04/21, 09:45:49.366,41.472,-70.739, 0.09,300.35,254.58,0.03,6.1,6.1,1012.8,1012.8,0.0,0.0,87.88,79.0,9,359,4.8,4.3,58.7,58.9,4.8,4.3,309.5,299.6,1014.9,1014.9,-2.41,266.68,13.27,30.4617,8.6946,218.2,0.0,1479.57, NAN, NAN, NAN, NAN,,2024/04/21 09:45:49.366,2024-04-21 09:45:49.366000+00:00
2024/04/21, 09:46:49.366,41.472,-70.739, 0.00,300.29,23.59,0.02,6.1,6.1,1012.8,1012.8,0.0,0.0,87.88,79.0,16,6,4.9,4.6,58.8,58.7,4.9,4.6,316.2,306.2,1014.9,1014.9,-2.15,267.09,15.09,30.462,8.6944,219.4,0.0,1479.569, NAN, NAN, NAN, NAN,,2024/04/21 09:46:49.366,2024-04-21 09:46:49.366000+00:00
2024/04/21, 09:47:49.366,41.472,-70.739, 0.04,300.12,139.8,0.01,6.1,6.1,1012.8,1012.8,0.0,0.0,87.88,79.0,14,8,6.6,6.1,58.0,57.5,6.6,6.1,314.1,308.1,1014.9,1014.9,-1.77,267.14,17.16,30.4619,8.6949,220.0,0.0,1479.571, NAN, NAN, NAN, NAN,,2024/04/21 09:47:49.366,2024-04-21 09:47:49.366000+00:00
2024/04/21, 09:48:49.366,41.472,-70.739, 0.08,299.0,332.2,0.02,6.1,6.1,1012.8,1012.8,0.0,0.0,87.88,79.0,14,6,5.8,5.5,57.1,57.3,5.8,5.5,313.1,305.1,1014.9,1014.9,-1.06,267.3,19.91,30.462,8.6947,219.4,0.0,1479.57, NAN, NAN, NAN, NAN,,2024/04/21 09:48:49.366,2024-04-21 09:48:49.366000+00:00
2024/04/21, 09:49:49.366,41.472,-70.739, 0.17,291.55,287.76,0.02,6.1,6.1,1012.8,1012.8,0.0,0.0,87.88,79.0,18,12,4.9,4.7,57.2,57.7,4.9,4.7,309.4,303.4,1014.9,1014.9,-0.24,267.41,22.49,30.4618,8.6934,219.4,0.0,1479.565, NAN, NAN, NAN, NAN,,2024/04/21 09:49:49.366,2024-04-21 09:49:49.366000+00:00
2024/04/21, 09:50:49.366,41.472,-70.739, 0.11,290.39,19.18,0.01,6.1,6.1,1012.8,1012.8,0.0,0.0,87.88,79.0,16,8,4.6,4.2,57.7,57.6,4.6,4.2,306.3,298.3,1014.9,1014.9,0.32,267.52,25.3,30.461,8.6916,220.6,0.0,1479.557, NAN, NAN, NAN, NAN,,2024/04/21 09:50:49.366,2024-04-21 09:50:49.366000+00:00
2024/04/21, 09:51:49.366,41.472,-70.739, 0.16,290.64,356.35,0.03,6.1,6.1,1013.0,1012.8,0.0,0.0,87.88,79.0,22,15,6.3,6.2,57.9,57.0,6.3,6.2,312.5,305.5,1015.1,1014.9,0.9,267.72,28.3,30.4594,8.6909,220.0,0.0,1479.553, NAN, NAN, NAN, NAN,,2024/04/21 09:51:49.366,2024-04-21 09:51:49.366000+00:00
2024/04/21, 09:52:49.366,41.472,-70.739, 0.21,290.89,359.06,0.01,6.1,6.1,1012.9,1012.8,0.0,0.0,87.88,79.0,19,10,5.9,5.3,57.0,56.4,5.9,5.3,309.9,300.9,1015.0,1014.9,1.68,268.19,32.05,30.4598,8.6898,217.9,0.0,1479.549, NAN, NAN, NAN, NAN,,2024/04/21 09:52:49.366,2024-04-21 09:52:49.366000+00:00
2024/04/21, 09:53:49.366,41.472,-70.739, 0.16,289.32,284.05,0.03,6.1,6.2,1012.9,1012.9,0.0,0.0,87.88,79.0,14,8,5.1,4.9,56.5,58.7,5.1,4.9,303.4,297.4,1015.0,1015.0,2.52,268.22,38.15,30.4602,8.688,219.4,0.0,1479.543, NAN, NAN, NAN, NAN,,2024/04/21 09:53:49.366,2024-04-21 09:53:49.366000+00:00
2024/04/21, 09:54:49.366,41.472,-70.739, 0.45,263.4,277.51,0.09,6.1,6.2,1012.9,1012.9,0.0,0.0,87.88,79.0,38,32,4.8,6.4,58.8,58.9,4.8,6.4,301.3,295.3,1015.0,1015.0,3.45,267.9,44.24,30.4606,8.6848,219.4,0.0,1479.531, NAN, NAN, NAN, NAN,,2024/04/21 09:54:49.366,2024-04-21 09:54:49.366000+00:00
2024/04/21, 09:55:49.366,41.472,-70.739, 0.88,231.21,232.78,0.71,6.1,6.1,1012.9,1012.9,0.0,0.0,87.88,79.0,72,62,6.2,7.6,58.7,57.8,6.1,7.4,306.5,295.7,1015.0,1015.0,4.13,267.74,53.24,30.4618,8.6821,218.2,0.0,1479.523, NAN, NAN, NAN, NAN,,2024/04/21 09:55:49.366,2024-04-21 09:55:49.366000+00:00
2024/04/21, 09:56:49.366,41.472,-70.739, 0.94,219.51,213.7,0.6,6.1,6.1,1012.8,1012.9,0.0,0.0,87.88,79.0,84,78,4.8,5.5,57.7,58.9,4.9,5.5,307.1,300.7,1014.9,1015.0,4.99,267.75,61.28,30.4602,8.6786,223.2,0.0,1479.508, NAN, NAN, NAN, NAN,,2024/04/21 09:56:49.366,2024-04-21 09:56:49.366000+00:00
2024/04/21, 09:57:49.366,41.472,-70.739, 2.34,159.5,157.71,2.15,6.1,6.1,1012.8,1012.9,0.0,0.0,87.88,79.0,131,126,3.4,2.3,57.7,60.4,4.3,3.1,300.8,300.8,1014.9,1015.0,6.46,267.67,54.97,30.4623,8.6747,220.3,0.0,1479.496, NAN, NAN, NAN, NAN,,2024/04/21 09:57:49.366,2024-04-21 09:57:49.366000+00:00
2024/04/21, 09:58:49.366,41.471,-70.738, 4.35,120.97,119.98,4.33,6.1,6.1,1012.9,1013.0,0.0,0.0,87.88,79.0,215,301,2.1,1.8,60.6,59.0,4.1,2.0,317.0,349.5,1015.0,1015.1,5.7,268.24,88.4,30.4648,8.668,220.6,0.0,1479.473, NAN, NAN, NAN, NAN,,2024/04/21 09:58:49.366,2024-04-21 09:58:49.366000+00:00
2024/04/21, 09:59:49.366,41.471,-70.736, 4.77,103.4,99.8,5.42,6.1,6.2,1013.0,1013.0,0.0,0.0,87.88,79.0,237,248,4.7,3.8,59.4,57.0,6.5,5.4,318.5,321.9,1015.1,1015.1,6.7,268.34,99.68,30.4607,8.6539,219.4,0.0,1479.415, NAN, NAN, NAN, NAN,,2024/04/21 09:59:49.366,2024-04-21 09:59:49.366000+00:00
2024/04/21, 10:00:49.367,41.471,-70.734, 5.93,99.63,94.75,6.47,6.1,6.2,1013.0,1013.0,0.0,0.0,87.88,79.0,236,251,3.8,3.5,57.0,57.6,6.1,5.4,307.5,313.9,1015.1,1015.1,7.98,268.22,112.25,30.4607,8.6484,220.6,0.0,1479.395, NAN, NAN, NAN, NAN,,2024/04/21 10:00:49.367,2024-04-21 10:00:49.367000+00:00
2024/04/21, 10:01:49.367,41.47,-70.731, 6.54,88.49,87.72,6.98,6.1,6.1,1013.0,1013.0,0.0,0.0,87.88,79.0,250,287,2.6,3.3,57.3,57.3,5.1,4.1,296.6,318.3,1015.1,1015.1,8.67,268.31,124.31,30.4614,8.6496,220.6,0.0,1479.4, NAN, NAN, NAN, NAN,,2024/04/21 10:01:49.367,2024-04-21 10:01:49.367000+00:00
2024/04/21, 10:02:49.367,41.471,-70.729, 6.83,79.43,79.6,7.32,6.1,6.1,1013.1,1013.0,0.0,0.0,87.88,79.0,271,296,3.1,5.1,57.1,58.0,4.8,4.8,299.2,331.0,1015.2,1015.1,9.59,268.64,136.44,30.4648,8.6453,218.2,0.0,1479.388, NAN, NAN, NAN, NAN,,2024/04/21 10:02:49.367,2024-04-21 10:02:49.367000+00:00
2024/04/21, 10:03:49.367,41.472,-70.726, 6.49,54.7,56.64,7.21,6.1,6.1,1013.2,1013.1,0.0,0.0,87.88,79.0,291,305,4.7,7.1,58.5,58.0,5.0,6.0,300.7,328.2,1015.3,1015.2,10.65,268.99,149.51,30.4707,8.6432,218.4,0.0,1479.387, NAN, NAN, NAN, NAN,,2024/04/21 10:03:49.367,2024-04-21 10:03:49.367000+00:00
2024/04/21, 10:04:49.367,41.473,-70.724, 5.66,44.95,48.81,6.26,6.1,6.1,1013.2,1013.1,0.0,0.0,87.88,79.0,303,306,5.1,7.7,57.7,58.5,4.5,6.6,309.4,326.5,1015.3,1015.2,11.95,269.38,161.63,30.4789,8.6445,216.4,0.0,1479.402, NAN, NAN, NAN, NAN,,2024/04/21 10:04:49.367,2024-04-21 10:04:49.367000+00:00
2024/04/21, 10:05:49.367,41.474,-70.723, 3.95,41.76,47.17,4.68,6.1,6.1,1013.3,1013.1,0.0,0.0,87.88,79.0,290,300,5.5,7.6,58.6,58.7,5.4,7.0,306.3,323.4,1015.4,1015.2,13.68,269.45,174.3,30.4905,8.6483,216.9,0.0,1479.431, NAN, NAN, NAN, NAN,,2024/04/21 10:05:49.367,2024-04-21 10:05:49.367000+00:00
2024/04/21, 10:06:49.367,41.474,-70.722, 3.02,41.67,47.51,3.86,6.1,6.1,1013.2,1013.1,0.0,0.0,87.88,79.0,286,295,6.1,7.6,58.9,56.8,6.1,7.2,308.9,321.6,1015.3,1015.2,16.16,269.51,188.24,30.5,8.6557,215.7,0.0,1479.47, NAN, NAN, NAN, NAN,,2024/04/21 10:06:49.367,2024-04-21 10:06:49.367000+00:00
2024/04/21, 10:07:49.367,41.475,-70.721, 2.45,38.84,48.18,3.28,6.1,6.1,1013.2,1013.1,0.0,0.0,87.88,79.0,287,298,5.1,7.0,57.2,58.7,5.2,6.7,306.9,323.0,1015.3,1015.2,18.65,269.62,204.78,30.5076,8.6657,215.1,0.0,1479.517, NAN, NAN, NAN, NAN,,2024/04/21 10:07:49.367,2024-04-21 10:07:49.367000+00:00
2024/04/21, 10:08:49.367,41.476,-70.72, 1.36,29.89,52.02,2.34,6.1,6.2,1013.2,1013.1,0.0,0.0,87.88,79.0,291,303,5.6,7.5,58.6,58.6,5.8,7.4,308.8,323.7,1015.3,1015.2,20.35,269.83,222.81,30.511,8.672,213.9,0.0,1479.545, NAN, NAN, NAN, NAN,,2024/04/21 10:08:49.367,2024-04-21 10:08:49.367000+00:00
2024/04/21, 10:09:49.367,41.476,-70.719, 0.34,28.71,67.24,1.32,6.1,6.2,1013.2,1013.2,0.0,0.0,87.88,79.0,280,294,5.1,6.4,58.8,59.6,5.4,6.6,302.4,317.0,1015.3,1015.3,22.14,269.57,233.22,30.5108,8.6781,213.9,0.0,1479.568, NAN, NAN, NAN, NAN,,2024/04/21 10:09:49.367,2024-04-21 10:09:49.367000+00:00
2024/04/21, 10:10:49.367,41.476,-70.719, -1.43,25.98,94.26,0.94,6.1,6.2,1013.2,1013.1,0.0,0.0,87.88,79.0,282,297,4.9,6.5,59.9,59.9,5.3,6.8,305.2,320.0,1015.3,1015.2,23.0,269.32,233.38,30.5096,8.6869,213.0,0.0,1479.6, NAN, NAN, NAN, NAN,,2024/04/21 10:10:49.367,2024-04-21 10:10:49.367000+00:00
2024/04/21, 10:11:49.367,41.476,-70.719, 0.31,30.23,95.04,0.97,6.1,6.2,1013.2,1013.2,0.0,0.0,87.88,79.0,274,290,4.6,5.6,60.9,59.3,5.0,5.9,301.1,316.6,1015.3,1015.3,24.74,269.55,241.18,30.5065,8.69,213.0,0.0,1479.607, NAN, NAN, NAN, NAN,,2024/04/21 10:11:49.367,2024-04-21 10:11:49.367000+00:00
2024/04/21, 10:12:49.367,41.476,-70.718, -0.30,38.36,80.66,1.08,6.1,6.1,1013.3,1013.2,0.0,0.0,87.88,79.0,273,287,4.6,5.5,59.3,59.5,5.0,5.8,306.3,320.3,1015.4,1015.3,26.13,269.59,243.44,30.5038,8.6907,213.6,0.0,1479.607, NAN, NAN, NAN, NAN,,2024/04/21 10:12:49.367,2024-04-21 10:12:49.367000+00:00
2024/04/21, 10:13:49.367,41.476,-70.718, 0.71,66.71,67.22,2.23,6.1,6.1,1013.3,1013.2,0.0,0.0,87.88,79.0,255,266,4.5,4.7,59.5,59.8,4.9,4.9,308.8,319.3,1015.4,1015.3,30.55,269.98,275.29,30.5037,8.6862,212.7,0.0,1479.59, NAN, NAN, NAN, NAN,,2024/04/21 10:13:49.367,2024-04-21 10:13:49.367000+00:00
2024/04/21, 10:14:49.367,41.476,-70.716, 4.11,69.83,70.8,5.28,6.1,6.2,1013.2,1013.1,0.0,0.0,87.88,79.0,261,276,4.8,5.4,59.9,60.9,5.9,5.8,303.9,318.2,1015.3,1015.2,35.49,270.22,317.7,30.5059,8.683,211.5,0.0,1479.58, NAN, NAN, NAN, NAN,,2024/04/21 10:14:49.367,2024-04-21 10:14:49.367000+00:00
2024/04/21, 10:15:49.367,41.477,-70.714, 5.72,69.1,68.55,6.98,6.1,6.2,1013.2,1013.0,0.0,0.0,87.88,79.0,271,289,3.8,5.2,60.4,60.7,5.2,5.2,296.1,317.9,1015.3,1015.1,38.99,270.9,343.15,30.5023,8.6816,211.5,0.0,1479.571, NAN, NAN, NAN, NAN,,2024/04/21 10:15:49.367,2024-04-21 10:15:49.367000+00:00
2024/04/21, 10:16:49.367,41.478,-70.712, 7.08,69.89,69.62,8.16,6.1,6.1,1013.2,1013.1,0.0,0.0,87.88,79.0,279,294,4.4,6.0,59.7,59.4,5.6,5.7,300.7,322.0,1015.3,1015.2,41.73,270.85,361.34,30.5025,8.6861,213.2,0.0,1479.588, NAN, NAN, NAN, NAN,,2024/04/21 10:16:49.367,2024-04-21 10:16:49.367000+00:00
2024/04/21, 10:17:49.368,41.479,-70.709, 7.33,70.02,68.72,8.27,6.1,6.1,1013.3,1013.2,0.0,0.0,87.88,79.0,286,299,4.5,6.3,58.9,57.6,5.2,5.6,304.7,327.6,1015.4,1015.3,45.16,271.28,388.31,30.5011,8.6913,211.7,0.0,1479.606, NAN, NAN, NAN, NAN,,2024/04/21 10:17:49.368,2024-04-21 10:17:49.368000+00:00
2024/04/21, 10:18:49.368,41.479,-70.706, 7.20,69.7,68.6,8.2,6.1,6.1,1013.3,1013.2,0.0,0.0,87.88,79.0,292,305,4.6,6.7,57.8,57.3,4.9,5.4,308.9,335.8,1015.4,1015.3,48.47,271.43,425.58,30.4987,8.6975,211.7,0.0,1479.626, NAN, NAN, NAN, NAN,,2024/04/21 10:18:49.368,2024-04-21 10:18:49.368000+00:00
2024/04/21, 10:19:49.368,41.48,-70.703, 7.16,69.5,68.34,8.15,6.1,6.1,1013.3,1013.3,0.0,0.0,87.88,79.0,283,295,5.1,6.5,58.1,56.9,5.8,6.0,307.6,325.6,1015.4,1015.4,50.54,271.28,444.85,30.496,8.7021,209.6,0.0,1479.64, NAN, NAN, NAN, NAN,,2024/04/21 10:19:49.368,2024-04-21 10:19:49.368000+00:00
2024/04/21, 10:20:49.368,41.481,-70.7, 6.19,108.26,96.72,7.02,6.1,6.1,1013.3,1013.3,0.0,0.0,87.88,79.0,240,244,3.9,4.0,57.9,57.3,6.1,6.0,314.0,316.7,1015.4,1015.4,55.0,270.99,466.33,30.4912,8.7069,210.2,0.0,1479.652, NAN, NAN, NAN, NAN,,2024/04/21 10:20:49.368,2024-04-21 10:20:49.368000+00:00
2024/04/21, 10:21:49.368,41.48,-70.698, 6.66,115.97,107.04,7.14,6.1,6.1,1013.3,1013.3,0.0,0.0,87.88,79.0,224,275,2.0,2.0,57.1,57.5,5.1,3.7,304.9,318.1,1015.4,1015.4,56.66,271.13,488.79,30.4891,8.7098,211.2,0.0,1479.66, NAN, NAN, NAN, NAN,,2024/04/21 10:21:49.368,2024-04-21 10:21:49.368000+00:00
2024/04/21, 10:22:49.368,41.48,-70.695, 5.66,65.82,74.86,6.24,6.1,6.1,1013.3,1013.2,0.0,0.0,87.88,79.0,264,290,3.0,4.6,57.3,59.5,5.0,5.1,291.4,317.8,1015.4,1015.3,50.39,271.01,427.84,30.4849,8.7115,211.7,0.0,1479.662, NAN, NAN, NAN, NAN,,2024/04/21 10:22:49.368,2024-04-21 10:22:49.368000+00:00
2024/04/21, 10:23:49.368,41.481,-70.694, 3.49,345.71,19.02,4.25,6.1,6.2,1013.3,1013.2,0.0,0.0,87.88,79.0,308,311,5.7,8.2,59.5,58.5,6.1,8.4,272.8,281.6,1015.4,1015.3,50.89,271.18,434.59,30.4817,8.7166,209.3,0.0,1479.677, NAN, NAN, NAN, NAN,,2024/04/21 10:23:49.368,2024-04-21 10:23:49.368000+00:00
2024/04/21, 10:24:49.368,41.482,-70.694, 2.51,275.42,312.16,2.32,6.1,6.2,1013.3,1013.2,0.0,0.0,87.88,79.0,20,16,6.7,6.6,59.7,57.7,5.6,5.5,290.9,286.1,1015.4,1015.3,58.87,271.45,450.95,30.4855,8.7187,211.2,0.0,1479.689, NAN, NAN, NAN, NAN,,2024/04/21 10:24:49.368,2024-04-21 10:24:49.368000+00:00
2024/04/21, 10:25:49.368,41.482,-70.695, 3.29,228.86,241.06,1.77,6.1,6.2,1013.2,1013.2,0.0,0.0,87.88,79.0,63,56,7.2,8.7,57.6,58.1,6.6,8.0,297.8,289.2,1015.3,1015.3,57.41,270.64,453.57,30.498,8.7182,207.8,0.0,1479.703, NAN, NAN, NAN, NAN,,2024/04/21 10:25:49.368,2024-04-21 10:25:49.368000+00:00
2024/04/21, 10:26:49.368,41.481,-70.695, 3.90,225.7,221.69,2.96,6.1,6.2,1013.2,1013.2,0.0,0.0,87.88,79.0,78,69,6.3,7.2,57.4,58.1,6.3,6.9,317.6,306.9,1015.3,1015.3,58.24,271.04,435.36,30.5047,8.7137,207.5,0.0,1479.694, NAN, NAN, NAN, NAN,,2024/04/21 10:26:49.368,2024-04-21 10:26:49.368000+00:00
2024/04/21, 10:27:49.368,41.481,-70.696, 5.84,226.57,223.72,4.58,6.1,6.2,1013.2,1013.3,0.0,0.0,87.88,79.0,58,50,6.8,8.6,58.0,58.9,6.0,7.4,304.6,291.2,1015.3,1015.4,58.76,270.89,438.97,30.5057,8.7126,210.0,0.0,1479.691, NAN, NAN, NAN, NAN,,2024/04/21 10:27:49.368,2024-04-21 10:27:49.368000+00:00
2024/04/21, 10:28:49.368,41.48,-70.698, 6.76,225.85,223.79,5.43,6.1,6.2,1013.3,1013.4,0.0,0.0,87.88,79.0,51,45,6.7,8.8,58.5,58.8,5.5,7.2,300.8,287.3,1015.4,1015.5,60.88,271.1,458.45,30.5,8.7105,208.1,0.0,1479.676, NAN, NAN, NAN, NAN,,2024/04/21 10:28:49.368,2024-04-21 10:28:49.368000+00:00
2024/04/21, 10:29:49.368,41.478,-70.699, 7.25,225.44,223.03,5.77,6.1,6.1,1013.3,1013.4,0.0,0.0,87.88,79.0,57,48,6.2,8.2,58.6,58.6,5.3,6.7,311.0,293.3,1015.4,1015.5,59.83,271.52,441.1,30.4983,8.7114,206.8,0.0,1479.678, NAN, NAN, NAN, NAN,,2024/04/21 10:29:49.368,2024-04-21 10:29:49.368000+00:00
2024/04/21, 10:30:49.368,41.477,-70.701, 7.29,225.75,223.12,5.82,6.1,6.1,1013.4,1013.5,0.0,0.0,87.88,79.0,57,48,7.0,8.8,58.6,57.5,6.1,7.3,307.9,292.3,1015.5,1015.6,58.31,271.53,413.79,30.5017,8.7108,208.1,0.0,1479.68, 22.550, 22.770, NAN, NAN,,2024/04/21 10:30:49.368,2024-04-21 10:30:49.368000+00:00
2024/04/21, 10:31:49.368,41.476,-70.702, 7.25,225.63,222.68,5.81,6.1,6.1,1013.4,1013.5,0.0,0.0,87.88,79.0,59,49,7.3,8.9,59.0,59.1,6.5,7.4,308.7,293.1,1015.5,1015.6,55.62,271.58,376.77,30.5101,8.7067,207.8,0.0,1479.675, 23.100, NAN, NAN, NAN,,2024/04/21 10:31:49.368,2024-04-21 10:31:49.368000+00:00
2024/04/21, 10:32:49.368,41.475,-70.704, 7.15,235.29,232.69,5.64,6.1,6.1,1013.5,1013.5,0.0,0.0,87.88,79.0,56,48,7.2,9.1,58.8,59.0,6.2,7.6,314.8,300.5,1015.6,1015.6,58.28,271.56,385.31,30.5159,8.699,207.5,0.0,1479.653, NAN, NAN, NAN, NAN,,2024/04/21 10:32:49.368,2024-04-21 10:32:49.368000+00:00
2024/04/21, 10:33:49.369,41.474,-70.705, 7.05,237.21,236.46,5.64,6.1,6.2,1013.6,1013.5,0.0,0.0,87.88,79.0,55,47,7.8,9.6,58.9,59.2,6.6,7.9,313.4,299.9,1015.7,1015.6,65.29,271.97,459.77,30.5204,8.6928,207.8,0.0,1479.635, NAN, NAN, NAN, NAN,,2024/04/21 10:33:49.369,2024-04-21 10:33:49.369000+00:00
2024/04/21, 10:34:49.369,41.473,-70.707, 7.13,237.06,236.99,5.64,6.1,6.2,1013.5,1013.5,0.0,0.0,87.88,79.0,53,46,7.9,9.9,59.1,58.0,6.6,8.2,310.7,298.0,1015.6,1015.6,68.05,271.7,478.07,30.5243,8.6847,205.3,0.0,1479.609, NAN, NAN, NAN, NAN,,2024/04/21 10:34:49.369,2024-04-21 10:34:49.369000+00:00
2024/04/21, 10:35:49.369,41.472,-70.709, 7.03,236.92,236.21,5.65,6.1,6.2,1013.4,1013.5,0.0,0.0,87.88,79.0,57,49,8.4,10.1,58.5,58.2,7.3,8.5,313.6,301.0,1015.5,1015.6,73.16,271.7,516.43,30.5291,8.6797,206.0,0.0,1479.596, NAN, NAN, NAN, NAN,,2024/04/21 10:35:49.369,2024-04-21 10:35:49.369000+00:00
2024/04/21, 10:36:49.369,41.471,-70.71, 7.10,236.65,236.13,5.69,6.2,6.2,1013.5,1013.5,0.0,0.0,87.88,79.0,55,48,8.5,10.4,58.1,59.3,7.3,8.8,311.1,299.2,1015.6,1015.6,80.88,271.71,588.28,30.5324,8.6743,208.4,0.5,1479.58, NAN, NAN, NAN, NAN,,2024/04/21 10:36:49.369,2024-04-21 10:36:49.369000+00:00
2024/04/21, 10:37:49.369,41.471,-70.712, 7.17,236.5,236.13,5.7,6.1,6.2,1013.4,1013.5,0.0,0.0,87.88,79.0,49,41,6.9,8.9,59.3,60.2,5.5,7.0,309.5,293.7,1015.5,1015.6,85.01,271.59,625.0,30.5355,8.6663,208.7,0.9,1479.554, NAN, NAN, NAN, NAN,,2024/04/21 10:37:49.369,2024-04-21 10:37:49.369000+00:00
2024/04/21, 10:38:49.369,41.47,-70.714, 7.18,236.63,236.01,5.66,6.2,6.2,1013.5,1013.5,0.0,0.0,87.88,79.0,50,44,7.6,9.5,59.0,60.6,6.2,7.7,307.9,296.0,1015.6,1015.6,89.18,271.62,657.92,30.5383,8.6608,208.4,0.0,1479.537, NAN, NAN, NAN, NAN,,2024/04/21 10:38:49.369,2024-04-21 10:38:49.369000+00:00
2024/04/21, 10:39:49.369,41.469,-70.716, 7.12,236.9,236.25,5.66,6.1,6.2,1013.6,1013.5,0.0,0.0,87.88,79.0,51,45,8.0,10.0,60.3,60.8,6.6,8.2,308.1,296.5,1015.7,1015.6,89.61,271.12,655.32,30.5412,8.6552,208.1,0.0,1479.519, NAN, NAN, NAN, NAN,,2024/04/21 10:39:49.369,2024-04-21 10:39:49.369000+00:00
2024/04/21, 10:40:49.369,41.468,-70.717, 7.13,236.88,237.48,5.65,6.1,6.2,1013.5,1013.5,0.0,0.0,87.88,79.0,48,42,7.5,9.6,60.9,58.4,5.9,7.7,306.0,293.4,1015.6,1015.6,83.7,270.95,597.47,30.5415,8.6455,209.3,0.0,1479.483, NAN, NAN, NAN, NAN,,2024/04/21 10:40:49.369,2024-04-21 10:40:49.369000+00:00
2024/04/21, 10:41:49.369,41.467,-70.719, 7.17,236.67,236.76,5.7,6.1,6.2,1013.5,1013.5,0.0,0.0,87.88,79.0,49,42,7.7,9.6,59.1,59.8,6.2,7.7,306.6,293.4,1015.6,1015.6,83.89,270.43,592.84,30.5404,8.6365,207.5,0.0,1479.448, NAN, NAN, NAN, NAN,,2024/04/21 10:41:49.369,2024-04-21 10:41:49.369000+00:00
2024/04/21, 10:42:49.369,41.466,-70.721, 7.16,236.87,237.54,5.68,6.1,6.1,1013.4,1013.5,0.0,0.0,87.88,79.0,50,43,8.0,9.9,59.4,59.5,6.5,8.0,306.9,294.1,1015.5,1015.6,84.38,270.65,593.64,30.5378,8.6235,209.0,0.0,1479.396, NAN, NAN, NAN, NAN,,2024/04/21 10:42:49.369,2024-04-21 10:42:49.369000+00:00
2024/04/21, 10:43:49.369,41.465,-70.723, 9.18,237.15,238.21,7.96,6.1,6.1,1013.5,1013.6,0.0,0.0,87.88,79.0,48,41,8.2,10.2,60.0,60.5,6.2,7.5,314.1,298.6,1015.6,1015.7,86.41,270.47,614.88,30.5379,8.6134,208.7,0.0,1479.358, NAN, NAN, NAN, NAN,,2024/04/21 10:43:49.369,2024-04-21 10:43:49.369000+00:00
2024/04/21, 10:44:49.369,41.464,-70.726, 11.02,237.28,238.32,9.67,6.1,6.1,1013.5,1013.6,0.0,0.0,87.88,79.0,43,38,9.5,11.6,61.0,60.9,6.7,8.2,310.1,296.7,1015.6,1015.7,82.76,270.23,579.59,30.532,8.6065,210.0,0.0,1479.325, NAN, NAN, NAN, NAN,,2024/04/21 10:44:49.369,2024-04-21 10:44:49.369000+00:00
2024/04/21, 10:45:49.369,41.462,-70.729, 11.63,237.17,238.22,10.23,6.1,6.1,1013.6,1013.6,0.0,0.0,87.88,79.0,41,36,10.8,12.7,60.4,60.1,7.6,8.9,304.7,292.9,1015.7,1015.7,87.51,270.15,619.9,30.5282,8.6023,210.2,0.0,1479.304, NAN, NAN, NAN, NAN,,2024/04/21 10:45:49.369,2024-04-21 10:45:49.369000+00:00
2024/04/21, 10:46:49.369,41.461,-70.732, 11.93,236.83,238.29,10.55,6.1,6.1,1013.4,1013.6,0.0,0.0,87.88,79.0,44,39,9.9,11.9,58.6,56.1,6.9,8.3,312.7,299.3,1015.5,1015.7,85.1,270.13,597.67,30.5268,8.5962,214.2,0.0,1479.28, NAN, NAN, NAN, NAN,,2024/04/21 10:46:49.369,2024-04-21 10:46:49.369000+00:00
2024/04/21, 10:47:49.369,41.459,-70.736, 12.13,236.65,238.34,10.61,6.1,6.2,1013.6,1013.6,0.0,0.0,87.88,79.0,44,39,9.9,11.9,55.9,57.9,6.9,8.2,312.7,299.2,1015.7,1015.7,86.22,269.88,601.8,26.5648,8.5882,176.7,0.0,1474.382, NAN, NAN, NAN, NAN,,2024/04/21 10:47:49.369,2024-04-21 10:47:49.369000+00:00
2024/04/21, 10:48:49.369,41.458,-70.739, 12.14,236.66,238.46,10.64,6.2,6.2,1013.6,1013.7,0.0,0.0,87.88,79.0,43,38,9.8,11.9,58.3,58.2,6.7,8.2,312.0,298.0,1015.7,1015.8,90.48,269.7,637.43,0.159,8.5775,143.1,0.3,1441.815, NAN, NAN, NAN, NAN,,2024/04/21 10:48:49.369,2024-04-21 10:48:49.369000+00:00
2024/04/21, 10:49:49.370,41.456,-70.742, 12.03,236.64,238.82,10.63,6.2,6.2,1013.6,1013.7,0.0,0.0,87.88,79.0,42,38,9.7,11.7,58.1,58.6,6.5,7.9,311.1,298.4,1015.7,1015.8,94.1,269.67,666.11,0.1592,8.5593,132.1,0.0,1441.74, NAN, NAN, NAN, NAN,,2024/04/21 10:49:49.370,2024-04-21 10:49:49.370000+00:00
2024/04/21, 10:50:49.370,41.455,-70.746, 12.09,237.16,238.85,10.74,6.1,6.1,1013.7,1013.7,0.0,0.0,87.88,79.0,41,36,10.0,12.1,58.6,57.8,6.7,8.2,309.5,295.6,1015.8,1015.8,98.57,269.21,700.52,0.1762,8.5374,130.9,0.0,1441.672, NAN, NAN, NAN, NAN,,2024/04/21 10:50:49.370,2024-04-21 10:50:49.370000+00:00
2024/04/21, 10:51:49.370,41.453,-70.749, 12.09,236.33,237.02,10.74,6.1,6.1,1013.6,1013.6,0.0,0.0,87.88,79.0,42,36,10.2,12.2,57.5,57.8,7.1,8.3,309.4,294.8,1015.7,1015.7,103.41,269.04,738.04,0.195,8.4938,130.9,0.0,1441.516, NAN, NAN, NAN, NAN,,2024/04/21 10:51:49.370,2024-04-21 10:51:49.370000+00:00
2024/04/21, 10:52:49.370,41.452,-70.752, 12.12,237.23,238.05,10.61,6.1,6.1,1013.6,1013.7,0.0,0.0,87.88,79.0,38,33,9.4,11.4,57.5,59.0,6.0,7.4,308.3,293.4,1015.7,1015.8,105.9,269.44,760.08,0.2152,8.4712,130.3,0.0,1441.449, NAN, NAN, NAN, NAN,,2024/04/21 10:52:49.370,2024-04-21 10:52:49.370000+00:00
2024/04/21, 10:53:49.370,41.45,-70.756, 12.08,237.16,238.04,10.58,6.1,6.1,1013.6,1013.7,0.0,0.0,87.88,79.0,44,38,8.9,11.0,59.2,59.2,6.2,7.4,318.2,301.4,1015.7,1015.8,102.91,269.26,730.13,0.234,8.4603,130.0,0.0,1441.428, NAN, NAN, NAN, NAN,,2024/04/21 10:53:49.370,2024-04-21 10:53:49.370000+00:00
2024/04/21, 10:54:49.370,41.448,-70.759, 11.94,236.59,237.08,9.56,6.1,6.1,1013.6,1013.6,0.0,0.0,87.88,79.0,44,38,9.8,11.6,59.2,58.7,7.1,8.3,309.1,295.8,1015.7,1015.7,115.36,269.6,818.69,0.254,8.4463,130.0,0.0,1441.396, NAN, NAN, NAN, NAN,,2024/04/21 10:54:49.370,2024-04-21 10:54:49.370000+00:00
2024/04/21, 10:55:49.370,41.447,-70.761, 8.13,236.3,235.55,6.48,6.1,6.1,1013.7,1013.6,0.0,0.0,87.88,79.0,52,45,8.7,10.6,58.5,58.5,7.2,8.6,310.0,297.4,1015.8,1015.7,125.42,270.28,872.33,0.2806,8.4247,129.6,0.0,1441.341, NAN, NAN, NAN, NAN,,2024/04/21 10:55:49.370,2024-04-21 10:55:49.370000+00:00
2024/04/21, 10:56:49.370,41.446,-70.763, 6.38,237.09,233.98,4.75,6.1,6.1,1013.6,1013.7,0.0,0.0,87.88,79.0,55,50,6.6,7.8,58.1,58.1,5.7,6.6,313.4,304.2,1015.7,1015.8,125.39,270.7,871.75,0.2918,8.4018,130.0,0.0,1441.261, NAN, NAN, NAN, NAN,,2024/04/21 10:56:49.370,2024-04-21 10:56:49.370000+00:00
2024/04/21, 10:57:49.370,41.446,-70.764, 4.71,237.54,234.19,3.15,6.1,6.1,1013.7,1013.7,0.0,0.0,87.88,79.0,67,61,7.3,8.5,58.8,57.5,6.9,7.9,317.3,309.2,1015.8,1015.8,119.45,270.68,807.83,0.2921,8.3867,129.3,0.0,1441.199, NAN, NAN, NAN, NAN,,2024/04/21 10:57:49.370,2024-04-21 10:57:49.370000+00:00
2024/04/21, 10:58:49.370,41.445,-70.765, 3.04,237.54,233.15,2.98,6.1,6.1,1013.7,1013.7,0.0,0.0,87.88,79.0,66,59,6.8,8.0,57.5,57.3,6.5,7.4,316.5,307.2,1015.8,1015.8,126.82,271.31,850.65,0.2883,8.3818,130.0,0.0,1441.174, NAN, NAN, NAN, NAN,,2024/04/21 10:58:49.370,2024-04-21 10:58:49.370000+00:00
2024/04/21, 10:59:49.370,41.445,-70.766, 2.19,242.54,238.17,3.25,6.1,6.1,1013.8,1013.8,0.0,0.0,87.88,79.0,57,48,6.6,8.3,57.3,57.6,6.0,7.4,313.7,300.8,1015.9,1015.9,127.16,271.38,838.98,0.2809,8.3806,129.3,0.0,1441.159, NAN, NAN, NAN, NAN,,2024/04/21 10:59:49.370,2024-04-21 10:59:49.370000+00:00
2024/04/21, 11:00:49.370,41.444,-70.767, 1.57,247.19,242.73,3.3,6.1,6.1,1013.8,1013.8,0.0,0.0,87.88,79.0,50,43,6.9,8.9,57.4,58.6,6.1,7.8,310.3,299.3,1015.9,1015.9,133.65,271.76,905.1,0.2733,8.3788,130.0,0.0,1441.142, NAN, NAN, NAN, NAN,,2024/04/21 11:00:49.370,2024-04-21 11:00:49.370000+00:00
2024/04/21, 11:01:49.370,41.444,-70.768, 1.87,251.1,248.28,3.37,6.1,6.1,1013.8,1013.8,0.0,0.0,87.88,79.0,51,43,6.9,8.8,57.3,58.7,6.0,7.7,315.4,303.4,1015.9,1015.9,141.49,272.3,981.94,0.2672,8.3766,131.2,0.0,1441.125, NAN, NAN, NAN, NAN,,2024/04/21 11:01:49.370,2024-04-21 11:01:49.370000+00:00
2024/04/21, 11:02:49.370,41.444,-70.769, 5.00,255.47,251.78,2.36,6.1,6.1,1013.8,1013.8,0.0,0.0,87.88,79.0,43,36,5.9,8.1,58.5,57.4,5.1,7.2,308.3,297.6,1015.9,1015.9,161.11,272.77,1118.95,0.2612,8.3749,130.0,0.0,1441.111, NAN, NAN, NAN, NAN,,2024/04/21 11:02:49.370,2024-04-21 11:02:49.370000+00:00
2024/04/21, 11:03:49.370,41.443,-70.77, 3.07,245.92,236.3,1.53,6.1,6.1,1013.9,1013.8,0.0,0.0,87.88,79.0,50,44,6.5,8.3,58.1,57.3,6.2,7.9,302.3,294.6,1016.0,1015.9,170.57,272.68,1134.92,0.2562,8.3748,130.0,0.0,1441.104, NAN, NAN, NAN, NAN,,2024/04/21 11:03:49.370,2024-04-21 11:03:49.370000+00:00
2024/04/21, 11:04:49.370,41.443,-70.77, 2.23,249.97,186.66,0.98,6.1,6.1,1013.8,1013.8,0.0,0.0,87.88,79.0,68,60,5.1,6.5,57.6,59.3,5.3,6.6,323.1,314.2,1015.9,1015.9,171.21,272.83,1109.34,0.2522,8.3744,129.6,0.0,1441.097, NAN, NAN, NAN, NAN,,2024/04/21 11:04:49.370,2024-04-21 11:04:49.370000+00:00
2024/04/21, 11:05:49.370,41.443,-70.77, -0.37,331.18,102.49,0.94,6.1,6.1,1013.8,1013.7,0.0,0.0,87.88,79.0,27,19,4.4,4.5,59.0,59.6,4.2,4.4,352.3,344.2,1015.9,1015.8,160.11,274.05,1070.49,0.2486,8.3749,129.6,0.0,1441.094, NAN, NAN, NAN, NAN,,2024/04/21 11:05:49.370,2024-04-21 11:05:49.370000+00:00
2024/04/21, 11:06:49.371,41.443,-70.77, -1.05,62.34,41.79,0.85,6.1,6.1,1013.8,1013.7,0.0,0.0,87.88,79.0,274,284,5.3,6.5,59.3,57.9,5.3,6.5,331.7,342.5,1015.9,1015.8,169.6,274.67,1158.67,0.2456,8.3845,130.0,0.0,1441.13, NAN, NAN, NAN, NAN,,2024/04/21 11:06:49.371,2024-04-21 11:06:49.371000+00:00
2024/04/21, 11:07:49.371,41.444,-70.769, -0.74,146.31,26.85,1.45,6.1,6.1,1013.8,1013.7,0.0,0.0,87.88,79.0,170,174,4.4,2.4,58.0,59.2,4.4,2.4,306.6,302.4,1015.9,1015.8,179.49,274.81,1136.96,0.2421,8.3846,130.0,0.0,1441.126, NAN, NAN, NAN, NAN,,2024/04/21 11:07:49.371,2024-04-21 11:07:49.371000+00:00
2024/04/21, 11:08:49.371,41.444,-70.769, -0.48,182.32,46.71,1.84,6.1,6.2,1013.8,1013.7,0.0,0.0,87.88,79.0,139,140,6.3,5.4,59.2,58.8,6.3,5.4,312.7,312.3,1015.9,1015.8,186.09,273.2,1112.38,0.2392,8.3821,130.9,0.0,1441.112, NAN, NAN, NAN, NAN,,2024/04/21 11:08:49.371,2024-04-21 11:08:49.371000+00:00
2024/04/21, 11:09:49.371,41.444,-70.769, 0.24,226.34,88.12,0.73,6.1,6.1,1013.7,1013.7,0.0,0.0,87.88,79.0,107,92,6.7,5.9,58.6,57.3,6.9,6.2,330.9,316.3,1015.8,1015.8,183.99,273.25,1086.89,0.2368,8.3806,130.6,0.0,1441.103, NAN, NAN, NAN, NAN,,2024/04/21 11:09:49.371,2024-04-21 11:09:49.371000+00:00
2024/04/21, 11:10:49.371,41.444,-70.769, 1.03,279.95,0.93,0.53,6.1,6.1,1013.7,1013.7,0.0,0.0,87.88,79.0,58,49,7.5,9.5,57.3,58.1,7.2,9.2,338.3,329.0,1015.8,1015.8,169.18,273.98,1077.75,0.2348,8.3614,130.6,0.0,1441.021, NAN, NAN, NAN, NAN,,2024/04/21 11:10:49.371,2024-04-21 11:10:49.371000+00:00
2024/04/21, 11:11:49.371,41.444,-70.769, 1.00,335.73,13.41,2.01,6.1,6.1,1013.7,1013.7,0.0,0.0,87.88,79.0,2,354,6.7,6.4,57.1,56.4,5.8,5.6,332.8,323.3,1015.8,1015.8,171.85,274.86,1103.87,0.233,8.3611,131.5,0.0,1441.018, NAN, NAN, NAN, NAN,,2024/04/21 11:11:49.371,2024-04-21 11:11:49.371000+00:00
2024/04/21, 11:12:49.371,41.445,-70.768, 1.40,38.61,48.21,3.24,6.1,6.1,1013.7,1013.7,0.0,0.0,87.88,79.0,295,300,6.6,8.6,56.5,56.4,6.4,8.2,319.0,327.6,1015.8,1015.8,181.16,275.07,1172.2,0.2313,8.3757,130.9,0.0,1441.076, NAN, NAN, NAN, NAN,,2024/04/21 11:12:49.371,2024-04-21 11:12:49.371000+00:00
2024/04/21, 11:13:49.371,41.446,-70.767, 2.90,44.96,55.09,5.0,6.1,6.2,1013.8,1013.8,0.0,0.0,87.88,79.0,276,289,6.1,7.2,56.6,59.1,6.8,7.3,298.8,313.5,1015.9,1015.9,177.29,275.2,1133.01,0.2296,8.3914,130.9,0.0,1441.138, NAN, NAN, NAN, NAN,,2024/04/21 11:13:49.371,2024-04-21 11:13:49.371000+00:00
2024/04/21, 11:14:49.371,41.447,-70.765, 5.28,43.25,51.65,6.86,6.1,6.2,1013.9,1013.8,0.0,0.0,87.88,79.0,294,299,7.5,9.5,58.9,59.4,7.4,8.9,309.9,320.5,1016.0,1015.9,189.63,275.51,1197.88,0.2281,8.3982,130.3,0.0,1441.164, NAN, NAN, NAN, NAN,,2024/04/21 11:14:49.371,2024-04-21 11:14:49.371000+00:00
2024/04/21, 11:15:49.371,41.448,-70.763, 6.44,43.55,50.14,7.81,6.1,6.2,1013.9,1013.8,0.0,0.0,87.88,79.0,306,309,6.4,9.1,59.1,58.9,5.6,7.7,311.3,326.6,1016.0,1015.9,185.02,275.38,1160.3,0.2261,8.3976,131.2,0.0,1441.159, NAN, NAN, NAN, NAN,,2024/04/21 11:15:49.371,2024-04-21 11:15:49.371000+00:00
2024/04/21, 11:16:49.371,41.449,-70.761, 6.87,44.15,49.36,8.29,6.2,6.2,1013.9,1013.8,0.0,0.0,87.88,79.0,303,307,6.5,9.1,59.1,57.4,5.9,7.8,307.3,323.3,1016.0,1015.9,182.49,275.9,1133.67,0.2246,8.3971,131.2,0.0,1441.155, NAN, NAN, NAN, NAN,,2024/04/21 11:16:49.371,2024-04-21 11:16:49.371000+00:00
2024/04/21, 11:17:49.371,41.451,-70.758, 7.50,44.24,48.88,8.49,6.2,6.2,1014.0,1013.8,0.0,0.0,87.88,79.0,308,310,6.7,9.3,57.6,58.1,5.6,7.7,312.0,326.5,1016.1,1015.9,161.39,275.93,975.95,0.2223,8.393,132.1,0.0,1441.136, NAN, NAN, NAN, NAN,,2024/04/21 11:17:49.371,2024-04-21 11:17:49.371000+00:00
2024/04/21, 11:18:49.371,41.452,-70.756, 7.30,44.31,48.56,8.57,6.2,6.2,1014.0,1013.8,0.0,0.0,87.88,79.0,307,309,6.7,9.1,57.3,58.4,5.7,7.5,310.7,324.5,1016.1,1015.9,190.33,276.84,1147.99,0.2212,8.3817,131.2,0.0,1441.088, NAN, NAN, NAN, NAN,,2024/04/21 11:18:49.371,2024-04-21 11:18:49.371000+00:00
2024/04/21, 11:19:49.371,41.454,-70.754, 7.48,39.94,47.09,8.51,6.1,6.2,1014.0,1013.8,0.0,0.0,87.88,79.0,310,312,5.9,8.5,57.6,58.4,5.1,7.0,303.8,321.0,1016.1,1015.9,192.66,277.5,1141.96,0.2194,8.3784,131.8,0.0,1441.072, NAN, NAN, NAN, NAN,,2024/04/21 11:19:49.371,2024-04-21 11:19:49.371000+00:00
2024/04/21, 11:20:49.371,41.456,-70.751, 7.38,34.95,40.96,8.47,6.1,6.2,1014.0,1013.8,0.0,0.0,87.88,79.0,315,314,6.5,9.3,58.0,59.0,5.1,7.5,308.0,321.5,1016.1,1015.9,195.01,277.52,1125.44,0.218,8.3781,131.8,0.0,1441.069, NAN, NAN, NAN, NAN,,2024/04/21 11:20:49.371,2024-04-21 11:20:49.371000+00:00
2024/04/21, 11:21:49.372,41.458,-70.749, 7.27,34.33,39.55,8.52,6.1,6.2,1013.9,1013.8,0.0,0.0,87.88,79.0,311,315,6.1,9.1,58.8,58.7,5.0,7.1,300.2,321.2,1016.0,1015.9,205.1,277.78,1171.42,0.2157,8.3851,131.8,0.0,1441.095, NAN, NAN, NAN, NAN,,2024/04/21 11:21:49.372,2024-04-21 11:21:49.372000+00:00
2024/04/21, 11:22:49.372,41.459,-70.747, 6.96,27.96,36.0,7.77,6.1,6.2,1013.9,1013.7,0.0,0.0,87.88,79.0,305,309,7.9,10.5,59.0,57.7,7.1,9.1,302.7,314.9,1016.0,1015.8,212.61,278.09,1231.9,0.2142,8.4074,132.1,0.0,1441.185, NAN, NAN, NAN, NAN,,2024/04/21 11:22:49.372,2024-04-21 11:22:49.372000+00:00
2024/04/21, 11:23:49.372,41.461,-70.746, 5.15,24.24,31.86,6.21,6.1,6.2,1013.9,1013.7,0.0,0.0,87.88,79.0,316,316,6.9,9.5,57.7,59.4,5.5,7.9,313.3,321.8,1016.0,1015.8,216.74,277.75,1245.07,0.2135,8.4281,131.8,0.0,1441.269, NAN, NAN, NAN, NAN,,2024/04/21 11:23:49.372,2024-04-21 11:23:49.372000+00:00
2024/04/21, 11:24:49.372,41.462,-70.745, 4.17,24.15,33.81,5.16,6.2,6.2,1013.8,1013.6,0.0,0.0,87.88,79.0,308,311,6.4,9.2,59.3,59.3,5.6,8.1,307.7,319.0,1015.9,1015.7,209.64,277.8,1199.84,0.211,8.4521,131.8,0.0,1441.365, NAN, NAN, NAN, NAN,,2024/04/21 11:24:49.372,2024-04-21 11:24:49.372000+00:00
2024/04/21, 11:25:49.372,41.463,-70.744, 3.43,15.86,31.33,4.4,6.2,6.2,1013.8,1013.6,0.0,0.0,87.88,79.0,304,307,7.6,10.5,59.5,58.4,7.2,9.9,302.6,310.6,1015.9,1015.7,200.43,277.37,1117.93,0.2104,8.4671,131.8,0.0,1441.426, NAN, NAN, NAN, NAN,,2024/04/21 11:25:49.372,2024-04-21 11:25:49.372000+00:00
2024/04/21, 11:26:49.372,41.465,-70.743, 2.96,10.95,26.44,4.63,6.1,6.1,1013.8,1013.7,0.0,0.0,87.88,79.0,316,316,7.0,9.9,58.6,58.6,6.1,8.9,307.5,313.7,1015.9,1015.8,196.54,277.53,739.05,0.2095,8.4769,132.1,0.0,1441.465, NAN, NAN, NAN, NAN,,2024/04/21 11:26:49.372,2024-04-21 11:26:49.372000+00:00
2024/04/21, 11:27:49.372,41.466,-70.743, 4.14,9.63,21.87,5.35,6.1,6.1,1013.8,1013.7,0.0,0.0,87.88,79.0,312,313,7.2,10.2,58.7,60.7,6.3,9.1,299.4,307.6,1015.9,1015.8,196.66,277.97,1066.8,0.2083,8.4806,132.1,0.0,1441.479, NAN, NAN, NAN, NAN,,2024/04/21 11:27:49.372,2024-04-21 11:27:49.372000+00:00
2024/04/21, 11:28:49.372,41.467,-70.742, 4.58,9.8,21.68,5.78,6.1,6.1,1013.8,1013.6,0.0,0.0,87.88,79.0,326,323,8.1,10.8,60.8,59.7,6.4,9.1,316.4,318.6,1015.9,1015.7,195.38,277.24,1050.89,0.2071,8.4781,132.1,0.0,1441.467, NAN, NAN, NAN, NAN,,2024/04/21 11:28:49.372,2024-04-21 11:28:49.372000+00:00
2024/04/21, 11:29:49.372,41.469,-70.741, 4.67,7.27,21.06,5.91,6.1,6.1,1013.8,1013.7,0.0,0.0,87.88,79.0,324,322,7.6,10.2,59.7,57.9,6.1,8.7,308.9,313.2,1015.9,1015.8,199.18,277.73,1069.98,0.2059,8.4724,132.7,0.0,1441.442, NAN, NAN, NAN, NAN,,2024/04/21 11:29:49.372,2024-04-21 11:29:49.372000+00:00
2024/04/21, 11:30:49.372,41.47,-70.74, 3.44,349.22,12.51,4.36,6.1,6.1,1013.8,1013.7,0.0,0.0,87.88,79.0,336,328,7.1,9.3,58.3,59.4,5.8,8.2,308.7,304.3,1015.9,1015.8,207.42,277.47,1108.41,0.205,8.4775,132.7,0.0,1441.462, NAN, NAN, NAN, NAN,,2024/04/21 11:30:49.372,2024-04-21 11:30:49.372000+00:00
2024/04/21, 11:31:49.372,41.471,-70.74, 2.39,345.37,15.59,3.29,6.1,6.1,1013.7,1013.7,0.0,0.0,87.88,79.0,333,326,6.9,9.2,59.2,59.3,6.2,8.6,305.0,301.1,1015.8,1015.8,210.15,277.85,1124.23,0.2036,8.4844,133.0,0.0,1441.489, NAN, NAN, NAN, NAN,,2024/04/21 11:31:49.372,2024-04-21 11:31:49.372000+00:00
2024/04/21, 11:32:49.372,41.472,-70.74, 1.32,312.03,10.38,2.21,6.0,6.1,1013.8,1013.7,0.0,0.0,87.88,79.0,1,356,5.7,5.1,59.3,60.4,5.2,4.7,302.2,295.5,1015.9,1015.8,213.61,278.2,1128.97,0.2022,8.4882,132.4,0.0,1441.503, NAN, NAN, NAN, NAN,,2024/04/21 11:32:49.372,2024-04-21 11:32:49.372000+00:00
2024/04/21, 11:33:49.372,41.472,-70.74, 0.30,300.04,34.93,1.53,6.0,6.1,1013.7,1013.7,0.0,0.0,87.88,79.0,22,13,6.1,5.8,61.0,60.4,5.9,5.8,314.7,305.3,1015.8,1015.8,219.87,277.48,1160.11,0.2011,8.5006,132.7,0.0,1441.552, NAN, NAN, NAN, NAN,,2024/04/21 11:33:49.372,2024-04-21 11:33:49.372000+00:00
2024/04/21, 11:34:49.372,41.473,-70.739, -0.06,279.78,29.58,0.97,6.1,6.1,1013.7,1013.7,0.0,0.0,87.88,79.0,41,35,5.0,7.1,60.0,60.4,4.9,7.1,315.1,310.8,1015.8,1015.8,230.04,277.3,1221.23,0.2001,8.5143,133.0,0.0,1441.607, NAN, NAN, NAN, NAN,,2024/04/21 11:34:49.372,2024-04-21 11:34:49.372000+00:00
2024/04/21, 11:35:49.372,41.473,-70.739, 0.90,264.09,2.32,0.35,6.1,6.1,1013.8,1013.7,0.0,0.0,87.88,79.0,49,41,5.7,7.9,60.2,60.2,5.6,7.8,311.6,303.9,1015.9,1015.8,242.02,277.17,1202.67,0.1992,8.5176,132.4,0.0,1441.62, NAN, NAN, NAN, NAN,,2024/04/21 11:35:49.372,2024-04-21 11:35:49.372000+00:00
2024/04/21, 11:36:49.372,41.473,-70.739, 1.29,244.71,264.31,0.02,6.1,6.1,1013.8,1013.7,0.0,0.0,87.88,79.0,64,54,5.8,7.7,60.0,60.2,5.8,7.7,308.6,298.6,1015.9,1015.8,229.45,276.94,1137.55,0.1987,8.5108,133.3,0.0,1441.591, NAN, NAN, NAN, NAN,,2024/04/21 11:36:49.372,2024-04-21 11:36:49.372000+00:00
2024/04/21, 11:37:49.373,41.473,-70.739, 1.19,239.85,163.22,0.05,6.1,6.1,1013.8,1013.7,0.0,0.0,87.88,79.0,67,59,6.3,7.6,60.1,59.3,6.3,7.6,306.8,298.8,1015.9,1015.8,240.23,276.83,1208.62,0.1977,8.5056,132.7,0.0,1441.568, NAN, NAN, NAN, NAN,,2024/04/21 11:37:49.373,2024-04-21 11:37:49.373000+00:00
2024/04/21, 11:38:49.373,41.473,-70.739, 1.09,240.43,325.08,0.07,6.0,6.1,1013.8,1013.8,0.0,0.0,87.88,79.0,72,63,5.9,7.1,59.0,59.1,5.9,7.1,312.1,303.2,1015.9,1015.9,231.75,277.09,1162.56,0.1964,8.4995,133.6,0.0,1441.542, NAN, NAN, NAN, NAN,,2024/04/21 11:38:49.373,2024-04-21 11:38:49.373000+00:00
2024/04/21, 11:39:49.373,41.473,-70.739, 0.95,242.06,263.08,0.03,6.0,6.1,1013.8,1013.8,0.0,0.0,87.88,79.0,71,62,5.2,6.8,59.1,59.8,5.2,6.8,313.2,304.1,1015.9,1015.9,234.99,277.45,1174.52,0.1954,8.4966,133.0,0.0,1441.528, NAN, NAN, NAN, NAN,,2024/04/21 11:39:49.373,2024-04-21 11:39:49.373000+00:00
2024/04/21, 11:40:49.373,41.473,-70.739, 1.13,240.98,130.24,0.06,6.0,6.1,1013.8,1013.7,0.0,0.0,87.88,79.0,76,71,4.9,5.7,59.5,61.1,4.9,5.7,317.3,312.3,1015.9,1015.8,244.89,278.01,1203.29,0.195,8.4818,133.0,0.0,1441.467, NAN, NAN, NAN, NAN,,2024/04/21 11:40:49.373,2024-04-21 11:40:49.373000+00:00
2024/04/21, 11:41:49.373,41.473,-70.739, 1.32,240.11,167.8,0.02,6.1,6.1,1013.8,1013.7,0.0,0.0,87.88,79.0,63,54,6.0,7.7,61.4,61.3,6.0,7.7,303.1,294.1,1015.9,1015.8,255.85,277.37,1268.11,0.1942,8.4653,133.6,0.0,1441.398, NAN, NAN, NAN, NAN,,2024/04/21 11:41:49.373,2024-04-21 11:41:49.373000+00:00
2024/04/21, 11:42:49.373,41.473,-70.739, 1.08,240.11,304.11,0.07,6.1,6.1,1013.7,1013.7,0.0,0.0,87.88,79.0,79,70,6.3,7.0,60.6,59.9,6.3,7.0,318.8,309.9,1015.8,1015.8,271.78,277.34,1333.75,0.1938,8.4572,132.7,0.0,1441.364, NAN, NAN, NAN, NAN,,2024/04/21 11:42:49.373,2024-04-21 11:42:49.373000+00:00
2024/04/21, 11:43:49.373,41.473,-70.739, 1.16,242.22,286.33,0.06,6.1,6.1,1013.7,1013.7,0.0,0.0,87.88,79.0,75,67,6.0,7.0,59.1,58.5,6.0,7.0,317.4,309.3,1015.8,1015.8,271.34,277.49,1326.31,0.1931,8.4519,132.7,0.0,1441.341, NAN, NAN, NAN, NAN,,2024/04/21 11:43:49.373,2024-04-21 11:43:49.373000+00:00
2024/04/21, 11:44:49.373,41.473,-70.739, 1.18,241.98,123.68,0.06,6.1,6.1,1013.8,1013.7,0.0,0.0,87.88,79.0,78,66,5.0,6.1,58.6,59.4,5.0,6.1,320.3,308.2,1015.9,1015.8,267.01,277.89,1315.72,0.193,8.4495,132.7,0.0,1441.331, NAN, NAN, NAN, NAN,,2024/04/21 11:44:49.373,2024-04-21 11:44:49.373000+00:00
2024/04/21, 11:45:49.373,41.473,-70.739, 1.17,239.96,47.61,0.03,6.1,6.1,1013.7,1013.7,0.0,0.0,87.88,79.0,62,55,6.2,7.8,59.4,60.2,6.2,7.8,302.1,295.1,1015.8,1015.8,269.27,277.57,1297.97,0.1921,8.4485,133.3,0.0,1441.326, NAN, NAN, NAN, NAN,,2024/04/21 11:45:49.373,2024-04-21 11:45:49.373000+00:00
2024/04/21, 11:46:49.373,41.473,-70.739, 1.25,239.54,295.55,0.05,6.1,6.1,1013.8,1013.7,0.0,0.0,87.88,79.0,65,57,6.0,7.4,60.1,59.7,6.0,7.4,304.3,296.4,1015.9,1015.8,261.16,278.04,1261.72,0.192,8.442,133.0,0.0,1441.299, NAN, NAN, NAN, NAN,,2024/04/21 11:46:49.373,2024-04-21 11:46:49.373000+00:00
2024/04/21, 11:47:49.373,41.473,-70.739, 1.18,241.71,205.32,0.03,6.1,6.1,1013.8,1013.7,0.0,0.0,87.88,79.0,73,64,5.7,6.6,59.8,59.7,5.7,6.6,314.7,305.7,1015.9,1015.8,253.57,277.6,1224.82,0.1913,8.4401,133.0,0.0,1441.29, NAN, NAN, NAN, NAN,,2024/04/21 11:47:49.373,2024-04-21 11:47:49.373000+00:00
2024/04/21, 11:48:49.373,41.473,-70.739, 1.22,242.02,31.71,0.02,6.1,6.1,1013.8,1013.7,0.0,0.0,87.88,79.0,70,62,5.8,6.9,59.7,60.2,5.8,6.9,312.1,304.0,1015.9,1015.8,266.26,277.61,1274.8,0.1909,8.4448,133.3,0.0,1441.309, NAN, NAN, NAN, NAN,,2024/04/21 11:48:49.373,2024-04-21 11:48:49.373000+00:00
2024/04/21, 11:49:49.373,41.473,-70.739, 1.21,240.84,37.16,0.04,6.1,6.1,1013.7,1013.7,0.0,0.0,87.88,79.0,66,56,5.8,7.4,60.1,60.6,5.8,7.4,306.9,296.9,1015.8,1015.8,273.5,277.87,1290.38,0.1911,8.4482,133.6,0.0,1441.324, NAN, NAN, NAN, NAN,,2024/04/21 11:49:49.373,2024-04-21 11:49:49.373000+00:00
2024/04/21, 11:50:49.373,41.473,-70.739, 1.16,239.59,146.49,0.02,6.1,6.1,1013.7,1013.6,0.0,0.0,87.88,79.0,69,58,5.6,7.0,60.0,60.3,5.6,7.0,308.5,297.6,1015.8,1015.7,276.94,278.19,1305.07,0.1907,8.4519,133.6,0.0,1441.338, NAN, NAN, NAN, NAN,,2024/04/21 11:50:49.373,2024-04-21 11:50:49.373000+00:00
2024/04/21, 11:51:49.373,41.473,-70.739, 1.22,239.93,291.9,0.04,6.1,6.1,1013.7,1013.6,0.0,0.0,87.88,79.0,78,68,5.8,6.7,60.2,60.5,5.8,6.7,317.8,307.8,1015.8,1015.7,288.36,278.33,1355.1,0.1903,8.4549,133.0,0.0,1441.35, NAN, NAN, NAN, NAN,,2024/04/21 11:51:49.373,2024-04-21 11:51:49.373000+00:00
2024/04/21, 11:52:49.373,41.473,-70.739, 1.29,241.47,173.71,0.04,6.1,6.1,1013.6,1013.6,0.0,0.0,87.88,79.0,86,79,6.1,6.8,60.6,60.5,6.1,6.8,327.4,320.4,1015.7,1015.7,291.79,278.49,1363.42,0.1898,8.4553,134.0,0.0,1441.351, NAN, NAN, NAN, NAN,,2024/04/21 11:52:49.373,2024-04-21 11:52:49.373000+00:00
2024/04/21, 11:53:49.373,41.473,-70.739, 1.13,241.57,87.47,0.05,6.1,6.1,1013.6,1013.6,0.0,0.0,87.88,79.0,82,73,6.3,7.1,60.4,60.6,6.3,7.1,323.8,314.8,1015.7,1015.7,302.75,278.17,1400.83,0.1894,8.4515,134.2,0.0,1441.335, NAN, NAN, NAN, NAN,,2024/04/21 11:53:49.373,2024-04-21 11:53:49.373000+00:00
2024/04/21, 11:54:49.374,41.473,-70.739, 1.23,240.09,28.17,0.05,6.1,6.1,1013.6,1013.7,0.0,0.0,87.88,79.0,77,68,5.9,7.0,59.9,60.4,5.9,7.0,317.2,308.1,1015.7,1015.8,293.39,278.58,1356.47,0.1889,8.4428,134.0,0.0,1441.298, NAN, NAN, NAN, NAN,,2024/04/21 11:54:49.374,2024-04-21 11:54:49.374000+00:00
2024/04/21, 11:55:49.374,41.473,-70.739, 1.16,239.46,180.07,0.04,6.1,6.1,1013.7,1013.7,0.0,0.0,87.88,79.0,62,55,5.2,6.6,60.8,60.7,5.2,6.6,301.3,294.4,1015.8,1015.8,296.87,278.14,1378.0,0.1885,8.4377,133.3,0.0,1441.277, NAN, NAN, NAN, NAN,,2024/04/21 11:55:49.374,2024-04-21 11:55:49.374000+00:00
2024/04/21, 11:56:49.374,41.473,-70.739, 1.14,240.18,213.99,0.08,6.1,6.1,1013.7,1013.7,0.0,0.0,87.88,79.0,81,70,4.9,5.7,60.9,60.9,4.9,5.7,321.1,310.2,1015.8,1015.8,288.59,278.59,1331.41,0.1881,8.436,134.2,0.0,1441.269, NAN, NAN, NAN, NAN,,2024/04/21 11:56:49.374,2024-04-21 11:56:49.374000+00:00
2024/04/21, 11:57:49.374,41.473,-70.739, 1.11,241.52,346.99,0.02,6.1,6.1,1013.7,1013.7,0.0,0.0,87.88,79.0,74,65,5.8,6.9,63.2,60.1,5.8,6.9,315.5,306.5,1015.8,1015.8,283.14,277.97,1304.78,0.1877,8.4355,133.3,0.0,1441.267, NAN, NAN, NAN, NAN,,2024/04/21 11:57:49.374,2024-04-21 11:57:49.374000+00:00
2024/04/21, 11:58:49.374,41.473,-70.739, 1.06,241.46,163.93,0.06,6.1,6.1,1013.7,1013.7,0.0,0.0,87.88,79.0,73,67,6.7,7.6,60.0,59.9,6.7,7.6,314.7,308.7,1015.8,1015.8,278.21,277.89,1274.95,0.1873,8.4411,135.8,0.0,1441.289, NAN, NAN, NAN, NAN,,2024/04/21 11:58:49.374,2024-04-21 11:58:49.374000+00:00
2024/04/21, 11:59:49.374,41.473,-70.739, 0.94,239.97,51.88,0.01,6.1,6.1,1013.7,1013.8,0.0,0.0,87.88,79.0,72,62,6.0,7.2,59.7,58.2,6.0,7.2,312.0,302.0,1015.8,1015.9,291.79,278.12,1328.51,0.1869,8.4442,134.5,0.0,1441.302, NAN, NAN, NAN, NAN,,2024/04/21 11:59:49.374,2024-04-21 11:59:49.374000+00:00
2024/04/21, 12:00:49.374,41.473,-70.739, 1.02,239.31,338.32,0.04,6.1,6.1,1013.8,1013.8,0.0,0.0,87.88,79.0,61,52,5.8,7.4,58.1,60.2,5.8,7.4,300.1,291.2,1015.9,1015.9,300.84,278.52,1348.14,0.1866,8.4449,134.8,0.0,1441.304, NAN, NAN, NAN, NAN,,2024/04/21 12:00:49.374,2024-04-21 12:00:49.374000+00:00
2024/04/21, 12:01:49.374,41.473,-70.739, 1.17,240.35,270.95,0.06,6.1,6.1,1013.8,1013.8,0.0,0.0,87.88,79.0,81,72,5.6,6.3,59.8,59.8,5.6,6.3,321.2,312.3,1015.9,1015.9,305.27,279.05,1380.45,0.1862,8.4474,134.2,0.1,1441.314, NAN, NAN, NAN, NAN,,2024/04/21 12:01:49.374,2024-04-21 12:01:49.374000+00:00
2024/04/21, 12:02:49.374,41.473,-70.739, 1.13,241.22,273.96,0.04,6.1,6.2,1013.8,1013.8,0.0,0.0,87.88,79.0,78,69,6.3,7.0,59.9,59.9,6.3,7.0,319.3,310.3,1015.9,1015.9,305.74,278.93,1373.32,0.1858,8.4476,134.2,0.0,1441.314, NAN, NAN, NAN, NAN,,2024/04/21 12:02:49.374,2024-04-21 12:02:49.374000+00:00
2024/04/21, 12:03:49.374,41.473,-70.739, 1.16,240.06,98.73,0.03,6.1,6.2,1013.8,1013.7,0.0,0.0,87.88,79.0,85,73,5.2,5.9,60.5,60.4,5.2,5.9,325.2,313.2,1015.9,1015.8,337.08,279.78,1499.28,0.1854,8.4465,133.6,0.0,1441.309, NAN, NAN, NAN, NAN,,2024/04/21 12:03:49.374,2024-04-21 12:03:49.374000+00:00
2024/04/21, 12:04:49.374,41.473,-70.739, 1.04,238.96,195.45,0.01,6.1,6.2,1013.8,1013.7,0.0,0.0,87.88,79.0,80,68,4.3,5.7,60.4,61.1,4.3,5.7,319.0,307.0,1015.9,1015.8,316.4,279.76,1412.99,0.1851,8.4445,134.2,0.0,1441.301, NAN, NAN, NAN, NAN,,2024/04/21 12:04:49.374,2024-04-21 12:04:49.374000+00:00
2024/04/21, 12:05:49.374,41.473,-70.739, 1.43,231.46,294.11,0.05,6.2,6.2,1013.8,1013.7,0.0,0.0,87.88,79.0,80,74,5.7,6.4,61.2,60.8,5.7,6.4,311.2,305.2,1015.9,1015.8,294.74,279.51,1335.13,0.1847,8.4422,134.0,0.0,1441.291, NAN, NAN, NAN, NAN,,2024/04/21 12:05:49.374,2024-04-21 12:05:49.374000+00:00
2024/04/21, 12:06:49.374,41.473,-70.739, 1.41,231.48,312.56,0.07,6.2,6.2,1013.7,1013.7,0.0,0.0,87.88,79.0,78,68,5.5,6.4,61.3,60.8,5.5,6.4,309.5,299.5,1015.8,1015.8,308.05,279.77,1384.37,0.1844,8.4367,134.5,0.0,1441.268, NAN, NAN, NAN, NAN,,2024/04/21 12:06:49.374,2024-04-21 12:06:49.374000+00:00
2024/04/21, 12:07:49.374,41.473,-70.739, 1.28,230.12,105.02,0.05,6.2,6.2,1013.7,1013.6,0.0,0.0,87.88,79.0,86,78,6.5,7.1,60.4,60.1,6.5,7.1,316.3,308.3,1015.8,1015.7,318.4,279.48,1404.15,0.184,8.4319,134.0,0.0,1441.247, NAN, NAN, NAN, NAN,,2024/04/21 12:07:49.374,2024-04-21 12:07:49.374000+00:00
2024/04/21, 12:08:49.374,41.473,-70.739, 1.29,228.77,134.66,0.07,6.2,6.2,1013.7,1013.6,0.0,0.0,87.88,79.0,76,70,6.9,7.7,60.0,60.4,6.9,7.7,304.8,298.8,1015.8,1015.7,309.1,279.62,1371.73,0.1837,8.429,134.2,0.0,1441.235, NAN, NAN, NAN, NAN,,2024/04/21 12:08:49.374,2024-04-21 12:08:49.374000+00:00
2024/04/21, 12:09:49.374,41.473,-70.739, 1.11,228.62,303.44,0.05,6.2,6.2,1013.6,1013.6,0.0,0.0,87.88,79.0,88,79,6.5,7.4,60.3,60.5,6.5,7.4,316.4,307.4,1015.7,1015.7,299.82,279.15,1323.16,0.1834,8.4284,134.5,0.0,1441.232, NAN, NAN, NAN, NAN,,2024/04/21 12:09:49.374,2024-04-21 12:09:49.374000+00:00
2024/04/21, 12:10:49.375,41.473,-70.739, 1.08,230.29,228.09,0.0,6.2,6.2,1013.6,1013.6,0.0,0.0,87.88,79.0,84,76,6.8,7.3,60.3,59.9,6.8,7.3,314.3,306.3,1015.7,1015.7,312.94,279.72,1373.79,0.1831,8.4274,134.8,0.0,1441.228, NAN, NAN, NAN, NAN,,2024/04/21 12:10:49.375,2024-04-21 12:10:49.375000+00:00
2024/04/21, 12:11:49.375,41.473,-70.739, 1.23,230.91,328.93,0.07,6.1,6.2,1013.6,1013.6,0.0,0.0,87.88,79.0,87,78,6.2,6.7,60.2,60.1,6.2,6.7,318.2,309.2,1015.7,1015.7,317.6,279.43,1386.94,0.183,8.4269,135.2,0.0,1441.225, NAN, NAN, NAN, NAN,,2024/04/21 12:11:49.375,2024-04-21 12:11:49.375000+00:00
2024/04/21, 12:12:49.375,41.473,-70.739, 1.13,229.56,356.76,0.07,6.1,6.2,1013.6,1013.6,0.0,0.0,87.88,79.0,103,90,6.2,5.7,59.6,59.5,6.2,5.7,332.8,319.8,1015.7,1015.7,336.32,279.49,1449.0,0.1826,8.4265,135.5,0.0,1441.223, NAN, NAN, NAN, NAN,,2024/04/21 12:12:49.375,2024-04-21 12:12:49.375000+00:00
2024/04/21, 12:13:49.375,41.473,-70.739, 1.15,228.6,3.66,0.03,6.2,6.2,1013.6,1013.6,0.0,0.0,87.88,79.0,83,75,5.9,6.4,59.5,60.2,5.9,6.4,311.5,303.5,1015.7,1015.7,328.2,280.39,1408.38,0.1824,8.4257,136.0,0.0,1441.22, NAN, NAN, NAN, NAN,,2024/04/21 12:13:49.375,2024-04-21 12:13:49.375000+00:00
2024/04/21, 12:14:49.375,41.473,-70.739, 1.14,229.41,279.95,0.05,6.2,6.2,1013.6,1013.5,0.0,0.0,87.88,79.0,87,75,5.6,6.4,60.4,60.3,5.6,6.4,316.1,304.2,1015.7,1015.6,294.39,280.05,1271.19,0.1822,8.426,134.5,0.0,1441.221, NAN, NAN, NAN, NAN,,2024/04/21 12:14:49.375,2024-04-21 12:14:49.375000+00:00
2024/04/21, 12:15:49.375,41.473,-70.739, 1.24,230.64,120.69,0.04,6.2,6.2,1013.6,1013.5,0.0,0.0,87.88,79.0,110,92,5.3,4.5,60.2,59.7,5.3,4.5,340.5,322.5,1015.7,1015.6,327.09,279.92,1404.97,0.1818,8.4261,134.8,0.0,1441.221, NAN, NAN, NAN, NAN,,2024/04/21 12:15:49.375,2024-04-21 12:15:49.375000+00:00
2024/04/21, 12:16:49.375,41.473,-70.739, 1.30,229.52,76.56,0.03,6.2,6.2,1013.5,1013.4,0.0,0.0,87.88,79.0,101,88,5.4,5.3,60.5,59.4,5.4,5.3,330.6,317.7,1015.6,1015.5,340.42,280.73,1445.65,0.1816,8.4257,133.6,0.0,1441.219, NAN, NAN, NAN, NAN,,2024/04/21 12:16:49.375,2024-04-21 12:16:49.375000+00:00
2024/04/21, 12:17:49.375,41.473,-70.739, 1.28,228.87,91.26,0.03,6.2,6.2,1013.5,1013.4,0.0,0.0,87.88,79.0,100,87,5.9,6.2,59.3,60.4,5.9,6.2,328.8,315.8,1015.6,1015.5,341.16,281.06,1438.33,0.1813,8.425,134.2,0.0,1441.215, NAN, NAN, NAN, NAN,,2024/04/21 12:17:49.375,2024-04-21 12:17:49.375000+00:00
2024/04/21, 12:18:49.375,41.473,-70.739, 1.15,228.83,300.25,0.05,6.2,6.2,1013.5,1013.3,0.0,0.0,87.88,79.0,89,79,6.5,7.3,60.9,60.4,6.5,7.3,317.7,307.7,1015.6,1015.4,343.25,281.0,1443.99,0.1811,8.4242,133.3,0.0,1441.212, NAN, NAN, NAN, NAN,,2024/04/21 12:18:49.375,2024-04-21 12:18:49.375000+00:00
2024/04/21, 12:19:49.375,41.473,-70.739, 1.28,230.36,263.85,0.03,6.2,6.2,1013.4,1013.3,0.0,0.0,87.88,79.0,95,83,5.9,6.2,60.0,60.5,5.9,6.2,325.3,313.3,1015.5,1015.4,344.29,281.88,1438.47,0.1808,8.4227,135.5,0.0,1441.205, NAN, NAN, NAN, NAN,,2024/04/21 12:19:49.375,2024-04-21 12:19:49.375000+00:00
2024/04/21, 12:20:49.375,41.473,-70.739, 1.05,230.23,128.93,0.06,6.2,6.2,1013.4,1013.3,0.0,0.0,87.88,79.0,92,79,5.5,6.1,60.8,61.1,5.5,6.1,322.4,309.5,1015.5,1015.4,349.04,281.58,1445.37,0.1806,8.4215,135.2,0.0,1441.2, NAN, NAN, NAN, NAN,,2024/04/21 12:20:49.375,2024-04-21 12:20:49.375000+00:00
2024/04/21, 12:21:49.375,41.473,-70.739, 1.15,228.56,20.5,0.02,6.2,6.2,1013.3,1013.3,0.0,0.0,87.88,79.0,103,91,6.4,5.8,60.6,60.8,6.4,5.8,331.6,319.6,1015.4,1015.4,355.3,282.21,1467.17,0.1803,8.4196,135.2,0.0,1441.192, NAN, NAN, NAN, NAN,,2024/04/21 12:21:49.375,2024-04-21 12:21:49.375000+00:00
2024/04/21, 12:22:49.375,41.473,-70.739, 1.11,228.49,214.73,0.03,6.2,6.3,1013.3,1013.3,0.0,0.0,87.88,79.0,87,75,4.6,5.7,60.1,61.3,4.6,5.7,315.3,303.3,1015.4,1015.4,353.51,283.1,1454.9,0.1801,8.4161,134.2,0.0,1441.177, NAN, NAN, NAN, NAN,,2024/04/21 12:22:49.375,2024-04-21 12:22:49.375000+00:00
2024/04/21, 12:23:49.375,41.473,-70.739, 1.26,229.51,168.94,0.06,6.2,6.3,1013.3,1013.3,0.0,0.0,87.88,79.0,94,80,4.9,5.7,61.4,62.4,4.9,5.7,323.3,309.3,1015.4,1015.4,350.33,283.21,1437.85,0.1799,8.4143,134.2,0.0,1441.169, NAN, NAN, NAN, NAN,,2024/04/21 12:23:49.375,2024-04-21 12:23:49.375000+00:00
2024/04/21, 12:24:49.375,41.473,-70.739, 1.20,230.65,302.29,0.06,6.3,6.3,1013.4,1013.3,0.0,0.0,87.88,79.0,93,79,5.0,5.8,62.2,62.3,5.0,5.8,324.0,309.9,1015.5,1015.4,344.34,283.31,1397.37,0.1798,8.4126,133.6,0.0,1441.162, NAN, NAN, NAN, NAN,,2024/04/21 12:24:49.375,2024-04-21 12:24:49.375000+00:00
2024/04/21, 12:25:49.375,41.473,-70.739, 1.26,228.87,20.21,0.05,6.3,6.3,1013.4,1013.3,0.0,0.0,87.88,79.0,95,85,3.9,4.3,61.9,63.7,3.9,4.3,324.1,314.0,1015.5,1015.4,357.61,283.84,1448.75,0.1796,8.4089,134.5,0.0,1441.147, NAN, NAN, NAN, NAN,,2024/04/21 12:25:49.375,2024-04-21 12:25:49.375000+00:00
2024/04/21, 12:26:49.376,41.473,-70.739, 1.29,228.69,174.51,0.03,6.3,6.4,1013.4,1013.3,0.0,0.0,87.88,79.0,89,77,4.3,5.3,63.5,61.5,4.3,5.3,317.7,305.7,1015.5,1015.4,307.4,284.13,1267.49,0.1794,8.4071,134.2,0.0,1441.139, NAN, NAN, NAN, NAN,,2024/04/21 12:26:49.376,2024-04-21 12:26:49.376000+00:00
2024/04/21, 12:27:49.376,41.473,-70.739, 0.98,229.45,223.58,0.07,6.3,6.4,1013.4,1013.3,0.0,0.0,87.88,79.0,82,82,5.6,6.4,61.6,62.5,5.6,6.4,311.3,311.3,1015.5,1015.4,357.84,283.99,1442.98,0.1792,8.4069,134.5,0.0,1441.138, NAN, NAN, NAN, NAN,,2024/04/21 12:27:49.376,2024-04-21 12:27:49.376000+00:00
2024/04/21, 12:28:49.376,41.473,-70.739, 1.09,230.15,73.03,0.01,6.4,6.4,1013.3,1013.3,0.0,0.0,87.88,79.0,85,80,5.4,6.1,62.1,59.7,5.4,6.1,315.2,310.2,1015.4,1015.4,347.79,284.24,1418.84,0.1791,8.4052,134.2,0.0,1441.131, NAN, NAN, NAN, NAN,,2024/04/21 12:28:49.376,2024-04-21 12:28:49.376000+00:00
2024/04/21, 12:29:49.376,41.473,-70.739, 1.24,229.64,70.02,0.05,6.4,6.4,1013.3,1013.3,0.0,0.0,87.88,79.0,105,93,6.5,6.0,59.7,58.0,6.5,6.0,334.8,322.9,1015.4,1015.4,333.84,282.71,1333.14,0.1789,8.4038,135.5,0.0,1441.125, NAN, NAN, NAN, NAN,,2024/04/21 12:29:49.376,2024-04-21 12:29:49.376000+00:00
2024/04/21, 12:30:49.376,41.473,-70.739, 1.19,228.4,169.56,0.04,6.4,6.4,1013.3,1013.3,0.0,0.0,87.88,79.0,97,82,6.4,6.2,57.8,59.1,6.4,6.2,325.3,310.4,1015.4,1015.4,355.74,284.02,1424.74,0.1788,8.4032,135.8,0.0,1441.122, NAN, NAN, NAN, NAN,,2024/04/21 12:30:49.376,2024-04-21 12:30:49.376000+00:00
2024/04/21, 12:31:49.376,41.473,-70.739, 1.23,228.92,281.14,0.04,6.4,6.4,1013.3,1013.3,0.0,0.0,87.88,79.0,78,71,5.7,6.4,59.4,59.6,5.7,6.4,306.7,299.7,1015.4,1015.4,343.71,284.41,1376.92,0.1786,8.4024,134.5,0.0,1441.119, NAN, NAN, NAN, NAN,,2024/04/21 12:31:49.376,2024-04-21 12:31:49.376000+00:00
2024/04/21, 12:32:49.376,41.473,-70.739, 1.04,230.41,225.74,0.01,6.4,6.4,1013.4,1013.3,0.0,0.0,87.88,79.0,119,100,5.5,4.0,59.7,61.4,5.5,4.0,349.4,330.4,1015.5,1015.4,364.31,284.24,1442.57,0.1785,8.4007,134.2,0.0,1441.111, NAN, NAN, NAN, NAN,,2024/04/21 12:32:49.376,2024-04-21 12:32:49.376000+00:00
2024/04/21, 12:33:49.376,41.473,-70.739, 1.23,230.41,113.6,0.05,6.4,6.5,1013.4,1013.3,0.0,0.0,87.88,79.0,92,80,4.9,5.6,60.6,59.9,4.9,5.6,322.7,310.7,1015.5,1015.4,377.58,285.24,1477.33,0.1783,8.3976,134.0,0.0,1441.098, NAN, NAN, NAN, NAN,,2024/04/21 12:33:49.376,2024-04-21 12:33:49.376000+00:00
2024/04/21, 12:34:49.376,41.473,-70.739, 1.26,228.98,15.19,0.04,6.5,6.5,1013.3,1013.3,0.0,0.0,87.88,79.0,82,75,6.1,6.7,60.1,59.9,6.1,6.7,311.0,304.0,1015.4,1015.4,376.66,285.07,1468.07,0.1781,8.3964,134.5,0.0,1441.093, NAN, NAN, NAN, NAN,,2024/04/21 12:34:49.376,2024-04-21 12:34:49.376000+00:00
2024/04/21, 12:35:49.376,41.473,-70.739, 1.37,228.3,262.84,0.01,6.5,6.5,1013.3,1013.3,0.0,0.0,87.88,79.0,85,77,5.1,5.6,59.6,58.7,5.1,5.6,313.3,305.3,1015.4,1015.4,381.41,285.22,1488.8,0.1779,8.3942,134.0,0.0,1441.084, NAN, NAN, NAN, NAN,,2024/04/21 12:35:49.376,2024-04-21 12:35:49.376000+00:00
2024/04/21, 12:36:49.376,41.473,-70.739, 1.09,229.23,279.2,0.03,6.5,6.5,1013.4,1013.3,0.0,0.0,87.88,79.0,86,83,5.2,6.0,58.7,59.2,5.2,6.0,315.1,312.1,1015.5,1015.4,383.04,285.08,1496.05,0.1778,8.3937,134.0,0.0,1441.082, NAN, NAN, NAN, NAN,,2024/04/21 12:36:49.376,2024-04-21 12:36:49.376000+00:00
2024/04/21, 12:37:49.376,41.473,-70.739, 1.15,229.96,225.49,0.01,6.5,6.5,1013.3,1013.4,0.0,0.0,87.88,79.0,114,93,4.6,3.8,59.6,57.3,4.6,3.8,343.9,322.9,1015.4,1015.5,365.72,285.49,1434.54,0.1776,8.3912,134.5,0.0,1441.071, NAN, NAN, NAN, NAN,,2024/04/21 12:37:49.376,2024-04-21 12:37:49.376000+00:00
2024/04/21, 12:38:49.376,41.473,-70.739, 1.14,230.5,105.68,0.03,6.5,6.5,1013.4,1013.4,0.0,0.0,87.88,79.0,91,82,6.3,6.8,57.2,57.4,6.3,6.8,321.6,312.6,1015.5,1015.5,382.48,285.38,1492.24,0.1775,8.3884,134.8,0.0,1441.059, NAN, NAN, NAN, NAN,,2024/04/21 12:38:49.376,2024-04-21 12:38:49.376000+00:00
2024/04/21, 12:39:49.376,41.473,-70.739, 1.12,229.4,11.65,0.03,6.4,6.5,1013.4,1013.3,0.0,0.0,87.88,79.0,91,80,5.2,5.9,57.4,57.8,5.2,5.9,320.5,309.5,1015.5,1015.4,373.8,285.77,1453.17,0.1773,8.3856,133.3,0.0,1441.048, NAN, NAN, NAN, NAN,,2024/04/21 12:39:49.376,2024-04-21 12:39:49.376000+00:00
2024/04/21, 12:40:49.376,41.473,-70.739, 1.35,228.91,144.88,0.03,6.5,6.5,1013.4,1013.4,0.0,0.0,87.88,79.0,111,88,4.2,4.0,57.8,59.6,4.2,4.0,340.0,317.1,1015.5,1015.5,354.19,286.59,1377.97,0.1772,8.3839,133.3,0.0,1441.04, NAN, NAN, NAN, NAN,,2024/04/21 12:40:49.376,2024-04-21 12:40:49.376000+00:00
2024/04/21, 12:41:49.377,41.473,-70.739, 1.11,229.47,291.26,0.05,6.5,6.6,1013.4,1013.3,0.0,0.0,87.88,79.0,93,81,4.9,5.2,59.9,60.1,4.9,5.2,322.3,310.2,1015.5,1015.4,377.28,287.01,1453.52,0.177,8.3814,133.6,0.0,1441.03, NAN, NAN, NAN, NAN,,2024/04/21 12:41:49.377,2024-04-21 12:41:49.377000+00:00
2024/04/21, 12:42:49.377,41.473,-70.739, 1.06,230.25,160.38,0.05,6.6,6.6,1013.3,1013.3,0.0,0.0,87.88,79.0,105,88,5.1,4.7,60.0,59.3,5.1,4.7,335.1,318.2,1015.4,1015.4,413.7,287.48,1560.01,0.1769,8.379,134.2,0.0,1441.02, NAN, NAN, NAN, NAN,,2024/04/21 12:42:49.377,2024-04-21 12:42:49.377000+00:00
2024/04/21, 12:43:49.377,41.473,-70.739, 1.05,230.21,105.73,0.04,6.6,6.6,1013.3,1013.2,0.0,0.0,87.88,79.0,102,88,7.1,6.7,59.1,59.4,7.1,6.7,332.2,318.3,1015.4,1015.3,401.03,286.62,1517.41,0.1768,8.3767,134.0,0.0,1441.01, NAN, NAN, NAN, NAN,,2024/04/21 12:43:49.377,2024-04-21 12:43:49.377000+00:00
2024/04/21, 12:44:49.377,41.473,-70.739, 1.13,228.97,352.28,0.03,6.6,6.6,1013.3,1013.3,0.0,0.0,87.88,79.0,91,82,5.4,6.5,56.2,56.5,5.4,6.5,320.1,311.1,1015.4,1015.4,352.09,286.71,1360.84,0.1767,8.374,134.5,0.0,1440.999, NAN, NAN, NAN, NAN,,2024/04/21 12:44:49.377,2024-04-21 12:44:49.377000+00:00
2024/04/21, 12:45:49.377,41.473,-70.739, 0.97,229.13,263.84,0.04,6.6,6.6,1013.3,1013.2,0.0,0.0,87.88,79.0,97,87,5.7,6.2,56.4,57.3,5.7,6.2,326.0,316.0,1015.4,1015.3,383.87,286.99,1460.06,0.1766,8.3708,133.3,0.0,1440.986, NAN, NAN, NAN, NAN,,2024/04/21 12:45:49.377,2024-04-21 12:45:49.377000+00:00
2024/04/21, 12:46:49.377,41.473,-70.739, 1.03,229.73,336.2,0.05,6.6,6.6,1013.3,1013.2,0.0,0.0,87.88,79.0,97,88,6.4,6.7,57.4,58.1,6.4,6.7,326.5,317.5,1015.4,1015.3,354.89,286.33,1369.17,0.1765,8.3672,133.3,0.0,1440.971, NAN, NAN, NAN, NAN,,2024/04/21 12:46:49.377,2024-04-21 12:46:49.377000+00:00
2024/04/21, 12:47:49.377,41.473,-70.739, 1.04,230.74,342.12,0.05,6.6,6.6,1013.3,1013.3,0.0,0.0,87.88,79.0,106,88,4.5,4.2,58.0,58.8,4.5,4.2,337.1,319.1,1015.4,1015.4,385.17,287.16,1473.1,0.1765,8.366,133.0,0.0,1440.966, NAN, NAN, NAN, NAN,,2024/04/21 12:47:49.377,2024-04-21 12:47:49.377000+00:00
2024/04/21, 12:48:49.377,41.473,-70.739, 1.05,229.7,342.38,0.08,6.6,6.6,1013.3,1013.3,0.0,0.0,87.88,79.0,100,88,4.6,4.4,57.9,58.9,4.6,4.4,330.1,318.0,1015.4,1015.4,387.94,287.4,1477.91,0.1765,8.365,133.3,0.0,1440.962, NAN, NAN, NAN, NAN,,2024/04/21 12:48:49.377,2024-04-21 12:48:49.377000+00:00
2024/04/21, 12:49:49.377,41.473,-70.739, 1.03,228.94,207.25,0.04,6.7,6.7,1013.3,1013.3,0.0,0.0,87.88,79.0,100,84,6.7,6.7,59.4,59.1,6.7,6.7,328.8,312.8,1015.4,1015.4,403.26,287.69,1514.58,0.1763,8.3643,133.3,0.0,1440.958, NAN, NAN, NAN, NAN,,2024/04/21 12:49:49.377,2024-04-21 12:49:49.377000+00:00
2024/04/21, 12:50:49.377,41.473,-70.739, 0.86,230.11,292.72,0.03,6.7,6.7,1013.3,1013.3,0.0,0.0,87.88,79.0,104,87,5.5,4.7,58.3,57.5,5.5,4.7,334.0,316.9,1015.4,1015.4,402.03,288.25,1506.6,0.1762,8.3645,132.7,0.0,1440.959, NAN, NAN, NAN, NAN,,2024/04/21 12:50:49.377,2024-04-21 12:50:49.377000+00:00
2024/04/21, 12:51:49.377,41.473,-70.739, 1.20,230.72,18.34,0.05,6.7,6.7,1013.4,1013.3,0.0,0.0,87.88,79.0,94,85,5.4,6.2,57.4,58.9,5.4,6.2,325.0,315.9,1015.5,1015.4,402.89,288.54,1506.31,0.1761,8.3638,132.7,0.0,1440.956, NAN, NAN, NAN, NAN,,2024/04/21 12:51:49.377,2024-04-21 12:51:49.377000+00:00
2024/04/21, 12:52:49.377,41.473,-70.739, 1.08,229.76,357.7,0.07,6.7,6.7,1013.3,1013.3,0.0,0.0,87.88,79.0,93,79,5.1,5.7,58.3,56.7,5.1,5.7,322.7,308.7,1015.4,1015.4,372.76,288.84,1421.76,0.1761,8.3614,133.0,0.0,1440.946, NAN, NAN, NAN, NAN,,2024/04/21 12:52:49.377,2024-04-21 12:52:49.377000+00:00
2024/04/21, 12:53:49.377,41.473,-70.739, 1.20,229.12,240.63,0.06,6.7,6.6,1013.3,1013.2,0.0,0.0,87.88,79.0,98,86,6.0,6.1,56.8,57.3,6.0,6.1,326.8,314.8,1015.4,1015.3,398.18,289.49,1460.9,0.1759,8.3611,132.7,0.0,1440.945, NAN, NAN, NAN, NAN,,2024/04/21 12:53:49.377,2024-04-21 12:53:49.377000+00:00
2024/04/21, 12:54:49.377,41.473,-70.739, 1.03,230.59,233.01,0.02,6.6,6.6,1013.3,1013.2,0.0,0.0,87.88,79.0,113,93,4.8,4.4,57.4,57.9,4.8,4.4,343.5,323.6,1015.4,1015.3,392.49,290.07,1442.49,0.1756,8.3598,131.2,0.0,1440.939, NAN, NAN, NAN, NAN,,2024/04/21 12:54:49.377,2024-04-21 12:54:49.377000+00:00
2024/04/21, 12:55:49.377,41.473,-70.739, 1.24,230.97,43.64,0.02,6.6,6.6,1013.3,1013.2,0.0,0.0,87.88,79.0,97,83,5.1,5.6,58.0,58.0,5.1,5.6,328.1,314.1,1015.4,1015.3,347.35,290.01,1309.63,0.1761,8.3591,134.2,0.0,1440.937, NAN, NAN, NAN, NAN,,2024/04/21 12:55:49.377,2024-04-21 12:55:49.377000+00:00
2024/04/21, 12:56:49.378,41.473,-70.739, 1.04,229.35,42.95,0.03,6.6,6.6,1013.2,1013.2,0.0,0.0,87.88,79.0,90,78,4.9,5.7,58.0,58.3,4.9,5.7,319.5,307.5,1015.3,1015.3,410.34,291.1,1511.79,0.176,8.3582,132.4,0.0,1440.933, NAN, NAN, NAN, NAN,,2024/04/21 12:56:49.378,2024-04-21 12:56:49.378000+00:00
2024/04/21, 12:57:49.378,41.473,-70.739, 0.93,229.62,214.43,0.02,6.6,6.6,1013.3,1013.2,0.0,0.0,87.88,79.0,120,115,6.1,5.3,58.1,57.9,6.1,5.3,349.6,344.6,1015.4,1015.3,408.28,291.24,1487.13,0.1758,8.3567,131.8,0.0,1440.926, NAN, NAN, NAN, NAN,,2024/04/21 12:57:49.378,2024-04-21 12:57:49.378000+00:00
2024/04/21, 12:58:49.378,41.473,-70.739, 0.92,230.18,250.96,0.04,6.6,6.7,1013.3,1013.2,0.0,0.0,87.88,79.0,108,95,6.6,5.8,57.7,60.1,6.6,5.8,338.0,325.0,1015.4,1015.3,422.03,291.37,1535.87,0.1756,8.3566,132.4,0.0,1440.926, NAN, NAN, NAN, NAN,,2024/04/21 12:58:49.378,2024-04-21 12:58:49.378000+00:00
2024/04/21, 12:59:49.378,41.473,-70.739, 1.13,225.65,223.44,0.21,6.7,6.7,1013.2,1013.2,0.0,0.0,87.88,79.0,106,93,6.1,5.3,59.4,57.8,6.2,5.4,332.4,319.6,1015.3,1015.3,408.9,292.5,1511.35,0.1755,8.3585,131.2,0.0,1440.933, NAN, NAN, NAN, NAN,,2024/04/21 12:59:49.378,2024-04-21 12:59:49.378000+00:00
2024/04/21, 13:00:49.378,41.473,-70.739, 2.10,165.43,153.15,1.37,6.7,6.7,1013.2,1013.2,0.0,0.0,87.88,79.0,147,149,5.8,4.9,57.9,57.8,6.5,5.6,313.6,315.5,1015.3,1015.3,437.08,292.68,1608.0,0.1755,8.3563,132.1,0.0,1440.924, NAN, NAN, NAN, NAN,,2024/04/21 13:00:49.378,2024-04-21 13:00:49.378000+00:00
2024/04/21, 13:01:49.378,41.472,-70.738, 2.99,96.92,92.03,3.69,6.6,6.7,1013.2,1013.3,0.0,0.0,87.88,79.0,218,225,4.0,2.9,57.5,58.6,5.5,4.4,301.3,302.3,1015.3,1015.4,394.6,294.21,1512.74,0.1754,8.3526,132.7,0.0,1440.909, NAN, NAN, NAN, NAN,,2024/04/21 13:01:49.378,2024-04-21 13:01:49.378000+00:00
2024/04/21, 13:02:49.378,41.473,-70.737, 4.15,69.98,67.63,5.24,6.7,6.7,1013.3,1013.3,0.0,0.0,87.88,79.0,291,301,5.8,7.5,58.5,58.1,5.4,6.4,333.4,350.5,1015.4,1015.4,416.87,293.57,1555.22,0.1752,8.351,131.5,0.0,1440.902, NAN, NAN, NAN, NAN,,2024/04/21 13:02:49.378,2024-04-21 13:02:49.378000+00:00
2024/04/21, 13:03:49.378,41.473,-70.735, 5.16,69.3,64.48,6.02,6.7,6.7,1013.4,1013.4,0.0,0.0,87.88,79.0,295,303,6.3,8.2,57.5,57.5,5.5,6.8,334.9,351.1,1015.5,1015.5,435.46,293.85,1618.13,0.1751,8.3506,131.2,0.0,1440.9, NAN, NAN, NAN, NAN,,2024/04/21 13:03:49.378,2024-04-21 13:03:49.378000+00:00
2024/04/21, 13:04:49.378,41.474,-70.733, 5.02,70.0,66.5,5.86,6.7,6.8,1013.4,1013.4,0.0,0.0,87.88,79.0,279,290,5.6,6.9,57.3,57.2,5.8,6.3,318.3,334.1,1015.5,1015.5,437.79,293.98,1651.16,0.175,8.3507,132.4,0.0,1440.9, NAN, NAN, NAN, NAN,,2024/04/21 13:04:49.378,2024-04-21 13:04:49.378000+00:00
2024/04/21, 13:05:49.378,41.475,-70.731, 4.93,70.17,67.84,5.74,6.7,6.8,1013.5,1013.4,0.0,0.0,87.88,79.0,279,289,6.2,7.2,57.5,56.1,6.3,6.7,321.9,335.0,1015.6,1015.5,469.23,294.95,1724.18,0.1749,8.3481,131.5,0.0,1440.89, NAN, NAN, NAN, NAN,,2024/04/21 13:05:49.378,2024-04-21 13:05:49.378000+00:00
2024/04/21, 13:06:49.378,41.475,-70.729, 4.82,70.14,67.45,5.72,6.7,6.7,1013.5,1013.4,0.0,0.0,87.88,79.0,268,282,4.8,5.3,55.8,55.1,5.6,5.4,306.5,320.2,1015.6,1015.5,480.33,296.56,1754.41,0.1748,8.3527,130.9,0.0,1440.909, NAN, NAN, NAN, NAN,,2024/04/21 13:06:49.378,2024-04-21 13:06:49.378000+00:00
2024/04/21, 13:07:49.378,41.476,-70.727, 4.76,70.34,68.52,5.64,6.7,6.8,1013.5,1013.4,0.0,0.0,87.88,79.0,292,302,6.4,8.3,55.1,58.6,5.9,7.1,335.5,352.5,1015.6,1015.5,483.37,295.47,1759.62,0.1747,8.3601,131.8,0.0,1440.939, NAN, NAN, NAN, NAN,,2024/04/21 13:07:49.378,2024-04-21 13:07:49.378000+00:00
2024/04/21, 13:08:49.378,41.476,-70.725, 4.77,69.83,68.31,5.58,6.7,6.8,1013.5,1013.3,0.0,0.0,87.88,79.0,278,288,5.0,6.0,58.2,55.7,5.3,5.7,315.8,329.6,1015.6,1015.4,380.95,294.4,1497.75,0.1746,8.3687,130.9,0.0,1440.974, NAN, NAN, NAN, NAN,,2024/04/21 13:08:49.378,2024-04-21 13:08:49.378000+00:00
2024/04/21, 13:09:49.378,41.477,-70.723, 4.72,70.25,69.22,5.58,6.8,6.8,1013.4,1013.3,0.0,0.0,87.88,79.0,285,303,4.4,6.2,55.5,55.3,4.5,5.2,317.9,345.9,1015.5,1015.4,444.17,294.8,1653.43,0.1743,8.3754,130.9,0.0,1441.002, NAN, NAN, NAN, NAN,,2024/04/21 13:09:49.378,2024-04-21 13:09:49.378000+00:00
2024/04/21, 13:10:49.378,41.477,-70.721, 4.66,70.41,69.56,5.63,6.8,6.8,1013.4,1013.3,0.0,0.0,87.88,79.0,304,311,4.6,7.0,55.3,58.1,3.8,5.5,335.5,358.4,1015.5,1015.4,472.52,295.45,1724.72,0.1746,8.3785,130.0,0.0,1441.015, NAN, NAN, NAN, NAN,,2024/04/21 13:10:49.378,2024-04-21 13:10:49.378000+00:00
2024/04/21, 13:11:49.378,41.478,-70.719, 4.68,70.42,69.72,5.66,6.8,6.9,1013.3,1013.3,0.0,0.0,87.88,79.0,297,305,5.4,7.7,57.9,58.9,4.8,6.4,334.9,354.0,1015.4,1015.4,457.74,295.26,1674.68,0.1745,8.3817,131.8,0.0,1441.028, NAN, NAN, NAN, NAN,,2024/04/21 13:11:49.378,2024-04-21 13:11:49.378000+00:00
2024/04/21, 13:12:49.379,41.479,-70.717, 4.63,70.5,70.33,5.65,6.9,6.9,1013.4,1013.3,0.0,0.0,87.88,79.0,283,297,4.8,6.4,58.4,56.0,5.0,5.7,319.1,340.5,1015.5,1015.4,462.56,295.55,1679.97,0.1744,8.3861,130.6,0.0,1441.046, NAN, NAN, NAN, NAN,,2024/04/21 13:12:49.379,2024-04-21 13:12:49.379000+00:00
2024/04/21, 13:13:49.379,41.479,-70.715, 4.75,70.55,69.94,5.71,6.9,6.9,1013.4,1013.3,0.0,0.0,87.88,79.0,298,308,5.2,7.3,56.1,55.9,4.6,5.9,334.4,355.8,1015.5,1015.4,446.94,295.1,1640.31,0.1743,8.39,131.5,0.0,1441.062, NAN, NAN, NAN, NAN,,2024/04/21 13:13:49.379,2024-04-21 13:13:49.379000+00:00
2024/04/21, 13:14:49.379,41.48,-70.713, 4.57,68.27,68.67,5.67,6.9,6.9,1013.4,1013.3,0.0,0.0,87.88,79.0,296,307,5.2,7.4,55.8,55.9,4.7,6.1,330.6,352.8,1015.5,1015.4,398.78,294.68,1484.01,0.1741,8.3947,130.9,0.0,1441.081, NAN, NAN, NAN, NAN,,2024/04/21 13:14:49.379,2024-04-21 13:14:49.379000+00:00
2024/04/21, 13:15:49.379,41.48,-70.711, 4.57,68.28,68.15,5.74,6.9,6.8,1013.4,1013.3,0.0,0.0,87.88,79.0,279,288,5.4,6.5,55.3,56.2,5.7,6.3,316.8,329.6,1015.5,1015.4,420.5,295.47,1540.29,0.1741,8.3967,130.9,0.0,1441.089, NAN, NAN, NAN, NAN,,2024/04/21 13:15:49.379,2024-04-21 13:15:49.379000+00:00
2024/04/21, 13:16:49.379,41.481,-70.709, 4.66,68.58,68.52,5.84,6.8,6.8,1013.4,1013.3,0.0,0.0,87.88,79.0,278,304,2.9,4.8,56.4,56.3,3.9,4.0,296.4,334.0,1015.5,1015.4,373.99,295.5,1398.79,0.174,8.3998,131.2,0.0,1441.102, NAN, NAN, NAN, NAN,,2024/04/21 13:16:49.379,2024-04-21 13:16:49.379000+00:00
2024/04/21, 13:17:49.379,41.481,-70.707, 4.87,68.6,67.92,5.94,6.8,6.8,1013.4,1013.3,0.0,0.0,87.88,79.0,273,297,2.5,4.9,56.2,59.1,3.8,4.4,288.9,327.8,1015.5,1015.4,368.41,295.82,1372.48,0.174,8.4022,130.9,0.0,1441.112, NAN, NAN, NAN, NAN,,2024/04/21 13:17:49.379,2024-04-21 13:17:49.379000+00:00
2024/04/21, 13:18:49.379,41.482,-70.705, 4.68,68.55,68.14,5.96,6.8,6.9,1013.4,1013.3,0.0,0.0,87.88,79.0,308,314,3.9,6.3,59.2,59.1,3.1,4.7,326.3,354.8,1015.5,1015.4,376.97,295.5,1381.58,0.174,8.4046,130.3,0.0,1441.122, NAN, NAN, NAN, NAN,,2024/04/21 13:18:49.379,2024-04-21 13:18:49.379000+00:00
2024/04/21, 13:19:49.379,41.483,-70.703, 4.79,68.36,68.16,5.99,6.8,6.9,1013.4,1013.3,0.0,0.0,87.88,79.0,291,305,4.2,6.3,58.6,57.6,4.2,5.2,316.4,344.3,1015.5,1015.4,384.78,295.48,1429.69,0.1738,8.4078,131.8,0.0,1441.135, NAN, NAN, NAN, NAN,,2024/04/21 13:19:49.379,2024-04-21 13:19:49.379000+00:00
2024/04/21, 13:20:49.379,41.483,-70.701, 4.84,68.24,67.43,6.04,6.9,6.9,1013.4,1013.3,0.0,0.0,87.88,79.0,275,294,4.2,5.6,57.2,56.6,5.0,5.1,304.8,329.0,1015.5,1015.4,406.29,296.0,1484.06,0.1736,8.4093,130.6,0.0,1441.141, NAN, NAN, NAN, NAN,,2024/04/21 13:20:49.379,2024-04-21 13:20:49.379000+00:00
2024/04/21, 13:21:49.379,41.484,-70.699, 4.87,68.79,67.58,6.05,6.9,6.9,1013.4,1013.3,0.0,0.0,87.88,79.0,306,312,4.8,7.3,56.5,56.9,3.8,5.6,334.5,357.1,1015.5,1015.4,394.44,295.8,1449.19,0.1738,8.4106,130.0,0.0,1441.146, NAN, NAN, NAN, NAN,,2024/04/21 13:21:49.379,2024-04-21 13:21:49.379000+00:00
2024/04/21, 13:22:49.379,41.485,-70.697, 4.76,68.23,67.91,6.01,6.9,7.0,1013.4,1013.3,0.0,0.0,87.88,79.0,294,306,5.0,7.2,56.4,56.3,4.7,5.9,325.2,349.4,1015.5,1015.4,391.26,295.38,1444.38,0.1736,8.4129,130.3,0.0,1441.156, NAN, NAN, NAN, NAN,,2024/04/21 13:22:49.379,2024-04-21 13:22:49.379000+00:00
2024/04/21, 13:23:49.379,41.485,-70.695, 4.99,68.03,67.12,6.03,6.9,7.0,1013.4,1013.3,0.0,0.0,87.88,79.0,299,309,5.0,7.2,56.6,57.7,4.4,5.7,329.2,352.5,1015.5,1015.4,403.97,295.21,1476.04,0.1736,8.4143,130.0,0.0,1441.161, NAN, NAN, NAN, NAN,,2024/04/21 13:23:49.379,2024-04-21 13:23:49.379000+00:00
2024/04/21, 13:24:49.379,41.486,-70.693, 4.60,68.67,67.64,5.97,6.9,7.0,1013.4,1013.3,0.0,0.0,87.88,79.0,312,315,5.1,7.8,57.8,57.8,3.8,6.0,343.9,2.8,1015.5,1015.4,428.91,295.51,1544.45,0.1737,8.4156,130.0,0.0,1441.167, NAN, NAN, NAN, NAN,,2024/04/21 13:24:49.379,2024-04-21 13:24:49.379000+00:00
2024/04/21, 13:25:49.379,41.486,-70.691, 4.86,68.01,67.16,5.98,7.0,7.0,1013.4,1013.3,0.0,0.0,87.88,79.0,306,311,5.2,7.7,57.8,57.1,4.2,6.1,337.8,356.9,1015.5,1015.4,460.62,295.96,1641.7,0.1736,8.4215,130.3,0.0,1441.191, NAN, NAN, NAN, NAN,,2024/04/21 13:25:49.379,2024-04-21 13:25:49.379000+00:00
2024/04/21, 13:26:49.379,41.487,-70.689, 4.86,68.25,67.11,5.96,7.0,7.0,1013.5,1013.3,0.0,0.0,87.88,79.0,294,306,5.0,7.1,56.9,56.0,4.6,5.8,325.4,349.3,1015.6,1015.4,455.12,295.86,1634.29,0.1735,8.4286,130.3,0.0,1441.22, NAN, NAN, NAN, NAN,,2024/04/21 13:26:49.379,2024-04-21 13:26:49.379000+00:00
2024/04/21, 13:27:49.380,41.488,-70.687, 4.75,68.67,68.23,5.98,7.0,7.0,1013.4,1013.4,0.0,0.0,87.88,79.0,296,307,4.9,7.1,56.4,59.3,4.5,5.8,326.7,350.7,1015.5,1015.5,481.66,296.64,1711.08,0.1734,8.4392,130.0,0.0,1441.264, NAN, NAN, NAN, NAN,,2024/04/21 13:27:49.380,2024-04-21 13:27:49.380000+00:00
2024/04/21, 13:28:49.380,41.488,-70.685, 4.81,68.26,67.95,5.99,7.0,7.0,1013.5,1013.4,0.0,0.0,87.88,79.0,312,315,5.1,7.8,58.8,58.1,3.8,6.0,343.3,2.1,1015.6,1015.5,539.12,296.94,1863.39,0.1734,8.4516,130.6,0.0,1441.315, NAN, NAN, NAN, NAN,,2024/04/21 13:28:49.380,2024-04-21 13:28:49.380000+00:00
2024/04/21, 13:29:49.380,41.489,-70.683, 4.85,67.97,68.14,5.94,7.0,7.0,1013.4,1013.4,0.0,0.0,87.88,79.0,312,315,5.6,8.1,57.7,57.5,4.2,6.3,347.4,3.0,1015.5,1015.5,567.85,297.34,1942.03,0.1734,8.4642,130.9,0.0,1441.367, NAN, NAN, NAN, NAN,,2024/04/21 13:29:49.380,2024-04-21 13:29:49.380000+00:00
2024/04/21, 13:30:49.380,41.49,-70.68, 4.93,68.57,68.93,5.87,6.9,7.0,1013.4,1013.3,0.0,0.0,87.88,79.0,316,318,5.3,8.1,57.5,59.2,3.8,6.2,350.7,7.5,1015.5,1015.4,560.33,297.62,1925.27,0.1733,8.4851,131.2,0.0,1441.453, NAN, NAN, NAN, NAN,,2024/04/21 13:30:49.380,2024-04-21 13:30:49.380000+00:00
2024/04/21, 13:31:49.380,41.49,-70.678, 4.90,68.09,68.51,5.86,6.9,6.9,1013.4,1013.4,0.0,0.0,87.88,79.0,300,312,5.4,7.9,59.0,58.5,4.7,6.3,334.3,359.2,1015.5,1015.5,509.8,297.41,1774.57,0.1733,8.5028,130.3,0.0,1441.526, NAN, NAN, NAN, NAN,,2024/04/21 13:31:49.380,2024-04-21 13:31:49.380000+00:00
2024/04/21, 13:32:49.380,41.491,-70.676, 4.58,68.07,68.94,5.83,6.9,6.9,1013.5,1013.4,0.0,0.0,87.88,79.0,301,309,4.7,7.0,58.6,56.4,4.1,5.7,330.1,352.4,1015.6,1015.5,498.98,297.64,1738.44,0.1733,8.5143,130.6,0.0,1441.573, NAN, NAN, NAN, NAN,,2024/04/21 13:32:49.380,2024-04-21 13:32:49.380000+00:00
2024/04/21, 13:33:49.380,41.491,-70.675, 3.95,64.03,67.12,5.03,6.9,6.9,1013.5,1013.4,0.0,0.0,87.88,79.0,299,309,4.3,6.5,56.4,56.7,3.9,5.4,326.7,350.3,1015.6,1015.5,500.62,298.58,1733.88,0.1733,8.5251,130.6,0.0,1441.618, NAN, NAN, NAN, NAN,,2024/04/21 13:33:49.380,2024-04-21 13:33:49.380000+00:00
2024/04/21, 13:34:49.380,41.492,-70.673, 3.43,64.23,66.86,4.39,6.9,6.9,1013.5,1013.4,0.0,0.0,87.88,79.0,290,304,4.7,6.6,56.3,56.5,4.6,5.8,326.1,348.7,1015.6,1015.5,456.95,298.36,1610.97,0.1733,8.5361,130.6,0.0,1441.663, NAN, NAN, NAN, NAN,,2024/04/21 13:34:49.380,2024-04-21 13:34:49.380000+00:00
2024/04/21, 13:35:49.380,41.492,-70.672, 2.25,22.59,48.51,3.04,6.9,6.9,1013.5,1013.4,0.0,0.0,87.88,79.0,314,318,3.9,6.7,56.1,57.0,3.8,6.3,313.2,327.2,1015.6,1015.5,531.24,299.54,1788.49,0.1732,8.5438,130.6,0.0,1441.694, NAN, NAN, NAN, NAN,,2024/04/21 13:35:49.380,2024-04-21 13:35:49.380000+00:00
2024/04/21, 13:36:49.380,41.493,-70.671, 1.17,332.76,32.01,1.94,6.9,6.9,1013.5,1013.4,0.0,0.0,87.88,79.0,352,346,3.2,3.2,57.0,59.9,3.0,3.1,306.6,300.7,1015.6,1015.5,492.96,299.46,1691.62,0.1732,8.5547,131.8,0.0,1441.739, NAN, NAN, NAN, NAN,,2024/04/21 13:36:49.380,2024-04-21 13:36:49.380000+00:00
2024/04/21, 13:37:49.380,41.493,-70.671, 0.63,300.53,28.49,1.11,6.9,6.9,1013.5,1013.4,0.0,0.0,87.88,79.0,34,29,4.0,4.3,59.9,57.3,3.8,4.2,326.6,322.0,1015.6,1015.5,480.94,298.71,1637.75,0.1732,8.5594,131.5,0.0,1441.759, NAN, NAN, NAN, NAN,,2024/04/21 13:37:49.380,2024-04-21 13:37:49.380000+00:00
2024/04/21, 13:38:49.380,41.493,-70.671, 2.11,300.04,315.51,2.24,6.9,6.9,1013.5,1013.4,0.0,0.0,87.88,79.0,58,47,4.9,6.9,57.0,56.2,4.1,6.0,9.1,353.1,1015.6,1015.5,470.3,298.76,1606.53,0.1732,8.562,130.6,0.0,1441.769, NAN, NAN, NAN, NAN,,2024/04/21 13:38:49.380,2024-04-21 13:38:49.380000+00:00
2024/04/21, 13:39:49.380,41.494,-70.672, 5.92,338.68,347.41,6.37,6.9,6.9,1013.5,1013.4,0.0,0.0,87.88,79.0,17,11,6.9,6.5,56.2,56.9,3.7,3.2,4.0,353.2,1015.6,1015.5,465.91,298.48,1601.74,0.1732,8.558,131.2,0.0,1441.753, NAN, NAN, NAN, NAN,,2024/04/21 13:39:49.380,2024-04-21 13:39:49.380000+00:00
2024/04/21, 13:40:49.380,41.497,-70.672, 8.67,355.94,3.71,9.15,6.9,6.9,1013.5,1013.5,0.0,0.0,87.88,79.0,6,359,7.2,6.8,57.5,57.0,2.5,2.3,359.2,337.1,1015.6,1015.6,502.48,298.76,1704.98,0.1732,8.5492,131.2,0.0,1441.717, NAN, NAN, NAN, NAN,,2024/04/21 13:40:49.380,2024-04-21 13:40:49.380000+00:00
2024/04/21, 13:41:49.380,41.499,-70.671, 10.19,3.86,11.69,10.58,6.9,6.9,1013.5,1013.4,0.0,0.0,87.88,79.0,355,348,7.9,7.8,57.1,57.8,2.8,3.2,334.7,317.8,1015.6,1015.5,527.6,299.59,1782.48,0.1732,8.5575,131.5,0.0,1441.751, NAN, NAN, NAN, NAN,,2024/04/21 13:41:49.380,2024-04-21 13:41:49.380000+00:00
2024/04/21, 13:42:49.380,41.502,-70.671, 10.81,2.61,11.04,11.12,6.9,6.9,1013.5,1013.4,0.0,0.0,87.88,79.0,358,351,7.8,7.5,57.6,56.6,2.4,2.7,335.1,313.6,1015.6,1015.5,478.14,299.19,1628.87,0.1731,8.5606,130.6,0.0,1441.763, NAN, NAN, NAN, NAN,,2024/04/21 13:42:49.380,2024-04-21 13:42:49.380000+00:00
2024/04/21, 13:43:49.381,41.505,-70.67, 11.25,1.9,9.89,11.08,6.9,6.9,1013.4,1013.4,0.0,0.0,87.88,79.0,358,351,8.4,8.0,56.2,56.6,2.9,3.0,341.2,320.4,1015.5,1015.5,480.84,299.47,1643.22,0.1731,8.5644,131.8,0.0,1441.779, NAN, NAN, NAN, NAN,,2024/04/21 13:43:49.381,2024-04-21 13:43:49.381000+00:00
2024/04/21, 13:44:49.381,41.508,-70.67, 11.23,349.85,356.45,10.39,6.9,6.9,1013.4,1013.4,0.0,0.0,87.88,79.0,353,347,7.5,7.2,56.5,57.2,2.6,2.8,314.2,297.2,1015.5,1015.5,544.38,301.09,1787.53,0.1731,8.5718,130.9,0.0,1441.809, NAN, NAN, NAN, NAN,,2024/04/21 13:44:49.381,2024-04-21 13:44:49.381000+00:00
2024/04/21, 13:45:49.381,41.511,-70.67, 11.41,345.33,348.41,10.28,6.9,6.9,1013.4,1013.4,0.0,0.0,87.88,79.0,1,354,7.5,7.2,57.5,57.8,2.2,2.1,341.7,316.7,1015.5,1015.5,512.67,301.1,1716.88,0.1731,8.6173,130.6,0.0,1441.996, NAN, NAN, NAN, NAN,,2024/04/21 13:45:49.381,2024-04-21 13:45:49.381000+00:00
2024/04/21, 13:46:49.381,41.514,-70.671, 11.30,344.06,347.53,10.33,6.9,6.9,1013.4,1013.4,0.0,0.0,87.88,79.0,4,358,7.5,7.1,57.8,58.2,2.2,1.9,349.2,326.3,1015.5,1015.5,568.98,301.94,1847.34,0.1731,8.6033,130.9,0.0,1441.939, NAN, NAN, NAN, NAN,,2024/04/21 13:46:49.381,2024-04-21 13:46:49.381000+00:00
2024/04/21, 13:47:49.381,41.517,-70.672, 10.74,343.17,345.57,9.63,6.9,6.9,1013.4,1013.4,0.0,0.0,87.88,79.0,3,356,7.5,7.0,58.1,58.1,2.6,2.1,347.9,324.9,1015.5,1015.5,523.86,302.52,1761.18,0.1731,8.5935,132.1,0.0,1441.899, NAN, NAN, NAN, NAN,,2024/04/21 13:47:49.381,2024-04-21 13:47:49.381000+00:00
2024/04/21, 13:48:49.381,41.519,-70.673, 8.63,340.24,341.46,8.13,6.9,6.9,1013.4,1013.3,0.0,0.0,87.88,79.0,2,356,6.6,6.2,58.1,58.4,2.4,2.1,343.5,325.6,1015.5,1015.4,504.55,302.65,1676.49,0.1731,8.577,131.2,0.0,1441.831, NAN, NAN, NAN, NAN,,2024/04/21 13:48:49.381,2024-04-21 13:48:49.381000+00:00
2024/04/21, 13:49:49.381,41.521,-70.673, 6.85,348.13,350.57,6.15,6.9,6.9,1013.4,1013.3,0.0,0.0,87.88,79.0,10,3,6.4,6.0,58.2,58.1,3.3,2.8,4.9,351.2,1015.5,1015.4,493.35,302.59,1651.13,0.1731,8.5633,130.6,0.0,1441.774, NAN, NAN, NAN, NAN,,2024/04/21 13:49:49.381,2024-04-21 13:49:49.381000+00:00
2024/04/21, 13:50:49.381,41.522,-70.674, 4.31,15.47,10.6,4.07,6.9,7.0,1013.4,1013.3,0.0,0.0,87.88,79.0,344,337,4.3,4.5,57.9,58.5,2.3,2.6,348.9,337.7,1015.5,1015.4,544.54,304.68,1808.08,0.1731,8.5307,130.6,0.0,1441.64, NAN, NAN, NAN, NAN,,2024/04/21 13:50:49.381,2024-04-21 13:50:49.381000+00:00
2024/04/21, 13:51:49.381,41.523,-70.673, 1.56,12.37,23.2,1.26,6.9,7.0,1013.4,1013.3,0.0,0.0,87.88,79.0,325,323,3.4,6.1,58.2,57.8,3.0,5.7,328.6,330.6,1015.5,1015.4,535.07,305.3,1766.57,0.1731,8.5135,130.3,0.0,1441.57, NAN, NAN, NAN, NAN,,2024/04/21 13:51:49.381,2024-04-21 13:51:49.381000+00:00
2024/04/21, 13:52:49.381,41.523,-70.673, -0.24,338.44,83.3,0.36,6.9,7.0,1013.3,1013.3,0.0,0.0,87.88,79.0,329,327,2.9,5.4,57.8,57.6,3.1,5.6,308.7,306.2,1015.4,1015.4,505.74,305.23,1677.54,0.1731,8.5212,130.6,0.0,1441.601, NAN, NAN, NAN, NAN,,2024/04/21 13:52:49.381,2024-04-21 13:52:49.381000+00:00
2024/04/21, 13:53:49.381,41.523,-70.673, -0.98,283.46,123.36,0.74,7.0,7.0,1013.3,1013.3,0.0,0.0,87.88,79.0,25,19,1.7,1.5,57.4,57.4,2.1,1.9,307.3,302.4,1015.4,1015.4,508.38,305.39,1683.37,0.1732,8.5238,130.3,0.0,1441.612, NAN, NAN, NAN, NAN,,2024/04/21 13:53:49.381,2024-04-21 13:53:49.381000+00:00
2024/04/21, 13:54:49.381,41.523,-70.673, 0.07,253.63,88.98,0.62,7.0,7.0,1013.3,1013.3,0.0,0.0,87.88,79.0,80,60,2.6,4.1,57.5,57.7,2.8,4.3,327.8,310.8,1015.4,1015.4,470.85,305.21,1611.85,0.1733,8.5167,130.6,0.0,1441.583, NAN, NAN, NAN, NAN,,2024/04/21 13:54:49.381,2024-04-21 13:54:49.381000+00:00
2024/04/21, 13:55:49.381,41.523,-70.673, -0.64,253.76,59.19,0.48,7.0,7.1,1013.3,1013.3,0.0,0.0,87.88,79.0,77,59,2.7,4.2,57.9,58.3,2.7,4.3,325.5,309.6,1015.4,1015.4,488.98,305.7,1668.22,0.1732,8.5098,130.3,0.0,1441.554, NAN, NAN, NAN, NAN,,2024/04/21 13:55:49.381,2024-04-21 13:55:49.381000+00:00
2024/04/21, 13:56:49.381,41.523,-70.672, -0.72,243.81,56.28,0.6,7.1,7.1,1013.4,1013.4,0.0,0.0,87.88,79.0,75,58,3.1,4.7,58.3,57.4,3.2,4.8,313.3,298.5,1015.5,1015.5,482.11,305.28,1631.94,0.1733,8.5097,130.3,0.0,1441.554, NAN, NAN, NAN, NAN,,2024/04/21 13:56:49.381,2024-04-21 13:56:49.381000+00:00
2024/04/21, 13:57:49.381,41.523,-70.672, -0.21,242.89,70.53,0.68,7.1,7.1,1013.4,1013.4,0.0,0.0,87.88,79.0,64,48,2.1,4.0,57.2,56.7,2.3,4.3,299.8,287.9,1015.5,1015.5,492.01,305.21,1665.89,0.1733,8.5165,130.6,0.0,1441.582, NAN, NAN, NAN, NAN,,2024/04/21 13:57:49.381,2024-04-21 13:57:49.381000+00:00
2024/04/21, 13:58:49.382,41.523,-70.672, -0.49,242.82,74.01,0.34,7.1,7.1,1013.5,1013.4,0.0,0.0,87.88,79.0,73,54,2.3,3.9,56.8,56.8,2.4,4.0,312.1,295.1,1015.6,1015.5,458.44,304.78,1575.64,0.1734,8.5274,129.3,0.0,1441.627, NAN, NAN, NAN, NAN,,2024/04/21 13:58:49.382,2024-04-21 13:58:49.382000+00:00
2024/04/21, 13:59:49.382,41.523,-70.672, -0.23,240.27,44.46,0.24,7.1,7.1,1013.5,1013.5,0.0,0.0,87.88,79.0,65,48,2.4,4.3,56.8,58.9,2.4,4.3,302.4,286.8,1015.6,1015.6,454.04,304.3,1539.93,0.1734,8.5349,129.6,0.0,1441.658, NAN, NAN, NAN, NAN,,2024/04/21 13:59:49.382,2024-04-21 13:59:49.382000+00:00
2024/04/21, 14:00:49.382,41.523,-70.672, -0.41,241.27,54.56,0.39,7.1,7.1,1013.5,1013.5,0.0,0.0,87.88,79.0,65,43,1.9,4.0,58.5,57.1,2.0,4.1,300.8,282.2,1015.6,1015.6,466.95,304.13,1576.92,0.1734,8.5409,129.6,0.0,1441.683, NAN, NAN, NAN, NAN,,2024/04/21 14:00:49.382,2024-04-21 14:00:49.382000+00:00
2024/04/21, 14:01:49.382,41.523,-70.672, -0.26,242.52,311.43,0.06,7.1,7.1,1013.5,1013.4,0.0,0.0,87.88,79.0,43,35,2.4,4.7,57.1,57.7,2.4,4.7,285.0,277.2,1015.6,1015.5,470.23,303.64,1563.61,0.1735,8.5473,130.9,0.0,1441.709, NAN, NAN, NAN, NAN,,2024/04/21 14:01:49.382,2024-04-21 14:01:49.382000+00:00
2024/04/21, 14:02:49.382,41.523,-70.672, -0.21,241.76,345.91,0.07,7.1,7.1,1013.5,1013.4,0.0,0.0,87.88,79.0,31,29,1.8,2.6,57.5,56.8,1.8,2.6,271.6,270.0,1015.6,1015.5,475.55,303.79,1598.73,0.1735,8.5539,129.6,0.0,1441.736, NAN, NAN, NAN, NAN,,2024/04/21 14:02:49.382,2024-04-21 14:02:49.382000+00:00
2024/04/21, 14:03:49.382,41.523,-70.672, 0.01,240.5,352.0,0.08,7.1,7.1,1013.5,1013.4,0.0,0.0,87.88,79.0,46,34,1.7,3.7,56.7,56.4,1.7,3.7,285.6,274.0,1015.6,1015.5,472.11,304.22,1568.27,0.1736,8.5659,130.3,0.0,1441.786, NAN, NAN, NAN, NAN,,2024/04/21 14:03:49.382,2024-04-21 14:03:49.382000+00:00
2024/04/21, 14:04:49.382,41.523,-70.672, 0.05,243.33,46.87,0.03,7.1,7.1,1013.5,1013.4,0.0,0.0,87.88,79.0,50,36,1.6,3.8,56.2,56.4,1.6,3.8,293.1,279.3,1015.6,1015.5,430.58,304.46,1469.86,0.1736,8.5776,129.3,0.0,1441.834, NAN, NAN, NAN, NAN,,2024/04/21 14:04:49.382,2024-04-21 14:04:49.382000+00:00
2024/04/21, 14:05:49.382,41.523,-70.672, -0.03,243.64,349.44,0.01,7.1,7.1,1013.5,1013.5,0.0,0.0,87.88,79.0,33,24,1.1,1.5,56.3,56.1,1.1,1.5,276.6,267.6,1015.6,1015.6,458.71,305.3,1547.19,0.1737,8.5845,131.8,0.0,1441.862, NAN, NAN, NAN, NAN,,2024/04/21 14:05:49.382,2024-04-21 14:05:49.382000+00:00
2024/04/21, 14:06:49.382,41.523,-70.672, -0.01,243.44,236.18,0.03,7.1,7.2,1013.5,1013.4,0.0,0.0,87.88,79.0,54,39,1.8,4.1,56.1,56.5,1.8,4.1,297.9,282.6,1015.6,1015.5,454.42,305.75,1531.8,0.1738,8.5877,129.3,0.0,1441.876, NAN, NAN, NAN, NAN,,2024/04/21 14:06:49.382,2024-04-21 14:06:49.382000+00:00
2024/04/21, 14:07:49.382,41.523,-70.672, -0.04,243.27,171.24,0.02,7.1,7.2,1013.5,1013.5,0.0,0.0,87.88,79.0,43,33,1.6,3.8,56.7,56.2,1.6,3.8,286.2,276.3,1015.6,1015.6,436.8,305.55,1496.66,0.1739,8.5856,130.6,0.0,1441.867, NAN, NAN, NAN, NAN,,2024/04/21 14:07:49.382,2024-04-21 14:07:49.382000+00:00
2024/04/21, 14:08:49.382,41.523,-70.672, -0.08,243.68,136.18,0.05,7.1,7.2,1013.5,1013.5,0.0,0.0,87.88,79.0,45,36,1.8,4.0,56.3,56.0,1.8,4.0,288.8,279.8,1015.6,1015.6,459.31,305.85,1543.73,0.1739,8.5858,129.1,0.0,1441.868, NAN, NAN, NAN, NAN,,2024/04/21 14:08:49.382,2024-04-21 14:08:49.382000+00:00
2024/04/21, 14:09:49.382,41.523,-70.672, -0.03,243.57,146.55,0.02,7.1,7.2,1013.5,1013.5,0.0,0.0,87.88,79.0,42,34,1.7,3.9,56.0,56.1,1.7,3.9,285.7,277.6,1015.6,1015.6,432.87,305.37,1474.83,0.174,8.5868,129.1,0.0,1441.872, NAN, NAN, NAN, NAN,,2024/04/21 14:09:49.382,2024-04-21 14:09:49.382000+00:00
2024/04/21, 14:10:49.382,41.523,-70.672, -0.02,243.56,155.63,0.01,7.1,7.2,1013.5,1013.5,0.0,0.0,87.88,79.0,38,31,2.0,3.8,56.2,55.9,2.0,3.8,281.5,274.6,1015.6,1015.6,448.82,305.63,1514.96,0.1741,8.5869,128.8,0.0,1441.873, NAN, NAN, NAN, NAN,,2024/04/21 14:10:49.382,2024-04-21 14:10:49.382000+00:00
2024/04/21, 14:11:49.382,41.523,-70.672, -0.01,243.6,306.09,0.01,7.1,7.2,1013.5,1013.5,0.0,0.0,87.88,79.0,43,31,1.3,3.1,55.9,55.8,1.3,3.1,286.4,274.5,1015.6,1015.6,474.58,306.45,1583.92,0.1741,8.589,129.1,0.0,1441.881, NAN, NAN, NAN, NAN,,2024/04/21 14:11:49.382,2024-04-21 14:11:49.382000+00:00
2024/04/21, 14:12:49.382,41.523,-70.672, -0.04,243.65,316.18,0.01,7.1,7.2,1013.5,1013.5,0.0,0.0,87.88,79.0,32,24,1.5,1.6,55.8,56.2,1.5,1.6,275.6,267.6,1015.6,1015.6,490.44,306.77,1622.65,0.1742,8.5968,129.1,0.0,1441.913, NAN, NAN, NAN, NAN,,2024/04/21 14:12:49.382,2024-04-21 14:12:49.382000+00:00
2024/04/21, 14:13:49.382,41.523,-70.672, -0.02,243.67,265.54,0.01,7.2,7.2,1013.5,1013.4,0.0,0.0,87.88,79.0,32,24,1.2,1.8,56.0,55.2,1.2,1.8,275.7,267.7,1015.6,1015.5,506.94,307.95,1661.84,0.1743,8.605,129.1,0.0,1441.947, NAN, NAN, NAN, NAN,,2024/04/21 14:13:49.382,2024-04-21 14:13:49.382000+00:00
2024/04/21, 14:14:49.383,41.523,-70.672, -0.04,243.64,322.77,0.01,7.2,7.3,1013.5,1013.4,0.0,0.0,87.88,79.0,11,5,0.6,0.7,55.3,55.8,0.6,0.7,254.9,248.9,1015.6,1015.5,489.07,308.71,1616.59,0.1744,8.6111,129.1,0.0,1441.972, NAN, NAN, NAN, NAN,,2024/04/21 14:14:49.383,2024-04-21 14:14:49.383000+00:00
2024/04/21, 14:15:49.383,41.523,-70.672, 0.00,243.74,299.98,0.01,7.2,7.3,1013.4,1013.4,0.0,0.0,87.88,79.0,18,20,0.8,1.1,55.7,55.8,0.8,1.1,261.4,263.5,1015.5,1015.5,490.89,308.89,1629.31,0.1744,8.6157,128.8,0.0,1441.991, NAN, NAN, NAN, NAN,,2024/04/21 14:15:49.383,2024-04-21 14:15:49.383000+00:00
2024/04/21, 14:16:49.383,41.523,-70.672, -0.04,243.7,138.11,0.01,7.2,7.3,1013.4,1013.4,0.0,0.0,87.88,79.0,50,38,1.5,3.6,56.3,56.9,1.5,3.6,293.7,281.7,1015.5,1015.5,491.39,309.01,1620.69,0.1745,8.621,129.1,0.0,1442.013, NAN, NAN, NAN, NAN,,2024/04/21 14:16:49.383,2024-04-21 14:16:49.383000+00:00
2024/04/21, 14:17:49.383,41.523,-70.672, -0.01,243.86,139.49,0.01,7.3,7.3,1013.4,1013.4,0.0,0.0,87.88,79.0,58,38,1.0,3.5,56.9,55.5,1.0,3.5,302.0,281.9,1015.5,1015.5,490.36,309.46,1640.83,0.1746,8.6305,128.8,0.0,1442.052, NAN, NAN, NAN, NAN,,2024/04/21 14:17:49.383,2024-04-21 14:17:49.383000+00:00
2024/04/21, 14:18:49.383,41.523,-70.672, -0.03,244.21,138.72,0.01,7.3,7.3,1013.5,1013.4,0.0,0.0,87.88,79.0,29,22,1.6,1.6,55.6,55.5,1.6,1.6,273.4,266.4,1015.6,1015.5,492.41,308.69,1633.57,0.1747,8.6448,128.4,0.0,1442.111, NAN, NAN, NAN, NAN,,2024/04/21 14:18:49.383,2024-04-21 14:18:49.383000+00:00
2024/04/21, 14:19:49.383,41.523,-70.672, -0.07,244.31,349.52,0.01,7.3,7.4,1013.5,1013.4,0.0,0.0,87.88,79.0,12,5,1.9,1.7,55.5,54.7,1.9,1.7,256.2,249.1,1015.6,1015.5,540.7,309.1,1740.76,0.1747,8.6531,128.4,0.0,1442.145, NAN, NAN, NAN, NAN,,2024/04/21 14:19:49.383,2024-04-21 14:19:49.383000+00:00
2024/04/21, 14:20:49.383,41.523,-70.672, -0.07,243.93,240.83,0.01,7.3,7.3,1013.5,1013.5,0.0,0.0,87.88,79.0,27,21,2.2,2.0,54.8,54.2,2.2,2.0,270.9,264.9,1015.6,1015.6,510.13,308.79,1683.31,0.1748,8.6528,128.4,0.0,1442.144, NAN, NAN, NAN, NAN,,2024/04/21 14:20:49.383,2024-04-21 14:20:49.383000+00:00
2024/04/21, 14:21:49.383,41.523,-70.672, -0.08,244.04,4.22,0.0,7.3,7.3,1013.5,1013.6,0.0,0.0,87.88,79.0,20,12,1.6,1.4,53.6,53.1,1.6,1.4,264.0,256.0,1015.6,1015.7,570.52,310.24,1849.99,0.1748,8.6489,128.8,0.0,1442.128, NAN, NAN, NAN, NAN,,2024/04/21 14:21:49.383,2024-04-21 14:21:49.383000+00:00
2024/04/21, 14:22:49.383,41.523,-70.672, -0.05,244.04,225.48,0.0,7.3,7.4,1013.6,1013.6,0.0,0.0,87.88,79.0,28,19,1.0,1.0,53.3,53.6,1.0,1.0,272.0,263.0,1015.7,1015.7,475.66,310.45,1564.43,0.1749,8.6403,128.8,0.0,1442.093, NAN, NAN, NAN, NAN,,2024/04/21 14:22:49.383,2024-04-21 14:22:49.383000+00:00
2024/04/21, 14:23:49.383,41.523,-70.672, -0.05,244.08,333.01,0.0,7.3,7.4,1013.6,1013.5,0.0,0.0,87.88,79.0,47,36,1.6,3.8,53.7,54.8,1.6,3.8,291.1,280.1,1015.7,1015.6,489.28,310.44,1616.16,0.175,8.6449,128.8,0.0,1442.112, NAN, NAN, NAN, NAN,,2024/04/21 14:23:49.383,2024-04-21 14:23:49.383000+00:00
2024/04/21, 14:24:49.383,41.523,-70.672, -0.05,244.1,319.37,0.0,7.4,7.4,1013.6,1013.5,0.0,0.0,87.88,79.0,5,354,1.5,1.2,54.9,56.9,1.5,1.2,249.1,238.1,1015.7,1015.6,503.05,310.51,1651.43,0.175,8.6568,128.4,0.0,1442.161, NAN, NAN, NAN, NAN,,2024/04/21 14:24:49.383,2024-04-21 14:24:49.383000+00:00
2024/04/21, 14:25:49.383,41.523,-70.672, -0.04,244.29,331.82,0.05,7.3,7.4,1013.5,1013.4,0.0,0.0,87.88,79.0,13,8,1.8,1.2,57.0,56.8,1.8,1.2,256.5,251.1,1015.6,1015.5,453.68,310.29,1549.31,0.1751,8.669,128.8,0.0,1442.211, NAN, NAN, NAN, NAN,,2024/04/21 14:25:49.383,2024-04-21 14:25:49.383000+00:00
2024/04/21, 14:26:49.383,41.523,-70.672, NAN,244.3,124.07,0.0,7.3,7.4,1013.4,1013.4,0.0,0.0,87.88,79.0,14,2,1.5,1.4,56.8,57.6,1.5,1.4,258.3,246.3,1015.5,1015.5,434.78,309.75,1496.57,0.1751,8.6786,128.8,0.0,1442.25, NAN, NAN, NAN, NAN,,2024/04/21 14:26:49.383,2024-04-21 14:26:49.383000+00:00
2024/04/21, 14:27:49.383,41.523,-70.672, NAN,244.17,218.86,0.0,7.3,7.4,1013.4,1013.4,0.0,0.0,87.88,79.0,3,356,1.2,1.4,57.8,57.5,1.2,1.4,247.2,240.2,1015.5,1015.5,440.84,309.12,1492.05,0.1751,8.6893,128.8,0.0,1442.294, NAN, NAN, NAN, NAN,,2024/04/21 14:27:49.383,2024-04-21 14:27:49.383000+00:00
2024/04/21, 14:28:49.383,41.523,-70.672, NAN,244.14,179.27,0.02,7.3,7.3,1013.5,1013.4,0.0,0.0,87.88,79.0,9,0,1.9,1.8,57.6,56.1,1.9,1.8,253.4,244.5,1015.6,1015.5,426.86,308.42,1463.7,0.1751,8.6963,128.8,0.0,1442.323, NAN, NAN, NAN, NAN,,2024/04/21 14:28:49.383,2024-04-21 14:28:49.383000+00:00
2024/04/21, 14:29:49.383,41.523,-70.672, NAN,244.24,164.65,0.02,7.3,7.3,1013.4,1013.4,0.0,0.0,87.88,79.0,0,349,1.3,1.2,56.0,56.4,1.3,1.2,244.7,233.7,1015.5,1015.5,481.1,308.82,1604.68,0.1752,8.7023,128.4,0.0,1442.348, NAN, NAN, NAN, NAN,,2024/04/21 14:29:49.383,2024-04-21 14:29:49.383000+00:00
2024/04/21, 14:30:49.384,41.523,-70.672, NAN,244.13,159.76,0.0,7.3,7.3,1013.4,1013.3,0.0,0.0,87.88,79.0,336,330,1.0,2.9,56.3,56.6,1.0,2.9,220.1,214.1,1015.5,1015.4,446.56,309.09,1511.96,0.1752,8.6987,128.4,0.0,1442.333, NAN, NAN, NAN, NAN,,2024/04/21 14:30:49.384,2024-04-21 14:30:49.384000+00:00
2024/04/21, 14:31:49.384,41.523,-70.672, NAN,244.16,310.64,0.02,7.3,7.4,1013.4,1013.3,0.0,0.0,87.88,79.0,4,355,1.4,1.3,56.6,55.8,1.4,1.3,247.7,238.7,1015.5,1015.4,476.34,309.28,1600.6,0.1753,8.695,129.1,0.0,1442.318, NAN, NAN, NAN, NAN,,2024/04/21 14:31:49.384,2024-04-21 14:31:49.384000+00:00
2024/04/21, 14:32:49.384,41.523,-70.672, NAN,244.14,198.57,0.02,7.3,7.4,1013.3,1013.3,0.0,0.0,87.88,79.0,18,8,0.8,0.7,55.6,55.2,0.8,0.7,262.8,253.0,1015.4,1015.4,511.4,310.55,1661.98,0.1753,8.692,128.1,0.0,1442.306, NAN, NAN, NAN, NAN,,2024/04/21 14:32:49.384,2024-04-21 14:32:49.384000+00:00
2024/04/21, 14:33:49.384,41.523,-70.672, NAN,244.06,128.07,0.02,7.3,7.4,1013.3,1013.3,0.0,0.0,87.88,79.0,24,21,1.1,1.4,55.1,56.8,1.1,1.4,268.5,265.4,1015.4,1015.4,529.75,311.21,1705.66,0.1753,8.6914,128.1,0.0,1442.303, NAN, NAN, NAN, NAN,,2024/04/21 14:33:49.384,2024-04-21 14:33:49.384000+00:00
2024/04/21, 14:34:49.384,41.523,-70.672, NAN,244.08,185.17,0.01,7.4,7.4,1013.3,1013.2,0.0,0.0,87.88,79.0,28,26,1.2,1.5,56.8,53.8,1.2,1.5,272.1,270.1,1015.4,1015.3,520.41,312.04,1666.38,0.1753,8.6894,128.1,0.0,1442.295, NAN, NAN, NAN, NAN,,2024/04/21 14:34:49.384,2024-04-21 14:34:49.384000+00:00
2024/04/21, 14:35:49.384,41.523,-70.672, NAN,244.08,125.28,0.01,7.4,7.4,1013.3,1013.2,0.0,0.0,87.88,79.0,66,45,1.5,3.6,53.6,55.9,1.5,3.6,310.2,289.1,1015.4,1015.3,505.88,312.73,1668.32,0.1753,8.6819,127.8,0.0,1442.264, NAN, NAN, NAN, NAN,,2024/04/21 14:35:49.384,2024-04-21 14:35:49.384000+00:00
2024/04/21, 14:36:49.384,41.523,-70.672, NAN,244.04,146.34,0.02,7.4,7.4,1013.3,1013.2,0.0,0.0,87.88,79.0,72,41,1.0,3.0,55.8,54.7,1.0,3.0,316.2,285.2,1015.4,1015.3,476.17,313.14,1573.85,0.1754,8.6723,128.4,0.0,1442.225, NAN, NAN, NAN, NAN,,2024/04/21 14:36:49.384,2024-04-21 14:36:49.384000+00:00
2024/04/21, 14:37:49.384,41.523,-70.672, NAN,244.02,328.82,0.01,7.4,7.4,1013.2,1013.2,0.0,0.0,87.88,79.0,49,35,1.3,3.4,54.8,54.9,1.3,3.4,293.0,279.0,1015.3,1015.3,430.67,312.81,1469.19,0.1754,8.6659,127.6,0.0,1442.199, NAN, NAN, NAN, NAN,,2024/04/21 14:37:49.384,2024-04-21 14:37:49.384000+00:00
2024/04/21, 14:38:49.384,41.523,-70.672, NAN,244.0,1.1,0.01,7.4,7.5,1013.2,1013.2,0.0,0.0,87.88,79.0,49,34,1.0,3.3,54.9,55.5,1.0,3.3,292.7,277.9,1015.3,1015.3,462.55,313.22,1544.4,0.1754,8.6619,128.4,0.0,1442.182, NAN, NAN, NAN, NAN,,2024/04/21 14:38:49.384,2024-04-21 14:38:49.384000+00:00
2024/04/21, 14:39:49.384,41.523,-70.672, NAN,243.97,140.89,0.01,7.4,7.4,1013.2,1013.3,0.0,0.0,87.88,79.0,49,35,1.1,3.1,55.7,55.7,1.1,3.1,292.7,278.9,1015.3,1015.4,453.3,313.25,1522.26,0.1754,8.6578,128.1,0.0,1442.165, NAN, NAN, NAN, NAN,,2024/04/21 14:39:49.384,2024-04-21 14:39:49.384000+00:00
2024/04/21, 14:40:49.384,41.523,-70.672, NAN,243.84,157.07,0.02,7.4,7.5,1013.3,1013.2,0.0,0.0,87.88,79.0,43,34,1.9,4.2,56.0,55.9,1.9,4.2,287.0,277.9,1015.4,1015.3,470.31,312.79,1533.95,0.1754,8.6543,128.4,0.0,1442.151, NAN, NAN, NAN, NAN,,2024/04/21 14:40:49.384,2024-04-21 14:40:49.384000+00:00
2024/04/21, 14:41:49.384,41.523,-70.672, NAN,243.87,345.38,0.01,7.4,7.4,1013.3,1013.3,0.0,0.0,87.88,79.0,36,28,1.6,2.0,54.9,55.6,1.6,2.0,279.7,271.7,1015.4,1015.4,449.75,312.82,1496.67,0.1754,8.6531,127.8,0.0,1442.146, NAN, NAN, NAN, NAN,,2024/04/21 14:41:49.384,2024-04-21 14:41:49.384000+00:00
2024/04/21, 14:42:49.384,41.523,-70.672, NAN,243.77,152.67,0.05,7.4,7.4,1013.3,1013.3,0.0,0.0,87.88,79.0,43,35,1.3,3.5,55.1,54.8,1.3,3.5,287.6,279.1,1015.4,1015.4,424.22,313.29,1437.56,0.1754,8.653,127.8,0.0,1442.146, NAN, NAN, NAN, NAN,,2024/04/21 14:42:49.384,2024-04-21 14:42:49.384000+00:00
2024/04/21, 14:43:49.384,41.523,-70.672, NAN,243.61,344.86,0.01,7.4,7.4,1013.3,1013.3,0.0,0.0,87.88,79.0,36,27,1.6,2.3,54.8,55.4,1.6,2.3,279.5,270.5,1015.4,1015.4,398.54,313.19,1375.25,0.1754,8.6566,127.8,0.0,1442.161, NAN, NAN, NAN, NAN,,2024/04/21 14:43:49.384,2024-04-21 14:43:49.384000+00:00
2024/04/21, 14:44:49.384,41.523,-70.672, NAN,243.66,339.63,0.03,7.4,7.4,1013.3,1013.3,0.0,0.0,87.88,79.0,34,25,1.5,1.4,55.2,54.3,1.5,1.4,277.2,268.1,1015.4,1015.4,405.76,313.11,1393.29,0.1755,8.6592,128.1,0.0,1442.171, NAN, NAN, NAN, NAN,,2024/04/21 14:44:49.384,2024-04-21 14:44:49.384000+00:00
2024/04/21, 14:45:49.385,41.523,-70.672, NAN,243.54,152.01,0.03,7.4,7.4,1013.3,1013.3,0.0,0.0,87.88,79.0,28,26,1.7,1.5,54.3,54.4,1.7,1.5,272.0,270.0,1015.4,1015.4,401.0,313.59,1377.44,0.1755,8.6677,128.4,0.0,1442.206, NAN, NAN, NAN, NAN,,2024/04/21 14:45:49.385,2024-04-21 14:45:49.385000+00:00
2024/04/21, 14:46:49.385,41.523,-70.672, NAN,243.47,323.51,0.02,7.4,7.4,1013.3,1013.3,0.0,0.0,87.88,79.0,32,25,1.3,1.4,54.2,54.3,1.3,1.4,275.9,268.9,1015.4,1015.4,416.11,314.26,1425.31,0.1755,8.6758,128.1,0.0,1442.239, NAN, NAN, NAN, NAN,,2024/04/21 14:46:49.385,2024-04-21 14:46:49.385000+00:00
2024/04/21, 14:47:49.385,41.523,-70.672, NAN,243.33,33.6,0.01,7.4,7.5,1013.3,1013.3,0.0,0.0,87.88,79.0,51,38,1.6,3.8,53.4,54.9,1.6,3.8,294.2,281.3,1015.4,1015.4,404.56,314.57,1393.15,0.1755,8.6881,128.4,0.0,1442.29, NAN, NAN, NAN, NAN,,2024/04/21 14:47:49.385,2024-04-21 14:47:49.385000+00:00
2024/04/21, 14:48:49.385,41.523,-70.672, NAN,243.52,314.55,0.01,7.5,7.5,1013.3,1013.3,0.0,0.0,87.88,79.0,56,39,1.4,3.7,54.9,52.6,1.4,3.7,299.7,282.6,1015.4,1015.4,411.31,314.41,1413.92,0.1755,8.699,128.4,0.0,1442.334, NAN, NAN, NAN, NAN,,2024/04/21 14:48:49.385,2024-04-21 14:48:49.385000+00:00
2024/04/21, 14:49:49.385,41.523,-70.672, NAN,243.45,154.49,0.0,7.5,7.5,1013.3,1013.2,0.0,0.0,87.88,79.0,61,45,1.9,4.0,52.2,54.0,1.9,4.0,304.4,288.4,1015.4,1015.3,423.13,314.61,1441.2,0.1756,8.7031,128.1,0.0,1442.351, NAN, NAN, NAN, NAN,,2024/04/21 14:49:49.385,2024-04-21 14:49:49.385000+00:00
2024/04/21, 14:50:49.385,41.523,-70.672, NAN,243.42,123.6,0.0,7.5,7.5,1013.3,1013.2,0.0,0.0,87.88,79.0,52,39,1.6,3.7,53.5,53.7,1.6,3.7,295.4,282.4,1015.4,1015.3,442.52,314.91,1476.83,0.1756,8.7091,127.8,0.0,1442.376, NAN, NAN, NAN, NAN,,2024/04/21 14:50:49.385,2024-04-21 14:50:49.385000+00:00
2024/04/21, 14:51:49.385,41.523,-70.672, NAN,243.4,128.54,0.02,7.5,7.5,1013.2,1013.2,0.0,0.0,87.88,79.0,32,30,1.5,2.6,53.6,53.8,1.5,2.6,275.6,273.5,1015.3,1015.3,452.14,315.7,1509.69,0.1756,8.7036,128.4,0.0,1442.353, NAN, NAN, NAN, NAN,,2024/04/21 14:51:49.385,2024-04-21 14:51:49.385000+00:00
2024/04/21, 14:52:49.385,41.523,-70.672, NAN,243.36,345.05,0.01,7.5,7.5,1013.3,1013.2,0.0,0.0,87.88,79.0,37,32,1.9,3.7,54.1,55.1,1.9,3.7,280.2,275.3,1015.4,1015.3,467.75,315.45,1543.39,0.1756,8.6968,128.1,0.0,1442.326, NAN, NAN, NAN, NAN,,2024/04/21 14:52:49.385,2024-04-21 14:52:49.385000+00:00
2024/04/21, 14:53:49.385,41.523,-70.672, NAN,243.33,104.89,0.0,7.5,7.5,1013.3,1013.3,0.0,0.0,87.88,79.0,24,15,2.0,1.9,54.8,54.3,2.0,1.9,267.3,258.3,1015.4,1015.4,462.28,315.39,1530.36,0.1756,8.6924,127.6,0.0,1442.308, NAN, NAN, NAN, NAN,,2024/04/21 14:53:49.385,2024-04-21 14:53:49.385000+00:00
2024/04/21, 14:54:49.385,41.523,-70.672, NAN,243.31,146.32,0.02,7.5,7.5,1013.3,1013.3,0.0,0.0,87.88,79.0,6,358,2.1,1.9,54.6,55.0,2.1,1.9,249.6,241.6,1015.4,1015.4,444.12,315.1,1484.26,0.1756,8.6953,128.1,0.0,1442.319, NAN, NAN, NAN, NAN,,2024/04/21 14:54:49.385,2024-04-21 14:54:49.385000+00:00
2024/04/21, 14:55:49.385,41.523,-70.672, NAN,243.33,10.62,0.01,7.5,7.5,1013.3,1013.3,0.0,0.0,87.88,79.0,354,346,2.0,2.0,54.5,54.7,2.0,2.0,237.3,229.3,1015.4,1015.4,446.24,315.0,1481.39,0.1757,8.6991,127.8,0.0,1442.335, NAN, NAN, NAN, NAN,,2024/04/21 14:55:49.385,2024-04-21 14:55:49.385000+00:00
2024/04/21, 14:56:49.385,41.523,-70.672, NAN,243.38,125.37,0.0,7.5,7.5,1013.3,1013.3,0.0,0.0,87.88,79.0,353,344,2.2,2.1,54.8,53.3,2.2,2.1,236.4,227.4,1015.4,1015.4,452.71,315.02,1499.8,0.1758,8.7013,128.1,0.0,1442.344, NAN, NAN, NAN, NAN,,2024/04/21 14:56:49.385,2024-04-21 14:56:49.385000+00:00
2024/04/21, 14:57:49.385,41.523,-70.672, NAN,243.29,296.29,0.0,7.4,7.4,1013.3,1013.3,0.0,0.0,87.88,79.0,10,6,2.5,2.3,53.1,54.5,2.5,2.3,253.3,249.3,1015.4,1015.4,450.74,314.19,1492.64,0.1758,8.7066,127.6,0.0,1442.366, NAN, NAN, NAN, NAN,,2024/04/21 14:57:49.385,2024-04-21 14:57:49.385000+00:00
2024/04/21, 14:58:49.385,41.523,-70.672, NAN,243.25,313.76,0.02,7.4,7.4,1013.3,1013.3,0.0,0.0,87.88,79.0,3,355,1.8,1.8,54.5,54.8,1.8,1.8,245.9,237.9,1015.4,1015.4,463.79,314.95,1527.79,0.1758,8.7154,127.8,0.0,1442.402, NAN, NAN, NAN, NAN,,2024/04/21 14:58:49.385,2024-04-21 14:58:49.385000+00:00
2024/04/21, 14:59:49.385,41.523,-70.672, NAN,243.2,110.07,0.0,7.4,7.5,1013.3,1013.2,0.0,0.0,87.88,79.0,2,357,2.1,1.8,54.8,55.2,2.1,1.8,245.2,240.2,1015.4,1015.3,439.95,315.5,1469.98,0.1758,8.7234,127.6,0.0,1442.435, NAN, NAN, NAN, NAN,,2024/04/21 14:59:49.385,2024-04-21 14:59:49.385000+00:00
2024/04/21, 15:00:49.385,41.523,-70.672, NAN,243.2,17.3,0.01,7.4,7.5,1013.3,1013.2,0.0,0.0,87.88,79.0,13,1,1.7,1.6,56.1,55.1,1.7,1.6,256.3,244.4,1015.4,1015.3,418.47,315.68,1412.17,0.1758,8.7312,127.6,0.0,1442.467, NAN, NAN, NAN, NAN,,2024/04/21 15:00:49.385,2024-04-21 15:00:49.385000+00:00
2024/04/21, 15:01:49.386,41.523,-70.672, NAN,243.24,325.01,0.01,7.4,7.5,1013.3,1013.2,0.0,0.0,87.88,79.0,20,13,2.0,1.8,55.6,55.6,2.0,1.8,263.4,256.4,1015.4,1015.3,403.86,315.64,1382.94,0.1759,8.7445,127.6,0.0,1442.521, NAN, NAN, NAN, NAN,,2024/04/21 15:01:49.386,2024-04-21 15:01:49.386000+00:00
2024/04/21, 15:02:49.386,41.523,-70.672, NAN,243.21,88.09,0.01,7.4,7.5,1013.3,1013.2,0.0,0.0,87.88,79.0,14,6,1.8,1.6,55.2,55.5,1.8,1.6,257.3,249.4,1015.4,1015.3,397.07,315.84,1367.04,0.1758,8.753,128.8,0.0,1442.556, NAN, NAN, NAN, NAN,,2024/04/21 15:02:49.386,2024-04-21 15:02:49.386000+00:00
2024/04/21, 15:03:49.386,41.523,-70.672, NAN,243.2,334.35,0.0,7.4,7.5,1013.3,1013.3,0.0,0.0,87.88,79.0,4,355,2.0,1.8,55.6,54.9,2.0,1.8,247.2,238.2,1015.4,1015.4,402.62,316.0,1380.22,0.1759,8.7538,128.1,0.0,1442.559, NAN, NAN, NAN, NAN,,2024/04/21 15:03:49.386,2024-04-21 15:03:49.386000+00:00
2024/04/21, 15:04:49.386,41.523,-70.672, NAN,243.16,277.94,0.01,7.4,7.5,1013.3,1013.2,0.0,0.0,87.88,79.0,359,353,1.7,1.7,54.8,55.8,1.7,1.7,242.0,236.0,1015.4,1015.3,401.47,316.36,1375.58,0.1762,8.7541,127.8,0.0,1442.561, NAN, NAN, NAN, NAN,,2024/04/21 15:04:49.386,2024-04-21 15:04:49.386000+00:00
2024/04/21, 15:05:49.386,41.523,-70.672, NAN,243.13,167.37,0.01,7.4,7.5,1013.3,1013.2,0.0,0.0,87.88,79.0,5,357,1.7,1.6,56.1,56.3,1.7,1.6,248.3,240.3,1015.4,1015.3,398.27,316.59,1373.04,0.176,8.7576,128.8,0.0,1442.575, NAN, NAN, NAN, NAN,,2024/04/21 15:05:49.386,2024-04-21 15:05:49.386000+00:00
2024/04/21, 15:06:49.386,41.523,-70.672, NAN,243.12,86.68,0.0,7.5,7.5,1013.2,1013.1,0.0,0.0,87.88,79.0,340,331,1.3,2.7,55.9,54.6,1.3,2.7,223.1,214.1,1015.3,1015.2,400.03,317.35,1380.56,0.176,8.762,128.1,0.4,1442.593, NAN, NAN, NAN, NAN,,2024/04/21 15:06:49.386,2024-04-21 15:06:49.386000+00:00
2024/04/21, 15:07:49.386,41.523,-70.672, NAN,243.16,185.24,0.0,7.5,7.6,1013.2,1013.1,0.0,0.0,87.88,79.0,327,327,1.2,2.7,54.6,56.5,1.2,2.7,210.2,210.2,1015.3,1015.2,401.21,317.76,1385.58,0.1761,8.765,128.1,0.0,1442.605, NAN, NAN, NAN, NAN,,2024/04/21 15:07:49.386,2024-04-21 15:07:49.386000+00:00
2024/04/21, 15:08:49.386,41.523,-70.672, NAN,243.16,234.51,0.0,7.5,7.6,1013.2,1013.1,0.0,0.0,87.88,79.0,320,315,1.2,3.4,56.5,56.8,1.2,3.4,203.2,198.2,1015.3,1015.2,408.63,317.71,1403.46,0.1761,8.7691,128.1,0.0,1442.622, NAN, NAN, NAN, NAN,,2024/04/21 15:08:49.386,2024-04-21 15:08:49.386000+00:00
2024/04/21, 15:09:49.386,41.523,-70.672, NAN,243.12,346.09,0.01,7.5,7.6,1013.2,1013.2,0.0,0.0,87.88,79.0,310,321,1.2,3.7,56.7,55.8,1.2,3.7,193.0,204.1,1015.3,1015.3,411.44,318.04,1413.56,0.1762,8.7731,128.1,0.0,1442.639, NAN, NAN, NAN, NAN,,2024/04/21 15:09:49.386,2024-04-21 15:09:49.386000+00:00
2024/04/21, 15:10:49.386,41.523,-70.672, NAN,243.12,204.86,0.0,7.6,7.6,1013.2,1013.2,0.0,0.0,87.88,79.0,338,331,0.8,2.4,55.8,55.3,0.8,2.4,221.1,214.1,1015.3,1015.3,406.23,318.15,1401.68,0.1762,8.7813,128.4,0.0,1442.672, NAN, NAN, NAN, NAN,,2024/04/21 15:10:49.386,2024-04-21 15:10:49.386000+00:00
2024/04/21, 15:11:49.386,41.523,-70.672, NAN,243.08,16.67,0.01,7.6,7.6,1013.2,1013.2,0.0,0.0,87.88,79.0,20,4,0.8,1.2,55.3,55.8,0.8,1.2,263.4,247.3,1015.3,1015.3,414.65,318.44,1420.98,0.1763,8.7893,128.8,0.0,1442.705, NAN, NAN, NAN, NAN,,2024/04/21 15:11:49.386,2024-04-21 15:11:49.386000+00:00
2024/04/21, 15:12:49.386,41.523,-70.672, NAN,243.08,288.6,0.0,7.6,7.6,1013.2,1013.2,0.0,0.0,87.88,79.0,65,41,1.5,3.9,56.0,57.4,1.5,3.9,308.1,284.1,1015.3,1015.3,421.8,318.26,1436.72,0.1763,8.7942,128.4,0.0,1442.725, NAN, NAN, NAN, NAN,,2024/04/21 15:12:49.386,2024-04-21 15:12:49.386000+00:00
2024/04/21, 15:13:49.386,41.523,-70.672, NAN,243.05,329.75,0.02,7.6,7.6,1013.2,1013.2,0.0,0.0,87.88,79.0,74,44,1.1,3.1,57.2,57.9,1.1,3.1,317.1,287.0,1015.3,1015.3,434.84,319.24,1462.91,0.1764,8.796,128.1,0.0,1442.733, NAN, NAN, NAN, NAN,,2024/04/21 15:13:49.386,2024-04-21 15:13:49.386000+00:00
2024/04/21, 15:14:49.386,41.523,-70.672, NAN,243.03,136.19,0.0,7.6,7.6,1013.2,1013.1,0.0,0.0,87.88,79.0,84,40,0.6,2.6,58.5,57.9,0.6,2.6,327.0,283.0,1015.3,1015.2,447.66,320.02,1492.68,0.1765,8.784,128.4,0.0,1442.684, NAN, NAN, NAN, NAN,,2024/04/21 15:14:49.386,2024-04-21 15:14:49.386000+00:00
2024/04/21, 15:15:49.386,41.523,-70.672, NAN,242.72,147.06,0.04,7.6,7.7,1013.2,1013.1,0.0,0.0,87.88,79.0,290,309,2.6,4.7,57.5,56.7,2.6,4.7,172.9,191.9,1015.3,1015.2,458.44,319.24,1520.04,0.1765,8.757,127.8,0.0,1442.573, NAN, NAN, NAN, NAN,,2024/04/21 15:15:49.386,2024-04-21 15:15:49.386000+00:00
2024/04/21, 15:16:49.387,41.523,-70.672, NAN,242.73,332.63,0.01,7.6,7.7,1013.2,1013.1,0.0,0.0,87.88,79.0,289,316,1.7,4.0,57.0,57.5,1.7,4.0,171.6,198.7,1015.3,1015.2,453.9,319.45,1507.72,0.1766,8.7469,128.1,0.0,1442.532, NAN, NAN, NAN, NAN,,2024/04/21 15:16:49.387,2024-04-21 15:16:49.387000+00:00
2024/04/21, 15:17:49.387,41.523,-70.672, NAN,242.65,162.23,0.0,7.6,7.7,1013.2,1013.1,0.0,0.0,87.88,79.0,324,323,2.7,5.2,57.6,57.5,2.7,5.2,206.6,205.6,1015.3,1015.2,442.59,318.82,1483.23,0.1766,8.7468,128.4,0.0,1442.532, NAN, NAN, NAN, NAN,,2024/04/21 15:17:49.387,2024-04-21 15:17:49.387000+00:00
2024/04/21, 15:18:49.387,41.523,-70.672, NAN,242.63,342.44,0.01,7.6,7.7,1013.2,1013.1,0.0,0.0,87.88,79.0,336,330,3.3,5.0,57.9,61.2,3.3,5.0,218.6,212.6,1015.3,1015.2,433.24,318.45,1462.39,0.1767,8.7508,127.8,0.0,1442.548, NAN, NAN, NAN, NAN,,2024/04/21 15:18:49.387,2024-04-21 15:18:49.387000+00:00
2024/04/21, 15:19:49.387,41.523,-70.672, NAN,242.79,342.9,0.04,7.6,7.7,1013.2,1013.1,0.0,0.0,87.88,79.0,324,322,3.1,5.8,61.0,58.4,3.1,5.8,206.5,204.6,1015.3,1015.2,416.87,318.76,1429.56,0.1768,8.751,127.8,0.0,1442.549, NAN, NAN, NAN, NAN,,2024/04/21 15:19:49.387,2024-04-21 15:19:49.387000+00:00
2024/04/21, 15:20:49.387,41.523,-70.672, NAN,243.03,156.82,0.01,7.6,7.7,1013.2,1013.1,0.0,0.0,87.88,79.0,342,335,3.3,3.5,58.4,58.8,3.3,3.5,225.1,218.1,1015.3,1015.2,400.0,319.04,1386.0,0.1768,8.7479,128.1,0.0,1442.536, NAN, NAN, NAN, NAN,,2024/04/21 15:20:49.387,2024-04-21 15:20:49.387000+00:00
2024/04/21, 15:21:49.387,41.523,-70.672, NAN,243.03,343.65,0.01,7.6,7.6,1013.2,1013.1,0.0,0.0,87.88,79.0,345,340,4.1,4.2,58.7,60.9,4.1,4.2,228.0,223.0,1015.3,1015.2,392.89,318.29,1368.9,0.1769,8.7507,128.4,0.0,1442.548, NAN, NAN, NAN, NAN,,2024/04/21 15:21:49.387,2024-04-21 15:21:49.387000+00:00
2024/04/21, 15:22:49.387,41.523,-70.672, NAN,243.0,184.22,0.02,7.6,7.6,1013.1,1013.0,0.0,0.0,87.88,79.0,339,333,4.1,5.1,60.7,60.2,4.1,5.1,222.1,216.1,1015.2,1015.1,389.3,319.01,1359.21,0.177,8.7522,128.8,0.0,1442.554, NAN, NAN, NAN, NAN,,2024/04/21 15:22:49.387,2024-04-21 15:22:49.387000+00:00
2024/04/21, 15:23:49.387,41.523,-70.672, NAN,242.76,269.57,0.02,7.5,7.5,1013.1,1013.0,0.0,0.0,87.88,79.0,0,350,3.4,3.2,61.0,60.1,3.4,3.2,242.9,232.9,1015.2,1015.1,381.89,319.36,1343.36,0.1771,8.7439,128.1,0.0,1442.52, NAN, NAN, NAN, NAN,,2024/04/21 15:23:49.387,2024-04-21 15:23:49.387000+00:00
2024/04/21, 15:24:49.387,41.523,-70.672, NAN,242.77,27.34,0.01,7.4,7.5,1013.0,1013.0,0.0,0.0,87.88,79.0,349,340,2.2,2.1,59.4,57.7,2.2,2.1,231.6,222.6,1015.1,1015.1,376.49,320.52,1331.01,0.1773,8.7387,128.4,0.0,1442.499, NAN, NAN, NAN, NAN,,2024/04/21 15:24:49.387,2024-04-21 15:24:49.387000+00:00
2024/04/21, 15:25:49.387,41.523,-70.672, NAN,242.77,288.47,0.01,7.4,7.5,1013.1,1013.1,0.0,0.0,87.88,79.0,310,316,3.5,6.0,59.2,60.0,3.5,6.0,192.7,198.7,1015.2,1015.2,372.82,320.48,1323.11,0.1773,8.7363,128.1,0.0,1442.49, NAN, NAN, NAN, NAN,,2024/04/21 15:25:49.387,2024-04-21 15:25:49.387000+00:00
2024/04/21, 15:26:49.387,41.523,-70.672, NAN,242.72,131.59,0.01,7.4,7.5,1013.2,1013.2,0.0,0.0,87.88,79.0,309,314,3.9,6.4,59.9,62.9,3.9,6.4,191.7,196.7,1015.3,1015.3,376.0,320.24,1330.04,0.1773,8.731,127.6,0.0,1442.468, NAN, NAN, NAN, NAN,,2024/04/21 15:26:49.387,2024-04-21 15:26:49.387000+00:00
2024/04/21, 15:27:49.387,41.523,-70.672, NAN,242.54,331.81,0.0,7.4,7.5,1013.2,1013.1,0.0,0.0,87.88,79.0,333,328,4.7,7.1,63.2,61.1,4.7,7.1,215.5,210.5,1015.3,1015.2,377.98,320.7,1334.92,0.1774,8.723,128.4,0.0,1442.435, NAN, NAN, NAN, NAN,,2024/04/21 15:27:49.387,2024-04-21 15:27:49.387000+00:00
2024/04/21, 15:28:49.387,41.523,-70.672, NAN,242.72,132.45,0.01,7.4,7.5,1013.2,1013.2,0.0,0.0,87.88,79.0,351,344,3.3,3.4,61.1,61.8,3.3,3.4,233.8,226.8,1015.3,1015.3,376.48,321.15,1333.41,0.1775,8.7209,127.8,0.0,1442.427, NAN, NAN, NAN, NAN,,2024/04/21 15:28:49.387,2024-04-21 15:28:49.387000+00:00
2024/04/21, 15:29:49.387,41.523,-70.672, NAN,242.87,138.98,0.02,7.5,7.5,1013.2,1013.1,0.0,0.0,87.88,79.0,331,327,3.9,6.3,62.2,63.5,3.9,6.3,214.0,209.9,1015.3,1015.2,371.42,320.92,1323.03,0.1775,8.7114,127.2,0.0,1442.388, NAN, NAN, NAN, NAN,,2024/04/21 15:29:49.387,2024-04-21 15:29:49.387000+00:00
2024/04/21, 15:30:49.387,41.523,-70.672, NAN,242.89,173.81,0.01,7.5,7.5,1013.2,1013.1,0.0,0.0,87.88,79.0,336,330,3.7,5.2,64.0,65.2,3.7,5.2,219.0,212.9,1015.3,1015.2,366.55,321.03,1313.41,0.1777,8.7019,127.6,0.0,1442.349, NAN, NAN, NAN, NAN,,2024/04/21 15:30:49.387,2024-04-21 15:30:49.387000+00:00
2024/04/21, 15:31:49.387,41.523,-70.672, NAN,242.9,195.87,0.0,7.4,7.5,1013.0,1013.0,0.0,0.0,87.88,79.0,325,324,3.5,6.3,65.0,65.5,3.5,6.3,207.9,206.9,1015.1,1015.1,362.58,321.38,1306.51,0.1777,8.7006,128.4,0.0,1442.344, NAN, NAN, NAN, NAN,,2024/04/21 15:31:49.387,2024-04-21 15:31:49.387000+00:00
2024/04/21, 15:32:49.388,41.523,-70.672, NAN,242.98,236.2,0.0,7.4,7.4,1013.0,1012.9,0.0,0.0,87.88,79.0,325,325,4.0,6.5,65.8,64.4,4.0,6.5,208.0,208.0,1015.1,1015.0,361.71,320.98,1304.13,0.1778,8.7038,126.9,0.0,1442.357, NAN, NAN, NAN, NAN,,2024/04/21 15:32:49.388,2024-04-21 15:32:49.388000+00:00
2024/04/21, 15:33:49.388,41.523,-70.672, NAN,242.62,323.57,0.0,7.4,7.4,1013.0,1012.8,0.0,0.0,87.88,79.0,310,315,4.1,6.7,64.2,63.5,4.1,6.7,192.6,197.6,1015.1,1014.9,363.63,321.35,1308.87,0.1779,8.7091,127.6,0.0,1442.379, NAN, NAN, NAN, NAN,,2024/04/21 15:33:49.388,2024-04-21 15:33:49.388000+00:00
2024/04/21, 15:34:49.388,41.523,-70.672, NAN,242.65,353.01,0.0,7.3,7.4,1013.0,1012.9,0.0,0.0,87.88,79.0,320,320,4.3,6.8,63.3,63.7,4.3,6.8,202.6,202.6,1015.1,1015.0,365.5,321.79,1313.4,0.178,8.713,128.1,0.0,1442.395, NAN, NAN, NAN, NAN,,2024/04/21 15:34:49.388,2024-04-21 15:34:49.388000+00:00
2024/04/21, 15:35:49.388,41.523,-70.672, NAN,242.75,338.71,0.0,7.3,7.3,1013.0,1012.8,0.0,0.0,87.88,79.0,318,319,4.5,7.0,64.2,63.3,4.5,7.0,200.8,201.8,1015.1,1014.9,366.31,321.54,1316.51,0.1781,8.7154,128.8,0.0,1442.405, NAN, NAN, NAN, NAN,,2024/04/21 15:35:49.388,2024-04-21 15:35:49.388000+00:00
2024/04/21, 15:36:49.388,41.523,-70.672, NAN,242.71,145.81,0.0,7.3,7.3,1013.0,1012.9,0.0,0.0,87.88,79.0,333,329,4.7,7.2,63.1,62.4,4.7,7.2,215.7,211.7,1015.1,1015.0,370.58,322.6,1326.43,0.1782,8.7169,127.8,0.0,1442.411, NAN, NAN, NAN, NAN,,2024/04/21 15:36:49.388,2024-04-21 15:36:49.388000+00:00
2024/04/21, 15:37:49.388,41.523,-70.672, NAN,242.64,342.76,0.0,7.3,7.4,1013.0,1013.0,0.0,0.0,87.88,79.0,359,355,3.1,2.9,62.4,61.9,3.1,2.9,241.6,237.6,1015.1,1015.1,379.08,323.31,1345.61,0.1783,8.7205,127.6,0.0,1442.426, NAN, NAN, NAN, NAN,,2024/04/21 15:37:49.388,2024-04-21 15:37:49.388000+00:00
2024/04/21, 15:38:49.388,41.523,-70.672, NAN,242.63,334.53,0.01,7.4,7.4,1013.0,1013.0,0.0,0.0,87.88,79.0,2,356,3.1,2.8,61.6,59.9,3.1,2.8,244.5,238.5,1015.1,1015.1,382.9,323.58,1355.06,0.1783,8.725,127.8,0.0,1442.445, NAN, NAN, NAN, NAN,,2024/04/21 15:38:49.388,2024-04-21 15:38:49.388000+00:00
2024/04/21, 15:39:49.388,41.523,-70.672, NAN,242.59,298.49,0.01,7.4,7.5,1013.0,1013.0,0.0,0.0,87.88,79.0,12,5,3.1,2.9,58.9,60.9,3.1,2.9,254.7,247.7,1015.1,1015.1,385.15,323.76,1363.94,0.1784,8.7237,127.6,0.0,1442.439, NAN, NAN, NAN, NAN,,2024/04/21 15:39:49.388,2024-04-21 15:39:49.388000+00:00
2024/04/21, 15:40:49.388,41.523,-70.672, NAN,242.56,313.12,0.01,7.5,7.6,1013.0,1012.9,0.0,0.0,87.88,79.0,5,358,4.8,4.5,60.3,58.8,4.8,4.5,247.5,240.5,1015.1,1015.0,384.67,322.98,1366.29,0.1785,8.7279,127.6,0.0,1442.457, NAN, NAN, NAN, NAN,,2024/04/21 15:40:49.388,2024-04-21 15:40:49.388000+00:00
2024/04/21, 15:41:49.388,41.523,-70.672, NAN,242.6,159.79,0.01,7.6,7.6,1013.0,1013.0,0.0,0.0,87.88,79.0,347,340,3.6,3.5,58.8,60.7,3.6,3.5,229.7,222.7,1015.1,1015.1,389.04,323.4,1378.59,0.1786,8.7325,128.8,0.0,1442.476, NAN, NAN, NAN, NAN,,2024/04/21 15:41:49.388,2024-04-21 15:41:49.388000+00:00
2024/04/21, 15:42:49.388,41.523,-70.672, NAN,242.56,164.14,0.0,7.5,7.6,1013.0,1013.0,0.0,0.0,87.88,79.0,3,356,4.5,4.3,61.5,60.5,4.5,4.3,245.6,238.6,1015.1,1015.1,392.14,323.53,1389.09,0.1787,8.7396,127.2,0.0,1442.505, NAN, NAN, NAN, NAN,,2024/04/21 15:42:49.388,2024-04-21 15:42:49.388000+00:00
2024/04/21, 15:43:49.388,41.523,-70.672, NAN,242.59,328.57,0.01,7.6,7.5,1013.0,1013.0,0.0,0.0,87.88,79.0,354,346,3.7,3.5,61.9,62.2,3.7,3.5,236.5,228.5,1015.1,1015.1,398.57,324.08,1407.5,0.1788,8.7503,127.2,0.0,1442.549, NAN, NAN, NAN, NAN,,2024/04/21 15:43:49.388,2024-04-21 15:43:49.388000+00:00
2024/04/21, 15:44:49.388,41.523,-70.672, NAN,242.57,138.28,0.0,7.5,7.5,1013.0,1013.0,0.0,0.0,87.88,79.0,356,349,4.6,4.5,62.0,61.9,4.6,4.5,238.6,231.6,1015.1,1015.1,404.36,324.22,1425.51,0.1789,8.7592,127.2,0.0,1442.585, NAN, NAN, NAN, NAN,,2024/04/21 15:44:49.388,2024-04-21 15:44:49.388000+00:00
2024/04/21, 15:45:49.388,41.523,-70.672, NAN,242.56,157.51,0.0,7.5,7.5,1013.0,1013.0,0.0,0.0,87.88,79.0,351,346,4.4,4.2,61.9,62.0,4.4,4.2,233.6,228.6,1015.1,1015.1,407.14,324.44,1436.09,0.1789,8.7615,127.8,0.0,1442.595, NAN, NAN, NAN, NAN,,2024/04/21 15:45:49.388,2024-04-21 15:45:49.388000+00:00
2024/04/21, 15:46:49.388,41.523,-70.672, NAN,242.58,356.86,0.0,7.5,7.5,1013.0,1013.0,0.0,0.0,87.88,79.0,342,335,4.1,4.2,62.1,63.0,4.1,4.2,224.6,217.6,1015.1,1015.1,419.42,324.45,1465.51,0.179,8.7533,127.2,0.0,1442.561, NAN, NAN, NAN, NAN,,2024/04/21 15:46:49.388,2024-04-21 15:46:49.388000+00:00
2024/04/21, 15:47:49.389,41.523,-70.672, NAN,242.61,65.87,0.01,7.5,7.5,1013.0,1013.0,0.0,0.0,87.88,79.0,337,331,3.9,4.8,62.1,61.2,3.9,4.8,219.7,213.7,1015.1,1015.1,427.09,325.0,1485.06,0.1791,8.7467,127.2,0.0,1442.534, NAN, NAN, NAN, NAN,,2024/04/21 15:47:49.389,2024-04-21 15:47:49.389000+00:00
2024/04/21, 15:48:49.389,41.523,-70.672, NAN,242.59,149.56,0.0,7.4,7.5,1013.0,1013.0,0.0,0.0,87.88,79.0,338,332,3.5,4.3,61.1,60.6,3.5,4.3,220.6,214.6,1015.1,1015.1,431.66,325.3,1497.83,0.1792,8.7463,126.9,0.0,1442.533, NAN, NAN, NAN, NAN,,2024/04/21 15:48:49.389,2024-04-21 15:48:49.389000+00:00
2024/04/21, 15:49:49.389,41.523,-70.672, NAN,242.63,7.73,0.01,7.5,7.5,1013.0,1013.0,0.0,0.0,87.88,79.0,318,322,3.6,5.8,60.2,62.0,3.6,5.8,200.6,204.6,1015.1,1015.1,430.39,325.12,1496.99,0.1793,8.7505,127.8,0.0,1442.55, NAN, NAN, NAN, NAN,,2024/04/21 15:49:49.389,2024-04-21 15:49:49.389000+00:00
2024/04/21, 15:50:49.389,41.523,-70.672, NAN,242.67,326.06,0.01,7.5,7.5,1013.0,1012.9,0.0,0.0,87.88,79.0,336,329,4.2,5.7,62.3,64.4,4.2,5.7,218.6,211.6,1015.1,1015.0,429.77,324.86,1497.08,0.1794,8.7608,127.2,0.0,1442.592, NAN, NAN, NAN, NAN,,2024/04/21 15:50:49.389,2024-04-21 15:50:49.389000+00:00
2024/04/21, 15:51:49.389,41.523,-70.672, NAN,242.67,314.54,0.0,7.5,7.5,1012.9,1012.8,0.0,0.0,87.88,79.0,329,326,4.5,7.0,62.6,65.0,4.5,7.0,211.7,208.7,1015.0,1014.9,436.73,324.72,1512.47,0.1794,8.773,127.6,0.0,1442.642, NAN, NAN, NAN, NAN,,2024/04/21 15:51:49.389,2024-04-21 15:51:49.389000+00:00
2024/04/21, 15:52:49.389,41.523,-70.672, NAN,242.68,357.72,0.0,7.5,7.5,1012.9,1012.8,0.0,0.0,87.88,79.0,323,322,4.0,6.5,64.8,64.1,4.0,6.5,205.7,204.7,1015.0,1014.9,448.35,324.67,1540.27,0.1795,8.7869,126.9,0.0,1442.699, NAN, NAN, NAN, NAN,,2024/04/21 15:52:49.389,2024-04-21 15:52:49.389000+00:00
2024/04/21, 15:53:49.389,41.523,-70.672, NAN,242.61,197.43,0.01,7.4,7.5,1012.9,1012.8,0.0,0.0,87.88,79.0,317,319,3.4,6.0,63.8,63.9,3.4,6.0,199.6,201.6,1015.0,1014.9,457.49,325.11,1563.32,0.1796,8.8026,127.2,0.0,1442.764, NAN, NAN, NAN, NAN,,2024/04/21 15:53:49.389,2024-04-21 15:53:49.389000+00:00
2024/04/21, 15:54:49.389,41.523,-70.672, NAN,242.72,299.18,0.01,7.4,7.4,1012.9,1012.9,0.0,0.0,87.88,79.0,304,315,3.6,5.7,60.7,63.3,3.6,5.7,186.7,197.7,1015.0,1015.0,458.07,325.0,1571.72,0.1797,8.8141,127.6,0.0,1442.811, NAN, NAN, NAN, NAN,,2024/04/21 15:54:49.389,2024-04-21 15:54:49.389000+00:00
2024/04/21, 15:55:49.389,41.523,-70.672, NAN,242.69,222.33,0.01,7.4,7.4,1013.0,1012.9,0.0,0.0,87.88,79.0,306,314,3.4,5.6,64.1,64.9,3.4,5.6,188.7,196.7,1015.1,1015.0,469.37,325.13,1601.28,0.1797,8.8163,127.2,0.0,1442.82, NAN, NAN, NAN, NAN,,2024/04/21 15:55:49.389,2024-04-21 15:55:49.389000+00:00
2024/04/21, 15:56:49.389,41.523,-70.672, NAN,242.67,305.46,0.0,7.4,7.4,1013.0,1012.9,0.0,0.0,87.88,79.0,328,328,2.3,4.3,65.2,66.6,2.3,4.3,210.7,210.7,1015.1,1015.0,496.97,325.99,1662.66,0.1798,8.8242,127.2,0.0,1442.852, NAN, NAN, NAN, NAN,,2024/04/21 15:56:49.389,2024-04-21 15:56:49.389000+00:00
2024/04/21, 15:57:49.389,41.523,-70.672, NAN,242.69,323.84,0.01,7.4,7.5,1012.9,1012.8,0.0,0.0,87.88,79.0,332,327,3.5,5.7,66.8,63.3,3.5,5.7,214.6,209.6,1015.0,1014.9,437.17,363.08,1533.52,0.1799,8.8264,126.9,0.0,1442.861, NAN, NAN, NAN, NAN,,2024/04/21 15:57:49.389,2024-04-21 15:57:49.389000+00:00
2024/04/21, 15:58:49.389,41.523,-70.672, NAN,242.68,38.34,0.01,7.5,7.6,1012.9,1012.8,0.0,0.0,87.88,79.0,343,336,4.2,4.6,63.4,58.8,4.2,4.6,225.6,218.7,1015.0,1014.9,472.82,325.61,1622.39,0.18,8.8299,127.2,0.0,1442.876, NAN, NAN, NAN, NAN,,2024/04/21 15:58:49.389,2024-04-21 15:58:49.389000+00:00
2024/04/21, 15:59:49.389,41.523,-70.672, NAN,242.63,302.38,0.0,7.6,7.6,1012.9,1012.8,0.0,0.0,87.88,79.0,352,347,4.3,4.2,58.3,61.2,4.3,4.2,234.6,229.6,1015.0,1014.9,511.18,325.88,1704.03,0.1801,8.838,126.6,0.0,1442.909, NAN, NAN, NAN, NAN,,2024/04/21 15:59:49.389,2024-04-21 15:59:49.389000+00:00
2024/04/21, 16:00:49.389,41.523,-70.672, NAN,242.72,323.68,0.01,7.6,7.7,1012.9,1012.8,0.0,0.0,87.88,79.0,338,331,4.9,6.3,58.3,62.9,4.9,6.3,220.8,213.8,1015.0,1014.9,512.7,325.74,1706.25,0.1801,8.8429,127.2,0.0,1442.929, NAN, NAN, NAN, NAN,,2024/04/21 16:00:49.389,2024-04-21 16:00:49.389000+00:00
2024/04/21, 16:01:49.389,41.523,-70.672, NAN,242.72,257.92,0.0,7.7,7.7,1012.8,1012.8,0.0,0.0,87.88,79.0,341,333,4.9,5.4,62.6,60.6,4.9,5.4,223.7,215.7,1014.9,1014.9,497.74,325.91,1673.3,0.1802,8.8492,126.6,0.0,1442.955, NAN, NAN, NAN, NAN,,2024/04/21 16:01:49.389,2024-04-21 16:01:49.389000+00:00
2024/04/21, 16:02:49.389,41.523,-70.672, NAN,242.63,341.77,0.01,7.6,7.7,1012.8,1012.8,0.0,0.0,87.88,79.0,351,345,5.7,5.5,60.8,62.4,5.7,5.5,233.6,227.6,1014.9,1014.9,484.3,325.83,1644.1,0.1803,8.8509,127.2,0.0,1442.962, NAN, NAN, NAN, NAN,,2024/04/21 16:02:49.389,2024-04-21 16:02:49.389000+00:00
2024/04/21, 16:03:49.390,41.523,-70.672, NAN,242.72,11.47,0.0,7.6,7.7,1012.8,1012.9,0.0,0.0,87.88,79.0,339,333,3.6,4.2,62.3,63.1,3.6,4.2,221.7,215.7,1014.9,1015.0,465.29,326.63,1597.56,0.1804,8.8468,126.9,0.0,1442.945, NAN, NAN, NAN, NAN,,2024/04/21 16:03:49.390,2024-04-21 16:03:49.390000+00:00
2024/04/21, 16:04:49.390,41.523,-70.672, NAN,242.72,338.21,0.0,7.6,7.7,1012.8,1012.8,0.0,0.0,87.88,79.0,341,339,3.4,3.2,63.8,62.2,3.4,3.2,223.7,221.7,1014.9,1014.9,461.9,327.41,1589.75,0.1804,8.8365,126.9,0.0,1442.903, NAN, NAN, NAN, NAN,,2024/04/21 16:04:49.390,2024-04-21 16:04:49.390000+00:00
2024/04/21, 16:05:49.390,41.523,-70.672, NAN,242.76,40.89,0.0,7.7,7.8,1012.9,1012.8,0.0,0.0,87.88,79.0,336,331,4.5,5.6,61.9,62.7,4.5,5.6,218.8,213.8,1015.0,1014.9,465.51,326.79,1598.02,0.1805,8.8195,127.2,0.0,1442.834, NAN, NAN, NAN, NAN,,2024/04/21 16:05:49.390,2024-04-21 16:05:49.390000+00:00
2024/04/21, 16:06:49.390,41.523,-70.672, NAN,242.78,70.7,0.0,7.8,7.8,1012.9,1012.8,0.0,0.0,87.88,79.0,332,330,4.9,6.2,62.2,62.2,4.9,6.2,214.8,212.8,1015.0,1014.9,474.24,326.28,1617.62,0.1806,8.8052,126.9,0.0,1442.776, NAN, NAN, NAN, NAN,,2024/04/21 16:06:49.390,2024-04-21 16:06:49.390000+00:00
2024/04/21, 16:07:49.390,41.523,-70.672, NAN,242.74,53.66,0.01,7.8,7.8,1012.9,1012.8,0.0,0.0,87.88,79.0,339,335,4.5,5.1,62.3,63.0,4.5,5.1,221.8,217.8,1015.0,1014.9,488.5,325.45,1644.78,0.1807,8.7958,127.2,0.0,1442.737, NAN, NAN, NAN, NAN,,2024/04/21 16:07:49.390,2024-04-21 16:07:49.390000+00:00
2024/04/21, 16:08:49.390,41.523,-70.672, NAN,242.77,344.6,0.0,7.7,7.7,1012.8,1012.8,0.0,0.0,87.88,79.0,335,330,4.8,6.6,62.9,62.3,4.8,6.6,217.8,212.8,1014.9,1014.9,491.98,325.57,1656.97,0.1808,8.7944,127.2,0.0,1442.732, NAN, NAN, NAN, NAN,,2024/04/21 16:08:49.390,2024-04-21 16:08:49.390000+00:00
2024/04/21, 16:09:49.390,41.523,-70.672, NAN,242.81,38.45,0.01,7.6,7.7,1012.8,1012.8,0.0,0.0,87.88,79.0,339,333,4.6,5.0,62.0,58.3,4.6,5.0,221.8,215.8,1014.9,1014.9,493.04,325.59,1658.27,0.1809,8.7957,127.2,0.0,1442.737, NAN, NAN, NAN, NAN,,2024/04/21 16:09:49.390,2024-04-21 16:09:49.390000+00:00
2024/04/21, 16:10:49.390,41.523,-70.672, NAN,242.76,88.52,0.0,7.6,7.7,1012.8,1012.8,0.0,0.0,87.88,79.0,339,333,5.5,5.6,58.9,59.3,5.5,5.6,221.8,215.8,1014.9,1014.9,503.82,324.25,1679.79,0.1809,8.7896,126.9,0.0,1442.712, NAN, NAN, NAN, NAN,,2024/04/21 16:10:49.390,2024-04-21 16:10:49.390000+00:00
2024/04/21, 16:11:49.390,41.523,-70.672, NAN,242.81,305.5,0.0,7.6,7.7,1012.8,1012.8,0.0,0.0,87.88,79.0,334,328,4.7,6.8,58.5,61.5,4.7,6.8,216.8,210.8,1014.9,1014.9,492.91,325.22,1657.43,0.181,8.7823,127.2,0.0,1442.682, NAN, NAN, NAN, NAN,,2024/04/21 16:11:49.390,2024-04-21 16:11:49.390000+00:00
2024/04/21, 16:12:49.390,41.523,-70.672, NAN,242.81,347.68,0.0,7.6,7.7,1012.8,1012.8,0.0,0.0,87.88,79.0,338,331,5.4,6.2,62.5,62.2,5.4,6.2,220.8,213.8,1014.9,1014.9,483.69,324.36,1637.69,0.1811,8.7674,126.9,0.0,1442.622, NAN, NAN, NAN, NAN,,2024/04/21 16:12:49.390,2024-04-21 16:12:49.390000+00:00
2024/04/21, 16:13:49.390,41.523,-70.672, NAN,242.84,312.6,0.0,7.6,7.6,1012.8,1012.8,0.0,0.0,87.88,79.0,330,327,4.7,7.0,61.7,60.9,4.7,7.0,212.8,209.8,1014.9,1014.9,484.94,325.02,1638.54,0.1811,8.7538,126.9,0.0,1442.566, NAN, NAN, NAN, NAN,,2024/04/21 16:13:49.390,2024-04-21 16:13:49.390000+00:00
2024/04/21, 16:14:49.390,41.523,-70.672, NAN,242.8,91.18,0.01,7.6,7.6,1012.9,1012.8,0.0,0.0,87.88,79.0,344,338,5.3,5.6,61.9,60.6,5.3,5.6,226.9,220.9,1015.0,1014.9,486.63,324.75,1641.77,0.1812,8.7491,126.6,0.0,1442.547, NAN, NAN, NAN, NAN,,2024/04/21 16:14:49.390,2024-04-21 16:14:49.390000+00:00
2024/04/21, 16:15:49.390,41.523,-70.672, NAN,242.82,11.13,0.0,7.6,7.7,1012.8,1012.8,0.0,0.0,87.88,79.0,339,332,5.1,5.5,60.4,59.0,5.1,5.5,221.8,214.8,1014.9,1014.9,487.74,325.01,1645.6,0.1813,8.7434,126.9,0.0,1442.524, NAN, NAN, NAN, NAN,,2024/04/21 16:15:49.390,2024-04-21 16:15:49.390000+00:00
2024/04/21, 16:16:49.390,41.523,-70.672, NAN,242.9,327.33,0.01,7.6,7.7,1012.8,1012.8,0.0,0.0,87.88,79.0,342,335,5.8,5.9,58.9,62.0,5.8,5.9,224.9,217.9,1014.9,1014.9,491.46,325.39,1652.5,0.1814,8.7379,126.6,0.0,1442.501, NAN, NAN, NAN, NAN,,2024/04/21 16:16:49.390,2024-04-21 16:16:49.390000+00:00
2024/04/21, 16:17:49.390,41.523,-70.672, NAN,242.87,335.3,0.0,7.7,7.7,1012.9,1012.8,0.0,0.0,87.88,79.0,339,331,5.8,7.0,61.9,63.1,5.8,7.0,221.9,213.9,1015.0,1014.9,499.93,326.06,1674.23,0.1814,8.732,126.9,0.0,1442.477, NAN, NAN, NAN, NAN,,2024/04/21 16:17:49.390,2024-04-21 16:17:49.390000+00:00
2024/04/21, 16:18:49.390,41.523,-70.672, NAN,242.84,356.94,0.0,7.7,7.8,1012.8,1012.8,0.0,0.0,87.88,79.0,350,342,4.9,5.0,62.4,63.6,4.9,5.0,232.8,224.8,1014.9,1014.9,502.27,325.87,1677.87,0.1815,8.7278,127.6,0.0,1442.46, NAN, NAN, NAN, NAN,,2024/04/21 16:18:49.390,2024-04-21 16:18:49.390000+00:00
2024/04/21, 16:19:49.391,41.523,-70.672, NAN,242.82,139.28,0.0,7.7,7.8,1012.8,1012.8,0.0,0.0,87.88,79.0,351,346,4.8,4.9,64.2,63.0,4.8,4.9,233.8,228.8,1014.9,1014.9,495.17,325.38,1665.54,0.1816,8.7274,126.6,0.0,1442.459, NAN, NAN, NAN, NAN,,2024/04/21 16:19:49.391,2024-04-21 16:19:49.391000+00:00
2024/04/21, 16:20:49.391,41.523,-70.672, NAN,242.83,66.19,0.0,7.7,7.7,1012.8,1012.8,0.0,0.0,87.88,79.0,349,342,4.7,4.7,62.9,60.5,4.7,4.7,231.8,224.8,1014.9,1014.9,494.21,325.93,1664.38,0.1817,8.7265,126.6,0.0,1442.455, NAN, NAN, NAN, NAN,,2024/04/21 16:20:49.391,2024-04-21 16:20:49.391000+00:00
2024/04/21, 16:21:49.391,41.523,-70.672, NAN,242.86,330.02,0.01,7.7,7.7,1012.9,1012.8,0.0,0.0,87.88,79.0,345,338,5.7,5.8,60.5,63.3,5.7,5.8,227.8,220.8,1015.0,1014.9,505.82,325.54,1688.67,0.1818,8.7264,126.6,0.0,1442.455, NAN, NAN, NAN, NAN,,2024/04/21 16:21:49.391,2024-04-21 16:21:49.391000+00:00
2024/04/21, 16:22:49.391,41.523,-70.672, NAN,242.9,343.01,0.01,7.7,7.7,1012.9,1012.8,0.0,0.0,87.88,79.0,336,330,4.9,6.5,63.2,65.0,4.9,6.5,219.0,212.9,1015.0,1014.9,523.81,325.83,1725.95,0.1818,8.7271,126.6,0.0,1442.458, NAN, NAN, NAN, NAN,,2024/04/21 16:22:49.391,2024-04-21 16:22:49.391000+00:00
2024/04/21, 16:23:49.391,41.523,-70.672, NAN,242.9,82.63,0.0,7.6,7.7,1012.9,1012.8,0.0,0.0,87.88,79.0,346,340,5.8,5.9,65.0,64.2,5.8,5.9,228.9,222.9,1015.0,1014.9,531.28,325.33,1746.62,0.1819,8.7277,126.6,0.0,1442.46, NAN, NAN, NAN, NAN,,2024/04/21 16:23:49.391,2024-04-21 16:23:49.391000+00:00
2024/04/21, 16:24:49.391,41.523,-70.672, NAN,242.85,321.15,0.01,7.6,7.6,1012.8,1012.8,0.0,0.0,87.88,79.0,346,340,5.7,5.8,63.6,59.7,5.7,5.8,228.8,222.8,1014.9,1014.9,547.57,325.6,1778.45,0.182,8.7282,126.6,0.0,1442.462, NAN, NAN, NAN, NAN,,2024/04/21 16:24:49.391,2024-04-21 16:24:49.391000+00:00
2024/04/21, 16:25:49.391,41.523,-70.672, NAN,242.95,51.74,0.01,7.6,7.6,1012.8,1012.7,0.0,0.0,87.88,79.0,332,328,5.3,7.5,59.9,63.6,5.3,7.5,215.0,211.0,1014.9,1014.8,539.84,325.55,1760.46,0.1821,8.7281,126.3,0.0,1442.462, NAN, NAN, NAN, NAN,,2024/04/21 16:25:49.391,2024-04-21 16:25:49.391000+00:00
2024/04/21, 16:26:49.391,41.523,-70.672, NAN,242.93,136.03,0.0,7.6,7.7,1012.7,1012.7,0.0,0.0,87.88,79.0,339,333,5.8,5.8,63.8,59.4,5.8,5.8,221.9,215.9,1014.8,1014.8,528.68,325.43,1733.6,0.1822,8.728,126.9,0.0,1442.462, NAN, NAN, NAN, NAN,,2024/04/21 16:26:49.391,2024-04-21 16:26:49.391000+00:00
2024/04/21, 16:27:49.391,41.523,-70.672, NAN,242.93,351.19,0.0,7.6,7.7,1012.7,1012.7,0.0,0.0,87.88,79.0,339,333,6.0,6.9,57.3,57.1,6.0,6.9,221.9,215.9,1014.8,1014.8,513.29,325.02,1694.98,0.1822,8.731,126.3,0.0,1442.474, NAN, NAN, NAN, NAN,,2024/04/21 16:27:49.391,2024-04-21 16:27:49.391000+00:00
2024/04/21, 16:28:49.391,41.523,-70.672, NAN,242.94,100.59,0.0,7.7,7.7,1012.7,1012.8,0.0,0.0,87.88,79.0,338,332,5.6,6.6,57.3,61.5,5.6,6.6,220.9,214.9,1014.8,1014.9,503.13,325.73,1669.48,0.1823,8.7325,126.3,0.0,1442.48, NAN, NAN, NAN, NAN,,2024/04/21 16:28:49.391,2024-04-21 16:28:49.391000+00:00
2024/04/21, 16:29:49.391,41.523,-70.672, NAN,242.93,355.48,0.0,7.7,7.7,1012.8,1012.8,0.0,0.0,87.88,79.0,342,336,4.5,5.1,62.3,59.0,4.5,5.1,224.9,218.9,1014.9,1014.9,479.77,325.84,1616.81,0.1824,8.7344,126.9,0.0,1442.488, NAN, NAN, NAN, NAN,,2024/04/21 16:29:49.391,2024-04-21 16:29:49.391000+00:00
2024/04/21, 16:30:49.391,41.523,-70.672, NAN,243.03,337.59,0.0,7.7,7.7,1012.8,1012.8,0.0,0.0,87.88,79.0,324,323,5.4,8.1,60.1,59.5,5.4,8.1,207.0,206.0,1014.9,1014.9,466.31,325.97,1586.1,0.1825,8.7353,126.9,0.0,1442.492, NAN, NAN, NAN, NAN,,2024/04/21 16:30:49.391,2024-04-21 16:30:49.391000+00:00
2024/04/21, 16:31:49.391,41.523,-70.672, NAN,242.98,334.23,0.0,7.7,7.7,1012.8,1012.7,0.0,0.0,87.88,79.0,328,325,6.1,8.9,60.1,58.1,6.1,8.9,211.0,208.0,1014.9,1014.8,454.55,326.5,1558.93,0.1826,8.7346,126.0,0.0,1442.489, NAN, NAN, NAN, NAN,,2024/04/21 16:31:49.391,2024-04-21 16:31:49.391000+00:00
2024/04/21, 16:32:49.391,41.523,-70.672, NAN,243.05,349.29,0.01,7.7,7.7,1012.8,1012.7,0.0,0.0,87.88,79.0,327,325,6.6,9.2,58.9,62.4,6.6,9.2,210.0,208.0,1014.9,1014.8,441.61,326.25,1528.44,0.1826,8.735,126.3,0.0,1442.491, NAN, NAN, NAN, NAN,,2024/04/21 16:32:49.391,2024-04-21 16:32:49.391000+00:00
2024/04/21, 16:33:49.391,41.523,-70.672, NAN,243.08,354.93,0.02,7.6,7.6,1012.7,1012.7,0.0,0.0,87.88,79.0,332,327,5.7,7.9,62.2,63.7,5.7,7.9,215.0,210.0,1014.8,1014.8,445.54,326.78,1534.93,0.1827,8.7365,126.0,0.0,1442.497, NAN, NAN, NAN, NAN,,2024/04/21 16:33:49.391,2024-04-21 16:33:49.391000+00:00
2024/04/21, 16:34:49.392,41.523,-70.672, NAN,243.03,143.28,0.0,7.6,7.6,1012.8,1012.7,0.0,0.0,87.88,79.0,326,323,5.8,8.3,63.6,62.5,5.8,8.3,209.0,206.0,1014.9,1014.8,442.97,326.87,1526.66,0.1828,8.7372,126.0,0.0,1442.5, NAN, NAN, NAN, NAN,,2024/04/21 16:34:49.392,2024-04-21 16:34:49.392000+00:00
2024/04/21, 16:35:49.392,41.523,-70.672, NAN,243.07,19.78,0.0,7.6,7.6,1012.7,1012.6,0.0,0.0,87.88,79.0,322,319,6.3,9.1,63.1,64.6,6.3,9.1,205.1,202.1,1014.8,1014.7,429.33,326.74,1497.91,0.1829,8.7358,126.0,0.0,1442.495, NAN, NAN, NAN, NAN,,2024/04/21 16:35:49.392,2024-04-21 16:35:49.392000+00:00
2024/04/21, 16:36:49.392,41.523,-70.672, NAN,243.07,103.53,0.0,7.6,7.6,1012.7,1012.6,0.0,0.0,87.88,79.0,328,324,6.2,9.2,64.9,63.1,6.2,9.2,211.1,207.1,1014.8,1014.7,422.69,326.71,1483.33,0.1829,8.7349,126.0,0.0,1442.491, NAN, NAN, NAN, NAN,,2024/04/21 16:36:49.392,2024-04-21 16:36:49.392000+00:00
2024/04/21, 16:37:49.392,41.523,-70.672, NAN,243.07,69.01,0.01,7.5,7.5,1012.6,1012.6,0.0,0.0,87.88,79.0,328,326,5.8,8.4,63.7,63.8,5.8,8.4,211.1,209.1,1014.7,1014.7,427.72,327.42,1496.11,0.183,8.7345,126.0,0.0,1442.489, NAN, NAN, NAN, NAN,,2024/04/21 16:37:49.392,2024-04-21 16:37:49.392000+00:00
2024/04/21, 16:38:49.392,41.523,-70.672, NAN,243.07,23.4,0.01,7.5,7.5,1012.6,1012.5,0.0,0.0,87.88,79.0,333,328,6.3,8.7,64.1,64.1,6.3,8.7,216.0,211.1,1014.7,1014.6,435.25,327.04,1511.17,0.1831,8.7363,125.7,0.0,1442.497, NAN, NAN, NAN, NAN,,2024/04/21 16:38:49.392,2024-04-21 16:38:49.392000+00:00
2024/04/21, 16:39:49.392,41.523,-70.672, NAN,243.08,342.99,0.0,7.5,7.5,1012.6,1012.5,0.0,0.0,87.88,79.0,329,325,6.6,9.2,64.3,63.5,6.6,9.2,212.1,208.1,1014.7,1014.6,434.54,326.42,1510.38,0.1832,8.7375,125.7,0.0,1442.502, NAN, NAN, NAN, NAN,,2024/04/21 16:39:49.392,2024-04-21 16:39:49.392000+00:00
2024/04/21, 16:40:49.392,41.523,-70.672, NAN,243.11,226.46,0.01,7.5,7.5,1012.6,1012.5,0.0,0.0,87.88,79.0,325,322,6.4,9.2,63.5,64.2,6.4,9.2,208.1,205.1,1014.7,1014.6,434.47,326.65,1511.86,0.1832,8.7352,125.4,0.0,1442.493, NAN, NAN, NAN, NAN,,2024/04/21 16:40:49.392,2024-04-21 16:40:49.392000+00:00
2024/04/21, 16:41:49.392,41.523,-70.672, NAN,243.12,326.0,0.0,7.4,7.4,1012.6,1012.4,0.0,0.0,87.88,79.0,324,321,7.1,10.1,63.8,63.6,7.1,10.1,207.1,204.1,1014.7,1014.5,440.6,326.97,1525.02,0.1833,8.7347,125.4,0.0,1442.491, NAN, NAN, NAN, NAN,,2024/04/21 16:41:49.392,2024-04-21 16:41:49.392000+00:00
2024/04/21, 16:42:49.392,41.523,-70.672, NAN,243.12,21.59,0.0,7.4,7.4,1012.5,1012.4,0.0,0.0,87.88,79.0,320,319,6.9,9.4,64.2,63.7,6.9,9.4,203.1,202.1,1014.6,1014.5,447.86,327.41,1544.12,0.1834,8.7358,126.3,0.0,1442.495, NAN, NAN, NAN, NAN,,2024/04/21 16:42:49.392,2024-04-21 16:42:49.392000+00:00
2024/04/21, 16:43:49.392,41.523,-70.672, NAN,243.08,90.79,0.0,7.4,7.5,1012.5,1012.3,0.0,0.0,87.88,79.0,326,325,6.7,9.1,63.7,63.7,6.7,9.1,209.1,208.1,1014.6,1014.4,452.84,327.43,1556.6,0.1835,8.7387,125.4,0.0,1442.507, NAN, NAN, NAN, NAN,,2024/04/21 16:43:49.392,2024-04-21 16:43:49.392000+00:00
2024/04/21, 16:44:49.392,41.523,-70.672, NAN,243.12,16.04,0.01,7.4,7.5,1012.5,1012.4,0.0,0.0,87.88,79.0,323,322,6.8,9.9,64.0,63.6,6.8,9.9,206.1,205.1,1014.6,1014.5,455.4,326.65,1563.3,0.1836,8.7429,125.1,0.0,1442.525, NAN, NAN, NAN, NAN,,2024/04/21 16:44:49.392,2024-04-21 16:44:49.392000+00:00
2024/04/21, 16:45:49.392,41.523,-70.672, NAN,243.1,69.3,0.0,7.4,7.5,1012.5,1012.4,0.0,0.0,87.88,79.0,328,325,7.1,9.7,63.6,63.5,7.1,9.7,211.1,208.1,1014.6,1014.5,464.35,326.72,1582.84,0.1836,8.7476,125.7,0.0,1442.544, NAN, NAN, NAN, NAN,,2024/04/21 16:45:49.392,2024-04-21 16:45:49.392000+00:00
2024/04/21, 16:46:49.392,41.523,-70.672, NAN,243.07,57.4,0.0,7.4,7.4,1012.5,1012.4,0.0,0.0,87.88,79.0,335,331,6.9,8.4,62.0,63.0,6.9,8.4,218.1,214.1,1014.6,1014.5,473.86,326.7,1604.81,0.1837,8.7531,125.4,0.0,1442.566, NAN, NAN, NAN, NAN,,2024/04/21 16:46:49.392,2024-04-21 16:46:49.392000+00:00
2024/04/21, 16:47:49.392,41.523,-70.672, NAN,243.05,103.36,0.01,7.4,7.4,1012.4,1012.4,0.0,0.0,87.88,79.0,340,333,6.7,7.1,63.8,62.0,6.7,7.1,223.1,216.1,1014.5,1014.5,482.9,326.76,1628.7,0.1838,8.7555,124.4,0.0,1442.576, NAN, NAN, NAN, NAN,,2024/04/21 16:47:49.392,2024-04-21 16:47:49.392000+00:00
2024/04/21, 16:48:49.392,41.523,-70.672, NAN,243.15,328.3,0.01,7.4,7.4,1012.4,1012.4,0.0,0.0,87.88,79.0,332,327,6.1,8.7,62.7,62.4,6.1,8.7,215.1,210.1,1014.5,1014.5,494.32,326.77,1651.98,0.1838,8.757,125.1,0.0,1442.583, NAN, NAN, NAN, NAN,,2024/04/21 16:48:49.392,2024-04-21 16:48:49.392000+00:00
2024/04/21, 16:49:49.392,41.523,-70.672, NAN,243.06,67.57,0.01,7.4,7.4,1012.5,1012.4,0.0,0.0,87.88,79.0,339,333,6.3,6.9,60.8,63.6,6.3,6.9,222.0,216.0,1014.6,1014.5,498.54,326.63,1661.67,0.1839,8.7597,126.0,0.0,1442.594, NAN, NAN, NAN, NAN,,2024/04/21 16:49:49.392,2024-04-21 16:49:49.392000+00:00
2024/04/21, 16:50:49.393,41.523,-70.672, NAN,243.08,352.68,0.0,7.4,7.4,1012.5,1012.4,0.0,0.0,87.88,79.0,337,330,6.0,7.5,63.3,64.4,6.0,7.5,220.1,213.1,1014.6,1014.5,493.35,326.49,1652.22,0.184,8.7616,126.0,0.0,1442.602, NAN, NAN, NAN, NAN,,2024/04/21 16:50:49.393,2024-04-21 16:50:49.393000+00:00
2024/04/21, 16:51:49.393,41.523,-70.672, NAN,243.07,86.86,0.0,7.4,7.4,1012.4,1012.4,0.0,0.0,87.88,79.0,341,334,5.8,6.7,64.2,63.4,5.8,6.7,224.1,217.1,1014.5,1014.5,491.36,326.49,1649.75,0.184,8.7597,125.7,0.0,1442.594, NAN, NAN, NAN, NAN,,2024/04/21 16:51:49.393,2024-04-21 16:51:49.393000+00:00
2024/04/21, 16:52:49.393,41.523,-70.672, NAN,243.08,291.8,0.0,7.3,7.4,1012.4,1012.4,0.0,0.0,87.88,79.0,340,332,5.8,6.8,64.6,64.4,5.8,6.8,223.1,215.1,1014.5,1014.5,493.46,327.03,1651.62,0.1841,8.758,126.0,0.0,1442.587, NAN, NAN, NAN, NAN,,2024/04/21 16:52:49.393,2024-04-21 16:52:49.393000+00:00
2024/04/21, 16:53:49.393,41.523,-70.672, NAN,243.11,335.16,0.01,7.3,7.4,1012.4,1012.4,0.0,0.0,87.88,79.0,328,324,6.2,9.0,64.6,66.9,6.2,9.0,211.1,207.1,1014.5,1014.5,487.34,327.25,1632.55,0.1842,8.7567,126.6,0.0,1442.582, NAN, NAN, NAN, NAN,,2024/04/21 16:53:49.393,2024-04-21 16:53:49.393000+00:00
2024/04/21, 16:54:49.393,41.523,-70.672, NAN,243.13,321.36,0.0,7.3,7.3,1012.4,1012.4,0.0,0.0,87.88,79.0,327,324,5.9,8.5,66.4,66.6,5.9,8.5,210.1,207.1,1014.5,1014.5,469.97,327.27,1591.72,0.1842,8.7555,126.3,0.0,1442.577, NAN, NAN, NAN, NAN,,2024/04/21 16:54:49.393,2024-04-21 16:54:49.393000+00:00
2024/04/21, 16:55:49.393,41.523,-70.672, NAN,243.13,358.2,0.0,7.3,7.3,1012.5,1012.4,0.0,0.0,87.88,79.0,330,326,6.1,8.6,66.3,65.4,6.1,8.6,213.1,209.1,1014.6,1014.5,454.24,327.12,1552.4,0.1843,8.7553,126.6,0.0,1442.576, NAN, NAN, NAN, NAN,,2024/04/21 16:55:49.393,2024-04-21 16:55:49.393000+00:00
2024/04/21, 16:56:49.393,41.523,-70.672, NAN,243.07,143.65,0.01,7.3,7.3,1012.5,1012.4,0.0,0.0,87.88,79.0,330,327,5.5,8.0,65.4,63.9,5.5,8.0,213.1,210.1,1014.6,1014.5,436.86,327.0,1508.43,0.1843,8.7542,126.3,0.0,1442.572, NAN, NAN, NAN, NAN,,2024/04/21 16:56:49.393,2024-04-21 16:56:49.393000+00:00
2024/04/21, 16:57:49.393,41.523,-70.672, NAN,243.07,32.11,0.0,7.2,7.3,1012.5,1012.4,0.0,0.0,87.88,79.0,343,337,6.3,6.6,64.8,62.9,6.3,6.6,226.1,220.1,1014.6,1014.5,425.73,327.12,1475.76,0.1844,8.7558,126.6,0.0,1442.578, NAN, NAN, NAN, NAN,,2024/04/21 16:57:49.393,2024-04-21 16:57:49.393000+00:00
2024/04/21, 16:58:49.393,41.523,-70.672, NAN,243.07,41.3,0.0,7.2,7.3,1012.4,1012.4,0.0,0.0,87.88,79.0,339,334,6.0,6.3,61.4,58.7,6.0,6.3,222.1,217.1,1014.5,1014.5,417.99,327.33,1457.46,0.1845,8.7591,126.3,0.0,1442.592, NAN, NAN, NAN, NAN,,2024/04/21 16:58:49.393,2024-04-21 16:58:49.393000+00:00
2024/04/21, 16:59:49.393,41.523,-70.672, NAN,243.06,153.49,0.0,7.3,7.4,1012.4,1012.4,0.0,0.0,87.88,79.0,334,330,5.4,6.7,59.9,60.7,5.4,6.7,217.1,213.1,1014.5,1014.5,415.05,327.68,1450.76,0.1845,8.7632,126.6,0.0,1442.609, NAN, NAN, NAN, NAN,,2024/04/21 16:59:49.393,2024-04-21 16:59:49.393000+00:00
2024/04/21, 17:00:49.393,41.523,-70.672, NAN,243.07,349.03,0.0,7.3,7.4,1012.4,1012.3,0.0,0.0,87.88,79.0,337,331,5.4,6.3,62.4,63.0,5.4,6.3,220.1,214.1,1014.5,1014.4,417.27,327.89,1454.7,0.1846,8.7643,126.0,0.0,1442.613, NAN, NAN, NAN, NAN,,2024/04/21 17:00:49.393,2024-04-21 17:00:49.393000+00:00
2024/04/21, 17:01:49.393,41.523,-70.672, NAN,243.07,215.92,0.0,7.4,7.5,1012.4,1012.3,0.0,0.0,87.88,79.0,338,333,5.1,5.5,62.0,62.2,5.1,5.5,221.1,216.1,1014.5,1014.4,419.74,328.13,1461.9,0.1846,8.7647,126.6,0.0,1442.615, NAN, NAN, NAN, NAN,,2024/04/21 17:01:49.393,2024-04-21 17:01:49.393000+00:00
2024/04/21, 17:02:49.393,41.523,-70.672, NAN,243.12,306.92,0.01,7.4,7.5,1012.4,1012.3,0.0,0.0,87.88,79.0,331,327,5.5,8.0,63.3,62.2,5.5,8.0,214.1,210.1,1014.5,1014.4,424.26,327.74,1475.7,0.1847,8.7699,126.3,0.0,1442.636, NAN, NAN, NAN, NAN,,2024/04/21 17:02:49.393,2024-04-21 17:02:49.393000+00:00
2024/04/21, 17:03:49.393,41.523,-70.672, NAN,243.06,276.85,0.0,7.5,7.5,1012.4,1012.3,0.0,0.0,87.88,79.0,330,326,6.1,8.6,62.8,62.8,6.1,8.6,213.1,209.1,1014.5,1014.4,428.24,327.68,1487.62,0.1848,8.7738,126.0,0.0,1442.653, NAN, NAN, NAN, NAN,,2024/04/21 17:03:49.393,2024-04-21 17:03:49.393000+00:00
2024/04/21, 17:04:49.393,41.523,-70.672, NAN,243.12,292.06,0.01,7.5,7.5,1012.4,1012.3,0.0,0.0,87.88,79.0,328,324,6.1,8.8,65.0,59.6,6.1,8.8,211.1,207.1,1014.5,1014.4,432.71,327.51,1499.85,0.1848,8.7748,126.0,0.0,1442.657, NAN, NAN, NAN, NAN,,2024/04/21 17:04:49.393,2024-04-21 17:04:49.393000+00:00
2024/04/21, 17:05:49.393,41.523,-70.672, NAN,243.07,315.42,0.01,7.4,7.4,1012.4,1012.3,0.0,0.0,87.88,79.0,331,327,6.3,8.8,60.3,63.7,6.3,8.8,214.1,210.1,1014.5,1014.4,436.06,327.58,1509.15,0.1849,8.7751,126.0,0.0,1442.658, NAN, NAN, NAN, NAN,,2024/04/21 17:05:49.393,2024-04-21 17:05:49.393000+00:00
2024/04/21, 17:06:49.394,41.523,-70.672, NAN,243.07,188.71,0.0,7.4,7.4,1012.4,1012.3,0.0,0.0,87.88,79.0,336,329,6.4,8.3,63.2,64.6,6.4,8.3,219.1,212.1,1014.5,1014.4,437.53,327.19,1515.05,0.1849,8.7765,126.0,0.0,1442.664, NAN, NAN, NAN, NAN,,2024/04/21 17:06:49.394,2024-04-21 17:06:49.394000+00:00
2024/04/21, 17:07:49.394,41.523,-70.672, NAN,243.12,129.18,0.0,7.3,7.3,1012.4,1012.3,0.0,0.0,87.88,79.0,334,328,6.1,8.2,64.9,66.1,6.1,8.2,217.1,211.1,1014.5,1014.4,441.07,326.88,1524.68,0.185,8.7793,125.7,0.0,1442.675, NAN, NAN, NAN, NAN,,2024/04/21 17:07:49.394,2024-04-21 17:07:49.394000+00:00
2024/04/21, 17:08:49.394,41.523,-70.672, NAN,243.07,90.12,0.01,7.3,7.3,1012.3,1012.3,0.0,0.0,87.88,79.0,332,327,6.4,9.2,66.8,66.6,6.4,9.2,215.1,210.1,1014.4,1014.4,444.55,326.32,1533.52,0.1851,8.7876,126.3,0.0,1442.709, NAN, NAN, NAN, NAN,,2024/04/21 17:08:49.394,2024-04-21 17:08:49.394000+00:00
2024/04/21, 17:09:49.394,41.523,-70.672, NAN,243.07,142.45,0.0,7.2,7.2,1012.3,1012.2,0.0,0.0,87.88,79.0,335,329,6.3,8.5,68.3,67.8,6.3,8.5,218.1,212.1,1014.4,1014.3,456.78,326.35,1562.33,0.1851,8.7972,126.0,0.0,1442.749, NAN, NAN, NAN, NAN,,2024/04/21 17:09:49.394,2024-04-21 17:09:49.394000+00:00
2024/04/21, 17:10:49.394,41.523,-70.672, NAN,243.03,35.94,0.01,7.2,7.2,1012.2,1012.1,0.0,0.0,87.88,79.0,341,334,5.8,6.0,67.8,68.3,5.8,6.0,224.1,217.1,1014.3,1014.2,466.03,326.83,1585.83,0.1852,8.8013,125.7,0.0,1442.765, NAN, NAN, NAN, NAN,,2024/04/21 17:10:49.394,2024-04-21 17:10:49.394000+00:00
2024/04/21, 17:11:49.394,41.523,-70.672, NAN,243.07,327.25,0.0,7.1,7.1,1012.2,1012.1,0.0,0.0,87.88,79.0,334,330,6.0,7.6,68.1,63.6,6.0,7.6,217.1,213.1,1014.3,1014.2,475.25,326.77,1612.66,0.1853,8.8045,125.7,0.0,1442.779, NAN, NAN, NAN, NAN,,2024/04/21 17:11:49.394,2024-04-21 17:11:49.394000+00:00
2024/04/21, 17:12:49.394,41.523,-70.672, NAN,243.07,169.87,0.0,7.1,7.2,1012.2,1012.2,0.0,0.0,87.88,79.0,339,332,6.7,7.4,63.1,66.2,6.7,7.4,222.1,215.1,1014.3,1014.3,492.16,326.67,1648.25,0.1853,8.7993,125.7,0.0,1442.757, NAN, NAN, NAN, NAN,,2024/04/21 17:12:49.394,2024-04-21 17:12:49.394000+00:00
2024/04/21, 17:13:49.394,41.523,-70.672, NAN,243.05,103.68,0.01,7.1,7.2,1012.2,1012.2,0.0,0.0,87.88,79.0,330,327,5.8,8.0,63.9,67.0,5.8,8.0,213.1,210.1,1014.3,1014.3,495.56,326.25,1655.85,0.1854,8.7978,126.0,0.0,1442.751, NAN, NAN, NAN, NAN,,2024/04/21 17:13:49.394,2024-04-21 17:13:49.394000+00:00
2024/04/21, 17:14:49.394,41.523,-70.672, NAN,243.03,215.21,0.01,7.1,7.2,1012.3,1012.2,0.0,0.0,87.88,79.0,336,330,5.7,7.1,67.5,69.7,5.7,7.1,219.0,213.0,1014.4,1014.3,500.79,327.18,1669.53,0.1854,8.799,125.4,0.0,1442.756, NAN, NAN, NAN, NAN,,2024/04/21 17:14:49.394,2024-04-21 17:14:49.394000+00:00
2024/04/21, 17:15:49.394,41.523,-70.672, NAN,243.06,346.87,0.0,7.1,7.2,1012.3,1012.2,0.0,0.0,87.88,79.0,335,330,5.7,7.4,69.8,70.2,5.7,7.4,218.1,213.1,1014.4,1014.3,502.21,327.36,1669.68,0.1855,8.8025,125.7,0.0,1442.771, NAN, NAN, NAN, NAN,,2024/04/21 17:15:49.394,2024-04-21 17:15:49.394000+00:00
2024/04/21, 17:16:49.394,41.523,-70.672, NAN,243.07,354.55,0.01,7.2,7.3,1012.2,1012.2,0.0,0.0,87.88,79.0,328,325,5.6,8.5,70.4,70.3,5.6,8.5,211.0,208.0,1014.3,1014.3,503.9,326.93,1670.17,0.1855,8.8108,126.0,0.0,1442.805, NAN, NAN, NAN, NAN,,2024/04/21 17:16:49.394,2024-04-21 17:16:49.394000+00:00
2024/04/21, 17:17:49.394,41.523,-70.672, NAN,243.08,291.06,0.01,7.3,7.3,1012.3,1012.2,0.0,0.0,87.88,79.0,332,331,4.0,5.8,70.4,69.8,4.0,5.8,215.0,214.0,1014.4,1014.3,488.62,327.31,1626.13,0.1856,8.8177,126.0,0.0,1442.833, NAN, NAN, NAN, NAN,,2024/04/21 17:17:49.394,2024-04-21 17:17:49.394000+00:00
2024/04/21, 17:18:49.394,41.523,-70.672, NAN,243.05,173.18,0.01,7.3,7.4,1012.2,1012.2,0.0,0.0,87.88,79.0,329,325,5.2,7.6,70.3,65.8,5.2,7.6,212.1,208.1,1014.3,1014.3,459.39,326.53,1567.22,0.1857,8.8266,126.0,0.0,1442.87, NAN, NAN, NAN, NAN,,2024/04/21 17:18:49.394,2024-04-21 17:18:49.394000+00:00
2024/04/21, 17:19:49.394,41.523,-70.672, NAN,243.06,97.93,0.0,7.3,7.4,1012.2,1012.2,0.0,0.0,87.88,79.0,335,331,6.0,7.5,66.1,69.0,6.0,7.5,218.1,214.1,1014.3,1014.3,454.03,325.9,1553.73,0.1857,8.8302,125.7,0.0,1442.884, NAN, NAN, NAN, NAN,,2024/04/21 17:19:49.394,2024-04-21 17:19:49.394000+00:00
2024/04/21, 17:20:49.394,41.523,-70.672, NAN,243.07,351.88,0.0,7.3,7.4,1012.3,1012.2,0.0,0.0,87.88,79.0,330,327,5.2,7.5,68.8,69.1,5.2,7.5,213.1,210.1,1014.4,1014.3,476.75,326.53,1603.8,0.1858,8.8294,125.4,0.0,1442.881, NAN, NAN, NAN, NAN,,2024/04/21 17:20:49.394,2024-04-21 17:20:49.394000+00:00
2024/04/21, 17:21:49.394,41.523,-70.672, NAN,243.03,143.92,0.01,7.3,7.4,1012.2,1012.2,0.0,0.0,87.88,79.0,334,327,6.0,8.5,69.3,69.1,6.0,8.5,217.1,210.1,1014.3,1014.3,481.18,325.9,1615.21,0.1858,8.8341,125.4,0.0,1442.9, NAN, NAN, NAN, NAN,,2024/04/21 17:21:49.394,2024-04-21 17:21:49.394000+00:00
2024/04/21, 17:22:49.395,41.523,-70.672, NAN,243.06,340.61,0.01,7.3,7.3,1012.2,1012.2,0.0,0.0,87.88,79.0,336,330,6.4,7.8,64.1,66.9,6.4,7.8,219.0,213.0,1014.3,1014.3,474.98,325.31,1601.88,0.1859,8.8445,125.7,0.0,1442.943, NAN, NAN, NAN, NAN,,2024/04/21 17:22:49.395,2024-04-21 17:22:49.395000+00:00
2024/04/21, 17:23:49.395,41.523,-70.672, NAN,243.06,125.22,0.01,7.2,7.2,1012.2,1012.1,0.0,0.0,87.88,79.0,327,324,5.9,8.6,66.1,65.6,5.9,8.6,210.1,207.1,1014.3,1014.2,476.51,325.68,1606.32,0.186,8.8488,125.7,0.0,1442.961, NAN, NAN, NAN, NAN,,2024/04/21 17:23:49.395,2024-04-21 17:23:49.395000+00:00
2024/04/21, 17:24:49.395,41.523,-70.672, NAN,242.98,38.37,0.01,7.1,7.2,1012.2,1012.1,0.0,0.0,87.88,79.0,341,334,6.7,7.0,65.5,66.2,6.7,7.0,224.0,217.0,1014.3,1014.2,486.98,325.73,1626.62,0.186,8.8512,126.0,0.0,1442.97, NAN, NAN, NAN, NAN,,2024/04/21 17:24:49.395,2024-04-21 17:24:49.395000+00:00
2024/04/21, 17:25:49.395,41.523,-70.672, NAN,243.0,156.19,0.01,7.1,7.2,1012.1,1012.0,0.0,0.0,87.88,79.0,332,329,5.9,7.7,65.1,67.7,5.9,7.7,215.0,212.0,1014.2,1014.1,478.88,325.83,1609.65,0.1861,8.8535,126.3,0.0,1442.98, NAN, NAN, NAN, NAN,,2024/04/21 17:25:49.395,2024-04-21 17:25:49.395000+00:00
2024/04/21, 17:26:49.395,41.523,-70.672, NAN,242.99,343.3,0.01,7.1,7.2,1012.2,1012.0,0.0,0.0,87.88,79.0,343,336,6.0,6.6,68.0,69.0,6.0,6.6,225.9,218.9,1014.3,1014.1,467.71,325.79,1580.31,0.1862,8.8459,126.3,0.0,1442.949, NAN, NAN, NAN, NAN,,2024/04/21 17:26:49.395,2024-04-21 17:26:49.395000+00:00
2024/04/21, 17:27:49.395,41.523,-70.672, NAN,243.02,118.87,0.0,7.1,7.1,1012.1,1012.0,0.0,0.0,87.88,79.0,334,331,6.7,7.7,69.2,68.5,6.7,7.7,217.0,214.0,1014.2,1014.1,465.14,325.51,1567.78,0.1862,8.8481,126.6,0.0,1442.958, NAN, NAN, NAN, NAN,,2024/04/21 17:27:49.395,2024-04-21 17:27:49.395000+00:00
2024/04/21, 17:28:49.395,41.523,-70.672, NAN,243.04,287.19,0.01,7.1,7.1,1012.0,1011.9,0.0,0.0,87.88,79.0,332,326,6.8,9.1,68.7,68.8,6.8,9.1,215.0,209.0,1014.1,1014.0,454.29,325.49,1540.49,0.1863,8.8462,126.3,0.0,1442.95, NAN, NAN, NAN, NAN,,2024/04/21 17:28:49.395,2024-04-21 17:28:49.395000+00:00
2024/04/21, 17:29:49.395,41.523,-70.672, NAN,242.97,323.54,0.0,7.1,7.1,1012.0,1012.0,0.0,0.0,87.88,79.0,336,330,5.3,6.7,69.4,71.1,5.3,6.7,219.0,213.0,1014.1,1014.1,432.39,325.72,1490.31,0.1864,8.8446,126.0,0.0,1442.944, NAN, NAN, NAN, NAN,,2024/04/21 17:29:49.395,2024-04-21 17:29:49.395000+00:00
2024/04/21, 17:30:49.395,41.523,-70.672, NAN,242.98,260.35,0.01,7.1,7.1,1012.0,1011.9,0.0,0.0,87.88,79.0,338,330,6.5,7.8,71.4,70.3,6.5,7.8,220.9,212.9,1014.1,1014.0,426.43,325.12,1474.53,0.1864,8.8459,126.3,0.0,1442.949, NAN, NAN, NAN, NAN,,2024/04/21 17:30:49.395,2024-04-21 17:30:49.395000+00:00
2024/04/21, 17:31:49.395,41.523,-70.672, NAN,243.01,351.93,0.0,7.1,7.1,1011.9,1011.9,0.0,0.0,87.88,79.0,333,329,6.5,8.7,69.6,66.0,6.5,8.7,216.0,212.0,1014.0,1014.0,427.38,325.09,1474.72,0.1865,8.851,126.6,0.0,1442.97, NAN, NAN, NAN, NAN,,2024/04/21 17:31:49.395,2024-04-21 17:31:49.395000+00:00
2024/04/21, 17:32:49.395,41.523,-70.672, NAN,243.03,134.65,0.0,7.0,7.0,1011.9,1011.9,0.0,0.0,87.88,79.0,326,323,5.9,8.6,65.5,67.0,5.9,8.6,209.0,206.0,1014.0,1014.0,422.89,325.16,1463.5,0.1866,8.8537,126.3,0.0,1442.981, NAN, NAN, NAN, NAN,,2024/04/21 17:32:49.395,2024-04-21 17:32:49.395000+00:00
2024/04/21, 17:33:49.395,41.523,-70.672, NAN,243.08,325.91,0.01,7.0,7.1,1012.0,1011.9,0.0,0.0,87.88,79.0,328,325,6.1,8.8,67.3,66.5,6.1,8.8,211.0,208.1,1014.1,1014.0,430.21,325.65,1477.74,0.1866,8.8572,126.6,0.0,1442.996, NAN, NAN, NAN, NAN,,2024/04/21 17:33:49.395,2024-04-21 17:33:49.395000+00:00
2024/04/21, 17:34:49.395,41.523,-70.672, NAN,243.05,333.79,0.0,7.0,7.1,1012.0,1011.9,0.0,0.0,87.88,79.0,335,330,6.5,7.7,66.6,68.1,6.5,7.7,218.0,213.0,1014.1,1014.0,432.98,325.83,1481.57,0.1867,8.8578,126.3,0.0,1442.998, NAN, NAN, NAN, NAN,,2024/04/21 17:34:49.395,2024-04-21 17:34:49.395000+00:00
2024/04/21, 17:35:49.395,41.523,-70.672, NAN,243.02,1.14,0.0,7.1,7.1,1012.0,1011.9,0.0,0.0,87.88,79.0,329,326,6.1,8.8,68.5,68.2,6.1,8.8,212.0,209.0,1014.1,1014.0,435.11,325.77,1483.09,0.1868,8.8579,126.3,0.0,1442.999, NAN, NAN, NAN, NAN,,2024/04/21 17:35:49.395,2024-04-21 17:35:49.395000+00:00
2024/04/21, 17:36:49.395,41.523,-70.672, NAN,243.01,1.27,0.0,7.1,7.2,1011.9,1011.9,0.0,0.0,87.88,79.0,332,327,6.3,8.7,67.6,66.8,6.3,8.7,215.0,210.0,1014.0,1014.0,426.37,325.32,1456.85,0.1868,8.8416,126.6,0.0,1442.932, NAN, NAN, NAN, NAN,,2024/04/21 17:36:49.395,2024-04-21 17:36:49.395000+00:00
2024/04/21, 17:37:49.395,41.523,-70.672, NAN,242.98,122.98,0.0,7.1,7.1,1011.9,1011.9,0.0,0.0,87.88,79.0,337,331,6.2,6.9,66.2,62.8,6.2,6.9,220.0,214.0,1014.0,1014.0,418.81,325.52,1437.5,0.1869,8.8389,126.3,0.0,1442.921, NAN, NAN, NAN, NAN,,2024/04/21 17:37:49.395,2024-04-21 17:37:49.395000+00:00
2024/04/21, 17:38:49.396,41.523,-70.672, NAN,243.03,341.21,0.0,7.1,7.1,1011.9,1011.9,0.0,0.0,87.88,79.0,334,328,5.8,8.1,63.0,63.1,5.8,8.1,217.0,211.0,1014.0,1014.0,408.78,325.79,1410.6,0.1869,8.8454,126.0,0.0,1442.948, NAN, NAN, NAN, NAN,,2024/04/21 17:38:49.396,2024-04-21 17:38:49.396000+00:00
2024/04/21, 17:39:49.396,41.523,-70.672, NAN,242.97,12.33,0.01,7.1,7.1,1011.9,1011.8,0.0,0.0,87.88,79.0,336,329,6.5,8.5,64.0,64.3,6.5,8.5,219.0,212.0,1014.0,1013.9,389.84,325.04,1366.19,0.187,8.8543,126.0,0.0,1442.984, NAN, NAN, NAN, NAN,,2024/04/21 17:39:49.396,2024-04-21 17:39:49.396000+00:00
2024/04/21, 17:40:49.396,41.523,-70.672, NAN,242.98,140.07,0.0,7.1,7.1,1011.9,1011.9,0.0,0.0,87.88,79.0,345,336,5.8,6.7,64.5,66.9,5.8,6.7,228.0,219.0,1014.0,1014.0,377.3,325.67,1333.26,0.187,8.8665,126.9,0.0,1443.034, NAN, NAN, NAN, NAN,,2024/04/21 17:40:49.396,2024-04-21 17:40:49.396000+00:00
2024/04/21, 17:41:49.396,41.523,-70.672, NAN,242.97,207.38,0.01,7.1,7.1,1011.9,1011.8,0.0,0.0,87.88,79.0,346,338,6.4,6.5,66.9,67.3,6.4,6.5,228.9,220.9,1014.0,1013.9,381.4,325.89,1340.88,0.1871,8.877,126.3,0.0,1443.077, NAN, NAN, NAN, NAN,,2024/04/21 17:41:49.396,2024-04-21 17:41:49.396000+00:00
2024/04/21, 17:42:49.396,41.523,-70.672, NAN,242.95,13.36,0.01,7.1,7.1,1011.9,1011.9,0.0,0.0,87.88,79.0,344,336,6.0,6.3,67.0,67.4,6.0,6.3,227.0,219.0,1014.0,1014.0,387.64,325.67,1350.15,0.1872,8.8816,126.0,0.0,1443.096, NAN, NAN, NAN, NAN,,2024/04/21 17:42:49.396,2024-04-21 17:42:49.396000+00:00
2024/04/21, 17:43:49.396,41.523,-70.672, NAN,242.99,334.12,0.01,7.1,7.1,1011.9,1011.9,0.0,0.0,87.88,79.0,339,332,6.2,6.8,68.8,69.7,6.2,6.8,221.9,214.9,1014.0,1014.0,383.76,326.13,1338.76,0.1872,8.8848,126.0,0.0,1443.109, NAN, NAN, NAN, NAN,,2024/04/21 17:43:49.396,2024-04-21 17:43:49.396000+00:00
2024/04/21, 17:44:49.396,41.523,-70.672, NAN,242.89,278.69,0.0,7.0,7.0,1011.9,1011.8,0.0,0.0,87.88,79.0,338,331,5.7,6.7,69.4,68.8,5.7,6.7,220.9,213.9,1014.0,1013.9,376.2,326.39,1320.31,0.1873,8.8784,126.0,0.0,1443.083, NAN, NAN, NAN, NAN,,2024/04/21 17:44:49.396,2024-04-21 17:44:49.396000+00:00
2024/04/21, 17:45:49.396,41.523,-70.672, NAN,242.95,182.82,0.0,7.0,7.0,1011.9,1011.8,0.0,0.0,87.88,79.0,342,336,6.1,6.2,68.7,70.4,6.1,6.2,225.0,219.0,1014.0,1013.9,367.21,326.34,1295.52,0.1873,8.88,126.3,0.0,1443.09, NAN, NAN, NAN, NAN,,2024/04/21 17:45:49.396,2024-04-21 17:45:49.396000+00:00
2024/04/21, 17:46:49.396,41.523,-70.672, NAN,242.9,256.4,0.0,7.0,7.0,1011.8,1011.8,0.0,0.0,87.88,79.0,346,338,5.3,5.6,70.0,66.5,5.3,5.6,228.9,220.9,1013.9,1013.9,360.82,326.78,1282.12,0.1874,8.8859,126.0,0.0,1443.114, NAN, NAN, NAN, NAN,,2024/04/21 17:46:49.396,2024-04-21 17:46:49.396000+00:00
2024/04/21, 17:47:49.396,41.523,-70.672, NAN,242.95,332.56,0.01,7.0,7.1,1011.8,1011.8,0.0,0.0,87.88,79.0,338,332,5.0,6.2,67.7,70.7,5.0,6.2,220.9,214.9,1013.9,1013.9,362.43,327.61,1284.55,0.1874,8.8874,126.3,0.0,1443.12, NAN, NAN, NAN, NAN,,2024/04/21 17:47:49.396,2024-04-21 17:47:49.396000+00:00
2024/04/21, 17:48:49.396,41.523,-70.672, NAN,242.97,98.43,0.01,7.0,7.1,1011.8,1011.8,0.0,0.0,87.88,79.0,330,327,6.4,9.0,68.2,69.9,6.4,9.0,213.0,210.0,1013.9,1013.9,365.72,326.74,1291.42,0.1875,8.883,125.4,0.0,1443.102, NAN, NAN, NAN, NAN,,2024/04/21 17:48:49.396,2024-04-21 17:48:49.396000+00:00
2024/04/21, 17:49:49.396,41.523,-70.672, NAN,242.98,176.72,0.0,7.1,7.1,1011.8,1011.8,0.0,0.0,87.88,79.0,327,323,6.2,8.9,69.3,66.3,6.2,8.9,210.0,206.0,1013.9,1013.9,367.93,326.96,1296.46,0.1875,8.8755,126.6,0.0,1443.071, NAN, NAN, NAN, NAN,,2024/04/21 17:49:49.396,2024-04-21 17:49:49.396000+00:00
2024/04/21, 17:50:49.396,41.523,-70.672, NAN,242.93,143.83,0.01,7.1,7.1,1011.9,1011.8,0.0,0.0,87.88,79.0,337,330,6.2,7.6,66.4,67.7,6.2,7.6,220.0,213.0,1014.0,1013.9,371.09,326.56,1306.08,0.1876,8.8678,126.3,0.0,1443.04, NAN, NAN, NAN, NAN,,2024/04/21 17:50:49.396,2024-04-21 17:50:49.396000+00:00
2024/04/21, 17:51:49.396,41.523,-70.672, NAN,242.94,141.26,0.0,7.0,7.1,1011.9,1011.8,0.0,0.0,87.88,79.0,337,332,5.4,6.2,67.6,69.1,5.4,6.2,219.9,214.9,1014.0,1013.9,372.23,327.87,1308.65,0.1876,8.8604,126.0,0.0,1443.01, NAN, NAN, NAN, NAN,,2024/04/21 17:51:49.396,2024-04-21 17:51:49.396000+00:00
2024/04/21, 17:52:49.396,41.523,-70.672, NAN,242.94,307.3,0.0,7.0,7.1,1011.9,1011.8,0.0,0.0,87.88,79.0,334,329,5.7,7.7,69.7,69.9,5.7,7.7,216.9,211.9,1014.0,1013.9,373.43,327.38,1310.63,0.1877,8.8496,125.7,0.0,1442.966, NAN, NAN, NAN, NAN,,2024/04/21 17:52:49.396,2024-04-21 17:52:49.396000+00:00
2024/04/21, 17:53:49.396,41.523,-70.672, NAN,242.88,296.99,0.0,7.1,7.1,1011.8,1011.8,0.0,0.0,87.88,79.0,340,333,6.2,6.8,69.1,68.3,6.2,6.8,222.9,215.9,1013.9,1013.9,375.18,327.08,1312.38,0.1877,8.8385,126.0,0.0,1442.921, NAN, NAN, NAN, NAN,,2024/04/21 17:53:49.396,2024-04-21 17:53:49.396000+00:00
2024/04/21, 17:54:49.397,41.523,-70.672, NAN,242.9,112.23,0.0,7.1,7.1,1011.8,1011.6,0.0,0.0,87.88,79.0,347,339,6.3,6.5,68.8,69.0,6.3,6.5,229.9,221.9,1013.9,1013.7,375.16,328.01,1311.48,0.1877,8.8298,125.7,0.0,1442.885, NAN, NAN, NAN, NAN,,2024/04/21 17:54:49.397,2024-04-21 17:54:49.397000+00:00
2024/04/21, 17:55:49.397,41.523,-70.672, NAN,242.91,155.58,0.01,7.1,7.1,1011.8,1011.7,0.0,0.0,87.88,79.0,325,322,4.6,6.9,69.4,69.3,4.6,6.9,208.0,205.0,1013.9,1013.8,370.72,328.37,1298.53,0.1878,8.8299,125.7,0.0,1442.886, NAN, NAN, NAN, NAN,,2024/04/21 17:55:49.397,2024-04-21 17:55:49.397000+00:00
2024/04/21, 17:56:49.397,41.523,-70.672, NAN,242.92,20.9,0.01,7.1,7.2,1011.8,1011.7,0.0,0.0,87.88,79.0,340,333,6.1,7.1,69.5,70.5,6.1,7.1,222.9,215.9,1013.9,1013.8,360.64,328.44,1278.06,0.1878,8.8265,126.3,0.0,1442.872, NAN, NAN, NAN, NAN,,2024/04/21 17:56:49.397,2024-04-21 17:56:49.397000+00:00
2024/04/21, 17:57:49.397,41.523,-70.672, NAN,242.96,158.89,0.01,7.1,7.2,1011.8,1011.7,0.0,0.0,87.88,79.0,325,324,5.7,8.4,70.5,69.5,5.7,8.4,208.0,207.0,1013.9,1013.8,367.0,328.02,1293.68,0.1878,8.8235,126.0,0.0,1442.86, NAN, NAN, NAN, NAN,,2024/04/21 17:57:49.397,2024-04-21 17:57:49.397000+00:00
2024/04/21, 17:58:49.397,41.523,-70.672, NAN,242.93,264.59,0.0,7.2,7.2,1011.8,1011.7,0.0,0.0,87.88,79.0,339,333,5.3,7.0,68.8,68.2,5.3,7.0,221.9,215.9,1013.9,1013.8,380.23,327.91,1319.57,0.1879,8.8192,126.0,0.0,1442.842, NAN, NAN, NAN, NAN,,2024/04/21 17:58:49.397,2024-04-21 17:58:49.397000+00:00
2024/04/21, 17:59:49.397,41.523,-70.672, NAN,242.94,152.23,0.0,7.2,7.2,1011.8,1011.6,0.0,0.0,87.88,79.0,339,331,6.2,7.1,68.9,66.2,6.2,7.1,221.9,213.9,1013.9,1013.7,384.05,326.95,1329.2,0.1879,8.8158,126.3,0.0,1442.828, NAN, NAN, NAN, NAN,,2024/04/21 17:59:49.397,2024-04-21 17:59:49.397000+00:00
2024/04/21, 18:00:49.397,41.523,-70.672, NAN,242.94,116.66,0.0,7.1,7.1,1011.6,1011.5,0.0,0.0,87.88,79.0,342,336,6.2,6.6,65.6,65.5,6.2,6.6,224.9,218.9,1013.7,1013.6,377.48,327.26,1312.58,0.1879,8.8145,126.0,0.0,1442.823, NAN, NAN, NAN, NAN,,2024/04/21 18:00:49.397,2024-04-21 18:00:49.397000+00:00
2024/04/21, 18:01:49.397,41.523,-70.672, NAN,242.99,305.54,0.0,7.1,7.1,1011.6,1011.5,0.0,0.0,87.88,79.0,339,333,5.8,6.4,65.9,67.7,5.8,6.4,222.0,216.0,1013.7,1013.6,371.14,327.63,1297.71,0.188,8.8148,126.0,0.0,1442.824, NAN, NAN, NAN, NAN,,2024/04/21 18:01:49.397,2024-04-21 18:01:49.397000+00:00
2024/04/21, 18:02:49.397,41.523,-70.672, NAN,243.01,345.31,0.01,7.0,7.1,1011.6,1011.5,0.0,0.0,87.88,79.0,324,322,6.2,9.2,67.9,67.8,6.2,9.2,207.0,205.0,1013.7,1013.6,361.63,327.66,1275.55,0.188,8.814,125.7,0.0,1442.821, NAN, NAN, NAN, NAN,,2024/04/21 18:02:49.397,2024-04-21 18:02:49.397000+00:00
2024/04/21, 18:03:49.397,41.523,-70.672, NAN,242.95,297.29,0.0,7.1,7.1,1011.6,1011.5,0.0,0.0,87.88,79.0,333,329,6.0,8.0,69.2,69.3,6.0,8.0,216.0,212.0,1013.7,1013.6,352.65,327.59,1255.77,0.188,8.8128,126.0,0.0,1442.816, NAN, NAN, NAN, NAN,,2024/04/21 18:03:49.397,2024-04-21 18:03:49.397000+00:00
2024/04/21, 18:04:49.397,41.523,-70.672, NAN,242.98,67.88,0.0,7.1,7.1,1011.5,1011.5,0.0,0.0,87.88,79.0,337,330,6.1,7.0,69.3,66.4,6.1,7.0,220.0,213.0,1013.6,1013.6,347.03,327.12,1243.64,0.1881,8.8126,125.7,0.0,1442.815, NAN, NAN, NAN, NAN,,2024/04/21 18:04:49.397,2024-04-21 18:04:49.397000+00:00
2024/04/21, 18:05:49.397,41.523,-70.672, NAN,242.96,274.34,0.01,7.1,7.1,1011.5,1011.5,0.0,0.0,87.88,79.0,336,329,6.8,8.4,66.7,65.9,6.8,8.4,218.9,211.9,1013.6,1013.6,347.47,327.33,1244.35,0.1881,8.8118,126.0,0.0,1442.812, NAN, NAN, NAN, NAN,,2024/04/21 18:05:49.397,2024-04-21 18:05:49.397000+00:00
2024/04/21, 18:06:49.397,41.523,-70.672, NAN,242.95,156.97,0.0,7.1,7.1,1011.5,1011.5,0.0,0.0,87.88,79.0,340,336,5.7,6.1,65.9,67.9,5.7,6.1,223.0,219.0,1013.6,1013.6,350.83,327.73,1251.08,0.1881,8.8148,125.7,0.0,1442.824, NAN, NAN, NAN, NAN,,2024/04/21 18:06:49.397,2024-04-21 18:06:49.397000+00:00
2024/04/21, 18:07:49.397,41.523,-70.672, NAN,243.02,83.05,0.0,7.1,7.1,1011.5,1011.5,0.0,0.0,87.88,79.0,327,324,5.7,8.4,68.2,69.4,5.7,8.4,210.0,207.0,1013.6,1013.6,359.95,327.81,1271.45,0.1881,8.8158,125.4,0.0,1442.828, NAN, NAN, NAN, NAN,,2024/04/21 18:07:49.397,2024-04-21 18:07:49.397000+00:00
2024/04/21, 18:08:49.397,41.523,-70.672, NAN,242.94,330.05,0.0,7.1,7.1,1011.5,1011.3,0.0,0.0,87.88,79.0,340,333,6.1,6.6,69.4,69.5,6.1,6.6,222.9,215.9,1013.6,1013.4,367.95,327.46,1288.88,0.1881,8.8148,126.6,0.0,1442.824, NAN, NAN, NAN, NAN,,2024/04/21 18:08:49.397,2024-04-21 18:08:49.397000+00:00
2024/04/21, 18:09:49.397,41.523,-70.672, NAN,242.93,166.89,0.0,7.1,7.1,1011.4,1011.3,0.0,0.0,87.88,79.0,340,334,6.2,6.9,69.7,69.7,6.2,6.9,222.9,216.9,1013.5,1013.4,371.95,327.44,1297.42,0.1882,8.8145,126.3,0.0,1442.823, NAN, NAN, NAN, NAN,,2024/04/21 18:09:49.397,2024-04-21 18:09:49.397000+00:00
2024/04/21, 18:10:49.398,41.523,-70.672, NAN,242.98,154.81,0.0,7.0,7.1,1011.3,1011.3,0.0,0.0,87.88,79.0,336,329,5.7,7.6,69.6,69.4,5.7,7.6,219.0,212.0,1013.4,1013.4,370.13,327.48,1293.04,0.1882,8.8156,126.3,0.0,1442.828, NAN, NAN, NAN, NAN,,2024/04/21 18:10:49.398,2024-04-21 18:10:49.398000+00:00
2024/04/21, 18:11:49.398,41.523,-70.672, NAN,242.99,339.13,0.0,7.1,7.1,1011.3,1011.3,0.0,0.0,87.88,79.0,336,329,6.0,7.9,69.1,69.4,6.0,7.9,219.0,212.0,1013.4,1013.4,376.54,327.27,1310.08,0.1882,8.8163,125.7,0.0,1442.831, NAN, NAN, NAN, NAN,,2024/04/21 18:11:49.398,2024-04-21 18:11:49.398000+00:00
2024/04/21, 18:12:49.398,41.523,-70.672, NAN,242.98,153.88,0.0,7.1,7.1,1011.3,1011.2,0.0,0.0,87.88,79.0,331,327,5.7,8.3,69.2,68.6,5.7,8.3,214.0,210.0,1013.4,1013.3,380.08,327.74,1317.56,0.1882,8.8147,125.7,0.0,1442.824, NAN, NAN, NAN, NAN,,2024/04/21 18:12:49.398,2024-04-21 18:12:49.398000+00:00
2024/04/21, 18:13:49.398,41.523,-70.672, NAN,243.01,134.22,0.0,7.1,7.1,1011.3,1011.2,0.0,0.0,87.88,79.0,326,324,6.2,9.0,69.2,68.9,6.2,9.0,209.0,207.0,1013.4,1013.3,376.35,327.85,1310.16,0.1883,8.8161,126.3,0.0,1442.83, NAN, NAN, NAN, NAN,,2024/04/21 18:13:49.398,2024-04-21 18:13:49.398000+00:00
2024/04/21, 18:14:49.398,41.523,-70.672, NAN,242.92,179.57,0.0,7.1,7.1,1011.3,1011.2,0.0,0.0,87.88,79.0,342,337,5.4,5.5,69.3,70.0,5.4,5.5,224.9,219.9,1013.4,1013.3,376.81,327.56,1310.35,0.1883,8.8236,126.3,0.0,1442.861, NAN, NAN, NAN, NAN,,2024/04/21 18:14:49.398,2024-04-21 18:14:49.398000+00:00
2024/04/21, 18:15:49.398,41.523,-70.672, NAN,242.93,125.64,0.01,7.1,7.2,1011.2,1011.2,0.0,0.0,87.88,79.0,346,339,5.8,5.9,70.3,71.2,5.8,5.9,229.0,222.0,1013.3,1013.3,373.85,327.9,1305.04,0.1883,8.826,126.0,0.0,1442.87, NAN, NAN, NAN, NAN,,2024/04/21 18:15:49.398,2024-04-21 18:15:49.398000+00:00
2024/04/21, 18:16:49.398,41.523,-70.672, NAN,242.9,257.85,0.0,7.1,7.2,1011.2,1011.2,0.0,0.0,87.88,79.0,347,342,5.4,5.5,71.4,70.5,5.4,5.5,229.9,224.9,1013.3,1013.3,370.42,327.73,1298.69,0.1883,8.8302,126.6,0.0,1442.888, NAN, NAN, NAN, NAN,,2024/04/21 18:16:49.398,2024-04-21 18:16:49.398000+00:00
2024/04/21, 18:17:49.398,41.523,-70.672, NAN,242.92,254.6,0.0,7.1,7.2,1011.3,1011.2,0.0,0.0,87.88,79.0,345,339,5.9,6.1,70.1,67.1,5.9,6.1,227.9,221.9,1013.4,1013.3,375.04,327.99,1309.23,0.1883,8.8293,126.3,0.0,1442.884, NAN, NAN, NAN, NAN,,2024/04/21 18:17:49.398,2024-04-21 18:17:49.398000+00:00
2024/04/21, 18:18:49.398,41.523,-70.672, NAN,242.9,345.92,0.0,7.1,7.2,1011.2,1011.2,0.0,0.0,87.88,79.0,345,340,6.4,6.4,67.0,65.1,6.4,6.4,227.9,222.9,1013.3,1013.3,375.47,327.76,1309.03,0.1884,8.8306,125.4,0.0,1442.889, NAN, NAN, NAN, NAN,,2024/04/21 18:18:49.398,2024-04-21 18:18:49.398000+00:00
2024/04/21, 18:19:49.398,41.523,-70.672, NAN,242.85,113.18,0.01,7.1,7.2,1011.3,1011.2,0.0,0.0,87.88,79.0,347,339,6.5,6.6,64.9,64.0,6.5,6.6,229.9,221.9,1013.4,1013.3,374.3,327.42,1303.16,0.1884,8.8308,126.0,0.0,1442.89, NAN, NAN, NAN, NAN,,2024/04/21 18:19:49.398,2024-04-21 18:19:49.398000+00:00
2024/04/21, 18:20:49.398,41.523,-70.672, NAN,242.93,279.93,0.0,7.1,7.2,1011.2,1011.2,0.0,0.0,87.88,79.0,340,332,6.6,7.2,64.5,64.3,6.6,7.2,222.9,214.9,1013.3,1013.3,366.95,327.23,1283.11,0.1884,8.8323,125.4,0.0,1442.896, NAN, NAN, NAN, NAN,,2024/04/21 18:20:49.398,2024-04-21 18:20:49.398000+00:00
2024/04/21, 18:21:49.398,41.523,-70.672, NAN,242.91,317.94,0.01,7.1,7.1,1011.3,1011.2,0.0,0.0,87.88,79.0,345,339,6.5,6.6,64.0,64.7,6.5,6.6,227.9,221.9,1013.4,1013.3,361.07,327.07,1266.93,0.1885,8.8335,125.4,0.0,1442.901, NAN, NAN, NAN, NAN,,2024/04/21 18:21:49.398,2024-04-21 18:21:49.398000+00:00
2024/04/21, 18:22:49.398,41.523,-70.672, NAN,242.89,344.48,0.01,7.1,7.1,1011.2,1011.2,0.0,0.0,87.88,79.0,349,344,5.7,5.7,64.8,65.2,5.7,5.7,231.8,226.8,1013.3,1013.3,357.42,327.24,1256.94,0.1885,8.8313,125.7,0.0,1442.892, NAN, NAN, NAN, NAN,,2024/04/21 18:22:49.398,2024-04-21 18:22:49.398000+00:00
2024/04/21, 18:23:49.398,41.523,-70.672, NAN,242.93,63.53,0.01,7.1,7.1,1011.2,1011.2,0.0,0.0,87.88,79.0,339,334,6.0,6.7,65.6,67.1,6.0,6.7,222.0,217.0,1013.3,1013.3,356.32,327.27,1252.46,0.1885,8.8286,126.0,0.0,1442.881, NAN, NAN, NAN, NAN,,2024/04/21 18:23:49.398,2024-04-21 18:23:49.398000+00:00
2024/04/21, 18:24:49.398,41.523,-70.672, NAN,242.91,311.38,0.01,7.1,7.1,1011.2,1011.1,0.0,0.0,87.88,79.0,344,337,7.4,7.7,67.3,66.1,7.4,7.7,226.9,219.9,1013.3,1013.2,352.9,326.91,1241.32,0.1885,8.8264,125.7,0.0,1442.872, NAN, NAN, NAN, NAN,,2024/04/21 18:24:49.398,2024-04-21 18:24:49.398000+00:00
2024/04/21, 18:25:49.398,41.523,-70.672, NAN,242.94,133.64,0.0,7.1,7.1,1011.2,1011.2,0.0,0.0,87.88,79.0,343,335,6.0,6.5,66.4,67.8,6.0,6.5,225.9,217.9,1013.3,1013.3,352.1,327.23,1240.82,0.1885,8.8242,126.0,0.0,1442.863, NAN, NAN, NAN, NAN,,2024/04/21 18:25:49.398,2024-04-21 18:25:49.398000+00:00
2024/04/21, 18:26:49.399,41.523,-70.672, NAN,242.83,295.63,0.0,7.0,7.1,1011.2,1011.1,0.0,0.0,87.88,79.0,347,339,6.8,6.9,68.6,69.0,6.8,6.9,229.8,221.8,1013.3,1013.2,355.07,327.93,1247.59,0.1886,8.8222,126.0,0.0,1442.855, NAN, NAN, NAN, NAN,,2024/04/21 18:26:49.399,2024-04-21 18:26:49.399000+00:00
2024/04/21, 18:27:49.399,41.523,-70.672, NAN,242.91,300.6,0.01,7.0,7.1,1011.1,1011.0,0.0,0.0,87.88,79.0,348,341,7.6,7.5,68.8,69.3,7.6,7.5,230.9,223.9,1013.2,1013.1,355.24,327.4,1245.98,0.1886,8.8216,127.8,0.0,1442.853, NAN, NAN, NAN, NAN,,2024/04/21 18:27:49.399,2024-04-21 18:27:49.399000+00:00
2024/04/21, 18:28:49.399,41.523,-70.672, NAN,242.86,97.72,0.01,7.0,7.0,1011.0,1011.0,0.0,0.0,87.88,79.0,346,340,7.0,7.1,69.5,69.6,7.0,7.1,228.9,222.9,1013.1,1013.1,359.24,328.08,1256.1,0.1886,8.8237,125.7,0.0,1442.861, NAN, NAN, NAN, NAN,,2024/04/21 18:28:49.399,2024-04-21 18:28:49.399000+00:00
2024/04/21, 18:29:49.399,41.523,-70.672, NAN,242.96,155.11,0.0,7.0,7.1,1011.0,1011.0,0.0,0.0,87.88,79.0,340,333,6.3,7.7,69.7,69.3,6.3,7.7,223.0,216.0,1013.1,1013.1,361.11,328.49,1253.67,0.1887,8.8244,126.3,0.0,1442.864, NAN, NAN, NAN, NAN,,2024/04/21 18:29:49.399,2024-04-21 18:29:49.399000+00:00
2024/04/21, 18:30:49.399,41.523,-70.672, NAN,242.96,334.37,0.0,7.1,7.1,1011.1,1011.0,0.0,0.0,87.88,79.0,331,326,7.0,9.5,69.9,69.6,7.0,9.5,214.0,209.0,1013.2,1013.1,353.57,327.42,1233.13,0.1887,8.826,126.0,0.0,1442.871, NAN, NAN, NAN, NAN,,2024/04/21 18:30:49.399,2024-04-21 18:30:49.399000+00:00
2024/04/21, 18:31:49.399,41.523,-70.672, NAN,242.93,115.61,0.01,7.1,7.1,1011.1,1011.0,0.0,0.0,87.88,79.0,337,331,6.5,7.7,65.5,65.5,6.5,7.7,220.0,214.0,1013.2,1013.1,347.89,327.22,1219.95,0.1887,8.8308,126.6,0.0,1442.89, NAN, NAN, NAN, NAN,,2024/04/21 18:31:49.399,2024-04-21 18:31:49.399000+00:00
2024/04/21, 18:32:49.399,41.523,-70.672, NAN,242.93,78.54,0.0,7.1,7.1,1011.0,1011.0,0.0,0.0,87.88,79.0,341,335,7.1,7.2,65.5,66.0,7.1,7.2,223.9,217.9,1013.1,1013.1,348.29,327.02,1219.35,0.1888,8.8302,126.6,0.0,1442.888, NAN, NAN, NAN, NAN,,2024/04/21 18:32:49.399,2024-04-21 18:32:49.399000+00:00
2024/04/21, 18:33:49.399,41.523,-70.672, NAN,242.94,291.0,0.01,7.1,7.1,1011.1,1011.1,0.0,0.0,87.88,79.0,326,325,5.8,7.8,65.8,64.9,5.8,7.8,208.9,207.9,1013.2,1013.2,350.01,327.14,1221.16,0.1888,8.8284,126.3,0.0,1442.881, NAN, NAN, NAN, NAN,,2024/04/21 18:33:49.399,2024-04-21 18:33:49.399000+00:00
2024/04/21, 18:34:49.399,41.523,-70.672, NAN,243.01,133.49,0.01,7.1,7.1,1011.1,1011.0,0.0,0.0,87.88,79.0,336,331,7.0,8.4,65.1,65.0,7.0,8.4,219.0,214.0,1013.2,1013.1,345.78,326.92,1203.89,0.1888,8.8262,126.0,0.0,1442.872, NAN, NAN, NAN, NAN,,2024/04/21 18:34:49.399,2024-04-21 18:34:49.399000+00:00
2024/04/21, 18:35:49.399,41.523,-70.672, NAN,242.91,119.94,0.0,7.1,7.1,1011.1,1011.0,0.0,0.0,87.88,79.0,334,329,7.2,8.9,66.2,66.4,7.2,8.9,216.9,211.9,1013.2,1013.1,335.22,327.12,1176.63,0.1889,8.8183,125.7,0.0,1442.84, NAN, NAN, NAN, NAN,,2024/04/21 18:35:49.399,2024-04-21 18:35:49.399000+00:00
2024/04/21, 18:36:49.399,41.523,-70.672, NAN,242.94,104.52,0.0,7.1,7.1,1011.2,1011.1,0.0,0.0,87.88,79.0,336,332,6.3,7.7,66.6,66.2,6.3,7.7,218.9,214.9,1013.3,1013.2,325.16,327.65,1150.5,0.1889,8.8141,126.3,0.0,1442.823, NAN, NAN, NAN, NAN,,2024/04/21 18:36:49.399,2024-04-21 18:36:49.399000+00:00
2024/04/21, 18:37:49.399,41.523,-70.672, NAN,242.98,303.09,0.0,7.1,7.2,1011.2,1011.1,0.0,0.0,87.88,79.0,335,329,6.2,8.0,66.5,65.9,6.2,8.0,218.0,212.0,1013.3,1013.2,315.05,327.66,1124.05,0.1889,8.8136,125.4,0.0,1442.82, NAN, NAN, NAN, NAN,,2024/04/21 18:37:49.399,2024-04-21 18:37:49.399000+00:00
2024/04/21, 18:38:49.399,41.523,-70.672, NAN,242.97,115.18,0.01,7.1,7.2,1011.1,1011.1,0.0,0.0,87.88,79.0,329,326,6.8,9.3,65.1,65.3,6.8,9.3,212.0,209.0,1013.2,1013.2,306.66,327.73,1101.13,0.1889,8.8148,125.7,0.0,1442.825, NAN, NAN, NAN, NAN,,2024/04/21 18:38:49.399,2024-04-21 18:38:49.399000+00:00
2024/04/21, 18:39:49.399,41.523,-70.672, NAN,243.0,333.4,0.0,7.1,7.2,1011.1,1011.1,0.0,0.0,87.88,79.0,336,330,6.2,7.8,65.6,66.6,6.2,7.8,219.0,213.0,1013.2,1013.2,298.57,328.03,1075.41,0.189,8.8154,125.4,0.0,1442.828, NAN, NAN, NAN, NAN,,2024/04/21 18:39:49.399,2024-04-21 18:39:49.399000+00:00
2024/04/21, 18:40:49.399,41.523,-70.672, NAN,242.98,213.36,0.0,7.1,7.2,1011.2,1011.1,0.0,0.0,87.88,79.0,335,328,6.8,9.2,67.0,68.1,6.8,9.2,218.0,211.0,1013.3,1013.2,291.74,328.43,1058.47,0.189,8.8206,125.7,0.0,1442.849, NAN, NAN, NAN, NAN,,2024/04/21 18:40:49.399,2024-04-21 18:40:49.399000+00:00
2024/04/21, 18:41:49.399,41.523,-70.672, NAN,242.98,135.14,0.01,7.1,7.1,1011.1,1011.1,0.0,0.0,87.88,79.0,329,327,7.4,9.4,68.2,67.5,7.4,9.4,212.0,210.0,1013.2,1013.2,287.04,328.66,1045.41,0.1891,8.8249,125.1,0.0,1442.867, NAN, NAN, NAN, NAN,,2024/04/21 18:41:49.399,2024-04-21 18:41:49.399000+00:00
2024/04/21, 18:42:49.400,41.523,-70.672, NAN,243.02,261.6,0.0,7.1,7.2,1011.1,1011.1,0.0,0.0,87.88,79.0,325,322,6.5,9.2,67.9,69.4,6.5,9.2,208.0,205.0,1013.2,1013.2,284.83,328.58,1038.11,0.1891,8.8288,125.1,0.0,1442.883, NAN, NAN, NAN, NAN,,2024/04/21 18:42:49.400,2024-04-21 18:42:49.400000+00:00
2024/04/21, 18:43:49.400,41.523,-70.672, NAN,243.02,24.95,0.0,7.1,7.2,1011.2,1011.1,0.0,0.0,87.88,79.0,331,326,5.4,8.0,68.3,69.4,5.4,8.0,214.0,209.0,1013.3,1013.2,284.42,329.07,1034.28,0.1891,8.835,125.4,0.0,1442.908, NAN, NAN, NAN, NAN,,2024/04/21 18:43:49.400,2024-04-21 18:43:49.400000+00:00
2024/04/21, 18:44:49.400,41.523,-70.672, NAN,242.96,196.27,0.01,7.2,7.2,1011.2,1011.1,0.0,0.0,87.88,79.0,338,331,6.4,7.6,69.7,69.1,6.4,7.6,221.0,214.0,1013.3,1013.2,283.21,328.61,1028.25,0.1892,8.8336,125.4,0.0,1442.903, NAN, NAN, NAN, NAN,,2024/04/21 18:44:49.400,2024-04-21 18:44:49.400000+00:00
2024/04/21, 18:45:49.400,41.523,-70.672, NAN,242.9,330.7,0.01,7.2,7.2,1011.0,1011.0,0.0,0.0,87.88,79.0,353,345,6.6,6.4,69.1,69.1,6.6,6.4,235.9,227.9,1013.1,1013.1,280.67,328.74,1020.7,0.1892,8.8262,126.0,0.0,1442.872, NAN, NAN, NAN, NAN,,2024/04/21 18:45:49.400,2024-04-21 18:45:49.400000+00:00
2024/04/21, 18:46:49.400,41.523,-70.672, NAN,242.98,221.59,0.01,7.2,7.2,1011.0,1011.0,0.0,0.0,87.88,79.0,337,331,6.9,8.4,69.4,69.2,6.9,8.4,220.0,214.0,1013.1,1013.1,278.36,329.16,1015.42,0.1893,8.8165,125.4,0.0,1442.833, NAN, NAN, NAN, NAN,,2024/04/21 18:46:49.400,2024-04-21 18:46:49.400000+00:00
2024/04/21, 18:47:49.400,41.523,-70.672, NAN,243.05,160.12,0.0,7.2,7.2,1011.0,1010.9,0.0,0.0,87.88,79.0,331,326,7.8,10.3,71.1,69.2,7.8,10.3,214.0,209.0,1013.1,1013.0,279.63,328.6,1018.08,0.1893,8.813,125.7,0.0,1442.819, NAN, NAN, NAN, NAN,,2024/04/21 18:47:49.400,2024-04-21 18:47:49.400000+00:00
2024/04/21, 18:48:49.400,41.523,-70.672, NAN,242.99,204.05,0.0,7.2,7.2,1011.0,1010.9,0.0,0.0,87.88,79.0,337,331,7.5,8.8,68.3,66.7,7.5,8.8,220.0,214.0,1013.1,1013.0,282.6,328.06,1023.81,0.1893,8.8151,126.0,0.0,1442.827, NAN, NAN, NAN, NAN,,2024/04/21 18:48:49.400,2024-04-21 18:48:49.400000+00:00
2024/04/21, 18:49:49.400,41.523,-70.672, NAN,242.98,188.27,0.0,7.1,7.2,1011.0,1010.9,0.0,0.0,87.88,79.0,334,328,8.1,9.8,66.7,66.2,8.1,9.8,217.0,211.0,1013.1,1013.0,283.26,328.11,1025.26,0.1894,8.8221,126.6,0.0,1442.856, NAN, NAN, NAN, NAN,,2024/04/21 18:49:49.400,2024-04-21 18:49:49.400000+00:00
2024/04/21, 18:50:49.400,41.523,-70.672, NAN,242.98,149.61,0.01,7.1,7.1,1011.0,1010.9,0.0,0.0,87.88,79.0,336,329,7.2,8.9,66.2,67.8,7.2,8.9,219.0,212.0,1013.1,1013.0,283.77,328.55,1027.27,0.1894,8.8283,126.6,0.0,1442.881, NAN, NAN, NAN, NAN,,2024/04/21 18:50:49.400,2024-04-21 18:50:49.400000+00:00
2024/04/21, 18:51:49.400,41.523,-70.672, NAN,243.03,298.67,0.0,7.1,7.1,1010.9,1010.8,0.0,0.0,87.88,79.0,335,330,8.0,9.5,67.5,67.9,8.0,9.5,218.0,213.0,1013.0,1012.9,284.19,328.88,1028.33,0.1894,8.8322,125.7,0.0,1442.897, NAN, NAN, NAN, NAN,,2024/04/21 18:51:49.400,2024-04-21 18:51:49.400000+00:00
2024/04/21, 18:52:49.400,41.523,-70.672, NAN,243.01,96.81,0.01,7.1,7.1,1010.8,1010.8,0.0,0.0,87.88,79.0,332,327,7.0,9.5,68.2,68.1,7.0,9.5,215.0,210.0,1012.9,1012.9,284.5,328.55,1028.26,0.1894,8.8361,126.0,0.0,1442.913, NAN, NAN, NAN, NAN,,2024/04/21 18:52:49.400,2024-04-21 18:52:49.400000+00:00
2024/04/21, 18:53:49.400,41.523,-70.672, NAN,243.04,155.49,0.01,7.1,7.1,1010.8,1010.8,0.0,0.0,87.88,79.0,337,330,7.7,8.9,68.2,68.4,7.7,8.9,220.0,213.0,1012.9,1012.9,284.22,328.65,1027.83,0.1895,8.8395,126.0,0.0,1442.927, NAN, NAN, NAN, NAN,,2024/04/21 18:53:49.400,2024-04-21 18:53:49.400000+00:00
2024/04/21, 18:54:49.400,41.523,-70.672, NAN,242.94,352.66,0.0,7.1,7.2,1010.8,1010.8,0.0,0.0,87.88,79.0,340,334,7.5,8.1,68.1,67.5,7.5,8.1,222.9,216.9,1012.9,1012.9,285.11,328.96,1030.59,0.1895,8.8369,126.0,0.0,1442.916, NAN, NAN, NAN, NAN,,2024/04/21 18:54:49.400,2024-04-21 18:54:49.400000+00:00
2024/04/21, 18:55:49.400,41.523,-70.672, NAN,242.97,68.48,0.01,7.1,7.2,1010.8,1010.9,0.0,0.0,87.88,79.0,340,333,5.1,5.7,67.4,66.9,5.1,5.7,223.0,216.0,1012.9,1013.0,286.52,329.94,1033.31,0.1895,8.8259,125.4,0.0,1442.871, NAN, NAN, NAN, NAN,,2024/04/21 18:55:49.400,2024-04-21 18:55:49.400000+00:00
2024/04/21, 18:56:49.400,41.523,-70.672, NAN,242.89,124.18,0.01,7.2,7.3,1010.9,1010.8,0.0,0.0,87.88,79.0,340,334,5.7,6.6,67.1,67.4,5.7,6.6,222.9,216.9,1013.0,1012.9,288.21,329.63,1036.66,0.1896,8.8248,125.4,0.0,1442.867, NAN, NAN, NAN, NAN,,2024/04/21 18:56:49.400,2024-04-21 18:56:49.400000+00:00
2024/04/21, 18:57:49.400,41.523,-70.672, NAN,242.95,311.72,0.01,7.2,7.3,1010.8,1010.7,0.0,0.0,87.88,79.0,343,336,7.9,8.5,67.6,69.6,7.9,8.5,225.9,218.9,1012.9,1012.8,287.61,328.64,1034.38,0.1896,8.83,126.0,0.0,1442.888, NAN, NAN, NAN, NAN,,2024/04/21 18:57:49.400,2024-04-21 18:57:49.400000+00:00
2024/04/21, 18:58:49.401,41.523,-70.672, NAN,242.93,35.15,0.0,7.3,7.3,1010.8,1010.8,0.0,0.0,87.88,79.0,338,332,7.4,8.0,68.6,67.1,7.4,8.0,220.9,214.9,1012.9,1012.9,283.65,328.6,1024.99,0.1896,8.8375,126.0,0.0,1442.919, NAN, NAN, NAN, NAN,,2024/04/21 18:58:49.401,2024-04-21 18:58:49.401000+00:00
2024/04/21, 18:59:49.401,41.523,-70.672, NAN,242.97,154.9,0.01,7.2,7.2,1010.8,1010.8,0.0,0.0,87.88,79.0,341,335,8.0,8.2,66.9,66.3,8.0,8.2,224.0,218.0,1012.9,1012.9,280.06,328.9,1015.45,0.1897,8.8416,125.4,0.0,1442.936, NAN, NAN, NAN, NAN,,2024/04/21 18:59:49.401,2024-04-21 18:59:49.401000+00:00
2024/04/21, 19:00:49.401,41.523,-70.672, NAN,242.98,191.67,0.0,7.2,7.2,1010.8,1010.8,0.0,0.0,87.88,79.0,339,332,7.4,8.1,66.7,68.0,7.4,8.1,222.0,215.0,1012.9,1012.9,280.28,329.17,1016.44,0.1897,8.8446,125.7,0.0,1442.948, NAN, NAN, NAN, NAN,,2024/04/21 19:00:49.401,2024-04-21 19:00:49.401000+00:00
2024/04/21, 19:01:49.401,41.523,-70.672, NAN,243.03,187.96,0.01,7.2,7.2,1010.8,1010.8,0.0,0.0,87.88,79.0,332,326,7.3,9.7,68.1,68.1,7.3,9.7,215.0,209.0,1012.9,1012.9,280.06,329.14,1015.78,0.1897,8.8485,126.0,0.0,1442.964, NAN, NAN, NAN, NAN,,2024/04/21 19:01:49.401,2024-04-21 19:01:49.401000+00:00
2024/04/21, 19:02:49.401,41.523,-70.672, NAN,242.98,132.49,0.01,7.1,7.2,1010.8,1010.8,0.0,0.0,87.88,79.0,334,328,7.4,9.7,68.5,67.2,7.4,9.7,217.0,211.0,1012.9,1012.9,278.41,329.43,1012.6,0.1898,8.8431,126.6,0.0,1442.942, NAN, NAN, NAN, NAN,,2024/04/21 19:02:49.401,2024-04-21 19:02:49.401000+00:00
2024/04/21, 19:03:49.401,41.523,-70.672, NAN,242.97,13.9,0.01,7.1,7.2,1010.8,1010.7,0.0,0.0,87.88,79.0,341,334,7.3,7.4,66.9,66.7,7.3,7.4,224.0,217.0,1012.9,1012.8,276.1,329.51,1008.69,0.1898,8.8423,126.3,0.0,1442.939, NAN, NAN, NAN, NAN,,2024/04/21 19:03:49.401,2024-04-21 19:03:49.401000+00:00
2024/04/21, 19:04:49.401,41.523,-70.672, NAN,242.78,168.28,0.01,7.1,7.2,1010.7,1010.7,0.0,0.0,87.88,79.0,345,337,6.7,7.0,65.8,65.2,6.7,7.0,227.8,219.8,1012.8,1012.8,275.28,329.93,1007.72,0.1898,8.8449,126.3,0.0,1442.949, NAN, NAN, NAN, NAN,,2024/04/21 19:04:49.401,2024-04-21 19:04:49.401000+00:00
2024/04/21, 19:05:49.401,41.523,-70.672, NAN,242.99,324.01,0.01,7.1,7.2,1010.8,1010.7,0.0,0.0,87.88,79.0,337,332,7.0,8.0,65.5,65.6,7.0,8.0,220.0,215.0,1012.9,1012.8,277.42,330.49,1011.52,0.1899,8.8458,125.4,0.0,1442.953, NAN, NAN, NAN, NAN,,2024/04/21 19:05:49.401,2024-04-21 19:05:49.401000+00:00
2024/04/21, 19:06:49.401,41.523,-70.672, NAN,242.99,320.16,0.01,7.2,7.2,1010.8,1010.7,0.0,0.0,87.88,79.0,340,331,7.0,8.6,65.3,63.7,7.0,8.6,223.0,214.0,1012.9,1012.8,280.44,330.55,1018.02,0.1899,8.8444,125.1,0.0,1442.948, NAN, NAN, NAN, NAN,,2024/04/21 19:06:49.401,2024-04-21 19:06:49.401000+00:00
2024/04/21, 19:07:49.401,41.523,-70.672, NAN,242.82,336.18,0.01,7.2,7.2,1010.7,1010.8,0.0,0.0,87.88,79.0,350,340,6.0,5.7,63.6,63.6,6.0,5.7,232.8,222.8,1012.8,1012.9,283.44,330.8,1024.44,0.1899,8.8467,126.0,0.0,1442.957, NAN, NAN, NAN, NAN,,2024/04/21 19:07:49.401,2024-04-21 19:07:49.401000+00:00
2024/04/21, 19:08:49.401,41.523,-70.672, NAN,243.07,218.16,0.01,7.3,7.3,1010.8,1010.7,0.0,0.0,87.88,79.0,330,326,6.8,9.0,62.2,62.8,6.8,9.0,213.0,209.1,1012.9,1012.8,283.49,330.83,1020.8,0.19,8.8507,125.4,0.0,1442.973, NAN, NAN, NAN, NAN,,2024/04/21 19:08:49.401,2024-04-21 19:08:49.401000+00:00
2024/04/21, 19:09:49.401,41.523,-70.672, NAN,242.99,307.01,0.01,7.3,7.3,1010.8,1010.7,0.0,0.0,87.88,79.0,338,331,6.4,7.9,63.2,62.7,6.4,7.9,221.0,214.0,1012.9,1012.8,281.43,330.52,1013.39,0.19,8.8587,125.1,0.0,1443.006, NAN, NAN, NAN, NAN,,2024/04/21 19:09:49.401,2024-04-21 19:09:49.401000+00:00
2024/04/21, 19:10:49.401,41.523,-70.672, NAN,242.94,174.06,0.01,7.3,7.4,1010.8,1010.6,0.0,0.0,87.88,79.0,339,333,7.7,8.4,62.3,62.0,7.7,8.4,222.0,216.0,1012.9,1012.7,276.88,330.1,1001.12,0.19,8.8624,125.1,0.0,1443.021, NAN, NAN, NAN, NAN,,2024/04/21 19:10:49.401,2024-04-21 19:10:49.401000+00:00
2024/04/21, 19:11:49.401,41.523,-70.672, NAN,243.02,197.31,0.0,7.3,7.3,1010.7,1010.6,0.0,0.0,87.88,79.0,335,329,8.2,10.3,61.3,59.9,8.2,10.3,218.0,212.0,1012.8,1012.7,273.35,329.8,992.12,0.1901,8.8673,125.4,0.0,1443.041, NAN, NAN, NAN, NAN,,2024/04/21 19:11:49.401,2024-04-21 19:11:49.401000+00:00
2024/04/21, 19:12:49.401,41.523,-70.672, NAN,242.98,42.83,0.0,7.3,7.3,1010.7,1010.6,0.0,0.0,87.88,79.0,342,335,7.3,8.0,60.0,61.7,7.3,8.0,225.0,218.0,1012.8,1012.7,273.11,330.04,989.88,0.1901,8.8669,126.0,0.0,1443.04, NAN, NAN, NAN, NAN,,2024/04/21 19:12:49.401,2024-04-21 19:12:49.401000+00:00
2024/04/21, 19:13:49.401,41.523,-70.672, NAN,242.94,126.49,0.01,7.3,7.3,1010.7,1010.6,0.0,0.0,87.88,79.0,334,329,6.9,9.2,61.9,62.5,6.9,9.2,217.0,212.0,1012.8,1012.7,273.19,330.16,986.85,0.1901,8.8626,125.7,0.0,1443.022, NAN, NAN, NAN, NAN,,2024/04/21 19:13:49.401,2024-04-21 19:13:49.401000+00:00
2024/04/21, 19:14:49.402,41.523,-70.672, NAN,242.94,31.5,0.01,7.3,7.3,1010.7,1010.6,0.0,0.0,87.88,79.0,334,329,7.8,9.5,62.5,62.8,7.8,9.5,217.0,212.0,1012.8,1012.7,272.34,329.81,984.3,0.1902,8.8568,124.8,0.0,1442.999, NAN, NAN, NAN, NAN,,2024/04/21 19:14:49.402,2024-04-21 19:14:49.402000+00:00
2024/04/21, 19:15:49.402,41.523,-70.672, NAN,242.98,185.17,0.0,7.3,7.3,1010.7,1010.6,0.0,0.0,87.88,79.0,338,332,8.4,9.4,62.5,59.4,8.4,9.4,221.0,215.0,1012.8,1012.7,272.16,329.19,983.9,0.1902,8.8518,125.4,0.0,1442.978, NAN, NAN, NAN, NAN,,2024/04/21 19:15:49.402,2024-04-21 19:15:49.402000+00:00
2024/04/21, 19:16:49.402,41.523,-70.672, NAN,242.9,216.03,0.01,7.3,7.3,1010.7,1010.7,0.0,0.0,87.88,79.0,344,339,6.2,6.5,58.9,59.1,6.2,6.5,226.9,221.9,1012.8,1012.8,273.09,329.69,985.95,0.1903,8.8436,125.1,0.0,1442.945, NAN, NAN, NAN, NAN,,2024/04/21 19:16:49.402,2024-04-21 19:16:49.402000+00:00
2024/04/21, 19:17:49.402,41.523,-70.672, NAN,242.94,322.59,0.0,7.3,7.3,1010.7,1010.7,0.0,0.0,87.88,79.0,333,328,6.4,8.7,58.8,62.2,6.4,8.7,215.9,210.9,1012.8,1012.8,273.01,330.04,984.9,0.1903,8.8362,126.3,0.0,1442.915, NAN, NAN, NAN, NAN,,2024/04/21 19:17:49.402,2024-04-21 19:17:49.402000+00:00
2024/04/21, 19:18:49.402,41.523,-70.672, NAN,242.97,222.0,0.01,7.2,7.3,1010.8,1010.7,0.0,0.0,87.88,79.0,341,333,7.2,8.4,62.1,61.1,7.2,8.4,224.0,215.9,1012.9,1012.8,270.33,330.07,976.42,0.1903,8.8375,125.1,0.0,1442.92, NAN, NAN, NAN, NAN,,2024/04/21 19:18:49.402,2024-04-21 19:18:49.402000+00:00
2024/04/21, 19:19:49.402,41.523,-70.672, NAN,242.92,350.9,0.01,7.2,7.3,1010.8,1010.7,0.0,0.0,87.88,79.0,336,331,7.1,8.4,61.5,61.3,7.1,8.4,218.9,213.9,1012.9,1012.8,265.01,330.17,962.1,0.1903,8.8379,124.8,0.0,1442.922, NAN, NAN, NAN, NAN,,2024/04/21 19:19:49.402,2024-04-21 19:19:49.402000+00:00
2024/04/21, 19:20:49.402,41.523,-70.672, NAN,242.93,175.28,0.01,7.3,7.3,1010.8,1010.7,0.0,0.0,87.88,79.0,336,329,7.5,9.3,60.9,60.7,7.5,9.3,219.0,212.0,1012.9,1012.8,258.77,330.09,946.25,0.1904,8.8392,125.1,0.0,1442.927, NAN, NAN, NAN, NAN,,2024/04/21 19:20:49.402,2024-04-21 19:20:49.402000+00:00
2024/04/21, 19:21:49.402,41.523,-70.672, NAN,242.94,260.39,0.01,7.3,7.4,1010.6,1010.6,0.0,0.0,87.88,79.0,343,336,7.4,8.0,60.4,58.8,7.4,8.0,225.9,218.9,1012.7,1012.7,253.27,329.48,932.88,0.1904,8.8422,124.8,0.0,1442.939, NAN, NAN, NAN, NAN,,2024/04/21 19:21:49.402,2024-04-21 19:21:49.402000+00:00
2024/04/21, 19:22:49.402,41.523,-70.672, NAN,242.9,160.9,0.01,7.3,7.4,1010.7,1010.6,0.0,0.0,87.88,79.0,347,340,7.8,8.1,58.2,57.7,7.8,8.1,229.9,222.9,1012.8,1012.7,249.07,329.71,922.3,0.1904,8.8475,125.4,0.0,1442.961, NAN, NAN, NAN, NAN,,2024/04/21 19:22:49.402,2024-04-21 19:22:49.402000+00:00
2024/04/21, 19:23:49.402,41.523,-70.672, NAN,242.99,144.87,0.01,7.3,7.4,1010.7,1010.6,0.0,0.0,87.88,79.0,334,329,7.5,9.0,57.8,58.5,7.5,9.0,217.0,212.0,1012.8,1012.7,247.27,329.92,916.28,0.1905,8.8509,124.8,0.0,1442.975, NAN, NAN, NAN, NAN,,2024/04/21 19:23:49.402,2024-04-21 19:23:49.402000+00:00
2024/04/21, 19:24:49.402,41.523,-70.672, NAN,242.98,166.41,0.01,7.3,7.4,1010.7,1010.6,0.0,0.0,87.88,79.0,332,327,8.6,11.0,58.4,58.9,8.6,11.0,215.0,210.0,1012.8,1012.7,247.64,330.25,915.82,0.1905,8.8523,125.1,0.0,1442.981, NAN, NAN, NAN, NAN,,2024/04/21 19:24:49.402,2024-04-21 19:24:49.402000+00:00
2024/04/21, 19:25:49.402,41.523,-70.672, NAN,242.88,181.73,0.01,7.3,7.4,1010.7,1010.6,0.0,0.0,87.88,79.0,341,335,7.5,8.1,58.4,60.5,7.5,8.1,223.9,217.9,1012.8,1012.7,247.87,330.31,914.99,0.1906,8.8536,124.2,0.0,1442.986, NAN, NAN, NAN, NAN,,2024/04/21 19:25:49.402,2024-04-21 19:25:49.402000+00:00
2024/04/21, 19:26:49.402,41.523,-70.672, NAN,242.98,51.54,0.01,7.3,7.4,1010.7,1010.5,0.0,0.0,87.88,79.0,329,326,7.8,10.2,60.3,61.6,7.8,10.2,212.0,209.0,1012.8,1012.6,247.96,330.6,913.45,0.1906,8.8534,125.4,0.0,1442.985, NAN, NAN, NAN, NAN,,2024/04/21 19:26:49.402,2024-04-21 19:26:49.402000+00:00
2024/04/21, 19:27:49.402,41.523,-70.672, NAN,243.06,132.73,0.0,7.3,7.4,1010.5,1010.5,0.0,0.0,87.88,79.0,330,325,7.9,10.6,61.5,62.0,7.9,10.6,213.1,208.1,1012.6,1012.6,246.94,330.77,909.87,0.1906,8.8567,124.4,0.0,1442.999, NAN, NAN, NAN, NAN,,2024/04/21 19:27:49.402,2024-04-21 19:27:49.402000+00:00
2024/04/21, 19:28:49.402,41.523,-70.672, NAN,243.07,29.3,0.01,7.4,7.4,1010.5,1010.5,0.0,0.0,87.88,79.0,331,327,7.8,10.5,61.8,62.7,7.8,10.5,214.1,210.1,1012.6,1012.6,244.05,331.15,899.41,0.1907,8.8589,124.8,0.0,1443.008, NAN, NAN, NAN, NAN,,2024/04/21 19:28:49.402,2024-04-21 19:28:49.402000+00:00
2024/04/21, 19:29:49.402,41.523,-70.672, NAN,242.99,306.78,0.0,7.4,7.4,1010.6,1010.5,0.0,0.0,87.88,79.0,343,337,7.5,7.7,63.0,63.7,7.5,7.7,226.0,220.0,1012.7,1012.6,239.29,331.06,886.0,0.1907,8.8601,126.3,0.0,1443.013, NAN, NAN, NAN, NAN,,2024/04/21 19:29:49.402,2024-04-21 19:29:49.402000+00:00
2024/04/21, 19:30:49.403,41.523,-70.672, NAN,242.94,130.03,0.01,7.4,7.4,1010.7,1010.5,0.0,0.0,87.88,79.0,338,333,8.8,9.8,63.7,64.5,8.8,9.8,221.0,216.0,1012.8,1012.6,233.66,331.28,871.95,0.1907,8.8604,124.8,0.0,1443.014, NAN, NAN, NAN, NAN,,2024/04/21 19:30:49.403,2024-04-21 19:30:49.403000+00:00
2024/04/21, 19:31:49.403,41.523,-70.672, NAN,242.99,196.23,0.01,7.4,7.4,1010.5,1010.5,0.0,0.0,87.88,79.0,339,333,7.3,8.1,64.8,66.2,7.3,8.1,222.0,216.0,1012.6,1012.6,230.54,331.67,863.73,0.1907,8.8597,125.1,0.0,1443.011, NAN, NAN, NAN, NAN,,2024/04/21 19:31:49.403,2024-04-21 19:31:49.403000+00:00
2024/04/21, 19:32:49.403,41.523,-70.672, NAN,242.94,121.88,0.0,7.4,7.4,1010.6,1010.5,0.0,0.0,87.88,79.0,348,339,5.7,5.9,66.4,66.9,5.7,5.9,230.9,221.9,1012.7,1012.6,230.04,332.04,860.48,0.1907,8.86,125.4,0.0,1443.012, NAN, NAN, NAN, NAN,,2024/04/21 19:32:49.403,2024-04-21 19:32:49.403000+00:00
2024/04/21, 19:33:49.403,41.523,-70.672, NAN,242.9,324.12,0.0,7.4,7.4,1010.5,1010.5,0.0,0.0,87.88,79.0,341,336,8.3,8.6,67.5,67.2,8.3,8.6,223.9,218.9,1012.6,1012.6,229.46,331.63,853.89,0.1908,8.8607,125.1,0.0,1443.015, NAN, NAN, NAN, NAN,,2024/04/21 19:33:49.403,2024-04-21 19:33:49.403000+00:00
2024/04/21, 19:34:49.403,41.523,-70.672, NAN,242.97,97.38,0.01,7.4,7.4,1010.4,1010.5,0.0,0.0,87.88,79.0,337,330,6.7,8.2,66.9,67.9,6.7,8.2,220.0,213.0,1012.5,1012.6,225.36,332.5,840.96,0.1908,8.8604,125.1,0.0,1443.014, NAN, NAN, NAN, NAN,,2024/04/21 19:34:49.403,2024-04-21 19:34:49.403000+00:00
2024/04/21, 19:35:49.403,41.523,-70.672, NAN,242.94,204.06,0.01,7.4,7.5,1010.5,1010.4,0.0,0.0,87.88,79.0,346,340,6.4,6.5,67.6,63.6,6.4,6.5,228.9,222.9,1012.6,1012.5,219.46,332.75,825.57,0.1908,8.8613,126.0,0.0,1443.018, NAN, NAN, NAN, NAN,,2024/04/21 19:35:49.403,2024-04-21 19:35:49.403000+00:00
2024/04/21, 19:36:49.403,41.523,-70.672, NAN,242.89,219.15,0.01,7.5,7.6,1010.5,1010.5,0.0,0.0,87.88,79.0,350,343,5.5,5.8,63.9,64.1,5.5,5.8,232.9,225.9,1012.6,1012.6,215.47,332.37,815.13,0.1908,8.8633,124.8,0.0,1443.026, NAN, NAN, NAN, NAN,,2024/04/21 19:36:49.403,2024-04-21 19:36:49.403000+00:00
2024/04/21, 19:37:49.403,41.523,-70.672, NAN,242.9,324.61,0.01,7.6,7.6,1010.4,1010.5,0.0,0.0,87.88,79.0,351,342,5.9,5.9,65.0,64.8,5.9,5.9,233.9,224.9,1012.5,1012.6,214.99,332.71,810.68,0.1908,8.8654,125.4,0.0,1443.034, NAN, NAN, NAN, NAN,,2024/04/21 19:37:49.403,2024-04-21 19:37:49.403000+00:00
2024/04/21, 19:38:49.403,41.523,-70.672, NAN,242.9,253.21,0.01,7.6,7.6,1010.5,1010.4,0.0,0.0,87.88,79.0,349,342,6.6,6.6,65.0,66.3,6.6,6.6,231.9,224.9,1012.6,1012.5,216.11,332.38,810.57,0.1909,8.8655,124.8,0.0,1443.035, NAN, NAN, NAN, NAN,,2024/04/21 19:38:49.403,2024-04-21 19:38:49.403000+00:00
2024/04/21, 19:39:49.403,41.523,-70.672, NAN,242.87,151.45,0.02,7.6,7.6,1010.5,1010.4,0.0,0.0,87.88,79.0,349,345,5.7,5.6,66.4,66.4,5.7,5.6,232.0,228.0,1012.6,1012.5,215.57,332.83,808.84,0.1909,8.8645,124.4,0.0,1443.031, NAN, NAN, NAN, NAN,,2024/04/21 19:39:49.403,2024-04-21 19:39:49.403000+00:00
2024/04/21, 19:40:49.403,41.523,-70.672, NAN,242.9,176.92,0.01,7.6,7.7,1010.5,1010.4,0.0,0.0,87.88,79.0,343,336,7.2,7.4,66.1,66.2,7.2,7.4,225.9,218.9,1012.6,1012.5,214.48,332.07,805.62,0.1909,8.8657,126.3,0.0,1443.036, NAN, NAN, NAN, NAN,,2024/04/21 19:40:49.403,2024-04-21 19:40:49.403000+00:00
2024/04/21, 19:41:49.403,41.523,-70.672, NAN,242.81,260.84,0.01,7.6,7.7,1010.5,1010.3,0.0,0.0,87.88,79.0,354,347,6.9,6.8,66.1,65.9,6.9,6.8,236.8,229.8,1012.6,1012.4,214.74,332.88,804.3,0.191,8.8668,125.1,0.0,1443.04, NAN, NAN, NAN, NAN,,2024/04/21 19:41:49.403,2024-04-21 19:41:49.403000+00:00
2024/04/21, 19:42:49.403,41.523,-70.672, NAN,242.86,87.59,0.01,7.6,7.7,1010.3,1010.3,0.0,0.0,87.88,79.0,347,340,6.8,6.9,65.4,66.2,6.8,6.9,229.9,222.9,1012.4,1012.4,214.58,331.93,804.01,0.191,8.8682,125.4,0.0,1443.046, NAN, NAN, NAN, NAN,,2024/04/21 19:42:49.403,2024-04-21 19:42:49.403000+00:00
2024/04/21, 19:43:49.403,41.523,-70.672, NAN,242.87,177.54,0.01,7.7,7.6,1010.3,1010.3,0.0,0.0,87.88,79.0,344,337,6.4,6.9,66.0,65.7,6.4,6.9,226.9,219.9,1012.4,1012.4,215.32,332.29,807.81,0.191,8.8711,125.4,0.0,1443.058, NAN, NAN, NAN, NAN,,2024/04/21 19:43:49.403,2024-04-21 19:43:49.403000+00:00
2024/04/21, 19:44:49.403,41.523,-70.672, NAN,242.94,218.81,0.0,7.6,7.6,1010.3,1010.3,0.0,0.0,87.88,79.0,343,337,7.2,7.5,66.1,64.6,7.2,7.5,225.9,219.9,1012.4,1012.4,216.61,332.33,812.14,0.1911,8.8727,124.4,0.0,1443.065, NAN, NAN, NAN, NAN,,2024/04/21 19:44:49.403,2024-04-21 19:44:49.403000+00:00
2024/04/21, 19:45:49.403,41.523,-70.672, NAN,242.72,355.99,0.01,7.6,7.6,1010.4,1010.3,0.0,0.0,87.88,79.0,356,350,7.3,6.9,64.8,65.8,7.3,6.9,238.7,232.7,1012.5,1012.4,217.66,332.43,814.82,0.1911,8.8721,123.9,0.0,1443.062, NAN, NAN, NAN, NAN,,2024/04/21 19:45:49.403,2024-04-21 19:45:49.403000+00:00
2024/04/21, 19:46:49.403,41.523,-70.672, NAN,242.81,308.52,0.02,7.6,7.7,1010.4,1010.5,0.0,0.0,87.88,79.0,8,359,6.1,5.4,64.0,61.3,6.1,5.4,250.8,241.7,1012.5,1012.6,217.75,332.84,815.54,0.1911,8.871,124.8,0.0,1443.058, NAN, NAN, NAN, NAN,,2024/04/21 19:46:49.403,2024-04-21 19:46:49.403000+00:00
2024/04/21, 19:47:49.404,41.523,-70.672, NAN,242.9,160.63,0.01,7.6,7.7,1010.5,1010.5,0.0,0.0,87.88,79.0,348,343,4.6,4.9,61.8,64.6,4.6,4.9,231.0,226.0,1012.6,1012.6,217.32,332.9,814.81,0.1912,8.868,124.2,0.0,1443.046, NAN, NAN, NAN, NAN,,2024/04/21 19:47:49.404,2024-04-21 19:47:49.404000+00:00
2024/04/21, 19:48:49.404,41.523,-70.672, NAN,242.72,168.19,0.01,7.7,7.8,1010.4,1010.3,0.0,0.0,87.88,79.0,8,0,6.7,6.5,65.2,60.4,6.7,6.5,250.7,242.7,1012.5,1012.4,217.37,332.42,816.81,0.1912,8.8643,124.8,0.0,1443.03, NAN, NAN, NAN, NAN,,2024/04/21 19:48:49.404,2024-04-21 19:48:49.404000+00:00
2024/04/21, 19:49:49.404,41.523,-70.672, NAN,242.64,109.71,0.01,7.7,7.8,1010.3,1010.3,0.0,0.0,87.88,79.0,9,3,8.4,8.0,58.9,59.4,8.4,8.0,251.7,245.7,1012.4,1012.4,219.06,332.16,823.32,0.1912,8.8631,124.2,0.0,1443.026, NAN, NAN, NAN, NAN,,2024/04/21 19:49:49.404,2024-04-21 19:49:49.404000+00:00
2024/04/21, 19:50:49.404,41.523,-70.672, NAN,242.78,124.41,0.0,7.7,7.8,1010.2,1010.3,0.0,0.0,87.88,79.0,14,10,5.7,5.4,55.3,57.6,5.7,5.4,256.8,252.8,1012.3,1012.4,223.13,332.58,835.89,0.1912,8.8655,125.1,0.0,1443.035, NAN, NAN, NAN, NAN,,2024/04/21 19:50:49.404,2024-04-21 19:50:49.404000+00:00
2024/04/21, 19:51:49.404,41.523,-70.672, NAN,242.81,34.55,0.01,7.7,7.8,1010.2,1010.2,0.0,0.0,87.88,79.0,353,347,6.1,6.5,58.6,60.6,6.1,6.5,235.8,229.8,1012.3,1012.3,229.43,332.07,854.81,0.1913,8.8641,124.2,0.0,1443.03, NAN, NAN, NAN, NAN,,2024/04/21 19:51:49.404,2024-04-21 19:51:49.404000+00:00
2024/04/21, 19:52:49.404,41.523,-70.672, NAN,242.8,63.66,0.0,7.8,7.8,1010.2,1010.2,0.0,0.0,87.88,79.0,0,353,4.5,4.3,61.4,62.0,4.5,4.3,242.8,235.8,1012.3,1012.3,237.79,332.23,881.19,0.1913,8.8607,124.8,0.0,1443.016, NAN, NAN, NAN, NAN,,2024/04/21 19:52:49.404,2024-04-21 19:52:49.404000+00:00
2024/04/21, 19:53:49.404,41.523,-70.672, NAN,242.71,95.82,0.01,7.8,7.8,1010.3,1010.2,0.0,0.0,87.88,79.0,10,5,7.3,7.2,62.3,61.3,7.3,7.2,252.7,247.7,1012.4,1012.3,230.66,335.33,844.14,0.1913,8.8631,123.9,0.0,1443.026, NAN, NAN, NAN, NAN,,2024/04/21 19:53:49.404,2024-04-21 19:53:49.404000+00:00
2024/04/21, 19:54:49.404,41.523,-70.672, NAN,242.76,101.12,0.01,7.8,7.8,1010.1,1010.1,0.0,0.0,87.88,79.0,347,339,7.4,7.6,60.5,61.2,7.4,7.6,229.7,221.7,1012.2,1012.2,246.73,331.2,905.16,0.1913,8.8684,125.1,0.0,1443.047, NAN, NAN, NAN, NAN,,2024/04/21 19:54:49.404,2024-04-21 19:54:49.404000+00:00
2024/04/21, 19:55:49.404,41.523,-70.672, NAN,242.66,215.38,0.01,7.8,7.8,1010.2,1010.1,0.0,0.0,87.88,79.0,354,347,6.6,6.3,60.1,62.6,6.6,6.3,236.7,229.7,1012.3,1012.2,248.19,331.4,916.35,0.1914,8.8698,124.2,0.0,1443.053, NAN, NAN, NAN, NAN,,2024/04/21 19:55:49.404,2024-04-21 19:55:49.404000+00:00
2024/04/21, 19:56:49.404,41.523,-70.672, NAN,242.76,183.96,0.0,7.7,7.7,1010.2,1010.1,0.0,0.0,87.88,79.0,348,341,7.3,7.3,62.8,66.0,7.3,7.3,230.8,223.8,1012.3,1012.2,252.55,331.32,935.17,0.1914,8.8722,124.2,0.0,1443.063, NAN, NAN, NAN, NAN,,2024/04/21 19:56:49.404,2024-04-21 19:56:49.404000+00:00
2024/04/21, 19:57:49.404,41.523,-70.672, NAN,242.84,345.85,0.01,7.7,7.7,1010.1,1010.1,0.0,0.0,87.88,79.0,346,337,6.8,7.5,65.8,65.7,6.8,7.5,228.8,219.8,1012.2,1012.2,258.6,331.02,961.49,0.1914,8.876,124.4,0.0,1443.078, NAN, NAN, NAN, NAN,,2024/04/21 19:57:49.404,2024-04-21 19:57:49.404000+00:00
2024/04/21, 19:58:49.404,41.523,-70.672, NAN,242.7,230.87,0.01,7.7,7.7,1010.1,1010.0,0.0,0.0,87.88,79.0,353,349,7.0,6.5,65.6,65.7,7.0,6.5,235.7,231.7,1012.2,1012.1,271.07,331.33,1001.73,0.1915,8.8789,125.7,0.0,1443.09, NAN, NAN, NAN, NAN,,2024/04/21 19:58:49.404,2024-04-21 19:58:49.404000+00:00
2024/04/21, 19:59:49.404,41.523,-70.672, NAN,242.92,252.3,0.01,7.6,7.7,1010.1,1010.0,0.0,0.0,87.88,79.0,342,335,6.4,7.2,65.9,67.1,6.4,7.2,224.9,217.9,1012.2,1012.1,283.78,331.09,1041.05,0.1915,8.8801,123.6,0.0,1443.095, NAN, NAN, NAN, NAN,,2024/04/21 19:59:49.404,2024-04-21 19:59:49.404000+00:00
2024/04/21, 20:00:49.404,41.523,-70.672, NAN,242.8,177.54,0.01,7.7,7.7,1010.1,1009.9,0.0,0.0,87.88,79.0,337,332,7.8,9.1,67.0,64.8,7.8,9.1,219.8,214.8,1012.2,1012.0,290.86,330.21,1062.29,0.1915,8.8823,125.1,0.0,1443.104, NAN, NAN, NAN, NAN,,2024/04/21 20:00:49.404,2024-04-21 20:00:49.404000+00:00
2024/04/21, 20:01:49.404,41.523,-70.672, NAN,242.76,311.58,0.01,7.7,7.7,1010.1,1010.1,0.0,0.0,87.88,79.0,342,336,7.3,7.8,66.5,65.0,7.3,7.8,224.8,218.8,1012.2,1012.2,304.33,329.91,1105.96,0.1915,8.8855,123.9,0.0,1443.117, NAN, NAN, NAN, NAN,,2024/04/21 20:01:49.404,2024-04-21 20:01:49.404000+00:00
2024/04/21, 20:02:49.404,41.523,-70.672, NAN,242.87,351.48,0.01,7.6,7.7,1009.9,1009.9,0.0,0.0,87.88,79.0,340,335,8.4,8.5,64.7,65.0,8.4,8.5,222.9,217.9,1012.0,1012.0,317.03,329.19,1162.89,0.1915,8.8916,124.4,0.0,1443.142, NAN, NAN, NAN, NAN,,2024/04/21 20:02:49.404,2024-04-21 20:02:49.404000+00:00
2024/04/21, 20:03:49.405,41.523,-70.672, NAN,242.89,173.13,0.01,7.7,7.7,1009.9,1009.9,0.0,0.0,87.88,79.0,341,336,6.8,7.0,65.3,64.3,6.8,7.0,223.9,218.9,1012.0,1012.0,363.22,328.99,1307.19,0.1916,8.8991,124.8,0.0,1443.173, NAN, NAN, NAN, NAN,,2024/04/21 20:03:49.405,2024-04-21 20:03:49.405000+00:00
2024/04/21, 20:04:49.405,41.523,-70.672, NAN,242.78,176.41,0.01,7.7,7.7,1010.0,1009.9,0.0,0.0,87.88,79.0,342,337,7.7,7.8,64.6,65.1,7.7,7.8,224.8,219.8,1012.1,1012.0,388.49,328.33,1381.2,0.1916,8.906,124.2,0.0,1443.201, NAN, NAN, NAN, NAN,,2024/04/21 20:04:49.405,2024-04-21 20:04:49.405000+00:00
2024/04/21, 20:05:49.405,41.523,-70.672, NAN,242.88,166.55,0.01,7.7,7.8,1009.9,1009.9,0.0,0.0,87.88,79.0,342,335,7.4,7.9,65.9,65.9,7.4,7.9,224.9,217.9,1012.0,1012.0,395.18,326.81,1393.5,0.1916,8.9185,124.2,0.0,1443.252, NAN, NAN, NAN, NAN,,2024/04/21 20:05:49.405,2024-04-21 20:05:49.405000+00:00
2024/04/21, 20:06:49.405,41.523,-70.672, NAN,242.76,358.73,0.01,7.7,7.8,1009.9,1009.9,0.0,0.0,87.88,79.0,349,344,6.5,6.7,65.8,65.3,6.5,6.7,231.8,226.8,1012.0,1012.0,412.14,325.93,1473.12,0.1916,8.9316,123.9,0.0,1443.305, NAN, NAN, NAN, NAN,,2024/04/21 20:06:49.405,2024-04-21 20:06:49.405000+00:00
2024/04/21, 20:07:49.405,41.523,-70.672, NAN,242.83,145.41,0.02,7.7,7.8,1009.9,1009.8,0.0,0.0,87.88,79.0,341,336,8.4,8.7,65.5,60.8,8.4,8.7,223.9,218.9,1012.0,1011.9,371.72,324.33,1303.62,0.1917,8.936,124.4,0.0,1443.323, NAN, NAN, NAN, NAN,,2024/04/21 20:07:49.405,2024-04-21 20:07:49.405000+00:00
2024/04/21, 20:08:49.405,41.523,-70.672, NAN,242.69,318.04,0.0,7.8,7.8,1009.9,1009.8,0.0,0.0,87.88,79.0,0,353,8.1,7.7,60.9,58.5,8.1,7.7,242.7,235.7,1012.0,1011.9,329.29,323.4,1189.94,0.1917,8.9347,123.9,0.0,1443.318, NAN, NAN, NAN, NAN,,2024/04/21 20:08:49.405,2024-04-21 20:08:49.405000+00:00
2024/04/21, 20:09:49.405,41.523,-70.672, NAN,242.79,348.99,0.01,7.8,7.9,1009.9,1009.8,0.0,0.0,87.88,79.0,359,355,7.7,7.7,57.6,59.8,7.7,7.7,241.8,237.8,1012.0,1011.9,317.63,323.71,1162.32,0.1917,8.9305,123.9,0.0,1443.301, NAN, NAN, NAN, NAN,,2024/04/21 20:09:49.405,2024-04-21 20:09:49.405000+00:00
2024/04/21, 20:10:49.405,41.523,-70.672, NAN,242.71,198.04,0.01,7.9,7.9,1009.9,1009.8,0.0,0.0,87.88,79.0,357,352,8.0,7.5,60.0,56.9,8.0,7.5,239.7,234.7,1012.0,1011.9,355.28,324.48,1286.19,0.1918,8.9227,122.9,0.0,1443.269, NAN, NAN, NAN, NAN,,2024/04/21 20:10:49.405,2024-04-21 20:10:49.405000+00:00
2024/04/21, 20:11:49.405,41.523,-70.672, NAN,242.72,233.0,0.0,7.9,7.9,1009.8,1009.8,0.0,0.0,87.88,79.0,354,346,7.3,7.1,56.5,55.0,7.3,7.1,236.7,228.7,1011.9,1011.9,399.35,324.96,1409.05,0.1918,8.9206,123.6,0.0,1443.261, NAN, NAN, NAN, NAN,,2024/04/21 20:11:49.405,2024-04-21 20:11:49.405000+00:00
2024/04/21, 20:12:49.405,41.523,-70.672, NAN,242.73,206.25,0.01,7.9,8.0,1009.8,1009.9,0.0,0.0,87.88,79.0,356,350,5.4,5.1,53.6,54.6,5.4,5.1,238.7,232.7,1011.9,1012.0,406.18,325.09,1393.29,0.1918,8.9276,123.9,0.0,1443.289, NAN, NAN, NAN, NAN,,2024/04/21 20:12:49.405,2024-04-21 20:12:49.405000+00:00
2024/04/21, 20:13:49.405,41.523,-70.672, NAN,242.69,14.86,0.01,7.9,8.0,1009.8,1009.8,0.0,0.0,87.88,79.0,9,2,8.3,8.0,55.3,54.7,8.3,8.0,251.7,244.7,1011.9,1011.9,350.09,322.56,1230.83,0.1918,8.9241,124.2,0.0,1443.275, NAN, NAN, NAN, NAN,,2024/04/21 20:13:49.405,2024-04-21 20:13:49.405000+00:00
2024/04/21, 20:14:49.405,41.523,-70.672, NAN,242.68,65.57,0.02,8.0,8.0,1009.8,1009.9,0.0,0.0,87.88,79.0,344,339,4.6,4.4,54.3,55.7,4.6,4.4,226.8,221.8,1011.9,1012.0,294.23,322.02,1071.74,0.1919,8.9117,123.6,0.0,1443.225, NAN, NAN, NAN, NAN,,2024/04/21 20:14:49.405,2024-04-21 20:14:49.405000+00:00
2024/04/21, 20:15:49.405,41.523,-70.672, NAN,242.7,178.81,0.01,8.0,8.0,1009.9,1009.9,0.0,0.0,87.88,79.0,3,358,6.6,6.3,56.1,56.1,6.6,6.3,245.7,240.7,1012.0,1012.0,296.9,322.46,1086.91,0.1919,8.9026,123.9,0.0,1443.188, NAN, NAN, NAN, NAN,,2024/04/21 20:15:49.405,2024-04-21 20:15:49.405000+00:00
2024/04/21, 20:16:49.405,41.523,-70.672, NAN,242.65,283.93,0.0,8.0,8.1,1009.9,1009.9,0.0,0.0,87.88,79.0,12,13,7.4,7.8,56.3,56.1,7.4,7.8,254.7,255.7,1012.0,1012.0,296.78,322.19,1084.25,0.192,8.8936,123.6,0.0,1443.151, NAN, NAN, NAN, NAN,,2024/04/21 20:16:49.405,2024-04-21 20:16:49.405000+00:00
2024/04/21, 20:17:49.405,41.523,-70.672, NAN,242.63,93.32,0.01,8.0,8.1,1009.9,1009.9,0.0,0.0,87.88,79.0,9,2,9.0,8.4,54.8,51.1,9.0,8.4,251.6,244.6,1012.0,1012.0,286.4,323.27,1039.02,0.192,8.8919,122.7,0.0,1443.144, NAN, NAN, NAN, NAN,,2024/04/21 20:17:49.405,2024-04-21 20:17:49.405000+00:00
2024/04/21, 20:18:49.405,41.523,-70.672, NAN,242.63,319.19,0.0,8.0,8.1,1010.0,1009.9,0.0,0.0,87.88,79.0,18,13,8.5,8.1,51.5,50.0,8.5,8.1,260.6,255.6,1012.1,1012.0,267.52,323.71,977.01,0.192,8.8932,123.6,0.0,1443.149, NAN, NAN, NAN, NAN,,2024/04/21 20:18:49.405,2024-04-21 20:18:49.405000+00:00
2024/04/21, 20:19:49.406,41.523,-70.672, NAN,242.64,219.76,0.01,8.0,8.1,1010.0,1009.9,0.0,0.0,87.88,79.0,0,353,9.2,8.8,50.6,53.5,9.2,8.8,242.7,235.7,1012.1,1012.0,264.54,323.8,971.68,0.192,8.8931,123.6,0.0,1443.149, NAN, NAN, NAN, NAN,,2024/04/21 20:19:49.406,2024-04-21 20:19:49.406000+00:00
2024/04/21, 20:20:49.406,41.523,-70.672, NAN,242.6,85.47,0.0,8.1,8.1,1009.9,1009.9,0.0,0.0,87.88,79.0,4,358,10.2,9.6,52.6,48.6,10.2,9.6,246.6,240.6,1012.0,1012.0,261.43,323.86,965.37,0.1921,8.8884,123.6,0.0,1443.13, NAN, NAN, NAN, NAN,,2024/04/21 20:20:49.406,2024-04-21 20:20:49.406000+00:00
2024/04/21, 20:21:49.406,41.523,-70.672, NAN,242.55,191.48,0.01,8.0,8.1,1010.0,1010.0,0.0,0.0,87.88,79.0,0,354,12.0,11.5,48.8,50.5,12.0,11.5,242.6,236.6,1012.1,1012.1,250.32,324.19,924.57,0.1921,8.8844,123.2,0.0,1443.114, NAN, NAN, NAN, NAN,,2024/04/21 20:21:49.406,2024-04-21 20:21:49.406000+00:00
2024/04/21, 20:22:49.406,41.523,-70.672, NAN,242.55,198.09,0.01,8.0,8.0,1009.9,1009.9,0.0,0.0,87.88,79.0,6,0,11.8,11.0,50.6,51.3,11.8,11.0,248.6,242.6,1012.0,1012.0,250.02,324.44,915.3,0.1921,8.8786,123.6,0.0,1443.09, NAN, NAN, NAN, NAN,,2024/04/21 20:22:49.406,2024-04-21 20:22:49.406000+00:00
2024/04/21, 20:23:49.406,41.523,-70.672, NAN,242.61,292.27,0.01,8.0,8.0,1010.0,1010.0,0.0,0.0,87.88,79.0,2,355,9.7,9.5,51.1,50.8,9.7,9.5,244.6,237.6,1012.1,1012.1,246.97,324.86,910.86,0.1921,8.8729,123.6,0.0,1443.067, NAN, NAN, NAN, NAN,,2024/04/21 20:23:49.406,2024-04-21 20:23:49.406000+00:00
2024/04/21, 20:24:49.406,41.523,-70.672, NAN,242.58,171.74,0.0,8.0,8.0,1010.0,1010.0,0.0,0.0,87.88,79.0,7,0,10.4,9.5,50.8,50.8,10.4,9.5,249.6,242.6,1012.1,1012.1,254.38,324.86,935.38,0.1922,8.873,122.9,0.0,1443.067, NAN, NAN, NAN, NAN,,2024/04/21 20:24:49.406,2024-04-21 20:24:49.406000+00:00
2024/04/21, 20:25:49.406,41.523,-70.672, NAN,242.59,354.18,0.01,8.0,8.0,1009.9,1010.0,0.0,0.0,87.88,79.0,11,6,9.5,8.9,52.3,52.1,9.5,8.9,253.6,248.6,1012.0,1012.1,246.42,324.7,896.27,0.1922,8.874,122.7,0.0,1443.071, NAN, NAN, NAN, NAN,,2024/04/21 20:25:49.406,2024-04-21 20:25:49.406000+00:00
2024/04/21, 20:26:49.406,41.523,-70.672, NAN,242.64,288.36,0.01,8.0,8.0,1010.1,1009.9,0.0,0.0,87.88,79.0,4,357,11.3,10.3,52.4,52.0,11.3,10.3,246.6,239.6,1012.2,1012.0,243.48,325.67,883.16,0.1922,8.8574,123.6,0.0,1443.004, NAN, NAN, NAN, NAN,,2024/04/21 20:26:49.406,2024-04-21 20:26:49.406000+00:00
2024/04/21, 20:27:49.406,41.523,-70.672, NAN,242.52,183.61,0.0,8.0,8.0,1010.0,1009.9,0.0,0.0,87.88,79.0,12,7,10.4,10.1,51.9,52.6,10.4,10.1,254.5,249.5,1012.1,1012.0,240.53,326.3,879.82,0.1923,8.8398,123.2,0.0,1442.932, NAN, NAN, NAN, NAN,,2024/04/21 20:27:49.406,2024-04-21 20:27:49.406000+00:00
2024/04/21, 20:28:49.406,41.523,-70.672, NAN,242.58,71.02,0.01,8.0,8.0,1009.9,1009.8,0.0,0.0,87.88,79.0,11,5,12.5,11.9,52.6,52.8,12.5,11.9,253.6,247.6,1012.0,1011.9,226.46,326.17,834.56,0.1923,8.8299,123.9,0.0,1442.891, NAN, NAN, NAN, NAN,,2024/04/21 20:28:49.406,2024-04-21 20:28:49.406000+00:00
2024/04/21, 20:29:49.406,41.523,-70.672, NAN,242.54,149.08,0.01,8.0,8.0,1009.8,1009.8,0.0,0.0,87.88,79.0,11,3,10.6,10.2,52.8,52.5,10.6,10.2,253.6,245.6,1011.9,1011.9,220.54,326.56,818.59,0.1923,8.8224,122.9,0.0,1442.861, NAN, NAN, NAN, NAN,,2024/04/21 20:29:49.406,2024-04-21 20:29:49.406000+00:00
2024/04/21, 20:30:49.406,41.523,-70.672, NAN,242.52,274.97,0.01,8.0,8.0,1009.9,1009.8,0.0,0.0,87.88,79.0,15,8,10.0,9.6,52.9,54.0,10.0,9.6,257.5,250.5,1012.0,1011.9,216.06,327.12,808.49,0.1923,8.8179,122.4,0.0,1442.842, NAN, NAN, NAN, NAN,,2024/04/21 20:30:49.406,2024-04-21 20:30:49.406000+00:00
2024/04/21, 20:31:49.406,41.523,-70.672, NAN,242.78,350.1,0.02,8.0,8.0,1009.8,1009.9,0.0,0.0,87.88,79.0,353,347,8.0,7.8,53.8,53.5,8.0,7.8,235.7,229.7,1011.9,1012.0,216.79,327.27,808.17,0.1924,8.812,123.2,0.0,1442.818, NAN, NAN, NAN, NAN,,2024/04/21 20:31:49.406,2024-04-21 20:31:49.406000+00:00
2024/04/21, 20:32:49.406,41.523,-70.672, NAN,242.7,272.42,0.01,8.0,8.1,1009.9,1010.0,0.0,0.0,87.88,79.0,12,3,7.9,7.8,53.8,54.3,7.9,7.8,254.7,245.7,1012.0,1012.1,224.99,327.45,827.37,0.1924,8.8099,122.7,0.0,1442.81, NAN, NAN, NAN, NAN,,2024/04/21 20:32:49.406,2024-04-21 20:32:49.406000+00:00
2024/04/21, 20:33:49.406,41.523,-70.672, NAN,242.6,344.83,0.02,8.0,8.1,1010.0,1009.9,0.0,0.0,87.88,79.0,16,9,11.2,10.2,53.9,52.9,11.2,10.2,258.5,251.5,1012.1,1012.0,234.22,327.1,856.14,0.1924,8.805,122.9,0.0,1442.79, NAN, NAN, NAN, NAN,,2024/04/21 20:33:49.406,2024-04-21 20:33:49.406000+00:00
2024/04/21, 20:34:49.406,41.523,-70.672, NAN,242.56,56.68,0.0,8.0,8.0,1009.9,1009.9,0.0,0.0,87.88,79.0,14,7,11.0,10.2,52.6,52.9,11.0,10.2,256.6,249.6,1012.0,1012.0,228.39,327.3,834.05,0.1924,8.7972,122.9,0.0,1442.758, NAN, NAN, NAN, NAN,,2024/04/21 20:34:49.406,2024-04-21 20:34:49.406000+00:00
2024/04/21, 20:35:49.406,41.523,-70.672, NAN,242.54,156.43,0.02,8.0,8.1,1010.0,1009.9,0.0,0.0,87.88,79.0,5,0,10.3,10.1,52.9,53.4,10.3,10.1,247.6,242.6,1012.1,1012.0,217.9,326.96,803.96,0.1925,8.7904,122.7,0.0,1442.73, NAN, NAN, NAN, NAN,,2024/04/21 20:35:49.406,2024-04-21 20:35:49.406000+00:00
2024/04/21, 20:36:49.407,41.523,-70.672, NAN,242.61,313.89,0.01,8.0,8.0,1009.8,1009.8,0.0,0.0,87.88,79.0,3,356,10.7,10.0,53.4,53.8,10.7,10.0,245.6,238.6,1011.9,1011.9,212.81,327.18,787.84,0.1925,8.786,122.7,0.0,1442.712, NAN, NAN, NAN, NAN,,2024/04/21 20:36:49.407,2024-04-21 20:36:49.407000+00:00
2024/04/21, 20:37:49.407,41.523,-70.672, NAN,242.54,147.52,0.01,8.0,8.0,1010.0,1009.8,0.0,0.0,87.88,79.0,12,8,10.2,9.6,53.7,54.9,10.2,9.6,254.6,250.6,1012.1,1011.9,209.39,327.17,775.04,0.1925,8.7812,122.4,0.0,1442.693, NAN, NAN, NAN, NAN,,2024/04/21 20:37:49.407,2024-04-21 20:37:49.407000+00:00
2024/04/21, 20:38:49.407,41.523,-70.672, NAN,242.54,218.42,0.0,8.0,8.0,1009.8,1009.9,0.0,0.0,87.88,79.0,14,11,10.1,9.8,54.3,54.4,10.1,9.8,256.5,253.5,1011.9,1012.0,209.01,327.63,771.38,0.1925,8.7772,122.4,0.0,1442.676, NAN, NAN, NAN, NAN,,2024/04/21 20:38:49.407,2024-04-21 20:38:49.407000+00:00
2024/04/21, 20:39:49.407,41.523,-70.672, NAN,242.54,357.26,0.02,8.0,8.0,1009.8,1009.9,0.0,0.0,87.88,79.0,16,11,10.1,9.3,54.6,54.5,10.1,9.3,258.5,253.5,1011.9,1012.0,209.13,327.26,771.33,0.1925,8.7757,122.4,0.0,1442.67, NAN, NAN, NAN, NAN,,2024/04/21 20:39:49.407,2024-04-21 20:39:49.407000+00:00
2024/04/21, 20:40:49.407,41.523,-70.672, NAN,242.49,344.34,0.01,8.0,8.0,1009.9,1009.9,0.0,0.0,87.88,79.0,1,354,9.6,9.1,54.8,53.3,9.6,9.1,243.5,236.5,1012.0,1012.0,205.23,327.21,759.48,0.1925,8.777,122.4,0.0,1442.675, NAN, NAN, NAN, NAN,,2024/04/21 20:40:49.407,2024-04-21 20:40:49.407000+00:00
2024/04/21, 20:41:49.407,41.523,-70.672, NAN,242.71,304.02,0.0,8.0,8.0,1009.9,1009.8,0.0,0.0,87.88,79.0,355,348,9.1,8.7,53.1,54.3,9.1,8.7,237.7,230.7,1012.0,1011.9,200.87,327.06,747.08,0.1926,8.7707,122.0,0.0,1442.65, NAN, NAN, NAN, NAN,,2024/04/21 20:41:49.407,2024-04-21 20:41:49.407000+00:00
2024/04/21, 20:42:49.407,41.523,-70.672, NAN,242.48,260.07,0.0,8.0,8.1,1009.9,1009.9,0.0,0.0,87.88,79.0,10,4,8.7,8.0,54.5,55.3,8.7,8.0,252.5,246.5,1012.0,1012.0,201.34,327.11,752.77,0.1926,8.7649,122.0,0.0,1442.626, NAN, NAN, NAN, NAN,,2024/04/21 20:42:49.407,2024-04-21 20:42:49.407000+00:00
2024/04/21, 20:43:49.407,41.523,-70.672, NAN,242.52,344.59,0.01,8.0,8.0,1009.8,1009.8,0.0,0.0,87.88,79.0,3,356,10.8,10.7,54.7,54.8,10.8,10.7,245.5,238.5,1011.9,1011.9,203.97,327.05,760.75,0.1926,8.7633,121.4,0.0,1442.62, NAN, NAN, NAN, NAN,,2024/04/21 20:43:49.407,2024-04-21 20:43:49.407000+00:00
2024/04/21, 20:44:49.407,41.523,-70.672, NAN,242.49,5.38,0.01,8.0,8.0,1009.7,1009.8,0.0,0.0,87.88,79.0,18,10,9.2,8.4,54.7,56.0,9.2,8.4,260.5,252.5,1011.8,1011.9,207.89,327.72,771.34,0.1927,8.7634,121.4,0.0,1442.62, NAN, NAN, NAN, NAN,,2024/04/21 20:44:49.407,2024-04-21 20:44:49.407000+00:00
2024/04/21, 20:45:49.407,41.523,-70.672, NAN,242.55,307.2,0.01,8.0,8.0,1009.7,1009.9,0.0,0.0,87.88,79.0,1,354,8.1,7.3,56.3,57.2,8.1,7.3,243.5,236.5,1011.8,1012.0,209.07,327.74,779.52,0.1927,8.7652,121.7,0.0,1442.627, NAN, NAN, NAN, NAN,,2024/04/21 20:45:49.407,2024-04-21 20:45:49.407000+00:00
2024/04/21, 20:46:49.407,41.523,-70.672, NAN,242.52,45.07,0.0,8.0,8.1,1010.0,1009.8,0.0,0.0,87.88,79.0,15,9,8.8,9.2,58.2,57.4,8.8,9.2,257.5,251.5,1012.1,1011.9,208.9,327.16,784.56,0.1927,8.763,122.0,0.0,1442.618, NAN, NAN, NAN, NAN,,2024/04/21 20:46:49.407,2024-04-21 20:46:49.407000+00:00
2024/04/21, 20:47:49.407,41.523,-70.672, NAN,242.54,213.51,0.01,8.0,8.1,1009.7,1009.7,0.0,0.0,87.88,79.0,11,5,9.7,8.9,57.9,57.4,9.7,8.9,253.6,247.6,1011.8,1011.8,212.81,326.89,802.03,0.1927,8.7627,121.7,0.0,1442.617, NAN, NAN, NAN, NAN,,2024/04/21 20:47:49.407,2024-04-21 20:47:49.407000+00:00
2024/04/21, 20:48:49.407,41.523,-70.672, NAN,242.55,164.38,0.01,8.0,8.0,1009.7,1009.7,0.0,0.0,87.88,79.0,13,7,9.8,9.6,57.3,58.9,9.8,9.6,255.6,249.6,1011.8,1011.8,220.5,326.39,828.01,0.1927,8.7656,122.0,0.0,1442.629, NAN, NAN, NAN, NAN,,2024/04/21 20:48:49.407,2024-04-21 20:48:49.407000+00:00
2024/04/21, 20:49:49.407,41.523,-70.672, NAN,242.56,351.93,0.01,8.0,8.0,1009.6,1009.7,0.0,0.0,87.88,79.0,11,4,8.8,8.4,58.5,57.5,8.8,8.4,253.5,246.5,1011.7,1011.8,235.65,326.95,878.72,0.1928,8.7701,121.7,0.0,1442.648, NAN, NAN, NAN, NAN,,2024/04/21 20:49:49.407,2024-04-21 20:49:49.407000+00:00
2024/04/21, 20:50:49.407,41.523,-70.672, NAN,242.64,350.73,0.01,8.0,8.1,1009.7,1009.7,0.0,0.0,87.88,79.0,1,354,12.0,11.2,57.5,57.4,12.0,11.2,243.6,236.6,1011.8,1011.8,240.95,326.34,879.06,0.1928,8.7733,121.7,0.0,1442.661, NAN, NAN, NAN, NAN,,2024/04/21 20:50:49.407,2024-04-21 20:50:49.407000+00:00
2024/04/21, 20:51:49.407,41.523,-70.672, NAN,242.48,330.99,0.0,8.0,8.1,1009.7,1009.7,0.0,0.0,87.88,79.0,356,350,8.8,8.4,57.6,56.4,8.8,8.4,238.5,232.5,1011.8,1011.8,251.32,326.4,924.28,0.1928,8.7768,122.0,0.0,1442.675, NAN, NAN, NAN, NAN,,2024/04/21 20:51:49.407,2024-04-21 20:51:49.407000+00:00
2024/04/21, 20:52:49.408,41.523,-70.672, NAN,242.51,187.33,0.0,8.0,8.1,1009.7,1009.7,0.0,0.0,87.88,79.0,9,3,10.0,9.4,56.2,57.0,10.0,9.4,251.5,245.5,1011.8,1011.8,252.3,325.39,914.91,0.1928,8.7809,121.7,0.0,1442.692, NAN, NAN, NAN, NAN,,2024/04/21 20:52:49.408,2024-04-21 20:52:49.408000+00:00
2024/04/21, 20:53:49.408,41.523,-70.672, NAN,242.53,135.13,0.01,8.0,8.1,1009.6,1009.6,0.0,0.0,87.88,79.0,7,0,10.6,10.1,56.9,57.3,10.6,10.1,249.6,242.6,1011.7,1011.7,261.17,324.38,943.14,0.1928,8.7857,122.7,0.0,1442.711, NAN, NAN, NAN, NAN,,2024/04/21 20:53:49.408,2024-04-21 20:53:49.408000+00:00
2024/04/21, 20:54:49.408,41.523,-70.672, NAN,242.52,72.05,0.01,8.0,8.0,1009.5,1009.6,0.0,0.0,87.88,79.0,11,5,10.3,9.4,57.3,56.6,10.3,9.4,253.5,247.6,1011.6,1011.7,236.67,323.14,852.75,0.1929,8.7942,121.7,0.0,1442.746, NAN, NAN, NAN, NAN,,2024/04/21 20:54:49.408,2024-04-21 20:54:49.408000+00:00
2024/04/21, 20:55:49.408,41.523,-70.672, NAN,242.49,131.23,0.0,8.0,8.0,1009.6,1009.6,0.0,0.0,87.88,79.0,22,17,10.5,9.7,57.1,57.6,10.5,9.7,264.5,259.5,1011.7,1011.7,227.48,322.41,832.18,0.1929,8.796,121.7,0.0,1442.754, NAN, NAN, NAN, NAN,,2024/04/21 20:55:49.408,2024-04-21 20:55:49.408000+00:00
2024/04/21, 20:56:49.408,41.523,-70.672, NAN,242.55,18.41,0.0,8.0,8.0,1009.7,1009.5,0.0,0.0,87.88,79.0,8,1,12.5,12.0,57.4,57.3,12.5,12.0,250.6,243.6,1011.8,1011.6,212.41,321.82,761.09,0.1929,8.799,121.7,0.0,1442.766, NAN, NAN, NAN, NAN,,2024/04/21 20:56:49.408,2024-04-21 20:56:49.408000+00:00
2024/04/21, 20:57:49.408,41.523,-70.672, NAN,242.53,173.88,0.0,8.0,8.0,1009.6,1009.6,0.0,0.0,87.88,79.0,9,3,11.9,11.3,57.0,56.7,11.9,11.3,251.5,245.5,1011.7,1011.7,208.4,322.18,739.95,0.1929,8.7964,121.4,0.0,1442.755, NAN, NAN, NAN, NAN,,2024/04/21 20:57:49.408,2024-04-21 20:57:49.408000+00:00
2024/04/21, 20:58:49.408,41.523,-70.672, NAN,242.58,102.94,0.0,8.0,8.0,1009.6,1009.7,0.0,0.0,87.88,79.0,9,4,10.5,9.7,56.9,56.8,10.5,9.7,251.6,246.6,1011.7,1011.8,200.51,322.26,708.8,0.1929,8.7965,121.1,0.0,1442.756, NAN, NAN, NAN, NAN,,2024/04/21 20:58:49.408,2024-04-21 20:58:49.408000+00:00
2024/04/21, 20:59:49.408,41.523,-70.672, NAN,242.56,154.16,0.02,8.0,8.0,1009.7,1009.5,0.0,0.0,87.88,79.0,359,354,10.7,10.2,57.0,58.4,10.7,10.2,241.6,236.6,1011.8,1011.6,189.47,322.94,676.87,0.193,8.7968,121.1,0.0,1442.757, NAN, NAN, NAN, NAN,,2024/04/21 20:59:49.408,2024-04-21 20:59:49.408000+00:00
2024/04/21, 21:00:49.408,41.523,-70.672, NAN,242.56,217.65,0.01,7.9,8.0,1009.6,1009.6,0.0,0.0,87.88,79.0,3,356,9.7,9.3,58.8,59.1,9.7,9.3,245.6,238.6,1011.7,1011.7,168.04,328.34,595.94,0.193,8.7914,121.4,0.0,1442.735, NAN, NAN, NAN, NAN,,2024/04/21 21:00:49.408,2024-04-21 21:00:49.408000+00:00
2024/04/21, 21:01:49.408,41.523,-70.672, NAN,242.57,190.37,0.0,8.0,8.0,1009.7,1009.7,0.0,0.0,87.88,79.0,5,358,9.6,9.3,58.6,59.7,9.6,9.3,247.6,240.6,1011.8,1011.8,169.14,324.78,613.61,0.193,8.7849,120.8,0.0,1442.708, NAN, NAN, NAN, NAN,,2024/04/21 21:01:49.408,2024-04-21 21:01:49.408000+00:00
2024/04/21, 21:02:49.408,41.523,-70.672, NAN,242.54,201.85,0.01,8.0,8.0,1009.6,1009.7,0.0,0.0,87.88,79.0,10,4,9.0,9.0,59.2,60.1,9.0,9.0,252.5,246.5,1011.7,1011.8,162.89,325.57,597.64,0.1931,8.7771,121.1,0.0,1442.677, NAN, NAN, NAN, NAN,,2024/04/21 21:02:49.408,2024-04-21 21:02:49.408000+00:00
2024/04/21, 21:03:49.408,41.523,-70.672, NAN,242.53,358.29,0.01,8.0,8.0,1009.7,1009.6,0.0,0.0,87.88,79.0,6,1,11.5,10.9,60.4,57.1,11.5,10.9,248.5,243.5,1011.8,1011.7,160.12,326.42,588.77,0.1931,8.7685,121.4,0.0,1442.641, NAN, NAN, NAN, NAN,,2024/04/21 21:03:49.408,2024-04-21 21:03:49.408000+00:00
2024/04/21, 21:04:49.408,41.523,-70.672, NAN,242.58,192.26,0.0,8.0,8.0,1009.5,1009.7,0.0,0.0,87.88,79.0,7,0,11.3,10.6,56.9,57.9,11.3,10.6,249.6,242.6,1011.6,1011.8,161.42,326.86,587.25,0.1931,8.7657,120.8,0.0,1442.63, NAN, NAN, NAN, NAN,,2024/04/21 21:04:49.408,2024-04-21 21:04:49.408000+00:00
2024/04/21, 21:05:49.408,41.523,-70.672, NAN,242.6,22.87,0.01,8.0,8.0,1009.6,1009.7,0.0,0.0,87.88,79.0,7,2,12.2,12.0,57.9,58.2,12.2,12.0,249.6,244.6,1011.7,1011.8,163.77,327.4,589.39,0.1931,8.7643,121.4,0.0,1442.624, NAN, NAN, NAN, NAN,,2024/04/21 21:05:49.408,2024-04-21 21:05:49.408000+00:00
2024/04/21, 21:06:49.408,41.523,-70.672, NAN,242.54,19.76,0.01,8.0,8.0,1009.4,1009.6,0.0,0.0,87.88,79.0,15,10,12.1,11.6,57.9,57.9,12.1,11.6,257.5,252.5,1011.5,1011.7,161.89,328.1,583.99,0.1931,8.765,121.1,0.0,1442.627, NAN, NAN, NAN, NAN,,2024/04/21 21:06:49.408,2024-04-21 21:06:49.408000+00:00
2024/04/21, 21:07:49.408,41.523,-70.672, NAN,242.56,306.9,0.0,7.9,8.0,1009.6,1009.6,0.0,0.0,87.88,79.0,15,9,10.9,10.3,58.1,58.2,10.9,10.3,257.6,251.6,1011.7,1011.7,156.18,328.76,570.05,0.1932,8.7682,121.4,0.0,1442.64, NAN, NAN, NAN, NAN,,2024/04/21 21:07:49.408,2024-04-21 21:07:49.408000+00:00
2024/04/21, 21:08:49.408,41.523,-70.672, NAN,242.64,227.88,0.01,7.9,8.0,1009.6,1009.7,0.0,0.0,87.88,79.0,6,0,8.7,8.1,58.2,60.4,8.7,8.1,248.6,242.6,1011.7,1011.8,149.49,329.23,553.8,0.1932,8.7681,120.8,0.0,1442.64, NAN, NAN, NAN, NAN,,2024/04/21 21:08:49.408,2024-04-21 21:08:49.408000+00:00
2024/04/21, 21:09:49.409,41.523,-70.672, NAN,242.61,83.88,0.01,7.9,8.0,1009.7,1009.5,0.0,0.0,87.88,79.0,355,349,10.4,9.8,60.1,58.6,10.4,9.8,237.6,231.6,1011.8,1011.6,144.08,329.08,543.39,0.1932,8.769,120.5,0.0,1442.644, NAN, NAN, NAN, NAN,,2024/04/21 21:09:49.409,2024-04-21 21:09:49.409000+00:00
2024/04/21, 21:10:49.409,41.523,-70.672, NAN,242.58,18.77,0.0,8.0,8.0,1009.7,1009.6,0.0,0.0,87.88,79.0,7,1,9.6,9.1,58.6,59.3,9.6,9.1,249.6,243.6,1011.8,1011.7,141.34,329.31,540.31,0.1932,8.7667,120.8,0.0,1442.634, NAN, NAN, NAN, NAN,,2024/04/21 21:10:49.409,2024-04-21 21:10:49.409000+00:00
2024/04/21, 21:11:49.409,41.523,-70.672, NAN,242.58,319.22,0.01,8.0,8.0,1009.6,1009.5,0.0,0.0,87.88,79.0,5,359,9.3,8.8,59.9,59.5,9.3,8.8,247.6,241.5,1011.7,1011.6,144.01,329.65,549.77,0.1932,8.7662,120.8,0.0,1442.632, NAN, NAN, NAN, NAN,,2024/04/21 21:11:49.409,2024-04-21 21:11:49.409000+00:00
2024/04/21, 21:12:49.409,41.523,-70.672, NAN,242.6,342.14,0.0,8.0,8.0,1009.6,1009.5,0.0,0.0,87.88,79.0,8,1,7.5,7.2,59.5,62.1,7.5,7.2,250.6,243.6,1011.7,1011.6,150.8,329.55,570.26,0.1933,8.766,120.8,0.0,1442.631, NAN, NAN, NAN, NAN,,2024/04/21 21:12:49.409,2024-04-21 21:12:49.409000+00:00
2024/04/21, 21:13:49.409,41.523,-70.672, NAN,242.65,170.35,0.0,8.0,8.0,1009.5,1009.6,0.0,0.0,87.88,79.0,355,346,7.5,6.5,62.2,60.8,7.5,6.5,237.6,228.6,1011.6,1011.7,159.44,329.32,594.71,0.1933,8.7675,120.5,0.0,1442.638, NAN, NAN, NAN, NAN,,2024/04/21 21:13:49.409,2024-04-21 21:13:49.409000+00:00
2024/04/21, 21:14:49.409,41.523,-70.672, NAN,242.57,136.05,0.01,8.0,8.0,1009.6,1009.4,0.0,0.0,87.88,79.0,4,358,9.5,8.9,60.6,61.2,9.5,8.9,246.6,240.6,1011.7,1011.5,168.92,329.23,614.81,0.1933,8.7713,120.2,0.0,1442.653, NAN, NAN, NAN, NAN,,2024/04/21 21:14:49.409,2024-04-21 21:14:49.409000+00:00
2024/04/21, 21:15:49.409,41.523,-70.672, NAN,242.64,339.26,0.01,8.0,8.0,1009.5,1009.4,0.0,0.0,87.88,79.0,15,13,8.0,8.1,60.5,61.4,8.0,8.1,257.6,255.6,1011.6,1011.5,180.35,329.08,654.37,0.1933,8.7738,121.1,0.0,1442.663, NAN, NAN, NAN, NAN,,2024/04/21 21:15:49.409,2024-04-21 21:15:49.409000+00:00
2024/04/21, 21:16:49.409,41.523,-70.672, NAN,242.56,319.63,0.0,8.0,8.0,1009.5,1009.4,0.0,0.0,87.88,79.0,10,3,9.3,8.8,61.5,58.6,9.3,8.8,252.6,245.6,1011.6,1011.5,187.28,327.88,675.12,0.1933,8.7745,120.2,0.0,1442.666, NAN, NAN, NAN, NAN,,2024/04/21 21:16:49.409,2024-04-21 21:16:49.409000+00:00
2024/04/21, 21:17:49.409,41.523,-70.672, NAN,242.63,311.89,0.02,8.0,8.0,1009.4,1009.4,0.0,0.0,87.88,79.0,13,7,11.3,10.7,58.6,55.7,11.3,10.7,255.6,249.6,1011.5,1011.5,182.57,326.71,654.36,0.1933,8.7748,120.8,0.0,1442.667, NAN, NAN, NAN, NAN,,2024/04/21 21:17:49.409,2024-04-21 21:17:49.409000+00:00
2024/04/21, 21:18:49.409,41.523,-70.672, NAN,242.58,80.17,0.01,8.0,8.0,1009.3,1009.4,0.0,0.0,87.88,79.0,19,13,10.1,9.5,55.9,57.7,10.1,9.5,261.6,255.6,1011.4,1011.5,172.97,325.61,618.55,0.1934,8.7749,120.5,0.0,1442.668, NAN, NAN, NAN, NAN,,2024/04/21 21:18:49.409,2024-04-21 21:18:49.409000+00:00
2024/04/21, 21:19:49.409,41.523,-70.672, NAN,242.56,75.29,0.01,7.9,8.0,1009.2,1009.4,0.0,0.0,87.88,79.0,16,13,9.6,9.6,57.6,57.6,9.6,9.6,258.6,255.6,1011.3,1011.5,163.29,324.55,585.24,0.1934,8.7711,120.5,0.0,1442.652, NAN, NAN, NAN, NAN,,2024/04/21 21:19:49.409,2024-04-21 21:19:49.409000+00:00
2024/04/21, 21:20:49.409,41.523,-70.672, NAN,242.54,127.92,0.0,7.9,8.0,1009.3,1009.3,0.0,0.0,87.88,79.0,13,7,11.5,11.3,58.0,57.2,11.5,11.3,255.5,249.5,1011.4,1011.4,150.51,322.77,540.77,0.1934,8.774,119.9,0.0,1442.664, NAN, NAN, NAN, NAN,,2024/04/21 21:20:49.409,2024-04-21 21:20:49.409000+00:00
2024/04/21, 21:21:49.409,41.523,-70.672, NAN,242.54,28.98,0.0,7.9,7.9,1009.1,1009.3,0.0,0.0,87.88,79.0,18,14,10.9,10.4,56.9,56.5,10.9,10.4,260.5,256.5,1011.2,1011.4,136.31,323.21,505.28,0.1934,8.7751,120.2,0.0,1442.669, NAN, NAN, NAN, NAN,,2024/04/21 21:21:49.409,2024-04-21 21:21:49.409000+00:00
2024/04/21, 21:22:49.409,41.523,-70.672, NAN,242.55,216.67,0.0,7.9,7.9,1009.2,1009.1,0.0,0.0,87.88,79.0,8,1,11.1,10.5,56.1,56.3,11.1,10.5,250.6,243.6,1011.3,1011.2,124.38,324.27,478.54,0.1935,8.7725,120.5,0.0,1442.658, NAN, NAN, NAN, NAN,,2024/04/21 21:22:49.409,2024-04-21 21:22:49.409000+00:00
2024/04/21, 21:23:49.409,41.523,-70.672, NAN,242.57,202.83,0.01,7.9,7.9,1009.3,1009.3,0.0,0.0,87.88,79.0,15,10,10.0,9.5,55.9,56.2,10.0,9.5,257.6,252.6,1011.4,1011.4,118.17,326.07,464.86,0.1935,8.7705,120.5,0.0,1442.65, NAN, NAN, NAN, NAN,,2024/04/21 21:23:49.409,2024-04-21 21:23:49.409000+00:00
2024/04/21, 21:24:49.409,41.523,-70.672, NAN,242.57,80.08,0.0,7.9,7.9,1009.3,1009.3,0.0,0.0,87.88,79.0,10,3,9.6,8.7,56.8,58.6,9.6,8.7,252.6,245.6,1011.4,1011.4,117.0,327.23,459.31,0.1935,8.768,120.8,0.0,1442.64, NAN, NAN, NAN, NAN,,2024/04/21 21:24:49.409,2024-04-21 21:24:49.409000+00:00
2024/04/21, 21:25:49.410,41.523,-70.672, NAN,242.57,113.8,0.0,7.9,7.9,1009.0,1009.1,0.0,0.0,87.88,79.0,12,5,9.5,8.8,58.7,58.5,9.5,8.8,254.6,247.6,1011.1,1011.2,117.32,327.6,456.02,0.1935,8.7646,119.9,0.0,1442.626, NAN, NAN, NAN, NAN,,2024/04/21 21:25:49.410,2024-04-21 21:25:49.410000+00:00
2024/04/21, 21:26:49.410,41.523,-70.672, NAN,242.58,349.24,0.01,7.9,7.9,1009.1,1009.1,0.0,0.0,87.88,79.0,14,8,10.2,9.4,58.7,58.9,10.2,9.4,256.6,250.6,1011.2,1011.2,116.13,327.88,454.08,0.1935,8.7623,120.5,0.0,1442.617, NAN, NAN, NAN, NAN,,2024/04/21 21:26:49.410,2024-04-21 21:26:49.410000+00:00
2024/04/21, 21:27:49.410,41.523,-70.672, NAN,242.54,130.25,0.02,7.9,7.9,1009.1,1009.1,0.0,0.0,87.88,79.0,16,12,10.0,8.8,58.7,58.8,10.0,8.8,258.6,254.6,1011.2,1011.2,116.74,328.03,459.81,0.1935,8.7612,119.9,0.0,1442.612, NAN, NAN, NAN, NAN,,2024/04/21 21:27:49.410,2024-04-21 21:27:49.410000+00:00
2024/04/21, 21:28:49.410,41.523,-70.672, NAN,242.59,238.86,0.01,7.9,7.9,1009.1,1009.3,0.0,0.0,87.88,79.0,9,2,8.3,7.7,58.8,60.3,8.3,7.7,251.6,244.6,1011.2,1011.4,120.65,328.39,474.95,0.1935,8.7592,120.5,0.0,1442.604, NAN, NAN, NAN, NAN,,2024/04/21 21:28:49.410,2024-04-21 21:28:49.410000+00:00
2024/04/21, 21:29:49.410,41.523,-70.672, NAN,242.54,81.24,0.0,7.9,8.0,1009.1,1009.2,0.0,0.0,87.88,79.0,13,9,9.3,9.0,58.9,60.6,9.3,9.0,255.5,251.5,1011.2,1011.3,130.25,328.34,504.14,0.1936,8.7568,120.2,0.0,1442.594, NAN, NAN, NAN, NAN,,2024/04/21 21:29:49.410,2024-04-21 21:29:49.410000+00:00
2024/04/21, 21:30:49.410,41.523,-70.672, NAN,242.59,217.43,0.01,7.9,8.0,1009.1,1009.3,0.0,0.0,87.88,79.0,8,2,8.2,7.7,60.3,58.9,8.2,7.7,250.6,244.6,1011.2,1011.4,150.56,328.39,586.92,0.1936,8.7561,119.9,0.0,1442.591, NAN, NAN, NAN, NAN,,2024/04/21 21:30:49.410,2024-04-21 21:30:49.410000+00:00
2024/04/21, 21:31:49.410,41.523,-70.672, NAN,242.62,259.95,0.01,7.9,8.0,1009.3,1009.4,0.0,0.0,87.88,79.0,12,4,8.7,8.1,58.4,59.6,8.7,8.1,254.7,246.7,1011.4,1011.5,162.87,327.71,616.42,0.1936,8.7549,120.5,0.0,1442.586, NAN, NAN, NAN, NAN,,2024/04/21 21:31:49.410,2024-04-21 21:31:49.410000+00:00
2024/04/21, 21:32:49.410,41.523,-70.672, NAN,242.61,311.81,0.01,8.0,8.0,1009.3,1009.3,0.0,0.0,87.88,79.0,18,12,9.6,9.1,60.0,60.2,9.6,9.1,260.6,254.6,1011.4,1011.4,161.66,326.83,586.65,0.1936,8.7555,120.5,0.0,1442.589, NAN, NAN, NAN, NAN,,2024/04/21 21:32:49.410,2024-04-21 21:32:49.410000+00:00
2024/04/21, 21:33:49.410,41.523,-70.672, NAN,242.59,245.03,0.0,8.0,8.0,1009.3,1009.2,0.0,0.0,87.88,79.0,18,15,10.0,9.6,59.6,59.6,10.0,9.6,260.6,257.6,1011.4,1011.3,159.69,325.17,573.96,0.1936,8.7575,119.6,0.0,1442.597, NAN, NAN, NAN, NAN,,2024/04/21 21:33:49.410,2024-04-21 21:33:49.410000+00:00
2024/04/21, 21:34:49.410,41.523,-70.672, NAN,242.58,176.68,0.01,8.0,8.0,1009.3,1009.3,0.0,0.0,87.88,79.0,10,2,9.6,8.5,59.5,60.0,9.6,8.5,252.6,244.6,1011.4,1011.4,149.54,323.86,543.95,0.1937,8.7597,120.5,0.0,1442.606, NAN, NAN, NAN, NAN,,2024/04/21 21:34:49.410,2024-04-21 21:34:49.410000+00:00
2024/04/21, 21:35:49.410,41.523,-70.672, NAN,242.6,119.01,0.0,7.9,8.0,1009.3,1009.2,0.0,0.0,87.88,79.0,16,10,10.1,9.9,60.1,60.8,10.1,9.9,258.6,252.6,1011.4,1011.3,137.61,323.08,507.11,0.1937,8.7617,119.6,0.0,1442.614, NAN, NAN, NAN, NAN,,2024/04/21 21:35:49.410,2024-04-21 21:35:49.410000+00:00
2024/04/21, 21:36:49.410,41.523,-70.672, NAN,242.6,157.94,0.01,7.9,8.0,1009.4,1009.3,0.0,0.0,87.88,79.0,6,359,8.9,8.7,60.8,63.7,8.9,8.7,248.6,241.6,1011.5,1011.4,126.58,322.57,474.29,0.1937,8.7601,119.9,0.0,1442.608, NAN, NAN, NAN, NAN,,2024/04/21 21:36:49.410,2024-04-21 21:36:49.410000+00:00
2024/04/21, 21:37:49.410,41.523,-70.672, NAN,242.56,153.98,0.0,8.0,8.0,1009.4,1009.3,0.0,0.0,87.88,79.0,5,359,9.1,8.2,63.1,63.3,9.1,8.2,247.6,241.6,1011.5,1011.4,117.79,322.37,445.97,0.1938,8.7591,119.9,0.0,1442.604, NAN, NAN, NAN, NAN,,2024/04/21 21:37:49.410,2024-04-21 21:37:49.410000+00:00
2024/04/21, 21:38:49.410,41.523,-70.672, NAN,242.61,7.96,0.01,7.9,8.0,1009.4,1009.4,0.0,0.0,87.88,79.0,21,16,8.2,8.3,60.2,63.4,8.2,8.3,263.6,258.6,1011.5,1011.5,112.07,322.39,424.59,0.1938,8.7613,120.2,0.0,1442.613, NAN, NAN, NAN, NAN,,2024/04/21 21:38:49.410,2024-04-21 21:38:49.410000+00:00
2024/04/21, 21:39:49.410,41.523,-70.672, NAN,242.59,116.17,0.01,8.0,8.0,1009.4,1009.4,0.0,0.0,87.88,79.0,16,9,9.4,9.2,63.1,61.6,9.4,9.2,258.6,251.6,1011.5,1011.5,111.45,322.61,415.66,0.1938,8.7612,119.3,0.0,1442.612, NAN, NAN, NAN, NAN,,2024/04/21 21:39:49.410,2024-04-21 21:39:49.410000+00:00
2024/04/21, 21:40:49.410,41.523,-70.672, NAN,242.6,157.11,0.02,8.0,8.0,1009.4,1009.3,0.0,0.0,87.88,79.0,4,357,10.0,9.1,61.5,60.3,10.0,9.1,246.6,239.6,1011.5,1011.4,113.22,323.14,413.39,0.1938,8.7611,119.9,0.0,1442.612, NAN, NAN, NAN, NAN,,2024/04/21 21:40:49.410,2024-04-21 21:40:49.410000+00:00
2024/04/21, 21:41:49.411,41.523,-70.672, NAN,242.55,43.36,0.01,8.0,8.0,1009.3,1009.3,0.0,0.0,87.88,79.0,8,3,11.0,10.2,61.5,61.8,11.0,10.2,250.5,245.5,1011.4,1011.4,112.48,323.82,407.4,0.1938,8.7604,119.9,0.0,1442.609, NAN, NAN, NAN, NAN,,2024/04/21 21:41:49.411,2024-04-21 21:41:49.411000+00:00
2024/04/21, 21:42:49.411,41.523,-70.672, NAN,242.55,133.24,0.0,7.9,7.9,1009.3,1009.3,0.0,0.0,87.88,79.0,10,3,11.1,10.5,60.9,60.6,11.1,10.5,252.6,245.6,1011.4,1011.4,109.01,324.53,394.59,0.1938,8.7581,119.6,0.0,1442.6, NAN, NAN, NAN, NAN,,2024/04/21 21:42:49.411,2024-04-21 21:42:49.411000+00:00
2024/04/21, 21:43:49.411,41.523,-70.672, NAN,242.61,287.68,0.01,7.9,7.9,1009.3,1009.3,0.0,0.0,87.88,79.0,2,356,10.3,10.0,60.4,62.2,10.3,10.0,244.6,238.6,1011.4,1011.4,103.3,324.95,377.26,0.1939,8.7563,119.6,0.0,1442.593, NAN, NAN, NAN, NAN,,2024/04/21 21:43:49.411,2024-04-21 21:43:49.411000+00:00
2024/04/21, 21:44:49.411,41.523,-70.672, NAN,242.58,168.58,0.01,7.9,7.9,1009.4,1009.3,0.0,0.0,87.88,79.0,2,356,9.6,9.0,61.7,61.0,9.6,9.0,244.6,238.6,1011.5,1011.4,96.66,325.24,358.35,0.1939,8.7559,119.6,0.0,1442.591, NAN, NAN, NAN, NAN,,2024/04/21 21:44:49.411,2024-04-21 21:44:49.411000+00:00
2024/04/21, 21:45:49.411,41.523,-70.672, NAN,242.53,164.36,0.01,7.9,7.9,1009.3,1009.3,0.0,0.0,87.88,79.0,8,2,9.5,8.9,60.9,62.3,9.5,8.9,250.6,244.6,1011.4,1011.4,91.11,325.36,338.91,0.1939,8.7552,120.2,0.0,1442.588, NAN, NAN, NAN, NAN,,2024/04/21 21:45:49.411,2024-04-21 21:45:49.411000+00:00
2024/04/21, 21:46:49.411,41.523,-70.672, NAN,242.61,161.47,0.0,7.9,7.9,1009.3,1009.3,0.0,0.0,87.88,79.0,3,355,8.6,7.4,62.2,62.9,8.6,7.4,245.6,237.6,1011.4,1011.4,87.21,325.92,327.15,0.1939,8.7547,119.9,0.0,1442.586, NAN, NAN, NAN, NAN,,2024/04/21 21:46:49.411,2024-04-21 21:46:49.411000+00:00
2024/04/21, 21:47:49.411,41.523,-70.672, NAN,242.66,169.71,0.01,7.9,7.9,1009.4,1009.4,0.0,0.0,87.88,79.0,12,6,9.4,8.8,62.6,62.2,9.4,8.8,254.6,248.6,1011.5,1011.5,86.38,325.71,320.57,0.1939,8.7526,119.9,0.0,1442.577, NAN, NAN, NAN, NAN,,2024/04/21 21:47:49.411,2024-04-21 21:47:49.411000+00:00
2024/04/21, 21:48:49.411,41.523,-70.672, NAN,242.58,271.11,0.01,7.9,7.9,1009.3,1009.3,0.0,0.0,87.88,79.0,3,357,9.7,8.7,61.5,61.7,9.7,8.7,245.6,239.6,1011.4,1011.4,85.38,326.05,314.78,0.1939,8.7513,119.6,0.0,1442.572, NAN, NAN, NAN, NAN,,2024/04/21 21:48:49.411,2024-04-21 21:48:49.411000+00:00
2024/04/21, 21:49:49.411,41.523,-70.672, NAN,242.68,20.43,0.01,7.9,7.9,1009.4,1009.4,0.0,0.0,87.88,79.0,356,350,8.5,7.9,59.8,62.3,8.5,7.9,238.6,232.6,1011.5,1011.5,82.1,326.56,305.67,0.1939,8.7528,119.9,0.0,1442.578, NAN, NAN, NAN, NAN,,2024/04/21 21:49:49.411,2024-04-21 21:49:49.411000+00:00
2024/04/21, 21:50:49.411,41.523,-70.672, NAN,242.66,67.05,0.01,7.8,7.9,1009.3,1009.4,0.0,0.0,87.88,79.0,1,354,9.1,8.6,61.7,61.0,9.1,8.6,243.7,236.7,1011.4,1011.5,77.95,326.74,293.15,0.194,8.7541,119.9,0.0,1442.584, NAN, NAN, NAN, NAN,,2024/04/21 21:50:49.411,2024-04-21 21:50:49.411000+00:00
2024/04/21, 21:51:49.411,41.523,-70.672, NAN,242.63,276.52,0.0,7.9,7.9,1009.2,1009.4,0.0,0.0,87.88,79.0,4,357,9.7,9.2,60.8,59.3,9.7,9.2,246.6,239.6,1011.3,1011.5,75.44,326.69,286.17,0.194,8.7556,120.2,0.0,1442.59, NAN, NAN, NAN, NAN,,2024/04/21 21:51:49.411,2024-04-21 21:51:49.411000+00:00
2024/04/21, 21:52:49.411,41.523,-70.672, NAN,242.58,155.54,0.01,7.9,7.9,1009.4,1009.3,0.0,0.0,87.88,79.0,354,350,9.2,9.1,59.6,61.6,9.2,9.1,236.6,232.6,1011.5,1011.4,75.31,327.04,283.94,0.194,8.7563,119.3,0.0,1442.593, NAN, NAN, NAN, NAN,,2024/04/21 21:52:49.411,2024-04-21 21:52:49.411000+00:00
2024/04/21, 21:53:49.411,41.523,-70.672, NAN,242.61,220.32,0.01,7.8,7.9,1009.3,1009.3,0.0,0.0,87.88,79.0,355,349,9.1,8.6,61.7,61.8,9.1,8.6,237.6,231.6,1011.4,1011.4,75.4,326.81,283.23,0.194,8.7561,119.6,0.0,1442.592, NAN, NAN, NAN, NAN,,2024/04/21 21:53:49.411,2024-04-21 21:53:49.411000+00:00
2024/04/21, 21:54:49.411,41.523,-70.672, NAN,242.68,145.22,0.01,7.8,7.9,1009.4,1009.3,0.0,0.0,87.88,79.0,351,345,9.7,9.6,61.3,60.9,9.7,9.6,233.7,227.7,1011.5,1011.4,74.68,326.76,280.79,0.194,8.7558,119.3,0.0,1442.591, NAN, NAN, NAN, NAN,,2024/04/21 21:54:49.411,2024-04-21 21:54:49.411000+00:00
2024/04/21, 21:55:49.411,41.523,-70.672, NAN,242.62,294.88,0.0,7.9,7.9,1009.3,1009.4,0.0,0.0,87.88,79.0,8,3,7.4,7.3,60.4,62.9,7.4,7.3,250.6,245.6,1011.4,1011.5,74.35,326.9,278.57,0.194,8.7559,119.3,0.0,1442.591, NAN, NAN, NAN, NAN,,2024/04/21 21:55:49.411,2024-04-21 21:55:49.411000+00:00
2024/04/21, 21:56:49.411,41.523,-70.672, NAN,242.64,49.21,0.0,7.9,7.9,1009.4,1009.4,0.0,0.0,87.88,79.0,355,348,9.5,9.0,62.7,61.4,9.5,9.0,237.6,230.6,1011.5,1011.5,73.59,326.71,276.17,0.1941,8.7563,119.3,0.0,1442.593, NAN, NAN, NAN, NAN,,2024/04/21 21:56:49.411,2024-04-21 21:56:49.411000+00:00
2024/04/21, 21:57:49.412,41.523,-70.672, NAN,242.66,242.27,0.0,7.9,7.9,1009.4,1009.3,0.0,0.0,87.88,79.0,0,354,9.1,8.9,61.0,61.5,9.1,8.9,242.7,236.7,1011.5,1011.4,72.21,326.35,273.11,0.1941,8.7563,119.3,0.0,1442.593, NAN, NAN, NAN, NAN,,2024/04/21 21:57:49.412,2024-04-21 21:57:49.412000+00:00
2024/04/21, 21:58:49.412,41.523,-70.672, NAN,242.71,355.11,0.01,7.8,7.9,1009.4,1009.4,0.0,0.0,87.88,79.0,353,346,10.0,9.5,61.4,61.0,10.0,9.5,235.7,228.7,1011.5,1011.5,71.51,326.05,272.97,0.1941,8.7575,119.0,0.0,1442.598, NAN, NAN, NAN, NAN,,2024/04/21 21:58:49.412,2024-04-21 21:58:49.412000+00:00
2024/04/21, 21:59:49.412,41.523,-70.672, NAN,242.73,68.69,0.01,7.8,7.8,1009.4,1009.4,0.0,0.0,87.88,79.0,356,350,9.4,8.7,61.5,61.2,9.4,8.7,238.7,232.7,1011.5,1011.5,73.03,325.92,277.93,0.1941,8.7581,119.9,0.0,1442.6, NAN, NAN, NAN, NAN,,2024/04/21 21:59:49.412,2024-04-21 21:59:49.412000+00:00
2024/04/21, 22:00:49.412,41.523,-70.672, NAN,242.63,172.53,0.01,7.8,7.8,1009.3,1009.4,0.0,0.0,87.88,79.0,8,1,6.6,6.2,61.2,62.0,6.6,6.2,250.7,243.7,1011.4,1011.5,76.26,325.69,285.71,0.1941,8.7598,120.2,0.0,1442.607, NAN, NAN, NAN, NAN,,2024/04/21 22:00:49.412,2024-04-21 22:00:49.412000+00:00
2024/04/21, 22:01:49.412,41.523,-70.672, NAN,242.64,100.22,0.01,7.8,7.8,1009.4,1009.3,0.0,0.0,87.88,79.0,1,356,9.1,8.6,62.7,62.7,9.1,8.6,243.6,238.6,1011.5,1011.4,79.38,325.33,292.93,0.1941,8.7617,119.6,0.0,1442.615, NAN, NAN, NAN, NAN,,2024/04/21 22:01:49.412,2024-04-21 22:01:49.412000+00:00
2024/04/21, 22:02:49.412,41.523,-70.672, NAN,242.72,58.19,0.01,7.8,7.8,1009.3,1009.4,0.0,0.0,87.88,79.0,355,347,6.8,6.5,61.8,61.7,6.8,6.5,237.7,229.7,1011.4,1011.5,80.48,325.29,295.47,0.1941,8.7632,119.6,0.0,1442.621, NAN, NAN, NAN, NAN,,2024/04/21 22:02:49.412,2024-04-21 22:02:49.412000+00:00
2024/04/21, 22:03:49.412,41.523,-70.672, NAN,242.6,131.67,0.02,7.8,7.8,1009.4,1009.4,0.0,0.0,87.88,79.0,0,353,6.6,6.1,62.0,62.1,6.6,6.1,242.7,235.7,1011.5,1011.5,79.76,325.19,295.11,0.1941,8.765,119.9,0.0,1442.628, NAN, NAN, NAN, NAN,,2024/04/21 22:03:49.412,2024-04-21 22:03:49.412000+00:00
2024/04/21, 22:04:49.412,41.523,-70.672, NAN,242.69,183.47,0.01,7.8,7.8,1009.4,1009.4,0.0,0.0,87.88,79.0,354,346,7.7,7.3,62.9,62.9,7.7,7.3,236.7,228.7,1011.5,1011.5,78.35,325.07,291.1,0.1941,8.7662,119.3,0.0,1442.633, NAN, NAN, NAN, NAN,,2024/04/21 22:04:49.412,2024-04-21 22:04:49.412000+00:00
2024/04/21, 22:05:49.412,41.523,-70.672, NAN,242.73,83.21,0.01,7.8,7.8,1009.3,1009.3,0.0,0.0,87.88,79.0,358,352,8.6,8.5,62.4,62.3,8.6,8.5,240.7,234.7,1011.4,1011.4,77.24,324.81,287.86,0.1941,8.7653,119.0,0.0,1442.63, NAN, NAN, NAN, NAN,,2024/04/21 22:05:49.412,2024-04-21 22:05:49.412000+00:00
2024/04/21, 22:06:49.412,41.523,-70.672, NAN,242.64,222.06,0.01,7.8,7.8,1009.3,1009.3,0.0,0.0,87.88,79.0,354,347,8.1,7.5,62.1,61.2,8.1,7.5,236.7,229.7,1011.4,1011.4,75.71,324.49,284.07,0.1941,8.7646,119.3,0.0,1442.627, NAN, NAN, NAN, NAN,,2024/04/21 22:06:49.412,2024-04-21 22:06:49.412000+00:00
2024/04/21, 22:07:49.412,41.523,-70.672, NAN,242.62,58.87,0.01,7.8,7.8,1009.4,1009.3,0.0,0.0,87.88,79.0,10,5,9.7,9.8,61.0,61.5,9.7,9.8,252.6,247.6,1011.5,1011.4,74.22,324.26,279.95,0.1941,8.7636,119.3,0.0,1442.623, NAN, NAN, NAN, NAN,,2024/04/21 22:07:49.412,2024-04-21 22:07:49.412000+00:00
2024/04/21, 22:08:49.412,41.523,-70.672, NAN,242.63,112.02,0.01,7.8,7.8,1009.3,1009.4,0.0,0.0,87.88,79.0,3,356,9.3,8.5,60.8,59.9,9.3,8.5,245.6,238.6,1011.4,1011.5,73.74,324.28,276.92,0.1941,8.7621,119.3,0.0,1442.617, NAN, NAN, NAN, NAN,,2024/04/21 22:08:49.412,2024-04-21 22:08:49.412000+00:00
2024/04/21, 22:09:49.412,41.523,-70.672, NAN,242.63,260.6,0.01,7.8,7.8,1009.4,1009.4,0.0,0.0,87.88,79.0,0,355,7.4,6.9,59.7,61.1,7.4,6.9,242.6,237.6,1011.5,1011.5,73.92,324.12,274.85,0.1941,8.7589,119.0,0.0,1442.603, NAN, NAN, NAN, NAN,,2024/04/21 22:09:49.412,2024-04-21 22:09:49.412000+00:00
2024/04/21, 22:10:49.412,41.523,-70.672, NAN,242.68,35.21,0.01,7.8,7.9,1009.4,1009.4,0.0,0.0,87.88,79.0,3,356,8.4,8.0,61.0,61.5,8.4,8.0,245.7,238.7,1011.5,1011.5,73.66,323.94,272.43,0.1941,8.7557,119.0,0.0,1442.59, NAN, NAN, NAN, NAN,,2024/04/21 22:10:49.412,2024-04-21 22:10:49.412000+00:00
2024/04/21, 22:11:49.412,41.523,-70.672, NAN,242.66,249.26,0.0,7.8,7.8,1009.3,1009.4,0.0,0.0,87.88,79.0,2,355,8.7,8.1,61.3,61.5,8.7,8.1,244.7,237.7,1011.4,1011.5,72.66,323.5,268.96,0.1942,8.7552,119.0,0.0,1442.588, NAN, NAN, NAN, NAN,,2024/04/21 22:11:49.412,2024-04-21 22:11:49.412000+00:00
2024/04/21, 22:12:49.412,41.523,-70.672, NAN,242.65,242.59,0.01,7.8,7.9,1009.4,1009.4,0.0,0.0,87.88,79.0,356,349,8.0,7.5,60.7,61.6,8.0,7.5,238.6,231.6,1011.5,1011.5,71.81,323.26,264.94,0.1942,8.7555,119.0,0.0,1442.59, NAN, NAN, NAN, NAN,,2024/04/21 22:12:49.412,2024-04-21 22:12:49.412000+00:00
2024/04/21, 22:13:49.413,41.523,-70.672, NAN,242.63,31.19,0.01,7.8,7.8,1009.4,1009.4,0.0,0.0,87.88,79.0,1,354,6.9,6.7,61.5,61.1,6.9,6.7,243.6,236.6,1011.5,1011.5,71.36,323.11,261.68,0.1942,8.7556,119.0,0.0,1442.59, NAN, NAN, NAN, NAN,,2024/04/21 22:13:49.413,2024-04-21 22:13:49.413000+00:00
2024/04/21, 22:14:49.413,41.523,-70.672, NAN,242.72,206.9,0.02,7.8,7.8,1009.5,1009.4,0.0,0.0,87.88,79.0,355,348,8.1,7.7,61.4,62.1,8.1,7.7,237.8,230.7,1011.6,1011.5,70.16,322.95,255.35,0.1942,8.7542,118.7,0.0,1442.584, NAN, NAN, NAN, NAN,,2024/04/21 22:14:49.413,2024-04-21 22:14:49.413000+00:00
2024/04/21, 22:15:49.413,41.523,-70.672, NAN,242.67,250.18,0.02,7.8,7.9,1009.6,1009.5,0.0,0.0,87.88,79.0,359,352,6.8,6.7,62.1,63.1,6.8,6.7,241.7,234.7,1011.7,1011.6,67.08,323.18,246.93,0.1942,8.753,118.4,0.0,1442.579, NAN, NAN, NAN, NAN,,2024/04/21 22:15:49.413,2024-04-21 22:15:49.413000+00:00
2024/04/21, 22:16:49.413,41.523,-70.672, NAN,242.67,299.12,0.01,7.8,7.9,1009.5,1009.5,0.0,0.0,87.88,79.0,355,350,7.0,6.9,63.4,62.1,7.0,6.9,237.6,232.6,1011.6,1011.6,63.59,323.18,238.17,0.1942,8.7515,118.7,0.0,1442.573, NAN, NAN, NAN, NAN,,2024/04/21 22:16:49.413,2024-04-21 22:16:49.413000+00:00
2024/04/21, 22:17:49.413,41.523,-70.672, NAN,242.76,351.2,0.02,7.8,7.8,1009.5,1009.4,0.0,0.0,87.88,79.0,359,349,8.7,8.0,62.4,62.6,8.7,8.0,241.7,231.7,1011.6,1011.5,60.99,323.21,231.25,0.1942,8.751,118.4,0.0,1442.571, NAN, NAN, NAN, NAN,,2024/04/21 22:17:49.413,2024-04-21 22:17:49.413000+00:00
2024/04/21, 22:18:49.413,41.523,-70.672, NAN,242.66,195.53,0.01,7.8,7.8,1009.5,1009.5,0.0,0.0,87.88,79.0,0,353,7.7,7.3,63.0,63.3,7.7,7.3,242.6,235.6,1011.6,1011.6,59.81,323.41,225.91,0.1942,8.7512,118.7,0.0,1442.572, NAN, NAN, NAN, NAN,,2024/04/21 22:18:49.413,2024-04-21 22:18:49.413000+00:00
2024/04/21, 22:19:49.413,41.523,-70.672, NAN,242.66,341.92,0.01,7.8,7.8,1009.5,1009.5,0.0,0.0,87.88,79.0,354,345,8.0,7.8,63.1,63.6,8.0,7.8,236.7,227.7,1011.6,1011.6,59.74,323.02,222.58,0.1942,8.752,118.7,0.0,1442.575, NAN, NAN, NAN, NAN,,2024/04/21 22:19:49.413,2024-04-21 22:19:49.413000+00:00
2024/04/21, 22:20:49.413,41.523,-70.672, NAN,242.64,63.99,0.0,7.8,7.8,1009.4,1009.5,0.0,0.0,87.88,79.0,355,349,7.4,7.0,63.5,63.5,7.4,7.0,237.6,231.6,1011.5,1011.6,59.48,322.49,219.98,0.1942,8.7503,119.0,0.0,1442.568, NAN, NAN, NAN, NAN,,2024/04/21 22:20:49.413,2024-04-21 22:20:49.413000+00:00
2024/04/21, 22:21:49.413,41.523,-70.672, NAN,242.7,169.22,0.01,7.8,7.8,1009.6,1009.5,0.0,0.0,87.88,79.0,2,355,8.8,8.5,63.6,64.4,8.8,8.5,244.7,237.7,1011.7,1011.6,58.69,322.17,215.33,0.1942,8.7517,118.7,0.0,1442.574, NAN, NAN, NAN, NAN,,2024/04/21 22:21:49.413,2024-04-21 22:21:49.413000+00:00
2024/04/21, 22:22:49.413,41.523,-70.672, NAN,242.7,339.16,0.01,7.7,7.7,1009.6,1009.5,0.0,0.0,87.88,79.0,354,344,7.9,7.6,64.6,65.3,7.9,7.6,236.7,226.7,1011.7,1011.6,56.83,321.43,209.42,0.1942,8.7519,118.7,0.0,1442.575, NAN, NAN, NAN, NAN,,2024/04/21 22:22:49.413,2024-04-21 22:22:49.413000+00:00
2024/04/21, 22:23:49.413,41.523,-70.672, NAN,242.68,26.11,0.01,7.7,7.7,1009.6,1009.6,0.0,0.0,87.88,79.0,350,342,7.6,7.5,65.6,65.4,7.6,7.5,232.7,224.7,1011.7,1011.7,55.25,320.91,203.29,0.1942,8.7492,118.4,0.0,1442.564, NAN, NAN, NAN, NAN,,2024/04/21 22:23:49.413,2024-04-21 22:23:49.413000+00:00
2024/04/21, 22:24:49.413,41.523,-70.672, NAN,242.74,285.13,0.01,7.7,7.7,1009.5,1009.5,0.0,0.0,87.88,79.0,344,337,7.9,8.0,65.5,66.8,7.9,8.0,226.8,219.7,1011.6,1011.6,53.55,320.52,196.97,0.1942,8.7465,118.0,0.0,1442.553, NAN, NAN, NAN, NAN,,2024/04/21 22:24:49.413,2024-04-21 22:24:49.413000+00:00
2024/04/21, 22:25:49.413,41.523,-70.672, NAN,242.78,66.78,0.02,7.7,7.7,1009.5,1009.5,0.0,0.0,87.88,79.0,350,341,7.3,7.3,66.9,65.8,7.3,7.3,232.7,223.7,1011.6,1011.6,52.23,320.24,192.18,0.1942,8.7448,118.7,0.0,1442.546, NAN, NAN, NAN, NAN,,2024/04/21 22:25:49.413,2024-04-21 22:25:49.413000+00:00
2024/04/21, 22:26:49.413,41.523,-70.672, NAN,242.67,178.42,0.01,7.6,7.6,1009.5,1009.5,0.0,0.0,87.88,79.0,351,343,7.9,7.7,66.0,66.5,7.9,7.7,233.7,225.7,1011.6,1011.6,50.75,320.37,187.25,0.1942,8.7438,118.4,0.0,1442.542, NAN, NAN, NAN, NAN,,2024/04/21 22:26:49.413,2024-04-21 22:26:49.413000+00:00
2024/04/21, 22:27:49.413,41.523,-70.672, NAN,242.71,65.3,0.01,7.6,7.6,1009.6,1009.5,0.0,0.0,87.88,79.0,350,344,7.2,7.0,66.5,67.6,7.2,7.0,232.7,226.7,1011.7,1011.6,48.56,320.63,182.39,0.1943,8.7426,118.0,0.0,1442.537, NAN, NAN, NAN, NAN,,2024/04/21 22:27:49.413,2024-04-21 22:27:49.413000+00:00
2024/04/21, 22:28:49.413,41.523,-70.672, NAN,242.69,345.79,0.01,7.6,7.6,1009.5,1009.5,0.0,0.0,87.88,79.0,356,349,7.7,7.3,67.6,67.3,7.7,7.3,238.7,231.7,1011.6,1011.6,46.23,320.96,177.35,0.1943,8.7402,118.0,0.0,1442.527, NAN, NAN, NAN, NAN,,2024/04/21 22:28:49.413,2024-04-21 22:28:49.413000+00:00
2024/04/21, 22:29:49.414,41.523,-70.672, NAN,242.74,310.92,0.01,7.6,7.6,1009.6,1009.5,0.0,0.0,87.88,79.0,347,341,8.1,8.1,66.5,65.6,8.1,8.1,229.7,223.7,1011.7,1011.6,44.08,321.53,171.67,0.1943,8.7358,117.7,0.0,1442.509, NAN, NAN, NAN, NAN,,2024/04/21 22:29:49.414,2024-04-21 22:29:49.414000+00:00
2024/04/21, 22:30:49.414,41.523,-70.672, NAN,242.71,141.64,0.01,7.6,7.6,1009.5,1009.5,0.0,0.0,87.88,79.0,350,342,8.2,8.0,65.8,66.6,8.2,8.0,232.7,224.7,1011.6,1011.6,42.42,322.06,167.08,0.1943,8.7336,118.4,0.0,1442.5, NAN, NAN, NAN, NAN,,2024/04/21 22:30:49.414,2024-04-21 22:30:49.414000+00:00
2024/04/21, 22:31:49.414,41.523,-70.672, NAN,242.75,261.36,0.01,7.6,7.6,1009.4,1009.5,0.0,0.0,87.88,79.0,347,340,7.6,7.8,66.7,68.9,7.6,7.8,229.7,222.7,1011.5,1011.6,40.69,322.25,160.87,0.1943,8.7347,118.4,0.0,1442.505, NAN, NAN, NAN, NAN,,2024/04/21 22:31:49.414,2024-04-21 22:31:49.414000+00:00
2024/04/21, 22:32:49.414,41.523,-70.672, NAN,242.74,43.28,0.0,7.6,7.6,1009.6,1009.5,0.0,0.0,87.88,79.0,340,333,6.9,8.0,68.7,68.5,6.9,8.0,222.7,215.7,1011.7,1011.6,39.66,322.42,157.52,0.1943,8.7366,117.7,0.0,1442.512, NAN, NAN, NAN, NAN,,2024/04/21 22:32:49.414,2024-04-21 22:32:49.414000+00:00
2024/04/21, 22:33:49.414,41.523,-70.672, NAN,242.74,37.97,0.0,7.6,7.6,1009.6,1009.5,0.0,0.0,87.88,79.0,349,341,7.0,7.2,68.3,68.5,7.0,7.2,231.7,223.7,1011.7,1011.6,38.75,322.34,153.45,0.1943,8.737,118.0,0.0,1442.514, NAN, NAN, NAN, NAN,,2024/04/21 22:33:49.414,2024-04-21 22:33:49.414000+00:00
2024/04/21, 22:34:49.414,41.523,-70.672, NAN,242.71,115.27,0.01,7.6,7.6,1009.5,1009.5,0.0,0.0,87.88,79.0,354,347,7.1,6.5,68.8,68.9,7.1,6.5,236.8,229.8,1011.6,1011.6,37.88,322.39,148.68,0.1943,8.7374,117.7,0.0,1442.516, NAN, NAN, NAN, NAN,,2024/04/21 22:34:49.414,2024-04-21 22:34:49.414000+00:00
2024/04/21, 22:35:49.414,41.523,-70.672, NAN,242.76,268.87,0.01,7.6,7.6,1009.4,1009.5,0.0,0.0,87.88,79.0,349,342,7.8,7.8,68.4,68.1,7.8,7.8,231.7,224.7,1011.5,1011.6,36.82,321.99,144.19,0.1943,8.7363,117.7,0.0,1442.511, NAN, NAN, NAN, NAN,,2024/04/21 22:35:49.414,2024-04-21 22:35:49.414000+00:00
2024/04/21, 22:36:49.414,41.523,-70.672, NAN,242.81,331.19,0.01,7.6,7.6,1009.5,1009.6,0.0,0.0,87.88,79.0,350,341,7.5,7.8,68.3,68.8,7.5,7.8,232.8,223.8,1011.6,1011.7,35.59,322.4,139.76,0.1943,8.7344,117.7,0.0,1442.503, NAN, NAN, NAN, NAN,,2024/04/21 22:36:49.414,2024-04-21 22:36:49.414000+00:00
2024/04/21, 22:37:49.414,41.523,-70.672, NAN,242.8,262.82,0.01,7.5,7.6,1009.5,1009.6,0.0,0.0,87.88,79.0,350,343,8.0,7.7,69.0,69.1,8.0,7.7,232.8,225.8,1011.6,1011.7,34.16,322.36,135.54,0.1943,8.7332,117.5,0.0,1442.498, NAN, NAN, NAN, NAN,,2024/04/21 22:37:49.414,2024-04-21 22:37:49.414000+00:00
2024/04/21, 22:38:49.414,41.523,-70.672, NAN,242.78,94.04,0.0,7.5,7.6,1009.6,1009.5,0.0,0.0,87.88,79.0,349,343,8.2,8.1,69.2,70.1,8.2,8.1,231.8,225.8,1011.7,1011.6,33.06,322.38,132.02,0.1943,8.7314,118.0,0.0,1442.491, NAN, NAN, NAN, NAN,,2024/04/21 22:38:49.414,2024-04-21 22:38:49.414000+00:00
2024/04/21, 22:39:49.414,41.523,-70.672, NAN,242.69,208.51,0.01,7.5,7.5,1009.6,1009.6,0.0,0.0,87.88,79.0,353,347,7.8,7.4,70.0,69.9,7.8,7.4,235.7,229.7,1011.7,1011.7,31.89,322.35,127.69,0.1943,8.7303,117.7,0.0,1442.487, NAN, NAN, NAN, NAN,,2024/04/21 22:39:49.414,2024-04-21 22:39:49.414000+00:00
2024/04/21, 22:40:49.414,41.523,-70.672, NAN,242.66,296.69,0.01,7.5,7.5,1009.6,1009.5,0.0,0.0,87.88,79.0,355,348,7.8,8.2,69.6,69.5,7.8,8.2,237.6,230.6,1011.7,1011.6,30.61,322.15,123.37,0.1948,8.7297,117.5,0.0,1442.485, NAN, NAN, NAN, NAN,,2024/04/21 22:40:49.414,2024-04-21 22:40:49.414000+00:00
2024/04/21, 22:41:49.414,41.523,-70.672, NAN,242.77,358.18,0.01,7.5,7.5,1009.6,1009.6,0.0,0.0,87.88,79.0,347,339,7.6,7.5,69.6,70.8,7.6,7.5,229.7,221.7,1011.7,1011.7,29.24,322.19,118.56,0.1948,8.729,118.0,0.0,1442.482, NAN, NAN, NAN, NAN,,2024/04/21 22:41:49.414,2024-04-21 22:41:49.414000+00:00
2024/04/21, 22:42:49.414,41.523,-70.672, NAN,242.72,278.23,0.01,7.5,7.5,1009.6,1009.5,0.0,0.0,87.88,79.0,357,350,9.6,9.2,71.1,69.7,9.6,9.2,239.7,232.7,1011.7,1011.6,27.48,322.19,113.54,0.1948,8.7306,117.5,0.0,1442.488, NAN, NAN, NAN, NAN,,2024/04/21 22:42:49.414,2024-04-21 22:42:49.414000+00:00
2024/04/21, 22:43:49.414,41.523,-70.672, NAN,242.78,327.34,0.01,7.5,7.5,1009.6,1009.5,0.0,0.0,87.88,79.0,353,346,9.0,8.9,69.6,69.3,9.0,8.9,235.7,228.7,1011.7,1011.6,26.06,322.17,108.53,0.1949,8.7337,117.5,0.0,1442.501, NAN, NAN, NAN, NAN,,2024/04/21 22:43:49.414,2024-04-21 22:43:49.414000+00:00
2024/04/21, 22:44:49.414,41.523,-70.672, NAN,242.74,344.35,0.01,7.5,7.5,1009.5,1009.5,0.0,0.0,87.88,79.0,351,344,7.6,7.1,68.9,70.8,7.6,7.1,233.7,226.7,1011.6,1011.6,24.59,322.76,103.03,0.1949,8.7333,117.2,0.0,1442.5, NAN, NAN, NAN, NAN,,2024/04/21 22:44:49.414,2024-04-21 22:44:49.414000+00:00
2024/04/21, 22:45:49.415,41.523,-70.672, NAN,242.65,35.33,0.01,7.5,7.5,1009.6,1009.5,0.0,0.0,87.88,79.0,347,342,8.0,8.1,70.9,72.6,8.0,8.1,229.7,224.7,1011.7,1011.6,23.27,322.85,98.89,0.1949,8.7307,117.5,0.0,1442.489, NAN, NAN, NAN, NAN,,2024/04/21 22:45:49.415,2024-04-21 22:45:49.415000+00:00
2024/04/21, 22:46:49.415,41.523,-70.672, NAN,242.73,192.93,0.01,7.5,7.5,1009.6,1009.7,0.0,0.0,87.88,79.0,354,346,7.1,6.4,72.5,71.6,7.1,6.4,236.8,228.8,1011.7,1011.8,22.14,322.67,95.28,0.1949,8.729,118.0,0.0,1442.482, NAN, NAN, NAN, NAN,,2024/04/21 22:46:49.415,2024-04-21 22:46:49.415000+00:00
2024/04/21, 22:47:49.415,41.523,-70.672, NAN,242.72,318.04,0.01,7.5,7.5,1009.7,1009.7,0.0,0.0,87.88,79.0,348,342,7.9,7.9,71.8,70.2,7.9,7.9,230.8,224.8,1011.8,1011.8,21.21,322.9,92.08,0.1949,8.7271,116.8,0.0,1442.474, NAN, NAN, NAN, NAN,,2024/04/21 22:47:49.415,2024-04-21 22:47:49.415000+00:00
2024/04/21, 22:48:49.415,41.523,-70.672, NAN,242.68,159.52,0.01,7.5,7.5,1009.7,1009.7,0.0,0.0,87.88,79.0,356,349,9.3,9.0,70.1,70.1,9.3,9.0,238.7,231.7,1011.8,1011.8,20.32,323.02,88.72,0.195,8.7237,117.5,0.0,1442.46, NAN, NAN, NAN, NAN,,2024/04/21 22:48:49.415,2024-04-21 22:48:49.415000+00:00
2024/04/21, 22:49:49.415,41.523,-70.672, NAN,242.69,134.3,0.01,7.5,7.5,1009.7,1009.7,0.0,0.0,87.88,79.0,4,359,9.9,9.5,69.5,67.7,9.9,9.5,246.7,241.7,1011.8,1011.8,19.6,323.34,85.82,0.195,8.7228,117.2,0.0,1442.457, NAN, NAN, NAN, NAN,,2024/04/21 22:49:49.415,2024-04-21 22:49:49.415000+00:00
2024/04/21, 22:50:49.415,41.523,-70.672, NAN,242.69,103.39,0.01,7.5,7.6,1009.7,1009.7,0.0,0.0,87.88,79.0,356,350,7.3,7.0,67.4,69.2,7.3,7.0,238.7,232.7,1011.8,1011.8,18.79,323.1,82.78,0.1951,8.7231,117.5,0.0,1442.458, NAN, NAN, NAN, NAN,,2024/04/21 22:50:49.415,2024-04-21 22:50:49.415000+00:00
2024/04/21, 22:51:49.415,41.523,-70.672, NAN,242.73,86.83,0.01,7.5,7.6,1009.7,1009.6,0.0,0.0,87.88,79.0,354,347,6.5,6.3,69.1,69.7,6.5,6.3,236.8,229.8,1011.8,1011.7,17.96,323.59,79.57,0.1951,8.724,117.7,0.0,1442.462, NAN, NAN, NAN, NAN,,2024/04/21 22:51:49.415,2024-04-21 22:51:49.415000+00:00
2024/04/21, 22:52:49.415,41.523,-70.672, NAN,242.68,66.74,0.0,7.5,7.6,1009.7,1009.6,0.0,0.0,87.88,79.0,359,351,7.7,7.3,69.9,69.4,7.7,7.3,241.7,233.7,1011.8,1011.7,17.09,323.73,76.21,0.1952,8.7257,116.8,0.0,1442.469, NAN, NAN, NAN, NAN,,2024/04/21 22:52:49.415,2024-04-21 22:52:49.415000+00:00
2024/04/21, 22:53:49.415,41.523,-70.672, NAN,242.72,64.55,0.01,7.5,7.6,1009.6,1009.7,0.0,0.0,87.88,79.0,358,354,7.4,7.6,69.5,69.0,7.4,7.6,240.7,236.7,1011.7,1011.8,15.98,324.06,72.05,0.1952,8.7274,117.5,0.0,1442.476, NAN, NAN, NAN, NAN,,2024/04/21 22:53:49.415,2024-04-21 22:53:49.415000+00:00
2024/04/21, 22:54:49.415,41.523,-70.672, NAN,242.76,262.32,0.02,7.5,7.6,1009.7,1009.7,0.0,0.0,87.88,79.0,358,352,6.9,6.6,69.2,69.5,6.9,6.6,240.8,234.7,1011.8,1011.8,14.77,324.65,68.39,0.1953,8.7279,117.5,0.0,1442.478, NAN, NAN, NAN, NAN,,2024/04/21 22:54:49.415,2024-04-21 22:54:49.415000+00:00
2024/04/21, 22:55:49.415,41.523,-70.672, NAN,242.76,323.54,0.02,7.5,7.6,1009.7,1009.7,0.0,0.0,87.88,79.0,355,347,8.1,7.8,69.9,68.0,8.1,7.8,237.7,229.7,1011.8,1011.8,13.8,325.53,65.34,0.1954,8.7272,116.8,0.0,1442.475, NAN, NAN, NAN, NAN,,2024/04/21 22:55:49.415,2024-04-21 22:55:49.415000+00:00
2024/04/21, 22:56:49.415,41.523,-70.672, NAN,242.72,10.56,0.01,7.5,7.6,1009.7,1009.7,0.0,0.0,87.88,79.0,359,351,7.7,7.3,67.9,69.0,7.7,7.3,241.7,233.7,1011.8,1011.8,13.42,325.49,63.18,0.1955,8.7227,117.7,0.0,1442.457, NAN, NAN, NAN, NAN,,2024/04/21 22:56:49.415,2024-04-21 22:56:49.415000+00:00
2024/04/21, 22:57:49.415,41.523,-70.672, NAN,242.73,14.64,0.01,7.5,7.6,1009.7,1009.7,0.0,0.0,87.88,79.0,1,355,6.6,6.2,69.2,69.7,6.6,6.2,243.7,237.7,1011.8,1011.8,12.73,325.25,61.41,0.1957,8.7183,117.5,0.0,1442.439, NAN, NAN, NAN, NAN,,2024/04/21 22:57:49.415,2024-04-21 22:57:49.415000+00:00
2024/04/21, 22:58:49.415,41.523,-70.672, NAN,242.74,88.96,0.0,7.5,7.6,1009.7,1009.7,0.0,0.0,87.88,79.0,353,346,5.7,5.6,69.3,69.9,5.7,5.6,235.7,228.7,1011.8,1011.8,12.38,324.8,59.05,0.1958,8.715,116.5,0.0,1442.426, NAN, NAN, NAN, NAN,,2024/04/21 22:58:49.415,2024-04-21 22:58:49.415000+00:00
2024/04/21, 22:59:49.415,41.523,-70.672, NAN,242.7,279.09,0.01,7.5,7.6,1009.7,1009.7,0.0,0.0,87.88,79.0,356,351,6.2,6.0,70.3,70.0,6.2,6.0,238.7,233.7,1011.8,1011.8,11.53,324.96,56.66,0.1959,8.7109,117.5,0.0,1442.409, NAN, NAN, NAN, NAN,,2024/04/21 22:59:49.415,2024-04-21 22:59:49.415000+00:00
2024/04/21, 23:00:49.415,41.523,-70.672, NAN,242.71,324.78,0.0,7.5,7.6,1009.7,1009.7,0.0,0.0,87.88,79.0,0,353,6.5,6.0,70.7,71.5,6.5,6.0,242.7,235.7,1011.8,1011.8,10.61,325.77,53.84,0.196,8.708,117.7,0.0,1442.397, NAN, NAN, NAN, NAN,,2024/04/21 23:00:49.415,2024-04-21 23:00:49.415000+00:00
2024/04/21, 23:01:49.416,41.523,-70.672, NAN,242.71,320.46,0.01,7.5,7.5,1009.7,1009.7,0.0,0.0,87.88,79.0,352,345,6.8,6.6,70.8,69.1,6.8,6.6,234.7,227.7,1011.8,1011.8,9.8,326.51,51.08,0.1962,8.7073,117.2,0.0,1442.395, NAN, NAN, NAN, NAN,,2024/04/21 23:01:49.416,2024-04-21 23:01:49.416000+00:00
2024/04/21, 23:02:49.416,41.523,-70.672, NAN,242.7,110.63,0.01,7.5,7.5,1009.7,1009.7,0.0,0.0,87.88,79.0,354,346,7.1,6.8,69.2,69.3,7.1,6.8,236.7,228.7,1011.8,1011.8,9.41,326.9,49.1,0.1963,8.7072,117.2,0.0,1442.395, NAN, NAN, NAN, NAN,,2024/04/21 23:02:49.416,2024-04-21 23:02:49.416000+00:00
2024/04/21, 23:03:49.416,41.523,-70.672, NAN,242.7,131.32,0.01,7.5,7.5,1009.7,1009.8,0.0,0.0,87.88,79.0,7,2,7.4,6.8,68.8,68.9,7.4,6.8,249.7,244.7,1011.8,1011.9,9.44,326.03,47.9,0.1964,8.7072,116.5,0.0,1442.395, NAN, NAN, NAN, NAN,,2024/04/21 23:03:49.416,2024-04-21 23:03:49.416000+00:00
2024/04/21, 23:04:49.416,41.523,-70.672, NAN,242.7,167.05,0.0,7.5,7.6,1009.7,1009.7,0.0,0.0,87.88,79.0,1,357,7.4,7.0,68.7,68.9,7.4,7.0,243.7,239.7,1011.8,1011.8,9.38,324.97,46.85,0.1966,8.7074,117.2,0.0,1442.396, NAN, NAN, NAN, NAN,,2024/04/21 23:04:49.416,2024-04-21 23:04:49.416000+00:00
2024/04/21, 23:05:49.416,41.523,-70.672, NAN,242.69,322.59,0.01,7.5,7.6,1009.7,1009.6,0.0,0.0,87.88,79.0,358,352,9.1,9.0,68.8,68.2,9.1,9.0,240.7,234.7,1011.8,1011.7,9.04,325.07,44.87,0.1967,8.7072,116.8,0.0,1442.395, NAN, NAN, NAN, NAN,,2024/04/21 23:05:49.416,2024-04-21 23:05:49.416000+00:00
2024/04/21, 23:06:49.416,41.523,-70.672, NAN,242.7,249.66,0.01,7.6,7.6,1009.7,1009.7,0.0,0.0,87.88,79.0,5,358,6.4,6.1,67.9,67.9,6.4,6.1,247.7,240.7,1011.8,1011.8,8.05,325.63,42.13,0.1969,8.7083,117.2,0.0,1442.4, NAN, NAN, NAN, NAN,,2024/04/21 23:06:49.416,2024-04-21 23:06:49.416000+00:00
2024/04/21, 23:07:49.416,41.523,-70.672, NAN,242.69,311.36,0.01,7.6,7.6,1009.6,1009.7,0.0,0.0,87.88,79.0,0,354,7.7,7.4,68.2,68.2,7.7,7.4,242.7,236.7,1011.7,1011.8,7.18,326.72,39.35,0.197,8.7103,117.5,0.0,1442.408, NAN, NAN, NAN, NAN,,2024/04/21 23:07:49.416,2024-04-21 23:07:49.416000+00:00
2024/04/21, 23:08:49.416,41.523,-70.672, NAN,242.71,246.73,0.01,7.6,7.6,1009.8,1009.8,0.0,0.0,87.88,79.0,0,352,7.6,7.1,68.1,68.2,7.6,7.1,242.7,234.8,1011.9,1011.9,6.36,327.28,36.78,0.1972,8.7108,117.5,0.0,1442.41, NAN, NAN, NAN, NAN,,2024/04/21 23:08:49.416,2024-04-21 23:08:49.416000+00:00
2024/04/21, 23:09:49.416,41.523,-70.672, NAN,242.84,271.24,0.01,7.6,7.6,1009.8,1009.7,0.0,0.0,87.88,79.0,351,343,8.0,7.8,68.0,68.3,8.0,7.8,233.8,225.8,1011.9,1011.8,5.87,327.1,34.98,0.1973,8.7109,116.5,0.0,1442.411, NAN, NAN, NAN, NAN,,2024/04/21 23:09:49.416,2024-04-21 23:09:49.416000+00:00
2024/04/21, 23:10:49.416,41.523,-70.672, NAN,242.69,271.61,0.01,7.6,7.6,1009.7,1009.7,0.0,0.0,87.88,79.0,358,351,7.4,6.7,68.0,68.1,7.4,6.7,240.7,233.7,1011.8,1011.8,5.23,326.93,32.97,0.1974,8.7088,116.8,0.0,1442.403, NAN, NAN, NAN, NAN,,2024/04/21 23:10:49.416,2024-04-21 23:10:49.416000+00:00
2024/04/21, 23:11:49.416,41.523,-70.672, NAN,242.64,139.65,0.02,7.6,7.6,1009.7,1009.7,0.0,0.0,87.88,79.0,358,349,7.9,7.3,68.1,69.6,7.9,7.3,240.7,231.7,1011.8,1011.8,4.56,327.21,30.73,0.1976,8.7048,116.5,0.0,1442.386, NAN, NAN, NAN, NAN,,2024/04/21 23:11:49.416,2024-04-21 23:11:49.416000+00:00
2024/04/21, 23:12:49.416,41.523,-70.672, NAN,242.67,168.12,0.01,7.6,7.6,1009.8,1009.8,0.0,0.0,87.88,79.0,354,348,6.5,6.5,69.1,67.7,6.5,6.5,236.7,230.7,1011.9,1011.9,3.87,328.05,28.47,0.1977,8.7007,116.5,0.0,1442.37, NAN, NAN, NAN, NAN,,2024/04/21 23:12:49.416,2024-04-21 23:12:49.416000+00:00
2024/04/21, 23:13:49.416,41.523,-70.672, NAN,242.69,157.95,0.01,7.6,7.6,1009.8,1009.8,0.0,0.0,87.88,79.0,4,357,7.0,6.4,67.7,68.5,7.0,6.4,246.7,239.7,1011.9,1011.9,3.05,328.65,26.0,0.1979,8.6966,117.2,0.0,1442.353, NAN, NAN, NAN, NAN,,2024/04/21 23:13:49.416,2024-04-21 23:13:49.416000+00:00
2024/04/21, 23:14:49.416,41.523,-70.672, NAN,242.71,136.94,0.0,7.6,7.6,1009.8,1009.8,0.0,0.0,87.88,79.0,7,0,7.6,6.8,68.3,68.2,7.6,6.8,249.7,242.7,1011.9,1011.9,2.38,329.1,24.17,0.198,8.6938,117.2,0.0,1442.342, NAN, NAN, NAN, NAN,,2024/04/21 23:14:49.416,2024-04-21 23:14:49.416000+00:00
2024/04/21, 23:15:49.416,41.523,-70.672, NAN,242.58,101.08,0.01,7.6,7.6,1009.8,1009.8,0.0,0.0,87.88,79.0,5,359,8.9,8.3,67.9,66.0,8.9,8.3,247.6,241.6,1011.9,1011.9,1.97,328.67,22.69,0.1981,8.6921,116.2,0.0,1442.335, NAN, NAN, NAN, NAN,,2024/04/21 23:15:49.416,2024-04-21 23:15:49.416000+00:00
2024/04/21, 23:16:49.417,41.523,-70.672, NAN,242.71,179.08,0.01,7.6,7.7,1009.7,1009.8,0.0,0.0,87.88,79.0,5,359,8.2,7.5,65.9,67.8,8.2,7.5,247.7,241.7,1011.8,1011.9,1.55,327.22,21.49,0.1982,8.6913,116.5,0.0,1442.332, NAN, NAN, NAN, NAN,,2024/04/21 23:16:49.417,2024-04-21 23:16:49.417000+00:00
2024/04/21, 23:17:49.417,41.523,-70.672, NAN,242.7,76.16,0.01,7.7,7.7,1009.9,1009.8,0.0,0.0,87.88,79.0,3,355,7.6,6.9,67.9,68.0,7.6,6.9,245.7,237.7,1012.0,1011.9,1.23,325.34,20.36,0.1983,8.6913,116.2,0.0,1442.332, NAN, NAN, NAN, NAN,,2024/04/21 23:17:49.417,2024-04-21 23:17:49.417000+00:00
2024/04/21, 23:18:49.417,41.523,-70.672, NAN,242.65,150.79,0.0,7.7,7.7,1009.7,1009.8,0.0,0.0,87.88,79.0,5,358,9.8,8.8,67.5,66.6,9.8,8.8,247.7,240.6,1011.8,1011.9,0.82,324.77,18.8,0.1984,8.6868,117.5,0.0,1442.314, NAN, NAN, NAN, NAN,,2024/04/21 23:18:49.417,2024-04-21 23:18:49.417000+00:00
2024/04/21, 23:19:49.417,41.523,-70.672, NAN,242.63,336.22,0.01,7.7,7.7,1009.6,1009.8,0.0,0.0,87.88,79.0,1,355,7.0,6.4,66.6,65.4,7.0,6.4,243.6,237.6,1011.7,1011.9,0.21,324.7,17.34,0.1985,8.683,116.2,0.0,1442.298, NAN, NAN, NAN, NAN,,2024/04/21 23:19:49.417,2024-04-21 23:19:49.417000+00:00
2024/04/21, 23:20:49.417,41.523,-70.672, NAN,242.66,286.95,0.0,7.7,7.7,1009.7,1009.8,0.0,0.0,87.88,79.0,4,358,8.2,7.5,65.7,65.6,8.2,7.5,246.7,240.7,1011.8,1011.9,-0.14,324.78,15.98,0.1986,8.6826,116.5,0.0,1442.297, NAN, NAN, NAN, NAN,,2024/04/21 23:20:49.417,2024-04-21 23:20:49.417000+00:00
2024/04/21, 23:21:49.417,41.523,-70.672, NAN,242.61,278.87,0.0,7.7,7.7,1009.7,1009.8,0.0,0.0,87.88,79.0,11,6,9.5,8.9,67.0,66.8,9.5,8.9,253.6,248.6,1011.8,1011.9,-0.81,324.99,14.74,0.1986,8.6868,116.2,0.0,1442.314, NAN, NAN, NAN, NAN,,2024/04/21 23:21:49.417,2024-04-21 23:21:49.417000+00:00
2024/04/21, 23:22:49.417,41.523,-70.672, NAN,242.64,197.47,0.01,7.7,7.7,1009.9,1009.8,0.0,0.0,87.88,79.0,8,0,8.4,7.8,66.7,67.6,8.4,7.8,250.7,242.7,1012.0,1011.9,-1.08,325.81,14.69,0.1987,8.6864,116.2,0.0,1442.312, NAN, NAN, NAN, NAN,,2024/04/21 23:22:49.417,2024-04-21 23:22:49.417000+00:00
2024/04/21, 23:23:49.417,41.523,-70.672, NAN,242.64,70.68,0.01,7.7,7.8,1009.8,1009.8,0.0,0.0,87.88,79.0,4,358,7.8,7.3,67.9,69.3,7.8,7.3,246.6,240.6,1011.9,1011.9,-0.84,326.17,18.97,0.1987,8.6872,116.5,0.0,1442.316, NAN, NAN, NAN, NAN,,2024/04/21 23:23:49.417,2024-04-21 23:23:49.417000+00:00
2024/04/21, 23:24:49.417,41.523,-70.672, NAN,242.63,95.55,0.01,7.7,7.8,1009.7,1009.8,0.0,0.0,87.88,79.0,1,355,8.1,7.6,68.5,67.0,8.1,7.6,243.7,237.7,1011.8,1011.9,-0.45,326.07,19.67,0.1988,8.6839,116.2,0.0,1442.302, NAN, NAN, NAN, NAN,,2024/04/21 23:24:49.417,2024-04-21 23:24:49.417000+00:00
2024/04/21, 23:25:49.417,41.523,-70.672, NAN,242.72,317.77,0.01,7.7,7.7,1009.9,1009.9,0.0,0.0,87.88,79.0,5,359,8.2,7.5,66.9,67.2,8.2,7.5,247.7,241.7,1012.0,1012.0,-0.15,326.32,20.15,0.1988,8.6852,116.0,0.0,1442.308, NAN, NAN, NAN, NAN,,2024/04/21 23:25:49.417,2024-04-21 23:25:49.417000+00:00
2024/04/21, 23:26:49.417,41.523,-70.672, NAN,242.68,308.05,0.01,7.7,7.7,1009.9,1009.9,0.0,0.0,87.88,79.0,7,359,8.6,7.3,67.2,67.2,8.6,7.3,249.6,241.6,1012.0,1012.0,-1.04,326.21,16.31,0.1988,8.6906,116.2,0.0,1442.33, NAN, NAN, NAN, NAN,,2024/04/21 23:26:49.417,2024-04-21 23:26:49.417000+00:00
2024/04/21, 23:27:49.417,41.523,-70.672, NAN,242.64,170.59,0.01,7.7,7.7,1009.9,1009.9,0.0,0.0,87.88,79.0,1,354,8.8,8.1,67.7,67.0,8.8,8.1,243.7,236.7,1012.0,1012.0,-1.82,326.3,11.81,0.1988,8.6968,116.0,0.0,1442.355, NAN, NAN, NAN, NAN,,2024/04/21 23:27:49.417,2024-04-21 23:27:49.417000+00:00
2024/04/21, 23:28:49.417,41.523,-70.672, NAN,242.65,77.76,0.01,7.7,7.7,1009.9,1009.9,0.0,0.0,87.88,79.0,2,357,6.3,5.9,67.0,67.8,6.3,5.9,244.6,239.6,1012.0,1012.0,-2.13,326.4,9.86,0.1989,8.7019,115.6,0.0,1442.376, NAN, NAN, NAN, NAN,,2024/04/21 23:28:49.417,2024-04-21 23:28:49.417000+00:00
2024/04/21, 23:29:49.417,41.523,-70.672, NAN,242.7,154.86,0.01,7.7,7.7,1009.9,1009.9,0.0,0.0,87.88,79.0,3,356,8.5,8.1,68.0,68.0,8.5,8.1,245.7,238.7,1012.0,1012.0,-1.9,327.59,9.38,0.1989,8.7053,116.2,0.0,1442.39, NAN, NAN, NAN, NAN,,2024/04/21 23:29:49.417,2024-04-21 23:29:49.417000+00:00
2024/04/21, 23:30:49.417,41.523,-70.672, NAN,242.72,339.31,0.0,7.7,7.7,1009.9,1009.9,0.0,0.0,87.88,79.0,5,358,6.7,6.4,67.9,68.8,6.7,6.4,247.7,240.7,1012.0,1012.0,-1.59,328.34,8.9,0.1989,8.7046,117.2,0.0,1442.387, NAN, NAN, NAN, NAN,,2024/04/21 23:30:49.417,2024-04-21 23:30:49.417000+00:00
2024/04/21, 23:31:49.417,41.523,-70.672, NAN,242.7,66.97,0.0,7.7,7.7,1010.0,1009.9,0.0,0.0,87.88,79.0,5,358,6.9,6.4,68.6,69.2,6.9,6.4,247.7,240.7,1012.1,1012.0,-1.59,328.07,8.22,0.1989,8.6981,116.0,0.0,1442.361, NAN, NAN, NAN, NAN,,2024/04/21 23:31:49.417,2024-04-21 23:31:49.417000+00:00
2024/04/21, 23:32:49.418,41.523,-70.672, NAN,242.68,78.36,0.01,7.7,7.7,1010.0,1010.0,0.0,0.0,87.88,79.0,2,355,5.9,5.6,69.6,69.7,5.9,5.6,244.7,237.7,1012.1,1012.1,-2.04,327.06,7.37,0.1989,8.6858,116.0,0.0,1442.31, NAN, NAN, NAN, NAN,,2024/04/21 23:32:49.418,2024-04-21 23:32:49.418000+00:00
2024/04/21, 23:33:49.418,41.523,-70.672, NAN,242.63,135.67,0.01,7.7,7.7,1010.0,1010.0,0.0,0.0,87.88,79.0,6,0,6.7,6.3,69.7,69.6,6.7,6.3,248.7,242.7,1012.1,1012.1,-2.57,326.62,6.29,0.1988,8.6779,116.0,0.0,1442.278, NAN, NAN, NAN, NAN,,2024/04/21 23:33:49.418,2024-04-21 23:33:49.418000+00:00
2024/04/21, 23:34:49.418,41.523,-70.672, NAN,242.69,175.26,0.0,7.7,7.7,1009.9,1010.0,0.0,0.0,87.88,79.0,0,352,6.0,5.9,69.5,70.1,6.0,5.9,242.7,234.7,1012.0,1012.1,-3.02,326.2,5.38,0.1988,8.6743,116.0,0.0,1442.263, NAN, NAN, NAN, NAN,,2024/04/21 23:34:49.418,2024-04-21 23:34:49.418000+00:00
2024/04/21, 23:35:49.418,41.523,-70.672, NAN,242.66,134.17,0.0,7.7,7.7,1010.0,1010.0,0.0,0.0,87.88,79.0,14,9,6.9,6.5,70.0,68.9,6.9,6.5,256.7,251.7,1012.1,1012.1,-3.38,325.58,4.57,0.1988,8.6732,115.6,0.0,1442.258, NAN, NAN, NAN, NAN,,2024/04/21 23:35:49.418,2024-04-21 23:35:49.418000+00:00
2024/04/21, 23:36:49.418,41.523,-70.672, NAN,242.67,134.1,0.0,7.7,7.7,1010.1,1010.1,0.0,0.0,87.88,79.0,6,0,5.7,5.4,68.7,70.0,5.7,5.4,248.7,242.7,1012.2,1012.2,-3.88,324.81,3.86,0.1988,8.675,116.8,0.0,1442.266, NAN, NAN, NAN, NAN,,2024/04/21 23:36:49.418,2024-04-21 23:36:49.418000+00:00
2024/04/21, 23:37:49.418,41.523,-70.672, NAN,242.65,190.8,0.01,7.7,7.7,1010.1,1010.0,0.0,0.0,87.88,79.0,6,1,6.3,6.3,70.1,69.8,6.3,6.3,248.7,243.7,1012.2,1012.1,-4.23,324.34,3.21,0.1988,8.6736,115.6,0.0,1442.26, NAN, NAN, NAN, NAN,,2024/04/21 23:37:49.418,2024-04-21 23:37:49.418000+00:00
2024/04/21, 23:38:49.418,41.523,-70.672, NAN,242.68,270.93,0.01,7.7,7.7,1010.1,1010.0,0.0,0.0,87.88,79.0,5,0,6.6,6.4,69.5,69.3,6.6,6.4,247.7,242.6,1012.2,1012.1,-4.49,324.7,2.55,0.1987,8.671,116.8,0.0,1442.249, NAN, NAN, NAN, NAN,,2024/04/21 23:38:49.418,2024-04-21 23:38:49.418000+00:00
2024/04/21, 23:39:49.418,41.523,-70.672, NAN,242.69,308.72,0.0,7.7,7.8,1010.1,1010.0,0.0,0.0,87.88,79.0,6,0,7.3,6.6,69.1,69.8,7.3,6.6,248.7,242.7,1012.2,1012.1,-4.84,325.49,2.08,0.1987,8.6705,116.2,0.0,1442.247, NAN, NAN, NAN, NAN,,2024/04/21 23:39:49.418,2024-04-21 23:39:49.418000+00:00
2024/04/21, 23:40:49.418,41.523,-70.672, NAN,242.62,119.49,0.02,7.7,7.8,1010.1,1010.1,0.0,0.0,87.88,79.0,1,354,5.4,5.1,69.8,69.2,5.4,5.1,243.7,236.7,1012.2,1012.2,-5.08,326.06,1.73,0.1986,8.672,115.6,0.0,1442.253, NAN, NAN, NAN, NAN,,2024/04/21 23:40:49.418,2024-04-21 23:40:49.418000+00:00
2024/04/21, 23:41:49.418,41.523,-70.672, NAN,242.63,129.4,0.01,7.7,7.8,1010.1,1010.1,0.0,0.0,87.88,79.0,6,2,5.7,5.7,69.6,71.0,5.7,5.7,248.7,244.7,1012.2,1012.2,-5.13,326.85,1.42,0.1986,8.6731,115.6,0.0,1442.258, NAN, NAN, NAN, NAN,,2024/04/21 23:41:49.418,2024-04-21 23:41:49.418000+00:00
2024/04/21, 23:42:49.418,41.523,-70.672, NAN,242.62,276.02,0.01,7.8,7.8,1010.1,1010.1,0.0,0.0,87.88,79.0,12,5,6.7,5.9,71.3,69.8,6.7,5.9,254.6,247.6,1012.2,1012.2,-5.15,327.32,1.17,0.1985,8.6718,115.6,0.0,1442.252, NAN, NAN, NAN, NAN,,2024/04/21 23:42:49.418,2024-04-21 23:42:49.418000+00:00
2024/04/21, 23:43:49.418,41.523,-70.672, NAN,242.63,340.88,0.0,7.8,7.8,1010.1,1010.1,0.0,0.0,87.88,79.0,9,5,6.3,5.4,69.8,69.8,6.3,5.4,251.6,247.6,1012.2,1012.2,-5.21,327.64,0.97,0.1985,8.6694,115.6,0.0,1442.242, NAN, NAN, NAN, NAN,,2024/04/21 23:43:49.418,2024-04-21 23:43:49.418000+00:00
2024/04/21, 23:44:49.418,41.523,-70.672, NAN,242.63,223.03,0.0,7.8,7.9,1010.1,1010.1,0.0,0.0,87.88,79.0,10,5,5.9,5.6,70.1,70.3,5.9,5.6,252.6,247.6,1012.2,1012.2,-5.28,327.98,0.82,0.1984,8.6688,116.0,0.0,1442.24, NAN, NAN, NAN, NAN,,2024/04/21 23:44:49.418,2024-04-21 23:44:49.418000+00:00
2024/04/21, 23:45:49.418,41.523,-70.672, NAN,242.63,333.26,0.01,7.9,7.9,1010.2,1010.1,0.0,0.0,87.88,79.0,17,12,5.2,5.6,70.3,70.1,5.2,5.6,259.6,254.6,1012.3,1012.2,-5.32,328.1,0.69,0.1984,8.6716,116.0,0.0,1442.251, NAN, NAN, NAN, NAN,,2024/04/21 23:45:49.418,2024-04-21 23:45:49.418000+00:00
2024/04/21, 23:46:49.418,41.523,-70.672, NAN,242.68,11.77,0.0,7.9,7.9,1010.1,1010.0,0.0,0.0,87.88,79.0,20,14,6.5,6.1,70.2,69.9,6.5,6.1,262.7,256.7,1012.2,1012.1,-5.37,327.4,0.57,0.1983,8.6741,115.3,0.0,1442.261, NAN, NAN, NAN, NAN,,2024/04/21 23:46:49.418,2024-04-21 23:46:49.418000+00:00
2024/04/21, 23:47:49.418,41.523,-70.672, NAN,242.67,291.63,0.01,7.9,7.9,1009.9,1010.0,0.0,0.0,87.88,79.0,14,8,8.0,7.7,69.8,68.9,8.0,7.7,256.7,250.7,1012.0,1012.1,-5.34,325.96,0.46,0.1982,8.6757,115.6,0.0,1442.268, NAN, NAN, NAN, NAN,,2024/04/21 23:47:49.418,2024-04-21 23:47:49.418000+00:00
2024/04/21, 23:48:49.419,41.523,-70.672, NAN,242.66,188.86,0.0,7.9,8.0,1010.0,1010.0,0.0,0.0,87.88,79.0,19,13,7.2,7.0,68.7,69.2,7.2,7.0,261.7,255.7,1012.1,1012.1,-5.3,325.2,0.36,0.1982,8.6771,115.6,0.0,1442.274, NAN, NAN, NAN, NAN,,2024/04/21 23:48:49.419,2024-04-21 23:48:49.419000+00:00
2024/04/21, 23:49:49.419,41.523,-70.672, NAN,242.69,234.49,0.01,7.9,8.0,1010.0,1010.0,0.0,0.0,87.88,79.0,18,11,7.1,6.9,69.1,70.5,7.1,6.9,260.7,253.7,1012.1,1012.1,-5.44,324.68,0.33,0.1981,8.6797,116.0,0.0,1442.284, NAN, NAN, NAN, NAN,,2024/04/21 23:49:49.419,2024-04-21 23:49:49.419000+00:00
2024/04/21, 23:50:49.419,41.523,-70.672, NAN,242.65,293.46,0.01,8.0,8.0,1010.0,1010.0,0.0,0.0,87.88,79.0,13,7,7.7,7.2,70.2,69.7,7.7,7.2,255.6,249.6,1012.1,1012.1,-5.43,323.93,0.27,0.1981,8.6805,116.0,0.0,1442.287, NAN, NAN, NAN, NAN,,2024/04/21 23:50:49.419,2024-04-21 23:50:49.419000+00:00
2024/04/21, 23:51:49.419,41.523,-70.672, NAN,242.73,223.2,0.01,8.0,8.0,1010.0,1010.0,0.0,0.0,87.88,79.0,9,5,8.1,7.6,69.6,69.4,8.1,7.6,251.7,247.7,1012.1,1012.1,-5.37,323.0,0.22,0.198,8.6765,115.6,0.0,1442.271, NAN, NAN, NAN, NAN,,2024/04/21 23:51:49.419,2024-04-21 23:51:49.419000+00:00
2024/04/21, 23:52:49.419,41.523,-70.672, NAN,242.68,352.83,0.0,8.0,8.0,1010.1,1010.0,0.0,0.0,87.88,79.0,21,15,7.2,7.1,69.7,69.6,7.2,7.1,263.7,257.7,1012.2,1012.1,-5.52,322.25,0.16,0.1979,8.6723,115.6,0.0,1442.254, NAN, NAN, NAN, NAN,,2024/04/21 23:52:49.419,2024-04-21 23:52:49.419000+00:00
2024/04/21, 23:53:49.419,41.523,-70.672, NAN,242.64,228.89,0.01,8.0,8.0,1010.0,1010.0,0.0,0.0,87.88,79.0,14,7,7.1,6.7,71.0,70.1,7.1,6.7,256.7,249.7,1012.1,1012.1,-5.46,322.17,0.14,0.1979,8.6708,116.0,0.0,1442.247, NAN, NAN, NAN, NAN,,2024/04/21 23:53:49.419,2024-04-21 23:53:49.419000+00:00
2024/04/21, 23:54:49.419,41.523,-70.672, NAN,242.62,275.89,0.0,8.0,8.0,1010.1,1010.0,0.0,0.0,87.88,79.0,16,10,7.3,6.8,70.1,70.5,7.3,6.8,258.6,252.6,1012.2,1012.1,-5.55,321.74,0.1,0.1978,8.6741,116.2,0.0,1442.261, NAN, NAN, NAN, NAN,,2024/04/21 23:54:49.419,2024-04-21 23:54:49.419000+00:00
2024/04/21, 23:55:49.419,41.523,-70.672, NAN,242.68,250.06,0.01,8.0,8.0,1010.1,1010.0,0.0,0.0,87.88,79.0,13,8,7.3,7.0,70.4,71.5,7.3,7.0,255.7,250.6,1012.2,1012.1,-5.5,321.74,0.07,0.1978,8.6716,115.6,0.0,1442.251, NAN, NAN, NAN, NAN,,2024/04/21 23:55:49.419,2024-04-21 23:55:49.419000+00:00
2024/04/21, 23:56:49.419,41.523,-70.672, NAN,242.67,93.83,0.01,8.0,8.1,1010.0,1010.0,0.0,0.0,87.88,79.0,17,12,9.0,8.4,71.6,70.8,9.0,8.4,259.6,254.6,1012.1,1012.1,-5.65,321.33,0.07,0.1977,8.6696,115.3,0.0,1442.242, NAN, NAN, NAN, NAN,,2024/04/21 23:56:49.419,2024-04-21 23:56:49.419000+00:00
2024/04/21, 23:57:49.419,41.523,-70.672, NAN,242.65,59.9,0.0,8.0,8.1,1010.1,1010.0,0.0,0.0,87.88,79.0,18,13,6.7,6.2,70.6,70.5,6.7,6.2,260.6,255.7,1012.2,1012.1,-5.48,321.09,0.05,0.1977,8.6686,115.6,0.0,1442.238, NAN, NAN, NAN, NAN,,2024/04/21 23:57:49.419,2024-04-21 23:57:49.419000+00:00
2024/04/21, 23:58:49.419,41.523,-70.672, NAN,242.63,317.19,0.0,8.0,8.1,1010.1,1010.0,0.0,0.0,87.88,79.0,13,7,7.5,7.2,70.7,70.6,7.5,7.2,255.6,249.6,1012.2,1012.1,-5.67,320.85,0.04,0.1976,8.6677,115.0,0.0,1442.234, NAN, NAN, NAN, NAN,,2024/04/21 23:58:49.419,2024-04-21 23:58:49.419000+00:00
2024/04/21, 23:59:49.419,41.523,-70.672, NAN,242.64,297.45,0.01,8.0,8.1,1010.1,1010.1,0.0,0.0,87.88,79.0,19,14,6.6,6.1,70.6,71.0,6.6,6.1,261.6,256.6,1012.2,1012.2,-5.74,320.74,0.03,0.1976,8.6669,115.6,0.0,1442.231, NAN, NAN, NAN, NAN,,2024/04/21 23:59:49.419,2024-04-21 23:59:49.419000+00:00
2024/04/13, 00:00:48.603,41.389,-70.797,9.96,156.81,163.03,9.71,9.2,9.2,998.3,998.4,0.0,0.0,85.01,78.46,30,25,18.9,18.6,92.4,92.4,14.6,14.1,195.5,189.2,1000.4,1000.5,-5.91,307.8,0.0,0.0499,7.1788,93.6,0.0,1435.826, NAN, NAN, NAN, NAN,,2024/04/13 00:00:48.603,2024-04-13 00:00:48.603000+00:00
2024/04/13, 00:01:48.603,41.386,-70.796,10.04,155.51,159.74,9.66,9.3,9.3,997.8,998.2,0.0,0.0,85.01,78.46,31,28,18.7,18.2,92.8,92.9,14.4,13.7,195.1,191.5,999.9,1000.3,-5.85,307.49,-0.0,0.0484,7.1901,94.6,0.0,1435.872, NAN, NAN, NAN, NAN,,2024/04/13 00:01:48.603,2024-04-13 00:01:48.603000+00:00
2024/04/13, 00:02:48.603,41.384,-70.794,10.05,150.61,149.59,9.63,9.3,9.3,998.1,998.2,0.0,0.0,85.01,78.46,35,32,18.8,19.6,92.0,92.1,14.9,15.5,196.1,191.9,1000.2,1000.3,-5.86,308.32,-0.0,0.0491,7.1973,94.6,0.0,1435.904, NAN, NAN, NAN, NAN,,2024/04/13 00:02:48.603,2024-04-13 00:02:48.603000+00:00
2024/04/13, 00:03:48.603,41.381,-70.793,10.01,149.77,154.57,9.73,9.3,9.3,998.1,998.3,0.0,0.0,85.01,78.46,31,29,18.5,17.6,92.5,92.6,14.2,13.3,190.1,188.1,1000.2,1000.4,-5.8,307.19,-0.01,0.0494,7.202,94.0,0.0,1435.924, NAN, NAN, NAN, NAN,,2024/04/13 00:03:48.603,2024-04-13 00:03:48.603000+00:00
2024/04/13, 00:04:48.603,41.379,-70.791,10.12,149.36,154.12,9.83,9.3,9.3,998.5,998.4,0.0,0.0,85.01,78.46,35,28,18.9,17.9,91.9,91.9,14.8,13.4,194.4,186.1,1000.6,1000.5,-5.8,307.91,-0.01,0.0486,7.2037,93.0,0.0,1435.93, NAN, NAN, NAN, NAN,,2024/04/13 00:04:48.603,2024-04-13 00:04:48.603000+00:00
2024/04/13, 00:05:48.603,41.376,-70.789,9.67,148.72,151.17,8.5,9.3,9.3,998.2,998.3,0.0,0.0,85.01,78.46,36,29,19.5,19.8,92.4,92.3,16.0,16.0,193.3,184.6,1000.3,1000.4,-5.94,307.99,-0.01,0.0489,7.2032,93.6,0.0,1435.928, NAN, NAN, NAN, NAN,,2024/04/13 00:05:48.603,2024-04-13 00:05:48.603000+00:00
2024/04/13, 00:06:48.603,41.375,-70.788,6.11,162.77,160.82,5.68,9.4,9.4,998.4,998.4,0.0,0.0,85.01,78.46,30,28,15.6,15.7,92.6,92.7,13.2,13.2,199.4,197.0,1000.5,1000.5,-5.99,307.44,-0.01,0.0494,7.2031,94.0,0.0,1435.929, NAN, NAN, NAN, NAN,,2024/04/13 00:06:48.603,2024-04-13 00:06:48.603000+00:00
2024/04/13, 00:07:48.603,41.374,-70.788,1.85,180.5,183.13,2.71,9.4,9.4,998.7,998.7,0.0,0.0,85.01,78.46,24,17,17.5,16.1,91.7,91.8,16.2,14.8,206.5,199.1,1000.8,1000.8,-5.75,308.45,-0.01,0.0497,7.2004,94.3,0.0,1435.918, NAN, NAN, NAN, NAN,,2024/04/13 00:07:48.603,2024-04-13 00:07:48.603000+00:00
2024/04/13, 00:08:48.604,41.373,-70.788,0.75,178.18,157.8,0.88,9.4,9.4,998.7,998.7,0.0,0.0,85.01,78.46,18,11,12.6,12.3,92.3,91.7,12.2,11.9,197.5,190.3,1000.8,1000.8,-5.93,307.28,-0.01,0.0503,7.1849,92.8,0.0,1435.852, NAN, NAN, NAN, NAN,,2024/04/13 00:08:48.604,2024-04-13 00:08:48.604000+00:00
2024/04/13, 00:09:48.604,41.373,-70.788,-0.24,176.92,81.73,0.27,9.3,9.4,998.7,998.7,0.0,0.0,85.01,78.46,23,19,13.1,12.8,91.8,91.8,13.2,12.9,200.4,196.4,1000.8,1000.8,-6.02,308.17,-0.02,0.0503,7.176,92.8,0.0,1435.815, NAN, NAN, NAN, NAN,,2024/04/13 00:09:48.604,2024-04-13 00:09:48.604000+00:00
2024/04/13, 00:10:48.604,41.373,-70.788,0.05,180.46,161.76,0.07,9.3,9.4,998.5,998.6,0.0,0.0,85.01,78.46,12,7,13.3,13.5,92.3,92.4,13.3,13.5,192.6,187.6,1000.6,1000.7,-6.02,308.38,-0.01,0.0506,7.1748,92.4,0.0,1435.81, NAN, NAN, NAN, NAN,,2024/04/13 00:10:48.604,2024-04-13 00:10:48.604000+00:00
2024/04/13, 00:11:48.604,41.373,-70.788,-0.06,179.69,133.57,0.08,9.3,9.4,998.7,998.7,0.0,0.0,85.01,78.46,17,8,13.9,12.1,92.2,92.3,13.9,12.1,196.9,187.9,1000.8,1000.8,-5.95,307.62,-0.01,0.0507,7.1747,92.8,0.0,1435.81, NAN, NAN, NAN, NAN,,2024/04/13 00:11:48.604,2024-04-13 00:11:48.604000+00:00
2024/04/13, 00:12:48.604,41.373,-70.788,-0.24,179.13,219.61,0.1,9.3,9.3,998.7,998.6,0.0,0.0,85.01,78.46,21,14,13.6,12.5,92.3,92.2,13.6,12.5,200.3,193.3,1000.8,1000.7,-6.05,307.61,-0.02,0.0514,7.1768,92.8,0.0,1435.819, NAN, NAN, NAN, NAN,,2024/04/13 00:12:48.604,2024-04-13 00:12:48.604000+00:00
2024/04/13, 00:13:48.604,41.373,-70.788,-0.09,179.99,118.0,0.03,9.3,9.3,998.8,998.6,0.0,0.0,85.01,78.46,16,11,13.7,13.2,92.3,92.3,13.7,13.2,196.0,191.0,1000.9,1000.7,-6.03,307.65,-0.02,0.0515,7.1783,92.1,0.0,1435.826, NAN, NAN, NAN, NAN,,2024/04/13 00:13:48.604,2024-04-13 00:13:48.604000+00:00
2024/04/13, 00:14:48.604,41.373,-70.788,-0.25,181.5,342.56,0.11,9.3,9.3,998.7,998.6,0.0,0.0,85.01,78.46,21,13,12.4,12.5,92.3,92.5,12.4,12.5,202.8,194.8,1000.8,1000.7,-6.05,307.54,-0.02,0.0518,7.1793,91.8,0.0,1435.831, NAN, NAN, NAN, NAN,,2024/04/13 00:14:48.604,2024-04-13 00:14:48.604000+00:00
2024/04/13, 00:15:48.604,41.373,-70.788,-0.28,184.87,295.01,0.06,9.3,9.3,998.8,998.8,0.0,0.0,85.01,78.46,10,8,12.3,11.9,92.0,92.2,12.3,11.9,194.8,192.8,1000.9,1000.9,-6.02,307.6,-0.02,0.052,7.1815,91.8,0.0,1435.84, NAN, NAN, NAN, NAN,,2024/04/13 00:15:48.604,2024-04-13 00:15:48.604000+00:00
2024/04/13, 00:16:48.604,41.373,-70.788,-0.22,184.74,168.26,0.07,9.3,9.3,998.7,998.7,0.0,0.0,85.01,78.46,18,11,12.8,12.2,92.4,92.4,12.8,12.2,202.9,195.9,1000.8,1000.8,-6.1,308.05,-0.02,0.0518,7.1826,93.6,0.0,1435.845, NAN, NAN, NAN, NAN,,2024/04/13 00:16:48.604,2024-04-13 00:16:48.604000+00:00
2024/04/13, 00:17:48.604,41.373,-70.788,-0.34,184.11,265.53,0.22,9.3,9.3,999.0,998.9,0.0,0.0,85.01,78.46,10,3,13.9,13.4,92.4,92.4,13.9,13.4,193.6,186.6,1001.1,1001.0,-6.09,308.73,-0.02,0.0518,7.1852,92.4,0.0,1435.856, NAN, NAN, NAN, NAN,,2024/04/13 00:17:48.604,2024-04-13 00:17:48.604000+00:00
2024/04/13, 00:18:48.604,41.373,-70.788,0.08,183.74,162.76,0.1,9.3,9.4,998.8,998.9,0.0,0.0,85.01,78.46,13,6,12.1,11.8,92.4,92.5,12.0,11.7,196.8,189.7,1000.9,1001.0,-6.01,307.19,-0.02,0.0521,7.1873,92.1,0.0,1435.865, NAN, NAN, NAN, NAN,,2024/04/13 00:18:48.604,2024-04-13 00:18:48.604000+00:00
2024/04/13, 00:19:48.604,41.373,-70.788,-0.3,184.06,229.44,0.09,9.3,9.3,998.8,998.8,0.0,0.0,85.01,78.46,11,10,12.5,11.8,91.9,91.9,12.5,11.8,194.9,193.9,1000.9,1000.9,-6.07,307.64,-0.02,0.0522,7.1867,92.8,0.0,1435.863, NAN, NAN, NAN, NAN,,2024/04/13 00:19:48.604,2024-04-13 00:19:48.604000+00:00
2024/04/13, 00:20:48.604,41.373,-70.788,-0.27,183.15,259.87,0.29,9.3,9.3,998.8,998.9,0.0,0.0,85.01,78.46,11,5,13.9,12.8,92.1,92.2,13.9,12.8,193.5,187.5,1000.9,1001.0,-6.0,307.97,-0.02,0.0519,7.1838,92.1,0.0,1435.85, NAN, NAN, NAN, NAN,,2024/04/13 00:20:48.604,2024-04-13 00:20:48.604000+00:00
2024/04/13, 00:21:48.604,41.373,-70.788,-0.1,184.22,222.1,0.09,9.3,9.4,999.3,998.8,0.0,0.0,85.01,78.46,18,11,13.0,11.1,92.1,92.2,13.0,11.1,202.0,195.0,1001.4,1000.9,-5.93,308.18,-0.02,0.0523,7.1829,92.1,0.0,1435.847, NAN, NAN, NAN, NAN,,2024/04/13 00:21:48.604,2024-04-13 00:21:48.604000+00:00
2024/04/13, 00:22:48.604,41.373,-70.788,-0.21,183.93,123.86,0.13,9.3,9.4,999.0,999.1,0.0,0.0,85.01,78.46,8,6,12.0,12.0,91.8,92.0,12.0,12.0,192.2,190.2,1001.1,1001.2,-6.05,308.33,-0.02,0.0526,7.1808,92.4,0.0,1435.838, NAN, NAN, NAN, NAN,,2024/04/13 00:22:48.604,2024-04-13 00:22:48.604000+00:00
2024/04/13, 00:23:48.605,41.373,-70.788,-0.19,183.84,149.06,0.07,9.4,9.4,998.9,999.0,0.0,0.0,85.01,78.46,16,9,12.4,11.9,92.1,92.1,12.4,11.9,199.8,192.8,1001.0,1001.1,-6.12,308.18,-0.02,0.0527,7.18,93.6,0.0,1435.835, NAN, NAN, NAN, NAN,,2024/04/13 00:23:48.605,2024-04-13 00:23:48.605000+00:00
2024/04/13, 00:24:48.605,41.373,-70.788,-0.28,183.38,272.18,0.02,9.4,9.4,999.1,999.1,0.0,0.0,85.01,78.46,14,12,14.3,13.7,91.5,91.5,14.3,13.7,197.3,195.3,1001.2,1001.2,-6.05,308.29,-0.02,0.0528,7.1801,92.1,0.0,1435.835, NAN, NAN, NAN, NAN,,2024/04/13 00:24:48.605,2024-04-13 00:24:48.605000+00:00
2024/04/13, 00:25:48.605,41.373,-70.788,-0.12,184.8,119.87,0.11,9.4,9.4,998.9,999.0,0.0,0.0,85.01,78.46,5,358,12.8,12.1,92.0,92.0,12.8,12.1,190.0,183.0,1001.0,1001.1,-5.99,308.81,-0.03,0.0528,7.1802,92.4,0.0,1435.836, NAN, NAN, NAN, NAN,,2024/04/13 00:25:48.605,2024-04-13 00:25:48.605000+00:00
2024/04/13, 00:26:48.605,41.373,-70.788,-0.06,183.29,90.71,0.11,9.5,9.5,999.1,999.0,0.0,0.0,85.01,78.46,17,11,14.7,13.1,91.8,91.9,14.7,13.2,200.2,194.2,1001.2,1001.1,-5.96,308.34,-0.02,0.0527,7.1793,92.8,0.0,1435.832, NAN, NAN, NAN, NAN,,2024/04/13 00:26:48.605,2024-04-13 00:26:48.605000+00:00
2024/04/13, 00:27:48.605,41.373,-70.788,-0.19,186.2,270.08,0.23,9.5,9.5,999.1,999.1,0.0,0.0,85.01,78.46,14,4,12.3,11.3,91.3,91.4,12.2,11.2,199.8,189.7,1001.2,1001.2,-6.01,309.7,-0.02,0.0528,7.1796,93.0,5.0,1435.833, NAN, NAN, NAN, NAN,,2024/04/13 00:27:48.605,2024-04-13 00:27:48.605000+00:00
2024/04/13, 00:28:48.605,41.373,-70.788,-0.21,186.71,299.18,0.3,9.5,9.5,999.1,999.1,0.0,0.0,85.01,78.46,6,4,12.6,11.6,91.3,91.5,12.6,11.6,192.0,189.9,1001.2,1001.2,-5.96,309.39,-0.02,0.0528,7.1802,94.3,0.0,1435.836, NAN, NAN, NAN, NAN,,2024/04/13 00:28:48.605,2024-04-13 00:28:48.605000+00:00
2024/04/13, 00:29:48.605,41.373,-70.788,-0.23,184.64,96.09,0.23,9.6,9.6,999.0,999.0,0.0,0.0,85.01,78.46,14,10,14.9,13.4,91.3,91.4,14.9,13.4,199.1,195.1,1001.1,1001.1,-5.92,308.87,-0.02,0.053,7.1808,92.4,0.0,1435.839, NAN, NAN, NAN, NAN,,2024/04/13 00:29:48.605,2024-04-13 00:29:48.605000+00:00
2024/04/13, 00:30:48.605,41.373,-70.788,-0.21,188.3,106.89,0.07,9.6,9.6,999.2,999.1,0.0,0.0,85.01,78.46,15,8,12.5,11.1,90.6,91.4,12.5,11.1,203.3,196.4,1001.3,1001.2,-5.97,309.11,-0.02,0.053,7.1816,93.0,0.0,1435.842, NAN, NAN, NAN, NAN,,2024/04/13 00:30:48.605,2024-04-13 00:30:48.605000+00:00
2024/04/13, 00:31:48.605,41.373,-70.788,-0.2,189.68,116.92,0.04,9.6,9.6,999.2,999.3,0.0,0.0,85.01,78.46,4,356,13.3,12.4,90.7,90.7,13.3,12.4,193.8,185.8,1001.3,1001.4,-5.92,309.67,-0.02,0.0531,7.1831,93.6,0.0,1435.848, NAN, NAN, NAN, NAN,,2024/04/13 00:31:48.605,2024-04-13 00:31:48.605000+00:00
2024/04/13, 00:32:48.605,41.373,-70.788,-0.23,190.01,292.82,0.16,9.7,9.7,999.1,999.2,0.0,0.0,85.01,78.46,10,9,12.7,12.7,90.8,91.0,12.7,12.7,199.6,198.6,1001.2,1001.3,-5.91,308.89,-0.02,0.0532,7.1844,94.3,0.0,1435.854, NAN, NAN, NAN, NAN,,2024/04/13 00:32:48.605,2024-04-13 00:32:48.605000+00:00
2024/04/13, 00:33:48.605,41.373,-70.788,-0.23,190.38,24.94,0.18,9.7,9.7,999.2,999.3,0.0,0.0,85.01,78.46,5,355,12.7,12.8,89.7,89.8,12.8,12.9,195.1,185.1,1001.3,1001.4,-5.91,309.19,-0.03,0.0527,7.1855,93.0,0.0,1435.858, NAN, NAN, NAN, NAN,,2024/04/13 00:33:48.605,2024-04-13 00:33:48.605000+00:00
2024/04/13, 00:34:48.605,41.373,-70.788,-0.28,189.09,64.96,0.07,9.7,9.7,999.4,999.3,0.0,0.0,85.01,78.46,11,5,12.6,12.6,89.9,90.1,12.6,12.6,200.2,194.2,1001.5,1001.4,-5.87,308.35,-0.03,0.0532,7.1862,94.3,0.0,1435.862, NAN, NAN, NAN, NAN,,2024/04/13 00:34:48.605,2024-04-13 00:34:48.605000+00:00
2024/04/13, 00:35:48.605,41.373,-70.788,0.0,190.27,279.79,0.24,9.7,9.7,999.2,999.3,0.0,0.0,85.01,78.46,8,3,11.3,10.8,89.5,89.6,11.2,10.8,197.7,192.7,1001.3,1001.4,-5.88,308.27,-0.03,0.0531,7.187,93.6,0.0,1435.865, NAN, NAN, NAN, NAN,,2024/04/13 00:35:48.605,2024-04-13 00:35:48.605000+00:00
2024/04/13, 00:36:48.605,41.373,-70.788,-0.09,189.87,313.1,0.21,9.6,9.7,999.5,999.3,0.0,0.0,85.01,78.46,2,356,12.3,11.4,89.2,89.4,12.4,11.5,191.4,185.4,1001.6,1001.4,-5.98,309.07,-0.03,0.0531,7.1888,93.3,0.0,1435.873, NAN, NAN, NAN, NAN,,2024/04/13 00:36:48.605,2024-04-13 00:36:48.605000+00:00
2024/04/13, 00:37:48.605,41.373,-70.788,0.15,189.53,124.79,0.07,9.6,9.6,999.1,999.4,0.0,0.0,85.01,78.46,6,0,12.2,11.9,90.0,89.9,12.2,11.9,195.4,189.4,1001.2,1001.5,-5.94,309.04,-0.03,0.0531,7.1893,93.6,0.0,1435.875, NAN, NAN, NAN, NAN,,2024/04/13 00:37:48.605,2024-04-13 00:37:48.605000+00:00
2024/04/13, 00:38:48.605,41.373,-70.788,-0.12,189.59,326.89,0.12,9.6,9.7,999.3,999.3,0.0,0.0,85.01,78.46,6,358,9.6,9.7,90.2,90.3,9.6,9.7,195.2,187.2,1001.4,1001.4,-6.04,308.48,-0.02,0.0533,7.1898,95.2,0.0,1435.877, NAN, NAN, NAN, NAN,,2024/04/13 00:38:48.605,2024-04-13 00:38:48.605000+00:00
2024/04/13, 00:39:48.606,41.373,-70.788,0.04,189.98,271.9,0.12,9.6,9.7,999.3,999.3,0.0,0.0,85.01,78.46,5,1,12.8,13.3,89.6,89.6,12.8,13.3,194.7,190.7,1001.4,1001.4,-5.93,308.88,-0.02,0.0533,7.191,93.6,0.0,1435.882, NAN, NAN, NAN, NAN,,2024/04/13 00:39:48.606,2024-04-13 00:39:48.606000+00:00
2024/04/13, 00:40:48.606,41.373,-70.788,-0.27,190.0,299.75,0.18,9.6,9.7,999.3,999.3,0.0,0.0,85.01,78.46,5,358,12.5,11.7,90.3,90.2,12.5,11.7,194.6,187.6,1001.4,1001.4,-5.95,308.77,-0.02,0.0532,7.1929,94.8,0.0,1435.89, NAN, NAN, NAN, NAN,,2024/04/13 00:40:48.606,2024-04-13 00:40:48.606000+00:00
2024/04/13, 00:41:48.606,41.373,-70.788,0.05,189.49,179.39,0.11,9.7,9.7,999.3,999.3,0.0,0.0,85.01,78.46,8,4,11.5,11.4,90.3,89.9,11.5,11.4,197.7,193.7,1001.4,1001.4,-5.96,308.44,-0.03,0.0534,7.1957,93.0,0.0,1435.902, NAN, NAN, NAN, NAN,,2024/04/13 00:41:48.606,2024-04-13 00:41:48.606000+00:00
2024/04/13, 00:42:48.606,41.373,-70.788,-0.05,190.6,296.86,0.1,9.7,9.7,999.2,999.3,0.0,0.0,85.01,78.46,0,354,13.0,12.3,89.6,89.1,13.0,12.3,190.4,184.4,1001.3,1001.4,-5.98,310.29,-0.02,0.0535,7.1975,93.0,0.0,1435.91, NAN, NAN, NAN, NAN,,2024/04/13 00:42:48.606,2024-04-13 00:42:48.606000+00:00
2024/04/13, 00:43:48.606,41.373,-70.788,-0.09,189.51,141.22,0.07,9.7,9.7,999.3,999.3,0.0,0.0,85.01,78.46,1,2,11.6,11.8,89.7,89.8,11.6,11.8,190.6,191.6,1001.4,1001.4,-5.95,309.99,-0.02,0.0535,7.2006,94.0,0.0,1435.923, NAN, NAN, NAN, NAN,,2024/04/13 00:43:48.606,2024-04-13 00:43:48.606000+00:00
2024/04/13, 00:44:48.606,41.373,-70.788,-0.11,189.46,195.04,0.08,9.9,9.9,999.3,999.4,0.0,0.0,85.01,78.46,8,2,15.1,13.9,89.4,89.6,15.1,13.9,197.6,191.6,1001.4,1001.5,-5.85,310.36,-0.02,0.0536,7.2019,94.6,0.0,1435.929, NAN, NAN, NAN, NAN,,2024/04/13 00:44:48.606,2024-04-13 00:44:48.606000+00:00
2024/04/13, 00:45:48.606,41.373,-70.788,-0.31,190.66,227.22,0.14,9.9,9.9,999.3,999.3,0.0,0.0,85.01,78.46,359,351,12.9,11.5,88.6,88.6,12.9,11.5,189.4,181.3,1001.4,1001.4,-5.84,309.44,-0.02,0.0534,7.2047,93.6,0.0,1435.941, NAN, NAN, NAN, NAN,,2024/04/13 00:45:48.606,2024-04-13 00:45:48.606000+00:00
2024/04/13, 00:46:48.606,41.373,-70.788,-0.05,189.89,262.59,0.2,9.8,9.9,999.3,999.3,0.0,0.0,85.01,78.46,359,354,12.4,12.7,88.6,88.6,12.4,12.7,188.4,183.4,1001.4,1001.4,-5.87,309.03,-0.02,0.0534,7.206,94.3,0.0,1435.946, NAN, NAN, NAN, NAN,,2024/04/13 00:46:48.606,2024-04-13 00:46:48.606000+00:00
2024/04/13, 00:47:48.606,41.373,-70.788,-0.14,189.04,92.68,0.27,9.8,9.8,999.3,999.3,0.0,0.0,85.01,78.46,6,2,12.9,12.6,88.4,88.4,13.0,12.7,195.6,191.6,1001.4,1001.4,-5.94,308.42,-0.02,0.0536,7.2072,92.8,0.0,1435.952, NAN, NAN, NAN, NAN,,2024/04/13 00:47:48.606,2024-04-13 00:47:48.606000+00:00
2024/04/13, 00:48:48.606,41.373,-70.788,0.27,190.97,291.12,0.21,9.7,9.7,999.5,999.5,0.0,0.0,85.01,78.46,3,352,12.5,12.1,88.3,88.4,12.5,12.1,193.5,182.5,1001.6,1001.6,-5.93,308.62,-0.03,0.0534,7.2091,94.0,0.0,1435.959, NAN, NAN, NAN, NAN,,2024/04/13 00:48:48.606,2024-04-13 00:48:48.606000+00:00
2024/04/13, 00:49:48.606,41.373,-70.788,-0.15,189.71,94.5,0.09,9.6,9.7,999.4,999.3,0.0,0.0,85.01,78.46,7,0,16.1,15.3,88.9,89.0,16.1,15.3,196.9,189.9,1001.5,1001.4,-5.99,309.48,-0.02,0.0534,7.2097,94.0,0.0,1435.962, NAN, NAN, NAN, NAN,,2024/04/13 00:49:48.606,2024-04-13 00:49:48.606000+00:00
2024/04/13, 00:50:48.606,41.373,-70.788,0.1,190.26,286.8,0.16,9.6,9.6,999.5,999.3,0.0,0.0,85.01,78.46,359,356,11.7,11.1,89.0,89.5,11.7,11.1,188.9,185.8,1001.6,1001.4,-6.03,308.03,-0.02,0.0533,7.2104,93.6,0.0,1435.965, NAN, NAN, NAN, NAN,,2024/04/13 00:50:48.606,2024-04-13 00:50:48.606000+00:00
2024/04/13, 00:51:48.606,41.373,-70.788,-0.21,189.29,94.54,0.17,9.6,9.6,999.7,999.5,0.0,0.0,85.01,78.46,2,354,12.6,11.8,89.6,89.2,12.7,11.8,191.6,183.7,1001.8,1001.6,-6.11,308.28,-0.02,0.0534,7.2109,93.0,0.0,1435.967, NAN, NAN, NAN, NAN,,2024/04/13 00:51:48.606,2024-04-13 00:51:48.606000+00:00
2024/04/13, 00:52:48.606,41.373,-70.788,0.08,189.76,255.2,0.06,9.5,9.6,999.3,999.6,0.0,0.0,85.01,78.46,0,354,10.5,10.0,89.9,89.9,10.5,10.0,189.8,183.8,1001.4,1001.7,-6.06,308.04,-0.03,0.0534,7.212,93.6,0.0,1435.972, NAN, NAN, NAN, NAN,,2024/04/13 00:52:48.606,2024-04-13 00:52:48.606000+00:00
2024/04/13, 00:53:48.606,41.373,-70.788,-0.1,190.61,187.39,0.18,9.5,9.5,999.6,999.3,0.0,0.0,85.01,78.46,355,348,12.8,11.6,89.7,89.6,12.7,11.6,185.3,178.2,1001.7,1001.4,-6.12,309.15,-0.03,0.0534,7.2116,93.6,0.0,1435.97, NAN, NAN, NAN, NAN,,2024/04/13 00:53:48.606,2024-04-13 00:53:48.606000+00:00
2024/04/13, 00:54:48.607,41.373,-70.788,-0.09,188.97,310.45,0.13,9.5,9.5,999.5,999.3,0.0,0.0,85.01,78.46,5,358,12.8,12.2,89.9,90.0,12.8,12.3,193.7,186.8,1001.6,1001.4,-6.17,309.35,-0.02,0.0533,7.2105,92.4,0.0,1435.965, NAN, NAN, NAN, NAN,,2024/04/13 00:54:48.607,2024-04-13 00:54:48.607000+00:00
2024/04/13, 00:55:48.607,41.373,-70.788,-0.03,190.82,267.92,0.15,9.6,9.6,999.5,999.3,0.0,0.0,85.01,78.46,0,350,11.0,10.5,90.2,90.3,10.9,10.5,190.5,180.5,1001.6,1001.4,-6.03,309.57,-0.02,0.0534,7.21,94.6,0.0,1435.963, NAN, NAN, NAN, NAN,,2024/04/13 00:55:48.607,2024-04-13 00:55:48.607000+00:00
2024/04/13, 00:56:48.607,41.373,-70.788,-0.02,186.74,48.14,0.18,9.6,9.6,999.3,999.4,0.0,0.0,85.01,78.46,2,356,12.9,12.1,89.8,89.8,13.0,12.2,188.7,182.7,1001.4,1001.5,-6.06,309.49,-0.02,0.0532,7.2098,93.0,0.0,1435.962, NAN, NAN, NAN, NAN,,2024/04/13 00:56:48.607,2024-04-13 00:56:48.607000+00:00
2024/04/13, 00:57:48.607,41.373,-70.788,0.0,186.88,123.94,0.28,9.6,9.6,999.5,999.4,0.0,0.0,85.01,78.46,3,1,12.1,12.7,89.5,89.5,12.1,12.6,190.5,188.5,1001.6,1001.5,-5.99,310.0,-0.02,0.0536,7.2097,93.6,0.0,1435.962, NAN, NAN, NAN, NAN,,2024/04/13 00:57:48.607,2024-04-13 00:57:48.607000+00:00
2024/04/13, 00:58:48.607,41.373,-70.788,-0.14,188.01,346.43,0.06,9.6,9.6,999.6,999.3,0.0,0.0,85.01,78.46,4,358,12.6,12.6,89.5,89.5,12.6,12.6,192.0,186.0,1001.7,1001.4,-5.94,311.09,-0.02,0.0533,7.21,93.3,0.0,1435.963, NAN, NAN, NAN, NAN,,2024/04/13 00:58:48.607,2024-04-13 00:58:48.607000+00:00
2024/04/13, 00:59:48.607,41.373,-70.788,-0.03,188.11,51.89,0.09,9.6,9.7,999.5,999.3,0.0,0.0,85.01,78.46,7,359,10.9,10.8,89.6,89.6,10.9,10.8,195.4,187.3,1001.6,1001.4,-5.93,311.08,-0.02,0.0535,7.2105,92.8,0.0,1435.965, NAN, NAN, NAN, NAN,,2024/04/13 00:59:48.607,2024-04-13 00:59:48.607000+00:00
2024/04/13, 01:00:48.607,41.373,-70.788,-0.07,187.73,113.11,0.22,9.7,9.7,999.3,999.3,0.0,0.0,85.01,78.46,4,357,11.4,11.1,89.5,89.5,11.4,11.1,192.3,185.3,1001.4,1001.4,-5.95,310.16,-0.02,0.0532,7.2095,93.6,0.0,1435.961, NAN, NAN, NAN, NAN,,2024/04/13 01:00:48.607,2024-04-13 01:00:48.607000+00:00
2024/04/13, 01:01:48.607,41.373,-70.788,-0.17,188.14,295.28,0.2,9.7,9.7,999.3,999.3,0.0,0.0,85.01,78.46,0,356,12.2,12.6,89.1,89.1,12.2,12.6,187.7,183.7,1001.4,1001.4,-5.96,310.75,-0.03,0.0533,7.209,92.8,0.0,1435.959, NAN, NAN, NAN, NAN,,2024/04/13 01:01:48.607,2024-04-13 01:01:48.607000+00:00
2024/04/13, 01:02:48.607,41.373,-70.788,-0.03,187.25,131.33,0.08,9.7,9.8,999.5,999.3,0.0,0.0,85.01,78.46,0,356,11.9,11.9,89.3,89.3,11.9,11.9,187.4,183.4,1001.6,1001.4,-5.99,309.72,-0.02,0.0534,7.2089,93.3,0.0,1435.958, NAN, NAN, NAN, NAN,,2024/04/13 01:02:48.607,2024-04-13 01:02:48.607000+00:00
2024/04/13, 01:03:48.607,41.373,-70.788,-0.26,189.32,313.82,0.09,9.7,9.8,999.3,999.3,0.0,0.0,85.01,78.46,1,355,11.8,11.7,88.5,88.4,11.8,11.7,190.1,184.1,1001.4,1001.4,-6.01,310.19,-0.02,0.0532,7.2097,94.0,0.0,1435.962, NAN, NAN, NAN, NAN,,2024/04/13 01:03:48.607,2024-04-13 01:03:48.607000+00:00
2024/04/13, 01:04:48.607,41.373,-70.788,-0.11,187.0,68.22,0.19,9.7,9.7,999.4,999.5,0.0,0.0,85.01,78.46,7,5,13.4,13.4,89.1,89.2,13.5,13.5,194.3,192.3,1001.5,1001.6,-6.05,309.93,-0.02,0.0532,7.2101,93.0,0.0,1435.963, NAN, NAN, NAN, NAN,,2024/04/13 01:04:48.607,2024-04-13 01:04:48.607000+00:00
2024/04/13, 01:05:48.607,41.373,-70.788,-0.15,187.4,45.67,0.01,9.7,9.7,999.5,999.3,0.0,0.0,85.01,78.46,2,1,11.9,11.7,88.7,88.8,11.9,11.7,189.4,188.4,1001.6,1001.4,-5.9,309.71,-0.02,0.0533,7.2096,93.6,0.0,1435.961, NAN, NAN, NAN, NAN,,2024/04/13 01:05:48.607,2024-04-13 01:05:48.607000+00:00
2024/04/13, 01:06:48.607,41.373,-70.788,0.01,187.91,322.42,0.06,9.7,9.7,999.2,999.3,0.0,0.0,85.01,78.46,6,0,13.2,13.7,89.0,89.1,13.2,13.7,193.9,187.9,1001.3,1001.4,-5.88,310.0,-0.03,0.0532,7.2102,92.8,0.0,1435.964, NAN, NAN, NAN, NAN,,2024/04/13 01:06:48.607,2024-04-13 01:06:48.607000+00:00
2024/04/13, 01:07:48.607,41.373,-70.788,0.04,188.34,308.85,0.05,9.6,9.7,999.3,999.3,0.0,0.0,85.01,78.46,3,357,11.2,10.4,89.2,89.3,11.2,10.4,191.4,185.3,1001.4,1001.4,-5.97,309.61,-0.02,0.0532,7.2126,94.0,0.0,1435.974, NAN, NAN, NAN, NAN,,2024/04/13 01:07:48.607,2024-04-13 01:07:48.607000+00:00
2024/04/13, 01:08:48.607,41.373,-70.788,-0.04,187.63,106.1,0.11,9.6,9.6,999.3,999.3,0.0,0.0,85.01,78.46,8,7,14.3,14.4,89.2,89.2,14.4,14.5,195.7,194.7,1001.4,1001.4,-6.1,310.58,-0.02,0.0531,7.2147,92.8,0.0,1435.983, NAN, NAN, NAN, NAN,,2024/04/13 01:08:48.607,2024-04-13 01:08:48.607000+00:00
2024/04/13, 01:09:48.607,41.373,-70.788,0.16,188.62,249.33,0.13,9.6,9.6,999.4,999.2,0.0,0.0,85.01,78.46,4,358,13.3,13.0,89.8,89.8,13.2,12.9,192.6,186.5,1001.5,1001.3,-5.98,310.33,-0.02,0.0533,7.2156,93.6,0.0,1435.987, NAN, NAN, NAN, NAN,,2024/04/13 01:09:48.607,2024-04-13 01:09:48.607000+00:00
2024/04/13, 01:10:48.608,41.373,-70.788,0.04,187.78,115.94,0.13,9.7,9.7,999.3,999.2,0.0,0.0,85.01,78.46,0,353,11.8,11.5,89.1,89.3,11.8,11.5,188.1,181.0,1001.4,1001.3,-5.96,309.81,-0.02,0.0532,7.2166,93.3,0.0,1435.991, NAN, NAN, NAN, NAN,,2024/04/13 01:10:48.608,2024-04-13 01:10:48.608000+00:00
2024/04/13, 01:11:48.608,41.373,-70.788,0.06,188.63,254.49,0.2,9.7,9.7,999.1,999.3,0.0,0.0,85.01,78.46,2,357,12.3,12.1,89.1,89.1,12.3,12.1,190.2,185.2,1001.2,1001.4,-5.95,309.9,-0.02,0.0531,7.2161,92.8,0.0,1435.989, NAN, NAN, NAN, NAN,,2024/04/13 01:11:48.608,2024-04-13 01:11:48.608000+00:00
2024/04/13, 01:12:48.608,41.373,-70.788,0.08,186.66,131.86,0.09,9.7,9.7,999.0,999.3,0.0,0.0,85.01,78.46,2,359,12.2,12.2,89.1,88.5,12.2,12.2,188.9,185.9,1001.1,1001.4,-5.89,309.48,-0.02,0.0532,7.2155,94.6,0.0,1435.986, NAN, NAN, NAN, NAN,,2024/04/13 01:12:48.608,2024-04-13 01:12:48.608000+00:00
2024/04/13, 01:13:48.608,41.373,-70.788,0.04,188.14,170.99,0.11,9.6,9.7,999.3,999.3,0.0,0.0,85.01,78.46,3,352,12.8,12.2,88.8,88.9,12.8,12.2,191.4,180.3,1001.4,1001.4,-5.94,311.1,-0.02,0.0533,7.2145,93.0,0.0,1435.982, NAN, NAN, NAN, NAN,,2024/04/13 01:13:48.608,2024-04-13 01:13:48.608000+00:00
2024/04/13, 01:14:48.608,41.373,-70.788,0.12,187.64,294.38,0.25,9.7,9.7,999.1,999.3,0.0,0.0,85.01,78.46,5,4,12.1,12.6,89.2,89.3,12.1,12.6,192.0,191.1,1001.2,1001.4,-5.97,309.23,-0.02,0.0529,7.2136,93.3,0.0,1435.978, NAN, NAN, NAN, NAN,,2024/04/13 01:14:48.608,2024-04-13 01:14:48.608000+00:00
2024/04/13, 01:15:48.608,41.373,-70.788,0.09,188.08,331.3,0.1,9.7,9.7,999.5,999.3,0.0,0.0,85.01,78.46,0,352,13.1,12.8,88.3,88.3,13.1,12.8,187.9,179.9,1001.6,1001.4,-5.96,310.25,-0.02,0.053,7.2141,92.4,0.0,1435.98, NAN, NAN, NAN, NAN,,2024/04/13 01:15:48.608,2024-04-13 01:15:48.608000+00:00
2024/04/13, 01:16:48.608,41.373,-70.788,-0.05,187.0,115.54,0.1,9.7,9.8,999.5,999.4,0.0,0.0,85.01,78.46,7,3,13.3,13.3,88.6,88.7,13.3,13.3,193.8,189.8,1001.6,1001.5,-5.99,310.75,-0.02,0.0529,7.2159,94.0,0.0,1435.988, NAN, NAN, NAN, NAN,,2024/04/13 01:16:48.608,2024-04-13 01:16:48.608000+00:00
2024/04/13, 01:17:48.608,41.373,-70.788,0.01,188.32,270.65,0.38,9.8,9.8,999.1,999.3,0.0,0.0,85.01,78.46,6,357,11.2,11.1,88.4,88.4,11.1,11.1,193.4,184.3,1001.2,1001.4,-5.93,310.08,-0.03,0.0529,7.2162,94.0,0.0,1435.989, NAN, NAN, NAN, NAN,,2024/04/13 01:17:48.608,2024-04-13 01:17:48.608000+00:00
2024/04/13, 01:18:48.608,41.373,-70.788,0.19,188.17,284.46,0.07,9.8,9.8,999.5,999.3,0.0,0.0,85.01,78.46,5,358,11.3,10.8,87.9,87.9,11.3,10.8,193.2,186.2,1001.6,1001.4,-5.9,310.09,-0.02,0.0531,7.2153,93.6,0.0,1435.985, NAN, NAN, NAN, NAN,,2024/04/13 01:18:48.608,2024-04-13 01:18:48.608000+00:00
2024/04/13, 01:19:48.608,41.373,-70.788,0.1,187.64,107.87,0.06,9.8,9.8,999.3,999.3,0.0,0.0,85.01,78.46,8,3,12.7,13.0,87.8,87.8,12.7,13.0,195.8,190.8,1001.4,1001.4,-5.94,310.41,-0.03,0.0531,7.214,92.4,0.0,1435.98, NAN, NAN, NAN, NAN,,2024/04/13 01:19:48.608,2024-04-13 01:19:48.608000+00:00
2024/04/13, 01:20:48.608,41.373,-70.788,0.21,187.94,134.75,0.02,9.8,9.8,999.4,999.3,0.0,0.0,85.01,78.46,4,354,10.6,10.1,87.6,87.7,10.6,10.1,192.0,182.0,1001.5,1001.4,-5.88,310.16,-0.02,0.053,7.2119,93.0,0.0,1435.971, NAN, NAN, NAN, NAN,,2024/04/13 01:20:48.608,2024-04-13 01:20:48.608000+00:00
2024/04/13, 01:21:48.608,41.373,-70.788,0.16,187.71,107.43,0.28,9.8,9.8,999.3,999.3,0.0,0.0,85.01,78.46,6,359,12.5,11.9,87.6,87.7,12.5,11.9,194.4,187.4,1001.4,1001.4,-5.89,310.1,-0.02,0.0531,7.2095,92.4,0.0,1435.961, NAN, NAN, NAN, NAN,,2024/04/13 01:21:48.608,2024-04-13 01:21:48.608000+00:00
2024/04/13, 01:22:48.608,41.373,-70.788,0.12,187.44,134.1,0.04,9.8,9.8,999.4,999.3,0.0,0.0,85.01,78.46,11,4,13.2,11.6,87.5,87.6,13.2,11.6,198.4,191.4,1001.5,1001.4,-5.98,309.68,-0.02,0.0529,7.2094,92.1,0.0,1435.96, NAN, NAN, NAN, NAN,,2024/04/13 01:22:48.608,2024-04-13 01:22:48.608000+00:00
2024/04/13, 01:23:48.608,41.373,-70.788,0.09,188.36,305.81,0.09,9.8,9.8,999.3,999.3,0.0,0.0,85.01,78.46,5,1,11.6,11.1,87.5,87.6,11.6,11.1,193.1,189.1,1001.4,1001.4,-5.92,310.35,-0.03,0.053,7.2087,93.0,0.0,1435.957, NAN, NAN, NAN, NAN,,2024/04/13 01:23:48.608,2024-04-13 01:23:48.608000+00:00
2024/04/13, 01:24:48.608,41.373,-70.788,0.07,187.56,50.05,0.18,9.8,9.8,999.3,999.4,0.0,0.0,85.01,78.46,10,8,12.4,12.4,87.3,87.3,12.4,12.4,198.0,196.0,1001.4,1001.5,-5.98,310.56,-0.02,0.0532,7.2069,93.6,0.0,1435.95, NAN, NAN, NAN, NAN,,2024/04/13 01:24:48.608,2024-04-13 01:24:48.608000+00:00
2024/04/13, 01:25:48.608,41.373,-70.788,0.11,188.21,152.34,0.12,9.8,9.9,999.3,999.3,0.0,0.0,85.01,78.46,3,359,12.4,12.0,87.2,87.2,12.4,12.0,191.4,187.4,1001.4,1001.4,-5.95,310.39,-0.03,0.0532,7.2068,92.8,0.0,1435.949, NAN, NAN, NAN, NAN,,2024/04/13 01:25:48.608,2024-04-13 01:25:48.608000+00:00
2024/04/13, 01:26:48.609,41.373,-70.788,0.03,187.58,60.09,0.14,9.9,9.9,999.1,999.3,0.0,0.0,85.01,78.46,12,4,13.5,12.3,87.1,87.0,13.6,12.3,199.8,191.8,1001.2,1001.4,-6.01,310.81,-0.01,0.0529,7.2064,92.8,0.0,1435.947, NAN, NAN, NAN, NAN,,2024/04/13 01:26:48.609,2024-04-13 01:26:48.609000+00:00
2024/04/13, 01:27:48.609,41.373,-70.788,0.22,188.01,111.53,0.05,9.9,9.9,999.4,999.3,0.0,0.0,85.01,78.46,8,2,12.3,11.5,86.3,86.5,12.3,11.5,196.0,190.0,1001.5,1001.4,-5.8,309.65,-0.02,0.0529,7.2064,92.4,0.0,1435.947, NAN, NAN, NAN, NAN,,2024/04/13 01:27:48.609,2024-04-13 01:27:48.609000+00:00
2024/04/13, 01:28:48.609,41.373,-70.788,0.16,188.17,105.04,0.22,9.9,9.9,999.3,999.3,0.0,0.0,85.01,78.46,8,5,11.0,10.9,86.4,86.4,11.0,10.9,196.8,193.8,1001.4,1001.4,-5.96,310.48,-0.02,0.053,7.2072,93.0,0.0,1435.951, NAN, NAN, NAN, NAN,,2024/04/13 01:28:48.609,2024-04-13 01:28:48.609000+00:00
2024/04/13, 01:29:48.609,41.373,-70.788,0.13,187.46,57.41,0.18,9.9,9.9,999.3,999.3,0.0,0.0,85.01,78.46,9,2,13.4,13.1,86.6,86.8,13.5,13.2,196.7,189.7,1001.4,1001.4,-5.94,311.03,-0.02,0.053,7.2068,94.0,0.0,1435.949, NAN, NAN, NAN, NAN,,2024/04/13 01:29:48.609,2024-04-13 01:29:48.609000+00:00
2024/04/13, 01:30:48.609,41.373,-70.788,0.19,187.23,84.51,0.21,9.9,9.9,999.5,999.4,0.0,0.0,85.01,78.46,5,1,11.7,11.6,86.6,86.7,11.7,11.6,192.7,188.7,1001.6,1001.5,-5.96,309.74,-0.02,0.0529,7.2046,93.0,0.0,1435.94, NAN, NAN, NAN, NAN,,2024/04/13 01:30:48.609,2024-04-13 01:30:48.609000+00:00
2024/04/13, 01:31:48.609,41.373,-70.788,0.2,188.57,263.81,0.16,9.8,9.9,999.3,999.3,0.0,0.0,85.01,78.46,6,1,11.8,11.6,86.6,86.5,11.8,11.6,194.2,189.2,1001.4,1001.4,-5.98,310.24,-0.03,0.0529,7.2009,92.1,0.0,1435.924, NAN, NAN, NAN, NAN,,2024/04/13 01:31:48.609,2024-04-13 01:31:48.609000+00:00
2024/04/13, 01:32:48.609,41.373,-70.788,0.17,188.61,105.59,0.28,9.8,9.8,999.3,999.3,0.0,0.0,85.01,78.46,2,356,13.0,12.8,86.9,86.9,13.0,12.8,191.2,185.3,1001.4,1001.4,-5.9,310.41,-0.02,0.053,7.2,93.0,0.0,1435.92, NAN, NAN, NAN, NAN,,2024/04/13 01:32:48.609,2024-04-13 01:32:48.609000+00:00
2024/04/13, 01:33:48.609,41.373,-70.788,0.21,187.57,249.7,0.09,9.8,9.8,999.3,999.4,0.0,0.0,85.01,78.46,10,0,13.0,12.8,86.6,86.6,13.0,12.8,197.4,187.4,1001.4,1001.5,-5.99,310.69,-0.02,0.0529,7.1993,92.1,0.0,1435.917, NAN, NAN, NAN, NAN,,2024/04/13 01:33:48.609,2024-04-13 01:33:48.609000+00:00
2024/04/13, 01:34:48.609,41.373,-70.788,0.18,188.56,351.38,0.04,9.8,9.8,999.5,999.5,0.0,0.0,85.01,78.46,1,358,12.9,13.3,86.6,86.8,12.9,13.3,189.5,186.5,1001.6,1001.6,-6.01,311.2,-0.02,0.0529,7.1998,93.6,0.0,1435.919, NAN, NAN, NAN, NAN,,2024/04/13 01:34:48.609,2024-04-13 01:34:48.609000+00:00
2024/04/13, 01:35:48.609,41.373,-70.788,0.12,187.76,301.25,0.15,9.8,9.8,999.3,999.3,0.0,0.0,85.01,78.46,4,359,12.5,12.4,86.7,86.7,12.5,12.4,191.4,186.5,1001.4,1001.4,-5.96,310.34,-0.02,0.0528,7.1989,91.8,0.0,1435.915, NAN, NAN, NAN, NAN,,2024/04/13 01:35:48.609,2024-04-13 01:35:48.609000+00:00
2024/04/13, 01:36:48.609,41.373,-70.788,0.23,187.85,52.56,0.08,9.8,9.8,999.5,999.5,0.0,0.0,85.01,78.46,7,1,12.3,11.3,86.4,86.4,12.3,11.3,194.9,188.9,1001.6,1001.6,-5.94,310.22,-0.02,0.0528,7.1988,92.8,0.0,1435.915, NAN, NAN, NAN, NAN,,2024/04/13 01:36:48.609,2024-04-13 01:36:48.609000+00:00
2024/04/13, 01:37:48.609,41.373,-70.788,0.16,193.36,269.48,0.08,9.7,9.8,999.3,999.3,0.0,0.0,85.01,78.46,356,352,14.0,12.9,86.5,86.5,14.0,12.9,189.2,185.2,1001.4,1001.4,-6.01,310.72,-0.02,0.0527,7.1988,92.8,0.0,1435.915, NAN, NAN, NAN, NAN,,2024/04/13 01:37:48.609,2024-04-13 01:37:48.609000+00:00
2024/04/13, 01:38:48.609,41.373,-70.788,0.31,192.5,146.53,0.13,9.8,9.8,999.3,999.3,0.0,0.0,85.01,78.46,1,353,14.0,13.4,86.8,86.8,14.0,13.4,193.8,185.8,1001.4,1001.4,-6.06,311.3,-0.02,0.0529,7.1961,92.4,0.0,1435.903, NAN, NAN, NAN, NAN,,2024/04/13 01:38:48.609,2024-04-13 01:38:48.609000+00:00
2024/04/13, 01:39:48.609,41.373,-70.788,0.23,192.43,292.44,0.1,9.9,9.9,999.3,999.3,0.0,0.0,85.01,78.46,2,352,11.9,10.8,86.4,86.5,11.9,10.8,194.2,184.2,1001.4,1001.4,-5.81,309.8,-0.02,0.0526,7.1921,92.8,0.0,1435.886, NAN, NAN, NAN, NAN,,2024/04/13 01:39:48.609,2024-04-13 01:39:48.609000+00:00
2024/04/13, 01:40:48.609,41.373,-70.788,0.24,193.77,275.31,0.14,9.9,9.9,999.5,999.5,0.0,0.0,85.01,78.46,3,358,15.8,13.8,85.7,85.8,15.8,13.8,196.5,191.5,1001.6,1001.6,-5.91,310.96,-0.02,0.0528,7.1886,92.4,0.0,1435.871, NAN, NAN, NAN, NAN,,2024/04/13 01:40:48.609,2024-04-13 01:40:48.609000+00:00
2024/04/13, 01:41:48.610,41.373,-70.788,0.32,192.48,63.45,0.2,9.9,9.9,999.5,999.3,0.0,0.0,85.01,78.46,358,353,13.1,11.8,86.1,86.2,13.1,11.8,190.9,186.0,1001.6,1001.4,-5.87,310.04,-0.02,0.0528,7.1864,93.6,0.0,1435.862, NAN, NAN, NAN, NAN,,2024/04/13 01:41:48.610,2024-04-13 01:41:48.610000+00:00
2024/04/13, 01:42:48.610,41.373,-70.788,0.18,192.56,125.64,0.12,9.9,9.9,999.3,999.3,0.0,0.0,85.01,78.46,4,357,12.4,11.3,85.9,85.8,12.4,11.3,196.8,189.9,1001.4,1001.4,-6.03,309.44,-0.02,0.0528,7.1837,92.4,0.0,1435.851, NAN, NAN, NAN, NAN,,2024/04/13 01:42:48.610,2024-04-13 01:42:48.610000+00:00
2024/04/13, 01:43:48.610,41.373,-70.788,0.37,194.09,293.44,0.19,9.9,9.9,999.3,999.4,0.0,0.0,85.01,78.46,359,353,14.7,13.8,85.5,85.6,14.7,13.8,192.7,186.7,1001.4,1001.5,-5.93,310.82,-0.02,0.0527,7.1812,92.4,0.0,1435.84, NAN, NAN, NAN, NAN,,2024/04/13 01:43:48.610,2024-04-13 01:43:48.610000+00:00
2024/04/13, 01:44:48.610,41.373,-70.788,0.26,192.66,300.13,0.26,9.9,9.9,999.2,999.3,0.0,0.0,85.01,78.46,2,355,13.7,12.8,85.5,85.6,13.7,12.8,194.1,187.1,1001.3,1001.4,-5.92,310.04,-0.02,0.0524,7.1801,92.4,0.0,1435.835, NAN, NAN, NAN, NAN,,2024/04/13 01:44:48.610,2024-04-13 01:44:48.610000+00:00
2024/04/13, 01:45:48.610,41.373,-70.788,0.26,192.24,87.23,0.21,9.9,9.9,999.5,999.3,0.0,0.0,85.01,78.46,2,352,12.4,11.7,84.9,85.0,12.4,11.7,194.7,184.8,1001.6,1001.4,-5.86,308.9,-0.02,0.053,7.1782,94.3,0.0,1435.827, NAN, NAN, NAN, NAN,,2024/04/13 01:45:48.610,2024-04-13 01:45:48.610000+00:00
2024/04/13, 01:46:48.610,41.373,-70.788,0.25,193.1,166.99,0.04,9.8,9.9,999.5,999.4,0.0,0.0,85.01,78.46,6,0,14.7,15.6,85.0,85.1,14.7,15.6,199.2,193.2,1001.6,1001.5,-6.0,309.34,-0.02,0.0528,7.1765,91.8,0.0,1435.82, NAN, NAN, NAN, NAN,,2024/04/13 01:46:48.610,2024-04-13 01:46:48.610000+00:00
2024/04/13, 01:47:48.610,41.373,-70.788,0.16,192.72,154.6,0.02,9.8,9.8,999.3,999.3,0.0,0.0,85.01,78.46,7,358,13.0,11.8,85.6,85.6,13.0,11.8,199.7,190.7,1001.4,1001.4,-5.99,309.79,-0.02,0.0526,7.1758,92.1,0.0,1435.817, NAN, NAN, NAN, NAN,,2024/04/13 01:47:48.610,2024-04-13 01:47:48.610000+00:00
2024/04/13, 01:48:48.610,41.373,-70.788,0.26,192.93,2.39,0.09,9.8,9.8,999.4,999.3,0.0,0.0,85.01,78.46,4,355,13.7,14.0,85.2,85.2,13.7,14.0,197.1,188.1,1001.5,1001.4,-6.01,310.38,-0.01,0.0528,7.1765,92.8,0.0,1435.82, NAN, NAN, NAN, NAN,,2024/04/13 01:48:48.610,2024-04-13 01:48:48.610000+00:00
2024/04/13, 01:49:48.610,41.373,-70.788,0.22,192.41,127.41,0.02,9.8,9.8,999.1,999.3,0.0,0.0,85.01,78.46,3,0,13.2,12.9,85.2,85.2,13.2,12.9,195.4,192.4,1001.2,1001.4,-5.94,309.61,-0.01,0.0524,7.178,92.4,0.0,1435.826, NAN, NAN, NAN, NAN,,2024/04/13 01:49:48.610,2024-04-13 01:49:48.610000+00:00
2024/04/13, 01:50:48.610,41.373,-70.788,0.24,193.18,162.7,0.15,9.8,9.8,999.5,999.3,0.0,0.0,85.01,78.46,3,356,12.1,11.6,85.0,85.0,12.1,11.6,196.5,189.5,1001.6,1001.4,-5.94,309.27,-0.02,0.0527,7.18,92.4,0.0,1435.835, NAN, NAN, NAN, NAN,,2024/04/13 01:50:48.610,2024-04-13 01:50:48.610000+00:00
2024/04/13, 01:51:48.610,41.373,-70.788,0.19,193.04,290.91,0.1,9.7,9.8,999.3,999.3,0.0,0.0,85.01,78.46,6,359,13.1,13.5,85.2,85.2,13.1,13.5,198.8,191.8,1001.4,1001.4,-6.05,309.9,-0.02,0.0525,7.1801,91.8,0.0,1435.835, NAN, NAN, NAN, NAN,,2024/04/13 01:51:48.610,2024-04-13 01:51:48.610000+00:00
2024/04/13, 01:52:48.610,41.373,-70.788,0.26,193.05,301.69,0.01,9.7,9.8,999.4,999.3,0.0,0.0,85.01,78.46,358,357,13.2,12.6,85.2,85.3,13.2,12.6,191.1,190.1,1001.5,1001.4,-5.94,310.96,-0.02,0.0525,7.1794,92.1,0.0,1435.832, NAN, NAN, NAN, NAN,,2024/04/13 01:52:48.610,2024-04-13 01:52:48.610000+00:00
2024/04/13, 01:53:48.610,41.373,-70.788,0.33,194.51,106.02,0.08,9.8,9.8,999.6,999.3,0.0,0.0,85.01,78.46,0,356,12.5,12.0,84.8,84.9,12.5,12.0,194.6,190.6,1001.7,1001.4,-5.97,309.61,-0.02,0.0525,7.1783,92.4,0.0,1435.827, NAN, NAN, NAN, NAN,,2024/04/13 01:53:48.610,2024-04-13 01:53:48.610000+00:00
2024/04/13, 01:54:48.610,41.373,-70.788,0.23,198.95,122.25,0.32,9.8,9.8,999.3,999.3,0.0,0.0,85.01,78.46,353,342,11.9,12.2,84.6,84.6,11.9,12.1,192.7,181.7,1001.4,1001.4,-5.93,309.66,-0.02,0.0528,7.1794,92.1,0.0,1435.832, NAN, NAN, NAN, NAN,,2024/04/13 01:54:48.610,2024-04-13 01:54:48.610000+00:00
2024/04/13, 01:55:48.610,41.373,-70.788,0.25,199.76,305.65,0.21,9.7,9.8,999.3,999.2,0.0,0.0,85.01,78.46,354,348,12.1,13.5,84.6,84.7,12.1,13.5,193.3,187.3,1001.4,1001.3,-5.9,310.09,-0.02,0.0524,7.1818,92.1,0.0,1435.842, NAN, NAN, NAN, NAN,,2024/04/13 01:55:48.610,2024-04-13 01:55:48.610000+00:00
2024/04/13, 01:56:48.610,41.373,-70.788,0.18,200.26,25.45,0.16,9.7,9.8,999.5,999.3,0.0,0.0,85.01,78.46,356,345,14.1,13.7,84.7,84.6,14.2,13.8,196.3,185.4,1001.6,1001.4,-5.88,310.22,-0.02,0.0522,7.1855,93.0,0.0,1435.857, NAN, NAN, NAN, NAN,,2024/04/13 01:56:48.610,2024-04-13 01:56:48.610000+00:00
2024/04/13, 01:57:48.611,41.373,-70.788,0.47,199.52,158.43,0.14,9.8,9.8,999.3,999.3,0.0,0.0,85.01,78.46,356,351,12.7,12.5,84.5,84.3,12.6,12.4,195.6,190.6,1001.4,1001.4,-5.76,310.74,-0.02,0.0524,7.1884,92.4,0.0,1435.87, NAN, NAN, NAN, NAN,,2024/04/13 01:57:48.611,2024-04-13 01:57:48.611000+00:00
2024/04/13, 01:58:48.611,41.373,-70.788,0.34,200.42,127.69,0.18,9.8,9.9,999.5,999.1,0.0,0.0,85.01,78.46,356,349,14.5,13.9,84.0,84.1,14.5,13.8,196.7,189.7,1001.6,1001.2,-5.87,310.29,-0.02,0.0525,7.1906,91.8,0.0,1435.88, NAN, NAN, NAN, NAN,,2024/04/13 01:58:48.611,2024-04-13 01:58:48.611000+00:00
2024/04/13, 01:59:48.611,41.373,-70.788,0.16,199.74,142.1,0.23,9.9,9.9,999.4,999.3,0.0,0.0,85.01,78.46,350,347,12.0,12.6,83.5,83.6,11.9,12.5,190.2,187.1,1001.5,1001.4,-5.91,309.69,-0.02,0.0524,7.1916,92.4,0.0,1435.884, NAN, NAN, NAN, NAN,,2024/04/13 01:59:48.611,2024-04-13 01:59:48.611000+00:00
2024/04/13, 02:00:48.611,41.373,-70.788,0.39,199.17,270.36,0.26,9.9,9.9,999.5,999.3,0.0,0.0,85.01,78.46,359,349,11.5,10.6,83.2,83.2,11.5,10.6,197.5,187.5,1001.6,1001.4,-5.88,308.89,-0.03,0.0521,7.1928,92.1,0.0,1435.888, NAN, NAN, NAN, NAN,,2024/04/13 02:00:48.611,2024-04-13 02:00:48.611000+00:00
2024/04/13, 02:01:48.611,41.373,-70.788,0.29,199.47,304.9,0.08,9.8,9.8,999.5,999.3,0.0,0.0,85.01,78.46,2,358,14.2,13.0,83.4,83.4,14.2,13.0,201.4,197.4,1001.6,1001.4,-5.95,310.07,-0.02,0.0523,7.1942,92.8,0.0,1435.895, NAN, NAN, NAN, NAN,,2024/04/13 02:01:48.611,2024-04-13 02:01:48.611000+00:00
2024/04/13, 02:02:48.611,41.373,-70.788,0.53,199.73,306.23,0.16,9.8,9.8,999.5,999.4,0.0,0.0,85.01,78.46,357,349,12.4,11.5,83.5,83.6,12.4,11.5,196.4,188.3,1001.6,1001.5,-5.89,309.26,-0.03,0.0523,7.1962,92.4,0.0,1435.903, NAN, NAN, NAN, NAN,,2024/04/13 02:02:48.611,2024-04-13 02:02:48.611000+00:00
2024/04/13, 02:03:48.611,41.373,-70.788,0.28,200.24,15.88,0.07,9.8,9.8,999.1,999.3,0.0,0.0,85.01,78.46,358,351,13.2,12.3,83.6,83.5,13.2,12.3,198.4,191.4,1001.2,1001.4,-5.89,309.58,-0.02,0.0524,7.1973,92.1,0.0,1435.908, NAN, NAN, NAN, NAN,,2024/04/13 02:03:48.611,2024-04-13 02:03:48.611000+00:00
2024/04/13, 02:04:48.611,41.373,-70.788,0.32,200.14,292.74,0.03,9.8,9.8,999.3,999.3,0.0,0.0,85.01,78.46,355,355,11.8,11.3,83.5,83.6,11.8,11.3,195.2,195.2,1001.4,1001.4,-5.94,309.24,-0.02,0.0524,7.1986,92.1,0.0,1435.913, NAN, NAN, NAN, NAN,,2024/04/13 02:04:48.611,2024-04-13 02:04:48.611000+00:00
2024/04/13, 02:05:48.611,41.373,-70.788,0.33,199.66,95.91,0.23,9.8,9.8,999.6,999.3,0.0,0.0,85.01,78.46,358,353,12.2,11.5,83.5,83.5,12.2,11.5,198.2,193.2,1001.7,1001.4,-5.99,310.02,-0.02,0.0525,7.1989,92.1,0.0,1435.915, NAN, NAN, NAN, NAN,,2024/04/13 02:05:48.611,2024-04-13 02:05:48.611000+00:00
2024/04/13, 02:06:48.611,41.373,-70.788,0.33,199.01,8.98,0.16,9.7,9.7,999.3,999.3,0.0,0.0,85.01,78.46,358,349,10.2,11.3,83.8,83.8,10.3,11.4,196.9,187.9,1001.4,1001.4,-6.1,310.12,-0.02,0.0523,7.1999,92.1,0.0,1435.919, NAN, NAN, NAN, NAN,,2024/04/13 02:06:48.611,2024-04-13 02:06:48.611000+00:00
2024/04/13, 02:07:48.611,41.373,-70.788,0.21,199.29,351.51,0.12,9.6,9.7,999.4,999.5,0.0,0.0,85.01,78.46,359,352,12.3,11.5,83.9,83.9,12.4,11.6,198.2,191.2,1001.5,1001.6,-5.96,310.98,-0.02,0.0521,7.2002,92.4,0.0,1435.92, NAN, NAN, NAN, NAN,,2024/04/13 02:07:48.611,2024-04-13 02:07:48.611000+00:00
2024/04/13, 02:08:48.611,41.373,-70.788,0.26,200.21,256.74,0.23,9.7,9.7,999.3,999.3,0.0,0.0,85.01,78.46,356,349,11.1,10.9,83.8,84.0,11.1,10.9,195.6,188.6,1001.4,1001.4,-5.96,310.98,-0.03,0.0522,7.2021,92.4,0.0,1435.928, NAN, NAN, NAN, NAN,,2024/04/13 02:08:48.611,2024-04-13 02:08:48.611000+00:00
2024/04/13, 02:09:48.611,41.373,-70.788,0.26,199.65,106.58,0.09,9.7,9.7,999.3,999.3,0.0,0.0,85.01,78.46,358,352,11.4,11.3,83.5,83.7,11.4,11.3,197.4,191.5,1001.4,1001.4,-5.94,311.24,-0.02,0.0521,7.2033,92.8,0.0,1435.933, NAN, NAN, NAN, NAN,,2024/04/13 02:09:48.611,2024-04-13 02:09:48.611000+00:00
2024/04/13, 02:10:48.611,41.373,-70.788,0.32,199.99,217.38,0.05,9.7,9.7,999.3,999.3,0.0,0.0,85.01,78.46,356,351,11.3,11.2,83.4,83.6,11.3,11.2,196.1,191.1,1001.4,1001.4,-5.94,310.46,-0.02,0.0522,7.2038,94.0,0.0,1435.935, NAN, NAN, NAN, NAN,,2024/04/13 02:10:48.611,2024-04-13 02:10:48.611000+00:00
2024/04/13, 02:11:48.611,41.373,-70.788,0.32,199.38,125.94,0.08,9.7,9.7,999.2,999.3,0.0,0.0,85.01,78.46,356,355,12.2,11.4,83.4,83.5,12.2,11.4,195.5,194.5,1001.3,1001.4,-5.86,310.05,-0.02,0.0521,7.2052,92.8,0.0,1435.941, NAN, NAN, NAN, NAN,,2024/04/13 02:11:48.611,2024-04-13 02:11:48.611000+00:00
2024/04/13, 02:12:48.612,41.373,-70.788,0.23,200.32,47.24,0.06,9.7,9.7,999.1,999.1,0.0,0.0,85.01,78.46,352,347,11.0,10.5,83.5,83.5,11.0,10.5,192.4,187.4,1001.2,1001.2,-5.87,310.42,-0.02,0.0522,7.2057,92.8,0.0,1435.943, NAN, NAN, NAN, NAN,,2024/04/13 02:12:48.612,2024-04-13 02:12:48.612000+00:00
2024/04/13, 02:13:48.612,41.373,-70.788,0.28,199.63,79.58,0.12,9.6,9.7,999.1,999.3,0.0,0.0,85.01,78.46,356,351,12.7,12.5,83.6,83.6,12.7,12.5,195.9,190.9,1001.2,1001.4,-5.98,311.0,-0.03,0.0522,7.2055,92.1,0.0,1435.942, NAN, NAN, NAN, NAN,,2024/04/13 02:13:48.612,2024-04-13 02:13:48.612000+00:00
2024/04/13, 02:14:48.612,41.373,-70.788,0.23,200.1,209.64,0.08,9.6,9.6,999.3,999.0,0.0,0.0,85.01,78.46,357,350,11.8,11.3,83.8,83.9,11.8,11.3,197.3,190.3,1001.4,1001.1,-6.06,310.84,-0.02,0.0523,7.2039,92.8,0.0,1435.936, NAN, NAN, NAN, NAN,,2024/04/13 02:14:48.612,2024-04-13 02:14:48.612000+00:00
2024/04/13, 02:15:48.612,41.373,-70.788,0.27,199.14,133.62,0.15,9.6,9.6,999.5,999.2,0.0,0.0,85.01,78.46,358,349,10.7,10.4,83.8,83.9,10.7,10.4,197.5,188.5,1001.6,1001.3,-6.11,312.01,-0.02,0.0522,7.204,92.4,0.0,1435.936, NAN, NAN, NAN, NAN,,2024/04/13 02:15:48.612,2024-04-13 02:15:48.612000+00:00
2024/04/13, 02:16:48.612,41.373,-70.788,0.22,200.36,346.4,0.19,9.6,9.6,999.1,999.1,0.0,0.0,85.01,78.46,351,342,12.5,12.1,83.8,83.8,12.6,12.2,191.0,182.1,1001.2,1001.2,-6.0,312.78,-0.02,0.052,7.204,91.8,0.0,1435.936, NAN, NAN, NAN, NAN,,2024/04/13 02:16:48.612,2024-04-13 02:16:48.612000+00:00
2024/04/13, 02:17:48.612,41.373,-70.788,0.16,199.5,123.19,0.37,9.6,9.6,999.2,999.1,0.0,0.0,85.01,78.46,354,348,11.5,11.9,83.6,83.7,11.4,11.8,194.4,188.3,1001.3,1001.2,-5.9,312.72,-0.02,0.0523,7.2029,94.6,0.0,1435.932, NAN, NAN, NAN, NAN,,2024/04/13 02:17:48.612,2024-04-13 02:17:48.612000+00:00
2024/04/13, 02:18:48.612,41.373,-70.788,0.13,198.82,110.72,0.03,9.6,9.7,999.1,999.1,0.0,0.0,85.01,78.46,353,347,12.5,13.5,83.3,83.4,12.5,13.5,191.8,185.8,1001.2,1001.2,-5.92,313.52,-0.02,0.052,7.2017,93.0,0.0,1435.926, NAN, NAN, NAN, NAN,,2024/04/13 02:18:48.612,2024-04-13 02:18:48.612000+00:00
2024/04/13, 02:19:48.612,41.373,-70.788,0.23,199.03,35.87,0.05,9.7,9.7,999.3,999.3,0.0,0.0,85.01,78.46,359,351,11.5,11.4,82.9,83.3,11.5,11.4,197.9,189.9,1001.4,1001.4,-5.82,313.01,-0.02,0.052,7.2006,92.1,0.0,1435.921, NAN, NAN, NAN, NAN,,2024/04/13 02:19:48.612,2024-04-13 02:19:48.612000+00:00
2024/04/13, 02:20:48.612,41.373,-70.788,0.28,199.55,4.84,0.1,9.7,9.8,999.1,999.1,0.0,0.0,85.01,78.46,358,352,11.7,12.3,82.6,82.6,11.7,12.3,197.4,191.4,1001.2,1001.2,-5.75,312.82,-0.02,0.0521,7.2004,92.1,0.0,1435.921, NAN, NAN, NAN, NAN,,2024/04/13 02:20:48.612,2024-04-13 02:20:48.612000+00:00
2024/04/13, 02:21:48.612,41.373,-70.788,0.34,199.83,297.4,0.05,9.7,9.7,999.1,999.1,0.0,0.0,85.01,78.46,357,351,12.9,12.1,82.6,82.8,12.9,12.1,196.9,190.9,1001.2,1001.2,-5.79,312.53,-0.02,0.0522,7.1995,92.1,0.0,1435.917, NAN, NAN, NAN, NAN,,2024/04/13 02:21:48.612,2024-04-13 02:21:48.612000+00:00
2024/04/13, 02:22:48.612,41.373,-70.788,0.3,199.76,63.28,0.13,9.6,9.7,999.1,998.9,0.0,0.0,85.01,78.46,357,349,11.1,10.9,83.0,83.0,11.2,10.9,197.0,189.0,1001.2,1001.0,-5.95,312.01,-0.02,0.052,7.2011,91.5,0.0,1435.924, NAN, NAN, NAN, NAN,,2024/04/13 02:22:48.612,2024-04-13 02:22:48.612000+00:00
2024/04/13, 02:23:48.612,41.373,-70.788,0.39,199.44,124.74,0.18,9.6,9.6,999.2,999.1,0.0,0.0,85.01,78.46,355,351,10.8,10.0,83.0,82.9,10.8,10.0,194.9,190.9,1001.3,1001.2,-5.9,311.61,-0.02,0.0555,7.2018,93.3,0.0,1435.931, NAN, NAN, NAN, NAN,,2024/04/13 02:23:48.612,2024-04-13 02:23:48.612000+00:00
2024/04/13, 02:24:48.612,41.373,-70.788,0.28,200.31,298.55,0.34,9.6,9.6,999.0,999.0,0.0,0.0,85.01,78.46,358,350,12.4,11.8,83.1,83.1,12.4,11.9,197.5,189.5,1001.1,1001.1,-5.99,310.93,-0.02,0.0577,7.2001,91.8,0.0,1435.927, NAN, NAN, NAN, NAN,,2024/04/13 02:24:48.612,2024-04-13 02:24:48.612000+00:00
2024/04/13, 02:25:48.612,41.373,-70.788,0.37,199.95,260.72,0.06,9.6,9.6,999.1,999.0,0.0,0.0,85.01,78.46,359,354,11.8,11.9,83.0,83.0,11.8,11.9,199.1,194.1,1001.2,1001.1,-5.99,310.6,-0.02,0.0576,7.198,92.1,0.0,1435.918, NAN, NAN, NAN, NAN,,2024/04/13 02:25:48.612,2024-04-13 02:25:48.612000+00:00
2024/04/13, 02:26:48.612,41.373,-70.788,0.25,199.99,115.59,0.08,9.6,9.6,999.0,999.1,0.0,0.0,85.01,78.46,3,355,11.3,11.4,83.1,83.1,11.3,11.4,203.2,195.2,1001.1,1001.2,-5.99,309.59,-0.02,0.0575,7.1983,92.1,0.0,1435.919, NAN, NAN, NAN, NAN,,2024/04/13 02:26:48.612,2024-04-13 02:26:48.612000+00:00
2024/04/13, 02:27:48.612,41.373,-70.788,0.29,199.08,75.64,0.17,9.6,9.6,999.1,999.1,0.0,0.0,85.01,78.46,355,353,10.7,10.3,83.0,83.0,10.7,10.3,194.5,192.5,1001.2,1001.2,-6.01,308.98,-0.02,0.0577,7.1983,92.1,0.0,1435.919, NAN, NAN, NAN, NAN,,2024/04/13 02:27:48.612,2024-04-13 02:27:48.612000+00:00
2024/04/13, 02:28:48.613,41.373,-70.788,0.24,200.38,212.76,0.1,9.6,9.6,999.1,999.0,0.0,0.0,85.01,78.46,1,356,11.5,10.9,83.0,83.0,11.5,10.9,201.5,196.5,1001.2,1001.1,-6.07,308.84,-0.02,0.0581,7.1984,91.8,0.0,1435.92, NAN, NAN, NAN, NAN,,2024/04/13 02:28:48.613,2024-04-13 02:28:48.613000+00:00
2024/04/13, 02:29:48.613,41.373,-70.788,0.36,199.99,290.5,0.07,9.6,9.6,999.3,999.1,0.0,0.0,85.01,78.46,1,350,10.1,10.2,83.1,83.0,10.1,10.2,200.9,189.8,1001.4,1001.2,-5.96,307.93,-0.02,0.0582,7.1985,92.8,0.0,1435.921, NAN, NAN, NAN, NAN,,2024/04/13 02:29:48.613,2024-04-13 02:29:48.613000+00:00
2024/04/13, 02:30:48.613,41.373,-70.788,0.23,199.58,130.47,0.06,9.5,9.6,999.2,999.1,0.0,0.0,85.01,78.46,5,354,11.8,10.9,83.1,83.0,11.8,10.9,204.6,193.6,1001.3,1001.2,-6.08,307.69,-0.02,0.058,7.1989,92.1,0.0,1435.922, NAN, NAN, NAN, NAN,,2024/04/13 02:30:48.613,2024-04-13 02:30:48.613000+00:00
2024/04/13, 02:31:48.613,41.373,-70.788,0.35,203.11,290.32,0.21,9.5,9.6,999.1,999.1,0.0,0.0,85.01,78.46,356,355,9.7,10.2,83.1,83.1,9.6,10.1,198.6,197.6,1001.2,1001.2,-6.04,307.41,-0.02,0.0587,7.1985,92.4,0.0,1435.921, NAN, NAN, NAN, NAN,,2024/04/13 02:31:48.613,2024-04-13 02:31:48.613000+00:00
2024/04/13, 02:32:48.613,41.373,-70.788,0.18,204.55,73.75,0.14,9.5,9.5,999.2,999.2,0.0,0.0,85.01,78.46,351,340,10.4,10.5,83.1,83.1,10.5,10.6,195.4,184.5,1001.3,1001.3,-6.13,307.87,-0.02,0.0585,7.1978,92.8,0.0,1435.918, NAN, NAN, NAN, NAN,,2024/04/13 02:32:48.613,2024-04-13 02:32:48.613000+00:00
2024/04/13, 02:33:48.613,41.373,-70.788,0.17,205.68,299.82,0.17,9.5,9.5,998.9,999.1,0.0,0.0,85.01,78.46,351,348,11.5,12.7,83.3,83.1,11.5,12.7,196.2,193.3,1001.0,1001.2,-6.09,308.08,-0.02,0.059,7.1983,92.4,0.0,1435.921, NAN, NAN, NAN, NAN,,2024/04/13 02:33:48.613,2024-04-13 02:33:48.613000+00:00
2024/04/13, 02:34:48.613,41.373,-70.788,0.29,204.7,309.57,0.16,9.6,9.6,999.1,999.1,0.0,0.0,85.01,78.46,350,345,11.2,10.8,82.9,83.0,11.2,10.9,194.4,189.4,1001.2,1001.2,-6.11,307.65,-0.02,0.059,7.1992,92.1,0.0,1435.925, NAN, NAN, NAN, NAN,,2024/04/13 02:34:48.613,2024-04-13 02:34:48.613000+00:00
2024/04/13, 02:35:48.613,41.373,-70.788,0.33,205.39,345.08,0.07,9.6,9.6,999.0,999.0,0.0,0.0,85.01,78.46,354,345,11.9,11.9,82.6,82.6,11.9,11.9,199.6,190.6,1001.1,1001.1,-5.97,307.42,-0.02,0.0594,7.2003,92.1,0.0,1435.93, NAN, NAN, NAN, NAN,,2024/04/13 02:35:48.613,2024-04-13 02:35:48.613000+00:00
2024/04/13, 02:36:48.613,41.373,-70.788,0.44,205.27,112.93,0.4,9.6,9.6,998.9,998.9,0.0,0.0,85.01,78.46,348,343,11.0,10.7,82.5,82.5,11.0,10.7,194.3,189.3,1001.0,1001.0,-5.97,307.3,-0.02,0.0594,7.2004,91.8,0.0,1435.93, NAN, NAN, NAN, NAN,,2024/04/13 02:36:48.613,2024-04-13 02:36:48.613000+00:00
2024/04/13, 02:37:48.613,41.373,-70.788,0.44,204.87,279.89,0.24,9.6,9.6,999.1,999.0,0.0,0.0,85.01,78.46,352,343,11.3,10.8,82.3,82.3,11.3,10.8,196.2,187.2,1001.2,1001.1,-6.01,307.14,-0.02,0.0595,7.1998,92.1,0.0,1435.928, NAN, NAN, NAN, NAN,,2024/04/13 02:37:48.613,2024-04-13 02:37:48.613000+00:00
2024/04/13, 02:38:48.613,41.373,-70.788,0.56,203.84,60.12,0.12,9.5,9.5,999.1,998.9,0.0,0.0,85.01,78.46,350,344,11.4,10.7,82.4,82.5,11.4,10.7,194.1,188.1,1001.2,1001.0,-5.89,307.19,-0.02,0.0599,7.1976,92.1,0.0,1435.919, NAN, NAN, NAN, NAN,,2024/04/13 02:38:48.613,2024-04-13 02:38:48.613000+00:00
2024/04/13, 02:39:48.613,41.373,-70.788,0.39,204.7,301.71,0.17,9.5,9.5,998.8,998.9,0.0,0.0,85.01,78.46,350,344,11.9,11.7,82.6,82.7,11.9,11.7,194.3,188.3,1000.9,1001.0,-5.96,307.65,-0.02,0.06,7.1951,91.8,0.0,1435.908, NAN, NAN, NAN, NAN,,2024/04/13 02:39:48.613,2024-04-13 02:39:48.613000+00:00
2024/04/13, 02:40:48.613,41.373,-70.788,0.38,205.38,218.0,0.04,9.5,9.5,998.9,998.9,0.0,0.0,85.01,78.46,349,341,11.6,11.5,82.5,82.5,11.6,11.5,194.4,186.3,1001.0,1001.0,-5.91,308.28,-0.02,0.0601,7.1952,92.4,0.0,1435.909, NAN, NAN, NAN, NAN,,2024/04/13 02:40:48.613,2024-04-13 02:40:48.613000+00:00
2024/04/13, 02:41:48.613,41.373,-70.788,0.44,206.11,211.77,0.06,9.6,9.6,998.9,998.8,0.0,0.0,85.01,78.46,349,341,11.4,11.0,82.3,82.4,11.4,11.0,195.0,186.9,1001.0,1000.9,-5.99,307.93,-0.02,0.0601,7.1975,92.1,0.0,1435.919, NAN, NAN, NAN, NAN,,2024/04/13 02:41:48.613,2024-04-13 02:41:48.613000+00:00
2024/04/13, 02:42:48.613,41.373,-70.788,0.39,204.0,109.69,0.15,9.6,9.6,998.8,998.8,0.0,0.0,85.01,78.46,354,347,10.4,10.3,82.0,82.2,10.4,10.3,198.4,191.4,1000.9,1000.9,-5.9,306.75,-0.02,0.0604,7.1982,93.6,0.0,1435.922, NAN, NAN, NAN, NAN,,2024/04/13 02:42:48.613,2024-04-13 02:42:48.613000+00:00
2024/04/13, 02:43:48.614,41.373,-70.788,0.37,205.93,316.71,0.18,9.5,9.6,999.0,998.9,0.0,0.0,85.01,78.46,355,349,13.9,12.2,82.1,82.1,14.0,12.3,200.6,194.6,1001.1,1001.0,-5.91,308.13,-0.02,0.0603,7.1981,93.0,0.0,1435.922, NAN, NAN, NAN, NAN,,2024/04/13 02:43:48.614,2024-04-13 02:43:48.614000+00:00
2024/04/13, 02:44:48.614,41.373,-70.788,0.45,205.76,242.07,0.13,9.6,9.6,998.8,999.0,0.0,0.0,85.01,78.46,349,344,11.9,11.9,82.0,82.1,11.8,11.8,194.7,189.7,1000.9,1001.1,-5.94,307.19,-0.02,0.0607,7.1989,92.1,0.0,1435.925, NAN, NAN, NAN, NAN,,2024/04/13 02:44:48.614,2024-04-13 02:44:48.614000+00:00
2024/04/13, 02:45:48.614,41.373,-70.788,0.39,204.39,103.78,0.36,9.6,9.6,999.1,998.9,0.0,0.0,85.01,78.46,351,343,11.7,12.3,82.0,82.0,11.7,12.3,196.3,188.3,1001.2,1001.0,-5.88,307.04,-0.02,0.0608,7.2002,92.1,0.0,1435.931, NAN, NAN, NAN, NAN,,2024/04/13 02:45:48.614,2024-04-13 02:45:48.614000+00:00
2024/04/13, 02:46:48.614,41.373,-70.788,0.32,204.29,138.29,0.11,9.5,9.5,998.8,998.8,0.0,0.0,85.01,78.46,350,344,12.0,11.5,82.1,82.1,11.9,11.4,194.3,188.3,1000.9,1000.9,-5.99,306.87,-0.02,0.0608,7.2017,91.8,0.0,1435.937, NAN, NAN, NAN, NAN,,2024/04/13 02:46:48.614,2024-04-13 02:46:48.614000+00:00
2024/04/13, 02:47:48.614,41.373,-70.788,0.36,205.28,335.91,0.09,9.5,9.5,998.8,998.7,0.0,0.0,85.01,78.46,350,341,10.8,11.8,82.2,82.2,10.8,11.8,195.1,186.1,1000.9,1000.8,-6.01,306.68,-0.02,0.0606,7.2021,92.8,0.0,1435.939, NAN, NAN, NAN, NAN,,2024/04/13 02:47:48.614,2024-04-13 02:47:48.614000+00:00
2024/04/13, 02:48:48.614,41.373,-70.788,0.38,204.72,344.45,0.06,9.5,9.5,998.8,998.9,0.0,0.0,85.01,78.46,357,346,13.0,11.8,82.2,82.2,13.0,11.8,201.6,190.6,1000.9,1001.0,-5.92,307.39,-0.03,0.0611,7.204,92.1,0.0,1435.948, NAN, NAN, NAN, NAN,,2024/04/13 02:48:48.614,2024-04-13 02:48:48.614000+00:00
2024/04/13, 02:49:48.614,41.373,-70.788,0.47,204.94,207.25,0.06,9.6,9.6,998.9,999.1,0.0,0.0,85.01,78.46,353,346,13.9,12.4,82.0,82.0,13.9,12.4,197.8,190.8,1001.0,1001.2,-5.9,307.12,-0.02,0.061,7.2038,92.8,0.0,1435.947, NAN, NAN, NAN, NAN,,2024/04/13 02:49:48.614,2024-04-13 02:49:48.614000+00:00
2024/04/13, 02:50:48.614,41.373,-70.788,0.33,205.15,348.72,0.06,9.6,9.6,999.0,999.0,0.0,0.0,85.01,78.46,347,348,12.2,12.2,81.8,81.9,12.2,12.2,192.2,193.2,1001.1,1001.1,-5.93,306.84,-0.02,0.0611,7.2039,93.3,0.0,1435.947, NAN, NAN, NAN, NAN,,2024/04/13 02:50:48.614,2024-04-13 02:50:48.614000+00:00
2024/04/13, 02:51:48.614,41.373,-70.788,0.29,204.67,298.74,0.13,9.5,9.5,999.0,998.9,0.0,0.0,85.01,78.46,351,344,11.5,11.6,82.0,82.0,11.5,11.6,195.3,188.4,1001.1,1001.0,-5.95,306.91,-0.02,0.061,7.203,90.9,0.0,1435.943, NAN, NAN, NAN, NAN,,2024/04/13 02:51:48.614,2024-04-13 02:51:48.614000+00:00
2024/04/13, 02:52:48.614,41.373,-70.788,0.35,204.58,319.4,0.16,9.5,9.5,999.0,998.8,0.0,0.0,85.01,78.46,354,346,10.8,10.5,82.2,82.2,10.8,10.5,198.2,190.2,1001.1,1000.9,-5.9,307.39,-0.03,0.0611,7.2003,91.8,0.0,1435.932, NAN, NAN, NAN, NAN,,2024/04/13 02:52:48.614,2024-04-13 02:52:48.614000+00:00
2024/04/13, 02:53:48.614,41.373,-70.788,0.29,205.25,344.67,0.18,9.4,9.5,998.8,999.0,0.0,0.0,85.01,78.46,347,340,12.0,11.5,82.4,82.4,12.1,11.6,192.0,185.0,1000.9,1001.1,-6.11,307.65,-0.02,0.0611,7.1979,91.2,0.0,1435.922, NAN, NAN, NAN, NAN,,2024/04/13 02:53:48.614,2024-04-13 02:53:48.614000+00:00
2024/04/13, 02:54:48.614,41.373,-70.788,0.45,204.41,298.72,0.09,9.4,9.5,998.8,998.9,0.0,0.0,85.01,78.46,353,351,11.2,12.5,82.4,82.4,11.2,12.5,197.2,195.2,1000.9,1001.0,-6.0,307.6,-0.03,0.0615,7.1961,91.8,0.0,1435.915, NAN, NAN, NAN, NAN,,2024/04/13 02:54:48.614,2024-04-13 02:54:48.614000+00:00
2024/04/13, 02:55:48.614,41.373,-70.788,0.39,205.09,133.67,0.14,9.4,9.4,999.1,998.8,0.0,0.0,85.01,78.46,356,349,12.0,12.1,82.6,82.7,12.0,12.1,201.4,194.4,1001.2,1000.9,-6.03,307.67,-0.02,0.0617,7.1958,92.4,0.0,1435.914, NAN, NAN, NAN, NAN,,2024/04/13 02:55:48.614,2024-04-13 02:55:48.614000+00:00
2024/04/13, 02:56:48.614,41.373,-70.788,0.4,205.54,224.95,0.03,9.4,9.4,998.8,999.0,0.0,0.0,85.01,78.46,352,347,12.8,12.5,82.4,82.5,12.8,12.5,197.5,192.5,1000.9,1001.1,-5.96,307.32,-0.02,0.0616,7.1946,92.1,0.0,1435.908, NAN, NAN, NAN, NAN,,2024/04/13 02:56:48.614,2024-04-13 02:56:48.614000+00:00
2024/04/13, 02:57:48.614,41.373,-70.788,0.4,205.06,294.03,0.12,9.4,9.5,998.7,998.8,0.0,0.0,85.01,78.46,353,347,13.2,12.6,82.3,82.4,13.2,12.6,197.8,191.8,1000.8,1000.9,-5.98,307.08,-0.02,0.0616,7.192,91.5,0.0,1435.897, NAN, NAN, NAN, NAN,,2024/04/13 02:57:48.614,2024-04-13 02:57:48.614000+00:00
2024/04/13, 02:58:48.614,41.373,-70.788,0.35,204.67,248.75,0.21,9.4,9.5,999.1,998.9,0.0,0.0,85.01,78.46,354,344,12.7,11.9,82.2,82.3,12.7,11.9,198.2,188.2,1001.2,1001.0,-6.01,306.65,-0.02,0.0617,7.1903,92.1,0.0,1435.89, NAN, NAN, NAN, NAN,,2024/04/13 02:58:48.614,2024-04-13 02:58:48.614000+00:00
2024/04/13, 02:59:48.615,41.373,-70.788,0.36,205.48,306.31,0.25,9.4,9.5,998.9,998.9,0.0,0.0,85.01,78.46,352,344,10.9,11.0,82.2,82.3,10.9,11.1,196.8,188.8,1001.0,1001.0,-5.94,305.82,-0.02,0.0618,7.1885,91.2,0.0,1435.883, NAN, NAN, NAN, NAN,,2024/04/13 02:59:48.615,2024-04-13 02:59:48.615000+00:00
2024/04/13, 03:00:48.615,41.373,-70.788,0.47,204.05,337.68,0.06,9.4,9.4,999.0,998.8,0.0,0.0,85.01,78.46,356,345,12.6,11.6,82.2,82.3,12.6,11.6,199.9,189.0,1001.1,1000.9,-6.11,306.58,-0.02,0.0619,7.1855,92.1,0.0,1435.87, NAN, NAN, NAN, NAN,,2024/04/13 03:00:48.615,2024-04-13 03:00:48.615000+00:00
2024/04/13, 03:01:48.615,41.373,-70.788,0.35,204.44,325.52,0.22,9.5,9.5,998.9,999.1,0.0,0.0,85.01,78.46,352,343,11.3,12.6,82.1,82.1,11.4,12.7,196.0,187.1,1001.0,1001.2,-6.01,306.71,-0.02,0.0618,7.1851,91.8,0.0,1435.868, NAN, NAN, NAN, NAN,,2024/04/13 03:01:48.615,2024-04-13 03:01:48.615000+00:00
2024/04/13, 03:02:48.615,41.373,-70.788,0.39,205.67,332.6,0.22,9.4,9.4,998.8,998.7,0.0,0.0,85.01,78.46,352,347,12.7,11.5,82.1,82.2,12.8,11.6,197.3,192.3,1000.9,1000.8,-6.08,306.61,-0.02,0.0618,7.1841,92.1,0.0,1435.864, NAN, NAN, NAN, NAN,,2024/04/13 03:02:48.615,2024-04-13 03:02:48.615000+00:00
2024/04/13, 03:03:48.615,41.373,-70.788,0.44,204.78,290.49,0.17,9.5,9.5,998.9,998.9,0.0,0.0,85.01,78.46,350,342,12.7,11.9,81.8,81.8,12.7,11.9,194.4,186.4,1001.0,1001.0,-5.93,306.49,-0.02,0.0621,7.1815,91.5,0.0,1435.853, NAN, NAN, NAN, NAN,,2024/04/13 03:03:48.615,2024-04-13 03:03:48.615000+00:00
2024/04/13, 03:04:48.615,41.373,-70.788,0.42,205.94,147.82,0.1,9.5,9.5,998.8,998.8,0.0,0.0,85.01,78.46,354,349,12.0,11.9,81.7,81.7,12.0,11.9,200.1,195.1,1000.9,1000.9,-5.96,305.96,-0.02,0.0621,7.1805,92.4,0.0,1435.849, NAN, NAN, NAN, NAN,,2024/04/13 03:04:48.615,2024-04-13 03:04:48.615000+00:00
2024/04/13, 03:05:48.615,41.373,-70.788,0.33,209.54,195.54,0.13,9.4,9.5,999.1,999.0,0.0,0.0,85.01,78.46,356,353,13.4,13.8,81.7,81.8,13.4,13.8,205.8,202.8,1001.2,1001.1,-5.91,306.87,-0.03,0.0624,7.1804,90.9,0.0,1435.849, NAN, NAN, NAN, NAN,,2024/04/13 03:05:48.615,2024-04-13 03:05:48.615000+00:00
2024/04/13, 03:06:48.615,41.373,-70.788,0.44,210.42,282.25,0.07,9.5,9.5,999.2,999.0,0.0,0.0,85.01,78.46,348,343,12.9,12.4,81.5,81.6,12.9,12.4,198.3,193.3,1001.3,1001.1,-5.97,306.22,-0.02,0.0622,7.181,91.8,0.0,1435.851, NAN, NAN, NAN, NAN,,2024/04/13 03:06:48.615,2024-04-13 03:06:48.615000+00:00
2024/04/13, 03:07:48.615,41.373,-70.788,0.6,209.8,98.35,0.08,9.5,9.5,999.3,998.9,0.0,0.0,85.01,78.46,350,340,10.5,10.7,81.3,81.4,10.5,10.7,200.0,190.0,1001.4,1001.0,-5.96,305.46,-0.02,0.0624,7.1809,92.8,0.0,1435.851, NAN, NAN, NAN, NAN,,2024/04/13 03:07:48.615,2024-04-13 03:07:48.615000+00:00
2024/04/13, 03:08:48.615,41.373,-70.788,0.53,209.13,193.03,0.09,9.5,9.5,999.1,999.0,0.0,0.0,85.01,78.46,350,341,10.8,11.7,81.5,81.4,10.8,11.7,199.0,190.0,1001.2,1001.1,-6.01,305.18,-0.02,0.0625,7.1784,91.8,0.0,1435.841, NAN, NAN, NAN, NAN,,2024/04/13 03:08:48.615,2024-04-13 03:08:48.615000+00:00
2024/04/13, 03:09:48.615,41.373,-70.788,0.48,210.57,329.86,0.11,9.4,9.4,999.0,999.0,0.0,0.0,85.01,78.46,345,341,11.7,11.4,81.6,81.6,11.7,11.4,195.3,191.3,1001.1,1001.1,-6.12,305.11,-0.02,0.0624,7.1772,91.8,0.0,1435.835, NAN, NAN, NAN, NAN,,2024/04/13 03:09:48.615,2024-04-13 03:09:48.615000+00:00
2024/04/13, 03:10:48.615,41.373,-70.788,0.33,209.76,128.27,0.16,9.4,9.4,999.1,999.1,0.0,0.0,85.01,78.46,349,345,12.0,11.9,81.6,81.6,12.0,11.9,199.2,195.2,1001.2,1001.2,-6.03,305.34,-0.02,0.0623,7.1735,91.8,0.0,1435.82, NAN, NAN, NAN, NAN,,2024/04/13 03:10:48.615,2024-04-13 03:10:48.615000+00:00
2024/04/13, 03:11:48.615,41.373,-70.788,0.47,209.78,67.09,0.12,9.4,9.4,999.1,999.1,0.0,0.0,85.01,78.46,356,351,14.0,12.9,81.6,81.6,14.1,13.0,205.8,200.9,1001.2,1001.2,-6.05,305.56,-0.02,0.0624,7.1702,92.4,0.0,1435.806, NAN, NAN, NAN, NAN,,2024/04/13 03:11:48.615,2024-04-13 03:11:48.615000+00:00
2024/04/13, 03:12:48.615,41.373,-70.788,0.58,208.9,63.42,0.05,9.5,9.5,999.3,999.1,0.0,0.0,85.01,78.46,353,347,13.3,13.3,81.4,81.5,13.3,13.3,202.0,196.0,1001.4,1001.2,-6.0,304.85,-0.02,0.0625,7.1678,92.1,0.0,1435.796, NAN, NAN, NAN, NAN,,2024/04/13 03:12:48.615,2024-04-13 03:12:48.615000+00:00
2024/04/13, 03:13:48.615,41.373,-70.788,0.37,209.75,25.47,0.06,9.5,9.5,999.2,999.2,0.0,0.0,85.01,78.46,351,340,13.1,12.4,81.1,81.2,13.1,12.4,200.9,189.9,1001.3,1001.3,-5.96,304.95,-0.02,0.0626,7.1654,91.8,0.0,1435.785, NAN, NAN, NAN, NAN,,2024/04/13 03:13:48.615,2024-04-13 03:13:48.615000+00:00
2024/04/13, 03:14:48.615,41.373,-70.788,0.56,209.8,244.82,0.1,9.5,9.5,999.2,999.3,0.0,0.0,85.01,78.46,351,341,10.6,10.8,80.9,81.0,10.6,10.8,200.6,190.6,1001.3,1001.4,-5.93,304.59,-0.01,0.0626,7.1642,93.6,0.0,1435.78, NAN, NAN, NAN, NAN,,2024/04/13 03:14:48.615,2024-04-13 03:14:48.615000+00:00
2024/04/13, 03:15:48.616,41.373,-70.788,0.31,208.22,114.75,0.24,9.5,9.5,998.8,998.8,0.0,0.0,85.01,78.46,349,346,11.2,12.3,81.0,81.1,11.2,12.3,197.8,194.8,1000.9,1000.9,-5.92,304.26,-0.02,0.0626,7.1644,90.9,0.0,1435.781, NAN, NAN, NAN, NAN,,2024/04/13 03:15:48.616,2024-04-13 03:15:48.616000+00:00
2024/04/13, 03:16:48.616,41.373,-70.788,0.52,210.19,219.24,0.15,9.5,9.5,999.3,999.1,0.0,0.0,85.01,78.46,347,341,11.5,11.9,81.1,81.1,11.4,11.8,197.4,191.3,1001.4,1001.2,-5.94,304.13,-0.02,0.0629,7.1647,91.5,0.0,1435.783, NAN, NAN, NAN, NAN,,2024/04/13 03:16:48.616,2024-04-13 03:16:48.616000+00:00
2024/04/13, 03:17:48.616,41.373,-70.788,0.23,210.64,345.93,0.1,9.4,9.5,999.0,999.0,0.0,0.0,85.01,78.46,353,347,12.2,12.7,81.2,81.2,12.2,12.7,203.8,197.8,1001.1,1001.1,-6.05,304.4,-0.02,0.0627,7.1656,92.1,0.0,1435.786, NAN, NAN, NAN, NAN,,2024/04/13 03:17:48.616,2024-04-13 03:17:48.616000+00:00
2024/04/13, 03:18:48.616,41.373,-70.788,0.53,209.19,77.77,0.13,9.4,9.5,998.8,999.1,0.0,0.0,85.01,78.46,346,344,10.9,12.0,81.2,81.3,10.9,12.0,195.5,193.5,1000.9,1001.2,-6.03,304.37,-0.02,0.0627,7.1664,91.8,0.0,1435.79, NAN, NAN, NAN, NAN,,2024/04/13 03:18:48.616,2024-04-13 03:18:48.616000+00:00
2024/04/13, 03:19:48.616,41.373,-70.788,0.59,210.32,180.19,0.08,9.4,9.5,999.1,998.8,0.0,0.0,85.01,78.46,349,345,11.9,11.5,81.2,81.3,11.9,11.5,199.4,195.3,1001.2,1000.9,-5.98,304.04,-0.02,0.0629,7.1644,92.1,0.0,1435.782, NAN, NAN, NAN, NAN,,2024/04/13 03:19:48.616,2024-04-13 03:19:48.616000+00:00
2024/04/13, 03:20:48.616,41.373,-70.788,0.56,209.63,334.2,0.17,9.4,9.5,999.1,999.1,0.0,0.0,85.01,78.46,357,349,12.2,12.0,81.3,81.3,12.2,12.0,206.3,198.3,1001.2,1001.2,-6.04,304.61,-0.02,0.0625,7.1622,92.1,0.0,1435.772, NAN, NAN, NAN, NAN,,2024/04/13 03:20:48.616,2024-04-13 03:20:48.616000+00:00
2024/04/13, 03:21:48.616,41.373,-70.788,0.56,210.21,153.6,0.23,9.4,9.4,999.2,999.1,0.0,0.0,85.01,78.46,347,345,11.3,11.7,81.4,81.4,11.2,11.6,197.6,195.6,1001.3,1001.2,-5.93,304.22,-0.02,0.0631,7.1613,91.8,0.0,1435.769, NAN, NAN, NAN, NAN,,2024/04/13 03:21:48.616,2024-04-13 03:21:48.616000+00:00
2024/04/13, 03:22:48.616,41.373,-70.788,0.51,209.57,303.3,0.13,9.4,9.5,999.1,998.9,0.0,0.0,85.01,78.46,353,342,11.8,11.5,81.3,81.4,11.8,11.5,202.2,191.3,1001.2,1001.0,-6.02,303.96,-0.02,0.0628,7.1625,91.5,0.0,1435.773, NAN, NAN, NAN, NAN,,2024/04/13 03:22:48.616,2024-04-13 03:22:48.616000+00:00
2024/04/13, 03:23:48.616,41.373,-70.788,0.55,209.61,112.07,0.23,9.4,9.4,999.1,999.3,0.0,0.0,85.01,78.46,351,342,13.1,13.0,81.5,81.5,13.1,12.9,201.1,192.1,1001.2,1001.4,-5.97,304.55,-0.02,0.0631,7.1625,92.1,0.0,1435.774, NAN, NAN, NAN, NAN,,2024/04/13 03:23:48.616,2024-04-13 03:23:48.616000+00:00
2024/04/13, 03:24:48.616,41.373,-70.788,0.51,209.12,123.17,0.19,9.4,9.4,999.2,999.3,0.0,0.0,85.01,78.46,353,346,13.1,12.7,81.4,81.6,13.1,12.7,202.5,195.6,1001.3,1001.4,-5.99,304.38,-0.02,0.0629,7.1596,93.0,0.0,1435.761, NAN, NAN, NAN, NAN,,2024/04/13 03:24:48.616,2024-04-13 03:24:48.616000+00:00
2024/04/13, 03:25:48.616,41.373,-70.788,0.46,210.0,304.92,0.35,9.4,9.4,999.3,999.3,0.0,0.0,85.01,78.46,354,344,11.3,12.3,81.4,81.5,11.3,12.3,203.1,193.2,1001.4,1001.4,-5.97,303.95,-0.02,0.0626,7.1562,91.8,0.0,1435.746, NAN, NAN, NAN, NAN,,2024/04/13 03:25:48.616,2024-04-13 03:25:48.616000+00:00
2024/04/13, 03:26:48.616,41.373,-70.788,0.43,210.19,110.22,0.41,9.4,9.4,999.3,999.1,0.0,0.0,85.01,78.46,352,349,12.3,12.4,81.5,81.6,12.3,12.4,203.2,200.2,1001.4,1001.2,-6.0,304.25,-0.02,0.0633,7.1522,91.5,0.0,1435.73, NAN, NAN, NAN, NAN,,2024/04/13 03:26:48.616,2024-04-13 03:26:48.616000+00:00
2024/04/13, 03:27:48.616,41.373,-70.788,0.5,210.62,290.21,0.29,9.4,9.4,999.3,999.1,0.0,0.0,85.01,78.46,351,340,12.7,12.3,81.7,81.7,12.7,12.3,200.9,189.9,1001.4,1001.2,-6.11,304.59,-0.02,0.0628,7.1499,92.8,0.0,1435.72, NAN, NAN, NAN, NAN,,2024/04/13 03:27:48.616,2024-04-13 03:27:48.616000+00:00
2024/04/13, 03:28:48.616,41.373,-70.788,0.44,209.32,110.75,0.28,9.4,9.4,999.1,999.1,0.0,0.0,85.01,78.46,359,351,14.0,13.0,81.8,81.9,14.0,12.9,208.9,200.9,1001.2,1001.2,-6.09,304.72,-0.02,0.0633,7.1507,92.4,0.0,1435.724, NAN, NAN, NAN, NAN,,2024/04/13 03:28:48.616,2024-04-13 03:28:48.616000+00:00
2024/04/13, 03:29:48.616,41.373,-70.788,0.4,209.72,28.18,0.24,9.4,9.4,999.1,999.3,0.0,0.0,85.01,78.46,349,343,12.0,11.2,81.6,81.6,12.1,11.3,199.2,193.3,1001.2,1001.4,-6.06,304.42,-0.02,0.063,7.151,91.5,0.0,1435.725, NAN, NAN, NAN, NAN,,2024/04/13 03:29:48.616,2024-04-13 03:29:48.616000+00:00
2024/04/13, 03:30:48.616,41.373,-70.788,0.47,210.38,273.63,0.14,9.4,9.4,999.1,999.1,0.0,0.0,85.01,78.46,352,345,12.4,11.7,81.6,81.6,12.4,11.7,202.0,195.0,1001.2,1001.2,-6.11,304.49,-0.02,0.0629,7.1501,92.1,0.0,1435.721, NAN, NAN, NAN, NAN,,2024/04/13 03:30:48.616,2024-04-13 03:30:48.616000+00:00
2024/04/13, 03:31:48.617,41.373,-70.788,0.4,209.94,300.3,0.2,9.3,9.4,999.2,999.3,0.0,0.0,85.01,78.46,355,347,12.9,12.4,82.0,81.7,12.9,12.4,204.5,196.5,1001.3,1001.4,-6.1,304.69,-0.01,0.063,7.1479,92.4,0.0,1435.711, NAN, NAN, NAN, NAN,,2024/04/13 03:31:48.617,2024-04-13 03:31:48.617000+00:00
2024/04/13, 03:32:48.617,41.373,-70.788,0.44,210.43,251.27,0.15,9.3,9.3,999.1,999.1,0.0,0.0,85.01,78.46,349,350,12.5,12.4,82.0,82.0,12.4,12.3,199.2,200.3,1001.2,1001.2,-6.0,304.65,-0.02,0.0633,7.1459,92.1,0.0,1435.703, NAN, NAN, NAN, NAN,,2024/04/13 03:32:48.617,2024-04-13 03:32:48.617000+00:00
2024/04/13, 03:33:48.617,41.373,-70.788,0.41,209.49,179.15,0.16,9.3,9.3,999.3,999.3,0.0,0.0,85.01,78.46,352,352,11.9,11.8,82.0,82.0,11.9,11.8,201.1,201.1,1001.4,1001.4,-6.08,305.05,-0.02,0.063,7.1453,91.2,0.0,1435.7, NAN, NAN, NAN, NAN,,2024/04/13 03:33:48.617,2024-04-13 03:33:48.617000+00:00
2024/04/13, 03:34:48.617,41.373,-70.788,0.54,209.82,114.2,0.06,9.3,9.3,999.2,999.1,0.0,0.0,85.01,78.46,352,350,10.5,10.2,82.1,82.1,10.5,10.2,201.7,199.6,1001.3,1001.2,-5.96,304.51,-0.02,0.0631,7.1458,92.1,0.0,1435.703, NAN, NAN, NAN, NAN,,2024/04/13 03:34:48.617,2024-04-13 03:34:48.617000+00:00
2024/04/13, 03:35:48.617,41.373,-70.788,0.45,209.25,147.61,0.13,9.2,9.3,999.2,999.2,0.0,0.0,85.01,78.46,353,352,12.4,11.6,82.4,82.1,12.4,11.6,202.6,201.6,1001.3,1001.3,-6.06,305.44,-0.02,0.0633,7.1458,91.8,0.0,1435.703, NAN, NAN, NAN, NAN,,2024/04/13 03:35:48.617,2024-04-13 03:35:48.617000+00:00
2024/04/13, 03:36:48.617,41.373,-70.788,0.48,210.05,322.29,0.2,9.2,9.2,999.2,999.1,0.0,0.0,85.01,78.46,352,351,11.1,11.2,82.4,82.4,11.1,11.2,201.6,200.6,1001.3,1001.2,-6.11,305.67,-0.02,0.063,7.1412,91.8,0.0,1435.683, NAN, NAN, NAN, NAN,,2024/04/13 03:36:48.617,2024-04-13 03:36:48.617000+00:00
2024/04/13, 03:37:48.617,41.373,-70.788,0.45,210.25,311.73,0.07,9.2,9.2,999.3,999.1,0.0,0.0,85.01,78.46,356,351,12.3,11.5,82.4,82.5,12.3,11.5,206.1,201.1,1001.4,1001.2,-6.08,306.43,-0.02,0.0631,7.1369,91.5,0.0,1435.665, NAN, NAN, NAN, NAN,,2024/04/13 03:37:48.617,2024-04-13 03:37:48.617000+00:00
2024/04/13, 03:38:48.617,41.373,-70.788,0.4,210.19,172.72,0.05,9.2,9.2,999.2,999.1,0.0,0.0,85.01,78.46,358,352,12.3,11.7,82.3,82.3,12.3,11.7,208.1,202.1,1001.3,1001.2,-6.07,307.32,-0.02,0.0633,7.1299,91.8,0.0,1435.635, NAN, NAN, NAN, NAN,,2024/04/13 03:38:48.617,2024-04-13 03:38:48.617000+00:00
2024/04/13, 03:39:48.617,41.373,-70.788,0.41,209.72,122.82,0.11,9.3,9.3,999.1,999.1,0.0,0.0,85.01,78.46,354,347,11.7,11.1,82.1,82.1,11.7,11.1,204.0,197.0,1001.2,1001.2,-5.9,308.35,-0.02,0.0631,7.1252,91.5,0.0,1435.615, NAN, NAN, NAN, NAN,,2024/04/13 03:39:48.617,2024-04-13 03:39:48.617000+00:00
2024/04/13, 03:40:48.617,41.373,-70.788,0.41,209.52,127.46,0.18,9.3,9.3,999.1,999.1,0.0,0.0,85.01,78.46,352,349,11.2,10.6,81.7,81.8,11.2,10.6,202.0,199.0,1001.2,1001.2,-5.91,307.09,-0.02,0.0634,7.1209,91.8,0.0,1435.597, NAN, NAN, NAN, NAN,,2024/04/13 03:40:48.617,2024-04-13 03:40:48.617000+00:00
2024/04/13, 03:41:48.617,41.373,-70.788,0.44,209.66,152.92,0.03,9.3,9.4,999.3,999.1,0.0,0.0,85.01,78.46,354,349,10.2,11.0,81.6,81.6,10.2,11.0,203.6,198.6,1001.4,1001.2,-5.92,305.81,-0.03,0.0631,7.1189,91.5,0.0,1435.588, NAN, NAN, NAN, NAN,,2024/04/13 03:41:48.617,2024-04-13 03:41:48.617000+00:00
2024/04/13, 03:42:48.617,41.373,-70.788,0.38,209.44,161.12,0.06,9.3,9.3,999.1,999.1,0.0,0.0,85.01,78.46,350,346,11.2,12.0,81.6,81.7,11.2,12.0,199.3,195.3,1001.2,1001.2,-5.96,305.31,-0.02,0.0632,7.1188,91.5,0.0,1435.588, NAN, NAN, NAN, NAN,,2024/04/13 03:42:48.617,2024-04-13 03:42:48.617000+00:00
2024/04/13, 03:43:48.617,41.373,-70.788,0.49,210.12,320.47,0.07,9.3,9.4,999.2,999.1,0.0,0.0,85.01,78.46,354,350,13.2,12.5,81.6,81.6,13.2,12.5,204.0,200.0,1001.3,1001.2,-5.99,305.01,-0.02,0.0632,7.119,92.1,0.0,1435.589, NAN, NAN, NAN, NAN,,2024/04/13 03:43:48.617,2024-04-13 03:43:48.617000+00:00
2024/04/13, 03:44:48.617,41.373,-70.788,0.33,208.66,343.11,0.13,9.3,9.4,999.1,999.3,0.0,0.0,85.01,78.46,0,355,11.5,11.1,81.6,81.5,11.5,11.1,208.9,203.9,1001.2,1001.4,-5.9,304.26,-0.02,0.0631,7.1189,91.2,0.0,1435.588, NAN, NAN, NAN, NAN,,2024/04/13 03:44:48.617,2024-04-13 03:44:48.617000+00:00
2024/04/13, 03:45:48.617,41.373,-70.788,0.46,210.2,312.14,0.17,9.3,9.3,999.2,999.1,0.0,0.0,85.01,78.46,352,347,10.7,10.4,81.7,81.7,10.7,10.4,201.7,196.7,1001.3,1001.2,-6.06,303.84,-0.02,0.063,7.1173,91.2,0.0,1435.581, NAN, NAN, NAN, NAN,,2024/04/13 03:45:48.617,2024-04-13 03:45:48.617000+00:00
2024/04/13, 03:46:48.617,41.373,-70.788,0.45,210.36,8.86,0.12,9.3,9.3,999.1,999.1,0.0,0.0,85.01,78.46,349,342,10.7,11.6,81.9,81.9,10.8,11.7,199.5,192.5,1001.2,1001.2,-6.03,304.07,-0.02,0.0632,7.113,92.1,0.0,1435.563, NAN, NAN, NAN, NAN,,2024/04/13 03:46:48.617,2024-04-13 03:46:48.617000+00:00
2024/04/13, 03:47:48.618,41.373,-70.788,0.4,209.42,14.5,0.14,9.2,9.3,999.3,999.3,0.0,0.0,85.01,78.46,350,345,10.6,9.7,82.0,82.0,10.6,9.7,199.7,194.8,1001.4,1001.4,-6.14,304.09,-0.02,0.0632,7.1065,91.5,0.0,1435.535, NAN, NAN, NAN, NAN,,2024/04/13 03:47:48.618,2024-04-13 03:47:48.618000+00:00
2024/04/13, 03:48:48.618,41.373,-70.788,0.51,209.61,323.69,0.12,9.3,9.3,999.3,999.3,0.0,0.0,85.01,78.46,354,348,11.3,11.8,82.0,82.0,11.3,11.8,203.3,197.3,1001.4,1001.4,-6.05,304.06,-0.02,0.0631,7.0989,92.4,0.0,1435.503, NAN, NAN, NAN, NAN,,2024/04/13 03:48:48.618,2024-04-13 03:48:48.618000+00:00
2024/04/13, 03:49:48.618,41.373,-70.788,0.33,210.02,321.68,0.09,9.3,9.3,999.1,999.3,0.0,0.0,85.01,78.46,359,352,10.2,9.7,81.8,81.8,10.2,9.7,208.8,201.9,1001.2,1001.4,-6.07,303.8,-0.02,0.0632,7.0908,91.2,0.0,1435.469, NAN, NAN, NAN, NAN,,2024/04/13 03:49:48.618,2024-04-13 03:49:48.618000+00:00
2024/04/13, 03:50:48.618,41.373,-70.788,0.4,209.78,352.96,0.15,9.3,9.3,999.2,999.3,0.0,0.0,85.01,78.46,353,350,12.7,12.5,81.6,81.7,12.8,12.6,202.7,199.7,1001.3,1001.4,-6.1,304.19,-0.02,0.0631,7.0867,92.1,0.0,1435.451, NAN, NAN, NAN, NAN,,2024/04/13 03:50:48.618,2024-04-13 03:50:48.618000+00:00
2024/04/13, 03:51:48.618,41.373,-70.788,0.46,209.91,119.89,0.18,9.3,9.3,999.3,999.3,0.0,0.0,85.01,78.46,355,347,10.7,11.4,81.6,81.7,10.7,11.4,205.4,197.3,1001.4,1001.4,-6.09,303.77,-0.02,0.0634,7.0837,91.5,0.0,1435.439, NAN, NAN, NAN, NAN,,2024/04/13 03:51:48.618,2024-04-13 03:51:48.618000+00:00
2024/04/13, 03:52:48.618,41.373,-70.788,0.37,210.2,109.29,0.02,9.2,9.3,999.2,999.2,0.0,0.0,85.01,78.46,354,348,11.0,10.8,81.8,81.8,11.0,10.8,204.2,198.2,1001.3,1001.3,-6.09,303.6,-0.02,0.0633,7.0811,92.1,0.0,1435.427, NAN, NAN, NAN, NAN,,2024/04/13 03:52:48.618,2024-04-13 03:52:48.618000+00:00
2024/04/13, 03:53:48.618,41.373,-70.788,0.35,209.44,144.59,0.13,9.2,9.3,999.3,999.3,0.0,0.0,85.01,78.46,356,350,11.5,11.8,81.8,81.8,11.5,11.8,205.1,199.1,1001.4,1001.4,-6.08,304.02,-0.02,0.0631,7.0764,92.1,0.0,1435.407, NAN, NAN, NAN, NAN,,2024/04/13 03:53:48.618,2024-04-13 03:53:48.618000+00:00
2024/04/13, 03:54:48.618,41.373,-70.788,0.37,209.52,147.11,0.15,9.2,9.2,999.3,999.3,0.0,0.0,85.01,78.46,355,350,11.0,10.9,82.0,82.1,10.9,10.8,204.8,199.8,1001.4,1001.4,-6.11,303.21,-0.02,0.0635,7.0708,92.1,0.0,1435.384, NAN, NAN, NAN, NAN,,2024/04/13 03:54:48.618,2024-04-13 03:54:48.618000+00:00
2024/04/13, 03:55:48.618,41.373,-70.788,0.36,210.48,272.22,0.19,9.2,9.2,999.1,999.2,0.0,0.0,85.01,78.46,354,350,12.0,11.8,82.1,82.1,12.0,11.8,204.0,200.0,1001.2,1001.3,-6.07,303.97,-0.02,0.0631,7.066,91.5,0.0,1435.363, NAN, NAN, NAN, NAN,,2024/04/13 03:55:48.618,2024-04-13 03:55:48.618000+00:00
2024/04/13, 03:56:48.618,41.373,-70.788,0.36,210.03,48.45,0.08,9.2,9.2,999.3,999.3,0.0,0.0,85.01,78.46,351,346,9.7,10.0,82.0,82.0,9.7,10.0,201.3,196.3,1001.4,1001.4,-6.07,303.85,-0.02,0.0633,7.0641,91.8,0.0,1435.355, NAN, NAN, NAN, NAN,,2024/04/13 03:56:48.618,2024-04-13 03:56:48.618000+00:00
2024/04/13, 03:57:48.618,41.373,-70.788,0.38,210.2,31.76,0.1,9.2,9.3,999.2,999.2,0.0,0.0,85.01,78.46,355,349,14.0,13.0,81.8,81.9,14.0,13.0,205.4,199.4,1001.3,1001.3,-6.01,303.89,-0.01,0.0633,7.0634,91.8,0.0,1435.352, NAN, NAN, NAN, NAN,,2024/04/13 03:57:48.618,2024-04-13 03:57:48.618000+00:00
2024/04/13, 03:58:48.618,41.373,-70.788,0.39,210.55,275.0,0.04,9.3,9.3,999.3,999.2,0.0,0.0,85.01,78.46,349,347,10.7,11.4,81.7,81.8,10.7,11.4,199.5,197.5,1001.4,1001.3,-6.09,303.74,-0.02,0.0635,7.0628,91.8,0.0,1435.35, NAN, NAN, NAN, NAN,,2024/04/13 03:58:48.618,2024-04-13 03:58:48.618000+00:00
2024/04/13, 03:59:48.618,41.373,-70.788,0.36,209.94,293.05,0.05,9.3,9.3,999.2,999.3,0.0,0.0,85.01,78.46,352,346,11.2,11.0,81.7,81.8,11.2,11.0,201.9,195.9,1001.3,1001.4,-6.02,304.01,-0.02,0.0632,7.062,90.9,0.0,1435.346, NAN, NAN, NAN, NAN,,2024/04/13 03:59:48.618,2024-04-13 03:59:48.618000+00:00
2024/04/13, 04:00:48.618,41.373,-70.788,0.3,209.31,112.23,0.23,9.2,9.3,999.2,999.3,0.0,0.0,85.01,78.46,0,354,12.4,11.9,81.7,81.8,12.4,11.9,209.8,203.9,1001.3,1001.4,-6.03,304.52,-0.02,0.0632,7.0619,91.5,0.0,1435.345, NAN, NAN, NAN, NAN,,2024/04/13 04:00:48.618,2024-04-13 04:00:48.618000+00:00
2024/04/13, 04:01:48.618,41.373,-70.788,0.35,210.37,155.62,0.06,9.3,9.3,999.2,999.3,0.0,0.0,85.01,78.46,357,349,12.2,11.5,81.6,81.7,12.2,11.5,207.3,199.3,1001.3,1001.4,-6.09,304.48,-0.01,0.0633,7.0615,91.8,0.0,1435.344, NAN, NAN, NAN, NAN,,2024/04/13 04:01:48.618,2024-04-13 04:01:48.618000+00:00
2024/04/13, 04:02:48.619,41.373,-70.788,0.4,211.16,319.64,0.12,9.3,9.3,999.3,999.2,0.0,0.0,85.01,78.46,359,354,12.0,11.9,81.5,81.5,12.0,11.9,210.0,205.0,1001.4,1001.3,-6.04,306.64,-0.02,0.0632,7.0666,91.5,0.0,1435.365, NAN, NAN, NAN, NAN,,2024/04/13 04:02:48.619,2024-04-13 04:02:48.619000+00:00
2024/04/13, 04:03:48.619,41.373,-70.788,0.4,209.9,305.11,0.39,9.3,9.4,999.2,999.3,0.0,0.0,85.01,78.46,355,346,10.5,10.2,81.3,81.5,10.5,10.2,203.8,194.8,1001.3,1001.4,-5.98,305.25,-0.02,0.063,7.0719,92.4,0.0,1435.388, NAN, NAN, NAN, NAN,,2024/04/13 04:03:48.619,2024-04-13 04:03:48.619000+00:00
2024/04/13, 04:04:48.619,41.373,-70.788,0.26,210.37,101.77,0.4,9.4,9.5,999.1,999.1,0.0,0.0,85.01,78.46,359,349,11.4,11.5,80.6,80.6,11.4,11.5,210.4,200.4,1001.2,1001.2,-5.96,304.95,-0.02,0.0636,7.0714,91.2,0.0,1435.386, NAN, NAN, NAN, NAN,,2024/04/13 04:04:48.619,2024-04-13 04:04:48.619000+00:00
2024/04/13, 04:05:48.619,41.373,-70.788,0.35,210.43,293.16,0.07,9.4,9.4,999.1,999.3,0.0,0.0,85.01,78.46,3,349,11.1,10.8,80.5,80.5,11.1,10.8,213.6,199.6,1001.2,1001.4,-5.91,304.92,-0.02,0.0634,7.0737,93.0,0.0,1435.396, NAN, NAN, NAN, NAN,,2024/04/13 04:05:48.619,2024-04-13 04:05:48.619000+00:00
2024/04/13, 04:06:48.619,41.373,-70.788,0.33,210.0,64.13,0.04,9.4,9.4,999.3,999.3,0.0,0.0,85.01,78.46,357,353,12.5,11.4,80.7,80.5,12.5,11.4,207.1,203.1,1001.4,1001.4,-5.92,305.61,-0.02,0.0633,7.0832,91.8,0.0,1435.436, NAN, NAN, NAN, NAN,,2024/04/13 04:06:48.619,2024-04-13 04:06:48.619000+00:00
2024/04/13, 04:07:48.619,41.373,-70.788,0.3,209.4,7.1,0.13,9.4,9.4,999.4,999.3,0.0,0.0,85.01,78.46,355,350,11.8,11.0,80.5,80.7,11.8,11.0,204.7,199.7,1001.5,1001.4,-5.95,305.64,-0.02,0.0632,7.0886,91.8,0.0,1435.459, NAN, NAN, NAN, NAN,,2024/04/13 04:07:48.619,2024-04-13 04:07:48.619000+00:00
2024/04/13, 04:08:48.619,41.373,-70.788,0.3,209.77,132.54,0.25,9.5,9.5,999.2,999.3,0.0,0.0,85.01,78.46,356,347,13.3,12.7,80.4,80.5,13.3,12.7,206.3,197.3,1001.3,1001.4,-5.96,305.87,-0.02,0.0633,7.0915,91.2,0.0,1435.472, NAN, NAN, NAN, NAN,,2024/04/13 04:08:48.619,2024-04-13 04:08:48.619000+00:00
2024/04/13, 04:09:48.619,41.373,-70.788,0.26,209.83,354.45,0.01,9.6,9.6,999.4,999.3,0.0,0.0,85.01,78.46,357,352,12.0,11.6,79.8,79.9,12.0,11.6,206.8,201.9,1001.5,1001.4,-5.75,304.97,-0.02,0.0632,7.091,91.5,0.0,1435.469, NAN, NAN, NAN, NAN,,2024/04/13 04:09:48.619,2024-04-13 04:09:48.619000+00:00
2024/04/13, 04:10:48.619,41.373,-70.788,0.39,209.92,6.97,0.1,9.5,9.5,999.5,999.4,0.0,0.0,85.01,78.46,359,354,11.8,12.3,79.9,79.8,11.8,12.3,209.2,204.2,1001.6,1001.5,-5.89,306.88,-0.02,0.0633,7.0894,92.1,0.0,1435.463, NAN, NAN, NAN, NAN,,2024/04/13 04:10:48.619,2024-04-13 04:10:48.619000+00:00
2024/04/13, 04:11:48.619,41.373,-70.788,0.3,210.86,344.4,0.13,9.5,9.5,999.2,999.3,0.0,0.0,85.01,78.46,348,337,12.5,11.0,80.0,80.0,12.6,11.1,198.7,187.7,1001.3,1001.4,-6.0,305.61,-0.03,0.0631,7.0869,91.2,0.0,1435.452, NAN, NAN, NAN, NAN,,2024/04/13 04:11:48.619,2024-04-13 04:11:48.619000+00:00
2024/04/13, 04:12:48.619,41.373,-70.788,0.29,209.9,175.36,0.05,9.5,9.6,999.3,999.1,0.0,0.0,85.01,78.46,348,344,11.0,11.4,79.7,79.7,11.0,11.4,197.8,193.8,1001.4,1001.2,-6.0,305.45,-0.02,0.0632,7.0847,91.2,0.0,1435.443, NAN, NAN, NAN, NAN,,2024/04/13 04:12:48.619,2024-04-13 04:12:48.619000+00:00
2024/04/13, 04:13:48.619,41.373,-70.788,0.23,209.47,328.71,0.07,9.5,9.6,999.5,999.3,0.0,0.0,85.01,78.46,358,348,11.5,10.8,79.7,79.7,11.5,10.8,207.3,197.3,1001.6,1001.4,-5.9,304.81,-0.02,0.0632,7.0787,91.5,0.0,1435.417, NAN, NAN, NAN, NAN,,2024/04/13 04:13:48.619,2024-04-13 04:13:48.619000+00:00
2024/04/13, 04:14:48.619,41.373,-70.788,0.37,209.43,137.23,0.1,9.5,9.5,999.3,999.1,0.0,0.0,85.01,78.46,352,347,10.5,9.8,79.7,79.9,10.5,9.8,201.2,196.2,1001.4,1001.2,-5.99,304.23,-0.01,0.0631,7.0738,92.4,0.0,1435.396, NAN, NAN, NAN, NAN,,2024/04/13 04:14:48.619,2024-04-13 04:14:48.619000+00:00
2024/04/13, 04:15:48.619,41.373,-70.788,0.29,209.84,243.49,0.24,9.4,9.4,999.5,999.5,0.0,0.0,85.01,78.46,358,351,10.9,10.6,80.3,80.3,10.8,10.5,207.5,200.4,1001.6,1001.6,-6.05,304.62,-0.02,0.0634,7.0699,92.8,0.0,1435.38, NAN, NAN, NAN, NAN,,2024/04/13 04:15:48.619,2024-04-13 04:15:48.619000+00:00
2024/04/13, 04:16:48.619,41.373,-70.788,0.16,210.14,274.07,0.14,9.3,9.4,999.5,999.5,0.0,0.0,85.01,78.46,0,355,11.6,10.6,80.9,80.8,11.6,10.6,209.8,204.8,1001.6,1001.6,-6.14,305.1,-0.02,0.0632,7.0654,91.5,0.0,1435.36, NAN, NAN, NAN, NAN,,2024/04/13 04:16:48.619,2024-04-13 04:16:48.619000+00:00
2024/04/13, 04:17:48.619,41.373,-70.788,0.31,210.85,155.72,0.05,9.3,9.3,999.5,999.3,0.0,0.0,85.01,78.46,353,348,12.0,10.9,81.0,81.1,12.0,10.9,203.9,198.9,1001.6,1001.4,-6.21,306.12,-0.02,0.0631,7.0602,90.6,0.0,1435.338, NAN, NAN, NAN, NAN,,2024/04/13 04:17:48.619,2024-04-13 04:17:48.619000+00:00
2024/04/13, 04:18:48.620,41.373,-70.788,0.26,210.7,173.33,0.1,9.4,9.4,999.2,999.3,0.0,0.0,85.01,78.46,356,346,12.3,12.9,80.8,80.9,12.3,12.9,206.8,196.8,1001.3,1001.4,-6.13,305.14,-0.02,0.0635,7.0561,91.5,0.0,1435.321, NAN, NAN, NAN, NAN,,2024/04/13 04:18:48.620,2024-04-13 04:18:48.620000+00:00
2024/04/13, 04:19:48.620,41.373,-70.788,0.29,208.96,43.07,0.23,9.4,9.4,999.3,999.3,0.0,0.0,85.01,78.46,358,352,10.8,10.5,80.5,80.6,10.9,10.6,206.7,200.7,1001.4,1001.4,-6.07,304.57,-0.02,0.0628,7.0528,91.2,0.0,1435.306, NAN, NAN, NAN, NAN,,2024/04/13 04:19:48.620,2024-04-13 04:19:48.620000+00:00
2024/04/13, 04:20:48.620,41.373,-70.788,0.33,209.49,64.22,0.15,9.4,9.4,999.3,999.3,0.0,0.0,85.01,78.46,355,351,10.8,11.0,80.5,80.5,10.9,11.1,204.7,200.7,1001.4,1001.4,-6.04,304.81,-0.02,0.063,7.0484,91.2,0.0,1435.287, NAN, NAN, NAN, NAN,,2024/04/13 04:20:48.620,2024-04-13 04:20:48.620000+00:00
2024/04/13, 04:21:48.620,41.373,-70.788,0.24,209.8,153.4,0.07,9.4,9.4,999.3,999.5,0.0,0.0,85.01,78.46,354,348,10.1,10.0,80.6,80.6,10.1,10.0,203.8,197.8,1001.4,1001.6,-6.02,305.05,-0.02,0.0631,7.0446,91.8,0.0,1435.271, NAN, NAN, NAN, NAN,,2024/04/13 04:21:48.620,2024-04-13 04:21:48.620000+00:00
2024/04/13, 04:22:48.620,41.373,-70.788,0.25,210.47,324.67,0.02,9.4,9.4,999.3,999.3,0.0,0.0,85.01,78.46,358,353,10.5,9.6,80.6,80.7,10.5,9.6,208.4,203.4,1001.4,1001.4,-6.14,305.33,-0.02,0.0632,7.0424,91.2,0.0,1435.262, NAN, NAN, NAN, NAN,,2024/04/13 04:22:48.620,2024-04-13 04:22:48.620000+00:00
2024/04/13, 04:23:48.620,41.373,-70.788,0.21,209.99,267.4,0.17,9.3,9.4,999.3,999.3,0.0,0.0,85.01,78.46,352,350,10.9,11.2,80.7,80.7,10.8,11.1,201.8,199.8,1001.4,1001.4,-6.13,305.44,-0.02,0.0634,7.0407,91.8,0.0,1435.255, NAN, NAN, NAN, NAN,,2024/04/13 04:23:48.620,2024-04-13 04:23:48.620000+00:00
2024/04/13, 04:24:48.620,41.373,-70.788,0.32,210.32,59.19,0.24,9.4,9.4,999.0,999.3,0.0,0.0,85.01,78.46,353,344,9.3,9.4,80.6,80.7,9.3,9.4,204.0,195.1,1001.1,1001.4,-6.12,305.52,-0.02,0.0633,7.0375,91.8,0.0,1435.241, NAN, NAN, NAN, NAN,,2024/04/13 04:24:48.620,2024-04-13 04:24:48.620000+00:00
2024/04/13, 04:25:48.620,41.373,-70.788,0.06,209.08,227.68,0.04,9.4,9.4,999.3,999.3,0.0,0.0,85.01,78.46,352,347,10.4,10.4,80.6,80.3,10.4,10.4,201.0,196.0,1001.4,1001.4,-6.08,305.75,-0.02,0.0632,7.0347,92.1,0.0,1435.229, NAN, NAN, NAN, NAN,,2024/04/13 04:25:48.620,2024-04-13 04:25:48.620000+00:00
2024/04/13, 04:26:48.620,41.373,-70.788,0.23,210.11,299.63,0.04,9.4,9.5,999.3,999.3,0.0,0.0,85.01,78.46,357,351,10.3,10.1,80.2,79.9,10.3,10.1,207.1,201.1,1001.4,1001.4,-5.94,304.94,-0.02,0.0633,7.0333,91.5,0.0,1435.223, NAN, NAN, NAN, NAN,,2024/04/13 04:26:48.620,2024-04-13 04:26:48.620000+00:00
2024/04/13, 04:27:48.620,41.373,-70.788,0.22,210.45,243.66,0.02,9.5,9.5,999.3,999.3,0.0,0.0,85.01,78.46,351,346,10.3,10.4,79.8,79.9,10.3,10.4,201.5,196.5,1001.4,1001.4,-6.01,305.15,-0.01,0.0633,7.0311,92.1,0.0,1435.214, NAN, NAN, NAN, NAN,,2024/04/13 04:27:48.620,2024-04-13 04:27:48.620000+00:00
2024/04/13, 04:28:48.620,41.373,-70.788,0.26,209.98,281.11,0.2,9.5,9.5,999.3,999.2,0.0,0.0,85.01,78.46,352,351,10.2,9.9,79.8,79.9,10.1,9.8,201.5,200.5,1001.4,1001.3,-6.06,305.47,-0.02,0.0631,7.0299,91.5,0.0,1435.209, NAN, NAN, NAN, NAN,,2024/04/13 04:28:48.620,2024-04-13 04:28:48.620000+00:00
2024/04/13, 04:29:48.620,41.373,-70.788,0.17,210.46,225.82,0.03,9.5,9.5,999.3,999.3,0.0,0.0,85.01,78.46,353,347,9.8,10.3,79.6,79.7,9.8,10.3,203.5,197.5,1001.4,1001.4,-5.97,304.78,-0.02,0.0631,7.0293,91.5,0.0,1435.206, NAN, NAN, NAN, NAN,,2024/04/13 04:29:48.620,2024-04-13 04:29:48.620000+00:00
2024/04/13, 04:30:48.620,41.373,-70.788,0.22,209.99,176.11,0.12,9.5,9.5,999.3,999.3,0.0,0.0,85.01,78.46,354,351,10.0,10.5,79.5,79.6,9.9,10.4,204.1,201.0,1001.4,1001.4,-6.08,304.68,-0.02,0.0632,7.0284,91.8,0.0,1435.202, NAN, NAN, NAN, NAN,,2024/04/13 04:30:48.620,2024-04-13 04:30:48.620000+00:00
2024/04/13, 04:31:48.620,41.373,-70.788,0.07,209.89,140.21,0.23,9.5,9.5,999.3,999.3,0.0,0.0,85.01,78.46,353,343,11.6,10.9,79.5,79.7,11.6,10.8,203.4,193.4,1001.4,1001.4,-5.99,304.17,-0.02,0.0634,7.0269,92.1,0.0,1435.196, NAN, NAN, NAN, NAN,,2024/04/13 04:31:48.620,2024-04-13 04:31:48.620000+00:00
2024/04/13, 04:32:48.620,41.373,-70.788,0.27,209.69,169.02,0.14,9.4,9.5,999.5,999.4,0.0,0.0,85.01,78.46,1,357,10.5,9.5,79.7,79.8,10.4,9.4,210.8,206.8,1001.6,1001.5,-6.09,304.0,-0.02,0.0631,7.0251,91.2,0.0,1435.188, NAN, NAN, NAN, NAN,,2024/04/13 04:32:48.620,2024-04-13 04:32:48.620000+00:00
2024/04/13, 04:33:48.621,41.373,-70.788,0.28,209.86,322.1,0.15,9.3,9.4,999.4,999.3,0.0,0.0,85.01,78.46,351,343,9.8,9.9,80.3,80.3,9.8,9.9,200.5,192.5,1001.5,1001.4,-6.07,305.12,-0.02,0.063,7.0224,92.1,0.0,1435.177, NAN, NAN, NAN, NAN,,2024/04/13 04:33:48.621,2024-04-13 04:33:48.621000+00:00
2024/04/13, 04:34:48.621,41.373,-70.788,0.23,210.14,133.67,0.13,9.4,9.4,999.3,999.4,0.0,0.0,85.01,78.46,6,358,11.5,10.3,80.3,80.5,11.5,10.3,216.5,208.5,1001.4,1001.5,-6.11,305.09,-0.02,0.0631,7.0209,91.2,0.0,1435.17, NAN, NAN, NAN, NAN,,2024/04/13 04:34:48.621,2024-04-13 04:34:48.621000+00:00
2024/04/13, 04:35:48.621,41.373,-70.788,0.16,210.24,245.08,0.12,9.4,9.4,999.4,999.3,0.0,0.0,85.01,78.46,357,355,8.8,8.8,80.4,80.3,8.8,8.8,206.8,204.8,1001.5,1001.4,-6.1,303.79,-0.02,0.063,7.0196,91.2,0.0,1435.165, NAN, NAN, NAN, NAN,,2024/04/13 04:35:48.621,2024-04-13 04:35:48.621000+00:00
2024/04/13, 04:36:48.621,41.373,-70.788,0.13,209.93,51.27,0.15,9.3,9.4,999.3,999.3,0.0,0.0,85.01,78.46,359,350,10.7,10.1,80.3,80.3,10.8,10.1,209.2,200.3,1001.4,1001.4,-6.08,304.43,-0.02,0.063,7.0177,92.1,0.0,1435.156, NAN, NAN, NAN, NAN,,2024/04/13 04:36:48.621,2024-04-13 04:36:48.621000+00:00
2024/04/13, 04:37:48.621,41.373,-70.788,0.16,209.2,326.18,0.09,9.3,9.4,999.3,999.3,0.0,0.0,85.01,78.46,356,346,10.5,10.0,80.4,80.5,10.5,10.0,205.4,195.5,1001.4,1001.4,-6.15,304.55,-0.02,0.0632,7.0161,91.8,0.0,1435.15, NAN, NAN, NAN, NAN,,2024/04/13 04:37:48.621,2024-04-13 04:37:48.621000+00:00
2024/04/13, 04:38:48.621,41.373,-70.788,0.23,210.14,96.37,0.03,9.4,9.4,999.3,999.3,0.0,0.0,85.01,78.46,357,350,11.0,10.5,79.9,80.0,11.0,10.5,207.2,200.2,1001.4,1001.4,-6.12,303.72,-0.02,0.063,7.016,91.5,0.0,1435.149, NAN, NAN, NAN, NAN,,2024/04/13 04:38:48.621,2024-04-13 04:38:48.621000+00:00
2024/04/13, 04:39:48.621,41.373,-70.788,0.2,210.32,169.73,0.03,9.4,9.4,999.3,999.3,0.0,0.0,85.01,78.46,354,347,9.3,8.9,79.8,79.8,9.3,8.9,204.3,197.3,1001.4,1001.4,-6.02,303.86,-0.02,0.0629,7.0151,91.2,0.0,1435.145, NAN, NAN, NAN, NAN,,2024/04/13 04:39:48.621,2024-04-13 04:39:48.621000+00:00
2024/04/13, 04:40:48.621,41.373,-70.788,0.13,209.89,143.59,0.08,9.3,9.4,999.3,999.3,0.0,0.0,85.01,78.46,354,343,11.8,11.0,80.1,80.1,11.8,11.0,204.1,193.1,1001.4,1001.4,-6.15,304.39,-0.02,0.0631,7.0142,90.9,0.0,1435.142, NAN, NAN, NAN, NAN,,2024/04/13 04:40:48.621,2024-04-13 04:40:48.621000+00:00
2024/04/13, 04:41:48.621,41.373,-70.788,0.18,210.1,301.19,0.27,9.3,9.4,999.2,999.3,0.0,0.0,85.01,78.46,1,346,10.6,10.5,80.2,80.2,10.6,10.5,210.4,195.3,1001.3,1001.4,-6.05,304.2,-0.02,0.0629,7.0135,91.2,0.0,1435.138, NAN, NAN, NAN, NAN,,2024/04/13 04:41:48.621,2024-04-13 04:41:48.621000+00:00
2024/04/13, 04:42:48.621,41.373,-70.788,0.14,210.12,218.73,0.18,9.4,9.4,999.3,999.3,0.0,0.0,85.01,78.46,352,346,9.7,9.4,80.1,80.1,9.6,9.3,201.9,195.9,1001.4,1001.4,-6.09,304.61,-0.02,0.0631,7.0133,91.5,0.0,1435.138, NAN, NAN, NAN, NAN,,2024/04/13 04:42:48.621,2024-04-13 04:42:48.621000+00:00
2024/04/13, 04:43:48.621,41.373,-70.788,0.15,209.87,141.22,0.07,9.4,9.4,999.2,999.2,0.0,0.0,85.01,78.46,359,347,10.4,10.6,80.2,80.3,10.4,10.6,208.8,196.8,1001.3,1001.3,-6.12,304.2,-0.02,0.0628,7.0121,91.5,0.0,1435.132, NAN, NAN, NAN, NAN,,2024/04/13 04:43:48.621,2024-04-13 04:43:48.621000+00:00
2024/04/13, 04:44:48.621,41.373,-70.788,0.17,210.8,313.28,0.38,9.4,9.4,999.1,999.2,0.0,0.0,85.01,78.46,359,350,10.7,10.5,79.9,80.0,10.7,10.6,208.8,199.8,1001.2,1001.3,-6.06,304.32,-0.02,0.0626,7.0108,90.9,0.0,1435.126, NAN, NAN, NAN, NAN,,2024/04/13 04:44:48.621,2024-04-13 04:44:48.621000+00:00
2024/04/13, 04:45:48.621,41.373,-70.788,0.17,210.1,131.61,0.21,9.4,9.5,999.2,999.3,0.0,0.0,85.01,78.46,354,350,10.5,10.6,79.6,79.7,10.5,10.6,204.6,200.6,1001.3,1001.4,-5.96,303.68,-0.02,0.0631,7.0104,90.6,0.0,1435.125, NAN, NAN, NAN, NAN,,2024/04/13 04:45:48.621,2024-04-13 04:45:48.621000+00:00
2024/04/13, 04:46:48.621,41.373,-70.788,0.09,209.74,162.57,0.14,9.4,9.4,999.2,999.3,0.0,0.0,85.01,78.46,356,350,10.0,9.7,79.6,79.7,10.0,9.7,206.1,200.1,1001.3,1001.4,-6.08,303.11,-0.02,0.063,7.0103,91.5,0.0,1435.125, NAN, NAN, NAN, NAN,,2024/04/13 04:46:48.621,2024-04-13 04:46:48.621000+00:00
2024/04/13, 04:47:48.621,41.373,-70.788,0.13,209.86,328.07,0.06,9.4,9.4,999.2,999.3,0.0,0.0,85.01,78.46,356,350,10.6,10.2,79.7,79.7,10.6,10.2,206.0,200.0,1001.3,1001.4,-6.2,303.21,-0.02,0.0631,7.0093,92.4,0.0,1435.121, NAN, NAN, NAN, NAN,,2024/04/13 04:47:48.621,2024-04-13 04:47:48.621000+00:00
2024/04/13, 04:48:48.621,41.373,-70.788,0.13,209.87,251.72,0.14,9.4,9.4,999.3,999.1,0.0,0.0,85.01,78.46,350,349,10.8,9.9,79.8,79.7,10.8,9.9,199.5,198.5,1001.4,1001.2,-6.11,303.15,-0.02,0.0628,7.0086,91.2,0.0,1435.117, NAN, NAN, NAN, NAN,,2024/04/13 04:48:48.621,2024-04-13 04:48:48.621000+00:00
2024/04/13, 04:49:48.622,41.373,-70.788,0.07,210.85,309.23,0.24,9.3,9.4,999.1,999.1,0.0,0.0,85.01,78.46,352,344,9.9,9.6,79.9,79.9,9.9,9.7,202.2,194.2,1001.2,1001.2,-6.05,302.59,-0.02,0.0627,7.0083,91.5,0.0,1435.116, NAN, NAN, NAN, NAN,,2024/04/13 04:49:48.622,2024-04-13 04:49:48.622000+00:00
2024/04/13, 04:50:48.622,41.373,-70.788,0.05,209.87,124.5,0.13,9.3,9.3,999.1,999.1,0.0,0.0,85.01,78.46,352,342,10.9,10.3,80.1,80.1,10.9,10.3,202.2,192.2,1001.2,1001.2,-6.18,302.69,-0.02,0.0631,7.0077,91.8,0.0,1435.114, NAN, NAN, NAN, NAN,,2024/04/13 04:50:48.622,2024-04-13 04:50:48.622000+00:00
2024/04/13, 04:51:48.622,41.373,-70.788,0.05,209.52,98.72,0.12,9.3,9.3,999.1,999.1,0.0,0.0,85.01,78.46,348,342,10.2,9.8,80.3,80.3,10.2,9.8,197.9,191.9,1001.2,1001.2,-6.06,302.73,-0.02,0.0631,7.0077,92.4,0.0,1435.114, NAN, NAN, NAN, NAN,,2024/04/13 04:51:48.622,2024-04-13 04:51:48.622000+00:00
2024/04/13, 04:52:48.622,41.373,-70.788,0.1,209.64,4.23,0.06,9.3,9.3,999.3,999.3,0.0,0.0,85.01,78.46,357,350,10.3,10.9,80.3,80.3,10.3,10.9,206.5,199.5,1001.4,1001.4,-6.05,302.62,-0.02,0.0628,7.0086,91.5,0.0,1435.117, NAN, NAN, NAN, NAN,,2024/04/13 04:52:48.622,2024-04-13 04:52:48.622000+00:00
2024/04/13, 04:53:48.622,41.373,-70.788,0.05,210.02,353.98,0.22,9.2,9.2,999.3,999.3,0.0,0.0,85.01,78.46,353,350,9.3,9.3,80.6,80.6,9.3,9.3,203.7,200.7,1001.4,1001.4,-6.19,302.37,-0.02,0.0632,7.009,92.1,0.0,1435.12, NAN, NAN, NAN, NAN,,2024/04/13 04:53:48.622,2024-04-13 04:53:48.622000+00:00
2024/04/13, 04:54:48.622,41.373,-70.788,0.1,209.89,335.82,0.12,9.2,9.2,999.3,999.3,0.0,0.0,85.01,78.46,356,344,10.5,10.0,80.8,80.8,10.6,10.1,205.7,193.8,1001.4,1001.4,-6.22,303.0,-0.02,0.0628,7.0091,91.5,0.0,1435.119, NAN, NAN, NAN, NAN,,2024/04/13 04:54:48.622,2024-04-13 04:54:48.622000+00:00
2024/04/13, 04:55:48.622,41.373,-70.788,0.1,209.08,244.88,0.1,9.2,9.2,999.3,999.3,0.0,0.0,85.01,78.46,350,344,9.1,9.1,80.7,80.8,9.0,9.0,199.1,193.1,1001.4,1001.4,-6.16,302.5,-0.02,0.0631,7.009,91.2,0.0,1435.119, NAN, NAN, NAN, NAN,,2024/04/13 04:55:48.622,2024-04-13 04:55:48.622000+00:00
2024/04/13, 04:56:48.622,41.373,-70.788,0.15,210.84,337.31,0.18,9.2,9.2,999.3,999.3,0.0,0.0,85.01,78.46,348,344,10.3,10.7,80.7,80.7,10.3,10.7,198.4,194.4,1001.4,1001.4,-6.04,302.86,-0.02,0.0626,7.0086,92.4,0.0,1435.117, NAN, NAN, NAN, NAN,,2024/04/13 04:56:48.622,2024-04-13 04:56:48.622000+00:00
2024/04/13, 04:57:48.622,41.373,-70.788,0.05,209.23,347.0,0.36,9.2,9.2,999.3,999.1,0.0,0.0,85.01,78.46,354,346,10.2,11.2,80.8,80.8,10.3,11.4,202.5,194.7,1001.4,1001.2,-6.21,302.17,-0.02,0.0622,7.0086,91.8,0.0,1435.117, NAN, NAN, NAN, NAN,,2024/04/13 04:57:48.622,2024-04-13 04:57:48.622000+00:00
2024/04/13, 04:58:48.622,41.373,-70.788,0.09,210.7,256.42,0.38,9.1,9.2,999.3,999.1,0.0,0.0,85.01,78.46,349,343,10.2,11.6,81.0,81.0,10.1,11.6,198.7,192.8,1001.4,1001.2,-6.12,303.01,-0.02,0.0627,7.0076,91.2,0.0,1435.113, NAN, NAN, NAN, NAN,,2024/04/13 04:58:48.622,2024-04-13 04:58:48.622000+00:00
2024/04/13, 04:59:48.622,41.373,-70.788,0.0,209.37,222.75,0.18,9.2,9.2,999.1,999.3,0.0,0.0,85.01,78.46,359,344,9.9,9.7,80.9,81.0,9.8,9.7,208.0,192.9,1001.2,1001.4,-6.18,302.63,-0.02,0.0627,7.006,91.5,0.0,1435.106, NAN, NAN, NAN, NAN,,2024/04/13 04:59:48.622,2024-04-13 04:59:48.622000+00:00
2024/04/13, 05:00:48.622,41.373,-70.788,0.03,209.64,342.91,0.17,9.2,9.2,999.3,999.3,0.0,0.0,85.01,78.46,357,351,10.7,9.6,80.8,80.9,10.7,9.7,206.2,200.2,1001.4,1001.4,-6.17,302.46,-0.02,0.0625,7.005,91.5,0.0,1435.102, NAN, NAN, NAN, NAN,,2024/04/13 05:00:48.622,2024-04-13 05:00:48.622000+00:00
2024/04/13, 05:01:48.622,41.373,-70.788,0.07,210.46,354.51,0.12,9.1,9.2,999.3,999.2,0.0,0.0,85.01,78.46,350,345,10.5,10.3,81.1,81.1,10.5,10.3,200.2,195.2,1001.4,1001.3,-6.12,302.59,-0.01,0.0628,7.0047,91.5,0.0,1435.101, NAN, NAN, NAN, NAN,,2024/04/13 05:01:48.622,2024-04-13 05:01:48.622000+00:00
2024/04/13, 05:02:48.622,41.373,-70.788,0.03,210.01,76.11,0.28,9.2,9.2,999.1,999.3,0.0,0.0,85.01,78.46,351,348,11.1,10.8,80.9,80.9,11.2,10.9,201.7,198.7,1001.2,1001.4,-5.99,302.71,-0.02,0.0627,7.0053,90.6,0.0,1435.103, NAN, NAN, NAN, NAN,,2024/04/13 05:02:48.622,2024-04-13 05:02:48.622000+00:00
2024/04/13, 05:03:48.622,41.373,-70.788,-0.03,210.23,150.06,0.05,9.2,9.2,999.5,999.3,0.0,0.0,85.01,78.46,352,344,11.0,10.3,81.0,81.0,11.0,10.3,202.3,194.3,1001.6,1001.4,-6.11,302.77,-0.02,0.0627,7.0051,92.4,0.0,1435.102, NAN, NAN, NAN, NAN,,2024/04/13 05:03:48.622,2024-04-13 05:03:48.622000+00:00
2024/04/13, 05:04:48.623,41.373,-70.788,-0.01,209.74,299.43,0.23,9.1,9.2,999.3,999.4,0.0,0.0,85.01,78.46,359,349,10.0,9.5,81.1,81.1,10.0,9.5,208.1,198.0,1001.4,1001.5,-6.12,302.09,-0.02,0.0625,7.0047,91.2,0.0,1435.1, NAN, NAN, NAN, NAN,,2024/04/13 05:04:48.623,2024-04-13 05:04:48.623000+00:00
2024/04/13, 05:05:48.623,41.373,-70.788,-0.05,210.03,113.17,0.1,9.1,9.1,999.3,999.3,0.0,0.0,85.01,78.46,357,344,9.8,9.6,81.3,81.3,9.8,9.6,207.3,194.3,1001.4,1001.4,-6.18,302.71,-0.02,0.0628,7.0038,92.4,0.0,1435.097, NAN, NAN, NAN, NAN,,2024/04/13 05:05:48.623,2024-04-13 05:05:48.623000+00:00
2024/04/13, 05:06:48.623,41.373,-70.788,0.07,210.0,148.89,0.05,9.1,9.1,999.3,999.3,0.0,0.0,85.01,78.46,356,350,9.7,9.3,81.4,81.4,9.7,9.3,205.9,199.9,1001.4,1001.4,-6.05,302.38,-0.02,0.0627,7.0032,91.2,0.0,1435.094, NAN, NAN, NAN, NAN,,2024/04/13 05:06:48.623,2024-04-13 05:06:48.623000+00:00
2024/04/13, 05:07:48.623,41.373,-70.788,0.0,209.37,300.01,0.3,9.1,9.1,999.3,999.3,0.0,0.0,85.01,78.46,358,350,11.0,10.5,81.4,81.4,11.0,10.5,206.6,198.5,1001.4,1001.4,-6.14,302.73,-0.01,0.0624,7.0036,91.5,0.0,1435.095, NAN, NAN, NAN, NAN,,2024/04/13 05:07:48.623,2024-04-13 05:07:48.623000+00:00
2024/04/13, 05:08:48.623,41.373,-70.788,0.01,210.17,142.0,0.03,9.1,9.1,999.3,999.3,0.0,0.0,85.01,78.46,354,346,10.4,10.0,81.7,81.7,10.4,10.0,204.2,196.2,1001.4,1001.4,-6.17,302.58,-0.02,0.0625,7.0031,91.5,0.0,1435.093, NAN, NAN, NAN, NAN,,2024/04/13 05:08:48.623,2024-04-13 05:08:48.623000+00:00
2024/04/13, 05:09:48.623,41.373,-70.788,-0.03,209.78,321.56,0.04,9.1,9.1,999.1,999.1,0.0,0.0,85.01,78.46,353,341,9.7,9.3,81.7,81.8,9.7,9.3,202.9,190.9,1001.2,1001.2,-6.14,302.58,-0.02,0.0627,7.0032,91.5,0.0,1435.094, NAN, NAN, NAN, NAN,,2024/04/13 05:09:48.623,2024-04-13 05:09:48.623000+00:00
2024/04/13, 05:10:48.623,41.373,-70.788,0.02,210.34,333.42,0.14,9.1,9.1,999.3,999.3,0.0,0.0,85.01,78.46,352,340,8.5,7.9,81.8,81.8,8.5,8.0,202.0,190.0,1001.4,1001.4,-6.19,302.96,-0.02,0.0626,7.003,91.2,0.0,1435.093, NAN, NAN, NAN, NAN,,2024/04/13 05:10:48.623,2024-04-13 05:10:48.623000+00:00
2024/04/13, 05:11:48.623,41.373,-70.788,-0.08,210.38,297.61,0.08,9.1,9.1,999.3,999.3,0.0,0.0,85.01,78.46,353,347,10.4,11.0,82.0,82.0,10.4,11.0,203.2,197.2,1001.4,1001.4,-6.12,302.49,-0.02,0.0626,7.0021,91.2,0.0,1435.089, NAN, NAN, NAN, NAN,,2024/04/13 05:11:48.623,2024-04-13 05:11:48.623000+00:00
2024/04/13, 05:12:48.623,41.373,-70.788,-0.07,210.43,299.31,0.22,9.1,9.1,999.2,999.3,0.0,0.0,85.01,78.46,352,343,11.5,11.2,81.9,82.0,11.5,11.2,201.9,192.9,1001.3,1001.4,-6.19,303.27,-0.01,0.0625,7.0019,92.4,0.0,1435.088, NAN, NAN, NAN, NAN,,2024/04/13 05:12:48.623,2024-04-13 05:12:48.623000+00:00
2024/04/13, 05:13:48.623,41.373,-70.788,-0.03,209.91,344.2,0.11,9.1,9.1,999.1,999.2,0.0,0.0,85.01,78.46,352,343,9.3,9.5,82.0,82.1,9.4,9.6,201.9,192.9,1001.2,1001.3,-6.05,302.64,-0.02,0.0624,7.0024,92.1,0.0,1435.09, NAN, NAN, NAN, NAN,,2024/04/13 05:13:48.623,2024-04-13 05:13:48.623000+00:00
2024/04/13, 05:14:48.623,41.373,-70.788,0.05,209.26,153.89,0.25,9.1,9.1,999.2,999.3,0.0,0.0,85.01,78.46,353,347,10.5,11.5,82.0,82.0,10.4,11.4,202.7,196.6,1001.3,1001.4,-5.96,303.22,-0.02,0.0628,7.0028,91.5,0.0,1435.093, NAN, NAN, NAN, NAN,,2024/04/13 05:14:48.623,2024-04-13 05:14:48.623000+00:00
2024/04/13, 05:15:48.623,41.373,-70.788,0.01,210.17,7.6,0.17,9.1,9.1,999.3,999.3,0.0,0.0,85.01,78.46,352,346,10.0,9.7,82.4,82.5,10.1,9.8,202.0,196.0,1001.4,1001.4,-6.09,302.89,-0.02,0.0623,7.0029,92.4,0.0,1435.092, NAN, NAN, NAN, NAN,,2024/04/13 05:15:48.623,2024-04-13 05:15:48.623000+00:00
2024/04/13, 05:16:48.623,41.373,-70.788,-0.1,210.57,301.93,0.41,9.1,9.1,999.1,999.3,0.0,0.0,85.01,78.46,351,341,10.2,10.3,82.0,82.1,10.2,10.3,200.4,190.4,1001.2,1001.4,-6.15,303.39,-0.02,0.0624,7.0037,91.8,0.0,1435.096, NAN, NAN, NAN, NAN,,2024/04/13 05:16:48.623,2024-04-13 05:16:48.623000+00:00
2024/04/13, 05:17:48.623,41.373,-70.788,0.04,210.2,292.13,0.25,9.1,9.1,999.2,999.1,0.0,0.0,85.01,78.46,351,348,11.1,11.8,82.1,82.2,11.1,11.8,200.5,197.6,1001.3,1001.2,-6.0,302.98,-0.02,0.0624,7.0046,91.8,0.0,1435.1, NAN, NAN, NAN, NAN,,2024/04/13 05:17:48.623,2024-04-13 05:17:48.623000+00:00
2024/04/13, 05:18:48.623,41.373,-70.788,0.07,210.4,37.74,0.08,9.2,9.2,999.3,999.2,0.0,0.0,85.01,78.46,349,344,10.0,10.5,81.9,82.1,10.0,10.5,199.6,194.6,1001.4,1001.3,-6.02,302.86,-0.02,0.0626,7.0039,91.5,0.0,1435.097, NAN, NAN, NAN, NAN,,2024/04/13 05:18:48.623,2024-04-13 05:18:48.623000+00:00
2024/04/13, 05:19:48.623,41.373,-70.788,-0.04,209.46,346.83,0.2,9.1,9.2,999.1,999.3,0.0,0.0,85.01,78.46,351,345,10.5,10.2,81.9,81.8,10.6,10.3,200.2,194.3,1001.2,1001.4,-6.05,302.76,-0.01,0.0623,7.0035,91.8,0.0,1435.095, NAN, NAN, NAN, NAN,,2024/04/13 05:19:48.623,2024-04-13 05:19:48.623000+00:00
2024/04/13, 05:20:48.624,41.373,-70.788,-0.06,210.43,293.78,0.27,9.1,9.2,999.2,999.3,0.0,0.0,85.01,78.46,348,341,10.0,10.7,82.0,82.0,10.0,10.7,197.7,190.7,1001.3,1001.4,-5.99,302.62,-0.02,0.0625,7.0026,90.9,0.0,1435.091, NAN, NAN, NAN, NAN,,2024/04/13 05:20:48.624,2024-04-13 05:20:48.624000+00:00
2024/04/13, 05:21:48.624,41.373,-70.788,-0.03,209.38,218.95,0.09,9.1,9.2,999.1,999.1,0.0,0.0,85.01,78.46,352,342,10.6,11.5,82.2,82.0,10.6,11.5,201.2,191.2,1001.2,1001.2,-6.05,302.71,-0.02,0.0624,7.0029,91.5,0.0,1435.092, NAN, NAN, NAN, NAN,,2024/04/13 05:21:48.624,2024-04-13 05:21:48.624000+00:00
2024/04/13, 05:22:48.624,41.373,-70.788,-0.08,209.95,9.49,0.07,9.1,9.2,999.1,999.1,0.0,0.0,85.01,78.46,353,342,10.7,10.5,82.2,82.2,10.7,10.5,202.8,191.8,1001.2,1001.2,-6.07,303.08,-0.02,0.0623,7.0037,92.1,0.0,1435.096, NAN, NAN, NAN, NAN,,2024/04/13 05:22:48.624,2024-04-13 05:22:48.624000+00:00
2024/04/13, 05:23:48.624,41.373,-70.788,-0.16,211.11,260.92,0.07,9.1,9.2,999.1,999.2,0.0,0.0,85.01,78.46,346,338,10.0,9.9,82.3,82.2,10.0,9.9,197.1,189.1,1001.2,1001.3,-5.98,302.34,-0.02,0.0625,7.0044,91.2,0.0,1435.099, NAN, NAN, NAN, NAN,,2024/04/13 05:23:48.624,2024-04-13 05:23:48.624000+00:00
2024/04/13, 05:24:48.624,41.373,-70.788,0.0,209.56,287.37,0.24,9.1,9.1,999.2,998.9,0.0,0.0,85.01,78.46,346,343,9.9,10.9,82.3,82.3,9.9,10.9,194.9,192.0,1001.3,1001.0,-6.08,302.74,-0.01,0.0621,7.0051,91.5,0.0,1435.101, NAN, NAN, NAN, NAN,,2024/04/13 05:24:48.624,2024-04-13 05:24:48.624000+00:00
2024/04/13, 05:25:48.624,41.373,-70.788,-0.09,210.32,164.48,0.14,9.1,9.1,999.1,999.1,0.0,0.0,85.01,78.46,352,342,11.9,11.2,82.6,82.6,11.9,11.2,202.7,192.7,1001.2,1001.2,-5.93,303.42,-0.02,0.0626,7.0058,90.3,0.0,1435.105, NAN, NAN, NAN, NAN,,2024/04/13 05:25:48.624,2024-04-13 05:25:48.624000+00:00
2024/04/13, 05:26:48.624,41.373,-70.788,-0.06,209.71,137.9,0.16,9.1,9.1,999.1,999.1,0.0,0.0,85.01,78.46,353,345,10.9,11.6,82.7,82.7,10.9,11.6,203.1,195.1,1001.2,1001.2,-6.06,303.54,-0.02,0.0624,7.0073,92.1,0.0,1435.111, NAN, NAN, NAN, NAN,,2024/04/13 05:26:48.624,2024-04-13 05:26:48.624000+00:00
2024/04/13, 05:27:48.624,41.373,-70.788,-0.07,210.38,347.3,0.1,9.1,9.2,999.2,999.3,0.0,0.0,85.01,78.46,350,340,9.7,10.1,82.6,82.6,9.7,10.1,200.5,190.5,1001.3,1001.4,-6.02,302.83,-0.02,0.0622,7.0084,91.5,0.0,1435.116, NAN, NAN, NAN, NAN,,2024/04/13 05:27:48.624,2024-04-13 05:27:48.624000+00:00
2024/04/13, 05:28:48.624,41.373,-70.788,0.18,209.89,311.45,0.11,9.1,9.2,999.2,999.1,0.0,0.0,85.01,78.46,353,346,9.7,9.2,82.5,82.5,9.7,9.2,202.6,195.6,1001.3,1001.2,-6.13,303.92,-0.02,0.0625,7.0086,92.4,0.0,1435.117, NAN, NAN, NAN, NAN,,2024/04/13 05:28:48.624,2024-04-13 05:28:48.624000+00:00
2024/04/13, 05:29:48.624,41.373,-70.788,-0.16,209.84,280.66,0.13,9.1,9.2,999.1,999.1,0.0,0.0,85.01,78.46,355,347,9.7,9.9,82.5,82.6,9.6,9.9,204.6,196.6,1001.2,1001.2,-6.08,303.28,-0.02,0.0624,7.0082,91.2,0.0,1435.115, NAN, NAN, NAN, NAN,,2024/04/13 05:29:48.624,2024-04-13 05:29:48.624000+00:00
2024/04/13, 05:30:48.624,41.373,-70.788,-0.1,209.62,317.18,0.16,9.1,9.2,999.2,999.0,0.0,0.0,85.01,78.46,350,347,10.5,11.6,82.4,82.5,10.5,11.6,199.2,196.2,1001.3,1001.1,-6.06,303.43,-0.02,0.0622,7.0071,91.2,0.0,1435.11, NAN, NAN, NAN, NAN,,2024/04/13 05:30:48.624,2024-04-13 05:30:48.624000+00:00
2024/04/13, 05:31:48.624,41.373,-70.788,-0.12,211.09,295.1,0.19,9.1,9.2,999.0,998.9,0.0,0.0,85.01,78.46,350,342,10.4,10.3,82.4,82.5,10.4,10.3,200.6,192.5,1001.1,1001.0,-6.13,304.3,-0.02,0.0621,7.0079,91.2,0.0,1435.113, NAN, NAN, NAN, NAN,,2024/04/13 05:31:48.624,2024-04-13 05:31:48.624000+00:00
2024/04/13, 05:32:48.624,41.373,-70.788,-0.26,209.4,85.8,0.26,9.2,9.2,999.0,998.9,0.0,0.0,85.01,78.46,347,338,10.4,10.4,82.4,82.5,10.4,10.4,197.1,188.1,1001.1,1001.0,-6.03,303.98,-0.02,0.0625,7.0083,91.2,0.0,1435.116, NAN, NAN, NAN, NAN,,2024/04/13 05:32:48.624,2024-04-13 05:32:48.624000+00:00
2024/04/13, 05:33:48.624,41.373,-70.788,-0.18,209.77,219.61,0.19,9.2,9.2,998.9,999.0,0.0,0.0,85.01,78.46,348,338,9.6,10.0,82.2,82.5,9.6,10.0,197.2,187.2,1001.0,1001.1,-6.07,303.9,-0.02,0.0621,7.0065,90.9,0.0,1435.107, NAN, NAN, NAN, NAN,,2024/04/13 05:33:48.624,2024-04-13 05:33:48.624000+00:00
2024/04/13, 05:34:48.624,41.373,-70.788,-0.06,210.05,2.65,0.11,9.3,9.3,999.1,998.8,0.0,0.0,85.01,78.46,350,340,11.3,10.3,81.9,81.9,11.4,10.4,200.1,190.1,1001.2,1000.9,-5.87,304.46,-0.02,0.0622,7.0051,92.1,0.0,1435.102, NAN, NAN, NAN, NAN,,2024/04/13 05:34:48.624,2024-04-13 05:34:48.624000+00:00
2024/04/13, 05:35:48.624,41.373,-70.788,-0.08,210.8,323.52,0.06,9.3,9.3,999.0,998.9,0.0,0.0,85.01,78.46,354,341,10.8,10.4,82.0,82.0,10.8,10.4,204.7,191.7,1001.1,1001.0,-5.9,304.46,-0.01,0.0623,7.0037,92.4,0.0,1435.096, NAN, NAN, NAN, NAN,,2024/04/13 05:35:48.624,2024-04-13 05:35:48.624000+00:00
2024/04/13, 05:36:48.625,41.373,-70.788,-0.16,209.86,93.42,0.24,9.3,9.3,999.0,998.9,0.0,0.0,85.01,78.46,351,342,9.3,9.5,81.9,81.9,9.3,9.5,201.6,192.6,1001.1,1001.0,-5.92,304.72,-0.02,0.0623,7.0028,91.2,0.0,1435.092, NAN, NAN, NAN, NAN,,2024/04/13 05:36:48.625,2024-04-13 05:36:48.625000+00:00
2024/04/13, 05:37:48.625,41.373,-70.788,-0.15,210.67,16.9,0.09,9.3,9.3,999.0,999.0,0.0,0.0,85.01,78.46,351,343,10.7,11.0,82.0,82.0,10.7,11.0,201.9,193.9,1001.1,1001.1,-6.06,306.0,-0.02,0.0624,7.0002,90.9,0.0,1435.081, NAN, NAN, NAN, NAN,,2024/04/13 05:37:48.625,2024-04-13 05:37:48.625000+00:00
2024/04/13, 05:38:48.625,41.373,-70.788,-0.16,210.19,319.77,0.05,9.3,9.3,999.0,999.0,0.0,0.0,85.01,78.46,349,344,10.6,10.1,81.9,81.9,10.6,10.1,199.1,194.1,1001.1,1001.1,-6.02,307.13,-0.02,0.0621,6.998,90.9,0.0,1435.071, NAN, NAN, NAN, NAN,,2024/04/13 05:38:48.625,2024-04-13 05:38:48.625000+00:00
2024/04/13, 05:39:48.625,41.373,-70.788,-0.08,209.55,75.21,0.34,9.3,9.3,999.1,998.9,0.0,0.0,85.01,78.46,348,348,10.9,11.3,81.8,81.8,10.9,11.3,198.5,198.4,1001.2,1001.0,-5.95,309.17,-0.02,0.0624,6.9977,91.5,0.0,1435.07, NAN, NAN, NAN, NAN,,2024/04/13 05:39:48.625,2024-04-13 05:39:48.625000+00:00
2024/04/13, 05:40:48.625,41.373,-70.788,-0.1,209.52,323.29,0.12,9.4,9.4,999.0,999.0,0.0,0.0,85.01,78.46,354,346,10.6,10.8,81.6,81.8,10.6,10.8,203.2,195.3,1001.1,1001.1,-5.94,310.39,-0.02,0.0621,6.9976,90.9,0.0,1435.069, NAN, NAN, NAN, NAN,,2024/04/13 05:40:48.625,2024-04-13 05:40:48.625000+00:00
2024/04/13, 05:41:48.625,41.373,-70.788,-0.01,210.1,286.64,0.18,9.4,9.4,999.1,999.0,0.0,0.0,85.01,78.46,350,342,10.9,11.1,81.1,81.2,10.9,11.1,199.6,191.6,1001.2,1001.1,-5.78,311.19,-0.02,0.062,6.9977,90.6,0.0,1435.07, NAN, NAN, NAN, NAN,,2024/04/13 05:41:48.625,2024-04-13 05:41:48.625000+00:00
2024/04/13, 05:42:48.625,41.373,-70.788,-0.1,209.3,103.95,0.1,9.4,9.4,998.9,998.9,0.0,0.0,85.01,78.46,353,347,9.9,10.0,81.1,81.1,9.9,10.0,202.6,196.6,1001.0,1001.0,-5.86,311.95,-0.03,0.0621,6.9973,90.9,0.0,1435.068, NAN, NAN, NAN, NAN,,2024/04/13 05:42:48.625,2024-04-13 05:42:48.625000+00:00
2024/04/13, 05:43:48.625,41.373,-70.788,-0.17,209.48,128.56,0.21,9.4,9.4,999.1,998.9,0.0,0.0,85.01,78.46,357,347,9.6,9.7,81.3,81.4,9.6,9.7,207.1,197.1,1001.2,1001.0,-5.92,310.38,-0.02,0.0622,6.9958,91.8,0.0,1435.062, NAN, NAN, NAN, NAN,,2024/04/13 05:43:48.625,2024-04-13 05:43:48.625000+00:00
2024/04/13, 05:44:48.625,41.373,-70.788,-0.09,210.83,263.6,0.14,9.5,9.5,999.0,999.0,0.0,0.0,85.01,78.46,349,342,8.4,9.1,80.8,81.0,8.4,9.1,199.4,192.4,1001.1,1001.1,-5.91,308.83,-0.02,0.0621,6.9909,91.2,0.0,1435.041, NAN, NAN, NAN, NAN,,2024/04/13 05:44:48.625,2024-04-13 05:44:48.625000+00:00
2024/04/13, 05:45:48.625,41.373,-70.788,-0.1,209.72,14.54,0.1,9.5,9.5,999.0,998.8,0.0,0.0,85.01,78.46,351,346,7.8,8.4,80.8,80.7,7.8,8.4,201.0,196.0,1001.1,1000.9,-5.97,308.41,-0.02,0.0623,6.9846,91.2,0.0,1435.014, NAN, NAN, NAN, NAN,,2024/04/13 05:45:48.625,2024-04-13 05:45:48.625000+00:00
2024/04/13, 05:46:48.625,41.373,-70.788,-0.11,209.62,138.2,0.11,9.5,9.5,999.0,998.9,0.0,0.0,85.01,78.46,349,342,9.1,9.4,80.8,80.9,9.1,9.4,199.0,192.0,1001.1,1001.0,-5.99,309.24,-0.02,0.0619,6.9812,91.2,0.0,1434.999, NAN, NAN, NAN, NAN,,2024/04/13 05:46:48.625,2024-04-13 05:46:48.625000+00:00
2024/04/13, 05:47:48.625,41.373,-70.788,-0.12,208.99,129.99,0.07,9.4,9.5,998.9,998.8,0.0,0.0,85.01,78.46,343,340,9.0,9.0,80.9,80.9,9.0,9.0,192.2,189.2,1001.0,1000.9,-6.03,311.7,-0.02,0.0621,6.98,91.2,0.0,1434.994, NAN, NAN, NAN, NAN,,2024/04/13 05:47:48.625,2024-04-13 05:47:48.625000+00:00
2024/04/13, 05:48:48.625,41.373,-70.788,-0.1,210.21,134.25,0.09,9.4,9.5,999.0,998.9,0.0,0.0,85.01,78.46,339,335,9.8,9.0,81.0,81.0,9.8,9.0,189.5,185.5,1001.1,1001.0,-6.06,316.17,-0.02,0.062,6.9732,91.2,0.0,1434.965, NAN, NAN, NAN, NAN,,2024/04/13 05:48:48.625,2024-04-13 05:48:48.625000+00:00
2024/04/13, 05:49:48.625,41.373,-70.788,-0.1,209.25,20.98,0.09,9.4,9.4,998.9,998.8,0.0,0.0,85.01,78.46,343,339,9.4,11.0,81.1,81.1,9.4,11.0,192.2,188.3,1001.0,1000.9,-5.88,322.92,-0.02,0.0619,6.9696,90.9,0.0,1434.95, NAN, NAN, NAN, NAN,,2024/04/13 05:49:48.625,2024-04-13 05:49:48.625000+00:00
2024/04/13, 05:50:48.625,41.373,-70.788,-0.2,209.77,130.36,0.17,9.4,9.4,998.8,998.8,0.0,0.0,85.01,78.46,347,336,8.7,8.7,81.1,81.2,8.7,8.7,197.3,186.3,1000.9,1000.9,-5.87,329.07,-0.02,0.0622,6.9663,91.5,0.0,1434.936, NAN, NAN, NAN, NAN,,2024/04/13 05:50:48.625,2024-04-13 05:50:48.625000+00:00
2024/04/13, 05:51:48.626,41.373,-70.788,-0.12,208.97,115.44,0.09,9.4,9.4,998.7,998.7,0.0,0.0,85.01,78.46,346,337,9.3,9.4,81.3,81.3,9.3,9.4,195.2,186.3,1000.8,1000.8,-5.66,335.87,-0.02,0.062,6.964,91.2,0.0,1434.926, NAN, NAN, NAN, NAN,,2024/04/13 05:51:48.626,2024-04-13 05:51:48.626000+00:00
2024/04/13, 05:52:48.626,41.373,-70.788,-0.13,209.25,41.98,0.1,9.3,9.4,998.8,998.7,0.0,0.0,85.01,78.46,343,336,8.6,8.7,81.4,81.5,8.6,8.7,192.5,185.5,1000.9,1000.8,-5.6,341.74,-0.02,0.0617,6.9632,91.2,0.0,1434.922, NAN, NAN, NAN, NAN,,2024/04/13 05:52:48.626,2024-04-13 05:52:48.626000+00:00
2024/04/13, 05:53:48.626,41.373,-70.788,-0.02,209.31,335.55,0.09,9.3,9.3,998.8,998.7,0.0,0.0,85.01,78.46,345,341,9.2,9.3,81.7,81.6,9.2,9.3,194.6,190.6,1000.9,1000.8,-5.52,347.37,-0.02,0.0621,6.9642,90.9,0.0,1434.927, NAN, NAN, NAN, NAN,,2024/04/13 05:53:48.626,2024-04-13 05:53:48.626000+00:00
2024/04/13, 05:54:48.626,41.373,-70.788,-0.14,210.19,321.32,0.04,9.2,9.3,998.9,998.8,0.0,0.0,85.01,78.46,340,333,10.0,10.7,82.0,82.0,10.0,10.7,190.1,183.1,1001.0,1000.9,-5.52,350.64,-0.02,0.0618,6.9647,91.5,0.0,1434.928, NAN, NAN, NAN, NAN,,2024/04/13 05:54:48.626,2024-04-13 05:54:48.626000+00:00
2024/04/13, 05:55:48.626,41.373,-70.788,-0.13,210.2,322.4,0.04,9.3,9.3,998.7,998.6,0.0,0.0,85.01,78.46,340,332,9.2,10.5,82.0,82.0,9.2,10.5,190.3,182.3,1000.8,1000.7,-5.46,352.28,-0.02,0.0621,6.9665,91.2,0.0,1434.937, NAN, NAN, NAN, NAN,,2024/04/13 05:55:48.626,2024-04-13 05:55:48.626000+00:00
2024/04/13, 05:56:48.626,41.373,-70.788,-0.15,209.91,302.41,0.06,9.2,9.3,998.7,998.6,0.0,0.0,85.01,78.46,343,338,9.5,9.9,81.9,82.0,9.5,9.9,192.7,187.7,1000.8,1000.7,-5.37,353.66,-0.02,0.062,6.9676,91.8,0.0,1434.941, NAN, NAN, NAN, NAN,,2024/04/13 05:56:48.626,2024-04-13 05:56:48.626000+00:00
2024/04/13, 05:57:48.626,41.373,-70.788,-0.16,209.66,103.67,0.15,9.2,9.2,998.7,998.5,0.0,0.0,85.01,78.46,334,330,9.6,11.5,82.0,82.0,9.6,11.5,184.1,180.0,1000.8,1000.6,-5.4,354.06,-0.02,0.0618,6.9683,90.9,0.0,1434.944, NAN, NAN, NAN, NAN,,2024/04/13 05:57:48.626,2024-04-13 05:57:48.626000+00:00
2024/04/13, 05:58:48.626,41.373,-70.788,-0.11,209.89,81.79,0.13,9.2,9.3,998.8,998.5,0.0,0.0,85.01,78.46,339,335,9.3,10.1,82.0,82.1,9.4,10.2,188.9,184.9,1000.9,1000.6,-5.44,353.19,-0.01,0.0614,6.9687,91.2,0.0,1434.945, NAN, NAN, NAN, NAN,,2024/04/13 05:58:48.626,2024-04-13 05:58:48.626000+00:00
2024/04/13, 05:59:48.626,41.373,-70.788,-0.18,209.22,131.6,0.02,9.2,9.3,998.7,998.7,0.0,0.0,85.01,78.46,341,334,9.9,9.5,82.1,82.0,9.9,9.5,190.2,183.2,1000.8,1000.8,-5.4,353.71,-0.02,0.0617,6.969,90.6,0.0,1434.947, NAN, NAN, NAN, NAN,,2024/04/13 05:59:48.626,2024-04-13 05:59:48.626000+00:00
2024/04/13, 06:00:48.626,41.373,-70.788,-0.31,209.87,138.89,0.11,9.3,9.3,998.5,998.5,0.0,0.0,85.01,78.46,343,332,9.6,10.9,82.1,82.1,9.6,10.9,193.2,182.1,1000.6,1000.6,-5.38,353.56,-0.02,0.0619,6.97,91.2,0.0,1434.951, NAN, NAN, NAN, NAN,,2024/04/13 06:00:48.626,2024-04-13 06:00:48.626000+00:00
2024/04/13, 06:01:48.626,41.373,-70.788,-0.04,210.09,215.64,0.15,9.3,9.3,998.7,998.7,0.0,0.0,85.01,78.46,339,337,10.2,11.5,81.9,81.9,10.2,11.5,188.7,186.7,1000.8,1000.8,-5.3,354.32,-0.02,0.0617,6.9704,92.4,0.0,1434.953, NAN, NAN, NAN, NAN,,2024/04/13 06:01:48.626,2024-04-13 06:01:48.626000+00:00
2024/04/13, 06:02:48.626,41.373,-70.788,-0.24,209.99,48.6,0.13,9.3,9.3,998.7,998.5,0.0,0.0,85.01,78.46,332,331,8.8,10.8,81.8,81.9,8.9,10.9,182.2,181.1,1000.8,1000.6,-5.34,353.36,-0.02,0.0616,6.9716,91.5,0.0,1434.958, NAN, NAN, NAN, NAN,,2024/04/13 06:02:48.626,2024-04-13 06:02:48.626000+00:00
2024/04/13, 06:03:48.626,41.373,-70.788,-0.11,209.49,146.9,0.02,9.3,9.3,998.7,998.5,0.0,0.0,85.01,78.46,337,332,9.5,11.6,81.7,81.8,9.5,11.6,186.4,181.4,1000.8,1000.6,-5.29,352.05,-0.02,0.0616,6.9718,91.5,0.0,1434.959, NAN, NAN, NAN, NAN,,2024/04/13 06:03:48.626,2024-04-13 06:03:48.626000+00:00
2024/04/13, 06:04:48.626,41.373,-70.788,-0.12,210.11,276.25,0.23,9.3,9.3,998.7,998.5,0.0,0.0,85.01,78.46,340,332,9.6,10.9,81.7,81.8,9.6,10.9,189.4,181.5,1000.8,1000.6,-5.33,351.23,-0.02,0.0616,6.9738,91.2,0.0,1434.967, NAN, NAN, NAN, NAN,,2024/04/13 06:04:48.626,2024-04-13 06:04:48.626000+00:00
2024/04/13, 06:05:48.626,41.373,-70.788,-0.15,209.65,323.46,0.22,9.3,9.4,998.5,998.5,0.0,0.0,85.01,78.46,335,331,9.6,11.1,81.6,81.7,9.7,11.2,184.3,180.4,1000.6,1000.6,-5.37,351.81,-0.02,0.0614,6.9756,91.5,0.0,1434.975, NAN, NAN, NAN, NAN,,2024/04/13 06:05:48.626,2024-04-13 06:05:48.626000+00:00
2024/04/13, 06:06:48.626,41.373,-70.788,-0.11,210.14,192.59,0.03,9.3,9.4,998.7,998.4,0.0,0.0,85.01,78.46,337,333,9.1,10.5,81.6,81.7,9.1,10.5,187.1,183.1,1000.8,1000.5,-5.4,352.78,-0.02,0.0616,6.9763,91.2,0.0,1434.978, NAN, NAN, NAN, NAN,,2024/04/13 06:06:48.626,2024-04-13 06:06:48.626000+00:00
2024/04/13, 06:07:48.627,41.373,-70.788,0.03,209.77,323.06,0.04,9.4,9.4,998.5,998.5,0.0,0.0,85.01,78.46,336,332,9.5,10.9,81.5,81.6,9.5,10.9,185.7,181.7,1000.6,1000.6,-5.34,353.73,-0.02,0.0617,6.9768,90.9,0.0,1434.98, NAN, NAN, NAN, NAN,,2024/04/13 06:07:48.627,2024-04-13 06:07:48.627000+00:00
2024/04/13, 06:08:48.627,41.373,-70.788,0.0,209.41,320.1,0.02,9.4,9.4,998.6,998.6,0.0,0.0,85.01,78.46,342,337,9.1,9.5,81.5,81.5,9.1,9.5,191.4,186.4,1000.7,1000.7,-5.3,353.12,-0.02,0.0616,6.9783,91.2,0.0,1434.986, NAN, NAN, NAN, NAN,,2024/04/13 06:08:48.627,2024-04-13 06:08:48.627000+00:00
2024/04/13, 06:09:48.627,41.373,-70.788,-0.17,210.19,166.87,0.08,9.4,9.4,998.6,998.5,0.0,0.0,85.01,78.46,345,338,9.7,9.6,81.4,81.4,9.7,9.6,195.0,187.9,1000.7,1000.6,-5.36,351.4,-0.02,0.0616,6.979,90.6,0.0,1434.989, NAN, NAN, NAN, NAN,,2024/04/13 06:09:48.627,2024-04-13 06:09:48.627000+00:00
2024/04/13, 06:10:48.627,41.373,-70.788,-0.23,209.66,24.95,0.11,9.4,9.4,998.5,998.4,0.0,0.0,85.01,78.46,349,347,10.2,11.7,81.5,81.5,10.2,11.7,198.8,196.8,1000.6,1000.5,-5.3,347.45,-0.02,0.0616,6.9804,90.6,0.0,1434.995, NAN, NAN, NAN, NAN,,2024/04/13 06:10:48.627,2024-04-13 06:10:48.627000+00:00
2024/04/13, 06:11:48.627,41.373,-70.788,-0.11,209.23,129.28,0.16,9.4,9.4,998.6,998.5,0.0,0.0,85.01,78.46,346,339,8.5,9.4,81.3,81.4,8.5,9.4,195.8,188.7,1000.7,1000.6,-5.41,342.77,-0.02,0.0618,6.9807,90.9,0.0,1434.997, NAN, NAN, NAN, NAN,,2024/04/13 06:11:48.627,2024-04-13 06:11:48.627000+00:00
2024/04/13, 06:12:48.627,41.373,-70.788,-0.12,209.6,130.81,0.13,9.5,9.5,998.6,998.5,0.0,0.0,85.01,78.46,344,335,9.4,9.9,81.1,81.2,9.4,9.9,194.0,185.0,1000.7,1000.6,-5.36,340.12,-0.02,0.0616,6.9814,91.8,0.0,1435.0, NAN, NAN, NAN, NAN,,2024/04/13 06:12:48.627,2024-04-13 06:12:48.627000+00:00
2024/04/13, 06:13:48.627,41.373,-70.788,-0.26,210.0,148.68,0.21,9.5,9.5,998.5,998.5,0.0,0.0,85.01,78.46,338,337,7.9,8.9,81.0,81.0,7.8,8.8,188.6,187.5,1000.6,1000.6,-5.44,336.52,-0.02,0.0616,6.9821,91.5,0.0,1435.003, NAN, NAN, NAN, NAN,,2024/04/13 06:13:48.627,2024-04-13 06:13:48.627000+00:00
2024/04/13, 06:14:48.627,41.373,-70.788,-0.28,209.81,324.34,0.14,9.4,9.5,998.4,998.4,0.0,0.0,85.01,78.46,338,334,10.8,11.7,81.0,81.0,10.8,11.8,187.5,183.6,1000.5,1000.5,-5.41,332.72,-0.02,0.0616,6.9819,92.1,0.0,1435.002, NAN, NAN, NAN, NAN,,2024/04/13 06:14:48.627,2024-04-13 06:14:48.627000+00:00
2024/04/13, 06:15:48.627,41.373,-70.788,-0.2,210.1,302.97,0.1,9.5,9.5,998.5,998.4,0.0,0.0,85.01,78.46,348,338,9.0,9.3,81.0,81.0,9.0,9.3,197.8,187.8,1000.6,1000.5,-5.6,330.79,-0.02,0.0615,6.9818,91.5,0.0,1435.001, NAN, NAN, NAN, NAN,,2024/04/13 06:15:48.627,2024-04-13 06:15:48.627000+00:00
2024/04/13, 06:16:48.627,41.373,-70.788,-0.11,210.18,329.63,0.23,9.5,9.5,998.4,998.4,0.0,0.0,85.01,78.46,347,340,10.2,11.3,81.0,81.0,10.3,11.4,196.8,189.9,1000.5,1000.5,-5.42,331.15,-0.02,0.0613,6.9824,91.5,0.0,1435.003, NAN, NAN, NAN, NAN,,2024/04/13 06:16:48.627,2024-04-13 06:16:48.627000+00:00
2024/04/13, 06:17:48.627,41.373,-70.788,-0.14,209.87,141.49,0.01,9.5,9.5,998.3,998.3,0.0,0.0,85.01,78.46,342,339,10.7,12.0,81.0,81.1,10.7,12.0,191.9,188.9,1000.4,1000.4,-5.61,332.2,-0.02,0.0613,6.9835,91.5,0.0,1435.008, NAN, NAN, NAN, NAN,,2024/04/13 06:17:48.627,2024-04-13 06:17:48.627000+00:00
2024/04/13, 06:18:48.627,41.373,-70.788,-0.12,209.26,190.63,0.15,9.6,9.6,998.4,998.5,0.0,0.0,85.01,78.46,348,336,11.0,11.4,80.3,80.5,10.9,11.3,197.4,185.3,1000.5,1000.6,-5.41,334.75,-0.02,0.0617,6.9838,90.6,0.0,1435.01, NAN, NAN, NAN, NAN,,2024/04/13 06:18:48.627,2024-04-13 06:18:48.627000+00:00
2024/04/13, 06:19:48.627,41.373,-70.788,-0.11,210.16,116.03,0.17,9.7,9.7,998.4,998.4,0.0,0.0,85.01,78.46,342,335,8.7,9.4,80.0,80.1,8.7,9.4,192.7,185.7,1000.5,1000.5,-5.43,336.63,-0.02,0.0615,6.9841,92.1,0.0,1435.011, NAN, NAN, NAN, NAN,,2024/04/13 06:19:48.627,2024-04-13 06:19:48.627000+00:00
2024/04/13, 06:20:48.627,41.373,-70.788,-0.19,209.58,102.5,0.16,9.6,9.7,998.5,998.4,0.0,0.0,85.01,78.46,343,331,9.8,11.5,80.0,80.0,9.8,11.5,193.1,181.0,1000.6,1000.5,-5.45,336.73,-0.02,0.0614,6.9851,91.8,0.0,1435.015, NAN, NAN, NAN, NAN,,2024/04/13 06:20:48.627,2024-04-13 06:20:48.627000+00:00
2024/04/13, 06:21:48.627,41.373,-70.788,-0.15,209.62,333.96,0.11,9.6,9.6,998.7,998.4,0.0,0.0,85.01,78.46,343,337,10.2,10.8,80.3,80.3,10.3,10.9,192.5,186.5,1000.8,1000.5,-5.61,334.02,-0.02,0.0611,6.986,90.9,0.0,1435.019, NAN, NAN, NAN, NAN,,2024/04/13 06:21:48.627,2024-04-13 06:21:48.627000+00:00
2024/04/13, 06:22:48.627,41.373,-70.788,-0.22,209.53,140.76,0.15,9.6,9.6,998.3,998.4,0.0,0.0,85.01,78.46,345,339,11.2,12.1,80.4,80.4,11.1,12.0,194.7,188.7,1000.4,1000.5,-5.57,332.02,-0.02,0.0615,6.9864,90.9,0.0,1435.021, NAN, NAN, NAN, NAN,,2024/04/13 06:22:48.627,2024-04-13 06:22:48.627000+00:00
2024/04/13, 06:23:48.628,41.373,-70.788,-0.09,210.29,82.91,0.1,9.6,9.6,998.5,998.4,0.0,0.0,85.01,78.46,346,332,10.8,11.5,80.5,80.5,10.8,11.5,196.5,182.5,1000.6,1000.5,-5.55,329.79,-0.02,0.0614,6.986,91.5,0.0,1435.019, NAN, NAN, NAN, NAN,,2024/04/13 06:23:48.628,2024-04-13 06:23:48.628000+00:00
2024/04/13, 06:24:48.628,41.373,-70.788,-0.18,209.43,24.3,0.06,9.6,9.6,998.3,998.3,0.0,0.0,85.01,78.46,342,337,10.5,10.7,80.5,80.6,10.5,10.7,191.6,186.6,1000.4,1000.4,-5.59,327.59,-0.02,0.0614,6.9847,90.9,0.0,1435.013, NAN, NAN, NAN, NAN,,2024/04/13 06:24:48.628,2024-04-13 06:24:48.628000+00:00
2024/04/13, 06:25:48.628,41.373,-70.788,-0.24,209.94,359.87,0.15,9.6,9.6,998.2,998.3,0.0,0.0,85.01,78.46,341,333,9.9,11.6,80.1,80.3,10.0,11.7,190.8,182.9,1000.3,1000.4,-5.55,327.4,-0.02,0.0612,6.9849,91.2,0.0,1435.014, NAN, NAN, NAN, NAN,,2024/04/13 06:25:48.628,2024-04-13 06:25:48.628000+00:00
2024/04/13, 06:26:48.628,41.373,-70.788,-0.24,210.1,285.06,0.19,9.6,9.6,998.3,998.3,0.0,0.0,85.01,78.46,341,333,9.9,11.2,80.1,80.2,9.9,11.2,190.5,182.6,1000.4,1000.4,-5.61,326.33,-0.02,0.0612,6.9848,90.9,0.0,1435.014, NAN, NAN, NAN, NAN,,2024/04/13 06:26:48.628,2024-04-13 06:26:48.628000+00:00
2024/04/13, 06:27:48.628,41.373,-70.788,-0.2,209.55,138.8,0.15,9.5,9.6,998.4,998.3,0.0,0.0,85.01,78.46,344,332,10.0,10.6,80.3,80.4,10.0,10.6,194.0,181.9,1000.5,1000.4,-5.68,324.73,-0.02,0.0616,6.9856,91.2,0.0,1435.018, NAN, NAN, NAN, NAN,,2024/04/13 06:27:48.628,2024-04-13 06:27:48.628000+00:00
2024/04/13, 06:28:48.628,41.373,-70.788,-0.17,210.22,245.69,0.11,9.5,9.5,998.4,998.4,0.0,0.0,85.01,78.46,342,337,10.0,11.5,80.5,80.6,10.0,11.5,191.9,186.9,1000.5,1000.5,-5.78,320.31,-0.02,0.0614,6.986,91.2,0.0,1435.019, NAN, NAN, NAN, NAN,,2024/04/13 06:28:48.628,2024-04-13 06:28:48.628000+00:00
2024/04/13, 06:29:48.628,41.373,-70.788,-0.17,210.29,91.27,0.23,9.5,9.5,998.4,998.2,0.0,0.0,85.01,78.46,342,337,9.4,9.5,80.6,80.7,9.4,9.5,193.0,188.0,1000.5,1000.3,-5.9,317.28,-0.02,0.0615,6.9868,91.2,0.0,1435.023, NAN, NAN, NAN, NAN,,2024/04/13 06:29:48.628,2024-04-13 06:29:48.628000+00:00
2024/04/13, 06:30:48.628,41.373,-70.788,-0.08,209.81,246.64,0.08,9.5,9.5,998.3,998.3,0.0,0.0,85.01,78.46,342,340,9.1,9.7,80.8,80.9,9.1,9.7,191.6,189.6,1000.4,1000.4,-5.92,314.7,-0.02,0.0614,6.9872,91.8,0.0,1435.024, NAN, NAN, NAN, NAN,,2024/04/13 06:30:48.628,2024-04-13 06:30:48.628000+00:00
2024/04/13, 06:31:48.628,41.373,-70.788,-0.21,210.95,304.26,0.12,9.4,9.5,998.4,998.3,0.0,0.0,85.01,78.46,344,339,9.8,9.3,81.0,80.9,9.8,9.3,194.6,189.6,1000.5,1000.4,-5.99,312.78,-0.02,0.0614,6.9835,90.9,0.0,1435.008, NAN, NAN, NAN, NAN,,2024/04/13 06:31:48.628,2024-04-13 06:31:48.628000+00:00
2024/04/13, 06:32:48.628,41.373,-70.788,-0.21,210.0,97.23,0.17,9.4,9.4,998.3,998.2,0.0,0.0,85.01,78.46,342,336,9.8,10.4,81.4,81.4,9.9,10.5,192.1,186.2,1000.4,1000.3,-6.05,312.11,-0.02,0.0608,6.9819,91.5,0.0,1435.001, NAN, NAN, NAN, NAN,,2024/04/13 06:32:48.628,2024-04-13 06:32:48.628000+00:00
2024/04/13, 06:33:48.628,41.373,-70.788,-0.16,209.82,123.75,0.18,9.4,9.4,998.4,998.3,0.0,0.0,85.01,78.46,333,328,9.0,11.3,81.4,81.6,8.9,11.2,183.3,178.2,1000.5,1000.4,-6.02,310.79,-0.01,0.0614,6.9803,91.5,0.0,1434.995, NAN, NAN, NAN, NAN,,2024/04/13 06:33:48.628,2024-04-13 06:33:48.628000+00:00
2024/04/13, 06:34:48.628,41.373,-70.788,-0.17,209.79,331.41,0.13,9.4,9.4,998.3,998.1,0.0,0.0,85.01,78.46,343,337,9.0,9.9,81.8,81.8,9.0,10.0,192.5,186.5,1000.4,1000.2,-6.12,308.58,-0.02,0.0613,6.9796,90.9,0.0,1434.991, NAN, NAN, NAN, NAN,,2024/04/13 06:34:48.628,2024-04-13 06:34:48.628000+00:00
2024/04/13, 06:35:48.628,41.373,-70.788,-0.14,210.43,119.27,0.04,9.4,9.4,998.3,998.2,0.0,0.0,85.01,78.46,339,330,9.0,10.4,81.5,81.6,9.0,10.4,189.4,180.4,1000.4,1000.3,-6.05,306.96,-0.02,0.0611,6.9794,91.5,0.0,1434.99, NAN, NAN, NAN, NAN,,2024/04/13 06:35:48.628,2024-04-13 06:35:48.628000+00:00
2024/04/13, 06:36:48.628,41.373,-70.788,-0.28,209.5,121.47,0.3,9.4,9.4,998.2,998.1,0.0,0.0,85.01,78.46,343,332,10.1,11.0,81.5,81.6,10.1,11.0,193.4,182.3,1000.3,1000.2,-6.12,306.59,-0.02,0.0612,6.9781,91.5,0.0,1434.985, NAN, NAN, NAN, NAN,,2024/04/13 06:36:48.628,2024-04-13 06:36:48.628000+00:00
2024/04/13, 06:37:48.628,41.373,-70.788,-0.24,208.94,301.39,0.13,9.4,9.5,998.2,998.3,0.0,0.0,85.01,78.46,339,335,8.8,9.1,81.4,81.5,8.8,9.1,187.6,183.6,1000.3,1000.4,-6.1,305.09,-0.02,0.0611,6.9765,91.5,0.0,1434.978, NAN, NAN, NAN, NAN,,2024/04/13 06:37:48.628,2024-04-13 06:37:48.628000+00:00
2024/04/13, 06:38:48.628,41.373,-70.788,-0.21,209.39,103.27,0.16,9.4,9.4,998.3,998.2,0.0,0.0,85.01,78.46,336,329,9.5,11.6,81.3,81.3,9.5,11.6,185.9,178.8,1000.4,1000.3,-6.08,305.38,-0.02,0.0612,6.9771,90.9,0.0,1434.981, NAN, NAN, NAN, NAN,,2024/04/13 06:38:48.628,2024-04-13 06:38:48.628000+00:00
2024/04/13, 06:39:48.629,41.373,-70.788,-0.14,210.99,268.93,0.08,9.4,9.4,998.4,998.3,0.0,0.0,85.01,78.46,339,330,10.5,10.8,81.7,81.7,10.5,10.8,189.8,180.8,1000.5,1000.4,-6.15,305.69,-0.02,0.0612,6.9779,90.9,0.0,1434.984, NAN, NAN, NAN, NAN,,2024/04/13 06:39:48.629,2024-04-13 06:39:48.629000+00:00
2024/04/13, 06:40:48.629,41.373,-70.788,-0.18,209.76,325.71,0.3,9.4,9.4,998.4,998.2,0.0,0.0,85.01,78.46,350,342,9.5,10.1,81.8,81.9,9.6,10.2,198.9,191.0,1000.5,1000.3,-6.12,305.02,-0.02,0.0608,6.9765,91.5,0.0,1434.978, NAN, NAN, NAN, NAN,,2024/04/13 06:40:48.629,2024-04-13 06:40:48.629000+00:00
2024/04/13, 06:41:48.629,41.373,-70.788,-0.21,210.54,195.65,0.05,9.4,9.4,998.4,998.3,0.0,0.0,85.01,78.46,339,335,9.7,10.7,81.8,81.9,9.7,10.7,189.5,185.5,1000.5,1000.4,-6.23,307.85,-0.02,0.0611,6.9751,91.2,0.0,1434.972, NAN, NAN, NAN, NAN,,2024/04/13 06:41:48.629,2024-04-13 06:41:48.629000+00:00
2024/04/13, 06:42:48.629,41.373,-70.788,-0.2,209.52,99.91,0.07,9.5,9.5,998.3,998.2,0.0,0.0,85.01,78.46,344,338,10.4,11.7,81.5,81.7,10.4,11.7,193.5,187.5,1000.4,1000.3,-6.1,306.12,-0.02,0.061,6.9739,90.9,0.3,1434.967, NAN, NAN, NAN, NAN,,2024/04/13 06:42:48.629,2024-04-13 06:42:48.629000+00:00
2024/04/13, 06:43:48.629,41.373,-70.788,-0.11,209.64,151.59,0.22,9.5,9.5,998.3,998.1,0.0,0.0,85.01,78.46,338,336,9.4,9.9,81.4,81.1,9.3,9.8,188.0,185.9,1000.4,1000.2,-5.95,305.89,-0.01,0.0612,6.9749,92.4,0.0,1434.971, NAN, NAN, NAN, NAN,,2024/04/13 06:43:48.629,2024-04-13 06:43:48.629000+00:00
2024/04/13, 06:44:48.629,41.373,-70.788,-0.24,209.76,238.05,0.09,9.5,9.6,998.1,998.1,0.0,0.0,85.01,78.46,340,334,9.4,10.0,80.7,80.8,9.4,10.0,189.6,183.6,1000.2,1000.2,-5.93,304.93,-0.02,0.061,6.9747,91.8,0.0,1434.97, NAN, NAN, NAN, NAN,,2024/04/13 06:44:48.629,2024-04-13 06:44:48.629000+00:00
2024/04/13, 06:45:48.629,41.373,-70.788,-0.17,209.27,166.1,0.13,9.5,9.5,998.3,998.3,0.0,0.0,85.01,78.46,345,339,8.5,9.2,80.6,80.7,8.4,9.1,194.4,188.3,1000.4,1000.4,-5.95,305.37,-0.02,0.0612,6.975,91.5,0.0,1434.972, NAN, NAN, NAN, NAN,,2024/04/13 06:45:48.629,2024-04-13 06:45:48.629000+00:00
2024/04/13, 06:46:48.629,41.373,-70.788,-0.19,209.91,18.14,0.14,9.4,9.5,998.2,998.1,0.0,0.0,85.01,78.46,343,340,9.7,11.3,81.1,81.0,9.7,11.3,193.3,190.2,1000.3,1000.2,-6.19,306.48,-0.02,0.0611,6.9753,90.9,0.0,1434.973, NAN, NAN, NAN, NAN,,2024/04/13 06:46:48.629,2024-04-13 06:46:48.629000+00:00
2024/04/13, 06:47:48.629,41.373,-70.788,-0.27,209.21,121.93,0.04,9.5,9.5,998.3,998.3,0.0,0.0,85.01,78.46,345,339,8.7,9.0,81.1,81.2,8.7,9.0,194.3,188.3,1000.4,1000.4,-6.03,306.93,-0.02,0.061,6.975,91.2,0.0,1434.971, NAN, NAN, NAN, NAN,,2024/04/13 06:47:48.629,2024-04-13 06:47:48.629000+00:00
2024/04/13, 06:48:48.629,41.373,-70.788,-0.17,209.73,45.3,0.16,9.5,9.5,998.2,998.3,0.0,0.0,85.01,78.46,346,340,8.4,9.1,81.1,81.1,8.5,9.2,195.6,189.6,1000.3,1000.4,-6.14,308.33,-0.02,0.0608,6.9742,91.2,0.0,1434.968, NAN, NAN, NAN, NAN,,2024/04/13 06:48:48.629,2024-04-13 06:48:48.629000+00:00
2024/04/13, 06:49:48.629,41.373,-70.788,-0.3,210.61,134.97,0.04,9.4,9.5,998.4,998.3,0.0,0.0,85.01,78.46,342,333,8.8,10.5,81.2,81.3,8.8,10.5,192.6,183.6,1000.5,1000.4,-6.08,310.87,-0.02,0.061,6.9736,91.5,0.0,1434.965, NAN, NAN, NAN, NAN,,2024/04/13 06:49:48.629,2024-04-13 06:49:48.629000+00:00
2024/04/13, 06:50:48.629,41.373,-70.788,-0.23,209.86,352.05,0.07,9.5,9.5,998.3,998.3,0.0,0.0,85.01,78.46,342,337,9.8,10.1,81.0,81.1,9.8,10.1,191.9,187.0,1000.4,1000.4,-5.99,311.08,-0.02,0.061,6.9752,91.5,0.0,1434.972, NAN, NAN, NAN, NAN,,2024/04/13 06:50:48.629,2024-04-13 06:50:48.629000+00:00
2024/04/13, 06:51:48.629,41.373,-70.788,-0.27,209.59,31.4,0.18,9.6,9.6,998.3,998.3,0.0,0.0,85.01,78.46,345,337,10.0,11.0,80.5,80.6,10.0,11.0,195.0,187.0,1000.4,1000.4,-5.87,311.58,-0.02,0.061,6.9758,91.5,0.0,1434.975, NAN, NAN, NAN, NAN,,2024/04/13 06:51:48.629,2024-04-13 06:51:48.629000+00:00
2024/04/13, 06:52:48.629,41.373,-70.788,-0.2,210.11,172.41,0.09,9.6,9.6,998.4,998.4,0.0,0.0,85.01,78.46,345,335,11.2,12.0,80.3,80.4,11.2,12.0,195.2,185.1,1000.5,1000.5,-5.84,312.08,-0.02,0.0611,6.9753,90.6,0.0,1434.973, NAN, NAN, NAN, NAN,,2024/04/13 06:52:48.629,2024-04-13 06:52:48.629000+00:00
2024/04/13, 06:53:48.629,41.373,-70.788,-0.09,209.48,93.68,0.07,9.6,9.6,998.4,998.4,0.0,0.0,85.01,78.46,347,338,10.3,10.6,80.3,80.4,10.3,10.6,196.6,187.6,1000.5,1000.5,-5.91,312.37,-0.02,0.0611,6.9748,90.6,0.0,1434.971, NAN, NAN, NAN, NAN,,2024/04/13 06:53:48.629,2024-04-13 06:53:48.629000+00:00
2024/04/13, 06:54:48.629,41.373,-70.788,-0.18,209.49,304.31,0.11,9.6,9.7,998.7,998.4,0.0,0.0,85.01,78.46,347,337,9.6,10.7,80.1,80.2,9.6,10.7,196.2,186.3,1000.8,1000.5,-5.78,312.85,-0.02,0.0609,6.9722,91.5,0.0,1434.959, NAN, NAN, NAN, NAN,,2024/04/13 06:54:48.629,2024-04-13 06:54:48.629000+00:00
2024/04/13, 06:55:48.630,41.373,-70.788,-0.19,211.07,292.88,0.11,9.6,9.6,998.4,998.4,0.0,0.0,85.01,78.46,344,340,10.3,10.0,80.1,80.3,10.2,9.9,195.1,191.1,1000.5,1000.5,-5.8,314.29,-0.02,0.0612,6.9723,92.4,0.0,1434.96, NAN, NAN, NAN, NAN,,2024/04/13 06:55:48.630,2024-04-13 06:55:48.630000+00:00
2024/04/13, 06:56:48.630,41.373,-70.788,-0.39,209.62,271.92,0.2,9.6,9.6,998.4,998.5,0.0,0.0,85.01,78.46,348,342,9.5,9.0,80.4,80.5,9.5,9.0,197.0,191.0,1000.5,1000.6,-5.94,315.01,-0.02,0.061,6.9724,90.9,0.0,1434.96, NAN, NAN, NAN, NAN,,2024/04/13 06:56:48.630,2024-04-13 06:56:48.630000+00:00
2024/04/13, 06:57:48.630,41.373,-70.788,-0.25,210.2,298.6,0.1,9.6,9.6,998.6,998.4,0.0,0.0,85.01,78.46,352,344,10.2,9.6,80.4,80.6,10.2,9.6,202.0,194.0,1000.7,1000.5,-5.9,317.93,-0.02,0.0611,6.9722,91.2,0.0,1434.96, NAN, NAN, NAN, NAN,,2024/04/13 06:57:48.630,2024-04-13 06:57:48.630000+00:00
2024/04/13, 06:58:48.630,41.373,-70.788,-0.3,211.19,181.94,0.16,9.5,9.6,998.5,998.5,0.0,0.0,85.01,78.46,347,340,10.1,10.4,80.6,80.6,10.0,10.3,198.5,191.4,1000.6,1000.6,-5.93,321.32,-0.02,0.0611,6.9734,92.1,0.0,1434.965, NAN, NAN, NAN, NAN,,2024/04/13 06:58:48.630,2024-04-13 06:58:48.630000+00:00
2024/04/13, 06:59:48.630,41.373,-70.788,-0.27,208.97,231.2,0.2,9.6,9.6,998.5,998.5,0.0,0.0,85.01,78.46,346,346,9.5,10.2,80.5,80.5,9.5,10.2,194.4,194.4,1000.6,1000.6,-5.81,320.85,-0.02,0.0609,6.9747,90.6,0.0,1434.97, NAN, NAN, NAN, NAN,,2024/04/13 06:59:48.630,2024-04-13 06:59:48.630000+00:00
2024/04/13, 07:00:48.630,41.373,-70.788,-0.25,210.12,183.1,0.15,9.6,9.6,998.7,998.4,0.0,0.0,85.01,78.46,341,339,9.5,9.4,80.4,80.4,9.4,9.3,191.0,189.0,1000.8,1000.5,-5.82,319.57,-0.02,0.061,6.9746,91.8,0.0,1434.97, NAN, NAN, NAN, NAN,,2024/04/13 07:00:48.630,2024-04-13 07:00:48.630000+00:00
2024/04/13, 07:01:48.630,41.373,-70.788,-0.34,209.62,205.49,0.09,9.7,9.7,998.5,998.5,0.0,0.0,85.01,78.46,347,342,9.6,9.1,80.0,80.0,9.6,9.1,196.4,191.4,1000.6,1000.6,-5.71,316.12,-0.02,0.0609,6.9757,90.9,0.0,1434.974, NAN, NAN, NAN, NAN,,2024/04/13 07:01:48.630,2024-04-13 07:01:48.630000+00:00
2024/04/13, 07:02:48.630,41.373,-70.788,-0.25,211.04,296.55,0.05,9.7,9.7,998.5,998.5,0.0,0.0,85.01,78.46,345,341,9.5,9.6,80.0,79.8,9.5,9.6,196.1,192.1,1000.6,1000.6,-5.76,311.84,-0.02,0.061,6.977,90.9,0.0,1434.98, NAN, NAN, NAN, NAN,,2024/04/13 07:02:48.630,2024-04-13 07:02:48.630000+00:00
2024/04/13, 07:03:48.630,41.373,-70.788,-0.35,210.04,6.4,0.06,9.8,9.8,998.5,998.4,0.0,0.0,85.01,78.46,350,343,10.3,9.7,79.2,79.4,10.3,9.7,199.9,193.0,1000.6,1000.5,-5.71,309.44,-0.02,0.0607,6.9778,91.2,0.0,1434.983, NAN, NAN, NAN, NAN,,2024/04/13 07:03:48.630,2024-04-13 07:03:48.630000+00:00
2024/04/13, 07:04:48.630,41.373,-70.788,-0.29,209.18,132.13,0.06,9.9,9.9,998.3,998.4,0.0,0.0,85.01,78.46,347,342,10.5,11.5,78.6,78.9,10.5,11.5,196.3,191.3,1000.4,1000.5,-5.72,308.24,-0.02,0.0608,6.9787,91.2,0.0,1434.987, NAN, NAN, NAN, NAN,,2024/04/13 07:04:48.630,2024-04-13 07:04:48.630000+00:00
2024/04/13, 07:05:48.630,41.373,-70.788,-0.19,209.74,117.33,0.05,10.0,10.0,998.2,998.2,0.0,0.0,85.01,78.46,353,345,9.2,9.3,78.0,78.2,9.2,9.3,202.7,194.7,1000.3,1000.3,-5.75,308.83,-0.02,0.0606,6.9792,91.2,0.0,1434.989, NAN, NAN, NAN, NAN,,2024/04/13 07:05:48.630,2024-04-13 07:05:48.630000+00:00
2024/04/13, 07:06:48.630,41.373,-70.788,-0.38,209.42,99.48,0.1,10.2,10.2,998.1,998.1,0.0,0.0,85.01,78.46,356,346,8.8,8.9,77.2,77.4,8.8,8.9,205.7,195.8,1000.2,1000.2,-5.71,306.95,-0.02,0.0609,6.9792,90.9,0.0,1434.989, NAN, NAN, NAN, NAN,,2024/04/13 07:06:48.630,2024-04-13 07:06:48.630000+00:00
2024/04/13, 07:07:48.630,41.373,-70.788,-0.28,209.37,131.59,0.07,10.2,10.2,998.3,998.1,0.0,0.0,85.01,78.46,346,348,10.4,10.8,77.1,77.1,10.4,10.8,195.5,197.5,1000.4,1000.2,-5.76,308.24,-0.01,0.0608,6.9773,90.9,0.0,1434.981, NAN, NAN, NAN, NAN,,2024/04/13 07:07:48.630,2024-04-13 07:07:48.630000+00:00
2024/04/13, 07:08:48.630,41.373,-70.788,-0.36,210.92,285.85,0.06,10.2,10.2,998.1,998.0,0.0,0.0,85.01,78.46,354,347,10.5,9.9,76.9,77.0,10.5,9.9,204.8,197.8,1000.2,1000.1,-5.85,308.15,-0.02,0.0611,6.9695,91.2,0.0,1434.948, NAN, NAN, NAN, NAN,,2024/04/13 07:08:48.630,2024-04-13 07:08:48.630000+00:00
2024/04/13, 07:09:48.630,41.373,-70.788,-0.41,210.52,318.83,0.05,10.3,10.3,998.1,998.1,0.0,0.0,85.01,78.46,350,346,10.3,10.5,76.3,76.4,10.3,10.5,200.4,196.4,1000.2,1000.2,-5.78,308.17,-0.02,0.0608,6.9594,91.2,0.0,1434.904, NAN, NAN, NAN, NAN,,2024/04/13 07:09:48.630,2024-04-13 07:09:48.630000+00:00
2024/04/13, 07:10:48.630,41.373,-70.788,-0.39,209.96,309.13,0.3,10.4,10.4,997.9,997.9,0.0,0.0,85.01,78.46,354,345,10.2,9.6,75.9,76.0,10.2,9.7,203.1,194.1,1000.0,1000.0,-5.77,307.02,-0.02,0.0605,6.9553,91.2,0.0,1434.887, NAN, NAN, NAN, NAN,,2024/04/13 07:10:48.630,2024-04-13 07:10:48.630000+00:00
2024/04/13, 07:11:48.631,41.373,-70.788,-0.34,209.67,146.78,0.11,10.4,10.5,998.1,998.0,0.0,0.0,85.01,78.46,356,348,10.7,10.0,75.6,75.7,10.7,10.0,205.4,197.4,1000.2,1000.1,-5.68,307.0,-0.02,0.0607,6.953,91.2,0.0,1434.877, NAN, NAN, NAN, NAN,,2024/04/13 07:11:48.631,2024-04-13 07:11:48.631000+00:00
2024/04/13, 07:12:48.631,41.373,-70.788,-0.44,209.02,292.16,0.18,10.4,10.4,997.9,998.0,0.0,0.0,85.01,78.46,356,348,10.5,10.3,75.8,75.8,10.5,10.3,204.5,196.5,1000.0,1000.1,-5.72,306.67,-0.02,0.0606,6.9471,91.5,0.0,1434.852, NAN, NAN, NAN, NAN,,2024/04/13 07:12:48.631,2024-04-13 07:12:48.631000+00:00
2024/04/13, 07:13:48.631,41.373,-70.788,-0.41,210.03,255.12,0.18,10.4,10.4,998.0,998.0,0.0,0.0,85.01,78.46,353,346,10.4,10.7,75.9,75.8,10.4,10.7,202.5,195.5,1000.1,1000.1,-5.9,305.48,-0.02,0.0606,6.9453,91.2,0.0,1434.844, NAN, NAN, NAN, NAN,,2024/04/13 07:13:48.631,2024-04-13 07:13:48.631000+00:00
2024/04/13, 07:14:48.631,41.373,-70.788,-0.38,210.65,298.06,0.04,10.3,10.3,997.9,998.0,0.0,0.0,85.01,78.46,351,342,10.9,10.6,76.2,76.2,10.9,10.6,201.6,192.6,1000.0,1000.1,-5.91,306.02,-0.01,0.0607,6.9399,91.5,0.0,1434.821, NAN, NAN, NAN, NAN,,2024/04/13 07:14:48.631,2024-04-13 07:14:48.631000+00:00
2024/04/13, 07:15:48.631,41.373,-70.788,-0.35,208.99,149.79,0.1,10.3,10.3,998.1,998.0,0.0,0.0,85.01,78.46,350,344,9.4,10.2,76.5,76.5,9.4,10.2,198.7,192.7,1000.2,1000.1,-6.03,305.64,-0.02,0.0605,6.9357,90.9,0.0,1434.803, NAN, NAN, NAN, NAN,,2024/04/13 07:15:48.631,2024-04-13 07:15:48.631000+00:00
2024/04/13, 07:16:48.631,41.373,-70.788,-0.4,210.03,115.91,0.24,10.3,10.2,998.0,998.0,0.0,0.0,85.01,78.46,349,345,9.9,10.9,76.5,76.8,9.9,10.9,199.7,195.7,1000.1,1000.1,-6.22,306.32,-0.02,0.0608,6.9356,91.2,0.0,1434.803, NAN, NAN, NAN, NAN,,2024/04/13 07:16:48.631,2024-04-13 07:16:48.631000+00:00
2024/04/13, 07:17:48.631,41.373,-70.788,-0.47,210.03,295.4,0.2,10.2,10.2,997.9,997.9,0.0,0.0,85.01,78.46,349,342,9.0,9.3,76.8,76.9,9.0,9.3,198.4,191.4,1000.0,1000.0,-6.21,305.6,-0.01,0.0606,6.9343,90.6,0.0,1434.797, NAN, NAN, NAN, NAN,,2024/04/13 07:17:48.631,2024-04-13 07:17:48.631000+00:00
2024/04/13, 07:18:48.631,41.373,-70.788,-0.36,210.88,190.45,0.07,10.1,10.2,998.1,997.9,0.0,0.0,85.01,78.46,344,339,9.8,9.5,76.9,76.9,9.8,9.5,194.7,189.7,1000.2,1000.0,-6.18,305.27,-0.02,0.0606,6.931,90.9,0.0,1434.783, NAN, NAN, NAN, NAN,,2024/04/13 07:18:48.631,2024-04-13 07:18:48.631000+00:00
2024/04/13, 07:19:48.631,41.373,-70.788,-0.42,209.25,241.33,0.07,10.1,10.1,998.1,997.8,0.0,0.0,85.01,78.46,351,347,9.6,9.7,77.2,77.2,9.6,9.7,200.3,196.3,1000.2,999.9,-6.23,304.31,-0.01,0.0607,6.9304,91.5,0.0,1434.78, NAN, NAN, NAN, NAN,,2024/04/13 07:19:48.631,2024-04-13 07:19:48.631000+00:00
2024/04/13, 07:20:48.631,41.373,-70.788,-0.46,210.16,348.08,0.13,10.1,10.1,998.0,997.8,0.0,0.0,85.01,78.46,351,344,10.3,10.4,77.4,77.4,10.4,10.5,201.0,194.0,1000.1,999.9,-6.25,305.05,-0.02,0.0605,6.9279,91.2,0.0,1434.769, NAN, NAN, NAN, NAN,,2024/04/13 07:20:48.631,2024-04-13 07:20:48.631000+00:00
2024/04/13, 07:21:48.631,41.373,-70.788,-0.39,210.54,313.31,0.08,10.0,10.1,998.0,997.9,0.0,0.0,85.01,78.46,346,342,11.0,11.0,77.6,77.6,11.0,11.0,196.4,192.4,1000.1,1000.0,-6.25,304.25,-0.02,0.0606,6.929,91.5,0.0,1434.774, NAN, NAN, NAN, NAN,,2024/04/13 07:21:48.631,2024-04-13 07:21:48.631000+00:00
2024/04/13, 07:22:48.631,41.373,-70.788,-0.36,210.07,288.29,0.02,10.0,10.0,998.0,997.8,0.0,0.0,85.01,78.46,344,341,10.1,11.0,78.0,78.0,10.1,11.0,194.1,191.1,1000.1,999.9,-6.35,304.27,-0.02,0.0607,6.923,91.2,0.0,1434.749, NAN, NAN, NAN, NAN,,2024/04/13 07:22:48.631,2024-04-13 07:22:48.631000+00:00
2024/04/13, 07:23:48.631,41.373,-70.788,-0.53,209.3,143.23,0.12,9.9,9.9,998.0,998.0,0.0,0.0,85.01,78.46,351,345,10.3,9.8,78.4,78.5,10.3,9.8,200.0,194.1,1000.1,1000.1,-6.18,304.47,-0.02,0.0605,6.9149,90.9,0.0,1434.714, NAN, NAN, NAN, NAN,,2024/04/13 07:23:48.631,2024-04-13 07:23:48.631000+00:00
2024/04/13, 07:24:48.631,41.373,-70.788,-0.33,210.43,291.51,0.29,9.9,9.9,998.1,998.0,0.0,0.0,85.01,78.46,349,343,9.1,9.8,78.5,78.5,9.1,9.9,198.5,192.6,1000.2,1000.1,-6.18,303.71,-0.02,0.0603,6.9129,91.5,0.0,1434.705, NAN, NAN, NAN, NAN,,2024/04/13 07:24:48.631,2024-04-13 07:24:48.631000+00:00
2024/04/13, 07:25:48.631,41.373,-70.788,-0.34,209.46,162.83,0.09,9.8,9.8,997.9,998.0,0.0,0.0,85.01,78.46,349,341,9.3,9.7,78.9,78.8,9.3,9.7,198.2,190.2,1000.0,1000.1,-6.34,304.22,-0.02,0.0606,6.9131,90.6,0.0,1434.706, NAN, NAN, NAN, NAN,,2024/04/13 07:25:48.631,2024-04-13 07:25:48.631000+00:00
2024/04/13, 07:26:48.631,41.373,-70.788,-0.2,209.33,137.09,0.03,9.8,9.8,997.9,997.8,0.0,0.0,85.01,78.46,355,348,10.5,10.1,79.1,79.1,10.5,10.1,204.4,197.4,1000.0,999.9,-6.31,304.81,-0.02,0.0606,6.9148,90.9,0.0,1434.713, NAN, NAN, NAN, NAN,,2024/04/13 07:26:48.631,2024-04-13 07:26:48.631000+00:00
2024/04/13, 07:27:48.632,41.373,-70.788,-0.25,210.26,164.71,0.09,9.8,9.8,998.0,997.9,0.0,0.0,85.01,78.46,355,349,10.7,10.7,79.1,79.1,10.7,10.7,205.5,199.5,1000.1,1000.0,-6.2,304.95,-0.02,0.0605,6.9167,91.2,0.0,1434.721, NAN, NAN, NAN, NAN,,2024/04/13 07:27:48.632,2024-04-13 07:27:48.632000+00:00
2024/04/13, 07:28:48.632,41.373,-70.788,-0.34,210.13,168.37,0.07,9.9,9.9,997.7,997.8,0.0,0.0,85.01,78.46,358,350,11.0,10.5,78.7,78.8,11.0,10.5,208.3,200.2,999.8,999.9,-6.21,305.09,-0.02,0.0605,6.9196,90.9,0.0,1434.734, NAN, NAN, NAN, NAN,,2024/04/13 07:28:48.632,2024-04-13 07:28:48.632000+00:00
2024/04/13, 07:29:48.632,41.373,-70.788,-0.3,209.8,300.98,0.04,9.9,9.9,997.9,997.7,0.0,0.0,85.01,78.46,354,349,9.6,9.7,78.6,78.6,9.6,9.7,203.9,198.9,1000.0,999.8,-6.2,304.93,-0.02,0.0605,6.9236,91.2,0.0,1434.751, NAN, NAN, NAN, NAN,,2024/04/13 07:29:48.632,2024-04-13 07:29:48.632000+00:00
2024/04/13, 07:30:48.632,41.373,-70.788,-0.26,209.51,112.09,0.31,9.9,9.9,997.8,997.7,0.0,0.0,85.01,78.46,355,351,9.8,9.4,78.5,78.5,9.8,9.4,205.4,201.5,999.9,999.8,-6.18,305.04,-0.02,0.0607,6.9276,91.2,0.0,1434.768, NAN, NAN, NAN, NAN,,2024/04/13 07:30:48.632,2024-04-13 07:30:48.632000+00:00
2024/04/13, 07:31:48.632,41.373,-70.788,-0.28,209.97,158.43,0.19,9.9,9.9,997.8,997.7,0.0,0.0,85.01,78.46,354,350,10.2,10.7,78.3,78.3,10.2,10.7,204.5,200.4,999.9,999.8,-6.08,304.69,-0.02,0.0607,6.9356,91.2,0.0,1434.803, NAN, NAN, NAN, NAN,,2024/04/13 07:31:48.632,2024-04-13 07:31:48.632000+00:00
2024/04/13, 07:32:48.632,41.373,-70.788,-0.42,209.16,1.67,0.08,9.9,9.9,997.8,997.7,0.0,0.0,85.01,78.46,1,346,11.9,10.9,78.4,78.3,11.9,10.9,210.0,195.0,999.9,999.8,-6.12,305.18,-0.02,0.0604,6.944,90.9,0.0,1434.838, NAN, NAN, NAN, NAN,,2024/04/13 07:32:48.632,2024-04-13 07:32:48.632000+00:00
2024/04/13, 07:33:48.632,41.373,-70.788,-0.33,209.94,151.85,0.15,9.9,9.9,997.8,997.6,0.0,0.0,85.01,78.46,356,347,9.8,9.2,78.3,78.4,9.8,9.1,206.3,197.3,999.9,999.7,-6.14,305.58,-0.02,0.0606,6.9554,90.9,0.0,1434.887, NAN, NAN, NAN, NAN,,2024/04/13 07:33:48.632,2024-04-13 07:33:48.632000+00:00
2024/04/13, 07:34:48.632,41.373,-70.788,-0.29,210.15,312.43,0.09,9.9,9.9,997.4,997.6,0.0,0.0,85.01,78.46,350,344,8.9,9.9,78.2,78.2,8.9,9.9,199.9,193.9,999.5,999.7,-6.16,304.82,-0.02,0.0605,6.9569,91.2,0.0,1434.893, NAN, NAN, NAN, NAN,,2024/04/13 07:34:48.632,2024-04-13 07:34:48.632000+00:00
2024/04/13, 07:35:48.632,41.373,-70.788,-0.3,209.51,359.44,0.03,9.9,10.0,997.6,997.7,0.0,0.0,85.01,78.46,357,352,10.7,10.0,78.0,78.0,10.7,10.0,206.5,201.5,999.7,999.8,-6.13,305.13,-0.02,0.0604,6.9571,91.2,0.0,1434.894, NAN, NAN, NAN, NAN,,2024/04/13 07:35:48.632,2024-04-13 07:35:48.632000+00:00
2024/04/13, 07:36:48.632,41.373,-70.788,-0.25,209.82,77.91,0.09,9.9,9.9,997.7,997.4,0.0,0.0,85.01,78.46,357,351,12.4,11.4,78.0,78.1,12.4,11.4,207.0,201.1,999.8,999.5,-6.18,305.45,-0.02,0.0606,6.9575,91.2,0.0,1434.896, NAN, NAN, NAN, NAN,,2024/04/13 07:36:48.632,2024-04-13 07:36:48.632000+00:00
2024/04/13, 07:37:48.632,41.373,-70.788,-0.28,209.9,90.43,0.1,9.9,9.9,997.8,997.7,0.0,0.0,85.01,78.46,349,340,9.6,9.2,78.3,78.2,9.6,9.3,198.8,189.9,999.9,999.8,-6.05,304.98,-0.02,0.0603,6.9535,90.9,0.0,1434.879, NAN, NAN, NAN, NAN,,2024/04/13 07:37:48.632,2024-04-13 07:37:48.632000+00:00
2024/04/13, 07:38:48.632,41.373,-70.788,-0.27,210.34,139.63,0.19,9.8,9.9,997.8,997.8,0.0,0.0,85.01,78.46,351,343,11.2,10.9,78.4,78.4,11.2,10.9,201.8,193.8,999.9,999.9,-6.2,305.92,-0.02,0.0604,6.9483,90.6,0.0,1434.857, NAN, NAN, NAN, NAN,,2024/04/13 07:38:48.632,2024-04-13 07:38:48.632000+00:00
2024/04/13, 07:39:48.632,41.373,-70.788,-0.31,210.26,281.45,0.19,9.8,9.9,997.6,997.7,0.0,0.0,85.01,78.46,349,342,10.3,9.7,78.6,78.5,10.3,9.7,198.7,191.7,999.7,999.8,-6.09,305.36,-0.02,0.0603,6.9471,90.3,0.0,1434.851, NAN, NAN, NAN, NAN,,2024/04/13 07:39:48.632,2024-04-13 07:39:48.632000+00:00
2024/04/13, 07:40:48.632,41.373,-70.788,-0.42,210.3,133.68,0.17,9.8,9.8,997.7,997.7,0.0,0.0,85.01,78.46,345,342,9.5,9.4,78.7,78.7,9.5,9.4,195.8,192.8,999.8,999.8,-6.11,304.45,-0.02,0.0606,6.9493,90.6,0.0,1434.861, NAN, NAN, NAN, NAN,,2024/04/13 07:40:48.632,2024-04-13 07:40:48.632000+00:00
2024/04/13, 07:41:48.632,41.373,-70.788,-0.42,210.03,228.28,0.09,9.7,9.8,997.6,997.6,0.0,0.0,85.01,78.46,347,342,9.2,9.9,79.0,79.0,9.2,9.9,196.9,191.9,999.7,999.7,-6.22,303.83,-0.02,0.0604,6.953,91.2,0.0,1434.877, NAN, NAN, NAN, NAN,,2024/04/13 07:41:48.632,2024-04-13 07:41:48.632000+00:00
2024/04/13, 07:42:48.633,41.373,-70.788,-0.25,210.08,213.26,0.12,9.7,9.7,997.7,997.6,0.0,0.0,85.01,78.46,350,344,10.4,10.9,79.3,79.2,10.4,10.9,199.7,193.8,999.8,999.7,-6.32,303.92,-0.03,0.0602,6.9541,90.6,0.0,1434.881, NAN, NAN, NAN, NAN,,2024/04/13 07:42:48.633,2024-04-13 07:42:48.633000+00:00
2024/04/13, 07:43:48.633,41.373,-70.788,-0.57,210.21,242.56,0.11,9.7,9.7,997.6,997.6,0.0,0.0,85.01,78.46,352,344,9.6,10.0,79.6,79.5,9.6,10.0,201.9,193.9,999.7,999.7,-6.21,303.89,-0.02,0.0605,6.9543,91.2,0.0,1434.882, NAN, NAN, NAN, NAN,,2024/04/13 07:43:48.633,2024-04-13 07:43:48.633000+00:00
2024/04/13, 07:44:48.633,41.373,-70.788,-0.47,210.95,178.36,0.12,9.6,9.7,997.6,997.6,0.0,0.0,85.01,78.46,352,345,9.9,10.6,79.8,79.7,9.8,10.5,202.9,195.8,999.7,999.7,-6.25,304.42,-0.03,0.0603,6.9529,91.2,0.0,1434.876, NAN, NAN, NAN, NAN,,2024/04/13 07:44:48.633,2024-04-13 07:44:48.633000+00:00
2024/04/13, 07:45:48.633,41.373,-70.788,-0.36,210.07,183.45,0.01,9.6,9.6,997.3,997.4,0.0,0.0,85.01,78.46,347,341,9.9,9.9,80.3,80.2,9.9,9.9,197.1,191.1,999.4,999.5,-6.3,304.15,-0.03,0.0603,6.9499,90.3,0.0,1434.863, NAN, NAN, NAN, NAN,,2024/04/13 07:45:48.633,2024-04-13 07:45:48.633000+00:00
2024/04/13, 07:46:48.633,41.373,-70.788,-0.33,210.91,323.61,0.12,9.6,9.6,997.3,997.4,0.0,0.0,85.01,78.46,347,340,10.2,10.2,80.5,80.2,10.2,10.2,197.6,190.6,999.4,999.5,-6.16,304.31,-0.02,0.0602,6.9474,91.8,0.0,1434.852, NAN, NAN, NAN, NAN,,2024/04/13 07:46:48.633,2024-04-13 07:46:48.633000+00:00
2024/04/13, 07:47:48.633,41.373,-70.788,-0.36,210.12,100.4,0.03,9.6,9.6,997.5,997.3,0.0,0.0,85.01,78.46,352,344,11.1,11.3,80.4,80.4,11.1,11.3,202.1,194.1,999.6,999.4,-6.24,304.02,-0.02,0.0602,6.948,90.3,0.0,1434.855, NAN, NAN, NAN, NAN,,2024/04/13 07:47:48.633,2024-04-13 07:47:48.633000+00:00
2024/04/13, 07:48:48.633,41.373,-70.788,-0.42,210.03,348.93,0.01,9.6,9.6,997.3,997.3,0.0,0.0,85.01,78.46,348,338,10.0,10.1,80.3,80.4,10.0,10.1,198.1,188.1,999.4,999.4,-6.13,303.67,-0.02,0.0602,6.9456,90.6,0.0,1434.845, NAN, NAN, NAN, NAN,,2024/04/13 07:48:48.633,2024-04-13 07:48:48.633000+00:00
2024/04/13, 07:49:48.633,41.373,-70.788,-0.25,209.61,139.19,0.32,9.5,9.6,997.2,997.3,0.0,0.0,85.01,78.46,347,340,9.0,9.8,80.7,80.6,8.9,9.7,197.5,190.3,999.3,999.4,-6.26,303.21,-0.02,0.0605,6.9434,91.5,0.0,1434.836, NAN, NAN, NAN, NAN,,2024/04/13 07:49:48.633,2024-04-13 07:49:48.633000+00:00
2024/04/13, 07:50:48.633,41.373,-70.788,-0.32,209.39,35.69,0.17,9.5,9.5,997.4,997.3,0.0,0.0,85.01,78.46,344,342,9.9,10.4,81.0,81.0,10.0,10.5,193.8,191.8,999.5,999.4,-6.24,303.85,-0.02,0.0602,6.9414,90.6,0.0,1434.827, NAN, NAN, NAN, NAN,,2024/04/13 07:50:48.633,2024-04-13 07:50:48.633000+00:00
2024/04/13, 07:51:48.633,41.373,-70.788,-0.37,210.58,269.99,0.07,9.5,9.5,997.4,997.4,0.0,0.0,85.01,78.46,349,343,9.7,9.6,81.3,81.2,9.7,9.6,199.6,193.5,999.5,999.5,-6.33,304.3,-0.02,0.0603,6.9393,91.2,0.0,1434.818, NAN, NAN, NAN, NAN,,2024/04/13 07:51:48.633,2024-04-13 07:51:48.633000+00:00
2024/04/13, 07:52:48.633,41.373,-70.788,-0.38,210.43,154.41,0.02,9.5,9.5,997.4,997.3,0.0,0.0,85.01,78.46,343,335,9.0,8.7,81.3,81.4,9.0,8.7,193.5,185.5,999.5,999.4,-6.24,303.45,-0.02,0.0602,6.9396,90.6,0.0,1434.819, NAN, NAN, NAN, NAN,,2024/04/13 07:52:48.633,2024-04-13 07:52:48.633000+00:00
2024/04/13, 07:53:48.633,41.373,-70.788,-0.5,211.01,143.5,0.19,9.4,9.4,997.2,997.4,0.0,0.0,85.01,78.46,347,343,10.7,10.3,81.6,81.5,10.7,10.2,198.5,194.5,999.3,999.5,-6.27,303.83,-0.02,0.0604,6.9367,90.9,0.0,1434.807, NAN, NAN, NAN, NAN,,2024/04/13 07:53:48.633,2024-04-13 07:53:48.633000+00:00
2024/04/13, 07:54:48.633,41.373,-70.788,-0.56,209.43,302.45,0.12,9.3,9.4,997.4,997.4,0.0,0.0,85.01,78.46,349,342,10.3,9.7,82.0,81.9,10.3,9.7,198.2,191.2,999.5,999.5,-6.27,303.52,-0.02,0.06,6.9354,90.3,0.0,1434.801, NAN, NAN, NAN, NAN,,2024/04/13 07:54:48.633,2024-04-13 07:54:48.633000+00:00
2024/04/13, 07:55:48.633,41.373,-70.788,-0.47,209.34,161.05,0.11,9.3,9.3,997.4,997.3,0.0,0.0,85.01,78.46,347,342,9.0,9.7,82.3,82.2,8.9,9.6,196.5,191.4,999.5,999.4,-6.24,303.22,-0.02,0.06,6.9353,90.3,0.0,1434.8, NAN, NAN, NAN, NAN,,2024/04/13 07:55:48.633,2024-04-13 07:55:48.633000+00:00
2024/04/13, 07:56:48.633,41.373,-70.788,-0.51,209.89,115.28,0.07,9.2,9.3,997.3,997.3,0.0,0.0,85.01,78.46,353,342,11.6,10.8,82.6,82.5,11.6,10.8,203.1,192.1,999.4,999.4,-6.29,303.84,-0.02,0.06,6.9362,90.9,0.0,1434.804, NAN, NAN, NAN, NAN,,2024/04/13 07:56:48.633,2024-04-13 07:56:48.633000+00:00
2024/04/13, 07:57:48.633,41.373,-70.788,-0.52,210.21,109.36,0.17,9.2,9.3,997.3,997.3,0.0,0.0,85.01,78.46,346,341,10.8,10.4,82.9,82.8,10.8,10.4,196.6,191.7,999.4,999.4,-6.17,304.06,-0.03,0.0599,6.9376,90.9,0.0,1434.81, NAN, NAN, NAN, NAN,,2024/04/13 07:57:48.633,2024-04-13 07:57:48.633000+00:00
2024/04/13, 07:58:48.634,41.373,-70.788,-0.37,209.58,288.84,0.2,9.2,9.2,997.3,997.3,0.0,0.0,85.01,78.46,347,344,10.0,9.6,83.1,83.1,9.9,9.5,196.1,193.1,999.4,999.4,-6.25,303.73,-0.03,0.0602,6.9382,90.6,0.0,1434.813, NAN, NAN, NAN, NAN,,2024/04/13 07:58:48.634,2024-04-13 07:58:48.634000+00:00
2024/04/13, 07:59:48.634,41.373,-70.788,-0.53,209.7,259.96,0.09,9.1,9.2,997.3,997.4,0.0,0.0,85.01,78.46,348,346,10.4,10.4,83.2,83.2,10.4,10.4,197.4,195.4,999.4,999.5,-6.22,304.34,-0.02,0.0599,6.9377,90.3,0.0,1434.811, NAN, NAN, NAN, NAN,,2024/04/13 07:59:48.634,2024-04-13 07:59:48.634000+00:00
2024/04/13, 08:00:48.634,41.373,-70.788,-0.58,210.46,326.69,0.05,9.1,9.2,997.3,997.3,0.0,0.0,85.01,78.46,350,347,11.1,11.5,83.3,83.4,11.1,11.5,200.3,197.3,999.4,999.4,-6.08,304.82,-0.02,0.0599,6.9383,90.9,0.0,1434.813, NAN, NAN, NAN, NAN,,2024/04/13 08:00:48.634,2024-04-13 08:00:48.634000+00:00
2024/04/13, 08:01:48.634,41.373,-70.788,-0.37,210.13,27.23,0.15,9.2,9.2,997.4,997.3,0.0,0.0,85.01,78.46,352,346,9.0,9.1,82.9,83.0,9.0,9.1,202.6,196.6,999.5,999.4,-6.16,304.62,-0.03,0.0602,6.9409,90.6,0.0,1434.825, NAN, NAN, NAN, NAN,,2024/04/13 08:01:48.634,2024-04-13 08:01:48.634000+00:00
2024/04/13, 08:02:48.634,41.373,-70.788,-0.21,210.48,340.69,0.13,9.1,9.2,997.3,997.3,0.0,0.0,85.01,78.46,351,346,9.7,10.1,83.2,83.2,9.7,10.2,201.2,196.2,999.4,999.4,-6.22,305.91,-0.02,0.0599,6.9423,91.2,0.0,1434.83, NAN, NAN, NAN, NAN,,2024/04/13 08:02:48.634,2024-04-13 08:02:48.634000+00:00
2024/04/13, 08:03:48.634,41.373,-70.788,-0.38,209.62,319.79,0.11,9.1,9.1,997.2,997.3,0.0,0.0,85.01,78.46,354,349,8.9,10.1,83.4,83.4,8.9,10.1,203.3,198.3,999.3,999.4,-6.15,306.72,-0.02,0.06,6.9419,90.6,0.0,1434.829, NAN, NAN, NAN, NAN,,2024/04/13 08:03:48.634,2024-04-13 08:03:48.634000+00:00
2024/04/13, 08:04:48.634,41.373,-70.788,-0.58,209.81,123.23,0.12,9.1,9.1,997.2,997.2,0.0,0.0,85.01,78.46,353,348,9.2,8.9,83.4,83.4,9.2,8.9,203.2,198.2,999.3,999.3,-6.23,307.29,-0.02,0.0601,6.9392,90.3,0.0,1434.817, NAN, NAN, NAN, NAN,,2024/04/13 08:04:48.634,2024-04-13 08:04:48.634000+00:00
2024/04/13, 08:05:48.634,41.373,-70.788,-0.63,210.05,329.27,0.14,9.1,9.1,997.0,997.0,0.0,0.0,85.01,78.46,351,341,9.9,9.3,83.4,83.4,9.9,9.4,200.7,190.7,999.1,999.1,-6.19,308.14,-0.02,0.0599,6.9362,91.2,0.0,1434.804, NAN, NAN, NAN, NAN,,2024/04/13 08:05:48.634,2024-04-13 08:05:48.634000+00:00
2024/04/13, 08:06:48.634,41.373,-70.788,-0.54,210.31,216.66,0.14,9.1,9.1,997.3,997.3,0.0,0.0,85.01,78.46,352,345,9.1,9.2,83.4,83.4,9.1,9.2,202.0,194.9,999.4,999.4,-6.16,307.56,-0.02,0.06,6.9348,90.9,0.0,1434.798, NAN, NAN, NAN, NAN,,2024/04/13 08:06:48.634,2024-04-13 08:06:48.634000+00:00
2024/04/13, 08:07:48.634,41.373,-70.788,-0.5,210.58,210.3,0.11,9.1,9.1,997.2,997.2,0.0,0.0,85.01,78.46,347,342,8.4,8.3,83.5,83.6,8.4,8.3,197.3,192.3,999.3,999.3,-6.01,307.18,-0.02,0.0599,6.9352,91.2,0.0,1434.8, NAN, NAN, NAN, NAN,,2024/04/13 08:07:48.634,2024-04-13 08:07:48.634000+00:00
2024/04/13, 08:08:48.634,41.373,-70.788,-0.61,209.15,130.9,0.2,9.1,9.1,997.4,997.3,0.0,0.0,85.01,78.46,345,337,9.3,9.8,83.6,83.6,9.3,9.8,194.8,186.7,999.5,999.4,-6.13,307.71,-0.02,0.0599,6.9348,90.9,0.0,1434.798, NAN, NAN, NAN, NAN,,2024/04/13 08:08:48.634,2024-04-13 08:08:48.634000+00:00
2024/04/13, 08:09:48.634,41.373,-70.788,-0.62,209.84,86.59,0.06,9.1,9.1,997.4,997.2,0.0,0.0,85.01,78.46,343,339,8.7,9.6,83.7,83.7,8.7,9.6,192.9,188.9,999.5,999.3,-6.15,307.57,-0.02,0.0597,6.9349,91.2,0.0,1434.798, NAN, NAN, NAN, NAN,,2024/04/13 08:09:48.634,2024-04-13 08:09:48.634000+00:00
2024/04/13, 08:10:48.634,41.373,-70.788,-0.59,209.99,311.87,0.11,9.0,9.1,997.3,997.4,0.0,0.0,85.01,78.46,353,344,10.1,10.0,83.8,83.8,10.1,10.0,202.7,193.7,999.4,999.5,-6.24,307.2,-0.02,0.0599,6.9343,90.9,0.0,1434.796, NAN, NAN, NAN, NAN,,2024/04/13 08:10:48.634,2024-04-13 08:10:48.634000+00:00
2024/04/13, 08:11:48.634,41.373,-70.788,-0.42,209.68,143.43,0.08,9.0,9.1,997.3,997.3,0.0,0.0,85.01,78.46,355,349,11.2,10.9,83.8,83.9,11.2,10.9,204.9,198.9,999.4,999.4,-6.11,307.41,-0.02,0.06,6.9332,91.2,0.0,1434.791, NAN, NAN, NAN, NAN,,2024/04/13 08:11:48.634,2024-04-13 08:11:48.634000+00:00
2024/04/13, 08:12:48.634,41.373,-70.788,-0.5,210.75,311.75,0.06,9.0,9.1,997.3,997.3,0.0,0.0,85.01,78.46,355,346,9.8,9.9,83.9,83.9,9.8,9.9,205.6,196.6,999.4,999.4,-6.14,306.77,-0.02,0.0598,6.9333,90.6,0.0,1434.792, NAN, NAN, NAN, NAN,,2024/04/13 08:12:48.634,2024-04-13 08:12:48.634000+00:00
2024/04/13, 08:13:48.635,41.373,-70.788,-0.61,210.57,132.28,0.04,9.0,9.1,997.3,997.3,0.0,0.0,85.01,78.46,347,346,10.6,10.7,84.0,83.9,10.6,10.7,197.7,196.7,999.4,999.4,-6.11,307.55,-0.02,0.0598,6.9336,90.6,0.0,1434.793, NAN, NAN, NAN, NAN,,2024/04/13 08:13:48.635,2024-04-13 08:13:48.635000+00:00
2024/04/13, 08:14:48.635,41.373,-70.788,-0.45,210.33,133.98,0.04,9.0,9.0,997.2,997.2,0.0,0.0,85.01,78.46,350,347,10.5,10.7,84.0,84.0,10.5,10.7,200.2,197.2,999.3,999.3,-6.06,307.91,-0.02,0.0599,6.9328,90.3,0.0,1434.79, NAN, NAN, NAN, NAN,,2024/04/13 08:14:48.635,2024-04-13 08:14:48.635000+00:00
2024/04/13, 08:15:48.635,41.373,-70.788,-0.43,209.87,157.13,0.06,9.0,9.0,997.3,997.2,0.0,0.0,85.01,78.46,352,345,9.5,10.2,83.9,83.9,9.5,10.2,202.1,195.0,999.4,999.3,-5.99,308.35,-0.02,0.0598,6.9332,90.6,0.0,1434.791, NAN, NAN, NAN, NAN,,2024/04/13 08:15:48.635,2024-04-13 08:15:48.635000+00:00
2024/04/13, 08:16:48.635,41.373,-70.788,-0.49,210.54,325.48,0.22,9.0,9.0,997.3,997.4,0.0,0.0,85.01,78.46,353,349,10.2,10.4,84.0,84.1,10.3,10.5,203.0,199.0,999.4,999.5,-6.09,309.32,-0.02,0.0599,6.9334,90.6,0.0,1434.792, NAN, NAN, NAN, NAN,,2024/04/13 08:16:48.635,2024-04-13 08:16:48.635000+00:00
2024/04/13, 08:17:48.635,41.373,-70.788,-0.45,210.6,250.35,0.1,8.9,9.0,997.3,997.2,0.0,0.0,85.01,78.46,354,346,9.6,9.3,84.3,84.3,9.6,9.3,204.3,196.3,999.4,999.3,-6.17,308.95,-0.03,0.0599,6.9324,91.2,0.0,1434.788, NAN, NAN, NAN, NAN,,2024/04/13 08:17:48.635,2024-04-13 08:17:48.635000+00:00
2024/04/13, 08:18:48.635,41.373,-70.788,-0.52,210.32,353.8,0.09,8.9,9.0,997.3,997.3,0.0,0.0,85.01,78.46,352,348,10.1,10.5,84.2,84.3,10.1,10.5,202.2,198.2,999.4,999.4,-6.11,309.64,-0.02,0.06,6.9324,90.6,0.0,1434.788, NAN, NAN, NAN, NAN,,2024/04/13 08:18:48.635,2024-04-13 08:18:48.635000+00:00
2024/04/13, 08:19:48.635,41.373,-70.788,-0.65,210.47,303.32,0.3,8.9,9.0,997.3,997.3,0.0,0.0,85.01,78.46,355,350,10.6,10.7,84.3,84.3,10.6,10.7,204.6,199.7,999.4,999.4,-6.14,308.07,-0.02,0.0599,6.932,90.6,0.0,1434.786, NAN, NAN, NAN, NAN,,2024/04/13 08:19:48.635,2024-04-13 08:19:48.635000+00:00
2024/04/13, 08:20:48.635,41.373,-70.788,-0.56,209.73,131.31,0.13,8.9,9.0,997.3,997.3,0.0,0.0,85.01,78.46,356,351,9.7,10.4,84.2,84.1,9.7,10.4,206.1,201.0,999.4,999.4,-6.01,306.81,-0.02,0.0599,6.9313,90.3,0.0,1434.783, NAN, NAN, NAN, NAN,,2024/04/13 08:20:48.635,2024-04-13 08:20:48.635000+00:00
2024/04/13, 08:21:48.635,41.373,-70.788,-0.58,209.93,146.6,0.06,8.9,8.9,997.4,997.3,0.0,0.0,85.01,78.46,354,350,9.9,10.0,84.3,84.3,9.9,10.0,204.1,200.1,999.5,999.4,-6.04,305.96,-0.02,0.0596,6.9305,90.6,0.0,1434.779, NAN, NAN, NAN, NAN,,2024/04/13 08:21:48.635,2024-04-13 08:21:48.635000+00:00
2024/04/13, 08:22:48.635,41.373,-70.788,-0.61,210.43,303.74,0.13,8.9,8.9,997.4,997.4,0.0,0.0,85.01,78.46,355,348,9.8,9.7,84.4,84.4,9.8,9.7,205.1,198.0,999.5,999.5,-6.1,305.44,-0.02,0.0596,6.9291,90.9,0.0,1434.773, NAN, NAN, NAN, NAN,,2024/04/13 08:22:48.635,2024-04-13 08:22:48.635000+00:00
2024/04/13, 08:23:48.635,41.373,-70.788,-0.5,210.86,185.83,0.08,8.8,8.9,997.3,997.3,0.0,0.0,85.01,78.46,354,346,9.4,8.9,84.7,84.6,9.4,8.9,204.9,196.9,999.4,999.4,-6.2,304.36,-0.02,0.0598,6.9279,90.6,0.0,1434.768, NAN, NAN, NAN, NAN,,2024/04/13 08:23:48.635,2024-04-13 08:23:48.635000+00:00
2024/04/13, 08:24:48.635,41.373,-70.788,-0.56,210.61,328.41,0.12,8.8,8.9,997.4,997.3,0.0,0.0,85.01,78.46,357,352,10.3,10.5,84.8,84.7,10.3,10.5,207.3,202.3,999.5,999.4,-6.15,303.84,-0.02,0.0596,6.9272,91.2,0.0,1434.765, NAN, NAN, NAN, NAN,,2024/04/13 08:24:48.635,2024-04-13 08:24:48.635000+00:00
2024/04/13, 08:25:48.635,41.373,-70.788,-0.66,210.4,292.84,0.23,8.8,8.9,997.3,997.4,0.0,0.0,85.01,78.46,353,347,9.5,10.4,84.7,84.6,9.5,10.4,202.7,196.8,999.4,999.5,-6.16,303.8,-0.02,0.0595,6.9252,90.6,0.0,1434.757, NAN, NAN, NAN, NAN,,2024/04/13 08:25:48.635,2024-04-13 08:25:48.635000+00:00
2024/04/13, 08:26:48.635,41.373,-70.788,-0.54,210.84,304.15,0.18,8.9,8.9,997.3,997.4,0.0,0.0,85.01,78.46,358,348,10.4,9.6,84.5,84.5,10.4,9.6,208.4,198.4,999.4,999.5,-6.21,303.27,-0.02,0.0595,6.9241,91.2,0.0,1434.752, NAN, NAN, NAN, NAN,,2024/04/13 08:26:48.635,2024-04-13 08:26:48.635000+00:00
2024/04/13, 08:27:48.635,41.373,-70.788,-0.56,209.69,346.73,0.03,8.9,8.9,997.4,997.4,0.0,0.0,85.01,78.46,0,353,9.9,9.5,84.3,84.5,9.9,9.5,209.7,202.7,999.5,999.5,-6.14,303.09,-0.02,0.0597,6.9232,90.6,0.0,1434.748, NAN, NAN, NAN, NAN,,2024/04/13 08:27:48.635,2024-04-13 08:27:48.635000+00:00
2024/04/13, 08:28:48.635,41.373,-70.788,-0.55,210.03,111.03,0.13,8.9,8.9,997.3,997.3,0.0,0.0,85.01,78.46,358,354,10.8,10.3,84.2,84.2,10.8,10.3,208.4,204.4,999.4,999.4,-6.08,302.85,-0.02,0.0596,6.9235,91.8,0.0,1434.749, NAN, NAN, NAN, NAN,,2024/04/13 08:28:48.635,2024-04-13 08:28:48.635000+00:00
2024/04/13, 08:29:48.636,41.373,-70.788,-0.55,210.07,8.16,0.01,8.9,8.9,997.3,997.2,0.0,0.0,85.01,78.46,357,354,9.4,9.1,84.2,84.2,9.4,9.1,207.0,204.0,999.4,999.3,-6.17,302.47,-0.02,0.0595,6.9226,90.6,0.0,1434.745, NAN, NAN, NAN, NAN,,2024/04/13 08:29:48.636,2024-04-13 08:29:48.636000+00:00
2024/04/13, 08:30:48.636,41.373,-70.788,-0.65,210.37,268.42,0.12,8.9,8.9,997.3,997.3,0.0,0.0,85.01,78.46,0,355,10.2,9.7,84.2,84.1,10.2,9.7,210.0,205.0,999.4,999.4,-6.22,302.55,-0.02,0.0596,6.9223,90.3,0.0,1434.744, NAN, NAN, NAN, NAN,,2024/04/13 08:30:48.636,2024-04-13 08:30:48.636000+00:00
2024/04/13, 08:31:48.636,41.373,-70.788,-0.62,210.0,34.39,0.07,8.9,8.9,997.4,997.3,0.0,0.0,85.01,78.46,1,355,9.5,10.0,84.2,84.2,9.5,10.0,211.0,205.1,999.5,999.4,-6.16,302.41,-0.03,0.0597,6.9215,90.9,0.0,1434.741, NAN, NAN, NAN, NAN,,2024/04/13 08:31:48.636,2024-04-13 08:31:48.636000+00:00
2024/04/13, 08:32:48.636,41.373,-70.788,-0.58,211.05,259.23,0.13,8.8,8.9,997.4,997.4,0.0,0.0,85.01,78.46,4,357,12.1,11.8,84.3,84.2,12.1,11.8,214.8,207.8,999.5,999.5,-6.2,302.77,-0.02,0.0596,6.9196,90.0,0.0,1434.733, NAN, NAN, NAN, NAN,,2024/04/13 08:32:48.636,2024-04-13 08:32:48.636000+00:00
2024/04/13, 08:33:48.636,41.373,-70.788,-0.64,210.18,111.59,0.15,8.9,8.9,997.4,997.5,0.0,0.0,85.01,78.46,1,354,11.1,11.0,84.2,84.2,11.1,11.0,211.6,204.6,999.5,999.6,-6.12,302.48,-0.02,0.0597,6.9187,90.9,0.0,1434.729, NAN, NAN, NAN, NAN,,2024/04/13 08:33:48.636,2024-04-13 08:33:48.636000+00:00
2024/04/13, 08:34:48.636,41.373,-70.788,-0.46,209.71,140.68,0.08,8.9,8.9,997.4,997.4,0.0,0.0,85.01,78.46,0,359,10.4,10.8,84.2,84.1,10.4,10.8,209.9,208.9,999.5,999.5,-6.06,302.66,-0.02,0.0596,6.9176,90.6,0.0,1434.724, NAN, NAN, NAN, NAN,,2024/04/13 08:34:48.636,2024-04-13 08:34:48.636000+00:00
2024/04/13, 08:35:48.636,41.373,-70.788,-0.73,210.19,270.86,0.01,8.9,8.9,997.4,997.4,0.0,0.0,85.01,78.46,2,357,11.4,11.5,84.1,84.2,11.4,11.5,212.2,207.2,999.5,999.5,-6.11,303.43,-0.02,0.0596,6.9176,90.6,0.0,1434.724, NAN, NAN, NAN, NAN,,2024/04/13 08:35:48.636,2024-04-13 08:35:48.636000+00:00
2024/04/13, 08:36:48.636,41.373,-70.788,-0.62,210.29,313.49,0.13,8.9,8.9,997.4,997.4,0.0,0.0,85.01,78.46,2,354,9.8,10.9,84.1,84.0,9.8,10.9,211.9,204.0,999.5,999.5,-6.09,302.53,-0.02,0.0595,6.9163,90.9,0.0,1434.718, NAN, NAN, NAN, NAN,,2024/04/13 08:36:48.636,2024-04-13 08:36:48.636000+00:00
2024/04/13, 08:37:48.636,41.373,-70.788,-0.54,209.93,221.67,0.06,8.9,8.9,997.5,997.5,0.0,0.0,85.01,78.46,1,354,10.7,10.0,83.9,83.9,10.7,10.0,211.1,204.1,999.6,999.6,-6.09,302.79,-0.02,0.0597,6.914,90.9,0.0,1434.709, NAN, NAN, NAN, NAN,,2024/04/13 08:37:48.636,2024-04-13 08:37:48.636000+00:00
2024/04/13, 08:38:48.636,41.373,-70.788,-0.57,211.04,305.12,0.29,8.9,8.9,997.3,997.4,0.0,0.0,85.01,78.46,2,352,10.1,10.1,83.9,84.0,10.1,10.1,212.2,202.2,999.4,999.5,-6.18,302.96,-0.02,0.0595,6.9138,90.9,0.0,1434.708, NAN, NAN, NAN, NAN,,2024/04/13 08:38:48.636,2024-04-13 08:38:48.636000+00:00
2024/04/13, 08:39:48.636,41.373,-70.788,-0.54,209.64,87.85,0.06,8.9,8.9,997.3,997.3,0.0,0.0,85.01,78.46,5,357,10.8,10.6,83.7,83.8,10.8,10.6,214.8,206.8,999.4,999.4,-6.05,303.11,-0.02,0.0595,6.9131,90.6,0.0,1434.705, NAN, NAN, NAN, NAN,,2024/04/13 08:39:48.636,2024-04-13 08:39:48.636000+00:00
2024/04/13, 08:40:48.636,41.373,-70.788,-0.46,210.56,315.25,0.21,8.9,8.9,997.3,997.4,0.0,0.0,85.01,78.46,0,357,9.4,9.8,83.7,83.7,9.4,9.8,209.9,206.9,999.4,999.5,-6.03,302.03,-0.02,0.0593,6.9104,90.3,0.0,1434.693, NAN, NAN, NAN, NAN,,2024/04/13 08:40:48.636,2024-04-13 08:40:48.636000+00:00
2024/04/13, 08:41:48.636,41.373,-70.788,-0.64,211.13,280.31,0.2,8.9,8.9,997.3,997.2,0.0,0.0,85.01,78.46,0,354,9.0,9.6,83.5,83.6,8.9,9.6,210.6,204.6,999.4,999.3,-6.22,302.23,-0.02,0.0594,6.9081,90.9,0.0,1434.683, NAN, NAN, NAN, NAN,,2024/04/13 08:41:48.636,2024-04-13 08:41:48.636000+00:00
2024/04/13, 08:42:48.636,41.373,-70.788,-0.68,210.3,129.62,0.11,8.9,8.9,997.4,997.3,0.0,0.0,85.01,78.46,3,355,10.7,11.2,83.6,83.6,10.7,11.2,213.6,205.6,999.5,999.4,-6.09,302.52,-0.02,0.0596,6.9065,91.8,0.0,1434.677, NAN, NAN, NAN, NAN,,2024/04/13 08:42:48.636,2024-04-13 08:42:48.636000+00:00
2024/04/13, 08:43:48.636,41.373,-70.788,-0.65,210.26,303.92,0.12,8.9,8.9,997.4,997.4,0.0,0.0,85.01,78.46,358,357,9.7,10.1,83.8,83.6,9.7,10.1,207.9,206.9,999.5,999.5,-6.16,302.63,-0.02,0.0596,6.9057,90.9,0.0,1434.673, NAN, NAN, NAN, NAN,,2024/04/13 08:43:48.636,2024-04-13 08:43:48.636000+00:00
2024/04/13, 08:44:48.637,41.373,-70.788,-0.57,210.51,304.29,0.12,8.9,8.9,997.4,997.4,0.0,0.0,85.01,78.46,359,348,10.1,9.2,83.7,83.8,10.1,9.2,209.2,198.1,999.5,999.5,-6.05,302.03,-0.02,0.0595,6.9046,90.9,0.0,1434.668, NAN, NAN, NAN, NAN,,2024/04/13 08:44:48.637,2024-04-13 08:44:48.637000+00:00
2024/04/13, 08:45:48.637,41.373,-70.788,-0.63,209.4,87.34,0.18,8.9,8.9,997.4,997.4,0.0,0.0,85.01,78.46,0,352,10.3,9.1,83.7,83.7,10.4,9.1,209.8,201.9,999.5,999.5,-6.04,302.49,-0.02,0.0593,6.9041,91.5,0.0,1434.666, NAN, NAN, NAN, NAN,,2024/04/13 08:45:48.637,2024-04-13 08:45:48.637000+00:00
2024/04/13, 08:46:48.637,41.373,-70.788,-0.65,209.44,152.72,0.12,8.8,8.9,997.3,997.4,0.0,0.0,85.01,78.46,0,353,9.4,10.0,83.9,83.8,9.4,10.0,209.8,202.8,999.4,999.5,-6.19,301.96,-0.02,0.0594,6.903,90.6,0.0,1434.661, NAN, NAN, NAN, NAN,,2024/04/13 08:46:48.637,2024-04-13 08:46:48.637000+00:00
2024/04/13, 08:47:48.637,41.373,-70.788,-0.75,209.87,306.52,0.08,8.8,8.8,997.3,997.4,0.0,0.0,85.01,78.46,357,353,10.7,10.0,84.0,84.1,10.7,10.0,206.6,202.6,999.4,999.5,-6.13,302.5,-0.02,0.0594,6.9011,90.9,0.0,1434.653, NAN, NAN, NAN, NAN,,2024/04/13 08:47:48.637,2024-04-13 08:47:48.637000+00:00
2024/04/13, 08:48:48.637,41.373,-70.788,-0.49,209.78,333.53,0.06,8.8,8.8,997.4,997.4,0.0,0.0,85.01,78.46,1,356,8.3,9.1,84.1,84.1,8.3,9.1,210.6,205.7,999.5,999.5,-6.13,301.34,-0.02,0.0596,6.9013,90.3,0.0,1434.654, NAN, NAN, NAN, NAN,,2024/04/13 08:48:48.637,2024-04-13 08:48:48.637000+00:00
2024/04/13, 08:49:48.637,41.373,-70.788,-0.69,210.72,328.3,0.16,8.7,8.8,997.4,997.4,0.0,0.0,85.01,78.46,3,356,9.6,9.5,84.4,84.4,9.6,9.5,213.3,206.3,999.5,999.5,-6.31,301.71,-0.02,0.0594,6.9005,90.3,0.0,1434.651, NAN, NAN, NAN, NAN,,2024/04/13 08:49:48.637,2024-04-13 08:49:48.637000+00:00
2024/04/13, 08:50:48.637,41.373,-70.788,-0.63,210.09,208.38,0.14,8.7,8.7,997.4,997.4,0.0,0.0,85.01,78.46,358,355,10.9,10.0,84.5,84.5,10.8,9.9,208.3,205.3,999.5,999.5,-6.22,302.57,-0.03,0.0597,6.8987,91.5,0.0,1434.643, NAN, NAN, NAN, NAN,,2024/04/13 08:50:48.637,2024-04-13 08:50:48.637000+00:00
2024/04/13, 08:51:48.637,41.373,-70.788,-0.67,209.35,75.64,0.16,8.7,8.7,997.4,997.4,0.0,0.0,85.01,78.46,3,356,10.2,10.9,84.5,84.5,10.2,10.9,212.7,205.7,999.5,999.5,-6.17,302.19,-0.02,0.0593,6.8976,90.6,0.0,1434.638, NAN, NAN, NAN, NAN,,2024/04/13 08:51:48.637,2024-04-13 08:51:48.637000+00:00
2024/04/13, 08:52:48.637,41.373,-70.788,-0.76,209.85,313.17,0.05,8.7,8.7,997.4,997.4,0.0,0.0,85.01,78.46,4,357,9.8,9.2,84.8,84.7,9.8,9.2,213.7,206.7,999.5,999.5,-6.23,301.96,-0.02,0.0594,6.8976,90.3,0.0,1434.638, NAN, NAN, NAN, NAN,,2024/04/13 08:52:48.637,2024-04-13 08:52:48.637000+00:00
2024/04/13, 08:53:48.637,41.373,-70.788,-0.68,209.51,234.52,0.0,8.6,8.7,997.3,997.4,0.0,0.0,85.01,78.46,3,357,10.0,8.7,84.9,84.9,10.0,8.7,212.5,206.5,999.4,999.5,-6.18,302.16,-0.03,0.0595,6.897,90.9,0.0,1434.636, NAN, NAN, NAN, NAN,,2024/04/13 08:53:48.637,2024-04-13 08:53:48.637000+00:00
2024/04/13, 08:54:48.637,41.373,-70.788,-0.68,210.41,149.79,0.09,8.6,8.6,997.5,997.4,0.0,0.0,85.01,78.46,4,358,8.9,8.4,85.0,85.0,8.9,8.4,214.6,208.6,999.6,999.5,-6.24,302.03,-0.02,0.0593,6.8965,90.6,0.0,1434.633, NAN, NAN, NAN, NAN,,2024/04/13 08:54:48.637,2024-04-13 08:54:48.637000+00:00
2024/04/13, 08:55:48.637,41.373,-70.788,-0.68,209.8,53.17,0.09,8.6,8.6,997.4,997.4,0.0,0.0,85.01,78.46,3,354,10.0,8.9,85.2,85.2,10.0,8.9,213.0,204.0,999.5,999.5,-6.28,302.31,-0.03,0.0593,6.8966,90.9,0.0,1434.634, NAN, NAN, NAN, NAN,,2024/04/13 08:55:48.637,2024-04-13 08:55:48.637000+00:00
2024/04/13, 08:56:48.637,41.373,-70.788,-0.69,209.58,126.34,0.24,8.5,8.6,997.4,997.4,0.0,0.0,85.01,78.46,3,352,9.7,10.6,85.4,85.4,9.7,10.6,213.3,202.2,999.5,999.5,-6.27,302.65,-0.02,0.0594,6.8967,90.9,0.0,1434.634, NAN, NAN, NAN, NAN,,2024/04/13 08:56:48.637,2024-04-13 08:56:48.637000+00:00
2024/04/13, 08:57:48.637,41.373,-70.788,-0.75,210.3,316.03,0.19,8.5,8.6,997.4,997.4,0.0,0.0,85.01,78.46,3,0,9.8,10.3,85.6,85.6,9.8,10.3,212.7,209.8,999.5,999.5,-6.29,302.76,-0.02,0.0593,6.8961,90.6,0.0,1434.632, NAN, NAN, NAN, NAN,,2024/04/13 08:57:48.637,2024-04-13 08:57:48.637000+00:00
2024/04/13, 08:58:48.637,41.373,-70.788,-0.67,208.97,119.08,0.06,8.6,8.6,997.4,997.5,0.0,0.0,85.01,78.46,3,354,9.9,9.9,85.3,85.4,9.9,9.9,212.1,203.1,999.5,999.6,-6.23,303.17,-0.02,0.0594,6.8965,90.6,0.0,1434.634, NAN, NAN, NAN, NAN,,2024/04/13 08:58:48.637,2024-04-13 08:58:48.637000+00:00
2024/04/13, 08:59:48.637,41.373,-70.788,-0.65,208.16,235.16,0.49,8.6,8.6,997.3,997.4,0.0,0.0,85.01,78.46,5,359,10.1,9.8,85.3,85.4,9.9,9.6,212.8,206.6,999.4,999.5,-6.1,303.08,-0.02,0.0593,6.8972,90.0,0.0,1434.636, NAN, NAN, NAN, NAN,,2024/04/13 08:59:48.637,2024-04-13 08:59:48.637000+00:00
2024/04/13, 09:00:48.637,41.373,-70.789,1.12,227.68,219.52,2.76,8.6,8.6,997.3,997.3,0.0,0.0,85.01,78.46,352,339,10.7,10.9,85.3,85.3,9.3,9.5,219.2,204.3,999.4,999.4,-6.11,303.54,-0.02,0.0594,6.8963,90.6,0.0,1434.633, NAN, NAN, NAN, NAN,,2024/04/13 09:00:48.637,2024-04-13 09:00:48.637000+00:00
2024/04/13, 09:01:48.638,41.372,-70.79,2.62,268.16,266.97,3.97,8.6,8.6,997.3,997.2,0.0,0.0,85.01,78.46,314,313,11.3,13.7,85.2,85.3,9.9,12.3,213.9,214.4,999.4,999.3,-6.15,303.52,-0.02,0.0593,6.8929,90.3,0.0,1434.618, NAN, NAN, NAN, NAN,,2024/04/13 09:01:48.638,2024-04-13 09:01:48.638000+00:00
2024/04/13, 09:02:48.638,41.372,-70.792,5.6,271.73,272.34,6.5,8.6,8.6,997.5,997.4,0.0,0.0,85.01,78.46,307,308,12.1,14.7,85.1,85.1,10.5,12.9,203.9,207.9,999.6,999.5,-6.12,303.58,-0.02,0.059,6.8874,90.6,0.0,1434.594, NAN, NAN, NAN, NAN,,2024/04/13 09:02:48.638,2024-04-13 09:02:48.638000+00:00
2024/04/13, 09:03:48.638,41.372,-70.795,7.56,270.9,271.61,8.49,8.6,8.6,997.6,997.3,0.0,0.0,85.01,78.46,313,314,11.8,14.6,85.1,85.1,9.4,12.0,203.9,209.6,999.7,999.4,-6.1,303.25,-0.02,0.0588,6.8826,90.6,0.0,1434.573, NAN, NAN, NAN, NAN,,2024/04/13 09:03:48.638,2024-04-13 09:03:48.638000+00:00
2024/04/13, 09:04:48.638,41.372,-70.798,8.96,271.71,272.2,9.79,8.6,8.6,997.6,997.4,0.0,0.0,85.01,78.46,315,310,12.2,14.6,85.1,85.1,9.4,12.0,204.2,202.9,999.7,999.5,-6.04,303.26,-0.02,0.0584,6.8809,90.9,0.0,1434.565, NAN, NAN, NAN, NAN,,2024/04/13 09:04:48.638,2024-04-13 09:04:48.638000+00:00
2024/04/13, 09:05:48.638,41.373,-70.802,10.09,272.32,272.67,10.96,8.5,8.6,997.5,997.4,0.0,0.0,85.01,78.46,313,313,11.2,13.7,85.2,85.2,8.5,10.7,196.0,202.6,999.6,999.5,-5.96,303.22,-0.02,0.0578,6.8867,91.8,0.0,1434.589, NAN, NAN, NAN, NAN,,2024/04/13 09:05:48.638,2024-04-13 09:05:48.638000+00:00
2024/04/13, 09:06:48.638,41.373,-70.806,10.55,271.96,273.1,11.49,8.5,8.5,997.6,997.4,0.0,0.0,85.01,78.46,315,316,10.9,13.5,85.4,85.4,8.0,10.2,195.0,203.9,999.7,999.5,-6.09,302.94,-0.01,0.057,6.8964,93.0,0.0,1434.63, NAN, NAN, NAN, NAN,,2024/04/13 09:06:48.638,2024-04-13 09:06:48.638000+00:00
2024/04/13, 09:07:48.638,41.373,-70.81,10.66,271.51,271.53,11.53,8.5,8.5,997.6,997.3,0.0,0.0,85.01,78.46,318,318,11.9,14.6,85.4,85.7,8.5,11.0,201.6,208.2,999.7,999.4,-6.11,302.7,-0.02,0.0566,6.9057,92.4,0.0,1434.669, NAN, NAN, NAN, NAN,,2024/04/13 09:07:48.638,2024-04-13 09:07:48.638000+00:00
2024/04/13, 09:08:48.638,41.373,-70.815,10.74,271.23,271.25,11.67,8.4,8.4,997.4,997.3,0.0,0.0,85.01,78.46,318,318,11.8,13.9,86.0,86.0,8.4,10.3,200.5,206.1,999.5,999.4,-6.14,302.27,-0.02,0.0555,6.9156,94.0,0.0,1434.71, NAN, NAN, NAN, NAN,,2024/04/13 09:08:48.638,2024-04-13 09:08:48.638000+00:00
2024/04/13, 09:09:48.638,41.373,-70.819,10.82,271.85,274.41,11.65,8.4,8.4,997.4,997.3,0.0,0.0,85.01,78.46,318,313,10.6,13.7,86.0,86.0,7.5,10.7,196.4,200.1,999.5,999.4,-6.1,302.35,-0.02,0.0544,6.923,94.6,0.0,1434.74, NAN, NAN, NAN, NAN,,2024/04/13 09:09:48.638,2024-04-13 09:09:48.638000+00:00
2024/04/13, 09:10:48.638,41.373,-70.823,10.85,271.66,272.34,11.79,8.3,8.3,997.6,997.2,0.0,0.0,85.01,78.46,314,314,10.1,12.5,86.5,86.5,7.4,9.4,189.1,197.8,999.7,999.3,-6.16,301.97,-0.02,0.0539,6.9378,94.6,0.0,1434.803, NAN, NAN, NAN, NAN,,2024/04/13 09:10:48.638,2024-04-13 09:10:48.638000+00:00
2024/04/13, 09:11:48.638,41.373,-70.827,10.92,271.76,273.46,11.72,8.2,8.3,997.6,997.2,0.0,0.0,85.01,78.46,317,316,10.9,13.8,87.0,87.0,7.8,10.4,196.3,203.7,999.7,999.3,-6.24,302.23,-0.02,0.0535,6.9503,94.3,0.0,1434.856, NAN, NAN, NAN, NAN,,2024/04/13 09:11:48.638,2024-04-13 09:11:48.638000+00:00
2024/04/13, 09:12:48.638,41.373,-70.832,10.8,271.52,271.14,11.66,8.2,8.2,997.4,997.2,0.0,0.0,85.01,78.46,318,316,10.9,13.4,87.4,87.4,7.6,10.0,197.6,202.9,999.5,999.3,-6.3,302.22,-0.01,0.0532,6.9598,93.3,0.0,1434.896, NAN, NAN, NAN, NAN,,2024/04/13 09:12:48.638,2024-04-13 09:12:48.638000+00:00
2024/04/13, 09:13:48.638,41.374,-70.836,10.82,271.96,273.34,11.92,8.2,8.2,997.3,997.2,0.0,0.0,85.01,78.46,320,317,11.0,14.0,87.8,87.7,7.6,10.5,199.7,205.0,999.4,999.3,-6.21,302.57,-0.02,0.0535,6.9785,93.0,0.0,1434.977, NAN, NAN, NAN, NAN,,2024/04/13 09:13:48.638,2024-04-13 09:13:48.638000+00:00
2024/04/13, 09:14:48.638,41.374,-70.84,10.78,271.47,273.67,11.83,8.1,8.2,997.4,997.2,0.0,0.0,85.01,78.46,320,318,11.7,14.2,88.0,88.0,8.2,10.7,202.0,206.2,999.5,999.3,-6.2,302.92,-0.02,0.0531,6.9954,93.0,0.0,1435.048, NAN, NAN, NAN, NAN,,2024/04/13 09:14:48.638,2024-04-13 09:14:48.638000+00:00
2024/04/13, 09:15:48.638,41.374,-70.845,10.65,272.03,272.87,11.59,8.1,8.2,997.3,997.2,0.0,0.0,85.01,78.46,321,319,12.7,15.2,88.1,88.1,9.0,11.5,207.8,210.7,999.4,999.3,-6.15,303.06,-0.02,0.0534,7.012,92.8,0.0,1435.12, NAN, NAN, NAN, NAN,,2024/04/13 09:15:48.638,2024-04-13 09:15:48.638000+00:00
2024/04/13, 09:16:48.639,41.374,-70.849,10.54,270.75,270.78,11.6,8.2,8.2,997.4,997.0,0.0,0.0,85.01,78.46,322,320,12.7,15.6,87.9,88.0,8.9,11.8,207.8,211.3,999.5,999.1,-6.12,303.14,-0.01,0.0534,7.0326,92.8,0.0,1435.208, NAN, NAN, NAN, NAN,,2024/04/13 09:16:48.639,2024-04-13 09:16:48.639000+00:00
2024/04/13, 09:17:48.639,41.374,-70.853,10.5,270.5,272.27,11.55,8.2,8.2,997.2,996.9,0.0,0.0,85.01,78.46,323,320,13.4,16.4,87.6,87.7,9.5,12.6,210.7,212.3,999.3,999.0,-6.07,303.4,-0.02,0.0525,7.0544,92.8,0.0,1435.299, NAN, NAN, NAN, NAN,,2024/04/13 09:17:48.639,2024-04-13 09:17:48.639000+00:00
2024/04/13, 09:18:48.639,41.374,-70.858,10.47,271.33,268.86,11.15,8.3,8.3,997.3,996.8,0.0,0.0,85.01,78.46,323,319,13.5,16.7,87.3,87.4,9.6,13.0,213.0,213.3,999.4,998.9,-5.97,303.43,-0.01,0.0539,7.0518,93.6,0.0,1435.29, NAN, NAN, NAN, NAN,,2024/04/13 09:18:48.639,2024-04-13 09:18:48.639000+00:00
2024/04/13, 09:19:48.639,41.375,-70.862,10.54,271.02,270.51,11.48,8.3,8.3,997.2,996.9,0.0,0.0,85.01,78.46,324,321,12.8,16.6,86.9,87.0,8.7,12.5,211.8,214.9,999.3,999.0,-5.88,303.16,-0.01,0.055,7.1172,92.1,0.0,1435.57, NAN, NAN, NAN, NAN,,2024/04/13 09:19:48.639,2024-04-13 09:19:48.639000+00:00
2024/04/13, 09:20:48.639,41.375,-70.866,10.79,271.24,268.21,11.33,8.3,8.3,997.1,996.9,0.0,0.0,85.01,78.46,325,321,13.7,16.1,86.8,86.8,9.5,12.1,215.9,214.8,999.2,999.0,-5.97,303.53,-0.01,0.0586,7.1636,98.0,0.0,1435.773, NAN, NAN, NAN, NAN,,2024/04/13 09:20:48.639,2024-04-13 09:20:48.639000+00:00
2024/04/13, 09:21:48.639,41.375,-70.87,10.38,271.68,273.28,11.12,8.3,8.3,997.2,996.9,0.0,0.0,85.01,78.46,324,321,12.9,16.6,86.6,86.7,9.1,12.8,213.1,215.8,999.3,999.0,-5.93,303.55,-0.01,0.5567,7.1908,186.4,9.8,1436.53, NAN, NAN, NAN, NAN,,2024/04/13 09:21:48.639,2024-04-13 09:21:48.639000+00:00
2024/04/13, 09:22:48.639,41.375,-70.874,10.45,272.58,280.28,11.24,8.3,8.3,997.0,997.1,0.0,0.0,85.01,78.46,324,321,12.9,17.3,86.6,86.7,9.4,13.8,212.6,216.6,999.1,999.2,-5.9,303.6,-0.01,30.614,7.2018,387.8,33.3,1474.045, NAN, NAN, NAN, NAN,,2024/04/13 09:22:48.639,2024-04-13 09:22:48.639000+00:00
2024/04/13, 09:23:48.639,41.375,-70.878,10.47,270.71,271.59,11.1,8.3,8.3,997.3,996.8,0.0,0.0,85.01,78.46,324,321,13.1,15.7,86.6,86.7,9.2,11.9,212.8,213.8,999.4,998.9,-5.89,303.47,-0.01,30.8488,7.1687,258.0,26.2,1474.209, NAN, NAN, NAN, NAN,,2024/04/13 09:23:48.639,2024-04-13 09:23:48.639000+00:00
2024/04/13, 09:24:48.639,41.375,-70.882,10.31,251.18,250.23,10.73,8.3,8.3,997.2,996.9,0.0,0.0,85.01,78.46,331,328,13.0,15.5,86.6,86.6,8.8,11.4,203.0,203.3,999.3,999.0,-5.9,303.33,-0.01,30.8747,7.1522,266.2,38.3,1474.177, NAN, NAN, NAN, NAN,,2024/04/13 09:24:48.639,2024-04-13 09:24:48.639000+00:00
2024/04/13, 09:25:48.639,41.374,-70.886,9.16,241.16,241.72,10.26,8.3,8.3,996.8,996.7,0.0,0.0,85.01,78.46,341,336,13.4,14.4,86.6,86.6,8.7,10.0,209.0,203.2,998.9,998.8,-5.81,303.4,-0.01,30.8928,7.1293,255.0,59.7,1474.11, NAN, NAN, NAN, NAN,,2024/04/13 09:25:48.639,2024-04-13 09:25:48.639000+00:00
2024/04/13, 09:26:48.639,41.373,-70.889,9.61,239.29,244.26,10.64,8.3,8.3,996.8,996.9,0.0,0.0,85.01,78.46,345,337,13.8,14.0,86.7,86.8,8.8,9.4,212.7,201.2,998.9,999.0,-5.88,303.65,-0.0,30.9046,7.0863,261.9,49.1,1473.957, NAN, NAN, NAN, NAN,,2024/04/13 09:26:48.639,2024-04-13 09:26:48.639000+00:00
2024/04/13, 09:27:48.639,41.371,-70.893,9.72,241.23,249.87,10.55,8.3,8.3,996.7,996.8,0.0,0.0,85.01,78.46,343,336,14.3,15.1,86.6,86.7,9.5,10.7,211.8,202.9,998.8,998.9,-5.85,304.07,-0.01,30.896,7.0298,254.7,49.1,1473.726, NAN, NAN, NAN, NAN,,2024/04/13 09:27:48.639,2024-04-13 09:27:48.639000+00:00
2024/04/13, 09:28:48.639,41.37,-70.896,9.43,240.9,244.7,10.48,8.3,8.3,996.8,996.8,0.0,0.0,85.01,78.46,341,336,13.9,14.3,86.4,86.5,9.1,9.8,209.2,202.5,998.9,998.9,-5.88,304.01,-0.0,30.8959,6.952,256.4,49.6,1473.421, NAN, NAN, NAN, NAN,,2024/04/13 09:28:48.639,2024-04-13 09:28:48.639000+00:00
2024/04/13, 09:29:48.639,41.369,-70.9,9.56,241.16,241.31,10.57,8.4,8.4,997.0,996.8,0.0,0.0,85.01,78.46,342,336,14.2,15.1,86.1,86.2,9.2,10.4,212.4,204.6,999.1,998.9,-5.87,304.25,0.01,30.9076,6.917,248.3,49.8,1473.298, NAN, NAN, NAN, NAN,,2024/04/13 09:29:48.639,2024-04-13 09:29:48.639000+00:00
2024/04/13, 09:30:48.639,41.367,-70.903,9.69,243.11,248.26,10.36,8.4,8.4,996.8,996.6,0.0,0.0,85.01,78.46,346,338,15.1,15.6,85.9,86.0,10.2,11.1,219.3,208.6,998.9,998.7,-5.76,304.58,0.02,30.929,6.8973,233.9,50.0,1473.248, NAN, NAN, NAN, NAN,,2024/04/13 09:30:48.639,2024-04-13 09:30:48.639000+00:00
2024/04/13, 09:31:48.639,41.366,-70.907,9.52,242.04,245.07,10.47,8.4,8.4,997.0,996.8,0.0,0.0,85.01,78.46,346,338,14.9,15.6,85.8,85.9,9.9,10.9,219.0,208.2,999.1,998.9,-5.8,304.57,0.02,30.9506,6.8854,214.2,50.1,1473.228, NAN, NAN, NAN, NAN,,2024/04/13 09:31:48.639,2024-04-13 09:31:48.639000+00:00
2024/04/13, 09:32:48.640,41.365,-70.91,9.81,240.67,236.75,10.31,8.4,8.5,996.8,996.8,0.0,0.0,85.01,78.46,343,338,15.0,15.2,85.8,85.6,10.0,10.4,216.0,208.9,998.9,998.9,-5.86,304.38,0.03,30.9799,6.8749,204.1,50.0,1473.224, NAN, NAN, NAN, NAN,,2024/04/13 09:32:48.640,2024-04-13 09:32:48.640000+00:00
2024/04/13, 09:33:48.640,41.363,-70.913,9.4,237.73,232.81,10.28,8.5,8.5,997.0,996.8,0.0,0.0,85.01,78.46,347,341,13.8,14.3,85.3,85.4,8.7,9.4,217.9,209.1,999.1,998.9,-5.82,303.51,0.05,30.9898,6.8634,197.7,50.1,1473.191, NAN, NAN, NAN, NAN,,2024/04/13 09:33:48.640,2024-04-13 09:33:48.640000+00:00
2024/04/13, 09:34:48.640,41.362,-70.917,9.59,241.52,243.92,10.02,8.4,8.5,996.8,997.0,0.0,0.0,85.01,78.46,345,339,13.7,14.1,85.2,85.3,8.9,9.6,216.5,208.1,998.9,999.1,-5.73,303.5,0.06,30.9926,6.8628,193.7,50.3,1473.192, NAN, NAN, NAN, NAN,,2024/04/13 09:34:48.640,2024-04-13 09:34:48.640000+00:00
2024/04/13, 09:35:48.640,41.361,-70.92,9.48,240.38,244.19,10.12,8.4,8.5,997.0,997.0,0.0,0.0,85.01,78.46,346,340,13.8,14.6,85.4,85.5,8.9,10.0,217.0,209.0,999.1,999.1,-5.8,303.99,0.08,31.0015,6.8694,195.6,50.3,1473.229, NAN, NAN, NAN, NAN,,2024/04/13 09:35:48.640,2024-04-13 09:35:48.640000+00:00
2024/04/13, 09:36:48.640,41.359,-70.923,9.31,239.31,241.36,10.09,8.4,8.5,997.0,996.8,0.0,0.0,85.01,78.46,346,341,14.0,14.3,85.5,85.6,9.1,9.6,216.8,209.6,999.1,998.9,-5.84,303.98,0.1,31.0126,6.8736,188.5,50.1,1473.259, NAN, NAN, NAN, NAN,,2024/04/13 09:36:48.640,2024-04-13 09:36:48.640000+00:00
2024/04/13, 09:37:48.640,41.358,-70.926,9.39,241.89,242.58,9.73,8.5,8.5,997.2,997.0,0.0,0.0,85.01,78.46,348,341,13.5,14.0,85.3,85.4,8.7,9.5,221.7,211.8,999.3,999.1,-5.76,305.02,0.12,31.0083,6.8734,188.0,50.2,1473.253, NAN, NAN, NAN, NAN,,2024/04/13 09:37:48.640,2024-04-13 09:37:48.640000+00:00
2024/04/13, 09:38:48.640,41.357,-70.93,9.33,240.55,239.15,10.17,8.5,8.5,997.0,997.1,0.0,0.0,85.01,78.46,346,340,14.1,14.5,85.1,85.2,9.1,9.7,219.4,210.7,999.1,999.2,-5.79,305.73,0.15,31.0006,6.8751,182.1,50.2,1473.25, NAN, NAN, NAN, NAN,,2024/04/13 09:38:48.640,2024-04-13 09:38:48.640000+00:00
2024/04/13, 09:39:48.640,41.355,-70.933,9.39,240.24,236.54,10.0,8.6,8.6,996.8,997.2,0.0,0.0,85.01,78.46,346,339,13.7,14.5,84.8,84.9,8.8,9.8,218.4,208.7,998.9,999.3,-5.82,306.54,0.19,31.0006,6.8772,186.8,50.0,1473.258, NAN, NAN, NAN, NAN,,2024/04/13 09:39:48.640,2024-04-13 09:39:48.640000+00:00
2024/04/13, 09:40:48.640,41.354,-70.936,9.45,240.04,239.72,9.98,8.6,8.6,997.1,996.9,0.0,0.0,85.01,78.46,347,341,13.8,14.5,84.4,84.5,8.9,9.8,219.6,211.3,999.2,999.0,-5.7,307.94,0.25,30.9978,6.8791,193.5,49.8,1473.262, NAN, NAN, NAN, NAN,,2024/04/13 09:40:48.640,2024-04-13 09:40:48.640000+00:00
2024/04/13, 09:41:48.640,41.353,-70.939,9.55,239.3,239.22,10.35,8.6,8.6,997.0,997.0,0.0,0.0,85.01,78.46,346,341,14.0,14.1,84.3,84.3,8.9,9.2,216.9,209.4,999.1,999.1,-5.64,309.38,0.31,30.9934,6.8811,192.2,49.9,1473.265, NAN, NAN, NAN, NAN,,2024/04/13 09:41:48.640,2024-04-13 09:41:48.640000+00:00
2024/04/13, 09:42:48.640,41.351,-70.943,9.6,239.95,233.84,10.09,8.6,8.6,996.9,997.0,0.0,0.0,85.01,78.46,347,341,14.8,14.9,84.4,84.4,9.8,10.0,221.3,212.4,999.0,999.1,-5.62,311.79,0.4,30.9938,6.8829,192.8,50.0,1473.272, NAN, NAN, NAN, NAN,,2024/04/13 09:42:48.640,2024-04-13 09:42:48.640000+00:00
2024/04/13, 09:43:48.640,41.35,-70.946,9.44,239.92,246.41,10.27,8.6,8.6,997.0,996.8,0.0,0.0,85.01,78.46,346,341,15.2,15.0,84.4,84.5,10.3,10.3,216.8,209.4,999.1,998.9,-5.65,314.99,0.5,30.9878,6.8828,195.0,49.9,1473.264, NAN, NAN, NAN, NAN,,2024/04/13 09:43:48.640,2024-04-13 09:43:48.640000+00:00
2024/04/13, 09:44:48.640,41.349,-70.949,9.62,242.32,246.87,10.03,8.6,8.6,996.8,997.2,0.0,0.0,85.01,78.46,347,341,14.0,14.8,84.4,84.4,9.2,10.3,219.8,211.9,998.9,999.3,-5.49,316.64,0.63,30.992,6.8771,198.4,50.1,1473.247, NAN, NAN, NAN, NAN,,2024/04/13 09:44:48.640,2024-04-13 09:44:48.640000+00:00
2024/04/13, 09:45:48.640,41.347,-70.952,9.21,240.43,245.04,9.34,8.6,8.6,996.5,997.3,0.0,0.0,85.01,78.46,348,341,14.3,15.0,84.4,84.4,9.8,10.8,220.5,211.2,998.6,999.4,-5.48,316.45,0.82,30.992,6.8664,196.2,50.0,1473.205, NAN, NAN, NAN, NAN,,2024/04/13 09:45:48.640,2024-04-13 09:45:48.640000+00:00
2024/04/13, 09:46:48.640,41.346,-70.956,8.91,241.43,246.54,9.48,8.6,8.6,997.0,996.9,0.0,0.0,85.01,78.46,349,341,14.2,15.0,84.5,84.5,9.6,10.6,223.3,212.5,999.1,999.0,-5.43,314.22,1.01,30.9911,6.8564,198.6,49.9,1473.165, NAN, NAN, NAN, NAN,,2024/04/13 09:46:48.640,2024-04-13 09:46:48.640000+00:00
2024/04/13, 09:47:48.641,41.345,-70.959,9.09,240.92,247.01,9.56,8.6,8.6,997.0,996.8,0.0,0.0,85.01,78.46,348,340,15.0,15.6,84.4,84.5,10.4,11.3,221.2,210.6,999.1,998.9,-5.44,312.96,1.26,30.9952,6.8461,198.0,50.0,1473.13, NAN, NAN, NAN, NAN,,2024/04/13 09:47:48.641,2024-04-13 09:47:48.641000+00:00
2024/04/13, 09:48:48.641,41.344,-70.962,9.38,241.45,246.73,9.71,8.6,8.6,996.6,997.0,0.0,0.0,85.01,78.46,350,342,14.8,15.3,84.3,84.4,10.0,10.8,224.6,213.5,998.7,999.1,-5.34,311.77,1.54,31.0001,6.8383,193.2,50.0,1473.105, NAN, NAN, NAN, NAN,,2024/04/13 09:48:48.641,2024-04-13 09:48:48.641000+00:00
2024/04/13, 09:49:48.641,41.342,-70.965,9.33,239.67,241.15,9.88,8.6,8.6,996.8,996.8,0.0,0.0,85.01,78.46,351,344,15.5,15.9,84.2,84.2,10.5,11.1,225.9,216.0,998.9,998.9,-5.38,311.16,1.88,31.0071,6.8341,192.5,49.9,1473.097, NAN, NAN, NAN, NAN,,2024/04/13 09:49:48.641,2024-04-13 09:49:48.641000+00:00
2024/04/13, 09:50:48.641,41.341,-70.968,9.25,238.72,233.7,9.85,8.6,8.6,996.9,996.8,0.0,0.0,85.01,78.46,350,345,15.7,16.1,84.1,84.1,10.7,11.2,225.4,218.3,999.0,998.9,-5.22,310.36,2.33,31.0071,6.8272,202.6,49.5,1473.07, NAN, NAN, NAN, NAN,,2024/04/13 09:50:48.641,2024-04-13 09:50:48.641000+00:00
2024/04/13, 09:51:48.641,41.34,-70.971,9.04,240.86,243.58,9.44,8.6,8.7,996.5,997.0,0.0,0.0,85.01,78.46,350,342,15.8,16.3,84.0,84.0,11.1,11.9,225.1,214.3,998.6,999.1,-5.13,309.72,2.81,31.0052,6.8201,203.5,49.7,1473.04, NAN, NAN, NAN, NAN,,2024/04/13 09:51:48.641,2024-04-13 09:51:48.641000+00:00
2024/04/13, 09:52:48.641,41.339,-70.974,9.18,241.55,256.72,9.65,8.6,8.7,996.8,997.0,0.0,0.0,85.01,78.46,348,343,15.7,15.2,83.9,83.9,11.2,11.0,220.3,212.9,998.9,999.1,-5.12,310.72,3.33,31.01,6.8173,201.1,49.7,1473.035, NAN, NAN, NAN, NAN,,2024/04/13 09:52:48.641,2024-04-13 09:52:48.641000+00:00
2024/04/13, 09:53:48.641,41.337,-70.977,9.08,240.35,236.34,9.54,8.6,8.7,996.9,996.6,0.0,0.0,85.01,78.46,348,342,15.1,14.8,83.8,83.9,10.3,10.2,223.2,214.3,999.0,998.7,-4.97,312.5,3.94,31.0144,6.8143,209.6,49.8,1473.029, NAN, NAN, NAN, NAN,,2024/04/13 09:53:48.641,2024-04-13 09:53:48.641000+00:00
2024/04/13, 09:54:48.641,41.336,-70.98,9.09,240.02,236.74,9.4,8.6,8.7,997.1,996.8,0.0,0.0,85.01,78.46,348,339,14.7,15.2,83.8,83.9,10.0,10.8,223.1,210.5,999.2,998.9,-4.78,315.5,4.57,31.0125,6.8084,202.6,49.4,1473.003, NAN, NAN, NAN, NAN,,2024/04/13 09:54:48.641,2024-04-13 09:54:48.641000+00:00
2024/04/13, 09:55:48.641,41.335,-70.983,9.36,240.98,242.19,9.95,8.6,8.6,996.6,996.8,0.0,0.0,85.01,78.46,345,339,14.8,15.0,83.9,84.0,10.0,10.4,217.9,209.4,998.7,998.9,-4.56,318.15,5.49,31.0104,6.8043,201.7,49.7,1472.984, NAN, NAN, NAN, NAN,,2024/04/13 09:55:48.641,2024-04-13 09:55:48.641000+00:00
2024/04/13, 09:56:48.641,41.334,-70.987,9.45,241.25,248.15,9.68,8.6,8.6,996.8,997.0,0.0,0.0,85.01,78.46,345,338,14.1,14.7,84.1,84.1,9.6,10.6,215.4,206.3,998.9,999.1,-4.34,320.47,6.33,31.0083,6.8006,202.3,49.9,1472.967, NAN, NAN, NAN, NAN,,2024/04/13 09:56:48.641,2024-04-13 09:56:48.641000+00:00
2024/04/13, 09:57:48.641,41.332,-70.99,9.29,239.91,245.37,9.79,8.5,8.5,996.8,996.9,0.0,0.0,85.01,78.46,344,340,13.3,13.7,84.4,84.4,8.8,9.3,212.5,207.2,998.9,999.0,-4.24,322.57,7.29,31.0091,6.7925,201.7,49.8,1472.936, NAN, NAN, NAN, NAN,,2024/04/13 09:57:48.641,2024-04-13 09:57:48.641000+00:00
2024/04/13, 09:58:48.641,41.331,-70.993,9.68,240.17,254.68,10.12,8.4,8.5,997.3,996.8,0.0,0.0,85.01,78.46,344,338,14.2,14.1,84.8,84.8,9.8,10.1,210.5,202.1,999.4,998.9,-4.03,324.56,8.3,31.016,6.7861,197.4,49.6,1472.92, NAN, NAN, NAN, NAN,,2024/04/13 09:58:48.641,2024-04-13 09:58:48.641000+00:00
2024/04/13, 09:59:48.641,41.33,-70.996,9.48,241.1,236.11,9.55,8.4,8.4,997.0,997.0,0.0,0.0,85.01,78.46,344,338,13.3,14.0,85.2,85.2,8.6,9.6,216.8,208.6,999.1,999.1,-3.82,323.08,9.66,31.0145,6.7836,200.4,49.2,1472.908, NAN, NAN, NAN, NAN,,2024/04/13 09:59:48.641,2024-04-13 09:59:48.641000+00:00
2024/04/13, 10:00:48.641,41.328,-70.999,9.63,240.45,234.92,9.8,8.4,8.4,996.8,996.9,0.0,0.0,85.01,78.46,343,338,13.6,14.1,85.4,85.5,8.8,9.5,215.0,208.1,998.9,999.0,-3.57,319.24,10.82,31.0156,6.7829,199.9,49.3,1472.907, NAN, NAN, NAN, NAN,,2024/04/13 10:00:48.641,2024-04-13 10:00:48.641000+00:00
2024/04/13, 10:01:48.641,41.327,-71.003,9.72,239.21,246.03,9.66,8.3,8.4,997.2,997.0,0.0,0.0,85.01,78.46,344,340,13.2,13.5,85.7,85.6,8.7,9.2,212.0,206.5,999.3,999.1,-3.39,314.56,12.1,31.0158,6.783,198.0,49.4,1472.907, NAN, NAN, NAN, NAN,,2024/04/13 10:01:48.641,2024-04-13 10:01:48.641000+00:00
2024/04/13, 10:02:48.641,41.326,-71.006,9.63,240.61,233.12,9.75,8.3,8.3,997.2,996.8,0.0,0.0,85.01,78.46,347,340,13.3,13.7,85.9,85.9,8.4,9.0,221.7,211.3,999.3,998.9,-3.33,308.76,13.42,31.011,6.7817,200.4,46.6,1472.896, NAN, NAN, NAN, NAN,,2024/04/13 10:02:48.641,2024-04-13 10:02:48.641000+00:00
2024/04/13, 10:03:48.642,41.325,-71.009,9.62,240.36,240.63,9.99,8.3,8.3,997.0,997.0,0.0,0.0,85.01,78.46,346,340,13.5,13.9,86.1,86.1,8.7,9.3,217.3,208.8,999.1,999.1,-3.11,305.5,14.93,31.0127,6.7746,198.0,45.9,1472.87, NAN, NAN, NAN, NAN,,2024/04/13 10:03:48.642,2024-04-13 10:03:48.642000+00:00
2024/04/13, 10:04:48.642,41.323,-71.012,9.86,239.48,241.38,10.28,8.3,8.3,996.7,996.8,0.0,0.0,85.01,78.46,347,341,13.8,13.6,86.1,86.1,8.8,8.8,218.2,208.8,998.8,998.9,-2.86,304.67,16.78,31.0143,6.7644,201.1,45.8,1472.832, NAN, NAN, NAN, NAN,,2024/04/13 10:04:48.642,2024-04-13 10:04:48.642000+00:00
2024/04/13, 10:05:48.642,41.322,-71.015,9.73,239.77,237.57,10.3,8.3,8.3,996.9,996.8,0.0,0.0,85.01,78.46,348,341,13.9,13.8,86.1,86.1,8.8,8.9,221.1,210.1,999.0,998.9,-2.48,305.01,18.58,31.0186,6.7537,195.9,46.0,1472.796, NAN, NAN, NAN, NAN,,2024/04/13 10:05:48.642,2024-04-13 10:05:48.642000+00:00
2024/04/13, 10:06:48.642,41.321,-71.019,9.61,239.51,242.35,9.95,8.3,8.4,996.7,997.0,0.0,0.0,85.01,78.46,348,342,14.3,14.1,85.8,85.9,9.4,9.4,220.1,210.9,998.8,999.1,-2.13,305.79,20.43,31.0177,6.7444,195.2,46.7,1472.758, NAN, NAN, NAN, NAN,,2024/04/13 10:06:48.642,2024-04-13 10:06:48.642000+00:00
2024/04/13, 10:07:48.642,41.319,-71.022,9.69,240.21,234.14,9.54,8.4,8.4,996.8,996.8,0.0,0.0,85.01,78.46,348,342,14.3,14.8,85.6,85.7,9.5,10.2,222.8,214.3,998.9,998.9,-1.91,307.54,22.27,31.0229,6.7397,195.9,46.8,1472.746, NAN, NAN, NAN, NAN,,2024/04/13 10:07:48.642,2024-04-13 10:07:48.642000+00:00
2024/04/13, 10:08:48.642,41.318,-71.025,9.46,239.5,242.84,10.06,8.4,8.4,997.1,996.6,0.0,0.0,85.01,78.46,349,342,14.3,14.5,85.3,85.4,9.4,9.9,220.7,210.6,999.2,998.7,-1.36,311.1,24.11,31.0218,6.7413,197.7,46.9,1472.751, NAN, NAN, NAN, NAN,,2024/04/13 10:08:48.642,2024-04-13 10:08:48.642000+00:00
2024/04/13, 10:09:48.642,41.317,-71.028,9.56,239.63,237.29,10.24,8.4,8.5,996.8,996.6,0.0,0.0,85.01,78.46,349,342,14.6,15.0,85.1,85.2,9.5,10.1,222.9,212.7,998.9,998.7,-0.96,316.56,26.48,31.0214,6.7417,197.7,47.0,1472.752, NAN, NAN, NAN, NAN,,2024/04/13 10:09:48.642,2024-04-13 10:09:48.642000+00:00
2024/04/13, 10:10:48.642,41.315,-71.032,9.71,239.43,248.63,10.02,8.5,8.5,996.9,996.7,0.0,0.0,85.01,78.46,350,343,14.4,14.9,84.8,84.9,9.6,10.4,220.9,211.2,999.0,998.8,-0.31,323.1,28.43,31.0207,6.7355,194.4,47.3,1472.727, NAN, NAN, NAN, NAN,,2024/04/13 10:10:48.642,2024-04-13 10:10:48.642000+00:00
2024/04/13, 10:11:48.642,41.314,-71.035,9.84,240.61,247.31,10.1,8.5,8.5,997.2,996.5,0.0,0.0,85.01,78.46,350,343,14.1,14.6,84.5,84.6,9.2,10.0,222.4,212.6,999.3,998.6,0.02,329.08,30.16,31.0186,6.7174,199.9,47.0,1472.653, NAN, NAN, NAN, NAN,,2024/04/13 10:11:48.642,2024-04-13 10:11:48.642000+00:00
2024/04/13, 10:12:48.642,41.313,-71.038,9.67,238.08,240.58,9.44,8.6,8.6,996.6,996.8,0.0,0.0,85.01,78.46,349,343,14.1,14.5,84.1,84.2,9.4,10.0,220.5,212.1,998.7,998.9,0.37,336.07,31.25,31.0168,6.6888,195.9,47.2,1472.538, NAN, NAN, NAN, NAN,,2024/04/13 10:12:48.642,2024-04-13 10:12:48.642000+00:00
2024/04/13, 10:13:48.642,41.312,-71.041,9.73,240.25,241.06,9.79,8.6,8.6,996.8,996.8,0.0,0.0,85.01,78.46,350,344,14.7,14.2,83.8,83.9,9.8,9.5,224.3,215.0,998.9,998.9,0.36,342.63,32.29,31.0165,6.6542,194.7,47.2,1472.401, NAN, NAN, NAN, NAN,,2024/04/13 10:13:48.642,2024-04-13 10:13:48.642000+00:00
2024/04/13, 10:14:48.642,41.31,-71.044,9.86,238.84,241.59,9.47,8.6,8.7,996.7,996.8,0.0,0.0,85.01,78.46,350,345,14.5,14.6,83.6,83.7,9.8,10.1,222.8,215.6,998.8,998.9,0.55,347.12,32.51,31.0214,6.6826,200.4,46.6,1472.519, NAN, NAN, NAN, NAN,,2024/04/13 10:14:48.642,2024-04-13 10:14:48.642000+00:00
2024/04/13, 10:15:48.642,41.309,-71.048,9.67,240.72,241.66,9.86,8.7,8.7,996.5,997.0,0.0,0.0,85.01,78.46,350,343,14.9,15.1,83.4,83.4,10.0,10.4,225.1,215.0,998.6,999.1,0.53,348.84,32.74,31.0286,6.7025,208.7,47.0,1472.607, NAN, NAN, NAN, NAN,,2024/04/13 10:15:48.642,2024-04-13 10:15:48.642000+00:00
2024/04/13, 10:16:48.642,41.308,-71.051,9.52,240.18,244.82,9.34,8.7,8.7,996.7,996.7,0.0,0.0,85.01,78.46,350,344,14.5,14.7,83.3,83.3,9.9,10.3,223.4,214.9,998.8,998.8,0.7,348.85,32.57,31.053,6.7138,206.6,47.0,1472.682, NAN, NAN, NAN, NAN,,2024/04/13 10:16:48.642,2024-04-13 10:16:48.642000+00:00
2024/04/13, 10:17:48.642,41.306,-71.054,9.44,239.88,248.32,9.9,8.7,8.7,996.5,996.9,0.0,0.0,85.01,78.46,350,343,14.7,14.6,83.1,83.1,9.9,10.1,221.6,211.5,998.6,999.0,0.84,349.93,33.39,31.0949,6.7096,210.5,47.6,1472.718, NAN, NAN, NAN, NAN,,2024/04/13 10:17:48.642,2024-04-13 10:17:48.642000+00:00
2024/04/13, 10:18:48.642,41.305,-71.057,9.67,240.65,245.36,10.03,8.7,8.7,996.7,996.9,0.0,0.0,85.01,78.46,353,345,14.1,14.7,83.1,83.2,9.1,9.9,228.3,216.7,998.8,999.0,1.06,350.4,34.13,31.1174,6.6975,207.2,47.4,1472.698, NAN, NAN, NAN, NAN,,2024/04/13 10:18:48.642,2024-04-13 10:18:48.642000+00:00
2024/04/13, 10:19:48.643,41.304,-71.06,9.59,238.52,234.17,9.88,8.7,8.7,996.8,996.8,0.0,0.0,85.01,78.46,351,346,14.6,14.7,83.2,83.2,9.6,9.8,226.0,218.5,998.9,998.9,1.12,351.52,34.87,31.1285,6.688,213.6,47.7,1472.674, NAN, NAN, NAN, NAN,,2024/04/13 10:19:48.643,2024-04-13 10:19:48.643000+00:00
2024/04/13, 10:20:48.643,41.303,-71.063,9.58,237.61,247.63,9.8,8.7,8.7,996.7,996.7,0.0,0.0,85.01,78.46,353,347,14.9,15.2,83.1,83.1,10.1,10.6,223.3,214.9,998.8,998.8,1.16,352.46,34.82,31.1301,6.68,207.2,47.9,1472.645, NAN, NAN, NAN, NAN,,2024/04/13 10:20:48.643,2024-04-13 10:20:48.643000+00:00
2024/04/13, 10:21:48.643,41.301,-71.066,9.5,239.65,233.6,9.58,8.7,8.7,996.7,996.8,0.0,0.0,85.01,78.46,351,345,14.7,14.9,83.0,83.1,9.8,10.2,227.3,218.5,998.8,998.9,1.38,352.42,36.57,31.1249,6.671,203.2,47.4,1472.603, NAN, NAN, NAN, NAN,,2024/04/13 10:21:48.643,2024-04-13 10:21:48.643000+00:00
2024/04/13, 10:22:48.643,41.3,-71.07,9.53,239.57,248.07,9.85,8.8,8.8,996.8,996.9,0.0,0.0,85.01,78.46,351,345,15.1,15.4,82.6,82.7,10.3,10.8,223.7,215.4,998.9,999.0,1.75,352.92,37.56,31.1222,6.6636,205.0,48.2,1472.57, NAN, NAN, NAN, NAN,,2024/04/13 10:22:48.643,2024-04-13 10:22:48.643000+00:00
2024/04/13, 10:23:48.643,41.299,-71.073,9.32,241.14,245.5,9.32,8.8,8.8,996.7,996.8,0.0,0.0,85.01,78.46,352,346,15.3,14.9,82.4,82.5,10.7,10.5,227.6,218.8,998.8,998.9,2.69,353.32,39.66,31.1176,6.6578,206.3,48.2,1472.542, NAN, NAN, NAN, NAN,,2024/04/13 10:23:48.643,2024-04-13 10:23:48.643000+00:00
2024/04/13, 10:24:48.643,41.298,-71.076,9.24,238.56,239.2,9.23,8.8,8.8,996.8,996.8,0.0,0.0,85.01,78.46,350,344,14.7,15.0,82.3,82.4,10.1,10.6,223.0,214.6,998.9,998.9,3.98,353.59,42.41,31.1133,6.6491,198.9,47.8,1472.502, NAN, NAN, NAN, NAN,,2024/04/13 10:24:48.643,2024-04-13 10:24:48.643000+00:00
2024/04/13, 10:25:48.643,41.296,-71.079,9.18,240.03,235.06,9.59,8.9,8.9,996.8,996.9,0.0,0.0,85.01,78.46,349,344,14.5,14.6,82.1,82.2,9.7,9.9,224.7,217.3,998.9,999.0,4.5,353.35,46.38,31.1127,6.6413,201.1,47.5,1472.471, NAN, NAN, NAN, NAN,,2024/04/13 10:25:48.643,2024-04-13 10:25:48.643000+00:00
2024/04/13, 10:26:48.643,41.295,-71.082,9.11,239.71,250.7,9.18,8.9,8.9,997.1,996.8,0.0,0.0,85.01,78.46,352,343,14.0,14.8,82.1,82.1,9.5,10.7,224.1,212.2,999.2,998.9,6.5,353.42,49.87,31.1079,6.6378,199.2,47.7,1472.451, NAN, NAN, NAN, NAN,,2024/04/13 10:26:48.643,2024-04-13 10:26:48.643000+00:00
2024/04/13, 10:27:48.643,41.294,-71.085,9.07,239.88,235.93,9.48,8.8,8.9,996.8,996.9,0.0,0.0,85.01,78.46,349,342,14.1,14.5,82.2,82.2,9.3,9.9,223.7,213.6,998.9,999.0,7.65,353.57,51.92,31.0973,6.6378,198.0,47.7,1472.437, NAN, NAN, NAN, NAN,,2024/04/13 10:27:48.643,2024-04-13 10:27:48.643000+00:00
2024/04/13, 10:28:48.643,41.293,-71.088,9.18,240.64,241.55,9.39,8.8,8.9,996.7,996.8,0.0,0.0,85.01,78.46,349,341,13.9,14.0,82.3,82.3,9.3,9.7,222.3,210.8,998.8,998.9,8.27,353.03,56.23,31.0922,6.6406,196.5,47.8,1472.442, NAN, NAN, NAN, NAN,,2024/04/13 10:28:48.643,2024-04-13 10:28:48.643000+00:00
2024/04/13, 10:29:48.643,41.291,-71.091,9.44,238.83,236.92,9.66,8.8,8.8,997.0,996.7,0.0,0.0,85.01,78.46,349,341,13.7,14.2,82.3,82.3,8.9,9.6,221.9,210.4,999.1,998.8,8.19,353.35,63.04,31.0798,6.6422,198.6,47.8,1472.433, NAN, NAN, NAN, NAN,,2024/04/13 10:29:48.643,2024-04-13 10:29:48.643000+00:00
2024/04/13, 10:30:48.643,41.29,-71.094,9.21,238.96,248.02,9.87,8.8,8.8,997.3,996.8,0.0,0.0,85.01,78.46,349,343,14.3,14.7,82.4,82.5,9.6,10.3,218.6,210.4,999.4,998.9,10.34,353.21,100.22,31.0716,6.6425,193.7,47.5,1472.424, NAN, NAN, NAN, NAN,,2024/04/13 10:30:48.643,2024-04-13 10:30:48.643000+00:00
2024/04/13, 10:31:48.643,41.289,-71.097,9.32,237.85,243.55,9.38,8.8,8.8,997.0,997.0,0.0,0.0,85.01,78.46,348,342,14.8,14.4,82.6,82.6,10.3,10.1,218.0,209.1,999.1,999.1,11.53,353.37,115.06,31.0628,6.6387,196.8,48.3,1472.398, NAN, NAN, NAN, NAN,,2024/04/13 10:31:48.643,2024-04-13 10:31:48.643000+00:00
2024/04/13, 10:32:48.643,41.288,-71.1,9.51,238.82,240.23,9.88,8.7,8.8,997.0,996.8,0.0,0.0,85.01,78.46,346,342,14.0,13.8,82.6,82.6,9.2,9.2,216.3,210.1,999.1,998.9,11.45,353.11,106.7,31.0571,6.6326,192.5,48.6,1472.367, NAN, NAN, NAN, NAN,,2024/04/13 10:32:48.643,2024-04-13 10:32:48.643000+00:00
2024/04/13, 10:33:48.643,41.286,-71.103,9.45,238.7,236.03,9.25,8.7,8.7,996.6,997.0,0.0,0.0,85.01,78.46,348,343,14.9,15.3,82.8,82.7,10.3,10.8,221.2,214.3,998.7,999.1,11.78,352.8,107.78,31.051,6.6337,195.0,48.4,1472.363, NAN, NAN, NAN, NAN,,2024/04/13 10:33:48.643,2024-04-13 10:33:48.643000+00:00
2024/04/13, 10:34:48.643,41.285,-71.107,9.25,239.8,241.54,9.49,8.7,8.7,997.2,996.8,0.0,0.0,85.01,78.46,350,343,14.8,14.7,82.9,83.0,10.0,10.2,224.7,214.5,999.3,998.9,20.18,352.25,203.7,31.0448,6.6371,197.4,47.4,1472.369, NAN, NAN, NAN, NAN,,2024/04/13 10:34:48.643,2024-04-13 10:34:48.643000+00:00
2024/04/13, 10:35:48.644,41.284,-71.11,9.52,239.67,259.53,9.84,8.7,8.7,996.6,996.8,0.0,0.0,85.01,78.46,348,343,15.4,14.5,83.1,83.0,11.0,10.4,216.4,208.6,998.7,998.9,27.0,352.53,252.38,31.0346,6.6395,197.7,47.3,1472.366, NAN, NAN, NAN, NAN,,2024/04/13 10:35:48.644,2024-04-13 10:35:48.644000+00:00
2024/04/13, 10:36:48.644,41.283,-71.113,9.44,239.53,237.52,9.51,8.7,8.7,996.6,997.4,0.0,0.0,85.01,78.46,347,339,14.8,15.4,83.0,83.1,10.1,11.0,220.4,209.5,998.7,999.5,37.25,351.99,367.09,31.0215,6.6407,198.4,48.2,1472.354, NAN, NAN, NAN, NAN,,2024/04/13 10:36:48.644,2024-04-13 10:36:48.644000+00:00
2024/04/13, 10:37:48.644,41.281,-71.116,9.17,239.03,241.85,9.59,8.7,8.7,997.0,996.8,0.0,0.0,85.01,78.46,346,340,14.6,15.2,83.0,83.1,10.0,10.8,216.8,208.8,999.1,998.9,42.56,351.29,428.73,31.0116,6.641,202.0,47.9,1472.343, NAN, NAN, NAN, NAN,,2024/04/13 10:37:48.644,2024-04-13 10:37:48.644000+00:00
2024/04/13, 10:38:48.644,41.28,-71.119,9.0,238.56,250.09,9.78,8.7,8.7,996.8,997.1,0.0,0.0,85.01,78.46,349,344,15.0,15.2,83.0,83.0,10.3,10.7,219.0,212.1,998.9,999.2,46.71,351.69,459.5,31.0031,6.6399,202.0,47.7,1472.328, NAN, NAN, NAN, NAN,,2024/04/13 10:38:48.644,2024-04-13 10:38:48.644000+00:00
2024/04/13, 10:39:48.644,41.279,-71.122,9.28,239.76,231.81,9.47,8.7,8.7,996.9,996.8,0.0,0.0,85.01,78.46,347,341,14.7,14.4,83.0,83.1,9.9,9.8,222.6,213.6,999.0,998.9,51.33,352.27,477.91,30.9967,6.6383,203.2,48.0,1472.313, NAN, NAN, NAN, NAN,,2024/04/13 10:39:48.644,2024-04-13 10:39:48.644000+00:00
2024/04/13, 10:40:48.644,41.278,-71.125,9.55,240.48,245.63,10.1,8.7,8.7,996.8,996.8,0.0,0.0,85.01,78.46,349,342,14.2,14.9,82.9,83.1,9.3,10.3,221.3,211.7,998.9,998.9,54.87,352.48,496.87,30.9915,6.6377,203.5,48.1,1472.304, NAN, NAN, NAN, NAN,,2024/04/13 10:40:48.644,2024-04-13 10:40:48.644000+00:00
2024/04/13, 10:41:48.644,41.276,-71.128,9.53,239.03,233.01,9.55,8.7,8.7,996.9,996.8,0.0,0.0,85.01,78.46,348,342,15.4,14.9,83.0,83.0,10.6,10.3,222.5,213.5,999.0,998.9,52.83,353.18,483.76,30.9878,6.6395,198.9,48.2,1472.307, NAN, NAN, NAN, NAN,,2024/04/13 10:41:48.644,2024-04-13 10:41:48.644000+00:00
2024/04/13, 10:42:48.644,41.275,-71.131,9.61,239.87,229.81,9.66,8.7,8.7,997.0,996.9,0.0,0.0,85.01,78.46,349,342,15.3,15.9,83.0,83.1,10.4,11.1,225.7,215.8,999.1,999.0,53.12,353.07,489.63,30.9843,6.6423,200.4,47.8,1472.314, NAN, NAN, NAN, NAN,,2024/04/13 10:42:48.644,2024-04-13 10:42:48.644000+00:00
2024/04/13, 10:43:48.644,41.274,-71.135,9.56,239.59,236.75,9.71,8.7,8.7,996.6,997.0,0.0,0.0,85.01,78.46,349,343,14.6,14.8,83.1,83.1,9.7,10.1,223.1,214.4,998.7,999.1,59.31,353.08,494.55,30.9817,6.6441,202.0,48.1,1472.317, NAN, NAN, NAN, NAN,,2024/04/13 10:43:48.644,2024-04-13 10:43:48.644000+00:00
2024/04/13, 10:44:48.644,41.273,-71.138,9.18,239.33,248.79,9.46,8.7,8.7,997.0,997.0,0.0,0.0,85.01,78.46,350,345,15.4,15.9,83.0,83.1,10.8,11.5,221.9,215.4,999.1,999.1,33.0,353.2,198.81,30.9804,6.6425,203.2,48.2,1472.31, NAN, NAN, NAN, NAN,,2024/04/13 10:44:48.644,2024-04-13 10:44:48.644000+00:00
2024/04/13, 10:45:48.644,41.271,-71.141,9.24,240.95,238.82,9.3,8.8,8.8,997.0,996.7,0.0,0.0,85.01,78.46,350,343,16.7,16.5,82.8,82.9,12.0,12.0,227.2,217.5,999.1,998.8,26.69,353.92,124.66,30.9794,6.6366,201.7,48.0,1472.285, NAN, NAN, NAN, NAN,,2024/04/13 10:45:48.644,2024-04-13 10:45:48.644000+00:00
2024/04/13, 10:46:48.644,41.27,-71.144,9.24,240.19,240.46,9.43,8.8,8.8,996.9,996.9,0.0,0.0,85.01,78.46,352,347,15.5,15.6,82.4,82.5,10.8,11.0,227.5,220.5,999.0,999.0,27.21,353.42,129.08,30.9791,6.6269,202.9,48.0,1472.246, NAN, NAN, NAN, NAN,,2024/04/13 10:46:48.644,2024-04-13 10:46:48.644000+00:00
2024/04/13, 10:47:48.644,41.269,-71.147,9.14,237.57,255.55,9.29,8.8,8.8,996.9,996.8,0.0,0.0,85.01,78.46,355,349,16.4,16.1,82.2,82.3,12.0,11.9,225.5,217.2,999.0,998.9,26.31,354.26,119.49,30.9094,6.6181,206.0,43.8,1472.124, NAN, NAN, NAN, NAN,,2024/04/13 10:47:48.644,2024-04-13 10:47:48.644000+00:00
2024/04/13, 10:48:48.644,41.268,-71.15,8.78,234.49,232.84,9.02,8.8,8.8,996.9,996.8,0.0,0.0,85.01,78.46,355,351,16.3,15.7,82.2,82.3,11.7,11.2,227.1,221.4,999.0,998.9,25.54,354.52,126.04,30.97,6.6111,206.0,45.0,1472.172, NAN, NAN, NAN, NAN,,2024/04/13 10:48:48.644,2024-04-13 10:48:48.644000+00:00
2024/04/13, 10:49:48.644,41.266,-71.153,8.91,235.7,239.97,8.87,8.8,8.8,997.3,996.9,0.0,0.0,85.01,78.46,356,350,16.6,16.7,82.2,82.3,12.1,12.3,228.4,220.3,999.4,999.0,24.63,354.18,128.42,30.9633,6.6041,201.7,45.2,1472.136, NAN, NAN, NAN, NAN,,2024/04/13 10:49:48.644,2024-04-13 10:49:48.644000+00:00
2024/04/13, 10:50:48.644,41.265,-71.155,9.14,234.64,220.3,8.96,8.8,8.8,996.8,996.9,0.0,0.0,85.01,78.46,357,352,16.8,16.5,82.1,82.1,12.2,11.9,233.0,226.1,998.9,999.0,25.1,354.69,128.88,30.9587,6.5984,204.8,45.2,1472.108, NAN, NAN, NAN, NAN,,2024/04/13 10:50:48.644,2024-04-13 10:50:48.644000+00:00
2024/04/13, 10:51:48.645,41.263,-71.158,9.04,235.14,243.15,9.29,8.8,8.9,996.9,996.8,0.0,0.0,85.01,78.46,359,353,16.1,16.9,82.0,82.0,11.4,12.3,231.8,223.7,999.0,998.9,25.94,354.11,134.51,30.9546,6.5946,206.6,45.1,1472.088, NAN, NAN, NAN, NAN,,2024/04/13 10:51:48.645,2024-04-13 10:51:48.645000+00:00
2024/04/13, 10:52:48.645,41.262,-71.161,9.02,232.78,221.3,9.16,8.8,8.9,997.2,996.8,0.0,0.0,85.01,78.46,359,353,17.0,17.1,81.9,81.9,12.3,12.4,234.2,225.9,999.3,998.9,26.39,353.31,138.34,30.9512,6.5906,207.5,44.9,1472.068, NAN, NAN, NAN, NAN,,2024/04/13 10:52:48.645,2024-04-13 10:52:48.645000+00:00
2024/04/13, 10:53:48.645,41.261,-71.164,9.07,234.38,230.14,9.62,8.9,8.9,996.7,997.0,0.0,0.0,85.01,78.46,358,352,15.2,16.4,81.9,81.9,10.3,11.5,232.1,223.6,998.8,999.1,26.89,348.99,146.46,30.9508,6.5868,204.8,44.7,1472.052, NAN, NAN, NAN, NAN,,2024/04/13 10:53:48.645,2024-04-13 10:53:48.645000+00:00
2024/04/13, 10:54:48.645,41.259,-71.167,9.39,235.1,231.3,9.35,8.8,8.9,997.0,996.8,0.0,0.0,85.01,78.46,358,352,17.1,16.6,81.9,81.9,12.3,11.8,232.9,224.5,999.1,998.9,27.67,340.33,150.81,30.9481,6.5828,206.8,45.1,1472.033, NAN, NAN, NAN, NAN,,2024/04/13 10:54:48.645,2024-04-13 10:54:48.645000+00:00
2024/04/13, 10:55:48.645,41.258,-71.17,9.29,235.08,234.54,9.44,8.8,8.9,996.3,997.0,0.0,0.0,85.01,78.46,357,351,16.4,16.4,81.9,81.9,11.6,11.6,230.8,222.3,998.4,999.1,28.43,328.37,158.58,30.9517,6.5787,206.8,44.9,1472.022, NAN, NAN, NAN, NAN,,2024/04/13 10:55:48.645,2024-04-13 10:55:48.645000+00:00
2024/04/13, 10:56:48.645,41.256,-71.173,9.45,236.42,253.5,9.67,8.9,8.9,996.8,996.7,0.0,0.0,85.01,78.46,357,351,16.5,15.8,81.8,81.9,11.7,11.2,227.7,218.9,998.9,998.8,31.35,321.45,164.81,30.948,6.5795,210.0,45.4,1472.02, NAN, NAN, NAN, NAN,,2024/04/13 10:56:48.645,2024-04-13 10:56:48.645000+00:00
2024/04/13, 10:57:48.645,41.255,-71.176,9.33,235.06,230.41,9.26,8.9,8.9,996.7,996.7,0.0,0.0,85.01,78.46,356,350,16.6,16.0,81.8,81.8,11.8,11.3,230.0,221.4,998.8,998.8,36.77,321.54,182.03,30.948,6.5845,205.6,45.4,1472.04, NAN, NAN, NAN, NAN,,2024/04/13 10:57:48.645,2024-04-13 10:57:48.645000+00:00
2024/04/13, 10:58:48.645,41.253,-71.179,9.45,235.8,251.46,9.35,8.8,8.9,996.6,997.2,0.0,0.0,85.01,78.46,356,351,16.3,15.7,81.8,81.9,11.7,11.3,225.8,218.5,998.7,999.3,42.83,325.3,198.36,30.9489,6.5857,203.2,45.2,1472.046, NAN, NAN, NAN, NAN,,2024/04/13 10:58:48.645,2024-04-13 10:58:48.645000+00:00
2024/04/13, 10:59:48.645,41.252,-71.181,9.11,234.85,224.57,9.31,8.8,8.8,996.8,996.7,0.0,0.0,85.01,78.46,356,350,16.2,16.0,82.0,82.1,11.4,11.2,231.8,223.3,998.9,998.8,47.72,327.65,214.87,30.9475,6.5836,207.8,45.4,1472.036, NAN, NAN, NAN, NAN,,2024/04/13 10:59:48.645,2024-04-13 10:59:48.645000+00:00
2024/04/13, 11:00:48.645,41.251,-71.184,9.29,235.19,222.83,9.38,8.8,8.8,996.7,996.8,0.0,0.0,85.01,78.46,354,349,15.8,15.9,82.0,82.1,11.0,11.1,229.2,222.0,998.8,998.9,53.14,328.53,235.21,30.9449,6.5762,203.5,45.4,1472.003, NAN, NAN, NAN, NAN,,2024/04/13 11:00:48.645,2024-04-13 11:00:48.645000+00:00
2024/04/13, 11:01:48.645,41.249,-71.187,9.06,233.02,224.1,9.5,8.8,8.8,996.8,996.9,0.0,0.0,85.01,78.46,357,351,15.8,15.7,82.1,82.1,10.9,10.8,230.8,222.1,998.9,999.0,61.32,334.17,263.42,30.9443,6.565,202.9,45.6,1471.958, NAN, NAN, NAN, NAN,,2024/04/13 11:01:48.645,2024-04-13 11:01:48.645000+00:00
2024/04/13, 11:02:48.645,41.248,-71.19,9.02,235.74,239.14,9.6,8.8,8.8,997.0,997.1,0.0,0.0,85.01,78.46,357,350,16.6,15.8,82.2,82.4,11.7,11.0,230.9,220.6,999.1,999.2,72.37,339.91,299.38,30.9424,6.5524,201.7,45.4,1471.906, NAN, NAN, NAN, NAN,,2024/04/13 11:02:48.645,2024-04-13 11:02:48.645000+00:00
2024/04/13, 11:03:48.645,41.246,-71.193,9.17,241.14,235.65,9.42,8.8,8.8,996.7,996.8,0.0,0.0,85.01,78.46,355,350,15.8,14.8,82.2,82.3,11.0,10.0,235.6,228.1,998.8,998.9,80.82,343.05,337.14,30.9429,6.5362,198.9,45.4,1471.842, NAN, NAN, NAN, NAN,,2024/04/13 11:03:48.645,2024-04-13 11:03:48.645000+00:00
2024/04/13, 11:04:48.645,41.245,-71.196,9.06,251.46,267.05,9.28,8.8,8.8,996.8,996.9,0.0,0.0,85.01,78.46,347,339,15.8,16.4,82.1,82.2,11.6,12.5,229.2,219.2,998.9,999.0,161.92,350.29,1116.54,30.9438,6.5181,199.6,45.5,1471.772, NAN, NAN, NAN, NAN,,2024/04/13 11:04:48.645,2024-04-13 11:04:48.645000+00:00
2024/04/13, 11:05:48.645,41.244,-71.199,9.18,250.23,242.5,9.57,8.8,8.8,996.8,997.0,0.0,0.0,85.01,78.46,342,336,15.2,15.6,81.9,82.0,10.5,11.1,226.3,218.0,998.9,999.1,188.62,354.78,1222.74,30.946,6.4984,196.8,45.3,1471.697, NAN, NAN, NAN, NAN,,2024/04/13 11:05:48.645,2024-04-13 11:05:48.645000+00:00
2024/04/13, 11:06:48.646,41.244,-71.202,9.31,248.3,243.45,9.56,8.9,8.9,997.2,997.3,0.0,0.0,85.01,78.46,342,336,15.1,15.6,81.6,81.7,10.4,11.2,223.3,215.2,999.3,999.4,162.16,355.63,966.69,30.945,6.4734,198.9,45.3,1471.596, NAN, NAN, NAN, NAN,,2024/04/13 11:06:48.646,2024-04-13 11:06:48.646000+00:00
2024/04/13, 11:07:48.646,41.243,-71.206,9.33,251.5,258.06,9.31,8.9,8.9,997.3,996.8,0.0,0.0,85.01,78.46,340,333,15.1,16.0,81.5,81.6,11.0,12.2,220.7,212.4,999.4,998.9,144.09,357.17,721.63,30.9459,6.4545,195.2,44.7,1471.522, NAN, NAN, NAN, NAN,,2024/04/13 11:07:48.646,2024-04-13 11:07:48.646000+00:00
2024/04/13, 11:08:48.646,41.242,-71.209,9.38,250.27,258.65,9.68,8.9,8.9,997.3,996.8,0.0,0.0,85.01,78.46,340,331,14.8,16.4,81.5,81.6,10.5,12.5,219.0,208.7,999.4,998.9,189.46,358.47,1245.23,30.9476,6.4351,196.5,44.9,1471.448, NAN, NAN, NAN, NAN,,2024/04/13 11:08:48.646,2024-04-13 11:08:48.646000+00:00
2024/04/13, 11:09:48.646,41.241,-71.212,9.34,250.0,250.42,9.59,8.9,8.9,997.0,997.0,0.0,0.0,85.01,78.46,337,332,15.2,16.1,81.5,81.6,10.8,12.0,216.9,211.0,999.1,999.1,105.79,357.66,476.36,30.9501,6.423,192.5,45.1,1471.403, NAN, NAN, NAN, NAN,,2024/04/13 11:09:48.646,2024-04-13 11:09:48.646000+00:00
2024/04/13, 11:10:48.646,41.241,-71.216,9.41,250.54,254.64,9.08,8.8,8.9,997.0,997.2,0.0,0.0,85.01,78.46,337,331,14.9,16.0,81.6,81.7,10.9,12.3,216.7,209.9,999.1,999.3,169.83,358.17,1214.39,30.9515,6.4212,191.3,45.4,1471.397, NAN, NAN, NAN, NAN,,2024/04/13 11:10:48.646,2024-04-13 11:10:48.646000+00:00
2024/04/13, 11:11:48.646,41.24,-71.219,9.44,250.66,252.24,9.52,8.8,8.8,997.4,997.2,0.0,0.0,85.01,78.46,338,331,14.7,15.5,81.7,82.0,10.4,11.6,217.9,209.3,999.5,999.3,109.08,357.05,664.38,30.9574,6.4395,190.7,45.2,1471.477, NAN, NAN, NAN, NAN,,2024/04/13 11:11:48.646,2024-04-13 11:11:48.646000+00:00
2024/04/13, 11:12:48.646,41.239,-71.222,9.57,251.84,263.16,9.54,8.7,8.7,996.9,997.2,0.0,0.0,85.01,78.46,336,330,14.1,15.7,82.5,82.4,10.2,12.1,213.6,207.8,999.0,999.3,86.14,356.59,501.39,30.9604,6.4671,193.2,45.3,1471.591, NAN, NAN, NAN, NAN,,2024/04/13 11:12:48.646,2024-04-13 11:12:48.646000+00:00
2024/04/13, 11:13:48.646,41.238,-71.226,9.57,249.52,252.99,9.82,8.6,8.7,997.0,997.0,0.0,0.0,85.01,78.46,335,330,13.5,15.6,83.0,82.5,9.4,11.7,209.7,205.8,999.1,999.1,77.03,355.77,417.14,30.9637,6.4828,196.2,45.2,1471.657, NAN, NAN, NAN, NAN,,2024/04/13 11:13:48.646,2024-04-13 11:13:48.646000+00:00
2024/04/13, 11:14:48.646,41.237,-71.229,9.62,251.35,266.11,10.06,8.6,8.6,997.2,996.8,0.0,0.0,85.01,78.46,338,332,14.0,15.4,83.0,83.5,10.1,11.8,213.1,207.4,999.3,998.9,76.05,356.22,408.68,30.9656,6.489,204.4,45.5,1471.684, NAN, NAN, NAN, NAN,,2024/04/13 11:14:48.646,2024-04-13 11:14:48.646000+00:00
2024/04/13, 11:15:48.646,41.236,-71.232,9.62,251.24,257.58,9.62,8.4,8.5,997.2,997.0,0.0,0.0,85.01,78.46,337,330,14.7,16.1,84.2,84.1,10.6,12.3,215.8,208.2,999.3,999.1,70.23,356.3,356.29,30.9641,6.4928,206.6,45.5,1471.697, NAN, NAN, NAN, NAN,,2024/04/13 11:15:48.646,2024-04-13 11:15:48.646000+00:00
2024/04/13, 11:16:48.646,41.236,-71.236,9.78,250.52,257.83,9.77,8.4,8.4,997.3,997.1,0.0,0.0,85.01,78.46,337,330,14.8,16.5,84.7,84.6,10.6,12.7,214.7,207.5,999.4,999.2,65.71,356.67,324.92,30.9623,6.4971,206.3,45.3,1471.712, NAN, NAN, NAN, NAN,,2024/04/13 11:16:48.646,2024-04-13 11:16:48.646000+00:00
2024/04/13, 11:17:48.646,41.235,-71.239,9.52,233.21,212.72,9.46,8.4,8.4,997.2,997.1,0.0,0.0,85.01,78.46,343,341,14.5,15.1,85.0,84.9,9.7,10.3,213.1,210.3,999.3,999.2,61.55,356.4,302.51,30.9641,6.5035,212.4,45.6,1471.739, NAN, NAN, NAN, NAN,,2024/04/13 11:17:48.646,2024-04-13 11:17:48.646000+00:00
2024/04/13, 11:18:48.646,41.233,-71.242,9.27,233.89,246.5,9.6,8.3,8.4,997.0,996.8,0.0,0.0,85.01,78.46,349,342,14.3,14.1,85.2,85.2,9.9,10.0,212.5,202.5,999.1,998.9,58.1,356.13,277.46,30.9666,6.5077,218.8,45.8,1471.759, NAN, NAN, NAN, NAN,,2024/04/13 11:18:48.646,2024-04-13 11:18:48.646000+00:00
2024/04/13, 11:19:48.646,41.232,-71.245,9.2,229.74,239.08,9.32,8.3,8.3,997.1,996.9,0.0,0.0,85.01,78.46,354,346,14.5,14.8,85.3,85.2,9.9,10.4,217.9,206.7,999.2,999.0,55.71,355.65,264.22,30.9704,6.5077,214.2,45.6,1471.764, NAN, NAN, NAN, NAN,,2024/04/13 11:19:48.646,2024-04-13 11:19:48.646000+00:00
2024/04/13, 11:20:48.646,41.23,-71.247,9.15,231.39,233.06,9.61,8.3,8.3,997.2,996.9,0.0,0.0,85.01,78.46,351,345,14.8,14.3,85.4,85.5,10.0,9.7,217.2,208.0,999.3,999.0,55.51,355.52,254.22,30.972,6.5043,217.6,45.5,1471.753, NAN, NAN, NAN, NAN,,2024/04/13 11:20:48.646,2024-04-13 11:20:48.646000+00:00
2024/04/13, 11:21:48.647,41.228,-71.25,9.1,229.24,231.62,9.2,8.3,8.3,997.3,996.9,0.0,0.0,85.01,78.46,354,347,14.6,14.4,85.6,85.6,10.0,9.9,219.1,208.8,999.4,999.0,53.94,355.19,249.02,30.975,6.5038,218.2,45.0,1471.754, NAN, NAN, NAN, NAN,,2024/04/13 11:21:48.647,2024-04-13 11:21:48.647000+00:00
2024/04/13, 11:22:48.647,41.227,-71.253,9.13,230.14,241.35,9.56,8.3,8.3,997.0,997.0,0.0,0.0,85.01,78.46,354,348,14.5,14.6,85.6,85.6,9.8,10.1,217.2,208.6,999.1,999.1,51.43,355.43,238.21,30.976,6.5028,217.9,45.3,1471.752, NAN, NAN, NAN, NAN,,2024/04/13 11:22:48.647,2024-04-13 11:22:48.647000+00:00
2024/04/13, 11:23:48.647,41.225,-71.256,9.43,231.15,238.44,9.91,8.3,8.3,997.0,997.0,0.0,0.0,85.01,78.46,354,350,15.4,15.0,85.9,85.9,10.5,10.2,219.6,213.4,999.1,999.1,51.46,355.43,238.23,30.9788,6.4948,218.2,45.5,1471.723, NAN, NAN, NAN, NAN,,2024/04/13 11:23:48.647,2024-04-13 11:23:48.647000+00:00
2024/04/13, 11:24:48.647,41.224,-71.258,9.38,229.67,225.57,9.32,8.3,8.3,997.0,996.9,0.0,0.0,85.01,78.46,353,348,14.8,14.2,85.9,85.9,10.0,9.5,220.0,212.4,999.1,999.0,55.06,355.75,243.23,30.9823,6.4799,223.2,45.5,1471.669, NAN, NAN, NAN, NAN,,2024/04/13 11:24:48.647,2024-04-13 11:24:48.647000+00:00
2024/04/13, 11:25:48.647,41.222,-71.261,9.21,227.72,216.91,9.51,8.3,8.3,996.8,997.0,0.0,0.0,85.01,78.46,353,348,15.5,15.5,85.8,85.9,10.6,10.7,220.1,212.8,998.9,999.1,61.76,356.25,257.06,30.9846,6.4455,214.2,45.4,1471.535, NAN, NAN, NAN, NAN,,2024/04/13 11:25:48.647,2024-04-13 11:25:48.647000+00:00
2024/04/13, 11:26:48.647,41.22,-71.264,9.35,231.16,234.97,9.6,8.4,8.4,997.0,997.0,0.0,0.0,85.01,78.46,354,347,15.6,15.5,85.6,85.7,10.8,10.8,221.0,210.9,999.1,999.1,68.19,355.51,271.89,30.9841,6.4118,210.5,45.7,1471.401, NAN, NAN, NAN, NAN,,2024/04/13 11:26:48.647,2024-04-13 11:26:48.647000+00:00
2024/04/13, 11:27:48.647,41.219,-71.267,9.55,229.7,226.7,9.72,8.4,8.4,996.8,997.0,0.0,0.0,85.01,78.46,354,349,14.6,14.9,85.3,85.4,9.6,10.0,220.7,213.4,998.9,999.1,75.06,355.18,287.91,30.9817,6.3936,217.6,45.6,1471.326, NAN, NAN, NAN, NAN,,2024/04/13 11:27:48.647,2024-04-13 11:27:48.647000+00:00
2024/04/13, 11:28:48.647,41.217,-71.269,9.5,230.19,232.34,9.62,8.4,8.4,997.3,996.8,0.0,0.0,85.01,78.46,355,348,15.5,15.1,85.4,85.4,10.6,10.4,221.3,211.0,999.4,998.9,78.49,355.81,294.64,30.9805,6.3766,210.0,45.9,1471.257, NAN, NAN, NAN, NAN,,2024/04/13 11:28:48.647,2024-04-13 11:28:48.647000+00:00
2024/04/13, 11:29:48.647,41.215,-71.272,9.42,229.02,232.2,9.42,8.4,8.4,997.0,997.2,0.0,0.0,85.01,78.46,355,348,16.2,15.3,85.3,85.3,11.4,10.6,221.6,211.2,999.1,999.3,77.27,356.14,290.74,30.9809,6.3658,207.5,45.9,1471.214, NAN, NAN, NAN, NAN,,2024/04/13 11:29:48.647,2024-04-13 11:29:48.647000+00:00
2024/04/13, 11:30:48.647,41.214,-71.275,9.38,230.44,232.57,9.46,8.4,8.5,996.7,997.2,0.0,0.0,85.01,78.46,354,349,15.5,15.3,85.1,85.2,10.7,10.6,220.9,213.6,998.8,999.3,69.65,356.15,274.85,30.9856,6.3655,209.0,45.9,1471.219, NAN, NAN, NAN, NAN,,2024/04/13 11:30:48.647,2024-04-13 11:30:48.647000+00:00
2024/04/13, 11:31:48.647,41.212,-71.278,9.25,230.75,234.63,9.48,8.4,8.5,997.0,997.0,0.0,0.0,85.01,78.46,354,348,15.2,14.5,85.1,85.0,10.4,9.9,220.4,211.3,999.1,999.1,62.39,356.65,260.04,30.9951,6.371,205.6,45.7,1471.253, NAN, NAN, NAN, NAN,,2024/04/13 11:31:48.647,2024-04-13 11:31:48.647000+00:00
2024/04/13, 11:32:48.647,41.21,-71.28,9.26,229.0,238.75,9.24,8.5,8.5,997.4,997.0,0.0,0.0,85.01,78.46,356,350,15.4,14.8,84.6,84.7,10.7,10.3,220.8,211.9,999.5,999.1,59.42,356.58,253.9,31.011,6.3753,208.1,45.5,1471.29, NAN, NAN, NAN, NAN,,2024/04/13 11:32:48.647,2024-04-13 11:32:48.647000+00:00
2024/04/13, 11:33:48.647,41.209,-71.283,9.26,230.05,233.2,9.39,8.5,8.5,997.3,996.8,0.0,0.0,85.01,78.46,355,349,15.7,15.7,84.4,84.4,10.9,11.0,222.1,213.5,999.4,998.9,62.75,356.51,266.19,31.0205,6.3588,204.8,45.8,1471.236, NAN, NAN, NAN, NAN,,2024/04/13 11:33:48.647,2024-04-13 11:33:48.647000+00:00
2024/04/13, 11:34:48.647,41.207,-71.286,9.34,231.37,229.9,9.86,8.5,8.5,996.8,997.2,0.0,0.0,85.01,78.46,355,349,16.0,15.5,84.3,84.3,10.9,10.5,224.9,215.9,998.9,999.3,72.59,355.9,286.27,31.0291,6.3327,203.5,45.7,1471.143, NAN, NAN, NAN, NAN,,2024/04/13 11:34:48.647,2024-04-13 11:34:48.647000+00:00
2024/04/13, 11:35:48.647,41.205,-71.288,9.62,228.01,216.38,9.6,8.5,8.6,997.2,996.8,0.0,0.0,85.01,78.46,355,350,16.1,16.2,83.9,84.0,11.2,11.3,223.9,216.7,999.3,998.9,79.36,354.01,302.07,31.0294,6.3139,210.2,45.7,1471.069, NAN, NAN, NAN, NAN,,2024/04/13 11:35:48.647,2024-04-13 11:35:48.647000+00:00
2024/04/13, 11:36:48.647,41.204,-71.291,9.31,230.16,246.83,9.12,8.6,8.6,997.2,996.7,0.0,0.0,85.01,78.46,356,349,15.3,14.6,83.5,83.6,10.8,10.4,220.2,209.9,999.3,998.8,86.18,352.61,315.11,30.9565,6.3054,223.1,45.7,1470.943, NAN, NAN, NAN, NAN,,2024/04/13 11:36:48.647,2024-04-13 11:36:48.647000+00:00
2024/04/13, 11:37:48.647,41.202,-71.294,9.11,232.27,242.22,9.41,8.5,8.6,996.8,997.2,0.0,0.0,85.01,78.46,355,349,15.5,15.5,83.4,83.4,10.8,11.0,221.8,213.3,998.9,999.3,96.86,354.28,337.38,30.9258,6.3021,228.0,45.7,1470.892, NAN, NAN, NAN, NAN,,2024/04/13 11:37:48.647,2024-04-13 11:37:48.647000+00:00
2024/04/13, 11:38:48.648,41.2,-71.297,9.41,230.36,232.77,9.6,8.5,8.6,996.8,997.0,0.0,0.0,85.01,78.46,356,349,15.2,14.9,83.5,83.4,10.3,10.1,224.0,213.6,998.9,999.1,91.9,355.94,325.27,30.9106,6.3018,229.0,45.7,1470.871, NAN, NAN, NAN, NAN,,2024/04/13 11:38:48.648,2024-04-13 11:38:48.648000+00:00
2024/04/13, 11:39:48.648,41.199,-71.299,9.51,229.37,234.67,9.74,8.5,8.6,997.3,996.7,0.0,0.0,85.01,78.46,356,350,14.7,15.1,83.6,83.6,9.8,10.3,221.6,212.9,999.4,998.8,78.3,356.32,295.31,30.8973,6.2974,229.6,46.0,1470.837, NAN, NAN, NAN, NAN,,2024/04/13 11:39:48.648,2024-04-13 11:39:48.648000+00:00
2024/04/13, 11:40:48.648,41.197,-71.302,9.48,229.22,224.76,9.83,8.5,8.5,997.0,996.9,0.0,0.0,85.01,78.46,356,351,14.8,14.7,83.8,83.8,9.8,9.7,224.2,216.6,999.1,999.0,67.99,356.51,270.07,30.8871,6.2939,225.8,45.9,1470.81, NAN, NAN, NAN, NAN,,2024/04/13 11:40:48.648,2024-04-13 11:40:48.648000+00:00
2024/04/13, 11:41:48.648,41.195,-71.305,9.71,230.12,233.15,9.77,8.5,8.5,997.2,996.9,0.0,0.0,85.01,78.46,355,349,14.6,14.2,84.0,84.0,9.6,9.3,222.1,212.8,999.3,999.0,59.6,356.93,249.38,30.8801,6.2925,227.2,46.0,1470.796, NAN, NAN, NAN, NAN,,2024/04/13 11:41:48.648,2024-04-13 11:41:48.648000+00:00
2024/04/13, 11:42:48.648,41.193,-71.308,9.78,230.16,225.09,10.02,8.4,8.5,996.8,997.2,0.0,0.0,85.01,78.46,356,350,15.2,14.9,84.1,84.1,10.1,9.8,225.4,216.2,998.9,999.3,51.3,357.5,231.34,30.8748,6.2865,228.4,46.0,1470.765, NAN, NAN, NAN, NAN,,2024/04/13 11:42:48.648,2024-04-13 11:42:48.648000+00:00
2024/04/13, 11:43:48.648,41.192,-71.31,9.57,229.69,229.94,9.52,8.4,8.5,996.7,997.4,0.0,0.0,85.01,78.46,358,351,15.3,14.5,84.2,84.2,10.4,9.7,227.0,216.5,998.8,999.5,48.87,357.61,234.15,30.8724,6.283,228.4,45.7,1470.748, NAN, NAN, NAN, NAN,,2024/04/13 11:43:48.648,2024-04-13 11:43:48.648000+00:00
2024/04/13, 11:44:48.648,41.19,-71.313,9.47,229.69,226.85,9.53,8.4,8.5,997.3,996.9,0.0,0.0,85.01,78.46,355,351,14.5,14.5,84.1,84.1,9.6,9.7,222.5,216.5,999.4,999.0,57.95,357.13,258.2,30.866,6.2838,235.1,45.9,1470.744, NAN, NAN, NAN, NAN,,2024/04/13 11:44:48.648,2024-04-13 11:44:48.648000+00:00
2024/04/13, 11:45:48.648,41.188,-71.316,9.45,232.16,243.91,9.46,8.5,8.5,997.1,996.9,0.0,0.0,85.01,78.46,355,349,14.0,13.8,83.9,83.9,9.3,9.3,220.9,211.9,999.2,999.0,72.58,355.55,292.06,30.8643,6.2871,238.1,45.5,1470.755, NAN, NAN, NAN, NAN,,2024/04/13 11:45:48.648,2024-04-13 11:45:48.648000+00:00
2024/04/13, 11:46:48.648,41.187,-71.319,9.09,229.9,236.36,9.07,8.5,8.5,997.0,997.2,0.0,0.0,85.01,78.46,356,350,14.7,14.5,83.7,83.7,10.1,10.1,221.6,212.8,999.1,999.3,81.16,355.28,316.94,30.8545,6.2884,233.2,45.2,1470.747, NAN, NAN, NAN, NAN,,2024/04/13 11:46:48.648,2024-04-13 11:46:48.648000+00:00
2024/04/13, 11:47:48.648,41.185,-71.321,9.4,228.65,244.76,9.74,8.5,8.5,996.5,997.5,0.0,0.0,85.01,78.46,357,352,14.6,14.3,83.7,83.7,9.8,9.7,218.5,211.0,998.6,999.6,82.36,355.78,327.6,30.8463,6.2935,235.4,45.7,1470.757, NAN, NAN, NAN, NAN,,2024/04/13 11:47:48.648,2024-04-13 11:47:48.648000+00:00
2024/04/13, 11:48:48.648,41.183,-71.324,9.48,227.55,231.63,9.57,8.5,8.5,997.0,997.0,0.0,0.0,85.01,78.46,0,354,14.8,14.0,83.8,83.8,9.9,9.2,226.0,216.7,999.1,999.1,84.57,355.52,342.01,30.8395,6.2929,239.1,45.6,1470.747, NAN, NAN, NAN, NAN,,2024/04/13 11:48:48.648,2024-04-13 11:48:48.648000+00:00
2024/04/13, 11:49:48.648,41.181,-71.327,9.61,228.04,236.9,9.66,8.4,8.5,996.8,996.9,0.0,0.0,85.01,78.46,358,352,14.6,14.1,84.1,84.2,9.7,9.3,222.4,213.1,998.9,999.0,89.41,355.62,356.47,30.8275,6.2895,234.5,45.9,1470.718, NAN, NAN, NAN, NAN,,2024/04/13 11:49:48.648,2024-04-13 11:49:48.648000+00:00
2024/04/13, 11:50:48.648,41.18,-71.329,9.71,227.91,226.08,9.8,8.4,8.4,996.8,997.0,0.0,0.0,85.01,78.46,357,353,14.3,14.4,84.5,84.5,9.3,9.5,221.3,215.3,998.9,999.1,95.86,354.68,377.88,30.8212,6.2843,235.4,46.0,1470.689, NAN, NAN, NAN, NAN,,2024/04/13 11:50:48.648,2024-04-13 11:50:48.648000+00:00
2024/04/13, 11:51:48.648,41.178,-71.332,9.69,227.72,229.06,9.7,8.4,8.4,996.5,997.2,0.0,0.0,85.01,78.46,359,354,13.9,13.5,84.8,84.8,8.9,8.6,225.6,217.6,998.6,999.3,100.0,353.71,395.01,30.8202,6.2755,240.3,45.9,1470.653, NAN, NAN, NAN, NAN,,2024/04/13 11:51:48.648,2024-04-13 11:51:48.648000+00:00
2024/04/13, 11:52:48.649,41.176,-71.335,9.57,228.02,240.5,9.99,8.3,8.4,996.8,997.1,0.0,0.0,85.01,78.46,359,352,14.2,14.2,85.2,85.1,9.2,9.4,221.7,211.1,998.9,999.2,102.94,350.14,413.19,30.8207,6.2695,240.3,45.8,1470.63, NAN, NAN, NAN, NAN,,2024/04/13 11:52:48.649,2024-04-13 11:52:48.649000+00:00
2024/04/13, 11:53:48.649,41.174,-71.337,9.3,225.05,213.13,9.49,8.3,8.3,997.1,997.0,0.0,0.0,85.01,78.46,1,355,14.1,13.6,85.5,85.5,9.3,8.7,229.7,220.6,999.2,999.1,111.0,345.79,434.86,30.8288,6.2815,240.0,45.6,1470.688, NAN, NAN, NAN, NAN,,2024/04/13 11:53:48.649,2024-04-13 11:53:48.649000+00:00
2024/04/13, 11:54:48.649,41.172,-71.34,9.24,226.88,231.14,9.48,8.3,8.3,997.1,996.8,0.0,0.0,85.01,78.46,358,353,14.7,14.2,85.5,85.5,9.9,9.5,222.1,214.4,999.2,998.9,122.45,341.72,470.8,30.8405,6.2984,244.9,45.7,1470.77, NAN, NAN, NAN, NAN,,2024/04/13 11:54:48.649,2024-04-13 11:54:48.649000+00:00
2024/04/13, 11:55:48.649,41.171,-71.342,9.34,226.96,224.74,9.27,8.3,8.3,997.2,996.8,0.0,0.0,85.01,78.46,359,353,14.7,14.3,85.6,85.6,9.9,9.6,225.7,216.8,999.3,998.9,130.9,337.56,499.53,30.8434,6.3206,239.1,45.7,1470.862, NAN, NAN, NAN, NAN,,2024/04/13 11:55:48.649,2024-04-13 11:55:48.649000+00:00
2024/04/13, 11:56:48.649,41.169,-71.345,9.19,225.74,232.56,9.72,8.2,8.3,996.8,997.0,0.0,0.0,85.01,78.46,0,353,15.0,14.6,85.6,85.7,10.0,9.7,224.0,213.4,998.9,999.1,131.83,334.16,516.52,30.838,6.3512,236.6,45.9,1470.977, NAN, NAN, NAN, NAN,,2024/04/13 11:56:48.649,2024-04-13 11:56:48.649000+00:00
2024/04/13, 11:57:48.649,41.167,-71.347,9.11,226.04,224.58,9.1,8.2,8.3,997.0,997.0,0.0,0.0,85.01,78.46,359,353,14.8,14.4,85.8,85.7,10.1,9.8,224.2,215.3,999.1,999.1,136.36,333.21,534.23,30.8339,6.3702,236.9,45.7,1471.047, NAN, NAN, NAN, NAN,,2024/04/13 11:57:48.649,2024-04-13 11:57:48.649000+00:00
2024/04/13, 11:58:48.649,41.165,-71.35,9.2,226.26,223.42,9.34,8.2,8.2,996.9,997.0,0.0,0.0,85.01,78.46,358,353,14.2,14.0,86.0,86.0,9.4,9.2,223.8,216.2,999.0,999.1,142.41,335.2,543.56,30.82,6.3911,231.2,45.8,1471.113, NAN, NAN, NAN, NAN,,2024/04/13 11:58:48.649,2024-04-13 11:58:48.649000+00:00
2024/04/13, 11:59:48.649,41.164,-71.353,9.3,228.26,231.83,9.66,8.2,8.2,997.3,996.8,0.0,0.0,85.01,78.46,358,350,14.1,13.9,86.2,86.3,9.2,9.3,221.5,209.3,999.4,998.9,145.02,338.17,546.65,30.8048,6.4313,230.2,46.0,1471.253, NAN, NAN, NAN, NAN,,2024/04/13 11:59:48.649,2024-04-13 11:59:48.649000+00:00
2024/04/13, 12:00:48.649,41.162,-71.355,8.98,225.63,222.61,8.89,8.1,8.2,996.9,997.0,0.0,0.0,85.01,78.46,356,350,14.5,14.5,86.4,86.4,9.9,10.0,220.3,211.5,999.0,999.1,144.87,341.08,538.29,30.7929,6.468,229.3,45.9,1471.384, NAN, NAN, NAN, NAN,,2024/04/13 12:00:48.649,2024-04-13 12:00:48.649000+00:00
2024/04/13, 12:01:48.649,41.16,-71.357,9.14,226.69,238.87,9.44,8.1,8.1,997.0,997.0,0.0,0.0,85.01,78.46,355,349,14.6,14.4,86.6,86.6,9.8,9.7,218.5,209.5,999.1,999.1,136.98,341.6,523.84,30.7709,6.4993,223.8,46.1,1471.48, NAN, NAN, NAN, NAN,,2024/04/13 12:01:48.649,2024-04-13 12:01:48.649000+00:00
2024/04/13, 12:02:48.649,41.158,-71.36,9.24,226.83,227.67,9.52,8.1,8.1,997.3,997.0,0.0,0.0,85.01,78.46,356,350,14.6,14.1,86.9,86.9,9.7,9.4,220.1,210.9,999.4,999.1,123.38,339.73,493.44,30.724,6.5202,220.9,46.0,1471.504, NAN, NAN, NAN, NAN,,2024/04/13 12:02:48.649,2024-04-13 12:02:48.649000+00:00
2024/04/13, 12:03:48.649,41.156,-71.362,9.17,225.53,224.69,9.6,8.0,8.1,997.1,997.0,0.0,0.0,85.01,78.46,355,350,14.6,14.4,87.2,87.2,9.7,9.5,219.0,211.4,999.2,999.1,120.86,338.54,488.14,30.6834,6.5396,216.6,46.0,1471.53, NAN, NAN, NAN, NAN,,2024/04/13 12:03:48.649,2024-04-13 12:03:48.649000+00:00
2024/04/13, 12:04:48.649,41.154,-71.365,9.23,225.73,233.43,9.41,8.0,8.1,997.0,996.8,0.0,0.0,85.01,78.46,355,348,14.2,14.2,87.4,87.4,9.4,9.6,216.4,206.0,999.1,998.9,128.61,337.42,504.41,30.659,6.5534,220.0,45.8,1471.554, NAN, NAN, NAN, NAN,,2024/04/13 12:04:48.649,2024-04-13 12:04:48.649000+00:00
2024/04/13, 12:05:48.649,41.153,-71.367,8.93,226.06,223.87,9.36,8.1,8.1,997.2,997.1,0.0,0.0,85.01,78.46,355,346,13.9,13.5,87.1,87.2,9.1,8.8,220.1,206.2,999.3,999.2,139.07,335.78,534.7,30.6343,6.5598,221.1,45.8,1471.549, NAN, NAN, NAN, NAN,,2024/04/13 12:05:48.649,2024-04-13 12:05:48.649000+00:00
2024/04/13, 12:06:48.649,41.151,-71.37,8.91,224.81,221.19,9.18,8.1,8.1,997.3,996.8,0.0,0.0,85.01,78.46,355,348,13.6,13.1,86.8,86.9,9.0,8.7,214.8,203.9,999.4,998.9,154.06,336.96,580.57,30.6216,6.5623,227.2,45.9,1471.543, NAN, NAN, NAN, NAN,,2024/04/13 12:06:48.649,2024-04-13 12:06:48.649000+00:00
2024/04/13, 12:07:48.649,41.149,-71.372,9.22,226.69,227.77,9.52,8.1,8.1,996.8,997.0,0.0,0.0,85.01,78.46,355,349,13.5,12.9,86.6,86.6,8.7,8.2,218.1,208.3,998.9,999.1,167.84,339.53,627.0,30.6213,6.5601,226.8,46.2,1471.534, NAN, NAN, NAN, NAN,,2024/04/13 12:07:48.649,2024-04-13 12:07:48.649000+00:00
2024/04/13, 12:08:48.649,41.147,-71.375,9.23,226.74,228.12,9.5,8.0,8.1,996.8,997.1,0.0,0.0,85.01,78.46,355,349,12.8,12.7,86.5,86.5,7.9,7.9,220.0,210.3,998.9,999.2,176.25,341.86,650.29,30.627,6.5558,234.2,45.9,1471.524, NAN, NAN, NAN, NAN,,2024/04/13 12:08:48.649,2024-04-13 12:08:48.649000+00:00
2024/04/13, 12:09:48.650,41.145,-71.377,9.47,227.45,223.85,9.85,8.0,8.1,997.1,997.0,0.0,0.0,85.01,78.46,356,351,13.0,12.9,86.5,86.5,7.9,7.9,221.5,213.3,999.2,999.1,174.93,342.99,646.1,30.635,6.5481,227.5,45.9,1471.503, NAN, NAN, NAN, NAN,,2024/04/13 12:09:48.650,2024-04-13 12:09:48.650000+00:00
2024/04/13, 12:10:48.650,41.144,-71.38,9.23,224.55,226.56,9.63,8.0,8.0,997.3,996.8,0.0,0.0,85.01,78.46,358,353,13.0,12.7,86.4,86.5,8.1,7.9,217.8,209.6,999.4,998.9,167.8,343.83,628.45,30.6471,6.5316,229.9,45.9,1471.453, NAN, NAN, NAN, NAN,,2024/04/13 12:10:48.650,2024-04-13 12:10:48.650000+00:00
2024/04/13, 12:11:48.650,41.142,-71.383,9.3,228.42,245.71,9.85,8.0,8.0,996.7,996.9,0.0,0.0,85.01,78.46,1,354,14.5,14.1,86.3,86.4,9.6,9.4,223.5,212.8,998.8,999.0,163.16,344.14,613.74,30.6661,6.5158,227.5,46.0,1471.414, NAN, NAN, NAN, NAN,,2024/04/13 12:11:48.650,2024-04-13 12:11:48.650000+00:00
2024/04/13, 12:12:48.650,41.14,-71.385,9.27,225.96,219.14,9.46,8.0,8.1,996.8,997.0,0.0,0.0,85.01,78.46,1,356,14.3,13.8,85.7,85.8,9.5,8.9,229.3,221.7,998.9,999.1,166.14,344.2,622.71,30.6906,6.5132,227.8,46.0,1471.435, NAN, NAN, NAN, NAN,,2024/04/13 12:12:48.650,2024-04-13 12:12:48.650000+00:00
2024/04/13, 12:13:48.650,41.138,-71.388,9.3,226.62,227.02,9.57,8.1,8.1,996.8,996.8,0.0,0.0,85.01,78.46,0,355,14.3,14.6,84.8,85.0,9.4,9.7,227.4,219.9,998.9,998.9,173.51,342.94,652.52,30.7215,6.5186,223.8,46.2,1471.495, NAN, NAN, NAN, NAN,,2024/04/13 12:13:48.650,2024-04-13 12:13:48.650000+00:00
2024/04/13, 12:14:48.650,41.136,-71.39,9.47,227.26,229.97,9.5,8.2,8.2,996.8,996.7,0.0,0.0,85.01,78.46,0,354,13.9,13.4,84.2,84.3,9.0,8.6,227.5,218.0,998.9,998.8,181.9,341.0,681.06,30.7513,6.5233,230.2,45.7,1471.551, NAN, NAN, NAN, NAN,,2024/04/13 12:14:48.650,2024-04-13 12:14:48.650000+00:00
2024/04/13, 12:15:48.650,41.134,-71.393,9.46,225.96,222.76,9.97,8.2,8.2,996.8,997.2,0.0,0.0,85.01,78.46,1,355,13.9,13.3,84.1,84.2,8.8,8.2,228.5,218.9,998.9,999.3,187.67,338.34,712.4,30.7766,6.5249,233.2,45.9,1471.589, NAN, NAN, NAN, NAN,,2024/04/13 12:15:48.650,2024-04-13 12:15:48.650000+00:00
2024/04/13, 12:16:48.650,41.132,-71.395,9.45,223.59,218.21,9.8,8.1,8.2,997.3,996.8,0.0,0.0,85.01,78.46,4,358,14.3,13.5,84.1,84.2,9.3,8.5,231.1,221.9,999.4,998.9,192.54,335.16,734.23,30.785,6.5246,232.0,46.0,1471.598, NAN, NAN, NAN, NAN,,2024/04/13 12:16:48.650,2024-04-13 12:16:48.650000+00:00
2024/04/13, 12:17:48.650,41.131,-71.398,9.38,227.54,237.79,9.47,8.1,8.1,997.3,996.8,0.0,0.0,85.01,78.46,4,359,14.0,14.6,84.1,84.2,9.1,9.8,231.5,224.0,999.4,998.9,175.43,331.91,688.77,30.7834,6.5235,233.0,45.9,1471.592, NAN, NAN, NAN, NAN,,2024/04/13 12:17:48.650,2024-04-13 12:17:48.650000+00:00
2024/04/13, 12:18:48.650,41.129,-71.401,9.35,224.86,207.94,9.37,8.1,8.1,997.1,997.0,0.0,0.0,85.01,78.46,3,359,14.4,13.3,84.0,84.1,9.9,8.6,235.5,230.4,999.2,999.1,162.36,328.05,659.42,30.7773,6.5192,228.7,45.8,1471.567, NAN, NAN, NAN, NAN,,2024/04/13 12:18:48.650,2024-04-13 12:18:48.650000+00:00
2024/04/13, 12:19:48.650,41.127,-71.403,9.31,222.85,228.9,9.66,8.1,8.1,997.0,997.2,0.0,0.0,85.01,78.46,7,3,14.4,14.1,83.9,84.0,9.4,9.2,229.6,223.4,999.1,999.3,152.94,323.82,661.17,30.7673,6.5097,233.0,45.7,1471.517, NAN, NAN, NAN, NAN,,2024/04/13 12:19:48.650,2024-04-13 12:19:48.650000+00:00
2024/04/13, 12:20:48.650,41.125,-71.405,9.79,220.08,219.44,9.99,8.1,8.1,996.9,997.1,0.0,0.0,85.01,78.46,9,4,14.3,14.3,83.8,83.9,9.3,9.2,235.4,227.7,999.0,999.2,163.28,325.88,693.6,30.7615,6.4987,229.6,46.2,1471.466, NAN, NAN, NAN, NAN,,2024/04/13 12:20:48.650,2024-04-13 12:20:48.650000+00:00
2024/04/13, 12:21:48.650,41.123,-71.408,9.52,218.96,210.87,9.73,8.1,8.1,996.9,997.0,0.0,0.0,85.01,78.46,11,6,14.8,14.1,83.7,83.7,10.1,9.2,237.9,231.0,999.0,999.1,229.92,334.63,1033.41,30.7532,6.4988,228.0,45.9,1471.456, NAN, NAN, NAN, NAN,,2024/04/13 12:21:48.650,2024-04-13 12:21:48.650000+00:00
2024/04/13, 12:22:48.650,41.121,-71.41,9.59,221.38,218.69,9.36,8.1,8.2,997.4,996.9,0.0,0.0,85.01,78.46,10,2,14.2,13.9,83.5,83.6,9.7,9.2,240.0,228.4,999.5,999.0,219.75,342.58,814.74,30.7378,6.499,227.2,45.8,1471.438, NAN, NAN, NAN, NAN,,2024/04/13 12:22:48.650,2024-04-13 12:22:48.650000+00:00
2024/04/13, 12:23:48.650,41.119,-71.412,9.28,223.01,238.91,9.38,8.1,8.1,997.1,997.0,0.0,0.0,85.01,78.46,11,5,14.8,13.9,83.7,83.7,10.0,9.1,235.3,226.2,999.2,999.1,211.31,347.08,798.43,30.7179,6.499,228.0,46.1,1471.413, NAN, NAN, NAN, NAN,,2024/04/13 12:23:48.650,2024-04-13 12:23:48.650000+00:00
2024/04/13, 12:24:48.650,41.117,-71.415,9.32,219.49,218.52,9.76,8.1,8.1,996.9,997.4,0.0,0.0,85.01,78.46,14,9,15.4,14.4,83.7,83.7,10.4,9.4,237.0,229.8,999.0,999.5,182.5,348.39,700.01,30.7028,6.4998,233.0,45.9,1471.397, NAN, NAN, NAN, NAN,,2024/04/13 12:24:48.650,2024-04-13 12:24:48.650000+00:00
2024/04/13, 12:25:48.651,41.115,-71.417,9.6,220.99,218.09,9.76,8.1,8.1,996.8,997.4,0.0,0.0,85.01,78.46,12,7,15.0,14.4,83.7,83.8,10.1,9.4,238.2,231.0,998.9,999.5,158.55,347.59,632.09,30.6899,6.503,229.0,46.1,1471.394, NAN, NAN, NAN, NAN,,2024/04/13 12:25:48.651,2024-04-13 12:25:48.651000+00:00
2024/04/13, 12:26:48.651,41.113,-71.419,9.47,218.79,210.03,9.44,8.1,8.1,996.8,997.0,0.0,0.0,85.01,78.46,15,9,15.9,14.5,83.7,83.7,11.3,9.8,240.6,232.7,998.9,999.1,144.2,344.93,580.66,30.7012,6.4995,231.7,45.9,1471.394, NAN, NAN, NAN, NAN,,2024/04/13 12:26:48.651,2024-04-13 12:26:48.651000+00:00
2024/04/13, 12:27:48.651,41.11,-71.421,9.49,219.33,217.26,10.08,8.1,8.2,996.8,997.2,0.0,0.0,85.01,78.46,14,8,16.2,14.7,83.6,83.6,11.1,9.5,237.8,229.2,998.9,999.3,152.36,342.57,595.94,30.7127,6.4951,247.0,46.1,1471.391, NAN, NAN, NAN, NAN,,2024/04/13 12:27:48.651,2024-04-13 12:27:48.651000+00:00
2024/04/13, 12:28:48.651,41.108,-71.424,9.51,222.19,223.49,9.62,8.1,8.2,997.0,997.0,0.0,0.0,85.01,78.46,13,8,15.1,14.8,83.5,83.5,10.3,9.9,240.7,233.5,999.1,999.1,167.46,342.05,631.38,30.7223,6.49,248.6,45.9,1471.383, NAN, NAN, NAN, NAN,,2024/04/13 12:28:48.651,2024-04-13 12:28:48.651000+00:00
2024/04/13, 12:29:48.651,41.106,-71.426,9.49,219.67,209.84,10.0,8.1,8.2,996.8,996.9,0.0,0.0,85.01,78.46,14,10,15.6,14.4,83.5,83.5,11.0,9.6,243.4,238.7,998.9,999.0,183.08,343.56,669.34,30.7299,6.4897,252.1,46.0,1471.391, NAN, NAN, NAN, NAN,,2024/04/13 12:29:48.651,2024-04-13 12:29:48.651000+00:00
2024/04/13, 12:30:48.651,41.104,-71.428,9.34,221.0,227.17,9.59,8.1,8.2,997.7,996.9,0.0,0.0,85.01,78.46,13,8,14.7,14.3,83.5,83.5,10.0,9.5,241.7,234.6,999.8,999.0,194.6,344.59,702.65,30.7352,6.4971,249.7,45.7,1471.427, NAN, NAN, NAN, NAN,,2024/04/13 12:30:48.651,2024-04-13 12:30:48.651000+00:00
2024/04/13, 12:31:48.651,41.102,-71.43,9.15,221.85,228.48,9.76,8.1,8.2,997.0,997.6,0.0,0.0,85.01,78.46,15,8,15.5,14.6,83.5,83.5,10.7,9.6,242.6,232.6,999.1,999.7,204.65,345.0,745.19,30.7527,6.4929,249.7,46.0,1471.432, NAN, NAN, NAN, NAN,,2024/04/13 12:31:48.651,2024-04-13 12:31:48.651000+00:00
2024/04/13, 12:32:48.651,41.1,-71.433,9.21,221.11,223.32,9.32,8.1,8.2,997.2,997.3,0.0,0.0,85.01,78.46,16,10,14.9,14.5,83.5,83.5,10.3,9.8,243.4,234.8,999.3,999.4,215.66,345.37,785.19,30.8146,6.4891,244.3,45.7,1471.495, NAN, NAN, NAN, NAN,,2024/04/13 12:32:48.651,2024-04-13 12:32:48.651000+00:00
2024/04/13, 12:33:48.651,41.098,-71.435,9.28,220.49,228.87,9.48,8.1,8.2,997.3,997.0,0.0,0.0,85.01,78.46,16,12,15.9,15.0,83.5,83.5,11.2,10.2,242.7,237.5,999.4,999.1,227.87,346.18,822.58,30.8766,6.4854,240.0,46.1,1471.558, NAN, NAN, NAN, NAN,,2024/04/13 12:33:48.651,2024-04-13 12:33:48.651000+00:00
2024/04/13, 12:34:48.651,41.096,-71.437,9.38,221.32,220.14,8.89,8.1,8.2,997.3,997.3,0.0,0.0,85.01,78.46,13,9,15.4,15.1,83.5,83.5,11.1,10.7,241.0,235.6,999.4,999.4,237.95,345.76,858.47,30.9138,6.4784,239.4,45.9,1471.577, NAN, NAN, NAN, NAN,,2024/04/13 12:34:48.651,2024-04-13 12:34:48.651000+00:00
2024/04/13, 12:35:48.651,41.094,-71.439,9.32,220.25,216.3,9.57,8.1,8.2,997.3,996.8,0.0,0.0,85.01,78.46,15,10,16.4,15.0,83.5,83.5,11.7,10.2,241.7,235.4,999.4,998.9,244.97,345.41,890.07,30.9468,6.4649,234.8,45.9,1471.565, NAN, NAN, NAN, NAN,,2024/04/13 12:35:48.651,2024-04-13 12:35:48.651000+00:00
2024/04/13, 12:36:48.651,41.092,-71.442,9.58,217.98,214.12,9.67,8.1,8.1,996.6,997.3,0.0,0.0,85.01,78.46,19,14,17.5,16.1,83.5,83.5,13.0,11.4,245.1,239.2,998.7,999.4,263.79,345.82,988.22,30.9708,6.4271,231.2,45.9,1471.445, NAN, NAN, NAN, NAN,,2024/04/13 12:36:48.651,2024-04-13 12:36:48.651000+00:00
2024/04/13, 12:37:48.651,41.09,-71.444,9.38,221.1,222.12,9.75,8.1,8.2,997.2,997.2,0.0,0.0,85.01,78.46,18,13,17.1,16.2,83.5,83.5,12.4,11.4,246.4,239.9,999.3,999.3,258.57,345.93,949.23,31.0001,6.3836,224.3,45.9,1471.309, NAN, NAN, NAN, NAN,,2024/04/13 12:37:48.651,2024-04-13 12:37:48.651000+00:00
2024/04/13, 12:38:48.651,41.088,-71.446,9.49,221.19,219.54,9.25,8.1,8.2,996.6,997.2,0.0,0.0,85.01,78.46,18,13,16.7,16.0,83.3,83.3,12.3,11.5,246.6,240.1,998.7,999.3,245.27,344.8,914.12,31.037,6.3566,224.3,45.9,1471.248, NAN, NAN, NAN, NAN,,2024/04/13 12:38:48.651,2024-04-13 12:38:48.651000+00:00
2024/04/13, 12:39:48.651,41.086,-71.449,9.36,220.87,217.59,9.42,8.1,8.2,996.6,997.2,0.0,0.0,85.01,78.46,17,12,16.5,15.2,83.1,83.2,11.9,10.5,244.5,238.1,998.7,999.3,239.65,343.62,899.71,31.0779,6.3426,222.1,45.9,1471.244, NAN, NAN, NAN, NAN,,2024/04/13 12:39:48.651,2024-04-13 12:39:48.651000+00:00
2024/04/13, 12:40:48.652,41.084,-71.451,9.24,218.79,224.73,9.34,8.1,8.2,996.7,997.6,0.0,0.0,85.01,78.46,19,15,17.0,15.7,83.1,83.1,12.4,11.0,243.3,238.3,998.8,999.7,247.19,344.29,913.55,31.1207,6.3494,220.0,45.7,1471.325, NAN, NAN, NAN, NAN,,2024/04/13 12:40:48.652,2024-04-13 12:40:48.652000+00:00
2024/04/13, 12:41:48.652,41.082,-71.453,9.21,219.93,201.77,9.17,8.1,8.2,997.2,997.3,0.0,0.0,85.01,78.46,19,14,17.9,16.5,83.1,83.1,13.6,12.1,246.3,240.5,999.3,999.4,256.05,346.26,926.66,31.1463,6.3663,226.8,45.9,1471.424, NAN, NAN, NAN, NAN,,2024/04/13 12:41:48.652,2024-04-13 12:41:48.652000+00:00
2024/04/13, 12:42:48.652,41.08,-71.455,9.08,221.13,226.74,8.99,8.2,8.2,997.3,997.0,0.0,0.0,85.01,78.46,19,12,17.1,15.8,82.9,82.9,12.6,11.2,244.6,235.3,999.4,999.1,263.04,347.5,944.03,31.1628,6.3698,226.5,45.7,1471.459, NAN, NAN, NAN, NAN,,2024/04/13 12:42:48.652,2024-04-13 12:42:48.652000+00:00
2024/04/13, 12:43:48.652,41.078,-71.457,8.98,222.24,221.24,9.56,8.2,8.2,997.2,997.3,0.0,0.0,85.01,78.46,19,14,17.4,15.3,82.9,82.9,13.0,10.7,249.5,244.1,999.3,999.4,263.08,348.12,942.27,31.1838,6.3669,232.0,45.6,1471.474, NAN, NAN, NAN, NAN,,2024/04/13 12:43:48.652,2024-04-13 12:43:48.652000+00:00
2024/04/13, 12:44:48.652,41.076,-71.46,9.17,221.22,234.39,9.57,8.2,8.2,997.0,997.4,0.0,0.0,85.01,78.46,17,12,16.4,15.8,82.9,82.9,11.7,11.0,244.3,237.5,999.1,999.5,265.41,348.6,960.01,31.2185,6.3635,238.1,45.5,1471.504, NAN, NAN, NAN, NAN,,2024/04/13 12:44:48.652,2024-04-13 12:44:48.652000+00:00
2024/04/13, 12:45:48.652,41.074,-71.462,9.49,221.0,219.82,9.79,8.2,8.2,997.2,997.0,0.0,0.0,85.01,78.46,19,15,18.4,16.7,83.1,83.0,13.7,11.9,246.7,242.2,999.3,999.1,250.04,349.44,965.44,31.2435,6.3601,233.0,45.3,1471.522, NAN, NAN, NAN, NAN,,2024/04/13 12:45:48.652,2024-04-13 12:45:48.652000+00:00
2024/04/13, 12:46:48.652,41.072,-71.464,9.56,219.0,210.07,9.81,8.1,8.2,997.1,997.3,0.0,0.0,85.01,78.46,19,14,17.6,16.1,83.3,83.3,13.2,11.5,247.1,241.4,999.2,999.4,192.06,349.4,749.14,31.2574,6.3571,241.5,45.4,1471.527, NAN, NAN, NAN, NAN,,2024/04/13 12:46:48.652,2024-04-13 12:46:48.652000+00:00
2024/04/13, 12:47:48.652,41.07,-71.467,9.35,219.51,214.13,9.75,8.1,8.2,997.4,997.0,0.0,0.0,85.01,78.46,20,14,17.5,16.8,83.5,83.5,12.8,12.0,246.6,238.7,999.5,999.1,176.27,349.5,700.29,31.2584,6.3526,244.6,45.1,1471.511, NAN, NAN, NAN, NAN,,2024/04/13 12:47:48.652,2024-04-13 12:47:48.652000+00:00
2024/04/13, 12:48:48.652,41.068,-71.469,9.1,218.95,219.0,9.5,8.1,8.2,997.0,997.4,0.0,0.0,85.01,78.46,20,15,17.6,16.4,83.5,83.5,13.0,11.6,244.6,238.2,999.1,999.5,176.71,349.39,687.51,31.2728,6.3462,249.4,44.9,1471.503, NAN, NAN, NAN, NAN,,2024/04/13 12:48:48.652,2024-04-13 12:48:48.652000+00:00
2024/04/13, 12:49:48.652,41.066,-71.471,9.18,220.5,217.48,9.67,8.1,8.2,997.3,997.6,0.0,0.0,85.01,78.46,19,16,17.5,16.0,83.5,83.4,13.0,11.4,247.2,244.0,999.4,999.7,178.86,348.72,687.12,31.2767,6.3395,248.3,45.0,1471.481, NAN, NAN, NAN, NAN,,2024/04/13 12:49:48.652,2024-04-13 12:49:48.652000+00:00
2024/04/13, 12:50:48.652,41.064,-71.473,9.3,220.17,218.12,9.67,8.1,8.2,997.3,997.2,0.0,0.0,85.01,78.46,21,15,17.1,15.7,83.5,83.4,12.6,11.0,249.7,242.4,999.4,999.3,182.89,348.32,696.5,31.2848,6.3279,256.1,45.2,1471.446, NAN, NAN, NAN, NAN,,2024/04/13 12:50:48.652,2024-04-13 12:50:48.652000+00:00
2024/04/13, 12:51:48.652,41.062,-71.476,9.46,219.92,217.3,9.98,8.1,8.2,997.2,997.3,0.0,0.0,85.01,78.46,20,16,17.9,15.9,83.3,83.4,13.2,11.0,247.3,242.9,999.3,999.4,195.17,348.32,722.78,31.2901,6.3147,258.4,45.1,1471.4, NAN, NAN, NAN, NAN,,2024/04/13 12:51:48.652,2024-04-13 12:51:48.652000+00:00
2024/04/13, 12:52:48.652,41.06,-71.478,9.13,219.7,219.68,9.57,8.1,8.2,997.3,997.6,0.0,0.0,85.01,78.46,19,15,15.4,14.8,83.4,83.4,10.7,10.0,244.8,239.3,999.4,999.7,202.54,347.88,744.78,31.2872,6.3051,256.1,44.9,1471.358, NAN, NAN, NAN, NAN,,2024/04/13 12:52:48.652,2024-04-13 12:52:48.652000+00:00
2024/04/13, 12:53:48.652,41.058,-71.481,9.16,218.68,216.24,9.35,8.1,8.2,997.3,997.4,0.0,0.0,85.01,78.46,20,15,16.0,14.6,83.4,83.4,11.4,9.9,244.6,238.1,999.4,999.5,209.05,348.34,763.84,31.2997,6.2942,260.4,45.3,1471.33, NAN, NAN, NAN, NAN,,2024/04/13 12:53:48.652,2024-04-13 12:53:48.652000+00:00
2024/04/13, 12:54:48.652,41.056,-71.483,9.09,220.31,225.05,9.64,8.1,8.1,997.1,997.6,0.0,0.0,85.01,78.46,19,14,16.6,15.1,83.5,83.5,11.8,10.2,243.6,236.8,999.2,999.7,217.02,348.34,789.87,31.301,6.2837,251.6,45.2,1471.29, NAN, NAN, NAN, NAN,,2024/04/13 12:54:48.652,2024-04-13 12:54:48.652000+00:00
2024/04/13, 12:55:48.652,41.055,-71.485,9.08,220.31,222.26,9.39,8.1,8.1,997.3,997.3,0.0,0.0,85.01,78.46,21,17,16.2,15.0,83.6,83.6,11.8,10.4,249.3,244.5,999.4,999.4,225.62,347.61,820.8,31.3055,6.2727,252.0,45.6,1471.252, NAN, NAN, NAN, NAN,,2024/04/13 12:55:48.652,2024-04-13 12:55:48.652000+00:00
2024/04/13, 12:56:48.653,41.053,-71.488,9.45,220.21,221.15,9.79,8.1,8.1,997.5,997.6,0.0,0.0,85.01,78.46,22,16,16.1,14.3,83.6,83.6,11.6,9.6,251.5,244.4,999.6,999.7,234.43,347.17,844.18,31.308,6.2528,246.7,45.7,1471.176, NAN, NAN, NAN, NAN,,2024/04/13 12:56:48.653,2024-04-13 12:56:48.653000+00:00
2024/04/13, 12:57:48.653,41.051,-71.49,9.48,219.44,216.48,10.04,8.1,8.1,997.3,997.8,0.0,0.0,85.01,78.46,22,18,16.9,15.2,83.8,83.7,12.2,10.4,249.9,245.5,999.4,999.9,241.46,346.98,868.82,31.3089,6.2308,243.0,45.5,1471.09, NAN, NAN, NAN, NAN,,2024/04/13 12:57:48.653,2024-04-13 12:57:48.653000+00:00
2024/04/13, 12:58:48.653,41.049,-71.492,9.09,221.66,229.46,9.58,8.1,8.1,997.8,997.3,0.0,0.0,85.01,78.46,25,19,15.2,14.5,83.7,83.7,10.9,9.9,257.2,249.4,999.9,999.4,244.93,346.2,890.46,31.3093,6.2079,238.8,45.2,1470.999, NAN, NAN, NAN, NAN,,2024/04/13 12:58:48.653,2024-04-13 12:58:48.653000+00:00
2024/04/13, 12:59:48.653,41.047,-71.495,9.29,219.8,217.14,9.59,8.1,8.1,997.2,997.9,0.0,0.0,85.01,78.46,22,16,15.1,14.2,83.8,83.7,10.9,9.7,253.0,245.5,999.3,1000.0,243.56,344.2,902.77,31.3179,6.1889,234.8,45.7,1470.934, NAN, NAN, NAN, NAN,,2024/04/13 12:59:48.653,2024-04-13 12:59:48.653000+00:00
2024/04/13, 13:00:48.653,41.045,-71.497,9.52,220.39,214.58,9.87,8.1,8.1,997.4,997.6,0.0,0.0,85.01,78.46,21,17,16.1,14.3,83.7,83.7,11.5,9.6,250.8,246.7,999.5,999.7,261.19,341.24,1118.18,31.324,6.1833,233.9,45.7,1470.919, NAN, NAN, NAN, NAN,,2024/04/13 13:00:48.653,2024-04-13 13:00:48.653000+00:00
2024/04/13, 13:01:48.653,41.043,-71.499,9.64,219.47,224.07,9.87,8.1,8.1,997.3,997.4,0.0,0.0,85.01,78.46,22,16,15.7,14.4,83.5,83.5,10.7,9.3,245.5,236.9,999.4,999.5,253.56,337.85,989.22,31.3296,6.2488,235.4,45.5,1471.187, NAN, NAN, NAN, NAN,,2024/04/13 13:01:48.653,2024-04-13 13:01:48.653000+00:00
2024/04/13, 13:02:48.653,41.041,-71.502,9.25,220.03,221.92,9.27,8.1,8.1,997.2,997.6,0.0,0.0,85.01,78.46,21,18,14.3,14.2,83.4,83.5,10.1,9.9,251.9,247.8,999.3,999.7,300.11,335.8,1161.89,31.3378,6.342,239.6,44.9,1471.568, NAN, NAN, NAN, NAN,,2024/04/13 13:02:48.653,2024-04-13 13:02:48.653000+00:00
2024/04/13, 13:03:48.653,41.039,-71.504,9.42,219.8,221.19,9.68,8.1,8.1,997.3,997.3,0.0,0.0,85.01,78.46,24,19,15.0,14.5,83.3,83.4,10.7,10.0,255.4,248.9,999.4,999.4,387.23,336.67,1478.91,31.3608,6.3919,253.7,45.5,1471.795, NAN, NAN, NAN, NAN,,2024/04/13 13:03:48.653,2024-04-13 13:03:48.653000+00:00
2024/04/13, 13:04:48.653,41.037,-71.506,9.21,221.56,223.01,9.21,8.1,8.1,997.7,997.6,0.0,0.0,85.01,78.46,22,17,15.9,14.6,83.3,83.3,11.6,10.1,252.1,246.1,999.8,999.7,369.88,337.5,1397.37,31.3926,6.4126,239.6,46.0,1471.917, NAN, NAN, NAN, NAN,,2024/04/13 13:04:48.653,2024-04-13 13:04:48.653000+00:00
2024/04/13, 13:05:48.653,41.035,-71.508,9.05,218.29,210.03,9.47,8.1,8.1,997.4,997.1,0.0,0.0,85.01,78.46,24,19,16.6,15.2,83.0,83.1,12.5,10.9,252.8,247.3,999.5,999.2,304.17,336.83,1151.25,31.4101,6.4194,233.9,45.6,1471.966, NAN, NAN, NAN, NAN,,2024/04/13 13:05:48.653,2024-04-13 13:05:48.653000+00:00
2024/04/13, 13:06:48.653,41.033,-71.511,9.16,219.93,216.98,9.53,8.1,8.1,997.3,997.4,0.0,0.0,85.01,78.46,23,19,16.2,15.1,82.8,82.9,11.9,10.7,252.9,248.4,999.4,999.5,297.9,335.74,1143.81,31.4103,6.4218,225.8,45.7,1471.976, NAN, NAN, NAN, NAN,,2024/04/13 13:06:48.653,2024-04-13 13:06:48.653000+00:00
2024/04/13, 13:07:48.653,41.031,-71.513,9.31,218.49,209.59,9.65,8.1,8.1,997.2,997.7,0.0,0.0,85.01,78.46,24,17,16.8,15.3,82.9,82.9,12.8,11.0,254.0,246.1,999.3,999.8,347.17,335.88,1258.45,31.3935,6.4249,224.3,45.5,1471.967, NAN, NAN, NAN, NAN,,2024/04/13 13:07:48.653,2024-04-13 13:07:48.653000+00:00
2024/04/13, 13:08:48.653,41.029,-71.515,9.34,220.76,215.48,9.24,8.1,8.1,997.4,997.4,0.0,0.0,85.01,78.46,21,18,16.0,15.1,82.9,82.9,11.9,10.9,251.6,248.3,999.5,999.5,338.58,337.29,1250.49,31.3765,6.4315,229.0,45.4,1471.972, NAN, NAN, NAN, NAN,,2024/04/13 13:08:48.653,2024-04-13 13:08:48.653000+00:00
2024/04/13, 13:09:48.653,41.027,-71.517,9.34,218.95,216.09,9.58,8.1,8.1,997.6,997.4,0.0,0.0,85.01,78.46,23,17,15.6,14.6,83.0,83.0,11.5,10.2,253.6,246.5,999.7,999.5,333.35,338.64,1228.58,31.3675,6.4458,230.5,45.7,1472.017, NAN, NAN, NAN, NAN,,2024/04/13 13:09:48.653,2024-04-13 13:09:48.653000+00:00
2024/04/13, 13:10:48.653,41.025,-71.519,9.16,218.45,213.26,9.27,8.1,8.1,997.3,997.8,0.0,0.0,85.01,78.46,20,15,16.1,15.5,83.2,83.0,11.9,11.1,248.1,241.8,999.4,999.9,322.67,339.17,1221.23,31.3534,6.4578,233.2,45.6,1472.047, NAN, NAN, NAN, NAN,,2024/04/13 13:10:48.653,2024-04-13 13:10:48.653000+00:00
2024/04/13, 13:11:48.653,41.023,-71.521,9.15,216.65,206.96,9.23,8.1,8.1,997.2,997.4,0.0,0.0,85.01,78.46,21,16,17.2,15.5,83.4,83.5,13.3,11.4,248.0,242.9,999.3,999.5,300.48,341.59,1099.06,31.2567,6.4716,235.4,45.1,1471.98, NAN, NAN, NAN, NAN,,2024/04/13 13:11:48.653,2024-04-13 13:11:48.653000+00:00
2024/04/13, 13:12:48.654,41.021,-71.524,8.95,220.03,220.21,8.93,8.1,8.1,997.3,997.6,0.0,0.0,85.01,78.46,23,19,17.0,15.6,83.6,83.7,13.1,11.5,252.3,248.2,999.4,999.7,318.17,344.17,1130.48,31.1908,6.486,240.9,45.5,1471.955, NAN, NAN, NAN, NAN,,2024/04/13 13:12:48.654,2024-04-13 13:12:48.654000+00:00
2024/04/13, 13:13:48.654,41.019,-71.526,8.8,221.57,216.61,9.12,8.0,8.1,997.0,997.5,0.0,0.0,85.01,78.46,23,19,18.2,16.3,83.8,83.9,14.1,12.1,252.9,249.0,999.1,999.6,320.57,343.89,1136.98,31.1383,6.4945,235.1,45.5,1471.922, NAN, NAN, NAN, NAN,,2024/04/13 13:13:48.654,2024-04-13 13:13:48.654000+00:00
2024/04/13, 13:14:48.654,41.017,-71.528,8.79,218.63,210.07,9.19,8.0,8.1,997.2,997.3,0.0,0.0,85.01,78.46,23,18,15.4,14.8,83.9,83.9,11.5,10.7,253.3,247.2,999.3,999.4,321.22,341.42,1144.11,31.0975,6.4971,241.2,45.2,1471.882, NAN, NAN, NAN, NAN,,2024/04/13 13:14:48.654,2024-04-13 13:14:48.654000+00:00
2024/04/13, 13:15:48.654,41.015,-71.53,8.83,220.3,232.4,8.65,8.0,8.0,997.3,997.5,0.0,0.0,85.01,78.46,26,20,17.0,15.6,84.0,83.9,13.3,11.6,255.6,248.8,999.4,999.6,339.67,341.06,1189.51,31.0657,6.4942,241.2,45.6,1471.83, NAN, NAN, NAN, NAN,,2024/04/13 13:15:48.654,2024-04-13 13:15:48.654000+00:00
2024/04/13, 13:16:48.654,41.013,-71.532,8.99,220.28,209.67,9.14,8.0,8.1,997.6,997.3,0.0,0.0,85.01,78.46,25,20,18.2,16.1,83.8,83.8,14.2,11.9,254.2,249.2,999.7,999.4,360.95,340.35,1268.72,31.043,6.4913,245.7,45.6,1471.79, NAN, NAN, NAN, NAN,,2024/04/13 13:16:48.654,2024-04-13 13:16:48.654000+00:00
2024/04/13, 13:17:48.654,41.011,-71.534,8.86,217.23,207.46,8.87,8.0,8.1,997.2,996.9,0.0,0.0,85.01,78.46,26,21,17.6,16.8,83.6,83.6,14.0,13.0,253.5,247.8,999.3,999.0,362.87,336.46,1273.64,31.0306,6.4909,242.1,44.5,1471.773, NAN, NAN, NAN, NAN,,2024/04/13 13:17:48.654,2024-04-13 13:17:48.654000+00:00
2024/04/13, 13:18:48.654,41.009,-71.536,8.87,221.63,233.22,8.67,8.0,8.1,997.3,997.8,0.0,0.0,85.01,78.46,26,19,16.7,16.5,83.2,83.2,12.7,12.3,255.3,246.2,999.4,999.9,374.61,331.04,1339.69,31.0186,6.4924,241.8,44.6,1471.764, NAN, NAN, NAN, NAN,,2024/04/13 13:18:48.654,2024-04-13 13:18:48.654000+00:00
2024/04/13, 13:19:48.654,41.007,-71.538,8.85,219.36,214.37,9.26,8.1,8.1,997.3,997.8,0.0,0.0,85.01,78.46,26,22,18.0,16.0,82.9,82.9,14.1,11.9,255.3,251.7,999.4,999.9,471.84,328.97,1672.55,31.0047,6.4986,240.3,45.7,1471.771, NAN, NAN, NAN, NAN,,2024/04/13 13:19:48.654,2024-04-13 13:19:48.654000+00:00
2024/04/13, 13:20:48.654,41.005,-71.54,9.04,218.3,215.66,9.24,8.1,8.1,997.9,997.4,0.0,0.0,85.01,78.46,27,20,17.7,17.1,82.8,82.8,13.8,12.9,255.3,246.7,1000.0,999.5,480.33,326.12,1730.13,30.9978,6.5077,242.1,45.7,1471.798, NAN, NAN, NAN, NAN,,2024/04/13 13:20:48.654,2024-04-13 13:20:48.654000+00:00
2024/04/13, 13:21:48.654,41.003,-71.542,8.93,218.81,219.99,9.24,8.1,8.1,997.4,997.7,0.0,0.0,85.01,78.46,24,20,18.7,16.5,82.5,82.5,14.6,12.2,251.1,247.3,999.5,999.8,426.45,322.35,1544.16,30.9902,6.5201,245.7,45.5,1471.838, NAN, NAN, NAN, NAN,,2024/04/13 13:21:48.654,2024-04-13 13:21:48.654000+00:00
2024/04/13, 13:22:48.654,41.001,-71.544,8.76,219.13,199.2,9.12,8.1,8.1,997.2,997.8,0.0,0.0,85.01,78.46,26,22,18.0,16.5,82.2,82.3,14.6,12.9,256.6,252.9,999.3,999.9,359.73,319.52,1338.11,30.9627,6.5308,242.4,45.4,1471.846, NAN, NAN, NAN, NAN,,2024/04/13 13:22:48.654,2024-04-13 13:22:48.654000+00:00
2024/04/13, 13:23:48.654,40.999,-71.546,9.09,221.42,228.09,9.13,8.1,8.1,997.4,997.6,0.0,0.0,85.01,78.46,24,17,18.8,17.3,82.0,82.1,14.5,12.8,251.8,243.2,999.5,999.7,396.64,318.04,1487.74,30.9404,6.5415,237.2,45.7,1471.86, NAN, NAN, NAN, NAN,,2024/04/13 13:23:48.654,2024-04-13 13:23:48.654000+00:00
2024/04/13, 13:24:48.654,40.997,-71.548,8.97,220.27,223.37,9.27,8.1,8.1,997.7,997.8,0.0,0.0,85.01,78.46,26,19,17.1,16.4,81.8,81.9,12.8,11.9,254.2,245.2,999.8,999.9,391.14,316.92,1458.52,30.9211,6.5525,242.1,45.6,1471.88, NAN, NAN, NAN, NAN,,2024/04/13 13:24:48.654,2024-04-13 13:24:48.654000+00:00
2024/04/13, 13:25:48.654,40.995,-71.55,8.84,220.08,212.91,8.96,8.1,8.2,997.9,997.3,0.0,0.0,85.01,78.46,24,20,18.3,17.1,81.6,81.6,14.4,13.1,252.9,248.5,1000.0,999.4,441.85,316.19,1677.94,30.9066,6.5615,237.9,45.3,1471.897, NAN, NAN, NAN, NAN,,2024/04/13 13:25:48.654,2024-04-13 13:25:48.654000+00:00
2024/04/13, 13:26:48.654,40.993,-71.552,8.94,220.59,206.72,8.9,8.1,8.2,997.9,997.4,0.0,0.0,85.01,78.46,23,19,19.1,17.3,81.4,81.4,15.3,13.3,252.0,248.1,1000.0,999.5,381.59,313.81,1372.45,30.8837,6.5695,237.9,45.6,1471.9, NAN, NAN, NAN, NAN,,2024/04/13 13:26:48.654,2024-04-13 13:26:48.654000+00:00
2024/04/13, 13:27:48.655,40.991,-71.554,8.76,218.37,207.73,9.29,8.1,8.2,996.8,997.7,0.0,0.0,85.01,78.46,23,19,18.1,15.8,81.3,81.3,14.3,11.8,251.6,248.4,998.9,999.8,411.87,312.42,1555.43,30.8657,6.5798,233.9,45.4,1471.918, NAN, NAN, NAN, NAN,,2024/04/13 13:27:48.655,2024-04-13 13:27:48.655000+00:00
2024/04/13, 13:28:48.655,40.989,-71.556,9.02,217.65,220.08,8.69,8.1,8.2,997.4,997.7,0.0,0.0,85.01,78.46,23,19,18.1,16.3,81.4,81.5,13.9,12.0,246.4,241.9,999.5,999.8,391.68,308.51,1487.7,30.8489,6.5885,230.8,45.1,1471.931, NAN, NAN, NAN, NAN,,2024/04/13 13:28:48.655,2024-04-13 13:28:48.655000+00:00
2024/04/13, 13:29:48.655,40.987,-71.558,8.85,220.66,231.64,9.04,8.1,8.2,997.4,997.7,0.0,0.0,85.01,78.46,21,17,18.6,17.7,81.1,81.2,14.0,13.1,244.6,239.4,999.5,999.8,419.13,306.86,1572.01,30.8336,6.597,228.7,45.5,1471.946, NAN, NAN, NAN, NAN,,2024/04/13 13:29:48.655,2024-04-13 13:29:48.655000+00:00
2024/04/13, 13:30:48.655,40.986,-71.56,8.64,221.39,233.92,8.23,8.1,8.2,997.4,997.7,0.0,0.0,85.01,78.46,25,17,17.7,16.2,81.1,81.2,13.9,12.2,253.2,243.6,999.5,999.8,502.41,305.86,1836.1,30.809,6.6035,225.2,45.4,1471.941, NAN, NAN, NAN, NAN,,2024/04/13 13:30:48.655,2024-04-13 13:30:48.655000+00:00
2024/04/13, 13:31:48.655,40.984,-71.562,8.72,219.56,216.46,9.16,8.1,8.2,997.7,997.7,0.0,0.0,85.01,78.46,25,19,17.5,16.0,81.2,81.2,13.7,11.9,254.9,248.4,999.8,999.8,429.76,304.7,1654.45,30.7949,6.6096,227.5,45.4,1471.947, NAN, NAN, NAN, NAN,,2024/04/13 13:31:48.655,2024-04-13 13:31:48.655000+00:00
2024/04/13, 13:32:48.655,40.982,-71.564,8.78,219.24,215.12,8.33,8.1,8.1,997.6,997.8,0.0,0.0,85.01,78.46,24,20,16.5,15.5,81.2,81.3,12.8,11.7,252.0,247.5,999.7,999.9,331.44,303.63,1291.47,30.7771,6.6161,225.3,45.2,1471.95, NAN, NAN, NAN, NAN,,2024/04/13 13:32:48.655,2024-04-13 13:32:48.655000+00:00
2024/04/13, 13:33:48.655,40.98,-71.566,8.52,219.7,214.6,8.6,8.1,8.1,997.6,997.4,0.0,0.0,85.01,78.46,26,20,17.7,15.4,81.3,81.3,14.1,11.6,255.2,249.3,999.7,999.5,351.13,303.28,1356.01,30.7716,6.622,226.8,45.2,1471.967, NAN, NAN, NAN, NAN,,2024/04/13 13:33:48.655,2024-04-13 13:33:48.655000+00:00
2024/04/13, 13:34:48.655,40.978,-71.568,8.77,219.98,224.9,8.84,8.1,8.1,998.0,997.4,0.0,0.0,85.01,78.46,22,16,17.8,16.3,81.2,81.4,13.7,12.0,248.9,241.7,1000.1,999.5,309.45,302.57,1217.2,30.7343,6.6298,224.3,45.4,1471.951, NAN, NAN, NAN, NAN,,2024/04/13 13:34:48.655,2024-04-13 13:34:48.655000+00:00
2024/04/13, 13:35:48.655,40.976,-71.57,8.71,219.45,213.98,8.98,8.1,8.1,998.0,997.5,0.0,0.0,85.01,78.46,23,20,16.5,15.1,81.1,81.2,12.5,11.0,251.6,248.7,1000.1,999.6,297.01,302.14,1185.32,30.7127,6.637,222.4,45.3,1471.952, NAN, NAN, NAN, NAN,,2024/04/13 13:35:48.655,2024-04-13 13:35:48.655000+00:00
2024/04/13, 13:36:48.655,40.974,-71.572,8.82,217.75,211.95,8.59,8.1,8.1,998.0,997.6,0.0,0.0,85.01,78.46,26,19,16.6,15.4,81.0,81.2,12.7,11.3,252.1,243.6,1000.1,999.7,302.85,301.84,1231.72,30.684,6.6415,225.2,45.4,1471.934, NAN, NAN, NAN, NAN,,2024/04/13 13:36:48.655,2024-04-13 13:36:48.655000+00:00
2024/04/13, 13:37:48.655,40.972,-71.574,8.92,219.11,216.28,9.07,8.1,8.1,998.1,997.6,0.0,0.0,85.01,78.46,25,19,16.4,15.5,80.9,81.0,12.5,11.3,254.1,246.8,1000.2,999.7,322.14,301.49,1300.56,30.6644,6.6455,229.0,45.5,1471.925, NAN, NAN, NAN, NAN,,2024/04/13 13:37:48.655,2024-04-13 13:37:48.655000+00:00
2024/04/13, 13:38:48.655,40.97,-71.576,8.73,220.17,224.48,8.9,8.1,8.1,997.3,998.1,0.0,0.0,85.01,78.46,25,19,17.4,15.9,81.0,81.0,13.3,11.6,252.6,245.4,999.4,1000.2,319.3,301.42,1277.57,30.6398,6.652,229.3,45.5,1471.92, NAN, NAN, NAN, NAN,,2024/04/13 13:38:48.655,2024-04-13 13:38:48.655000+00:00
2024/04/13, 13:39:48.655,40.968,-71.578,9.05,219.6,221.65,9.15,8.1,8.1,998.4,997.8,0.0,0.0,85.01,78.46,26,21,15.8,14.7,81.0,80.9,11.8,10.5,256.2,250.5,1000.5,999.9,293.41,301.53,1318.71,30.62,6.6562,226.8,45.4,1471.912, NAN, NAN, NAN, NAN,,2024/04/13 13:39:48.655,2024-04-13 13:39:48.655000+00:00
2024/04/13, 13:40:48.655,40.966,-71.58,9.05,220.98,221.94,9.34,8.1,8.1,997.9,998.2,0.0,0.0,85.01,78.46,23,19,16.3,15.2,81.0,81.0,12.1,10.8,253.4,248.9,1000.0,1000.3,394.55,302.03,1756.65,30.5997,6.6644,227.8,45.5,1471.919, NAN, NAN, NAN, NAN,,2024/04/13 13:40:48.655,2024-04-13 13:40:48.655000+00:00
2024/04/13, 13:41:48.655,40.964,-71.582,9.12,219.13,211.5,9.65,8.1,8.2,997.9,997.8,0.0,0.0,85.01,78.46,24,19,15.6,14.5,80.9,80.9,11.6,10.2,255.5,250.0,1000.0,999.9,718.1,304.04,2476.11,30.574,6.6748,236.6,45.5,1471.928, NAN, NAN, NAN, NAN,,2024/04/13 13:41:48.655,2024-04-13 13:41:48.655000+00:00
2024/04/13, 13:42:48.655,40.962,-71.584,9.07,219.4,208.68,9.08,8.1,8.1,998.0,998.0,0.0,0.0,85.01,78.46,22,19,16.2,15.6,81.0,81.1,12.3,11.6,251.9,248.5,1000.1,1000.1,544.97,302.62,1921.07,30.5537,6.6918,235.1,45.8,1471.97, NAN, NAN, NAN, NAN,,2024/04/13 13:42:48.655,2024-04-13 13:42:48.655000+00:00
2024/04/13, 13:43:48.656,40.96,-71.586,8.98,221.86,225.51,9.0,8.1,8.1,998.2,997.8,0.0,0.0,85.01,78.46,21,15,14.9,14.3,80.9,80.9,10.7,9.9,251.2,243.1,1000.3,999.9,537.78,302.3,1947.48,30.5311,6.7079,229.3,45.8,1472.005, NAN, NAN, NAN, NAN,,2024/04/13 13:43:48.656,2024-04-13 13:43:48.656000+00:00
2024/04/13, 13:44:48.656,40.958,-71.588,8.91,218.35,219.68,8.84,8.1,8.1,998.0,998.0,0.0,0.0,85.01,78.46,22,17,17.4,16.0,81.0,81.1,13.3,11.7,247.4,241.5,1000.1,1000.1,705.92,303.25,2416.16,30.5075,6.7191,224.3,45.5,1472.02, NAN, NAN, NAN, NAN,,2024/04/13 13:44:48.656,2024-04-13 13:44:48.656000+00:00
2024/04/13, 13:45:48.656,40.956,-71.59,8.72,220.29,227.59,8.95,8.1,8.1,997.9,998.3,0.0,0.0,85.01,78.46,22,16,14.8,14.4,80.9,80.9,10.6,10.0,251.0,242.9,1000.0,1000.4,698.52,302.86,2370.8,30.4971,6.7286,217.6,45.6,1472.044, NAN, NAN, NAN, NAN,,2024/04/13 13:45:48.656,2024-04-13 13:45:48.656000+00:00
2024/04/13, 13:46:48.656,40.954,-71.592,8.81,219.96,209.78,9.19,8.1,8.1,997.8,998.2,0.0,0.0,85.01,78.46,21,17,16.3,14.9,81.0,81.1,12.5,10.9,252.1,248.2,999.9,1000.3,654.49,302.24,2276.81,30.4816,6.7252,215.1,45.7,1472.011, NAN, NAN, NAN, NAN,,2024/04/13 13:46:48.656,2024-04-13 13:46:48.656000+00:00
2024/04/13, 13:47:48.656,40.952,-71.594,8.85,217.46,200.92,8.42,8.1,8.1,998.2,998.0,0.0,0.0,85.01,78.46,19,17,16.6,15.7,81.3,81.3,12.9,11.9,245.1,243.2,1000.3,1000.1,555.11,301.6,1973.43,30.4809,6.7138,215.1,45.5,1471.965, NAN, NAN, NAN, NAN,,2024/04/13 13:47:48.656,2024-04-13 13:47:48.656000+00:00
2024/04/13, 13:48:48.656,40.95,-71.596,8.52,220.54,207.06,8.65,8.1,8.1,997.7,998.3,0.0,0.0,85.01,78.46,20,17,17.9,15.8,81.1,81.1,14.1,11.9,249.1,246.7,999.8,1000.4,665.7,302.22,2284.49,30.4878,6.6929,213.0,45.6,1471.891, NAN, NAN, NAN, NAN,,2024/04/13 13:48:48.656,2024-04-13 13:48:48.656000+00:00
2024/04/13, 13:49:48.656,40.949,-71.598,8.55,219.45,225.1,8.98,8.1,8.1,998.1,997.8,0.0,0.0,85.01,78.46,22,18,16.6,15.8,80.9,81.1,12.3,11.3,247.7,242.6,1000.2,999.9,645.27,302.66,2191.85,30.5145,6.6725,213.0,45.9,1471.844, NAN, NAN, NAN, NAN,,2024/04/13 13:49:48.656,2024-04-13 13:49:48.656000+00:00
2024/04/13, 13:50:48.656,40.947,-71.6,8.69,221.1,230.24,9.03,8.1,8.1,997.8,997.9,0.0,0.0,85.01,78.46,25,20,17.3,15.8,80.7,80.7,13.1,11.4,253.7,247.8,999.9,1000.0,636.61,303.31,2233.8,30.5493,6.662,207.8,46.0,1471.846, NAN, NAN, NAN, NAN,,2024/04/13 13:50:48.656,2024-04-13 13:50:48.656000+00:00
2024/04/13, 13:51:48.656,40.945,-71.602,8.63,219.5,237.47,8.84,8.1,8.1,997.9,998.2,0.0,0.0,85.01,78.46,22,16,18.2,16.8,80.7,80.7,14.0,12.4,247.7,240.4,1000.0,1000.3,468.64,301.43,1966.81,30.5981,6.6524,208.4,45.9,1471.87, NAN, NAN, NAN, NAN,,2024/04/13 13:51:48.656,2024-04-13 13:51:48.656000+00:00
2024/04/13, 13:52:48.656,40.943,-71.604,8.61,221.83,222.88,8.54,8.1,8.1,998.1,997.7,0.0,0.0,85.01,78.46,21,17,17.6,16.3,80.3,80.4,13.5,12.1,249.0,244.3,1000.2,999.8,709.57,303.89,2416.16,30.6356,6.6555,208.7,45.6,1471.929, NAN, NAN, NAN, NAN,,2024/04/13 13:52:48.656,2024-04-13 13:52:48.656000+00:00
2024/04/13, 13:53:48.656,40.941,-71.606,8.61,220.3,224.55,8.83,8.1,8.1,998.2,997.7,0.0,0.0,85.01,78.46,21,17,17.3,16.4,80.2,80.3,13.3,12.2,249.3,244.6,1000.3,999.8,650.25,304.77,2233.03,30.6707,6.6524,207.8,45.4,1471.961, NAN, NAN, NAN, NAN,,2024/04/13 13:53:48.656,2024-04-13 13:53:48.656000+00:00
2024/04/13, 13:54:48.656,40.939,-71.608,8.8,221.18,219.79,9.16,8.1,8.1,997.5,997.9,0.0,0.0,85.01,78.46,23,17,17.8,17.0,80.2,80.2,13.7,12.7,252.9,245.5,999.6,1000.0,590.19,306.13,2478.95,30.6862,6.654,209.0,45.7,1471.986, NAN, NAN, NAN, NAN,,2024/04/13 13:54:48.656,2024-04-13 13:54:48.656000+00:00
2024/04/13, 13:55:48.656,40.937,-71.61,8.83,220.08,213.57,8.78,8.1,8.1,998.1,997.5,0.0,0.0,85.01,78.46,21,16,17.7,16.4,80.0,80.0,13.9,12.4,249.7,244.1,1000.2,999.6,745.45,308.62,2463.02,30.6931,6.6583,207.5,45.7,1472.012, NAN, NAN, NAN, NAN,,2024/04/13 13:55:48.656,2024-04-13 13:55:48.656000+00:00
2024/04/13, 13:56:48.656,40.935,-71.612,9.0,221.48,226.8,9.44,8.1,8.1,997.7,998.0,0.0,0.0,85.01,78.46,23,16,18.2,16.6,80.3,80.0,13.7,11.9,251.5,242.8,999.8,1000.1,744.59,310.19,2502.14,30.7015,6.6568,209.3,45.5,1472.017, NAN, NAN, NAN, NAN,,2024/04/13 13:56:48.656,2024-04-13 13:56:48.656000+00:00
2024/04/13, 13:57:48.656,40.933,-71.614,9.14,220.51,212.75,9.21,8.1,8.1,998.1,997.9,0.0,0.0,85.01,78.46,24,19,18.3,16.1,80.4,80.4,14.2,11.8,252.8,247.6,1000.2,1000.0,740.22,309.46,2461.64,30.6967,6.6557,205.0,45.4,1472.006, NAN, NAN, NAN, NAN,,2024/04/13 13:57:48.656,2024-04-13 13:57:48.656000+00:00
2024/04/13, 13:58:48.657,40.931,-71.616,8.9,222.32,223.9,9.3,8.1,8.1,997.7,998.0,0.0,0.0,85.01,78.46,23,18,18.2,17.0,80.4,80.5,14.2,12.8,254.7,249.0,999.8,1000.1,593.14,306.27,2051.7,30.6938,6.6531,207.5,45.6,1471.992, NAN, NAN, NAN, NAN,,2024/04/13 13:58:48.657,2024-04-13 13:58:48.657000+00:00
2024/04/13, 13:59:48.657,40.929,-71.618,8.95,220.1,205.0,8.99,8.1,8.1,997.8,997.9,0.0,0.0,85.01,78.46,25,18,19.1,17.0,80.5,80.6,15.4,13.0,254.3,246.9,999.9,1000.0,742.91,304.96,2473.89,30.6956,6.6494,205.0,45.5,1471.98, NAN, NAN, NAN, NAN,,2024/04/13 13:59:48.657,2024-04-13 13:59:48.657000+00:00
2024/04/13, 14:00:48.657,40.927,-71.62,8.75,220.96,217.91,9.12,8.1,8.1,998.0,997.9,0.0,0.0,85.01,78.46,24,19,19.0,18.2,80.4,80.4,15.1,14.1,253.6,247.8,1000.1,1000.0,713.53,304.21,2372.11,30.6892,6.6508,205.0,45.4,1471.977, NAN, NAN, NAN, NAN,,2024/04/13 14:00:48.657,2024-04-13 14:00:48.657000+00:00
2024/04/13, 14:01:48.657,40.925,-71.623,8.57,222.29,212.59,9.03,8.1,8.1,998.3,997.8,0.0,0.0,85.01,78.46,26,20,18.4,16.6,80.5,80.5,14.5,12.5,257.3,250.8,1000.4,999.9,711.85,304.78,2389.89,30.6839,6.6494,203.2,45.6,1471.965, NAN, NAN, NAN, NAN,,2024/04/13 14:01:48.657,2024-04-13 14:01:48.657000+00:00
2024/04/13, 14:02:48.657,40.924,-71.625,8.7,220.72,222.1,8.67,8.1,8.1,997.9,998.4,0.0,0.0,85.01,78.46,23,18,19.0,17.6,80.5,80.6,15.1,13.5,251.0,245.3,1000.0,1000.5,737.35,308.13,2412.84,30.674,6.6386,201.7,45.9,1471.91, NAN, NAN, NAN, NAN,,2024/04/13 14:02:48.657,2024-04-13 14:02:48.657000+00:00
2024/04/13, 14:03:48.657,40.922,-71.627,8.8,221.37,219.61,9.04,8.1,8.1,998.0,998.4,0.0,0.0,85.01,78.46,23,19,19.1,16.5,80.3,80.4,15.1,12.3,252.2,248.6,1000.1,1000.5,715.37,312.68,2352.84,30.6607,6.6291,199.2,46.1,1471.856, NAN, NAN, NAN, NAN,,2024/04/13 14:03:48.657,2024-04-13 14:03:48.657000+00:00
2024/04/13, 14:04:48.657,40.92,-71.629,8.8,222.46,225.24,8.84,8.1,8.1,997.9,998.0,0.0,0.0,85.01,78.46,22,18,19.1,16.9,80.5,80.5,15.0,12.6,250.9,246.8,1000.0,1000.1,753.71,316.18,2538.68,30.6675,6.6188,197.4,46.1,1471.824, NAN, NAN, NAN, NAN,,2024/04/13 14:04:48.657,2024-04-13 14:04:48.657000+00:00
2024/04/13, 14:05:48.657,40.918,-71.631,8.74,220.01,215.34,9.1,8.1,8.1,998.6,997.8,0.0,0.0,85.01,78.46,25,20,18.2,16.3,80.3,80.4,14.1,12.0,253.1,247.7,1000.7,999.9,504.27,319.03,2257.67,30.6875,6.6161,195.6,45.9,1471.838, NAN, NAN, NAN, NAN,,2024/04/13 14:05:48.657,2024-04-13 14:05:48.657000+00:00
2024/04/13, 14:06:48.657,40.916,-71.633,8.68,222.01,224.12,9.1,8.1,8.1,998.3,998.4,0.0,0.0,85.01,78.46,23,19,17.8,17.1,80.6,80.6,13.6,12.8,252.8,247.9,1000.4,1000.5,853.93,328.67,2719.02,30.7045,6.6071,195.2,46.0,1471.824, NAN, NAN, NAN, NAN,,2024/04/13 14:06:48.657,2024-04-13 14:06:48.657000+00:00
2024/04/13, 14:07:48.657,40.914,-71.635,8.52,220.22,210.82,8.72,8.1,8.1,997.7,998.1,0.0,0.0,85.01,78.46,23,19,17.9,16.5,80.5,80.6,14.0,12.5,251.4,247.2,999.8,1000.2,894.21,334.73,2814.75,30.7123,6.5981,192.8,45.4,1471.798, NAN, NAN, NAN, NAN,,2024/04/13 14:07:48.657,2024-04-13 14:07:48.657000+00:00
2024/04/13, 14:08:48.657,40.912,-71.637,8.66,222.71,224.27,9.0,8.1,8.1,998.4,997.9,0.0,0.0,85.01,78.46,23,17,18.8,16.2,80.3,80.3,14.7,11.9,253.3,246.9,1000.5,1000.0,856.58,340.19,2923.99,30.718,6.5845,194.0,45.5,1471.751, NAN, NAN, NAN, NAN,,2024/04/13 14:08:48.657,2024-04-13 14:08:48.657000+00:00
2024/04/13, 14:09:48.657,40.91,-71.639,8.68,220.59,230.04,8.74,8.1,8.1,998.1,998.3,0.0,0.0,85.01,78.46,22,17,18.1,16.0,80.2,80.3,13.7,11.6,246.6,240.5,1000.2,1000.4,740.55,344.9,2243.14,30.7287,6.5764,192.5,45.3,1471.733, NAN, NAN, NAN, NAN,,2024/04/13 14:09:48.657,2024-04-13 14:09:48.657000+00:00
2024/04/13, 14:10:48.657,40.909,-71.641,8.66,220.06,227.03,7.89,8.1,8.1,998.4,998.3,0.0,0.0,85.01,78.46,21,17,15.9,15.9,80.1,80.3,12.2,12.1,247.7,242.5,1000.5,1000.4,532.6,345.8,1795.87,30.7479,6.5688,190.7,45.4,1471.727, NAN, NAN, NAN, NAN,,2024/04/13 14:10:48.657,2024-04-13 14:10:48.657000+00:00
2024/04/13, 14:11:48.657,40.907,-71.643,8.09,219.97,229.66,8.66,8.1,8.1,998.2,998.6,0.0,0.0,85.01,78.46,24,19,16.0,15.7,80.1,80.2,12.1,11.6,252.5,246.0,1000.3,1000.7,542.19,347.13,1808.05,30.7663,6.5585,189.2,45.3,1471.709, NAN, NAN, NAN, NAN,,2024/04/13 14:11:48.657,2024-04-13 14:11:48.657000+00:00
2024/04/13, 14:12:48.657,40.905,-71.645,8.43,222.69,225.63,8.66,8.1,8.1,998.3,998.1,0.0,0.0,85.01,78.46,21,15,17.4,15.9,79.7,80.0,13.3,11.7,250.6,243.4,1000.4,1000.2,466.83,347.36,1646.55,30.7821,6.5565,191.9,45.2,1471.721, NAN, NAN, NAN, NAN,,2024/04/13 14:12:48.657,2024-04-13 14:12:48.657000+00:00
2024/04/13, 14:13:48.657,40.903,-71.647,8.31,223.01,236.66,8.07,8.1,8.1,997.9,998.6,0.0,0.0,85.01,78.46,21,16,17.1,15.5,80.1,80.1,13.2,11.5,249.6,243.7,1000.0,1000.7,391.22,346.53,1441.39,30.8056,6.5517,195.0,45.4,1471.732, NAN, NAN, NAN, NAN,,2024/04/13 14:13:48.657,2024-04-13 14:13:48.657000+00:00
2024/04/13, 14:14:48.658,40.901,-71.649,8.17,221.83,219.73,8.99,8.1,8.1,998.5,998.4,0.0,0.0,85.01,78.46,23,17,17.6,16.0,80.1,80.2,13.6,11.7,253.1,246.2,1000.6,1000.5,416.29,346.09,1646.53,30.8226,6.5456,192.2,45.6,1471.729, NAN, NAN, NAN, NAN,,2024/04/13 14:14:48.658,2024-04-13 14:14:48.658000+00:00
2024/04/13, 14:15:48.658,40.9,-71.651,8.52,220.81,216.66,8.69,8.1,8.1,998.5,998.3,0.0,0.0,85.01,78.46,22,18,16.9,15.7,80.1,80.0,13.0,11.6,251.1,246.7,1000.6,1000.4,380.64,345.33,1418.29,30.8286,6.5407,196.2,45.5,1471.717, NAN, NAN, NAN, NAN,,2024/04/13 14:15:48.658,2024-04-13 14:15:48.658000+00:00
2024/04/13, 14:16:48.658,40.898,-71.653,8.72,222.01,222.48,8.73,8.1,8.1,998.5,998.5,0.0,0.0,85.01,78.46,21,16,16.5,15.7,80.1,80.4,12.5,11.5,251.0,244.9,1000.6,1000.6,344.67,345.35,1321.63,30.8447,6.5338,197.1,45.7,1471.71, NAN, NAN, NAN, NAN,,2024/04/13 14:16:48.658,2024-04-13 14:16:48.658000+00:00
2024/04/13, 14:17:48.658,40.896,-71.655,8.82,220.99,215.83,9.12,8.1,8.1,998.8,998.7,0.0,0.0,85.01,78.46,24,18,16.1,15.1,80.5,80.4,12.2,10.9,255.4,248.2,1000.9,1000.8,356.28,344.94,1347.99,30.8576,6.5264,199.9,45.7,1471.697, NAN, NAN, NAN, NAN,,2024/04/13 14:17:48.658,2024-04-13 14:17:48.658000+00:00
2024/04/13, 14:18:48.658,40.894,-71.657,8.98,220.67,209.97,9.0,8.0,8.1,998.0,998.9,0.0,0.0,85.01,78.46,24,20,15.5,15.0,80.8,80.8,11.7,11.0,255.7,250.8,1000.1,1001.0,392.02,344.56,1449.03,30.8749,6.5136,200.4,45.5,1471.668, NAN, NAN, NAN, NAN,,2024/04/13 14:18:48.658,2024-04-13 14:18:48.658000+00:00
2024/04/13, 14:19:48.658,40.892,-71.659,8.96,220.77,210.13,8.84,8.0,8.1,998.2,998.4,0.0,0.0,85.01,78.46,22,18,15.1,14.5,80.9,80.9,11.4,10.6,254.2,249.5,1000.3,1000.5,448.53,344.48,1588.95,30.8902,6.4875,203.2,45.4,1471.583, NAN, NAN, NAN, NAN,,2024/04/13 14:19:48.658,2024-04-13 14:19:48.658000+00:00
2024/04/13, 14:20:48.658,40.89,-71.662,9.11,222.44,221.63,9.12,8.0,8.0,998.2,998.4,0.0,0.0,85.01,78.46,22,18,16.7,15.3,81.2,81.1,12.6,11.0,253.3,248.9,1000.3,1000.5,571.39,345.71,1784.07,30.906,6.4316,198.4,45.4,1471.382, NAN, NAN, NAN, NAN,,2024/04/13 14:20:48.658,2024-04-13 14:20:48.658000+00:00
2024/04/13, 14:21:48.658,40.888,-71.664,9.1,222.02,212.82,8.92,8.0,8.1,999.0,998.1,0.0,0.0,85.01,78.46,26,21,16.4,15.1,80.8,80.9,12.7,11.2,258.8,253.5,1001.1,1000.2,554.4,347.68,1862.96,30.9257,6.3233,201.1,45.5,1470.976, NAN, NAN, NAN, NAN,,2024/04/13 14:21:48.658,2024-04-13 14:21:48.658000+00:00
2024/04/13, 14:22:48.658,40.886,-71.666,9.04,220.02,214.25,9.36,8.1,8.1,998.7,998.5,0.0,0.0,85.01,78.46,25,20,15.9,14.6,80.8,80.8,11.8,10.3,255.8,250.3,1000.8,1000.6,490.07,350.0,1688.06,30.963,6.3008,200.8,45.6,1470.933, NAN, NAN, NAN, NAN,,2024/04/13 14:22:48.658,2024-04-13 14:22:48.658000+00:00
2024/04/13, 14:23:48.658,40.884,-71.668,9.15,220.14,215.89,8.99,8.1,8.1,998.5,998.5,0.0,0.0,85.01,78.46,26,22,15.1,15.2,80.7,80.7,11.2,11.1,256.8,251.3,1000.6,1000.6,469.12,350.96,1625.56,31.0334,6.3359,196.2,45.5,1471.161, NAN, NAN, NAN, NAN,,2024/04/13 14:23:48.658,2024-04-13 14:23:48.658000+00:00
2024/04/13, 14:24:48.658,40.882,-71.67,8.88,220.68,214.43,8.98,8.1,8.1,998.2,998.4,0.0,0.0,85.01,78.46,28,22,16.7,16.2,80.6,80.6,13.1,12.3,259.7,252.4,1000.3,1000.5,410.9,350.56,1453.57,31.1687,6.3859,198.9,45.3,1471.53, NAN, NAN, NAN, NAN,,2024/04/13 14:24:48.658,2024-04-13 14:24:48.658000+00:00
2024/04/13, 14:25:48.658,40.88,-71.672,8.74,220.06,210.91,9.32,8.1,8.1,998.5,998.4,0.0,0.0,85.01,78.46,27,23,16.6,16.4,80.6,80.1,12.7,12.3,258.2,253.2,1000.6,1000.5,379.6,350.73,1388.26,31.2813,6.4197,212.0,45.2,1471.806, NAN, NAN, NAN, NAN,,2024/04/13 14:25:48.658,2024-04-13 14:25:48.658000+00:00
2024/04/13, 14:26:48.658,40.879,-71.674,8.69,220.79,222.57,8.69,8.1,8.1,998.4,998.6,0.0,0.0,85.01,78.46,26,22,16.4,15.2,80.1,80.1,12.5,11.2,255.7,251.3,1000.5,1000.7,424.18,352.24,1525.01,31.3591,6.4504,211.5,45.3,1472.025, NAN, NAN, NAN, NAN,,2024/04/13 14:26:48.658,2024-04-13 14:26:48.658000+00:00
2024/04/13, 14:27:48.658,40.877,-71.677,8.73,221.84,227.36,9.23,8.1,8.1,998.3,998.4,0.0,0.0,85.01,78.46,27,22,18.3,17.6,80.2,80.3,13.8,13.0,254.6,248.2,1000.4,1000.5,279.15,352.63,1121.01,31.3989,6.4724,216.0,45.5,1472.162, NAN, NAN, NAN, NAN,,2024/04/13 14:27:48.658,2024-04-13 14:27:48.658000+00:00
2024/04/13, 14:28:48.658,40.875,-71.679,8.95,221.86,218.78,8.7,8.1,8.2,998.6,998.7,1.3,1.9,85.03,78.49,29,24,16.1,16.6,79.6,79.7,12.6,12.8,261.9,255.1,1000.7,1000.8,200.95,352.9,896.15,31.425,6.4896,218.4,45.5,1472.263, NAN, NAN, NAN, NAN,,2024/04/13 14:28:48.658,2024-04-13 14:28:48.658000+00:00
2024/04/13, 14:29:48.659,40.873,-71.681,8.91,221.86,234.21,8.21,8.2,8.2,998.7,998.7,0.0,0.0,85.03,78.49,28,22,14.9,15.1,79.5,79.6,11.2,11.2,258.7,250.6,1000.8,1000.8,173.97,352.52,814.5,31.4424,6.5128,222.1,45.2,1472.376, NAN, NAN, NAN, NAN,,2024/04/13 14:29:48.659,2024-04-13 14:29:48.659000+00:00
2024/04/13, 14:30:48.659,40.871,-71.683,8.62,221.2,212.37,8.37,8.2,8.2,998.6,998.4,0.0,0.0,85.03,78.49,27,22,15.6,15.4,79.3,79.4,12.3,11.8,259.5,253.4,1000.7,1000.5,185.42,351.72,834.48,31.4563,6.5423,224.8,45.5,1472.51, NAN, NAN, NAN, NAN,,2024/04/13 14:30:48.659,2024-04-13 14:30:48.659000+00:00
2024/04/13, 14:31:48.659,40.869,-71.685,8.78,222.22,212.73,8.8,8.2,8.2,998.2,999.0,0.0,0.0,85.03,78.49,25,21,17.1,15.5,79.4,79.4,13.3,11.6,256.7,252.7,1000.3,1001.1,226.9,350.55,926.87,31.4506,6.5629,237.2,45.5,1472.585, NAN, NAN, NAN, NAN,,2024/04/13 14:31:48.659,2024-04-13 14:31:48.659000+00:00
2024/04/13, 14:32:48.659,40.867,-71.687,8.94,222.01,212.29,9.09,8.1,8.2,998.2,998.8,0.0,0.0,85.03,78.49,27,22,17.5,16.3,79.8,79.9,13.8,12.4,259.6,254.1,1000.3,1000.9,294.68,349.55,1099.39,31.4269,6.5864,248.0,45.6,1472.648, NAN, NAN, NAN, NAN,,2024/04/13 14:32:48.659,2024-04-13 14:32:48.659000+00:00
2024/04/13, 14:33:48.659,40.866,-71.689,8.95,220.03,219.01,8.18,8.1,8.2,998.4,998.8,0.0,0.0,85.03,78.49,28,21,14.6,15.7,79.6,79.7,11.0,11.8,258.1,248.1,1000.5,1000.9,305.34,348.52,1146.38,31.3687,6.6102,253.7,45.7,1472.669, NAN, NAN, NAN, NAN,,2024/04/13 14:33:48.659,2024-04-13 14:33:48.659000+00:00
2024/04/13, 14:34:48.659,40.864,-71.691,8.46,223.51,231.94,8.64,8.2,8.2,998.4,998.8,0.0,0.0,85.03,78.49,28,20,17.3,15.4,79.7,79.6,13.4,11.2,259.2,249.7,1000.5,1000.9,321.33,347.44,1201.04,31.3136,6.6346,252.8,45.4,1472.696, NAN, NAN, NAN, NAN,,2024/04/13 14:34:48.659,2024-04-13 14:34:48.659000+00:00
2024/04/13, 14:35:48.659,40.862,-71.693,8.71,222.47,231.37,8.32,8.2,8.2,998.7,998.8,0.0,0.0,85.03,78.49,26,22,16.7,15.7,79.3,79.5,12.9,11.8,256.1,251.5,1000.8,1000.9,342.47,345.9,1255.45,31.2553,6.6524,326.0,37.4,1472.693, NAN, NAN, NAN, NAN,,2024/04/13 14:35:48.659,2024-04-13 14:35:48.659000+00:00
2024/04/13, 14:36:48.659,40.86,-71.695,8.54,221.26,226.43,8.55,8.2,8.2,998.4,998.7,0.0,0.0,85.03,78.49,27,21,16.1,14.7,78.9,78.9,12.3,10.7,257.1,250.2,1000.5,1000.8,375.19,342.5,1328.26,31.1386,6.6648,253.4,33.0,1472.596, NAN, NAN, NAN, NAN,,2024/04/13 14:36:48.659,2024-04-13 14:36:48.659000+00:00
2024/04/13, 14:37:48.659,40.858,-71.697,8.65,218.97,211.03,8.94,8.2,8.2,998.8,998.7,0.0,0.0,85.03,78.49,25,21,15.0,15.0,79.5,79.5,11.5,11.3,257.2,252.1,1000.9,1000.8,475.0,338.11,1605.89,31.1224,6.6765,243.0,34.2,1472.622, NAN, NAN, NAN, NAN,,2024/04/13 14:37:48.659,2024-04-13 14:37:48.659000+00:00
2024/04/13, 14:38:48.659,40.856,-71.698,8.55,221.64,222.45,8.63,8.1,8.2,999.1,998.3,0.0,0.0,85.03,78.49,24,20,16.7,15.5,80.1,80.1,12.8,11.5,253.9,249.5,1001.2,1000.4,448.21,333.56,1750.57,31.0644,6.6882,237.9,43.6,1472.595, NAN, NAN, NAN, NAN,,2024/04/13 14:38:48.659,2024-04-13 14:38:48.659000+00:00
2024/04/13, 14:39:48.659,40.854,-71.7,8.83,221.4,213.14,8.92,8.1,8.2,998.4,999.0,0.0,0.0,85.03,78.49,21,18,15.3,14.9,80.1,80.2,11.5,10.9,253.3,249.7,1000.5,1001.1,539.57,331.49,1785.18,31.0232,6.6978,240.9,45.5,1472.581, NAN, NAN, NAN, NAN,,2024/04/13 14:39:48.659,2024-04-13 14:39:48.659000+00:00
2024/04/13, 14:40:48.659,40.852,-71.702,8.75,220.21,218.75,8.55,8.1,8.1,999.0,998.6,0.0,0.0,85.03,78.49,23,18,15.6,14.6,80.6,80.7,11.6,10.4,250.9,244.8,1001.1,1000.7,590.45,332.22,1958.1,30.9884,6.7104,234.2,45.5,1472.587, NAN, NAN, NAN, NAN,,2024/04/13 14:40:48.659,2024-04-13 14:40:48.659000+00:00
2024/04/13, 14:41:48.659,40.85,-71.704,9.27,221.65,211.57,9.3,8.1,8.1,998.4,998.7,0.0,0.0,85.03,78.49,21,17,16.6,14.7,80.7,80.8,12.5,10.5,252.6,248.9,1000.5,1000.8,603.71,333.37,1951.92,30.9438,6.7211,234.5,46.0,1472.574, NAN, NAN, NAN, NAN,,2024/04/13 14:41:48.659,2024-04-13 14:41:48.659000+00:00
2024/04/13, 14:42:48.659,40.849,-71.706,9.13,220.84,206.95,9.16,8.1,8.1,998.7,998.7,0.0,0.0,85.03,78.49,21,17,15.5,14.4,81.0,80.9,11.8,10.5,254.0,249.9,1000.8,1000.8,518.65,333.76,1752.22,30.8844,6.7285,229.3,45.7,1472.528, NAN, NAN, NAN, NAN,,2024/04/13 14:42:48.659,2024-04-13 14:42:48.659000+00:00
2024/04/13, 14:43:48.659,40.847,-71.709,9.07,220.43,218.48,9.15,8.0,8.1,998.4,999.0,0.0,0.0,85.03,78.49,23,17,17.4,15.7,81.5,81.4,13.3,11.3,251.9,245.0,1000.5,1001.1,510.87,334.66,1727.65,30.8183,6.7368,222.1,45.8,1472.478, NAN, NAN, NAN, NAN,,2024/04/13 14:43:48.659,2024-04-13 14:43:48.659000+00:00
2024/04/13, 14:44:48.659,40.845,-71.71,8.99,221.58,223.57,8.77,8.0,8.0,998.7,999.1,0.0,0.0,85.03,78.49,22,18,16.0,14.5,81.3,81.3,12.0,10.4,252.5,248.3,1000.8,1001.2,519.71,336.01,1742.52,30.7619,6.744,220.3,45.5,1472.436, NAN, NAN, NAN, NAN,,2024/04/13 14:44:48.659,2024-04-13 14:44:48.659000+00:00
2024/04/13, 14:45:48.660,40.843,-71.712,8.93,222.61,228.94,8.92,8.0,8.0,998.9,998.7,0.0,0.0,85.03,78.49,21,15,16.1,15.2,81.4,81.4,11.9,10.8,250.9,243.2,1001.0,1000.8,483.24,337.69,1654.73,30.7189,6.7537,215.7,45.8,1472.421, NAN, NAN, NAN, NAN,,2024/04/13 14:45:48.660,2024-04-13 14:45:48.660000+00:00
2024/04/13, 14:46:48.660,40.841,-71.714,9.13,220.02,216.64,9.21,8.0,8.0,998.8,998.9,0.0,0.0,85.03,78.49,22,16,17.3,15.5,81.2,81.2,13.1,11.1,250.6,243.8,1000.9,1001.0,554.0,341.52,1823.4,30.6832,6.7578,218.2,45.9,1472.392, NAN, NAN, NAN, NAN,,2024/04/13 14:46:48.660,2024-04-13 14:46:48.660000+00:00
2024/04/13, 14:47:48.660,40.839,-71.716,9.02,218.41,217.91,9.02,8.0,8.1,999.2,998.9,0.0,0.0,85.03,78.49,22,16,16.2,14.8,81.0,81.0,12.2,10.5,249.9,242.9,1001.3,1001.0,563.28,345.41,1803.95,30.6522,6.7614,217.9,45.7,1472.367, NAN, NAN, NAN, NAN,,2024/04/13 14:47:48.660,2024-04-13 14:47:48.660000+00:00
2024/04/13, 14:48:48.660,40.837,-71.718,9.09,221.37,214.57,9.38,8.0,8.0,998.7,998.9,0.0,0.0,85.03,78.49,23,17,16.6,15.3,81.3,81.4,12.6,11.0,255.1,248.2,1000.8,1001.0,615.64,348.89,1998.51,30.6138,6.7663,217.2,45.4,1472.339, NAN, NAN, NAN, NAN,,2024/04/13 14:48:48.660,2024-04-13 14:48:48.660000+00:00
2024/04/13, 14:49:48.660,40.835,-71.72,9.36,220.09,216.9,9.15,8.0,8.1,999.1,999.1,0.0,0.0,85.03,78.49,23,18,15.6,14.4,81.2,81.1,11.3,9.9,251.2,245.0,1001.2,1001.2,617.03,348.45,1890.57,30.599,6.7739,216.6,45.7,1472.35, NAN, NAN, NAN, NAN,,2024/04/13 14:49:48.660,2024-04-13 14:49:48.660000+00:00
2024/04/13, 14:50:48.660,40.833,-71.722,9.12,219.96,221.66,9.21,8.0,8.0,998.8,998.9,0.0,0.0,85.03,78.49,23,14,16.3,14.4,81.6,81.6,12.0,9.8,250.7,239.1,1000.9,1001.0,568.43,344.03,1849.81,30.5727,6.781,216.9,45.7,1472.345, NAN, NAN, NAN, NAN,,2024/04/13 14:50:48.660,2024-04-13 14:50:48.660000+00:00
2024/04/13, 14:51:48.660,40.831,-71.724,9.16,222.78,224.97,9.3,8.0,8.0,998.8,998.9,0.0,0.0,85.03,78.49,28,22,15.1,16.1,81.5,81.5,11.2,11.9,263.2,254.3,1000.9,1001.0,662.14,340.12,2152.0,30.5598,6.7827,218.8,46.0,1472.336, NAN, NAN, NAN, NAN,,2024/04/13 14:51:48.660,2024-04-13 14:51:48.660000+00:00
2024/04/13, 14:52:48.660,40.829,-71.727,9.43,221.17,214.72,9.6,8.0,8.0,999.0,999.1,0.0,0.0,85.03,78.49,31,29,15.5,17.1,81.1,81.2,11.9,13.3,266.4,262.3,1001.1,1001.2,911.82,341.38,2709.87,30.5568,6.7807,214.8,46.0,1472.324, NAN, NAN, NAN, NAN,,2024/04/13 14:52:48.660,2024-04-13 14:52:48.660000+00:00
2024/04/13, 14:53:48.660,40.827,-71.728,9.19,223.17,225.77,8.91,8.0,8.0,998.6,999.3,0.0,0.0,85.03,78.49,36,32,14.9,16.3,80.5,80.6,11.5,12.6,272.4,266.0,1000.7,1001.4,715.12,342.51,2133.55,30.574,6.7856,220.6,45.7,1472.365, NAN, NAN, NAN, NAN,,2024/04/13 14:53:48.660,2024-04-13 14:53:48.660000+00:00
2024/04/13, 14:54:48.660,40.825,-71.73,9.24,224.07,229.83,8.57,8.0,8.1,998.7,999.1,0.0,0.0,85.03,78.49,36,27,15.3,15.5,78.8,79.0,11.9,11.7,272.2,260.5,1000.8,1001.2,751.55,347.53,2288.91,30.5998,6.7948,219.7,45.9,1472.433, NAN, NAN, NAN, NAN,,2024/04/13 14:54:48.660,2024-04-13 14:54:48.660000+00:00
2024/04/13, 14:55:48.660,40.823,-71.732,9.03,220.69,215.23,9.04,8.1,8.1,999.1,999.3,0.0,0.0,85.03,78.49,30,29,15.2,14.8,78.6,77.6,11.6,11.2,263.4,262.6,1001.2,1001.4,714.83,350.22,2482.85,30.6348,6.8048,223.1,45.7,1472.516, NAN, NAN, NAN, NAN,,2024/04/13 14:55:48.660,2024-04-13 14:55:48.660000+00:00
2024/04/13, 14:56:48.660,40.821,-71.734,8.95,221.37,213.32,8.85,8.1,8.1,998.9,998.9,0.0,0.0,85.03,78.49,29,20,12.6,12.6,75.6,75.8,9.1,8.6,266.1,253.8,1001.0,1001.0,462.08,349.1,1647.31,30.6544,6.8141,226.0,45.5,1472.578, NAN, NAN, NAN, NAN,,2024/04/13 14:56:48.660,2024-04-13 14:56:48.660000+00:00
2024/04/13, 14:57:48.660,40.819,-71.736,9.05,221.52,215.79,9.05,8.1,8.2,998.4,999.3,0.0,0.0,85.03,78.49,23,17,16.2,15.0,77.6,77.6,12.1,10.7,253.4,246.1,1000.5,1001.4,453.18,348.43,1601.48,30.656,6.8175,229.0,45.3,1472.593, NAN, NAN, NAN, NAN,,2024/04/13 14:57:48.660,2024-04-13 14:57:48.660000+00:00
2024/04/13, 14:58:48.660,40.817,-71.738,9.01,220.52,213.58,8.86,8.1,8.1,999.3,999.0,0.0,0.0,85.03,78.49,21,18,14.9,14.0,79.9,79.8,10.8,9.8,250.6,247.2,1001.4,1001.1,451.32,347.36,1589.65,30.6553,6.8188,226.8,45.3,1472.597, NAN, NAN, NAN, NAN,,2024/04/13 14:58:48.660,2024-04-13 14:58:48.660000+00:00
2024/04/13, 14:59:48.660,40.815,-71.74,8.98,219.7,205.29,8.76,8.0,8.0,999.0,999.0,0.0,0.0,85.03,78.49,21,16,14.1,13.0,80.8,80.7,10.6,9.2,253.8,248.6,1001.1,1001.1,469.72,346.31,1627.8,30.6738,6.8229,236.0,45.7,1472.636, NAN, NAN, NAN, NAN,,2024/04/13 14:59:48.660,2024-04-13 14:59:48.660000+00:00
2024/04/13, 15:00:48.661,40.813,-71.742,9.09,220.12,210.84,9.38,7.9,8.0,999.3,998.9,0.0,0.0,85.03,78.49,21,17,14.2,13.2,81.3,81.3,10.3,9.1,254.5,250.4,1001.4,1001.0,567.75,345.69,1845.63,30.7062,6.8288,236.6,45.9,1472.7, NAN, NAN, NAN, NAN,,2024/04/13 15:00:48.661,2024-04-13 15:00:48.661000+00:00
2024/04/13, 15:01:48.661,40.811,-71.744,9.14,222.63,220.68,9.21,7.9,7.9,998.8,999.1,0.0,0.0,85.03,78.49,19,15,15.4,15.0,82.1,82.0,11.1,10.6,250.5,245.3,1000.9,1001.2,463.73,344.81,1610.68,30.7349,6.8358,244.6,45.7,1472.764, NAN, NAN, NAN, NAN,,2024/04/13 15:01:48.661,2024-04-13 15:01:48.661000+00:00
2024/04/13, 15:02:48.661,40.809,-71.746,9.0,220.97,211.24,9.07,7.9,7.9,999.0,998.9,0.0,0.0,85.03,78.49,19,15,15.7,14.2,82.2,82.2,11.7,10.0,250.0,245.9,1001.1,1001.0,414.4,344.77,1474.61,30.7524,6.8397,248.3,45.7,1472.801, NAN, NAN, NAN, NAN,,2024/04/13 15:02:48.661,2024-04-13 15:02:48.661000+00:00
2024/04/13, 15:03:48.661,40.808,-71.748,8.93,221.31,227.58,8.85,7.9,7.9,998.8,999.1,0.0,0.0,85.03,78.49,19,15,16.1,15.1,82.4,82.2,11.8,10.7,245.9,240.8,1000.9,1001.2,375.12,344.56,1380.96,30.7661,6.8385,253.1,45.7,1472.813, NAN, NAN, NAN, NAN,,2024/04/13 15:03:48.661,2024-04-13 15:03:48.661000+00:00
2024/04/13, 15:04:48.661,40.806,-71.75,9.45,221.62,215.25,9.19,7.8,7.9,998.8,999.0,0.0,0.0,85.03,78.49,20,16,15.9,14.9,82.5,82.5,11.8,10.6,251.5,246.9,1000.9,1001.1,362.21,344.64,1336.78,30.7976,6.8434,252.0,45.9,1472.872, NAN, NAN, NAN, NAN,,2024/04/13 15:04:48.661,2024-04-13 15:04:48.661000+00:00
2024/04/13, 15:05:48.661,40.803,-71.752,9.46,222.68,221.44,9.34,7.9,7.9,999.2,998.9,0.0,0.0,85.03,78.49,19,14,15.8,14.9,82.5,82.5,11.5,10.4,250.9,244.7,1001.3,1001.0,402.43,344.47,1411.7,30.8302,6.8466,254.4,46.0,1472.925, NAN, NAN, NAN, NAN,,2024/04/13 15:05:48.661,2024-04-13 15:05:48.661000+00:00
2024/04/13, 15:06:48.661,40.801,-71.755,9.35,220.54,227.1,9.05,7.8,7.9,998.8,999.3,0.0,0.0,85.03,78.49,22,17,15.2,14.2,83.3,83.2,10.9,9.8,250.9,244.6,1000.9,1001.4,373.1,344.41,1351.91,30.8443,6.8488,258.4,45.7,1472.951, NAN, NAN, NAN, NAN,,2024/04/13 15:06:48.661,2024-04-13 15:06:48.661000+00:00
2024/04/13, 15:07:48.661,40.8,-71.757,9.4,223.9,223.01,9.21,7.8,7.8,998.9,998.9,0.0,0.0,85.03,78.49,21,16,15.3,14.4,83.5,83.6,11.2,10.1,255.2,249.2,1001.0,1001.0,467.78,344.18,1577.96,30.8527,6.8525,264.8,45.6,1472.977, NAN, NAN, NAN, NAN,,2024/04/13 15:07:48.661,2024-04-13 15:07:48.661000+00:00
2024/04/13, 15:08:48.661,40.797,-71.759,9.4,219.76,209.7,9.51,7.8,7.8,999.0,999.3,0.0,0.0,85.03,78.49,23,18,15.8,14.7,83.4,83.5,11.7,10.4,254.3,248.6,1001.1,1001.4,560.76,344.34,1853.2,30.8796,6.8499,267.2,45.9,1473.0, NAN, NAN, NAN, NAN,,2024/04/13 15:08:48.661,2024-04-13 15:08:48.661000+00:00
2024/04/13, 15:09:48.661,40.796,-71.761,9.32,221.13,227.97,9.21,7.8,7.8,999.0,999.3,0.0,0.0,85.03,78.49,22,16,14.5,13.7,83.4,83.3,10.3,9.3,253.4,245.6,1001.1,1001.4,813.33,346.03,2992.29,30.9012,6.8386,270.8,45.8,1472.983, NAN, NAN, NAN, NAN,,2024/04/13 15:09:48.661,2024-04-13 15:09:48.661000+00:00
2024/04/13, 15:10:48.661,40.794,-71.763,8.89,220.3,219.02,8.31,7.8,7.8,998.8,999.1,0.0,0.0,85.03,78.49,20,14,16.1,15.1,83.5,83.5,12.2,11.0,247.2,239.7,1000.9,1001.2,583.56,344.45,1902.46,30.9516,6.8358,270.5,45.5,1473.035, NAN, NAN, NAN, NAN,,2024/04/13 15:10:48.661,2024-04-13 15:10:48.661000+00:00
2024/04/13, 15:11:48.661,40.792,-71.765,8.82,220.86,225.31,8.45,7.8,7.8,999.0,999.1,0.0,0.0,85.03,78.49,18,14,15.5,15.1,82.8,82.9,11.4,10.9,244.5,239.1,1001.1,1001.2,580.41,343.7,1915.4,31.0187,6.822,267.8,45.8,1473.064, NAN, NAN, NAN, NAN,,2024/04/13 15:11:48.661,2024-04-13 15:11:48.661000+00:00
2024/04/13, 15:12:48.661,40.79,-71.767,9.04,222.45,233.66,8.78,7.8,7.8,998.8,999.3,0.0,0.0,85.03,78.49,20,13,17.3,14.8,82.7,82.8,13.0,10.4,248.2,239.8,1000.9,1001.4,689.86,344.97,2274.88,31.019,6.8119,263.8,45.9,1473.025, NAN, NAN, NAN, NAN,,2024/04/13 15:12:48.661,2024-04-13 15:12:48.661000+00:00
2024/04/13, 15:13:48.661,40.788,-71.769,9.01,220.05,217.67,8.82,7.8,7.8,999.1,999.1,0.0,0.0,85.03,78.49,20,17,14.6,13.9,82.5,82.5,10.7,9.9,250.6,247.2,1001.2,1001.2,605.81,346.28,1843.76,31.0709,6.8062,265.1,45.9,1473.068, NAN, NAN, NAN, NAN,,2024/04/13 15:13:48.661,2024-04-13 15:13:48.661000+00:00
2024/04/13, 15:14:48.661,40.786,-71.771,8.88,220.25,211.62,8.47,7.8,7.9,998.8,999.1,0.0,0.0,85.03,78.49,18,16,16.1,15.2,82.2,82.4,12.4,11.4,247.4,245.5,1000.9,1001.2,425.9,347.6,1517.95,31.1005,6.8033,272.6,45.7,1473.093, NAN, NAN, NAN, NAN,,2024/04/13 15:14:48.661,2024-04-13 15:14:48.661000+00:00
2024/04/13, 15:15:48.661,40.784,-71.773,9.1,222.4,219.91,9.05,7.9,7.9,999.0,998.8,0.0,0.0,85.03,78.49,25,18,16.2,14.5,81.9,82.0,12.2,10.2,256.8,248.6,1001.1,1000.9,345.73,349.84,1310.46,31.1145,6.8001,273.9,46.2,1473.098, NAN, NAN, NAN, NAN,,2024/04/13 15:15:48.661,2024-04-13 15:15:48.661000+00:00
2024/04/13, 15:16:48.662,40.782,-71.775,9.28,221.0,219.95,9.32,7.8,7.9,998.7,999.1,0.0,0.0,85.03,78.49,27,21,16.3,14.8,82.4,82.4,12.3,10.5,258.7,252.0,1000.8,1001.2,246.85,352.97,1034.28,31.0965,6.7961,270.2,46.1,1473.06, NAN, NAN, NAN, NAN,,2024/04/13 15:16:48.662,2024-04-13 15:16:48.662000+00:00
2024/04/13, 15:17:48.662,40.78,-71.777,9.22,220.91,220.06,9.18,7.8,7.8,999.6,998.9,0.0,0.0,85.03,78.49,26,21,15.2,14.7,82.6,82.7,11.3,10.6,258.7,252.6,1001.7,1001.0,184.74,355.26,840.1,31.0935,6.7929,275.3,45.8,1473.044, NAN, NAN, NAN, NAN,,2024/04/13 15:17:48.662,2024-04-13 15:17:48.662000+00:00
2024/04/13, 15:18:48.662,40.778,-71.779,8.96,220.02,211.27,8.65,7.7,7.8,999.3,998.7,0.0,0.0,85.03,78.49,25,20,15.2,14.4,83.1,83.1,11.6,10.6,256.3,250.5,1001.4,1000.8,181.3,354.58,846.8,31.0715,6.7899,280.0,45.4,1473.004, NAN, NAN, NAN, NAN,,2024/04/13 15:18:48.662,2024-04-13 15:18:48.662000+00:00
2024/04/13, 15:19:48.662,40.776,-71.781,9.29,222.96,228.07,8.94,7.7,7.7,999.0,999.3,0.0,0.0,85.03,78.49,22,16,14.7,14.0,83.0,83.1,10.7,9.7,255.0,247.3,1001.1,1001.4,228.25,352.35,958.23,31.0624,6.787,294.4,45.5,1472.981, NAN, NAN, NAN, NAN,,2024/04/13 15:19:48.662,2024-04-13 15:19:48.662000+00:00
2024/04/13, 15:20:48.662,40.774,-71.783,9.15,221.04,224.85,8.97,7.7,7.7,998.8,999.4,0.0,0.0,85.03,78.49,24,17,15.4,13.7,83.1,83.2,11.4,9.4,254.7,246.4,1000.9,1001.5,285.76,350.22,1087.98,31.0402,6.7833,303.2,45.5,1472.939, NAN, NAN, NAN, NAN,,2024/04/13 15:20:48.662,2024-04-13 15:20:48.662000+00:00
2024/04/13, 15:21:48.662,40.772,-71.785,9.55,221.39,220.51,9.63,7.7,7.8,998.7,999.2,0.0,0.0,85.03,78.49,24,19,15.2,14.5,82.5,82.7,10.9,10.0,256.2,249.9,1000.8,1001.3,315.26,348.11,1163.91,31.0251,6.7732,308.6,45.8,1472.88, NAN, NAN, NAN, NAN,,2024/04/13 15:21:48.662,2024-04-13 15:21:48.662000+00:00
2024/04/13, 15:22:48.662,40.77,-71.787,9.43,221.53,228.33,8.96,7.8,7.8,999.1,999.1,0.0,0.0,85.03,78.49,24,19,15.7,14.4,81.4,81.7,11.9,10.4,256.4,251.0,1001.2,1001.2,323.57,347.04,1199.34,31.009,6.764,309.2,45.7,1472.824, NAN, NAN, NAN, NAN,,2024/04/13 15:22:48.662,2024-04-13 15:22:48.662000+00:00
2024/04/13, 15:23:48.662,40.769,-71.789,9.06,219.9,211.36,8.83,7.9,7.9,998.8,998.9,0.0,0.0,85.03,78.49,24,20,16.3,15.6,80.4,80.5,12.7,11.8,254.9,250.3,1000.9,1001.0,341.97,346.61,1247.42,30.9897,6.7558,305.2,45.5,1472.768, NAN, NAN, NAN, NAN,,2024/04/13 15:23:48.662,2024-04-13 15:23:48.662000+00:00
2024/04/13, 15:24:48.662,40.767,-71.791,9.1,222.05,221.64,9.21,7.9,7.9,999.1,999.0,0.0,0.0,85.03,78.49,24,19,16.0,14.4,79.6,79.6,12.0,10.2,256.3,251.0,1001.2,1001.1,371.36,346.21,1313.53,30.9717,6.7448,294.4,45.9,1472.702, NAN, NAN, NAN, NAN,,2024/04/13 15:24:48.662,2024-04-13 15:24:48.662000+00:00
2024/04/13, 15:25:48.662,40.765,-71.793,9.46,221.14,233.67,8.9,7.9,8.0,998.7,999.1,0.0,0.0,85.03,78.49,24,20,16.0,15.3,79.8,79.8,11.6,10.8,251.0,245.8,1000.8,1001.2,392.7,346.35,1356.2,30.9517,6.7301,291.5,45.8,1472.619, NAN, NAN, NAN, NAN,,2024/04/13 15:25:48.662,2024-04-13 15:25:48.662000+00:00
2024/04/13, 15:26:48.662,40.763,-71.795,9.18,221.84,220.71,8.96,7.9,8.0,999.1,998.9,0.0,0.0,85.03,78.49,23,18,16.9,15.0,79.6,79.6,12.8,10.8,253.2,247.9,1001.2,1001.0,396.84,346.18,1389.16,30.9358,6.718,287.6,45.7,1472.551, NAN, NAN, NAN, NAN,,2024/04/13 15:26:48.662,2024-04-13 15:26:48.662000+00:00
2024/04/13, 15:27:48.662,40.761,-71.797,9.35,221.67,227.95,8.79,8.0,8.0,999.3,998.9,0.0,0.0,85.03,78.49,25,18,16.3,14.9,79.6,79.6,12.3,10.7,255.3,246.9,1001.4,1001.0,397.34,346.23,1396.15,30.9214,6.7027,286.7,45.5,1472.473, NAN, NAN, NAN, NAN,,2024/04/13 15:27:48.662,2024-04-13 15:27:48.662000+00:00
2024/04/13, 15:28:48.662,40.759,-71.799,9.26,221.87,224.73,9.07,8.0,8.0,999.0,999.2,0.0,0.0,85.03,78.49,24,17,17.1,15.3,79.4,79.5,12.9,10.9,253.6,245.2,1001.1,1001.3,402.71,346.36,1409.56,30.9101,6.6904,282.0,45.6,1472.41, NAN, NAN, NAN, NAN,,2024/04/13 15:28:48.662,2024-04-13 15:28:48.662000+00:00
2024/04/13, 15:29:48.662,40.757,-71.801,9.22,220.8,212.93,8.83,8.0,8.0,998.8,999.5,0.0,0.0,85.03,78.49,27,21,18.1,16.9,79.3,79.4,14.7,13.2,258.4,251.9,1000.9,1001.6,428.91,347.34,1481.59,30.896,6.6742,280.0,45.4,1472.329, NAN, NAN, NAN, NAN,,2024/04/13 15:29:48.662,2024-04-13 15:29:48.662000+00:00
2024/04/13, 15:30:48.662,40.755,-71.803,9.2,221.26,228.06,8.59,8.0,8.1,999.0,999.0,0.0,0.0,85.03,78.49,26,19,17.1,15.6,78.3,78.4,13.4,11.6,256.4,248.4,1001.1,1001.1,436.07,347.19,1512.98,30.8843,6.6596,284.9,45.6,1472.257, NAN, NAN, NAN, NAN,,2024/04/13 15:30:48.662,2024-04-13 15:30:48.662000+00:00
2024/04/13, 15:31:48.662,40.753,-71.805,8.9,219.75,221.31,8.83,8.1,8.1,999.1,998.7,0.0,0.0,85.03,78.49,26,20,16.5,16.5,78.5,78.5,12.5,12.3,254.2,246.3,1001.2,1000.8,422.52,346.54,1488.26,30.8745,6.6456,281.6,45.5,1472.189, NAN, NAN, NAN, NAN,,2024/04/13 15:31:48.662,2024-04-13 15:31:48.662000+00:00
2024/04/13, 15:32:48.663,40.751,-71.807,8.96,220.09,208.39,9.25,8.1,8.1,998.7,998.9,0.0,0.0,85.03,78.49,25,21,20.0,17.8,78.1,78.2,16.3,13.9,254.4,250.9,1000.8,1001.0,435.18,346.71,1498.93,30.8653,6.6288,278.4,45.8,1472.111, NAN, NAN, NAN, NAN,,2024/04/13 15:32:48.663,2024-04-13 15:32:48.663000+00:00
2024/04/13, 15:33:48.663,40.749,-71.809,9.11,220.32,223.32,8.56,8.2,8.2,999.1,998.9,0.0,0.0,85.03,78.49,30,23,15.6,16.0,77.4,77.4,11.9,12.0,260.4,250.9,1001.2,1001.0,440.19,346.06,1506.07,30.8569,6.612,275.0,45.6,1472.034, NAN, NAN, NAN, NAN,,2024/04/13 15:33:48.663,2024-04-13 15:33:48.663000+00:00
2024/04/13, 15:34:48.663,40.747,-71.811,9.01,222.94,233.3,9.03,8.1,8.2,998.8,999.0,0.0,0.0,85.03,78.49,25,19,18.8,16.3,77.4,77.4,14.5,11.8,253.6,246.6,1000.9,1001.1,453.41,345.0,1534.35,30.8465,6.5982,275.0,45.6,1471.967, NAN, NAN, NAN, NAN,,2024/04/13 15:34:48.663,2024-04-13 15:34:48.663000+00:00
2024/04/13, 15:35:48.663,40.745,-71.813,8.95,222.62,210.55,7.86,8.2,8.2,998.7,999.2,0.0,0.0,85.03,78.49,26,21,18.9,16.4,77.0,77.0,15.8,13.1,257.0,252.5,1000.8,1001.3,455.8,343.03,1534.16,30.8315,6.5839,272.6,45.4,1471.891, NAN, NAN, NAN, NAN,,2024/04/13 15:35:48.663,2024-04-13 15:35:48.663000+00:00
2024/04/13, 15:36:48.663,40.743,-71.815,8.69,219.78,211.59,8.15,8.2,8.2,998.8,999.3,0.0,0.0,85.03,78.49,30,23,16.7,18.7,76.6,76.6,13.6,15.2,260.3,250.6,1000.9,1001.4,427.99,339.14,1448.99,30.8172,6.5702,275.3,45.6,1471.819, NAN, NAN, NAN, NAN,,2024/04/13 15:36:48.663,2024-04-13 15:36:48.663000+00:00
2024/04/13, 15:37:48.663,40.742,-71.817,8.62,219.05,210.55,8.49,8.2,8.2,998.8,998.8,0.0,0.0,85.03,78.49,26,24,19.0,18.2,76.5,76.5,15.5,14.6,253.8,251.8,1000.9,1000.9,401.5,333.71,1422.47,30.8031,6.5591,270.5,45.6,1471.758, NAN, NAN, NAN, NAN,,2024/04/13 15:37:48.663,2024-04-13 15:37:48.663000+00:00
2024/04/13, 15:38:48.663,40.74,-71.819,8.8,221.72,222.45,8.66,8.2,8.2,998.7,998.9,0.0,0.0,85.03,78.49,29,24,18.3,18.6,76.7,76.7,14.5,14.6,259.1,252.6,1000.8,1001.0,483.08,330.61,1642.09,30.7906,6.5465,263.8,45.3,1471.692, NAN, NAN, NAN, NAN,,2024/04/13 15:38:48.663,2024-04-13 15:38:48.663000+00:00
2024/04/13, 15:39:48.663,40.738,-71.821,9.0,220.17,214.42,9.07,8.2,8.2,999.3,998.8,0.0,0.0,85.03,78.49,26,24,20.2,17.9,76.8,76.8,16.4,14.0,254.5,253.4,1001.4,1000.9,518.04,330.21,1725.44,30.7857,6.5357,275.0,45.7,1471.643, NAN, NAN, NAN, NAN,,2024/04/13 15:39:48.663,2024-04-13 15:39:48.663000+00:00
2024/04/13, 15:40:48.663,40.736,-71.823,8.92,221.63,218.01,8.73,8.2,8.2,998.8,998.8,0.0,0.0,85.03,78.49,27,24,17.5,17.4,77.0,77.0,14.0,13.7,258.8,255.2,1000.9,1000.9,753.33,333.39,2237.99,30.7805,6.5258,274.5,45.6,1471.597, NAN, NAN, NAN, NAN,,2024/04/13 15:40:48.663,2024-04-13 15:40:48.663000+00:00
2024/04/13, 15:41:48.663,40.734,-71.825,8.71,219.7,198.08,8.4,8.1,8.2,999.0,998.7,0.0,0.0,85.03,78.49,29,27,18.4,20.1,76.9,77.0,15.4,16.9,259.2,255.8,1001.1,1000.8,565.08,334.17,1809.78,30.7798,6.5156,270.8,45.4,1471.556, NAN, NAN, NAN, NAN,,2024/04/13 15:41:48.663,2024-04-13 15:41:48.663000+00:00
2024/04/13, 15:42:48.663,40.732,-71.826,8.69,221.83,226.46,7.87,8.1,8.2,998.8,998.8,0.0,0.0,85.03,78.49,30,25,19.1,19.3,77.1,77.0,15.7,15.7,258.9,252.7,1000.9,1000.9,543.79,334.77,1766.57,30.7821,6.5081,269.2,45.5,1471.529, NAN, NAN, NAN, NAN,,2024/04/13 15:42:48.663,2024-04-13 15:42:48.663000+00:00
2024/04/13, 15:43:48.663,40.73,-71.828,8.32,221.44,220.94,8.2,8.2,8.2,998.2,998.9,0.0,0.0,85.03,78.49,31,24,18.9,17.8,77.2,77.2,15.7,14.2,261.5,253.6,1000.3,1001.0,566.43,334.53,1792.33,30.7875,6.5016,260.4,45.4,1471.51, NAN, NAN, NAN, NAN,,2024/04/13 15:43:48.663,2024-04-13 15:43:48.663000+00:00
2024/04/13, 15:44:48.663,40.728,-71.83,8.36,223.17,217.85,8.12,8.1,8.2,998.6,998.8,0.0,0.0,85.03,78.49,30,23,19.5,18.0,77.5,77.5,16.5,14.6,262.4,254.9,1000.7,1000.9,844.04,334.33,2493.83,30.7961,6.5045,258.5,45.5,1471.533, NAN, NAN, NAN, NAN,,2024/04/13 15:44:48.663,2024-04-13 15:44:48.663000+00:00
2024/04/13, 15:45:48.663,40.727,-71.832,8.58,220.56,225.31,8.1,8.1,8.1,998.7,998.8,0.0,0.0,85.03,78.49,29,25,19.7,19.7,77.5,77.5,16.0,15.9,255.7,250.8,1000.8,1000.9,573.21,330.04,1868.36,30.8036,6.5154,260.4,45.7,1471.585, NAN, NAN, NAN, NAN,,2024/04/13 15:45:48.663,2024-04-13 15:45:48.663000+00:00
2024/04/13, 15:46:48.663,40.725,-71.834,8.2,221.27,209.38,8.2,8.1,8.1,998.3,999.1,0.0,0.0,85.03,78.49,29,24,18.9,18.0,77.5,77.0,15.6,14.5,259.1,253.5,1000.4,1001.2,619.9,328.44,1939.4,30.806,6.5438,262.8,45.4,1471.701, NAN, NAN, NAN, NAN,,2024/04/13 15:46:48.663,2024-04-13 15:46:48.663000+00:00
2024/04/13, 15:47:48.663,40.723,-71.835,8.3,219.3,212.83,8.12,8.1,8.2,999.0,998.9,0.0,0.0,85.03,78.49,30,27,20.3,20.3,77.5,77.4,17.1,16.9,257.5,254.0,1001.1,1001.0,592.37,327.8,1889.78,30.812,6.5829,261.4,45.2,1471.863, NAN, NAN, NAN, NAN,,2024/04/13 15:47:48.663,2024-04-13 15:47:48.663000+00:00
2024/04/13, 15:48:48.664,40.721,-71.837,8.68,218.88,220.92,8.62,8.1,8.1,998.8,999.0,0.0,0.0,85.03,78.49,28,22,19.1,17.7,77.5,77.5,15.5,13.8,255.3,248.6,1000.9,1001.1,559.96,329.45,1771.26,30.8153,6.6218,262.2,46.0,1472.021, NAN, NAN, NAN, NAN,,2024/04/13 15:48:48.664,2024-04-13 15:48:48.664000+00:00
2024/04/13, 15:49:48.664,40.719,-71.839,8.73,221.38,220.51,8.72,8.1,8.1,998.9,999.3,0.0,0.0,85.03,78.49,28,24,18.3,17.6,78.2,78.2,14.7,13.8,258.8,254.3,1001.0,1001.4,473.51,332.34,1549.31,30.8257,6.672,265.9,46.2,1472.232, NAN, NAN, NAN, NAN,,2024/04/13 15:49:48.664,2024-04-13 15:49:48.664000+00:00
2024/04/13, 15:50:48.664,40.717,-71.841,8.73,219.89,215.93,8.44,8.1,8.1,999.1,998.9,0.0,0.0,85.03,78.49,28,27,18.0,18.2,78.1,78.3,14.4,14.6,256.6,255.2,1001.2,1001.0,400.97,334.7,1387.63,30.8358,6.7083,261.7,46.1,1472.388, NAN, NAN, NAN, NAN,,2024/04/13 15:50:48.664,2024-04-13 15:50:48.664000+00:00
2024/04/13, 15:51:48.664,40.715,-71.843,8.63,219.79,213.24,8.1,8.1,8.1,998.7,999.1,0.0,0.0,85.03,78.49,31,26,16.1,16.5,77.7,77.8,13.1,13.2,262.3,255.9,1000.8,1001.2,394.95,336.73,1364.25,30.8466,6.734,263.8,46.0,1472.503, NAN, NAN, NAN, NAN,,2024/04/13 15:51:48.664,2024-04-13 15:51:48.664000+00:00
2024/04/13, 15:52:48.664,40.714,-71.845,8.42,221.06,225.46,8.51,8.0,8.1,998.6,999.3,0.0,0.0,85.03,78.49,30,25,18.3,17.3,78.1,78.1,14.7,13.4,259.6,253.9,1000.7,1001.4,395.01,338.58,1373.58,30.8642,6.7451,268.4,46.1,1472.568, NAN, NAN, NAN, NAN,,2024/04/13 15:52:48.664,2024-04-13 15:52:48.664000+00:00
2024/04/13, 15:53:48.664,40.712,-71.847,8.48,221.91,223.69,8.14,8.0,8.0,999.2,999.1,0.0,0.0,85.03,78.49,28,24,18.8,17.6,78.5,78.4,15.0,13.7,256.2,251.6,1001.3,1001.2,406.34,338.75,1387.35,30.8821,6.7493,271.2,46.0,1472.607, NAN, NAN, NAN, NAN,,2024/04/13 15:53:48.664,2024-04-13 15:53:48.664000+00:00
2024/04/13, 15:54:48.664,40.71,-71.849,8.83,219.91,218.07,8.8,8.0,8.0,998.7,999.5,0.0,0.0,85.03,78.49,29,24,18.2,18.7,78.5,78.6,14.4,14.7,257.7,251.1,1000.8,1001.6,432.33,337.16,1447.13,30.8958,6.7539,276.3,46.3,1472.643, NAN, NAN, NAN, NAN,,2024/04/13 15:54:48.664,2024-04-13 15:54:48.664000+00:00
2024/04/13, 15:55:48.664,40.708,-71.85,8.68,220.69,211.63,8.62,8.0,8.0,999.0,999.3,0.0,0.0,85.03,78.49,31,26,18.3,17.5,78.5,78.4,15.1,14.0,262.2,256.7,1001.1,1001.4,514.95,335.74,1643.52,30.9092,6.7584,281.2,46.2,1472.677, NAN, NAN, NAN, NAN,,2024/04/13 15:55:48.664,2024-04-13 15:55:48.664000+00:00
2024/04/13, 15:56:48.664,40.706,-71.852,8.75,221.46,223.36,9.12,8.0,8.0,999.1,998.7,0.0,0.0,85.03,78.49,31,25,17.8,16.5,78.6,78.6,14.0,12.4,262.5,255.8,1001.2,1000.8,513.34,334.67,1713.82,30.9292,6.762,279.6,46.4,1472.716, NAN, NAN, NAN, NAN,,2024/04/13 15:56:48.664,2024-04-13 15:56:48.664000+00:00
2024/04/13, 15:57:48.664,40.704,-71.854,8.97,220.33,214.15,9.29,8.0,8.0,999.1,999.1,0.0,0.0,85.03,78.49,30,24,19.1,17.6,77.9,78.0,15.2,13.5,259.8,253.2,1001.2,1001.2,634.74,335.18,1864.02,30.9443,6.7632,279.6,46.2,1472.74, NAN, NAN, NAN, NAN,,2024/04/13 15:57:48.664,2024-04-13 15:57:48.664000+00:00
2024/04/13, 15:58:48.664,40.702,-71.856,8.88,225.25,241.57,8.31,8.0,8.0,998.7,999.2,0.0,0.0,85.03,78.49,28,22,19.6,17.7,77.8,77.8,15.7,13.7,259.2,252.3,1000.8,1001.3,658.49,335.1,1918.42,30.9597,6.7636,275.0,46.2,1472.761, NAN, NAN, NAN, NAN,,2024/04/13 15:58:48.664,2024-04-13 15:58:48.664000+00:00
2024/04/13, 15:59:48.664,40.7,-71.858,8.65,222.55,222.63,8.01,8.0,8.0,999.1,999.3,0.0,0.0,85.03,78.49,29,22,17.8,17.0,77.8,77.8,14.3,13.3,259.4,251.1,1001.2,1001.4,487.01,334.27,1573.04,30.9704,6.7569,271.6,45.8,1472.748, NAN, NAN, NAN, NAN,,2024/04/13 15:59:48.664,2024-04-13 15:59:48.664000+00:00
2024/04/13, 16:00:48.664,40.699,-71.86,8.53,222.74,220.28,7.93,8.0,8.0,998.9,999.1,0.0,0.0,85.03,78.49,28,21,17.8,17.9,77.5,77.5,14.4,14.2,258.6,249.9,1001.0,1001.2,531.09,333.55,1682.01,30.9899,6.7493,271.6,45.7,1472.742, NAN, NAN, NAN, NAN,,2024/04/13 16:00:48.664,2024-04-13 16:00:48.664000+00:00
2024/04/13, 16:01:48.664,40.697,-71.862,8.2,221.47,226.15,8.45,8.0,8.1,999.3,999.0,0.0,0.0,85.03,78.49,28,24,17.6,17.9,76.9,76.9,14.2,14.3,259.3,254.2,1001.4,1001.1,685.55,330.82,1787.85,31.0044,6.7434,264.4,45.9,1472.737, NAN, NAN, NAN, NAN,,2024/04/13 16:01:48.664,2024-04-13 16:01:48.664000+00:00
2024/04/13, 16:02:48.664,40.695,-71.864,8.53,220.75,217.34,8.46,8.0,8.1,999.2,999.1,0.0,0.0,85.03,78.49,28,24,16.4,16.8,77.0,76.9,12.8,13.0,258.2,252.9,1001.3,1001.2,643.8,326.22,1973.82,31.0165,6.7336,269.2,46.0,1472.714, NAN, NAN, NAN, NAN,,2024/04/13 16:02:48.664,2024-04-13 16:02:48.664000+00:00
2024/04/13, 16:03:48.665,40.693,-71.866,8.82,222.78,214.89,9.03,8.0,8.1,999.1,999.3,0.0,0.0,85.03,78.49,29,23,19.2,17.7,77.1,77.1,15.6,13.8,261.5,255.1,1001.2,1001.4,513.51,320.96,1660.76,31.0294,6.7234,271.5,46.4,1472.69, NAN, NAN, NAN, NAN,,2024/04/13 16:03:48.665,2024-04-13 16:03:48.665000+00:00
2024/04/13, 16:04:48.665,40.691,-71.869,8.82,223.78,217.7,8.32,8.0,8.1,998.7,999.3,0.0,0.0,85.03,78.49,28,25,19.5,17.8,76.8,76.8,16.0,14.1,259.6,256.8,1000.8,1001.4,569.12,317.85,1806.31,31.0463,6.7123,269.2,46.2,1472.667, NAN, NAN, NAN, NAN,,2024/04/13 16:04:48.665,2024-04-13 16:04:48.665000+00:00
2024/04/13, 16:05:48.665,40.69,-71.871,8.63,222.08,218.36,8.36,8.0,8.1,998.7,999.3,0.0,0.0,85.03,78.49,29,24,17.9,17.7,76.6,76.6,14.3,13.9,259.6,253.4,1000.8,1001.4,868.07,316.86,2462.22,31.0569,6.6926,262.8,46.2,1472.603, NAN, NAN, NAN, NAN,,2024/04/13 16:05:48.665,2024-04-13 16:05:48.665000+00:00
2024/04/13, 16:06:48.665,40.688,-71.873,8.71,223.4,219.72,8.89,8.0,8.1,999.3,999.1,0.0,0.0,85.03,78.49,31,25,18.4,17.6,76.5,76.6,14.9,13.7,264.4,257.5,1001.4,1001.2,981.8,314.99,2689.39,31.0697,6.6707,265.1,46.2,1472.533, NAN, NAN, NAN, NAN,,2024/04/13 16:06:48.665,2024-04-13 16:06:48.665000+00:00
2024/04/13, 16:07:48.665,40.686,-71.875,8.81,222.85,212.93,8.72,8.1,8.1,998.7,999.0,0.0,0.0,85.03,78.49,27,24,20.2,18.5,76.1,76.3,16.5,14.7,257.9,255.0,1000.8,1001.1,741.03,310.16,2090.28,31.0847,6.6412,266.5,46.1,1472.435, NAN, NAN, NAN, NAN,,2024/04/13 16:07:48.665,2024-04-13 16:07:48.665000+00:00
2024/04/13, 16:08:48.665,40.684,-71.877,8.74,223.07,217.25,8.73,8.1,8.1,998.9,999.3,0.0,0.0,85.03,78.49,27,24,18.6,18.1,75.2,75.3,15.1,14.4,259.5,256.2,1001.0,1001.4,843.53,308.39,2385.45,31.0983,6.5834,259.2,46.0,1472.224, NAN, NAN, NAN, NAN,,2024/04/13 16:08:48.665,2024-04-13 16:08:48.665000+00:00
2024/04/13, 16:09:48.665,40.682,-71.879,8.75,222.33,229.52,8.35,8.1,8.1,999.2,999.3,0.0,0.0,85.03,78.49,27,24,17.8,17.0,75.4,75.5,14.0,13.1,256.4,253.0,1001.3,1001.4,941.96,307.32,2590.41,31.1192,6.5508,256.8,45.9,1472.121, NAN, NAN, NAN, NAN,,2024/04/13 16:09:48.665,2024-04-13 16:09:48.665000+00:00
2024/04/13, 16:10:48.665,40.68,-71.881,8.71,220.6,216.83,9.1,8.1,8.1,999.5,999.0,0.0,0.0,85.03,78.49,30,26,18.5,18.3,75.6,75.7,15.1,14.7,261.6,256.9,1001.6,1001.1,970.17,306.09,2678.18,31.1614,6.5399,258.4,46.0,1472.131, NAN, NAN, NAN, NAN,,2024/04/13 16:10:48.665,2024-04-13 16:10:48.665000+00:00
2024/04/13, 16:11:48.665,40.678,-71.883,8.58,223.54,220.2,8.51,8.1,8.1,998.7,999.3,0.0,0.0,85.03,78.49,28,23,19.7,18.3,75.9,75.8,16.1,14.5,259.7,254.3,1000.8,1001.4,988.68,305.38,2701.16,31.2098,6.544,261.4,45.9,1472.208, NAN, NAN, NAN, NAN,,2024/04/13 16:11:48.665,2024-04-13 16:11:48.665000+00:00
2024/04/13, 16:12:48.665,40.677,-71.885,8.39,222.88,210.03,8.5,8.1,8.1,999.1,998.9,0.0,0.0,85.03,78.49,29,24,21.3,19.7,75.4,75.5,17.9,16.0,259.8,254.6,1001.2,1001.0,1022.42,305.25,2755.85,31.2505,6.5705,256.1,46.2,1472.364, NAN, NAN, NAN, NAN,,2024/04/13 16:12:48.665,2024-04-13 16:12:48.665000+00:00
2024/04/13, 16:13:48.665,40.675,-71.887,8.57,223.51,226.54,8.54,8.1,8.2,999.0,999.4,0.0,0.0,85.03,78.49,30,25,20.3,19.0,74.6,74.6,16.7,15.2,261.3,255.7,1001.1,1001.5,1031.87,305.46,2770.93,31.2839,6.609,257.7,46.4,1472.558, NAN, NAN, NAN, NAN,,2024/04/13 16:13:48.665,2024-04-13 16:13:48.665000+00:00
2024/04/13, 16:14:48.665,40.673,-71.889,8.55,224.86,234.83,8.17,8.2,8.2,999.2,999.1,0.0,0.0,85.03,78.49,31,27,21.1,20.2,73.9,74.1,17.6,16.6,262.9,258.4,1001.3,1001.2,940.41,304.72,2544.86,31.3102,6.6173,252.1,46.1,1472.623, NAN, NAN, NAN, NAN,,2024/04/13 16:14:48.665,2024-04-13 16:14:48.665000+00:00
2024/04/13, 16:15:48.665,40.671,-71.891,8.24,223.53,216.45,8.55,8.2,8.2,999.1,998.9,0.0,0.0,85.03,78.49,29,23,19.2,20.0,73.5,73.6,15.8,16.3,261.9,254.2,1001.2,1001.0,769.16,303.18,2234.14,31.357,6.6256,257.4,46.1,1472.715, NAN, NAN, NAN, NAN,,2024/04/13 16:15:48.665,2024-04-13 16:15:48.665000+00:00
2024/04/13, 16:16:48.665,40.669,-71.892,8.18,222.04,211.28,8.65,8.2,8.2,998.5,999.1,0.0,0.0,85.03,78.49,30,25,19.5,18.2,73.5,73.6,16.1,14.6,261.4,256.1,1000.6,1001.2,607.66,303.2,1928.9,31.3437,6.6299,254.0,46.3,1472.715, NAN, NAN, NAN, NAN,,2024/04/13 16:16:48.665,2024-04-13 16:16:48.665000+00:00
2024/04/13, 16:17:48.665,40.668,-71.894,8.34,222.01,204.51,8.17,8.2,8.2,998.1,999.5,0.0,0.0,85.03,78.49,32,28,19.5,20.1,73.8,74.0,16.6,16.9,263.6,258.6,1000.2,1001.6,680.36,305.67,2022.96,31.3153,6.6324,253.4,46.3,1472.689, NAN, NAN, NAN, NAN,,2024/04/13 16:17:48.665,2024-04-13 16:17:48.665000+00:00
2024/04/13, 16:18:48.666,40.666,-71.896,8.28,223.51,220.07,8.24,8.2,8.2,998.8,999.1,0.0,0.0,85.03,78.49,35,26,17.8,18.2,73.8,73.7,14.7,14.6,268.7,257.5,1000.9,1001.2,665.14,307.29,1941.89,31.2797,6.6367,255.5,46.2,1472.662, NAN, NAN, NAN, NAN,,2024/04/13 16:18:48.666,2024-04-13 16:18:48.666000+00:00
2024/04/13, 16:19:48.666,40.664,-71.898,8.44,222.28,220.89,7.87,8.1,8.2,998.8,998.8,0.0,0.0,85.03,78.49,32,27,18.7,19.5,74.1,74.1,15.6,16.2,263.2,256.8,1000.9,1000.9,548.95,308.31,1767.23,31.2701,6.6422,255.0,46.4,1472.671, NAN, NAN, NAN, NAN,,2024/04/13 16:19:48.666,2024-04-13 16:19:48.666000+00:00
2024/04/13, 16:20:48.666,40.662,-71.9,8.42,224.91,223.07,8.13,8.2,8.2,999.0,999.1,0.0,0.0,85.03,78.49,30,26,18.4,20.7,73.4,73.5,15.2,17.3,264.1,258.2,1001.1,1001.2,817.73,312.42,2119.3,31.2467,6.6364,257.4,45.9,1472.619, NAN, NAN, NAN, NAN,,2024/04/13 16:20:48.666,2024-04-13 16:20:48.666000+00:00
2024/04/13, 16:21:48.666,40.66,-71.902,8.45,224.92,214.56,7.83,8.2,8.2,998.8,998.9,0.0,0.0,85.03,78.49,32,25,19.6,19.2,73.0,73.0,16.8,16.0,266.1,258.1,1000.9,1001.0,718.56,313.3,2230.71,31.2178,6.6318,256.1,46.4,1472.565, NAN, NAN, NAN, NAN,,2024/04/13 16:21:48.666,2024-04-13 16:21:48.666000+00:00
2024/04/13, 16:22:48.666,40.658,-71.904,8.13,223.78,220.01,8.1,8.2,8.2,998.5,999.1,0.0,0.0,85.03,78.49,34,26,19.1,19.6,73.1,73.3,16.1,16.2,267.2,257.5,1000.6,1001.2,647.2,314.92,1974.88,31.2093,6.6243,259.2,46.1,1472.525, NAN, NAN, NAN, NAN,,2024/04/13 16:22:48.666,2024-04-13 16:22:48.666000+00:00
2024/04/13, 16:23:48.666,40.657,-71.905,8.08,226.02,221.31,8.23,8.2,8.2,998.8,999.1,0.0,0.0,85.03,78.49,31,27,18.5,18.3,72.3,72.5,15.6,15.2,267.4,262.8,1000.9,1001.2,806.67,317.67,2485.7,31.1989,6.6136,260.4,46.2,1472.469, NAN, NAN, NAN, NAN,,2024/04/13 16:23:48.666,2024-04-13 16:23:48.666000+00:00
2024/04/13, 16:24:48.666,40.655,-71.907,8.16,222.74,210.37,8.63,8.2,8.2,998.2,999.0,0.0,0.0,85.03,78.49,32,28,21.2,20.3,72.8,73.0,18.0,16.8,263.6,259.4,1000.3,1001.1,904.93,320.0,2571.79,31.1948,6.5901,261.4,46.2,1472.371, NAN, NAN, NAN, NAN,,2024/04/13 16:24:48.666,2024-04-13 16:24:48.666000+00:00
2024/04/13, 16:25:48.666,40.653,-71.909,8.17,223.79,223.08,8.35,8.2,8.2,998.4,999.2,0.0,0.0,85.06,78.49,33,29,18.6,19.9,72.5,72.5,15.3,16.4,266.1,260.5,1000.5,1001.3,639.08,318.82,1999.04,31.1882,6.5756,258.0,46.1,1472.306, NAN, NAN, NAN, NAN,,2024/04/13 16:25:48.666,2024-04-13 16:25:48.666000+00:00
2024/04/13, 16:26:48.666,40.651,-71.911,8.07,225.38,223.78,7.63,8.2,8.2,998.5,999.0,1.5,0.0,85.06,78.49,33,29,20.0,20.4,72.4,72.5,17.1,17.3,266.5,261.7,1000.6,1001.1,640.26,319.78,2016.29,31.2118,6.5583,256.8,46.0,1472.267, NAN, NAN, NAN, NAN,,2024/04/13 16:26:48.666,2024-04-13 16:26:48.666000+00:00
2024/04/13, 16:27:48.666,40.65,-71.912,7.51,225.38,215.85,7.06,8.2,8.3,999.1,999.5,0.0,0.0,85.06,78.49,36,29,18.5,18.9,72.2,71.9,16.5,16.5,271.3,263.3,1001.2,1001.6,681.39,320.5,2087.85,31.2212,6.5341,253.7,45.5,1472.183, NAN, NAN, NAN, NAN,,2024/04/13 16:27:48.666,2024-04-13 16:27:48.666000+00:00
2024/04/13, 16:28:48.666,40.648,-71.914,7.24,225.68,216.61,7.38,8.2,8.3,998.8,998.7,0.0,0.0,85.06,78.49,29,27,20.6,19.5,71.9,72.1,17.8,16.6,262.2,260.4,1000.9,1000.8,629.98,321.13,2013.91,31.227,6.5055,273.6,45.0,1472.077, NAN, NAN, NAN, NAN,,2024/04/13 16:28:48.666,2024-04-13 16:28:48.666000+00:00
2024/04/13, 16:29:48.666,40.646,-71.916,7.58,226.18,217.59,8.22,8.2,8.3,999.6,998.9,0.0,0.0,85.06,78.49,29,25,22.0,21.0,72.1,72.1,19.0,17.8,263.6,259.4,1001.7,1001.0,616.23,322.52,1962.89,31.2311,6.4791,274.8,45.5,1471.978, NAN, NAN, NAN, NAN,,2024/04/13 16:29:48.666,2024-04-13 16:29:48.666000+00:00
2024/04/13, 16:30:48.666,40.645,-71.918,8.06,225.68,213.23,8.22,8.3,8.3,999.9,998.7,0.0,0.0,85.06,78.49,32,27,20.8,19.8,71.2,71.2,17.8,16.6,266.6,261.3,1002.0,1000.8,617.16,323.82,1995.56,31.2429,6.4436,255.2,46.2,1471.852, NAN, NAN, NAN, NAN,,2024/04/13 16:30:48.666,2024-04-13 16:30:48.666000+00:00
2024/04/13, 16:31:48.666,40.643,-71.919,8.04,224.13,204.94,7.69,8.2,8.3,998.7,999.5,0.0,0.0,85.06,78.49,31,27,20.7,22.1,71.9,72.0,17.9,19.1,263.4,258.3,1000.8,1001.6,626.86,326.21,1997.89,31.2509,6.3881,252.1,46.3,1471.642, NAN, NAN, NAN, NAN,,2024/04/13 16:31:48.666,2024-04-13 16:31:48.666000+00:00
2024/04/13, 16:32:48.666,40.641,-71.921,7.47,224.62,227.4,7.14,8.3,8.3,999.1,999.3,0.0,0.0,85.06,78.49,33,31,18.6,21.0,71.6,71.7,15.7,18.0,265.2,261.8,1001.2,1001.4,706.15,328.1,2143.85,31.2574,6.35,260.1,45.6,1471.499, NAN, NAN, NAN, NAN,,2024/04/13 16:32:48.666,2024-04-13 16:32:48.666000+00:00
2024/04/13, 16:33:48.666,40.64,-71.923,7.49,224.72,222.4,7.56,8.2,8.3,999.5,999.0,0.0,0.0,85.06,78.49,30,24,20.0,19.7,72.3,72.4,16.8,16.2,261.5,254.4,1001.6,1001.1,650.1,327.9,2052.91,31.2767,6.3274,244.0,46.4,1471.433, NAN, NAN, NAN, NAN,,2024/04/13 16:33:48.666,2024-04-13 16:33:48.666000+00:00
2024/04/13, 16:34:48.667,40.638,-71.924,7.65,228.67,233.64,7.41,8.2,8.2,999.3,999.2,0.0,0.0,85.06,78.49,30,25,19.6,19.4,72.6,72.7,16.5,16.1,265.7,259.8,1001.4,1001.3,658.37,327.02,2068.41,31.3133,6.3167,241.5,46.4,1471.437, NAN, NAN, NAN, NAN,,2024/04/13 16:34:48.667,2024-04-13 16:34:48.667000+00:00
2024/04/13, 16:35:48.667,40.637,-71.926,7.74,224.79,213.99,7.15,8.2,8.2,999.3,999.3,0.0,0.0,85.06,78.49,30,26,20.9,21.3,73.0,73.1,18.1,18.4,261.9,257.2,1001.4,1001.4,666.94,326.16,2078.5,31.3435,6.3094,242.8,46.1,1471.446, NAN, NAN, NAN, NAN,,2024/04/13 16:35:48.667,2024-04-13 16:35:48.667000+00:00
2024/04/13, 16:36:48.667,40.635,-71.928,7.78,224.3,214.98,8.23,8.2,8.2,998.8,999.3,0.0,0.0,85.06,78.49,34,27,19.2,21.4,72.6,73.1,16.2,18.0,268.1,258.8,1000.9,1001.4,648.49,325.35,2026.32,31.3494,6.3021,234.2,46.0,1471.424, NAN, NAN, NAN, NAN,,2024/04/13 16:36:48.667,2024-04-13 16:36:48.667000+00:00
2024/04/13, 16:37:48.667,40.633,-71.93,7.83,225.22,215.53,7.65,8.2,8.2,998.9,999.1,0.0,0.0,85.06,78.49,33,28,21.0,20.8,72.6,72.6,18.2,17.8,266.4,260.8,1001.0,1001.2,599.68,325.08,1906.05,31.3655,6.2991,236.3,45.8,1471.433, NAN, NAN, NAN, NAN,,2024/04/13 16:37:48.667,2024-04-13 16:37:48.667000+00:00
2024/04/13, 16:38:48.667,40.632,-71.932,7.62,225.31,221.44,7.48,8.2,8.2,999.1,999.3,0.0,0.0,85.06,78.49,31,26,17.8,18.4,72.6,72.5,14.7,15.1,264.4,258.1,1001.2,1001.4,601.25,324.83,1943.11,31.3708,6.2983,231.7,46.2,1471.436, NAN, NAN, NAN, NAN,,2024/04/13 16:38:48.667,2024-04-13 16:38:48.667000+00:00
2024/04/13, 16:39:48.667,40.63,-71.933,7.81,225.27,217.45,8.28,8.2,8.2,999.0,999.3,0.0,0.0,85.06,78.49,31,24,20.9,19.1,73.0,73.0,17.6,15.5,264.4,256.8,1001.1,1001.4,570.02,325.11,1849.56,31.3721,6.3031,233.6,46.0,1471.457, NAN, NAN, NAN, NAN,,2024/04/13 16:39:48.667,2024-04-13 16:39:48.667000+00:00
2024/04/13, 16:40:48.667,40.628,-71.935,8.05,225.82,219.53,7.97,8.2,8.2,998.9,999.3,0.0,0.0,85.06,78.49,28,22,21.5,20.0,73.0,73.0,18.4,16.6,261.5,255.1,1001.0,1001.4,572.99,326.15,1846.41,31.3723,6.3119,232.7,46.2,1471.492, NAN, NAN, NAN, NAN,,2024/04/13 16:40:48.667,2024-04-13 16:40:48.667000+00:00
2024/04/13, 16:41:48.667,40.627,-71.937,7.85,224.81,217.05,7.08,8.2,8.2,999.0,999.4,0.0,0.0,85.06,78.49,28,25,20.3,20.1,72.3,72.5,17.4,17.0,259.4,255.9,1001.1,1001.5,625.16,327.1,1991.76,31.3749,6.3214,239.1,46.1,1471.533, NAN, NAN, NAN, NAN,,2024/04/13 16:41:48.667,2024-04-13 16:41:48.667000+00:00
2024/04/13, 16:42:48.667,40.625,-71.938,7.44,225.69,204.57,7.55,8.2,8.2,999.0,999.3,0.0,0.0,85.06,78.49,31,28,19.6,20.0,72.5,72.5,16.9,17.2,265.6,262.0,1001.1,1001.4,585.53,328.18,1912.69,31.3746,6.3257,240.9,46.1,1471.55, NAN, NAN, NAN, NAN,,2024/04/13 16:42:48.667,2024-04-13 16:42:48.667000+00:00
2024/04/13, 16:43:48.667,40.623,-71.94,7.68,226.28,222.56,8.15,8.2,8.2,999.3,999.1,0.0,0.0,85.06,78.49,31,26,18.8,18.3,72.3,72.4,15.5,14.8,265.9,260.1,1001.4,1001.2,533.19,328.72,1762.32,31.3583,6.3287,239.6,46.2,1471.541, NAN, NAN, NAN, NAN,,2024/04/13 16:43:48.667,2024-04-13 16:43:48.667000+00:00
2024/04/13, 16:44:48.667,40.622,-71.942,7.85,225.42,213.39,8.25,8.2,8.2,999.5,999.3,0.0,0.0,85.06,78.49,28,24,20.6,19.7,72.1,72.2,17.4,16.3,261.8,257.5,1001.6,1001.4,529.89,329.3,1783.5,31.3614,6.3372,242.4,45.9,1471.579, NAN, NAN, NAN, NAN,,2024/04/13 16:44:48.667,2024-04-13 16:44:48.667000+00:00
2024/04/13, 16:45:48.667,40.62,-71.944,8.3,225.14,220.42,8.26,8.2,8.2,999.5,999.3,0.0,0.0,85.06,78.49,31,25,20.7,20.1,72.1,72.6,17.4,16.5,264.2,257.3,1001.6,1001.4,539.65,329.79,1790.17,31.3569,6.3443,243.3,46.2,1471.601, NAN, NAN, NAN, NAN,,2024/04/13 16:45:48.667,2024-04-13 16:45:48.667000+00:00
2024/04/13, 16:46:48.667,40.618,-71.946,7.96,227.68,211.62,7.09,8.2,8.2,999.4,999.3,0.0,0.0,85.06,78.49,31,26,19.6,19.9,72.2,72.2,17.2,17.3,267.3,261.5,1001.5,1001.4,551.06,329.13,1824.88,31.3481,6.3527,240.9,46.3,1471.624, NAN, NAN, NAN, NAN,,2024/04/13 16:46:48.667,2024-04-13 16:46:48.667000+00:00
2024/04/13, 16:47:48.667,40.617,-71.947,7.45,223.79,228.38,6.92,8.2,8.2,999.6,999.6,0.0,0.0,85.06,78.49,36,28,18.1,19.6,72.2,72.4,15.6,16.7,268.3,258.4,1001.7,1001.7,536.38,328.56,1786.06,31.3344,6.3659,246.4,45.8,1471.659, NAN, NAN, NAN, NAN,,2024/04/13 16:47:48.667,2024-04-13 16:47:48.667000+00:00
2024/04/13, 16:48:48.667,40.615,-71.949,7.47,227.23,227.77,7.17,8.2,8.2,998.7,999.8,0.0,0.0,85.06,78.49,29,26,20.2,20.1,72.1,72.2,17.5,17.2,263.8,260.4,1000.8,1001.9,546.79,327.94,1816.9,31.3384,6.3816,242.1,46.0,1471.726, NAN, NAN, NAN, NAN,,2024/04/13 16:48:48.667,2024-04-13 16:48:48.667000+00:00
2024/04/13, 16:49:48.668,40.614,-71.951,6.92,225.66,220.32,6.91,8.2,8.2,999.3,999.3,0.0,0.0,85.06,78.49,29,26,19.9,17.7,71.9,72.1,17.0,14.7,260.9,258.2,1001.4,1001.4,539.64,327.47,1804.82,31.3327,6.4003,244.6,45.5,1471.793, NAN, NAN, NAN, NAN,,2024/04/13 16:49:48.668,2024-04-13 16:49:48.668000+00:00
2024/04/13, 16:50:48.668,40.612,-71.952,7.09,224.29,214.05,7.58,8.2,8.2,998.8,999.5,0.0,0.0,85.06,78.49,31,25,19.3,19.8,72.5,72.6,16.6,16.8,264.4,257.2,1000.9,1001.6,550.89,326.93,1822.12,31.3257,6.4245,242.4,46.0,1471.88, NAN, NAN, NAN, NAN,,2024/04/13 16:50:48.668,2024-04-13 16:50:48.668000+00:00
2024/04/13, 16:51:48.668,40.61,-71.954,7.4,226.66,206.71,7.18,8.2,8.2,999.2,999.5,0.0,0.0,85.06,78.49,30,23,19.0,18.3,72.4,72.5,16.5,15.5,265.5,257.8,1001.3,1001.6,551.53,326.7,1834.26,31.3121,6.4459,246.4,46.2,1471.948, NAN, NAN, NAN, NAN,,2024/04/13 16:51:48.668,2024-04-13 16:51:48.668000+00:00
2024/04/13, 16:52:48.668,40.609,-71.956,7.55,224.91,226.98,7.2,8.2,8.2,998.5,1000.1,1.5,0.0,85.09,78.49,30,25,18.8,18.9,72.8,72.8,15.8,15.7,262.2,256.3,1000.6,1002.2,540.57,326.04,1781.84,31.3098,6.472,245.4,46.0,1472.049, NAN, NAN, NAN, NAN,,2024/04/13 16:52:48.668,2024-04-13 16:52:48.668000+00:00
2024/04/13, 16:53:48.668,40.607,-71.957,7.59,226.37,229.34,6.91,8.2,8.2,999.6,999.1,0.0,0.0,85.09,78.49,30,26,20.8,19.6,72.8,72.8,17.8,16.5,262.2,257.9,1001.7,1001.2,611.62,326.5,1934.66,31.3107,6.5009,253.4,46.1,1472.164, NAN, NAN, NAN, NAN,,2024/04/13 16:53:48.668,2024-04-13 16:53:48.668000+00:00
2024/04/13, 16:54:48.668,40.605,-71.959,7.5,223.2,220.79,7.71,8.2,8.2,998.8,999.7,0.0,0.0,85.09,78.49,28,24,18.1,17.9,72.8,72.8,14.8,14.4,258.8,254.0,1000.9,1001.8,595.57,326.17,1948.63,31.3121,6.5307,253.1,46.1,1472.284, NAN, NAN, NAN, NAN,,2024/04/13 16:54:48.668,2024-04-13 16:54:48.668000+00:00
2024/04/13, 16:55:48.668,40.604,-71.96,7.41,224.18,216.92,7.49,8.2,8.3,999.6,999.5,0.0,0.0,85.09,78.49,32,27,19.9,19.8,72.8,72.8,17.1,16.8,264.4,258.6,1001.7,1001.6,634.66,325.83,1999.75,31.3085,6.5623,260.1,45.8,1472.404, NAN, NAN, NAN, NAN,,2024/04/13 16:55:48.668,2024-04-13 16:55:48.668000+00:00
2024/04/13, 16:56:48.668,40.602,-71.962,7.49,224.54,222.24,7.11,8.2,8.2,999.8,999.7,0.0,0.0,85.09,78.49,31,25,20.5,20.3,72.2,72.3,17.6,17.2,262.3,255.3,1001.9,1001.8,613.23,325.3,1963.2,31.2979,6.589,258.8,45.9,1472.496, NAN, NAN, NAN, NAN,,2024/04/13 16:56:48.668,2024-04-13 16:56:48.668000+00:00
2024/04/13, 16:57:48.668,40.6,-71.964,7.55,224.28,213.43,7.33,8.3,8.3,999.8,999.7,0.0,0.0,85.09,78.49,31,28,21.5,21.4,72.1,72.1,18.8,18.5,262.7,259.3,1001.9,1001.8,580.31,324.33,1860.28,31.2884,6.6185,255.8,46.0,1472.601, NAN, NAN, NAN, NAN,,2024/04/13 16:57:48.668,2024-04-13 16:57:48.668000+00:00
2024/04/13, 16:58:48.668,40.599,-71.966,7.53,224.9,219.81,7.75,8.3,8.3,1000.1,999.4,0.0,0.0,85.09,78.49,32,27,18.8,18.6,71.8,71.7,15.9,15.5,266.1,260.3,1002.2,1001.5,563.16,323.77,1810.56,31.2774,6.6353,263.5,45.7,1472.653, NAN, NAN, NAN, NAN,,2024/04/13 16:58:48.668,2024-04-13 16:58:48.668000+00:00
2024/04/13, 16:59:48.668,40.597,-71.967,7.6,222.55,219.77,7.63,8.3,8.3,999.5,999.8,0.0,0.0,85.09,78.49,31,28,19.2,19.4,72.0,72.5,16.2,16.3,261.8,258.1,1001.6,1001.9,565.01,322.77,1835.58,31.2574,6.6479,265.9,45.4,1472.678, NAN, NAN, NAN, NAN,,2024/04/13 16:59:48.668,2024-04-13 16:59:48.668000+00:00
2024/04/13, 17:00:48.668,40.595,-71.969,7.51,224.69,225.3,6.64,8.3,8.3,999.3,999.7,0.0,0.0,85.09,78.49,32,28,18.9,19.2,72.2,72.4,16.3,16.4,263.8,259.1,1001.4,1001.8,594.65,322.24,1814.85,31.2514,6.6675,268.6,45.5,1472.748, NAN, NAN, NAN, NAN,,2024/04/13 17:00:48.668,2024-04-13 17:00:48.668000+00:00
2024/04/13, 17:01:48.668,40.594,-71.97,7.6,225.42,222.14,7.34,8.3,8.3,999.3,999.7,0.0,0.0,85.09,78.49,34,30,19.5,20.6,72.5,72.6,17.0,17.9,268.4,263.3,1001.4,1001.8,573.25,321.5,1906.33,31.2479,6.6843,272.9,44.9,1472.809, NAN, NAN, NAN, NAN,,2024/04/13 17:01:48.668,2024-04-13 17:01:48.668000+00:00
2024/04/13, 17:02:48.668,40.592,-71.972,7.01,225.49,221.6,5.76,8.3,8.3,999.1,999.5,0.0,0.0,85.09,78.49,37,30,18.3,19.7,72.3,72.4,16.5,17.6,270.2,261.9,1001.2,1001.6,924.24,323.36,2453.6,31.2253,6.6982,290.0,44.2,1472.836, NAN, NAN, NAN, NAN,,2024/04/13 17:02:48.668,2024-04-13 17:02:48.668000+00:00
2024/04/13, 17:03:48.668,40.591,-71.973,6.98,228.28,218.54,6.99,8.3,8.3,999.8,999.1,0.0,0.0,85.09,78.49,31,21,20.4,18.9,72.0,72.2,17.9,16.0,267.0,256.1,1001.9,1001.2,599.66,320.23,1865.04,31.2078,6.7105,278.2,45.1,1472.862, NAN, NAN, NAN, NAN,,2024/04/13 17:03:48.668,2024-04-13 17:03:48.668000+00:00
2024/04/13, 17:04:48.668,40.589,-71.975,7.42,226.81,222.79,7.33,8.3,8.4,999.6,999.7,0.0,0.0,85.09,78.49,32,26,20.9,18.9,71.7,71.8,17.9,15.7,265.6,259.4,1001.7,1001.8,503.36,318.59,1628.9,31.1901,6.7164,272.6,43.6,1472.864, NAN, NAN, NAN, NAN,,2024/04/13 17:04:48.668,2024-04-13 17:04:48.668000+00:00
2024/04/13, 17:05:48.669,40.588,-71.977,7.45,228.54,234.39,7.62,8.3,8.4,999.5,999.2,0.0,0.0,85.09,78.49,31,25,17.9,18.2,72.1,72.1,14.7,14.8,267.7,260.2,1001.6,1001.3,886.63,321.23,2553.25,31.1698,6.7171,274.2,43.5,1472.841, NAN, NAN, NAN, NAN,,2024/04/13 17:05:48.669,2024-04-13 17:05:48.669000+00:00
2024/04/13, 17:06:48.669,40.586,-71.978,7.52,226.97,223.34,7.8,8.3,8.4,999.4,999.5,0.0,0.0,85.09,78.49,31,25,20.9,20.4,72.1,72.1,17.9,17.1,265.8,258.9,1001.5,1001.6,903.57,320.92,2470.0,31.1492,6.7137,274.2,43.8,1472.802, NAN, NAN, NAN, NAN,,2024/04/13 17:06:48.669,2024-04-13 17:06:48.669000+00:00
2024/04/13, 17:07:48.669,40.584,-71.98,7.23,224.99,220.39,6.22,8.4,8.4,999.0,999.5,0.0,0.0,85.09,78.49,34,30,19.3,20.7,71.9,72.0,17.0,18.2,265.9,260.8,1001.1,1001.6,886.29,320.01,2307.19,31.1278,6.7119,279.6,44.6,1472.768, NAN, NAN, NAN, NAN,,2024/04/13 17:07:48.669,2024-04-13 17:07:48.669000+00:00
2024/04/13, 17:08:48.669,40.583,-71.981,6.81,227.56,213.37,6.81,8.3,8.4,999.5,999.5,0.0,0.0,85.09,78.49,33,27,19.7,19.6,72.2,71.9,17.3,16.9,268.5,261.7,1001.6,1001.6,831.15,319.71,2315.11,31.1295,6.7114,290.7,44.7,1472.768, NAN, NAN, NAN, NAN,,2024/04/13 17:08:48.669,2024-04-13 17:08:48.669000+00:00
2024/04/13, 17:09:48.669,40.581,-71.983,7.29,227.05,210.69,7.94,8.3,8.4,999.8,999.8,0.0,0.0,85.09,78.49,31,28,20.1,20.8,72.5,72.4,17.3,17.9,267.3,263.5,1001.9,1001.9,848.76,320.01,2507.09,31.0968,6.7056,274.5,44.8,1472.704, NAN, NAN, NAN, NAN,,2024/04/13 17:09:48.669,2024-04-13 17:09:48.669000+00:00
2024/04/13, 17:10:48.669,40.58,-71.985,7.85,227.25,223.1,7.66,8.3,8.4,999.8,1000.2,0.0,0.0,85.09,78.49,32,28,17.8,19.1,72.7,72.6,15.1,16.2,269.2,263.8,1001.9,1002.3,600.26,317.23,2077.74,31.0833,6.7053,276.6,45.4,1472.686, NAN, NAN, NAN, NAN,,2024/04/13 17:10:48.669,2024-04-13 17:10:48.669000+00:00
2024/04/13, 17:11:48.669,40.578,-71.986,7.58,226.7,238.99,7.54,8.3,8.3,999.3,999.8,0.0,0.0,85.09,78.49,35,28,19.7,21.3,73.4,73.2,16.9,18.1,270.0,261.2,1001.4,1001.9,806.26,319.44,2064.11,31.0764,6.7065,271.5,45.3,1472.682, NAN, NAN, NAN, NAN,,2024/04/13 17:11:48.669,2024-04-13 17:11:48.669000+00:00
2024/04/13, 17:12:48.669,40.576,-71.988,7.68,227.04,220.95,8.07,8.2,8.3,999.3,999.7,0.0,0.0,85.09,78.49,34,31,22.6,24.6,72.6,72.7,19.7,21.5,269.1,265.0,1001.4,1001.8,523.29,317.08,1589.45,31.0602,6.702,267.2,45.7,1472.644, NAN, NAN, NAN, NAN,,2024/04/13 17:12:48.669,2024-04-13 17:12:48.669000+00:00
2024/04/13, 17:13:48.669,40.575,-71.99,7.61,225.5,204.61,7.74,8.3,8.3,999.3,999.8,0.0,0.0,85.09,78.49,34,30,20.8,21.6,71.8,71.8,18.3,18.9,268.7,263.8,1001.4,1001.9,458.25,316.74,1425.35,31.0404,6.6987,266.8,45.4,1472.606, NAN, NAN, NAN, NAN,,2024/04/13 17:13:48.669,2024-04-13 17:13:48.669000+00:00
2024/04/13, 17:14:48.669,40.573,-71.991,7.11,226.26,208.1,6.26,8.3,8.3,999.9,999.0,0.0,0.0,85.09,78.49,39,33,18.9,21.3,71.4,71.8,17.1,19.2,273.8,266.2,1002.0,1001.1,481.71,316.84,1521.6,31.0345,6.6985,269.9,44.9,1472.598, NAN, NAN, NAN, NAN,,2024/04/13 17:14:48.669,2024-04-13 17:14:48.669000+00:00
2024/04/13, 17:15:48.669,40.572,-71.992,6.12,226.38,202.76,5.57,8.3,8.3,999.8,1000.1,0.0,0.0,85.09,78.49,35,32,18.3,19.9,71.2,71.1,16.7,18.2,269.2,265.3,1001.9,1002.2,565.53,317.54,1751.95,31.019,6.6979,274.8,44.6,1472.576, NAN, NAN, NAN, NAN,,2024/04/13 17:15:48.669,2024-04-13 17:15:48.669000+00:00
2024/04/13, 17:16:48.669,40.571,-71.993,5.57,226.48,218.78,5.34,8.3,8.3,999.8,999.8,0.0,0.0,85.09,78.49,39,34,21.1,20.7,72.0,72.0,19.3,18.8,271.5,266.1,1001.9,1001.9,461.3,316.84,1400.7,30.9944,6.7003,265.1,44.6,1472.555, NAN, NAN, NAN, NAN,,2024/04/13 17:16:48.669,2024-04-13 17:16:48.669000+00:00
2024/04/13, 17:17:48.669,40.569,-71.994,5.42,228.33,220.7,5.38,8.3,8.3,999.5,999.7,0.0,0.0,85.09,78.49,37,33,18.9,19.7,71.4,71.3,17.5,18.1,272.8,268.2,1001.6,1001.8,400.76,315.26,1269.44,31.0234,6.702,272.6,44.0,1472.598, NAN, NAN, NAN, NAN,,2024/04/13 17:17:48.669,2024-04-13 17:17:48.669000+00:00
2024/04/13, 17:18:48.669,40.568,-71.995,5.38,224.21,195.67,5.55,8.3,8.3,1000.1,999.5,0.0,0.0,85.09,78.49,42,38,18.4,19.2,71.8,71.9,17.6,18.2,274.9,270.4,1002.2,1001.6,530.35,315.55,1555.6,30.9793,6.7045,268.6,44.0,1472.553, NAN, NAN, NAN, NAN,,2024/04/13 17:18:48.669,2024-04-13 17:18:48.669000+00:00
2024/04/13, 17:19:48.669,40.567,-71.996,4.95,229.01,212.51,5.85,8.3,8.3,999.6,999.5,0.0,0.0,85.09,78.49,37,29,20.4,21.0,71.6,71.6,18.9,19.1,273.6,264.7,1001.7,1001.6,614.27,315.0,1587.01,30.9711,6.7058,262.8,45.0,1472.548, NAN, NAN, NAN, NAN,,2024/04/13 17:19:48.669,2024-04-13 17:19:48.669000+00:00
2024/04/13, 17:20:48.670,40.565,-71.997,5.74,225.98,207.58,7.0,8.3,8.3,998.8,1000.0,0.0,0.0,85.09,78.49,35,32,15.9,20.9,71.2,71.3,13.8,18.5,272.2,265.9,1000.9,1002.1,524.68,312.2,1426.13,30.9717,6.7058,267.8,45.1,1472.548, NAN, NAN, NAN, NAN,,2024/04/13 17:20:48.670,2024-04-13 17:20:48.670000+00:00
2024/04/13, 17:21:48.670,40.564,-71.998,6.06,227.86,225.95,6.92,8.3,8.3,999.9,999.7,0.0,0.0,85.09,78.49,39,31,18.9,20.3,71.7,71.3,16.7,17.7,275.8,266.1,1002.0,1001.8,445.49,309.43,1388.17,30.9628,6.7108,271.5,44.8,1472.557, NAN, NAN, NAN, NAN,,2024/04/13 17:21:48.670,2024-04-13 17:21:48.670000+00:00
2024/04/13, 17:22:48.670,40.562,-72.0,6.88,225.75,210.39,7.52,8.2,8.3,999.9,999.5,0.0,0.0,85.09,78.49,38,30,20.1,18.5,72.2,72.4,18.1,16.0,273.7,265.7,1002.0,1001.6,511.97,308.08,1511.65,30.9661,6.7166,270.5,45.5,1472.584, NAN, NAN, NAN, NAN,,2024/04/13 17:22:48.670,2024-04-13 17:22:48.670000+00:00
2024/04/13, 17:23:48.670,40.561,-72.001,7.01,224.73,226.04,7.54,8.2,8.3,999.1,999.8,0.0,0.0,85.09,78.49,38,32,19.3,20.5,72.7,72.4,16.6,17.5,271.6,264.1,1001.2,1001.9,808.59,309.08,2204.2,30.958,6.7235,273.2,45.5,1472.601, NAN, NAN, NAN, NAN,,2024/04/13 17:23:48.670,2024-04-13 17:23:48.670000+00:00
2024/04/13, 17:24:48.670,40.559,-72.003,6.94,225.38,208.3,6.69,8.2,8.3,999.4,999.7,0.0,0.0,85.09,78.49,37,33,19.2,19.4,72.4,72.5,17.3,17.3,271.5,267.0,1001.5,1001.8,980.81,308.6,2581.69,30.9452,6.7291,280.6,44.9,1472.607, NAN, NAN, NAN, NAN,,2024/04/13 17:24:48.670,2024-04-13 17:24:48.670000+00:00
2024/04/13, 17:25:48.670,40.558,-72.004,6.38,227.84,213.82,6.04,8.3,8.3,999.9,1000.1,0.0,0.0,85.09,78.49,35,34,18.7,19.6,71.7,71.8,17.0,17.9,271.2,269.7,1002.0,1002.2,1053.34,307.66,2653.66,30.9793,6.7356,307.8,44.1,1472.675, NAN, NAN, NAN, NAN,,2024/04/13 17:25:48.670,2024-04-13 17:25:48.670000+00:00
2024/04/13, 17:26:48.670,40.556,-72.005,5.98,228.28,213.9,7.15,8.3,8.3,999.5,999.4,0.0,0.0,85.09,78.49,37,32,19.9,19.9,72.0,72.1,17.9,17.6,274.6,269.1,1001.6,1001.5,1024.19,306.07,2607.72,30.9226,6.7348,285.4,44.6,1472.601, NAN, NAN, NAN, NAN,,2024/04/13 17:26:48.670,2024-04-13 17:26:48.670000+00:00
2024/04/13, 17:27:48.670,40.555,-72.006,5.98,228.97,226.55,5.04,8.3,8.3,1000.6,999.4,0.0,0.0,85.09,78.49,37,34,18.2,20.9,72.1,72.0,17.0,19.6,273.5,269.3,1002.7,1001.5,1002.52,304.64,2571.54,30.9289,6.7388,280.9,44.3,1472.625, NAN, NAN, NAN, NAN,,2024/04/13 17:27:48.670,2024-04-13 17:27:48.670000+00:00
2024/04/13, 17:28:48.670,40.554,-72.007,5.07,230.74,219.76,4.89,8.3,8.3,999.8,1000.0,0.0,0.0,85.09,78.49,38,31,17.2,19.7,72.0,72.0,16.0,18.2,276.3,267.8,1001.9,1002.1,995.8,303.6,2547.01,30.9373,6.7385,286.7,44.3,1472.634, NAN, NAN, NAN, NAN,,2024/04/13 17:28:48.670,2024-04-13 17:28:48.670000+00:00
2024/04/13, 17:29:48.670,40.553,-72.008,5.28,231.93,221.97,6.2,8.3,8.3,1000.2,1000.2,0.0,0.0,85.09,78.49,33,28,16.1,18.5,71.9,71.9,13.9,16.1,273.7,266.7,1002.3,1002.3,993.76,302.98,2545.61,30.9368,6.7332,275.0,45.0,1472.613, NAN, NAN, NAN, NAN,,2024/04/13 17:29:48.670,2024-04-13 17:29:48.670000+00:00
2024/04/13, 17:30:48.670,40.551,-72.01,5.76,228.9,216.1,5.93,8.3,8.3,999.6,1000.1,0.0,0.0,85.09,78.49,35,30,16.9,17.7,71.9,72.3,15.2,15.7,272.9,266.9,1001.7,1002.2,1002.44,303.01,2564.74,30.9387,6.7329,281.7,44.6,1472.614, NAN, NAN, NAN, NAN,,2024/04/13 17:30:48.670,2024-04-13 17:30:48.670000+00:00
2024/04/13, 17:31:48.670,40.55,-72.011,6.55,227.67,210.87,5.57,8.3,8.3,999.0,1000.1,0.0,0.0,85.09,78.49,35,32,17.7,19.2,72.5,72.5,15.9,17.2,270.2,266.2,1001.1,1002.2,815.33,301.73,2142.42,30.9465,6.7306,279.3,45.2,1472.614, NAN, NAN, NAN, NAN,,2024/04/13 17:31:48.670,2024-04-13 17:31:48.670000+00:00
2024/04/13, 17:32:48.670,40.549,-72.013,6.23,229.62,232.83,5.48,8.3,8.3,1000.1,1000.3,0.0,0.0,85.09,78.49,36,31,18.4,18.3,72.2,72.3,16.2,16.0,271.6,266.0,1002.2,1002.4,756.58,302.01,1998.08,30.9557,6.7324,278.7,45.0,1472.633, NAN, NAN, NAN, NAN,,2024/04/13 17:32:48.670,2024-04-13 17:32:48.670000+00:00
2024/04/13, 17:33:48.670,40.547,-72.014,6.61,227.37,211.65,6.11,8.3,8.4,998.8,1000.3,0.0,0.0,85.09,78.49,35,27,20.1,18.6,72.3,71.8,18.0,16.1,269.3,260.9,1000.9,1002.4,959.73,303.96,2519.11,30.9676,6.7344,285.7,44.6,1472.656, NAN, NAN, NAN, NAN,,2024/04/13 17:33:48.670,2024-04-13 17:33:48.670000+00:00
2024/04/13, 17:34:48.670,40.546,-72.015,6.1,228.45,210.13,6.58,8.4,8.4,999.9,999.9,0.0,0.0,85.09,78.49,30,28,18.5,19.9,71.8,71.8,16.4,17.7,267.2,264.3,1002.0,1002.0,961.97,303.96,2441.75,30.9549,6.7338,276.3,43.9,1472.638, NAN, NAN, NAN, NAN,,2024/04/13 17:34:48.670,2024-04-13 17:34:48.670000+00:00
2024/04/13, 17:35:48.671,40.544,-72.017,6.42,231.25,205.27,5.14,8.4,8.4,999.9,999.9,0.0,0.0,85.09,78.49,33,26,15.6,16.3,71.3,71.5,14.3,14.7,273.1,265.1,1002.0,1002.0,956.61,304.08,2439.74,30.9425,6.7359,273.9,44.9,1472.63, NAN, NAN, NAN, NAN,,2024/04/13 17:35:48.671,2024-04-13 17:35:48.671000+00:00
2024/04/13, 17:36:48.671,40.543,-72.018,6.16,232.35,237.11,6.04,8.4,8.4,999.0,1000.3,0.0,0.0,85.09,78.49,29,25,18.3,18.2,71.8,71.9,15.7,15.5,267.3,262.7,1001.1,1002.4,950.93,303.29,2331.01,30.9478,6.7419,280.0,44.5,1472.661, NAN, NAN, NAN, NAN,,2024/04/13 17:36:48.671,2024-04-13 17:36:48.671000+00:00
2024/04/13, 17:37:48.671,40.542,-72.019,6.05,238.9,228.93,6.19,8.4,8.4,1000.1,999.8,0.0,0.0,85.09,78.49,27,20,16.3,16.9,71.5,71.5,14.1,14.4,274.4,266.0,1002.2,1001.9,900.23,301.62,2264.61,30.9558,6.7399,284.0,44.7,1472.663, NAN, NAN, NAN, NAN,,2024/04/13 17:37:48.671,2024-04-13 17:37:48.671000+00:00
2024/04/13, 17:38:48.671,40.541,-72.021,6.01,246.47,234.52,6.73,8.4,8.4,999.9,1000.2,0.0,0.0,85.09,78.49,20,16,18.4,16.8,71.9,72.0,15.5,13.8,273.0,268.9,1002.0,1002.3,929.09,300.8,2324.29,30.9514,6.7351,276.3,45.4,1472.638, NAN, NAN, NAN, NAN,,2024/04/13 17:38:48.671,2024-04-13 17:38:48.671000+00:00
2024/04/13, 17:39:48.671,40.54,-72.023,5.24,246.08,240.81,5.09,8.4,8.4,1000.1,999.8,0.0,0.0,85.09,78.49,22,16,18.1,16.0,72.1,72.1,15.9,13.7,273.1,266.9,1002.2,1001.9,912.99,299.43,2318.1,30.958,6.7331,277.9,44.8,1472.639, NAN, NAN, NAN, NAN,,2024/04/13 17:39:48.671,2024-04-13 17:39:48.671000+00:00
2024/04/13, 17:40:48.671,40.539,-72.024,5.37,243.82,224.45,6.23,8.4,8.4,1000.4,999.8,0.0,0.0,85.09,78.49,19,13,17.4,15.4,72.2,72.3,14.9,12.7,270.1,264.0,1002.5,1001.9,926.43,298.76,2354.3,30.9625,6.7295,275.0,45.2,1472.63, NAN, NAN, NAN, NAN,,2024/04/13 17:40:48.671,2024-04-13 17:40:48.671000+00:00
2024/04/13, 17:41:48.671,40.538,-72.025,4.69,241.99,230.28,4.75,8.4,8.4,1000.1,1000.6,0.0,0.0,85.09,78.49,25,22,16.5,14.6,72.4,72.4,14.8,12.8,273.3,270.9,1002.2,1002.7,924.72,298.4,2343.89,30.987,6.7251,287.0,44.3,1472.643, NAN, NAN, NAN, NAN,,2024/04/13 17:41:48.671,2024-04-13 17:41:48.671000+00:00
2024/04/13, 17:42:48.671,40.538,-72.026,4.09,250.04,237.16,4.41,8.4,8.4,1000.7,1000.1,0.0,0.0,85.09,78.49,21,14,17.7,15.9,72.5,72.6,15.8,13.8,275.2,267.7,1002.8,1002.2,922.05,298.2,2346.45,30.9539,6.7217,275.6,43.4,1472.589, NAN, NAN, NAN, NAN,,2024/04/13 17:42:48.671,2024-04-13 17:42:48.671000+00:00
2024/04/13, 17:43:48.671,40.537,-72.028,4.51,246.73,254.38,5.75,8.4,8.4,1000.0,1000.8,0.0,0.0,85.09,78.49,21,17,19.4,17.5,73.1,73.0,16.7,14.7,271.8,267.6,1002.1,1002.9,923.33,297.77,2356.57,30.9688,6.7171,283.3,44.4,1472.589, NAN, NAN, NAN, NAN,,2024/04/13 17:43:48.671,2024-04-13 17:43:48.671000+00:00
2024/04/13, 17:44:48.671,40.536,-72.03,5.2,243.68,236.37,6.0,8.3,8.4,1000.0,1000.3,0.0,0.0,85.09,78.49,25,19,19.1,17.1,73.2,73.2,16.6,14.4,274.4,268.2,1002.1,1002.4,923.29,297.88,2370.76,30.9847,6.7063,291.0,44.1,1472.567, NAN, NAN, NAN, NAN,,2024/04/13 17:44:48.671,2024-04-13 17:44:48.671000+00:00
2024/04/13, 17:45:48.671,40.535,-72.031,5.51,243.82,235.86,5.37,8.3,8.4,999.9,1000.2,0.0,0.0,85.09,78.49,26,20,18.3,17.7,73.8,73.7,16.1,15.3,275.4,268.8,1002.0,1002.3,920.94,298.39,2391.42,30.9859,6.6986,285.1,44.2,1472.538, NAN, NAN, NAN, NAN,,2024/04/13 17:45:48.671,2024-04-13 17:45:48.671000+00:00
2024/04/13, 17:46:48.671,40.534,-72.033,5.98,246.74,238.41,6.0,8.3,8.4,1000.4,1000.5,0.0,0.0,85.09,78.49,22,17,19.8,18.8,73.4,73.4,17.3,16.2,274.5,269.1,1002.5,1002.6,932.52,299.01,2433.49,30.9934,6.6911,280.6,44.6,1472.517, NAN, NAN, NAN, NAN,,2024/04/13 17:46:48.671,2024-04-13 17:46:48.671000+00:00
2024/04/13, 17:47:48.671,40.533,-72.035,6.22,241.35,220.58,5.42,8.4,8.4,1000.1,1000.0,0.0,0.0,85.09,78.49,22,17,18.4,18.0,73.0,73.1,16.5,15.9,269.9,264.5,1002.2,1002.1,951.74,300.96,2526.0,31.0104,6.6824,277.9,43.9,1472.504, NAN, NAN, NAN, NAN,,2024/04/13 17:47:48.671,2024-04-13 17:47:48.671000+00:00
2024/04/13, 17:48:48.671,40.532,-72.036,6.24,246.06,246.65,6.95,8.4,8.4,1000.2,1000.0,0.0,0.0,85.09,78.49,22,16,20.5,16.7,72.4,72.5,17.4,13.4,273.4,267.5,1002.3,1002.1,793.22,302.51,1858.73,31.0111,6.6739,275.0,43.7,1472.472, NAN, NAN, NAN, NAN,,2024/04/13 17:48:48.671,2024-04-13 17:48:48.671000+00:00
2024/04/13, 17:49:48.671,40.531,-72.038,6.5,246.42,235.69,6.93,8.4,8.5,1000.1,999.7,0.0,0.0,85.09,78.49,23,17,20.8,18.6,72.1,72.3,17.8,15.4,275.3,269.0,1002.2,1001.8,608.5,307.72,1909.76,31.0303,6.6614,277.9,44.3,1472.447, NAN, NAN, NAN, NAN,,2024/04/13 17:49:48.671,2024-04-13 17:49:48.671000+00:00
2024/04/13, 17:50:48.671,40.53,-72.041,7.0,243.67,235.85,7.14,8.5,8.5,1000.2,1000.2,0.0,0.0,85.09,78.49,25,22,20.2,19.3,71.7,71.7,17.2,16.2,275.4,272.2,1002.3,1002.3,487.28,319.55,1763.04,31.0498,6.6482,275.6,44.6,1472.419, NAN, NAN, NAN, NAN,,2024/04/13 17:50:48.671,2024-04-13 17:50:48.671000+00:00
2024/04/13, 17:51:48.671,40.529,-72.043,6.84,243.41,228.87,6.12,8.5,8.5,1000.5,1000.3,0.0,0.0,85.09,78.49,24,19,21.3,18.8,71.3,71.4,18.7,16.1,272.6,267.6,1002.6,1002.4,550.89,327.29,1729.15,31.0668,6.6389,279.6,44.4,1472.404, NAN, NAN, NAN, NAN,,2024/04/13 17:51:48.671,2024-04-13 17:51:48.671000+00:00
2024/04/13, 17:52:48.672,40.528,-72.044,6.6,247.09,234.28,5.85,8.5,8.5,999.6,1000.4,0.0,0.0,85.09,78.49,24,18,20.9,18.5,71.1,71.2,18.5,15.9,276.4,270.3,1001.7,1002.5,778.32,330.58,2263.05,31.0822,6.6284,277.6,44.2,1472.381, NAN, NAN, NAN, NAN,,2024/04/13 17:52:48.672,2024-04-13 17:52:48.672000+00:00
2024/04/13, 17:53:48.672,40.527,-72.046,6.44,245.56,233.32,6.9,8.6,8.6,1000.6,1000.0,0.0,0.0,85.09,78.49,22,17,20.3,17.8,70.1,70.2,17.2,14.5,272.7,267.6,1002.7,1002.1,601.85,329.2,2673.81,31.1105,6.6183,291.0,43.5,1472.377, NAN, NAN, NAN, NAN,,2024/04/13 17:53:48.672,2024-04-13 17:53:48.672000+00:00
2024/04/13, 17:54:48.672,40.526,-72.048,6.7,243.25,229.48,6.47,8.6,8.6,999.9,1000.5,0.0,0.0,85.09,78.49,24,21,21.5,18.0,70.3,70.2,18.8,15.2,272.7,270.4,1002.0,1002.6,1184.85,329.19,3334.82,31.113,6.6128,290.7,43.6,1472.358, NAN, NAN, NAN, NAN,,2024/04/13 17:54:48.672,2024-04-13 17:54:48.672000+00:00
2024/04/13, 17:55:48.672,40.525,-72.05,6.63,246.83,234.2,5.52,8.6,8.6,1000.5,1000.7,0.0,0.0,85.09,78.49,24,19,19.3,17.7,70.4,70.3,17.2,15.4,276.7,271.7,1002.6,1002.8,853.27,317.33,2265.93,31.1255,6.6043,292.4,44.4,1472.341, NAN, NAN, NAN, NAN,,2024/04/13 17:55:48.672,2024-04-13 17:55:48.672000+00:00
2024/04/13, 17:56:48.672,40.524,-72.052,5.98,244.93,230.63,6.45,8.6,8.6,999.8,1000.5,0.0,0.0,85.09,78.49,22,17,19.4,18.7,70.2,70.6,16.7,15.9,273.3,267.7,1001.9,1002.6,673.68,307.74,2247.1,31.1292,6.5958,291.3,44.3,1472.312, NAN, NAN, NAN, NAN,,2024/04/13 17:56:48.672,2024-04-13 17:56:48.672000+00:00
2024/04/13, 17:57:48.672,40.523,-72.054,6.9,246.42,242.11,6.51,8.6,8.6,1000.3,1000.2,0.0,0.0,85.09,78.49,22,18,22.7,19.9,69.8,69.9,19.9,17.0,273.3,269.5,1002.4,1002.3,683.29,304.18,1950.77,31.1071,6.5891,279.0,43.7,1472.257, NAN, NAN, NAN, NAN,,2024/04/13 17:57:48.672,2024-04-13 17:57:48.672000+00:00
2024/04/13, 17:58:48.672,40.522,-72.056,7.11,244.45,237.34,6.96,8.6,8.6,999.8,1000.3,0.0,0.0,85.09,78.49,21,18,20.8,19.2,70.0,69.8,17.7,16.0,270.6,267.6,1001.9,1002.4,990.95,305.3,2649.92,31.1381,6.5795,278.4,44.3,1472.258, NAN, NAN, NAN, NAN,,2024/04/13 17:58:48.672,2024-04-13 17:58:48.672000+00:00
2024/04/13, 17:59:48.672,40.521,-72.058,7.28,245.41,243.8,7.2,8.6,8.6,999.9,999.9,0.0,0.0,85.09,78.49,21,17,18.5,17.4,70.0,70.0,15.2,14.0,272.2,267.7,1002.0,1002.0,979.99,305.86,2665.78,31.1492,6.5751,287.6,44.7,1472.255, NAN, NAN, NAN, NAN,,2024/04/13 17:59:48.672,2024-04-13 17:59:48.672000+00:00
2024/04/13, 18:00:48.672,40.52,-72.06,7.35,241.13,235.51,7.07,8.6,8.6,1000.1,1000.2,0.0,0.0,85.09,78.49,25,19,20.5,17.6,71.0,71.0,17.5,14.4,272.3,266.3,1002.2,1002.3,840.75,309.72,2123.95,31.1645,6.5742,284.6,44.7,1472.271, NAN, NAN, NAN, NAN,,2024/04/13 18:00:48.672,2024-04-13 18:00:48.672000+00:00
2024/04/13, 18:01:48.672,40.519,-72.062,6.02,240.27,227.51,6.23,8.6,8.6,999.8,1000.3,0.0,0.0,85.09,78.49,22,18,20.6,18.9,70.4,70.5,18.0,16.2,267.7,263.7,1001.9,1002.4,378.26,317.17,1335.58,31.1836,6.5673,284.3,44.7,1472.267, NAN, NAN, NAN, NAN,,2024/04/13 18:01:48.672,2024-04-13 18:01:48.672000+00:00
2024/04/13, 18:02:48.672,40.518,-72.063,6.02,237.45,240.78,4.45,8.6,8.6,999.9,1000.5,0.0,0.0,85.09,78.49,22,18,17.1,16.3,71.0,71.0,15.0,14.1,262.6,258.2,1002.0,1002.6,357.62,330.65,1251.01,31.1925,6.5457,291.0,43.7,1472.193, NAN, NAN, NAN, NAN,,2024/04/13 18:02:48.672,2024-04-13 18:02:48.672000+00:00
2024/04/13, 18:03:48.672,40.517,-72.065,5.84,239.98,230.13,6.26,8.6,8.6,1000.3,1000.3,0.0,0.0,85.09,78.49,19,16,18.0,17.2,71.3,71.3,15.2,14.3,264.5,261.2,1002.4,1002.4,390.07,340.09,1364.87,31.1987,6.5163,278.7,43.3,1472.084, NAN, NAN, NAN, NAN,,2024/04/13 18:03:48.672,2024-04-13 18:03:48.672000+00:00
2024/04/13, 18:04:48.672,40.516,-72.067,5.37,240.39,223.55,7.06,8.5,8.6,999.8,1000.2,0.0,0.0,85.09,78.49,25,22,19.6,17.7,71.5,71.6,16.6,14.6,271.8,269.0,1001.9,1002.3,439.72,344.62,1497.68,31.2373,6.5017,279.6,44.2,1472.075, NAN, NAN, NAN, NAN,,2024/04/13 18:04:48.672,2024-04-13 18:04:48.672000+00:00
2024/04/13, 18:05:48.672,40.515,-72.068,6.0,240.28,227.41,7.06,8.5,8.5,1000.2,1000.3,0.0,0.0,85.09,78.49,26,20,20.2,18.4,72.0,72.1,17.5,15.5,273.7,267.5,1002.3,1002.4,476.45,345.77,1601.52,31.2776,6.4846,300.1,44.4,1472.058, NAN, NAN, NAN, NAN,,2024/04/13 18:05:48.672,2024-04-13 18:05:48.672000+00:00
2024/04/13, 18:06:48.672,40.514,-72.07,7.45,237.11,222.56,5.72,8.5,8.5,1000.6,1000.0,0.0,0.0,85.09,78.49,30,25,16.8,18.9,72.2,72.3,14.7,16.6,274.4,267.9,1002.7,1002.1,509.77,345.71,1702.84,31.3629,6.4656,310.8,44.4,1472.09, NAN, NAN, NAN, NAN,,2024/04/13 18:06:48.672,2024-04-13 18:06:48.672000+00:00
2024/04/13, 18:07:48.673,40.513,-72.072,6.94,239.56,227.29,7.18,8.5,8.5,999.4,1000.2,0.0,0.0,85.09,78.49,27,21,19.1,18.0,71.8,71.8,16.5,15.2,275.2,268.8,1001.5,1002.3,536.0,345.14,1791.79,31.4164,6.4653,321.1,44.2,1472.156, NAN, NAN, NAN, NAN,,2024/04/13 18:07:48.673,2024-04-13 18:07:48.673000+00:00
2024/04/13, 18:08:48.673,40.512,-72.074,6.22,238.2,229.54,5.33,8.6,8.6,1000.4,1000.1,0.0,0.0,85.09,78.49,27,22,16.7,17.6,71.0,71.0,14.5,15.2,271.2,265.1,1002.5,1002.2,568.27,344.29,1901.07,31.4784,6.4715,335.2,44.1,1472.258, NAN, NAN, NAN, NAN,,2024/04/13 18:08:48.673,2024-04-13 18:08:48.673000+00:00
2024/04/13, 18:09:48.673,40.511,-72.076,6.2,241.08,220.33,6.01,8.6,8.6,999.8,1000.5,0.0,0.0,85.09,78.49,26,21,20.3,19.2,70.1,70.0,17.9,16.6,272.9,267.5,1001.9,1002.6,789.98,344.29,2358.88,31.5319,6.4825,334.5,44.1,1472.369, NAN, NAN, NAN, NAN,,2024/04/13 18:09:48.673,2024-04-13 18:09:48.673000+00:00
2024/04/13, 18:10:48.673,40.51,-72.078,6.37,241.06,231.77,5.24,8.6,8.7,1001.0,1000.0,0.0,0.0,85.09,78.49,27,21,18.3,18.5,69.6,69.5,16.1,16.1,273.1,266.3,1003.1,1002.1,666.32,340.67,2132.87,31.5587,6.4956,339.5,44.5,1472.454, NAN, NAN, NAN, NAN,,2024/04/13 18:10:48.673,2024-04-13 18:10:48.673000+00:00
2024/04/13, 18:11:48.673,40.509,-72.079,6.44,240.9,241.31,6.11,8.7,8.7,999.8,1000.2,0.0,0.0,85.09,78.49,24,18,22.4,21.2,69.4,69.5,19.7,18.3,269.3,262.7,1001.9,1002.3,883.1,338.57,2665.4,31.5694,6.5033,335.2,44.7,1472.498, NAN, NAN, NAN, NAN,,2024/04/13 18:11:48.673,2024-04-13 18:11:48.673000+00:00
2024/04/13, 18:12:48.673,40.508,-72.08,3.22,237.98,219.95,4.19,8.8,8.8,999.5,1000.1,0.0,0.0,85.09,78.49,29,21,17.9,17.7,67.9,68.0,16.6,16.1,272.6,264.0,1001.6,1002.2,848.68,333.94,2368.93,31.5711,6.5141,328.8,44.0,1472.543, NAN, NAN, NAN, NAN,,2024/04/13 18:12:48.673,2024-04-13 18:12:48.673000+00:00
2024/04/13, 18:13:48.673,40.507,-72.082,4.33,240.13,229.76,5.79,8.8,8.8,1000.1,1000.4,0.0,0.0,85.09,78.49,25,21,20.6,19.2,68.2,68.3,18.4,16.9,271.2,267.1,1002.2,1002.5,766.54,328.84,2287.9,31.5887,6.5202,331.0,44.4,1472.589, NAN, NAN, NAN, NAN,,2024/04/13 18:13:48.673,2024-04-13 18:13:48.673000+00:00
2024/04/13, 18:14:48.673,40.506,-72.083,5.48,240.36,244.09,7.21,8.8,8.8,1000.2,999.9,0.0,0.0,85.09,78.49,23,18,20.7,17.8,68.5,68.4,17.5,14.4,269.0,264.0,1002.3,1002.0,525.9,325.75,1712.84,31.5913,6.5211,335.8,44.3,1472.596, NAN, NAN, NAN, NAN,,2024/04/13 18:14:48.673,2024-04-13 18:14:48.673000+00:00
2024/04/13, 18:15:48.673,40.505,-72.085,5.48,240.25,251.74,5.61,8.7,8.8,1001.0,1000.0,0.0,0.0,85.09,78.49,25,17,17.9,17.2,69.6,69.7,15.2,14.4,269.0,259.6,1003.1,1002.1,811.62,331.36,2231.21,31.592,6.523,328.8,43.7,1472.605, NAN, NAN, NAN, NAN,,2024/04/13 18:15:48.673,2024-04-13 18:15:48.673000+00:00
2024/04/13, 18:16:48.673,40.504,-72.087,5.7,239.58,240.08,6.36,8.7,8.8,999.8,1000.3,0.0,0.0,85.09,78.49,22,20,21.6,18.3,69.5,69.6,18.5,15.2,264.7,262.9,1001.9,1002.4,648.66,329.12,2086.4,31.5953,6.5259,327.3,43.7,1472.62, NAN, NAN, NAN, NAN,,2024/04/13 18:16:48.673,2024-04-13 18:16:48.673000+00:00
2024/04/13, 18:17:48.673,40.503,-72.088,5.05,240.23,214.89,5.64,8.7,8.8,1000.2,1000.1,0.0,0.0,85.09,78.49,29,21,19.5,17.4,69.8,69.4,17.7,15.3,276.1,268.1,1002.3,1002.2,420.09,320.15,1436.49,31.5807,6.5335,328.8,43.9,1472.632, NAN, NAN, NAN, NAN,,2024/04/13 18:17:48.673,2024-04-13 18:17:48.673000+00:00
2024/04/13, 18:18:48.673,40.502,-72.09,5.19,241.26,241.73,5.45,8.7,8.7,1000.7,1000.6,0.0,0.0,85.09,78.49,27,22,20.1,20.0,70.0,70.0,18.0,17.7,273.8,268.3,1002.8,1002.7,515.62,314.63,1542.26,31.6055,6.5381,336.4,44.3,1472.681, NAN, NAN, NAN, NAN,,2024/04/13 18:18:48.673,2024-04-13 18:18:48.673000+00:00
2024/04/13, 18:19:48.673,40.501,-72.091,5.48,243.51,247.83,4.84,8.6,8.7,1000.3,1000.2,0.0,0.0,85.09,78.49,22,17,21.2,20.1,69.9,69.8,18.9,17.7,268.4,263.0,1002.4,1002.3,942.03,315.55,2576.07,31.6055,6.5417,332.1,44.5,1472.695, NAN, NAN, NAN, NAN,,2024/04/13 18:19:48.673,2024-04-13 18:19:48.673000+00:00
2024/04/13, 18:20:48.673,40.5,-72.093,4.95,239.21,218.27,5.02,8.7,8.7,1000.4,1000.9,0.0,0.0,85.09,78.49,24,19,19.4,17.9,69.7,69.7,17.4,15.7,268.1,262.9,1002.5,1003.0,502.25,311.99,1480.98,31.5945,6.5512,337.1,44.2,1472.719, NAN, NAN, NAN, NAN,,2024/04/13 18:20:48.673,2024-04-13 18:20:48.673000+00:00
2024/04/13, 18:21:48.673,40.499,-72.094,4.95,241.47,221.65,5.39,8.6,8.7,1000.9,1000.1,0.0,0.0,85.09,78.49,24,18,20.2,18.6,70.3,70.3,17.8,16.1,269.7,263.3,1003.0,1002.2,590.41,320.4,1871.88,31.6065,6.5561,338.5,44.0,1472.753, NAN, NAN, NAN, NAN,,2024/04/13 18:21:48.673,2024-04-13 18:21:48.673000+00:00
2024/04/13, 18:22:48.673,40.498,-72.096,5.19,240.17,235.76,5.7,8.6,8.7,1000.1,1000.8,0.0,0.0,85.09,78.49,25,18,19.8,17.8,69.8,69.8,17.4,15.2,270.3,262.8,1002.2,1002.9,567.45,329.1,2101.44,31.593,6.5575,335.2,43.9,1472.742, NAN, NAN, NAN, NAN,,2024/04/13 18:22:48.673,2024-04-13 18:22:48.673000+00:00
2024/04/13, 18:23:48.674,40.497,-72.098,5.51,238.16,219.73,5.82,8.6,8.7,1000.9,1000.3,0.0,0.0,85.09,78.49,24,17,18.4,16.0,70.3,70.3,16.1,13.5,268.6,261.6,1003.0,1002.4,1218.63,338.03,2503.97,31.6029,6.5602,335.8,44.6,1472.765, NAN, NAN, NAN, NAN,,2024/04/13 18:23:48.674,2024-04-13 18:23:48.674000+00:00
2024/04/13, 18:24:48.674,40.496,-72.099,5.87,239.75,224.38,5.51,8.6,8.7,1000.0,1000.7,0.0,0.0,85.09,78.49,23,18,18.7,17.1,70.4,70.5,16.3,14.6,267.9,262.6,1002.1,1002.8,521.08,330.66,1634.06,31.6146,6.559,347.6,44.5,1472.775, NAN, NAN, NAN, NAN,,2024/04/13 18:24:48.674,2024-04-13 18:24:48.674000+00:00
2024/04/13, 18:25:48.674,40.495,-72.101,6.62,240.67,226.81,7.19,8.6,8.6,1000.2,1000.8,0.0,0.0,85.09,78.49,25,18,21.2,19.9,71.3,71.2,18.3,16.7,272.3,264.6,1002.3,1002.9,601.73,333.21,2001.22,31.6088,6.5561,342.5,44.6,1472.756, NAN, NAN, NAN, NAN,,2024/04/13 18:25:48.674,2024-04-13 18:25:48.674000+00:00
2024/04/13, 18:26:48.674,40.494,-72.104,7.33,240.34,246.2,6.93,8.6,8.6,1000.4,1000.5,0.0,0.0,85.09,78.49,20,15,18.1,17.4,70.4,70.5,14.8,14.0,265.3,259.4,1002.5,1002.6,509.94,333.11,1592.35,31.6107,6.5525,347.2,45.0,1472.744, NAN, NAN, NAN, NAN,,2024/04/13 18:26:48.674,2024-04-13 18:26:48.674000+00:00
2024/04/13, 18:27:48.674,40.493,-72.106,7.77,239.14,242.45,6.97,8.6,8.7,1000.4,1000.5,0.0,0.0,85.09,78.49,26,19,19.0,18.0,70.8,70.8,15.9,14.7,271.2,263.1,1002.5,1002.6,480.82,330.27,1544.67,31.6114,6.548,352.6,45.5,1472.728, NAN, NAN, NAN, NAN,,2024/04/13 18:27:48.674,2024-04-13 18:27:48.674000+00:00
2024/04/13, 18:28:48.674,40.491,-72.108,7.59,236.83,234.82,7.67,8.6,8.7,1000.6,1000.3,0.0,0.0,85.09,78.49,29,22,18.4,16.7,70.7,71.0,15.3,13.3,274.0,266.4,1002.7,1002.4,623.45,328.91,2555.79,31.61,6.5501,344.6,45.2,1472.734, NAN, NAN, NAN, NAN,,2024/04/13 18:28:48.674,2024-04-13 18:28:48.674000+00:00
2024/04/13, 18:29:48.674,40.49,-72.11,7.76,235.69,229.85,7.04,8.6,8.6,1000.1,1000.4,0.0,0.0,85.09,78.49,29,22,20.1,18.0,71.4,71.4,17.2,14.9,271.4,264.0,1002.2,1002.5,1102.38,334.05,3106.76,31.611,6.5522,349.2,45.5,1472.744, NAN, NAN, NAN, NAN,,2024/04/13 18:29:48.674,2024-04-13 18:29:48.674000+00:00
2024/04/13, 18:30:48.674,40.489,-72.112,7.52,237.05,226.94,6.67,8.6,8.6,1000.6,1000.6,0.0,0.0,85.09,78.49,28,21,17.7,16.8,71.4,71.5,15.1,14.0,273.0,265.2,1002.7,1002.7,368.85,331.16,1240.7,31.6112,6.559,358.7,45.5,1472.771, NAN, NAN, NAN, NAN,,2024/04/13 18:30:48.674,2024-04-13 18:30:48.674000+00:00
2024/04/13, 18:31:48.674,40.487,-72.114,7.26,237.61,223.39,6.87,8.6,8.6,1000.2,1001.0,0.0,0.0,85.09,78.49,27,24,15.8,17.8,71.0,71.0,13.1,14.9,273.6,268.9,1002.3,1003.1,326.56,338.13,1164.9,31.6116,6.5609,354.0,45.4,1472.779, NAN, NAN, NAN, NAN,,2024/04/13 18:31:48.674,2024-04-13 18:31:48.674000+00:00
2024/04/13, 18:32:48.674,40.486,-72.116,5.91,237.63,223.62,6.16,8.6,8.7,1000.9,1000.8,0.0,0.0,85.09,78.49,29,22,16.3,15.6,70.7,70.8,13.8,12.9,274.1,266.2,1003.0,1002.9,336.12,342.21,1215.53,31.6035,6.5627,340.4,44.5,1472.776, NAN, NAN, NAN, NAN,,2024/04/13 18:32:48.674,2024-04-13 18:32:48.674000+00:00
2024/04/13, 18:33:48.674,40.485,-72.118,6.63,236.07,220.58,6.61,8.6,8.7,1000.3,1000.9,0.0,0.0,85.09,78.49,28,23,19.0,17.6,71.8,70.8,16.4,14.8,271.2,266.0,1002.4,1003.0,370.36,344.01,1326.04,31.6147,6.5651,346.8,44.6,1472.799, NAN, NAN, NAN, NAN,,2024/04/13 18:33:48.674,2024-04-13 18:33:48.674000+00:00
2024/04/13, 18:34:48.674,40.484,-72.12,7.36,237.49,229.86,7.28,8.6,8.6,1001.0,1000.8,0.0,0.0,85.09,78.49,28,23,18.0,18.3,72.1,72.2,15.1,15.2,273.9,267.8,1003.1,1002.9,418.18,344.05,1438.18,31.6157,6.5668,374.0,45.3,1472.807, NAN, NAN, NAN, NAN,,2024/04/13 18:34:48.674,2024-04-13 18:34:48.674000+00:00
2024/04/13, 18:35:48.674,40.483,-72.122,7.38,238.92,230.91,7.28,8.6,8.6,1001.2,1000.9,0.0,0.0,85.09,78.49,28,23,19.0,17.5,72.8,72.8,16.1,14.4,274.7,269.6,1003.3,1003.0,439.86,343.95,1500.69,31.6152,6.568,384.8,44.7,1472.811, NAN, NAN, NAN, NAN,,2024/04/13 18:35:48.674,2024-04-13 18:35:48.674000+00:00
2024/04/13, 18:36:48.674,40.481,-72.124,7.42,235.59,233.98,7.11,8.5,8.6,999.9,1001.0,0.0,0.0,85.09,78.49,28,24,19.1,17.1,72.3,72.2,16.2,14.1,270.9,267.1,1002.0,1003.1,468.01,343.98,1621.49,31.6168,6.575,399.2,45.5,1472.841, NAN, NAN, NAN, NAN,,2024/04/13 18:36:48.674,2024-04-13 18:36:48.674000+00:00
2024/04/13, 18:37:48.674,40.48,-72.126,7.26,235.79,213.94,7.52,8.5,8.6,1000.6,1000.8,0.0,0.0,85.09,78.49,27,23,18.6,18.1,72.7,72.6,16.1,15.4,272.5,268.3,1002.7,1002.9,590.19,342.92,1979.34,31.6198,6.581,402.5,45.6,1472.868, NAN, NAN, NAN, NAN,,2024/04/13 18:37:48.674,2024-04-13 18:37:48.674000+00:00
2024/04/13, 18:38:48.674,40.479,-72.127,6.61,238.88,241.15,6.95,8.6,8.6,1000.6,1000.5,0.0,0.0,85.09,78.49,27,22,18.9,17.6,72.5,72.5,15.9,14.5,272.4,267.0,1002.7,1002.6,732.64,338.9,2274.75,31.622,6.5869,404.9,45.0,1472.894, NAN, NAN, NAN, NAN,,2024/04/13 18:38:48.674,2024-04-13 18:38:48.674000+00:00
2024/04/13, 18:39:48.675,40.478,-72.129,6.83,237.04,232.64,6.82,8.6,8.6,1000.9,1000.8,0.0,0.0,85.09,78.49,27,21,18.4,17.9,72.5,72.4,15.6,14.9,271.3,264.4,1003.0,1002.9,826.65,330.82,2485.46,31.6192,6.5935,387.5,45.2,1472.917, NAN, NAN, NAN, NAN,,2024/04/13 18:39:48.675,2024-04-13 18:39:48.675000+00:00
2024/04/13, 18:40:48.675,40.477,-72.131,6.96,237.01,226.55,6.38,8.6,8.6,1000.7,1000.9,0.0,0.0,85.09,78.49,30,23,14.9,15.8,72.1,72.1,12.6,13.2,276.8,268.0,1002.8,1003.0,547.67,317.67,1740.42,31.6134,6.5988,387.0,44.8,1472.931, NAN, NAN, NAN, NAN,,2024/04/13 18:40:48.675,2024-04-13 18:40:48.675000+00:00
2024/04/13, 18:41:48.675,40.476,-72.133,6.68,236.0,232.64,7.01,8.6,8.6,1001.0,1000.6,0.0,0.0,85.09,78.49,27,24,19.5,17.9,72.2,72.4,16.4,14.7,269.0,266.0,1003.1,1002.7,903.98,313.27,2592.75,31.6196,6.6003,378.7,44.8,1472.944, NAN, NAN, NAN, NAN,,2024/04/13 18:41:48.675,2024-04-13 18:41:48.675000+00:00
2024/04/13, 18:42:48.675,40.474,-72.135,7.08,235.67,248.4,7.17,8.6,8.7,1000.7,1000.8,0.0,0.0,85.09,78.49,25,20,20.5,17.6,71.8,71.9,17.2,14.2,265.9,260.8,1002.8,1002.9,815.54,306.02,2441.23,31.6219,6.5945,361.7,45.1,1472.924, NAN, NAN, NAN, NAN,,2024/04/13 18:42:48.675,2024-04-13 18:42:48.675000+00:00
2024/04/13, 18:43:48.675,40.473,-72.137,7.09,236.07,222.13,7.22,8.7,8.7,999.9,1000.9,0.0,0.0,85.09,78.49,27,22,19.0,17.8,71.6,71.8,16.1,14.7,270.5,265.1,1002.0,1003.0,797.77,302.18,2412.63,31.6204,6.5932,368.9,44.8,1472.917, NAN, NAN, NAN, NAN,,2024/04/13 18:43:48.675,2024-04-13 18:43:48.675000+00:00
2024/04/13, 18:44:48.675,40.472,-72.139,7.35,240.92,249.97,7.32,8.7,8.7,1000.8,1000.0,0.0,0.0,85.09,78.49,26,19,21.4,18.6,71.4,71.5,18.1,15.1,272.3,264.8,1002.9,1002.1,825.0,302.09,2471.57,31.6167,6.5905,351.0,45.0,1472.902, NAN, NAN, NAN, NAN,,2024/04/13 18:44:48.675,2024-04-13 18:44:48.675000+00:00
2024/04/13, 18:45:48.675,40.471,-72.141,7.29,241.58,227.84,7.0,8.7,8.7,1000.8,1000.2,0.0,0.0,85.09,78.49,25,19,19.3,18.6,71.4,70.9,16.5,15.6,274.0,267.3,1002.9,1002.3,645.02,300.69,1997.16,31.6218,6.5838,352.9,45.3,1472.882, NAN, NAN, NAN, NAN,,2024/04/13 18:45:48.675,2024-04-13 18:45:48.675000+00:00
2024/04/13, 18:46:48.675,40.47,-72.143,7.27,240.62,242.04,6.44,8.8,8.8,1000.5,1000.7,0.0,0.0,85.09,78.49,23,20,18.2,16.4,70.9,70.8,15.3,13.4,268.9,265.9,1002.6,1002.8,598.29,301.76,2023.45,31.6142,6.5829,332.4,45.3,1472.869, NAN, NAN, NAN, NAN,,2024/04/13 18:46:48.675,2024-04-13 18:46:48.675000+00:00
2024/04/13, 18:47:48.675,40.468,-72.145,7.31,237.21,235.92,7.43,8.7,8.8,1000.5,1000.4,0.0,0.0,85.09,78.49,27,23,16.8,17.5,70.9,71.1,13.7,14.2,272.5,267.2,1002.6,1002.5,654.2,305.62,1912.58,31.621,6.5796,332.4,44.9,1472.864, NAN, NAN, NAN, NAN,,2024/04/13 18:47:48.675,2024-04-13 18:47:48.675000+00:00
2024/04/13, 18:48:48.675,40.467,-72.147,7.34,240.22,225.18,7.94,8.7,8.8,1000.6,1000.5,0.0,0.0,85.09,78.49,24,18,18.0,16.3,71.2,71.2,14.8,12.8,273.0,266.6,1002.7,1002.6,480.04,306.92,1437.85,31.6221,6.5809,342.8,45.1,1472.871, NAN, NAN, NAN, NAN,,2024/04/13 18:48:48.675,2024-04-13 18:48:48.675000+00:00
2024/04/13, 18:49:48.675,40.466,-72.149,7.44,238.08,243.77,6.74,8.7,8.7,1000.7,1000.8,0.0,0.0,85.09,78.49,24,19,19.4,17.3,71.1,71.2,16.4,14.1,267.4,262.1,1002.8,1002.9,705.14,311.55,2209.03,31.6213,6.5822,347.5,45.4,1472.875, NAN, NAN, NAN, NAN,,2024/04/13 18:49:48.675,2024-04-13 18:49:48.675000+00:00
2024/04/13, 18:50:48.675,40.465,-72.151,7.0,238.07,231.84,6.75,8.7,8.7,1000.6,1001.0,0.0,0.0,85.09,78.49,26,20,18.0,16.5,70.8,70.9,15.2,13.5,271.2,264.8,1002.7,1003.1,867.85,314.79,2557.28,31.6182,6.5877,344.1,45.6,1472.893, NAN, NAN, NAN, NAN,,2024/04/13 18:50:48.675,2024-04-13 18:50:48.675000+00:00
2024/04/13, 18:51:48.675,40.464,-72.153,7.19,239.47,237.17,7.39,8.8,8.8,1000.3,1000.5,0.0,0.0,85.09,78.49,25,19,19.8,17.7,70.9,71.0,16.5,14.2,270.6,264.1,1002.4,1002.6,879.78,315.11,2640.46,31.6252,6.5933,353.9,46.0,1472.924, NAN, NAN, NAN, NAN,,2024/04/13 18:51:48.675,2024-04-13 18:51:48.675000+00:00
2024/04/13, 18:52:48.675,40.462,-72.155,7.4,239.03,238.34,7.49,8.8,8.8,1000.3,1000.9,0.0,0.0,85.09,78.49,26,20,17.1,17.0,70.8,70.8,13.8,13.5,272.5,265.1,1002.4,1003.0,840.66,313.61,2551.44,31.6252,6.6007,349.6,45.5,1472.953, NAN, NAN, NAN, NAN,,2024/04/13 18:52:48.675,2024-04-13 18:52:48.675000+00:00
2024/04/13, 18:53:48.675,40.461,-72.157,6.22,238.13,233.39,6.65,8.8,8.8,1001.0,1001.0,0.0,0.0,85.09,78.49,27,22,19.2,18.1,70.8,70.9,16.4,15.1,271.2,265.8,1003.1,1003.1,669.75,311.35,2149.39,31.6098,6.6046,341.9,44.9,1472.949, NAN, NAN, NAN, NAN,,2024/04/13 18:53:48.675,2024-04-13 18:53:48.675000+00:00
2024/04/13, 18:54:48.675,40.46,-72.159,6.19,238.0,227.28,6.72,8.8,8.8,1000.5,1000.7,0.0,0.0,85.09,78.49,26,22,19.2,18.3,70.7,70.6,16.7,15.6,271.5,267.3,1002.6,1002.8,569.34,309.74,1834.58,31.6246,6.6125,331.8,45.0,1472.999, NAN, NAN, NAN, NAN,,2024/04/13 18:54:48.675,2024-04-13 18:54:48.675000+00:00
2024/04/13, 18:55:48.676,40.459,-72.161,6.19,238.04,234.1,5.99,8.8,8.8,1000.8,1000.9,0.0,0.0,85.09,78.49,30,23,17.5,16.8,71.2,70.7,15.1,14.2,274.9,267.1,1002.9,1003.0,500.76,309.44,1678.79,31.632,6.6158,330.7,44.7,1473.021, NAN, NAN, NAN, NAN,,2024/04/13 18:55:48.676,2024-04-13 18:55:48.676000+00:00
2024/04/13, 18:56:48.676,40.458,-72.163,6.19,235.39,231.92,6.84,8.8,8.8,1001.3,1000.9,0.0,0.0,85.09,78.49,27,23,17.1,17.9,71.1,71.2,14.1,14.8,269.4,264.2,1003.4,1003.0,599.81,309.69,2040.54,31.6344,6.621,336.1,44.8,1473.044, NAN, NAN, NAN, NAN,,2024/04/13 18:56:48.676,2024-04-13 18:56:48.676000+00:00
2024/04/13, 18:57:48.676,40.457,-72.164,6.28,236.81,237.59,6.2,8.7,8.8,1000.5,1000.8,0.0,0.0,85.09,78.49,26,22,20.0,17.4,70.8,70.9,17.1,14.4,267.1,263.1,1002.6,1002.9,607.11,310.43,1913.85,31.6338,6.6271,346.5,45.1,1473.068, NAN, NAN, NAN, NAN,,2024/04/13 18:57:48.676,2024-04-13 18:57:48.676000+00:00
2024/04/13, 18:58:48.676,40.456,-72.167,7.14,238.31,227.29,7.44,8.8,8.8,1000.1,1000.9,0.0,0.0,85.09,78.49,25,23,21.5,19.2,70.6,70.6,18.5,16.1,270.0,268.5,1002.2,1003.0,526.05,308.79,1933.45,31.6347,6.6273,354.7,45.0,1473.07, NAN, NAN, NAN, NAN,,2024/04/13 18:58:48.676,2024-04-13 18:58:48.676000+00:00
2024/04/13, 18:59:48.676,40.454,-72.169,7.21,237.43,256.0,6.87,8.8,8.9,1000.2,1000.6,0.0,0.0,85.09,78.49,28,22,19.0,18.0,70.6,70.1,16.0,14.8,271.5,264.7,1002.3,1002.7,528.37,308.2,1841.64,31.6359,6.6316,355.3,45.3,1473.088, NAN, NAN, NAN, NAN,,2024/04/13 18:59:48.676,2024-04-13 18:59:48.676000+00:00
2024/04/13, 19:00:48.676,40.453,-72.17,7.21,238.55,220.38,6.12,8.9,8.9,1000.9,1000.5,0.0,0.0,85.09,78.49,31,25,15.2,17.2,69.9,70.1,13.0,14.7,278.7,270.6,1003.0,1002.6,517.69,309.37,1732.32,31.6362,6.6467,365.7,44.7,1473.148, NAN, NAN, NAN, NAN,,2024/04/13 19:00:48.676,2024-04-13 19:00:48.676000+00:00
2024/04/13, 19:01:48.676,40.452,-72.172,6.27,236.81,231.76,6.82,8.9,8.9,1000.4,1000.8,0.0,0.0,85.09,78.49,29,23,19.9,18.2,69.6,69.7,17.2,15.2,272.6,266.2,1002.5,1002.9,542.77,312.93,1592.9,31.6369,6.6406,358.7,44.8,1473.125, NAN, NAN, NAN, NAN,,2024/04/13 19:01:48.676,2024-04-13 19:01:48.676000+00:00
2024/04/13, 19:02:48.676,40.451,-72.174,6.95,235.84,230.02,7.49,8.9,8.9,1000.7,1001.0,0.0,0.0,85.09,78.49,30,24,19.3,17.7,69.1,69.2,16.4,14.5,274.0,267.7,1002.8,1003.1,449.08,318.41,1651.58,31.6336,6.6362,363.6,44.4,1473.103, NAN, NAN, NAN, NAN,,2024/04/13 19:02:48.676,2024-04-13 19:02:48.676000+00:00
2024/04/13, 19:03:48.676,40.45,-72.177,7.57,237.07,247.29,6.68,8.9,9.0,1000.6,1000.9,0.0,0.0,85.09,78.49,29,27,20.5,18.5,68.4,68.6,17.5,15.4,271.0,269.3,1002.7,1003.0,709.98,328.86,1966.7,31.634,6.643,371.2,44.6,1473.131, NAN, NAN, NAN, NAN,,2024/04/13 19:03:48.676,2024-04-13 19:03:48.676000+00:00
2024/04/13, 19:04:48.676,40.448,-72.178,7.4,238.03,222.82,6.59,9.0,9.0,1000.2,1001.4,0.0,0.0,85.09,78.49,31,30,18.1,17.5,68.5,68.5,15.7,15.0,277.1,276.3,1002.3,1003.5,617.02,332.66,1950.67,31.628,6.6508,367.8,44.6,1473.154, NAN, NAN, NAN, NAN,,2024/04/13 19:04:48.676,2024-04-13 19:04:48.676000+00:00
2024/04/13, 19:05:48.676,40.447,-72.18,6.95,238.14,218.01,5.07,9.0,9.0,1001.0,1001.0,0.0,0.0,85.09,78.49,30,25,16.9,17.5,68.1,68.1,15.2,15.6,275.2,269.3,1003.1,1003.1,704.85,332.98,2157.12,31.6408,6.6578,383.3,45.0,1473.197, NAN, NAN, NAN, NAN,,2024/04/13 19:05:48.676,2024-04-13 19:05:48.676000+00:00
2024/04/13, 19:06:48.676,40.446,-72.182,6.88,237.82,212.29,6.13,9.1,9.1,1001.2,1000.8,0.0,0.0,85.09,78.49,31,25,16.9,17.2,67.7,67.6,14.7,14.8,277.1,270.1,1003.3,1002.9,653.6,327.86,2140.24,31.6293,6.6599,365.1,44.8,1473.191, NAN, NAN, NAN, NAN,,2024/04/13 19:06:48.676,2024-04-13 19:06:48.676000+00:00
2024/04/13, 19:07:48.676,40.445,-72.183,6.67,238.63,230.25,4.98,9.0,9.1,1000.6,1001.0,0.0,0.0,85.09,78.49,31,24,18.4,17.3,67.7,67.8,16.6,15.3,275.5,268.1,1002.7,1003.1,638.65,324.71,2084.98,31.6443,6.6529,363.6,44.0,1473.183, NAN, NAN, NAN, NAN,,2024/04/13 19:07:48.676,2024-04-13 19:07:48.676000+00:00
2024/04/13, 19:08:48.676,40.444,-72.185,6.43,236.75,215.56,6.92,9.1,9.1,1000.0,1001.5,0.0,0.0,85.09,78.49,32,29,17.1,16.8,67.8,67.7,15.0,14.5,279.0,275.9,1002.1,1003.6,627.15,322.94,2079.45,31.641,6.6611,364.4,44.2,1473.211, NAN, NAN, NAN, NAN,,2024/04/13 19:08:48.676,2024-04-13 19:08:48.676000+00:00
2024/04/13, 19:09:48.676,40.443,-72.187,6.62,235.79,234.86,7.31,9.1,9.1,1000.9,1000.7,0.0,0.0,85.09,78.49,31,25,19.1,18.6,68.2,68.2,16.4,15.6,275.2,268.5,1003.0,1002.8,539.39,323.11,1718.58,31.6485,6.6601,356.9,44.9,1473.216, NAN, NAN, NAN, NAN,,2024/04/13 19:09:48.676,2024-04-13 19:09:48.676000+00:00
2024/04/13, 19:10:48.676,40.442,-72.189,6.75,236.4,220.5,6.62,9.1,9.1,1000.9,1000.7,0.0,0.0,85.09,78.49,33,28,17.3,18.2,67.3,67.4,14.8,15.5,277.5,271.3,1003.0,1002.8,673.25,325.78,2176.45,31.6335,6.6543,357.2,44.8,1473.175, NAN, NAN, NAN, NAN,,2024/04/13 19:10:48.676,2024-04-13 19:10:48.676000+00:00
2024/04/13, 19:11:48.677,40.441,-72.19,6.33,238.52,227.09,5.91,9.1,9.1,1000.4,1001.1,0.0,0.0,85.09,78.49,30,28,14.5,17.2,67.5,67.6,12.5,15.1,278.4,274.4,1002.5,1003.2,521.07,324.5,2094.22,31.6421,6.6576,360.6,44.7,1473.198, NAN, NAN, NAN, NAN,,2024/04/13 19:11:48.677,2024-04-13 19:11:48.677000+00:00
2024/04/13, 19:12:48.677,40.44,-72.192,6.29,240.52,240.52,5.98,9.1,9.1,1001.3,1000.8,0.0,0.0,85.09,78.49,29,23,17.2,16.0,67.7,67.7,14.9,13.5,276.9,270.5,1003.4,1002.9,798.88,328.16,2527.83,31.6484,6.6591,363.6,44.8,1473.212, NAN, NAN, NAN, NAN,,2024/04/13 19:12:48.677,2024-04-13 19:12:48.677000+00:00
2024/04/13, 19:13:48.677,40.439,-72.194,4.86,237.41,231.25,5.96,9.1,9.1,1001.0,1000.6,0.0,0.0,85.09,78.49,29,24,16.9,15.2,68.0,68.1,14.5,12.6,273.3,268.3,1003.1,1002.7,885.52,328.33,2636.36,31.6506,6.6613,365.7,44.6,1473.223, NAN, NAN, NAN, NAN,,2024/04/13 19:13:48.677,2024-04-13 19:13:48.677000+00:00
2024/04/13, 19:14:48.677,40.438,-72.195,5.16,233.87,220.31,5.1,9.0,9.1,1001.1,1001.2,0.0,0.0,85.09,78.49,32,28,16.9,16.9,68.2,68.3,14.8,14.7,271.7,267.2,1003.2,1003.3,681.64,325.1,2226.84,31.6537,6.6639,365.1,44.5,1473.238, NAN, NAN, NAN, NAN,,2024/04/13 19:14:48.677,2024-04-13 19:14:48.677000+00:00
2024/04/13, 19:15:48.677,40.437,-72.197,5.27,234.98,227.14,4.66,9.0,9.1,1000.5,1001.2,0.0,0.0,85.09,78.49,35,30,12.5,14.5,68.2,68.2,10.9,12.7,278.7,271.8,1002.6,1003.3,721.33,324.13,2308.7,31.6596,6.6748,364.4,44.5,1473.288, NAN, NAN, NAN, NAN,,2024/04/13 19:15:48.677,2024-04-13 19:15:48.677000+00:00
2024/04/13, 19:16:48.677,40.436,-72.198,4.73,242.02,244.08,6.32,9.0,9.0,1001.3,1000.8,0.0,0.0,85.09,78.49,34,27,15.8,16.2,69.2,69.2,13.4,13.5,284.5,276.0,1003.4,1002.9,636.53,322.22,2030.85,31.6468,6.6819,356.0,44.5,1473.3, NAN, NAN, NAN, NAN,,2024/04/13 19:16:48.677,2024-04-13 19:16:48.677000+00:00
2024/04/13, 19:17:48.677,40.434,-72.2,5.44,240.37,224.3,6.43,9.0,9.0,1000.4,1001.2,0.0,0.0,85.09,78.49,34,29,14.2,17.7,68.7,68.8,12.5,15.6,286.5,278.3,1002.5,1003.3,762.79,322.85,2594.58,31.6584,6.6792,361.4,44.5,1473.304, NAN, NAN, NAN, NAN,,2024/04/13 19:17:48.677,2024-04-13 19:17:48.677000+00:00
2024/04/13, 19:18:48.677,40.433,-72.202,6.29,237.44,236.25,6.94,9.0,9.0,1001.4,1000.9,0.0,0.0,85.09,78.49,32,29,18.1,17.4,68.7,68.7,15.5,14.7,277.9,274.8,1003.5,1003.0,853.71,324.23,2745.07,31.6617,6.6732,367.0,45.1,1473.284, NAN, NAN, NAN, NAN,,2024/04/13 19:18:48.677,2024-04-13 19:18:48.677000+00:00
2024/04/13, 19:19:48.677,40.432,-72.204,7.32,237.11,236.6,7.04,9.0,9.0,1000.9,1001.0,0.0,0.0,85.09,78.49,34,30,17.5,18.3,68.2,68.3,14.6,15.2,278.9,273.8,1003.0,1003.1,789.25,322.81,2519.78,31.6626,6.6663,364.4,45.5,1473.258, NAN, NAN, NAN, NAN,,2024/04/13 19:19:48.677,2024-04-13 19:19:48.677000+00:00
2024/04/13, 19:20:48.677,40.431,-72.206,7.38,237.3,232.01,7.34,9.0,9.0,1001.0,1001.0,0.0,0.0,85.09,78.49,32,25,14.9,17.4,68.4,68.3,12.1,14.3,280.3,270.1,1003.1,1003.1,648.99,319.54,2418.72,31.6639,6.6673,372.4,45.2,1473.264, NAN, NAN, NAN, NAN,,2024/04/13 19:20:48.677,2024-04-13 19:20:48.677000+00:00
2024/04/13, 19:21:48.677,40.429,-72.209,7.61,237.9,237.33,7.71,9.0,9.1,1001.2,1001.1,0.0,0.0,85.09,78.49,31,27,17.7,17.0,68.9,68.5,14.6,13.8,277.8,273.4,1003.3,1003.2,778.07,318.81,2418.31,31.6648,6.6684,362.4,45.3,1473.269, NAN, NAN, NAN, NAN,,2024/04/13 19:21:48.677,2024-04-13 19:21:48.677000+00:00
2024/04/13, 19:22:48.677,40.428,-72.211,8.28,238.31,228.64,8.43,9.0,9.0,1000.9,1000.9,0.0,0.0,85.09,78.49,31,25,17.0,16.2,69.2,69.3,13.9,12.8,280.7,274.1,1003.0,1003.0,496.62,312.97,1657.57,31.6624,6.6514,358.0,45.4,1473.199, NAN, NAN, NAN, NAN,,2024/04/13 19:22:48.677,2024-04-13 19:22:48.677000+00:00
2024/04/13, 19:23:48.677,40.427,-72.214,8.34,237.8,234.94,7.9,9.0,9.0,1001.3,1000.8,0.0,0.0,85.09,78.49,32,26,17.6,17.7,69.4,69.5,14.5,14.3,279.1,271.8,1003.4,1002.9,506.91,311.57,1807.73,31.6698,6.6451,370.2,45.8,1473.184, NAN, NAN, NAN, NAN,,2024/04/13 19:23:48.677,2024-04-13 19:23:48.677000+00:00
2024/04/13, 19:24:48.677,40.426,-72.216,7.99,238.12,234.91,8.15,9.0,9.0,1000.9,1001.1,0.0,0.0,85.09,78.49,30,26,17.2,16.7,69.2,69.2,13.8,13.1,277.1,272.4,1003.0,1003.2,568.99,313.06,2007.55,31.6766,6.6451,383.0,45.7,1473.192, NAN, NAN, NAN, NAN,,2024/04/13 19:24:48.677,2024-04-13 19:24:48.677000+00:00
2024/04/13, 19:25:48.677,40.424,-72.218,8.14,240.24,249.38,7.3,9.0,9.0,1001.0,1000.9,0.0,0.0,85.09,78.49,30,24,15.4,15.5,69.6,69.6,12.1,12.0,277.9,270.2,1003.1,1003.0,527.65,315.57,1543.49,31.6731,6.6384,385.7,45.7,1473.162, NAN, NAN, NAN, NAN,,2024/04/13 19:25:48.677,2024-04-13 19:25:48.677000+00:00
2024/04/13, 19:26:48.677,40.423,-72.22,7.75,237.48,228.09,6.51,9.0,9.0,1000.9,1001.8,0.0,0.0,85.09,78.49,34,27,15.6,16.9,69.5,69.6,13.2,14.2,280.7,271.7,1003.0,1003.9,526.63,318.72,1771.43,31.6775,6.6323,403.2,45.3,1473.143, NAN, NAN, NAN, NAN,,2024/04/13 19:26:48.677,2024-04-13 19:26:48.677000+00:00
2024/04/13, 19:27:48.678,40.422,-72.222,7.31,239.52,242.19,7.56,9.0,9.0,1001.2,1001.4,0.0,0.0,85.09,78.49,30,23,17.5,16.6,69.8,69.9,14.2,13.0,276.8,268.5,1003.3,1003.5,412.72,320.71,1498.37,31.6924,6.6367,416.0,44.5,1473.179, NAN, NAN, NAN, NAN,,2024/04/13 19:27:48.678,2024-04-13 19:27:48.678000+00:00
2024/04/13, 19:28:48.678,40.421,-72.224,7.37,237.92,232.21,7.77,9.0,9.0,1001.4,1001.1,0.0,0.0,85.09,78.49,29,26,18.2,18.7,69.1,69.3,15.3,15.7,276.5,272.7,1003.5,1003.2,607.21,325.21,2015.12,31.6589,6.6474,475.8,43.2,1473.179, NAN, NAN, NAN, NAN,,2024/04/13 19:28:48.678,2024-04-13 19:28:48.678000+00:00
2024/04/13, 19:29:48.678,40.419,-72.227,7.61,236.22,239.04,8.29,9.0,9.0,1001.0,1000.8,0.0,0.0,85.09,78.49,32,26,17.1,17.4,69.2,69.2,13.7,13.7,277.8,270.2,1003.1,1002.9,601.58,326.98,2050.73,31.692,6.6337,385.7,44.4,1473.167, NAN, NAN, NAN, NAN,,2024/04/13 19:29:48.678,2024-04-13 19:29:48.678000+00:00
2024/04/13, 19:30:48.678,40.418,-72.229,7.89,236.55,229.29,8.23,9.0,9.0,1001.3,1001.0,0.0,0.0,85.09,78.49,33,29,19.5,18.6,69.1,69.4,16.4,15.3,278.6,274.4,1003.4,1003.1,761.85,331.06,2411.22,31.702,6.6359,401.2,45.0,1473.188, NAN, NAN, NAN, NAN,,2024/04/13 19:30:48.678,2024-04-13 19:30:48.678000+00:00
2024/04/13, 19:31:48.678,40.417,-72.231,7.93,237.87,234.31,8.62,9.0,9.1,1000.9,1001.6,0.0,0.0,85.09,78.49,31,27,18.5,18.1,69.1,69.1,15.1,14.5,278.5,273.9,1003.0,1003.7,700.47,331.78,2489.07,31.7072,6.6485,386.7,45.2,1473.244, NAN, NAN, NAN, NAN,,2024/04/13 19:31:48.678,2024-04-13 19:31:48.678000+00:00
2024/04/13, 19:32:48.678,40.415,-72.234,7.71,238.9,232.11,7.51,9.1,9.1,1000.5,1001.1,0.0,0.0,85.09,78.49,32,27,19.3,17.7,68.7,69.1,16.4,14.6,279.1,274.0,1002.6,1003.2,869.32,334.52,2727.98,31.7076,6.6659,371.6,45.2,1473.313, NAN, NAN, NAN, NAN,,2024/04/13 19:32:48.678,2024-04-13 19:32:48.678000+00:00
2024/04/13, 19:33:48.678,40.414,-72.236,7.76,237.05,240.06,7.15,9.1,9.1,1000.8,1001.1,0.0,0.0,85.09,78.49,33,25,16.5,17.5,68.5,68.8,13.6,14.3,278.6,268.4,1002.9,1003.2,857.04,332.61,2810.91,31.7144,6.6676,367.8,45.4,1473.328, NAN, NAN, NAN, NAN,,2024/04/13 19:33:48.678,2024-04-13 19:33:48.678000+00:00
2024/04/13, 19:34:48.678,40.413,-72.238,7.77,237.97,233.81,8.33,9.1,9.1,1000.8,1001.8,0.0,0.0,85.09,78.49,31,25,17.9,16.2,68.5,68.4,14.5,12.5,278.1,271.8,1002.9,1003.9,897.36,331.38,2934.8,31.7173,6.6799,356.0,45.4,1473.38, NAN, NAN, NAN, NAN,,2024/04/13 19:34:48.678,2024-04-13 19:34:48.678000+00:00
2024/04/13, 19:35:48.678,40.412,-72.241,8.3,236.16,227.31,7.74,9.1,9.2,1000.9,1001.5,0.0,0.0,85.09,78.49,30,26,17.3,17.0,68.4,68.5,14.3,13.8,275.6,270.9,1003.0,1003.6,540.46,323.79,1892.51,31.722,6.6887,343.2,45.8,1473.421, NAN, NAN, NAN, NAN,,2024/04/13 19:35:48.678,2024-04-13 19:35:48.678000+00:00
2024/04/13, 19:36:48.678,40.41,-72.243,8.12,238.53,234.39,7.36,9.1,9.1,1001.2,1001.6,0.0,0.0,85.09,78.49,33,28,17.5,17.7,68.8,68.8,14.7,14.6,280.5,274.4,1003.3,1003.7,579.58,323.03,1941.13,31.7191,6.7077,333.7,45.3,1473.492, NAN, NAN, NAN, NAN,,2024/04/13 19:36:48.678,2024-04-13 19:36:48.678000+00:00
2024/04/13, 19:37:48.678,40.409,-72.245,8.09,237.43,237.76,7.57,9.1,9.2,1001.4,1001.4,0.0,0.0,85.09,78.49,33,29,16.8,17.0,68.0,68.0,13.9,13.9,280.0,275.1,1003.5,1003.5,583.81,324.86,2058.3,31.7247,6.7301,324.4,45.6,1473.587, NAN, NAN, NAN, NAN,,2024/04/13 19:37:48.678,2024-04-13 19:37:48.678000+00:00
2024/04/13, 19:38:48.678,40.408,-72.247,8.17,238.34,228.96,7.44,9.1,9.2,1001.2,1001.1,0.0,0.0,85.09,78.49,34,29,17.8,18.4,68.7,68.8,14.8,15.1,280.5,274.2,1003.3,1003.2,499.02,328.78,1776.03,31.7293,6.7378,326.7,45.6,1473.623, NAN, NAN, NAN, NAN,,2024/04/13 19:38:48.678,2024-04-13 19:38:48.678000+00:00
2024/04/13, 19:39:48.678,40.407,-72.25,8.09,238.23,232.91,7.76,9.1,9.2,1001.1,1001.4,0.0,0.0,85.09,78.49,34,27,17.7,16.7,68.2,68.8,14.8,13.5,281.9,274.1,1003.2,1003.5,492.43,332.6,1747.83,31.736,6.7627,324.8,45.4,1473.729, NAN, NAN, NAN, NAN,,2024/04/13 19:39:48.678,2024-04-13 19:39:48.678000+00:00
2024/04/13, 19:40:48.678,40.405,-72.252,7.92,236.89,232.31,7.93,9.2,9.2,1000.6,1001.3,0.0,0.0,85.09,78.49,32,26,17.0,17.9,68.1,68.2,14.0,14.6,279.0,271.2,1002.7,1003.4,536.31,334.81,1823.93,31.7364,6.7903,312.3,45.7,1473.838, NAN, NAN, NAN, NAN,,2024/04/13 19:40:48.678,2024-04-13 19:40:48.678000+00:00
2024/04/13, 19:41:48.678,40.404,-72.254,7.95,237.47,226.05,7.06,9.2,9.2,1001.0,1001.1,0.0,0.0,85.09,78.49,33,27,16.2,16.9,68.3,68.2,13.9,14.3,281.2,273.8,1003.1,1003.2,590.08,336.49,2130.7,31.7477,6.8072,315.3,46.2,1473.918, NAN, NAN, NAN, NAN,,2024/04/13 19:41:48.678,2024-04-13 19:41:48.678000+00:00
2024/04/13, 19:42:48.678,40.403,-72.256,7.3,238.61,225.97,7.19,9.2,9.2,1000.9,1001.4,0.0,0.0,85.09,78.49,32,27,16.4,17.3,68.3,68.6,14.1,14.7,281.4,275.0,1003.0,1003.5,483.65,335.17,1673.86,31.7483,6.8318,316.0,45.7,1474.016, NAN, NAN, NAN, NAN,,2024/04/13 19:42:48.678,2024-04-13 19:42:48.678000+00:00
2024/04/13, 19:43:48.679,40.402,-72.258,8.09,238.99,240.7,8.3,9.2,9.2,1000.5,1001.3,0.0,0.0,85.09,78.49,32,26,18.6,17.8,68.6,68.7,15.3,14.2,280.1,273.3,1002.6,1003.4,447.08,334.34,1582.64,31.7573,6.8335,316.3,46.1,1474.034, NAN, NAN, NAN, NAN,,2024/04/13 19:43:48.679,2024-04-13 19:43:48.679000+00:00
2024/04/13, 19:44:48.679,40.4,-72.26,7.88,237.13,230.57,6.48,9.2,9.2,1001.4,1001.3,0.0,0.0,85.09,78.49,31,25,15.9,17.1,68.5,68.5,13.4,14.4,276.9,269.2,1003.5,1003.4,427.39,334.21,1470.34,31.7616,6.8389,304.4,46.0,1474.06, NAN, NAN, NAN, NAN,,2024/04/13 19:44:48.679,2024-04-13 19:44:48.679000+00:00
2024/04/13, 19:45:48.679,40.399,-72.262,7.3,236.43,228.93,7.42,9.1,9.2,1000.9,1001.6,0.0,0.0,85.09,78.49,32,27,16.9,17.4,68.7,68.9,14.3,14.5,278.7,272.5,1003.0,1003.7,404.39,335.24,1477.83,31.7699,6.8439,304.1,46.1,1474.09, NAN, NAN, NAN, NAN,,2024/04/13 19:45:48.679,2024-04-13 19:45:48.679000+00:00
2024/04/13, 19:46:48.679,40.398,-72.264,7.27,237.59,225.91,6.85,9.2,9.2,1001.0,1001.2,0.0,0.0,85.09,78.49,30,26,16.2,16.3,68.6,68.5,13.8,13.7,277.3,272.6,1003.1,1003.3,401.38,337.1,1460.63,31.7741,6.8506,306.5,46.3,1474.122, NAN, NAN, NAN, NAN,,2024/04/13 19:46:48.679,2024-04-13 19:46:48.679000+00:00
2024/04/13, 19:47:48.679,40.397,-72.266,6.6,237.3,217.05,6.95,9.2,9.2,1001.8,1001.1,0.0,0.0,85.09,78.49,32,28,15.6,16.5,68.6,68.5,13.3,14.0,280.3,275.0,1003.9,1003.2,399.41,338.69,1441.66,31.7768,6.8544,312.9,46.2,1474.14, NAN, NAN, NAN, NAN,,2024/04/13 19:47:48.679,2024-04-13 19:47:48.679000+00:00
2024/04/13, 19:48:48.679,40.396,-72.268,7.49,237.61,227.94,7.33,9.2,9.2,1001.7,1001.2,0.0,0.0,85.09,78.49,34,29,15.8,16.5,69.1,69.2,13.3,13.7,282.7,276.3,1003.8,1003.3,414.63,340.58,1513.35,31.7841,6.8627,323.3,45.9,1474.182, NAN, NAN, NAN, NAN,,2024/04/13 19:48:48.679,2024-04-13 19:48:48.679000+00:00
2024/04/13, 19:49:48.679,40.394,-72.27,7.22,240.02,241.15,6.61,9.1,9.2,1001.2,1001.6,0.0,0.0,85.09,78.49,29,25,15.2,16.4,69.0,69.0,12.4,13.4,277.0,271.5,1003.3,1003.7,434.33,341.35,1590.0,31.7826,6.8756,320.3,45.7,1474.23, NAN, NAN, NAN, NAN,,2024/04/13 19:49:48.679,2024-04-13 19:49:48.679000+00:00
2024/04/13, 19:50:48.679,40.393,-72.273,7.81,239.35,236.33,7.45,9.1,9.2,1001.3,1001.3,0.0,0.0,85.09,78.49,30,24,16.9,16.3,69.2,69.3,13.8,13.0,277.8,270.8,1003.4,1003.4,497.29,342.61,1783.25,31.7905,6.8936,321.1,46.4,1474.31, NAN, NAN, NAN, NAN,,2024/04/13 19:50:48.679,2024-04-13 19:50:48.679000+00:00
2024/04/13, 19:51:48.679,40.392,-72.275,8.11,236.56,229.78,7.08,9.1,9.2,1001.2,1001.5,0.0,0.0,85.09,78.49,29,25,16.2,16.8,69.2,69.3,13.4,13.9,274.8,269.7,1003.3,1003.6,478.13,342.8,1713.73,31.7985,6.8951,322.7,46.3,1474.326, NAN, NAN, NAN, NAN,,2024/04/13 19:51:48.679,2024-04-13 19:51:48.679000+00:00
2024/04/13, 19:52:48.679,40.391,-72.277,7.72,238.46,242.63,7.91,9.1,9.2,1001.3,1001.6,0.0,0.0,85.09,78.49,30,23,16.5,15.4,69.8,69.8,13.1,11.7,277.2,269.1,1003.4,1003.7,611.09,343.31,2166.52,31.794,6.9063,328.4,45.9,1474.365, NAN, NAN, NAN, NAN,,2024/04/13 19:52:48.679,2024-04-13 19:52:48.679000+00:00
2024/04/13, 19:53:48.679,40.389,-72.279,7.85,237.88,225.56,7.19,9.1,9.1,1001.3,1001.6,0.0,0.0,85.09,78.49,30,25,17.0,16.2,70.5,70.4,14.3,13.3,277.1,271.7,1003.4,1003.7,440.77,342.42,1529.5,31.8103,6.9113,334.0,45.9,1474.404, NAN, NAN, NAN, NAN,,2024/04/13 19:53:48.679,2024-04-13 19:53:48.679000+00:00
2024/04/13, 19:54:48.679,40.388,-72.282,7.78,238.49,233.09,7.77,9.1,9.1,1001.5,1001.8,0.0,0.0,85.09,78.49,31,26,16.5,16.3,70.1,70.1,13.4,13.0,279.1,273.1,1003.6,1003.9,413.13,342.96,1515.25,31.8136,6.9193,330.0,46.1,1474.44, NAN, NAN, NAN, NAN,,2024/04/13 19:54:48.679,2024-04-13 19:54:48.679000+00:00
2024/04/13, 19:55:48.679,40.387,-72.284,8.1,238.23,238.92,7.66,9.1,9.1,1001.6,1001.8,0.0,0.0,85.09,78.49,32,26,16.5,16.9,70.3,70.3,13.3,13.5,279.2,271.6,1003.7,1003.9,515.62,346.5,1852.27,31.8201,6.925,336.1,46.4,1474.47, NAN, NAN, NAN, NAN,,2024/04/13 19:55:48.679,2024-04-13 19:55:48.679000+00:00
2024/04/13, 19:56:48.679,40.386,-72.286,8.27,237.53,238.33,8.22,9.1,9.1,1001.7,1002.0,0.0,0.0,85.09,78.49,30,25,18.3,17.7,69.0,70.3,14.8,14.0,275.7,269.9,1003.8,1004.1,413.55,345.69,1384.16,31.8262,6.9319,343.2,46.5,1474.505, NAN, NAN, NAN, NAN,,2024/04/13 19:56:48.679,2024-04-13 19:56:48.679000+00:00
2024/04/13, 19:57:48.679,40.384,-72.289,8.33,238.69,244.33,8.3,9.1,9.2,1001.6,1001.6,0.0,0.0,85.09,78.49,31,25,16.4,15.5,69.4,69.4,12.9,11.7,279.1,272.1,1003.7,1003.7,351.91,345.61,1244.47,31.8299,6.925,355.3,46.4,1474.483, NAN, NAN, NAN, NAN,,2024/04/13 19:57:48.679,2024-04-13 19:57:48.679000+00:00
2024/04/13, 19:58:48.679,40.383,-72.291,8.53,238.3,231.91,8.72,9.1,9.2,1001.6,1001.6,0.0,0.0,85.09,78.49,29,23,19.0,18.0,69.9,69.8,15.6,14.3,276.9,270.2,1003.7,1003.7,341.36,347.86,1264.8,31.8345,6.9234,361.7,46.2,1474.482, NAN, NAN, NAN, NAN,,2024/04/13 19:58:48.679,2024-04-13 19:58:48.679000+00:00
2024/04/13, 19:59:48.680,40.382,-72.294,8.76,238.84,237.63,8.62,9.1,9.1,1001.2,1001.4,0.0,0.0,85.09,78.49,29,24,17.6,16.8,69.9,70.0,14.0,13.0,277.5,271.7,1003.3,1003.5,397.13,349.38,1534.71,31.8412,6.9158,367.5,46.5,1474.461, NAN, NAN, NAN, NAN,,2024/04/13 19:59:48.680,2024-04-13 19:59:48.680000+00:00
2024/04/13, 20:00:48.680,40.38,-72.296,8.72,238.3,236.86,8.48,9.1,9.1,1001.4,1001.4,0.0,0.0,85.09,78.49,28,22,18.9,17.4,69.8,69.9,15.3,13.5,274.4,267.7,1003.5,1003.5,430.64,348.45,1534.64,31.8441,6.9162,372.8,46.2,1474.466, NAN, NAN, NAN, NAN,,2024/04/13 20:00:48.680,2024-04-13 20:00:48.680000+00:00
2024/04/13, 20:01:48.680,40.379,-72.299,8.83,237.13,242.13,8.85,9.1,9.2,1001.4,1002.0,0.0,0.0,85.09,78.49,29,23,17.6,16.5,69.2,69.1,13.7,12.4,274.8,267.7,1003.5,1004.1,481.14,346.35,1935.57,31.8538,6.9114,379.0,46.2,1474.459, NAN, NAN, NAN, NAN,,2024/04/13 20:01:48.680,2024-04-13 20:01:48.680000+00:00
2024/04/13, 20:02:48.680,40.378,-72.301,8.66,237.87,241.3,8.77,9.1,9.2,1001.2,1001.7,0.0,0.0,85.09,78.49,27,22,18.4,17.7,69.6,69.7,14.4,13.5,272.4,266.4,1003.3,1003.8,596.81,345.69,2248.96,31.8571,6.9088,379.3,46.2,1474.453, NAN, NAN, NAN, NAN,,2024/04/13 20:02:48.680,2024-04-13 20:02:48.680000+00:00
2024/04/13, 20:03:48.680,40.376,-72.304,9.04,237.75,235.6,8.58,9.2,9.2,1001.3,1001.5,0.0,0.0,85.09,78.49,30,23,20.0,17.7,69.1,69.2,16.3,13.8,275.6,268.0,1003.4,1003.6,474.22,341.43,1639.18,31.8619,6.9013,365.1,46.0,1474.43, NAN, NAN, NAN, NAN,,2024/04/13 20:03:48.680,2024-04-13 20:03:48.680000+00:00
2024/04/13, 20:04:48.680,40.375,-72.307,8.77,239.29,229.65,7.96,9.2,9.2,1001.3,1001.6,0.0,0.0,85.09,78.49,27,22,18.8,16.9,68.4,68.4,15.6,13.5,274.8,269.9,1003.4,1003.7,305.01,335.05,1090.74,31.8645,6.8979,361.4,46.0,1474.42, NAN, NAN, NAN, NAN,,2024/04/13 20:04:48.680,2024-04-13 20:04:48.680000+00:00
2024/04/13, 20:05:48.680,40.373,-72.309,8.38,236.65,231.21,8.07,9.2,9.2,1001.3,1001.4,0.0,0.0,85.09,78.49,31,27,18.6,19.6,68.6,68.6,15.4,16.2,276.8,271.5,1003.4,1003.5,245.38,336.12,958.04,31.8609,6.9065,347.6,45.9,1474.449, NAN, NAN, NAN, NAN,,2024/04/13 20:05:48.680,2024-04-13 20:05:48.680000+00:00
2024/04/13, 20:06:48.680,40.372,-72.311,8.22,237.29,234.85,7.54,9.3,9.3,1001.5,1001.6,0.0,0.0,85.09,78.49,31,25,17.3,17.2,67.3,67.4,14.2,13.9,276.9,269.7,1003.6,1003.7,239.03,343.43,990.49,31.8558,6.9124,332.1,46.0,1474.466, NAN, NAN, NAN, NAN,,2024/04/13 20:06:48.680,2024-04-13 20:06:48.680000+00:00
2024/04/13, 20:07:48.680,40.371,-72.314,7.92,238.03,233.26,8.44,9.3,9.3,1001.7,1001.6,0.0,0.0,85.09,78.49,33,25,18.0,17.9,67.9,67.7,14.8,14.3,281.2,271.5,1003.8,1003.7,281.28,348.73,1153.59,31.8464,6.9201,329.4,45.9,1474.484, NAN, NAN, NAN, NAN,,2024/04/13 20:07:48.680,2024-04-13 20:07:48.680000+00:00
2024/04/13, 20:08:48.680,40.369,-72.316,8.22,238.19,238.04,8.62,9.3,9.3,1001.7,1001.6,0.0,0.0,85.09,78.49,31,25,18.7,18.7,67.9,67.8,15.4,15.0,279.0,271.7,1003.8,1003.7,375.3,350.0,1401.07,31.8435,6.913,333.1,46.2,1474.453, NAN, NAN, NAN, NAN,,2024/04/13 20:08:48.680,2024-04-13 20:08:48.680000+00:00
2024/04/13, 20:09:48.680,40.368,-72.318,8.36,239.03,232.23,8.42,9.3,9.3,1001.6,1001.7,0.0,0.0,85.09,78.49,32,26,18.0,18.1,67.9,67.9,14.8,14.6,281.1,273.8,1003.7,1003.8,350.07,344.96,1256.76,31.8377,6.9103,338.8,46.2,1474.435, NAN, NAN, NAN, NAN,,2024/04/13 20:09:48.680,2024-04-13 20:09:48.680000+00:00
2024/04/13, 20:10:48.680,40.366,-72.321,8.59,237.78,230.14,8.06,9.3,9.3,1001.3,1001.8,0.0,0.0,85.09,78.49,30,26,18.4,18.2,67.6,67.7,15.2,14.8,276.8,272.1,1003.4,1003.9,300.64,338.76,1204.76,31.835,6.9127,336.8,46.1,1474.441, NAN, NAN, NAN, NAN,,2024/04/13 20:10:48.680,2024-04-13 20:10:48.680000+00:00
2024/04/13, 20:11:48.680,40.365,-72.323,8.58,237.84,230.58,8.44,9.3,9.3,1001.4,1002.2,0.0,0.0,85.09,78.49,35,29,18.3,18.8,67.7,67.0,15.2,15.4,283.2,275.7,1003.5,1004.3,452.17,342.48,1789.62,31.8334,6.922,333.7,45.9,1474.475, NAN, NAN, NAN, NAN,,2024/04/13 20:11:48.680,2024-04-13 20:11:48.680000+00:00
2024/04/13, 20:12:48.680,40.364,-72.326,8.66,239.47,234.0,8.71,9.3,9.4,1001.3,1001.6,0.0,0.0,85.09,78.49,32,25,19.7,18.7,66.9,67.0,16.3,14.9,280.8,272.8,1003.4,1003.7,416.21,345.47,1589.4,31.8306,6.9327,342.8,45.8,1474.514, NAN, NAN, NAN, NAN,,2024/04/13 20:12:48.680,2024-04-13 20:12:48.680000+00:00
2024/04/13, 20:13:48.680,40.362,-72.328,8.59,239.44,245.45,8.19,9.4,9.4,1001.3,1002.0,0.0,0.0,85.09,78.49,35,32,20.7,21.3,66.2,66.3,17.4,17.8,282.2,278.4,1003.4,1004.1,331.94,344.7,1241.66,31.8281,6.9392,340.9,45.9,1474.536, NAN, NAN, NAN, NAN,,2024/04/13 20:13:48.680,2024-04-13 20:13:48.680000+00:00
2024/04/13, 20:14:48.680,40.361,-72.331,8.16,237.81,230.22,8.78,9.4,9.4,1002.0,1001.4,0.0,0.0,85.09,78.49,34,29,18.7,19.1,65.4,65.6,15.7,15.8,283.1,276.9,1004.1,1003.5,307.04,344.39,1191.84,31.8269,6.9449,339.5,45.9,1474.557, NAN, NAN, NAN, NAN,,2024/04/13 20:14:48.680,2024-04-13 20:14:48.680000+00:00
2024/04/13, 20:15:48.681,40.359,-72.333,8.09,236.96,224.83,8.19,9.4,9.4,1001.8,1001.2,0.0,0.0,85.09,78.49,36,31,18.8,19.9,65.6,65.9,16.1,16.9,283.6,277.1,1003.9,1003.3,339.14,346.46,1309.7,31.8212,6.944,334.5,46.1,1474.546, NAN, NAN, NAN, NAN,,2024/04/13 20:15:48.681,2024-04-13 20:15:48.681000+00:00
2024/04/13, 20:16:48.681,40.358,-72.335,8.19,238.5,236.1,7.74,9.5,9.5,1001.6,1001.8,0.0,0.0,85.09,78.49,34,29,17.4,18.5,65.6,65.6,14.2,15.1,281.2,274.5,1003.7,1003.9,378.45,347.33,1395.61,31.8163,6.9458,335.8,45.8,1474.547, NAN, NAN, NAN, NAN,,2024/04/13 20:16:48.681,2024-04-13 20:16:48.681000+00:00
2024/04/13, 20:17:48.681,40.357,-72.338,8.22,239.29,237.25,7.93,9.5,9.5,1001.0,1001.8,0.0,0.0,85.09,78.49,39,33,18.9,19.6,65.4,65.5,16.2,16.6,288.3,281.0,1003.1,1003.9,442.38,347.48,1583.57,31.8099,6.9497,339.8,45.6,1474.554, NAN, NAN, NAN, NAN,,2024/04/13 20:17:48.681,2024-04-13 20:17:48.681000+00:00
2024/04/13, 20:18:48.681,40.355,-72.34,8.21,239.06,232.44,7.97,9.5,9.5,1001.9,1001.7,0.0,0.0,85.09,78.49,35,30,18.9,19.2,65.2,65.3,16.0,16.1,283.7,277.7,1004.0,1003.8,512.07,346.29,1604.1,31.8031,6.9544,336.1,45.9,1474.564, NAN, NAN, NAN, NAN,,2024/04/13 20:18:48.681,2024-04-13 20:18:48.681000+00:00
2024/04/13, 20:19:48.681,40.354,-72.342,8.46,236.9,251.51,8.06,9.5,9.5,1001.6,1002.0,0.0,0.0,85.09,78.49,35,32,18.5,20.2,65.1,65.2,15.1,16.7,280.2,275.8,1003.7,1004.1,676.28,346.61,2637.47,31.7946,6.9545,334.4,46.2,1474.554, NAN, NAN, NAN, NAN,,2024/04/13 20:19:48.681,2024-04-13 20:19:48.681000+00:00
2024/04/13, 20:20:48.681,40.352,-72.345,8.43,238.29,229.22,8.31,9.5,9.5,1001.7,1001.6,0.0,0.0,85.09,78.49,38,34,21.4,22.3,65.1,65.1,18.6,19.2,285.5,280.5,1003.8,1003.7,672.94,345.86,1957.39,31.7865,6.9588,331.8,45.9,1474.56, NAN, NAN, NAN, NAN,,2024/04/13 20:20:48.681,2024-04-13 20:20:48.681000+00:00
2024/04/13, 20:21:48.681,40.351,-72.347,8.39,237.13,234.01,8.17,9.5,9.5,1001.4,1001.8,0.0,0.0,85.09,78.49,37,33,19.2,20.4,64.3,64.4,16.2,17.2,283.8,278.4,1003.5,1003.9,343.58,336.99,1317.68,31.7786,6.9637,329.7,45.9,1474.57, NAN, NAN, NAN, NAN,,2024/04/13 20:21:48.681,2024-04-13 20:21:48.681000+00:00
2024/04/13, 20:22:48.681,40.35,-72.349,7.74,238.21,238.65,7.6,9.5,9.6,1000.7,1001.8,0.0,0.0,85.09,78.49,37,33,18.5,20.3,64.7,64.6,15.9,17.4,284.9,279.3,1002.8,1003.9,274.18,335.23,1018.73,31.7665,6.9665,332.1,45.8,1474.565, NAN, NAN, NAN, NAN,,2024/04/13 20:22:48.681,2024-04-13 20:22:48.681000+00:00
2024/04/13, 20:23:48.681,40.348,-72.352,7.56,238.17,224.35,7.9,9.5,9.5,1001.3,1002.1,0.0,0.0,85.09,78.49,38,33,17.8,19.9,65.5,65.5,15.5,17.3,287.7,280.7,1003.4,1004.2,260.11,341.37,965.62,31.7573,6.9664,327.3,45.5,1474.554, NAN, NAN, NAN, NAN,,2024/04/13 20:23:48.681,2024-04-13 20:23:48.681000+00:00
2024/04/13, 20:24:48.681,40.347,-72.354,7.74,239.48,229.38,8.28,9.5,9.5,1001.6,1002.1,0.0,0.0,85.09,78.49,35,27,19.4,20.0,65.0,65.1,16.6,16.7,284.7,275.1,1003.7,1004.2,253.8,345.66,933.59,31.7432,6.9669,333.7,45.7,1474.538, NAN, NAN, NAN, NAN,,2024/04/13 20:24:48.681,2024-04-13 20:24:48.681000+00:00
2024/04/13, 20:25:48.681,40.345,-72.356,7.99,239.59,233.43,8.52,9.5,9.5,1001.5,1001.9,0.0,0.0,85.09,78.49,35,29,18.3,19.2,64.9,65.0,15.4,15.9,285.7,278.1,1003.6,1004.0,241.3,347.87,930.47,31.7364,6.9692,348.3,45.7,1474.538, NAN, NAN, NAN, NAN,,2024/04/13 20:25:48.681,2024-04-13 20:25:48.681000+00:00
2024/04/13, 20:26:48.681,40.344,-72.358,8.0,239.95,239.81,7.33,9.5,9.5,1002.3,1001.8,0.0,0.0,85.09,78.49,37,31,17.8,17.8,65.6,65.6,15.4,15.1,287.1,280.2,1004.4,1003.9,243.31,349.94,956.6,31.7079,6.9801,370.2,45.5,1474.545, NAN, NAN, NAN, NAN,,2024/04/13 20:26:48.681,2024-04-13 20:26:48.681000+00:00
2024/04/13, 20:27:48.681,40.343,-72.36,7.82,236.26,234.8,8.54,9.5,9.5,1001.9,1002.0,0.0,0.0,85.09,78.49,34,29,17.3,18.3,65.9,65.9,14.1,14.8,281.4,274.6,1004.0,1004.1,260.88,349.85,1037.15,31.6952,6.9961,368.1,45.2,1474.592, NAN, NAN, NAN, NAN,,2024/04/13 20:27:48.681,2024-04-13 20:27:48.681000+00:00
2024/04/13, 20:28:48.681,40.341,-72.362,7.74,237.17,232.83,7.05,9.4,9.4,1001.8,1001.8,0.0,0.0,85.09,78.49,36,30,16.6,17.4,66.0,66.1,14.1,14.6,283.1,275.6,1003.9,1003.9,265.81,349.89,1158.24,31.6816,7.0146,367.5,45.2,1474.647, NAN, NAN, NAN, NAN,,2024/04/13 20:28:48.681,2024-04-13 20:28:48.681000+00:00
2024/04/13, 20:29:48.681,40.34,-72.364,7.58,238.97,228.1,8.12,9.4,9.5,1001.8,1001.6,0.0,0.0,85.09,78.49,34,29,18.8,17.8,66.2,66.3,16.1,14.9,283.5,278.4,1003.9,1003.7,293.18,350.26,1242.7,31.6685,7.0355,370.2,45.9,1474.712, NAN, NAN, NAN, NAN,,2024/04/13 20:29:48.681,2024-04-13 20:29:48.681000+00:00
2024/04/13, 20:30:48.681,40.339,-72.367,7.97,235.38,228.17,8.68,9.4,9.5,1001.8,1002.0,0.0,0.0,85.09,78.49,31,28,18.9,18.8,66.4,66.5,15.5,15.2,276.0,272.4,1003.9,1004.1,611.07,351.37,2053.91,31.6568,7.0532,363.6,46.2,1474.767, NAN, NAN, NAN, NAN,,2024/04/13 20:30:48.681,2024-04-13 20:30:48.681000+00:00
2024/04/13, 20:31:48.682,40.337,-72.369,8.19,237.75,222.69,8.24,9.4,9.4,1001.2,1002.1,0.0,0.0,85.09,78.49,32,28,20.1,20.8,66.9,67.0,17.1,17.6,279.0,274.0,1003.3,1004.2,341.3,344.23,1363.77,31.6492,7.075,356.3,46.2,1474.842, NAN, NAN, NAN, NAN,,2024/04/13 20:31:48.682,2024-04-13 20:31:48.682000+00:00
2024/04/13, 20:32:48.682,40.336,-72.372,8.55,238.58,242.02,8.2,9.5,9.5,1002.1,1002.0,0.0,0.0,85.09,78.49,33,28,18.7,19.1,66.3,66.2,15.3,15.5,280.2,273.9,1004.2,1004.1,510.03,343.38,2159.52,31.6434,7.0951,356.6,46.3,1474.913, NAN, NAN, NAN, NAN,,2024/04/13 20:32:48.682,2024-04-13 20:32:48.682000+00:00
2024/04/13, 20:33:48.682,40.334,-72.374,8.24,239.16,228.54,7.71,9.5,9.5,1002.2,1001.9,0.0,0.0,85.09,78.49,32,26,17.8,17.7,66.5,67.2,14.7,14.4,280.0,272.9,1004.3,1004.0,556.84,343.02,2151.91,31.6328,7.1164,348.9,46.0,1474.983, NAN, NAN, NAN, NAN,,2024/04/13 20:33:48.682,2024-04-13 20:33:48.682000+00:00
2024/04/13, 20:34:48.682,40.333,-72.377,8.09,240.26,231.85,7.38,9.5,9.5,1002.3,1002.0,0.0,0.0,85.09,78.49,34,30,17.1,18.5,67.3,67.4,14.6,15.8,284.6,279.1,1004.4,1004.1,502.91,339.13,2009.46,31.6308,7.1476,348.6,45.9,1475.102, NAN, NAN, NAN, NAN,,2024/04/13 20:34:48.682,2024-04-13 20:34:48.682000+00:00
2024/04/13, 20:35:48.682,40.331,-72.379,7.67,236.14,220.05,7.63,9.5,9.5,1002.2,1002.5,0.0,0.0,85.09,78.49,34,29,19.4,19.9,67.7,67.7,17.0,17.2,280.0,274.1,1004.3,1004.6,500.35,336.32,2016.8,31.6211,7.173,337.4,46.1,1475.189, NAN, NAN, NAN, NAN,,2024/04/13 20:35:48.682,2024-04-13 20:35:48.682000+00:00
2024/04/13, 20:36:48.682,40.33,-72.381,7.41,238.87,233.59,8.15,9.5,9.5,1002.0,1001.6,0.0,0.0,85.09,78.49,35,29,17.9,18.9,66.8,66.9,15.0,15.6,284.3,276.6,1004.1,1003.7,466.89,334.57,1961.91,31.6212,7.1939,329.7,45.9,1475.27, NAN, NAN, NAN, NAN,,2024/04/13 20:36:48.682,2024-04-13 20:36:48.682000+00:00
2024/04/13, 20:37:48.682,40.329,-72.383,7.66,237.53,228.93,7.57,9.5,9.5,1001.9,1002.2,0.0,0.0,85.09,78.49,34,27,15.8,18.1,67.4,66.9,13.0,14.9,282.4,272.5,1004.0,1004.3,476.18,333.53,1985.96,31.611,7.2001,325.7,46.2,1475.281, NAN, NAN, NAN, NAN,,2024/04/13 20:37:48.682,2024-04-13 20:37:48.682000+00:00
2024/04/13, 20:38:48.682,40.327,-72.385,7.45,236.32,238.79,7.37,9.5,9.5,1002.1,1002.6,0.0,0.0,85.09,78.49,36,32,18.6,19.6,67.4,67.7,15.6,16.5,280.3,275.1,1004.2,1004.7,433.65,331.3,1865.34,31.6023,7.2133,326.0,46.0,1475.322, NAN, NAN, NAN, NAN,,2024/04/13 20:38:48.682,2024-04-13 20:38:48.682000+00:00
2024/04/13, 20:39:48.682,40.326,-72.387,7.72,237.14,229.48,8.09,9.5,9.5,1001.5,1002.4,0.0,0.0,85.09,78.49,34,30,17.2,18.0,67.2,67.3,14.5,15.1,282.7,277.5,1003.6,1004.5,428.61,329.01,1869.44,31.5965,7.2268,323.3,45.8,1475.367, NAN, NAN, NAN, NAN,,2024/04/13 20:39:48.682,2024-04-13 20:39:48.682000+00:00
2024/04/13, 20:40:48.682,40.325,-72.389,7.73,240.28,232.07,7.04,9.5,9.5,1002.2,1002.2,0.0,0.0,85.09,78.49,34,30,16.6,18.4,67.5,67.8,14.0,15.6,283.9,278.2,1004.3,1004.3,418.62,327.98,1843.94,31.5985,7.2374,322.4,45.4,1475.411, NAN, NAN, NAN, NAN,,2024/04/13 20:40:48.682,2024-04-13 20:40:48.682000+00:00
2024/04/13, 20:41:48.682,40.323,-72.391,6.26,238.17,225.68,6.03,9.5,9.5,1002.4,1002.3,0.0,0.0,85.09,78.49,33,29,17.7,19.1,67.2,67.4,15.6,16.8,278.9,273.8,1004.5,1004.4,389.87,327.41,1720.16,31.6046,7.236,327.3,45.9,1475.413, NAN, NAN, NAN, NAN,,2024/04/13 20:41:48.682,2024-04-13 20:41:48.682000+00:00
2024/04/13, 20:42:48.682,40.322,-72.392,5.29,233.34,207.14,4.54,9.5,9.5,1001.6,1002.3,0.0,0.0,85.09,78.49,40,36,18.2,20.3,65.8,66.1,17.4,19.3,280.4,275.5,1003.7,1004.4,412.41,327.94,1733.95,31.6079,7.2389,332.1,46.1,1475.428, NAN, NAN, NAN, NAN,,2024/04/13 20:42:48.682,2024-04-13 20:42:48.682000+00:00
2024/04/13, 20:43:48.682,40.322,-72.393,3.64,235.44,214.54,3.68,9.6,9.6,1002.4,1002.5,0.0,0.0,85.09,78.49,36,33,18.3,19.1,66.5,66.4,17.3,18.0,276.5,273.1,1004.5,1004.6,356.76,327.57,1576.34,31.6136,7.252,334.8,46.1,1475.486, NAN, NAN, NAN, NAN,,2024/04/13 20:43:48.682,2024-04-13 20:43:48.682000+00:00
2024/04/13, 20:44:48.682,40.321,-72.394,1.26,235.81,180.02,2.7,9.5,9.5,1002.5,1002.1,0.0,0.0,85.09,78.49,39,35,15.0,16.2,66.0,66.0,14.8,15.9,280.1,275.6,1004.6,1004.2,347.12,327.08,1515.45,31.6223,7.2663,345.6,46.1,1475.553, NAN, NAN, NAN, NAN,,2024/04/13 20:44:48.682,2024-04-13 20:44:48.682000+00:00
2024/04/13, 20:45:48.682,40.32,-72.394,1.48,235.63,201.53,3.13,9.5,9.5,1002.0,1002.5,0.0,0.0,85.09,78.49,42,37,15.7,17.1,67.5,67.4,15.5,16.8,283.5,278.0,1004.1,1004.6,359.14,328.06,1560.43,31.6145,7.2862,347.2,46.1,1475.62, NAN, NAN, NAN, NAN,,2024/04/13 20:45:48.682,2024-04-13 20:45:48.682000+00:00
2024/04/13, 20:46:48.683,40.319,-72.395,1.77,236.88,218.02,2.91,9.4,9.5,1002.2,1002.7,0.0,0.0,85.09,78.49,37,33,15.8,17.5,67.6,67.7,15.1,16.7,278.8,274.2,1004.3,1004.8,341.38,328.38,1542.48,31.6086,7.273,355.3,46.2,1475.561, NAN, NAN, NAN, NAN,,2024/04/13 20:46:48.683,2024-04-13 20:46:48.683000+00:00
2024/04/13, 20:47:48.683,40.319,-72.395,1.7,239.81,220.05,3.27,9.4,9.4,1002.0,1002.5,0.0,0.0,85.09,78.49,38,33,15.3,17.2,67.7,67.6,14.8,16.6,284.0,278.1,1004.1,1004.6,313.04,329.15,1380.71,31.5955,7.2674,364.4,46.2,1475.523, NAN, NAN, NAN, NAN,,2024/04/13 20:47:48.683,2024-04-13 20:47:48.683000+00:00
2024/04/13, 20:48:48.683,40.318,-72.395,1.19,234.9,228.16,2.67,9.4,9.4,1002.5,1002.5,0.0,0.0,85.09,78.49,42,37,14.7,16.8,67.5,67.6,14.0,16.0,281.7,275.9,1004.6,1004.6,281.37,330.24,1220.29,31.5963,7.2613,366.7,45.9,1475.501, NAN, NAN, NAN, NAN,,2024/04/13 20:48:48.683,2024-04-13 20:48:48.683000+00:00
2024/04/13, 20:49:48.683,40.317,-72.396,1.12,237.28,256.52,2.57,9.4,9.4,1002.3,1002.5,0.0,0.0,85.09,78.49,44,37,15.6,17.5,68.1,68.3,14.9,16.7,285.5,277.8,1004.4,1004.6,257.25,331.73,1113.33,31.6118,7.2576,370.2,46.2,1475.506, NAN, NAN, NAN, NAN,,2024/04/13 20:49:48.683,2024-04-13 20:49:48.683000+00:00
2024/04/13, 20:50:48.683,40.317,-72.396,1.62,238.02,213.93,3.05,9.4,9.4,1002.3,1002.8,0.0,0.0,85.09,78.49,38,35,15.7,17.4,68.6,68.5,14.8,16.4,280.9,277.2,1004.4,1004.9,253.31,332.37,1109.36,31.6183,7.2567,378.4,45.8,1475.51, NAN, NAN, NAN, NAN,,2024/04/13 20:50:48.683,2024-04-13 20:50:48.683000+00:00
2024/04/13, 20:51:48.683,40.316,-72.397,2.5,233.14,201.71,2.33,9.3,9.4,1002.3,1002.9,0.0,0.0,85.09,78.49,38,34,14.6,16.2,68.3,68.3,14.2,15.8,275.7,271.1,1004.4,1005.0,248.48,333.24,1079.82,31.6211,7.2575,381.7,45.5,1475.517, NAN, NAN, NAN, NAN,,2024/04/13 20:51:48.683,2024-04-13 20:51:48.683000+00:00
2024/04/13, 20:52:48.683,40.315,-72.397,2.2,236.05,211.43,3.32,9.3,9.4,1002.0,1002.8,0.0,0.0,85.09,78.49,42,37,14.7,15.9,68.9,68.9,14.1,15.2,284.5,278.8,1004.1,1004.9,241.45,333.78,1046.25,31.6211,7.2657,388.1,45.5,1475.549, NAN, NAN, NAN, NAN,,2024/04/13 20:52:48.683,2024-04-13 20:52:48.683000+00:00
2024/04/13, 20:53:48.683,40.314,-72.398,2.38,238.96,229.99,5.0,9.3,9.3,1002.4,1002.8,0.0,0.0,85.09,78.49,38,34,16.9,18.2,69.3,69.5,15.8,16.9,285.0,280.2,1004.5,1004.9,223.9,334.67,976.12,31.6241,7.2751,392.8,45.7,1475.589, NAN, NAN, NAN, NAN,,2024/04/13 20:53:48.683,2024-04-13 20:53:48.683000+00:00
2024/04/13, 20:54:48.683,40.313,-72.4,3.79,240.37,227.42,6.22,9.3,9.3,1002.3,1002.8,0.0,0.0,85.09,78.49,37,32,17.2,17.7,68.9,69.4,15.1,15.4,286.0,280.1,1004.4,1004.9,219.82,334.16,958.76,31.6185,7.2817,402.2,45.5,1475.608, NAN, NAN, NAN, NAN,,2024/04/13 20:54:48.683,2024-04-13 20:54:48.683000+00:00
2024/04/13, 20:55:48.683,40.312,-72.402,4.24,239.75,240.2,7.95,9.3,9.3,1001.9,1002.8,0.0,0.0,85.09,78.49,37,32,16.5,17.8,69.1,69.2,13.5,14.6,287.5,280.6,1004.0,1004.9,223.6,334.14,984.24,31.6139,7.2881,390.8,45.8,1475.627, NAN, NAN, NAN, NAN,,2024/04/13 20:55:48.683,2024-04-13 20:55:48.683000+00:00
2024/04/13, 20:56:48.683,40.311,-72.404,5.2,239.09,236.52,8.36,9.3,9.3,1002.1,1002.6,0.0,0.0,85.09,78.49,38,32,17.0,19.2,69.1,69.1,14.0,15.8,288.5,279.9,1004.2,1004.7,208.04,334.02,915.25,31.6102,7.2968,381.4,45.8,1475.656, NAN, NAN, NAN, NAN,,2024/04/13 20:56:48.683,2024-04-13 20:56:48.683000+00:00
2024/04/13, 20:57:48.683,40.309,-72.406,6.01,237.37,233.6,9.07,9.2,9.3,1002.4,1002.6,0.0,0.0,85.09,78.49,35,31,17.1,18.5,69.4,69.5,13.9,15.0,285.0,279.0,1004.5,1004.7,199.91,334.67,874.64,31.6048,7.3069,385.7,45.7,1475.688, NAN, NAN, NAN, NAN,,2024/04/13 20:57:48.683,2024-04-13 20:57:48.683000+00:00
2024/04/13, 20:58:48.683,40.308,-72.409,6.55,237.5,237.01,9.13,9.2,9.3,1002.7,1002.6,0.0,0.0,85.09,78.49,38,33,17.6,18.8,69.3,69.3,14.5,15.4,288.2,281.3,1004.8,1004.7,192.99,335.94,841.12,31.6009,7.3194,390.2,45.9,1475.732, NAN, NAN, NAN, NAN,,2024/04/13 20:58:48.683,2024-04-13 20:58:48.683000+00:00
2024/04/13, 20:59:48.683,40.306,-72.411,7.17,239.59,239.78,9.36,9.2,9.3,1002.7,1002.5,0.0,0.0,85.09,78.49,36,32,17.1,18.7,69.3,69.1,13.7,15.0,288.2,282.1,1004.8,1004.6,187.9,337.37,814.54,31.5977,7.3311,388.8,45.9,1475.773, NAN, NAN, NAN, NAN,,2024/04/13 20:59:48.683,2024-04-13 20:59:48.683000+00:00
2024/04/13, 21:00:48.683,40.305,-72.414,8.42,239.12,231.98,9.29,9.2,9.3,1002.5,1002.6,0.0,0.0,85.09,78.49,38,32,17.4,18.0,69.0,69.0,14.5,14.7,290.9,283.3,1004.6,1004.7,184.35,338.72,794.89,31.5934,7.3462,401.2,45.9,1475.826, NAN, NAN, NAN, NAN,,2024/04/13 21:00:48.683,2024-04-13 21:00:48.683000+00:00
2024/04/13, 21:01:48.683,40.303,-72.417,8.46,237.51,235.22,8.78,9.2,9.3,1002.6,1002.9,0.0,0.0,85.09,78.49,37,32,15.5,18.0,69.0,68.9,12.4,14.6,288.2,280.0,1004.7,1005.0,186.3,340.0,801.89,31.5907,7.3621,396.8,45.9,1475.884, NAN, NAN, NAN, NAN,,2024/04/13 21:01:48.683,2024-04-13 21:01:48.683000+00:00
2024/04/13, 21:02:48.684,40.302,-72.419,8.53,237.18,235.85,8.75,9.2,9.3,1002.7,1002.7,0.0,0.0,85.09,78.49,37,32,14.6,17.1,69.1,69.0,11.2,13.4,287.3,278.7,1004.8,1004.8,184.8,340.49,786.54,31.5902,7.3671,404.6,45.9,1475.903, NAN, NAN, NAN, NAN,,2024/04/13 21:02:48.684,2024-04-13 21:02:48.684000+00:00
2024/04/13, 21:03:48.684,40.3,-72.422,8.57,238.82,228.54,8.68,9.2,9.2,1002.3,1003.2,0.0,0.0,85.09,78.49,35,29,15.8,15.8,69.9,69.9,12.8,12.5,287.3,280.0,1004.4,1005.3,184.26,340.31,784.63,31.595,7.3695,395.8,45.9,1475.918, NAN, NAN, NAN, NAN,,2024/04/13 21:03:48.684,2024-04-13 21:03:48.684000+00:00
2024/04/13, 21:04:48.684,40.299,-72.424,8.67,238.53,232.81,9.09,9.2,9.2,1003.0,1002.4,0.0,0.0,85.09,78.49,36,30,14.8,16.0,70.1,70.2,11.9,12.6,290.3,281.6,1005.1,1004.5,179.25,339.98,759.83,31.594,7.3645,393.4,46.1,1475.898, NAN, NAN, NAN, NAN,,2024/04/13 21:04:48.684,2024-04-13 21:04:48.684000+00:00
2024/04/13, 21:05:48.684,40.297,-72.427,8.56,238.43,237.35,8.82,9.1,9.1,1002.9,1002.7,0.0,0.0,85.09,78.49,34,28,15.9,15.6,70.7,70.5,12.7,12.0,285.2,278.0,1005.0,1004.8,173.15,339.16,734.38,31.6015,7.3612,397.6,46.3,1475.894, NAN, NAN, NAN, NAN,,2024/04/13 21:05:48.684,2024-04-13 21:05:48.684000+00:00
2024/04/13, 21:06:48.684,40.296,-72.43,8.63,238.21,244.04,9.05,9.1,9.1,1002.8,1002.8,0.0,0.0,85.09,78.49,36,30,15.9,17.4,70.8,70.8,12.4,13.5,286.5,277.7,1004.9,1004.9,165.25,338.39,707.0,31.6094,7.364,392.4,46.2,1475.915, NAN, NAN, NAN, NAN,,2024/04/13 21:06:48.684,2024-04-13 21:06:48.684000+00:00
2024/04/13, 21:07:48.684,40.295,-72.432,8.56,237.32,239.62,7.75,9.1,9.1,1002.3,1003.1,0.0,0.0,85.09,78.49,37,31,14.2,16.8,70.3,70.5,11.4,13.6,287.1,277.5,1004.4,1005.2,156.96,337.57,671.44,31.6131,7.3689,394.5,46.1,1475.939, NAN, NAN, NAN, NAN,,2024/04/13 21:07:48.684,2024-04-13 21:07:48.684000+00:00
2024/04/13, 21:08:48.684,40.293,-72.434,8.31,239.81,228.11,8.61,9.1,9.1,1002.6,1003.4,0.0,0.0,85.09,78.49,33,28,14.5,16.5,70.4,70.3,11.6,13.3,287.7,279.6,1004.7,1005.5,151.48,336.54,659.61,31.6136,7.3871,394.8,46.2,1476.01, NAN, NAN, NAN, NAN,,2024/04/13 21:08:48.684,2024-04-13 21:08:48.684000+00:00
2024/04/13, 21:09:48.684,40.292,-72.437,8.59,238.24,235.45,8.58,9.1,9.1,1002.7,1002.8,0.0,0.0,85.09,78.49,33,27,16.3,16.8,70.6,70.6,13.0,13.2,282.8,275.0,1004.8,1004.9,153.87,335.85,682.74,31.6147,7.3736,394.8,46.5,1475.959, NAN, NAN, NAN, NAN,,2024/04/13 21:09:48.684,2024-04-13 21:09:48.684000+00:00
2024/04/13, 21:10:48.684,40.29,-72.439,8.86,236.81,230.58,9.0,9.1,9.1,1003.1,1002.8,0.0,0.0,85.09,78.49,33,29,17.5,17.9,70.8,70.8,14.3,14.5,282.0,276.9,1005.2,1004.9,144.38,334.5,656.08,31.6086,7.3589,390.2,46.5,1475.894, NAN, NAN, NAN, NAN,,2024/04/13 21:10:48.684,2024-04-13 21:10:48.684000+00:00
2024/04/13, 21:11:48.684,40.289,-72.442,8.88,238.36,230.68,8.0,9.1,9.1,1002.7,1003.0,0.0,0.0,85.09,78.49,32,27,15.3,15.9,70.8,70.8,12.3,12.6,282.2,275.5,1004.8,1005.1,135.21,333.64,611.3,31.606,7.343,394.8,46.4,1475.83, NAN, NAN, NAN, NAN,,2024/04/13 21:11:48.684,2024-04-13 21:11:48.684000+00:00
2024/04/13, 21:12:48.684,40.287,-72.444,8.4,239.21,242.84,8.46,9.1,9.1,1002.7,1003.0,0.0,0.0,85.09,78.49,35,30,16.3,16.8,70.9,70.9,13.3,13.5,286.6,280.2,1004.8,1005.1,128.81,333.79,577.46,31.6026,7.3309,406.7,46.2,1475.778, NAN, NAN, NAN, NAN,,2024/04/13 21:12:48.684,2024-04-13 21:12:48.684000+00:00
2024/04/13, 21:13:48.684,40.286,-72.447,8.46,239.58,240.27,8.27,9.1,9.1,1003.1,1003.0,0.0,0.0,85.09,78.49,35,31,16.3,17.2,70.9,70.9,13.2,13.9,285.9,280.3,1005.2,1005.1,124.24,334.54,556.28,31.602,7.3145,398.5,45.8,1475.714, NAN, NAN, NAN, NAN,,2024/04/13 21:13:48.684,2024-04-13 21:13:48.684000+00:00
2024/04/13, 21:14:48.684,40.285,-72.449,8.35,235.25,225.42,8.12,9.1,9.1,1002.7,1002.9,0.0,0.0,85.09,78.49,33,29,15.8,15.1,71.2,71.1,12.7,11.8,279.6,275.2,1004.8,1005.0,122.06,334.87,545.7,31.5956,7.3015,407.6,45.7,1475.656, NAN, NAN, NAN, NAN,,2024/04/13 21:14:48.684,2024-04-13 21:14:48.684000+00:00
2024/04/13, 21:15:48.684,40.283,-72.452,8.41,238.74,222.66,8.8,9.1,9.1,1002.6,1003.1,0.0,0.0,85.09,78.49,34,30,14.9,16.5,71.2,71.3,12.1,13.4,288.1,281.5,1004.7,1005.2,121.12,335.51,541.89,31.5777,7.2848,408.6,45.8,1475.569, NAN, NAN, NAN, NAN,,2024/04/13 21:15:48.684,2024-04-13 21:15:48.684000+00:00
2024/04/13, 21:16:48.684,40.282,-72.454,8.38,238.94,225.87,8.04,9.1,9.1,1002.8,1003.1,0.0,0.0,85.09,78.49,34,30,16.3,17.1,71.3,71.4,13.6,14.1,284.9,279.5,1004.9,1005.2,120.89,336.4,537.17,31.5726,7.2669,407.3,46.5,1475.493, NAN, NAN, NAN, NAN,,2024/04/13 21:16:48.684,2024-04-13 21:16:48.684000+00:00
2024/04/13, 21:17:48.685,40.28,-72.457,8.91,237.48,229.61,9.29,9.1,9.1,1002.7,1003.1,0.0,0.0,85.09,78.49,31,26,17.1,17.9,70.6,70.6,13.6,14.1,280.6,273.7,1004.8,1005.2,122.63,337.76,537.81,31.5604,7.2471,412.6,46.8,1475.401, NAN, NAN, NAN, NAN,,2024/04/13 21:17:48.685,2024-04-13 21:17:48.685000+00:00
2024/04/13, 21:18:48.685,40.279,-72.459,9.12,237.6,231.79,7.68,9.1,9.1,1002.9,1002.9,0.0,0.0,85.09,78.49,33,28,14.8,16.3,70.6,70.3,11.8,13.1,281.9,274.5,1005.0,1005.0,125.35,338.45,543.26,31.5501,7.2286,402.2,46.4,1475.316, NAN, NAN, NAN, NAN,,2024/04/13 21:18:48.685,2024-04-13 21:18:48.685000+00:00
2024/04/13, 21:19:48.685,40.277,-72.461,8.68,236.81,236.04,8.42,9.1,9.1,1002.6,1003.1,0.0,0.0,85.09,78.49,34,30,15.9,17.1,70.3,70.5,12.8,13.7,282.8,276.9,1004.7,1005.2,126.98,339.63,543.44,31.5385,7.2152,409.2,46.3,1475.25, NAN, NAN, NAN, NAN,,2024/04/13 21:19:48.685,2024-04-13 21:19:48.685000+00:00
2024/04/13, 21:20:48.685,40.276,-72.464,8.44,238.66,242.0,8.61,9.1,9.1,1002.6,1002.8,0.0,0.0,85.09,78.49,35,31,14.8,17.1,70.3,70.3,11.5,13.5,286.5,279.4,1004.7,1004.9,128.24,340.02,541.57,31.5215,7.2043,408.0,46.4,1475.186, NAN, NAN, NAN, NAN,,2024/04/13 21:20:48.685,2024-04-13 21:20:48.685000+00:00
2024/04/13, 21:21:48.685,40.275,-72.466,8.68,239.27,243.42,8.47,9.1,9.1,1003.2,1003.2,0.0,0.0,85.09,78.49,36,30,16.3,17.0,70.2,70.2,13.3,13.7,287.7,279.9,1005.3,1005.3,129.71,340.62,542.07,31.5091,7.1963,408.3,46.3,1475.14, NAN, NAN, NAN, NAN,,2024/04/13 21:21:48.685,2024-04-13 21:21:48.685000+00:00
2024/04/13, 21:22:48.685,40.273,-72.469,8.73,237.05,236.67,8.63,9.1,9.1,1003.0,1003.1,0.0,0.0,85.09,78.49,37,32,16.0,17.0,69.8,70.3,12.8,13.5,286.5,279.5,1005.1,1005.2,131.95,340.63,546.67,31.4931,7.19,408.0,46.4,1475.095, NAN, NAN, NAN, NAN,,2024/04/13 21:22:48.685,2024-04-13 21:22:48.685000+00:00
2024/04/13, 21:23:48.685,40.272,-72.472,9.03,238.61,235.63,9.51,9.2,9.2,1002.7,1003.4,0.0,0.0,85.09,78.49,34,30,16.5,17.8,69.5,69.5,13.0,14.0,285.9,279.7,1004.8,1005.5,134.51,341.33,551.61,31.4783,7.1856,420.0,46.6,1475.06, NAN, NAN, NAN, NAN,,2024/04/13 21:23:48.685,2024-04-13 21:23:48.685000+00:00
2024/04/13, 21:24:48.685,40.27,-72.474,9.22,236.45,231.28,9.41,9.2,9.2,1002.4,1003.3,0.0,0.0,85.09,78.49,35,29,15.3,16.7,69.3,69.3,11.9,12.9,286.0,277.0,1004.5,1005.4,137.36,341.26,558.89,31.4634,7.1832,413.4,46.4,1475.032, NAN, NAN, NAN, NAN,,2024/04/13 21:24:48.685,2024-04-13 21:24:48.685000+00:00
2024/04/13, 21:25:48.685,40.269,-72.477,9.11,246.48,239.92,8.93,9.2,9.2,1003.0,1003.0,0.0,0.0,85.09,78.49,32,24,16.6,16.4,69.3,69.4,13.2,12.5,290.4,280.5,1005.1,1005.1,141.83,341.55,567.89,31.4483,7.1826,419.3,46.6,1475.011, NAN, NAN, NAN, NAN,,2024/04/13 21:25:48.685,2024-04-13 21:25:48.685000+00:00
2024/04/13, 21:26:48.685,40.267,-72.48,8.78,236.23,229.38,9.02,9.2,9.2,1002.8,1003.2,0.0,0.0,85.09,78.49,35,33,17.6,18.9,69.2,69.3,14.5,15.6,283.6,280.3,1004.9,1005.3,144.65,342.93,572.46,31.4375,7.1814,418.7,46.4,1474.992, NAN, NAN, NAN, NAN,,2024/04/13 21:26:48.685,2024-04-13 21:26:48.685000+00:00
2024/04/13, 21:27:48.685,40.266,-72.482,8.98,231.9,225.37,9.42,9.3,9.3,1002.7,1003.3,0.0,0.0,85.09,78.49,40,34,16.8,19.1,68.2,68.2,14.0,15.8,286.6,277.6,1004.8,1005.4,148.3,343.31,579.88,31.4189,7.1802,418.0,46.6,1474.965, NAN, NAN, NAN, NAN,,2024/04/13 21:27:48.685,2024-04-13 21:27:48.685000+00:00
2024/04/13, 21:28:48.685,40.264,-72.485,9.14,229.3,230.44,8.63,9.3,9.3,1002.9,1003.4,0.0,0.0,85.09,78.49,39,34,17.4,18.4,68.2,68.3,14.2,14.9,279.6,272.8,1005.0,1005.5,152.67,343.54,589.34,31.4009,7.1811,418.0,46.6,1474.946, NAN, NAN, NAN, NAN,,2024/04/13 21:28:48.685,2024-04-13 21:28:48.685000+00:00
2024/04/13, 21:29:48.685,40.262,-72.487,8.96,231.26,226.53,8.32,9.3,9.3,1003.0,1003.4,0.0,0.0,85.09,78.49,40,36,15.6,17.9,68.0,68.1,13.0,15.0,285.0,278.3,1005.1,1005.5,156.61,343.2,598.36,31.3836,7.1844,418.7,46.6,1474.937, NAN, NAN, NAN, NAN,,2024/04/13 21:29:48.685,2024-04-13 21:29:48.685000+00:00
2024/04/13, 21:30:48.685,40.261,-72.489,8.87,230.0,226.78,8.36,9.3,9.3,1003.3,1003.5,0.0,0.0,85.09,78.49,39,35,17.0,18.8,68.3,68.4,14.3,15.8,281.2,275.2,1005.4,1005.6,160.57,343.97,606.4,31.3677,7.1909,412.0,46.3,1474.942, NAN, NAN, NAN, NAN,,2024/04/13 21:30:48.685,2024-04-13 21:30:48.685000+00:00
2024/04/13, 21:31:48.685,40.259,-72.491,9.02,229.94,221.3,8.61,9.3,9.3,1003.1,1003.5,0.0,0.0,85.09,78.49,40,35,16.4,18.7,68.3,68.2,13.7,15.7,283.5,275.8,1005.2,1005.6,165.07,343.69,618.19,31.3465,7.1946,412.0,46.4,1474.93, NAN, NAN, NAN, NAN,,2024/04/13 21:31:48.685,2024-04-13 21:31:48.685000+00:00
2024/04/13, 21:32:48.685,40.257,-72.494,9.35,231.86,231.6,9.54,9.3,9.3,1003.4,1003.3,0.0,0.0,85.09,78.49,38,35,16.4,19.3,68.7,68.8,13.0,15.6,283.6,277.5,1005.5,1005.4,167.24,343.88,622.46,31.3291,7.2015,404.3,46.4,1474.935, NAN, NAN, NAN, NAN,,2024/04/13 21:32:48.685,2024-04-13 21:32:48.685000+00:00
2024/04/13, 21:33:48.686,40.256,-72.496,9.28,231.17,226.19,9.04,9.3,9.3,1003.5,1003.5,0.0,0.0,85.09,78.49,39,34,15.7,16.4,68.6,68.5,12.9,13.3,285.3,278.6,1005.6,1005.6,168.73,343.99,624.75,31.3206,7.2124,405.2,46.4,1474.967, NAN, NAN, NAN, NAN,,2024/04/13 21:33:48.686,2024-04-13 21:33:48.686000+00:00
2024/04/13, 21:34:48.686,40.254,-72.499,9.19,229.9,228.51,9.03,9.3,9.3,1003.1,1003.5,0.0,0.0,85.09,78.49,41,37,14.8,17.9,69.0,69.2,11.8,14.5,286.3,278.3,1005.2,1005.6,169.86,344.44,624.84,31.3096,7.2242,406.2,46.5,1474.999, NAN, NAN, NAN, NAN,,2024/04/13 21:34:48.686,2024-04-13 21:34:48.686000+00:00
2024/04/13, 21:35:48.686,40.252,-72.501,9.25,230.78,228.91,9.1,9.3,9.3,1003.2,1003.7,0.0,0.0,85.09,78.49,40,34,16.2,17.9,68.6,68.7,12.9,14.2,284.1,275.2,1005.3,1005.8,170.3,345.01,624.69,31.3012,7.2406,396.1,46.4,1475.053, NAN, NAN, NAN, NAN,,2024/04/13 21:35:48.686,2024-04-13 21:35:48.686000+00:00
2024/04/13, 21:36:48.686,40.25,-72.503,9.32,230.16,225.4,9.17,9.3,9.3,1003.3,1003.1,0.0,0.0,85.09,78.49,42,36,16.5,18.7,68.6,68.7,13.9,15.6,287.0,278.0,1005.4,1005.2,168.85,344.71,614.86,31.295,7.257,392.4,46.3,1475.109, NAN, NAN, NAN, NAN,,2024/04/13 21:36:48.686,2024-04-13 21:36:48.686000+00:00
2024/04/13, 21:37:48.686,40.249,-72.506,9.32,230.12,228.5,9.21,9.3,9.3,1003.8,1003.4,0.0,0.0,85.09,78.49,42,36,16.2,17.9,68.6,68.7,13.2,14.4,286.4,277.6,1005.9,1005.5,165.03,344.42,601.63,31.2861,7.281,394.8,46.2,1475.191, NAN, NAN, NAN, NAN,,2024/04/13 21:37:48.686,2024-04-13 21:37:48.686000+00:00
2024/04/13, 21:38:48.686,40.247,-72.508,9.18,228.79,224.27,8.71,9.3,9.4,1003.3,1003.5,0.0,0.0,85.09,78.49,40,36,17.3,18.2,68.6,68.7,14.2,14.9,280.7,275.3,1005.4,1005.6,160.95,344.89,587.75,31.2828,7.3136,386.0,46.2,1475.313, NAN, NAN, NAN, NAN,,2024/04/13 21:38:48.686,2024-04-13 21:38:48.686000+00:00
2024/04/13, 21:39:48.686,40.245,-72.51,9.34,231.11,224.69,9.03,9.4,9.4,1003.5,1003.5,0.0,0.0,85.09,78.49,43,37,17.2,18.3,68.5,68.6,14.4,15.1,287.6,279.6,1005.6,1005.6,157.23,345.5,574.48,31.2784,7.3467,380.3,46.4,1475.436, NAN, NAN, NAN, NAN,,2024/04/13 21:39:48.686,2024-04-13 21:39:48.686000+00:00
2024/04/13, 21:40:48.686,40.243,-72.513,9.7,230.72,232.66,9.67,9.4,9.4,1003.6,1003.4,0.0,0.0,85.09,78.49,41,37,16.7,17.7,68.0,68.2,13.4,14.1,286.0,280.2,1005.7,1005.5,153.39,345.66,563.44,31.2787,7.3884,374.7,46.6,1475.598, NAN, NAN, NAN, NAN,,2024/04/13 21:40:48.686,2024-04-13 21:40:48.686000+00:00
2024/04/13, 21:41:48.686,40.241,-72.515,9.58,228.89,222.45,9.23,9.4,9.4,1003.2,1003.7,0.0,0.0,85.09,78.49,43,38,18.1,19.5,67.9,68.1,15.5,16.5,285.6,278.7,1005.3,1005.8,149.17,346.13,547.57,31.2864,7.4194,372.4,45.8,1475.727, NAN, NAN, NAN, NAN,,2024/04/13 21:41:48.686,2024-04-13 21:41:48.686000+00:00
2024/04/13, 21:42:48.686,40.24,-72.518,9.17,229.41,226.42,8.27,9.4,9.5,1003.5,1003.8,0.0,0.0,85.09,78.49,41,36,15.3,17.3,67.7,67.9,12.5,14.2,283.8,276.0,1005.6,1005.9,143.83,345.79,533.85,31.2942,7.4321,371.5,45.2,1475.786, NAN, NAN, NAN, NAN,,2024/04/13 21:42:48.686,2024-04-13 21:42:48.686000+00:00
2024/04/13, 21:43:48.686,40.238,-72.52,8.66,230.74,216.17,7.85,9.4,9.5,1003.2,1003.9,0.0,0.0,85.09,78.49,44,38,16.7,18.5,68.2,67.9,14.8,16.2,287.8,279.8,1005.3,1006.0,137.06,345.67,518.41,31.3071,7.4387,366.7,45.3,1475.828, NAN, NAN, NAN, NAN,,2024/04/13 21:43:48.686,2024-04-13 21:43:48.686000+00:00
2024/04/13, 21:44:48.686,40.237,-72.522,8.54,229.94,223.87,8.28,9.4,9.5,1004.0,1003.6,0.0,0.0,85.09,78.49,42,40,16.5,18.3,68.1,68.1,13.8,15.4,284.4,280.7,1006.1,1005.7,130.97,345.87,507.98,31.3144,7.4438,370.2,45.7,1475.857, NAN, NAN, NAN, NAN,,2024/04/13 21:44:48.686,2024-04-13 21:44:48.686000+00:00
2024/04/13, 21:45:48.686,40.235,-72.524,8.81,229.41,221.23,8.99,9.4,9.4,1003.5,1003.5,0.0,0.0,85.09,78.49,43,41,17.3,19.2,68.6,68.7,14.8,16.5,286.3,282.5,1005.6,1005.6,127.2,346.85,502.26,31.3151,7.4484,366.2,45.7,1475.875, NAN, NAN, NAN, NAN,,2024/04/13 21:45:48.686,2024-04-13 21:45:48.686000+00:00
2024/04/13, 21:46:48.686,40.233,-72.527,9.25,230.52,225.43,9.16,9.4,9.4,1003.0,1003.8,0.0,0.0,85.09,78.49,45,42,16.3,18.8,68.6,67.9,13.8,16.0,290.9,285.1,1005.1,1005.9,125.44,346.08,502.57,31.3103,7.4523,374.0,45.9,1475.884, NAN, NAN, NAN, NAN,,2024/04/13 21:46:48.686,2024-04-13 21:46:48.686000+00:00
2024/04/13, 21:47:48.686,40.231,-72.529,9.35,231.55,220.47,7.86,9.5,9.5,1003.5,1004.1,0.0,0.0,85.09,78.49,47,45,15.8,18.8,67.5,67.7,14.2,17.0,292.8,288.1,1005.6,1006.2,124.84,346.36,502.92,31.3004,7.455,374.0,46.1,1475.882, NAN, NAN, NAN, NAN,,2024/04/13 21:47:48.686,2024-04-13 21:47:48.686000+00:00
2024/04/13, 21:48:48.686,40.23,-72.531,8.54,230.95,236.3,8.48,9.5,9.5,1003.5,1003.5,0.0,0.0,85.09,78.49,46,41,18.1,19.4,67.4,67.6,15.4,16.4,288.7,282.0,1005.6,1005.6,124.76,345.86,507.49,31.2934,7.4594,380.3,46.1,1475.891, NAN, NAN, NAN, NAN,,2024/04/13 21:48:48.686,2024-04-13 21:48:48.686000+00:00
2024/04/13, 21:49:48.687,40.228,-72.533,8.81,231.51,227.55,8.58,9.5,9.5,1003.8,1003.7,0.0,0.0,85.09,78.49,45,42,16.6,19.4,67.4,67.5,14.1,16.6,290.1,284.4,1005.9,1005.8,124.59,345.57,509.02,31.2862,7.4623,372.9,46.1,1475.893, NAN, NAN, NAN, NAN,,2024/04/13 21:49:48.687,2024-04-13 21:49:48.687000+00:00
2024/04/13, 21:50:48.687,40.226,-72.536,8.89,229.87,221.45,8.6,9.5,9.5,1003.7,1003.4,0.0,0.0,85.09,78.49,46,42,16.4,17.9,67.4,67.6,14.1,15.3,290.2,284.3,1005.8,1005.5,125.87,345.05,511.53,31.2812,7.4646,375.6,46.4,1475.896, NAN, NAN, NAN, NAN,,2024/04/13 21:50:48.687,2024-04-13 21:50:48.687000+00:00
2024/04/13, 21:51:48.687,40.225,-72.538,8.97,230.74,219.23,8.52,9.5,9.5,1004.0,1003.4,0.0,0.0,85.09,78.49,46,44,17.3,18.8,67.5,67.4,15.0,16.3,290.0,286.6,1006.1,1005.5,129.82,345.28,518.36,31.2733,7.4669,379.3,46.4,1475.895, NAN, NAN, NAN, NAN,,2024/04/13 21:51:48.687,2024-04-13 21:51:48.687000+00:00
2024/04/13, 21:52:48.687,40.223,-72.54,8.77,229.86,226.08,8.56,9.5,9.5,1003.9,1003.8,0.0,0.0,85.09,78.49,47,42,16.9,19.3,67.4,67.4,14.5,16.5,290.4,282.8,1006.0,1005.9,133.78,344.88,522.91,31.2662,7.4678,371.6,46.2,1475.889, NAN, NAN, NAN, NAN,,2024/04/13 21:52:48.687,2024-04-13 21:52:48.687000+00:00
2024/04/13, 21:53:48.687,40.221,-72.542,8.81,230.87,233.07,9.01,9.5,9.6,1003.4,1003.4,0.0,0.0,85.09,78.49,48,43,17.6,18.8,67.3,67.0,14.9,15.7,292.1,285.4,1005.5,1005.5,136.16,344.54,523.67,31.2611,7.4663,373.6,46.2,1475.877, NAN, NAN, NAN, NAN,,2024/04/13 21:53:48.687,2024-04-13 21:53:48.687000+00:00
2024/04/13, 21:54:48.687,40.22,-72.545,9.08,231.08,229.24,9.04,9.6,9.6,1003.2,1004.1,0.0,0.0,85.09,78.49,47,42,17.8,19.2,66.9,67.0,15.5,16.5,292.0,285.2,1005.3,1006.2,138.01,344.15,525.55,31.2575,7.4626,368.9,46.5,1475.858, NAN, NAN, NAN, NAN,,2024/04/13 21:54:48.687,2024-04-13 21:54:48.687000+00:00
2024/04/13, 21:55:48.687,40.218,-72.547,9.19,232.34,237.38,8.59,9.6,9.6,1003.8,1003.9,0.0,0.0,85.09,78.49,44,40,16.0,17.9,67.3,67.2,13.3,14.9,290.1,283.7,1005.9,1006.0,138.35,343.47,522.88,31.2525,7.4574,372.8,46.5,1475.832, NAN, NAN, NAN, NAN,,2024/04/13 21:55:48.687,2024-04-13 21:55:48.687000+00:00
2024/04/13, 21:56:48.687,40.216,-72.55,9.08,231.6,230.64,9.18,9.5,9.5,1003.8,1004.1,0.0,0.0,85.09,78.49,45,40,17.4,18.8,67.9,67.9,14.6,15.6,290.3,283.3,1005.9,1006.2,138.51,343.48,522.46,31.2477,7.4543,364.0,46.4,1475.814, NAN, NAN, NAN, NAN,,2024/04/13 21:56:48.687,2024-04-13 21:56:48.687000+00:00
2024/04/13, 21:57:48.687,40.215,-72.552,9.46,230.42,230.54,9.25,9.5,9.5,1004.1,1003.7,0.0,0.0,85.09,78.49,46,43,16.3,18.1,68.1,67.9,13.4,15.0,291.1,285.9,1006.2,1005.8,138.88,343.17,521.82,31.2461,7.4497,368.8,46.4,1475.794, NAN, NAN, NAN, NAN,,2024/04/13 21:57:48.687,2024-04-13 21:57:48.687000+00:00
2024/04/13, 21:58:48.687,40.213,-72.555,9.44,231.43,235.77,9.32,9.5,9.5,1003.9,1004.3,0.0,0.0,85.09,78.49,46,42,16.4,18.4,67.6,68.0,13.4,15.1,291.9,285.3,1006.0,1006.4,138.7,343.31,518.63,31.2446,7.4471,358.0,46.3,1475.782, NAN, NAN, NAN, NAN,,2024/04/13 21:58:48.687,2024-04-13 21:58:48.687000+00:00
2024/04/13, 21:59:48.687,40.211,-72.557,9.11,230.27,229.06,8.91,9.5,9.5,1003.8,1004.0,0.0,0.0,85.09,78.49,46,42,16.0,18.0,68.0,67.9,13.3,15.0,290.9,284.4,1005.9,1006.1,136.52,342.74,513.42,31.2453,7.445,363.6,46.3,1475.775, NAN, NAN, NAN, NAN,,2024/04/13 21:59:48.687,2024-04-13 21:59:48.687000+00:00
2024/04/13, 22:00:48.687,40.21,-72.559,8.93,226.84,221.99,8.0,9.5,9.5,1004.1,1003.8,0.0,0.0,85.09,78.49,47,43,16.4,17.0,67.8,68.0,13.8,14.1,285.9,280.7,1006.2,1005.9,131.94,341.8,501.08,31.2441,7.4431,361.4,45.9,1475.766, NAN, NAN, NAN, NAN,,2024/04/13 22:00:48.687,2024-04-13 22:00:48.687000+00:00
2024/04/13, 22:01:48.687,40.208,-72.562,8.71,229.73,231.29,9.03,9.5,9.5,1003.8,1004.2,0.0,0.0,85.09,78.49,45,42,15.2,17.1,68.0,67.9,12.3,14.0,290.1,284.5,1005.9,1006.3,126.12,340.39,482.6,31.2449,7.4397,360.6,45.6,1475.754, NAN, NAN, NAN, NAN,,2024/04/13 22:01:48.687,2024-04-13 22:01:48.687000+00:00
2024/04/13, 22:02:48.687,40.206,-72.564,9.26,230.64,223.69,9.24,9.5,9.5,1004.1,1003.9,0.0,0.0,85.09,78.49,45,41,15.8,17.6,68.5,67.9,13.1,14.5,291.2,284.7,1006.2,1006.0,120.67,339.12,466.76,31.2446,7.4356,362.4,46.0,1475.738, NAN, NAN, NAN, NAN,,2024/04/13 22:02:48.687,2024-04-13 22:02:48.687000+00:00
2024/04/13, 22:03:48.687,40.205,-72.567,9.54,230.06,234.55,9.4,9.4,9.4,1004.1,1004.1,0.0,0.0,85.09,78.49,46,41,15.8,17.3,68.2,68.3,12.7,13.8,291.0,283.4,1006.2,1006.2,114.51,338.61,450.38,31.247,7.4323,364.8,46.2,1475.728, NAN, NAN, NAN, NAN,,2024/04/13 22:03:48.687,2024-04-13 22:03:48.687000+00:00
2024/04/13, 22:04:48.687,40.203,-72.569,9.59,230.97,229.84,9.09,9.5,9.5,1003.9,1004.0,0.0,0.0,85.09,78.49,45,41,15.1,16.9,68.0,68.1,12.4,13.9,292.0,285.3,1006.0,1006.1,108.35,338.42,434.51,31.2486,7.4294,354.4,46.3,1475.719, NAN, NAN, NAN, NAN,,2024/04/13 22:04:48.687,2024-04-13 22:04:48.687000+00:00
2024/04/13, 22:05:48.688,40.201,-72.572,9.09,229.27,226.01,9.59,9.4,9.5,1004.2,1004.4,0.0,0.0,85.09,78.49,45,41,15.4,17.1,68.5,68.5,12.5,13.9,290.9,284.2,1006.3,1006.5,105.03,338.51,424.36,31.2468,7.4247,367.0,45.9,1475.699, NAN, NAN, NAN, NAN,,2024/04/13 22:05:48.688,2024-04-13 22:05:48.688000+00:00
2024/04/13, 22:06:48.688,40.199,-72.574,9.09,231.84,227.18,8.13,9.4,9.4,1003.9,1004.1,0.0,0.0,85.09,78.49,44,40,14.1,15.9,68.5,68.9,11.6,13.1,290.9,284.2,1006.0,1006.2,102.68,338.84,414.49,31.2515,7.4182,361.7,45.8,1475.679, NAN, NAN, NAN, NAN,,2024/04/13 22:06:48.688,2024-04-13 22:06:48.688000+00:00
2024/04/13, 22:07:48.688,40.198,-72.576,8.88,231.96,232.99,9.32,9.4,9.4,1004.0,1004.1,0.0,0.0,85.09,78.49,45,40,15.9,16.9,69.1,69.4,13.0,13.7,292.3,285.3,1006.1,1006.2,98.73,340.26,404.5,31.2542,7.4114,365.4,46.0,1475.656, NAN, NAN, NAN, NAN,,2024/04/13 22:07:48.688,2024-04-13 22:07:48.688000+00:00
2024/04/13, 22:08:48.688,40.196,-72.579,8.97,227.77,230.44,9.25,9.4,9.4,1003.6,1004.3,0.0,0.0,85.09,78.49,46,42,15.2,16.9,68.9,69.1,12.4,13.7,289.8,283.2,1005.7,1006.4,95.15,340.1,396.76,31.2564,7.4051,356.9,45.7,1475.635, NAN, NAN, NAN, NAN,,2024/04/13 22:08:48.688,2024-04-13 22:08:48.688000+00:00
2024/04/13, 22:09:48.688,40.194,-72.581,9.18,229.29,224.61,9.18,9.4,9.4,1004.2,1003.9,0.0,0.0,85.09,78.49,46,43,14.4,17.5,68.9,68.8,11.9,14.6,292.8,285.8,1006.3,1006.0,92.34,341.41,388.52,31.2587,7.4003,352.9,45.9,1475.619, NAN, NAN, NAN, NAN,,2024/04/13 22:09:48.688,2024-04-13 22:09:48.688000+00:00
2024/04/13, 22:10:48.688,40.193,-72.584,9.19,229.43,228.78,9.15,9.4,9.4,1004.3,1003.9,0.0,0.0,85.09,78.49,46,41,15.9,17.1,68.6,68.5,13.1,13.9,290.5,283.3,1006.4,1006.0,90.73,341.75,385.81,31.2671,7.3958,355.3,45.7,1475.612, NAN, NAN, NAN, NAN,,2024/04/13 22:10:48.688,2024-04-13 22:10:48.688000+00:00
2024/04/13, 22:11:48.688,40.191,-72.586,9.23,228.09,236.19,9.53,9.4,9.4,1004.5,1004.1,0.0,0.0,85.09,78.49,46,40,15.5,16.7,69.1,69.1,12.6,13.4,290.4,281.9,1006.6,1006.2,90.61,342.02,395.29,31.2728,7.3928,345.6,45.9,1475.608, NAN, NAN, NAN, NAN,,2024/04/13 22:11:48.688,2024-04-13 22:11:48.688000+00:00
2024/04/13, 22:12:48.688,40.189,-72.589,9.31,227.3,238.06,9.01,9.4,9.4,1004.2,1004.3,0.0,0.0,85.09,78.49,45,40,14.9,16.6,69.3,69.2,11.8,13.2,287.3,279.4,1006.3,1006.4,89.67,342.68,395.75,31.2735,7.3923,343.2,45.7,1475.606, NAN, NAN, NAN, NAN,,2024/04/13 22:12:48.688,2024-04-13 22:12:48.688000+00:00
2024/04/13, 22:13:48.688,40.188,-72.591,8.98,227.42,223.15,9.36,9.4,9.4,1004.3,1004.4,0.0,0.0,85.09,78.49,47,41,14.8,16.5,69.3,69.4,12.5,13.6,292.2,283.2,1006.4,1006.5,87.1,342.77,386.67,31.2749,7.391,339.2,45.4,1475.603, NAN, NAN, NAN, NAN,,2024/04/13 22:13:48.688,2024-04-13 22:13:48.688000+00:00
2024/04/13, 22:14:48.688,40.186,-72.594,8.86,229.75,231.3,8.88,9.4,9.4,1004.1,1004.7,0.0,0.0,85.09,78.49,46,41,14.4,16.6,69.6,69.4,11.9,13.6,292.4,284.0,1006.2,1006.8,84.11,343.11,369.06,31.2745,7.3889,337.4,45.6,1475.595, NAN, NAN, NAN, NAN,,2024/04/13 22:14:48.688,2024-04-13 22:14:48.688000+00:00
2024/04/13, 22:15:48.688,40.184,-72.596,8.87,227.72,235.1,8.83,9.4,9.4,1004.4,1004.2,0.0,0.0,85.09,78.49,45,42,14.7,16.7,69.3,69.4,12.0,13.7,288.4,282.7,1006.5,1006.3,83.37,343.53,367.21,31.2712,7.3887,330.0,45.7,1475.59, NAN, NAN, NAN, NAN,,2024/04/13 22:15:48.688,2024-04-13 22:15:48.688000+00:00
2024/04/13, 22:16:48.688,40.183,-72.598,8.55,226.28,222.85,8.38,9.4,9.4,1004.1,1004.1,0.0,0.0,85.09,78.49,47,42,14.6,16.7,69.2,69.2,12.2,13.9,288.6,280.5,1006.2,1006.2,82.28,344.15,355.6,31.2643,7.3871,334.5,45.7,1475.575, NAN, NAN, NAN, NAN,,2024/04/13 22:16:48.688,2024-04-13 22:16:48.688000+00:00
2024/04/13, 22:17:48.688,40.181,-72.6,8.71,227.05,225.62,9.14,9.4,9.4,1004.4,1004.1,0.0,0.0,85.09,78.49,47,43,14.2,16.3,68.9,68.9,11.8,13.5,292.0,284.7,1006.5,1006.2,82.3,344.62,354.52,31.2567,7.3861,323.0,45.5,1475.562, NAN, NAN, NAN, NAN,,2024/04/13 22:17:48.688,2024-04-13 22:17:48.688000+00:00
2024/04/13, 22:18:48.688,40.179,-72.603,8.89,228.5,233.43,8.83,9.4,9.4,1004.2,1004.4,0.0,0.0,85.09,78.49,45,40,14.6,16.4,69.4,69.4,11.4,12.9,287.9,279.8,1006.3,1006.5,84.57,344.88,360.93,31.2576,7.3853,325.1,45.5,1475.56, NAN, NAN, NAN, NAN,,2024/04/13 22:18:48.688,2024-04-13 22:18:48.688000+00:00
2024/04/13, 22:19:48.688,40.177,-72.605,9.11,228.55,232.58,9.29,9.4,9.4,1004.3,1004.3,0.0,0.0,85.09,78.49,44,40,13.9,16.6,69.7,69.7,10.9,13.2,289.9,281.6,1006.4,1006.4,89.33,344.62,390.13,31.2427,7.3823,319.6,45.5,1475.529, NAN, NAN, NAN, NAN,,2024/04/13 22:19:48.688,2024-04-13 22:19:48.688000+00:00
2024/04/13, 22:20:48.689,40.176,-72.608,9.26,229.76,232.17,8.4,9.4,9.4,1004.1,1004.5,0.0,0.0,85.09,78.49,46,41,14.0,15.9,69.7,69.7,11.4,13.0,291.5,283.4,1006.2,1006.6,91.54,344.56,392.28,31.2354,7.3826,323.3,45.5,1475.521, NAN, NAN, NAN, NAN,,2024/04/13 22:20:48.689,2024-04-13 22:20:48.689000+00:00
2024/04/13, 22:21:48.689,40.174,-72.61,9.07,226.78,224.92,8.68,9.3,9.4,1004.1,1004.4,0.0,0.0,85.09,78.49,45,40,13.6,16.0,70.2,70.1,11.0,13.0,288.8,279.9,1006.2,1006.5,91.39,344.74,378.62,31.2264,7.3843,329.7,45.4,1475.517, NAN, NAN, NAN, NAN,,2024/04/13 22:21:48.689,2024-04-13 22:21:48.689000+00:00
2024/04/13, 22:22:48.689,40.172,-72.612,8.92,229.0,230.5,8.73,9.3,9.3,1004.3,1004.7,0.0,0.0,85.09,78.49,45,40,14.1,16.1,70.0,70.0,11.6,13.2,290.7,282.4,1006.4,1006.8,89.11,344.31,358.89,31.2139,7.3851,317.9,45.7,1475.504, NAN, NAN, NAN, NAN,,2024/04/13 22:22:48.689,2024-04-13 22:22:48.689000+00:00
2024/04/13, 22:23:48.689,40.171,-72.614,8.61,227.75,222.06,8.58,9.3,9.3,1004.3,1004.8,0.0,0.0,85.09,78.49,49,43,13.2,15.2,70.3,70.2,10.9,12.4,294.8,285.0,1006.4,1006.9,85.24,344.0,335.2,31.2077,7.387,316.6,45.9,1475.504, NAN, NAN, NAN, NAN,,2024/04/13 22:23:48.689,2024-04-13 22:23:48.689000+00:00
2024/04/13, 22:24:48.689,40.169,-72.617,8.52,232.74,229.91,8.42,9.3,9.3,1004.4,1004.5,0.0,0.0,85.09,78.49,45,40,13.6,15.5,70.6,70.5,11.3,12.8,294.8,286.6,1006.5,1006.6,80.12,344.37,319.09,31.2015,7.3877,317.9,45.7,1475.499, NAN, NAN, NAN, NAN,,2024/04/13 22:24:48.689,2024-04-13 22:24:48.689000+00:00
2024/04/13, 22:25:48.689,40.167,-72.619,8.89,228.83,223.11,9.59,9.3,9.3,1004.7,1004.6,0.0,0.0,85.09,78.49,44,40,13.8,15.5,70.7,70.6,11.2,12.5,292.3,285.1,1006.8,1006.7,75.2,344.54,305.85,31.1897,7.3891,310.8,45.3,1475.49, NAN, NAN, NAN, NAN,,2024/04/13 22:25:48.689,2024-04-13 22:25:48.689000+00:00
2024/04/13, 22:26:48.689,40.166,-72.621,8.94,228.3,227.44,9.3,9.3,9.3,1004.8,1004.7,0.0,0.0,85.09,78.49,45,40,13.8,15.7,70.7,70.7,11.2,12.6,291.8,283.2,1006.9,1006.8,70.73,344.93,311.32,31.1809,7.3916,317.9,45.2,1475.489, NAN, NAN, NAN, NAN,,2024/04/13 22:26:48.689,2024-04-13 22:26:48.689000+00:00
2024/04/13, 22:27:48.689,40.164,-72.624,9.03,226.36,231.84,9.04,9.3,9.3,1004.3,1004.9,0.0,0.0,85.09,78.49,47,41,14.1,16.0,70.6,70.4,11.1,12.6,289.8,280.1,1006.4,1007.0,65.46,344.91,308.64,31.1763,7.3936,316.3,45.5,1475.491, NAN, NAN, NAN, NAN,,2024/04/13 22:27:48.689,2024-04-13 22:27:48.689000+00:00
2024/04/13, 22:28:48.689,40.162,-72.626,8.39,229.94,227.05,8.48,9.3,9.3,1004.2,1004.4,0.0,0.0,85.09,78.49,44,40,13.6,15.7,70.6,70.5,10.7,12.5,289.3,282.0,1006.3,1006.5,58.58,344.84,259.6,31.1688,7.3979,312.9,45.4,1475.498, NAN, NAN, NAN, NAN,,2024/04/13 22:28:48.689,2024-04-13 22:28:48.689000+00:00
2024/04/13, 22:29:48.689,40.161,-72.628,9.04,229.81,224.04,9.25,9.3,9.3,1004.4,1004.7,0.0,0.0,85.09,78.49,44,40,14.1,16.0,70.1,70.1,11.4,12.9,291.6,284.3,1006.5,1006.8,55.85,345.11,244.09,31.1628,7.4001,312.3,45.5,1475.499, NAN, NAN, NAN, NAN,,2024/04/13 22:29:48.689,2024-04-13 22:29:48.689000+00:00
2024/04/13, 22:30:48.689,40.159,-72.631,9.47,228.75,227.63,9.27,9.3,9.3,1004.4,1004.7,0.0,0.0,85.09,78.49,44,40,14.0,15.9,69.9,70.0,11.2,12.7,290.4,283.1,1006.5,1006.8,54.83,345.13,234.6,31.1539,7.4022,315.6,45.5,1475.496, NAN, NAN, NAN, NAN,,2024/04/13 22:30:48.689,2024-04-13 22:30:48.689000+00:00
2024/04/13, 22:31:48.689,40.157,-72.633,9.39,230.45,221.77,9.92,9.3,9.4,1004.8,1004.7,0.0,0.0,85.09,78.49,46,41,14.3,15.8,69.8,69.8,11.8,12.8,296.1,288.1,1006.9,1006.8,54.6,344.63,227.6,31.1446,7.4036,313.9,45.1,1475.49, NAN, NAN, NAN, NAN,,2024/04/13 22:31:48.689,2024-04-13 22:31:48.689000+00:00
2024/04/13, 22:32:48.689,40.156,-72.636,9.6,227.59,221.75,9.09,9.3,9.4,1004.6,1004.7,0.0,0.0,85.09,78.49,44,40,14.0,15.6,69.8,69.9,11.4,12.7,289.3,282.5,1006.7,1006.8,53.71,344.09,218.98,31.1406,7.4061,309.9,45.0,1475.495, NAN, NAN, NAN, NAN,,2024/04/13 22:32:48.689,2024-04-13 22:32:48.689000+00:00
2024/04/13, 22:33:48.689,40.154,-72.638,9.47,227.89,221.88,9.17,9.4,9.4,1004.3,1004.8,0.0,0.0,85.09,78.49,47,40,14.0,15.9,69.9,69.9,11.3,12.7,292.6,281.8,1006.4,1006.9,52.54,343.53,210.2,31.131,7.4069,302.5,45.2,1475.486, NAN, NAN, NAN, NAN,,2024/04/13 22:33:48.689,2024-04-13 22:33:48.689000+00:00
2024/04/13, 22:34:48.689,40.152,-72.641,9.25,229.76,225.2,9.43,9.4,9.4,1004.3,1004.8,0.0,0.0,85.09,78.49,47,41,13.8,16.2,69.7,69.7,11.2,13.1,295.8,285.4,1006.4,1006.9,51.2,343.33,202.89,31.1227,7.4077,308.6,45.4,1475.478, NAN, NAN, NAN, NAN,,2024/04/13 22:34:48.689,2024-04-13 22:34:48.689000+00:00
2024/04/13, 22:35:48.689,40.15,-72.643,9.3,228.81,221.02,9.22,9.4,9.4,1004.5,1004.7,0.0,0.0,85.09,78.49,48,43,13.8,16.2,69.6,69.6,11.4,13.4,295.6,286.6,1006.6,1006.8,49.72,343.05,194.56,31.1197,7.4083,307.8,45.3,1475.477, NAN, NAN, NAN, NAN,,2024/04/13 22:35:48.689,2024-04-13 22:35:48.689000+00:00
2024/04/13, 22:36:48.690,40.149,-72.646,9.28,229.77,226.95,9.07,9.4,9.4,1004.3,1004.7,0.0,0.0,85.09,78.49,47,44,13.5,15.6,68.8,68.9,11.1,12.9,295.6,289.1,1006.4,1006.8,47.24,342.36,186.67,31.1135,7.4099,308.9,45.7,1475.475, NAN, NAN, NAN, NAN,,2024/04/13 22:36:48.690,2024-04-13 22:36:48.690000+00:00
2024/04/13, 22:37:48.690,40.147,-72.648,9.17,229.75,240.21,9.05,9.5,9.5,1005.0,1004.5,0.0,0.0,85.09,78.49,48,42,13.9,16.0,68.8,68.9,11.0,12.6,294.7,284.7,1007.1,1006.6,43.21,342.45,177.43,31.1099,7.4121,305.2,45.9,1475.48, NAN, NAN, NAN, NAN,,2024/04/13 22:37:48.690,2024-04-13 22:37:48.690000+00:00
2024/04/13, 22:38:48.690,40.145,-72.651,9.42,230.01,227.99,9.62,9.5,9.5,1004.3,1004.6,0.0,0.0,85.09,78.49,47,41,14.0,16.0,68.6,68.7,11.2,12.6,295.7,285.7,1006.4,1006.7,38.67,342.39,168.69,31.1059,7.4126,309.2,45.9,1475.476, NAN, NAN, NAN, NAN,,2024/04/13 22:38:48.690,2024-04-13 22:38:48.690000+00:00
2024/04/13, 22:39:48.690,40.144,-72.654,9.89,229.45,231.46,9.73,9.5,9.5,1004.8,1004.7,0.0,0.0,85.09,78.49,44,39,13.7,15.7,68.7,68.6,10.7,12.2,292.4,283.4,1006.9,1006.8,34.4,342.75,158.59,31.1057,7.4122,308.3,45.9,1475.475, NAN, NAN, NAN, NAN,,2024/04/13 22:39:48.690,2024-04-13 22:39:48.690000+00:00
2024/04/13, 22:40:48.690,40.142,-72.656,9.74,226.31,228.05,9.65,9.5,9.5,1004.5,1004.9,0.0,0.0,85.09,78.49,45,42,13.9,15.6,68.8,68.7,10.9,12.3,289.8,283.7,1006.6,1007.0,31.34,343.31,148.19,31.0998,7.4122,304.1,45.9,1475.467, NAN, NAN, NAN, NAN,,2024/04/13 22:40:48.690,2024-04-13 22:40:48.690000+00:00
2024/04/13, 22:41:48.690,40.14,-72.659,9.4,228.49,229.16,9.25,9.5,9.5,1004.9,1004.8,0.0,0.0,85.09,78.49,47,42,13.8,15.6,69.1,69.0,10.9,12.3,293.2,284.7,1007.0,1006.9,29.87,343.9,142.68,31.0948,7.4132,304.1,45.9,1475.465, NAN, NAN, NAN, NAN,,2024/04/13 22:41:48.690,2024-04-13 22:41:48.690000+00:00
2024/04/13, 22:42:48.690,40.138,-72.661,9.07,227.54,219.05,9.13,9.5,9.5,1004.3,1005.1,0.0,0.0,85.09,78.49,47,41,13.7,15.6,68.9,69.0,11.2,12.6,292.9,283.2,1006.4,1007.2,29.54,344.31,139.4,31.0908,7.4135,305.6,45.8,1475.461, NAN, NAN, NAN, NAN,,2024/04/13 22:42:48.690,2024-04-13 22:42:48.690000+00:00
2024/04/13, 22:43:48.690,40.137,-72.664,9.39,225.86,220.01,9.49,9.5,9.5,1004.5,1005.1,0.0,0.0,85.09,78.49,46,42,13.9,15.8,69.2,69.1,11.1,12.6,290.4,282.9,1006.6,1007.2,29.7,344.39,136.36,31.0854,7.4139,303.8,45.9,1475.456, NAN, NAN, NAN, NAN,,2024/04/13 22:43:48.690,2024-04-13 22:43:48.690000+00:00
2024/04/13, 22:44:48.690,40.135,-72.666,9.81,228.36,227.98,9.78,9.4,9.5,1004.8,1004.8,0.0,0.0,85.09,78.49,43,39,13.5,16.0,69.3,69.2,10.4,12.5,290.5,281.9,1006.9,1006.9,28.78,344.32,131.83,31.0818,7.4143,308.3,45.8,1475.453, NAN, NAN, NAN, NAN,,2024/04/13 22:44:48.690,2024-04-13 22:44:48.690000+00:00
2024/04/13, 22:45:48.690,40.133,-72.669,10.11,227.02,232.28,10.02,9.4,9.5,1004.7,1004.9,0.0,0.0,85.09,78.49,44,39,13.6,15.3,69.6,69.6,10.2,11.5,290.0,281.0,1006.8,1007.0,27.48,344.64,126.29,31.076,7.4136,308.3,46.3,1475.443, NAN, NAN, NAN, NAN,,2024/04/13 22:45:48.690,2024-04-13 22:45:48.690000+00:00
2024/04/13, 22:46:48.690,40.131,-72.672,9.51,229.23,227.24,9.28,9.4,9.4,1004.8,1005.2,0.0,0.0,85.09,78.49,42,37,12.9,15.0,69.9,69.9,10.2,11.9,291.1,281.7,1006.9,1007.3,26.53,345.6,122.72,31.0665,7.4132,306.8,46.1,1475.43, NAN, NAN, NAN, NAN,,2024/04/13 22:46:48.690,2024-04-13 22:46:48.690000+00:00
2024/04/13, 22:47:48.690,40.129,-72.674,9.23,227.0,226.38,8.38,9.4,9.4,1004.9,1004.8,0.0,0.0,85.09,78.49,44,39,12.7,14.5,70.7,70.6,10.0,11.4,288.2,279.5,1007.0,1006.9,26.0,346.84,119.73,31.0743,7.4139,308.3,46.0,1475.442, NAN, NAN, NAN, NAN,,2024/04/13 22:47:48.690,2024-04-13 22:47:48.690000+00:00
2024/04/13, 22:48:48.690,40.128,-72.676,9.0,223.71,227.85,9.36,9.3,9.4,1004.9,1004.9,0.0,0.0,85.09,78.49,47,40,12.8,14.6,70.9,70.8,10.0,11.2,290.7,279.2,1007.0,1007.0,26.18,347.73,118.61,31.0705,7.416,308.9,46.2,1475.446, NAN, NAN, NAN, NAN,,2024/04/13 22:48:48.690,2024-04-13 22:48:48.690000+00:00
2024/04/13, 22:49:48.690,40.126,-72.679,9.14,225.3,215.31,9.52,9.3,9.3,1004.8,1004.8,0.0,0.0,85.09,78.49,43,39,12.7,14.7,71.3,71.2,10.2,11.8,289.7,281.5,1006.9,1006.9,26.72,348.28,117.48,31.0731,7.4186,303.5,45.7,1475.459, NAN, NAN, NAN, NAN,,2024/04/13 22:49:48.690,2024-04-13 22:49:48.690000+00:00
2024/04/13, 22:50:48.690,40.124,-72.681,9.53,224.37,231.67,9.6,9.3,9.3,1004.8,1004.9,0.0,0.0,85.09,78.49,44,39,12.4,14.2,71.3,71.6,9.2,10.6,288.6,279.0,1006.9,1007.0,26.94,348.1,116.0,31.0625,7.4202,304.9,46.0,1475.452, NAN, NAN, NAN, NAN,,2024/04/13 22:50:48.690,2024-04-13 22:50:48.690000+00:00
2024/04/13, 22:51:48.690,40.122,-72.684,9.75,224.55,220.21,9.9,9.2,9.2,1005.1,1005.0,0.0,0.0,85.09,78.49,45,40,12.6,14.3,72.0,72.1,10.1,11.3,292.2,283.2,1007.2,1007.1,25.99,346.98,112.03,31.0569,7.4224,299.2,46.2,1475.453, NAN, NAN, NAN, NAN,,2024/04/13 22:51:48.690,2024-04-13 22:51:48.690000+00:00
2024/04/13, 22:52:48.691,40.12,-72.686,9.24,221.4,228.09,9.18,9.2,9.2,1005.3,1004.9,0.0,0.0,85.09,78.49,44,38,12.1,13.3,72.5,72.3,9.1,9.8,285.5,275.6,1007.4,1007.0,24.25,345.93,106.61,31.0561,7.4268,299.5,45.9,1475.47, NAN, NAN, NAN, NAN,,2024/04/13 22:52:48.691,2024-04-13 22:52:48.691000+00:00
2024/04/13, 22:53:48.691,40.118,-72.688,9.39,224.06,224.37,9.46,9.1,9.2,1004.8,1005.4,0.0,0.0,85.09,78.49,42,37,12.1,13.9,72.9,72.9,9.3,10.6,287.5,277.9,1006.9,1007.5,22.08,345.17,100.47,31.0439,7.4308,303.5,45.9,1475.47, NAN, NAN, NAN, NAN,,2024/04/13 22:53:48.691,2024-04-13 22:53:48.691000+00:00
2024/04/13, 22:54:48.691,40.116,-72.691,9.53,224.41,221.18,9.38,9.1,9.2,1005.4,1005.0,0.0,0.0,85.09,78.49,43,37,11.6,13.1,73.2,73.1,8.5,9.5,288.8,277.9,1007.5,1007.1,19.75,344.18,93.07,31.0591,7.4337,309.2,45.5,1475.5, NAN, NAN, NAN, NAN,,2024/04/13 22:54:48.691,2024-04-13 22:54:48.691000+00:00
2024/04/13, 22:55:48.691,40.114,-72.693,9.58,224.93,221.61,9.81,9.1,9.1,1004.9,1005.2,0.0,0.0,85.09,78.49,43,38,11.2,13.1,73.8,73.7,8.2,9.6,292.5,281.6,1007.0,1007.3,17.52,344.31,87.05,31.0388,7.4365,298.5,46.0,1475.486, NAN, NAN, NAN, NAN,,2024/04/13 22:55:48.691,2024-04-13 22:55:48.691000+00:00
2024/04/13, 22:56:48.691,40.112,-72.695,9.74,221.9,217.6,9.7,9.1,9.1,1005.4,1005.2,0.0,0.0,85.09,78.49,42,38,11.9,13.6,74.3,74.2,9.1,10.4,286.7,278.3,1007.5,1007.3,16.15,345.1,82.78,31.0398,7.4398,299.8,45.7,1475.5, NAN, NAN, NAN, NAN,,2024/04/13 22:56:48.691,2024-04-13 22:56:48.691000+00:00
2024/04/13, 22:57:48.691,40.111,-72.698,9.59,222.78,228.64,9.89,9.0,9.1,1005.1,1005.5,0.0,0.0,85.09,78.49,41,35,11.0,13.5,74.5,74.5,7.6,9.5,287.8,274.0,1007.2,1007.6,15.41,346.41,79.54,31.0325,7.4417,294.4,45.7,1475.498, NAN, NAN, NAN, NAN,,2024/04/13 22:57:48.691,2024-04-13 22:57:48.691000+00:00
2024/04/13, 22:58:48.691,40.109,-72.7,9.77,224.52,224.9,9.55,9.0,9.0,1005.2,1005.3,0.0,0.0,85.09,78.49,44,34,10.6,10.8,74.9,74.8,7.9,7.3,294.5,281.0,1007.3,1007.4,14.71,347.81,76.92,31.0262,7.4414,299.5,46.0,1475.489, NAN, NAN, NAN, NAN,,2024/04/13 22:58:48.691,2024-04-13 22:58:48.691000+00:00
2024/04/13, 22:59:48.691,40.107,-72.703,9.63,224.25,228.89,9.03,9.0,9.0,1005.3,1005.3,0.0,0.0,85.09,78.49,39,34,10.5,13.3,75.1,75.1,7.4,9.7,285.8,273.1,1007.4,1007.4,14.41,348.92,74.5,31.0232,7.4393,294.7,46.1,1475.477, NAN, NAN, NAN, NAN,,2024/04/13 22:59:48.691,2024-04-13 22:59:48.691000+00:00
2024/04/13, 23:00:48.691,40.105,-72.705,9.23,221.66,222.38,8.8,9.0,9.0,1005.0,1005.5,0.0,0.0,85.09,78.49,38,34,11.2,11.6,75.4,75.0,8.0,8.1,279.1,272.8,1007.1,1007.6,13.88,349.8,71.8,31.018,7.4396,296.4,45.8,1475.472, NAN, NAN, NAN, NAN,,2024/04/13 23:00:48.691,2024-04-13 23:00:48.691000+00:00
2024/04/13, 23:01:48.691,40.103,-72.707,9.11,223.59,229.5,8.6,9.0,9.0,1005.5,1005.5,0.0,0.0,85.09,78.49,38,34,10.6,12.4,75.3,75.2,7.4,8.9,281.7,272.5,1007.6,1007.6,13.45,350.42,69.39,31.0213,7.4398,301.6,45.8,1475.477, NAN, NAN, NAN, NAN,,2024/04/13 23:01:48.691,2024-04-13 23:01:48.691000+00:00
2024/04/13, 23:02:48.691,40.101,-72.709,9.22,224.09,236.27,9.34,9.0,9.0,1005.2,1005.3,0.0,0.0,85.09,78.49,38,32,9.6,12.5,75.3,75.3,6.0,8.4,286.0,269.8,1007.3,1007.4,12.78,350.47,67.69,31.0169,7.4381,293.1,45.7,1475.464, NAN, NAN, NAN, NAN,,2024/04/13 23:02:48.691,2024-04-13 23:02:48.691000+00:00
2024/04/13, 23:03:48.691,40.099,-72.712,9.37,222.98,219.38,9.42,9.0,9.0,1005.5,1005.4,0.0,0.0,85.09,78.49,36,33,10.6,12.7,75.3,75.3,7.3,9.1,282.4,273.3,1007.6,1007.5,12.1,350.73,65.26,31.0154,7.4351,297.7,45.7,1475.451, NAN, NAN, NAN, NAN,,2024/04/13 23:03:48.691,2024-04-13 23:03:48.691000+00:00
2024/04/13, 23:04:48.691,40.097,-72.714,10.0,223.62,222.52,10.2,9.0,9.0,1005.3,1005.4,0.0,0.0,85.09,78.49,36,32,10.1,11.5,75.2,75.2,6.6,7.6,287.4,277.2,1007.4,1007.5,11.44,350.88,63.1,31.0094,7.4341,304.1,45.9,1475.44, NAN, NAN, NAN, NAN,,2024/04/13 23:04:48.691,2024-04-13 23:04:48.691000+00:00
2024/04/13, 23:05:48.691,40.096,-72.717,9.44,223.94,237.85,8.95,9.0,9.1,1005.6,1004.9,0.0,0.0,85.09,78.49,37,33,10.4,11.9,75.2,75.1,6.9,8.1,281.4,272.2,1007.7,1007.0,10.84,350.86,61.06,31.0099,7.4324,300.8,45.8,1475.434, NAN, NAN, NAN, NAN,,2024/04/13 23:05:48.691,2024-04-13 23:05:48.691000+00:00
2024/04/13, 23:06:48.691,40.094,-72.719,9.53,221.46,222.25,8.58,9.1,9.1,1005.5,1005.5,0.0,0.0,85.09,78.49,39,35,10.7,12.1,74.9,74.9,7.7,8.7,280.8,272.4,1007.6,1007.6,10.5,350.57,59.21,31.0057,7.4312,298.0,46.1,1475.424, NAN, NAN, NAN, NAN,,2024/04/13 23:06:48.691,2024-04-13 23:06:48.691000+00:00
2024/04/13, 23:07:48.691,40.092,-72.721,9.06,226.18,221.83,9.19,9.1,9.1,1005.4,1005.5,0.0,0.0,85.09,78.49,39,34,9.8,11.7,74.7,74.8,6.9,8.3,291.3,279.2,1007.5,1007.6,9.98,350.11,57.11,31.0049,7.429,301.9,46.0,1475.414, NAN, NAN, NAN, NAN,,2024/04/13 23:07:48.691,2024-04-13 23:07:48.691000+00:00
2024/04/13, 23:08:48.692,40.09,-72.723,8.83,222.75,223.62,8.76,9.1,9.1,1005.5,1005.1,0.0,0.0,85.09,78.49,41,37,10.7,12.7,74.5,74.5,8.1,9.7,286.5,277.1,1007.6,1007.2,9.32,348.58,54.87,31.0041,7.4272,291.3,46.0,1475.406, NAN, NAN, NAN, NAN,,2024/04/13 23:08:48.692,2024-04-13 23:08:48.692000+00:00
2024/04/13, 23:09:48.692,40.088,-72.726,9.1,225.39,231.32,9.59,9.1,9.1,1005.5,1005.2,0.0,0.0,85.09,78.49,41,36,11.0,13.0,74.1,74.2,7.7,9.2,289.3,278.0,1007.6,1007.3,8.59,347.54,52.88,30.9988,7.4256,294.8,45.9,1475.394, NAN, NAN, NAN, NAN,,2024/04/13 23:09:48.692,2024-04-13 23:09:48.692000+00:00
2024/04/13, 23:10:48.692,40.086,-72.728,9.51,223.24,218.85,9.6,9.2,9.2,1004.9,1005.6,0.0,0.0,85.09,78.49,42,38,11.5,13.2,73.9,73.9,9.0,10.2,289.3,280.8,1007.0,1007.7,8.93,346.3,60.62,30.9951,7.4242,291.3,46.0,1475.384, NAN, NAN, NAN, NAN,,2024/04/13 23:10:48.692,2024-04-13 23:10:48.692000+00:00
2024/04/13, 23:11:48.692,40.084,-72.731,9.6,224.42,223.44,9.92,9.2,9.2,1005.4,1005.5,0.0,0.0,85.09,78.49,45,40,11.5,13.6,73.5,73.5,8.7,10.3,294.0,283.2,1007.5,1007.6,9.14,346.4,77.17,30.9942,7.4214,293.4,46.4,1475.372, NAN, NAN, NAN, NAN,,2024/04/13 23:11:48.692,2024-04-13 23:11:48.692000+00:00
2024/04/13, 23:12:48.692,40.083,-72.733,9.6,225.22,234.12,9.02,9.3,9.2,1005.4,1005.5,0.0,0.0,85.09,78.49,46,41,11.7,13.8,72.7,73.5,9.0,10.6,292.3,282.2,1007.5,1007.6,11.12,345.79,89.16,30.9899,7.4196,295.5,46.4,1475.359, NAN, NAN, NAN, NAN,,2024/04/13 23:12:48.692,2024-04-13 23:12:48.692000+00:00
2024/04/13, 23:13:48.692,40.081,-72.735,9.38,224.48,233.77,8.67,9.4,9.3,1005.7,1005.3,0.0,0.0,85.09,78.49,46,41,11.6,13.3,72.3,72.7,8.8,10.1,290.3,280.9,1007.8,1007.4,10.39,345.23,91.8,30.985,7.4182,293.1,46.1,1475.348, NAN, NAN, NAN, NAN,,2024/04/13 23:13:48.692,2024-04-13 23:13:48.692000+00:00
2024/04/13, 23:14:48.692,40.079,-72.738,9.63,223.92,218.8,9.58,9.4,9.4,1005.4,1005.6,0.0,0.0,85.09,78.49,44,39,11.7,13.8,72.3,72.2,9.1,10.7,291.4,281.0,1007.5,1007.7,7.37,344.69,67.28,30.9821,7.4161,286.0,46.4,1475.336, NAN, NAN, NAN, NAN,,2024/04/13 23:14:48.692,2024-04-13 23:14:48.692000+00:00
2024/04/13, 23:15:48.692,40.077,-72.74,9.93,224.02,222.98,9.49,9.4,9.5,1005.6,1005.6,0.0,0.0,85.09,78.49,44,38,11.1,12.6,72.3,72.2,8.3,9.2,292.0,280.8,1007.7,1007.7,6.18,344.58,64.21,30.9835,7.4127,286.0,46.3,1475.325, NAN, NAN, NAN, NAN,,2024/04/13 23:15:48.692,2024-04-13 23:15:48.692000+00:00
2024/04/13, 23:16:48.692,40.075,-72.742,9.49,225.89,227.51,9.54,9.5,9.5,1005.5,1005.9,0.0,0.0,85.09,78.49,42,35,9.0,11.4,72.2,72.6,6.2,7.8,299.1,281.3,1007.6,1008.0,5.27,344.48,61.38,30.9774,7.4093,284.9,46.2,1475.304, NAN, NAN, NAN, NAN,,2024/04/13 23:16:48.692,2024-04-13 23:16:48.692000+00:00
2024/04/13, 23:17:48.692,40.073,-72.745,8.86,224.92,221.19,8.92,9.4,9.4,1005.8,1005.5,0.0,0.0,85.09,78.49,43,38,9.9,12.2,73.2,73.1,7.6,9.4,294.4,282.3,1007.9,1007.6,4.4,344.57,50.5,30.9745,7.4088,291.5,46.0,1475.298, NAN, NAN, NAN, NAN,,2024/04/13 23:17:48.692,2024-04-13 23:17:48.692000+00:00
2024/04/13, 23:18:48.692,40.071,-72.747,9.12,224.07,220.28,9.85,9.3,9.4,1005.6,1005.8,0.0,0.0,85.09,78.49,40,35,10.3,12.4,73.6,73.5,7.4,9.0,291.7,279.4,1007.7,1007.9,2.93,345.13,46.03,30.9742,7.406,284.9,46.4,1475.287, NAN, NAN, NAN, NAN,,2024/04/13 23:18:48.692,2024-04-13 23:18:48.692000+00:00
2024/04/13, 23:19:48.692,40.07,-72.749,9.26,225.04,214.26,8.9,9.3,9.3,1005.7,1005.6,0.0,0.0,85.09,78.49,38,34,10.2,11.8,73.6,74.0,7.6,8.8,287.8,278.6,1007.8,1007.7,2.34,347.15,37.02,30.9674,7.4022,288.4,46.1,1475.264, NAN, NAN, NAN, NAN,,2024/04/13 23:19:48.692,2024-04-13 23:19:48.692000+00:00
2024/04/13, 23:20:48.692,40.068,-72.752,9.55,223.7,228.24,9.46,9.2,9.3,1005.7,1005.6,0.0,0.0,85.09,78.49,39,34,10.4,12.1,74.1,74.2,7.1,8.4,286.9,275.6,1007.8,1007.7,2.2,349.05,34.86,30.9667,7.3993,284.9,45.9,1475.252, NAN, NAN, NAN, NAN,,2024/04/13 23:20:48.692,2024-04-13 23:20:48.692000+00:00
2024/04/13, 23:21:48.692,40.066,-72.754,9.7,225.83,229.19,9.98,9.2,9.3,1005.8,1005.6,0.0,0.0,85.09,78.49,39,32,10.6,11.6,74.2,74.2,6.9,7.3,288.6,275.5,1007.9,1007.7,0.81,351.12,28.06,30.9654,7.396,284.6,46.4,1475.237, NAN, NAN, NAN, NAN,,2024/04/13 23:21:48.692,2024-04-13 23:21:48.692000+00:00
2024/04/13, 23:22:48.692,40.064,-72.757,9.85,222.23,228.41,8.89,9.2,9.3,1005.7,1005.7,0.0,0.0,85.09,78.49,37,33,8.9,11.4,74.0,74.2,5.8,7.8,286.1,272.7,1007.8,1007.8,-0.66,352.24,21.09,30.9602,7.3935,282.4,46.8,1475.221, NAN, NAN, NAN, NAN,,2024/04/13 23:22:48.692,2024-04-13 23:22:48.692000+00:00
2024/04/13, 23:23:48.692,40.062,-72.759,9.25,223.12,221.12,9.27,9.3,9.3,1005.5,1006.1,0.0,0.0,85.09,78.49,38,32,10.4,11.5,73.8,73.9,7.3,7.9,285.1,274.0,1007.6,1008.2,-0.7,352.44,18.71,30.9574,7.3921,284.9,46.9,1475.212, NAN, NAN, NAN, NAN,,2024/04/13 23:23:48.692,2024-04-13 23:23:48.692000+00:00
2024/04/13, 23:24:48.693,40.06,-72.761,9.66,224.22,226.99,10.13,9.3,9.3,1005.6,1005.9,0.0,0.0,85.09,78.49,34,28,9.0,10.5,73.8,73.8,5.5,6.3,289.9,274.4,1007.7,1008.0,-0.8,352.37,17.03,30.9533,7.3894,283.6,47.3,1475.197, NAN, NAN, NAN, NAN,,2024/04/13 23:24:48.693,2024-04-13 23:24:48.693000+00:00
2024/04/13, 23:25:48.693,40.058,-72.764,9.49,226.3,222.58,9.99,9.3,9.3,1005.9,1005.9,0.0,0.0,85.09,78.49,31,23,9.4,9.8,74.0,74.0,6.0,5.7,286.9,273.5,1008.0,1008.0,-1.5,352.14,15.16,30.9462,7.3849,282.0,47.0,1475.171, NAN, NAN, NAN, NAN,,2024/04/13 23:25:48.693,2024-04-13 23:25:48.693000+00:00
2024/04/13, 23:26:48.693,40.056,-72.766,9.68,224.22,225.25,10.15,9.3,9.3,1005.9,1005.9,0.0,0.0,85.09,78.49,24,20,8.3,9.4,74.5,74.5,4.1,4.8,278.9,265.6,1008.0,1008.0,-1.93,352.82,12.69,30.9455,7.3797,279.6,47.2,1475.149, NAN, NAN, NAN, NAN,,2024/04/13 23:26:48.693,2024-04-13 23:26:48.693000+00:00
2024/04/13, 23:27:48.693,40.055,-72.769,9.81,222.57,226.61,9.92,9.2,9.2,1005.9,1006.0,0.0,0.0,85.09,78.49,24,17,10.7,10.1,75.0,74.9,6.1,5.2,262.4,251.3,1008.0,1008.1,-2.3,353.67,11.29,30.941,7.3718,276.0,47.3,1475.113, NAN, NAN, NAN, NAN,,2024/04/13 23:27:48.693,2024-04-13 23:27:48.693000+00:00
2024/04/13, 23:28:48.693,40.053,-72.771,9.73,223.66,226.55,10.01,9.2,9.2,1005.8,1005.8,0.0,0.0,85.09,78.49,20,14,10.7,10.2,75.1,75.3,6.0,5.3,258.4,248.7,1007.9,1007.9,-2.51,354.4,9.6,30.9395,7.3624,278.7,47.1,1475.075, NAN, NAN, NAN, NAN,,2024/04/13 23:28:48.693,2024-04-13 23:28:48.693000+00:00
2024/04/13, 23:29:48.693,40.051,-72.774,9.39,223.99,227.69,9.8,9.1,9.1,1006.2,1005.6,0.0,0.0,85.09,78.49,13,7,9.4,9.1,75.4,75.7,4.5,4.1,248.6,236.5,1008.3,1007.7,-2.75,353.62,8.56,30.9409,7.3567,285.1,46.8,1475.055, NAN, NAN, NAN, NAN,,2024/04/13 23:29:48.693,2024-04-13 23:29:48.693000+00:00
2024/04/13, 23:30:48.693,40.049,-72.776,9.47,224.33,224.48,9.88,9.0,9.0,1005.9,1006.0,0.0,0.0,85.09,78.49,14,7,9.9,9.5,78.1,77.8,5.0,4.5,250.4,237.1,1008.0,1008.1,-2.96,354.3,7.6,30.937,7.3475,282.0,46.9,1475.014, NAN, NAN, NAN, NAN,,2024/04/13 23:30:48.693,2024-04-13 23:30:48.693000+00:00
2024/04/13, 23:31:48.693,40.047,-72.779,9.66,224.06,216.02,9.78,8.8,8.9,1006.0,1006.1,0.0,0.0,85.09,78.49,15,10,10.5,10.1,79.0,78.8,5.9,5.3,253.9,245.9,1008.1,1008.2,-3.25,355.04,6.74,30.9383,7.3368,287.0,46.6,1474.974, NAN, NAN, NAN, NAN,,2024/04/13 23:31:48.693,2024-04-13 23:31:48.693000+00:00
2024/04/13, 23:32:48.693,40.045,-72.781,9.47,222.0,230.78,8.98,8.8,8.8,1006.1,1006.4,0.0,0.0,85.09,78.49,18,14,9.6,9.4,78.8,78.7,5.2,4.9,252.1,245.2,1008.2,1008.5,-3.69,355.78,5.87,30.9373,7.3272,280.6,46.3,1474.936, NAN, NAN, NAN, NAN,,2024/04/13 23:32:48.693,2024-04-13 23:32:48.693000+00:00
2024/04/13, 23:33:48.693,40.043,-72.784,9.53,223.24,228.51,9.84,8.9,8.9,1006.0,1006.2,0.0,0.0,85.09,78.49,24,20,10.6,10.2,78.0,78.1,6.1,5.5,264.1,258.3,1008.1,1008.3,-4.13,356.19,5.03,30.9345,7.317,280.0,46.7,1474.893, NAN, NAN, NAN, NAN,,2024/04/13 23:33:48.693,2024-04-13 23:33:48.693000+00:00
2024/04/13, 23:34:48.693,40.041,-72.786,9.63,225.09,228.37,9.28,9.0,9.0,1006.2,1006.1,0.0,0.0,85.09,78.49,26,19,11.1,10.4,76.6,76.7,6.9,5.9,266.0,256.0,1008.3,1008.2,-4.29,356.63,4.35,30.9375,7.3075,287.0,46.5,1474.859, NAN, NAN, NAN, NAN,,2024/04/13 23:34:48.693,2024-04-13 23:34:48.693000+00:00
2024/04/13, 23:35:48.693,40.04,-72.788,9.45,223.29,225.14,9.49,9.2,9.1,1005.9,1006.2,0.0,0.0,85.09,78.49,25,21,11.0,10.9,74.7,74.9,6.8,6.5,264.5,258.4,1008.0,1008.3,-4.38,356.54,3.8,30.9352,7.2995,287.3,46.7,1474.825, NAN, NAN, NAN, NAN,,2024/04/13 23:35:48.693,2024-04-13 23:35:48.693000+00:00
2024/04/13, 23:36:48.693,40.038,-72.791,10.06,223.65,229.39,9.22,9.3,9.3,1006.0,1006.1,0.0,0.0,85.09,78.49,30,25,11.6,10.6,73.3,73.4,7.6,6.4,269.3,263.9,1008.1,1008.2,-4.42,356.59,3.35,30.9328,7.2905,289.4,46.8,1474.788, NAN, NAN, NAN, NAN,,2024/04/13 23:36:48.693,2024-04-13 23:36:48.693000+00:00
2024/04/13, 23:37:48.693,40.036,-72.793,9.64,223.25,211.25,9.79,9.5,9.5,1006.2,1006.1,0.0,0.0,85.09,78.49,29,24,10.7,11.4,72.0,72.0,7.0,7.3,274.9,265.7,1008.3,1008.2,-4.51,356.42,2.92,30.9302,7.2848,287.6,46.6,1474.762, NAN, NAN, NAN, NAN,,2024/04/13 23:37:48.693,2024-04-13 23:37:48.693000+00:00
2024/04/13, 23:38:48.693,40.034,-72.796,9.75,222.4,225.44,9.96,9.6,9.6,1006.1,1006.2,0.0,0.0,85.09,78.49,30,25,11.8,11.5,71.1,71.0,7.6,7.0,269.8,262.8,1008.2,1008.3,-4.44,356.26,2.48,30.9297,7.2798,288.1,46.7,1474.742, NAN, NAN, NAN, NAN,,2024/04/13 23:38:48.693,2024-04-13 23:38:48.693000+00:00
2024/04/13, 23:39:48.693,40.032,-72.798,9.64,223.08,217.26,9.78,9.6,9.7,1006.2,1006.3,0.0,0.0,85.09,78.49,28,23,11.0,10.9,71.0,70.5,7.1,6.7,271.9,264.7,1008.3,1008.4,-4.52,355.24,2.16,30.9329,7.2778,293.7,46.7,1474.738, NAN, NAN, NAN, NAN,,2024/04/13 23:39:48.693,2024-04-13 23:39:48.693000+00:00
2024/04/13, 23:40:48.693,40.03,-72.801,10.06,224.71,225.96,9.87,9.7,9.7,1006.3,1006.4,0.0,0.0,85.09,78.49,26,21,11.0,10.6,71.1,71.0,6.7,6.1,269.2,262.2,1008.4,1008.5,-4.76,354.34,1.86,30.9295,7.2794,289.4,46.8,1474.74, NAN, NAN, NAN, NAN,,2024/04/13 23:40:48.693,2024-04-13 23:40:48.693000+00:00
2024/04/13, 23:41:48.694,40.028,-72.804,10.46,222.97,229.75,10.13,9.6,9.6,1006.3,1006.3,0.0,0.0,85.09,78.49,25,20,10.8,10.7,72.1,71.8,6.4,6.0,267.2,259.2,1008.4,1008.4,-4.92,354.04,1.59,30.9303,7.2832,293.1,46.8,1474.756, NAN, NAN, NAN, NAN,,2024/04/13 23:41:48.694,2024-04-13 23:41:48.694000+00:00
2024/04/13, 23:42:48.694,40.026,-72.806,9.74,224.23,217.49,9.92,9.5,9.5,1006.2,1006.3,0.0,0.0,85.09,78.49,26,21,10.7,10.1,72.4,72.3,6.6,5.7,271.2,265.2,1008.3,1008.4,-5.06,353.61,1.37,30.9315,7.2854,288.1,46.7,1474.766, NAN, NAN, NAN, NAN,,2024/04/13 23:42:48.694,2024-04-13 23:42:48.694000+00:00
2024/04/13, 23:43:48.694,40.024,-72.809,10.05,224.74,223.05,9.94,9.5,9.5,1006.2,1006.7,0.0,0.0,85.09,78.49,25,21,11.3,10.9,72.5,72.5,7.1,6.5,268.5,263.3,1008.3,1008.8,-5.22,353.54,1.14,30.9285,7.2841,291.5,47.1,1474.757, NAN, NAN, NAN, NAN,,2024/04/13 23:43:48.694,2024-04-13 23:43:48.694000+00:00
2024/04/13, 23:44:48.694,40.022,-72.811,10.05,223.39,229.65,10.33,9.5,9.5,1006.4,1006.2,0.0,0.0,85.09,78.49,26,22,10.4,10.7,72.4,72.3,5.8,5.8,268.6,260.7,1008.5,1008.3,-5.32,353.12,0.96,30.9319,7.2773,288.1,47.1,1474.735, NAN, NAN, NAN, NAN,,2024/04/13 23:44:48.694,2024-04-13 23:44:48.694000+00:00
2024/04/13, 23:45:48.694,40.021,-72.814,10.07,222.78,223.7,9.74,9.5,9.5,1006.3,1006.3,0.0,0.0,85.09,78.49,24,21,9.9,10.7,72.4,72.3,5.5,6.1,265.9,258.5,1008.4,1008.4,-5.32,352.91,0.81,30.9309,7.2602,293.1,47.1,1474.667, NAN, NAN, NAN, NAN,,2024/04/13 23:45:48.694,2024-04-13 23:45:48.694000+00:00
2024/04/13, 23:46:48.694,40.019,-72.816,10.07,223.64,232.22,10.09,9.5,9.5,1006.6,1006.5,0.0,0.0,85.09,78.49,24,19,11.3,10.7,72.3,72.2,6.6,5.8,261.9,254.4,1008.7,1008.6,-5.27,352.82,0.7,30.9296,7.2397,288.4,46.8,1474.586, NAN, NAN, NAN, NAN,,2024/04/13 23:46:48.694,2024-04-13 23:46:48.694000+00:00
2024/04/13, 23:47:48.694,40.017,-72.819,10.26,223.82,223.92,9.54,9.5,9.5,1006.3,1006.6,0.0,0.0,85.09,78.49,21,17,10.4,10.4,72.6,72.5,5.9,5.7,259.3,252.3,1008.4,1008.7,-5.33,351.92,0.59,30.9295,7.2144,291.8,47.0,1474.487, NAN, NAN, NAN, NAN,,2024/04/13 23:47:48.694,2024-04-13 23:47:48.694000+00:00
2024/04/13, 23:48:48.694,40.015,-72.822,9.82,222.95,222.78,9.11,9.4,9.5,1006.6,1006.4,0.0,0.0,85.09,78.49,14,12,9.7,10.1,73.3,73.2,5.2,5.5,247.1,242.8,1008.7,1008.5,-5.34,351.04,0.48,30.9278,7.1931,288.4,47.1,1474.402, NAN, NAN, NAN, NAN,,2024/04/13 23:48:48.694,2024-04-13 23:48:48.694000+00:00
2024/04/13, 23:49:48.694,40.013,-72.824,9.23,225.67,236.15,8.71,9.4,9.4,1006.8,1006.9,0.0,0.0,85.09,78.49,16,10,10.4,10.0,74.2,74.0,6.0,5.5,247.4,237.0,1008.9,1009.0,-5.4,349.77,0.41,30.9316,7.1692,295.2,47.1,1474.314, NAN, NAN, NAN, NAN,,2024/04/13 23:49:48.694,2024-04-13 23:49:48.694000+00:00
2024/04/13, 23:50:48.694,40.011,-72.826,9.58,223.67,217.79,9.55,9.4,9.3,1006.6,1006.9,0.0,0.0,85.09,78.49,15,9,10.6,10.1,74.3,75.5,6.0,5.3,250.1,240.1,1008.7,1009.0,-5.44,349.17,0.34,30.9322,7.144,293.4,46.9,1474.217, NAN, NAN, NAN, NAN,,2024/04/13 23:50:48.694,2024-04-13 23:50:48.694000+00:00
2024/04/13, 23:51:48.694,40.01,-72.829,9.86,224.02,223.49,9.5,9.1,9.2,1006.6,1006.6,0.0,0.0,85.09,78.49,20,14,10.7,10.3,78.3,78.0,6.1,5.5,256.4,246.5,1008.7,1008.7,-5.49,350.22,0.3,30.9317,7.1252,294.4,46.9,1474.143, NAN, NAN, NAN, NAN,,2024/04/13 23:51:48.694,2024-04-13 23:51:48.694000+00:00
2024/04/13, 23:52:48.694,40.008,-72.831,9.95,225.67,228.07,9.53,9.0,9.0,1006.7,1006.6,0.0,0.0,85.09,78.49,25,20,11.2,10.5,78.4,78.4,7.1,6.1,267.5,261.3,1008.8,1008.7,-5.64,351.59,0.23,30.9335,7.1093,297.1,47.1,1474.083, NAN, NAN, NAN, NAN,,2024/04/13 23:52:48.694,2024-04-13 23:52:48.694000+00:00
2024/04/13, 23:53:48.694,40.006,-72.834,10.11,224.85,223.43,9.86,9.1,9.1,1006.5,1006.8,0.0,0.0,85.09,78.49,28,24,11.5,10.9,76.8,76.9,7.3,6.5,271.0,266.4,1008.6,1008.9,-5.7,352.27,0.2,30.935,7.1021,294.0,47.0,1474.057, NAN, NAN, NAN, NAN,,2024/04/13 23:53:48.694,2024-04-13 23:53:48.694000+00:00
2024/04/13, 23:54:48.694,40.004,-72.837,10.05,224.0,216.47,9.95,9.1,9.2,1006.6,1006.6,0.0,0.0,85.09,78.49,35,30,10.0,11.8,76.6,74.7,6.8,8.0,286.9,274.5,1008.7,1008.7,-5.61,352.43,0.16,30.9419,7.1004,298.0,47.3,1474.059, NAN, NAN, NAN, NAN,,2024/04/13 23:54:48.694,2024-04-13 23:54:48.694000+00:00
2024/04/13, 23:55:48.694,40.002,-72.839,10.14,223.66,227.1,10.22,9.5,9.2,1006.7,1006.8,0.0,0.0,85.09,78.49,39,33,11.2,12.6,72.1,74.5,7.6,8.5,286.8,274.9,1008.8,1008.9,-5.36,351.82,0.13,30.9466,7.0988,302.2,47.2,1474.058, NAN, NAN, NAN, NAN,,2024/04/13 23:55:48.694,2024-04-13 23:55:48.694000+00:00
2024/04/13, 23:56:48.694,40.0,-72.842,10.31,223.29,217.59,9.35,9.7,9.7,1006.8,1006.6,0.0,0.0,85.09,78.49,41,36,11.7,13.3,70.6,70.6,8.6,9.8,285.5,275.9,1008.9,1008.7,-5.35,351.39,0.11,30.9491,7.0946,306.8,47.3,1474.045, NAN, NAN, NAN, NAN,,2024/04/13 23:56:48.694,2024-04-13 23:56:48.694000+00:00
2024/04/13, 23:57:48.695,39.998,-72.844,9.78,224.96,234.32,9.59,9.8,9.8,1006.8,1006.6,0.0,0.0,85.09,78.49,42,37,11.6,13.5,69.5,69.5,8.1,9.6,287.5,276.9,1008.9,1008.7,-5.34,350.54,0.09,30.9506,7.0902,307.5,47.3,1474.03, NAN, NAN, NAN, NAN,,2024/04/13 23:57:48.695,2024-04-13 23:57:48.695000+00:00
2024/04/13, 23:58:48.695,39.996,-72.847,9.79,222.63,224.94,9.69,9.9,9.9,1006.5,1006.8,0.0,0.0,85.09,78.49,47,41,11.4,13.1,68.5,68.6,8.9,10.0,294.3,283.2,1008.6,1008.9,-5.33,350.05,0.07,30.9516,7.0858,313.9,47.4,1474.014, NAN, NAN, NAN, NAN,,2024/04/13 23:58:48.695,2024-04-13 23:58:48.695000+00:00
2024/04/13, 23:59:48.695,39.994,-72.85,10.27,224.44,221.2,10.22,10.0,10.0,1006.5,1006.9,0.0,0.0,85.09,78.49,43,38,11.6,13.4,67.1,67.2,8.7,9.9,292.5,282.1,1008.6,1009.0,-5.34,348.65,0.06,30.9505,7.0873,310.5,47.3,1474.018, NAN, NAN, NAN, NAN,,2024/04/13 23:59:48.695,2024-04-13 23:59:48.695000+00:00
2024/04/12, 00:01:00, NODATA, NODATA, NODATA, NODATA,, NODATA, NODATA, NODATA, NODATA, NODATA, NODATA, NODATA, NODATA, NODATA, NODATA, NODATA, NODATA, NODATA, NODATA, NODATA, TRUEWIND_BAD_SOG, TRUEWIND_BAD_SOG, TRUEWIND_BAD_SOG, TRUEWIND_BAD_SOG, BAROMETER_BAD_RAW_PRESSURE, BAROMETER_BAD_RAW_PRESSURE, NODATA, NODATA, NODATA, NODATA, NODATA, NODATA, NODATA, SSV_BAD_TEMPERATURE, NODATA, NODATA, NODATA, NODATA, NODATA,2024/04/12 00:01:00,2024-04-12 00:01:00+00:00
2024/04/12, 00:02:00, NODATA, NODATA, NODATA, NODATA,, NODATA, NODATA, NODATA, NODATA, NODATA, NODATA, NODATA, NODATA, NODATA, NODATA, NODATA, NODATA, NODATA, NODATA, NODATA, TRUEWIND_BAD_SOG, TRUEWIND_BAD_SOG, TRUEWIND_BAD_SOG, TRUEWIND_BAD_SOG, BAROMETER_BAD_RAW_PRESSURE, BAROMETER_BAD_RAW_PRESSURE, NODATA, NODATA, NODATA, NODATA, NODATA, NODATA, NODATA, SSV_BAD_TEMPERATURE, NODATA, NODATA, NODATA, NODATA, NODATA,2024/04/12 00:02:00,2024-04-12 00:02:00+00:00
2024/04/12, 00:03:00, NODATA, NODATA, NODATA, NODATA,, NODATA, NODATA, NODATA, NODATA, NODATA, NODATA, NODATA, NODATA, NODATA, NODATA, NODATA, NODATA, NODATA, NODATA, NODATA, TRUEWIND_BAD_SOG, TRUEWIND_BAD_SOG, TRUEWIND_BAD_SOG, TRUEWIND_BAD_SOG, BAROMETER_BAD_RAW_PRESSURE, BAROMETER_BAD_RAW_PRESSURE, NODATA, NODATA, NODATA, NODATA, NODATA, NODATA, NODATA, SSV_BAD_TEMPERATURE, NODATA, NODATA, NODATA, NODATA, NODATA,2024/04/12 00:03:00,2024-04-12 00:03:00+00:00
2024/04/12, 00:04:00, NODATA, NODATA, NODATA, NODATA,, NODATA, NODATA, NODATA, NODATA, NODATA, NODATA, NODATA, NODATA, NODATA, NODATA, NODATA, NODATA, NODATA, NODATA, NODATA, TRUEWIND_BAD_SOG, TRUEWIND_BAD_SOG, TRUEWIND_BAD_SOG, TRUEWIND_BAD_SOG, BAROMETER_BAD_RAW_PRESSURE, BAROMETER_BAD_RAW_PRESSURE, NODATA, NODATA, NODATA, NODATA, NODATA, NODATA, NODATA, SSV_BAD_TEMPERATURE, NODATA, NODATA, NODATA, NODATA, NODATA,2024/04/12 00:04:00,2024-04-12 00:04:00+00:00
2024/04/12, 00:05:00, NODATA, NODATA, NODATA, NODATA,, NODATA, NODATA, NODATA, NODATA, NODATA, NODATA, NODATA, NODATA, NODATA, NODATA, NODATA, NODATA, NODATA, NODATA, NODATA, TRUEWIND_BAD_SOG, TRUEWIND_BAD_SOG, TRUEWIND_BAD_SOG, TRUEWIND_BAD_SOG, BAROMETER_BAD_RAW_PRESSURE, BAROMETER_BAD_RAW_PRESSURE, NODATA, NODATA, NODATA, NODATA, NODATA, NODATA, NODATA, SSV_BAD_TEMPERATURE, NODATA, NODATA, NODATA, NODATA, NODATA,2024/04/12 00:05:00,2024-04-12 00:05:00+00:00
2024/04/12, 00:06:00, NODATA, NODATA, NODATA, NODATA,, NODATA, NODATA, NODATA, NODATA, NODATA, NODATA, NODATA, NODATA, NODATA, NODATA, NODATA, NODATA, NODATA, NODATA, NODATA, TRUEWIND_BAD_SOG, TRUEWIND_BAD_SOG, TRUEWIND_BAD_SOG, TRUEWIND_BAD_SOG, BAROMETER_BAD_RAW_PRESSURE, BAROMETER_BAD_RAW_PRESSURE, NODATA, NODATA, NODATA, NODATA, NODATA, NODATA, NODATA, SSV_BAD_TEMPERATURE, NODATA, NODATA, NODATA, NODATA, NODATA,2024/04/12 00:06:00,2024-04-12 00:06:00+00:00
2024/04/12, 00:07:00, NODATA, NODATA, NODATA, NODATA,, NODATA, NODATA, NODATA, NODATA, NODATA, NODATA, NODATA, NODATA, NODATA, NODATA, NODATA, NODATA, NODATA, NODATA, NODATA, TRUEWIND_BAD_SOG, TRUEWIND_BAD_SOG, TRUEWIND_BAD_SOG, TRUEWIND_BAD_SOG, BAROMETER_BAD_RAW_PRESSURE, BAROMETER_BAD_RAW_PRESSURE, NODATA, NODATA, NODATA, NODATA, NODATA, NODATA, NODATA, SSV_BAD_TEMPERATURE, NODATA, NODATA, NODATA, NODATA, NODATA,2024/04/12 00:07:00,2024-04-12 00:07:00+00:00
2024/04/12, 00:08:00, NODATA, NODATA, NODATA, NODATA,, NODATA, NODATA, NODATA, NODATA, NODATA, NODATA, NODATA, NODATA, NODATA, NODATA, NODATA, NODATA, NODATA, NODATA, NODATA, TRUEWIND_BAD_SOG, TRUEWIND_BAD_SOG, TRUEWIND_BAD_SOG, TRUEWIND_BAD_SOG, BAROMETER_BAD_RAW_PRESSURE, BAROMETER_BAD_RAW_PRESSURE, NODATA, NODATA, NODATA, NODATA, NODATA, NODATA, NODATA, SSV_BAD_TEMPERATURE, NODATA, NODATA, NODATA, NODATA, NODATA,2024/04/12 00:08:00,2024-04-12 00:08:00+00:00
2024/04/12, 00:09:00, NODATA, NODATA, NODATA, NODATA,, NODATA, NODATA, NODATA, NODATA, NODATA, NODATA, NODATA, NODATA, NODATA, NODATA, NODATA, NODATA, NODATA, NODATA, NODATA, TRUEWIND_BAD_SOG, TRUEWIND_BAD_SOG, TRUEWIND_BAD_SOG, TRUEWIND_BAD_SOG, BAROMETER_BAD_RAW_PRESSURE, BAROMETER_BAD_RAW_PRESSURE, NODATA, NODATA, NODATA, NODATA, NODATA, NODATA, NODATA, SSV_BAD_TEMPERATURE, NODATA, NODATA, NODATA, NODATA, NODATA,2024/04/12 00:09:00,2024-04-12 00:09:00+00:00
2024/04/12, 00:10:00, NODATA, NODATA, NODATA, NODATA,, NODATA, NODATA, NODATA, NODATA, NODATA, NODATA, NODATA, NODATA, NODATA, NODATA, NODATA, NODATA, NODATA, NODATA, NODATA, TRUEWIND_BAD_SOG, TRUEWIND_BAD_SOG, TRUEWIND_BAD_SOG, TRUEWIND_BAD_SOG, BAROMETER_BAD_RAW_PRESSURE, BAROMETER_BAD_RAW_PRESSURE, NODATA, NODATA, NODATA, NODATA, NODATA, NODATA, NODATA, SSV_BAD_TEMPERATURE, NODATA, NODATA, NODATA, NODATA, NODATA,2024/04/12 00:10:00,2024-04-12 00:10:00+00:00
2024/04/12, 00:11:00, NODATA, NODATA, NODATA, NODATA,, NODATA, NODATA, NODATA, NODATA, NODATA, NODATA, NODATA, NODATA, NODATA, NODATA, NODATA, NODATA, NODATA, NODATA, NODATA, TRUEWIND_BAD_SOG, TRUEWIND_BAD_SOG, TRUEWIND_BAD_SOG, TRUEWIND_BAD_SOG, BAROMETER_BAD_RAW_PRESSURE, BAROMETER_BAD_RAW_PRESSURE, NODATA, NODATA, NODATA, NODATA, NODATA, NODATA, NODATA, SSV_BAD_TEMPERATURE, NODATA, NODATA, NODATA, NODATA, NODATA,2024/04/12 00:11:00,2024-04-12 00:11:00+00:00
2024/04/12, 00:12:00, NODATA, NODATA, NODATA, NODATA,, NODATA, NODATA, NODATA, NODATA, NODATA, NODATA, NODATA, NODATA, NODATA, NODATA, NODATA, NODATA, NODATA, NODATA, NODATA, TRUEWIND_BAD_SOG, TRUEWIND_BAD_SOG, TRUEWIND_BAD_SOG, TRUEWIND_BAD_SOG, BAROMETER_BAD_RAW_PRESSURE, BAROMETER_BAD_RAW_PRESSURE, NODATA, NODATA, NODATA, NODATA, NODATA, NODATA, NODATA, SSV_BAD_TEMPERATURE, NODATA, NODATA, NODATA, NODATA, NODATA,2024/04/12 00:12:00,2024-04-12 00:12:00+00:00
2024/04/12, 00:13:00, NODATA, NODATA, NODATA, NODATA,, NODATA, NODATA, NODATA, NODATA, NODATA, NODATA, NODATA, NODATA, NODATA, NODATA, NODATA, NODATA, NODATA, NODATA, NODATA, TRUEWIND_BAD_SOG, TRUEWIND_BAD_SOG, TRUEWIND_BAD_SOG, TRUEWIND_BAD_SOG, BAROMETER_BAD_RAW_PRESSURE, BAROMETER_BAD_RAW_PRESSURE, NODATA, NODATA, NODATA, NODATA, NODATA, NODATA, NODATA, SSV_BAD_TEMPERATURE, NODATA, NODATA, NODATA, NODATA, NODATA,2024/04/12 00:13:00,2024-04-12 00:13:00+00:00
2024/04/12, 00:14:00, NODATA, NODATA, NODATA, NODATA,, NODATA, NODATA, NODATA, NODATA, NODATA, NODATA, NODATA, NODATA, NODATA, NODATA, NODATA, NODATA, NODATA, NODATA, NODATA, TRUEWIND_BAD_SOG, TRUEWIND_BAD_SOG, TRUEWIND_BAD_SOG, TRUEWIND_BAD_SOG, BAROMETER_BAD_RAW_PRESSURE, BAROMETER_BAD_RAW_PRESSURE, NODATA, NODATA, NODATA, NODATA, NODATA, NODATA, NODATA, SSV_BAD_TEMPERATURE, NODATA, NODATA, NODATA, NODATA, NODATA,2024/04/12 00:14:00,2024-04-12 00:14:00+00:00
2024/04/12, 00:15:00, NODATA, NODATA, NODATA, NODATA,, NODATA, NODATA, NODATA, NODATA, NODATA, NODATA, NODATA, NODATA, NODATA, NODATA, NODATA, NODATA, NODATA, NODATA, NODATA, TRUEWIND_BAD_SOG, TRUEWIND_BAD_SOG, TRUEWIND_BAD_SOG, TRUEWIND_BAD_SOG, BAROMETER_BAD_RAW_PRESSURE, BAROMETER_BAD_RAW_PRESSURE, NODATA, NODATA, NODATA, NODATA, NODATA, NODATA, NODATA, SSV_BAD_TEMPERATURE, NODATA, NODATA, NODATA, NODATA, NODATA,2024/04/12 00:15:00,2024-04-12 00:15:00+00:00
2024/04/12, 00:16:00, NODATA, NODATA, NODATA, NODATA,, NODATA, NODATA, NODATA, NODATA, NODATA, NODATA, NODATA, NODATA, NODATA, NODATA, NODATA, NODATA, NODATA, NODATA, NODATA, TRUEWIND_BAD_SOG, TRUEWIND_BAD_SOG, TRUEWIND_BAD_SOG, TRUEWIND_BAD_SOG, BAROMETER_BAD_RAW_PRESSURE, BAROMETER_BAD_RAW_PRESSURE, NODATA, NODATA, NODATA, NODATA, NODATA, NODATA, NODATA, SSV_BAD_TEMPERATURE, NODATA, NODATA, NODATA, NODATA, NODATA,2024/04/12 00:16:00,2024-04-12 00:16:00+00:00
2024/04/12, 00:17:00, NODATA, NODATA, NODATA, NODATA,, NODATA, NODATA, NODATA, NODATA, NODATA, NODATA, NODATA, NODATA, NODATA, NODATA, NODATA, NODATA, NODATA, NODATA, NODATA, TRUEWIND_BAD_SOG, TRUEWIND_BAD_SOG, TRUEWIND_BAD_SOG, TRUEWIND_BAD_SOG, BAROMETER_BAD_RAW_PRESSURE, BAROMETER_BAD_RAW_PRESSURE, NODATA, NODATA, NODATA, NODATA, NODATA, NODATA, NODATA, SSV_BAD_TEMPERATURE, NODATA, NODATA, NODATA, NODATA, NODATA,2024/04/12 00:17:00,2024-04-12 00:17:00+00:00
2024/04/12, 00:18:00, NODATA, NODATA, NODATA, NODATA,, NODATA, NODATA, NODATA, NODATA, NODATA, NODATA, NODATA, NODATA, NODATA, NODATA, NODATA, NODATA, NODATA, NODATA, NODATA, TRUEWIND_BAD_SOG, TRUEWIND_BAD_SOG, TRUEWIND_BAD_SOG, TRUEWIND_BAD_SOG, BAROMETER_BAD_RAW_PRESSURE, BAROMETER_BAD_RAW_PRESSURE, NODATA, NODATA, NODATA, NODATA, NODATA, NODATA, NODATA, SSV_BAD_TEMPERATURE, NODATA, NODATA, NODATA, NODATA, NODATA,2024/04/12 00:18:00,2024-04-12 00:18:00+00:00
2024/04/12, 00:19:00, NODATA, NODATA, NODATA, NODATA,, NODATA, NODATA, NODATA, NODATA, NODATA, NODATA, NODATA, NODATA, NODATA, NODATA, NODATA, NODATA, NODATA, NODATA, NODATA, TRUEWIND_BAD_SOG, TRUEWIND_BAD_SOG, TRUEWIND_BAD_SOG, TRUEWIND_BAD_SOG, BAROMETER_BAD_RAW_PRESSURE, BAROMETER_BAD_RAW_PRESSURE, NODATA, NODATA, NODATA, NODATA, NODATA, NODATA, NODATA, SSV_BAD_TEMPERATURE, NODATA, NODATA, NODATA, NODATA, NODATA,2024/04/12 00:19:00,2024-04-12 00:19:00+00:00
2024/04/12, 00:20:00, NODATA, NODATA, NODATA, NODATA,, NODATA, NODATA, NODATA, NODATA, NODATA, NODATA, NODATA, NODATA, NODATA, NODATA, NODATA, NODATA, NODATA, NODATA, NODATA, TRUEWIND_BAD_SOG, TRUEWIND_BAD_SOG, TRUEWIND_BAD_SOG, TRUEWIND_BAD_SOG, BAROMETER_BAD_RAW_PRESSURE, BAROMETER_BAD_RAW_PRESSURE, NODATA, NODATA, NODATA, NODATA, NODATA, NODATA, NODATA, SSV_BAD_TEMPERATURE, NODATA, NODATA, NODATA, NODATA, NODATA,2024/04/12 00:20:00,2024-04-12 00:20:00+00:00
2024/04/12, 00:21:00, NODATA, NODATA, NODATA, NODATA,, NODATA, NODATA, NODATA, NODATA, NODATA, NODATA, NODATA, NODATA, NODATA, NODATA, NODATA, NODATA, NODATA, NODATA, NODATA, TRUEWIND_BAD_SOG, TRUEWIND_BAD_SOG, TRUEWIND_BAD_SOG, TRUEWIND_BAD_SOG, BAROMETER_BAD_RAW_PRESSURE, BAROMETER_BAD_RAW_PRESSURE, NODATA, NODATA, NODATA, NODATA, NODATA, NODATA, NODATA, SSV_BAD_TEMPERATURE, NODATA, NODATA, NODATA, NODATA, NODATA,2024/04/12 00:21:00,2024-04-12 00:21:00+00:00
2024/04/12, 00:22:00, NODATA, NODATA, NODATA, NODATA,, NODATA, NODATA, NODATA, NODATA, NODATA, NODATA, NODATA, NODATA, NODATA, NODATA, NODATA, NODATA, NODATA, NODATA, NODATA, TRUEWIND_BAD_SOG, TRUEWIND_BAD_SOG, TRUEWIND_BAD_SOG, TRUEWIND_BAD_SOG, BAROMETER_BAD_RAW_PRESSURE, BAROMETER_BAD_RAW_PRESSURE, NODATA, NODATA, NODATA, NODATA, NODATA, NODATA, NODATA, SSV_BAD_TEMPERATURE, NODATA, NODATA, NODATA, NODATA, NODATA,2024/04/12 00:22:00,2024-04-12 00:22:00+00:00
2024/04/12, 00:23:00, NODATA, NODATA, NODATA, NODATA,, NODATA, NODATA, NODATA, NODATA, NODATA, NODATA, NODATA, NODATA, NODATA, NODATA, NODATA, NODATA, NODATA, NODATA, NODATA, TRUEWIND_BAD_SOG, TRUEWIND_BAD_SOG, TRUEWIND_BAD_SOG, TRUEWIND_BAD_SOG, BAROMETER_BAD_RAW_PRESSURE, BAROMETER_BAD_RAW_PRESSURE, NODATA, NODATA, NODATA, NODATA, NODATA, NODATA, NODATA, SSV_BAD_TEMPERATURE, NODATA, NODATA, NODATA, NODATA, NODATA,2024/04/12 00:23:00,2024-04-12 00:23:00+00:00
2024/04/12, 00:24:00, NODATA, NODATA, NODATA, NODATA,, NODATA, NODATA, NODATA, NODATA, NODATA, NODATA, NODATA, NODATA, NODATA, NODATA, NODATA, NODATA, NODATA, NODATA, NODATA, TRUEWIND_BAD_SOG, TRUEWIND_BAD_SOG, TRUEWIND_BAD_SOG, TRUEWIND_BAD_SOG, BAROMETER_BAD_RAW_PRESSURE, BAROMETER_BAD_RAW_PRESSURE, NODATA, NODATA, NODATA, NODATA, NODATA, NODATA, NODATA, SSV_BAD_TEMPERATURE, NODATA, NODATA, NODATA, NODATA, NODATA,2024/04/12 00:24:00,2024-04-12 00:24:00+00:00
2024/04/12, 00:25:00, NODATA, NODATA, NODATA, NODATA,, NODATA, NODATA, NODATA, NODATA, NODATA, NODATA, NODATA, NODATA, NODATA, NODATA, NODATA, NODATA, NODATA, NODATA, NODATA, TRUEWIND_BAD_SOG, TRUEWIND_BAD_SOG, TRUEWIND_BAD_SOG, TRUEWIND_BAD_SOG, BAROMETER_BAD_RAW_PRESSURE, BAROMETER_BAD_RAW_PRESSURE, NODATA, NODATA, NODATA, NODATA, NODATA, NODATA, NODATA, SSV_BAD_TEMPERATURE, NODATA, NODATA, NODATA, NODATA, NODATA,2024/04/12 00:25:00,2024-04-12 00:25:00+00:00
2024/04/12, 00:26:00, NODATA, NODATA, NODATA, NODATA,, NODATA, NODATA, NODATA, NODATA, NODATA, NODATA, NODATA, NODATA, NODATA, NODATA, NODATA, NODATA, NODATA, NODATA, NODATA, TRUEWIND_BAD_SOG, TRUEWIND_BAD_SOG, TRUEWIND_BAD_SOG, TRUEWIND_BAD_SOG, BAROMETER_BAD_RAW_PRESSURE, BAROMETER_BAD_RAW_PRESSURE, NODATA, NODATA, NODATA, NODATA, NODATA, NODATA, NODATA, SSV_BAD_TEMPERATURE, NODATA, NODATA, NODATA, NODATA, NODATA,2024/04/12 00:26:00,2024-04-12 00:26:00+00:00
2024/04/12, 00:27:00, NODATA, NODATA, NODATA, NODATA,, NODATA, NODATA, NODATA, NODATA, NODATA, NODATA, NODATA, NODATA, NODATA, NODATA, NODATA, NODATA, NODATA, NODATA, NODATA, TRUEWIND_BAD_SOG, TRUEWIND_BAD_SOG, TRUEWIND_BAD_SOG, TRUEWIND_BAD_SOG, BAROMETER_BAD_RAW_PRESSURE, BAROMETER_BAD_RAW_PRESSURE, NODATA, NODATA, NODATA, NODATA, NODATA, NODATA, NODATA, SSV_BAD_TEMPERATURE, NODATA, NODATA, NODATA, NODATA, NODATA,2024/04/12 00:27:00,2024-04-12 00:27:00+00:00
2024/04/12, 00:28:00, NODATA, NODATA, NODATA, NODATA,, NODATA, NODATA, NODATA, NODATA, NODATA, NODATA, NODATA, NODATA, NODATA, NODATA, NODATA, NODATA, NODATA, NODATA, NODATA, TRUEWIND_BAD_SOG, TRUEWIND_BAD_SOG, TRUEWIND_BAD_SOG, TRUEWIND_BAD_SOG, BAROMETER_BAD_RAW_PRESSURE, BAROMETER_BAD_RAW_PRESSURE, NODATA, NODATA, NODATA, NODATA, NODATA, NODATA, NODATA, SSV_BAD_TEMPERATURE, NODATA, NODATA, NODATA, NODATA, NODATA,2024/04/12 00:28:00,2024-04-12 00:28:00+00:00
2024/04/12, 00:29:00, NODATA, NODATA, NODATA, NODATA,, NODATA, NODATA, NODATA, NODATA, NODATA, NODATA, NODATA, NODATA, NODATA, NODATA, NODATA, NODATA, NODATA, NODATA, NODATA, TRUEWIND_BAD_SOG, TRUEWIND_BAD_SOG, TRUEWIND_BAD_SOG, TRUEWIND_BAD_SOG, BAROMETER_BAD_RAW_PRESSURE, BAROMETER_BAD_RAW_PRESSURE, NODATA, NODATA, NODATA, NODATA, NODATA, NODATA, NODATA, SSV_BAD_TEMPERATURE, NODATA, NODATA, NODATA, NODATA, NODATA,2024/04/12 00:29:00,2024-04-12 00:29:00+00:00
2024/04/12, 00:30:00, NODATA, NODATA, NODATA, NODATA,, NODATA, NODATA, NODATA, NODATA, NODATA, NODATA, NODATA, NODATA, NODATA, NODATA, NODATA, NODATA, NODATA, NODATA, NODATA, TRUEWIND_BAD_SOG, TRUEWIND_BAD_SOG, TRUEWIND_BAD_SOG, TRUEWIND_BAD_SOG, BAROMETER_BAD_RAW_PRESSURE, BAROMETER_BAD_RAW_PRESSURE, NODATA, NODATA, NODATA, NODATA, NODATA, NODATA, NODATA, SSV_BAD_TEMPERATURE, NODATA, NODATA, NODATA, NODATA, NODATA,2024/04/12 00:30:00,2024-04-12 00:30:00+00:00
2024/04/12, 00:31:00, NODATA, NODATA, NODATA, NODATA,, NODATA, NODATA, NODATA, NODATA, NODATA, NODATA, NODATA, NODATA, NODATA, NODATA, NODATA, NODATA, NODATA, NODATA, NODATA, TRUEWIND_BAD_SOG, TRUEWIND_BAD_SOG, TRUEWIND_BAD_SOG, TRUEWIND_BAD_SOG, BAROMETER_BAD_RAW_PRESSURE, BAROMETER_BAD_RAW_PRESSURE, NODATA, NODATA, NODATA, NODATA, NODATA, NODATA, NODATA, SSV_BAD_TEMPERATURE, NODATA, NODATA, NODATA, NODATA, NODATA,2024/04/12 00:31:00,2024-04-12 00:31:00+00:00
2024/04/12, 00:32:00, NODATA, NODATA, NODATA, NODATA,, NODATA, NODATA, NODATA, NODATA, NODATA, NODATA, NODATA, NODATA, NODATA, NODATA, NODATA, NODATA, NODATA, NODATA, NODATA, TRUEWIND_BAD_SOG, TRUEWIND_BAD_SOG, TRUEWIND_BAD_SOG, TRUEWIND_BAD_SOG, BAROMETER_BAD_RAW_PRESSURE, BAROMETER_BAD_RAW_PRESSURE, NODATA, NODATA, NODATA, NODATA, NODATA, NODATA, NODATA, SSV_BAD_TEMPERATURE, NODATA, NODATA, NODATA, NODATA, NODATA,2024/04/12 00:32:00,2024-04-12 00:32:00+00:00
2024/04/12, 00:33:00, NODATA, NODATA, NODATA, NODATA,, NODATA, NODATA, NODATA, NODATA, NODATA, NODATA, NODATA, NODATA, NODATA, NODATA, NODATA, NODATA, NODATA, NODATA, NODATA, TRUEWIND_BAD_SOG, TRUEWIND_BAD_SOG, TRUEWIND_BAD_SOG, TRUEWIND_BAD_SOG, BAROMETER_BAD_RAW_PRESSURE, BAROMETER_BAD_RAW_PRESSURE, NODATA, NODATA, NODATA, NODATA, NODATA, NODATA, NODATA, SSV_BAD_TEMPERATURE, NODATA, NODATA, NODATA, NODATA, NODATA,2024/04/12 00:33:00,2024-04-12 00:33:00+00:00
2024/04/12, 00:34:00, NODATA, NODATA, NODATA, NODATA,, NODATA, NODATA, NODATA, NODATA, NODATA, NODATA, NODATA, NODATA, NODATA, NODATA, NODATA, NODATA, NODATA, NODATA, NODATA, TRUEWIND_BAD_SOG, TRUEWIND_BAD_SOG, TRUEWIND_BAD_SOG, TRUEWIND_BAD_SOG, BAROMETER_BAD_RAW_PRESSURE, BAROMETER_BAD_RAW_PRESSURE, NODATA, NODATA, NODATA, NODATA, NODATA, NODATA, NODATA, SSV_BAD_TEMPERATURE, NODATA, NODATA, NODATA, NODATA, NODATA,2024/04/12 00:34:00,2024-04-12 00:34:00+00:00
2024/04/12, 00:35:00, NODATA, NODATA, NODATA, NODATA,, NODATA, NODATA, NODATA, NODATA, NODATA, NODATA, NODATA, NODATA, NODATA, NODATA, NODATA, NODATA, NODATA, NODATA, NODATA, TRUEWIND_BAD_SOG, TRUEWIND_BAD_SOG, TRUEWIND_BAD_SOG, TRUEWIND_BAD_SOG, BAROMETER_BAD_RAW_PRESSURE, BAROMETER_BAD_RAW_PRESSURE, NODATA, NODATA, NODATA, NODATA, NODATA, NODATA, NODATA, SSV_BAD_TEMPERATURE, NODATA, NODATA, NODATA, NODATA, NODATA,2024/04/12 00:35:00,2024-04-12 00:35:00+00:00
2024/04/12, 00:36:00, NODATA, NODATA, NODATA, NODATA,, NODATA, NODATA, NODATA, NODATA, NODATA, NODATA, NODATA, NODATA, NODATA, NODATA, NODATA, NODATA, NODATA, NODATA, NODATA, TRUEWIND_BAD_SOG, TRUEWIND_BAD_SOG, TRUEWIND_BAD_SOG, TRUEWIND_BAD_SOG, BAROMETER_BAD_RAW_PRESSURE, BAROMETER_BAD_RAW_PRESSURE, NODATA, NODATA, NODATA, NODATA, NODATA, NODATA, NODATA, SSV_BAD_TEMPERATURE, NODATA, NODATA, NODATA, NODATA, NODATA,2024/04/12 00:36:00,2024-04-12 00:36:00+00:00
2024/04/12, 00:37:00, NODATA, NODATA, NODATA, NODATA,, NODATA, NODATA, NODATA, NODATA, NODATA, NODATA, NODATA, NODATA, NODATA, NODATA, NODATA, NODATA, NODATA, NODATA, NODATA, TRUEWIND_BAD_SOG, TRUEWIND_BAD_SOG, TRUEWIND_BAD_SOG, TRUEWIND_BAD_SOG, BAROMETER_BAD_RAW_PRESSURE, BAROMETER_BAD_RAW_PRESSURE, NODATA, NODATA, NODATA, NODATA, NODATA, NODATA, NODATA, SSV_BAD_TEMPERATURE, NODATA, NODATA, NODATA, NODATA, NODATA,2024/04/12 00:37:00,2024-04-12 00:37:00+00:00
2024/04/12, 00:38:00, NODATA, NODATA, NODATA, NODATA,, NODATA, NODATA, NODATA, NODATA, NODATA, NODATA, NODATA, NODATA, NODATA, NODATA, NODATA, NODATA, NODATA, NODATA, NODATA, TRUEWIND_BAD_SOG, TRUEWIND_BAD_SOG, TRUEWIND_BAD_SOG, TRUEWIND_BAD_SOG, BAROMETER_BAD_RAW_PRESSURE, BAROMETER_BAD_RAW_PRESSURE, NODATA, NODATA, NODATA, NODATA, NODATA, NODATA, NODATA, SSV_BAD_TEMPERATURE, NODATA, NODATA, NODATA, NODATA, NODATA,2024/04/12 00:38:00,2024-04-12 00:38:00+00:00
2024/04/12, 00:39:00, NODATA, NODATA, NODATA, NODATA,, NODATA, NODATA, NODATA, NODATA, NODATA, NODATA, NODATA, NODATA, NODATA, NODATA, NODATA, NODATA, NODATA, NODATA, NODATA, TRUEWIND_BAD_SOG, TRUEWIND_BAD_SOG, TRUEWIND_BAD_SOG, TRUEWIND_BAD_SOG, BAROMETER_BAD_RAW_PRESSURE, BAROMETER_BAD_RAW_PRESSURE, NODATA, NODATA, NODATA, NODATA, NODATA, NODATA, NODATA, SSV_BAD_TEMPERATURE, NODATA, NODATA, NODATA, NODATA, NODATA,2024/04/12 00:39:00,2024-04-12 00:39:00+00:00
2024/04/12, 00:40:00, NODATA, NODATA, NODATA, NODATA,, NODATA, NODATA, NODATA, NODATA, NODATA, NODATA, NODATA, NODATA, NODATA, NODATA, NODATA, NODATA, NODATA, NODATA, NODATA, TRUEWIND_BAD_SOG, TRUEWIND_BAD_SOG, TRUEWIND_BAD_SOG, TRUEWIND_BAD_SOG, BAROMETER_BAD_RAW_PRESSURE, BAROMETER_BAD_RAW_PRESSURE, NODATA, NODATA, NODATA, NODATA, NODATA, NODATA, NODATA, SSV_BAD_TEMPERATURE, NODATA, NODATA, NODATA, NODATA, NODATA,2024/04/12 00:40:00,2024-04-12 00:40:00+00:00
2024/04/12, 00:41:00, NODATA, NODATA, NODATA, NODATA,, NODATA, NODATA, NODATA, NODATA, NODATA, NODATA, NODATA, NODATA, NODATA, NODATA, NODATA, NODATA, NODATA, NODATA, NODATA, TRUEWIND_BAD_SOG, TRUEWIND_BAD_SOG, TRUEWIND_BAD_SOG, TRUEWIND_BAD_SOG, BAROMETER_BAD_RAW_PRESSURE, BAROMETER_BAD_RAW_PRESSURE, NODATA, NODATA, NODATA, NODATA, NODATA, NODATA, NODATA, SSV_BAD_TEMPERATURE, NODATA, NODATA, NODATA, NODATA, NODATA,2024/04/12 00:41:00,2024-04-12 00:41:00+00:00
2024/04/12, 00:42:00, NODATA, NODATA, NODATA, NODATA,, NODATA, NODATA, NODATA, NODATA, NODATA, NODATA, NODATA, NODATA, NODATA, NODATA, NODATA, NODATA, NODATA, NODATA, NODATA, TRUEWIND_BAD_SOG, TRUEWIND_BAD_SOG, TRUEWIND_BAD_SOG, TRUEWIND_BAD_SOG, BAROMETER_BAD_RAW_PRESSURE, BAROMETER_BAD_RAW_PRESSURE, NODATA, NODATA, NODATA, NODATA, NODATA, NODATA, NODATA, SSV_BAD_TEMPERATURE, NODATA, NODATA, NODATA, NODATA, NODATA,2024/04/12 00:42:00,2024-04-12 00:42:00+00:00
2024/04/12, 00:43:00, NODATA, NODATA, NODATA, NODATA,, NODATA, NODATA, NODATA, NODATA, NODATA, NODATA, NODATA, NODATA, NODATA, NODATA, NODATA, NODATA, NODATA, NODATA, NODATA, TRUEWIND_BAD_SOG, TRUEWIND_BAD_SOG, TRUEWIND_BAD_SOG, TRUEWIND_BAD_SOG, BAROMETER_BAD_RAW_PRESSURE, BAROMETER_BAD_RAW_PRESSURE, NODATA, NODATA, NODATA, NODATA, NODATA, NODATA, NODATA, SSV_BAD_TEMPERATURE, NODATA, NODATA, NODATA, NODATA, NODATA,2024/04/12 00:43:00,2024-04-12 00:43:00+00:00
2024/04/12, 00:44:00, NODATA, NODATA, NODATA, NODATA,, NODATA, NODATA, NODATA, NODATA, NODATA, NODATA, NODATA, NODATA, NODATA, NODATA, NODATA, NODATA, NODATA, NODATA, NODATA, TRUEWIND_BAD_SOG, TRUEWIND_BAD_SOG, TRUEWIND_BAD_SOG, TRUEWIND_BAD_SOG, BAROMETER_BAD_RAW_PRESSURE, BAROMETER_BAD_RAW_PRESSURE, NODATA, NODATA, NODATA, NODATA, NODATA, NODATA, NODATA, SSV_BAD_TEMPERATURE, NODATA, NODATA, NODATA, NODATA, NODATA,2024/04/12 00:44:00,2024-04-12 00:44:00+00:00
2024/04/12, 00:45:00, NODATA, NODATA, NODATA, NODATA,, NODATA, NODATA, NODATA, NODATA, NODATA, NODATA, NODATA, NODATA, NODATA, NODATA, NODATA, NODATA, NODATA, NODATA, NODATA, TRUEWIND_BAD_SOG, TRUEWIND_BAD_SOG, TRUEWIND_BAD_SOG, TRUEWIND_BAD_SOG, BAROMETER_BAD_RAW_PRESSURE, BAROMETER_BAD_RAW_PRESSURE, NODATA, NODATA, NODATA, NODATA, NODATA, NODATA, NODATA, SSV_BAD_TEMPERATURE, NODATA, NODATA, NODATA, NODATA, NODATA,2024/04/12 00:45:00,2024-04-12 00:45:00+00:00
2024/04/12, 00:46:00, NODATA, NODATA, NODATA, NODATA,, NODATA, NODATA, NODATA, NODATA, NODATA, NODATA, NODATA, NODATA, NODATA, NODATA, NODATA, NODATA, NODATA, NODATA, NODATA, TRUEWIND_BAD_SOG, TRUEWIND_BAD_SOG, TRUEWIND_BAD_SOG, TRUEWIND_BAD_SOG, BAROMETER_BAD_RAW_PRESSURE, BAROMETER_BAD_RAW_PRESSURE, NODATA, NODATA, NODATA, NODATA, NODATA, NODATA, NODATA, SSV_BAD_TEMPERATURE, NODATA, NODATA, NODATA, NODATA, NODATA,2024/04/12 00:46:00,2024-04-12 00:46:00+00:00
2024/04/12, 00:47:00, NODATA, NODATA, NODATA, NODATA,, NODATA, NODATA, NODATA, NODATA, NODATA, NODATA, NODATA, NODATA, NODATA, NODATA, NODATA, NODATA, NODATA, NODATA, NODATA, TRUEWIND_BAD_SOG, TRUEWIND_BAD_SOG, TRUEWIND_BAD_SOG, TRUEWIND_BAD_SOG, BAROMETER_BAD_RAW_PRESSURE, BAROMETER_BAD_RAW_PRESSURE, NODATA, NODATA, NODATA, NODATA, NODATA, NODATA, NODATA, SSV_BAD_TEMPERATURE, NODATA, NODATA, NODATA, NODATA, NODATA,2024/04/12 00:47:00,2024-04-12 00:47:00+00:00
2024/04/12, 00:48:00, NODATA, NODATA, NODATA, NODATA,, NODATA, NODATA, NODATA, NODATA, NODATA, NODATA, NODATA, NODATA, NODATA, NODATA, NODATA, NODATA, NODATA, NODATA, NODATA, TRUEWIND_BAD_SOG, TRUEWIND_BAD_SOG, TRUEWIND_BAD_SOG, TRUEWIND_BAD_SOG, BAROMETER_BAD_RAW_PRESSURE, BAROMETER_BAD_RAW_PRESSURE, NODATA, NODATA, NODATA, NODATA, NODATA, NODATA, NODATA, SSV_BAD_TEMPERATURE, NODATA, NODATA, NODATA, NODATA, NODATA,2024/04/12 00:48:00,2024-04-12 00:48:00+00:00
2024/04/12, 00:49:00, NODATA, NODATA, NODATA, NODATA,, NODATA, NODATA, NODATA, NODATA, NODATA, NODATA, NODATA, NODATA, NODATA, NODATA, NODATA, NODATA, NODATA, NODATA, NODATA, TRUEWIND_BAD_SOG, TRUEWIND_BAD_SOG, TRUEWIND_BAD_SOG, TRUEWIND_BAD_SOG, BAROMETER_BAD_RAW_PRESSURE, BAROMETER_BAD_RAW_PRESSURE, NODATA, NODATA, NODATA, NODATA, NODATA, NODATA, NODATA, SSV_BAD_TEMPERATURE, NODATA, NODATA, NODATA, NODATA, NODATA,2024/04/12 00:49:00,2024-04-12 00:49:00+00:00
2024/04/12, 00:50:00, NODATA, NODATA, NODATA, NODATA,, NODATA, NODATA, NODATA, NODATA, NODATA, NODATA, NODATA, NODATA, NODATA, NODATA, NODATA, NODATA, NODATA, NODATA, NODATA, TRUEWIND_BAD_SOG, TRUEWIND_BAD_SOG, TRUEWIND_BAD_SOG, TRUEWIND_BAD_SOG, BAROMETER_BAD_RAW_PRESSURE, BAROMETER_BAD_RAW_PRESSURE, NODATA, NODATA, NODATA, NODATA, NODATA, NODATA, NODATA, SSV_BAD_TEMPERATURE, NODATA, NODATA, NODATA, NODATA, NODATA,2024/04/12 00:50:00,2024-04-12 00:50:00+00:00
2024/04/12, 00:51:00, NODATA, NODATA, NODATA, NODATA,, NODATA, NODATA, NODATA, NODATA, NODATA, NODATA, NODATA, NODATA, NODATA, NODATA, NODATA, NODATA, NODATA, NODATA, NODATA, TRUEWIND_BAD_SOG, TRUEWIND_BAD_SOG, TRUEWIND_BAD_SOG, TRUEWIND_BAD_SOG, BAROMETER_BAD_RAW_PRESSURE, BAROMETER_BAD_RAW_PRESSURE, NODATA, NODATA, NODATA, NODATA, NODATA, NODATA, NODATA, SSV_BAD_TEMPERATURE, NODATA, NODATA, NODATA, NODATA, NODATA,2024/04/12 00:51:00,2024-04-12 00:51:00+00:00
2024/04/12, 00:52:00, NODATA, NODATA, NODATA, NODATA,, NODATA, NODATA, NODATA, NODATA, NODATA, NODATA, NODATA, NODATA, NODATA, NODATA, NODATA, NODATA, NODATA, NODATA, NODATA, TRUEWIND_BAD_SOG, TRUEWIND_BAD_SOG, TRUEWIND_BAD_SOG, TRUEWIND_BAD_SOG, BAROMETER_BAD_RAW_PRESSURE, BAROMETER_BAD_RAW_PRESSURE, NODATA, NODATA, NODATA, NODATA, NODATA, NODATA, NODATA, SSV_BAD_TEMPERATURE, NODATA, NODATA, NODATA, NODATA, NODATA,2024/04/12 00:52:00,2024-04-12 00:52:00+00:00
2024/04/12, 00:53:00, NODATA, NODATA, NODATA, NODATA,, NODATA, NODATA, NODATA, NODATA, NODATA, NODATA, NODATA, NODATA, NODATA, NODATA, NODATA, NODATA, NODATA, NODATA, NODATA, TRUEWIND_BAD_SOG, TRUEWIND_BAD_SOG, TRUEWIND_BAD_SOG, TRUEWIND_BAD_SOG, BAROMETER_BAD_RAW_PRESSURE, BAROMETER_BAD_RAW_PRESSURE, NODATA, NODATA, NODATA, NODATA, NODATA, NODATA, NODATA, SSV_BAD_TEMPERATURE, NODATA, NODATA, NODATA, NODATA, NODATA,2024/04/12 00:53:00,2024-04-12 00:53:00+00:00
2024/04/12, 00:54:00, NODATA, NODATA, NODATA, NODATA,, NODATA, NODATA, NODATA, NODATA, NODATA, NODATA, NODATA, NODATA, NODATA, NODATA, NODATA, NODATA, NODATA, NODATA, NODATA, TRUEWIND_BAD_SOG, TRUEWIND_BAD_SOG, TRUEWIND_BAD_SOG, TRUEWIND_BAD_SOG, BAROMETER_BAD_RAW_PRESSURE, BAROMETER_BAD_RAW_PRESSURE, NODATA, NODATA, NODATA, NODATA, NODATA, NODATA, NODATA, SSV_BAD_TEMPERATURE, NODATA, NODATA, NODATA, NODATA, NODATA,2024/04/12 00:54:00,2024-04-12 00:54:00+00:00
2024/04/12, 00:55:00, NODATA, NODATA, NODATA, NODATA,, NODATA, NODATA, NODATA, NODATA, NODATA, NODATA, NODATA, NODATA, NODATA, NODATA, NODATA, NODATA, NODATA, NODATA, NODATA, TRUEWIND_BAD_SOG, TRUEWIND_BAD_SOG, TRUEWIND_BAD_SOG, TRUEWIND_BAD_SOG, BAROMETER_BAD_RAW_PRESSURE, BAROMETER_BAD_RAW_PRESSURE, NODATA, NODATA, NODATA, NODATA, NODATA, NODATA, NODATA, SSV_BAD_TEMPERATURE, NODATA, NODATA, NODATA, NODATA, NODATA,2024/04/12 00:55:00,2024-04-12 00:55:00+00:00
2024/04/12, 00:56:00, NODATA, NODATA, NODATA, NODATA,, NODATA, NODATA, NODATA, NODATA, NODATA, NODATA, NODATA, NODATA, NODATA, NODATA, NODATA, NODATA, NODATA, NODATA, NODATA, TRUEWIND_BAD_SOG, TRUEWIND_BAD_SOG, TRUEWIND_BAD_SOG, TRUEWIND_BAD_SOG, BAROMETER_BAD_RAW_PRESSURE, BAROMETER_BAD_RAW_PRESSURE, NODATA, NODATA, NODATA, NODATA, NODATA, NODATA, NODATA, SSV_BAD_TEMPERATURE, NODATA, NODATA, NODATA, NODATA, NODATA,2024/04/12 00:56:00,2024-04-12 00:56:00+00:00
2024/04/12, 00:57:00, NODATA, NODATA, NODATA, NODATA,, NODATA, NODATA, NODATA, NODATA, NODATA, NODATA, NODATA, NODATA, NODATA, NODATA, NODATA, NODATA, NODATA, NODATA, NODATA, TRUEWIND_BAD_SOG, TRUEWIND_BAD_SOG, TRUEWIND_BAD_SOG, TRUEWIND_BAD_SOG, BAROMETER_BAD_RAW_PRESSURE, BAROMETER_BAD_RAW_PRESSURE, NODATA, NODATA, NODATA, NODATA, NODATA, NODATA, NODATA, SSV_BAD_TEMPERATURE, NODATA, NODATA, NODATA, NODATA, NODATA,2024/04/12 00:57:00,2024-04-12 00:57:00+00:00
2024/04/12, 00:58:00, NODATA, NODATA, NODATA, NODATA,, NODATA, NODATA, NODATA, NODATA, NODATA, NODATA, NODATA, NODATA, NODATA, NODATA, NODATA, NODATA, NODATA, NODATA, NODATA, TRUEWIND_BAD_SOG, TRUEWIND_BAD_SOG, TRUEWIND_BAD_SOG, TRUEWIND_BAD_SOG, BAROMETER_BAD_RAW_PRESSURE, BAROMETER_BAD_RAW_PRESSURE, NODATA, NODATA, NODATA, NODATA, NODATA, NODATA, NODATA, SSV_BAD_TEMPERATURE, NODATA, NODATA, NODATA, NODATA, NODATA,2024/04/12 00:58:00,2024-04-12 00:58:00+00:00
2024/04/12, 00:59:00, NODATA, NODATA, NODATA, NODATA,, NODATA, NODATA, NODATA, NODATA, NODATA, NODATA, NODATA, NODATA, NODATA, NODATA, NODATA, NODATA, NODATA, NODATA, NODATA, TRUEWIND_BAD_SOG, TRUEWIND_BAD_SOG, TRUEWIND_BAD_SOG, TRUEWIND_BAD_SOG, BAROMETER_BAD_RAW_PRESSURE, BAROMETER_BAD_RAW_PRESSURE, NODATA, NODATA, NODATA, NODATA, NODATA, NODATA, NODATA, SSV_BAD_TEMPERATURE, NODATA, NODATA, NODATA, NODATA, NODATA,2024/04/12 00:59:00,2024-04-12 00:59:00+00:00
2024/04/12, 01:00:00, NODATA, NODATA, NODATA, NODATA,, NODATA, NODATA, NODATA, NODATA, NODATA, NODATA, NODATA, NODATA, NODATA, NODATA, NODATA, NODATA, NODATA, NODATA, NODATA, TRUEWIND_BAD_SOG, TRUEWIND_BAD_SOG, TRUEWIND_BAD_SOG, TRUEWIND_BAD_SOG, BAROMETER_BAD_RAW_PRESSURE, BAROMETER_BAD_RAW_PRESSURE, NODATA, NODATA, NODATA, NODATA, NODATA, NODATA, NODATA, SSV_BAD_TEMPERATURE, NODATA, NODATA, NODATA, NODATA, NODATA,2024/04/12 01:00:00,2024-04-12 01:00:00+00:00
2024/04/12, 01:01:00, NODATA, NODATA, NODATA, NODATA,, NODATA, NODATA, NODATA, NODATA, NODATA, NODATA, NODATA, NODATA, NODATA, NODATA, NODATA, NODATA, NODATA, NODATA, NODATA, TRUEWIND_BAD_SOG, TRUEWIND_BAD_SOG, TRUEWIND_BAD_SOG, TRUEWIND_BAD_SOG, BAROMETER_BAD_RAW_PRESSURE, BAROMETER_BAD_RAW_PRESSURE, NODATA, NODATA, NODATA, NODATA, NODATA, NODATA, NODATA, SSV_BAD_TEMPERATURE, NODATA, NODATA, NODATA, NODATA, NODATA,2024/04/12 01:01:00,2024-04-12 01:01:00+00:00
2024/04/12, 01:02:00, NODATA, NODATA, NODATA, NODATA,, NODATA, NODATA, NODATA, NODATA, NODATA, NODATA, NODATA, NODATA, NODATA, NODATA, NODATA, NODATA, NODATA, NODATA, NODATA, TRUEWIND_BAD_SOG, TRUEWIND_BAD_SOG, TRUEWIND_BAD_SOG, TRUEWIND_BAD_SOG, BAROMETER_BAD_RAW_PRESSURE, BAROMETER_BAD_RAW_PRESSURE, NODATA, NODATA, NODATA, NODATA, NODATA, NODATA, NODATA, SSV_BAD_TEMPERATURE, NODATA, NODATA, NODATA, NODATA, NODATA,2024/04/12 01:02:00,2024-04-12 01:02:00+00:00
2024/04/12, 01:03:00, NODATA, NODATA, NODATA, NODATA,, NODATA, NODATA, NODATA, NODATA, NODATA, NODATA, NODATA, NODATA, NODATA, NODATA, NODATA, NODATA, NODATA, NODATA, NODATA, TRUEWIND_BAD_SOG, TRUEWIND_BAD_SOG, TRUEWIND_BAD_SOG, TRUEWIND_BAD_SOG, BAROMETER_BAD_RAW_PRESSURE, BAROMETER_BAD_RAW_PRESSURE, NODATA, NODATA, NODATA, NODATA, NODATA, NODATA, NODATA, SSV_BAD_TEMPERATURE, NODATA, NODATA, NODATA, NODATA, NODATA,2024/04/12 01:03:00,2024-04-12 01:03:00+00:00
2024/04/12, 01:04:00, NODATA, NODATA, NODATA, NODATA,, NODATA, NODATA, NODATA, NODATA, NODATA, NODATA, NODATA, NODATA, NODATA, NODATA, NODATA, NODATA, NODATA, NODATA, NODATA, TRUEWIND_BAD_SOG, TRUEWIND_BAD_SOG, TRUEWIND_BAD_SOG, TRUEWIND_BAD_SOG, BAROMETER_BAD_RAW_PRESSURE, BAROMETER_BAD_RAW_PRESSURE, NODATA, NODATA, NODATA, NODATA, NODATA, NODATA, NODATA, SSV_BAD_TEMPERATURE, NODATA, NODATA, NODATA, NODATA, NODATA,2024/04/12 01:04:00,2024-04-12 01:04:00+00:00
2024/04/12, 01:05:00, NODATA, NODATA, NODATA, NODATA,, NODATA, NODATA, NODATA, NODATA, NODATA, NODATA, NODATA, NODATA, NODATA, NODATA, NODATA, NODATA, NODATA, NODATA, NODATA, TRUEWIND_BAD_SOG, TRUEWIND_BAD_SOG, TRUEWIND_BAD_SOG, TRUEWIND_BAD_SOG, BAROMETER_BAD_RAW_PRESSURE, BAROMETER_BAD_RAW_PRESSURE, NODATA, NODATA, NODATA, NODATA, NODATA, NODATA, NODATA, SSV_BAD_TEMPERATURE, NODATA, NODATA, NODATA, NODATA, NODATA,2024/04/12 01:05:00,2024-04-12 01:05:00+00:00
2024/04/12, 01:06:00, NODATA, NODATA, NODATA, NODATA,, NODATA, NODATA, NODATA, NODATA, NODATA, NODATA, NODATA, NODATA, NODATA, NODATA, NODATA, NODATA, NODATA, NODATA, NODATA, TRUEWIND_BAD_SOG, TRUEWIND_BAD_SOG, TRUEWIND_BAD_SOG, TRUEWIND_BAD_SOG, BAROMETER_BAD_RAW_PRESSURE, BAROMETER_BAD_RAW_PRESSURE, NODATA, NODATA, NODATA, NODATA, NODATA, NODATA, NODATA, SSV_BAD_TEMPERATURE, NODATA, NODATA, NODATA, NODATA, NODATA,2024/04/12 01:06:00,2024-04-12 01:06:00+00:00
2024/04/12, 01:07:00, NODATA, NODATA, NODATA, NODATA,, NODATA, NODATA, NODATA, NODATA, NODATA, NODATA, NODATA, NODATA, NODATA, NODATA, NODATA, NODATA, NODATA, NODATA, NODATA, TRUEWIND_BAD_SOG, TRUEWIND_BAD_SOG, TRUEWIND_BAD_SOG, TRUEWIND_BAD_SOG, BAROMETER_BAD_RAW_PRESSURE, BAROMETER_BAD_RAW_PRESSURE, NODATA, NODATA, NODATA, NODATA, NODATA, NODATA, NODATA, SSV_BAD_TEMPERATURE, NODATA, NODATA, NODATA, NODATA, NODATA,2024/04/12 01:07:00,2024-04-12 01:07:00+00:00
2024/04/12, 01:08:00, NODATA, NODATA, NODATA, NODATA,, NODATA, NODATA, NODATA, NODATA, NODATA, NODATA, NODATA, NODATA, NODATA, NODATA, NODATA, NODATA, NODATA, NODATA, NODATA, TRUEWIND_BAD_SOG, TRUEWIND_BAD_SOG, TRUEWIND_BAD_SOG, TRUEWIND_BAD_SOG, BAROMETER_BAD_RAW_PRESSURE, BAROMETER_BAD_RAW_PRESSURE, NODATA, NODATA, NODATA, NODATA, NODATA, NODATA, NODATA, SSV_BAD_TEMPERATURE, NODATA, NODATA, NODATA, NODATA, NODATA,2024/04/12 01:08:00,2024-04-12 01:08:00+00:00
2024/04/12, 01:09:00, NODATA, NODATA, NODATA, NODATA,, NODATA, NODATA, NODATA, NODATA, NODATA, NODATA, NODATA, NODATA, NODATA, NODATA, NODATA, NODATA, NODATA, NODATA, NODATA, TRUEWIND_BAD_SOG, TRUEWIND_BAD_SOG, TRUEWIND_BAD_SOG, TRUEWIND_BAD_SOG, BAROMETER_BAD_RAW_PRESSURE, BAROMETER_BAD_RAW_PRESSURE, NODATA, NODATA, NODATA, NODATA, NODATA, NODATA, NODATA, SSV_BAD_TEMPERATURE, NODATA, NODATA, NODATA, NODATA, NODATA,2024/04/12 01:09:00,2024-04-12 01:09:00+00:00
2024/04/12, 01:10:00, NODATA, NODATA, NODATA, NODATA,, NODATA, NODATA, NODATA, NODATA, NODATA, NODATA, NODATA, NODATA, NODATA, NODATA, NODATA, NODATA, NODATA, NODATA, NODATA, TRUEWIND_BAD_SOG, TRUEWIND_BAD_SOG, TRUEWIND_BAD_SOG, TRUEWIND_BAD_SOG, BAROMETER_BAD_RAW_PRESSURE, BAROMETER_BAD_RAW_PRESSURE, NODATA, NODATA, NODATA, NODATA, NODATA, NODATA, NODATA, SSV_BAD_TEMPERATURE, NODATA, NODATA, NODATA, NODATA, NODATA,2024/04/12 01:10:00,2024-04-12 01:10:00+00:00
2024/04/12, 01:11:00, NODATA, NODATA, NODATA, NODATA,, NODATA, NODATA, NODATA, NODATA, NODATA, NODATA, NODATA, NODATA, NODATA, NODATA, NODATA, NODATA, NODATA, NODATA, NODATA, TRUEWIND_BAD_SOG, TRUEWIND_BAD_SOG, TRUEWIND_BAD_SOG, TRUEWIND_BAD_SOG, BAROMETER_BAD_RAW_PRESSURE, BAROMETER_BAD_RAW_PRESSURE, NODATA, NODATA, NODATA, NODATA, NODATA, NODATA, NODATA, SSV_BAD_TEMPERATURE, NODATA, NODATA, NODATA, NODATA, NODATA,2024/04/12 01:11:00,2024-04-12 01:11:00+00:00
2024/04/12, 01:12:00, NODATA, NODATA, NODATA, NODATA,, NODATA, NODATA, NODATA, NODATA, NODATA, NODATA, NODATA, NODATA, NODATA, NODATA, NODATA, NODATA, NODATA, NODATA, NODATA, TRUEWIND_BAD_SOG, TRUEWIND_BAD_SOG, TRUEWIND_BAD_SOG, TRUEWIND_BAD_SOG, BAROMETER_BAD_RAW_PRESSURE, BAROMETER_BAD_RAW_PRESSURE, NODATA, NODATA, NODATA, NODATA, NODATA, NODATA, NODATA, SSV_BAD_TEMPERATURE, NODATA, NODATA, NODATA, NODATA, NODATA,2024/04/12 01:12:00,2024-04-12 01:12:00+00:00
2024/04/12, 01:13:00, NODATA, NODATA, NODATA, NODATA,, NODATA, NODATA, NODATA, NODATA, NODATA, NODATA, NODATA, NODATA, NODATA, NODATA, NODATA, NODATA, NODATA, NODATA, NODATA, TRUEWIND_BAD_SOG, TRUEWIND_BAD_SOG, TRUEWIND_BAD_SOG, TRUEWIND_BAD_SOG, BAROMETER_BAD_RAW_PRESSURE, BAROMETER_BAD_RAW_PRESSURE, NODATA, NODATA, NODATA, NODATA, NODATA, NODATA, NODATA, SSV_BAD_TEMPERATURE, NODATA, NODATA, NODATA, NODATA, NODATA,2024/04/12 01:13:00,2024-04-12 01:13:00+00:00
2024/04/12, 01:14:00, NODATA, NODATA, NODATA, NODATA,, NODATA, NODATA, NODATA, NODATA, NODATA, NODATA, NODATA, NODATA, NODATA, NODATA, NODATA, NODATA, NODATA, NODATA, NODATA, TRUEWIND_BAD_SOG, TRUEWIND_BAD_SOG, TRUEWIND_BAD_SOG, TRUEWIND_BAD_SOG, BAROMETER_BAD_RAW_PRESSURE, BAROMETER_BAD_RAW_PRESSURE, NODATA, NODATA, NODATA, NODATA, NODATA, NODATA, NODATA, SSV_BAD_TEMPERATURE, NODATA, NODATA, NODATA, NODATA, NODATA,2024/04/12 01:14:00,2024-04-12 01:14:00+00:00
2024/04/12, 01:15:00, NODATA, NODATA, NODATA, NODATA,, NODATA, NODATA, NODATA, NODATA, NODATA, NODATA, NODATA, NODATA, NODATA, NODATA, NODATA, NODATA, NODATA, NODATA, NODATA, TRUEWIND_BAD_SOG, TRUEWIND_BAD_SOG, TRUEWIND_BAD_SOG, TRUEWIND_BAD_SOG, BAROMETER_BAD_RAW_PRESSURE, BAROMETER_BAD_RAW_PRESSURE, NODATA, NODATA, NODATA, NODATA, NODATA, NODATA, NODATA, SSV_BAD_TEMPERATURE, NODATA, NODATA, NODATA, NODATA, NODATA,2024/04/12 01:15:00,2024-04-12 01:15:00+00:00
2024/04/12, 01:16:00, NODATA, NODATA, NODATA, NODATA,, NODATA, NODATA, NODATA, NODATA, NODATA, NODATA, NODATA, NODATA, NODATA, NODATA, NODATA, NODATA, NODATA, NODATA, NODATA, TRUEWIND_BAD_SOG, TRUEWIND_BAD_SOG, TRUEWIND_BAD_SOG, TRUEWIND_BAD_SOG, BAROMETER_BAD_RAW_PRESSURE, BAROMETER_BAD_RAW_PRESSURE, NODATA, NODATA, NODATA, NODATA, NODATA, NODATA, NODATA, SSV_BAD_TEMPERATURE, NODATA, NODATA, NODATA, NODATA, NODATA,2024/04/12 01:16:00,2024-04-12 01:16:00+00:00
2024/04/12, 01:17:00, NODATA, NODATA, NODATA, NODATA,, NODATA, NODATA, NODATA, NODATA, NODATA, NODATA, NODATA, NODATA, NODATA, NODATA, NODATA, NODATA, NODATA, NODATA, NODATA, TRUEWIND_BAD_SOG, TRUEWIND_BAD_SOG, TRUEWIND_BAD_SOG, TRUEWIND_BAD_SOG, BAROMETER_BAD_RAW_PRESSURE, BAROMETER_BAD_RAW_PRESSURE, NODATA, NODATA, NODATA, NODATA, NODATA, NODATA, NODATA, SSV_BAD_TEMPERATURE, NODATA, NODATA, NODATA, NODATA, NODATA,2024/04/12 01:17:00,2024-04-12 01:17:00+00:00
2024/04/12, 01:18:00, NODATA, NODATA, NODATA, NODATA,, NODATA, NODATA, NODATA, NODATA, NODATA, NODATA, NODATA, NODATA, NODATA, NODATA, NODATA, NODATA, NODATA, NODATA, NODATA, TRUEWIND_BAD_SOG, TRUEWIND_BAD_SOG, TRUEWIND_BAD_SOG, TRUEWIND_BAD_SOG, BAROMETER_BAD_RAW_PRESSURE, BAROMETER_BAD_RAW_PRESSURE, NODATA, NODATA, NODATA, NODATA, NODATA, NODATA, NODATA, SSV_BAD_TEMPERATURE, NODATA, NODATA, NODATA, NODATA, NODATA,2024/04/12 01:18:00,2024-04-12 01:18:00+00:00
2024/04/12, 01:19:00, NODATA, NODATA, NODATA, NODATA,, NODATA, NODATA, NODATA, NODATA, NODATA, NODATA, NODATA, NODATA, NODATA, NODATA, NODATA, NODATA, NODATA, NODATA, NODATA, TRUEWIND_BAD_SOG, TRUEWIND_BAD_SOG, TRUEWIND_BAD_SOG, TRUEWIND_BAD_SOG, BAROMETER_BAD_RAW_PRESSURE, BAROMETER_BAD_RAW_PRESSURE, NODATA, NODATA, NODATA, NODATA, NODATA, NODATA, NODATA, SSV_BAD_TEMPERATURE, NODATA, NODATA, NODATA, NODATA, NODATA,2024/04/12 01:19:00,2024-04-12 01:19:00+00:00
2024/04/12, 01:20:00, NODATA, NODATA, NODATA, NODATA,, NODATA, NODATA, NODATA, NODATA, NODATA, NODATA, NODATA, NODATA, NODATA, NODATA, NODATA, NODATA, NODATA, NODATA, NODATA, TRUEWIND_BAD_SOG, TRUEWIND_BAD_SOG, TRUEWIND_BAD_SOG, TRUEWIND_BAD_SOG, BAROMETER_BAD_RAW_PRESSURE, BAROMETER_BAD_RAW_PRESSURE, NODATA, NODATA, NODATA, NODATA, NODATA, NODATA, NODATA, SSV_BAD_TEMPERATURE, NODATA, NODATA, NODATA, NODATA, NODATA,2024/04/12 01:20:00,2024-04-12 01:20:00+00:00
2024/04/12, 01:21:00, NODATA, NODATA, NODATA, NODATA,, NODATA, NODATA, NODATA, NODATA, NODATA, NODATA, NODATA, NODATA, NODATA, NODATA, NODATA, NODATA, NODATA, NODATA, NODATA, TRUEWIND_BAD_SOG, TRUEWIND_BAD_SOG, TRUEWIND_BAD_SOG, TRUEWIND_BAD_SOG, BAROMETER_BAD_RAW_PRESSURE, BAROMETER_BAD_RAW_PRESSURE, NODATA, NODATA, NODATA, NODATA, NODATA, NODATA, NODATA, SSV_BAD_TEMPERATURE, NODATA, NODATA, NODATA, NODATA, NODATA,2024/04/12 01:21:00,2024-04-12 01:21:00+00:00
2024/04/12, 01:22:00, NODATA, NODATA, NODATA, NODATA,, NODATA, NODATA, NODATA, NODATA, NODATA, NODATA, NODATA, NODATA, NODATA, NODATA, NODATA, NODATA, NODATA, NODATA, NODATA, TRUEWIND_BAD_SOG, TRUEWIND_BAD_SOG, TRUEWIND_BAD_SOG, TRUEWIND_BAD_SOG, BAROMETER_BAD_RAW_PRESSURE, BAROMETER_BAD_RAW_PRESSURE, NODATA, NODATA, NODATA, NODATA, NODATA, NODATA, NODATA, SSV_BAD_TEMPERATURE, NODATA, NODATA, NODATA, NODATA, NODATA,2024/04/12 01:22:00,2024-04-12 01:22:00+00:00
2024/04/12, 01:23:00, NODATA, NODATA, NODATA, NODATA,, NODATA, NODATA, NODATA, NODATA, NODATA, NODATA, NODATA, NODATA, NODATA, NODATA, NODATA, NODATA, NODATA, NODATA, NODATA, TRUEWIND_BAD_SOG, TRUEWIND_BAD_SOG, TRUEWIND_BAD_SOG, TRUEWIND_BAD_SOG, BAROMETER_BAD_RAW_PRESSURE, BAROMETER_BAD_RAW_PRESSURE, NODATA, NODATA, NODATA, NODATA, NODATA, NODATA, NODATA, SSV_BAD_TEMPERATURE, NODATA, NODATA, NODATA, NODATA, NODATA,2024/04/12 01:23:00,2024-04-12 01:23:00+00:00
2024/04/12, 01:24:00, NODATA, NODATA, NODATA, NODATA,, NODATA, NODATA, NODATA, NODATA, NODATA, NODATA, NODATA, NODATA, NODATA, NODATA, NODATA, NODATA, NODATA, NODATA, NODATA, TRUEWIND_BAD_SOG, TRUEWIND_BAD_SOG, TRUEWIND_BAD_SOG, TRUEWIND_BAD_SOG, BAROMETER_BAD_RAW_PRESSURE, BAROMETER_BAD_RAW_PRESSURE, NODATA, NODATA, NODATA, NODATA, NODATA, NODATA, NODATA, SSV_BAD_TEMPERATURE, NODATA, NODATA, NODATA, NODATA, NODATA,2024/04/12 01:24:00,2024-04-12 01:24:00+00:00
2024/04/12, 01:25:00, NODATA, NODATA, NODATA, NODATA,, NODATA, NODATA, NODATA, NODATA, NODATA, NODATA, NODATA, NODATA, NODATA, NODATA, NODATA, NODATA, NODATA, NODATA, NODATA, TRUEWIND_BAD_SOG, TRUEWIND_BAD_SOG, TRUEWIND_BAD_SOG, TRUEWIND_BAD_SOG, BAROMETER_BAD_RAW_PRESSURE, BAROMETER_BAD_RAW_PRESSURE, NODATA, NODATA, NODATA, NODATA, NODATA, NODATA, NODATA, SSV_BAD_TEMPERATURE, NODATA, NODATA, NODATA, NODATA, NODATA,2024/04/12 01:25:00,2024-04-12 01:25:00+00:00
2024/04/12, 01:26:00, NODATA, NODATA, NODATA, NODATA,, NODATA, NODATA, NODATA, NODATA, NODATA, NODATA, NODATA, NODATA, NODATA, NODATA, NODATA, NODATA, NODATA, NODATA, NODATA, TRUEWIND_BAD_SOG, TRUEWIND_BAD_SOG, TRUEWIND_BAD_SOG, TRUEWIND_BAD_SOG, BAROMETER_BAD_RAW_PRESSURE, BAROMETER_BAD_RAW_PRESSURE, NODATA, NODATA, NODATA, NODATA, NODATA, NODATA, NODATA, SSV_BAD_TEMPERATURE, NODATA, NODATA, NODATA, NODATA, NODATA,2024/04/12 01:26:00,2024-04-12 01:26:00+00:00
2024/04/12, 01:27:00, NODATA, NODATA, NODATA, NODATA,, NODATA, NODATA, NODATA, NODATA, NODATA, NODATA, NODATA, NODATA, NODATA, NODATA, NODATA, NODATA, NODATA, NODATA, NODATA, TRUEWIND_BAD_SOG, TRUEWIND_BAD_SOG, TRUEWIND_BAD_SOG, TRUEWIND_BAD_SOG, BAROMETER_BAD_RAW_PRESSURE, BAROMETER_BAD_RAW_PRESSURE, NODATA, NODATA, NODATA, NODATA, NODATA, NODATA, NODATA, SSV_BAD_TEMPERATURE, NODATA, NODATA, NODATA, NODATA, NODATA,2024/04/12 01:27:00,2024-04-12 01:27:00+00:00
2024/04/12, 01:28:00, NODATA, NODATA, NODATA, NODATA,, NODATA, NODATA, NODATA, NODATA, NODATA, NODATA, NODATA, NODATA, NODATA, NODATA, NODATA, NODATA, NODATA, NODATA, NODATA, TRUEWIND_BAD_SOG, TRUEWIND_BAD_SOG, TRUEWIND_BAD_SOG, TRUEWIND_BAD_SOG, BAROMETER_BAD_RAW_PRESSURE, BAROMETER_BAD_RAW_PRESSURE, NODATA, NODATA, NODATA, NODATA, NODATA, NODATA, NODATA, SSV_BAD_TEMPERATURE, NODATA, NODATA, NODATA, NODATA, NODATA,2024/04/12 01:28:00,2024-04-12 01:28:00+00:00
2024/04/12, 01:29:00, NODATA, NODATA, NODATA, NODATA,, NODATA, NODATA, NODATA, NODATA, NODATA, NODATA, NODATA, NODATA, NODATA, NODATA, NODATA, NODATA, NODATA, NODATA, NODATA, TRUEWIND_BAD_SOG, TRUEWIND_BAD_SOG, TRUEWIND_BAD_SOG, TRUEWIND_BAD_SOG, BAROMETER_BAD_RAW_PRESSURE, BAROMETER_BAD_RAW_PRESSURE, NODATA, NODATA, NODATA, NODATA, NODATA, NODATA, NODATA, SSV_BAD_TEMPERATURE, NODATA, NODATA, NODATA, NODATA, NODATA,2024/04/12 01:29:00,2024-04-12 01:29:00+00:00
2024/04/12, 01:30:00, NODATA, NODATA, NODATA, NODATA,, NODATA, NODATA, NODATA, NODATA, NODATA, NODATA, NODATA, NODATA, NODATA, NODATA, NODATA, NODATA, NODATA, NODATA, NODATA, TRUEWIND_BAD_SOG, TRUEWIND_BAD_SOG, TRUEWIND_BAD_SOG, TRUEWIND_BAD_SOG, BAROMETER_BAD_RAW_PRESSURE, BAROMETER_BAD_RAW_PRESSURE, NODATA, NODATA, NODATA, NODATA, NODATA, NODATA, NODATA, SSV_BAD_TEMPERATURE, NODATA, NODATA, NODATA, NODATA, NODATA,2024/04/12 01:30:00,2024-04-12 01:30:00+00:00
2024/04/12, 01:31:00, NODATA, NODATA, NODATA, NODATA,, NODATA, NODATA, NODATA, NODATA, NODATA, NODATA, NODATA, NODATA, NODATA, NODATA, NODATA, NODATA, NODATA, NODATA, NODATA, TRUEWIND_BAD_SOG, TRUEWIND_BAD_SOG, TRUEWIND_BAD_SOG, TRUEWIND_BAD_SOG, BAROMETER_BAD_RAW_PRESSURE, BAROMETER_BAD_RAW_PRESSURE, NODATA, NODATA, NODATA, NODATA, NODATA, NODATA, NODATA, SSV_BAD_TEMPERATURE, NODATA, NODATA, NODATA, NODATA, NODATA,2024/04/12 01:31:00,2024-04-12 01:31:00+00:00
2024/04/12, 01:32:00, NODATA, NODATA, NODATA, NODATA,, NODATA, NODATA, NODATA, NODATA, NODATA, NODATA, NODATA, NODATA, NODATA, NODATA, NODATA, NODATA, NODATA, NODATA, NODATA, TRUEWIND_BAD_SOG, TRUEWIND_BAD_SOG, TRUEWIND_BAD_SOG, TRUEWIND_BAD_SOG, BAROMETER_BAD_RAW_PRESSURE, BAROMETER_BAD_RAW_PRESSURE, NODATA, NODATA, NODATA, NODATA, NODATA, NODATA, NODATA, SSV_BAD_TEMPERATURE, NODATA, NODATA, NODATA, NODATA, NODATA,2024/04/12 01:32:00,2024-04-12 01:32:00+00:00
2024/04/12, 01:33:00, NODATA, NODATA, NODATA, NODATA,, NODATA, NODATA, NODATA, NODATA, NODATA, NODATA, NODATA, NODATA, NODATA, NODATA, NODATA, NODATA, NODATA, NODATA, NODATA, TRUEWIND_BAD_SOG, TRUEWIND_BAD_SOG, TRUEWIND_BAD_SOG, TRUEWIND_BAD_SOG, BAROMETER_BAD_RAW_PRESSURE, BAROMETER_BAD_RAW_PRESSURE, NODATA, NODATA, NODATA, NODATA, NODATA, NODATA, NODATA, SSV_BAD_TEMPERATURE, NODATA, NODATA, NODATA, NODATA, NODATA,2024/04/12 01:33:00,2024-04-12 01:33:00+00:00
2024/04/12, 01:34:00, NODATA, NODATA, NODATA, NODATA,, NODATA, NODATA, NODATA, NODATA, NODATA, NODATA, NODATA, NODATA, NODATA, NODATA, NODATA, NODATA, NODATA, NODATA, NODATA, TRUEWIND_BAD_SOG, TRUEWIND_BAD_SOG, TRUEWIND_BAD_SOG, TRUEWIND_BAD_SOG, BAROMETER_BAD_RAW_PRESSURE, BAROMETER_BAD_RAW_PRESSURE, NODATA, NODATA, NODATA, NODATA, NODATA, NODATA, NODATA, SSV_BAD_TEMPERATURE, NODATA, NODATA, NODATA, NODATA, NODATA,2024/04/12 01:34:00,2024-04-12 01:34:00+00:00
2024/04/12, 01:35:00, NODATA, NODATA, NODATA, NODATA,, NODATA, NODATA, NODATA, NODATA, NODATA, NODATA, NODATA, NODATA, NODATA, NODATA, NODATA, NODATA, NODATA, NODATA, NODATA, TRUEWIND_BAD_SOG, TRUEWIND_BAD_SOG, TRUEWIND_BAD_SOG, TRUEWIND_BAD_SOG, BAROMETER_BAD_RAW_PRESSURE, BAROMETER_BAD_RAW_PRESSURE, NODATA, NODATA, NODATA, NODATA, NODATA, NODATA, NODATA, SSV_BAD_TEMPERATURE, NODATA, NODATA, NODATA, NODATA, NODATA,2024/04/12 01:35:00,2024-04-12 01:35:00+00:00
2024/04/12, 01:36:00, NODATA, NODATA, NODATA, NODATA,, NODATA, NODATA, NODATA, NODATA, NODATA, NODATA, NODATA, NODATA, NODATA, NODATA, NODATA, NODATA, NODATA, NODATA, NODATA, TRUEWIND_BAD_SOG, TRUEWIND_BAD_SOG, TRUEWIND_BAD_SOG, TRUEWIND_BAD_SOG, BAROMETER_BAD_RAW_PRESSURE, BAROMETER_BAD_RAW_PRESSURE, NODATA, NODATA, NODATA, NODATA, NODATA, NODATA, NODATA, SSV_BAD_TEMPERATURE, NODATA, NODATA, NODATA, NODATA, NODATA,2024/04/12 01:36:00,2024-04-12 01:36:00+00:00
2024/04/12, 01:37:00, NODATA, NODATA, NODATA, NODATA,, NODATA, NODATA, NODATA, NODATA, NODATA, NODATA, NODATA, NODATA, NODATA, NODATA, NODATA, NODATA, NODATA, NODATA, NODATA, TRUEWIND_BAD_SOG, TRUEWIND_BAD_SOG, TRUEWIND_BAD_SOG, TRUEWIND_BAD_SOG, BAROMETER_BAD_RAW_PRESSURE, BAROMETER_BAD_RAW_PRESSURE, NODATA, NODATA, NODATA, NODATA, NODATA, NODATA, NODATA, SSV_BAD_TEMPERATURE, NODATA, NODATA, NODATA, NODATA, NODATA,2024/04/12 01:37:00,2024-04-12 01:37:00+00:00
2024/04/12, 01:38:00, NODATA, NODATA, NODATA, NODATA,, NODATA, NODATA, NODATA, NODATA, NODATA, NODATA, NODATA, NODATA, NODATA, NODATA, NODATA, NODATA, NODATA, NODATA, NODATA, TRUEWIND_BAD_SOG, TRUEWIND_BAD_SOG, TRUEWIND_BAD_SOG, TRUEWIND_BAD_SOG, BAROMETER_BAD_RAW_PRESSURE, BAROMETER_BAD_RAW_PRESSURE, NODATA, NODATA, NODATA, NODATA, NODATA, NODATA, NODATA, SSV_BAD_TEMPERATURE, NODATA, NODATA, NODATA, NODATA, NODATA,2024/04/12 01:38:00,2024-04-12 01:38:00+00:00
2024/04/12, 01:39:00, NODATA, NODATA, NODATA, NODATA,, NODATA, NODATA, NODATA, NODATA, NODATA, NODATA, NODATA, NODATA, NODATA, NODATA, NODATA, NODATA, NODATA, NODATA, NODATA, TRUEWIND_BAD_SOG, TRUEWIND_BAD_SOG, TRUEWIND_BAD_SOG, TRUEWIND_BAD_SOG, BAROMETER_BAD_RAW_PRESSURE, BAROMETER_BAD_RAW_PRESSURE, NODATA, NODATA, NODATA, NODATA, NODATA, NODATA, NODATA, SSV_BAD_TEMPERATURE, NODATA, NODATA, NODATA, NODATA, NODATA,2024/04/12 01:39:00,2024-04-12 01:39:00+00:00
2024/04/12, 01:40:00, NODATA, NODATA, NODATA, NODATA,, NODATA, NODATA, NODATA, NODATA, NODATA, NODATA, NODATA, NODATA, NODATA, NODATA, NODATA, NODATA, NODATA, NODATA, NODATA, TRUEWIND_BAD_SOG, TRUEWIND_BAD_SOG, TRUEWIND_BAD_SOG, TRUEWIND_BAD_SOG, BAROMETER_BAD_RAW_PRESSURE, BAROMETER_BAD_RAW_PRESSURE, NODATA, NODATA, NODATA, NODATA, NODATA, NODATA, NODATA, SSV_BAD_TEMPERATURE, NODATA, NODATA, NODATA, NODATA, NODATA,2024/04/12 01:40:00,2024-04-12 01:40:00+00:00
2024/04/12, 01:41:00, NODATA, NODATA, NODATA, NODATA,, NODATA, NODATA, NODATA, NODATA, NODATA, NODATA, NODATA, NODATA, NODATA, NODATA, NODATA, NODATA, NODATA, NODATA, NODATA, TRUEWIND_BAD_SOG, TRUEWIND_BAD_SOG, TRUEWIND_BAD_SOG, TRUEWIND_BAD_SOG, BAROMETER_BAD_RAW_PRESSURE, BAROMETER_BAD_RAW_PRESSURE, NODATA, NODATA, NODATA, NODATA, NODATA, NODATA, NODATA, SSV_BAD_TEMPERATURE, NODATA, NODATA, NODATA, NODATA, NODATA,2024/04/12 01:41:00,2024-04-12 01:41:00+00:00
2024/04/12, 01:42:00, NODATA, NODATA, NODATA, NODATA,, NODATA, NODATA, NODATA, NODATA, NODATA, NODATA, NODATA, NODATA, NODATA, NODATA, NODATA, NODATA, NODATA, NODATA, NODATA, TRUEWIND_BAD_SOG, TRUEWIND_BAD_SOG, TRUEWIND_BAD_SOG, TRUEWIND_BAD_SOG, BAROMETER_BAD_RAW_PRESSURE, BAROMETER_BAD_RAW_PRESSURE, NODATA, NODATA, NODATA, NODATA, NODATA, NODATA, NODATA, SSV_BAD_TEMPERATURE, NODATA, NODATA, NODATA, NODATA, NODATA,2024/04/12 01:42:00,2024-04-12 01:42:00+00:00
2024/04/12, 01:43:00, NODATA, NODATA, NODATA, NODATA,, NODATA, NODATA, NODATA, NODATA, NODATA, NODATA, NODATA, NODATA, NODATA, NODATA, NODATA, NODATA, NODATA, NODATA, NODATA, TRUEWIND_BAD_SOG, TRUEWIND_BAD_SOG, TRUEWIND_BAD_SOG, TRUEWIND_BAD_SOG, BAROMETER_BAD_RAW_PRESSURE, BAROMETER_BAD_RAW_PRESSURE, NODATA, NODATA, NODATA, NODATA, NODATA, NODATA, NODATA, SSV_BAD_TEMPERATURE, NODATA, NODATA, NODATA, NODATA, NODATA,2024/04/12 01:43:00,2024-04-12 01:43:00+00:00
2024/04/12, 01:44:00, NODATA, NODATA, NODATA, NODATA,, NODATA, NODATA, NODATA, NODATA, NODATA, NODATA, NODATA, NODATA, NODATA, NODATA, NODATA, NODATA, NODATA, NODATA, NODATA, TRUEWIND_BAD_SOG, TRUEWIND_BAD_SOG, TRUEWIND_BAD_SOG, TRUEWIND_BAD_SOG, BAROMETER_BAD_RAW_PRESSURE, BAROMETER_BAD_RAW_PRESSURE, NODATA, NODATA, NODATA, NODATA, NODATA, NODATA, NODATA, SSV_BAD_TEMPERATURE, NODATA, NODATA, NODATA, NODATA, NODATA,2024/04/12 01:44:00,2024-04-12 01:44:00+00:00
2024/04/12, 01:45:00, NODATA, NODATA, NODATA, NODATA,, NODATA, NODATA, NODATA, NODATA, NODATA, NODATA, NODATA, NODATA, NODATA, NODATA, NODATA, NODATA, NODATA, NODATA, NODATA, TRUEWIND_BAD_SOG, TRUEWIND_BAD_SOG, TRUEWIND_BAD_SOG, TRUEWIND_BAD_SOG, BAROMETER_BAD_RAW_PRESSURE, BAROMETER_BAD_RAW_PRESSURE, NODATA, NODATA, NODATA, NODATA, NODATA, NODATA, NODATA, SSV_BAD_TEMPERATURE, NODATA, NODATA, NODATA, NODATA, NODATA,2024/04/12 01:45:00,2024-04-12 01:45:00+00:00
2024/04/12, 01:46:00, NODATA, NODATA, NODATA, NODATA,, NODATA, NODATA, NODATA, NODATA, NODATA, NODATA, NODATA, NODATA, NODATA, NODATA, NODATA, NODATA, NODATA, NODATA, NODATA, TRUEWIND_BAD_SOG, TRUEWIND_BAD_SOG, TRUEWIND_BAD_SOG, TRUEWIND_BAD_SOG, BAROMETER_BAD_RAW_PRESSURE, BAROMETER_BAD_RAW_PRESSURE, NODATA, NODATA, NODATA, NODATA, NODATA, NODATA, NODATA, SSV_BAD_TEMPERATURE, NODATA, NODATA, NODATA, NODATA, NODATA,2024/04/12 01:46:00,2024-04-12 01:46:00+00:00
2024/04/12, 01:47:00, NODATA, NODATA, NODATA, NODATA,, NODATA, NODATA, NODATA, NODATA, NODATA, NODATA, NODATA, NODATA, NODATA, NODATA, NODATA, NODATA, NODATA, NODATA, NODATA, TRUEWIND_BAD_SOG, TRUEWIND_BAD_SOG, TRUEWIND_BAD_SOG, TRUEWIND_BAD_SOG, BAROMETER_BAD_RAW_PRESSURE, BAROMETER_BAD_RAW_PRESSURE, NODATA, NODATA, NODATA, NODATA, NODATA, NODATA, NODATA, SSV_BAD_TEMPERATURE, NODATA, NODATA, NODATA, NODATA, NODATA,2024/04/12 01:47:00,2024-04-12 01:47:00+00:00
2024/04/12, 01:48:00, NODATA, NODATA, NODATA, NODATA,, NODATA, NODATA, NODATA, NODATA, NODATA, NODATA, NODATA, NODATA, NODATA, NODATA, NODATA, NODATA, NODATA, NODATA, NODATA, TRUEWIND_BAD_SOG, TRUEWIND_BAD_SOG, TRUEWIND_BAD_SOG, TRUEWIND_BAD_SOG, BAROMETER_BAD_RAW_PRESSURE, BAROMETER_BAD_RAW_PRESSURE, NODATA, NODATA, NODATA, NODATA, NODATA, NODATA, NODATA, SSV_BAD_TEMPERATURE, NODATA, NODATA, NODATA, NODATA, NODATA,2024/04/12 01:48:00,2024-04-12 01:48:00+00:00
2024/04/12, 01:49:00, NODATA, NODATA, NODATA, NODATA,, NODATA, NODATA, NODATA, NODATA, NODATA, NODATA, NODATA, NODATA, NODATA, NODATA, NODATA, NODATA, NODATA, NODATA, NODATA, TRUEWIND_BAD_SOG, TRUEWIND_BAD_SOG, TRUEWIND_BAD_SOG, TRUEWIND_BAD_SOG, BAROMETER_BAD_RAW_PRESSURE, BAROMETER_BAD_RAW_PRESSURE, NODATA, NODATA, NODATA, NODATA, NODATA, NODATA, NODATA, SSV_BAD_TEMPERATURE, NODATA, NODATA, NODATA, NODATA, NODATA,2024/04/12 01:49:00,2024-04-12 01:49:00+00:00
2024/04/12, 01:50:00, NODATA, NODATA, NODATA, NODATA,, NODATA, NODATA, NODATA, NODATA, NODATA, NODATA, NODATA, NODATA, NODATA, NODATA, NODATA, NODATA, NODATA, NODATA, NODATA, TRUEWIND_BAD_SOG, TRUEWIND_BAD_SOG, TRUEWIND_BAD_SOG, TRUEWIND_BAD_SOG, BAROMETER_BAD_RAW_PRESSURE, BAROMETER_BAD_RAW_PRESSURE, NODATA, NODATA, NODATA, NODATA, NODATA, NODATA, NODATA, SSV_BAD_TEMPERATURE, NODATA, NODATA, NODATA, NODATA, NODATA,2024/04/12 01:50:00,2024-04-12 01:50:00+00:00
2024/04/12, 01:51:00, NODATA, NODATA, NODATA, NODATA,, NODATA, NODATA, NODATA, NODATA, NODATA, NODATA, NODATA, NODATA, NODATA, NODATA, NODATA, NODATA, NODATA, NODATA, NODATA, TRUEWIND_BAD_SOG, TRUEWIND_BAD_SOG, TRUEWIND_BAD_SOG, TRUEWIND_BAD_SOG, BAROMETER_BAD_RAW_PRESSURE, BAROMETER_BAD_RAW_PRESSURE, NODATA, NODATA, NODATA, NODATA, NODATA, NODATA, NODATA, SSV_BAD_TEMPERATURE, NODATA, NODATA, NODATA, NODATA, NODATA,2024/04/12 01:51:00,2024-04-12 01:51:00+00:00
2024/04/12, 01:52:00, NODATA, NODATA, NODATA, NODATA,, NODATA, NODATA, NODATA, NODATA, NODATA, NODATA, NODATA, NODATA, NODATA, NODATA, NODATA, NODATA, NODATA, NODATA, NODATA, TRUEWIND_BAD_SOG, TRUEWIND_BAD_SOG, TRUEWIND_BAD_SOG, TRUEWIND_BAD_SOG, BAROMETER_BAD_RAW_PRESSURE, BAROMETER_BAD_RAW_PRESSURE, NODATA, NODATA, NODATA, NODATA, NODATA, NODATA, NODATA, SSV_BAD_TEMPERATURE, NODATA, NODATA, NODATA, NODATA, NODATA,2024/04/12 01:52:00,2024-04-12 01:52:00+00:00
2024/04/12, 01:53:00, NODATA, NODATA, NODATA, NODATA,, NODATA, NODATA, NODATA, NODATA, NODATA, NODATA, NODATA, NODATA, NODATA, NODATA, NODATA, NODATA, NODATA, NODATA, NODATA, TRUEWIND_BAD_SOG, TRUEWIND_BAD_SOG, TRUEWIND_BAD_SOG, TRUEWIND_BAD_SOG, BAROMETER_BAD_RAW_PRESSURE, BAROMETER_BAD_RAW_PRESSURE, NODATA, NODATA, NODATA, NODATA, NODATA, NODATA, NODATA, SSV_BAD_TEMPERATURE, NODATA, NODATA, NODATA, NODATA, NODATA,2024/04/12 01:53:00,2024-04-12 01:53:00+00:00
2024/04/12, 01:54:00, NODATA, NODATA, NODATA, NODATA,, NODATA, NODATA, NODATA, NODATA, NODATA, NODATA, NODATA, NODATA, NODATA, NODATA, NODATA, NODATA, NODATA, NODATA, NODATA, TRUEWIND_BAD_SOG, TRUEWIND_BAD_SOG, TRUEWIND_BAD_SOG, TRUEWIND_BAD_SOG, BAROMETER_BAD_RAW_PRESSURE, BAROMETER_BAD_RAW_PRESSURE, NODATA, NODATA, NODATA, NODATA, NODATA, NODATA, NODATA, SSV_BAD_TEMPERATURE, NODATA, NODATA, NODATA, NODATA, NODATA,2024/04/12 01:54:00,2024-04-12 01:54:00+00:00
2024/04/12, 01:55:00, NODATA, NODATA, NODATA, NODATA,, NODATA, NODATA, NODATA, NODATA, NODATA, NODATA, NODATA, NODATA, NODATA, NODATA, NODATA, NODATA, NODATA, NODATA, NODATA, TRUEWIND_BAD_SOG, TRUEWIND_BAD_SOG, TRUEWIND_BAD_SOG, TRUEWIND_BAD_SOG, BAROMETER_BAD_RAW_PRESSURE, BAROMETER_BAD_RAW_PRESSURE, NODATA, NODATA, NODATA, NODATA, NODATA, NODATA, NODATA, SSV_BAD_TEMPERATURE, NODATA, NODATA, NODATA, NODATA, NODATA,2024/04/12 01:55:00,2024-04-12 01:55:00+00:00
2024/04/12, 01:56:00, NODATA, NODATA, NODATA, NODATA,, NODATA, NODATA, NODATA, NODATA, NODATA, NODATA, NODATA, NODATA, NODATA, NODATA, NODATA, NODATA, NODATA, NODATA, NODATA, TRUEWIND_BAD_SOG, TRUEWIND_BAD_SOG, TRUEWIND_BAD_SOG, TRUEWIND_BAD_SOG, BAROMETER_BAD_RAW_PRESSURE, BAROMETER_BAD_RAW_PRESSURE, NODATA, NODATA, NODATA, NODATA, NODATA, NODATA, NODATA, SSV_BAD_TEMPERATURE, NODATA, NODATA, NODATA, NODATA, NODATA,2024/04/12 01:56:00,2024-04-12 01:56:00+00:00
2024/04/12, 01:57:00, NODATA, NODATA, NODATA, NODATA,, NODATA, NODATA, NODATA, NODATA, NODATA, NODATA, NODATA, NODATA, NODATA, NODATA, NODATA, NODATA, NODATA, NODATA, NODATA, TRUEWIND_BAD_SOG, TRUEWIND_BAD_SOG, TRUEWIND_BAD_SOG, TRUEWIND_BAD_SOG, BAROMETER_BAD_RAW_PRESSURE, BAROMETER_BAD_RAW_PRESSURE, NODATA, NODATA, NODATA, NODATA, NODATA, NODATA, NODATA, SSV_BAD_TEMPERATURE, NODATA, NODATA, NODATA, NODATA, NODATA,2024/04/12 01:57:00,2024-04-12 01:57:00+00:00
2024/04/12, 01:58:00, NODATA, NODATA, NODATA, NODATA,, NODATA, NODATA, NODATA, NODATA, NODATA, NODATA, NODATA, NODATA, NODATA, NODATA, NODATA, NODATA, NODATA, NODATA, NODATA, TRUEWIND_BAD_SOG, TRUEWIND_BAD_SOG, TRUEWIND_BAD_SOG, TRUEWIND_BAD_SOG, BAROMETER_BAD_RAW_PRESSURE, BAROMETER_BAD_RAW_PRESSURE, NODATA, NODATA, NODATA, NODATA, NODATA, NODATA, NODATA, SSV_BAD_TEMPERATURE, NODATA, NODATA, NODATA, NODATA, NODATA,2024/04/12 01:58:00,2024-04-12 01:58:00+00:00
2024/04/12, 01:59:00, NODATA, NODATA, NODATA, NODATA,, NODATA, NODATA, NODATA, NODATA, NODATA, NODATA, NODATA, NODATA, NODATA, NODATA, NODATA, NODATA, NODATA, NODATA, NODATA, TRUEWIND_BAD_SOG, TRUEWIND_BAD_SOG, TRUEWIND_BAD_SOG, TRUEWIND_BAD_SOG, BAROMETER_BAD_RAW_PRESSURE, BAROMETER_BAD_RAW_PRESSURE, NODATA, NODATA, NODATA, NODATA, NODATA, NODATA, NODATA, SSV_BAD_TEMPERATURE, NODATA, NODATA, NODATA, NODATA, NODATA,2024/04/12 01:59:00,2024-04-12 01:59:00+00:00
2024/04/12, 02:00:00, NODATA, NODATA, NODATA, NODATA,, NODATA, NODATA, NODATA, NODATA, NODATA, NODATA, NODATA, NODATA, NODATA, NODATA, NODATA, NODATA, NODATA, NODATA, NODATA, TRUEWIND_BAD_SOG, TRUEWIND_BAD_SOG, TRUEWIND_BAD_SOG, TRUEWIND_BAD_SOG, BAROMETER_BAD_RAW_PRESSURE, BAROMETER_BAD_RAW_PRESSURE, NODATA, NODATA, NODATA, NODATA, NODATA, NODATA, NODATA, SSV_BAD_TEMPERATURE, NODATA, NODATA, NODATA, NODATA, NODATA,2024/04/12 02:00:00,2024-04-12 02:00:00+00:00
2024/04/12, 02:01:00, NODATA, NODATA, NODATA, NODATA,, NODATA, NODATA, NODATA, NODATA, NODATA, NODATA, NODATA, NODATA, NODATA, NODATA, NODATA, NODATA, NODATA, NODATA, NODATA, TRUEWIND_BAD_SOG, TRUEWIND_BAD_SOG, TRUEWIND_BAD_SOG, TRUEWIND_BAD_SOG, BAROMETER_BAD_RAW_PRESSURE, BAROMETER_BAD_RAW_PRESSURE, NODATA, NODATA, NODATA, NODATA, NODATA, NODATA, NODATA, SSV_BAD_TEMPERATURE, NODATA, NODATA, NODATA, NODATA, NODATA,2024/04/12 02:01:00,2024-04-12 02:01:00+00:00
2024/04/12, 02:02:00, NODATA, NODATA, NODATA, NODATA,, NODATA, NODATA, NODATA, NODATA, NODATA, NODATA, NODATA, NODATA, NODATA, NODATA, NODATA, NODATA, NODATA, NODATA, NODATA, TRUEWIND_BAD_SOG, TRUEWIND_BAD_SOG, TRUEWIND_BAD_SOG, TRUEWIND_BAD_SOG, BAROMETER_BAD_RAW_PRESSURE, BAROMETER_BAD_RAW_PRESSURE, NODATA, NODATA, NODATA, NODATA, NODATA, NODATA, NODATA, SSV_BAD_TEMPERATURE, NODATA, NODATA, NODATA, NODATA, NODATA,2024/04/12 02:02:00,2024-04-12 02:02:00+00:00
2024/04/12, 02:03:00, NODATA, NODATA, NODATA, NODATA,, NODATA, NODATA, NODATA, NODATA, NODATA, NODATA, NODATA, NODATA, NODATA, NODATA, NODATA, NODATA, NODATA, NODATA, NODATA, TRUEWIND_BAD_SOG, TRUEWIND_BAD_SOG, TRUEWIND_BAD_SOG, TRUEWIND_BAD_SOG, BAROMETER_BAD_RAW_PRESSURE, BAROMETER_BAD_RAW_PRESSURE, NODATA, NODATA, NODATA, NODATA, NODATA, NODATA, NODATA, SSV_BAD_TEMPERATURE, NODATA, NODATA, NODATA, NODATA, NODATA,2024/04/12 02:03:00,2024-04-12 02:03:00+00:00
2024/04/12, 02:04:00, NODATA, NODATA, NODATA, NODATA,, NODATA, NODATA, NODATA, NODATA, NODATA, NODATA, NODATA, NODATA, NODATA, NODATA, NODATA, NODATA, NODATA, NODATA, NODATA, TRUEWIND_BAD_SOG, TRUEWIND_BAD_SOG, TRUEWIND_BAD_SOG, TRUEWIND_BAD_SOG, BAROMETER_BAD_RAW_PRESSURE, BAROMETER_BAD_RAW_PRESSURE, NODATA, NODATA, NODATA, NODATA, NODATA, NODATA, NODATA, SSV_BAD_TEMPERATURE, NODATA, NODATA, NODATA, NODATA, NODATA,2024/04/12 02:04:00,2024-04-12 02:04:00+00:00
2024/04/12, 02:05:00, NODATA, NODATA, NODATA, NODATA,, NODATA, NODATA, NODATA, NODATA, NODATA, NODATA, NODATA, NODATA, NODATA, NODATA, NODATA, NODATA, NODATA, NODATA, NODATA, TRUEWIND_BAD_SOG, TRUEWIND_BAD_SOG, TRUEWIND_BAD_SOG, TRUEWIND_BAD_SOG, BAROMETER_BAD_RAW_PRESSURE, BAROMETER_BAD_RAW_PRESSURE, NODATA, NODATA, NODATA, NODATA, NODATA, NODATA, NODATA, SSV_BAD_TEMPERATURE, NODATA, NODATA, NODATA, NODATA, NODATA,2024/04/12 02:05:00,2024-04-12 02:05:00+00:00
2024/04/12, 02:06:00, NODATA, NODATA, NODATA, NODATA,, NODATA, NODATA, NODATA, NODATA, NODATA, NODATA, NODATA, NODATA, NODATA, NODATA, NODATA, NODATA, NODATA, NODATA, NODATA, TRUEWIND_BAD_SOG, TRUEWIND_BAD_SOG, TRUEWIND_BAD_SOG, TRUEWIND_BAD_SOG, BAROMETER_BAD_RAW_PRESSURE, BAROMETER_BAD_RAW_PRESSURE, NODATA, NODATA, NODATA, NODATA, NODATA, NODATA, NODATA, SSV_BAD_TEMPERATURE, NODATA, NODATA, NODATA, NODATA, NODATA,2024/04/12 02:06:00,2024-04-12 02:06:00+00:00
2024/04/12, 02:07:00, NODATA, NODATA, NODATA, NODATA,, NODATA, NODATA, NODATA, NODATA, NODATA, NODATA, NODATA, NODATA, NODATA, NODATA, NODATA, NODATA, NODATA, NODATA, NODATA, TRUEWIND_BAD_SOG, TRUEWIND_BAD_SOG, TRUEWIND_BAD_SOG, TRUEWIND_BAD_SOG, BAROMETER_BAD_RAW_PRESSURE, BAROMETER_BAD_RAW_PRESSURE, NODATA, NODATA, NODATA, NODATA, NODATA, NODATA, NODATA, SSV_BAD_TEMPERATURE, NODATA, NODATA, NODATA, NODATA, NODATA,2024/04/12 02:07:00,2024-04-12 02:07:00+00:00
2024/04/12, 02:08:00, NODATA, NODATA, NODATA, NODATA,, NODATA, NODATA, NODATA, NODATA, NODATA, NODATA, NODATA, NODATA, NODATA, NODATA, NODATA, NODATA, NODATA, NODATA, NODATA, TRUEWIND_BAD_SOG, TRUEWIND_BAD_SOG, TRUEWIND_BAD_SOG, TRUEWIND_BAD_SOG, BAROMETER_BAD_RAW_PRESSURE, BAROMETER_BAD_RAW_PRESSURE, NODATA, NODATA, NODATA, NODATA, NODATA, NODATA, NODATA, SSV_BAD_TEMPERATURE, NODATA, NODATA, NODATA, NODATA, NODATA,2024/04/12 02:08:00,2024-04-12 02:08:00+00:00
2024/04/12, 02:09:00, NODATA, NODATA, NODATA, NODATA,, NODATA, NODATA, NODATA, NODATA, NODATA, NODATA, NODATA, NODATA, NODATA, NODATA, NODATA, NODATA, NODATA, NODATA, NODATA, TRUEWIND_BAD_SOG, TRUEWIND_BAD_SOG, TRUEWIND_BAD_SOG, TRUEWIND_BAD_SOG, BAROMETER_BAD_RAW_PRESSURE, BAROMETER_BAD_RAW_PRESSURE, NODATA, NODATA, NODATA, NODATA, NODATA, NODATA, NODATA, SSV_BAD_TEMPERATURE, NODATA, NODATA, NODATA, NODATA, NODATA,2024/04/12 02:09:00,2024-04-12 02:09:00+00:00
2024/04/12, 02:10:00, NODATA, NODATA, NODATA, NODATA,, NODATA, NODATA, NODATA, NODATA, NODATA, NODATA, NODATA, NODATA, NODATA, NODATA, NODATA, NODATA, NODATA, NODATA, NODATA, TRUEWIND_BAD_SOG, TRUEWIND_BAD_SOG, TRUEWIND_BAD_SOG, TRUEWIND_BAD_SOG, BAROMETER_BAD_RAW_PRESSURE, BAROMETER_BAD_RAW_PRESSURE, NODATA, NODATA, NODATA, NODATA, NODATA, NODATA, NODATA, SSV_BAD_TEMPERATURE, NODATA, NODATA, NODATA, NODATA, NODATA,2024/04/12 02:10:00,2024-04-12 02:10:00+00:00
2024/04/12, 02:11:00, NODATA, NODATA, NODATA, NODATA,, NODATA, NODATA, NODATA, NODATA, NODATA, NODATA, NODATA, NODATA, NODATA, NODATA, NODATA, NODATA, NODATA, NODATA, NODATA, TRUEWIND_BAD_SOG, TRUEWIND_BAD_SOG, TRUEWIND_BAD_SOG, TRUEWIND_BAD_SOG, BAROMETER_BAD_RAW_PRESSURE, BAROMETER_BAD_RAW_PRESSURE, NODATA, NODATA, NODATA, NODATA, NODATA, NODATA, NODATA, SSV_BAD_TEMPERATURE, NODATA, NODATA, NODATA, NODATA, NODATA,2024/04/12 02:11:00,2024-04-12 02:11:00+00:00
2024/04/12, 02:12:00, NODATA, NODATA, NODATA, NODATA,, NODATA, NODATA, NODATA, NODATA, NODATA, NODATA, NODATA, NODATA, NODATA, NODATA, NODATA, NODATA, NODATA, NODATA, NODATA, TRUEWIND_BAD_SOG, TRUEWIND_BAD_SOG, TRUEWIND_BAD_SOG, TRUEWIND_BAD_SOG, BAROMETER_BAD_RAW_PRESSURE, BAROMETER_BAD_RAW_PRESSURE, NODATA, NODATA, NODATA, NODATA, NODATA, NODATA, NODATA, SSV_BAD_TEMPERATURE, NODATA, NODATA, NODATA, NODATA, NODATA,2024/04/12 02:12:00,2024-04-12 02:12:00+00:00
2024/04/12, 02:13:00, NODATA, NODATA, NODATA, NODATA,, NODATA, NODATA, NODATA, NODATA, NODATA, NODATA, NODATA, NODATA, NODATA, NODATA, NODATA, NODATA, NODATA, NODATA, NODATA, TRUEWIND_BAD_SOG, TRUEWIND_BAD_SOG, TRUEWIND_BAD_SOG, TRUEWIND_BAD_SOG, BAROMETER_BAD_RAW_PRESSURE, BAROMETER_BAD_RAW_PRESSURE, NODATA, NODATA, NODATA, NODATA, NODATA, NODATA, NODATA, SSV_BAD_TEMPERATURE, NODATA, NODATA, NODATA, NODATA, NODATA,2024/04/12 02:13:00,2024-04-12 02:13:00+00:00
2024/04/12, 02:14:00, NODATA, NODATA, NODATA, NODATA,, NODATA, NODATA, NODATA, NODATA, NODATA, NODATA, NODATA, NODATA, NODATA, NODATA, NODATA, NODATA, NODATA, NODATA, NODATA, TRUEWIND_BAD_SOG, TRUEWIND_BAD_SOG, TRUEWIND_BAD_SOG, TRUEWIND_BAD_SOG, BAROMETER_BAD_RAW_PRESSURE, BAROMETER_BAD_RAW_PRESSURE, NODATA, NODATA, NODATA, NODATA, NODATA, NODATA, NODATA, SSV_BAD_TEMPERATURE, NODATA, NODATA, NODATA, NODATA, NODATA,2024/04/12 02:14:00,2024-04-12 02:14:00+00:00
2024/04/12, 02:15:00, NODATA, NODATA, NODATA, NODATA,, NODATA, NODATA, NODATA, NODATA, NODATA, NODATA, NODATA, NODATA, NODATA, NODATA, NODATA, NODATA, NODATA, NODATA, NODATA, TRUEWIND_BAD_SOG, TRUEWIND_BAD_SOG, TRUEWIND_BAD_SOG, TRUEWIND_BAD_SOG, BAROMETER_BAD_RAW_PRESSURE, BAROMETER_BAD_RAW_PRESSURE, NODATA, NODATA, NODATA, NODATA, NODATA, NODATA, NODATA, SSV_BAD_TEMPERATURE, NODATA, NODATA, NODATA, NODATA, NODATA,2024/04/12 02:15:00,2024-04-12 02:15:00+00:00
2024/04/12, 02:16:00, NODATA, NODATA, NODATA, NODATA,, NODATA, NODATA, NODATA, NODATA, NODATA, NODATA, NODATA, NODATA, NODATA, NODATA, NODATA, NODATA, NODATA, NODATA, NODATA, TRUEWIND_BAD_SOG, TRUEWIND_BAD_SOG, TRUEWIND_BAD_SOG, TRUEWIND_BAD_SOG, BAROMETER_BAD_RAW_PRESSURE, BAROMETER_BAD_RAW_PRESSURE, NODATA, NODATA, NODATA, NODATA, NODATA, NODATA, NODATA, SSV_BAD_TEMPERATURE, NODATA, NODATA, NODATA, NODATA, NODATA,2024/04/12 02:16:00,2024-04-12 02:16:00+00:00
2024/04/12, 02:17:00, NODATA, NODATA, NODATA, NODATA,, NODATA, NODATA, NODATA, NODATA, NODATA, NODATA, NODATA, NODATA, NODATA, NODATA, NODATA, NODATA, NODATA, NODATA, NODATA, TRUEWIND_BAD_SOG, TRUEWIND_BAD_SOG, TRUEWIND_BAD_SOG, TRUEWIND_BAD_SOG, BAROMETER_BAD_RAW_PRESSURE, BAROMETER_BAD_RAW_PRESSURE, NODATA, NODATA, NODATA, NODATA, NODATA, NODATA, NODATA, SSV_BAD_TEMPERATURE, NODATA, NODATA, NODATA, NODATA, NODATA,2024/04/12 02:17:00,2024-04-12 02:17:00+00:00
2024/04/12, 02:18:00, NODATA, NODATA, NODATA, NODATA,, NODATA, NODATA, NODATA, NODATA, NODATA, NODATA, NODATA, NODATA, NODATA, NODATA, NODATA, NODATA, NODATA, NODATA, NODATA, TRUEWIND_BAD_SOG, TRUEWIND_BAD_SOG, TRUEWIND_BAD_SOG, TRUEWIND_BAD_SOG, BAROMETER_BAD_RAW_PRESSURE, BAROMETER_BAD_RAW_PRESSURE, NODATA, NODATA, NODATA, NODATA, NODATA, NODATA, NODATA, SSV_BAD_TEMPERATURE, NODATA, NODATA, NODATA, NODATA, NODATA,2024/04/12 02:18:00,2024-04-12 02:18:00+00:00
2024/04/12, 02:19:00, NODATA, NODATA, NODATA, NODATA,, NODATA, NODATA, NODATA, NODATA, NODATA, NODATA, NODATA, NODATA, NODATA, NODATA, NODATA, NODATA, NODATA, NODATA, NODATA, TRUEWIND_BAD_SOG, TRUEWIND_BAD_SOG, TRUEWIND_BAD_SOG, TRUEWIND_BAD_SOG, BAROMETER_BAD_RAW_PRESSURE, BAROMETER_BAD_RAW_PRESSURE, NODATA, NODATA, NODATA, NODATA, NODATA, NODATA, NODATA, SSV_BAD_TEMPERATURE, NODATA, NODATA, NODATA, NODATA, NODATA,2024/04/12 02:19:00,2024-04-12 02:19:00+00:00
2024/04/12, 02:20:00, NODATA, NODATA, NODATA, NODATA,, NODATA, NODATA, NODATA, NODATA, NODATA, NODATA, NODATA, NODATA, NODATA, NODATA, NODATA, NODATA, NODATA, NODATA, NODATA, TRUEWIND_BAD_SOG, TRUEWIND_BAD_SOG, TRUEWIND_BAD_SOG, TRUEWIND_BAD_SOG, BAROMETER_BAD_RAW_PRESSURE, BAROMETER_BAD_RAW_PRESSURE, NODATA, NODATA, NODATA, NODATA, NODATA, NODATA, NODATA, SSV_BAD_TEMPERATURE, NODATA, NODATA, NODATA, NODATA, NODATA,2024/04/12 02:20:00,2024-04-12 02:20:00+00:00
2024/04/12, 02:21:00, NODATA, NODATA, NODATA, NODATA,, NODATA, NODATA, NODATA, NODATA, NODATA, NODATA, NODATA, NODATA, NODATA, NODATA, NODATA, NODATA, NODATA, NODATA, NODATA, TRUEWIND_BAD_SOG, TRUEWIND_BAD_SOG, TRUEWIND_BAD_SOG, TRUEWIND_BAD_SOG, BAROMETER_BAD_RAW_PRESSURE, BAROMETER_BAD_RAW_PRESSURE, NODATA, NODATA, NODATA, NODATA, NODATA, NODATA, NODATA, SSV_BAD_TEMPERATURE, NODATA, NODATA, NODATA, NODATA, NODATA,2024/04/12 02:21:00,2024-04-12 02:21:00+00:00
2024/04/12, 02:22:00, NODATA, NODATA, NODATA, NODATA,, NODATA, NODATA, NODATA, NODATA, NODATA, NODATA, NODATA, NODATA, NODATA, NODATA, NODATA, NODATA, NODATA, NODATA, NODATA, TRUEWIND_BAD_SOG, TRUEWIND_BAD_SOG, TRUEWIND_BAD_SOG, TRUEWIND_BAD_SOG, BAROMETER_BAD_RAW_PRESSURE, BAROMETER_BAD_RAW_PRESSURE, NODATA, NODATA, NODATA, NODATA, NODATA, NODATA, NODATA, SSV_BAD_TEMPERATURE, NODATA, NODATA, NODATA, NODATA, NODATA,2024/04/12 02:22:00,2024-04-12 02:22:00+00:00
2024/04/12, 02:23:00, NODATA, NODATA, NODATA, NODATA,, NODATA, NODATA, NODATA, NODATA, NODATA, NODATA, NODATA, NODATA, NODATA, NODATA, NODATA, NODATA, NODATA, NODATA, NODATA, TRUEWIND_BAD_SOG, TRUEWIND_BAD_SOG, TRUEWIND_BAD_SOG, TRUEWIND_BAD_SOG, BAROMETER_BAD_RAW_PRESSURE, BAROMETER_BAD_RAW_PRESSURE, NODATA, NODATA, NODATA, NODATA, NODATA, NODATA, NODATA, SSV_BAD_TEMPERATURE, NODATA, NODATA, NODATA, NODATA, NODATA,2024/04/12 02:23:00,2024-04-12 02:23:00+00:00
2024/04/12, 02:24:00, NODATA, NODATA, NODATA, NODATA,, NODATA, NODATA, NODATA, NODATA, NODATA, NODATA, NODATA, NODATA, NODATA, NODATA, NODATA, NODATA, NODATA, NODATA, NODATA, TRUEWIND_BAD_SOG, TRUEWIND_BAD_SOG, TRUEWIND_BAD_SOG, TRUEWIND_BAD_SOG, BAROMETER_BAD_RAW_PRESSURE, BAROMETER_BAD_RAW_PRESSURE, NODATA, NODATA, NODATA, NODATA, NODATA, NODATA, NODATA, SSV_BAD_TEMPERATURE, NODATA, NODATA, NODATA, NODATA, NODATA,2024/04/12 02:24:00,2024-04-12 02:24:00+00:00
2024/04/12, 02:25:00, NODATA, NODATA, NODATA, NODATA,, NODATA, NODATA, NODATA, NODATA, NODATA, NODATA, NODATA, NODATA, NODATA, NODATA, NODATA, NODATA, NODATA, NODATA, NODATA, TRUEWIND_BAD_SOG, TRUEWIND_BAD_SOG, TRUEWIND_BAD_SOG, TRUEWIND_BAD_SOG, BAROMETER_BAD_RAW_PRESSURE, BAROMETER_BAD_RAW_PRESSURE, NODATA, NODATA, NODATA, NODATA, NODATA, NODATA, NODATA, SSV_BAD_TEMPERATURE, NODATA, NODATA, NODATA, NODATA, NODATA,2024/04/12 02:25:00,2024-04-12 02:25:00+00:00
2024/04/12, 02:26:00, NODATA, NODATA, NODATA, NODATA,, NODATA, NODATA, NODATA, NODATA, NODATA, NODATA, NODATA, NODATA, NODATA, NODATA, NODATA, NODATA, NODATA, NODATA, NODATA, TRUEWIND_BAD_SOG, TRUEWIND_BAD_SOG, TRUEWIND_BAD_SOG, TRUEWIND_BAD_SOG, BAROMETER_BAD_RAW_PRESSURE, BAROMETER_BAD_RAW_PRESSURE, NODATA, NODATA, NODATA, NODATA, NODATA, NODATA, NODATA, SSV_BAD_TEMPERATURE, NODATA, NODATA, NODATA, NODATA, NODATA,2024/04/12 02:26:00,2024-04-12 02:26:00+00:00
2024/04/12, 02:27:00, NODATA, NODATA, NODATA, NODATA,, NODATA, NODATA, NODATA, NODATA, NODATA, NODATA, NODATA, NODATA, NODATA, NODATA, NODATA, NODATA, NODATA, NODATA, NODATA, TRUEWIND_BAD_SOG, TRUEWIND_BAD_SOG, TRUEWIND_BAD_SOG, TRUEWIND_BAD_SOG, BAROMETER_BAD_RAW_PRESSURE, BAROMETER_BAD_RAW_PRESSURE, NODATA, NODATA, NODATA, NODATA, NODATA, NODATA, NODATA, SSV_BAD_TEMPERATURE, NODATA, NODATA, NODATA, NODATA, NODATA,2024/04/12 02:27:00,2024-04-12 02:27:00+00:00
2024/04/12, 02:28:00, NODATA, NODATA, NODATA, NODATA,, NODATA, NODATA, NODATA, NODATA, NODATA, NODATA, NODATA, NODATA, NODATA, NODATA, NODATA, NODATA, NODATA, NODATA, NODATA, TRUEWIND_BAD_SOG, TRUEWIND_BAD_SOG, TRUEWIND_BAD_SOG, TRUEWIND_BAD_SOG, BAROMETER_BAD_RAW_PRESSURE, BAROMETER_BAD_RAW_PRESSURE, NODATA, NODATA, NODATA, NODATA, NODATA, NODATA, NODATA, SSV_BAD_TEMPERATURE, NODATA, NODATA, NODATA, NODATA, NODATA,2024/04/12 02:28:00,2024-04-12 02:28:00+00:00
2024/04/12, 02:29:00, NODATA, NODATA, NODATA, NODATA,, NODATA, NODATA, NODATA, NODATA, NODATA, NODATA, NODATA, NODATA, NODATA, NODATA, NODATA, NODATA, NODATA, NODATA, NODATA, TRUEWIND_BAD_SOG, TRUEWIND_BAD_SOG, TRUEWIND_BAD_SOG, TRUEWIND_BAD_SOG, BAROMETER_BAD_RAW_PRESSURE, BAROMETER_BAD_RAW_PRESSURE, NODATA, NODATA, NODATA, NODATA, NODATA, NODATA, NODATA, SSV_BAD_TEMPERATURE, NODATA, NODATA, NODATA, NODATA, NODATA,2024/04/12 02:29:00,2024-04-12 02:29:00+00:00
2024/04/12, 02:30:00, NODATA, NODATA, NODATA, NODATA,, NODATA, NODATA, NODATA, NODATA, NODATA, NODATA, NODATA, NODATA, NODATA, NODATA, NODATA, NODATA, NODATA, NODATA, NODATA, TRUEWIND_BAD_SOG, TRUEWIND_BAD_SOG, TRUEWIND_BAD_SOG, TRUEWIND_BAD_SOG, BAROMETER_BAD_RAW_PRESSURE, BAROMETER_BAD_RAW_PRESSURE, NODATA, NODATA, NODATA, NODATA, NODATA, NODATA, NODATA, SSV_BAD_TEMPERATURE, NODATA, NODATA, NODATA, NODATA, NODATA,2024/04/12 02:30:00,2024-04-12 02:30:00+00:00
2024/04/12, 02:31:00, NODATA, NODATA, NODATA, NODATA,, NODATA, NODATA, NODATA, NODATA, NODATA, NODATA, NODATA, NODATA, NODATA, NODATA, NODATA, NODATA, NODATA, NODATA, NODATA, TRUEWIND_BAD_SOG, TRUEWIND_BAD_SOG, TRUEWIND_BAD_SOG, TRUEWIND_BAD_SOG, BAROMETER_BAD_RAW_PRESSURE, BAROMETER_BAD_RAW_PRESSURE, NODATA, NODATA, NODATA, NODATA, NODATA, NODATA, NODATA, SSV_BAD_TEMPERATURE, NODATA, NODATA, NODATA, NODATA, NODATA,2024/04/12 02:31:00,2024-04-12 02:31:00+00:00
2024/04/12, 02:32:00, NODATA, NODATA, NODATA, NODATA,, NODATA, NODATA, NODATA, NODATA, NODATA, NODATA, NODATA, NODATA, NODATA, NODATA, NODATA, NODATA, NODATA, NODATA, NODATA, TRUEWIND_BAD_SOG, TRUEWIND_BAD_SOG, TRUEWIND_BAD_SOG, TRUEWIND_BAD_SOG, BAROMETER_BAD_RAW_PRESSURE, BAROMETER_BAD_RAW_PRESSURE, NODATA, NODATA, NODATA, NODATA, NODATA, NODATA, NODATA, SSV_BAD_TEMPERATURE, NODATA, NODATA, NODATA, NODATA, NODATA,2024/04/12 02:32:00,2024-04-12 02:32:00+00:00
2024/04/12, 02:33:00, NODATA, NODATA, NODATA, NODATA,, NODATA, NODATA, NODATA, NODATA, NODATA, NODATA, NODATA, NODATA, NODATA, NODATA, NODATA, NODATA, NODATA, NODATA, NODATA, TRUEWIND_BAD_SOG, TRUEWIND_BAD_SOG, TRUEWIND_BAD_SOG, TRUEWIND_BAD_SOG, BAROMETER_BAD_RAW_PRESSURE, BAROMETER_BAD_RAW_PRESSURE, NODATA, NODATA, NODATA, NODATA, NODATA, NODATA, NODATA, SSV_BAD_TEMPERATURE, NODATA, NODATA, NODATA, NODATA, NODATA,2024/04/12 02:33:00,2024-04-12 02:33:00+00:00
2024/04/12, 02:34:00, NODATA, NODATA, NODATA, NODATA,, NODATA, NODATA, NODATA, NODATA, NODATA, NODATA, NODATA, NODATA, NODATA, NODATA, NODATA, NODATA, NODATA, NODATA, NODATA, TRUEWIND_BAD_SOG, TRUEWIND_BAD_SOG, TRUEWIND_BAD_SOG, TRUEWIND_BAD_SOG, BAROMETER_BAD_RAW_PRESSURE, BAROMETER_BAD_RAW_PRESSURE, NODATA, NODATA, NODATA, NODATA, NODATA, NODATA, NODATA, SSV_BAD_TEMPERATURE, NODATA, NODATA, NODATA, NODATA, NODATA,2024/04/12 02:34:00,2024-04-12 02:34:00+00:00
2024/04/12, 02:35:00, NODATA, NODATA, NODATA, NODATA,, NODATA, NODATA, NODATA, NODATA, NODATA, NODATA, NODATA, NODATA, NODATA, NODATA, NODATA, NODATA, NODATA, NODATA, NODATA, TRUEWIND_BAD_SOG, TRUEWIND_BAD_SOG, TRUEWIND_BAD_SOG, TRUEWIND_BAD_SOG, BAROMETER_BAD_RAW_PRESSURE, BAROMETER_BAD_RAW_PRESSURE, NODATA, NODATA, NODATA, NODATA, NODATA, NODATA, NODATA, SSV_BAD_TEMPERATURE, NODATA, NODATA, NODATA, NODATA, NODATA,2024/04/12 02:35:00,2024-04-12 02:35:00+00:00
2024/04/12, 02:36:00, NODATA, NODATA, NODATA, NODATA,, NODATA, NODATA, NODATA, NODATA, NODATA, NODATA, NODATA, NODATA, NODATA, NODATA, NODATA, NODATA, NODATA, NODATA, NODATA, TRUEWIND_BAD_SOG, TRUEWIND_BAD_SOG, TRUEWIND_BAD_SOG, TRUEWIND_BAD_SOG, BAROMETER_BAD_RAW_PRESSURE, BAROMETER_BAD_RAW_PRESSURE, NODATA, NODATA, NODATA, NODATA, NODATA, NODATA, NODATA, SSV_BAD_TEMPERATURE, NODATA, NODATA, NODATA, NODATA, NODATA,2024/04/12 02:36:00,2024-04-12 02:36:00+00:00
2024/04/12, 02:37:00, NODATA, NODATA, NODATA, NODATA,, NODATA, NODATA, NODATA, NODATA, NODATA, NODATA, NODATA, NODATA, NODATA, NODATA, NODATA, NODATA, NODATA, NODATA, NODATA, TRUEWIND_BAD_SOG, TRUEWIND_BAD_SOG, TRUEWIND_BAD_SOG, TRUEWIND_BAD_SOG, BAROMETER_BAD_RAW_PRESSURE, BAROMETER_BAD_RAW_PRESSURE, NODATA, NODATA, NODATA, NODATA, NODATA, NODATA, NODATA, SSV_BAD_TEMPERATURE, NODATA, NODATA, NODATA, NODATA, NODATA,2024/04/12 02:37:00,2024-04-12 02:37:00+00:00
2024/04/12, 02:38:00, NODATA, NODATA, NODATA, NODATA,, NODATA, NODATA, NODATA, NODATA, NODATA, NODATA, NODATA, NODATA, NODATA, NODATA, NODATA, NODATA, NODATA, NODATA, NODATA, TRUEWIND_BAD_SOG, TRUEWIND_BAD_SOG, TRUEWIND_BAD_SOG, TRUEWIND_BAD_SOG, BAROMETER_BAD_RAW_PRESSURE, BAROMETER_BAD_RAW_PRESSURE, NODATA, NODATA, NODATA, NODATA, NODATA, NODATA, NODATA, SSV_BAD_TEMPERATURE, NODATA, NODATA, NODATA, NODATA, NODATA,2024/04/12 02:38:00,2024-04-12 02:38:00+00:00
2024/04/12, 02:39:00, NODATA, NODATA, NODATA, NODATA,, NODATA, NODATA, NODATA, NODATA, NODATA, NODATA, NODATA, NODATA, NODATA, NODATA, NODATA, NODATA, NODATA, NODATA, NODATA, TRUEWIND_BAD_SOG, TRUEWIND_BAD_SOG, TRUEWIND_BAD_SOG, TRUEWIND_BAD_SOG, BAROMETER_BAD_RAW_PRESSURE, BAROMETER_BAD_RAW_PRESSURE, NODATA, NODATA, NODATA, NODATA, NODATA, NODATA, NODATA, SSV_BAD_TEMPERATURE, NODATA, NODATA, NODATA, NODATA, NODATA,2024/04/12 02:39:00,2024-04-12 02:39:00+00:00
2024/04/12, 02:40:00, NODATA, NODATA, NODATA, NODATA,, NODATA, NODATA, NODATA, NODATA, NODATA, NODATA, NODATA, NODATA, NODATA, NODATA, NODATA, NODATA, NODATA, NODATA, NODATA, TRUEWIND_BAD_SOG, TRUEWIND_BAD_SOG, TRUEWIND_BAD_SOG, TRUEWIND_BAD_SOG, BAROMETER_BAD_RAW_PRESSURE, BAROMETER_BAD_RAW_PRESSURE, NODATA, NODATA, NODATA, NODATA, NODATA, NODATA, NODATA, SSV_BAD_TEMPERATURE, NODATA, NODATA, NODATA, NODATA, NODATA,2024/04/12 02:40:00,2024-04-12 02:40:00+00:00
2024/04/12, 02:41:00, NODATA, NODATA, NODATA, NODATA,, NODATA, NODATA, NODATA, NODATA, NODATA, NODATA, NODATA, NODATA, NODATA, NODATA, NODATA, NODATA, NODATA, NODATA, NODATA, TRUEWIND_BAD_SOG, TRUEWIND_BAD_SOG, TRUEWIND_BAD_SOG, TRUEWIND_BAD_SOG, BAROMETER_BAD_RAW_PRESSURE, BAROMETER_BAD_RAW_PRESSURE, NODATA, NODATA, NODATA, NODATA, NODATA, NODATA, NODATA, SSV_BAD_TEMPERATURE, NODATA, NODATA, NODATA, NODATA, NODATA,2024/04/12 02:41:00,2024-04-12 02:41:00+00:00
2024/04/12, 02:42:00, NODATA, NODATA, NODATA, NODATA,, NODATA, NODATA, NODATA, NODATA, NODATA, NODATA, NODATA, NODATA, NODATA, NODATA, NODATA, NODATA, NODATA, NODATA, NODATA, TRUEWIND_BAD_SOG, TRUEWIND_BAD_SOG, TRUEWIND_BAD_SOG, TRUEWIND_BAD_SOG, BAROMETER_BAD_RAW_PRESSURE, BAROMETER_BAD_RAW_PRESSURE, NODATA, NODATA, NODATA, NODATA, NODATA, NODATA, NODATA, SSV_BAD_TEMPERATURE, NODATA, NODATA, NODATA, NODATA, NODATA,2024/04/12 02:42:00,2024-04-12 02:42:00+00:00
2024/04/12, 02:43:00, NODATA, NODATA, NODATA, NODATA,, NODATA, NODATA, NODATA, NODATA, NODATA, NODATA, NODATA, NODATA, NODATA, NODATA, NODATA, NODATA, NODATA, NODATA, NODATA, TRUEWIND_BAD_SOG, TRUEWIND_BAD_SOG, TRUEWIND_BAD_SOG, TRUEWIND_BAD_SOG, BAROMETER_BAD_RAW_PRESSURE, BAROMETER_BAD_RAW_PRESSURE, NODATA, NODATA, NODATA, NODATA, NODATA, NODATA, NODATA, SSV_BAD_TEMPERATURE, NODATA, NODATA, NODATA, NODATA, NODATA,2024/04/12 02:43:00,2024-04-12 02:43:00+00:00
2024/04/12, 02:44:00, NODATA, NODATA, NODATA, NODATA,, NODATA, NODATA, NODATA, NODATA, NODATA, NODATA, NODATA, NODATA, NODATA, NODATA, NODATA, NODATA, NODATA, NODATA, NODATA, TRUEWIND_BAD_SOG, TRUEWIND_BAD_SOG, TRUEWIND_BAD_SOG, TRUEWIND_BAD_SOG, BAROMETER_BAD_RAW_PRESSURE, BAROMETER_BAD_RAW_PRESSURE, NODATA, NODATA, NODATA, NODATA, NODATA, NODATA, NODATA, SSV_BAD_TEMPERATURE, NODATA, NODATA, NODATA, NODATA, NODATA,2024/04/12 02:44:00,2024-04-12 02:44:00+00:00
2024/04/12, 02:45:00, NODATA, NODATA, NODATA, NODATA,, NODATA, NODATA, NODATA, NODATA, NODATA, NODATA, NODATA, NODATA, NODATA, NODATA, NODATA, NODATA, NODATA, NODATA, NODATA, TRUEWIND_BAD_SOG, TRUEWIND_BAD_SOG, TRUEWIND_BAD_SOG, TRUEWIND_BAD_SOG, BAROMETER_BAD_RAW_PRESSURE, BAROMETER_BAD_RAW_PRESSURE, NODATA, NODATA, NODATA, NODATA, NODATA, NODATA, NODATA, SSV_BAD_TEMPERATURE, NODATA, NODATA, NODATA, NODATA, NODATA,2024/04/12 02:45:00,2024-04-12 02:45:00+00:00
2024/04/12, 02:46:00, NODATA, NODATA, NODATA, NODATA,, NODATA, NODATA, NODATA, NODATA, NODATA, NODATA, NODATA, NODATA, NODATA, NODATA, NODATA, NODATA, NODATA, NODATA, NODATA, TRUEWIND_BAD_SOG, TRUEWIND_BAD_SOG, TRUEWIND_BAD_SOG, TRUEWIND_BAD_SOG, BAROMETER_BAD_RAW_PRESSURE, BAROMETER_BAD_RAW_PRESSURE, NODATA, NODATA, NODATA, NODATA, NODATA, NODATA, NODATA, SSV_BAD_TEMPERATURE, NODATA, NODATA, NODATA, NODATA, NODATA,2024/04/12 02:46:00,2024-04-12 02:46:00+00:00
2024/04/12, 02:47:00, NODATA, NODATA, NODATA, NODATA,, NODATA, NODATA, NODATA, NODATA, NODATA, NODATA, NODATA, NODATA, NODATA, NODATA, NODATA, NODATA, NODATA, NODATA, NODATA, TRUEWIND_BAD_SOG, TRUEWIND_BAD_SOG, TRUEWIND_BAD_SOG, TRUEWIND_BAD_SOG, BAROMETER_BAD_RAW_PRESSURE, BAROMETER_BAD_RAW_PRESSURE, NODATA, NODATA, NODATA, NODATA, NODATA, NODATA, NODATA, SSV_BAD_TEMPERATURE, NODATA, NODATA, NODATA, NODATA, NODATA,2024/04/12 02:47:00,2024-04-12 02:47:00+00:00
2024/04/12, 02:48:00, NODATA, NODATA, NODATA, NODATA,, NODATA, NODATA, NODATA, NODATA, NODATA, NODATA, NODATA, NODATA, NODATA, NODATA, NODATA, NODATA, NODATA, NODATA, NODATA, TRUEWIND_BAD_SOG, TRUEWIND_BAD_SOG, TRUEWIND_BAD_SOG, TRUEWIND_BAD_SOG, BAROMETER_BAD_RAW_PRESSURE, BAROMETER_BAD_RAW_PRESSURE, NODATA, NODATA, NODATA, NODATA, NODATA, NODATA, NODATA, SSV_BAD_TEMPERATURE, NODATA, NODATA, NODATA, NODATA, NODATA,2024/04/12 02:48:00,2024-04-12 02:48:00+00:00
2024/04/12, 02:49:00, NODATA, NODATA, NODATA, NODATA,, NODATA, NODATA, NODATA, NODATA, NODATA, NODATA, NODATA, NODATA, NODATA, NODATA, NODATA, NODATA, NODATA, NODATA, NODATA, TRUEWIND_BAD_SOG, TRUEWIND_BAD_SOG, TRUEWIND_BAD_SOG, TRUEWIND_BAD_SOG, BAROMETER_BAD_RAW_PRESSURE, BAROMETER_BAD_RAW_PRESSURE, NODATA, NODATA, NODATA, NODATA, NODATA, NODATA, NODATA, SSV_BAD_TEMPERATURE, NODATA, NODATA, NODATA, NODATA, NODATA,2024/04/12 02:49:00,2024-04-12 02:49:00+00:00
2024/04/12, 02:50:00, NODATA, NODATA, NODATA, NODATA,, NODATA, NODATA, NODATA, NODATA, NODATA, NODATA, NODATA, NODATA, NODATA, NODATA, NODATA, NODATA, NODATA, NODATA, NODATA, TRUEWIND_BAD_SOG, TRUEWIND_BAD_SOG, TRUEWIND_BAD_SOG, TRUEWIND_BAD_SOG, BAROMETER_BAD_RAW_PRESSURE, BAROMETER_BAD_RAW_PRESSURE, NODATA, NODATA, NODATA, NODATA, NODATA, NODATA, NODATA, SSV_BAD_TEMPERATURE, NODATA, NODATA, NODATA, NODATA, NODATA,2024/04/12 02:50:00,2024-04-12 02:50:00+00:00
2024/04/12, 02:51:00, NODATA, NODATA, NODATA, NODATA,, NODATA, NODATA, NODATA, NODATA, NODATA, NODATA, NODATA, NODATA, NODATA, NODATA, NODATA, NODATA, NODATA, NODATA, NODATA, TRUEWIND_BAD_SOG, TRUEWIND_BAD_SOG, TRUEWIND_BAD_SOG, TRUEWIND_BAD_SOG, BAROMETER_BAD_RAW_PRESSURE, BAROMETER_BAD_RAW_PRESSURE, NODATA, NODATA, NODATA, NODATA, NODATA, NODATA, NODATA, SSV_BAD_TEMPERATURE, NODATA, NODATA, NODATA, NODATA, NODATA,2024/04/12 02:51:00,2024-04-12 02:51:00+00:00
2024/04/12, 02:52:00, NODATA, NODATA, NODATA, NODATA,, NODATA, NODATA, NODATA, NODATA, NODATA, NODATA, NODATA, NODATA, NODATA, NODATA, NODATA, NODATA, NODATA, NODATA, NODATA, TRUEWIND_BAD_SOG, TRUEWIND_BAD_SOG, TRUEWIND_BAD_SOG, TRUEWIND_BAD_SOG, BAROMETER_BAD_RAW_PRESSURE, BAROMETER_BAD_RAW_PRESSURE, NODATA, NODATA, NODATA, NODATA, NODATA, NODATA, NODATA, SSV_BAD_TEMPERATURE, NODATA, NODATA, NODATA, NODATA, NODATA,2024/04/12 02:52:00,2024-04-12 02:52:00+00:00
2024/04/12, 02:53:00, NODATA, NODATA, NODATA, NODATA,, NODATA, NODATA, NODATA, NODATA, NODATA, NODATA, NODATA, NODATA, NODATA, NODATA, NODATA, NODATA, NODATA, NODATA, NODATA, TRUEWIND_BAD_SOG, TRUEWIND_BAD_SOG, TRUEWIND_BAD_SOG, TRUEWIND_BAD_SOG, BAROMETER_BAD_RAW_PRESSURE, BAROMETER_BAD_RAW_PRESSURE, NODATA, NODATA, NODATA, NODATA, NODATA, NODATA, NODATA, SSV_BAD_TEMPERATURE, NODATA, NODATA, NODATA, NODATA, NODATA,2024/04/12 02:53:00,2024-04-12 02:53:00+00:00
2024/04/12, 02:54:00, NODATA, NODATA, NODATA, NODATA,, NODATA, NODATA, NODATA, NODATA, NODATA, NODATA, NODATA, NODATA, NODATA, NODATA, NODATA, NODATA, NODATA, NODATA, NODATA, TRUEWIND_BAD_SOG, TRUEWIND_BAD_SOG, TRUEWIND_BAD_SOG, TRUEWIND_BAD_SOG, BAROMETER_BAD_RAW_PRESSURE, BAROMETER_BAD_RAW_PRESSURE, NODATA, NODATA, NODATA, NODATA, NODATA, NODATA, NODATA, SSV_BAD_TEMPERATURE, NODATA, NODATA, NODATA, NODATA, NODATA,2024/04/12 02:54:00,2024-04-12 02:54:00+00:00
2024/04/12, 02:55:00, NODATA, NODATA, NODATA, NODATA,, NODATA, NODATA, NODATA, NODATA, NODATA, NODATA, NODATA, NODATA, NODATA, NODATA, NODATA, NODATA, NODATA, NODATA, NODATA, TRUEWIND_BAD_SOG, TRUEWIND_BAD_SOG, TRUEWIND_BAD_SOG, TRUEWIND_BAD_SOG, BAROMETER_BAD_RAW_PRESSURE, BAROMETER_BAD_RAW_PRESSURE, NODATA, NODATA, NODATA, NODATA, NODATA, NODATA, NODATA, SSV_BAD_TEMPERATURE, NODATA, NODATA, NODATA, NODATA, NODATA,2024/04/12 02:55:00,2024-04-12 02:55:00+00:00
2024/04/12, 02:56:00, NODATA, NODATA, NODATA, NODATA,, NODATA, NODATA, NODATA, NODATA, NODATA, NODATA, NODATA, NODATA, NODATA, NODATA, NODATA, NODATA, NODATA, NODATA, NODATA, TRUEWIND_BAD_SOG, TRUEWIND_BAD_SOG, TRUEWIND_BAD_SOG, TRUEWIND_BAD_SOG, BAROMETER_BAD_RAW_PRESSURE, BAROMETER_BAD_RAW_PRESSURE, NODATA, NODATA, NODATA, NODATA, NODATA, NODATA, NODATA, SSV_BAD_TEMPERATURE, NODATA, NODATA, NODATA, NODATA, NODATA,2024/04/12 02:56:00,2024-04-12 02:56:00+00:00
2024/04/12, 02:57:00, NODATA, NODATA, NODATA, NODATA,, NODATA, NODATA, NODATA, NODATA, NODATA, NODATA, NODATA, NODATA, NODATA, NODATA, NODATA, NODATA, NODATA, NODATA, NODATA, TRUEWIND_BAD_SOG, TRUEWIND_BAD_SOG, TRUEWIND_BAD_SOG, TRUEWIND_BAD_SOG, BAROMETER_BAD_RAW_PRESSURE, BAROMETER_BAD_RAW_PRESSURE, NODATA, NODATA, NODATA, NODATA, NODATA, NODATA, NODATA, SSV_BAD_TEMPERATURE, NODATA, NODATA, NODATA, NODATA, NODATA,2024/04/12 02:57:00,2024-04-12 02:57:00+00:00
2024/04/12, 02:58:00, NODATA, NODATA, NODATA, NODATA,, NODATA, NODATA, NODATA, NODATA, NODATA, NODATA, NODATA, NODATA, NODATA, NODATA, NODATA, NODATA, NODATA, NODATA, NODATA, TRUEWIND_BAD_SOG, TRUEWIND_BAD_SOG, TRUEWIND_BAD_SOG, TRUEWIND_BAD_SOG, BAROMETER_BAD_RAW_PRESSURE, BAROMETER_BAD_RAW_PRESSURE, NODATA, NODATA, NODATA, NODATA, NODATA, NODATA, NODATA, SSV_BAD_TEMPERATURE, NODATA, NODATA, NODATA, NODATA, NODATA,2024/04/12 02:58:00,2024-04-12 02:58:00+00:00
2024/04/12, 02:59:00, NODATA, NODATA, NODATA, NODATA,, NODATA, NODATA, NODATA, NODATA, NODATA, NODATA, NODATA, NODATA, NODATA, NODATA, NODATA, NODATA, NODATA, NODATA, NODATA, TRUEWIND_BAD_SOG, TRUEWIND_BAD_SOG, TRUEWIND_BAD_SOG, TRUEWIND_BAD_SOG, BAROMETER_BAD_RAW_PRESSURE, BAROMETER_BAD_RAW_PRESSURE, NODATA, NODATA, NODATA, NODATA, NODATA, NODATA, NODATA, SSV_BAD_TEMPERATURE, NODATA, NODATA, NODATA, NODATA, NODATA,2024/04/12 02:59:00,2024-04-12 02:59:00+00:00
2024/04/12, 03:00:00, NODATA, NODATA, NODATA, NODATA,, NODATA, NODATA, NODATA, NODATA, NODATA, NODATA, NODATA, NODATA, NODATA, NODATA, NODATA, NODATA, NODATA, NODATA, NODATA, TRUEWIND_BAD_SOG, TRUEWIND_BAD_SOG, TRUEWIND_BAD_SOG, TRUEWIND_BAD_SOG, BAROMETER_BAD_RAW_PRESSURE, BAROMETER_BAD_RAW_PRESSURE, NODATA, NODATA, NODATA, NODATA, NODATA, NODATA, NODATA, SSV_BAD_TEMPERATURE, NODATA, NODATA, NODATA, NODATA, NODATA,2024/04/12 03:00:00,2024-04-12 03:00:00+00:00
2024/04/12, 03:01:00, NODATA, NODATA, NODATA, NODATA,, NODATA, NODATA, NODATA, NODATA, NODATA, NODATA, NODATA, NODATA, NODATA, NODATA, NODATA, NODATA, NODATA, NODATA, NODATA, TRUEWIND_BAD_SOG, TRUEWIND_BAD_SOG, TRUEWIND_BAD_SOG, TRUEWIND_BAD_SOG, BAROMETER_BAD_RAW_PRESSURE, BAROMETER_BAD_RAW_PRESSURE, NODATA, NODATA, NODATA, NODATA, NODATA, NODATA, NODATA, SSV_BAD_TEMPERATURE, NODATA, NODATA, NODATA, NODATA, NODATA,2024/04/12 03:01:00,2024-04-12 03:01:00+00:00
2024/04/12, 03:02:00, NODATA, NODATA, NODATA, NODATA,, NODATA, NODATA, NODATA, NODATA, NODATA, NODATA, NODATA, NODATA, NODATA, NODATA, NODATA, NODATA, NODATA, NODATA, NODATA, TRUEWIND_BAD_SOG, TRUEWIND_BAD_SOG, TRUEWIND_BAD_SOG, TRUEWIND_BAD_SOG, BAROMETER_BAD_RAW_PRESSURE, BAROMETER_BAD_RAW_PRESSURE, NODATA, NODATA, NODATA, NODATA, NODATA, NODATA, NODATA, SSV_BAD_TEMPERATURE, NODATA, NODATA, NODATA, NODATA, NODATA,2024/04/12 03:02:00,2024-04-12 03:02:00+00:00
2024/04/12, 03:03:00, NODATA, NODATA, NODATA, NODATA,, NODATA, NODATA, NODATA, NODATA, NODATA, NODATA, NODATA, NODATA, NODATA, NODATA, NODATA, NODATA, NODATA, NODATA, NODATA, TRUEWIND_BAD_SOG, TRUEWIND_BAD_SOG, TRUEWIND_BAD_SOG, TRUEWIND_BAD_SOG, BAROMETER_BAD_RAW_PRESSURE, BAROMETER_BAD_RAW_PRESSURE, NODATA, NODATA, NODATA, NODATA, NODATA, NODATA, NODATA, SSV_BAD_TEMPERATURE, NODATA, NODATA, NODATA, NODATA, NODATA,2024/04/12 03:03:00,2024-04-12 03:03:00+00:00
2024/04/12, 03:04:00, NODATA, NODATA, NODATA, NODATA,, NODATA, NODATA, NODATA, NODATA, NODATA, NODATA, NODATA, NODATA, NODATA, NODATA, NODATA, NODATA, NODATA, NODATA, NODATA, TRUEWIND_BAD_SOG, TRUEWIND_BAD_SOG, TRUEWIND_BAD_SOG, TRUEWIND_BAD_SOG, BAROMETER_BAD_RAW_PRESSURE, BAROMETER_BAD_RAW_PRESSURE, NODATA, NODATA, NODATA, NODATA, NODATA, NODATA, NODATA, SSV_BAD_TEMPERATURE, NODATA, NODATA, NODATA, NODATA, NODATA,2024/04/12 03:04:00,2024-04-12 03:04:00+00:00
2024/04/12, 03:05:00, NODATA, NODATA, NODATA, NODATA,, NODATA, NODATA, NODATA, NODATA, NODATA, NODATA, NODATA, NODATA, NODATA, NODATA, NODATA, NODATA, NODATA, NODATA, NODATA, TRUEWIND_BAD_SOG, TRUEWIND_BAD_SOG, TRUEWIND_BAD_SOG, TRUEWIND_BAD_SOG, BAROMETER_BAD_RAW_PRESSURE, BAROMETER_BAD_RAW_PRESSURE, NODATA, NODATA, NODATA, NODATA, NODATA, NODATA, NODATA, SSV_BAD_TEMPERATURE, NODATA, NODATA, NODATA, NODATA, NODATA,2024/04/12 03:05:00,2024-04-12 03:05:00+00:00
2024/04/12, 03:06:00, NODATA, NODATA, NODATA, NODATA,, NODATA, NODATA, NODATA, NODATA, NODATA, NODATA, NODATA, NODATA, NODATA, NODATA, NODATA, NODATA, NODATA, NODATA, NODATA, TRUEWIND_BAD_SOG, TRUEWIND_BAD_SOG, TRUEWIND_BAD_SOG, TRUEWIND_BAD_SOG, BAROMETER_BAD_RAW_PRESSURE, BAROMETER_BAD_RAW_PRESSURE, NODATA, NODATA, NODATA, NODATA, NODATA, NODATA, NODATA, SSV_BAD_TEMPERATURE, NODATA, NODATA, NODATA, NODATA, NODATA,2024/04/12 03:06:00,2024-04-12 03:06:00+00:00
2024/04/12, 03:07:00, NODATA, NODATA, NODATA, NODATA,, NODATA, NODATA, NODATA, NODATA, NODATA, NODATA, NODATA, NODATA, NODATA, NODATA, NODATA, NODATA, NODATA, NODATA, NODATA, TRUEWIND_BAD_SOG, TRUEWIND_BAD_SOG, TRUEWIND_BAD_SOG, TRUEWIND_BAD_SOG, BAROMETER_BAD_RAW_PRESSURE, BAROMETER_BAD_RAW_PRESSURE, NODATA, NODATA, NODATA, NODATA, NODATA, NODATA, NODATA, SSV_BAD_TEMPERATURE, NODATA, NODATA, NODATA, NODATA, NODATA,2024/04/12 03:07:00,2024-04-12 03:07:00+00:00
2024/04/12, 03:08:00, NODATA, NODATA, NODATA, NODATA,, NODATA, NODATA, NODATA, NODATA, NODATA, NODATA, NODATA, NODATA, NODATA, NODATA, NODATA, NODATA, NODATA, NODATA, NODATA, TRUEWIND_BAD_SOG, TRUEWIND_BAD_SOG, TRUEWIND_BAD_SOG, TRUEWIND_BAD_SOG, BAROMETER_BAD_RAW_PRESSURE, BAROMETER_BAD_RAW_PRESSURE, NODATA, NODATA, NODATA, NODATA, NODATA, NODATA, NODATA, SSV_BAD_TEMPERATURE, NODATA, NODATA, NODATA, NODATA, NODATA,2024/04/12 03:08:00,2024-04-12 03:08:00+00:00
2024/04/12, 03:09:00, NODATA, NODATA, NODATA, NODATA,, NODATA, NODATA, NODATA, NODATA, NODATA, NODATA, NODATA, NODATA, NODATA, NODATA, NODATA, NODATA, NODATA, NODATA, NODATA, TRUEWIND_BAD_SOG, TRUEWIND_BAD_SOG, TRUEWIND_BAD_SOG, TRUEWIND_BAD_SOG, BAROMETER_BAD_RAW_PRESSURE, BAROMETER_BAD_RAW_PRESSURE, NODATA, NODATA, NODATA, NODATA, NODATA, NODATA, NODATA, SSV_BAD_TEMPERATURE, NODATA, NODATA, NODATA, NODATA, NODATA,2024/04/12 03:09:00,2024-04-12 03:09:00+00:00
2024/04/12, 03:10:00, NODATA, NODATA, NODATA, NODATA,, NODATA, NODATA, NODATA, NODATA, NODATA, NODATA, NODATA, NODATA, NODATA, NODATA, NODATA, NODATA, NODATA, NODATA, NODATA, TRUEWIND_BAD_SOG, TRUEWIND_BAD_SOG, TRUEWIND_BAD_SOG, TRUEWIND_BAD_SOG, BAROMETER_BAD_RAW_PRESSURE, BAROMETER_BAD_RAW_PRESSURE, NODATA, NODATA, NODATA, NODATA, NODATA, NODATA, NODATA, SSV_BAD_TEMPERATURE, NODATA, NODATA, NODATA, NODATA, NODATA,2024/04/12 03:10:00,2024-04-12 03:10:00+00:00
2024/04/12, 03:11:00, NODATA, NODATA, NODATA, NODATA,, NODATA, NODATA, NODATA, NODATA, NODATA, NODATA, NODATA, NODATA, NODATA, NODATA, NODATA, NODATA, NODATA, NODATA, NODATA, TRUEWIND_BAD_SOG, TRUEWIND_BAD_SOG, TRUEWIND_BAD_SOG, TRUEWIND_BAD_SOG, BAROMETER_BAD_RAW_PRESSURE, BAROMETER_BAD_RAW_PRESSURE, NODATA, NODATA, NODATA, NODATA, NODATA, NODATA, NODATA, SSV_BAD_TEMPERATURE, NODATA, NODATA, NODATA, NODATA, NODATA,2024/04/12 03:11:00,2024-04-12 03:11:00+00:00
2024/04/12, 03:12:00, NODATA, NODATA, NODATA, NODATA,, NODATA, NODATA, NODATA, NODATA, NODATA, NODATA, NODATA, NODATA, NODATA, NODATA, NODATA, NODATA, NODATA, NODATA, NODATA, TRUEWIND_BAD_SOG, TRUEWIND_BAD_SOG, TRUEWIND_BAD_SOG, TRUEWIND_BAD_SOG, BAROMETER_BAD_RAW_PRESSURE, BAROMETER_BAD_RAW_PRESSURE, NODATA, NODATA, NODATA, NODATA, NODATA, NODATA, NODATA, SSV_BAD_TEMPERATURE, NODATA, NODATA, NODATA, NODATA, NODATA,2024/04/12 03:12:00,2024-04-12 03:12:00+00:00
2024/04/12, 03:13:00, NODATA, NODATA, NODATA, NODATA,, NODATA, NODATA, NODATA, NODATA, NODATA, NODATA, NODATA, NODATA, NODATA, NODATA, NODATA, NODATA, NODATA, NODATA, NODATA, TRUEWIND_BAD_SOG, TRUEWIND_BAD_SOG, TRUEWIND_BAD_SOG, TRUEWIND_BAD_SOG, BAROMETER_BAD_RAW_PRESSURE, BAROMETER_BAD_RAW_PRESSURE, NODATA, NODATA, NODATA, NODATA, NODATA, NODATA, NODATA, SSV_BAD_TEMPERATURE, NODATA, NODATA, NODATA, NODATA, NODATA,2024/04/12 03:13:00,2024-04-12 03:13:00+00:00
2024/04/12, 03:14:00, NODATA, NODATA, NODATA, NODATA,, NODATA, NODATA, NODATA, NODATA, NODATA, NODATA, NODATA, NODATA, NODATA, NODATA, NODATA, NODATA, NODATA, NODATA, NODATA, TRUEWIND_BAD_SOG, TRUEWIND_BAD_SOG, TRUEWIND_BAD_SOG, TRUEWIND_BAD_SOG, BAROMETER_BAD_RAW_PRESSURE, BAROMETER_BAD_RAW_PRESSURE, NODATA, NODATA, NODATA, NODATA, NODATA, NODATA, NODATA, SSV_BAD_TEMPERATURE, NODATA, NODATA, NODATA, NODATA, NODATA,2024/04/12 03:14:00,2024-04-12 03:14:00+00:00
2024/04/12, 03:15:00, NODATA, NODATA, NODATA, NODATA,, NODATA, NODATA, NODATA, NODATA, NODATA, NODATA, NODATA, NODATA, NODATA, NODATA, NODATA, NODATA, NODATA, NODATA, NODATA, TRUEWIND_BAD_SOG, TRUEWIND_BAD_SOG, TRUEWIND_BAD_SOG, TRUEWIND_BAD_SOG, BAROMETER_BAD_RAW_PRESSURE, BAROMETER_BAD_RAW_PRESSURE, NODATA, NODATA, NODATA, NODATA, NODATA, NODATA, NODATA, SSV_BAD_TEMPERATURE, NODATA, NODATA, NODATA, NODATA, NODATA,2024/04/12 03:15:00,2024-04-12 03:15:00+00:00
2024/04/12, 03:16:00, NODATA, NODATA, NODATA, NODATA,, NODATA, NODATA, NODATA, NODATA, NODATA, NODATA, NODATA, NODATA, NODATA, NODATA, NODATA, NODATA, NODATA, NODATA, NODATA, TRUEWIND_BAD_SOG, TRUEWIND_BAD_SOG, TRUEWIND_BAD_SOG, TRUEWIND_BAD_SOG, BAROMETER_BAD_RAW_PRESSURE, BAROMETER_BAD_RAW_PRESSURE, NODATA, NODATA, NODATA, NODATA, NODATA, NODATA, NODATA, SSV_BAD_TEMPERATURE, NODATA, NODATA, NODATA, NODATA, NODATA,2024/04/12 03:16:00,2024-04-12 03:16:00+00:00
2024/04/12, 03:17:00, NODATA, NODATA, NODATA, NODATA,, NODATA, NODATA, NODATA, NODATA, NODATA, NODATA, NODATA, NODATA, NODATA, NODATA, NODATA, NODATA, NODATA, NODATA, NODATA, TRUEWIND_BAD_SOG, TRUEWIND_BAD_SOG, TRUEWIND_BAD_SOG, TRUEWIND_BAD_SOG, BAROMETER_BAD_RAW_PRESSURE, BAROMETER_BAD_RAW_PRESSURE, NODATA, NODATA, NODATA, NODATA, NODATA, NODATA, NODATA, SSV_BAD_TEMPERATURE, NODATA, NODATA, NODATA, NODATA, NODATA,2024/04/12 03:17:00,2024-04-12 03:17:00+00:00
2024/04/12, 03:18:00, NODATA, NODATA, NODATA, NODATA,, NODATA, NODATA, NODATA, NODATA, NODATA, NODATA, NODATA, NODATA, NODATA, NODATA, NODATA, NODATA, NODATA, NODATA, NODATA, TRUEWIND_BAD_SOG, TRUEWIND_BAD_SOG, TRUEWIND_BAD_SOG, TRUEWIND_BAD_SOG, BAROMETER_BAD_RAW_PRESSURE, BAROMETER_BAD_RAW_PRESSURE, NODATA, NODATA, NODATA, NODATA, NODATA, NODATA, NODATA, SSV_BAD_TEMPERATURE, NODATA, NODATA, NODATA, NODATA, NODATA,2024/04/12 03:18:00,2024-04-12 03:18:00+00:00
2024/04/12, 03:19:00, NODATA, NODATA, NODATA, NODATA,, NODATA, NODATA, NODATA, NODATA, NODATA, NODATA, NODATA, NODATA, NODATA, NODATA, NODATA, NODATA, NODATA, NODATA, NODATA, TRUEWIND_BAD_SOG, TRUEWIND_BAD_SOG, TRUEWIND_BAD_SOG, TRUEWIND_BAD_SOG, BAROMETER_BAD_RAW_PRESSURE, BAROMETER_BAD_RAW_PRESSURE, NODATA, NODATA, NODATA, NODATA, NODATA, NODATA, NODATA, SSV_BAD_TEMPERATURE, NODATA, NODATA, NODATA, NODATA, NODATA,2024/04/12 03:19:00,2024-04-12 03:19:00+00:00
2024/04/12, 03:20:00, NODATA, NODATA, NODATA, NODATA,, NODATA, NODATA, NODATA, NODATA, NODATA, NODATA, NODATA, NODATA, NODATA, NODATA, NODATA, NODATA, NODATA, NODATA, NODATA, TRUEWIND_BAD_SOG, TRUEWIND_BAD_SOG, TRUEWIND_BAD_SOG, TRUEWIND_BAD_SOG, BAROMETER_BAD_RAW_PRESSURE, BAROMETER_BAD_RAW_PRESSURE, NODATA, NODATA, NODATA, NODATA, NODATA, NODATA, NODATA, SSV_BAD_TEMPERATURE, NODATA, NODATA, NODATA, NODATA, NODATA,2024/04/12 03:20:00,2024-04-12 03:20:00+00:00
2024/04/12, 03:21:00, NODATA, NODATA, NODATA, NODATA,, NODATA, NODATA, NODATA, NODATA, NODATA, NODATA, NODATA, NODATA, NODATA, NODATA, NODATA, NODATA, NODATA, NODATA, NODATA, TRUEWIND_BAD_SOG, TRUEWIND_BAD_SOG, TRUEWIND_BAD_SOG, TRUEWIND_BAD_SOG, BAROMETER_BAD_RAW_PRESSURE, BAROMETER_BAD_RAW_PRESSURE, NODATA, NODATA, NODATA, NODATA, NODATA, NODATA, NODATA, SSV_BAD_TEMPERATURE, NODATA, NODATA, NODATA, NODATA, NODATA,2024/04/12 03:21:00,2024-04-12 03:21:00+00:00
2024/04/12, 03:22:00, NODATA, NODATA, NODATA, NODATA,, NODATA, NODATA, NODATA, NODATA, NODATA, NODATA, NODATA, NODATA, NODATA, NODATA, NODATA, NODATA, NODATA, NODATA, NODATA, TRUEWIND_BAD_SOG, TRUEWIND_BAD_SOG, TRUEWIND_BAD_SOG, TRUEWIND_BAD_SOG, BAROMETER_BAD_RAW_PRESSURE, BAROMETER_BAD_RAW_PRESSURE, NODATA, NODATA, NODATA, NODATA, NODATA, NODATA, NODATA, SSV_BAD_TEMPERATURE, NODATA, NODATA, NODATA, NODATA, NODATA,2024/04/12 03:22:00,2024-04-12 03:22:00+00:00
2024/04/12, 03:23:00, NODATA, NODATA, NODATA, NODATA,, NODATA, NODATA, NODATA, NODATA, NODATA, NODATA, NODATA, NODATA, NODATA, NODATA, NODATA, NODATA, NODATA, NODATA, NODATA, TRUEWIND_BAD_SOG, TRUEWIND_BAD_SOG, TRUEWIND_BAD_SOG, TRUEWIND_BAD_SOG, BAROMETER_BAD_RAW_PRESSURE, BAROMETER_BAD_RAW_PRESSURE, NODATA, NODATA, NODATA, NODATA, NODATA, NODATA, NODATA, SSV_BAD_TEMPERATURE, NODATA, NODATA, NODATA, NODATA, NODATA,2024/04/12 03:23:00,2024-04-12 03:23:00+00:00
2024/04/12, 03:24:00, NODATA, NODATA, NODATA, NODATA,, NODATA, NODATA, NODATA, NODATA, NODATA, NODATA, NODATA, NODATA, NODATA, NODATA, NODATA, NODATA, NODATA, NODATA, NODATA, TRUEWIND_BAD_SOG, TRUEWIND_BAD_SOG, TRUEWIND_BAD_SOG, TRUEWIND_BAD_SOG, BAROMETER_BAD_RAW_PRESSURE, BAROMETER_BAD_RAW_PRESSURE, NODATA, NODATA, NODATA, NODATA, NODATA, NODATA, NODATA, SSV_BAD_TEMPERATURE, NODATA, NODATA, NODATA, NODATA, NODATA,2024/04/12 03:24:00,2024-04-12 03:24:00+00:00
2024/04/12, 03:25:00, NODATA, NODATA, NODATA, NODATA,, NODATA, NODATA, NODATA, NODATA, NODATA, NODATA, NODATA, NODATA, NODATA, NODATA, NODATA, NODATA, NODATA, NODATA, NODATA, TRUEWIND_BAD_SOG, TRUEWIND_BAD_SOG, TRUEWIND_BAD_SOG, TRUEWIND_BAD_SOG, BAROMETER_BAD_RAW_PRESSURE, BAROMETER_BAD_RAW_PRESSURE, NODATA, NODATA, NODATA, NODATA, NODATA, NODATA, NODATA, SSV_BAD_TEMPERATURE, NODATA, NODATA, NODATA, NODATA, NODATA,2024/04/12 03:25:00,2024-04-12 03:25:00+00:00
2024/04/12, 03:26:00, NODATA, NODATA, NODATA, NODATA,, NODATA, NODATA, NODATA, NODATA, NODATA, NODATA, NODATA, NODATA, NODATA, NODATA, NODATA, NODATA, NODATA, NODATA, NODATA, TRUEWIND_BAD_SOG, TRUEWIND_BAD_SOG, TRUEWIND_BAD_SOG, TRUEWIND_BAD_SOG, BAROMETER_BAD_RAW_PRESSURE, BAROMETER_BAD_RAW_PRESSURE, NODATA, NODATA, NODATA, NODATA, NODATA, NODATA, NODATA, SSV_BAD_TEMPERATURE, NODATA, NODATA, NODATA, NODATA, NODATA,2024/04/12 03:26:00,2024-04-12 03:26:00+00:00
2024/04/12, 03:27:00, NODATA, NODATA, NODATA, NODATA,, NODATA, NODATA, NODATA, NODATA, NODATA, NODATA, NODATA, NODATA, NODATA, NODATA, NODATA, NODATA, NODATA, NODATA, NODATA, TRUEWIND_BAD_SOG, TRUEWIND_BAD_SOG, TRUEWIND_BAD_SOG, TRUEWIND_BAD_SOG, BAROMETER_BAD_RAW_PRESSURE, BAROMETER_BAD_RAW_PRESSURE, NODATA, NODATA, NODATA, NODATA, NODATA, NODATA, NODATA, SSV_BAD_TEMPERATURE, NODATA, NODATA, NODATA, NODATA, NODATA,2024/04/12 03:27:00,2024-04-12 03:27:00+00:00
2024/04/12, 03:28:00, NODATA, NODATA, NODATA, NODATA,, NODATA, NODATA, NODATA, NODATA, NODATA, NODATA, NODATA, NODATA, NODATA, NODATA, NODATA, NODATA, NODATA, NODATA, NODATA, TRUEWIND_BAD_SOG, TRUEWIND_BAD_SOG, TRUEWIND_BAD_SOG, TRUEWIND_BAD_SOG, BAROMETER_BAD_RAW_PRESSURE, BAROMETER_BAD_RAW_PRESSURE, NODATA, NODATA, NODATA, NODATA, NODATA, NODATA, NODATA, SSV_BAD_TEMPERATURE, NODATA, NODATA, NODATA, NODATA, NODATA,2024/04/12 03:28:00,2024-04-12 03:28:00+00:00
2024/04/12, 03:29:00, NODATA, NODATA, NODATA, NODATA,, NODATA, NODATA, NODATA, NODATA, NODATA, NODATA, NODATA, NODATA, NODATA, NODATA, NODATA, NODATA, NODATA, NODATA, NODATA, TRUEWIND_BAD_SOG, TRUEWIND_BAD_SOG, TRUEWIND_BAD_SOG, TRUEWIND_BAD_SOG, BAROMETER_BAD_RAW_PRESSURE, BAROMETER_BAD_RAW_PRESSURE, NODATA, NODATA, NODATA, NODATA, NODATA, NODATA, NODATA, SSV_BAD_TEMPERATURE, NODATA, NODATA, NODATA, NODATA, NODATA,2024/04/12 03:29:00,2024-04-12 03:29:00+00:00
2024/04/12, 03:30:00, NODATA, NODATA, NODATA, NODATA,, NODATA, NODATA, NODATA, NODATA, NODATA, NODATA, NODATA, NODATA, NODATA, NODATA, NODATA, NODATA, NODATA, NODATA, NODATA, TRUEWIND_BAD_SOG, TRUEWIND_BAD_SOG, TRUEWIND_BAD_SOG, TRUEWIND_BAD_SOG, BAROMETER_BAD_RAW_PRESSURE, BAROMETER_BAD_RAW_PRESSURE, NODATA, NODATA, NODATA, NODATA, NODATA, NODATA, NODATA, SSV_BAD_TEMPERATURE, NODATA, NODATA, NODATA, NODATA, NODATA,2024/04/12 03:30:00,2024-04-12 03:30:00+00:00
2024/04/12, 03:31:00, NODATA, NODATA, NODATA, NODATA,, NODATA, NODATA, NODATA, NODATA, NODATA, NODATA, NODATA, NODATA, NODATA, NODATA, NODATA, NODATA, NODATA, NODATA, NODATA, TRUEWIND_BAD_SOG, TRUEWIND_BAD_SOG, TRUEWIND_BAD_SOG, TRUEWIND_BAD_SOG, BAROMETER_BAD_RAW_PRESSURE, BAROMETER_BAD_RAW_PRESSURE, NODATA, NODATA, NODATA, NODATA, NODATA, NODATA, NODATA, SSV_BAD_TEMPERATURE, NODATA, NODATA, NODATA, NODATA, NODATA,2024/04/12 03:31:00,2024-04-12 03:31:00+00:00
2024/04/12, 03:32:00, NODATA, NODATA, NODATA, NODATA,, NODATA, NODATA, NODATA, NODATA, NODATA, NODATA, NODATA, NODATA, NODATA, NODATA, NODATA, NODATA, NODATA, NODATA, NODATA, TRUEWIND_BAD_SOG, TRUEWIND_BAD_SOG, TRUEWIND_BAD_SOG, TRUEWIND_BAD_SOG, BAROMETER_BAD_RAW_PRESSURE, BAROMETER_BAD_RAW_PRESSURE, NODATA, NODATA, NODATA, NODATA, NODATA, NODATA, NODATA, SSV_BAD_TEMPERATURE, NODATA, NODATA, NODATA, NODATA, NODATA,2024/04/12 03:32:00,2024-04-12 03:32:00+00:00
2024/04/12, 03:33:00, NODATA, NODATA, NODATA, NODATA,, NODATA, NODATA, NODATA, NODATA, NODATA, NODATA, NODATA, NODATA, NODATA, NODATA, NODATA, NODATA, NODATA, NODATA, NODATA, TRUEWIND_BAD_SOG, TRUEWIND_BAD_SOG, TRUEWIND_BAD_SOG, TRUEWIND_BAD_SOG, BAROMETER_BAD_RAW_PRESSURE, BAROMETER_BAD_RAW_PRESSURE, NODATA, NODATA, NODATA, NODATA, NODATA, NODATA, NODATA, SSV_BAD_TEMPERATURE, NODATA, NODATA, NODATA, NODATA, NODATA,2024/04/12 03:33:00,2024-04-12 03:33:00+00:00
2024/04/12, 03:34:00, NODATA, NODATA, NODATA, NODATA,, NODATA, NODATA, NODATA, NODATA, NODATA, NODATA, NODATA, NODATA, NODATA, NODATA, NODATA, NODATA, NODATA, NODATA, NODATA, TRUEWIND_BAD_SOG, TRUEWIND_BAD_SOG, TRUEWIND_BAD_SOG, TRUEWIND_BAD_SOG, BAROMETER_BAD_RAW_PRESSURE, BAROMETER_BAD_RAW_PRESSURE, NODATA, NODATA, NODATA, NODATA, NODATA, NODATA, NODATA, SSV_BAD_TEMPERATURE, NODATA, NODATA, NODATA, NODATA, NODATA,2024/04/12 03:34:00,2024-04-12 03:34:00+00:00
2024/04/12, 03:35:00, NODATA, NODATA, NODATA, NODATA,, NODATA, NODATA, NODATA, NODATA, NODATA, NODATA, NODATA, NODATA, NODATA, NODATA, NODATA, NODATA, NODATA, NODATA, NODATA, TRUEWIND_BAD_SOG, TRUEWIND_BAD_SOG, TRUEWIND_BAD_SOG, TRUEWIND_BAD_SOG, BAROMETER_BAD_RAW_PRESSURE, BAROMETER_BAD_RAW_PRESSURE, NODATA, NODATA, NODATA, NODATA, NODATA, NODATA, NODATA, SSV_BAD_TEMPERATURE, NODATA, NODATA, NODATA, NODATA, NODATA,2024/04/12 03:35:00,2024-04-12 03:35:00+00:00
2024/04/12, 03:36:00, NODATA, NODATA, NODATA, NODATA,, NODATA, NODATA, NODATA, NODATA, NODATA, NODATA, NODATA, NODATA, NODATA, NODATA, NODATA, NODATA, NODATA, NODATA, NODATA, TRUEWIND_BAD_SOG, TRUEWIND_BAD_SOG, TRUEWIND_BAD_SOG, TRUEWIND_BAD_SOG, BAROMETER_BAD_RAW_PRESSURE, BAROMETER_BAD_RAW_PRESSURE, NODATA, NODATA, NODATA, NODATA, NODATA, NODATA, NODATA, SSV_BAD_TEMPERATURE, NODATA, NODATA, NODATA, NODATA, NODATA,2024/04/12 03:36:00,2024-04-12 03:36:00+00:00
2024/04/12, 03:37:00, NODATA, NODATA, NODATA, NODATA,, NODATA, NODATA, NODATA, NODATA, NODATA, NODATA, NODATA, NODATA, NODATA, NODATA, NODATA, NODATA, NODATA, NODATA, NODATA, TRUEWIND_BAD_SOG, TRUEWIND_BAD_SOG, TRUEWIND_BAD_SOG, TRUEWIND_BAD_SOG, BAROMETER_BAD_RAW_PRESSURE, BAROMETER_BAD_RAW_PRESSURE, NODATA, NODATA, NODATA, NODATA, NODATA, NODATA, NODATA, SSV_BAD_TEMPERATURE, NODATA, NODATA, NODATA, NODATA, NODATA,2024/04/12 03:37:00,2024-04-12 03:37:00+00:00
2024/04/12, 03:38:00, NODATA, NODATA, NODATA, NODATA,, NODATA, NODATA, NODATA, NODATA, NODATA, NODATA, NODATA, NODATA, NODATA, NODATA, NODATA, NODATA, NODATA, NODATA, NODATA, TRUEWIND_BAD_SOG, TRUEWIND_BAD_SOG, TRUEWIND_BAD_SOG, TRUEWIND_BAD_SOG, BAROMETER_BAD_RAW_PRESSURE, BAROMETER_BAD_RAW_PRESSURE, NODATA, NODATA, NODATA, NODATA, NODATA, NODATA, NODATA, SSV_BAD_TEMPERATURE, NODATA, NODATA, NODATA, NODATA, NODATA,2024/04/12 03:38:00,2024-04-12 03:38:00+00:00
2024/04/12, 03:39:00, NODATA, NODATA, NODATA, NODATA,, NODATA, NODATA, NODATA, NODATA, NODATA, NODATA, NODATA, NODATA, NODATA, NODATA, NODATA, NODATA, NODATA, NODATA, NODATA, TRUEWIND_BAD_SOG, TRUEWIND_BAD_SOG, TRUEWIND_BAD_SOG, TRUEWIND_BAD_SOG, BAROMETER_BAD_RAW_PRESSURE, BAROMETER_BAD_RAW_PRESSURE, NODATA, NODATA, NODATA, NODATA, NODATA, NODATA, NODATA, SSV_BAD_TEMPERATURE, NODATA, NODATA, NODATA, NODATA, NODATA,2024/04/12 03:39:00,2024-04-12 03:39:00+00:00
2024/04/12, 03:40:00, NODATA, NODATA, NODATA, NODATA,, NODATA, NODATA, NODATA, NODATA, NODATA, NODATA, NODATA, NODATA, NODATA, NODATA, NODATA, NODATA, NODATA, NODATA, NODATA, TRUEWIND_BAD_SOG, TRUEWIND_BAD_SOG, TRUEWIND_BAD_SOG, TRUEWIND_BAD_SOG, BAROMETER_BAD_RAW_PRESSURE, BAROMETER_BAD_RAW_PRESSURE, NODATA, NODATA, NODATA, NODATA, NODATA, NODATA, NODATA, SSV_BAD_TEMPERATURE, NODATA, NODATA, NODATA, NODATA, NODATA,2024/04/12 03:40:00,2024-04-12 03:40:00+00:00
2024/04/12, 03:41:00, NODATA, NODATA, NODATA, NODATA,, NODATA, NODATA, NODATA, NODATA, NODATA, NODATA, NODATA, NODATA, NODATA, NODATA, NODATA, NODATA, NODATA, NODATA, NODATA, TRUEWIND_BAD_SOG, TRUEWIND_BAD_SOG, TRUEWIND_BAD_SOG, TRUEWIND_BAD_SOG, BAROMETER_BAD_RAW_PRESSURE, BAROMETER_BAD_RAW_PRESSURE, NODATA, NODATA, NODATA, NODATA, NODATA, NODATA, NODATA, SSV_BAD_TEMPERATURE, NODATA, NODATA, NODATA, NODATA, NODATA,2024/04/12 03:41:00,2024-04-12 03:41:00+00:00
2024/04/12, 03:42:00, NODATA, NODATA, NODATA, NODATA,, NODATA, NODATA, NODATA, NODATA, NODATA, NODATA, NODATA, NODATA, NODATA, NODATA, NODATA, NODATA, NODATA, NODATA, NODATA, TRUEWIND_BAD_SOG, TRUEWIND_BAD_SOG, TRUEWIND_BAD_SOG, TRUEWIND_BAD_SOG, BAROMETER_BAD_RAW_PRESSURE, BAROMETER_BAD_RAW_PRESSURE, NODATA, NODATA, NODATA, NODATA, NODATA, NODATA, NODATA, SSV_BAD_TEMPERATURE, NODATA, NODATA, NODATA, NODATA, NODATA,2024/04/12 03:42:00,2024-04-12 03:42:00+00:00
2024/04/12, 03:43:00, NODATA, NODATA, NODATA, NODATA,, NODATA, NODATA, NODATA, NODATA, NODATA, NODATA, NODATA, NODATA, NODATA, NODATA, NODATA, NODATA, NODATA, NODATA, NODATA, TRUEWIND_BAD_SOG, TRUEWIND_BAD_SOG, TRUEWIND_BAD_SOG, TRUEWIND_BAD_SOG, BAROMETER_BAD_RAW_PRESSURE, BAROMETER_BAD_RAW_PRESSURE, NODATA, NODATA, NODATA, NODATA, NODATA, NODATA, NODATA, SSV_BAD_TEMPERATURE, NODATA, NODATA, NODATA, NODATA, NODATA,2024/04/12 03:43:00,2024-04-12 03:43:00+00:00
2024/04/12, 03:44:00, NODATA, NODATA, NODATA, NODATA,, NODATA, NODATA, NODATA, NODATA, NODATA, NODATA, NODATA, NODATA, NODATA, NODATA, NODATA, NODATA, NODATA, NODATA, NODATA, TRUEWIND_BAD_SOG, TRUEWIND_BAD_SOG, TRUEWIND_BAD_SOG, TRUEWIND_BAD_SOG, BAROMETER_BAD_RAW_PRESSURE, BAROMETER_BAD_RAW_PRESSURE, NODATA, NODATA, NODATA, NODATA, NODATA, NODATA, NODATA, SSV_BAD_TEMPERATURE, NODATA, NODATA, NODATA, NODATA, NODATA,2024/04/12 03:44:00,2024-04-12 03:44:00+00:00
2024/04/12, 03:45:00, NODATA, NODATA, NODATA, NODATA,, NODATA, NODATA, NODATA, NODATA, NODATA, NODATA, NODATA, NODATA, NODATA, NODATA, NODATA, NODATA, NODATA, NODATA, NODATA, TRUEWIND_BAD_SOG, TRUEWIND_BAD_SOG, TRUEWIND_BAD_SOG, TRUEWIND_BAD_SOG, BAROMETER_BAD_RAW_PRESSURE, BAROMETER_BAD_RAW_PRESSURE, NODATA, NODATA, NODATA, NODATA, NODATA, NODATA, NODATA, SSV_BAD_TEMPERATURE, NODATA, NODATA, NODATA, NODATA, NODATA,2024/04/12 03:45:00,2024-04-12 03:45:00+00:00
2024/04/12, 03:46:00, NODATA, NODATA, NODATA, NODATA,, NODATA, NODATA, NODATA, NODATA, NODATA, NODATA, NODATA, NODATA, NODATA, NODATA, NODATA, NODATA, NODATA, NODATA, NODATA, TRUEWIND_BAD_SOG, TRUEWIND_BAD_SOG, TRUEWIND_BAD_SOG, TRUEWIND_BAD_SOG, BAROMETER_BAD_RAW_PRESSURE, BAROMETER_BAD_RAW_PRESSURE, NODATA, NODATA, NODATA, NODATA, NODATA, NODATA, NODATA, SSV_BAD_TEMPERATURE, NODATA, NODATA, NODATA, NODATA, NODATA,2024/04/12 03:46:00,2024-04-12 03:46:00+00:00
2024/04/12, 03:47:00, NODATA, NODATA, NODATA, NODATA,, NODATA, NODATA, NODATA, NODATA, NODATA, NODATA, NODATA, NODATA, NODATA, NODATA, NODATA, NODATA, NODATA, NODATA, NODATA, TRUEWIND_BAD_SOG, TRUEWIND_BAD_SOG, TRUEWIND_BAD_SOG, TRUEWIND_BAD_SOG, BAROMETER_BAD_RAW_PRESSURE, BAROMETER_BAD_RAW_PRESSURE, NODATA, NODATA, NODATA, NODATA, NODATA, NODATA, NODATA, SSV_BAD_TEMPERATURE, NODATA, NODATA, NODATA, NODATA, NODATA,2024/04/12 03:47:00,2024-04-12 03:47:00+00:00
2024/04/12, 03:48:00, NODATA, NODATA, NODATA, NODATA,, NODATA, NODATA, NODATA, NODATA, NODATA, NODATA, NODATA, NODATA, NODATA, NODATA, NODATA, NODATA, NODATA, NODATA, NODATA, TRUEWIND_BAD_SOG, TRUEWIND_BAD_SOG, TRUEWIND_BAD_SOG, TRUEWIND_BAD_SOG, BAROMETER_BAD_RAW_PRESSURE, BAROMETER_BAD_RAW_PRESSURE, NODATA, NODATA, NODATA, NODATA, NODATA, NODATA, NODATA, SSV_BAD_TEMPERATURE, NODATA, NODATA, NODATA, NODATA, NODATA,2024/04/12 03:48:00,2024-04-12 03:48:00+00:00
2024/04/12, 03:49:00, NODATA, NODATA, NODATA, NODATA,, NODATA, NODATA, NODATA, NODATA, NODATA, NODATA, NODATA, NODATA, NODATA, NODATA, NODATA, NODATA, NODATA, NODATA, NODATA, TRUEWIND_BAD_SOG, TRUEWIND_BAD_SOG, TRUEWIND_BAD_SOG, TRUEWIND_BAD_SOG, BAROMETER_BAD_RAW_PRESSURE, BAROMETER_BAD_RAW_PRESSURE, NODATA, NODATA, NODATA, NODATA, NODATA, NODATA, NODATA, SSV_BAD_TEMPERATURE, NODATA, NODATA, NODATA, NODATA, NODATA,2024/04/12 03:49:00,2024-04-12 03:49:00+00:00
2024/04/12, 03:50:00, NODATA, NODATA, NODATA, NODATA,, NODATA, NODATA, NODATA, NODATA, NODATA, NODATA, NODATA, NODATA, NODATA, NODATA, NODATA, NODATA, NODATA, NODATA, NODATA, TRUEWIND_BAD_SOG, TRUEWIND_BAD_SOG, TRUEWIND_BAD_SOG, TRUEWIND_BAD_SOG, BAROMETER_BAD_RAW_PRESSURE, BAROMETER_BAD_RAW_PRESSURE, NODATA, NODATA, NODATA, NODATA, NODATA, NODATA, NODATA, SSV_BAD_TEMPERATURE, NODATA, NODATA, NODATA, NODATA, NODATA,2024/04/12 03:50:00,2024-04-12 03:50:00+00:00
2024/04/12, 03:51:00, NODATA, NODATA, NODATA, NODATA,, NODATA, NODATA, NODATA, NODATA, NODATA, NODATA, NODATA, NODATA, NODATA, NODATA, NODATA, NODATA, NODATA, NODATA, NODATA, TRUEWIND_BAD_SOG, TRUEWIND_BAD_SOG, TRUEWIND_BAD_SOG, TRUEWIND_BAD_SOG, BAROMETER_BAD_RAW_PRESSURE, BAROMETER_BAD_RAW_PRESSURE, NODATA, NODATA, NODATA, NODATA, NODATA, NODATA, NODATA, SSV_BAD_TEMPERATURE, NODATA, NODATA, NODATA, NODATA, NODATA,2024/04/12 03:51:00,2024-04-12 03:51:00+00:00
2024/04/12, 03:52:00, NODATA, NODATA, NODATA, NODATA,, NODATA, NODATA, NODATA, NODATA, NODATA, NODATA, NODATA, NODATA, NODATA, NODATA, NODATA, NODATA, NODATA, NODATA, NODATA, TRUEWIND_BAD_SOG, TRUEWIND_BAD_SOG, TRUEWIND_BAD_SOG, TRUEWIND_BAD_SOG, BAROMETER_BAD_RAW_PRESSURE, BAROMETER_BAD_RAW_PRESSURE, NODATA, NODATA, NODATA, NODATA, NODATA, NODATA, NODATA, SSV_BAD_TEMPERATURE, NODATA, NODATA, NODATA, NODATA, NODATA,2024/04/12 03:52:00,2024-04-12 03:52:00+00:00
2024/04/12, 03:53:00, NODATA, NODATA, NODATA, NODATA,, NODATA, NODATA, NODATA, NODATA, NODATA, NODATA, NODATA, NODATA, NODATA, NODATA, NODATA, NODATA, NODATA, NODATA, NODATA, TRUEWIND_BAD_SOG, TRUEWIND_BAD_SOG, TRUEWIND_BAD_SOG, TRUEWIND_BAD_SOG, BAROMETER_BAD_RAW_PRESSURE, BAROMETER_BAD_RAW_PRESSURE, NODATA, NODATA, NODATA, NODATA, NODATA, NODATA, NODATA, SSV_BAD_TEMPERATURE, NODATA, NODATA, NODATA, NODATA, NODATA,2024/04/12 03:53:00,2024-04-12 03:53:00+00:00
2024/04/12, 03:54:00, NODATA, NODATA, NODATA, NODATA,, NODATA, NODATA, NODATA, NODATA, NODATA, NODATA, NODATA, NODATA, NODATA, NODATA, NODATA, NODATA, NODATA, NODATA, NODATA, TRUEWIND_BAD_SOG, TRUEWIND_BAD_SOG, TRUEWIND_BAD_SOG, TRUEWIND_BAD_SOG, BAROMETER_BAD_RAW_PRESSURE, BAROMETER_BAD_RAW_PRESSURE, NODATA, NODATA, NODATA, NODATA, NODATA, NODATA, NODATA, SSV_BAD_TEMPERATURE, NODATA, NODATA, NODATA, NODATA, NODATA,2024/04/12 03:54:00,2024-04-12 03:54:00+00:00
2024/04/12, 03:55:00, NODATA, NODATA, NODATA, NODATA,, NODATA, NODATA, NODATA, NODATA, NODATA, NODATA, NODATA, NODATA, NODATA, NODATA, NODATA, NODATA, NODATA, NODATA, NODATA, TRUEWIND_BAD_SOG, TRUEWIND_BAD_SOG, TRUEWIND_BAD_SOG, TRUEWIND_BAD_SOG, BAROMETER_BAD_RAW_PRESSURE, BAROMETER_BAD_RAW_PRESSURE, NODATA, NODATA, NODATA, NODATA, NODATA, NODATA, NODATA, SSV_BAD_TEMPERATURE, NODATA, NODATA, NODATA, NODATA, NODATA,2024/04/12 03:55:00,2024-04-12 03:55:00+00:00
2024/04/12, 03:56:00, NODATA, NODATA, NODATA, NODATA,, NODATA, NODATA, NODATA, NODATA, NODATA, NODATA, NODATA, NODATA, NODATA, NODATA, NODATA, NODATA, NODATA, NODATA, NODATA, TRUEWIND_BAD_SOG, TRUEWIND_BAD_SOG, TRUEWIND_BAD_SOG, TRUEWIND_BAD_SOG, BAROMETER_BAD_RAW_PRESSURE, BAROMETER_BAD_RAW_PRESSURE, NODATA, NODATA, NODATA, NODATA, NODATA, NODATA, NODATA, SSV_BAD_TEMPERATURE, NODATA, NODATA, NODATA, NODATA, NODATA,2024/04/12 03:56:00,2024-04-12 03:56:00+00:00
2024/04/12, 03:57:00, NODATA, NODATA, NODATA, NODATA,, NODATA, NODATA, NODATA, NODATA, NODATA, NODATA, NODATA, NODATA, NODATA, NODATA, NODATA, NODATA, NODATA, NODATA, NODATA, TRUEWIND_BAD_SOG, TRUEWIND_BAD_SOG, TRUEWIND_BAD_SOG, TRUEWIND_BAD_SOG, BAROMETER_BAD_RAW_PRESSURE, BAROMETER_BAD_RAW_PRESSURE, NODATA, NODATA, NODATA, NODATA, NODATA, NODATA, NODATA, SSV_BAD_TEMPERATURE, NODATA, NODATA, NODATA, NODATA, NODATA,2024/04/12 03:57:00,2024-04-12 03:57:00+00:00
2024/04/12, 03:58:00, NODATA, NODATA, NODATA, NODATA,, NODATA, NODATA, NODATA, NODATA, NODATA, NODATA, NODATA, NODATA, NODATA, NODATA, NODATA, NODATA, NODATA, NODATA, NODATA, TRUEWIND_BAD_SOG, TRUEWIND_BAD_SOG, TRUEWIND_BAD_SOG, TRUEWIND_BAD_SOG, BAROMETER_BAD_RAW_PRESSURE, BAROMETER_BAD_RAW_PRESSURE, NODATA, NODATA, NODATA, NODATA, NODATA, NODATA, NODATA, SSV_BAD_TEMPERATURE, NODATA, NODATA, NODATA, NODATA, NODATA,2024/04/12 03:58:00,2024-04-12 03:58:00+00:00
2024/04/12, 03:59:00, NODATA, NODATA, NODATA, NODATA,, NODATA, NODATA, NODATA, NODATA, NODATA, NODATA, NODATA, NODATA, NODATA, NODATA, NODATA, NODATA, NODATA, NODATA, NODATA, TRUEWIND_BAD_SOG, TRUEWIND_BAD_SOG, TRUEWIND_BAD_SOG, TRUEWIND_BAD_SOG, BAROMETER_BAD_RAW_PRESSURE, BAROMETER_BAD_RAW_PRESSURE, NODATA, NODATA, NODATA, NODATA, NODATA, NODATA, NODATA, SSV_BAD_TEMPERATURE, NODATA, NODATA, NODATA, NODATA, NODATA,2024/04/12 03:59:00,2024-04-12 03:59:00+00:00
2024/04/12, 04:00:00, NODATA, NODATA, NODATA, NODATA,, NODATA, NODATA, NODATA, NODATA, NODATA, NODATA, NODATA, NODATA, NODATA, NODATA, NODATA, NODATA, NODATA, NODATA, NODATA, TRUEWIND_BAD_SOG, TRUEWIND_BAD_SOG, TRUEWIND_BAD_SOG, TRUEWIND_BAD_SOG, BAROMETER_BAD_RAW_PRESSURE, BAROMETER_BAD_RAW_PRESSURE, NODATA, NODATA, NODATA, NODATA, NODATA, NODATA, NODATA, SSV_BAD_TEMPERATURE, NODATA, NODATA, NODATA, NODATA, NODATA,2024/04/12 04:00:00,2024-04-12 04:00:00+00:00
2024/04/12, 04:01:00, NODATA, NODATA, NODATA, NODATA,, NODATA, NODATA, NODATA, NODATA, NODATA, NODATA, NODATA, NODATA, NODATA, NODATA, NODATA, NODATA, NODATA, NODATA, NODATA, TRUEWIND_BAD_SOG, TRUEWIND_BAD_SOG, TRUEWIND_BAD_SOG, TRUEWIND_BAD_SOG, BAROMETER_BAD_RAW_PRESSURE, BAROMETER_BAD_RAW_PRESSURE, NODATA, NODATA, NODATA, NODATA, NODATA, NODATA, NODATA, SSV_BAD_TEMPERATURE, NODATA, NODATA, NODATA, NODATA, NODATA,2024/04/12 04:01:00,2024-04-12 04:01:00+00:00
2024/04/12, 04:02:00, NODATA, NODATA, NODATA, NODATA,, NODATA, NODATA, NODATA, NODATA, NODATA, NODATA, NODATA, NODATA, NODATA, NODATA, NODATA, NODATA, NODATA, NODATA, NODATA, TRUEWIND_BAD_SOG, TRUEWIND_BAD_SOG, TRUEWIND_BAD_SOG, TRUEWIND_BAD_SOG, BAROMETER_BAD_RAW_PRESSURE, BAROMETER_BAD_RAW_PRESSURE, NODATA, NODATA, NODATA, NODATA, NODATA, NODATA, NODATA, SSV_BAD_TEMPERATURE, NODATA, NODATA, NODATA, NODATA, NODATA,2024/04/12 04:02:00,2024-04-12 04:02:00+00:00
2024/04/12, 04:03:00, NODATA, NODATA, NODATA, NODATA,, NODATA, NODATA, NODATA, NODATA, NODATA, NODATA, NODATA, NODATA, NODATA, NODATA, NODATA, NODATA, NODATA, NODATA, NODATA, TRUEWIND_BAD_SOG, TRUEWIND_BAD_SOG, TRUEWIND_BAD_SOG, TRUEWIND_BAD_SOG, BAROMETER_BAD_RAW_PRESSURE, BAROMETER_BAD_RAW_PRESSURE, NODATA, NODATA, NODATA, NODATA, NODATA, NODATA, NODATA, SSV_BAD_TEMPERATURE, NODATA, NODATA, NODATA, NODATA, NODATA,2024/04/12 04:03:00,2024-04-12 04:03:00+00:00
2024/04/12, 04:04:00, NODATA, NODATA, NODATA, NODATA,, NODATA, NODATA, NODATA, NODATA, NODATA, NODATA, NODATA, NODATA, NODATA, NODATA, NODATA, NODATA, NODATA, NODATA, NODATA, TRUEWIND_BAD_SOG, TRUEWIND_BAD_SOG, TRUEWIND_BAD_SOG, TRUEWIND_BAD_SOG, BAROMETER_BAD_RAW_PRESSURE, BAROMETER_BAD_RAW_PRESSURE, NODATA, NODATA, NODATA, NODATA, NODATA, NODATA, NODATA, SSV_BAD_TEMPERATURE, NODATA, NODATA, NODATA, NODATA, NODATA,2024/04/12 04:04:00,2024-04-12 04:04:00+00:00
2024/04/12, 04:05:00, NODATA, NODATA, NODATA, NODATA,, NODATA, NODATA, NODATA, NODATA, NODATA, NODATA, NODATA, NODATA, NODATA, NODATA, NODATA, NODATA, NODATA, NODATA, NODATA, TRUEWIND_BAD_SOG, TRUEWIND_BAD_SOG, TRUEWIND_BAD_SOG, TRUEWIND_BAD_SOG, BAROMETER_BAD_RAW_PRESSURE, BAROMETER_BAD_RAW_PRESSURE, NODATA, NODATA, NODATA, NODATA, NODATA, NODATA, NODATA, SSV_BAD_TEMPERATURE, NODATA, NODATA, NODATA, NODATA, NODATA,2024/04/12 04:05:00,2024-04-12 04:05:00+00:00
2024/04/12, 04:06:00, NODATA, NODATA, NODATA, NODATA,, NODATA, NODATA, NODATA, NODATA, NODATA, NODATA, NODATA, NODATA, NODATA, NODATA, NODATA, NODATA, NODATA, NODATA, NODATA, TRUEWIND_BAD_SOG, TRUEWIND_BAD_SOG, TRUEWIND_BAD_SOG, TRUEWIND_BAD_SOG, BAROMETER_BAD_RAW_PRESSURE, BAROMETER_BAD_RAW_PRESSURE, NODATA, NODATA, NODATA, NODATA, NODATA, NODATA, NODATA, SSV_BAD_TEMPERATURE, NODATA, NODATA, NODATA, NODATA, NODATA,2024/04/12 04:06:00,2024-04-12 04:06:00+00:00
2024/04/12, 04:07:00, NODATA, NODATA, NODATA, NODATA,, NODATA, NODATA, NODATA, NODATA, NODATA, NODATA, NODATA, NODATA, NODATA, NODATA, NODATA, NODATA, NODATA, NODATA, NODATA, TRUEWIND_BAD_SOG, TRUEWIND_BAD_SOG, TRUEWIND_BAD_SOG, TRUEWIND_BAD_SOG, BAROMETER_BAD_RAW_PRESSURE, BAROMETER_BAD_RAW_PRESSURE, NODATA, NODATA, NODATA, NODATA, NODATA, NODATA, NODATA, SSV_BAD_TEMPERATURE, NODATA, NODATA, NODATA, NODATA, NODATA,2024/04/12 04:07:00,2024-04-12 04:07:00+00:00
2024/04/12, 04:08:00, NODATA, NODATA, NODATA, NODATA,, NODATA, NODATA, NODATA, NODATA, NODATA, NODATA, NODATA, NODATA, NODATA, NODATA, NODATA, NODATA, NODATA, NODATA, NODATA, TRUEWIND_BAD_SOG, TRUEWIND_BAD_SOG, TRUEWIND_BAD_SOG, TRUEWIND_BAD_SOG, BAROMETER_BAD_RAW_PRESSURE, BAROMETER_BAD_RAW_PRESSURE, NODATA, NODATA, NODATA, NODATA, NODATA, NODATA, NODATA, SSV_BAD_TEMPERATURE, NODATA, NODATA, NODATA, NODATA, NODATA,2024/04/12 04:08:00,2024-04-12 04:08:00+00:00
2024/04/12, 04:09:00, NODATA, NODATA, NODATA, NODATA,, NODATA, NODATA, NODATA, NODATA, NODATA, NODATA, NODATA, NODATA, NODATA, NODATA, NODATA, NODATA, NODATA, NODATA, NODATA, TRUEWIND_BAD_SOG, TRUEWIND_BAD_SOG, TRUEWIND_BAD_SOG, TRUEWIND_BAD_SOG, BAROMETER_BAD_RAW_PRESSURE, BAROMETER_BAD_RAW_PRESSURE, NODATA, NODATA, NODATA, NODATA, NODATA, NODATA, NODATA, SSV_BAD_TEMPERATURE, NODATA, NODATA, NODATA, NODATA, NODATA,2024/04/12 04:09:00,2024-04-12 04:09:00+00:00
2024/04/12, 04:10:00, NODATA, NODATA, NODATA, NODATA,, NODATA, NODATA, NODATA, NODATA, NODATA, NODATA, NODATA, NODATA, NODATA, NODATA, NODATA, NODATA, NODATA, NODATA, NODATA, TRUEWIND_BAD_SOG, TRUEWIND_BAD_SOG, TRUEWIND_BAD_SOG, TRUEWIND_BAD_SOG, BAROMETER_BAD_RAW_PRESSURE, BAROMETER_BAD_RAW_PRESSURE, NODATA, NODATA, NODATA, NODATA, NODATA, NODATA, NODATA, SSV_BAD_TEMPERATURE, NODATA, NODATA, NODATA, NODATA, NODATA,2024/04/12 04:10:00,2024-04-12 04:10:00+00:00
2024/04/12, 04:11:00, NODATA, NODATA, NODATA, NODATA,, NODATA, NODATA, NODATA, NODATA, NODATA, NODATA, NODATA, NODATA, NODATA, NODATA, NODATA, NODATA, NODATA, NODATA, NODATA, TRUEWIND_BAD_SOG, TRUEWIND_BAD_SOG, TRUEWIND_BAD_SOG, TRUEWIND_BAD_SOG, BAROMETER_BAD_RAW_PRESSURE, BAROMETER_BAD_RAW_PRESSURE, NODATA, NODATA, NODATA, NODATA, NODATA, NODATA, NODATA, SSV_BAD_TEMPERATURE, NODATA, NODATA, NODATA, NODATA, NODATA,2024/04/12 04:11:00,2024-04-12 04:11:00+00:00
2024/04/12, 04:12:00, NODATA, NODATA, NODATA, NODATA,, NODATA, NODATA, NODATA, NODATA, NODATA, NODATA, NODATA, NODATA, NODATA, NODATA, NODATA, NODATA, NODATA, NODATA, NODATA, TRUEWIND_BAD_SOG, TRUEWIND_BAD_SOG, TRUEWIND_BAD_SOG, TRUEWIND_BAD_SOG, BAROMETER_BAD_RAW_PRESSURE, BAROMETER_BAD_RAW_PRESSURE, NODATA, NODATA, NODATA, NODATA, NODATA, NODATA, NODATA, SSV_BAD_TEMPERATURE, NODATA, NODATA, NODATA, NODATA, NODATA,2024/04/12 04:12:00,2024-04-12 04:12:00+00:00
2024/04/12, 04:13:00, NODATA, NODATA, NODATA, NODATA,, NODATA, NODATA, NODATA, NODATA, NODATA, NODATA, NODATA, NODATA, NODATA, NODATA, NODATA, NODATA, NODATA, NODATA, NODATA, TRUEWIND_BAD_SOG, TRUEWIND_BAD_SOG, TRUEWIND_BAD_SOG, TRUEWIND_BAD_SOG, BAROMETER_BAD_RAW_PRESSURE, BAROMETER_BAD_RAW_PRESSURE, NODATA, NODATA, NODATA, NODATA, NODATA, NODATA, NODATA, SSV_BAD_TEMPERATURE, NODATA, NODATA, NODATA, NODATA, NODATA,2024/04/12 04:13:00,2024-04-12 04:13:00+00:00
2024/04/12, 04:14:00, NODATA, NODATA, NODATA, NODATA,, NODATA, NODATA, NODATA, NODATA, NODATA, NODATA, NODATA, NODATA, NODATA, NODATA, NODATA, NODATA, NODATA, NODATA, NODATA, TRUEWIND_BAD_SOG, TRUEWIND_BAD_SOG, TRUEWIND_BAD_SOG, TRUEWIND_BAD_SOG, BAROMETER_BAD_RAW_PRESSURE, BAROMETER_BAD_RAW_PRESSURE, NODATA, NODATA, NODATA, NODATA, NODATA, NODATA, NODATA, SSV_BAD_TEMPERATURE, NODATA, NODATA, NODATA, NODATA, NODATA,2024/04/12 04:14:00,2024-04-12 04:14:00+00:00
2024/04/12, 04:15:00, NODATA, NODATA, NODATA, NODATA,, NODATA, NODATA, NODATA, NODATA, NODATA, NODATA, NODATA, NODATA, NODATA, NODATA, NODATA, NODATA, NODATA, NODATA, NODATA, TRUEWIND_BAD_SOG, TRUEWIND_BAD_SOG, TRUEWIND_BAD_SOG, TRUEWIND_BAD_SOG, BAROMETER_BAD_RAW_PRESSURE, BAROMETER_BAD_RAW_PRESSURE, NODATA, NODATA, NODATA, NODATA, NODATA, NODATA, NODATA, SSV_BAD_TEMPERATURE, NODATA, NODATA, NODATA, NODATA, NODATA,2024/04/12 04:15:00,2024-04-12 04:15:00+00:00
2024/04/12, 04:16:00, NODATA, NODATA, NODATA, NODATA,, NODATA, NODATA, NODATA, NODATA, NODATA, NODATA, NODATA, NODATA, NODATA, NODATA, NODATA, NODATA, NODATA, NODATA, NODATA, TRUEWIND_BAD_SOG, TRUEWIND_BAD_SOG, TRUEWIND_BAD_SOG, TRUEWIND_BAD_SOG, BAROMETER_BAD_RAW_PRESSURE, BAROMETER_BAD_RAW_PRESSURE, NODATA, NODATA, NODATA, NODATA, NODATA, NODATA, NODATA, SSV_BAD_TEMPERATURE, NODATA, NODATA, NODATA, NODATA, NODATA,2024/04/12 04:16:00,2024-04-12 04:16:00+00:00
2024/04/12, 04:17:00, NODATA, NODATA, NODATA, NODATA,, NODATA, NODATA, NODATA, NODATA, NODATA, NODATA, NODATA, NODATA, NODATA, NODATA, NODATA, NODATA, NODATA, NODATA, NODATA, TRUEWIND_BAD_SOG, TRUEWIND_BAD_SOG, TRUEWIND_BAD_SOG, TRUEWIND_BAD_SOG, BAROMETER_BAD_RAW_PRESSURE, BAROMETER_BAD_RAW_PRESSURE, NODATA, NODATA, NODATA, NODATA, NODATA, NODATA, NODATA, SSV_BAD_TEMPERATURE, NODATA, NODATA, NODATA, NODATA, NODATA,2024/04/12 04:17:00,2024-04-12 04:17:00+00:00
2024/04/12, 04:18:00, NODATA, NODATA, NODATA, NODATA,, NODATA, NODATA, NODATA, NODATA, NODATA, NODATA, NODATA, NODATA, NODATA, NODATA, NODATA, NODATA, NODATA, NODATA, NODATA, TRUEWIND_BAD_SOG, TRUEWIND_BAD_SOG, TRUEWIND_BAD_SOG, TRUEWIND_BAD_SOG, BAROMETER_BAD_RAW_PRESSURE, BAROMETER_BAD_RAW_PRESSURE, NODATA, NODATA, NODATA, NODATA, NODATA, NODATA, NODATA, SSV_BAD_TEMPERATURE, NODATA, NODATA, NODATA, NODATA, NODATA,2024/04/12 04:18:00,2024-04-12 04:18:00+00:00
2024/04/12, 04:19:00, NODATA, NODATA, NODATA, NODATA,, NODATA, NODATA, NODATA, NODATA, NODATA, NODATA, NODATA, NODATA, NODATA, NODATA, NODATA, NODATA, NODATA, NODATA, NODATA, TRUEWIND_BAD_SOG, TRUEWIND_BAD_SOG, TRUEWIND_BAD_SOG, TRUEWIND_BAD_SOG, BAROMETER_BAD_RAW_PRESSURE, BAROMETER_BAD_RAW_PRESSURE, NODATA, NODATA, NODATA, NODATA, NODATA, NODATA, NODATA, SSV_BAD_TEMPERATURE, NODATA, NODATA, NODATA, NODATA, NODATA,2024/04/12 04:19:00,2024-04-12 04:19:00+00:00
2024/04/12, 04:20:00, NODATA, NODATA, NODATA, NODATA,, NODATA, NODATA, NODATA, NODATA, NODATA, NODATA, NODATA, NODATA, NODATA, NODATA, NODATA, NODATA, NODATA, NODATA, NODATA, TRUEWIND_BAD_SOG, TRUEWIND_BAD_SOG, TRUEWIND_BAD_SOG, TRUEWIND_BAD_SOG, BAROMETER_BAD_RAW_PRESSURE, BAROMETER_BAD_RAW_PRESSURE, NODATA, NODATA, NODATA, NODATA, NODATA, NODATA, NODATA, SSV_BAD_TEMPERATURE, NODATA, NODATA, NODATA, NODATA, NODATA,2024/04/12 04:20:00,2024-04-12 04:20:00+00:00
2024/04/12, 04:21:00, NODATA, NODATA, NODATA, NODATA,, NODATA, NODATA, NODATA, NODATA, NODATA, NODATA, NODATA, NODATA, NODATA, NODATA, NODATA, NODATA, NODATA, NODATA, NODATA, TRUEWIND_BAD_SOG, TRUEWIND_BAD_SOG, TRUEWIND_BAD_SOG, TRUEWIND_BAD_SOG, BAROMETER_BAD_RAW_PRESSURE, BAROMETER_BAD_RAW_PRESSURE, NODATA, NODATA, NODATA, NODATA, NODATA, NODATA, NODATA, SSV_BAD_TEMPERATURE, NODATA, NODATA, NODATA, NODATA, NODATA,2024/04/12 04:21:00,2024-04-12 04:21:00+00:00
2024/04/12, 04:22:00, NODATA, NODATA, NODATA, NODATA,, NODATA, NODATA, NODATA, NODATA, NODATA, NODATA, NODATA, NODATA, NODATA, NODATA, NODATA, NODATA, NODATA, NODATA, NODATA, TRUEWIND_BAD_SOG, TRUEWIND_BAD_SOG, TRUEWIND_BAD_SOG, TRUEWIND_BAD_SOG, BAROMETER_BAD_RAW_PRESSURE, BAROMETER_BAD_RAW_PRESSURE, NODATA, NODATA, NODATA, NODATA, NODATA, NODATA, NODATA, SSV_BAD_TEMPERATURE, NODATA, NODATA, NODATA, NODATA, NODATA,2024/04/12 04:22:00,2024-04-12 04:22:00+00:00
2024/04/12, 04:23:00, NODATA, NODATA, NODATA, NODATA,, NODATA, NODATA, NODATA, NODATA, NODATA, NODATA, NODATA, NODATA, NODATA, NODATA, NODATA, NODATA, NODATA, NODATA, NODATA, TRUEWIND_BAD_SOG, TRUEWIND_BAD_SOG, TRUEWIND_BAD_SOG, TRUEWIND_BAD_SOG, BAROMETER_BAD_RAW_PRESSURE, BAROMETER_BAD_RAW_PRESSURE, NODATA, NODATA, NODATA, NODATA, NODATA, NODATA, NODATA, SSV_BAD_TEMPERATURE, NODATA, NODATA, NODATA, NODATA, NODATA,2024/04/12 04:23:00,2024-04-12 04:23:00+00:00
2024/04/12, 04:24:00, NODATA, NODATA, NODATA, NODATA,, NODATA, NODATA, NODATA, NODATA, NODATA, NODATA, NODATA, NODATA, NODATA, NODATA, NODATA, NODATA, NODATA, NODATA, NODATA, TRUEWIND_BAD_SOG, TRUEWIND_BAD_SOG, TRUEWIND_BAD_SOG, TRUEWIND_BAD_SOG, BAROMETER_BAD_RAW_PRESSURE, BAROMETER_BAD_RAW_PRESSURE, NODATA, NODATA, NODATA, NODATA, NODATA, NODATA, NODATA, SSV_BAD_TEMPERATURE, NODATA, NODATA, NODATA, NODATA, NODATA,2024/04/12 04:24:00,2024-04-12 04:24:00+00:00
2024/04/12, 04:25:00, NODATA, NODATA, NODATA, NODATA,, NODATA, NODATA, NODATA, NODATA, NODATA, NODATA, NODATA, NODATA, NODATA, NODATA, NODATA, NODATA, NODATA, NODATA, NODATA, TRUEWIND_BAD_SOG, TRUEWIND_BAD_SOG, TRUEWIND_BAD_SOG, TRUEWIND_BAD_SOG, BAROMETER_BAD_RAW_PRESSURE, BAROMETER_BAD_RAW_PRESSURE, NODATA, NODATA, NODATA, NODATA, NODATA, NODATA, NODATA, SSV_BAD_TEMPERATURE, NODATA, NODATA, NODATA, NODATA, NODATA,2024/04/12 04:25:00,2024-04-12 04:25:00+00:00
2024/04/12, 04:26:00, NODATA, NODATA, NODATA, NODATA,, NODATA, NODATA, NODATA, NODATA, NODATA, NODATA, NODATA, NODATA, NODATA, NODATA, NODATA, NODATA, NODATA, NODATA, NODATA, TRUEWIND_BAD_SOG, TRUEWIND_BAD_SOG, TRUEWIND_BAD_SOG, TRUEWIND_BAD_SOG, BAROMETER_BAD_RAW_PRESSURE, BAROMETER_BAD_RAW_PRESSURE, NODATA, NODATA, NODATA, NODATA, NODATA, NODATA, NODATA, SSV_BAD_TEMPERATURE, NODATA, NODATA, NODATA, NODATA, NODATA,2024/04/12 04:26:00,2024-04-12 04:26:00+00:00
2024/04/12, 04:27:00, NODATA, NODATA, NODATA, NODATA,, NODATA, NODATA, NODATA, NODATA, NODATA, NODATA, NODATA, NODATA, NODATA, NODATA, NODATA, NODATA, NODATA, NODATA, NODATA, TRUEWIND_BAD_SOG, TRUEWIND_BAD_SOG, TRUEWIND_BAD_SOG, TRUEWIND_BAD_SOG, BAROMETER_BAD_RAW_PRESSURE, BAROMETER_BAD_RAW_PRESSURE, NODATA, NODATA, NODATA, NODATA, NODATA, NODATA, NODATA, SSV_BAD_TEMPERATURE, NODATA, NODATA, NODATA, NODATA, NODATA,2024/04/12 04:27:00,2024-04-12 04:27:00+00:00
2024/04/12, 04:28:00, NODATA, NODATA, NODATA, NODATA,, NODATA, NODATA, NODATA, NODATA, NODATA, NODATA, NODATA, NODATA, NODATA, NODATA, NODATA, NODATA, NODATA, NODATA, NODATA, TRUEWIND_BAD_SOG, TRUEWIND_BAD_SOG, TRUEWIND_BAD_SOG, TRUEWIND_BAD_SOG, BAROMETER_BAD_RAW_PRESSURE, BAROMETER_BAD_RAW_PRESSURE, NODATA, NODATA, NODATA, NODATA, NODATA, NODATA, NODATA, SSV_BAD_TEMPERATURE, NODATA, NODATA, NODATA, NODATA, NODATA,2024/04/12 04:28:00,2024-04-12 04:28:00+00:00
2024/04/12, 04:29:00, NODATA, NODATA, NODATA, NODATA,, NODATA, NODATA, NODATA, NODATA, NODATA, NODATA, NODATA, NODATA, NODATA, NODATA, NODATA, NODATA, NODATA, NODATA, NODATA, TRUEWIND_BAD_SOG, TRUEWIND_BAD_SOG, TRUEWIND_BAD_SOG, TRUEWIND_BAD_SOG, BAROMETER_BAD_RAW_PRESSURE, BAROMETER_BAD_RAW_PRESSURE, NODATA, NODATA, NODATA, NODATA, NODATA, NODATA, NODATA, SSV_BAD_TEMPERATURE, NODATA, NODATA, NODATA, NODATA, NODATA,2024/04/12 04:29:00,2024-04-12 04:29:00+00:00
2024/04/12, 04:30:00, NODATA, NODATA, NODATA, NODATA,, NODATA, NODATA, NODATA, NODATA, NODATA, NODATA, NODATA, NODATA, NODATA, NODATA, NODATA, NODATA, NODATA, NODATA, NODATA, TRUEWIND_BAD_SOG, TRUEWIND_BAD_SOG, TRUEWIND_BAD_SOG, TRUEWIND_BAD_SOG, BAROMETER_BAD_RAW_PRESSURE, BAROMETER_BAD_RAW_PRESSURE, NODATA, NODATA, NODATA, NODATA, NODATA, NODATA, NODATA, SSV_BAD_TEMPERATURE, NODATA, NODATA, NODATA, NODATA, NODATA,2024/04/12 04:30:00,2024-04-12 04:30:00+00:00
2024/04/12, 04:31:00, NODATA, NODATA, NODATA, NODATA,, NODATA, NODATA, NODATA, NODATA, NODATA, NODATA, NODATA, NODATA, NODATA, NODATA, NODATA, NODATA, NODATA, NODATA, NODATA, TRUEWIND_BAD_SOG, TRUEWIND_BAD_SOG, TRUEWIND_BAD_SOG, TRUEWIND_BAD_SOG, BAROMETER_BAD_RAW_PRESSURE, BAROMETER_BAD_RAW_PRESSURE, NODATA, NODATA, NODATA, NODATA, NODATA, NODATA, NODATA, SSV_BAD_TEMPERATURE, NODATA, NODATA, NODATA, NODATA, NODATA,2024/04/12 04:31:00,2024-04-12 04:31:00+00:00
2024/04/12, 04:32:00, NODATA, NODATA, NODATA, NODATA,, NODATA, NODATA, NODATA, NODATA, NODATA, NODATA, NODATA, NODATA, NODATA, NODATA, NODATA, NODATA, NODATA, NODATA, NODATA, TRUEWIND_BAD_SOG, TRUEWIND_BAD_SOG, TRUEWIND_BAD_SOG, TRUEWIND_BAD_SOG, BAROMETER_BAD_RAW_PRESSURE, BAROMETER_BAD_RAW_PRESSURE, NODATA, NODATA, NODATA, NODATA, NODATA, NODATA, NODATA, SSV_BAD_TEMPERATURE, NODATA, NODATA, NODATA, NODATA, NODATA,2024/04/12 04:32:00,2024-04-12 04:32:00+00:00
2024/04/12, 04:33:00, NODATA, NODATA, NODATA, NODATA,, NODATA, NODATA, NODATA, NODATA, NODATA, NODATA, NODATA, NODATA, NODATA, NODATA, NODATA, NODATA, NODATA, NODATA, NODATA, TRUEWIND_BAD_SOG, TRUEWIND_BAD_SOG, TRUEWIND_BAD_SOG, TRUEWIND_BAD_SOG, BAROMETER_BAD_RAW_PRESSURE, BAROMETER_BAD_RAW_PRESSURE, NODATA, NODATA, NODATA, NODATA, NODATA, NODATA, NODATA, SSV_BAD_TEMPERATURE, NODATA, NODATA, NODATA, NODATA, NODATA,2024/04/12 04:33:00,2024-04-12 04:33:00+00:00
2024/04/12, 04:34:00, NODATA, NODATA, NODATA, NODATA,, NODATA, NODATA, NODATA, NODATA, NODATA, NODATA, NODATA, NODATA, NODATA, NODATA, NODATA, NODATA, NODATA, NODATA, NODATA, TRUEWIND_BAD_SOG, TRUEWIND_BAD_SOG, TRUEWIND_BAD_SOG, TRUEWIND_BAD_SOG, BAROMETER_BAD_RAW_PRESSURE, BAROMETER_BAD_RAW_PRESSURE, NODATA, NODATA, NODATA, NODATA, NODATA, NODATA, NODATA, SSV_BAD_TEMPERATURE, NODATA, NODATA, NODATA, NODATA, NODATA,2024/04/12 04:34:00,2024-04-12 04:34:00+00:00
2024/04/12, 04:35:00, NODATA, NODATA, NODATA, NODATA,, NODATA, NODATA, NODATA, NODATA, NODATA, NODATA, NODATA, NODATA, NODATA, NODATA, NODATA, NODATA, NODATA, NODATA, NODATA, TRUEWIND_BAD_SOG, TRUEWIND_BAD_SOG, TRUEWIND_BAD_SOG, TRUEWIND_BAD_SOG, BAROMETER_BAD_RAW_PRESSURE, BAROMETER_BAD_RAW_PRESSURE, NODATA, NODATA, NODATA, NODATA, NODATA, NODATA, NODATA, SSV_BAD_TEMPERATURE, NODATA, NODATA, NODATA, NODATA, NODATA,2024/04/12 04:35:00,2024-04-12 04:35:00+00:00
2024/04/12, 04:36:00, NODATA, NODATA, NODATA, NODATA,, NODATA, NODATA, NODATA, NODATA, NODATA, NODATA, NODATA, NODATA, NODATA, NODATA, NODATA, NODATA, NODATA, NODATA, NODATA, TRUEWIND_BAD_SOG, TRUEWIND_BAD_SOG, TRUEWIND_BAD_SOG, TRUEWIND_BAD_SOG, BAROMETER_BAD_RAW_PRESSURE, BAROMETER_BAD_RAW_PRESSURE, NODATA, NODATA, NODATA, NODATA, NODATA, NODATA, NODATA, SSV_BAD_TEMPERATURE, NODATA, NODATA, NODATA, NODATA, NODATA,2024/04/12 04:36:00,2024-04-12 04:36:00+00:00
2024/04/12, 04:37:00, NODATA, NODATA, NODATA, NODATA,, NODATA, NODATA, NODATA, NODATA, NODATA, NODATA, NODATA, NODATA, NODATA, NODATA, NODATA, NODATA, NODATA, NODATA, NODATA, TRUEWIND_BAD_SOG, TRUEWIND_BAD_SOG, TRUEWIND_BAD_SOG, TRUEWIND_BAD_SOG, BAROMETER_BAD_RAW_PRESSURE, BAROMETER_BAD_RAW_PRESSURE, NODATA, NODATA, NODATA, NODATA, NODATA, NODATA, NODATA, SSV_BAD_TEMPERATURE, NODATA, NODATA, NODATA, NODATA, NODATA,2024/04/12 04:37:00,2024-04-12 04:37:00+00:00
2024/04/12, 04:38:00, NODATA, NODATA, NODATA, NODATA,, NODATA, NODATA, NODATA, NODATA, NODATA, NODATA, NODATA, NODATA, NODATA, NODATA, NODATA, NODATA, NODATA, NODATA, NODATA, TRUEWIND_BAD_SOG, TRUEWIND_BAD_SOG, TRUEWIND_BAD_SOG, TRUEWIND_BAD_SOG, BAROMETER_BAD_RAW_PRESSURE, BAROMETER_BAD_RAW_PRESSURE, NODATA, NODATA, NODATA, NODATA, NODATA, NODATA, NODATA, SSV_BAD_TEMPERATURE, NODATA, NODATA, NODATA, NODATA, NODATA,2024/04/12 04:38:00,2024-04-12 04:38:00+00:00
2024/04/12, 04:39:00, NODATA, NODATA, NODATA, NODATA,, NODATA, NODATA, NODATA, NODATA, NODATA, NODATA, NODATA, NODATA, NODATA, NODATA, NODATA, NODATA, NODATA, NODATA, NODATA, TRUEWIND_BAD_SOG, TRUEWIND_BAD_SOG, TRUEWIND_BAD_SOG, TRUEWIND_BAD_SOG, BAROMETER_BAD_RAW_PRESSURE, BAROMETER_BAD_RAW_PRESSURE, NODATA, NODATA, NODATA, NODATA, NODATA, NODATA, NODATA, SSV_BAD_TEMPERATURE, NODATA, NODATA, NODATA, NODATA, NODATA,2024/04/12 04:39:00,2024-04-12 04:39:00+00:00
2024/04/12, 04:40:00, NODATA, NODATA, NODATA, NODATA,, NODATA, NODATA, NODATA, NODATA, NODATA, NODATA, NODATA, NODATA, NODATA, NODATA, NODATA, NODATA, NODATA, NODATA, NODATA, TRUEWIND_BAD_SOG, TRUEWIND_BAD_SOG, TRUEWIND_BAD_SOG, TRUEWIND_BAD_SOG, BAROMETER_BAD_RAW_PRESSURE, BAROMETER_BAD_RAW_PRESSURE, NODATA, NODATA, NODATA, NODATA, NODATA, NODATA, NODATA, SSV_BAD_TEMPERATURE, NODATA, NODATA, NODATA, NODATA, NODATA,2024/04/12 04:40:00,2024-04-12 04:40:00+00:00
2024/04/12, 04:41:00, NODATA, NODATA, NODATA, NODATA,, NODATA, NODATA, NODATA, NODATA, NODATA, NODATA, NODATA, NODATA, NODATA, NODATA, NODATA, NODATA, NODATA, NODATA, NODATA, TRUEWIND_BAD_SOG, TRUEWIND_BAD_SOG, TRUEWIND_BAD_SOG, TRUEWIND_BAD_SOG, BAROMETER_BAD_RAW_PRESSURE, BAROMETER_BAD_RAW_PRESSURE, NODATA, NODATA, NODATA, NODATA, NODATA, NODATA, NODATA, SSV_BAD_TEMPERATURE, NODATA, NODATA, NODATA, NODATA, NODATA,2024/04/12 04:41:00,2024-04-12 04:41:00+00:00
2024/04/12, 04:42:00, NODATA, NODATA, NODATA, NODATA,, NODATA, NODATA, NODATA, NODATA, NODATA, NODATA, NODATA, NODATA, NODATA, NODATA, NODATA, NODATA, NODATA, NODATA, NODATA, TRUEWIND_BAD_SOG, TRUEWIND_BAD_SOG, TRUEWIND_BAD_SOG, TRUEWIND_BAD_SOG, BAROMETER_BAD_RAW_PRESSURE, BAROMETER_BAD_RAW_PRESSURE, NODATA, NODATA, NODATA, NODATA, NODATA, NODATA, NODATA, SSV_BAD_TEMPERATURE, NODATA, NODATA, NODATA, NODATA, NODATA,2024/04/12 04:42:00,2024-04-12 04:42:00+00:00
2024/04/12, 04:43:00, NODATA, NODATA, NODATA, NODATA,, NODATA, NODATA, NODATA, NODATA, NODATA, NODATA, NODATA, NODATA, NODATA, NODATA, NODATA, NODATA, NODATA, NODATA, NODATA, TRUEWIND_BAD_SOG, TRUEWIND_BAD_SOG, TRUEWIND_BAD_SOG, TRUEWIND_BAD_SOG, BAROMETER_BAD_RAW_PRESSURE, BAROMETER_BAD_RAW_PRESSURE, NODATA, NODATA, NODATA, NODATA, NODATA, NODATA, NODATA, SSV_BAD_TEMPERATURE, NODATA, NODATA, NODATA, NODATA, NODATA,2024/04/12 04:43:00,2024-04-12 04:43:00+00:00
2024/04/12, 04:44:00, NODATA, NODATA, NODATA, NODATA,, NODATA, NODATA, NODATA, NODATA, NODATA, NODATA, NODATA, NODATA, NODATA, NODATA, NODATA, NODATA, NODATA, NODATA, NODATA, TRUEWIND_BAD_SOG, TRUEWIND_BAD_SOG, TRUEWIND_BAD_SOG, TRUEWIND_BAD_SOG, BAROMETER_BAD_RAW_PRESSURE, BAROMETER_BAD_RAW_PRESSURE, NODATA, NODATA, NODATA, NODATA, NODATA, NODATA, NODATA, SSV_BAD_TEMPERATURE, NODATA, NODATA, NODATA, NODATA, NODATA,2024/04/12 04:44:00,2024-04-12 04:44:00+00:00
2024/04/12, 04:45:00, NODATA, NODATA, NODATA, NODATA,, NODATA, NODATA, NODATA, NODATA, NODATA, NODATA, NODATA, NODATA, NODATA, NODATA, NODATA, NODATA, NODATA, NODATA, NODATA, TRUEWIND_BAD_SOG, TRUEWIND_BAD_SOG, TRUEWIND_BAD_SOG, TRUEWIND_BAD_SOG, BAROMETER_BAD_RAW_PRESSURE, BAROMETER_BAD_RAW_PRESSURE, NODATA, NODATA, NODATA, NODATA, NODATA, NODATA, NODATA, SSV_BAD_TEMPERATURE, NODATA, NODATA, NODATA, NODATA, NODATA,2024/04/12 04:45:00,2024-04-12 04:45:00+00:00
2024/04/12, 04:46:00, NODATA, NODATA, NODATA, NODATA,, NODATA, NODATA, NODATA, NODATA, NODATA, NODATA, NODATA, NODATA, NODATA, NODATA, NODATA, NODATA, NODATA, NODATA, NODATA, TRUEWIND_BAD_SOG, TRUEWIND_BAD_SOG, TRUEWIND_BAD_SOG, TRUEWIND_BAD_SOG, BAROMETER_BAD_RAW_PRESSURE, BAROMETER_BAD_RAW_PRESSURE, NODATA, NODATA, NODATA, NODATA, NODATA, NODATA, NODATA, SSV_BAD_TEMPERATURE, NODATA, NODATA, NODATA, NODATA, NODATA,2024/04/12 04:46:00,2024-04-12 04:46:00+00:00
2024/04/12, 04:47:00, NODATA, NODATA, NODATA, NODATA,, NODATA, NODATA, NODATA, NODATA, NODATA, NODATA, NODATA, NODATA, NODATA, NODATA, NODATA, NODATA, NODATA, NODATA, NODATA, TRUEWIND_BAD_SOG, TRUEWIND_BAD_SOG, TRUEWIND_BAD_SOG, TRUEWIND_BAD_SOG, BAROMETER_BAD_RAW_PRESSURE, BAROMETER_BAD_RAW_PRESSURE, NODATA, NODATA, NODATA, NODATA, NODATA, NODATA, NODATA, SSV_BAD_TEMPERATURE, NODATA, NODATA, NODATA, NODATA, NODATA,2024/04/12 04:47:00,2024-04-12 04:47:00+00:00
2024/04/12, 04:48:00, NODATA, NODATA, NODATA, NODATA,, NODATA, NODATA, NODATA, NODATA, NODATA, NODATA, NODATA, NODATA, NODATA, NODATA, NODATA, NODATA, NODATA, NODATA, NODATA, TRUEWIND_BAD_SOG, TRUEWIND_BAD_SOG, TRUEWIND_BAD_SOG, TRUEWIND_BAD_SOG, BAROMETER_BAD_RAW_PRESSURE, BAROMETER_BAD_RAW_PRESSURE, NODATA, NODATA, NODATA, NODATA, NODATA, NODATA, NODATA, SSV_BAD_TEMPERATURE, NODATA, NODATA, NODATA, NODATA, NODATA,2024/04/12 04:48:00,2024-04-12 04:48:00+00:00
2024/04/12, 04:49:00, NODATA, NODATA, NODATA, NODATA,, NODATA, NODATA, NODATA, NODATA, NODATA, NODATA, NODATA, NODATA, NODATA, NODATA, NODATA, NODATA, NODATA, NODATA, NODATA, TRUEWIND_BAD_SOG, TRUEWIND_BAD_SOG, TRUEWIND_BAD_SOG, TRUEWIND_BAD_SOG, BAROMETER_BAD_RAW_PRESSURE, BAROMETER_BAD_RAW_PRESSURE, NODATA, NODATA, NODATA, NODATA, NODATA, NODATA, NODATA, SSV_BAD_TEMPERATURE, NODATA, NODATA, NODATA, NODATA, NODATA,2024/04/12 04:49:00,2024-04-12 04:49:00+00:00
2024/04/12, 04:50:00, NODATA, NODATA, NODATA, NODATA,, NODATA, NODATA, NODATA, NODATA, NODATA, NODATA, NODATA, NODATA, NODATA, NODATA, NODATA, NODATA, NODATA, NODATA, NODATA, TRUEWIND_BAD_SOG, TRUEWIND_BAD_SOG, TRUEWIND_BAD_SOG, TRUEWIND_BAD_SOG, BAROMETER_BAD_RAW_PRESSURE, BAROMETER_BAD_RAW_PRESSURE, NODATA, NODATA, NODATA, NODATA, NODATA, NODATA, NODATA, SSV_BAD_TEMPERATURE, NODATA, NODATA, NODATA, NODATA, NODATA,2024/04/12 04:50:00,2024-04-12 04:50:00+00:00
2024/04/12, 04:51:00, NODATA, NODATA, NODATA, NODATA,, NODATA, NODATA, NODATA, NODATA, NODATA, NODATA, NODATA, NODATA, NODATA, NODATA, NODATA, NODATA, NODATA, NODATA, NODATA, TRUEWIND_BAD_SOG, TRUEWIND_BAD_SOG, TRUEWIND_BAD_SOG, TRUEWIND_BAD_SOG, BAROMETER_BAD_RAW_PRESSURE, BAROMETER_BAD_RAW_PRESSURE, NODATA, NODATA, NODATA, NODATA, NODATA, NODATA, NODATA, SSV_BAD_TEMPERATURE, NODATA, NODATA, NODATA, NODATA, NODATA,2024/04/12 04:51:00,2024-04-12 04:51:00+00:00
2024/04/12, 04:52:00, NODATA, NODATA, NODATA, NODATA,, NODATA, NODATA, NODATA, NODATA, NODATA, NODATA, NODATA, NODATA, NODATA, NODATA, NODATA, NODATA, NODATA, NODATA, NODATA, TRUEWIND_BAD_SOG, TRUEWIND_BAD_SOG, TRUEWIND_BAD_SOG, TRUEWIND_BAD_SOG, BAROMETER_BAD_RAW_PRESSURE, BAROMETER_BAD_RAW_PRESSURE, NODATA, NODATA, NODATA, NODATA, NODATA, NODATA, NODATA, SSV_BAD_TEMPERATURE, NODATA, NODATA, NODATA, NODATA, NODATA,2024/04/12 04:52:00,2024-04-12 04:52:00+00:00
2024/04/12, 04:53:00, NODATA, NODATA, NODATA, NODATA,, NODATA, NODATA, NODATA, NODATA, NODATA, NODATA, NODATA, NODATA, NODATA, NODATA, NODATA, NODATA, NODATA, NODATA, NODATA, TRUEWIND_BAD_SOG, TRUEWIND_BAD_SOG, TRUEWIND_BAD_SOG, TRUEWIND_BAD_SOG, BAROMETER_BAD_RAW_PRESSURE, BAROMETER_BAD_RAW_PRESSURE, NODATA, NODATA, NODATA, NODATA, NODATA, NODATA, NODATA, SSV_BAD_TEMPERATURE, NODATA, NODATA, NODATA, NODATA, NODATA,2024/04/12 04:53:00,2024-04-12 04:53:00+00:00
2024/04/12, 04:54:00, NODATA, NODATA, NODATA, NODATA,, NODATA, NODATA, NODATA, NODATA, NODATA, NODATA, NODATA, NODATA, NODATA, NODATA, NODATA, NODATA, NODATA, NODATA, NODATA, TRUEWIND_BAD_SOG, TRUEWIND_BAD_SOG, TRUEWIND_BAD_SOG, TRUEWIND_BAD_SOG, BAROMETER_BAD_RAW_PRESSURE, BAROMETER_BAD_RAW_PRESSURE, NODATA, NODATA, NODATA, NODATA, NODATA, NODATA, NODATA, SSV_BAD_TEMPERATURE, NODATA, NODATA, NODATA, NODATA, NODATA,2024/04/12 04:54:00,2024-04-12 04:54:00+00:00
2024/04/12, 04:55:00, NODATA, NODATA, NODATA, NODATA,, NODATA, NODATA, NODATA, NODATA, NODATA, NODATA, NODATA, NODATA, NODATA, NODATA, NODATA, NODATA, NODATA, NODATA, NODATA, TRUEWIND_BAD_SOG, TRUEWIND_BAD_SOG, TRUEWIND_BAD_SOG, TRUEWIND_BAD_SOG, BAROMETER_BAD_RAW_PRESSURE, BAROMETER_BAD_RAW_PRESSURE, NODATA, NODATA, NODATA, NODATA, NODATA, NODATA, NODATA, SSV_BAD_TEMPERATURE, NODATA, NODATA, NODATA, NODATA, NODATA,2024/04/12 04:55:00,2024-04-12 04:55:00+00:00
2024/04/12, 04:56:00, NODATA, NODATA, NODATA, NODATA,, NODATA, NODATA, NODATA, NODATA, NODATA, NODATA, NODATA, NODATA, NODATA, NODATA, NODATA, NODATA, NODATA, NODATA, NODATA, TRUEWIND_BAD_SOG, TRUEWIND_BAD_SOG, TRUEWIND_BAD_SOG, TRUEWIND_BAD_SOG, BAROMETER_BAD_RAW_PRESSURE, BAROMETER_BAD_RAW_PRESSURE, NODATA, NODATA, NODATA, NODATA, NODATA, NODATA, NODATA, SSV_BAD_TEMPERATURE, NODATA, NODATA, NODATA, NODATA, NODATA,2024/04/12 04:56:00,2024-04-12 04:56:00+00:00
2024/04/12, 04:57:00, NODATA, NODATA, NODATA, NODATA,, NODATA, NODATA, NODATA, NODATA, NODATA, NODATA, NODATA, NODATA, NODATA, NODATA, NODATA, NODATA, NODATA, NODATA, NODATA, TRUEWIND_BAD_SOG, TRUEWIND_BAD_SOG, TRUEWIND_BAD_SOG, TRUEWIND_BAD_SOG, BAROMETER_BAD_RAW_PRESSURE, BAROMETER_BAD_RAW_PRESSURE, NODATA, NODATA, NODATA, NODATA, NODATA, NODATA, NODATA, SSV_BAD_TEMPERATURE, NODATA, NODATA, NODATA, NODATA, NODATA,2024/04/12 04:57:00,2024-04-12 04:57:00+00:00
2024/04/12, 04:58:00, NODATA, NODATA, NODATA, NODATA,, NODATA, NODATA, NODATA, NODATA, NODATA, NODATA, NODATA, NODATA, NODATA, NODATA, NODATA, NODATA, NODATA, NODATA, NODATA, TRUEWIND_BAD_SOG, TRUEWIND_BAD_SOG, TRUEWIND_BAD_SOG, TRUEWIND_BAD_SOG, BAROMETER_BAD_RAW_PRESSURE, BAROMETER_BAD_RAW_PRESSURE, NODATA, NODATA, NODATA, NODATA, NODATA, NODATA, NODATA, SSV_BAD_TEMPERATURE, NODATA, NODATA, NODATA, NODATA, NODATA,2024/04/12 04:58:00,2024-04-12 04:58:00+00:00
2024/04/12, 04:59:00, NODATA, NODATA, NODATA, NODATA,, NODATA, NODATA, NODATA, NODATA, NODATA, NODATA, NODATA, NODATA, NODATA, NODATA, NODATA, NODATA, NODATA, NODATA, NODATA, TRUEWIND_BAD_SOG, TRUEWIND_BAD_SOG, TRUEWIND_BAD_SOG, TRUEWIND_BAD_SOG, BAROMETER_BAD_RAW_PRESSURE, BAROMETER_BAD_RAW_PRESSURE, NODATA, NODATA, NODATA, NODATA, NODATA, NODATA, NODATA, SSV_BAD_TEMPERATURE, NODATA, NODATA, NODATA, NODATA, NODATA,2024/04/12 04:59:00,2024-04-12 04:59:00+00:00
2024/04/12, 05:00:00, NODATA, NODATA, NODATA, NODATA,, NODATA, NODATA, NODATA, NODATA, NODATA, NODATA, NODATA, NODATA, NODATA, NODATA, NODATA, NODATA, NODATA, NODATA, NODATA, TRUEWIND_BAD_SOG, TRUEWIND_BAD_SOG, TRUEWIND_BAD_SOG, TRUEWIND_BAD_SOG, BAROMETER_BAD_RAW_PRESSURE, BAROMETER_BAD_RAW_PRESSURE, NODATA, NODATA, NODATA, NODATA, NODATA, NODATA, NODATA, SSV_BAD_TEMPERATURE, NODATA, NODATA, NODATA, NODATA, NODATA,2024/04/12 05:00:00,2024-04-12 05:00:00+00:00
2024/04/12, 05:01:00, NODATA, NODATA, NODATA, NODATA,, NODATA, NODATA, NODATA, NODATA, NODATA, NODATA, NODATA, NODATA, NODATA, NODATA, NODATA, NODATA, NODATA, NODATA, NODATA, TRUEWIND_BAD_SOG, TRUEWIND_BAD_SOG, TRUEWIND_BAD_SOG, TRUEWIND_BAD_SOG, BAROMETER_BAD_RAW_PRESSURE, BAROMETER_BAD_RAW_PRESSURE, NODATA, NODATA, NODATA, NODATA, NODATA, NODATA, NODATA, SSV_BAD_TEMPERATURE, NODATA, NODATA, NODATA, NODATA, NODATA,2024/04/12 05:01:00,2024-04-12 05:01:00+00:00
2024/04/12, 05:02:00, NODATA, NODATA, NODATA, NODATA,, NODATA, NODATA, NODATA, NODATA, NODATA, NODATA, NODATA, NODATA, NODATA, NODATA, NODATA, NODATA, NODATA, NODATA, NODATA, TRUEWIND_BAD_SOG, TRUEWIND_BAD_SOG, TRUEWIND_BAD_SOG, TRUEWIND_BAD_SOG, BAROMETER_BAD_RAW_PRESSURE, BAROMETER_BAD_RAW_PRESSURE, NODATA, NODATA, NODATA, NODATA, NODATA, NODATA, NODATA, SSV_BAD_TEMPERATURE, NODATA, NODATA, NODATA, NODATA, NODATA,2024/04/12 05:02:00,2024-04-12 05:02:00+00:00
2024/04/12, 05:03:00, NODATA, NODATA, NODATA, NODATA,, NODATA, NODATA, NODATA, NODATA, NODATA, NODATA, NODATA, NODATA, NODATA, NODATA, NODATA, NODATA, NODATA, NODATA, NODATA, TRUEWIND_BAD_SOG, TRUEWIND_BAD_SOG, TRUEWIND_BAD_SOG, TRUEWIND_BAD_SOG, BAROMETER_BAD_RAW_PRESSURE, BAROMETER_BAD_RAW_PRESSURE, NODATA, NODATA, NODATA, NODATA, NODATA, NODATA, NODATA, SSV_BAD_TEMPERATURE, NODATA, NODATA, NODATA, NODATA, NODATA,2024/04/12 05:03:00,2024-04-12 05:03:00+00:00
2024/04/12, 05:04:00, NODATA, NODATA, NODATA, NODATA,, NODATA, NODATA, NODATA, NODATA, NODATA, NODATA, NODATA, NODATA, NODATA, NODATA, NODATA, NODATA, NODATA, NODATA, NODATA, TRUEWIND_BAD_SOG, TRUEWIND_BAD_SOG, TRUEWIND_BAD_SOG, TRUEWIND_BAD_SOG, BAROMETER_BAD_RAW_PRESSURE, BAROMETER_BAD_RAW_PRESSURE, NODATA, NODATA, NODATA, NODATA, NODATA, NODATA, NODATA, SSV_BAD_TEMPERATURE, NODATA, NODATA, NODATA, NODATA, NODATA,2024/04/12 05:04:00,2024-04-12 05:04:00+00:00
2024/04/12, 05:05:00, NODATA, NODATA, NODATA, NODATA,, NODATA, NODATA, NODATA, NODATA, NODATA, NODATA, NODATA, NODATA, NODATA, NODATA, NODATA, NODATA, NODATA, NODATA, NODATA, TRUEWIND_BAD_SOG, TRUEWIND_BAD_SOG, TRUEWIND_BAD_SOG, TRUEWIND_BAD_SOG, BAROMETER_BAD_RAW_PRESSURE, BAROMETER_BAD_RAW_PRESSURE, NODATA, NODATA, NODATA, NODATA, NODATA, NODATA, NODATA, SSV_BAD_TEMPERATURE, NODATA, NODATA, NODATA, NODATA, NODATA,2024/04/12 05:05:00,2024-04-12 05:05:00+00:00
2024/04/12, 05:06:00, NODATA, NODATA, NODATA, NODATA,, NODATA, NODATA, NODATA, NODATA, NODATA, NODATA, NODATA, NODATA, NODATA, NODATA, NODATA, NODATA, NODATA, NODATA, NODATA, TRUEWIND_BAD_SOG, TRUEWIND_BAD_SOG, TRUEWIND_BAD_SOG, TRUEWIND_BAD_SOG, BAROMETER_BAD_RAW_PRESSURE, BAROMETER_BAD_RAW_PRESSURE, NODATA, NODATA, NODATA, NODATA, NODATA, NODATA, NODATA, SSV_BAD_TEMPERATURE, NODATA, NODATA, NODATA, NODATA, NODATA,2024/04/12 05:06:00,2024-04-12 05:06:00+00:00
2024/04/12, 05:07:00, NODATA, NODATA, NODATA, NODATA,, NODATA, NODATA, NODATA, NODATA, NODATA, NODATA, NODATA, NODATA, NODATA, NODATA, NODATA, NODATA, NODATA, NODATA, NODATA, TRUEWIND_BAD_SOG, TRUEWIND_BAD_SOG, TRUEWIND_BAD_SOG, TRUEWIND_BAD_SOG, BAROMETER_BAD_RAW_PRESSURE, BAROMETER_BAD_RAW_PRESSURE, NODATA, NODATA, NODATA, NODATA, NODATA, NODATA, NODATA, SSV_BAD_TEMPERATURE, NODATA, NODATA, NODATA, NODATA, NODATA,2024/04/12 05:07:00,2024-04-12 05:07:00+00:00
2024/04/12, 05:08:00, NODATA, NODATA, NODATA, NODATA,, NODATA, NODATA, NODATA, NODATA, NODATA, NODATA, NODATA, NODATA, NODATA, NODATA, NODATA, NODATA, NODATA, NODATA, NODATA, TRUEWIND_BAD_SOG, TRUEWIND_BAD_SOG, TRUEWIND_BAD_SOG, TRUEWIND_BAD_SOG, BAROMETER_BAD_RAW_PRESSURE, BAROMETER_BAD_RAW_PRESSURE, NODATA, NODATA, NODATA, NODATA, NODATA, NODATA, NODATA, SSV_BAD_TEMPERATURE, NODATA, NODATA, NODATA, NODATA, NODATA,2024/04/12 05:08:00,2024-04-12 05:08:00+00:00
2024/04/12, 05:09:00, NODATA, NODATA, NODATA, NODATA,, NODATA, NODATA, NODATA, NODATA, NODATA, NODATA, NODATA, NODATA, NODATA, NODATA, NODATA, NODATA, NODATA, NODATA, NODATA, TRUEWIND_BAD_SOG, TRUEWIND_BAD_SOG, TRUEWIND_BAD_SOG, TRUEWIND_BAD_SOG, BAROMETER_BAD_RAW_PRESSURE, BAROMETER_BAD_RAW_PRESSURE, NODATA, NODATA, NODATA, NODATA, NODATA, NODATA, NODATA, SSV_BAD_TEMPERATURE, NODATA, NODATA, NODATA, NODATA, NODATA,2024/04/12 05:09:00,2024-04-12 05:09:00+00:00
2024/04/12, 05:10:00, NODATA, NODATA, NODATA, NODATA,, NODATA, NODATA, NODATA, NODATA, NODATA, NODATA, NODATA, NODATA, NODATA, NODATA, NODATA, NODATA, NODATA, NODATA, NODATA, TRUEWIND_BAD_SOG, TRUEWIND_BAD_SOG, TRUEWIND_BAD_SOG, TRUEWIND_BAD_SOG, BAROMETER_BAD_RAW_PRESSURE, BAROMETER_BAD_RAW_PRESSURE, NODATA, NODATA, NODATA, NODATA, NODATA, NODATA, NODATA, SSV_BAD_TEMPERATURE, NODATA, NODATA, NODATA, NODATA, NODATA,2024/04/12 05:10:00,2024-04-12 05:10:00+00:00
2024/04/12, 05:11:00, NODATA, NODATA, NODATA, NODATA,, NODATA, NODATA, NODATA, NODATA, NODATA, NODATA, NODATA, NODATA, NODATA, NODATA, NODATA, NODATA, NODATA, NODATA, NODATA, TRUEWIND_BAD_SOG, TRUEWIND_BAD_SOG, TRUEWIND_BAD_SOG, TRUEWIND_BAD_SOG, BAROMETER_BAD_RAW_PRESSURE, BAROMETER_BAD_RAW_PRESSURE, NODATA, NODATA, NODATA, NODATA, NODATA, NODATA, NODATA, SSV_BAD_TEMPERATURE, NODATA, NODATA, NODATA, NODATA, NODATA,2024/04/12 05:11:00,2024-04-12 05:11:00+00:00
2024/04/12, 05:12:00, NODATA, NODATA, NODATA, NODATA,, NODATA, NODATA, NODATA, NODATA, NODATA, NODATA, NODATA, NODATA, NODATA, NODATA, NODATA, NODATA, NODATA, NODATA, NODATA, TRUEWIND_BAD_SOG, TRUEWIND_BAD_SOG, TRUEWIND_BAD_SOG, TRUEWIND_BAD_SOG, BAROMETER_BAD_RAW_PRESSURE, BAROMETER_BAD_RAW_PRESSURE, NODATA, NODATA, NODATA, NODATA, NODATA, NODATA, NODATA, SSV_BAD_TEMPERATURE, NODATA, NODATA, NODATA, NODATA, NODATA,2024/04/12 05:12:00,2024-04-12 05:12:00+00:00
2024/04/12, 05:13:00, NODATA, NODATA, NODATA, NODATA,, NODATA, NODATA, NODATA, NODATA, NODATA, NODATA, NODATA, NODATA, NODATA, NODATA, NODATA, NODATA, NODATA, NODATA, NODATA, TRUEWIND_BAD_SOG, TRUEWIND_BAD_SOG, TRUEWIND_BAD_SOG, TRUEWIND_BAD_SOG, BAROMETER_BAD_RAW_PRESSURE, BAROMETER_BAD_RAW_PRESSURE, NODATA, NODATA, NODATA, NODATA, NODATA, NODATA, NODATA, SSV_BAD_TEMPERATURE, NODATA, NODATA, NODATA, NODATA, NODATA,2024/04/12 05:13:00,2024-04-12 05:13:00+00:00
2024/04/12, 05:14:00, NODATA, NODATA, NODATA, NODATA,, NODATA, NODATA, NODATA, NODATA, NODATA, NODATA, NODATA, NODATA, NODATA, NODATA, NODATA, NODATA, NODATA, NODATA, NODATA, TRUEWIND_BAD_SOG, TRUEWIND_BAD_SOG, TRUEWIND_BAD_SOG, TRUEWIND_BAD_SOG, BAROMETER_BAD_RAW_PRESSURE, BAROMETER_BAD_RAW_PRESSURE, NODATA, NODATA, NODATA, NODATA, NODATA, NODATA, NODATA, SSV_BAD_TEMPERATURE, NODATA, NODATA, NODATA, NODATA, NODATA,2024/04/12 05:14:00,2024-04-12 05:14:00+00:00
2024/04/12, 05:15:00, NODATA, NODATA, NODATA, NODATA,, NODATA, NODATA, NODATA, NODATA, NODATA, NODATA, NODATA, NODATA, NODATA, NODATA, NODATA, NODATA, NODATA, NODATA, NODATA, TRUEWIND_BAD_SOG, TRUEWIND_BAD_SOG, TRUEWIND_BAD_SOG, TRUEWIND_BAD_SOG, BAROMETER_BAD_RAW_PRESSURE, BAROMETER_BAD_RAW_PRESSURE, NODATA, NODATA, NODATA, NODATA, NODATA, NODATA, NODATA, SSV_BAD_TEMPERATURE, NODATA, NODATA, NODATA, NODATA, NODATA,2024/04/12 05:15:00,2024-04-12 05:15:00+00:00
2024/04/12, 05:16:00, NODATA, NODATA, NODATA, NODATA,, NODATA, NODATA, NODATA, NODATA, NODATA, NODATA, NODATA, NODATA, NODATA, NODATA, NODATA, NODATA, NODATA, NODATA, NODATA, TRUEWIND_BAD_SOG, TRUEWIND_BAD_SOG, TRUEWIND_BAD_SOG, TRUEWIND_BAD_SOG, BAROMETER_BAD_RAW_PRESSURE, BAROMETER_BAD_RAW_PRESSURE, NODATA, NODATA, NODATA, NODATA, NODATA, NODATA, NODATA, SSV_BAD_TEMPERATURE, NODATA, NODATA, NODATA, NODATA, NODATA,2024/04/12 05:16:00,2024-04-12 05:16:00+00:00
2024/04/12, 05:17:00, NODATA, NODATA, NODATA, NODATA,, NODATA, NODATA, NODATA, NODATA, NODATA, NODATA, NODATA, NODATA, NODATA, NODATA, NODATA, NODATA, NODATA, NODATA, NODATA, TRUEWIND_BAD_SOG, TRUEWIND_BAD_SOG, TRUEWIND_BAD_SOG, TRUEWIND_BAD_SOG, BAROMETER_BAD_RAW_PRESSURE, BAROMETER_BAD_RAW_PRESSURE, NODATA, NODATA, NODATA, NODATA, NODATA, NODATA, NODATA, SSV_BAD_TEMPERATURE, NODATA, NODATA, NODATA, NODATA, NODATA,2024/04/12 05:17:00,2024-04-12 05:17:00+00:00
2024/04/12, 05:18:00, NODATA, NODATA, NODATA, NODATA,, NODATA, NODATA, NODATA, NODATA, NODATA, NODATA, NODATA, NODATA, NODATA, NODATA, NODATA, NODATA, NODATA, NODATA, NODATA, TRUEWIND_BAD_SOG, TRUEWIND_BAD_SOG, TRUEWIND_BAD_SOG, TRUEWIND_BAD_SOG, BAROMETER_BAD_RAW_PRESSURE, BAROMETER_BAD_RAW_PRESSURE, NODATA, NODATA, NODATA, NODATA, NODATA, NODATA, NODATA, SSV_BAD_TEMPERATURE, NODATA, NODATA, NODATA, NODATA, NODATA,2024/04/12 05:18:00,2024-04-12 05:18:00+00:00
2024/04/12, 05:19:00, NODATA, NODATA, NODATA, NODATA,, NODATA, NODATA, NODATA, NODATA, NODATA, NODATA, NODATA, NODATA, NODATA, NODATA, NODATA, NODATA, NODATA, NODATA, NODATA, TRUEWIND_BAD_SOG, TRUEWIND_BAD_SOG, TRUEWIND_BAD_SOG, TRUEWIND_BAD_SOG, BAROMETER_BAD_RAW_PRESSURE, BAROMETER_BAD_RAW_PRESSURE, NODATA, NODATA, NODATA, NODATA, NODATA, NODATA, NODATA, SSV_BAD_TEMPERATURE, NODATA, NODATA, NODATA, NODATA, NODATA,2024/04/12 05:19:00,2024-04-12 05:19:00+00:00
2024/04/12, 05:20:00, NODATA, NODATA, NODATA, NODATA,, NODATA, NODATA, NODATA, NODATA, NODATA, NODATA, NODATA, NODATA, NODATA, NODATA, NODATA, NODATA, NODATA, NODATA, NODATA, TRUEWIND_BAD_SOG, TRUEWIND_BAD_SOG, TRUEWIND_BAD_SOG, TRUEWIND_BAD_SOG, BAROMETER_BAD_RAW_PRESSURE, BAROMETER_BAD_RAW_PRESSURE, NODATA, NODATA, NODATA, NODATA, NODATA, NODATA, NODATA, SSV_BAD_TEMPERATURE, NODATA, NODATA, NODATA, NODATA, NODATA,2024/04/12 05:20:00,2024-04-12 05:20:00+00:00
2024/04/12, 05:21:00, NODATA, NODATA, NODATA, NODATA,, NODATA, NODATA, NODATA, NODATA, NODATA, NODATA, NODATA, NODATA, NODATA, NODATA, NODATA, NODATA, NODATA, NODATA, NODATA, TRUEWIND_BAD_SOG, TRUEWIND_BAD_SOG, TRUEWIND_BAD_SOG, TRUEWIND_BAD_SOG, BAROMETER_BAD_RAW_PRESSURE, BAROMETER_BAD_RAW_PRESSURE, NODATA, NODATA, NODATA, NODATA, NODATA, NODATA, NODATA, SSV_BAD_TEMPERATURE, NODATA, NODATA, NODATA, NODATA, NODATA,2024/04/12 05:21:00,2024-04-12 05:21:00+00:00
2024/04/12, 05:22:00, NODATA, NODATA, NODATA, NODATA,, NODATA, NODATA, NODATA, NODATA, NODATA, NODATA, NODATA, NODATA, NODATA, NODATA, NODATA, NODATA, NODATA, NODATA, NODATA, TRUEWIND_BAD_SOG, TRUEWIND_BAD_SOG, TRUEWIND_BAD_SOG, TRUEWIND_BAD_SOG, BAROMETER_BAD_RAW_PRESSURE, BAROMETER_BAD_RAW_PRESSURE, NODATA, NODATA, NODATA, NODATA, NODATA, NODATA, NODATA, SSV_BAD_TEMPERATURE, NODATA, NODATA, NODATA, NODATA, NODATA,2024/04/12 05:22:00,2024-04-12 05:22:00+00:00
2024/04/12, 05:23:00, NODATA, NODATA, NODATA, NODATA,, NODATA, NODATA, NODATA, NODATA, NODATA, NODATA, NODATA, NODATA, NODATA, NODATA, NODATA, NODATA, NODATA, NODATA, NODATA, TRUEWIND_BAD_SOG, TRUEWIND_BAD_SOG, TRUEWIND_BAD_SOG, TRUEWIND_BAD_SOG, BAROMETER_BAD_RAW_PRESSURE, BAROMETER_BAD_RAW_PRESSURE, NODATA, NODATA, NODATA, NODATA, NODATA, NODATA, NODATA, SSV_BAD_TEMPERATURE, NODATA, NODATA, NODATA, NODATA, NODATA,2024/04/12 05:23:00,2024-04-12 05:23:00+00:00
2024/04/12, 05:24:00, NODATA, NODATA, NODATA, NODATA,, NODATA, NODATA, NODATA, NODATA, NODATA, NODATA, NODATA, NODATA, NODATA, NODATA, NODATA, NODATA, NODATA, NODATA, NODATA, TRUEWIND_BAD_SOG, TRUEWIND_BAD_SOG, TRUEWIND_BAD_SOG, TRUEWIND_BAD_SOG, BAROMETER_BAD_RAW_PRESSURE, BAROMETER_BAD_RAW_PRESSURE, NODATA, NODATA, NODATA, NODATA, NODATA, NODATA, NODATA, SSV_BAD_TEMPERATURE, NODATA, NODATA, NODATA, NODATA, NODATA,2024/04/12 05:24:00,2024-04-12 05:24:00+00:00
2024/04/12, 05:25:00, NODATA, NODATA, NODATA, NODATA,, NODATA, NODATA, NODATA, NODATA, NODATA, NODATA, NODATA, NODATA, NODATA, NODATA, NODATA, NODATA, NODATA, NODATA, NODATA, TRUEWIND_BAD_SOG, TRUEWIND_BAD_SOG, TRUEWIND_BAD_SOG, TRUEWIND_BAD_SOG, BAROMETER_BAD_RAW_PRESSURE, BAROMETER_BAD_RAW_PRESSURE, NODATA, NODATA, NODATA, NODATA, NODATA, NODATA, NODATA, SSV_BAD_TEMPERATURE, NODATA, NODATA, NODATA, NODATA, NODATA,2024/04/12 05:25:00,2024-04-12 05:25:00+00:00
2024/04/12, 05:26:00, NODATA, NODATA, NODATA, NODATA,, NODATA, NODATA, NODATA, NODATA, NODATA, NODATA, NODATA, NODATA, NODATA, NODATA, NODATA, NODATA, NODATA, NODATA, NODATA, TRUEWIND_BAD_SOG, TRUEWIND_BAD_SOG, TRUEWIND_BAD_SOG, TRUEWIND_BAD_SOG, BAROMETER_BAD_RAW_PRESSURE, BAROMETER_BAD_RAW_PRESSURE, NODATA, NODATA, NODATA, NODATA, NODATA, NODATA, NODATA, SSV_BAD_TEMPERATURE, NODATA, NODATA, NODATA, NODATA, NODATA,2024/04/12 05:26:00,2024-04-12 05:26:00+00:00
2024/04/12, 05:27:00, NODATA, NODATA, NODATA, NODATA,, NODATA, NODATA, NODATA, NODATA, NODATA, NODATA, NODATA, NODATA, NODATA, NODATA, NODATA, NODATA, NODATA, NODATA, NODATA, TRUEWIND_BAD_SOG, TRUEWIND_BAD_SOG, TRUEWIND_BAD_SOG, TRUEWIND_BAD_SOG, BAROMETER_BAD_RAW_PRESSURE, BAROMETER_BAD_RAW_PRESSURE, NODATA, NODATA, NODATA, NODATA, NODATA, NODATA, NODATA, SSV_BAD_TEMPERATURE, NODATA, NODATA, NODATA, NODATA, NODATA,2024/04/12 05:27:00,2024-04-12 05:27:00+00:00
2024/04/12, 05:28:00, NODATA, NODATA, NODATA, NODATA,, NODATA, NODATA, NODATA, NODATA, NODATA, NODATA, NODATA, NODATA, NODATA, NODATA, NODATA, NODATA, NODATA, NODATA, NODATA, TRUEWIND_BAD_SOG, TRUEWIND_BAD_SOG, TRUEWIND_BAD_SOG, TRUEWIND_BAD_SOG, BAROMETER_BAD_RAW_PRESSURE, BAROMETER_BAD_RAW_PRESSURE, NODATA, NODATA, NODATA, NODATA, NODATA, NODATA, NODATA, SSV_BAD_TEMPERATURE, NODATA, NODATA, NODATA, NODATA, NODATA,2024/04/12 05:28:00,2024-04-12 05:28:00+00:00
2024/04/12, 05:29:00, NODATA, NODATA, NODATA, NODATA,, NODATA, NODATA, NODATA, NODATA, NODATA, NODATA, NODATA, NODATA, NODATA, NODATA, NODATA, NODATA, NODATA, NODATA, NODATA, TRUEWIND_BAD_SOG, TRUEWIND_BAD_SOG, TRUEWIND_BAD_SOG, TRUEWIND_BAD_SOG, BAROMETER_BAD_RAW_PRESSURE, BAROMETER_BAD_RAW_PRESSURE, NODATA, NODATA, NODATA, NODATA, NODATA, NODATA, NODATA, SSV_BAD_TEMPERATURE, NODATA, NODATA, NODATA, NODATA, NODATA,2024/04/12 05:29:00,2024-04-12 05:29:00+00:00
2024/04/12, 05:30:00, NODATA, NODATA, NODATA, NODATA,, NODATA, NODATA, NODATA, NODATA, NODATA, NODATA, NODATA, NODATA, NODATA, NODATA, NODATA, NODATA, NODATA, NODATA, NODATA, TRUEWIND_BAD_SOG, TRUEWIND_BAD_SOG, TRUEWIND_BAD_SOG, TRUEWIND_BAD_SOG, BAROMETER_BAD_RAW_PRESSURE, BAROMETER_BAD_RAW_PRESSURE, NODATA, NODATA, NODATA, NODATA, NODATA, NODATA, NODATA, SSV_BAD_TEMPERATURE, NODATA, NODATA, NODATA, NODATA, NODATA,2024/04/12 05:30:00,2024-04-12 05:30:00+00:00
2024/04/12, 05:31:00, NODATA, NODATA, NODATA, NODATA,, NODATA, NODATA, NODATA, NODATA, NODATA, NODATA, NODATA, NODATA, NODATA, NODATA, NODATA, NODATA, NODATA, NODATA, NODATA, TRUEWIND_BAD_SOG, TRUEWIND_BAD_SOG, TRUEWIND_BAD_SOG, TRUEWIND_BAD_SOG, BAROMETER_BAD_RAW_PRESSURE, BAROMETER_BAD_RAW_PRESSURE, NODATA, NODATA, NODATA, NODATA, NODATA, NODATA, NODATA, SSV_BAD_TEMPERATURE, NODATA, NODATA, NODATA, NODATA, NODATA,2024/04/12 05:31:00,2024-04-12 05:31:00+00:00
2024/04/12, 05:32:00, NODATA, NODATA, NODATA, NODATA,, NODATA, NODATA, NODATA, NODATA, NODATA, NODATA, NODATA, NODATA, NODATA, NODATA, NODATA, NODATA, NODATA, NODATA, NODATA, TRUEWIND_BAD_SOG, TRUEWIND_BAD_SOG, TRUEWIND_BAD_SOG, TRUEWIND_BAD_SOG, BAROMETER_BAD_RAW_PRESSURE, BAROMETER_BAD_RAW_PRESSURE, NODATA, NODATA, NODATA, NODATA, NODATA, NODATA, NODATA, SSV_BAD_TEMPERATURE, NODATA, NODATA, NODATA, NODATA, NODATA,2024/04/12 05:32:00,2024-04-12 05:32:00+00:00
2024/04/12, 05:33:00, NODATA, NODATA, NODATA, NODATA,, NODATA, NODATA, NODATA, NODATA, NODATA, NODATA, NODATA, NODATA, NODATA, NODATA, NODATA, NODATA, NODATA, NODATA, NODATA, TRUEWIND_BAD_SOG, TRUEWIND_BAD_SOG, TRUEWIND_BAD_SOG, TRUEWIND_BAD_SOG, BAROMETER_BAD_RAW_PRESSURE, BAROMETER_BAD_RAW_PRESSURE, NODATA, NODATA, NODATA, NODATA, NODATA, NODATA, NODATA, SSV_BAD_TEMPERATURE, NODATA, NODATA, NODATA, NODATA, NODATA,2024/04/12 05:33:00,2024-04-12 05:33:00+00:00
2024/04/12, 05:34:00, NODATA, NODATA, NODATA, NODATA,, NODATA, NODATA, NODATA, NODATA, NODATA, NODATA, NODATA, NODATA, NODATA, NODATA, NODATA, NODATA, NODATA, NODATA, NODATA, TRUEWIND_BAD_SOG, TRUEWIND_BAD_SOG, TRUEWIND_BAD_SOG, TRUEWIND_BAD_SOG, BAROMETER_BAD_RAW_PRESSURE, BAROMETER_BAD_RAW_PRESSURE, NODATA, NODATA, NODATA, NODATA, NODATA, NODATA, NODATA, SSV_BAD_TEMPERATURE, NODATA, NODATA, NODATA, NODATA, NODATA,2024/04/12 05:34:00,2024-04-12 05:34:00+00:00
2024/04/12, 05:35:00, NODATA, NODATA, NODATA, NODATA,, NODATA, NODATA, NODATA, NODATA, NODATA, NODATA, NODATA, NODATA, NODATA, NODATA, NODATA, NODATA, NODATA, NODATA, NODATA, TRUEWIND_BAD_SOG, TRUEWIND_BAD_SOG, TRUEWIND_BAD_SOG, TRUEWIND_BAD_SOG, BAROMETER_BAD_RAW_PRESSURE, BAROMETER_BAD_RAW_PRESSURE, NODATA, NODATA, NODATA, NODATA, NODATA, NODATA, NODATA, SSV_BAD_TEMPERATURE, NODATA, NODATA, NODATA, NODATA, NODATA,2024/04/12 05:35:00,2024-04-12 05:35:00+00:00
2024/04/12, 05:36:00, NODATA, NODATA, NODATA, NODATA,, NODATA, NODATA, NODATA, NODATA, NODATA, NODATA, NODATA, NODATA, NODATA, NODATA, NODATA, NODATA, NODATA, NODATA, NODATA, TRUEWIND_BAD_SOG, TRUEWIND_BAD_SOG, TRUEWIND_BAD_SOG, TRUEWIND_BAD_SOG, BAROMETER_BAD_RAW_PRESSURE, BAROMETER_BAD_RAW_PRESSURE, NODATA, NODATA, NODATA, NODATA, NODATA, NODATA, NODATA, SSV_BAD_TEMPERATURE, NODATA, NODATA, NODATA, NODATA, NODATA,2024/04/12 05:36:00,2024-04-12 05:36:00+00:00
2024/04/12, 05:37:00, NODATA, NODATA, NODATA, NODATA,, NODATA, NODATA, NODATA, NODATA, NODATA, NODATA, NODATA, NODATA, NODATA, NODATA, NODATA, NODATA, NODATA, NODATA, NODATA, TRUEWIND_BAD_SOG, TRUEWIND_BAD_SOG, TRUEWIND_BAD_SOG, TRUEWIND_BAD_SOG, BAROMETER_BAD_RAW_PRESSURE, BAROMETER_BAD_RAW_PRESSURE, NODATA, NODATA, NODATA, NODATA, NODATA, NODATA, NODATA, SSV_BAD_TEMPERATURE, NODATA, NODATA, NODATA, NODATA, NODATA,2024/04/12 05:37:00,2024-04-12 05:37:00+00:00
2024/04/12, 05:38:00, NODATA, NODATA, NODATA, NODATA,, NODATA, NODATA, NODATA, NODATA, NODATA, NODATA, NODATA, NODATA, NODATA, NODATA, NODATA, NODATA, NODATA, NODATA, NODATA, TRUEWIND_BAD_SOG, TRUEWIND_BAD_SOG, TRUEWIND_BAD_SOG, TRUEWIND_BAD_SOG, BAROMETER_BAD_RAW_PRESSURE, BAROMETER_BAD_RAW_PRESSURE, NODATA, NODATA, NODATA, NODATA, NODATA, NODATA, NODATA, SSV_BAD_TEMPERATURE, NODATA, NODATA, NODATA, NODATA, NODATA,2024/04/12 05:38:00,2024-04-12 05:38:00+00:00
2024/04/12, 05:39:00, NODATA, NODATA, NODATA, NODATA,, NODATA, NODATA, NODATA, NODATA, NODATA, NODATA, NODATA, NODATA, NODATA, NODATA, NODATA, NODATA, NODATA, NODATA, NODATA, TRUEWIND_BAD_SOG, TRUEWIND_BAD_SOG, TRUEWIND_BAD_SOG, TRUEWIND_BAD_SOG, BAROMETER_BAD_RAW_PRESSURE, BAROMETER_BAD_RAW_PRESSURE, NODATA, NODATA, NODATA, NODATA, NODATA, NODATA, NODATA, SSV_BAD_TEMPERATURE, NODATA, NODATA, NODATA, NODATA, NODATA,2024/04/12 05:39:00,2024-04-12 05:39:00+00:00
2024/04/12, 05:40:00, NODATA, NODATA, NODATA, NODATA,, NODATA, NODATA, NODATA, NODATA, NODATA, NODATA, NODATA, NODATA, NODATA, NODATA, NODATA, NODATA, NODATA, NODATA, NODATA, TRUEWIND_BAD_SOG, TRUEWIND_BAD_SOG, TRUEWIND_BAD_SOG, TRUEWIND_BAD_SOG, BAROMETER_BAD_RAW_PRESSURE, BAROMETER_BAD_RAW_PRESSURE, NODATA, NODATA, NODATA, NODATA, NODATA, NODATA, NODATA, SSV_BAD_TEMPERATURE, NODATA, NODATA, NODATA, NODATA, NODATA,2024/04/12 05:40:00,2024-04-12 05:40:00+00:00
2024/04/12, 05:41:00, NODATA, NODATA, NODATA, NODATA,, NODATA, NODATA, NODATA, NODATA, NODATA, NODATA, NODATA, NODATA, NODATA, NODATA, NODATA, NODATA, NODATA, NODATA, NODATA, TRUEWIND_BAD_SOG, TRUEWIND_BAD_SOG, TRUEWIND_BAD_SOG, TRUEWIND_BAD_SOG, BAROMETER_BAD_RAW_PRESSURE, BAROMETER_BAD_RAW_PRESSURE, NODATA, NODATA, NODATA, NODATA, NODATA, NODATA, NODATA, SSV_BAD_TEMPERATURE, NODATA, NODATA, NODATA, NODATA, NODATA,2024/04/12 05:41:00,2024-04-12 05:41:00+00:00
2024/04/12, 05:42:00, NODATA, NODATA, NODATA, NODATA,, NODATA, NODATA, NODATA, NODATA, NODATA, NODATA, NODATA, NODATA, NODATA, NODATA, NODATA, NODATA, NODATA, NODATA, NODATA, TRUEWIND_BAD_SOG, TRUEWIND_BAD_SOG, TRUEWIND_BAD_SOG, TRUEWIND_BAD_SOG, BAROMETER_BAD_RAW_PRESSURE, BAROMETER_BAD_RAW_PRESSURE, NODATA, NODATA, NODATA, NODATA, NODATA, NODATA, NODATA, SSV_BAD_TEMPERATURE, NODATA, NODATA, NODATA, NODATA, NODATA,2024/04/12 05:42:00,2024-04-12 05:42:00+00:00
2024/04/12, 05:43:00, NODATA, NODATA, NODATA, NODATA,, NODATA, NODATA, NODATA, NODATA, NODATA, NODATA, NODATA, NODATA, NODATA, NODATA, NODATA, NODATA, NODATA, NODATA, NODATA, TRUEWIND_BAD_SOG, TRUEWIND_BAD_SOG, TRUEWIND_BAD_SOG, TRUEWIND_BAD_SOG, BAROMETER_BAD_RAW_PRESSURE, BAROMETER_BAD_RAW_PRESSURE, NODATA, NODATA, NODATA, NODATA, NODATA, NODATA, NODATA, SSV_BAD_TEMPERATURE, NODATA, NODATA, NODATA, NODATA, NODATA,2024/04/12 05:43:00,2024-04-12 05:43:00+00:00
2024/04/12, 05:44:00, NODATA, NODATA, NODATA, NODATA,, NODATA, NODATA, NODATA, NODATA, NODATA, NODATA, NODATA, NODATA, NODATA, NODATA, NODATA, NODATA, NODATA, NODATA, NODATA, TRUEWIND_BAD_SOG, TRUEWIND_BAD_SOG, TRUEWIND_BAD_SOG, TRUEWIND_BAD_SOG, BAROMETER_BAD_RAW_PRESSURE, BAROMETER_BAD_RAW_PRESSURE, NODATA, NODATA, NODATA, NODATA, NODATA, NODATA, NODATA, SSV_BAD_TEMPERATURE, NODATA, NODATA, NODATA, NODATA, NODATA,2024/04/12 05:44:00,2024-04-12 05:44:00+00:00
2024/04/12, 05:45:00, NODATA, NODATA, NODATA, NODATA,, NODATA, NODATA, NODATA, NODATA, NODATA, NODATA, NODATA, NODATA, NODATA, NODATA, NODATA, NODATA, NODATA, NODATA, NODATA, TRUEWIND_BAD_SOG, TRUEWIND_BAD_SOG, TRUEWIND_BAD_SOG, TRUEWIND_BAD_SOG, BAROMETER_BAD_RAW_PRESSURE, BAROMETER_BAD_RAW_PRESSURE, NODATA, NODATA, NODATA, NODATA, NODATA, NODATA, NODATA, SSV_BAD_TEMPERATURE, NODATA, NODATA, NODATA, NODATA, NODATA,2024/04/12 05:45:00,2024-04-12 05:45:00+00:00
2024/04/12, 05:46:00, NODATA, NODATA, NODATA, NODATA,, NODATA, NODATA, NODATA, NODATA, NODATA, NODATA, NODATA, NODATA, NODATA, NODATA, NODATA, NODATA, NODATA, NODATA, NODATA, TRUEWIND_BAD_SOG, TRUEWIND_BAD_SOG, TRUEWIND_BAD_SOG, TRUEWIND_BAD_SOG, BAROMETER_BAD_RAW_PRESSURE, BAROMETER_BAD_RAW_PRESSURE, NODATA, NODATA, NODATA, NODATA, NODATA, NODATA, NODATA, SSV_BAD_TEMPERATURE, NODATA, NODATA, NODATA, NODATA, NODATA,2024/04/12 05:46:00,2024-04-12 05:46:00+00:00
2024/04/12, 05:47:00, NODATA, NODATA, NODATA, NODATA,, NODATA, NODATA, NODATA, NODATA, NODATA, NODATA, NODATA, NODATA, NODATA, NODATA, NODATA, NODATA, NODATA, NODATA, NODATA, TRUEWIND_BAD_SOG, TRUEWIND_BAD_SOG, TRUEWIND_BAD_SOG, TRUEWIND_BAD_SOG, BAROMETER_BAD_RAW_PRESSURE, BAROMETER_BAD_RAW_PRESSURE, NODATA, NODATA, NODATA, NODATA, NODATA, NODATA, NODATA, SSV_BAD_TEMPERATURE, NODATA, NODATA, NODATA, NODATA, NODATA,2024/04/12 05:47:00,2024-04-12 05:47:00+00:00
2024/04/12, 05:48:00, NODATA, NODATA, NODATA, NODATA,, NODATA, NODATA, NODATA, NODATA, NODATA, NODATA, NODATA, NODATA, NODATA, NODATA, NODATA, NODATA, NODATA, NODATA, NODATA, TRUEWIND_BAD_SOG, TRUEWIND_BAD_SOG, TRUEWIND_BAD_SOG, TRUEWIND_BAD_SOG, BAROMETER_BAD_RAW_PRESSURE, BAROMETER_BAD_RAW_PRESSURE, NODATA, NODATA, NODATA, NODATA, NODATA, NODATA, NODATA, SSV_BAD_TEMPERATURE, NODATA, NODATA, NODATA, NODATA, NODATA,2024/04/12 05:48:00,2024-04-12 05:48:00+00:00
2024/04/12, 05:49:00, NODATA, NODATA, NODATA, NODATA,, NODATA, NODATA, NODATA, NODATA, NODATA, NODATA, NODATA, NODATA, NODATA, NODATA, NODATA, NODATA, NODATA, NODATA, NODATA, TRUEWIND_BAD_SOG, TRUEWIND_BAD_SOG, TRUEWIND_BAD_SOG, TRUEWIND_BAD_SOG, BAROMETER_BAD_RAW_PRESSURE, BAROMETER_BAD_RAW_PRESSURE, NODATA, NODATA, NODATA, NODATA, NODATA, NODATA, NODATA, SSV_BAD_TEMPERATURE, NODATA, NODATA, NODATA, NODATA, NODATA,2024/04/12 05:49:00,2024-04-12 05:49:00+00:00
2024/04/12, 05:50:00, NODATA, NODATA, NODATA, NODATA,, NODATA, NODATA, NODATA, NODATA, NODATA, NODATA, NODATA, NODATA, NODATA, NODATA, NODATA, NODATA, NODATA, NODATA, NODATA, TRUEWIND_BAD_SOG, TRUEWIND_BAD_SOG, TRUEWIND_BAD_SOG, TRUEWIND_BAD_SOG, BAROMETER_BAD_RAW_PRESSURE, BAROMETER_BAD_RAW_PRESSURE, NODATA, NODATA, NODATA, NODATA, NODATA, NODATA, NODATA, SSV_BAD_TEMPERATURE, NODATA, NODATA, NODATA, NODATA, NODATA,2024/04/12 05:50:00,2024-04-12 05:50:00+00:00
2024/04/12, 05:51:00, NODATA, NODATA, NODATA, NODATA,, NODATA, NODATA, NODATA, NODATA, NODATA, NODATA, NODATA, NODATA, NODATA, NODATA, NODATA, NODATA, NODATA, NODATA, NODATA, TRUEWIND_BAD_SOG, TRUEWIND_BAD_SOG, TRUEWIND_BAD_SOG, TRUEWIND_BAD_SOG, BAROMETER_BAD_RAW_PRESSURE, BAROMETER_BAD_RAW_PRESSURE, NODATA, NODATA, NODATA, NODATA, NODATA, NODATA, NODATA, SSV_BAD_TEMPERATURE, NODATA, NODATA, NODATA, NODATA, NODATA,2024/04/12 05:51:00,2024-04-12 05:51:00+00:00
2024/04/12, 05:52:00, NODATA, NODATA, NODATA, NODATA,, NODATA, NODATA, NODATA, NODATA, NODATA, NODATA, NODATA, NODATA, NODATA, NODATA, NODATA, NODATA, NODATA, NODATA, NODATA, TRUEWIND_BAD_SOG, TRUEWIND_BAD_SOG, TRUEWIND_BAD_SOG, TRUEWIND_BAD_SOG, BAROMETER_BAD_RAW_PRESSURE, BAROMETER_BAD_RAW_PRESSURE, NODATA, NODATA, NODATA, NODATA, NODATA, NODATA, NODATA, SSV_BAD_TEMPERATURE, NODATA, NODATA, NODATA, NODATA, NODATA,2024/04/12 05:52:00,2024-04-12 05:52:00+00:00
2024/04/12, 05:53:00, NODATA, NODATA, NODATA, NODATA,, NODATA, NODATA, NODATA, NODATA, NODATA, NODATA, NODATA, NODATA, NODATA, NODATA, NODATA, NODATA, NODATA, NODATA, NODATA, TRUEWIND_BAD_SOG, TRUEWIND_BAD_SOG, TRUEWIND_BAD_SOG, TRUEWIND_BAD_SOG, BAROMETER_BAD_RAW_PRESSURE, BAROMETER_BAD_RAW_PRESSURE, NODATA, NODATA, NODATA, NODATA, NODATA, NODATA, NODATA, SSV_BAD_TEMPERATURE, NODATA, NODATA, NODATA, NODATA, NODATA,2024/04/12 05:53:00,2024-04-12 05:53:00+00:00
2024/04/12, 05:54:00, NODATA, NODATA, NODATA, NODATA,, NODATA, NODATA, NODATA, NODATA, NODATA, NODATA, NODATA, NODATA, NODATA, NODATA, NODATA, NODATA, NODATA, NODATA, NODATA, TRUEWIND_BAD_SOG, TRUEWIND_BAD_SOG, TRUEWIND_BAD_SOG, TRUEWIND_BAD_SOG, BAROMETER_BAD_RAW_PRESSURE, BAROMETER_BAD_RAW_PRESSURE, NODATA, NODATA, NODATA, NODATA, NODATA, NODATA, NODATA, SSV_BAD_TEMPERATURE, NODATA, NODATA, NODATA, NODATA, NODATA,2024/04/12 05:54:00,2024-04-12 05:54:00+00:00
2024/04/12, 05:55:00, NODATA, NODATA, NODATA, NODATA,, NODATA, NODATA, NODATA, NODATA, NODATA, NODATA, NODATA, NODATA, NODATA, NODATA, NODATA, NODATA, NODATA, NODATA, NODATA, TRUEWIND_BAD_SOG, TRUEWIND_BAD_SOG, TRUEWIND_BAD_SOG, TRUEWIND_BAD_SOG, BAROMETER_BAD_RAW_PRESSURE, BAROMETER_BAD_RAW_PRESSURE, NODATA, NODATA, NODATA, NODATA, NODATA, NODATA, NODATA, SSV_BAD_TEMPERATURE, NODATA, NODATA, NODATA, NODATA, NODATA,2024/04/12 05:55:00,2024-04-12 05:55:00+00:00
2024/04/12, 05:56:00, NODATA, NODATA, NODATA, NODATA,, NODATA, NODATA, NODATA, NODATA, NODATA, NODATA, NODATA, NODATA, NODATA, NODATA, NODATA, NODATA, NODATA, NODATA, NODATA, TRUEWIND_BAD_SOG, TRUEWIND_BAD_SOG, TRUEWIND_BAD_SOG, TRUEWIND_BAD_SOG, BAROMETER_BAD_RAW_PRESSURE, BAROMETER_BAD_RAW_PRESSURE, NODATA, NODATA, NODATA, NODATA, NODATA, NODATA, NODATA, SSV_BAD_TEMPERATURE, NODATA, NODATA, NODATA, NODATA, NODATA,2024/04/12 05:56:00,2024-04-12 05:56:00+00:00
2024/04/12, 05:57:00, NODATA, NODATA, NODATA, NODATA,, NODATA, NODATA, NODATA, NODATA, NODATA, NODATA, NODATA, NODATA, NODATA, NODATA, NODATA, NODATA, NODATA, NODATA, NODATA, TRUEWIND_BAD_SOG, TRUEWIND_BAD_SOG, TRUEWIND_BAD_SOG, TRUEWIND_BAD_SOG, BAROMETER_BAD_RAW_PRESSURE, BAROMETER_BAD_RAW_PRESSURE, NODATA, NODATA, NODATA, NODATA, NODATA, NODATA, NODATA, SSV_BAD_TEMPERATURE, NODATA, NODATA, NODATA, NODATA, NODATA,2024/04/12 05:57:00,2024-04-12 05:57:00+00:00
2024/04/12, 05:58:00, NODATA, NODATA, NODATA, NODATA,, NODATA, NODATA, NODATA, NODATA, NODATA, NODATA, NODATA, NODATA, NODATA, NODATA, NODATA, NODATA, NODATA, NODATA, NODATA, TRUEWIND_BAD_SOG, TRUEWIND_BAD_SOG, TRUEWIND_BAD_SOG, TRUEWIND_BAD_SOG, BAROMETER_BAD_RAW_PRESSURE, BAROMETER_BAD_RAW_PRESSURE, NODATA, NODATA, NODATA, NODATA, NODATA, NODATA, NODATA, SSV_BAD_TEMPERATURE, NODATA, NODATA, NODATA, NODATA, NODATA,2024/04/12 05:58:00,2024-04-12 05:58:00+00:00
2024/04/12, 05:59:00, NODATA, NODATA, NODATA, NODATA,, NODATA, NODATA, NODATA, NODATA, NODATA, NODATA, NODATA, NODATA, NODATA, NODATA, NODATA, NODATA, NODATA, NODATA, NODATA, TRUEWIND_BAD_SOG, TRUEWIND_BAD_SOG, TRUEWIND_BAD_SOG, TRUEWIND_BAD_SOG, BAROMETER_BAD_RAW_PRESSURE, BAROMETER_BAD_RAW_PRESSURE, NODATA, NODATA, NODATA, NODATA, NODATA, NODATA, NODATA, SSV_BAD_TEMPERATURE, NODATA, NODATA, NODATA, NODATA, NODATA,2024/04/12 05:59:00,2024-04-12 05:59:00+00:00
2024/04/12, 06:00:00, NODATA, NODATA, NODATA, NODATA,, NODATA, NODATA, NODATA, NODATA, NODATA, NODATA, NODATA, NODATA, NODATA, NODATA, NODATA, NODATA, NODATA, NODATA, NODATA, TRUEWIND_BAD_SOG, TRUEWIND_BAD_SOG, TRUEWIND_BAD_SOG, TRUEWIND_BAD_SOG, BAROMETER_BAD_RAW_PRESSURE, BAROMETER_BAD_RAW_PRESSURE, NODATA, NODATA, NODATA, NODATA, NODATA, NODATA, NODATA, SSV_BAD_TEMPERATURE, NODATA, NODATA, NODATA, NODATA, NODATA,2024/04/12 06:00:00,2024-04-12 06:00:00+00:00
2024/04/12, 06:01:00, NODATA, NODATA, NODATA, NODATA,, NODATA, NODATA, NODATA, NODATA, NODATA, NODATA, NODATA, NODATA, NODATA, NODATA, NODATA, NODATA, NODATA, NODATA, NODATA, TRUEWIND_BAD_SOG, TRUEWIND_BAD_SOG, TRUEWIND_BAD_SOG, TRUEWIND_BAD_SOG, BAROMETER_BAD_RAW_PRESSURE, BAROMETER_BAD_RAW_PRESSURE, NODATA, NODATA, NODATA, NODATA, NODATA, NODATA, NODATA, SSV_BAD_TEMPERATURE, NODATA, NODATA, NODATA, NODATA, NODATA,2024/04/12 06:01:00,2024-04-12 06:01:00+00:00
2024/04/12, 06:02:00, NODATA, NODATA, NODATA, NODATA,, NODATA, NODATA, NODATA, NODATA, NODATA, NODATA, NODATA, NODATA, NODATA, NODATA, NODATA, NODATA, NODATA, NODATA, NODATA, TRUEWIND_BAD_SOG, TRUEWIND_BAD_SOG, TRUEWIND_BAD_SOG, TRUEWIND_BAD_SOG, BAROMETER_BAD_RAW_PRESSURE, BAROMETER_BAD_RAW_PRESSURE, NODATA, NODATA, NODATA, NODATA, NODATA, NODATA, NODATA, SSV_BAD_TEMPERATURE, NODATA, NODATA, NODATA, NODATA, NODATA,2024/04/12 06:02:00,2024-04-12 06:02:00+00:00
2024/04/12, 06:03:00, NODATA, NODATA, NODATA, NODATA,, NODATA, NODATA, NODATA, NODATA, NODATA, NODATA, NODATA, NODATA, NODATA, NODATA, NODATA, NODATA, NODATA, NODATA, NODATA, TRUEWIND_BAD_SOG, TRUEWIND_BAD_SOG, TRUEWIND_BAD_SOG, TRUEWIND_BAD_SOG, BAROMETER_BAD_RAW_PRESSURE, BAROMETER_BAD_RAW_PRESSURE, NODATA, NODATA, NODATA, NODATA, NODATA, NODATA, NODATA, SSV_BAD_TEMPERATURE, NODATA, NODATA, NODATA, NODATA, NODATA,2024/04/12 06:03:00,2024-04-12 06:03:00+00:00
2024/04/12, 06:04:00, NODATA, NODATA, NODATA, NODATA,, NODATA, NODATA, NODATA, NODATA, NODATA, NODATA, NODATA, NODATA, NODATA, NODATA, NODATA, NODATA, NODATA, NODATA, NODATA, TRUEWIND_BAD_SOG, TRUEWIND_BAD_SOG, TRUEWIND_BAD_SOG, TRUEWIND_BAD_SOG, BAROMETER_BAD_RAW_PRESSURE, BAROMETER_BAD_RAW_PRESSURE, NODATA, NODATA, NODATA, NODATA, NODATA, NODATA, NODATA, SSV_BAD_TEMPERATURE, NODATA, NODATA, NODATA, NODATA, NODATA,2024/04/12 06:04:00,2024-04-12 06:04:00+00:00
2024/04/12, 06:05:00, NODATA, NODATA, NODATA, NODATA,, NODATA, NODATA, NODATA, NODATA, NODATA, NODATA, NODATA, NODATA, NODATA, NODATA, NODATA, NODATA, NODATA, NODATA, NODATA, TRUEWIND_BAD_SOG, TRUEWIND_BAD_SOG, TRUEWIND_BAD_SOG, TRUEWIND_BAD_SOG, BAROMETER_BAD_RAW_PRESSURE, BAROMETER_BAD_RAW_PRESSURE, NODATA, NODATA, NODATA, NODATA, NODATA, NODATA, NODATA, SSV_BAD_TEMPERATURE, NODATA, NODATA, NODATA, NODATA, NODATA,2024/04/12 06:05:00,2024-04-12 06:05:00+00:00
2024/04/12, 06:06:00, NODATA, NODATA, NODATA, NODATA,, NODATA, NODATA, NODATA, NODATA, NODATA, NODATA, NODATA, NODATA, NODATA, NODATA, NODATA, NODATA, NODATA, NODATA, NODATA, TRUEWIND_BAD_SOG, TRUEWIND_BAD_SOG, TRUEWIND_BAD_SOG, TRUEWIND_BAD_SOG, BAROMETER_BAD_RAW_PRESSURE, BAROMETER_BAD_RAW_PRESSURE, NODATA, NODATA, NODATA, NODATA, NODATA, NODATA, NODATA, SSV_BAD_TEMPERATURE, NODATA, NODATA, NODATA, NODATA, NODATA,2024/04/12 06:06:00,2024-04-12 06:06:00+00:00
2024/04/12, 06:07:00, NODATA, NODATA, NODATA, NODATA,, NODATA, NODATA, NODATA, NODATA, NODATA, NODATA, NODATA, NODATA, NODATA, NODATA, NODATA, NODATA, NODATA, NODATA, NODATA, TRUEWIND_BAD_SOG, TRUEWIND_BAD_SOG, TRUEWIND_BAD_SOG, TRUEWIND_BAD_SOG, BAROMETER_BAD_RAW_PRESSURE, BAROMETER_BAD_RAW_PRESSURE, NODATA, NODATA, NODATA, NODATA, NODATA, NODATA, NODATA, SSV_BAD_TEMPERATURE, NODATA, NODATA, NODATA, NODATA, NODATA,2024/04/12 06:07:00,2024-04-12 06:07:00+00:00
2024/04/12, 06:08:00, NODATA, NODATA, NODATA, NODATA,, NODATA, NODATA, NODATA, NODATA, NODATA, NODATA, NODATA, NODATA, NODATA, NODATA, NODATA, NODATA, NODATA, NODATA, NODATA, TRUEWIND_BAD_SOG, TRUEWIND_BAD_SOG, TRUEWIND_BAD_SOG, TRUEWIND_BAD_SOG, BAROMETER_BAD_RAW_PRESSURE, BAROMETER_BAD_RAW_PRESSURE, NODATA, NODATA, NODATA, NODATA, NODATA, NODATA, NODATA, SSV_BAD_TEMPERATURE, NODATA, NODATA, NODATA, NODATA, NODATA,2024/04/12 06:08:00,2024-04-12 06:08:00+00:00
2024/04/12, 06:09:00, NODATA, NODATA, NODATA, NODATA,, NODATA, NODATA, NODATA, NODATA, NODATA, NODATA, NODATA, NODATA, NODATA, NODATA, NODATA, NODATA, NODATA, NODATA, NODATA, TRUEWIND_BAD_SOG, TRUEWIND_BAD_SOG, TRUEWIND_BAD_SOG, TRUEWIND_BAD_SOG, BAROMETER_BAD_RAW_PRESSURE, BAROMETER_BAD_RAW_PRESSURE, NODATA, NODATA, NODATA, NODATA, NODATA, NODATA, NODATA, SSV_BAD_TEMPERATURE, NODATA, NODATA, NODATA, NODATA, NODATA,2024/04/12 06:09:00,2024-04-12 06:09:00+00:00
2024/04/12, 06:10:00, NODATA, NODATA, NODATA, NODATA,, NODATA, NODATA, NODATA, NODATA, NODATA, NODATA, NODATA, NODATA, NODATA, NODATA, NODATA, NODATA, NODATA, NODATA, NODATA, TRUEWIND_BAD_SOG, TRUEWIND_BAD_SOG, TRUEWIND_BAD_SOG, TRUEWIND_BAD_SOG, BAROMETER_BAD_RAW_PRESSURE, BAROMETER_BAD_RAW_PRESSURE, NODATA, NODATA, NODATA, NODATA, NODATA, NODATA, NODATA, SSV_BAD_TEMPERATURE, NODATA, NODATA, NODATA, NODATA, NODATA,2024/04/12 06:10:00,2024-04-12 06:10:00+00:00
2024/04/12, 06:11:00, NODATA, NODATA, NODATA, NODATA,, NODATA, NODATA, NODATA, NODATA, NODATA, NODATA, NODATA, NODATA, NODATA, NODATA, NODATA, NODATA, NODATA, NODATA, NODATA, TRUEWIND_BAD_SOG, TRUEWIND_BAD_SOG, TRUEWIND_BAD_SOG, TRUEWIND_BAD_SOG, BAROMETER_BAD_RAW_PRESSURE, BAROMETER_BAD_RAW_PRESSURE, NODATA, NODATA, NODATA, NODATA, NODATA, NODATA, NODATA, SSV_BAD_TEMPERATURE, NODATA, NODATA, NODATA, NODATA, NODATA,2024/04/12 06:11:00,2024-04-12 06:11:00+00:00
2024/04/12, 06:12:00, NODATA, NODATA, NODATA, NODATA,, NODATA, NODATA, NODATA, NODATA, NODATA, NODATA, NODATA, NODATA, NODATA, NODATA, NODATA, NODATA, NODATA, NODATA, NODATA, TRUEWIND_BAD_SOG, TRUEWIND_BAD_SOG, TRUEWIND_BAD_SOG, TRUEWIND_BAD_SOG, BAROMETER_BAD_RAW_PRESSURE, BAROMETER_BAD_RAW_PRESSURE, NODATA, NODATA, NODATA, NODATA, NODATA, NODATA, NODATA, SSV_BAD_TEMPERATURE, NODATA, NODATA, NODATA, NODATA, NODATA,2024/04/12 06:12:00,2024-04-12 06:12:00+00:00
2024/04/12, 06:13:00, NODATA, NODATA, NODATA, NODATA,, NODATA, NODATA, NODATA, NODATA, NODATA, NODATA, NODATA, NODATA, NODATA, NODATA, NODATA, NODATA, NODATA, NODATA, NODATA, TRUEWIND_BAD_SOG, TRUEWIND_BAD_SOG, TRUEWIND_BAD_SOG, TRUEWIND_BAD_SOG, BAROMETER_BAD_RAW_PRESSURE, BAROMETER_BAD_RAW_PRESSURE, NODATA, NODATA, NODATA, NODATA, NODATA, NODATA, NODATA, SSV_BAD_TEMPERATURE, NODATA, NODATA, NODATA, NODATA, NODATA,2024/04/12 06:13:00,2024-04-12 06:13:00+00:00
2024/04/12, 06:14:00, NODATA, NODATA, NODATA, NODATA,, NODATA, NODATA, NODATA, NODATA, NODATA, NODATA, NODATA, NODATA, NODATA, NODATA, NODATA, NODATA, NODATA, NODATA, NODATA, TRUEWIND_BAD_SOG, TRUEWIND_BAD_SOG, TRUEWIND_BAD_SOG, TRUEWIND_BAD_SOG, BAROMETER_BAD_RAW_PRESSURE, BAROMETER_BAD_RAW_PRESSURE, NODATA, NODATA, NODATA, NODATA, NODATA, NODATA, NODATA, SSV_BAD_TEMPERATURE, NODATA, NODATA, NODATA, NODATA, NODATA,2024/04/12 06:14:00,2024-04-12 06:14:00+00:00
2024/04/12, 06:15:00, NODATA, NODATA, NODATA, NODATA,, NODATA, NODATA, NODATA, NODATA, NODATA, NODATA, NODATA, NODATA, NODATA, NODATA, NODATA, NODATA, NODATA, NODATA, NODATA, TRUEWIND_BAD_SOG, TRUEWIND_BAD_SOG, TRUEWIND_BAD_SOG, TRUEWIND_BAD_SOG, BAROMETER_BAD_RAW_PRESSURE, BAROMETER_BAD_RAW_PRESSURE, NODATA, NODATA, NODATA, NODATA, NODATA, NODATA, NODATA, SSV_BAD_TEMPERATURE, NODATA, NODATA, NODATA, NODATA, NODATA,2024/04/12 06:15:00,2024-04-12 06:15:00+00:00
2024/04/12, 06:16:00, NODATA, NODATA, NODATA, NODATA,, NODATA, NODATA, NODATA, NODATA, NODATA, NODATA, NODATA, NODATA, NODATA, NODATA, NODATA, NODATA, NODATA, NODATA, NODATA, TRUEWIND_BAD_SOG, TRUEWIND_BAD_SOG, TRUEWIND_BAD_SOG, TRUEWIND_BAD_SOG, BAROMETER_BAD_RAW_PRESSURE, BAROMETER_BAD_RAW_PRESSURE, NODATA, NODATA, NODATA, NODATA, NODATA, NODATA, NODATA, SSV_BAD_TEMPERATURE, NODATA, NODATA, NODATA, NODATA, NODATA,2024/04/12 06:16:00,2024-04-12 06:16:00+00:00
2024/04/12, 06:17:00, NODATA, NODATA, NODATA, NODATA,, NODATA, NODATA, NODATA, NODATA, NODATA, NODATA, NODATA, NODATA, NODATA, NODATA, NODATA, NODATA, NODATA, NODATA, NODATA, TRUEWIND_BAD_SOG, TRUEWIND_BAD_SOG, TRUEWIND_BAD_SOG, TRUEWIND_BAD_SOG, BAROMETER_BAD_RAW_PRESSURE, BAROMETER_BAD_RAW_PRESSURE, NODATA, NODATA, NODATA, NODATA, NODATA, NODATA, NODATA, SSV_BAD_TEMPERATURE, NODATA, NODATA, NODATA, NODATA, NODATA,2024/04/12 06:17:00,2024-04-12 06:17:00+00:00
2024/04/12, 06:18:00, NODATA, NODATA, NODATA, NODATA,, NODATA, NODATA, NODATA, NODATA, NODATA, NODATA, NODATA, NODATA, NODATA, NODATA, NODATA, NODATA, NODATA, NODATA, NODATA, TRUEWIND_BAD_SOG, TRUEWIND_BAD_SOG, TRUEWIND_BAD_SOG, TRUEWIND_BAD_SOG, BAROMETER_BAD_RAW_PRESSURE, BAROMETER_BAD_RAW_PRESSURE, NODATA, NODATA, NODATA, NODATA, NODATA, NODATA, NODATA, SSV_BAD_TEMPERATURE, NODATA, NODATA, NODATA, NODATA, NODATA,2024/04/12 06:18:00,2024-04-12 06:18:00+00:00
2024/04/12, 06:19:00, NODATA, NODATA, NODATA, NODATA,, NODATA, NODATA, NODATA, NODATA, NODATA, NODATA, NODATA, NODATA, NODATA, NODATA, NODATA, NODATA, NODATA, NODATA, NODATA, TRUEWIND_BAD_SOG, TRUEWIND_BAD_SOG, TRUEWIND_BAD_SOG, TRUEWIND_BAD_SOG, BAROMETER_BAD_RAW_PRESSURE, BAROMETER_BAD_RAW_PRESSURE, NODATA, NODATA, NODATA, NODATA, NODATA, NODATA, NODATA, SSV_BAD_TEMPERATURE, NODATA, NODATA, NODATA, NODATA, NODATA,2024/04/12 06:19:00,2024-04-12 06:19:00+00:00
2024/04/12, 06:20:00, NODATA, NODATA, NODATA, NODATA,, NODATA, NODATA, NODATA, NODATA, NODATA, NODATA, NODATA, NODATA, NODATA, NODATA, NODATA, NODATA, NODATA, NODATA, NODATA, TRUEWIND_BAD_SOG, TRUEWIND_BAD_SOG, TRUEWIND_BAD_SOG, TRUEWIND_BAD_SOG, BAROMETER_BAD_RAW_PRESSURE, BAROMETER_BAD_RAW_PRESSURE, NODATA, NODATA, NODATA, NODATA, NODATA, NODATA, NODATA, SSV_BAD_TEMPERATURE, NODATA, NODATA, NODATA, NODATA, NODATA,2024/04/12 06:20:00,2024-04-12 06:20:00+00:00
2024/04/12, 06:21:00, NODATA, NODATA, NODATA, NODATA,, NODATA, NODATA, NODATA, NODATA, NODATA, NODATA, NODATA, NODATA, NODATA, NODATA, NODATA, NODATA, NODATA, NODATA, NODATA, TRUEWIND_BAD_SOG, TRUEWIND_BAD_SOG, TRUEWIND_BAD_SOG, TRUEWIND_BAD_SOG, BAROMETER_BAD_RAW_PRESSURE, BAROMETER_BAD_RAW_PRESSURE, NODATA, NODATA, NODATA, NODATA, NODATA, NODATA, NODATA, SSV_BAD_TEMPERATURE, NODATA, NODATA, NODATA, NODATA, NODATA,2024/04/12 06:21:00,2024-04-12 06:21:00+00:00
2024/04/12, 06:22:00, NODATA, NODATA, NODATA, NODATA,, NODATA, NODATA, NODATA, NODATA, NODATA, NODATA, NODATA, NODATA, NODATA, NODATA, NODATA, NODATA, NODATA, NODATA, NODATA, TRUEWIND_BAD_SOG, TRUEWIND_BAD_SOG, TRUEWIND_BAD_SOG, TRUEWIND_BAD_SOG, BAROMETER_BAD_RAW_PRESSURE, BAROMETER_BAD_RAW_PRESSURE, NODATA, NODATA, NODATA, NODATA, NODATA, NODATA, NODATA, SSV_BAD_TEMPERATURE, NODATA, NODATA, NODATA, NODATA, NODATA,2024/04/12 06:22:00,2024-04-12 06:22:00+00:00
2024/04/12, 06:23:00, NODATA, NODATA, NODATA, NODATA,, NODATA, NODATA, NODATA, NODATA, NODATA, NODATA, NODATA, NODATA, NODATA, NODATA, NODATA, NODATA, NODATA, NODATA, NODATA, TRUEWIND_BAD_SOG, TRUEWIND_BAD_SOG, TRUEWIND_BAD_SOG, TRUEWIND_BAD_SOG, BAROMETER_BAD_RAW_PRESSURE, BAROMETER_BAD_RAW_PRESSURE, NODATA, NODATA, NODATA, NODATA, NODATA, NODATA, NODATA, SSV_BAD_TEMPERATURE, NODATA, NODATA, NODATA, NODATA, NODATA,2024/04/12 06:23:00,2024-04-12 06:23:00+00:00
2024/04/12, 06:24:00, NODATA, NODATA, NODATA, NODATA,, NODATA, NODATA, NODATA, NODATA, NODATA, NODATA, NODATA, NODATA, NODATA, NODATA, NODATA, NODATA, NODATA, NODATA, NODATA, TRUEWIND_BAD_SOG, TRUEWIND_BAD_SOG, TRUEWIND_BAD_SOG, TRUEWIND_BAD_SOG, BAROMETER_BAD_RAW_PRESSURE, BAROMETER_BAD_RAW_PRESSURE, NODATA, NODATA, NODATA, NODATA, NODATA, NODATA, NODATA, SSV_BAD_TEMPERATURE, NODATA, NODATA, NODATA, NODATA, NODATA,2024/04/12 06:24:00,2024-04-12 06:24:00+00:00
2024/04/12, 06:25:00, NODATA, NODATA, NODATA, NODATA,, NODATA, NODATA, NODATA, NODATA, NODATA, NODATA, NODATA, NODATA, NODATA, NODATA, NODATA, NODATA, NODATA, NODATA, NODATA, TRUEWIND_BAD_SOG, TRUEWIND_BAD_SOG, TRUEWIND_BAD_SOG, TRUEWIND_BAD_SOG, BAROMETER_BAD_RAW_PRESSURE, BAROMETER_BAD_RAW_PRESSURE, NODATA, NODATA, NODATA, NODATA, NODATA, NODATA, NODATA, SSV_BAD_TEMPERATURE, NODATA, NODATA, NODATA, NODATA, NODATA,2024/04/12 06:25:00,2024-04-12 06:25:00+00:00
2024/04/12, 06:26:00, NODATA, NODATA, NODATA, NODATA,, NODATA, NODATA, NODATA, NODATA, NODATA, NODATA, NODATA, NODATA, NODATA, NODATA, NODATA, NODATA, NODATA, NODATA, NODATA, TRUEWIND_BAD_SOG, TRUEWIND_BAD_SOG, TRUEWIND_BAD_SOG, TRUEWIND_BAD_SOG, BAROMETER_BAD_RAW_PRESSURE, BAROMETER_BAD_RAW_PRESSURE, NODATA, NODATA, NODATA, NODATA, NODATA, NODATA, NODATA, SSV_BAD_TEMPERATURE, NODATA, NODATA, NODATA, NODATA, NODATA,2024/04/12 06:26:00,2024-04-12 06:26:00+00:00
2024/04/12, 06:27:00, NODATA, NODATA, NODATA, NODATA,, NODATA, NODATA, NODATA, NODATA, NODATA, NODATA, NODATA, NODATA, NODATA, NODATA, NODATA, NODATA, NODATA, NODATA, NODATA, TRUEWIND_BAD_SOG, TRUEWIND_BAD_SOG, TRUEWIND_BAD_SOG, TRUEWIND_BAD_SOG, BAROMETER_BAD_RAW_PRESSURE, BAROMETER_BAD_RAW_PRESSURE, NODATA, NODATA, NODATA, NODATA, NODATA, NODATA, NODATA, SSV_BAD_TEMPERATURE, NODATA, NODATA, NODATA, NODATA, NODATA,2024/04/12 06:27:00,2024-04-12 06:27:00+00:00
2024/04/12, 06:28:00, NODATA, NODATA, NODATA, NODATA,, NODATA, NODATA, NODATA, NODATA, NODATA, NODATA, NODATA, NODATA, NODATA, NODATA, NODATA, NODATA, NODATA, NODATA, NODATA, TRUEWIND_BAD_SOG, TRUEWIND_BAD_SOG, TRUEWIND_BAD_SOG, TRUEWIND_BAD_SOG, BAROMETER_BAD_RAW_PRESSURE, BAROMETER_BAD_RAW_PRESSURE, NODATA, NODATA, NODATA, NODATA, NODATA, NODATA, NODATA, SSV_BAD_TEMPERATURE, NODATA, NODATA, NODATA, NODATA, NODATA,2024/04/12 06:28:00,2024-04-12 06:28:00+00:00
2024/04/12, 06:29:00, NODATA, NODATA, NODATA, NODATA,, NODATA, NODATA, NODATA, NODATA, NODATA, NODATA, NODATA, NODATA, NODATA, NODATA, NODATA, NODATA, NODATA, NODATA, NODATA, TRUEWIND_BAD_SOG, TRUEWIND_BAD_SOG, TRUEWIND_BAD_SOG, TRUEWIND_BAD_SOG, BAROMETER_BAD_RAW_PRESSURE, BAROMETER_BAD_RAW_PRESSURE, NODATA, NODATA, NODATA, NODATA, NODATA, NODATA, NODATA, SSV_BAD_TEMPERATURE, NODATA, NODATA, NODATA, NODATA, NODATA,2024/04/12 06:29:00,2024-04-12 06:29:00+00:00
2024/04/12, 06:30:00, NODATA, NODATA, NODATA, NODATA,, NODATA, NODATA, NODATA, NODATA, NODATA, NODATA, NODATA, NODATA, NODATA, NODATA, NODATA, NODATA, NODATA, NODATA, NODATA, TRUEWIND_BAD_SOG, TRUEWIND_BAD_SOG, TRUEWIND_BAD_SOG, TRUEWIND_BAD_SOG, BAROMETER_BAD_RAW_PRESSURE, BAROMETER_BAD_RAW_PRESSURE, NODATA, NODATA, NODATA, NODATA, NODATA, NODATA, NODATA, SSV_BAD_TEMPERATURE, NODATA, NODATA, NODATA, NODATA, NODATA,2024/04/12 06:30:00,2024-04-12 06:30:00+00:00
2024/04/12, 06:31:00, NODATA, NODATA, NODATA, NODATA,, NODATA, NODATA, NODATA, NODATA, NODATA, NODATA, NODATA, NODATA, NODATA, NODATA, NODATA, NODATA, NODATA, NODATA, NODATA, TRUEWIND_BAD_SOG, TRUEWIND_BAD_SOG, TRUEWIND_BAD_SOG, TRUEWIND_BAD_SOG, BAROMETER_BAD_RAW_PRESSURE, BAROMETER_BAD_RAW_PRESSURE, NODATA, NODATA, NODATA, NODATA, NODATA, NODATA, NODATA, SSV_BAD_TEMPERATURE, NODATA, NODATA, NODATA, NODATA, NODATA,2024/04/12 06:31:00,2024-04-12 06:31:00+00:00
2024/04/12, 06:32:00, NODATA, NODATA, NODATA, NODATA,, NODATA, NODATA, NODATA, NODATA, NODATA, NODATA, NODATA, NODATA, NODATA, NODATA, NODATA, NODATA, NODATA, NODATA, NODATA, TRUEWIND_BAD_SOG, TRUEWIND_BAD_SOG, TRUEWIND_BAD_SOG, TRUEWIND_BAD_SOG, BAROMETER_BAD_RAW_PRESSURE, BAROMETER_BAD_RAW_PRESSURE, NODATA, NODATA, NODATA, NODATA, NODATA, NODATA, NODATA, SSV_BAD_TEMPERATURE, NODATA, NODATA, NODATA, NODATA, NODATA,2024/04/12 06:32:00,2024-04-12 06:32:00+00:00
2024/04/12, 06:33:00, NODATA, NODATA, NODATA, NODATA,, NODATA, NODATA, NODATA, NODATA, NODATA, NODATA, NODATA, NODATA, NODATA, NODATA, NODATA, NODATA, NODATA, NODATA, NODATA, TRUEWIND_BAD_SOG, TRUEWIND_BAD_SOG, TRUEWIND_BAD_SOG, TRUEWIND_BAD_SOG, BAROMETER_BAD_RAW_PRESSURE, BAROMETER_BAD_RAW_PRESSURE, NODATA, NODATA, NODATA, NODATA, NODATA, NODATA, NODATA, SSV_BAD_TEMPERATURE, NODATA, NODATA, NODATA, NODATA, NODATA,2024/04/12 06:33:00,2024-04-12 06:33:00+00:00
2024/04/12, 06:34:00, NODATA, NODATA, NODATA, NODATA,, NODATA, NODATA, NODATA, NODATA, NODATA, NODATA, NODATA, NODATA, NODATA, NODATA, NODATA, NODATA, NODATA, NODATA, NODATA, TRUEWIND_BAD_SOG, TRUEWIND_BAD_SOG, TRUEWIND_BAD_SOG, TRUEWIND_BAD_SOG, BAROMETER_BAD_RAW_PRESSURE, BAROMETER_BAD_RAW_PRESSURE, NODATA, NODATA, NODATA, NODATA, NODATA, NODATA, NODATA, SSV_BAD_TEMPERATURE, NODATA, NODATA, NODATA, NODATA, NODATA,2024/04/12 06:34:00,2024-04-12 06:34:00+00:00
2024/04/12, 06:35:00, NODATA, NODATA, NODATA, NODATA,, NODATA, NODATA, NODATA, NODATA, NODATA, NODATA, NODATA, NODATA, NODATA, NODATA, NODATA, NODATA, NODATA, NODATA, NODATA, TRUEWIND_BAD_SOG, TRUEWIND_BAD_SOG, TRUEWIND_BAD_SOG, TRUEWIND_BAD_SOG, BAROMETER_BAD_RAW_PRESSURE, BAROMETER_BAD_RAW_PRESSURE, NODATA, NODATA, NODATA, NODATA, NODATA, NODATA, NODATA, SSV_BAD_TEMPERATURE, NODATA, NODATA, NODATA, NODATA, NODATA,2024/04/12 06:35:00,2024-04-12 06:35:00+00:00
2024/04/12, 06:36:00, NODATA, NODATA, NODATA, NODATA,, NODATA, NODATA, NODATA, NODATA, NODATA, NODATA, NODATA, NODATA, NODATA, NODATA, NODATA, NODATA, NODATA, NODATA, NODATA, TRUEWIND_BAD_SOG, TRUEWIND_BAD_SOG, TRUEWIND_BAD_SOG, TRUEWIND_BAD_SOG, BAROMETER_BAD_RAW_PRESSURE, BAROMETER_BAD_RAW_PRESSURE, NODATA, NODATA, NODATA, NODATA, NODATA, NODATA, NODATA, SSV_BAD_TEMPERATURE, NODATA, NODATA, NODATA, NODATA, NODATA,2024/04/12 06:36:00,2024-04-12 06:36:00+00:00
2024/04/12, 06:37:00, NODATA, NODATA, NODATA, NODATA,, NODATA, NODATA, NODATA, NODATA, NODATA, NODATA, NODATA, NODATA, NODATA, NODATA, NODATA, NODATA, NODATA, NODATA, NODATA, TRUEWIND_BAD_SOG, TRUEWIND_BAD_SOG, TRUEWIND_BAD_SOG, TRUEWIND_BAD_SOG, BAROMETER_BAD_RAW_PRESSURE, BAROMETER_BAD_RAW_PRESSURE, NODATA, NODATA, NODATA, NODATA, NODATA, NODATA, NODATA, SSV_BAD_TEMPERATURE, NODATA, NODATA, NODATA, NODATA, NODATA,2024/04/12 06:37:00,2024-04-12 06:37:00+00:00
2024/04/12, 06:38:00, NODATA, NODATA, NODATA, NODATA,, NODATA, NODATA, NODATA, NODATA, NODATA, NODATA, NODATA, NODATA, NODATA, NODATA, NODATA, NODATA, NODATA, NODATA, NODATA, TRUEWIND_BAD_SOG, TRUEWIND_BAD_SOG, TRUEWIND_BAD_SOG, TRUEWIND_BAD_SOG, BAROMETER_BAD_RAW_PRESSURE, BAROMETER_BAD_RAW_PRESSURE, NODATA, NODATA, NODATA, NODATA, NODATA, NODATA, NODATA, SSV_BAD_TEMPERATURE, NODATA, NODATA, NODATA, NODATA, NODATA,2024/04/12 06:38:00,2024-04-12 06:38:00+00:00
2024/04/12, 06:39:00, NODATA, NODATA, NODATA, NODATA,, NODATA, NODATA, NODATA, NODATA, NODATA, NODATA, NODATA, NODATA, NODATA, NODATA, NODATA, NODATA, NODATA, NODATA, NODATA, TRUEWIND_BAD_SOG, TRUEWIND_BAD_SOG, TRUEWIND_BAD_SOG, TRUEWIND_BAD_SOG, BAROMETER_BAD_RAW_PRESSURE, BAROMETER_BAD_RAW_PRESSURE, NODATA, NODATA, NODATA, NODATA, NODATA, NODATA, NODATA, SSV_BAD_TEMPERATURE, NODATA, NODATA, NODATA, NODATA, NODATA,2024/04/12 06:39:00,2024-04-12 06:39:00+00:00
2024/04/12, 06:40:00, NODATA, NODATA, NODATA, NODATA,, NODATA, NODATA, NODATA, NODATA, NODATA, NODATA, NODATA, NODATA, NODATA, NODATA, NODATA, NODATA, NODATA, NODATA, NODATA, TRUEWIND_BAD_SOG, TRUEWIND_BAD_SOG, TRUEWIND_BAD_SOG, TRUEWIND_BAD_SOG, BAROMETER_BAD_RAW_PRESSURE, BAROMETER_BAD_RAW_PRESSURE, NODATA, NODATA, NODATA, NODATA, NODATA, NODATA, NODATA, SSV_BAD_TEMPERATURE, NODATA, NODATA, NODATA, NODATA, NODATA,2024/04/12 06:40:00,2024-04-12 06:40:00+00:00
2024/04/12, 06:41:00, NODATA, NODATA, NODATA, NODATA,, NODATA, NODATA, NODATA, NODATA, NODATA, NODATA, NODATA, NODATA, NODATA, NODATA, NODATA, NODATA, NODATA, NODATA, NODATA, TRUEWIND_BAD_SOG, TRUEWIND_BAD_SOG, TRUEWIND_BAD_SOG, TRUEWIND_BAD_SOG, BAROMETER_BAD_RAW_PRESSURE, BAROMETER_BAD_RAW_PRESSURE, NODATA, NODATA, NODATA, NODATA, NODATA, NODATA, NODATA, SSV_BAD_TEMPERATURE, NODATA, NODATA, NODATA, NODATA, NODATA,2024/04/12 06:41:00,2024-04-12 06:41:00+00:00
2024/04/12, 06:42:00, NODATA, NODATA, NODATA, NODATA,, NODATA, NODATA, NODATA, NODATA, NODATA, NODATA, NODATA, NODATA, NODATA, NODATA, NODATA, NODATA, NODATA, NODATA, NODATA, TRUEWIND_BAD_SOG, TRUEWIND_BAD_SOG, TRUEWIND_BAD_SOG, TRUEWIND_BAD_SOG, BAROMETER_BAD_RAW_PRESSURE, BAROMETER_BAD_RAW_PRESSURE, NODATA, NODATA, NODATA, NODATA, NODATA, NODATA, NODATA, SSV_BAD_TEMPERATURE, NODATA, NODATA, NODATA, NODATA, NODATA,2024/04/12 06:42:00,2024-04-12 06:42:00+00:00
2024/04/12, 06:43:00, NODATA, NODATA, NODATA, NODATA,, NODATA, NODATA, NODATA, NODATA, NODATA, NODATA, NODATA, NODATA, NODATA, NODATA, NODATA, NODATA, NODATA, NODATA, NODATA, TRUEWIND_BAD_SOG, TRUEWIND_BAD_SOG, TRUEWIND_BAD_SOG, TRUEWIND_BAD_SOG, BAROMETER_BAD_RAW_PRESSURE, BAROMETER_BAD_RAW_PRESSURE, NODATA, NODATA, NODATA, NODATA, NODATA, NODATA, NODATA, SSV_BAD_TEMPERATURE, NODATA, NODATA, NODATA, NODATA, NODATA,2024/04/12 06:43:00,2024-04-12 06:43:00+00:00
2024/04/12, 06:44:00, NODATA, NODATA, NODATA, NODATA,, NODATA, NODATA, NODATA, NODATA, NODATA, NODATA, NODATA, NODATA, NODATA, NODATA, NODATA, NODATA, NODATA, NODATA, NODATA, TRUEWIND_BAD_SOG, TRUEWIND_BAD_SOG, TRUEWIND_BAD_SOG, TRUEWIND_BAD_SOG, BAROMETER_BAD_RAW_PRESSURE, BAROMETER_BAD_RAW_PRESSURE, NODATA, NODATA, NODATA, NODATA, NODATA, NODATA, NODATA, SSV_BAD_TEMPERATURE, NODATA, NODATA, NODATA, NODATA, NODATA,2024/04/12 06:44:00,2024-04-12 06:44:00+00:00
2024/04/12, 06:45:00, NODATA, NODATA, NODATA, NODATA,, NODATA, NODATA, NODATA, NODATA, NODATA, NODATA, NODATA, NODATA, NODATA, NODATA, NODATA, NODATA, NODATA, NODATA, NODATA, TRUEWIND_BAD_SOG, TRUEWIND_BAD_SOG, TRUEWIND_BAD_SOG, TRUEWIND_BAD_SOG, BAROMETER_BAD_RAW_PRESSURE, BAROMETER_BAD_RAW_PRESSURE, NODATA, NODATA, NODATA, NODATA, NODATA, NODATA, NODATA, SSV_BAD_TEMPERATURE, NODATA, NODATA, NODATA, NODATA, NODATA,2024/04/12 06:45:00,2024-04-12 06:45:00+00:00
2024/04/12, 06:46:00, NODATA, NODATA, NODATA, NODATA,, NODATA, NODATA, NODATA, NODATA, NODATA, NODATA, NODATA, NODATA, NODATA, NODATA, NODATA, NODATA, NODATA, NODATA, NODATA, TRUEWIND_BAD_SOG, TRUEWIND_BAD_SOG, TRUEWIND_BAD_SOG, TRUEWIND_BAD_SOG, BAROMETER_BAD_RAW_PRESSURE, BAROMETER_BAD_RAW_PRESSURE, NODATA, NODATA, NODATA, NODATA, NODATA, NODATA, NODATA, SSV_BAD_TEMPERATURE, NODATA, NODATA, NODATA, NODATA, NODATA,2024/04/12 06:46:00,2024-04-12 06:46:00+00:00
2024/04/12, 06:47:00, NODATA, NODATA, NODATA, NODATA,, NODATA, NODATA, NODATA, NODATA, NODATA, NODATA, NODATA, NODATA, NODATA, NODATA, NODATA, NODATA, NODATA, NODATA, NODATA, TRUEWIND_BAD_SOG, TRUEWIND_BAD_SOG, TRUEWIND_BAD_SOG, TRUEWIND_BAD_SOG, BAROMETER_BAD_RAW_PRESSURE, BAROMETER_BAD_RAW_PRESSURE, NODATA, NODATA, NODATA, NODATA, NODATA, NODATA, NODATA, SSV_BAD_TEMPERATURE, NODATA, NODATA, NODATA, NODATA, NODATA,2024/04/12 06:47:00,2024-04-12 06:47:00+00:00
2024/04/12, 06:48:00, NODATA, NODATA, NODATA, NODATA,, NODATA, NODATA, NODATA, NODATA, NODATA, NODATA, NODATA, NODATA, NODATA, NODATA, NODATA, NODATA, NODATA, NODATA, NODATA, TRUEWIND_BAD_SOG, TRUEWIND_BAD_SOG, TRUEWIND_BAD_SOG, TRUEWIND_BAD_SOG, BAROMETER_BAD_RAW_PRESSURE, BAROMETER_BAD_RAW_PRESSURE, NODATA, NODATA, NODATA, NODATA, NODATA, NODATA, NODATA, SSV_BAD_TEMPERATURE, NODATA, NODATA, NODATA, NODATA, NODATA,2024/04/12 06:48:00,2024-04-12 06:48:00+00:00
2024/04/12, 06:49:00, NODATA, NODATA, NODATA, NODATA,, NODATA, NODATA, NODATA, NODATA, NODATA, NODATA, NODATA, NODATA, NODATA, NODATA, NODATA, NODATA, NODATA, NODATA, NODATA, TRUEWIND_BAD_SOG, TRUEWIND_BAD_SOG, TRUEWIND_BAD_SOG, TRUEWIND_BAD_SOG, BAROMETER_BAD_RAW_PRESSURE, BAROMETER_BAD_RAW_PRESSURE, NODATA, NODATA, NODATA, NODATA, NODATA, NODATA, NODATA, SSV_BAD_TEMPERATURE, NODATA, NODATA, NODATA, NODATA, NODATA,2024/04/12 06:49:00,2024-04-12 06:49:00+00:00
2024/04/12, 06:50:00, NODATA, NODATA, NODATA, NODATA,, NODATA, NODATA, NODATA, NODATA, NODATA, NODATA, NODATA, NODATA, NODATA, NODATA, NODATA, NODATA, NODATA, NODATA, NODATA, TRUEWIND_BAD_SOG, TRUEWIND_BAD_SOG, TRUEWIND_BAD_SOG, TRUEWIND_BAD_SOG, BAROMETER_BAD_RAW_PRESSURE, BAROMETER_BAD_RAW_PRESSURE, NODATA, NODATA, NODATA, NODATA, NODATA, NODATA, NODATA, SSV_BAD_TEMPERATURE, NODATA, NODATA, NODATA, NODATA, NODATA,2024/04/12 06:50:00,2024-04-12 06:50:00+00:00
2024/04/12, 06:51:00, NODATA, NODATA, NODATA, NODATA,, NODATA, NODATA, NODATA, NODATA, NODATA, NODATA, NODATA, NODATA, NODATA, NODATA, NODATA, NODATA, NODATA, NODATA, NODATA, TRUEWIND_BAD_SOG, TRUEWIND_BAD_SOG, TRUEWIND_BAD_SOG, TRUEWIND_BAD_SOG, BAROMETER_BAD_RAW_PRESSURE, BAROMETER_BAD_RAW_PRESSURE, NODATA, NODATA, NODATA, NODATA, NODATA, NODATA, NODATA, SSV_BAD_TEMPERATURE, NODATA, NODATA, NODATA, NODATA, NODATA,2024/04/12 06:51:00,2024-04-12 06:51:00+00:00
2024/04/12, 06:52:00, NODATA, NODATA, NODATA, NODATA,, NODATA, NODATA, NODATA, NODATA, NODATA, NODATA, NODATA, NODATA, NODATA, NODATA, NODATA, NODATA, NODATA, NODATA, NODATA, TRUEWIND_BAD_SOG, TRUEWIND_BAD_SOG, TRUEWIND_BAD_SOG, TRUEWIND_BAD_SOG, BAROMETER_BAD_RAW_PRESSURE, BAROMETER_BAD_RAW_PRESSURE, NODATA, NODATA, NODATA, NODATA, NODATA, NODATA, NODATA, SSV_BAD_TEMPERATURE, NODATA, NODATA, NODATA, NODATA, NODATA,2024/04/12 06:52:00,2024-04-12 06:52:00+00:00
2024/04/12, 06:53:00, NODATA, NODATA, NODATA, NODATA,, NODATA, NODATA, NODATA, NODATA, NODATA, NODATA, NODATA, NODATA, NODATA, NODATA, NODATA, NODATA, NODATA, NODATA, NODATA, TRUEWIND_BAD_SOG, TRUEWIND_BAD_SOG, TRUEWIND_BAD_SOG, TRUEWIND_BAD_SOG, BAROMETER_BAD_RAW_PRESSURE, BAROMETER_BAD_RAW_PRESSURE, NODATA, NODATA, NODATA, NODATA, NODATA, NODATA, NODATA, SSV_BAD_TEMPERATURE, NODATA, NODATA, NODATA, NODATA, NODATA,2024/04/12 06:53:00,2024-04-12 06:53:00+00:00
2024/04/12, 06:54:00, NODATA, NODATA, NODATA, NODATA,, NODATA, NODATA, NODATA, NODATA, NODATA, NODATA, NODATA, NODATA, NODATA, NODATA, NODATA, NODATA, NODATA, NODATA, NODATA, TRUEWIND_BAD_SOG, TRUEWIND_BAD_SOG, TRUEWIND_BAD_SOG, TRUEWIND_BAD_SOG, BAROMETER_BAD_RAW_PRESSURE, BAROMETER_BAD_RAW_PRESSURE, NODATA, NODATA, NODATA, NODATA, NODATA, NODATA, NODATA, SSV_BAD_TEMPERATURE, NODATA, NODATA, NODATA, NODATA, NODATA,2024/04/12 06:54:00,2024-04-12 06:54:00+00:00
2024/04/12, 06:55:00, NODATA, NODATA, NODATA, NODATA,, NODATA, NODATA, NODATA, NODATA, NODATA, NODATA, NODATA, NODATA, NODATA, NODATA, NODATA, NODATA, NODATA, NODATA, NODATA, TRUEWIND_BAD_SOG, TRUEWIND_BAD_SOG, TRUEWIND_BAD_SOG, TRUEWIND_BAD_SOG, BAROMETER_BAD_RAW_PRESSURE, BAROMETER_BAD_RAW_PRESSURE, NODATA, NODATA, NODATA, NODATA, NODATA, NODATA, NODATA, SSV_BAD_TEMPERATURE, NODATA, NODATA, NODATA, NODATA, NODATA,2024/04/12 06:55:00,2024-04-12 06:55:00+00:00
2024/04/12, 06:56:00, NODATA, NODATA, NODATA, NODATA,, NODATA, NODATA, NODATA, NODATA, NODATA, NODATA, NODATA, NODATA, NODATA, NODATA, NODATA, NODATA, NODATA, NODATA, NODATA, TRUEWIND_BAD_SOG, TRUEWIND_BAD_SOG, TRUEWIND_BAD_SOG, TRUEWIND_BAD_SOG, BAROMETER_BAD_RAW_PRESSURE, BAROMETER_BAD_RAW_PRESSURE, NODATA, NODATA, NODATA, NODATA, NODATA, NODATA, NODATA, SSV_BAD_TEMPERATURE, NODATA, NODATA, NODATA, NODATA, NODATA,2024/04/12 06:56:00,2024-04-12 06:56:00+00:00
2024/04/12, 06:57:00, NODATA, NODATA, NODATA, NODATA,, NODATA, NODATA, NODATA, NODATA, NODATA, NODATA, NODATA, NODATA, NODATA, NODATA, NODATA, NODATA, NODATA, NODATA, NODATA, TRUEWIND_BAD_SOG, TRUEWIND_BAD_SOG, TRUEWIND_BAD_SOG, TRUEWIND_BAD_SOG, BAROMETER_BAD_RAW_PRESSURE, BAROMETER_BAD_RAW_PRESSURE, NODATA, NODATA, NODATA, NODATA, NODATA, NODATA, NODATA, SSV_BAD_TEMPERATURE, NODATA, NODATA, NODATA, NODATA, NODATA,2024/04/12 06:57:00,2024-04-12 06:57:00+00:00
2024/04/12, 06:58:00, NODATA, NODATA, NODATA, NODATA,, NODATA, NODATA, NODATA, NODATA, NODATA, NODATA, NODATA, NODATA, NODATA, NODATA, NODATA, NODATA, NODATA, NODATA, NODATA, TRUEWIND_BAD_SOG, TRUEWIND_BAD_SOG, TRUEWIND_BAD_SOG, TRUEWIND_BAD_SOG, BAROMETER_BAD_RAW_PRESSURE, BAROMETER_BAD_RAW_PRESSURE, NODATA, NODATA, NODATA, NODATA, NODATA, NODATA, NODATA, SSV_BAD_TEMPERATURE, NODATA, NODATA, NODATA, NODATA, NODATA,2024/04/12 06:58:00,2024-04-12 06:58:00+00:00
2024/04/12, 06:59:00, NODATA, NODATA, NODATA, NODATA,, NODATA, NODATA, NODATA, NODATA, NODATA, NODATA, NODATA, NODATA, NODATA, NODATA, NODATA, NODATA, NODATA, NODATA, NODATA, TRUEWIND_BAD_SOG, TRUEWIND_BAD_SOG, TRUEWIND_BAD_SOG, TRUEWIND_BAD_SOG, BAROMETER_BAD_RAW_PRESSURE, BAROMETER_BAD_RAW_PRESSURE, NODATA, NODATA, NODATA, NODATA, NODATA, NODATA, NODATA, SSV_BAD_TEMPERATURE, NODATA, NODATA, NODATA, NODATA, NODATA,2024/04/12 06:59:00,2024-04-12 06:59:00+00:00
2024/04/12, 07:00:00, NODATA, NODATA, NODATA, NODATA,, NODATA, NODATA, NODATA, NODATA, NODATA, NODATA, NODATA, NODATA, NODATA, NODATA, NODATA, NODATA, NODATA, NODATA, NODATA, TRUEWIND_BAD_SOG, TRUEWIND_BAD_SOG, TRUEWIND_BAD_SOG, TRUEWIND_BAD_SOG, BAROMETER_BAD_RAW_PRESSURE, BAROMETER_BAD_RAW_PRESSURE, NODATA, NODATA, NODATA, NODATA, NODATA, NODATA, NODATA, SSV_BAD_TEMPERATURE, NODATA, NODATA, NODATA, NODATA, NODATA,2024/04/12 07:00:00,2024-04-12 07:00:00+00:00
2024/04/12, 07:01:00, NODATA, NODATA, NODATA, NODATA,, NODATA, NODATA, NODATA, NODATA, NODATA, NODATA, NODATA, NODATA, NODATA, NODATA, NODATA, NODATA, NODATA, NODATA, NODATA, TRUEWIND_BAD_SOG, TRUEWIND_BAD_SOG, TRUEWIND_BAD_SOG, TRUEWIND_BAD_SOG, BAROMETER_BAD_RAW_PRESSURE, BAROMETER_BAD_RAW_PRESSURE, NODATA, NODATA, NODATA, NODATA, NODATA, NODATA, NODATA, SSV_BAD_TEMPERATURE, NODATA, NODATA, NODATA, NODATA, NODATA,2024/04/12 07:01:00,2024-04-12 07:01:00+00:00
2024/04/12, 07:02:00, NODATA, NODATA, NODATA, NODATA,, NODATA, NODATA, NODATA, NODATA, NODATA, NODATA, NODATA, NODATA, NODATA, NODATA, NODATA, NODATA, NODATA, NODATA, NODATA, TRUEWIND_BAD_SOG, TRUEWIND_BAD_SOG, TRUEWIND_BAD_SOG, TRUEWIND_BAD_SOG, BAROMETER_BAD_RAW_PRESSURE, BAROMETER_BAD_RAW_PRESSURE, NODATA, NODATA, NODATA, NODATA, NODATA, NODATA, NODATA, SSV_BAD_TEMPERATURE, NODATA, NODATA, NODATA, NODATA, NODATA,2024/04/12 07:02:00,2024-04-12 07:02:00+00:00
2024/04/12, 07:03:00, NODATA, NODATA, NODATA, NODATA,, NODATA, NODATA, NODATA, NODATA, NODATA, NODATA, NODATA, NODATA, NODATA, NODATA, NODATA, NODATA, NODATA, NODATA, NODATA, TRUEWIND_BAD_SOG, TRUEWIND_BAD_SOG, TRUEWIND_BAD_SOG, TRUEWIND_BAD_SOG, BAROMETER_BAD_RAW_PRESSURE, BAROMETER_BAD_RAW_PRESSURE, NODATA, NODATA, NODATA, NODATA, NODATA, NODATA, NODATA, SSV_BAD_TEMPERATURE, NODATA, NODATA, NODATA, NODATA, NODATA,2024/04/12 07:03:00,2024-04-12 07:03:00+00:00
2024/04/12, 07:04:00, NODATA, NODATA, NODATA, NODATA,, NODATA, NODATA, NODATA, NODATA, NODATA, NODATA, NODATA, NODATA, NODATA, NODATA, NODATA, NODATA, NODATA, NODATA, NODATA, TRUEWIND_BAD_SOG, TRUEWIND_BAD_SOG, TRUEWIND_BAD_SOG, TRUEWIND_BAD_SOG, BAROMETER_BAD_RAW_PRESSURE, BAROMETER_BAD_RAW_PRESSURE, NODATA, NODATA, NODATA, NODATA, NODATA, NODATA, NODATA, SSV_BAD_TEMPERATURE, NODATA, NODATA, NODATA, NODATA, NODATA,2024/04/12 07:04:00,2024-04-12 07:04:00+00:00
2024/04/12, 07:05:00, NODATA, NODATA, NODATA, NODATA,, NODATA, NODATA, NODATA, NODATA, NODATA, NODATA, NODATA, NODATA, NODATA, NODATA, NODATA, NODATA, NODATA, NODATA, NODATA, TRUEWIND_BAD_SOG, TRUEWIND_BAD_SOG, TRUEWIND_BAD_SOG, TRUEWIND_BAD_SOG, BAROMETER_BAD_RAW_PRESSURE, BAROMETER_BAD_RAW_PRESSURE, NODATA, NODATA, NODATA, NODATA, NODATA, NODATA, NODATA, SSV_BAD_TEMPERATURE, NODATA, NODATA, NODATA, NODATA, NODATA,2024/04/12 07:05:00,2024-04-12 07:05:00+00:00
2024/04/12, 07:06:00, NODATA, NODATA, NODATA, NODATA,, NODATA, NODATA, NODATA, NODATA, NODATA, NODATA, NODATA, NODATA, NODATA, NODATA, NODATA, NODATA, NODATA, NODATA, NODATA, TRUEWIND_BAD_SOG, TRUEWIND_BAD_SOG, TRUEWIND_BAD_SOG, TRUEWIND_BAD_SOG, BAROMETER_BAD_RAW_PRESSURE, BAROMETER_BAD_RAW_PRESSURE, NODATA, NODATA, NODATA, NODATA, NODATA, NODATA, NODATA, SSV_BAD_TEMPERATURE, NODATA, NODATA, NODATA, NODATA, NODATA,2024/04/12 07:06:00,2024-04-12 07:06:00+00:00
2024/04/12, 07:07:00, NODATA, NODATA, NODATA, NODATA,, NODATA, NODATA, NODATA, NODATA, NODATA, NODATA, NODATA, NODATA, NODATA, NODATA, NODATA, NODATA, NODATA, NODATA, NODATA, TRUEWIND_BAD_SOG, TRUEWIND_BAD_SOG, TRUEWIND_BAD_SOG, TRUEWIND_BAD_SOG, BAROMETER_BAD_RAW_PRESSURE, BAROMETER_BAD_RAW_PRESSURE, NODATA, NODATA, NODATA, NODATA, NODATA, NODATA, NODATA, SSV_BAD_TEMPERATURE, NODATA, NODATA, NODATA, NODATA, NODATA,2024/04/12 07:07:00,2024-04-12 07:07:00+00:00
2024/04/12, 07:08:00, NODATA, NODATA, NODATA, NODATA,, NODATA, NODATA, NODATA, NODATA, NODATA, NODATA, NODATA, NODATA, NODATA, NODATA, NODATA, NODATA, NODATA, NODATA, NODATA, TRUEWIND_BAD_SOG, TRUEWIND_BAD_SOG, TRUEWIND_BAD_SOG, TRUEWIND_BAD_SOG, BAROMETER_BAD_RAW_PRESSURE, BAROMETER_BAD_RAW_PRESSURE, NODATA, NODATA, NODATA, NODATA, NODATA, NODATA, NODATA, SSV_BAD_TEMPERATURE, NODATA, NODATA, NODATA, NODATA, NODATA,2024/04/12 07:08:00,2024-04-12 07:08:00+00:00
2024/04/12, 07:09:00, NODATA, NODATA, NODATA, NODATA,, NODATA, NODATA, NODATA, NODATA, NODATA, NODATA, NODATA, NODATA, NODATA, NODATA, NODATA, NODATA, NODATA, NODATA, NODATA, TRUEWIND_BAD_SOG, TRUEWIND_BAD_SOG, TRUEWIND_BAD_SOG, TRUEWIND_BAD_SOG, BAROMETER_BAD_RAW_PRESSURE, BAROMETER_BAD_RAW_PRESSURE, NODATA, NODATA, NODATA, NODATA, NODATA, NODATA, NODATA, SSV_BAD_TEMPERATURE, NODATA, NODATA, NODATA, NODATA, NODATA,2024/04/12 07:09:00,2024-04-12 07:09:00+00:00
2024/04/12, 07:10:00, NODATA, NODATA, NODATA, NODATA,, NODATA, NODATA, NODATA, NODATA, NODATA, NODATA, NODATA, NODATA, NODATA, NODATA, NODATA, NODATA, NODATA, NODATA, NODATA, TRUEWIND_BAD_SOG, TRUEWIND_BAD_SOG, TRUEWIND_BAD_SOG, TRUEWIND_BAD_SOG, BAROMETER_BAD_RAW_PRESSURE, BAROMETER_BAD_RAW_PRESSURE, NODATA, NODATA, NODATA, NODATA, NODATA, NODATA, NODATA, SSV_BAD_TEMPERATURE, NODATA, NODATA, NODATA, NODATA, NODATA,2024/04/12 07:10:00,2024-04-12 07:10:00+00:00
2024/04/12, 07:11:00, NODATA, NODATA, NODATA, NODATA,, NODATA, NODATA, NODATA, NODATA, NODATA, NODATA, NODATA, NODATA, NODATA, NODATA, NODATA, NODATA, NODATA, NODATA, NODATA, TRUEWIND_BAD_SOG, TRUEWIND_BAD_SOG, TRUEWIND_BAD_SOG, TRUEWIND_BAD_SOG, BAROMETER_BAD_RAW_PRESSURE, BAROMETER_BAD_RAW_PRESSURE, NODATA, NODATA, NODATA, NODATA, NODATA, NODATA, NODATA, SSV_BAD_TEMPERATURE, NODATA, NODATA, NODATA, NODATA, NODATA,2024/04/12 07:11:00,2024-04-12 07:11:00+00:00
2024/04/12, 07:12:00, NODATA, NODATA, NODATA, NODATA,, NODATA, NODATA, NODATA, NODATA, NODATA, NODATA, NODATA, NODATA, NODATA, NODATA, NODATA, NODATA, NODATA, NODATA, NODATA, TRUEWIND_BAD_SOG, TRUEWIND_BAD_SOG, TRUEWIND_BAD_SOG, TRUEWIND_BAD_SOG, BAROMETER_BAD_RAW_PRESSURE, BAROMETER_BAD_RAW_PRESSURE, NODATA, NODATA, NODATA, NODATA, NODATA, NODATA, NODATA, SSV_BAD_TEMPERATURE, NODATA, NODATA, NODATA, NODATA, NODATA,2024/04/12 07:12:00,2024-04-12 07:12:00+00:00
2024/04/12, 07:13:00, NODATA, NODATA, NODATA, NODATA,, NODATA, NODATA, NODATA, NODATA, NODATA, NODATA, NODATA, NODATA, NODATA, NODATA, NODATA, NODATA, NODATA, NODATA, NODATA, TRUEWIND_BAD_SOG, TRUEWIND_BAD_SOG, TRUEWIND_BAD_SOG, TRUEWIND_BAD_SOG, BAROMETER_BAD_RAW_PRESSURE, BAROMETER_BAD_RAW_PRESSURE, NODATA, NODATA, NODATA, NODATA, NODATA, NODATA, NODATA, SSV_BAD_TEMPERATURE, NODATA, NODATA, NODATA, NODATA, NODATA,2024/04/12 07:13:00,2024-04-12 07:13:00+00:00
2024/04/12, 07:14:00, NODATA, NODATA, NODATA, NODATA,, NODATA, NODATA, NODATA, NODATA, NODATA, NODATA, NODATA, NODATA, NODATA, NODATA, NODATA, NODATA, NODATA, NODATA, NODATA, TRUEWIND_BAD_SOG, TRUEWIND_BAD_SOG, TRUEWIND_BAD_SOG, TRUEWIND_BAD_SOG, BAROMETER_BAD_RAW_PRESSURE, BAROMETER_BAD_RAW_PRESSURE, NODATA, NODATA, NODATA, NODATA, NODATA, NODATA, NODATA, SSV_BAD_TEMPERATURE, NODATA, NODATA, NODATA, NODATA, NODATA,2024/04/12 07:14:00,2024-04-12 07:14:00+00:00
2024/04/12, 07:15:00, NODATA, NODATA, NODATA, NODATA,, NODATA, NODATA, NODATA, NODATA, NODATA, NODATA, NODATA, NODATA, NODATA, NODATA, NODATA, NODATA, NODATA, NODATA, NODATA, TRUEWIND_BAD_SOG, TRUEWIND_BAD_SOG, TRUEWIND_BAD_SOG, TRUEWIND_BAD_SOG, BAROMETER_BAD_RAW_PRESSURE, BAROMETER_BAD_RAW_PRESSURE, NODATA, NODATA, NODATA, NODATA, NODATA, NODATA, NODATA, SSV_BAD_TEMPERATURE, NODATA, NODATA, NODATA, NODATA, NODATA,2024/04/12 07:15:00,2024-04-12 07:15:00+00:00
2024/04/12, 07:16:00, NODATA, NODATA, NODATA, NODATA,, NODATA, NODATA, NODATA, NODATA, NODATA, NODATA, NODATA, NODATA, NODATA, NODATA, NODATA, NODATA, NODATA, NODATA, NODATA, TRUEWIND_BAD_SOG, TRUEWIND_BAD_SOG, TRUEWIND_BAD_SOG, TRUEWIND_BAD_SOG, BAROMETER_BAD_RAW_PRESSURE, BAROMETER_BAD_RAW_PRESSURE, NODATA, NODATA, NODATA, NODATA, NODATA, NODATA, NODATA, SSV_BAD_TEMPERATURE, NODATA, NODATA, NODATA, NODATA, NODATA,2024/04/12 07:16:00,2024-04-12 07:16:00+00:00
2024/04/12, 07:17:00, NODATA, NODATA, NODATA, NODATA,, NODATA, NODATA, NODATA, NODATA, NODATA, NODATA, NODATA, NODATA, NODATA, NODATA, NODATA, NODATA, NODATA, NODATA, NODATA, TRUEWIND_BAD_SOG, TRUEWIND_BAD_SOG, TRUEWIND_BAD_SOG, TRUEWIND_BAD_SOG, BAROMETER_BAD_RAW_PRESSURE, BAROMETER_BAD_RAW_PRESSURE, NODATA, NODATA, NODATA, NODATA, NODATA, NODATA, NODATA, SSV_BAD_TEMPERATURE, NODATA, NODATA, NODATA, NODATA, NODATA,2024/04/12 07:17:00,2024-04-12 07:17:00+00:00
2024/04/12, 07:18:00, NODATA, NODATA, NODATA, NODATA,, NODATA, NODATA, NODATA, NODATA, NODATA, NODATA, NODATA, NODATA, NODATA, NODATA, NODATA, NODATA, NODATA, NODATA, NODATA, TRUEWIND_BAD_SOG, TRUEWIND_BAD_SOG, TRUEWIND_BAD_SOG, TRUEWIND_BAD_SOG, BAROMETER_BAD_RAW_PRESSURE, BAROMETER_BAD_RAW_PRESSURE, NODATA, NODATA, NODATA, NODATA, NODATA, NODATA, NODATA, SSV_BAD_TEMPERATURE, NODATA, NODATA, NODATA, NODATA, NODATA,2024/04/12 07:18:00,2024-04-12 07:18:00+00:00
2024/04/12, 07:19:00, NODATA, NODATA, NODATA, NODATA,, NODATA, NODATA, NODATA, NODATA, NODATA, NODATA, NODATA, NODATA, NODATA, NODATA, NODATA, NODATA, NODATA, NODATA, NODATA, TRUEWIND_BAD_SOG, TRUEWIND_BAD_SOG, TRUEWIND_BAD_SOG, TRUEWIND_BAD_SOG, BAROMETER_BAD_RAW_PRESSURE, BAROMETER_BAD_RAW_PRESSURE, NODATA, NODATA, NODATA, NODATA, NODATA, NODATA, NODATA, SSV_BAD_TEMPERATURE, NODATA, NODATA, NODATA, NODATA, NODATA,2024/04/12 07:19:00,2024-04-12 07:19:00+00:00
2024/04/12, 07:20:00, NODATA, NODATA, NODATA, NODATA,, NODATA, NODATA, NODATA, NODATA, NODATA, NODATA, NODATA, NODATA, NODATA, NODATA, NODATA, NODATA, NODATA, NODATA, NODATA, TRUEWIND_BAD_SOG, TRUEWIND_BAD_SOG, TRUEWIND_BAD_SOG, TRUEWIND_BAD_SOG, BAROMETER_BAD_RAW_PRESSURE, BAROMETER_BAD_RAW_PRESSURE, NODATA, NODATA, NODATA, NODATA, NODATA, NODATA, NODATA, SSV_BAD_TEMPERATURE, NODATA, NODATA, NODATA, NODATA, NODATA,2024/04/12 07:20:00,2024-04-12 07:20:00+00:00
2024/04/12, 07:21:00, NODATA, NODATA, NODATA, NODATA,, NODATA, NODATA, NODATA, NODATA, NODATA, NODATA, NODATA, NODATA, NODATA, NODATA, NODATA, NODATA, NODATA, NODATA, NODATA, TRUEWIND_BAD_SOG, TRUEWIND_BAD_SOG, TRUEWIND_BAD_SOG, TRUEWIND_BAD_SOG, BAROMETER_BAD_RAW_PRESSURE, BAROMETER_BAD_RAW_PRESSURE, NODATA, NODATA, NODATA, NODATA, NODATA, NODATA, NODATA, SSV_BAD_TEMPERATURE, NODATA, NODATA, NODATA, NODATA, NODATA,2024/04/12 07:21:00,2024-04-12 07:21:00+00:00
2024/04/12, 07:22:00, NODATA, NODATA, NODATA, NODATA,, NODATA, NODATA, NODATA, NODATA, NODATA, NODATA, NODATA, NODATA, NODATA, NODATA, NODATA, NODATA, NODATA, NODATA, NODATA, TRUEWIND_BAD_SOG, TRUEWIND_BAD_SOG, TRUEWIND_BAD_SOG, TRUEWIND_BAD_SOG, BAROMETER_BAD_RAW_PRESSURE, BAROMETER_BAD_RAW_PRESSURE, NODATA, NODATA, NODATA, NODATA, NODATA, NODATA, NODATA, SSV_BAD_TEMPERATURE, NODATA, NODATA, NODATA, NODATA, NODATA,2024/04/12 07:22:00,2024-04-12 07:22:00+00:00
2024/04/12, 07:23:00, NODATA, NODATA, NODATA, NODATA,, NODATA, NODATA, NODATA, NODATA, NODATA, NODATA, NODATA, NODATA, NODATA, NODATA, NODATA, NODATA, NODATA, NODATA, NODATA, TRUEWIND_BAD_SOG, TRUEWIND_BAD_SOG, TRUEWIND_BAD_SOG, TRUEWIND_BAD_SOG, BAROMETER_BAD_RAW_PRESSURE, BAROMETER_BAD_RAW_PRESSURE, NODATA, NODATA, NODATA, NODATA, NODATA, NODATA, NODATA, SSV_BAD_TEMPERATURE, NODATA, NODATA, NODATA, NODATA, NODATA,2024/04/12 07:23:00,2024-04-12 07:23:00+00:00
2024/04/12, 07:24:00, NODATA, NODATA, NODATA, NODATA,, NODATA, NODATA, NODATA, NODATA, NODATA, NODATA, NODATA, NODATA, NODATA, NODATA, NODATA, NODATA, NODATA, NODATA, NODATA, TRUEWIND_BAD_SOG, TRUEWIND_BAD_SOG, TRUEWIND_BAD_SOG, TRUEWIND_BAD_SOG, BAROMETER_BAD_RAW_PRESSURE, BAROMETER_BAD_RAW_PRESSURE, NODATA, NODATA, NODATA, NODATA, NODATA, NODATA, NODATA, SSV_BAD_TEMPERATURE, NODATA, NODATA, NODATA, NODATA, NODATA,2024/04/12 07:24:00,2024-04-12 07:24:00+00:00
2024/04/12, 07:25:00, NODATA, NODATA, NODATA, NODATA,, NODATA, NODATA, NODATA, NODATA, NODATA, NODATA, NODATA, NODATA, NODATA, NODATA, NODATA, NODATA, NODATA, NODATA, NODATA, TRUEWIND_BAD_SOG, TRUEWIND_BAD_SOG, TRUEWIND_BAD_SOG, TRUEWIND_BAD_SOG, BAROMETER_BAD_RAW_PRESSURE, BAROMETER_BAD_RAW_PRESSURE, NODATA, NODATA, NODATA, NODATA, NODATA, NODATA, NODATA, SSV_BAD_TEMPERATURE, NODATA, NODATA, NODATA, NODATA, NODATA,2024/04/12 07:25:00,2024-04-12 07:25:00+00:00
2024/04/12, 07:26:00, NODATA, NODATA, NODATA, NODATA,, NODATA, NODATA, NODATA, NODATA, NODATA, NODATA, NODATA, NODATA, NODATA, NODATA, NODATA, NODATA, NODATA, NODATA, NODATA, TRUEWIND_BAD_SOG, TRUEWIND_BAD_SOG, TRUEWIND_BAD_SOG, TRUEWIND_BAD_SOG, BAROMETER_BAD_RAW_PRESSURE, BAROMETER_BAD_RAW_PRESSURE, NODATA, NODATA, NODATA, NODATA, NODATA, NODATA, NODATA, SSV_BAD_TEMPERATURE, NODATA, NODATA, NODATA, NODATA, NODATA,2024/04/12 07:26:00,2024-04-12 07:26:00+00:00
2024/04/12, 07:27:00, NODATA, NODATA, NODATA, NODATA,, NODATA, NODATA, NODATA, NODATA, NODATA, NODATA, NODATA, NODATA, NODATA, NODATA, NODATA, NODATA, NODATA, NODATA, NODATA, TRUEWIND_BAD_SOG, TRUEWIND_BAD_SOG, TRUEWIND_BAD_SOG, TRUEWIND_BAD_SOG, BAROMETER_BAD_RAW_PRESSURE, BAROMETER_BAD_RAW_PRESSURE, NODATA, NODATA, NODATA, NODATA, NODATA, NODATA, NODATA, SSV_BAD_TEMPERATURE, NODATA, NODATA, NODATA, NODATA, NODATA,2024/04/12 07:27:00,2024-04-12 07:27:00+00:00
2024/04/12, 07:28:00, NODATA, NODATA, NODATA, NODATA,, NODATA, NODATA, NODATA, NODATA, NODATA, NODATA, NODATA, NODATA, NODATA, NODATA, NODATA, NODATA, NODATA, NODATA, NODATA, TRUEWIND_BAD_SOG, TRUEWIND_BAD_SOG, TRUEWIND_BAD_SOG, TRUEWIND_BAD_SOG, BAROMETER_BAD_RAW_PRESSURE, BAROMETER_BAD_RAW_PRESSURE, NODATA, NODATA, NODATA, NODATA, NODATA, NODATA, NODATA, SSV_BAD_TEMPERATURE, NODATA, NODATA, NODATA, NODATA, NODATA,2024/04/12 07:28:00,2024-04-12 07:28:00+00:00
2024/04/12, 07:29:00, NODATA, NODATA, NODATA, NODATA,, NODATA, NODATA, NODATA, NODATA, NODATA, NODATA, NODATA, NODATA, NODATA, NODATA, NODATA, NODATA, NODATA, NODATA, NODATA, TRUEWIND_BAD_SOG, TRUEWIND_BAD_SOG, TRUEWIND_BAD_SOG, TRUEWIND_BAD_SOG, BAROMETER_BAD_RAW_PRESSURE, BAROMETER_BAD_RAW_PRESSURE, NODATA, NODATA, NODATA, NODATA, NODATA, NODATA, NODATA, SSV_BAD_TEMPERATURE, NODATA, NODATA, NODATA, NODATA, NODATA,2024/04/12 07:29:00,2024-04-12 07:29:00+00:00
2024/04/12, 07:30:00, NODATA, NODATA, NODATA, NODATA,, NODATA, NODATA, NODATA, NODATA, NODATA, NODATA, NODATA, NODATA, NODATA, NODATA, NODATA, NODATA, NODATA, NODATA, NODATA, TRUEWIND_BAD_SOG, TRUEWIND_BAD_SOG, TRUEWIND_BAD_SOG, TRUEWIND_BAD_SOG, BAROMETER_BAD_RAW_PRESSURE, BAROMETER_BAD_RAW_PRESSURE, NODATA, NODATA, NODATA, NODATA, NODATA, NODATA, NODATA, SSV_BAD_TEMPERATURE, NODATA, NODATA, NODATA, NODATA, NODATA,2024/04/12 07:30:00,2024-04-12 07:30:00+00:00
2024/04/12, 07:31:00, NODATA, NODATA, NODATA, NODATA,, NODATA, NODATA, NODATA, NODATA, NODATA, NODATA, NODATA, NODATA, NODATA, NODATA, NODATA, NODATA, NODATA, NODATA, NODATA, TRUEWIND_BAD_SOG, TRUEWIND_BAD_SOG, TRUEWIND_BAD_SOG, TRUEWIND_BAD_SOG, BAROMETER_BAD_RAW_PRESSURE, BAROMETER_BAD_RAW_PRESSURE, NODATA, NODATA, NODATA, NODATA, NODATA, NODATA, NODATA, SSV_BAD_TEMPERATURE, NODATA, NODATA, NODATA, NODATA, NODATA,2024/04/12 07:31:00,2024-04-12 07:31:00+00:00
2024/04/12, 07:32:00, NODATA, NODATA, NODATA, NODATA,, NODATA, NODATA, NODATA, NODATA, NODATA, NODATA, NODATA, NODATA, NODATA, NODATA, NODATA, NODATA, NODATA, NODATA, NODATA, TRUEWIND_BAD_SOG, TRUEWIND_BAD_SOG, TRUEWIND_BAD_SOG, TRUEWIND_BAD_SOG, BAROMETER_BAD_RAW_PRESSURE, BAROMETER_BAD_RAW_PRESSURE, NODATA, NODATA, NODATA, NODATA, NODATA, NODATA, NODATA, SSV_BAD_TEMPERATURE, NODATA, NODATA, NODATA, NODATA, NODATA,2024/04/12 07:32:00,2024-04-12 07:32:00+00:00
2024/04/12, 07:33:00, NODATA, NODATA, NODATA, NODATA,, NODATA, NODATA, NODATA, NODATA, NODATA, NODATA, NODATA, NODATA, NODATA, NODATA, NODATA, NODATA, NODATA, NODATA, NODATA, TRUEWIND_BAD_SOG, TRUEWIND_BAD_SOG, TRUEWIND_BAD_SOG, TRUEWIND_BAD_SOG, BAROMETER_BAD_RAW_PRESSURE, BAROMETER_BAD_RAW_PRESSURE, NODATA, NODATA, NODATA, NODATA, NODATA, NODATA, NODATA, SSV_BAD_TEMPERATURE, NODATA, NODATA, NODATA, NODATA, NODATA,2024/04/12 07:33:00,2024-04-12 07:33:00+00:00
2024/04/12, 07:34:00, NODATA, NODATA, NODATA, NODATA,, NODATA, NODATA, NODATA, NODATA, NODATA, NODATA, NODATA, NODATA, NODATA, NODATA, NODATA, NODATA, NODATA, NODATA, NODATA, TRUEWIND_BAD_SOG, TRUEWIND_BAD_SOG, TRUEWIND_BAD_SOG, TRUEWIND_BAD_SOG, BAROMETER_BAD_RAW_PRESSURE, BAROMETER_BAD_RAW_PRESSURE, NODATA, NODATA, NODATA, NODATA, NODATA, NODATA, NODATA, SSV_BAD_TEMPERATURE, NODATA, NODATA, NODATA, NODATA, NODATA,2024/04/12 07:34:00,2024-04-12 07:34:00+00:00
2024/04/12, 07:35:00, NODATA, NODATA, NODATA, NODATA,, NODATA, NODATA, NODATA, NODATA, NODATA, NODATA, NODATA, NODATA, NODATA, NODATA, NODATA, NODATA, NODATA, NODATA, NODATA, TRUEWIND_BAD_SOG, TRUEWIND_BAD_SOG, TRUEWIND_BAD_SOG, TRUEWIND_BAD_SOG, BAROMETER_BAD_RAW_PRESSURE, BAROMETER_BAD_RAW_PRESSURE, NODATA, NODATA, NODATA, NODATA, NODATA, NODATA, NODATA, SSV_BAD_TEMPERATURE, NODATA, NODATA, NODATA, NODATA, NODATA,2024/04/12 07:35:00,2024-04-12 07:35:00+00:00
2024/04/12, 07:36:00, NODATA, NODATA, NODATA, NODATA,, NODATA, NODATA, NODATA, NODATA, NODATA, NODATA, NODATA, NODATA, NODATA, NODATA, NODATA, NODATA, NODATA, NODATA, NODATA, TRUEWIND_BAD_SOG, TRUEWIND_BAD_SOG, TRUEWIND_BAD_SOG, TRUEWIND_BAD_SOG, BAROMETER_BAD_RAW_PRESSURE, BAROMETER_BAD_RAW_PRESSURE, NODATA, NODATA, NODATA, NODATA, NODATA, NODATA, NODATA, SSV_BAD_TEMPERATURE, NODATA, NODATA, NODATA, NODATA, NODATA,2024/04/12 07:36:00,2024-04-12 07:36:00+00:00
2024/04/12, 07:37:00, NODATA, NODATA, NODATA, NODATA,, NODATA, NODATA, NODATA, NODATA, NODATA, NODATA, NODATA, NODATA, NODATA, NODATA, NODATA, NODATA, NODATA, NODATA, NODATA, TRUEWIND_BAD_SOG, TRUEWIND_BAD_SOG, TRUEWIND_BAD_SOG, TRUEWIND_BAD_SOG, BAROMETER_BAD_RAW_PRESSURE, BAROMETER_BAD_RAW_PRESSURE, NODATA, NODATA, NODATA, NODATA, NODATA, NODATA, NODATA, SSV_BAD_TEMPERATURE, NODATA, NODATA, NODATA, NODATA, NODATA,2024/04/12 07:37:00,2024-04-12 07:37:00+00:00
2024/04/12, 07:38:00, NODATA, NODATA, NODATA, NODATA,, NODATA, NODATA, NODATA, NODATA, NODATA, NODATA, NODATA, NODATA, NODATA, NODATA, NODATA, NODATA, NODATA, NODATA, NODATA, TRUEWIND_BAD_SOG, TRUEWIND_BAD_SOG, TRUEWIND_BAD_SOG, TRUEWIND_BAD_SOG, BAROMETER_BAD_RAW_PRESSURE, BAROMETER_BAD_RAW_PRESSURE, NODATA, NODATA, NODATA, NODATA, NODATA, NODATA, NODATA, SSV_BAD_TEMPERATURE, NODATA, NODATA, NODATA, NODATA, NODATA,2024/04/12 07:38:00,2024-04-12 07:38:00+00:00
2024/04/12, 07:39:00, NODATA, NODATA, NODATA, NODATA,, NODATA, NODATA, NODATA, NODATA, NODATA, NODATA, NODATA, NODATA, NODATA, NODATA, NODATA, NODATA, NODATA, NODATA, NODATA, TRUEWIND_BAD_SOG, TRUEWIND_BAD_SOG, TRUEWIND_BAD_SOG, TRUEWIND_BAD_SOG, BAROMETER_BAD_RAW_PRESSURE, BAROMETER_BAD_RAW_PRESSURE, NODATA, NODATA, NODATA, NODATA, NODATA, NODATA, NODATA, SSV_BAD_TEMPERATURE, NODATA, NODATA, NODATA, NODATA, NODATA,2024/04/12 07:39:00,2024-04-12 07:39:00+00:00
2024/04/12, 07:40:00, NODATA, NODATA, NODATA, NODATA,, NODATA, NODATA, NODATA, NODATA, NODATA, NODATA, NODATA, NODATA, NODATA, NODATA, NODATA, NODATA, NODATA, NODATA, NODATA, TRUEWIND_BAD_SOG, TRUEWIND_BAD_SOG, TRUEWIND_BAD_SOG, TRUEWIND_BAD_SOG, BAROMETER_BAD_RAW_PRESSURE, BAROMETER_BAD_RAW_PRESSURE, NODATA, NODATA, NODATA, NODATA, NODATA, NODATA, NODATA, SSV_BAD_TEMPERATURE, NODATA, NODATA, NODATA, NODATA, NODATA,2024/04/12 07:40:00,2024-04-12 07:40:00+00:00
2024/04/12, 07:41:00, NODATA, NODATA, NODATA, NODATA,, NODATA, NODATA, NODATA, NODATA, NODATA, NODATA, NODATA, NODATA, NODATA, NODATA, NODATA, NODATA, NODATA, NODATA, NODATA, TRUEWIND_BAD_SOG, TRUEWIND_BAD_SOG, TRUEWIND_BAD_SOG, TRUEWIND_BAD_SOG, BAROMETER_BAD_RAW_PRESSURE, BAROMETER_BAD_RAW_PRESSURE, NODATA, NODATA, NODATA, NODATA, NODATA, NODATA, NODATA, SSV_BAD_TEMPERATURE, NODATA, NODATA, NODATA, NODATA, NODATA,2024/04/12 07:41:00,2024-04-12 07:41:00+00:00
2024/04/12, 07:42:00, NODATA, NODATA, NODATA, NODATA,, NODATA, NODATA, NODATA, NODATA, NODATA, NODATA, NODATA, NODATA, NODATA, NODATA, NODATA, NODATA, NODATA, NODATA, NODATA, TRUEWIND_BAD_SOG, TRUEWIND_BAD_SOG, TRUEWIND_BAD_SOG, TRUEWIND_BAD_SOG, BAROMETER_BAD_RAW_PRESSURE, BAROMETER_BAD_RAW_PRESSURE, NODATA, NODATA, NODATA, NODATA, NODATA, NODATA, NODATA, SSV_BAD_TEMPERATURE, NODATA, NODATA, NODATA, NODATA, NODATA,2024/04/12 07:42:00,2024-04-12 07:42:00+00:00
2024/04/12, 07:43:00, NODATA, NODATA, NODATA, NODATA,, NODATA, NODATA, NODATA, NODATA, NODATA, NODATA, NODATA, NODATA, NODATA, NODATA, NODATA, NODATA, NODATA, NODATA, NODATA, TRUEWIND_BAD_SOG, TRUEWIND_BAD_SOG, TRUEWIND_BAD_SOG, TRUEWIND_BAD_SOG, BAROMETER_BAD_RAW_PRESSURE, BAROMETER_BAD_RAW_PRESSURE, NODATA, NODATA, NODATA, NODATA, NODATA, NODATA, NODATA, SSV_BAD_TEMPERATURE, NODATA, NODATA, NODATA, NODATA, NODATA,2024/04/12 07:43:00,2024-04-12 07:43:00+00:00
2024/04/12, 07:44:00, NODATA, NODATA, NODATA, NODATA,, NODATA, NODATA, NODATA, NODATA, NODATA, NODATA, NODATA, NODATA, NODATA, NODATA, NODATA, NODATA, NODATA, NODATA, NODATA, TRUEWIND_BAD_SOG, TRUEWIND_BAD_SOG, TRUEWIND_BAD_SOG, TRUEWIND_BAD_SOG, BAROMETER_BAD_RAW_PRESSURE, BAROMETER_BAD_RAW_PRESSURE, NODATA, NODATA, NODATA, NODATA, NODATA, NODATA, NODATA, SSV_BAD_TEMPERATURE, NODATA, NODATA, NODATA, NODATA, NODATA,2024/04/12 07:44:00,2024-04-12 07:44:00+00:00
2024/04/12, 07:45:00, NODATA, NODATA, NODATA, NODATA,, NODATA, NODATA, NODATA, NODATA, NODATA, NODATA, NODATA, NODATA, NODATA, NODATA, NODATA, NODATA, NODATA, NODATA, NODATA, TRUEWIND_BAD_SOG, TRUEWIND_BAD_SOG, TRUEWIND_BAD_SOG, TRUEWIND_BAD_SOG, BAROMETER_BAD_RAW_PRESSURE, BAROMETER_BAD_RAW_PRESSURE, NODATA, NODATA, NODATA, NODATA, NODATA, NODATA, NODATA, SSV_BAD_TEMPERATURE, NODATA, NODATA, NODATA, NODATA, NODATA,2024/04/12 07:45:00,2024-04-12 07:45:00+00:00
2024/04/12, 07:46:00, NODATA, NODATA, NODATA, NODATA,, NODATA, NODATA, NODATA, NODATA, NODATA, NODATA, NODATA, NODATA, NODATA, NODATA, NODATA, NODATA, NODATA, NODATA, NODATA, TRUEWIND_BAD_SOG, TRUEWIND_BAD_SOG, TRUEWIND_BAD_SOG, TRUEWIND_BAD_SOG, BAROMETER_BAD_RAW_PRESSURE, BAROMETER_BAD_RAW_PRESSURE, NODATA, NODATA, NODATA, NODATA, NODATA, NODATA, NODATA, SSV_BAD_TEMPERATURE, NODATA, NODATA, NODATA, NODATA, NODATA,2024/04/12 07:46:00,2024-04-12 07:46:00+00:00
2024/04/12, 07:47:00, NODATA, NODATA, NODATA, NODATA,, NODATA, NODATA, NODATA, NODATA, NODATA, NODATA, NODATA, NODATA, NODATA, NODATA, NODATA, NODATA, NODATA, NODATA, NODATA, TRUEWIND_BAD_SOG, TRUEWIND_BAD_SOG, TRUEWIND_BAD_SOG, TRUEWIND_BAD_SOG, BAROMETER_BAD_RAW_PRESSURE, BAROMETER_BAD_RAW_PRESSURE, NODATA, NODATA, NODATA, NODATA, NODATA, NODATA, NODATA, SSV_BAD_TEMPERATURE, NODATA, NODATA, NODATA, NODATA, NODATA,2024/04/12 07:47:00,2024-04-12 07:47:00+00:00
2024/04/12, 07:48:00, NODATA, NODATA, NODATA, NODATA,, NODATA, NODATA, NODATA, NODATA, NODATA, NODATA, NODATA, NODATA, NODATA, NODATA, NODATA, NODATA, NODATA, NODATA, NODATA, TRUEWIND_BAD_SOG, TRUEWIND_BAD_SOG, TRUEWIND_BAD_SOG, TRUEWIND_BAD_SOG, BAROMETER_BAD_RAW_PRESSURE, BAROMETER_BAD_RAW_PRESSURE, NODATA, NODATA, NODATA, NODATA, NODATA, NODATA, NODATA, SSV_BAD_TEMPERATURE, NODATA, NODATA, NODATA, NODATA, NODATA,2024/04/12 07:48:00,2024-04-12 07:48:00+00:00
2024/04/12, 07:49:00, NODATA, NODATA, NODATA, NODATA,, NODATA, NODATA, NODATA, NODATA, NODATA, NODATA, NODATA, NODATA, NODATA, NODATA, NODATA, NODATA, NODATA, NODATA, NODATA, TRUEWIND_BAD_SOG, TRUEWIND_BAD_SOG, TRUEWIND_BAD_SOG, TRUEWIND_BAD_SOG, BAROMETER_BAD_RAW_PRESSURE, BAROMETER_BAD_RAW_PRESSURE, NODATA, NODATA, NODATA, NODATA, NODATA, NODATA, NODATA, SSV_BAD_TEMPERATURE, NODATA, NODATA, NODATA, NODATA, NODATA,2024/04/12 07:49:00,2024-04-12 07:49:00+00:00
2024/04/12, 07:50:00, NODATA, NODATA, NODATA, NODATA,, NODATA, NODATA, NODATA, NODATA, NODATA, NODATA, NODATA, NODATA, NODATA, NODATA, NODATA, NODATA, NODATA, NODATA, NODATA, TRUEWIND_BAD_SOG, TRUEWIND_BAD_SOG, TRUEWIND_BAD_SOG, TRUEWIND_BAD_SOG, BAROMETER_BAD_RAW_PRESSURE, BAROMETER_BAD_RAW_PRESSURE, NODATA, NODATA, NODATA, NODATA, NODATA, NODATA, NODATA, SSV_BAD_TEMPERATURE, NODATA, NODATA, NODATA, NODATA, NODATA,2024/04/12 07:50:00,2024-04-12 07:50:00+00:00
2024/04/12, 07:51:00, NODATA, NODATA, NODATA, NODATA,, NODATA, NODATA, NODATA, NODATA, NODATA, NODATA, NODATA, NODATA, NODATA, NODATA, NODATA, NODATA, NODATA, NODATA, NODATA, TRUEWIND_BAD_SOG, TRUEWIND_BAD_SOG, TRUEWIND_BAD_SOG, TRUEWIND_BAD_SOG, BAROMETER_BAD_RAW_PRESSURE, BAROMETER_BAD_RAW_PRESSURE, NODATA, NODATA, NODATA, NODATA, NODATA, NODATA, NODATA, SSV_BAD_TEMPERATURE, NODATA, NODATA, NODATA, NODATA, NODATA,2024/04/12 07:51:00,2024-04-12 07:51:00+00:00
2024/04/12, 07:52:00, NODATA, NODATA, NODATA, NODATA,, NODATA, NODATA, NODATA, NODATA, NODATA, NODATA, NODATA, NODATA, NODATA, NODATA, NODATA, NODATA, NODATA, NODATA, NODATA, TRUEWIND_BAD_SOG, TRUEWIND_BAD_SOG, TRUEWIND_BAD_SOG, TRUEWIND_BAD_SOG, BAROMETER_BAD_RAW_PRESSURE, BAROMETER_BAD_RAW_PRESSURE, NODATA, NODATA, NODATA, NODATA, NODATA, NODATA, NODATA, SSV_BAD_TEMPERATURE, NODATA, NODATA, NODATA, NODATA, NODATA,2024/04/12 07:52:00,2024-04-12 07:52:00+00:00
2024/04/12, 07:53:00, NODATA, NODATA, NODATA, NODATA,, NODATA, NODATA, NODATA, NODATA, NODATA, NODATA, NODATA, NODATA, NODATA, NODATA, NODATA, NODATA, NODATA, NODATA, NODATA, TRUEWIND_BAD_SOG, TRUEWIND_BAD_SOG, TRUEWIND_BAD_SOG, TRUEWIND_BAD_SOG, BAROMETER_BAD_RAW_PRESSURE, BAROMETER_BAD_RAW_PRESSURE, NODATA, NODATA, NODATA, NODATA, NODATA, NODATA, NODATA, SSV_BAD_TEMPERATURE, NODATA, NODATA, NODATA, NODATA, NODATA,2024/04/12 07:53:00,2024-04-12 07:53:00+00:00
2024/04/12, 07:54:00, NODATA, NODATA, NODATA, NODATA,, NODATA, NODATA, NODATA, NODATA, NODATA, NODATA, NODATA, NODATA, NODATA, NODATA, NODATA, NODATA, NODATA, NODATA, NODATA, TRUEWIND_BAD_SOG, TRUEWIND_BAD_SOG, TRUEWIND_BAD_SOG, TRUEWIND_BAD_SOG, BAROMETER_BAD_RAW_PRESSURE, BAROMETER_BAD_RAW_PRESSURE, NODATA, NODATA, NODATA, NODATA, NODATA, NODATA, NODATA, SSV_BAD_TEMPERATURE, NODATA, NODATA, NODATA, NODATA, NODATA,2024/04/12 07:54:00,2024-04-12 07:54:00+00:00
2024/04/12, 07:55:00, NODATA, NODATA, NODATA, NODATA,, NODATA, NODATA, NODATA, NODATA, NODATA, NODATA, NODATA, NODATA, NODATA, NODATA, NODATA, NODATA, NODATA, NODATA, NODATA, TRUEWIND_BAD_SOG, TRUEWIND_BAD_SOG, TRUEWIND_BAD_SOG, TRUEWIND_BAD_SOG, BAROMETER_BAD_RAW_PRESSURE, BAROMETER_BAD_RAW_PRESSURE, NODATA, NODATA, NODATA, NODATA, NODATA, NODATA, NODATA, SSV_BAD_TEMPERATURE, NODATA, NODATA, NODATA, NODATA, NODATA,2024/04/12 07:55:00,2024-04-12 07:55:00+00:00
2024/04/12, 07:56:00, NODATA, NODATA, NODATA, NODATA,, NODATA, NODATA, NODATA, NODATA, NODATA, NODATA, NODATA, NODATA, NODATA, NODATA, NODATA, NODATA, NODATA, NODATA, NODATA, TRUEWIND_BAD_SOG, TRUEWIND_BAD_SOG, TRUEWIND_BAD_SOG, TRUEWIND_BAD_SOG, BAROMETER_BAD_RAW_PRESSURE, BAROMETER_BAD_RAW_PRESSURE, NODATA, NODATA, NODATA, NODATA, NODATA, NODATA, NODATA, SSV_BAD_TEMPERATURE, NODATA, NODATA, NODATA, NODATA, NODATA,2024/04/12 07:56:00,2024-04-12 07:56:00+00:00
2024/04/12, 07:57:00, NODATA, NODATA, NODATA, NODATA,, NODATA, NODATA, NODATA, NODATA, NODATA, NODATA, NODATA, NODATA, NODATA, NODATA, NODATA, NODATA, NODATA, NODATA, NODATA, TRUEWIND_BAD_SOG, TRUEWIND_BAD_SOG, TRUEWIND_BAD_SOG, TRUEWIND_BAD_SOG, BAROMETER_BAD_RAW_PRESSURE, BAROMETER_BAD_RAW_PRESSURE, NODATA, NODATA, NODATA, NODATA, NODATA, NODATA, NODATA, SSV_BAD_TEMPERATURE, NODATA, NODATA, NODATA, NODATA, NODATA,2024/04/12 07:57:00,2024-04-12 07:57:00+00:00
2024/04/12, 07:58:00, NODATA, NODATA, NODATA, NODATA,, NODATA, NODATA, NODATA, NODATA, NODATA, NODATA, NODATA, NODATA, NODATA, NODATA, NODATA, NODATA, NODATA, NODATA, NODATA, TRUEWIND_BAD_SOG, TRUEWIND_BAD_SOG, TRUEWIND_BAD_SOG, TRUEWIND_BAD_SOG, BAROMETER_BAD_RAW_PRESSURE, BAROMETER_BAD_RAW_PRESSURE, NODATA, NODATA, NODATA, NODATA, NODATA, NODATA, NODATA, SSV_BAD_TEMPERATURE, NODATA, NODATA, NODATA, NODATA, NODATA,2024/04/12 07:58:00,2024-04-12 07:58:00+00:00
2024/04/12, 07:59:00, NODATA, NODATA, NODATA, NODATA,, NODATA, NODATA, NODATA, NODATA, NODATA, NODATA, NODATA, NODATA, NODATA, NODATA, NODATA, NODATA, NODATA, NODATA, NODATA, TRUEWIND_BAD_SOG, TRUEWIND_BAD_SOG, TRUEWIND_BAD_SOG, TRUEWIND_BAD_SOG, BAROMETER_BAD_RAW_PRESSURE, BAROMETER_BAD_RAW_PRESSURE, NODATA, NODATA, NODATA, NODATA, NODATA, NODATA, NODATA, SSV_BAD_TEMPERATURE, NODATA, NODATA, NODATA, NODATA, NODATA,2024/04/12 07:59:00,2024-04-12 07:59:00+00:00
2024/04/12, 08:00:00, NODATA, NODATA, NODATA, NODATA,, NODATA, NODATA, NODATA, NODATA, NODATA, NODATA, NODATA, NODATA, NODATA, NODATA, NODATA, NODATA, NODATA, NODATA, NODATA, TRUEWIND_BAD_SOG, TRUEWIND_BAD_SOG, TRUEWIND_BAD_SOG, TRUEWIND_BAD_SOG, BAROMETER_BAD_RAW_PRESSURE, BAROMETER_BAD_RAW_PRESSURE, NODATA, NODATA, NODATA, NODATA, NODATA, NODATA, NODATA, SSV_BAD_TEMPERATURE, NODATA, NODATA, NODATA, NODATA, NODATA,2024/04/12 08:00:00,2024-04-12 08:00:00+00:00
2024/04/12, 08:01:00, NODATA, NODATA, NODATA, NODATA,, NODATA, NODATA, NODATA, NODATA, NODATA, NODATA, NODATA, NODATA, NODATA, NODATA, NODATA, NODATA, NODATA, NODATA, NODATA, TRUEWIND_BAD_SOG, TRUEWIND_BAD_SOG, TRUEWIND_BAD_SOG, TRUEWIND_BAD_SOG, BAROMETER_BAD_RAW_PRESSURE, BAROMETER_BAD_RAW_PRESSURE, NODATA, NODATA, NODATA, NODATA, NODATA, NODATA, NODATA, SSV_BAD_TEMPERATURE, NODATA, NODATA, NODATA, NODATA, NODATA,2024/04/12 08:01:00,2024-04-12 08:01:00+00:00
2024/04/12, 08:02:00, NODATA, NODATA, NODATA, NODATA,, NODATA, NODATA, NODATA, NODATA, NODATA, NODATA, NODATA, NODATA, NODATA, NODATA, NODATA, NODATA, NODATA, NODATA, NODATA, TRUEWIND_BAD_SOG, TRUEWIND_BAD_SOG, TRUEWIND_BAD_SOG, TRUEWIND_BAD_SOG, BAROMETER_BAD_RAW_PRESSURE, BAROMETER_BAD_RAW_PRESSURE, NODATA, NODATA, NODATA, NODATA, NODATA, NODATA, NODATA, SSV_BAD_TEMPERATURE, NODATA, NODATA, NODATA, NODATA, NODATA,2024/04/12 08:02:00,2024-04-12 08:02:00+00:00
2024/04/12, 08:03:00, NODATA, NODATA, NODATA, NODATA,, NODATA, NODATA, NODATA, NODATA, NODATA, NODATA, NODATA, NODATA, NODATA, NODATA, NODATA, NODATA, NODATA, NODATA, NODATA, TRUEWIND_BAD_SOG, TRUEWIND_BAD_SOG, TRUEWIND_BAD_SOG, TRUEWIND_BAD_SOG, BAROMETER_BAD_RAW_PRESSURE, BAROMETER_BAD_RAW_PRESSURE, NODATA, NODATA, NODATA, NODATA, NODATA, NODATA, NODATA, SSV_BAD_TEMPERATURE, NODATA, NODATA, NODATA, NODATA, NODATA,2024/04/12 08:03:00,2024-04-12 08:03:00+00:00
2024/04/12, 08:04:00, NODATA, NODATA, NODATA, NODATA,, NODATA, NODATA, NODATA, NODATA, NODATA, NODATA, NODATA, NODATA, NODATA, NODATA, NODATA, NODATA, NODATA, NODATA, NODATA, TRUEWIND_BAD_SOG, TRUEWIND_BAD_SOG, TRUEWIND_BAD_SOG, TRUEWIND_BAD_SOG, BAROMETER_BAD_RAW_PRESSURE, BAROMETER_BAD_RAW_PRESSURE, NODATA, NODATA, NODATA, NODATA, NODATA, NODATA, NODATA, SSV_BAD_TEMPERATURE, NODATA, NODATA, NODATA, NODATA, NODATA,2024/04/12 08:04:00,2024-04-12 08:04:00+00:00
2024/04/12, 08:05:00, NODATA, NODATA, NODATA, NODATA,, NODATA, NODATA, NODATA, NODATA, NODATA, NODATA, NODATA, NODATA, NODATA, NODATA, NODATA, NODATA, NODATA, NODATA, NODATA, TRUEWIND_BAD_SOG, TRUEWIND_BAD_SOG, TRUEWIND_BAD_SOG, TRUEWIND_BAD_SOG, BAROMETER_BAD_RAW_PRESSURE, BAROMETER_BAD_RAW_PRESSURE, NODATA, NODATA, NODATA, NODATA, NODATA, NODATA, NODATA, SSV_BAD_TEMPERATURE, NODATA, NODATA, NODATA, NODATA, NODATA,2024/04/12 08:05:00,2024-04-12 08:05:00+00:00
2024/04/12, 08:06:00, NODATA, NODATA, NODATA, NODATA,, NODATA, NODATA, NODATA, NODATA, NODATA, NODATA, NODATA, NODATA, NODATA, NODATA, NODATA, NODATA, NODATA, NODATA, NODATA, TRUEWIND_BAD_SOG, TRUEWIND_BAD_SOG, TRUEWIND_BAD_SOG, TRUEWIND_BAD_SOG, BAROMETER_BAD_RAW_PRESSURE, BAROMETER_BAD_RAW_PRESSURE, NODATA, NODATA, NODATA, NODATA, NODATA, NODATA, NODATA, SSV_BAD_TEMPERATURE, NODATA, NODATA, NODATA, NODATA, NODATA,2024/04/12 08:06:00,2024-04-12 08:06:00+00:00
2024/04/12, 08:07:00, NODATA, NODATA, NODATA, NODATA,, NODATA, NODATA, NODATA, NODATA, NODATA, NODATA, NODATA, NODATA, NODATA, NODATA, NODATA, NODATA, NODATA, NODATA, NODATA, TRUEWIND_BAD_SOG, TRUEWIND_BAD_SOG, TRUEWIND_BAD_SOG, TRUEWIND_BAD_SOG, BAROMETER_BAD_RAW_PRESSURE, BAROMETER_BAD_RAW_PRESSURE, NODATA, NODATA, NODATA, NODATA, NODATA, NODATA, NODATA, SSV_BAD_TEMPERATURE, NODATA, NODATA, NODATA, NODATA, NODATA,2024/04/12 08:07:00,2024-04-12 08:07:00+00:00
2024/04/12, 08:08:00, NODATA, NODATA, NODATA, NODATA,, NODATA, NODATA, NODATA, NODATA, NODATA, NODATA, NODATA, NODATA, NODATA, NODATA, NODATA, NODATA, NODATA, NODATA, NODATA, TRUEWIND_BAD_SOG, TRUEWIND_BAD_SOG, TRUEWIND_BAD_SOG, TRUEWIND_BAD_SOG, BAROMETER_BAD_RAW_PRESSURE, BAROMETER_BAD_RAW_PRESSURE, NODATA, NODATA, NODATA, NODATA, NODATA, NODATA, NODATA, SSV_BAD_TEMPERATURE, NODATA, NODATA, NODATA, NODATA, NODATA,2024/04/12 08:08:00,2024-04-12 08:08:00+00:00
2024/04/12, 08:09:00, NODATA, NODATA, NODATA, NODATA,, NODATA, NODATA, NODATA, NODATA, NODATA, NODATA, NODATA, NODATA, NODATA, NODATA, NODATA, NODATA, NODATA, NODATA, NODATA, TRUEWIND_BAD_SOG, TRUEWIND_BAD_SOG, TRUEWIND_BAD_SOG, TRUEWIND_BAD_SOG, BAROMETER_BAD_RAW_PRESSURE, BAROMETER_BAD_RAW_PRESSURE, NODATA, NODATA, NODATA, NODATA, NODATA, NODATA, NODATA, SSV_BAD_TEMPERATURE, NODATA, NODATA, NODATA, NODATA, NODATA,2024/04/12 08:09:00,2024-04-12 08:09:00+00:00
2024/04/12, 08:10:00, NODATA, NODATA, NODATA, NODATA,, NODATA, NODATA, NODATA, NODATA, NODATA, NODATA, NODATA, NODATA, NODATA, NODATA, NODATA, NODATA, NODATA, NODATA, NODATA, TRUEWIND_BAD_SOG, TRUEWIND_BAD_SOG, TRUEWIND_BAD_SOG, TRUEWIND_BAD_SOG, BAROMETER_BAD_RAW_PRESSURE, BAROMETER_BAD_RAW_PRESSURE, NODATA, NODATA, NODATA, NODATA, NODATA, NODATA, NODATA, SSV_BAD_TEMPERATURE, NODATA, NODATA, NODATA, NODATA, NODATA,2024/04/12 08:10:00,2024-04-12 08:10:00+00:00
2024/04/12, 08:11:00, NODATA, NODATA, NODATA, NODATA,, NODATA, NODATA, NODATA, NODATA, NODATA, NODATA, NODATA, NODATA, NODATA, NODATA, NODATA, NODATA, NODATA, NODATA, NODATA, TRUEWIND_BAD_SOG, TRUEWIND_BAD_SOG, TRUEWIND_BAD_SOG, TRUEWIND_BAD_SOG, BAROMETER_BAD_RAW_PRESSURE, BAROMETER_BAD_RAW_PRESSURE, NODATA, NODATA, NODATA, NODATA, NODATA, NODATA, NODATA, SSV_BAD_TEMPERATURE, NODATA, NODATA, NODATA, NODATA, NODATA,2024/04/12 08:11:00,2024-04-12 08:11:00+00:00
2024/04/12, 08:12:00, NODATA, NODATA, NODATA, NODATA,, NODATA, NODATA, NODATA, NODATA, NODATA, NODATA, NODATA, NODATA, NODATA, NODATA, NODATA, NODATA, NODATA, NODATA, NODATA, TRUEWIND_BAD_SOG, TRUEWIND_BAD_SOG, TRUEWIND_BAD_SOG, TRUEWIND_BAD_SOG, BAROMETER_BAD_RAW_PRESSURE, BAROMETER_BAD_RAW_PRESSURE, NODATA, NODATA, NODATA, NODATA, NODATA, NODATA, NODATA, SSV_BAD_TEMPERATURE, NODATA, NODATA, NODATA, NODATA, NODATA,2024/04/12 08:12:00,2024-04-12 08:12:00+00:00
2024/04/12, 08:13:00, NODATA, NODATA, NODATA, NODATA,, NODATA, NODATA, NODATA, NODATA, NODATA, NODATA, NODATA, NODATA, NODATA, NODATA, NODATA, NODATA, NODATA, NODATA, NODATA, TRUEWIND_BAD_SOG, TRUEWIND_BAD_SOG, TRUEWIND_BAD_SOG, TRUEWIND_BAD_SOG, BAROMETER_BAD_RAW_PRESSURE, BAROMETER_BAD_RAW_PRESSURE, NODATA, NODATA, NODATA, NODATA, NODATA, NODATA, NODATA, SSV_BAD_TEMPERATURE, NODATA, NODATA, NODATA, NODATA, NODATA,2024/04/12 08:13:00,2024-04-12 08:13:00+00:00
2024/04/12, 08:14:00, NODATA, NODATA, NODATA, NODATA,, NODATA, NODATA, NODATA, NODATA, NODATA, NODATA, NODATA, NODATA, NODATA, NODATA, NODATA, NODATA, NODATA, NODATA, NODATA, TRUEWIND_BAD_SOG, TRUEWIND_BAD_SOG, TRUEWIND_BAD_SOG, TRUEWIND_BAD_SOG, BAROMETER_BAD_RAW_PRESSURE, BAROMETER_BAD_RAW_PRESSURE, NODATA, NODATA, NODATA, NODATA, NODATA, NODATA, NODATA, SSV_BAD_TEMPERATURE, NODATA, NODATA, NODATA, NODATA, NODATA,2024/04/12 08:14:00,2024-04-12 08:14:00+00:00
2024/04/12, 08:15:00, NODATA, NODATA, NODATA, NODATA,, NODATA, NODATA, NODATA, NODATA, NODATA, NODATA, NODATA, NODATA, NODATA, NODATA, NODATA, NODATA, NODATA, NODATA, NODATA, TRUEWIND_BAD_SOG, TRUEWIND_BAD_SOG, TRUEWIND_BAD_SOG, TRUEWIND_BAD_SOG, BAROMETER_BAD_RAW_PRESSURE, BAROMETER_BAD_RAW_PRESSURE, NODATA, NODATA, NODATA, NODATA, NODATA, NODATA, NODATA, SSV_BAD_TEMPERATURE, NODATA, NODATA, NODATA, NODATA, NODATA,2024/04/12 08:15:00,2024-04-12 08:15:00+00:00
2024/04/12, 08:16:00, NODATA, NODATA, NODATA, NODATA,, NODATA, NODATA, NODATA, NODATA, NODATA, NODATA, NODATA, NODATA, NODATA, NODATA, NODATA, NODATA, NODATA, NODATA, NODATA, TRUEWIND_BAD_SOG, TRUEWIND_BAD_SOG, TRUEWIND_BAD_SOG, TRUEWIND_BAD_SOG, BAROMETER_BAD_RAW_PRESSURE, BAROMETER_BAD_RAW_PRESSURE, NODATA, NODATA, NODATA, NODATA, NODATA, NODATA, NODATA, SSV_BAD_TEMPERATURE, NODATA, NODATA, NODATA, NODATA, NODATA,2024/04/12 08:16:00,2024-04-12 08:16:00+00:00
2024/04/12, 08:17:00, NODATA, NODATA, NODATA, NODATA,, NODATA, NODATA, NODATA, NODATA, NODATA, NODATA, NODATA, NODATA, NODATA, NODATA, NODATA, NODATA, NODATA, NODATA, NODATA, TRUEWIND_BAD_SOG, TRUEWIND_BAD_SOG, TRUEWIND_BAD_SOG, TRUEWIND_BAD_SOG, BAROMETER_BAD_RAW_PRESSURE, BAROMETER_BAD_RAW_PRESSURE, NODATA, NODATA, NODATA, NODATA, NODATA, NODATA, NODATA, SSV_BAD_TEMPERATURE, NODATA, NODATA, NODATA, NODATA, NODATA,2024/04/12 08:17:00,2024-04-12 08:17:00+00:00
2024/04/12, 08:18:00, NODATA, NODATA, NODATA, NODATA,, NODATA, NODATA, NODATA, NODATA, NODATA, NODATA, NODATA, NODATA, NODATA, NODATA, NODATA, NODATA, NODATA, NODATA, NODATA, TRUEWIND_BAD_SOG, TRUEWIND_BAD_SOG, TRUEWIND_BAD_SOG, TRUEWIND_BAD_SOG, BAROMETER_BAD_RAW_PRESSURE, BAROMETER_BAD_RAW_PRESSURE, NODATA, NODATA, NODATA, NODATA, NODATA, NODATA, NODATA, SSV_BAD_TEMPERATURE, NODATA, NODATA, NODATA, NODATA, NODATA,2024/04/12 08:18:00,2024-04-12 08:18:00+00:00
2024/04/12, 08:19:00, NODATA, NODATA, NODATA, NODATA,, NODATA, NODATA, NODATA, NODATA, NODATA, NODATA, NODATA, NODATA, NODATA, NODATA, NODATA, NODATA, NODATA, NODATA, NODATA, TRUEWIND_BAD_SOG, TRUEWIND_BAD_SOG, TRUEWIND_BAD_SOG, TRUEWIND_BAD_SOG, BAROMETER_BAD_RAW_PRESSURE, BAROMETER_BAD_RAW_PRESSURE, NODATA, NODATA, NODATA, NODATA, NODATA, NODATA, NODATA, SSV_BAD_TEMPERATURE, NODATA, NODATA, NODATA, NODATA, NODATA,2024/04/12 08:19:00,2024-04-12 08:19:00+00:00
2024/04/12, 08:20:00, NODATA, NODATA, NODATA, NODATA,, NODATA, NODATA, NODATA, NODATA, NODATA, NODATA, NODATA, NODATA, NODATA, NODATA, NODATA, NODATA, NODATA, NODATA, NODATA, TRUEWIND_BAD_SOG, TRUEWIND_BAD_SOG, TRUEWIND_BAD_SOG, TRUEWIND_BAD_SOG, BAROMETER_BAD_RAW_PRESSURE, BAROMETER_BAD_RAW_PRESSURE, NODATA, NODATA, NODATA, NODATA, NODATA, NODATA, NODATA, SSV_BAD_TEMPERATURE, NODATA, NODATA, NODATA, NODATA, NODATA,2024/04/12 08:20:00,2024-04-12 08:20:00+00:00
2024/04/12, 08:21:00, NODATA, NODATA, NODATA, NODATA,, NODATA, NODATA, NODATA, NODATA, NODATA, NODATA, NODATA, NODATA, NODATA, NODATA, NODATA, NODATA, NODATA, NODATA, NODATA, TRUEWIND_BAD_SOG, TRUEWIND_BAD_SOG, TRUEWIND_BAD_SOG, TRUEWIND_BAD_SOG, BAROMETER_BAD_RAW_PRESSURE, BAROMETER_BAD_RAW_PRESSURE, NODATA, NODATA, NODATA, NODATA, NODATA, NODATA, NODATA, SSV_BAD_TEMPERATURE, NODATA, NODATA, NODATA, NODATA, NODATA,2024/04/12 08:21:00,2024-04-12 08:21:00+00:00
2024/04/12, 08:22:00, NODATA, NODATA, NODATA, NODATA,, NODATA, NODATA, NODATA, NODATA, NODATA, NODATA, NODATA, NODATA, NODATA, NODATA, NODATA, NODATA, NODATA, NODATA, NODATA, TRUEWIND_BAD_SOG, TRUEWIND_BAD_SOG, TRUEWIND_BAD_SOG, TRUEWIND_BAD_SOG, BAROMETER_BAD_RAW_PRESSURE, BAROMETER_BAD_RAW_PRESSURE, NODATA, NODATA, NODATA, NODATA, NODATA, NODATA, NODATA, SSV_BAD_TEMPERATURE, NODATA, NODATA, NODATA, NODATA, NODATA,2024/04/12 08:22:00,2024-04-12 08:22:00+00:00
2024/04/12, 08:23:00, NODATA, NODATA, NODATA, NODATA,, NODATA, NODATA, NODATA, NODATA, NODATA, NODATA, NODATA, NODATA, NODATA, NODATA, NODATA, NODATA, NODATA, NODATA, NODATA, TRUEWIND_BAD_SOG, TRUEWIND_BAD_SOG, TRUEWIND_BAD_SOG, TRUEWIND_BAD_SOG, BAROMETER_BAD_RAW_PRESSURE, BAROMETER_BAD_RAW_PRESSURE, NODATA, NODATA, NODATA, NODATA, NODATA, NODATA, NODATA, SSV_BAD_TEMPERATURE, NODATA, NODATA, NODATA, NODATA, NODATA,2024/04/12 08:23:00,2024-04-12 08:23:00+00:00
2024/04/12, 08:24:00, NODATA, NODATA, NODATA, NODATA,, NODATA, NODATA, NODATA, NODATA, NODATA, NODATA, NODATA, NODATA, NODATA, NODATA, NODATA, NODATA, NODATA, NODATA, NODATA, TRUEWIND_BAD_SOG, TRUEWIND_BAD_SOG, TRUEWIND_BAD_SOG, TRUEWIND_BAD_SOG, BAROMETER_BAD_RAW_PRESSURE, BAROMETER_BAD_RAW_PRESSURE, NODATA, NODATA, NODATA, NODATA, NODATA, NODATA, NODATA, SSV_BAD_TEMPERATURE, NODATA, NODATA, NODATA, NODATA, NODATA,2024/04/12 08:24:00,2024-04-12 08:24:00+00:00
2024/04/12, 08:25:00, NODATA, NODATA, NODATA, NODATA,, NODATA, NODATA, NODATA, NODATA, NODATA, NODATA, NODATA, NODATA, NODATA, NODATA, NODATA, NODATA, NODATA, NODATA, NODATA, TRUEWIND_BAD_SOG, TRUEWIND_BAD_SOG, TRUEWIND_BAD_SOG, TRUEWIND_BAD_SOG, BAROMETER_BAD_RAW_PRESSURE, BAROMETER_BAD_RAW_PRESSURE, NODATA, NODATA, NODATA, NODATA, NODATA, NODATA, NODATA, SSV_BAD_TEMPERATURE, NODATA, NODATA, NODATA, NODATA, NODATA,2024/04/12 08:25:00,2024-04-12 08:25:00+00:00
2024/04/12, 08:26:00, NODATA, NODATA, NODATA, NODATA,, NODATA, NODATA, NODATA, NODATA, NODATA, NODATA, NODATA, NODATA, NODATA, NODATA, NODATA, NODATA, NODATA, NODATA, NODATA, TRUEWIND_BAD_SOG, TRUEWIND_BAD_SOG, TRUEWIND_BAD_SOG, TRUEWIND_BAD_SOG, BAROMETER_BAD_RAW_PRESSURE, BAROMETER_BAD_RAW_PRESSURE, NODATA, NODATA, NODATA, NODATA, NODATA, NODATA, NODATA, SSV_BAD_TEMPERATURE, NODATA, NODATA, NODATA, NODATA, NODATA,2024/04/12 08:26:00,2024-04-12 08:26:00+00:00
2024/04/12, 08:27:00, NODATA, NODATA, NODATA, NODATA,, NODATA, NODATA, NODATA, NODATA, NODATA, NODATA, NODATA, NODATA, NODATA, NODATA, NODATA, NODATA, NODATA, NODATA, NODATA, TRUEWIND_BAD_SOG, TRUEWIND_BAD_SOG, TRUEWIND_BAD_SOG, TRUEWIND_BAD_SOG, BAROMETER_BAD_RAW_PRESSURE, BAROMETER_BAD_RAW_PRESSURE, NODATA, NODATA, NODATA, NODATA, NODATA, NODATA, NODATA, SSV_BAD_TEMPERATURE, NODATA, NODATA, NODATA, NODATA, NODATA,2024/04/12 08:27:00,2024-04-12 08:27:00+00:00
2024/04/12, 08:28:00, NODATA, NODATA, NODATA, NODATA,, NODATA, NODATA, NODATA, NODATA, NODATA, NODATA, NODATA, NODATA, NODATA, NODATA, NODATA, NODATA, NODATA, NODATA, NODATA, TRUEWIND_BAD_SOG, TRUEWIND_BAD_SOG, TRUEWIND_BAD_SOG, TRUEWIND_BAD_SOG, BAROMETER_BAD_RAW_PRESSURE, BAROMETER_BAD_RAW_PRESSURE, NODATA, NODATA, NODATA, NODATA, NODATA, NODATA, NODATA, SSV_BAD_TEMPERATURE, NODATA, NODATA, NODATA, NODATA, NODATA,2024/04/12 08:28:00,2024-04-12 08:28:00+00:00
2024/04/12, 08:29:00, NODATA, NODATA, NODATA, NODATA,, NODATA, NODATA, NODATA, NODATA, NODATA, NODATA, NODATA, NODATA, NODATA, NODATA, NODATA, NODATA, NODATA, NODATA, NODATA, TRUEWIND_BAD_SOG, TRUEWIND_BAD_SOG, TRUEWIND_BAD_SOG, TRUEWIND_BAD_SOG, BAROMETER_BAD_RAW_PRESSURE, BAROMETER_BAD_RAW_PRESSURE, NODATA, NODATA, NODATA, NODATA, NODATA, NODATA, NODATA, SSV_BAD_TEMPERATURE, NODATA, NODATA, NODATA, NODATA, NODATA,2024/04/12 08:29:00,2024-04-12 08:29:00+00:00
2024/04/12, 08:30:00, NODATA, NODATA, NODATA, NODATA,, NODATA, NODATA, NODATA, NODATA, NODATA, NODATA, NODATA, NODATA, NODATA, NODATA, NODATA, NODATA, NODATA, NODATA, NODATA, TRUEWIND_BAD_SOG, TRUEWIND_BAD_SOG, TRUEWIND_BAD_SOG, TRUEWIND_BAD_SOG, BAROMETER_BAD_RAW_PRESSURE, BAROMETER_BAD_RAW_PRESSURE, NODATA, NODATA, NODATA, NODATA, NODATA, NODATA, NODATA, SSV_BAD_TEMPERATURE, NODATA, NODATA, NODATA, NODATA, NODATA,2024/04/12 08:30:00,2024-04-12 08:30:00+00:00
2024/04/12, 08:31:00, NODATA, NODATA, NODATA, NODATA,, NODATA, NODATA, NODATA, NODATA, NODATA, NODATA, NODATA, NODATA, NODATA, NODATA, NODATA, NODATA, NODATA, NODATA, NODATA, TRUEWIND_BAD_SOG, TRUEWIND_BAD_SOG, TRUEWIND_BAD_SOG, TRUEWIND_BAD_SOG, BAROMETER_BAD_RAW_PRESSURE, BAROMETER_BAD_RAW_PRESSURE, NODATA, NODATA, NODATA, NODATA, NODATA, NODATA, NODATA, SSV_BAD_TEMPERATURE, NODATA, NODATA, NODATA, NODATA, NODATA,2024/04/12 08:31:00,2024-04-12 08:31:00+00:00
2024/04/12, 08:32:00, NODATA, NODATA, NODATA, NODATA,, NODATA, NODATA, NODATA, NODATA, NODATA, NODATA, NODATA, NODATA, NODATA, NODATA, NODATA, NODATA, NODATA, NODATA, NODATA, TRUEWIND_BAD_SOG, TRUEWIND_BAD_SOG, TRUEWIND_BAD_SOG, TRUEWIND_BAD_SOG, BAROMETER_BAD_RAW_PRESSURE, BAROMETER_BAD_RAW_PRESSURE, NODATA, NODATA, NODATA, NODATA, NODATA, NODATA, NODATA, SSV_BAD_TEMPERATURE, NODATA, NODATA, NODATA, NODATA, NODATA,2024/04/12 08:32:00,2024-04-12 08:32:00+00:00
2024/04/12, 08:33:00, NODATA, NODATA, NODATA, NODATA,, NODATA, NODATA, NODATA, NODATA, NODATA, NODATA, NODATA, NODATA, NODATA, NODATA, NODATA, NODATA, NODATA, NODATA, NODATA, TRUEWIND_BAD_SOG, TRUEWIND_BAD_SOG, TRUEWIND_BAD_SOG, TRUEWIND_BAD_SOG, BAROMETER_BAD_RAW_PRESSURE, BAROMETER_BAD_RAW_PRESSURE, NODATA, NODATA, NODATA, NODATA, NODATA, NODATA, NODATA, SSV_BAD_TEMPERATURE, NODATA, NODATA, NODATA, NODATA, NODATA,2024/04/12 08:33:00,2024-04-12 08:33:00+00:00
2024/04/12, 08:34:00, NODATA, NODATA, NODATA, NODATA,, NODATA, NODATA, NODATA, NODATA, NODATA, NODATA, NODATA, NODATA, NODATA, NODATA, NODATA, NODATA, NODATA, NODATA, NODATA, TRUEWIND_BAD_SOG, TRUEWIND_BAD_SOG, TRUEWIND_BAD_SOG, TRUEWIND_BAD_SOG, BAROMETER_BAD_RAW_PRESSURE, BAROMETER_BAD_RAW_PRESSURE, NODATA, NODATA, NODATA, NODATA, NODATA, NODATA, NODATA, SSV_BAD_TEMPERATURE, NODATA, NODATA, NODATA, NODATA, NODATA,2024/04/12 08:34:00,2024-04-12 08:34:00+00:00
2024/04/12, 08:35:00, NODATA, NODATA, NODATA, NODATA,, NODATA, NODATA, NODATA, NODATA, NODATA, NODATA, NODATA, NODATA, NODATA, NODATA, NODATA, NODATA, NODATA, NODATA, NODATA, TRUEWIND_BAD_SOG, TRUEWIND_BAD_SOG, TRUEWIND_BAD_SOG, TRUEWIND_BAD_SOG, BAROMETER_BAD_RAW_PRESSURE, BAROMETER_BAD_RAW_PRESSURE, NODATA, NODATA, NODATA, NODATA, NODATA, NODATA, NODATA, SSV_BAD_TEMPERATURE, NODATA, NODATA, NODATA, NODATA, NODATA,2024/04/12 08:35:00,2024-04-12 08:35:00+00:00
2024/04/12, 08:36:00, NODATA, NODATA, NODATA, NODATA,, NODATA, NODATA, NODATA, NODATA, NODATA, NODATA, NODATA, NODATA, NODATA, NODATA, NODATA, NODATA, NODATA, NODATA, NODATA, TRUEWIND_BAD_SOG, TRUEWIND_BAD_SOG, TRUEWIND_BAD_SOG, TRUEWIND_BAD_SOG, BAROMETER_BAD_RAW_PRESSURE, BAROMETER_BAD_RAW_PRESSURE, NODATA, NODATA, NODATA, NODATA, NODATA, NODATA, NODATA, SSV_BAD_TEMPERATURE, NODATA, NODATA, NODATA, NODATA, NODATA,2024/04/12 08:36:00,2024-04-12 08:36:00+00:00
2024/04/12, 08:37:00, NODATA, NODATA, NODATA, NODATA,, NODATA, NODATA, NODATA, NODATA, NODATA, NODATA, NODATA, NODATA, NODATA, NODATA, NODATA, NODATA, NODATA, NODATA, NODATA, TRUEWIND_BAD_SOG, TRUEWIND_BAD_SOG, TRUEWIND_BAD_SOG, TRUEWIND_BAD_SOG, BAROMETER_BAD_RAW_PRESSURE, BAROMETER_BAD_RAW_PRESSURE, NODATA, NODATA, NODATA, NODATA, NODATA, NODATA, NODATA, SSV_BAD_TEMPERATURE, NODATA, NODATA, NODATA, NODATA, NODATA,2024/04/12 08:37:00,2024-04-12 08:37:00+00:00
2024/04/12, 08:38:00, NODATA, NODATA, NODATA, NODATA,, NODATA, NODATA, NODATA, NODATA, NODATA, NODATA, NODATA, NODATA, NODATA, NODATA, NODATA, NODATA, NODATA, NODATA, NODATA, TRUEWIND_BAD_SOG, TRUEWIND_BAD_SOG, TRUEWIND_BAD_SOG, TRUEWIND_BAD_SOG, BAROMETER_BAD_RAW_PRESSURE, BAROMETER_BAD_RAW_PRESSURE, NODATA, NODATA, NODATA, NODATA, NODATA, NODATA, NODATA, SSV_BAD_TEMPERATURE, NODATA, NODATA, NODATA, NODATA, NODATA,2024/04/12 08:38:00,2024-04-12 08:38:00+00:00
2024/04/12, 08:39:00, NODATA, NODATA, NODATA, NODATA,, NODATA, NODATA, NODATA, NODATA, NODATA, NODATA, NODATA, NODATA, NODATA, NODATA, NODATA, NODATA, NODATA, NODATA, NODATA, TRUEWIND_BAD_SOG, TRUEWIND_BAD_SOG, TRUEWIND_BAD_SOG, TRUEWIND_BAD_SOG, BAROMETER_BAD_RAW_PRESSURE, BAROMETER_BAD_RAW_PRESSURE, NODATA, NODATA, NODATA, NODATA, NODATA, NODATA, NODATA, SSV_BAD_TEMPERATURE, NODATA, NODATA, NODATA, NODATA, NODATA,2024/04/12 08:39:00,2024-04-12 08:39:00+00:00
2024/04/12, 08:40:00, NODATA, NODATA, NODATA, NODATA,, NODATA, NODATA, NODATA, NODATA, NODATA, NODATA, NODATA, NODATA, NODATA, NODATA, NODATA, NODATA, NODATA, NODATA, NODATA, TRUEWIND_BAD_SOG, TRUEWIND_BAD_SOG, TRUEWIND_BAD_SOG, TRUEWIND_BAD_SOG, BAROMETER_BAD_RAW_PRESSURE, BAROMETER_BAD_RAW_PRESSURE, NODATA, NODATA, NODATA, NODATA, NODATA, NODATA, NODATA, SSV_BAD_TEMPERATURE, NODATA, NODATA, NODATA, NODATA, NODATA,2024/04/12 08:40:00,2024-04-12 08:40:00+00:00
2024/04/12, 08:41:00, NODATA, NODATA, NODATA, NODATA,, NODATA, NODATA, NODATA, NODATA, NODATA, NODATA, NODATA, NODATA, NODATA, NODATA, NODATA, NODATA, NODATA, NODATA, NODATA, TRUEWIND_BAD_SOG, TRUEWIND_BAD_SOG, TRUEWIND_BAD_SOG, TRUEWIND_BAD_SOG, BAROMETER_BAD_RAW_PRESSURE, BAROMETER_BAD_RAW_PRESSURE, NODATA, NODATA, NODATA, NODATA, NODATA, NODATA, NODATA, SSV_BAD_TEMPERATURE, NODATA, NODATA, NODATA, NODATA, NODATA,2024/04/12 08:41:00,2024-04-12 08:41:00+00:00
2024/04/12, 08:42:00, NODATA, NODATA, NODATA, NODATA,, NODATA, NODATA, NODATA, NODATA, NODATA, NODATA, NODATA, NODATA, NODATA, NODATA, NODATA, NODATA, NODATA, NODATA, NODATA, TRUEWIND_BAD_SOG, TRUEWIND_BAD_SOG, TRUEWIND_BAD_SOG, TRUEWIND_BAD_SOG, BAROMETER_BAD_RAW_PRESSURE, BAROMETER_BAD_RAW_PRESSURE, NODATA, NODATA, NODATA, NODATA, NODATA, NODATA, NODATA, SSV_BAD_TEMPERATURE, NODATA, NODATA, NODATA, NODATA, NODATA,2024/04/12 08:42:00,2024-04-12 08:42:00+00:00
2024/04/12, 08:43:00, NODATA, NODATA, NODATA, NODATA,, NODATA, NODATA, NODATA, NODATA, NODATA, NODATA, NODATA, NODATA, NODATA, NODATA, NODATA, NODATA, NODATA, NODATA, NODATA, TRUEWIND_BAD_SOG, TRUEWIND_BAD_SOG, TRUEWIND_BAD_SOG, TRUEWIND_BAD_SOG, BAROMETER_BAD_RAW_PRESSURE, BAROMETER_BAD_RAW_PRESSURE, NODATA, NODATA, NODATA, NODATA, NODATA, NODATA, NODATA, SSV_BAD_TEMPERATURE, NODATA, NODATA, NODATA, NODATA, NODATA,2024/04/12 08:43:00,2024-04-12 08:43:00+00:00
2024/04/12, 08:44:00, NODATA, NODATA, NODATA, NODATA,, NODATA, NODATA, NODATA, NODATA, NODATA, NODATA, NODATA, NODATA, NODATA, NODATA, NODATA, NODATA, NODATA, NODATA, NODATA, TRUEWIND_BAD_SOG, TRUEWIND_BAD_SOG, TRUEWIND_BAD_SOG, TRUEWIND_BAD_SOG, BAROMETER_BAD_RAW_PRESSURE, BAROMETER_BAD_RAW_PRESSURE, NODATA, NODATA, NODATA, NODATA, NODATA, NODATA, NODATA, SSV_BAD_TEMPERATURE, NODATA, NODATA, NODATA, NODATA, NODATA,2024/04/12 08:44:00,2024-04-12 08:44:00+00:00
2024/04/12, 08:45:00, NODATA, NODATA, NODATA, NODATA,, NODATA, NODATA, NODATA, NODATA, NODATA, NODATA, NODATA, NODATA, NODATA, NODATA, NODATA, NODATA, NODATA, NODATA, NODATA, TRUEWIND_BAD_SOG, TRUEWIND_BAD_SOG, TRUEWIND_BAD_SOG, TRUEWIND_BAD_SOG, BAROMETER_BAD_RAW_PRESSURE, BAROMETER_BAD_RAW_PRESSURE, NODATA, NODATA, NODATA, NODATA, NODATA, NODATA, NODATA, SSV_BAD_TEMPERATURE, NODATA, NODATA, NODATA, NODATA, NODATA,2024/04/12 08:45:00,2024-04-12 08:45:00+00:00
2024/04/12, 08:46:00, NODATA, NODATA, NODATA, NODATA,, NODATA, NODATA, NODATA, NODATA, NODATA, NODATA, NODATA, NODATA, NODATA, NODATA, NODATA, NODATA, NODATA, NODATA, NODATA, TRUEWIND_BAD_SOG, TRUEWIND_BAD_SOG, TRUEWIND_BAD_SOG, TRUEWIND_BAD_SOG, BAROMETER_BAD_RAW_PRESSURE, BAROMETER_BAD_RAW_PRESSURE, NODATA, NODATA, NODATA, NODATA, NODATA, NODATA, NODATA, SSV_BAD_TEMPERATURE, NODATA, NODATA, NODATA, NODATA, NODATA,2024/04/12 08:46:00,2024-04-12 08:46:00+00:00
2024/04/12, 08:47:00, NODATA, NODATA, NODATA, NODATA,, NODATA, NODATA, NODATA, NODATA, NODATA, NODATA, NODATA, NODATA, NODATA, NODATA, NODATA, NODATA, NODATA, NODATA, NODATA, TRUEWIND_BAD_SOG, TRUEWIND_BAD_SOG, TRUEWIND_BAD_SOG, TRUEWIND_BAD_SOG, BAROMETER_BAD_RAW_PRESSURE, BAROMETER_BAD_RAW_PRESSURE, NODATA, NODATA, NODATA, NODATA, NODATA, NODATA, NODATA, SSV_BAD_TEMPERATURE, NODATA, NODATA, NODATA, NODATA, NODATA,2024/04/12 08:47:00,2024-04-12 08:47:00+00:00
2024/04/12, 08:48:00, NODATA, NODATA, NODATA, NODATA,, NODATA, NODATA, NODATA, NODATA, NODATA, NODATA, NODATA, NODATA, NODATA, NODATA, NODATA, NODATA, NODATA, NODATA, NODATA, TRUEWIND_BAD_SOG, TRUEWIND_BAD_SOG, TRUEWIND_BAD_SOG, TRUEWIND_BAD_SOG, BAROMETER_BAD_RAW_PRESSURE, BAROMETER_BAD_RAW_PRESSURE, NODATA, NODATA, NODATA, NODATA, NODATA, NODATA, NODATA, SSV_BAD_TEMPERATURE, NODATA, NODATA, NODATA, NODATA, NODATA,2024/04/12 08:48:00,2024-04-12 08:48:00+00:00
2024/04/12, 08:49:00, NODATA, NODATA, NODATA, NODATA,, NODATA, NODATA, NODATA, NODATA, NODATA, NODATA, NODATA, NODATA, NODATA, NODATA, NODATA, NODATA, NODATA, NODATA, NODATA, TRUEWIND_BAD_SOG, TRUEWIND_BAD_SOG, TRUEWIND_BAD_SOG, TRUEWIND_BAD_SOG, BAROMETER_BAD_RAW_PRESSURE, BAROMETER_BAD_RAW_PRESSURE, NODATA, NODATA, NODATA, NODATA, NODATA, NODATA, NODATA, SSV_BAD_TEMPERATURE, NODATA, NODATA, NODATA, NODATA, NODATA,2024/04/12 08:49:00,2024-04-12 08:49:00+00:00
2024/04/12, 08:50:00, NODATA, NODATA, NODATA, NODATA,, NODATA, NODATA, NODATA, NODATA, NODATA, NODATA, NODATA, NODATA, NODATA, NODATA, NODATA, NODATA, NODATA, NODATA, NODATA, TRUEWIND_BAD_SOG, TRUEWIND_BAD_SOG, TRUEWIND_BAD_SOG, TRUEWIND_BAD_SOG, BAROMETER_BAD_RAW_PRESSURE, BAROMETER_BAD_RAW_PRESSURE, NODATA, NODATA, NODATA, NODATA, NODATA, NODATA, NODATA, SSV_BAD_TEMPERATURE, NODATA, NODATA, NODATA, NODATA, NODATA,2024/04/12 08:50:00,2024-04-12 08:50:00+00:00
2024/04/12, 08:51:00, NODATA, NODATA, NODATA, NODATA,, NODATA, NODATA, NODATA, NODATA, NODATA, NODATA, NODATA, NODATA, NODATA, NODATA, NODATA, NODATA, NODATA, NODATA, NODATA, TRUEWIND_BAD_SOG, TRUEWIND_BAD_SOG, TRUEWIND_BAD_SOG, TRUEWIND_BAD_SOG, BAROMETER_BAD_RAW_PRESSURE, BAROMETER_BAD_RAW_PRESSURE, NODATA, NODATA, NODATA, NODATA, NODATA, NODATA, NODATA, SSV_BAD_TEMPERATURE, NODATA, NODATA, NODATA, NODATA, NODATA,2024/04/12 08:51:00,2024-04-12 08:51:00+00:00
2024/04/12, 08:52:00, NODATA, NODATA, NODATA, NODATA,, NODATA, NODATA, NODATA, NODATA, NODATA, NODATA, NODATA, NODATA, NODATA, NODATA, NODATA, NODATA, NODATA, NODATA, NODATA, TRUEWIND_BAD_SOG, TRUEWIND_BAD_SOG, TRUEWIND_BAD_SOG, TRUEWIND_BAD_SOG, BAROMETER_BAD_RAW_PRESSURE, BAROMETER_BAD_RAW_PRESSURE, NODATA, NODATA, NODATA, NODATA, NODATA, NODATA, NODATA, SSV_BAD_TEMPERATURE, NODATA, NODATA, NODATA, NODATA, NODATA,2024/04/12 08:52:00,2024-04-12 08:52:00+00:00
2024/04/12, 08:53:00, NODATA, NODATA, NODATA, NODATA,, NODATA, NODATA, NODATA, NODATA, NODATA, NODATA, NODATA, NODATA, NODATA, NODATA, NODATA, NODATA, NODATA, NODATA, NODATA, TRUEWIND_BAD_SOG, TRUEWIND_BAD_SOG, TRUEWIND_BAD_SOG, TRUEWIND_BAD_SOG, BAROMETER_BAD_RAW_PRESSURE, BAROMETER_BAD_RAW_PRESSURE, NODATA, NODATA, NODATA, NODATA, NODATA, NODATA, NODATA, SSV_BAD_TEMPERATURE, NODATA, NODATA, NODATA, NODATA, NODATA,2024/04/12 08:53:00,2024-04-12 08:53:00+00:00
2024/04/12, 08:54:00, NODATA, NODATA, NODATA, NODATA,, NODATA, NODATA, NODATA, NODATA, NODATA, NODATA, NODATA, NODATA, NODATA, NODATA, NODATA, NODATA, NODATA, NODATA, NODATA, TRUEWIND_BAD_SOG, TRUEWIND_BAD_SOG, TRUEWIND_BAD_SOG, TRUEWIND_BAD_SOG, BAROMETER_BAD_RAW_PRESSURE, BAROMETER_BAD_RAW_PRESSURE, NODATA, NODATA, NODATA, NODATA, NODATA, NODATA, NODATA, SSV_BAD_TEMPERATURE, NODATA, NODATA, NODATA, NODATA, NODATA,2024/04/12 08:54:00,2024-04-12 08:54:00+00:00
2024/04/12, 08:55:00, NODATA, NODATA, NODATA, NODATA,, NODATA, NODATA, NODATA, NODATA, NODATA, NODATA, NODATA, NODATA, NODATA, NODATA, NODATA, NODATA, NODATA, NODATA, NODATA, TRUEWIND_BAD_SOG, TRUEWIND_BAD_SOG, TRUEWIND_BAD_SOG, TRUEWIND_BAD_SOG, BAROMETER_BAD_RAW_PRESSURE, BAROMETER_BAD_RAW_PRESSURE, NODATA, NODATA, NODATA, NODATA, NODATA, NODATA, NODATA, SSV_BAD_TEMPERATURE, NODATA, NODATA, NODATA, NODATA, NODATA,2024/04/12 08:55:00,2024-04-12 08:55:00+00:00
2024/04/12, 08:56:00, NODATA, NODATA, NODATA, NODATA,, NODATA, NODATA, NODATA, NODATA, NODATA, NODATA, NODATA, NODATA, NODATA, NODATA, NODATA, NODATA, NODATA, NODATA, NODATA, TRUEWIND_BAD_SOG, TRUEWIND_BAD_SOG, TRUEWIND_BAD_SOG, TRUEWIND_BAD_SOG, BAROMETER_BAD_RAW_PRESSURE, BAROMETER_BAD_RAW_PRESSURE, NODATA, NODATA, NODATA, NODATA, NODATA, NODATA, NODATA, SSV_BAD_TEMPERATURE, NODATA, NODATA, NODATA, NODATA, NODATA,2024/04/12 08:56:00,2024-04-12 08:56:00+00:00
2024/04/12, 08:57:00, NODATA, NODATA, NODATA, NODATA,, NODATA, NODATA, NODATA, NODATA, NODATA, NODATA, NODATA, NODATA, NODATA, NODATA, NODATA, NODATA, NODATA, NODATA, NODATA, TRUEWIND_BAD_SOG, TRUEWIND_BAD_SOG, TRUEWIND_BAD_SOG, TRUEWIND_BAD_SOG, BAROMETER_BAD_RAW_PRESSURE, BAROMETER_BAD_RAW_PRESSURE, NODATA, NODATA, NODATA, NODATA, NODATA, NODATA, NODATA, SSV_BAD_TEMPERATURE, NODATA, NODATA, NODATA, NODATA, NODATA,2024/04/12 08:57:00,2024-04-12 08:57:00+00:00
2024/04/12, 08:58:00, NODATA, NODATA, NODATA, NODATA,, NODATA, NODATA, NODATA, NODATA, NODATA, NODATA, NODATA, NODATA, NODATA, NODATA, NODATA, NODATA, NODATA, NODATA, NODATA, TRUEWIND_BAD_SOG, TRUEWIND_BAD_SOG, TRUEWIND_BAD_SOG, TRUEWIND_BAD_SOG, BAROMETER_BAD_RAW_PRESSURE, BAROMETER_BAD_RAW_PRESSURE, NODATA, NODATA, NODATA, NODATA, NODATA, NODATA, NODATA, SSV_BAD_TEMPERATURE, NODATA, NODATA, NODATA, NODATA, NODATA,2024/04/12 08:58:00,2024-04-12 08:58:00+00:00
2024/04/12, 08:59:00, NODATA, NODATA, NODATA, NODATA,, NODATA, NODATA, NODATA, NODATA, NODATA, NODATA, NODATA, NODATA, NODATA, NODATA, NODATA, NODATA, NODATA, NODATA, NODATA, TRUEWIND_BAD_SOG, TRUEWIND_BAD_SOG, TRUEWIND_BAD_SOG, TRUEWIND_BAD_SOG, BAROMETER_BAD_RAW_PRESSURE, BAROMETER_BAD_RAW_PRESSURE, NODATA, NODATA, NODATA, NODATA, NODATA, NODATA, NODATA, SSV_BAD_TEMPERATURE, NODATA, NODATA, NODATA, NODATA, NODATA,2024/04/12 08:59:00,2024-04-12 08:59:00+00:00
2024/04/12, 09:00:00, NODATA, NODATA, NODATA, NODATA,, NODATA, NODATA, NODATA, NODATA, NODATA, NODATA, NODATA, NODATA, NODATA, NODATA, NODATA, NODATA, NODATA, NODATA, NODATA, TRUEWIND_BAD_SOG, TRUEWIND_BAD_SOG, TRUEWIND_BAD_SOG, TRUEWIND_BAD_SOG, BAROMETER_BAD_RAW_PRESSURE, BAROMETER_BAD_RAW_PRESSURE, NODATA, NODATA, NODATA, NODATA, NODATA, NODATA, NODATA, SSV_BAD_TEMPERATURE, NODATA, NODATA, NODATA, NODATA, NODATA,2024/04/12 09:00:00,2024-04-12 09:00:00+00:00
2024/04/12, 09:01:00, NODATA, NODATA, NODATA, NODATA,, NODATA, NODATA, NODATA, NODATA, NODATA, NODATA, NODATA, NODATA, NODATA, NODATA, NODATA, NODATA, NODATA, NODATA, NODATA, TRUEWIND_BAD_SOG, TRUEWIND_BAD_SOG, TRUEWIND_BAD_SOG, TRUEWIND_BAD_SOG, BAROMETER_BAD_RAW_PRESSURE, BAROMETER_BAD_RAW_PRESSURE, NODATA, NODATA, NODATA, NODATA, NODATA, NODATA, NODATA, SSV_BAD_TEMPERATURE, NODATA, NODATA, NODATA, NODATA, NODATA,2024/04/12 09:01:00,2024-04-12 09:01:00+00:00
2024/04/12, 09:02:00, NODATA, NODATA, NODATA, NODATA,, NODATA, NODATA, NODATA, NODATA, NODATA, NODATA, NODATA, NODATA, NODATA, NODATA, NODATA, NODATA, NODATA, NODATA, NODATA, TRUEWIND_BAD_SOG, TRUEWIND_BAD_SOG, TRUEWIND_BAD_SOG, TRUEWIND_BAD_SOG, BAROMETER_BAD_RAW_PRESSURE, BAROMETER_BAD_RAW_PRESSURE, NODATA, NODATA, NODATA, NODATA, NODATA, NODATA, NODATA, SSV_BAD_TEMPERATURE, NODATA, NODATA, NODATA, NODATA, NODATA,2024/04/12 09:02:00,2024-04-12 09:02:00+00:00
2024/04/12, 09:03:00, NODATA, NODATA, NODATA, NODATA,, NODATA, NODATA, NODATA, NODATA, NODATA, NODATA, NODATA, NODATA, NODATA, NODATA, NODATA, NODATA, NODATA, NODATA, NODATA, TRUEWIND_BAD_SOG, TRUEWIND_BAD_SOG, TRUEWIND_BAD_SOG, TRUEWIND_BAD_SOG, BAROMETER_BAD_RAW_PRESSURE, BAROMETER_BAD_RAW_PRESSURE, NODATA, NODATA, NODATA, NODATA, NODATA, NODATA, NODATA, SSV_BAD_TEMPERATURE, NODATA, NODATA, NODATA, NODATA, NODATA,2024/04/12 09:03:00,2024-04-12 09:03:00+00:00
2024/04/12, 09:04:00, NODATA, NODATA, NODATA, NODATA,, NODATA, NODATA, NODATA, NODATA, NODATA, NODATA, NODATA, NODATA, NODATA, NODATA, NODATA, NODATA, NODATA, NODATA, NODATA, TRUEWIND_BAD_SOG, TRUEWIND_BAD_SOG, TRUEWIND_BAD_SOG, TRUEWIND_BAD_SOG, BAROMETER_BAD_RAW_PRESSURE, BAROMETER_BAD_RAW_PRESSURE, NODATA, NODATA, NODATA, NODATA, NODATA, NODATA, NODATA, SSV_BAD_TEMPERATURE, NODATA, NODATA, NODATA, NODATA, NODATA,2024/04/12 09:04:00,2024-04-12 09:04:00+00:00
2024/04/12, 09:05:00, NODATA, NODATA, NODATA, NODATA,, NODATA, NODATA, NODATA, NODATA, NODATA, NODATA, NODATA, NODATA, NODATA, NODATA, NODATA, NODATA, NODATA, NODATA, NODATA, TRUEWIND_BAD_SOG, TRUEWIND_BAD_SOG, TRUEWIND_BAD_SOG, TRUEWIND_BAD_SOG, BAROMETER_BAD_RAW_PRESSURE, BAROMETER_BAD_RAW_PRESSURE, NODATA, NODATA, NODATA, NODATA, NODATA, NODATA, NODATA, SSV_BAD_TEMPERATURE, NODATA, NODATA, NODATA, NODATA, NODATA,2024/04/12 09:05:00,2024-04-12 09:05:00+00:00
2024/04/12, 09:06:00, NODATA, NODATA, NODATA, NODATA,, NODATA, NODATA, NODATA, NODATA, NODATA, NODATA, NODATA, NODATA, NODATA, NODATA, NODATA, NODATA, NODATA, NODATA, NODATA, TRUEWIND_BAD_SOG, TRUEWIND_BAD_SOG, TRUEWIND_BAD_SOG, TRUEWIND_BAD_SOG, BAROMETER_BAD_RAW_PRESSURE, BAROMETER_BAD_RAW_PRESSURE, NODATA, NODATA, NODATA, NODATA, NODATA, NODATA, NODATA, SSV_BAD_TEMPERATURE, NODATA, NODATA, NODATA, NODATA, NODATA,2024/04/12 09:06:00,2024-04-12 09:06:00+00:00
2024/04/12, 09:07:00, NODATA, NODATA, NODATA, NODATA,, NODATA, NODATA, NODATA, NODATA, NODATA, NODATA, NODATA, NODATA, NODATA, NODATA, NODATA, NODATA, NODATA, NODATA, NODATA, TRUEWIND_BAD_SOG, TRUEWIND_BAD_SOG, TRUEWIND_BAD_SOG, TRUEWIND_BAD_SOG, BAROMETER_BAD_RAW_PRESSURE, BAROMETER_BAD_RAW_PRESSURE, NODATA, NODATA, NODATA, NODATA, NODATA, NODATA, NODATA, SSV_BAD_TEMPERATURE, NODATA, NODATA, NODATA, NODATA, NODATA,2024/04/12 09:07:00,2024-04-12 09:07:00+00:00
2024/04/12, 09:08:00, NODATA, NODATA, NODATA, NODATA,, NODATA, NODATA, NODATA, NODATA, NODATA, NODATA, NODATA, NODATA, NODATA, NODATA, NODATA, NODATA, NODATA, NODATA, NODATA, TRUEWIND_BAD_SOG, TRUEWIND_BAD_SOG, TRUEWIND_BAD_SOG, TRUEWIND_BAD_SOG, BAROMETER_BAD_RAW_PRESSURE, BAROMETER_BAD_RAW_PRESSURE, NODATA, NODATA, NODATA, NODATA, NODATA, NODATA, NODATA, SSV_BAD_TEMPERATURE, NODATA, NODATA, NODATA, NODATA, NODATA,2024/04/12 09:08:00,2024-04-12 09:08:00+00:00
2024/04/12, 09:09:00, NODATA, NODATA, NODATA, NODATA,, NODATA, NODATA, NODATA, NODATA, NODATA, NODATA, NODATA, NODATA, NODATA, NODATA, NODATA, NODATA, NODATA, NODATA, NODATA, TRUEWIND_BAD_SOG, TRUEWIND_BAD_SOG, TRUEWIND_BAD_SOG, TRUEWIND_BAD_SOG, BAROMETER_BAD_RAW_PRESSURE, BAROMETER_BAD_RAW_PRESSURE, NODATA, NODATA, NODATA, NODATA, NODATA, NODATA, NODATA, SSV_BAD_TEMPERATURE, NODATA, NODATA, NODATA, NODATA, NODATA,2024/04/12 09:09:00,2024-04-12 09:09:00+00:00
2024/04/12, 09:10:00, NODATA, NODATA, NODATA, NODATA,, NODATA, NODATA, NODATA, NODATA, NODATA, NODATA, NODATA, NODATA, NODATA, NODATA, NODATA, NODATA, NODATA, NODATA, NODATA, TRUEWIND_BAD_SOG, TRUEWIND_BAD_SOG, TRUEWIND_BAD_SOG, TRUEWIND_BAD_SOG, BAROMETER_BAD_RAW_PRESSURE, BAROMETER_BAD_RAW_PRESSURE, NODATA, NODATA, NODATA, NODATA, NODATA, NODATA, NODATA, SSV_BAD_TEMPERATURE, NODATA, NODATA, NODATA, NODATA, NODATA,2024/04/12 09:10:00,2024-04-12 09:10:00+00:00
2024/04/12, 09:11:00, NODATA, NODATA, NODATA, NODATA,, NODATA, NODATA, NODATA, NODATA, NODATA, NODATA, NODATA, NODATA, NODATA, NODATA, NODATA, NODATA, NODATA, NODATA, NODATA, TRUEWIND_BAD_SOG, TRUEWIND_BAD_SOG, TRUEWIND_BAD_SOG, TRUEWIND_BAD_SOG, BAROMETER_BAD_RAW_PRESSURE, BAROMETER_BAD_RAW_PRESSURE, NODATA, NODATA, NODATA, NODATA, NODATA, NODATA, NODATA, SSV_BAD_TEMPERATURE, NODATA, NODATA, NODATA, NODATA, NODATA,2024/04/12 09:11:00,2024-04-12 09:11:00+00:00
2024/04/12, 09:12:00, NODATA, NODATA, NODATA, NODATA,, NODATA, NODATA, NODATA, NODATA, NODATA, NODATA, NODATA, NODATA, NODATA, NODATA, NODATA, NODATA, NODATA, NODATA, NODATA, TRUEWIND_BAD_SOG, TRUEWIND_BAD_SOG, TRUEWIND_BAD_SOG, TRUEWIND_BAD_SOG, BAROMETER_BAD_RAW_PRESSURE, BAROMETER_BAD_RAW_PRESSURE, NODATA, NODATA, NODATA, NODATA, NODATA, NODATA, NODATA, SSV_BAD_TEMPERATURE, NODATA, NODATA, NODATA, NODATA, NODATA,2024/04/12 09:12:00,2024-04-12 09:12:00+00:00
2024/04/12, 09:13:00, NODATA, NODATA, NODATA, NODATA,, NODATA, NODATA, NODATA, NODATA, NODATA, NODATA, NODATA, NODATA, NODATA, NODATA, NODATA, NODATA, NODATA, NODATA, NODATA, TRUEWIND_BAD_SOG, TRUEWIND_BAD_SOG, TRUEWIND_BAD_SOG, TRUEWIND_BAD_SOG, BAROMETER_BAD_RAW_PRESSURE, BAROMETER_BAD_RAW_PRESSURE, NODATA, NODATA, NODATA, NODATA, NODATA, NODATA, NODATA, SSV_BAD_TEMPERATURE, NODATA, NODATA, NODATA, NODATA, NODATA,2024/04/12 09:13:00,2024-04-12 09:13:00+00:00
2024/04/12, 09:14:00, NODATA, NODATA, NODATA, NODATA,, NODATA, NODATA, NODATA, NODATA, NODATA, NODATA, NODATA, NODATA, NODATA, NODATA, NODATA, NODATA, NODATA, NODATA, NODATA, TRUEWIND_BAD_SOG, TRUEWIND_BAD_SOG, TRUEWIND_BAD_SOG, TRUEWIND_BAD_SOG, BAROMETER_BAD_RAW_PRESSURE, BAROMETER_BAD_RAW_PRESSURE, NODATA, NODATA, NODATA, NODATA, NODATA, NODATA, NODATA, SSV_BAD_TEMPERATURE, NODATA, NODATA, NODATA, NODATA, NODATA,2024/04/12 09:14:00,2024-04-12 09:14:00+00:00
2024/04/12, 09:15:00, NODATA, NODATA, NODATA, NODATA,, NODATA, NODATA, NODATA, NODATA, NODATA, NODATA, NODATA, NODATA, NODATA, NODATA, NODATA, NODATA, NODATA, NODATA, NODATA, TRUEWIND_BAD_SOG, TRUEWIND_BAD_SOG, TRUEWIND_BAD_SOG, TRUEWIND_BAD_SOG, BAROMETER_BAD_RAW_PRESSURE, BAROMETER_BAD_RAW_PRESSURE, NODATA, NODATA, NODATA, NODATA, NODATA, NODATA, NODATA, SSV_BAD_TEMPERATURE, NODATA, NODATA, NODATA, NODATA, NODATA,2024/04/12 09:15:00,2024-04-12 09:15:00+00:00
2024/04/12, 09:16:00, NODATA, NODATA, NODATA, NODATA,, NODATA, NODATA, NODATA, NODATA, NODATA, NODATA, NODATA, NODATA, NODATA, NODATA, NODATA, NODATA, NODATA, NODATA, NODATA, TRUEWIND_BAD_SOG, TRUEWIND_BAD_SOG, TRUEWIND_BAD_SOG, TRUEWIND_BAD_SOG, BAROMETER_BAD_RAW_PRESSURE, BAROMETER_BAD_RAW_PRESSURE, NODATA, NODATA, NODATA, NODATA, NODATA, NODATA, NODATA, SSV_BAD_TEMPERATURE, NODATA, NODATA, NODATA, NODATA, NODATA,2024/04/12 09:16:00,2024-04-12 09:16:00+00:00
2024/04/12, 09:17:00, NODATA, NODATA, NODATA, NODATA,, NODATA, NODATA, NODATA, NODATA, NODATA, NODATA, NODATA, NODATA, NODATA, NODATA, NODATA, NODATA, NODATA, NODATA, NODATA, TRUEWIND_BAD_SOG, TRUEWIND_BAD_SOG, TRUEWIND_BAD_SOG, TRUEWIND_BAD_SOG, BAROMETER_BAD_RAW_PRESSURE, BAROMETER_BAD_RAW_PRESSURE, NODATA, NODATA, NODATA, NODATA, NODATA, NODATA, NODATA, SSV_BAD_TEMPERATURE, NODATA, NODATA, NODATA, NODATA, NODATA,2024/04/12 09:17:00,2024-04-12 09:17:00+00:00
2024/04/12, 09:18:00, NODATA, NODATA, NODATA, NODATA,, NODATA, NODATA, NODATA, NODATA, NODATA, NODATA, NODATA, NODATA, NODATA, NODATA, NODATA, NODATA, NODATA, NODATA, NODATA, TRUEWIND_BAD_SOG, TRUEWIND_BAD_SOG, TRUEWIND_BAD_SOG, TRUEWIND_BAD_SOG, BAROMETER_BAD_RAW_PRESSURE, BAROMETER_BAD_RAW_PRESSURE, NODATA, NODATA, NODATA, NODATA, NODATA, NODATA, NODATA, SSV_BAD_TEMPERATURE, NODATA, NODATA, NODATA, NODATA, NODATA,2024/04/12 09:18:00,2024-04-12 09:18:00+00:00
2024/04/12, 09:19:00, NODATA, NODATA, NODATA, NODATA,, NODATA, NODATA, NODATA, NODATA, NODATA, NODATA, NODATA, NODATA, NODATA, NODATA, NODATA, NODATA, NODATA, NODATA, NODATA, TRUEWIND_BAD_SOG, TRUEWIND_BAD_SOG, TRUEWIND_BAD_SOG, TRUEWIND_BAD_SOG, BAROMETER_BAD_RAW_PRESSURE, BAROMETER_BAD_RAW_PRESSURE, NODATA, NODATA, NODATA, NODATA, NODATA, NODATA, NODATA, SSV_BAD_TEMPERATURE, NODATA, NODATA, NODATA, NODATA, NODATA,2024/04/12 09:19:00,2024-04-12 09:19:00+00:00
2024/04/12, 09:20:00, NODATA, NODATA, NODATA, NODATA,, NODATA, NODATA, NODATA, NODATA, NODATA, NODATA, NODATA, NODATA, NODATA, NODATA, NODATA, NODATA, NODATA, NODATA, NODATA, TRUEWIND_BAD_SOG, TRUEWIND_BAD_SOG, TRUEWIND_BAD_SOG, TRUEWIND_BAD_SOG, BAROMETER_BAD_RAW_PRESSURE, BAROMETER_BAD_RAW_PRESSURE, NODATA, NODATA, NODATA, NODATA, NODATA, NODATA, NODATA, SSV_BAD_TEMPERATURE, NODATA, NODATA, NODATA, NODATA, NODATA,2024/04/12 09:20:00,2024-04-12 09:20:00+00:00
2024/04/12, 09:21:00, NODATA, NODATA, NODATA, NODATA,, NODATA, NODATA, NODATA, NODATA, NODATA, NODATA, NODATA, NODATA, NODATA, NODATA, NODATA, NODATA, NODATA, NODATA, NODATA, TRUEWIND_BAD_SOG, TRUEWIND_BAD_SOG, TRUEWIND_BAD_SOG, TRUEWIND_BAD_SOG, BAROMETER_BAD_RAW_PRESSURE, BAROMETER_BAD_RAW_PRESSURE, NODATA, NODATA, NODATA, NODATA, NODATA, NODATA, NODATA, SSV_BAD_TEMPERATURE, NODATA, NODATA, NODATA, NODATA, NODATA,2024/04/12 09:21:00,2024-04-12 09:21:00+00:00
2024/04/12, 09:22:00, NODATA, NODATA, NODATA, NODATA,, NODATA, NODATA, NODATA, NODATA, NODATA, NODATA, NODATA, NODATA, NODATA, NODATA, NODATA, NODATA, NODATA, NODATA, NODATA, TRUEWIND_BAD_SOG, TRUEWIND_BAD_SOG, TRUEWIND_BAD_SOG, TRUEWIND_BAD_SOG, BAROMETER_BAD_RAW_PRESSURE, BAROMETER_BAD_RAW_PRESSURE, NODATA, NODATA, NODATA, NODATA, NODATA, NODATA, NODATA, SSV_BAD_TEMPERATURE, NODATA, NODATA, NODATA, NODATA, NODATA,2024/04/12 09:22:00,2024-04-12 09:22:00+00:00
2024/04/12, 09:23:00, NODATA, NODATA, NODATA, NODATA,, NODATA, NODATA, NODATA, NODATA, NODATA, NODATA, NODATA, NODATA, NODATA, NODATA, NODATA, NODATA, NODATA, NODATA, NODATA, TRUEWIND_BAD_SOG, TRUEWIND_BAD_SOG, TRUEWIND_BAD_SOG, TRUEWIND_BAD_SOG, BAROMETER_BAD_RAW_PRESSURE, BAROMETER_BAD_RAW_PRESSURE, NODATA, NODATA, NODATA, NODATA, NODATA, NODATA, NODATA, SSV_BAD_TEMPERATURE, NODATA, NODATA, NODATA, NODATA, NODATA,2024/04/12 09:23:00,2024-04-12 09:23:00+00:00
2024/04/12, 09:24:00, NODATA, NODATA, NODATA, NODATA,, NODATA, NODATA, NODATA, NODATA, NODATA, NODATA, NODATA, NODATA, NODATA, NODATA, NODATA, NODATA, NODATA, NODATA, NODATA, TRUEWIND_BAD_SOG, TRUEWIND_BAD_SOG, TRUEWIND_BAD_SOG, TRUEWIND_BAD_SOG, BAROMETER_BAD_RAW_PRESSURE, BAROMETER_BAD_RAW_PRESSURE, NODATA, NODATA, NODATA, NODATA, NODATA, NODATA, NODATA, SSV_BAD_TEMPERATURE, NODATA, NODATA, NODATA, NODATA, NODATA,2024/04/12 09:24:00,2024-04-12 09:24:00+00:00
2024/04/12, 09:25:00, NODATA, NODATA, NODATA, NODATA,, NODATA, NODATA, NODATA, NODATA, NODATA, NODATA, NODATA, NODATA, NODATA, NODATA, NODATA, NODATA, NODATA, NODATA, NODATA, TRUEWIND_BAD_SOG, TRUEWIND_BAD_SOG, TRUEWIND_BAD_SOG, TRUEWIND_BAD_SOG, BAROMETER_BAD_RAW_PRESSURE, BAROMETER_BAD_RAW_PRESSURE, NODATA, NODATA, NODATA, NODATA, NODATA, NODATA, NODATA, SSV_BAD_TEMPERATURE, NODATA, NODATA, NODATA, NODATA, NODATA,2024/04/12 09:25:00,2024-04-12 09:25:00+00:00
2024/04/12, 09:26:00, NODATA, NODATA, NODATA, NODATA,, NODATA, NODATA, NODATA, NODATA, NODATA, NODATA, NODATA, NODATA, NODATA, NODATA, NODATA, NODATA, NODATA, NODATA, NODATA, TRUEWIND_BAD_SOG, TRUEWIND_BAD_SOG, TRUEWIND_BAD_SOG, TRUEWIND_BAD_SOG, BAROMETER_BAD_RAW_PRESSURE, BAROMETER_BAD_RAW_PRESSURE, NODATA, NODATA, NODATA, NODATA, NODATA, NODATA, NODATA, SSV_BAD_TEMPERATURE, NODATA, NODATA, NODATA, NODATA, NODATA,2024/04/12 09:26:00,2024-04-12 09:26:00+00:00
2024/04/12, 09:27:00, NODATA, NODATA, NODATA, NODATA,, NODATA, NODATA, NODATA, NODATA, NODATA, NODATA, NODATA, NODATA, NODATA, NODATA, NODATA, NODATA, NODATA, NODATA, NODATA, TRUEWIND_BAD_SOG, TRUEWIND_BAD_SOG, TRUEWIND_BAD_SOG, TRUEWIND_BAD_SOG, BAROMETER_BAD_RAW_PRESSURE, BAROMETER_BAD_RAW_PRESSURE, NODATA, NODATA, NODATA, NODATA, NODATA, NODATA, NODATA, SSV_BAD_TEMPERATURE, NODATA, NODATA, NODATA, NODATA, NODATA,2024/04/12 09:27:00,2024-04-12 09:27:00+00:00
2024/04/12, 09:28:00, NODATA, NODATA, NODATA, NODATA,, NODATA, NODATA, NODATA, NODATA, NODATA, NODATA, NODATA, NODATA, NODATA, NODATA, NODATA, NODATA, NODATA, NODATA, NODATA, TRUEWIND_BAD_SOG, TRUEWIND_BAD_SOG, TRUEWIND_BAD_SOG, TRUEWIND_BAD_SOG, BAROMETER_BAD_RAW_PRESSURE, BAROMETER_BAD_RAW_PRESSURE, NODATA, NODATA, NODATA, NODATA, NODATA, NODATA, NODATA, SSV_BAD_TEMPERATURE, NODATA, NODATA, NODATA, NODATA, NODATA,2024/04/12 09:28:00,2024-04-12 09:28:00+00:00
2024/04/12, 09:29:00, NODATA, NODATA, NODATA, NODATA,, NODATA, NODATA, NODATA, NODATA, NODATA, NODATA, NODATA, NODATA, NODATA, NODATA, NODATA, NODATA, NODATA, NODATA, NODATA, TRUEWIND_BAD_SOG, TRUEWIND_BAD_SOG, TRUEWIND_BAD_SOG, TRUEWIND_BAD_SOG, BAROMETER_BAD_RAW_PRESSURE, BAROMETER_BAD_RAW_PRESSURE, NODATA, NODATA, NODATA, NODATA, NODATA, NODATA, NODATA, SSV_BAD_TEMPERATURE, NODATA, NODATA, NODATA, NODATA, NODATA,2024/04/12 09:29:00,2024-04-12 09:29:00+00:00
2024/04/12, 09:30:00, NODATA, NODATA, NODATA, NODATA,, NODATA, NODATA, NODATA, NODATA, NODATA, NODATA, NODATA, NODATA, NODATA, NODATA, NODATA, NODATA, NODATA, NODATA, NODATA, TRUEWIND_BAD_SOG, TRUEWIND_BAD_SOG, TRUEWIND_BAD_SOG, TRUEWIND_BAD_SOG, BAROMETER_BAD_RAW_PRESSURE, BAROMETER_BAD_RAW_PRESSURE, NODATA, NODATA, NODATA, NODATA, NODATA, NODATA, NODATA, SSV_BAD_TEMPERATURE, NODATA, NODATA, NODATA, NODATA, NODATA,2024/04/12 09:30:00,2024-04-12 09:30:00+00:00
2024/04/12, 09:31:00, NODATA, NODATA, NODATA, NODATA,, NODATA, NODATA, NODATA, NODATA, NODATA, NODATA, NODATA, NODATA, NODATA, NODATA, NODATA, NODATA, NODATA, NODATA, NODATA, TRUEWIND_BAD_SOG, TRUEWIND_BAD_SOG, TRUEWIND_BAD_SOG, TRUEWIND_BAD_SOG, BAROMETER_BAD_RAW_PRESSURE, BAROMETER_BAD_RAW_PRESSURE, NODATA, NODATA, NODATA, NODATA, NODATA, NODATA, NODATA, SSV_BAD_TEMPERATURE, NODATA, NODATA, NODATA, NODATA, NODATA,2024/04/12 09:31:00,2024-04-12 09:31:00+00:00
2024/04/12, 09:32:00, NODATA, NODATA, NODATA, NODATA,, NODATA, NODATA, NODATA, NODATA, NODATA, NODATA, NODATA, NODATA, NODATA, NODATA, NODATA, NODATA, NODATA, NODATA, NODATA, TRUEWIND_BAD_SOG, TRUEWIND_BAD_SOG, TRUEWIND_BAD_SOG, TRUEWIND_BAD_SOG, BAROMETER_BAD_RAW_PRESSURE, BAROMETER_BAD_RAW_PRESSURE, NODATA, NODATA, NODATA, NODATA, NODATA, NODATA, NODATA, SSV_BAD_TEMPERATURE, NODATA, NODATA, NODATA, NODATA, NODATA,2024/04/12 09:32:00,2024-04-12 09:32:00+00:00
2024/04/12, 09:33:00, NODATA, NODATA, NODATA, NODATA,, NODATA, NODATA, NODATA, NODATA, NODATA, NODATA, NODATA, NODATA, NODATA, NODATA, NODATA, NODATA, NODATA, NODATA, NODATA, TRUEWIND_BAD_SOG, TRUEWIND_BAD_SOG, TRUEWIND_BAD_SOG, TRUEWIND_BAD_SOG, BAROMETER_BAD_RAW_PRESSURE, BAROMETER_BAD_RAW_PRESSURE, NODATA, NODATA, NODATA, NODATA, NODATA, NODATA, NODATA, SSV_BAD_TEMPERATURE, NODATA, NODATA, NODATA, NODATA, NODATA,2024/04/12 09:33:00,2024-04-12 09:33:00+00:00
2024/04/12, 09:34:00, NODATA, NODATA, NODATA, NODATA,, NODATA, NODATA, NODATA, NODATA, NODATA, NODATA, NODATA, NODATA, NODATA, NODATA, NODATA, NODATA, NODATA, NODATA, NODATA, TRUEWIND_BAD_SOG, TRUEWIND_BAD_SOG, TRUEWIND_BAD_SOG, TRUEWIND_BAD_SOG, BAROMETER_BAD_RAW_PRESSURE, BAROMETER_BAD_RAW_PRESSURE, NODATA, NODATA, NODATA, NODATA, NODATA, NODATA, NODATA, SSV_BAD_TEMPERATURE, NODATA, NODATA, NODATA, NODATA, NODATA,2024/04/12 09:34:00,2024-04-12 09:34:00+00:00
2024/04/12, 09:35:00, NODATA, NODATA, NODATA, NODATA,, NODATA, NODATA, NODATA, NODATA, NODATA, NODATA, NODATA, NODATA, NODATA, NODATA, NODATA, NODATA, NODATA, NODATA, NODATA, TRUEWIND_BAD_SOG, TRUEWIND_BAD_SOG, TRUEWIND_BAD_SOG, TRUEWIND_BAD_SOG, BAROMETER_BAD_RAW_PRESSURE, BAROMETER_BAD_RAW_PRESSURE, NODATA, NODATA, NODATA, NODATA, NODATA, NODATA, NODATA, SSV_BAD_TEMPERATURE, NODATA, NODATA, NODATA, NODATA, NODATA,2024/04/12 09:35:00,2024-04-12 09:35:00+00:00
2024/04/12, 09:36:00, NODATA, NODATA, NODATA, NODATA,, NODATA, NODATA, NODATA, NODATA, NODATA, NODATA, NODATA, NODATA, NODATA, NODATA, NODATA, NODATA, NODATA, NODATA, NODATA, TRUEWIND_BAD_SOG, TRUEWIND_BAD_SOG, TRUEWIND_BAD_SOG, TRUEWIND_BAD_SOG, BAROMETER_BAD_RAW_PRESSURE, BAROMETER_BAD_RAW_PRESSURE, NODATA, NODATA, NODATA, NODATA, NODATA, NODATA, NODATA, SSV_BAD_TEMPERATURE, NODATA, NODATA, NODATA, NODATA, NODATA,2024/04/12 09:36:00,2024-04-12 09:36:00+00:00
2024/04/12, 09:37:00, NODATA, NODATA, NODATA, NODATA,, NODATA, NODATA, NODATA, NODATA, NODATA, NODATA, NODATA, NODATA, NODATA, NODATA, NODATA, NODATA, NODATA, NODATA, NODATA, TRUEWIND_BAD_SOG, TRUEWIND_BAD_SOG, TRUEWIND_BAD_SOG, TRUEWIND_BAD_SOG, BAROMETER_BAD_RAW_PRESSURE, BAROMETER_BAD_RAW_PRESSURE, NODATA, NODATA, NODATA, NODATA, NODATA, NODATA, NODATA, SSV_BAD_TEMPERATURE, NODATA, NODATA, NODATA, NODATA, NODATA,2024/04/12 09:37:00,2024-04-12 09:37:00+00:00
2024/04/12, 09:38:00, NODATA, NODATA, NODATA, NODATA,, NODATA, NODATA, NODATA, NODATA, NODATA, NODATA, NODATA, NODATA, NODATA, NODATA, NODATA, NODATA, NODATA, NODATA, NODATA, TRUEWIND_BAD_SOG, TRUEWIND_BAD_SOG, TRUEWIND_BAD_SOG, TRUEWIND_BAD_SOG, BAROMETER_BAD_RAW_PRESSURE, BAROMETER_BAD_RAW_PRESSURE, NODATA, NODATA, NODATA, NODATA, NODATA, NODATA, NODATA, SSV_BAD_TEMPERATURE, NODATA, NODATA, NODATA, NODATA, NODATA,2024/04/12 09:38:00,2024-04-12 09:38:00+00:00
2024/04/12, 09:39:00, NODATA, NODATA, NODATA, NODATA,, NODATA, NODATA, NODATA, NODATA, NODATA, NODATA, NODATA, NODATA, NODATA, NODATA, NODATA, NODATA, NODATA, NODATA, NODATA, TRUEWIND_BAD_SOG, TRUEWIND_BAD_SOG, TRUEWIND_BAD_SOG, TRUEWIND_BAD_SOG, BAROMETER_BAD_RAW_PRESSURE, BAROMETER_BAD_RAW_PRESSURE, NODATA, NODATA, NODATA, NODATA, NODATA, NODATA, NODATA, SSV_BAD_TEMPERATURE, NODATA, NODATA, NODATA, NODATA, NODATA,2024/04/12 09:39:00,2024-04-12 09:39:00+00:00
2024/04/12, 09:40:00, NODATA, NODATA, NODATA, NODATA,, NODATA, NODATA, NODATA, NODATA, NODATA, NODATA, NODATA, NODATA, NODATA, NODATA, NODATA, NODATA, NODATA, NODATA, NODATA, TRUEWIND_BAD_SOG, TRUEWIND_BAD_SOG, TRUEWIND_BAD_SOG, TRUEWIND_BAD_SOG, BAROMETER_BAD_RAW_PRESSURE, BAROMETER_BAD_RAW_PRESSURE, NODATA, NODATA, NODATA, NODATA, NODATA, NODATA, NODATA, SSV_BAD_TEMPERATURE, NODATA, NODATA, NODATA, NODATA, NODATA,2024/04/12 09:40:00,2024-04-12 09:40:00+00:00
2024/04/12, 09:41:00, NODATA, NODATA, NODATA, NODATA,, NODATA, NODATA, NODATA, NODATA, NODATA, NODATA, NODATA, NODATA, NODATA, NODATA, NODATA, NODATA, NODATA, NODATA, NODATA, TRUEWIND_BAD_SOG, TRUEWIND_BAD_SOG, TRUEWIND_BAD_SOG, TRUEWIND_BAD_SOG, BAROMETER_BAD_RAW_PRESSURE, BAROMETER_BAD_RAW_PRESSURE, NODATA, NODATA, NODATA, NODATA, NODATA, NODATA, NODATA, SSV_BAD_TEMPERATURE, NODATA, NODATA, NODATA, NODATA, NODATA,2024/04/12 09:41:00,2024-04-12 09:41:00+00:00
2024/04/12, 09:42:00, NODATA, NODATA, NODATA, NODATA,, NODATA, NODATA, NODATA, NODATA, NODATA, NODATA, NODATA, NODATA, NODATA, NODATA, NODATA, NODATA, NODATA, NODATA, NODATA, TRUEWIND_BAD_SOG, TRUEWIND_BAD_SOG, TRUEWIND_BAD_SOG, TRUEWIND_BAD_SOG, BAROMETER_BAD_RAW_PRESSURE, BAROMETER_BAD_RAW_PRESSURE, NODATA, NODATA, NODATA, NODATA, NODATA, NODATA, NODATA, SSV_BAD_TEMPERATURE, NODATA, NODATA, NODATA, NODATA, NODATA,2024/04/12 09:42:00,2024-04-12 09:42:00+00:00
2024/04/12, 09:43:00, NODATA, NODATA, NODATA, NODATA,, NODATA, NODATA, NODATA, NODATA, NODATA, NODATA, NODATA, NODATA, NODATA, NODATA, NODATA, NODATA, NODATA, NODATA, NODATA, TRUEWIND_BAD_SOG, TRUEWIND_BAD_SOG, TRUEWIND_BAD_SOG, TRUEWIND_BAD_SOG, BAROMETER_BAD_RAW_PRESSURE, BAROMETER_BAD_RAW_PRESSURE, NODATA, NODATA, NODATA, NODATA, NODATA, NODATA, NODATA, SSV_BAD_TEMPERATURE, NODATA, NODATA, NODATA, NODATA, NODATA,2024/04/12 09:43:00,2024-04-12 09:43:00+00:00
2024/04/12, 09:44:00, NODATA, NODATA, NODATA, NODATA,, NODATA, NODATA, NODATA, NODATA, NODATA, NODATA, NODATA, NODATA, NODATA, NODATA, NODATA, NODATA, NODATA, NODATA, NODATA, TRUEWIND_BAD_SOG, TRUEWIND_BAD_SOG, TRUEWIND_BAD_SOG, TRUEWIND_BAD_SOG, BAROMETER_BAD_RAW_PRESSURE, BAROMETER_BAD_RAW_PRESSURE, NODATA, NODATA, NODATA, NODATA, NODATA, NODATA, NODATA, SSV_BAD_TEMPERATURE, NODATA, NODATA, NODATA, NODATA, NODATA,2024/04/12 09:44:00,2024-04-12 09:44:00+00:00
2024/04/12, 09:45:00, NODATA, NODATA, NODATA, NODATA,, NODATA, NODATA, NODATA, NODATA, NODATA, NODATA, NODATA, NODATA, NODATA, NODATA, NODATA, NODATA, NODATA, NODATA, NODATA, TRUEWIND_BAD_SOG, TRUEWIND_BAD_SOG, TRUEWIND_BAD_SOG, TRUEWIND_BAD_SOG, BAROMETER_BAD_RAW_PRESSURE, BAROMETER_BAD_RAW_PRESSURE, NODATA, NODATA, NODATA, NODATA, NODATA, NODATA, NODATA, SSV_BAD_TEMPERATURE, NODATA, NODATA, NODATA, NODATA, NODATA,2024/04/12 09:45:00,2024-04-12 09:45:00+00:00
2024/04/12, 09:46:00, NODATA, NODATA, NODATA, NODATA,, NODATA, NODATA, NODATA, NODATA, NODATA, NODATA, NODATA, NODATA, NODATA, NODATA, NODATA, NODATA, NODATA, NODATA, NODATA, TRUEWIND_BAD_SOG, TRUEWIND_BAD_SOG, TRUEWIND_BAD_SOG, TRUEWIND_BAD_SOG, BAROMETER_BAD_RAW_PRESSURE, BAROMETER_BAD_RAW_PRESSURE, NODATA, NODATA, NODATA, NODATA, NODATA, NODATA, NODATA, SSV_BAD_TEMPERATURE, NODATA, NODATA, NODATA, NODATA, NODATA,2024/04/12 09:46:00,2024-04-12 09:46:00+00:00
2024/04/12, 09:47:00, NODATA, NODATA, NODATA, NODATA,, NODATA, NODATA, NODATA, NODATA, NODATA, NODATA, NODATA, NODATA, NODATA, NODATA, NODATA, NODATA, NODATA, NODATA, NODATA, TRUEWIND_BAD_SOG, TRUEWIND_BAD_SOG, TRUEWIND_BAD_SOG, TRUEWIND_BAD_SOG, BAROMETER_BAD_RAW_PRESSURE, BAROMETER_BAD_RAW_PRESSURE, NODATA, NODATA, NODATA, NODATA, NODATA, NODATA, NODATA, SSV_BAD_TEMPERATURE, NODATA, NODATA, NODATA, NODATA, NODATA,2024/04/12 09:47:00,2024-04-12 09:47:00+00:00
2024/04/12, 09:48:00, NODATA, NODATA, NODATA, NODATA,, NODATA, NODATA, NODATA, NODATA, NODATA, NODATA, NODATA, NODATA, NODATA, NODATA, NODATA, NODATA, NODATA, NODATA, NODATA, TRUEWIND_BAD_SOG, TRUEWIND_BAD_SOG, TRUEWIND_BAD_SOG, TRUEWIND_BAD_SOG, BAROMETER_BAD_RAW_PRESSURE, BAROMETER_BAD_RAW_PRESSURE, NODATA, NODATA, NODATA, NODATA, NODATA, NODATA, NODATA, SSV_BAD_TEMPERATURE, NODATA, NODATA, NODATA, NODATA, NODATA,2024/04/12 09:48:00,2024-04-12 09:48:00+00:00
2024/04/12, 09:49:00, NODATA, NODATA, NODATA, NODATA,, NODATA, NODATA, NODATA, NODATA, NODATA, NODATA, NODATA, NODATA, NODATA, NODATA, NODATA, NODATA, NODATA, NODATA, NODATA, TRUEWIND_BAD_SOG, TRUEWIND_BAD_SOG, TRUEWIND_BAD_SOG, TRUEWIND_BAD_SOG, BAROMETER_BAD_RAW_PRESSURE, BAROMETER_BAD_RAW_PRESSURE, NODATA, NODATA, NODATA, NODATA, NODATA, NODATA, NODATA, SSV_BAD_TEMPERATURE, NODATA, NODATA, NODATA, NODATA, NODATA,2024/04/12 09:49:00,2024-04-12 09:49:00+00:00
2024/04/12, 09:50:00, NODATA, NODATA, NODATA, NODATA,, NODATA, NODATA, NODATA, NODATA, NODATA, NODATA, NODATA, NODATA, NODATA, NODATA, NODATA, NODATA, NODATA, NODATA, NODATA, TRUEWIND_BAD_SOG, TRUEWIND_BAD_SOG, TRUEWIND_BAD_SOG, TRUEWIND_BAD_SOG, BAROMETER_BAD_RAW_PRESSURE, BAROMETER_BAD_RAW_PRESSURE, NODATA, NODATA, NODATA, NODATA, NODATA, NODATA, NODATA, SSV_BAD_TEMPERATURE, NODATA, NODATA, NODATA, NODATA, NODATA,2024/04/12 09:50:00,2024-04-12 09:50:00+00:00
2024/04/12, 09:51:00, NODATA, NODATA, NODATA, NODATA,, NODATA, NODATA, NODATA, NODATA, NODATA, NODATA, NODATA, NODATA, NODATA, NODATA, NODATA, NODATA, NODATA, NODATA, NODATA, TRUEWIND_BAD_SOG, TRUEWIND_BAD_SOG, TRUEWIND_BAD_SOG, TRUEWIND_BAD_SOG, BAROMETER_BAD_RAW_PRESSURE, BAROMETER_BAD_RAW_PRESSURE, NODATA, NODATA, NODATA, NODATA, NODATA, NODATA, NODATA, SSV_BAD_TEMPERATURE, NODATA, NODATA, NODATA, NODATA, NODATA,2024/04/12 09:51:00,2024-04-12 09:51:00+00:00
2024/04/12, 09:52:00, NODATA, NODATA, NODATA, NODATA,, NODATA, NODATA, NODATA, NODATA, NODATA, NODATA, NODATA, NODATA, NODATA, NODATA, NODATA, NODATA, NODATA, NODATA, NODATA, TRUEWIND_BAD_SOG, TRUEWIND_BAD_SOG, TRUEWIND_BAD_SOG, TRUEWIND_BAD_SOG, BAROMETER_BAD_RAW_PRESSURE, BAROMETER_BAD_RAW_PRESSURE, NODATA, NODATA, NODATA, NODATA, NODATA, NODATA, NODATA, SSV_BAD_TEMPERATURE, NODATA, NODATA, NODATA, NODATA, NODATA,2024/04/12 09:52:00,2024-04-12 09:52:00+00:00
2024/04/12, 09:53:00, NODATA, NODATA, NODATA, NODATA,, NODATA, NODATA, NODATA, NODATA, NODATA, NODATA, NODATA, NODATA, NODATA, NODATA, NODATA, NODATA, NODATA, NODATA, NODATA, TRUEWIND_BAD_SOG, TRUEWIND_BAD_SOG, TRUEWIND_BAD_SOG, TRUEWIND_BAD_SOG, BAROMETER_BAD_RAW_PRESSURE, BAROMETER_BAD_RAW_PRESSURE, NODATA, NODATA, NODATA, NODATA, NODATA, NODATA, NODATA, SSV_BAD_TEMPERATURE, NODATA, NODATA, NODATA, NODATA, NODATA,2024/04/12 09:53:00,2024-04-12 09:53:00+00:00
2024/04/12, 09:54:00, NODATA, NODATA, NODATA, NODATA,, NODATA, NODATA, NODATA, NODATA, NODATA, NODATA, NODATA, NODATA, NODATA, NODATA, NODATA, NODATA, NODATA, NODATA, NODATA, TRUEWIND_BAD_SOG, TRUEWIND_BAD_SOG, TRUEWIND_BAD_SOG, TRUEWIND_BAD_SOG, BAROMETER_BAD_RAW_PRESSURE, BAROMETER_BAD_RAW_PRESSURE, NODATA, NODATA, NODATA, NODATA, NODATA, NODATA, NODATA, SSV_BAD_TEMPERATURE, NODATA, NODATA, NODATA, NODATA, NODATA,2024/04/12 09:54:00,2024-04-12 09:54:00+00:00
2024/04/12, 09:55:00, NODATA, NODATA, NODATA, NODATA,, NODATA, NODATA, NODATA, NODATA, NODATA, NODATA, NODATA, NODATA, NODATA, NODATA, NODATA, NODATA, NODATA, NODATA, NODATA, TRUEWIND_BAD_SOG, TRUEWIND_BAD_SOG, TRUEWIND_BAD_SOG, TRUEWIND_BAD_SOG, BAROMETER_BAD_RAW_PRESSURE, BAROMETER_BAD_RAW_PRESSURE, NODATA, NODATA, NODATA, NODATA, NODATA, NODATA, NODATA, SSV_BAD_TEMPERATURE, NODATA, NODATA, NODATA, NODATA, NODATA,2024/04/12 09:55:00,2024-04-12 09:55:00+00:00
2024/04/12, 09:56:00, NODATA, NODATA, NODATA, NODATA,, NODATA, NODATA, NODATA, NODATA, NODATA, NODATA, NODATA, NODATA, NODATA, NODATA, NODATA, NODATA, NODATA, NODATA, NODATA, TRUEWIND_BAD_SOG, TRUEWIND_BAD_SOG, TRUEWIND_BAD_SOG, TRUEWIND_BAD_SOG, BAROMETER_BAD_RAW_PRESSURE, BAROMETER_BAD_RAW_PRESSURE, NODATA, NODATA, NODATA, NODATA, NODATA, NODATA, NODATA, SSV_BAD_TEMPERATURE, NODATA, NODATA, NODATA, NODATA, NODATA,2024/04/12 09:56:00,2024-04-12 09:56:00+00:00
2024/04/12, 09:57:00, NODATA, NODATA, NODATA, NODATA,, NODATA, NODATA, NODATA, NODATA, NODATA, NODATA, NODATA, NODATA, NODATA, NODATA, NODATA, NODATA, NODATA, NODATA, NODATA, TRUEWIND_BAD_SOG, TRUEWIND_BAD_SOG, TRUEWIND_BAD_SOG, TRUEWIND_BAD_SOG, BAROMETER_BAD_RAW_PRESSURE, BAROMETER_BAD_RAW_PRESSURE, NODATA, NODATA, NODATA, NODATA, NODATA, NODATA, NODATA, SSV_BAD_TEMPERATURE, NODATA, NODATA, NODATA, NODATA, NODATA,2024/04/12 09:57:00,2024-04-12 09:57:00+00:00
2024/04/12, 09:58:00, NODATA, NODATA, NODATA, NODATA,, NODATA, NODATA, NODATA, NODATA, NODATA, NODATA, NODATA, NODATA, NODATA, NODATA, NODATA, NODATA, NODATA, NODATA, NODATA, TRUEWIND_BAD_SOG, TRUEWIND_BAD_SOG, TRUEWIND_BAD_SOG, TRUEWIND_BAD_SOG, BAROMETER_BAD_RAW_PRESSURE, BAROMETER_BAD_RAW_PRESSURE, NODATA, NODATA, NODATA, NODATA, NODATA, NODATA, NODATA, SSV_BAD_TEMPERATURE, NODATA, NODATA, NODATA, NODATA, NODATA,2024/04/12 09:58:00,2024-04-12 09:58:00+00:00
2024/04/12, 09:59:00, NODATA, NODATA, NODATA, NODATA,, NODATA, NODATA, NODATA, NODATA, NODATA, NODATA, NODATA, NODATA, NODATA, NODATA, NODATA, NODATA, NODATA, NODATA, NODATA, TRUEWIND_BAD_SOG, TRUEWIND_BAD_SOG, TRUEWIND_BAD_SOG, TRUEWIND_BAD_SOG, BAROMETER_BAD_RAW_PRESSURE, BAROMETER_BAD_RAW_PRESSURE, NODATA, NODATA, NODATA, NODATA, NODATA, NODATA, NODATA, SSV_BAD_TEMPERATURE, NODATA, NODATA, NODATA, NODATA, NODATA,2024/04/12 09:59:00,2024-04-12 09:59:00+00:00
2024/04/12, 10:00:00, NODATA, NODATA, NODATA, NODATA,, NODATA, NODATA, NODATA, NODATA, NODATA, NODATA, NODATA, NODATA, NODATA, NODATA, NODATA, NODATA, NODATA, NODATA, NODATA, TRUEWIND_BAD_SOG, TRUEWIND_BAD_SOG, TRUEWIND_BAD_SOG, TRUEWIND_BAD_SOG, BAROMETER_BAD_RAW_PRESSURE, BAROMETER_BAD_RAW_PRESSURE, NODATA, NODATA, NODATA, NODATA, NODATA, NODATA, NODATA, SSV_BAD_TEMPERATURE, NODATA, NODATA, NODATA, NODATA, NODATA,2024/04/12 10:00:00,2024-04-12 10:00:00+00:00
2024/04/12, 10:01:00, NODATA, NODATA, NODATA, NODATA,, NODATA, NODATA, NODATA, NODATA, NODATA, NODATA, NODATA, NODATA, NODATA, NODATA, NODATA, NODATA, NODATA, NODATA, NODATA, TRUEWIND_BAD_SOG, TRUEWIND_BAD_SOG, TRUEWIND_BAD_SOG, TRUEWIND_BAD_SOG, BAROMETER_BAD_RAW_PRESSURE, BAROMETER_BAD_RAW_PRESSURE, NODATA, NODATA, NODATA, NODATA, NODATA, NODATA, NODATA, SSV_BAD_TEMPERATURE, NODATA, NODATA, NODATA, NODATA, NODATA,2024/04/12 10:01:00,2024-04-12 10:01:00+00:00
2024/04/12, 10:02:00, NODATA, NODATA, NODATA, NODATA,, NODATA, NODATA, NODATA, NODATA, NODATA, NODATA, NODATA, NODATA, NODATA, NODATA, NODATA, NODATA, NODATA, NODATA, NODATA, TRUEWIND_BAD_SOG, TRUEWIND_BAD_SOG, TRUEWIND_BAD_SOG, TRUEWIND_BAD_SOG, BAROMETER_BAD_RAW_PRESSURE, BAROMETER_BAD_RAW_PRESSURE, NODATA, NODATA, NODATA, NODATA, NODATA, NODATA, NODATA, SSV_BAD_TEMPERATURE, NODATA, NODATA, NODATA, NODATA, NODATA,2024/04/12 10:02:00,2024-04-12 10:02:00+00:00
2024/04/12, 10:03:00, NODATA, NODATA, NODATA, NODATA,, NODATA, NODATA, NODATA, NODATA, NODATA, NODATA, NODATA, NODATA, NODATA, NODATA, NODATA, NODATA, NODATA, NODATA, NODATA, TRUEWIND_BAD_SOG, TRUEWIND_BAD_SOG, TRUEWIND_BAD_SOG, TRUEWIND_BAD_SOG, BAROMETER_BAD_RAW_PRESSURE, BAROMETER_BAD_RAW_PRESSURE, NODATA, NODATA, NODATA, NODATA, NODATA, NODATA, NODATA, SSV_BAD_TEMPERATURE, NODATA, NODATA, NODATA, NODATA, NODATA,2024/04/12 10:03:00,2024-04-12 10:03:00+00:00
2024/04/12, 10:04:00, NODATA, NODATA, NODATA, NODATA,, NODATA, NODATA, NODATA, NODATA, NODATA, NODATA, NODATA, NODATA, NODATA, NODATA, NODATA, NODATA, NODATA, NODATA, NODATA, TRUEWIND_BAD_SOG, TRUEWIND_BAD_SOG, TRUEWIND_BAD_SOG, TRUEWIND_BAD_SOG, BAROMETER_BAD_RAW_PRESSURE, BAROMETER_BAD_RAW_PRESSURE, NODATA, NODATA, NODATA, NODATA, NODATA, NODATA, NODATA, SSV_BAD_TEMPERATURE, NODATA, NODATA, NODATA, NODATA, NODATA,2024/04/12 10:04:00,2024-04-12 10:04:00+00:00
2024/04/12, 10:05:00, NODATA, NODATA, NODATA, NODATA,, NODATA, NODATA, NODATA, NODATA, NODATA, NODATA, NODATA, NODATA, NODATA, NODATA, NODATA, NODATA, NODATA, NODATA, NODATA, TRUEWIND_BAD_SOG, TRUEWIND_BAD_SOG, TRUEWIND_BAD_SOG, TRUEWIND_BAD_SOG, BAROMETER_BAD_RAW_PRESSURE, BAROMETER_BAD_RAW_PRESSURE, NODATA, NODATA, NODATA, NODATA, NODATA, NODATA, NODATA, SSV_BAD_TEMPERATURE, NODATA, NODATA, NODATA, NODATA, NODATA,2024/04/12 10:05:00,2024-04-12 10:05:00+00:00
2024/04/12, 10:06:00, NODATA, NODATA, NODATA, NODATA,, NODATA, NODATA, NODATA, NODATA, NODATA, NODATA, NODATA, NODATA, NODATA, NODATA, NODATA, NODATA, NODATA, NODATA, NODATA, TRUEWIND_BAD_SOG, TRUEWIND_BAD_SOG, TRUEWIND_BAD_SOG, TRUEWIND_BAD_SOG, BAROMETER_BAD_RAW_PRESSURE, BAROMETER_BAD_RAW_PRESSURE, NODATA, NODATA, NODATA, NODATA, NODATA, NODATA, NODATA, SSV_BAD_TEMPERATURE, NODATA, NODATA, NODATA, NODATA, NODATA,2024/04/12 10:06:00,2024-04-12 10:06:00+00:00
2024/04/12, 10:07:00, NODATA, NODATA, NODATA, NODATA,, NODATA, NODATA, NODATA, NODATA, NODATA, NODATA, NODATA, NODATA, NODATA, NODATA, NODATA, NODATA, NODATA, NODATA, NODATA, TRUEWIND_BAD_SOG, TRUEWIND_BAD_SOG, TRUEWIND_BAD_SOG, TRUEWIND_BAD_SOG, BAROMETER_BAD_RAW_PRESSURE, BAROMETER_BAD_RAW_PRESSURE, NODATA, NODATA, NODATA, NODATA, NODATA, NODATA, NODATA, SSV_BAD_TEMPERATURE, NODATA, NODATA, NODATA, NODATA, NODATA,2024/04/12 10:07:00,2024-04-12 10:07:00+00:00
2024/04/12, 10:08:00, NODATA, NODATA, NODATA, NODATA,, NODATA, NODATA, NODATA, NODATA, NODATA, NODATA, NODATA, NODATA, NODATA, NODATA, NODATA, NODATA, NODATA, NODATA, NODATA, TRUEWIND_BAD_SOG, TRUEWIND_BAD_SOG, TRUEWIND_BAD_SOG, TRUEWIND_BAD_SOG, BAROMETER_BAD_RAW_PRESSURE, BAROMETER_BAD_RAW_PRESSURE, NODATA, NODATA, NODATA, NODATA, NODATA, NODATA, NODATA, SSV_BAD_TEMPERATURE, NODATA, NODATA, NODATA, NODATA, NODATA,2024/04/12 10:08:00,2024-04-12 10:08:00+00:00
2024/04/12, 10:09:00, NODATA, NODATA, NODATA, NODATA,, NODATA, NODATA, NODATA, NODATA, NODATA, NODATA, NODATA, NODATA, NODATA, NODATA, NODATA, NODATA, NODATA, NODATA, NODATA, TRUEWIND_BAD_SOG, TRUEWIND_BAD_SOG, TRUEWIND_BAD_SOG, TRUEWIND_BAD_SOG, BAROMETER_BAD_RAW_PRESSURE, BAROMETER_BAD_RAW_PRESSURE, NODATA, NODATA, NODATA, NODATA, NODATA, NODATA, NODATA, SSV_BAD_TEMPERATURE, NODATA, NODATA, NODATA, NODATA, NODATA,2024/04/12 10:09:00,2024-04-12 10:09:00+00:00
2024/04/12, 10:10:00, NODATA, NODATA, NODATA, NODATA,, NODATA, NODATA, NODATA, NODATA, NODATA, NODATA, NODATA, NODATA, NODATA, NODATA, NODATA, NODATA, NODATA, NODATA, NODATA, TRUEWIND_BAD_SOG, TRUEWIND_BAD_SOG, TRUEWIND_BAD_SOG, TRUEWIND_BAD_SOG, BAROMETER_BAD_RAW_PRESSURE, BAROMETER_BAD_RAW_PRESSURE, NODATA, NODATA, NODATA, NODATA, NODATA, NODATA, NODATA, SSV_BAD_TEMPERATURE, NODATA, NODATA, NODATA, NODATA, NODATA,2024/04/12 10:10:00,2024-04-12 10:10:00+00:00
2024/04/12, 10:11:00, NODATA, NODATA, NODATA, NODATA,, NODATA, NODATA, NODATA, NODATA, NODATA, NODATA, NODATA, NODATA, NODATA, NODATA, NODATA, NODATA, NODATA, NODATA, NODATA, TRUEWIND_BAD_SOG, TRUEWIND_BAD_SOG, TRUEWIND_BAD_SOG, TRUEWIND_BAD_SOG, BAROMETER_BAD_RAW_PRESSURE, BAROMETER_BAD_RAW_PRESSURE, NODATA, NODATA, NODATA, NODATA, NODATA, NODATA, NODATA, SSV_BAD_TEMPERATURE, NODATA, NODATA, NODATA, NODATA, NODATA,2024/04/12 10:11:00,2024-04-12 10:11:00+00:00
2024/04/12, 10:12:00, NODATA, NODATA, NODATA, NODATA,, NODATA, NODATA, NODATA, NODATA, NODATA, NODATA, NODATA, NODATA, NODATA, NODATA, NODATA, NODATA, NODATA, NODATA, NODATA, TRUEWIND_BAD_SOG, TRUEWIND_BAD_SOG, TRUEWIND_BAD_SOG, TRUEWIND_BAD_SOG, BAROMETER_BAD_RAW_PRESSURE, BAROMETER_BAD_RAW_PRESSURE, NODATA, NODATA, NODATA, NODATA, NODATA, NODATA, NODATA, SSV_BAD_TEMPERATURE, NODATA, NODATA, NODATA, NODATA, NODATA,2024/04/12 10:12:00,2024-04-12 10:12:00+00:00
2024/04/12, 10:13:00, NODATA, NODATA, NODATA, NODATA,, NODATA, NODATA, NODATA, NODATA, NODATA, NODATA, NODATA, NODATA, NODATA, NODATA, NODATA, NODATA, NODATA, NODATA, NODATA, TRUEWIND_BAD_SOG, TRUEWIND_BAD_SOG, TRUEWIND_BAD_SOG, TRUEWIND_BAD_SOG, BAROMETER_BAD_RAW_PRESSURE, BAROMETER_BAD_RAW_PRESSURE, NODATA, NODATA, NODATA, NODATA, NODATA, NODATA, NODATA, SSV_BAD_TEMPERATURE, NODATA, NODATA, NODATA, NODATA, NODATA,2024/04/12 10:13:00,2024-04-12 10:13:00+00:00
2024/04/12, 10:14:00, NODATA, NODATA, NODATA, NODATA,, NODATA, NODATA, NODATA, NODATA, NODATA, NODATA, NODATA, NODATA, NODATA, NODATA, NODATA, NODATA, NODATA, NODATA, NODATA, TRUEWIND_BAD_SOG, TRUEWIND_BAD_SOG, TRUEWIND_BAD_SOG, TRUEWIND_BAD_SOG, BAROMETER_BAD_RAW_PRESSURE, BAROMETER_BAD_RAW_PRESSURE, NODATA, NODATA, NODATA, NODATA, NODATA, NODATA, NODATA, SSV_BAD_TEMPERATURE, NODATA, NODATA, NODATA, NODATA, NODATA,2024/04/12 10:14:00,2024-04-12 10:14:00+00:00
2024/04/12, 10:15:00, NODATA, NODATA, NODATA, NODATA,, NODATA, NODATA, NODATA, NODATA, NODATA, NODATA, NODATA, NODATA, NODATA, NODATA, NODATA, NODATA, NODATA, NODATA, NODATA, TRUEWIND_BAD_SOG, TRUEWIND_BAD_SOG, TRUEWIND_BAD_SOG, TRUEWIND_BAD_SOG, BAROMETER_BAD_RAW_PRESSURE, BAROMETER_BAD_RAW_PRESSURE, NODATA, NODATA, NODATA, NODATA, NODATA, NODATA, NODATA, SSV_BAD_TEMPERATURE, NODATA, NODATA, NODATA, NODATA, NODATA,2024/04/12 10:15:00,2024-04-12 10:15:00+00:00
2024/04/12, 10:16:00, NODATA, NODATA, NODATA, NODATA,, NODATA, NODATA, NODATA, NODATA, NODATA, NODATA, NODATA, NODATA, NODATA, NODATA, NODATA, NODATA, NODATA, NODATA, NODATA, TRUEWIND_BAD_SOG, TRUEWIND_BAD_SOG, TRUEWIND_BAD_SOG, TRUEWIND_BAD_SOG, BAROMETER_BAD_RAW_PRESSURE, BAROMETER_BAD_RAW_PRESSURE, NODATA, NODATA, NODATA, NODATA, NODATA, NODATA, NODATA, SSV_BAD_TEMPERATURE, NODATA, NODATA, NODATA, NODATA, NODATA,2024/04/12 10:16:00,2024-04-12 10:16:00+00:00
2024/04/12, 10:17:00, NODATA, NODATA, NODATA, NODATA,, NODATA, NODATA, NODATA, NODATA, NODATA, NODATA, NODATA, NODATA, NODATA, NODATA, NODATA, NODATA, NODATA, NODATA, NODATA, TRUEWIND_BAD_SOG, TRUEWIND_BAD_SOG, TRUEWIND_BAD_SOG, TRUEWIND_BAD_SOG, BAROMETER_BAD_RAW_PRESSURE, BAROMETER_BAD_RAW_PRESSURE, NODATA, NODATA, NODATA, NODATA, NODATA, NODATA, NODATA, SSV_BAD_TEMPERATURE, NODATA, NODATA, NODATA, NODATA, NODATA,2024/04/12 10:17:00,2024-04-12 10:17:00+00:00
2024/04/12, 10:18:00, NODATA, NODATA, NODATA, NODATA,, NODATA, NODATA, NODATA, NODATA, NODATA, NODATA, NODATA, NODATA, NODATA, NODATA, NODATA, NODATA, NODATA, NODATA, NODATA, TRUEWIND_BAD_SOG, TRUEWIND_BAD_SOG, TRUEWIND_BAD_SOG, TRUEWIND_BAD_SOG, BAROMETER_BAD_RAW_PRESSURE, BAROMETER_BAD_RAW_PRESSURE, NODATA, NODATA, NODATA, NODATA, NODATA, NODATA, NODATA, SSV_BAD_TEMPERATURE, NODATA, NODATA, NODATA, NODATA, NODATA,2024/04/12 10:18:00,2024-04-12 10:18:00+00:00
2024/04/12, 10:19:00, NODATA, NODATA, NODATA, NODATA,, NODATA, NODATA, NODATA, NODATA, NODATA, NODATA, NODATA, NODATA, NODATA, NODATA, NODATA, NODATA, NODATA, NODATA, NODATA, TRUEWIND_BAD_SOG, TRUEWIND_BAD_SOG, TRUEWIND_BAD_SOG, TRUEWIND_BAD_SOG, BAROMETER_BAD_RAW_PRESSURE, BAROMETER_BAD_RAW_PRESSURE, NODATA, NODATA, NODATA, NODATA, NODATA, NODATA, NODATA, SSV_BAD_TEMPERATURE, NODATA, NODATA, NODATA, NODATA, NODATA,2024/04/12 10:19:00,2024-04-12 10:19:00+00:00
2024/04/12, 10:20:00, NODATA, NODATA, NODATA, NODATA,, NODATA, NODATA, NODATA, NODATA, NODATA, NODATA, NODATA, NODATA, NODATA, NODATA, NODATA, NODATA, NODATA, NODATA, NODATA, TRUEWIND_BAD_SOG, TRUEWIND_BAD_SOG, TRUEWIND_BAD_SOG, TRUEWIND_BAD_SOG, BAROMETER_BAD_RAW_PRESSURE, BAROMETER_BAD_RAW_PRESSURE, NODATA, NODATA, NODATA, NODATA, NODATA, NODATA, NODATA, SSV_BAD_TEMPERATURE, NODATA, NODATA, NODATA, NODATA, NODATA,2024/04/12 10:20:00,2024-04-12 10:20:00+00:00
2024/04/12, 10:21:00, NODATA, NODATA, NODATA, NODATA,, NODATA, NODATA, NODATA, NODATA, NODATA, NODATA, NODATA, NODATA, NODATA, NODATA, NODATA, NODATA, NODATA, NODATA, NODATA, TRUEWIND_BAD_SOG, TRUEWIND_BAD_SOG, TRUEWIND_BAD_SOG, TRUEWIND_BAD_SOG, BAROMETER_BAD_RAW_PRESSURE, BAROMETER_BAD_RAW_PRESSURE, NODATA, NODATA, NODATA, NODATA, NODATA, NODATA, NODATA, SSV_BAD_TEMPERATURE, NODATA, NODATA, NODATA, NODATA, NODATA,2024/04/12 10:21:00,2024-04-12 10:21:00+00:00
2024/04/12, 10:22:00, NODATA, NODATA, NODATA, NODATA,, NODATA, NODATA, NODATA, NODATA, NODATA, NODATA, NODATA, NODATA, NODATA, NODATA, NODATA, NODATA, NODATA, NODATA, NODATA, TRUEWIND_BAD_SOG, TRUEWIND_BAD_SOG, TRUEWIND_BAD_SOG, TRUEWIND_BAD_SOG, BAROMETER_BAD_RAW_PRESSURE, BAROMETER_BAD_RAW_PRESSURE, NODATA, NODATA, NODATA, NODATA, NODATA, NODATA, NODATA, SSV_BAD_TEMPERATURE, NODATA, NODATA, NODATA, NODATA, NODATA,2024/04/12 10:22:00,2024-04-12 10:22:00+00:00
2024/04/12, 10:23:00, NODATA, NODATA, NODATA, NODATA,, NODATA, NODATA, NODATA, NODATA, NODATA, NODATA, NODATA, NODATA, NODATA, NODATA, NODATA, NODATA, NODATA, NODATA, NODATA, TRUEWIND_BAD_SOG, TRUEWIND_BAD_SOG, TRUEWIND_BAD_SOG, TRUEWIND_BAD_SOG, BAROMETER_BAD_RAW_PRESSURE, BAROMETER_BAD_RAW_PRESSURE, NODATA, NODATA, NODATA, NODATA, NODATA, NODATA, NODATA, SSV_BAD_TEMPERATURE, NODATA, NODATA, NODATA, NODATA, NODATA,2024/04/12 10:23:00,2024-04-12 10:23:00+00:00
2024/04/12, 10:24:00, NODATA, NODATA, NODATA, NODATA,, NODATA, NODATA, NODATA, NODATA, NODATA, NODATA, NODATA, NODATA, NODATA, NODATA, NODATA, NODATA, NODATA, NODATA, NODATA, TRUEWIND_BAD_SOG, TRUEWIND_BAD_SOG, TRUEWIND_BAD_SOG, TRUEWIND_BAD_SOG, BAROMETER_BAD_RAW_PRESSURE, BAROMETER_BAD_RAW_PRESSURE, NODATA, NODATA, NODATA, NODATA, NODATA, NODATA, NODATA, SSV_BAD_TEMPERATURE, NODATA, NODATA, NODATA, NODATA, NODATA,2024/04/12 10:24:00,2024-04-12 10:24:00+00:00
2024/04/12, 10:25:00, NODATA, NODATA, NODATA, NODATA,, NODATA, NODATA, NODATA, NODATA, NODATA, NODATA, NODATA, NODATA, NODATA, NODATA, NODATA, NODATA, NODATA, NODATA, NODATA, TRUEWIND_BAD_SOG, TRUEWIND_BAD_SOG, TRUEWIND_BAD_SOG, TRUEWIND_BAD_SOG, BAROMETER_BAD_RAW_PRESSURE, BAROMETER_BAD_RAW_PRESSURE, NODATA, NODATA, NODATA, NODATA, NODATA, NODATA, NODATA, SSV_BAD_TEMPERATURE, NODATA, NODATA, NODATA, NODATA, NODATA,2024/04/12 10:25:00,2024-04-12 10:25:00+00:00
2024/04/12, 10:26:00, NODATA, NODATA, NODATA, NODATA,, NODATA, NODATA, NODATA, NODATA, NODATA, NODATA, NODATA, NODATA, NODATA, NODATA, NODATA, NODATA, NODATA, NODATA, NODATA, TRUEWIND_BAD_SOG, TRUEWIND_BAD_SOG, TRUEWIND_BAD_SOG, TRUEWIND_BAD_SOG, BAROMETER_BAD_RAW_PRESSURE, BAROMETER_BAD_RAW_PRESSURE, NODATA, NODATA, NODATA, NODATA, NODATA, NODATA, NODATA, SSV_BAD_TEMPERATURE, NODATA, NODATA, NODATA, NODATA, NODATA,2024/04/12 10:26:00,2024-04-12 10:26:00+00:00
2024/04/12, 10:27:00, NODATA, NODATA, NODATA, NODATA,, NODATA, NODATA, NODATA, NODATA, NODATA, NODATA, NODATA, NODATA, NODATA, NODATA, NODATA, NODATA, NODATA, NODATA, NODATA, TRUEWIND_BAD_SOG, TRUEWIND_BAD_SOG, TRUEWIND_BAD_SOG, TRUEWIND_BAD_SOG, BAROMETER_BAD_RAW_PRESSURE, BAROMETER_BAD_RAW_PRESSURE, NODATA, NODATA, NODATA, NODATA, NODATA, NODATA, NODATA, SSV_BAD_TEMPERATURE, NODATA, NODATA, NODATA, NODATA, NODATA,2024/04/12 10:27:00,2024-04-12 10:27:00+00:00
2024/04/12, 10:28:00, NODATA, NODATA, NODATA, NODATA,, NODATA, NODATA, NODATA, NODATA, NODATA, NODATA, NODATA, NODATA, NODATA, NODATA, NODATA, NODATA, NODATA, NODATA, NODATA, TRUEWIND_BAD_SOG, TRUEWIND_BAD_SOG, TRUEWIND_BAD_SOG, TRUEWIND_BAD_SOG, BAROMETER_BAD_RAW_PRESSURE, BAROMETER_BAD_RAW_PRESSURE, NODATA, NODATA, NODATA, NODATA, NODATA, NODATA, NODATA, SSV_BAD_TEMPERATURE, NODATA, NODATA, NODATA, NODATA, NODATA,2024/04/12 10:28:00,2024-04-12 10:28:00+00:00
2024/04/12, 10:29:00, NODATA, NODATA, NODATA, NODATA,, NODATA, NODATA, NODATA, NODATA, NODATA, NODATA, NODATA, NODATA, NODATA, NODATA, NODATA, NODATA, NODATA, NODATA, NODATA, TRUEWIND_BAD_SOG, TRUEWIND_BAD_SOG, TRUEWIND_BAD_SOG, TRUEWIND_BAD_SOG, BAROMETER_BAD_RAW_PRESSURE, BAROMETER_BAD_RAW_PRESSURE, NODATA, NODATA, NODATA, NODATA, NODATA, NODATA, NODATA, SSV_BAD_TEMPERATURE, NODATA, NODATA, NODATA, NODATA, NODATA,2024/04/12 10:29:00,2024-04-12 10:29:00+00:00
2024/04/12, 10:30:00, NODATA, NODATA, NODATA, NODATA,, NODATA, NODATA, NODATA, NODATA, NODATA, NODATA, NODATA, NODATA, NODATA, NODATA, NODATA, NODATA, NODATA, NODATA, NODATA, TRUEWIND_BAD_SOG, TRUEWIND_BAD_SOG, TRUEWIND_BAD_SOG, TRUEWIND_BAD_SOG, BAROMETER_BAD_RAW_PRESSURE, BAROMETER_BAD_RAW_PRESSURE, NODATA, NODATA, NODATA, NODATA, NODATA, NODATA, NODATA, SSV_BAD_TEMPERATURE, NODATA, NODATA, NODATA, NODATA, NODATA,2024/04/12 10:30:00,2024-04-12 10:30:00+00:00
2024/04/12, 10:31:00, NODATA, NODATA, NODATA, NODATA,, NODATA, NODATA, NODATA, NODATA, NODATA, NODATA, NODATA, NODATA, NODATA, NODATA, NODATA, NODATA, NODATA, NODATA, NODATA, TRUEWIND_BAD_SOG, TRUEWIND_BAD_SOG, TRUEWIND_BAD_SOG, TRUEWIND_BAD_SOG, BAROMETER_BAD_RAW_PRESSURE, BAROMETER_BAD_RAW_PRESSURE, NODATA, NODATA, NODATA, NODATA, NODATA, NODATA, NODATA, SSV_BAD_TEMPERATURE, NODATA, NODATA, NODATA, NODATA, NODATA,2024/04/12 10:31:00,2024-04-12 10:31:00+00:00
2024/04/12, 10:32:00, NODATA, NODATA, NODATA, NODATA,, NODATA, NODATA, NODATA, NODATA, NODATA, NODATA, NODATA, NODATA, NODATA, NODATA, NODATA, NODATA, NODATA, NODATA, NODATA, TRUEWIND_BAD_SOG, TRUEWIND_BAD_SOG, TRUEWIND_BAD_SOG, TRUEWIND_BAD_SOG, BAROMETER_BAD_RAW_PRESSURE, BAROMETER_BAD_RAW_PRESSURE, NODATA, NODATA, NODATA, NODATA, NODATA, NODATA, NODATA, SSV_BAD_TEMPERATURE, NODATA, NODATA, NODATA, NODATA, NODATA,2024/04/12 10:32:00,2024-04-12 10:32:00+00:00
2024/04/12, 10:33:00, NODATA, NODATA, NODATA, NODATA,, NODATA, NODATA, NODATA, NODATA, NODATA, NODATA, NODATA, NODATA, NODATA, NODATA, NODATA, NODATA, NODATA, NODATA, NODATA, TRUEWIND_BAD_SOG, TRUEWIND_BAD_SOG, TRUEWIND_BAD_SOG, TRUEWIND_BAD_SOG, BAROMETER_BAD_RAW_PRESSURE, BAROMETER_BAD_RAW_PRESSURE, NODATA, NODATA, NODATA, NODATA, NODATA, NODATA, NODATA, SSV_BAD_TEMPERATURE, NODATA, NODATA, NODATA, NODATA, NODATA,2024/04/12 10:33:00,2024-04-12 10:33:00+00:00
2024/04/12, 10:34:00, NODATA, NODATA, NODATA, NODATA,, NODATA, NODATA, NODATA, NODATA, NODATA, NODATA, NODATA, NODATA, NODATA, NODATA, NODATA, NODATA, NODATA, NODATA, NODATA, TRUEWIND_BAD_SOG, TRUEWIND_BAD_SOG, TRUEWIND_BAD_SOG, TRUEWIND_BAD_SOG, BAROMETER_BAD_RAW_PRESSURE, BAROMETER_BAD_RAW_PRESSURE, NODATA, NODATA, NODATA, NODATA, NODATA, NODATA, NODATA, SSV_BAD_TEMPERATURE, NODATA, NODATA, NODATA, NODATA, NODATA,2024/04/12 10:34:00,2024-04-12 10:34:00+00:00
2024/04/12, 10:35:00, NODATA, NODATA, NODATA, NODATA,, NODATA, NODATA, NODATA, NODATA, NODATA, NODATA, NODATA, NODATA, NODATA, NODATA, NODATA, NODATA, NODATA, NODATA, NODATA, TRUEWIND_BAD_SOG, TRUEWIND_BAD_SOG, TRUEWIND_BAD_SOG, TRUEWIND_BAD_SOG, BAROMETER_BAD_RAW_PRESSURE, BAROMETER_BAD_RAW_PRESSURE, NODATA, NODATA, NODATA, NODATA, NODATA, NODATA, NODATA, SSV_BAD_TEMPERATURE, NODATA, NODATA, NODATA, NODATA, NODATA,2024/04/12 10:35:00,2024-04-12 10:35:00+00:00
2024/04/12, 10:36:00, NODATA, NODATA, NODATA, NODATA,, NODATA, NODATA, NODATA, NODATA, NODATA, NODATA, NODATA, NODATA, NODATA, NODATA, NODATA, NODATA, NODATA, NODATA, NODATA, TRUEWIND_BAD_SOG, TRUEWIND_BAD_SOG, TRUEWIND_BAD_SOG, TRUEWIND_BAD_SOG, BAROMETER_BAD_RAW_PRESSURE, BAROMETER_BAD_RAW_PRESSURE, NODATA, NODATA, NODATA, NODATA, NODATA, NODATA, NODATA, SSV_BAD_TEMPERATURE, NODATA, NODATA, NODATA, NODATA, NODATA,2024/04/12 10:36:00,2024-04-12 10:36:00+00:00
2024/04/12, 10:37:00, NODATA, NODATA, NODATA, NODATA,, NODATA, NODATA, NODATA, NODATA, NODATA, NODATA, NODATA, NODATA, NODATA, NODATA, NODATA, NODATA, NODATA, NODATA, NODATA, TRUEWIND_BAD_SOG, TRUEWIND_BAD_SOG, TRUEWIND_BAD_SOG, TRUEWIND_BAD_SOG, BAROMETER_BAD_RAW_PRESSURE, BAROMETER_BAD_RAW_PRESSURE, NODATA, NODATA, NODATA, NODATA, NODATA, NODATA, NODATA, SSV_BAD_TEMPERATURE, NODATA, NODATA, NODATA, NODATA, NODATA,2024/04/12 10:37:00,2024-04-12 10:37:00+00:00
2024/04/12, 10:38:00, NODATA, NODATA, NODATA, NODATA,, NODATA, NODATA, NODATA, NODATA, NODATA, NODATA, NODATA, NODATA, NODATA, NODATA, NODATA, NODATA, NODATA, NODATA, NODATA, TRUEWIND_BAD_SOG, TRUEWIND_BAD_SOG, TRUEWIND_BAD_SOG, TRUEWIND_BAD_SOG, BAROMETER_BAD_RAW_PRESSURE, BAROMETER_BAD_RAW_PRESSURE, NODATA, NODATA, NODATA, NODATA, NODATA, NODATA, NODATA, SSV_BAD_TEMPERATURE, NODATA, NODATA, NODATA, NODATA, NODATA,2024/04/12 10:38:00,2024-04-12 10:38:00+00:00
2024/04/12, 10:39:00, NODATA, NODATA, NODATA, NODATA,, NODATA, NODATA, NODATA, NODATA, NODATA, NODATA, NODATA, NODATA, NODATA, NODATA, NODATA, NODATA, NODATA, NODATA, NODATA, TRUEWIND_BAD_SOG, TRUEWIND_BAD_SOG, TRUEWIND_BAD_SOG, TRUEWIND_BAD_SOG, BAROMETER_BAD_RAW_PRESSURE, BAROMETER_BAD_RAW_PRESSURE, NODATA, NODATA, NODATA, NODATA, NODATA, NODATA, NODATA, SSV_BAD_TEMPERATURE, NODATA, NODATA, NODATA, NODATA, NODATA,2024/04/12 10:39:00,2024-04-12 10:39:00+00:00
2024/04/12, 10:40:00, NODATA, NODATA, NODATA, NODATA,, NODATA, NODATA, NODATA, NODATA, NODATA, NODATA, NODATA, NODATA, NODATA, NODATA, NODATA, NODATA, NODATA, NODATA, NODATA, TRUEWIND_BAD_SOG, TRUEWIND_BAD_SOG, TRUEWIND_BAD_SOG, TRUEWIND_BAD_SOG, BAROMETER_BAD_RAW_PRESSURE, BAROMETER_BAD_RAW_PRESSURE, NODATA, NODATA, NODATA, NODATA, NODATA, NODATA, NODATA, SSV_BAD_TEMPERATURE, NODATA, NODATA, NODATA, NODATA, NODATA,2024/04/12 10:40:00,2024-04-12 10:40:00+00:00
2024/04/12, 10:41:00, NODATA, NODATA, NODATA, NODATA,, NODATA, NODATA, NODATA, NODATA, NODATA, NODATA, NODATA, NODATA, NODATA, NODATA, NODATA, NODATA, NODATA, NODATA, NODATA, TRUEWIND_BAD_SOG, TRUEWIND_BAD_SOG, TRUEWIND_BAD_SOG, TRUEWIND_BAD_SOG, BAROMETER_BAD_RAW_PRESSURE, BAROMETER_BAD_RAW_PRESSURE, NODATA, NODATA, NODATA, NODATA, NODATA, NODATA, NODATA, SSV_BAD_TEMPERATURE, NODATA, NODATA, NODATA, NODATA, NODATA,2024/04/12 10:41:00,2024-04-12 10:41:00+00:00
2024/04/12, 10:42:00, NODATA, NODATA, NODATA, NODATA,, NODATA, NODATA, NODATA, NODATA, NODATA, NODATA, NODATA, NODATA, NODATA, NODATA, NODATA, NODATA, NODATA, NODATA, NODATA, TRUEWIND_BAD_SOG, TRUEWIND_BAD_SOG, TRUEWIND_BAD_SOG, TRUEWIND_BAD_SOG, BAROMETER_BAD_RAW_PRESSURE, BAROMETER_BAD_RAW_PRESSURE, NODATA, NODATA, NODATA, NODATA, NODATA, NODATA, NODATA, SSV_BAD_TEMPERATURE, NODATA, NODATA, NODATA, NODATA, NODATA,2024/04/12 10:42:00,2024-04-12 10:42:00+00:00
2024/04/12, 10:43:00, NODATA, NODATA, NODATA, NODATA,, NODATA, NODATA, NODATA, NODATA, NODATA, NODATA, NODATA, NODATA, NODATA, NODATA, NODATA, NODATA, NODATA, NODATA, NODATA, TRUEWIND_BAD_SOG, TRUEWIND_BAD_SOG, TRUEWIND_BAD_SOG, TRUEWIND_BAD_SOG, BAROMETER_BAD_RAW_PRESSURE, BAROMETER_BAD_RAW_PRESSURE, NODATA, NODATA, NODATA, NODATA, NODATA, NODATA, NODATA, SSV_BAD_TEMPERATURE, NODATA, NODATA, NODATA, NODATA, NODATA,2024/04/12 10:43:00,2024-04-12 10:43:00+00:00
2024/04/12, 10:44:00, NODATA, NODATA, NODATA, NODATA,, NODATA, NODATA, NODATA, NODATA, NODATA, NODATA, NODATA, NODATA, NODATA, NODATA, NODATA, NODATA, NODATA, NODATA, NODATA, TRUEWIND_BAD_SOG, TRUEWIND_BAD_SOG, TRUEWIND_BAD_SOG, TRUEWIND_BAD_SOG, BAROMETER_BAD_RAW_PRESSURE, BAROMETER_BAD_RAW_PRESSURE, NODATA, NODATA, NODATA, NODATA, NODATA, NODATA, NODATA, SSV_BAD_TEMPERATURE, NODATA, NODATA, NODATA, NODATA, NODATA,2024/04/12 10:44:00,2024-04-12 10:44:00+00:00
2024/04/12, 10:45:00, NODATA, NODATA, NODATA, NODATA,, NODATA, NODATA, NODATA, NODATA, NODATA, NODATA, NODATA, NODATA, NODATA, NODATA, NODATA, NODATA, NODATA, NODATA, NODATA, TRUEWIND_BAD_SOG, TRUEWIND_BAD_SOG, TRUEWIND_BAD_SOG, TRUEWIND_BAD_SOG, BAROMETER_BAD_RAW_PRESSURE, BAROMETER_BAD_RAW_PRESSURE, NODATA, NODATA, NODATA, NODATA, NODATA, NODATA, NODATA, SSV_BAD_TEMPERATURE, NODATA, NODATA, NODATA, NODATA, NODATA,2024/04/12 10:45:00,2024-04-12 10:45:00+00:00
2024/04/12, 10:46:00, NODATA, NODATA, NODATA, NODATA,, NODATA, NODATA, NODATA, NODATA, NODATA, NODATA, NODATA, NODATA, NODATA, NODATA, NODATA, NODATA, NODATA, NODATA, NODATA, TRUEWIND_BAD_SOG, TRUEWIND_BAD_SOG, TRUEWIND_BAD_SOG, TRUEWIND_BAD_SOG, BAROMETER_BAD_RAW_PRESSURE, BAROMETER_BAD_RAW_PRESSURE, NODATA, NODATA, NODATA, NODATA, NODATA, NODATA, NODATA, SSV_BAD_TEMPERATURE, NODATA, NODATA, NODATA, NODATA, NODATA,2024/04/12 10:46:00,2024-04-12 10:46:00+00:00
2024/04/12, 10:47:00, NODATA, NODATA, NODATA, NODATA,, NODATA, NODATA, NODATA, NODATA, NODATA, NODATA, NODATA, NODATA, NODATA, NODATA, NODATA, NODATA, NODATA, NODATA, NODATA, TRUEWIND_BAD_SOG, TRUEWIND_BAD_SOG, TRUEWIND_BAD_SOG, TRUEWIND_BAD_SOG, BAROMETER_BAD_RAW_PRESSURE, BAROMETER_BAD_RAW_PRESSURE, NODATA, NODATA, NODATA, NODATA, NODATA, NODATA, NODATA, SSV_BAD_TEMPERATURE, NODATA, NODATA, NODATA, NODATA, NODATA,2024/04/12 10:47:00,2024-04-12 10:47:00+00:00
2024/04/12, 10:48:00, NODATA, NODATA, NODATA, NODATA,, NODATA, NODATA, NODATA, NODATA, NODATA, NODATA, NODATA, NODATA, NODATA, NODATA, NODATA, NODATA, NODATA, NODATA, NODATA, TRUEWIND_BAD_SOG, TRUEWIND_BAD_SOG, TRUEWIND_BAD_SOG, TRUEWIND_BAD_SOG, BAROMETER_BAD_RAW_PRESSURE, BAROMETER_BAD_RAW_PRESSURE, NODATA, NODATA, NODATA, NODATA, NODATA, NODATA, NODATA, SSV_BAD_TEMPERATURE, NODATA, NODATA, NODATA, NODATA, NODATA,2024/04/12 10:48:00,2024-04-12 10:48:00+00:00
2024/04/12, 10:49:00, NODATA, NODATA, NODATA, NODATA,, NODATA, NODATA, NODATA, NODATA, NODATA, NODATA, NODATA, NODATA, NODATA, NODATA, NODATA, NODATA, NODATA, NODATA, NODATA, TRUEWIND_BAD_SOG, TRUEWIND_BAD_SOG, TRUEWIND_BAD_SOG, TRUEWIND_BAD_SOG, BAROMETER_BAD_RAW_PRESSURE, BAROMETER_BAD_RAW_PRESSURE, NODATA, NODATA, NODATA, NODATA, NODATA, NODATA, NODATA, SSV_BAD_TEMPERATURE, NODATA, NODATA, NODATA, NODATA, NODATA,2024/04/12 10:49:00,2024-04-12 10:49:00+00:00
2024/04/12, 10:50:00, NODATA, NODATA, NODATA, NODATA,, NODATA, NODATA, NODATA, NODATA, NODATA, NODATA, NODATA, NODATA, NODATA, NODATA, NODATA, NODATA, NODATA, NODATA, NODATA, TRUEWIND_BAD_SOG, TRUEWIND_BAD_SOG, TRUEWIND_BAD_SOG, TRUEWIND_BAD_SOG, BAROMETER_BAD_RAW_PRESSURE, BAROMETER_BAD_RAW_PRESSURE, NODATA, NODATA, NODATA, NODATA, NODATA, NODATA, NODATA, SSV_BAD_TEMPERATURE, NODATA, NODATA, NODATA, NODATA, NODATA,2024/04/12 10:50:00,2024-04-12 10:50:00+00:00
2024/04/12, 10:51:00, NODATA, NODATA, NODATA, NODATA,, NODATA, NODATA, NODATA, NODATA, NODATA, NODATA, NODATA, NODATA, NODATA, NODATA, NODATA, NODATA, NODATA, NODATA, NODATA, TRUEWIND_BAD_SOG, TRUEWIND_BAD_SOG, TRUEWIND_BAD_SOG, TRUEWIND_BAD_SOG, BAROMETER_BAD_RAW_PRESSURE, BAROMETER_BAD_RAW_PRESSURE, NODATA, NODATA, NODATA, NODATA, NODATA, NODATA, NODATA, SSV_BAD_TEMPERATURE, NODATA, NODATA, NODATA, NODATA, NODATA,2024/04/12 10:51:00,2024-04-12 10:51:00+00:00
2024/04/12, 10:52:00, NODATA, NODATA, NODATA, NODATA,, NODATA, NODATA, NODATA, NODATA, NODATA, NODATA, NODATA, NODATA, NODATA, NODATA, NODATA, NODATA, NODATA, NODATA, NODATA, TRUEWIND_BAD_SOG, TRUEWIND_BAD_SOG, TRUEWIND_BAD_SOG, TRUEWIND_BAD_SOG, BAROMETER_BAD_RAW_PRESSURE, BAROMETER_BAD_RAW_PRESSURE, NODATA, NODATA, NODATA, NODATA, NODATA, NODATA, NODATA, SSV_BAD_TEMPERATURE, NODATA, NODATA, NODATA, NODATA, NODATA,2024/04/12 10:52:00,2024-04-12 10:52:00+00:00
2024/04/12, 10:53:00, NODATA, NODATA, NODATA, NODATA,, NODATA, NODATA, NODATA, NODATA, NODATA, NODATA, NODATA, NODATA, NODATA, NODATA, NODATA, NODATA, NODATA, NODATA, NODATA, TRUEWIND_BAD_SOG, TRUEWIND_BAD_SOG, TRUEWIND_BAD_SOG, TRUEWIND_BAD_SOG, BAROMETER_BAD_RAW_PRESSURE, BAROMETER_BAD_RAW_PRESSURE, NODATA, NODATA, NODATA, NODATA, NODATA, NODATA, NODATA, SSV_BAD_TEMPERATURE, NODATA, NODATA, NODATA, NODATA, NODATA,2024/04/12 10:53:00,2024-04-12 10:53:00+00:00
2024/04/12, 10:54:00, NODATA, NODATA, NODATA, NODATA,, NODATA, NODATA, NODATA, NODATA, NODATA, NODATA, NODATA, NODATA, NODATA, NODATA, NODATA, NODATA, NODATA, NODATA, NODATA, TRUEWIND_BAD_SOG, TRUEWIND_BAD_SOG, TRUEWIND_BAD_SOG, TRUEWIND_BAD_SOG, BAROMETER_BAD_RAW_PRESSURE, BAROMETER_BAD_RAW_PRESSURE, NODATA, NODATA, NODATA, NODATA, NODATA, NODATA, NODATA, SSV_BAD_TEMPERATURE, NODATA, NODATA, NODATA, NODATA, NODATA,2024/04/12 10:54:00,2024-04-12 10:54:00+00:00
2024/04/12, 10:55:00, NODATA, NODATA, NODATA, NODATA,, NODATA, NODATA, NODATA, NODATA, NODATA, NODATA, NODATA, NODATA, NODATA, NODATA, NODATA, NODATA, NODATA, NODATA, NODATA, TRUEWIND_BAD_SOG, TRUEWIND_BAD_SOG, TRUEWIND_BAD_SOG, TRUEWIND_BAD_SOG, BAROMETER_BAD_RAW_PRESSURE, BAROMETER_BAD_RAW_PRESSURE, NODATA, NODATA, NODATA, NODATA, NODATA, NODATA, NODATA, SSV_BAD_TEMPERATURE, NODATA, NODATA, NODATA, NODATA, NODATA,2024/04/12 10:55:00,2024-04-12 10:55:00+00:00
2024/04/12, 10:56:00, NODATA, NODATA, NODATA, NODATA,, NODATA, NODATA, NODATA, NODATA, NODATA, NODATA, NODATA, NODATA, NODATA, NODATA, NODATA, NODATA, NODATA, NODATA, NODATA, TRUEWIND_BAD_SOG, TRUEWIND_BAD_SOG, TRUEWIND_BAD_SOG, TRUEWIND_BAD_SOG, BAROMETER_BAD_RAW_PRESSURE, BAROMETER_BAD_RAW_PRESSURE, NODATA, NODATA, NODATA, NODATA, NODATA, NODATA, NODATA, SSV_BAD_TEMPERATURE, NODATA, NODATA, NODATA, NODATA, NODATA,2024/04/12 10:56:00,2024-04-12 10:56:00+00:00
2024/04/12, 10:57:00, NODATA, NODATA, NODATA, NODATA,, NODATA, NODATA, NODATA, NODATA, NODATA, NODATA, NODATA, NODATA, NODATA, NODATA, NODATA, NODATA, NODATA, NODATA, NODATA, TRUEWIND_BAD_SOG, TRUEWIND_BAD_SOG, TRUEWIND_BAD_SOG, TRUEWIND_BAD_SOG, BAROMETER_BAD_RAW_PRESSURE, BAROMETER_BAD_RAW_PRESSURE, NODATA, NODATA, NODATA, NODATA, NODATA, NODATA, NODATA, SSV_BAD_TEMPERATURE, NODATA, NODATA, NODATA, NODATA, NODATA,2024/04/12 10:57:00,2024-04-12 10:57:00+00:00
2024/04/12, 10:58:00, NODATA, NODATA, NODATA, NODATA,, NODATA, NODATA, NODATA, NODATA, NODATA, NODATA, NODATA, NODATA, NODATA, NODATA, NODATA, NODATA, NODATA, NODATA, NODATA, TRUEWIND_BAD_SOG, TRUEWIND_BAD_SOG, TRUEWIND_BAD_SOG, TRUEWIND_BAD_SOG, BAROMETER_BAD_RAW_PRESSURE, BAROMETER_BAD_RAW_PRESSURE, NODATA, NODATA, NODATA, NODATA, NODATA, NODATA, NODATA, SSV_BAD_TEMPERATURE, NODATA, NODATA, NODATA, NODATA, NODATA,2024/04/12 10:58:00,2024-04-12 10:58:00+00:00
2024/04/12, 10:59:00, NODATA, NODATA, NODATA, NODATA,, NODATA, NODATA, NODATA, NODATA, NODATA, NODATA, NODATA, NODATA, NODATA, NODATA, NODATA, NODATA, NODATA, NODATA, NODATA, TRUEWIND_BAD_SOG, TRUEWIND_BAD_SOG, TRUEWIND_BAD_SOG, TRUEWIND_BAD_SOG, BAROMETER_BAD_RAW_PRESSURE, BAROMETER_BAD_RAW_PRESSURE, NODATA, NODATA, NODATA, NODATA, NODATA, NODATA, NODATA, SSV_BAD_TEMPERATURE, NODATA, NODATA, NODATA, NODATA, NODATA,2024/04/12 10:59:00,2024-04-12 10:59:00+00:00
2024/04/12, 11:00:00, NODATA, NODATA, NODATA, NODATA,, NODATA, NODATA, NODATA, NODATA, NODATA, NODATA, NODATA, NODATA, NODATA, NODATA, NODATA, NODATA, NODATA, NODATA, NODATA, TRUEWIND_BAD_SOG, TRUEWIND_BAD_SOG, TRUEWIND_BAD_SOG, TRUEWIND_BAD_SOG, BAROMETER_BAD_RAW_PRESSURE, BAROMETER_BAD_RAW_PRESSURE, NODATA, NODATA, NODATA, NODATA, NODATA, NODATA, NODATA, SSV_BAD_TEMPERATURE, NODATA, NODATA, NODATA, NODATA, NODATA,2024/04/12 11:00:00,2024-04-12 11:00:00+00:00
2024/04/12, 11:01:00, NODATA, NODATA, NODATA, NODATA,, NODATA, NODATA, NODATA, NODATA, NODATA, NODATA, NODATA, NODATA, NODATA, NODATA, NODATA, NODATA, NODATA, NODATA, NODATA, TRUEWIND_BAD_SOG, TRUEWIND_BAD_SOG, TRUEWIND_BAD_SOG, TRUEWIND_BAD_SOG, BAROMETER_BAD_RAW_PRESSURE, BAROMETER_BAD_RAW_PRESSURE, NODATA, NODATA, NODATA, NODATA, NODATA, NODATA, NODATA, SSV_BAD_TEMPERATURE, NODATA, NODATA, NODATA, NODATA, NODATA,2024/04/12 11:01:00,2024-04-12 11:01:00+00:00
2024/04/12, 11:02:00, NODATA, NODATA, NODATA, NODATA,, NODATA, NODATA, NODATA, NODATA, NODATA, NODATA, NODATA, NODATA, NODATA, NODATA, NODATA, NODATA, NODATA, NODATA, NODATA, TRUEWIND_BAD_SOG, TRUEWIND_BAD_SOG, TRUEWIND_BAD_SOG, TRUEWIND_BAD_SOG, BAROMETER_BAD_RAW_PRESSURE, BAROMETER_BAD_RAW_PRESSURE, NODATA, NODATA, NODATA, NODATA, NODATA, NODATA, NODATA, SSV_BAD_TEMPERATURE, NODATA, NODATA, NODATA, NODATA, NODATA,2024/04/12 11:02:00,2024-04-12 11:02:00+00:00
2024/04/12, 11:03:00, NODATA, NODATA, NODATA, NODATA,, NODATA, NODATA, NODATA, NODATA, NODATA, NODATA, NODATA, NODATA, NODATA, NODATA, NODATA, NODATA, NODATA, NODATA, NODATA, TRUEWIND_BAD_SOG, TRUEWIND_BAD_SOG, TRUEWIND_BAD_SOG, TRUEWIND_BAD_SOG, BAROMETER_BAD_RAW_PRESSURE, BAROMETER_BAD_RAW_PRESSURE, NODATA, NODATA, NODATA, NODATA, NODATA, NODATA, NODATA, SSV_BAD_TEMPERATURE, NODATA, NODATA, NODATA, NODATA, NODATA,2024/04/12 11:03:00,2024-04-12 11:03:00+00:00
2024/04/12, 11:04:00, NODATA, NODATA, NODATA, NODATA,, NODATA, NODATA, NODATA, NODATA, NODATA, NODATA, NODATA, NODATA, NODATA, NODATA, NODATA, NODATA, NODATA, NODATA, NODATA, TRUEWIND_BAD_SOG, TRUEWIND_BAD_SOG, TRUEWIND_BAD_SOG, TRUEWIND_BAD_SOG, BAROMETER_BAD_RAW_PRESSURE, BAROMETER_BAD_RAW_PRESSURE, NODATA, NODATA, NODATA, NODATA, NODATA, NODATA, NODATA, SSV_BAD_TEMPERATURE, NODATA, NODATA, NODATA, NODATA, NODATA,2024/04/12 11:04:00,2024-04-12 11:04:00+00:00
2024/04/12, 11:05:00, NODATA, NODATA, NODATA, NODATA,, NODATA, NODATA, NODATA, NODATA, NODATA, NODATA, NODATA, NODATA, NODATA, NODATA, NODATA, NODATA, NODATA, NODATA, NODATA, TRUEWIND_BAD_SOG, TRUEWIND_BAD_SOG, TRUEWIND_BAD_SOG, TRUEWIND_BAD_SOG, BAROMETER_BAD_RAW_PRESSURE, BAROMETER_BAD_RAW_PRESSURE, NODATA, NODATA, NODATA, NODATA, NODATA, NODATA, NODATA, SSV_BAD_TEMPERATURE, NODATA, NODATA, NODATA, NODATA, NODATA,2024/04/12 11:05:00,2024-04-12 11:05:00+00:00
2024/04/12, 11:06:00, NODATA, NODATA, NODATA, NODATA,, NODATA, NODATA, NODATA, NODATA, NODATA, NODATA, NODATA, NODATA, NODATA, NODATA, NODATA, NODATA, NODATA, NODATA, NODATA, TRUEWIND_BAD_SOG, TRUEWIND_BAD_SOG, TRUEWIND_BAD_SOG, TRUEWIND_BAD_SOG, BAROMETER_BAD_RAW_PRESSURE, BAROMETER_BAD_RAW_PRESSURE, NODATA, NODATA, NODATA, NODATA, NODATA, NODATA, NODATA, SSV_BAD_TEMPERATURE, NODATA, NODATA, NODATA, NODATA, NODATA,2024/04/12 11:06:00,2024-04-12 11:06:00+00:00
2024/04/12, 11:07:00, NODATA, NODATA, NODATA, NODATA,, NODATA, NODATA, NODATA, NODATA, NODATA, NODATA, NODATA, NODATA, NODATA, NODATA, NODATA, NODATA, NODATA, NODATA, NODATA, TRUEWIND_BAD_SOG, TRUEWIND_BAD_SOG, TRUEWIND_BAD_SOG, TRUEWIND_BAD_SOG, BAROMETER_BAD_RAW_PRESSURE, BAROMETER_BAD_RAW_PRESSURE, NODATA, NODATA, NODATA, NODATA, NODATA, NODATA, NODATA, SSV_BAD_TEMPERATURE, NODATA, NODATA, NODATA, NODATA, NODATA,2024/04/12 11:07:00,2024-04-12 11:07:00+00:00
2024/04/12, 11:08:00, NODATA, NODATA, NODATA, NODATA,, NODATA, NODATA, NODATA, NODATA, NODATA, NODATA, NODATA, NODATA, NODATA, NODATA, NODATA, NODATA, NODATA, NODATA, NODATA, TRUEWIND_BAD_SOG, TRUEWIND_BAD_SOG, TRUEWIND_BAD_SOG, TRUEWIND_BAD_SOG, BAROMETER_BAD_RAW_PRESSURE, BAROMETER_BAD_RAW_PRESSURE, NODATA, NODATA, NODATA, NODATA, NODATA, NODATA, NODATA, SSV_BAD_TEMPERATURE, NODATA, NODATA, NODATA, NODATA, NODATA,2024/04/12 11:08:00,2024-04-12 11:08:00+00:00
2024/04/12, 11:09:00, NODATA, NODATA, NODATA, NODATA,, NODATA, NODATA, NODATA, NODATA, NODATA, NODATA, NODATA, NODATA, NODATA, NODATA, NODATA, NODATA, NODATA, NODATA, NODATA, TRUEWIND_BAD_SOG, TRUEWIND_BAD_SOG, TRUEWIND_BAD_SOG, TRUEWIND_BAD_SOG, BAROMETER_BAD_RAW_PRESSURE, BAROMETER_BAD_RAW_PRESSURE, NODATA, NODATA, NODATA, NODATA, NODATA, NODATA, NODATA, SSV_BAD_TEMPERATURE, NODATA, NODATA, NODATA, NODATA, NODATA,2024/04/12 11:09:00,2024-04-12 11:09:00+00:00
2024/04/12, 11:10:00, NODATA, NODATA, NODATA, NODATA,, NODATA, NODATA, NODATA, NODATA, NODATA, NODATA, NODATA, NODATA, NODATA, NODATA, NODATA, NODATA, NODATA, NODATA, NODATA, TRUEWIND_BAD_SOG, TRUEWIND_BAD_SOG, TRUEWIND_BAD_SOG, TRUEWIND_BAD_SOG, BAROMETER_BAD_RAW_PRESSURE, BAROMETER_BAD_RAW_PRESSURE, NODATA, NODATA, NODATA, NODATA, NODATA, NODATA, NODATA, SSV_BAD_TEMPERATURE, NODATA, NODATA, NODATA, NODATA, NODATA,2024/04/12 11:10:00,2024-04-12 11:10:00+00:00
2024/04/12, 11:11:00, NODATA, NODATA, NODATA, NODATA,, NODATA, NODATA, NODATA, NODATA, NODATA, NODATA, NODATA, NODATA, NODATA, NODATA, NODATA, NODATA, NODATA, NODATA, NODATA, TRUEWIND_BAD_SOG, TRUEWIND_BAD_SOG, TRUEWIND_BAD_SOG, TRUEWIND_BAD_SOG, BAROMETER_BAD_RAW_PRESSURE, BAROMETER_BAD_RAW_PRESSURE, NODATA, NODATA, NODATA, NODATA, NODATA, NODATA, NODATA, SSV_BAD_TEMPERATURE, NODATA, NODATA, NODATA, NODATA, NODATA,2024/04/12 11:11:00,2024-04-12 11:11:00+00:00
2024/04/12, 11:12:00, NODATA, NODATA, NODATA, NODATA,, NODATA, NODATA, NODATA, NODATA, NODATA, NODATA, NODATA, NODATA, NODATA, NODATA, NODATA, NODATA, NODATA, NODATA, NODATA, TRUEWIND_BAD_SOG, TRUEWIND_BAD_SOG, TRUEWIND_BAD_SOG, TRUEWIND_BAD_SOG, BAROMETER_BAD_RAW_PRESSURE, BAROMETER_BAD_RAW_PRESSURE, NODATA, NODATA, NODATA, NODATA, NODATA, NODATA, NODATA, SSV_BAD_TEMPERATURE, NODATA, NODATA, NODATA, NODATA, NODATA,2024/04/12 11:12:00,2024-04-12 11:12:00+00:00
2024/04/12, 11:13:00, NODATA, NODATA, NODATA, NODATA,, NODATA, NODATA, NODATA, NODATA, NODATA, NODATA, NODATA, NODATA, NODATA, NODATA, NODATA, NODATA, NODATA, NODATA, NODATA, TRUEWIND_BAD_SOG, TRUEWIND_BAD_SOG, TRUEWIND_BAD_SOG, TRUEWIND_BAD_SOG, BAROMETER_BAD_RAW_PRESSURE, BAROMETER_BAD_RAW_PRESSURE, NODATA, NODATA, NODATA, NODATA, NODATA, NODATA, NODATA, SSV_BAD_TEMPERATURE, NODATA, NODATA, NODATA, NODATA, NODATA,2024/04/12 11:13:00,2024-04-12 11:13:00+00:00
2024/04/12, 11:14:00, NODATA, NODATA, NODATA, NODATA,, NODATA, NODATA, NODATA, NODATA, NODATA, NODATA, NODATA, NODATA, NODATA, NODATA, NODATA, NODATA, NODATA, NODATA, NODATA, TRUEWIND_BAD_SOG, TRUEWIND_BAD_SOG, TRUEWIND_BAD_SOG, TRUEWIND_BAD_SOG, BAROMETER_BAD_RAW_PRESSURE, BAROMETER_BAD_RAW_PRESSURE, NODATA, NODATA, NODATA, NODATA, NODATA, NODATA, NODATA, SSV_BAD_TEMPERATURE, NODATA, NODATA, NODATA, NODATA, NODATA,2024/04/12 11:14:00,2024-04-12 11:14:00+00:00
2024/04/12, 11:15:00, NODATA, NODATA, NODATA, NODATA,, NODATA, NODATA, NODATA, NODATA, NODATA, NODATA, NODATA, NODATA, NODATA, NODATA, NODATA, NODATA, NODATA, NODATA, NODATA, TRUEWIND_BAD_SOG, TRUEWIND_BAD_SOG, TRUEWIND_BAD_SOG, TRUEWIND_BAD_SOG, BAROMETER_BAD_RAW_PRESSURE, BAROMETER_BAD_RAW_PRESSURE, NODATA, NODATA, NODATA, NODATA, NODATA, NODATA, NODATA, SSV_BAD_TEMPERATURE, NODATA, NODATA, NODATA, NODATA, NODATA,2024/04/12 11:15:00,2024-04-12 11:15:00+00:00
2024/04/12, 11:16:00, NODATA, NODATA, NODATA, NODATA,, NODATA, NODATA, NODATA, NODATA, NODATA, NODATA, NODATA, NODATA, NODATA, NODATA, NODATA, NODATA, NODATA, NODATA, NODATA, TRUEWIND_BAD_SOG, TRUEWIND_BAD_SOG, TRUEWIND_BAD_SOG, TRUEWIND_BAD_SOG, BAROMETER_BAD_RAW_PRESSURE, BAROMETER_BAD_RAW_PRESSURE, NODATA, NODATA, NODATA, NODATA, NODATA, NODATA, NODATA, SSV_BAD_TEMPERATURE, NODATA, NODATA, NODATA, NODATA, NODATA,2024/04/12 11:16:00,2024-04-12 11:16:00+00:00
2024/04/12, 11:17:00, NODATA, NODATA, NODATA, NODATA,, NODATA, NODATA, NODATA, NODATA, NODATA, NODATA, NODATA, NODATA, NODATA, NODATA, NODATA, NODATA, NODATA, NODATA, NODATA, TRUEWIND_BAD_SOG, TRUEWIND_BAD_SOG, TRUEWIND_BAD_SOG, TRUEWIND_BAD_SOG, BAROMETER_BAD_RAW_PRESSURE, BAROMETER_BAD_RAW_PRESSURE, NODATA, NODATA, NODATA, NODATA, NODATA, NODATA, NODATA, SSV_BAD_TEMPERATURE, NODATA, NODATA, NODATA, NODATA, NODATA,2024/04/12 11:17:00,2024-04-12 11:17:00+00:00
2024/04/12, 11:18:00, NODATA, NODATA, NODATA, NODATA,, NODATA, NODATA, NODATA, NODATA, NODATA, NODATA, NODATA, NODATA, NODATA, NODATA, NODATA, NODATA, NODATA, NODATA, NODATA, TRUEWIND_BAD_SOG, TRUEWIND_BAD_SOG, TRUEWIND_BAD_SOG, TRUEWIND_BAD_SOG, BAROMETER_BAD_RAW_PRESSURE, BAROMETER_BAD_RAW_PRESSURE, NODATA, NODATA, NODATA, NODATA, NODATA, NODATA, NODATA, SSV_BAD_TEMPERATURE, NODATA, NODATA, NODATA, NODATA, NODATA,2024/04/12 11:18:00,2024-04-12 11:18:00+00:00
2024/04/12, 11:19:00, NODATA, NODATA, NODATA, NODATA,, NODATA, NODATA, NODATA, NODATA, NODATA, NODATA, NODATA, NODATA, NODATA, NODATA, NODATA, NODATA, NODATA, NODATA, NODATA, TRUEWIND_BAD_SOG, TRUEWIND_BAD_SOG, TRUEWIND_BAD_SOG, TRUEWIND_BAD_SOG, BAROMETER_BAD_RAW_PRESSURE, BAROMETER_BAD_RAW_PRESSURE, NODATA, NODATA, NODATA, NODATA, NODATA, NODATA, NODATA, SSV_BAD_TEMPERATURE, NODATA, NODATA, NODATA, NODATA, NODATA,2024/04/12 11:19:00,2024-04-12 11:19:00+00:00
2024/04/12, 11:20:00, NODATA, NODATA, NODATA, NODATA,, NODATA, NODATA, NODATA, NODATA, NODATA, NODATA, NODATA, NODATA, NODATA, NODATA, NODATA, NODATA, NODATA, NODATA, NODATA, TRUEWIND_BAD_SOG, TRUEWIND_BAD_SOG, TRUEWIND_BAD_SOG, TRUEWIND_BAD_SOG, BAROMETER_BAD_RAW_PRESSURE, BAROMETER_BAD_RAW_PRESSURE, NODATA, NODATA, NODATA, NODATA, NODATA, NODATA, NODATA, SSV_BAD_TEMPERATURE, NODATA, NODATA, NODATA, NODATA, NODATA,2024/04/12 11:20:00,2024-04-12 11:20:00+00:00
2024/04/12, 11:21:00, NODATA, NODATA, NODATA, NODATA,, NODATA, NODATA, NODATA, NODATA, NODATA, NODATA, NODATA, NODATA, NODATA, NODATA, NODATA, NODATA, NODATA, NODATA, NODATA, TRUEWIND_BAD_SOG, TRUEWIND_BAD_SOG, TRUEWIND_BAD_SOG, TRUEWIND_BAD_SOG, BAROMETER_BAD_RAW_PRESSURE, BAROMETER_BAD_RAW_PRESSURE, NODATA, NODATA, NODATA, NODATA, NODATA, NODATA, NODATA, SSV_BAD_TEMPERATURE, NODATA, NODATA, NODATA, NODATA, NODATA,2024/04/12 11:21:00,2024-04-12 11:21:00+00:00
2024/04/12, 11:22:00, NODATA, NODATA, NODATA, NODATA,, NODATA, NODATA, NODATA, NODATA, NODATA, NODATA, NODATA, NODATA, NODATA, NODATA, NODATA, NODATA, NODATA, NODATA, NODATA, TRUEWIND_BAD_SOG, TRUEWIND_BAD_SOG, TRUEWIND_BAD_SOG, TRUEWIND_BAD_SOG, BAROMETER_BAD_RAW_PRESSURE, BAROMETER_BAD_RAW_PRESSURE, NODATA, NODATA, NODATA, NODATA, NODATA, NODATA, NODATA, SSV_BAD_TEMPERATURE, NODATA, NODATA, NODATA, NODATA, NODATA,2024/04/12 11:22:00,2024-04-12 11:22:00+00:00
2024/04/12, 11:23:00, NODATA, NODATA, NODATA, NODATA,, NODATA, NODATA, NODATA, NODATA, NODATA, NODATA, NODATA, NODATA, NODATA, NODATA, NODATA, NODATA, NODATA, NODATA, NODATA, TRUEWIND_BAD_SOG, TRUEWIND_BAD_SOG, TRUEWIND_BAD_SOG, TRUEWIND_BAD_SOG, BAROMETER_BAD_RAW_PRESSURE, BAROMETER_BAD_RAW_PRESSURE, NODATA, NODATA, NODATA, NODATA, NODATA, NODATA, NODATA, SSV_BAD_TEMPERATURE, NODATA, NODATA, NODATA, NODATA, NODATA,2024/04/12 11:23:00,2024-04-12 11:23:00+00:00
2024/04/12, 11:24:00, NODATA, NODATA, NODATA, NODATA,, NODATA, NODATA, NODATA, NODATA, NODATA, NODATA, NODATA, NODATA, NODATA, NODATA, NODATA, NODATA, NODATA, NODATA, NODATA, TRUEWIND_BAD_SOG, TRUEWIND_BAD_SOG, TRUEWIND_BAD_SOG, TRUEWIND_BAD_SOG, BAROMETER_BAD_RAW_PRESSURE, BAROMETER_BAD_RAW_PRESSURE, NODATA, NODATA, NODATA, NODATA, NODATA, NODATA, NODATA, SSV_BAD_TEMPERATURE, NODATA, NODATA, NODATA, NODATA, NODATA,2024/04/12 11:24:00,2024-04-12 11:24:00+00:00
2024/04/12, 11:25:00, NODATA, NODATA, NODATA, NODATA,, NODATA, NODATA, NODATA, NODATA, NODATA, NODATA, NODATA, NODATA, NODATA, NODATA, NODATA, NODATA, NODATA, NODATA, NODATA, TRUEWIND_BAD_SOG, TRUEWIND_BAD_SOG, TRUEWIND_BAD_SOG, TRUEWIND_BAD_SOG, BAROMETER_BAD_RAW_PRESSURE, BAROMETER_BAD_RAW_PRESSURE, NODATA, NODATA, NODATA, NODATA, NODATA, NODATA, NODATA, SSV_BAD_TEMPERATURE, NODATA, NODATA, NODATA, NODATA, NODATA,2024/04/12 11:25:00,2024-04-12 11:25:00+00:00
2024/04/12, 11:26:00, NODATA, NODATA, NODATA, NODATA,, NODATA, NODATA, NODATA, NODATA, NODATA, NODATA, NODATA, NODATA, NODATA, NODATA, NODATA, NODATA, NODATA, NODATA, NODATA, TRUEWIND_BAD_SOG, TRUEWIND_BAD_SOG, TRUEWIND_BAD_SOG, TRUEWIND_BAD_SOG, BAROMETER_BAD_RAW_PRESSURE, BAROMETER_BAD_RAW_PRESSURE, NODATA, NODATA, NODATA, NODATA, NODATA, NODATA, NODATA, SSV_BAD_TEMPERATURE, NODATA, NODATA, NODATA, NODATA, NODATA,2024/04/12 11:26:00,2024-04-12 11:26:00+00:00
2024/04/12, 11:27:00, NODATA, NODATA, NODATA, NODATA,, NODATA, NODATA, NODATA, NODATA, NODATA, NODATA, NODATA, NODATA, NODATA, NODATA, NODATA, NODATA, NODATA, NODATA, NODATA, TRUEWIND_BAD_SOG, TRUEWIND_BAD_SOG, TRUEWIND_BAD_SOG, TRUEWIND_BAD_SOG, BAROMETER_BAD_RAW_PRESSURE, BAROMETER_BAD_RAW_PRESSURE, NODATA, NODATA, NODATA, NODATA, NODATA, NODATA, NODATA, SSV_BAD_TEMPERATURE, NODATA, NODATA, NODATA, NODATA, NODATA,2024/04/12 11:27:00,2024-04-12 11:27:00+00:00
2024/04/12, 11:28:00, NODATA, NODATA, NODATA, NODATA,, NODATA, NODATA, NODATA, NODATA, NODATA, NODATA, NODATA, NODATA, NODATA, NODATA, NODATA, NODATA, NODATA, NODATA, NODATA, TRUEWIND_BAD_SOG, TRUEWIND_BAD_SOG, TRUEWIND_BAD_SOG, TRUEWIND_BAD_SOG, BAROMETER_BAD_RAW_PRESSURE, BAROMETER_BAD_RAW_PRESSURE, NODATA, NODATA, NODATA, NODATA, NODATA, NODATA, NODATA, SSV_BAD_TEMPERATURE, NODATA, NODATA, NODATA, NODATA, NODATA,2024/04/12 11:28:00,2024-04-12 11:28:00+00:00
2024/04/12, 11:29:00, NODATA, NODATA, NODATA, NODATA,, NODATA, NODATA, NODATA, NODATA, NODATA, NODATA, NODATA, NODATA, NODATA, NODATA, NODATA, NODATA, NODATA, NODATA, NODATA, TRUEWIND_BAD_SOG, TRUEWIND_BAD_SOG, TRUEWIND_BAD_SOG, TRUEWIND_BAD_SOG, BAROMETER_BAD_RAW_PRESSURE, BAROMETER_BAD_RAW_PRESSURE, NODATA, NODATA, NODATA, NODATA, NODATA, NODATA, NODATA, SSV_BAD_TEMPERATURE, NODATA, NODATA, NODATA, NODATA, NODATA,2024/04/12 11:29:00,2024-04-12 11:29:00+00:00
2024/04/12, 11:30:00, NODATA, NODATA, NODATA, NODATA,, NODATA, NODATA, NODATA, NODATA, NODATA, NODATA, NODATA, NODATA, NODATA, NODATA, NODATA, NODATA, NODATA, NODATA, NODATA, TRUEWIND_BAD_SOG, TRUEWIND_BAD_SOG, TRUEWIND_BAD_SOG, TRUEWIND_BAD_SOG, BAROMETER_BAD_RAW_PRESSURE, BAROMETER_BAD_RAW_PRESSURE, NODATA, NODATA, NODATA, NODATA, NODATA, NODATA, NODATA, SSV_BAD_TEMPERATURE, NODATA, NODATA, NODATA, NODATA, NODATA,2024/04/12 11:30:00,2024-04-12 11:30:00+00:00
2024/04/12, 11:31:00, NODATA, NODATA, NODATA, NODATA,, NODATA, NODATA, NODATA, NODATA, NODATA, NODATA, NODATA, NODATA, NODATA, NODATA, NODATA, NODATA, NODATA, NODATA, NODATA, TRUEWIND_BAD_SOG, TRUEWIND_BAD_SOG, TRUEWIND_BAD_SOG, TRUEWIND_BAD_SOG, BAROMETER_BAD_RAW_PRESSURE, BAROMETER_BAD_RAW_PRESSURE, NODATA, NODATA, NODATA, NODATA, NODATA, NODATA, NODATA, SSV_BAD_TEMPERATURE, NODATA, NODATA, NODATA, NODATA, NODATA,2024/04/12 11:31:00,2024-04-12 11:31:00+00:00
2024/04/12, 11:32:00, NODATA, NODATA, NODATA, NODATA,, NODATA, NODATA, NODATA, NODATA, NODATA, NODATA, NODATA, NODATA, NODATA, NODATA, NODATA, NODATA, NODATA, NODATA, NODATA, TRUEWIND_BAD_SOG, TRUEWIND_BAD_SOG, TRUEWIND_BAD_SOG, TRUEWIND_BAD_SOG, BAROMETER_BAD_RAW_PRESSURE, BAROMETER_BAD_RAW_PRESSURE, NODATA, NODATA, NODATA, NODATA, NODATA, NODATA, NODATA, SSV_BAD_TEMPERATURE, NODATA, NODATA, NODATA, NODATA, NODATA,2024/04/12 11:32:00,2024-04-12 11:32:00+00:00
2024/04/12, 11:33:00, NODATA, NODATA, NODATA, NODATA,, NODATA, NODATA, NODATA, NODATA, NODATA, NODATA, NODATA, NODATA, NODATA, NODATA, NODATA, NODATA, NODATA, NODATA, NODATA, TRUEWIND_BAD_SOG, TRUEWIND_BAD_SOG, TRUEWIND_BAD_SOG, TRUEWIND_BAD_SOG, BAROMETER_BAD_RAW_PRESSURE, BAROMETER_BAD_RAW_PRESSURE, NODATA, NODATA, NODATA, NODATA, NODATA, NODATA, NODATA, SSV_BAD_TEMPERATURE, NODATA, NODATA, NODATA, NODATA, NODATA,2024/04/12 11:33:00,2024-04-12 11:33:00+00:00
2024/04/12, 11:34:00, NODATA, NODATA, NODATA, NODATA,, NODATA, NODATA, NODATA, NODATA, NODATA, NODATA, NODATA, NODATA, NODATA, NODATA, NODATA, NODATA, NODATA, NODATA, NODATA, TRUEWIND_BAD_SOG, TRUEWIND_BAD_SOG, TRUEWIND_BAD_SOG, TRUEWIND_BAD_SOG, BAROMETER_BAD_RAW_PRESSURE, BAROMETER_BAD_RAW_PRESSURE, NODATA, NODATA, NODATA, NODATA, NODATA, NODATA, NODATA, SSV_BAD_TEMPERATURE, NODATA, NODATA, NODATA, NODATA, NODATA,2024/04/12 11:34:00,2024-04-12 11:34:00+00:00
2024/04/12, 11:35:00, NODATA, NODATA, NODATA, NODATA,, NODATA, NODATA, NODATA, NODATA, NODATA, NODATA, NODATA, NODATA, NODATA, NODATA, NODATA, NODATA, NODATA, NODATA, NODATA, TRUEWIND_BAD_SOG, TRUEWIND_BAD_SOG, TRUEWIND_BAD_SOG, TRUEWIND_BAD_SOG, BAROMETER_BAD_RAW_PRESSURE, BAROMETER_BAD_RAW_PRESSURE, NODATA, NODATA, NODATA, NODATA, NODATA, NODATA, NODATA, SSV_BAD_TEMPERATURE, NODATA, NODATA, NODATA, NODATA, NODATA,2024/04/12 11:35:00,2024-04-12 11:35:00+00:00
2024/04/12, 11:36:00, NODATA, NODATA, NODATA, NODATA,, NODATA, NODATA, NODATA, NODATA, NODATA, NODATA, NODATA, NODATA, NODATA, NODATA, NODATA, NODATA, NODATA, NODATA, NODATA, TRUEWIND_BAD_SOG, TRUEWIND_BAD_SOG, TRUEWIND_BAD_SOG, TRUEWIND_BAD_SOG, BAROMETER_BAD_RAW_PRESSURE, BAROMETER_BAD_RAW_PRESSURE, NODATA, NODATA, NODATA, NODATA, NODATA, NODATA, NODATA, SSV_BAD_TEMPERATURE, NODATA, NODATA, NODATA, NODATA, NODATA,2024/04/12 11:36:00,2024-04-12 11:36:00+00:00
2024/04/12, 11:37:00, NODATA, NODATA, NODATA, NODATA,, NODATA, NODATA, NODATA, NODATA, NODATA, NODATA, NODATA, NODATA, NODATA, NODATA, NODATA, NODATA, NODATA, NODATA, NODATA, TRUEWIND_BAD_SOG, TRUEWIND_BAD_SOG, TRUEWIND_BAD_SOG, TRUEWIND_BAD_SOG, BAROMETER_BAD_RAW_PRESSURE, BAROMETER_BAD_RAW_PRESSURE, NODATA, NODATA, NODATA, NODATA, NODATA, NODATA, NODATA, SSV_BAD_TEMPERATURE, NODATA, NODATA, NODATA, NODATA, NODATA,2024/04/12 11:37:00,2024-04-12 11:37:00+00:00
2024/04/12, 11:38:00, NODATA, NODATA, NODATA, NODATA,, NODATA, NODATA, NODATA, NODATA, NODATA, NODATA, NODATA, NODATA, NODATA, NODATA, NODATA, NODATA, NODATA, NODATA, NODATA, TRUEWIND_BAD_SOG, TRUEWIND_BAD_SOG, TRUEWIND_BAD_SOG, TRUEWIND_BAD_SOG, BAROMETER_BAD_RAW_PRESSURE, BAROMETER_BAD_RAW_PRESSURE, NODATA, NODATA, NODATA, NODATA, NODATA, NODATA, NODATA, SSV_BAD_TEMPERATURE, NODATA, NODATA, NODATA, NODATA, NODATA,2024/04/12 11:38:00,2024-04-12 11:38:00+00:00
2024/04/12, 11:39:00, NODATA, NODATA, NODATA, NODATA,, NODATA, NODATA, NODATA, NODATA, NODATA, NODATA, NODATA, NODATA, NODATA, NODATA, NODATA, NODATA, NODATA, NODATA, NODATA, TRUEWIND_BAD_SOG, TRUEWIND_BAD_SOG, TRUEWIND_BAD_SOG, TRUEWIND_BAD_SOG, BAROMETER_BAD_RAW_PRESSURE, BAROMETER_BAD_RAW_PRESSURE, NODATA, NODATA, NODATA, NODATA, NODATA, NODATA, NODATA, SSV_BAD_TEMPERATURE, NODATA, NODATA, NODATA, NODATA, NODATA,2024/04/12 11:39:00,2024-04-12 11:39:00+00:00
2024/04/12, 11:40:00, NODATA, NODATA, NODATA, NODATA,, NODATA, NODATA, NODATA, NODATA, NODATA, NODATA, NODATA, NODATA, NODATA, NODATA, NODATA, NODATA, NODATA, NODATA, NODATA, TRUEWIND_BAD_SOG, TRUEWIND_BAD_SOG, TRUEWIND_BAD_SOG, TRUEWIND_BAD_SOG, BAROMETER_BAD_RAW_PRESSURE, BAROMETER_BAD_RAW_PRESSURE, NODATA, NODATA, NODATA, NODATA, NODATA, NODATA, NODATA, SSV_BAD_TEMPERATURE, NODATA, NODATA, NODATA, NODATA, NODATA,2024/04/12 11:40:00,2024-04-12 11:40:00+00:00
2024/04/12, 11:41:00, NODATA, NODATA, NODATA, NODATA,, NODATA, NODATA, NODATA, NODATA, NODATA, NODATA, NODATA, NODATA, NODATA, NODATA, NODATA, NODATA, NODATA, NODATA, NODATA, TRUEWIND_BAD_SOG, TRUEWIND_BAD_SOG, TRUEWIND_BAD_SOG, TRUEWIND_BAD_SOG, BAROMETER_BAD_RAW_PRESSURE, BAROMETER_BAD_RAW_PRESSURE, NODATA, NODATA, NODATA, NODATA, NODATA, NODATA, NODATA, SSV_BAD_TEMPERATURE, NODATA, NODATA, NODATA, NODATA, NODATA,2024/04/12 11:41:00,2024-04-12 11:41:00+00:00
2024/04/12, 11:42:00, NODATA, NODATA, NODATA, NODATA,, NODATA, NODATA, NODATA, NODATA, NODATA, NODATA, NODATA, NODATA, NODATA, NODATA, NODATA, NODATA, NODATA, NODATA, NODATA, TRUEWIND_BAD_SOG, TRUEWIND_BAD_SOG, TRUEWIND_BAD_SOG, TRUEWIND_BAD_SOG, BAROMETER_BAD_RAW_PRESSURE, BAROMETER_BAD_RAW_PRESSURE, NODATA, NODATA, NODATA, NODATA, NODATA, NODATA, NODATA, SSV_BAD_TEMPERATURE, NODATA, NODATA, NODATA, NODATA, NODATA,2024/04/12 11:42:00,2024-04-12 11:42:00+00:00
2024/04/12, 11:43:00, NODATA, NODATA, NODATA, NODATA,, NODATA, NODATA, NODATA, NODATA, NODATA, NODATA, NODATA, NODATA, NODATA, NODATA, NODATA, NODATA, NODATA, NODATA, NODATA, TRUEWIND_BAD_SOG, TRUEWIND_BAD_SOG, TRUEWIND_BAD_SOG, TRUEWIND_BAD_SOG, BAROMETER_BAD_RAW_PRESSURE, BAROMETER_BAD_RAW_PRESSURE, NODATA, NODATA, NODATA, NODATA, NODATA, NODATA, NODATA, SSV_BAD_TEMPERATURE, NODATA, NODATA, NODATA, NODATA, NODATA,2024/04/12 11:43:00,2024-04-12 11:43:00+00:00
2024/04/12, 11:44:00, NODATA, NODATA, NODATA, NODATA,, NODATA, NODATA, NODATA, NODATA, NODATA, NODATA, NODATA, NODATA, NODATA, NODATA, NODATA, NODATA, NODATA, NODATA, NODATA, TRUEWIND_BAD_SOG, TRUEWIND_BAD_SOG, TRUEWIND_BAD_SOG, TRUEWIND_BAD_SOG, BAROMETER_BAD_RAW_PRESSURE, BAROMETER_BAD_RAW_PRESSURE, NODATA, NODATA, NODATA, NODATA, NODATA, NODATA, NODATA, SSV_BAD_TEMPERATURE, NODATA, NODATA, NODATA, NODATA, NODATA,2024/04/12 11:44:00,2024-04-12 11:44:00+00:00
2024/04/12, 11:45:00, NODATA, NODATA, NODATA, NODATA,, NODATA, NODATA, NODATA, NODATA, NODATA, NODATA, NODATA, NODATA, NODATA, NODATA, NODATA, NODATA, NODATA, NODATA, NODATA, TRUEWIND_BAD_SOG, TRUEWIND_BAD_SOG, TRUEWIND_BAD_SOG, TRUEWIND_BAD_SOG, BAROMETER_BAD_RAW_PRESSURE, BAROMETER_BAD_RAW_PRESSURE, NODATA, NODATA, NODATA, NODATA, NODATA, NODATA, NODATA, SSV_BAD_TEMPERATURE, NODATA, NODATA, NODATA, NODATA, NODATA,2024/04/12 11:45:00,2024-04-12 11:45:00+00:00
2024/04/12, 11:46:00, NODATA, NODATA, NODATA, NODATA,, NODATA, NODATA, NODATA, NODATA, NODATA, NODATA, NODATA, NODATA, NODATA, NODATA, NODATA, NODATA, NODATA, NODATA, NODATA, TRUEWIND_BAD_SOG, TRUEWIND_BAD_SOG, TRUEWIND_BAD_SOG, TRUEWIND_BAD_SOG, BAROMETER_BAD_RAW_PRESSURE, BAROMETER_BAD_RAW_PRESSURE, NODATA, NODATA, NODATA, NODATA, NODATA, NODATA, NODATA, SSV_BAD_TEMPERATURE, NODATA, NODATA, NODATA, NODATA, NODATA,2024/04/12 11:46:00,2024-04-12 11:46:00+00:00
2024/04/12, 11:47:00, NODATA, NODATA, NODATA, NODATA,, NODATA, NODATA, NODATA, NODATA, NODATA, NODATA, NODATA, NODATA, NODATA, NODATA, NODATA, NODATA, NODATA, NODATA, NODATA, TRUEWIND_BAD_SOG, TRUEWIND_BAD_SOG, TRUEWIND_BAD_SOG, TRUEWIND_BAD_SOG, BAROMETER_BAD_RAW_PRESSURE, BAROMETER_BAD_RAW_PRESSURE, NODATA, NODATA, NODATA, NODATA, NODATA, NODATA, NODATA, SSV_BAD_TEMPERATURE, NODATA, NODATA, NODATA, NODATA, NODATA,2024/04/12 11:47:00,2024-04-12 11:47:00+00:00
2024/04/12, 11:48:00, NODATA, NODATA, NODATA, NODATA,, NODATA, NODATA, NODATA, NODATA, NODATA, NODATA, NODATA, NODATA, NODATA, NODATA, NODATA, NODATA, NODATA, NODATA, NODATA, TRUEWIND_BAD_SOG, TRUEWIND_BAD_SOG, TRUEWIND_BAD_SOG, TRUEWIND_BAD_SOG, BAROMETER_BAD_RAW_PRESSURE, BAROMETER_BAD_RAW_PRESSURE, NODATA, NODATA, NODATA, NODATA, NODATA, NODATA, NODATA, SSV_BAD_TEMPERATURE, NODATA, NODATA, NODATA, NODATA, NODATA,2024/04/12 11:48:00,2024-04-12 11:48:00+00:00
2024/04/12, 11:49:00, NODATA, NODATA, NODATA, NODATA,, NODATA, NODATA, NODATA, NODATA, NODATA, NODATA, NODATA, NODATA, NODATA, NODATA, NODATA, NODATA, NODATA, NODATA, NODATA, TRUEWIND_BAD_SOG, TRUEWIND_BAD_SOG, TRUEWIND_BAD_SOG, TRUEWIND_BAD_SOG, BAROMETER_BAD_RAW_PRESSURE, BAROMETER_BAD_RAW_PRESSURE, NODATA, NODATA, NODATA, NODATA, NODATA, NODATA, NODATA, SSV_BAD_TEMPERATURE, NODATA, NODATA, NODATA, NODATA, NODATA,2024/04/12 11:49:00,2024-04-12 11:49:00+00:00
2024/04/12, 11:50:00, NODATA, NODATA, NODATA, NODATA,, NODATA, NODATA, NODATA, NODATA, NODATA, NODATA, NODATA, NODATA, NODATA, NODATA, NODATA, NODATA, NODATA, NODATA, NODATA, TRUEWIND_BAD_SOG, TRUEWIND_BAD_SOG, TRUEWIND_BAD_SOG, TRUEWIND_BAD_SOG, BAROMETER_BAD_RAW_PRESSURE, BAROMETER_BAD_RAW_PRESSURE, NODATA, NODATA, NODATA, NODATA, NODATA, NODATA, NODATA, SSV_BAD_TEMPERATURE, NODATA, NODATA, NODATA, NODATA, NODATA,2024/04/12 11:50:00,2024-04-12 11:50:00+00:00
2024/04/12, 11:51:00, NODATA, NODATA, NODATA, NODATA,, NODATA, NODATA, NODATA, NODATA, NODATA, NODATA, NODATA, NODATA, NODATA, NODATA, NODATA, NODATA, NODATA, NODATA, NODATA, TRUEWIND_BAD_SOG, TRUEWIND_BAD_SOG, TRUEWIND_BAD_SOG, TRUEWIND_BAD_SOG, BAROMETER_BAD_RAW_PRESSURE, BAROMETER_BAD_RAW_PRESSURE, NODATA, NODATA, NODATA, NODATA, NODATA, NODATA, NODATA, SSV_BAD_TEMPERATURE, NODATA, NODATA, NODATA, NODATA, NODATA,2024/04/12 11:51:00,2024-04-12 11:51:00+00:00
2024/04/12, 11:52:00, NODATA, NODATA, NODATA, NODATA,, NODATA, NODATA, NODATA, NODATA, NODATA, NODATA, NODATA, NODATA, NODATA, NODATA, NODATA, NODATA, NODATA, NODATA, NODATA, TRUEWIND_BAD_SOG, TRUEWIND_BAD_SOG, TRUEWIND_BAD_SOG, TRUEWIND_BAD_SOG, BAROMETER_BAD_RAW_PRESSURE, BAROMETER_BAD_RAW_PRESSURE, NODATA, NODATA, NODATA, NODATA, NODATA, NODATA, NODATA, SSV_BAD_TEMPERATURE, NODATA, NODATA, NODATA, NODATA, NODATA,2024/04/12 11:52:00,2024-04-12 11:52:00+00:00
2024/04/12, 11:53:00, NODATA, NODATA, NODATA, NODATA,, NODATA, NODATA, NODATA, NODATA, NODATA, NODATA, NODATA, NODATA, NODATA, NODATA, NODATA, NODATA, NODATA, NODATA, NODATA, TRUEWIND_BAD_SOG, TRUEWIND_BAD_SOG, TRUEWIND_BAD_SOG, TRUEWIND_BAD_SOG, BAROMETER_BAD_RAW_PRESSURE, BAROMETER_BAD_RAW_PRESSURE, NODATA, NODATA, NODATA, NODATA, NODATA, NODATA, NODATA, SSV_BAD_TEMPERATURE, NODATA, NODATA, NODATA, NODATA, NODATA,2024/04/12 11:53:00,2024-04-12 11:53:00+00:00
2024/04/12, 11:54:00, NODATA, NODATA, NODATA, NODATA,, NODATA, NODATA, NODATA, NODATA, NODATA, NODATA, NODATA, NODATA, NODATA, NODATA, NODATA, NODATA, NODATA, NODATA, NODATA, TRUEWIND_BAD_SOG, TRUEWIND_BAD_SOG, TRUEWIND_BAD_SOG, TRUEWIND_BAD_SOG, BAROMETER_BAD_RAW_PRESSURE, BAROMETER_BAD_RAW_PRESSURE, NODATA, NODATA, NODATA, NODATA, NODATA, NODATA, NODATA, SSV_BAD_TEMPERATURE, NODATA, NODATA, NODATA, NODATA, NODATA,2024/04/12 11:54:00,2024-04-12 11:54:00+00:00
2024/04/12, 11:55:00, NODATA, NODATA, NODATA, NODATA,, NODATA, NODATA, NODATA, NODATA, NODATA, NODATA, NODATA, NODATA, NODATA, NODATA, NODATA, NODATA, NODATA, NODATA, NODATA, TRUEWIND_BAD_SOG, TRUEWIND_BAD_SOG, TRUEWIND_BAD_SOG, TRUEWIND_BAD_SOG, BAROMETER_BAD_RAW_PRESSURE, BAROMETER_BAD_RAW_PRESSURE, NODATA, NODATA, NODATA, NODATA, NODATA, NODATA, NODATA, SSV_BAD_TEMPERATURE, NODATA, NODATA, NODATA, NODATA, NODATA,2024/04/12 11:55:00,2024-04-12 11:55:00+00:00
2024/04/12, 11:56:00, NODATA, NODATA, NODATA, NODATA,, NODATA, NODATA, NODATA, NODATA, NODATA, NODATA, NODATA, NODATA, NODATA, NODATA, NODATA, NODATA, NODATA, NODATA, NODATA, TRUEWIND_BAD_SOG, TRUEWIND_BAD_SOG, TRUEWIND_BAD_SOG, TRUEWIND_BAD_SOG, BAROMETER_BAD_RAW_PRESSURE, BAROMETER_BAD_RAW_PRESSURE, NODATA, NODATA, NODATA, NODATA, NODATA, NODATA, NODATA, SSV_BAD_TEMPERATURE, NODATA, NODATA, NODATA, NODATA, NODATA,2024/04/12 11:56:00,2024-04-12 11:56:00+00:00
2024/04/12, 11:57:00, NODATA, NODATA, NODATA, NODATA,, NODATA, NODATA, NODATA, NODATA, NODATA, NODATA, NODATA, NODATA, NODATA, NODATA, NODATA, NODATA, NODATA, NODATA, NODATA, TRUEWIND_BAD_SOG, TRUEWIND_BAD_SOG, TRUEWIND_BAD_SOG, TRUEWIND_BAD_SOG, BAROMETER_BAD_RAW_PRESSURE, BAROMETER_BAD_RAW_PRESSURE, NODATA, NODATA, NODATA, NODATA, NODATA, NODATA, NODATA, SSV_BAD_TEMPERATURE, NODATA, NODATA, NODATA, NODATA, NODATA,2024/04/12 11:57:00,2024-04-12 11:57:00+00:00
2024/04/12, 11:58:00, NODATA, NODATA, NODATA, NODATA,, NODATA, NODATA, NODATA, NODATA, NODATA, NODATA, NODATA, NODATA, NODATA, NODATA, NODATA, NODATA, NODATA, NODATA, NODATA, TRUEWIND_BAD_SOG, TRUEWIND_BAD_SOG, TRUEWIND_BAD_SOG, TRUEWIND_BAD_SOG, BAROMETER_BAD_RAW_PRESSURE, BAROMETER_BAD_RAW_PRESSURE, NODATA, NODATA, NODATA, NODATA, NODATA, NODATA, NODATA, SSV_BAD_TEMPERATURE, NODATA, NODATA, NODATA, NODATA, NODATA,2024/04/12 11:58:00,2024-04-12 11:58:00+00:00
2024/04/12, 11:59:00, NODATA, NODATA, NODATA, NODATA,, NODATA, NODATA, NODATA, NODATA, NODATA, NODATA, NODATA, NODATA, NODATA, NODATA, NODATA, NODATA, NODATA, NODATA, NODATA, TRUEWIND_BAD_SOG, TRUEWIND_BAD_SOG, TRUEWIND_BAD_SOG, TRUEWIND_BAD_SOG, BAROMETER_BAD_RAW_PRESSURE, BAROMETER_BAD_RAW_PRESSURE, NODATA, NODATA, NODATA, NODATA, NODATA, NODATA, NODATA, SSV_BAD_TEMPERATURE, NODATA, NODATA, NODATA, NODATA, NODATA,2024/04/12 11:59:00,2024-04-12 11:59:00+00:00
2024/04/12, 12:00:00, NODATA, NODATA, NODATA, NODATA,, NODATA, NODATA, NODATA, NODATA, NODATA, NODATA, NODATA, NODATA, NODATA, NODATA, NODATA, NODATA, NODATA, NODATA, NODATA, TRUEWIND_BAD_SOG, TRUEWIND_BAD_SOG, TRUEWIND_BAD_SOG, TRUEWIND_BAD_SOG, BAROMETER_BAD_RAW_PRESSURE, BAROMETER_BAD_RAW_PRESSURE, NODATA, NODATA, NODATA, NODATA, NODATA, NODATA, NODATA, SSV_BAD_TEMPERATURE, NODATA, NODATA, NODATA, NODATA, NODATA,2024/04/12 12:00:00,2024-04-12 12:00:00+00:00
2024/04/12, 12:01:00, NODATA, NODATA, NODATA, NODATA,, NODATA, NODATA, NODATA, NODATA, NODATA, NODATA, NODATA, NODATA, NODATA, NODATA, NODATA, NODATA, NODATA, NODATA, NODATA, TRUEWIND_BAD_SOG, TRUEWIND_BAD_SOG, TRUEWIND_BAD_SOG, TRUEWIND_BAD_SOG, BAROMETER_BAD_RAW_PRESSURE, BAROMETER_BAD_RAW_PRESSURE, NODATA, NODATA, NODATA, NODATA, NODATA, NODATA, NODATA, SSV_BAD_TEMPERATURE, NODATA, NODATA, NODATA, NODATA, NODATA,2024/04/12 12:01:00,2024-04-12 12:01:00+00:00
2024/04/12, 12:02:00, NODATA, NODATA, NODATA, NODATA,, NODATA, NODATA, NODATA, NODATA, NODATA, NODATA, NODATA, NODATA, NODATA, NODATA, NODATA, NODATA, NODATA, NODATA, NODATA, TRUEWIND_BAD_SOG, TRUEWIND_BAD_SOG, TRUEWIND_BAD_SOG, TRUEWIND_BAD_SOG, BAROMETER_BAD_RAW_PRESSURE, BAROMETER_BAD_RAW_PRESSURE, NODATA, NODATA, NODATA, NODATA, NODATA, NODATA, NODATA, SSV_BAD_TEMPERATURE, NODATA, NODATA, NODATA, NODATA, NODATA,2024/04/12 12:02:00,2024-04-12 12:02:00+00:00
2024/04/12, 12:03:00, NODATA, NODATA, NODATA, NODATA,, NODATA, NODATA, NODATA, NODATA, NODATA, NODATA, NODATA, NODATA, NODATA, NODATA, NODATA, NODATA, NODATA, NODATA, NODATA, TRUEWIND_BAD_SOG, TRUEWIND_BAD_SOG, TRUEWIND_BAD_SOG, TRUEWIND_BAD_SOG, BAROMETER_BAD_RAW_PRESSURE, BAROMETER_BAD_RAW_PRESSURE, NODATA, NODATA, NODATA, NODATA, NODATA, NODATA, NODATA, SSV_BAD_TEMPERATURE, NODATA, NODATA, NODATA, NODATA, NODATA,2024/04/12 12:03:00,2024-04-12 12:03:00+00:00
2024/04/12, 12:04:00, NODATA, NODATA, NODATA, NODATA,, NODATA, NODATA, NODATA, NODATA, NODATA, NODATA, NODATA, NODATA, NODATA, NODATA, NODATA, NODATA, NODATA, NODATA, NODATA, TRUEWIND_BAD_SOG, TRUEWIND_BAD_SOG, TRUEWIND_BAD_SOG, TRUEWIND_BAD_SOG, BAROMETER_BAD_RAW_PRESSURE, BAROMETER_BAD_RAW_PRESSURE, NODATA, NODATA, NODATA, NODATA, NODATA, NODATA, NODATA, SSV_BAD_TEMPERATURE, NODATA, NODATA, NODATA, NODATA, NODATA,2024/04/12 12:04:00,2024-04-12 12:04:00+00:00
2024/04/12, 12:05:00, NODATA, NODATA, NODATA, NODATA,, NODATA, NODATA, NODATA, NODATA, NODATA, NODATA, NODATA, NODATA, NODATA, NODATA, NODATA, NODATA, NODATA, NODATA, NODATA, TRUEWIND_BAD_SOG, TRUEWIND_BAD_SOG, TRUEWIND_BAD_SOG, TRUEWIND_BAD_SOG, BAROMETER_BAD_RAW_PRESSURE, BAROMETER_BAD_RAW_PRESSURE, NODATA, NODATA, NODATA, NODATA, NODATA, NODATA, NODATA, SSV_BAD_TEMPERATURE, NODATA, NODATA, NODATA, NODATA, NODATA,2024/04/12 12:05:00,2024-04-12 12:05:00+00:00
2024/04/12, 12:06:00, NODATA, NODATA, NODATA, NODATA,, NODATA, NODATA, NODATA, NODATA, NODATA, NODATA, NODATA, NODATA, NODATA, NODATA, NODATA, NODATA, NODATA, NODATA, NODATA, TRUEWIND_BAD_SOG, TRUEWIND_BAD_SOG, TRUEWIND_BAD_SOG, TRUEWIND_BAD_SOG, BAROMETER_BAD_RAW_PRESSURE, BAROMETER_BAD_RAW_PRESSURE, NODATA, NODATA, NODATA, NODATA, NODATA, NODATA, NODATA, SSV_BAD_TEMPERATURE, NODATA, NODATA, NODATA, NODATA, NODATA,2024/04/12 12:06:00,2024-04-12 12:06:00+00:00
2024/04/12, 12:07:00, NODATA, NODATA, NODATA, NODATA,, NODATA, NODATA, NODATA, NODATA, NODATA, NODATA, NODATA, NODATA, NODATA, NODATA, NODATA, NODATA, NODATA, NODATA, NODATA, TRUEWIND_BAD_SOG, TRUEWIND_BAD_SOG, TRUEWIND_BAD_SOG, TRUEWIND_BAD_SOG, BAROMETER_BAD_RAW_PRESSURE, BAROMETER_BAD_RAW_PRESSURE, NODATA, NODATA, NODATA, NODATA, NODATA, NODATA, NODATA, SSV_BAD_TEMPERATURE, NODATA, NODATA, NODATA, NODATA, NODATA,2024/04/12 12:07:00,2024-04-12 12:07:00+00:00
2024/04/12, 12:08:00, NODATA, NODATA, NODATA, NODATA,, NODATA, NODATA, NODATA, NODATA, NODATA, NODATA, NODATA, NODATA, NODATA, NODATA, NODATA, NODATA, NODATA, NODATA, NODATA, TRUEWIND_BAD_SOG, TRUEWIND_BAD_SOG, TRUEWIND_BAD_SOG, TRUEWIND_BAD_SOG, BAROMETER_BAD_RAW_PRESSURE, BAROMETER_BAD_RAW_PRESSURE, NODATA, NODATA, NODATA, NODATA, NODATA, NODATA, NODATA, SSV_BAD_TEMPERATURE, NODATA, NODATA, NODATA, NODATA, NODATA,2024/04/12 12:08:00,2024-04-12 12:08:00+00:00
2024/04/12, 12:09:00, NODATA, NODATA, NODATA, NODATA,, NODATA, NODATA, NODATA, NODATA, NODATA, NODATA, NODATA, NODATA, NODATA, NODATA, NODATA, NODATA, NODATA, NODATA, NODATA, TRUEWIND_BAD_SOG, TRUEWIND_BAD_SOG, TRUEWIND_BAD_SOG, TRUEWIND_BAD_SOG, BAROMETER_BAD_RAW_PRESSURE, BAROMETER_BAD_RAW_PRESSURE, NODATA, NODATA, NODATA, NODATA, NODATA, NODATA, NODATA, SSV_BAD_TEMPERATURE, NODATA, NODATA, NODATA, NODATA, NODATA,2024/04/12 12:09:00,2024-04-12 12:09:00+00:00
2024/04/12, 12:10:00, NODATA, NODATA, NODATA, NODATA,, NODATA, NODATA, NODATA, NODATA, NODATA, NODATA, NODATA, NODATA, NODATA, NODATA, NODATA, NODATA, NODATA, NODATA, NODATA, TRUEWIND_BAD_SOG, TRUEWIND_BAD_SOG, TRUEWIND_BAD_SOG, TRUEWIND_BAD_SOG, BAROMETER_BAD_RAW_PRESSURE, BAROMETER_BAD_RAW_PRESSURE, NODATA, NODATA, NODATA, NODATA, NODATA, NODATA, NODATA, SSV_BAD_TEMPERATURE, NODATA, NODATA, NODATA, NODATA, NODATA,2024/04/12 12:10:00,2024-04-12 12:10:00+00:00
2024/04/12, 12:11:00, NODATA, NODATA, NODATA, NODATA,, NODATA, NODATA, NODATA, NODATA, NODATA, NODATA, NODATA, NODATA, NODATA, NODATA, NODATA, NODATA, NODATA, NODATA, NODATA, TRUEWIND_BAD_SOG, TRUEWIND_BAD_SOG, TRUEWIND_BAD_SOG, TRUEWIND_BAD_SOG, BAROMETER_BAD_RAW_PRESSURE, BAROMETER_BAD_RAW_PRESSURE, NODATA, NODATA, NODATA, NODATA, NODATA, NODATA, NODATA, SSV_BAD_TEMPERATURE, NODATA, NODATA, NODATA, NODATA, NODATA,2024/04/12 12:11:00,2024-04-12 12:11:00+00:00
2024/04/12, 12:12:00, NODATA, NODATA, NODATA, NODATA,, NODATA, NODATA, NODATA, NODATA, NODATA, NODATA, NODATA, NODATA, NODATA, NODATA, NODATA, NODATA, NODATA, NODATA, NODATA, TRUEWIND_BAD_SOG, TRUEWIND_BAD_SOG, TRUEWIND_BAD_SOG, TRUEWIND_BAD_SOG, BAROMETER_BAD_RAW_PRESSURE, BAROMETER_BAD_RAW_PRESSURE, NODATA, NODATA, NODATA, NODATA, NODATA, NODATA, NODATA, SSV_BAD_TEMPERATURE, NODATA, NODATA, NODATA, NODATA, NODATA,2024/04/12 12:12:00,2024-04-12 12:12:00+00:00
2024/04/12, 12:13:00, NODATA, NODATA, NODATA, NODATA,, NODATA, NODATA, NODATA, NODATA, NODATA, NODATA, NODATA, NODATA, NODATA, NODATA, NODATA, NODATA, NODATA, NODATA, NODATA, TRUEWIND_BAD_SOG, TRUEWIND_BAD_SOG, TRUEWIND_BAD_SOG, TRUEWIND_BAD_SOG, BAROMETER_BAD_RAW_PRESSURE, BAROMETER_BAD_RAW_PRESSURE, NODATA, NODATA, NODATA, NODATA, NODATA, NODATA, NODATA, SSV_BAD_TEMPERATURE, NODATA, NODATA, NODATA, NODATA, NODATA,2024/04/12 12:13:00,2024-04-12 12:13:00+00:00
2024/04/12, 12:14:00, NODATA, NODATA, NODATA, NODATA,, NODATA, NODATA, NODATA, NODATA, NODATA, NODATA, NODATA, NODATA, NODATA, NODATA, NODATA, NODATA, NODATA, NODATA, NODATA, TRUEWIND_BAD_SOG, TRUEWIND_BAD_SOG, TRUEWIND_BAD_SOG, TRUEWIND_BAD_SOG, BAROMETER_BAD_RAW_PRESSURE, BAROMETER_BAD_RAW_PRESSURE, NODATA, NODATA, NODATA, NODATA, NODATA, NODATA, NODATA, SSV_BAD_TEMPERATURE, NODATA, NODATA, NODATA, NODATA, NODATA,2024/04/12 12:14:00,2024-04-12 12:14:00+00:00
2024/04/12, 12:15:00, NODATA, NODATA, NODATA, NODATA,, NODATA, NODATA, NODATA, NODATA, NODATA, NODATA, NODATA, NODATA, NODATA, NODATA, NODATA, NODATA, NODATA, NODATA, NODATA, TRUEWIND_BAD_SOG, TRUEWIND_BAD_SOG, TRUEWIND_BAD_SOG, TRUEWIND_BAD_SOG, BAROMETER_BAD_RAW_PRESSURE, BAROMETER_BAD_RAW_PRESSURE, NODATA, NODATA, NODATA, NODATA, NODATA, NODATA, NODATA, SSV_BAD_TEMPERATURE, NODATA, NODATA, NODATA, NODATA, NODATA,2024/04/12 12:15:00,2024-04-12 12:15:00+00:00
2024/04/12, 12:16:00, NODATA, NODATA, NODATA, NODATA,, NODATA, NODATA, NODATA, NODATA, NODATA, NODATA, NODATA, NODATA, NODATA, NODATA, NODATA, NODATA, NODATA, NODATA, NODATA, TRUEWIND_BAD_SOG, TRUEWIND_BAD_SOG, TRUEWIND_BAD_SOG, TRUEWIND_BAD_SOG, BAROMETER_BAD_RAW_PRESSURE, BAROMETER_BAD_RAW_PRESSURE, NODATA, NODATA, NODATA, NODATA, NODATA, NODATA, NODATA, SSV_BAD_TEMPERATURE, NODATA, NODATA, NODATA, NODATA, NODATA,2024/04/12 12:16:00,2024-04-12 12:16:00+00:00
2024/04/12, 12:17:00, NODATA, NODATA, NODATA, NODATA,, NODATA, NODATA, NODATA, NODATA, NODATA, NODATA, NODATA, NODATA, NODATA, NODATA, NODATA, NODATA, NODATA, NODATA, NODATA, TRUEWIND_BAD_SOG, TRUEWIND_BAD_SOG, TRUEWIND_BAD_SOG, TRUEWIND_BAD_SOG, BAROMETER_BAD_RAW_PRESSURE, BAROMETER_BAD_RAW_PRESSURE, NODATA, NODATA, NODATA, NODATA, NODATA, NODATA, NODATA, SSV_BAD_TEMPERATURE, NODATA, NODATA, NODATA, NODATA, NODATA,2024/04/12 12:17:00,2024-04-12 12:17:00+00:00
2024/04/12, 12:18:00, NODATA, NODATA, NODATA, NODATA,, NODATA, NODATA, NODATA, NODATA, NODATA, NODATA, NODATA, NODATA, NODATA, NODATA, NODATA, NODATA, NODATA, NODATA, NODATA, TRUEWIND_BAD_SOG, TRUEWIND_BAD_SOG, TRUEWIND_BAD_SOG, TRUEWIND_BAD_SOG, BAROMETER_BAD_RAW_PRESSURE, BAROMETER_BAD_RAW_PRESSURE, NODATA, NODATA, NODATA, NODATA, NODATA, NODATA, NODATA, SSV_BAD_TEMPERATURE, NODATA, NODATA, NODATA, NODATA, NODATA,2024/04/12 12:18:00,2024-04-12 12:18:00+00:00
2024/04/12, 12:19:00, NODATA, NODATA, NODATA, NODATA,, NODATA, NODATA, NODATA, NODATA, NODATA, NODATA, NODATA, NODATA, NODATA, NODATA, NODATA, NODATA, NODATA, NODATA, NODATA, TRUEWIND_BAD_SOG, TRUEWIND_BAD_SOG, TRUEWIND_BAD_SOG, TRUEWIND_BAD_SOG, BAROMETER_BAD_RAW_PRESSURE, BAROMETER_BAD_RAW_PRESSURE, NODATA, NODATA, NODATA, NODATA, NODATA, NODATA, NODATA, SSV_BAD_TEMPERATURE, NODATA, NODATA, NODATA, NODATA, NODATA,2024/04/12 12:19:00,2024-04-12 12:19:00+00:00
2024/04/12, 12:20:00, NODATA, NODATA, NODATA, NODATA,, NODATA, NODATA, NODATA, NODATA, NODATA, NODATA, NODATA, NODATA, NODATA, NODATA, NODATA, NODATA, NODATA, NODATA, NODATA, TRUEWIND_BAD_SOG, TRUEWIND_BAD_SOG, TRUEWIND_BAD_SOG, TRUEWIND_BAD_SOG, BAROMETER_BAD_RAW_PRESSURE, BAROMETER_BAD_RAW_PRESSURE, NODATA, NODATA, NODATA, NODATA, NODATA, NODATA, NODATA, SSV_BAD_TEMPERATURE, NODATA, NODATA, NODATA, NODATA, NODATA,2024/04/12 12:20:00,2024-04-12 12:20:00+00:00
2024/04/12, 12:21:00, NODATA, NODATA, NODATA, NODATA,, NODATA, NODATA, NODATA, NODATA, NODATA, NODATA, NODATA, NODATA, NODATA, NODATA, NODATA, NODATA, NODATA, NODATA, NODATA, TRUEWIND_BAD_SOG, TRUEWIND_BAD_SOG, TRUEWIND_BAD_SOG, TRUEWIND_BAD_SOG, BAROMETER_BAD_RAW_PRESSURE, BAROMETER_BAD_RAW_PRESSURE, NODATA, NODATA, NODATA, NODATA, NODATA, NODATA, NODATA, SSV_BAD_TEMPERATURE, NODATA, NODATA, NODATA, NODATA, NODATA,2024/04/12 12:21:00,2024-04-12 12:21:00+00:00
2024/04/12, 12:22:00, NODATA, NODATA, NODATA, NODATA,, NODATA, NODATA, NODATA, NODATA, NODATA, NODATA, NODATA, NODATA, NODATA, NODATA, NODATA, NODATA, NODATA, NODATA, NODATA, TRUEWIND_BAD_SOG, TRUEWIND_BAD_SOG, TRUEWIND_BAD_SOG, TRUEWIND_BAD_SOG, BAROMETER_BAD_RAW_PRESSURE, BAROMETER_BAD_RAW_PRESSURE, NODATA, NODATA, NODATA, NODATA, NODATA, NODATA, NODATA, SSV_BAD_TEMPERATURE, NODATA, NODATA, NODATA, NODATA, NODATA,2024/04/12 12:22:00,2024-04-12 12:22:00+00:00
2024/04/12, 12:23:00, NODATA, NODATA, NODATA, NODATA,, NODATA, NODATA, NODATA, NODATA, NODATA, NODATA, NODATA, NODATA, NODATA, NODATA, NODATA, NODATA, NODATA, NODATA, NODATA, TRUEWIND_BAD_SOG, TRUEWIND_BAD_SOG, TRUEWIND_BAD_SOG, TRUEWIND_BAD_SOG, BAROMETER_BAD_RAW_PRESSURE, BAROMETER_BAD_RAW_PRESSURE, NODATA, NODATA, NODATA, NODATA, NODATA, NODATA, NODATA, SSV_BAD_TEMPERATURE, NODATA, NODATA, NODATA, NODATA, NODATA,2024/04/12 12:23:00,2024-04-12 12:23:00+00:00
2024/04/12, 12:24:00, NODATA, NODATA, NODATA, NODATA,, NODATA, NODATA, NODATA, NODATA, NODATA, NODATA, NODATA, NODATA, NODATA, NODATA, NODATA, NODATA, NODATA, NODATA, NODATA, TRUEWIND_BAD_SOG, TRUEWIND_BAD_SOG, TRUEWIND_BAD_SOG, TRUEWIND_BAD_SOG, BAROMETER_BAD_RAW_PRESSURE, BAROMETER_BAD_RAW_PRESSURE, NODATA, NODATA, NODATA, NODATA, NODATA, NODATA, NODATA, SSV_BAD_TEMPERATURE, NODATA, NODATA, NODATA, NODATA, NODATA,2024/04/12 12:24:00,2024-04-12 12:24:00+00:00
2024/04/12, 12:25:00, NODATA, NODATA, NODATA, NODATA,, NODATA, NODATA, NODATA, NODATA, NODATA, NODATA, NODATA, NODATA, NODATA, NODATA, NODATA, NODATA, NODATA, NODATA, NODATA, TRUEWIND_BAD_SOG, TRUEWIND_BAD_SOG, TRUEWIND_BAD_SOG, TRUEWIND_BAD_SOG, BAROMETER_BAD_RAW_PRESSURE, BAROMETER_BAD_RAW_PRESSURE, NODATA, NODATA, NODATA, NODATA, NODATA, NODATA, NODATA, SSV_BAD_TEMPERATURE, NODATA, NODATA, NODATA, NODATA, NODATA,2024/04/12 12:25:00,2024-04-12 12:25:00+00:00
2024/04/12, 12:26:00, NODATA, NODATA, NODATA, NODATA,, NODATA, NODATA, NODATA, NODATA, NODATA, NODATA, NODATA, NODATA, NODATA, NODATA, NODATA, NODATA, NODATA, NODATA, NODATA, TRUEWIND_BAD_SOG, TRUEWIND_BAD_SOG, TRUEWIND_BAD_SOG, TRUEWIND_BAD_SOG, BAROMETER_BAD_RAW_PRESSURE, BAROMETER_BAD_RAW_PRESSURE, NODATA, NODATA, NODATA, NODATA, NODATA, NODATA, NODATA, SSV_BAD_TEMPERATURE, NODATA, NODATA, NODATA, NODATA, NODATA,2024/04/12 12:26:00,2024-04-12 12:26:00+00:00
2024/04/12, 12:27:00, NODATA, NODATA, NODATA, NODATA,, NODATA, NODATA, NODATA, NODATA, NODATA, NODATA, NODATA, NODATA, NODATA, NODATA, NODATA, NODATA, NODATA, NODATA, NODATA, TRUEWIND_BAD_SOG, TRUEWIND_BAD_SOG, TRUEWIND_BAD_SOG, TRUEWIND_BAD_SOG, BAROMETER_BAD_RAW_PRESSURE, BAROMETER_BAD_RAW_PRESSURE, NODATA, NODATA, NODATA, NODATA, NODATA, NODATA, NODATA, SSV_BAD_TEMPERATURE, NODATA, NODATA, NODATA, NODATA, NODATA,2024/04/12 12:27:00,2024-04-12 12:27:00+00:00
2024/04/12, 12:28:00, NODATA, NODATA, NODATA, NODATA,, NODATA, NODATA, NODATA, NODATA, NODATA, NODATA, NODATA, NODATA, NODATA, NODATA, NODATA, NODATA, NODATA, NODATA, NODATA, TRUEWIND_BAD_SOG, TRUEWIND_BAD_SOG, TRUEWIND_BAD_SOG, TRUEWIND_BAD_SOG, BAROMETER_BAD_RAW_PRESSURE, BAROMETER_BAD_RAW_PRESSURE, NODATA, NODATA, NODATA, NODATA, NODATA, NODATA, NODATA, SSV_BAD_TEMPERATURE, NODATA, NODATA, NODATA, NODATA, NODATA,2024/04/12 12:28:00,2024-04-12 12:28:00+00:00
2024/04/12, 12:29:00, NODATA, NODATA, NODATA, NODATA,, NODATA, NODATA, NODATA, NODATA, NODATA, NODATA, NODATA, NODATA, NODATA, NODATA, NODATA, NODATA, NODATA, NODATA, NODATA, TRUEWIND_BAD_SOG, TRUEWIND_BAD_SOG, TRUEWIND_BAD_SOG, TRUEWIND_BAD_SOG, BAROMETER_BAD_RAW_PRESSURE, BAROMETER_BAD_RAW_PRESSURE, NODATA, NODATA, NODATA, NODATA, NODATA, NODATA, NODATA, SSV_BAD_TEMPERATURE, NODATA, NODATA, NODATA, NODATA, NODATA,2024/04/12 12:29:00,2024-04-12 12:29:00+00:00
2024/04/12, 12:30:00, NODATA, NODATA, NODATA, NODATA,, NODATA, NODATA, NODATA, NODATA, NODATA, NODATA, NODATA, NODATA, NODATA, NODATA, NODATA, NODATA, NODATA, NODATA, NODATA, TRUEWIND_BAD_SOG, TRUEWIND_BAD_SOG, TRUEWIND_BAD_SOG, TRUEWIND_BAD_SOG, BAROMETER_BAD_RAW_PRESSURE, BAROMETER_BAD_RAW_PRESSURE, NODATA, NODATA, NODATA, NODATA, NODATA, NODATA, NODATA, SSV_BAD_TEMPERATURE, NODATA, NODATA, NODATA, NODATA, NODATA,2024/04/12 12:30:00,2024-04-12 12:30:00+00:00
2024/04/12, 12:31:00, NODATA, NODATA, NODATA, NODATA,, NODATA, NODATA, NODATA, NODATA, NODATA, NODATA, NODATA, NODATA, NODATA, NODATA, NODATA, NODATA, NODATA, NODATA, NODATA, TRUEWIND_BAD_SOG, TRUEWIND_BAD_SOG, TRUEWIND_BAD_SOG, TRUEWIND_BAD_SOG, BAROMETER_BAD_RAW_PRESSURE, BAROMETER_BAD_RAW_PRESSURE, NODATA, NODATA, NODATA, NODATA, NODATA, NODATA, NODATA, SSV_BAD_TEMPERATURE, NODATA, NODATA, NODATA, NODATA, NODATA,2024/04/12 12:31:00,2024-04-12 12:31:00+00:00
2024/04/12, 12:32:00, NODATA, NODATA, NODATA, NODATA,, NODATA, NODATA, NODATA, NODATA, NODATA, NODATA, NODATA, NODATA, NODATA, NODATA, NODATA, NODATA, NODATA, NODATA, NODATA, TRUEWIND_BAD_SOG, TRUEWIND_BAD_SOG, TRUEWIND_BAD_SOG, TRUEWIND_BAD_SOG, BAROMETER_BAD_RAW_PRESSURE, BAROMETER_BAD_RAW_PRESSURE, NODATA, NODATA, NODATA, NODATA, NODATA, NODATA, NODATA, SSV_BAD_TEMPERATURE, NODATA, NODATA, NODATA, NODATA, NODATA,2024/04/12 12:32:00,2024-04-12 12:32:00+00:00
2024/04/12, 12:33:00, NODATA, NODATA, NODATA, NODATA,, NODATA, NODATA, NODATA, NODATA, NODATA, NODATA, NODATA, NODATA, NODATA, NODATA, NODATA, NODATA, NODATA, NODATA, NODATA, TRUEWIND_BAD_SOG, TRUEWIND_BAD_SOG, TRUEWIND_BAD_SOG, TRUEWIND_BAD_SOG, BAROMETER_BAD_RAW_PRESSURE, BAROMETER_BAD_RAW_PRESSURE, NODATA, NODATA, NODATA, NODATA, NODATA, NODATA, NODATA, SSV_BAD_TEMPERATURE, NODATA, NODATA, NODATA, NODATA, NODATA,2024/04/12 12:33:00,2024-04-12 12:33:00+00:00
2024/04/12, 12:34:00, NODATA, NODATA, NODATA, NODATA,, NODATA, NODATA, NODATA, NODATA, NODATA, NODATA, NODATA, NODATA, NODATA, NODATA, NODATA, NODATA, NODATA, NODATA, NODATA, TRUEWIND_BAD_SOG, TRUEWIND_BAD_SOG, TRUEWIND_BAD_SOG, TRUEWIND_BAD_SOG, BAROMETER_BAD_RAW_PRESSURE, BAROMETER_BAD_RAW_PRESSURE, NODATA, NODATA, NODATA, NODATA, NODATA, NODATA, NODATA, SSV_BAD_TEMPERATURE, NODATA, NODATA, NODATA, NODATA, NODATA,2024/04/12 12:34:00,2024-04-12 12:34:00+00:00
2024/04/12, 12:35:00, NODATA, NODATA, NODATA, NODATA,, NODATA, NODATA, NODATA, NODATA, NODATA, NODATA, NODATA, NODATA, NODATA, NODATA, NODATA, NODATA, NODATA, NODATA, NODATA, TRUEWIND_BAD_SOG, TRUEWIND_BAD_SOG, TRUEWIND_BAD_SOG, TRUEWIND_BAD_SOG, BAROMETER_BAD_RAW_PRESSURE, BAROMETER_BAD_RAW_PRESSURE, NODATA, NODATA, NODATA, NODATA, NODATA, NODATA, NODATA, SSV_BAD_TEMPERATURE, NODATA, NODATA, NODATA, NODATA, NODATA,2024/04/12 12:35:00,2024-04-12 12:35:00+00:00
2024/04/12, 12:36:00, NODATA, NODATA, NODATA, NODATA,, NODATA, NODATA, NODATA, NODATA, NODATA, NODATA, NODATA, NODATA, NODATA, NODATA, NODATA, NODATA, NODATA, NODATA, NODATA, TRUEWIND_BAD_SOG, TRUEWIND_BAD_SOG, TRUEWIND_BAD_SOG, TRUEWIND_BAD_SOG, BAROMETER_BAD_RAW_PRESSURE, BAROMETER_BAD_RAW_PRESSURE, NODATA, NODATA, NODATA, NODATA, NODATA, NODATA, NODATA, SSV_BAD_TEMPERATURE, NODATA, NODATA, NODATA, NODATA, NODATA,2024/04/12 12:36:00,2024-04-12 12:36:00+00:00
2024/04/12, 12:37:00, NODATA, NODATA, NODATA, NODATA,, NODATA, NODATA, NODATA, NODATA, NODATA, NODATA, NODATA, NODATA, NODATA, NODATA, NODATA, NODATA, NODATA, NODATA, NODATA, TRUEWIND_BAD_SOG, TRUEWIND_BAD_SOG, TRUEWIND_BAD_SOG, TRUEWIND_BAD_SOG, BAROMETER_BAD_RAW_PRESSURE, BAROMETER_BAD_RAW_PRESSURE, NODATA, NODATA, NODATA, NODATA, NODATA, NODATA, NODATA, SSV_BAD_TEMPERATURE, NODATA, NODATA, NODATA, NODATA, NODATA,2024/04/12 12:37:00,2024-04-12 12:37:00+00:00
2024/04/12, 12:38:00, NODATA, NODATA, NODATA, NODATA,, NODATA, NODATA, NODATA, NODATA, NODATA, NODATA, NODATA, NODATA, NODATA, NODATA, NODATA, NODATA, NODATA, NODATA, NODATA, TRUEWIND_BAD_SOG, TRUEWIND_BAD_SOG, TRUEWIND_BAD_SOG, TRUEWIND_BAD_SOG, BAROMETER_BAD_RAW_PRESSURE, BAROMETER_BAD_RAW_PRESSURE, NODATA, NODATA, NODATA, NODATA, NODATA, NODATA, NODATA, SSV_BAD_TEMPERATURE, NODATA, NODATA, NODATA, NODATA, NODATA,2024/04/12 12:38:00,2024-04-12 12:38:00+00:00
2024/04/12, 12:39:00, NODATA, NODATA, NODATA, NODATA,, NODATA, NODATA, NODATA, NODATA, NODATA, NODATA, NODATA, NODATA, NODATA, NODATA, NODATA, NODATA, NODATA, NODATA, NODATA, TRUEWIND_BAD_SOG, TRUEWIND_BAD_SOG, TRUEWIND_BAD_SOG, TRUEWIND_BAD_SOG, BAROMETER_BAD_RAW_PRESSURE, BAROMETER_BAD_RAW_PRESSURE, NODATA, NODATA, NODATA, NODATA, NODATA, NODATA, NODATA, SSV_BAD_TEMPERATURE, NODATA, NODATA, NODATA, NODATA, NODATA,2024/04/12 12:39:00,2024-04-12 12:39:00+00:00
2024/04/12, 12:40:00, NODATA, NODATA, NODATA, NODATA,, NODATA, NODATA, NODATA, NODATA, NODATA, NODATA, NODATA, NODATA, NODATA, NODATA, NODATA, NODATA, NODATA, NODATA, NODATA, TRUEWIND_BAD_SOG, TRUEWIND_BAD_SOG, TRUEWIND_BAD_SOG, TRUEWIND_BAD_SOG, BAROMETER_BAD_RAW_PRESSURE, BAROMETER_BAD_RAW_PRESSURE, NODATA, NODATA, NODATA, NODATA, NODATA, NODATA, NODATA, SSV_BAD_TEMPERATURE, NODATA, NODATA, NODATA, NODATA, NODATA,2024/04/12 12:40:00,2024-04-12 12:40:00+00:00
2024/04/12, 12:41:00, NODATA, NODATA, NODATA, NODATA,, NODATA, NODATA, NODATA, NODATA, NODATA, NODATA, NODATA, NODATA, NODATA, NODATA, NODATA, NODATA, NODATA, NODATA, NODATA, TRUEWIND_BAD_SOG, TRUEWIND_BAD_SOG, TRUEWIND_BAD_SOG, TRUEWIND_BAD_SOG, BAROMETER_BAD_RAW_PRESSURE, BAROMETER_BAD_RAW_PRESSURE, NODATA, NODATA, NODATA, NODATA, NODATA, NODATA, NODATA, SSV_BAD_TEMPERATURE, NODATA, NODATA, NODATA, NODATA, NODATA,2024/04/12 12:41:00,2024-04-12 12:41:00+00:00
2024/04/12, 12:42:00, NODATA, NODATA, NODATA, NODATA,, NODATA, NODATA, NODATA, NODATA, NODATA, NODATA, NODATA, NODATA, NODATA, NODATA, NODATA, NODATA, NODATA, NODATA, NODATA, TRUEWIND_BAD_SOG, TRUEWIND_BAD_SOG, TRUEWIND_BAD_SOG, TRUEWIND_BAD_SOG, BAROMETER_BAD_RAW_PRESSURE, BAROMETER_BAD_RAW_PRESSURE, NODATA, NODATA, NODATA, NODATA, NODATA, NODATA, NODATA, SSV_BAD_TEMPERATURE, NODATA, NODATA, NODATA, NODATA, NODATA,2024/04/12 12:42:00,2024-04-12 12:42:00+00:00
2024/04/12, 12:43:00, NODATA, NODATA, NODATA, NODATA,, NODATA, NODATA, NODATA, NODATA, NODATA, NODATA, NODATA, NODATA, NODATA, NODATA, NODATA, NODATA, NODATA, NODATA, NODATA, TRUEWIND_BAD_SOG, TRUEWIND_BAD_SOG, TRUEWIND_BAD_SOG, TRUEWIND_BAD_SOG, BAROMETER_BAD_RAW_PRESSURE, BAROMETER_BAD_RAW_PRESSURE, NODATA, NODATA, NODATA, NODATA, NODATA, NODATA, NODATA, SSV_BAD_TEMPERATURE, NODATA, NODATA, NODATA, NODATA, NODATA,2024/04/12 12:43:00,2024-04-12 12:43:00+00:00
2024/04/12, 12:44:00, NODATA, NODATA, NODATA, NODATA,, NODATA, NODATA, NODATA, NODATA, NODATA, NODATA, NODATA, NODATA, NODATA, NODATA, NODATA, NODATA, NODATA, NODATA, NODATA, TRUEWIND_BAD_SOG, TRUEWIND_BAD_SOG, TRUEWIND_BAD_SOG, TRUEWIND_BAD_SOG, BAROMETER_BAD_RAW_PRESSURE, BAROMETER_BAD_RAW_PRESSURE, NODATA, NODATA, NODATA, NODATA, NODATA, NODATA, NODATA, SSV_BAD_TEMPERATURE, NODATA, NODATA, NODATA, NODATA, NODATA,2024/04/12 12:44:00,2024-04-12 12:44:00+00:00
2024/04/12, 12:45:00, NODATA, NODATA, NODATA, NODATA,, NODATA, NODATA, NODATA, NODATA, NODATA, NODATA, NODATA, NODATA, NODATA, NODATA, NODATA, NODATA, NODATA, NODATA, NODATA, TRUEWIND_BAD_SOG, TRUEWIND_BAD_SOG, TRUEWIND_BAD_SOG, TRUEWIND_BAD_SOG, BAROMETER_BAD_RAW_PRESSURE, BAROMETER_BAD_RAW_PRESSURE, NODATA, NODATA, NODATA, NODATA, NODATA, NODATA, NODATA, SSV_BAD_TEMPERATURE, NODATA, NODATA, NODATA, NODATA, NODATA,2024/04/12 12:45:00,2024-04-12 12:45:00+00:00
2024/04/12, 12:46:00, NODATA, NODATA, NODATA, NODATA,, NODATA, NODATA, NODATA, NODATA, NODATA, NODATA, NODATA, NODATA, NODATA, NODATA, NODATA, NODATA, NODATA, NODATA, NODATA, TRUEWIND_BAD_SOG, TRUEWIND_BAD_SOG, TRUEWIND_BAD_SOG, TRUEWIND_BAD_SOG, BAROMETER_BAD_RAW_PRESSURE, BAROMETER_BAD_RAW_PRESSURE, NODATA, NODATA, NODATA, NODATA, NODATA, NODATA, NODATA, SSV_BAD_TEMPERATURE, NODATA, NODATA, NODATA, NODATA, NODATA,2024/04/12 12:46:00,2024-04-12 12:46:00+00:00
2024/04/12, 12:47:00, NODATA, NODATA, NODATA, NODATA,, NODATA, NODATA, NODATA, NODATA, NODATA, NODATA, NODATA, NODATA, NODATA, NODATA, NODATA, NODATA, NODATA, NODATA, NODATA, TRUEWIND_BAD_SOG, TRUEWIND_BAD_SOG, TRUEWIND_BAD_SOG, TRUEWIND_BAD_SOG, BAROMETER_BAD_RAW_PRESSURE, BAROMETER_BAD_RAW_PRESSURE, NODATA, NODATA, NODATA, NODATA, NODATA, NODATA, NODATA, SSV_BAD_TEMPERATURE, NODATA, NODATA, NODATA, NODATA, NODATA,2024/04/12 12:47:00,2024-04-12 12:47:00+00:00
2024/04/12, 12:48:00, NODATA, NODATA, NODATA, NODATA,, NODATA, NODATA, NODATA, NODATA, NODATA, NODATA, NODATA, NODATA, NODATA, NODATA, NODATA, NODATA, NODATA, NODATA, NODATA, TRUEWIND_BAD_SOG, TRUEWIND_BAD_SOG, TRUEWIND_BAD_SOG, TRUEWIND_BAD_SOG, BAROMETER_BAD_RAW_PRESSURE, BAROMETER_BAD_RAW_PRESSURE, NODATA, NODATA, NODATA, NODATA, NODATA, NODATA, NODATA, SSV_BAD_TEMPERATURE, NODATA, NODATA, NODATA, NODATA, NODATA,2024/04/12 12:48:00,2024-04-12 12:48:00+00:00
2024/04/12, 12:49:00, NODATA, NODATA, NODATA, NODATA,, NODATA, NODATA, NODATA, NODATA, NODATA, NODATA, NODATA, NODATA, NODATA, NODATA, NODATA, NODATA, NODATA, NODATA, NODATA, TRUEWIND_BAD_SOG, TRUEWIND_BAD_SOG, TRUEWIND_BAD_SOG, TRUEWIND_BAD_SOG, BAROMETER_BAD_RAW_PRESSURE, BAROMETER_BAD_RAW_PRESSURE, NODATA, NODATA, NODATA, NODATA, NODATA, NODATA, NODATA, SSV_BAD_TEMPERATURE, NODATA, NODATA, NODATA, NODATA, NODATA,2024/04/12 12:49:00,2024-04-12 12:49:00+00:00
2024/04/12, 12:50:00, NODATA, NODATA, NODATA, NODATA,, NODATA, NODATA, NODATA, NODATA, NODATA, NODATA, NODATA, NODATA, NODATA, NODATA, NODATA, NODATA, NODATA, NODATA, NODATA, TRUEWIND_BAD_SOG, TRUEWIND_BAD_SOG, TRUEWIND_BAD_SOG, TRUEWIND_BAD_SOG, BAROMETER_BAD_RAW_PRESSURE, BAROMETER_BAD_RAW_PRESSURE, NODATA, NODATA, NODATA, NODATA, NODATA, NODATA, NODATA, SSV_BAD_TEMPERATURE, NODATA, NODATA, NODATA, NODATA, NODATA,2024/04/12 12:50:00,2024-04-12 12:50:00+00:00
2024/04/12, 12:51:00, NODATA, NODATA, NODATA, NODATA,, NODATA, NODATA, NODATA, NODATA, NODATA, NODATA, NODATA, NODATA, NODATA, NODATA, NODATA, NODATA, NODATA, NODATA, NODATA, TRUEWIND_BAD_SOG, TRUEWIND_BAD_SOG, TRUEWIND_BAD_SOG, TRUEWIND_BAD_SOG, BAROMETER_BAD_RAW_PRESSURE, BAROMETER_BAD_RAW_PRESSURE, NODATA, NODATA, NODATA, NODATA, NODATA, NODATA, NODATA, SSV_BAD_TEMPERATURE, NODATA, NODATA, NODATA, NODATA, NODATA,2024/04/12 12:51:00,2024-04-12 12:51:00+00:00
2024/04/12, 12:52:00, NODATA, NODATA, NODATA, NODATA,, NODATA, NODATA, NODATA, NODATA, NODATA, NODATA, NODATA, NODATA, NODATA, NODATA, NODATA, NODATA, NODATA, NODATA, NODATA, TRUEWIND_BAD_SOG, TRUEWIND_BAD_SOG, TRUEWIND_BAD_SOG, TRUEWIND_BAD_SOG, BAROMETER_BAD_RAW_PRESSURE, BAROMETER_BAD_RAW_PRESSURE, NODATA, NODATA, NODATA, NODATA, NODATA, NODATA, NODATA, SSV_BAD_TEMPERATURE, NODATA, NODATA, NODATA, NODATA, NODATA,2024/04/12 12:52:00,2024-04-12 12:52:00+00:00
2024/04/12, 12:53:00, NODATA, NODATA, NODATA, NODATA,, NODATA, NODATA, NODATA, NODATA, NODATA, NODATA, NODATA, NODATA, NODATA, NODATA, NODATA, NODATA, NODATA, NODATA, NODATA, TRUEWIND_BAD_SOG, TRUEWIND_BAD_SOG, TRUEWIND_BAD_SOG, TRUEWIND_BAD_SOG, BAROMETER_BAD_RAW_PRESSURE, BAROMETER_BAD_RAW_PRESSURE, NODATA, NODATA, NODATA, NODATA, NODATA, NODATA, NODATA, SSV_BAD_TEMPERATURE, NODATA, NODATA, NODATA, NODATA, NODATA,2024/04/12 12:53:00,2024-04-12 12:53:00+00:00
2024/04/12, 12:54:00, NODATA, NODATA, NODATA, NODATA,, NODATA, NODATA, NODATA, NODATA, NODATA, NODATA, NODATA, NODATA, NODATA, NODATA, NODATA, NODATA, NODATA, NODATA, NODATA, TRUEWIND_BAD_SOG, TRUEWIND_BAD_SOG, TRUEWIND_BAD_SOG, TRUEWIND_BAD_SOG, BAROMETER_BAD_RAW_PRESSURE, BAROMETER_BAD_RAW_PRESSURE, NODATA, NODATA, NODATA, NODATA, NODATA, NODATA, NODATA, SSV_BAD_TEMPERATURE, NODATA, NODATA, NODATA, NODATA, NODATA,2024/04/12 12:54:00,2024-04-12 12:54:00+00:00
2024/04/12, 12:55:00, NODATA, NODATA, NODATA, NODATA,, NODATA, NODATA, NODATA, NODATA, NODATA, NODATA, NODATA, NODATA, NODATA, NODATA, NODATA, NODATA, NODATA, NODATA, NODATA, TRUEWIND_BAD_SOG, TRUEWIND_BAD_SOG, TRUEWIND_BAD_SOG, TRUEWIND_BAD_SOG, BAROMETER_BAD_RAW_PRESSURE, BAROMETER_BAD_RAW_PRESSURE, NODATA, NODATA, NODATA, NODATA, NODATA, NODATA, NODATA, SSV_BAD_TEMPERATURE, NODATA, NODATA, NODATA, NODATA, NODATA,2024/04/12 12:55:00,2024-04-12 12:55:00+00:00
2024/04/12, 12:56:00, NODATA, NODATA, NODATA, NODATA,, NODATA, NODATA, NODATA, NODATA, NODATA, NODATA, NODATA, NODATA, NODATA, NODATA, NODATA, NODATA, NODATA, NODATA, NODATA, TRUEWIND_BAD_SOG, TRUEWIND_BAD_SOG, TRUEWIND_BAD_SOG, TRUEWIND_BAD_SOG, BAROMETER_BAD_RAW_PRESSURE, BAROMETER_BAD_RAW_PRESSURE, NODATA, NODATA, NODATA, NODATA, NODATA, NODATA, NODATA, SSV_BAD_TEMPERATURE, NODATA, NODATA, NODATA, NODATA, NODATA,2024/04/12 12:56:00,2024-04-12 12:56:00+00:00
2024/04/12, 12:57:00, NODATA, NODATA, NODATA, NODATA,, NODATA, NODATA, NODATA, NODATA, NODATA, NODATA, NODATA, NODATA, NODATA, NODATA, NODATA, NODATA, NODATA, NODATA, NODATA, TRUEWIND_BAD_SOG, TRUEWIND_BAD_SOG, TRUEWIND_BAD_SOG, TRUEWIND_BAD_SOG, BAROMETER_BAD_RAW_PRESSURE, BAROMETER_BAD_RAW_PRESSURE, NODATA, NODATA, NODATA, NODATA, NODATA, NODATA, NODATA, SSV_BAD_TEMPERATURE, NODATA, NODATA, NODATA, NODATA, NODATA,2024/04/12 12:57:00,2024-04-12 12:57:00+00:00
2024/04/12, 12:58:00, NODATA, NODATA, NODATA, NODATA,, NODATA, NODATA, NODATA, NODATA, NODATA, NODATA, NODATA, NODATA, NODATA, NODATA, NODATA, NODATA, NODATA, NODATA, NODATA, TRUEWIND_BAD_SOG, TRUEWIND_BAD_SOG, TRUEWIND_BAD_SOG, TRUEWIND_BAD_SOG, BAROMETER_BAD_RAW_PRESSURE, BAROMETER_BAD_RAW_PRESSURE, NODATA, NODATA, NODATA, NODATA, NODATA, NODATA, NODATA, SSV_BAD_TEMPERATURE, NODATA, NODATA, NODATA, NODATA, NODATA,2024/04/12 12:58:00,2024-04-12 12:58:00+00:00
2024/04/12, 12:59:00, NODATA, NODATA, NODATA, NODATA,, NODATA, NODATA, NODATA, NODATA, NODATA, NODATA, NODATA, NODATA, NODATA, NODATA, NODATA, NODATA, NODATA, NODATA, NODATA, TRUEWIND_BAD_SOG, TRUEWIND_BAD_SOG, TRUEWIND_BAD_SOG, TRUEWIND_BAD_SOG, BAROMETER_BAD_RAW_PRESSURE, BAROMETER_BAD_RAW_PRESSURE, NODATA, NODATA, NODATA, NODATA, NODATA, NODATA, NODATA, SSV_BAD_TEMPERATURE, NODATA, NODATA, NODATA, NODATA, NODATA,2024/04/12 12:59:00,2024-04-12 12:59:00+00:00
2024/04/12, 13:00:00, NODATA, NODATA, NODATA, NODATA,, NODATA, NODATA, NODATA, NODATA, NODATA, NODATA, NODATA, NODATA, NODATA, NODATA, NODATA, NODATA, NODATA, NODATA, NODATA, TRUEWIND_BAD_SOG, TRUEWIND_BAD_SOG, TRUEWIND_BAD_SOG, TRUEWIND_BAD_SOG, BAROMETER_BAD_RAW_PRESSURE, BAROMETER_BAD_RAW_PRESSURE, NODATA, NODATA, NODATA, NODATA, NODATA, NODATA, NODATA, SSV_BAD_TEMPERATURE, NODATA, NODATA, NODATA, NODATA, NODATA,2024/04/12 13:00:00,2024-04-12 13:00:00+00:00
2024/04/12, 13:01:00, 41.524, -70.672, 0.06, 25.350,, 0.010, 13.3, 13.4, 1000.9, 1001.3, 6.0, 5.1, 59.050, 54.340, 139, 139, 17.7, 17.2, 100.0, 100.0, 17.7, 17.2, 164.3, 164.3, 1003.0, 1003.4, 35.140, 399.160, 169.61, 0.0645, 7.7022, 89.100, 0.0, 1438.057, NODATA, NODATA, NODATA, NODATA, 206.600,2024/04/12 13:01:00,2024-04-12 13:01:00+00:00
2024/04/12, 13:02:00, 41.524, -70.672, 0.14, 25.260,, 0.020, 13.3, 13.4, 1001.2, 1000.7, 4.2, 5.6, 59.130, 54.440, 133, 138, 15.8, 13.3, 100.0, 100.0, 15.8, 13.3, 158.3, 163.3, 1003.3, 1002.8, 22.640, 397.610, 132.97, 0.0645, 7.7007, 88.100, 0.0, 1438.051, NODATA, NODATA, NODATA, NODATA, 0.000,2024/04/12 13:02:00,2024-04-12 13:02:00+00:00
2024/04/12, 13:03:00, 41.524, -70.672, 0.04, 25.410,, 0.030, 13.3, 13.4, 1000.6, 1001.2, 6.2, 5.6, 59.250, 54.550, 138, 139, 14.3, 14.1, 100.0, 100.0, 14.3, 14.1, 163.4, 164.4, 1002.7, 1003.3, 30.260, 398.380, 148.03, 0.0645, 7.7006, 89.100, 0.0, 1438.050, NODATA, NODATA, NODATA, NODATA, 4.100,2024/04/12 13:03:00,2024-04-12 13:03:00+00:00
2024/04/12, 13:04:00, 41.524, -70.672, 0.00, 25.410,, 0.030, 13.2, 13.4, 1000.9, 1001.3, 17.7, 16.7, 59.540, 54.840, 144, 142, 13.6, 15.0, 100.0, 99.8, 13.6, 15.0, 169.4, 167.4, 1003.0, 1003.4, 21.790, 397.680, 120.34, 0.0645, 7.7001, 88.800, 0.0, 1438.048, NODATA, NODATA, NODATA, NODATA, 300.300,2024/04/12 13:04:00,2024-04-12 13:04:00+00:00
2024/04/12, 13:05:00, 41.524, -70.672, 0.02, 25.190,, 0.030, 13.3, 13.4, 1000.9, 1001.2, 30.5, 27.9, 60.050, 55.330, 136, 137, 16.5, 17.0, 100.0, 100.0, 16.5, 17.0, 161.2, 162.2, 1003.0, 1003.3, 28.210, 399.080, 138.99, 0.0645, 7.7018, 89.100, 0.0, 1438.055, NODATA, NODATA, NODATA, NODATA, 42.700,2024/04/12 13:05:00,2024-04-12 13:05:00+00:00
2024/04/12, 13:06:00, 41.524, -70.672, -0.07, 25.380,, 0.020, 13.4, 13.5, 1001.0, 1001.2, 28.1, 28.6, 60.520, 55.770, 141, 142, 15.8, 15.3, 100.0, 100.0, 15.8, 15.3, 166.3, 167.3, 1003.1, 1003.3, 22.610, 399.600, 119.08, 0.0645, 7.7025, 89.100, 0.0, 1438.058, NODATA, NODATA, NODATA, NODATA, 225.000,2024/04/12 13:06:00,2024-04-12 13:06:00+00:00
2024/04/12, 13:07:00, 41.524, -70.672, -0.04, 25.400,, 0.020, 13.4, 13.6, 1000.9, 1000.6, 23.1, 22.6, 60.900, 56.140, 137, 132, 14.3, 14.7, 100.0, 100.0, 14.3, 14.7, 162.4, 157.4, 1003.0, 1002.7, 30.190, 397.530, 146.51, 0.0644, 7.7034, 89.100, 0.0, 1438.062, NODATA, NODATA, NODATA, NODATA, 288.400,2024/04/12 13:07:00,2024-04-12 13:07:00+00:00
2024/04/12, 13:08:00, 41.524, -70.672, -0.14, 25.290,, 0.010, 13.3, 13.5, 1001.2, 1001.2, 19.6, 20.3, 61.250, 56.500, 132, 139, 14.0, 13.6, 100.0, 99.4, 14.0, 13.6, 157.3, 164.3, 1003.3, 1003.3, 19.830, 399.030, 107.80, 0.0644, 7.7039, 89.100, 0.0, 1438.064, NODATA, NODATA, NODATA, NODATA, 216.900,2024/04/12 13:08:00,2024-04-12 13:08:00+00:00
2024/04/12, 13:09:00, 41.524, -70.672, 0.09, 25.220,, 0.030, 13.3, 13.5, 1001.3, 1001.1, 31.3, 29.7, 61.740, 57.010, 136, 131, 16.5, 15.5, 100.0, 99.9, 16.5, 15.5, 161.2, 156.2, 1003.4, 1003.2, 19.140, 399.290, 103.18, 0.0644, 7.7059, 89.100, 0.0, 1438.072, NODATA, NODATA, NODATA, NODATA, 129.800,2024/04/12 13:09:00,2024-04-12 13:09:00+00:00
2024/04/12, 13:10:00, 41.524, -70.672, 0.05, 25.200,, 0.010, 13.3, 13.4, 1000.4, 1000.9, 23.7, 24.1, 62.160, 57.400, 133, 132, 15.0, 13.1, 100.0, 100.0, 15.0, 13.1, 158.2, 157.2, 1002.5, 1003.0, 17.930, 398.450, 103.20, 0.0644, 7.7075, 88.800, 0.0, 1438.079, NODATA, NODATA, NODATA, NODATA, 161.600,2024/04/12 13:10:00,2024-04-12 13:10:00+00:00
2024/04/12, 13:11:00, 41.524, -70.672, 0.18, 25.580,, 0.040, 13.2, 13.4, 1001.2, 1001.0, 22.9, 25.7, 62.530, 57.830, 138, 135, 14.7, 14.4, 100.0, 100.0, 14.7, 14.4, 163.5, 160.5, 1003.3, 1003.1, 23.450, 399.220, 130.52, 0.0644, 7.7076, 89.100, 0.0, 1438.079, NODATA, NODATA, NODATA, NODATA, 223.300,2024/04/12 13:11:00,2024-04-12 13:11:00+00:00
2024/04/12, 13:12:00, 41.524, -70.672, 0.13, 25.480,, 0.020, 13.2, 13.4, 1000.9, 1000.8, 17.9, 20.1, 62.770, 58.150, 138, 140, 13.2, 17.4, 100.0, 100.0, 13.2, 17.4, 163.5, 165.5, 1003.0, 1002.9, 17.380, 400.690, 100.05, 0.0644, 7.7095, 88.800, 0.0, 1438.087, NODATA, NODATA, NODATA, NODATA, 106.700,2024/04/12 13:12:00,2024-04-12 13:12:00+00:00
2024/04/12, 13:13:00, 41.524, -70.672, 0.17, 25.390,, 0.010, 13.4, 13.5, 1000.9, 1000.9, 20.7, 15.7, 63.150, 58.400, 138, 143, 11.2, 12.9, 100.0, 100.0, 11.2, 12.9, 163.4, 168.4, 1003.0, 1003.0, 21.570, 397.150, 118.93, 0.0643, 7.7105, 88.400, 0.0, 1438.092, NODATA, NODATA, NODATA, NODATA, 293.200,2024/04/12 13:13:00,2024-04-12 13:13:00+00:00
2024/04/12, 13:14:00, 41.524, -70.672, 0.20, 25.370,, 0.020, 13.1, 13.3, 1001.0, 1001.2, 14.0, 9.7, 63.390, 58.580, 135, 135, 14.5, 13.0, 100.0, 99.3, 14.5, 13.0, 160.4, 160.3, 1003.1, 1003.3, 22.460, 399.090, 119.77, 0.0644, 7.7100, 88.400, 0.0, 1438.090, NODATA, NODATA, NODATA, NODATA, 311.600,2024/04/12 13:14:00,2024-04-12 13:14:00+00:00
2024/04/12, 13:15:00, 41.524, -70.672, 0.20, 25.430,, 0.010, 13.1, 13.3, 1000.7, 1001.2, 16.4, 13.4, 63.660, 58.800, 137, 133, 12.0, 12.6, 100.0, 100.0, 12.0, 12.6, 162.4, 158.4, 1002.8, 1003.3, 12.640, 399.410, 78.07, 0.0643, 7.7099, 88.800, 0.0, 1438.089, NODATA, NODATA, NODATA, NODATA, 146.300,2024/04/12 13:15:00,2024-04-12 13:15:00+00:00
2024/04/12, 13:16:00, 41.524, -70.672, 0.07, 25.590,, 0.020, 13.2, 13.3, 1000.8, 1001.2, 25.3, 23.5, 64.080, 59.170, 135, 134, 16.1, 17.3, 100.0, 100.0, 16.1, 17.3, 160.6, 159.6, 1002.9, 1003.3, 19.270, 399.460, 104.35, 0.0643, 7.7103, 88.800, 0.0, 1438.091, NODATA, NODATA, NODATA, NODATA, 282.500,2024/04/12 13:16:00,2024-04-12 13:16:00+00:00
2024/04/12, 13:17:00, 41.524, -70.672, -0.05, 25.450,, 0.010, 13.3, 13.4, 1001.0, 1001.0, 12.9, 10.5, 64.290, 59.360, 146, 146, 13.2, 13.7, 100.0, 100.0, 13.2, 13.7, 171.5, 171.5, 1003.1, 1003.1, 31.420, 398.560, 150.21, 0.0643, 7.7114, 88.400, 0.0, 1438.095, NODATA, NODATA, NODATA, NODATA, 14.000,2024/04/12 13:17:00,2024-04-12 13:17:00+00:00
2024/04/12, 13:18:00, 41.524, -70.672, 0.16, 25.410,, 0.020, 13.2, 13.3, 1000.8, 1001.2, 8.5, 7.2, 64.430, 59.470, 143, 139, 14.1, 13.8, 100.0, 100.0, 14.1, 13.8, 168.4, 164.4, 1002.9, 1003.3, 22.350, 398.280, 121.62, 0.0643, 7.7128, 88.800, 0.0, 1438.101, NODATA, NODATA, NODATA, NODATA, 275.700,2024/04/12 13:18:00,2024-04-12 13:18:00+00:00
2024/04/12, 13:19:00, 41.524, -70.672, -0.03, 25.480,, 0.030, 13.1, 13.3, 1001.0, 1000.9, 7.1, 6.7, 64.550, 59.580, 136, 136, 16.4, 16.4, 100.0, 100.0, 16.4, 16.4, 161.4, 161.4, 1003.1, 1003.0, 27.960, 400.290, 143.07, 0.0643, 7.7145, 88.400, 0.0, 1438.108, NODATA, NODATA, NODATA, NODATA, 256.000,2024/04/12 13:19:00,2024-04-12 13:19:00+00:00
2024/04/12, 13:20:00, 41.524, -70.672, -0.05, 25.450,, 0.020, 13.3, 13.5, 1000.9, 999.8, 3.5, 3.7, 64.610, 59.640, 139, 139, 13.7, 13.4, 100.0, 100.0, 13.7, 13.4, 164.5, 164.5, 1003.0, 1001.9, 30.190, 400.150, 147.25, 0.0643, 7.7140, 88.800, 0.0, 1438.106, NODATA, NODATA, NODATA, NODATA, 97.100,2024/04/12 13:20:00,2024-04-12 13:20:00+00:00
2024/04/12, 13:21:00, 41.524, -70.672, 0.10, 25.430,, 0.020, 13.3, 13.5, 1000.6, 1001.0, 5.5, 5.1, 64.700, 59.730, 135, 135, 14.7, 13.5, 100.0, 100.0, 14.7, 13.5, 160.4, 160.4, 1002.7, 1003.1, 26.780, 399.670, 135.30, 0.0643, 7.7127, 88.800, 0.0, 1438.101, NODATA, NODATA, NODATA, NODATA, 187.100,2024/04/12 13:21:00,2024-04-12 13:21:00+00:00
2024/04/12, 13:22:00, 41.524, -70.672, 0.07, 25.550,, 0.030, 13.4, 13.5, 1000.9, 1000.2, 8.8, 8.2, 64.850, 59.890, 144, 141, 14.3, 11.7, 100.0, 100.0, 14.3, 11.7, 169.5, 166.5, 1003.0, 1002.3, 38.500, 397.950, 179.35, 0.0643, 7.7101, 88.800, 0.0, 1438.090, NODATA, NODATA, NODATA, NODATA, 324.000,2024/04/12 13:22:00,2024-04-12 13:22:00+00:00
2024/04/12, 13:23:00, 41.524, -70.672, 0.12, 25.590,, 0.040, 13.3, 13.5, 1000.2, 1001.0, 13.1, 13.7, 65.070, 60.110, 139, 135, 15.7, 16.1, 100.0, 100.0, 15.7, 16.1, 164.5, 160.5, 1002.3, 1003.1, 35.470, 399.010, 169.84, 0.0643, 7.7041, 88.800, 0.0, 1438.065, NODATA, NODATA, NODATA, NODATA, 300.500,2024/04/12 13:23:00,2024-04-12 13:23:00+00:00
2024/04/12, 13:24:00, 41.524, -70.672, 0.20, 25.600,, 0.020, 13.4, 13.5, 1000.6, 1000.3, 20.2, 17.0, 65.410, 60.420, 145, 146, 19.9, 18.8, 100.0, 100.0, 19.9, 18.8, 170.6, 171.6, 1002.7, 1002.4, 32.080, 400.050, 157.87, 0.0642, 7.7035, 89.100, 0.0, 1438.062, NODATA, NODATA, NODATA, NODATA, 270.000,2024/04/12 13:24:00,2024-04-12 13:24:00+00:00
2024/04/12, 13:25:00, 41.524, -70.672, 0.03, 25.400,, 0.040, 13.4, 13.5, 1000.0, 1001.0, 15.1, 12.3, 65.670, 60.610, 139, 131, 14.4, 12.3, 100.0, 100.0, 14.4, 12.3, 164.4, 156.4, 1002.1, 1003.1, 29.310, 400.250, 158.03, 0.0642, 7.7047, 89.100, 0.0, 1438.067, NODATA, NODATA, NODATA, NODATA, 137.000,2024/04/12 13:25:00,2024-04-12 13:25:00+00:00
2024/04/12, 13:26:00, 41.524, -70.672, -0.05, 25.460,, 0.040, 13.3, 13.4, 1000.8, 1000.8, 18.8, 16.9, 65.980, 60.900, 141, 140, 13.2, 13.6, 100.0, 100.0, 13.2, 13.6, 166.4, 165.4, 1002.9, 1002.9, 37.540, 399.460, 183.84, 0.0642, 7.7086, 88.800, 0.0, 1438.083, NODATA, NODATA, NODATA, NODATA, 323.100,2024/04/12 13:26:00,2024-04-12 13:26:00+00:00
2024/04/12, 13:27:00, 41.524, -70.672, 0.09, 25.620,, 0.010, 13.4, 13.6, 1000.9, 1000.9, 18.1, 17.9, 66.320, 61.220, 141, 149, 14.2, 13.6, 100.0, 100.0, 14.2, 13.6, 166.6, 174.6, 1003.0, 1003.0, 35.730, 400.890, 172.55, 0.0642, 7.7209, 89.700, 0.0, 1438.135, NODATA, NODATA, NODATA, NODATA, 149.000,2024/04/12 13:27:00,2024-04-12 13:27:00+00:00
2024/04/12, 13:28:00, 41.524, -70.672, 0.06, 25.430,, 0.020, 13.6, 13.7, 1000.9, 1000.4, 17.2, 16.2, 66.590, 61.500, 134, 135, 16.9, 15.1, 100.0, 100.0, 16.9, 15.1, 159.4, 160.4, 1003.0, 1002.5, 33.830, 403.370, 173.78, 0.0641, 7.7344, 89.100, 0.0, 1438.192, NODATA, NODATA, NODATA, NODATA, 216.900,2024/04/12 13:28:00,2024-04-12 13:28:00+00:00
2024/04/12, 13:29:00, 41.524, -70.672, 0.09, 25.440,, 0.020, 13.7, 13.8, 1000.5, 1000.3, 23.1, 19.7, 66.950, 61.780, 141, 143, 16.1, 16.0, 100.0, 100.0, 16.1, 16.0, 166.5, 168.5, 1002.6, 1002.4, 40.710, 398.850, 193.90, 0.0641, 7.7440, 89.400, 0.0, 1438.232, NODATA, NODATA, NODATA, NODATA, 114.000,2024/04/12 13:29:00,2024-04-12 13:29:00+00:00
2024/04/12, 13:30:00, 41.524, -70.672, 0.09, 25.540,, 0.010, 13.6, 13.8, 1000.4, 999.9, 20.0, 17.9, 67.300, 62.100, 135, 136, 15.7, 17.1, 100.0, 100.0, 15.7, 17.1, 160.6, 161.6, 1002.5, 1002.0, 34.620, 400.440, 177.35, 0.0641, 7.7544, 89.100, 0.0, 1438.276, NODATA, NODATA, NODATA, NODATA, 123.700,2024/04/12 13:30:00,2024-04-12 13:30:00+00:00
2024/04/12, 13:31:00, 41.524, -70.672, -0.05, 25.640,, 0.040, 13.7, 13.8, 1000.9, 1000.8, 18.1, 23.8, 67.600, 62.550, 138, 144, 19.2, 18.8, 100.0, 100.0, 19.2, 18.8, 163.6, 169.6, 1003.0, 1002.9, 40.060, 400.140, 197.08, 0.0641, 7.7603, 88.800, 0.0, 1438.300, NODATA, NODATA, NODATA, NODATA, 316.800,2024/04/12 13:31:00,2024-04-12 13:31:00+00:00
2024/04/12, 13:32:00, 41.524, -70.672, 0.03, 25.530,, 0.030, 13.6, 13.8, 1000.6, 1001.0, 21.6, 20.8, 67.970, 62.880, 138, 138, 13.2, 13.1, 100.0, 100.0, 13.2, 13.1, 163.5, 163.5, 1002.7, 1003.1, 38.480, 397.280, 183.47, 0.0640, 7.7630, 89.100, 0.0, 1438.311, NODATA, NODATA, NODATA, NODATA, 339.400,2024/04/12 13:32:00,2024-04-12 13:32:00+00:00
2024/04/12, 13:33:00, 41.524, -70.672, 0.14, 25.550,, 0.000, 13.6, 13.7, 1000.9, 1000.7, 24.2, 22.0, 68.350, 63.270, 144, 144, 16.0, 17.2, 100.0, 99.8, 16.0, 17.2, 169.6, 169.6, 1003.0, 1002.8, 36.990, 398.880, 175.43, 0.0640, 7.7641, 89.400, 0.0, 1438.316, NODATA, NODATA, NODATA, NODATA, 63.400,2024/04/12 13:33:00,2024-04-12 13:33:00+00:00
2024/04/12, 13:34:00, 41.524, -70.672, 0.01, 25.710,, 0.030, 13.6, 13.7, 1000.8, 1000.5, 25.8, 21.2, 68.800, 63.640, 140, 139, 12.4, 12.8, 100.0, 100.0, 12.4, 12.8, 165.7, 164.7, 1002.9, 1002.6, 35.010, 398.420, 172.51, 0.0640, 7.7651, 89.100, 0.0, 1438.320, NODATA, NODATA, NODATA, NODATA, 327.300,2024/04/12 13:34:00,2024-04-12 13:34:00+00:00
2024/04/12, 13:35:00, 41.524, -70.672, 0.11, 25.610,, 0.060, 13.5, 13.7, 1000.3, 1000.8, 24.5, 25.4, 69.220, 64.070, 141, 140, 17.4, 15.7, 100.0, 100.0, 17.4, 15.7, 166.7, 165.7, 1002.4, 1002.9, 29.850, 400.970, 156.45, 0.0639, 7.7651, 89.400, 0.0, 1438.320, NODATA, NODATA, NODATA, NODATA, 115.000,2024/04/12 13:35:00,2024-04-12 13:35:00+00:00
2024/04/12, 13:36:00, 41.524, -70.672, 0.19, 25.380,, 0.010, 13.6, 13.7, 1000.7, 1000.8, 33.3, 32.5, 69.770, 64.580, 136, 132, 13.5, 15.2, 100.0, 100.0, 13.5, 15.2, 161.4, 157.4, 1002.8, 1002.9, 27.930, 401.000, 143.55, 0.0639, 7.7690, 89.100, 0.0, 1438.336, NODATA, NODATA, NODATA, NODATA, 303.700,2024/04/12 13:36:00,2024-04-12 13:36:00+00:00
2024/04/12, 13:37:00, 41.524, -70.672, 0.13, 25.580,, 0.030, 13.7, 13.8, 1000.9, 999.7, 22.7, 22.1, 70.140, 64.940, 139, 141, 14.2, 13.9, 100.0, 100.0, 14.2, 13.9, 164.6, 166.6, 1003.0, 1001.8, 23.240, 400.380, 123.92, 0.0639, 7.7741, 89.400, 0.0, 1438.358, NODATA, NODATA, NODATA, NODATA, 56.300,2024/04/12 13:37:00,2024-04-12 13:37:00+00:00
2024/04/12, 13:38:00, 41.524, -70.672, 0.05, 25.580,, 0.000, 13.6, 13.7, 1000.9, 1000.4, 19.0, 18.6, 70.470, 65.290, 136, 137, 16.0, 13.5, 100.0, 100.0, 16.0, 13.5, 161.6, 162.6, 1003.0, 1002.5, 21.510, 402.380, 117.80, 0.0638, 7.7785, 89.400, 0.0, 1438.376, NODATA, NODATA, NODATA, NODATA, 0.000,2024/04/12 13:38:00,2024-04-12 13:38:00+00:00
2024/04/12, 13:39:00, 41.524, -70.672, 0.00, 25.620,, 0.060, 13.6, 13.8, 1000.8, 1000.4, 24.0, 20.3, 70.880, 65.620, 144, 139, 15.4, 15.1, 100.0, 100.0, 15.4, 15.1, 169.5, 164.5, 1002.9, 1002.5, 29.490, 401.760, 146.54, 0.0637, 7.7839, 89.400, 0.0, 1438.399, NODATA, NODATA, NODATA, NODATA, 252.200,2024/04/12 13:39:00,2024-04-12 13:39:00+00:00
2024/04/12, 13:40:00, 41.524, -70.672, -0.07, 25.700,, 0.050, 13.8, 13.9, 1000.6, 999.5, 37.6, 34.8, 71.490, 66.200, 126, 128, 17.6, 16.6, 100.0, 100.0, 17.6, 16.6, 151.6, 153.6, 1002.7, 1001.6, 19.230, 404.600, 112.51, 0.0637, 7.7858, 89.400, 0.0, 1438.407, NODATA, NODATA, NODATA, NODATA, 294.800,2024/04/12 13:40:00,2024-04-12 13:40:00+00:00
2024/04/12, 13:41:00, 41.524, -70.672, -0.07, 25.570,, 0.010, 14.1, 14.2, 1000.6, 999.8, 33.8, 26.0, 72.060, 66.620, 136, 130, 15.3, 15.4, 100.0, 100.0, 15.3, 15.4, 161.6, 155.6, 1002.7, 1001.9, 28.170, 399.200, 147.32, 0.0636, 7.7853, 89.400, 0.0, 1438.404, NODATA, NODATA, NODATA, NODATA, 341.600,2024/04/12 13:41:00,2024-04-12 13:41:00+00:00
2024/04/12, 13:42:00, 41.524, -70.672, 0.09, 25.590,, 0.010, 14.1, 14.1, 999.9, 1000.6, 22.7, 21.9, 72.480, 67.050, 135, 136, 14.8, 13.4, 100.0, 100.0, 14.8, 13.4, 160.6, 161.6, 1002.0, 1002.7, 23.590, 400.130, 130.72, 0.0636, 7.7837, 88.800, 0.0, 1438.398, NODATA, NODATA, NODATA, NODATA, 51.300,2024/04/12 13:42:00,2024-04-12 13:42:00+00:00
2024/04/12, 13:43:00, 41.524, -70.672, 0.04, 25.770,, 0.060, 13.7, 13.9, 1000.9, 1000.5, 28.8, 26.0, 72.940, 67.450, 134, 135, 12.1, 12.0, 100.0, 99.8, 12.1, 12.0, 159.6, 160.6, 1003.0, 1002.6, 24.520, 400.560, 133.07, 0.0636, 7.7843, 89.100, 0.0, 1438.400, NODATA, NODATA, NODATA, NODATA, 273.900,2024/04/12 13:43:00,2024-04-12 13:43:00+00:00
2024/04/12, 13:44:00, 41.524, -70.672, 0.12, 25.760,, 0.020, 13.7, 13.9, 1000.2, 1000.7, 47.7, 45.8, 73.720, 68.240, 134, 137, 14.1, 13.0, 100.0, 100.0, 14.1, 13.0, 159.8, 162.8, 1002.3, 1002.8, 11.440, 400.740, 75.97, 0.0636, 7.7855, 89.100, 0.0, 1438.405, NODATA, NODATA, NODATA, NODATA, 56.300,2024/04/12 13:44:00,2024-04-12 13:44:00+00:00
2024/04/12, 13:45:00, 41.524, -70.672, 0.08, 25.910,, 0.020, 13.7, 13.8, 1000.7, 1000.9, 35.3, 35.3, 74.360, 68.920, 137, 133, 14.6, 13.8, 100.0, 100.0, 14.6, 13.8, 162.9, 158.9, 1002.8, 1003.0, 12.360, 399.200, 70.44, 0.0636, 7.7863, 89.400, 0.0, 1438.409, NODATA, NODATA, NODATA, NODATA, 292.600,2024/04/12 13:45:00,2024-04-12 13:45:00+00:00
2024/04/12, 13:46:00, 41.524, -70.672, 0.08, 25.590,, 0.010, 13.5, 13.8, 1000.6, 1000.8, 159.0, 150.8, 77.200, 71.540, 138, 135, 17.9, 16.3, 100.0, 100.0, 17.9, 16.3, 163.6, 160.6, 1002.7, 1002.9, 15.980, 401.570, 98.69, 0.0635, 7.7833, 90.000, 0.0, 1438.396, NODATA, NODATA, NODATA, NODATA, 15.900,2024/04/12 13:46:00,2024-04-12 13:46:00+00:00
2024/04/12, 13:47:00, 41.524, -70.672, 0.12, 25.750,, 0.030, 13.6, 13.7, 1000.5, 1000.8, 108.9, 95.2, 78.850, 73.010, 139, 136, 14.2, 15.1, 100.0, 100.0, 14.2, 15.1, 164.8, 161.8, 1002.6, 1002.9, 13.790, 401.130, 90.94, 0.0635, 7.7762, 89.400, 0.0, 1438.366, NODATA, NODATA, NODATA, NODATA, 108.400,2024/04/12 13:47:00,2024-04-12 13:47:00+00:00
2024/04/12, 13:48:00, 41.524, -70.672, 0.18, 25.800,, 0.070, 13.7, 13.8, 1000.5, 1000.5, 47.3, 46.0, 79.590, 73.690, 136, 132, 14.9, 13.2, 100.0, 100.0, 14.9, 13.2, 161.8, 157.8, 1002.6, 1002.6, 12.240, 400.000, 80.84, 0.0636, 7.7683, 89.400, 0.0, 1438.333, NODATA, NODATA, NODATA, NODATA, 346.800,2024/04/12 13:48:00,2024-04-12 13:48:00+00:00
2024/04/12, 13:49:00, 41.524, -70.672, 0.18, 25.710,, 0.040, 13.5, 13.7, 1000.2, 1000.3, 27.6, 22.7, 80.060, 74.030, 135, 135, 11.7, 11.4, 100.0, 100.0, 11.7, 11.4, 160.6, 160.6, 1002.3, 1002.4, 9.950, 400.680, 67.68, 0.0635, 7.7598, 89.400, 0.0, 1438.297, NODATA, NODATA, NODATA, NODATA, 261.900,2024/04/12 13:49:00,2024-04-12 13:49:00+00:00
2024/04/12, 13:50:00, 41.524, -70.672, 0.17, 25.860,, 0.020, 13.5, 13.7, 1000.5, 1000.1, 61.2, 50.7, 81.120, 74.960, 132, 128, 13.1, 13.8, 100.0, 100.0, 13.1, 13.8, 157.8, 153.8, 1002.6, 1002.2, 19.020, 400.450, 111.84, 0.0634, 7.7547, 89.400, 0.0, 1438.276, NODATA, NODATA, NODATA, NODATA, 270.000,2024/04/12 13:50:00,2024-04-12 13:50:00+00:00
2024/04/12, 13:51:00, 41.524, -70.672, 0.27, 25.670,, 0.040, 13.6, 13.7, 1000.6, 1000.8, 109.2, 106.5, 82.890, 76.680, 127, 126, 13.4, 13.7, 100.0, 100.0, 13.4, 13.7, 152.8, 151.8, 1002.7, 1002.9, 24.930, 401.360, 135.90, 0.0634, 7.7515, 89.400, 0.0, 1438.262, NODATA, NODATA, NODATA, NODATA, 63.400,2024/04/12 13:51:00,2024-04-12 13:51:00+00:00
2024/04/12, 13:52:00, 41.524, -70.672, 0.13, 25.830,, 0.050, 13.7, 13.8, 1000.5, 1000.5, 39.6, 35.3, 83.510, 77.230, 130, 132, 12.7, 13.0, 100.0, 100.0, 12.7, 13.0, 155.7, 157.7, 1002.6, 1002.6, 30.020, 402.150, 149.28, 0.0634, 7.7516, 90.000, 0.0, 1438.263, NODATA, NODATA, NODATA, NODATA, 267.900,2024/04/12 13:52:00,2024-04-12 13:52:00+00:00
2024/04/12, 13:53:00, 41.524, -70.672, 0.11, 25.750,, 0.020, 13.6, 13.8, 1000.0, 999.7, 29.2, 25.9, 84.010, 77.660, 135, 142, 11.1, 11.7, 100.0, 100.0, 11.1, 11.7, 160.7, 167.7, 1002.1, 1001.8, 15.890, 399.500, 91.90, 0.0634, 7.7509, 89.100, 0.0, 1438.260, NODATA, NODATA, NODATA, NODATA, 237.500,2024/04/12 13:53:00,2024-04-12 13:53:00+00:00
2024/04/12, 13:54:00, 41.524, -70.672, 0.01, 25.630,, 0.050, 13.5, 13.7, 1000.1, 1000.1, 14.1, 13.0, 84.210, 77.840, 125, 129, 14.2, 13.8, 100.0, 100.0, 14.2, 13.8, 150.7, 154.7, 1002.2, 1002.2, 36.980, 400.520, 167.05, 0.0633, 7.7475, 89.100, 0.0, 1438.246, NODATA, NODATA, NODATA, NODATA, 100.900,2024/04/12 13:54:00,2024-04-12 13:54:00+00:00
2024/04/12, 13:55:00, 41.524, -70.672, 0.02, 25.760,, 0.040, 13.5, 13.6, 1000.1, 1000.1, 2.0, 2.2, 84.250, 77.880, 139, 138, 12.8, 11.2, 100.0, 100.0, 12.8, 11.2, 164.7, 163.7, 1002.2, 1002.2, 52.780, 401.590, 237.93, 0.0633, 7.7429, 89.400, 0.0, 1438.226, NODATA, NODATA, NODATA, NODATA, 313.300,2024/04/12 13:55:00,2024-04-12 13:55:00+00:00
2024/04/12, 13:56:00, 41.524, -70.672, 0.20, 25.790,, 0.020, 13.4, 13.5, 999.9, 999.8, 0.5, 0.8, 84.260, 77.890, 137, 141, 11.4, 11.4, 100.0, 100.0, 11.4, 11.4, 162.7, 166.7, 1002.0, 1001.9, 75.530, 400.270, 308.73, 0.0632, 7.7416, 89.400, 0.0, 1438.221, NODATA, NODATA, NODATA, NODATA, 270.000,2024/04/12 13:56:00,2024-04-12 13:56:00+00:00
2024/04/12, 13:57:00, 41.524, -70.672, 0.15, 25.730,, 0.020, 13.4, 13.5, 1000.1, 1000.1, 0.0, 0.0, 84.260, 77.890, 145, 139, 16.9, 13.8, 100.0, 100.0, 16.9, 13.8, 170.7, 164.7, 1002.2, 1002.2, 88.230, 403.010, 351.89, 0.0632, 7.7417, 89.700, 0.0, 1438.221, NODATA, NODATA, NODATA, NODATA, 288.400,2024/04/12 13:57:00,2024-04-12 13:57:00+00:00
2024/04/12, 13:58:00, 41.524, -70.672, 0.10, 25.810,, 0.030, 13.5, 13.6, 999.1, 1000.1, 0.0, 0.0, 84.260, 77.890, 132, 133, 11.3, 11.0, 100.0, 100.0, 11.3, 11.0, 157.9, 158.9, 1001.2, 1002.2, 82.280, 402.310, 349.37, 0.0632, 7.7412, 89.100, 0.0, 1438.219, NODATA, NODATA, NODATA, NODATA, 123.700,2024/04/12 13:58:00,2024-04-12 13:58:00+00:00
2024/04/12, 13:59:00, 41.524, -70.672, -0.09, 25.630,, 0.030, 13.6, 13.7, 1000.1, 999.9, 0.0, 0.0, 84.260, 77.890, 134, 129, 12.3, 11.6, 100.0, 100.0, 12.3, 11.6, 159.7, 154.7, 1002.2, 1002.0, 72.520, 401.550, 303.34, 0.0632, 7.7390, 89.100, 0.0, 1438.210, NODATA, NODATA, NODATA, NODATA, 77.900,2024/04/12 13:59:00,2024-04-12 13:59:00+00:00
2024/04/12, 14:00:00, 41.524, -70.672, 0.13, 25.700,, 0.050, 13.6, 13.7, 999.7, 1000.1, 0.6, 0.8, 84.270, 77.900, 131, 130, 13.0, 13.1, 100.0, 100.0, 13.0, 13.1, 156.7, 155.7, 1001.8, 1002.2, 85.440, 401.970, 348.95, 0.0631, 7.7395, 89.100, 0.0, 1438.212, NODATA, NODATA, NODATA, NODATA, 133.500,2024/04/12 14:00:00,2024-04-12 14:00:00+00:00
2024/04/12, 14:01:00, 41.524, -70.672, 0.12, 25.810,, 0.050, 13.8, 13.9, 999.9, 999.5, 0.5, 0.3, 84.280, 77.910, 125, 124, 12.2, 12.5, 100.0, 100.0, 12.2, 12.5, 150.7, 149.7, 1002.0, 1001.6, 71.370, 400.750, 297.80, 0.0631, 7.7374, 89.400, 0.0, 1438.203, NODATA, NODATA, NODATA, NODATA, 286.900,2024/04/12 14:01:00,2024-04-12 14:01:00+00:00
2024/04/12, 14:02:00, 41.524, -70.672, -0.14, 25.600,, 0.020, 13.7, 13.8, 999.7, 999.9, 0.0, 0.0, 84.280, 77.910, 137, 136, 15.2, 15.0, 100.0, 100.0, 15.2, 15.0, 162.6, 161.6, 1001.8, 1002.0, 76.530, 400.520, 318.90, 0.0631, 7.7352, 89.400, 0.0, 1438.194, NODATA, NODATA, NODATA, NODATA, 296.600,2024/04/12 14:02:00,2024-04-12 14:02:00+00:00
2024/04/12, 14:03:00, 41.524, -70.672, 0.00, 25.620,, 0.020, 13.6, 13.8, 999.8, 999.9, 1.6, 0.6, 84.310, 77.920, 121, 127, 10.9, 12.2, 100.0, 100.0, 10.9, 12.2, 146.6, 152.6, 1001.9, 1002.0, 109.490, 400.720, 451.63, 0.0630, 7.7310, 89.400, 0.0, 1438.176, NODATA, NODATA, NODATA, NODATA, 240.900,2024/04/12 14:03:00,2024-04-12 14:03:00+00:00
2024/04/12, 14:04:00, 41.524, -70.672, -0.09, 25.730,, 0.030, 13.7, 13.8, 999.5, 999.8, 0.2, 0.2, 84.310, 77.920, 128, 120, 12.4, 12.1, 100.0, 100.0, 12.4, 12.1, 153.8, 145.8, 1001.6, 1001.9, 73.600, 399.980, 311.67, 0.0631, 7.7253, 89.400, 0.0, 1438.152, NODATA, NODATA, NODATA, NODATA, 106.400,2024/04/12 14:04:00,2024-04-12 14:04:00+00:00
2024/04/12, 14:05:00, 41.524, -70.672, 0.02, 25.690,, 0.010, 13.6, 13.7, 999.8, 999.1, 0.6, 1.1, 84.320, 77.940, 130, 133, 14.9, 14.8, 100.0, 100.0, 14.9, 14.8, 155.7, 158.7, 1001.9, 1001.2, 77.900, 399.970, 309.64, 0.0630, 7.7188, 90.000, 0.0, 1438.125, NODATA, NODATA, NODATA, NODATA, 116.600,2024/04/12 14:05:00,2024-04-12 14:05:00+00:00
2024/04/12, 14:06:00, 41.524, -70.672, -0.17, 25.710,, 0.030, 13.6, 13.7, 999.4, 999.2, 0.0, 0.0, 84.320, 77.940, 129, 127, 12.4, 12.0, 100.0, 100.0, 12.4, 12.0, 154.8, 152.8, 1001.5, 1001.3, 60.560, 399.790, 255.69, 0.0630, 7.7143, 89.400, 0.0, 1438.106, NODATA, NODATA, NODATA, NODATA, 15.900,2024/04/12 14:06:00,2024-04-12 14:06:00+00:00
2024/04/12, 14:07:00, 41.524, -70.672, -0.08, 25.470,, 0.020, 13.6, 13.7, 999.5, 999.7, 0.0, 0.0, 84.320, 77.940, 133, 131, 14.6, 15.6, 100.0, 100.0, 14.6, 15.6, 158.5, 156.5, 1001.6, 1001.8, 54.140, 399.220, 231.01, 0.0630, 7.7113, 89.400, 0.0, 1438.093, NODATA, NODATA, NODATA, NODATA, 173.700,2024/04/12 14:07:00,2024-04-12 14:07:00+00:00
2024/04/12, 14:08:00, 41.524, -70.672, 0.00, 25.690,, 0.030, 13.6, 13.7, 998.9, 999.7, 0.0, 0.3, 84.320, 77.950, 134, 131, 15.4, 14.3, 100.0, 100.0, 15.4, 14.3, 159.7, 156.7, 1001.0, 1001.8, 26.300, 398.870, 134.43, 0.0630, 7.7099, 89.700, 0.0, 1438.087, NODATA, NODATA, NODATA, NODATA, 102.100,2024/04/12 14:08:00,2024-04-12 14:08:00+00:00
2024/04/12, 14:09:00, 41.524, -70.672, 0.00, 25.630,, 0.020, 13.6, 13.7, 999.7, 999.3, 12.0, 7.7, 84.530, 78.080, 135, 134, 13.9, 14.7, 100.0, 100.0, 13.9, 14.7, 160.6, 159.6, 1001.8, 1001.4, 34.840, 398.310, 172.33, 0.0630, 7.7109, 89.700, 0.0, 1438.092, NODATA, NODATA, NODATA, NODATA, 319.400,2024/04/12 14:09:00,2024-04-12 14:09:00+00:00
2024/04/12, 14:10:00, 41.524, -70.672, -0.01, 25.720,, 0.020, 13.6, 13.6, 999.0, 999.6, 8.1, 6.1, 84.670, 78.180, 134, 131, 12.6, 11.9, 100.0, 100.0, 12.6, 11.9, 159.7, 156.7, 1001.1, 1001.7, 22.170, 397.380, 117.59, 0.0629, 7.7102, 89.400, 0.0, 1438.088, NODATA, NODATA, NODATA, NODATA, 274.800,2024/04/12 14:10:00,2024-04-12 14:10:00+00:00
2024/04/12, 14:11:00, 41.524, -70.672, 0.00, 25.750,, 0.020, 13.4, 13.6, 999.3, 999.0, 1.2, 0.9, 84.680, 78.190, 138, 138, 15.4, 15.2, 100.0, 100.0, 15.4, 15.2, 163.7, 163.7, 1001.4, 1001.1, 33.130, 397.510, 155.92, 0.0629, 7.7095, 89.400, 0.0, 1438.086, NODATA, NODATA, NODATA, NODATA, 299.700,2024/04/12 14:11:00,2024-04-12 14:11:00+00:00
2024/04/12, 14:12:00, 41.524, -70.672, 0.01, 25.760,, 0.010, 13.4, 13.5, 999.6, 999.8, 0.0, 0.0, 84.680, 78.190, 139, 136, 14.3, 12.4, 100.0, 100.0, 14.3, 12.4, 164.8, 161.8, 1001.7, 1001.9, 37.540, 397.360, 175.72, 0.0628, 7.7093, 89.700, 0.0, 1438.085, NODATA, NODATA, NODATA, NODATA, 323.100,2024/04/12 14:12:00,2024-04-12 14:12:00+00:00
2024/04/12, 14:13:00, 41.524, -70.672, -0.25, 25.760,, 0.020, 13.3, 13.4, 999.5, 999.7, 0.0, 0.0, 84.680, 78.190, 139, 136, 15.6, 16.7, 100.0, 100.0, 15.6, 16.7, 164.7, 161.7, 1001.6, 1001.8, 34.460, 397.700, 168.72, 0.0628, 7.7074, 89.400, 0.0, 1438.077, NODATA, NODATA, NODATA, NODATA, 257.500,2024/04/12 14:13:00,2024-04-12 14:13:00+00:00
2024/04/12, 14:14:00, 41.524, -70.672, -0.25, 25.520,, 0.010, 13.3, 13.4, 999.5, 999.0, 0.0, 0.0, 84.680, 78.190, 137, 136, 16.4, 15.0, 100.0, 100.0, 16.4, 15.0, 162.5, 161.5, 1001.6, 1001.1, 40.220, 398.560, 182.05, 0.0628, 7.7074, 89.700, 0.0, 1438.077, NODATA, NODATA, NODATA, NODATA, 171.900,2024/04/12 14:14:00,2024-04-12 14:14:00+00:00
2024/04/12, 14:15:00, 41.524, -70.672, 0.03, 25.660,, 0.050, 13.4, 13.5, 999.5, 999.6, 0.0, 0.0, 84.680, 78.190, 134, 132, 17.0, 15.7, 100.0, 100.0, 17.0, 15.7, 159.7, 157.7, 1001.6, 1001.7, 75.790, 399.100, 306.90, 0.0628, 7.7085, 89.100, 0.0, 1438.081, NODATA, NODATA, NODATA, NODATA, 339.400,2024/04/12 14:15:00,2024-04-12 14:15:00+00:00
2024/04/12, 14:16:00, 41.524, -70.672, 0.00, 25.650,, 0.020, 13.4, 13.4, 999.6, 999.3, 0.0, 0.0, 84.680, 78.190, 136, 134, 12.4, 12.1, 100.0, 100.0, 12.4, 12.1, 161.6, 159.6, 1001.7, 1001.4, 53.520, 397.770, 224.82, 0.0628, 7.7099, 89.700, 0.0, 1438.087, NODATA, NODATA, NODATA, NODATA, 281.300,2024/04/12 14:16:00,2024-04-12 14:16:00+00:00
2024/04/12, 14:17:00, 41.524, -70.672, -0.01, 25.830,, 0.000, 13.3, 13.4, 999.3, 998.5, 0.0, 0.0, 84.680, 78.190, 143, 139, 12.8, 10.9, 100.0, 100.0, 12.8, 10.9, 168.8, 164.8, 1001.4, 1000.6, 47.800, 397.050, 207.74, 0.0628, 7.7122, 89.700, 0.0, 1438.097, NODATA, NODATA, NODATA, NODATA, 0.000,2024/04/12 14:17:00,2024-04-12 14:17:00+00:00
2024/04/12, 14:18:00, 41.524, -70.672, 0.07, 25.660,, 0.070, 13.2, 13.3, 999.3, 998.4, 0.0, 0.0, 84.680, 78.190, 143, 142, 11.5, 10.3, 100.0, 100.0, 11.5, 10.3, 168.5, 167.5, 1001.4, 1000.5, 84.310, 398.830, 345.35, 0.0628, 7.7179, 89.700, 0.0, 1438.121, NODATA, NODATA, NODATA, NODATA, 293.800,2024/04/12 14:18:00,2024-04-12 14:18:00+00:00
2024/04/12, 14:19:00, 41.524, -70.672, 0.19, 25.710,, 0.050, 13.2, 13.3, 999.4, 999.3, 0.0, 0.0, 84.680, 78.190, 139, 139, 15.0, 12.9, 100.0, 100.0, 15.0, 12.9, 164.8, 164.8, 1001.5, 1001.4, 79.750, 398.140, 325.66, 0.0627, 7.7212, 90.000, 0.0, 1438.134, NODATA, NODATA, NODATA, NODATA, 112.600,2024/04/12 14:19:00,2024-04-12 14:19:00+00:00
2024/04/12, 14:20:00, 41.524, -70.672, 0.06, 25.710,, 0.020, 13.3, 13.3, 999.3, 999.4, 0.0, 0.0, 84.680, 78.190, 138, 130, 13.9, 11.8, 100.0, 100.0, 13.9, 11.8, 163.7, 155.7, 1001.4, 1001.5, 85.460, 397.780, 348.94, 0.0627, 7.7243, 89.700, 0.0, 1438.147, NODATA, NODATA, NODATA, NODATA, 307.900,2024/04/12 14:20:00,2024-04-12 14:20:00+00:00
2024/04/12, 14:21:00, 41.524, -70.672, 0.12, 25.700,, 0.010, 13.1, 13.2, 999.4, 999.3, 0.3, 0.0, 84.680, 78.190, 143, 140, 12.4, 12.0, 100.0, 100.0, 12.4, 12.0, 168.7, 165.7, 1001.5, 1001.4, 101.340, 398.020, 401.32, 0.0627, 7.7264, 89.700, 0.0, 1438.156, NODATA, NODATA, NODATA, NODATA, 315.000,2024/04/12 14:21:00,2024-04-12 14:21:00+00:00
2024/04/12, 14:22:00, 41.524, -70.672, 0.07, 25.660,, 0.030, 13.2, 13.3, 999.7, 999.7, 0.0, 0.0, 84.680, 78.200, 123, 117, 11.6, 11.8, 100.0, 100.0, 11.6, 11.8, 148.7, 142.7, 1001.8, 1001.8, 102.440, 400.230, 409.52, 0.0627, 7.7281, 89.400, 0.0, 1438.163, NODATA, NODATA, NODATA, NODATA, 97.100,2024/04/12 14:22:00,2024-04-12 14:22:00+00:00
2024/04/12, 14:23:00, 41.524, -70.672, 0.07, 25.600,, 0.010, 13.3, 13.3, 999.5, 999.5, 0.0, 0.3, 84.680, 78.200, 137, 133, 14.1, 12.6, 100.0, 100.0, 14.1, 12.6, 162.6, 158.6, 1001.6, 1001.6, 107.330, 399.260, 413.20, 0.0626, 7.7307, 89.700, 0.0, 1438.174, NODATA, NODATA, NODATA, NODATA, 153.400,2024/04/12 14:23:00,2024-04-12 14:23:00+00:00
2024/04/12, 14:24:00, 41.524, -70.672, 0.08, 25.800,, 0.010, 13.3, 13.3, 999.5, 999.5, 0.0, 0.0, 84.680, 78.200, 133, 131, 15.8, 16.6, 100.0, 100.0, 15.8, 16.6, 158.8, 156.8, 1001.6, 1001.6, 99.160, 400.800, 399.37, 0.0626, 7.7335, 90.000, 0.0, 1438.186, NODATA, NODATA, NODATA, NODATA, 211.000,2024/04/12 14:24:00,2024-04-12 14:24:00+00:00
2024/04/12, 14:25:00, 41.524, -70.672, 0.04, 25.890,, 0.040, 13.4, 13.5, 999.4, 999.3, 0.0, 0.0, 84.680, 78.200, 142, 138, 14.4, 14.2, 100.0, 100.0, 14.4, 14.2, 167.8, 163.8, 1001.5, 1001.4, 98.060, 398.610, 391.04, 0.0627, 7.7336, 90.000, 0.0, 1438.186, NODATA, NODATA, NODATA, NODATA, 310.900,2024/04/12 14:25:00,2024-04-12 14:25:00+00:00
2024/04/12, 14:26:00, 41.524, -70.672, 0.11, 25.670,, 0.030, 13.3, 13.4, 999.0, 999.3, 0.0, 0.0, 84.680, 78.200, 142, 140, 15.7, 14.1, 100.0, 100.0, 15.7, 14.1, 167.6, 165.6, 1001.1, 1001.4, 103.090, 400.000, 412.86, 0.0625, 7.7366, 90.000, 0.0, 1438.199, NODATA, NODATA, NODATA, NODATA, 229.800,2024/04/12 14:26:00,2024-04-12 14:26:00+00:00
2024/04/12, 14:27:00, 41.524, -70.672, 0.15, 25.680,, 0.030, 13.5, 13.6, 999.2, 998.8, 0.0, 0.0, 84.680, 78.200, 140, 134, 13.7, 12.5, 100.0, 100.0, 13.7, 12.5, 165.7, 159.7, 1001.3, 1000.9, 167.550, 400.410, 643.23, 0.0625, 7.7384, 89.700, 0.0, 1438.206, NODATA, NODATA, NODATA, NODATA, 153.400,2024/04/12 14:27:00,2024-04-12 14:27:00+00:00
2024/04/12, 14:28:00, 41.524, -70.672, 0.25, 25.670,, 0.010, 13.5, 13.6, 998.8, 999.0, 0.0, 0.0, 84.680, 78.200, 135, 138, 15.7, 14.5, 100.0, 99.7, 15.7, 14.5, 160.7, 163.7, 1000.9, 1001.1, 130.590, 400.580, 466.70, 0.0626, 7.7411, 90.000, 0.0, 1438.218, NODATA, NODATA, NODATA, NODATA, 315.000,2024/04/12 14:28:00,2024-04-12 14:28:00+00:00
2024/04/12, 14:29:00, 41.524, -70.672, 0.07, 25.820,, 0.020, 13.5, 13.6, 999.5, 999.3, 0.0, 0.0, 84.680, 78.200, 130, 125, 17.4, 18.4, 99.8, 99.3, 17.4, 18.4, 155.8, 150.8, 1001.6, 1001.4, 89.550, 403.320, 383.15, 0.0625, 7.7448, 90.600, 0.0, 1438.233, NODATA, NODATA, NODATA, NODATA, 21.800,2024/04/12 14:29:00,2024-04-12 14:29:00+00:00
2024/04/12, 14:30:00, 41.524, -70.672, 0.12, 25.620,, 0.080, 13.9, 13.9, 998.3, 999.3, 0.0, 0.0, 84.680, 78.200, 144, 137, 17.9, 17.7, 100.0, 100.0, 17.9, 17.7, 169.7, 162.7, 1000.4, 1001.4, 107.250, 398.980, 432.30, 0.0625, 7.7491, 90.000, 0.0, 1438.251, NODATA, NODATA, NODATA, NODATA, 105.800,2024/04/12 14:30:00,2024-04-12 14:30:00+00:00
2024/04/12, 14:31:00, 41.524, -70.672, 0.18, 25.690,, 0.020, 13.9, 13.9, 998.8, 999.3, 0.0, 0.0, 84.680, 78.200, 144, 142, 14.2, 13.1, 98.9, 98.1, 14.2, 13.1, 169.6, 167.6, 1000.9, 1001.4, 98.100, 397.690, 410.99, 0.0626, 7.7510, 91.200, 0.0, 1438.259, NODATA, NODATA, NODATA, NODATA, 270.000,2024/04/12 14:31:00,2024-04-12 14:31:00+00:00
2024/04/12, 14:32:00, 41.524, -70.672, 0.08, 25.620,, 0.000, 13.7, 13.8, 998.7, 999.3, 0.0, 0.0, 84.680, 78.200, 130, 130, 19.0, 18.2, 97.1, 96.2, 19.0, 18.2, 155.6, 155.6, 1000.8, 1001.4, 133.280, 398.220, 524.93, 0.0625, 7.7501, 89.700, 0.0, 1438.255, NODATA, NODATA, NODATA, NODATA, 90.000,2024/04/12 14:32:00,2024-04-12 14:32:00+00:00
2024/04/12, 14:33:00, 41.524, -70.672, -0.07, 25.720,, 0.020, 13.6, 13.7, 999.1, 999.3, 0.0, 0.0, 84.680, 78.200, 140, 136, 13.5, 14.1, 97.2, 96.8, 13.5, 14.1, 165.7, 161.7, 1001.2, 1001.4, 168.930, 396.260, 550.78, 0.0625, 7.7476, 90.000, 0.0, 1438.245, NODATA, NODATA, NODATA, NODATA, 343.300,2024/04/12 14:33:00,2024-04-12 14:33:00+00:00
2024/04/12, 14:34:00, 41.524, -70.672, -0.26, 25.690,, 0.050, 13.4, 13.5, 998.8, 999.0, 0.1, 0.0, 84.690, 78.200, 140, 135, 13.0, 14.4, 96.0, 95.4, 13.0, 14.4, 165.7, 160.7, 1000.9, 1001.1, 152.110, 397.780, 588.33, 0.0625, 7.7420, 90.000, 0.0, 1438.221, NODATA, NODATA, NODATA, NODATA, 338.600,2024/04/12 14:34:00,2024-04-12 14:34:00+00:00
2024/04/12, 14:35:00, 41.524, -70.672, -0.11, 25.750,, 0.000, 13.3, 13.4, 999.3, 999.1, 0.0, 0.0, 84.690, 78.200, 127, 131, 15.2, 14.5, 97.1, 96.7, 15.2, 14.5, 152.8, 156.8, 1001.4, 1001.2, 128.130, 398.920, 516.36, 0.0624, 7.7404, 89.400, 0.0, 1438.215, NODATA, NODATA, NODATA, NODATA, 0.000,2024/04/12 14:35:00,2024-04-12 14:35:00+00:00
2024/04/12, 14:36:00, 41.524, -70.672, 0.02, 25.570,, 0.030, 13.4, 13.4, 999.3, 999.4, 0.0, 0.0, 84.690, 78.200, 139, 135, 15.9, 15.3, 98.5, 98.3, 15.9, 15.3, 164.6, 160.6, 1001.4, 1001.5, 159.300, 398.270, 601.44, 0.0624, 7.7373, 89.700, 0.0, 1438.202, NODATA, NODATA, NODATA, NODATA, 120.300,2024/04/12 14:36:00,2024-04-12 14:36:00+00:00
2024/04/12, 14:37:00, 41.524, -70.672, -0.03, 25.830,, 0.020, 13.4, 13.4, 997.8, 998.8, 0.0, 0.0, 84.690, 78.200, 134, 136, 14.4, 14.5, 98.2, 97.9, 14.4, 14.5, 159.8, 161.8, 999.9, 1000.9, 121.680, 398.160, 522.06, 0.0624, 7.7293, 89.700, 0.0, 1438.168, NODATA, NODATA, NODATA, NODATA, 333.400,2024/04/12 14:37:00,2024-04-12 14:37:00+00:00
2024/04/12, 14:38:00, 41.524, -70.672, -0.19, 25.710,, 0.010, 13.4, 13.5, 999.1, 999.1, 0.0, 0.0, 84.690, 78.200, 144, 144, 15.3, 13.7, 98.2, 98.1, 15.3, 13.7, 169.7, 169.7, 1001.2, 1001.2, 162.270, 397.780, 626.05, 0.0624, 7.7225, 89.700, 0.0, 1438.139, NODATA, NODATA, NODATA, NODATA, 321.300,2024/04/12 14:38:00,2024-04-12 14:38:00+00:00
2024/04/12, 14:39:00, 41.524, -70.672, -0.08, 25.630,, 0.000, 13.3, 13.4, 998.4, 998.5, 0.0, 0.0, 84.690, 78.200, 143, 142, 14.6, 13.6, 97.2, 96.7, 14.6, 13.6, 168.6, 167.6, 1000.5, 1000.6, 163.800, 396.980, 632.26, 0.0623, 7.7157, 89.400, 0.0, 1438.111, NODATA, NODATA, NODATA, NODATA, 296.600,2024/04/12 14:39:00,2024-04-12 14:39:00+00:00
2024/04/12, 14:40:00, 41.524, -70.672, -0.05, 25.750,, 0.000, 13.2, 13.3, 999.1, 999.3, 0.0, 0.0, 84.690, 78.200, 132, 132, 15.5, 15.2, 97.1, 97.1, 15.5, 15.2, 157.8, 157.8, 1001.2, 1001.4, 141.550, 397.740, 546.89, 0.0622, 7.7135, 89.700, 0.0, 1438.101, NODATA, NODATA, NODATA, NODATA, 206.600,2024/04/12 14:40:00,2024-04-12 14:40:00+00:00
2024/04/12, 14:41:00, 41.524, -70.672, -0.21, 25.790,, 0.050, 13.3, 13.3, 999.0, 997.7, 0.0, 0.0, 84.690, 78.200, 137, 134, 11.7, 11.4, 98.2, 98.0, 11.7, 11.4, 162.8, 159.8, 1001.1, 999.8, 144.450, 398.240, 571.18, 0.0624, 7.7130, 89.700, 0.0, 1438.100, NODATA, NODATA, NODATA, NODATA, 339.700,2024/04/12 14:41:00,2024-04-12 14:41:00+00:00
2024/04/12, 14:42:00, 41.524, -70.672, 0.08, 25.650,, 0.040, 13.4, 13.3, 998.7, 998.5, 0.0, 0.0, 84.690, 78.200, 132, 129, 11.4, 10.0, 98.9, 98.3, 11.4, 10.0, 157.7, 154.7, 1000.8, 1000.6, 149.160, 398.140, 607.02, 0.0623, 7.7137, 89.700, 0.0, 1438.102, NODATA, NODATA, NODATA, NODATA, 105.500,2024/04/12 14:42:00,2024-04-12 14:42:00+00:00
2024/04/12, 14:43:00, 41.524, -70.672, -0.16, 25.690,, 0.020, 13.4, 13.4, 997.7, 998.7, 0.0, 0.1, 84.690, 78.200, 131, 126, 17.2, 13.3, 98.4, 98.1, 17.2, 13.3, 156.7, 151.7, 999.8, 1000.8, 137.030, 399.680, 569.59, 0.0622, 7.7170, 89.700, 0.0, 1438.116, NODATA, NODATA, NODATA, NODATA, 339.400,2024/04/12 14:43:00,2024-04-12 14:43:00+00:00
2024/04/12, 14:44:00, 41.524, -70.672, 0.09, 25.520,, 0.020, 13.5, 13.5, 998.2, 999.3, 0.0, 0.0, 84.690, 78.200, 133, 131, 15.6, 15.1, 99.4, 99.4, 15.6, 15.1, 158.5, 156.5, 1000.3, 1001.4, 224.470, 398.850, 810.51, 0.0622, 7.7220, 89.400, 0.0, 1438.137, NODATA, NODATA, NODATA, NODATA, 204.000,2024/04/12 14:44:00,2024-04-12 14:44:00+00:00
2024/04/12, 14:45:00, 41.524, -70.672, 0.29, 25.810,, 0.060, 13.5, 13.6, 998.6, 998.8, 0.0, 0.0, 84.690, 78.200, 137, 134, 15.0, 14.1, 98.6, 98.4, 15.0, 14.1, 162.9, 159.9, 1000.7, 1000.9, 163.350, 398.330, 618.53, 0.0623, 7.7282, 89.700, 0.0, 1438.163, NODATA, NODATA, NODATA, NODATA, 30.700,2024/04/12 14:45:00,2024-04-12 14:45:00+00:00
2024/04/12, 14:46:00, 41.524, -70.672, 0.03, 25.620,, 0.090, 13.5, 13.6, 998.7, 998.8, 0.0, 0.0, 84.690, 78.200, 137, 136, 16.1, 15.5, 97.9, 97.7, 16.1, 15.5, 162.7, 161.8, 1000.8, 1000.9, 161.920, 399.000, 644.19, 0.0621, 7.7342, 89.100, 0.0, 1438.188, NODATA, NODATA, NODATA, NODATA, 112.000,2024/04/12 14:46:00,2024-04-12 14:46:00+00:00
2024/04/12, 14:47:00, 41.524, -70.672, 0.23, 25.830,, 0.030, 13.5, 13.6, 998.2, 998.3, 0.0, 0.0, 84.690, 78.200, 130, 124, 13.8, 15.4, 97.9, 97.9, 13.8, 15.4, 155.8, 149.8, 1000.3, 1000.4, 163.770, 398.230, 595.81, 0.0622, 7.7352, 89.400, 0.0, 1438.193, NODATA, NODATA, NODATA, NODATA, 340.600,2024/04/12 14:47:00,2024-04-12 14:47:00+00:00
2024/04/12, 14:48:00, 41.524, -70.672, 0.16, 25.840,, 0.040, 13.5, 13.5, 998.7, 998.7, 0.0, 0.0, 84.690, 78.200, 133, 131, 13.8, 14.3, 97.9, 97.9, 13.8, 14.3, 158.8, 156.8, 1000.8, 1000.8, 210.840, 397.770, 805.49, 0.0622, 7.7346, 89.100, 0.0, 1438.190, NODATA, NODATA, NODATA, NODATA, 307.900,2024/04/12 14:48:00,2024-04-12 14:48:00+00:00
2024/04/12, 14:49:00, 41.524, -70.672, -0.02, 25.590,, 0.070, 13.3, 13.4, 998.7, 998.9, 0.0, 0.0, 84.690, 78.200, 137, 145, 10.3, 11.2, 96.9, 96.7, 10.3, 11.2, 162.7, 170.7, 1000.8, 1001.0, 151.550, 397.080, 591.27, 0.0620, 7.7363, 89.700, 0.0, 1438.197, NODATA, NODATA, NODATA, NODATA, 120.100,2024/04/12 14:49:00,2024-04-12 14:49:00+00:00
2024/04/12, 14:50:00, 41.524, -70.672, 0.29, 25.670,, 0.050, 13.2, 13.3, 998.7, 998.8, 0.0, 0.0, 84.690, 78.200, 131, 124, 15.9, 14.3, 97.4, 97.3, 15.9, 14.3, 156.7, 149.7, 1000.8, 1000.9, 185.280, 399.000, 701.05, 0.0621, 7.7379, 90.000, 0.0, 1438.204, NODATA, NODATA, NODATA, NODATA, 137.900,2024/04/12 14:50:00,2024-04-12 14:50:00+00:00
2024/04/12, 14:51:00, 41.524, -70.672, 0.11, 25.770,, 0.030, 13.3, 13.3, 998.5, 998.2, 0.0, 0.0, 84.690, 78.200, 136, 133, 13.6, 12.3, 99.1, 99.0, 13.6, 12.3, 161.8, 158.8, 1000.6, 1000.3, 192.280, 397.200, 708.35, 0.0621, 7.7413, 89.400, 0.0, 1438.218, NODATA, NODATA, NODATA, NODATA, 132.300,2024/04/12 14:51:00,2024-04-12 14:51:00+00:00
2024/04/12, 14:52:00, 41.524, -70.672, 0.23, 25.570,, 0.040, 13.2, 13.2, 998.4, 998.5, 0.0, 0.0, 84.690, 78.200, 139, 141, 14.5, 13.7, 98.0, 98.1, 14.5, 13.7, 164.6, 166.6, 1000.5, 1000.6, 155.070, 398.120, 556.01, 0.0621, 7.7427, 89.100, 0.0, 1438.224, NODATA, NODATA, NODATA, NODATA, 105.500,2024/04/12 14:52:00,2024-04-12 14:52:00+00:00
2024/04/12, 14:53:00, 41.524, -70.672, 0.33, 25.860,, 0.070, 13.2, 13.3, 998.2, 998.2, 0.0, 0.0, 84.690, 78.200, 137, 129, 14.3, 13.7, 99.4, 99.3, 14.3, 13.7, 162.8, 154.8, 1000.3, 1000.3, 163.850, 398.800, 594.65, 0.0622, 7.7456, 90.000, 0.0, 1438.236, NODATA, NODATA, NODATA, NODATA, 300.500,2024/04/12 14:53:00,2024-04-12 14:53:00+00:00
2024/04/12, 14:54:00, 41.524, -70.672, 0.23, 25.740,, 0.040, 13.3, 13.3, 998.2, 998.1, 0.0, 0.0, 84.690, 78.200, 130, 132, 13.8, 15.5, 99.4, 99.3, 13.8, 15.5, 155.7, 157.7, 1000.3, 1000.2, 161.930, 398.180, 612.14, 0.0621, 7.7479, 89.100, 0.0, 1438.246, NODATA, NODATA, NODATA, NODATA, 285.500,2024/04/12 14:54:00,2024-04-12 14:54:00+00:00
2024/04/12, 14:55:00, 41.524, -70.672, 0.06, 25.450,, 0.020, 13.3, 13.4, 998.4, 997.8, 0.0, 0.0, 84.690, 78.200, 134, 130, 14.9, 13.1, 99.2, 99.2, 14.9, 13.1, 159.4, 155.4, 1000.5, 999.9, 137.680, 398.430, 531.92, 0.0622, 7.7542, 89.400, 0.0, 1438.272, NODATA, NODATA, NODATA, NODATA, 315.000,2024/04/12 14:55:00,2024-04-12 14:55:00+00:00
2024/04/12, 14:56:00, 41.524, -70.672, -0.04, 25.680,, 0.080, 13.3, 13.4, 998.7, 998.8, 0.0, 0.0, 84.690, 78.200, 134, 132, 16.2, 14.5, 99.2, 99.1, 16.2, 14.5, 159.6, 157.6, 1000.8, 1000.9, 145.010, 397.780, 536.44, 0.0622, 7.7613, 90.600, 0.0, 1438.302, NODATA, NODATA, NODATA, NODATA, 304.800,2024/04/12 14:56:00,2024-04-12 14:56:00+00:00
2024/04/12, 14:57:00, 41.524, -70.672, -0.20, 25.660,, 0.040, 13.4, 13.4, 998.0, 998.6, 0.0, 0.0, 84.690, 78.200, 141, 138, 13.0, 13.8, 99.2, 99.1, 13.0, 13.8, 166.6, 163.6, 1000.1, 1000.7, 191.480, 397.790, 709.18, 0.0621, 7.7598, 89.100, 0.0, 1438.296, NODATA, NODATA, NODATA, NODATA, 328.000,2024/04/12 14:57:00,2024-04-12 14:57:00+00:00
2024/04/12, 14:58:00, 41.524, -70.672, -0.25, 25.680,, 0.010, 13.3, 13.4, 998.3, 998.5, 0.0, 0.0, 84.690, 78.200, 138, 135, 14.2, 12.7, 98.3, 98.2, 14.2, 12.7, 163.7, 160.7, 1000.4, 1000.6, 131.030, 397.270, 507.08, 0.0620, 7.7355, 89.400, 0.0, 1438.194, NODATA, NODATA, NODATA, NODATA, 279.500,2024/04/12 14:58:00,2024-04-12 14:58:00+00:00
2024/04/12, 14:59:00, 41.524, -70.672, -0.09, 25.810,, 0.050, 13.3, 13.3, 998.7, 998.0, 0.0, 0.0, 84.690, 78.200, 137, 136, 14.1, 13.7, 98.6, 98.5, 14.1, 13.7, 162.7, 161.7, 1000.8, 1000.1, 183.440, 397.160, 666.01, 0.0620, 7.7179, 89.400, 0.0, 1438.120, NODATA, NODATA, NODATA, NODATA, 267.600,2024/04/12 14:59:00,2024-04-12 14:59:00+00:00
2024/04/12, 15:00:00, 41.524, -70.672, 0.13, 25.880,, 0.030, 13.2, 13.2, 998.7, 998.2, 0.0, 0.0, 84.690, 78.200, 132, 133, 11.7, 10.9, 98.4, 98.3, 11.7, 10.9, 157.8, 158.8, 1000.8, 1000.3, 145.420, 397.410, 547.95, 0.0620, 7.7065, 89.700, 0.0, 1438.072, NODATA, NODATA, NODATA, NODATA, 284.000,2024/04/12 15:00:00,2024-04-12 15:00:00+00:00
2024/04/12, 15:01:00, 41.524, -70.672, 0.13, 25.670,, 0.040, 13.2, 13.2, 998.3, 998.6, 0.0, 0.0, 84.690, 78.200, 137, 134, 15.2, 14.8, 99.2, 99.2, 15.2, 14.8, 162.6, 159.6, 1000.4, 1000.7, 135.050, 396.280, 520.86, 0.0620, 7.6965, 90.000, 0.0, 1438.030, NODATA, NODATA, NODATA, NODATA, 306.300,2024/04/12 15:01:00,2024-04-12 15:01:00+00:00
2024/04/12, 15:02:00, 41.524, -70.672, 0.13, 25.740,, 0.030, 13.1, 13.2, 997.9, 998.4, 0.0, 0.0, 84.690, 78.200, 132, 134, 12.8, 12.8, 98.8, 98.8, 12.8, 12.8, 157.7, 159.7, 1000.0, 1000.5, 170.480, 397.340, 583.47, 0.0619, 7.6918, 89.400, 0.0, 1438.010, NODATA, NODATA, NODATA, NODATA, 214.700,2024/04/12 15:02:00,2024-04-12 15:02:00+00:00
2024/04/12, 15:03:00, 41.524, -70.672, 0.12, 25.640,, 0.040, 13.2, 13.2, 998.2, 998.7, 0.2, 0.0, 84.690, 78.200, 139, 135, 13.4, 13.6, 99.7, 99.7, 13.4, 13.6, 164.6, 160.6, 1000.3, 1000.8, 168.300, 397.600, 640.58, 0.0619, 7.6904, 90.000, 0.0, 1438.004, NODATA, NODATA, NODATA, NODATA, 177.500,2024/04/12 15:03:00,2024-04-12 15:03:00+00:00
2024/04/12, 15:04:00, 41.524, -70.672, 0.22, 25.740,, 0.030, 13.3, 13.3, 997.8, 998.0, 0.0, 0.0, 84.690, 78.200, 138, 141, 15.4, 14.9, 99.7, 99.8, 15.4, 14.9, 163.7, 166.7, 999.9, 1000.1, 202.360, 397.590, 748.82, 0.0620, 7.6919, 90.000, 0.0, 1438.010, NODATA, NODATA, NODATA, NODATA, 302.700,2024/04/12 15:04:00,2024-04-12 15:04:00+00:00
2024/04/12, 15:05:00, 41.524, -70.672, -0.02, 25.710,, 0.050, 13.3, 13.3, 998.2, 998.0, 0.0, 0.0, 84.700, 78.200, 134, 132, 14.6, 13.8, 99.2, 99.2, 14.6, 13.8, 159.7, 157.7, 1000.3, 1000.1, 241.360, 400.240, 855.87, 0.0619, 7.6955, 90.000, 0.0, 1438.025, NODATA, NODATA, NODATA, NODATA, 315.000,2024/04/12 15:05:00,2024-04-12 15:05:00+00:00
2024/04/12, 15:06:00, 41.524, -70.672, 0.15, 25.660,, 0.040, 13.4, 13.4, 998.1, 997.4, 0.5, 0.0, 84.700, 78.200, 131, 132, 16.1, 16.0, 100.0, 100.0, 16.1, 16.0, 156.7, 157.7, 1000.2, 999.5, 152.100, 398.330, 577.61, 0.0619, 7.6969, 90.000, 0.0, 1438.031, NODATA, NODATA, NODATA, NODATA, 95.200,2024/04/12 15:06:00,2024-04-12 15:06:00+00:00
2024/04/12, 15:07:00, 41.524, -70.672, 0.17, 25.700,, 0.010, 13.4, 13.4, 998.3, 998.0, 0.0, 1.8, 84.700, 78.230, 132, 128, 15.6, 15.8, 99.6, 99.6, 15.6, 15.8, 157.7, 153.7, 1000.4, 1000.1, 126.060, 398.200, 497.71, 0.0619, 7.6942, 89.400, 0.0, 1438.020, NODATA, NODATA, NODATA, NODATA, 180.000,2024/04/12 15:07:00,2024-04-12 15:07:00+00:00
2024/04/12, 15:08:00, 41.524, -70.672, 0.09, 25.470,, 0.050, 13.4, 13.4, 998.1, 998.4, 0.0, 0.0, 84.700, 78.230, 136, 135, 16.1, 16.2, 99.1, 99.0, 16.1, 16.2, 161.5, 160.5, 1000.2, 1000.5, 134.410, 399.200, 516.48, 0.0619, 7.6947, 89.400, 0.0, 1438.022, NODATA, NODATA, NODATA, NODATA, 114.400,2024/04/12 15:08:00,2024-04-12 15:08:00+00:00
2024/04/12, 15:09:00, 41.524, -70.672, 0.18, 25.550,, 0.090, 13.4, 13.4, 998.4, 998.1, 0.0, 0.0, 84.700, 78.230, 137, 133, 15.7, 16.0, 99.5, 99.4, 15.7, 16.0, 162.4, 158.4, 1000.5, 1000.2, 152.350, 400.990, 589.88, 0.0620, 7.7033, 89.700, 0.0, 1438.058, NODATA, NODATA, NODATA, NODATA, 297.700,2024/04/12 15:09:00,2024-04-12 15:09:00+00:00
2024/04/12, 15:10:00, 41.524, -70.672, -0.07, 25.680,, 0.020, 13.4, 13.5, 997.9, 998.0, 0.0, 0.0, 84.700, 78.230, 136, 136, 12.4, 13.1, 100.0, 100.0, 12.4, 13.1, 161.7, 161.7, 1000.0, 1000.1, 138.310, 398.860, 550.03, 0.0618, 7.7184, 88.400, 0.0, 1438.121, NODATA, NODATA, NODATA, NODATA, 82.900,2024/04/12 15:10:00,2024-04-12 15:10:00+00:00
2024/04/12, 15:11:00, 41.524, -70.672, 0.16, 25.500,, 0.040, 13.4, 13.4, 997.9, 998.2, 0.0, 0.0, 84.700, 78.230, 137, 134, 15.6, 13.0, 99.1, 99.1, 15.6, 13.0, 162.5, 159.5, 1000.0, 1000.3, 110.940, 400.260, 439.01, 0.0618, 7.7307, 88.800, 0.0, 1438.173, NODATA, NODATA, NODATA, NODATA, 168.100,2024/04/12 15:11:00,2024-04-12 15:11:00+00:00
2024/04/12, 15:12:00, 41.524, -70.672, 0.08, 25.500,, 0.050, 13.6, 13.6, 998.1, 997.8, 0.0, 0.4, 84.700, 78.240, 138, 140, 11.8, 13.1, 100.0, 100.0, 11.8, 13.1, 163.6, 165.6, 1000.2, 999.9, 134.760, 398.040, 538.30, 0.0618, 7.7408, 89.100, 0.0, 1438.215, NODATA, NODATA, NODATA, NODATA, 123.700,2024/04/12 15:12:00,2024-04-12 15:12:00+00:00
2024/04/12, 15:13:00, 41.524, -70.672, 0.09, 25.590,, 0.020, 13.5, 13.5, 998.0, 998.1, 0.0, 0.0, 84.700, 78.240, 141, 141, 13.0, 12.8, 98.8, 98.7, 13.0, 12.8, 166.6, 166.6, 1000.1, 1000.2, 133.470, 399.550, 522.13, 0.0618, 7.7516, 89.700, 0.0, 1438.261, NODATA, NODATA, NODATA, NODATA, 310.600,2024/04/12 15:13:00,2024-04-12 15:13:00+00:00
2024/04/12, 15:14:00, 41.524, -70.672, 0.01, 25.560,, 0.010, 13.5, 13.5, 998.1, 997.8, 0.0, 0.0, 84.700, 78.240, 135, 136, 12.5, 12.5, 99.4, 99.4, 12.5, 12.5, 160.6, 161.6, 1000.2, 999.9, 133.120, 399.480, 530.77, 0.0618, 7.7596, 89.700, 0.0, 1438.294, NODATA, NODATA, NODATA, NODATA, 39.800,2024/04/12 15:14:00,2024-04-12 15:14:00+00:00
2024/04/12, 15:15:00, 41.524, -70.672, 0.21, 25.770,, 0.050, 13.4, 13.5, 997.8, 997.7, 0.0, 0.0, 84.700, 78.240, 145, 145, 16.6, 14.7, 98.9, 98.7, 16.6, 14.7, 170.7, 170.7, 999.9, 999.8, 116.170, 399.860, 457.02, 0.0619, 7.7671, 89.700, 0.0, 1438.326, NODATA, NODATA, NODATA, NODATA, 329.700,2024/04/12 15:15:00,2024-04-12 15:15:00+00:00
2024/04/12, 15:16:00, 41.524, -70.672, 0.04, 25.590,, 0.010, 13.5, 13.5, 998.0, 997.4, 0.0, 0.0, 84.700, 78.240, 136, 131, 12.8, 12.5, 100.0, 100.0, 12.8, 12.5, 161.6, 156.6, 1000.1, 999.5, 115.220, 399.070, 454.09, 0.0617, 7.7709, 89.400, 0.0, 1438.342, NODATA, NODATA, NODATA, NODATA, 180.000,2024/04/12 15:16:00,2024-04-12 15:16:00+00:00
2024/04/12, 15:17:00, 41.524, -70.672, -0.01, 25.610,, 0.020, 13.5, 13.5, 997.8, 997.7, 0.0, 0.0, 84.700, 78.240, 139, 140, 14.7, 11.4, 99.4, 99.3, 14.7, 11.4, 164.6, 165.6, 999.9, 999.8, 134.160, 400.810, 515.23, 0.0617, 7.7734, 89.400, 0.0, 1438.352, NODATA, NODATA, NODATA, NODATA, 206.600,2024/04/12 15:17:00,2024-04-12 15:17:00+00:00
2024/04/12, 15:18:00, 41.524, -70.672, 0.15, 25.790,, 0.020, 13.5, 13.6, 997.8, 997.6, 0.0, 0.0, 84.700, 78.240, 143, 136, 18.6, 16.2, 99.8, 99.8, 18.6, 16.2, 168.8, 161.8, 999.9, 999.7, 115.050, 400.470, 454.65, 0.0617, 7.7665, 89.700, 0.0, 1438.323, NODATA, NODATA, NODATA, NODATA, 311.200,2024/04/12 15:18:00,2024-04-12 15:18:00+00:00
2024/04/12, 15:19:00, 41.524, -70.672, 0.21, 25.510,, 0.050, 13.6, 13.6, 998.3, 998.1, 0.0, 0.0, 84.700, 78.240, 138, 134, 14.1, 13.8, 99.7, 99.8, 14.1, 13.8, 163.6, 159.6, 1000.4, 1000.2, 107.550, 399.810, 442.10, 0.0616, 7.7589, 90.300, 0.0, 1438.291, NODATA, NODATA, NODATA, NODATA, 124.300,2024/04/12 15:19:00,2024-04-12 15:19:00+00:00
2024/04/12, 15:20:00, 41.524, -70.672, -0.08, 25.690,, 0.040, 13.7, 13.7, 998.0, 997.9, 0.0, 0.0, 84.700, 78.240, 142, 136, 15.8, 13.1, 99.6, 99.8, 15.8, 13.1, 167.7, 161.7, 1000.1, 1000.0, 136.900, 399.610, 545.92, 0.0617, 7.7487, 89.700, 0.0, 1438.249, NODATA, NODATA, NODATA, NODATA, 150.900,2024/04/12 15:20:00,2024-04-12 15:20:00+00:00
2024/04/12, 15:21:00, 41.524, -70.672, -0.21, 25.690,, 0.020, 13.6, 13.7, 997.9, 997.6, 0.0, 0.0, 84.700, 78.240, 139, 141, 14.5, 15.1, 98.5, 99.6, 14.5, 15.1, 164.6, 166.7, 1000.0, 999.7, 131.080, 398.830, 513.60, 0.0617, 7.7362, 90.000, 0.0, 1438.196, NODATA, NODATA, NODATA, NODATA, 261.300,2024/04/12 15:21:00,2024-04-12 15:21:00+00:00
2024/04/12, 15:22:00, 41.524, -70.672, 0.19, 25.730,, 0.040, 13.5, 13.5, 997.8, 998.2, 0.0, 0.0, 84.700, 78.240, 140, 140, 14.6, 12.7, 98.4, 98.3, 14.6, 12.7, 165.8, 165.8, 999.9, 1000.3, 122.220, 397.790, 505.11, 0.0617, 7.7267, 90.000, 0.0, 1438.156, NODATA, NODATA, NODATA, NODATA, 104.700,2024/04/12 15:22:00,2024-04-12 15:22:00+00:00
2024/04/12, 15:23:00, 41.524, -70.672, 0.00, 25.790,, 0.020, 13.4, 13.4, 998.4, 998.3, 0.0, 0.0, 84.700, 78.240, 137, 140, 20.7, 17.5, 98.3, 98.2, 20.7, 17.5, 162.8, 165.8, 1000.5, 1000.4, 154.800, 400.690, 611.63, 0.0617, 7.7198, 90.300, 0.0, 1438.127, NODATA, NODATA, NODATA, NODATA, 94.400,2024/04/12 15:23:00,2024-04-12 15:23:00+00:00
2024/04/12, 15:24:00, 41.524, -70.672, 0.13, 25.660,, 0.030, 13.4, 13.6, 997.7, 998.0, 0.0, 0.0, 84.700, 78.240, 130, 133, 14.9, 13.9, 98.2, 100.0, 14.9, 13.9, 155.7, 158.7, 999.8, 1000.1, 197.400, 398.410, 752.30, 0.0618, 7.7183, 89.700, 0.0, 1438.121, NODATA, NODATA, NODATA, NODATA, 331.900,2024/04/12 15:24:00,2024-04-12 15:24:00+00:00
2024/04/12, 15:25:00, 41.524, -70.672, -0.05, 25.800,, 0.060, 13.6, 13.6, 997.6, 998.1, 0.0, 0.0, 84.700, 78.240, 147, 148, 15.2, 18.0, 98.9, 98.8, 15.2, 18.0, 172.8, 173.8, 999.7, 1000.2, 138.550, 398.850, 575.22, 0.0617, 7.7142, 89.700, 0.0, 1438.104, NODATA, NODATA, NODATA, NODATA, 342.800,2024/04/12 15:25:00,2024-04-12 15:25:00+00:00
2024/04/12, 15:26:00, 41.524, -70.672, -0.01, 25.660,, 0.060, 13.6, 13.6, 997.8, 997.7, 0.0, 0.0, 84.700, 78.240, 138, 135, 15.0, 13.0, 98.7, 98.9, 15.0, 13.0, 163.8, 160.8, 999.9, 999.8, 151.240, 399.810, 663.02, 0.0616, 7.7095, 90.900, 0.0, 1438.084, NODATA, NODATA, NODATA, NODATA, 109.700,2024/04/12 15:26:00,2024-04-12 15:26:00+00:00
2024/04/12, 15:27:00, 41.524, -70.672, 0.02, 25.460,, 0.060, 13.5, 13.6, 998.1, 997.8, 0.0, 0.0, 84.700, 78.240, 139, 138, 16.8, 14.4, 98.3, 98.4, 16.8, 14.4, 164.6, 163.6, 1000.2, 999.9, 162.390, 399.430, 636.49, 0.0617, 7.7043, 89.100, 0.0, 1438.062, NODATA, NODATA, NODATA, NODATA, 101.700,2024/04/12 15:27:00,2024-04-12 15:27:00+00:00
2024/04/12, 15:28:00, 41.524, -70.672, 0.05, 25.800,, 0.040, 13.6, 13.6, 997.3, 998.0, 0.0, 0.0, 84.700, 78.240, 144, 142, 19.4, 18.8, 98.8, 98.7, 19.4, 18.8, 169.8, 167.8, 999.4, 1000.1, 146.940, 399.750, 585.94, 0.0617, 7.7026, 89.700, 0.0, 1438.055, NODATA, NODATA, NODATA, NODATA, 303.700,2024/04/12 15:28:00,2024-04-12 15:28:00+00:00
2024/04/12, 15:29:00, 41.524, -70.672, 0.02, 25.730,, 0.020, 13.7, 13.7, 997.8, 998.0, 0.0, 0.1, 84.700, 78.250, 144, 141, 15.2, 15.9, 98.8, 99.1, 15.2, 15.9, 169.8, 166.8, 999.9, 1000.1, 129.340, 397.490, 535.84, 0.0616, 7.6989, 90.000, 0.0, 1438.039, NODATA, NODATA, NODATA, NODATA, 53.100,2024/04/12 15:29:00,2024-04-12 15:29:00+00:00
2024/04/12, 15:30:00, 41.524, -70.672, 0.01, 25.640,, 0.060, 13.6, 13.7, 998.1, 998.0, 0.0, 0.1, 84.700, 78.250, 147, 147, 18.1, 14.5, 97.0, 97.2, 18.1, 14.5, 172.7, 172.7, 1000.2, 1000.1, 118.800, 396.990, 505.24, 0.0616, 7.6950, 90.000, 0.0, 1438.023, NODATA, NODATA, NODATA, NODATA, 116.600,2024/04/12 15:30:00,2024-04-12 15:30:00+00:00
2024/04/12, 15:31:00, 41.524, -70.672, 0.24, 26.020,, 0.020, 13.5, 13.5, 997.6, 998.2, 0.0, 0.1, 84.700, 78.250, 147, 139, 14.9, 16.3, 96.2, 96.1, 14.9, 16.3, 173.0, 165.0, 999.7, 1000.3, 130.050, 395.450, 478.44, 0.0616, 7.6927, 90.000, 0.0, 1438.013, NODATA, NODATA, NODATA, NODATA, 288.400,2024/04/12 15:31:00,2024-04-12 15:31:00+00:00
2024/04/12, 15:32:00, 41.524, -70.672, -0.07, 25.760,, 0.010, 13.4, 13.4, 997.7, 997.8, 0.0, 0.0, 84.700, 78.250, 131, 140, 12.4, 12.4, 96.9, 96.9, 12.4, 12.4, 156.8, 165.8, 999.8, 999.9, 127.320, 396.240, 515.13, 0.0615, 7.6917, 89.700, 0.0, 1438.009, NODATA, NODATA, NODATA, NODATA, 98.100,2024/04/12 15:32:00,2024-04-12 15:32:00+00:00
2024/04/12, 15:33:00, 41.524, -70.672, 0.04, 25.700,, 0.060, 13.3, 13.3, 998.1, 997.7, 2.2, 0.5, 84.740, 78.260, 142, 149, 16.3, 17.9, 97.1, 97.0, 16.3, 17.9, 167.8, 174.8, 1000.2, 999.8, 113.390, 397.980, 476.33, 0.0615, 7.6930, 90.900, 0.0, 1438.014, NODATA, NODATA, NODATA, NODATA, 95.900,2024/04/12 15:33:00,2024-04-12 15:33:00+00:00
2024/04/12, 15:34:00, 41.524, -70.672, 0.05, 25.800,, 0.030, 13.4, 13.3, 997.0, 997.7, 0.0, 0.0, 84.740, 78.260, 136, 143, 15.2, 16.3, 98.9, 97.2, 15.2, 16.3, 161.8, 168.8, 999.1, 999.8, 104.870, 396.990, 448.57, 0.0616, 7.6999, 89.400, 0.0, 1438.044, NODATA, NODATA, NODATA, NODATA, 325.300,2024/04/12 15:34:00,2024-04-12 15:34:00+00:00
2024/04/12, 15:35:00, 41.524, -70.672, 0.11, 25.770,, 0.040, 13.6, 13.6, 997.7, 997.7, 1.0, 0.1, 84.760, 78.260, 140, 140, 14.7, 14.9, 98.2, 98.3, 14.7, 14.9, 165.8, 165.8, 999.8, 999.8, 110.770, 395.360, 474.14, 0.0617, 7.7030, 90.300, 0.0, 1438.057, NODATA, NODATA, NODATA, NODATA, 352.600,2024/04/12 15:35:00,2024-04-12 15:35:00+00:00
2024/04/12, 15:36:00, 41.524, -70.672, -0.02, 25.890,, 0.020, 13.6, 13.6, 997.3, 997.0, 0.1, 0.0, 84.760, 78.260, 130, 131, 15.1, 13.2, 96.9, 96.8, 15.1, 13.2, 155.9, 156.9, 999.4, 999.1, 117.300, 392.390, 526.91, 0.0615, 7.6991, 89.700, 0.0, 1438.040, NODATA, NODATA, NODATA, NODATA, 110.000,2024/04/12 15:36:00,2024-04-12 15:36:00+00:00
2024/04/12, 15:37:00, 41.524, -70.672, 0.00, 25.720,, 0.040, 13.5, 13.5, 997.2, 997.4, 0.0, 0.0, 84.760, 78.260, 134, 133, 14.3, 13.7, 96.1, 96.1, 14.3, 13.7, 159.7, 158.7, 999.3, 999.5, 134.030, 382.840, 580.90, 0.0615, 7.6937, 90.000, 0.0, 1438.017, NODATA, NODATA, NODATA, NODATA, 300.100,2024/04/12 15:37:00,2024-04-12 15:37:00+00:00
2024/04/12, 15:38:00, 41.524, -70.672, -0.06, 25.960,, 0.030, 13.5, 13.5, 997.0, 997.2, 0.0, 0.0, 84.760, 78.260, 136, 149, 10.7, 13.3, 96.6, 96.5, 10.7, 13.3, 161.9, 174.9, 999.1, 999.3, 111.840, 383.010, 488.96, 0.0615, 7.6904, 90.000, 0.0, 1438.004, NODATA, NODATA, NODATA, NODATA, 321.800,2024/04/12 15:38:00,2024-04-12 15:38:00+00:00
2024/04/12, 15:39:00, 41.524, -70.672, 0.13, 25.730,, 0.010, 13.4, 13.4, 996.8, 996.9, 0.0, 0.0, 84.760, 78.260, 138, 138, 14.7, 14.0, 95.4, 95.5, 14.7, 14.0, 163.7, 163.7, 998.9, 999.0, 116.030, 380.570, 523.42, 0.0614, 7.6833, 89.700, 0.0, 1437.974, NODATA, NODATA, NODATA, NODATA, 171.900,2024/04/12 15:39:00,2024-04-12 15:39:00+00:00
2024/04/12, 15:40:00, 41.524, -70.672, 0.01, 25.540,, 0.040, 13.3, 13.3, 996.3, 996.8, 0.0, 0.0, 84.760, 78.260, 137, 141, 15.7, 15.3, 96.1, 96.0, 15.7, 15.3, 162.6, 166.6, 998.4, 998.9, 113.130, 380.330, 523.65, 0.0614, 7.6815, 89.700, 0.0, 1437.966, NODATA, NODATA, NODATA, NODATA, 116.600,2024/04/12 15:40:00,2024-04-12 15:40:00+00:00
2024/04/12, 15:41:00, 41.524, -70.672, 0.02, 25.820,, 0.040, 13.3, 13.3, 997.2, 997.5, 0.0, 0.0, 84.760, 78.260, 141, 144, 16.8, 15.9, 95.7, 95.9, 16.8, 15.9, 166.9, 169.9, 999.3, 999.6, 106.050, 385.380, 518.21, 0.0614, 7.6825, 89.700, 0.0, 1437.970, NODATA, NODATA, NODATA, NODATA, 110.200,2024/04/12 15:41:00,2024-04-12 15:41:00+00:00
2024/04/12, 15:42:00, 41.524, -70.672, -0.03, 25.770,, 0.040, 13.2, 13.2, 996.8, 997.4, 0.0, 0.0, 84.760, 78.260, 140, 138, 16.9, 15.9, 96.2, 96.1, 16.9, 15.9, 165.8, 163.8, 998.9, 999.5, 126.120, 375.030, 585.00, 0.0614, 7.6831, 90.300, 0.0, 1437.973, NODATA, NODATA, NODATA, NODATA, 107.500,2024/04/12 15:42:00,2024-04-12 15:42:00+00:00
2024/04/12, 15:43:00, 41.524, -70.672, 0.19, 25.770,, 0.050, 13.2, 13.2, 997.1, 997.4, 0.0, 0.0, 84.760, 78.260, 132, 133, 11.4, 10.5, 96.2, 96.1, 11.4, 10.5, 157.9, 158.9, 999.2, 999.5, 128.630, 377.240, 598.72, 0.0613, 7.6815, 90.000, 0.0, 1437.966, NODATA, NODATA, NODATA, NODATA, 116.600,2024/04/12 15:43:00,2024-04-12 15:43:00+00:00
2024/04/12, 15:44:00, 41.524, -70.672, 0.16, 25.660,, 0.030, 13.1, 13.1, 997.3, 997.4, 0.0, 0.0, 84.760, 78.260, 143, 140, 14.8, 14.9, 96.1, 96.3, 14.8, 14.9, 168.7, 165.7, 999.4, 999.5, 136.180, 374.710, 623.92, 0.0613, 7.6795, 89.700, 0.0, 1437.957, NODATA, NODATA, NODATA, NODATA, 144.500,2024/04/12 15:44:00,2024-04-12 15:44:00+00:00
2024/04/12, 15:45:00, 41.524, -70.672, -0.01, 25.650,, 0.110, 13.1, 13.2, 996.8, 997.3, 0.0, 0.0, 84.760, 78.260, 133, 130, 19.0, 18.2, 96.5, 96.7, 19.0, 18.2, 158.8, 155.8, 998.9, 999.4, 139.520, 380.160, 630.77, 0.0612, 7.6811, 89.400, 0.0, 1437.964, NODATA, NODATA, NODATA, NODATA, 102.500,2024/04/12 15:45:00,2024-04-12 15:45:00+00:00
2024/04/12, 15:46:00, 41.524, -70.672, 0.04, 25.430,, 0.070, 13.3, 13.3, 996.5, 996.4, 0.0, 0.0, 84.760, 78.260, 133, 129, 15.1, 12.9, 97.8, 97.9, 15.1, 12.9, 158.6, 154.6, 998.6, 998.5, 154.690, 374.620, 688.09, 0.0612, 7.6844, 90.300, 0.0, 1437.978, NODATA, NODATA, NODATA, NODATA, 70.100,2024/04/12 15:46:00,2024-04-12 15:46:00+00:00
2024/04/12, 15:47:00, 41.524, -70.672, 0.20, 25.860,, 0.100, 13.4, 13.4, 997.0, 996.7, 0.0, 0.0, 84.760, 78.260, 145, 141, 15.5, 13.9, 96.1, 96.2, 15.5, 13.9, 171.0, 167.0, 999.1, 998.8, 167.090, 373.850, 731.53, 0.0614, 7.6901, 90.600, 0.0, 1438.002, NODATA, NODATA, NODATA, NODATA, 49.800,2024/04/12 15:47:00,2024-04-12 15:47:00+00:00
2024/04/12, 15:48:00, 41.524, -70.672, 0.10, 26.020,, 0.010, 13.4, 13.4, 997.0, 996.8, 0.0, 0.0, 84.760, 78.260, 138, 138, 11.4, 11.2, 95.4, 95.5, 11.4, 11.2, 164.0, 164.0, 999.1, 998.9, 174.530, 373.320, 756.49, 0.0612, 7.6941, 89.400, 0.0, 1438.019, NODATA, NODATA, NODATA, NODATA, 18.400,2024/04/12 15:48:00,2024-04-12 15:48:00+00:00
2024/04/12, 15:49:00, 41.524, -70.672, 0.17, 25.960,, 0.020, 13.3, 13.4, 997.2, 996.9, 0.0, 0.0, 84.760, 78.260, 135, 132, 10.0, 9.6, 94.7, 94.8, 10.0, 9.6, 161.0, 158.0, 999.3, 999.0, 184.340, 371.270, 790.55, 0.0611, 7.6997, 89.700, 0.0, 1438.042, NODATA, NODATA, NODATA, NODATA, 14.000,2024/04/12 15:49:00,2024-04-12 15:49:00+00:00
2024/04/12, 15:50:00, 41.524, -70.672, 0.18, 25.640,, 0.080, 13.1, 13.4, 996.8, 996.8, 0.0, 0.0, 84.760, 78.260, 138, 134, 12.9, 12.7, 93.7, 94.7, 12.9, 12.7, 163.8, 159.8, 998.9, 998.9, 186.400, 373.600, 805.92, 0.0611, 7.7059, 89.400, 0.0, 1438.068, NODATA, NODATA, NODATA, NODATA, 110.200,2024/04/12 15:50:00,2024-04-12 15:50:00+00:00
2024/04/12, 15:51:00, 41.524, -70.672, -0.04, 25.800,, 0.020, 13.1, 13.1, 996.8, 997.2, 0.0, 0.0, 84.760, 78.290, 142, 137, 12.6, 10.8, 95.6, 95.7, 12.6, 10.8, 167.8, 162.8, 998.9, 999.3, 189.280, 373.350, 830.36, 0.0611, 7.7043, 90.300, 0.0, 1438.061, NODATA, NODATA, NODATA, NODATA, 160.000,2024/04/12 15:51:00,2024-04-12 15:51:00+00:00
2024/04/12, 15:52:00, 41.524, -70.672, -0.02, 25.700,, 0.040, 13.0, 13.1, 996.8, 996.8, 0.0, 1.6, 84.760, 78.290, 141, 137, 12.9, 13.2, 95.3, 95.1, 12.9, 13.2, 166.8, 162.8, 998.9, 998.9, 192.880, 374.470, 851.44, 0.0611, 7.7061, 89.400, 0.0, 1438.069, NODATA, NODATA, NODATA, NODATA, 127.400,2024/04/12 15:52:00,2024-04-12 15:52:00+00:00
2024/04/12, 15:53:00, 41.524, -70.672, -0.03, 25.780,, 0.050, 13.1, 13.1, 996.8, 996.9, 0.0, 0.0, 84.760, 78.290, 145, 141, 16.0, 13.7, 95.9, 96.0, 16.0, 13.7, 170.7, 166.7, 998.9, 999.0, 206.390, 374.100, 891.03, 0.0612, 7.7057, 89.400, 0.0, 1438.067, NODATA, NODATA, NODATA, NODATA, 228.400,2024/04/12 15:53:00,2024-04-12 15:53:00+00:00
2024/04/12, 15:54:00, 41.524, -70.672, -0.11, 25.690,, 0.040, 13.1, 13.1, 996.6, 996.6, 0.0, 0.0, 84.760, 78.290, 140, 145, 11.5, 12.1, 95.8, 95.7, 11.5, 12.1, 165.7, 170.7, 998.7, 998.7, 233.480, 372.330, 962.08, 0.0611, 7.7043, 90.000, 0.0, 1438.061, NODATA, NODATA, NODATA, NODATA, 143.100,2024/04/12 15:54:00,2024-04-12 15:54:00+00:00
2024/04/12, 15:55:00, 41.524, -70.672, -0.15, 25.710,, 0.070, 13.1, 13.2, 996.8, 996.9, 0.0, 0.0, 84.760, 78.290, 137, 140, 10.8, 9.4, 94.9, 95.0, 10.8, 9.4, 162.9, 165.9, 998.9, 999.0, 261.660, 370.110, 1039.47, 0.0610, 7.7033, 89.100, 0.0, 1438.057, NODATA, NODATA, NODATA, NODATA, 104.800,2024/04/12 15:55:00,2024-04-12 15:55:00+00:00
2024/04/12, 15:56:00, 41.524, -70.672, -0.11, 25.750,, 0.030, 13.1, 13.1, 997.3, 997.0, 0.0, 0.0, 84.760, 78.290, 143, 134, 10.6, 8.7, 94.3, 94.2, 10.6, 8.7, 168.8, 159.8, 999.4, 999.1, 288.370, 369.150, 1126.99, 0.0610, 7.7052, 89.700, 0.0, 1438.065, NODATA, NODATA, NODATA, NODATA, 121.600,2024/04/12 15:56:00,2024-04-12 15:56:00+00:00
2024/04/12, 15:57:00, 41.524, -70.672, -0.02, 25.660,, 0.040, 13.0, 13.1, 997.1, 997.0, 0.0, 0.0, 84.760, 78.290, 142, 139, 11.6, 11.8, 94.7, 94.7, 11.6, 11.8, 167.8, 164.8, 999.2, 999.1, 316.590, 368.470, 1202.72, 0.0611, 7.7080, 89.700, 0.0, 1438.077, NODATA, NODATA, NODATA, NODATA, 70.700,2024/04/12 15:57:00,2024-04-12 15:57:00+00:00
2024/04/12, 15:58:00, 41.524, -70.672, -0.04, 25.980,, 0.030, 13.1, 13.1, 997.1, 997.2, 0.0, 0.0, 84.760, 78.290, 144, 141, 13.2, 12.0, 95.0, 95.1, 13.2, 12.0, 169.9, 166.9, 999.2, 999.3, 346.070, 366.150, 1279.95, 0.0610, 7.7124, 89.700, 0.0, 1438.095, NODATA, NODATA, NODATA, NODATA, 300.300,2024/04/12 15:58:00,2024-04-12 15:58:00+00:00
2024/04/12, 15:59:00, 41.524, -70.672, -0.01, 26.040,, 0.020, 13.0, 13.1, 996.7, 997.3, 0.0, 0.0, 84.760, 78.290, 139, 142, 9.4, 8.5, 93.8, 93.6, 9.4, 8.5, 165.0, 168.0, 998.8, 999.4, 364.610, 366.970, 1332.09, 0.0611, 7.7189, 89.400, 0.0, 1438.123, NODATA, NODATA, NODATA, NODATA, 315.000,2024/04/12 15:59:00,2024-04-12 15:59:00+00:00
2024/04/12, 16:00:00, 41.524, -70.672, -0.12, 26.030,, 0.070, 13.0, 13.1, 997.2, 997.1, 0.0, 0.0, 84.760, 78.290, 138, 139, 11.8, 11.8, 94.4, 94.5, 11.8, 11.8, 163.9, 164.9, 999.3, 999.2, 378.340, 367.810, 1374.68, 0.0611, 7.7249, 89.700, 0.0, 1438.148, NODATA, NODATA, NODATA, NODATA, 284.400,2024/04/12 16:00:00,2024-04-12 16:00:00+00:00
2024/04/12, 16:01:00, 41.524, -70.672, -0.05, 25.740,, 0.040, 13.1, 13.1, 997.2, 997.3, 0.0, 0.0, 84.760, 78.290, 148, 142, 17.1, 15.1, 95.0, 95.0, 17.1, 15.1, 173.8, 167.8, 999.3, 999.4, 395.480, 368.390, 1430.02, 0.0609, 7.7289, 89.400, 0.0, 1438.164, NODATA, NODATA, NODATA, NODATA, 112.800,2024/04/12 16:01:00,2024-04-12 16:01:00+00:00
2024/04/12, 16:02:00, 41.524, -70.672, 0.09, 25.860,, 0.010, 13.3, 13.3, 996.8, 997.4, 0.0, 0.0, 84.760, 78.290, 145, 141, 10.5, 9.5, 95.3, 95.2, 10.5, 9.5, 170.8, 166.8, 998.9, 999.5, 439.320, 367.690, 1530.67, 0.0610, 7.7327, 89.400, 0.0, 1438.180, NODATA, NODATA, NODATA, NODATA, 270.000,2024/04/12 16:02:00,2024-04-12 16:02:00+00:00
2024/04/12, 16:03:00, 41.524, -70.672, 0.06, 25.800,, 0.020, 13.4, 13.4, 997.2, 997.3, 0.0, 0.0, 84.760, 78.290, 141, 141, 14.3, 12.1, 93.8, 93.9, 14.3, 12.1, 166.8, 166.8, 999.3, 999.4, 482.110, 366.560, 1623.55, 0.0610, 7.7392, 89.700, 0.0, 1438.208, NODATA, NODATA, NODATA, NODATA, 305.000,2024/04/12 16:03:00,2024-04-12 16:03:00+00:00
2024/04/12, 16:04:00, 41.524, -70.672, -0.08, 25.730,, 0.020, 13.3, 13.3, 996.9, 997.2, 0.0, 0.0, 84.760, 78.290, 142, 143, 14.1, 14.4, 93.0, 93.1, 14.1, 14.4, 167.8, 168.8, 999.0, 999.3, 512.670, 368.670, 1647.63, 0.0611, 7.7455, 89.700, 0.0, 1438.234, NODATA, NODATA, NODATA, NODATA, 32.500,2024/04/12 16:04:00,2024-04-12 16:04:00+00:00
2024/04/12, 16:05:00, 41.524, -70.672, 0.03, 25.940,, 0.010, 13.4, 13.4, 996.4, 997.0, 0.0, 0.0, 84.760, 78.290, 141, 143, 14.9, 14.5, 95.3, 95.4, 14.9, 14.5, 167.0, 169.0, 998.5, 999.1, 448.980, 367.010, 1556.60, 0.0611, 7.7498, 90.600, 0.0, 1438.252, NODATA, NODATA, NODATA, NODATA, 26.600,2024/04/12 16:05:00,2024-04-12 16:05:00+00:00
2024/04/12, 16:06:00, 41.524, -70.672, 0.23, 25.910,, 0.020, 13.5, 13.5, 997.3, 997.2, 0.0, 0.0, 84.760, 78.290, 142, 133, 12.0, 12.0, 94.0, 94.1, 12.0, 12.0, 167.9, 158.9, 999.4, 999.3, 469.660, 365.080, 1573.68, 0.0610, 7.7507, 89.100, 0.0, 1438.256, NODATA, NODATA, NODATA, NODATA, 303.700,2024/04/12 16:06:00,2024-04-12 16:06:00+00:00
2024/04/12, 16:07:00, 41.524, -70.672, 0.17, 25.710,, 0.070, 13.5, 13.5, 997.2, 997.1, 0.0, 0.0, 84.760, 78.290, 144, 142, 15.8, 15.6, 93.8, 93.6, 15.8, 15.6, 169.8, 167.8, 999.3, 999.2, 438.130, 363.330, 1499.04, 0.0609, 7.7522, 89.400, 0.0, 1438.262, NODATA, NODATA, NODATA, NODATA, 124.600,2024/04/12 16:07:00,2024-04-12 16:07:00+00:00
2024/04/12, 16:08:00, 41.524, -70.672, 0.25, 25.730,, 0.020, 13.5, 13.5, 997.2, 997.3, 0.0, 0.0, 84.760, 78.290, 143, 141, 14.9, 14.6, 93.9, 93.7, 14.9, 14.6, 168.7, 166.7, 999.3, 999.4, 453.860, 363.370, 1517.06, 0.0610, 7.7555, 89.400, 0.0, 1438.276, NODATA, NODATA, NODATA, NODATA, 144.500,2024/04/12 16:08:00,2024-04-12 16:08:00+00:00
2024/04/12, 16:09:00, 41.524, -70.672, -0.05, 25.830,, 0.030, 13.5, 13.5, 997.1, 997.2, 0.0, 0.0, 84.760, 78.290, 142, 139, 11.1, 10.3, 93.2, 93.3, 11.1, 10.3, 167.8, 164.8, 999.2, 999.3, 515.530, 366.140, 1596.55, 0.0611, 7.7600, 89.400, 0.0, 1438.295, NODATA, NODATA, NODATA, NODATA, 307.600,2024/04/12 16:09:00,2024-04-12 16:09:00+00:00
2024/04/12, 16:10:00, 41.524, -70.672, 0.05, 25.770,, 0.020, 13.5, 13.5, 997.0, 997.2, 0.0, 0.0, 84.760, 78.290, 152, 146, 14.0, 11.8, 93.1, 93.0, 14.0, 11.8, 177.7, 171.7, 999.1, 999.3, 497.770, 363.180, 1613.62, 0.0610, 7.7674, 89.700, 0.0, 1438.326, NODATA, NODATA, NODATA, NODATA, 294.400,2024/04/12 16:10:00,2024-04-12 16:10:00+00:00
2024/04/12, 16:11:00, 41.524, -70.672, 0.08, 25.790,, 0.030, 13.4, 13.4, 997.0, 997.0, 0.0, 0.0, 84.760, 78.290, 140, 144, 11.9, 11.3, 92.3, 92.3, 11.9, 11.3, 165.7, 169.7, 999.1, 999.1, 431.290, 361.620, 1455.64, 0.0610, 7.7712, 89.700, 0.0, 1438.342, NODATA, NODATA, NODATA, NODATA, 291.000,2024/04/12 16:11:00,2024-04-12 16:11:00+00:00
2024/04/12, 16:12:00, 41.524, -70.672, 0.08, 25.920,, 0.040, 13.4, 13.4, 997.0, 997.0, 0.0, 0.0, 84.760, 78.290, 149, 145, 12.6, 13.4, 93.2, 93.1, 12.6, 13.4, 175.0, 171.0, 999.1, 999.1, 452.860, 361.410, 1500.70, 0.0610, 7.7695, 89.100, 0.0, 1438.335, NODATA, NODATA, NODATA, NODATA, 81.900,2024/04/12 16:12:00,2024-04-12 16:12:00+00:00
2024/04/12, 16:13:00, 41.524, -70.672, 0.16, 25.730,, 0.030, 13.5, 13.4, 996.8, 996.7, 0.0, 0.0, 84.760, 78.290, 134, 136, 8.4, 7.8, 93.7, 93.2, 8.4, 7.8, 159.6, 161.6, 998.9, 998.8, 465.950, 361.180, 1513.63, 0.0610, 7.7703, 89.400, 0.0, 1438.338, NODATA, NODATA, NODATA, NODATA, 266.400,2024/04/12 16:13:00,2024-04-12 16:13:00+00:00
2024/04/12, 16:14:00, 41.524, -70.672, -0.01, 25.660,, 0.040, 13.5, 13.5, 996.8, 997.2, 0.0, 0.0, 84.760, 78.290, 135, 140, 14.2, 14.7, 92.0, 92.2, 14.2, 14.7, 160.7, 165.7, 998.9, 999.3, 467.690, 364.460, 1522.25, 0.0610, 7.7728, 89.100, 0.0, 1438.349, NODATA, NODATA, NODATA, NODATA, 78.700,2024/04/12 16:14:00,2024-04-12 16:14:00+00:00
2024/04/12, 16:15:00, 41.524, -70.672, 0.05, 25.880,, 0.020, 13.5, 13.5, 996.8, 996.8, 0.0, 0.0, 84.760, 78.290, 137, 140, 12.4, 13.8, 92.9, 93.0, 12.4, 13.8, 162.9, 165.9, 998.9, 998.9, 627.130, 371.660, 1887.00, 0.0611, 7.7720, 89.100, 0.0, 1438.345, NODATA, NODATA, NODATA, NODATA, 326.300,2024/04/12 16:15:00,2024-04-12 16:15:00+00:00
2024/04/12, 16:16:00, 41.524, -70.672, -0.03, 25.730,, 0.000, 13.7, 13.7, 997.2, 997.0, 0.0, 0.0, 84.760, 78.290, 136, 138, 10.3, 9.4, 92.7, 92.8, 10.3, 9.4, 161.7, 163.7, 999.3, 999.1, 817.600, 371.200, 2313.17, 0.0610, 7.7746, 89.100, 0.0, 1438.356, NODATA, NODATA, NODATA, NODATA, 63.400,2024/04/12 16:16:00,2024-04-12 16:16:00+00:00
2024/04/12, 16:17:00, 41.524, -70.672, 0.01, 25.750,, 0.040, 13.7, 13.7, 997.0, 997.0, 0.0, 0.0, 84.760, 78.290, 132, 135, 11.1, 11.5, 91.0, 91.1, 11.1, 11.5, 157.8, 160.8, 999.1, 999.1, 666.080, 370.830, 1956.37, 0.0610, 7.7826, 89.100, 0.0, 1438.390, NODATA, NODATA, NODATA, NODATA, 129.100,2024/04/12 16:17:00,2024-04-12 16:17:00+00:00
2024/04/12, 16:18:00, 41.524, -70.672, 0.05, 25.870,, 0.010, 13.7, 13.8, 996.8, 996.8, 0.6, 0.0, 84.770, 78.290, 142, 140, 14.0, 12.2, 90.8, 90.8, 14.0, 12.2, 167.9, 165.9, 998.9, 998.9, 622.760, 375.640, 2001.22, 0.0611, 7.7918, 88.800, 0.0, 1438.428, NODATA, NODATA, NODATA, NODATA, 301.000,2024/04/12 16:18:00,2024-04-12 16:18:00+00:00
2024/04/12, 16:19:00, 41.524, -70.672, 0.08, 25.750,, 0.010, 13.7, 13.8, 997.0, 996.8, 0.0, 0.0, 84.770, 78.290, 144, 140, 13.9, 12.8, 90.6, 90.8, 13.9, 12.8, 169.8, 165.8, 999.1, 998.9, 355.370, 387.190, 1273.14, 0.0611, 7.7977, 90.300, 0.0, 1438.453, NODATA, NODATA, NODATA, NODATA, 153.400,2024/04/12 16:19:00,2024-04-12 16:19:00+00:00
2024/04/12, 16:20:00, 41.524, -70.672, -0.05, 25.770,, 0.010, 13.8, 13.8, 996.7, 997.0, 0.0, 0.0, 84.770, 78.290, 139, 137, 12.5, 11.9, 90.3, 90.5, 12.5, 11.9, 164.8, 162.8, 998.8, 999.1, 330.430, 392.090, 1210.45, 0.0611, 7.8022, 90.000, 0.0, 1438.472, NODATA, NODATA, NODATA, NODATA, 201.800,2024/04/12 16:20:00,2024-04-12 16:20:00+00:00
2024/04/12, 16:21:00, 41.524, -70.672, -0.02, 25.750,, 0.060, 13.8, 13.8, 996.9, 997.0, 0.0, 0.0, 84.770, 78.290, 146, 140, 14.3, 11.4, 90.0, 89.9, 14.3, 11.4, 171.7, 165.7, 999.0, 999.1, 405.410, 397.710, 1411.83, 0.0612, 7.8016, 89.400, 0.0, 1438.470, NODATA, NODATA, NODATA, NODATA, 312.400,2024/04/12 16:21:00,2024-04-12 16:21:00+00:00
2024/04/12, 16:22:00, 41.524, -70.672, -0.23, 25.930,, 0.040, 13.9, 13.8, 996.8, 997.0, 0.0, 0.0, 84.770, 78.290, 134, 137, 11.2, 10.4, 90.5, 90.0, 11.2, 10.4, 159.9, 162.9, 998.9, 999.1, 476.760, 400.200, 1581.58, 0.0611, 7.8009, 89.400, 0.0, 1438.467, NODATA, NODATA, NODATA, NODATA, 323.100,2024/04/12 16:22:00,2024-04-12 16:22:00+00:00
2024/04/12, 16:23:00, 41.524, -70.672, 0.05, 25.820,, 0.000, 13.9, 14.0, 996.8, 997.0, 0.0, 1.8, 84.770, 78.320, 138, 136, 11.3, 10.5, 89.1, 89.2, 11.3, 10.5, 163.8, 161.8, 998.9, 999.1, 383.870, 400.700, 1375.99, 0.0611, 7.8001, 89.100, 0.9, 1438.463, NODATA, NODATA, NODATA, NODATA, 315.000,2024/04/12 16:23:00,2024-04-12 16:23:00+00:00
2024/04/12, 16:24:00, 41.524, -70.672, 0.03, 25.890,, 0.040, 14.0, 14.0, 997.0, 996.8, 0.0, 0.0, 84.770, 78.320, 146, 141, 11.7, 10.5, 89.4, 89.5, 11.7, 10.5, 171.8, 166.8, 999.1, 998.9, 338.760, 401.490, 1241.96, 0.0611, 7.7984, 89.400, 0.0, 1438.456, NODATA, NODATA, NODATA, NODATA, 307.900,2024/04/12 16:24:00,2024-04-12 16:24:00+00:00
2024/04/12, 16:25:00, 41.524, -70.672, -0.05, 25.840,, 0.050, 14.1, 14.1, 996.8, 996.8, 0.0, 0.0, 84.770, 78.320, 137, 140, 12.4, 10.9, 89.8, 89.8, 12.4, 10.9, 162.8, 165.8, 998.9, 998.9, 430.810, 397.530, 1453.33, 0.0611, 7.7984, 89.700, 0.0, 1438.456, NODATA, NODATA, NODATA, NODATA, 306.500,2024/04/12 16:25:00,2024-04-12 16:25:00+00:00
2024/04/12, 16:26:00, 41.524, -70.672, 0.04, 25.880,, 0.010, 14.2, 14.2, 996.5, 996.8, 0.0, 0.0, 84.770, 78.320, 138, 134, 10.6, 10.1, 89.2, 89.2, 10.6, 10.1, 163.9, 159.9, 998.6, 998.9, 378.670, 392.760, 1326.58, 0.0611, 7.8014, 89.100, 0.0, 1438.469, NODATA, NODATA, NODATA, NODATA, 51.300,2024/04/12 16:26:00,2024-04-12 16:26:00+00:00
2024/04/12, 16:27:00, 41.524, -70.672, -0.15, 25.710,, 0.010, 14.1, 14.2, 996.9, 996.9, 0.0, 0.0, 84.770, 78.320, 141, 142, 10.9, 12.3, 87.4, 87.4, 10.9, 12.3, 166.7, 167.7, 999.0, 999.0, 422.520, 384.790, 1416.12, 0.0611, 7.8022, 89.400, 0.0, 1438.472, NODATA, NODATA, NODATA, NODATA, 303.700,2024/04/12 16:27:00,2024-04-12 16:27:00+00:00
2024/04/12, 16:28:00, 41.524, -70.672, -0.15, 25.770,, 0.010, 14.0, 14.2, 996.9, 997.1, 0.0, 0.0, 84.770, 78.320, 147, 143, 13.1, 10.7, 87.7, 87.4, 13.1, 10.7, 172.8, 168.8, 999.0, 999.2, 513.120, 372.850, 1599.20, 0.0611, 7.8037, 89.400, 0.0, 1438.478, NODATA, NODATA, NODATA, NODATA, 74.100,2024/04/12 16:28:00,2024-04-12 16:28:00+00:00
2024/04/12, 16:29:00, 41.524, -70.672, -0.20, 25.710,, 0.010, 13.9, 14.0, 996.6, 996.8, 0.0, 0.0, 84.770, 78.320, 143, 142, 10.3, 9.9, 88.3, 88.4, 10.3, 9.9, 168.7, 167.7, 998.7, 998.9, 497.380, 366.210, 1657.46, 0.0611, 7.8064, 89.700, 0.0, 1438.490, NODATA, NODATA, NODATA, NODATA, 33.700,2024/04/12 16:29:00,2024-04-12 16:29:00+00:00
2024/04/12, 16:30:00, 41.524, -70.672, -0.07, 25.870,, 0.070, 13.9, 13.9, 997.0, 996.9, 0.0, 0.0, 84.770, 78.320, 135, 137, 9.7, 10.0, 88.9, 88.9, 9.7, 10.0, 160.7, 162.7, 999.1, 999.0, 459.410, 366.950, 1547.13, 0.0612, 7.8097, 89.400, 0.0, 1438.504, NODATA, NODATA, NODATA, NODATA, 285.900,2024/04/12 16:30:00,2024-04-12 16:30:00+00:00
2024/04/12, 16:31:00, 41.524, -70.672, -0.09, 25.860,, 0.020, 13.9, 13.9, 996.7, 996.7, 0.0, 0.0, 84.770, 78.320, 142, 137, 12.5, 12.1, 90.5, 90.4, 12.5, 12.1, 167.8, 162.8, 998.8, 998.8, 415.500, 367.290, 1456.65, 0.0611, 7.8104, 89.400, 0.0, 1438.506, NODATA, NODATA, NODATA, NODATA, 276.300,2024/04/12 16:31:00,2024-04-12 16:31:00+00:00
2024/04/12, 16:32:00, 41.524, -70.672, -0.05, 25.810,, 0.010, 14.1, 14.2, 997.0, 996.8, 0.0, 0.0, 84.770, 78.320, 138, 143, 10.5, 12.8, 91.3, 91.6, 10.5, 12.8, 163.8, 168.8, 999.1, 998.9, 398.530, 367.930, 1425.32, 0.0612, 7.8115, 89.700, 0.0, 1438.511, NODATA, NODATA, NODATA, NODATA, 31.000,2024/04/12 16:32:00,2024-04-12 16:32:00+00:00
2024/04/12, 16:33:00, 41.524, -70.672, -0.05, 25.700,, 0.030, 14.2, 14.3, 996.9, 996.8, 0.0, 0.0, 84.770, 78.320, 139, 145, 13.2, 12.6, 91.3, 91.1, 13.2, 12.6, 164.8, 170.8, 999.0, 998.9, 392.550, 365.700, 1416.79, 0.0610, 7.8097, 89.100, 0.0, 1438.503, NODATA, NODATA, NODATA, NODATA, 97.600,2024/04/12 16:33:00,2024-04-12 16:33:00+00:00
2024/04/12, 16:34:00, 41.524, -70.672, 0.03, 25.740,, 0.040, 14.2, 14.3, 996.3, 996.8, 0.0, 0.0, 84.770, 78.320, 139, 135, 15.1, 14.7, 90.4, 90.2, 15.1, 14.7, 164.8, 160.8, 998.4, 998.9, 378.560, 370.190, 1386.45, 0.0611, 7.8117, 89.400, 0.0, 1438.512, NODATA, NODATA, NODATA, NODATA, 77.500,2024/04/12 16:34:00,2024-04-12 16:34:00+00:00
2024/04/12, 16:35:00, 41.524, -70.672, 0.08, 25.750,, 0.020, 14.5, 14.5, 996.6, 996.6, 0.0, 0.0, 84.770, 78.320, 141, 138, 12.1, 11.7, 94.8, 94.9, 12.1, 11.7, 166.8, 163.8, 998.7, 998.7, 357.700, 369.530, 1338.87, 0.0611, 7.8169, 89.400, 0.0, 1438.534, NODATA, NODATA, NODATA, NODATA, 73.300,2024/04/12 16:35:00,2024-04-12 16:35:00+00:00
2024/04/12, 16:36:00, 41.524, -70.672, 0.08, 25.760,, 0.030, 14.6, 14.7, 996.3, 996.7, 0.0, 0.0, 84.770, 78.320, 142, 136, 10.3, 9.5, 91.5, 91.4, 10.3, 9.5, 167.8, 161.8, 998.4, 998.8, 338.140, 369.290, 1277.00, 0.0611, 7.8213, 89.400, 0.0, 1438.552, NODATA, NODATA, NODATA, NODATA, 93.800,2024/04/12 16:36:00,2024-04-12 16:36:00+00:00
2024/04/12, 16:37:00, 41.524, -70.672, -0.03, 25.690,, 0.040, 14.5, 14.6, 996.8, 996.8, 0.0, 0.0, 84.770, 78.320, 140, 142, 14.5, 13.3, 90.5, 90.4, 14.5, 13.3, 165.7, 167.7, 998.9, 998.9, 304.140, 374.880, 1167.69, 0.0611, 7.8255, 89.400, 0.0, 1438.570, NODATA, NODATA, NODATA, NODATA, 142.600,2024/04/12 16:37:00,2024-04-12 16:37:00+00:00
2024/04/12, 16:38:00, 41.524, -70.672, -0.09, 25.560,, 0.010, 14.5, 14.5, 996.8, 996.3, 0.0, 0.0, 84.770, 78.320, 146, 151, 15.8, 17.2, 91.8, 91.8, 15.8, 17.2, 171.5, 176.5, 998.9, 998.4, 257.270, 383.140, 1019.38, 0.0611, 7.8291, 89.700, 0.0, 1438.585, NODATA, NODATA, NODATA, NODATA, 301.000,2024/04/12 16:38:00,2024-04-12 16:38:00+00:00
2024/04/12, 16:39:00, 41.524, -70.672, 0.03, 25.750,, 0.030, 14.4, 14.5, 996.5, 996.5, 0.0, 0.0, 84.770, 78.320, 142, 140, 12.9, 11.5, 91.5, 91.4, 12.9, 11.5, 167.7, 165.7, 998.6, 998.6, 200.460, 390.800, 806.25, 0.0611, 7.8327, 89.400, 0.0, 1438.600, NODATA, NODATA, NODATA, NODATA, 284.000,2024/04/12 16:39:00,2024-04-12 16:39:00+00:00
2024/04/12, 16:40:00, 41.524, -70.672, 0.08, 25.640,, 0.040, 14.3, 14.4, 996.8, 996.9, 0.0, 0.0, 84.770, 78.320, 144, 145, 11.2, 10.1, 90.4, 90.4, 11.2, 10.1, 169.6, 170.6, 998.9, 999.0, 165.920, 395.640, 682.19, 0.0611, 7.8360, 88.800, 0.0, 1438.614, NODATA, NODATA, NODATA, NODATA, 306.300,2024/04/12 16:40:00,2024-04-12 16:40:00+00:00
2024/04/12, 16:41:00, 41.524, -70.672, -0.06, 25.620,, 0.010, 14.2, 14.2, 997.0, 996.9, 0.0, 0.0, 84.770, 78.320, 133, 132, 16.1, 16.4, 91.3, 91.1, 16.1, 16.4, 158.6, 157.6, 999.1, 999.0, 153.100, 396.970, 614.54, 0.0611, 7.8374, 89.100, 0.0, 1438.619, NODATA, NODATA, NODATA, NODATA, 278.100,2024/04/12 16:41:00,2024-04-12 16:41:00+00:00
2024/04/12, 16:42:00, 41.524, -70.672, 0.00, 25.710,, 0.020, 14.2, 14.2, 997.0, 996.9, 0.0, 0.0, 84.770, 78.320, 130, 132, 14.5, 14.5, 93.0, 91.6, 14.5, 14.5, 155.7, 157.7, 999.1, 999.0, 137.530, 397.000, 574.41, 0.0611, 7.8358, 89.100, 0.0, 1438.613, NODATA, NODATA, NODATA, NODATA, 276.300,2024/04/12 16:42:00,2024-04-12 16:42:00+00:00
2024/04/12, 16:43:00, 41.524, -70.672, 0.11, 25.800,, 0.020, 14.1, 14.2, 996.7, 997.0, 0.0, 0.0, 84.770, 78.320, 142, 144, 12.5, 12.0, 92.1, 92.0, 12.5, 12.0, 167.8, 169.8, 998.8, 999.1, 150.440, 394.150, 609.18, 0.0610, 7.8318, 89.700, 0.0, 1438.596, NODATA, NODATA, NODATA, NODATA, 288.400,2024/04/12 16:43:00,2024-04-12 16:43:00+00:00
2024/04/12, 16:44:00, 41.524, -70.672, -0.24, 25.650,, 0.030, 14.1, 14.1, 996.7, 996.7, 0.0, 0.0, 84.770, 78.320, 144, 143, 13.9, 12.4, 92.0, 92.0, 13.9, 12.4, 169.7, 168.7, 998.8, 998.8, 144.500, 391.820, 595.40, 0.0610, 7.8305, 90.300, 0.0, 1438.590, NODATA, NODATA, NODATA, NODATA, 158.200,2024/04/12 16:44:00,2024-04-12 16:44:00+00:00
2024/04/12, 16:45:00, 41.524, -70.672, -0.07, 25.590,, 0.010, 13.9, 13.9, 996.6, 996.7, 0.0, 0.0, 84.770, 78.320, 152, 152, 14.6, 17.7, 91.4, 91.1, 14.6, 17.7, 177.6, 177.6, 998.7, 998.8, 153.530, 388.410, 633.76, 0.0610, 7.8284, 89.400, 0.0, 1438.582, NODATA, NODATA, NODATA, NODATA, 123.700,2024/04/12 16:45:00,2024-04-12 16:45:00+00:00
2024/04/12, 16:46:00, 41.524, -70.672, -0.18, 25.690,, 0.040, 13.8, 13.9, 996.6, 996.9, 0.0, 0.0, 84.770, 78.320, 145, 144, 12.8, 14.2, 93.6, 93.5, 12.8, 14.2, 170.8, 169.8, 998.7, 999.0, 158.020, 384.650, 666.85, 0.0609, 7.8324, 89.400, 0.0, 1438.598, NODATA, NODATA, NODATA, NODATA, 115.300,2024/04/12 16:46:00,2024-04-12 16:46:00+00:00
2024/04/12, 16:47:00, 41.524, -70.672, 0.04, 25.770,, 0.040, 13.7, 13.7, 996.7, 996.8, 0.0, 0.0, 84.770, 78.320, 132, 128, 11.4, 10.4, 92.4, 92.4, 11.4, 10.4, 157.8, 153.8, 998.8, 998.9, 152.030, 388.140, 659.10, 0.0609, 7.8315, 89.400, 0.0, 1438.594, NODATA, NODATA, NODATA, NODATA, 161.600,2024/04/12 16:47:00,2024-04-12 16:47:00+00:00
2024/04/12, 16:48:00, 41.524, -70.672, 0.01, 25.500,, 0.050, 13.6, 13.7, 996.6, 997.0, 0.0, 0.0, 84.770, 78.320, 141, 141, 14.7, 14.0, 93.6, 93.6, 14.7, 14.0, 166.6, 166.6, 998.7, 999.1, 168.710, 389.000, 705.11, 0.0608, 7.8305, 89.100, 0.0, 1438.590, NODATA, NODATA, NODATA, NODATA, 125.000,2024/04/12 16:48:00,2024-04-12 16:48:00+00:00
2024/04/12, 16:49:00, 41.524, -70.672, -0.09, 25.600,, 0.040, 13.6, 13.7, 996.9, 997.0, 0.0, 0.0, 84.770, 78.320, 142, 138, 11.8, 10.9, 94.7, 94.6, 11.8, 10.9, 167.5, 163.5, 999.0, 999.1, 185.920, 390.480, 762.77, 0.0609, 7.8315, 89.100, 0.0, 1438.594, NODATA, NODATA, NODATA, NODATA, 296.600,2024/04/12 16:49:00,2024-04-12 16:49:00+00:00
2024/04/12, 16:50:00, 41.524, -70.672, 0.04, 25.620,, 0.040, 13.6, 13.6, 996.8, 996.6, 0.0, 0.0, 84.770, 78.320, 141, 132, 11.7, 11.2, 93.8, 93.8, 11.7, 11.2, 166.7, 157.7, 998.9, 998.7, 206.400, 392.260, 828.89, 0.0608, 7.8339, 89.700, 0.0, 1438.604, NODATA, NODATA, NODATA, NODATA, 130.900,2024/04/12 16:50:00,2024-04-12 16:50:00+00:00
2024/04/12, 16:51:00, 41.524, -70.672, -0.04, 25.630,, 0.030, 13.5, 13.6, 997.0, 996.6, 0.1, 0.0, 84.770, 78.320, 140, 129, 10.8, 10.9, 93.9, 94.0, 10.8, 10.9, 165.7, 154.7, 999.1, 998.7, 211.170, 393.580, 842.90, 0.0608, 7.8356, 89.700, 0.0, 1438.612, NODATA, NODATA, NODATA, NODATA, 109.700,2024/04/12 16:51:00,2024-04-12 16:51:00+00:00
2024/04/12, 16:52:00, 41.524, -70.672, 0.03, 25.680,, 0.020, 13.5, 13.5, 996.8, 996.9, 0.0, 0.1, 84.770, 78.320, 140, 140, 17.4, 16.8, 93.9, 93.9, 17.4, 16.8, 165.6, 165.6, 998.9, 999.0, 181.510, 396.310, 749.49, 0.0608, 7.8361, 90.000, 0.0, 1438.614, NODATA, NODATA, NODATA, NODATA, 277.100,2024/04/12 16:52:00,2024-04-12 16:52:00+00:00
2024/04/12, 16:53:00, 41.524, -70.672, 0.01, 25.680,, 0.030, 13.5, 13.5, 997.0, 997.0, 0.0, 0.0, 84.770, 78.320, 146, 141, 16.2, 13.6, 95.0, 95.1, 16.2, 13.6, 171.6, 166.6, 999.1, 999.1, 148.000, 394.710, 603.44, 0.0607, 7.8355, 89.400, 0.0, 1438.611, NODATA, NODATA, NODATA, NODATA, 317.700,2024/04/12 16:53:00,2024-04-12 16:53:00+00:00
2024/04/12, 16:54:00, 41.524, -70.672, 0.08, 25.710,, 0.040, 13.3, 13.4, 997.1, 997.0, 0.0, 0.1, 84.770, 78.330, 137, 137, 13.1, 13.3, 93.2, 93.0, 13.1, 13.3, 162.7, 162.7, 999.2, 999.1, 165.130, 395.160, 663.01, 0.0607, 7.8345, 90.000, 0.0, 1438.607, NODATA, NODATA, NODATA, NODATA, 313.000,2024/04/12 16:54:00,2024-04-12 16:54:00+00:00
2024/04/12, 16:55:00, 41.524, -70.672, 0.12, 25.440,, 0.050, 13.2, 13.3, 996.6, 997.0, 0.0, 0.0, 84.770, 78.330, 143, 134, 13.1, 13.1, 94.5, 94.5, 13.1, 13.1, 168.5, 159.5, 998.7, 999.1, 210.530, 392.990, 810.76, 0.0607, 7.8319, 90.300, 0.0, 1438.596, NODATA, NODATA, NODATA, NODATA, 150.800,2024/04/12 16:55:00,2024-04-12 16:55:00+00:00
2024/04/12, 16:56:00, 41.524, -70.672, 0.07, 25.630,, 0.040, 13.2, 13.2, 996.8, 996.6, 0.0, 0.0, 84.770, 78.330, 138, 132, 12.3, 11.4, 94.4, 94.4, 12.3, 11.4, 163.7, 157.7, 998.9, 998.7, 235.750, 392.970, 901.78, 0.0606, 7.8321, 90.000, 0.0, 1438.597, NODATA, NODATA, NODATA, NODATA, 130.600,2024/04/12 16:56:00,2024-04-12 16:56:00+00:00
2024/04/12, 16:57:00, 41.524, -70.672, -0.01, 25.560,, 0.030, 13.1, 13.2, 996.8, 996.8, 0.0, 0.0, 84.770, 78.330, 142, 137, 10.8, 10.7, 95.5, 95.4, 10.8, 10.7, 167.5, 162.5, 998.9, 998.9, 296.310, 387.910, 1080.77, 0.0607, 7.8377, 89.400, 0.0, 1438.620, NODATA, NODATA, NODATA, NODATA, 263.300,2024/04/12 16:57:00,2024-04-12 16:57:00+00:00
2024/04/12, 16:58:00, 41.524, -70.672, -0.23, 25.530,, 0.040, 13.0, 13.1, 996.8, 997.0, 0.0, 0.0, 84.770, 78.330, 143, 145, 15.4, 14.5, 95.2, 95.3, 15.4, 14.5, 168.5, 170.5, 998.9, 999.1, 270.350, 392.380, 1028.87, 0.0606, 7.8411, 89.400, 0.0, 1438.634, NODATA, NODATA, NODATA, NODATA, 214.500,2024/04/12 16:58:00,2024-04-12 16:58:00+00:00
2024/04/12, 16:59:00, 41.524, -70.672, 0.01, 25.750,, 0.000, 13.0, 13.0, 996.5, 996.8, 0.0, 0.0, 84.770, 78.330, 140, 143, 13.4, 12.0, 95.7, 95.7, 13.4, 12.0, 165.8, 168.8, 998.6, 998.9, 264.810, 392.790, 993.28, 0.0606, 7.8427, 89.400, 0.0, 1438.641, NODATA, NODATA, NODATA, NODATA, 270.000,2024/04/12 16:59:00,2024-04-12 16:59:00+00:00
2024/04/12, 17:00:00, 41.524, -70.672, 0.01, 25.590,, 0.010, 12.9, 13.0, 996.9, 997.0, 0.0, 0.0, 84.770, 78.330, 145, 139, 12.2, 13.1, 95.5, 95.7, 12.2, 13.1, 170.6, 164.6, 999.0, 999.1, 270.390, 393.520, 984.01, 0.0605, 7.8492, 89.100, 0.0, 1438.668, NODATA, NODATA, NODATA, NODATA, 236.300,2024/04/12 17:00:00,2024-04-12 17:00:00+00:00
2024/04/12, 17:01:00, 41.524, -70.672, 0.01, 25.670,, 0.030, 12.8, 12.9, 997.0, 996.6, 0.0, 0.0, 84.770, 78.330, 136, 134, 14.3, 13.8, 95.8, 95.9, 14.3, 13.8, 161.7, 159.6, 999.1, 998.7, 227.510, 394.960, 863.52, 0.0604, 7.8521, 89.400, 0.0, 1438.680, NODATA, NODATA, NODATA, NODATA, 180.000,2024/04/12 17:01:00,2024-04-12 17:01:00+00:00
2024/04/12, 17:02:00, 41.524, -70.672, 0.02, 25.480,, 0.060, 12.8, 12.9, 996.8, 996.8, 0.0, 0.0, 84.770, 78.330, 144, 140, 12.9, 12.6, 96.8, 95.8, 12.9, 12.6, 169.5, 165.5, 998.9, 998.9, 273.560, 394.260, 998.11, 0.0603, 7.8536, 89.400, 0.0, 1438.686, NODATA, NODATA, NODATA, NODATA, 153.400,2024/04/12 17:02:00,2024-04-12 17:02:00+00:00
2024/04/12, 17:03:00, 41.524, -70.672, -0.11, 25.890,, 0.010, 12.7, 12.8, 996.8, 996.9, 0.0, 0.0, 84.770, 78.330, 132, 137, 10.9, 9.7, 96.3, 96.2, 10.9, 9.7, 157.9, 162.9, 998.9, 999.0, 305.510, 394.410, 1134.64, 0.0605, 7.8559, 89.700, 0.0, 1438.696, NODATA, NODATA, NODATA, NODATA, 309.800,2024/04/12 17:03:00,2024-04-12 17:03:00+00:00
2024/04/12, 17:04:00, 41.524, -70.672, 0.03, 25.760,, 0.030, 12.7, 12.7, 996.8, 996.8, 0.0, 0.0, 84.770, 78.330, 150, 149, 16.2, 14.1, 97.3, 97.1, 16.2, 14.1, 175.7, 174.7, 998.9, 998.9, 309.550, 394.330, 1137.67, 0.0605, 7.8574, 89.400, 0.0, 1438.702, NODATA, NODATA, NODATA, NODATA, 307.600,2024/04/12 17:04:00,2024-04-12 17:04:00+00:00
2024/04/12, 17:05:00, 41.524, -70.672, -0.12, 25.670,, 0.030, 12.7, 12.8, 996.7, 996.8, 0.0, 0.0, 84.770, 78.330, 144, 138, 9.3, 7.4, 98.1, 98.1, 9.3, 7.4, 169.6, 163.6, 998.8, 998.9, 314.430, 392.350, 1156.55, 0.0603, 7.8625, 90.600, 0.0, 1438.723, NODATA, NODATA, NODATA, NODATA, 296.600,2024/04/12 17:05:00,2024-04-12 17:05:00+00:00
2024/04/12, 17:06:00, 41.524, -70.672, -0.16, 25.590,, 0.020, 12.6, 12.7, 996.6, 996.8, 0.0, 0.0, 84.770, 78.330, 145, 142, 13.2, 13.5, 96.1, 96.1, 13.2, 13.5, 170.6, 167.6, 998.7, 998.9, 338.380, 392.310, 1201.83, 0.0604, 7.8657, 89.100, 0.0, 1438.737, NODATA, NODATA, NODATA, NODATA, 330.300,2024/04/12 17:06:00,2024-04-12 17:06:00+00:00
2024/04/12, 17:07:00, 41.524, -70.672, -0.03, 25.530,, 0.040, 12.6, 12.6, 996.6, 996.7, 0.0, 0.0, 84.770, 78.330, 133, 133, 12.1, 11.5, 96.1, 97.6, 12.1, 11.5, 158.6, 158.6, 998.7, 998.8, 337.500, 392.330, 1170.02, 0.0603, 7.8690, 89.700, 0.0, 1438.751, NODATA, NODATA, NODATA, NODATA, 132.900,2024/04/12 17:07:00,2024-04-12 17:07:00+00:00
2024/04/12, 17:08:00, 41.524, -70.672, 0.01, 25.590,, 0.030, 12.6, 12.6, 996.8, 996.3, 0.0, 0.0, 84.770, 78.330, 144, 137, 14.5, 11.5, 98.0, 97.8, 14.5, 11.5, 169.6, 162.7, 998.9, 998.4, 357.170, 391.750, 1249.63, 0.0603, 7.8728, 89.100, 0.0, 1438.767, NODATA, NODATA, NODATA, NODATA, 106.400,2024/04/12 17:08:00,2024-04-12 17:08:00+00:00
2024/04/12, 17:09:00, 41.524, -70.672, -0.08, 25.690,, 0.000, 12.6, 12.6, 996.7, 996.6, 0.0, 0.0, 84.770, 78.330, 143, 148, 11.6, 12.5, 98.1, 98.1, 11.6, 12.5, 168.7, 173.7, 998.8, 998.7, 276.050, 393.480, 1037.23, 0.0603, 7.8748, 89.400, 0.0, 1438.775, NODATA, NODATA, NODATA, NODATA, 45.000,2024/04/12 17:09:00,2024-04-12 17:09:00+00:00
2024/04/12, 17:10:00, 41.524, -70.672, -0.07, 25.500,, 0.030, 12.6, 12.6, 996.5, 996.4, 0.0, 0.0, 84.770, 78.330, 144, 145, 12.1, 13.2, 97.6, 97.6, 12.1, 13.2, 169.6, 170.6, 998.6, 998.5, 201.880, 394.980, 814.82, 0.0602, 7.8771, 89.100, 0.0, 1438.784, NODATA, NODATA, NODATA, NODATA, 71.600,2024/04/12 17:10:00,2024-04-12 17:10:00+00:00
2024/04/12, 17:11:00, 41.524, -70.672, -0.16, 25.690,, 0.030, 12.6, 12.7, 996.3, 996.5, 0.0, 0.0, 84.770, 78.330, 141, 132, 10.4, 7.4, 97.9, 98.0, 10.4, 7.4, 166.6, 157.6, 998.4, 998.6, 189.000, 393.630, 753.57, 0.0603, 7.8745, 89.700, 0.0, 1438.774, NODATA, NODATA, NODATA, NODATA, 294.800,2024/04/12 17:11:00,2024-04-12 17:11:00+00:00
2024/04/12, 17:12:00, 41.524, -70.672, -0.22, 25.600,, 0.040, 12.5, 12.6, 996.8, 996.8, 0.0, 0.0, 84.770, 78.330, 128, 121, 8.4, 8.1, 96.4, 96.4, 8.4, 8.1, 153.7, 146.7, 998.9, 998.9, 158.510, 393.010, 642.37, 0.0602, 7.8728, 90.000, 0.0, 1438.766, NODATA, NODATA, NODATA, NODATA, 109.300,2024/04/12 17:12:00,2024-04-12 17:12:00+00:00
2024/04/12, 17:13:00, 41.524, -70.672, -0.15, 25.640,, 0.020, 12.4, 12.4, 996.5, 996.6, 0.0, 0.0, 84.770, 78.330, 144, 142, 12.5, 11.6, 96.4, 96.3, 12.5, 11.6, 169.6, 167.6, 998.6, 998.7, 156.010, 392.550, 627.86, 0.0602, 7.8699, 89.400, 0.0, 1438.754, NODATA, NODATA, NODATA, NODATA, 284.000,2024/04/12 17:13:00,2024-04-12 17:13:00+00:00
2024/04/12, 17:14:00, 41.524, -70.672, -0.17, 25.520,, 0.010, 12.3, 12.4, 996.5, 996.6, 0.0, 0.0, 84.770, 78.330, 133, 128, 10.7, 7.9, 96.8, 96.6, 10.7, 7.9, 158.5, 153.5, 998.6, 998.7, 174.890, 392.710, 694.42, 0.0601, 7.8697, 90.000, 0.0, 1438.753, NODATA, NODATA, NODATA, NODATA, 195.900,2024/04/12 17:14:00,2024-04-12 17:14:00+00:00
2024/04/12, 17:15:00, 41.524, -70.672, -0.07, 25.650,, 0.000, 12.3, 12.3, 996.8, 996.8, 0.0, 0.0, 84.770, 78.330, 142, 136, 12.4, 9.3, 97.6, 97.5, 12.4, 9.3, 167.7, 161.7, 998.9, 998.9, 189.230, 391.590, 743.40, 0.0602, 7.8704, 90.000, 0.0, 1438.756, NODATA, NODATA, NODATA, NODATA, 243.400,2024/04/12 17:15:00,2024-04-12 17:15:00+00:00
2024/04/12, 17:16:00, 41.524, -70.672, -0.18, 25.630,, 0.020, 12.3, 12.3, 996.8, 996.7, 0.0, 0.0, 84.770, 78.330, 141, 132, 13.4, 11.6, 98.0, 97.9, 13.4, 11.6, 166.6, 157.6, 998.9, 998.8, 210.250, 388.750, 817.46, 0.0601, 7.8707, 90.000, 0.0, 1438.757, NODATA, NODATA, NODATA, NODATA, 236.300,2024/04/12 17:16:00,2024-04-12 17:16:00+00:00
2024/04/12, 17:17:00, 41.524, -70.672, 0.05, 25.570,, 0.020, 12.3, 12.3, 996.5, 996.6, 0.0, 0.0, 84.770, 78.330, 148, 143, 14.7, 13.6, 98.0, 97.1, 14.7, 13.6, 173.6, 168.6, 998.6, 998.7, 176.650, 390.260, 686.68, 0.0601, 7.8700, 89.400, 0.0, 1438.755, NODATA, NODATA, NODATA, NODATA, 76.000,2024/04/12 17:17:00,2024-04-12 17:17:00+00:00
2024/04/12, 17:18:00, 41.524, -70.672, -0.07, 25.540,, 0.030, 12.4, 12.4, 996.7, 996.3, 0.0, 0.0, 84.770, 78.330, 146, 141, 12.7, 12.3, 98.2, 98.3, 12.7, 12.3, 171.5, 166.5, 998.8, 998.4, 180.920, 387.180, 700.98, 0.0601, 7.8724, 90.300, 0.0, 1438.765, NODATA, NODATA, NODATA, NODATA, 309.800,2024/04/12 17:18:00,2024-04-12 17:18:00+00:00
2024/04/12, 17:19:00, 41.524, -70.672, 0.00, 25.450,, 0.040, 12.2, 12.3, 996.5, 996.6, 0.0, 0.0, 84.770, 78.330, 138, 143, 9.4, 8.6, 96.6, 96.7, 9.4, 8.6, 163.5, 168.5, 998.6, 998.7, 145.010, 387.910, 608.21, 0.0601, 7.8732, 90.300, 0.0, 1438.768, NODATA, NODATA, NODATA, NODATA, 135.000,2024/04/12 17:19:00,2024-04-12 17:19:00+00:00
2024/04/12, 17:20:00, 41.524, -70.672, 0.13, 25.660,, 0.050, 12.1, 12.1, 996.6, 996.7, 0.0, 0.0, 84.770, 78.330, 135, 139, 12.0, 11.5, 96.7, 96.4, 12.0, 11.5, 160.6, 164.6, 998.7, 998.8, 131.800, 386.460, 587.67, 0.0601, 7.8671, 89.400, 0.0, 1438.742, NODATA, NODATA, NODATA, NODATA, 308.700,2024/04/12 17:20:00,2024-04-12 17:20:00+00:00
2024/04/12, 17:21:00, 41.524, -70.672, 0.16, 25.620,, 0.010, 12.1, 12.2, 996.5, 996.5, 0.0, 0.0, 84.770, 78.330, 136, 132, 9.1, 10.5, 97.8, 97.9, 9.1, 10.5, 161.6, 157.6, 998.6, 998.6, 130.050, 383.490, 606.60, 0.0600, 7.8599, 90.000, 0.0, 1438.712, NODATA, NODATA, NODATA, NODATA, 161.600,2024/04/12 17:21:00,2024-04-12 17:21:00+00:00
2024/04/12, 17:22:00, 41.524, -70.672, 0.11, 25.520,, 0.030, 12.1, 12.1, 996.2, 996.4, 0.0, 0.0, 84.770, 78.330, 142, 139, 11.6, 12.1, 98.0, 97.9, 11.6, 12.1, 167.5, 164.5, 998.3, 998.5, 129.140, 381.570, 597.78, 0.0600, 7.8563, 89.400, 0.0, 1438.697, NODATA, NODATA, NODATA, NODATA, 153.400,2024/04/12 17:22:00,2024-04-12 17:22:00+00:00
2024/04/12, 17:23:00, 41.524, -70.672, 0.08, 25.610,, 0.020, 12.1, 12.1, 996.3, 996.3, 0.0, 0.0, 84.770, 78.330, 138, 138, 10.3, 9.7, 97.7, 97.8, 10.3, 9.7, 163.7, 163.7, 998.4, 998.4, 121.430, 384.310, 544.64, 0.0600, 7.8526, 89.400, 0.0, 1438.682, NODATA, NODATA, NODATA, NODATA, 90.000,2024/04/12 17:23:00,2024-04-12 17:23:00+00:00
2024/04/12, 17:24:00, 41.524, -70.672, 0.02, 25.580,, 0.030, 12.0, 12.1, 996.0, 996.4, 0.0, 0.2, 84.770, 78.330, 131, 129, 8.7, 10.5, 97.2, 97.1, 8.7, 10.5, 156.7, 154.6, 998.1, 998.5, 139.390, 385.690, 576.60, 0.0599, 7.8540, 89.700, 0.0, 1438.687, NODATA, NODATA, NODATA, NODATA, 103.200,2024/04/12 17:24:00,2024-04-12 17:24:00+00:00
2024/04/12, 17:25:00, 41.524, -70.672, 0.02, 25.390,, 0.020, 12.1, 12.1, 996.3, 996.5, 0.0, 0.0, 84.770, 78.330, 147, 146, 15.0, 12.1, 98.1, 97.2, 15.0, 12.1, 172.4, 171.4, 998.4, 998.6, 136.490, 388.510, 561.71, 0.0598, 7.8557, 90.000, 0.0, 1438.694, NODATA, NODATA, NODATA, NODATA, 212.500,2024/04/12 17:25:00,2024-04-12 17:25:00+00:00
2024/04/12, 17:26:00, 41.524, -70.672, 0.01, 25.520,, 0.040, 12.1, 12.1, 996.3, 996.4, 0.0, 0.0, 84.770, 78.330, 138, 131, 7.4, 7.1, 97.9, 97.9, 7.4, 7.1, 163.6, 156.6, 998.4, 998.5, 148.130, 388.000, 587.04, 0.0599, 7.8585, 89.400, 0.0, 1438.706, NODATA, NODATA, NODATA, NODATA, 131.400,2024/04/12 17:26:00,2024-04-12 17:26:00+00:00
2024/04/12, 17:27:00, 41.524, -70.672, -0.23, 25.590,, 0.010, 12.1, 12.1, 996.3, 996.2, 0.0, 0.0, 84.770, 78.330, 142, 130, 10.1, 9.0, 97.3, 97.3, 10.1, 9.0, 167.6, 155.6, 998.4, 998.3, 139.560, 389.180, 581.89, 0.0599, 7.8589, 89.700, 0.0, 1438.708, NODATA, NODATA, NODATA, NODATA, 81.900,2024/04/12 17:27:00,2024-04-12 17:27:00+00:00
2024/04/12, 17:28:00, 41.524, -70.672, -0.19, 25.490,, 0.020, 12.0, 12.1, 995.9, 996.2, 0.0, 0.0, 84.770, 78.330, 136, 138, 11.8, 11.2, 96.9, 96.8, 11.8, 11.2, 161.5, 163.5, 998.0, 998.3, 134.750, 391.570, 561.33, 0.0599, 7.8624, 89.400, 0.0, 1438.722, NODATA, NODATA, NODATA, NODATA, 78.700,2024/04/12 17:28:00,2024-04-12 17:28:00+00:00
2024/04/12, 17:29:00, 41.524, -70.672, -0.12, 25.560,, 0.030, 12.1, 12.2, 996.2, 996.3, 0.3, 0.1, 84.780, 78.340, 137, 141, 11.6, 12.4, 98.6, 98.7, 11.6, 12.4, 162.5, 166.5, 998.3, 998.4, 169.390, 390.630, 689.11, 0.0599, 7.8617, 89.700, 0.0, 1438.720, NODATA, NODATA, NODATA, NODATA, 315.000,2024/04/12 17:29:00,2024-04-12 17:29:00+00:00
2024/04/12, 17:30:00, 41.524, -70.672, 0.04, 25.560,, 0.010, 12.1, 12.1, 996.3, 996.2, 0.1, 0.0, 84.780, 78.340, 145, 148, 12.8, 12.3, 97.2, 97.2, 12.8, 12.3, 170.6, 173.6, 998.4, 998.3, 242.410, 385.580, 891.51, 0.0599, 7.8578, 89.700, 0.0, 1438.703, NODATA, NODATA, NODATA, NODATA, 116.600,2024/04/12 17:30:00,2024-04-12 17:30:00+00:00
2024/04/12, 17:31:00, 41.524, -70.672, 0.00, 25.500,, 0.020, 12.0, 12.1, 996.3, 996.3, 0.0, 0.0, 84.780, 78.340, 142, 142, 10.0, 10.3, 97.4, 97.4, 10.0, 10.3, 167.6, 167.6, 998.4, 998.4, 246.920, 387.620, 944.35, 0.0598, 7.8586, 89.700, 0.0, 1438.706, NODATA, NODATA, NODATA, NODATA, 60.900,2024/04/12 17:31:00,2024-04-12 17:31:00+00:00
2024/04/12, 17:32:00, 41.524, -70.672, 0.03, 25.550,, 0.030, 12.0, 12.1, 996.3, 996.3, 0.0, 0.0, 84.780, 78.340, 136, 134, 10.6, 9.1, 97.8, 97.7, 10.6, 9.1, 161.6, 159.6, 998.4, 998.4, 238.730, 387.990, 915.43, 0.0598, 7.8660, 90.000, 0.0, 1438.737, NODATA, NODATA, NODATA, NODATA, 113.600,2024/04/12 17:32:00,2024-04-12 17:32:00+00:00
2024/04/12, 17:33:00, 41.524, -70.672, 0.09, 25.430,, 0.030, 12.0, 12.1, 995.7, 996.2, 0.0, 0.0, 84.780, 78.340, 146, 147, 9.5, 9.9, 98.4, 98.4, 9.5, 9.9, 171.5, 172.5, 997.8, 998.3, 181.600, 391.500, 752.48, 0.0597, 7.8742, 89.700, 0.0, 1438.772, NODATA, NODATA, NODATA, NODATA, 108.400,2024/04/12 17:33:00,2024-04-12 17:33:00+00:00
2024/04/12, 17:34:00, 41.524, -70.672, -0.23, 25.530,, 0.010, 12.0, 12.1, 996.0, 996.0, 0.0, 0.0, 84.780, 78.340, 137, 134, 11.1, 10.4, 98.4, 98.7, 11.1, 10.4, 162.5, 159.5, 998.1, 998.1, 196.510, 388.300, 797.03, 0.0598, 7.8818, 90.900, 0.0, 1438.804, NODATA, NODATA, NODATA, NODATA, 18.400,2024/04/12 17:34:00,2024-04-12 17:34:00+00:00
2024/04/12, 17:35:00, 41.524, -70.672, -0.11, 25.390,, 0.020, 12.1, 12.2, 996.2, 996.0, 0.0, 0.0, 84.780, 78.340, 155, 143, 11.1, 9.8, 98.7, 98.7, 11.1, 9.8, 180.4, 168.4, 998.3, 998.1, 196.850, 386.040, 811.90, 0.0597, 7.8893, 89.400, 0.0, 1438.835, NODATA, NODATA, NODATA, NODATA, 125.500,2024/04/12 17:35:00,2024-04-12 17:35:00+00:00
2024/04/12, 17:36:00, 41.524, -70.672, -0.04, 25.550,, 0.030, 12.1, 12.1, 996.2, 995.6, 0.0, 0.0, 84.780, 78.340, 143, 144, 11.0, 11.0, 98.0, 97.9, 11.0, 11.0, 168.5, 169.5, 998.3, 997.7, 235.040, 384.310, 941.73, 0.0598, 7.8948, 89.700, 0.0, 1438.858, NODATA, NODATA, NODATA, NODATA, 324.500,2024/04/12 17:36:00,2024-04-12 17:36:00+00:00
2024/04/12, 17:37:00, 41.524, -70.672, -0.15, 25.540,, 0.010, 12.1, 12.1, 995.9, 995.9, 0.0, 0.0, 84.780, 78.340, 145, 143, 10.9, 8.6, 98.0, 97.8, 10.9, 8.6, 170.6, 168.6, 998.0, 998.0, 254.730, 384.210, 1004.68, 0.0597, 7.9007, 89.700, 0.0, 1438.882, NODATA, NODATA, NODATA, NODATA, 143.100,2024/04/12 17:37:00,2024-04-12 17:37:00+00:00
2024/04/12, 17:38:00, 41.524, -70.672, -0.04, 25.530,, 0.000, 12.1, 12.1, 996.0, 996.2, 0.0, 0.0, 84.780, 78.340, 136, 141, 10.4, 10.0, 98.4, 98.5, 10.4, 10.0, 161.5, 166.5, 998.1, 998.3, 286.140, 386.530, 1090.72, 0.0597, 7.9038, 89.400, 0.0, 1438.895, NODATA, NODATA, NODATA, NODATA, 225.000,2024/04/12 17:38:00,2024-04-12 17:38:00+00:00
2024/04/12, 17:39:00, 41.524, -70.672, -0.04, 25.530,, 0.030, 12.0, 12.1, 996.2, 996.2, 0.0, 0.0, 84.780, 78.340, 145, 143, 8.9, 9.4, 97.7, 97.6, 8.9, 9.4, 170.6, 168.6, 998.3, 998.3, 336.750, 382.130, 1241.73, 0.0597, 7.9102, 90.000, 0.0, 1438.922, NODATA, NODATA, NODATA, NODATA, 144.000,2024/04/12 17:39:00,2024-04-12 17:39:00+00:00
2024/04/12, 17:40:00, 41.524, -70.672, -0.05, 25.570,, 0.020, 12.0, 12.0, 996.0, 995.9, 0.0, 0.0, 84.780, 78.340, 146, 145, 12.8, 11.6, 97.5, 97.4, 12.8, 11.6, 171.5, 170.5, 998.1, 998.0, 347.290, 382.990, 1273.44, 0.0597, 7.9165, 89.700, 0.0, 1438.948, NODATA, NODATA, NODATA, NODATA, 275.700,2024/04/12 17:40:00,2024-04-12 17:40:00+00:00
2024/04/12, 17:41:00, 41.524, -70.672, -0.07, 25.460,, 0.020, 12.0, 12.0, 996.2, 996.1, 0.0, 0.0, 84.780, 78.340, 148, 146, 12.2, 13.0, 97.9, 97.9, 12.2, 13.0, 173.4, 171.4, 998.3, 998.2, 315.940, 383.080, 1131.60, 0.0597, 7.9233, 90.600, 0.0, 1438.977, NODATA, NODATA, NODATA, NODATA, 290.600,2024/04/12 17:41:00,2024-04-12 17:41:00+00:00
2024/04/12, 17:42:00, 41.524, -70.672, 0.07, 25.560,, 0.010, 12.0, 12.0, 995.9, 995.9, 0.0, 0.0, 84.780, 78.340, 140, 144, 12.3, 11.9, 97.8, 97.6, 12.3, 11.9, 165.5, 169.5, 998.0, 998.0, 305.370, 383.730, 1139.32, 0.0597, 7.9305, 89.700, 0.0, 1439.007, NODATA, NODATA, NODATA, NODATA, 303.700,2024/04/12 17:42:00,2024-04-12 17:42:00+00:00
2024/04/12, 17:43:00, 41.524, -70.672, 0.00, 25.480,, 0.020, 11.9, 11.9, 996.0, 996.2, 0.0, 0.0, 84.780, 78.340, 145, 148, 11.0, 11.8, 97.8, 97.7, 11.0, 11.8, 170.4, 173.4, 998.1, 998.3, 319.660, 381.950, 1135.70, 0.0597, 7.9358, 89.700, 0.0, 1439.029, NODATA, NODATA, NODATA, NODATA, 270.000,2024/04/12 17:43:00,2024-04-12 17:43:00+00:00
2024/04/12, 17:44:00, 41.524, -70.672, 0.00, 25.580,, 0.040, 11.8, 11.9, 996.0, 996.1, 0.0, 0.0, 84.780, 78.340, 133, 137, 11.1, 10.1, 98.0, 97.9, 11.1, 10.1, 158.7, 162.7, 998.1, 998.2, 331.430, 378.750, 1164.45, 0.0596, 7.9374, 90.000, 0.0, 1439.036, NODATA, NODATA, NODATA, NODATA, 77.200,2024/04/12 17:44:00,2024-04-12 17:44:00+00:00
2024/04/12, 17:45:00, 41.524, -70.672, 0.02, 25.590,, 0.000, 11.9, 11.9, 996.3, 996.3, 0.0, 0.0, 84.780, 78.340, 147, 144, 11.9, 11.3, 98.4, 98.5, 11.9, 11.3, 172.6, 169.6, 998.4, 998.4, 311.840, 379.150, 1150.03, 0.0596, 7.9416, 89.400, 0.0, 1439.053, NODATA, NODATA, NODATA, NODATA, 90.000,2024/04/12 17:45:00,2024-04-12 17:45:00+00:00
2024/04/12, 17:46:00, 41.524, -70.672, -0.01, 25.500,, 0.020, 11.8, 11.9, 996.2, 996.3, 0.0, 0.0, 84.780, 78.340, 143, 143, 12.6, 10.6, 98.0, 98.1, 12.6, 10.6, 168.5, 168.5, 998.3, 998.4, 263.180, 382.950, 1039.02, 0.0596, 7.9449, 89.700, 0.0, 1439.067, NODATA, NODATA, NODATA, NODATA, 121.000,2024/04/12 17:46:00,2024-04-12 17:46:00+00:00
2024/04/12, 17:47:00, 41.524, -70.672, -0.02, 25.390,, 0.020, 11.8, 11.9, 996.3, 996.3, 0.0, 0.0, 84.780, 78.340, 139, 138, 10.0, 9.0, 98.1, 98.1, 10.0, 9.0, 164.4, 163.4, 998.4, 998.4, 282.770, 382.300, 1064.32, 0.0596, 7.9438, 90.300, 0.0, 1439.062, NODATA, NODATA, NODATA, NODATA, 111.800,2024/04/12 17:47:00,2024-04-12 17:47:00+00:00
2024/04/12, 17:48:00, 41.524, -70.672, -0.03, 25.480,, 0.010, 11.9, 11.9, 996.2, 996.3, 0.0, 0.0, 84.780, 78.340, 147, 137, 12.7, 11.9, 98.9, 99.0, 12.7, 11.9, 172.5, 162.5, 998.3, 998.4, 291.060, 381.480, 1055.49, 0.0595, 7.9433, 89.400, 0.0, 1439.060, NODATA, NODATA, NODATA, NODATA, 239.000,2024/04/12 17:48:00,2024-04-12 17:48:00+00:00
2024/04/12, 17:49:00, 41.524, -70.672, 0.26, 25.480,, 0.020, 12.0, 12.0, 996.2, 996.1, 0.0, 0.0, 84.780, 78.340, 139, 138, 11.8, 11.6, 98.8, 98.7, 11.8, 11.6, 164.5, 163.5, 998.3, 998.2, 252.690, 385.380, 911.24, 0.0595, 7.9451, 91.200, 0.0, 1439.068, NODATA, NODATA, NODATA, NODATA, 135.000,2024/04/12 17:49:00,2024-04-12 17:49:00+00:00
2024/04/12, 17:50:00, 41.524, -70.672, 0.11, 25.570,, 0.010, 12.0, 12.0, 996.2, 996.2, 0.0, 0.0, 84.780, 78.340, 140, 140, 15.6, 15.7, 98.6, 98.6, 15.6, 15.7, 165.6, 165.6, 998.3, 998.3, 224.000, 389.110, 832.09, 0.0596, 7.9464, 90.000, 0.0, 1439.073, NODATA, NODATA, NODATA, NODATA, 63.400,2024/04/12 17:50:00,2024-04-12 17:50:00+00:00
2024/04/12, 17:51:00, 41.524, -70.672, 0.14, 25.490,, 0.010, 12.3, 12.3, 996.0, 995.9, 0.0, 0.0, 84.780, 78.340, 145, 139, 11.4, 11.4, 100.0, 100.0, 11.4, 11.4, 170.5, 164.5, 998.1, 998.0, 203.750, 384.270, 782.35, 0.0595, 7.9491, 90.000, 0.0, 1439.084, NODATA, NODATA, NODATA, NODATA, 225.000,2024/04/12 17:51:00,2024-04-12 17:51:00+00:00
2024/04/12, 17:52:00, 41.524, -70.672, -0.08, 25.590,, 0.010, 12.3, 12.3, 995.8, 995.9, 0.0, 0.0, 84.780, 78.340, 143, 142, 12.5, 10.8, 98.1, 98.2, 12.5, 10.8, 168.6, 167.6, 997.9, 998.0, 162.340, 383.210, 685.12, 0.0596, 7.9512, 89.400, 0.0, 1439.093, NODATA, NODATA, NODATA, NODATA, 284.000,2024/04/12 17:52:00,2024-04-12 17:52:00+00:00
2024/04/12, 17:53:00, 41.524, -70.672, 0.02, 25.450,, 0.030, 12.3, 12.3, 995.8, 995.8, 0.0, 0.0, 84.780, 78.340, 147, 150, 11.9, 12.1, 97.5, 97.4, 11.9, 12.1, 172.5, 175.5, 997.9, 997.9, 158.710, 380.080, 711.49, 0.0595, 7.9529, 90.000, 0.0, 1439.100, NODATA, NODATA, NODATA, NODATA, 122.700,2024/04/12 17:53:00,2024-04-12 17:53:00+00:00
2024/04/12, 17:54:00, 41.524, -70.672, 0.06, 25.490,, 0.020, 12.3, 12.3, 995.6, 995.9, 0.0, 0.0, 84.780, 78.340, 141, 133, 11.5, 10.5, 97.2, 97.2, 11.5, 10.5, 166.5, 158.5, 997.7, 998.0, 148.760, 379.560, 707.49, 0.0595, 7.9505, 90.600, 0.0, 1439.090, NODATA, NODATA, NODATA, NODATA, 111.800,2024/04/12 17:54:00,2024-04-12 17:54:00+00:00
2024/04/12, 17:55:00, 41.524, -70.672, 0.03, 25.500,, 0.030, 12.4, 12.4, 995.8, 995.8, 0.0, 0.0, 84.780, 78.340, 138, 139, 10.7, 11.3, 98.3, 98.2, 10.7, 11.3, 163.4, 164.4, 997.9, 997.9, 141.830, 379.610, 691.54, 0.0594, 7.9469, 89.700, 0.0, 1439.075, NODATA, NODATA, NODATA, NODATA, 239.700,2024/04/12 17:55:00,2024-04-12 17:55:00+00:00
2024/04/12, 17:56:00, 41.524, -70.672, 0.03, 25.440,, 0.020, 12.4, 12.5, 995.5, 995.9, 0.0, 0.0, 84.780, 78.340, 143, 142, 9.4, 11.0, 97.8, 98.0, 9.4, 11.0, 168.5, 167.5, 997.6, 998.0, 138.270, 378.470, 663.11, 0.0594, 7.9390, 89.700, 0.0, 1439.042, NODATA, NODATA, NODATA, NODATA, 122.000,2024/04/12 17:56:00,2024-04-12 17:56:00+00:00
2024/04/12, 17:57:00, 41.524, -70.672, 0.08, 25.700,, 0.040, 12.4, 12.4, 995.6, 995.8, 0.3, 0.1, 84.790, 78.340, 139, 143, 10.6, 10.4, 96.6, 96.6, 10.6, 10.4, 164.6, 168.6, 997.7, 997.9, 127.630, 381.430, 599.65, 0.0594, 7.9322, 89.700, 0.0, 1439.014, NODATA, NODATA, NODATA, NODATA, 289.300,2024/04/12 17:57:00,2024-04-12 17:57:00+00:00
2024/04/12, 17:58:00, 41.524, -70.672, 0.02, 25.570,, 0.000, 12.4, 12.5, 995.6, 995.5, 0.9, 0.3, 84.800, 78.350, 150, 142, 8.4, 8.3, 96.8, 96.6, 8.4, 8.3, 175.6, 167.6, 997.7, 997.6, 118.950, 381.630, 549.72, 0.0594, 7.9262, 90.000, 0.0, 1438.989, NODATA, NODATA, NODATA, NODATA, 270.000,2024/04/12 17:58:00,2024-04-12 17:58:00+00:00
2024/04/12, 17:59:00, 41.524, -70.672, -0.07, 25.480,, 0.040, 12.4, 12.5, 995.9, 996.0, 0.4, 0.2, 84.810, 78.350, 139, 148, 9.7, 7.6, 96.5, 96.9, 9.7, 7.6, 164.6, 173.6, 998.0, 998.1, 96.220, 384.150, 458.27, 0.0593, 7.9193, 89.700, 0.0, 1438.960, NODATA, NODATA, NODATA, NODATA, 117.800,2024/04/12 17:59:00,2024-04-12 17:59:00+00:00
2024/04/12, 18:00:00, 41.524, -70.672, 0.03, NAN,, 0.040, 12.3, 12.4, 996.0, 995.9, 0.4, 0.4, 84.820, 78.360, 145, 135, 12.2, 9.7, 95.9, 95.8, NAN, NAN, NAN, NAN, 998.1, 998.0, 95.870, 381.580, 461.83, 0.0594, 7.9150, 89.700, 0.0, 1438.942, NODATA, NODATA, NODATA, NODATA, 270.000,2024/04/12 18:00:00,2024-04-12 18:00:00+00:00
2024/04/12, 18:01:00, 41.524, -70.672, -0.04, 25.500,, 0.010, 12.3, 12.4, 995.7, 995.5, 0.4, 0.4, 84.830, 78.360, 146, 146, 11.4, 11.6, 97.2, 97.1, 11.4, 11.6, 171.5, 171.5, 997.8, 997.6, 86.150, 383.030, 414.12, 0.0594, 7.9106, 90.000, 0.0, 1438.923, NODATA, NODATA, NODATA, NODATA, 206.600,2024/04/12 18:01:00,2024-04-12 18:01:00+00:00
2024/04/12, 18:02:00, 41.524, -70.672, -0.05, 25.630,, 0.020, 12.4, 12.4, 995.7, 995.9, 0.0, 0.0, 84.830, 78.360, 150, 142, 10.3, 8.4, 97.9, 97.9, 10.3, 8.4, 175.7, 167.7, 997.8, 998.0, 90.870, 380.750, 423.30, 0.0593, 7.9036, 89.700, 0.0, 1438.894, NODATA, NODATA, NODATA, NODATA, 79.700,2024/04/12 18:02:00,2024-04-12 18:02:00+00:00
2024/04/12, 18:03:00, 41.524, -70.672, -0.24, 25.480,, 0.010, 12.3, 12.4, 995.8, 995.8, 0.0, 0.0, 84.830, 78.360, 141, 145, 9.7, 7.6, 97.6, 97.4, 9.7, 7.6, 166.5, 170.5, 997.9, 997.9, 97.410, 383.020, 439.46, 0.0593, 7.9006, 89.400, 0.0, 1438.881, NODATA, NODATA, NODATA, NODATA, 146.300,2024/04/12 18:03:00,2024-04-12 18:03:00+00:00
2024/04/12, 18:04:00, 41.524, -70.672, -0.20, 25.460,, 0.010, 12.4, 12.5, 995.7, 995.9, 0.0, 0.0, 84.830, 78.360, 137, 135, 12.7, 10.0, 98.9, 99.0, 12.7, 10.0, 162.4, 160.4, 997.8, 998.0, 103.360, 387.930, 464.48, 0.0593, 7.9013, 90.900, 0.0, 1438.884, NODATA, NODATA, NODATA, NODATA, 306.900,2024/04/12 18:04:00,2024-04-12 18:04:00+00:00
2024/04/12, 18:05:00, 41.524, -70.672, -0.08, 25.560,, 0.020, 12.6, 12.6, 995.5, 995.2, 0.0, 0.0, 84.830, 78.360, 137, 135, 10.8, 11.1, 99.9, 100.0, 10.8, 11.1, 162.6, 160.6, 997.6, 997.3, 123.370, 386.200, 543.38, 0.0592, 7.9025, 90.000, 0.0, 1438.889, NODATA, NODATA, NODATA, NODATA, 158.200,2024/04/12 18:05:00,2024-04-12 18:05:00+00:00
2024/04/12, 18:06:00, 41.524, -70.672, -0.02, 25.520,, 0.030, 12.7, 12.7, 995.5, 995.4, 0.0, 0.0, 84.830, 78.360, 133, 131, 11.6, 11.8, 98.6, 98.4, 11.6, 11.8, 158.6, 156.6, 997.6, 997.5, 158.110, 383.860, 669.31, 0.0593, 7.9040, 89.700, 0.0, 1438.896, NODATA, NODATA, NODATA, NODATA, 69.400,2024/04/12 18:06:00,2024-04-12 18:06:00+00:00
2024/04/12, 18:07:00, 41.524, -70.672, -0.05, 25.580,, 0.030, 12.7, 12.7, 995.5, 995.4, 0.0, 0.0, 84.830, 78.360, 133, 137, 11.4, 9.7, 97.8, 97.7, 11.4, 9.7, 158.5, 162.5, 997.6, 997.5, 179.110, 383.330, 720.88, 0.0593, 7.9061, 89.400, 0.0, 1438.904, NODATA, NODATA, NODATA, NODATA, 306.000,2024/04/12 18:07:00,2024-04-12 18:07:00+00:00
2024/04/12, 18:08:00, 41.524, -70.672, -0.07, 25.510,, 0.020, 12.7, 12.7, 995.4, 995.5, 0.0, 0.1, 84.830, 78.370, 132, 134, 13.9, 11.5, 96.7, 96.6, 13.9, 11.5, 157.5, 159.6, 997.5, 997.6, 157.980, 390.010, 652.53, 0.0592, 7.9099, 89.700, 0.0, 1438.920, NODATA, NODATA, NODATA, NODATA, 96.300,2024/04/12 18:08:00,2024-04-12 18:08:00+00:00
2024/04/12, 18:09:00, 41.524, -70.672, -0.09, 25.620,, 0.030, 12.7, 12.7, 995.4, 995.3, 0.8, 0.7, 84.840, 78.380, 141, 144, 11.6, 10.7, 98.0, 98.2, 11.6, 10.7, 166.5, 169.5, 997.5, 997.4, 154.750, 388.510, 640.68, 0.0592, 7.9131, 89.400, 0.0, 1438.934, NODATA, NODATA, NODATA, NODATA, 260.000,2024/04/12 18:09:00,2024-04-12 18:09:00+00:00
2024/04/12, 18:10:00, 41.524, -70.672, -0.13, 25.490,, 0.040, 12.7, 12.7, 995.2, 995.4, 0.2, 0.3, 84.850, 78.380, 133, 128, 8.3, 6.0, 97.4, 97.4, 8.3, 6.0, 158.5, 153.6, 997.3, 997.5, 152.730, 387.240, 638.53, 0.0591, 7.9167, 89.400, 0.0, 1438.948, NODATA, NODATA, NODATA, NODATA, 135.000,2024/04/12 18:10:00,2024-04-12 18:10:00+00:00
2024/04/12, 18:11:00, 41.524, -70.672, 0.06, 25.480,, 0.010, 12.6, 12.6, 995.2, 995.3, 0.6, 0.2, 84.860, 78.390, 148, 140, 10.4, 9.4, 97.1, 97.1, 10.4, 9.4, 173.5, 165.5, 997.3, 997.4, 185.670, 385.220, 758.22, 0.0593, 7.9179, 89.700, 0.0, 1438.954, NODATA, NODATA, NODATA, NODATA, 225.000,2024/04/12 18:11:00,2024-04-12 18:11:00+00:00
2024/04/12, 18:12:00, 41.524, -70.672, -0.08, 25.520,, 0.020, 12.6, 12.6, 995.4, 995.6, 0.0, 0.1, 84.860, 78.390, 145, 140, 14.8, 11.4, 97.6, 97.5, 14.8, 11.4, 170.6, 165.6, 997.5, 997.7, 283.900, 385.640, 1048.30, 0.0592, 7.9203, 89.700, 0.0, 1438.964, NODATA, NODATA, NODATA, NODATA, 118.600,2024/04/12 18:12:00,2024-04-12 18:12:00+00:00
2024/04/12, 18:13:00, 41.524, -70.672, -0.13, 25.490,, 0.020, 12.6, 12.6, 995.3, 995.5, 0.0, 0.0, 84.860, 78.390, 139, 140, 9.0, 9.7, 98.3, 98.2, 9.0, 9.7, 164.4, 165.4, 997.4, 997.6, 270.170, 387.130, 1013.58, 0.0592, 7.9233, 89.400, 0.0, 1438.976, NODATA, NODATA, NODATA, NODATA, 212.000,2024/04/12 18:13:00,2024-04-12 18:13:00+00:00
2024/04/12, 18:14:00, 41.524, -70.672, -0.06, 25.520,, 0.020, 12.6, 12.6, 995.6, 995.9, 0.0, 0.0, 84.860, 78.390, 140, 139, 14.5, 14.2, 98.4, 98.4, 14.5, 14.2, 165.6, 164.6, 997.7, 998.0, 269.260, 384.730, 1025.89, 0.0592, 7.9257, 89.400, 0.0, 1438.986, NODATA, NODATA, NODATA, NODATA, 111.800,2024/04/12 18:14:00,2024-04-12 18:14:00+00:00
2024/04/12, 18:15:00, 41.524, -70.672, -0.03, 25.680,, 0.020, 12.7, 12.7, 995.8, 995.4, 0.1, 0.0, 84.860, 78.390, 144, 143, 12.1, 12.4, 99.2, 99.1, 12.1, 12.4, 169.7, 168.7, 997.9, 997.5, 237.110, 388.820, 947.31, 0.0592, 7.9263, 89.700, 0.0, 1438.989, NODATA, NODATA, NODATA, NODATA, 353.700,2024/04/12 18:15:00,2024-04-12 18:15:00+00:00
2024/04/12, 18:16:00, 41.524, -70.672, -0.02, 25.490,, 0.040, 12.7, 12.7, 996.0, 995.9, 3.3, 3.0, 84.910, 78.440, 147, 149, 14.5, 14.7, 98.4, 98.2, 14.5, 14.7, 172.5, 174.5, 998.1, 998.0, 268.360, 385.970, 1074.42, 0.0592, 7.9279, 89.700, 0.0, 1438.995, NODATA, NODATA, NODATA, NODATA, 130.900,2024/04/12 18:16:00,2024-04-12 18:16:00+00:00
2024/04/12, 18:17:00, 41.524, -70.672, 0.11, 25.490,, 0.010, 12.8, 12.8, 995.6, 995.8, 0.1, 0.1, 84.920, 78.440, 150, 146, 12.0, 12.3, 98.9, 99.3, 12.0, 12.3, 175.5, 171.5, 997.7, 997.9, 291.600, 382.320, 1135.60, 0.0592, 7.9295, 89.700, 0.0, 1439.002, NODATA, NODATA, NODATA, NODATA, 53.100,2024/04/12 18:17:00,2024-04-12 18:17:00+00:00
2024/04/12, 18:18:00, 41.524, -70.672, -0.08, 25.570,, 0.020, 12.7, 12.7, 995.8, 995.6, 0.0, 0.0, 84.920, 78.450, 144, 142, 10.8, 11.1, 96.7, 96.8, 10.8, 11.1, 169.6, 167.6, 997.9, 997.7, 286.490, 389.500, 1109.90, 0.0592, 7.9305, 89.700, 0.0, 1439.006, NODATA, NODATA, NODATA, NODATA, 153.400,2024/04/12 18:18:00,2024-04-12 18:18:00+00:00
2024/04/12, 18:19:00, 41.524, -70.672, 0.04, 25.590,, 0.010, 12.6, 12.6, 995.8, 995.8, 0.0, 0.0, 84.920, 78.450, 150, 157, 11.9, 11.7, 96.5, 96.2, 11.9, 11.7, 175.6, 182.6, 997.9, 997.9, 327.190, 389.030, 1234.76, 0.0591, 7.9316, 90.000, 0.0, 1439.011, NODATA, NODATA, NODATA, NODATA, 128.700,2024/04/12 18:19:00,2024-04-12 18:19:00+00:00
2024/04/12, 18:20:00, 41.524, -70.672, 0.08, 25.620,, 0.020, 12.6, 12.6, 995.6, 995.8, 0.0, 0.0, 84.920, 78.450, 146, 132, 11.8, 10.1, 98.2, 98.3, 11.8, 10.1, 171.7, 157.7, 997.7, 997.9, 302.970, 390.550, 1150.13, 0.0591, 7.9331, 90.300, 0.0, 1439.017, NODATA, NODATA, NODATA, NODATA, 97.100,2024/04/12 18:20:00,2024-04-12 18:20:00+00:00
2024/04/12, 18:21:00, 41.524, -70.672, -0.04, 25.640,, 0.020, 12.5, 12.6, 995.8, 995.6, 0.0, 0.0, 84.920, 78.450, 137, 125, 11.3, 8.6, 97.0, 97.2, 11.3, 8.6, 162.6, 150.6, 997.9, 997.7, 411.560, 392.120, 1480.09, 0.0591, 7.9348, 89.700, 0.0, 1439.024, NODATA, NODATA, NODATA, NODATA, 288.400,2024/04/12 18:21:00,2024-04-12 18:21:00+00:00
2024/04/12, 18:22:00, 41.524, -70.672, 0.11, 25.570,, 0.020, 12.6, 12.6, 995.5, 995.7, 0.0, 0.0, 84.920, 78.450, 137, 136, 9.9, 9.7, 98.3, 98.4, 9.9, 9.7, 162.5, 161.5, 997.6, 997.8, 315.770, 391.840, 1192.55, 0.0591, 7.9378, 89.700, 0.0, 1439.037, NODATA, NODATA, NODATA, NODATA, 253.300,2024/04/12 18:22:00,2024-04-12 18:22:00+00:00
2024/04/12, 18:23:00, 41.524, -70.672, -0.04, 25.730,, 0.010, 12.6, 12.6, 995.6, 995.4, 0.1, 0.1, 84.920, 78.450, 134, 133, 13.9, 12.8, 97.1, 97.2, 13.9, 12.8, 159.7, 158.8, 997.7, 997.5, 353.340, 391.480, 1262.86, 0.0591, 7.9397, 90.600, 0.0, 1439.045, NODATA, NODATA, NODATA, NODATA, 90.000,2024/04/12 18:23:00,2024-04-12 18:23:00+00:00
2024/04/12, 18:24:00, 41.524, -70.672, 0.12, 25.630,, 0.020, 12.7, 12.7, 995.2, 995.6, 0.0, 0.1, 84.920, 78.450, 149, 144, 13.4, 11.7, 98.8, 98.9, 13.4, 11.7, 174.6, 169.6, 997.3, 997.7, 390.580, 386.390, 1402.35, 0.0591, 7.9429, 90.000, 0.0, 1439.058, NODATA, NODATA, NODATA, NODATA, 12.500,2024/04/12 18:24:00,2024-04-12 18:24:00+00:00
2024/04/12, 18:25:00, 41.524, -70.672, -0.20, 25.550,, 0.010, 12.7, 12.7, 995.4, 995.6, 0.0, 0.0, 84.920, 78.450, 138, 138, 11.4, 9.8, 97.6, 97.6, 11.4, 9.8, 163.5, 163.5, 997.5, 997.7, 268.410, 389.450, 1029.82, 0.0591, 7.9432, 89.700, 0.0, 1439.059, NODATA, NODATA, NODATA, NODATA, 203.200,2024/04/12 18:25:00,2024-04-12 18:25:00+00:00
2024/04/12, 18:26:00, 41.524, -70.672, -0.04, 25.590,, 0.010, 12.6, 12.6, 995.8, 995.6, 0.0, 0.0, 84.920, 78.450, 133, 146, 9.0, 9.0, 97.0, 97.2, 9.0, 9.0, 158.6, 171.6, 997.9, 997.7, 208.100, 391.860, 826.25, 0.0591, 7.9410, 89.700, 0.0, 1439.050, NODATA, NODATA, NODATA, NODATA, 140.200,2024/04/12 18:26:00,2024-04-12 18:26:00+00:00
2024/04/12, 18:27:00, 41.524, -70.672, -0.09, 25.660,, 0.020, 12.5, 12.6, 995.8, 995.9, 0.3, 0.0, 84.920, 78.450, 146, 149, 13.2, 13.9, 97.3, 97.0, 13.2, 13.9, 171.7, 174.7, 997.9, 998.0, 180.900, 392.580, 729.45, 0.0591, 7.9374, 89.100, 0.0, 1439.035, NODATA, NODATA, NODATA, NODATA, 40.600,2024/04/12 18:27:00,2024-04-12 18:27:00+00:00
2024/04/12, 18:28:00, 41.524, -70.672, 0.09, 25.550,, 0.030, 12.4, 12.5, 995.8, 995.8, 0.0, 0.0, 84.920, 78.450, 154, 147, 10.6, 12.6, 96.6, 96.9, 10.6, 12.6, 179.5, 172.5, 997.9, 997.9, 243.920, 393.340, 924.64, 0.0590, 7.9328, 89.400, 0.0, 1439.016, NODATA, NODATA, NODATA, NODATA, 262.400,2024/04/12 18:28:00,2024-04-12 18:28:00+00:00
2024/04/12, 18:29:00, 41.524, -70.672, -0.01, 25.600,, 0.040, 12.2, 12.3, 995.8, 995.6, 0.0, 0.0, 84.920, 78.450, 152, 154, 13.5, 13.7, 96.4, 96.3, 13.5, 13.7, 177.7, 179.7, 997.9, 997.7, 352.650, 394.410, 1235.61, 0.0590, 7.9302, 91.200, 0.0, 1439.005, NODATA, NODATA, NODATA, NODATA, 127.400,2024/04/12 18:29:00,2024-04-12 18:29:00+00:00
2024/04/12, 18:30:00, 41.524, -70.672, 0.02, 25.500,, 0.020, 12.3, 12.4, 995.7, 996.0, 0.0, 0.0, 84.920, 78.450, 140, 141, 13.9, 12.3, 98.8, 98.9, 13.9, 12.3, 165.5, 166.5, 997.8, 998.1, 290.870, 395.080, 1099.25, 0.0590, 7.9280, 89.100, 0.0, 1438.996, NODATA, NODATA, NODATA, NODATA, 299.700,2024/04/12 18:30:00,2024-04-12 18:30:00+00:00
2024/04/12, 18:31:00, 41.524, -70.672, 0.07, 25.510,, 0.010, 12.4, 12.4, 995.6, 995.6, 0.0, 0.0, 84.920, 78.450, 148, 144, 15.7, 13.1, 99.0, 99.0, 15.7, 13.1, 173.5, 169.5, 997.7, 997.7, 313.450, 395.620, 1180.43, 0.0590, 7.9266, 89.700, 0.0, 1438.990, NODATA, NODATA, NODATA, NODATA, 66.800,2024/04/12 18:31:00,2024-04-12 18:31:00+00:00
2024/04/12, 18:32:00, 41.524, -70.672, -0.01, 25.520,, 0.020, 12.6, 12.6, 995.7, 995.7, 0.0, 0.0, 84.920, 78.450, 139, 139, 11.8, 9.9, 99.8, 99.8, 11.8, 9.9, 164.5, 164.5, 997.8, 997.8, 346.340, 395.700, 1313.75, 0.0589, 7.9277, 89.700, 0.0, 1438.994, NODATA, NODATA, NODATA, NODATA, 146.300,2024/04/12 18:32:00,2024-04-12 18:32:00+00:00
2024/04/12, 18:33:00, 41.524, -70.672, -0.10, 25.590,, 0.020, 12.6, 12.6, 995.8, 995.8, 0.0, 0.0, 84.920, 78.450, 143, 148, 13.7, 14.2, 98.4, 98.3, 13.7, 14.2, 168.6, 173.6, 997.9, 997.9, 389.380, 387.930, 1516.45, 0.0590, 7.9330, 90.000, 0.0, 1439.016, NODATA, NODATA, NODATA, NODATA, 94.400,2024/04/12 18:33:00,2024-04-12 18:33:00+00:00
2024/04/12, 18:34:00, 41.524, -70.672, -0.14, 25.600,, 0.030, 12.6, 12.6, 995.3, 995.3, 0.0, 0.0, 84.920, 78.450, 134, 139, 13.2, 14.8, 97.3, 97.2, 13.2, 14.8, 159.6, 164.6, 997.4, 997.4, 221.880, 395.120, 876.71, 0.0589, 7.9349, 89.400, 0.0, 1439.024, NODATA, NODATA, NODATA, NODATA, 132.000,2024/04/12 18:34:00,2024-04-12 18:34:00+00:00
2024/04/12, 18:35:00, 41.524, -70.672, 0.15, 25.640,, 0.030, 12.6, 12.6, 995.5, 995.7, 0.0, 0.0, 84.920, 78.450, 142, 146, 11.0, 13.0, 98.4, 98.4, 11.0, 13.0, 167.6, 171.6, 997.6, 997.8, 298.500, 393.690, 1143.07, 0.0590, 7.9316, 89.400, 0.0, 1439.011, NODATA, NODATA, NODATA, NODATA, 276.300,2024/04/12 18:35:00,2024-04-12 18:35:00+00:00
2024/04/12, 18:36:00, 41.524, -70.672, -0.02, 25.440,, 0.020, 12.6, 12.6, 995.4, 995.7, 0.0, 0.0, 84.920, 78.450, 146, 144, 15.5, 17.0, 97.5, 97.5, 15.5, 17.0, 171.5, 169.5, 997.5, 997.8, 406.980, 392.620, 1439.10, 0.0589, 7.9289, 89.400, 0.0, 1438.999, NODATA, NODATA, NODATA, NODATA, 118.600,2024/04/12 18:36:00,2024-04-12 18:36:00+00:00
2024/04/12, 18:37:00, 41.524, -70.672, 0.04, 25.590,, 0.010, 12.6, 12.7, 995.5, 995.5, 0.0, 0.0, 84.920, 78.450, 142, 144, 12.3, 12.8, 98.6, 98.6, 12.3, 12.8, 167.6, 169.6, 997.6, 997.6, 451.140, 390.180, 1583.03, 0.0589, 7.9276, 89.700, 0.0, 1438.994, NODATA, NODATA, NODATA, NODATA, 180.000,2024/04/12 18:37:00,2024-04-12 18:37:00+00:00
2024/04/12, 18:38:00, 41.524, -70.672, -0.22, 25.460,, 0.020, 12.6, 12.6, 995.6, 995.6, 0.0, 0.0, 84.920, 78.450, 151, 149, 15.0, 15.3, 98.5, 97.0, 15.0, 15.3, 176.5, 174.5, 997.7, 997.7, 382.370, 390.180, 1403.17, 0.0588, 7.9263, 90.000, 0.0, 1438.988, NODATA, NODATA, NODATA, NODATA, 66.000,2024/04/12 18:38:00,2024-04-12 18:38:00+00:00
2024/04/12, 18:39:00, 41.524, -70.672, -0.06, 25.520,, 0.020, 12.5, 12.5, 995.5, 995.6, 0.0, 0.0, 84.920, 78.450, 146, 145, 14.3, 13.3, 96.8, 96.8, 14.3, 13.3, 171.5, 170.5, 997.6, 997.7, 517.710, 385.440, 2016.29, 0.0589, 7.9270, 89.700, 0.0, 1438.991, NODATA, NODATA, NODATA, NODATA, 206.600,2024/04/12 18:39:00,2024-04-12 18:39:00+00:00
2024/04/12, 18:40:00, 41.524, -70.672, 0.04, 25.610,, 0.020, 12.4, 12.4, 995.4, 995.6, 0.0, 0.0, 84.920, 78.450, 145, 144, 11.5, 12.0, 96.9, 96.8, 11.5, 12.0, 170.7, 169.7, 997.5, 997.7, 453.150, 382.680, 1629.19, 0.0588, 7.9268, 90.000, 0.0, 1438.990, NODATA, NODATA, NODATA, NODATA, 110.600,2024/04/12 18:40:00,2024-04-12 18:40:00+00:00
2024/04/12, 18:41:00, 41.524, -70.672, -0.08, 25.500,, 0.020, 12.4, 12.4, 995.6, 995.6, 0.0, 0.0, 84.920, 78.450, 149, 146, 13.1, 11.9, 97.7, 97.6, 13.1, 11.9, 174.5, 171.5, 997.7, 997.7, 546.150, 385.350, 1879.35, 0.0588, 7.9313, 89.700, 0.0, 1439.009, NODATA, NODATA, NODATA, NODATA, 90.000,2024/04/12 18:41:00,2024-04-12 18:41:00+00:00
2024/04/12, 18:42:00, 41.524, -70.672, -0.07, 25.590,, 0.010, 12.4, 12.5, 995.4, 995.1, 0.0, 0.0, 84.930, 78.450, 153, 156, 11.9, 12.3, 97.5, 97.6, 11.9, 12.3, 178.6, 181.6, 997.5, 997.2, 407.360, 385.480, 1459.60, 0.0588, 7.9371, 89.400, 0.0, 1439.033, NODATA, NODATA, NODATA, NODATA, 170.500,2024/04/12 18:42:00,2024-04-12 18:42:00+00:00
2024/04/12, 18:43:00, 41.524, -70.672, -0.17, 25.480,, 0.020, 12.5, 12.5, 995.5, 995.6, 0.0, 0.0, 84.930, 78.450, 153, 152, 15.0, 14.4, 97.7, 97.9, 15.0, 14.4, 178.5, 177.5, 997.6, 997.7, 329.750, 381.130, 1216.15, 0.0588, 7.9389, 90.600, 0.0, 1439.041, NODATA, NODATA, NODATA, NODATA, 32.000,2024/04/12 18:43:00,2024-04-12 18:43:00+00:00
2024/04/12, 18:44:00, 41.524, -70.672, -0.10, 25.590,, 0.020, 12.4, 12.4, 995.5, 995.5, 0.0, 0.0, 84.930, 78.450, 150, 147, 11.4, 11.5, 96.6, 96.4, 11.4, 11.5, 175.6, 172.6, 997.6, 997.6, 286.630, 389.780, 1167.98, 0.0588, 7.9373, 90.900, 0.0, 1439.034, NODATA, NODATA, NODATA, NODATA, 305.000,2024/04/12 18:44:00,2024-04-12 18:44:00+00:00
2024/04/12, 18:45:00, 41.524, -70.672, -0.01, 25.610,, 0.020, 12.5, 12.5, 995.3, 995.5, 0.0, 0.0, 84.930, 78.450, 140, 139, 13.7, 13.6, 97.7, 97.9, 13.7, 13.6, 165.6, 164.6, 997.4, 997.6, 463.110, 385.720, 1649.12, 0.0587, 7.9341, 90.000, 0.0, 1439.021, NODATA, NODATA, NODATA, NODATA, 139.400,2024/04/12 18:45:00,2024-04-12 18:45:00+00:00
2024/04/12, 18:46:00, 41.524, -70.672, -0.01, 25.390,, 0.000, 12.5, 12.5, 995.5, 995.5, 0.0, 0.0, 84.930, 78.450, 148, 151, 15.9, 16.1, 97.3, 97.4, 15.9, 16.1, 173.4, 176.4, 997.6, 997.6, 470.920, 378.330, 1703.33, 0.0587, 7.9331, 89.100, 0.0, 1439.016, NODATA, NODATA, NODATA, NODATA, 90.000,2024/04/12 18:46:00,2024-04-12 18:46:00+00:00
2024/04/12, 18:47:00, 41.524, -70.672, -0.05, 25.640,, 0.020, 12.5, 12.6, 995.1, 995.4, 0.0, 0.0, 84.930, 78.450, 140, 138, 10.4, 9.5, 97.0, 97.0, 10.4, 9.5, 165.6, 163.6, 997.2, 997.5, 531.360, 381.640, 1959.25, 0.0587, 7.9317, 90.900, 0.0, 1439.011, NODATA, NODATA, NODATA, NODATA, 256.000,2024/04/12 18:47:00,2024-04-12 18:47:00+00:00
2024/04/12, 18:48:00, 41.524, -70.672, 0.10, 25.470,, 0.010, 12.5, 12.6, 995.4, 995.7, 0.0, 0.0, 84.930, 78.450, 150, 151, 10.2, 11.6, 96.0, 96.2, 10.2, 11.6, 175.5, 176.5, 997.5, 997.8, 842.390, 380.500, 2377.10, 0.0587, 7.9324, 90.900, 0.0, 1439.014, NODATA, NODATA, NODATA, NODATA, 315.000,2024/04/12 18:48:00,2024-04-12 18:48:00+00:00
2024/04/12, 18:49:00, 41.524, -70.672, -0.22, 25.680,, 0.010, 12.6, 12.6, 994.9, 995.5, 0.0, 0.1, 84.930, 78.450, 142, 144, 13.6, 14.1, 96.5, 96.5, 13.6, 14.1, 167.7, 169.7, 997.0, 997.6, 426.390, 381.370, 1539.49, 0.0587, 7.9365, 90.000, 0.0, 1439.031, NODATA, NODATA, NODATA, NODATA, 33.700,2024/04/12 18:49:00,2024-04-12 18:49:00+00:00
2024/04/12, 18:50:00, 41.524, -70.672, -0.02, 25.550,, 0.020, 12.5, 12.5, 995.7, 995.5, 0.0, 0.0, 84.930, 78.450, 147, 148, 10.2, 12.6, 95.7, 95.8, 10.2, 12.6, 172.5, 173.5, 997.8, 997.6, 448.250, 378.110, 1590.90, 0.0587, 7.9414, 90.300, 0.0, 1439.051, NODATA, NODATA, NODATA, NODATA, 270.000,2024/04/12 18:50:00,2024-04-12 18:50:00+00:00
2024/04/12, 18:51:00, 41.524, -70.672, -0.03, 25.680,, 0.020, 12.3, 12.4, 995.5, 995.5, 0.0, 0.0, 84.930, 78.450, 143, 147, 9.4, 11.9, 94.8, 94.6, 9.4, 11.9, 168.7, 172.7, 997.6, 997.6, 438.460, 389.190, 1516.94, 0.0587, 7.9479, 89.700, 0.0, 1439.078, NODATA, NODATA, NODATA, NODATA, 341.600,2024/04/12 18:51:00,2024-04-12 18:51:00+00:00
2024/04/12, 18:52:00, 41.524, -70.672, -0.08, 25.520,, 0.000, 12.4, 12.4, 995.8, 995.4, 0.0, 0.0, 84.930, 78.450, 153, 147, 12.1, 13.0, 97.2, 97.4, 12.1, 13.0, 178.5, 172.5, 997.9, 997.5, 450.320, 384.860, 1535.88, 0.0587, 7.9533, 90.600, 0.0, 1439.101, NODATA, NODATA, NODATA, NODATA, 153.400,2024/04/12 18:52:00,2024-04-12 18:52:00+00:00
2024/04/12, 18:53:00, 41.524, -70.672, -0.15, 25.560,, 0.030, 12.4, 12.4, 995.6, 995.6, 0.0, 0.0, 84.930, 78.450, 141, 140, 10.2, 11.0, 97.0, 95.7, 10.2, 11.0, 166.5, 165.5, 997.7, 997.7, 418.930, 389.830, 1466.74, 0.0586, 7.9562, 90.000, 0.0, 1439.113, NODATA, NODATA, NODATA, NODATA, 300.300,2024/04/12 18:53:00,2024-04-12 18:53:00+00:00
2024/04/12, 18:54:00, 41.524, -70.672, -0.04, 25.660,, 0.020, 12.3, 12.3, 995.5, 995.1, 0.0, 0.0, 84.930, 78.450, 150, 150, 12.9, 12.0, 96.7, 96.6, 12.9, 12.0, 175.6, 175.6, 997.6, 997.2, 359.420, 391.020, 1301.01, 0.0586, 7.9607, 89.700, 0.0, 1439.132, NODATA, NODATA, NODATA, NODATA, 259.700,2024/04/12 18:54:00,2024-04-12 18:54:00+00:00
2024/04/12, 18:55:00, 41.524, -70.672, -0.18, 25.500,, 0.010, 12.3, 12.4, 995.5, 995.6, 0.0, 0.0, 84.930, 78.450, 142, 148, 13.4, 13.5, 96.7, 96.6, 13.4, 13.5, 167.5, 173.5, 997.6, 997.7, 347.940, 390.520, 1242.59, 0.0586, 7.9668, 90.000, 0.0, 1439.157, NODATA, NODATA, NODATA, NODATA, 38.700,2024/04/12 18:55:00,2024-04-12 18:55:00+00:00
2024/04/12, 18:56:00, 41.524, -70.672, -0.01, 25.530,, 0.030, 12.4, 12.4, 995.7, 995.6, 0.0, 0.0, 84.930, 78.450, 152, 151, 12.7, 13.0, 96.5, 96.6, 12.7, 13.0, 177.6, 176.6, 997.8, 997.7, 310.090, 390.490, 1100.42, 0.0586, 7.9731, 89.700, 0.0, 1439.183, NODATA, NODATA, NODATA, NODATA, 103.000,2024/04/12 18:56:00,2024-04-12 18:56:00+00:00
2024/04/12, 18:57:00, 41.524, -70.672, 0.02, 25.390,, 0.020, 12.4, 12.4, 995.7, 995.5, 0.0, 0.0, 84.930, 78.450, 155, 155, 12.5, 15.2, 96.6, 96.8, 12.5, 15.2, 180.4, 180.4, 997.8, 997.6, 261.960, 393.210, 978.22, 0.0586, 7.9802, 88.800, 0.0, 1439.213, NODATA, NODATA, NODATA, NODATA, 186.300,2024/04/12 18:57:00,2024-04-12 18:57:00+00:00
2024/04/12, 18:58:00, 41.524, -70.672, 0.04, 25.550,, 0.030, 12.5, 12.5, 995.6, 995.7, 0.0, 0.0, 84.930, 78.450, 152, 155, 16.3, 15.6, 97.2, 97.4, 16.3, 15.6, 177.5, 180.5, 997.7, 997.8, 218.340, 393.140, 868.76, 0.0586, 7.9855, 89.400, 0.0, 1439.235, NODATA, NODATA, NODATA, NODATA, 227.700,2024/04/12 18:58:00,2024-04-12 18:58:00+00:00
2024/04/12, 18:59:00, 41.524, -70.672, -0.06, 25.570,, 0.010, 12.5, 12.5, 995.5, 995.6, 0.0, 0.0, 84.930, 78.450, 146, 145, 13.0, 12.9, 96.1, 95.9, 13.0, 12.9, 171.6, 170.6, 997.6, 997.7, 254.840, 393.040, 1033.78, 0.0586, 7.9901, 91.200, 0.0, 1439.254, NODATA, NODATA, NODATA, NODATA, 8.100,2024/04/12 18:59:00,2024-04-12 18:59:00+00:00
2024/04/12, 19:00:00, 41.524, -70.672, -0.08, 25.500,, 0.010, 12.5, 12.5, 995.9, 995.5, 0.0, 0.0, 84.930, 78.450, 146, 151, 11.7, 11.2, 96.1, 96.1, 11.7, 11.2, 171.5, 176.5, 998.0, 997.6, 501.000, 391.610, 1706.42, 0.0586, 7.9948, 89.700, 0.0, 1439.274, NODATA, NODATA, NODATA, NODATA, 315.000,2024/04/12 19:00:00,2024-04-12 19:00:00+00:00
2024/04/12, 19:01:00, 41.524, -70.672, -0.06, 25.510,, 0.010, 12.4, 12.4, 995.5, 995.8, 0.0, 0.0, 84.930, 78.450, 147, 144, 13.9, 13.4, 95.0, 95.0, 13.9, 13.4, 172.5, 169.5, 997.6, 997.9, 481.150, 386.260, 1596.41, 0.0586, 8.0004, 90.000, 0.0, 1439.297, NODATA, NODATA, NODATA, NODATA, 225.000,2024/04/12 19:01:00,2024-04-12 19:01:00+00:00
2024/04/12, 19:02:00, 41.524, -70.672, 0.00, 25.410,, 0.010, 12.3, 12.4, 995.5, 995.3, 0.0, 0.0, 84.930, 78.450, 151, 152, 10.4, 12.6, 95.2, 95.3, 10.4, 12.6, 176.4, 177.4, 997.6, 997.4, 358.610, 380.040, 1315.52, 0.0585, 8.0085, 89.400, 0.0, 1439.331, NODATA, NODATA, NODATA, NODATA, 270.000,2024/04/12 19:02:00,2024-04-12 19:02:00+00:00
2024/04/12, 19:03:00, 41.524, -70.672, 0.00, 25.590,, 0.040, 12.4, 12.4, 995.4, 995.8, 0.0, 0.0, 84.930, 78.450, 148, 153, 14.2, 13.4, 96.6, 96.8, 14.2, 13.4, 173.5, 178.5, 997.5, 997.9, 324.190, 376.990, 1216.40, 0.0586, 8.0131, 89.700, 0.0, 1439.350, NODATA, NODATA, NODATA, NODATA, 319.100,2024/04/12 19:03:00,2024-04-12 19:03:00+00:00
2024/04/12, 19:04:00, 41.524, -70.672, 0.03, 25.550,, 0.030, 12.5, 12.4, 995.6, 995.5, 0.0, 0.0, 84.930, 78.450, 148, 146, 13.4, 12.4, 96.8, 97.1, 13.4, 12.4, 173.6, 171.6, 997.7, 997.6, 331.360, 378.070, 1137.99, 0.0585, 8.0147, 89.400, 0.0, 1439.357, NODATA, NODATA, NODATA, NODATA, 96.300,2024/04/12 19:04:00,2024-04-12 19:04:00+00:00
2024/04/12, 19:05:00, 41.524, -70.672, 0.03, 25.470,, 0.020, 12.6, 12.6, 995.5, 995.4, 0.0, 0.0, 84.930, 78.450, 151, 149, 11.9, 12.7, 95.8, 96.0, 11.9, 12.7, 176.4, 174.4, 997.6, 997.5, 270.020, 380.140, 933.53, 0.0585, 8.0129, 90.300, 0.0, 1439.349, NODATA, NODATA, NODATA, NODATA, 211.000,2024/04/12 19:05:00,2024-04-12 19:05:00+00:00
2024/04/12, 19:06:00, 41.524, -70.672, 0.02, 25.500,, 0.030, 12.5, 12.6, 995.4, 995.3, 0.0, 0.0, 84.930, 78.450, 145, 134, 12.5, 9.3, 94.3, 94.2, 12.5, 9.3, 170.5, 159.5, 997.5, 997.4, 158.090, 393.100, 603.88, 0.0585, 8.0084, 90.600, 0.0, 1439.330, NODATA, NODATA, NODATA, NODATA, 138.000,2024/04/12 19:06:00,2024-04-12 19:06:00+00:00
2024/04/12, 19:07:00, 41.524, -70.672, -0.02, 25.480,, 0.020, 12.6, 12.6, 995.1, 995.5, 0.0, 0.0, 84.930, 78.450, 148, 146, 10.3, 9.5, 96.1, 96.2, 10.3, 9.5, 173.5, 171.5, 997.2, 997.6, 123.220, 394.080, 493.38, 0.0585, 7.9990, 90.000, 0.0, 1439.291, NODATA, NODATA, NODATA, NODATA, 77.500,2024/04/12 19:07:00,2024-04-12 19:07:00+00:00
2024/04/12, 19:08:00, 41.524, -70.672, 0.07, 25.590,, 0.000, 12.7, 12.7, 995.4, 995.5, 0.0, 0.0, 84.930, 78.450, 143, 143, 13.7, 13.7, 94.7, 94.8, 13.7, 13.7, 168.6, 168.6, 997.5, 997.6, 89.110, 394.410, 369.12, 0.0585, 7.9905, 90.000, 0.0, 1439.256, NODATA, NODATA, NODATA, NODATA, 270.000,2024/04/12 19:08:00,2024-04-12 19:08:00+00:00
2024/04/12, 19:09:00, 41.524, -70.672, 0.14, 25.460,, 0.010, 12.7, 12.7, 995.6, 995.4, 0.0, 0.0, 84.930, 78.450, 147, 149, 12.8, 12.6, 94.4, 95.0, 12.8, 12.6, 172.4, 174.4, 997.7, 997.5, 101.650, 395.110, 408.99, 0.0584, 7.9890, 90.300, 0.0, 1439.249, NODATA, NODATA, NODATA, NODATA, 251.600,2024/04/12 19:09:00,2024-04-12 19:09:00+00:00
2024/04/12, 19:10:00, 41.524, -70.672, 0.04, 25.460,, 0.010, 12.7, 12.7, 995.8, 995.6, 0.0, 0.0, 84.930, 78.450, 148, 150, 15.0, 14.4, 94.9, 95.0, 15.0, 14.4, 173.4, 175.4, 997.9, 997.7, 89.060, 394.930, 380.29, 0.0584, 7.9866, 89.400, 0.0, 1439.239, NODATA, NODATA, NODATA, NODATA, 225.000,2024/04/12 19:10:00,2024-04-12 19:10:00+00:00
2024/04/12, 19:11:00, 41.524, -70.672, -0.03, 25.440,, 0.020, 12.7, 12.7, 995.5, 995.2, 0.0, 0.0, 84.930, 78.450, 157, 155, 13.7, 15.2, 94.9, 94.7, 13.7, 15.2, 182.4, 180.4, 997.6, 997.3, 116.200, 394.470, 469.99, 0.0584, 7.9832, 90.000, 0.0, 1439.225, NODATA, NODATA, NODATA, NODATA, 225.000,2024/04/12 19:11:00,2024-04-12 19:11:00+00:00
2024/04/12, 19:12:00, 41.524, -70.672, 0.00, 25.480,, 0.010, 12.7, 12.7, 995.6, 995.5, 0.0, 0.0, 84.930, 78.450, 156, 152, 11.3, 13.4, 94.1, 94.0, 11.3, 13.4, 181.5, 177.5, 997.7, 997.6, 206.730, 394.180, 715.82, 0.0584, 7.9815, 90.000, 0.0, 1439.218, NODATA, NODATA, NODATA, NODATA, 293.200,2024/04/12 19:12:00,2024-04-12 19:12:00+00:00
2024/04/12, 19:13:00, 41.524, -70.672, 0.15, 25.560,, 0.010, 12.6, 12.6, 995.7, 995.5, 0.0, 0.0, 84.930, 78.450, 153, 152, 13.9, 14.7, 93.5, 93.6, 13.9, 14.7, 178.5, 177.5, 997.8, 997.6, 208.450, 394.980, 773.05, 0.0584, 7.9861, 90.900, 0.0, 1439.237, NODATA, NODATA, NODATA, NODATA, 288.400,2024/04/12 19:13:00,2024-04-12 19:13:00+00:00
2024/04/12, 19:14:00, 41.524, -70.672, 0.04, 25.490,, 0.010, 12.6, 12.6, 995.6, 995.6, 0.0, 0.0, 84.930, 78.450, 147, 148, 12.1, 13.1, 94.4, 94.7, 12.1, 13.1, 172.5, 173.5, 997.7, 997.7, 187.320, 394.590, 686.22, 0.0584, 7.9912, 89.700, 0.0, 1439.259, NODATA, NODATA, NODATA, NODATA, 99.500,2024/04/12 19:14:00,2024-04-12 19:14:00+00:00
2024/04/12, 19:15:00, 41.524, -70.672, 0.07, 25.510,, 0.010, 12.6, 12.7, 995.9, 995.5, 0.0, 0.0, 84.930, 78.450, 140, 146, 9.6, 9.9, 94.5, 94.6, 9.6, 9.9, 165.5, 171.5, 998.0, 997.6, 156.010, 393.180, 618.77, 0.0584, 7.9935, 88.800, 0.0, 1439.268, NODATA, NODATA, NODATA, NODATA, 315.000,2024/04/12 19:15:00,2024-04-12 19:15:00+00:00
2024/04/12, 19:16:00, 41.524, -70.672, 0.15, 25.460,, 0.000, 12.6, 12.7, 995.9, 995.8, 1.7, 0.0, 84.960, 78.450, 159, 159, 8.7, 12.6, 94.0, 94.2, 8.7, 12.6, 184.5, 184.5, 998.0, 997.9, 274.700, 393.430, 952.16, 0.0583, 7.9956, 89.700, 0.0, 1439.277, NODATA, NODATA, NODATA, NODATA, 63.400,2024/04/12 19:16:00,2024-04-12 19:16:00+00:00
2024/04/12, 19:17:00, 41.524, -70.672, 0.16, 25.500,, 0.010, 12.5, 12.5, 995.6, 995.6, 0.0, 0.0, 84.960, 78.450, 152, 152, 12.6, 13.2, 92.8, 92.6, 12.6, 13.2, 177.5, 177.5, 997.7, 997.7, 233.920, 393.250, 867.03, 0.0583, 7.9998, 90.000, 0.0, 1439.294, NODATA, NODATA, NODATA, NODATA, 108.400,2024/04/12 19:17:00,2024-04-12 19:17:00+00:00
2024/04/12, 19:18:00, 41.524, -70.672, 0.14, 25.470,, 0.010, 12.4, 12.5, 995.8, 995.8, 0.0, 0.0, 84.960, 78.450, 156, 156, 13.8, 16.4, 93.8, 93.9, 13.8, 16.4, 181.5, 181.5, 997.9, 997.9, 107.200, 392.810, 453.69, 0.0583, 8.0055, 89.700, 0.0, 1439.318, NODATA, NODATA, NODATA, NODATA, 63.400,2024/04/12 19:18:00,2024-04-12 19:18:00+00:00
2024/04/12, 19:19:00, 41.524, -70.672, 0.06, 25.550,, 0.000, 12.5, 12.5, 995.8, 995.6, 0.0, 0.0, 84.960, 78.450, 153, 154, 13.2, 9.6, 95.7, 94.1, 13.2, 9.6, 178.6, 179.6, 997.9, 997.7, 169.960, 390.390, 600.89, 0.0583, 8.0061, 90.000, 0.0, 1439.321, NODATA, NODATA, NODATA, NODATA, 296.600,2024/04/12 19:19:00,2024-04-12 19:19:00+00:00
2024/04/12, 19:20:00, 41.524, -70.672, 0.18, 25.480,, 0.000, 12.3, 12.5, 995.8, 995.7, 0.0, 0.0, 84.960, 78.450, 157, 154, 14.0, 14.5, 92.6, 95.3, 14.0, 14.5, 182.5, 179.5, 997.9, 997.8, 142.730, 392.890, 530.47, 0.0582, 8.0010, 90.000, 0.0, 1439.299, NODATA, NODATA, NODATA, NODATA, 243.400,2024/04/12 19:20:00,2024-04-12 19:20:00+00:00
2024/04/12, 19:21:00, 41.524, -70.672, 0.00, 25.540,, 0.000, 12.2, 12.2, 995.9, 995.5, 0.0, 0.0, 84.960, 78.450, 154, 152, 14.3, 15.7, 94.4, 94.3, 14.3, 15.7, 179.5, 177.5, 998.0, 997.6, 80.200, 393.540, 363.94, 0.0583, 7.9996, 90.000, 0.0, 1439.293, NODATA, NODATA, NODATA, NODATA, 206.600,2024/04/12 19:21:00,2024-04-12 19:21:00+00:00
2024/04/12, 19:22:00, 41.524, -70.672, 0.20, 25.540,, 0.010, 12.4, 12.4, 995.9, 995.3, 0.0, 0.0, 84.960, 78.450, 147, 144, 18.9, 17.4, 97.0, 97.4, 18.9, 17.4, 172.5, 169.5, 998.0, 997.4, 179.140, 390.170, 643.37, 0.0582, 7.9985, 89.700, 0.0, 1439.289, NODATA, NODATA, NODATA, NODATA, 293.200,2024/04/12 19:22:00,2024-04-12 19:22:00+00:00
2024/04/12, 19:23:00, 41.524, -70.672, 0.14, 25.500,, 0.010, 12.5, 12.5, 995.7, 995.6, 0.0, 0.0, 84.960, 78.450, 151, 152, 14.1, 14.4, 94.4, 94.5, 14.1, 14.4, 176.5, 177.5, 997.8, 997.7, 201.690, 388.220, 773.50, 0.0582, 7.9964, 89.400, 0.0, 1439.280, NODATA, NODATA, NODATA, NODATA, 90.000,2024/04/12 19:23:00,2024-04-12 19:23:00+00:00
2024/04/12, 19:24:00, 41.524, -70.672, 0.16, 25.440,, 0.030, 12.4, 12.4, 995.6, 995.6, 0.0, 0.0, 84.960, 78.450, 144, 145, 11.6, 10.8, 93.4, 93.5, 11.6, 10.8, 169.4, 170.4, 997.7, 997.7, 181.690, 391.020, 764.29, 0.0582, 7.9936, 89.400, 0.0, 1439.268, NODATA, NODATA, NODATA, NODATA, 238.400,2024/04/12 19:24:00,2024-04-12 19:24:00+00:00
2024/04/12, 19:25:00, 41.524, -70.672, 0.15, 25.500,, 0.020, 12.4, 12.4, 995.8, 995.6, 0.0, 0.0, 84.960, 78.450, 150, 151, 14.3, 13.2, 94.7, 94.8, 14.3, 13.2, 175.5, 176.5, 997.9, 997.7, 274.490, 389.150, 1089.25, 0.0582, 7.9980, 89.700, 0.0, 1439.287, NODATA, NODATA, NODATA, NODATA, 307.900,2024/04/12 19:25:00,2024-04-12 19:25:00+00:00
2024/04/12, 19:26:00, 41.524, -70.672, 0.23, 25.500,, 0.040, 12.3, 12.4, 995.8, 995.6, 0.0, 0.0, 84.960, 78.450, 149, 149, 12.4, 13.1, 93.6, 93.4, 12.4, 13.1, 174.6, 174.6, 997.9, 997.7, 705.550, 386.320, 2219.09, 0.0582, 8.0021, 89.700, 0.0, 1439.304, NODATA, NODATA, NODATA, NODATA, 102.500,2024/04/12 19:26:00,2024-04-12 19:26:00+00:00
2024/04/12, 19:27:00, 41.524, -70.672, 0.16, 25.380,, 0.000, 12.2, 12.3, 995.7, 995.8, 0.0, 0.0, 84.960, 78.450, 151, 148, 12.0, 11.2, 93.2, 93.4, 12.0, 11.2, 176.4, 173.4, 997.8, 997.9, 544.440, 386.130, 1873.63, 0.0581, 8.0088, 89.400, 0.0, 1439.332, NODATA, NODATA, NODATA, NODATA, 90.000,2024/04/12 19:27:00,2024-04-12 19:27:00+00:00
2024/04/12, 19:28:00, 41.524, -70.672, 0.06, 25.500,, 0.040, 12.1, 12.2, 995.6, 995.9, 1.3, 0.0, 84.980, 78.450, 141, 142, 13.4, 10.6, 94.3, 93.1, 13.4, 10.6, 166.4, 167.4, 997.7, 998.0, 366.110, 383.810, 1301.53, 0.0581, 8.0133, 90.000, 0.0, 1439.350, NODATA, NODATA, NODATA, NODATA, 289.300,2024/04/12 19:28:00,2024-04-12 19:28:00+00:00
2024/04/12, 19:29:00, 41.524, -70.672, 0.10, 25.470,, 0.040, 12.2, 12.2, 995.6, 995.6, 0.0, 0.0, 84.980, 78.450, 147, 148, 11.3, 10.9, 95.8, 95.8, 11.3, 10.9, 172.6, 173.6, 997.7, 997.7, 355.050, 372.110, 1248.26, 0.0580, 8.0191, 89.400, 0.0, 1439.374, NODATA, NODATA, NODATA, NODATA, 116.600,2024/04/12 19:29:00,2024-04-12 19:29:00+00:00
2024/04/12, 19:30:00, 41.524, -70.672, 0.30, 25.450,, 0.020, 12.2, 12.3, 995.6, 995.9, 0.0, 0.0, 84.980, 78.450, 151, 148, 12.0, 13.2, 94.3, 94.4, 12.0, 13.2, 176.5, 173.5, 997.7, 998.0, 292.950, 375.340, 1066.31, 0.0581, 8.0187, 89.400, 0.0, 1439.373, NODATA, NODATA, NODATA, NODATA, 172.900,2024/04/12 19:30:00,2024-04-12 19:30:00+00:00
2024/04/12, 19:31:00, 41.524, -70.672, 0.21, 25.680,, 0.070, 12.1, 12.2, 995.5, 995.4, 0.0, 0.0, 84.980, 78.450, 144, 141, 11.7, 9.5, 93.8, 93.9, 11.7, 9.5, 169.5, 166.5, 997.6, 997.5, 317.270, 386.580, 1161.79, 0.0581, 8.0088, 89.400, 0.0, 1439.332, NODATA, NODATA, NODATA, NODATA, 291.500,2024/04/12 19:31:00,2024-04-12 19:31:00+00:00
2024/04/12, 19:32:00, 41.524, -70.672, 0.30, 25.390,, 0.030, 12.2, 12.2, 994.9, 995.6, 0.0, 0.0, 84.980, 78.450, 152, 155, 10.4, 13.0, 95.2, 95.2, 10.4, 13.0, 177.5, 180.4, 997.0, 997.7, 615.540, 380.330, 2300.03, 0.0580, 7.9982, 89.400, 0.0, 1439.287, NODATA, NODATA, NODATA, NODATA, 123.700,2024/04/12 19:32:00,2024-04-12 19:32:00+00:00
2024/04/12, 19:33:00, 41.524, -70.672, -0.01, 25.390,, 0.020, 12.3, 12.3, 995.6, 995.6, 0.0, 0.0, 84.980, 78.450, 151, 155, 11.5, 12.2, 94.5, 94.7, 11.5, 12.2, 176.4, 180.4, 997.7, 997.7, 372.820, 372.770, 1269.86, 0.0580, 7.9986, 89.100, 0.0, 1439.289, NODATA, NODATA, NODATA, NODATA, 192.500,2024/04/12 19:33:00,2024-04-12 19:33:00+00:00
2024/04/12, 19:34:00, 41.524, -70.672, 0.14, 25.520,, 0.020, 12.2, 12.3, 995.8, 995.6, 0.0, 0.0, 84.980, 78.450, 159, 157, 11.9, 12.7, 93.5, 93.6, 11.9, 12.7, 184.5, 182.5, 997.9, 997.7, 273.710, 366.480, 985.06, 0.0580, 8.0001, 89.400, 0.0, 1439.295, NODATA, NODATA, NODATA, NODATA, 301.000,2024/04/12 19:34:00,2024-04-12 19:34:00+00:00
2024/04/12, 19:35:00, 41.524, -70.672, 0.06, 25.410,, 0.010, 12.1, 12.1, 995.5, 995.5, 0.0, 0.0, 84.980, 78.450, 150, 150, 13.2, 12.9, 92.7, 92.6, 13.2, 12.9, 175.4, 175.4, 997.6, 997.6, 210.060, 377.690, 845.96, 0.0580, 8.0046, 89.400, 0.0, 1439.314, NODATA, NODATA, NODATA, NODATA, 198.400,2024/04/12 19:35:00,2024-04-12 19:35:00+00:00
2024/04/12, 19:36:00, 41.524, -70.672, 0.02, 25.610,, 0.030, 12.1, 12.1, 995.4, 995.6, 0.0, 0.0, 84.980, 78.450, 151, 145, 13.2, 10.9, 95.3, 95.5, 13.2, 10.9, 176.7, 170.7, 997.5, 997.7, 272.220, 381.630, 1002.83, 0.0580, 8.0079, 89.400, 0.0, 1439.328, NODATA, NODATA, NODATA, NODATA, 55.300,2024/04/12 19:36:00,2024-04-12 19:36:00+00:00
2024/04/12, 19:37:00, 41.524, -70.672, 0.09, 25.480,, 0.030, 12.2, 12.2, 995.4, 995.2, 0.0, 0.0, 84.980, 78.450, 155, 151, 10.8, 13.5, 95.9, 95.9, 10.8, 13.5, 180.4, 176.4, 997.5, 997.3, 292.610, 380.790, 1053.59, 0.0580, 8.0086, 89.400, 0.0, 1439.331, NODATA, NODATA, NODATA, NODATA, 280.600,2024/04/12 19:37:00,2024-04-12 19:37:00+00:00
2024/04/12, 19:38:00, 41.524, -70.672, 0.07, 25.440,, 0.030, 12.3, 12.4, 995.5, 995.6, 0.0, 0.0, 84.980, 78.450, 156, 157, 11.7, 11.2, 94.8, 94.8, 11.7, 11.2, 181.5, 182.5, 997.6, 997.7, 295.150, 381.250, 1047.44, 0.0580, 8.0082, 89.700, 0.0, 1439.329, NODATA, NODATA, NODATA, NODATA, 122.700,2024/04/12 19:38:00,2024-04-12 19:38:00+00:00
2024/04/12, 19:39:00, 41.524, -70.672, 0.06, 25.450,, 0.020, 12.3, 12.3, 995.6, 995.5, 0.0, 0.0, 84.980, 78.450, 154, 156, 11.4, 11.6, 93.2, 93.1, 11.4, 11.6, 179.4, 181.5, 997.7, 997.6, 310.830, 381.780, 1091.25, 0.0580, 8.0063, 88.800, 0.0, 1439.321, NODATA, NODATA, NODATA, NODATA, 180.000,2024/04/12 19:39:00,2024-04-12 19:39:00+00:00
2024/04/12, 19:40:00, 41.524, -70.672, 0.08, 25.550,, 0.010, 12.2, 12.2, 995.6, 995.4, 0.0, 0.0, 84.980, 78.450, 155, 151, 13.5, 12.4, 92.9, 92.9, 13.5, 12.4, 180.6, 176.6, 997.7, 997.5, 286.230, 385.010, 1026.09, 0.0579, 8.0070, 89.400, 0.0, 1439.324, NODATA, NODATA, NODATA, NODATA, 143.100,2024/04/12 19:40:00,2024-04-12 19:40:00+00:00
2024/04/12, 19:41:00, 41.524, -70.672, 0.12, 25.490,, 0.030, 12.1, 12.2, 995.6, 995.6, 0.0, 0.0, 84.980, 78.450, 154, 159, 9.9, 11.6, 94.3, 92.7, 9.9, 11.6, 179.4, 184.4, 997.7, 997.7, 295.510, 383.190, 1037.16, 0.0580, 8.0063, 89.100, 0.0, 1439.321, NODATA, NODATA, NODATA, NODATA, 329.000,2024/04/12 19:41:00,2024-04-12 19:41:00+00:00
2024/04/12, 19:42:00, 41.524, -70.672, 0.14, 25.420,, 0.020, 12.1, 12.2, 995.2, 995.6, 0.0, 0.0, 84.980, 78.450, 155, 153, 13.8, 14.0, 93.7, 94.5, 13.8, 14.0, 180.5, 178.5, 997.3, 997.7, 283.680, 383.540, 997.92, 0.0579, 8.0039, 90.600, 0.0, 1439.311, NODATA, NODATA, NODATA, NODATA, 121.000,2024/04/12 19:42:00,2024-04-12 19:42:00+00:00
2024/04/12, 19:43:00, 41.524, -70.672, 0.05, 25.410,, 0.010, 12.1, 12.1, 995.5, 995.4, 0.0, 0.0, 84.980, 78.450, 159, 158, 10.4, 13.1, 94.5, 94.8, 10.4, 13.1, 184.4, 183.4, 997.6, 997.5, 281.370, 383.860, 1009.71, 0.0580, 8.0011, 89.400, 0.0, 1439.299, NODATA, NODATA, NODATA, NODATA, 51.300,2024/04/12 19:43:00,2024-04-12 19:43:00+00:00
2024/04/12, 19:44:00, 41.524, -70.672, 0.17, 25.390,, 0.010, 12.2, 12.2, 995.5, 995.8, 0.0, 0.0, 84.980, 78.450, 148, 150, 11.0, 10.8, 93.6, 93.6, 11.0, 10.8, 173.4, 175.4, 997.6, 997.9, 297.750, 383.560, 1060.73, 0.0579, 7.9979, 89.700, 0.0, 1439.286, NODATA, NODATA, NODATA, NODATA, 194.000,2024/04/12 19:44:00,2024-04-12 19:44:00+00:00
2024/04/12, 19:45:00, 41.524, -70.672, 0.17, 25.490,, 0.010, 12.0, 12.1, 995.5, 995.3, 0.0, 0.0, 84.980, 78.450, 165, 158, 9.9, 13.6, 93.0, 92.9, 9.9, 13.6, 190.5, 183.5, 997.6, 997.4, 337.060, 380.570, 1173.68, 0.0579, 7.9971, 90.300, 0.0, 1439.282, NODATA, NODATA, NODATA, NODATA, 341.600,2024/04/12 19:45:00,2024-04-12 19:45:00+00:00
2024/04/12, 19:46:00, 41.524, -70.672, 0.22, 25.400,, 0.010, 12.0, 12.0, 995.2, 995.3, 0.0, 0.0, 84.980, 78.450, 170, 160, 8.0, 12.9, 94.2, 94.3, 8.0, 12.9, 195.4, 185.4, 997.3, 997.4, 306.100, 385.480, 1075.99, 0.0578, 7.9989, 88.800, 0.0, 1439.290, NODATA, NODATA, NODATA, NODATA, 239.000,2024/04/12 19:46:00,2024-04-12 19:46:00+00:00
2024/04/12, 19:47:00, 41.524, -70.672, 0.17, 25.440,, 0.010, 12.1, 12.1, 995.3, 995.3, 0.0, 0.0, 84.980, 78.450, 153, 152, 13.2, 12.6, 95.1, 95.4, 13.2, 12.6, 178.4, 177.4, 997.4, 997.4, 299.110, 373.370, 1030.66, 0.0578, 8.0030, 89.400, 0.0, 1439.307, NODATA, NODATA, NODATA, NODATA, 0.000,2024/04/12 19:47:00,2024-04-12 19:47:00+00:00
2024/04/12, 19:48:00, 41.524, -70.672, 0.17, 25.320,, 0.000, 12.1, 12.2, 995.5, 995.4, 0.0, 0.0, 84.980, 78.450, 158, 156, 12.9, 13.2, 94.3, 94.4, 12.9, 13.2, 183.3, 181.3, 997.6, 997.5, 240.780, 382.460, 890.10, 0.0578, 8.0102, 89.100, 0.0, 1439.337, NODATA, NODATA, NODATA, NODATA, 270.000,2024/04/12 19:48:00,2024-04-12 19:48:00+00:00
2024/04/12, 19:49:00, 41.524, -70.672, 0.16, 25.450,, 0.030, 12.2, 12.2, 995.5, 995.5, 0.0, 0.0, 84.980, 78.450, 154, 153, 10.3, 11.4, 94.0, 94.0, 10.3, 11.4, 179.5, 178.5, 997.6, 997.6, 276.470, 387.070, 1016.31, 0.0578, 8.0205, 89.100, 0.0, 1439.380, NODATA, NODATA, NODATA, NODATA, 72.900,2024/04/12 19:49:00,2024-04-12 19:49:00+00:00
2024/04/12, 19:50:00, 41.524, -70.672, 0.11, 25.470,, 0.030, 12.2, 12.2, 995.1, 995.4, 0.0, 0.0, 84.980, 78.450, 166, 155, 9.1, 12.1, 93.9, 94.1, 9.1, 12.1, 191.5, 180.5, 997.2, 997.5, 219.740, 386.840, 868.88, 0.0577, 8.0331, 89.700, 0.0, 1439.432, NODATA, NODATA, NODATA, NODATA, 140.700,2024/04/12 19:50:00,2024-04-12 19:50:00+00:00
2024/04/12, 19:51:00, 41.524, -70.672, 0.06, 25.400,, 0.020, 12.2, 12.2, 995.4, 995.4, 0.0, 0.0, 84.980, 78.450, 157, 154, 10.2, 11.8, 94.6, 94.9, 10.2, 11.8, 182.4, 179.4, 997.5, 997.5, 224.540, 383.850, 865.01, 0.0578, 8.0434, 90.000, 0.0, 1439.475, NODATA, NODATA, NODATA, NODATA, 339.400,2024/04/12 19:51:00,2024-04-12 19:51:00+00:00
2024/04/12, 19:52:00, 41.524, -70.672, 0.20, 25.410,, 0.020, 12.3, 12.3, 995.5, 995.5, 0.0, 0.0, 84.980, 78.450, 155, 155, 11.3, 13.5, 94.3, 94.4, 11.3, 13.5, 180.5, 180.5, 997.6, 997.6, 300.860, 381.190, 1049.60, 0.0577, 8.0547, 90.300, 0.0, 1439.522, NODATA, NODATA, NODATA, NODATA, 78.700,2024/04/12 19:52:00,2024-04-12 19:52:00+00:00
2024/04/12, 19:53:00, 41.524, -70.672, 0.10, 25.460,, 0.030, 12.2, 12.3, 995.3, 995.4, 0.0, 0.0, 84.980, 78.450, 158, 160, 10.9, 10.4, 93.5, 93.7, 10.9, 10.4, 183.4, 185.4, 997.4, 997.5, 252.610, 380.850, 898.39, 0.0577, 8.0660, 90.000, 0.0, 1439.569, NODATA, NODATA, NODATA, NODATA, 306.000,2024/04/12 19:53:00,2024-04-12 19:53:00+00:00
2024/04/12, 19:54:00, 41.524, -70.672, 0.23, 25.400,, 0.010, 12.1, 12.2, 995.5, 995.5, 0.0, 0.0, 84.980, 78.450, 156, 156, 10.7, 12.3, 92.5, 92.6, 10.7, 12.3, 181.4, 181.4, 997.6, 997.6, 309.900, 384.870, 1136.19, 0.0577, 8.0740, 89.400, 0.0, 1439.603, NODATA, NODATA, NODATA, NODATA, 33.700,2024/04/12 19:54:00,2024-04-12 19:54:00+00:00
2024/04/12, 19:55:00, 41.524, -70.672, 0.07, 25.370,, 0.030, 12.0, 12.0, 995.6, 995.5, 0.0, 0.0, 84.980, 78.450, 149, 154, 9.7, 9.7, 92.8, 92.8, 9.7, 9.7, 174.3, 179.3, 997.7, 997.6, 368.260, 386.860, 1329.69, 0.0577, 8.0835, 89.400, 0.0, 1439.642, NODATA, NODATA, NODATA, NODATA, 259.400,2024/04/12 19:55:00,2024-04-12 19:55:00+00:00
2024/04/12, 19:56:00, 41.524, -70.672, 0.19, 25.370,, 0.010, 11.9, 11.9, 995.5, 995.4, 0.0, 0.0, 84.980, 78.450, 149, 155, 11.2, 9.0, 93.5, 93.5, 11.2, 9.0, 174.3, 180.3, 997.6, 997.5, 297.810, 388.730, 1141.87, 0.0577, 8.0935, 90.000, 0.0, 1439.684, NODATA, NODATA, NODATA, NODATA, 284.000,2024/04/12 19:56:00,2024-04-12 19:56:00+00:00
2024/04/12, 19:57:00, 41.524, -70.672, 0.16, 25.440,, 0.010, 11.9, 11.9, 995.5, 995.2, 0.0, 0.0, 84.980, 78.450, 162, 161, 10.9, 11.9, 94.3, 94.3, 10.9, 11.9, 187.4, 186.4, 997.6, 997.3, 402.800, 387.490, 1352.51, 0.0577, 8.1040, 89.100, 0.0, 1439.727, NODATA, NODATA, NODATA, NODATA, 296.600,2024/04/12 19:57:00,2024-04-12 19:57:00+00:00
2024/04/12, 19:58:00, 41.524, -70.672, -0.03, 25.470,, 0.020, 12.0, 11.9, 995.4, 995.7, 0.0, 0.0, 84.980, 78.450, 157, 156, 10.6, 12.4, 94.9, 94.9, 10.6, 12.4, 182.5, 181.5, 997.5, 997.8, 260.600, 380.210, 936.65, 0.0576, 8.1112, 88.800, 0.0, 1439.757, NODATA, NODATA, NODATA, NODATA, 126.900,2024/04/12 19:58:00,2024-04-12 19:58:00+00:00
2024/04/12, 19:59:00, 41.524, -70.672, 0.22, 25.480,, 0.010, 11.9, 11.9, 995.6, 995.5, 0.0, 0.0, 84.980, 78.450, 161, 157, 9.6, 11.2, 93.5, 93.7, 9.6, 11.2, 186.5, 182.5, 997.7, 997.6, 167.980, 386.320, 645.63, 0.0576, 8.1152, 89.100, 0.0, 1439.774, NODATA, NODATA, NODATA, NODATA, 315.000,2024/04/12 19:59:00,2024-04-12 19:59:00+00:00
2024/04/12, 20:00:00, 41.524, -70.672, 0.17, 25.460,, 0.010, 11.8, 11.8, 995.5, 995.5, 0.0, 0.0, 84.980, 78.450, 156, 160, 4.6, 10.9, 92.9, 92.9, 4.6, 10.9, 181.5, 185.5, 997.6, 997.6, 146.930, 388.950, 556.97, 0.0576, 8.1160, 89.400, 0.0, 1439.777, NODATA, NODATA, NODATA, NODATA, 140.200,2024/04/12 20:00:00,2024-04-12 20:00:00+00:00
2024/04/12, 20:01:00, 41.524, -70.672, 0.01, 25.450,, 0.010, 11.7, 11.8, 995.4, 995.7, 0.0, 0.0, 84.980, 78.450, 157, 159, 10.8, 12.8, 93.9, 92.9, 10.8, 12.8, 182.4, 184.4, 997.5, 997.8, 165.420, 390.570, 684.98, 0.0576, 8.1107, 89.400, 0.0, 1439.755, NODATA, NODATA, NODATA, NODATA, 225.000,2024/04/12 20:01:00,2024-04-12 20:01:00+00:00
2024/04/12, 20:02:00, 41.524, -70.672, 0.06, 25.390,, 0.010, 11.8, 11.9, 995.5, 995.4, 0.0, 0.0, 84.980, 78.450, 161, 160, 8.1, 12.5, 96.2, 96.5, 8.1, 12.5, 186.4, 185.4, 997.6, 997.5, 207.020, 387.040, 716.90, 0.0576, 8.1075, 89.100, 0.0, 1439.742, NODATA, NODATA, NODATA, NODATA, 111.800,2024/04/12 20:02:00,2024-04-12 20:02:00+00:00
2024/04/12, 20:03:00, 41.524, -70.672, 0.14, 25.350,, 0.010, 11.9, 12.0, 995.5, 995.6, 0.0, 0.0, 84.980, 78.450, 167, 160, 8.1, 11.7, 95.2, 95.3, 8.1, 11.7, 192.4, 185.4, 997.6, 997.7, 173.800, 388.460, 630.00, 0.0576, 8.1036, 89.100, 0.0, 1439.726, NODATA, NODATA, NODATA, NODATA, 108.400,2024/04/12 20:03:00,2024-04-12 20:03:00+00:00
2024/04/12, 20:04:00, 41.524, -70.672, 0.10, 25.410,, 0.020, 12.0, 12.0, 995.4, 995.6, 0.0, 0.0, 84.980, 78.450, 158, 158, 10.3, 12.1, 94.0, 94.1, 10.3, 12.1, 183.5, 183.5, 997.5, 997.7, 198.240, 386.640, 686.00, 0.0575, 8.1007, 89.100, 0.0, 1439.713, NODATA, NODATA, NODATA, NODATA, 119.100,2024/04/12 20:04:00,2024-04-12 20:04:00+00:00
2024/04/12, 20:05:00, 41.524, -70.672, 0.07, 25.360,, 0.020, 12.0, 12.1, 995.4, 995.4, 0.0, 0.0, 84.980, 78.450, 164, 162, 9.3, 12.2, 94.5, 94.5, 9.3, 12.2, 189.4, 187.4, 997.5, 997.5, 217.700, 386.620, 752.34, 0.0575, 8.0994, 90.000, 0.0, 1439.708, NODATA, NODATA, NODATA, NODATA, 101.300,2024/04/12 20:05:00,2024-04-12 20:05:00+00:00
2024/04/12, 20:06:00, 41.524, -70.672, 0.13, 25.410,, 0.020, 12.1, 12.1, 995.5, 995.5, 0.0, 0.0, 84.980, 78.450, 146, 159, 7.2, 10.8, 94.0, 94.2, 7.2, 10.8, 171.5, 184.5, 997.6, 997.6, 221.680, 385.960, 753.69, 0.0575, 8.0999, 89.700, 0.0, 1439.710, NODATA, NODATA, NODATA, NODATA, 135.000,2024/04/12 20:06:00,2024-04-12 20:06:00+00:00
2024/04/12, 20:07:00, 41.524, -70.672, 0.21, 25.460,, 0.020, 12.0, 12.0, 995.3, 995.4, 0.0, 0.0, 84.980, 78.450, 153, 156, 11.3, 11.9, 93.1, 93.1, 11.3, 11.9, 178.5, 181.5, 997.4, 997.5, 191.640, 386.510, 656.70, 0.0575, 8.1033, 89.400, 0.0, 1439.724, NODATA, NODATA, NODATA, NODATA, 85.600,2024/04/12 20:07:00,2024-04-12 20:07:00+00:00
2024/04/12, 20:08:00, 41.524, -70.672, 0.15, 25.420,, 0.010, 11.9, 12.0, 995.5, 995.4, 0.0, 0.0, 84.980, 78.450, 161, 158, 8.5, 11.2, 92.8, 93.0, 8.5, 11.2, 186.4, 183.4, 997.6, 997.5, 128.950, 390.120, 502.32, 0.0575, 8.1096, 88.800, 0.0, 1439.750, NODATA, NODATA, NODATA, NODATA, 256.000,2024/04/12 20:08:00,2024-04-12 20:08:00+00:00
2024/04/12, 20:09:00, 41.524, -70.672, 0.17, 25.430,, 0.010, 11.9, 11.9, 995.3, 995.3, 0.0, 0.0, 84.980, 78.450, 165, 161, 8.9, 12.9, 94.1, 94.5, 8.9, 12.9, 190.4, 186.4, 997.4, 997.4, 127.840, 390.120, 491.22, 0.0575, 8.1128, 90.600, 0.0, 1439.764, NODATA, NODATA, NODATA, NODATA, 309.800,2024/04/12 20:09:00,2024-04-12 20:09:00+00:00
2024/04/12, 20:10:00, 41.524, -70.672, 0.10, 25.420,, 0.030, 12.0, 12.0, 995.2, 995.2, 0.0, 0.0, 84.980, 78.450, 172, 164, 7.5, 10.3, 94.9, 95.1, 7.5, 10.3, 197.3, 189.3, 997.3, 997.3, 160.680, 389.140, 595.78, 0.0575, 8.1144, 89.400, 0.0, 1439.770, NODATA, NODATA, NODATA, NODATA, 296.600,2024/04/12 20:10:00,2024-04-12 20:10:00+00:00
2024/04/12, 20:11:00, 41.524, -70.672, 0.12, 25.370,, 0.040, 12.1, 12.1, 995.6, 995.3, 0.0, 0.0, 84.980, 78.450, 176, 166, 5.5, 9.9, 94.0, 94.0, 5.5, 9.9, 201.2, 191.3, 997.7, 997.4, 140.250, 389.010, 523.07, 0.0574, 8.1176, 89.100, 0.0, 1439.784, NODATA, NODATA, NODATA, NODATA, 255.300,2024/04/12 20:11:00,2024-04-12 20:11:00+00:00
2024/04/12, 20:12:00, 41.524, -70.672, 0.06, 25.370,, 0.010, 12.0, 12.0, 995.7, 995.4, 0.0, 0.0, 84.980, 78.450, 164, 180, 8.5, 6.3, 92.7, 92.7, 8.5, 6.3, 189.4, 205.4, 997.8, 997.5, 148.070, 389.120, 522.01, 0.0574, 8.1208, 89.400, 0.0, 1439.797, NODATA, NODATA, NODATA, NODATA, 38.700,2024/04/12 20:12:00,2024-04-12 20:12:00+00:00
2024/04/12, 20:13:00, 41.524, -70.672, -0.01, 25.520,, 0.010, 12.0, 12.0, 995.4, 995.4, 0.0, 0.0, 84.980, 78.450, 163, 163, 5.9, 11.1, 93.7, 93.8, 5.9, 11.1, 188.6, 188.5, 997.5, 997.5, 121.300, 389.160, 452.22, 0.0574, 8.1233, 90.300, 0.0, 1439.807, NODATA, NODATA, NODATA, NODATA, 101.300,2024/04/12 20:13:00,2024-04-12 20:13:00+00:00
2024/04/12, 20:14:00, 41.524, -70.672, 0.17, 25.450,, 0.010, 12.0, 12.0, 995.4, 995.3, 0.0, 0.0, 84.980, 78.450, 165, 166, 6.9, 9.2, 93.4, 93.5, 6.9, 9.2, 190.4, 191.4, 997.5, 997.4, 107.130, 388.810, 407.69, 0.0574, 8.1304, 90.000, 0.0, 1439.837, NODATA, NODATA, NODATA, NODATA, 270.000,2024/04/12 20:14:00,2024-04-12 20:14:00+00:00
2024/04/12, 20:15:00, 41.524, -70.672, 0.25, 25.510,, 0.020, 11.9, 11.9, 995.5, 995.4, 0.0, 0.0, 84.980, 78.450, 155, 180, 5.4, 6.7, 92.5, 92.6, 5.4, 6.7, 180.6, 205.6, 997.6, 997.5, 108.880, 389.230, 413.66, 0.0574, 8.1338, 89.400, 0.0, 1439.851, NODATA, NODATA, NODATA, NODATA, 60.300,2024/04/12 20:15:00,2024-04-12 20:15:00+00:00
2024/04/12, 20:16:00, 41.524, -70.672, 0.20, 25.380,, 0.010, 11.9, 11.9, 995.5, 995.2, 0.0, 0.0, 84.980, 78.450, 168, 161, 6.6, 9.2, 92.7, 93.9, 6.6, 9.2, 193.4, 186.4, 997.6, 997.3, 109.080, 388.090, 403.46, 0.0574, 8.1388, 89.400, 0.0, 1439.872, NODATA, NODATA, NODATA, NODATA, 45.000,2024/04/12 20:16:00,2024-04-12 20:16:00+00:00
2024/04/12, 20:17:00, 41.524, -70.672, 0.21, 25.440,, 0.000, 11.9, 11.9, 995.4, 995.3, 0.0, 0.0, 84.980, 78.450, 159, 161, 4.2, 8.6, 93.0, 93.0, 4.2, 8.6, 184.4, 186.4, 997.5, 997.4, 97.490, 388.200, 372.79, 0.0574, 8.1436, 89.400, 0.0, 1439.892, NODATA, NODATA, NODATA, NODATA, 333.400,2024/04/12 20:17:00,2024-04-12 20:17:00+00:00
2024/04/12, 20:18:00, 41.524, -70.672, 0.11, 25.360,, 0.010, 11.8, 11.8, 995.4, 995.3, 0.0, 0.0, 84.980, 78.450, 156, 159, 7.9, 10.0, 93.1, 93.5, 7.9, 10.0, 181.3, 184.3, 997.5, 997.4, 105.650, 387.270, 402.09, 0.0574, 8.1474, 89.400, 0.0, 1439.907, NODATA, NODATA, NODATA, NODATA, 301.000,2024/04/12 20:18:00,2024-04-12 20:18:00+00:00
2024/04/12, 20:19:00, 41.524, -70.672, 0.03, 25.400,, 0.020, 11.7, 11.7, 995.3, 995.3, 0.0, 0.0, 84.980, 78.450, 143, 164, 5.1, 10.8, 92.9, 93.2, 5.1, 10.8, 168.5, 189.5, 997.4, 997.4, 105.200, 388.970, 412.81, 0.0573, 8.1529, 89.700, 0.0, 1439.930, NODATA, NODATA, NODATA, NODATA, 79.700,2024/04/12 20:19:00,2024-04-12 20:19:00+00:00
2024/04/12, 20:20:00, 41.524, -70.672, 0.06, 25.340,, 0.010, 11.8, 11.8, 995.5, 995.2, 0.0, 0.0, 84.980, 78.450, 161, 158, 5.6, 9.9, 94.9, 95.2, 5.6, 9.9, 186.3, 183.3, 997.6, 997.3, 96.880, 387.540, 391.20, 0.0573, 8.1574, 89.700, 0.0, 1439.949, NODATA, NODATA, NODATA, NODATA, 288.400,2024/04/12 20:20:00,2024-04-12 20:20:00+00:00
2024/04/12, 20:21:00, 41.524, -70.672, 0.03, 25.340,, 0.040, 11.7, 11.7, 995.5, 995.3, 0.0, 0.0, 84.980, 78.450, 161, 161, 7.5, 11.1, 93.5, 93.4, 7.5, 11.1, 186.2, 186.2, 997.6, 997.4, 112.480, 387.940, 435.20, 0.0573, 8.1611, 89.100, 0.0, 1439.964, NODATA, NODATA, NODATA, NODATA, 285.900,2024/04/12 20:21:00,2024-04-12 20:21:00+00:00
2024/04/12, 20:22:00, 41.524, -70.672, 0.07, 25.420,, 0.010, 11.7, 11.7, 995.4, 995.4, 0.0, 0.0, 84.980, 78.450, 199, 174, 5.0, 9.7, 94.1, 94.5, 5.0, 9.7, 224.4, 199.4, 997.5, 997.5, 119.040, 388.460, 453.93, 0.0573, 8.1633, 89.700, 0.0, 1439.973, NODATA, NODATA, NODATA, NODATA, 303.700,2024/04/12 20:22:00,2024-04-12 20:22:00+00:00
2024/04/12, 20:23:00, 41.524, -70.672, -0.04, 25.370,, 0.020, 11.7, 11.7, 995.4, 995.5, 0.0, 0.0, 84.980, 78.450, 153, 170, 4.5, 8.1, 94.7, 94.6, 4.5, 8.1, 178.2, 195.3, 997.5, 997.6, 134.490, 388.230, 501.67, 0.0573, 8.1627, 90.000, 0.0, 1439.971, NODATA, NODATA, NODATA, NODATA, 277.100,2024/04/12 20:23:00,2024-04-12 20:23:00+00:00
2024/04/12, 20:24:00, 41.524, -70.672, 0.13, 25.340,, 0.010, 11.8, 11.8, 995.5, 995.3, 0.0, 0.0, 84.980, 78.450, 158, 171, 6.6, 8.0, 94.4, 94.5, 6.6, 8.0, 183.3, 196.3, 997.6, 997.4, 131.940, 388.080, 497.77, 0.0572, 8.1631, 89.400, 0.0, 1439.972, NODATA, NODATA, NODATA, NODATA, 301.000,2024/04/12 20:24:00,2024-04-12 20:24:00+00:00
2024/04/12, 20:25:00, 41.524, -70.672, 0.12, 25.270,, 0.030, 11.8, 11.8, 995.5, 995.3, 0.0, 0.0, 84.980, 78.450, 155, 159, 6.4, 9.3, 93.5, 93.5, 6.4, 9.3, 180.1, 184.2, 997.6, 997.4, 135.880, 387.890, 508.13, 0.0572, 8.1614, 89.700, 0.0, 1439.965, NODATA, NODATA, NODATA, NODATA, 298.300,2024/04/12 20:25:00,2024-04-12 20:25:00+00:00
2024/04/12, 20:26:00, 41.524, -70.672, 0.14, 25.360,, 0.010, 11.7, 11.7, 995.5, 995.5, 0.0, 0.0, 84.980, 78.450, 163, 157, 5.9, 9.0, 92.9, 93.0, 5.9, 9.0, 188.4, 182.4, 997.6, 997.6, 135.090, 387.470, 519.36, 0.0572, 8.1599, 90.600, 0.0, 1439.959, NODATA, NODATA, NODATA, NODATA, 108.400,2024/04/12 20:26:00,2024-04-12 20:26:00+00:00
2024/04/12, 20:27:00, 41.524, -70.672, 0.17, 25.350,, 0.010, 11.6, 11.6, 995.3, 995.4, 0.0, 0.0, 84.980, 78.450, 161, 165, 6.4, 9.9, 93.5, 93.8, 6.4, 9.9, 186.4, 190.4, 997.4, 997.5, 140.870, 387.300, 525.66, 0.0571, 8.1578, 90.000, 0.0, 1439.950, NODATA, NODATA, NODATA, NODATA, 76.000,2024/04/12 20:27:00,2024-04-12 20:27:00+00:00
2024/04/12, 20:28:00, 41.524, -70.672, 0.01, 25.490,, 0.010, 11.5, 11.5, 995.4, 995.5, 0.0, 0.0, 84.980, 78.450, 156, 157, 6.0, 4.8, 93.3, 93.8, 6.0, 4.8, 181.5, 182.4, 997.5, 997.6, 151.030, 387.440, 578.14, 0.0572, 8.1562, 89.700, 0.0, 1439.944, NODATA, NODATA, NODATA, NODATA, 225.000,2024/04/12 20:28:00,2024-04-12 20:28:00+00:00
2024/04/12, 20:29:00, 41.524, -70.672, 0.00, 25.520,, 0.030, 11.5, 11.5, 995.5, 995.3, 0.0, 0.0, 84.980, 78.450, 168, 168, 5.2, 8.9, 94.2, 94.2, 5.2, 8.9, 193.4, 193.4, 997.6, 997.4, 172.770, 386.990, 641.10, 0.0571, 8.1533, 90.300, 0.0, 1439.932, NODATA, NODATA, NODATA, NODATA, 274.100,2024/04/12 20:29:00,2024-04-12 20:29:00+00:00
2024/04/12, 20:30:00, 41.524, -70.672, 0.04, 25.410,, 0.020, 11.5, 11.4, 995.2, 995.3, 0.0, 0.0, 84.980, 78.450, 159, 161, 6.2, 10.6, 94.2, 94.3, 6.2, 10.6, 184.3, 186.4, 997.3, 997.4, 178.030, 386.630, 604.30, 0.0571, 8.1507, 90.000, 0.0, 1439.921, NODATA, NODATA, NODATA, NODATA, 284.000,2024/04/12 20:30:00,2024-04-12 20:30:00+00:00
2024/04/12, 20:31:00, 41.524, -70.672, 0.28, 25.370,, 0.010, 11.4, 11.4, 995.5, 995.5, 0.0, 0.0, 84.980, 78.450, 157, 163, 6.4, 10.9, 94.0, 94.3, 6.4, 10.9, 182.3, 188.3, 997.6, 997.6, 132.790, 386.410, 496.04, 0.0571, 8.1517, 90.000, 0.0, 1439.925, NODATA, NODATA, NODATA, NODATA, 248.200,2024/04/12 20:31:00,2024-04-12 20:31:00+00:00
2024/04/12, 20:32:00, 41.524, -70.672, 0.03, 25.460,, 0.030, 11.3, 11.3, 995.6, 995.3, 0.0, 0.0, 84.980, 78.450, 165, 162, 6.4, 9.6, 94.4, 94.9, 6.4, 9.6, 190.3, 187.4, 997.7, 997.4, 132.900, 385.840, 492.11, 0.0571, 8.1523, 89.700, 0.0, 1439.927, NODATA, NODATA, NODATA, NODATA, 306.000,2024/04/12 20:32:00,2024-04-12 20:32:00+00:00
2024/04/12, 20:33:00, 41.524, -70.672, 0.18, 25.280,, 0.060, 11.3, 11.3, 995.4, 995.5, 0.0, 0.0, 84.980, 78.450, 158, 158, 11.8, 13.7, 94.7, 94.9, 11.8, 13.7, 183.1, 183.2, 997.5, 997.6, 158.980, 386.600, 559.56, 0.0570, 8.1498, 89.400, 0.0, 1439.917, NODATA, NODATA, NODATA, NODATA, 266.400,2024/04/12 20:33:00,2024-04-12 20:33:00+00:00
2024/04/12, 20:34:00, 41.524, -70.672, 0.12, 25.300,, 0.000, 11.4, 11.4, 995.4, 995.4, 0.0, 0.0, 84.980, 78.450, 165, 168, 4.9, 7.7, 95.8, 96.1, 4.9, 7.7, 190.3, 193.3, 997.5, 997.5, 124.240, 385.930, 468.15, 0.0570, 8.1486, 89.700, 0.0, 1439.912, NODATA, NODATA, NODATA, NODATA, 270.000,2024/04/12 20:34:00,2024-04-12 20:34:00+00:00
2024/04/12, 20:35:00, 41.524, -70.672, -0.03, 25.270,, 0.000, 11.3, 11.3, 995.4, 995.5, 0.0, 0.0, 84.980, 78.450, 160, 162, 4.9, 10.0, 94.4, 94.7, 4.9, 10.0, 185.3, 187.3, 997.5, 997.6, 144.410, 385.660, 508.70, 0.0570, 8.1485, 89.400, 0.0, 1439.911, NODATA, NODATA, NODATA, NODATA, 296.600,2024/04/12 20:35:00,2024-04-12 20:35:00+00:00
2024/04/12, 20:36:00, 41.524, -70.672, 0.13, 25.260,, 0.010, 11.3, 11.3, 995.5, 995.6, 0.0, 0.4, 84.980, 78.460, 168, 159, 8.3, 8.8, 94.3, 94.5, 8.3, 8.8, 193.2, 184.2, 997.6, 997.7, 124.270, 386.490, 474.22, 0.0570, 8.1488, 89.700, 0.0, 1439.913, NODATA, NODATA, NODATA, NODATA, 236.300,2024/04/12 20:36:00,2024-04-12 20:36:00+00:00
2024/04/12, 20:37:00, 41.524, -70.672, -0.01, 25.410,, 0.030, 11.3, 11.3, 995.5, 995.5, 0.0, 0.0, 84.980, 78.460, 158, 202, 6.3, 4.1, 95.4, 95.9, 6.3, 4.1, 183.3, 227.2, 997.6, 997.6, 164.820, 385.860, 575.51, 0.0570, 8.1496, 89.400, 0.0, 1439.916, NODATA, NODATA, NODATA, NODATA, 278.100,2024/04/12 20:37:00,2024-04-12 20:37:00+00:00
2024/04/12, 20:38:00, 41.524, -70.672, 0.19, 25.630,, 0.010, 11.4, 11.3, 995.6, 995.8, 0.0, 0.0, 84.980, 78.460, 174, 172, 7.3, 9.0, 95.3, 95.9, 7.3, 9.0, 199.7, 197.7, 997.7, 997.9, 145.140, 386.570, 543.33, 0.0570, 8.1523, 89.700, 0.0, 1439.927, NODATA, NODATA, NODATA, NODATA, 141.300,2024/04/12 20:38:00,2024-04-12 20:38:00+00:00
2024/04/12, 20:39:00, 41.524, -70.672, -0.03, 25.430,, 0.010, 11.4, 11.4, 995.6, 995.3, 0.0, 0.0, 84.980, 78.460, 169, 160, 7.9, 12.7, 95.2, 95.4, 7.9, 12.7, 194.5, 185.4, 997.7, 997.4, 161.150, 385.550, 580.42, 0.0555, 8.1513, 91.200, 0.0, 1439.921, NODATA, NODATA, NODATA, NODATA, 135.000,2024/04/12 20:39:00,2024-04-12 20:39:00+00:00
2024/04/12, 20:40:00, 41.524, -70.672, -0.02, 25.320,, 0.030, 11.4, 11.4, 995.6, 995.3, 0.0, 0.0, 84.980, 78.460, 183, 174, 6.8, 8.4, 94.2, 94.5, 6.8, 8.4, 208.4, 199.4, 997.7, 997.4, 195.000, 385.290, 688.43, 0.0554, 8.1498, 90.900, 0.0, 1439.915, NODATA, NODATA, NODATA, NODATA, 90.000,2024/04/12 20:40:00,2024-04-12 20:40:00+00:00
2024/04/12, 20:41:00, 41.524, -70.672, 0.17, 25.350,, 0.030, 11.4, 11.4, 995.8, 995.5, 0.0, 0.0, 84.980, 78.460, 154, 155, 5.9, 5.2, 93.8, 93.8, 5.9, 5.2, 179.5, 180.5, 997.9, 997.6, 160.210, 384.430, 595.59, 0.0553, 8.1506, 90.000, 0.0, 1439.918, NODATA, NODATA, NODATA, NODATA, 52.400,2024/04/12 20:41:00,2024-04-12 20:41:00+00:00
2024/04/12, 20:42:00, 41.524, -70.672, -0.14, 25.340,, 0.020, 11.4, 11.4, 995.6, 995.5, 0.0, 0.0, 84.980, 78.460, 169, 160, 9.6, 13.3, 93.0, 93.1, 9.6, 13.3, 194.3, 185.3, 997.7, 997.6, 184.900, 385.430, 650.01, 0.0553, 8.1505, 90.600, 0.0, 1439.918, NODATA, NODATA, NODATA, NODATA, 341.600,2024/04/12 20:42:00,2024-04-12 20:42:00+00:00
2024/04/12, 20:43:00, 41.524, -70.672, 0.06, 25.290,, 0.010, 11.4, 11.4, 995.5, 995.3, 0.0, 0.0, 84.980, 78.460, 172, 167, 6.5, 11.0, 93.8, 94.0, 6.5, 11.0, 197.3, 192.3, 997.6, 997.4, 145.000, 384.580, 548.33, 0.0553, 8.1499, 90.300, 0.0, 1439.915, NODATA, NODATA, NODATA, NODATA, 206.600,2024/04/12 20:43:00,2024-04-12 20:43:00+00:00
2024/04/12, 20:44:00, 41.524, -70.672, 0.01, 25.340,, 0.030, 11.4, 11.4, 995.6, 995.8, 0.0, 0.0, 84.980, 78.460, 168, 198, 6.9, 6.4, 93.2, 93.4, 6.9, 6.4, 193.2, 223.2, 997.7, 997.9, 168.870, 384.600, 598.21, 0.0553, 8.1512, 91.200, 0.0, 1439.921, NODATA, NODATA, NODATA, NODATA, 291.800,2024/04/12 20:44:00,2024-04-12 20:44:00+00:00
2024/04/12, 20:45:00, 41.524, -70.672, 0.00, 25.340,, 0.020, 11.3, 11.3, 995.9, 995.6, 0.0, 0.0, 84.980, 78.460, 161, 164, 5.3, 7.2, 93.0, 93.2, 5.3, 7.2, 186.3, 189.3, 998.0, 997.7, 171.180, 383.980, 619.91, 0.0553, 8.1508, 91.500, 0.0, 1439.919, NODATA, NODATA, NODATA, NODATA, 4.400,2024/04/12 20:45:00,2024-04-12 20:45:00+00:00
2024/04/12, 20:46:00, 41.524, -70.672, -0.03, 25.300,, 0.020, 11.3, 11.3, 995.2, 995.5, 1.8, 0.0, 85.010, 78.460, 166, 195, 6.7, 6.6, 92.4, 92.5, 6.7, 6.6, 191.4, 220.4, 997.3, 997.6, 185.510, 383.650, 645.15, 0.0552, 8.1514, 90.900, 0.0, 1439.921, NODATA, NODATA, NODATA, NODATA, 135.000,2024/04/12 20:46:00,2024-04-12 20:46:00+00:00
2024/04/12, 20:47:00, 41.524, -70.672, -0.16, 25.300,, 0.010, 11.3, 11.3, 995.4, 995.6, 0.0, 0.0, 85.010, 78.460, 165, 165, 6.6, 11.9, 93.4, 93.8, 6.6, 11.9, 190.3, 190.3, 997.5, 997.7, 152.250, 383.840, 551.57, 0.0552, 8.1539, 90.300, 0.0, 1439.932, NODATA, NODATA, NODATA, NODATA, 270.000,2024/04/12 20:47:00,2024-04-12 20:47:00+00:00
2024/04/12, 20:48:00, 41.524, -70.672, 0.03, 25.300,, 0.020, 11.3, 11.3, 995.6, 995.6, 0.0, 0.0, 85.010, 78.460, 148, 165, 3.9, 5.7, 93.5, 93.8, 3.9, 5.7, 173.3, 190.3, 997.7, 997.7, 145.430, 383.930, 534.29, 0.0552, 8.1571, 90.300, 0.0, 1439.945, NODATA, NODATA, NODATA, NODATA, 166.000,2024/04/12 20:48:00,2024-04-12 20:48:00+00:00
2024/04/12, 20:49:00, 41.524, -70.672, -0.04, 25.220,, 0.020, 11.3, 11.3, 995.8, 995.5, 0.0, 0.0, 85.010, 78.460, 167, 183, 3.9, 7.9, 92.9, 93.1, 3.9, 7.9, 192.3, 208.3, 997.9, 997.6, 133.510, 383.680, 513.45, 0.0553, 8.1599, 90.900, 0.0, 1439.957, NODATA, NODATA, NODATA, NODATA, 139.400,2024/04/12 20:49:00,2024-04-12 20:49:00+00:00
2024/04/12, 20:50:00, 41.524, -70.672, -0.03, 25.300,, 0.020, 11.3, 11.3, 995.7, 995.8, 0.0, 0.0, 85.010, 78.460, 187, 195, 4.6, 7.3, 93.1, 93.3, 4.6, 7.3, 212.2, 220.2, 997.8, 997.9, 197.550, 383.010, 662.24, 0.0553, 8.1604, 90.000, 0.0, 1439.959, NODATA, NODATA, NODATA, NODATA, 299.700,2024/04/12 20:50:00,2024-04-12 20:50:00+00:00
2024/04/12, 20:51:00, 41.524, -70.672, 0.05, 25.300,, 0.000, 11.3, 11.3, 995.6, 995.6, 0.0, 0.0, 85.010, 78.460, 158, 188, 6.1, 4.8, 92.8, 92.9, 6.1, 4.8, 183.3, 213.3, 997.7, 997.7, 139.870, 383.190, 473.94, 0.0552, 8.1574, 90.600, 0.0, 1439.946, NODATA, NODATA, NODATA, NODATA, 135.000,2024/04/12 20:51:00,2024-04-12 20:51:00+00:00
2024/04/12, 20:52:00, 41.524, -70.672, -0.10, 25.220,, 0.020, 11.2, 11.2, 995.8, 995.8, 0.0, 0.0, 85.010, 78.460, 183, 182, 4.9, 7.5, 92.5, 92.7, 4.9, 7.5, 208.1, 207.1, 997.9, 997.9, 53.950, 383.360, 227.35, 0.0552, 8.1569, 90.300, 0.0, 1439.944, NODATA, NODATA, NODATA, NODATA, 323.100,2024/04/12 20:52:00,2024-04-12 20:52:00+00:00
2024/04/12, 20:53:00, 41.524, -70.672, -0.05, 25.300,, 0.010, 11.1, 11.1, 995.8, 995.8, 0.0, 0.0, 85.010, 78.460, 182, 179, 3.9, 7.5, 92.8, 93.1, 3.9, 7.5, 207.4, 204.3, 997.9, 997.9, 60.200, 382.860, 236.52, 0.0552, 8.1536, 91.200, 0.0, 1439.930, NODATA, NODATA, NODATA, NODATA, 108.400,2024/04/12 20:53:00,2024-04-12 20:53:00+00:00
2024/04/12, 20:54:00, 41.524, -70.672, -0.10, 25.400,, 0.020, 11.1, 11.1, 995.8, 995.9, 0.0, 0.0, 85.010, 78.460, 173, 178, 4.4, 7.7, 92.8, 93.0, 4.4, 7.7, 198.3, 203.3, 997.9, 998.0, 54.180, 383.280, 211.55, 0.0553, 8.1512, 90.600, 0.0, 1439.921, NODATA, NODATA, NODATA, NODATA, 308.700,2024/04/12 20:54:00,2024-04-12 20:54:00+00:00
2024/04/12, 20:55:00, 41.524, -70.672, -0.02, 25.180,, 0.030, 11.0, 11.0, 995.9, 995.9, 0.0, 0.0, 85.010, 78.460, 143, 180, 4.2, 6.2, 93.2, 93.4, 4.2, 6.2, 168.3, 205.3, 998.0, 998.0, 68.480, 382.460, 264.21, 0.0552, 8.1507, 90.600, 0.0, 1439.918, NODATA, NODATA, NODATA, NODATA, 127.600,2024/04/12 20:55:00,2024-04-12 20:55:00+00:00
2024/04/12, 20:56:00, 41.524, -70.672, -0.02, 25.360,, 0.010, 11.0, 11.0, 995.9, 995.9, 0.0, 0.0, 85.010, 78.460, 160, 168, 4.9, 5.5, 92.6, 92.9, 4.9, 5.5, 185.4, 193.4, 998.0, 998.0, 76.820, 382.570, 294.63, 0.0552, 8.1513, 90.300, 0.0, 1439.921, NODATA, NODATA, NODATA, NODATA, 78.700,2024/04/12 20:56:00,2024-04-12 20:56:00+00:00
2024/04/12, 20:57:00, 41.524, -70.672, 0.16, 25.360,, 0.020, 11.0, 10.9, 995.9, 995.8, 0.0, 0.0, 85.010, 78.460, 167, 168, 4.5, 8.9, 92.6, 92.8, 4.5, 8.9, 192.2, 193.3, 998.0, 997.9, 91.620, 382.890, 345.43, 0.0553, 8.1542, 91.800, 0.0, 1439.933, NODATA, NODATA, NODATA, NODATA, 291.800,2024/04/12 20:57:00,2024-04-12 20:57:00+00:00
2024/04/12, 20:58:00, 41.524, -70.672, 0.04, 25.380,, 0.000, 10.9, 10.9, 995.8, 995.9, 0.0, 0.0, 85.010, 78.460, 174, 171, 4.5, 8.9, 93.3, 93.6, 4.5, 8.9, 199.4, 196.4, 997.9, 998.0, 112.400, 380.630, 429.95, 0.0553, 8.1605, 91.200, 0.0, 1439.959, NODATA, NODATA, NODATA, NODATA, 270.000,2024/04/12 20:58:00,2024-04-12 20:58:00+00:00
2024/04/12, 20:59:00, 41.524, -70.672, -0.05, 25.330,, 0.020, 10.9, 10.9, 995.9, 995.8, 0.0, 0.0, 85.010, 78.460, 176, 172, 3.4, 8.7, 93.0, 93.1, 3.4, 8.7, 201.2, 197.3, 998.0, 997.9, 158.890, 378.770, 586.39, 0.0553, 8.1686, 90.300, 0.0, 1439.993, NODATA, NODATA, NODATA, NODATA, 330.900,2024/04/12 20:59:00,2024-04-12 20:59:00+00:00
2024/04/12, 21:00:00, 41.524, -70.672, 0.06, 25.360,, 0.020, 10.9, 10.9, 995.9, 995.8, 0.0, 0.0, 85.010, 78.460, 165, 181, 4.8, 4.3, 93.0, 93.2, 4.8, 4.3, 190.2, 206.2, 998.0, 997.9, 158.160, 374.550, 580.25, 0.0553, 8.1736, 90.000, NAN, 1440.014, NODATA, NODATA, NODATA, NODATA, 261.300,2024/04/12 21:00:00,2024-04-12 21:00:00+00:00
2024/04/12, 21:01:00, 41.524, -70.672, 0.07, 25.510,, 0.020, 10.9, 10.9, 995.8, 995.9, 0.0, 0.0, 85.010, 78.460, 168, 177, 7.1, 6.4, 93.2, 93.3, 7.1, 6.4, 193.6, 202.6, 997.9, 998.0, 168.730, 375.450, 636.39, 0.0553, 8.1780, 90.600, 0.0, 1440.032, NODATA, NODATA, NODATA, NODATA, 153.400,2024/04/12 21:01:00,2024-04-12 21:01:00+00:00
2024/04/12, 21:02:00, 41.524, -70.672, 0.15, 25.360,, 0.020, 10.9, 10.9, 995.6, 995.8, 0.0, 0.0, 85.010, 78.460, 174, 174, 5.6, 7.1, 93.2, 93.4, 5.6, 7.1, 199.4, 199.4, 997.7, 997.9, 176.260, 370.640, 669.27, 0.0554, 8.1802, 90.900, 0.0, 1440.041, NODATA, NODATA, NODATA, NODATA, 41.200,2024/04/12 21:02:00,2024-04-12 21:02:00+00:00
2024/04/12, 21:03:00, 41.524, -70.672, -0.04, 25.370,, 0.010, 10.9, 10.9, 995.8, 995.9, 0.0, 0.0, 85.010, 78.460, 169, 178, 8.1, 6.3, 93.1, 93.3, 8.1, 6.3, 194.4, 203.4, 997.9, 998.0, 187.990, 373.610, 713.67, 0.0553, 8.1834, 90.600, 0.0, 1440.054, NODATA, NODATA, NODATA, NODATA, 225.000,2024/04/12 21:03:00,2024-04-12 21:03:00+00:00
2024/04/12, 21:04:00, 41.524, -70.672, 0.10, 25.410,, 0.010, 10.9, 10.9, 996.0, 995.8, 0.0, 0.0, 85.010, 78.460, 176, 173, 4.7, 7.2, 92.8, 93.1, 4.7, 7.2, 201.4, 198.4, 998.1, 997.9, 200.930, 376.900, 739.96, 0.0553, 8.1856, 91.500, 0.0, 1440.063, NODATA, NODATA, NODATA, NODATA, 170.500,2024/04/12 21:04:00,2024-04-12 21:04:00+00:00
2024/04/12, 21:05:00, 41.524, -70.672, 0.04, 25.440,, 0.020, 10.8, 10.8, 995.9, 995.9, 0.0, 0.0, 85.010, 78.460, 176, 171, 6.4, 9.3, 92.7, 92.9, 6.4, 9.3, 201.5, 196.5, 998.0, 998.0, 209.570, 376.780, 787.61, 0.0553, 8.1875, 90.600, 0.0, 1440.071, NODATA, NODATA, NODATA, NODATA, 90.000,2024/04/12 21:05:00,2024-04-12 21:05:00+00:00
2024/04/12, 21:06:00, 41.524, -70.672, 0.04, 25.540,, 0.010, 10.8, 10.8, 996.0, 995.8, 0.0, 0.0, 85.010, 78.460, 173, 155, 7.1, 5.8, 92.9, 93.2, 7.1, 5.8, 198.6, 180.6, 998.1, 997.9, 234.900, 373.740, 877.27, 0.0553, 8.1888, 91.200, 0.0, 1440.077, NODATA, NODATA, NODATA, NODATA, 74.100,2024/04/12 21:06:00,2024-04-12 21:06:00+00:00
2024/04/12, 21:07:00, 41.524, -70.672, 0.09, 25.460,, 0.020, 10.8, 10.8, 995.8, 995.8, 0.0, 0.0, 85.010, 78.460, 176, 162, 4.6, 4.8, 92.9, 93.1, 4.6, 4.8, 201.4, 187.4, 997.9, 997.9, 250.390, 372.660, 933.57, 0.0554, 8.1891, 91.200, 0.0, 1440.078, NODATA, NODATA, NODATA, NODATA, 235.000,2024/04/12 21:07:00,2024-04-12 21:07:00+00:00
2024/04/12, 21:08:00, 41.524, -70.672, 0.12, 25.470,, 0.030, 10.9, 10.8, 995.9, 995.9, 0.0, 0.0, 85.010, 78.460, 162, 166, 7.0, 10.1, 92.5, 92.8, 7.0, 10.1, 187.3, 191.4, 998.0, 998.0, 215.570, 369.880, 811.93, 0.0554, 8.1896, 90.600, 0.0, 1440.080, NODATA, NODATA, NODATA, NODATA, 285.900,2024/04/12 21:08:00,2024-04-12 21:08:00+00:00
2024/04/12, 21:09:00, 41.524, -70.672, 0.09, 25.370,, 0.030, 10.8, 10.8, 995.8, 995.8, 0.0, 0.0, 85.010, 78.460, 169, 222, 3.2, 4.0, 92.5, 92.7, 3.2, 4.0, 194.1, 247.2, 997.9, 997.9, 175.760, 370.910, 690.32, 0.0554, 8.1909, 90.900, 0.0, 1440.085, NODATA, NODATA, NODATA, NODATA, 298.300,2024/04/12 21:09:00,2024-04-12 21:09:00+00:00
2024/04/12, 21:10:00, 41.524, -70.672, 0.07, 25.710,, 0.010, 10.8, 10.8, 995.9, 995.9, 0.0, 0.0, 85.010, 78.460, 168, 208, 6.4, 4.4, 92.4, 92.7, 6.4, 4.4, 193.7, 233.7, 998.0, 998.0, 234.940, 373.960, 1115.48, 0.0554, 8.1938, 90.900, 0.0, 1440.098, NODATA, NODATA, NODATA, NODATA, 198.400,2024/04/12 21:10:00,2024-04-12 21:10:00+00:00
2024/04/12, 21:11:00, 41.524, -70.672, 0.01, 25.430,, 0.060, 10.8, 10.8, 996.2, 995.9, 0.0, 0.0, 85.010, 78.460, 164, 167, 4.5, 4.2, 92.1, 92.2, 4.5, 4.2, 189.8, 192.8, 998.3, 998.0, 291.700, 370.910, 1071.63, 0.0554, 8.1960, 90.000, 0.0, 1440.107, NODATA, NODATA, NODATA, NODATA, 106.700,2024/04/12 21:11:00,2024-04-12 21:11:00+00:00
2024/04/12, 21:12:00, 41.524, -70.672, 0.12, 25.820,, 0.060, 10.8, 10.8, 995.8, 996.0, 0.0, 0.0, 85.010, 78.460, 165, 162, 10.1, 11.8, 92.1, 92.3, 10.1, 11.8, 190.6, 187.7, 997.9, 998.1, 226.540, 370.970, 941.10, 0.0556, 8.1981, 92.100, 0.0, 1440.116, NODATA, NODATA, NODATA, NODATA, 283.100,2024/04/12 21:12:00,2024-04-12 21:12:00+00:00
2024/04/12, 21:13:00, 41.524, -70.672, 0.13, 25.380,, 0.010, 10.8, 10.8, 995.8, 995.9, 0.0, 0.0, 85.010, 78.460, 171, 168, 7.9, 7.9, 92.5, 92.7, 7.9, 7.9, 196.4, 193.4, 997.9, 998.0, 294.700, 372.370, 1262.22, 0.0554, 8.2000, 90.300, 0.0, 1440.123, NODATA, NODATA, NODATA, NODATA, 153.400,2024/04/12 21:13:00,2024-04-12 21:13:00+00:00
2024/04/12, 21:14:00, 41.524, -70.672, 0.08, 25.640,, 0.030, 10.9, 10.9, 996.0, 995.9, 0.0, 0.0, 85.010, 78.460, 159, 176, 6.2, 2.6, 91.9, 92.1, 6.2, 2.6, 184.8, 202.0, 998.1, 998.0, 321.080, 372.320, 1290.75, 0.0555, 8.2023, 90.600, 0.0, 1440.133, NODATA, NODATA, NODATA, NODATA, 98.100,2024/04/12 21:14:00,2024-04-12 21:14:00+00:00
2024/04/12, 21:15:00, 41.524, -70.672, 0.03, 25.480,, 0.020, 10.9, 10.8, 995.9, 995.9, 0.0, 0.0, 85.010, 78.460, 171, 175, 6.2, 6.3, 91.4, 91.5, 6.2, 6.3, 196.5, 200.5, 998.0, 998.0, 290.410, 360.700, 1250.43, 0.0555, 8.2037, 90.900, 0.0, 1440.139, NODATA, NODATA, NODATA, NODATA, 60.900,2024/04/12 21:15:00,2024-04-12 21:15:00+00:00
2024/04/12, 21:16:00, 41.524, -70.672, 0.10, 25.720,, 0.030, 10.8, 10.8, 996.0, 996.1, 0.0, 0.0, 85.010, 78.460, 172, 176, 6.2, 10.0, 91.3, 91.6, 6.2, 10.0, 197.6, 201.6, 998.1, 998.2, 183.170, 358.930, 798.07, 0.0555, 8.2038, 90.600, 0.0, 1440.139, NODATA, NODATA, NODATA, NODATA, 289.400,2024/04/12 21:16:00,2024-04-12 21:16:00+00:00
2024/04/12, 21:17:00, 41.524, -70.672, -0.12, 25.520,, 0.000, 10.8, 10.8, 995.9, 995.9, 0.0, 0.0, 85.010, 78.460, 160, 173, 5.6, 8.3, 91.7, 91.9, 5.6, 8.3, 185.5, 198.5, 998.0, 998.0, 109.890, 351.060, 547.82, 0.0554, 8.2036, 90.900, 0.0, 1440.138, NODATA, NODATA, NODATA, NODATA, 206.600,2024/04/12 21:17:00,2024-04-12 21:17:00+00:00
2024/04/12, 21:18:00, 41.524, -70.672, -0.02, 25.660,, 0.030, 10.8, 10.8, 996.0, 995.8, 0.0, 0.0, 85.010, 78.460, 183, 176, 5.1, 6.5, 91.5, 91.8, 5.1, 6.5, 208.7, 201.7, 998.1, 997.9, 153.030, 341.070, 757.41, 0.0554, 8.1986, 90.900, 0.0, 1440.117, NODATA, NODATA, NODATA, NODATA, 45.000,2024/04/12 21:18:00,2024-04-12 21:18:00+00:00
2024/04/12, 21:19:00, 41.524, -70.672, 0.08, 25.460,, 0.030, 10.8, 10.8, 996.0, 996.0, 0.0, 0.0, 85.010, 78.460, 176, 183, 6.4, 9.1, 91.5, 91.8, 6.4, 9.1, 201.3, 208.4, 998.1, 998.1, 109.290, 333.180, 546.15, 0.0554, 8.1965, 91.500, 0.0, 1440.109, NODATA, NODATA, NODATA, NODATA, 309.300,2024/04/12 21:19:00,2024-04-12 21:19:00+00:00
2024/04/12, 21:20:00, 41.524, -70.672, 0.05, 25.640,, 0.010, 10.8, 10.7, 996.0, 996.0, 0.0, 0.0, 85.010, 78.460, 163, 171, 6.0, 8.3, 91.2, 91.4, 6.0, 8.3, 188.7, 196.7, 998.1, 998.1, 139.480, 338.800, 633.30, 0.0554, 8.1942, 92.100, 0.0, 1440.099, NODATA, NODATA, NODATA, NODATA, 50.200,2024/04/12 21:20:00,2024-04-12 21:20:00+00:00
2024/04/12, 21:21:00, 41.524, -70.672, 0.17, 25.590,, 0.010, 10.7, 10.7, 996.0, 996.0, 0.0, 0.0, 85.010, 78.460, 173, 175, 8.7, 6.9, 91.2, 91.4, 8.7, 6.9, 198.6, 200.6, 998.1, 998.1, 158.500, 347.680, 690.96, 0.0554, 8.1850, 90.900, 0.0, 1440.061, NODATA, NODATA, NODATA, NODATA, 90.000,2024/04/12 21:21:00,2024-04-12 21:21:00+00:00
2024/04/12, 21:22:00, 41.524, -70.672, 0.15, 25.660,, 0.010, 10.7, 10.7, 996.0, 996.0, 0.0, 0.0, 85.010, 78.460, 167, 190, 5.1, 3.6, 91.6, 91.8, 5.1, 3.6, 192.7, 215.7, 998.1, 998.1, 166.750, 348.810, 721.64, 0.0554, 8.1686, 90.900, 0.0, 1439.993, NODATA, NODATA, NODATA, NODATA, 153.400,2024/04/12 21:22:00,2024-04-12 21:22:00+00:00
2024/04/12, 21:23:00, 41.524, -70.672, -0.03, 25.890,, 0.020, 10.7, 10.7, 996.2, 996.2, 0.0, 0.0, 85.010, 78.460, 173, 181, 4.9, 6.9, 91.0, 91.2, 4.9, 6.9, 199.0, 207.0, 998.3, 998.3, 159.070, 346.430, 681.57, 0.0554, 8.1588, 90.600, 0.0, 1439.952, NODATA, NODATA, NODATA, NODATA, 127.900,2024/04/12 21:23:00,2024-04-12 21:23:00+00:00
2024/04/12, 21:24:00, 41.524, -70.672, 0.09, 25.990,, 0.030, 10.7, 10.6, 996.1, 996.2, 0.0, 0.0, 85.010, 78.460, 166, 175, 8.5, 8.1, 91.2, 91.5, 8.5, 8.1, 191.9, 200.9, 998.2, 998.3, 152.460, 347.370, 644.57, 0.0555, 8.1515, 90.900, 0.0, 1439.922, NODATA, NODATA, NODATA, NODATA, 296.600,2024/04/12 21:24:00,2024-04-12 21:24:00+00:00
2024/04/12, 21:25:00, 41.524, -70.672, 0.07, 25.560,, 0.030, 10.6, 10.6, 996.3, 996.2, 0.0, 0.0, 85.010, 78.460, 180, 175, 6.2, 8.2, 91.1, 91.3, 6.2, 8.2, 205.4, 200.5, 998.4, 998.3, 143.860, 345.070, 619.75, 0.0555, 8.1465, 90.900, 0.0, 1439.901, NODATA, NODATA, NODATA, NODATA, 298.300,2024/04/12 21:25:00,2024-04-12 21:25:00+00:00
2024/04/12, 21:26:00, 41.524, -70.672, 0.10, 25.820,, 0.080, 10.6, 10.6, 996.2, 996.1, 0.0, 0.0, 85.010, 78.460, 176, 175, 4.0, 5.6, 91.1, 91.3, 4.0, 5.6, 202.4, 201.2, 998.3, 998.2, 141.020, 346.580, 624.46, 0.0554, 8.1482, 91.200, 0.0, 1439.908, NODATA, NODATA, NODATA, NODATA, 92.700,2024/04/12 21:26:00,2024-04-12 21:26:00+00:00
2024/04/12, 21:27:00, 41.524, -70.672, 0.12, 26.060,, 0.020, 10.6, 10.6, 996.2, 996.2, 0.0, 0.0, 85.010, 78.460, 179, 175, 4.6, 4.8, 91.1, 91.3, 4.6, 4.8, 204.9, 200.9, 998.3, 998.3, 161.740, 351.680, 721.06, 0.0554, 8.1472, 91.500, 0.0, 1439.904, NODATA, NODATA, NODATA, NODATA, 294.400,2024/04/12 21:27:00,2024-04-12 21:27:00+00:00
2024/04/12, 21:28:00, 41.524, -70.672, 0.15, 25.360,, 0.030, 10.6, 10.6, 996.2, 996.2, 0.0, 0.0, 85.010, 78.460, 180, 206, 3.2, 5.3, 90.5, 90.8, 3.2, 5.3, 205.1, 231.2, 998.3, 998.3, 176.650, 357.190, 734.92, 0.0554, 8.1420, 91.200, 0.0, 1439.882, NODATA, NODATA, NODATA, NODATA, 284.000,2024/04/12 21:28:00,2024-04-12 21:28:00+00:00
2024/04/12, 21:29:00, 41.524, -70.672, -0.12, 25.700,, 0.010, 10.5, 10.6, 996.1, 996.3, 0.0, 0.0, 85.010, 78.460, 164, 166, 7.1, 9.2, 90.9, 90.7, 7.1, 9.2, 189.7, 191.7, 998.2, 998.4, 267.730, 360.330, 1163.08, 0.0555, 8.1392, 91.500, 0.0, 1439.871, NODATA, NODATA, NODATA, NODATA, 350.500,2024/04/12 21:29:00,2024-04-12 21:29:00+00:00
2024/04/12, 21:30:00, 41.524, -70.672, 0.04, 26.180,, 0.020, 10.5, 10.5, 996.3, 996.2, 0.0, 0.0, 85.010, 78.460, 188, 175, 6.3, 7.7, 90.9, 91.1, 6.3, 7.7, 214.1, 201.1, 998.4, 998.3, 224.500, 361.160, 905.18, 0.0555, 8.1460, 91.800, 0.0, 1439.899, NODATA, NODATA, NODATA, NODATA, 319.400,2024/04/12 21:30:00,2024-04-12 21:30:00+00:00
2024/04/12, 21:31:00, 41.524, -70.672, 0.10, 25.820,, 0.040, 10.5, 10.5, 996.2, 996.2, 0.0, 0.0, 85.010, 78.460, 168, 196, 5.9, 6.5, 90.8, 91.1, 5.9, 6.5, 193.6, 221.7, 998.3, 998.3, 162.190, 359.250, 634.15, 0.0554, 8.1581, 91.200, 0.0, 1439.949, NODATA, NODATA, NODATA, NODATA, 252.500,2024/04/12 21:31:00,2024-04-12 21:31:00+00:00
2024/04/12, 21:32:00, 41.524, -70.672, 0.00, 25.650,, 0.020, 10.5, 10.4, 996.2, 996.1, 0.0, 0.0, 85.010, 78.460, 169, 196, 5.8, 5.5, 90.7, 91.0, 5.8, 5.5, 194.8, 221.8, 998.3, 998.2, 140.100, 360.510, 540.50, 0.0554, 8.1657, 90.900, 0.0, 1439.981, NODATA, NODATA, NODATA, NODATA, 114.000,2024/04/12 21:32:00,2024-04-12 21:32:00+00:00
2024/04/12, 21:33:00, 41.524, -70.672, 0.03, 25.840,, 0.030, 10.4, 10.4, 996.3, 996.1, 0.0, 0.0, 85.010, 78.460, 159, 180, 4.9, 5.9, 90.6, 90.9, 4.9, 5.9, 185.0, 206.0, 998.4, 998.2, 133.350, 374.500, 478.76, 0.0554, 8.1706, 91.200, 0.0, 1440.001, NODATA, NODATA, NODATA, NODATA, 98.100,2024/04/12 21:33:00,2024-04-12 21:33:00+00:00
2024/04/12, 21:34:00, 41.524, -70.672, 0.06, 25.750,, 0.020, 10.4, 10.4, 996.2, 996.2, 0.0, 0.0, 85.010, 78.460, 151, 164, 5.4, 6.0, 90.6, 90.8, 5.4, 6.0, 176.6, 189.7, 998.3, 998.3, 116.350, 378.460, 414.55, 0.0554, 8.1765, 91.500, 0.0, 1440.026, NODATA, NODATA, NODATA, NODATA, 265.600,2024/04/12 21:34:00,2024-04-12 21:34:00+00:00
2024/04/12, 21:35:00, 41.524, -70.672, 0.02, 25.480,, 0.020, 10.3, 10.3, 996.5, 996.1, 0.0, 0.0, 85.010, 78.460, 174, 173, 7.6, 8.6, 90.6, 91.0, 7.6, 8.6, 199.6, 198.5, 998.6, 998.2, 105.660, 380.140, 378.31, 0.0554, 8.1817, 91.500, 0.0, 1440.047, NODATA, NODATA, NODATA, NODATA, 95.200,2024/04/12 21:35:00,2024-04-12 21:35:00+00:00
2024/04/12, 21:36:00, 41.524, -70.672, 0.03, 25.860,, 0.030, 10.3, 10.3, 996.5, 996.3, 0.0, 0.0, 85.010, 78.460, 176, 179, 5.0, 6.2, 90.9, 91.1, 5.0, 6.2, 202.0, 205.0, 998.6, 998.4, 95.530, 380.920, 348.10, 0.0554, 8.1880, 91.200, 0.0, 1440.073, NODATA, NODATA, NODATA, NODATA, 68.200,2024/04/12 21:36:00,2024-04-12 21:36:00+00:00
2024/04/12, 21:37:00, 41.524, -70.672, -0.03, 25.990,, 0.020, 10.3, 10.2, 996.3, 996.4, 0.0, 0.0, 85.010, 78.460, 171, 173, 5.2, 5.9, 91.0, 91.3, 5.2, 5.9, 197.1, 199.1, 998.4, 998.5, 94.930, 381.730, 345.57, 0.0554, 8.1969, 91.500, 0.0, 1440.110, NODATA, NODATA, NODATA, NODATA, 99.500,2024/04/12 21:37:00,2024-04-12 21:37:00+00:00
2024/04/12, 21:38:00, 41.524, -70.672, 0.00, 25.700,, 0.030, 10.3, 10.2, 996.5, 996.4, 0.0, 0.0, 85.010, 78.460, 166, 176, 4.8, 7.3, 91.1, 91.3, 4.8, 7.3, 191.5, 201.6, 998.6, 998.5, 106.770, 381.270, 374.55, 0.0554, 8.2034, 91.200, 0.0, 1440.137, NODATA, NODATA, NODATA, NODATA, 279.500,2024/04/12 21:38:00,2024-04-12 21:38:00+00:00
2024/04/12, 21:39:00, 41.524, -70.672, 0.11, 25.580,, 0.010, 10.2, 10.2, 996.5, 996.5, 0.0, 0.0, 85.010, 78.460, 182, 177, 5.3, 7.0, 90.8, 91.2, 5.3, 7.0, 207.6, 202.6, 998.6, 998.6, 107.580, 381.530, 376.01, 0.0554, 8.2071, 91.200, 0.0, 1440.153, NODATA, NODATA, NODATA, NODATA, 9.500,2024/04/12 21:39:00,2024-04-12 21:39:00+00:00
2024/04/12, 21:40:00, 41.524, -70.672, 0.16, 26.060,, 0.050, 10.2, 10.1, 996.6, 996.5, 0.0, 0.0, 85.010, 78.460, 188, 191, 4.6, 4.8, 91.1, 91.4, 4.6, 4.8, 214.3, 217.3, 998.7, 998.6, 98.490, 381.880, 340.78, 0.0553, 8.1986, 92.100, 0.0, 1440.117, NODATA, NODATA, NODATA, NODATA, 90.000,2024/04/12 21:40:00,2024-04-12 21:40:00+00:00
2024/04/12, 21:41:00, 41.524, -70.672, 0.14, 25.810,, 0.020, 10.1, 10.1, 996.6, 996.4, 0.0, 0.0, 85.010, 78.460, 162, 177, 3.3, 5.0, 91.2, 91.4, 3.3, 5.0, 187.6, 202.7, 998.7, 998.5, 62.550, 382.030, 240.86, 0.0554, 8.1957, 91.200, 0.0, 1440.105, NODATA, NODATA, NODATA, NODATA, 274.800,2024/04/12 21:41:00,2024-04-12 21:41:00+00:00
2024/04/12, 21:42:00, 41.524, -70.672, 0.09, 25.710,, 0.010, 10.1, 10.1, 996.3, 996.5, 0.0, 0.0, 85.010, 78.460, 175, 173, 5.5, 5.9, 91.2, 91.4, 5.5, 5.9, 200.7, 198.7, 998.4, 998.6, 46.430, 381.540, 192.93, 0.0554, 8.1967, 92.100, 0.0, 1440.110, NODATA, NODATA, NODATA, NODATA, 164.100,2024/04/12 21:42:00,2024-04-12 21:42:00+00:00
2024/04/12, 21:43:00, 41.524, -70.672, 0.17, 25.650,, 0.010, 10.1, 10.1, 996.6, 996.4, 0.0, 0.0, 85.010, 78.460, 186, 186, 5.8, 7.9, 91.2, 91.5, 5.8, 7.9, 211.7, 211.7, 998.7, 998.5, 55.640, 381.280, 212.95, 0.0554, 8.1920, 91.500, 0.0, 1440.090, NODATA, NODATA, NODATA, NODATA, 39.800,2024/04/12 21:43:00,2024-04-12 21:43:00+00:00
2024/04/12, 21:44:00, 41.524, -70.672, 0.08, 25.750,, 0.020, 10.1, 10.0, 996.6, 996.6, 0.0, 0.0, 85.010, 78.460, 171, 178, 5.1, 7.1, 91.4, 91.7, 5.1, 7.1, 196.9, 203.8, 998.7, 998.7, 60.620, 380.940, 225.96, 0.0553, 8.1866, 91.500, 0.0, 1440.068, NODATA, NODATA, NODATA, NODATA, 119.100,2024/04/12 21:44:00,2024-04-12 21:44:00+00:00
2024/04/12, 21:45:00, 41.524, -70.672, 0.08, 25.910,, 0.020, 10.0, 10.0, 996.7, 996.6, 0.0, 0.0, 85.010, 78.460, 174, 198, 4.2, 3.6, 91.2, 91.6, 4.2, 3.6, 200.0, 224.1, 998.8, 998.7, 60.270, 380.280, 229.14, 0.0553, 8.1819, 91.200, 0.0, 1440.048, NODATA, NODATA, NODATA, NODATA, 143.100,2024/04/12 21:45:00,2024-04-12 21:45:00+00:00
2024/04/12, 21:46:00, 41.524, -70.672, 0.09, 25.730,, 0.020, 10.0, 10.0, 996.7, 996.7, 0.0, 0.0, 85.010, 78.460, 176, 161, 4.3, 3.9, 91.2, 91.6, 4.3, 3.9, 201.9, 186.9, 998.8, 998.8, 57.670, 380.320, 223.97, 0.0553, 8.1754, 92.800, 0.0, 1440.021, NODATA, NODATA, NODATA, NODATA, 101.300,2024/04/12 21:46:00,2024-04-12 21:46:00+00:00
2024/04/12, 21:47:00, 41.524, -70.672, 0.14, 25.770,, 0.030, 10.0, 10.0, 996.6, 996.6, 0.0, 0.0, 85.010, 78.460, 195, 211, 3.2, 4.5, 91.5, 91.7, 3.2, 4.5, 221.0, 236.9, 998.7, 998.7, 62.500, 380.090, 236.74, 0.0553, 8.1694, 91.200, 0.0, 1439.996, NODATA, NODATA, NODATA, NODATA, 100.600,2024/04/12 21:47:00,2024-04-12 21:47:00+00:00
2024/04/12, 21:48:00, 41.524, -70.672, 0.23, 25.910,, 0.040, 10.0, 9.9, 996.7, 996.6, 0.0, 0.0, 85.010, 78.460, 186, 192, 5.0, 5.9, 91.5, 91.8, 5.0, 5.9, 211.7, 217.8, 998.8, 998.7, 73.440, 380.330, 272.01, 0.0553, 8.1689, 90.900, 0.0, 1439.994, NODATA, NODATA, NODATA, NODATA, 261.500,2024/04/12 21:48:00,2024-04-12 21:48:00+00:00
2024/04/12, 21:49:00, 41.524, -70.672, 0.09, 25.580,, 0.010, 9.9, 9.9, 996.6, 996.5, 0.0, 0.0, 85.010, 78.460, 188, 193, 6.5, 4.9, 91.7, 92.1, 6.5, 4.9, 213.5, 218.5, 998.7, 998.6, 67.200, 379.930, 262.26, 0.0553, 8.1704, 91.500, 0.0, 1440.000, NODATA, NODATA, NODATA, NODATA, 326.300,2024/04/12 21:49:00,2024-04-12 21:49:00+00:00
2024/04/12, 21:50:00, 41.524, -70.672, 0.00, 25.800,, 0.010, 9.9, 9.9, 996.7, 996.7, 0.0, 0.0, 85.010, 78.460, 179, 175, 4.4, 5.0, 91.8, 92.1, 4.4, 5.0, 204.9, 200.9, 998.8, 998.8, 73.100, 380.080, 278.79, 0.0553, 8.1621, 91.200, 0.0, 1439.966, NODATA, NODATA, NODATA, NODATA, 80.500,2024/04/12 21:50:00,2024-04-12 21:50:00+00:00
2024/04/12, 21:51:00, 41.524, -70.672, 0.10, 25.860,, 0.020, 9.9, 9.9, 996.7, 996.8, 0.0, 0.0, 85.010, 78.460, 175, 172, 3.3, 4.2, 91.9, 92.1, 3.3, 4.2, 200.7, 197.7, 998.8, 998.9, 66.180, 380.110, 271.16, 0.0553, 8.1562, 90.900, 0.0, 1439.941, NODATA, NODATA, NODATA, NODATA, 280.300,2024/04/12 21:51:00,2024-04-12 21:51:00+00:00
2024/04/12, 21:52:00, 41.524, -70.672, 0.22, 25.680,, 0.020, 9.9, 9.9, 996.7, 996.8, 0.0, 0.0, 85.010, 78.460, 173, 179, 4.0, 3.5, 91.7, 92.2, 4.0, 3.5, 198.7, 204.7, 998.8, 998.9, 72.440, 379.490, 292.40, 0.0552, 8.1536, 91.200, 0.0, 1439.930, NODATA, NODATA, NODATA, NODATA, 201.800,2024/04/12 21:52:00,2024-04-12 21:52:00+00:00
2024/04/12, 21:53:00, 41.524, -70.672, 0.10, 25.580,, 0.020, 9.9, 9.9, 996.8, 996.8, 0.0, 0.0, 85.010, 78.460, 176, 181, 4.4, 6.2, 91.8, 92.1, 4.4, 6.2, 201.6, 206.6, 998.9, 998.9, 74.390, 378.960, 316.79, 0.0553, 8.1430, 90.900, 0.0, 1439.886, NODATA, NODATA, NODATA, NODATA, 14.000,2024/04/12 21:53:00,2024-04-12 21:53:00+00:00
2024/04/12, 21:54:00, 41.524, -70.672, 0.07, 25.530,, 0.020, 9.9, 9.9, 996.8, 996.6, 0.0, 0.0, 85.010, 78.460, 171, 173, 5.9, 5.0, 91.8, 92.2, 5.9, 5.0, 196.5, 198.5, 998.9, 998.7, 84.780, 379.300, 357.14, 0.0552, 8.1319, 91.200, 0.0, 1439.840, NODATA, NODATA, NODATA, NODATA, 201.800,2024/04/12 21:54:00,2024-04-12 21:54:00+00:00
2024/04/12, 21:55:00, 41.524, -70.672, 0.25, 25.540,, 0.010, 9.9, 9.9, 996.8, 996.8, 0.0, 0.0, 85.010, 78.460, 177, 177, 4.8, 5.6, 91.9, 92.3, 4.8, 5.6, 202.5, 202.5, 998.9, 998.9, 92.260, 378.510, 404.06, 0.0553, 8.1237, 92.100, 0.0, 1439.806, NODATA, NODATA, NODATA, NODATA, 23.200,2024/04/12 21:55:00,2024-04-12 21:55:00+00:00
2024/04/12, 21:56:00, 41.524, -70.672, 0.24, 25.650,, 0.040, 9.9, 9.9, 996.8, 996.8, 0.0, 0.0, 85.010, 78.460, 174, 203, 5.5, 4.4, 92.0, 92.3, 5.5, 4.4, 199.9, 228.8, 998.9, 998.9, 116.780, 377.500, 535.68, 0.0553, 8.1160, 91.800, 0.0, 1439.774, NODATA, NODATA, NODATA, NODATA, 95.700,2024/04/12 21:56:00,2024-04-12 21:56:00+00:00
2024/04/12, 21:57:00, 41.524, -70.672, 0.14, 25.590,, 0.010, 9.9, 9.9, 996.8, 996.8, 0.0, 0.0, 85.010, 78.460, 188, 185, 5.5, 5.6, 92.0, 92.2, 5.5, 5.6, 213.6, 210.6, 998.9, 998.9, 206.410, 375.170, 992.37, 0.0553, 8.1115, 91.200, 0.0, 1439.756, NODATA, NODATA, NODATA, NODATA, 71.600,2024/04/12 21:57:00,2024-04-12 21:57:00+00:00
2024/04/12, 21:58:00, 41.524, -70.672, 0.14, 25.650,, 0.010, 9.9, 9.9, 996.8, 996.8, 0.0, 0.0, 85.010, 78.460, 181, 179, 3.9, 6.5, 92.1, 92.4, 3.9, 6.5, 206.6, 204.6, 998.9, 998.9, 288.230, 363.070, 1579.32, 0.0553, 8.1078, 90.900, 0.0, 1439.740, NODATA, NODATA, NODATA, NODATA, 344.100,2024/04/12 21:58:00,2024-04-12 21:58:00+00:00
2024/04/12, 21:59:00, 41.524, -70.672, 0.15, 25.810,, 0.010, 9.9, 9.9, 996.7, 996.8, 0.0, 0.0, 85.010, 78.460, 170, 173, 4.4, 3.8, 91.9, 92.1, 4.4, 3.8, 195.9, 198.9, 998.8, 998.9, 264.580, 352.290, 1513.04, 0.0553, 8.1032, 91.200, 0.0, 1439.721, NODATA, NODATA, NODATA, NODATA, 123.700,2024/04/12 21:59:00,2024-04-12 21:59:00+00:00
2024/04/12, 22:00:00, 41.524, -70.672, 0.24, 25.630,, 0.070, 10.0, 10.0, 996.8, 996.8, 0.0, 0.0, 85.010, 78.460, 185, 169, 4.4, 6.4, 91.8, 92.2, 4.4, 6.4, 210.3, 194.3, 998.9, 998.9, 246.280, 346.150, 1457.42, 0.0553, 8.0995, 91.800, 0.0, 1439.706, NODATA, NODATA, NODATA, NODATA, 261.900,2024/04/12 22:00:00,2024-04-12 22:00:00+00:00
2024/04/12, 22:01:00, 41.524, -70.672, 0.04, 25.230,, 0.020, 10.0, 10.0, 996.8, 996.8, 0.0, 0.0, 85.010, 78.460, 164, 180, 4.4, 4.6, 91.5, 91.9, 4.4, 4.6, 189.3, 205.3, 998.9, 998.9, 215.930, 332.610, 1378.38, 0.0552, 8.0991, 91.800, 0.0, 1439.704, NODATA, NODATA, NODATA, NODATA, 175.600,2024/04/12 22:01:00,2024-04-12 22:01:00+00:00
2024/04/12, 22:02:00, 41.524, -70.672, 0.14, 25.530,, 0.060, 10.1, 10.1, 997.0, 996.8, 0.0, 0.0, 85.010, 78.460, 183, 170, 6.2, 7.4, 91.2, 91.5, 6.2, 7.4, 208.8, 195.8, 999.1, 998.9, 197.500, 325.630, 1327.83, 0.0553, 8.1016, 91.200, 0.0, 1439.714, NODATA, NODATA, NODATA, NODATA, 97.400,2024/04/12 22:02:00,2024-04-12 22:02:00+00:00
2024/04/12, 22:03:00, 41.524, -70.672, 0.16, 25.660,, 0.000, 10.1, 10.1, 996.8, 996.9, 0.0, 0.0, 85.010, 78.460, 167, 178, 4.9, 7.4, 90.9, 91.3, 4.9, 7.4, 192.7, 203.7, 998.9, 999.0, 191.360, 326.120, 1304.69, 0.0553, 8.1041, 91.800, 0.0, 1439.725, NODATA, NODATA, NODATA, NODATA, 206.600,2024/04/12 22:03:00,2024-04-12 22:03:00+00:00
2024/04/12, 22:04:00, 41.524, -70.672, 0.07, 24.610,, 0.010, 10.2, 10.1, 996.9, 996.9, 0.0, 0.0, 85.010, 78.460, 173, 178, 4.2, 6.5, 90.7, 91.1, 4.2, 6.5, 197.7, 202.7, 999.0, 999.0, 178.970, 318.750, 1270.73, 0.0553, 8.1096, 92.100, 0.0, 1439.748, NODATA, NODATA, NODATA, NODATA, 101.300,2024/04/12 22:04:00,2024-04-12 22:04:00+00:00
2024/04/12, 22:05:00, 41.524, -70.672, 0.07, 24.680,, 0.030, 10.2, 10.1, 996.8, 997.0, 0.0, 0.0, 85.010, 78.460, 171, 165, 5.9, 6.8, 90.5, 90.9, 5.9, 6.8, 195.5, 189.6, 998.9, 999.1, 170.420, 314.340, 1243.12, 0.0555, 8.1114, 92.400, 0.0, 1439.755, NODATA, NODATA, NODATA, NODATA, 266.600,2024/04/12 22:05:00,2024-04-12 22:05:00+00:00
2024/04/12, 22:06:00, 41.524, -70.672, 0.03, 26.200,, 0.020, 10.2, 10.1, 997.0, 996.9, 0.0, 0.0, 85.010, 78.460, 178, 180, 6.6, 6.9, 90.3, 90.7, 6.6, 6.9, 204.1, 206.1, 999.1, 999.0, 168.310, 312.980, 1245.88, 0.0554, 8.1109, 92.400, 0.0, 1439.753, NODATA, NODATA, NODATA, NODATA, 322.100,2024/04/12 22:06:00,2024-04-12 22:06:00+00:00
2024/04/12, 22:07:00, 41.524, -70.672, -0.01, 25.140,, 0.020, 10.2, 10.1, 997.0, 996.9, 0.0, 0.0, 85.010, 78.460, 170, 187, 2.6, 5.4, 90.2, 90.5, 2.6, 5.4, 195.2, 212.1, 999.1, 999.0, 163.510, 312.920, 1232.94, 0.0554, 8.1115, 91.200, 0.0, 1439.756, NODATA, NODATA, NODATA, NODATA, 18.400,2024/04/12 22:07:00,2024-04-12 22:07:00+00:00
2024/04/12, 22:08:00, 41.524, -70.672, 0.14, 25.350,, 0.020, 10.2, 10.2, 997.0, 996.9, 0.0, 0.0, 85.010, 78.460, 166, 182, 4.0, 4.4, 90.2, 90.7, 4.0, 4.4, 191.4, 207.5, 999.1, 999.0, 160.080, 312.610, 1219.25, 0.0554, 8.1100, 91.500, 0.0, 1439.749, NODATA, NODATA, NODATA, NODATA, 150.300,2024/04/12 22:08:00,2024-04-12 22:08:00+00:00
2024/04/12, 22:09:00, 41.524, -70.672, -0.07, 25.420,, 0.020, 10.2, 10.2, 997.0, 997.0, 0.0, 0.0, 85.010, 78.460, 163, 194, 4.0, 4.2, 90.1, 90.5, 4.0, 4.2, 188.6, 219.5, 999.1, 999.1, 155.700, 312.590, 1201.60, 0.0554, 8.1087, 91.800, 0.0, 1439.744, NODATA, NODATA, NODATA, NODATA, 81.300,2024/04/12 22:09:00,2024-04-12 22:09:00+00:00
2024/04/12, 22:10:00, 41.524, -70.672, 0.05, 25.240,, 0.030, 10.2, 10.2, 997.1, 996.9, 0.0, 0.0, 85.010, 78.460, 165, 168, 8.1, 9.2, 90.1, 90.5, 8.1, 9.2, 190.1, 193.2, 999.2, 999.0, 130.330, 312.070, 1041.77, 0.0554, 8.1095, 91.200, 0.0, 1439.747, NODATA, NODATA, NODATA, NODATA, 257.000,2024/04/12 22:10:00,2024-04-12 22:10:00+00:00
2024/04/12, 22:11:00, 41.524, -70.672, 0.18, 25.410,, 0.030, 10.2, 10.2, 997.2, 996.8, 0.0, 0.0, 85.010, 78.460, 161, 178, 3.3, 5.0, 90.0, 90.4, 3.3, 5.0, 186.7, 203.6, 999.3, 998.9, 150.630, 311.920, 1187.43, 0.0554, 8.1119, 93.000, 0.0, 1439.757, NODATA, NODATA, NODATA, NODATA, 97.600,2024/04/12 22:11:00,2024-04-12 22:11:00+00:00
2024/04/12, 22:12:00, 41.524, -70.672, 0.15, 25.530,, 0.020, 10.2, 10.2, 997.0, 997.1, 0.0, 0.0, 85.010, 78.460, 168, 159, 5.2, 4.3, 90.2, 90.4, 5.2, 4.3, 193.5, 184.4, 999.1, 999.2, 148.060, 311.730, 1169.80, 0.0554, 8.1142, 91.800, 0.0, 1439.767, NODATA, NODATA, NODATA, NODATA, 225.000,2024/04/12 22:12:00,2024-04-12 22:12:00+00:00
2024/04/12, 22:13:00, 41.524, -70.672, 0.05, 25.230,, 0.010, 10.2, 10.1, 997.2, 997.0, 0.0, 0.0, 85.010, 78.460, 175, 171, 6.1, 8.1, 90.1, 90.4, 6.1, 8.1, 200.2, 196.2, 999.3, 999.1, 142.840, 312.010, 1145.03, 0.0554, 8.1153, 91.200, 0.0, 1439.771, NODATA, NODATA, NODATA, NODATA, 260.500,2024/04/12 22:13:00,2024-04-12 22:13:00+00:00
2024/04/12, 22:14:00, 41.524, -70.672, 0.01, 25.470,, 0.020, 10.2, 10.2, 997.3, 997.0, 0.0, 0.0, 85.010, 78.460, 168, 190, 6.2, 5.6, 90.5, 90.8, 6.2, 5.6, 193.6, 215.6, 999.4, 999.1, 139.480, 312.440, 1124.42, 0.0554, 8.1149, 91.800, 0.0, 1439.770, NODATA, NODATA, NODATA, NODATA, 135.000,2024/04/12 22:14:00,2024-04-12 22:14:00+00:00
2024/04/12, 22:15:00, 41.524, -70.672, -0.05, 25.700,, 0.010, 10.2, 10.2, 997.1, 997.0, 0.0, 0.0, 85.010, 78.460, 179, 180, 5.5, 6.7, 90.6, 90.9, 5.5, 6.7, 204.7, 205.7, 999.2, 999.1, 135.130, 312.570, 1101.85, 0.0553, 8.1144, 91.800, 0.0, 1439.768, NODATA, NODATA, NODATA, NODATA, 180.000,2024/04/12 22:15:00,2024-04-12 22:15:00+00:00
2024/04/12, 22:16:00, 41.524, -70.672, 0.07, 25.300,, 0.030, 10.3, 10.2, 997.2, 997.2, 0.0, 0.0, 85.010, 78.460, 166, 166, 5.7, 5.3, 90.6, 90.9, 5.7, 5.3, 191.2, 191.2, 999.3, 999.3, 131.270, 312.590, 1088.71, 0.0553, 8.1153, 91.500, 0.0, 1439.771, NODATA, NODATA, NODATA, NODATA, 246.800,2024/04/12 22:16:00,2024-04-12 22:16:00+00:00
2024/04/12, 22:17:00, 41.524, -70.672, 0.18, 25.340,, 0.040, 10.3, 10.2, 997.0, 997.1, 0.0, 0.0, 85.010, 78.460, 189, 176, 4.4, 5.9, 90.6, 90.8, 4.4, 5.9, 214.6, 201.5, 999.1, 999.2, 129.720, 312.850, 1079.55, 0.0553, 8.1176, 91.500, 0.0, 1439.781, NODATA, NODATA, NODATA, NODATA, 96.000,2024/04/12 22:17:00,2024-04-12 22:17:00+00:00
2024/04/12, 22:18:00, 41.524, -70.672, 0.11, 25.830,, 0.040, 10.3, 10.3, 997.3, 997.2, 0.0, 0.0, 85.010, 78.460, 178, 181, 5.2, 6.4, 90.5, 90.9, 5.2, 6.4, 204.0, 207.0, 999.4, 999.3, 127.720, 312.580, 1069.75, 0.0553, 8.1198, 91.500, 0.0, 1439.790, NODATA, NODATA, NODATA, NODATA, 99.000,2024/04/12 22:18:00,2024-04-12 22:18:00+00:00
2024/04/12, 22:19:00, 41.524, -70.672, -0.07, 25.550,, 0.060, 10.3, 10.3, 997.0, 997.2, 0.0, 0.0, 85.010, 78.460, 165, 178, 5.1, 7.1, 90.5, 90.8, 5.1, 7.1, 190.3, 203.4, 999.1, 999.3, 124.680, 312.240, 1054.83, 0.0552, 8.1240, 91.800, 0.0, 1439.807, NODATA, NODATA, NODATA, NODATA, 243.400,2024/04/12 22:19:00,2024-04-12 22:19:00+00:00
2024/04/12, 22:20:00, 41.524, -70.672, 0.08, 25.230,, 0.040, 10.3, 10.3, 997.2, 997.2, 0.0, 0.0, 85.010, 78.460, 175, 165, 5.8, 6.7, 90.4, 90.8, 5.8, 6.7, 200.4, 190.4, 999.3, 999.3, 120.930, 312.240, 1029.67, 0.0552, 8.1223, 90.900, 0.0, 1439.800, NODATA, NODATA, NODATA, NODATA, 126.900,2024/04/12 22:20:00,2024-04-12 22:20:00+00:00
2024/04/12, 22:21:00, 41.524, -70.672, 0.07, 25.680,, 0.010, 10.3, 10.3, 997.2, 997.0, 0.0, 0.0, 85.010, 78.460, 173, 171, 6.8, 5.9, 90.6, 91.1, 6.8, 5.9, 198.6, 196.6, 999.3, 999.1, 119.070, 312.290, 1023.84, 0.0553, 8.1217, 91.800, 0.0, 1439.798, NODATA, NODATA, NODATA, NODATA, 315.000,2024/04/12 22:21:00,2024-04-12 22:21:00+00:00
2024/04/12, 22:22:00, 41.524, -70.672, -0.03, 25.430,, 0.040, 10.3, 10.3, 997.2, 997.2, 0.0, 0.0, 85.010, 78.460, 173, 174, 7.5, 6.7, 90.7, 91.0, 7.5, 6.7, 198.3, 199.3, 999.3, 999.3, 116.160, 312.250, 1007.66, 0.0552, 8.1174, 92.400, 0.0, 1439.780, NODATA, NODATA, NODATA, NODATA, 267.100,2024/04/12 22:22:00,2024-04-12 22:22:00+00:00
2024/04/12, 22:23:00, 41.524, -70.672, 0.04, 25.440,, 0.020, 10.3, 10.3, 997.3, 997.2, 0.0, 0.0, 85.010, 78.460, 167, 180, 3.6, 3.5, 90.4, 90.8, 3.6, 3.5, 192.5, 205.4, 999.4, 999.3, 112.770, 312.440, 990.82, 0.0552, 8.1140, 91.200, 0.0, 1439.766, NODATA, NODATA, NODATA, NODATA, 24.000,2024/04/12 22:23:00,2024-04-12 22:23:00+00:00
2024/04/12, 22:24:00, 41.524, -70.672, 0.11, 25.510,, 0.000, 10.4, 10.3, 997.2, 997.2, 0.0, 0.0, 85.010, 78.460, 178, 203, 5.2, 4.8, 90.7, 91.1, 5.2, 4.8, 203.5, 228.5, 999.3, 999.3, 110.460, 312.530, 975.82, 0.0551, 8.1140, 91.200, 0.0, 1439.766, NODATA, NODATA, NODATA, NODATA, 206.600,2024/04/12 22:24:00,2024-04-12 22:24:00+00:00
2024/04/12, 22:25:00, 41.524, -70.672, -0.04, 25.380,, 0.000, 10.4, 10.4, 997.2, 997.2, 0.0, 0.0, 85.010, 78.460, 180, 209, 3.9, 3.6, 90.9, 91.3, 3.9, 3.6, 205.4, 234.4, 999.3, 999.3, 107.210, 312.430, 960.78, 0.0552, 8.1151, 91.800, 0.0, 1439.770, NODATA, NODATA, NODATA, NODATA, 90.000,2024/04/12 22:25:00,2024-04-12 22:25:00+00:00
2024/04/12, 22:26:00, 41.524, -70.672, 0.14, 25.450,, 0.020, 10.4, 10.4, 997.2, 997.2, 0.0, 0.0, 85.010, 78.460, 182, 185, 6.7, 6.6, 90.6, 90.9, 6.7, 6.6, 207.5, 210.5, 999.3, 999.3, 104.270, 312.450, 945.70, 0.0551, 8.1175, 91.500, 0.0, 1439.780, NODATA, NODATA, NODATA, NODATA, 54.500,2024/04/12 22:26:00,2024-04-12 22:26:00+00:00
2024/04/12, 22:27:00, 41.524, -70.672, 0.07, 25.500,, 0.020, 10.4, 10.4, 997.3, 997.2, 0.0, 0.0, 85.010, 78.460, 171, 195, 5.7, 5.8, 90.8, 91.2, 5.7, 5.8, 196.6, 220.5, 999.4, 999.3, 101.450, 312.510, 927.16, 0.0551, 8.1210, 92.100, 0.0, 1439.795, NODATA, NODATA, NODATA, NODATA, 68.200,2024/04/12 22:27:00,2024-04-12 22:27:00+00:00
2024/04/12, 22:28:00, 41.524, -70.672, 0.02, 25.190,, 0.030, 10.5, 10.4, 997.2, 997.3, 0.0, 0.0, 85.010, 78.460, 165, 174, 4.6, 5.6, 90.4, 91.2, 4.6, 5.6, 190.0, 199.0, 999.3, 999.4, 97.120, 312.100, 901.84, 0.0551, 8.1235, 91.800, 0.0, 1439.805, NODATA, NODATA, NODATA, NODATA, 280.600,2024/04/12 22:28:00,2024-04-12 22:28:00+00:00
2024/04/12, 22:29:00, 41.524, -70.672, 0.15, 25.510,, 0.020, 10.4, 10.4, 997.3, 997.3, 0.0, 0.0, 85.010, 78.460, 166, 193, 9.1, 6.8, 90.1, 90.5, 9.1, 6.8, 191.6, 218.6, 999.4, 999.4, 94.730, 312.130, 890.06, 0.0551, 8.1245, 91.200, 0.0, 1439.809, NODATA, NODATA, NODATA, NODATA, 112.600,2024/04/12 22:29:00,2024-04-12 22:29:00+00:00
2024/04/12, 22:30:00, 41.524, -70.672, 0.03, 25.170,, 0.050, 10.4, 10.4, 997.3, 997.2, 0.0, 0.0, 85.010, 78.460, 165, 168, 5.8, 6.0, 90.6, 91.0, 5.8, 6.0, 190.0, 193.0, 999.4, 999.3, 91.870, 311.570, 866.46, 0.0550, 8.1240, 92.100, 0.0, 1439.807, NODATA, NODATA, NODATA, NODATA, 237.500,2024/04/12 22:30:00,2024-04-12 22:30:00+00:00
2024/04/12, 22:31:00, 41.524, -70.672, 0.03, 25.520,, 0.010, 10.4, 10.4, 997.4, 997.3, 0.0, 0.0, 85.010, 78.460, 168, 186, 4.6, 4.9, 90.3, 90.7, 4.6, 4.9, 193.5, 211.5, 999.5, 999.4, 88.760, 311.620, 839.61, 0.0551, 8.1248, 93.300, 0.0, 1439.811, NODATA, NODATA, NODATA, NODATA, 0.000,2024/04/12 22:31:00,2024-04-12 22:31:00+00:00
2024/04/12, 22:32:00, 41.524, -70.672, -0.04, 25.240,, 0.030, 10.4, 10.4, 997.4, 997.4, 0.0, 0.0, 85.010, 78.460, 174, 175, 6.2, 6.3, 90.4, 90.7, 6.2, 6.3, 199.3, 200.3, 999.5, 999.5, 86.570, 311.970, 830.43, 0.0550, 8.1231, 92.400, 0.0, 1439.803, NODATA, NODATA, NODATA, NODATA, 194.000,2024/04/12 22:32:00,2024-04-12 22:32:00+00:00
2024/04/12, 22:33:00, 41.524, -70.672, 0.00, 25.510,, 0.010, 10.5, 10.4, 997.3, 997.4, 0.0, 0.0, 85.010, 78.460, 158, 177, 5.8, 7.5, 90.7, 90.9, 5.8, 7.5, 183.5, 202.5, 999.4, 999.5, 83.510, 311.900, 811.03, 0.0550, 8.1212, 91.200, 0.0, 1439.795, NODATA, NODATA, NODATA, NODATA, 315.000,2024/04/12 22:33:00,2024-04-12 22:33:00+00:00
2024/04/12, 22:34:00, 41.524, -70.672, -0.16, 24.830,, 0.020, 10.5, 10.4, 997.2, 997.2, 0.0, 0.0, 85.010, 78.460, 187, 185, 5.4, 6.7, 90.6, 90.9, 5.4, 6.7, 211.7, 209.8, 999.3, 999.3, 72.430, 312.130, 783.84, 0.0548, 8.1219, 91.800, 0.0, 1439.798, NODATA, NODATA, NODATA, NODATA, 335.600,2024/04/12 22:34:00,2024-04-12 22:34:00+00:00
2024/04/12, 22:35:00, 41.524, -70.672, 0.04, 24.590,, 0.010, 10.5, 10.5, 997.3, 997.3, 0.0, 0.0, 85.010, 78.460, 174, 181, 5.3, 5.4, 90.4, 90.7, 5.3, 5.4, 198.6, 205.6, 999.4, 999.4, 68.540, 312.280, 756.93, 0.0547, 8.1221, 91.500, 0.0, 1439.799, NODATA, NODATA, NODATA, NODATA, 168.700,2024/04/12 22:35:00,2024-04-12 22:35:00+00:00
2024/04/12, 22:36:00, 41.524, -70.672, -0.04, 24.710,, 0.050, 10.5, 10.5, 997.4, 997.4, 0.0, 0.0, 85.010, 78.460, 163, 170, 5.4, 7.4, 90.4, 90.8, 5.4, 7.4, 187.4, 194.5, 999.5, 999.5, 66.130, 311.950, 735.33, 0.0547, 8.1227, 91.500, 0.0, 1439.801, NODATA, NODATA, NODATA, NODATA, 280.100,2024/04/12 22:36:00,2024-04-12 22:36:00+00:00
2024/04/12, 22:37:00, 41.524, -70.672, -0.03, 24.570,, 0.020, 10.5, 10.5, 997.4, 997.3, 0.0, 0.0, 85.010, 78.460, 170, 171, 5.1, 5.7, 90.1, 90.5, 5.1, 5.7, 194.7, 195.7, 999.5, 999.4, 62.150, 311.760, 706.98, 0.0547, 8.1215, 92.100, 0.0, 1439.796, NODATA, NODATA, NODATA, NODATA, 83.700,2024/04/12 22:37:00,2024-04-12 22:37:00+00:00
2024/04/12, 22:38:00, 41.524, -70.672, -0.05, 24.690,, 0.010, 10.5, 10.5, 997.3, 997.4, 0.0, 0.0, 85.010, 78.460, 177, 191, 5.8, 6.2, 89.9, 90.4, 5.8, 6.2, 201.7, 215.7, 999.4, 999.5, 61.480, 311.720, 690.19, 0.0547, 8.1234, 91.800, 0.0, 1439.804, NODATA, NODATA, NODATA, NODATA, 236.300,2024/04/12 22:38:00,2024-04-12 22:38:00+00:00
2024/04/12, 22:39:00, 41.524, -70.672, 0.02, 24.830,, 0.030, 10.5, 10.5, 997.4, 997.3, 0.0, 0.0, 85.010, 78.460, 175, 179, 9.5, 8.1, 90.0, 90.4, 9.5, 8.1, 199.9, 203.9, 999.5, 999.4, 60.680, 311.690, 674.75, 0.0547, 8.1273, 91.800, 0.0, 1439.820, NODATA, NODATA, NODATA, NODATA, 90.000,2024/04/12 22:39:00,2024-04-12 22:39:00+00:00
2024/04/12, 22:40:00, 41.524, -70.672, -0.10, 24.470,, 0.010, 10.5, 10.5, 997.4, 997.4, 0.0, 0.0, 85.010, 78.460, 154, 171, 3.8, 5.5, 90.0, 90.4, 3.8, 5.5, 178.5, 195.5, 999.5, 999.5, 57.980, 311.400, 644.79, 0.0547, 8.1263, 93.000, 0.0, 1439.816, NODATA, NODATA, NODATA, NODATA, 135.000,2024/04/12 22:40:00,2024-04-12 22:40:00+00:00
2024/04/12, 22:41:00, 41.524, -70.672, -0.18, 24.340,, 0.030, 10.5, 10.5, 997.4, 997.2, 0.0, 0.0, 85.010, 78.460, 170, 168, 4.3, 4.1, 89.8, 90.0, 4.3, 4.1, 194.3, 192.3, 999.5, 999.3, 55.380, 311.490, 614.40, 0.0547, 8.1206, 91.500, 0.0, 1439.793, NODATA, NODATA, NODATA, NODATA, 10.600,2024/04/12 22:41:00,2024-04-12 22:41:00+00:00
2024/04/12, 22:42:00, 41.524, -70.672, -0.18, 23.790,, 0.020, 10.5, 10.5, 997.6, 997.4, 0.0, 0.0, 85.010, 78.460, 177, 185, 6.5, 4.7, 89.9, 90.1, 6.5, 4.7, 200.9, 208.9, 999.7, 999.5, 49.310, 311.800, 573.00, 0.0546, 8.1195, 92.100, 0.0, 1439.788, NODATA, NODATA, NODATA, NODATA, 90.000,2024/04/12 22:42:00,2024-04-12 22:42:00+00:00
2024/04/12, 22:43:00, 41.524, -70.672, -0.18, 24.680,, 0.010, 10.6, 10.5, 997.4, 997.5, 0.0, 0.0, 85.010, 78.460, 180, 174, 6.5, 7.7, 90.0, 90.2, 6.5, 7.7, 204.7, 198.7, 999.5, 999.6, 52.240, 311.410, 574.68, 0.0548, 8.1241, 91.500, 0.0, 1439.807, NODATA, NODATA, NODATA, NODATA, 206.600,2024/04/12 22:43:00,2024-04-12 22:43:00+00:00
2024/04/12, 22:44:00, 41.524, -70.672, -0.15, 24.120,, 0.010, 10.6, 10.5, 997.6, 997.4, 0.0, 0.0, 85.010, 78.460, 175, 173, 3.6, 4.3, 89.5, 89.8, 3.6, 4.3, 199.1, 197.1, 999.7, 999.5, 52.290, 311.210, 559.45, 0.0548, 8.1187, 90.900, 0.0, 1439.785, NODATA, NODATA, NODATA, NODATA, 236.300,2024/04/12 22:44:00,2024-04-12 22:44:00+00:00
2024/04/12, 22:45:00, 41.524, -70.672, -0.02, 24.900,, 0.000, 10.5, 10.5, 997.6, 997.4, 0.0, 0.0, 85.010, 78.460, 165, 169, 7.4, 8.4, 89.2, 89.5, 7.4, 8.4, 189.9, 193.9, 999.7, 999.5, 50.190, 311.010, 540.57, 0.0548, 8.1121, 90.300, 0.0, 1439.757, NODATA, NODATA, NODATA, NODATA, 315.000,2024/04/12 22:45:00,2024-04-12 22:45:00+00:00
2024/04/12, 22:46:00, 41.524, -70.672, 0.12, 24.260,, 0.020, 10.5, 10.5, 997.4, 997.4, 0.0, 0.0, 85.010, 78.460, 186, 187, 3.8, 4.7, 89.1, 89.5, 3.8, 4.7, 210.1, 211.1, 999.5, 999.5, 47.950, 311.150, 514.31, 0.0549, 8.1110, 91.200, 0.0, 1439.753, NODATA, NODATA, NODATA, NODATA, 278.700,2024/04/12 22:46:00,2024-04-12 22:46:00+00:00
2024/04/12, 22:47:00, 41.524, -70.672, 0.07, 24.890,, 0.030, 10.5, 10.5, 997.6, 997.4, 0.0, 0.0, 85.010, 78.460, 169, 165, 5.7, 5.8, 89.1, 89.4, 5.7, 5.8, 193.7, 189.7, 999.7, 999.5, 46.000, 311.260, 496.11, 0.0549, 8.1115, 93.300, 0.0, 1439.755, NODATA, NODATA, NODATA, NODATA, 289.400,2024/04/12 22:47:00,2024-04-12 22:47:00+00:00
2024/04/12, 22:48:00, 41.524, -70.672, 0.07, 25.620,, 0.040, 10.5, 10.4, 997.4, 997.4, 0.0, 0.0, 85.010, 78.460, 170, 169, 8.1, 7.6, 89.1, 89.4, 8.1, 7.6, 195.5, 194.5, 999.5, 999.5, 43.980, 311.500, 477.33, 0.0549, 8.1136, 92.400, 0.0, 1439.764, NODATA, NODATA, NODATA, NODATA, 313.000,2024/04/12 22:48:00,2024-04-12 22:48:00+00:00
2024/04/12, 22:49:00, 41.524, -70.672, 0.07, 24.590,, 0.010, 10.5, 10.5, 997.6, 997.4, 0.0, 0.0, 85.010, 78.460, 172, 175, 6.8, 7.7, 89.1, 89.5, 6.8, 7.7, 196.6, 199.6, 999.7, 999.5, 41.640, 311.510, 453.51, 0.0549, 8.1164, 92.400, 0.0, 1439.775, NODATA, NODATA, NODATA, NODATA, 246.800,2024/04/12 22:49:00,2024-04-12 22:49:00+00:00
2024/04/12, 22:50:00, 41.524, -70.672, 0.05, 24.690,, 0.020, 10.5, 10.5, 997.6, 997.6, 0.0, 0.0, 85.010, 78.460, 175, 181, 4.8, 6.3, 89.1, 89.4, 4.8, 6.3, 199.7, 205.7, 999.7, 999.7, 39.680, 311.740, 433.59, 0.0549, 8.1150, 91.800, 0.0, 1439.770, NODATA, NODATA, NODATA, NODATA, 45.000,2024/04/12 22:50:00,2024-04-12 22:50:00+00:00
2024/04/12, 22:51:00, 41.524, -70.672, 0.09, 24.530,, 0.010, 10.5, 10.5, 997.4, 997.4, 0.0, 0.0, 85.010, 78.460, 180, 186, 5.6, 6.9, 89.0, 89.3, 5.6, 6.9, 204.6, 210.6, 999.5, 999.5, 37.610, 312.260, 406.22, 0.0548, 8.1130, 91.800, 0.0, 1439.761, NODATA, NODATA, NODATA, NODATA, 116.600,2024/04/12 22:51:00,2024-04-12 22:51:00+00:00
2024/04/12, 22:52:00, 41.524, -70.672, 0.09, 25.130,, 0.010, 10.5, 10.5, 997.5, 997.4, 0.0, 0.0, 85.010, 78.460, 179, 175, 6.2, 6.6, 88.8, 89.1, 6.2, 6.6, 204.2, 200.2, 999.6, 999.5, 35.510, 312.710, 381.13, 0.0548, 8.1128, 91.200, 0.0, 1439.760, NODATA, NODATA, NODATA, NODATA, 71.600,2024/04/12 22:52:00,2024-04-12 22:52:00+00:00
2024/04/12, 22:53:00, 41.524, -70.672, 0.08, 24.510,, 0.050, 10.5, 10.5, 997.6, 997.6, 0.0, 0.0, 85.010, 78.460, 172, 172, 5.7, 7.4, 88.7, 89.1, 5.7, 7.4, 196.3, 196.3, 999.7, 999.7, 33.490, 312.700, 357.73, 0.0549, 8.1133, 90.900, 0.0, 1439.762, NODATA, NODATA, NODATA, NODATA, 286.500,2024/04/12 22:53:00,2024-04-12 22:53:00+00:00
2024/04/12, 22:54:00, 41.524, -70.672, 0.04, 28.540,, 0.210, 10.6, 10.5, 997.6, 997.4, 0.0, 0.0, 85.010, 78.460, 169, 168, 8.9, 9.9, 88.5, 88.6, 8.9, 9.9, 196.8, 195.9, 999.7, 999.5, 31.160, 313.200, 331.03, 0.0549, 8.1127, 91.200, 0.0, 1439.760, NODATA, NODATA, NODATA, NODATA, 281.200,2024/04/12 22:54:00,2024-04-12 22:54:00+00:00
2024/04/12, 22:55:00, 41.524, -70.672, -0.81, 31.170,, 1.280, 10.6, 10.6, 997.6, 997.6, 0.0, 0.0, 85.010, 78.460, 183, 191, 7.3, 7.1, 88.2, 88.7, 6.7, 6.4, 212.9, 221.7, 999.7, 999.7, 30.350, 313.380, 308.52, 0.0549, 8.1073, 93.000, 0.0, 1439.738, NODATA, NODATA, NODATA, NODATA, 227.000,2024/04/12 22:55:00,2024-04-12 22:55:00+00:00
2024/04/12, 22:56:00, 41.524, -70.673, -2.13, 42.120,, 2.450, 10.6, 10.6, 997.7, 997.6, 0.0, 0.0, 85.010, 78.460, 161, 164, 10.7, 10.6, 87.9, 88.2, 9.5, 9.4, 200.4, 203.7, 999.8, 999.7, 28.660, 313.150, 282.89, 0.0548, 8.0974, 91.800, 0.0, 1439.696, NODATA, NODATA, NODATA, NODATA, 224.300,2024/04/12 22:56:00,2024-04-12 22:56:00+00:00
2024/04/12, 22:57:00, 41.523, -70.674, -2.88, 72.500,, 1.980, 10.6, 10.6, 997.4, 997.5, 0.0, 0.0, 85.010, 78.460, 144, 147, 12.4, 12.0, 87.5, 87.8, 11.5, 11.1, 214.4, 217.6, 999.5, 999.6, 27.290, 312.400, 257.91, 0.0548, 8.0490, 90.600, 0.0, 1439.495, NODATA, NODATA, NODATA, NODATA, 240.900,2024/04/12 22:57:00,2024-04-12 22:57:00+00:00
2024/04/12, 22:58:00, 41.523, -70.674, -2.82, 148.030,, 1.190, 10.6, 10.6, 997.4, 997.5, 0.0, 0.0, 85.010, 78.460, 77, 80, 12.0, 11.8, 87.4, 87.8, 11.9, 11.7, 227.9, 231.0, 999.5, 999.6, 25.600, 312.520, 232.95, 0.0547, 8.0112, 91.200, 0.0, 1439.337, NODATA, NODATA, NODATA, NODATA, 145.400,2024/04/12 22:58:00,2024-04-12 22:58:00+00:00
2024/04/12, 22:59:00, 41.522, -70.673, -2.82, 167.810,, 5.280, 10.6, 10.5, 997.4, 997.6, 0.0, 0.0, 85.010, 78.460, 42, 39, 13.6, 15.1, 87.4, 87.9, 11.9, 13.3, 219.5, 215.0, 999.5, 999.7, 22.290, 312.120, 218.16, 0.0547, 7.9963, 91.200, 0.0, 1439.275, NODATA, NODATA, NODATA, NODATA, 162.300,2024/04/12 22:59:00,2024-04-12 22:59:00+00:00
2024/04/12, 23:00:00, 41.520, -70.673, -2.82, 168.710,, 7.630, 10.5, 10.5, 997.4, 997.5, 0.0, 0.0, 85.010, 78.460, 32, 26, 14.1, 14.9, 87.8, 87.9, 11.0, 11.5, 211.7, 203.3, 999.5, 999.6, 20.430, 311.680, 197.57, 0.0534, 7.9960, 92.400, 0.0, 1439.272, NODATA, NODATA, NODATA, NODATA, 168.600,2024/04/12 23:00:00,2024-04-12 23:00:00+00:00
2024/04/12, 23:01:00, 41.518, -70.672, -2.82, 166.420,, 8.640, 10.5, 10.5, 996.8, 997.4, 0.0, 0.0, 85.010, 78.460, 33, 30, 15.6, 16.5, 87.8, 88.0, 12.2, 12.9, 211.1, 206.6, 998.9, 999.5, 18.820, 311.700, 184.21, 0.0529, 7.9972, 93.000, 0.0, 1439.276, NODATA, NODATA, NODATA, NODATA, 165.700,2024/04/12 23:01:00,2024-04-12 23:01:00+00:00
2024/04/12, 23:02:00, 41.516, -70.671, -2.82, 165.000,, 8.860, 10.5, 10.5, 996.9, 997.3, 0.0, 0.0, 85.010, 78.460, 32, 31, 18.0, 19.0, 87.8, 87.9, 14.3, 15.2, 206.3, 204.5, 999.0, 999.4, 17.800, 311.960, 174.32, 0.0515, 8.0130, 93.600, 0.0, 1439.341, NODATA, NODATA, NODATA, NODATA, 166.500,2024/04/12 23:02:00,2024-04-12 23:02:00+00:00
2024/04/12, 23:03:00, 41.513, -70.671, -2.82, 166.470,, 8.830, 10.5, 10.5, 997.3, 997.4, 0.0, 0.0, 85.010, 78.460, 32, 27, 16.0, 15.5, 87.7, 87.8, 12.5, 11.7, 210.0, 204.0, 999.4, 999.5, 16.110, 311.110, 160.38, 0.0503, 8.0517, 93.600, 0.0, 1439.500, NODATA, NODATA, NODATA, NODATA, 165.300,2024/04/12 23:03:00,2024-04-12 23:03:00+00:00
2024/04/12, 23:04:00, 41.511, -70.670, 7.30, 167.740,, 8.850, 10.5, 10.5, 997.4, 997.3, 0.0, 0.0, 85.010, 78.460, 31, 25, 17.9, 16.7, 87.6, 87.4, 14.1, 12.6, 207.6, 200.7, 999.5, 999.4, 14.740, 311.500, 146.58, 0.0490, 8.1050, 95.500, 0.0, 1439.720, NODATA, NODATA, NODATA, NODATA, 170.100,2024/04/12 23:04:00,2024-04-12 23:04:00+00:00
2024/04/12, 23:05:00, 41.508, -70.669, 7.45, 169.500,, 9.110, 10.5, 10.5, 997.2, 997.2, 0.0, 0.0, 85.010, 78.460, 32, 27, 17.0, 16.9, 87.3, 87.4, 12.9, 12.6, 210.0, 203.4, 999.3, 999.3, 12.670, 310.910, 125.65, 0.0487, 8.1096, 93.000, 0.0, 1439.739, NODATA, NODATA, NODATA, NODATA, 177.700,2024/04/12 23:05:00,2024-04-12 23:05:00+00:00
2024/04/12, 23:06:00, 41.506, -70.669, 7.68, 170.490,, 9.520, 10.4, 10.5, 997.0, 997.2, 0.0, 0.0, 85.010, 78.460, 34, 27, 18.0, 17.0, 87.4, 87.4, 13.8, 12.5, 213.4, 204.8, 999.1, 999.3, 11.230, 310.390, 114.18, 0.0483, 8.0930, 93.300, 0.0, 1439.670, NODATA, NODATA, NODATA, NODATA, 178.500,2024/04/12 23:06:00,2024-04-12 23:06:00+00:00
2024/04/12, 23:07:00, 41.503, -70.669, 7.68, 178.840,, 10.900, 10.4, 10.4, 997.2, 997.2, 0.0, 0.0, 85.010, 78.460, 29, 21, 18.5, 18.1, 87.2, 87.2, 13.6, 12.9, 217.9, 207.2, 999.3, 999.3, 9.900, 311.540, 103.64, 0.0494, 8.0370, 93.300, 0.0, 1439.438, NODATA, NODATA, NODATA, NODATA, 182.700,2024/04/12 23:07:00,2024-04-12 23:07:00+00:00
2024/04/12, 23:08:00, 41.500, -70.670, 7.68, 203.180,, 11.480, 10.4, 10.4, 997.5, 997.3, 0.0, 0.0, 85.010, 78.460, 14, 5, 19.6, 18.8, 87.8, 87.8, 13.8, 12.9, 221.5, 208.8, 999.6, 999.4, 8.220, 311.400, 90.42, 0.0492, 7.8694, 93.600, 0.0, 1438.738, NODATA, NODATA, NODATA, NODATA, 206.900,2024/04/12 23:08:00,2024-04-12 23:08:00+00:00
2024/04/12, 23:09:00, 41.497, -70.673, 8.04, 211.070,, 12.030, 10.5, 10.5, 996.8, 997.1, 0.0, 0.0, 85.010, 78.460, 1, 358, 19.3, 17.8, 87.2, 87.3, 13.1, 11.7, 210.1, 205.3, 998.9, 999.2, 8.650, 311.260, 90.09, 0.0491, 7.7563, 91.800, 0.0, 1438.264, NODATA, NODATA, NODATA, NODATA, 216.300,2024/04/12 23:09:00,2024-04-12 23:09:00+00:00
2024/04/12, 23:10:00, 41.495, -70.676, 10.95, 211.040,, 12.280, 10.6, 10.6, 997.6, 997.4, 0.0, 0.0, 85.010, 78.460, 359, 355, 18.5, 18.6, 86.1, 86.3, 12.2, 12.4, 206.7, 200.8, 999.7, 999.5, 7.410, 310.920, 82.59, 0.0501, 7.7611, 93.000, 0.0, 1438.286, NODATA, NODATA, NODATA, NODATA, 216.500,2024/04/12 23:10:00,2024-04-12 23:10:00+00:00
2024/04/12, 23:11:00, 41.492, -70.678, 11.05, 209.930,, 12.360, 10.6, 10.6, 997.3, 997.4, 0.0, 0.0, 85.010, 78.460, 4, 359, 20.3, 20.1, 85.6, 85.8, 13.9, 13.8, 213.4, 206.1, 999.4, 999.5, 6.400, 310.390, 65.06, 0.0498, 7.7618, 93.300, 0.0, 1438.288, NODATA, NODATA, NODATA, NODATA, 215.000,2024/04/12 23:11:00,2024-04-12 23:11:00+00:00
2024/04/12, 23:12:00, 41.489, -70.681, 10.90, 214.930,, 12.220, 10.6, 10.6, 997.1, 997.3, 0.0, 0.0, 85.010, 78.460, 356, 349, 19.2, 18.5, 85.4, 85.7, 13.0, 12.5, 207.2, 196.6, 999.2, 999.4, 5.700, 309.980, 68.68, 0.0502, 7.7261, 93.000, 0.0, 1438.139, NODATA, NODATA, NODATA, NODATA, 218.700,2024/04/12 23:12:00,2024-04-12 23:12:00+00:00
2024/04/12, 23:13:00, 41.486, -70.684, 11.00, 217.580,, 12.390, 10.5, 10.5, 997.3, 997.3, 0.0, 0.0, 85.010, 78.460, 356, 349, 19.4, 18.9, 85.0, 85.1, 13.1, 12.8, 210.5, 199.9, 999.4, 999.4, 4.760, 310.770, 60.53, 0.0506, 7.6796, 93.300, 0.0, 1437.944, NODATA, NODATA, NODATA, NODATA, 220.000,2024/04/12 23:13:00,2024-04-12 23:13:00+00:00
2024/04/12, 23:14:00, 41.484, -70.687, 10.60, 228.420,, 12.290, 10.5, 10.5, 997.6, 997.4, 0.0, 0.0, 85.010, 78.460, 345, 339, 18.7, 19.5, 84.7, 84.9, 12.8, 13.9, 205.5, 197.5, 999.7, 999.5, 3.980, 309.920, 54.35, 0.0516, 7.6271, 92.100, 0.0, 1437.725, NODATA, NODATA, NODATA, NODATA, 229.500,2024/04/12 23:14:00,2024-04-12 23:14:00+00:00
2024/04/12, 23:15:00, 41.482, -70.691, 10.77, 231.080,, 12.520, 10.5, 10.5, 997.3, 997.2, 0.0, 0.0, 85.010, 78.460, 342, 337, 18.5, 19.3, 84.6, 84.7, 12.6, 13.7, 203.0, 196.7, 999.4, 999.3, 3.030, 310.080, 47.34, 0.0509, 7.5806, 92.400, 0.0, 1437.528, NODATA, NODATA, NODATA, NODATA, 233.100,2024/04/12 23:15:00,2024-04-12 23:15:00+00:00
2024/04/12, 23:16:00, 41.480, -70.695, 10.96, 230.090,, 12.720, 10.5, 10.5, 997.3, 997.2, 0.0, 0.0, 85.010, 78.460, 345, 338, 17.3, 18.5, 84.5, 84.7, 11.2, 12.8, 205.4, 196.2, 999.4, 999.3, 2.270, 309.190, 42.46, 0.0519, 7.5419, 94.000, 0.0, 1437.366, NODATA, NODATA, NODATA, NODATA, 231.900,2024/04/12 23:16:00,2024-04-12 23:16:00+00:00
2024/04/12, 23:17:00, 41.478, -70.698, 11.08, 232.320,, 12.830, 10.5, 10.4, 997.4, 997.3, 0.0, 0.0, 85.010, 78.460, 342, 336, 18.4, 17.9, 84.5, 84.6, 12.4, 12.3, 204.1, 195.0, 999.5, 999.4, 1.510, 309.190, 38.31, 0.0510, 7.5167, 93.000, 0.0, 1437.259, NODATA, NODATA, NODATA, NODATA, 233.800,2024/04/12 23:17:00,2024-04-12 23:17:00+00:00
2024/04/12, 23:18:00, 41.476, -70.702, 11.02, 237.460,, 12.590, 10.4, 10.4, 997.4, 997.3, 0.0, 0.0, 85.010, 78.460, 338, 332, 18.9, 19.5, 84.8, 84.8, 13.2, 14.2, 204.6, 196.8, 999.5, 999.4, 0.830, 309.480, 34.70, 0.0504, 7.4893, 92.100, 0.0, 1437.142, NODATA, NODATA, NODATA, NODATA, 238.000,2024/04/12 23:18:00,2024-04-12 23:18:00+00:00
2024/04/12, 23:19:00, 41.474, -70.706, 10.92, 236.410,, 12.600, 10.3, 10.3, 997.9, 996.8, 0.0, 0.0, 85.010, 78.460, 337, 332, 19.0, 19.2, 85.2, 85.2, 13.4, 13.9, 201.8, 195.2, 1000.0, 998.9, 0.190, 308.530, 31.35, 0.0510, 7.4801, 94.000, 0.0, 1437.104, NODATA, NODATA, NODATA, NODATA, 237.900,2024/04/12 23:19:00,2024-04-12 23:19:00+00:00
2024/04/12, 23:20:00, 41.472, -70.710, 10.92, 236.830,, 12.730, 10.3, 10.3, 997.3, 997.3, 0.0, 0.0, 85.010, 78.460, 336, 331, 20.0, 20.4, 85.1, 85.1, 14.4, 15.1, 201.6, 195.2, 999.4, 999.4, -0.190, 308.560, 27.77, 0.0521, 7.4836, 92.100, 0.0, 1437.120, NODATA, NODATA, NODATA, NODATA, 238.100,2024/04/12 23:20:00,2024-04-12 23:20:00+00:00
2024/04/12, 23:21:00, 41.470, -70.714, 11.05, 237.030,, 12.720, 10.3, 10.3, 997.6, 997.3, 0.0, 0.0, 85.010, 78.460, 337, 332, 20.5, 20.0, 85.2, 85.2, 14.8, 14.6, 203.7, 196.5, 999.7, 999.4, -0.840, 307.830, 24.96, 0.0511, 7.4872, 94.600, 0.0, 1437.134, NODATA, NODATA, NODATA, NODATA, 238.000,2024/04/12 23:21:00,2024-04-12 23:21:00+00:00
2024/04/12, 23:22:00, 41.468, -70.718, 11.06, 236.640,, 12.600, 10.2, 10.2, 998.0, 997.2, 0.0, 0.0, 85.010, 78.460, 337, 331, 18.5, 19.8, 85.2, 85.2, 12.9, 14.6, 201.6, 194.6, 1000.1, 999.3, -1.300, 306.830, 22.32, 0.0505, 7.4866, 94.800, 0.0, 1437.131, NODATA, NODATA, NODATA, NODATA, 238.200,2024/04/12 23:22:00,2024-04-12 23:22:00+00:00
2024/04/12, 23:23:00, 41.466, -70.722, 11.05, 234.660,, 12.650, 10.0, 10.1, 997.8, 997.4, 0.0, 0.0, 85.010, 78.460, 335, 328, 18.6, 20.6, 85.5, 85.4, 13.2, 15.7, 196.6, 189.1, 999.9, 999.5, -2.010, 306.340, 19.89, 0.0508, 7.4767, 94.000, 0.0, 1437.090, NODATA, NODATA, NODATA, NODATA, 236.900,2024/04/12 23:23:00,2024-04-12 23:23:00+00:00
2024/04/12, 23:24:00, 41.464, -70.726, 11.12, 235.780,, 12.500, 9.9, 9.9, 997.5, 997.2, 0.0, 0.0, 85.010, 78.460, 336, 330, 18.9, 20.9, 86.2, 86.0, 13.4, 15.7, 200.0, 193.6, 999.6, 999.3, -2.360, 306.350, 17.68, 0.0509, 7.4612, 91.800, 0.0, 1437.024, NODATA, NODATA, NODATA, NODATA, 236.800,2024/04/12 23:24:00,2024-04-12 23:24:00+00:00
2024/04/12, 23:25:00, 41.462, -70.730, 11.11, 237.050,, 12.540, 9.8, 9.9, 997.8, 997.2, 0.0, 0.0, 85.010, 78.460, 335, 329, 18.3, 20.1, 86.8, 86.8, 12.8, 15.0, 199.6, 193.1, 999.9, 999.3, -2.740, 306.000, 15.35, 0.0503, 7.4550, 94.600, 0.0, 1436.997, NODATA, NODATA, NODATA, NODATA, 237.300,2024/04/12 23:25:00,2024-04-12 23:25:00+00:00
2024/04/12, 23:26:00, 41.461, -70.734, 11.01, 235.620,, 12.490, 9.7, 9.9, 997.7, 997.3, 0.0, 0.0, 85.010, 78.460, 334, 329, 17.6, 19.3, 87.1, 86.8, 12.3, 14.3, 195.6, 190.7, 999.8, 999.4, -3.130, 305.980, 13.49, 0.0505, 7.4554, 95.200, 0.0, 1436.999, NODATA, NODATA, NODATA, NODATA, 237.100,2024/04/12 23:26:00,2024-04-12 23:26:00+00:00
2024/04/12, 23:27:00, 41.459, -70.738, 11.01, 236.270,, 12.400, 9.6, 9.7, 998.0, 997.4, 0.0, 0.0, 85.010, 78.460, 333, 328, 19.2, 20.2, 87.7, 87.6, 13.9, 15.2, 196.9, 191.2, 1000.1, 999.5, -3.560, 306.890, 11.84, 0.0504, 7.4524, 94.000, 0.0, 1436.986, NODATA, NODATA, NODATA, NODATA, 237.100,2024/04/12 23:27:00,2024-04-12 23:27:00+00:00
2024/04/12, 23:28:00, 41.457, -70.742, 11.13, 236.240,, 12.400, 9.6, 9.6, 998.1, 997.6, 0.0, 0.0, 85.010, 78.460, 334, 327, 18.8, 21.0, 88.3, 88.3, 13.4, 16.0, 198.2, 190.7, 1000.2, 999.7, -3.900, 306.010, 10.32, 0.0505, 7.4452, 94.300, 0.0, 1436.956, NODATA, NODATA, NODATA, NODATA, 236.200,2024/04/12 23:28:00,2024-04-12 23:28:00+00:00
2024/04/12, 23:29:00, 41.455, -70.745, 11.16, 236.670,, 12.330, 9.6, 9.5, 997.6, 997.7, 0.0, 0.0, 85.010, 78.460, 335, 328, 18.3, 19.9, 88.2, 88.5, 12.8, 14.9, 199.6, 191.6, 999.7, 999.8, -4.150, 306.150, 8.97, 0.0504, 7.4397, 93.000, 0.0, 1436.933, NODATA, NODATA, NODATA, NODATA, 236.800,2024/04/12 23:29:00,2024-04-12 23:29:00+00:00
2024/04/12, 23:30:00, 41.453, -70.749, 11.24, 236.200,, 12.300, 9.4, 9.5, 997.9, 997.6, 0.0, 0.0, 85.010, 78.460, 335, 328, 18.8, 20.1, 89.1, 88.9, 13.3, 15.1, 199.6, 191.4, 1000.0, 999.7, -4.430, 306.560, 7.60, 0.0504, 7.4279, 93.600, 0.0, 1436.883, NODATA, NODATA, NODATA, NODATA, 236.300,2024/04/12 23:30:00,2024-04-12 23:30:00+00:00
2024/04/12, 23:31:00, 41.451, -70.753, 10.93, 236.280,, 12.310, 9.4, 9.4, 998.0, 997.4, 0.0, 0.0, 85.010, 78.460, 334, 329, 19.0, 20.9, 89.3, 89.3, 13.6, 15.8, 198.5, 193.4, 1000.1, 999.5, -4.590, 306.560, 6.57, 0.0504, 7.4133, 94.000, 0.0, 1436.821, NODATA, NODATA, NODATA, NODATA, 236.300,2024/04/12 23:31:00,2024-04-12 23:31:00+00:00
2024/04/12, 23:32:00, 41.449, -70.757, 11.02, 236.220,, 12.410, 9.4, 9.4, 997.6, 997.6, 0.0, 0.0, 85.010, 78.460, 334, 327, 19.7, 21.4, 89.7, 89.6, 14.3, 16.4, 198.8, 190.9, 999.7, 999.7, -4.820, 306.970, 5.64, 0.0520, 7.3996, 92.100, 0.0, 1436.765, NODATA, NODATA, NODATA, NODATA, 236.500,2024/04/12 23:32:00,2024-04-12 23:32:00+00:00
2024/04/12, 23:33:00, 41.447, -70.761, 11.01, 236.190,, 12.390, 9.4, 9.4, 997.7, 997.4, 0.0, 0.0, 85.010, 78.460, 331, 326, 18.0, 20.7, 89.9, 89.9, 12.9, 15.9, 193.0, 189.0, 999.8, 999.5, -5.090, 306.620, 4.82, 0.0516, 7.3887, 92.800, 0.0, 1436.719, NODATA, NODATA, NODATA, NODATA, 236.800,2024/04/12 23:33:00,2024-04-12 23:33:00+00:00
2024/04/12, 23:34:00, 41.445, -70.764, 11.13, 236.090,, 12.290, 9.4, 9.5, 997.7, 997.9, 0.0, 0.0, 85.010, 78.460, 334, 327, 19.4, 21.1, 90.0, 89.8, 14.1, 16.3, 198.3, 190.5, 999.8, 1000.0, -5.160, 306.880, 4.09, 0.0509, 7.3763, 94.300, 0.0, 1436.665, NODATA, NODATA, NODATA, NODATA, 237.100,2024/04/12 23:34:00,2024-04-12 23:34:00+00:00
2024/04/12, 23:35:00, 41.444, -70.768, 11.10, 235.810,, 11.790, 9.5, 9.5, 998.0, 997.6, 0.0, 0.0, 85.010, 78.460, 330, 325, 18.1, 20.4, 89.7, 89.8, 13.4, 16.0, 191.7, 187.5, 1000.1, 999.7, -5.220, 306.990, 3.36, 0.0499, 7.3597, 93.000, 0.0, 1436.594, NODATA, NODATA, NODATA, NODATA, 238.400,2024/04/12 23:35:00,2024-04-12 23:35:00+00:00
2024/04/12, 23:36:00, 41.442, -70.772, 11.20, 235.750,, 11.890, 9.4, 9.5, 997.6, 997.3, 0.0, 0.0, 85.010, 78.460, 333, 327, 18.1, 19.8, 89.7, 89.7, 13.1, 15.2, 195.8, 189.5, 999.7, 999.4, -5.310, 307.080, 2.83, 0.0503, 7.3406, 92.800, 0.0, 1436.513, NODATA, NODATA, NODATA, NODATA, 237.400,2024/04/12 23:36:00,2024-04-12 23:36:00+00:00
2024/04/12, 23:37:00, 41.440, -70.776, 11.16, 236.720,, 11.990, 9.4, 9.5, 998.0, 997.3, 0.0, 0.0, 85.010, 78.460, 332, 327, 17.6, 19.4, 89.7, 89.8, 12.6, 14.8, 194.6, 189.9, 1000.1, 999.4, -5.420, 306.930, 2.37, 0.0498, 7.3228, 95.200, 0.0, 1436.437, NODATA, NODATA, NODATA, NODATA, 238.700,2024/04/12 23:37:00,2024-04-12 23:37:00+00:00
2024/04/12, 23:38:00, 41.438, -70.779, 11.13, 235.870,, 11.990, 9.4, 9.4, 997.8, 997.3, 0.0, 0.0, 85.010, 78.460, 335, 327, 19.6, 22.0, 89.6, 89.6, 14.4, 17.3, 199.6, 191.1, 999.9, 999.4, -5.430, 307.370, 1.98, 0.0504, 7.2985, 95.800, 0.0, 1436.335, NODATA, NODATA, NODATA, NODATA, 237.900,2024/04/12 23:38:00,2024-04-12 23:38:00+00:00
2024/04/12, 23:39:00, 41.436, -70.783, 11.08, 235.830,, 11.730, 9.4, 9.4, 997.8, 997.7, 0.0, 0.0, 85.010, 78.460, 333, 329, 18.7, 21.5, 90.1, 89.6, 13.8, 16.8, 196.5, 193.5, 999.9, 999.8, -5.590, 306.930, 1.59, 0.0499, 7.2779, 92.800, 0.0, 1436.247, NODATA, NODATA, NODATA, NODATA, 238.000,2024/04/12 23:39:00,2024-04-12 23:39:00+00:00
2024/04/12, 23:40:00, 41.435, -70.787, 11.04, 235.350,, 11.640, 9.4, 9.5, 998.1, 997.8, 0.0, 0.0, 85.010, 78.460, 337, 330, 17.9, 18.8, 89.8, 89.9, 12.8, 14.1, 200.7, 192.2, 1000.2, 999.9, -5.540, 306.800, 1.31, 0.0501, 7.2556, 94.800, 0.0, 1436.153, NODATA, NODATA, NODATA, NODATA, 237.800,2024/04/12 23:40:00,2024-04-12 23:40:00+00:00
2024/04/12, 23:41:00, 41.433, -70.791, 10.51, 236.200,, 11.340, 9.4, 9.5, 997.7, 997.6, 0.0, 0.0, 85.010, 78.460, 329, 326, 16.0, 18.9, 89.8, 89.9, 11.6, 14.6, 189.1, 188.5, 999.8, 999.7, -5.620, 305.580, 1.08, 0.0501, 7.2354, 94.600, 0.0, 1436.067, NODATA, NODATA, NODATA, NODATA, 238.600,2024/04/12 23:41:00,2024-04-12 23:41:00+00:00
2024/04/12, 23:42:00, 41.431, -70.794, 10.05, 236.670,, 10.960, 9.4, 9.4, 998.2, 997.9, 0.0, 0.0, 85.010, 78.460, 329, 326, 17.3, 19.7, 89.4, 89.4, 13.0, 15.5, 191.8, 190.2, 1000.3, 1000.0, -5.660, 305.460, 0.88, 0.0508, 7.2216, 92.800, 0.0, 1436.009, NODATA, NODATA, NODATA, NODATA, 239.300,2024/04/12 23:42:00,2024-04-12 23:42:00+00:00
2024/04/12, 23:43:00, 41.430, -70.797, 10.12, 235.930,, 10.960, 9.3, 9.3, 998.0, 997.8, 0.0, 0.0, 85.010, 78.460, 329, 323, 17.2, 19.9, 89.9, 89.8, 12.9, 16.0, 190.8, 185.8, 1000.1, 999.9, -5.730, 305.390, 0.72, 0.0510, 7.2091, 92.800, 0.0, 1435.956, NODATA, NODATA, NODATA, NODATA, 239.000,2024/04/12 23:43:00,2024-04-12 23:43:00+00:00
2024/04/12, 23:44:00, 41.428, -70.801, 10.01, 233.380,, 10.790, 9.3, 9.3, 998.3, 998.0, 0.0, 0.0, 85.010, 78.460, 335, 328, 17.5, 19.4, 90.2, 90.2, 12.9, 15.3, 196.4, 189.1, 1000.4, 1000.1, -5.580, 305.500, 0.56, 0.0500, 7.1972, 92.100, 0.0, 1435.904, NODATA, NODATA, NODATA, NODATA, 237.300,2024/04/12 23:44:00,2024-04-12 23:44:00+00:00
2024/04/12, 23:45:00, 41.427, -70.804, 9.71, 234.090,, 10.580, 9.2, 9.2, 998.2, 997.7, 0.0, 0.0, 85.010, 78.460, 331, 325, 17.9, 20.3, 90.5, 90.4, 13.6, 16.4, 192.8, 187.3, 1000.3, 999.8, -5.760, 305.210, 0.46, 0.0506, 7.1844, 92.100, 0.0, 1435.851, NODATA, NODATA, NODATA, NODATA, 237.200,2024/04/12 23:45:00,2024-04-12 23:45:00+00:00
2024/04/12, 23:46:00, 41.425, -70.808, 9.79, 230.940,, 10.410, 9.1, 9.2, 998.2, 997.7, 0.0, 0.0, 85.010, 78.460, 333, 327, 18.1, 19.8, 90.8, 90.8, 13.7, 15.7, 193.0, 186.7, 1000.3, 999.8, -5.820, 304.970, 0.37, 0.0507, 7.1691, 92.800, 0.0, 1435.786, NODATA, NODATA, NODATA, NODATA, 233.000,2024/04/12 23:46:00,2024-04-12 23:46:00+00:00
2024/04/12, 23:47:00, 41.423, -70.810, 9.32, 214.840,, 9.990, 9.1, 9.1, 997.8, 997.9, 0.0, 0.0, 85.010, 78.460, 342, 333, 18.2, 18.9, 91.0, 90.9, 13.6, 14.7, 188.7, 177.5, 999.9, 1000.0, -5.730, 305.280, 0.30, 0.0514, 7.1539, 93.600, 0.0, 1435.722, NODATA, NODATA, NODATA, NODATA, 218.700,2024/04/12 23:47:00,2024-04-12 23:47:00+00:00
2024/04/12, 23:48:00, 41.421, -70.812, 8.97, 188.640,, 9.560, 9.0, 9.1, 997.8, 997.5, 0.0, 0.0, 85.010, 78.460, 1, 353, 18.0, 17.2, 91.4, 91.3, 13.1, 12.4, 188.4, 177.2, 999.9, 999.6, -5.720, 305.670, 0.24, 0.0525, 7.1389, 94.000, 0.0, 1435.660, NODATA, NODATA, NODATA, NODATA, 193.000,2024/04/12 23:48:00,2024-04-12 23:48:00+00:00
2024/04/12, 23:49:00, 41.418, -70.812, 9.00, 159.950,, 9.210, 9.0, 9.0, 997.6, 997.8, 0.0, 0.0, 85.010, 78.460, 24, 19, 19.3, 16.9, 91.9, 91.8, 14.8, 12.3, 188.5, 182.5, 999.7, 999.9, -5.940, 306.200, 0.18, 0.0516, 7.1207, 94.000, 0.0, 1435.581, NODATA, NODATA, NODATA, NODATA, 169.600,2024/04/12 23:49:00,2024-04-12 23:49:00+00:00
2024/04/12, 23:50:00, 41.416, -70.811, 9.52, 153.220,, 9.420, 9.0, 9.0, 997.8, 997.8, 0.0, 0.0, 85.010, 78.460, 34, 27, 18.5, 18.1, 92.2, 91.9, 14.5, 13.8, 196.9, 188.2, 999.9, 999.9, -5.900, 306.560, 0.15, 0.0509, 7.1047, 94.600, 0.0, 1435.512, NODATA, NODATA, NODATA, NODATA, 157.000,2024/04/12 23:50:00,2024-04-12 23:50:00+00:00
2024/04/12, 23:51:00, 41.413, -70.810, 9.45, 158.370,, 9.570, 8.9, 9.0, 998.0, 997.9, 0.0, 0.0, 85.010, 78.460, 33, 28, 17.7, 18.2, 92.9, 92.9, 13.7, 13.9, 201.9, 195.1, 1000.1, 1000.0, -6.040, 306.990, 0.12, 0.0514, 7.1013, 94.300, 0.0, 1435.498, NODATA, NODATA, NODATA, NODATA, 160.800,2024/04/12 23:51:00,2024-04-12 23:51:00+00:00
2024/04/12, 23:52:00, 41.411, -70.809, 9.83, 157.620,, 9.750, 9.0, 9.0, 997.5, 998.2, 0.0, 0.0, 85.010, 78.460, 32, 27, 18.9, 19.0, 93.0, 93.0, 14.8, 14.7, 199.7, 193.3, 999.6, 1000.3, -6.000, 307.640, 0.09, 0.0515, 7.0948, 96.400, 0.0, 1435.470, NODATA, NODATA, NODATA, NODATA, 158.500,2024/04/12 23:52:00,2024-04-12 23:52:00+00:00
2024/04/12, 23:53:00, 41.408, -70.807, 9.93, 156.800,, 9.790, 9.0, 9.0, 997.9, 998.0, 0.0, 0.0, 85.010, 78.460, 31, 26, 18.6, 18.2, 93.5, 93.5, 14.6, 13.9, 198.4, 192.3, 1000.0, 1000.1, -5.970, 308.100, 0.07, 0.0510, 7.0877, 95.800, 0.0, 1435.440, NODATA, NODATA, NODATA, NODATA, 155.600,2024/04/12 23:53:00,2024-04-12 23:53:00+00:00
2024/04/12, 23:54:00, 41.406, -70.806, 9.92, 157.010,, 9.850, 9.0, 9.0, 997.8, 998.0, 0.0, 0.0, 85.010, 78.460, 31, 25, 19.5, 18.1, 93.5, 93.4, 15.2, 13.5, 197.1, 190.1, 999.9, 1000.1, -5.940, 308.590, 0.06, 0.0500, 7.0835, 95.200, 0.0, 1435.420, NODATA, NODATA, NODATA, NODATA, 159.800,2024/04/12 23:54:00,2024-04-12 23:54:00+00:00
2024/04/12, 23:55:00, 41.403, -70.805, 9.88, 157.270,, 9.830, 9.1, 9.1, 997.7, 998.0, 0.0, 0.0, 85.010, 78.460, 34, 27, 17.7, 17.3, 93.8, 93.8, 13.6, 12.9, 202.4, 193.6, 999.8, 1000.1, -5.950, 308.790, 0.04, 0.0501, 7.0847, 94.800, 0.0, 1435.426, NODATA, NODATA, NODATA, NODATA, 159.800,2024/04/12 23:55:00,2024-04-12 23:55:00+00:00
2024/04/12, 23:56:00, 41.401, -70.803, 9.94, 156.410,, 9.820, 9.1, 9.2, 997.7, 998.1, 0.0, 0.0, 85.010, 78.460, 31, 26, 19.7, 19.1, 93.2, 93.2, 15.5, 14.6, 196.5, 190.4, 999.8, 1000.2, -5.930, 308.900, 0.03, 0.0497, 7.1021, 95.800, 0.0, 1435.499, NODATA, NODATA, NODATA, NODATA, 158.600,2024/04/12 23:56:00,2024-04-12 23:56:00+00:00
2024/04/12, 23:57:00, 41.398, -70.802, 9.99, 157.970,, 9.900, 9.2, 9.2, 997.8, 998.2, 0.0, 0.0, 85.010, 78.460, 29, 25, 18.8, 18.4, 92.9, 93.0, 14.6, 14.0, 196.9, 192.0, 999.9, 1000.3, -5.900, 307.950, 0.02, 0.0503, 7.1317, 94.600, 0.0, 1435.626, NODATA, NODATA, NODATA, NODATA, 157.300,2024/04/12 23:57:00,2024-04-12 23:57:00+00:00
2024/04/12, 23:58:00, 41.396, -70.801, 10.04, 157.200,, 9.810, 9.2, 9.2, 998.1, 998.3, 0.0, 0.0, 85.010, 78.460, 33, 27, 18.8, 18.7, 92.6, 92.6, 14.8, 14.4, 200.9, 193.4, 1000.2, 1000.4, -5.770, 308.020, 0.01, 0.0500, 7.1580, 94.800, 0.0, 1435.738, NODATA, NODATA, NODATA, NODATA, 157.100,2024/04/12 23:58:00,2024-04-12 23:58:00+00:00
2024/04/12, 23:59:00, 41.393, -70.799, 9.92, 156.900,, 9.740, 9.2, 9.2, 998.1, 998.4, 0.0, 0.0, 85.010, 78.460, 30, 27, 18.3, 17.6, 92.8, 92.8, 14.1, 13.3, 196.7, 193.3, 1000.2, 1000.5, -5.850, 307.680, 0.00, 0.0497, 7.1689, 95.200, 0.0, 1435.784, NODATA, NODATA, NODATA, NODATA, 158.100,2024/04/12 23:59:00,2024-04-12 23:59:00+00:00
2024/04/19, 00:00:49.148,35.95,-75.125, NAN,47.68,129.28,0.1,12.1,12.1,1014.5,1014.4,0.0,0.0,85.13,78.53,5,3,7.3,7.8,100.0,100.0,7.3,7.8,52.3,50.3,1016.6,1016.5,-5.41,381.45,0.15,29.4217,14.3808,517.2,61.5,1498.266, NAN, NAN, NAN, NAN,,2024/04/19 00:00:49.148,2024-04-19 00:00:49.148000+00:00
2024/04/19, 00:01:49.148,35.95,-75.125, NAN,47.48,117.42,0.12,12.1,12.1,1014.7,1014.6,0.0,0.0,85.13,78.53,11,7,6.9,6.8,100.0,100.0,6.9,6.8,58.0,54.0,1016.8,1016.7,-5.51,382.31,0.11,29.4179,14.3763,517.6,61.5,1498.247, NAN, NAN, NAN, NAN,,2024/04/19 00:01:49.148,2024-04-19 00:01:49.148000+00:00
2024/04/19, 00:02:49.148,35.95,-75.125, NAN,48.21,110.92,0.1,12.1,12.1,1014.7,1014.7,0.0,0.0,85.13,78.53,5,358,8.6,7.6,100.0,100.0,8.6,7.6,52.9,45.8,1016.8,1016.8,-5.53,376.06,0.1,29.4207,14.3706,519.0,61.5,1498.231, NAN, NAN, NAN, NAN,,2024/04/19 00:02:49.148,2024-04-19 00:02:49.148000+00:00
2024/04/19, 00:03:49.148,35.95,-75.125, NAN,48.07,1.9,0.22,12.0,12.1,1014.5,1014.6,0.0,0.0,85.13,78.53,12,6,7.8,7.8,100.0,100.0,7.7,7.7,60.8,54.7,1016.6,1016.7,-5.5,378.71,0.07,29.4206,14.3669,517.6,61.4,1498.219, NAN, NAN, NAN, NAN,,2024/04/19 00:03:49.148,2024-04-19 00:03:49.148000+00:00
2024/04/19, 00:04:49.148,35.95,-75.125, NAN,47.46,68.88,0.07,12.0,12.1,1014.7,1014.6,0.0,0.0,85.13,78.53,5,357,8.4,7.8,100.0,100.0,8.4,7.8,52.5,44.5,1016.8,1016.7,-5.58,379.94,0.06,29.4219,14.3631,516.9,61.5,1498.208, NAN, NAN, NAN, NAN,,2024/04/19 00:04:49.148,2024-04-19 00:04:49.148000+00:00
2024/04/19, 00:05:49.148,35.95,-75.125, NAN,48.79,44.2,0.08,12.0,12.0,1014.5,1014.5,0.0,0.0,85.13,78.53,3,356,8.6,8.5,100.0,100.0,8.6,8.5,51.6,44.6,1016.6,1016.6,-5.59,380.8,0.03,29.4245,14.3564,517.9,61.6,1498.189, NAN, NAN, NAN, NAN,,2024/04/19 00:05:49.148,2024-04-19 00:05:49.148000+00:00
2024/04/19, 00:06:49.148,35.95,-75.125, NAN,47.42,45.16,2.26,12.0,12.0,1014.7,1014.5,0.0,0.0,85.13,78.53,9,3,8.9,8.7,100.0,100.0,7.8,7.5,57.9,51.0,1016.8,1016.6,-5.49,382.05,0.02,29.4273,14.35,517.6,61.5,1498.172, NAN, NAN, NAN, NAN,,2024/04/19 00:06:49.148,2024-04-19 00:06:49.148000+00:00
2024/04/19, 00:07:49.148,35.951,-75.124, NAN,51.17,48.82,6.25,12.0,12.0,1014.5,1014.6,0.0,0.0,85.13,78.53,8,1,10.1,9.6,100.0,100.0,6.9,6.4,63.1,52.9,1016.6,1016.7,-5.51,385.51,0.01,29.4256,14.3408,517.6,61.5,1498.14, NAN, NAN, NAN, NAN,,2024/04/19 00:07:49.148,2024-04-19 00:07:49.148000+00:00
2024/04/19, 00:08:49.148,35.952,-75.122, NAN,49.36,53.96,8.41,12.0,12.0,1014.7,1014.5,0.0,0.0,85.13,78.53,8,359,12.6,11.7,100.0,100.0,8.3,7.4,59.2,45.2,1016.8,1016.6,-5.64,384.92,0.01,29.426,14.3239,519.6,61.6,1498.085, NAN, NAN, NAN, NAN,,2024/04/19 00:08:49.148,2024-04-19 00:08:49.148000+00:00
2024/04/19, 00:09:49.148,35.954,-75.119, NAN,50.86,51.41,9.44,12.0,12.0,1014.5,1014.5,0.0,0.0,85.13,78.53,11,4,13.6,12.8,100.0,100.0,8.9,8.0,67.3,56.7,1016.6,1016.6,-5.55,372.33,0.01,29.4265,14.3038,518.2,61.7,1498.02, NAN, NAN, NAN, NAN,,2024/04/19 00:09:49.148,2024-04-19 00:09:49.148000+00:00
2024/04/19, 00:10:49.148,35.955,-75.116, NAN,50.01,53.15,9.97,12.0,12.0,1014.4,1014.5,0.0,0.0,85.13,78.53,5,359,13.2,12.9,100.0,100.0,8.1,7.8,56.2,46.3,1016.5,1016.6,-5.62,362.74,0.01,29.429,14.3029,518.2,61.6,1498.02, NAN, NAN, NAN, NAN,,2024/04/19 00:10:49.148,2024-04-19 00:10:49.148000+00:00
2024/04/19, 00:11:49.148,35.957,-75.114, NAN,50.26,53.96,10.12,12.0,12.0,1014.4,1014.5,0.0,0.0,85.13,78.53,5,359,13.6,13.6,100.0,100.0,8.4,8.4,55.9,46.2,1016.5,1016.6,-5.55,366.19,0.0,29.4359,14.2984,516.0,61.7,1498.013, NAN, NAN, NAN, NAN,,2024/04/19 00:11:49.148,2024-04-19 00:11:49.148000+00:00
2024/04/19, 00:12:49.148,35.959,-75.111, NAN,50.13,50.56,10.05,11.9,12.0,1014.4,1014.5,0.0,0.0,85.13,78.53,6,359,13.9,13.3,100.0,100.0,8.8,8.1,58.8,47.6,1016.5,1016.6,-5.6,377.09,0.01,29.4453,14.298,516.3,61.8,1498.023, NAN, NAN, NAN, NAN,,2024/04/19 00:12:49.148,2024-04-19 00:12:49.148000+00:00
2024/04/19, 00:13:49.148,35.96,-75.108, NAN,49.37,55.0,10.23,11.9,11.9,1014.4,1014.5,0.0,0.0,85.13,78.53,4,358,13.5,12.9,100.0,100.0,8.2,7.7,52.6,42.5,1016.5,1016.6,-5.52,381.75,-0.0,29.4569,14.2997,515.2,61.8,1498.042, NAN, NAN, NAN, NAN,,2024/04/19 00:13:49.148,2024-04-19 00:13:49.148000+00:00
2024/04/19, 00:14:49.149,35.962,-75.105, NAN,49.6,52.27,10.11,11.9,11.9,1014.4,1014.5,0.0,0.0,85.13,78.53,6,0,13.6,13.2,100.0,100.0,8.4,8.0,57.5,47.7,1016.5,1016.6,-5.52,381.07,-0.01,29.4685,14.2846,514.5,61.8,1498.006, NAN, NAN, NAN, NAN,,2024/04/19 00:14:49.149,2024-04-19 00:14:49.149000+00:00
2024/04/19, 00:15:49.149,35.964,-75.102, NAN,50.49,52.95,10.21,11.9,11.9,1014.5,1014.5,0.0,0.0,85.13,78.53,8,3,13.2,13.0,100.0,100.0,8.0,7.8,62.0,53.8,1016.6,1016.6,-5.48,384.11,-0.01,29.4818,14.2465,513.9,62.0,1497.897, NAN, NAN, NAN, NAN,,2024/04/19 00:15:49.149,2024-04-19 00:15:49.149000+00:00
2024/04/19, 00:16:49.149,35.965,-75.1, NAN,50.31,51.02,10.3,11.9,11.9,1014.4,1014.5,0.0,0.0,85.13,78.53,6,0,13.3,12.6,100.0,100.0,8.0,7.3,58.9,48.8,1016.5,1016.6,-5.62,382.59,-0.01,29.4954,14.1858,513.9,61.8,1497.714, NAN, NAN, NAN, NAN,,2024/04/19 00:16:49.149,2024-04-19 00:16:49.149000+00:00
2024/04/19, 00:17:49.149,35.967,-75.097, NAN,49.65,53.58,10.41,11.9,12.0,1014.4,1014.4,0.0,0.0,85.13,78.53,8,4,14.5,13.8,100.0,100.0,9.2,8.4,59.8,53.5,1016.5,1016.5,-5.56,377.66,-0.01,29.5069,14.127,512.9,61.8,1497.534, NAN, NAN, NAN, NAN,,2024/04/19 00:17:49.149,2024-04-19 00:17:49.149000+00:00
2024/04/19, 00:18:49.149,35.969,-75.094, NAN,50.06,54.55,10.31,11.9,11.9,1014.4,1014.4,0.0,0.0,85.13,78.53,11,6,14.9,14.0,100.0,100.0,9.7,8.7,64.9,57.3,1016.5,1016.5,-5.39,377.97,-0.01,29.5191,14.09,512.9,61.9,1497.427, NAN, NAN, NAN, NAN,,2024/04/19 00:18:49.149,2024-04-19 00:18:49.149000+00:00
2024/04/19, 00:19:49.149,35.97,-75.091, NAN,49.65,54.18,10.22,11.7,11.8,1014.4,1014.3,0.0,0.0,85.13,78.53,6,2,14.3,13.6,100.0,100.0,9.1,8.4,56.6,50.2,1016.5,1016.4,-5.4,374.47,-0.01,29.533,14.0541,513.2,61.8,1497.325, NAN, NAN, NAN, NAN,,2024/04/19 00:19:49.149,2024-04-19 00:19:49.149000+00:00
2024/04/19, 00:20:49.149,35.972,-75.088, NAN,50.12,52.74,10.27,11.7,11.7,1014.4,1014.4,0.0,0.0,85.13,78.53,8,4,13.2,13.2,100.0,100.0,8.0,7.9,61.3,54.6,1016.5,1016.5,-5.49,378.06,-0.01,29.5488,14.0453,513.2,61.8,1497.314, NAN, NAN, NAN, NAN,,2024/04/19 00:20:49.149,2024-04-19 00:20:49.149000+00:00
2024/04/19, 00:21:49.149,35.974,-75.085, NAN,49.93,54.6,10.3,11.7,11.7,1014.7,1014.5,0.0,0.0,85.13,78.53,5,359,14.3,13.6,100.0,100.0,9.0,8.3,55.1,45.3,1016.8,1016.6,-5.56,376.22,-0.01,29.5634,14.0529,512.9,61.8,1497.356, NAN, NAN, NAN, NAN,,2024/04/19 00:21:49.149,2024-04-19 00:21:49.149000+00:00
2024/04/19, 00:22:49.149,35.975,-75.083, NAN,49.94,51.64,10.27,11.7,11.8,1014.6,1014.5,0.0,0.0,85.13,78.53,5,0,14.5,14.1,100.0,100.0,9.2,8.8,56.3,48.4,1016.7,1016.6,-5.58,373.95,-0.01,29.5811,14.0684,514.2,61.6,1497.428, NAN, NAN, NAN, NAN,,2024/04/19 00:22:49.149,2024-04-19 00:22:49.149000+00:00
2024/04/19, 00:23:49.149,35.977,-75.08, NAN,50.24,53.97,10.11,11.8,11.8,1014.5,1014.5,0.0,0.0,85.13,78.53,6,359,12.9,13.5,100.0,100.0,7.7,8.3,58.0,46.5,1016.6,1016.6,-5.41,387.87,-0.01,29.6081,14.0724,512.3,61.6,1497.473, NAN, NAN, NAN, NAN,,2024/04/19 00:23:49.149,2024-04-19 00:23:49.149000+00:00
2024/04/19, 00:24:49.149,35.979,-75.077, NAN,49.84,52.58,10.2,11.7,11.7,1014.5,1014.7,0.0,0.0,85.13,78.53,7,2,12.9,11.5,100.0,100.0,7.7,6.3,59.1,50.4,1016.6,1016.8,-5.51,386.94,-0.01,29.6394,14.054,512.9,61.7,1497.449, NAN, NAN, NAN, NAN,,2024/04/19 00:24:49.149,2024-04-19 00:24:49.149000+00:00
2024/04/19, 00:25:49.149,35.98,-75.074, NAN,50.68,55.57,10.32,11.8,11.8,1014.5,1014.6,0.0,0.0,85.13,78.53,4,359,14.2,14.0,100.0,100.0,8.9,8.7,54.5,46.5,1016.6,1016.7,-5.43,376.22,-0.01,29.6644,14.015,508.8,61.6,1497.35, NAN, NAN, NAN, NAN,,2024/04/19 00:25:49.149,2024-04-19 00:25:49.149000+00:00
2024/04/19, 00:26:49.149,35.982,-75.071, NAN,49.66,54.88,10.13,11.8,11.8,1014.5,1014.5,0.0,0.0,85.13,78.53,3,358,14.1,14.2,100.0,100.0,8.9,9.1,51.3,43.5,1016.6,1016.6,-5.45,378.83,-0.01,29.6849,13.9793,508.8,61.8,1497.256, NAN, NAN, NAN, NAN,,2024/04/19 00:26:49.149,2024-04-19 00:26:49.149000+00:00
2024/04/19, 00:27:49.149,35.984,-75.068, NAN,49.79,59.43,10.25,11.7,11.7,1014.5,1014.5,0.0,0.0,85.13,78.53,3,355,14.5,14.2,100.0,100.0,9.2,9.1,50.8,38.2,1016.6,1016.6,-5.5,359.23,-0.01,29.7107,13.9645,509.2,61.8,1497.238, NAN, NAN, NAN, NAN,,2024/04/19 00:27:49.149,2024-04-19 00:27:49.149000+00:00
2024/04/19, 00:28:49.149,35.985,-75.066, NAN,49.73,53.96,10.11,11.7,11.8,1014.4,1014.6,0.0,0.0,85.13,78.53,5,358,14.8,14.8,100.0,100.0,9.6,9.7,55.0,44.2,1016.5,1016.7,-5.47,367.41,-0.01,29.7412,13.9452,509.6,61.9,1497.21, NAN, NAN, NAN, NAN,,2024/04/19 00:28:49.149,2024-04-19 00:28:49.149000+00:00
2024/04/19, 00:29:49.150,35.987,-75.063, NAN,49.62,56.59,10.11,11.6,11.8,1014.5,1014.4,0.0,0.0,85.13,78.53,0,355,13.0,12.6,100.0,100.0,7.9,7.6,45.7,37.1,1016.6,1016.5,-5.52,364.35,-0.01,29.7783,13.9411,509.6,61.8,1497.24, NAN, NAN, NAN, NAN,,2024/04/19 00:29:49.150,2024-04-19 00:29:49.150000+00:00
2024/04/19, 00:30:49.150,35.989,-75.06, NAN,50.16,54.51,10.25,11.7,11.7,1014.5,1014.5,0.0,0.0,85.13,78.53,0,355,13.1,12.4,100.0,100.0,7.9,7.3,47.3,38.4,1016.6,1016.6,-5.55,364.38,-0.02,29.809,13.9554,507.5,61.9,1497.323, NAN, NAN, NAN, NAN,,2024/04/19 00:30:49.150,2024-04-19 00:30:49.150000+00:00
2024/04/19, 00:31:49.150,35.99,-75.057, NAN,50.32,55.52,10.04,11.7,11.7,1014.7,1014.5,0.0,0.0,85.13,78.53,3,357,13.5,13.7,100.0,100.0,8.3,8.6,52.3,42.8,1016.8,1016.6,-5.58,350.78,-0.01,29.8354,13.9647,508.8,61.7,1497.384, NAN, NAN, NAN, NAN,,2024/04/19 00:31:49.150,2024-04-19 00:31:49.150000+00:00
2024/04/19, 00:32:49.150,35.992,-75.054, NAN,50.04,53.36,10.05,11.7,11.7,1014.7,1014.5,0.0,0.0,85.13,78.53,4,359,13.8,13.5,100.0,100.0,8.6,8.4,54.3,46.2,1016.8,1016.6,-5.54,350.54,-0.02,29.8745,13.9817,507.2,61.8,1497.486, NAN, NAN, NAN, NAN,,2024/04/19 00:32:49.150,2024-04-19 00:32:49.150000+00:00
2024/04/19, 00:33:49.150,35.994,-75.052, NAN,50.56,54.02,10.12,11.6,11.7,1014.7,1014.5,0.0,0.0,85.13,78.53,358,354,12.6,12.9,100.0,100.0,7.5,7.8,44.2,37.8,1016.8,1016.6,-5.76,352.34,-0.02,29.9123,13.9846,505.1,61.8,1497.54, NAN, NAN, NAN, NAN,,2024/04/19 00:33:49.150,2024-04-19 00:33:49.150000+00:00
2024/04/19, 00:34:49.150,35.995,-75.049, NAN,48.98,55.7,10.1,11.7,11.7,1014.6,1014.8,0.0,0.0,85.13,78.53,359,353,13.4,13.2,100.0,100.0,8.3,8.2,43.8,34.0,1016.7,1016.9,-5.71,358.93,-0.01,29.9466,13.9916,505.9,61.8,1497.603, NAN, NAN, NAN, NAN,,2024/04/19 00:34:49.150,2024-04-19 00:34:49.150000+00:00
2024/04/19, 00:35:49.150,35.997,-75.046, NAN,49.55,53.96,10.12,11.7,11.7,1014.8,1014.7,0.0,0.0,85.13,78.53,359,356,12.6,12.2,100.0,100.0,7.4,7.1,45.1,39.7,1016.9,1016.8,-5.71,356.73,-0.01,29.9666,13.994,505.1,62.0,1497.635, NAN, NAN, NAN, NAN,,2024/04/19 00:35:49.150,2024-04-19 00:35:49.150000+00:00
2024/04/19, 00:36:49.150,35.999,-75.043, NAN,50.47,55.47,10.2,11.7,11.7,1014.7,1014.7,0.0,0.0,85.13,78.53,1,354,12.8,12.9,100.0,100.0,7.6,7.8,49.5,37.9,1016.8,1016.8,-5.73,350.81,-0.01,29.9812,14.0333,504.1,61.9,1497.781, NAN, NAN, NAN, NAN,,2024/04/19 00:36:49.150,2024-04-19 00:36:49.150000+00:00
2024/04/19, 00:37:49.150,36.0,-75.04, NAN,49.28,54.04,10.34,11.7,11.8,1014.9,1014.8,0.0,0.0,85.13,78.53,1,357,13.0,12.7,100.0,100.0,7.7,7.5,47.8,40.9,1017.0,1016.9,-5.78,349.11,-0.01,29.9943,14.0634,505.1,61.4,1497.895, NAN, NAN, NAN, NAN,,2024/04/19 00:37:49.150,2024-04-19 00:37:49.150000+00:00
2024/04/19, 00:38:49.150,36.002,-75.038, NAN,49.49,52.38,10.08,11.8,11.8,1014.7,1014.9,0.0,0.0,85.13,78.53,0,354,13.2,12.5,100.0,100.0,8.0,7.4,47.5,37.2,1016.8,1017.0,-5.69,345.89,-0.01,30.004,14.0734,505.1,61.3,1497.939, NAN, NAN, NAN, NAN,,2024/04/19 00:38:49.150,2024-04-19 00:38:49.150000+00:00
2024/04/19, 00:39:49.150,36.004,-75.035, NAN,50.46,52.72,10.14,11.8,11.8,1014.8,1014.7,0.0,0.0,85.13,78.53,4,355,13.8,13.3,100.0,100.0,8.6,8.2,55.3,40.6,1016.9,1016.8,-5.8,346.3,-0.01,29.9973,14.0821,503.8,61.5,1497.96, NAN, NAN, NAN, NAN,,2024/04/19 00:39:49.150,2024-04-19 00:39:49.150000+00:00
2024/04/19, 00:40:49.150,36.005,-75.032, NAN,49.81,55.4,10.02,11.8,11.8,1014.8,1014.8,0.0,0.0,85.13,78.53,359,353,14.0,13.6,100.0,100.0,8.9,8.6,45.5,35.9,1016.9,1016.9,-5.69,344.0,-0.01,29.9735,14.0812,505.9,61.5,1497.929, NAN, NAN, NAN, NAN,,2024/04/19 00:40:49.150,2024-04-19 00:40:49.150000+00:00
2024/04/19, 00:41:49.150,36.007,-75.029, NAN,49.36,54.36,9.95,11.8,11.8,1014.7,1014.7,0.0,0.0,85.13,78.53,356,350,13.3,13.2,100.0,100.0,8.3,8.4,40.0,30.5,1016.8,1016.8,-5.77,343.5,-0.01,29.9294,14.0806,507.8,61.5,1497.876, NAN, NAN, NAN, NAN,,2024/04/19 00:41:49.150,2024-04-19 00:41:49.150000+00:00
2024/04/19, 00:42:49.150,36.009,-75.026, NAN,49.79,55.03,10.13,11.8,11.8,1014.9,1014.7,0.0,0.0,85.13,78.53,358,352,14.3,14.3,100.0,100.0,9.2,9.3,43.8,34.6,1017.0,1016.8,-5.83,343.47,-0.01,29.8784,14.0859,508.8,61.5,1497.834, NAN, NAN, NAN, NAN,,2024/04/19 00:42:49.150,2024-04-19 00:42:49.150000+00:00
2024/04/19, 00:43:49.150,36.01,-75.024, NAN,49.45,53.74,9.96,11.8,11.8,1014.7,1014.6,0.0,0.0,85.13,78.53,0,355,14.1,12.9,100.0,100.0,9.0,7.9,47.3,38.8,1016.8,1016.7,-5.85,342.84,-0.01,29.827,14.0747,510.8,61.7,1497.737, NAN, NAN, NAN, NAN,,2024/04/19 00:43:49.150,2024-04-19 00:43:49.150000+00:00
2024/04/19, 00:44:49.150,36.012,-75.021, NAN,49.76,51.25,10.13,11.8,11.9,1014.7,1014.6,0.0,0.0,85.13,78.53,0,354,13.4,12.3,100.0,100.0,8.2,7.2,48.1,37.6,1016.8,1016.7,-5.84,342.99,-0.01,29.7884,14.0722,511.8,61.5,1497.683, NAN, NAN, NAN, NAN,,2024/04/19 00:44:49.150,2024-04-19 00:44:49.150000+00:00
2024/04/19, 00:45:49.151,36.014,-75.018, NAN,49.7,53.17,10.18,11.9,11.9,1014.8,1014.7,0.0,0.0,85.13,78.53,359,354,14.7,14.5,100.0,100.0,9.5,9.4,46.1,38.3,1016.9,1016.8,-5.77,341.66,-0.01,29.7627,14.0788,512.9,61.4,1497.675, NAN, NAN, NAN, NAN,,2024/04/19 00:45:49.151,2024-04-19 00:45:49.151000+00:00
2024/04/19, 00:46:49.151,36.015,-75.016, NAN,50.39,54.16,10.12,11.9,11.9,1014.8,1014.7,0.0,0.0,85.13,78.53,2,354,13.6,13.6,100.0,100.0,8.4,8.5,51.3,38.4,1016.9,1016.8,-5.73,343.05,-0.01,29.7487,14.0587,513.2,61.8,1497.592, NAN, NAN, NAN, NAN,,2024/04/19 00:46:49.151,2024-04-19 00:46:49.151000+00:00
2024/04/19, 00:47:49.151,36.017,-75.013, NAN,48.9,52.4,10.07,11.9,12.0,1014.8,1014.9,0.0,0.0,85.13,78.53,2,355,14.0,13.7,100.0,100.0,8.8,8.6,50.3,39.0,1016.9,1017.0,-5.73,341.72,-0.01,29.7441,13.9922,513.6,61.7,1497.368, NAN, NAN, NAN, NAN,,2024/04/19 00:47:49.151,2024-04-19 00:47:49.151000+00:00
2024/04/19, 00:48:49.151,36.019,-75.01, NAN,49.64,54.27,9.92,11.9,12.0,1014.7,1014.8,0.0,0.0,85.13,78.53,0,355,14.7,14.1,99.5,99.0,9.6,9.1,47.5,39.6,1016.8,1016.9,-5.6,340.31,-0.01,29.7546,13.9431,513.2,61.5,1497.218, NAN, NAN, NAN, NAN,,2024/04/19 00:48:49.151,2024-04-19 00:48:49.151000+00:00
2024/04/19, 00:49:49.151,36.021,-75.007, NAN,49.97,52.71,9.96,11.9,11.9,1014.7,1014.5,0.0,0.0,85.13,78.53,0,354,14.1,13.3,98.6,98.1,9.0,8.3,48.7,38.9,1016.8,1016.6,-5.77,341.26,-0.01,29.7757,13.9285,513.2,61.5,1497.195, NAN, NAN, NAN, NAN,,2024/04/19 00:49:49.151,2024-04-19 00:49:49.151000+00:00
2024/04/19, 00:50:49.151,36.022,-75.005, NAN,49.77,48.17,10.01,11.9,12.0,1014.7,1014.7,0.0,0.0,85.13,78.53,0,355,14.1,13.3,98.9,98.6,9.0,8.2,49.6,41.4,1016.8,1016.8,-5.83,340.85,-0.01,29.8052,13.9082,513.6,61.7,1497.163, NAN, NAN, NAN, NAN,,2024/04/19 00:50:49.151,2024-04-19 00:50:49.151000+00:00
2024/04/19, 00:51:49.151,36.024,-75.002, NAN,50.37,50.07,9.96,12.0,12.0,1014.5,1014.7,0.0,0.0,85.13,78.53,359,353,15.0,14.4,98.7,98.2,9.9,9.3,48.8,39.5,1016.6,1016.8,-5.73,340.46,-0.01,29.8365,13.8468,512.9,61.7,1496.996, NAN, NAN, NAN, NAN,,2024/04/19 00:51:49.151,2024-04-19 00:51:49.151000+00:00
2024/04/19, 00:52:49.151,36.026,-74.999, NAN,50.27,53.92,10.05,11.9,12.0,1014.9,1014.7,0.0,0.0,85.13,78.53,1,353,14.5,14.2,97.8,97.4,9.3,9.1,50.7,38.2,1017.0,1016.8,-5.79,340.28,-0.01,29.868,13.8033,512.9,61.8,1496.889, NAN, NAN, NAN, NAN,,2024/04/19 00:52:49.151,2024-04-19 00:52:49.151000+00:00
2024/04/19, 00:53:49.151,36.027,-74.996, NAN,50.44,48.97,9.94,12.0,12.0,1014.5,1014.7,0.0,0.0,85.13,78.53,0,355,14.9,14.7,97.5,97.0,9.8,9.6,51.2,43.6,1016.6,1016.8,-5.74,339.09,-0.01,29.9037,13.7927,513.9,61.8,1496.896, NAN, NAN, NAN, NAN,,2024/04/19 00:53:49.151,2024-04-19 00:53:49.151000+00:00
2024/04/19, 00:54:49.151,36.029,-74.994, NAN,50.39,54.13,10.06,11.9,12.0,1014.8,1014.7,0.0,0.0,85.13,78.53,358,353,15.0,14.8,96.5,95.8,9.9,9.8,45.4,37.7,1016.9,1016.8,-5.64,339.19,-0.01,29.9443,13.8365,516.0,61.8,1497.089, NAN, NAN, NAN, NAN,,2024/04/19 00:54:49.151,2024-04-19 00:54:49.151000+00:00
2024/04/19, 00:55:49.151,36.031,-74.991, NAN,49.6,50.6,10.02,11.9,12.0,1014.7,1014.7,0.0,0.0,85.13,78.53,1,355,13.9,14.1,96.0,95.3,8.7,9.0,50.4,41.0,1016.8,1016.8,-5.87,340.14,-0.01,29.9775,13.8738,513.9,61.8,1497.251, NAN, NAN, NAN, NAN,,2024/04/19 00:55:49.151,2024-04-19 00:55:49.151000+00:00
2024/04/19, 00:56:49.151,36.032,-74.988, NAN,50.19,52.73,9.82,12.0,12.1,1014.9,1014.8,0.0,0.0,85.13,78.53,0,355,15.2,14.8,96.8,96.2,10.2,9.8,48.5,40.9,1017.0,1016.9,-5.85,339.16,-0.01,30.0036,13.8844,512.9,62.0,1497.317, NAN, NAN, NAN, NAN,,2024/04/19 00:56:49.151,2024-04-19 00:56:49.151000+00:00
2024/04/19, 00:57:49.151,36.034,-74.986, NAN,49.52,51.02,9.95,12.0,12.1,1014.9,1014.7,0.0,0.0,85.13,78.53,0,355,15.3,15.1,95.7,95.0,10.2,10.0,48.8,41.3,1017.0,1016.8,-5.79,339.03,-0.01,30.0161,13.8917,513.2,62.0,1497.355, NAN, NAN, NAN, NAN,,2024/04/19 00:57:49.151,2024-04-19 00:57:49.151000+00:00
2024/04/19, 00:58:49.151,36.036,-74.983, NAN,49.48,51.87,9.97,12.0,12.1,1014.7,1014.9,0.0,0.0,85.13,78.53,1,355,16.1,15.7,94.9,94.0,11.0,10.6,49.7,40.8,1016.8,1017.0,-5.72,338.38,-0.01,30.025,13.8886,511.8,62.0,1497.356, NAN, NAN, NAN, NAN,,2024/04/19 00:58:49.151,2024-04-19 00:58:49.151000+00:00
2024/04/19, 00:59:49.151,36.038,-74.98, NAN,51.52,55.09,9.89,12.0,12.1,1014.9,1014.8,0.0,0.0,85.13,78.53,358,354,15.2,14.8,94.5,93.7,10.1,9.8,47.7,41.5,1017.0,1016.9,-5.61,338.15,-0.01,30.0358,13.8785,510.2,62.0,1497.335, NAN, NAN, NAN, NAN,,2024/04/19 00:59:49.151,2024-04-19 00:59:49.151000+00:00
2024/04/19, 01:00:49.151,36.039,-74.978, NAN,49.33,53.15,10.0,12.0,12.1,1014.9,1014.8,0.0,0.0,85.13,78.53,1,356,14.4,14.5,94.0,93.3,9.3,9.4,49.4,41.7,1017.0,1016.9,-5.87,339.77,-0.01,30.0461,13.8466,509.6,62.0,1497.242, NAN, NAN, NAN, NAN,,2024/04/19 01:00:49.151,2024-04-19 01:00:49.151000+00:00
2024/04/19, 01:01:49.152,36.041,-74.975, NAN,49.81,50.3,10.06,12.0,12.1,1015.1,1015.1,0.0,0.0,85.13,78.53,1,355,15.0,15.1,94.9,94.0,9.8,10.0,50.9,41.8,1017.2,1017.2,-5.86,339.05,-0.0,30.0493,13.8172,508.9,62.0,1497.148, NAN, NAN, NAN, NAN,,2024/04/19 01:01:49.152,2024-04-19 01:01:49.152000+00:00
2024/04/19, 01:02:49.152,36.043,-74.972, NAN,50.42,49.92,9.83,12.0,12.2,1015.0,1014.9,0.0,0.0,85.13,78.53,0,354,14.7,14.2,93.8,93.0,9.6,9.2,50.6,41.4,1017.1,1017.0,-5.83,339.11,-0.01,30.0601,13.8055,509.9,62.0,1497.122, NAN, NAN, NAN, NAN,,2024/04/19 01:02:49.152,2024-04-19 01:02:49.152000+00:00
2024/04/19, 01:03:49.152,36.044,-74.97, NAN,50.04,51.62,10.0,12.0,12.1,1014.9,1014.8,0.0,0.0,85.13,78.53,359,355,15.0,15.2,93.4,92.5,9.9,10.1,46.9,41.0,1017.0,1016.9,-5.77,338.49,-0.01,30.0691,13.8199,510.5,62.0,1497.18, NAN, NAN, NAN, NAN,,2024/04/19 01:03:49.152,2024-04-19 01:03:49.152000+00:00
2024/04/19, 01:04:49.152,36.046,-74.967, NAN,49.16,52.47,9.8,12.0,12.1,1015.1,1015.0,0.0,0.0,85.13,78.53,0,352,15.0,14.7,93.5,92.7,10.0,9.8,47.6,35.5,1017.2,1017.1,-5.65,338.51,-0.01,30.0744,13.8501,510.2,62.0,1497.286, NAN, NAN, NAN, NAN,,2024/04/19 01:04:49.152,2024-04-19 01:04:49.152000+00:00
2024/04/19, 01:05:49.152,36.048,-74.964, NAN,47.26,45.61,9.67,12.0,12.1,1015.1,1014.9,0.0,0.0,85.13,78.53,2,355,15.6,14.5,92.5,91.6,10.6,9.5,51.2,40.8,1017.2,1017.0,-5.67,338.03,-0.01,30.0751,13.8711,511.8,61.8,1497.356, NAN, NAN, NAN, NAN,,2024/04/19 01:05:49.152,2024-04-19 01:05:49.152000+00:00
2024/04/19, 01:06:49.152,36.05,-74.962, NAN,40.38,44.95,9.5,12.0,12.1,1014.8,1014.9,0.0,0.0,85.13,78.53,4,359,15.4,15.5,92.4,91.6,10.5,10.7,44.1,36.9,1016.9,1017.0,-5.65,338.15,-0.01,30.0673,13.8393,509.2,61.9,1497.242, NAN, NAN, NAN, NAN,,2024/04/19 01:06:49.152,2024-04-19 01:06:49.152000+00:00
2024/04/19, 01:07:49.152,36.052,-74.96, NAN,40.49,45.88,9.77,12.0,12.1,1015.0,1015.0,0.0,0.0,85.13,78.53,8,2,15.4,14.9,91.8,90.8,10.4,9.9,50.8,41.8,1017.1,1017.1,-5.72,337.78,-0.01,30.0546,13.7971,509.2,62.1,1497.088, NAN, NAN, NAN, NAN,,2024/04/19 01:07:49.152,2024-04-19 01:07:49.152000+00:00
2024/04/19, 01:08:49.152,36.054,-74.958, NAN,40.79,39.11,9.82,12.0,12.1,1015.1,1015.1,0.0,0.0,85.13,78.53,4,0,14.8,14.5,92.0,91.2,9.8,9.5,47.0,40.9,1017.2,1017.2,-5.83,338.51,-0.01,30.0498,13.7942,510.8,61.8,1497.073, NAN, NAN, NAN, NAN,,2024/04/19 01:08:49.152,2024-04-19 01:08:49.152000+00:00
2024/04/19, 01:09:49.152,36.056,-74.955, NAN,39.38,38.6,9.85,12.0,12.1,1015.0,1015.1,0.0,0.0,85.13,78.53,8,3,16.2,15.7,92.8,92.1,11.2,10.6,50.8,43.7,1017.1,1017.2,-5.85,337.59,-0.01,30.0553,13.8162,508.8,61.9,1497.152, NAN, NAN, NAN, NAN,,2024/04/19 01:09:49.152,2024-04-19 01:09:49.152000+00:00
2024/04/19, 01:10:49.152,36.058,-74.953, NAN,41.15,44.71,10.03,12.0,12.1,1015.1,1015.1,0.0,0.0,85.13,78.53,7,2,16.5,16.3,92.2,91.6,11.4,11.1,50.3,43.0,1017.2,1017.2,-5.73,337.08,-0.01,30.0579,13.7959,507.8,62.0,1497.088, NAN, NAN, NAN, NAN,,2024/04/19 01:10:49.152,2024-04-19 01:10:49.152000+00:00
2024/04/19, 01:11:49.152,36.06,-74.951, NAN,39.61,36.95,9.86,12.0,12.1,1015.1,1015.3,0.0,0.0,85.13,78.53,8,3,15.5,15.3,91.0,90.0,10.5,10.3,52.0,44.6,1017.2,1017.4,-5.74,337.14,-0.01,30.0563,13.7381,508.4,61.8,1496.895, NAN, NAN, NAN, NAN,,2024/04/19 01:11:49.152,2024-04-19 01:11:49.152000+00:00
2024/04/19, 01:12:49.152,36.062,-74.949, NAN,40.38,43.13,9.89,12.0,12.1,1015.2,1015.1,0.0,0.0,85.13,78.53,5,0,15.8,15.4,91.0,89.9,10.7,10.3,46.8,39.4,1017.3,1017.2,-5.74,337.62,-0.01,30.0692,13.7672,507.8,61.9,1497.006, NAN, NAN, NAN, NAN,,2024/04/19 01:12:49.152,2024-04-19 01:12:49.152000+00:00
2024/04/19, 01:13:49.152,36.064,-74.947, NAN,40.44,44.53,9.91,12.0,12.1,1015.1,1015.2,0.0,0.0,85.13,78.53,6,0,16.0,15.1,91.6,90.7,10.9,10.0,47.8,38.9,1017.2,1017.3,-5.83,337.34,-0.01,30.1108,13.7781,508.4,61.9,1497.091, NAN, NAN, NAN, NAN,,2024/04/19 01:13:49.152,2024-04-19 01:13:49.152000+00:00
2024/04/19, 01:14:49.152,36.066,-74.945, NAN,39.18,38.88,9.8,12.0,12.0,1015.2,1015.2,0.0,0.0,85.13,78.53,7,2,16.2,15.3,91.3,90.5,11.2,10.3,49.8,42.7,1017.3,1017.3,-5.79,336.91,-0.01,30.1008,13.7689,508.1,61.9,1497.049, NAN, NAN, NAN, NAN,,2024/04/19 01:14:49.152,2024-04-19 01:14:49.152000+00:00
2024/04/19, 01:15:49.152,36.068,-74.942, NAN,40.69,41.42,9.92,11.9,12.0,1015.1,1015.2,0.0,0.0,85.13,78.53,4,1,15.8,15.5,91.1,90.3,10.7,10.4,47.0,42.6,1017.2,1017.3,-5.73,336.74,-0.01,30.0967,13.7538,507.8,61.9,1496.994, NAN, NAN, NAN, NAN,,2024/04/19 01:15:49.152,2024-04-19 01:15:49.152000+00:00
2024/04/19, 01:16:49.152,36.071,-74.94, NAN,40.25,41.94,10.08,11.9,12.0,1015.1,1015.3,0.0,0.0,85.13,78.53,4,358,15.3,15.1,90.6,89.7,10.1,9.9,45.3,36.2,1017.2,1017.4,-5.73,337.08,-0.01,30.0979,13.7383,507.5,62.0,1496.944, NAN, NAN, NAN, NAN,,2024/04/19 01:16:49.152,2024-04-19 01:16:49.152000+00:00
2024/04/19, 01:17:49.153,36.073,-74.938, NAN,39.67,43.32,9.9,11.9,12.0,1015.3,1015.3,0.0,0.0,85.13,78.53,9,2,16.5,15.6,91.1,90.1,11.5,10.5,52.0,41.9,1017.4,1017.4,-5.84,337.07,-0.01,30.1025,13.7314,505.9,61.7,1496.927, NAN, NAN, NAN, NAN,,2024/04/19 01:17:49.153,2024-04-19 01:17:49.153000+00:00
2024/04/19, 01:18:49.153,36.075,-74.936, NAN,40.06,41.42,10.02,11.9,12.0,1015.3,1015.4,0.0,0.0,85.13,78.53,8,0,14.7,14.3,90.9,90.1,9.6,9.2,52.6,40.4,1017.4,1017.5,-5.76,337.71,-0.01,30.1082,13.73,506.8,61.9,1496.929, NAN, NAN, NAN, NAN,,2024/04/19 01:18:49.153,2024-04-19 01:18:49.153000+00:00
2024/04/19, 01:19:49.153,36.077,-74.934, NAN,40.6,39.74,10.1,11.9,12.0,1015.4,1015.4,0.0,0.0,85.13,78.53,8,1,15.8,15.2,91.8,90.7,10.7,10.0,52.7,42.3,1017.5,1017.5,-5.8,336.31,-0.01,30.1164,13.7286,506.5,61.9,1496.934, NAN, NAN, NAN, NAN,,2024/04/19 01:19:49.153,2024-04-19 01:19:49.153000+00:00
2024/04/19, 01:20:49.153,36.079,-74.931, NAN,39.85,38.24,9.93,11.9,12.0,1015.4,1015.3,0.0,0.0,85.13,78.53,10,3,14.6,14.3,90.8,90.2,9.6,9.2,55.7,45.1,1017.5,1017.4,-5.82,337.19,-0.01,30.1267,13.6988,505.6,61.9,1496.847, NAN, NAN, NAN, NAN,,2024/04/19 01:20:49.153,2024-04-19 01:20:49.153000+00:00
2024/04/19, 01:21:49.153,36.081,-74.929, NAN,40.86,42.54,10.11,11.9,12.0,1015.5,1015.5,0.0,0.0,85.13,78.53,7,3,14.7,15.0,91.3,90.2,9.5,9.8,51.0,44.8,1017.6,1017.6,-5.86,336.76,-0.01,30.1371,13.6934,505.4,62.0,1496.841, NAN, NAN, NAN, NAN,,2024/04/19 01:21:49.153,2024-04-19 01:21:49.153000+00:00
2024/04/19, 01:22:49.153,36.083,-74.927, NAN,40.61,41.45,10.12,11.9,12.0,1015.5,1015.5,0.0,0.0,85.13,78.53,7,2,15.1,14.8,91.6,91.3,10.0,9.6,51.4,43.9,1017.6,1017.6,-5.86,336.11,-0.01,30.1578,13.6907,505.1,61.9,1496.857, NAN, NAN, NAN, NAN,,2024/04/19 01:22:49.153,2024-04-19 01:22:49.153000+00:00
2024/04/19, 01:23:49.153,36.085,-74.925, NAN,39.93,43.14,10.13,11.9,12.0,1015.7,1015.5,0.0,0.0,85.13,78.53,9,3,15.6,15.0,90.6,89.9,10.4,9.8,52.1,43.2,1017.8,1017.6,-5.92,335.51,-0.02,30.1719,13.6795,505.4,62.0,1496.836, NAN, NAN, NAN, NAN,,2024/04/19 01:23:49.153,2024-04-19 01:23:49.153000+00:00
2024/04/19, 01:24:49.153,36.088,-74.923, NAN,40.13,39.76,10.14,11.9,12.0,1015.7,1015.5,0.0,0.0,85.13,78.53,5,358,15.1,13.3,90.9,90.3,9.9,8.1,47.6,36.6,1017.8,1017.6,-5.89,336.12,-0.02,30.1806,13.679,504.4,62.0,1496.845, NAN, NAN, NAN, NAN,,2024/04/19 01:24:49.153,2024-04-19 01:24:49.153000+00:00
2024/04/19, 01:25:49.153,36.09,-74.92, NAN,40.76,37.01,10.16,11.9,12.0,1015.5,1015.6,0.0,0.0,85.13,78.53,6,0,14.8,14.0,90.8,91.6,9.7,8.8,51.5,42.5,1017.6,1017.7,-5.81,336.4,-0.01,30.1886,13.6952,504.8,62.0,1496.908, NAN, NAN, NAN, NAN,,2024/04/19 01:25:49.153,2024-04-19 01:25:49.153000+00:00
2024/04/19, 01:26:49.153,36.092,-74.918, NAN,39.59,40.52,10.08,11.9,12.0,1015.5,1015.5,0.0,0.0,85.13,78.53,4,358,14.6,14.3,91.9,90.5,9.4,9.1,45.4,36.1,1017.6,1017.6,-5.91,335.66,-0.01,30.1977,13.7059,505.1,62.0,1496.954, NAN, NAN, NAN, NAN,,2024/04/19 01:26:49.153,2024-04-19 01:26:49.153000+00:00
2024/04/19, 01:27:49.153,36.094,-74.916, NAN,40.32,42.23,10.19,11.9,12.0,1015.5,1015.5,0.0,0.0,85.13,78.53,4,357,14.3,13.7,91.1,90.7,9.1,8.5,45.9,34.7,1017.6,1017.6,-5.82,336.55,-0.01,30.191,13.7134,504.4,61.9,1496.971, NAN, NAN, NAN, NAN,,2024/04/19 01:27:49.153,2024-04-19 01:27:49.153000+00:00
2024/04/19, 01:28:49.153,36.096,-74.914, NAN,39.5,40.52,10.19,11.9,11.9,1015.7,1015.7,0.0,0.0,85.13,78.53,6,0,15.4,14.2,91.5,91.0,10.2,9.0,48.4,39.3,1017.8,1017.8,-5.94,335.51,-0.01,30.1825,13.7276,504.8,62.0,1497.008, NAN, NAN, NAN, NAN,,2024/04/19 01:28:49.153,2024-04-19 01:28:49.153000+00:00
2024/04/19, 01:29:49.153,36.098,-74.911, NAN,40.66,42.98,10.4,11.9,12.0,1015.4,1015.6,0.0,0.0,85.13,78.53,8,2,14.2,14.9,91.2,91.3,8.9,9.6,53.2,43.6,1017.5,1017.7,-5.91,336.1,-0.01,30.1824,13.7218,505.4,62.0,1496.989, NAN, NAN, NAN, NAN,,2024/04/19 01:29:49.153,2024-04-19 01:29:49.153000+00:00
2024/04/19, 01:30:49.153,36.101,-74.909, NAN,40.07,41.19,10.36,11.9,11.9,1015.5,1015.7,0.0,0.0,85.13,78.53,10,4,14.7,14.1,90.6,90.3,9.5,8.8,55.2,45.9,1017.6,1017.8,-5.91,335.69,-0.01,30.1819,13.6929,505.4,62.0,1496.892, NAN, NAN, NAN, NAN,,2024/04/19 01:30:49.153,2024-04-19 01:30:49.153000+00:00
2024/04/19, 01:31:49.153,36.103,-74.907, NAN,40.61,41.07,10.42,11.9,11.9,1015.5,1015.5,0.0,0.0,85.13,78.53,4,358,14.7,14.2,90.9,90.8,9.4,8.8,46.9,37.4,1017.6,1017.6,-6.02,336.08,-0.01,30.1868,13.6913,504.8,62.0,1496.893, NAN, NAN, NAN, NAN,,2024/04/19 01:31:49.153,2024-04-19 01:31:49.153000+00:00
2024/04/19, 01:32:49.153,36.105,-74.904, NAN,39.78,42.69,10.42,11.9,11.9,1015.7,1015.5,0.0,0.0,85.13,78.53,5,359,15.2,14.4,91.7,91.9,9.9,9.0,46.9,37.6,1017.8,1017.6,-6.02,335.32,-0.01,30.2103,13.6886,504.8,62.0,1496.911, NAN, NAN, NAN, NAN,,2024/04/19 01:32:49.153,2024-04-19 01:32:49.153000+00:00
2024/04/19, 01:33:49.154,36.107,-74.902, NAN,40.12,39.44,10.26,11.8,11.9,1015.5,1015.6,0.0,0.0,85.13,78.53,5,359,16.3,15.6,90.6,90.7,11.1,10.3,48.0,39.2,1017.6,1017.7,-5.78,334.54,-0.01,30.2134,13.6724,505.4,62.0,1496.861, NAN, NAN, NAN, NAN,,2024/04/19 01:33:49.154,2024-04-19 01:33:49.154000+00:00
2024/04/19, 01:34:49.154,36.109,-74.9, NAN,40.35,38.35,10.26,11.8,11.8,1015.3,1015.6,0.0,0.0,85.13,78.53,5,0,15.7,14.8,89.6,89.7,10.5,9.5,48.2,40.8,1017.4,1017.7,-5.78,334.46,-0.01,30.216,13.671,505.1,62.1,1496.86, NAN, NAN, NAN, NAN,,2024/04/19 01:34:49.154,2024-04-19 01:34:49.154000+00:00
2024/04/19, 01:35:49.154,36.112,-74.898, NAN,40.19,36.07,10.33,11.8,11.8,1015.4,1015.5,0.0,0.0,85.13,78.53,4,357,15.3,14.4,89.6,89.6,10.0,9.1,46.9,36.1,1017.5,1017.6,-5.9,335.09,-0.02,30.2297,13.6649,504.8,61.9,1496.856, NAN, NAN, NAN, NAN,,2024/04/19 01:35:49.154,2024-04-19 01:35:49.154000+00:00
2024/04/19, 01:36:49.154,36.114,-74.895, NAN,39.9,42.07,10.42,11.8,11.8,1015.5,1015.5,0.0,0.0,85.13,78.53,8,3,15.6,15.1,89.9,89.6,10.3,9.8,51.7,44.2,1017.6,1017.6,-5.76,334.66,-0.01,30.2365,13.6587,505.6,62.0,1496.843, NAN, NAN, NAN, NAN,,2024/04/19 01:36:49.154,2024-04-19 01:36:49.154000+00:00
2024/04/19, 01:37:49.154,36.116,-74.893, NAN,40.1,40.34,10.53,11.8,11.8,1015.4,1015.6,0.0,0.0,85.13,78.53,9,2,15.5,15.1,89.8,90.0,10.2,9.7,54.0,43.3,1017.5,1017.7,-5.92,334.29,-0.01,30.2423,13.649,505.1,62.0,1496.818, NAN, NAN, NAN, NAN,,2024/04/19 01:37:49.154,2024-04-19 01:37:49.154000+00:00
2024/04/19, 01:38:49.154,36.118,-74.891, NAN,40.38,40.85,10.51,11.8,11.8,1015.7,1015.7,0.0,0.0,85.13,78.53,7,0,14.9,14.6,89.5,89.6,9.6,9.2,51.0,40.1,1017.8,1017.8,-5.9,334.9,-0.01,30.2481,13.6366,504.1,62.1,1496.783, NAN, NAN, NAN, NAN,,2024/04/19 01:38:49.154,2024-04-19 01:38:49.154000+00:00
2024/04/19, 01:39:49.154,36.12,-74.888, NAN,39.64,38.04,10.49,11.8,11.8,1015.5,1015.4,0.0,0.0,85.13,78.53,5,1,14.9,15.0,89.8,89.6,9.6,9.6,48.0,41.7,1017.6,1017.5,-5.81,334.7,-0.01,30.2565,13.625,504.1,62.0,1496.755, NAN, NAN, NAN, NAN,,2024/04/19 01:39:49.154,2024-04-19 01:39:49.154000+00:00
2024/04/19, 01:40:49.154,36.123,-74.886, NAN,40.38,40.55,10.6,11.8,11.8,1015.8,1015.6,0.0,0.0,85.13,78.53,4,358,14.6,14.1,89.7,89.5,9.2,8.7,47.0,37.4,1017.9,1017.7,-5.82,334.6,-0.01,30.2698,13.6171,503.5,62.0,1496.744, NAN, NAN, NAN, NAN,,2024/04/19 01:40:49.154,2024-04-19 01:40:49.154000+00:00
2024/04/19, 01:41:49.154,36.125,-74.884, NAN,40.06,36.28,10.46,11.7,11.8,1015.7,1015.6,0.0,0.0,85.13,78.53,5,358,14.5,13.4,89.5,89.4,9.2,8.0,49.0,37.9,1017.8,1017.7,-5.96,334.41,-0.01,30.2797,13.5992,503.8,61.9,1496.696, NAN, NAN, NAN, NAN,,2024/04/19 01:41:49.154,2024-04-19 01:41:49.154000+00:00
2024/04/19, 01:42:49.154,36.127,-74.881, NAN,39.98,42.31,10.45,11.8,11.8,1015.7,1015.6,0.0,0.0,85.13,78.53,3,356,14.9,14.6,89.9,90.2,9.5,9.3,44.0,33.0,1017.8,1017.7,-5.9,333.72,-0.01,30.2883,13.5818,503.2,62.0,1496.648, NAN, NAN, NAN, NAN,,2024/04/19 01:42:49.154,2024-04-19 01:42:49.154000+00:00
2024/04/19, 01:43:49.154,36.129,-74.879, NAN,40.04,44.26,10.52,11.7,11.7,1015.5,1015.7,0.0,0.0,85.13,78.53,3,359,15.5,15.7,88.9,89.0,10.1,10.3,43.5,37.4,1017.6,1017.8,-5.87,333.8,-0.01,30.3007,13.5629,503.2,62.1,1496.6, NAN, NAN, NAN, NAN,,2024/04/19 01:43:49.154,2024-04-19 01:43:49.154000+00:00
2024/04/19, 01:44:49.154,36.132,-74.877, NAN,40.16,41.63,10.61,11.7,11.7,1015.7,1015.8,0.0,0.0,85.13,78.53,5,359,14.2,13.6,89.0,88.9,8.8,8.1,48.0,38.2,1017.8,1017.9,-5.94,334.14,-0.02,30.3154,13.5405,504.1,62.0,1496.543, NAN, NAN, NAN, NAN,,2024/04/19 01:44:49.154,2024-04-19 01:44:49.154000+00:00
2024/04/19, 01:45:49.154,36.134,-74.874, NAN,39.71,42.12,10.61,11.7,11.7,1015.6,1015.6,0.0,0.0,85.13,78.53,3,357,14.6,14.4,90.1,90.0,9.1,9.0,43.2,33.6,1017.7,1017.7,-5.96,334.27,-0.01,30.3282,13.5201,504.4,62.0,1496.49, NAN, NAN, NAN, NAN,,2024/04/19 01:45:49.154,2024-04-19 01:45:49.154000+00:00
2024/04/19, 01:46:49.154,36.136,-74.872, NAN,40.49,42.32,10.55,11.7,11.7,1015.8,1015.7,0.0,0.0,85.13,78.53,2,356,15.6,14.6,90.2,90.3,10.2,9.2,42.8,33.3,1017.9,1017.8,-5.82,333.41,-0.01,30.3389,13.5029,503.5,62.0,1496.445, NAN, NAN, NAN, NAN,,2024/04/19 01:46:49.154,2024-04-19 01:46:49.154000+00:00
2024/04/19, 01:47:49.154,36.138,-74.87, NAN,39.93,42.8,10.61,11.7,11.7,1015.8,1015.7,0.0,0.0,85.13,78.53,3,359,15.3,14.6,89.4,89.7,9.8,9.2,43.7,37.3,1017.9,1017.8,-5.85,333.12,-0.01,30.3506,13.4815,503.2,62.0,1496.388, NAN, NAN, NAN, NAN,,2024/04/19 01:47:49.154,2024-04-19 01:47:49.154000+00:00
2024/04/19, 01:48:49.155,36.14,-74.867, NAN,40.08,41.01,10.55,11.6,11.7,1015.7,1015.8,0.0,0.0,85.13,78.53,5,359,15.3,14.9,88.9,89.0,9.9,9.5,47.3,38.0,1017.8,1017.9,-5.88,332.75,-0.01,30.3613,13.4667,503.2,62.0,1496.351, NAN, NAN, NAN, NAN,,2024/04/19 01:48:49.155,2024-04-19 01:48:49.155000+00:00
2024/04/19, 01:49:49.155,36.143,-74.865, NAN,40.55,40.66,10.44,11.6,11.6,1015.8,1015.8,0.0,0.0,85.13,78.53,1,356,14.4,14.1,89.2,89.3,9.0,8.8,41.8,33.8,1017.9,1017.9,-5.97,333.59,-0.01,30.3723,13.4366,501.7,62.0,1496.264, NAN, NAN, NAN, NAN,,2024/04/19 01:49:49.155,2024-04-19 01:49:49.155000+00:00
2024/04/19, 01:50:49.155,36.145,-74.863, NAN,39.27,40.11,10.46,11.6,11.6,1015.8,1015.8,0.0,0.0,85.13,78.53,4,357,13.8,14.5,89.7,89.9,8.4,9.1,45.2,33.9,1017.9,1017.9,-6.0,334.18,-0.01,30.3858,13.3953,500.8,62.0,1496.142, NAN, NAN, NAN, NAN,,2024/04/19 01:50:49.155,2024-04-19 01:50:49.155000+00:00
2024/04/19, 01:51:49.155,36.147,-74.86, NAN,38.85,39.12,10.53,11.6,11.6,1016.0,1015.9,0.0,0.0,85.13,78.53,3,358,13.4,12.8,89.8,89.4,8.0,7.4,42.5,33.9,1018.1,1018.0,-6.05,334.48,-0.02,30.4028,13.3603,499.5,61.9,1496.045, NAN, NAN, NAN, NAN,,2024/04/19 01:51:49.155,2024-04-19 01:51:49.155000+00:00
2024/04/19, 01:52:49.155,36.149,-74.858, NAN,40.01,42.64,10.38,11.7,11.7,1015.8,1015.9,0.0,0.0,85.13,78.53,4,358,14.1,14.5,91.2,91.1,8.8,9.2,44.7,35.2,1017.9,1018.0,-5.9,333.4,-0.01,30.4219,13.3167,499.2,62.0,1495.922, NAN, NAN, NAN, NAN,,2024/04/19 01:52:49.155,2024-04-19 01:52:49.155000+00:00
2024/04/19, 01:53:49.155,36.152,-74.855, NAN,39.53,42.89,10.56,11.6,11.7,1015.9,1015.9,0.0,0.0,85.13,78.53,0,356,14.3,13.5,89.7,89.7,8.9,8.1,38.0,31.2,1018.0,1018.0,-5.91,333.09,-0.01,30.4386,13.257,499.0,61.8,1495.742, NAN, NAN, NAN, NAN,,2024/04/19 01:53:49.155,2024-04-19 01:53:49.155000+00:00
2024/04/19, 01:54:49.155,36.154,-74.853, NAN,40.95,44.38,10.52,11.6,11.6,1015.8,1015.9,0.0,0.0,85.13,78.53,0,357,13.7,13.6,89.9,90.0,8.3,8.2,39.0,34.0,1017.9,1018.0,-5.89,333.33,-0.01,30.4598,13.1966,500.8,61.9,1495.564, NAN, NAN, NAN, NAN,,2024/04/19 01:54:49.155,2024-04-19 01:54:49.155000+00:00
2024/04/19, 01:55:49.155,36.156,-74.851, NAN,41.4,39.2,10.58,11.6,11.6,1015.8,1015.9,0.0,0.0,85.13,78.53,3,356,13.7,13.4,89.8,89.7,8.3,8.0,46.8,35.1,1017.9,1018.0,-6.01,334.06,-0.01,30.4864,13.1327,499.2,61.8,1495.381, NAN, NAN, NAN, NAN,,2024/04/19 01:55:49.155,2024-04-19 01:55:49.155000+00:00
2024/04/19, 01:56:49.155,36.158,-74.848, NAN,40.05,41.87,10.55,11.6,11.6,1015.8,1015.8,0.0,0.0,85.13,78.53,2,357,15.0,14.1,90.2,89.9,9.6,8.7,42.5,34.4,1017.9,1017.9,-5.9,332.64,-0.01,30.5234,13.0758,499.0,61.8,1495.233, NAN, NAN, NAN, NAN,,2024/04/19 01:56:49.155,2024-04-19 01:56:49.155000+00:00
2024/04/19, 01:57:49.155,36.16,-74.846, NAN,39.72,43.46,10.74,11.5,11.6,1015.8,1015.8,0.0,0.0,85.13,78.53,1,355,13.8,13.4,89.6,89.7,8.3,8.0,39.1,28.9,1017.9,1017.9,-6.02,333.95,-0.02,30.5652,13.0274,501.1,61.9,1495.12, NAN, NAN, NAN, NAN,,2024/04/19 01:57:49.155,2024-04-19 01:57:49.155000+00:00
2024/04/19, 01:58:49.155,36.162,-74.843, NAN,39.45,43.01,10.61,11.6,11.6,1015.9,1016.1,0.0,0.0,85.13,78.53,4,358,15.1,14.9,90.5,90.5,9.6,9.5,43.9,34.4,1018.0,1018.2,-5.94,332.84,-0.02,30.5929,12.9851,500.4,61.8,1495.01, NAN, NAN, NAN, NAN,,2024/04/19 01:58:49.155,2024-04-19 01:58:49.155000+00:00
2024/04/19, 01:59:49.155,36.165,-74.841, NAN,45.43,48.39,10.45,11.5,11.6,1015.7,1015.8,0.0,0.0,85.13,78.53,1,357,15.5,15.2,89.5,89.7,10.1,9.9,45.5,39.3,1017.8,1017.9,-5.87,332.52,-0.01,30.6245,12.9747,501.1,61.8,1495.012, NAN, NAN, NAN, NAN,,2024/04/19 01:59:49.155,2024-04-19 01:59:49.155000+00:00
2024/04/19, 02:00:49.155,36.166,-74.838, NAN,48.27,50.17,10.5,11.5,11.5,1015.8,1015.8,0.0,0.0,85.13,78.53,355,349,14.4,14.4,89.0,88.9,9.1,9.2,38.9,29.5,1017.9,1017.9,-5.93,332.3,-0.02,30.7123,12.9709,502.8,61.7,1495.103, NAN, NAN, NAN, NAN,,2024/04/19 02:00:49.155,2024-04-19 02:00:49.155000+00:00
2024/04/19, 02:01:49.155,36.168,-74.835, NAN,47.28,48.17,10.68,11.5,11.5,1015.8,1015.9,0.0,0.0,85.13,78.53,359,350,14.3,14.0,89.4,89.4,8.8,8.7,44.6,29.9,1017.9,1018.0,-6.02,333.02,-0.01,30.8673,12.9309,502.5,61.6,1495.152, NAN, NAN, NAN, NAN,,2024/04/19 02:01:49.155,2024-04-19 02:01:49.155000+00:00
2024/04/19, 02:02:49.155,36.17,-74.832, NAN,47.24,52.78,9.85,11.5,11.5,1016.0,1015.8,0.0,0.0,85.13,78.53,355,348,14.1,13.7,90.1,90.2,9.2,9.0,36.8,25.8,1018.1,1017.9,-5.93,332.45,-0.01,30.9142,12.9074,503.2,61.4,1495.128, NAN, NAN, NAN, NAN,,2024/04/19 02:02:49.155,2024-04-19 02:02:49.155000+00:00
2024/04/19, 02:03:49.155,36.172,-74.83, NAN,46.7,46.15,8.79,11.5,11.5,1016.0,1015.9,0.0,0.0,85.13,78.53,359,353,13.7,13.7,90.1,90.2,9.2,9.2,45.0,36.0,1018.1,1018.0,-6.01,332.61,-0.02,30.9871,12.9127,503.5,61.4,1495.232, NAN, NAN, NAN, NAN,,2024/04/19 02:03:49.155,2024-04-19 02:03:49.155000+00:00
2024/04/19, 02:04:49.155,36.173,-74.828, NAN,43.75,45.2,6.44,11.4,11.5,1015.9,1015.9,0.0,0.0,85.13,78.53,353,345,11.3,11.5,90.2,90.3,8.1,8.4,32.5,21.6,1018.0,1018.0,-5.98,333.54,-0.01,30.9247,12.9355,503.2,61.4,1495.235, NAN, NAN, NAN, NAN,,2024/04/19 02:04:49.155,2024-04-19 02:04:49.155000+00:00
2024/04/19, 02:05:49.156,36.174,-74.827, NAN,30.95,30.41,3.28,11.4,11.5,1016.1,1016.0,0.0,0.0,85.13,78.53,5,356,11.1,10.6,91.0,90.9,9.4,8.9,35.7,25.0,1018.2,1018.1,-6.13,333.16,-0.01,30.846,12.9573,500.4,61.5,1495.215, NAN, NAN, NAN, NAN,,2024/04/19 02:05:49.156,2024-04-19 02:05:49.156000+00:00
2024/04/19, 02:06:49.156,36.175,-74.826, NAN,31.02,34.85,1.31,11.4,11.4,1016.1,1016.0,0.0,0.0,85.13,78.53,9,2,10.4,10.0,91.2,91.2,9.7,9.3,40.0,32.5,1018.2,1018.1,-6.07,332.77,-0.01,30.8035,12.9601,499.5,61.6,1495.175, NAN, NAN, NAN, NAN,,2024/04/19 02:06:49.156,2024-04-19 02:06:49.156000+00:00
2024/04/19, 02:07:49.156,36.175,-74.826, NAN,29.98,98.41,0.19,11.4,11.4,1016.1,1016.1,0.0,0.0,85.13,78.53,9,4,8.3,8.4,90.6,90.8,8.2,8.3,38.8,33.7,1018.2,1018.2,-6.2,334.0,-0.01,30.7919,12.9517,497.1,61.6,1495.133, NAN, NAN, NAN, NAN,,2024/04/19 02:07:49.156,2024-04-19 02:07:49.156000+00:00
2024/04/19, 02:08:49.156,36.175,-74.826, NAN,34.75,50.22,0.13,11.4,11.4,1016.3,1016.1,0.0,0.0,85.13,78.53,2,358,8.5,7.1,90.6,91.8,8.4,7.1,36.5,32.4,1018.4,1018.2,-6.31,335.01,-0.02,30.792,12.9445,498.4,61.5,1495.108, NAN, NAN, NAN, NAN,,2024/04/19 02:08:49.156,2024-04-19 02:08:49.156000+00:00
2024/04/19, 02:09:49.156,36.175,-74.826, NAN,34.91,61.48,0.13,11.4,11.4,1016.2,1016.2,0.0,0.0,85.13,78.53,0,352,9.8,9.1,93.0,93.2,9.8,9.1,35.2,27.2,1018.3,1018.3,-6.29,332.91,-0.01,30.8063,12.9118,495.6,61.5,1495.015, NAN, NAN, NAN, NAN,,2024/04/19 02:09:49.156,2024-04-19 02:09:49.156000+00:00
2024/04/19, 02:10:49.156,36.175,-74.826, NAN,34.38,103.87,0.06,11.3,11.4,1016.1,1016.1,0.0,0.0,85.13,78.53,3,356,7.7,8.0,91.1,91.2,7.7,8.0,37.2,30.2,1018.2,1018.2,-6.24,334.23,-0.01,30.8783,12.8713,495.3,61.5,1494.963, NAN, NAN, NAN, NAN,,2024/04/19 02:10:49.156,2024-04-19 02:10:49.156000+00:00
2024/04/19, 02:11:49.156,36.175,-74.826, NAN,29.8,305.84,0.18,11.3,11.3,1016.2,1016.2,0.0,0.0,85.13,78.53,2,353,8.7,8.5,91.9,91.7,8.8,8.5,32.3,23.3,1018.3,1018.3,-6.33,333.99,-0.01,31.0625,12.8134,494.7,60.2,1494.986, NAN, NAN, NAN, NAN,,2024/04/19 02:11:49.156,2024-04-19 02:11:49.156000+00:00
2024/04/19, 02:12:49.156,36.175,-74.826, NAN,29.48,130.42,0.12,11.3,11.3,1016.2,1016.2,0.0,0.0,85.13,78.53,6,2,9.3,8.9,92.2,92.3,9.3,8.9,35.2,31.2,1018.3,1018.3,-6.28,333.11,-0.01,31.1472,12.8138,493.7,60.1,1495.087, NAN, NAN, NAN, NAN,,2024/04/19 02:12:49.156,2024-04-19 02:12:49.156000+00:00
2024/04/19, 02:13:49.156,36.175,-74.826, NAN,29.6,303.82,0.22,11.3,11.3,1016.2,1016.3,0.0,0.0,85.13,78.53,8,5,9.5,8.7,91.5,91.7,9.5,8.7,38.3,35.3,1018.3,1018.4,-6.33,333.41,-0.01,31.1478,12.8154,493.1,60.2,1495.094, NAN, NAN, NAN, NAN,,2024/04/19 02:13:49.156,2024-04-19 02:13:49.156000+00:00
2024/04/19, 02:14:49.156,36.175,-74.826, NAN,29.72,114.33,0.17,11.2,11.3,1016.2,1016.2,0.0,0.0,85.13,78.53,7,2,9.2,9.0,91.9,91.8,9.1,9.0,36.3,31.3,1018.3,1018.3,-6.31,333.11,-0.01,31.0934,12.8211,494.0,60.5,1495.048, NAN, NAN, NAN, NAN,,2024/04/19 02:14:49.156,2024-04-19 02:14:49.156000+00:00
2024/04/19, 02:15:49.156,36.175,-74.826, NAN,30.06,294.96,0.19,11.2,11.2,1016.3,1016.2,0.0,0.0,85.13,78.53,8,2,8.8,8.6,91.4,91.4,8.8,8.6,38.7,32.7,1018.4,1018.3,-6.32,333.09,-0.01,31.0536,12.8128,493.4,60.4,1494.973, NAN, NAN, NAN, NAN,,2024/04/19 02:15:49.156,2024-04-19 02:15:49.156000+00:00
2024/04/19, 02:16:49.156,36.175,-74.826, NAN,29.5,63.63,0.02,11.2,11.2,1016.3,1016.3,0.0,0.0,85.13,78.53,8,0,9.0,8.3,91.7,91.8,9.0,8.3,37.6,29.6,1018.4,1018.4,-6.25,333.17,-0.01,30.9504,12.8183,493.7,60.5,1494.87, NAN, NAN, NAN, NAN,,2024/04/19 02:16:49.156,2024-04-19 02:16:49.156000+00:00
2024/04/19, 02:17:49.156,36.175,-74.826, NAN,29.56,293.36,0.27,11.2,11.2,1016.3,1016.3,0.0,0.0,85.13,78.53,7,1,8.5,8.3,92.4,91.8,8.5,8.3,37.5,31.5,1018.4,1018.4,-6.33,333.55,-0.01,30.9022,12.8323,495.0,60.6,1494.86, NAN, NAN, NAN, NAN,,2024/04/19 02:17:49.156,2024-04-19 02:17:49.156000+00:00
2024/04/19, 02:18:49.156,36.175,-74.826, NAN,29.81,95.93,0.12,11.2,11.2,1016.2,1016.4,0.0,0.0,85.13,78.53,7,3,8.6,8.8,91.7,91.5,8.6,8.8,37.1,33.1,1018.3,1018.5,-6.28,332.98,-0.02,30.8661,12.8558,494.7,60.8,1494.897, NAN, NAN, NAN, NAN,,2024/04/19 02:18:49.156,2024-04-19 02:18:49.156000+00:00
2024/04/19, 02:19:49.156,36.175,-74.826, NAN,29.55,48.03,0.14,11.2,11.2,1016.3,1016.3,0.0,0.0,85.13,78.53,8,5,8.0,7.6,91.9,91.9,7.9,7.5,37.5,34.4,1018.4,1018.4,-6.36,334.58,-0.01,30.8375,12.8718,493.7,60.9,1494.917, NAN, NAN, NAN, NAN,,2024/04/19 02:19:49.156,2024-04-19 02:19:49.156000+00:00
2024/04/19, 02:20:49.157,36.175,-74.826, NAN,29.23,137.16,0.22,11.2,11.2,1016.3,1016.4,0.0,0.0,85.13,78.53,7,0,8.8,8.5,92.7,92.6,8.8,8.5,35.5,28.5,1018.4,1018.5,-6.34,332.96,-0.01,30.822,12.8785,495.0,60.5,1494.921, NAN, NAN, NAN, NAN,,2024/04/19 02:20:49.157,2024-04-19 02:20:49.157000+00:00
2024/04/19, 02:21:49.157,36.175,-74.826, NAN,29.96,132.68,0.18,11.2,11.2,1016.3,1016.3,0.0,0.0,85.13,78.53,5,357,8.6,8.2,91.5,91.6,8.7,8.3,34.5,26.5,1018.4,1018.4,-6.25,332.88,-0.02,30.8178,12.88,496.1,60.3,1494.921, NAN, NAN, NAN, NAN,,2024/04/19 02:21:49.157,2024-04-19 02:21:49.157000+00:00
2024/04/19, 02:22:49.157,36.175,-74.826, NAN,29.52,295.22,0.41,11.2,11.2,1016.4,1016.5,0.0,0.0,85.13,78.53,11,6,8.4,7.9,91.4,91.3,8.5,8.0,41.9,37.0,1018.5,1018.6,-6.26,333.32,-0.02,30.8129,12.8716,495.0,60.6,1494.887, NAN, NAN, NAN, NAN,,2024/04/19 02:22:49.157,2024-04-19 02:22:49.157000+00:00
2024/04/19, 02:23:49.157,36.175,-74.826, NAN,29.97,293.13,0.15,11.1,11.2,1016.3,1016.3,0.0,0.0,85.13,78.53,10,3,8.2,8.0,92.4,92.4,8.2,8.0,40.4,33.4,1018.4,1018.4,-6.31,333.95,-0.01,30.8122,12.8612,494.0,60.6,1494.851, NAN, NAN, NAN, NAN,,2024/04/19 02:23:49.157,2024-04-19 02:23:49.157000+00:00
2024/04/19, 02:24:49.157,36.175,-74.826, NAN,29.99,87.95,0.11,11.1,11.2,1016.5,1016.4,0.0,0.0,85.13,78.53,5,1,8.0,7.6,92.6,92.4,8.0,7.6,34.6,30.6,1018.6,1018.5,-6.35,333.23,-0.01,30.8142,12.8535,494.4,60.6,1494.827, NAN, NAN, NAN, NAN,,2024/04/19 02:24:49.157,2024-04-19 02:24:49.157000+00:00
2024/04/19, 02:25:49.157,36.175,-74.826, NAN,30.03,29.96,0.17,11.1,11.2,1016.4,1016.3,0.0,0.0,85.13,78.53,10,4,8.3,8.0,92.4,92.4,8.2,7.9,39.6,33.6,1018.5,1018.4,-6.3,333.01,-0.01,30.8116,12.8442,494.0,60.9,1494.793, NAN, NAN, NAN, NAN,,2024/04/19 02:25:49.157,2024-04-19 02:25:49.157000+00:00
2024/04/19, 02:26:49.157,36.175,-74.826, NAN,29.94,308.67,0.22,11.1,11.1,1016.5,1016.3,0.0,0.0,85.13,78.53,10,5,7.6,7.7,92.0,92.0,7.6,7.7,40.8,35.8,1018.6,1018.4,-6.33,333.98,-0.02,30.8089,12.8344,493.7,60.9,1494.757, NAN, NAN, NAN, NAN,,2024/04/19 02:26:49.157,2024-04-19 02:26:49.157000+00:00
2024/04/19, 02:27:49.157,36.175,-74.826, NAN,29.94,293.03,0.36,11.1,11.2,1016.5,1016.5,0.0,0.0,85.13,78.53,8,1,7.4,7.2,93.4,93.3,7.5,7.2,39.3,32.4,1018.6,1018.6,-6.36,334.82,-0.02,30.8094,12.8358,494.4,61.0,1494.762, NAN, NAN, NAN, NAN,,2024/04/19 02:27:49.157,2024-04-19 02:27:49.157000+00:00
2024/04/19, 02:28:49.157,36.175,-74.826, NAN,29.85,122.87,0.06,11.2,11.2,1016.5,1016.5,0.0,0.0,85.13,78.53,2,355,7.9,7.7,93.5,93.5,7.9,7.7,31.6,24.6,1018.6,1018.6,-6.3,334.07,-0.02,30.8126,12.8552,494.0,61.1,1494.831, NAN, NAN, NAN, NAN,,2024/04/19 02:28:49.157,2024-04-19 02:28:49.157000+00:00
2024/04/19, 02:29:49.157,36.175,-74.826, NAN,29.7,193.28,0.14,11.2,11.2,1016.5,1016.6,0.0,0.0,85.13,78.53,0,354,7.8,7.5,93.1,93.4,7.9,7.6,29.4,23.4,1018.6,1018.7,-6.29,333.49,-0.02,30.8097,12.8674,494.0,61.0,1494.869, NAN, NAN, NAN, NAN,,2024/04/19 02:29:49.157,2024-04-19 02:29:49.157000+00:00
2024/04/19, 02:30:49.157,36.175,-74.826, NAN,30.29,307.01,0.07,11.1,11.1,1016.5,1016.5,0.0,0.0,85.13,78.53,2,356,7.4,7.0,92.2,92.1,7.4,7.0,32.6,26.6,1018.6,1018.6,-6.29,334.15,-0.01,30.8081,12.888,493.7,61.0,1494.937, NAN, NAN, NAN, NAN,,2024/04/19 02:30:49.157,2024-04-19 02:30:49.157000+00:00
2024/04/19, 02:31:49.157,36.175,-74.826, NAN,28.88,82.85,0.32,11.1,11.1,1016.6,1016.5,0.0,0.0,85.13,78.53,6,1,6.3,6.1,92.9,92.8,6.2,6.0,33.5,28.4,1018.7,1018.6,-6.36,334.7,-0.01,30.8058,12.9068,492.8,60.9,1494.998, NAN, NAN, NAN, NAN,,2024/04/19 02:31:49.157,2024-04-19 02:31:49.157000+00:00
2024/04/19, 02:32:49.157,36.175,-74.826, NAN,29.31,177.94,0.13,11.1,11.1,1016.6,1016.7,0.0,0.0,85.13,78.53,1,357,6.7,6.4,93.7,93.5,6.8,6.5,30.6,26.6,1018.7,1018.8,-6.45,334.85,-0.01,30.8078,12.9149,498.7,60.9,1495.027, NAN, NAN, NAN, NAN,,2024/04/19 02:32:49.157,2024-04-19 02:32:49.157000+00:00
2024/04/19, 02:33:49.157,36.175,-74.826, NAN,29.99,310.83,0.42,11.1,11.1,1016.6,1016.8,0.0,0.0,85.13,78.53,3,358,7.1,6.8,93.8,93.8,7.1,6.8,34.7,29.8,1018.7,1018.9,-6.41,333.51,-0.01,30.8102,12.9206,494.4,61.1,1495.049, NAN, NAN, NAN, NAN,,2024/04/19 02:33:49.157,2024-04-19 02:33:49.157000+00:00
2024/04/19, 02:34:49.157,36.175,-74.826, NAN,29.55,227.9,0.04,11.1,11.1,1016.8,1016.7,0.0,0.0,85.13,78.53,7,1,7.1,6.8,93.0,93.3,7.1,6.8,36.4,30.4,1018.9,1018.8,-6.32,333.96,-0.01,30.8116,12.9258,494.0,61.1,1495.068, NAN, NAN, NAN, NAN,,2024/04/19 02:34:49.157,2024-04-19 02:34:49.157000+00:00
2024/04/19, 02:35:49.157,36.175,-74.826, NAN,29.45,100.96,0.07,11.0,11.1,1016.9,1016.7,0.0,0.0,85.13,78.53,2,357,6.2,6.0,92.8,92.6,6.2,6.0,31.2,26.1,1019.0,1018.8,-6.43,334.56,-0.02,30.812,12.9294,494.7,61.2,1495.081, NAN, NAN, NAN, NAN,,2024/04/19 02:35:49.157,2024-04-19 02:35:49.157000+00:00
2024/04/19, 02:36:49.158,36.175,-74.826, NAN,29.62,132.18,0.2,11.1,11.1,1016.7,1016.8,0.0,0.0,85.13,78.53,4,358,6.1,5.8,93.7,93.8,6.1,5.8,32.7,26.7,1018.8,1018.9,-6.47,333.74,-0.02,30.8135,12.9303,494.0,61.3,1495.086, NAN, NAN, NAN, NAN,,2024/04/19 02:36:49.158,2024-04-19 02:36:49.158000+00:00
2024/04/19, 02:37:49.158,36.175,-74.826, NAN,29.24,112.36,0.47,11.0,11.0,1016.8,1016.7,0.0,0.0,85.13,78.53,357,352,6.5,6.3,93.3,93.3,6.5,6.3,24.1,19.0,1018.9,1018.8,-6.48,333.86,-0.01,30.8138,12.9315,492.8,61.4,1495.09, NAN, NAN, NAN, NAN,,2024/04/19 02:37:49.158,2024-04-19 02:37:49.158000+00:00
2024/04/19, 02:38:49.158,36.175,-74.826, NAN,29.89,52.19,0.16,11.0,11.1,1016.8,1016.7,0.0,0.0,85.13,78.53,356,351,6.4,6.1,93.9,94.0,6.3,6.1,25.3,20.3,1018.9,1018.8,-6.41,334.68,-0.02,30.8113,12.9332,493.4,61.3,1495.093, NAN, NAN, NAN, NAN,,2024/04/19 02:38:49.158,2024-04-19 02:38:49.158000+00:00
2024/04/19, 02:39:49.158,36.175,-74.826, NAN,22.87,2.92,0.08,11.0,11.0,1016.8,1016.7,0.0,0.0,85.13,78.53,5,0,7.8,7.3,93.6,93.5,7.8,7.3,27.9,22.9,1018.9,1018.8,-6.43,333.61,-0.02,30.8124,12.9351,493.1,61.3,1495.101, NAN, NAN, NAN, NAN,,2024/04/19 02:39:49.158,2024-04-19 02:39:49.158000+00:00
2024/04/19, 02:40:49.158,36.175,-74.826, NAN,21.22,119.74,0.25,11.0,11.0,1016.9,1016.7,0.0,0.0,85.13,78.53,15,10,7.2,6.7,92.8,92.8,7.2,6.7,35.2,30.1,1019.0,1018.8,-6.44,333.89,-0.01,30.8127,12.9358,494.0,61.2,1495.104, NAN, NAN, NAN, NAN,,2024/04/19 02:40:49.158,2024-04-19 02:40:49.158000+00:00
2024/04/19, 02:41:49.158,36.175,-74.826, NAN,21.88,81.04,0.32,11.0,11.0,1016.8,1016.7,0.0,0.0,85.13,78.53,18,12,6.9,6.6,93.5,93.5,6.8,6.5,38.7,32.6,1018.9,1018.8,-6.44,334.25,-0.01,30.816,12.9357,492.8,61.2,1495.107, NAN, NAN, NAN, NAN,,2024/04/19 02:41:49.158,2024-04-19 02:41:49.158000+00:00
2024/04/19, 02:42:49.158,36.175,-74.826, NAN,22.41,115.05,0.36,11.0,11.0,1016.9,1016.6,0.0,0.0,85.13,78.53,6,0,7.8,7.6,93.8,93.7,7.9,7.7,27.1,21.2,1019.0,1018.7,-6.45,333.63,-0.01,30.8264,12.9281,492.8,61.3,1495.094, NAN, NAN, NAN, NAN,,2024/04/19 02:42:49.158,2024-04-19 02:42:49.158000+00:00
2024/04/19, 02:43:49.158,36.175,-74.826, NAN,21.66,229.34,0.1,11.0,11.0,1016.6,1016.7,0.0,0.0,85.13,78.53,7,0,8.4,8.0,93.6,93.9,8.4,8.0,28.8,21.8,1018.7,1018.8,-6.4,334.14,-0.02,30.8415,12.9143,492.3,61.1,1495.065, NAN, NAN, NAN, NAN,,2024/04/19 02:43:49.158,2024-04-19 02:43:49.158000+00:00
2024/04/19, 02:44:49.158,36.175,-74.826, NAN,22.28,102.66,0.32,11.0,11.0,1016.7,1016.8,0.0,0.0,85.13,78.53,12,6,8.8,8.1,93.1,93.1,8.7,8.0,33.4,27.3,1018.8,1018.9,-6.29,333.28,-0.02,30.8352,12.8959,492.3,61.3,1494.995, NAN, NAN, NAN, NAN,,2024/04/19 02:44:49.158,2024-04-19 02:44:49.158000+00:00
2024/04/19, 02:45:49.158,36.175,-74.826, NAN,21.65,324.86,0.12,10.9,11.0,1016.9,1016.8,0.0,0.0,85.13,78.53,15,9,9.2,8.6,92.6,92.7,9.2,8.5,36.9,30.9,1019.0,1018.9,-6.31,333.86,-0.02,30.8304,12.8853,493.1,61.2,1494.954, NAN, NAN, NAN, NAN,,2024/04/19 02:45:49.158,2024-04-19 02:45:49.158000+00:00
2024/04/19, 02:46:49.158,36.175,-74.826, NAN,22.25,127.47,0.16,10.9,10.9,1016.8,1016.8,0.0,0.0,85.13,78.53,10,4,8.4,8.2,92.6,92.5,8.4,8.2,31.7,25.7,1018.9,1018.9,-6.3,333.64,-0.01,30.8302,12.8835,492.3,61.0,1494.948, NAN, NAN, NAN, NAN,,2024/04/19 02:46:49.158,2024-04-19 02:46:49.158000+00:00
2024/04/19, 02:47:49.158,36.175,-74.826, NAN,21.2,104.27,0.44,10.9,10.9,1016.9,1016.8,0.0,0.0,85.13,78.53,11,3,8.5,8.1,92.5,92.6,8.4,8.1,30.7,22.6,1019.0,1018.9,-6.18,335.08,-0.01,30.8274,12.8929,492.8,61.3,1494.976, NAN, NAN, NAN, NAN,,2024/04/19 02:47:49.158,2024-04-19 02:47:49.158000+00:00
2024/04/19, 02:48:49.158,36.175,-74.826, NAN,21.49,335.03,0.17,10.9,10.9,1016.8,1016.8,0.0,0.0,85.13,78.53,12,5,8.3,7.9,92.6,92.6,8.2,7.8,33.8,26.8,1018.9,1018.9,-6.3,334.91,-0.01,30.8256,12.898,493.7,61.2,1494.991, NAN, NAN, NAN, NAN,,2024/04/19 02:48:49.158,2024-04-19 02:48:49.158000+00:00
2024/04/19, 02:49:49.158,36.175,-74.826, NAN,20.8,79.53,0.09,10.9,10.9,1016.9,1016.8,0.0,0.0,85.13,78.53,9,3,8.1,7.7,93.0,93.0,8.1,7.7,29.9,24.0,1019.0,1018.9,-6.37,334.86,-0.01,30.8254,12.8938,492.4,61.2,1494.977, NAN, NAN, NAN, NAN,,2024/04/19 02:49:49.158,2024-04-19 02:49:49.158000+00:00
2024/04/19, 02:50:49.158,36.175,-74.826, NAN,22.36,304.83,0.32,10.9,11.0,1016.8,1016.9,0.0,0.0,85.13,78.53,7,3,9.1,8.7,93.5,93.5,9.1,8.7,30.4,26.4,1018.9,1019.0,-6.31,333.68,-0.01,30.826,12.8867,494.4,61.1,1494.954, NAN, NAN, NAN, NAN,,2024/04/19 02:50:49.158,2024-04-19 02:50:49.158000+00:00
2024/04/19, 02:51:49.158,36.175,-74.826, NAN,22.11,289.9,0.16,10.9,11.0,1016.9,1016.8,0.0,0.0,85.13,78.53,9,4,9.6,9.1,93.0,93.2,9.6,9.1,31.6,26.6,1019.0,1018.9,-6.27,331.43,-0.01,30.8262,12.8897,492.8,61.1,1494.964, NAN, NAN, NAN, NAN,,2024/04/19 02:51:49.158,2024-04-19 02:51:49.158000+00:00
2024/04/19, 02:52:49.159,36.175,-74.826, NAN,21.59,319.6,0.17,10.8,10.8,1016.9,1016.8,0.0,0.0,85.13,78.53,11,5,9.4,8.8,91.1,91.1,9.4,8.8,33.1,27.1,1019.0,1018.9,-6.21,331.55,-0.01,30.8259,12.8942,493.1,61.1,1494.979, NAN, NAN, NAN, NAN,,2024/04/19 02:52:49.159,2024-04-19 02:52:49.159000+00:00
2024/04/19, 02:53:49.159,36.175,-74.826, NAN,21.93,158.54,0.1,10.8,10.8,1016.9,1016.9,0.0,0.0,85.13,78.53,6,358,8.0,8.0,91.7,91.7,8.0,8.0,27.7,19.8,1019.0,1019.0,-6.37,332.41,-0.01,30.8251,12.8985,492.3,61.3,1494.992, NAN, NAN, NAN, NAN,,2024/04/19 02:53:49.159,2024-04-19 02:53:49.159000+00:00
2024/04/19, 02:54:49.159,36.175,-74.826, NAN,21.81,251.84,0.07,10.8,10.8,1016.9,1016.9,0.0,0.0,85.13,78.53,5,0,8.8,8.5,93.2,93.5,8.8,8.5,27.0,22.1,1019.0,1019.0,-6.27,336.46,-0.0,30.8228,12.8997,492.8,61.1,1494.994, NAN, NAN, NAN, NAN,,2024/04/19 02:54:49.159,2024-04-19 02:54:49.159000+00:00
2024/04/19, 02:55:49.159,36.175,-74.826, NAN,21.52,123.64,0.05,10.8,10.8,1016.9,1016.9,0.0,0.0,85.13,78.53,9,2,9.6,9.2,93.0,93.0,9.6,9.2,30.7,23.7,1019.0,1019.0,-6.25,333.55,-0.01,30.8229,12.9027,492.8,61.3,1495.004, NAN, NAN, NAN, NAN,,2024/04/19 02:55:49.159,2024-04-19 02:55:49.159000+00:00
2024/04/19, 02:56:49.159,36.175,-74.826, NAN,21.93,116.76,0.16,10.8,10.8,1016.9,1016.9,0.0,0.0,85.13,78.53,5,359,9.7,9.4,92.6,92.8,9.7,9.4,26.5,20.5,1019.0,1019.0,-6.17,336.42,-0.01,30.8228,12.9059,492.8,61.4,1495.015, NAN, NAN, NAN, NAN,,2024/04/19 02:56:49.159,2024-04-19 02:56:49.159000+00:00
2024/04/19, 02:57:49.159,36.175,-74.826, NAN,22.02,357.53,0.07,10.7,10.7,1016.9,1016.9,0.0,0.0,85.13,78.53,4,357,9.2,8.4,92.1,92.2,9.2,8.4,25.9,18.9,1019.0,1019.0,-6.22,334.95,-0.01,30.8233,12.9128,492.4,61.1,1495.038, NAN, NAN, NAN, NAN,,2024/04/19 02:57:49.159,2024-04-19 02:57:49.159000+00:00
2024/04/19, 02:58:49.159,36.175,-74.826, NAN,22.1,98.38,0.11,10.6,10.7,1016.9,1016.9,0.0,0.0,85.13,78.53,3,356,9.6,9.0,92.9,92.7,9.6,9.0,25.3,18.3,1019.0,1019.0,-6.3,339.17,-0.01,30.8242,12.916,492.4,61.1,1495.05, NAN, NAN, NAN, NAN,,2024/04/19 02:58:49.159,2024-04-19 02:58:49.159000+00:00
2024/04/19, 02:59:49.159,36.175,-74.826, NAN,21.41,309.06,0.19,10.6,10.7,1016.9,1016.9,0.0,0.0,85.13,78.53,11,6,9.7,9.2,93.7,93.7,9.7,9.2,33.0,28.0,1019.0,1019.0,-6.1,346.53,-0.01,30.8262,12.9122,492.3,61.1,1495.04, NAN, NAN, NAN, NAN,,2024/04/19 02:59:49.159,2024-04-19 02:59:49.159000+00:00
2024/04/19, 03:00:49.159,36.175,-74.826, NAN,22.34,264.83,0.23,10.6,10.6,1016.8,1016.8,0.0,0.0,85.13,78.53,11,4,9.2,8.8,92.6,92.7,9.2,8.8,34.1,27.1,1018.9,1018.9,-6.1,350.29,-0.01,30.8255,12.9123,491.3,61.1,1495.039, NAN, NAN, NAN, NAN,,2024/04/19 03:00:49.159,2024-04-19 03:00:49.159000+00:00
2024/04/19, 03:01:49.159,36.175,-74.826, NAN,21.92,107.04,0.32,10.5,10.5,1016.9,1016.9,0.0,0.0,85.13,78.53,10,4,8.8,8.5,92.7,92.6,8.8,8.5,30.9,24.8,1019.0,1019.0,-6.08,359.91,-0.02,30.8274,12.9162,492.8,61.2,1495.055, NAN, NAN, NAN, NAN,,2024/04/19 03:01:49.159,2024-04-19 03:01:49.159000+00:00
2024/04/19, 03:02:49.159,36.175,-74.826, NAN,22.79,254.99,0.1,10.5,10.5,1016.9,1016.8,0.0,0.0,85.13,78.53,2,356,9.4,9.3,94.0,93.9,9.5,9.4,24.8,18.9,1019.0,1018.9,-5.93,353.33,-0.01,30.8302,12.9135,492.3,61.3,1495.049, NAN, NAN, NAN, NAN,,2024/04/19 03:02:49.159,2024-04-19 03:02:49.159000+00:00
2024/04/19, 03:03:49.159,36.175,-74.826, NAN,22.15,350.73,0.16,10.6,10.6,1016.9,1016.9,0.0,0.0,85.13,78.53,4,359,10.2,9.7,94.5,94.6,10.1,9.7,25.8,20.8,1019.0,1019.0,-5.85,337.99,-0.01,30.8317,12.9113,492.8,61.4,1495.043, NAN, NAN, NAN, NAN,,2024/04/19 03:03:49.159,2024-04-19 03:03:49.159000+00:00
2024/04/19, 03:04:49.159,36.175,-74.826, NAN,21.64,289.63,0.12,10.5,10.5,1016.9,1016.9,0.0,0.0,85.13,78.53,7,2,9.6,9.1,93.0,93.2,9.6,9.1,29.0,24.0,1019.0,1019.0,-5.96,349.83,-0.01,30.8315,12.9108,493.1,61.4,1495.041, NAN, NAN, NAN, NAN,,2024/04/19 03:04:49.159,2024-04-19 03:04:49.159000+00:00
2024/04/19, 03:05:49.159,36.175,-74.826, NAN,21.54,297.58,0.17,10.4,10.5,1016.9,1016.9,0.0,0.0,85.13,78.53,5,359,9.2,8.9,93.4,93.6,9.2,8.9,27.1,21.1,1019.0,1019.0,-5.91,357.29,-0.01,30.8314,12.9137,493.4,61.3,1495.051, NAN, NAN, NAN, NAN,,2024/04/19 03:05:49.159,2024-04-19 03:05:49.159000+00:00
2024/04/19, 03:06:49.159,36.175,-74.826, NAN,22.14,250.89,0.05,10.4,10.4,1017.0,1016.9,0.0,0.0,85.13,78.53,0,354,8.3,8.1,93.5,93.5,8.3,8.1,22.0,16.0,1019.1,1019.0,-5.88,363.31,-0.02,30.8308,12.922,492.8,61.4,1495.078, NAN, NAN, NAN, NAN,,2024/04/19 03:06:49.159,2024-04-19 03:06:49.159000+00:00
2024/04/19, 03:07:49.160,36.175,-74.826, NAN,21.65,291.97,0.25,10.4,10.4,1017.0,1017.0,0.0,0.0,85.13,78.53,9,3,10.0,9.8,95.0,94.8,10.0,9.8,31.3,25.4,1019.1,1019.1,-5.83,344.42,-0.02,30.8294,12.9324,494.7,61.3,1495.112, NAN, NAN, NAN, NAN,,2024/04/19 03:07:49.160,2024-04-19 03:07:49.160000+00:00
2024/04/19, 03:08:49.160,36.175,-74.826, NAN,21.91,285.53,0.06,10.4,10.4,1017.0,1016.9,0.0,0.0,85.13,78.53,10,3,9.9,9.3,93.8,93.8,9.9,9.3,31.9,24.9,1019.1,1019.0,-5.83,349.37,-0.02,30.8288,12.9389,494.0,61.1,1495.133, NAN, NAN, NAN, NAN,,2024/04/19 03:08:49.160,2024-04-19 03:08:49.160000+00:00
2024/04/19, 03:09:49.160,36.175,-74.826, NAN,22.29,290.38,0.21,10.3,10.3,1017.0,1016.9,0.0,0.0,85.13,78.53,10,4,10.2,9.7,93.7,93.7,10.2,9.7,32.9,26.9,1019.1,1019.0,-5.78,343.19,-0.01,30.8286,12.9424,493.1,61.2,1495.145, NAN, NAN, NAN, NAN,,2024/04/19 03:09:49.160,2024-04-19 03:09:49.160000+00:00
2024/04/19, 03:10:49.160,36.175,-74.826, NAN,22.06,279.97,0.08,10.2,10.3,1016.9,1016.9,0.0,0.0,85.13,78.53,9,0,9.5,9.1,93.8,94.0,9.5,9.1,31.3,22.2,1019.0,1019.0,-5.93,341.28,-0.01,30.8278,12.9415,492.3,61.2,1495.141, NAN, NAN, NAN, NAN,,2024/04/19 03:10:49.160,2024-04-19 03:10:49.160000+00:00
2024/04/19, 03:11:49.160,36.175,-74.826, NAN,21.7,251.8,0.24,10.2,10.2,1017.0,1016.9,0.0,0.0,85.13,78.53,8,1,8.5,8.3,94.1,94.0,8.6,8.4,30.4,23.5,1019.1,1019.0,-6.11,342.19,-0.02,30.8266,12.9353,494.4,61.1,1495.118, NAN, NAN, NAN, NAN,,2024/04/19 03:11:49.160,2024-04-19 03:11:49.160000+00:00
2024/04/19, 03:12:49.160,36.175,-74.826, NAN,22.33,130.37,0.47,10.1,10.2,1017.0,1017.0,0.0,0.0,85.13,78.53,13,7,8.7,8.3,94.7,94.8,8.7,8.3,33.8,27.7,1019.1,1019.1,-5.98,370.56,-0.02,30.8276,12.9137,494.4,61.2,1495.047, NAN, NAN, NAN, NAN,,2024/04/19 03:12:49.160,2024-04-19 03:12:49.160000+00:00
2024/04/19, 03:13:49.160,36.175,-74.826, NAN,21.95,305.4,0.17,10.1,10.1,1017.2,1017.0,0.0,0.0,85.13,78.53,13,7,9.0,8.4,94.9,94.9,9.0,8.4,35.5,29.5,1019.3,1019.1,-5.85,374.02,-0.02,30.828,12.9055,493.4,61.2,1495.019, NAN, NAN, NAN, NAN,,2024/04/19 03:13:49.160,2024-04-19 03:13:49.160000+00:00
2024/04/19, 03:14:49.160,36.175,-74.826, NAN,21.3,121.33,0.59,10.1,10.1,1017.0,1017.0,0.0,0.0,85.13,78.53,7,1,9.6,9.1,95.2,95.4,9.6,9.1,26.5,20.4,1019.1,1019.1,-5.71,375.54,-0.02,30.8265,12.9087,494.0,61.1,1495.028, NAN, NAN, NAN, NAN,,2024/04/19 03:14:49.160,2024-04-19 03:14:49.160000+00:00
2024/04/19, 03:15:49.160,36.175,-74.826, NAN,21.99,24.85,0.06,10.0,10.1,1017.0,1017.1,0.0,0.0,85.13,78.53,3,359,8.4,7.9,95.2,95.3,8.4,7.9,25.1,21.1,1019.1,1019.2,-5.7,376.97,-0.01,30.8254,12.9128,494.0,60.9,1495.041, NAN, NAN, NAN, NAN,,2024/04/19 03:15:49.160,2024-04-19 03:15:49.160000+00:00
2024/04/19, 03:16:49.160,36.175,-74.826, NAN,21.38,111.06,0.3,10.2,10.2,1017.2,1017.1,0.0,0.0,85.13,78.53,4,356,10.4,9.9,97.1,97.2,10.4,9.9,24.5,16.5,1019.3,1019.2,-5.44,371.63,-0.02,30.8237,12.9168,494.0,60.9,1495.052, NAN, NAN, NAN, NAN,,2024/04/19 03:16:49.160,2024-04-19 03:16:49.160000+00:00
2024/04/19, 03:17:49.160,36.175,-74.826, NAN,21.35,24.33,0.16,10.1,10.2,1017.0,1017.0,0.0,0.0,85.13,78.53,3,356,9.4,8.9,95.7,95.9,9.4,8.9,23.9,16.9,1019.1,1019.1,-5.43,372.98,-0.02,30.8232,12.9131,494.4,60.7,1495.039, NAN, NAN, NAN, NAN,,2024/04/19 03:17:49.160,2024-04-19 03:17:49.160000+00:00
2024/04/19, 03:18:49.160,36.175,-74.826, NAN,21.87,112.01,0.22,10.0,10.1,1017.0,1017.0,0.0,0.0,85.13,78.53,3,357,9.5,9.2,95.5,95.3,9.5,9.2,24.2,18.2,1019.1,1019.1,-5.47,376.1,-0.01,30.8238,12.9119,494.7,60.6,1495.036, NAN, NAN, NAN, NAN,,2024/04/19 03:18:49.160,2024-04-19 03:18:49.160000+00:00
2024/04/19, 03:19:49.160,36.175,-74.826, NAN,22.12,294.9,0.34,10.0,10.0,1017.1,1017.1,0.0,0.0,85.13,78.53,0,354,8.4,7.9,95.7,95.7,8.4,7.9,23.3,17.4,1019.2,1019.2,-5.47,376.79,-0.01,30.8231,12.9129,494.7,60.8,1495.039, NAN, NAN, NAN, NAN,,2024/04/19 03:19:49.160,2024-04-19 03:19:49.160000+00:00
2024/04/19, 03:20:49.160,36.175,-74.826, NAN,21.45,357.78,0.05,10.0,10.1,1017.0,1017.0,0.0,0.0,85.13,78.53,4,358,8.8,8.8,97.2,97.5,8.8,8.8,25.3,19.3,1019.1,1019.1,-5.58,377.74,-0.01,30.8226,12.9173,494.7,61.1,1495.053, NAN, NAN, NAN, NAN,,2024/04/19 03:20:49.160,2024-04-19 03:20:49.160000+00:00
2024/04/19, 03:21:49.160,36.175,-74.826, NAN,21.33,163.33,0.17,10.1,10.1,1017.0,1017.0,0.0,0.0,85.13,78.53,2,356,8.9,8.6,97.4,97.3,9.0,8.7,23.0,17.0,1019.1,1019.1,-5.39,378.18,-0.01,30.822,12.9258,493.7,61.0,1495.081, NAN, NAN, NAN, NAN,,2024/04/19 03:21:49.160,2024-04-19 03:21:49.160000+00:00
2024/04/19, 03:22:49.160,36.175,-74.826, NAN,21.29,214.21,0.2,10.1,10.2,1017.0,1017.1,0.0,0.0,85.13,78.53,10,3,8.3,8.2,97.4,97.6,8.4,8.3,31.7,24.8,1019.1,1019.2,-5.46,370.26,-0.01,30.8206,12.9327,494.7,60.9,1495.102, NAN, NAN, NAN, NAN,,2024/04/19 03:22:49.160,2024-04-19 03:22:49.160000+00:00
2024/04/19, 03:23:49.161,36.175,-74.826, NAN,22.58,304.92,0.37,10.1,10.2,1016.9,1017.0,0.0,0.0,85.13,78.53,13,5,8.8,8.2,97.3,97.6,8.8,8.1,36.8,28.8,1019.0,1019.1,-5.22,377.57,-0.01,30.8206,12.9408,494.0,61.1,1495.13, NAN, NAN, NAN, NAN,,2024/04/19 03:23:49.161,2024-04-19 03:23:49.161000+00:00
2024/04/19, 03:24:49.161,36.175,-74.826, NAN,21.64,130.55,0.06,10.0,10.1,1017.0,1017.0,0.0,0.0,85.13,78.53,14,8,9.6,8.8,96.4,96.2,9.6,8.8,35.5,29.5,1019.1,1019.1,-5.46,377.39,-0.01,30.8213,12.9442,493.7,61.2,1495.142, NAN, NAN, NAN, NAN,,2024/04/19 03:24:49.161,2024-04-19 03:24:49.161000+00:00
2024/04/19, 03:25:49.161,36.175,-74.826, NAN,21.81,283.7,0.03,10.0,10.1,1017.0,1016.9,0.0,0.0,85.13,78.53,14,8,8.6,8.6,97.2,97.1,8.6,8.6,35.7,29.7,1019.1,1019.0,-5.42,377.36,-0.01,30.8211,12.9463,494.4,61.2,1495.149, NAN, NAN, NAN, NAN,,2024/04/19 03:25:49.161,2024-04-19 03:25:49.161000+00:00
2024/04/19, 03:26:49.161,36.175,-74.826, NAN,20.82,96.46,0.46,10.0,10.1,1017.0,1017.0,0.0,0.0,85.13,78.53,16,11,9.2,9.0,97.9,97.7,9.1,9.0,35.4,30.3,1019.1,1019.1,-5.4,378.3,-0.01,30.8199,12.9162,494.4,61.3,1495.046, NAN, NAN, NAN, NAN,,2024/04/19 03:26:49.161,2024-04-19 03:26:49.161000+00:00
2024/04/19, 03:27:49.161,36.175,-74.826, NAN,22.19,86.77,0.03,10.0,10.0,1017.0,1017.0,0.0,0.0,85.13,78.53,5,0,8.1,7.7,97.4,97.2,8.1,7.7,27.1,22.1,1019.1,1019.1,-5.43,379.25,-0.01,30.8219,12.9024,495.0,59.8,1495.002, NAN, NAN, NAN, NAN,,2024/04/19 03:27:49.161,2024-04-19 03:27:49.161000+00:00
2024/04/19, 03:28:49.161,36.175,-74.826, NAN,22.01,151.46,0.28,10.0,10.1,1017.0,1017.0,0.0,0.0,85.13,78.53,2,357,8.5,8.5,97.5,98.6,8.5,8.5,23.0,18.0,1019.1,1019.1,-5.39,379.93,-0.02,30.8225,12.9045,495.0,60.6,1495.009, NAN, NAN, NAN, NAN,,2024/04/19 03:28:49.161,2024-04-19 03:28:49.161000+00:00
2024/04/19, 03:29:49.161,36.175,-74.826, NAN,20.78,74.18,0.31,10.1,10.1,1017.1,1017.1,0.0,0.0,85.13,78.53,13,8,9.4,9.4,98.7,98.6,9.3,9.3,32.9,27.9,1019.2,1019.2,-5.37,379.1,-0.01,30.8221,12.9072,498.4,61.0,1495.018, NAN, NAN, NAN, NAN,,2024/04/19 03:29:49.161,2024-04-19 03:29:49.161000+00:00
2024/04/19, 03:30:49.161,36.175,-74.826, NAN,21.82,111.22,0.15,10.1,10.2,1017.0,1017.2,0.0,0.0,85.13,78.53,4,357,9.1,9.0,98.8,98.7,9.0,8.9,25.5,18.5,1019.1,1019.3,-5.36,377.46,-0.02,30.822,12.9099,493.7,61.0,1495.027, NAN, NAN, NAN, NAN,,2024/04/19 03:30:49.161,2024-04-19 03:30:49.161000+00:00
2024/04/19, 03:31:49.161,36.175,-74.826, NAN,22.52,284.25,0.49,10.1,10.1,1017.2,1017.0,0.0,0.0,85.13,78.53,358,353,9.4,9.1,97.9,97.9,9.4,9.1,22.1,17.1,1019.3,1019.1,-5.31,377.66,-0.01,30.8231,12.9221,494.0,61.0,1495.07, NAN, NAN, NAN, NAN,,2024/04/19 03:31:49.161,2024-04-19 03:31:49.161000+00:00
2024/04/19, 03:32:49.161,36.175,-74.826, NAN,21.39,153.39,0.31,10.0,10.1,1017.2,1016.9,0.0,0.0,85.13,78.53,13,6,9.5,8.9,97.1,97.8,9.5,8.9,33.4,26.4,1019.3,1019.0,-5.37,377.19,-0.02,30.8234,12.9294,494.7,61.1,1495.095, NAN, NAN, NAN, NAN,,2024/04/19 03:32:49.161,2024-04-19 03:32:49.161000+00:00
2024/04/19, 03:33:49.161,36.175,-74.826, NAN,21.63,130.68,0.13,10.0,10.0,1017.0,1017.0,0.0,0.0,85.13,78.53,10,3,10.3,9.8,98.1,98.2,10.4,9.9,31.8,24.8,1019.1,1019.1,-5.31,375.78,-0.01,30.8227,12.9344,495.0,61.1,1495.111, NAN, NAN, NAN, NAN,,2024/04/19 03:33:49.161,2024-04-19 03:33:49.161000+00:00
2024/04/19, 03:34:49.161,36.175,-74.826, NAN,21.79,355.94,0.16,9.8,9.9,1017.0,1017.0,0.0,0.0,85.13,78.53,13,9,10.0,9.7,96.8,96.9,10.0,9.7,35.3,31.3,1019.1,1019.1,-5.41,376.9,-0.01,30.8252,12.9385,494.7,61.1,1495.127, NAN, NAN, NAN, NAN,,2024/04/19 03:34:49.161,2024-04-19 03:34:49.161000+00:00
2024/04/19, 03:35:49.161,36.175,-74.826, NAN,21.53,248.25,0.11,9.7,9.8,1017.2,1017.2,0.0,0.0,85.13,78.53,13,7,9.5,9.1,97.8,96.8,9.5,9.1,34.8,28.8,1019.3,1019.3,-5.45,377.85,-0.01,30.8259,12.9411,492.8,61.1,1495.137, NAN, NAN, NAN, NAN,,2024/04/19 03:35:49.161,2024-04-19 03:35:49.161000+00:00
2024/04/19, 03:36:49.161,36.175,-74.826, NAN,22.82,121.0,0.04,9.7,9.7,1017.3,1017.2,0.0,0.0,85.13,78.53,8,3,9.2,8.5,98.6,98.4,9.2,8.5,30.9,25.9,1019.4,1019.3,-5.51,378.32,-0.01,30.8264,12.9433,493.7,61.2,1495.145, NAN, NAN, NAN, NAN,,2024/04/19 03:36:49.161,2024-04-19 03:36:49.161000+00:00
2024/04/19, 03:37:49.161,36.175,-74.826, NAN,22.22,283.74,0.31,9.8,9.8,1017.3,1017.2,0.0,0.0,85.13,78.53,6,359,10.0,9.5,99.4,99.5,10.0,9.5,29.1,22.2,1019.4,1019.3,-5.37,375.76,-0.01,30.827,12.9424,494.0,61.2,1495.143, NAN, NAN, NAN, NAN,,2024/04/19 03:37:49.161,2024-04-19 03:37:49.161000+00:00
2024/04/19, 03:38:49.161,36.175,-74.826, NAN,21.16,107.65,0.03,9.8,9.8,1017.2,1017.0,0.0,0.0,85.13,78.53,7,1,10.0,9.6,98.6,98.8,10.0,9.6,28.1,22.1,1019.3,1019.1,-5.36,374.47,-0.01,30.8272,12.9406,494.4,61.2,1495.137, NAN, NAN, NAN, NAN,,2024/04/19 03:38:49.161,2024-04-19 03:38:49.161000+00:00
2024/04/19, 03:39:49.162,36.175,-74.826, NAN,22.15,88.87,0.12,9.7,9.8,1017.2,1017.2,0.0,0.0,85.13,78.53,358,351,9.4,9.3,98.3,98.3,9.4,9.3,19.8,12.8,1019.3,1019.3,-5.38,373.36,-0.01,30.828,12.9349,494.4,61.2,1495.119, NAN, NAN, NAN, NAN,,2024/04/19 03:39:49.162,2024-04-19 03:39:49.162000+00:00
2024/04/19, 03:40:49.162,36.175,-74.826, NAN,22.07,302.56,0.14,9.6,9.7,1017.3,1017.2,0.0,0.0,85.13,78.53,8,2,8.0,8.4,98.0,97.9,8.0,8.4,30.6,24.5,1019.4,1019.3,-5.43,376.74,-0.01,30.828,12.9236,494.0,61.1,1495.08, NAN, NAN, NAN, NAN,,2024/04/19 03:40:49.162,2024-04-19 03:40:49.162000+00:00
2024/04/19, 03:41:49.162,36.175,-74.826, NAN,20.64,145.45,0.23,9.6,9.6,1017.3,1017.2,0.0,0.0,85.13,78.53,9,3,10.3,10.3,98.9,98.8,10.4,10.4,29.1,23.2,1019.4,1019.3,-5.42,376.22,-0.01,30.8302,12.9266,494.7,60.7,1495.093, NAN, NAN, NAN, NAN,,2024/04/19 03:41:49.162,2024-04-19 03:41:49.162000+00:00
2024/04/19, 03:42:49.162,36.175,-74.826, NAN,22.7,243.1,0.3,9.7,9.6,1017.2,1017.3,0.0,0.0,85.13,78.53,5,358,10.3,10.1,99.8,98.9,10.3,10.1,28.5,21.6,1019.3,1019.4,-5.36,373.28,-0.01,30.83,12.9321,493.1,60.4,1495.112, NAN, NAN, NAN, NAN,,2024/04/19 03:42:49.162,2024-04-19 03:42:49.162000+00:00
2024/04/19, 03:43:49.162,36.175,-74.826, NAN,22.21,323.46,0.08,9.6,9.6,1017.2,1017.3,0.0,0.0,85.13,78.53,0,354,10.4,10.2,98.8,98.7,10.4,10.2,22.2,16.2,1019.3,1019.4,-5.44,372.01,-0.01,30.8302,12.9346,493.7,60.2,1495.12, NAN, NAN, NAN, NAN,,2024/04/19 03:43:49.162,2024-04-19 03:43:49.162000+00:00
2024/04/19, 03:44:49.162,36.175,-74.826, NAN,20.23,107.4,0.2,9.6,9.6,1017.2,1017.2,0.0,0.0,85.13,78.53,12,5,11.0,10.6,99.1,99.0,11.0,10.6,31.7,24.7,1019.3,1019.3,-5.42,375.46,-0.01,30.8305,12.9356,494.4,60.2,1495.124, NAN, NAN, NAN, NAN,,2024/04/19 03:44:49.162,2024-04-19 03:44:49.162000+00:00
2024/04/19, 03:45:49.162,36.175,-74.826, NAN,22.11,291.37,0.1,9.5,9.6,1017.2,1017.2,0.0,0.0,85.13,78.53,7,3,9.5,9.3,98.9,99.0,9.5,9.3,29.3,25.3,1019.3,1019.3,-5.41,376.24,-0.01,30.8319,12.9347,492.3,60.6,1495.123, NAN, NAN, NAN, NAN,,2024/04/19 03:45:49.162,2024-04-19 03:45:49.162000+00:00
2024/04/19, 03:46:49.162,36.175,-74.826, NAN,21.88,51.16,0.01,9.5,9.5,1017.3,1017.2,0.0,0.0,85.13,78.53,4,356,9.1,9.1,99.3,99.2,9.1,9.1,25.9,17.9,1019.4,1019.3,-5.45,376.97,-0.01,30.8328,12.9326,492.8,60.6,1495.117, NAN, NAN, NAN, NAN,,2024/04/19 03:46:49.162,2024-04-19 03:46:49.162000+00:00
2024/04/19, 03:47:49.162,36.175,-74.826, NAN,21.8,126.26,0.22,9.6,9.6,1017.3,1017.3,0.0,0.0,85.13,78.53,8,1,9.1,8.6,100.0,100.0,9.1,8.6,29.1,22.0,1019.4,1019.4,-5.32,377.03,-0.02,30.8337,12.9348,492.4,60.4,1495.125, NAN, NAN, NAN, NAN,,2024/04/19 03:47:49.162,2024-04-19 03:47:49.162000+00:00
2024/04/19, 03:48:49.162,36.175,-74.826, NAN,22.29,286.83,0.12,9.6,9.6,1017.4,1017.2,0.0,0.0,85.13,78.53,2,355,8.5,8.2,99.3,99.4,8.5,8.2,24.6,17.7,1019.5,1019.3,-5.41,378.5,-0.02,30.8328,12.9396,492.4,60.6,1495.14, NAN, NAN, NAN, NAN,,2024/04/19 03:48:49.162,2024-04-19 03:48:49.162000+00:00
2024/04/19, 03:49:49.162,36.175,-74.826, NAN,22.08,109.61,0.26,9.7,9.7,1017.3,1017.2,0.0,0.0,85.13,78.53,359,354,8.8,8.6,99.8,99.7,8.8,8.6,20.2,15.2,1019.4,1019.3,-5.42,378.2,-0.02,30.8333,12.9438,492.4,60.7,1495.155, NAN, NAN, NAN, NAN,,2024/04/19 03:49:49.162,2024-04-19 03:49:49.162000+00:00
2024/04/19, 03:50:49.162,36.175,-74.826, NAN,21.51,322.91,0.14,9.7,9.7,1017.4,1017.2,0.0,0.0,85.13,78.53,6,358,10.7,10.0,99.7,99.7,10.7,10.0,27.9,19.9,1019.5,1019.3,-5.26,376.63,-0.01,30.8328,12.9463,492.4,60.7,1495.163, NAN, NAN, NAN, NAN,,2024/04/19 03:50:49.162,2024-04-19 03:50:49.162000+00:00
2024/04/19, 03:51:49.162,36.175,-74.826, NAN,22.07,13.02,0.21,9.7,9.8,1017.2,1017.2,0.0,0.0,85.13,78.53,9,2,9.2,8.8,99.7,99.8,9.1,8.7,31.5,24.5,1019.3,1019.3,-5.22,377.24,-0.02,30.835,12.9478,492.8,60.4,1495.17, NAN, NAN, NAN, NAN,,2024/04/19 03:51:49.162,2024-04-19 03:51:49.162000+00:00
2024/04/19, 03:52:49.162,36.175,-74.826, NAN,21.7,104.84,0.37,9.6,9.7,1017.2,1017.2,0.0,0.0,85.13,78.53,10,5,10.0,9.5,98.8,98.7,10.0,9.5,30.6,25.6,1019.3,1019.3,-5.36,376.84,-0.01,30.8353,12.9481,492.8,60.4,1495.172, NAN, NAN, NAN, NAN,,2024/04/19 03:52:49.162,2024-04-19 03:52:49.162000+00:00
2024/04/19, 03:53:49.162,36.175,-74.826, NAN,21.18,91.24,0.08,9.6,9.7,1017.2,1017.2,0.0,0.0,85.13,78.53,13,7,8.9,8.8,99.3,99.5,8.9,8.8,33.9,27.9,1019.3,1019.3,-5.33,377.53,-0.01,30.8425,12.9488,492.8,60.4,1495.183, NAN, NAN, NAN, NAN,,2024/04/19 03:53:49.162,2024-04-19 03:53:49.162000+00:00
2024/04/19, 03:54:49.162,36.175,-74.826, NAN,21.58,144.34,0.18,9.7,9.7,1017.2,1017.2,0.0,0.0,85.13,78.53,11,5,9.6,9.3,99.5,99.5,9.6,9.3,32.1,26.0,1019.3,1019.3,-5.34,378.64,-0.01,30.8502,12.9494,492.4,60.6,1495.194, NAN, NAN, NAN, NAN,,2024/04/19 03:54:49.162,2024-04-19 03:54:49.162000+00:00
2024/04/19, 03:55:49.163,36.175,-74.826, NAN,20.97,115.1,0.36,9.7,9.8,1017.4,1017.3,0.0,0.0,85.13,78.53,13,7,9.5,8.9,100.0,100.0,9.5,8.9,32.9,26.8,1019.5,1019.4,-5.31,379.0,-0.01,30.8634,12.9494,491.0,60.6,1495.209, NAN, NAN, NAN, NAN,,2024/04/19 03:55:49.163,2024-04-19 03:55:49.163000+00:00
2024/04/19, 03:56:49.163,36.175,-74.826, NAN,21.28,117.31,0.26,9.8,9.8,1017.3,1017.3,0.0,0.0,85.13,78.53,8,2,9.0,9.1,100.0,100.0,9.1,9.2,28.6,22.6,1019.4,1019.4,-5.33,377.93,-0.01,30.8723,12.949,490.4,60.7,1495.219, NAN, NAN, NAN, NAN,,2024/04/19 03:56:49.163,2024-04-19 03:56:49.163000+00:00
2024/04/19, 03:57:49.163,36.175,-74.826, NAN,20.96,91.43,0.09,9.9,9.9,1017.2,1017.3,0.0,0.0,85.13,78.53,11,5,9.9,9.4,99.9,100.0,9.9,9.4,31.7,25.7,1019.3,1019.4,-5.21,378.48,-0.02,30.8861,12.949,490.7,60.3,1495.235, NAN, NAN, NAN, NAN,,2024/04/19 03:57:49.163,2024-04-19 03:57:49.163000+00:00
2024/04/19, 03:58:49.163,36.175,-74.826, NAN,21.51,166.84,0.1,9.8,9.8,1017.1,1017.2,0.0,0.0,85.13,78.53,14,7,9.8,9.4,99.1,98.8,9.8,9.4,35.8,28.8,1019.2,1019.3,-5.26,377.5,-0.01,30.8993,12.9493,491.0,59.9,1495.252, NAN, NAN, NAN, NAN,,2024/04/19 03:58:49.163,2024-04-19 03:58:49.163000+00:00
2024/04/19, 03:59:49.163,36.175,-74.826, NAN,22.22,310.92,0.28,9.7,9.8,1017.2,1017.2,0.0,0.0,85.13,78.53,10,3,10.6,10.0,99.0,98.9,10.6,10.0,33.0,26.0,1019.3,1019.3,-5.27,377.34,-0.02,30.9023,12.9494,491.3,60.6,1495.255, NAN, NAN, NAN, NAN,,2024/04/19 03:59:49.163,2024-04-19 03:59:49.163000+00:00
2024/04/19, 04:00:49.163,36.175,-74.826, NAN,20.93,68.64,0.01,9.7,9.7,1017.1,1017.2,0.0,0.0,85.13,78.53,14,6,10.0,9.5,99.0,99.1,10.0,9.5,34.9,26.9,1019.2,1019.3,-5.24,377.52,-0.01,30.9117,12.9491,491.0,59.7,1495.265, NAN, NAN, NAN, NAN,,2024/04/19 04:00:49.163,2024-04-19 04:00:49.163000+00:00
2024/04/19, 04:01:49.163,36.175,-74.826, NAN,22.85,119.56,0.34,9.6,9.6,1017.1,1017.2,0.0,0.0,85.13,78.53,10,4,9.0,8.8,98.6,98.6,8.9,8.8,31.8,25.7,1019.2,1019.3,-5.33,377.95,-0.02,30.9279,12.9487,491.3,60.5,1495.283, NAN, NAN, NAN, NAN,,2024/04/19 04:01:49.163,2024-04-19 04:01:49.163000+00:00
2024/04/19, 04:02:49.163,36.175,-74.826, NAN,22.11,118.24,0.07,9.6,9.7,1017.3,1017.2,0.0,0.0,85.13,78.53,7,1,9.8,9.2,99.4,99.3,9.8,9.2,29.3,23.3,1019.4,1019.3,-5.25,377.0,-0.01,30.9557,12.9489,490.7,60.5,1495.317, NAN, NAN, NAN, NAN,,2024/04/19 04:02:49.163,2024-04-19 04:02:49.163000+00:00
2024/04/19, 04:03:49.163,36.175,-74.826, NAN,21.97,250.25,0.15,9.6,9.7,1017.2,1017.2,0.0,0.0,85.13,78.53,2,356,9.4,9.0,99.2,99.3,9.4,9.0,24.4,18.5,1019.3,1019.3,-5.3,378.23,-0.01,30.9526,12.9485,490.4,60.6,1495.312, NAN, NAN, NAN, NAN,,2024/04/19 04:03:49.163,2024-04-19 04:03:49.163000+00:00
2024/04/19, 04:04:49.163,36.175,-74.826, NAN,21.94,265.18,0.18,9.6,9.6,1017.3,1017.2,0.0,0.0,85.13,78.53,358,352,9.0,8.8,99.4,99.3,9.0,8.8,20.5,14.5,1019.4,1019.3,-5.3,378.17,-0.01,30.929,12.9472,490.4,60.6,1495.28, NAN, NAN, NAN, NAN,,2024/04/19 04:04:49.163,2024-04-19 04:04:49.163000+00:00
2024/04/19, 04:05:49.163,36.175,-74.826, NAN,20.76,0.96,0.17,9.6,9.6,1017.2,1017.2,0.0,0.0,85.13,78.53,14,7,10.0,9.3,99.7,99.6,10.0,9.3,35.3,28.3,1019.3,1019.3,-5.43,378.27,-0.01,30.9321,12.946,492.0,60.6,1495.279, NAN, NAN, NAN, NAN,,2024/04/19 04:05:49.163,2024-04-19 04:05:49.163000+00:00
2024/04/19, 04:06:49.163,36.175,-74.826, NAN,16.23,340.25,0.31,9.7,9.7,1017.2,1017.1,0.0,0.0,85.13,78.53,14,7,9.9,9.4,99.7,100.0,9.9,9.4,31.2,24.2,1019.3,1019.2,-5.35,379.41,-0.02,30.9385,12.9435,492.0,60.6,1495.278, NAN, NAN, NAN, NAN,,2024/04/19 04:06:49.163,2024-04-19 04:06:49.163000+00:00
2024/04/19, 04:07:49.163,36.175,-74.826, NAN,308.68,324.32,1.53,9.8,9.8,1017.3,1017.3,0.0,0.0,85.13,78.53,45,41,9.6,11.6,100.0,100.0,9.0,11.0,356.9,352.1,1019.4,1019.4,-5.37,378.02,-0.01,30.9158,12.9402,491.0,61.0,1495.24, NAN, NAN, NAN, NAN,,2024/04/19 04:07:49.163,2024-04-19 04:07:49.163000+00:00
2024/04/19, 04:08:49.163,36.175,-74.827, NAN,223.65,238.49,2.57,9.7,9.8,1017.2,1017.2,0.0,0.0,85.13,78.53,127,121,8.0,6.6,99.8,99.9,8.5,7.0,359.0,355.2,1019.3,1019.3,-5.37,378.8,-0.01,30.9022,12.9359,488.3,60.5,1495.21, NAN, NAN, NAN, NAN,,2024/04/19 04:08:49.163,2024-04-19 04:08:49.163000+00:00
2024/04/19, 04:09:49.163,36.174,-74.827, NAN,182.01,189.48,4.16,9.8,9.8,1017.1,1017.3,0.0,0.0,85.13,78.53,210,211,7.7,7.2,100.0,99.7,9.7,9.2,26.8,27.3,1019.2,1019.4,-5.32,377.25,-0.02,30.8955,12.9273,490.0,60.5,1495.173, NAN, NAN, NAN, NAN,,2024/04/19 04:09:49.163,2024-04-19 04:09:49.163000+00:00
2024/04/19, 04:10:49.163,36.172,-74.828, NAN,184.63,190.34,6.85,9.7,9.8,1017.4,1017.2,0.0,0.0,85.13,78.53,218,229,6.1,4.4,99.5,99.6,9.2,7.3,30.1,33.5,1019.5,1019.3,-5.39,378.35,-0.01,30.9239,12.9243,489.7,60.9,1495.196, NAN, NAN, NAN, NAN,,2024/04/19 04:10:49.163,2024-04-19 04:10:49.163000+00:00
2024/04/19, 04:11:49.164,36.17,-74.828, NAN,181.66,184.78,8.64,9.7,9.7,1017.3,1017.3,0.0,0.0,85.13,78.53,209,212,5.3,5.0,99.7,99.5,9.5,9.2,19.3,20.5,1019.4,1019.4,-5.28,378.11,-0.02,30.9016,12.9267,488.3,61.1,1495.178, NAN, NAN, NAN, NAN,,2024/04/19 04:11:49.164,2024-04-19 04:11:49.164000+00:00
2024/04/19, 04:12:49.164,36.168,-74.828, NAN,179.57,180.7,10.2,9.7,9.7,1017.4,1017.4,0.0,0.0,85.13,78.53,224,245,4.3,3.0,99.9,100.0,8.9,7.1,20.2,23.4,1019.5,1019.5,-5.39,378.72,-0.02,30.8804,12.9273,489.4,61.2,1495.155, NAN, NAN, NAN, NAN,,2024/04/19 04:12:49.164,2024-04-19 04:12:49.164000+00:00
2024/04/19, 04:13:49.164,36.165,-74.828, NAN,178.52,179.57,10.67,9.8,9.8,1017.4,1017.4,0.0,0.0,85.13,78.53,229,231,4.9,4.2,100.0,100.0,9.5,8.8,22.7,21.7,1019.5,1019.5,-5.31,377.28,-0.01,30.8476,12.8939,488.6,61.2,1495.003, NAN, NAN, NAN, NAN,,2024/04/19 04:13:49.164,2024-04-19 04:13:49.164000+00:00
2024/04/19, 04:14:49.164,36.162,-74.828, NAN,179.53,179.07,10.96,9.7,9.7,1017.4,1017.4,0.0,0.0,85.13,78.53,231,234,4.6,3.9,99.8,99.9,9.2,8.5,21.9,20.8,1019.5,1019.5,-5.36,377.22,-0.02,30.8238,12.8552,488.9,61.4,1494.844, NAN, NAN, NAN, NAN,,2024/04/19 04:14:49.164,2024-04-19 04:14:49.164000+00:00
2024/04/19, 04:15:49.164,36.159,-74.828, NAN,179.44,178.63,10.92,9.6,9.7,1017.6,1017.3,0.0,0.0,85.13,78.53,231,235,4.3,3.9,99.6,99.7,9.0,8.5,21.5,21.7,1019.7,1019.4,-5.37,377.96,-0.01,30.8113,12.8014,491.3,61.4,1494.648, NAN, NAN, NAN, NAN,,2024/04/19 04:15:49.164,2024-04-19 04:15:49.164000+00:00
2024/04/19, 04:16:49.164,36.156,-74.828, NAN,179.11,179.63,11.02,9.6,9.7,1017.4,1017.4,0.0,0.0,85.13,78.53,230,231,3.8,2.9,99.7,99.7,8.6,7.8,19.5,16.5,1019.5,1019.5,-5.34,378.02,-0.01,30.7828,12.6965,493.7,61.4,1494.258, NAN, NAN, NAN, NAN,,2024/04/19 04:16:49.164,2024-04-19 04:16:49.164000+00:00
2024/04/19, 04:17:49.164,36.153,-74.828, NAN,179.31,179.9,11.04,9.6,9.6,1017.4,1017.4,0.0,0.0,85.13,78.53,226,227,4.9,4.4,99.9,99.9,9.7,9.3,20.6,19.8,1019.5,1019.5,-5.37,377.98,-0.01,30.7582,12.6511,494.7,61.3,1494.075, NAN, NAN, NAN, NAN,,2024/04/19 04:17:49.164,2024-04-19 04:17:49.164000+00:00
2024/04/19, 04:18:49.164,36.149,-74.829, NAN,180.23,181.86,11.06,9.7,9.7,1017.5,1017.4,0.0,0.0,85.13,78.53,227,230,4.4,4.0,100.0,100.0,9.3,8.9,21.6,21.7,1019.6,1019.5,-5.36,377.69,-0.01,30.7492,12.711,498.0,61.3,1494.268, NAN, NAN, NAN, NAN,,2024/04/19 04:18:49.164,2024-04-19 04:18:49.164000+00:00
2024/04/19, 04:19:49.164,36.146,-74.829, NAN,179.08,182.07,10.91,9.7,9.7,1017.5,1017.4,0.0,0.0,85.13,78.53,223,224,4.0,3.9,100.0,100.0,9.0,8.9,17.5,17.6,1019.6,1019.5,-5.33,378.27,-0.01,30.7373,12.6956,502.0,61.3,1494.201, NAN, NAN, NAN, NAN,,2024/04/19 04:19:49.164,2024-04-19 04:19:49.164000+00:00
2024/04/19, 04:20:49.164,36.143,-74.829, NAN,179.12,181.21,10.9,9.7,9.7,1017.4,1017.3,0.0,0.0,85.13,78.53,228,232,4.5,4.1,100.0,100.0,9.4,8.9,22.4,22.9,1019.5,1019.4,-5.28,378.28,-0.02,30.696,12.6817,500.4,61.3,1494.105, NAN, NAN, NAN, NAN,,2024/04/19 04:20:49.164,2024-04-19 04:20:49.164000+00:00
2024/04/19, 04:21:49.164,36.14,-74.829, NAN,180.41,181.28,10.61,9.7,9.8,1017.4,1017.3,0.0,0.0,85.13,78.53,228,229,4.8,3.7,100.0,100.0,9.4,8.4,23.3,20.5,1019.5,1019.4,-5.21,377.99,-0.01,30.6839,12.7712,501.1,61.3,1494.394, NAN, NAN, NAN, NAN,,2024/04/19 04:21:49.164,2024-04-19 04:21:49.164000+00:00
2024/04/19, 04:22:49.164,36.137,-74.829, NAN,177.98,178.21,10.75,9.7,9.8,1017.4,1017.4,0.0,0.0,85.13,78.53,226,229,5.0,4.3,100.0,100.0,9.7,9.0,20.6,20.1,1019.5,1019.5,-5.28,376.91,-0.02,30.7015,12.9016,502.8,61.4,1494.857, NAN, NAN, NAN, NAN,,2024/04/19 04:22:49.164,2024-04-19 04:22:49.164000+00:00
2024/04/19, 04:23:49.164,36.135,-74.829, NAN,179.44,181.25,10.55,9.7,9.8,1017.4,1017.5,0.0,0.0,85.13,78.53,230,236,4.7,4.1,100.0,100.0,9.2,8.4,22.6,23.3,1019.5,1019.6,-5.27,376.77,-0.02,30.6802,13.0191,501.4,60.9,1495.228, NAN, NAN, NAN, NAN,,2024/04/19 04:23:49.164,2024-04-19 04:23:49.164000+00:00
2024/04/19, 04:24:49.164,36.132,-74.829, NAN,180.37,182.05,10.69,9.6,9.7,1017.5,1017.3,0.0,0.0,85.13,78.53,224,232,4.0,3.2,99.7,99.6,8.8,7.9,19.0,19.4,1019.6,1019.4,-5.28,377.79,-0.02,30.6575,13.0269,499.2,61.0,1495.227, NAN, NAN, NAN, NAN,,2024/04/19 04:24:49.164,2024-04-19 04:24:49.164000+00:00
2024/04/19, 04:25:49.164,36.129,-74.829, NAN,179.3,176.82,10.51,9.6,9.6,1017.4,1017.4,0.0,0.0,85.13,78.53,223,227,5.9,4.8,99.8,99.6,10.5,9.4,22.1,21.7,1019.5,1019.5,-5.31,376.93,-0.02,30.6527,13.0547,498.7,61.4,1495.315, NAN, NAN, NAN, NAN,,2024/04/19 04:25:49.164,2024-04-19 04:25:49.164000+00:00
2024/04/19, 04:26:49.164,36.126,-74.829, NAN,179.36,181.26,10.38,9.6,9.6,1017.4,1017.5,0.0,0.0,85.13,78.53,224,227,4.7,4.2,99.8,99.8,9.4,8.8,20.9,20.9,1019.5,1019.6,-5.36,377.09,-0.01,30.6835,13.0888,499.5,61.5,1495.466, NAN, NAN, NAN, NAN,,2024/04/19 04:26:49.164,2024-04-19 04:26:49.164000+00:00
2024/04/19, 04:27:49.165,36.123,-74.829, NAN,179.8,180.74,10.41,9.6,9.6,1017.5,1017.4,0.0,0.0,85.13,78.53,218,221,5.5,4.9,99.8,100.0,10.3,9.6,19.7,20.0,1019.6,1019.5,-5.4,376.82,-0.02,30.7299,13.1155,499.0,61.5,1495.611, NAN, NAN, NAN, NAN,,2024/04/19 04:27:49.165,2024-04-19 04:27:49.165000+00:00
2024/04/19, 04:28:49.165,36.12,-74.829, NAN,181.03,184.15,10.53,9.5,9.6,1017.4,1017.5,0.0,0.0,85.13,78.53,222,223,4.6,4.4,99.7,100.0,9.4,9.2,21.1,21.1,1019.5,1019.6,-5.39,376.58,-0.01,30.7717,13.1335,495.3,60.7,1495.72, NAN, NAN, NAN, NAN,,2024/04/19 04:28:49.165,2024-04-19 04:28:49.165000+00:00
2024/04/19, 04:29:49.165,36.117,-74.829, NAN,179.3,183.16,10.52,9.5,9.6,1017.5,1017.4,0.0,0.0,85.13,78.53,224,232,4.5,3.2,99.9,100.0,9.3,7.9,20.4,19.6,1019.6,1019.5,-5.46,377.24,-0.01,30.795,13.1482,493.1,61.2,1495.797, NAN, NAN, NAN, NAN,,2024/04/19 04:29:49.165,2024-04-19 04:29:49.165000+00:00
2024/04/19, 04:30:49.165,36.114,-74.829, NAN,180.59,182.15,10.3,9.5,9.6,1017.4,1017.4,0.0,0.0,85.13,78.53,216,216,6.0,5.3,100.0,100.0,10.8,10.1,20.4,19.3,1019.5,1019.5,-5.36,376.75,-0.02,30.8184,13.1587,490.7,61.5,1495.86, NAN, NAN, NAN, NAN,,2024/04/19 04:30:49.165,2024-04-19 04:30:49.165000+00:00
2024/04/19, 04:31:49.165,36.111,-74.83, NAN,181.42,185.43,10.49,9.5,9.6,1017.4,1017.4,0.0,0.0,85.13,78.53,220,214,5.5,4.5,100.0,100.0,10.3,9.5,23.1,18.4,1019.5,1019.5,-5.32,376.68,-0.01,30.8379,13.1542,488.3,61.7,1495.868, NAN, NAN, NAN, NAN,,2024/04/19 04:31:49.165,2024-04-19 04:31:49.165000+00:00
2024/04/19, 04:32:49.165,36.108,-74.83, NAN,180.39,179.06,10.48,9.5,9.6,1017.3,1017.3,0.0,0.0,85.13,78.53,211,211,5.7,5.8,100.0,100.0,10.7,10.8,16.7,16.8,1019.4,1019.4,-5.25,376.71,-0.01,30.8541,13.1358,487.6,61.5,1495.825, NAN, NAN, NAN, NAN,,2024/04/19 04:32:49.165,2024-04-19 04:32:49.165000+00:00
2024/04/19, 04:33:49.165,36.105,-74.83, NAN,181.18,182.89,10.45,9.5,9.6,1017.3,1017.4,0.0,0.0,85.13,78.53,205,215,4.4,4.0,100.0,100.0,9.6,9.0,13.5,17.2,1019.4,1019.5,-5.36,377.72,-0.02,30.8754,13.1125,487.3,61.8,1495.772, NAN, NAN, NAN, NAN,,2024/04/19 04:33:49.165,2024-04-19 04:33:49.165000+00:00
2024/04/19, 04:34:49.165,36.102,-74.83, NAN,180.53,181.96,10.58,9.5,9.6,1017.3,1017.3,0.0,0.0,85.13,78.53,230,232,4.5,4.0,99.7,100.0,9.0,8.5,23.4,22.7,1019.4,1019.4,-5.28,377.83,-0.01,30.8976,13.0853,487.6,61.7,1495.707, NAN, NAN, NAN, NAN,,2024/04/19 04:34:49.165,2024-04-19 04:34:49.165000+00:00
2024/04/19, 04:35:49.165,36.099,-74.83, NAN,181.13,182.62,10.59,9.6,9.6,1017.4,1017.3,0.0,0.0,85.13,78.53,230,235,4.6,3.9,100.0,100.0,9.2,8.4,25.0,24.9,1019.5,1019.4,-5.25,377.56,-0.01,30.9235,13.0703,486.4,61.8,1495.687, NAN, NAN, NAN, NAN,,2024/04/19 04:35:49.165,2024-04-19 04:35:49.165000+00:00
2024/04/19, 04:36:49.165,36.096,-74.83, NAN,181.22,178.87,10.55,9.6,9.7,1017.4,1017.3,0.0,0.0,85.13,78.53,224,225,4.8,4.8,100.0,100.0,9.4,9.4,21.2,21.7,1019.5,1019.4,-5.23,377.43,-0.02,30.9523,13.0636,488.0,61.8,1495.699, NAN, NAN, NAN, NAN,,2024/04/19 04:36:49.165,2024-04-19 04:36:49.165000+00:00
2024/04/19, 04:37:49.165,36.094,-74.83, NAN,180.35,182.58,10.52,9.6,9.7,1017.4,1017.3,0.0,0.0,85.13,78.53,214,217,3.7,3.8,99.9,100.0,8.8,8.8,15.4,16.8,1019.5,1019.4,-5.27,378.04,-0.01,30.9857,13.0723,483.6,61.7,1495.768, NAN, NAN, NAN, NAN,,2024/04/19 04:37:49.165,2024-04-19 04:37:49.165000+00:00
2024/04/19, 04:38:49.165,36.091,-74.83, NAN,180.41,182.31,10.65,9.6,9.7,1017.4,1017.3,0.0,0.0,85.13,78.53,218,224,4.7,3.7,100.0,99.9,9.7,8.6,18.5,18.6,1019.5,1019.4,-5.24,377.65,-0.02,31.0096,13.1025,484.3,61.6,1495.897, NAN, NAN, NAN, NAN,,2024/04/19 04:38:49.165,2024-04-19 04:38:49.165000+00:00
2024/04/19, 04:39:49.165,36.088,-74.831, NAN,181.62,182.85,10.61,9.7,9.7,1017.4,1017.4,0.0,0.0,85.13,78.53,219,222,4.7,3.6,100.0,100.0,9.6,8.5,20.1,18.7,1019.5,1019.5,-5.31,377.53,-0.01,31.0242,13.1191,482.5,61.7,1495.97, NAN, NAN, NAN, NAN,,2024/04/19 04:39:49.165,2024-04-19 04:39:49.165000+00:00
2024/04/19, 04:40:49.165,36.085,-74.831, NAN,181.38,184.28,10.67,9.7,9.7,1017.4,1017.3,0.0,0.0,85.13,78.53,219,220,4.5,4.4,100.0,99.6,9.5,9.3,19.8,20.0,1019.5,1019.4,-5.19,377.51,-0.02,31.0229,13.0995,482.5,61.9,1495.903, NAN, NAN, NAN, NAN,,2024/04/19 04:40:49.165,2024-04-19 04:40:49.165000+00:00
2024/04/19, 04:41:49.165,36.082,-74.831, NAN,180.41,179.79,10.41,9.6,9.6,1017.4,1017.4,0.0,0.0,85.13,78.53,225,222,5.1,4.3,99.3,99.4,9.6,9.0,22.2,18.9,1019.5,1019.5,-5.22,377.48,-0.02,31.0277,13.0604,481.6,61.8,1495.777, NAN, NAN, NAN, NAN,,2024/04/19 04:41:49.165,2024-04-19 04:41:49.165000+00:00
2024/04/19, 04:42:49.165,36.079,-74.831, NAN,180.81,182.71,10.57,9.6,9.6,1017.4,1017.3,0.0,0.0,85.13,78.53,227,225,4.1,4.3,99.4,99.5,8.8,9.1,21.8,21.5,1019.5,1019.4,-5.25,377.32,-0.02,31.0551,13.0316,481.6,61.8,1495.713, NAN, NAN, NAN, NAN,,2024/04/19 04:42:49.165,2024-04-19 04:42:49.165000+00:00
2024/04/19, 04:43:49.166,36.076,-74.831, NAN,180.98,182.26,10.7,9.6,9.6,1017.4,1017.3,0.0,0.0,85.13,78.53,214,218,4.3,3.4,99.2,99.4,9.4,8.5,17.4,17.0,1019.5,1019.4,-5.3,377.94,-0.01,31.0938,13.0051,481.2,61.8,1495.669, NAN, NAN, NAN, NAN,,2024/04/19 04:43:49.166,2024-04-19 04:43:49.166000+00:00
2024/04/19, 04:44:49.166,36.073,-74.831, NAN,179.87,183.06,10.68,9.6,9.6,1017.4,1017.3,0.0,0.0,85.13,78.53,219,223,5.1,4.9,99.4,99.4,10.1,9.8,20.6,22.1,1019.5,1019.4,-5.23,376.93,-0.01,31.126,12.9896,480.9,61.8,1495.655, NAN, NAN, NAN, NAN,,2024/04/19 04:44:49.166,2024-04-19 04:44:49.166000+00:00
2024/04/19, 04:45:49.166,36.07,-74.832, NAN,181.55,183.76,10.7,9.6,9.6,1017.3,1017.3,0.0,0.0,85.13,78.53,221,236,4.7,3.2,99.5,99.7,9.7,7.9,22.1,23.6,1019.4,1019.4,-5.22,376.42,-0.01,31.1499,12.9707,480.9,61.8,1495.62, NAN, NAN, NAN, NAN,,2024/04/19 04:45:49.166,2024-04-19 04:45:49.166000+00:00
2024/04/19, 04:46:49.166,36.067,-74.832, NAN,180.76,182.77,10.65,9.6,9.6,1017.4,1017.4,0.0,0.0,85.13,78.53,214,210,4.0,4.8,99.4,99.5,9.1,10.0,16.2,15.8,1019.5,1019.5,-5.22,375.68,-0.01,31.1689,12.9889,480.0,61.8,1495.704, NAN, NAN, NAN, NAN,,2024/04/19 04:46:49.166,2024-04-19 04:46:49.166000+00:00
2024/04/19, 04:47:49.166,36.064,-74.832, NAN,180.55,182.47,10.68,9.6,9.6,1017.4,1017.3,0.0,0.0,85.13,78.53,229,250,3.5,2.1,99.0,99.1,8.3,6.6,20.5,19.7,1019.5,1019.4,-5.31,373.48,-0.02,31.1989,12.9957,480.3,61.7,1495.762, NAN, NAN, NAN, NAN,,2024/04/19 04:47:49.166,2024-04-19 04:47:49.166000+00:00
2024/04/19, 04:48:49.166,36.061,-74.832, NAN,180.08,182.06,10.83,9.7,9.7,1017.4,1017.3,0.0,0.0,85.13,78.53,247,269,3.7,2.9,99.8,99.6,7.9,6.4,27.2,28.8,1019.5,1019.4,-5.28,375.43,-0.02,31.2071,12.9877,479.2,61.6,1495.745, NAN, NAN, NAN, NAN,,2024/04/19 04:48:49.166,2024-04-19 04:48:49.166000+00:00
2024/04/19, 04:49:49.166,36.058,-74.832, NAN,181.51,181.94,10.72,9.7,9.7,1017.5,1017.4,0.0,0.0,85.13,78.53,223,225,4.3,3.8,99.8,99.8,9.2,8.7,20.9,20.3,1019.6,1019.5,-5.22,372.78,-0.01,31.2157,12.991,478.8,61.6,1495.766, NAN, NAN, NAN, NAN,,2024/04/19 04:49:49.166,2024-04-19 04:49:49.166000+00:00
2024/04/19, 04:50:49.166,36.055,-74.833, NAN,181.96,182.64,10.65,9.7,9.7,1017.4,1017.3,0.0,0.0,85.13,78.53,234,221,3.9,3.9,99.1,99.4,8.5,8.9,25.3,20.1,1019.5,1019.4,-5.3,372.59,-0.02,31.2346,12.9898,477.6,61.8,1495.784, NAN, NAN, NAN, NAN,,2024/04/19 04:50:49.166,2024-04-19 04:50:49.166000+00:00
2024/04/19, 04:51:49.166,36.052,-74.833, NAN,180.56,182.63,10.59,9.6,9.6,1017.4,1017.3,0.0,0.0,85.13,78.53,230,226,4.0,3.9,98.7,98.8,8.7,8.7,23.6,21.7,1019.5,1019.4,-5.28,374.9,-0.01,31.2508,12.9637,477.6,61.7,1495.716, NAN, NAN, NAN, NAN,,2024/04/19 04:51:49.166,2024-04-19 04:51:49.166000+00:00
2024/04/19, 04:52:49.166,36.049,-74.833, NAN,180.78,179.34,10.82,9.6,9.7,1017.4,1017.3,0.0,0.0,85.13,78.53,225,222,4.5,4.4,99.1,99.2,9.3,9.3,20.8,19.2,1019.5,1019.4,-5.32,376.77,-0.02,31.277,12.9163,476.6,61.8,1495.587, NAN, NAN, NAN, NAN,,2024/04/19 04:52:49.166,2024-04-19 04:52:49.166000+00:00
2024/04/19, 04:53:49.166,36.046,-74.833, NAN,179.8,183.07,10.59,9.6,9.7,1017.4,1017.4,0.0,0.0,85.13,78.53,222,223,4.4,3.9,98.7,99.2,9.3,8.8,20.0,19.2,1019.5,1019.5,-5.33,377.13,-0.02,31.3053,12.9446,476.3,61.9,1495.716, NAN, NAN, NAN, NAN,,2024/04/19 04:53:49.166,2024-04-19 04:53:49.166000+00:00
2024/04/19, 04:54:49.166,36.043,-74.833, NAN,180.38,181.69,10.76,9.6,9.6,1017.3,1017.3,0.0,0.0,85.13,78.53,217,225,4.0,3.1,99.0,99.0,9.1,8.1,17.2,17.8,1019.4,1019.4,-5.26,377.62,-0.02,31.3405,12.9757,476.3,61.7,1495.862, NAN, NAN, NAN, NAN,,2024/04/19 04:54:49.166,2024-04-19 04:54:49.166000+00:00
2024/04/19, 04:55:49.166,36.04,-74.833, NAN,180.78,182.03,10.57,9.6,9.6,1017.3,1017.4,0.0,0.0,85.13,78.53,230,231,4.1,3.7,99.1,99.0,8.7,8.3,22.8,21.9,1019.4,1019.5,-5.33,377.14,-0.02,31.3414,12.9794,476.0,61.8,1495.876, NAN, NAN, NAN, NAN,,2024/04/19 04:55:49.166,2024-04-19 04:55:49.166000+00:00
2024/04/19, 04:56:49.166,36.037,-74.834, NAN,181.12,181.99,10.49,9.6,9.7,1017.3,1017.3,0.0,0.0,85.13,78.53,221,221,4.3,4.0,99.3,99.5,9.1,8.9,20.3,19.6,1019.4,1019.4,-5.28,376.93,-0.02,31.337,12.9326,476.0,61.5,1495.713, NAN, NAN, NAN, NAN,,2024/04/19 04:56:49.166,2024-04-19 04:56:49.166000+00:00
2024/04/19, 04:57:49.166,36.034,-74.834, NAN,181.56,182.5,10.79,9.6,9.6,1017.4,1017.4,0.0,0.0,85.13,78.53,205,208,4.1,3.9,98.8,98.9,9.5,9.2,13.2,14.2,1019.5,1019.5,-5.34,377.03,-0.02,31.3594,12.9579,473.6,61.7,1495.825, NAN, NAN, NAN, NAN,,2024/04/19 04:57:49.166,2024-04-19 04:57:49.166000+00:00
2024/04/19, 04:58:49.167,36.031,-74.834, NAN,179.95,176.74,10.58,9.6,9.6,1017.3,1017.3,0.0,0.0,85.13,78.53,229,223,1.8,2.0,98.5,98.5,6.8,7.0,11.5,11.1,1019.4,1019.4,-5.3,377.91,-0.02,31.3936,12.9801,475.2,61.8,1495.94, NAN, NAN, NAN, NAN,,2024/04/19 04:58:49.167,2024-04-19 04:58:49.167000+00:00
2024/04/19, 04:59:49.167,36.028,-74.834, NAN,181.59,182.1,10.85,9.6,9.6,1017.6,1017.4,0.0,0.0,85.13,78.53,226,225,2.9,3.2,99.1,99.0,7.9,8.2,18.1,18.7,1019.7,1019.5,-5.35,376.46,-0.02,31.4069,12.9701,474.5,61.6,1495.922, NAN, NAN, NAN, NAN,,2024/04/19 04:59:49.167,2024-04-19 04:59:49.167000+00:00
2024/04/19, 05:00:49.167,36.025,-74.834, NAN,181.6,184.11,10.97,9.6,9.7,1017.4,1017.4,0.0,0.0,85.13,78.53,207,212,3.0,3.0,99.3,99.4,8.5,8.4,12.8,14.5,1019.5,1019.5,-5.25,376.61,-0.02,31.4098,12.9871,473.9,61.5,1495.983, NAN, NAN, NAN, NAN,,2024/04/19 05:00:49.167,2024-04-19 05:00:49.167000+00:00
2024/04/19, 05:01:49.167,36.022,-74.835, NAN,180.66,182.02,10.76,9.7,9.7,1017.4,1017.3,0.0,0.0,85.13,78.53,207,281,1.7,1.4,99.6,99.5,7.1,5.5,9.8,18.9,1019.5,1019.4,-5.28,377.6,-0.02,31.4304,12.9954,474.2,61.3,1496.035, NAN, NAN, NAN, NAN,,2024/04/19 05:01:49.167,2024-04-19 05:01:49.167000+00:00
2024/04/19, 05:02:49.167,36.019,-74.835, NAN,181.82,184.46,11.0,9.8,9.8,1017.4,1017.4,0.0,0.0,85.13,78.53,210,284,2.2,1.5,100.0,100.0,7.7,5.6,12.2,20.0,1019.5,1019.5,-5.24,378.58,-0.02,31.4451,12.9707,473.9,61.6,1495.969, NAN, NAN, NAN, NAN,,2024/04/19 05:02:49.167,2024-04-19 05:02:49.167000+00:00
2024/04/19, 05:03:49.167,36.016,-74.835, NAN,181.07,181.38,10.96,9.9,9.9,1017.4,1017.3,0.0,0.0,85.13,78.53,199,237,1.9,1.4,100.0,100.0,7.5,6.5,7.1,12.9,1019.5,1019.4,-5.13,378.23,-0.01,31.4527,12.9802,473.6,61.5,1496.01, NAN, NAN, NAN, NAN,,2024/04/19 05:03:49.167,2024-04-19 05:03:49.167000+00:00
2024/04/19, 05:04:49.167,36.013,-74.835, NAN,181.39,184.19,10.81,9.9,9.9,1017.4,1017.4,0.0,0.0,85.13,78.53,198,208,3.2,2.7,99.5,99.7,8.7,8.1,9.2,11.8,1019.5,1019.5,-5.22,377.92,-0.02,31.4797,12.932,471.8,61.7,1495.88, NAN, NAN, NAN, NAN,,2024/04/19 05:04:49.167,2024-04-19 05:04:49.167000+00:00
2024/04/19, 05:05:49.167,36.01,-74.836, NAN,182.04,189.35,10.86,9.8,9.9,1017.3,1017.3,0.0,0.0,85.13,78.53,205,210,2.9,3.0,98.8,98.8,8.4,8.4,14.1,16.0,1019.4,1019.4,-5.23,378.06,-0.02,31.487,12.8841,471.2,61.4,1495.727, NAN, NAN, NAN, NAN,,2024/04/19 05:05:49.167,2024-04-19 05:05:49.167000+00:00
2024/04/19, 05:06:49.167,36.007,-74.836, NAN,180.22,182.22,10.96,9.8,9.9,1017.4,1017.4,0.0,0.0,85.13,78.53,207,203,3.5,3.3,98.9,98.9,8.9,8.8,12.1,10.3,1019.5,1019.5,-5.28,377.65,-0.01,31.5189,12.8655,471.2,61.4,1495.702, NAN, NAN, NAN, NAN,,2024/04/19 05:06:49.167,2024-04-19 05:06:49.167000+00:00
2024/04/19, 05:07:49.167,36.004,-74.836, NAN,178.17,180.65,10.97,9.8,9.9,1017.4,1017.3,0.0,0.0,85.13,78.53,230,272,2.3,1.8,99.2,99.1,7.4,5.9,12.9,17.1,1019.5,1019.4,-5.3,377.78,-0.02,31.5456,12.8473,470.5,61.4,1495.672, NAN, NAN, NAN, NAN,,2024/04/19 05:07:49.167,2024-04-19 05:07:49.167000+00:00
2024/04/19, 05:08:49.167,36.001,-74.836, NAN,181.43,184.23,11.04,9.9,9.9,1017.3,1017.3,0.0,0.0,85.13,78.53,225,223,3.1,3.1,99.6,99.0,8.2,8.3,18.6,17.9,1019.4,1019.4,-5.24,376.12,-0.02,31.5687,12.8339,470.5,61.5,1495.655, NAN, NAN, NAN, NAN,,2024/04/19 05:08:49.167,2024-04-19 05:08:49.167000+00:00
2024/04/19, 05:09:49.167,35.998,-74.836, NAN,180.83,184.3,11.03,9.8,9.9,1017.2,1017.2,0.0,0.0,85.13,78.53,220,222,3.7,3.0,99.2,99.2,8.9,8.2,18.8,17.6,1019.3,1019.3,-5.3,375.47,-0.02,31.6009,12.8325,470.8,61.3,1495.688, NAN, NAN, NAN, NAN,,2024/04/19 05:09:49.167,2024-04-19 05:09:49.167000+00:00
2024/04/19, 05:10:49.167,35.995,-74.836, NAN,179.05,180.83,10.93,9.8,9.8,1017.2,1017.1,0.0,0.0,85.13,78.53,211,212,3.7,4.2,98.9,98.8,9.0,9.5,12.2,13.5,1019.3,1019.2,-5.28,372.62,-0.02,31.6273,12.8078,473.2,61.0,1495.636, NAN, NAN, NAN, NAN,,2024/04/19 05:10:49.167,2024-04-19 05:10:49.167000+00:00
2024/04/19, 05:11:49.167,35.992,-74.836, NAN,179.07,181.04,10.94,9.8,9.9,1017.0,1017.1,0.0,0.0,85.13,78.53,214,210,3.4,3.5,99.2,99.3,8.7,8.9,12.9,11.6,1019.1,1019.2,-5.25,374.12,-0.01,31.6381,12.7825,471.5,61.2,1495.563, NAN, NAN, NAN, NAN,,2024/04/19 05:11:49.167,2024-04-19 05:11:49.167000+00:00
2024/04/19, 05:12:49.167,35.989,-74.836, NAN,179.77,182.76,10.97,9.8,9.8,1017.1,1017.1,0.0,0.0,85.13,78.53,224,253,3.2,1.8,98.8,98.7,8.3,6.5,17.1,17.5,1019.2,1019.2,-5.24,375.35,-0.02,31.6497,12.7602,470.5,61.4,1495.502, NAN, NAN, NAN, NAN,,2024/04/19 05:12:49.167,2024-04-19 05:12:49.167000+00:00
2024/04/19, 05:13:49.167,35.986,-74.837, NAN,180.48,181.53,11.22,9.7,9.8,1017.0,1017.0,0.0,0.0,85.13,78.53,238,234,2.1,2.5,98.8,98.8,7.1,7.5,15.9,16.9,1019.1,1019.1,-5.34,376.13,-0.02,31.6611,12.7516,472.1,61.5,1495.486, NAN, NAN, NAN, NAN,,2024/04/19 05:13:49.167,2024-04-19 05:13:49.167000+00:00
2024/04/19, 05:14:49.168,35.983,-74.837, NAN,179.63,178.85,11.06,9.7,9.8,1017.2,1017.0,0.0,0.0,85.13,78.53,232,228,3.7,3.5,98.8,98.9,8.5,8.5,20.0,17.9,1019.3,1019.1,-5.34,374.11,-0.02,31.6698,12.7559,470.8,61.4,1495.511, NAN, NAN, NAN, NAN,,2024/04/19 05:14:49.168,2024-04-19 05:14:49.168000+00:00
2024/04/19, 05:15:49.168,35.98,-74.837, NAN,178.91,177.65,11.13,9.7,9.8,1017.0,1017.0,0.0,0.0,85.13,78.53,235,271,4.2,1.6,98.8,98.8,8.8,5.9,21.5,14.0,1019.1,1019.1,-5.38,374.03,-0.02,31.6761,12.7559,472.1,61.4,1495.518, NAN, NAN, NAN, NAN,,2024/04/19 05:15:49.168,2024-04-19 05:15:49.168000+00:00
2024/04/19, 05:16:49.168,35.976,-74.837, NAN,179.49,183.07,11.17,9.8,9.8,1017.0,1017.0,0.0,0.0,85.13,78.53,228,229,3.9,3.6,99.0,98.9,8.9,8.6,20.3,19.7,1019.1,1019.1,-5.26,372.8,-0.02,31.6825,12.75,471.5,61.6,1495.506, NAN, NAN, NAN, NAN,,2024/04/19 05:16:49.168,2024-04-19 05:16:49.168000+00:00
2024/04/19, 05:17:49.168,35.973,-74.837, NAN,180.01,182.28,11.28,9.8,9.8,1017.0,1016.9,0.0,0.0,85.13,78.53,239,227,4.1,3.7,99.0,98.9,8.7,8.8,25.1,19.2,1019.1,1019.0,-5.32,369.04,-0.01,31.6863,12.7529,471.5,61.4,1495.52, NAN, NAN, NAN, NAN,,2024/04/19 05:17:49.168,2024-04-19 05:17:49.168000+00:00
2024/04/19, 05:18:49.168,35.97,-74.837, NAN,179.96,182.65,11.0,9.8,9.8,1016.9,1017.0,0.0,0.0,85.13,78.53,235,237,4.0,3.8,98.9,99.0,8.7,8.5,24.1,24.2,1019.0,1019.1,-5.37,361.27,-0.02,31.6841,12.7647,473.2,61.4,1495.558, NAN, NAN, NAN, NAN,,2024/04/19 05:18:49.168,2024-04-19 05:18:49.168000+00:00
2024/04/19, 05:19:49.168,35.967,-74.837, NAN,179.85,180.74,11.14,9.7,9.8,1016.9,1016.9,0.0,0.0,85.13,78.53,219,226,3.2,2.9,98.5,98.4,8.5,8.0,14.0,15.3,1019.0,1019.0,-5.51,366.31,-0.02,31.6831,12.7633,471.5,61.5,1495.552, NAN, NAN, NAN, NAN,,2024/04/19 05:19:49.168,2024-04-19 05:19:49.168000+00:00
2024/04/19, 05:20:49.168,35.964,-74.837, NAN,180.76,181.27,11.23,9.8,9.8,1017.0,1017.0,0.0,0.0,85.13,78.53,238,274,3.3,2.7,98.5,98.6,8.1,6.2,21.7,27.1,1019.1,1019.1,-5.46,370.56,-0.02,31.6801,12.7427,472.1,61.6,1495.479, NAN, NAN, NAN, NAN,,2024/04/19 05:20:49.168,2024-04-19 05:20:49.168000+00:00
2024/04/19, 05:21:49.168,35.961,-74.838, NAN,181.05,180.59,11.13,9.9,9.9,1017.1,1016.9,0.0,0.0,85.13,78.53,248,243,3.3,2.6,99.5,99.4,7.7,7.3,25.9,20.8,1019.2,1019.0,-5.4,369.9,-0.01,31.6735,12.705,472.1,61.7,1495.343, NAN, NAN, NAN, NAN,,2024/04/19 05:21:49.168,2024-04-19 05:21:49.168000+00:00
2024/04/19, 05:22:49.168,35.958,-74.838, NAN,181.26,181.54,11.21,9.9,9.9,1017.0,1017.0,0.0,0.0,85.13,78.53,237,256,2.7,2.8,99.5,99.4,7.6,7.0,19.4,24.9,1019.1,1019.1,-5.42,368.75,-0.01,31.6666,12.6638,472.9,61.7,1495.195, NAN, NAN, NAN, NAN,,2024/04/19 05:22:49.168,2024-04-19 05:22:49.168000+00:00
2024/04/19, 05:23:49.168,35.955,-74.838, NAN,181.3,180.72,11.2,9.9,9.9,1016.9,1017.0,0.0,0.0,85.13,78.53,240,265,2.8,2.6,98.7,98.6,7.6,6.5,20.0,24.7,1019.0,1019.1,-5.49,373.43,-0.02,31.6748,12.6407,474.2,61.7,1495.127, NAN, NAN, NAN, NAN,,2024/04/19 05:23:49.168,2024-04-19 05:23:49.168000+00:00
2024/04/19, 05:24:49.168,35.951,-74.838, NAN,180.47,182.73,11.29,9.9,9.9,1017.1,1017.0,0.0,0.0,85.13,78.53,229,274,1.7,1.5,98.5,98.5,7.1,5.9,12.8,17.3,1019.2,1019.1,-5.4,376.05,-0.01,31.6811,12.5961,474.8,61.7,1494.983, NAN, NAN, NAN, NAN,,2024/04/19 05:24:49.168,2024-04-19 05:24:49.168000+00:00
2024/04/19, 05:25:49.168,35.948,-74.838, NAN,180.8,181.95,11.06,9.9,9.9,1017.0,1017.0,0.0,0.0,85.13,78.53,243,240,3.2,2.9,98.6,98.5,7.7,7.6,23.3,20.9,1019.1,1019.1,-5.43,376.3,-0.02,31.6799,12.5609,475.2,61.8,1494.862, NAN, NAN, NAN, NAN,,2024/04/19 05:25:49.168,2024-04-19 05:25:49.168000+00:00
2024/04/19, 05:26:49.168,35.945,-74.838, NAN,180.05,180.16,11.04,9.9,9.9,1017.0,1017.0,0.0,0.0,85.13,78.53,244,265,3.0,2.4,98.9,98.9,7.5,6.4,21.5,22.6,1019.1,1019.1,-5.31,375.72,-0.02,31.6839,12.5379,476.3,61.5,1494.789, NAN, NAN, NAN, NAN,,2024/04/19 05:26:49.168,2024-04-19 05:26:49.168000+00:00
2024/04/19, 05:27:49.168,35.942,-74.838, NAN,180.86,180.76,11.0,9.9,9.9,1017.1,1016.9,0.0,0.0,85.13,78.53,251,266,3.3,2.3,99.1,99.1,7.5,6.3,26.9,23.8,1019.2,1019.0,-5.34,374.07,-0.02,31.6897,12.5345,476.3,61.5,1494.784, NAN, NAN, NAN, NAN,,2024/04/19 05:27:49.168,2024-04-19 05:27:49.168000+00:00
2024/04/19, 05:28:49.168,35.939,-74.838, NAN,181.55,180.92,11.25,9.9,9.9,1017.0,1017.0,0.0,0.0,85.13,78.53,231,240,4.0,3.9,98.6,98.5,8.9,8.4,22.1,25.2,1019.1,1019.1,-5.31,371.36,-0.02,31.7009,12.5757,475.5,61.7,1494.937, NAN, NAN, NAN, NAN,,2024/04/19 05:28:49.168,2024-04-19 05:28:49.168000+00:00
2024/04/19, 05:29:49.168,35.936,-74.839, NAN,180.47,181.5,11.4,9.9,9.9,1017.0,1016.9,0.0,0.0,85.13,78.53,238,236,3.0,2.5,98.4,98.5,7.9,7.6,20.1,17.2,1019.1,1019.0,-5.33,369.86,-0.02,31.7077,12.5848,474.8,61.8,1494.976, NAN, NAN, NAN, NAN,,2024/04/19 05:29:49.168,2024-04-19 05:29:49.168000+00:00
2024/04/19, 05:30:49.169,35.933,-74.839, NAN,180.73,182.53,11.2,9.8,9.9,1017.0,1017.0,0.0,0.0,85.13,78.53,230,238,3.2,2.8,98.1,98.1,8.3,7.7,19.7,20.5,1019.1,1019.1,-5.38,369.54,-0.02,31.7071,12.5462,473.2,61.6,1494.845, NAN, NAN, NAN, NAN,,2024/04/19 05:30:49.169,2024-04-19 05:30:49.169000+00:00
2024/04/19, 05:31:49.169,35.93,-74.839, NAN,180.53,179.09,11.29,9.8,9.9,1016.9,1017.0,0.0,0.0,85.13,78.53,229,237,3.0,2.3,98.1,98.2,8.1,7.3,16.0,15.0,1019.0,1019.1,-5.42,368.69,-0.02,31.7022,12.5113,473.6,61.6,1494.72, NAN, NAN, NAN, NAN,,2024/04/19 05:31:49.169,2024-04-19 05:31:49.169000+00:00
2024/04/19, 05:32:49.169,35.927,-74.839, NAN,179.86,180.51,11.37,9.8,9.8,1017.0,1017.0,0.0,0.0,85.13,78.53,235,271,2.2,1.8,98.1,98.2,7.4,6.1,15.1,18.3,1019.1,1019.1,-5.44,371.25,-0.02,31.7057,12.464,473.2,61.3,1494.563, NAN, NAN, NAN, NAN,,2024/04/19 05:32:49.169,2024-04-19 05:32:49.169000+00:00
2024/04/19, 05:33:49.169,35.924,-74.839, NAN,181.1,184.29,11.15,9.8,9.8,1016.9,1016.8,0.0,0.0,85.13,78.53,227,273,3.3,2.6,98.1,98.0,8.4,6.3,19.8,28.4,1019.0,1018.9,-5.49,374.09,-0.02,31.7191,12.4511,473.9,61.2,1494.535, NAN, NAN, NAN, NAN,,2024/04/19 05:33:49.169,2024-04-19 05:33:49.169000+00:00
2024/04/19, 05:34:49.169,35.92,-74.839, NAN,181.81,184.34,11.29,9.8,9.8,1016.8,1016.9,0.0,0.0,85.13,78.53,220,230,2.9,2.2,98.8,98.7,8.3,7.5,16.5,16.7,1018.9,1019.0,-5.41,375.1,-0.02,31.7251,12.4394,472.6,61.5,1494.503, NAN, NAN, NAN, NAN,,2024/04/19 05:34:49.169,2024-04-19 05:34:49.169000+00:00
2024/04/19, 05:35:49.169,35.917,-74.839, NAN,181.68,184.19,11.25,9.8,9.8,1016.9,1016.9,0.0,0.0,85.13,78.53,212,254,2.8,1.4,98.3,98.3,8.3,6.4,13.9,16.4,1019.0,1019.0,-5.31,375.39,-0.02,31.7202,12.4329,473.6,61.7,1494.475, NAN, NAN, NAN, NAN,,2024/04/19 05:35:49.169,2024-04-19 05:35:49.169000+00:00
2024/04/19, 05:36:49.169,35.914,-74.839, NAN,181.07,185.21,11.26,9.8,9.8,1016.9,1016.9,0.0,0.0,85.13,78.53,203,214,2.6,2.3,98.0,98.0,8.3,7.8,9.9,12.4,1019.0,1019.0,-5.36,376.06,-0.02,31.7061,12.4165,474.2,61.9,1494.402, NAN, NAN, NAN, NAN,,2024/04/19 05:36:49.169,2024-04-19 05:36:49.169000+00:00
2024/04/19, 05:37:49.169,35.911,-74.84, NAN,179.54,180.42,11.39,9.8,9.8,1016.8,1016.7,0.0,0.0,85.13,78.53,226,233,2.6,2.4,97.9,97.9,7.9,7.6,15.0,16.0,1018.9,1018.8,-5.3,375.59,-0.01,31.6943,12.3929,472.6,61.8,1494.307, NAN, NAN, NAN, NAN,,2024/04/19 05:37:49.169,2024-04-19 05:37:49.169000+00:00
2024/04/19, 05:38:49.169,35.908,-74.84, NAN,180.99,181.68,11.3,9.8,9.8,1016.9,1016.9,0.0,0.0,85.13,78.53,229,251,3.2,2.3,98.4,98.3,8.3,6.9,18.1,19.5,1019.0,1019.0,-5.34,373.66,-0.01,31.6861,12.3782,475.2,61.6,1494.247, NAN, NAN, NAN, NAN,,2024/04/19 05:38:49.169,2024-04-19 05:38:49.169000+00:00
2024/04/19, 05:39:49.169,35.905,-74.84, NAN,181.26,183.18,11.31,9.9,9.9,1016.8,1016.8,0.0,0.0,85.13,78.53,239,259,3.4,2.8,98.8,98.8,8.2,7.0,23.2,25.7,1018.9,1018.9,-5.31,373.37,-0.02,31.6869,12.3732,474.8,61.7,1494.231, NAN, NAN, NAN, NAN,,2024/04/19 05:39:49.169,2024-04-19 05:39:49.169000+00:00
2024/04/19, 05:40:49.169,35.902,-74.84, NAN,181.06,182.5,11.38,9.9,9.9,1016.8,1016.7,0.0,0.0,85.13,78.53,232,233,3.9,3.5,98.4,98.4,8.8,8.5,21.8,20.8,1018.9,1018.8,-5.31,372.29,-0.01,31.6919,12.3723,474.8,62.3,1494.234, NAN, NAN, NAN, NAN,,2024/04/19 05:40:49.169,2024-04-19 05:40:49.169000+00:00
2024/04/19, 05:41:49.169,35.898,-74.84, NAN,181.37,182.85,11.42,9.9,9.9,1016.9,1016.8,0.0,0.0,85.13,78.53,229,230,3.2,2.9,98.0,98.1,8.4,8.1,19.7,18.9,1019.0,1018.9,-5.32,373.01,-0.01,31.6962,12.356,474.8,61.8,1494.184, NAN, NAN, NAN, NAN,,2024/04/19 05:41:49.169,2024-04-19 05:41:49.169000+00:00
2024/04/19, 05:42:49.169,35.895,-74.84, NAN,180.37,182.12,11.32,9.8,9.9,1016.9,1016.8,0.0,0.0,85.13,78.53,226,229,3.7,3.0,97.5,97.5,8.9,8.2,19.0,17.7,1019.0,1018.9,-5.33,373.87,-0.02,31.6931,12.3499,475.5,61.8,1494.159, NAN, NAN, NAN, NAN,,2024/04/19 05:42:49.169,2024-04-19 05:42:49.169000+00:00
2024/04/19, 05:43:49.169,35.892,-74.84, NAN,179.58,181.63,11.32,9.9,9.9,1016.8,1016.8,0.0,0.0,85.13,78.53,217,221,3.1,2.0,97.8,97.8,8.6,7.5,14.1,11.9,1018.9,1018.9,-5.37,373.88,-0.02,31.6889,12.3476,475.5,61.8,1494.146, NAN, NAN, NAN, NAN,,2024/04/19 05:43:49.169,2024-04-19 05:43:49.169000+00:00
2024/04/19, 05:44:49.169,35.889,-74.841, NAN,180.69,180.52,11.32,9.9,9.9,1016.8,1016.7,0.0,0.0,85.13,78.53,226,239,3.9,3.1,98.2,98.2,9.0,7.9,18.7,20.1,1018.9,1018.8,-5.32,372.39,-0.02,31.6934,12.3446,474.5,61.7,1494.141, NAN, NAN, NAN, NAN,,2024/04/19 05:44:49.169,2024-04-19 05:44:49.169000+00:00
2024/04/19, 05:45:49.170,35.886,-74.841, NAN,180.66,180.49,11.43,10.0,10.0,1016.8,1016.7,0.0,0.0,85.13,78.53,239,280,3.2,1.9,98.7,98.6,8.0,5.9,21.1,19.8,1018.9,1018.8,-5.31,372.32,-0.02,31.6925,12.3536,475.5,61.8,1494.171, NAN, NAN, NAN, NAN,,2024/04/19 05:45:49.170,2024-04-19 05:45:49.170000+00:00
2024/04/19, 05:46:49.170,35.883,-74.841, NAN,180.85,181.48,11.35,10.0,10.0,1016.7,1016.7,0.0,0.0,85.13,78.53,234,245,3.2,2.4,98.0,98.0,8.2,7.2,19.8,18.9,1018.8,1018.8,-5.34,371.96,-0.01,31.6911,12.378,476.9,61.8,1494.253, NAN, NAN, NAN, NAN,,2024/04/19 05:46:49.170,2024-04-19 05:46:49.170000+00:00
2024/04/19, 05:47:49.170,35.88,-74.841, NAN,181.32,179.88,11.44,10.0,10.0,1016.7,1016.6,0.0,0.0,85.13,78.53,230,250,3.3,1.8,98.0,98.0,8.4,6.7,19.2,16.3,1018.8,1018.7,-5.36,372.46,-0.01,31.6908,12.3867,473.6,61.6,1494.282, NAN, NAN, NAN, NAN,,2024/04/19 05:47:49.170,2024-04-19 05:47:49.170000+00:00
2024/04/19, 05:48:49.170,35.876,-74.841, NAN,179.91,179.94,11.36,9.9,10.0,1016.8,1016.8,0.0,0.0,85.13,78.53,230,238,3.1,2.2,97.8,97.9,8.2,7.3,17.0,15.0,1018.9,1018.9,-5.33,373.07,-0.02,31.6916,12.401,473.9,61.4,1494.332, NAN, NAN, NAN, NAN,,2024/04/19 05:48:49.170,2024-04-19 05:48:49.170000+00:00
2024/04/19, 05:49:49.170,35.873,-74.841, NAN,179.66,180.29,11.18,10.0,10.0,1016.8,1016.6,0.0,0.0,85.13,78.53,231,233,4.0,3.4,98.0,97.9,8.9,8.3,21.8,20.5,1018.9,1018.7,-5.38,371.81,-0.01,31.6973,12.4175,473.2,61.3,1494.395, NAN, NAN, NAN, NAN,,2024/04/19 05:49:49.170,2024-04-19 05:49:49.170000+00:00
2024/04/19, 05:50:49.170,35.87,-74.841, NAN,181.08,184.56,11.39,9.9,10.0,1016.8,1016.6,0.0,0.0,85.13,78.53,229,241,3.3,2.4,97.9,98.0,8.5,7.4,20.1,19.7,1018.9,1018.7,-5.44,367.54,-0.01,31.6993,12.4321,474.2,61.5,1494.447, NAN, NAN, NAN, NAN,,2024/04/19 05:50:49.170,2024-04-19 05:50:49.170000+00:00
2024/04/19, 05:51:49.170,35.867,-74.842, NAN,181.27,185.34,11.36,10.0,10.0,1016.5,1016.6,0.0,0.0,85.13,78.53,230,245,2.9,1.8,98.1,98.2,8.1,6.8,18.8,16.9,1018.6,1018.7,-5.39,360.41,-0.01,31.7034,12.4633,478.5,61.1,1494.558, NAN, NAN, NAN, NAN,,2024/04/19 05:51:49.170,2024-04-19 05:51:49.170000+00:00
2024/04/19, 05:52:49.170,35.864,-74.842, NAN,180.28,179.74,11.27,10.0,10.0,1016.6,1016.6,0.0,0.0,85.13,78.53,224,241,3.1,1.8,98.1,98.2,8.3,6.9,16.2,14.7,1018.7,1018.7,-5.58,354.54,-0.01,31.7057,12.4995,473.2,60.9,1494.684, NAN, NAN, NAN, NAN,,2024/04/19 05:52:49.170,2024-04-19 05:52:49.170000+00:00
2024/04/19, 05:53:49.170,35.861,-74.842, NAN,180.64,185.11,11.16,10.0,10.0,1016.8,1016.8,0.0,0.0,85.13,78.53,213,239,3.0,1.7,97.9,97.8,8.5,6.8,13.3,14.9,1018.9,1018.9,-5.6,356.96,-0.02,31.6987,12.52,472.1,60.7,1494.745, NAN, NAN, NAN, NAN,,2024/04/19 05:53:49.170,2024-04-19 05:53:49.170000+00:00
2024/04/19, 05:54:49.170,35.858,-74.842, NAN,179.33,179.77,11.24,9.9,10.0,1016.7,1016.6,0.0,0.0,85.13,78.53,203,291,1.3,1.8,97.7,97.7,7.0,5.5,5.1,19.5,1018.8,1018.7,-5.8,360.66,-0.01,31.6966,12.5422,474.2,61.1,1494.818, NAN, NAN, NAN, NAN,,2024/04/19 05:54:49.170,2024-04-19 05:54:49.170000+00:00
2024/04/19, 05:55:49.170,35.854,-74.842, NAN,181.43,183.44,11.26,10.0,10.0,1016.6,1016.6,0.0,0.0,85.13,78.53,222,266,2.9,1.9,98.4,98.3,8.2,6.2,15.9,20.1,1018.7,1018.7,-5.77,362.04,-0.02,31.699,12.5619,473.6,61.3,1494.888, NAN, NAN, NAN, NAN,,2024/04/19 05:55:49.170,2024-04-19 05:55:49.170000+00:00
2024/04/19, 05:56:49.170,35.851,-74.842, NAN,180.77,180.78,11.42,10.1,10.1,1016.7,1016.5,0.0,0.0,85.13,78.53,205,227,3.1,2.0,98.5,98.6,8.8,7.4,9.9,12.8,1018.8,1018.6,-5.72,363.67,-0.02,31.6984,12.5809,472.9,61.4,1494.952, NAN, NAN, NAN, NAN,,2024/04/19 05:56:49.170,2024-04-19 05:56:49.170000+00:00
2024/04/19, 05:57:49.170,35.848,-74.843, NAN,181.76,182.25,11.33,10.0,10.1,1016.6,1016.5,0.0,0.0,85.13,78.53,212,241,3.2,1.6,97.9,98.0,8.7,6.8,14.3,15.5,1018.7,1018.6,-5.73,364.74,-0.02,31.7039,12.6015,473.2,61.3,1495.028, NAN, NAN, NAN, NAN,,2024/04/19 05:57:49.170,2024-04-19 05:57:49.170000+00:00
2024/04/19, 05:58:49.170,35.845,-74.843, NAN,184.21,185.3,11.39,10.0,10.1,1016.5,1016.5,0.0,0.0,85.13,78.53,218,214,2.3,2.5,98.0,98.0,7.8,8.1,15.9,15.4,1018.6,1018.6,-5.7,363.88,-0.01,31.7052,12.6152,472.4,61.2,1495.077, NAN, NAN, NAN, NAN,,2024/04/19 05:58:49.170,2024-04-19 05:58:49.170000+00:00
2024/04/19, 05:59:49.170,35.842,-74.843, NAN,183.73,182.37,11.47,10.0,10.1,1016.6,1016.5,0.0,0.0,85.13,78.53,209,278,2.0,1.5,97.8,97.6,7.7,5.9,11.0,18.4,1018.7,1018.6,-5.76,363.88,-0.01,31.7113,12.6378,472.4,61.3,1495.16, NAN, NAN, NAN, NAN,,2024/04/19 05:59:49.170,2024-04-19 05:59:49.170000+00:00
2024/04/19, 06:00:49.170,35.839,-74.844, NAN,182.96,183.58,11.4,10.0,10.1,1016.5,1016.5,0.0,0.0,85.13,78.53,208,284,1.6,1.8,98.1,98.4,7.3,5.8,10.5,22.8,1018.6,1018.6,-5.74,368.33,-0.02,31.7152,12.6609,473.2,61.4,1495.243, NAN, NAN, NAN, NAN,,2024/04/19 06:00:49.170,2024-04-19 06:00:49.170000+00:00
2024/04/19, 06:01:49.171,35.835,-74.844, NAN,183.35,183.27,11.49,10.0,10.0,1016.5,1016.5,0.0,0.0,85.13,78.53,153,306,0.6,1.4,97.6,97.8,6.4,5.2,1.8,17.0,1018.6,1018.6,-5.74,372.02,-0.01,31.7208,12.6782,474.2,61.2,1495.309, NAN, NAN, NAN, NAN,,2024/04/19 06:01:49.171,2024-04-19 06:01:49.171000+00:00
2024/04/19, 06:02:49.171,35.832,-74.844, NAN,184.74,186.27,11.39,10.0,10.0,1016.5,1016.5,0.0,0.0,85.13,78.53,138,306,0.7,1.5,97.9,97.9,6.4,5.1,1.3,19.4,1018.6,1018.6,-5.73,374.28,-0.01,31.7225,12.6821,474.2,61.3,1495.324, NAN, NAN, NAN, NAN,,2024/04/19 06:02:49.171,2024-04-19 06:02:49.171000+00:00
2024/04/19, 06:03:49.171,35.829,-74.845, NAN,183.78,186.8,11.46,10.0,10.1,1016.6,1016.5,0.0,0.0,85.13,78.53,156,86,0.3,1.4,98.2,98.3,6.2,5.9,6.3,353.9,1018.7,1018.6,-5.57,374.87,-0.02,31.7271,12.6787,473.6,60.6,1495.318, NAN, NAN, NAN, NAN,,2024/04/19 06:03:49.171,2024-04-19 06:03:49.171000+00:00
2024/04/19, 06:04:49.171,35.826,-74.845, NAN,183.8,183.24,11.75,10.0,10.1,1016.6,1016.5,0.0,0.0,85.13,78.53,224,10,1.0,1.8,98.2,98.1,6.8,4.3,10.8,1.4,1018.7,1018.6,-5.63,372.9,-0.02,31.7333,12.6812,473.9,60.6,1495.334, NAN, NAN, NAN, NAN,,2024/04/19 06:04:49.171,2024-04-19 06:04:49.171000+00:00
2024/04/19, 06:05:49.171,35.823,-74.845, NAN,183.39,185.46,11.57,10.0,10.1,1016.5,1016.6,0.0,0.0,85.13,78.53,214,252,1.0,1.2,98.0,98.0,6.8,6.5,9.6,15.2,1018.6,1018.7,-5.52,372.63,-0.01,31.7474,12.6781,474.2,60.6,1495.34, NAN, NAN, NAN, NAN,,2024/04/19 06:05:49.171,2024-04-19 06:05:49.171000+00:00
2024/04/19, 06:06:49.171,35.82,-74.846, NAN,183.46,186.66,11.44,10.0,10.1,1016.5,1016.5,0.0,0.0,85.13,78.53,202,332,1.0,1.9,98.0,98.0,6.8,4.3,8.4,18.2,1018.6,1018.6,-5.55,372.13,-0.01,31.7576,12.6829,476.3,60.4,1495.368, NAN, NAN, NAN, NAN,,2024/04/19 06:06:49.171,2024-04-19 06:06:49.171000+00:00
2024/04/19, 06:07:49.171,35.816,-74.846, NAN,183.82,186.83,11.5,10.1,10.1,1016.5,1016.4,0.0,0.0,85.13,78.53,220,275,2.5,1.8,98.2,98.2,8.0,6.1,17.3,23.5,1018.6,1018.5,-5.54,370.22,-0.01,31.7644,12.6879,475.8,60.7,1495.393, NAN, NAN, NAN, NAN,,2024/04/19 06:07:49.171,2024-04-19 06:07:49.171000+00:00
2024/04/19, 06:08:49.171,35.813,-74.847, NAN,183.73,184.77,11.18,10.1,10.1,1016.5,1016.4,0.0,0.0,85.13,78.53,214,217,2.3,1.8,98.5,98.6,7.8,7.3,13.9,13.0,1018.6,1018.5,-5.46,368.09,-0.02,31.7744,12.7094,477.2,60.7,1495.478, NAN, NAN, NAN, NAN,,2024/04/19 06:08:49.171,2024-04-19 06:08:49.171000+00:00
2024/04/19, 06:09:49.171,35.81,-74.847, NAN,183.4,185.12,11.48,10.1,10.1,1016.5,1016.5,0.0,0.0,85.13,78.53,223,251,2.6,1.5,97.9,98.1,8.0,6.6,17.1,17.1,1018.6,1018.6,-5.53,365.46,-0.01,31.7816,12.751,477.2,60.7,1495.627, NAN, NAN, NAN, NAN,,2024/04/19 06:09:49.171,2024-04-19 06:09:49.171000+00:00
2024/04/19, 06:10:49.171,35.807,-74.847, NAN,184.98,186.6,11.37,10.1,10.1,1016.5,1016.5,0.0,0.0,85.13,78.53,210,245,2.2,1.9,97.7,97.7,7.8,6.9,13.0,19.4,1018.6,1018.6,-5.66,365.2,-0.02,31.7892,12.7898,477.9,60.6,1495.767, NAN, NAN, NAN, NAN,,2024/04/19 06:10:49.171,2024-04-19 06:10:49.171000+00:00
2024/04/19, 06:11:49.171,35.804,-74.848, NAN,184.69,186.3,11.34,10.1,10.1,1016.5,1016.4,0.0,0.0,85.13,78.53,206,279,1.0,1.6,97.6,97.7,6.7,5.8,9.4,21.6,1018.6,1018.5,-5.69,371.0,-0.01,31.7968,12.8211,477.9,60.3,1495.882, NAN, NAN, NAN, NAN,,2024/04/19 06:11:49.171,2024-04-19 06:11:49.171000+00:00
2024/04/19, 06:12:49.171,35.801,-74.848, NAN,183.38,184.69,11.54,10.0,10.0,1016.5,1016.5,0.0,0.0,85.13,78.53,197,297,1.2,1.7,97.8,97.9,7.1,5.4,7.9,21.9,1018.6,1018.6,-5.67,372.78,-0.01,31.8018,12.8598,477.2,60.2,1496.018, NAN, NAN, NAN, NAN,,2024/04/19 06:12:49.171,2024-04-19 06:12:49.171000+00:00
2024/04/19, 06:13:49.171,35.797,-74.848, NAN,183.15,185.41,11.38,10.1,10.1,1016.4,1016.5,0.0,0.0,85.13,78.53,193,266,1.5,1.4,98.7,98.5,7.3,6.2,7.5,18.4,1018.5,1018.6,-5.55,371.93,-0.02,31.8012,12.9203,476.6,60.6,1496.221, NAN, NAN, NAN, NAN,,2024/04/19 06:13:49.171,2024-04-19 06:13:49.171000+00:00
2024/04/19, 06:14:49.171,35.794,-74.849, NAN,183.04,184.75,11.48,10.1,10.1,1016.4,1016.5,0.0,0.0,85.13,78.53,227,253,1.8,1.7,98.8,98.7,7.3,6.6,15.0,18.9,1018.5,1018.6,-5.55,373.7,-0.02,31.8053,12.9986,476.0,60.9,1496.489, NAN, NAN, NAN, NAN,,2024/04/19 06:14:49.171,2024-04-19 06:14:49.171000+00:00
2024/04/19, 06:15:49.171,35.791,-74.849, NAN,184.14,188.53,11.22,10.1,10.2,1016.4,1016.2,0.0,0.0,85.13,78.53,207,251,1.8,1.8,98.5,98.6,7.4,6.6,12.4,21.2,1018.5,1018.3,-5.52,372.47,-0.01,31.8135,13.0397,475.8,61.1,1496.637, NAN, NAN, NAN, NAN,,2024/04/19 06:15:49.171,2024-04-19 06:15:49.171000+00:00
2024/04/19, 06:16:49.171,35.788,-74.849, NAN,183.92,187.0,11.39,10.0,10.1,1016.5,1016.3,0.0,0.0,85.13,78.53,219,268,1.4,1.5,97.6,97.9,7.0,6.1,12.5,19.7,1018.6,1018.4,-5.56,372.57,-0.02,31.826,13.0497,475.2,60.6,1496.685, NAN, NAN, NAN, NAN,,2024/04/19 06:16:49.171,2024-04-19 06:16:49.171000+00:00
2024/04/19, 06:17:49.172,35.785,-74.85, NAN,183.47,186.21,11.23,10.0,10.1,1016.4,1016.3,0.0,0.0,85.13,78.53,203,277,1.7,1.8,97.6,97.6,7.4,5.9,10.5,23.5,1018.5,1018.4,-5.67,374.02,-0.02,31.8338,13.0554,474.2,60.6,1496.713, NAN, NAN, NAN, NAN,,2024/04/19 06:17:49.172,2024-04-19 06:17:49.172000+00:00
2024/04/19, 06:18:49.172,35.782,-74.85, NAN,182.99,182.74,11.41,10.0,10.1,1016.5,1016.3,0.0,0.0,85.13,78.53,206,294,1.1,1.5,98.2,97.7,6.9,5.5,7.9,18.7,1018.6,1018.4,-5.57,374.71,-0.02,31.8348,13.0759,476.0,52.5,1496.783, NAN, NAN, NAN, NAN,,2024/04/19 06:18:49.172,2024-04-19 06:18:49.172000+00:00
2024/04/19, 06:19:49.172,35.779,-74.851, NAN,183.94,183.48,11.32,10.0,10.1,1016.3,1016.3,0.0,0.0,85.13,78.53,188,210,0.7,1.7,98.6,98.6,6.5,7.3,4.9,10.6,1018.4,1018.4,-5.48,374.43,-0.02,31.8337,13.0878,476.0,50.2,1496.822, NAN, NAN, NAN, NAN,,2024/04/19 06:19:49.172,2024-04-19 06:19:49.172000+00:00
2024/04/19, 06:20:49.172,35.776,-74.851, NAN,184.11,184.74,11.23,10.1,10.1,1016.4,1016.3,0.0,0.0,85.13,78.53,195,240,1.4,1.3,98.9,98.7,7.1,6.5,7.2,14.2,1018.5,1018.4,-5.43,373.29,-0.02,31.84,13.0981,476.0,52.0,1496.864, NAN, NAN, NAN, NAN,,2024/04/19 06:20:49.172,2024-04-19 06:20:49.172000+00:00
2024/04/19, 06:21:49.172,35.772,-74.851, NAN,184.32,183.45,11.34,10.1,10.1,1016.3,1016.2,0.0,0.0,85.13,78.53,192,275,1.0,1.6,99.0,98.8,6.8,5.9,6.7,20.7,1018.4,1018.3,-5.52,372.77,-0.02,31.8424,13.0549,474.8,52.6,1496.722, NAN, NAN, NAN, NAN,,2024/04/19 06:21:49.172,2024-04-19 06:21:49.172000+00:00
2024/04/19, 06:22:49.172,35.769,-74.852, NAN,184.33,185.63,11.31,10.2,10.2,1016.2,1016.2,0.0,0.0,85.13,78.53,206,251,1.6,1.6,98.9,98.7,7.3,6.5,9.6,17.5,1018.3,1018.3,-5.48,373.34,-0.02,31.8437,13.0297,474.8,53.3,1496.639, NAN, NAN, NAN, NAN,,2024/04/19 06:22:49.172,2024-04-19 06:22:49.172000+00:00
2024/04/19, 06:23:49.172,35.766,-74.852, NAN,183.99,186.26,11.61,10.3,10.2,1016.2,1016.1,0.0,0.0,85.13,78.53,196,247,2.5,1.7,99.3,99.0,8.4,6.9,9.8,18.6,1018.3,1018.2,-5.38,374.1,-0.02,31.8349,13.0349,475.2,53.7,1496.646, NAN, NAN, NAN, NAN,,2024/04/19 06:23:49.172,2024-04-19 06:23:49.172000+00:00
2024/04/19, 06:24:49.172,35.763,-74.852, NAN,183.85,185.92,11.47,10.3,10.3,1016.1,1016.1,0.0,0.0,85.13,78.53,224,275,1.8,1.6,98.7,98.8,7.3,6.0,14.9,20.8,1018.2,1018.2,-5.39,373.85,-0.01,31.8189,13.0571,474.8,54.1,1496.701, NAN, NAN, NAN, NAN,,2024/04/19 06:24:49.172,2024-04-19 06:24:49.172000+00:00
2024/04/19, 06:25:49.172,35.76,-74.853, NAN,184.4,184.82,11.44,10.3,10.3,1016.1,1016.1,0.0,0.0,85.13,78.53,169,202,1.9,2.0,98.4,98.8,7.7,7.8,2.5,10.7,1018.2,1018.2,-5.4,375.61,-0.02,31.8093,13.0908,475.2,54.4,1496.803, NAN, NAN, NAN, NAN,,2024/04/19 06:25:49.172,2024-04-19 06:25:49.172000+00:00
2024/04/19, 06:26:49.172,35.757,-74.853, NAN,182.94,184.63,11.51,10.2,10.3,1016.1,1016.1,0.0,0.0,85.13,78.53,181,210,1.0,1.7,98.3,98.2,6.9,7.5,4.9,11.2,1018.2,1018.2,-5.43,377.16,-0.02,31.8009,13.1303,475.8,54.5,1496.925, NAN, NAN, NAN, NAN,,2024/04/19 06:26:49.172,2024-04-19 06:26:49.172000+00:00
2024/04/19, 06:27:49.172,35.753,-74.854, NAN,184.15,189.16,11.4,10.2,10.2,1016.1,1016.1,0.0,0.0,85.13,78.53,116,169,0.2,1.3,98.4,98.1,5.9,7.1,5.5,4.7,1018.2,1018.2,-5.42,377.18,-0.02,31.7926,13.1774,473.6,55.0,1497.073, NAN, NAN, NAN, NAN,,2024/04/19 06:27:49.172,2024-04-19 06:27:49.172000+00:00
2024/04/19, 06:28:49.172,35.75,-74.854, NAN,181.4,182.52,11.37,10.2,10.2,1016.2,1016.1,0.0,0.0,85.13,78.53,174,247,0.7,1.7,98.0,98.1,6.5,6.7,2.0,16.1,1018.3,1018.2,-5.47,376.89,-0.02,31.7791,13.2313,472.9,55.1,1497.237, NAN, NAN, NAN, NAN,,2024/04/19 06:28:49.172,2024-04-19 06:28:49.172000+00:00
2024/04/19, 06:29:49.172,35.747,-74.854, NAN,183.27,185.62,11.2,10.2,10.2,1016.2,1016.0,0.0,0.0,85.13,78.53,201,288,0.8,1.4,98.3,98.2,6.5,5.5,8.0,19.9,1018.3,1018.1,-5.49,374.89,-0.02,31.7512,13.2856,472.1,55.7,1497.385, NAN, NAN, NAN, NAN,,2024/04/19 06:29:49.172,2024-04-19 06:29:49.172000+00:00
2024/04/19, 06:30:49.172,35.744,-74.854, NAN,182.59,183.5,11.51,10.2,10.2,1016.0,1016.0,0.0,0.0,85.13,78.53,213,295,1.1,1.5,98.4,98.4,6.9,5.5,9.7,19.5,1018.1,1018.1,-5.52,372.16,-0.02,31.7358,13.3227,472.1,55.7,1497.491, NAN, NAN, NAN, NAN,,2024/04/19 06:30:49.172,2024-04-19 06:30:49.172000+00:00
2024/04/19, 06:31:49.172,35.741,-74.855, NAN,181.35,181.76,11.31,10.2,10.2,1016.0,1016.0,0.0,0.0,85.13,78.53,215,227,2.8,2.0,98.8,98.8,8.3,7.3,13.3,13.7,1018.1,1018.1,-5.47,359.13,-0.02,31.727,13.3437,472.4,56.1,1497.551, NAN, NAN, NAN, NAN,,2024/04/19 06:31:49.172,2024-04-19 06:31:49.172000+00:00
2024/04/19, 06:32:49.172,35.737,-74.855, NAN,182.1,183.66,11.52,10.2,10.3,1016.0,1016.1,0.0,0.0,85.13,78.53,217,209,3.6,2.8,98.9,99.1,9.1,8.5,16.6,12.0,1018.1,1018.2,-5.63,344.28,-0.02,31.7316,13.3412,471.8,56.6,1497.548, NAN, NAN, NAN, NAN,,2024/04/19 06:32:49.172,2024-04-19 06:32:49.172000+00:00
2024/04/19, 06:33:49.173,35.734,-74.855, NAN,179.56,181.45,11.49,10.2,10.3,1015.9,1015.8,0.0,0.0,85.13,78.53,227,229,3.6,2.4,98.4,98.6,8.8,7.8,18.5,14.9,1018.0,1017.9,-5.84,340.73,-0.02,31.7444,13.3491,472.6,56.6,1497.589, NAN, NAN, NAN, NAN,,2024/04/19 06:33:49.173,2024-04-19 06:33:49.173000+00:00
2024/04/19, 06:34:49.173,35.731,-74.855, NAN,181.22,184.64,11.07,10.1,10.2,1015.8,1015.8,0.0,0.0,85.13,78.53,203,222,3.6,2.4,97.7,97.7,9.2,7.7,11.9,15.5,1017.9,1017.9,-6.11,340.54,-0.02,31.7557,13.3396,472.4,57.0,1497.571, NAN, NAN, NAN, NAN,,2024/04/19 06:34:49.173,2024-04-19 06:34:49.173000+00:00
2024/04/19, 06:35:49.173,35.728,-74.856, NAN,179.96,181.2,9.24,10.1,10.2,1015.9,1015.8,0.0,0.0,85.13,78.53,199,205,3.9,3.8,98.1,97.7,8.6,8.4,9.7,12.2,1018.0,1017.9,-6.18,343.27,-0.02,31.7616,13.2917,472.1,56.2,1497.418, NAN, NAN, NAN, NAN,,2024/04/19 06:35:49.173,2024-04-19 06:35:49.173000+00:00
2024/04/19, 06:36:49.173,35.726,-74.856, NAN,162.47,175.55,7.0,10.0,10.1,1015.7,1015.8,0.0,0.0,85.13,78.53,215,203,4.0,4.0,97.3,97.6,7.5,7.6,8.2,1.9,1017.8,1017.9,-6.27,357.96,-0.02,31.7836,13.2286,471.2,56.1,1497.234, NAN, NAN, NAN, NAN,,2024/04/19 06:36:49.173,2024-04-19 06:36:49.173000+00:00
2024/04/19, 06:37:49.173,35.725,-74.855, NAN,85.99,120.37,3.53,10.1,10.1,1015.8,1015.8,0.0,0.0,85.13,78.53,284,283,7.5,8.4,98.3,98.1,8.3,9.2,358.2,358.4,1017.9,1017.9,-6.12,367.26,-0.02,31.8007,13.1755,470.5,56.6,1497.076, NAN, NAN, NAN, NAN,,2024/04/19 06:37:49.173,2024-04-19 06:37:49.173000+00:00
2024/04/19, 06:38:49.173,35.725,-74.854, NAN,23.02,75.99,0.68,10.1,10.1,1015.8,1015.8,0.0,0.0,85.13,78.53,343,331,7.7,9.6,98.6,98.2,7.7,9.7,3.4,352.0,1017.9,1017.9,-5.93,350.99,-0.01,31.7951,13.139,468.4,56.9,1496.948, NAN, NAN, NAN, NAN,,2024/04/19 06:38:49.173,2024-04-19 06:38:49.173000+00:00
2024/04/19, 06:39:49.173,35.725,-74.854, NAN,4.5,327.78,0.19,10.1,10.1,1015.5,1015.6,0.0,0.0,85.13,78.53,11,6,8.1,7.8,98.6,98.4,8.2,7.9,16.0,11.1,1017.6,1017.7,-5.74,368.38,-0.02,31.7863,13.1171,468.4,56.9,1496.864, NAN, NAN, NAN, NAN,,2024/04/19 06:39:49.173,2024-04-19 06:39:49.173000+00:00
2024/04/19, 06:40:49.173,35.725,-74.854, NAN,14.81,183.13,0.06,10.0,10.1,1015.5,1015.5,0.0,0.0,85.13,78.53,13,5,8.0,7.3,97.7,97.7,8.0,7.3,28.0,20.0,1017.6,1017.6,-5.72,367.94,-0.01,31.7802,13.1058,468.8,57.0,1496.819, NAN, NAN, NAN, NAN,,2024/04/19 06:40:49.173,2024-04-19 06:40:49.173000+00:00
2024/04/19, 06:41:49.173,35.725,-74.854, NAN,21.34,354.19,0.27,10.1,10.1,1015.7,1015.5,0.0,0.0,85.13,78.53,348,346,8.0,7.9,98.9,98.7,7.9,7.8,10.0,7.9,1017.8,1017.6,-5.62,364.92,-0.02,31.7798,13.0937,468.8,56.7,1496.778, NAN, NAN, NAN, NAN,,2024/04/19 06:41:49.173,2024-04-19 06:41:49.173000+00:00
2024/04/19, 06:42:49.173,35.725,-74.854, NAN,20.8,108.36,0.18,10.2,10.1,1015.4,1015.4,0.0,0.0,85.13,78.53,346,342,8.2,8.3,98.6,98.9,8.2,8.3,6.2,2.2,1017.5,1017.5,-5.46,357.42,-0.02,31.78,13.0853,467.8,56.7,1496.75, NAN, NAN, NAN, NAN,,2024/04/19 06:42:49.173,2024-04-19 06:42:49.173000+00:00
2024/04/19, 06:43:49.173,35.725,-74.854, NAN,20.82,9.18,0.15,10.1,10.2,1015.4,1015.5,0.0,0.0,85.13,78.53,359,349,8.8,8.4,98.1,98.1,8.7,8.3,19.6,9.5,1017.5,1017.6,-5.53,347.23,-0.02,31.7782,13.072,468.4,57.2,1496.703, NAN, NAN, NAN, NAN,,2024/04/19 06:43:49.173,2024-04-19 06:43:49.173000+00:00
2024/04/19, 06:44:49.173,35.725,-74.854, NAN,19.97,58.19,0.18,10.1,10.2,1015.3,1015.3,0.0,0.0,85.13,78.53,3,356,8.4,7.7,98.0,98.2,8.3,7.6,22.8,15.7,1017.4,1017.4,-5.54,361.53,-0.02,31.7768,13.0625,467.2,57.2,1496.67, NAN, NAN, NAN, NAN,,2024/04/19 06:44:49.173,2024-04-19 06:44:49.173000+00:00
2024/04/19, 06:45:49.173,35.725,-74.854, NAN,20.4,123.3,0.22,10.1,10.2,1015.5,1015.5,0.0,0.0,85.13,78.53,0,353,7.9,8.0,97.8,97.8,7.9,8.0,19.6,12.6,1017.6,1017.6,-5.61,367.23,-0.02,31.777,13.0576,469.1,57.5,1496.654, NAN, NAN, NAN, NAN,,2024/04/19 06:45:49.173,2024-04-19 06:45:49.173000+00:00
2024/04/19, 06:46:49.173,35.725,-74.854, NAN,20.08,82.44,0.22,10.2,10.2,1015.5,1015.5,0.0,0.0,85.13,78.53,3,355,8.1,8.2,97.9,98.0,8.0,8.1,22.5,14.4,1017.6,1017.6,-5.54,373.38,-0.02,31.7742,13.0502,467.8,57.7,1496.625, NAN, NAN, NAN, NAN,,2024/04/19 06:46:49.173,2024-04-19 06:46:49.173000+00:00
2024/04/19, 06:47:49.173,35.725,-74.854, NAN,20.01,148.83,0.09,10.2,10.2,1015.4,1015.5,0.0,0.0,85.13,78.53,0,353,9.0,8.7,98.1,98.0,9.0,8.7,20.3,13.3,1017.5,1017.6,-5.59,356.18,-0.01,31.7735,13.0424,467.5,58.1,1496.598, NAN, NAN, NAN, NAN,,2024/04/19 06:47:49.173,2024-04-19 06:47:49.173000+00:00
2024/04/19, 06:48:49.173,35.725,-74.854, NAN,20.38,124.16,0.44,10.2,10.3,1015.4,1015.5,0.0,0.0,85.13,78.53,350,343,7.4,7.7,98.3,98.6,7.4,7.8,8.6,1.7,1017.5,1017.6,-5.37,369.04,-0.02,31.7752,13.0353,467.8,56.4,1496.577, NAN, NAN, NAN, NAN,,2024/04/19 06:48:49.173,2024-04-19 06:48:49.173000+00:00
2024/04/19, 06:49:49.174,35.725,-74.854, NAN,20.37,94.8,0.28,10.2,10.3,1015.5,1015.5,0.0,0.0,85.13,78.53,348,344,8.5,8.3,98.0,97.7,8.5,8.3,7.4,3.4,1017.6,1017.6,-5.4,366.46,-0.02,31.7759,13.0313,470.2,56.5,1496.564, NAN, NAN, NAN, NAN,,2024/04/19 06:49:49.174,2024-04-19 06:49:49.174000+00:00
2024/04/19, 06:50:49.174,35.725,-74.854, NAN,21.03,103.47,0.24,10.2,10.2,1015.5,1015.4,0.0,0.0,85.13,78.53,351,344,7.8,7.8,97.6,97.6,7.8,7.9,11.2,4.2,1017.6,1017.5,-5.37,369.37,-0.02,31.7738,13.0229,469.4,56.6,1496.533, NAN, NAN, NAN, NAN,,2024/04/19 06:50:49.174,2024-04-19 06:50:49.174000+00:00
2024/04/19, 06:51:49.174,35.725,-74.854, NAN,19.97,76.84,0.45,10.2,10.2,1015.6,1015.5,0.0,0.0,85.13,78.53,356,348,8.3,8.4,97.5,97.4,8.2,8.3,14.5,6.5,1017.7,1017.6,-5.42,360.37,-0.02,31.7766,13.0185,468.4,56.9,1496.522, NAN, NAN, NAN, NAN,,2024/04/19 06:51:49.174,2024-04-19 06:51:49.174000+00:00
2024/04/19, 06:52:49.174,35.725,-74.854, NAN,19.91,36.43,0.31,10.2,10.2,1015.6,1015.5,0.0,0.0,85.13,78.53,356,349,8.1,7.9,97.9,98.0,8.0,7.8,15.3,8.2,1017.7,1017.6,-5.45,347.91,-0.02,31.774,13.0197,469.6,57.6,1496.523, NAN, NAN, NAN, NAN,,2024/04/19 06:52:49.174,2024-04-19 06:52:49.174000+00:00
2024/04/19, 06:53:49.174,35.725,-74.853, NAN,20.12,76.33,0.22,10.2,10.2,1015.5,1015.5,0.0,0.0,85.13,78.53,353,346,8.0,8.2,97.9,97.4,8.0,8.2,12.3,5.3,1017.6,1017.6,-5.48,358.44,-0.03,31.7759,13.0204,469.9,57.7,1496.528, NAN, NAN, NAN, NAN,,2024/04/19 06:53:49.174,2024-04-19 06:53:49.174000+00:00
2024/04/19, 06:54:49.174,35.725,-74.853, NAN,19.36,54.59,0.35,10.1,10.2,1015.5,1015.5,0.0,0.0,85.13,78.53,357,350,8.3,8.1,97.3,97.5,8.2,8.0,15.5,8.4,1017.6,1017.6,-5.54,370.4,-0.02,31.7772,13.0176,472.1,58.5,1496.52, NAN, NAN, NAN, NAN,,2024/04/19 06:54:49.174,2024-04-19 06:54:49.174000+00:00
2024/04/19, 06:55:49.174,35.725,-74.853, NAN,19.87,211.85,0.1,10.1,10.1,1015.6,1015.5,0.0,0.0,85.13,78.53,356,356,8.0,8.2,97.5,97.5,8.0,8.2,15.6,15.6,1017.7,1017.6,-5.52,363.08,-0.02,31.7781,13.0123,467.8,59.5,1496.503, NAN, NAN, NAN, NAN,,2024/04/19 06:55:49.174,2024-04-19 06:55:49.174000+00:00
2024/04/19, 06:56:49.174,35.725,-74.853, NAN,19.88,122.3,0.17,10.1,10.1,1015.5,1015.5,0.0,0.0,85.13,78.53,355,350,6.3,6.5,97.9,97.8,6.2,6.4,14.5,9.4,1017.6,1017.6,-5.51,374.16,-0.02,31.7765,13.0075,468.1,59.1,1496.485, NAN, NAN, NAN, NAN,,2024/04/19 06:56:49.174,2024-04-19 06:56:49.174000+00:00
2024/04/19, 06:57:49.174,35.725,-74.853, NAN,20.34,103.87,0.69,10.2,10.2,1015.5,1015.5,0.0,0.0,85.13,78.53,2,354,8.7,7.9,99.0,98.9,8.6,7.9,20.0,11.8,1017.6,1017.6,-5.57,366.57,-0.02,31.7794,13.0054,468.1,59.4,1496.481, NAN, NAN, NAN, NAN,,2024/04/19 06:57:49.174,2024-04-19 06:57:49.174000+00:00
2024/04/19, 06:58:49.174,35.725,-74.853, NAN,19.77,202.28,0.17,10.3,10.3,1015.5,1015.5,0.0,0.0,85.13,78.53,353,347,8.3,8.1,99.1,99.4,8.3,8.1,12.2,6.2,1017.6,1017.6,-5.42,372.46,-0.02,31.7818,13.0111,467.5,59.6,1496.503, NAN, NAN, NAN, NAN,,2024/04/19 06:58:49.174,2024-04-19 06:58:49.174000+00:00
2024/04/19, 06:59:49.174,35.725,-74.853, NAN,20.32,66.42,0.42,10.3,10.3,1015.6,1015.5,0.0,0.0,85.13,78.53,351,344,8.6,8.5,98.7,98.9,8.5,8.4,10.1,3.0,1017.7,1017.6,-5.4,362.67,-0.02,31.7815,13.0185,467.8,59.6,1496.528, NAN, NAN, NAN, NAN,,2024/04/19 06:59:49.174,2024-04-19 06:59:49.174000+00:00
2024/04/19, 07:00:49.174,35.725,-74.853, NAN,19.92,129.32,0.11,10.2,10.3,1015.4,1015.4,0.0,0.0,85.13,78.53,351,344,8.4,8.4,98.0,97.9,8.4,8.4,10.7,3.7,1017.5,1017.5,-5.4,364.36,-0.02,31.7835,13.026,468.1,59.5,1496.555, NAN, NAN, NAN, NAN,,2024/04/19 07:00:49.174,2024-04-19 07:00:49.174000+00:00
2024/04/19, 07:01:49.174,35.725,-74.853, NAN,20.64,151.97,0.17,10.2,10.3,1015.5,1015.3,0.0,0.0,85.13,78.53,350,344,7.5,7.8,97.9,98.0,7.6,7.9,10.1,4.2,1017.6,1017.4,-5.39,372.77,-0.02,31.7859,13.0271,468.8,60.0,1496.562, NAN, NAN, NAN, NAN,,2024/04/19 07:01:49.174,2024-04-19 07:01:49.174000+00:00
2024/04/19, 07:02:49.174,35.725,-74.853, NAN,19.9,79.88,0.23,10.2,10.2,1015.5,1015.5,0.0,0.0,85.13,78.53,354,347,8.1,8.0,98.3,98.4,8.0,7.9,13.2,6.1,1017.6,1017.6,-5.43,374.43,-0.02,31.7877,13.0282,465.1,59.9,1496.568, NAN, NAN, NAN, NAN,,2024/04/19 07:02:49.174,2024-04-19 07:02:49.174000+00:00
2024/04/19, 07:03:49.174,35.725,-74.853, NAN,20.4,311.72,0.04,10.2,10.3,1015.5,1015.3,0.0,0.0,85.13,78.53,355,348,7.6,7.5,98.3,98.3,7.6,7.5,15.3,8.2,1017.6,1017.4,-5.4,371.91,-0.02,31.7908,13.0302,465.7,60.1,1496.578, NAN, NAN, NAN, NAN,,2024/04/19 07:03:49.174,2024-04-19 07:03:49.174000+00:00
2024/04/19, 07:04:49.174,35.725,-74.853, NAN,19.67,169.85,0.32,10.3,10.3,1015.3,1015.3,0.0,0.0,85.13,78.53,355,349,7.6,7.4,99.0,99.0,7.8,7.6,14.9,9.0,1017.4,1017.4,-5.32,366.1,-0.02,31.792,13.0293,464.8,59.8,1496.576, NAN, NAN, NAN, NAN,,2024/04/19 07:04:49.174,2024-04-19 07:04:49.174000+00:00
2024/04/19, 07:05:49.175,35.725,-74.853, NAN,19.64,107.18,0.54,10.4,10.4,1015.4,1015.3,0.0,0.0,85.13,78.53,355,349,7.6,7.4,98.4,98.5,7.6,7.5,12.6,6.5,1017.5,1017.4,-5.28,366.36,-0.02,31.7928,13.0282,463.5,60.0,1496.574, NAN, NAN, NAN, NAN,,2024/04/19 07:05:49.175,2024-04-19 07:05:49.175000+00:00
2024/04/19, 07:06:49.175,35.725,-74.853, NAN,20.13,120.04,0.33,10.3,10.3,1015.4,1015.3,0.0,0.0,85.13,78.53,348,343,7.8,7.9,97.5,97.7,7.9,8.0,7.2,2.3,1017.5,1017.4,-5.33,372.14,-0.02,31.7938,13.0278,465.4,60.2,1496.574, NAN, NAN, NAN, NAN,,2024/04/19 07:06:49.175,2024-04-19 07:06:49.175000+00:00
2024/04/19, 07:07:49.175,35.725,-74.853, NAN,20.06,308.86,0.13,10.3,10.3,1015.3,1015.4,0.0,0.0,85.13,78.53,347,341,8.0,8.3,97.9,97.9,7.9,8.2,7.2,1.1,1017.4,1017.5,-5.36,373.57,-0.02,31.7958,13.0255,466.8,60.4,1496.568, NAN, NAN, NAN, NAN,,2024/04/19 07:07:49.175,2024-04-19 07:07:49.175000+00:00
2024/04/19, 07:08:49.175,35.725,-74.853, NAN,18.7,24.25,0.09,10.3,10.3,1015.3,1015.3,0.0,0.0,85.13,78.53,357,351,7.4,7.2,98.3,98.2,7.4,7.2,15.8,9.8,1017.4,1017.4,-5.36,368.08,-0.02,31.7956,13.0227,463.8,60.3,1496.559, NAN, NAN, NAN, NAN,,2024/04/19 07:08:49.175,2024-04-19 07:08:49.175000+00:00
2024/04/19, 07:09:49.175,35.725,-74.853, NAN,19.84,299.8,0.16,10.4,10.4,1015.3,1015.3,0.0,0.0,85.13,78.53,3,359,6.9,6.5,98.6,98.5,6.9,6.5,23.5,19.6,1017.4,1017.4,-5.32,374.62,-0.02,31.7953,13.0197,462.0,60.5,1496.548, NAN, NAN, NAN, NAN,,2024/04/19 07:09:49.175,2024-04-19 07:09:49.175000+00:00
2024/04/19, 07:10:49.175,35.725,-74.853, NAN,20.08,35.84,0.16,10.4,10.4,1015.3,1015.3,0.0,0.0,85.13,78.53,3,355,8.3,7.8,97.9,98.0,8.3,7.8,22.6,14.5,1017.4,1017.4,-5.31,371.46,-0.02,31.7894,13.0161,462.7,60.0,1496.529, NAN, NAN, NAN, NAN,,2024/04/19 07:10:49.175,2024-04-19 07:10:49.175000+00:00
2024/04/19, 07:11:49.175,35.725,-74.853, NAN,20.64,237.99,0.2,10.4,10.4,1015.5,1015.3,0.0,0.0,85.13,78.53,357,350,7.9,7.7,97.8,97.9,8.0,7.8,18.2,11.3,1017.6,1017.4,-5.27,367.48,-0.01,31.7937,13.0152,463.2,60.3,1496.531, NAN, NAN, NAN, NAN,,2024/04/19 07:11:49.175,2024-04-19 07:11:49.175000+00:00
2024/04/19, 07:12:49.175,35.725,-74.853, NAN,20.48,54.1,0.15,10.3,10.3,1015.5,1015.3,0.0,0.0,85.13,78.53,354,348,7.9,7.7,97.7,97.7,7.8,7.6,14.4,8.3,1017.6,1017.4,-5.43,356.17,-0.02,31.7933,13.0147,465.1,60.4,1496.529, NAN, NAN, NAN, NAN,,2024/04/19 07:12:49.175,2024-04-19 07:12:49.175000+00:00
2024/04/19, 07:13:49.175,35.725,-74.853, NAN,20.48,251.23,0.13,10.3,10.3,1015.4,1015.3,0.0,0.0,85.13,78.53,356,349,8.3,8.1,97.6,97.7,8.4,8.2,16.6,9.7,1017.5,1017.4,-5.4,362.03,-0.02,31.7943,13.0141,461.7,60.3,1496.528, NAN, NAN, NAN, NAN,,2024/04/19 07:13:49.175,2024-04-19 07:13:49.175000+00:00
2024/04/19, 07:14:49.175,35.725,-74.853, NAN,19.35,136.0,0.18,10.3,10.3,1015.4,1015.3,0.0,0.0,85.13,78.53,346,343,7.0,7.0,97.4,97.7,7.1,7.1,4.8,1.8,1017.5,1017.4,-5.47,374.63,-0.02,31.7944,13.014,464.8,60.0,1496.528, NAN, NAN, NAN, NAN,,2024/04/19 07:14:49.175,2024-04-19 07:14:49.175000+00:00
2024/04/19, 07:15:49.175,35.725,-74.853, NAN,19.22,288.09,0.1,10.3,10.3,1015.4,1015.4,0.0,0.0,85.13,78.53,351,347,6.4,6.4,97.7,97.7,6.4,6.4,10.7,6.7,1017.5,1017.5,-5.5,374.26,-0.02,31.791,13.0127,461.4,59.8,1496.52, NAN, NAN, NAN, NAN,,2024/04/19 07:15:49.175,2024-04-19 07:15:49.175000+00:00
2024/04/19, 07:16:49.175,35.725,-74.853, NAN,19.56,20.3,0.28,10.3,10.3,1015.4,1015.3,0.0,0.0,85.13,78.53,359,354,6.0,6.2,98.4,98.4,5.9,6.1,17.7,12.6,1017.5,1017.4,-5.49,375.77,-0.02,31.7962,13.0135,462.0,60.3,1496.528, NAN, NAN, NAN, NAN,,2024/04/19 07:16:49.175,2024-04-19 07:16:49.175000+00:00
2024/04/19, 07:17:49.175,35.725,-74.853, NAN,19.89,342.51,0.04,10.4,10.4,1015.4,1015.3,0.0,0.0,85.13,78.53,353,350,6.9,7.0,99.0,99.0,6.9,7.0,13.0,10.0,1017.5,1017.4,-5.4,377.28,-0.01,31.7978,13.0148,460.8,60.0,1496.535, NAN, NAN, NAN, NAN,,2024/04/19 07:17:49.175,2024-04-19 07:17:49.175000+00:00
2024/04/19, 07:18:49.175,35.725,-74.853, NAN,21.02,224.79,0.22,10.4,10.4,1015.3,1015.5,0.0,0.0,85.13,78.53,347,342,6.8,7.0,98.2,98.1,6.9,7.1,8.5,3.6,1017.4,1017.6,-5.34,378.12,-0.02,31.8023,13.0161,461.4,59.9,1496.544, NAN, NAN, NAN, NAN,,2024/04/19 07:18:49.175,2024-04-19 07:18:49.175000+00:00
2024/04/19, 07:19:49.175,35.725,-74.853, NAN,19.61,269.94,0.19,10.4,10.5,1015.3,1015.3,0.0,0.0,85.13,78.53,354,348,7.8,7.6,98.6,98.9,7.8,7.6,14.3,8.3,1017.4,1017.4,-5.31,377.42,-0.02,31.8053,13.02,460.8,59.8,1496.561, NAN, NAN, NAN, NAN,,2024/04/19 07:19:49.175,2024-04-19 07:19:49.175000+00:00
2024/04/19, 07:20:49.175,35.725,-74.853, NAN,19.75,234.16,0.06,10.4,10.5,1015.3,1015.3,0.0,0.0,85.13,78.53,359,352,6.7,6.1,98.0,98.2,6.7,6.1,19.0,12.0,1017.4,1017.4,-5.25,376.16,-0.02,31.8043,13.0249,460.8,59.7,1496.576, NAN, NAN, NAN, NAN,,2024/04/19 07:20:49.175,2024-04-19 07:20:49.175000+00:00
2024/04/19, 07:21:49.176,35.725,-74.853, NAN,19.28,229.8,0.37,10.4,10.4,1015.3,1015.3,0.0,0.0,85.13,78.53,357,351,7.5,7.5,98.0,98.1,7.5,7.5,17.7,11.7,1017.4,1017.4,-5.35,373.38,-0.02,31.8031,13.0296,458.7,59.5,1496.591, NAN, NAN, NAN, NAN,,2024/04/19 07:21:49.176,2024-04-19 07:21:49.176000+00:00
2024/04/19, 07:22:49.176,35.725,-74.853, NAN,19.39,131.03,0.31,10.4,10.5,1015.3,1015.1,0.0,0.0,85.13,78.53,353,347,7.1,6.9,98.1,98.4,7.2,7.0,11.5,5.5,1017.4,1017.2,-5.29,375.86,-0.02,31.8077,13.0345,459.5,59.6,1496.612, NAN, NAN, NAN, NAN,,2024/04/19 07:22:49.176,2024-04-19 07:22:49.176000+00:00
2024/04/19, 07:23:49.176,35.725,-74.853, NAN,20.08,152.94,0.22,10.4,10.4,1015.2,1015.1,0.0,0.0,85.13,78.53,358,353,7.1,6.3,97.9,97.9,7.2,6.4,18.3,13.4,1017.3,1017.2,-5.38,378.59,-0.02,31.8106,13.0386,462.0,59.3,1496.63, NAN, NAN, NAN, NAN,,2024/04/19 07:23:49.176,2024-04-19 07:23:49.176000+00:00
2024/04/19, 07:24:49.176,35.725,-74.853, NAN,20.22,287.0,0.22,10.5,10.5,1015.1,1015.1,0.0,0.0,85.13,78.53,348,343,7.6,7.8,99.0,98.9,7.5,7.7,8.8,3.7,1017.2,1017.2,-5.38,373.35,-0.02,31.8108,13.043,459.5,59.2,1496.645, NAN, NAN, NAN, NAN,,2024/04/19 07:24:49.176,2024-04-19 07:24:49.176000+00:00
2024/04/19, 07:25:49.176,35.725,-74.853, NAN,19.78,83.99,0.08,10.5,10.5,1015.2,1015.3,0.0,0.0,85.13,78.53,0,353,7.1,7.5,98.3,99.0,7.1,7.5,19.5,12.5,1017.3,1017.4,-5.4,363.48,-0.02,31.8121,13.0467,459.5,59.8,1496.659, NAN, NAN, NAN, NAN,,2024/04/19 07:25:49.176,2024-04-19 07:25:49.176000+00:00
2024/04/19, 07:26:49.176,35.725,-74.853, NAN,19.29,264.09,0.08,10.5,10.5,1015.1,1015.1,0.0,0.0,85.13,78.53,1,354,8.3,7.8,98.5,98.6,8.3,7.8,20.5,13.6,1017.2,1017.2,-5.36,363.77,-0.02,31.8147,13.0502,460.4,59.6,1496.673, NAN, NAN, NAN, NAN,,2024/04/19 07:26:49.176,2024-04-19 07:26:49.176000+00:00
2024/04/19, 07:27:49.176,35.725,-74.853, NAN,20.15,206.62,0.4,10.5,10.4,1015.2,1015.0,0.0,0.0,85.13,78.53,359,354,8.2,8.0,98.4,97.2,8.3,8.1,20.4,15.5,1017.3,1017.1,-5.39,373.34,-0.02,31.8145,13.0552,462.8,59.0,1496.69, NAN, NAN, NAN, NAN,,2024/04/19 07:27:49.176,2024-04-19 07:27:49.176000+00:00
2024/04/19, 07:28:49.176,35.725,-74.853, NAN,18.54,122.78,0.27,10.2,10.3,1015.4,1015.3,0.0,0.0,85.13,78.53,6,359,7.3,7.0,97.6,97.6,7.2,6.9,23.6,16.5,1017.5,1017.4,-5.44,375.91,-0.02,31.8176,13.0608,459.5,58.7,1496.712, NAN, NAN, NAN, NAN,,2024/04/19 07:28:49.176,2024-04-19 07:28:49.176000+00:00
2024/04/19, 07:29:49.176,35.725,-74.853, NAN,19.33,46.91,0.15,10.2,10.3,1015.3,1015.3,0.0,0.0,85.13,78.53,359,353,7.7,7.4,98.3,98.3,7.7,7.4,18.9,12.9,1017.4,1017.4,-5.56,375.6,-0.02,31.819,13.065,461.4,58.4,1496.728, NAN, NAN, NAN, NAN,,2024/04/19 07:29:49.176,2024-04-19 07:29:49.176000+00:00
2024/04/19, 07:30:49.176,35.725,-74.853, NAN,19.45,312.44,0.22,10.3,10.3,1015.2,1015.3,0.0,0.0,85.13,78.53,0,354,7.1,6.9,98.9,99.1,7.1,6.9,20.3,14.3,1017.3,1017.4,-5.43,378.73,-0.02,31.8266,13.0677,461.7,58.5,1496.746, NAN, NAN, NAN, NAN,,2024/04/19 07:30:49.176,2024-04-19 07:30:49.176000+00:00
2024/04/19, 07:31:49.176,35.725,-74.853, NAN,20.56,213.59,0.3,10.3,10.3,1015.1,1015.1,0.0,0.0,85.13,78.53,1,355,7.4,7.4,99.2,99.2,7.5,7.5,20.5,14.6,1017.2,1017.2,-5.41,374.66,-0.02,31.8226,13.0683,460.8,58.6,1496.743, NAN, NAN, NAN, NAN,,2024/04/19 07:31:49.176,2024-04-19 07:31:49.176000+00:00
2024/04/19, 07:32:49.176,35.725,-74.853, NAN,20.17,29.01,0.1,10.5,10.4,1015.2,1015.2,0.0,0.0,85.13,78.53,1,356,7.8,6.9,99.9,100.0,7.8,6.9,21.5,16.6,1017.3,1017.3,-5.39,364.44,-0.02,31.8245,13.0681,461.4,58.5,1496.745, NAN, NAN, NAN, NAN,,2024/04/19 07:32:49.176,2024-04-19 07:32:49.176000+00:00
2024/04/19, 07:33:49.176,35.725,-74.853, NAN,19.31,209.7,0.2,10.4,10.5,1015.1,1015.2,0.0,0.0,85.13,78.53,10,4,7.8,7.3,98.5,100.0,7.9,7.4,29.7,23.8,1017.2,1017.3,-5.33,364.88,-0.01,31.8268,13.0707,461.4,58.1,1496.756, NAN, NAN, NAN, NAN,,2024/04/19 07:33:49.176,2024-04-19 07:33:49.176000+00:00
2024/04/19, 07:34:49.176,35.725,-74.853, NAN,20.82,260.73,0.11,10.4,10.4,1015.2,1015.1,0.0,0.0,85.13,78.53,1,356,8.4,8.1,98.3,98.6,8.4,8.1,22.2,17.2,1017.3,1017.2,-5.44,352.35,-0.01,31.8239,13.0717,462.0,56.1,1496.756, NAN, NAN, NAN, NAN,,2024/04/19 07:34:49.176,2024-04-19 07:34:49.176000+00:00
2024/04/19, 07:35:49.176,35.725,-74.853, NAN,20.05,167.54,0.19,10.3,10.4,1015.2,1015.1,0.0,0.0,85.13,78.53,3,357,8.6,8.3,97.6,97.7,8.6,8.3,22.4,16.4,1017.3,1017.2,-5.46,345.26,-0.02,31.8236,13.0713,462.4,55.5,1496.755, NAN, NAN, NAN, NAN,,2024/04/19 07:35:49.176,2024-04-19 07:35:49.176000+00:00
2024/04/19, 07:36:49.176,35.725,-74.853, NAN,20.34,75.27,0.39,10.3,10.3,1015.1,1015.1,0.0,0.0,85.13,78.53,5,357,7.7,7.6,97.6,97.9,7.6,7.5,24.0,15.9,1017.2,1017.2,-5.57,362.31,-0.01,31.8201,13.0681,461.1,58.6,1496.74, NAN, NAN, NAN, NAN,,2024/04/19 07:36:49.176,2024-04-19 07:36:49.176000+00:00
2024/04/19, 07:37:49.177,35.725,-74.853, NAN,20.39,93.03,0.04,10.3,10.3,1015.0,1015.1,0.0,0.0,85.13,78.53,0,353,8.1,7.8,97.9,98.2,8.1,7.8,20.5,13.5,1017.1,1017.2,-5.51,363.16,-0.01,31.8223,13.0674,460.4,59.0,1496.74, NAN, NAN, NAN, NAN,,2024/04/19 07:37:49.177,2024-04-19 07:37:49.177000+00:00
2024/04/19, 07:38:49.177,35.725,-74.853, NAN,21.67,198.51,0.31,10.3,10.3,1015.0,1015.0,0.0,0.0,85.13,78.53,357,352,6.5,6.3,97.8,97.8,6.7,6.4,19.1,14.2,1017.1,1017.1,-5.57,361.08,-0.01,31.8237,13.066,461.1,58.6,1496.737, NAN, NAN, NAN, NAN,,2024/04/19 07:38:49.177,2024-04-19 07:38:49.177000+00:00
2024/04/19, 07:39:49.177,35.725,-74.853, NAN,18.27,40.29,0.3,10.4,10.4,1015.3,1015.1,0.0,0.0,85.13,78.53,9,2,7.9,7.6,98.5,97.8,7.7,7.4,27.3,20.1,1017.4,1017.2,-5.56,354.25,-0.01,31.8238,13.0648,466.2,59.2,1496.733, NAN, NAN, NAN, NAN,,2024/04/19 07:39:49.177,2024-04-19 07:39:49.177000+00:00
2024/04/19, 07:40:49.177,35.725,-74.853, NAN,17.13,32.57,0.44,10.4,10.5,1015.1,1015.0,0.0,0.0,85.13,78.53,11,5,9.0,8.6,97.8,98.2,8.8,8.4,28.1,22.0,1017.2,1017.1,-5.41,352.73,-0.02,31.8247,13.0625,459.5,59.5,1496.726, NAN, NAN, NAN, NAN,,2024/04/19 07:40:49.177,2024-04-19 07:40:49.177000+00:00
2024/04/19, 07:41:49.177,35.725,-74.853, NAN,19.34,100.23,0.01,10.3,10.4,1015.1,1015.0,0.0,0.0,85.13,78.53,10,3,7.8,7.2,97.0,97.0,7.8,7.2,29.4,22.4,1017.2,1017.1,-5.58,365.1,-0.01,31.8238,13.0576,461.4,59.6,1496.709, NAN, NAN, NAN, NAN,,2024/04/19 07:41:49.177,2024-04-19 07:41:49.177000+00:00
2024/04/19, 07:42:49.177,35.725,-74.853, NAN,19.78,69.04,0.6,10.4,10.4,1014.9,1015.0,0.0,0.0,85.13,78.53,5,0,7.2,6.8,97.0,97.0,7.1,6.7,22.5,17.3,1017.0,1017.1,-5.64,370.61,-0.02,31.8245,13.0577,459.8,59.7,1496.71, NAN, NAN, NAN, NAN,,2024/04/19 07:42:49.177,2024-04-19 07:42:49.177000+00:00
2024/04/19, 07:43:49.177,35.725,-74.853, NAN,19.39,164.63,0.17,10.4,10.4,1015.1,1015.1,0.0,0.0,85.13,78.53,14,8,7.6,7.3,98.0,97.9,7.6,7.3,32.7,26.7,1017.2,1017.2,-5.6,370.39,-0.01,31.8248,13.0583,458.0,3.2,1496.712, NAN, NAN, NAN, NAN,,2024/04/19 07:43:49.177,2024-04-19 07:43:49.177000+00:00
2024/04/19, 07:44:49.177,35.725,-74.853, NAN,19.65,4.96,0.12,10.4,10.4,1015.1,1015.1,0.0,0.0,85.13,78.53,10,4,8.7,8.4,97.9,98.0,8.6,8.4,29.4,23.4,1017.2,1017.2,-5.5,361.57,-0.01,31.8243,13.0593,458.4,0.0,1496.715, NAN, NAN, NAN, NAN,,2024/04/19 07:44:49.177,2024-04-19 07:44:49.177000+00:00
2024/04/19, 07:45:49.177,35.725,-74.853, NAN,20.53,245.57,0.25,10.4,10.4,1015.0,1015.0,0.0,0.0,85.13,78.53,1,354,7.5,7.3,97.8,97.9,7.6,7.4,21.3,14.4,1017.1,1017.1,-5.45,352.69,-0.02,31.825,13.0564,458.4,0.0,1496.706, NAN, NAN, NAN, NAN,,2024/04/19 07:45:49.177,2024-04-19 07:45:49.177000+00:00
2024/04/19, 07:46:49.177,35.725,-74.853, NAN,18.94,6.01,0.32,10.4,10.4,1015.1,1015.1,0.0,0.0,85.13,78.53,5,358,7.5,7.0,97.3,97.3,7.5,7.0,25.2,18.3,1017.2,1017.2,-5.5,365.89,-0.02,31.8246,13.054,459.0,0.0,1496.698, NAN, NAN, NAN, NAN,,2024/04/19 07:46:49.177,2024-04-19 07:46:49.177000+00:00
2024/04/19, 07:47:49.177,35.725,-74.853, NAN,20.01,257.19,0.21,10.3,10.4,1014.9,1014.9,0.0,0.0,85.13,78.53,7,1,8.0,7.5,96.9,96.9,8.1,7.6,27.5,21.6,1017.0,1017.0,-5.66,365.81,-0.01,31.824,13.0537,461.4,0.0,1496.696, NAN, NAN, NAN, NAN,,2024/04/19 07:47:49.177,2024-04-19 07:47:49.177000+00:00
2024/04/19, 07:48:49.177,35.725,-74.853, NAN,19.74,327.82,0.21,10.4,10.4,1015.1,1015.0,0.0,0.0,85.13,78.53,5,359,7.9,7.7,98.3,98.4,7.9,7.7,25.5,19.5,1017.2,1017.1,-5.48,368.5,-0.01,31.8245,13.0562,459.0,0.0,1496.705, NAN, NAN, NAN, NAN,,2024/04/19 07:48:49.177,2024-04-19 07:48:49.177000+00:00
2024/04/19, 07:49:49.177,35.725,-74.853, NAN,20.07,279.43,0.43,10.3,10.4,1015.0,1014.9,0.0,0.0,85.13,78.53,2,356,8.2,7.8,97.6,97.6,8.2,7.8,23.6,17.7,1017.1,1017.0,-5.46,367.54,-0.02,31.8251,13.0574,459.3,0.0,1496.71, NAN, NAN, NAN, NAN,,2024/04/19 07:49:49.177,2024-04-19 07:49:49.177000+00:00
2024/04/19, 07:50:49.177,35.725,-74.853, NAN,18.17,305.21,0.04,10.4,10.4,1015.0,1014.9,0.0,0.0,85.13,78.53,8,2,8.0,7.1,98.1,98.1,8.0,7.1,26.3,20.3,1017.1,1017.0,-5.49,368.36,-0.02,31.8248,13.0566,458.7,0.0,1496.707, NAN, NAN, NAN, NAN,,2024/04/19 07:50:49.177,2024-04-19 07:50:49.177000+00:00
2024/04/19, 07:51:49.177,35.725,-74.853, NAN,19.19,29.42,0.27,10.4,10.4,1014.9,1015.0,0.0,0.0,85.13,78.53,6,3,8.8,8.1,98.0,98.1,8.8,8.1,26.1,23.1,1017.0,1017.1,-5.49,345.91,-0.01,31.8273,13.056,455.3,0.0,1496.708, NAN, NAN, NAN, NAN,,2024/04/19 07:51:49.177,2024-04-19 07:51:49.177000+00:00
2024/04/19, 07:52:49.177,35.725,-74.853, NAN,18.91,101.74,0.46,10.5,10.5,1014.9,1014.9,0.0,0.0,85.13,78.53,10,4,8.2,7.9,98.5,98.6,8.2,7.9,27.3,21.2,1017.0,1017.0,-5.57,357.0,-0.01,31.8262,13.0547,454.4,0.0,1496.702, NAN, NAN, NAN, NAN,,2024/04/19 07:52:49.177,2024-04-19 07:52:49.177000+00:00
2024/04/19, 07:53:49.178,35.725,-74.853, NAN,20.45,312.09,0.33,10.4,10.4,1014.9,1015.0,0.0,0.0,85.13,78.53,10,5,8.3,8.2,97.3,97.4,8.2,8.1,31.5,26.5,1017.0,1017.1,-5.66,349.82,-0.01,31.8237,13.0527,454.4,0.0,1496.692, NAN, NAN, NAN, NAN,,2024/04/19 07:53:49.178,2024-04-19 07:53:49.178000+00:00
2024/04/19, 07:54:49.178,35.725,-74.853, NAN,20.76,32.52,0.18,10.3,10.4,1015.1,1014.9,0.0,0.0,85.13,78.53,356,350,7.4,7.3,97.4,97.4,7.4,7.3,16.2,10.1,1017.2,1017.0,-5.66,371.28,-0.02,31.8225,13.0489,452.9,0.0,1496.678, NAN, NAN, NAN, NAN,,2024/04/19 07:54:49.178,2024-04-19 07:54:49.178000+00:00
2024/04/19, 07:55:49.178,35.725,-74.853, NAN,19.67,282.73,0.63,10.3,10.4,1014.9,1014.9,0.0,0.0,85.13,78.53,359,354,8.7,8.4,97.9,97.4,8.7,8.4,20.8,15.9,1017.0,1017.0,-5.57,361.02,-0.01,31.8276,13.047,455.0,0.0,1496.678, NAN, NAN, NAN, NAN,,2024/04/19 07:55:49.178,2024-04-19 07:55:49.178000+00:00
2024/04/19, 07:56:49.178,35.725,-74.853, NAN,20.09,168.9,0.32,10.3,10.4,1015.1,1015.0,0.0,0.0,85.13,78.53,3,358,7.3,6.8,97.9,98.1,7.4,6.9,22.1,17.1,1017.2,1017.1,-5.67,363.25,-0.01,31.8343,13.0513,454.4,0.0,1496.7, NAN, NAN, NAN, NAN,,2024/04/19 07:56:49.178,2024-04-19 07:56:49.178000+00:00
2024/04/19, 07:57:49.178,35.725,-74.853, NAN,17.41,95.41,0.06,10.4,10.4,1015.2,1015.1,0.0,0.0,85.13,78.53,14,9,9.2,8.6,98.4,98.3,9.2,8.6,31.5,26.5,1017.3,1017.2,-5.63,369.88,-0.01,31.8289,13.0552,453.4,0.0,1496.707, NAN, NAN, NAN, NAN,,2024/04/19 07:57:49.178,2024-04-19 07:57:49.178000+00:00
2024/04/19, 07:58:49.178,35.725,-74.853, NAN,20.06,339.73,0.07,10.3,10.4,1015.0,1015.1,0.0,0.0,85.13,78.53,6,0,8.8,8.3,97.9,97.9,8.8,8.3,26.0,20.0,1017.1,1017.2,-5.5,374.61,-0.01,31.836,13.0621,454.0,0.0,1496.738, NAN, NAN, NAN, NAN,,2024/04/19 07:58:49.178,2024-04-19 07:58:49.178000+00:00
2024/04/19, 07:59:49.178,35.725,-74.853, NAN,19.98,70.45,0.31,10.3,10.3,1015.1,1015.1,0.0,0.0,85.13,78.53,2,355,7.5,7.6,97.9,97.7,7.4,7.5,21.3,14.2,1017.2,1017.2,-5.49,377.77,-0.02,31.8322,13.0678,452.9,0.0,1496.753, NAN, NAN, NAN, NAN,,2024/04/19 07:59:49.178,2024-04-19 07:59:49.178000+00:00
2024/04/19, 08:00:49.178,35.725,-74.853, NAN,21.55,281.3,0.51,10.3,10.3,1015.1,1015.2,0.0,0.0,85.13,78.53,359,354,7.6,7.4,98.8,98.8,7.6,7.3,22.5,17.5,1017.2,1017.3,-5.43,378.2,-0.01,31.8351,13.0702,454.7,0.0,1496.765, NAN, NAN, NAN, NAN,,2024/04/19 08:00:49.178,2024-04-19 08:00:49.178000+00:00
2024/04/19, 08:01:49.178,35.725,-74.853, NAN,20.15,214.86,0.1,10.4,10.4,1015.3,1015.3,0.0,0.0,85.13,78.53,357,350,8.1,8.0,99.0,99.0,8.2,8.0,17.2,10.2,1017.4,1017.4,-5.42,372.11,-0.02,31.8312,13.0728,452.9,0.0,1496.769, NAN, NAN, NAN, NAN,,2024/04/19 08:01:49.178,2024-04-19 08:01:49.178000+00:00
2024/04/19, 08:02:49.178,35.725,-74.853, NAN,19.82,105.21,0.09,10.4,10.4,1015.4,1015.3,0.0,0.0,85.13,78.53,357,351,7.1,6.9,99.3,99.4,7.1,6.9,16.6,10.5,1017.5,1017.4,-5.33,371.46,-0.01,31.8289,13.0739,452.3,0.0,1496.77, NAN, NAN, NAN, NAN,,2024/04/19 08:02:49.178,2024-04-19 08:02:49.178000+00:00
2024/04/19, 08:03:49.178,35.725,-74.853, NAN,19.74,286.23,0.16,10.4,10.4,1015.3,1015.3,0.0,0.0,85.13,78.53,4,355,8.5,8.1,98.1,98.0,8.4,8.0,24.0,14.9,1017.4,1017.4,-5.4,361.66,-0.02,31.8264,13.0778,451.3,0.0,1496.78, NAN, NAN, NAN, NAN,,2024/04/19 08:03:49.178,2024-04-19 08:03:49.178000+00:00
2024/04/19, 08:04:49.178,35.725,-74.853, NAN,20.16,314.23,0.2,10.4,10.4,1015.2,1015.2,0.0,0.0,85.13,78.53,5,359,7.9,7.4,98.4,98.5,7.8,7.3,25.4,19.3,1017.3,1017.3,-5.39,358.29,-0.02,31.8323,13.0796,454.7,0.0,1496.793, NAN, NAN, NAN, NAN,,2024/04/19 08:04:49.178,2024-04-19 08:04:49.178000+00:00
2024/04/19, 08:05:49.178,35.725,-74.853, NAN,19.23,1.81,0.17,10.4,10.4,1015.3,1015.3,0.0,0.0,85.13,78.53,6,0,8.9,8.5,97.7,97.8,8.8,8.4,25.5,19.4,1017.4,1017.4,-5.42,362.75,-0.02,31.8445,13.0796,455.3,0.0,1496.807, NAN, NAN, NAN, NAN,,2024/04/19 08:05:49.178,2024-04-19 08:05:49.178000+00:00
2024/04/19, 08:06:49.178,35.725,-74.853, NAN,20.62,0.4,0.4,10.4,10.4,1015.1,1015.0,0.0,0.0,85.13,78.53,357,351,7.6,7.3,97.9,97.9,7.4,7.1,17.2,11.0,1017.2,1017.1,-5.4,370.19,-0.01,31.8414,13.0837,453.4,0.0,1496.817, NAN, NAN, NAN, NAN,,2024/04/19 08:06:49.178,2024-04-19 08:06:49.178000+00:00
2024/04/19, 08:07:49.178,35.725,-74.853, NAN,18.63,27.95,0.29,10.4,10.4,1015.3,1015.3,0.0,0.0,85.13,78.53,8,2,8.5,8.4,97.3,97.4,8.4,8.3,26.8,20.7,1017.4,1017.4,-5.39,363.58,-0.01,31.8397,13.0876,452.6,0.0,1496.828, NAN, NAN, NAN, NAN,,2024/04/19 08:07:49.178,2024-04-19 08:07:49.178000+00:00
2024/04/19, 08:08:49.178,35.725,-74.853, NAN,17.63,67.13,0.2,10.3,10.4,1015.2,1015.1,0.0,0.0,85.13,78.53,11,6,7.8,7.5,97.0,97.3,7.7,7.4,28.6,23.6,1017.3,1017.2,-5.42,373.47,-0.01,31.8383,13.0872,453.4,0.0,1496.825, NAN, NAN, NAN, NAN,,2024/04/19 08:08:49.178,2024-04-19 08:08:49.178000+00:00
2024/04/19, 08:09:49.179,35.725,-74.853, NAN,19.97,121.83,0.15,10.4,10.4,1015.1,1015.3,0.0,0.0,85.13,78.53,358,351,7.1,7.4,97.0,97.8,7.1,7.4,17.4,10.4,1017.2,1017.4,-5.39,372.97,-0.01,31.8411,13.0925,454.4,0.0,1496.846, NAN, NAN, NAN, NAN,,2024/04/19 08:09:49.179,2024-04-19 08:09:49.179000+00:00
2024/04/19, 08:10:49.179,35.725,-74.853, NAN,20.67,289.95,0.28,10.5,10.5,1015.3,1015.3,0.0,0.0,85.13,78.53,358,351,7.7,7.5,98.0,98.1,7.7,7.5,19.7,12.7,1017.4,1017.4,-5.33,368.32,-0.02,31.8428,13.0986,454.4,0.0,1496.869, NAN, NAN, NAN, NAN,,2024/04/19 08:10:49.179,2024-04-19 08:10:49.179000+00:00
2024/04/19, 08:11:49.179,35.725,-74.853, NAN,18.8,86.72,0.22,10.5,10.5,1015.4,1015.3,0.0,0.0,85.13,78.53,0,354,7.2,7.2,97.3,97.5,7.2,7.2,17.9,11.9,1017.5,1017.4,-5.43,355.57,-0.01,31.8403,13.1037,454.0,0.0,1496.883, NAN, NAN, NAN, NAN,,2024/04/19 08:11:49.179,2024-04-19 08:11:49.179000+00:00
2024/04/19, 08:12:49.179,35.725,-74.853, NAN,19.83,77.86,0.24,10.5,10.5,1015.3,1015.4,0.0,0.0,85.13,78.53,1,354,7.7,7.2,97.8,97.7,7.7,7.2,19.9,12.9,1017.4,1017.5,-5.43,346.4,-0.01,31.8416,13.1064,452.6,0.0,1496.893, NAN, NAN, NAN, NAN,,2024/04/19 08:12:49.179,2024-04-19 08:12:49.179000+00:00
2024/04/19, 08:13:49.179,35.725,-74.853, NAN,19.2,235.63,0.07,10.5,10.5,1015.2,1015.3,0.0,0.0,85.13,78.53,2,356,6.4,6.6,97.0,97.0,6.4,6.6,20.9,14.9,1017.3,1017.4,-5.51,360.89,-0.01,31.8438,13.1069,452.9,0.0,1496.898, NAN, NAN, NAN, NAN,,2024/04/19 08:13:49.179,2024-04-19 08:13:49.179000+00:00
2024/04/19, 08:14:49.179,35.725,-74.853, NAN,20.63,35.64,0.26,10.5,10.5,1015.7,1015.7,0.0,0.0,85.13,78.53,359,355,7.2,7.0,96.2,96.1,7.1,6.9,18.8,14.8,1017.8,1017.8,-5.44,359.88,-0.01,31.8478,13.1055,454.0,0.0,1496.898, NAN, NAN, NAN, NAN,,2024/04/19 08:14:49.179,2024-04-19 08:14:49.179000+00:00
2024/04/19, 08:15:49.179,35.725,-74.853, NAN,19.66,348.66,0.12,10.4,10.5,1015.3,1015.5,0.0,0.0,85.13,78.53,7,3,8.1,7.8,96.7,96.7,8.2,7.9,26.6,22.6,1017.4,1017.6,-5.63,345.86,-0.01,31.8479,13.1104,452.3,0.0,1496.914, NAN, NAN, NAN, NAN,,2024/04/19 08:15:49.179,2024-04-19 08:15:49.179000+00:00
2024/04/19, 08:16:49.179,35.725,-74.853, NAN,20.18,330.0,0.17,10.5,10.5,1015.4,1015.5,0.0,0.0,85.13,78.53,3,358,8.1,8.0,97.3,97.4,8.0,7.9,23.0,17.9,1017.5,1017.6,-5.67,355.55,-0.01,31.8422,13.1187,450.0,0.0,1496.935, NAN, NAN, NAN, NAN,,2024/04/19 08:16:49.179,2024-04-19 08:16:49.179000+00:00
2024/04/19, 08:17:49.179,35.725,-74.853, NAN,18.83,105.25,0.02,10.5,10.5,1015.7,1015.4,0.0,0.0,85.13,78.53,12,7,6.7,6.3,96.7,96.8,6.7,6.3,30.9,25.9,1017.8,1017.5,-5.61,367.57,-0.01,31.8413,13.1271,449.6,0.0,1496.962, NAN, NAN, NAN, NAN,,2024/04/19 08:17:49.179,2024-04-19 08:17:49.179000+00:00
2024/04/19, 08:18:49.179,35.725,-74.853, NAN,20.8,291.6,0.67,10.4,10.4,1015.4,1015.4,0.0,0.0,85.13,78.53,0,353,6.2,6.0,96.1,96.2,6.1,5.9,23.9,16.8,1017.5,1017.5,-5.58,374.94,-0.01,31.839,13.1335,450.7,0.0,1496.981, NAN, NAN, NAN, NAN,,2024/04/19 08:18:49.179,2024-04-19 08:18:49.179000+00:00
2024/04/19, 08:19:49.179,35.725,-74.853, NAN,19.28,290.32,0.1,10.3,10.4,1015.5,1015.5,0.0,0.0,85.13,78.53,0,353,6.2,6.0,96.9,96.2,6.2,6.0,19.7,12.6,1017.6,1017.6,-5.58,375.72,-0.01,31.866,13.1372,456.8,0.0,1497.025, NAN, NAN, NAN, NAN,,2024/04/19 08:19:49.179,2024-04-19 08:19:49.179000+00:00
2024/04/19, 08:20:49.179,35.725,-74.853, NAN,21.2,241.77,0.07,10.4,10.4,1015.4,1015.5,0.0,0.0,85.13,78.53,358,353,7.6,7.6,98.4,98.2,7.6,7.6,19.1,14.1,1017.5,1017.6,-5.58,365.98,-0.02,31.8594,13.1378,455.3,0.0,1497.02, NAN, NAN, NAN, NAN,,2024/04/19 08:20:49.179,2024-04-19 08:20:49.179000+00:00
2024/04/19, 08:21:49.179,35.725,-74.853, NAN,20.41,158.78,0.24,10.5,10.5,1015.6,1015.5,0.0,0.0,85.13,78.53,7,0,7.7,7.4,97.6,97.8,7.7,7.4,26.5,19.5,1017.7,1017.6,-5.44,367.74,-0.01,31.8572,13.1418,452.3,0.0,1497.03, NAN, NAN, NAN, NAN,,2024/04/19 08:21:49.179,2024-04-19 08:21:49.179000+00:00
2024/04/19, 08:22:49.179,35.725,-74.853, NAN,21.09,37.2,0.21,10.5,10.4,1015.3,1015.5,0.0,0.0,85.13,78.53,1,355,6.7,6.5,97.5,96.9,6.6,6.4,21.6,15.5,1017.4,1017.6,-5.39,367.07,-0.02,31.8533,13.1533,453.1,0.0,1497.064, NAN, NAN, NAN, NAN,,2024/04/19 08:22:49.179,2024-04-19 08:22:49.179000+00:00
2024/04/19, 08:23:49.179,35.725,-74.853, NAN,17.94,68.89,0.11,10.4,10.4,1015.4,1015.4,0.0,0.0,85.13,78.53,8,3,8.6,8.4,96.4,96.5,8.6,8.4,25.6,20.6,1017.5,1017.5,-5.39,360.01,-0.01,31.8553,13.1611,452.9,0.0,1497.093, NAN, NAN, NAN, NAN,,2024/04/19 08:23:49.179,2024-04-19 08:23:49.179000+00:00
2024/04/19, 08:24:49.179,35.725,-74.853, NAN,19.21,32.53,0.36,10.4,10.4,1015.2,1015.3,0.0,0.0,85.13,78.53,6,1,8.0,7.4,96.4,96.5,7.8,7.2,25.3,20.2,1017.3,1017.4,-5.44,357.02,-0.01,31.8558,13.1694,453.7,0.0,1497.121, NAN, NAN, NAN, NAN,,2024/04/19 08:24:49.179,2024-04-19 08:24:49.179000+00:00
2024/04/19, 08:25:49.180,35.725,-74.853, NAN,18.82,73.09,0.49,10.4,10.4,1015.5,1015.5,0.0,0.0,85.13,78.53,8,2,7.0,6.8,96.3,96.5,6.8,6.6,25.4,19.2,1017.6,1017.6,-5.54,369.38,-0.01,31.8535,13.1788,451.3,0.0,1497.15, NAN, NAN, NAN, NAN,,2024/04/19 08:25:49.180,2024-04-19 08:25:49.180000+00:00
2024/04/19, 08:26:49.180,35.725,-74.853, NAN,19.99,123.31,0.49,10.4,10.4,1015.5,1015.3,0.0,0.0,85.13,78.53,9,2,7.5,7.4,97.2,97.1,7.5,7.5,27.1,20.1,1017.6,1017.4,-5.51,371.63,-0.01,31.8584,13.1853,452.6,0.0,1497.177, NAN, NAN, NAN, NAN,,2024/04/19 08:26:49.180,2024-04-19 08:26:49.180000+00:00
2024/04/19, 08:27:49.180,35.725,-74.853, NAN,20.34,252.63,0.72,10.5,10.5,1015.5,1015.5,0.0,0.0,85.13,78.53,7,0,7.9,7.5,97.0,97.0,8.1,7.7,29.5,22.8,1017.6,1017.6,-5.42,370.27,-0.01,31.8566,13.1876,451.3,0.0,1497.183, NAN, NAN, NAN, NAN,,2024/04/19 08:27:49.180,2024-04-19 08:27:49.180000+00:00
2024/04/19, 08:28:49.180,35.725,-74.853, NAN,21.19,271.11,0.57,10.5,10.5,1015.6,1015.4,0.0,0.0,85.13,78.53,1,357,7.5,7.2,96.9,97.0,7.6,7.3,24.4,20.5,1017.7,1017.5,-5.41,372.84,-0.01,31.866,13.1951,454.7,0.0,1497.219, NAN, NAN, NAN, NAN,,2024/04/19 08:28:49.180,2024-04-19 08:28:49.180000+00:00
2024/04/19, 08:29:49.180,35.725,-74.853, NAN,21.07,321.15,0.11,10.5,10.5,1015.6,1015.5,0.0,0.0,85.13,78.53,359,352,7.4,7.3,97.2,97.2,7.4,7.3,20.5,13.5,1017.7,1017.6,-5.34,370.01,-0.02,31.865,13.1999,451.6,0.0,1497.234, NAN, NAN, NAN, NAN,,2024/04/19 08:29:49.180,2024-04-19 08:29:49.180000+00:00
2024/04/19, 08:30:49.180,35.725,-74.853, NAN,19.29,297.86,0.19,10.6,10.6,1015.5,1015.3,0.0,0.0,85.13,78.53,355,350,7.4,7.5,97.0,97.4,7.4,7.5,15.0,10.0,1017.6,1017.4,-5.31,364.8,-0.01,31.8635,13.203,452.9,0.0,1497.242, NAN, NAN, NAN, NAN,,2024/04/19 08:30:49.180,2024-04-19 08:30:49.180000+00:00
2024/04/19, 08:31:49.180,35.725,-74.853, NAN,18.77,39.72,0.25,10.5,10.6,1015.5,1015.4,0.0,0.0,85.13,78.53,15,10,7.8,7.4,96.4,96.4,7.7,7.3,34.2,29.2,1017.6,1017.5,-5.39,367.27,-0.01,31.8647,13.2037,451.6,57.0,1497.246, NAN, NAN, NAN, NAN,,2024/04/19 08:31:49.180,2024-04-19 08:31:49.180000+00:00
2024/04/19, 08:32:49.180,35.725,-74.853, NAN,21.38,343.19,0.16,10.5,10.5,1015.6,1015.4,0.0,0.0,85.13,78.53,2,354,7.8,8.2,96.0,96.2,7.7,8.1,23.7,15.6,1017.7,1017.5,-5.39,373.37,-0.01,31.865,13.2045,451.0,58.9,1497.249, NAN, NAN, NAN, NAN,,2024/04/19 08:32:49.180,2024-04-19 08:32:49.180000+00:00
2024/04/19, 08:33:49.180,35.725,-74.853, NAN,18.18,346.79,0.21,10.5,10.5,1015.6,1015.6,0.0,0.0,85.13,78.53,357,349,6.7,6.7,96.6,96.6,6.8,6.8,15.8,7.9,1017.7,1017.7,-5.4,375.75,-0.01,31.8689,13.2037,452.3,59.0,1497.251, NAN, NAN, NAN, NAN,,2024/04/19 08:33:49.180,2024-04-19 08:33:49.180000+00:00
2024/04/19, 08:34:49.180,35.725,-74.853, NAN,19.43,93.25,0.11,10.5,10.5,1015.4,1015.4,0.0,0.0,85.13,78.53,355,347,7.3,6.8,96.1,96.3,7.2,6.8,14.3,6.2,1017.5,1017.5,-5.42,377.51,-0.01,31.8696,13.2048,453.4,59.0,1497.256, NAN, NAN, NAN, NAN,,2024/04/19 08:34:49.180,2024-04-19 08:34:49.180000+00:00
2024/04/19, 08:35:49.180,35.725,-74.853, NAN,20.14,248.41,0.19,10.5,10.5,1015.5,1015.5,0.0,0.0,85.13,78.53,351,346,7.4,7.7,97.2,97.1,7.4,7.7,11.9,6.9,1017.6,1017.6,-5.36,374.87,-0.02,31.868,13.2013,449.7,59.2,1497.242, NAN, NAN, NAN, NAN,,2024/04/19 08:35:49.180,2024-04-19 08:35:49.180000+00:00
2024/04/19, 08:36:49.180,35.725,-74.853, NAN,19.38,54.42,0.13,10.5,10.5,1015.8,1015.7,0.0,0.0,85.13,78.53,0,354,7.8,7.7,96.2,96.2,7.7,7.7,19.1,13.0,1017.9,1017.8,-5.33,374.26,-0.02,31.8673,13.1965,451.0,59.3,1497.225, NAN, NAN, NAN, NAN,,2024/04/19 08:36:49.180,2024-04-19 08:36:49.180000+00:00
2024/04/19, 08:37:49.180,35.725,-74.853, NAN,19.6,228.34,0.17,10.5,10.5,1015.5,1015.7,0.0,0.0,85.13,78.53,357,351,6.9,6.8,96.1,96.3,6.9,6.8,17.2,11.2,1017.6,1017.8,-5.25,374.7,-0.01,31.8675,13.1907,450.4,59.1,1497.206, NAN, NAN, NAN, NAN,,2024/04/19 08:37:49.180,2024-04-19 08:37:49.180000+00:00
2024/04/19, 08:38:49.180,35.725,-74.853, NAN,20.66,74.36,0.33,10.5,10.5,1016.1,1015.8,0.0,0.0,85.13,78.53,345,341,6.6,6.8,96.2,96.4,6.5,6.7,4.8,0.7,1018.2,1017.9,-5.37,378.58,-0.01,31.8675,13.1822,451.0,59.3,1497.178, NAN, NAN, NAN, NAN,,2024/04/19 08:38:49.180,2024-04-19 08:38:49.180000+00:00
2024/04/19, 08:39:49.180,35.725,-74.853, NAN,20.73,116.3,0.35,10.4,10.5,1016.1,1015.9,0.0,0.0,85.13,78.53,341,336,6.0,6.4,96.3,96.3,6.1,6.5,2.9,357.9,1018.2,1018.0,-5.39,378.91,-0.01,31.8691,13.1711,450.7,59.3,1497.142, NAN, NAN, NAN, NAN,,2024/04/19 08:39:49.180,2024-04-19 08:39:49.180000+00:00
2024/04/19, 08:40:49.180,35.725,-74.853, NAN,17.8,134.78,0.25,10.4,10.4,1015.8,1015.7,0.0,0.0,85.13,78.53,349,342,7.0,7.0,96.4,96.4,6.9,7.0,5.9,358.8,1017.9,1017.8,-5.4,380.33,-0.01,31.8706,13.1627,449.2,59.3,1497.116, NAN, NAN, NAN, NAN,,2024/04/19 08:40:49.180,2024-04-19 08:40:49.180000+00:00
2024/04/19, 08:41:49.181,35.725,-74.853, NAN,19.11,22.93,0.34,10.5,10.4,1016.3,1016.1,0.0,0.0,85.13,78.53,353,348,6.0,5.7,96.9,96.5,5.8,5.6,11.3,6.2,1018.4,1018.2,-5.32,381.25,-0.02,31.8713,13.1579,449.6,59.4,1497.101, NAN, NAN, NAN, NAN,,2024/04/19 08:41:49.181,2024-04-19 08:41:49.181000+00:00
2024/04/19, 08:42:49.181,35.725,-74.853, NAN,19.18,25.69,0.18,10.5,10.5,1016.1,1016.1,0.0,0.0,85.13,78.53,345,338,6.8,6.9,97.2,97.2,6.8,6.9,3.4,356.4,1018.2,1018.2,-5.31,380.52,-0.02,31.8691,13.1542,449.7,59.3,1497.086, NAN, NAN, NAN, NAN,,2024/04/19 08:42:49.181,2024-04-19 08:42:49.181000+00:00
2024/04/19, 08:43:49.181,35.725,-74.853, NAN,21.65,257.68,0.16,10.5,10.5,1016.1,1016.2,0.0,0.0,85.13,78.53,336,330,5.9,7.1,96.5,96.7,6.0,7.1,358.2,352.2,1018.2,1018.3,-5.25,380.24,-0.02,31.8662,13.1505,447.3,59.0,1497.07, NAN, NAN, NAN, NAN,,2024/04/19 08:43:49.181,2024-04-19 08:43:49.181000+00:00
2024/04/19, 08:44:49.181,35.725,-74.853, NAN,16.92,183.35,0.15,10.5,10.5,1016.5,1016.3,0.0,0.0,85.13,78.53,322,324,6.6,9.1,96.1,96.4,6.7,9.2,339.0,340.9,1018.6,1018.4,-5.22,379.96,-0.02,31.8656,13.1486,449.7,58.9,1497.063, NAN, NAN, NAN, NAN,,2024/04/19 08:44:49.181,2024-04-19 08:44:49.181000+00:00
2024/04/19, 08:45:49.181,35.725,-74.853, NAN,0.39,228.37,0.27,10.4,10.5,1016.5,1016.2,0.0,0.0,85.13,78.53,343,339,5.9,6.1,96.2,96.3,6.0,6.2,344.5,340.5,1018.6,1018.3,-5.31,380.87,-0.02,31.8649,13.1513,446.7,58.9,1497.071, NAN, NAN, NAN, NAN,,2024/04/19 08:45:49.181,2024-04-19 08:45:49.181000+00:00
2024/04/19, 08:46:49.181,35.725,-74.853, NAN,359.93,264.22,0.59,10.4,10.4,1016.5,1016.2,0.0,0.0,85.13,78.53,343,338,6.1,6.1,96.7,96.7,6.0,6.0,345.6,340.5,1018.6,1018.3,-5.29,380.59,-0.02,31.8637,13.1523,446.4,59.1,1497.073, NAN, NAN, NAN, NAN,,2024/04/19 08:46:49.181,2024-04-19 08:46:49.181000+00:00
2024/04/19, 08:47:49.181,35.725,-74.853, NAN,358.43,298.92,0.25,10.4,10.4,1016.6,1016.5,0.0,0.0,85.13,78.53,1,357,6.5,6.3,97.1,96.7,6.6,6.4,358.5,354.5,1018.7,1018.6,-5.3,380.74,-0.02,31.8624,13.1575,448.0,59.3,1497.089, NAN, NAN, NAN, NAN,,2024/04/19 08:47:49.181,2024-04-19 08:47:49.181000+00:00
2024/04/19, 08:48:49.181,35.725,-74.853, NAN,357.46,152.36,0.48,10.5,10.5,1016.5,1016.3,0.0,0.0,85.13,78.53,356,350,6.0,5.9,97.5,97.5,6.2,6.1,353.1,347.3,1018.6,1018.4,-5.23,380.06,-0.02,31.8597,13.16,447.3,59.3,1497.094, NAN, NAN, NAN, NAN,,2024/04/19 08:48:49.181,2024-04-19 08:48:49.181000+00:00
2024/04/19, 08:49:49.181,35.725,-74.853, NAN,0.73,221.08,0.26,10.4,10.4,1016.5,1016.2,0.0,0.0,85.13,78.53,347,341,7.0,7.0,96.1,96.3,6.9,6.9,347.7,341.6,1018.6,1018.3,-5.24,380.54,-0.01,31.8629,13.1579,450.7,59.5,1497.091, NAN, NAN, NAN, NAN,,2024/04/19 08:49:49.181,2024-04-19 08:49:49.181000+00:00
2024/04/19, 08:50:49.181,35.725,-74.853, NAN,0.5,67.48,0.28,10.4,10.4,1016.5,1016.5,0.0,0.0,85.13,78.53,357,353,6.1,6.0,96.5,96.5,6.2,6.1,356.2,352.3,1018.6,1018.6,-5.25,381.37,-0.02,31.8652,13.1591,447.6,59.7,1497.098, NAN, NAN, NAN, NAN,,2024/04/19 08:50:49.181,2024-04-19 08:50:49.181000+00:00
2024/04/19, 08:51:49.181,35.725,-74.853, NAN,359.07,16.49,0.23,10.5,10.5,1016.2,1016.3,0.0,0.0,85.13,78.53,357,351,6.6,6.7,97.4,97.4,6.5,6.7,355.1,349.1,1018.3,1018.4,-5.26,380.48,-0.02,31.8611,13.1595,452.6,59.4,1497.094, NAN, NAN, NAN, NAN,,2024/04/19 08:51:49.181,2024-04-19 08:51:49.181000+00:00
2024/04/19, 08:52:49.181,35.725,-74.853, NAN,359.45,85.05,0.29,10.4,10.5,1016.1,1016.2,0.0,0.0,85.13,78.53,358,351,6.4,6.2,96.3,96.4,6.3,6.1,356.4,349.3,1018.2,1018.3,-5.16,380.7,-0.01,31.8654,13.1624,459.3,59.3,1497.109, NAN, NAN, NAN, NAN,,2024/04/19 08:52:49.181,2024-04-19 08:52:49.181000+00:00
2024/04/19, 08:53:49.181,35.725,-74.853, NAN,359.53,281.53,0.36,10.4,10.4,1016.5,1016.5,0.0,0.0,85.13,78.53,356,349,7.8,7.6,96.2,96.2,7.7,7.5,356.8,349.8,1018.6,1018.6,-5.34,379.89,-0.01,31.8656,13.1665,451.0,58.8,1497.123, NAN, NAN, NAN, NAN,,2024/04/19 08:53:49.181,2024-04-19 08:53:49.181000+00:00
2024/04/19, 08:54:49.181,35.725,-74.853, NAN,0.8,144.74,0.1,10.4,10.4,1016.3,1016.4,0.0,0.0,85.13,78.53,350,343,6.5,6.7,96.1,96.4,6.5,6.7,350.7,343.6,1018.4,1018.5,-5.24,379.72,-0.02,31.8758,13.1691,455.3,58.6,1497.144, NAN, NAN, NAN, NAN,,2024/04/19 08:54:49.181,2024-04-19 08:54:49.181000+00:00
2024/04/19, 08:55:49.181,35.725,-74.853, NAN,358.58,201.3,0.35,10.3,10.4,1016.6,1016.5,0.0,0.0,85.13,78.53,353,347,6.4,6.1,95.6,95.6,6.6,6.3,351.3,345.4,1018.7,1018.6,-5.37,380.59,-0.01,31.8724,13.1719,449.6,59.0,1497.149, NAN, NAN, NAN, NAN,,2024/04/19 08:55:49.181,2024-04-19 08:55:49.181000+00:00
2024/04/19, 08:56:49.181,35.725,-74.853, NAN,0.37,62.11,0.54,10.3,10.4,1016.3,1016.3,0.0,0.0,85.13,78.53,349,347,6.1,5.9,96.3,96.2,6.1,5.9,346.8,344.7,1018.4,1018.4,-5.31,380.94,-0.01,31.8706,13.1725,449.6,59.3,1497.149, NAN, NAN, NAN, NAN,,2024/04/19 08:56:49.181,2024-04-19 08:56:49.181000+00:00
2024/04/19, 08:57:49.182,35.725,-74.853, NAN,359.37,6.45,0.29,10.4,10.4,1016.2,1016.3,0.0,0.0,85.13,78.53,354,348,6.6,6.3,96.8,96.6,6.5,6.2,354.4,348.4,1018.3,1018.4,-5.3,380.52,-0.01,31.8817,13.1764,454.0,59.3,1497.175, NAN, NAN, NAN, NAN,,2024/04/19 08:57:49.182,2024-04-19 08:57:49.182000+00:00
2024/04/19, 08:58:49.182,35.725,-74.853, NAN,359.25,313.04,0.26,10.4,10.4,1016.3,1016.3,0.0,0.0,85.13,78.53,352,346,7.2,7.0,96.9,97.0,7.2,7.0,352.3,346.3,1018.4,1018.4,-5.28,380.24,-0.02,31.8767,13.183,452.9,59.3,1497.191, NAN, NAN, NAN, NAN,,2024/04/19 08:58:49.182,2024-04-19 08:58:49.182000+00:00
2024/04/19, 08:59:49.182,35.725,-74.853, NAN,358.18,173.02,0.19,10.4,10.5,1016.3,1016.5,0.0,0.0,85.13,78.53,0,355,6.8,6.5,96.3,97.0,6.9,6.6,358.5,353.6,1018.4,1018.6,-5.34,380.41,-0.02,31.8701,13.1864,455.6,58.5,1497.195, NAN, NAN, NAN, NAN,,2024/04/19 08:59:49.182,2024-04-19 08:59:49.182000+00:00
2024/04/19, 09:00:49.182,35.725,-74.853, NAN,359.22,295.35,0.34,10.4,10.4,1016.6,1016.6,0.0,0.0,85.13,78.53,1,355,7.1,6.8,96.3,96.3,7.0,6.6,1.0,354.9,1018.7,1018.7,-5.32,380.13,-0.02,31.8675,13.1868,449.2,58.9,1497.193, NAN, NAN, NAN, NAN,,2024/04/19 09:00:49.182,2024-04-19 09:00:49.182000+00:00
2024/04/19, 09:01:49.182,35.725,-74.853, NAN,358.2,338.54,0.33,10.4,10.4,1016.3,1016.4,0.0,0.0,85.13,78.53,0,354,7.0,7.2,96.5,96.4,6.8,7.0,358.3,352.2,1018.4,1018.5,-5.3,380.04,-0.01,31.8666,13.1876,449.2,59.0,1497.195, NAN, NAN, NAN, NAN,,2024/04/19 09:01:49.182,2024-04-19 09:01:49.182000+00:00
2024/04/19, 09:02:49.182,35.725,-74.853, NAN,359.97,295.16,0.08,10.4,10.4,1016.3,1016.5,0.0,0.0,85.13,78.53,1,355,6.8,6.8,96.4,96.5,6.8,6.8,1.1,355.0,1018.4,1018.6,-5.31,380.52,-0.02,31.8636,13.1872,449.6,59.0,1497.19, NAN, NAN, NAN, NAN,,2024/04/19 09:02:49.182,2024-04-19 09:02:49.182000+00:00
2024/04/19, 09:03:49.182,35.725,-74.853, NAN,359.56,133.24,0.02,10.4,10.4,1016.5,1016.6,0.0,0.0,85.13,78.53,352,346,6.2,6.5,96.5,96.5,6.2,6.5,351.5,345.5,1018.6,1018.7,-5.28,380.7,-0.02,31.8626,13.1877,447.6,58.7,1497.19, NAN, NAN, NAN, NAN,,2024/04/19 09:03:49.182,2024-04-19 09:03:49.182000+00:00
2024/04/19, 09:04:49.182,35.725,-74.853, NAN,1.14,215.17,0.46,10.4,10.4,1016.5,1016.5,0.0,0.0,85.13,78.53,345,339,6.6,6.9,96.8,96.9,6.7,6.9,348.1,342.1,1018.6,1018.6,-5.25,380.9,-0.02,31.8617,13.1931,448.0,58.1,1497.207, NAN, NAN, NAN, NAN,,2024/04/19 09:04:49.182,2024-04-19 09:04:49.182000+00:00
2024/04/19, 09:05:49.182,35.725,-74.853, NAN,359.54,285.41,0.33,10.4,10.4,1016.8,1016.6,0.0,0.0,85.13,78.53,0,356,7.1,7.0,96.9,96.9,7.1,7.0,0.9,356.9,1018.9,1018.7,-5.31,380.45,-0.01,31.8622,13.1908,445.9,58.1,1497.2, NAN, NAN, NAN, NAN,,2024/04/19 09:05:49.182,2024-04-19 09:05:49.182000+00:00
2024/04/19, 09:06:49.182,35.725,-74.853, NAN,358.48,309.88,0.3,10.4,10.5,1016.5,1016.3,0.0,0.0,85.13,78.53,1,355,7.1,7.0,97.2,97.4,6.9,6.8,359.8,353.6,1018.6,1018.4,-5.3,379.95,-0.01,31.8629,13.1886,448.3,58.4,1497.194, NAN, NAN, NAN, NAN,,2024/04/19 09:06:49.182,2024-04-19 09:06:49.182000+00:00
2024/04/19, 09:07:49.182,35.725,-74.853, NAN,359.96,341.68,0.12,10.4,10.4,1016.6,1016.5,0.0,0.0,85.13,78.53,352,345,7.4,7.3,96.4,96.5,7.4,7.3,351.5,344.6,1018.7,1018.6,-5.35,380.5,-0.02,31.8624,13.1872,449.2,58.5,1497.188, NAN, NAN, NAN, NAN,,2024/04/19 09:07:49.182,2024-04-19 09:07:49.182000+00:00
2024/04/19, 09:08:49.182,35.725,-74.853, NAN,359.54,154.2,0.37,10.4,10.4,1016.6,1016.4,0.0,0.0,85.13,78.53,350,343,6.7,6.9,97.1,97.2,6.9,7.1,350.1,343.2,1018.7,1018.5,-5.36,381.07,-0.01,31.8627,13.1887,445.9,58.8,1497.194, NAN, NAN, NAN, NAN,,2024/04/19 09:08:49.182,2024-04-19 09:08:49.182000+00:00
2024/04/19, 09:09:49.182,35.725,-74.853, NAN,0.22,158.95,0.27,10.4,10.4,1016.8,1016.6,0.0,0.0,85.13,78.53,348,344,7.6,7.6,97.4,97.3,7.7,7.7,348.7,344.7,1018.9,1018.7,-5.19,379.56,-0.01,31.8639,13.1864,447.6,58.9,1497.187, NAN, NAN, NAN, NAN,,2024/04/19 09:09:49.182,2024-04-19 09:09:49.182000+00:00
2024/04/19, 09:10:49.182,35.725,-74.853, NAN,358.45,184.54,0.18,10.3,10.4,1016.5,1016.3,0.0,0.0,85.13,78.53,353,350,7.1,7.6,96.8,96.9,7.1,7.6,350.7,347.8,1018.6,1018.4,-5.36,379.65,-0.02,31.8644,13.1827,448.9,58.8,1497.176, NAN, NAN, NAN, NAN,,2024/04/19 09:10:49.182,2024-04-19 09:10:49.182000+00:00
2024/04/19, 09:11:49.182,35.725,-74.853, NAN,358.45,301.33,0.06,10.3,10.3,1016.5,1016.6,0.0,0.0,85.13,78.53,356,350,7.4,7.4,96.9,96.9,7.4,7.4,354.3,348.2,1018.6,1018.7,-5.34,379.6,-0.02,31.8643,13.1822,447.3,58.7,1497.174, NAN, NAN, NAN, NAN,,2024/04/19 09:11:49.182,2024-04-19 09:11:49.182000+00:00
2024/04/19, 09:12:49.183,35.725,-74.853, NAN,358.88,317.21,0.18,10.3,10.3,1016.3,1016.5,0.0,0.0,85.13,78.53,359,352,7.7,7.4,97.1,97.1,7.7,7.4,358.6,351.6,1018.4,1018.6,-5.34,379.87,-0.01,31.8637,13.185,449.2,58.6,1497.183, NAN, NAN, NAN, NAN,,2024/04/19 09:12:49.183,2024-04-19 09:12:49.183000+00:00
2024/04/19, 09:13:49.183,35.725,-74.853, NAN,358.2,200.48,0.25,10.2,10.2,1016.3,1016.2,0.0,0.0,85.13,78.53,0,355,7.3,7.0,97.0,97.0,7.4,7.1,358.2,353.2,1018.4,1018.3,-5.29,380.2,-0.02,31.8636,13.1893,447.6,58.8,1497.197, NAN, NAN, NAN, NAN,,2024/04/19 09:13:49.183,2024-04-19 09:13:49.183000+00:00
2024/04/19, 09:14:49.183,35.725,-74.853, NAN,359.3,231.52,0.2,10.3,10.3,1016.4,1016.5,0.0,0.0,85.13,78.53,3,357,7.3,6.7,97.8,97.7,7.4,6.8,2.8,357.0,1018.5,1018.6,-5.36,380.24,-0.01,31.8648,13.1947,451.3,58.9,1497.216, NAN, NAN, NAN, NAN,,2024/04/19 09:14:49.183,2024-04-19 09:14:49.183000+00:00
2024/04/19, 09:15:49.183,35.725,-74.853, NAN,359.25,276.73,0.25,10.3,10.3,1016.4,1016.5,0.0,0.0,85.13,78.53,5,359,7.2,7.4,98.1,98.2,7.1,7.3,5.2,359.1,1018.5,1018.6,-5.28,379.66,-0.02,31.8671,13.1963,447.6,59.0,1497.224, NAN, NAN, NAN, NAN,,2024/04/19 09:15:49.183,2024-04-19 09:15:49.183000+00:00
2024/04/19, 09:16:49.183,35.725,-74.853, NAN,359.38,230.65,0.25,10.2,10.3,1016.3,1016.5,0.0,0.0,85.13,78.53,1,355,7.0,6.7,97.2,97.2,7.1,6.8,360.0,354.1,1018.4,1018.6,-5.31,380.66,-0.01,31.8671,13.1966,449.2,59.1,1497.225, NAN, NAN, NAN, NAN,,2024/04/19 09:16:49.183,2024-04-19 09:16:49.183000+00:00
2024/04/19, 09:17:49.183,35.725,-74.853, NAN,359.31,314.56,0.53,10.2,10.2,1016.5,1016.3,0.0,0.0,85.13,78.53,5,359,7.7,7.8,97.6,97.5,7.5,7.6,5.7,359.5,1018.6,1018.4,-5.36,380.44,-0.01,31.8639,13.1988,450.4,59.0,1497.229, NAN, NAN, NAN, NAN,,2024/04/19 09:17:49.183,2024-04-19 09:17:49.183000+00:00
2024/04/19, 09:18:49.183,35.725,-74.853, NAN,358.77,279.6,0.15,10.3,10.4,1016.5,1016.6,0.0,0.0,85.13,78.53,355,347,7.5,7.5,98.7,98.9,7.4,7.4,353.9,345.8,1018.6,1018.7,-5.36,379.89,-0.02,31.8666,13.2022,451.3,59.1,1497.243, NAN, NAN, NAN, NAN,,2024/04/19 09:18:49.183,2024-04-19 09:18:49.183000+00:00
2024/04/19, 09:19:49.183,35.725,-74.853, NAN,358.91,122.28,0.49,10.3,10.3,1016.5,1016.3,0.0,0.0,85.13,78.53,354,348,7.1,7.1,97.8,97.7,7.3,7.3,351.9,346.1,1018.6,1018.4,-5.24,379.52,-0.01,31.8665,13.2024,447.0,58.8,1497.244, NAN, NAN, NAN, NAN,,2024/04/19 09:19:49.183,2024-04-19 09:19:49.183000+00:00
2024/04/19, 09:20:49.183,35.725,-74.853, NAN,359.92,227.83,0.1,10.2,10.2,1016.7,1016.7,0.0,0.0,85.13,78.53,357,349,7.6,7.5,97.1,97.1,7.6,7.5,356.5,348.5,1018.8,1018.8,-5.35,380.11,-0.01,31.8681,13.2049,447.6,59.0,1497.254, NAN, NAN, NAN, NAN,,2024/04/19 09:20:49.183,2024-04-19 09:20:49.183000+00:00
2024/04/19, 09:21:49.183,35.725,-74.853, NAN,359.03,306.85,0.2,10.2,10.2,1016.8,1016.6,0.0,0.0,85.13,78.53,358,352,8.5,8.2,98.1,98.2,8.6,8.3,357.4,351.5,1018.9,1018.7,-5.38,379.18,-0.02,31.8692,13.2118,449.2,56.8,1497.279, NAN, NAN, NAN, NAN,,2024/04/19 09:21:49.183,2024-04-19 09:21:49.183000+00:00
2024/04/19, 09:22:49.183,35.725,-74.853, NAN,358.42,190.84,0.14,10.2,10.2,1016.5,1016.5,0.0,0.0,85.13,78.53,357,350,8.5,8.4,97.7,97.8,8.6,8.5,355.3,348.3,1018.6,1018.6,-5.4,379.99,-0.01,31.8691,13.2185,448.6,57.9,1497.301, NAN, NAN, NAN, NAN,,2024/04/19 09:22:49.183,2024-04-19 09:22:49.183000+00:00
2024/04/19, 09:23:49.183,35.725,-74.853, NAN,358.83,54.27,0.29,10.2,10.2,1016.8,1016.6,0.0,0.0,85.13,78.53,2,357,8.2,7.7,98.0,97.8,8.1,7.6,0.2,355.1,1018.9,1018.7,-5.33,380.14,-0.01,31.8703,13.2218,450.7,59.0,1497.313, NAN, NAN, NAN, NAN,,2024/04/19 09:23:49.183,2024-04-19 09:23:49.183000+00:00
2024/04/19, 09:24:49.183,35.725,-74.853, NAN,359.09,238.19,0.05,10.2,10.2,1016.6,1016.7,0.0,0.0,85.13,78.53,2,356,8.2,8.0,98.2,98.0,8.2,8.0,1.3,355.3,1018.7,1018.8,-5.33,379.61,-0.01,31.8701,13.2238,451.0,59.1,1497.32, NAN, NAN, NAN, NAN,,2024/04/19 09:24:49.183,2024-04-19 09:24:49.183000+00:00
2024/04/19, 09:25:49.183,35.725,-74.853, NAN,359.92,142.08,0.62,10.2,10.2,1016.5,1016.6,0.0,0.0,85.13,78.53,358,351,8.1,7.8,98.1,98.1,8.4,8.1,356.9,350.1,1018.6,1018.7,-5.33,378.49,-0.01,31.8715,13.2278,448.3,59.2,1497.335, NAN, NAN, NAN, NAN,,2024/04/19 09:25:49.183,2024-04-19 09:25:49.183000+00:00
2024/04/19, 09:26:49.183,35.725,-74.853, NAN,358.16,215.92,0.48,10.2,10.2,1016.7,1016.5,0.0,0.0,85.13,78.53,3,357,6.8,7.0,97.7,97.7,7.0,7.2,1.1,355.3,1018.8,1018.6,-5.3,380.96,-0.01,31.8725,13.2304,450.0,59.9,1497.345, NAN, NAN, NAN, NAN,,2024/04/19 09:26:49.183,2024-04-19 09:26:49.183000+00:00
2024/04/19, 09:27:49.183,35.725,-74.853, NAN,359.1,94.77,0.34,10.2,10.2,1016.5,1016.5,0.0,0.0,85.13,78.53,9,4,8.4,8.1,98.6,98.4,8.3,8.0,7.0,1.9,1018.6,1018.6,-5.39,379.4,-0.01,31.8743,13.233,449.2,60.2,1497.355, NAN, NAN, NAN, NAN,,2024/04/19 09:27:49.183,2024-04-19 09:27:49.183000+00:00
2024/04/19, 09:28:49.184,35.725,-74.853, NAN,358.91,122.7,0.23,10.2,10.3,1016.5,1016.5,0.0,0.0,85.13,78.53,4,359,8.6,8.2,98.1,98.4,8.6,8.3,2.2,357.2,1018.6,1018.6,-5.3,379.19,-0.01,31.8742,13.2341,449.7,59.8,1497.359, NAN, NAN, NAN, NAN,,2024/04/19 09:28:49.184,2024-04-19 09:28:49.184000+00:00
2024/04/19, 09:29:49.184,35.725,-74.853, NAN,359.71,189.75,0.18,10.2,10.3,1016.4,1016.5,0.0,0.0,85.13,78.53,2,355,8.4,8.0,98.0,98.3,8.5,8.1,1.3,354.4,1018.5,1018.6,-5.3,379.64,-0.01,31.8668,13.2368,451.6,59.8,1497.359, NAN, NAN, NAN, NAN,,2024/04/19 09:29:49.184,2024-04-19 09:29:49.184000+00:00
2024/04/19, 09:30:49.184,35.725,-74.853, NAN,358.14,63.29,0.14,10.2,10.2,1016.6,1016.5,0.0,0.0,85.13,78.53,3,359,8.4,8.2,97.8,97.8,8.4,8.2,0.7,356.7,1018.7,1018.6,-5.28,379.03,-0.01,31.8769,13.238,449.2,59.1,1497.375, NAN, NAN, NAN, NAN,,2024/04/19 09:30:49.184,2024-04-19 09:30:49.184000+00:00
2024/04/19, 09:31:49.184,35.725,-74.853, NAN,359.54,50.34,0.3,10.2,10.2,1016.2,1016.4,0.0,0.0,85.13,78.53,9,3,8.4,8.1,97.8,97.9,8.2,7.9,8.6,2.5,1018.3,1018.5,-5.27,379.73,-0.02,31.8775,13.2375,446.7,60.0,1497.374, NAN, NAN, NAN, NAN,,2024/04/19 09:31:49.184,2024-04-19 09:31:49.184000+00:00
2024/04/19, 09:32:49.184,35.725,-74.853, NAN,359.02,123.14,0.49,10.2,10.2,1016.6,1016.6,0.0,0.0,85.13,78.53,5,358,8.7,8.5,98.1,98.0,8.7,8.6,2.4,355.4,1018.7,1018.7,-5.39,379.04,-0.01,31.8787,13.2363,445.9,60.0,1497.372, NAN, NAN, NAN, NAN,,2024/04/19 09:32:49.184,2024-04-19 09:32:49.184000+00:00
2024/04/19, 09:33:49.184,35.725,-74.853, NAN,358.24,129.85,0.82,10.2,10.2,1016.5,1016.5,0.0,0.0,85.13,78.53,0,356,8.6,8.1,98.1,98.2,9.0,8.5,357.5,353.7,1018.6,1018.6,-5.3,380.34,-0.02,31.8763,13.2358,445.6,60.4,1497.367, NAN, NAN, NAN, NAN,,2024/04/19 09:33:49.184,2024-04-19 09:33:49.184000+00:00
2024/04/19, 09:34:49.184,35.725,-74.853, NAN,358.17,306.18,0.14,10.1,10.1,1016.5,1016.4,0.0,0.0,85.13,78.53,12,6,7.7,7.8,98.1,98.0,7.6,7.7,10.5,4.4,1018.6,1018.5,-5.3,381.08,-0.01,31.8712,13.2334,449.2,60.0,1497.353, NAN, NAN, NAN, NAN,,2024/04/19 09:34:49.184,2024-04-19 09:34:49.184000+00:00
2024/04/19, 09:35:49.184,35.725,-74.853, NAN,0.72,298.22,0.55,10.1,10.1,1016.8,1016.8,0.0,0.0,85.13,78.53,6,2,8.4,8.3,98.2,98.1,8.3,8.2,8.4,4.4,1018.9,1018.9,-5.38,379.49,-0.02,31.8797,13.2361,448.0,60.2,1497.372, NAN, NAN, NAN, NAN,,2024/04/19 09:35:49.184,2024-04-19 09:35:49.184000+00:00
2024/04/19, 09:36:49.184,35.725,-74.853, NAN,358.68,212.75,0.19,10.1,10.2,1016.5,1016.5,0.0,0.0,85.13,78.53,10,6,8.4,7.8,98.4,98.5,8.5,7.9,8.7,4.7,1018.6,1018.6,-5.3,379.64,-0.01,31.8802,13.2372,448.0,60.1,1497.376, NAN, NAN, NAN, NAN,,2024/04/19 09:36:49.184,2024-04-19 09:36:49.184000+00:00
2024/04/19, 09:37:49.184,35.725,-74.853, NAN,0.22,109.5,0.44,10.1,10.1,1016.5,1016.3,0.0,0.0,85.13,78.53,5,359,8.7,8.7,98.1,98.0,8.6,8.6,3.8,357.8,1018.6,1018.4,-5.34,379.69,-0.01,31.8806,13.2381,448.3,60.3,1497.38, NAN, NAN, NAN, NAN,,2024/04/19 09:37:49.184,2024-04-19 09:37:49.184000+00:00
2024/04/19, 09:38:49.184,35.725,-74.853, NAN,359.39,207.98,0.13,10.1,10.1,1016.6,1016.5,0.0,0.0,85.13,78.53,12,2,8.5,7.7,99.0,99.1,8.5,7.7,11.8,1.9,1018.7,1018.6,-5.38,379.62,-0.01,31.8816,13.2379,447.6,60.2,1497.38, NAN, NAN, NAN, NAN,,2024/04/19 09:38:49.184,2024-04-19 09:38:49.184000+00:00
2024/04/19, 09:39:49.184,35.725,-74.853, NAN,359.78,205.0,0.19,10.1,10.1,1016.6,1016.6,0.0,0.0,85.13,78.53,9,9,8.1,7.8,98.9,99.0,8.2,7.9,8.9,9.0,1018.7,1018.7,-5.38,380.51,-0.01,31.8841,13.2303,451.0,60.2,1497.358, NAN, NAN, NAN, NAN,,2024/04/19 09:39:49.184,2024-04-19 09:39:49.184000+00:00
2024/04/19, 09:40:49.184,35.725,-74.853, NAN,359.02,337.28,0.15,10.1,10.1,1016.5,1016.5,0.0,0.0,85.13,78.53,7,357,7.6,7.3,98.9,98.8,7.5,7.2,6.1,356.0,1018.6,1018.6,-5.27,380.07,-0.01,31.8846,13.2234,446.7,59.7,1497.335, NAN, NAN, NAN, NAN,,2024/04/19 09:40:49.184,2024-04-19 09:40:49.184000+00:00
2024/04/19, 09:41:49.184,35.725,-74.853, NAN,358.92,98.64,0.23,10.2,10.2,1016.4,1016.5,0.0,0.0,85.13,78.53,14,8,8.6,8.3,99.5,99.5,8.6,8.3,12.1,6.1,1018.5,1018.6,-5.29,380.05,-0.01,31.8846,13.2169,452.0,59.3,1497.314, NAN, NAN, NAN, NAN,,2024/04/19 09:41:49.184,2024-04-19 09:41:49.184000+00:00
2024/04/19, 09:42:49.184,35.725,-74.853, NAN,1.37,44.1,0.17,10.2,10.2,1016.5,1016.5,0.0,0.0,85.13,78.53,10,3,8.2,8.2,99.2,99.2,8.1,8.1,10.9,3.9,1018.6,1018.6,-5.33,378.64,-0.01,31.8826,13.2094,446.7,58.8,1497.286, NAN, NAN, NAN, NAN,,2024/04/19 09:42:49.184,2024-04-19 09:42:49.184000+00:00
2024/04/19, 09:43:49.184,35.725,-74.853, NAN,7.15,229.07,0.36,10.1,10.1,1016.2,1016.4,0.0,0.0,85.13,78.53,0,356,8.1,8.0,98.1,98.3,8.3,8.2,7.2,3.3,1018.3,1018.5,-5.24,379.21,-0.01,31.8857,13.2093,449.6,58.8,1497.29, NAN, NAN, NAN, NAN,,2024/04/19 09:43:49.184,2024-04-19 09:43:49.184000+00:00
2024/04/19, 09:44:49.185,35.725,-74.853, NAN,6.77,299.35,0.39,10.0,10.1,1016.5,1016.3,0.0,0.0,85.13,78.53,5,0,7.5,7.6,98.2,98.1,7.5,7.6,13.2,8.3,1018.6,1018.4,-5.34,379.26,-0.01,31.886,13.208,448.6,56.8,1497.286, NAN, NAN, NAN, NAN,,2024/04/19 09:44:49.185,2024-04-19 09:44:49.185000+00:00
2024/04/19, 09:45:49.185,35.725,-74.853, NAN,6.36,159.62,0.11,10.0,10.0,1016.4,1016.2,0.0,0.0,85.13,78.53,3,358,7.3,7.4,98.6,98.6,7.3,7.4,9.0,4.0,1018.5,1018.3,-5.31,378.97,-0.01,31.8857,13.2039,448.0,55.6,1497.272, NAN, NAN, NAN, NAN,,2024/04/19 09:45:49.185,2024-04-19 09:45:49.185000+00:00
2024/04/19, 09:46:49.185,35.725,-74.853, NAN,5.95,339.32,0.25,10.0,10.0,1016.3,1016.5,0.0,0.0,85.13,78.53,5,357,7.3,7.4,98.7,98.6,7.2,7.3,11.8,3.7,1018.4,1018.6,-5.3,377.37,-0.01,31.8849,13.2016,448.9,57.2,1497.263, NAN, NAN, NAN, NAN,,2024/04/19 09:46:49.185,2024-04-19 09:46:49.185000+00:00
2024/04/19, 09:47:49.185,35.725,-74.853, NAN,7.17,176.61,0.08,10.0,10.0,1016.5,1016.3,0.0,0.0,85.13,78.53,354,348,7.4,7.3,98.9,98.7,7.4,7.3,1.4,355.4,1018.6,1018.4,-5.34,378.55,0.0,31.8817,13.2009,448.9,59.3,1497.257, NAN, NAN, NAN, NAN,,2024/04/19 09:47:49.185,2024-04-19 09:47:49.185000+00:00
2024/04/19, 09:48:49.185,35.725,-74.853, NAN,7.62,24.17,0.17,10.0,10.0,1016.5,1016.4,0.0,0.0,85.13,78.53,353,346,6.7,6.8,98.9,98.9,6.6,6.7,0.3,353.2,1018.6,1018.5,-5.31,379.55,0.01,31.8793,13.1993,449.2,59.4,1497.249, NAN, NAN, NAN, NAN,,2024/04/19 09:48:49.185,2024-04-19 09:48:49.185000+00:00
2024/04/19, 09:49:49.185,35.725,-74.853, NAN,5.73,93.53,0.05,10.0,10.0,1016.6,1016.5,0.0,0.0,85.13,78.53,359,354,7.5,6.9,99.4,99.3,7.5,6.9,4.6,359.6,1018.7,1018.6,-5.39,380.32,0.01,31.8755,13.1991,449.6,59.5,1497.244, NAN, NAN, NAN, NAN,,2024/04/19 09:49:49.185,2024-04-19 09:49:49.185000+00:00
2024/04/19, 09:50:49.185,35.725,-74.853, NAN,6.86,116.32,0.36,10.1,10.1,1016.5,1016.5,0.0,0.0,85.13,78.53,352,346,7.2,7.4,99.9,99.9,7.3,7.5,357.5,351.6,1018.6,1018.6,-5.34,378.9,0.01,31.873,13.199,449.2,59.0,1497.24, NAN, NAN, NAN, NAN,,2024/04/19 09:50:49.185,2024-04-19 09:50:49.185000+00:00
2024/04/19, 09:51:49.185,35.725,-74.853, NAN,6.47,153.83,0.09,10.0,10.1,1016.8,1016.6,0.0,0.0,85.13,78.53,345,348,6.5,7.0,99.0,100.0,6.5,7.0,351.3,354.3,1018.9,1018.7,-5.37,380.02,0.01,31.8704,13.1966,449.6,58.8,1497.229, NAN, NAN, NAN, NAN,,2024/04/19 09:51:49.185,2024-04-19 09:51:49.185000+00:00
2024/04/19, 09:52:49.185,35.725,-74.853, NAN,7.2,325.05,0.17,10.0,10.0,1016.8,1016.8,0.0,0.0,85.13,78.53,349,344,7.1,6.7,99.6,99.5,7.0,6.6,356.3,351.3,1018.9,1018.9,-5.29,379.62,0.02,31.8696,13.193,452.0,58.8,1497.216, NAN, NAN, NAN, NAN,,2024/04/19 09:52:49.185,2024-04-19 09:52:49.185000+00:00
2024/04/19, 09:53:49.185,35.725,-74.853, NAN,6.57,330.37,0.18,10.1,10.1,1016.8,1016.6,0.0,0.0,85.13,78.53,346,339,6.4,6.5,99.8,99.8,6.3,6.4,352.2,345.1,1018.9,1018.7,-5.26,379.45,0.03,31.8678,13.1924,451.0,58.8,1497.212, NAN, NAN, NAN, NAN,,2024/04/19 09:53:49.185,2024-04-19 09:53:49.185000+00:00
2024/04/19, 09:54:49.185,35.725,-74.853, NAN,7.51,336.02,0.25,10.1,10.1,1016.8,1016.7,0.0,0.0,85.13,78.53,344,340,6.1,6.5,99.6,99.6,6.0,6.4,351.4,347.3,1018.9,1018.8,-5.22,379.93,0.04,31.8678,13.1946,450.0,58.8,1497.219, NAN, NAN, NAN, NAN,,2024/04/19 09:54:49.185,2024-04-19 09:54:49.185000+00:00
2024/04/19, 09:55:49.185,35.725,-74.853, NAN,7.68,114.51,0.22,10.0,10.0,1016.8,1016.8,0.0,0.0,85.13,78.53,347,339,7.8,7.6,99.4,99.3,7.8,7.6,353.9,345.8,1018.9,1018.9,-5.4,379.67,0.06,31.866,13.1912,451.3,58.8,1497.206, NAN, NAN, NAN, NAN,,2024/04/19 09:55:49.185,2024-04-19 09:55:49.185000+00:00
2024/04/19, 09:56:49.185,35.725,-74.853, NAN,6.65,341.12,0.28,10.1,10.1,1016.8,1016.5,0.0,0.0,85.13,78.53,350,345,7.9,7.6,99.9,100.0,7.8,7.5,355.9,350.8,1018.9,1018.6,-5.3,379.33,0.09,31.8654,13.1884,451.6,58.7,1497.196, NAN, NAN, NAN, NAN,,2024/04/19 09:56:49.185,2024-04-19 09:56:49.185000+00:00
2024/04/19, 09:57:49.185,35.725,-74.853, NAN,6.27,217.14,0.22,10.0,10.1,1016.6,1016.9,0.0,0.0,85.13,78.53,351,344,7.3,7.6,99.3,99.5,7.4,7.7,358.0,351.0,1018.7,1019.0,-5.28,379.43,0.12,31.8646,13.1879,452.0,58.8,1497.193, NAN, NAN, NAN, NAN,,2024/04/19 09:57:49.185,2024-04-19 09:57:49.185000+00:00
2024/04/19, 09:58:49.185,35.725,-74.853, NAN,6.94,298.49,0.29,10.0,10.0,1016.8,1016.8,0.0,0.0,85.13,78.53,344,336,7.0,7.0,99.3,99.2,6.9,6.9,351.9,343.7,1018.9,1018.9,-5.28,379.59,0.13,31.8646,13.187,452.0,58.4,1497.19, NAN, NAN, NAN, NAN,,2024/04/19 09:58:49.185,2024-04-19 09:58:49.185000+00:00
2024/04/19, 09:59:49.185,35.725,-74.853, NAN,5.4,139.68,0.02,10.1,10.1,1016.8,1016.6,0.0,0.0,85.13,78.53,358,349,7.0,7.2,100.0,100.0,7.0,7.2,3.4,354.4,1018.9,1018.7,-5.3,379.73,0.15,31.8658,13.1855,451.6,58.3,1497.187, NAN, NAN, NAN, NAN,,2024/04/19 09:59:49.185,2024-04-19 09:59:49.185000+00:00
2024/04/19, 10:00:49.186,35.725,-74.853, NAN,5.6,297.43,0.42,10.1,10.1,1016.9,1016.6,0.0,0.0,85.13,78.53,2,356,8.0,8.0,99.9,99.9,7.8,7.8,8.5,2.3,1019.0,1018.7,-5.22,379.4,0.19,31.8614,13.1819,451.0,58.4,1497.169, NAN, NAN, NAN, NAN,,2024/04/19 10:00:49.186,2024-04-19 10:00:49.186000+00:00
2024/04/19, 10:01:49.186,35.725,-74.853, NAN,7.63,2.03,0.22,10.1,10.1,1016.9,1016.5,0.0,0.0,85.13,78.53,0,354,8.1,7.8,99.8,99.8,8.0,7.7,7.3,1.3,1019.0,1018.6,-5.31,379.85,0.25,31.8606,13.1805,451.0,58.5,1497.164, NAN, NAN, NAN, NAN,,2024/04/19 10:01:49.186,2024-04-19 10:01:49.186000+00:00
2024/04/19, 10:02:49.186,35.725,-74.853, NAN,8.09,188.34,0.18,10.0,10.1,1016.5,1016.6,0.0,0.0,85.13,78.53,347,343,8.0,7.9,99.7,99.7,8.1,8.0,354.9,350.9,1018.6,1018.7,-5.2,379.97,0.3,31.8631,13.1795,451.0,58.8,1497.163, NAN, NAN, NAN, NAN,,2024/04/19 10:02:49.186,2024-04-19 10:02:49.186000+00:00
2024/04/19, 10:03:49.186,35.725,-74.853, NAN,6.2,168.6,0.23,10.0,10.1,1016.8,1016.8,0.0,0.0,85.13,78.53,0,352,8.7,7.9,99.7,99.8,8.8,8.0,5.9,358.0,1018.9,1018.9,-5.24,380.27,0.37,31.8587,13.1797,450.4,59.0,1497.159, NAN, NAN, NAN, NAN,,2024/04/19 10:03:49.186,2024-04-19 10:03:49.186000+00:00
2024/04/19, 10:04:49.186,35.725,-74.853, NAN,5.17,107.34,0.09,10.1,10.1,1016.5,1016.6,0.0,0.0,85.13,78.53,354,348,8.4,7.7,100.0,100.0,8.4,7.7,359.4,353.4,1018.6,1018.7,-5.16,379.57,0.52,31.8563,13.1772,451.3,59.2,1497.148, NAN, NAN, NAN, NAN,,2024/04/19 10:04:49.186,2024-04-19 10:04:49.186000+00:00
2024/04/19, 10:05:49.186,35.725,-74.853, NAN,6.96,7.78,0.14,10.0,10.1,1016.5,1016.5,0.0,0.0,85.13,78.53,354,346,7.4,7.5,99.6,100.0,7.4,7.5,0.4,352.4,1018.6,1018.6,-5.03,379.73,0.71,31.8539,13.1752,450.0,59.2,1497.138, NAN, NAN, NAN, NAN,,2024/04/19 10:05:49.186,2024-04-19 10:05:49.186000+00:00
2024/04/19, 10:06:49.186,35.725,-74.853, NAN,8.05,22.62,0.54,10.0,10.0,1016.5,1016.6,0.0,0.0,85.13,78.53,0,351,8.6,8.1,99.8,99.8,8.4,7.9,7.2,357.9,1018.6,1018.7,-4.67,379.19,1.03,31.8531,13.1757,451.6,59.3,1497.139, NAN, NAN, NAN, NAN,,2024/04/19 10:06:49.186,2024-04-19 10:06:49.186000+00:00
2024/04/19, 10:07:49.186,35.725,-74.853, NAN,6.43,339.47,0.44,9.9,10.0,1016.6,1016.6,0.0,0.0,85.13,78.53,352,348,7.7,7.9,99.5,99.6,7.5,7.7,359.2,355.1,1018.7,1018.7,-4.4,379.54,1.35,31.8521,13.1725,451.0,59.4,1497.127, NAN, NAN, NAN, NAN,,2024/04/19 10:07:49.186,2024-04-19 10:07:49.186000+00:00
2024/04/19, 10:08:49.186,35.725,-74.853, NAN,5.34,345.12,0.12,9.9,9.9,1016.6,1016.5,0.0,0.0,85.13,78.53,4,358,8.2,8.1,99.8,99.7,8.2,8.1,9.0,3.0,1018.7,1018.6,-4.15,378.08,1.77,31.8521,13.1729,455.0,59.5,1497.128, NAN, NAN, NAN, NAN,,2024/04/19 10:08:49.186,2024-04-19 10:08:49.186000+00:00
2024/04/19, 10:09:49.186,35.725,-74.853, NAN,6.76,261.21,0.16,9.9,9.9,1016.5,1016.5,0.0,0.0,85.13,78.53,0,357,8.3,8.2,99.5,99.6,8.4,8.3,7.2,4.2,1018.6,1018.6,-3.7,378.28,2.35,31.8516,13.1748,452.0,59.5,1497.134, NAN, NAN, NAN, NAN,,2024/04/19 10:09:49.186,2024-04-19 10:09:49.186000+00:00
2024/04/19, 10:10:49.186,35.725,-74.853, NAN,6.82,152.9,0.14,9.9,9.9,1016.5,1016.5,0.0,0.0,85.13,78.53,353,348,7.8,8.0,99.7,99.7,7.8,8.0,359.4,354.4,1018.6,1018.6,-3.52,378.4,2.72,31.8522,13.1723,452.6,59.2,1497.126, NAN, NAN, NAN, NAN,,2024/04/19 10:10:49.186,2024-04-19 10:10:49.186000+00:00
2024/04/19, 10:11:49.186,35.725,-74.853, NAN,6.08,296.6,0.31,9.9,9.9,1016.7,1016.5,0.0,0.0,85.13,78.53,0,355,8.8,8.0,99.6,99.7,8.8,8.0,7.1,2.2,1018.8,1018.6,-3.49,379.04,3.2,31.8512,13.1705,454.4,59.3,1497.119, NAN, NAN, NAN, NAN,,2024/04/19 10:11:49.186,2024-04-19 10:11:49.186000+00:00
2024/04/19, 10:12:49.186,35.725,-74.853, NAN,6.44,191.29,0.15,9.9,9.9,1016.5,1016.3,0.0,0.0,85.13,78.53,356,350,8.2,8.2,100.0,99.7,8.3,8.3,2.5,356.5,1018.6,1018.4,-3.12,377.85,4.18,31.8495,13.1701,452.9,59.6,1497.116, NAN, NAN, NAN, NAN,,2024/04/19 10:12:49.186,2024-04-19 10:12:49.186000+00:00
2024/04/19, 10:13:49.186,35.725,-74.853, NAN,5.95,139.11,0.29,9.8,9.9,1016.5,1016.5,0.0,0.0,85.13,78.53,357,352,8.1,8.4,99.0,99.0,8.2,8.5,2.3,357.3,1018.6,1018.6,-2.79,378.24,4.89,31.8487,13.1695,454.4,59.7,1497.113, NAN, NAN, NAN, NAN,,2024/04/19 10:13:49.186,2024-04-19 10:13:49.186000+00:00
2024/04/19, 10:14:49.186,35.725,-74.853, NAN,6.48,57.19,0.35,9.8,9.9,1016.6,1016.6,0.0,0.0,85.13,78.53,5,359,7.4,7.1,99.0,99.6,7.3,7.0,10.7,4.5,1018.7,1018.7,-2.56,379.49,5.51,31.8501,13.1682,452.6,59.7,1497.11, NAN, NAN, NAN, NAN,,2024/04/19 10:14:49.186,2024-04-19 10:14:49.186000+00:00
2024/04/19, 10:15:49.187,35.725,-74.853, NAN,6.89,345.88,0.22,9.9,9.9,1016.8,1016.5,0.0,0.0,85.13,78.53,6,357,7.7,7.6,99.6,100.0,7.7,7.5,13.7,4.6,1018.9,1018.6,-2.56,379.79,5.86,31.8485,13.1694,454.0,59.8,1497.112, NAN, NAN, NAN, NAN,,2024/04/19 10:15:49.187,2024-04-19 10:15:49.187000+00:00
2024/04/19, 10:16:49.187,35.725,-74.853, NAN,6.62,70.41,0.14,10.0,10.0,1016.7,1016.5,0.0,0.0,85.13,78.53,7,1,8.6,8.5,100.0,100.0,8.6,8.6,13.3,7.3,1018.8,1018.6,-2.45,379.21,6.41,31.8492,13.1668,452.3,59.9,1497.105, NAN, NAN, NAN, NAN,,2024/04/19 10:16:49.187,2024-04-19 10:16:49.187000+00:00
2024/04/19, 10:17:49.187,35.725,-74.853, NAN,7.2,83.2,0.08,10.0,10.0,1016.5,1016.5,0.0,0.0,85.13,78.53,1,352,8.2,8.3,100.0,100.0,8.2,8.3,8.0,359.1,1018.6,1018.6,-1.88,379.92,8.2,31.8505,13.1634,454.4,59.9,1497.095, NAN, NAN, NAN, NAN,,2024/04/19 10:17:49.187,2024-04-19 10:17:49.187000+00:00
2024/04/19, 10:18:49.187,35.725,-74.853, NAN,6.29,113.34,0.18,10.0,10.0,1016.5,1016.6,0.0,0.0,85.13,78.53,1,356,7.9,7.6,100.0,99.9,7.9,7.6,8.0,3.0,1018.6,1018.7,-0.68,378.53,10.01,31.8552,13.1618,454.4,60.0,1497.095, NAN, NAN, NAN, NAN,,2024/04/19 10:18:49.187,2024-04-19 10:18:49.187000+00:00
2024/04/19, 10:19:49.187,35.725,-74.853, NAN,6.35,238.38,0.18,10.0,10.0,1016.7,1016.8,0.0,0.0,85.13,78.53,4,354,8.6,8.6,99.9,100.0,8.6,8.6,10.9,0.9,1018.8,1018.9,-1.21,378.46,9.82,31.858,13.1637,454.4,60.1,1497.105, NAN, NAN, NAN, NAN,,2024/04/19 10:19:49.187,2024-04-19 10:19:49.187000+00:00
2024/04/19, 10:20:49.187,35.725,-74.853, NAN,6.84,346.14,0.04,9.9,9.9,1016.8,1016.6,0.0,0.0,85.13,78.53,359,353,7.5,6.7,99.2,99.2,7.5,6.7,5.8,359.8,1018.9,1018.7,-1.06,379.57,10.6,31.8561,13.1656,454.0,60.0,1497.109, NAN, NAN, NAN, NAN,,2024/04/19 10:20:49.187,2024-04-19 10:20:49.187000+00:00
2024/04/19, 10:21:49.187,35.725,-74.853, NAN,6.7,125.27,0.09,9.9,9.9,1016.5,1016.5,0.0,0.0,85.13,78.53,16,12,8.9,8.1,99.8,99.7,8.9,8.1,22.7,18.7,1018.6,1018.6,-0.28,378.76,12.85,31.8518,13.1703,454.7,59.8,1497.119, NAN, NAN, NAN, NAN,,2024/04/19 10:21:49.187,2024-04-19 10:21:49.187000+00:00
2024/04/19, 10:22:49.187,35.725,-74.853, NAN,4.52,135.58,0.63,10.0,10.0,1016.4,1016.5,0.0,0.0,85.13,78.53,14,6,8.4,7.9,100.0,100.0,8.6,8.2,16.9,9.1,1018.5,1018.6,-0.12,378.55,13.82,31.8487,13.1736,455.0,59.8,1497.127, NAN, NAN, NAN, NAN,,2024/04/19 10:22:49.187,2024-04-19 10:22:49.187000+00:00
2024/04/19, 10:23:49.187,35.725,-74.853, NAN,6.81,201.57,0.41,10.0,10.0,1016.5,1016.4,0.0,0.0,85.13,78.53,10,9,8.8,8.1,100.0,100.0,9.0,8.3,17.2,16.3,1018.6,1018.5,-0.1,378.52,14.17,31.847,13.1775,456.0,59.7,1497.138, NAN, NAN, NAN, NAN,,2024/04/19 10:23:49.187,2024-04-19 10:23:49.187000+00:00
2024/04/19, 10:24:49.187,35.725,-74.853, NAN,7.6,56.54,0.04,9.9,9.9,1016.5,1016.5,0.0,0.0,85.13,78.53,8,1,8.1,7.8,99.5,99.6,8.1,7.8,15.6,8.6,1018.6,1018.6,-0.26,378.51,14.53,31.8481,13.1849,456.4,59.7,1497.164, NAN, NAN, NAN, NAN,,2024/04/19 10:24:49.187,2024-04-19 10:24:49.187000+00:00
2024/04/19, 10:25:49.187,35.725,-74.853, NAN,6.98,151.97,0.17,9.8,9.9,1016.3,1016.3,0.0,0.0,85.13,78.53,15,3,9.1,9.1,99.5,99.5,9.2,9.2,21.9,10.0,1018.4,1018.4,0.07,380.09,16.12,31.8488,13.1903,456.1,59.6,1497.183, NAN, NAN, NAN, NAN,,2024/04/19 10:25:49.187,2024-04-19 10:25:49.187000+00:00
2024/04/19, 10:26:49.187,35.725,-74.853, NAN,5.66,231.61,0.35,9.9,9.9,1016.3,1016.3,0.0,0.0,85.13,78.53,17,11,8.8,8.4,100.0,100.0,8.9,8.5,23.4,17.5,1018.4,1018.4,0.68,378.52,18.16,31.8501,13.1895,455.0,59.4,1497.181, NAN, NAN, NAN, NAN,,2024/04/19 10:26:49.187,2024-04-19 10:26:49.187000+00:00
2024/04/19, 10:27:49.187,35.725,-74.853, NAN,6.41,78.54,0.38,9.8,9.8,1016.3,1016.2,0.0,0.0,85.13,78.53,13,7,8.8,9.1,99.9,99.9,8.8,9.1,18.1,12.2,1018.4,1018.3,0.99,378.77,19.42,31.852,13.1941,455.3,59.7,1497.199, NAN, NAN, NAN, NAN,,2024/04/19 10:27:49.187,2024-04-19 10:27:49.187000+00:00
2024/04/19, 10:28:49.187,35.725,-74.853, NAN,7.1,106.07,0.25,9.8,9.8,1016.3,1016.3,0.0,0.0,85.13,78.53,9,2,9.1,8.7,100.0,100.0,9.1,8.7,15.3,8.3,1018.4,1018.4,1.82,378.46,21.98,31.8519,13.1993,455.0,59.8,1497.216, NAN, NAN, NAN, NAN,,2024/04/19 10:28:49.187,2024-04-19 10:28:49.187000+00:00
2024/04/19, 10:29:49.187,35.725,-74.853, NAN,7.14,312.15,0.09,9.8,9.8,1016.3,1016.4,0.0,0.0,85.13,78.53,14,8,9.4,8.8,100.0,100.0,9.4,8.8,21.4,15.4,1018.4,1018.5,3.02,378.67,25.09,31.8514,13.2035,456.0,60.2,1497.23, NAN, NAN, NAN, NAN,,2024/04/19 10:29:49.187,2024-04-19 10:29:49.187000+00:00
2024/04/19, 10:30:49.187,35.725,-74.853, NAN,5.57,308.95,0.15,9.8,9.9,1016.5,1016.3,0.0,0.0,85.13,78.53,20,15,9.0,9.2,100.0,100.0,9.0,9.2,26.1,21.0,1018.6,1018.4,3.15,378.26,26.25,31.8521,13.2079,454.7,59.9,1497.245, NAN, NAN, NAN, NAN,,2024/04/19 10:30:49.187,2024-04-19 10:30:49.187000+00:00
2024/04/19, 10:31:49.188,35.725,-74.853, NAN,7.14,273.23,0.15,9.8,9.8,1016.3,1016.3,0.0,0.0,85.13,78.53,11,6,7.9,7.9,100.0,100.0,7.8,7.8,18.6,13.5,1018.4,1018.4,3.17,379.54,27.94,31.8551,13.2078,455.3,59.8,1497.249, NAN, NAN, NAN, NAN,,2024/04/19 10:31:49.188,2024-04-19 10:31:49.188000+00:00
2024/04/19, 10:32:49.188,35.725,-74.853, NAN,7.31,164.52,0.45,9.8,9.8,1016.6,1016.3,0.0,0.0,85.13,78.53,12,0,9.2,8.6,100.0,100.0,9.4,8.8,19.3,7.6,1018.7,1018.4,4.6,379.06,31.42,31.8669,13.2114,458.0,59.5,1497.274, NAN, NAN, NAN, NAN,,2024/04/19 10:32:49.188,2024-04-19 10:32:49.188000+00:00
2024/04/19, 10:33:49.188,35.725,-74.853, NAN,5.92,191.54,0.75,9.9,9.9,1016.6,1016.5,0.0,0.0,85.13,78.53,16,15,7.2,8.3,100.0,100.0,7.6,8.7,21.8,20.8,1018.7,1018.6,4.96,378.55,32.19,31.8624,13.2174,458.0,59.2,1497.289, NAN, NAN, NAN, NAN,,2024/04/19 10:33:49.188,2024-04-19 10:33:49.188000+00:00
2024/04/19, 10:34:49.188,35.725,-74.853, NAN,5.44,105.27,0.2,9.8,9.9,1016.8,1016.8,0.0,0.0,85.13,78.53,19,16,9.2,8.9,100.0,100.0,9.1,8.8,23.9,20.9,1018.9,1018.9,5.27,378.65,33.27,31.8607,13.2217,457.7,26.6,1497.302, NAN, NAN, NAN, NAN,,2024/04/19 10:34:49.188,2024-04-19 10:34:49.188000+00:00
2024/04/19, 10:35:49.188,35.725,-74.853, NAN,7.11,0.62,0.37,9.8,9.8,1016.5,1016.6,0.0,0.0,85.13,78.53,17,12,8.1,7.7,100.0,100.0,7.9,7.5,23.4,18.3,1018.6,1018.7,4.4,378.97,32.56,31.8632,13.2274,458.4,0.2,1497.324, NAN, NAN, NAN, NAN,,2024/04/19 10:35:49.188,2024-04-19 10:35:49.188000+00:00
2024/04/19, 10:36:49.188,35.725,-74.853, NAN,7.73,154.51,0.27,9.7,9.8,1016.5,1016.5,0.0,0.0,85.13,78.53,13,9,8.3,7.7,100.0,100.0,8.3,7.7,21.7,17.8,1018.6,1018.6,5.06,381.04,34.73,31.8647,13.2343,458.4,43.8,1497.348, NAN, NAN, NAN, NAN,,2024/04/19 10:36:49.188,2024-04-19 10:36:49.188000+00:00
2024/04/19, 10:37:49.188,35.725,-74.853, NAN,6.4,12.6,0.25,9.8,9.8,1016.5,1016.5,0.0,0.0,85.13,78.53,17,9,9.1,8.9,100.0,100.0,9.0,8.8,23.9,15.8,1018.6,1018.6,7.09,378.35,40.02,31.8709,13.2435,459.5,58.4,1497.386, NAN, NAN, NAN, NAN,,2024/04/19 10:37:49.188,2024-04-19 10:37:49.188000+00:00
2024/04/19, 10:38:49.188,35.725,-74.853, NAN,6.1,157.2,0.33,9.9,9.8,1016.5,1016.5,0.0,0.0,85.13,78.53,13,10,9.1,9.2,100.0,100.0,9.1,9.3,18.1,15.1,1018.6,1018.6,8.6,377.63,44.24,31.8665,13.2487,457.7,58.6,1497.399, NAN, NAN, NAN, NAN,,2024/04/19 10:38:49.188,2024-04-19 10:38:49.188000+00:00
2024/04/19, 10:39:49.188,35.725,-74.853, NAN,6.23,59.81,0.21,9.7,9.8,1016.5,1016.3,0.0,0.0,85.13,78.53,8,2,7.7,7.5,100.0,100.0,7.6,7.4,13.9,7.8,1018.6,1018.4,8.0,378.74,46.3,31.8681,13.2508,459.5,58.8,1497.407, NAN, NAN, NAN, NAN,,2024/04/19 10:39:49.188,2024-04-19 10:39:49.188000+00:00
2024/04/19, 10:40:49.188,35.725,-74.853, NAN,6.48,186.63,0.12,9.7,9.7,1016.6,1016.5,0.0,0.0,85.13,78.53,5,357,9.3,8.6,100.0,100.0,9.3,8.6,11.7,3.8,1018.7,1018.6,9.36,378.45,51.24,31.8664,13.2499,458.7,58.5,1497.402, NAN, NAN, NAN, NAN,,2024/04/19 10:40:49.188,2024-04-19 10:40:49.188000+00:00
2024/04/19, 10:41:49.188,35.725,-74.853, NAN,5.99,266.54,0.38,9.7,9.7,1016.5,1016.5,0.0,0.0,85.13,78.53,22,18,8.8,9.3,100.0,100.0,8.8,9.3,29.3,25.2,1018.6,1018.6,11.39,377.2,55.49,31.8753,13.2486,462.4,58.6,1497.409, NAN, NAN, NAN, NAN,,2024/04/19 10:41:49.188,2024-04-19 10:41:49.188000+00:00
2024/04/19, 10:42:49.188,35.725,-74.853, NAN,7.31,233.02,0.31,9.7,9.7,1016.3,1016.3,0.0,0.0,85.13,78.53,20,15,8.8,7.9,100.0,100.0,8.9,8.0,28.1,23.3,1018.4,1018.4,12.49,379.52,57.01,31.8794,13.2466,462.0,58.9,1497.407, NAN, NAN, NAN, NAN,,2024/04/19 10:42:49.188,2024-04-19 10:42:49.188000+00:00
2024/04/19, 10:43:49.188,35.725,-74.853, NAN,6.9,71.08,0.51,9.7,9.7,1016.4,1016.5,0.0,0.0,85.13,78.53,19,20,8.2,8.3,100.0,100.0,8.1,8.2,24.3,25.3,1018.5,1018.6,13.41,379.89,59.93,31.8865,13.2437,462.0,59.1,1497.405, NAN, NAN, NAN, NAN,,2024/04/19 10:43:49.188,2024-04-19 10:43:49.188000+00:00
2024/04/19, 10:44:49.188,35.725,-74.853, NAN,7.71,130.79,0.46,9.9,9.9,1016.3,1016.5,0.0,0.0,85.13,78.53,11,6,9.5,9.2,100.0,100.0,9.6,9.3,17.4,12.4,1018.4,1018.6,12.96,380.18,60.65,31.8888,13.2409,462.7,58.8,1497.399, NAN, NAN, NAN, NAN,,2024/04/19 10:44:49.188,2024-04-19 10:44:49.188000+00:00
2024/04/19, 10:45:49.188,35.725,-74.853, NAN,7.06,175.25,0.09,9.9,9.9,1016.3,1016.5,0.0,0.0,85.13,78.53,11,4,9.1,8.8,100.0,100.0,9.1,8.8,18.3,11.3,1018.4,1018.6,12.41,378.58,60.85,31.8834,13.242,461.1,59.0,1497.396, NAN, NAN, NAN, NAN,,2024/04/19 10:45:49.188,2024-04-19 10:45:49.188000+00:00
2024/04/19, 10:46:49.189,35.725,-74.853, NAN,5.29,97.6,0.16,9.8,9.9,1016.5,1016.3,0.0,0.0,85.13,78.53,22,19,8.3,7.7,100.0,100.0,8.2,7.7,26.9,23.8,1018.6,1018.4,14.03,379.9,64.76,31.8745,13.2429,461.7,59.2,1497.389, NAN, NAN, NAN, NAN,,2024/04/19 10:46:49.189,2024-04-19 10:46:49.189000+00:00
2024/04/19, 10:47:49.189,35.725,-74.853, NAN,12.02,84.0,0.59,9.9,9.9,1016.5,1016.3,0.0,0.0,85.13,78.53,14,18,7.6,8.7,100.0,100.0,7.5,8.6,23.9,28.2,1018.6,1018.4,15.76,380.01,68.76,31.8824,13.243,464.8,59.3,1497.398, NAN, NAN, NAN, NAN,,2024/04/19 10:47:49.189,2024-04-19 10:47:49.189000+00:00
2024/04/19, 10:48:49.189,35.725,-74.853, NAN,22.85,205.34,0.47,10.0,10.0,1016.3,1016.2,0.0,0.0,85.13,78.53,356,351,8.1,8.2,100.0,100.0,8.3,8.4,18.7,13.8,1018.4,1018.3,14.45,379.33,66.49,31.8865,13.2424,463.8,59.1,1497.401, NAN, NAN, NAN, NAN,,2024/04/19 10:48:49.189,2024-04-19 10:48:49.189000+00:00
2024/04/19, 10:49:49.189,35.725,-74.853, NAN,23.6,238.67,0.52,9.9,10.0,1016.6,1016.5,0.0,0.0,85.13,78.53,348,343,9.0,9.6,100.0,100.0,9.1,9.7,13.1,8.1,1018.7,1018.6,15.15,380.61,68.77,31.8803,13.2427,463.8,59.1,1497.395, NAN, NAN, NAN, NAN,,2024/04/19 10:49:49.189,2024-04-19 10:49:49.189000+00:00
2024/04/19, 10:50:49.189,35.725,-74.853, NAN,21.28,98.07,0.38,9.9,10.0,1016.5,1016.5,0.0,0.0,85.13,78.53,356,347,9.3,8.9,100.0,100.0,9.3,9.0,16.1,7.1,1018.6,1018.6,17.75,378.66,77.72,31.8831,13.2415,463.2,59.1,1497.394, NAN, NAN, NAN, NAN,,2024/04/19 10:50:49.189,2024-04-19 10:50:49.189000+00:00
2024/04/19, 10:51:49.189,35.725,-74.853, NAN,21.8,130.75,0.3,9.9,9.9,1016.5,1016.5,0.0,0.0,85.13,78.53,357,354,8.7,9.2,100.0,100.0,8.8,9.3,18.0,15.0,1018.6,1018.6,17.25,379.08,77.22,31.8735,13.243,462.0,59.2,1497.388, NAN, NAN, NAN, NAN,,2024/04/19 10:51:49.189,2024-04-19 10:51:49.189000+00:00
2024/04/19, 10:52:49.189,35.725,-74.853, NAN,23.81,106.61,0.5,9.9,9.9,1016.4,1016.2,0.0,0.0,85.13,78.53,349,342,8.9,9.0,100.0,100.0,8.9,9.1,11.2,4.2,1018.5,1018.3,17.02,379.04,77.44,31.8769,13.2456,464.4,59.0,1497.4, NAN, NAN, NAN, NAN,,2024/04/19 10:52:49.189,2024-04-19 10:52:49.189000+00:00
2024/04/19, 10:53:49.189,35.725,-74.853, NAN,20.67,92.19,0.5,9.8,9.8,1016.5,1016.5,0.0,0.0,85.13,78.53,359,354,8.8,8.4,100.0,100.0,8.7,8.3,18.1,13.0,1018.6,1018.6,18.29,378.49,80.46,31.8841,13.2583,464.1,58.9,1497.451, NAN, NAN, NAN, NAN,,2024/04/19 10:53:49.189,2024-04-19 10:53:49.189000+00:00
2024/04/19, 10:54:49.189,35.725,-74.853, NAN,22.01,304.82,0.45,9.8,9.8,1016.5,1016.5,0.0,0.0,85.13,78.53,351,348,8.7,9.1,100.0,100.0,8.5,8.9,14.0,10.8,1018.6,1018.6,16.58,378.33,77.26,31.8829,13.2566,463.2,58.7,1497.444, NAN, NAN, NAN, NAN,,2024/04/19 10:54:49.189,2024-04-19 10:54:49.189000+00:00
2024/04/19, 10:55:49.189,35.725,-74.853, NAN,20.49,24.79,0.19,9.7,9.8,1016.5,1016.6,0.0,0.0,85.13,78.53,3,358,8.3,8.6,100.0,100.0,8.2,8.5,23.5,18.4,1018.6,1018.7,20.2,378.67,87.84,31.8743,13.2476,461.1,59.0,1497.404, NAN, NAN, NAN, NAN,,2024/04/19 10:55:49.189,2024-04-19 10:55:49.189000+00:00
2024/04/19, 10:56:49.189,35.725,-74.853, NAN,21.11,78.82,0.37,9.7,9.8,1016.5,1016.3,0.0,0.0,85.13,78.53,7,0,8.9,8.6,100.0,100.0,8.8,8.5,27.0,19.9,1018.6,1018.4,24.33,378.67,99.07,31.8721,13.2388,460.1,59.1,1497.372, NAN, NAN, NAN, NAN,,2024/04/19 10:56:49.189,2024-04-19 10:56:49.189000+00:00
2024/04/19, 10:57:49.189,35.725,-74.853, NAN,21.99,320.67,0.24,9.7,9.8,1016.3,1016.4,0.0,0.0,85.13,78.53,7,359,7.9,7.9,100.0,100.0,7.8,7.8,29.6,21.5,1018.4,1018.5,28.1,378.37,109.87,31.8688,13.244,460.1,59.1,1497.386, NAN, NAN, NAN, NAN,,2024/04/19 10:57:49.189,2024-04-19 10:57:49.189000+00:00
2024/04/19, 10:58:49.189,35.725,-74.853, NAN,22.27,216.06,0.4,9.8,9.8,1016.5,1016.4,0.0,0.0,85.13,78.53,2,356,8.1,8.4,100.0,100.0,8.3,8.6,24.6,18.7,1018.6,1018.5,23.66,377.37,101.52,31.8606,13.2448,460.1,59.4,1497.379, NAN, NAN, NAN, NAN,,2024/04/19 10:58:49.189,2024-04-19 10:58:49.189000+00:00
2024/04/19, 10:59:49.189,35.725,-74.853, NAN,22.2,173.74,0.35,9.7,9.8,1016.6,1016.7,0.0,0.0,85.13,78.53,355,348,7.4,7.6,100.0,100.0,7.5,7.7,16.0,9.1,1018.7,1018.8,23.1,379.15,96.83,31.8565,13.238,459.8,59.5,1497.351, NAN, NAN, NAN, NAN,,2024/04/19 10:59:49.189,2024-04-19 10:59:49.189000+00:00
2024/04/19, 11:00:49.189,35.725,-74.853, NAN,22.77,107.28,0.15,9.7,9.8,1016.6,1016.4,0.0,0.0,85.13,78.53,359,351,8.0,7.5,100.0,100.0,8.0,7.5,21.2,13.2,1018.7,1018.5,23.53,381.06,97.67,31.8577,13.2503,459.8,59.5,1497.393, NAN, NAN, NAN, NAN,,2024/04/19 11:00:49.189,2024-04-19 11:00:49.189000+00:00
2024/04/19, 11:01:49.189,35.725,-74.853, NAN,21.63,311.37,0.2,9.9,9.9,1016.5,1016.3,0.0,0.0,85.13,78.53,355,349,8.2,7.3,100.0,100.0,8.2,7.3,16.0,9.8,1018.6,1018.4,23.21,381.01,98.04,31.8575,13.2606,459.8,59.7,1497.428, NAN, NAN, NAN, NAN,,2024/04/19 11:01:49.189,2024-04-19 11:01:49.189000+00:00
2024/04/19, 11:02:49.190,35.725,-74.853, NAN,21.23,229.56,0.22,10.0,10.0,1016.6,1016.4,0.0,0.0,85.13,78.53,358,350,8.9,8.8,100.0,100.0,9.0,8.9,19.3,11.4,1018.7,1018.5,24.82,378.92,102.67,31.8604,13.2804,461.4,59.6,1497.497, NAN, NAN, NAN, NAN,,2024/04/19 11:02:49.190,2024-04-19 11:02:49.190000+00:00
2024/04/19, 11:03:49.190,35.725,-74.853, NAN,22.02,342.48,0.26,10.0,10.0,1016.6,1016.6,0.0,0.0,85.13,78.53,354,347,8.5,8.2,100.0,100.0,8.4,8.1,16.6,9.6,1018.7,1018.7,24.32,378.73,102.62,31.8609,13.2738,461.7,59.5,1497.476, NAN, NAN, NAN, NAN,,2024/04/19 11:03:49.190,2024-04-19 11:03:49.190000+00:00
2024/04/19, 11:04:49.190,35.725,-74.853, NAN,16.26,172.06,0.5,9.9,9.9,1016.5,1016.5,0.0,0.0,85.13,78.53,350,346,8.0,8.1,100.0,100.0,8.3,8.4,6.2,2.3,1018.6,1018.6,27.35,379.4,112.72,31.8616,13.2555,460.8,59.3,1497.415, NAN, NAN, NAN, NAN,,2024/04/19 11:04:49.190,2024-04-19 11:04:49.190000+00:00
2024/04/19, 11:05:49.190,35.725,-74.853, NAN,13.36,141.84,0.37,9.9,9.9,1016.6,1016.3,0.0,0.0,85.13,78.53,1,355,8.2,8.0,100.0,100.0,8.3,8.1,13.1,7.2,1018.7,1018.4,30.83,379.12,124.28,31.8621,13.2479,462.8,59.4,1497.391, NAN, NAN, NAN, NAN,,2024/04/19 11:05:49.190,2024-04-19 11:05:49.190000+00:00
2024/04/19, 11:06:49.190,35.725,-74.853, NAN,13.76,101.26,0.41,9.8,9.9,1016.7,1016.8,0.0,0.0,85.13,78.53,359,353,7.7,7.6,100.0,100.0,7.7,7.6,11.2,5.2,1018.8,1018.9,30.51,379.73,123.48,31.8622,13.2488,462.0,59.5,1497.394, NAN, NAN, NAN, NAN,,2024/04/19 11:06:49.190,2024-04-19 11:06:49.190000+00:00
2024/04/19, 11:07:49.190,35.725,-74.853, NAN,14.17,264.18,0.04,9.8,9.8,1016.7,1016.6,0.0,0.0,85.13,78.53,9,2,9.1,8.8,100.0,100.0,9.1,8.8,23.1,16.0,1018.8,1018.7,32.89,378.89,128.34,31.861,13.2586,462.0,59.6,1497.425, NAN, NAN, NAN, NAN,,2024/04/19 11:07:49.190,2024-04-19 11:07:49.190000+00:00
2024/04/19, 11:08:49.190,35.725,-74.853, NAN,14.1,251.93,0.21,9.8,9.9,1016.6,1016.6,0.0,0.0,85.13,78.53,12,5,9.7,8.8,100.0,100.0,9.8,8.9,26.5,19.6,1018.7,1018.7,33.82,379.44,130.84,31.8606,13.2772,462.8,59.5,1497.487, NAN, NAN, NAN, NAN,,2024/04/19 11:08:49.190,2024-04-19 11:08:49.190000+00:00
2024/04/19, 11:09:49.190,35.725,-74.853, NAN,13.95,102.78,0.22,9.9,9.9,1016.5,1016.6,0.0,0.0,85.13,78.53,11,8,9.4,8.9,100.0,100.0,9.3,8.8,24.5,21.5,1018.6,1018.7,40.96,379.16,149.79,31.8614,13.2789,461.7,59.6,1497.493, NAN, NAN, NAN, NAN,,2024/04/19 11:09:49.190,2024-04-19 11:09:49.190000+00:00
2024/04/19, 11:10:49.190,35.725,-74.853, NAN,13.71,5.73,0.44,9.9,9.9,1016.8,1016.5,0.0,0.0,85.13,78.53,19,14,8.7,8.0,100.0,100.0,8.7,8.0,34.2,29.3,1018.9,1018.6,40.29,379.23,149.13,31.8615,13.2819,462.8,59.7,1497.503, NAN, NAN, NAN, NAN,,2024/04/19 11:10:49.190,2024-04-19 11:10:49.190000+00:00
2024/04/19, 11:11:49.190,35.725,-74.853, NAN,14.99,93.1,0.26,9.9,9.9,1016.6,1016.5,0.0,0.0,85.13,78.53,10,5,8.9,8.6,100.0,100.0,8.9,8.6,24.1,19.1,1018.7,1018.6,37.24,379.73,141.59,31.865,13.2929,461.7,59.7,1497.544, NAN, NAN, NAN, NAN,,2024/04/19 11:11:49.190,2024-04-19 11:11:49.190000+00:00
2024/04/19, 11:12:49.190,35.725,-74.853, NAN,16.46,238.44,0.29,9.9,9.9,1016.6,1016.7,0.0,0.0,85.13,78.53,9,1,8.6,8.0,100.0,100.0,8.7,8.1,26.1,18.2,1018.7,1018.8,38.24,379.62,144.6,31.8658,13.3008,461.4,59.5,1497.571, NAN, NAN, NAN, NAN,,2024/04/19 11:12:49.190,2024-04-19 11:12:49.190000+00:00
2024/04/19, 11:13:49.190,35.725,-74.853, NAN,14.28,263.68,0.23,9.9,9.9,1016.8,1016.7,0.0,0.0,85.13,78.53,0,357,8.0,7.9,100.0,100.0,7.9,7.8,13.6,10.6,1018.9,1018.8,35.31,380.79,139.91,31.8665,13.3025,460.8,59.7,1497.578, NAN, NAN, NAN, NAN,,2024/04/19 11:13:49.190,2024-04-19 11:13:49.190000+00:00
2024/04/19, 11:14:49.190,35.725,-74.853, NAN,15.24,206.8,0.22,9.9,9.9,1016.8,1016.8,0.0,0.0,85.13,78.53,6,355,9.1,7.9,100.0,100.0,9.2,8.0,21.2,10.3,1018.9,1018.9,34.61,380.31,138.34,31.8654,13.3099,462.8,59.7,1497.601, NAN, NAN, NAN, NAN,,2024/04/19 11:14:49.190,2024-04-19 11:14:49.190000+00:00
2024/04/19, 11:15:49.190,35.725,-74.853, NAN,14.54,57.64,0.18,10.0,10.0,1016.8,1016.7,0.0,0.0,85.13,78.53,0,359,7.4,7.8,100.0,100.0,7.3,7.7,14.1,13.1,1018.9,1018.8,35.67,381.99,143.3,31.8656,13.3154,463.5,59.6,1497.62, NAN, NAN, NAN, NAN,,2024/04/19 11:15:49.190,2024-04-19 11:15:49.190000+00:00
2024/04/19, 11:16:49.190,35.725,-74.853, NAN,14.3,263.38,0.19,10.0,10.0,1016.8,1016.9,0.0,0.0,85.13,78.53,5,359,9.9,9.0,100.0,100.0,9.8,8.9,19.6,13.5,1018.9,1019.0,39.68,380.05,154.43,31.8669,13.318,462.8,59.7,1497.63, NAN, NAN, NAN, NAN,,2024/04/19 11:16:49.190,2024-04-19 11:16:49.190000+00:00
2024/04/19, 11:17:49.190,35.725,-74.853, NAN,14.48,41.54,0.1,10.0,10.1,1016.8,1016.7,0.0,0.0,85.13,78.53,11,5,8.4,8.2,100.0,100.0,8.4,8.2,25.7,19.7,1018.9,1018.8,44.14,380.07,167.83,31.871,13.3216,466.8,59.6,1497.647, NAN, NAN, NAN, NAN,,2024/04/19 11:17:49.190,2024-04-19 11:17:49.190000+00:00
2024/04/19, 11:18:49.191,35.725,-74.853, NAN,14.72,281.71,0.47,10.0,10.0,1016.5,1016.5,0.0,0.0,85.13,78.53,14,11,8.4,7.9,100.0,100.0,8.4,7.9,30.3,27.5,1018.6,1018.6,40.57,380.15,160.57,31.8713,13.3297,463.2,66.7,1497.674, NAN, NAN, NAN, NAN,,2024/04/19 11:18:49.191,2024-04-19 11:18:49.191000+00:00
2024/04/19, 11:19:49.191,35.725,-74.853, NAN,15.9,197.59,0.45,10.0,10.0,1016.8,1016.6,0.0,0.0,85.13,78.53,3,359,8.5,7.8,100.0,100.0,8.7,8.0,19.0,15.1,1018.9,1018.7,31.69,378.59,136.85,31.8718,13.3305,462.7,66.1,1497.677, NAN, NAN, NAN, NAN,,2024/04/19 11:19:49.191,2024-04-19 11:19:49.191000+00:00
2024/04/19, 11:20:49.191,35.725,-74.853, NAN,14.87,285.09,0.27,10.0,10.0,1016.8,1016.8,0.0,0.0,85.13,78.53,358,352,8.7,9.0,100.0,100.0,8.7,9.0,13.8,7.8,1018.9,1018.9,30.01,377.04,134.97,31.8713,13.3253,462.0,66.1,1497.659, NAN, NAN, NAN, NAN,,2024/04/19 11:20:49.191,2024-04-19 11:20:49.191000+00:00
2024/04/19, 11:21:49.191,35.725,-74.853, NAN,14.95,36.89,0.22,10.0,9.9,1016.7,1016.6,0.0,0.0,85.13,78.53,359,354,8.0,7.9,100.0,100.0,8.0,7.8,14.7,9.7,1018.8,1018.7,31.24,378.76,137.32,31.8725,13.324,463.2,66.0,1497.657, NAN, NAN, NAN, NAN,,2024/04/19 11:21:49.191,2024-04-19 11:21:49.191000+00:00
2024/04/19, 11:22:49.191,35.725,-74.853, NAN,14.64,153.04,0.19,9.8,9.8,1016.8,1016.8,0.0,0.0,85.13,78.53,12,6,9.5,9.2,100.0,100.0,9.5,9.2,26.1,20.1,1018.9,1018.9,36.83,379.31,151.25,31.8709,13.3264,463.2,66.1,1497.663, NAN, NAN, NAN, NAN,,2024/04/19 11:22:49.191,2024-04-19 11:22:49.191000+00:00
2024/04/19, 11:23:49.191,35.725,-74.853, NAN,15.8,186.3,0.19,9.9,9.9,1016.7,1016.8,0.0,0.0,85.13,78.53,10,4,9.6,8.8,100.0,100.0,9.7,8.9,25.6,19.7,1018.8,1018.9,36.64,379.84,151.44,31.8701,13.3271,464.4,66.4,1497.664, NAN, NAN, NAN, NAN,,2024/04/19 11:23:49.191,2024-04-19 11:23:49.191000+00:00
2024/04/19, 11:24:49.191,35.725,-74.853, NAN,14.09,98.37,0.44,9.9,9.9,1016.9,1016.8,0.0,0.0,85.13,78.53,6,359,8.3,8.6,100.0,100.0,8.2,8.5,18.8,11.7,1019.0,1018.9,42.36,379.16,172.56,31.8709,13.3209,463.8,66.5,1497.644, NAN, NAN, NAN, NAN,,2024/04/19 11:24:49.191,2024-04-19 11:24:49.191000+00:00
2024/04/19, 11:25:49.191,35.725,-74.853, NAN,15.13,346.76,0.24,9.9,9.9,1016.8,1016.9,0.0,0.0,85.13,78.53,5,357,9.3,8.3,100.0,100.0,9.2,8.2,20.0,11.9,1018.9,1019.0,47.28,378.65,184.32,31.8711,13.3204,463.8,66.5,1497.643, NAN, NAN, NAN, NAN,,2024/04/19 11:25:49.191,2024-04-19 11:25:49.191000+00:00
2024/04/19, 11:26:49.191,35.725,-74.853, NAN,14.45,330.94,0.21,9.9,9.9,1016.9,1016.7,0.0,0.0,85.13,78.53,11,2,8.3,8.5,100.0,100.0,8.2,8.4,26.1,17.0,1019.0,1018.8,48.54,377.69,192.1,31.8721,13.33,463.5,60.7,1497.676, NAN, NAN, NAN, NAN,,2024/04/19 11:26:49.191,2024-04-19 11:26:49.191000+00:00
2024/04/19, 11:27:49.191,35.725,-74.853, NAN,14.18,77.19,0.16,9.9,9.9,1016.8,1016.8,0.0,0.0,85.13,78.53,8,0,7.9,7.5,100.0,100.0,7.9,7.5,21.7,13.6,1018.9,1018.9,47.13,379.5,189.49,31.872,13.3395,462.7,60.2,1497.708, NAN, NAN, NAN, NAN,,2024/04/19 11:27:49.191,2024-04-19 11:27:49.191000+00:00
2024/04/19, 11:28:49.191,35.725,-74.853, NAN,15.7,283.71,0.2,9.9,9.9,1016.6,1016.7,0.0,0.0,85.13,78.53,1,354,7.2,7.6,100.0,100.0,7.2,7.6,17.5,10.4,1018.7,1018.8,50.74,379.76,197.74,31.8707,13.3385,463.5,59.4,1497.703, NAN, NAN, NAN, NAN,,2024/04/19 11:28:49.191,2024-04-19 11:28:49.191000+00:00
2024/04/19, 11:29:49.191,35.725,-74.853, NAN,14.56,113.61,0.07,9.9,9.9,1016.6,1016.6,0.0,0.0,85.13,78.53,16,5,8.7,8.3,100.0,100.0,8.7,8.3,30.5,19.5,1018.7,1018.7,68.73,379.45,249.41,31.871,13.3308,464.4,59.6,1497.677, NAN, NAN, NAN, NAN,,2024/04/19 11:29:49.191,2024-04-19 11:29:49.191000+00:00
2024/04/19, 11:30:49.191,35.725,-74.853, NAN,14.95,113.72,0.26,10.0,10.0,1016.8,1016.7,0.0,0.0,85.13,78.53,14,5,8.4,7.9,100.0,100.0,8.5,8.0,28.3,19.3,1018.9,1018.8,72.13,380.01,253.37,31.873,13.3281,466.2,59.8,1497.671, NAN, NAN, NAN, NAN,,2024/04/19 11:30:49.191,2024-04-19 11:30:49.191000+00:00
2024/04/19, 11:31:49.191,35.725,-74.853, NAN,14.57,99.82,0.27,10.0,10.0,1016.8,1016.8,0.0,0.0,85.13,78.53,9,4,8.1,7.9,100.0,100.0,8.0,7.8,22.7,17.6,1018.9,1018.9,67.73,378.61,248.1,31.8747,13.3261,465.1,60.0,1497.666, NAN, NAN, NAN, NAN,,2024/04/19 11:31:49.191,2024-04-19 11:31:49.191000+00:00
2024/04/19, 11:32:49.191,35.725,-74.853, NAN,13.93,149.7,0.27,9.9,9.9,1016.6,1016.7,0.0,0.0,85.13,78.53,7,1,8.0,7.7,100.0,100.0,8.1,7.8,20.1,14.1,1018.7,1018.8,68.31,378.57,249.96,31.8736,13.3326,465.4,60.2,1497.686, NAN, NAN, NAN, NAN,,2024/04/19 11:32:49.191,2024-04-19 11:32:49.191000+00:00
2024/04/19, 11:33:49.192,35.725,-74.853, NAN,14.92,43.66,0.38,9.8,9.8,1016.9,1016.7,0.0,0.0,85.13,78.53,10,6,8.3,8.4,100.0,100.0,8.1,8.2,24.7,20.6,1019.0,1018.8,65.29,378.52,243.24,31.8718,13.3323,465.4,60.4,1497.683, NAN, NAN, NAN, NAN,,2024/04/19 11:33:49.192,2024-04-19 11:33:49.192000+00:00
2024/04/19, 11:34:49.192,35.725,-74.853, NAN,15.42,150.87,0.39,9.8,9.9,1016.6,1016.7,0.0,0.0,85.13,78.53,12,7,6.9,7.5,100.0,100.0,7.0,7.6,25.8,21.0,1018.7,1018.8,69.26,380.19,250.79,31.8727,13.336,465.7,60.1,1497.697, NAN, NAN, NAN, NAN,,2024/04/19 11:34:49.192,2024-04-19 11:34:49.192000+00:00
2024/04/19, 11:35:49.192,35.725,-74.853, NAN,15.51,290.81,0.12,9.8,9.9,1016.8,1017.0,0.0,0.0,85.13,78.53,16,8,8.1,8.1,100.0,100.0,8.1,8.1,31.9,23.9,1018.9,1019.1,72.32,380.55,263.99,31.8732,13.3378,465.4,60.0,1497.703, NAN, NAN, NAN, NAN,,2024/04/19 11:35:49.192,2024-04-19 11:35:49.192000+00:00
2024/04/19, 11:36:49.192,35.725,-74.853, NAN,14.32,180.45,0.12,9.9,9.9,1016.8,1016.7,0.0,0.0,85.13,78.53,17,12,7.7,8.2,100.0,100.0,7.7,8.2,31.6,26.6,1018.9,1018.8,75.12,380.62,269.72,31.8744,13.3316,465.7,60.1,1497.684, NAN, NAN, NAN, NAN,,2024/04/19 11:36:49.192,2024-04-19 11:36:49.192000+00:00
2024/04/19, 11:37:49.192,35.725,-74.853, NAN,14.92,122.97,0.39,9.9,9.9,1016.8,1016.8,0.0,0.0,85.13,78.53,15,10,9.2,8.6,100.0,100.0,9.2,8.7,28.7,23.7,1018.9,1018.9,83.88,379.26,295.21,31.8755,13.3239,465.4,60.4,1497.66, NAN, NAN, NAN, NAN,,2024/04/19 11:37:49.192,2024-04-19 11:37:49.192000+00:00
2024/04/19, 11:38:49.192,35.725,-74.853, NAN,15.0,229.61,0.13,9.9,10.0,1016.8,1016.6,0.0,0.0,85.13,78.53,5,2,8.3,8.4,100.0,100.0,8.2,8.3,20.0,17.0,1018.9,1018.7,67.89,379.57,254.03,31.8742,13.323,467.2,60.4,1497.655, NAN, NAN, NAN, NAN,,2024/04/19 11:38:49.192,2024-04-19 11:38:49.192000+00:00
2024/04/19, 11:39:49.192,35.725,-74.853, NAN,14.61,52.46,0.31,9.9,9.9,1016.8,1016.5,0.0,0.0,85.13,78.53,11,5,8.8,8.5,100.0,100.0,8.7,8.4,26.3,20.2,1018.9,1018.6,71.41,379.94,264.4,31.8752,13.3132,466.2,60.4,1497.624, NAN, NAN, NAN, NAN,,2024/04/19 11:39:49.192,2024-04-19 11:39:49.192000+00:00
2024/04/19, 11:40:49.192,35.725,-74.853, NAN,15.18,147.01,0.34,9.9,9.9,1016.6,1016.5,0.0,0.0,85.13,78.53,17,10,9.4,8.9,100.0,100.0,9.4,8.9,31.1,24.1,1018.7,1018.6,71.97,379.77,263.02,31.8758,13.3126,466.5,60.2,1497.622, NAN, NAN, NAN, NAN,,2024/04/19 11:40:49.192,2024-04-19 11:40:49.192000+00:00
2024/04/19, 11:41:49.192,35.725,-74.853, NAN,13.38,11.29,0.12,10.0,10.0,1016.8,1016.5,0.0,0.0,85.13,78.53,15,14,8.0,8.5,100.0,100.0,8.0,8.5,28.1,27.1,1018.9,1018.6,72.11,380.03,267.37,31.8733,13.311,467.2,60.0,1497.614, NAN, NAN, NAN, NAN,,2024/04/19 11:41:49.192,2024-04-19 11:41:49.192000+00:00
2024/04/19, 11:42:49.192,35.725,-74.853, NAN,15.27,90.88,0.27,10.0,10.0,1016.6,1016.5,0.0,0.0,85.13,78.53,18,12,9.0,9.0,100.0,100.0,9.0,9.0,32.4,26.4,1018.7,1018.6,72.59,380.07,268.88,31.8726,13.3048,469.6,60.0,1497.593, NAN, NAN, NAN, NAN,,2024/04/19 11:42:49.192,2024-04-19 11:42:49.192000+00:00
2024/04/19, 11:43:49.192,35.725,-74.853, NAN,16.31,90.63,0.15,10.0,10.0,1016.6,1016.6,0.0,0.0,85.13,78.53,14,7,7.8,7.5,100.0,100.0,7.7,7.4,30.0,22.9,1018.7,1018.7,74.13,380.34,277.48,31.8718,13.295,469.6,59.8,1497.559, NAN, NAN, NAN, NAN,,2024/04/19 11:43:49.192,2024-04-19 11:43:49.192000+00:00
2024/04/19, 11:44:49.192,35.725,-74.853, NAN,14.92,258.72,0.09,9.9,10.0,1016.6,1016.6,0.0,0.0,85.13,78.53,12,5,9.3,9.0,100.0,100.0,9.3,9.0,27.2,20.2,1018.7,1018.7,92.25,379.98,325.59,31.8711,13.2926,469.9,59.4,1497.55, NAN, NAN, NAN, NAN,,2024/04/19 11:44:49.192,2024-04-19 11:44:49.192000+00:00
2024/04/19, 11:45:49.192,35.725,-74.853, NAN,14.73,193.18,0.19,10.0,10.0,1016.8,1016.8,0.0,0.0,85.13,78.53,16,9,8.1,7.7,100.0,100.0,8.2,7.8,30.6,23.7,1018.9,1018.9,83.38,378.21,306.71,31.8695,13.2926,470.5,59.8,1497.548, NAN, NAN, NAN, NAN,,2024/04/19 11:45:49.192,2024-04-19 11:45:49.192000+00:00
2024/04/19, 11:46:49.192,35.725,-74.853, 0.19,15.93,244.36,0.63,9.8,9.9,1016.6,1016.5,0.0,0.0,85.13,78.53,13,6,7.6,7.2,99.8,99.9,7.9,7.5,30.1,23.4,1018.7,1018.6,75.06,379.73,282.08,31.8713,13.2895,470.2,60.0,1497.54, NAN, NAN, NAN, NAN,,2024/04/19 11:46:49.192,2024-04-19 11:46:49.192000+00:00
2024/04/19, 11:47:49.192,35.725,-74.853, 0.28,15.24,107.81,0.28,9.8,9.9,1016.8,1016.8,0.0,0.0,85.13,78.53,21,15,8.6,8.4,100.0,100.0,8.5,8.3,35.8,29.7,1018.9,1018.9,81.9,379.45,300.31,31.8698,13.2817,470.5,60.0,1497.512, NAN, NAN, NAN, NAN,,2024/04/19 11:47:49.192,2024-04-19 11:47:49.192000+00:00
2024/04/19, 11:48:49.192,35.725,-74.853, 0.39,14.89,339.15,0.23,9.9,9.9,1016.8,1016.7,0.0,0.0,85.13,78.53,20,14,8.9,8.6,100.0,100.0,8.8,8.5,35.0,29.0,1018.9,1018.8,83.63,380.06,306.57,31.8698,13.2744,472.9,60.4,1497.488, NAN, NAN, NAN, NAN,,2024/04/19 11:48:49.192,2024-04-19 11:48:49.192000+00:00
2024/04/19, 11:49:49.193,35.725,-74.853, 0.30,14.04,176.55,0.23,9.9,9.9,1016.6,1016.5,0.0,0.0,85.13,78.53,22,18,6.8,7.5,100.0,100.0,6.9,7.6,35.7,31.7,1018.7,1018.6,81.02,380.05,299.56,31.8711,13.2781,472.1,60.6,1497.502, NAN, NAN, NAN, NAN,,2024/04/19 11:49:49.193,2024-04-19 11:49:49.193000+00:00
2024/04/19, 11:50:49.193,35.725,-74.853, 0.77,15.18,212.25,0.28,9.9,9.9,1016.8,1016.8,0.0,0.0,85.13,78.53,18,15,8.2,8.2,100.0,100.0,8.3,8.3,33.8,30.8,1018.9,1018.9,93.66,381.25,334.48,31.8694,13.2786,472.9,60.7,1497.502, NAN, NAN, NAN, NAN,,2024/04/19 11:50:49.193,2024-04-19 11:50:49.193000+00:00
2024/04/19, 11:51:49.193,35.725,-74.853, 0.37,15.45,198.47,0.21,10.0,10.0,1016.9,1016.8,0.0,0.0,85.13,78.53,14,7,8.1,7.6,100.0,100.0,8.2,7.7,29.3,22.4,1019.0,1018.9,88.88,380.09,317.35,31.8697,13.2717,471.8,60.8,1497.479, NAN, NAN, NAN, NAN,,2024/04/19 11:51:49.193,2024-04-19 11:51:49.193000+00:00
2024/04/19, 11:52:49.193,35.725,-74.853, 0.27,17.29,107.79,0.21,10.0,10.0,1016.8,1016.7,0.0,0.0,85.13,78.53,2,358,7.7,7.4,100.0,100.0,7.7,7.4,18.5,14.5,1018.9,1018.8,80.47,380.33,294.98,31.8661,13.2626,472.9,60.5,1497.444, NAN, NAN, NAN, NAN,,2024/04/19 11:52:49.193,2024-04-19 11:52:49.193000+00:00
2024/04/19, 11:53:49.193,35.725,-74.853, 0.17,14.28,265.54,0.34,9.9,10.0,1016.9,1016.6,0.0,0.0,85.13,78.53,1,354,6.6,6.4,100.0,100.0,6.7,6.5,16.4,9.5,1019.0,1018.7,74.11,380.64,274.43,31.8679,13.2611,472.9,61.2,1497.442, NAN, NAN, NAN, NAN,,2024/04/19 11:53:49.193,2024-04-19 11:53:49.193000+00:00
2024/04/19, 11:54:49.193,35.725,-74.853, 0.32,14.82,126.7,0.47,10.0,10.0,1016.8,1016.6,0.0,0.0,85.13,78.53,359,354,7.2,7.2,100.0,100.0,7.4,7.4,13.3,8.4,1018.9,1018.7,70.14,381.15,266.65,31.8679,13.2573,473.6,61.4,1497.429, NAN, NAN, NAN, NAN,,2024/04/19 11:54:49.193,2024-04-19 11:54:49.193000+00:00
2024/04/19, 11:55:49.193,35.725,-74.853, 0.61,12.64,60.16,0.46,10.1,10.0,1016.7,1016.9,0.0,0.0,85.13,78.53,4,358,9.2,8.8,100.0,100.0,9.0,8.6,16.3,10.1,1018.8,1019.0,76.0,380.28,284.25,31.8693,13.2496,474.8,61.5,1497.405, NAN, NAN, NAN, NAN,,2024/04/19 11:55:49.193,2024-04-19 11:55:49.193000+00:00
2024/04/19, 11:56:49.193,35.725,-74.853, 0.49,11.74,232.65,0.14,10.0,10.1,1016.6,1016.6,0.0,0.0,85.13,78.53,15,9,8.7,8.2,100.0,100.0,8.8,8.3,27.0,21.1,1018.7,1018.7,91.59,379.94,325.09,31.8682,13.2447,474.5,61.3,1497.387, NAN, NAN, NAN, NAN,,2024/04/19 11:56:49.193,2024-04-19 11:56:49.193000+00:00
2024/04/19, 11:57:49.193,35.725,-74.853, 0.51,10.98,86.48,0.06,10.0,10.1,1016.7,1016.6,0.0,0.0,85.13,78.53,20,16,8.5,8.1,100.0,100.0,8.5,8.1,30.8,26.8,1018.8,1018.7,93.64,380.35,336.54,31.8668,13.2398,473.9,61.3,1497.369, NAN, NAN, NAN, NAN,,2024/04/19 11:57:49.193,2024-04-19 11:57:49.193000+00:00
2024/04/19, 11:58:49.193,35.725,-74.853, 0.73,13.28,106.72,0.01,10.0,10.0,1016.5,1016.6,0.0,0.0,85.13,78.53,17,13,8.3,8.4,100.0,100.0,8.3,8.4,30.3,26.3,1018.6,1018.7,92.12,380.71,333.9,31.8653,13.2365,473.2,60.9,1497.356, NAN, NAN, NAN, NAN,,2024/04/19 11:58:49.193,2024-04-19 11:58:49.193000+00:00
2024/04/19, 11:59:49.193,35.725,-74.853, 0.64,13.21,129.94,0.27,10.0,10.0,1016.9,1016.8,0.0,0.0,85.13,78.53,20,17,8.5,8.6,100.0,100.0,8.6,8.7,34.0,31.0,1019.0,1018.9,92.25,380.58,339.57,31.8651,13.2291,473.9,61.0,1497.331, NAN, NAN, NAN, NAN,,2024/04/19 11:59:49.193,2024-04-19 11:59:49.193000+00:00
2024/04/19, 12:00:49.193,35.725,-74.853, 0.42,13.35,52.99,0.14,10.1,10.1,1016.8,1016.5,0.0,0.0,85.13,78.53,15,10,9.2,8.7,100.0,100.0,9.1,8.6,28.6,23.5,1018.9,1018.6,97.22,379.72,348.38,31.864,13.2203,474.8,61.0,1497.301, NAN, NAN, NAN, NAN,,2024/04/19 12:00:49.193,2024-04-19 12:00:49.193000+00:00
2024/04/19, 12:01:49.193,35.725,-74.853, 0.49,12.65,339.16,0.21,10.0,10.0,1016.5,1016.5,0.0,0.0,85.13,78.53,13,8,7.6,7.3,100.0,100.0,7.5,7.2,26.0,20.9,1018.6,1018.6,88.44,381.36,330.9,31.8624,13.2117,474.2,61.0,1497.27, NAN, NAN, NAN, NAN,,2024/04/19 12:01:49.193,2024-04-19 12:01:49.193000+00:00
2024/04/19, 12:02:49.193,35.725,-74.853, 0.19,12.38,174.21,0.14,10.0,10.0,1016.6,1016.7,0.0,0.0,85.13,78.53,16,11,9.6,9.1,100.0,100.0,9.6,9.1,28.0,22.9,1018.7,1018.8,93.25,379.94,347.79,31.8625,13.207,474.8,60.9,1497.255, NAN, NAN, NAN, NAN,,2024/04/19 12:02:49.193,2024-04-19 12:02:49.193000+00:00
2024/04/19, 12:03:49.193,35.725,-74.853, 0.72,13.65,230.9,0.56,10.0,10.0,1016.8,1016.8,0.0,0.0,85.13,78.53,14,15,6.6,7.7,100.0,100.0,6.9,8.0,28.8,29.7,1018.9,1018.9,100.12,380.12,370.48,31.8668,13.2028,475.8,61.0,1497.246, NAN, NAN, NAN, NAN,,2024/04/19 12:03:49.193,2024-04-19 12:03:49.193000+00:00
2024/04/19, 12:04:49.193,35.725,-74.853, 0.38,13.35,114.46,0.26,10.0,10.0,1016.7,1016.7,0.0,0.0,85.13,78.53,18,10,8.7,8.3,100.0,100.0,8.6,8.2,31.0,22.9,1018.8,1018.8,95.07,379.1,358.51,31.8651,13.1984,475.8,61.0,1497.229, NAN, NAN, NAN, NAN,,2024/04/19 12:04:49.193,2024-04-19 12:04:49.193000+00:00
2024/04/19, 12:05:49.194,35.725,-74.853, 0.19,13.24,123.97,0.26,9.9,10.0,1016.9,1016.8,0.0,0.0,85.13,78.53,5,0,8.6,8.1,100.0,100.0,8.7,8.2,17.5,12.5,1019.0,1018.9,87.89,379.85,338.26,31.8625,13.1942,474.8,61.0,1497.212, NAN, NAN, NAN, NAN,,2024/04/19 12:05:49.194,2024-04-19 12:05:49.194000+00:00
2024/04/19, 12:06:49.194,35.725,-74.853, 0.26,13.05,26.63,0.07,9.9,10.0,1016.8,1016.8,0.0,0.0,85.13,78.53,2,354,8.7,8.5,100.0,100.0,8.7,8.5,15.1,7.1,1018.9,1018.9,91.23,378.59,347.54,31.8604,13.1932,474.8,61.1,1497.206, NAN, NAN, NAN, NAN,,2024/04/19 12:06:49.194,2024-04-19 12:06:49.194000+00:00
2024/04/19, 12:07:49.194,35.725,-74.853, 0.30,11.76,322.55,0.15,9.9,9.9,1016.8,1016.8,0.0,0.0,85.13,78.53,7,359,8.2,7.4,100.0,100.0,8.1,7.4,18.4,10.3,1018.9,1018.9,98.65,379.08,370.78,31.8596,13.1909,475.8,61.2,1497.197, NAN, NAN, NAN, NAN,,2024/04/19 12:07:49.194,2024-04-19 12:07:49.194000+00:00
2024/04/19, 12:08:49.194,35.725,-74.853, 0.48,13.45,284.7,0.33,9.8,9.8,1016.6,1016.7,0.0,0.0,85.13,78.53,1,355,8.7,8.7,100.0,100.0,8.8,8.8,15.3,9.3,1018.7,1018.8,109.73,379.91,404.34,31.8579,13.1855,476.0,61.1,1497.177, NAN, NAN, NAN, NAN,,2024/04/19 12:08:49.194,2024-04-19 12:08:49.194000+00:00
2024/04/19, 12:09:49.194,35.725,-74.853, 0.54,12.57,139.57,0.46,9.9,9.9,1016.6,1016.8,0.0,0.0,85.13,78.53,7,2,9.2,9.0,100.0,100.0,9.4,9.2,18.6,13.7,1018.7,1018.9,125.33,377.59,452.29,31.8582,13.1847,476.6,61.0,1497.175, NAN, NAN, NAN, NAN,,2024/04/19 12:09:49.194,2024-04-19 12:09:49.194000+00:00
2024/04/19, 12:10:49.194,35.725,-74.853, 0.37,12.42,99.14,0.35,9.8,9.8,1016.8,1016.8,0.0,0.0,85.13,78.53,9,3,8.5,8.3,100.0,100.0,8.4,8.2,20.3,14.3,1018.9,1018.9,117.79,378.32,422.85,31.8555,13.1831,476.3,61.1,1497.166, NAN, NAN, NAN, NAN,,2024/04/19 12:10:49.194,2024-04-19 12:10:49.194000+00:00
2024/04/19, 12:11:49.194,35.725,-74.853, 0.40,13.82,271.47,0.12,9.8,9.8,1016.7,1016.7,0.0,0.0,85.13,78.53,5,3,7.1,7.5,100.0,100.0,7.2,7.6,18.7,16.7,1018.8,1018.8,105.89,379.04,390.49,31.8569,13.1766,475.5,61.1,1497.146, NAN, NAN, NAN, NAN,,2024/04/19 12:11:49.194,2024-04-19 12:11:49.194000+00:00
2024/04/19, 12:12:49.194,35.725,-74.853, 0.75,12.51,222.29,0.53,9.8,9.8,1016.9,1016.9,0.0,0.0,85.13,78.53,10,3,9.7,9.2,100.0,100.0,9.9,9.4,23.3,16.5,1019.0,1019.0,106.95,379.09,391.64,31.8565,13.173,475.5,61.3,1497.134, NAN, NAN, NAN, NAN,,2024/04/19 12:12:49.194,2024-04-19 12:12:49.194000+00:00
2024/04/19, 12:13:49.194,35.725,-74.853, 0.33,13.46,281.94,0.54,9.8,9.8,1016.6,1016.9,0.0,0.0,85.13,78.53,13,8,9.3,9.1,100.0,100.0,9.2,9.0,28.1,23.0,1018.7,1019.0,123.02,379.63,441.42,31.8565,13.1711,476.6,61.3,1497.128, NAN, NAN, NAN, NAN,,2024/04/19 12:13:49.194,2024-04-19 12:13:49.194000+00:00
2024/04/19, 12:14:49.194,35.725,-74.853, 0.29,11.97,287.12,0.3,9.8,9.8,1016.9,1016.8,0.0,0.0,85.13,78.53,12,6,7.8,7.4,100.0,100.0,7.7,7.3,24.6,18.6,1019.0,1018.9,115.02,379.4,420.88,31.8561,13.1671,476.9,61.1,1497.114, NAN, NAN, NAN, NAN,,2024/04/19 12:14:49.194,2024-04-19 12:14:49.194000+00:00
2024/04/19, 12:15:49.194,35.725,-74.853, 0.38,13.42,114.22,0.29,9.7,9.8,1016.9,1016.5,0.0,0.0,85.13,78.53,11,5,9.0,8.1,100.0,100.0,9.0,8.1,23.5,17.4,1019.0,1018.6,113.01,379.68,411.0,31.8564,13.1584,476.6,61.2,1497.085, NAN, NAN, NAN, NAN,,2024/04/19 12:15:49.194,2024-04-19 12:15:49.194000+00:00
2024/04/19, 12:16:49.194,35.725,-74.853, 0.32,5.93,289.39,0.48,9.7,9.8,1016.8,1016.8,0.0,0.0,85.13,78.53,5,359,8.0,7.5,100.0,100.0,8.1,7.6,12.3,6.5,1018.9,1018.9,115.77,379.65,421.27,31.8567,13.1563,478.2,61.2,1497.078, NAN, NAN, NAN, NAN,,2024/04/19 12:16:49.194,2024-04-19 12:16:49.194000+00:00
2024/04/19, 12:17:49.194,35.725,-74.853, 1.33,349.63,322.54,1.0,9.7,9.8,1016.8,1016.7,0.0,0.0,85.13,78.53,26,20,7.6,7.3,100.0,100.0,7.3,6.9,18.5,12.4,1018.9,1018.8,122.07,379.43,440.18,31.8561,13.1536,477.2,61.0,1497.069, NAN, NAN, NAN, NAN,,2024/04/19 12:17:49.194,2024-04-19 12:17:49.194000+00:00
2024/04/19, 12:18:49.194,35.726,-74.853, 3.45,346.68,3.77,3.01,9.8,9.8,1016.8,1016.9,0.0,0.0,85.13,78.53,26,21,9.5,8.9,100.0,100.0,8.1,7.4,16.8,11.2,1018.9,1019.0,118.78,379.1,432.6,31.8574,13.1517,477.9,61.0,1497.064, NAN, NAN, NAN, NAN,,2024/04/19 12:18:49.194,2024-04-19 12:18:49.194000+00:00
2024/04/19, 12:19:49.194,35.727,-74.854, 4.17,344.16,343.79,3.37,9.8,9.8,1017.0,1017.0,0.0,0.0,85.13,78.53,32,24,7.5,9.0,100.0,100.0,6.1,7.5,25.0,13.8,1019.1,1019.1,121.75,379.5,441.63,31.8576,13.1464,478.2,60.9,1497.046, NAN, NAN, NAN, NAN,,2024/04/19 12:19:49.194,2024-04-19 12:19:49.194000+00:00
2024/04/19, 12:20:49.195,35.728,-74.854, 5.45,347.49,344.5,4.56,9.8,9.8,1016.8,1016.9,0.0,0.0,85.13,78.53,15,22,6.8,7.7,100.0,100.0,4.7,5.7,12.7,20.4,1018.9,1019.0,116.56,380.82,426.29,31.8573,13.145,477.2,60.0,1497.041, NAN, NAN, NAN, NAN,,2024/04/19 12:20:49.195,2024-04-19 12:20:49.195000+00:00
2024/04/19, 12:21:49.195,35.729,-74.855, 6.63,348.31,340.18,6.67,9.9,9.9,1017.0,1017.0,0.0,0.0,85.13,78.53,23,19,13.2,12.1,100.0,100.0,10.3,9.1,20.2,16.1,1019.1,1019.1,119.43,378.94,435.2,31.8588,13.1569,475.5,59.1,1497.083, NAN, NAN, NAN, NAN,,2024/04/19 12:21:49.195,2024-04-19 12:21:49.195000+00:00
2024/04/19, 12:22:49.195,35.731,-74.855, 8.07,347.3,346.1,7.87,9.8,9.9,1016.5,1016.6,0.0,0.0,85.13,78.53,29,24,11.4,11.2,100.0,100.0,8.1,7.7,30.4,23.8,1018.6,1018.7,132.84,379.6,468.26,31.8614,13.2075,482.2,59.1,1497.255, NAN, NAN, NAN, NAN,,2024/04/19 12:22:49.195,2024-04-19 12:22:49.195000+00:00
2024/04/19, 12:23:49.195,35.733,-74.856, 8.98,345.79,344.81,8.43,9.8,9.8,1016.6,1016.8,0.0,0.0,85.13,78.53,28,24,10.3,11.6,100.0,100.0,6.8,7.9,31.3,22.9,1018.7,1018.9,139.37,379.44,477.37,31.8675,13.2544,489.1,59.5,1497.419, NAN, NAN, NAN, NAN,,2024/04/19 12:23:49.195,2024-04-19 12:23:49.195000+00:00
2024/04/19, 12:24:49.195,35.736,-74.857, 9.40,345.34,344.49,8.88,9.9,9.9,1016.5,1016.7,0.0,0.0,85.13,78.53,29,25,12.7,12.9,100.0,100.0,9.0,9.0,29.0,23.2,1018.6,1018.8,131.1,380.15,476.36,31.8757,13.3039,487.0,59.6,1497.593, NAN, NAN, NAN, NAN,,2024/04/19 12:24:49.195,2024-04-19 12:24:49.195000+00:00
2024/04/19, 12:25:49.195,35.738,-74.858, 9.66,345.33,340.2,9.11,9.9,9.9,1016.6,1016.6,0.0,0.0,85.13,78.53,39,33,11.3,13.7,100.0,100.0,8.6,10.4,46.7,34.5,1018.7,1018.7,127.23,379.92,460.42,31.8862,13.3324,476.6,59.8,1497.701, NAN, NAN, NAN, NAN,,2024/04/19 12:25:49.195,2024-04-19 12:25:49.195000+00:00
2024/04/19, 12:26:49.195,35.74,-74.858, 9.19,344.57,343.43,8.81,9.9,9.9,1016.3,1016.6,0.0,0.0,85.13,78.53,30,24,14.2,13.4,100.0,100.0,10.6,9.5,27.5,20.5,1018.4,1018.7,133.54,378.98,476.52,31.8916,13.3496,505.1,59.1,1497.764, NAN, NAN, NAN, NAN,,2024/04/19 12:26:49.195,2024-04-19 12:26:49.195000+00:00
2024/04/19, 12:27:49.195,35.743,-74.859, 9.49,344.47,338.85,8.86,9.8,9.9,1016.2,1016.5,0.0,0.0,85.13,78.53,28,24,12.5,12.8,100.0,100.0,8.9,9.0,27.7,21.7,1018.3,1018.6,141.91,379.71,512.86,31.9015,13.3364,478.8,59.1,1497.732, NAN, NAN, NAN, NAN,,2024/04/19 12:27:49.195,2024-04-19 12:27:49.195000+00:00
2024/04/19, 12:28:49.195,35.745,-74.86, 9.96,344.89,345.52,9.24,9.8,9.9,1016.3,1016.3,0.0,0.0,85.13,78.53,33,28,13.0,13.3,100.0,100.0,9.4,9.4,34.0,26.7,1018.4,1018.4,129.17,380.61,461.57,31.9078,13.2899,480.6,59.8,1497.585, NAN, NAN, NAN, NAN,,2024/04/19 12:28:49.195,2024-04-19 12:28:49.195000+00:00
2024/04/19, 12:29:49.195,35.747,-74.861, 9.70,344.87,344.09,9.2,9.9,9.9,1016.5,1016.5,0.0,0.0,85.13,78.53,29,23,10.1,10.8,100.0,100.0,6.3,6.7,34.5,23.5,1018.6,1018.6,122.84,381.45,450.58,31.9147,13.2583,480.0,59.6,1497.487, NAN, NAN, NAN, NAN,,2024/04/19 12:29:49.195,2024-04-19 12:29:49.195000+00:00
2024/04/19, 12:30:49.195,35.75,-74.862, 9.91,343.66,342.23,9.64,10.0,10.0,1016.8,1016.5,0.0,0.0,85.13,78.53,35,29,11.5,12.5,100.0,100.0,8.1,8.6,40.1,29.7,1018.9,1018.6,125.13,381.62,456.57,31.9152,13.22,480.3,59.8,1497.36, NAN, NAN, NAN, NAN,,2024/04/19 12:30:49.195,2024-04-19 12:30:49.195000+00:00
2024/04/19, 12:31:49.195,35.752,-74.863, 9.69,343.9,343.01,8.45,10.0,10.0,1016.2,1016.5,0.0,0.0,85.13,78.53,31,24,11.3,11.5,100.0,100.0,7.9,7.7,31.4,21.2,1018.3,1018.6,126.07,381.33,461.24,31.9088,13.1037,481.9,59.8,1496.964, NAN, NAN, NAN, NAN,,2024/04/19 12:31:49.195,2024-04-19 12:31:49.195000+00:00
2024/04/19, 12:32:49.195,35.755,-74.863, 9.31,343.47,341.08,8.38,10.1,10.1,1016.6,1016.5,0.0,0.0,85.13,78.53,28,23,12.9,12.4,100.0,100.0,9.4,8.7,24.4,18.2,1018.7,1018.6,132.59,379.97,488.97,31.9017,13.0085,481.9,59.6,1496.636, NAN, NAN, NAN, NAN,,2024/04/19 12:32:49.195,2024-04-19 12:32:49.195000+00:00
2024/04/19, 12:33:49.195,35.757,-74.864, 9.20,344.07,340.56,8.15,10.0,10.0,1016.4,1016.8,0.0,0.0,85.13,78.53,32,27,10.2,11.8,100.0,100.0,7.2,8.4,35.4,25.3,1018.5,1018.9,152.09,380.27,536.01,31.895,12.9251,481.9,59.7,1496.348, NAN, NAN, NAN, NAN,,2024/04/19 12:33:49.195,2024-04-19 12:33:49.195000+00:00
2024/04/19, 12:34:49.195,35.759,-74.865, 8.90,346.03,341.05,8.59,10.0,10.0,1016.7,1016.6,0.0,0.0,85.13,78.53,25,20,12.9,12.3,100.0,100.0,9.3,8.4,24.2,18.1,1018.8,1018.7,144.56,379.79,523.6,31.8843,12.853,481.6,59.8,1496.093, NAN, NAN, NAN, NAN,,2024/04/19 12:34:49.195,2024-04-19 12:34:49.195000+00:00
2024/04/19, 12:35:49.195,35.762,-74.866, 9.38,344.73,346.57,8.37,9.9,10.0,1016.6,1016.6,0.0,0.0,85.13,78.53,30,26,12.5,12.3,100.0,100.0,9.0,8.6,28.4,23.3,1018.7,1018.7,152.12,380.05,539.42,31.8736,12.7909,480.6,59.7,1495.871, NAN, NAN, NAN, NAN,,2024/04/19 12:35:49.195,2024-04-19 12:35:49.195000+00:00
2024/04/19, 12:36:49.196,35.764,-74.867, 8.95,343.52,345.09,8.94,9.9,9.9,1016.6,1016.9,0.0,0.0,85.13,78.53,33,29,12.1,12.9,100.0,100.0,8.6,9.2,33.5,26.7,1018.7,1019.0,147.88,379.98,533.63,31.8612,12.7569,482.5,59.7,1495.741, NAN, NAN, NAN, NAN,,2024/04/19 12:36:49.196,2024-04-19 12:36:49.196000+00:00
2024/04/19, 12:37:49.196,35.766,-74.868, 9.56,342.93,341.4,8.38,9.8,9.9,1016.7,1016.5,0.0,0.0,85.13,78.53,30,24,9.9,10.5,100.0,100.0,6.5,6.7,31.7,21.3,1018.8,1018.6,145.11,380.46,521.15,31.8513,12.745,480.3,59.4,1495.689, NAN, NAN, NAN, NAN,,2024/04/19 12:37:49.196,2024-04-19 12:37:49.196000+00:00
2024/04/19, 12:38:49.196,35.769,-74.868, 9.12,345.12,344.38,8.78,9.9,9.9,1016.5,1016.8,0.0,0.0,85.13,78.53,29,24,10.8,10.7,100.0,100.0,7.3,6.9,32.5,25.6,1018.6,1018.9,143.16,381.02,518.33,31.8424,12.741,481.2,59.2,1495.665, NAN, NAN, NAN, NAN,,2024/04/19 12:38:49.196,2024-04-19 12:38:49.196000+00:00
2024/04/19, 12:39:49.196,35.771,-74.869, 9.19,344.28,345.28,8.3,9.9,9.9,1016.6,1016.6,0.0,0.0,85.13,78.53,21,16,12.0,11.8,100.0,100.0,8.2,7.8,16.2,9.2,1018.7,1018.7,139.46,379.51,514.47,31.8349,12.7353,480.0,59.7,1495.637, NAN, NAN, NAN, NAN,,2024/04/19 12:39:49.196,2024-04-19 12:39:49.196000+00:00
2024/04/19, 12:40:49.196,35.773,-74.87, 9.40,344.34,343.3,9.1,9.9,9.9,1016.9,1016.5,0.0,0.0,85.13,78.53,25,19,10.3,10.5,100.0,100.0,6.4,6.3,27.8,17.9,1019.0,1018.6,143.39,380.36,526.73,31.8298,12.7213,481.6,59.7,1495.584, NAN, NAN, NAN, NAN,,2024/04/19 12:40:49.196,2024-04-19 12:40:49.196000+00:00
2024/04/19, 12:41:49.196,35.776,-74.871, 10.01,343.04,337.97,7.73,9.9,9.9,1016.9,1016.6,0.0,0.0,85.13,78.53,20,16,11.2,11.1,100.0,100.0,7.7,7.4,14.2,8.5,1019.0,1018.7,148.72,379.73,541.39,31.8269,12.6819,480.3,59.6,1495.447, NAN, NAN, NAN, NAN,,2024/04/19 12:41:49.196,2024-04-19 12:41:49.196000+00:00
2024/04/19, 12:42:49.196,35.778,-74.872, 9.13,344.52,343.21,8.47,9.8,9.9,1017.0,1017.0,0.0,0.0,85.13,78.53,31,26,10.2,10.9,100.0,100.0,6.9,7.3,35.0,26.3,1019.1,1019.1,174.53,379.95,622.02,31.8219,12.6557,482.7,59.3,1495.352, NAN, NAN, NAN, NAN,,2024/04/19 12:42:49.196,2024-04-19 12:42:49.196000+00:00
2024/04/19, 12:43:49.196,35.78,-74.873, 9.45,344.29,343.73,9.21,9.9,9.9,1016.8,1016.8,0.0,0.0,85.13,78.53,30,26,10.4,10.6,100.0,100.0,6.8,6.7,35.1,28.6,1018.9,1018.9,170.98,380.62,606.32,31.8209,12.6271,485.2,59.1,1495.254, NAN, NAN, NAN, NAN,,2024/04/19 12:43:49.196,2024-04-19 12:43:49.196000+00:00
2024/04/19, 12:44:49.196,35.782,-74.874, 9.53,344.67,345.63,9.05,9.8,9.9,1016.8,1016.9,0.0,0.0,85.13,78.53,27,23,11.5,11.7,100.0,100.0,7.7,7.7,28.2,22.0,1018.9,1019.0,154.3,379.94,562.92,31.8147,12.575,485.7,59.3,1495.07, NAN, NAN, NAN, NAN,,2024/04/19 12:44:49.196,2024-04-19 12:44:49.196000+00:00
2024/04/19, 12:45:49.196,35.785,-74.874, 10.05,342.5,341.2,8.79,9.9,9.9,1016.9,1016.8,0.0,0.0,85.13,78.53,37,33,12.0,14.2,100.0,100.0,8.8,10.7,37.5,28.9,1019.0,1018.9,148.17,380.16,540.18,31.8131,12.5447,485.2,59.4,1494.965, NAN, NAN, NAN, NAN,,2024/04/19 12:45:49.196,2024-04-19 12:45:49.196000+00:00
2024/04/19, 12:46:49.196,35.787,-74.875, 9.82,343.97,344.63,8.87,9.9,9.9,1016.9,1016.7,0.0,0.0,85.13,78.53,37,32,11.3,13.2,100.0,100.0,8.1,9.6,40.5,30.3,1019.0,1018.8,142.5,380.82,520.67,31.8108,12.5474,486.0,59.5,1494.972, NAN, NAN, NAN, NAN,,2024/04/19 12:46:49.196,2024-04-19 12:46:49.196000+00:00
2024/04/19, 12:47:49.196,35.79,-74.876, 9.72,344.2,346.08,9.31,9.9,9.9,1016.8,1017.0,0.0,0.0,85.13,78.53,34,29,10.4,10.8,100.0,100.0,7.0,7.1,41.2,33.0,1018.9,1019.1,144.5,381.3,527.18,31.8089,12.5657,484.9,59.5,1495.032, NAN, NAN, NAN, NAN,,2024/04/19 12:47:49.196,2024-04-19 12:47:49.196000+00:00
2024/04/19, 12:48:49.196,35.792,-74.877, 9.56,343.5,344.69,8.84,9.9,9.9,1016.9,1017.0,0.0,0.0,85.13,78.53,29,23,12.8,12.4,100.0,100.0,9.0,8.3,26.0,18.1,1019.0,1019.1,164.52,380.48,588.67,31.8022,12.5877,485.6,59.1,1495.098, NAN, NAN, NAN, NAN,,2024/04/19 12:48:49.196,2024-04-19 12:48:49.196000+00:00
2024/04/19, 12:49:49.196,35.795,-74.878, 9.72,343.48,346.49,9.58,10.0,10.0,1016.8,1016.9,0.0,0.0,85.13,78.53,28,21,11.6,11.5,100.0,100.0,7.6,7.1,29.1,18.7,1018.9,1019.0,156.52,380.48,569.03,31.7982,12.6069,485.6,59.0,1495.159, NAN, NAN, NAN, NAN,,2024/04/19 12:49:49.196,2024-04-19 12:49:49.196000+00:00
2024/04/19, 12:50:49.196,35.797,-74.879, 7.80,352.75,349.92,6.21,9.9,10.0,1016.8,1016.8,0.0,0.0,85.13,78.53,28,22,10.7,10.8,100.0,100.0,8.2,8.1,33.1,25.2,1018.9,1018.9,170.26,380.12,607.02,31.788,12.6117,482.2,58.9,1495.163, NAN, NAN, NAN, NAN,,2024/04/19 12:50:49.196,2024-04-19 12:50:49.196000+00:00
2024/04/19, 12:51:49.196,35.798,-74.879, 3.36,21.72,4.91,2.43,9.9,9.9,1016.8,1016.9,0.0,0.0,85.13,78.53,10,2,9.0,8.6,100.0,100.0,7.9,7.4,35.1,26.0,1018.9,1019.0,170.85,380.08,621.65,31.7747,12.6096,480.0,59.0,1495.14, NAN, NAN, NAN, NAN,,2024/04/19 12:51:49.196,2024-04-19 12:51:49.196000+00:00
2024/04/19, 12:52:49.197,35.798,-74.879, 0.35,23.41,72.12,0.86,9.9,9.9,1017.0,1017.0,0.0,0.0,85.13,78.53,0,355,9.1,8.9,100.0,100.0,8.7,8.5,22.4,17.1,1019.1,1019.1,201.76,377.99,707.15,31.7557,12.6035,479.2,58.7,1495.097, NAN, NAN, NAN, NAN,,2024/04/19 12:52:49.197,2024-04-19 12:52:49.197000+00:00
2024/04/19, 12:53:49.197,35.799,-74.879, 0.63,19.73,333.73,0.3,9.8,9.8,1017.0,1017.0,0.0,0.0,85.13,78.53,6,1,7.1,7.0,100.0,100.0,7.0,6.9,26.2,21.1,1019.1,1019.1,196.43,379.66,679.77,31.7408,12.5972,479.3,58.8,1495.058, NAN, NAN, NAN, NAN,,2024/04/19 12:53:49.197,2024-04-19 12:53:49.197000+00:00
2024/04/19, 12:54:49.197,35.799,-74.879, 0.21,20.55,343.93,0.17,9.7,9.7,1016.9,1017.0,0.0,0.0,85.13,78.53,7,2,7.6,7.6,100.0,100.0,7.5,7.5,27.5,22.5,1019.0,1019.1,193.79,379.82,689.2,31.7372,12.5924,476.3,58.6,1495.037, NAN, NAN, NAN, NAN,,2024/04/19 12:54:49.197,2024-04-19 12:54:49.197000+00:00
2024/04/19, 12:55:49.197,35.799,-74.879, 0.35,21.87,10.29,0.41,9.7,9.8,1017.0,1017.0,0.0,0.0,85.13,78.53,9,3,7.0,6.7,100.0,100.0,6.8,6.5,31.3,25.2,1019.1,1019.1,202.15,379.46,718.89,31.7363,12.5891,478.8,58.8,1495.025, NAN, NAN, NAN, NAN,,2024/04/19 12:55:49.197,2024-04-19 12:55:49.197000+00:00
2024/04/19, 12:56:49.197,35.799,-74.879, 0.38,22.16,69.92,0.16,9.8,9.8,1017.2,1017.0,0.0,0.0,85.13,78.53,11,12,6.3,7.1,100.0,100.0,6.2,7.0,33.0,34.0,1019.3,1019.1,190.76,379.16,674.52,31.7355,12.5873,480.0,59.0,1495.018, NAN, NAN, NAN, NAN,,2024/04/19 12:56:49.197,2024-04-19 12:56:49.197000+00:00
2024/04/19, 12:57:49.197,35.799,-74.879, 0.21,25.04,116.37,0.19,9.8,9.8,1016.9,1016.9,0.0,0.0,85.13,78.53,8,4,7.4,7.0,100.0,100.0,7.5,7.1,32.6,28.6,1019.0,1019.0,177.33,379.63,638.75,31.7362,12.5847,481.2,58.9,1495.01, NAN, NAN, NAN, NAN,,2024/04/19 12:57:49.197,2024-04-19 12:57:49.197000+00:00
2024/04/19, 12:58:49.197,35.799,-74.879, 0.58,19.59,73.82,0.12,9.7,9.8,1017.0,1016.8,0.0,0.0,85.13,78.53,5,358,8.0,7.7,100.0,100.0,8.0,7.7,24.2,17.2,1019.1,1018.9,174.7,379.88,620.98,31.7365,12.5819,485.6,59.0,1495.001, NAN, NAN, NAN, NAN,,2024/04/19 12:58:49.197,2024-04-19 12:58:49.197000+00:00
2024/04/19, 12:59:49.197,35.799,-74.879, 0.10,21.25,208.6,0.25,9.8,9.8,1017.0,1016.9,0.0,0.0,85.13,78.53,1,355,7.2,7.2,100.0,100.0,7.3,7.3,22.9,17.0,1019.1,1019.0,160.46,380.73,587.85,31.7367,12.5794,487.0,59.1,1494.992, NAN, NAN, NAN, NAN,,2024/04/19 12:59:49.197,2024-04-19 12:59:49.197000+00:00
2024/04/19, 13:00:49.197,35.799,-74.879, 0.01,22.68,139.46,0.23,9.8,9.8,1017.3,1017.2,0.0,0.0,85.13,78.53,357,348,7.1,7.2,100.0,100.0,7.2,7.3,19.7,10.8,1019.4,1019.3,163.26,380.93,597.52,31.7377,12.5763,486.7,59.0,1494.983, NAN, NAN, NAN, NAN,,2024/04/19 13:00:49.197,2024-04-19 13:00:49.197000+00:00
2024/04/19, 13:01:49.197,35.799,-74.879, 0.09,20.63,55.71,0.29,9.8,9.9,1016.9,1016.9,0.0,0.0,85.13,78.53,353,348,7.0,7.0,100.0,100.0,6.9,6.9,12.6,7.6,1019.0,1019.0,170.49,380.34,626.83,31.7377,12.5745,488.9,59.3,1494.977, NAN, NAN, NAN, NAN,,2024/04/19 13:01:49.197,2024-04-19 13:01:49.197000+00:00
2024/04/19, 13:02:49.197,35.799,-74.879, 0.23,20.43,128.0,0.48,9.9,9.9,1016.9,1017.2,0.0,0.0,85.13,78.53,7,3,7.6,7.2,100.0,100.0,7.6,7.2,25.6,21.5,1019.0,1019.3,184.48,381.77,663.3,31.7386,12.5738,488.0,59.5,1494.976, NAN, NAN, NAN, NAN,,2024/04/19 13:02:49.197,2024-04-19 13:02:49.197000+00:00
2024/04/19, 13:03:49.197,35.799,-74.879, 0.37,21.32,197.16,0.29,10.0,9.9,1016.9,1017.2,0.0,0.0,85.13,78.53,3,358,8.2,7.9,100.0,100.0,8.3,8.0,24.6,19.7,1019.0,1019.3,185.96,379.88,669.19,31.7395,12.5746,487.0,59.7,1494.979, NAN, NAN, NAN, NAN,,2024/04/19 13:03:49.197,2024-04-19 13:03:49.197000+00:00
2024/04/19, 13:04:49.197,35.799,-74.879, 0.45,21.94,218.97,0.08,9.9,10.0,1017.0,1016.9,0.0,0.0,85.13,78.53,7,0,7.9,8.0,100.0,100.0,7.9,8.0,29.1,22.1,1019.1,1019.0,179.68,379.89,652.0,31.7401,12.5741,488.0,59.3,1494.978, NAN, NAN, NAN, NAN,,2024/04/19 13:04:49.197,2024-04-19 13:04:49.197000+00:00
2024/04/19, 13:05:49.197,35.799,-74.879, 0.41,22.11,179.99,0.1,9.9,9.9,1017.2,1017.0,0.0,0.0,85.13,78.53,1,355,7.2,6.8,100.0,100.0,7.2,6.8,23.5,17.5,1019.3,1019.1,181.03,380.44,654.32,31.7403,12.5725,488.6,59.6,1494.973, NAN, NAN, NAN, NAN,,2024/04/19 13:05:49.197,2024-04-19 13:05:49.197000+00:00
2024/04/19, 13:06:49.197,35.799,-74.879, 0.33,21.25,40.16,0.43,9.8,9.8,1017.2,1016.9,0.0,0.0,85.13,78.53,5,0,7.0,6.9,100.0,100.0,6.8,6.7,25.5,20.3,1019.3,1019.0,172.13,380.78,628.34,31.7404,12.5705,488.3,59.7,1494.967, NAN, NAN, NAN, NAN,,2024/04/19 13:06:49.197,2024-04-19 13:06:49.197000+00:00
2024/04/19, 13:07:49.197,35.799,-74.879, 0.20,22.74,261.09,0.4,9.9,9.9,1017.0,1017.0,0.0,0.0,85.13,78.53,2,357,8.1,7.7,100.0,100.0,8.3,7.9,25.6,20.8,1019.1,1019.1,174.76,380.78,637.37,31.7412,12.5684,489.1,59.9,1494.96, NAN, NAN, NAN, NAN,,2024/04/19 13:07:49.197,2024-04-19 13:07:49.197000+00:00
2024/04/19, 13:08:49.198,35.799,-74.879, 0.43,22.45,213.54,0.31,9.9,10.0,1017.2,1017.2,0.0,0.0,85.13,78.53,10,6,7.6,7.2,100.0,100.0,7.8,7.4,32.7,28.8,1019.3,1019.3,174.68,380.89,636.56,31.7413,12.5673,490.4,60.0,1494.957, NAN, NAN, NAN, NAN,,2024/04/19 13:08:49.198,2024-04-19 13:08:49.198000+00:00
2024/04/19, 13:09:49.198,35.799,-74.879, 0.00,22.08,17.84,0.27,9.9,9.9,1017.1,1017.0,0.0,0.0,85.13,78.53,5,358,7.4,7.2,100.0,100.0,7.3,7.1,27.8,20.7,1019.2,1019.1,177.85,380.62,646.89,31.7415,12.5667,489.1,60.1,1494.955, NAN, NAN, NAN, NAN,,2024/04/19 13:09:49.198,2024-04-19 13:09:49.198000+00:00
2024/04/19, 13:10:49.198,35.799,-74.879, 0.54,20.17,73.25,0.36,10.0,10.0,1017.0,1016.9,0.0,0.0,85.13,78.53,0,354,7.6,7.3,100.0,100.0,7.6,7.3,18.8,12.7,1019.1,1019.0,174.25,381.22,639.09,31.7419,12.566,489.7,60.2,1494.953, NAN, NAN, NAN, NAN,,2024/04/19 13:10:49.198,2024-04-19 13:10:49.198000+00:00
2024/04/19, 13:11:49.198,35.799,-74.879, 0.28,22.69,324.84,0.33,10.0,10.0,1017.2,1017.0,0.0,0.0,85.13,78.53,358,352,8.4,8.1,100.0,100.0,8.3,8.0,21.8,15.7,1019.3,1019.1,188.44,379.56,684.5,31.7428,12.5638,489.4,61.5,1494.947, NAN, NAN, NAN, NAN,,2024/04/19 13:11:49.198,2024-04-19 13:11:49.198000+00:00
2024/04/19, 13:12:49.198,35.799,-74.879, 0.17,22.58,27.84,0.58,9.9,10.0,1017.0,1017.0,0.0,0.0,85.13,78.53,355,348,8.2,8.0,100.0,100.0,7.9,7.7,18.6,11.4,1019.1,1019.1,188.57,379.62,678.55,31.7434,12.561,489.7,62.6,1494.938, NAN, NAN, NAN, NAN,,2024/04/19 13:12:49.198,2024-04-19 13:12:49.198000+00:00
2024/04/19, 13:13:49.198,35.799,-74.879, 0.06,23.65,52.09,0.47,9.9,9.9,1016.9,1017.0,0.0,0.0,85.13,78.53,351,344,8.3,8.5,100.0,100.0,8.3,8.5,13.0,6.0,1019.0,1019.1,190.65,379.46,688.6,31.743,12.5592,490.7,62.5,1494.931, NAN, NAN, NAN, NAN,,2024/04/19 13:13:49.198,2024-04-19 13:13:49.198000+00:00
2024/04/19, 13:14:49.198,35.799,-74.879, 0.49,21.72,200.81,0.24,9.8,9.9,1016.9,1017.0,0.0,0.0,85.13,78.53,1,355,8.7,8.3,100.0,100.0,8.8,8.4,22.5,16.6,1019.0,1019.1,196.63,380.17,709.46,31.7438,12.5583,491.3,62.9,1494.929, NAN, NAN, NAN, NAN,,2024/04/19 13:14:49.198,2024-04-19 13:14:49.198000+00:00
2024/04/19, 13:15:49.198,35.799,-74.878, 2.59,6.01,1.7,2.35,9.8,9.9,1017.2,1017.0,0.0,0.0,85.13,78.53,13,8,8.4,8.3,100.0,100.0,7.2,7.1,21.7,15.9,1019.3,1019.1,194.66,380.2,705.64,31.7435,12.5575,492.0,62.7,1494.926, NAN, NAN, NAN, NAN,,2024/04/19 13:15:49.198,2024-04-19 13:15:49.198000+00:00
2024/04/19, 13:16:49.198,35.8,-74.878, 5.64,2.49,2.73,6.05,9.8,10.0,1017.0,1017.2,0.0,0.0,85.13,78.53,11,4,10.4,10.1,100.0,100.0,7.4,7.0,18.7,8.9,1019.1,1019.3,189.57,379.18,690.76,31.7439,12.5505,492.0,62.4,1494.903, NAN, NAN, NAN, NAN,,2024/04/19 13:16:49.198,2024-04-19 13:16:49.198000+00:00
2024/04/19, 13:17:49.198,35.802,-74.878, 8.36,3.35,2.74,7.68,9.8,9.9,1016.8,1016.8,0.0,0.0,85.13,78.53,10,4,11.9,11.4,100.0,100.0,8.1,7.5,18.5,9.8,1018.9,1018.9,189.78,379.45,684.43,31.7439,12.5358,493.4,62.4,1494.853, NAN, NAN, NAN, NAN,,2024/04/19 13:17:49.198,2024-04-19 13:17:49.198000+00:00
2024/04/19, 13:18:49.198,35.804,-74.878, 8.83,3.55,359.83,8.45,9.8,9.8,1016.8,1016.8,0.0,0.0,85.13,78.53,13,8,12.7,12.3,100.0,100.0,8.6,8.1,24.4,17.3,1018.9,1018.9,186.33,379.44,678.81,31.7453,12.5198,492.8,62.7,1494.8, NAN, NAN, NAN, NAN,,2024/04/19 13:18:49.198,2024-04-19 13:18:49.198000+00:00
2024/04/19, 13:19:49.198,35.807,-74.878, 9.41,2.76,4.01,8.87,9.9,9.9,1016.8,1016.7,0.0,0.0,85.13,78.53,17,11,13.3,12.5,100.0,100.0,9.0,8.1,27.9,19.5,1018.9,1018.8,211.19,380.15,740.52,31.7447,12.4937,486.7,63.0,1494.711, NAN, NAN, NAN, NAN,,2024/04/19 13:19:49.198,2024-04-19 13:19:49.198000+00:00
2024/04/19, 13:20:49.198,35.809,-74.878, 9.46,3.15,4.0,8.63,9.9,9.9,1016.9,1017.0,0.0,0.0,85.13,78.53,20,15,13.2,12.6,100.0,100.0,9.2,8.4,32.6,25.9,1019.0,1019.1,220.36,379.56,772.5,31.7411,12.4628,483.0,62.9,1494.601, NAN, NAN, NAN, NAN,,2024/04/19 13:20:49.198,2024-04-19 13:20:49.198000+00:00
2024/04/19, 13:21:49.198,35.812,-74.878, 9.39,3.15,1.17,8.36,9.8,9.9,1016.9,1017.0,0.0,0.0,85.13,78.53,20,16,11.8,11.4,100.0,100.0,7.9,7.4,34.4,29.0,1019.0,1019.1,207.19,380.67,746.81,31.7381,12.4441,482.2,62.9,1494.534, NAN, NAN, NAN, NAN,,2024/04/19 13:21:49.198,2024-04-19 13:21:49.198000+00:00
2024/04/19, 13:22:49.198,35.814,-74.878, 9.23,3.72,0.12,8.57,9.9,9.9,1017.0,1016.9,0.0,0.0,85.13,78.53,21,17,13.0,12.7,100.0,100.0,9.2,8.7,36.1,30.8,1019.1,1019.0,213.3,380.14,760.72,31.7335,12.4269,481.2,61.3,1494.47, NAN, NAN, NAN, NAN,,2024/04/19 13:22:49.198,2024-04-19 13:22:49.198000+00:00
2024/04/19, 13:23:49.199,35.816,-74.878, 9.50,2.39,3.27,8.96,9.9,9.9,1016.9,1016.9,0.0,0.0,85.13,78.53,21,16,12.7,12.4,100.0,100.0,8.6,8.1,34.5,27.4,1019.0,1019.0,227.44,380.25,794.77,31.7353,12.413,480.3,60.0,1494.425, NAN, NAN, NAN, NAN,,2024/04/19 13:23:49.199,2024-04-19 13:23:49.199000+00:00
2024/04/19, 13:24:49.199,35.819,-74.877, 9.76,3.27,1.99,8.54,9.9,9.9,1016.9,1016.9,0.0,0.0,85.13,78.53,14,7,13.6,13.0,100.0,100.0,9.4,8.7,24.4,14.5,1019.0,1019.0,206.77,380.17,745.45,31.7385,12.4011,479.3,59.9,1494.388, NAN, NAN, NAN, NAN,,2024/04/19 13:24:49.199,2024-04-19 13:24:49.199000+00:00
2024/04/19, 13:25:49.199,35.821,-74.877, 9.29,3.54,2.46,8.45,9.9,9.9,1016.9,1017.0,0.0,0.0,85.13,78.53,14,9,12.8,12.6,100.0,100.0,8.7,8.3,24.5,17.2,1019.0,1019.1,223.1,379.48,791.98,31.7355,12.3789,481.6,59.4,1494.309, NAN, NAN, NAN, NAN,,2024/04/19 13:25:49.199,2024-04-19 13:25:49.199000+00:00
2024/04/19, 13:26:49.199,35.824,-74.877, 9.54,3.16,2.83,8.87,9.9,9.9,1016.9,1017.0,0.0,0.0,85.13,78.53,14,8,13.5,12.9,99.9,100.0,9.1,8.4,23.7,15.1,1019.0,1019.1,226.36,379.35,824.84,31.7355,12.365,482.2,58.8,1494.261, NAN, NAN, NAN, NAN,,2024/04/19 13:26:49.199,2024-04-19 13:26:49.199000+00:00
2024/04/19, 13:27:49.199,35.826,-74.877, 9.58,3.21,2.6,9.01,9.9,9.9,1017.2,1016.9,0.0,0.0,85.13,78.53,13,7,12.4,11.7,99.9,99.9,8.0,7.1,24.0,15.1,1019.3,1019.0,220.42,379.22,794.46,31.731,12.3385,481.9,59.3,1494.165, NAN, NAN, NAN, NAN,,2024/04/19 13:27:49.199,2024-04-19 13:27:49.199000+00:00
2024/04/19, 13:28:49.199,35.829,-74.877, 9.46,3.39,2.61,8.14,9.8,9.9,1017.0,1016.9,0.0,0.0,85.13,78.53,16,11,11.3,10.8,99.6,99.7,7.4,6.7,28.6,21.4,1019.1,1019.0,219.9,379.99,784.69,31.729,12.2988,483.6,59.1,1494.027, NAN, NAN, NAN, NAN,,2024/04/19 13:28:49.199,2024-04-19 13:28:49.199000+00:00
2024/04/19, 13:29:49.199,35.831,-74.877, 9.64,3.33,2.32,9.29,9.8,9.8,1017.2,1017.2,0.0,0.0,85.13,78.53,10,3,12.8,12.2,99.9,99.9,8.1,7.4,19.3,8.4,1019.3,1019.3,216.09,381.19,774.15,31.7253,12.2407,482.5,60.0,1493.824, NAN, NAN, NAN, NAN,,2024/04/19 13:29:49.199,2024-04-19 13:29:49.199000+00:00
2024/04/19, 13:30:49.199,35.834,-74.876, 9.48,3.34,1.6,8.35,9.9,9.9,1016.9,1016.9,0.0,0.0,85.13,78.53,13,8,14.1,13.7,100.0,100.0,10.0,9.5,22.1,15.2,1019.0,1019.0,230.49,379.47,822.27,31.7257,12.1798,480.0,59.8,1493.616, NAN, NAN, NAN, NAN,,2024/04/19 13:30:49.199,2024-04-19 13:30:49.199000+00:00
2024/04/19, 13:31:49.199,35.836,-74.876, 9.76,3.24,1.08,9.43,9.9,9.9,1017.0,1016.9,0.0,0.0,85.13,78.53,16,11,13.9,13.2,100.0,100.0,9.4,8.5,27.7,20.7,1019.1,1019.0,256.11,379.52,891.55,31.7269,12.1319,480.3,60.0,1493.453, NAN, NAN, NAN, NAN,,2024/04/19 13:31:49.199,2024-04-19 13:31:49.199000+00:00
2024/04/19, 13:32:49.199,35.839,-74.876, 9.75,2.43,0.43,9.0,9.8,9.9,1016.9,1016.8,0.0,0.0,85.13,78.53,19,14,13.4,12.7,99.4,99.5,9.2,8.3,31.2,24.5,1019.0,1018.9,268.81,379.59,926.34,31.7283,12.088,481.6,59.8,1493.304, NAN, NAN, NAN, NAN,,2024/04/19 13:32:49.199,2024-04-19 13:32:49.199000+00:00
2024/04/19, 13:33:49.199,35.841,-74.876, 9.58,3.24,359.32,8.88,9.9,9.9,1016.9,1016.9,0.0,0.0,85.13,78.53,20,15,12.1,11.6,99.7,99.8,8.1,7.4,35.6,28.8,1019.0,1019.0,255.02,381.12,899.37,31.7303,12.0507,484.0,60.1,1493.178, NAN, NAN, NAN, NAN,,2024/04/19 13:33:49.199,2024-04-19 13:33:49.199000+00:00
2024/04/19, 13:34:49.199,35.844,-74.876, 9.48,2.46,0.38,9.13,9.9,9.9,1017.0,1017.2,0.0,0.0,85.13,78.53,16,11,12.3,12.2,100.0,100.0,7.9,7.7,28.0,20.3,1019.1,1019.3,262.09,379.04,916.86,31.7356,12.0304,483.3,59.5,1493.114, NAN, NAN, NAN, NAN,,2024/04/19 13:34:49.199,2024-04-19 13:34:49.199000+00:00
2024/04/19, 13:35:49.199,35.846,-74.876, 9.19,2.52,1.06,8.7,10.0,10.0,1016.9,1016.8,0.0,0.0,85.13,78.53,11,6,12.6,12.2,100.0,100.0,8.3,7.8,20.0,12.5,1019.0,1018.9,260.41,378.11,917.28,31.743,12.02,484.0,59.5,1493.087, NAN, NAN, NAN, NAN,,2024/04/19 13:35:49.199,2024-04-19 13:35:49.199000+00:00
2024/04/19, 13:36:49.199,35.849,-74.876, 9.55,1.87,4.69,8.96,9.8,9.8,1017.0,1017.2,0.0,0.0,85.13,78.53,16,11,11.9,11.6,98.6,98.8,7.5,7.1,26.7,19.0,1019.1,1019.3,265.46,379.75,928.43,31.7476,12.006,483.0,59.5,1493.045, NAN, NAN, NAN, NAN,,2024/04/19 13:36:49.199,2024-04-19 13:36:49.199000+00:00
2024/04/19, 13:37:49.199,35.851,-74.875, 9.96,1.79,1.28,9.41,9.8,9.8,1017.2,1017.2,0.0,0.0,85.13,78.53,15,10,12.0,11.4,99.2,99.2,7.4,6.7,26.7,19.3,1019.3,1019.3,247.91,380.2,882.71,31.7505,12.0012,484.3,59.6,1493.032, NAN, NAN, NAN, NAN,,2024/04/19 13:37:49.199,2024-04-19 13:37:49.199000+00:00
2024/04/19, 13:38:49.199,35.854,-74.875, 9.66,2.56,1.2,8.9,9.8,9.8,1016.9,1017.2,0.0,0.0,85.13,78.53,13,7,12.5,12.4,99.4,99.5,8.1,7.9,23.6,14.4,1019.0,1019.3,260.49,379.65,917.33,31.7533,12.0239,483.3,59.7,1493.113, NAN, NAN, NAN, NAN,,2024/04/19 13:38:49.199,2024-04-19 13:38:49.199000+00:00
2024/04/19, 13:39:49.200,35.857,-74.875, 9.47,2.05,359.0,9.35,9.9,9.9,1017.2,1017.3,0.0,0.0,85.13,78.53,18,12,11.7,11.4,99.5,99.7,7.3,6.8,32.5,23.4,1019.3,1019.4,278.95,380.09,968.75,31.7592,12.0466,484.6,59.6,1493.198, NAN, NAN, NAN, NAN,,2024/04/19 13:39:49.200,2024-04-19 13:39:49.200000+00:00
2024/04/19, 13:40:49.200,35.859,-74.875, 9.48,3.06,2.4,9.24,9.9,9.9,1016.8,1017.0,0.0,0.0,85.13,78.53,16,11,13.2,12.3,99.8,100.0,8.8,7.7,28.4,21.7,1018.9,1019.1,268.16,380.24,948.26,31.7634,12.0678,485.7,59.7,1493.276, NAN, NAN, NAN, NAN,,2024/04/19 13:40:49.200,2024-04-19 13:40:49.200000+00:00
2024/04/19, 13:41:49.200,35.862,-74.875, 9.50,1.8,4.33,9.01,9.9,9.9,1017.0,1016.9,0.0,0.0,85.13,78.53,15,11,11.6,11.1,99.0,99.1,7.2,6.6,25.8,19.8,1019.1,1019.0,288.0,380.17,992.92,31.7591,12.0952,486.4,59.7,1493.365, NAN, NAN, NAN, NAN,,2024/04/19 13:41:49.200,2024-04-19 13:41:49.200000+00:00
2024/04/19, 13:42:49.200,35.864,-74.875, 9.17,2.89,6.56,8.97,9.9,9.9,1017.3,1017.1,0.0,0.0,85.13,78.53,17,11,11.1,10.8,98.9,99.0,6.8,6.3,30.1,20.5,1019.4,1019.2,258.28,381.4,915.26,31.7613,12.1087,488.3,59.7,1493.414, NAN, NAN, NAN, NAN,,2024/04/19 13:42:49.200,2024-04-19 13:42:49.200000+00:00
2024/04/19, 13:43:49.200,35.866,-74.875, 9.45,2.45,3.03,8.81,10.0,10.0,1017.4,1017.3,0.0,0.0,85.13,78.53,12,7,11.1,10.3,99.7,99.8,6.7,5.8,21.7,13.9,1019.5,1019.4,238.89,381.27,870.43,31.7657,12.1115,487.0,59.9,1493.429, NAN, NAN, NAN, NAN,,2024/04/19 13:43:49.200,2024-04-19 13:43:49.200000+00:00
2024/04/19, 13:44:49.200,35.869,-74.875, 9.82,1.88,4.41,9.42,10.1,10.1,1017.2,1017.3,0.0,0.0,85.13,78.53,16,11,11.9,11.4,99.6,99.8,7.4,6.7,28.5,21.1,1019.3,1019.4,268.78,381.56,951.42,31.7627,12.1203,485.2,60.0,1493.456, NAN, NAN, NAN, NAN,,2024/04/19 13:44:49.200,2024-04-19 13:44:49.200000+00:00
2024/04/19, 13:45:49.200,35.872,-74.875, 9.74,1.86,0.95,9.33,10.1,10.2,1017.1,1017.3,0.0,0.0,85.13,78.53,20,16,13.1,12.2,99.7,99.8,8.8,7.7,32.9,28.1,1019.2,1019.4,281.62,379.92,960.4,31.756,12.1303,485.2,59.9,1493.482, NAN, NAN, NAN, NAN,,2024/04/19 13:45:49.200,2024-04-19 13:45:49.200000+00:00
2024/04/19, 13:46:49.200,35.874,-74.874, 8.47,2.8,359.72,7.63,10.0,10.1,1017.2,1017.2,0.0,0.0,85.13,78.53,14,7,10.1,9.4,98.2,98.3,6.4,5.6,26.8,16.5,1019.3,1019.3,248.6,381.29,886.04,31.7499,12.1601,486.7,59.3,1493.577, NAN, NAN, NAN, NAN,,2024/04/19 13:46:49.200,2024-04-19 13:46:49.200000+00:00
2024/04/19, 13:47:49.200,35.875,-74.874, 5.79,2.32,357.25,3.89,10.1,10.1,1017.4,1017.2,0.0,0.0,85.13,78.53,8,2,8.9,8.3,99.1,99.1,7.0,6.3,13.9,6.3,1019.5,1019.3,241.73,381.18,862.52,31.7519,12.2095,488.0,59.4,1493.749, NAN, NAN, NAN, NAN,,2024/04/19 13:47:49.200,2024-04-19 13:47:49.200000+00:00
2024/04/19, 13:48:49.200,35.876,-74.874, 0.34,8.22,358.8,1.16,10.1,10.1,1017.3,1017.4,0.0,0.0,85.13,78.53,15,12,8.2,7.9,99.1,99.2,7.7,7.4,25.2,22.1,1019.4,1019.5,241.2,381.08,869.4,31.7527,12.2533,488.0,59.5,1493.9, NAN, NAN, NAN, NAN,,2024/04/19 13:48:49.200,2024-04-19 13:48:49.200000+00:00
2024/04/19, 13:49:49.200,35.876,-74.874, 0.32,19.25,62.44,0.42,10.2,10.2,1017.5,1017.4,0.0,0.0,85.13,78.53,354,351,6.9,6.9,99.1,99.2,6.8,6.8,11.9,8.9,1019.6,1019.5,259.68,381.19,921.29,31.7563,12.3018,488.6,59.4,1494.07, NAN, NAN, NAN, NAN,,2024/04/19 13:49:49.200,2024-04-19 13:49:49.200000+00:00
2024/04/19, 13:50:49.200,35.876,-74.874, 0.46,12.2,13.96,0.25,10.1,10.2,1017.4,1017.4,0.0,0.0,85.13,78.53,14,10,6.6,6.8,98.7,98.6,6.7,6.9,26.7,22.7,1019.5,1019.5,295.18,380.4,1012.23,31.7525,12.3316,488.0,59.7,1494.167, NAN, NAN, NAN, NAN,,2024/04/19 13:50:49.200,2024-04-19 13:50:49.200000+00:00
2024/04/19, 13:51:49.200,35.876,-74.875, 0.34,12.9,154.47,0.06,10.1,10.1,1017.3,1017.2,0.0,0.0,85.13,78.53,10,4,6.3,6.0,98.4,98.4,6.3,6.0,23.2,17.2,1019.4,1019.3,278.98,380.6,982.35,31.7574,12.3455,489.7,59.3,1494.221, NAN, NAN, NAN, NAN,,2024/04/19 13:51:49.200,2024-04-19 13:51:49.200000+00:00
2024/04/19, 13:52:49.200,35.876,-74.875, 0.24,13.66,321.75,0.36,10.1,10.1,1017.5,1017.5,0.0,0.0,85.13,78.53,2,357,6.0,6.0,98.1,98.1,5.9,5.9,17.1,12.0,1019.6,1019.6,265.54,381.06,940.66,31.7567,12.3563,490.4,59.5,1494.257, NAN, NAN, NAN, NAN,,2024/04/19 13:52:49.200,2024-04-19 13:52:49.200000+00:00
2024/04/19, 13:53:49.200,35.876,-74.875, 0.39,14.59,75.37,0.19,10.1,10.1,1017.4,1017.3,0.0,0.0,85.13,78.53,356,351,5.9,5.9,98.5,98.5,5.8,5.8,10.4,5.3,1019.5,1019.4,254.6,380.42,913.37,31.7522,12.365,494.0,57.7,1494.281, NAN, NAN, NAN, NAN,,2024/04/19 13:53:49.200,2024-04-19 13:53:49.200000+00:00
2024/04/19, 13:54:49.200,35.876,-74.875, 0.32,14.46,140.74,0.14,10.1,10.1,1017.4,1017.4,0.0,0.0,85.13,78.53,7,3,7.6,7.1,98.9,99.1,7.6,7.1,21.0,17.0,1019.5,1019.5,262.66,380.42,932.98,31.7493,12.3696,494.7,57.8,1494.293, NAN, NAN, NAN, NAN,,2024/04/19 13:54:49.200,2024-04-19 13:54:49.200000+00:00
2024/04/19, 13:55:49.201,35.876,-74.875, 0.70,14.78,235.41,0.34,10.1,10.1,1017.6,1017.3,0.0,0.0,85.13,78.53,4,359,6.7,6.5,98.4,98.4,6.7,6.5,20.3,15.3,1019.7,1019.4,268.1,380.53,951.82,31.7442,12.3738,497.4,57.7,1494.302, NAN, NAN, NAN, NAN,,2024/04/19 13:55:49.201,2024-04-19 13:55:49.201000+00:00
2024/04/19, 13:56:49.201,35.876,-74.875, 0.47,14.74,281.34,0.21,10.0,10.1,1017.7,1017.6,0.0,0.0,85.13,78.53,3,357,6.7,6.5,98.2,98.2,6.7,6.5,18.6,12.7,1019.8,1019.7,266.16,380.75,948.52,31.7382,12.3772,496.1,57.8,1494.306, NAN, NAN, NAN, NAN,,2024/04/19 13:56:49.201,2024-04-19 13:56:49.201000+00:00
2024/04/19, 13:57:49.201,35.876,-74.875, 0.33,13.51,56.12,0.42,10.0,10.0,1017.5,1017.4,0.0,0.0,85.13,78.53,7,1,7.5,7.2,98.4,98.4,7.4,7.1,19.1,12.9,1019.6,1019.5,270.86,381.36,965.66,31.738,12.3793,499.5,58.0,1494.313, NAN, NAN, NAN, NAN,,2024/04/19 13:57:49.201,2024-04-19 13:57:49.201000+00:00
2024/04/19, 13:58:49.201,35.876,-74.875, 0.18,13.9,57.99,0.42,10.1,10.1,1017.3,1017.3,0.0,0.0,85.13,78.53,20,15,7.3,7.2,99.2,99.2,7.1,7.0,34.6,29.5,1019.4,1019.4,287.37,380.22,1011.58,31.7379,12.3822,500.8,58.1,1494.323, NAN, NAN, NAN, NAN,,2024/04/19 13:58:49.201,2024-04-19 13:58:49.201000+00:00
2024/04/19, 13:59:49.201,35.876,-74.875, 0.27,14.55,90.94,0.29,10.0,10.1,1017.4,1017.4,0.0,0.0,85.13,78.53,12,7,7.1,6.7,98.0,98.1,7.1,6.7,25.3,20.3,1019.5,1019.5,293.35,380.74,1032.37,31.7351,12.3846,501.4,58.1,1494.328, NAN, NAN, NAN, NAN,,2024/04/19 13:59:49.201,2024-04-19 13:59:49.201000+00:00
2024/04/19, 14:00:49.201,35.876,-74.875, 0.31,14.96,214.13,0.3,10.0,10.1,1017.4,1017.4,0.0,0.0,85.13,78.53,22,18,7.2,6.9,98.4,98.4,7.3,6.9,38.1,34.2,1019.5,1019.5,295.54,380.95,1028.85,31.7346,12.3876,502.2,57.7,1494.337, NAN, NAN, NAN, NAN,,2024/04/19 14:00:49.201,2024-04-19 14:00:49.201000+00:00
2024/04/19, 14:01:49.201,35.876,-74.875, 0.35,14.16,127.83,0.19,10.1,10.1,1017.5,1017.5,0.0,0.0,85.13,78.53,3,358,7.8,7.6,98.9,99.0,7.7,7.6,16.6,11.5,1019.6,1019.6,286.91,380.68,1018.62,31.7333,12.39,502.0,58.0,1494.344, NAN, NAN, NAN, NAN,,2024/04/19 14:01:49.201,2024-04-19 14:01:49.201000+00:00
2024/04/19, 14:02:49.201,35.876,-74.875, 0.03,15.43,110.8,0.14,10.1,10.1,1017.5,1017.6,0.0,0.0,85.13,78.53,6,359,7.9,8.1,98.7,98.9,8.0,8.2,21.1,14.2,1019.6,1019.7,298.76,379.94,1055.46,31.7323,12.3899,501.1,57.9,1494.342, NAN, NAN, NAN, NAN,,2024/04/19 14:02:49.201,2024-04-19 14:02:49.201000+00:00
2024/04/19, 14:03:49.201,35.876,-74.875, 0.28,15.27,103.69,0.34,10.1,10.1,1017.4,1017.5,0.0,0.0,85.13,78.53,8,3,6.8,6.3,97.9,98.1,6.7,6.3,21.9,16.7,1019.5,1019.6,319.76,380.41,1122.45,31.7317,12.3908,501.7,58.1,1494.345, NAN, NAN, NAN, NAN,,2024/04/19 14:03:49.201,2024-04-19 14:03:49.201000+00:00
2024/04/19, 14:04:49.201,35.876,-74.875, 0.21,16.0,108.74,0.49,10.0,10.1,1017.6,1017.6,0.0,0.0,85.13,78.53,9,9,5.8,6.1,97.8,97.8,5.8,6.1,22.5,22.6,1019.7,1019.7,335.67,381.39,1219.11,31.7301,12.3932,502.5,58.2,1494.351, NAN, NAN, NAN, NAN,,2024/04/19 14:04:49.201,2024-04-19 14:04:49.201000+00:00
2024/04/19, 14:05:49.201,35.876,-74.875, 0.03,12.99,101.32,0.18,10.1,10.1,1017.4,1017.2,0.0,0.0,85.13,78.53,10,3,7.5,7.3,98.4,98.4,7.4,7.2,22.8,15.7,1019.5,1019.3,360.33,380.35,1240.25,31.7304,12.3979,501.7,58.1,1494.367, NAN, NAN, NAN, NAN,,2024/04/19 14:05:49.201,2024-04-19 14:05:49.201000+00:00
2024/04/19, 14:06:49.201,35.876,-74.875, 0.53,14.24,309.96,0.2,10.1,10.1,1017.4,1017.4,0.0,0.0,85.13,78.53,15,10,7.1,6.9,98.3,98.5,7.1,6.9,30.1,25.1,1019.5,1019.5,344.09,381.53,1205.74,31.7299,12.4007,504.4,58.3,1494.376, NAN, NAN, NAN, NAN,,2024/04/19 14:06:49.201,2024-04-19 14:06:49.201000+00:00
2024/04/19, 14:07:49.201,35.876,-74.875, 0.35,16.27,200.27,0.6,10.1,10.1,1017.4,1017.5,0.0,0.0,85.13,78.53,12,5,8.2,7.7,98.6,98.5,8.5,8.0,27.8,21.0,1019.5,1019.6,346.25,380.87,1194.07,31.7295,12.3994,505.1,58.2,1494.371, NAN, NAN, NAN, NAN,,2024/04/19 14:07:49.201,2024-04-19 14:07:49.201000+00:00
2024/04/19, 14:08:49.201,35.876,-74.875, 0.16,14.75,92.67,0.26,10.1,10.1,1017.7,1017.5,0.0,0.0,85.13,78.53,5,0,7.4,7.5,98.0,98.0,7.4,7.5,18.7,13.7,1019.8,1019.6,325.99,380.68,1145.15,31.7305,12.3994,502.8,58.2,1494.373, NAN, NAN, NAN, NAN,,2024/04/19 14:08:49.201,2024-04-19 14:08:49.201000+00:00
2024/04/19, 14:09:49.201,35.876,-74.875, 0.35,13.76,19.32,0.28,10.1,10.1,1017.4,1017.3,0.0,0.0,85.13,78.53,1,355,6.9,6.9,97.7,97.8,6.8,6.8,15.0,8.8,1019.5,1019.4,327.36,380.59,1151.03,31.7288,12.4017,502.8,58.2,1494.378, NAN, NAN, NAN, NAN,,2024/04/19 14:09:49.201,2024-04-19 14:09:49.201000+00:00
2024/04/19, 14:10:49.202,35.876,-74.875, 0.40,16.04,98.53,0.49,10.1,10.2,1017.4,1017.3,0.0,0.0,85.13,78.53,7,2,7.7,7.6,98.1,98.0,7.5,7.4,22.2,17.1,1019.5,1019.4,329.18,381.24,1165.13,31.7292,12.4053,504.8,58.5,1494.391, NAN, NAN, NAN, NAN,,2024/04/19 14:10:49.202,2024-04-19 14:10:49.202000+00:00
2024/04/19, 14:11:49.202,35.877,-74.874, 3.82,16.25,8.47,3.56,10.1,10.1,1017.5,1017.4,0.0,0.0,85.13,78.53,7,3,8.8,9.4,97.9,97.8,7.0,7.6,25.9,20.7,1019.6,1019.5,347.82,380.58,1212.19,31.7279,12.4066,503.2,58.4,1494.394, NAN, NAN, NAN, NAN,,2024/04/19 14:11:49.202,2024-04-19 14:11:49.202000+00:00
2024/04/19, 14:12:49.202,35.878,-74.874, 6.26,21.1,17.89,5.8,10.2,10.2,1017.4,1017.2,0.0,0.0,85.13,78.53,4,357,11.0,10.4,98.1,98.3,8.0,7.4,27.1,17.4,1019.5,1019.3,346.5,379.83,1215.31,31.7282,12.4015,504.1,58.2,1494.377, NAN, NAN, NAN, NAN,,2024/04/19 14:12:49.202,2024-04-19 14:12:49.202000+00:00
2024/04/19, 14:13:49.202,35.88,-74.873, 8.05,19.24,16.29,8.05,10.1,10.2,1017.4,1017.3,0.0,0.0,85.13,78.53,357,352,10.6,10.6,97.2,97.4,6.5,6.5,15.8,7.6,1019.5,1019.4,358.17,380.51,1243.89,31.7276,12.3968,504.1,58.3,1494.36, NAN, NAN, NAN, NAN,,2024/04/19 14:13:49.202,2024-04-19 14:13:49.202000+00:00
2024/04/19, 14:14:49.202,35.882,-74.872, 8.88,16.4,18.56,7.95,10.2,10.2,1017.3,1017.1,0.0,0.0,85.13,78.53,6,359,11.5,10.8,97.8,98.0,7.4,6.7,25.5,14.6,1019.4,1019.2,345.67,381.13,1221.0,31.7272,12.3925,498.0,58.2,1494.345, NAN, NAN, NAN, NAN,,2024/04/19 14:14:49.202,2024-04-19 14:14:49.202000+00:00
2024/04/19, 14:15:49.202,35.885,-74.871, 9.20,19.74,21.11,7.94,10.2,10.2,1017.4,1017.5,0.0,0.0,85.13,78.53,357,352,11.6,11.6,97.5,97.5,7.5,7.6,14.2,6.6,1019.5,1019.6,338.2,381.41,1203.06,31.7263,12.4037,492.4,58.5,1494.382, NAN, NAN, NAN, NAN,,2024/04/19 14:15:49.202,2024-04-19 14:15:49.202000+00:00
2024/04/19, 14:16:49.202,35.887,-74.87, 9.10,16.39,17.91,8.64,10.2,10.3,1017.4,1017.1,0.0,0.0,85.13,78.53,4,357,11.6,11.1,97.6,98.3,7.2,6.7,21.4,9.8,1019.5,1019.2,346.84,381.98,1229.98,31.727,12.4065,487.3,58.4,1494.393, NAN, NAN, NAN, NAN,,2024/04/19 14:16:49.202,2024-04-19 14:16:49.202000+00:00
2024/04/19, 14:17:49.202,35.889,-74.869, 9.14,18.23,16.78,8.63,10.3,10.3,1017.4,1017.2,0.0,0.0,85.13,78.53,10,4,11.9,11.3,97.3,97.3,7.6,6.9,33.9,24.6,1019.5,1019.3,356.74,380.5,1250.68,31.7307,12.4014,485.2,58.3,1494.38, NAN, NAN, NAN, NAN,,2024/04/19 14:17:49.202,2024-04-19 14:17:49.202000+00:00
2024/04/19, 14:18:49.202,35.891,-74.868, 9.52,17.75,18.63,9.15,10.3,10.4,1017.3,1017.3,0.0,0.0,85.13,78.53,8,1,11.3,10.9,96.7,97.0,6.7,6.2,31.8,19.9,1019.4,1019.4,361.17,380.83,1264.44,31.7341,12.3799,483.3,58.6,1494.31, NAN, NAN, NAN, NAN,,2024/04/19 14:18:49.202,2024-04-19 14:18:49.202000+00:00
2024/04/19, 14:19:49.202,35.894,-74.867, 9.60,17.49,19.4,9.41,10.3,10.4,1017.2,1017.3,0.0,0.0,85.13,78.53,5,0,11.8,11.4,96.6,96.6,7.0,6.6,25.3,16.7,1019.3,1019.4,377.0,381.3,1312.42,31.7405,12.3581,482.2,58.8,1494.244, NAN, NAN, NAN, NAN,,2024/04/19 14:19:49.202,2024-04-19 14:19:49.202000+00:00
2024/04/19, 14:20:49.202,35.896,-74.866, 9.84,17.7,20.87,8.94,10.4,10.4,1017.3,1017.3,0.0,0.0,85.13,78.53,8,3,12.2,11.9,97.0,97.0,7.6,7.3,28.9,21.0,1019.4,1019.4,363.86,381.67,1281.38,31.7462,12.3491,482.2,58.7,1494.22, NAN, NAN, NAN, NAN,,2024/04/19 14:20:49.202,2024-04-19 14:20:49.202000+00:00
2024/04/19, 14:21:49.202,35.899,-74.865, 9.79,16.96,15.36,9.3,10.4,10.4,1017.4,1017.5,0.0,0.0,85.13,78.53,13,8,12.6,12.1,96.5,96.5,8.0,7.4,37.0,29.3,1019.5,1019.6,396.3,381.42,1366.99,31.7454,12.3521,482.7,58.6,1494.229, NAN, NAN, NAN, NAN,,2024/04/19 14:21:49.202,2024-04-19 14:21:49.202000+00:00
2024/04/19, 14:22:49.202,35.901,-74.864, 9.45,16.2,18.54,8.8,10.5,10.5,1017.3,1017.0,0.0,0.0,85.13,78.53,17,12,12.5,11.6,96.9,97.1,8.2,7.2,41.4,34.5,1019.4,1019.1,409.99,381.06,1418.29,31.7441,12.3585,483.0,58.8,1494.249, NAN, NAN, NAN, NAN,,2024/04/19 14:22:49.202,2024-04-19 14:22:49.202000+00:00
2024/04/19, 14:23:49.202,35.903,-74.864, 9.67,16.37,19.16,9.16,10.4,10.5,1017.3,1017.3,0.0,0.0,85.13,78.53,18,12,12.1,11.5,95.7,95.8,7.7,6.9,44.3,35.4,1019.4,1019.4,413.96,381.76,1430.48,31.7439,12.3759,482.5,58.9,1494.308, NAN, NAN, NAN, NAN,,2024/04/19 14:23:49.202,2024-04-19 14:23:49.202000+00:00
2024/04/19, 14:24:49.202,35.906,-74.863, 9.71,16.17,18.74,9.47,10.4,10.5,1017.2,1017.3,0.0,0.0,85.13,78.53,15,11,12.2,11.8,96.0,96.1,7.6,7.1,40.4,34.4,1019.3,1019.4,391.55,381.9,1350.03,31.7366,12.3883,480.0,58.8,1494.342, NAN, NAN, NAN, NAN,,2024/04/19 14:24:49.202,2024-04-19 14:24:49.202000+00:00
2024/04/19, 14:25:49.203,35.908,-74.862, 9.82,16.95,15.8,9.35,10.5,10.5,1017.2,1017.3,0.0,0.0,85.13,78.53,17,12,11.9,11.6,96.0,96.0,7.5,7.0,45.0,37.4,1019.3,1019.4,358.23,382.08,1251.83,31.7354,12.4234,480.3,58.8,1494.46, NAN, NAN, NAN, NAN,,2024/04/19 14:25:49.203,2024-04-19 14:25:49.203000+00:00
2024/04/19, 14:26:49.203,35.911,-74.861, 9.85,16.52,14.02,8.65,10.5,10.5,1017.3,1017.2,0.0,0.0,85.13,78.53,15,11,11.4,11.0,96.0,96.1,7.2,6.7,40.6,34.7,1019.4,1019.3,349.72,381.88,1232.9,31.7344,12.4614,480.9,58.9,1494.589, NAN, NAN, NAN, NAN,,2024/04/19 14:26:49.203,2024-04-19 14:26:49.203000+00:00
2024/04/19, 14:27:49.203,35.913,-74.86, 9.17,17.09,18.49,7.92,10.5,10.6,1017.4,1017.0,0.0,0.0,85.13,78.53,19,14,10.6,10.6,96.1,96.4,6.9,6.7,47.1,39.4,1019.5,1019.1,345.86,382.46,1222.34,31.7309,12.4879,482.2,58.6,1494.675, NAN, NAN, NAN, NAN,,2024/04/19 14:27:49.203,2024-04-19 14:27:49.203000+00:00
2024/04/19, 14:28:49.203,35.915,-74.859, 9.21,16.31,15.55,8.75,10.5,10.6,1017.4,1017.3,0.0,0.0,85.13,78.53,16,11,12.1,11.8,96.0,95.9,7.9,7.4,41.4,33.9,1019.5,1019.4,354.67,382.4,1253.55,31.7173,12.5012,482.2,58.8,1494.704, NAN, NAN, NAN, NAN,,2024/04/19 14:28:49.203,2024-04-19 14:28:49.203000+00:00
2024/04/19, 14:29:49.203,35.918,-74.858, 9.51,17.35,18.59,9.34,10.5,10.6,1017.3,1017.3,0.0,0.0,85.13,78.53,13,7,11.9,11.5,95.8,95.9,7.2,6.7,37.5,27.7,1019.4,1019.4,361.19,382.41,1283.96,31.7085,12.5002,482.2,58.5,1494.69, NAN, NAN, NAN, NAN,,2024/04/19 14:29:49.203,2024-04-19 14:29:49.203000+00:00
2024/04/19, 14:30:49.203,35.92,-74.857, 9.61,17.03,17.9,9.37,10.5,10.6,1017.4,1017.1,0.0,0.0,85.13,78.53,16,10,12.1,11.5,95.8,96.1,7.5,6.8,42.3,33.2,1019.5,1019.2,375.04,382.55,1310.35,31.7063,12.4933,483.6,58.9,1494.664, NAN, NAN, NAN, NAN,,2024/04/19 14:30:49.203,2024-04-19 14:30:49.203000+00:00
2024/04/19, 14:31:49.203,35.923,-74.856, 9.72,16.63,15.58,9.02,10.6,10.6,1017.3,1017.4,0.0,0.0,85.13,78.53,14,8,12.2,11.7,95.7,95.8,7.8,7.1,38.8,29.7,1019.4,1019.5,378.9,382.1,1327.01,31.7051,12.4853,484.9,58.6,1494.635, NAN, NAN, NAN, NAN,,2024/04/19 14:31:49.203,2024-04-19 14:31:49.203000+00:00
2024/04/19, 14:32:49.203,35.925,-74.855, 9.24,16.74,16.5,9.16,10.6,10.6,1017.4,1017.3,0.0,0.0,85.13,78.53,14,7,12.7,12.0,95.7,95.9,8.2,7.3,37.9,27.2,1019.5,1019.4,423.58,382.12,1445.41,31.706,12.4893,485.7,58.4,1494.65, NAN, NAN, NAN, NAN,,2024/04/19 14:32:49.203,2024-04-19 14:32:49.203000+00:00
2024/04/19, 14:33:49.203,35.927,-74.854, 9.60,16.04,16.88,9.36,10.6,10.6,1017.2,1017.3,0.0,0.0,85.13,78.53,16,10,12.0,11.4,95.7,95.5,7.5,6.7,41.6,32.5,1019.3,1019.4,412.08,382.36,1410.6,31.71,12.4893,484.9,58.9,1494.654, NAN, NAN, NAN, NAN,,2024/04/19 14:33:49.203,2024-04-19 14:33:49.203000+00:00
2024/04/19, 14:34:49.203,35.93,-74.853, 9.36,16.13,18.17,8.98,10.5,10.6,1017.2,1017.3,0.0,0.0,85.13,78.53,15,9,12.0,11.6,95.0,95.2,7.6,7.0,39.2,29.9,1019.3,1019.4,399.93,381.8,1373.75,31.712,12.4858,483.6,59.0,1494.645, NAN, NAN, NAN, NAN,,2024/04/19 14:34:49.203,2024-04-19 14:34:49.203000+00:00
2024/04/19, 14:35:49.203,35.932,-74.852, 9.55,15.99,17.59,9.14,10.5,10.6,1017.3,1017.3,0.0,0.0,85.13,78.53,11,6,12.5,11.9,95.4,95.6,7.9,7.2,32.8,25.2,1019.4,1019.4,414.11,382.93,1429.72,31.7074,12.4736,482.7,59.0,1494.598, NAN, NAN, NAN, NAN,,2024/04/19 14:35:49.203,2024-04-19 14:35:49.203000+00:00
2024/04/19, 14:36:49.203,35.935,-74.851, 9.91,15.74,16.8,8.85,10.6,10.6,1017.3,1017.3,0.0,0.0,85.13,78.53,13,7,12.7,12.4,95.4,96.2,8.3,7.9,34.9,25.8,1019.4,1019.4,415.16,381.93,1416.09,31.7117,12.4454,481.9,59.0,1494.507, NAN, NAN, NAN, NAN,,2024/04/19 14:36:49.203,2024-04-19 14:36:49.203000+00:00
2024/04/19, 14:37:49.203,35.937,-74.85, 9.69,16.38,19.55,8.92,10.6,10.6,1017.4,1017.3,0.0,0.0,85.13,78.53,10,3,13.0,12.5,95.4,95.6,8.5,7.9,30.2,19.4,1019.5,1019.4,397.4,381.23,1363.55,31.7122,12.4125,482.5,59.1,1494.396, NAN, NAN, NAN, NAN,,2024/04/19 14:37:49.203,2024-04-19 14:37:49.203000+00:00
2024/04/19, 14:38:49.203,35.94,-74.85, 9.53,16.08,15.53,9.22,10.6,10.6,1017.2,1017.3,0.0,0.0,85.13,78.53,10,4,11.2,10.6,94.8,94.9,6.6,5.9,33.4,23.4,1019.3,1019.4,403.77,382.71,1346.72,31.7146,12.389,483.0,58.8,1494.318, NAN, NAN, NAN, NAN,,2024/04/19 14:38:49.203,2024-04-19 14:38:49.203000+00:00
2024/04/19, 14:39:49.203,35.942,-74.849, 9.62,16.51,17.71,9.27,10.6,10.6,1017.5,1017.2,0.0,0.0,85.13,78.53,12,8,12.1,12.0,95.6,95.6,7.5,7.3,35.2,28.8,1019.6,1019.3,351.47,383.28,1223.45,31.7193,12.3732,483.0,59.1,1494.27, NAN, NAN, NAN, NAN,,2024/04/19 14:39:49.203,2024-04-19 14:39:49.203000+00:00
2024/04/19, 14:40:49.203,35.944,-74.848, 9.47,16.01,17.13,9.05,10.7,10.7,1017.4,1017.2,0.0,0.0,85.13,78.53,3,358,12.4,12.3,95.9,96.1,7.8,7.7,20.0,12.0,1019.5,1019.3,321.47,382.49,1149.11,31.7193,12.373,485.2,59.1,1494.269, NAN, NAN, NAN, NAN,,2024/04/19 14:40:49.203,2024-04-19 14:40:49.203000+00:00
2024/04/19, 14:41:49.204,35.947,-74.847, 8.40,15.1,14.73,8.05,10.7,10.7,1017.3,1017.2,0.0,0.0,85.13,78.53,6,1,11.5,11.1,95.9,96.2,7.4,7.0,24.2,16.4,1019.4,1019.3,310.15,383.29,1115.99,31.7182,12.3809,486.4,59.1,1494.295, NAN, NAN, NAN, NAN,,2024/04/19 14:41:49.204,2024-04-19 14:41:49.204000+00:00
2024/04/19, 14:42:49.204,35.948,-74.846, 6.15,16.06,7.42,4.99,10.7,10.7,1017.3,1017.2,0.0,0.0,85.13,78.53,16,10,10.6,10.1,95.9,96.1,8.2,7.6,38.0,30.5,1019.4,1019.3,334.55,382.97,1164.78,31.717,12.3948,486.0,59.0,1494.341, NAN, NAN, NAN, NAN,,2024/04/19 14:42:49.204,2024-04-19 14:42:49.204000+00:00
2024/04/19, 14:43:49.204,35.949,-74.846, 4.04,25.7,23.01,2.23,10.7,10.8,1017.5,1017.3,0.0,0.0,85.13,78.53,4,357,7.5,7.1,96.0,96.3,6.4,6.0,31.4,23.2,1019.6,1019.4,299.92,383.99,1066.1,31.7136,12.408,488.0,59.0,1494.382, NAN, NAN, NAN, NAN,,2024/04/19 14:43:49.204,2024-04-19 14:43:49.204000+00:00
2024/04/19, 14:44:49.204,35.95,-74.846, 0.10,28.44,22.93,0.73,10.8,10.8,1017.6,1017.5,0.0,0.0,85.13,78.53,355,348,6.9,6.7,96.3,96.3,6.5,6.3,23.5,16.1,1019.7,1019.6,283.37,383.5,1029.51,31.7072,12.4181,490.0,59.1,1494.409, NAN, NAN, NAN, NAN,,2024/04/19 14:44:49.204,2024-04-19 14:44:49.204000+00:00
2024/04/19, 14:45:49.204,35.95,-74.846, 0.11,22.06,198.41,0.22,10.7,10.8,1017.5,1017.3,0.0,0.0,85.13,78.53,355,351,6.5,6.9,96.1,96.1,6.6,7.0,17.8,13.8,1019.6,1019.4,285.86,383.88,1035.93,31.7077,12.4229,490.4,59.0,1494.426, NAN, NAN, NAN, NAN,,2024/04/19 14:45:49.204,2024-04-19 14:45:49.204000+00:00
2024/04/19, 14:46:49.204,35.95,-74.846, 0.58,19.21,51.15,0.53,10.8,10.8,1017.5,1017.6,0.0,0.0,85.13,78.53,353,345,7.5,6.8,96.4,96.5,7.3,6.6,10.8,2.4,1019.6,1019.7,287.65,384.23,1045.32,31.7044,12.4254,493.1,58.8,1494.43, NAN, NAN, NAN, NAN,,2024/04/19 14:46:49.204,2024-04-19 14:46:49.204000+00:00
2024/04/19, 14:47:49.204,35.95,-74.846, 0.36,19.34,286.05,0.16,10.8,10.8,1017.3,1017.2,0.0,0.0,85.13,78.53,10,1,7.1,7.1,97.0,96.5,7.1,7.1,28.7,19.7,1019.4,1019.3,289.75,382.89,1038.83,31.7029,12.4278,499.5,58.9,1494.437, NAN, NAN, NAN, NAN,,2024/04/19 14:47:49.204,2024-04-19 14:47:49.204000+00:00
2024/04/19, 14:48:49.204,35.95,-74.846, 0.14,20.11,358.08,0.18,10.8,10.8,1017.5,1017.4,0.0,0.0,85.13,78.53,1,0,6.8,6.7,96.3,96.5,6.7,6.6,21.7,20.7,1019.6,1019.5,274.45,383.48,989.08,31.7018,12.432,505.1,58.9,1494.45, NAN, NAN, NAN, NAN,,2024/04/19 14:48:49.204,2024-04-19 14:48:49.204000+00:00
2024/04/19, 14:49:49.204,35.95,-74.845, 0.51,20.41,238.85,0.21,10.7,10.8,1017.4,1017.4,0.0,0.0,85.13,78.53,6,7,6.2,6.6,96.4,96.3,6.2,6.6,25.5,26.5,1019.5,1019.5,257.58,384.27,942.76,31.7008,12.4323,506.2,59.0,1494.449, NAN, NAN, NAN, NAN,,2024/04/19 14:49:49.204,2024-04-19 14:49:49.204000+00:00
2024/04/19, 14:50:49.204,35.95,-74.846, 0.29,20.13,279.35,0.28,10.8,10.8,1017.6,1017.6,0.0,0.0,85.13,78.53,8,5,7.2,7.3,97.5,97.5,7.3,7.4,29.1,26.1,1019.7,1019.7,255.13,383.65,935.54,31.7008,12.4312,508.4,58.9,1494.446, NAN, NAN, NAN, NAN,,2024/04/19 14:50:49.204,2024-04-19 14:50:49.204000+00:00
2024/04/19, 14:51:49.204,35.95,-74.846, 0.66,21.05,164.43,0.19,10.8,10.8,1017.5,1017.6,0.0,0.0,85.13,78.53,4,2,6.3,7.2,97.1,97.3,6.4,7.3,24.4,22.5,1019.6,1019.7,253.23,383.91,929.1,31.6982,12.4289,510.8,58.8,1494.435, NAN, NAN, NAN, NAN,,2024/04/19 14:51:49.204,2024-04-19 14:51:49.204000+00:00
2024/04/19, 14:52:49.204,35.95,-74.846, 0.22,20.76,264.34,0.21,10.8,10.8,1017.7,1017.5,0.0,0.0,85.13,78.53,5,356,6.9,5.9,96.9,96.8,6.9,5.8,26.6,17.6,1019.8,1019.6,249.95,383.35,917.95,31.7022,12.4298,513.9,58.8,1494.443, NAN, NAN, NAN, NAN,,2024/04/19 14:52:49.204,2024-04-19 14:52:49.204000+00:00
2024/04/19, 14:53:49.204,35.95,-74.846, 0.41,19.94,238.28,0.15,10.8,10.8,1017.7,1017.8,0.0,0.0,85.13,78.53,12,7,6.9,6.7,97.5,97.6,6.9,6.7,31.4,26.3,1019.8,1019.9,252.26,383.69,925.26,31.7017,12.4313,514.5,59.0,1494.447, NAN, NAN, NAN, NAN,,2024/04/19 14:53:49.204,2024-04-19 14:53:49.204000+00:00
2024/04/19, 14:54:49.204,35.95,-74.846, 0.34,19.81,11.12,0.12,10.8,10.8,1017.8,1017.8,0.0,0.0,85.13,78.53,2,357,7.1,6.8,97.3,97.3,7.1,6.8,22.3,17.3,1019.9,1019.9,263.28,383.24,955.0,31.7016,12.4314,515.5,59.2,1494.447, NAN, NAN, NAN, NAN,,2024/04/19 14:54:49.204,2024-04-19 14:54:49.204000+00:00
2024/04/19, 14:55:49.204,35.95,-74.846, 0.29,19.97,222.32,0.06,10.7,10.7,1017.8,1017.6,0.0,0.0,85.13,78.53,11,4,6.6,6.4,97.0,97.1,6.6,6.4,31.2,24.2,1019.9,1019.7,261.78,382.76,952.51,31.702,12.43,516.3,59.2,1494.443, NAN, NAN, NAN, NAN,,2024/04/19 14:55:49.204,2024-04-19 14:55:49.204000+00:00
2024/04/19, 14:56:49.204,35.95,-74.846, 0.16,19.87,37.86,0.03,10.6,10.7,1017.8,1017.8,0.0,0.0,85.13,78.53,11,5,6.5,6.7,96.8,96.8,6.5,6.7,31.0,25.0,1019.9,1019.9,259.98,383.38,951.27,31.7021,12.4263,516.9,59.2,1494.431, NAN, NAN, NAN, NAN,,2024/04/19 14:56:49.204,2024-04-19 14:56:49.204000+00:00
2024/04/19, 14:57:49.205,35.95,-74.846, 0.25,21.61,258.4,0.15,10.6,10.6,1017.6,1017.6,0.0,0.0,85.13,78.53,2,354,7.9,7.0,97.2,97.1,7.9,7.0,24.2,16.2,1019.7,1019.7,265.86,382.33,963.73,31.702,12.4246,516.6,59.3,1494.425, NAN, NAN, NAN, NAN,,2024/04/19 14:57:49.205,2024-04-19 14:57:49.205000+00:00
2024/04/19, 14:58:49.205,35.95,-74.846, 0.33,21.34,270.91,0.13,10.6,10.6,1017.7,1017.8,0.0,0.0,85.13,78.53,357,350,6.9,6.9,97.3,97.4,6.9,6.9,18.8,11.7,1019.8,1019.9,261.46,382.65,952.6,31.7017,12.4228,518.2,59.3,1494.418, NAN, NAN, NAN, NAN,,2024/04/19 14:58:49.205,2024-04-19 14:58:49.205000+00:00
2024/04/19, 14:59:49.205,35.95,-74.846, 0.34,19.76,316.04,0.25,10.6,10.6,1017.8,1017.6,0.0,0.0,85.13,78.53,357,351,6.9,6.5,97.4,97.4,6.8,6.4,17.6,11.6,1019.9,1019.7,262.69,382.94,958.3,31.7018,12.4241,516.6,59.3,1494.423, NAN, NAN, NAN, NAN,,2024/04/19 14:59:49.205,2024-04-19 14:59:49.205000+00:00
2024/04/19, 15:00:49.205,35.95,-74.846, 0.11,19.82,180.22,0.28,10.6,10.6,1017.7,1017.8,0.0,0.0,85.13,78.53,8,0,6.7,6.4,98.0,98.0,6.8,6.5,27.4,19.6,1019.8,1019.9,263.47,382.8,960.84,31.7019,12.427,516.0,59.3,1494.433, NAN, NAN, NAN, NAN,,2024/04/19 15:00:49.205,2024-04-19 15:00:49.205000+00:00
2024/04/19, 15:01:49.205,35.95,-74.846, 0.39,20.28,259.35,0.13,10.5,10.6,1018.1,1018.0,0.0,0.0,85.13,78.53,0,354,7.3,6.8,97.6,97.5,7.3,6.8,20.7,14.7,1020.2,1020.1,272.24,382.7,988.83,31.7002,12.4247,516.0,59.5,1494.423, NAN, NAN, NAN, NAN,,2024/04/19 15:01:49.205,2024-04-19 15:01:49.205000+00:00
2024/04/19, 15:02:49.205,35.95,-74.845, -0.01,22.21,165.76,0.15,10.6,10.6,1018.0,1018.0,0.0,0.0,85.13,78.53,353,346,6.3,6.4,98.0,98.1,6.3,6.4,14.6,7.6,1020.1,1020.1,276.22,382.84,1000.02,31.7027,12.419,517.9,59.5,1494.406, NAN, NAN, NAN, NAN,,2024/04/19 15:02:49.205,2024-04-19 15:02:49.205000+00:00
2024/04/19, 15:03:49.205,35.95,-74.845, -0.06,19.95,85.78,0.23,10.5,10.6,1018.0,1017.8,0.0,0.0,85.13,78.53,352,352,6.4,6.7,97.7,97.7,6.3,6.6,11.0,11.0,1020.1,1019.9,270.18,382.47,986.48,31.7034,12.4165,518.7,59.6,1494.399, NAN, NAN, NAN, NAN,,2024/04/19 15:03:49.205,2024-04-19 15:03:49.205000+00:00
2024/04/19, 15:04:49.205,35.95,-74.846, 0.56,20.65,118.68,0.08,10.5,10.6,1018.0,1018.0,0.0,0.0,85.13,78.53,354,351,6.4,6.2,97.7,97.8,6.4,6.2,14.8,11.8,1020.1,1020.1,272.01,382.25,981.36,31.7037,12.4172,517.9,59.7,1494.401, NAN, NAN, NAN, NAN,,2024/04/19 15:04:49.205,2024-04-19 15:04:49.205000+00:00
2024/04/19, 15:05:49.205,35.95,-74.845, 1.45,23.52,32.62,2.03,10.5,10.5,1018.0,1018.0,0.0,0.0,85.13,78.53,355,348,7.1,6.1,97.8,97.9,6.1,5.1,16.5,7.8,1020.1,1020.1,258.57,382.53,948.7,31.7034,12.4186,520.0,59.7,1494.406, NAN, NAN, NAN, NAN,,2024/04/19 15:05:49.205,2024-04-19 15:05:49.205000+00:00
2024/04/19, 15:06:49.205,35.951,-74.845, 5.20,21.95,22.37,5.83,10.5,10.5,1017.7,1017.8,0.0,0.0,85.13,78.53,0,352,9.4,9.0,97.8,98.0,6.4,6.1,21.6,9.6,1019.8,1019.9,256.83,381.92,942.39,31.7023,12.4176,520.3,59.5,1494.401, NAN, NAN, NAN, NAN,,2024/04/19 15:06:49.205,2024-04-19 15:06:49.205000+00:00
2024/04/19, 15:07:49.205,35.952,-74.844, 7.84,21.33,19.93,7.48,10.5,10.5,1017.7,1017.7,0.0,0.0,85.13,78.53,5,354,11.1,10.5,97.8,97.8,7.3,6.7,29.2,12.2,1019.8,1019.8,248.08,381.84,909.82,31.7028,12.4195,520.9,59.7,1494.408, NAN, NAN, NAN, NAN,,2024/04/19 15:07:49.205,2024-04-19 15:07:49.205000+00:00
2024/04/19, 15:08:49.205,35.955,-74.843, 8.69,8.09,5.88,8.5,10.5,10.5,1017.8,1017.8,0.0,0.0,85.13,78.53,9,1,10.8,10.2,98.0,97.8,6.5,5.8,23.6,10.4,1019.9,1019.9,243.12,383.18,897.57,31.7038,12.4313,520.9,59.6,1494.45, NAN, NAN, NAN, NAN,,2024/04/19 15:08:49.205,2024-04-19 15:08:49.205000+00:00
2024/04/19, 15:09:49.205,35.957,-74.843, 9.44,5.63,3.54,9.21,10.5,10.5,1017.8,1017.8,0.0,0.0,85.13,78.53,13,3,11.9,10.5,98.4,98.3,7.4,5.8,28.3,13.0,1019.9,1019.9,250.6,382.75,927.19,31.7029,12.4647,513.9,59.9,1494.562, NAN, NAN, NAN, NAN,,2024/04/19 15:09:49.205,2024-04-19 15:09:49.205000+00:00
2024/04/19, 15:10:49.205,35.96,-74.843, 9.65,6.35,3.82,9.49,10.5,10.6,1017.6,1017.8,0.0,0.0,85.13,78.53,4,358,12.1,11.4,98.7,98.7,7.3,6.5,14.1,4.1,1019.7,1019.9,266.67,382.16,972.88,31.7004,12.5157,508.9,60.1,1494.733, NAN, NAN, NAN, NAN,,2024/04/19 15:10:49.205,2024-04-19 15:10:49.205000+00:00
2024/04/19, 15:11:49.205,35.962,-74.842, 9.92,7.43,8.42,9.69,10.5,10.5,1017.6,1017.6,0.0,0.0,85.13,78.53,359,356,12.2,12.0,98.2,98.1,7.2,7.0,6.2,1.0,1019.7,1019.7,278.43,381.42,1009.96,31.6959,12.5596,506.8,60.1,1494.877, NAN, NAN, NAN, NAN,,2024/04/19 15:11:49.205,2024-04-19 15:11:49.205000+00:00
2024/04/19, 15:12:49.205,35.965,-74.842, 9.79,6.73,6.37,9.6,10.5,10.5,1017.7,1017.5,0.0,0.0,85.13,78.53,5,359,12.4,12.3,97.5,97.7,7.5,7.4,14.9,4.9,1019.8,1019.6,300.66,381.59,1066.42,31.6906,12.6018,505.9,60.2,1495.014, NAN, NAN, NAN, NAN,,2024/04/19 15:12:49.205,2024-04-19 15:12:49.205000+00:00
2024/04/19, 15:13:49.206,35.968,-74.842, 9.53,6.65,5.65,9.45,10.4,10.5,1017.4,1017.7,0.0,0.0,85.13,78.53,2,355,11.8,11.5,97.7,98.0,7.0,6.7,10.4,358.3,1019.5,1019.8,287.34,381.5,1030.17,31.6842,12.6316,507.2,61.1,1495.107, NAN, NAN, NAN, NAN,,2024/04/19 15:13:49.206,2024-04-19 15:13:49.206000+00:00
2024/04/19, 15:14:49.206,35.97,-74.841, 9.54,5.75,6.42,9.59,10.4,10.4,1017.5,1017.5,0.0,0.0,85.13,78.53,5,0,11.4,11.4,97.3,97.3,6.5,6.5,13.9,5.1,1019.6,1019.6,290.81,381.7,1052.92,31.6751,12.6565,506.2,60.7,1495.181, NAN, NAN, NAN, NAN,,2024/04/19 15:14:49.206,2024-04-19 15:14:49.206000+00:00
2024/04/19, 15:15:49.206,35.973,-74.841, 9.70,4.04,1.66,9.47,10.4,10.4,1017.5,1017.4,0.0,0.0,85.13,78.53,2,356,11.7,11.2,98.0,98.1,6.8,6.3,8.1,357.6,1019.6,1019.5,299.55,381.68,1072.71,31.6652,12.6865,506.2,59.7,1495.271, NAN, NAN, NAN, NAN,,2024/04/19 15:15:49.206,2024-04-19 15:15:49.206000+00:00
2024/04/19, 15:16:49.206,35.976,-74.841, 9.89,4.37,8.22,9.35,10.4,10.4,1017.4,1017.5,0.0,0.0,85.13,78.53,10,3,11.7,11.5,97.8,97.9,7.0,6.7,19.6,7.8,1019.5,1019.6,289.63,381.84,1045.88,31.6556,12.7108,503.8,60.6,1495.342, NAN, NAN, NAN, NAN,,2024/04/19 15:16:49.206,2024-04-19 15:16:49.206000+00:00
2024/04/19, 15:17:49.206,35.978,-74.841, 9.63,4.49,4.14,9.37,10.4,10.4,1017.5,1017.7,0.0,0.0,85.13,78.53,9,2,11.7,11.1,98.0,98.0,7.0,6.3,20.4,8.9,1019.6,1019.8,290.45,382.48,1054.78,31.6407,12.7402,504.1,60.7,1495.423, NAN, NAN, NAN, NAN,,2024/04/19 15:17:49.206,2024-04-19 15:17:49.206000+00:00
2024/04/19, 15:18:49.206,35.981,-74.84, 9.19,4.48,6.15,8.87,10.4,10.4,1017.4,1017.6,0.0,0.0,85.13,78.53,10,5,12.0,10.9,98.3,98.2,7.5,6.4,20.2,12.7,1019.5,1019.7,275.48,382.72,997.74,31.6022,12.7872,502.8,60.6,1495.537, NAN, NAN, NAN, NAN,,2024/04/19 15:18:49.206,2024-04-19 15:18:49.206000+00:00
2024/04/19, 15:19:49.206,35.983,-74.84, 9.22,4.13,3.44,8.88,10.4,10.5,1017.4,1017.5,0.0,0.0,85.13,78.53,6,0,12.5,12.1,98.5,98.4,8.0,7.5,14.2,4.8,1019.5,1019.6,290.27,381.36,1046.78,31.535,12.8277,500.8,60.6,1495.594, NAN, NAN, NAN, NAN,,2024/04/19 15:19:49.206,2024-04-19 15:19:49.206000+00:00
2024/04/19, 15:20:49.206,35.986,-74.84, 8.99,4.92,6.31,9.15,10.4,10.4,1017.4,1017.4,0.0,0.0,85.13,78.53,5,1,12.1,11.6,98.0,98.1,7.4,6.9,12.2,5.6,1019.5,1019.5,291.8,382.07,1053.13,31.4794,12.8507,500.8,60.7,1495.606, NAN, NAN, NAN, NAN,,2024/04/19 15:20:49.206,2024-04-19 15:20:49.206000+00:00
2024/04/19, 15:21:49.206,35.988,-74.84, 8.87,4.17,4.69,9.22,10.4,10.4,1017.4,1017.2,0.0,0.0,85.13,78.53,4,359,11.7,11.1,97.8,97.8,7.0,6.4,10.4,1.9,1019.5,1019.3,283.5,382.27,1031.08,31.4031,12.8676,501.7,60.6,1495.572, NAN, NAN, NAN, NAN,,2024/04/19 15:21:49.206,2024-04-19 15:21:49.206000+00:00
2024/04/19, 15:22:49.206,35.99,-74.839, 9.44,4.62,3.56,9.23,10.4,10.4,1017.4,1017.3,0.0,0.0,85.13,78.53,1,357,11.8,11.3,98.6,98.6,7.1,6.6,6.8,360.0,1019.5,1019.4,280.43,382.06,1031.15,31.3524,12.8868,502.8,60.6,1495.577, NAN, NAN, NAN, NAN,,2024/04/19 15:22:49.206,2024-04-19 15:22:49.206000+00:00
2024/04/19, 15:23:49.206,35.993,-74.839, 9.46,4.62,3.32,9.27,10.4,10.4,1017.3,1017.4,0.0,0.0,85.13,78.53,8,358,11.3,10.8,98.4,98.2,6.6,6.0,18.0,0.7,1019.4,1019.5,279.63,383.43,1016.41,31.3333,12.9137,505.4,60.6,1495.645, NAN, NAN, NAN, NAN,,2024/04/19 15:23:49.206,2024-04-19 15:23:49.206000+00:00
2024/04/19, 15:24:49.206,35.996,-74.839, 9.62,5.25,4.49,9.17,10.4,10.4,1017.4,1017.3,0.0,0.0,85.13,78.53,4,0,11.8,11.5,99.1,98.9,7.1,6.8,12.2,5.6,1019.5,1019.4,278.8,381.54,1017.69,31.3196,12.9444,507.8,60.6,1495.732, NAN, NAN, NAN, NAN,,2024/04/19 15:24:49.206,2024-04-19 15:24:49.206000+00:00
2024/04/19, 15:25:49.206,35.998,-74.838, 9.37,4.25,5.33,8.78,10.4,10.4,1017.5,1017.4,0.0,0.0,85.13,78.53,11,5,11.3,11.2,98.5,98.6,6.9,6.7,21.3,11.4,1019.6,1019.5,293.41,381.8,1060.52,31.304,12.9684,507.5,60.6,1495.795, NAN, NAN, NAN, NAN,,2024/04/19 15:25:49.206,2024-04-19 15:25:49.206000+00:00
2024/04/19, 15:26:49.206,36.001,-74.838, 9.32,4.15,6.18,9.25,10.4,10.4,1017.5,1017.4,0.0,0.0,85.13,78.53,9,5,11.5,11.2,98.1,98.3,6.8,6.5,18.5,11.9,1019.6,1019.5,305.26,381.77,1088.55,31.2823,12.9891,508.8,60.6,1495.839, NAN, NAN, NAN, NAN,,2024/04/19 15:26:49.206,2024-04-19 15:26:49.206000+00:00
2024/04/19, 15:27:49.206,36.003,-74.838, 9.50,5.14,7.3,8.89,10.3,10.4,1017.5,1017.3,0.0,0.0,85.13,78.53,10,4,12.2,12.3,98.2,98.4,7.7,7.7,20.5,11.0,1019.6,1019.4,296.03,382.55,1048.82,31.2609,13.0014,512.9,60.6,1495.855, NAN, NAN, NAN, NAN,,2024/04/19 15:27:49.206,2024-04-19 15:27:49.206000+00:00
2024/04/19, 15:28:49.207,36.006,-74.838, 9.45,5.04,7.09,8.76,10.4,10.4,1017.6,1017.5,0.0,0.0,85.13,78.53,1,357,10.3,10.4,98.6,98.5,5.8,5.9,5.7,358.7,1019.7,1019.6,282.39,382.5,1042.03,31.2376,12.9997,511.8,60.6,1495.821, NAN, NAN, NAN, NAN,,2024/04/19 15:28:49.207,2024-04-19 15:28:49.207000+00:00
2024/04/19, 15:29:49.207,36.008,-74.837, 9.49,3.75,3.98,9.09,10.4,10.4,1017.6,1017.5,0.0,0.0,85.13,78.53,2,355,10.9,10.8,99.1,99.1,6.2,6.2,7.1,354.8,1019.7,1019.6,255.64,381.21,938.8,31.212,12.9776,512.9,60.7,1495.717, NAN, NAN, NAN, NAN,,2024/04/19 15:29:49.207,2024-04-19 15:29:49.207000+00:00
2024/04/19, 15:30:49.207,36.011,-74.837, 9.63,4.48,4.76,9.76,10.3,10.4,1017.5,1017.5,0.0,0.0,85.13,78.53,359,355,11.1,11.2,98.3,98.3,6.1,6.2,1.8,354.6,1019.6,1019.6,270.27,381.85,982.21,31.1887,12.9604,514.2,60.8,1495.631, NAN, NAN, NAN, NAN,,2024/04/19 15:30:49.207,2024-04-19 15:30:49.207000+00:00
2024/04/19, 15:31:49.207,36.014,-74.837, 9.74,4.69,6.07,9.23,10.3,10.3,1017.5,1017.2,0.0,0.0,85.13,78.53,358,355,11.3,11.3,98.3,98.1,6.6,6.6,0.8,355.7,1019.6,1019.3,280.04,381.91,1024.9,31.1685,12.9515,517.6,60.9,1495.577, NAN, NAN, NAN, NAN,,2024/04/19 15:31:49.207,2024-04-19 15:31:49.207000+00:00
2024/04/19, 15:32:49.207,36.016,-74.836, 9.63,4.17,4.86,9.3,10.3,10.3,1017.3,1017.5,0.0,0.0,85.13,78.53,3,357,10.6,10.0,98.4,98.7,5.8,5.2,8.4,357.0,1019.4,1019.6,278.08,381.18,1009.56,31.1297,12.9455,516.3,60.9,1495.511, NAN, NAN, NAN, NAN,,2024/04/19 15:32:49.207,2024-04-19 15:32:49.207000+00:00
2024/04/19, 15:33:49.207,36.019,-74.836, 9.29,4.1,5.74,8.73,10.3,10.3,1017.8,1017.4,0.0,0.0,85.13,78.53,2,355,10.5,10.1,98.4,98.4,6.0,5.7,6.7,354.2,1019.9,1019.5,275.01,382.49,1009.56,31.0931,12.9337,518.2,60.8,1495.428, NAN, NAN, NAN, NAN,,2024/04/19 15:33:49.207,2024-04-19 15:33:49.207000+00:00
2024/04/19, 15:34:49.207,36.021,-74.836, 6.97,3.76,5.3,6.51,10.3,10.3,1017.4,1017.6,0.0,0.0,85.13,78.53,4,358,10.3,9.6,99.1,98.9,7.0,6.3,9.1,0.0,1019.5,1019.7,266.05,381.13,984.58,31.0644,12.9069,520.6,61.0,1495.304, NAN, NAN, NAN, NAN,,2024/04/19 15:34:49.207,2024-04-19 15:34:49.207000+00:00
2024/04/19, 15:35:49.207,36.022,-74.836, 4.32,10.28,5.5,3.77,10.2,10.3,1017.4,1017.4,0.0,0.0,85.13,78.53,3,359,7.9,8.3,98.6,98.8,6.0,6.4,14.4,9.1,1019.5,1019.5,269.44,381.54,989.26,31.0396,12.8659,519.6,61.0,1495.136, NAN, NAN, NAN, NAN,,2024/04/19 15:35:49.207,2024-04-19 15:35:49.207000+00:00
2024/04/19, 15:36:49.207,36.023,-74.836, 0.63,9.99,14.17,2.57,10.2,10.2,1017.4,1017.6,0.0,0.0,85.13,78.53,359,349,7.8,7.8,98.5,98.6,6.5,6.5,8.7,356.7,1019.5,1019.7,275.25,381.36,1005.92,31.0186,12.8362,519.0,61.1,1495.011, NAN, NAN, NAN, NAN,,2024/04/19 15:36:49.207,2024-04-19 15:36:49.207000+00:00
2024/04/19, 15:37:49.207,36.024,-74.836, 0.47,7.12,16.98,1.48,10.2,10.2,1017.6,1017.4,0.0,0.0,85.13,78.53,351,341,6.3,6.2,98.7,98.8,5.6,5.5,356.5,345.2,1019.7,1019.5,273.22,382.42,999.28,30.999,12.8078,516.3,61.3,1494.892, NAN, NAN, NAN, NAN,,2024/04/19 15:37:49.207,2024-04-19 15:37:49.207000+00:00
2024/04/19, 15:38:49.207,36.024,-74.836, 0.17,7.74,344.58,0.7,10.2,10.2,1017.5,1017.5,0.0,0.0,85.13,78.53,354,350,6.4,6.2,99.0,98.9,6.0,5.8,2.0,357.8,1019.6,1019.6,274.67,382.34,1007.17,30.9686,12.7916,518.7,61.2,1494.801, NAN, NAN, NAN, NAN,,2024/04/19 15:38:49.207,2024-04-19 15:38:49.207000+00:00
2024/04/19, 15:39:49.207,36.024,-74.836, 0.35,6.42,94.76,0.35,10.2,10.2,1017.7,1017.3,0.0,0.0,85.13,78.53,2,353,6.7,5.9,99.2,99.1,6.7,5.9,6.9,357.7,1019.8,1019.4,276.01,381.98,1014.43,30.9461,12.7805,518.5,61.1,1494.737, NAN, NAN, NAN, NAN,,2024/04/19 15:39:49.207,2024-04-19 15:39:49.207000+00:00
2024/04/19, 15:40:49.207,36.024,-74.836, 0.15,4.82,42.28,0.21,10.2,10.2,1017.4,1017.4,0.0,0.0,85.13,78.53,0,356,5.6,5.2,99.1,99.1,5.5,5.1,4.9,0.8,1019.5,1019.5,269.65,382.72,999.67,30.9306,12.7726,521.6,60.9,1494.691, NAN, NAN, NAN, NAN,,2024/04/19 15:40:49.207,2024-04-19 15:40:49.207000+00:00
2024/04/19, 15:41:49.207,36.024,-74.836, 0.29,7.41,241.15,0.32,10.2,10.2,1017.4,1017.5,0.0,0.0,85.13,78.53,14,7,5.6,5.8,99.2,99.1,5.7,5.9,22.9,15.9,1019.5,1019.6,287.83,382.3,1062.5,30.9173,12.7665,525.7,60.8,1494.655, NAN, NAN, NAN, NAN,,2024/04/19 15:41:49.207,2024-04-19 15:41:49.207000+00:00
2024/04/19, 15:42:49.207,36.024,-74.836, 0.08,7.72,232.19,0.33,10.3,10.3,1017.6,1017.5,0.0,0.0,85.13,78.53,20,13,5.6,5.6,99.8,99.9,5.7,5.6,29.3,22.4,1019.7,1019.6,305.8,382.48,1097.87,30.9115,12.7586,530.0,60.1,1494.621, NAN, NAN, NAN, NAN,,2024/04/19 15:42:49.207,2024-04-19 15:42:49.207000+00:00
2024/04/19, 15:43:49.207,36.024,-74.836, 0.02,8.0,300.53,0.52,10.2,10.3,1017.5,1017.4,0.0,0.0,85.13,78.53,13,8,5.5,5.2,98.7,99.9,5.5,5.2,23.7,18.9,1019.6,1019.5,293.24,382.02,1069.27,30.9051,12.7491,532.1,60.2,1494.582, NAN, NAN, NAN, NAN,,2024/04/19 15:43:49.207,2024-04-19 15:43:49.207000+00:00
2024/04/19, 15:44:49.208,36.024,-74.836, 0.13,11.98,305.67,0.2,10.2,10.2,1017.3,1017.2,0.0,0.0,85.13,78.53,13,7,4.6,4.9,98.7,98.8,4.5,4.8,24.7,18.6,1019.4,1019.3,284.82,383.26,1052.94,30.9022,12.7403,535.2,60.4,1494.548, NAN, NAN, NAN, NAN,,2024/04/19 15:44:49.208,2024-04-19 15:44:49.208000+00:00
2024/04/19, 15:45:49.208,36.024,-74.836, 0.18,14.09,334.59,0.2,10.3,10.2,1017.4,1017.5,0.0,0.0,85.13,78.53,14,7,6.3,6.0,99.3,99.1,6.3,6.0,29.0,22.1,1019.5,1019.6,317.62,382.66,1138.55,30.8995,12.7299,537.4,60.5,1494.51, NAN, NAN, NAN, NAN,,2024/04/19 15:45:49.208,2024-04-19 15:45:49.208000+00:00
2024/04/19, 15:46:49.208,36.024,-74.836, 0.34,15.15,110.85,0.32,10.3,10.3,1017.3,1017.3,0.0,0.0,85.13,78.53,5,1,5.8,5.5,99.3,99.4,5.8,5.5,18.5,14.5,1019.4,1019.4,326.62,382.94,1163.95,30.899,12.7237,539.5,60.8,1494.488, NAN, NAN, NAN, NAN,,2024/04/19 15:46:49.208,2024-04-19 15:46:49.208000+00:00
2024/04/19, 15:47:49.208,36.024,-74.836, 0.23,13.87,248.68,0.42,10.3,10.3,1017.3,1017.2,0.0,0.0,85.13,78.53,6,2,5.6,5.2,99.3,99.5,5.7,5.3,21.7,17.9,1019.4,1019.3,325.15,382.67,1170.98,30.8977,12.7183,540.4,60.9,1494.468, NAN, NAN, NAN, NAN,,2024/04/19 15:47:49.208,2024-04-19 15:47:49.208000+00:00
2024/04/19, 15:48:49.208,36.024,-74.836, 0.24,13.52,139.66,0.44,10.3,10.3,1017.3,1017.2,0.0,0.0,85.13,78.53,18,13,6.4,6.0,98.9,98.9,6.5,6.1,29.9,24.9,1019.4,1019.3,334.58,383.13,1187.11,30.8972,12.7171,541.7,61.0,1494.464, NAN, NAN, NAN, NAN,,2024/04/19 15:48:49.208,2024-04-19 15:48:49.208000+00:00
2024/04/19, 15:49:49.208,36.024,-74.836, 0.37,13.99,335.35,0.15,10.3,10.4,1017.4,1017.2,0.0,0.0,85.13,78.53,13,7,6.3,6.5,99.2,99.2,6.2,6.4,26.6,20.5,1019.5,1019.3,310.38,382.59,1124.93,30.8961,12.7172,542.5,61.2,1494.463, NAN, NAN, NAN, NAN,,2024/04/19 15:49:49.208,2024-04-19 15:49:49.208000+00:00
2024/04/19, 15:50:49.208,36.024,-74.836, 0.16,13.84,40.13,0.48,10.3,10.4,1017.2,1017.1,0.0,0.0,85.13,78.53,5,5,6.1,6.1,99.0,99.0,5.9,5.9,17.1,17.1,1019.3,1019.2,291.84,382.4,1074.19,30.8939,12.7146,544.8,61.2,1494.451, NAN, NAN, NAN, NAN,,2024/04/19 15:50:49.208,2024-04-19 15:50:49.208000+00:00
2024/04/19, 15:51:49.208,36.024,-74.836, 0.02,13.99,299.96,0.28,10.3,10.3,1017.1,1017.2,0.0,0.0,85.13,78.53,4,357,6.9,7.1,98.6,98.6,7.0,7.2,18.8,11.8,1019.2,1019.3,296.89,381.75,1092.88,30.8924,12.7105,544.8,61.2,1494.436, NAN, NAN, NAN, NAN,,2024/04/19 15:51:49.208,2024-04-19 15:51:49.208000+00:00
2024/04/19, 15:52:49.208,36.024,-74.836, -0.13,14.06,68.54,0.4,10.3,10.4,1017.1,1017.1,0.0,0.0,85.13,78.53,358,354,5.5,6.0,99.1,99.3,5.6,6.1,10.4,6.6,1019.2,1019.2,311.6,382.46,1126.7,30.8888,12.7062,546.8,61.3,1494.417, NAN, NAN, NAN, NAN,,2024/04/19 15:52:49.208,2024-04-19 15:52:49.208000+00:00
2024/04/19, 15:53:49.208,36.024,-74.836, -0.37,13.75,163.2,0.73,10.3,10.3,1017.0,1017.0,0.0,0.0,85.13,78.53,2,353,5.9,6.0,98.7,98.7,6.2,6.3,13.7,5.2,1019.1,1019.1,316.77,382.17,1144.58,30.8869,12.6985,545.2,61.5,1494.388, NAN, NAN, NAN, NAN,,2024/04/19 15:53:49.208,2024-04-19 15:53:49.208000+00:00
2024/04/19, 15:54:49.208,36.024,-74.836, -0.64,13.39,193.48,1.02,10.3,10.3,1017.2,1017.3,0.0,0.0,85.13,78.53,1,1,5.9,5.7,99.0,98.7,6.4,6.2,15.3,15.3,1019.3,1019.4,321.44,382.44,1160.18,30.886,12.6924,547.5,61.4,1494.367, NAN, NAN, NAN, NAN,,2024/04/19 15:54:49.208,2024-04-19 15:54:49.208000+00:00
2024/04/19, 15:55:49.208,36.024,-74.836, -0.13,13.86,105.69,0.17,10.3,10.3,1017.3,1017.2,0.0,0.0,85.13,78.53,9,4,5.7,5.3,98.9,98.9,5.7,5.3,22.0,16.9,1019.4,1019.3,321.33,382.29,1161.74,30.8874,12.692,548.1,61.5,1494.367, NAN, NAN, NAN, NAN,,2024/04/19 15:55:49.208,2024-04-19 15:55:49.208000+00:00
2024/04/19, 15:56:49.208,36.024,-74.836, 0.48,13.84,86.97,0.17,10.3,10.3,1017.2,1017.1,0.0,0.0,85.13,78.53,4,0,6.0,5.8,99.3,99.4,6.1,5.9,18.0,14.1,1019.3,1019.2,333.13,382.3,1190.52,30.8886,12.6931,543.2,61.6,1494.372, NAN, NAN, NAN, NAN,,2024/04/19 15:56:49.208,2024-04-19 15:56:49.208000+00:00
2024/04/19, 15:57:49.208,36.023,-74.836, -0.05,14.44,221.36,0.2,10.3,10.3,1017.2,1017.2,0.0,0.0,85.13,78.53,351,348,5.1,4.8,98.8,98.9,5.1,4.8,6.5,3.6,1019.3,1019.3,323.03,382.46,1170.38,30.8918,12.6889,541.1,61.5,1494.362, NAN, NAN, NAN, NAN,,2024/04/19 15:57:49.208,2024-04-19 15:57:49.208000+00:00
2024/04/19, 15:58:49.208,36.023,-74.836, -0.38,14.39,158.6,0.48,10.3,10.3,1017.1,1017.1,0.0,0.0,85.13,78.53,1,352,6.0,5.9,99.1,99.2,6.2,6.1,14.1,5.4,1019.2,1019.2,329.96,382.73,1191.39,30.8952,12.6873,544.8,61.5,1494.36, NAN, NAN, NAN, NAN,,2024/04/19 15:58:49.208,2024-04-19 15:58:49.208000+00:00
2024/04/19, 15:59:49.208,36.023,-74.836, -0.49,14.12,198.17,0.63,10.3,10.4,1017.1,1017.1,0.0,0.0,85.13,78.53,356,350,6.1,5.7,99.3,99.4,6.4,6.0,10.6,4.9,1019.2,1019.2,340.81,382.64,1220.18,30.8969,12.6868,550.2,61.1,1494.361, NAN, NAN, NAN, NAN,,2024/04/19 15:59:49.208,2024-04-19 15:59:49.208000+00:00
2024/04/19, 16:00:49.209,36.023,-74.836, -0.72,11.09,228.49,0.88,10.3,10.4,1017.2,1017.2,0.0,0.0,85.13,78.53,0,352,5.7,5.6,99.1,99.4,6.1,6.0,12.3,4.9,1019.3,1019.3,336.2,382.42,1212.16,30.8949,12.6652,550.5,61.5,1494.285, NAN, NAN, NAN, NAN,,2024/04/19 16:00:49.209,2024-04-19 16:00:49.209000+00:00
2024/04/19, 16:01:49.209,36.023,-74.837, -0.77,1.14,199.26,1.05,10.3,10.3,1017.2,1017.1,0.0,0.0,85.13,78.53,6,2,6.0,6.0,98.6,98.6,6.5,6.5,8.9,5.2,1019.3,1019.2,335.23,382.81,1210.93,30.8933,12.6493,551.2,61.4,1494.229, NAN, NAN, NAN, NAN,,2024/04/19 16:01:49.209,2024-04-19 16:01:49.209000+00:00
2024/04/19, 16:02:49.209,36.023,-74.837, 1.66,358.55,334.86,1.64,10.3,10.3,1017.1,1017.2,0.0,0.0,85.13,78.53,12,6,6.9,6.4,98.8,98.8,6.1,5.6,13.9,7.3,1019.2,1019.3,336.11,382.42,1214.72,30.8961,12.6335,552.9,59.7,1494.179, NAN, NAN, NAN, NAN,,2024/04/19 16:02:49.209,2024-04-19 16:02:49.209000+00:00
2024/04/19, 16:03:49.209,36.024,-74.837, 3.37,1.35,356.63,3.19,10.3,10.3,1017.2,1017.1,0.0,0.0,85.13,78.53,7,359,8.2,7.6,98.9,99.0,6.6,6.0,11.2,1.3,1019.3,1019.2,340.26,382.42,1229.32,30.9088,12.6357,554.8,60.0,1494.201, NAN, NAN, NAN, NAN,,2024/04/19 16:03:49.209,2024-04-19 16:03:49.209000+00:00
2024/04/19, 16:04:49.209,36.025,-74.837, 4.46,359.91,357.37,4.02,10.3,10.4,1017.2,1017.1,0.0,0.0,85.13,78.53,12,4,8.3,8.1,98.9,99.0,6.3,6.0,16.0,5.5,1019.3,1019.2,337.53,382.46,1216.14,30.9023,12.6277,553.9,60.1,1494.166, NAN, NAN, NAN, NAN,,2024/04/19 16:04:49.209,2024-04-19 16:04:49.209000+00:00
2024/04/19, 16:05:49.209,36.026,-74.837, 4.74,0.28,353.38,4.53,10.3,10.4,1017.0,1017.2,0.0,0.0,85.13,78.53,2,0,7.4,7.9,98.8,98.9,5.1,5.6,5.2,2.1,1019.1,1019.3,325.0,382.59,1174.83,30.8955,12.6066,549.9,60.3,1494.086, NAN, NAN, NAN, NAN,,2024/04/19 16:05:49.209,2024-04-19 16:05:49.209000+00:00
2024/04/19, 16:06:49.209,36.027,-74.837, 6.58,0.14,3.36,6.25,10.4,10.4,1017.0,1017.0,0.0,0.0,85.13,78.53,12,6,9.2,8.7,98.9,98.8,6.1,5.5,18.2,9.4,1019.1,1019.1,339.7,382.53,1234.21,30.8605,12.5878,537.4,60.5,1493.981, NAN, NAN, NAN, NAN,,2024/04/19 16:06:49.209,2024-04-19 16:06:49.209000+00:00
2024/04/19, 16:07:49.209,36.03,-74.837, 8.48,1.17,359.04,8.5,10.4,10.4,1017.0,1017.0,0.0,0.0,85.13,78.53,14,6,10.8,9.8,99.1,99.1,6.7,5.5,25.2,13.1,1019.1,1019.1,345.51,383.17,1259.15,30.8236,12.554,530.0,60.5,1493.822, NAN, NAN, NAN, NAN,,2024/04/19 16:07:49.209,2024-04-19 16:07:49.209000+00:00
2024/04/19, 16:08:49.209,36.032,-74.837, 9.48,0.04,5.39,9.13,10.5,10.5,1016.9,1016.9,0.0,0.0,85.13,78.53,7,1,10.6,10.0,99.5,99.6,5.9,5.3,10.6,359.7,1019.0,1019.0,349.6,381.69,1266.05,30.8028,12.5096,525.7,60.6,1493.646, NAN, NAN, NAN, NAN,,2024/04/19 16:08:49.209,2024-04-19 16:08:49.209000+00:00
2024/04/19, 16:09:49.209,36.035,-74.837, 10.16,359.9,358.83,10.09,10.4,10.5,1017.0,1017.0,0.0,0.0,85.13,78.53,7,0,10.4,10.3,98.5,98.7,5.3,5.1,14.3,0.5,1019.1,1019.1,339.79,382.09,1239.13,30.79,12.5017,524.9,60.6,1493.604, NAN, NAN, NAN, NAN,,2024/04/19 16:09:49.209,2024-04-19 16:09:49.209000+00:00
2024/04/19, 16:10:49.209,36.037,-74.837, 10.15,358.97,357.2,9.74,10.4,10.4,1016.9,1016.9,0.0,0.0,85.13,78.53,22,16,10.9,10.5,98.2,98.2,6.5,5.9,37.8,28.7,1019.0,1019.0,369.96,382.53,1324.91,30.7844,12.543,523.3,60.4,1493.738, NAN, NAN, NAN, NAN,,2024/04/19 16:10:49.209,2024-04-19 16:10:49.209000+00:00
2024/04/19, 16:11:49.209,36.04,-74.837, 10.19,0.13,2.37,9.52,10.4,10.4,1016.8,1017.0,0.0,0.0,85.13,78.53,20,17,10.5,11.1,98.6,98.8,6.1,6.6,36.1,29.8,1018.9,1019.1,356.27,382.96,1278.41,30.7708,12.6203,520.9,60.4,1493.985, NAN, NAN, NAN, NAN,,2024/04/19 16:11:49.209,2024-04-19 16:11:49.209000+00:00
2024/04/19, 16:12:49.209,36.043,-74.837, 9.95,359.55,1.91,9.52,10.4,10.4,1016.9,1016.9,0.0,0.0,85.13,78.53,15,12,10.6,9.9,98.1,98.2,6.0,5.2,25.7,21.5,1019.0,1019.0,346.15,382.45,1272.6,30.7571,12.7011,520.6,60.1,1494.243, NAN, NAN, NAN, NAN,,2024/04/19 16:12:49.209,2024-04-19 16:12:49.209000+00:00
2024/04/19, 16:13:49.209,36.045,-74.837, 9.96,0.76,358.11,9.66,10.5,10.5,1016.9,1016.8,0.0,0.0,85.13,78.53,26,19,9.8,9.7,98.6,98.9,6.0,5.4,50.5,39.7,1019.0,1018.9,379.91,383.13,1349.63,30.7567,12.7363,518.5,60.3,1494.362, NAN, NAN, NAN, NAN,,2024/04/19 16:13:49.209,2024-04-19 16:13:49.209000+00:00
2024/04/19, 16:14:49.209,36.048,-74.837, 10.44,358.82,356.48,9.49,10.5,10.5,1016.9,1016.9,0.0,0.0,85.13,78.53,26,20,11.0,11.1,98.3,98.5,7.1,6.8,43.7,34.3,1019.0,1019.0,393.15,382.59,1392.01,30.7618,12.7511,519.3,60.3,1494.419, NAN, NAN, NAN, NAN,,2024/04/19 16:14:49.209,2024-04-19 16:14:49.209000+00:00
2024/04/19, 16:15:49.209,36.051,-74.837, 10.12,1.37,359.56,9.5,10.5,10.5,1016.8,1017.0,0.0,0.0,85.13,78.53,23,18,10.5,10.1,97.8,98.1,6.3,5.7,42.2,35.1,1018.9,1019.1,397.62,383.02,1406.57,30.7674,12.785,516.6,60.6,1494.54, NAN, NAN, NAN, NAN,,2024/04/19 16:15:49.209,2024-04-19 16:15:49.209000+00:00
2024/04/19, 16:16:49.210,36.053,-74.837, 10.37,0.63,0.2,9.95,10.4,10.4,1016.9,1016.8,0.0,0.0,85.13,78.53,24,17,10.5,10.0,97.2,97.2,6.3,5.4,44.9,34.8,1019.0,1018.9,405.01,382.93,1418.18,30.7634,12.8142,516.6,60.7,1494.634, NAN, NAN, NAN, NAN,,2024/04/19 16:16:49.210,2024-04-19 16:16:49.210000+00:00
2024/04/19, 16:17:49.210,36.056,-74.837, 10.14,359.59,359.21,9.37,10.5,10.5,1016.8,1016.9,0.0,0.0,85.13,78.53,24,21,10.1,10.6,97.7,97.9,6.0,6.4,42.7,36.6,1018.9,1019.0,381.0,382.37,1355.34,30.7638,12.8308,513.9,60.8,1494.691, NAN, NAN, NAN, NAN,,2024/04/19 16:17:49.210,2024-04-19 16:17:49.210000+00:00
2024/04/19, 16:18:49.210,36.059,-74.837, 10.21,359.13,357.34,8.86,10.4,10.5,1016.8,1016.9,0.0,0.0,85.13,78.53,24,18,11.6,10.8,97.0,97.2,7.7,6.6,37.3,29.7,1018.9,1019.0,391.07,382.47,1379.05,30.7709,12.8427,511.8,60.3,1494.74, NAN, NAN, NAN, NAN,,2024/04/19 16:18:49.210,2024-04-19 16:18:49.210000+00:00
2024/04/19, 16:19:49.210,36.061,-74.837, 10.19,359.48,358.5,9.76,10.5,10.5,1016.9,1016.8,0.0,0.0,85.13,78.53,26,21,11.0,10.5,97.3,97.1,6.9,6.1,44.5,38.1,1019.0,1018.9,384.07,382.41,1362.65,30.7686,12.8467,511.5,60.1,1494.75, NAN, NAN, NAN, NAN,,2024/04/19 16:19:49.210,2024-04-19 16:19:49.210000+00:00
2024/04/19, 16:20:49.210,36.064,-74.837, 10.46,0.99,1.27,9.89,10.4,10.5,1016.8,1016.8,0.0,0.0,85.13,78.53,19,14,10.8,10.2,96.8,97.0,6.2,5.4,35.6,28.3,1018.9,1018.9,370.43,382.63,1325.63,30.7677,12.8417,509.6,60.2,1494.732, NAN, NAN, NAN, NAN,,2024/04/19 16:20:49.210,2024-04-19 16:20:49.210000+00:00
2024/04/19, 16:21:49.210,36.067,-74.837, 10.44,0.71,359.3,10.06,10.5,10.5,1016.9,1016.7,0.0,0.0,85.13,78.53,21,16,10.9,10.8,97.3,97.4,6.4,6.1,39.4,31.3,1019.0,1018.8,360.4,382.55,1301.75,30.768,12.8183,509.6,60.6,1494.654, NAN, NAN, NAN, NAN,,2024/04/19 16:21:49.210,2024-04-19 16:21:49.210000+00:00
2024/04/19, 16:22:49.210,36.07,-74.837, 10.38,0.57,358.38,9.88,10.5,10.5,1016.8,1016.8,0.0,0.0,85.13,78.53,26,21,10.4,10.5,97.2,97.1,6.3,6.1,48.2,40.1,1018.9,1018.9,367.22,383.09,1328.86,30.7674,12.8126,508.8,60.5,1494.634, NAN, NAN, NAN, NAN,,2024/04/19 16:22:49.210,2024-04-19 16:22:49.210000+00:00
2024/04/19, 16:23:49.210,36.072,-74.837, 10.54,359.84,359.42,9.64,10.5,10.5,1016.8,1016.8,0.0,0.0,85.13,78.53,23,18,11.4,10.7,97.4,97.4,7.1,6.2,38.7,32.3,1018.9,1018.9,394.86,382.63,1404.46,30.7752,12.8202,511.2,60.6,1494.669, NAN, NAN, NAN, NAN,,2024/04/19 16:23:49.210,2024-04-19 16:23:49.210000+00:00
2024/04/19, 16:24:49.210,36.075,-74.837, 10.37,359.25,357.96,8.96,10.5,10.5,1016.9,1017.0,0.0,0.0,85.13,78.53,23,20,11.8,11.2,96.7,96.8,7.8,7.1,36.0,32.6,1019.0,1019.1,402.79,383.1,1420.0,30.7704,12.8377,509.9,60.8,1494.722, NAN, NAN, NAN, NAN,,2024/04/19 16:24:49.210,2024-04-19 16:24:49.210000+00:00
2024/04/19, 16:25:49.210,36.078,-74.837, 9.88,0.48,1.58,9.61,10.5,10.5,1017.1,1016.8,0.0,0.0,85.13,78.53,23,18,11.3,11.1,96.7,96.8,7.0,6.6,39.3,31.7,1019.2,1018.9,396.53,382.46,1426.24,30.8177,12.8576,510.8,60.8,1494.845, NAN, NAN, NAN, NAN,,2024/04/19 16:25:49.210,2024-04-19 16:25:49.210000+00:00
2024/04/19, 16:26:49.210,36.08,-74.837, 10.16,1.27,0.51,8.41,10.5,10.5,1016.9,1016.9,0.0,0.0,85.13,78.53,18,12,9.7,9.0,96.4,96.6,5.8,4.9,33.6,25.1,1019.0,1019.0,412.48,383.1,1457.3,30.8526,12.8808,508.9,60.6,1494.965, NAN, NAN, NAN, NAN,,2024/04/19 16:26:49.210,2024-04-19 16:26:49.210000+00:00
2024/04/19, 16:27:49.210,36.083,-74.837, 9.72,0.2,357.78,9.35,10.5,10.5,1017.0,1017.2,0.0,0.0,85.13,78.53,20,17,9.9,9.5,96.5,96.4,5.7,5.2,38.3,34.5,1019.1,1019.3,408.09,383.41,1450.03,30.8932,12.9038,508.4,60.6,1495.091, NAN, NAN, NAN, NAN,,2024/04/19 16:27:49.210,2024-04-19 16:27:49.210000+00:00
2024/04/19, 16:28:49.210,36.085,-74.838, 10.21,358.94,0.86,9.34,10.6,10.6,1016.9,1016.9,0.0,0.0,85.13,78.53,20,16,10.5,10.0,96.8,96.8,6.2,5.5,34.1,28.5,1019.0,1019.0,399.96,382.79,1423.36,30.9084,12.9125,508.1,60.9,1495.138, NAN, NAN, NAN, NAN,,2024/04/19 16:28:49.210,2024-04-19 16:28:49.210000+00:00
2024/04/19, 16:29:49.210,36.088,-74.838, 10.32,2.86,2.94,8.48,10.6,10.6,1017.0,1016.9,0.0,0.0,85.13,78.53,19,14,11.4,10.7,96.2,96.4,7.4,6.6,32.9,26.1,1019.1,1019.0,390.35,382.94,1399.95,30.9019,12.9165,504.8,61.0,1495.144, NAN, NAN, NAN, NAN,,2024/04/19 16:29:49.210,2024-04-19 16:29:49.210000+00:00
2024/04/19, 16:30:49.210,36.09,-74.838, 7.50,1.54,2.36,6.79,10.5,10.6,1016.9,1016.8,0.0,0.0,85.13,78.53,17,13,9.9,9.1,95.8,95.8,6.7,5.8,28.7,24.0,1019.0,1018.9,401.12,383.0,1432.88,30.898,12.9343,505.6,60.9,1495.199, NAN, NAN, NAN, NAN,,2024/04/19 16:30:49.210,2024-04-19 16:30:49.210000+00:00
2024/04/19, 16:31:49.210,36.092,-74.838, 6.54,3.77,2.99,5.86,10.6,10.6,1016.9,1016.8,0.0,0.0,85.13,78.53,19,14,9.0,8.5,96.1,96.2,6.3,5.7,32.5,26.0,1019.0,1018.9,420.86,383.19,1473.96,30.8858,12.9687,505.4,60.2,1495.301, NAN, NAN, NAN, NAN,,2024/04/19 16:31:49.210,2024-04-19 16:31:49.210000+00:00
2024/04/19, 16:32:49.211,36.093,-74.837, 6.26,4.39,2.77,5.42,10.6,10.6,1016.9,1016.9,0.0,0.0,85.13,78.53,23,20,7.7,8.3,95.8,95.8,5.3,5.8,40.5,35.1,1019.0,1019.0,398.43,383.23,1423.62,30.8749,12.9858,505.9,59.8,1495.346, NAN, NAN, NAN, NAN,,2024/04/19 16:32:49.211,2024-04-19 16:32:49.211000+00:00
2024/04/19, 16:33:49.211,36.095,-74.837, 5.81,4.48,2.48,5.62,10.6,10.6,1017.2,1017.0,0.0,0.0,85.13,78.53,22,16,9.7,9.4,96.1,96.2,7.2,6.7,36.0,28.2,1019.3,1019.1,392.84,383.33,1411.4,30.8853,12.993,505.6,59.8,1495.382, NAN, NAN, NAN, NAN,,2024/04/19 16:33:49.211,2024-04-19 16:33:49.211000+00:00
2024/04/19, 16:34:49.211,36.096,-74.837, 5.95,4.27,359.78,5.76,10.6,10.6,1016.9,1017.0,0.0,0.0,85.13,78.53,11,14,6.9,7.4,95.8,96.0,4.1,4.6,25.0,28.7,1019.0,1019.1,408.95,383.78,1458.8,30.904,12.9964,504.4,60.0,1495.416, NAN, NAN, NAN, NAN,,2024/04/19 16:34:49.211,2024-04-19 16:34:49.211000+00:00
2024/04/19, 16:35:49.211,36.098,-74.837, 5.51,4.35,355.94,4.0,10.6,10.7,1016.9,1016.8,0.0,0.0,85.13,78.53,18,13,8.2,8.0,95.8,96.5,6.4,6.1,29.9,23.6,1019.0,1018.9,401.19,383.8,1427.42,30.9195,12.9918,503.2,60.1,1495.419, NAN, NAN, NAN, NAN,,2024/04/19 16:35:49.211,2024-04-19 16:35:49.211000+00:00
2024/04/19, 16:36:49.211,36.099,-74.837, 3.17,4.83,350.95,1.68,10.7,10.7,1017.2,1017.0,0.0,0.0,85.13,78.53,17,16,6.0,6.0,96.2,96.3,5.3,5.3,26.4,25.2,1019.3,1019.1,392.61,383.36,1406.33,30.9233,12.9875,503.5,60.4,1495.409, NAN, NAN, NAN, NAN,,2024/04/19 16:36:49.211,2024-04-19 16:36:49.211000+00:00
2024/04/19, 16:37:49.211,36.099,-74.837, -0.17,1.46,31.93,0.98,10.7,10.7,1017.2,1017.0,0.0,0.0,85.13,78.53,24,18,6.1,5.9,95.6,95.8,5.6,5.4,26.3,19.7,1019.3,1019.1,375.35,383.74,1369.88,30.9488,12.9908,502.0,60.5,1495.45, NAN, NAN, NAN, NAN,,2024/04/19 16:37:49.211,2024-04-19 16:37:49.211000+00:00
2024/04/19, 16:38:49.211,36.099,-74.837, 1.25,14.78,349.45,0.46,10.7,10.7,1017.2,1017.2,0.0,0.0,85.13,78.53,16,9,5.7,5.7,95.6,95.6,5.5,5.5,31.7,24.4,1019.3,1019.3,395.54,383.61,1429.51,30.9628,12.9954,502.8,60.4,1495.482, NAN, NAN, NAN, NAN,,2024/04/19 16:38:49.211,2024-04-19 16:38:49.211000+00:00
2024/04/19, 16:39:49.211,36.099,-74.837, 0.42,18.78,322.51,0.27,10.7,10.7,1017.0,1017.0,0.0,0.0,85.13,78.53,1,355,5.6,5.7,96.0,96.0,5.5,5.6,20.7,14.5,1019.1,1019.1,457.06,384.0,1580.58,31.0069,12.9998,508.4,60.2,1495.549, NAN, NAN, NAN, NAN,,2024/04/19 16:39:49.211,2024-04-19 16:39:49.211000+00:00
2024/04/19, 16:40:49.211,36.099,-74.837, 0.25,18.76,150.86,0.16,10.7,10.7,1017.0,1017.0,0.0,0.0,85.13,78.53,4,0,5.5,5.4,95.9,95.9,5.5,5.5,22.1,18.1,1019.1,1019.1,438.29,383.43,1551.07,31.0588,13.0029,512.1,60.4,1495.621, NAN, NAN, NAN, NAN,,2024/04/19 16:40:49.211,2024-04-19 16:40:49.211000+00:00
2024/04/19, 16:41:49.211,36.099,-74.837, 0.35,17.7,247.08,0.06,10.7,10.7,1017.0,1017.0,0.0,0.0,85.13,78.53,3,356,5.3,5.2,95.8,95.9,5.3,5.2,20.9,13.9,1019.1,1019.1,458.45,383.84,1599.37,31.0137,13.0059,512.3,60.4,1495.577, NAN, NAN, NAN, NAN,,2024/04/19 16:41:49.211,2024-04-19 16:41:49.211000+00:00
2024/04/19, 16:42:49.211,36.099,-74.837, 0.64,18.25,308.08,0.19,10.7,10.7,1017.0,1016.9,0.0,0.0,85.13,78.53,5,357,5.6,5.2,95.2,95.8,5.6,5.2,24.2,16.3,1019.1,1019.0,483.04,383.94,1661.8,31.002,13.0037,516.6,60.5,1495.556, NAN, NAN, NAN, NAN,,2024/04/19 16:42:49.211,2024-04-19 16:42:49.211000+00:00
2024/04/19, 16:43:49.211,36.099,-74.837, 0.63,16.5,63.39,0.27,10.7,10.7,1017.1,1017.1,0.0,0.0,85.13,78.53,2,356,4.4,4.4,95.3,95.4,4.3,4.3,17.9,11.7,1019.2,1019.2,488.19,384.37,1685.65,30.994,12.9999,520.0,60.5,1495.534, NAN, NAN, NAN, NAN,,2024/04/19 16:43:49.211,2024-04-19 16:43:49.211000+00:00
2024/04/19, 16:44:49.211,36.099,-74.837, 0.39,18.12,151.85,0.32,10.7,10.7,1016.9,1017.0,0.0,0.0,85.13,78.53,356,350,5.3,5.1,95.6,95.6,5.5,5.3,14.0,8.2,1019.0,1019.1,491.41,383.82,1696.47,30.9721,12.9931,519.0,60.7,1495.485, NAN, NAN, NAN, NAN,,2024/04/19 16:44:49.211,2024-04-19 16:44:49.211000+00:00
2024/04/19, 16:45:49.211,36.099,-74.837, 0.11,17.94,275.15,0.91,10.7,10.7,1017.0,1017.0,0.0,0.0,85.13,78.53,354,348,4.9,4.8,95.7,96.0,5.0,4.9,17.1,11.3,1019.1,1019.1,464.4,383.74,1632.39,30.9632,12.9827,517.9,60.6,1495.44, NAN, NAN, NAN, NAN,,2024/04/19 16:45:49.211,2024-04-19 16:45:49.211000+00:00
2024/04/19, 16:46:49.211,36.099,-74.837, -0.03,16.38,190.67,0.5,10.7,10.7,1017.0,1017.0,0.0,0.0,85.13,78.53,358,353,5.2,5.0,95.3,95.4,5.5,5.3,14.8,10.0,1019.1,1019.1,472.86,383.81,1644.35,30.9571,12.9794,521.2,60.4,1495.421, NAN, NAN, NAN, NAN,,2024/04/19 16:46:49.211,2024-04-19 16:46:49.211000+00:00
2024/04/19, 16:47:49.211,36.099,-74.837, -0.19,17.82,183.91,1.16,10.7,10.7,1017.2,1017.0,0.0,0.0,85.13,78.53,353,349,5.2,5.2,95.4,95.5,5.8,5.8,11.0,7.4,1019.3,1019.1,490.71,384.38,1683.34,30.9944,12.9796,524.3,60.4,1495.466, NAN, NAN, NAN, NAN,,2024/04/19 16:47:49.211,2024-04-19 16:47:49.211000+00:00
2024/04/19, 16:48:49.211,36.098,-74.837, -0.38,17.69,152.09,0.99,10.7,10.7,1017.3,1017.2,0.0,0.0,85.13,78.53,4,357,5.2,5.0,96.0,96.0,5.6,5.4,18.5,11.9,1019.4,1019.3,493.27,383.67,1683.34,31.0125,12.9853,524.0,60.6,1495.507, NAN, NAN, NAN, NAN,,2024/04/19 16:48:49.211,2024-04-19 16:48:49.211000+00:00
2024/04/19, 16:49:49.212,36.098,-74.838, -0.50,18.61,215.32,1.15,10.7,10.7,1017.2,1017.2,0.0,0.0,85.13,78.53,349,341,4.7,5.1,95.9,95.3,5.2,5.6,10.4,3.0,1019.3,1019.3,428.3,383.75,1506.41,30.9926,12.9836,522.4,60.5,1495.477, NAN, NAN, NAN, NAN,,2024/04/19 16:49:49.212,2024-04-19 16:49:49.212000+00:00
2024/04/19, 16:50:49.212,36.098,-74.838, 0.59,18.18,293.28,0.27,10.7,10.7,1017.2,1017.0,0.0,0.0,85.13,78.53,339,332,5.0,5.6,95.2,95.3,5.1,5.6,358.6,351.5,1019.3,1019.1,413.54,383.41,1481.12,31.0865,12.9662,522.0,60.6,1495.53, NAN, NAN, NAN, NAN,,2024/04/19 16:50:49.212,2024-04-19 16:50:49.212000+00:00
2024/04/19, 16:51:49.212,36.098,-74.838, 0.58,17.55,303.79,0.39,10.7,10.7,1017.1,1017.0,0.0,0.0,85.13,78.53,338,335,5.1,5.3,95.4,95.5,5.0,5.2,357.2,354.1,1019.2,1019.1,421.56,383.81,1503.64,31.1512,12.9368,520.6,60.7,1495.507, NAN, NAN, NAN, NAN,,2024/04/19 16:51:49.212,2024-04-19 16:51:49.212000+00:00
2024/04/19, 16:52:49.212,36.098,-74.838, 0.57,17.2,152.67,0.2,10.7,10.7,1017.2,1017.2,0.0,0.0,85.13,78.53,344,340,6.0,6.1,96.0,95.9,5.9,6.0,0.5,356.5,1019.3,1019.3,424.49,383.01,1515.69,31.1728,12.9374,520.6,60.6,1495.535, NAN, NAN, NAN, NAN,,2024/04/19 16:52:49.212,2024-04-19 16:52:49.212000+00:00
2024/04/19, 16:53:49.212,36.098,-74.838, 0.85,16.13,235.85,0.17,10.7,10.7,1017.2,1017.2,0.0,0.0,85.13,78.53,343,338,5.5,5.5,96.0,96.1,5.6,5.6,358.7,353.8,1019.3,1019.3,468.98,383.19,1634.81,31.0806,12.9598,510.8,60.7,1495.501, NAN, NAN, NAN, NAN,,2024/04/19 16:53:49.212,2024-04-19 16:53:49.212000+00:00
2024/04/19, 16:54:49.212,36.098,-74.838, 0.30,17.57,240.36,0.31,10.7,10.7,1017.2,1017.0,0.0,0.0,85.13,78.53,344,339,5.8,5.9,95.9,95.8,5.9,6.0,2.8,357.8,1019.3,1019.1,486.9,382.84,1670.21,31.0208,12.9767,510.5,60.8,1495.488, NAN, NAN, NAN, NAN,,2024/04/19 16:54:49.212,2024-04-19 16:54:49.212000+00:00
2024/04/19, 16:55:49.212,36.098,-74.838, 0.15,17.57,109.83,0.49,10.7,10.7,1017.2,1017.0,0.0,0.0,85.13,78.53,341,335,5.1,5.3,96.0,96.0,5.3,5.5,356.5,350.8,1019.3,1019.1,479.06,382.83,1653.15,31.1291,12.9829,519.3,60.9,1495.636, NAN, NAN, NAN, NAN,,2024/04/19 16:55:49.212,2024-04-19 16:55:49.212000+00:00
2024/04/19, 16:56:49.212,36.098,-74.838, 0.03,17.32,146.7,0.72,10.5,10.6,1016.9,1016.9,0.0,0.0,85.13,78.53,337,331,5.1,6.3,95.4,95.3,5.5,6.7,353.4,347.9,1019.0,1019.0,449.03,382.93,1574.89,31.178,12.9912,523.0,61.0,1495.722, NAN, NAN, NAN, NAN,,2024/04/19 16:56:49.212,2024-04-19 16:56:49.212000+00:00
2024/04/19, 16:57:49.212,36.098,-74.838, -0.08,16.95,216.24,0.58,10.5,10.6,1017.0,1017.2,0.0,0.0,85.13,78.53,336,331,5.4,5.8,96.3,96.3,5.7,6.0,354.4,349.5,1019.1,1019.3,439.63,382.26,1555.03,31.1618,13.0021,523.6,61.0,1495.74, NAN, NAN, NAN, NAN,,2024/04/19 16:57:49.212,2024-04-19 16:57:49.212000+00:00
2024/04/19, 16:58:49.212,36.098,-74.838, -0.13,10.2,188.96,0.98,10.5,10.5,1017.0,1016.9,0.0,0.0,85.13,78.53,339,335,4.8,5.5,96.0,95.9,5.3,5.9,351.5,347.5,1019.1,1019.0,475.4,382.95,1646.43,31.1444,13.0101,524.0,61.0,1495.746, NAN, NAN, NAN, NAN,,2024/04/19 16:58:49.212,2024-04-19 16:58:49.212000+00:00
2024/04/19, 16:59:49.212,36.097,-74.838, -0.24,5.96,203.02,0.78,10.5,10.5,1017.0,1017.0,0.0,0.0,85.13,78.53,356,351,5.1,5.0,96.8,96.7,5.5,5.4,3.1,358.5,1019.1,1019.1,480.47,382.43,1666.8,31.1373,13.0109,522.4,60.6,1495.74, NAN, NAN, NAN, NAN,,2024/04/19 16:59:49.212,2024-04-19 16:59:49.212000+00:00
2024/04/19, 17:00:49.212,36.097,-74.838, 1.49,5.39,351.93,1.96,10.5,10.5,1017.0,1016.9,0.0,0.0,85.13,78.53,355,349,5.6,5.2,96.2,96.2,4.6,4.2,1.4,354.0,1019.1,1019.0,477.32,382.84,1659.58,31.1413,13.0009,523.6,60.6,1495.711, NAN, NAN, NAN, NAN,,2024/04/19 17:00:49.212,2024-04-19 17:00:49.212000+00:00
2024/04/19, 17:01:49.212,36.098,-74.838, 2.97,6.4,359.57,3.64,10.4,10.5,1016.9,1016.9,0.0,0.0,85.13,78.53,357,352,7.1,7.0,96.6,96.6,5.2,5.1,4.4,357.6,1019.0,1019.0,475.87,382.28,1652.22,31.1709,12.998,525.7,60.2,1495.737, NAN, NAN, NAN, NAN,,2024/04/19 17:01:49.212,2024-04-19 17:01:49.212000+00:00
2024/04/19, 17:02:49.212,36.1,-74.838, 6.24,6.57,5.87,5.61,10.4,10.4,1017.0,1016.9,0.0,0.0,85.13,78.53,357,352,8.1,8.1,96.7,96.7,5.2,5.2,2.5,354.8,1019.1,1019.0,476.88,381.89,1647.24,31.1392,13.0011,517.6,60.6,1495.71, NAN, NAN, NAN, NAN,,2024/04/19 17:02:49.212,2024-04-19 17:02:49.212000+00:00
2024/04/19, 17:03:49.212,36.101,-74.837, 7.37,5.7,5.95,6.64,10.4,10.4,1016.9,1016.8,0.0,0.0,85.13,78.53,1,356,9.5,9.3,96.9,97.0,6.1,5.9,7.7,359.8,1019.0,1018.9,452.38,381.28,1585.23,31.1146,13.0029,517.9,60.6,1495.687, NAN, NAN, NAN, NAN,,2024/04/19 17:03:49.212,2024-04-19 17:03:49.212000+00:00
2024/04/19, 17:04:49.213,36.103,-74.837, 7.79,8.88,6.34,6.97,10.4,10.4,1016.9,1016.8,0.0,0.0,85.13,78.53,356,351,8.8,9.2,96.8,96.9,5.2,5.6,4.2,356.1,1019.0,1018.9,472.87,381.57,1636.12,31.1429,13.0083,517.2,60.7,1495.738, NAN, NAN, NAN, NAN,,2024/04/19 17:04:49.213,2024-04-19 17:04:49.213000+00:00
2024/04/19, 17:05:49.213,36.105,-74.837, 7.74,8.77,7.22,7.06,10.4,10.4,1016.9,1016.8,0.0,0.0,85.13,78.53,357,351,9.3,9.1,97.1,97.2,5.7,5.5,4.3,354.4,1019.0,1018.9,440.26,381.66,1570.79,31.1075,13.0104,512.9,60.6,1495.703, NAN, NAN, NAN, NAN,,2024/04/19 17:05:49.213,2024-04-19 17:05:49.213000+00:00
2024/04/19, 17:06:49.213,36.107,-74.837, 8.81,7.6,9.71,8.02,10.4,10.4,1016.8,1016.8,0.0,0.0,85.13,78.53,357,353,9.6,9.4,97.3,97.3,5.5,5.3,2.0,354.8,1018.9,1018.9,460.2,381.83,1610.86,31.0218,13.0078,506.5,60.7,1495.593, NAN, NAN, NAN, NAN,,2024/04/19 17:06:49.213,2024-04-19 17:06:49.213000+00:00
2024/04/19, 17:07:49.213,36.11,-74.836, 9.12,7.81,7.17,8.79,10.4,10.4,1016.8,1016.6,0.0,0.0,85.13,78.53,357,351,9.5,9.6,97.7,97.6,5.0,5.2,2.6,351.4,1018.9,1018.7,459.46,381.52,1601.39,30.9612,13.0024,503.8,60.8,1495.504, NAN, NAN, NAN, NAN,,2024/04/19 17:07:49.213,2024-04-19 17:07:49.213000+00:00
2024/04/19, 17:08:49.213,36.112,-74.836, 9.32,8.62,3.36,8.66,10.4,10.3,1016.8,1016.6,0.0,0.0,85.13,78.53,357,351,10.1,9.9,97.6,96.9,5.6,5.5,6.0,355.1,1018.9,1018.7,440.3,380.95,1550.56,30.9271,12.9917,502.5,60.9,1495.427, NAN, NAN, NAN, NAN,,2024/04/19 17:08:49.213,2024-04-19 17:08:49.213000+00:00
2024/04/19, 17:09:49.213,36.114,-74.835, 9.60,7.83,7.63,9.05,10.3,10.3,1016.6,1016.6,0.0,0.0,85.13,78.53,358,352,10.5,10.1,97.2,97.2,5.9,5.5,4.6,353.5,1018.7,1018.7,438.97,381.78,1546.04,30.9051,12.9796,501.7,60.9,1495.36, NAN, NAN, NAN, NAN,,2024/04/19 17:09:49.213,2024-04-19 17:09:49.213000+00:00
2024/04/19, 17:10:49.213,36.117,-74.835, 9.80,7.31,9.32,9.29,10.3,10.3,1016.5,1016.5,0.0,0.0,85.13,78.53,359,353,10.3,10.0,97.5,97.5,5.5,5.3,4.4,353.0,1018.6,1018.6,441.06,381.3,1553.79,30.9025,12.9655,500.4,61.0,1495.31, NAN, NAN, NAN, NAN,,2024/04/19 17:10:49.213,2024-04-19 17:10:49.213000+00:00
2024/04/19, 17:11:49.213,36.119,-74.835, 9.58,7.77,5.63,8.93,10.3,10.3,1016.5,1016.5,0.0,0.0,85.13,78.53,0,355,10.8,10.6,97.5,97.8,6.2,6.0,8.5,359.7,1018.6,1018.6,472.74,381.45,1631.2,30.9057,12.9412,502.0,61.0,1495.232, NAN, NAN, NAN, NAN,,2024/04/19 17:11:49.213,2024-04-19 17:11:49.213000+00:00
2024/04/19, 17:12:49.213,36.122,-74.834, 9.88,7.46,8.23,8.75,10.3,10.3,1016.6,1016.6,0.0,0.0,85.13,78.53,4,357,10.8,10.4,97.7,97.6,6.3,5.9,14.1,2.0,1018.7,1018.7,450.3,381.18,1575.13,30.9153,12.9193,502.2,61.0,1495.169, NAN, NAN, NAN, NAN,,2024/04/19 17:12:49.213,2024-04-19 17:12:49.213000+00:00
2024/04/19, 17:13:49.213,36.124,-74.834, 9.70,7.73,3.6,8.55,10.3,10.3,1016.8,1016.5,0.0,0.0,85.13,78.53,0,354,10.7,10.4,97.7,97.6,6.3,6.0,9.4,359.1,1018.9,1018.6,492.47,380.77,1713.46,30.9206,12.8899,503.5,60.6,1495.076, NAN, NAN, NAN, NAN,,2024/04/19 17:13:49.213,2024-04-19 17:13:49.213000+00:00
2024/04/19, 17:14:49.213,36.127,-74.833, 9.75,7.11,8.89,8.94,10.2,10.2,1016.8,1016.6,0.0,0.0,85.13,78.53,1,356,10.9,10.4,97.5,97.7,6.3,5.8,8.1,359.2,1018.9,1018.7,539.57,381.94,1830.76,30.9198,12.8664,500.4,61.0,1494.996, NAN, NAN, NAN, NAN,,2024/04/19 17:14:49.213,2024-04-19 17:14:49.213000+00:00
2024/04/19, 17:15:49.213,36.129,-74.833, 9.56,7.99,4.46,8.67,10.3,10.3,1016.3,1016.6,0.0,0.0,85.13,78.53,1,354,10.2,9.9,98.2,98.3,5.8,5.5,11.3,358.7,1018.4,1018.7,514.11,382.04,1766.75,30.9179,12.8523,502.0,60.8,1494.946, NAN, NAN, NAN, NAN,,2024/04/19 17:15:49.213,2024-04-19 17:15:49.213000+00:00
2024/04/19, 17:16:49.213,36.131,-74.833, 9.38,8.06,8.73,8.55,10.3,10.3,1016.3,1016.3,0.0,0.0,85.13,78.53,2,354,9.9,9.6,98.3,98.3,5.5,5.3,10.7,356.0,1018.4,1018.4,486.26,381.4,1702.69,30.9124,12.8388,503.2,60.4,1494.894, NAN, NAN, NAN, NAN,,2024/04/19 17:16:49.213,2024-04-19 17:16:49.213000+00:00
2024/04/19, 17:17:49.213,36.134,-74.832, 9.62,8.2,8.57,8.69,10.3,10.3,1016.5,1016.5,0.0,0.0,85.13,78.53,0,354,10.5,10.3,97.7,97.8,6.0,5.9,8.7,358.2,1018.6,1018.6,484.18,380.93,1667.05,30.9193,12.8161,501.7,60.6,1494.825, NAN, NAN, NAN, NAN,,2024/04/19 17:17:49.213,2024-04-19 17:17:49.213000+00:00
2024/04/19, 17:18:49.213,36.136,-74.832, 9.80,8.19,8.53,8.69,10.2,10.2,1016.8,1016.5,0.0,0.0,85.13,78.53,1,355,10.6,10.3,97.3,97.3,6.1,5.9,9.9,359.4,1018.9,1018.6,521.89,381.27,1759.71,30.9146,12.7845,499.2,60.6,1494.713, NAN, NAN, NAN, NAN,,2024/04/19 17:18:49.213,2024-04-19 17:18:49.213000+00:00
2024/04/19, 17:19:49.213,36.139,-74.831, 9.78,7.43,12.02,8.33,10.2,10.2,1016.5,1016.6,0.0,0.0,85.13,78.53,359,353,9.9,9.5,97.6,97.4,5.6,5.3,3.3,352.3,1018.6,1018.7,471.13,381.58,1656.34,30.915,12.7647,499.0,60.8,1494.646, NAN, NAN, NAN, NAN,,2024/04/19 17:19:49.213,2024-04-19 17:19:49.213000+00:00
2024/04/19, 17:20:49.214,36.141,-74.831, 9.69,4.98,5.2,8.84,10.2,10.2,1016.8,1016.6,0.0,0.0,85.13,78.53,4,358,10.8,10.3,98.2,98.2,6.3,5.8,11.9,1.5,1018.9,1018.7,509.26,381.47,1758.61,30.904,12.7784,499.0,60.5,1494.68, NAN, NAN, NAN, NAN,,2024/04/19 17:20:49.214,2024-04-19 17:20:49.214000+00:00
2024/04/19, 17:21:49.214,36.143,-74.831, 9.45,6.83,4.72,8.78,10.2,10.2,1016.6,1016.6,0.0,0.0,85.13,78.53,9,3,9.8,9.3,98.0,98.0,5.4,4.8,24.3,13.7,1018.7,1018.7,580.68,381.23,1927.67,30.8928,12.8278,501.1,60.8,1494.834, NAN, NAN, NAN, NAN,,2024/04/19 17:21:49.214,2024-04-19 17:21:49.214000+00:00
2024/04/19, 17:22:49.214,36.146,-74.83, 9.85,5.11,5.71,9.11,10.2,10.2,1016.6,1016.6,0.0,0.0,85.13,78.53,7,359,10.4,9.9,97.7,97.7,5.8,5.2,16.7,2.0,1018.7,1018.7,528.43,380.99,1776.24,30.8937,12.8379,499.5,60.7,1494.869, NAN, NAN, NAN, NAN,,2024/04/19 17:22:49.214,2024-04-19 17:22:49.214000+00:00
2024/04/19, 17:23:49.214,36.148,-74.83, 9.84,6.29,8.8,8.72,10.2,10.2,1016.7,1016.5,0.0,0.0,85.13,78.53,3,357,9.9,9.7,97.6,97.9,5.4,5.2,10.3,359.2,1018.8,1018.6,506.88,381.03,1766.51,30.9144,12.8353,500.1,60.3,1494.884, NAN, NAN, NAN, NAN,,2024/04/19 17:23:49.214,2024-04-19 17:23:49.214000+00:00
2024/04/19, 17:24:49.214,36.151,-74.83, 9.95,5.66,7.12,9.21,10.2,10.2,1016.8,1016.6,0.0,0.0,85.13,78.53,6,0,10.8,10.3,97.7,97.8,6.1,5.6,15.4,4.6,1018.9,1018.7,524.81,380.79,1797.86,30.9517,12.8317,499.0,59.1,1494.916, NAN, NAN, NAN, NAN,,2024/04/19 17:24:49.214,2024-04-19 17:24:49.214000+00:00
2024/04/19, 17:25:49.214,36.153,-74.829, 9.89,6.22,4.21,9.2,10.2,10.2,1016.4,1016.5,0.0,0.0,85.13,78.53,5,359,10.1,9.8,97.7,97.8,5.4,5.1,16.2,5.0,1018.5,1018.6,548.38,381.14,1844.85,30.9641,12.8349,498.0,59.2,1494.942, NAN, NAN, NAN, NAN,,2024/04/19 17:25:49.214,2024-04-19 17:25:49.214000+00:00
2024/04/19, 17:26:49.214,36.156,-74.829, 9.93,5.86,7.03,8.71,10.2,10.2,1016.6,1016.3,0.0,0.0,85.13,78.53,6,359,10.2,9.9,97.7,97.7,5.8,5.4,16.3,3.8,1018.7,1018.4,552.9,380.86,1868.69,30.9768,12.862,499.5,59.3,1495.049, NAN, NAN, NAN, NAN,,2024/04/19 17:26:49.214,2024-04-19 17:26:49.214000+00:00
2024/04/19, 17:27:49.214,36.158,-74.829, 9.68,5.53,8.44,8.64,10.2,10.2,1016.8,1016.6,0.0,0.0,85.13,78.53,8,2,9.7,9.3,97.8,98.1,5.3,4.9,19.0,8.0,1018.9,1018.7,541.55,381.12,1843.25,30.9867,12.9,497.4,59.5,1495.189, NAN, NAN, NAN, NAN,,2024/04/19 17:27:49.214,2024-04-19 17:27:49.214000+00:00
2024/04/19, 17:28:49.214,36.161,-74.828, 9.79,6.03,5.21,8.48,10.2,10.2,1016.6,1016.5,0.0,0.0,85.13,78.53,4,359,9.9,9.7,97.7,97.4,5.6,5.3,13.4,4.5,1018.7,1018.6,547.86,381.01,1858.63,30.9957,12.9328,497.4,59.4,1495.31, NAN, NAN, NAN, NAN,,2024/04/19 17:28:49.214,2024-04-19 17:28:49.214000+00:00
2024/04/19, 17:29:49.214,36.163,-74.828, 9.70,5.41,7.56,8.56,10.2,10.2,1016.5,1016.3,0.0,0.0,85.13,78.53,5,358,9.8,9.2,97.7,97.8,5.4,4.8,13.7,0.7,1018.6,1018.4,592.28,380.69,1977.01,31.0131,12.9614,495.8,59.5,1495.427, NAN, NAN, NAN, NAN,,2024/04/19 17:29:49.214,2024-04-19 17:29:49.214000+00:00
2024/04/19, 17:30:49.214,36.166,-74.828, 9.55,5.78,7.38,8.74,10.2,10.2,1016.6,1016.3,0.0,0.0,85.13,78.53,7,2,9.4,9.2,97.6,97.6,5.0,4.7,18.5,9.0,1018.7,1018.4,587.82,381.42,1962.03,31.036,12.9501,495.8,59.2,1495.416, NAN, NAN, NAN, NAN,,2024/04/19 17:30:49.214,2024-04-19 17:30:49.214000+00:00
2024/04/19, 17:31:49.214,36.168,-74.827, 9.45,5.78,4.61,8.66,10.2,10.2,1016.5,1016.5,0.0,0.0,85.13,78.53,10,4,9.6,9.3,98.0,97.9,5.3,4.9,24.8,14.1,1018.6,1018.6,552.56,380.99,1880.4,31.0599,12.9276,495.0,59.3,1495.368, NAN, NAN, NAN, NAN,,2024/04/19 17:31:49.214,2024-04-19 17:31:49.214000+00:00
2024/04/19, 17:32:49.214,36.17,-74.827, 8.57,6.18,8.28,6.87,10.2,10.2,1016.5,1016.4,0.0,0.0,85.13,78.53,7,1,9.5,9.0,98.0,98.0,6.0,5.5,16.9,7.4,1018.6,1018.5,554.72,380.89,1863.38,31.1007,12.9211,493.4,59.2,1495.395, NAN, NAN, NAN, NAN,,2024/04/19 17:32:49.214,2024-04-19 17:32:49.214000+00:00
2024/04/19, 17:33:49.214,36.172,-74.827, 5.96,5.79,2.37,4.5,10.2,10.2,1016.5,1016.4,0.0,0.0,85.13,78.53,5,358,7.8,7.5,97.7,97.8,5.5,5.2,13.5,3.5,1018.6,1018.5,556.95,380.92,1875.84,31.1481,12.881,493.4,59.2,1495.315, NAN, NAN, NAN, NAN,,2024/04/19 17:33:49.214,2024-04-19 17:33:49.214000+00:00
2024/04/19, 17:34:49.214,36.173,-74.827, 4.16,5.58,3.97,3.28,10.1,10.1,1016.5,1016.3,0.0,0.0,85.13,78.53,5,358,6.8,6.4,97.5,97.5,5.1,4.7,12.9,3.6,1018.6,1018.4,529.49,381.66,1789.19,31.183,12.8299,493.4,59.2,1495.184, NAN, NAN, NAN, NAN,,2024/04/19 17:34:49.214,2024-04-19 17:34:49.214000+00:00
2024/04/19, 17:35:49.214,36.174,-74.827, 3.16,6.98,7.19,2.37,10.1,10.1,1016.4,1016.3,0.0,0.0,85.13,78.53,5,359,6.0,5.8,97.8,97.8,4.8,4.6,12.9,5.4,1018.5,1018.4,480.34,381.9,1665.47,31.2055,12.7917,493.4,59.3,1495.082, NAN, NAN, NAN, NAN,,2024/04/19 17:35:49.214,2024-04-19 17:35:49.214000+00:00
2024/04/19, 17:36:49.215,36.174,-74.827, 2.35,6.43,349.06,1.51,10.1,10.1,1016.5,1016.5,0.0,0.0,85.13,78.53,7,0,6.3,6.2,97.8,97.9,5.6,5.4,16.0,8.0,1018.6,1018.6,507.03,380.83,1722.59,31.2041,12.7773,494.0,59.4,1495.031, NAN, NAN, NAN, NAN,,2024/04/19 17:36:49.215,2024-04-19 17:36:49.215000+00:00
2024/04/19, 17:37:49.215,36.174,-74.827, 1.50,7.16,356.53,1.05,10.1,10.1,1016.5,1016.5,0.0,0.0,85.13,78.53,2,356,5.6,5.5,97.5,97.7,5.1,5.0,10.2,3.5,1018.6,1018.6,506.36,381.38,1726.69,31.2006,12.7636,493.1,59.5,1494.981, NAN, NAN, NAN, NAN,,2024/04/19 17:37:49.215,2024-04-19 17:37:49.215000+00:00
2024/04/19, 17:38:49.215,36.175,-74.827, 0.42,7.8,297.13,0.17,10.1,10.1,1016.5,1016.5,0.0,0.0,85.13,78.53,0,354,4.9,4.7,97.3,97.3,4.8,4.6,8.6,2.6,1018.6,1018.6,515.07,381.9,1773.96,31.1997,12.7516,494.7,59.3,1494.939, NAN, NAN, NAN, NAN,,2024/04/19 17:38:49.215,2024-04-19 17:38:49.215000+00:00
2024/04/19, 17:39:49.215,36.175,-74.827, 0.67,6.98,342.4,0.14,10.1,10.1,1016.6,1016.6,0.0,0.0,85.13,78.53,6,359,4.7,4.7,98.0,98.0,4.6,4.6,13.1,6.0,1018.7,1018.7,547.1,381.99,1843.88,31.2016,12.7395,496.8,59.5,1494.9, NAN, NAN, NAN, NAN,,2024/04/19 17:39:49.215,2024-04-19 17:39:49.215000+00:00
2024/04/19, 17:40:49.215,36.175,-74.827, 0.85,7.04,246.34,0.29,10.1,10.1,1016.5,1016.5,0.0,0.0,85.13,78.53,358,353,4.8,4.7,98.2,98.2,4.9,4.7,6.7,1.8,1018.6,1018.6,531.84,381.92,1816.57,31.205,12.7302,500.8,59.3,1494.873, NAN, NAN, NAN, NAN,,2024/04/19 17:40:49.215,2024-04-19 17:40:49.215000+00:00
2024/04/19, 17:41:49.215,36.175,-74.827, 0.85,7.05,77.43,0.36,10.1,10.1,1016.6,1016.6,0.0,0.0,85.13,78.53,0,354,5.2,5.0,98.1,98.1,5.2,5.0,5.1,359.0,1018.7,1018.7,518.69,381.79,1784.5,31.2058,12.7305,503.2,59.4,1494.875, NAN, NAN, NAN, NAN,,2024/04/19 17:41:49.215,2024-04-19 17:41:49.215000+00:00
2024/04/19, 17:42:49.215,36.175,-74.827, 0.86,7.79,250.77,0.4,10.1,10.1,1016.6,1016.6,0.0,0.0,85.13,78.53,0,355,5.1,4.9,98.1,98.1,5.2,4.9,10.0,5.1,1018.7,1018.7,529.77,381.21,1805.25,31.2084,12.7299,504.1,59.5,1494.876, NAN, NAN, NAN, NAN,,2024/04/19 17:42:49.215,2024-04-19 17:42:49.215000+00:00
2024/04/19, 17:43:49.215,36.175,-74.827, 0.81,7.02,99.11,0.12,10.1,10.1,1016.5,1016.6,0.0,0.0,85.13,78.53,358,351,4.9,4.7,98.1,97.5,4.9,4.7,4.3,357.3,1018.6,1018.7,525.36,381.49,1802.54,31.2088,12.7318,510.8,62.5,1494.883, NAN, NAN, NAN, NAN,,2024/04/19 17:43:49.215,2024-04-19 17:43:49.215000+00:00
2024/04/19, 17:44:49.215,36.175,-74.827, 0.72,6.91,293.39,0.17,10.1,10.1,1016.5,1016.6,0.0,0.0,85.13,78.53,10,4,4.9,4.6,97.4,97.5,4.9,4.6,17.9,12.0,1018.6,1018.7,553.73,381.53,1859.94,31.2247,12.7359,513.9,62.5,1494.916, NAN, NAN, NAN, NAN,,2024/04/19 17:44:49.215,2024-04-19 17:44:49.215000+00:00
2024/04/19, 17:45:49.215,36.175,-74.827, 0.78,6.75,204.83,0.15,10.1,10.1,1016.5,1016.5,0.0,0.0,85.13,78.53,6,359,5.3,5.0,97.6,97.7,5.4,5.0,13.3,6.5,1018.6,1018.6,515.16,381.12,1775.53,31.2458,12.7386,517.2,62.9,1494.95, NAN, NAN, NAN, NAN,,2024/04/19 17:45:49.215,2024-04-19 17:45:49.215000+00:00
2024/04/19, 17:46:49.215,36.175,-74.827, 0.83,7.76,219.15,0.23,10.1,10.1,1016.6,1016.5,0.0,0.0,85.13,78.53,7,359,4.9,4.7,97.8,97.9,5.0,4.8,15.7,7.8,1018.7,1018.6,538.54,380.9,1847.36,31.2286,12.7381,510.5,62.9,1494.928, NAN, NAN, NAN, NAN,,2024/04/19 17:46:49.215,2024-04-19 17:46:49.215000+00:00
2024/04/19, 17:47:49.215,36.175,-74.827, 0.84,7.3,236.94,0.29,10.1,10.1,1016.8,1016.6,0.0,0.0,85.13,78.53,7,1,4.7,4.7,97.7,97.9,4.8,4.8,15.8,9.9,1018.9,1018.7,586.52,381.52,1943.43,31.2256,12.7367,512.3,63.0,1494.919, NAN, NAN, NAN, NAN,,2024/04/19 17:47:49.215,2024-04-19 17:47:49.215000+00:00
2024/04/19, 17:48:49.215,36.175,-74.827, 0.80,7.81,359.78,0.33,10.1,10.1,1016.5,1016.5,0.0,0.0,85.13,78.53,4,358,4.8,4.4,97.5,97.7,4.6,4.2,12.1,5.9,1018.6,1018.6,547.39,380.71,1862.29,31.221,12.7321,510.2,63.3,1494.898, NAN, NAN, NAN, NAN,,2024/04/19 17:48:49.215,2024-04-19 17:48:49.215000+00:00
2024/04/19, 17:49:49.215,36.175,-74.827, 0.73,6.93,176.42,0.15,10.1,10.1,1016.5,1016.4,0.0,0.0,85.13,78.53,0,354,4.7,4.6,97.5,97.7,4.8,4.7,6.4,0.5,1018.6,1018.5,543.39,381.06,1842.3,31.2167,12.7276,508.9,63.4,1494.878, NAN, NAN, NAN, NAN,,2024/04/19 17:49:49.215,2024-04-19 17:49:49.215000+00:00
2024/04/19, 17:50:49.215,36.174,-74.827, 0.55,7.49,182.46,0.34,10.1,10.1,1016.5,1016.3,0.0,0.0,85.13,78.53,1,355,4.9,4.5,97.6,97.7,5.1,4.7,8.0,2.2,1018.6,1018.4,528.18,381.31,1804.97,31.2294,12.7274,512.3,63.4,1494.892, NAN, NAN, NAN, NAN,,2024/04/19 17:50:49.215,2024-04-19 17:50:49.215000+00:00
2024/04/19, 17:51:49.216,36.174,-74.827, 0.41,6.29,185.37,0.5,10.1,10.1,1016.6,1016.5,0.0,0.0,85.13,78.53,1,355,4.6,4.5,97.6,97.7,4.9,4.8,7.2,1.5,1018.7,1018.6,547.01,381.41,1822.45,31.2331,12.7282,513.2,63.5,1494.9, NAN, NAN, NAN, NAN,,2024/04/19 17:51:49.216,2024-04-19 17:51:49.216000+00:00
2024/04/19, 17:52:49.216,36.174,-74.827, 0.25,7.41,162.12,0.61,10.1,10.1,1016.4,1016.3,0.0,0.0,85.13,78.53,1,357,3.9,4.0,97.7,97.7,4.2,4.3,7.1,3.4,1018.5,1018.4,506.41,382.25,1725.29,31.2262,12.731,514.2,64.0,1494.901, NAN, NAN, NAN, NAN,,2024/04/19 17:52:49.216,2024-04-19 17:52:49.216000+00:00
2024/04/19, 17:53:49.216,36.174,-74.827, 0.11,7.55,177.69,0.73,10.1,10.1,1016.5,1016.6,0.0,0.0,85.13,78.53,3,357,4.3,4.4,98.2,98.2,4.7,4.8,10.1,4.6,1018.6,1018.7,487.1,381.12,1683.98,31.2436,12.7333,516.0,63.1,1494.929, NAN, NAN, NAN, NAN,,2024/04/19 17:53:49.216,2024-04-19 17:53:49.216000+00:00
2024/04/19, 17:54:49.216,36.174,-74.827, 0.08,7.64,206.2,0.58,10.1,10.2,1016.6,1016.5,0.0,0.0,85.13,78.53,5,358,4.7,4.4,98.0,98.2,5.0,4.7,13.2,6.7,1018.7,1018.6,510.39,380.86,1732.71,31.2275,12.7369,509.6,61.9,1494.922, NAN, NAN, NAN, NAN,,2024/04/19 17:54:49.216,2024-04-19 17:54:49.216000+00:00
2024/04/19, 17:55:49.216,36.174,-74.827, 0.02,6.54,162.23,0.81,10.1,10.1,1016.5,1016.3,0.0,0.0,85.13,78.53,6,359,4.2,3.8,97.3,97.5,4.6,4.2,10.7,4.2,1018.6,1018.4,534.32,381.51,1794.76,31.22,12.6532,507.8,61.3,1494.63, NAN, NAN, NAN, NAN,,2024/04/19 17:55:49.216,2024-04-19 17:55:49.216000+00:00
2024/04/19, 17:56:49.216,36.173,-74.827, 0.01,7.84,189.68,0.96,10.1,10.1,1016.5,1016.5,0.0,0.0,85.13,78.53,5,1,4.5,4.3,97.5,97.8,5.0,4.8,12.7,9.1,1018.6,1018.6,542.36,380.65,1827.76,31.2156,12.6312,503.8,60.9,1494.55, NAN, NAN, NAN, NAN,,2024/04/19 17:56:49.216,2024-04-19 17:56:49.216000+00:00
2024/04/19, 17:57:49.216,36.173,-74.827, -0.10,6.68,184.15,0.78,10.1,10.1,1016.6,1016.6,0.0,0.0,85.13,78.53,3,356,3.9,3.9,97.2,97.5,4.3,4.3,9.5,3.2,1018.7,1018.7,561.86,381.13,1876.92,31.2168,12.6093,500.4,59.0,1494.477, NAN, NAN, NAN, NAN,,2024/04/19 17:57:49.216,2024-04-19 17:57:49.216000+00:00
2024/04/19, 17:58:49.216,36.173,-74.827, -0.13,6.77,178.51,1.02,10.1,10.1,1016.5,1016.3,0.0,0.0,85.13,78.53,1,357,3.7,3.9,97.2,97.1,4.2,4.4,7.4,3.9,1018.6,1018.4,550.73,381.16,1858.02,31.2175,12.6129,501.4,57.1,1494.49, NAN, NAN, NAN, NAN,,2024/04/19 17:58:49.216,2024-04-19 17:58:49.216000+00:00
2024/04/19, 17:59:49.216,36.173,-74.827, -0.34,6.42,198.08,1.06,10.1,10.1,1016.6,1016.6,0.0,0.0,85.13,78.53,4,355,3.6,3.7,97.9,97.2,4.1,4.2,12.1,4.2,1018.7,1018.7,550.26,381.33,1860.85,31.2161,12.6495,499.5,57.6,1494.613, NAN, NAN, NAN, NAN,,2024/04/19 17:59:49.216,2024-04-19 17:59:49.216000+00:00
2024/04/19, 18:00:49.216,36.172,-74.827, -0.16,7.99,230.09,0.88,10.1,10.1,1016.5,1016.3,0.0,0.0,85.13,78.53,1,358,4.1,4.1,97.5,97.6,4.5,4.5,11.9,9.2,1018.6,1018.4,562.13,381.24,1886.8,31.2147,12.6795,500.8,57.6,1494.713, NAN, NAN, NAN, NAN,,2024/04/19 18:00:49.216,2024-04-19 18:00:49.216000+00:00
2024/04/19, 18:01:49.216,36.172,-74.827, -0.15,7.8,197.66,1.08,10.1,10.1,1016.4,1016.5,0.0,0.0,85.13,78.53,356,350,4.0,3.9,97.7,97.8,4.5,4.4,5.6,0.3,1018.5,1018.6,555.46,380.78,1874.29,31.2182,12.6977,501.4,57.6,1494.779, NAN, NAN, NAN, NAN,,2024/04/19 18:01:49.216,2024-04-19 18:01:49.216000+00:00
2024/04/19, 18:02:49.216,36.172,-74.827, -0.09,7.19,204.22,0.76,10.1,10.1,1016.5,1016.5,0.0,0.0,85.13,78.53,353,346,3.9,3.9,97.1,97.1,4.3,4.3,1.8,355.4,1018.6,1018.6,553.57,381.26,1877.8,31.216,12.7091,503.5,57.6,1494.815, NAN, NAN, NAN, NAN,,2024/04/19 18:02:49.216,2024-04-19 18:02:49.216000+00:00
2024/04/19, 18:03:49.216,36.172,-74.828, 0.12,339.23,212.77,1.01,10.1,10.1,1016.5,1016.5,0.0,0.0,85.13,78.53,5,358,4.2,4.0,97.1,97.2,4.6,4.4,348.2,342.0,1018.6,1018.6,562.48,380.4,1895.05,31.2215,12.7166,504.1,57.7,1494.847, NAN, NAN, NAN, NAN,,2024/04/19 18:03:49.216,2024-04-19 18:03:49.216000+00:00
2024/04/19, 18:04:49.216,36.172,-74.828, 1.39,275.86,263.79,1.55,10.1,10.1,1016.6,1016.4,0.0,0.0,85.13,78.53,50,44,4.8,6.9,97.2,97.3,4.7,6.7,335.4,326.3,1018.7,1018.5,558.96,380.59,1895.26,31.2207,12.7115,504.4,57.9,1494.828, NAN, NAN, NAN, NAN,,2024/04/19 18:04:49.216,2024-04-19 18:04:49.216000+00:00
2024/04/19, 18:05:49.216,36.171,-74.828, 2.12,205.92,217.98,3.06,10.1,10.1,1016.5,1016.5,0.0,0.0,85.13,78.53,120,118,4.7,4.0,97.3,97.4,5.4,4.7,342.0,342.7,1018.6,1018.6,570.4,381.36,1932.59,31.2155,12.7285,502.2,57.5,1494.88, NAN, NAN, NAN, NAN,,2024/04/19 18:05:49.216,2024-04-19 18:05:49.216000+00:00
2024/04/19, 18:06:49.216,36.17,-74.829, 4.24,180.46,185.3,5.13,10.0,10.0,1016.5,1016.5,0.0,0.0,85.13,78.53,170,235,1.1,1.7,97.1,97.2,3.7,4.0,1.8,25.4,1018.6,1018.6,567.35,383.28,1928.13,31.2079,12.7547,502.8,57.6,1494.959, NAN, NAN, NAN, NAN,,2024/04/19 18:06:49.216,2024-04-19 18:06:49.216000+00:00
2024/04/19, 18:07:49.217,36.168,-74.829, 6.22,179.81,177.17,7.19,10.1,10.1,1016.7,1016.5,0.0,0.0,85.13,78.53,138,104,0.6,1.7,97.7,97.2,4.2,4.4,354.2,337.8,1018.8,1018.6,569.62,384.44,1933.9,31.2222,12.7719,507.5,57.6,1495.035, NAN, NAN, NAN, NAN,,2024/04/19 18:07:49.217,2024-04-19 18:07:49.217000+00:00
2024/04/19, 18:08:49.217,36.166,-74.829, 8.46,180.52,183.27,9.16,10.2,10.1,1016.6,1016.6,0.0,0.0,85.13,78.53,105,72,0.8,1.6,98.3,98.1,4.9,4.4,353.6,342.8,1018.7,1018.7,565.28,384.5,1921.33,31.2291,12.8079,505.4,57.8,1495.165, NAN, NAN, NAN, NAN,,2024/04/19 18:08:49.217,2024-04-19 18:08:49.217000+00:00
2024/04/19, 18:09:49.217,36.163,-74.829, 9.77,180.75,182.7,11.0,10.3,10.2,1016.8,1016.6,0.0,0.0,85.13,78.53,73,44,1.1,3.0,98.2,98.1,5.4,4.0,351.4,332.1,1018.9,1018.7,564.14,383.95,1921.78,31.218,12.8674,495.6,58.2,1495.352, NAN, NAN, NAN, NAN,,2024/04/19 18:09:49.217,2024-04-19 18:09:49.217000+00:00
2024/04/19, 18:10:49.217,36.16,-74.829, 10.31,179.38,180.15,10.96,10.3,10.2,1016.6,1016.6,0.0,0.0,85.13,78.53,53,37,1.2,2.8,98.2,97.6,5.0,3.7,349.5,334.4,1018.7,1018.7,567.41,383.8,1929.31,31.2088,12.907,492.8,58.6,1495.475, NAN, NAN, NAN, NAN,,2024/04/19 18:10:49.217,2024-04-19 18:10:49.217000+00:00
2024/04/19, 18:11:49.217,36.157,-74.83, 10.35,180.13,186.75,11.22,10.3,10.2,1016.6,1016.6,0.0,0.0,85.13,78.53,28,19,1.4,2.1,96.9,97.3,4.5,3.8,357.6,356.7,1018.7,1018.7,580.53,383.55,1957.4,31.1909,12.9485,496.8,57.0,1495.594, NAN, NAN, NAN, NAN,,2024/04/19 18:11:49.217,2024-04-19 18:11:49.217000+00:00
2024/04/19, 18:12:49.217,36.154,-74.83, 10.57,180.68,179.67,11.32,10.3,10.3,1016.5,1016.5,0.0,0.0,85.13,78.53,23,14,1.3,1.2,96.8,97.2,4.6,4.7,354.6,357.3,1018.6,1018.6,577.59,383.24,1943.98,31.2206,12.9847,492.4,57.5,1495.751, NAN, NAN, NAN, NAN,,2024/04/19 18:12:49.217,2024-04-19 18:12:49.217000+00:00
2024/04/19, 18:13:49.217,36.151,-74.83, 10.68,180.46,180.73,11.29,10.3,10.3,1016.5,1016.5,0.0,0.0,85.13,78.53,18,3,1.1,1.2,96.6,97.0,4.8,4.6,357.4,0.7,1018.6,1018.6,580.03,383.55,1952.28,31.2117,12.9955,490.7,57.6,1495.777, NAN, NAN, NAN, NAN,,2024/04/19 18:13:49.217,2024-04-19 18:13:49.217000+00:00
2024/04/19, 18:14:49.217,36.148,-74.83, 10.50,179.64,182.4,11.36,10.3,10.3,1016.5,1016.5,0.0,0.0,85.13,78.53,25,12,0.9,1.3,96.6,97.0,5.0,4.6,357.6,358.8,1018.6,1018.6,556.35,383.8,1897.28,31.1665,12.9703,490.4,57.5,1495.638, NAN, NAN, NAN, NAN,,2024/04/19 18:14:49.217,2024-04-19 18:14:49.217000+00:00
2024/04/19, 18:15:49.217,36.144,-74.83, 10.49,180.36,181.97,11.31,10.3,10.3,1016.8,1016.5,0.0,0.0,85.13,78.53,22,6,0.8,0.9,96.9,97.1,5.1,4.9,358.7,1.1,1018.9,1018.6,551.26,384.08,1885.59,31.122,12.9398,491.3,57.7,1495.483, NAN, NAN, NAN, NAN,,2024/04/19 18:15:49.217,2024-04-19 18:15:49.217000+00:00
2024/04/19, 18:16:49.217,36.141,-74.83, 10.56,180.46,182.38,11.4,10.3,10.3,1016.5,1016.5,0.0,0.0,85.13,78.53,39,39,1.3,3.1,97.0,97.2,4.9,3.9,353.4,333.8,1018.6,1018.6,565.55,383.29,1914.85,31.0806,12.9037,492.3,57.5,1495.312, NAN, NAN, NAN, NAN,,2024/04/19 18:16:49.217,2024-04-19 18:16:49.217000+00:00
2024/04/19, 18:17:49.217,36.138,-74.83, 10.55,180.46,179.12,11.33,10.4,10.4,1016.5,1016.5,0.0,0.0,85.13,78.53,33,36,1.4,2.8,97.0,97.2,4.7,3.9,351.2,335.7,1018.6,1018.6,578.89,383.73,1919.98,31.042,12.8771,493.7,57.5,1495.177, NAN, NAN, NAN, NAN,,2024/04/19 18:17:49.217,2024-04-19 18:17:49.217000+00:00
2024/04/19, 18:18:49.217,36.135,-74.831, 10.60,182.66,184.81,11.17,10.4,10.4,1016.5,1016.6,0.0,0.0,85.13,78.53,50,39,1.9,3.9,96.9,97.1,4.7,3.5,347.1,322.8,1018.6,1018.7,553.11,383.34,1862.51,31.0109,12.8637,493.7,57.6,1495.095, NAN, NAN, NAN, NAN,,2024/04/19 18:18:49.217,2024-04-19 18:18:49.217000+00:00
2024/04/19, 18:19:49.217,36.132,-74.831, 10.56,182.38,183.23,11.18,10.4,10.4,1016.6,1016.5,0.0,0.0,85.13,78.53,39,26,1.4,1.9,96.4,96.7,4.7,4.1,353.6,352.9,1018.7,1018.6,548.12,383.58,1853.15,30.9903,12.8459,495.0,57.6,1495.01, NAN, NAN, NAN, NAN,,2024/04/19 18:19:49.217,2024-04-19 18:19:49.217000+00:00
2024/04/19, 18:20:49.217,36.129,-74.831, 10.44,182.23,181.99,11.39,10.4,10.4,1016.6,1016.5,0.0,0.0,85.13,78.53,51,36,1.6,2.9,96.3,96.7,5.0,3.9,348.1,336.7,1018.7,1018.6,537.25,383.47,1837.78,30.9634,12.8205,496.1,57.6,1494.892, NAN, NAN, NAN, NAN,,2024/04/19 18:20:49.217,2024-04-19 18:20:49.217000+00:00
2024/04/19, 18:21:49.217,36.126,-74.831, 10.63,183.55,185.15,11.34,10.4,10.4,1016.5,1016.5,0.0,0.0,85.13,78.53,39,26,1.3,1.7,96.2,96.5,4.9,4.3,356.0,356.0,1018.6,1018.6,551.61,383.72,1879.63,30.9428,12.8099,497.7,57.6,1494.832, NAN, NAN, NAN, NAN,,2024/04/19 18:21:49.217,2024-04-19 18:21:49.217000+00:00
2024/04/19, 18:22:49.217,36.122,-74.832, 10.64,182.39,184.44,11.18,10.4,10.4,1016.6,1016.6,0.0,0.0,85.13,78.53,47,33,1.6,3.4,96.3,96.6,4.8,3.3,350.6,332.7,1018.7,1018.7,565.16,383.14,1915.07,30.9152,12.8335,499.2,57.5,1494.879, NAN, NAN, NAN, NAN,,2024/04/19 18:22:49.217,2024-04-19 18:22:49.217000+00:00
2024/04/19, 18:23:49.218,36.119,-74.832, 10.55,181.99,183.58,11.25,10.4,10.4,1016.6,1016.3,0.0,0.0,85.13,78.53,36,25,1.2,2.3,96.4,96.7,4.8,3.8,355.7,349.8,1018.7,1018.4,564.27,384.2,1913.67,30.8928,12.8518,500.8,57.6,1494.915, NAN, NAN, NAN, NAN,,2024/04/19 18:23:49.218,2024-04-19 18:23:49.218000+00:00
2024/04/19, 18:24:49.218,36.116,-74.832, 10.61,182.17,181.29,11.26,10.4,10.4,1016.5,1016.5,0.0,0.0,85.13,78.53,54,40,1.5,3.7,96.4,96.6,5.1,3.8,348.4,323.5,1018.6,1018.6,554.99,383.73,1895.47,30.8745,12.8747,500.4,57.8,1494.97, NAN, NAN, NAN, NAN,,2024/04/19 18:24:49.218,2024-04-19 18:24:49.218000+00:00
2024/04/19, 18:25:49.218,36.113,-74.832, 10.60,182.57,182.38,11.5,10.5,10.4,1016.5,1016.5,0.0,0.0,85.13,78.53,57,41,1.5,3.0,96.6,96.8,5.2,4.1,349.1,334.6,1018.6,1018.6,572.77,383.73,1943.78,30.8648,12.899,499.2,57.9,1495.041, NAN, NAN, NAN, NAN,,2024/04/19 18:25:49.218,2024-04-19 18:25:49.218000+00:00
2024/04/19, 18:26:49.218,36.11,-74.833, 10.60,183.71,182.56,11.15,10.5,10.5,1016.5,1016.3,0.0,0.0,85.13,78.53,46,35,1.4,3.3,96.7,96.5,4.9,3.6,351.2,331.0,1018.6,1018.4,572.22,383.45,1925.48,30.8634,12.9315,500.4,57.9,1495.149, NAN, NAN, NAN, NAN,,2024/04/19 18:26:49.218,2024-04-19 18:26:49.218000+00:00
2024/04/19, 18:27:49.218,36.107,-74.833, 10.58,181.89,182.49,11.3,10.5,10.5,1016.5,1016.5,0.0,0.0,85.13,78.53,42,29,1.2,1.8,96.2,96.4,5.0,4.3,353.7,351.4,1018.6,1018.6,577.11,383.59,1936.93,30.8689,12.9708,500.8,57.8,1495.288, NAN, NAN, NAN, NAN,,2024/04/19 18:27:49.218,2024-04-19 18:27:49.218000+00:00
2024/04/19, 18:28:49.218,36.104,-74.833, 10.61,183.01,184.11,11.19,10.5,10.5,1016.3,1016.5,0.0,0.0,85.13,78.53,66,38,0.7,2.2,96.4,96.6,5.5,4.2,357.2,345.4,1018.4,1018.6,596.88,384.39,1976.58,30.868,13.0074,501.1,57.8,1495.41, NAN, NAN, NAN, NAN,,2024/04/19 18:28:49.218,2024-04-19 18:28:49.218000+00:00
2024/04/19, 18:29:49.218,36.101,-74.833, 10.62,183.54,184.24,11.13,10.5,10.5,1016.4,1016.3,0.0,0.0,85.13,78.53,56,37,1.2,3.0,96.3,96.7,5.1,3.8,352.7,335.4,1018.5,1018.4,582.1,383.87,1931.01,30.8615,13.037,500.8,58.1,1495.502, NAN, NAN, NAN, NAN,,2024/04/19 18:29:49.218,2024-04-19 18:29:49.218000+00:00
2024/04/19, 18:30:49.218,36.097,-74.833, 10.69,182.34,183.42,11.35,10.6,10.5,1016.5,1016.5,0.0,0.0,85.13,78.53,44,30,1.2,2.2,95.9,96.3,5.0,4.1,353.6,347.6,1018.6,1018.6,557.16,383.63,1882.78,30.8515,13.0636,501.1,57.9,1495.58, NAN, NAN, NAN, NAN,,2024/04/19 18:30:49.218,2024-04-19 18:30:49.218000+00:00
2024/04/19, 18:31:49.218,36.094,-74.834, 10.66,183.51,185.5,11.17,10.6,10.5,1016.3,1016.4,0.0,0.0,85.13,78.53,38,23,1.3,1.9,95.9,96.2,4.8,4.0,355.3,354.6,1018.4,1018.5,557.07,383.84,1897.96,30.8564,13.0801,500.4,57.2,1495.641, NAN, NAN, NAN, NAN,,2024/04/19 18:31:49.218,2024-04-19 18:31:49.218000+00:00
2024/04/19, 18:32:49.218,36.091,-74.834, 10.60,181.62,184.33,11.29,10.6,10.6,1016.3,1016.3,0.0,0.0,85.13,78.53,51,39,1.6,3.3,96.2,96.5,4.9,3.7,349.5,331.6,1018.4,1018.4,550.51,383.37,1897.59,30.8686,13.0854,501.7,57.6,1495.673, NAN, NAN, NAN, NAN,,2024/04/19 18:32:49.218,2024-04-19 18:32:49.218000+00:00
2024/04/19, 18:33:49.218,36.088,-74.834, 10.68,181.5,181.39,11.24,10.6,10.6,1016.4,1016.2,0.0,0.0,85.13,78.53,37,30,1.1,2.3,96.2,96.4,4.9,3.9,354.5,345.4,1018.5,1018.3,569.47,383.82,1948.34,30.8837,13.0871,500.4,57.7,1495.697, NAN, NAN, NAN, NAN,,2024/04/19 18:33:49.218,2024-04-19 18:33:49.218000+00:00
2024/04/19, 18:34:49.218,36.085,-74.834, 10.73,183.25,184.05,11.21,10.7,10.7,1016.3,1016.3,0.0,0.0,85.13,78.53,14,17,0.9,2.4,96.2,96.5,4.9,3.5,1.2,352.5,1018.4,1018.4,581.24,383.68,1971.46,30.8728,13.0887,502.0,57.7,1495.689, NAN, NAN, NAN, NAN,,2024/04/19 18:34:49.218,2024-04-19 18:34:49.218000+00:00
2024/04/19, 18:35:49.218,36.082,-74.835, 10.71,182.88,186.77,11.21,10.7,10.7,1016.3,1016.3,0.0,0.0,85.13,78.53,55,39,1.5,3.2,96.2,96.4,5.0,3.7,352.3,335.4,1018.4,1018.4,573.72,383.27,1974.19,30.852,13.0823,502.5,58.0,1495.643, NAN, NAN, NAN, NAN,,2024/04/19 18:35:49.218,2024-04-19 18:35:49.218000+00:00
2024/04/19, 18:36:49.218,36.079,-74.835, 10.74,181.76,183.9,11.18,10.7,10.7,1016.5,1016.2,0.0,0.0,85.13,78.53,39,38,0.8,2.3,96.1,96.4,5.1,4.1,358.6,344.9,1018.6,1018.3,586.49,382.79,2034.86,30.8416,13.0587,501.4,58.2,1495.552, NAN, NAN, NAN, NAN,,2024/04/19 18:36:49.218,2024-04-19 18:36:49.218000+00:00
2024/04/19, 18:37:49.218,36.076,-74.835, 9.91,181.49,181.33,9.77,10.8,10.8,1016.3,1016.2,0.0,0.0,85.13,78.53,355,357,0.7,1.6,96.4,96.6,4.3,3.4,2.9,3.6,1018.4,1018.3,782.49,380.86,2462.8,30.8479,13.0371,501.4,58.3,1495.486, NAN, NAN, NAN, NAN,,2024/04/19 18:37:49.218,2024-04-19 18:37:49.218000+00:00
2024/04/19, 18:38:49.218,36.073,-74.835, 6.73,148.31,161.22,6.78,10.8,10.8,1016.3,1016.2,0.0,0.0,85.13,78.53,256,301,1.9,3.0,96.2,96.6,4.7,3.8,2.2,29.1,1018.4,1018.3,828.15,376.22,2530.8,30.8559,13.016,502.0,58.3,1495.425, NAN, NAN, NAN, NAN,,2024/04/19 18:38:49.218,2024-04-19 18:38:49.218000+00:00
2024/04/19, 18:39:49.219,36.072,-74.834, 5.00,103.23,121.37,5.35,10.9,10.9,1016.3,1016.2,0.0,0.0,85.13,78.53,276,282,5.7,6.5,96.2,96.7,6.8,7.3,356.0,3.3,1018.4,1018.3,756.36,371.45,2397.12,30.8757,12.9999,502.8,57.9,1495.394, NAN, NAN, NAN, NAN,,2024/04/19 18:39:49.219,2024-04-19 18:39:49.219000+00:00
2024/04/19, 18:40:49.219,36.072,-74.832, 4.52,54.11,76.69,4.25,10.9,10.8,1016.2,1016.2,0.0,0.0,85.13,78.53,314,316,6.9,8.6,96.1,94.9,6.4,8.0,349.7,355.6,1018.3,1018.3,784.53,368.83,2405.36,30.8817,12.9892,501.1,58.2,1495.365, NAN, NAN, NAN, NAN,,2024/04/19 18:40:49.219,2024-04-19 18:40:49.219000+00:00
2024/04/19, 18:41:49.219,36.073,-74.831, 4.35,12.75,26.1,3.68,10.7,10.8,1016.0,1016.0,0.0,0.0,85.13,78.53,1,356,7.7,7.7,95.1,95.1,5.8,5.9,10.4,3.8,1018.1,1018.1,809.83,364.16,2617.47,30.8843,12.9893,502.0,57.7,1495.369, NAN, NAN, NAN, NAN,,2024/04/19 18:41:49.219,2024-04-19 18:41:49.219000+00:00
2024/04/19, 18:42:49.219,36.074,-74.831, 6.18,1.42,5.71,5.46,10.7,10.8,1016.0,1015.9,0.0,0.0,85.13,78.53,17,12,9.3,9.0,94.9,95.1,6.6,6.2,24.5,17.6,1018.1,1018.0,730.22,358.24,2322.56,30.8875,12.9829,501.1,57.9,1495.351, NAN, NAN, NAN, NAN,,2024/04/19 18:42:49.219,2024-04-19 18:42:49.219000+00:00
2024/04/19, 18:43:49.219,36.076,-74.831, 8.61,0.9,0.81,8.1,10.6,10.6,1016.0,1016.1,0.0,0.0,85.13,78.53,19,15,10.5,10.0,95.0,95.2,6.7,6.1,31.4,25.9,1018.1,1018.2,794.35,357.16,2432.82,30.881,12.9829,499.0,57.6,1495.343, NAN, NAN, NAN, NAN,,2024/04/19 18:43:49.219,2024-04-19 18:43:49.219000+00:00
2024/04/19, 18:44:49.219,36.079,-74.831, 10.03,359.47,1.82,9.54,10.6,10.6,1015.7,1015.7,0.0,0.0,85.13,78.53,17,11,11.2,10.8,95.4,95.7,6.6,6.0,27.6,17.9,1017.8,1017.8,778.35,358.56,2442.77,30.861,12.9959,497.7,57.9,1495.363, NAN, NAN, NAN, NAN,,2024/04/19 18:44:49.219,2024-04-19 18:44:49.219000+00:00
2024/04/19, 18:45:49.219,36.081,-74.831, 10.50,359.74,2.71,9.75,10.6,10.6,1015.7,1015.8,0.0,0.0,85.13,78.53,15,9,11.3,10.8,95.8,96.0,6.5,5.9,25.2,15.3,1017.8,1017.9,731.75,363.52,2224.19,30.853,13.0034,497.4,57.7,1495.379, NAN, NAN, NAN, NAN,,2024/04/19 18:45:49.219,2024-04-19 18:45:49.219000+00:00
2024/04/19, 18:46:49.219,36.084,-74.831, 10.59,1.22,3.13,10.13,10.6,10.6,1015.8,1015.7,0.0,0.0,85.13,78.53,15,10,11.7,11.4,96.3,96.3,6.8,6.3,26.8,18.5,1017.9,1017.8,750.14,362.3,2260.22,30.876,13.0227,498.4,57.9,1495.471, NAN, NAN, NAN, NAN,,2024/04/19 18:46:49.219,2024-04-19 18:46:49.219000+00:00
2024/04/19, 18:47:49.219,36.087,-74.831, 10.53,359.61,2.89,10.04,10.6,10.6,1015.7,1015.7,0.0,0.0,85.13,78.53,14,7,11.8,11.3,96.3,96.0,6.8,6.2,22.5,10.6,1017.8,1017.8,773.6,360.99,2385.4,30.8817,13.0363,497.7,57.7,1495.524, NAN, NAN, NAN, NAN,,2024/04/19 18:47:49.219,2024-04-19 18:47:49.219000+00:00
2024/04/19, 18:48:49.219,36.09,-74.831, 10.74,359.56,3.66,9.66,10.6,10.6,1015.7,1015.8,0.0,0.0,85.13,78.53,12,6,12.0,11.5,96.0,96.0,7.1,6.5,18.0,8.0,1017.8,1017.9,771.64,357.86,2389.39,30.8717,13.0431,498.0,58.1,1495.535, NAN, NAN, NAN, NAN,,2024/04/19 18:48:49.219,2024-04-19 18:48:49.219000+00:00
2024/04/19, 18:49:49.219,36.092,-74.831, 10.57,1.02,0.3,9.74,10.5,10.5,1015.8,1015.8,0.0,0.0,85.13,78.53,12,7,11.4,10.9,95.7,95.7,6.6,6.0,22.1,13.8,1017.9,1017.9,837.09,357.61,2505.65,30.8659,13.049,496.8,57.9,1495.548, NAN, NAN, NAN, NAN,,2024/04/19 18:49:49.219,2024-04-19 18:49:49.219000+00:00
2024/04/19, 18:50:49.219,36.095,-74.83, 10.86,359.71,2.23,10.02,10.5,10.5,1015.9,1015.8,0.0,0.0,85.13,78.53,14,7,12.1,11.4,95.8,95.9,7.1,6.3,21.9,10.2,1018.0,1017.9,794.88,357.29,2441.73,30.8617,13.0626,497.1,58.2,1495.589, NAN, NAN, NAN, NAN,,2024/04/19 18:50:49.219,2024-04-19 18:50:49.219000+00:00
2024/04/19, 18:51:49.219,36.098,-74.83, 10.79,0.4,4.25,9.77,10.5,10.5,1015.8,1015.8,0.0,0.0,85.13,78.53,12,6,11.5,11.1,96.4,96.6,6.6,6.1,20.0,9.7,1017.9,1017.9,779.31,355.75,2417.01,30.8493,13.0755,497.4,57.7,1495.617, NAN, NAN, NAN, NAN,,2024/04/19 18:51:49.219,2024-04-19 18:51:49.219000+00:00
2024/04/19, 18:52:49.219,36.101,-74.83, 10.75,0.0,359.48,10.11,10.5,10.5,1015.9,1015.8,0.0,0.0,85.13,78.53,13,8,11.4,11.0,96.4,96.5,6.4,5.9,23.5,15.1,1018.0,1017.9,732.89,355.37,2313.89,30.8297,13.0875,497.7,57.5,1495.634, NAN, NAN, NAN, NAN,,2024/04/19 18:52:49.219,2024-04-19 18:52:49.219000+00:00
2024/04/19, 18:53:49.219,36.103,-74.83, 10.57,359.78,1.93,9.94,10.5,10.5,1015.8,1015.8,0.0,0.0,85.13,78.53,9,4,10.9,10.4,97.1,97.0,5.9,5.3,14.8,5.6,1017.9,1017.9,822.41,355.43,2418.29,30.8189,13.0955,496.4,57.1,1495.649, NAN, NAN, NAN, NAN,,2024/04/19 18:53:49.219,2024-04-19 18:53:49.219000+00:00
2024/04/19, 18:54:49.220,36.106,-74.83, 10.77,0.9,2.7,10.36,10.5,10.5,1015.7,1015.8,0.0,0.0,85.13,78.53,10,5,10.9,10.5,96.8,96.8,5.7,5.2,18.9,9.6,1017.8,1017.9,762.62,355.96,2344.43,30.8152,13.0876,495.6,57.2,1495.618, NAN, NAN, NAN, NAN,,2024/04/19 18:54:49.220,2024-04-19 18:54:49.220000+00:00
2024/04/19, 18:55:49.220,36.109,-74.83, 10.60,359.51,0.1,9.32,10.5,10.5,1015.7,1015.8,0.0,0.0,85.13,78.53,10,4,10.6,10.5,96.5,96.5,5.9,5.7,17.3,6.5,1017.8,1017.9,770.12,357.49,2313.18,30.8206,13.0649,496.1,57.0,1495.548, NAN, NAN, NAN, NAN,,2024/04/19 18:55:49.220,2024-04-19 18:55:49.220000+00:00
2024/04/19, 18:56:49.220,36.112,-74.83, 10.61,0.17,2.39,9.85,10.5,10.5,1015.6,1015.8,0.0,0.0,85.13,78.53,10,5,10.8,10.4,96.7,96.9,5.8,5.4,17.5,8.5,1017.7,1017.9,792.25,356.86,2461.96,30.8255,13.0372,496.4,57.3,1495.46, NAN, NAN, NAN, NAN,,2024/04/19 18:56:49.220,2024-04-19 18:56:49.220000+00:00
2024/04/19, 18:57:49.220,36.114,-74.83, 10.62,359.8,1.05,9.9,10.5,10.5,1015.7,1015.7,0.0,0.0,85.13,78.53,13,6,11.3,11.0,96.8,96.9,6.4,5.9,22.2,9.9,1017.8,1017.8,714.85,357.79,2232.68,30.8219,12.9991,496.1,57.6,1495.328, NAN, NAN, NAN, NAN,,2024/04/19 18:57:49.220,2024-04-19 18:57:49.220000+00:00
2024/04/19, 18:58:49.220,36.117,-74.83, 10.72,0.85,359.2,9.86,10.5,10.5,1015.7,1015.6,0.0,0.0,85.13,78.53,15,9,11.0,10.4,96.2,96.4,6.3,5.5,28.2,18.5,1017.8,1017.7,745.05,359.12,2191.15,30.82,12.9554,496.4,57.5,1495.178, NAN, NAN, NAN, NAN,,2024/04/19 18:58:49.220,2024-04-19 18:58:49.220000+00:00
2024/04/19, 18:59:49.220,36.12,-74.83, 10.65,0.34,3.55,9.47,10.5,10.5,1015.5,1015.7,0.0,0.0,85.13,78.53,14,8,10.6,10.2,96.1,96.2,5.9,5.4,24.2,13.8,1017.6,1017.8,758.33,359.04,2289.34,30.8265,12.9384,496.8,57.6,1495.129, NAN, NAN, NAN, NAN,,2024/04/19 18:59:49.220,2024-04-19 18:59:49.220000+00:00
2024/04/19, 19:00:49.220,36.122,-74.83, 10.38,0.18,358.61,9.47,10.5,10.5,1015.8,1015.7,0.0,0.0,85.13,78.53,16,10,10.2,9.5,96.5,96.6,5.7,4.8,30.5,21.2,1017.9,1017.8,660.64,360.0,2192.72,30.8292,12.9453,496.8,57.6,1495.155, NAN, NAN, NAN, NAN,,2024/04/19 19:00:49.220,2024-04-19 19:00:49.220000+00:00
2024/04/19, 19:01:49.220,36.125,-74.83, 10.74,0.88,358.02,10.1,10.5,10.5,1015.6,1015.5,0.0,0.0,85.13,78.53,11,5,10.7,10.3,96.9,96.9,5.8,5.2,23.5,12.8,1017.7,1017.6,719.27,360.8,2238.09,30.8279,12.9379,497.7,57.8,1495.129, NAN, NAN, NAN, NAN,,2024/04/19 19:01:49.220,2024-04-19 19:01:49.220000+00:00
2024/04/19, 19:02:49.220,36.128,-74.83, 10.48,359.53,1.37,9.9,10.5,10.5,1015.7,1015.5,0.0,0.0,85.13,78.53,10,3,10.2,9.7,96.5,96.6,5.2,4.6,17.8,4.2,1017.8,1017.6,697.72,361.94,2222.62,30.8387,12.9079,498.0,57.8,1495.04, NAN, NAN, NAN, NAN,,2024/04/19 19:02:49.220,2024-04-19 19:02:49.220000+00:00
2024/04/19, 19:03:49.220,36.131,-74.83, 10.91,354.07,351.76,9.47,10.5,10.5,1015.5,1015.7,0.0,0.0,85.13,78.53,9,3,10.1,9.7,96.8,96.9,5.4,4.9,12.6,1.6,1017.6,1017.8,688.36,363.57,2184.12,30.8464,12.8848,497.7,57.8,1494.971, NAN, NAN, NAN, NAN,,2024/04/19 19:03:49.220,2024-04-19 19:03:49.220000+00:00
2024/04/19, 19:04:49.220,36.133,-74.83, 10.48,356.19,354.98,9.55,10.5,10.5,1015.5,1015.5,0.0,0.0,85.13,78.53,10,5,9.8,9.4,96.8,96.8,5.1,4.6,17.5,8.4,1017.6,1017.6,655.21,364.02,2122.7,30.8502,12.8786,497.4,57.9,1494.955, NAN, NAN, NAN, NAN,,2024/04/19 19:04:49.220,2024-04-19 19:04:49.220000+00:00
2024/04/19, 19:05:49.220,36.136,-74.83, 10.79,355.12,353.51,9.92,10.5,10.5,1015.7,1015.7,0.0,0.0,85.13,78.53,13,7,9.7,9.1,96.7,96.8,4.9,4.1,22.6,12.0,1017.8,1017.8,716.21,363.82,2222.53,30.8547,12.8834,497.1,57.6,1494.976, NAN, NAN, NAN, NAN,,2024/04/19 19:05:49.220,2024-04-19 19:05:49.220000+00:00
2024/04/19, 19:06:49.220,36.139,-74.831, 10.86,354.5,353.29,10.33,10.5,10.5,1015.7,1015.5,0.0,0.0,85.13,78.53,13,8,10.2,9.8,96.9,96.9,5.2,4.6,21.7,12.7,1017.8,1017.6,697.75,362.75,2261.6,30.8618,12.8903,496.1,57.7,1495.008, NAN, NAN, NAN, NAN,,2024/04/19 19:06:49.220,2024-04-19 19:06:49.220000+00:00
2024/04/19, 19:07:49.220,36.142,-74.831, 10.86,355.01,352.55,10.22,10.5,10.5,1015.4,1015.7,0.0,0.0,85.13,78.53,17,12,10.1,9.7,96.5,96.8,5.4,4.8,30.1,22.1,1017.5,1017.8,847.11,366.71,2587.01,30.8755,12.9023,496.4,57.7,1495.065, NAN, NAN, NAN, NAN,,2024/04/19 19:07:49.220,2024-04-19 19:07:49.220000+00:00
2024/04/19, 19:08:49.220,36.144,-74.831, 10.63,356.58,357.9,9.38,10.5,10.5,1015.7,1015.7,0.0,0.0,85.13,78.53,12,10,8.2,8.5,96.8,96.8,3.7,3.9,25.5,20.1,1017.8,1017.8,655.7,367.99,2095.74,30.8933,12.928,495.6,57.6,1495.173, NAN, NAN, NAN, NAN,,2024/04/19 19:08:49.220,2024-04-19 19:08:49.220000+00:00
2024/04/19, 19:09:49.220,36.147,-74.832, 10.64,354.75,353.13,10.22,10.6,10.6,1015.7,1015.6,0.0,0.0,85.13,78.53,15,9,9.0,8.7,97.2,97.0,4.2,3.6,29.6,17.9,1017.8,1017.7,673.0,367.69,2135.25,30.9198,12.9637,496.1,57.5,1495.324, NAN, NAN, NAN, NAN,,2024/04/19 19:09:49.220,2024-04-19 19:09:49.220000+00:00
2024/04/19, 19:10:49.221,36.15,-74.832, 10.59,355.1,351.64,9.97,10.6,10.6,1015.3,1015.6,0.0,0.0,85.13,78.53,12,10,8.9,8.9,96.5,96.6,4.1,4.0,24.4,20.2,1017.4,1017.7,615.08,369.46,2038.88,30.9478,13.0053,495.3,57.5,1495.498, NAN, NAN, NAN, NAN,,2024/04/19 19:10:49.221,2024-04-19 19:10:49.221000+00:00
2024/04/19, 19:11:49.221,36.152,-74.832, 10.56,354.55,353.38,9.79,10.6,10.6,1015.3,1015.3,0.0,0.0,85.13,78.53,17,11,9.6,9.4,96.5,96.5,5.1,4.6,29.7,18.9,1017.4,1017.4,635.97,368.61,2101.78,30.9765,13.0521,494.7,57.7,1495.689, NAN, NAN, NAN, NAN,,2024/04/19 19:11:49.221,2024-04-19 19:11:49.221000+00:00
2024/04/19, 19:12:49.221,36.155,-74.832, 9.95,355.06,352.26,8.71,10.6,10.6,1015.4,1015.3,0.0,0.0,85.13,78.53,14,9,9.1,8.5,96.2,96.4,4.9,4.2,23.3,15.6,1017.5,1017.4,647.01,370.55,2081.14,31.0101,13.064,495.0,57.7,1495.769, NAN, NAN, NAN, NAN,,2024/04/19 19:12:49.221,2024-04-19 19:12:49.221000+00:00
2024/04/19, 19:13:49.221,36.157,-74.833, 8.67,355.56,352.41,7.88,10.6,10.6,1015.6,1015.5,0.0,0.0,85.13,78.53,10,5,9.2,8.8,96.0,96.1,5.3,4.8,14.4,6.1,1017.7,1017.6,583.27,372.64,1981.46,31.0502,13.0425,494.4,57.9,1495.744, NAN, NAN, NAN, NAN,,2024/04/19 19:13:49.221,2024-04-19 19:13:49.221000+00:00
2024/04/19, 19:14:49.221,36.159,-74.833, 8.58,355.07,353.53,7.8,10.6,10.6,1015.4,1015.3,0.0,0.0,85.13,78.53,6,0,8.6,8.5,95.9,96.1,4.6,4.5,7.2,356.0,1017.5,1017.4,594.8,370.7,1980.22,31.0911,13.0354,493.7,57.8,1495.768, NAN, NAN, NAN, NAN,,2024/04/19 19:14:49.221,2024-04-19 19:14:49.221000+00:00
2024/04/19, 19:15:49.221,36.161,-74.833, 7.08,8.52,5.58,6.16,10.5,10.6,1015.5,1015.5,0.0,0.0,85.13,78.53,358,351,7.8,7.9,95.7,95.8,4.6,4.8,6.8,355.2,1017.6,1017.6,649.38,372.29,2147.72,31.1387,13.0295,493.7,57.7,1495.805, NAN, NAN, NAN, NAN,,2024/04/19 19:15:49.221,2024-04-19 19:15:49.221000+00:00
2024/04/19, 19:16:49.221,36.163,-74.833, 5.99,17.54,29.43,5.02,10.5,10.6,1015.3,1015.5,0.0,0.0,85.13,78.53,354,348,7.3,7.3,96.4,96.4,4.8,5.0,3.8,355.0,1017.4,1017.6,578.15,373.11,1965.97,31.1758,13.0003,494.4,57.7,1495.75, NAN, NAN, NAN, NAN,,2024/04/19 19:16:49.221,2024-04-19 19:16:49.221000+00:00
2024/04/19, 19:17:49.221,36.164,-74.832, 6.03,20.62,24.57,5.41,10.5,10.5,1015.5,1015.7,0.0,0.0,85.13,78.53,349,344,7.0,7.1,95.8,95.9,4.3,4.6,1.0,353.4,1017.6,1017.8,584.32,373.1,1974.91,31.2015,12.9512,493.7,57.7,1495.615, NAN, NAN, NAN, NAN,,2024/04/19 19:17:49.221,2024-04-19 19:17:49.221000+00:00
2024/04/19, 19:18:49.221,36.165,-74.831, 6.10,0.84,7.51,5.66,10.5,10.5,1015.5,1015.3,0.0,0.0,85.13,78.53,354,347,6.8,6.7,96.2,95.8,4.0,4.1,345.2,333.5,1017.6,1017.4,610.08,372.56,2054.66,31.2146,12.9165,494.4,57.7,1495.514, NAN, NAN, NAN, NAN,,2024/04/19 19:18:49.221,2024-04-19 19:18:49.221000+00:00
2024/04/19, 19:19:49.221,36.167,-74.832, 8.79,351.0,350.13,7.91,10.5,10.5,1015.5,1015.3,0.0,0.0,85.13,78.53,6,359,8.8,8.5,96.5,96.4,4.8,4.4,2.4,349.4,1017.6,1017.4,584.64,372.26,1990.13,31.2155,12.8882,495.0,57.3,1495.42, NAN, NAN, NAN, NAN,,2024/04/19 19:19:49.221,2024-04-19 19:19:49.221000+00:00
2024/04/19, 19:20:49.221,36.17,-74.832, 9.78,348.1,345.91,8.99,10.4,10.4,1015.5,1015.3,0.0,0.0,85.13,78.53,6,1,9.7,9.1,96.3,96.3,5.2,4.5,1.1,352.0,1017.6,1017.4,584.57,372.51,2008.09,31.21,12.8431,493.4,57.5,1495.261, NAN, NAN, NAN, NAN,,2024/04/19 19:20:49.221,2024-04-19 19:20:49.221000+00:00
2024/04/19, 19:21:49.221,36.172,-74.833, 11.28,350.71,345.98,10.61,10.4,10.4,1015.4,1015.3,0.0,0.0,85.13,78.53,7,0,10.7,10.1,96.5,96.7,5.4,4.7,7.5,353.9,1017.5,1017.4,582.89,372.05,1991.71,31.2051,12.7636,492.4,57.6,1494.986, NAN, NAN, NAN, NAN,,2024/04/19 19:21:49.221,2024-04-19 19:21:49.221000+00:00
2024/04/19, 19:22:49.221,36.175,-74.833, 11.79,350.63,347.97,11.21,10.4,10.4,1015.3,1015.5,0.0,0.0,85.13,78.53,8,3,10.4,10.4,96.5,96.6,4.8,4.7,9.8,359.0,1017.4,1017.6,597.89,371.71,2024.51,31.2093,12.6956,492.0,58.1,1494.761, NAN, NAN, NAN, NAN,,2024/04/19 19:22:49.221,2024-04-19 19:22:49.221000+00:00
2024/04/19, 19:23:49.221,36.179,-74.834, 11.88,349.79,351.07,11.1,10.3,10.4,1015.3,1015.1,0.0,0.0,85.13,78.53,7,1,10.5,9.9,96.3,96.3,4.9,4.2,4.4,351.5,1017.4,1017.2,570.01,372.63,1944.01,31.2185,12.6486,490.7,57.9,1494.612, NAN, NAN, NAN, NAN,,2024/04/19 19:23:49.221,2024-04-19 19:23:49.221000+00:00
2024/04/19, 19:24:49.221,36.182,-74.835, 11.69,350.41,353.48,10.97,10.3,10.3,1015.3,1015.3,0.0,0.0,85.13,78.53,10,5,10.7,10.6,96.4,96.4,5.2,5.0,10.1,359.8,1017.4,1017.4,574.03,372.69,1970.8,31.2397,12.6056,490.4,58.0,1494.491, NAN, NAN, NAN, NAN,,2024/04/19 19:24:49.221,2024-04-19 19:24:49.221000+00:00
2024/04/19, 19:25:49.222,36.185,-74.835, 11.75,350.03,349.3,11.07,10.3,10.3,1015.1,1015.3,0.0,0.0,85.13,78.53,9,5,10.4,9.9,96.5,96.6,4.9,4.3,9.8,2.0,1017.2,1017.4,554.13,372.31,1912.49,31.2938,12.5262,489.1,57.9,1494.286, NAN, NAN, NAN, NAN,,2024/04/19 19:25:49.222,2024-04-19 19:25:49.222000+00:00
2024/04/19, 19:26:49.222,36.188,-74.836, 11.89,349.86,348.41,11.12,10.3,10.3,1015.2,1015.3,0.0,0.0,85.13,78.53,10,4,10.4,9.7,96.8,97.0,4.9,4.0,12.4,0.6,1017.3,1017.4,559.59,372.39,1931.9,31.3889,12.4364,488.6,58.1,1494.093, NAN, NAN, NAN, NAN,,2024/04/19 19:26:49.222,2024-04-19 19:26:49.222000+00:00
2024/04/19, 19:27:49.222,36.191,-74.837, 11.57,350.31,344.94,11.01,10.2,10.3,1015.2,1015.3,0.0,0.0,85.13,78.53,10,4,10.1,9.9,96.7,96.8,4.8,4.4,16.6,4.3,1017.3,1017.4,550.84,373.78,1944.05,31.4811,12.1195,488.6,58.5,1493.117, NAN, NAN, NAN, NAN,,2024/04/19 19:27:49.222,2024-04-19 19:27:49.222000+00:00
2024/04/19, 19:28:49.222,36.194,-74.838, 11.49,355.97,348.88,10.97,10.2,10.3,1015.2,1015.1,0.0,0.0,85.13,78.53,11,5,10.8,10.5,96.9,96.9,5.7,5.1,24.2,13.6,1017.3,1017.2,562.32,373.92,1928.04,31.6016,11.4846,489.1,58.7,1491.062, NAN, NAN, NAN, NAN,,2024/04/19 19:28:49.222,2024-04-19 19:28:49.222000+00:00
2024/04/19, 19:29:49.222,36.196,-74.837, 10.91,18.17,16.9,10.41,10.2,10.2,1015.3,1015.4,0.0,0.0,85.13,78.53,355,349,9.8,9.6,96.9,97.0,4.5,4.4,8.8,355.5,1017.4,1017.5,553.76,375.15,1905.37,31.6961,11.1779,496.1,58.9,1490.1, NAN, NAN, NAN, NAN,,2024/04/19 19:29:49.222,2024-04-19 19:29:49.222000+00:00
2024/04/19, 19:30:49.222,36.199,-74.836, 11.25,23.6,21.21,9.79,10.2,10.2,1015.2,1015.1,0.0,0.0,85.13,78.53,351,346,9.9,9.6,96.8,96.8,5.0,4.8,6.9,356.4,1017.3,1017.2,558.66,375.24,1934.6,31.8607,10.9901,501.4,58.6,1489.636, NAN, NAN, NAN, NAN,,2024/04/19 19:30:49.222,2024-04-19 19:30:49.222000+00:00
2024/04/19, 19:31:49.222,36.202,-74.834, 10.98,22.53,23.74,10.34,10.2,10.2,1015.3,1015.2,0.0,0.0,85.13,78.53,353,348,9.9,9.7,96.8,96.8,4.7,4.7,6.9,356.2,1017.4,1017.3,530.34,375.19,1847.58,31.9617,10.9033,502.0,57.5,1489.451, NAN, NAN, NAN, NAN,,2024/04/19 19:31:49.222,2024-04-19 19:31:49.222000+00:00
2024/04/19, 19:32:49.222,36.204,-74.833, 11.19,21.81,22.71,10.13,10.2,10.2,1015.1,1015.0,0.0,0.0,85.13,78.53,353,346,9.7,9.9,97.0,96.9,4.6,5.0,6.3,352.8,1017.2,1017.1,505.25,374.79,1777.02,32.013,10.8982,503.8,56.5,1489.495, NAN, NAN, NAN, NAN,,2024/04/19 19:32:49.222,2024-04-19 19:32:49.222000+00:00
2024/04/19, 19:33:49.222,36.207,-74.832, 11.16,21.31,22.11,10.33,10.2,10.2,1015.2,1015.1,0.0,0.0,85.13,78.53,353,347,10.2,10.2,97.1,97.2,5.0,5.2,6.6,354.8,1017.3,1017.2,549.05,373.67,1895.01,32.0349,10.8874,503.8,56.6,1489.483, NAN, NAN, NAN, NAN,,2024/04/19 19:33:49.222,2024-04-19 19:33:49.222000+00:00
2024/04/19, 19:34:49.222,36.21,-74.831, 11.29,21.68,21.02,10.62,10.1,10.2,1015.2,1015.1,0.0,0.0,85.13,78.53,353,347,9.8,9.7,97.0,97.0,4.4,4.5,6.7,353.6,1017.3,1017.2,533.15,374.61,1832.35,32.05,10.8755,501.4,56.6,1489.459, NAN, NAN, NAN, NAN,,2024/04/19 19:34:49.222,2024-04-19 19:34:49.222000+00:00
2024/04/19, 19:35:49.222,36.212,-74.829, 11.07,21.36,21.85,10.32,10.2,10.2,1015.3,1015.3,0.0,0.0,85.13,78.53,352,346,9.7,9.7,97.2,97.2,4.5,4.7,3.7,351.4,1017.4,1017.4,519.03,375.1,1802.17,32.0595,10.8768,501.4,56.9,1489.475, NAN, NAN, NAN, NAN,,2024/04/19 19:35:49.222,2024-04-19 19:35:49.222000+00:00
2024/04/19, 19:36:49.222,36.215,-74.828, 11.17,21.3,23.28,10.49,10.1,10.2,1015.0,1015.2,0.0,0.0,85.13,78.53,351,346,9.7,9.8,97.2,97.2,4.5,4.8,0.6,350.7,1017.1,1017.3,541.71,375.89,1816.52,32.0621,10.8821,503.5,56.8,1489.497, NAN, NAN, NAN, NAN,,2024/04/19 19:36:49.222,2024-04-19 19:36:49.222000+00:00
2024/04/19, 19:37:49.222,36.218,-74.827, 10.90,21.69,22.33,10.04,10.1,10.2,1015.1,1015.2,0.0,0.0,85.13,78.53,352,346,9.5,9.3,97.3,97.3,4.4,4.5,4.5,351.6,1017.2,1017.3,508.14,375.31,1773.21,32.0607,10.8884,505.9,56.7,1489.518, NAN, NAN, NAN, NAN,,2024/04/19 19:37:49.222,2024-04-19 19:37:49.222000+00:00
2024/04/19, 19:38:49.222,36.221,-74.826, 11.24,21.12,19.68,10.67,10.2,10.2,1015.2,1015.0,0.0,0.0,85.13,78.53,352,347,9.5,9.4,97.3,97.3,4.1,4.2,3.5,352.1,1017.3,1017.1,504.28,373.19,1756.72,32.0594,10.8804,506.5,56.8,1489.488, NAN, NAN, NAN, NAN,,2024/04/19 19:38:49.222,2024-04-19 19:38:49.222000+00:00
2024/04/19, 19:39:49.222,36.223,-74.824, 11.22,21.33,19.71,10.62,10.2,10.2,1015.0,1015.1,0.0,0.0,85.13,78.53,351,345,9.5,9.6,97.5,97.5,4.2,4.5,1.4,348.9,1017.1,1017.2,561.75,373.94,1903.38,32.0574,10.8675,505.1,56.8,1489.44, NAN, NAN, NAN, NAN,,2024/04/19 19:39:49.222,2024-04-19 19:39:49.222000+00:00
2024/04/19, 19:40:49.222,36.226,-74.823, 11.25,21.31,22.0,10.57,10.2,10.2,1015.1,1014.9,0.0,0.0,85.13,78.53,350,346,9.5,9.5,97.4,97.5,4.3,4.4,358.3,349.8,1017.2,1017.0,523.47,372.89,1814.5,32.0562,10.8677,503.2,58.0,1489.439, NAN, NAN, NAN, NAN,,2024/04/19 19:40:49.222,2024-04-19 19:40:49.222000+00:00
2024/04/19, 19:41:49.223,36.229,-74.822, 11.51,21.26,21.54,10.89,10.2,10.2,1015.2,1015.3,0.0,0.0,85.13,78.53,350,345,9.8,9.7,97.2,97.5,4.4,4.5,359.0,348.1,1017.3,1017.4,481.47,373.81,1705.51,32.0554,10.8677,502.0,56.9,1489.438, NAN, NAN, NAN, NAN,,2024/04/19 19:41:49.223,2024-04-19 19:41:49.223000+00:00
2024/04/19, 19:42:49.223,36.231,-74.82, 11.43,21.46,20.37,10.67,10.2,10.2,1015.3,1015.3,0.0,0.0,85.13,78.53,348,343,9.4,9.6,97.4,97.5,4.2,4.6,353.5,344.1,1017.4,1017.4,504.85,373.66,1749.67,32.0567,10.8522,499.5,56.8,1489.385, NAN, NAN, NAN, NAN,,2024/04/19 19:42:49.223,2024-04-19 19:42:49.223000+00:00
2024/04/19, 19:43:49.223,36.234,-74.819, 11.43,21.18,22.72,10.8,10.2,10.2,1015.1,1015.1,0.0,0.0,85.13,78.53,347,342,9.2,9.6,97.3,97.4,4.0,4.7,349.0,340.8,1017.2,1017.2,509.45,373.99,1784.11,32.057,10.8269,498.0,57.3,1489.296, NAN, NAN, NAN, NAN,,2024/04/19 19:43:49.223,2024-04-19 19:43:49.223000+00:00
2024/04/19, 19:44:49.223,36.237,-74.818, 11.62,21.03,22.38,10.24,10.2,10.2,1015.2,1015.1,0.0,0.0,85.13,78.53,348,342,9.2,8.8,97.5,97.6,4.2,4.2,353.5,339.5,1017.3,1017.2,496.54,373.92,1743.42,32.0611,10.7961,496.4,57.5,1489.191, NAN, NAN, NAN, NAN,,2024/04/19 19:44:49.223,2024-04-19 19:44:49.223000+00:00
2024/04/19, 19:45:49.223,36.24,-74.816, 11.17,21.43,22.64,10.26,10.2,10.2,1015.5,1015.1,0.0,0.0,85.13,78.53,346,341,9.3,9.6,97.5,97.5,4.4,5.0,349.6,341.3,1017.6,1017.2,492.87,372.37,1730.15,32.0544,10.7804,497.7,57.4,1489.127, NAN, NAN, NAN, NAN,,2024/04/19 19:45:49.223,2024-04-19 19:45:49.223000+00:00
2024/04/19, 19:46:49.223,36.242,-74.815, 11.03,20.67,25.13,10.51,10.2,10.2,1015.1,1015.2,0.0,0.0,85.13,78.53,344,338,9.1,9.4,97.4,97.4,4.3,4.9,342.3,332.8,1017.2,1017.3,493.83,373.64,1699.16,32.0553,10.7837,499.8,57.1,1489.14, NAN, NAN, NAN, NAN,,2024/04/19 19:46:49.223,2024-04-19 19:46:49.223000+00:00
2024/04/19, 19:47:49.223,36.245,-74.814, 11.36,21.13,20.7,10.59,10.2,10.2,1015.1,1015.1,0.0,0.0,85.13,78.53,344,339,9.8,10.2,97.3,97.3,4.8,5.5,347.0,339.3,1017.2,1017.2,490.68,375.91,1728.98,32.06,10.7633,497.1,57.5,1489.074, NAN, NAN, NAN, NAN,,2024/04/19 19:47:49.223,2024-04-19 19:47:49.223000+00:00
2024/04/19, 19:48:49.223,36.248,-74.813, 11.45,21.43,23.34,10.82,10.2,10.2,1015.4,1015.3,0.0,0.0,85.13,78.53,344,339,9.8,9.6,97.2,97.3,4.8,4.9,345.2,335.1,1017.5,1017.4,463.04,375.84,1640.84,32.0552,10.7506,495.0,58.0,1489.023, NAN, NAN, NAN, NAN,,2024/04/19 19:48:49.223,2024-04-19 19:48:49.223000+00:00
2024/04/19, 19:49:49.223,36.251,-74.811, 11.23,21.1,22.23,10.68,10.2,10.2,1015.3,1015.3,0.0,0.0,85.13,78.53,345,339,9.7,10.2,97.2,97.4,4.7,5.5,347.5,338.4,1017.4,1017.4,470.26,374.99,1657.16,32.0505,10.765,495.0,57.6,1489.068, NAN, NAN, NAN, NAN,,2024/04/19 19:49:49.223,2024-04-19 19:49:49.223000+00:00
2024/04/19, 19:50:49.223,36.253,-74.81, 11.35,21.4,23.55,10.69,10.2,10.2,1015.3,1015.3,0.0,0.0,85.13,78.53,348,341,9.6,10.1,97.3,97.4,4.5,5.4,351.9,340.6,1017.4,1017.4,494.31,373.2,1729.89,32.0493,10.778,495.3,57.8,1489.113, NAN, NAN, NAN, NAN,,2024/04/19 19:50:49.223,2024-04-19 19:50:49.223000+00:00
2024/04/19, 19:51:49.223,36.256,-74.809, 11.11,21.38,23.55,10.26,10.2,10.2,1015.3,1015.3,0.0,0.0,85.13,78.53,348,341,9.8,9.7,97.3,97.5,4.8,5.1,354.9,341.4,1017.4,1017.4,524.46,372.68,1779.64,32.0457,10.7731,495.3,57.8,1489.091, NAN, NAN, NAN, NAN,,2024/04/19 19:51:49.223,2024-04-19 19:51:49.223000+00:00
2024/04/19, 19:52:49.223,36.259,-74.807, 11.26,21.12,20.77,10.0,10.2,10.2,1015.3,1015.3,0.0,0.0,85.13,78.53,347,342,9.8,10.1,97.3,97.4,4.9,5.5,354.3,346.0,1017.4,1017.4,471.49,372.87,1715.08,32.0449,10.7596,495.3,57.7,1489.042, NAN, NAN, NAN, NAN,,2024/04/19 19:52:49.223,2024-04-19 19:52:49.223000+00:00
2024/04/19, 19:53:49.223,36.261,-74.806, 11.21,21.04,21.11,10.53,10.1,10.2,1015.3,1015.2,0.0,0.0,85.13,78.53,349,343,10.1,9.9,97.1,97.2,4.9,5.0,357.4,345.1,1017.4,1017.3,480.91,374.1,1683.68,32.0407,10.7531,495.8,57.5,1489.014, NAN, NAN, NAN, NAN,,2024/04/19 19:53:49.223,2024-04-19 19:53:49.223000+00:00
2024/04/19, 19:54:49.223,36.264,-74.805, 11.28,20.51,21.97,10.64,10.1,10.1,1015.2,1015.3,0.0,0.0,85.13,78.53,345,342,9.8,9.9,97.3,97.4,4.8,5.1,346.9,341.6,1017.3,1017.4,472.21,371.9,1687.47,32.0412,10.7486,496.8,57.5,1488.999, NAN, NAN, NAN, NAN,,2024/04/19 19:54:49.223,2024-04-19 19:54:49.223000+00:00
2024/04/19, 19:55:49.223,36.267,-74.803, 11.35,20.97,23.29,10.02,10.1,10.1,1015.1,1015.1,0.0,0.0,85.13,78.53,347,342,9.5,9.6,97.4,97.5,4.7,5.0,352.1,343.1,1017.2,1017.2,477.47,374.62,1688.05,32.0398,10.7378,497.7,57.5,1488.959, NAN, NAN, NAN, NAN,,2024/04/19 19:55:49.223,2024-04-19 19:55:49.223000+00:00
2024/04/19, 19:56:49.224,36.269,-74.802, 11.07,20.95,20.2,9.89,10.1,10.1,1015.3,1015.0,0.0,0.0,85.13,78.53,348,343,9.6,9.8,97.5,97.6,4.7,5.2,356.0,347.2,1017.4,1017.1,490.01,374.51,1676.89,32.0348,10.7154,499.2,57.4,1488.873, NAN, NAN, NAN, NAN,,2024/04/19 19:56:49.224,2024-04-19 19:56:49.224000+00:00
2024/04/19, 19:57:49.224,36.272,-74.801, 11.33,21.31,22.24,10.79,10.1,10.1,1015.4,1015.2,0.0,0.0,85.13,78.53,348,341,10.1,10.4,97.4,97.5,4.8,5.5,355.7,343.2,1017.5,1017.3,463.06,375.02,1620.92,32.0382,10.6941,500.4,56.7,1488.801, NAN, NAN, NAN, NAN,,2024/04/19 19:57:49.224,2024-04-19 19:57:49.224000+00:00
2024/04/19, 19:58:49.224,36.275,-74.799, 11.28,21.05,23.24,10.35,10.1,10.1,1015.2,1015.1,0.0,0.0,85.13,78.53,348,343,10.3,10.5,97.4,97.5,5.3,5.7,355.4,346.8,1017.3,1017.2,469.81,376.43,1644.1,32.0413,10.668,502.0,56.5,1488.712, NAN, NAN, NAN, NAN,,2024/04/19 19:58:49.224,2024-04-19 19:58:49.224000+00:00
2024/04/19, 19:59:49.224,36.277,-74.798, 11.37,21.32,21.55,10.63,10.1,10.1,1015.3,1015.3,0.0,0.0,85.13,78.53,348,342,10.6,10.8,97.4,97.5,5.4,5.9,356.3,345.9,1017.4,1017.4,424.1,377.14,1514.25,32.0409,10.6433,502.0,56.7,1488.624, NAN, NAN, NAN, NAN,,2024/04/19 19:59:49.224,2024-04-19 19:59:49.224000+00:00
2024/04/19, 20:00:49.224,36.28,-74.797, 11.39,20.16,21.13,10.19,10.1,10.1,1015.3,1015.1,0.0,0.0,85.13,78.53,347,342,10.7,10.9,97.4,97.5,5.8,6.2,353.9,345.7,1017.4,1017.2,436.66,375.35,1544.41,32.0422,10.608,500.8,56.8,1488.5, NAN, NAN, NAN, NAN,,2024/04/19 20:00:49.224,2024-04-19 20:00:49.224000+00:00
2024/04/19, 20:01:49.224,36.283,-74.795, 11.55,21.19,25.46,10.71,10.1,10.1,1015.3,1015.1,0.0,0.0,85.13,78.53,347,342,10.9,11.1,97.3,97.4,5.8,6.2,353.9,345.6,1017.4,1017.2,444.37,374.79,1565.39,32.0433,10.5846,500.4,56.8,1488.417, NAN, NAN, NAN, NAN,,2024/04/19 20:01:49.224,2024-04-19 20:01:49.224000+00:00
2024/04/19, 20:02:49.224,36.285,-74.794, 11.48,21.45,23.1,10.56,10.1,10.1,1015.3,1015.1,0.0,0.0,85.13,78.53,348,342,10.3,10.8,97.4,97.5,5.2,6.0,355.1,345.6,1017.4,1017.2,451.27,374.69,1573.04,32.0434,10.5773,502.2,56.8,1488.391, NAN, NAN, NAN, NAN,,2024/04/19 20:02:49.224,2024-04-19 20:02:49.224000+00:00
2024/04/19, 20:03:49.224,36.288,-74.793, 11.51,20.98,21.93,10.76,10.1,10.1,1015.1,1015.1,0.0,0.0,85.13,78.53,348,342,10.5,10.9,97.4,97.5,5.2,5.9,355.7,345.6,1017.2,1017.2,424.84,374.01,1527.36,32.0441,10.5851,505.1,56.9,1488.42, NAN, NAN, NAN, NAN,,2024/04/19 20:03:49.224,2024-04-19 20:03:49.224000+00:00
2024/04/19, 20:04:49.224,36.291,-74.791, 11.34,21.64,23.8,10.31,10.1,10.1,1015.1,1015.3,0.0,0.0,85.13,78.53,349,343,10.1,10.7,97.4,97.5,5.0,5.9,358.2,348.7,1017.2,1017.4,456.61,372.07,1630.26,32.0457,10.6084,503.8,56.9,1488.505, NAN, NAN, NAN, NAN,,2024/04/19 20:04:49.224,2024-04-19 20:04:49.224000+00:00
2024/04/19, 20:05:49.224,36.294,-74.79, 11.45,21.51,22.93,10.77,10.1,10.1,1015.1,1015.0,0.0,0.0,85.13,78.53,350,343,9.7,10.0,97.4,97.6,4.4,5.0,357.8,344.8,1017.2,1017.1,454.51,372.01,1615.66,32.0476,10.6319,501.4,56.9,1488.591, NAN, NAN, NAN, NAN,,2024/04/19 20:05:49.224,2024-04-19 20:05:49.224000+00:00
2024/04/19, 20:06:49.224,36.296,-74.789, 11.27,21.37,20.58,10.36,10.1,10.1,1015.2,1014.9,0.0,0.0,85.13,78.53,347,342,10.2,10.4,97.5,97.5,5.1,5.6,355.0,346.3,1017.3,1017.0,434.38,372.66,1546.01,32.0447,10.6497,499.8,57.0,1488.651, NAN, NAN, NAN, NAN,,2024/04/19 20:06:49.224,2024-04-19 20:06:49.224000+00:00
2024/04/19, 20:07:49.224,36.299,-74.787, 11.28,21.9,24.3,10.69,10.1,10.1,1015.1,1015.0,0.0,0.0,85.13,78.53,347,343,10.3,10.4,97.4,97.6,5.2,5.5,353.3,346.2,1017.2,1017.1,424.34,373.05,1550.18,32.0447,10.6625,499.0,57.0,1488.697, NAN, NAN, NAN, NAN,,2024/04/19 20:07:49.224,2024-04-19 20:07:49.224000+00:00
2024/04/19, 20:08:49.224,36.302,-74.786, 11.37,21.32,22.68,10.62,10.1,10.1,1015.1,1015.1,0.0,0.0,85.13,78.53,348,342,10.3,10.2,97.8,97.7,5.1,5.4,355.2,343.7,1017.2,1017.2,432.81,373.0,1549.77,32.0411,10.6823,499.2,57.0,1488.763, NAN, NAN, NAN, NAN,,2024/04/19 20:08:49.224,2024-04-19 20:08:49.224000+00:00
2024/04/19, 20:09:49.224,36.304,-74.785, 11.29,20.74,20.03,10.44,10.1,10.1,1015.2,1015.1,0.0,0.0,85.13,78.53,347,342,10.5,10.8,97.5,97.9,5.4,5.9,355.9,347.4,1017.3,1017.2,449.81,373.57,1602.09,32.0388,10.7037,500.4,57.1,1488.836, NAN, NAN, NAN, NAN,,2024/04/19 20:09:49.224,2024-04-19 20:09:49.224000+00:00
2024/04/19, 20:10:49.224,36.307,-74.783, 11.21,21.52,21.15,10.24,10.1,10.1,1015.3,1015.1,0.0,0.0,85.13,78.53,347,341,10.0,10.3,97.5,97.6,5.0,5.5,355.9,345.5,1017.4,1017.2,439.3,373.47,1524.19,32.0354,10.7255,500.1,57.0,1488.91, NAN, NAN, NAN, NAN,,2024/04/19 20:10:49.224,2024-04-19 20:10:49.224000+00:00
2024/04/19, 20:11:49.224,36.31,-74.782, 11.32,21.37,17.4,10.47,10.1,10.1,1015.2,1015.1,0.0,0.0,85.13,78.53,348,342,10.3,10.4,97.7,97.6,5.1,5.4,359.2,347.8,1017.3,1017.2,436.23,373.67,1548.81,32.0356,10.7456,501.1,57.1,1488.981, NAN, NAN, NAN, NAN,,2024/04/19 20:11:49.224,2024-04-19 20:11:49.224000+00:00
2024/04/19, 20:12:49.225,36.313,-74.781, 11.28,21.32,20.51,10.49,10.1,10.1,1015.2,1015.0,0.0,0.0,85.13,78.53,348,342,10.3,10.7,97.8,97.9,5.1,5.8,357.4,347.2,1017.3,1017.1,398.86,373.55,1444.48,32.0318,10.761,500.4,56.7,1489.031, NAN, NAN, NAN, NAN,,2024/04/19 20:12:49.225,2024-04-19 20:12:49.225000+00:00
2024/04/19, 20:13:49.225,36.315,-74.78, 11.09,21.4,20.95,10.48,10.1,10.1,1014.8,1015.2,0.0,0.0,85.13,78.53,347,342,10.2,10.7,97.6,97.9,5.0,5.8,355.9,347.8,1016.9,1017.3,427.16,372.4,1535.56,32.0289,10.7721,499.5,56.6,1489.067, NAN, NAN, NAN, NAN,,2024/04/19 20:13:49.225,2024-04-19 20:13:49.225000+00:00
2024/04/19, 20:14:49.225,36.318,-74.778, 11.14,21.62,20.27,10.42,10.0,10.1,1015.1,1014.8,0.0,0.0,85.13,78.53,349,343,10.0,10.3,97.7,97.7,4.8,5.3,0.1,349.2,1017.2,1016.9,417.0,371.41,1529.46,32.024,10.767,499.5,56.9,1489.043, NAN, NAN, NAN, NAN,,2024/04/19 20:14:49.225,2024-04-19 20:14:49.225000+00:00
2024/04/19, 20:15:49.225,36.321,-74.777, 11.13,20.59,17.75,9.41,10.0,10.1,1015.2,1014.9,0.0,0.0,85.13,78.53,349,344,9.9,9.8,97.8,97.8,5.2,5.2,1.4,351.8,1017.3,1017.0,444.08,370.01,1556.04,32.0203,10.7715,498.7,56.6,1489.055, NAN, NAN, NAN, NAN,,2024/04/19 20:15:49.225,2024-04-19 20:15:49.225000+00:00
2024/04/19, 20:16:49.225,36.323,-74.776, 10.98,21.14,21.4,9.98,10.1,10.1,1015.2,1014.9,0.0,0.0,85.13,78.53,350,344,9.7,9.8,97.8,97.9,4.7,5.0,0.7,349.3,1017.3,1017.0,399.38,373.04,1444.7,32.0096,10.7641,499.2,56.6,1489.016, NAN, NAN, NAN, NAN,,2024/04/19 20:16:49.225,2024-04-19 20:16:49.225000+00:00
2024/04/19, 20:17:49.225,36.326,-74.775, 11.34,21.24,17.36,10.51,10.0,10.1,1015.2,1015.0,0.0,0.0,85.13,78.53,348,343,10.2,10.4,97.7,97.9,4.9,5.3,359.2,349.9,1017.3,1017.1,408.81,373.25,1438.22,32.0026,10.7617,497.7,56.8,1488.999, NAN, NAN, NAN, NAN,,2024/04/19 20:17:49.225,2024-04-19 20:17:49.225000+00:00
2024/04/19, 20:18:49.225,36.329,-74.774, 11.18,21.63,18.58,10.27,10.1,10.1,1015.3,1015.0,0.0,0.0,85.13,78.53,346,341,10.2,10.5,97.8,97.8,5.2,5.7,354.9,346.5,1017.4,1017.1,411.36,375.46,1450.68,31.9949,10.7757,498.7,56.4,1489.039, NAN, NAN, NAN, NAN,,2024/04/19 20:18:49.225,2024-04-19 20:18:49.225000+00:00
2024/04/19, 20:19:49.225,36.331,-74.772, 11.47,21.19,17.12,10.25,10.1,10.1,1015.2,1015.1,0.0,0.0,85.13,78.53,346,338,10.1,10.4,97.9,97.9,5.1,5.7,354.8,341.0,1017.3,1017.2,365.72,378.03,1321.55,31.9883,10.7824,498.0,56.6,1489.055, NAN, NAN, NAN, NAN,,2024/04/19 20:19:49.225,2024-04-19 20:19:49.225000+00:00
2024/04/19, 20:20:49.225,36.334,-74.771, 11.16,21.41,20.08,10.25,10.1,10.1,1015.1,1014.9,0.0,0.0,85.13,78.53,347,339,10.5,10.4,97.9,97.9,5.4,5.7,357.2,342.4,1017.2,1017.0,363.03,377.98,1313.53,31.9828,10.7829,500.8,56.5,1489.05, NAN, NAN, NAN, NAN,,2024/04/19 20:20:49.225,2024-04-19 20:20:49.225000+00:00
2024/04/19, 20:21:49.225,36.337,-74.77, 11.37,22.15,21.7,10.44,10.1,10.1,1015.1,1015.1,0.0,0.0,85.13,78.53,344,339,9.8,10.3,97.9,98.0,4.7,5.5,351.1,343.3,1017.2,1017.2,352.63,378.78,1270.67,31.9787,10.7811,502.2,56.5,1489.039, NAN, NAN, NAN, NAN,,2024/04/19 20:21:49.225,2024-04-19 20:21:49.225000+00:00
2024/04/19, 20:22:49.225,36.34,-74.769, 11.34,20.89,20.84,10.76,10.1,10.1,1015.1,1015.1,0.0,0.0,85.13,78.53,345,340,10.4,10.6,98.0,98.0,5.2,5.7,350.7,342.1,1017.2,1017.2,347.79,377.4,1278.4,31.9744,10.7844,504.1,56.6,1489.045, NAN, NAN, NAN, NAN,,2024/04/19 20:22:49.225,2024-04-19 20:22:49.225000+00:00
2024/04/19, 20:23:49.225,36.343,-74.767, 11.65,22.09,17.45,10.62,10.1,10.1,1015.3,1015.1,0.0,0.0,85.13,78.53,346,340,10.9,11.0,97.9,98.1,5.6,6.0,357.3,346.5,1017.4,1017.2,365.04,377.92,1323.0,31.9708,10.7752,506.2,56.8,1489.008, NAN, NAN, NAN, NAN,,2024/04/19 20:23:49.225,2024-04-19 20:23:49.225000+00:00
2024/04/19, 20:24:49.225,36.345,-74.766, 11.42,21.34,19.3,10.83,10.1,10.1,1015.1,1015.1,0.0,0.0,85.13,78.53,347,342,10.3,10.2,97.9,98.0,5.0,5.1,355.9,345.7,1017.2,1017.2,378.8,376.92,1363.4,31.9668,10.7634,507.8,56.7,1488.961, NAN, NAN, NAN, NAN,,2024/04/19 20:24:49.225,2024-04-19 20:24:49.225000+00:00
2024/04/19, 20:25:49.225,36.348,-74.765, 11.54,22.03,19.43,10.75,10.1,10.1,1015.1,1015.0,0.0,0.0,85.13,78.53,349,344,10.6,10.2,97.9,98.0,5.2,5.0,1.3,350.4,1017.2,1017.1,388.99,374.87,1392.28,31.9641,10.7408,509.9,56.7,1488.878, NAN, NAN, NAN, NAN,,2024/04/19 20:25:49.225,2024-04-19 20:25:49.225000+00:00
2024/04/19, 20:26:49.225,36.351,-74.764, 11.14,22.03,20.33,10.23,10.1,10.1,1015.1,1015.1,0.0,0.0,85.13,78.53,350,346,9.3,9.5,98.0,97.9,4.2,4.5,1.6,353.7,1017.2,1017.2,409.6,374.79,1476.46,31.9637,10.7292,510.5,56.5,1488.836, NAN, NAN, NAN, NAN,,2024/04/19 20:26:49.225,2024-04-19 20:26:49.225000+00:00
2024/04/19, 20:27:49.226,36.353,-74.762, 11.46,22.42,19.61,10.42,10.1,10.1,1015.1,1015.0,0.0,0.0,85.13,78.53,353,346,10.0,10.0,97.9,98.0,4.7,4.9,10.0,355.5,1017.2,1017.1,392.97,375.22,1428.92,31.9644,10.723,512.3,56.6,1488.815, NAN, NAN, NAN, NAN,,2024/04/19 20:27:49.226,2024-04-19 20:27:49.226000+00:00
2024/04/19, 20:28:49.226,36.356,-74.761, 10.96,29.98,32.47,10.27,10.1,10.1,1014.8,1014.8,0.0,0.0,85.13,78.53,350,343,9.5,9.6,98.1,98.0,4.4,4.9,6.6,353.2,1016.9,1016.9,377.78,375.16,1386.66,31.9649,10.7197,512.9,56.7,1488.804, NAN, NAN, NAN, NAN,,2024/04/19 20:28:49.226,2024-04-19 20:28:49.226000+00:00
2024/04/19, 20:29:49.226,36.359,-74.759, 11.35,30.28,28.79,10.5,10.1,10.1,1015.0,1014.8,0.0,0.0,85.13,78.53,350,344,9.1,9.4,98.2,98.0,3.9,4.5,6.2,354.7,1017.1,1016.9,368.1,375.83,1360.5,31.9635,10.7188,513.2,56.8,1488.799, NAN, NAN, NAN, NAN,,2024/04/19 20:29:49.226,2024-04-19 20:29:49.226000+00:00
2024/04/19, 20:30:49.226,36.361,-74.757, 11.49,30.17,28.29,10.92,10.1,10.1,1015.2,1014.8,0.0,0.0,85.13,78.53,350,344,9.4,9.5,98.5,98.3,3.9,4.3,7.6,354.7,1017.3,1016.9,384.25,374.45,1427.06,31.9601,10.7144,512.3,56.9,1488.779, NAN, NAN, NAN, NAN,,2024/04/19 20:30:49.226,2024-04-19 20:30:49.226000+00:00
2024/04/19, 20:31:49.226,36.364,-74.755, 11.49,28.99,26.0,10.47,10.2,10.1,1015.2,1015.1,0.0,0.0,85.13,78.53,349,344,9.2,9.5,98.4,98.6,4.0,4.5,5.6,356.0,1017.3,1017.2,356.23,374.5,1315.38,31.9583,10.7187,512.9,56.7,1488.792, NAN, NAN, NAN, NAN,,2024/04/19 20:31:49.226,2024-04-19 20:31:49.226000+00:00
2024/04/19, 20:32:49.226,36.366,-74.754, 11.42,29.43,27.28,10.45,10.2,10.2,1015.1,1015.1,0.0,0.0,85.13,78.53,347,343,9.5,9.5,98.2,98.5,4.4,4.6,0.4,352.5,1017.2,1017.2,370.6,373.99,1355.06,31.9567,10.7223,512.3,56.8,1488.803, NAN, NAN, NAN, NAN,,2024/04/19 20:32:49.226,2024-04-19 20:32:49.226000+00:00
2024/04/19, 20:33:49.226,36.369,-74.752, 11.46,29.45,28.22,10.43,10.2,10.2,1015.1,1015.1,0.0,0.0,85.13,78.53,346,340,9.5,9.5,98.2,98.2,4.5,4.8,358.6,347.1,1017.2,1017.2,348.68,374.87,1285.11,31.9567,10.7199,512.1,56.1,1488.795, NAN, NAN, NAN, NAN,,2024/04/19 20:33:49.226,2024-04-19 20:33:49.226000+00:00
2024/04/19, 20:34:49.226,36.371,-74.75, 11.52,29.67,30.46,10.27,10.2,10.2,1015.2,1015.1,0.0,0.0,85.13,78.53,344,339,9.4,9.9,98.2,98.2,4.6,5.4,354.6,347.5,1017.3,1017.2,361.89,375.26,1369.99,31.9571,10.7084,512.3,56.4,1488.754, NAN, NAN, NAN, NAN,,2024/04/19 20:34:49.226,2024-04-19 20:34:49.226000+00:00
2024/04/19, 20:35:49.226,36.374,-74.748, 11.23,30.19,29.45,10.39,10.2,10.2,1015.2,1014.9,0.0,0.0,85.13,78.53,345,339,9.1,9.6,98.1,98.2,4.2,5.0,355.6,346.5,1017.3,1017.0,359.74,376.04,1338.01,31.9567,10.7011,511.8,56.4,1488.728, NAN, NAN, NAN, NAN,,2024/04/19 20:35:49.226,2024-04-19 20:35:49.226000+00:00
2024/04/19, 20:36:49.226,36.376,-74.746, 11.55,35.65,29.35,10.66,10.2,10.2,1015.2,1015.1,0.0,0.0,85.13,78.53,346,340,9.4,9.4,98.2,98.1,4.1,4.4,9.0,356.1,1017.3,1017.2,362.39,374.93,1332.35,31.9533,10.7141,509.9,56.7,1488.77, NAN, NAN, NAN, NAN,,2024/04/19 20:36:49.226,2024-04-19 20:36:49.226000+00:00
2024/04/19, 20:37:49.226,36.379,-74.744, 11.10,41.13,42.88,10.58,10.1,10.2,1014.9,1015.1,0.0,0.0,85.13,78.53,339,333,8.5,9.1,98.0,98.2,4.0,5.0,350.1,343.7,1017.0,1017.2,351.02,374.67,1323.94,31.9495,10.7166,509.2,56.6,1488.774, NAN, NAN, NAN, NAN,,2024/04/19 20:37:49.226,2024-04-19 20:37:49.226000+00:00
2024/04/19, 20:38:49.226,36.381,-74.742, 11.23,40.23,43.52,10.09,10.2,10.2,1015.3,1014.9,0.0,0.0,85.13,78.53,345,342,8.5,8.5,99.0,98.1,3.9,4.1,0.8,355.1,1017.4,1017.0,340.07,376.2,1266.41,31.9452,10.7361,510.8,56.5,1488.838, NAN, NAN, NAN, NAN,,2024/04/19 20:38:49.226,2024-04-19 20:38:49.226000+00:00
2024/04/19, 20:39:49.226,36.383,-74.739, 11.17,39.8,40.75,10.45,10.3,10.2,1015.1,1015.2,0.0,0.0,85.13,78.53,344,339,8.3,8.6,98.9,98.8,3.6,4.2,356.6,349.2,1017.2,1017.3,355.58,373.79,1309.03,31.9407,10.7791,511.8,56.6,1488.986, NAN, NAN, NAN, NAN,,2024/04/19 20:39:49.226,2024-04-19 20:39:49.226000+00:00
2024/04/19, 20:40:49.226,36.385,-74.737, 11.53,39.74,42.95,10.53,10.4,10.3,1015.1,1015.0,0.0,0.0,85.13,78.53,349,342,8.2,8.4,99.4,99.0,3.2,3.8,5.4,352.0,1017.2,1017.1,335.91,375.85,1247.87,31.9336,10.806,509.6,56.7,1489.073, NAN, NAN, NAN, NAN,,2024/04/19 20:40:49.226,2024-04-19 20:40:49.226000+00:00
2024/04/19, 20:41:49.226,36.387,-74.734, 11.54,39.85,41.52,10.65,10.6,10.4,1015.1,1014.9,0.0,0.0,85.13,78.53,353,345,8.3,7.8,99.7,99.4,3.0,3.0,17.3,353.6,1017.2,1017.0,332.57,377.74,1236.02,31.9248,10.8154,509.6,56.7,1489.095, NAN, NAN, NAN, NAN,,2024/04/19 20:41:49.226,2024-04-19 20:41:49.226000+00:00
2024/04/19, 20:42:49.226,36.389,-74.732, 11.84,40.22,42.07,10.58,10.7,10.6,1015.3,1015.0,0.0,0.0,85.13,78.53,352,346,8.0,8.0,99.4,99.7,2.8,3.2,12.6,357.8,1017.4,1017.1,352.77,376.88,1286.44,31.9133,10.8024,510.2,56.5,1489.035, NAN, NAN, NAN, NAN,,2024/04/19 20:42:49.226,2024-04-19 20:42:49.226000+00:00
2024/04/19, 20:43:49.227,36.392,-74.729, 11.65,40.15,41.47,10.98,10.8,10.7,1015.0,1014.9,0.0,0.0,85.13,78.53,353,348,8.0,7.6,98.8,99.7,2.6,2.6,12.1,354.6,1017.1,1017.0,344.82,378.85,1260.98,31.9066,10.7879,513.2,56.5,1488.976, NAN, NAN, NAN, NAN,,2024/04/19 20:43:49.227,2024-04-19 20:43:49.227000+00:00
2024/04/19, 20:44:49.227,36.394,-74.727, 11.51,39.52,41.91,10.46,11.0,10.8,1015.1,1015.1,0.0,0.0,85.13,78.53,359,352,8.4,8.3,99.0,98.9,3.1,3.2,31.7,12.9,1017.2,1017.2,307.54,381.44,1122.29,31.9006,10.7702,516.6,56.4,1488.906, NAN, NAN, NAN, NAN,,2024/04/19 20:44:49.227,2024-04-19 20:44:49.227000+00:00
2024/04/19, 20:45:49.227,36.396,-74.724, 11.39,40.03,40.3,10.74,11.1,11.0,1015.2,1015.0,0.0,0.0,85.13,78.53,358,352,8.6,8.3,98.6,99.2,3.1,3.0,31.0,13.6,1017.3,1017.1,305.79,381.15,1114.23,31.8963,10.7542,520.0,56.6,1488.844, NAN, NAN, NAN, NAN,,2024/04/19 20:45:49.227,2024-04-19 20:45:49.227000+00:00
2024/04/19, 20:46:49.227,36.398,-74.722, 11.47,40.35,42.96,10.76,11.2,11.1,1015.2,1015.1,0.0,0.0,85.13,78.53,359,353,8.4,8.2,98.3,98.7,2.9,2.9,31.8,14.2,1017.3,1017.2,307.14,382.07,1107.73,31.8945,10.7375,523.3,56.7,1488.782, NAN, NAN, NAN, NAN,,2024/04/19 20:46:49.227,2024-04-19 20:46:49.227000+00:00
2024/04/19, 20:47:49.227,36.4,-74.719, 11.51,39.88,43.83,10.76,11.2,11.2,1015.3,1015.3,0.0,0.0,85.13,78.53,2,356,8.0,7.6,98.2,98.5,2.5,2.3,37.4,15.9,1017.4,1017.4,325.72,380.56,1173.8,31.8926,10.7099,524.6,56.9,1488.682, NAN, NAN, NAN, NAN,,2024/04/19 20:47:49.227,2024-04-19 20:47:49.227000+00:00
2024/04/19, 20:48:49.227,36.402,-74.717, 11.56,39.97,42.25,10.44,11.3,11.3,1015.2,1015.2,0.0,0.0,85.13,78.53,2,355,8.2,7.8,97.1,97.3,2.8,2.6,37.8,16.0,1017.3,1017.3,301.02,382.32,1109.86,31.8921,10.6877,530.0,57.1,1488.602, NAN, NAN, NAN, NAN,,2024/04/19 20:48:49.227,2024-04-19 20:48:49.227000+00:00
2024/04/19, 20:49:49.227,36.404,-74.714, 11.76,40.34,44.16,11.21,11.4,11.3,1015.0,1015.3,0.0,0.0,85.13,78.53,358,354,8.8,8.3,97.1,97.2,3.1,2.8,27.8,14.1,1017.1,1017.4,282.55,383.81,1033.29,31.8936,10.613,532.1,57.1,1488.338, NAN, NAN, NAN, NAN,,2024/04/19 20:49:49.227,2024-04-19 20:49:49.227000+00:00
2024/04/19, 20:50:49.227,36.406,-74.712, 11.67,39.71,43.36,10.64,11.5,11.4,1015.1,1015.1,0.0,0.0,85.13,78.53,1,354,9.2,8.9,97.3,97.1,3.8,3.6,36.1,18.3,1017.2,1017.2,298.79,382.37,1088.61,31.899,10.5393,538.0,56.9,1488.081, NAN, NAN, NAN, NAN,,2024/04/19 20:50:49.227,2024-04-19 20:50:49.227000+00:00
2024/04/19, 20:51:49.227,36.409,-74.709, 11.28,39.56,44.61,10.13,11.6,11.5,1015.1,1015.2,0.0,0.0,85.13,78.53,1,355,8.8,8.7,96.7,97.4,3.6,3.7,34.9,20.4,1017.2,1017.3,279.02,382.27,1016.98,31.9034,10.5295,549.2,56.8,1488.052, NAN, NAN, NAN, NAN,,2024/04/19 20:51:49.227,2024-04-19 20:51:49.227000+00:00
2024/04/19, 20:52:49.227,36.411,-74.707, 11.26,40.49,43.92,10.61,11.7,11.6,1015.2,1015.1,0.0,0.0,85.13,78.53,5,0,8.8,8.7,96.2,96.8,3.3,3.3,47.3,34.0,1017.3,1017.2,284.57,380.6,1044.36,31.9146,10.5196,560.3,56.8,1488.03, NAN, NAN, NAN, NAN,,2024/04/19 20:52:49.227,2024-04-19 20:52:49.227000+00:00
2024/04/19, 20:53:49.227,36.413,-74.704, 11.34,40.45,45.42,10.9,11.7,11.7,1015.1,1015.1,0.0,0.0,85.13,78.53,4,0,9.2,8.8,95.6,96.3,3.6,3.3,42.3,31.2,1017.2,1017.2,284.11,382.57,1043.97,31.9247,10.5184,564.9,57.0,1488.038, NAN, NAN, NAN, NAN,,2024/04/19 20:53:49.227,2024-04-19 20:53:49.227000+00:00
2024/04/19, 20:54:49.227,36.415,-74.702, 11.65,39.99,45.22,10.65,11.7,11.8,1015.2,1015.3,0.0,0.0,85.13,78.53,5,1,8.9,8.8,95.6,95.7,3.4,3.4,43.9,33.3,1017.3,1017.4,270.07,383.71,982.77,31.9403,10.5364,570.5,57.0,1488.121, NAN, NAN, NAN, NAN,,2024/04/19 20:54:49.227,2024-04-19 20:54:49.227000+00:00
2024/04/19, 20:55:49.227,36.417,-74.699, 11.56,40.49,44.97,10.54,11.9,11.8,1015.1,1015.1,0.0,0.0,85.13,78.53,3,356,9.2,8.7,95.4,96.0,3.8,3.4,43.5,25.2,1017.2,1017.2,255.72,383.03,947.12,31.9583,10.5825,581.2,56.9,1488.307, NAN, NAN, NAN, NAN,,2024/04/19 20:55:49.227,2024-04-19 20:55:49.227000+00:00
2024/04/19, 20:56:49.227,36.419,-74.696, 11.45,39.75,42.94,10.56,11.8,11.9,1015.3,1015.0,0.0,0.0,85.13,78.53,2,359,8.7,8.5,94.5,95.6,3.3,3.1,37.0,28.6,1017.4,1017.1,254.32,382.35,929.05,31.9608,10.6179,576.6,56.7,1488.436, NAN, NAN, NAN, NAN,,2024/04/19 20:56:49.227,2024-04-19 20:56:49.227000+00:00
2024/04/19, 20:57:49.227,36.421,-74.694, 11.59,39.96,44.85,10.95,11.8,11.9,1015.3,1015.3,0.0,0.0,85.13,78.53,3,358,9.0,8.5,94.8,94.8,3.4,3.0,39.6,24.6,1017.4,1017.4,232.14,382.74,869.09,31.9607,10.6031,573.9,57.0,1488.384, NAN, NAN, NAN, NAN,,2024/04/19 20:57:49.227,2024-04-19 20:57:49.227000+00:00
2024/04/19, 20:58:49.228,36.423,-74.691, 11.88,40.44,43.77,10.79,11.8,11.8,1015.1,1015.2,0.0,0.0,85.13,78.53,359,354,8.9,8.9,95.1,94.8,3.4,3.5,32.6,20.0,1017.2,1017.3,264.32,382.37,969.37,31.9659,10.5573,571.2,57.0,1488.226, NAN, NAN, NAN, NAN,,2024/04/19 20:58:49.228,2024-04-19 20:58:49.228000+00:00
2024/04/19, 20:59:49.228,36.426,-74.689, 11.87,39.59,45.27,11.1,11.9,11.8,1015.1,1015.3,0.0,0.0,85.13,78.53,1,355,9.9,9.5,95.3,94.9,4.2,4.0,35.0,20.1,1017.2,1017.4,265.13,383.66,960.28,31.9743,10.4891,570.2,57.1,1487.993, NAN, NAN, NAN, NAN,,2024/04/19 20:59:49.228,2024-04-19 20:59:49.228000+00:00
2024/04/19, 21:00:49.228,36.428,-74.686, 12.02,40.0,42.92,11.3,11.9,11.9,1015.1,1015.1,0.0,0.0,85.13,78.53,0,355,9.2,9.3,95.1,95.5,3.4,3.7,34.2,21.6,1017.2,1017.2,253.6,382.6,947.22,31.9773,10.3669,577.6,57.0,1487.559, NAN, NAN, NAN, NAN,,2024/04/19 21:00:49.228,2024-04-19 21:00:49.228000+00:00
2024/04/19, 21:01:49.228,36.43,-74.683, 12.14,40.01,43.5,11.11,11.9,11.9,1015.1,1015.1,0.0,0.0,85.13,78.53,358,351,8.8,8.7,95.1,95.2,3.2,3.4,27.0,8.6,1017.2,1017.2,286.14,383.68,1069.3,31.9862,10.1787,577.2,57.1,1486.893, NAN, NAN, NAN, NAN,,2024/04/19 21:01:49.228,2024-04-19 21:01:49.228000+00:00
2024/04/19, 21:02:49.228,36.432,-74.68, 12.06,40.4,47.18,10.58,11.9,11.9,1015.1,1014.9,0.0,0.0,85.13,78.53,0,354,9.2,8.8,94.7,94.9,3.8,3.6,33.1,17.6,1017.2,1017.0,293.57,378.89,1094.72,31.9998,10.1797,580.3,57.0,1486.913, NAN, NAN, NAN, NAN,,2024/04/19 21:02:49.228,2024-04-19 21:02:49.228000+00:00
2024/04/19, 21:03:49.228,36.434,-74.678, 11.49,40.08,47.05,10.87,11.9,11.9,1015.0,1014.7,0.0,0.0,85.13,78.53,356,350,8.7,8.7,95.4,95.5,3.4,3.7,18.7,4.9,1017.1,1016.8,290.61,383.59,1034.07,32.043,10.1771,591.8,57.1,1486.956, NAN, NAN, NAN, NAN,,2024/04/19 21:03:49.228,2024-04-19 21:03:49.228000+00:00
2024/04/19, 21:04:49.228,36.436,-74.675, 11.51,39.95,43.75,10.67,12.0,12.0,1014.8,1014.9,0.0,0.0,85.13,78.53,2,356,8.8,8.5,95.4,95.5,3.3,3.2,37.3,20.6,1016.9,1017.0,261.55,385.56,932.82,32.0811,10.3697,597.7,56.9,1487.695, NAN, NAN, NAN, NAN,,2024/04/19 21:04:49.228,2024-04-19 21:04:49.228000+00:00
2024/04/19, 21:05:49.228,36.439,-74.672, 11.65,39.87,46.29,10.81,12.0,12.0,1015.0,1014.9,0.0,0.0,85.13,78.53,5,0,8.9,8.3,95.4,95.5,3.3,2.8,43.2,28.0,1017.1,1017.0,206.25,384.12,775.0,32.0859,10.5068,592.4,56.8,1488.191, NAN, NAN, NAN, NAN,,2024/04/19 21:05:49.228,2024-04-19 21:05:49.228000+00:00
2024/04/19, 21:06:49.228,36.441,-74.67, 11.80,38.84,45.0,11.06,12.1,12.1,1015.0,1014.9,0.0,0.0,85.13,78.53,6,0,9.2,9.0,96.2,96.3,3.5,3.4,43.3,27.2,1017.1,1017.0,231.21,382.12,846.4,32.249,10.7552,597.9,56.9,1489.273, NAN, NAN, NAN, NAN,,2024/04/19 21:06:49.228,2024-04-19 21:06:49.228000+00:00
2024/04/19, 21:07:49.228,36.443,-74.667, 11.57,39.83,45.11,10.77,12.2,12.2,1015.0,1015.0,0.0,0.0,85.13,78.53,354,348,9.5,9.1,95.6,95.7,4.2,4.1,20.6,6.0,1017.1,1017.1,242.29,386.11,893.88,32.4053,12.1986,597.7,56.8,1494.49, NAN, NAN, NAN, NAN,,2024/04/19 21:07:49.228,2024-04-19 21:07:49.228000+00:00
2024/04/19, 21:08:49.228,36.445,-74.665, 11.40,40.85,44.66,10.81,12.2,12.3,1015.0,1014.7,0.0,0.0,85.13,78.53,0,353,9.7,9.4,95.4,95.6,4.2,4.1,35.5,18.7,1017.1,1016.8,249.52,386.37,915.32,32.5089,13.2089,602.8,57.0,1498.024, NAN, NAN, NAN, NAN,,2024/04/19 21:08:49.228,2024-04-19 21:08:49.228000+00:00
2024/04/19, 21:09:49.228,36.447,-74.662, 11.56,39.54,44.5,10.5,12.3,12.3,1014.9,1014.7,0.0,0.0,85.13,78.53,2,355,10.0,9.7,95.5,95.5,4.6,4.5,38.5,23.0,1017.0,1016.8,249.84,378.12,965.93,32.7598,13.9619,597.9,57.4,1500.805, NAN, NAN, NAN, NAN,,2024/04/19 21:09:49.228,2024-04-19 21:09:49.228000+00:00
2024/04/19, 21:10:49.228,36.449,-74.659, 11.54,39.97,42.44,10.66,12.3,12.3,1014.8,1014.9,0.0,0.0,85.13,78.53,356,350,10.0,9.8,95.5,95.3,4.6,4.6,28.0,14.8,1016.9,1017.0,265.43,382.15,980.6,33.2499,14.8318,583.3,57.6,1504.186, NAN, NAN, NAN, NAN,,2024/04/19 21:10:49.228,2024-04-19 21:10:49.228000+00:00
2024/04/19, 21:11:49.228,36.451,-74.657, 11.59,44.21,45.18,11.1,12.4,12.3,1014.8,1014.7,0.0,0.0,85.13,78.53,354,347,9.7,9.6,95.4,95.5,4.1,4.4,26.6,10.9,1016.9,1016.8,312.68,382.48,1139.96,33.5218,15.7721,584.0,58.0,1507.463, NAN, NAN, NAN, NAN,,2024/04/19 21:11:49.228,2024-04-19 21:11:49.228000+00:00
2024/04/19, 21:12:49.228,36.454,-74.654, 11.54,42.51,46.49,11.16,12.4,12.4,1014.7,1014.8,0.0,0.0,85.13,78.53,3,356,10.2,9.9,95.5,95.5,4.5,4.3,45.4,29.0,1016.8,1016.9,262.0,381.22,980.42,33.7,16.4187,579.6,58.0,1509.662, NAN, NAN, NAN, NAN,,2024/04/19 21:12:49.228,2024-04-19 21:12:49.228000+00:00
2024/04/19, 21:13:49.228,36.456,-74.651, 11.55,42.92,46.37,10.77,12.4,12.4,1014.8,1014.8,0.0,0.0,85.13,78.53,357,353,9.2,9.4,95.2,95.5,3.7,4.1,30.9,22.1,1016.9,1016.9,269.37,383.99,1169.01,34.0875,16.741,571.2,58.3,1511.088, NAN, NAN, NAN, NAN,,2024/04/19 21:13:49.228,2024-04-19 21:13:49.228000+00:00
2024/04/19, 21:14:49.229,36.458,-74.649, 11.41,43.31,44.96,10.55,12.5,12.5,1014.7,1014.7,0.0,0.0,85.13,78.53,359,353,9.5,9.3,95.7,95.8,4.1,4.1,36.6,22.6,1016.8,1016.8,257.16,377.68,998.89,34.3241,17.0496,571.6,58.6,1512.289, NAN, NAN, NAN, NAN,,2024/04/19 21:14:49.229,2024-04-19 21:14:49.229000+00:00
2024/04/19, 21:15:49.229,36.46,-74.646, 11.52,42.96,49.72,10.77,12.5,12.5,1014.8,1014.8,0.0,0.0,85.13,78.53,358,351,9.9,9.3,95.0,95.2,4.4,4.1,32.9,15.8,1016.9,1016.9,233.72,378.47,911.93,34.465,17.3315,572.9,58.7,1513.293, NAN, NAN, NAN, NAN,,2024/04/19 21:15:49.229,2024-04-19 21:15:49.229000+00:00
2024/04/19, 21:16:49.229,36.462,-74.643, 11.73,42.46,47.85,10.93,12.5,12.5,1014.8,1014.7,0.0,0.0,85.13,78.53,352,347,10.3,10.4,95.3,95.5,5.0,5.3,20.2,10.9,1016.9,1016.8,211.58,386.66,815.47,34.5651,17.5506,571.5,58.8,1514.058, NAN, NAN, NAN, NAN,,2024/04/19 21:16:49.229,2024-04-19 21:16:49.229000+00:00
2024/04/19, 21:17:49.229,36.464,-74.641, 11.56,42.73,43.37,10.98,12.6,12.6,1014.8,1014.7,0.0,0.0,85.13,78.53,353,348,9.5,9.6,95.8,95.9,4.0,4.3,23.1,12.4,1016.9,1016.8,212.46,382.08,807.22,34.6532,17.7565,572.3,58.8,1514.766, NAN, NAN, NAN, NAN,,2024/04/19 21:17:49.229,2024-04-19 21:17:49.229000+00:00
2024/04/19, 21:18:49.229,36.466,-74.638, 11.54,42.98,45.75,10.75,12.6,12.6,1014.7,1014.7,0.0,0.0,85.13,78.53,356,350,9.6,9.4,95.0,95.0,4.2,4.2,29.5,15.6,1016.8,1016.8,224.72,377.44,848.2,34.7358,17.9199,573.6,58.8,1515.339, NAN, NAN, NAN, NAN,,2024/04/19 21:18:49.229,2024-04-19 21:18:49.229000+00:00
2024/04/19, 21:19:49.229,36.468,-74.635, 11.37,43.16,49.13,10.67,12.6,12.6,1015.0,1014.8,0.0,0.0,85.13,78.53,354,348,9.7,9.6,94.8,94.9,4.5,4.7,23.2,10.6,1017.1,1016.9,254.85,383.52,1013.63,34.8095,18.023,577.2,58.6,1515.724, NAN, NAN, NAN, NAN,,2024/04/19 21:19:49.229,2024-04-19 21:19:49.229000+00:00
2024/04/19, 21:20:49.229,36.47,-74.632, 11.42,42.5,48.43,10.93,12.5,12.6,1015.0,1014.9,0.0,0.0,85.13,78.53,354,348,8.5,8.4,94.6,94.7,3.2,3.5,16.4,1.8,1017.1,1017.0,269.53,382.78,989.69,34.8607,18.1242,578.7,58.3,1516.078, NAN, NAN, NAN, NAN,,2024/04/19 21:20:49.229,2024-04-19 21:20:49.229000+00:00
2024/04/19, 21:21:49.229,36.472,-74.63, 11.28,43.01,46.58,10.53,12.5,12.5,1014.8,1014.9,0.0,0.0,85.13,78.53,5,0,9.8,9.4,94.5,94.7,4.4,4.0,48.9,37.2,1016.9,1017.0,215.74,384.67,842.16,34.9076,18.1905,579.6,58.4,1516.324, NAN, NAN, NAN, NAN,,2024/04/19 21:21:49.229,2024-04-19 21:21:49.229000+00:00
2024/04/19, 21:22:49.229,36.474,-74.627, 11.43,43.4,45.9,10.75,12.6,12.5,1015.0,1014.8,0.0,0.0,85.13,78.53,5,359,8.7,8.3,95.8,94.7,3.2,2.8,51.4,34.0,1017.1,1016.9,199.96,377.38,795.37,34.9436,18.2362,581.4,58.5,1516.497, NAN, NAN, NAN, NAN,,2024/04/19 21:22:49.229,2024-04-19 21:22:49.229000+00:00
2024/04/19, 21:23:49.229,36.476,-74.624, 11.57,43.24,45.04,11.07,12.6,12.6,1015.0,1014.8,0.0,0.0,85.13,78.53,359,353,9.7,9.4,94.7,94.6,4.0,3.9,36.8,21.8,1017.1,1016.9,233.81,384.79,859.74,34.9706,18.2995,581.2,58.6,1516.712, NAN, NAN, NAN, NAN,,2024/04/19 21:23:49.229,2024-04-19 21:23:49.229000+00:00
2024/04/19, 21:24:49.229,36.478,-74.621, 11.40,42.41,47.02,11.23,12.6,12.6,1014.9,1014.9,0.0,0.0,85.13,78.53,4,358,8.9,8.8,95.2,95.2,3.1,3.1,46.1,28.9,1017.0,1017.0,203.34,380.18,769.89,34.985,18.4063,582.7,58.3,1517.037, NAN, NAN, NAN, NAN,,2024/04/19 21:24:49.229,2024-04-19 21:24:49.229000+00:00
2024/04/19, 21:25:49.229,36.48,-74.619, 11.56,42.48,48.37,11.05,12.6,12.6,1014.7,1014.7,0.0,0.0,85.13,78.53,5,358,9.6,9.1,95.3,95.0,3.9,3.5,48.9,30.7,1016.8,1016.8,193.61,360.39,823.85,35.0002,18.5328,583.6,58.4,1517.419, NAN, NAN, NAN, NAN,,2024/04/19 21:25:49.229,2024-04-19 21:25:49.229000+00:00
2024/04/19, 21:26:49.229,36.483,-74.616, 11.45,32.22,32.83,10.65,12.5,12.6,1014.8,1014.8,0.0,0.0,85.13,78.53,5,359,9.8,9.8,94.1,94.2,4.3,4.3,40.4,26.8,1016.9,1016.9,269.1,373.03,1076.55,35.03,18.6254,584.8,58.5,1517.719, NAN, NAN, NAN, NAN,,2024/04/19 21:26:49.229,2024-04-19 21:26:49.229000+00:00
2024/04/19, 21:27:49.229,36.485,-74.614, 11.38,29.39,32.63,10.74,12.5,12.6,1014.9,1014.9,0.0,0.0,85.13,78.53,2,356,9.3,9.0,95.5,95.3,3.8,3.6,29.5,14.1,1017.0,1017.0,304.07,378.5,1083.63,35.0789,18.6872,585.7,58.5,1517.952, NAN, NAN, NAN, NAN,,2024/04/19 21:27:49.229,2024-04-19 21:27:49.229000+00:00
2024/04/19, 21:28:49.229,36.488,-74.612, 11.66,29.13,32.88,11.05,12.5,12.5,1014.7,1014.8,0.0,0.0,85.13,78.53,10,3,9.2,9.1,94.8,94.9,3.6,3.4,50.5,32.5,1016.8,1016.9,207.03,374.18,837.93,35.123,18.7453,585.4,58.8,1518.168, NAN, NAN, NAN, NAN,,2024/04/19 21:28:49.229,2024-04-19 21:28:49.229000+00:00
2024/04/19, 21:29:49.230,36.49,-74.61, 11.85,29.47,32.88,11.36,12.5,12.5,1014.8,1014.9,0.0,0.0,85.13,78.53,7,0,10.1,9.5,95.4,94.9,4.3,3.7,42.1,25.0,1016.9,1017.0,191.25,371.52,777.02,35.1483,18.7807,584.6,58.8,1518.298, NAN, NAN, NAN, NAN,,2024/04/19 21:29:49.230,2024-04-19 21:29:49.230000+00:00
2024/04/19, 21:30:49.230,36.493,-74.608, 11.75,29.53,30.92,11.4,12.5,12.6,1014.8,1014.7,0.0,0.0,85.13,78.53,8,1,9.5,9.1,95.5,95.7,3.7,3.2,45.8,27.3,1016.9,1016.8,170.45,362.9,712.46,35.1664,18.7993,582.7,58.8,1518.371, NAN, NAN, NAN, NAN,,2024/04/19 21:30:49.230,2024-04-19 21:30:49.230000+00:00
2024/04/19, 21:31:49.230,36.495,-74.606, 11.52,29.04,32.41,10.83,12.5,12.5,1014.8,1014.8,0.0,0.0,85.13,78.53,6,1,10.0,9.6,95.2,94.9,4.4,4.1,36.3,24.6,1016.9,1016.9,204.57,371.25,806.22,35.1817,18.8141,582.0,58.6,1518.431, NAN, NAN, NAN, NAN,,2024/04/19 21:31:49.230,2024-04-19 21:31:49.230000+00:00
2024/04/19, 21:32:49.230,36.498,-74.604, 11.64,29.54,29.82,10.88,12.5,12.5,1014.8,1014.9,0.0,0.0,85.13,78.53,4,358,9.4,9.1,95.3,95.5,3.8,3.5,36.7,21.4,1016.9,1017.0,226.25,376.81,951.85,35.1998,18.8244,582.4,59.1,1518.481, NAN, NAN, NAN, NAN,,2024/04/19 21:32:49.230,2024-04-19 21:32:49.230000+00:00
2024/04/19, 21:33:49.230,36.501,-74.602, 11.63,29.18,33.07,11.33,12.5,12.5,1014.9,1014.8,0.0,0.0,85.13,78.53,11,5,9.5,9.2,95.2,95.2,3.8,3.4,52.0,37.1,1017.0,1016.9,241.31,380.23,982.89,35.2088,18.8145,585.4,59.0,1518.463, NAN, NAN, NAN, NAN,,2024/04/19 21:33:49.230,2024-04-19 21:33:49.230000+00:00
2024/04/19, 21:34:49.230,36.503,-74.6, 11.47,29.33,31.27,11.07,12.5,12.5,1014.9,1014.9,0.0,0.0,85.13,78.53,0,353,8.9,8.5,95.4,95.5,3.2,3.1,24.3,3.7,1017.0,1017.0,180.96,380.47,700.96,35.2229,18.6773,584.3,58.9,1518.086, NAN, NAN, NAN, NAN,,2024/04/19 21:34:49.230,2024-04-19 21:34:49.230000+00:00
2024/04/19, 21:35:49.230,36.506,-74.597, 11.14,29.68,34.0,10.36,12.5,12.5,1014.8,1014.9,0.0,0.0,85.13,78.53,0,354,9.0,8.9,95.2,95.4,3.7,3.8,23.9,9.5,1016.9,1017.0,220.01,379.88,868.53,35.2117,18.5539,584.6,58.3,1517.719, NAN, NAN, NAN, NAN,,2024/04/19 21:35:49.230,2024-04-19 21:35:49.230000+00:00
2024/04/19, 21:36:49.230,36.508,-74.595, 11.36,29.64,33.13,10.88,12.5,12.5,1014.9,1014.8,0.0,0.0,85.13,78.53,0,355,8.7,8.5,95.6,95.9,3.1,3.1,22.8,8.5,1017.0,1016.9,255.92,382.69,1007.5,35.2207,18.476,581.2,58.3,1517.505, NAN, NAN, NAN, NAN,,2024/04/19 21:36:49.230,2024-04-19 21:36:49.230000+00:00
2024/04/19, 21:37:49.230,36.511,-74.593, 11.36,29.86,31.83,10.87,12.4,12.4,1014.9,1014.9,0.0,0.0,85.13,78.53,1,355,9.2,9.1,95.5,95.3,3.6,3.7,27.6,12.4,1017.0,1017.0,165.5,366.81,743.15,35.1712,18.4419,574.5,58.3,1517.351, NAN, NAN, NAN, NAN,,2024/04/19 21:37:49.230,2024-04-19 21:37:49.230000+00:00
2024/04/19, 21:38:49.230,36.513,-74.591, 11.75,30.13,37.53,11.2,12.4,12.4,1014.8,1014.9,0.0,0.0,85.13,78.53,359,353,8.9,8.6,95.6,94.7,3.2,3.2,19.0,1.7,1016.9,1017.0,293.12,380.23,1235.61,35.1388,18.4304,569.9,58.4,1517.281, NAN, NAN, NAN, NAN,,2024/04/19 21:38:49.230,2024-04-19 21:38:49.230000+00:00
2024/04/19, 21:39:49.230,36.516,-74.589, 11.53,29.43,30.83,11.23,12.3,12.4,1014.8,1014.8,0.0,0.0,85.13,78.53,7,2,10.3,9.7,95.9,95.6,4.6,3.9,42.8,31.5,1016.9,1016.9,197.01,381.53,797.84,35.1409,18.4718,566.8,58.2,1517.403, NAN, NAN, NAN, NAN,,2024/04/19 21:39:49.230,2024-04-19 21:39:49.230000+00:00
2024/04/19, 21:40:49.230,36.518,-74.587, 11.37,28.68,34.28,11.15,12.4,12.4,1015.1,1014.8,0.0,0.0,85.13,78.53,359,352,9.9,9.4,96.4,96.6,4.2,4.0,20.5,2.8,1017.2,1016.9,194.19,383.71,779.05,35.1476,18.4035,564.3,58.4,1517.213, NAN, NAN, NAN, NAN,,2024/04/19 21:40:49.230,2024-04-19 21:40:49.230000+00:00
2024/04/19, 21:41:49.230,36.521,-74.585, 11.55,29.14,34.25,11.26,12.4,12.4,1014.9,1014.8,0.0,0.0,85.13,78.53,0,357,9.3,9.4,95.4,95.7,3.5,3.7,23.2,15.7,1017.0,1016.9,194.48,376.73,761.1,35.16,18.3598,563.5,58.6,1517.101, NAN, NAN, NAN, NAN,,2024/04/19 21:41:49.230,2024-04-19 21:41:49.230000+00:00
2024/04/19, 21:42:49.230,36.524,-74.583, 11.45,30.11,35.42,10.96,12.4,12.4,1014.8,1014.8,0.0,0.0,85.13,78.53,4,358,9.6,9.2,96.5,96.3,4.0,3.7,32.4,17.1,1016.9,1016.9,169.74,364.72,766.95,35.1635,18.3241,561.7,58.7,1517.002, NAN, NAN, NAN, NAN,,2024/04/19 21:42:49.230,2024-04-19 21:42:49.230000+00:00
2024/04/19, 21:43:49.230,36.526,-74.581, 11.36,29.86,32.4,10.58,12.3,12.3,1014.8,1014.8,0.0,0.0,85.13,78.53,358,353,8.2,8.3,95.6,95.8,2.8,3.1,17.7,4.7,1016.9,1016.9,208.22,375.84,845.39,35.1439,18.2986,566.8,58.6,1516.906, NAN, NAN, NAN, NAN,,2024/04/19 21:43:49.230,2024-04-19 21:43:49.230000+00:00
2024/04/19, 21:44:49.230,36.529,-74.579, 11.44,29.92,36.54,11.15,12.3,12.3,1015.1,1014.9,0.0,0.0,85.13,78.53,359,354,8.8,8.4,96.0,95.8,3.2,3.0,17.3,1.8,1017.2,1017.0,179.54,371.96,752.41,35.1309,18.3012,564.6,58.3,1516.898, NAN, NAN, NAN, NAN,,2024/04/19 21:44:49.230,2024-04-19 21:44:49.230000+00:00
2024/04/19, 21:45:49.231,36.531,-74.577, 11.65,30.11,32.81,11.25,12.3,12.3,1015.0,1014.9,0.0,0.0,85.13,78.53,2,355,8.8,8.5,96.3,96.4,3.0,2.9,31.0,9.7,1017.1,1017.0,207.31,375.63,817.55,35.136,18.3185,565.6,58.4,1516.954, NAN, NAN, NAN, NAN,,2024/04/19 21:45:49.231,2024-04-19 21:45:49.231000+00:00
2024/04/19, 21:46:49.231,36.534,-74.575, 11.74,29.99,33.42,11.65,12.3,12.3,1015.0,1015.0,0.0,0.0,85.13,78.53,4,0,9.4,9.1,96.3,96.2,3.4,3.1,37.1,25.8,1017.1,1017.1,208.12,379.07,808.82,35.1379,18.3224,564.9,58.2,1516.968, NAN, NAN, NAN, NAN,,2024/04/19 21:46:49.231,2024-04-19 21:46:49.231000+00:00
2024/04/19, 21:47:49.231,36.536,-74.573, 11.72,29.74,31.97,11.07,12.3,12.3,1014.8,1014.8,0.0,0.0,85.13,78.53,4,357,9.3,9.1,96.8,96.9,3.6,3.5,36.2,17.8,1016.9,1016.9,157.96,381.49,593.62,35.1487,18.3037,565.2,58.2,1516.926, NAN, NAN, NAN, NAN,,2024/04/19 21:47:49.231,2024-04-19 21:47:49.231000+00:00
2024/04/19, 21:48:49.231,36.539,-74.57, 11.65,29.86,34.5,11.1,12.4,12.4,1014.9,1014.8,0.0,0.0,85.13,78.53,5,0,8.8,8.7,97.3,97.0,3.1,3.0,36.4,22.1,1017.0,1016.9,215.31,379.7,800.34,35.1449,18.2809,568.3,58.3,1516.855, NAN, NAN, NAN, NAN,,2024/04/19 21:48:49.231,2024-04-19 21:48:49.231000+00:00
2024/04/19, 21:49:49.231,36.542,-74.568, 11.91,29.76,35.36,11.24,12.3,12.4,1014.9,1014.9,0.0,0.0,85.13,78.53,5,358,8.5,8.3,96.4,96.5,2.7,2.6,37.0,14.6,1017.0,1017.0,198.89,381.17,735.81,35.1535,18.3314,564.3,58.4,1517.011, NAN, NAN, NAN, NAN,,2024/04/19 21:49:49.231,2024-04-19 21:49:49.231000+00:00
2024/04/19, 21:50:49.231,36.544,-74.566, 11.89,30.11,36.27,11.26,12.3,12.3,1014.8,1014.8,0.0,0.0,85.13,78.53,10,4,9.8,9.5,96.5,96.3,4.1,3.7,47.8,33.2,1016.9,1016.9,142.39,382.53,581.15,35.1503,18.4338,564.1,58.3,1517.304, NAN, NAN, NAN, NAN,,2024/04/19 21:50:49.231,2024-04-19 21:50:49.231000+00:00
2024/04/19, 21:51:49.231,36.547,-74.564, 11.78,29.49,32.88,11.26,12.3,12.3,1014.7,1014.8,0.0,0.0,85.13,78.53,3,356,9.0,9.0,96.9,97.1,3.2,3.4,30.5,11.5,1016.8,1016.9,142.92,382.64,565.83,35.1499,18.5383,564.3,58.3,1517.604, NAN, NAN, NAN, NAN,,2024/04/19 21:51:49.231,2024-04-19 21:51:49.231000+00:00
2024/04/19, 21:52:49.231,36.55,-74.562, 11.85,29.21,31.45,11.03,12.3,12.3,1014.9,1014.9,0.0,0.0,85.13,78.53,9,2,10.5,10.0,97.3,97.2,4.9,4.3,46.0,30.8,1017.0,1017.0,121.91,370.18,540.18,35.1533,18.624,565.6,58.4,1517.854, NAN, NAN, NAN, NAN,,2024/04/19 21:52:49.231,2024-04-19 21:52:49.231000+00:00
2024/04/19, 21:53:49.231,36.552,-74.56, 11.74,29.38,32.24,11.02,12.3,12.3,1014.8,1014.7,0.0,0.0,85.13,78.53,4,0,10.6,10.1,97.0,97.2,4.9,4.5,33.4,24.3,1016.9,1016.8,128.67,379.26,527.46,35.1575,18.704,567.5,58.5,1518.089, NAN, NAN, NAN, NAN,,2024/04/19 21:53:49.231,2024-04-19 21:53:49.231000+00:00
2024/04/19, 21:54:49.231,36.555,-74.558, 11.74,29.36,34.69,10.8,12.3,12.4,1014.9,1014.9,0.0,0.0,85.13,78.53,6,1,9.6,9.2,97.1,97.4,4.1,3.7,37.6,25.3,1017.0,1017.0,129.48,382.1,487.43,35.1695,18.7649,568.9,58.5,1518.276, NAN, NAN, NAN, NAN,,2024/04/19 21:54:49.231,2024-04-19 21:54:49.231000+00:00
2024/04/19, 21:55:49.231,36.557,-74.556, 11.72,29.23,32.32,11.2,12.3,12.3,1014.9,1014.8,0.0,0.0,85.13,78.53,7,0,10.6,10.4,96.8,96.5,4.9,4.7,40.4,24.9,1017.0,1016.9,104.56,383.15,416.84,35.1823,18.8048,571.5,58.5,1518.405, NAN, NAN, NAN, NAN,,2024/04/19 21:55:49.231,2024-04-19 21:55:49.231000+00:00
2024/04/19, 21:56:49.231,36.56,-74.554, 11.71,29.68,34.88,11.33,12.3,12.3,1014.7,1014.8,0.0,0.0,85.13,78.53,6,0,11.4,11.2,97.3,97.4,5.6,5.4,38.1,25.7,1016.8,1016.9,84.19,386.58,344.68,35.1911,18.8466,569.9,58.6,1518.534, NAN, NAN, NAN, NAN,,2024/04/19 21:56:49.231,2024-04-19 21:56:49.231000+00:00
2024/04/19, 21:57:49.231,36.563,-74.551, 11.69,29.56,32.49,11.19,12.3,12.4,1014.5,1014.7,0.0,0.0,85.13,78.53,5,0,11.4,11.2,97.6,97.6,5.6,5.5,35.5,25.3,1016.6,1016.8,110.67,372.48,402.38,35.1917,18.8853,572.6,58.7,1518.645, NAN, NAN, NAN, NAN,,2024/04/19 21:57:49.231,2024-04-19 21:57:49.231000+00:00
2024/04/19, 21:58:49.231,36.565,-74.549, 11.59,29.21,31.39,11.05,12.2,12.3,1014.8,1014.7,0.0,0.0,85.13,78.53,4,359,11.4,11.0,95.9,96.2,5.7,5.3,34.6,24.4,1016.9,1016.8,104.35,380.73,441.36,35.2013,18.9349,574.2,58.8,1518.797, NAN, NAN, NAN, NAN,,2024/04/19 21:58:49.231,2024-04-19 21:58:49.231000+00:00
2024/04/19, 21:59:49.232,36.568,-74.547, 11.68,29.46,34.21,11.36,12.1,12.1,1014.7,1014.8,0.0,0.0,85.13,78.53,4,358,10.8,10.5,96.0,96.0,5.0,4.8,31.9,18.5,1016.8,1016.9,102.33,379.49,416.17,35.2143,18.994,574.5,58.7,1518.98, NAN, NAN, NAN, NAN,,2024/04/19 21:59:49.232,2024-04-19 21:59:49.232000+00:00
2024/04/19, 22:00:49.232,36.571,-74.545, 11.49,29.49,35.28,11.02,12.0,12.0,1014.7,1014.7,0.0,0.0,85.13,78.53,1,356,11.2,10.7,95.8,95.8,5.6,5.2,27.3,16.6,1016.8,1016.8,150.03,374.21,561.99,35.2245,19.0581,577.2,58.7,1519.174, NAN, NAN, NAN, NAN,,2024/04/19 22:00:49.232,2024-04-19 22:00:49.232000+00:00
2024/04/19, 22:01:49.232,36.573,-74.543, 11.36,29.48,33.35,11.3,11.9,12.0,1014.6,1014.7,0.0,0.0,85.13,78.53,0,353,11.2,10.8,96.4,96.6,5.4,5.2,25.5,10.5,1016.7,1016.8,125.1,381.41,485.73,35.2498,19.1217,578.7,58.6,1519.382, NAN, NAN, NAN, NAN,,2024/04/19 22:01:49.232,2024-04-19 22:01:49.232000+00:00
2024/04/19, 22:02:49.232,36.576,-74.541, 11.41,29.21,33.55,11.17,11.9,11.9,1014.7,1014.7,0.0,0.0,85.13,78.53,6,359,11.8,11.3,96.4,96.1,6.1,5.6,36.5,22.4,1016.8,1016.8,89.09,379.61,359.43,35.2781,19.1611,580.6,58.7,1519.526, NAN, NAN, NAN, NAN,,2024/04/19 22:02:49.232,2024-04-19 22:02:49.232000+00:00
2024/04/19, 22:03:49.232,36.578,-74.539, 11.37,29.25,34.0,10.99,11.7,11.8,1014.7,1014.7,0.0,0.0,85.13,78.53,3,358,10.8,10.8,96.4,96.7,5.2,5.2,30.1,19.8,1016.8,1016.8,94.09,379.94,367.92,35.3105,19.1643,580.9,58.8,1519.571, NAN, NAN, NAN, NAN,,2024/04/19 22:03:49.232,2024-04-19 22:03:49.232000+00:00
2024/04/19, 22:04:49.232,36.581,-74.537, 11.43,29.38,31.73,10.92,11.6,11.7,1014.7,1014.8,0.0,0.0,85.13,78.53,0,354,10.9,10.7,97.2,97.1,5.3,5.2,26.2,13.7,1016.8,1016.9,89.99,380.36,366.27,35.3383,19.1564,583.3,58.8,1519.58, NAN, NAN, NAN, NAN,,2024/04/19 22:04:49.232,2024-04-19 22:04:49.232000+00:00
2024/04/19, 22:05:49.232,36.583,-74.535, 11.48,29.41,33.57,11.38,11.6,11.6,1014.7,1014.5,0.0,0.0,85.13,78.53,8,2,10.7,10.1,97.6,97.4,4.9,4.3,43.7,30.5,1016.8,1016.6,89.83,379.43,367.14,35.3599,19.172,585.1,58.8,1519.649, NAN, NAN, NAN, NAN,,2024/04/19 22:05:49.232,2024-04-19 22:05:49.232000+00:00
2024/04/19, 22:06:49.232,36.586,-74.533, 11.00,29.63,33.55,10.42,11.5,11.6,1014.5,1014.7,0.0,0.0,85.13,78.53,2,357,10.4,10.3,97.2,97.2,5.1,5.1,28.5,18.2,1016.6,1016.8,90.19,378.05,343.98,35.3569,19.1695,588.0,58.7,1519.638, NAN, NAN, NAN, NAN,,2024/04/19 22:06:49.232,2024-04-19 22:06:49.232000+00:00
2024/04/19, 22:07:49.232,36.588,-74.531, 11.15,29.82,33.76,10.66,11.5,11.5,1014.7,1014.7,0.0,0.0,85.13,78.53,2,356,10.9,10.7,98.2,98.0,5.4,5.3,29.7,17.5,1016.8,1016.8,69.17,381.27,277.25,35.3887,19.1404,593.7,58.8,1519.592, NAN, NAN, NAN, NAN,,2024/04/19 22:07:49.232,2024-04-19 22:07:49.232000+00:00
2024/04/19, 22:08:49.232,36.591,-74.528, 11.32,28.16,30.83,11.05,11.5,11.5,1014.6,1014.5,0.0,0.0,85.13,78.53,5,358,10.5,10.3,98.0,97.9,4.8,4.7,34.9,19.4,1016.7,1016.6,81.3,381.59,322.9,35.404,19.015,598.8,58.7,1519.254, NAN, NAN, NAN, NAN,,2024/04/19 22:08:49.232,2024-04-19 22:08:49.232000+00:00
2024/04/19, 22:09:49.232,36.594,-74.527, 11.30,30.27,30.42,10.61,11.4,11.5,1014.6,1014.7,0.0,0.0,85.13,78.53,359,353,10.7,10.5,98.3,98.4,5.3,5.1,27.5,15.1,1016.7,1016.8,100.97,382.11,377.42,35.4119,17.4499,600.1,58.8,1514.726, NAN, NAN, NAN, NAN,,2024/04/19 22:09:49.232,2024-04-19 22:09:49.232000+00:00
2024/04/19, 22:10:49.232,36.596,-74.524, 11.36,30.62,32.1,11.26,11.4,11.4,1014.9,1014.7,0.0,0.0,85.13,78.53,1,355,11.5,11.0,98.3,98.0,5.7,5.3,29.7,17.1,1017.0,1016.8,117.11,381.16,427.16,35.3969,15.8998,600.8,59.0,1510.027, NAN, NAN, NAN, NAN,,2024/04/19 22:10:49.232,2024-04-19 22:10:49.232000+00:00
2024/04/19, 22:11:49.232,36.599,-74.522, 11.50,28.3,28.74,11.36,11.4,11.4,1014.7,1014.7,0.0,0.0,85.13,78.53,5,355,11.2,10.9,98.7,98.7,5.4,5.2,36.6,15.4,1016.8,1016.8,100.24,382.59,373.61,35.2008,15.2428,607.2,58.9,1507.757, NAN, NAN, NAN, NAN,,2024/04/19 22:11:49.232,2024-04-19 22:11:49.232000+00:00
2024/04/19, 22:12:49.232,36.602,-74.52, 11.40,35.55,38.52,11.41,11.4,11.4,1014.7,1014.7,0.0,0.0,85.13,78.53,2,357,11.3,10.9,98.9,99.0,5.4,5.1,38.6,27.9,1016.8,1016.8,88.85,383.21,346.42,34.5504,14.9014,614.2,58.7,1505.923, NAN, NAN, NAN, NAN,,2024/04/19 22:12:49.232,2024-04-19 22:12:49.232000+00:00
2024/04/19, 22:13:49.232,36.604,-74.518, 11.17,31.67,35.3,11.21,11.3,11.4,1014.8,1014.7,0.0,0.0,85.13,78.53,356,350,11.1,10.9,99.0,99.1,5.4,5.5,19.4,7.1,1016.9,1016.8,103.25,382.24,376.6,34.2035,14.7193,610.8,58.5,1504.939, NAN, NAN, NAN, NAN,,2024/04/19 22:13:49.232,2024-04-19 22:13:49.232000+00:00
2024/04/19, 22:14:49.232,36.607,-74.516, 11.50,31.58,34.61,11.28,11.3,11.3,1014.7,1014.7,0.0,0.0,85.13,78.53,359,351,11.1,10.7,98.9,98.9,5.3,5.2,26.6,9.5,1016.8,1016.8,89.04,383.88,339.81,34.0651,14.6122,608.0,58.1,1504.436, NAN, NAN, NAN, NAN,,2024/04/19 22:14:49.232,2024-04-19 22:14:49.232000+00:00
2024/04/19, 22:15:49.233,36.609,-74.514, 11.37,31.12,33.86,10.84,11.2,11.2,1014.8,1014.5,0.0,0.0,85.13,78.53,356,351,10.8,10.6,99.1,99.1,5.3,5.3,20.5,10.1,1016.9,1016.6,83.83,382.86,323.08,34.0065,14.533,604.1,58.1,1504.113, NAN, NAN, NAN, NAN,,2024/04/19 22:15:49.233,2024-04-19 22:15:49.233000+00:00
2024/04/19, 22:16:49.233,36.612,-74.512, 11.48,31.47,34.3,11.28,11.2,11.2,1014.8,1014.7,0.0,0.0,85.13,78.53,358,349,12.0,11.2,99.1,99.2,6.2,5.7,25.8,7.3,1016.9,1016.8,91.29,384.07,334.03,33.9585,14.4913,601.6,57.9,1503.924, NAN, NAN, NAN, NAN,,2024/04/19 22:16:49.233,2024-04-19 22:16:49.233000+00:00
2024/04/19, 22:17:49.233,36.615,-74.51, 11.49,31.78,34.76,11.41,11.2,11.2,1014.6,1014.7,0.0,0.0,85.13,78.53,357,349,11.5,11.1,99.9,99.2,5.7,5.6,23.5,6.9,1016.7,1016.8,98.55,383.21,353.92,33.9322,14.4773,598.2,58.1,1503.848, NAN, NAN, NAN, NAN,,2024/04/19 22:17:49.233,2024-04-19 22:17:49.233000+00:00
2024/04/19, 22:18:49.233,36.617,-74.507, 11.40,31.29,30.7,11.29,11.2,11.2,1014.7,1014.6,0.0,0.0,85.13,78.53,356,349,11.6,11.4,99.7,99.8,5.9,5.9,21.4,7.6,1016.8,1016.7,97.04,382.66,350.11,33.917,14.4642,596.4,58.1,1503.788, NAN, NAN, NAN, NAN,,2024/04/19 22:18:49.233,2024-04-19 22:18:49.233000+00:00
2024/04/19, 22:19:49.233,36.62,-74.505, 11.52,32.09,31.22,11.07,11.1,11.1,1014.9,1014.8,0.0,0.0,85.13,78.53,354,348,10.9,11.1,99.4,99.5,5.3,5.7,18.1,6.8,1017.0,1016.9,85.09,382.81,324.34,33.9134,14.4659,593.7,58.1,1503.789, NAN, NAN, NAN, NAN,,2024/04/19 22:19:49.233,2024-04-19 22:19:49.233000+00:00
2024/04/19, 22:20:49.233,36.622,-74.503, 11.42,31.97,33.98,11.22,11.1,11.1,1014.9,1014.8,0.0,0.0,85.13,78.53,355,348,11.1,11.1,99.9,99.7,5.4,5.7,19.1,5.4,1017.0,1016.9,97.48,382.69,354.19,33.9136,14.4871,594.4,58.1,1503.858, NAN, NAN, NAN, NAN,,2024/04/19 22:20:49.233,2024-04-19 22:20:49.233000+00:00
2024/04/19, 22:21:49.233,36.625,-74.501, 11.29,31.17,32.67,11.37,11.1,11.1,1014.7,1014.9,0.0,0.0,85.13,78.53,356,352,10.6,11.1,100.0,100.0,4.8,5.4,20.6,13.0,1016.8,1017.0,111.07,382.0,389.1,33.9159,14.5141,591.5,57.9,1503.947, NAN, NAN, NAN, NAN,,2024/04/19 22:21:49.233,2024-04-19 22:21:49.233000+00:00
2024/04/19, 22:22:49.233,36.628,-74.499, 11.25,32.07,32.92,11.17,11.0,11.1,1014.7,1014.8,0.0,0.0,85.13,78.53,359,355,10.4,10.6,100.0,100.0,4.7,4.9,27.7,19.2,1016.8,1016.9,89.56,382.91,329.74,33.9258,14.5138,591.0,57.7,1503.958, NAN, NAN, NAN, NAN,,2024/04/19 22:22:49.233,2024-04-19 22:22:49.233000+00:00
2024/04/19, 22:23:49.233,36.63,-74.497, 11.37,32.1,33.38,10.93,11.1,11.1,1014.9,1014.8,0.0,0.0,85.13,78.53,358,353,11.5,11.1,100.0,100.0,5.9,5.6,27.4,17.3,1017.0,1016.9,85.71,382.07,322.41,33.9376,14.5956,591.2,57.9,1504.234, NAN, NAN, NAN, NAN,,2024/04/19 22:23:49.233,2024-04-19 22:23:49.233000+00:00
2024/04/19, 22:24:49.233,36.633,-74.494, 11.40,31.85,34.25,11.09,11.1,11.1,1014.7,1014.5,0.0,0.0,85.13,78.53,357,352,11.9,11.6,100.0,100.0,6.3,6.1,23.6,13.8,1016.8,1016.6,88.37,382.23,322.21,33.9511,14.632,593.1,57.8,1504.366, NAN, NAN, NAN, NAN,,2024/04/19 22:24:49.233,2024-04-19 22:24:49.233000+00:00
2024/04/19, 22:25:49.233,36.635,-74.492, 11.39,32.43,35.64,11.31,11.1,11.1,1014.7,1014.7,0.0,0.0,85.13,78.53,359,349,11.4,11.7,100.0,100.0,5.6,6.2,27.8,8.8,1016.8,1016.8,82.19,382.2,308.87,33.9693,14.6233,595.8,57.8,1504.359, NAN, NAN, NAN, NAN,,2024/04/19 22:25:49.233,2024-04-19 22:25:49.233000+00:00
2024/04/19, 22:26:49.233,36.638,-74.49, 11.43,30.91,34.51,11.14,11.1,11.1,1014.7,1014.7,0.0,0.0,85.13,78.53,353,347,11.1,11.0,100.0,100.0,5.6,5.7,13.0,1.4,1016.8,1016.8,71.32,382.39,266.78,34.0031,14.6193,596.8,57.9,1504.386, NAN, NAN, NAN, NAN,,2024/04/19 22:26:49.233,2024-04-19 22:26:49.233000+00:00
2024/04/19, 22:27:49.233,36.64,-74.488, 11.51,31.94,32.48,11.46,11.1,11.1,1014.8,1014.6,0.0,0.0,85.13,78.53,1,354,11.8,11.5,100.0,100.0,5.9,5.7,32.3,18.0,1016.9,1016.7,65.07,381.25,252.01,33.9995,14.6397,597.4,57.9,1504.447, NAN, NAN, NAN, NAN,,2024/04/19 22:27:49.233,2024-04-19 22:27:49.233000+00:00
2024/04/19, 22:28:49.233,36.643,-74.486, 11.41,31.83,31.75,10.57,11.0,11.1,1014.9,1014.8,0.0,0.0,85.13,78.53,358,348,12.4,12.0,100.0,100.0,7.0,6.9,26.7,8.8,1017.0,1016.9,72.22,381.93,271.52,33.9985,14.6636,600.4,57.5,1504.522, NAN, NAN, NAN, NAN,,2024/04/19 22:28:49.233,2024-04-19 22:28:49.233000+00:00
2024/04/19, 22:29:49.233,36.645,-74.483, 11.25,32.33,33.2,11.18,11.0,11.1,1015.1,1015.0,0.0,0.0,85.13,78.53,0,354,11.8,11.8,100.0,100.0,6.1,6.1,31.0,19.4,1017.2,1017.1,67.47,380.75,260.29,33.9991,14.6976,600.1,57.2,1504.632, NAN, NAN, NAN, NAN,,2024/04/19 22:29:49.233,2024-04-19 22:29:49.233000+00:00
2024/04/19, 22:30:49.233,36.648,-74.481, 11.36,31.81,34.16,11.12,11.0,11.1,1014.9,1014.8,0.0,0.0,85.13,78.53,357,353,11.0,11.2,100.0,100.0,5.3,5.7,22.6,14.9,1017.0,1016.9,71.3,379.15,272.9,34.0075,14.6997,600.4,57.2,1504.648, NAN, NAN, NAN, NAN,,2024/04/19 22:30:49.233,2024-04-19 22:30:49.233000+00:00
2024/04/19, 22:31:49.234,36.651,-74.479, 11.33,31.45,32.83,11.14,11.0,11.1,1014.8,1014.9,0.0,0.0,85.13,78.53,354,350,11.5,11.5,100.0,100.0,5.9,6.0,17.7,10.1,1016.9,1017.0,61.8,380.31,239.45,34.0201,14.7129,601.1,57.3,1504.705, NAN, NAN, NAN, NAN,,2024/04/19 22:31:49.234,2024-04-19 22:31:49.234000+00:00
2024/04/19, 22:32:49.234,36.653,-74.477, 11.43,31.61,32.56,11.57,11.0,11.1,1014.9,1014.9,0.0,0.0,85.13,78.53,359,354,12.0,12.1,100.0,100.0,6.1,6.3,28.2,18.5,1017.0,1017.0,58.18,379.33,234.13,34.0288,14.7513,602.8,57.5,1504.838, NAN, NAN, NAN, NAN,,2024/04/19 22:32:49.234,2024-04-19 22:32:49.234000+00:00
2024/04/19, 22:33:49.234,36.656,-74.475, 11.28,31.36,32.58,10.93,11.0,11.0,1014.9,1014.9,0.0,0.0,85.13,78.53,354,351,11.8,11.7,100.0,100.0,6.3,6.3,18.1,12.4,1017.0,1017.0,73.22,381.13,268.82,34.0304,14.8128,601.9,57.6,1505.035, NAN, NAN, NAN, NAN,,2024/04/19 22:33:49.234,2024-04-19 22:33:49.234000+00:00
2024/04/19, 22:34:49.234,36.658,-74.473, 11.35,31.58,32.95,10.71,11.0,11.0,1014.8,1014.9,0.0,0.0,85.13,78.53,357,349,12.3,11.5,100.0,100.0,6.8,6.3,24.3,8.9,1016.9,1017.0,70.77,380.91,260.84,34.0455,14.8756,605.9,57.5,1505.253, NAN, NAN, NAN, NAN,,2024/04/19 22:34:49.234,2024-04-19 22:34:49.234000+00:00
2024/04/19, 22:35:49.234,36.661,-74.47, 11.28,31.78,34.16,10.86,11.0,11.0,1014.8,1014.9,0.0,0.0,85.13,78.53,352,346,11.7,11.5,100.0,100.0,6.3,6.3,14.8,3.6,1016.9,1017.0,65.91,377.55,242.76,34.0665,14.9819,606.8,57.7,1505.614, NAN, NAN, NAN, NAN,,2024/04/19 22:35:49.234,2024-04-19 22:35:49.234000+00:00
2024/04/19, 22:36:49.234,36.663,-74.468, 11.36,31.79,31.46,11.22,10.9,11.0,1014.9,1014.8,0.0,0.0,85.13,78.53,354,350,12.1,12.0,100.0,100.0,6.4,6.4,20.0,12.4,1017.0,1016.9,41.25,377.97,175.5,34.0911,15.5248,608.6,57.9,1507.351, NAN, NAN, NAN, NAN,,2024/04/19 22:36:49.234,2024-04-19 22:36:49.234000+00:00
2024/04/19, 22:37:49.234,36.666,-74.466, 11.49,32.69,32.78,11.3,10.9,10.9,1014.9,1014.8,0.0,0.0,85.13,78.53,355,350,12.2,11.9,100.0,100.0,6.4,6.3,22.5,12.8,1017.0,1016.9,36.75,376.94,167.11,34.1085,16.1129,609.2,57.9,1509.195, NAN, NAN, NAN, NAN,,2024/04/19 22:37:49.234,2024-04-19 22:37:49.234000+00:00
2024/04/19, 22:38:49.234,36.669,-74.464, 11.63,32.02,32.0,11.39,10.9,10.9,1014.8,1014.8,0.0,0.0,85.13,78.53,355,350,12.1,12.2,100.0,100.0,6.3,6.5,21.9,12.6,1016.9,1016.9,34.59,374.31,159.64,34.1881,16.2938,600.8,58.2,1509.842, NAN, NAN, NAN, NAN,,2024/04/19 22:38:49.234,2024-04-19 22:38:49.234000+00:00
2024/04/19, 22:39:49.234,36.671,-74.462, 11.31,31.32,28.49,11.23,10.8,10.9,1014.8,1014.9,0.0,0.0,85.13,78.53,354,349,12.3,12.2,100.0,100.0,6.6,6.6,22.1,12.7,1016.9,1017.0,32.77,375.34,152.07,34.3545,16.2566,574.7,58.4,1509.92, NAN, NAN, NAN, NAN,,2024/04/19 22:39:49.234,2024-04-19 22:39:49.234000+00:00
2024/04/19, 22:40:49.234,36.674,-74.46, 11.41,32.53,31.44,10.88,10.8,10.8,1014.7,1014.7,0.0,0.0,85.13,78.53,0,354,12.5,12.5,100.0,100.0,6.9,7.0,32.6,21.7,1016.8,1016.8,30.11,377.75,140.46,34.3587,16.1476,562.0,58.5,1509.59, NAN, NAN, NAN, NAN,,2024/04/19 22:40:49.234,2024-04-19 22:40:49.234000+00:00
2024/04/19, 22:41:49.234,36.677,-74.458, 11.43,31.85,31.15,11.09,10.8,10.8,1014.8,1014.7,0.0,0.0,85.13,78.53,355,349,12.5,12.5,100.0,100.0,6.8,7.0,22.7,11.9,1016.9,1016.8,28.1,378.66,131.6,34.2959,16.1114,557.2,58.7,1509.407, NAN, NAN, NAN, NAN,,2024/04/19 22:41:49.234,2024-04-19 22:41:49.234000+00:00
2024/04/19, 22:42:49.234,36.679,-74.456, 11.45,31.97,33.33,10.94,10.8,10.9,1014.9,1014.8,0.0,0.0,85.13,78.53,354,350,12.4,12.3,100.0,100.0,6.8,6.8,20.8,13.6,1017.0,1016.9,26.28,379.12,125.37,34.1845,16.0652,556.9,58.8,1509.136, NAN, NAN, NAN, NAN,,2024/04/19 22:42:49.234,2024-04-19 22:42:49.234000+00:00
2024/04/19, 22:43:49.234,36.682,-74.454, 11.23,31.66,31.72,11.06,10.9,10.9,1014.8,1014.8,0.0,0.0,85.13,78.53,355,349,13.0,12.8,100.0,100.0,7.3,7.3,23.1,12.4,1016.9,1016.9,25.03,376.52,121.83,34.1296,16.0046,556.0,58.6,1508.886, NAN, NAN, NAN, NAN,,2024/04/19 22:43:49.234,2024-04-19 22:43:49.234000+00:00
2024/04/19, 22:44:49.234,36.685,-74.452, 11.33,31.81,29.69,11.3,10.7,10.8,1014.7,1014.7,0.0,0.0,85.13,78.53,355,350,12.9,12.8,100.0,100.0,7.1,7.1,24.4,15.4,1016.8,1016.8,26.44,376.29,126.11,34.1016,15.9503,554.8,58.8,1508.686, NAN, NAN, NAN, NAN,,2024/04/19 22:44:49.234,2024-04-19 22:44:49.234000+00:00
2024/04/19, 22:45:49.234,36.687,-74.45, 11.31,32.15,30.82,11.13,10.7,10.7,1014.5,1014.6,0.0,0.0,85.13,78.53,356,350,12.5,12.8,100.0,100.0,6.8,7.2,25.7,15.1,1016.6,1016.7,36.32,375.15,163.09,34.065,15.8791,556.0,58.8,1508.423, NAN, NAN, NAN, NAN,,2024/04/19 22:45:49.234,2024-04-19 22:45:49.234000+00:00
2024/04/19, 22:46:49.234,36.69,-74.448, 11.53,31.95,31.53,11.36,10.6,10.7,1014.9,1014.8,0.0,0.0,85.13,78.53,356,351,13.1,12.6,100.0,100.0,7.3,6.9,25.3,15.9,1017.0,1016.9,36.61,375.92,152.01,34.0332,15.8083,555.0,58.5,1508.167, NAN, NAN, NAN, NAN,,2024/04/19 22:46:49.234,2024-04-19 22:46:49.234000+00:00
2024/04/19, 22:47:49.235,36.692,-74.446, 11.41,31.27,29.74,10.88,10.7,10.7,1014.8,1014.8,0.0,0.0,85.13,78.53,358,350,13.1,12.5,100.0,100.0,7.5,7.0,28.1,13.7,1016.9,1016.9,26.82,375.77,125.81,33.9984,15.7626,556.6,58.5,1507.985, NAN, NAN, NAN, NAN,,2024/04/19 22:47:49.235,2024-04-19 22:47:49.235000+00:00
2024/04/19, 22:48:49.235,36.695,-74.444, 11.21,32.01,32.12,11.18,10.7,10.7,1014.8,1014.8,0.0,0.0,85.13,78.53,356,352,12.3,12.3,100.0,100.0,6.6,6.6,25.0,17.5,1016.9,1016.9,24.52,374.82,120.54,33.9649,15.6617,556.6,58.6,1507.632, NAN, NAN, NAN, NAN,,2024/04/19 22:48:49.235,2024-04-19 22:48:49.235000+00:00
2024/04/19, 22:49:49.235,36.698,-74.442, 11.18,32.23,31.52,11.07,10.6,10.6,1014.6,1014.7,0.0,0.0,85.13,78.53,353,348,13.0,12.5,100.0,100.0,7.4,7.1,19.3,10.0,1016.7,1016.8,24.13,375.72,116.95,33.9462,15.4511,556.9,58.7,1506.953, NAN, NAN, NAN, NAN,,2024/04/19 22:49:49.235,2024-04-19 22:49:49.235000+00:00
2024/04/19, 22:50:49.235,36.7,-74.44, 11.22,31.9,33.05,11.16,10.6,10.6,1014.9,1014.8,0.0,0.0,85.13,78.53,355,350,12.5,12.4,100.0,100.0,6.8,6.8,22.3,13.1,1017.0,1016.9,26.02,375.76,120.3,33.9264,15.2929,558.4,58.6,1506.433, NAN, NAN, NAN, NAN,,2024/04/19 22:50:49.235,2024-04-19 22:50:49.235000+00:00
2024/04/19, 22:51:49.235,36.703,-74.438, 11.29,31.62,33.18,11.01,10.6,10.6,1014.8,1014.7,0.0,0.0,85.13,78.53,356,353,12.7,12.4,100.0,100.0,7.1,6.8,23.7,18.1,1016.9,1016.8,24.78,375.98,118.36,33.8576,15.1584,558.7,58.6,1505.93, NAN, NAN, NAN, NAN,,2024/04/19 22:51:49.235,2024-04-19 22:51:49.235000+00:00
2024/04/19, 22:52:49.235,36.705,-74.436, 11.17,32.39,33.08,10.69,10.6,10.6,1014.9,1014.8,0.0,0.0,85.13,78.53,358,352,13.0,12.7,100.0,100.0,7.5,7.3,28.3,17.8,1017.0,1016.9,22.48,373.08,111.07,33.7667,15.0579,560.0,58.7,1505.506, NAN, NAN, NAN, NAN,,2024/04/19 22:52:49.235,2024-04-19 22:52:49.235000+00:00
2024/04/19, 22:53:49.235,36.708,-74.434, 11.15,31.36,34.13,11.1,10.6,10.6,1015.0,1014.9,0.0,0.0,85.13,78.53,353,347,12.6,12.7,100.0,100.0,7.0,7.3,17.4,7.1,1017.1,1017.0,22.15,371.79,110.18,33.7013,14.9591,559.3,58.7,1505.117, NAN, NAN, NAN, NAN,,2024/04/19 22:53:49.235,2024-04-19 22:53:49.235000+00:00
2024/04/19, 22:54:49.235,36.711,-74.432, 11.27,32.41,33.15,11.21,10.5,10.6,1014.7,1014.7,0.0,0.0,85.13,78.53,354,346,13.0,12.5,100.0,100.0,7.3,7.1,21.5,6.9,1016.8,1016.8,21.32,373.35,107.83,33.6493,14.8623,559.3,58.8,1504.749, NAN, NAN, NAN, NAN,,2024/04/19 22:54:49.235,2024-04-19 22:54:49.235000+00:00
2024/04/19, 22:55:49.235,36.713,-74.43, 11.38,32.03,31.31,10.93,10.5,10.6,1014.7,1014.7,0.0,0.0,85.13,78.53,355,349,12.9,12.4,100.0,100.0,7.3,6.9,24.0,13.0,1016.8,1016.8,25.31,372.24,122.61,33.6117,14.7918,559.6,59.0,1504.48, NAN, NAN, NAN, NAN,,2024/04/19 22:55:49.235,2024-04-19 22:55:49.235000+00:00
2024/04/19, 22:56:49.235,36.716,-74.428, 11.33,32.08,32.83,11.11,10.5,10.5,1014.9,1014.8,0.0,0.0,85.13,78.53,357,352,12.5,12.7,100.0,100.0,6.8,7.1,26.2,17.3,1017.0,1016.9,27.5,372.17,124.03,33.5867,14.7386,559.6,58.8,1504.281, NAN, NAN, NAN, NAN,,2024/04/19 22:56:49.235,2024-04-19 22:56:49.235000+00:00
2024/04/19, 22:57:49.235,36.718,-74.426, 11.29,31.52,30.62,11.15,10.5,10.5,1014.8,1014.8,0.0,0.0,85.13,78.53,355,349,12.5,12.4,100.0,100.0,6.8,6.8,23.2,12.2,1016.9,1016.9,34.69,372.59,135.14,33.5578,14.6913,562.4,58.9,1504.096, NAN, NAN, NAN, NAN,,2024/04/19 22:57:49.235,2024-04-19 22:57:49.235000+00:00
2024/04/19, 22:58:49.235,36.721,-74.424, 11.20,32.12,33.91,10.72,10.5,10.5,1014.9,1014.7,0.0,0.0,85.13,78.53,357,350,12.0,11.7,100.0,100.0,6.5,6.4,25.8,12.7,1017.0,1016.8,22.71,372.9,107.58,33.5407,14.63,565.9,58.7,1503.88, NAN, NAN, NAN, NAN,,2024/04/19 22:58:49.235,2024-04-19 22:58:49.235000+00:00
2024/04/19, 22:59:49.235,36.724,-74.422, 11.32,31.59,32.06,10.99,10.5,10.5,1015.0,1014.9,0.0,0.0,85.13,78.53,353,348,12.4,12.4,100.0,100.0,6.8,7.0,19.3,10.3,1017.1,1017.0,23.41,372.86,111.8,33.5253,14.5687,571.2,58.7,1503.666, NAN, NAN, NAN, NAN,,2024/04/19 22:59:49.235,2024-04-19 22:59:49.235000+00:00
2024/04/19, 23:00:49.235,36.726,-74.42, 11.33,31.67,29.34,11.3,10.5,10.5,1014.8,1014.8,0.0,0.0,85.13,78.53,352,348,12.1,12.4,100.0,100.0,6.4,6.8,18.0,10.9,1016.9,1016.9,26.99,368.77,116.86,33.5065,14.5391,574.5,58.8,1503.549, NAN, NAN, NAN, NAN,,2024/04/19 23:00:49.235,2024-04-19 23:00:49.235000+00:00
2024/04/19, 23:01:49.235,36.729,-74.418, 11.49,32.77,33.65,11.17,10.4,10.5,1014.9,1015.0,0.0,0.0,85.13,78.53,351,345,12.5,12.6,100.0,100.0,6.9,7.2,16.7,6.2,1017.0,1017.1,25.05,370.84,107.22,33.4777,14.5226,573.9,58.9,1503.462, NAN, NAN, NAN, NAN,,2024/04/19 23:01:49.235,2024-04-19 23:01:49.235000+00:00
2024/04/19, 23:02:49.235,36.731,-74.416, 10.97,31.75,31.55,11.11,10.4,10.4,1014.9,1015.0,0.0,0.0,85.13,78.53,353,348,12.2,12.3,100.0,100.0,6.6,6.8,18.8,9.8,1017.0,1017.1,20.74,373.98,94.9,33.4644,14.5724,574.2,58.4,1503.606, NAN, NAN, NAN, NAN,,2024/04/19 23:02:49.235,2024-04-19 23:02:49.235000+00:00
2024/04/19, 23:03:49.236,36.734,-74.414, 11.15,31.92,31.53,11.06,10.4,10.4,1014.9,1014.9,0.0,0.0,85.13,78.53,351,347,12.4,12.4,100.0,100.0,6.8,7.0,15.5,8.4,1017.0,1017.0,19.0,373.3,88.94,33.4637,14.6711,575.3,58.7,1503.922, NAN, NAN, NAN, NAN,,2024/04/19 23:03:49.236,2024-04-19 23:03:49.236000+00:00
2024/04/19, 23:04:49.236,36.737,-74.412, 11.29,31.28,31.85,10.95,10.4,10.5,1015.0,1014.8,0.0,0.0,85.13,78.53,352,346,12.7,12.4,100.0,100.0,7.2,7.1,16.6,5.8,1017.1,1016.9,14.24,372.46,76.31,33.4704,14.7335,577.6,58.7,1504.129, NAN, NAN, NAN, NAN,,2024/04/19 23:04:49.236,2024-04-19 23:04:49.236000+00:00
2024/04/19, 23:05:49.236,36.739,-74.41, 11.28,31.96,32.15,11.24,10.4,10.4,1014.9,1014.9,0.0,0.0,85.13,78.53,350,344,12.4,12.8,100.0,100.0,6.8,7.4,13.8,3.9,1017.0,1017.0,14.35,367.3,76.43,33.5139,14.7686,572.9,58.6,1504.292, NAN, NAN, NAN, NAN,,2024/04/19 23:05:49.236,2024-04-19 23:05:49.236000+00:00
2024/04/19, 23:06:49.236,36.742,-74.408, 11.30,32.03,30.97,10.89,10.3,10.4,1015.2,1015.0,0.0,0.0,85.13,78.53,354,347,12.4,12.1,100.0,100.0,6.8,6.7,22.4,9.5,1017.3,1017.1,16.93,367.52,86.59,33.5417,14.8157,571.5,58.7,1504.475, NAN, NAN, NAN, NAN,,2024/04/19 23:06:49.236,2024-04-19 23:06:49.236000+00:00
2024/04/19, 23:07:49.236,36.744,-74.406, 11.30,32.52,35.28,11.1,10.3,10.3,1015.0,1014.9,0.0,0.0,85.13,78.53,352,344,11.8,12.1,100.0,100.0,6.2,6.8,17.4,3.4,1017.1,1017.0,16.68,366.91,85.04,33.5593,15.0536,570.2,58.8,1505.251, NAN, NAN, NAN, NAN,,2024/04/19 23:07:49.236,2024-04-19 23:07:49.236000+00:00
2024/04/19, 23:08:49.236,36.747,-74.404, 11.39,32.61,29.76,11.39,10.4,10.4,1015.1,1014.9,0.0,0.0,85.13,78.53,348,344,12.0,12.0,100.0,100.0,6.3,6.4,12.5,5.1,1017.2,1017.0,14.52,366.33,75.98,33.5792,15.3405,571.6,58.6,1506.18, NAN, NAN, NAN, NAN,,2024/04/19 23:08:49.236,2024-04-19 23:08:49.236000+00:00
2024/04/19, 23:09:49.236,36.75,-74.403, 11.30,31.47,29.14,10.94,10.4,10.4,1014.9,1014.8,0.0,0.0,85.13,78.53,353,348,12.8,12.8,100.0,100.0,7.2,7.3,20.6,11.9,1017.0,1016.9,12.93,367.49,68.07,33.6389,15.5498,570.5,58.8,1506.905, NAN, NAN, NAN, NAN,,2024/04/19 23:09:49.236,2024-04-19 23:09:49.236000+00:00
2024/04/19, 23:10:49.236,36.753,-74.401, 11.21,31.97,32.39,11.27,10.3,10.3,1015.1,1015.0,0.0,0.0,85.13,78.53,350,342,12.2,12.6,100.0,100.0,6.5,7.3,14.0,0.5,1017.2,1017.1,12.79,367.5,67.4,33.7442,15.7816,571.5,58.8,1507.75, NAN, NAN, NAN, NAN,,2024/04/19 23:10:49.236,2024-04-19 23:10:49.236000+00:00
2024/04/19, 23:11:49.236,36.755,-74.399, 11.40,32.18,31.04,10.93,10.2,10.2,1015.0,1014.9,0.0,0.0,85.13,78.53,348,343,12.6,13.0,100.0,100.0,7.2,7.8,11.2,3.3,1017.1,1017.0,12.11,367.32,63.61,33.8219,15.9285,570.2,58.9,1508.295, NAN, NAN, NAN, NAN,,2024/04/19 23:11:49.236,2024-04-19 23:11:49.236000+00:00
2024/04/19, 23:12:49.236,36.758,-74.397, 11.25,31.8,26.15,10.81,10.1,10.2,1015.3,1015.3,0.0,0.0,85.13,78.53,354,347,12.9,12.8,100.0,100.0,7.4,7.4,23.7,11.4,1017.4,1017.4,10.59,366.59,59.79,33.8975,15.9978,569.9,59.0,1508.597, NAN, NAN, NAN, NAN,,2024/04/19 23:12:49.236,2024-04-19 23:12:49.236000+00:00
2024/04/19, 23:13:49.236,36.761,-74.395, 11.31,31.67,30.26,11.18,10.1,10.1,1015.3,1015.0,0.0,0.0,85.13,78.53,355,346,13.1,12.8,100.0,100.0,7.4,7.3,24.1,8.0,1017.4,1017.1,10.31,369.06,56.89,33.9497,16.0454,570.5,59.2,1508.804, NAN, NAN, NAN, NAN,,2024/04/19 23:13:49.236,2024-04-19 23:13:49.236000+00:00
2024/04/19, 23:14:49.236,36.763,-74.393, 11.29,32.72,33.05,11.1,10.0,10.1,1014.9,1014.9,0.0,0.0,85.13,78.53,351,346,12.9,12.5,100.0,100.0,7.3,7.1,17.1,7.9,1017.0,1017.0,10.01,366.71,55.68,33.9592,16.1207,570.5,59.3,1509.047, NAN, NAN, NAN, NAN,,2024/04/19 23:14:49.236,2024-04-19 23:14:49.236000+00:00
2024/04/19, 23:15:49.236,36.766,-74.391, 11.23,31.56,29.72,11.29,10.0,10.0,1015.1,1015.0,0.0,0.0,85.13,78.53,350,346,12.0,12.1,100.0,100.0,6.3,6.5,13.9,6.6,1017.2,1017.1,10.01,371.67,55.17,33.9466,16.2309,571.2,59.0,1509.371, NAN, NAN, NAN, NAN,,2024/04/19 23:15:49.236,2024-04-19 23:15:49.236000+00:00
2024/04/19, 23:16:49.236,36.769,-74.389, 11.38,32.25,31.09,10.72,10.1,10.1,1015.0,1015.1,0.0,0.0,85.13,78.53,353,345,13.0,12.1,100.0,100.0,7.5,6.8,21.8,7.1,1017.1,1017.2,9.44,368.67,53.63,33.9516,16.3767,567.2,59.2,1509.824, NAN, NAN, NAN, NAN,,2024/04/19 23:16:49.236,2024-04-19 23:16:49.236000+00:00
2024/04/19, 23:17:49.236,36.771,-74.387, 11.35,31.87,27.89,10.76,10.0,10.1,1015.1,1014.9,0.0,0.0,85.13,78.53,352,346,12.2,12.5,100.0,100.0,6.7,7.2,19.5,9.1,1017.2,1017.0,9.75,368.35,52.01,33.9732,16.5359,567.2,59.3,1510.334, NAN, NAN, NAN, NAN,,2024/04/19 23:17:49.236,2024-04-19 23:17:49.236000+00:00
2024/04/19, 23:18:49.236,36.774,-74.385, 11.54,31.76,28.65,11.24,10.0,10.0,1015.3,1015.1,0.0,0.0,85.13,78.53,350,345,12.3,12.5,100.0,100.0,6.6,7.0,15.1,6.3,1017.4,1017.2,9.09,366.41,50.43,34.0081,16.6795,565.2,59.3,1510.811, NAN, NAN, NAN, NAN,,2024/04/19 23:18:49.236,2024-04-19 23:18:49.236000+00:00
2024/04/19, 23:19:49.237,36.777,-74.384, 11.14,31.93,30.69,11.08,10.0,10.1,1015.2,1015.1,0.0,0.0,85.13,78.53,350,342,12.5,12.6,100.0,100.0,6.9,7.3,15.5,1.7,1017.3,1017.2,9.27,362.2,49.66,34.0605,16.8327,560.6,59.1,1511.334, NAN, NAN, NAN, NAN,,2024/04/19 23:19:49.237,2024-04-19 23:19:49.237000+00:00
2024/04/19, 23:20:49.237,36.779,-74.382, 11.33,31.89,29.32,10.98,9.9,10.0,1015.1,1015.1,0.0,0.0,85.13,78.53,350,344,12.5,12.2,100.0,100.0,7.0,6.9,14.9,4.0,1017.2,1017.2,9.29,358.98,50.42,34.1122,16.9513,557.2,59.5,1511.751, NAN, NAN, NAN, NAN,,2024/04/19 23:20:49.237,2024-04-19 23:20:49.237000+00:00
2024/04/19, 23:21:49.237,36.782,-74.38, 11.35,32.28,32.51,10.99,9.9,9.9,1014.9,1015.1,0.0,0.0,85.13,78.53,353,349,12.6,12.6,100.0,100.0,7.0,7.1,20.7,13.6,1017.0,1017.2,8.21,355.69,48.39,34.1652,17.2018,554.2,59.3,1512.563, NAN, NAN, NAN, NAN,,2024/04/19 23:21:49.237,2024-04-19 23:21:49.237000+00:00
2024/04/19, 23:22:49.237,36.785,-74.378, 11.46,32.07,30.49,11.19,9.8,9.8,1015.1,1015.0,0.0,0.0,85.13,78.53,351,345,12.2,13.0,100.0,100.0,6.5,7.5,17.7,7.8,1017.2,1017.1,7.5,355.11,46.65,34.2282,17.3969,554.5,59.4,1513.217, NAN, NAN, NAN, NAN,,2024/04/19 23:22:49.237,2024-04-19 23:22:49.237000+00:00
2024/04/19, 23:23:49.237,36.787,-74.376, 11.40,31.72,29.23,11.0,9.8,9.8,1015.1,1015.1,0.0,0.0,85.13,78.53,350,344,12.3,12.5,100.0,100.0,6.7,7.1,15.6,5.2,1017.2,1017.2,7.05,354.21,44.74,34.3089,17.5526,552.0,59.5,1513.771, NAN, NAN, NAN, NAN,,2024/04/19 23:23:49.237,2024-04-19 23:23:49.237000+00:00
2024/04/19, 23:24:49.237,36.79,-74.374, 11.43,32.04,29.36,10.84,9.8,9.8,1015.1,1014.9,0.0,0.0,85.13,78.53,352,346,12.9,12.3,100.0,100.0,7.4,6.9,19.7,8.6,1017.2,1017.0,6.06,353.42,41.8,34.4207,17.5901,552.0,59.5,1514.01, NAN, NAN, NAN, NAN,,2024/04/19 23:24:49.237,2024-04-19 23:24:49.237000+00:00
2024/04/19, 23:25:49.237,36.793,-74.373, 11.43,31.26,27.31,10.75,9.8,9.8,1015.2,1015.1,0.0,0.0,85.13,78.53,351,346,12.7,12.8,100.0,100.0,7.2,7.5,17.3,8.8,1017.3,1017.2,5.01,351.95,38.75,34.4829,17.3581,554.2,59.7,1513.393, NAN, NAN, NAN, NAN,,2024/04/19 23:25:49.237,2024-04-19 23:25:49.237000+00:00
2024/04/19, 23:26:49.237,36.795,-74.371, 11.32,32.43,30.46,10.61,9.6,9.7,1015.3,1014.9,0.0,0.0,85.13,78.53,350,344,12.2,12.3,100.0,100.0,6.8,7.1,16.6,6.3,1017.4,1017.0,4.0,352.64,35.69,34.5351,16.7302,555.6,59.6,1511.569, NAN, NAN, NAN, NAN,,2024/04/19 23:26:49.237,2024-04-19 23:26:49.237000+00:00
2024/04/19, 23:27:49.237,36.798,-74.369, 11.45,31.8,30.67,10.96,9.6,9.6,1015.2,1015.2,0.0,0.0,85.13,78.53,351,346,12.0,12.0,100.0,100.0,6.5,6.6,16.0,6.9,1017.3,1017.3,2.87,352.46,32.51,34.4999,15.5969,560.9,59.7,1508.05, NAN, NAN, NAN, NAN,,2024/04/19 23:27:49.237,2024-04-19 23:27:49.237000+00:00
2024/04/19, 23:28:49.237,36.8,-74.367, 11.52,30.63,26.2,10.65,9.5,9.6,1015.2,1015.1,0.0,0.0,85.13,78.53,351,345,12.0,11.9,100.0,100.0,6.6,6.6,16.9,6.0,1017.3,1017.2,1.85,352.58,28.74,34.3262,14.7768,571.5,59.6,1505.266, NAN, NAN, NAN, NAN,,2024/04/19 23:28:49.237,2024-04-19 23:28:49.237000+00:00
2024/04/19, 23:29:49.237,36.803,-74.365, 11.52,32.13,33.63,10.77,9.5,9.5,1015.1,1015.1,0.0,0.0,85.13,78.53,352,346,12.3,12.3,100.0,100.0,6.9,7.1,17.7,7.2,1017.2,1017.2,0.85,352.32,25.74,34.0248,14.1323,581.4,59.4,1502.843, NAN, NAN, NAN, NAN,,2024/04/19 23:29:49.237,2024-04-19 23:29:49.237000+00:00
2024/04/19, 23:30:49.237,36.806,-74.363, 11.56,31.23,32.26,10.5,9.5,9.5,1015.2,1015.2,0.0,0.0,85.13,78.53,353,346,12.0,11.6,100.0,100.0,6.7,6.5,18.9,6.0,1017.3,1017.3,0.08,352.65,23.02,33.6746,13.5182,588.4,59.0,1500.425, NAN, NAN, NAN, NAN,,2024/04/19 23:30:49.237,2024-04-19 23:30:49.237000+00:00
2024/04/19, 23:31:49.237,36.808,-74.362, 11.27,32.01,29.29,10.74,9.4,9.4,1015.0,1015.1,0.0,0.0,85.13,78.53,353,348,11.8,11.3,100.0,100.0,6.3,5.9,22.0,12.1,1017.1,1017.2,-0.69,353.48,20.56,33.4511,12.7538,590.7,59.0,1497.617, NAN, NAN, NAN, NAN,,2024/04/19 23:31:49.237,2024-04-19 23:31:49.237000+00:00
2024/04/19, 23:32:49.237,36.81,-74.359, 10.67,42.78,45.15,10.01,9.4,9.4,1015.1,1015.1,0.0,0.0,85.13,78.53,345,341,11.4,11.5,100.0,100.0,6.6,6.9,15.1,8.7,1017.2,1017.2,-1.38,353.5,18.34,33.3098,11.8556,591.5,58.7,1494.393, NAN, NAN, NAN, NAN,,2024/04/19 23:32:49.237,2024-04-19 23:32:49.237000+00:00
2024/04/19, 23:33:49.237,36.813,-74.357, 10.69,34.93,37.66,10.09,9.3,9.4,1014.9,1015.0,0.0,0.0,85.13,78.53,352,345,12.3,12.5,100.0,100.0,7.2,7.6,21.3,9.9,1017.0,1017.1,-1.91,354.2,16.04,33.0816,11.3331,591.8,58.4,1492.309, NAN, NAN, NAN, NAN,,2024/04/19 23:33:49.237,2024-04-19 23:33:49.237000+00:00
2024/04/19, 23:34:49.237,36.815,-74.356, 11.10,32.44,29.19,10.35,9.3,9.4,1015.0,1015.1,0.0,0.0,85.13,78.53,354,348,12.2,12.3,100.0,100.0,6.9,7.1,24.9,14.5,1017.1,1017.2,-2.33,354.67,14.23,32.8054,10.9391,595.2,58.4,1490.595, NAN, NAN, NAN, NAN,,2024/04/19 23:34:49.237,2024-04-19 23:34:49.237000+00:00
2024/04/19, 23:35:49.238,36.818,-74.354, 11.12,31.96,28.61,10.33,9.3,9.3,1014.8,1014.8,0.0,0.0,85.13,78.53,355,350,11.8,12.1,100.0,100.0,6.5,6.9,25.3,16.5,1016.9,1016.9,-2.71,355.28,12.57,32.6073,10.6386,588.0,58.4,1489.292, NAN, NAN, NAN, NAN,,2024/04/19 23:35:49.238,2024-04-19 23:35:49.238000+00:00
2024/04/19, 23:36:49.238,36.82,-74.352, 11.04,33.13,29.99,10.24,9.3,9.3,1015.0,1015.1,0.0,0.0,85.13,78.53,355,350,11.9,12.0,100.0,100.0,6.6,6.8,26.1,17.3,1017.1,1017.2,-3.09,355.6,11.02,32.4846,10.3893,587.3,58.3,1488.254, NAN, NAN, NAN, NAN,,2024/04/19 23:36:49.238,2024-04-19 23:36:49.238000+00:00
2024/04/19, 23:37:49.238,36.822,-74.35, 11.08,33.03,30.15,10.16,9.3,9.3,1015.0,1015.1,0.0,0.0,85.13,78.53,355,349,12.3,12.0,100.0,100.0,7.1,6.9,26.8,16.2,1017.1,1017.2,-3.49,355.93,9.47,32.4058,10.0813,583.3,57.9,1487.051, NAN, NAN, NAN, NAN,,2024/04/19 23:37:49.238,2024-04-19 23:37:49.238000+00:00
2024/04/19, 23:38:49.238,36.825,-74.348, 10.89,32.05,28.98,10.33,9.3,9.3,1015.1,1015.1,0.0,0.0,85.13,78.53,356,351,12.0,11.9,100.0,100.0,6.7,6.7,26.3,17.3,1017.2,1017.2,-3.84,356.19,7.96,32.3282,9.8496,582.0,58.1,1486.118, NAN, NAN, NAN, NAN,,2024/04/19 23:38:49.238,2024-04-19 23:38:49.238000+00:00
2024/04/19, 23:39:49.238,36.827,-74.347, 11.36,32.72,30.22,10.73,9.3,9.3,1015.2,1015.1,0.0,0.0,85.13,78.53,355,350,12.0,11.6,100.0,100.0,6.5,6.2,25.9,16.3,1017.3,1017.2,-4.07,356.53,6.87,32.2529,9.7154,580.6,57.7,1485.539, NAN, NAN, NAN, NAN,,2024/04/19 23:39:49.238,2024-04-19 23:39:49.238000+00:00
2024/04/19, 23:40:49.238,36.83,-74.345, 11.21,32.91,32.1,10.27,9.3,9.3,1015.1,1015.1,0.0,0.0,85.13,78.53,355,350,12.0,11.6,100.0,100.0,6.7,6.4,24.9,15.7,1017.2,1017.2,-4.23,356.85,5.94,32.1935,9.6089,572.0,57.7,1485.078, NAN, NAN, NAN, NAN,,2024/04/19 23:40:49.238,2024-04-19 23:40:49.238000+00:00
2024/04/19, 23:41:49.238,36.832,-74.343, 11.31,32.6,31.62,10.44,9.3,9.3,1015.2,1015.1,0.0,0.0,85.13,78.53,354,348,11.7,11.9,100.0,100.0,6.4,6.7,22.6,12.0,1017.3,1017.2,-4.42,357.02,5.13,32.1529,9.5317,563.5,57.9,1484.746, NAN, NAN, NAN, NAN,,2024/04/19 23:41:49.238,2024-04-19 23:41:49.238000+00:00
2024/04/19, 23:42:49.238,36.835,-74.341, 11.50,32.5,33.91,10.78,9.3,9.3,1015.0,1015.1,0.0,0.0,85.13,78.53,353,348,11.4,11.7,100.0,100.0,5.9,6.3,20.1,11.1,1017.1,1017.2,-4.54,357.15,4.41,32.1308,9.4807,558.4,57.9,1484.532, NAN, NAN, NAN, NAN,,2024/04/19 23:42:49.238,2024-04-19 23:42:49.238000+00:00
2024/04/19, 23:43:49.238,36.837,-74.339, 11.34,32.38,28.75,10.32,9.3,9.3,1015.2,1015.2,0.0,0.0,85.13,78.53,352,347,11.3,11.5,100.0,100.0,6.0,6.3,20.5,11.5,1017.3,1017.3,-4.78,357.53,3.68,32.1214,9.4479,554.8,57.6,1484.4, NAN, NAN, NAN, NAN,,2024/04/19 23:43:49.238,2024-04-19 23:43:49.238000+00:00
2024/04/19, 23:44:49.238,36.84,-74.337, 11.42,33.36,36.61,10.62,9.3,9.3,1015.2,1015.2,0.0,0.0,85.13,78.53,354,348,11.5,11.5,100.0,100.0,6.1,6.3,20.7,9.7,1017.3,1017.3,-4.94,357.79,3.12,32.1118,9.4279,552.6,57.9,1484.315, NAN, NAN, NAN, NAN,,2024/04/19 23:44:49.238,2024-04-19 23:44:49.238000+00:00
2024/04/19, 23:45:49.238,36.842,-74.335, 11.39,33.1,33.86,10.41,9.3,9.3,1015.2,1015.3,0.0,0.0,85.13,78.53,356,349,11.6,11.4,100.0,100.0,6.3,6.3,24.8,11.8,1017.3,1017.4,-4.98,357.99,2.64,32.1071,9.4182,554.8,57.8,1484.274, NAN, NAN, NAN, NAN,,2024/04/19 23:45:49.238,2024-04-19 23:45:49.238000+00:00
2024/04/19, 23:46:49.238,36.845,-74.333, 11.42,32.42,32.4,10.83,9.3,9.3,1015.4,1015.4,0.0,0.0,85.13,78.53,356,350,11.4,11.3,100.0,100.0,5.9,5.9,25.4,13.7,1017.5,1017.5,-5.02,358.19,2.21,32.1192,9.418,556.6,57.9,1484.288, NAN, NAN, NAN, NAN,,2024/04/19 23:46:49.238,2024-04-19 23:46:49.238000+00:00
2024/04/19, 23:47:49.238,36.847,-74.332, 11.29,32.02,29.0,10.37,9.3,9.3,1015.2,1015.0,0.0,0.0,85.13,78.53,356,350,11.5,11.4,100.0,100.0,6.2,6.2,26.4,15.2,1017.3,1017.1,-5.18,358.55,1.84,32.117,9.4181,557.2,57.8,1484.285, NAN, NAN, NAN, NAN,,2024/04/19 23:47:49.238,2024-04-19 23:47:49.238000+00:00
2024/04/19, 23:48:49.238,36.85,-74.33, 11.36,33.17,32.02,10.62,9.3,9.3,1015.5,1015.3,0.0,0.0,85.13,78.53,356,350,11.3,11.0,100.0,100.0,5.9,5.7,26.3,14.5,1017.6,1017.4,-5.19,358.76,1.49,32.1219,9.4086,560.9,58.0,1484.256, NAN, NAN, NAN, NAN,,2024/04/19 23:48:49.238,2024-04-19 23:48:49.238000+00:00
2024/04/19, 23:49:49.238,36.852,-74.328, 11.47,32.77,33.17,10.41,9.3,9.3,1015.3,1015.3,0.0,0.0,85.13,78.53,357,351,11.4,11.5,100.0,100.0,6.1,6.3,27.7,16.6,1017.4,1017.4,-5.28,359.05,1.23,32.1268,9.3905,560.0,58.0,1484.196, NAN, NAN, NAN, NAN,,2024/04/19 23:49:49.238,2024-04-19 23:49:49.238000+00:00
2024/04/19, 23:50:49.238,36.855,-74.326, 11.51,33.04,30.57,10.52,9.3,9.3,1015.2,1015.3,0.0,0.0,85.13,78.53,356,351,11.2,11.3,100.0,100.0,5.8,6.0,27.1,17.6,1017.3,1017.4,-5.32,359.42,1.0,32.1304,9.3643,560.6,58.2,1484.104, NAN, NAN, NAN, NAN,,2024/04/19 23:50:49.238,2024-04-19 23:50:49.238000+00:00
2024/04/19, 23:51:49.239,36.857,-74.324, 11.38,32.38,33.22,10.39,9.3,9.3,1015.3,1015.1,0.0,0.0,85.13,78.53,357,351,11.0,11.0,100.0,100.0,5.7,5.8,26.4,14.9,1017.4,1017.2,-5.39,359.77,0.81,32.131,9.3315,561.6,58.1,1483.984, NAN, NAN, NAN, NAN,,2024/04/19 23:51:49.239,2024-04-19 23:51:49.239000+00:00
2024/04/19, 23:52:49.239,36.86,-74.322, 11.43,32.79,31.85,10.35,9.3,9.3,1015.1,1015.1,0.0,0.0,85.13,78.53,359,352,12.1,11.6,100.0,100.0,6.8,6.4,31.2,18.4,1017.2,1017.2,-5.4,359.93,0.65,32.1286,9.3056,561.2,58.1,1483.886, NAN, NAN, NAN, NAN,,2024/04/19 23:52:49.239,2024-04-19 23:52:49.239000+00:00
2024/04/19, 23:53:49.239,36.862,-74.32, 11.38,32.29,33.67,10.64,9.3,9.4,1015.2,1015.3,0.0,0.0,85.13,78.53,358,353,11.8,11.6,100.0,100.0,6.3,6.2,29.9,20.5,1017.3,1017.4,-5.41,360.21,0.51,32.1295,9.2945,557.2,58.2,1483.846, NAN, NAN, NAN, NAN,,2024/04/19 23:53:49.239,2024-04-19 23:53:49.239000+00:00
2024/04/19, 23:54:49.239,36.865,-74.318, 11.20,32.62,29.55,10.34,9.3,9.4,1014.9,1015.2,0.0,0.0,85.13,78.53,357,351,11.7,12.1,100.0,100.0,6.4,6.8,29.2,18.6,1017.0,1017.3,-5.43,360.59,0.4,32.1272,9.2903,557.2,58.1,1483.828, NAN, NAN, NAN, NAN,,2024/04/19 23:54:49.239,2024-04-19 23:54:49.239000+00:00
2024/04/19, 23:55:49.239,36.867,-74.316, 11.43,32.75,36.59,10.58,9.3,9.4,1015.5,1015.5,0.0,0.0,85.13,78.53,357,351,12.1,11.7,100.0,100.0,6.7,6.4,25.7,14.5,1017.6,1017.6,-5.42,360.83,0.32,32.1232,9.2856,552.9,58.4,1483.806, NAN, NAN, NAN, NAN,,2024/04/19 23:55:49.239,2024-04-19 23:55:49.239000+00:00
2024/04/19, 23:56:49.239,36.87,-74.314, 11.47,32.8,35.19,10.4,9.3,9.4,1015.3,1015.3,0.0,0.0,85.13,78.53,356,351,11.6,11.9,100.0,100.0,6.3,6.6,26.5,17.6,1017.4,1017.4,-5.4,361.15,0.25,32.121,9.2769,553.2,58.2,1483.771, NAN, NAN, NAN, NAN,,2024/04/19 23:56:49.239,2024-04-19 23:56:49.239000+00:00
2024/04/19, 23:57:49.239,36.872,-74.312, 11.47,32.45,34.2,10.33,9.4,9.4,1015.4,1015.5,0.0,0.0,85.13,78.53,355,351,11.6,11.7,100.0,100.0,6.3,6.5,23.1,16.0,1017.5,1017.6,-5.47,361.36,0.2,32.1192,9.2733,552.9,58.3,1483.755, NAN, NAN, NAN, NAN,,2024/04/19 23:57:49.239,2024-04-19 23:57:49.239000+00:00
2024/04/19, 23:58:49.239,36.874,-74.31, 11.49,32.45,32.73,10.39,9.4,9.4,1015.1,1015.2,0.0,0.0,85.13,78.53,357,352,11.6,11.2,100.0,100.0,6.3,6.0,25.5,15.9,1017.2,1017.3,-5.49,361.32,0.15,32.1165,9.2748,551.2,58.4,1483.758, NAN, NAN, NAN, NAN,,2024/04/19 23:58:49.239,2024-04-19 23:58:49.239000+00:00
2024/04/19, 23:59:49.239,36.877,-74.308, 11.43,33.3,31.9,10.74,9.4,9.4,1015.5,1015.5,0.0,0.0,85.13,78.53,357,351,11.3,11.3,100.0,100.0,5.8,5.9,28.5,16.9,1017.6,1017.6,-5.48,361.56,0.12,32.1145,9.2758,551.2,58.2,1483.759, NAN, NAN, NAN, NAN,,2024/04/19 23:59:49.239,2024-04-19 23:59:49.239000+00:00
2024/04/18, 00:00:49.057,35.949,-75.327, NAN,265.53,283.73,2.96,18.2,18.3,1014.7,1014.5,0.0,0.0,85.1,78.5,311,305,8.9,10.6,87.6,87.7,8.5,10.3,206.9,202.4,1016.8,1016.6,-5.47,410.42,0.02,29.02,13.9775,529.7,62.0,1496.472, NAN, 32.340, NAN, NAN,,2024/04/18 00:00:49.057,2024-04-18 00:00:49.057000+00:00
2024/04/18, 00:01:49.057,35.948,-75.328, NAN,196.62,204.14,1.48,18.2,18.2,1014.8,1014.5,0.0,0.0,85.1,78.5,16,3,8.9,8.5,89.2,89.3,8.1,7.7,213.3,199.1,1016.9,1016.6,-5.54,408.69,0.01,29.039,13.9612,529.7,61.9,1496.44, NAN, 32.710, NAN, NAN,,2024/04/18 00:01:49.057,2024-04-18 00:01:49.057000+00:00
2024/04/18, 00:02:49.057,35.948,-75.328, NAN,144.37,157.8,2.02,18.2,18.2,1014.5,1014.6,0.0,0.0,85.1,78.5,66,55,8.7,9.9,88.6,88.9,8.1,9.1,216.0,203.4,1016.6,1016.7,-5.51,408.86,0.01,29.0616,13.9554,528.6,62.0,1496.447, NAN, 32.880, NAN, NAN,,2024/04/18 00:02:49.057,2024-04-18 00:02:49.057000+00:00
2024/04/18, 00:03:49.057,35.948,-75.327, NAN,90.44,102.29,2.72,18.1,18.1,1014.5,1014.5,0.0,0.0,85.1,78.5,123,116,7.6,7.2,88.9,88.9,8.2,7.7,222.6,216.6,1016.6,1016.6,-5.56,407.9,0.01,29.073,13.9622,528.0,61.7,1496.483, NAN, 32.770, NAN, NAN,,2024/04/18 00:03:49.057,2024-04-18 00:03:49.057000+00:00
2024/04/18, 00:04:49.057,35.947,-75.326, NAN,87.5,93.47,3.85,18.0,18.1,1014.5,1014.5,0.0,0.0,85.1,78.5,122,120,7.3,7.1,89.2,89.1,8.4,8.1,221.7,220.3,1016.6,1016.6,-5.77,408.99,0.01,29.0916,13.9533,528.8,61.8,1496.475, NAN, 31.890, NAN, NAN,,2024/04/18 00:04:49.057,2024-04-18 00:04:49.057000+00:00
2024/04/18, 00:05:49.057,35.947,-75.324, NAN,85.56,90.73,5.02,18.1,18.1,1014.7,1014.7,0.0,0.0,85.1,78.5,119,116,6.4,6.3,91.0,91.0,7.9,7.7,221.6,219.4,1016.8,1016.8,-5.72,409.27,-0.0,29.1106,13.9491,528.3,62.0,1496.484, NAN, 31.170, NAN, NAN,,2024/04/18 00:05:49.057,2024-04-18 00:05:49.057000+00:00
2024/04/18, 00:06:49.057,35.948,-75.323, NAN,84.07,87.98,5.44,18.2,18.2,1014.5,1014.5,0.0,0.0,85.1,78.5,117,114,5.8,5.9,90.6,90.8,7.4,7.4,221.4,218.9,1016.6,1016.6,-5.56,409.02,-0.01,29.1188,13.9527,529.1,62.1,1496.505, NAN, 30.130, NAN, NAN,,2024/04/18 00:06:49.057,2024-04-18 00:06:49.057000+00:00
2024/04/18, 00:07:49.057,35.948,-75.321, NAN,85.5,87.91,5.77,18.3,18.4,1014.6,1014.5,0.0,0.0,85.1,78.5,113,110,5.5,5.5,90.5,90.7,7.0,6.9,222.1,220.0,1016.7,1016.6,-5.52,408.02,-0.0,29.1126,13.9106,527.6,62.3,1496.359, NAN, 29.930, NAN, NAN,,2024/04/18 00:07:49.057,2024-04-18 00:07:49.057000+00:00
2024/04/18, 00:08:49.057,35.948,-75.319, NAN,84.83,89.35,5.69,18.4,18.4,1014.7,1014.5,0.0,0.0,85.1,78.5,117,113,6.1,5.6,89.5,89.6,7.7,7.1,222.6,221.1,1016.8,1016.6,-5.49,408.6,-0.0,29.1206,13.8589,527.0,62.2,1496.197, NAN, 28.590, NAN, NAN,,2024/04/18 00:08:49.057,2024-04-18 00:08:49.057000+00:00
2024/04/18, 00:09:49.057,35.948,-75.317, NAN,85.03,85.18,5.58,18.4,18.4,1014.7,1014.6,0.0,0.0,85.1,78.5,118,115,6.2,6.2,89.6,89.4,7.9,7.8,222.0,219.8,1016.8,1016.7,-5.52,408.16,-0.01,29.134,13.8435,529.7,62.2,1496.162, NAN, 27.850, NAN, NAN,,2024/04/18 00:09:49.057,2024-04-18 00:09:49.057000+00:00
2024/04/18, 00:10:49.057,35.948,-75.315, NAN,85.14,89.23,5.52,18.4,18.5,1014.7,1014.6,0.0,0.0,85.1,78.5,121,118,6.2,5.9,89.4,89.5,7.9,7.5,224.8,223.3,1016.8,1016.7,-5.48,407.42,-0.0,29.1617,13.8566,529.4,62.1,1496.238, NAN, 27.670, NAN, NAN,,2024/04/18 00:10:49.057,2024-04-18 00:10:49.057000+00:00
2024/04/18, 00:11:49.057,35.948,-75.313, NAN,85.75,90.94,5.04,18.3,18.4,1014.7,1014.7,0.0,0.0,85.1,78.5,123,119,6.9,6.6,88.6,88.4,8.4,8.0,224.8,222.2,1016.8,1016.8,-5.64,406.59,-0.0,29.1716,13.9307,530.7,62.2,1496.494, NAN, 27.130, NAN, NAN,,2024/04/18 00:11:49.057,2024-04-18 00:11:49.057000+00:00
2024/04/18, 00:12:49.057,35.948,-75.311, NAN,86.08,90.65,4.87,18.3,18.3,1014.7,1014.9,0.0,0.0,85.1,78.5,127,123,7.9,7.8,88.6,88.9,9.5,9.3,225.7,222.6,1016.8,1017.0,-5.64,406.64,-0.0,29.1514,13.947,529.7,62.2,1496.525, NAN, 25.870, NAN, NAN,,2024/04/18 00:12:49.057,2024-04-18 00:12:49.057000+00:00
2024/04/18, 00:13:49.057,35.948,-75.31, NAN,86.34,91.61,4.65,18.2,18.3,1014.7,1014.7,0.0,0.0,85.1,78.5,126,123,8.8,8.3,89.2,89.1,10.3,9.7,223.4,221.5,1016.8,1016.8,-5.63,407.48,-0.01,29.1205,13.961,529.7,62.3,1496.535, NAN, 25.030, NAN, NAN,,2024/04/18 00:13:49.057,2024-04-18 00:13:49.057000+00:00
2024/04/18, 00:14:49.057,35.948,-75.308, NAN,87.42,83.6,4.84,18.1,18.2,1014.6,1014.7,0.0,0.0,85.1,78.5,125,123,8.6,8.2,90.0,90.0,10.3,9.8,223.7,222.5,1016.7,1016.8,-5.6,407.7,-0.0,29.0873,13.9691,529.1,62.2,1496.523, NAN, 24.900, NAN, NAN,,2024/04/18 00:14:49.057,2024-04-18 00:14:49.057000+00:00
2024/04/18, 00:15:49.057,35.948,-75.307, NAN,87.99,93.48,4.97,18.2,18.2,1014.7,1014.7,0.0,0.0,85.1,78.5,123,119,8.4,8.1,90.1,90.0,9.9,9.5,223.9,221.0,1016.8,1016.8,-5.65,408.5,-0.01,29.0645,13.9966,529.1,62.2,1496.587, NAN, 24.070, NAN, NAN,,2024/04/18 00:15:49.057,2024-04-18 00:15:49.057000+00:00
2024/04/18, 00:16:49.058,35.948,-75.305, NAN,86.57,89.03,5.34,18.2,18.2,1014.7,1014.7,0.0,0.0,85.1,78.5,122,118,8.0,7.6,90.7,90.2,9.7,9.1,222.8,220.2,1016.8,1016.8,-5.53,408.32,-0.01,29.0412,14.0236,528.8,62.3,1496.649, NAN, 24.750, NAN, NAN,,2024/04/18 00:16:49.058,2024-04-18 00:16:49.058000+00:00
2024/04/18, 00:17:49.058,35.948,-75.303, NAN,87.54,88.65,5.3,18.3,18.3,1014.7,1014.7,0.0,0.0,85.1,78.5,120,116,8.2,7.7,90.1,90.0,9.8,9.1,221.9,219.4,1016.8,1016.8,-5.54,407.99,-0.0,29.0041,14.0495,530.4,62.2,1496.691, NAN, 25.050, NAN, NAN,,2024/04/18 00:17:49.058,2024-04-18 00:17:49.058000+00:00
2024/04/18, 00:18:49.058,35.948,-75.301, NAN,88.04,91.76,5.1,18.3,18.3,1014.7,1014.7,0.0,0.0,85.1,78.5,119,116,8.1,7.7,89.6,89.6,9.5,9.0,221.4,219.6,1016.8,1016.8,-5.56,408.32,-0.0,28.9663,14.0691,528.6,62.3,1496.711, NAN, 26.180, NAN, NAN,,2024/04/18 00:18:49.058,2024-04-18 00:18:49.058000+00:00
2024/04/18, 00:19:49.058,35.948,-75.3, NAN,89.72,93.25,4.88,18.3,18.3,1014.7,1014.8,0.0,0.0,85.1,78.5,119,116,8.3,7.9,89.2,89.1,9.7,9.2,222.2,220.3,1016.8,1016.9,-5.47,408.41,-0.0,28.9287,14.0874,527.6,62.0,1496.727, NAN, 25.580, NAN, NAN,,2024/04/18 00:19:49.058,2024-04-18 00:19:49.058000+00:00
2024/04/18, 00:20:49.058,35.948,-75.298, NAN,89.59,89.69,4.94,18.2,18.2,1014.7,1014.8,0.0,0.0,85.1,78.5,121,119,9.1,8.7,89.3,89.4,10.6,10.1,222.7,221.5,1016.8,1016.9,-5.43,409.12,-0.0,28.8937,14.1067,529.4,62.1,1496.75, NAN, 24.960, NAN, NAN,,2024/04/18 00:20:49.058,2024-04-18 00:20:49.058000+00:00
2024/04/18, 00:21:49.058,35.948,-75.296, NAN,86.93,93.65,4.88,18.2,18.2,1014.7,1014.7,0.0,0.2,85.1,78.5,128,123,9.1,8.9,89.3,89.5,10.7,10.4,226.1,222.1,1016.8,1016.8,-5.48,409.49,-0.0,28.8773,14.1326,530.7,62.0,1496.816, NAN, 25.650, NAN, NAN,,2024/04/18 00:21:49.058,2024-04-18 00:21:49.058000+00:00
2024/04/18, 00:22:49.058,35.948,-75.295, NAN,88.18,94.59,4.64,18.1,18.2,1014.7,1014.8,0.0,0.0,85.1,78.5,129,125,8.8,8.5,89.0,89.5,10.4,10.0,227.8,224.8,1016.8,1016.9,-5.64,409.57,-0.01,28.8681,14.1797,528.6,62.0,1496.96, NAN, 24.310, NAN, NAN,,2024/04/18 00:22:49.058,2024-04-18 00:22:49.058000+00:00
2024/04/18, 00:23:49.058,35.948,-75.293, NAN,69.15,72.79,4.32,18.0,18.0,1014.9,1014.9,0.0,0.1,85.1,78.5,145,139,7.9,8.7,89.3,89.4,9.7,10.3,222.9,217.3,1017.0,1017.0,-5.76,409.55,-0.01,28.881,14.2335,530.0,62.0,1497.152, NAN, 24.480, NAN, NAN,,2024/04/18 00:23:49.058,2024-04-18 00:23:49.058000+00:00
2024/04/18, 00:24:49.058,35.948,-75.292, NAN,135.77,106.69,3.41,17.9,18.0,1014.9,1014.8,0.8,0.6,85.11,78.52,93,101,9.8,9.6,89.7,89.8,10.7,10.7,237.2,244.5,1017.0,1016.9,-5.85,410.94,-0.01,28.8804,14.2498,529.1,62.0,1497.205, NAN, 24.440, NAN, NAN,,2024/04/18 00:24:49.058,2024-04-18 00:24:49.058000+00:00
2024/04/18, 00:25:49.058,35.947,-75.291, NAN,202.57,157.26,2.28,17.8,18.0,1014.8,1015.0,0.2,0.5,85.12,78.52,30,32,10.1,10.2,90.8,89.8,9.7,9.9,239.0,241.0,1016.9,1017.1,-6.39,410.71,-0.01,28.8994,14.235,529.1,62.0,1497.178, NAN, 25.560, NAN, NAN,,2024/04/18 00:25:49.058,2024-04-18 00:25:49.058000+00:00
2024/04/18, 00:26:49.058,35.947,-75.291, NAN,259.76,242.03,1.7,17.9,18.0,1014.8,1014.7,0.1,0.1,85.12,78.53,332,334,10.1,10.2,91.3,91.4,9.3,9.4,230.2,232.4,1016.9,1016.8,-6.4,409.99,-0.01,28.8941,14.2271,529.4,61.8,1497.146, NAN, 25.570, NAN, NAN,,2024/04/18 00:26:49.058,2024-04-18 00:26:49.058000+00:00
2024/04/18, 00:27:49.058,35.947,-75.292, NAN,273.58,276.4,2.66,18.0,18.0,1014.9,1014.8,0.0,0.0,85.12,78.53,309,308,10.4,11.9,91.1,91.1,9.7,11.2,215.9,215.7,1017.0,1016.9,-6.39,408.11,-0.0,28.8838,14.2306,528.8,61.8,1497.146, NAN, 24.510, NAN, NAN,,2024/04/18 00:27:49.058,2024-04-18 00:27:49.058000+00:00
2024/04/18, 00:28:49.058,35.947,-75.293, NAN,266.83,274.73,3.66,18.0,18.0,1014.9,1014.9,0.0,0.0,85.12,78.53,317,315,10.0,12.0,90.0,89.8,8.9,10.9,214.5,214.0,1017.0,1017.0,-6.33,409.51,-0.01,28.8737,14.2264,532.0,61.8,1497.12, NAN, 24.080, NAN, NAN,,2024/04/18 00:28:49.058,2024-04-18 00:28:49.058000+00:00
2024/04/18, 00:29:49.058,35.947,-75.295, NAN,263.61,274.57,4.38,18.0,18.0,1014.8,1014.8,0.3,0.0,85.12,78.53,322,320,9.8,11.5,90.6,90.7,8.4,10.1,214.6,214.2,1016.9,1016.9,-6.33,410.35,-0.0,28.8758,14.2386,529.7,61.9,1497.163, NAN, 24.340, NAN, NAN,,2024/04/18 00:29:49.058,2024-04-18 00:29:49.058000+00:00
2024/04/18, 00:30:49.058,35.947,-75.296, NAN,265.51,262.07,4.73,18.1,18.1,1014.8,1014.6,0.0,0.1,85.12,78.53,321,318,9.6,11.8,90.8,90.9,7.8,10.0,215.9,214.7,1016.9,1016.7,-6.27,412.1,-0.01,28.8701,14.2216,528.3,62.0,1497.1, NAN, 24.750, NAN, NAN,,2024/04/18 00:30:49.058,2024-04-18 00:30:49.058000+00:00
2024/04/18, 00:31:49.058,35.947,-75.298, NAN,268.98,265.34,4.99,18.3,18.3,1014.8,1014.5,0.0,0.0,85.12,78.53,316,315,8.8,10.9,91.1,91.4,7.1,9.2,211.0,213.0,1016.9,1016.6,-6.07,413.03,-0.01,28.8916,14.177,528.8,61.9,1496.979, NAN, 25.020, NAN, NAN,,2024/04/18 00:31:49.058,2024-04-18 00:31:49.058000+00:00
2024/04/18, 00:32:49.059,35.947,-75.3, NAN,272.92,275.31,5.06,18.4,18.3,1014.8,1014.7,0.0,0.0,85.12,78.53,314,312,9.2,11.0,90.2,91.2,7.6,9.5,212.7,213.1,1016.9,1016.8,-5.85,411.76,-0.01,28.8708,14.1301,529.1,62.0,1496.8, NAN, 25.300, NAN, NAN,,2024/04/18 00:32:49.059,2024-04-18 00:32:49.059000+00:00
2024/04/18, 00:33:49.059,35.947,-75.301, NAN,273.34,271.42,5.19,18.4,18.4,1014.8,1014.7,0.0,0.0,85.13,78.53,310,309,9.3,10.7,89.4,89.8,7.7,9.1,208.7,209.8,1016.9,1016.8,-5.93,413.04,-0.01,28.8498,14.0444,528.8,61.9,1496.493, NAN, 24.910, NAN, NAN,,2024/04/18 00:33:49.059,2024-04-18 00:33:49.059000+00:00
2024/04/18, 00:34:49.059,35.947,-75.303, NAN,272.56,271.48,5.19,18.4,18.4,1014.8,1014.6,0.0,0.0,85.13,78.53,312,309,9.0,10.0,89.0,89.0,7.4,8.5,209.3,207.7,1016.9,1016.7,-6.15,412.17,-0.01,28.8368,13.9896,528.6,62.5,1496.297, NAN, 25.090, NAN, NAN,,2024/04/18 00:34:49.059,2024-04-18 00:34:49.059000+00:00
2024/04/18, 00:35:49.059,35.947,-75.305, NAN,273.12,273.33,5.28,18.4,18.5,1014.8,1014.7,0.0,0.0,85.13,78.53,317,314,10.0,11.5,89.0,88.7,8.2,9.8,217.1,215.6,1016.9,1016.8,-6.2,411.49,-0.01,28.836,14.0079,528.8,61.9,1496.357, NAN, 24.780, NAN, NAN,,2024/04/18 00:35:49.059,2024-04-18 00:35:49.059000+00:00
2024/04/18, 00:36:49.059,35.947,-75.307, NAN,272.47,278.9,5.2,18.5,18.5,1015.0,1014.8,0.0,0.0,85.13,78.53,317,314,10.3,12.0,88.2,88.4,8.7,10.5,216.4,215.2,1017.1,1016.9,-6.13,410.83,-0.01,28.8531,14.0057,527.0,61.6,1496.369, NAN, 24.870, NAN, NAN,,2024/04/18 00:36:49.059,2024-04-18 00:36:49.059000+00:00
2024/04/18, 00:37:49.059,35.947,-75.308, NAN,265.76,268.32,5.13,18.4,18.4,1015.1,1014.8,0.0,0.0,85.13,78.53,321,317,9.8,11.4,87.9,87.9,8.0,9.7,214.2,211.7,1017.2,1016.9,-6.17,414.35,-0.01,28.8684,13.9944,527.0,61.7,1496.35, NAN, 25.350, NAN, NAN,,2024/04/18 00:37:49.059,2024-04-18 00:37:49.059000+00:00
2024/04/18, 00:38:49.059,35.947,-75.31, NAN,266.02,261.34,5.28,18.4,18.4,1015.0,1014.7,0.0,0.0,85.13,78.53,317,315,9.5,10.9,87.9,89.7,7.5,9.0,210.4,210.0,1017.1,1016.8,-5.94,413.04,-0.01,28.886,13.9776,525.7,61.6,1496.315, NAN, 25.330, NAN, NAN,,2024/04/18 00:38:49.059,2024-04-18 00:38:49.059000+00:00
2024/04/18, 00:39:49.059,35.947,-75.312, NAN,266.77,266.94,5.24,18.6,18.5,1014.8,1014.6,0.0,0.0,85.13,78.53,314,312,9.4,11.2,89.2,89.3,7.8,9.6,206.3,206.7,1016.9,1016.7,-5.69,409.39,-0.01,28.9091,14.003,524.9,61.5,1496.426, NAN, 26.310, NAN, NAN,,2024/04/18 00:39:49.059,2024-04-18 00:39:49.059000+00:00
2024/04/18, 00:40:49.059,35.947,-75.314, NAN,267.12,269.95,5.19,18.6,18.6,1014.8,1014.7,0.0,0.0,85.13,78.53,313,312,10.5,11.7,87.4,87.6,9.0,10.3,207.0,207.4,1016.9,1016.8,-5.47,409.01,-0.01,28.9464,14.0114,525.2,61.6,1496.497, NAN, 27.060, NAN, NAN,,2024/04/18 00:40:49.059,2024-04-18 00:40:49.059000+00:00
2024/04/18, 00:41:49.059,35.947,-75.316, NAN,267.19,269.57,5.22,18.5,18.5,1014.9,1014.7,0.0,0.0,85.13,78.53,312,311,10.0,11.0,87.6,87.5,8.5,9.5,205.3,205.6,1017.0,1016.8,-5.59,411.08,-0.01,28.9781,13.9975,524.3,61.2,1496.489, NAN, 27.770, NAN, NAN,,2024/04/18 00:41:49.059,2024-04-18 00:41:49.059000+00:00
2024/04/18, 00:42:49.059,35.947,-75.317, NAN,269.15,274.13,5.09,18.5,18.5,1014.7,1014.6,0.0,0.0,85.13,78.53,307,308,10.4,11.6,88.1,88.2,9.2,10.4,202.4,205.1,1016.8,1016.7,-5.4,411.14,-0.01,28.9925,13.9767,524.0,61.2,1496.437, NAN, 28.080, NAN, NAN,,2024/04/18 00:42:49.059,2024-04-18 00:42:49.059000+00:00
2024/04/18, 00:43:49.059,35.947,-75.319, NAN,270.1,271.62,5.17,18.6,18.5,1014.8,1014.7,0.0,0.0,85.13,78.53,307,306,10.7,12.2,87.5,88.2,9.4,10.9,204.0,204.7,1016.9,1016.8,-5.39,413.85,-0.01,29.0007,13.9697,522.7,59.9,1496.423, NAN, 28.500, NAN, NAN,,2024/04/18 00:43:49.059,2024-04-18 00:43:49.059000+00:00
2024/04/18, 00:44:49.059,35.947,-75.321, NAN,270.55,270.19,5.22,18.6,18.6,1014.8,1014.7,0.0,0.0,85.13,78.53,306,306,10.5,11.8,88.0,88.2,9.3,10.5,202.7,204.4,1016.9,1016.8,-5.34,413.79,-0.01,29.0098,13.9575,524.3,60.1,1496.394, NAN, 29.770, NAN, NAN,,2024/04/18 00:44:49.059,2024-04-18 00:44:49.059000+00:00
2024/04/18, 00:45:49.059,35.947,-75.323, NAN,270.5,273.1,5.21,18.7,18.6,1014.8,1014.7,0.0,0.0,85.13,78.53,307,306,10.4,11.9,87.6,88.3,9.1,10.6,203.6,204.5,1016.9,1016.8,-5.37,415.88,-0.01,29.0276,13.942,522.7,61.0,1496.363, NAN, 30.680, NAN, NAN,,2024/04/18 00:45:49.059,2024-04-18 00:45:49.059000+00:00
2024/04/18, 00:46:49.059,35.947,-75.324, NAN,270.2,275.7,5.15,18.9,18.9,1014.8,1014.5,0.0,0.0,85.13,78.53,307,306,10.4,11.6,88.3,88.4,9.1,10.4,203.5,204.0,1016.9,1016.6,-5.28,416.6,-0.01,29.0461,13.9347,520.6,61.3,1496.361, NAN, 31.380, NAN, NAN,,2024/04/18 00:46:49.059,2024-04-18 00:46:49.059000+00:00
2024/04/18, 00:47:49.060,35.947,-75.326, NAN,289.91,285.44,4.95,19.2,19.1,1014.8,1014.7,0.0,0.0,85.13,78.53,298,304,10.0,11.4,87.6,88.0,8.8,9.9,214.1,222.6,1016.9,1016.8,-5.03,415.93,-0.0,29.0633,13.9325,519.6,61.5,1496.374, NAN, 33.100, NAN, NAN,,2024/04/18 00:47:49.060,2024-04-18 00:47:49.060000+00:00
2024/04/18, 00:48:49.060,35.947,-75.327, NAN,234.56,256.27,2.39,19.4,19.4,1015.0,1014.7,0.0,0.0,85.13,78.53,329,319,10.3,11.9,86.0,86.4,9.5,11.3,198.0,188.2,1017.1,1016.8,-4.84,411.8,-0.01,29.091,13.9331,520.6,61.5,1496.408, NAN, 32.710, NAN, NAN,,2024/04/18 00:48:49.060,2024-04-18 00:48:49.060000+00:00
2024/04/18, 00:49:49.060,35.947,-75.328, NAN,167.19,189.43,1.1,19.4,19.4,1014.8,1014.7,0.0,0.0,85.13,78.53,40,29,11.2,10.8,84.2,84.3,10.7,10.3,208.7,197.2,1016.9,1016.8,-4.89,409.24,-0.01,29.1194,13.9264,518.5,61.5,1496.419, NAN, 32.650, NAN, NAN,,2024/04/18 00:49:49.060,2024-04-18 00:49:49.060000+00:00
2024/04/18, 00:50:49.060,35.946,-75.327, NAN,109.05,106.44,2.54,19.3,19.4,1014.8,1014.8,0.0,0.0,85.13,78.53,101,94,10.2,10.0,83.3,84.4,10.5,10.2,217.0,210.4,1016.9,1016.9,-5.21,407.68,-0.01,29.1465,13.9185,518.5,61.4,1496.425, NAN, 32.710, NAN, NAN,,2024/04/18 00:50:49.060,2024-04-18 00:50:49.060000+00:00
2024/04/18, 00:51:49.060,35.946,-75.326, NAN,98.84,97.46,4.04,19.1,19.1,1014.9,1014.9,0.0,0.0,85.13,78.53,109,109,8.9,8.8,83.0,83.3,9.8,9.7,219.4,219.5,1017.0,1017.0,-5.31,406.15,-0.0,29.179,13.9184,518.5,61.5,1496.462, NAN, 32.270, NAN, NAN,,2024/04/18 00:51:49.060,2024-04-18 00:51:49.060000+00:00
2024/04/18, 00:52:49.060,35.946,-75.325, NAN,89.21,94.96,4.87,18.8,18.9,1014.9,1014.9,0.0,0.0,85.13,78.53,125,121,8.8,8.2,83.9,83.8,10.3,9.5,226.5,223.9,1017.0,1017.0,-5.51,406.58,-0.01,29.199,13.9102,517.9,61.4,1496.459, NAN, 31.580, NAN, NAN,,2024/04/18 00:52:49.060,2024-04-18 00:52:49.060000+00:00
2024/04/18, 00:53:49.060,35.946,-75.323, NAN,85.11,84.17,5.3,18.5,18.6,1015.1,1015.0,0.0,0.0,85.13,78.53,127,121,8.1,8.3,85.0,84.8,9.9,9.9,224.9,219.8,1017.2,1017.1,-5.87,405.53,-0.01,29.2085,13.9153,516.9,61.6,1496.487, NAN, 31.400, NAN, NAN,,2024/04/18 00:53:49.060,2024-04-18 00:53:49.060000+00:00
2024/04/18, 00:54:49.060,35.946,-75.321, NAN,85.07,91.21,5.4,18.4,18.5,1015.1,1015.0,0.0,0.0,85.13,78.53,127,124,8.2,8.0,85.4,85.7,10.0,9.7,225.8,223.6,1017.2,1017.1,-5.99,406.27,-0.01,29.2162,13.9123,516.6,60.5,1496.486, NAN, 29.180, NAN, NAN,,2024/04/18 00:54:49.060,2024-04-18 00:54:49.060000+00:00
2024/04/18, 00:55:49.060,35.946,-75.319, NAN,84.82,85.62,5.27,18.3,18.3,1015.1,1014.9,0.0,0.0,85.13,78.53,127,125,7.6,7.3,86.8,86.8,9.5,9.1,225.2,224.0,1017.2,1017.0,-6.02,405.72,-0.01,29.2284,13.8771,516.9,61.2,1496.384, NAN, 28.330, NAN, NAN,,2024/04/18 00:55:49.060,2024-04-18 00:55:49.060000+00:00
2024/04/18, 00:56:49.060,35.946,-75.318, NAN,87.54,91.44,5.03,18.2,18.3,1015.0,1014.9,0.0,0.0,85.13,78.53,126,124,7.7,7.6,86.5,86.5,9.4,9.2,226.9,225.5,1017.1,1017.0,-6.09,406.09,-0.01,29.2179,13.8485,517.2,61.4,1496.277, NAN, 27.960, NAN, NAN,,2024/04/18 00:56:49.060,2024-04-18 00:56:49.060000+00:00
2024/04/18, 00:57:49.060,35.946,-75.316, NAN,87.14,90.65,5.06,18.0,18.1,1015.1,1015.1,0.0,0.0,85.13,78.53,126,124,7.6,7.7,86.9,86.8,9.2,9.3,227.0,225.2,1017.2,1017.2,-6.18,405.67,-0.01,29.2133,13.8513,516.0,61.4,1496.281, NAN, 27.380, NAN, NAN,,2024/04/18 00:57:49.060,2024-04-18 00:57:49.060000+00:00
2024/04/18, 00:58:49.060,35.946,-75.314, NAN,85.13,85.7,5.0,17.9,18.0,1015.2,1015.1,0.0,0.0,85.13,78.53,129,126,7.5,7.7,87.5,87.5,9.2,9.3,227.3,224.6,1017.3,1017.2,-6.14,406.41,-0.01,29.2405,13.8575,518.7,61.5,1496.333, NAN, 26.650, NAN, NAN,,2024/04/18 00:58:49.060,2024-04-18 00:58:49.060000+00:00
2024/04/18, 00:59:49.060,35.946,-75.312, NAN,84.66,91.42,5.1,17.8,17.9,1015.1,1015.1,0.0,0.0,85.13,78.53,131,129,8.0,7.4,88.2,88.2,9.8,9.1,228.2,227.4,1017.2,1017.2,-6.17,407.36,-0.0,29.2458,13.9036,518.2,61.5,1496.492, NAN, 26.140, NAN, NAN,,2024/04/18 00:59:49.060,2024-04-18 00:59:49.060000+00:00
2024/04/18, 01:00:49.060,35.946,-75.311, NAN,85.44,86.46,5.17,17.8,17.9,1015.1,1015.1,0.0,0.0,85.13,78.53,131,129,7.7,7.5,88.6,88.2,9.6,9.4,228.7,227.4,1017.2,1017.2,-6.14,407.69,-0.01,29.2058,13.9358,518.2,61.6,1496.551, NAN, 25.160, NAN, NAN,,2024/04/18 01:00:49.060,2024-04-18 01:00:49.060000+00:00
2024/04/18, 01:01:49.060,35.946,-75.309, NAN,86.96,95.22,5.07,17.8,17.8,1015.0,1015.1,0.0,0.0,85.13,78.53,127,125,7.8,7.6,89.2,89.1,9.5,9.2,227.3,226.0,1017.1,1017.2,-6.01,408.09,-0.01,29.1558,13.966,518.2,61.5,1496.593, NAN, 24.690, NAN, NAN,,2024/04/18 01:01:49.060,2024-04-18 01:01:49.060000+00:00
2024/04/18, 01:02:49.060,35.946,-75.307, NAN,90.79,92.31,4.79,17.8,17.9,1014.9,1015.1,0.0,0.0,85.13,78.53,125,124,7.9,7.7,89.2,89.2,9.5,9.3,228.0,227.4,1017.0,1017.2,-5.83,408.98,-0.01,29.1038,13.983,518.7,61.3,1496.588, NAN, 24.450, NAN, NAN,,2024/04/18 01:02:49.060,2024-04-18 01:02:49.060000+00:00
2024/04/18, 01:03:49.061,35.946,-75.306, NAN,87.81,91.0,4.78,17.9,17.9,1015.1,1015.0,0.0,0.0,85.13,78.53,127,125,7.2,6.8,89.3,89.3,8.8,8.4,228.2,227.3,1017.2,1017.1,-5.75,408.14,-0.01,29.0761,13.9727,518.5,61.1,1496.521, NAN, 24.750, NAN, NAN,,2024/04/18 01:03:49.061,2024-04-18 01:03:49.061000+00:00
2024/04/18, 01:04:49.061,35.946,-75.304, NAN,87.1,90.37,4.89,18.0,18.0,1015.1,1015.0,0.0,0.0,85.13,78.53,129,125,7.7,7.3,88.1,88.3,9.4,8.9,228.5,225.9,1017.2,1017.1,-5.53,408.54,-0.01,29.0685,13.9373,518.2,61.2,1496.395, NAN, 25.340, NAN, NAN,,2024/04/18 01:04:49.061,2024-04-18 01:04:49.061000+00:00
2024/04/18, 01:05:49.061,35.946,-75.302, NAN,86.17,90.07,4.88,18.0,18.0,1015.1,1015.0,0.0,0.0,85.13,78.53,129,128,6.9,6.7,88.6,88.4,8.7,8.4,228.5,228.0,1017.2,1017.1,-5.55,407.86,-0.01,29.0572,13.9205,518.5,61.2,1496.327, NAN, 24.640, NAN, NAN,,2024/04/18 01:05:49.061,2024-04-18 01:05:49.061000+00:00
2024/04/18, 01:06:49.061,35.946,-75.301, NAN,85.68,90.18,5.01,18.0,18.0,1015.1,1015.0,0.0,0.0,85.13,78.53,124,125,6.8,6.7,88.2,88.0,8.4,8.3,225.0,225.9,1017.2,1017.1,-5.48,407.48,-0.01,29.0445,13.9252,518.7,61.2,1496.327, NAN, 25.020, NAN, NAN,,2024/04/18 01:06:49.061,2024-04-18 01:06:49.061000+00:00
2024/04/18, 01:07:49.061,35.946,-75.299, NAN,87.76,91.34,4.64,18.0,18.0,1015.2,1014.9,0.0,0.0,85.13,78.53,126,121,6.3,6.2,88.2,88.1,7.9,7.6,228.4,224.7,1017.3,1017.0,-5.52,407.25,-0.01,29.0317,13.9607,518.5,61.3,1496.43, NAN, 24.830, NAN, NAN,,2024/04/18 01:07:49.061,2024-04-18 01:07:49.061000+00:00
2024/04/18, 01:08:49.061,35.946,-75.297, NAN,88.01,89.12,4.84,17.9,18.0,1015.1,1015.0,0.0,0.0,85.13,78.53,125,122,7.4,7.2,87.4,87.5,9.0,8.7,226.4,224.3,1017.2,1017.1,-5.53,407.94,-0.01,29.0162,13.9916,520.0,61.3,1496.514, NAN, 24.550, NAN, NAN,,2024/04/18 01:08:49.061,2024-04-18 01:08:49.061000+00:00
2024/04/18, 01:09:49.061,35.946,-75.296, NAN,87.19,86.91,4.68,17.9,17.9,1015.0,1015.0,0.0,0.0,85.13,78.53,126,122,7.4,7.1,87.8,87.7,9.0,8.5,226.2,223.4,1017.1,1017.1,-5.57,408.39,-0.01,28.9904,14.0175,518.7,61.7,1496.569, NAN, 24.250, NAN, NAN,,2024/04/18 01:09:49.061,2024-04-18 01:09:49.061000+00:00
2024/04/18, 01:10:49.061,35.946,-75.294, NAN,87.71,87.11,4.95,17.9,17.9,1014.8,1015.1,0.0,0.0,85.13,78.53,125,122,7.7,7.5,87.9,88.4,9.4,9.1,225.7,223.6,1016.9,1017.2,-5.57,408.44,-0.01,28.9728,14.039,519.3,62.2,1496.619, NAN, 24.530, NAN, NAN,,2024/04/18 01:10:49.061,2024-04-18 01:10:49.061000+00:00
2024/04/18, 01:11:49.061,35.946,-75.292, NAN,76.26,75.47,4.3,17.8,17.9,1014.9,1014.9,0.0,0.0,85.13,78.53,142,145,7.0,7.2,88.4,88.6,8.8,9.1,227.6,229.7,1017.0,1017.0,-5.51,407.99,-0.01,28.946,14.0605,519.3,62.3,1496.659, NAN, 25.040, NAN, NAN,,2024/04/18 01:11:49.061,2024-04-18 01:11:49.061000+00:00
2024/04/18, 01:12:49.061,35.946,-75.291, NAN,151.5,129.58,2.95,17.8,17.9,1014.9,1014.9,0.0,0.0,85.13,78.53,76,84,9.2,8.8,88.2,88.4,9.6,9.4,236.5,244.4,1017.0,1017.0,-5.51,409.07,-0.01,28.9061,14.097,516.9,62.3,1496.732, NAN, 26.530, NAN, NAN,,2024/04/18 01:12:49.061,2024-04-18 01:12:49.061000+00:00
2024/04/18, 01:13:49.061,35.945,-75.291, NAN,214.7,182.62,1.64,17.8,17.9,1014.9,1015.0,0.0,0.0,85.13,78.53,19,21,9.4,9.0,89.1,89.0,8.8,8.4,237.5,239.9,1017.0,1017.1,-5.6,410.37,-0.01,28.874,14.1311,518.5,62.3,1496.807, NAN, 26.650, NAN, NAN,,2024/04/18 01:13:49.061,2024-04-18 01:13:49.061000+00:00
2024/04/18, 01:14:49.061,35.945,-75.291, NAN,268.5,250.38,1.67,18.0,18.0,1014.8,1014.9,0.0,0.0,85.13,78.53,323,325,8.8,10.0,90.1,89.9,8.0,9.2,229.2,231.6,1016.9,1017.0,-5.38,409.93,-0.01,28.8539,14.1529,518.5,62.3,1496.855, NAN, 26.670, NAN, NAN,,2024/04/18 01:14:49.061,2024-04-18 01:14:49.061000+00:00
2024/04/18, 01:15:49.061,35.945,-75.292, NAN,270.13,266.29,2.95,18.2,18.2,1015.1,1014.9,0.0,0.0,85.13,78.53,321,319,9.3,10.1,89.0,89.1,8.1,9.0,224.6,223.0,1017.2,1017.0,-5.31,408.95,-0.01,28.8435,14.1507,519.3,62.1,1496.836, NAN, 26.420, NAN, NAN,,2024/04/18 01:15:49.061,2024-04-18 01:15:49.061000+00:00
2024/04/18, 01:16:49.061,35.945,-75.293, NAN,266.73,270.91,3.98,18.3,18.2,1015.1,1014.9,0.0,0.0,85.13,78.53,327,322,9.8,10.8,87.9,89.0,8.2,9.4,225.3,220.4,1017.2,1017.0,-5.23,408.91,-0.01,28.8385,14.1085,520.0,62.1,1496.691, NAN, 24.990, NAN, NAN,,2024/04/18 01:16:49.061,2024-04-18 01:16:49.061000+00:00
2024/04/18, 01:17:49.061,35.945,-75.295, NAN,265.5,270.25,4.7,18.3,18.3,1015.1,1014.9,0.0,0.0,85.13,78.53,330,327,9.9,11.2,87.7,87.7,8.0,9.4,225.9,223.7,1017.2,1017.0,-5.18,408.97,-0.01,28.8387,14.0812,520.6,62.2,1496.602, NAN, 24.230, NAN, NAN,,2024/04/18 01:17:49.061,2024-04-18 01:17:49.061000+00:00
2024/04/18, 01:18:49.061,35.945,-75.296, NAN,266.87,272.09,5.01,18.3,18.3,1015.0,1014.9,0.0,0.0,85.13,78.53,330,326,9.6,11.0,87.4,87.6,7.6,9.1,225.9,222.8,1017.1,1017.0,-5.24,408.97,-0.01,28.8359,14.0534,521.2,62.3,1496.507, NAN, 24.180, NAN, NAN,,2024/04/18 01:18:49.061,2024-04-18 01:18:49.061000+00:00
2024/04/18, 01:19:49.062,35.945,-75.298, NAN,268.68,270.69,5.15,18.3,18.3,1015.0,1014.9,0.0,0.0,85.13,78.53,328,325,10.0,11.2,87.3,87.3,7.9,9.2,225.9,223.7,1017.1,1017.0,-5.22,407.96,-0.01,28.8433,14.0221,520.3,62.5,1496.412, NAN, 24.360, NAN, NAN,,2024/04/18 01:19:49.062,2024-04-18 01:19:49.062000+00:00
2024/04/18, 01:20:49.062,35.945,-75.3, NAN,268.58,267.64,5.15,18.4,18.4,1015.1,1015.0,0.0,0.0,85.13,78.53,329,325,10.0,11.2,87.2,87.3,7.9,9.2,227.4,223.9,1017.2,1017.1,-5.29,408.14,-0.01,28.8349,13.9776,520.6,62.4,1496.255, NAN, 24.720, NAN, NAN,,2024/04/18 01:20:49.062,2024-04-18 01:20:49.062000+00:00
2024/04/18, 01:21:49.062,35.945,-75.302, NAN,269.34,268.7,5.2,18.4,18.4,1015.1,1015.0,0.0,0.0,85.13,78.53,329,326,9.8,11.3,87.6,87.8,7.6,9.2,228.3,226.3,1017.2,1017.1,-5.32,408.27,-0.01,28.8452,13.8847,520.9,62.6,1495.96, NAN, 25.060, NAN, NAN,,2024/04/18 01:21:49.062,2024-04-18 01:21:49.062000+00:00
2024/04/18, 01:22:49.062,35.945,-75.303, NAN,270.24,265.78,5.03,18.4,18.4,1015.1,1014.9,0.0,0.0,85.13,78.53,327,324,9.9,11.1,87.8,87.9,7.8,9.1,227.3,225.0,1017.2,1017.0,-5.17,407.38,-0.01,28.8717,13.8419,518.7,62.2,1495.849, NAN, 24.840, NAN, NAN,,2024/04/18 01:22:49.062,2024-04-18 01:22:49.062000+00:00
2024/04/18, 01:23:49.062,35.945,-75.305, NAN,271.4,275.3,5.13,18.5,18.5,1015.1,1015.1,0.0,0.0,85.13,78.53,326,323,9.8,11.1,87.3,87.3,7.8,9.2,225.9,224.0,1017.2,1017.2,-5.24,406.94,-0.01,28.9151,13.8427,517.9,62.2,1495.903, NAN, 24.910, NAN, NAN,,2024/04/18 01:23:49.062,2024-04-18 01:23:49.062000+00:00
2024/04/18, 01:24:49.062,35.945,-75.307, NAN,271.18,270.62,5.24,18.5,18.5,1015.2,1015.0,0.0,0.0,85.13,78.53,328,324,9.6,10.9,87.0,87.2,7.4,8.8,228.3,225.1,1017.3,1017.1,-5.24,405.88,-0.01,28.9593,13.8775,519.3,62.2,1496.07, NAN, 24.820, NAN, NAN,,2024/04/18 01:24:49.062,2024-04-18 01:24:49.062000+00:00
2024/04/18, 01:25:49.062,35.945,-75.309, NAN,270.97,269.09,5.17,18.5,18.5,1015.1,1015.0,0.0,0.0,85.13,78.53,328,324,9.6,10.9,86.9,87.0,7.5,8.9,228.2,224.9,1017.2,1017.1,-5.26,405.73,-0.01,28.9873,13.9293,516.9,62.1,1496.274, NAN, 25.020, NAN, NAN,,2024/04/18 01:25:49.062,2024-04-18 01:25:49.062000+00:00
2024/04/18, 01:26:49.062,35.945,-75.31, NAN,270.85,275.24,5.16,18.5,18.5,1015.1,1015.0,0.0,0.0,85.13,78.53,329,325,9.5,10.6,87.2,87.3,7.5,8.7,228.3,224.9,1017.2,1017.1,-5.35,404.68,-0.01,29.0097,13.9486,518.5,62.1,1496.364, NAN, 24.700, NAN, NAN,,2024/04/18 01:26:49.062,2024-04-18 01:26:49.062000+00:00
2024/04/18, 01:27:49.062,35.945,-75.312, NAN,270.46,268.44,5.17,18.5,18.5,1015.1,1015.0,0.0,0.0,85.13,78.53,328,324,9.4,10.3,87.2,87.3,7.2,8.2,227.7,223.9,1017.2,1017.1,-5.34,403.69,-0.01,29.0173,13.9478,516.6,62.1,1496.37, NAN, 25.690, NAN, NAN,,2024/04/18 01:27:49.062,2024-04-18 01:27:49.062000+00:00
2024/04/18, 01:28:49.062,35.945,-75.314, NAN,269.08,268.95,5.12,18.5,18.5,1015.1,1015.1,0.0,0.0,85.13,78.53,328,324,9.2,10.6,87.1,87.1,7.1,8.6,225.8,222.7,1017.2,1017.2,-5.4,402.93,-0.01,29.0178,13.9428,516.9,62.2,1496.354, NAN, 26.660, NAN, NAN,,2024/04/18 01:28:49.062,2024-04-18 01:28:49.062000+00:00
2024/04/18, 01:29:49.062,35.945,-75.316, NAN,268.72,263.14,5.18,18.4,18.4,1015.1,1015.0,0.0,0.0,85.13,78.53,327,323,9.4,10.5,87.3,87.4,7.2,8.4,225.4,221.8,1017.2,1017.1,-5.43,402.06,-0.01,29.0231,13.9286,516.0,62.3,1496.314, NAN, 27.220, NAN, NAN,,2024/04/18 01:29:49.062,2024-04-18 01:29:49.062000+00:00
2024/04/18, 01:30:49.062,35.945,-75.317, NAN,267.66,270.71,5.1,18.4,18.4,1015.1,1014.9,0.0,0.0,85.13,78.53,326,323,9.5,10.8,87.7,87.8,7.6,9.0,221.6,219.8,1017.2,1017.0,-5.45,400.91,-0.01,29.0316,13.9163,515.2,62.3,1496.283, NAN, 27.760, NAN, NAN,,2024/04/18 01:30:49.062,2024-04-18 01:30:49.062000+00:00
2024/04/18, 01:31:49.062,35.945,-75.319, NAN,267.7,272.1,5.11,18.4,18.4,1015.1,1014.9,0.0,0.0,85.13,78.53,325,322,9.5,11.0,87.7,87.9,7.6,9.2,220.5,219.0,1017.2,1017.0,-5.48,400.13,-0.01,29.0453,13.9214,513.9,62.3,1496.316, NAN, 28.090, NAN, NAN,,2024/04/18 01:31:49.062,2024-04-18 01:31:49.062000+00:00
2024/04/18, 01:32:49.062,35.945,-75.321, NAN,269.38,270.88,5.04,18.4,18.4,1015.1,1015.1,0.0,0.0,85.13,78.53,324,321,9.6,10.8,87.7,87.8,7.7,9.0,221.5,219.6,1017.2,1017.2,-5.53,399.94,-0.01,29.0646,13.9057,514.5,62.4,1496.286, NAN, 28.970, NAN, NAN,,2024/04/18 01:32:49.062,2024-04-18 01:32:49.062000+00:00
2024/04/18, 01:33:49.062,35.945,-75.323, NAN,268.98,266.35,5.12,18.3,18.4,1015.1,1015.0,0.0,0.0,85.13,78.53,323,320,9.5,10.9,88.0,88.1,7.5,9.0,220.4,218.6,1017.2,1017.1,-5.45,400.47,-0.01,29.096,13.8721,512.1,62.4,1496.212, NAN, 31.640, NAN, NAN,,2024/04/18 01:33:49.062,2024-04-18 01:33:49.062000+00:00
2024/04/18, 01:34:49.062,35.945,-75.324, NAN,269.81,274.09,5.15,18.3,18.3,1015.1,1015.0,0.0,0.0,85.13,78.53,322,319,9.5,10.9,88.0,88.0,7.7,9.1,219.0,217.4,1017.2,1017.1,-5.57,401.55,-0.01,29.1237,13.8356,511.5,62.4,1496.124, NAN, 31.590, NAN, NAN,,2024/04/18 01:34:49.062,2024-04-18 01:34:49.062000+00:00
2024/04/18, 01:35:49.063,35.945,-75.326, NAN,282.21,269.75,5.23,18.3,18.3,1015.2,1014.9,0.0,0.0,85.13,78.53,321,321,8.8,10.9,87.9,88.1,6.6,8.6,231.9,234.6,1017.3,1017.0,-5.54,402.61,-0.01,29.1603,13.833,511.2,62.4,1496.158, NAN, 32.520, NAN, NAN,,2024/04/18 01:35:49.063,2024-04-18 01:35:49.063000+00:00
2024/04/18, 01:36:49.063,35.945,-75.328, NAN,251.9,270.74,2.74,18.3,18.3,1015.1,1014.9,0.0,0.0,85.13,78.53,324,314,8.7,9.8,88.6,88.2,8.0,9.3,207.5,197.9,1017.2,1017.0,-5.58,402.6,-0.02,29.2072,13.8143,511.8,62.5,1496.151, NAN, 32.770, NAN, NAN,,2024/04/18 01:36:49.063,2024-04-18 01:36:49.063000+00:00
2024/04/18, 01:37:49.063,35.945,-75.328, NAN,177.8,193.71,1.47,18.3,18.3,1015.1,1014.9,0.0,0.0,85.13,78.53,35,21,8.4,8.4,88.5,88.6,7.7,7.6,214.0,198.6,1017.2,1017.0,-5.55,403.17,-0.02,29.2367,13.7975,509.9,62.2,1496.13, NAN, 32.550, NAN, NAN,,2024/04/18 01:37:49.063,2024-04-18 01:37:49.063000+00:00
2024/04/18, 01:38:49.063,35.945,-75.328, NAN,114.51,134.73,2.29,18.3,18.3,1014.9,1014.9,0.0,0.0,85.13,78.53,98,90,7.9,7.6,89.2,89.1,7.8,7.3,221.1,213.3,1017.0,1017.0,-5.65,402.5,-0.01,29.2781,13.7903,510.8,62.3,1496.154, NAN, 32.710, NAN, NAN,,2024/04/18 01:38:49.063,2024-04-18 01:38:49.063000+00:00
2024/04/18, 01:39:49.063,35.944,-75.327, NAN,88.9,101.02,3.85,18.3,18.3,1014.9,1014.9,0.0,0.0,85.13,78.53,127,123,7.2,7.0,88.9,89.1,8.4,8.1,227.8,224.7,1017.0,1017.0,-5.56,400.36,-0.02,29.2935,13.7938,510.2,62.3,1496.184, NAN, 32.470, NAN, NAN,,2024/04/18 01:39:49.063,2024-04-18 01:39:49.063000+00:00
2024/04/18, 01:40:49.063,35.944,-75.325, NAN,87.3,96.77,4.69,18.3,18.3,1015.0,1014.9,0.0,0.0,85.13,78.53,121,118,6.8,6.4,88.2,88.3,8.1,7.6,224.3,222.7,1017.1,1017.0,-5.58,398.77,-0.01,29.3068,13.7444,509.9,62.4,1496.036, NAN, 32.050, NAN, NAN,,2024/04/18 01:40:49.063,2024-04-18 01:40:49.063000+00:00
2024/04/18, 01:41:49.063,35.944,-75.324, NAN,85.08,92.09,5.3,18.2,18.2,1015.1,1015.0,0.0,0.0,85.13,78.53,118,115,6.8,6.3,88.1,88.0,8.3,7.7,220.8,219.6,1017.2,1017.1,-5.61,398.02,-0.02,29.3194,13.7534,509.6,62.4,1496.08, NAN, 31.840, NAN, NAN,,2024/04/18 01:41:49.063,2024-04-18 01:41:49.063000+00:00
2024/04/18, 01:42:49.063,35.944,-75.322, NAN,86.09,89.26,5.47,18.0,18.1,1015.0,1014.9,0.0,0.0,85.13,78.53,117,115,7.1,6.7,88.5,88.5,8.6,8.1,220.6,219.9,1017.1,1017.0,-5.86,397.14,-0.01,29.3261,13.7582,510.8,62.3,1496.104, NAN, 28.950, NAN, NAN,,2024/04/18 01:42:49.063,2024-04-18 01:42:49.063000+00:00
2024/04/18, 01:43:49.063,35.944,-75.32, NAN,85.91,90.7,5.41,18.0,18.0,1014.9,1014.9,0.0,0.0,85.13,78.53,116,114,7.2,6.6,89.5,89.5,8.6,8.0,219.4,219.1,1017.0,1017.0,-5.95,397.17,-0.02,29.3668,13.7487,511.2,62.2,1496.12, NAN, 28.030, NAN, NAN,,2024/04/18 01:43:49.063,2024-04-18 01:43:49.063000+00:00
2024/04/18, 01:44:49.063,35.944,-75.318, NAN,86.31,90.35,5.08,18.0,18.1,1014.8,1014.8,0.0,0.0,85.13,78.53,119,116,7.1,6.8,90.0,90.1,8.5,8.2,221.3,219.5,1016.9,1016.9,-5.83,396.82,-0.02,29.375,13.7644,509.9,62.3,1496.182, NAN, 27.610, NAN, NAN,,2024/04/18 01:44:49.063,2024-04-18 01:44:49.063000+00:00
2024/04/18, 01:45:49.063,35.944,-75.316, NAN,85.64,85.46,4.96,18.1,18.1,1014.8,1014.8,0.0,0.0,85.13,78.53,118,116,7.5,7.2,89.9,89.8,8.9,8.5,218.8,217.7,1016.9,1016.9,-5.77,396.29,-0.01,29.3827,13.8151,511.5,62.2,1496.359, NAN, 27.150, NAN, NAN,,2024/04/18 01:45:49.063,2024-04-18 01:45:49.063000+00:00
2024/04/18, 01:46:49.063,35.944,-75.315, NAN,85.7,86.32,5.02,18.1,18.2,1014.9,1014.9,0.0,0.0,85.13,78.53,118,115,7.0,6.8,89.5,89.5,8.5,8.2,219.5,217.5,1017.0,1017.0,-5.65,394.25,-0.01,29.3852,13.8543,510.8,62.3,1496.492, NAN, 26.640, NAN, NAN,,2024/04/18 01:46:49.063,2024-04-18 01:46:49.063000+00:00
2024/04/18, 01:47:49.063,35.944,-75.313, NAN,86.31,89.54,5.21,18.0,18.1,1014.9,1014.8,0.0,0.0,85.13,78.53,120,115,7.1,6.9,88.3,88.3,8.7,8.3,222.0,218.4,1017.0,1016.9,-5.84,393.69,-0.01,29.3275,13.8812,512.1,62.3,1496.513, NAN, 25.760, NAN, NAN,,2024/04/18 01:47:49.063,2024-04-18 01:47:49.063000+00:00
2024/04/18, 01:48:49.063,35.944,-75.311, NAN,85.82,89.26,5.06,17.9,18.0,1014.7,1014.7,0.0,0.0,85.13,78.53,120,116,7.4,7.1,89.6,89.2,8.9,8.4,221.1,218.4,1016.8,1016.8,-5.87,393.01,-0.01,29.2751,13.8998,510.2,62.3,1496.514, NAN, 24.910, NAN, NAN,,2024/04/18 01:48:49.063,2024-04-18 01:48:49.063000+00:00
2024/04/18, 01:49:49.063,35.944,-75.309, NAN,86.63,88.9,5.07,18.0,18.0,1014.7,1014.7,0.0,0.0,85.13,78.53,120,118,7.2,7.1,89.8,89.9,8.7,8.6,221.9,220.5,1016.8,1016.8,-5.78,392.29,-0.01,29.223,13.9102,510.8,62.3,1496.487, NAN, 24.760, NAN, NAN,,2024/04/18 01:49:49.063,2024-04-18 01:49:49.063000+00:00
2024/04/18, 01:50:49.063,35.944,-75.308, NAN,87.45,90.75,5.01,18.0,18.0,1014.7,1014.7,0.0,0.0,85.13,78.53,116,114,7.2,6.8,89.8,89.7,8.6,8.1,219.4,218.6,1016.8,1016.8,-5.74,392.28,-0.01,29.1732,13.9239,510.2,62.2,1496.474, NAN, 24.920, NAN, NAN,,2024/04/18 01:50:49.063,2024-04-18 01:50:49.063000+00:00
2024/04/18, 01:51:49.064,35.944,-75.306, NAN,86.9,95.36,5.0,18.0,18.0,1014.7,1014.7,0.0,0.0,85.13,78.53,117,113,7.3,7.1,89.7,89.5,8.6,8.2,220.1,217.2,1016.8,1016.8,-5.79,392.97,-0.0,29.1491,13.9389,510.8,62.2,1496.495, NAN, 24.810, NAN, NAN,,2024/04/18 01:51:49.064,2024-04-18 01:51:49.064000+00:00
2024/04/18, 01:52:49.064,35.944,-75.304, NAN,87.26,95.59,5.0,18.0,18.1,1014.6,1014.6,0.0,0.0,85.13,78.53,118,116,7.4,7.1,90.0,89.8,8.7,8.4,221.0,219.9,1016.7,1016.7,-5.71,392.79,-0.0,29.1503,13.9518,511.8,62.3,1496.539, NAN, 25.280, NAN, NAN,,2024/04/18 01:52:49.064,2024-04-18 01:52:49.064000+00:00
2024/04/18, 01:53:49.064,35.944,-75.303, NAN,86.9,89.95,4.99,18.0,18.1,1014.5,1014.6,0.0,0.0,85.13,78.53,119,116,7.2,7.0,90.0,89.9,8.6,8.3,221.4,219.3,1016.6,1016.7,-5.69,393.33,-0.01,29.1323,13.9536,512.9,62.3,1496.524, NAN, 24.950, NAN, NAN,,2024/04/18 01:53:49.064,2024-04-18 01:53:49.064000+00:00
2024/04/18, 01:54:49.064,35.944,-75.301, NAN,86.05,87.7,5.04,18.1,18.1,1014.5,1014.6,0.0,0.0,85.13,78.53,120,114,7.1,6.7,90.1,90.0,8.6,8.0,221.6,217.6,1016.6,1016.7,-5.67,393.04,-0.01,29.1173,13.9358,512.6,62.2,1496.448, NAN, 24.280, NAN, NAN,,2024/04/18 01:54:49.064,2024-04-18 01:54:49.064000+00:00
2024/04/18, 01:55:49.064,35.944,-75.299, NAN,85.89,86.13,5.15,18.1,18.2,1014.7,1014.7,0.0,0.0,85.13,78.53,121,117,7.1,6.8,90.2,89.5,8.7,8.3,222.0,219.4,1016.8,1016.8,-5.73,394.03,-0.01,29.0888,13.9093,512.1,62.2,1496.327, NAN, 25.170, NAN, NAN,,2024/04/18 01:55:49.064,2024-04-18 01:55:49.064000+00:00
2024/04/18, 01:56:49.064,35.944,-75.297, NAN,85.52,88.91,5.29,18.1,18.2,1014.5,1014.5,0.0,0.0,85.13,78.53,120,118,7.3,7.1,89.8,89.6,8.8,8.6,221.5,220.3,1016.6,1016.6,-5.6,394.33,-0.01,29.0649,13.873,511.2,62.3,1496.179, NAN, 25.320, NAN, NAN,,2024/04/18 01:56:49.064,2024-04-18 01:56:49.064000+00:00
2024/04/18, 01:57:49.064,35.945,-75.296, NAN,87.81,90.65,5.14,18.1,18.2,1014.4,1014.5,0.0,0.0,85.13,78.53,119,115,7.4,6.7,89.4,89.3,8.9,8.1,222.2,220.3,1016.5,1016.6,-5.56,395.27,-0.01,29.0489,13.8729,512.1,62.3,1496.159, NAN, 24.440, NAN, NAN,,2024/04/18 01:57:49.064,2024-04-18 01:57:49.064000+00:00
2024/04/18, 01:58:49.064,35.945,-75.294, NAN,87.38,86.32,5.03,18.0,18.1,1014.5,1014.5,0.0,0.0,85.13,78.53,120,116,7.4,7.6,89.5,89.4,8.9,9.0,222.2,218.7,1016.6,1016.6,-5.65,395.61,-0.01,29.0338,13.8997,511.8,62.3,1496.23, NAN, 25.040, NAN, NAN,,2024/04/18 01:58:49.064,2024-04-18 01:58:49.064000+00:00
2024/04/18, 01:59:49.064,35.945,-75.292, NAN,86.19,82.34,4.34,18.0,18.1,1014.5,1014.5,0.0,0.0,85.13,78.53,132,134,7.9,7.3,89.8,89.7,9.6,9.1,227.5,229.7,1016.6,1016.6,-5.67,396.59,-0.01,29.0119,13.9399,512.6,62.2,1496.338, NAN, 26.400, NAN, NAN,,2024/04/18 01:59:49.064,2024-04-18 01:59:49.064000+00:00
2024/04/18, 02:00:49.064,35.944,-75.291, NAN,166.75,125.28,2.69,18.0,18.1,1014.5,1014.5,0.0,0.0,85.13,78.53,61,68,10.7,10.1,89.8,89.6,10.8,10.3,235.1,242.4,1016.6,1016.6,-5.67,398.75,-0.01,28.9867,13.9736,512.3,62.2,1496.42, NAN, 26.010, NAN, NAN,,2024/04/18 02:00:49.064,2024-04-18 02:00:49.064000+00:00
2024/04/18, 02:01:49.064,35.944,-75.291, NAN,229.03,192.38,1.9,18.1,18.1,1014.5,1014.5,0.0,0.0,85.13,78.53,1,2,10.4,10.3,91.4,91.3,9.6,9.5,233.1,234.2,1016.6,1016.6,-5.71,401.22,-0.01,28.9576,14.0008,511.2,62.0,1496.475, NAN, 25.620, NAN, NAN,,2024/04/18 02:01:49.064,2024-04-18 02:01:49.064000+00:00
2024/04/18, 02:02:49.064,35.944,-75.292, NAN,266.88,281.28,1.99,18.1,18.3,1014.4,1014.4,0.0,0.0,85.13,78.53,311,312,10.6,11.8,91.6,92.3,10.1,11.3,213.0,214.5,1016.5,1016.5,-5.51,400.73,-0.01,28.9273,14.0126,511.8,62.0,1496.479, NAN, 25.890, NAN, NAN,,2024/04/18 02:02:49.064,2024-04-18 02:02:49.064000+00:00
2024/04/18, 02:03:49.064,35.944,-75.293, NAN,266.16,269.67,3.28,18.6,18.6,1014.5,1014.4,0.0,0.0,85.13,78.53,313,311,10.7,12.3,91.1,91.0,9.7,11.4,211.4,210.3,1016.6,1016.5,-5.36,400.32,-0.01,28.8976,14.0108,511.5,61.8,1496.438, NAN, 26.370, NAN, NAN,,2024/04/18 02:03:49.064,2024-04-18 02:03:49.064000+00:00
2024/04/18, 02:04:49.064,35.944,-75.294, NAN,264.17,272.61,3.96,18.7,18.6,1014.5,1014.4,0.0,0.0,85.13,78.53,318,315,11.2,12.3,89.3,90.9,9.9,11.1,213.5,211.1,1016.6,1016.5,-5.3,398.86,-0.01,28.8746,13.9826,512.1,61.8,1496.318, NAN, 25.760, NAN, NAN,,2024/04/18 02:04:49.064,2024-04-18 02:04:49.064000+00:00
2024/04/18, 02:05:49.064,35.943,-75.295, NAN,266.28,268.69,4.31,18.7,18.7,1014.5,1014.3,0.0,0.0,85.13,78.53,315,313,10.9,12.6,88.0,88.1,9.6,11.4,211.1,210.5,1016.6,1016.4,-5.16,399.24,-0.0,28.8642,13.9555,512.3,61.6,1496.216, NAN, 24.200, NAN, NAN,,2024/04/18 02:05:49.064,2024-04-18 02:05:49.064000+00:00
2024/04/18, 02:06:49.064,35.943,-75.297, NAN,267.69,268.02,4.65,18.7,18.7,1014.5,1014.5,0.0,0.0,85.13,78.53,315,313,10.8,12.2,88.5,88.5,9.3,10.7,212.1,211.2,1016.6,1016.6,-5.24,399.86,-0.01,28.869,13.9216,512.9,61.7,1496.11, NAN, 24.610, NAN, NAN,,2024/04/18 02:06:49.064,2024-04-18 02:06:49.064000+00:00
2024/04/18, 02:07:49.065,35.943,-75.298, NAN,267.98,266.38,4.78,18.7,18.7,1014.5,1014.4,0.0,0.0,85.13,78.53,317,314,10.8,12.0,88.8,89.0,9.2,10.5,214.1,211.9,1016.6,1016.5,-5.31,398.36,-0.0,28.8918,13.8401,512.3,61.9,1495.867, NAN, 25.220, NAN, NAN,,2024/04/18 02:07:49.065,2024-04-18 02:07:49.065000+00:00
2024/04/18, 02:08:49.065,35.943,-75.3, NAN,267.92,265.73,4.94,18.7,18.7,1014.5,1014.4,0.0,0.0,85.13,78.53,318,316,10.6,11.9,87.4,87.6,8.8,10.1,215.4,214.4,1016.6,1016.5,-5.35,397.23,-0.01,28.909,13.8123,512.1,62.0,1495.795, NAN, 25.120, NAN, NAN,,2024/04/18 02:08:49.065,2024-04-18 02:08:49.065000+00:00
2024/04/18, 02:09:49.065,35.943,-75.302, NAN,268.55,270.77,4.93,18.6,18.6,1014.5,1014.4,0.0,0.0,85.13,78.53,316,315,10.5,11.6,87.2,87.3,8.9,10.0,212.9,213.0,1016.6,1016.5,-5.39,397.18,-0.01,28.9332,13.8296,511.8,62.0,1495.88, NAN, 24.270, NAN, NAN,,2024/04/18 02:09:49.065,2024-04-18 02:09:49.065000+00:00
2024/04/18, 02:10:49.065,35.943,-75.303, NAN,268.3,274.36,5.02,18.5,18.5,1014.5,1014.5,0.0,0.0,85.13,78.53,317,314,10.6,11.9,87.7,87.9,9.0,10.4,213.3,211.4,1016.6,1016.6,-5.51,396.72,-0.0,28.9707,13.8686,511.8,62.0,1496.054, NAN, 25.340, NAN, NAN,,2024/04/18 02:10:49.065,2024-04-18 02:10:49.065000+00:00
2024/04/18, 02:11:49.065,35.943,-75.305, NAN,270.77,272.26,5.07,18.4,18.4,1014.4,1014.3,0.0,0.0,85.13,78.53,317,315,10.4,11.9,88.0,88.0,8.7,10.2,215.8,215.3,1016.5,1016.4,-5.6,396.08,-0.01,28.9935,13.9042,510.5,62.0,1496.198, NAN, 25.740, NAN, NAN,,2024/04/18 02:11:49.065,2024-04-18 02:11:49.065000+00:00
2024/04/18, 02:12:49.065,35.943,-75.307, NAN,269.42,267.46,5.1,18.3,18.3,1014.5,1014.3,0.0,0.0,85.13,78.53,316,314,10.5,11.7,88.1,88.2,8.8,10.0,213.6,212.7,1016.6,1016.4,-5.56,396.88,-0.01,29.0066,13.9256,511.2,62.0,1496.284, NAN, 24.720, NAN, NAN,,2024/04/18 02:12:49.065,2024-04-18 02:12:49.065000+00:00
2024/04/18, 02:13:49.065,35.943,-75.309, NAN,269.56,271.49,5.13,18.3,18.3,1014.4,1014.3,0.0,0.0,85.13,78.53,317,314,10.5,11.8,89.0,89.1,8.8,10.2,214.6,212.7,1016.5,1016.4,-5.64,396.78,-0.0,29.0137,13.9275,509.9,62.0,1496.299, NAN, 24.440, NAN, NAN,,2024/04/18 02:13:49.065,2024-04-18 02:13:49.065000+00:00
2024/04/18, 02:14:49.065,35.943,-75.31, NAN,270.09,272.49,5.13,18.3,18.3,1014.4,1014.3,0.0,0.0,85.13,78.53,317,314,10.6,12.1,88.9,89.3,8.9,10.5,215.3,213.5,1016.5,1016.4,-5.69,396.54,-0.01,29.019,13.9225,509.9,62.0,1496.289, NAN, 24.910, NAN, NAN,,2024/04/18 02:14:49.065,2024-04-18 02:14:49.065000+00:00
2024/04/18, 02:15:49.065,35.943,-75.312, NAN,268.45,270.1,4.98,18.3,18.4,1014.5,1014.3,0.0,0.0,85.13,78.53,318,315,10.9,12.6,89.0,89.2,9.2,11.0,215.4,213.7,1016.6,1016.4,-5.54,396.04,-0.01,29.0245,13.9129,507.8,62.1,1496.263, NAN, 25.470, NAN, NAN,,2024/04/18 02:15:49.065,2024-04-18 02:15:49.065000+00:00
2024/04/18, 02:16:49.065,35.943,-75.314, NAN,267.2,270.18,4.99,18.3,18.4,1014.5,1014.4,0.0,0.0,85.13,78.53,318,315,10.9,12.1,88.7,88.9,9.2,10.5,214.1,211.9,1016.6,1016.5,-5.53,395.99,-0.01,29.0324,13.8992,508.9,62.1,1496.227, NAN, 25.690, NAN, NAN,,2024/04/18 02:16:49.065,2024-04-18 02:16:49.065000+00:00
2024/04/18, 02:17:49.065,35.943,-75.316, NAN,268.5,268.73,5.04,18.3,18.3,1014.4,1014.3,0.0,0.0,85.13,78.53,317,315,11.0,12.2,88.6,88.7,9.3,10.5,214.5,213.5,1016.5,1016.4,-5.58,394.44,-0.01,29.0479,13.8865,506.2,62.1,1496.203, NAN, 26.920, NAN, NAN,,2024/04/18 02:17:49.065,2024-04-18 02:17:49.065000+00:00
2024/04/18, 02:18:49.065,35.943,-75.317, NAN,268.53,271.85,5.05,18.3,18.3,1014.4,1014.3,0.0,0.0,85.13,78.53,317,315,10.8,12.0,88.3,88.5,9.1,10.4,214.1,213.1,1016.5,1016.4,-5.61,394.07,-0.0,29.0683,13.8832,506.2,62.0,1496.216, NAN, 29.310, NAN, NAN,,2024/04/18 02:18:49.065,2024-04-18 02:18:49.065000+00:00
2024/04/18, 02:19:49.065,35.943,-75.319, NAN,268.46,270.33,5.02,18.2,18.2,1014.5,1014.3,0.0,0.0,85.13,78.53,316,314,11.3,12.1,88.2,88.4,9.6,10.4,213.9,212.4,1016.6,1016.4,-5.64,393.28,-0.0,29.0886,13.8796,506.2,61.9,1496.228, NAN, 27.890, NAN, NAN,,2024/04/18 02:19:49.065,2024-04-18 02:19:49.065000+00:00
2024/04/18, 02:20:49.065,35.943,-75.321, NAN,268.43,269.59,5.03,18.2,18.2,1014.5,1014.3,0.0,0.0,85.13,78.53,313,313,10.8,12.4,88.2,88.4,9.2,10.8,209.6,211.4,1016.6,1016.4,-5.61,392.47,-0.01,29.1154,13.8497,504.4,62.0,1496.161, NAN, 28.260, NAN, NAN,,2024/04/18 02:20:49.065,2024-04-18 02:20:49.065000+00:00
2024/04/18, 02:21:49.065,35.943,-75.322, NAN,268.31,275.35,5.0,18.1,18.2,1014.5,1014.4,0.0,0.0,85.13,78.53,309,308,11.0,12.7,88.3,88.5,9.7,11.4,204.9,205.6,1016.6,1016.5,-5.64,392.56,-0.0,29.1577,13.8264,503.5,62.0,1496.133, NAN, 30.590, NAN, NAN,,2024/04/18 02:21:49.065,2024-04-18 02:21:49.065000+00:00
2024/04/18, 02:22:49.065,35.943,-75.324, NAN,268.49,273.09,4.9,18.0,18.1,1014.4,1014.1,0.0,0.0,85.13,78.53,308,306,11.4,12.8,88.8,88.9,10.2,11.7,204.7,203.9,1016.5,1016.2,-5.72,392.22,-0.01,29.2009,13.7996,503.2,62.1,1496.095, NAN, 32.080, NAN, NAN,,2024/04/18 02:22:49.065,2024-04-18 02:22:49.065000+00:00
2024/04/18, 02:23:49.066,35.943,-75.326, NAN,268.77,273.38,4.94,18.0,18.0,1014.4,1014.2,0.0,0.0,85.13,78.53,309,307,11.4,12.7,89.0,89.1,10.1,11.5,206.1,205.2,1016.5,1016.3,-5.68,392.01,-0.01,29.234,13.7508,502.2,62.1,1495.972, NAN, 32.230, NAN, NAN,,2024/04/18 02:23:49.066,2024-04-18 02:23:49.066000+00:00
2024/04/18, 02:24:49.066,35.944,-75.327, NAN,272.01,284.3,3.36,18.0,18.0,1014.4,1014.1,0.0,0.0,85.13,78.53,293,290,11.5,12.4,88.9,89.1,11.3,12.3,196.4,194.0,1016.5,1016.2,-5.64,392.1,-0.01,29.2832,13.7495,501.1,62.1,1496.025, NAN, 32.500, NAN, NAN,,2024/04/18 02:24:49.066,2024-04-18 02:24:49.066000+00:00
2024/04/18, 02:25:49.066,35.944,-75.328, NAN,200.47,209.38,1.62,18.1,18.1,1014.4,1014.3,0.0,0.0,85.13,78.53,1,347,10.5,10.3,89.3,89.3,9.7,9.6,199.7,184.6,1016.5,1016.4,-5.49,391.28,-0.01,29.3263,13.7317,503.5,62.1,1496.016, NAN, 32.150, NAN, NAN,,2024/04/18 02:25:49.066,2024-04-18 02:25:49.066000+00:00
2024/04/18, 02:26:49.066,35.943,-75.328, NAN,134.98,151.02,1.47,18.1,18.2,1014.5,1014.1,0.0,0.0,85.13,78.53,63,52,10.9,11.0,89.2,89.5,10.4,10.4,201.1,189.5,1016.6,1016.2,-5.49,390.6,-0.01,29.3573,13.7197,501.1,62.1,1496.013, NAN, 32.290, NAN, NAN,,2024/04/18 02:26:49.066,2024-04-18 02:26:49.066000+00:00
2024/04/18, 02:27:49.066,35.943,-75.327, NAN,95.7,101.48,2.77,18.2,18.2,1014.1,1014.3,0.0,0.0,85.13,78.53,116,114,9.7,9.5,88.5,88.7,10.4,10.2,218.8,217.0,1016.2,1016.4,-5.34,388.71,-0.01,29.3735,13.6983,500.1,62.3,1495.961, NAN, 32.760, NAN, NAN,,2024/04/18 02:27:49.066,2024-04-18 02:27:49.066000+00:00
2024/04/18, 02:28:49.066,35.943,-75.326, NAN,92.81,96.83,3.9,18.1,18.2,1014.3,1014.3,0.0,0.0,85.13,78.53,114,111,9.8,9.0,87.8,88.0,10.7,9.8,216.9,215.0,1016.4,1016.4,-5.42,389.46,-0.01,29.3977,13.7052,501.1,62.2,1496.012, NAN, 32.690, NAN, NAN,,2024/04/18 02:28:49.066,2024-04-18 02:28:49.066000+00:00
2024/04/18, 02:29:49.066,35.943,-75.325, NAN,89.61,91.35,4.64,18.1,18.1,1014.3,1014.3,0.0,0.0,85.13,78.53,113,110,9.2,8.6,89.1,89.2,10.3,9.6,215.1,213.3,1016.4,1016.4,-5.56,388.72,-0.01,29.4083,13.6015,502.0,62.2,1495.68, NAN, 32.540, NAN, NAN,,2024/04/18 02:29:49.066,2024-04-18 02:29:49.066000+00:00
2024/04/18, 02:30:49.066,35.943,-75.323, NAN,89.57,90.56,4.93,18.1,18.1,1014.3,1014.3,0.0,0.0,85.13,78.53,113,109,9.4,8.7,89.1,89.2,10.6,9.8,215.4,212.8,1016.4,1016.4,-5.59,387.65,-0.01,29.4284,13.6282,501.4,62.4,1495.792, NAN, 31.250, NAN, NAN,,2024/04/18 02:30:49.066,2024-04-18 02:30:49.066000+00:00
2024/04/18, 02:31:49.066,35.943,-75.321, NAN,90.32,97.73,5.16,18.0,18.1,1014.3,1014.3,0.0,0.0,85.13,78.53,114,110,9.1,8.7,88.4,88.5,10.3,9.8,218.3,215.5,1016.4,1016.4,-5.56,387.77,-0.01,29.4804,13.6543,501.7,62.3,1495.94, NAN, 28.600, NAN, NAN,,2024/04/18 02:31:49.066,2024-04-18 02:31:49.066000+00:00
2024/04/18, 02:32:49.066,35.943,-75.32, NAN,89.34,91.25,5.36,18.0,18.1,1014.3,1014.3,0.0,0.0,85.13,78.53,112,109,8.3,8.3,88.6,88.5,9.6,9.5,217.0,214.5,1016.4,1016.4,-5.82,387.68,-0.0,29.5769,13.6802,502.0,62.2,1496.14, NAN, 27.980, NAN, NAN,,2024/04/18 02:32:49.066,2024-04-18 02:32:49.066000+00:00
2024/04/18, 02:33:49.066,35.943,-75.318, NAN,88.84,92.39,5.33,17.9,18.0,1014.4,1014.4,0.0,0.0,85.13,78.53,111,110,8.1,7.7,89.1,89.1,9.3,8.9,216.1,216.0,1016.5,1016.5,-5.9,387.19,-0.01,29.59,13.7006,502.8,62.2,1496.223, NAN, 27.380, NAN, NAN,,2024/04/18 02:33:49.066,2024-04-18 02:33:49.066000+00:00
2024/04/18, 02:34:49.066,35.943,-75.316, NAN,86.39,92.02,5.35,17.9,17.9,1014.4,1014.3,0.0,0.0,85.13,78.53,115,112,8.9,8.5,89.2,89.1,10.2,9.7,216.0,214.1,1016.5,1016.4,-5.98,387.68,-0.01,29.5452,13.7457,502.0,62.4,1496.32, NAN, 26.630, NAN, NAN,,2024/04/18 02:34:49.066,2024-04-18 02:34:49.066000+00:00
2024/04/18, 02:35:49.066,35.943,-75.314, NAN,85.79,92.3,5.21,17.9,17.9,1014.4,1014.3,0.0,0.0,85.13,78.53,120,113,8.4,8.4,89.7,89.6,9.9,9.6,219.9,214.1,1016.5,1016.4,-5.9,386.95,-0.01,29.4737,13.805,500.1,62.2,1496.433, NAN, 26.160, NAN, NAN,,2024/04/18 02:35:49.066,2024-04-18 02:35:49.066000+00:00
2024/04/18, 02:36:49.066,35.943,-75.312, NAN,85.46,88.94,5.16,17.8,17.9,1014.4,1014.4,0.0,0.0,85.13,78.53,119,118,10.2,9.5,88.8,88.9,11.6,10.9,216.2,216.1,1016.5,1016.5,-5.88,387.89,-0.01,29.4091,13.8292,500.1,62.2,1496.437, NAN, 25.330, NAN, NAN,,2024/04/18 02:36:49.066,2024-04-18 02:36:49.066000+00:00
2024/04/18, 02:37:49.066,35.943,-75.311, NAN,85.85,86.34,4.95,17.7,17.8,1014.4,1014.3,0.0,0.0,85.13,78.53,119,117,10.1,9.5,89.5,89.4,11.5,10.8,216.2,215.1,1016.5,1016.4,-5.83,387.85,-0.01,29.3487,13.8427,501.4,62.2,1496.411, NAN, 24.750, NAN, NAN,,2024/04/18 02:37:49.066,2024-04-18 02:37:49.066000+00:00
2024/04/18, 02:38:49.066,35.943,-75.309, NAN,86.79,86.79,5.11,17.6,17.7,1014.4,1014.3,0.0,0.0,85.13,78.53,118,113,10.1,9.6,89.9,89.7,11.5,10.8,216.6,212.8,1016.5,1016.4,-5.93,388.26,-0.01,29.2836,13.8529,501.7,62.1,1496.368, NAN, 25.140, NAN, NAN,,2024/04/18 02:38:49.066,2024-04-18 02:38:49.066000+00:00
2024/04/18, 02:39:49.067,35.943,-75.307, NAN,86.59,85.41,5.05,17.6,17.7,1014.3,1014.3,0.0,0.0,85.13,78.53,117,115,10.9,10.1,90.5,90.5,12.3,11.4,214.5,213.6,1016.4,1016.4,-5.87,388.29,-0.01,29.2569,13.8607,503.5,62.2,1496.363, NAN, 25.280, NAN, NAN,,2024/04/18 02:39:49.067,2024-04-18 02:39:49.067000+00:00
2024/04/18, 02:40:49.067,35.943,-75.306, NAN,89.89,86.16,4.97,17.7,17.7,1014.3,1014.2,0.0,0.0,85.13,78.53,115,113,10.9,10.7,90.5,90.5,12.2,12.0,215.7,214.1,1016.4,1016.3,-5.81,389.12,-0.01,29.2625,13.8662,505.1,62.3,1496.388, NAN, 24.850, NAN, NAN,,2024/04/18 02:40:49.067,2024-04-18 02:40:49.067000+00:00
2024/04/18, 02:41:49.067,35.943,-75.304, NAN,89.97,92.12,4.92,17.6,17.7,1014.3,1014.0,0.0,0.0,85.13,78.53,113,109,10.5,9.8,90.4,90.5,11.7,10.8,214.6,211.8,1016.4,1016.1,-5.79,389.03,-0.01,29.218,13.8765,504.8,62.3,1496.37, NAN, 24.690, NAN, NAN,,2024/04/18 02:41:49.067,2024-04-18 02:41:49.067000+00:00
2024/04/18, 02:42:49.067,35.943,-75.302, NAN,90.95,91.17,4.93,17.7,17.7,1014.3,1014.1,0.0,0.0,85.13,78.53,113,110,10.6,10.1,90.6,90.5,11.8,11.2,215.4,213.3,1016.4,1016.2,-5.83,389.51,-0.01,29.1738,13.8891,504.8,62.3,1496.359, NAN, 24.450, NAN, NAN,,2024/04/18 02:42:49.067,2024-04-18 02:42:49.067000+00:00
2024/04/18, 02:43:49.067,35.943,-75.301, NAN,90.83,89.91,5.08,17.7,17.8,1014.2,1014.0,0.0,0.0,85.13,78.53,112,110,10.7,10.3,90.3,90.2,12.0,11.5,214.3,212.9,1016.3,1016.1,-5.63,390.13,-0.01,29.1388,13.9056,505.1,62.3,1496.373, NAN, 25.410, NAN, NAN,,2024/04/18 02:43:49.067,2024-04-18 02:43:49.067000+00:00
2024/04/18, 02:44:49.067,35.943,-75.299, NAN,89.59,88.72,4.92,17.7,17.8,1014.0,1014.0,0.0,0.0,85.13,78.53,115,110,10.4,9.9,90.4,90.4,11.7,11.0,215.9,212.1,1016.1,1016.1,-5.72,390.74,-0.01,29.1103,13.9158,505.6,62.2,1496.373, NAN, 24.940, NAN, NAN,,2024/04/18 02:44:49.067,2024-04-18 02:44:49.067000+00:00
2024/04/18, 02:45:49.067,35.943,-75.297, NAN,89.41,87.11,5.02,17.7,17.8,1014.3,1014.1,0.0,0.0,85.13,78.53,116,111,10.6,9.6,90.6,90.5,12.0,10.8,216.5,213.2,1016.4,1016.2,-5.72,391.18,-0.01,29.0903,13.8827,504.8,62.4,1496.24, NAN, 24.580, NAN, NAN,,2024/04/18 02:45:49.067,2024-04-18 02:45:49.067000+00:00
2024/04/18, 02:46:49.067,35.943,-75.296, NAN,89.81,92.97,4.9,17.8,17.8,1014.3,1014.3,0.0,0.0,85.13,78.53,116,112,10.0,9.6,91.0,91.0,11.3,10.8,217.5,214.5,1016.4,1016.4,-5.59,391.08,-0.01,29.0718,13.8503,504.8,62.1,1496.111, NAN, 25.050, NAN, NAN,,2024/04/18 02:46:49.067,2024-04-18 02:46:49.067000+00:00
2024/04/18, 02:47:49.067,35.943,-75.294, NAN,89.31,91.04,4.83,17.9,17.9,1014.4,1014.3,0.0,0.0,85.13,78.53,117,115,9.5,8.9,90.4,90.7,10.8,10.2,218.2,217.2,1016.5,1016.4,-5.46,390.73,-0.01,29.0567,13.8363,503.8,62.0,1496.047, NAN, 26.260, NAN, NAN,,2024/04/18 02:47:49.067,2024-04-18 02:47:49.067000+00:00
2024/04/18, 02:48:49.067,35.943,-75.292, NAN,86.35,78.7,4.38,17.9,18.0,1014.4,1014.3,0.0,0.0,85.13,78.53,131,132,9.3,8.8,89.9,90.6,11.1,10.6,225.2,226.4,1016.5,1016.4,-5.47,390.17,-0.02,29.0402,13.8387,505.1,62.0,1496.036, NAN, 26.070, NAN, NAN,,2024/04/18 02:48:49.067,2024-04-18 02:48:49.067000+00:00
2024/04/18, 02:49:49.067,35.943,-75.291, NAN,163.1,121.93,2.64,17.9,18.0,1014.4,1014.4,0.0,0.0,85.13,78.53,61,66,10.6,10.1,89.3,89.5,10.6,10.2,231.4,236.7,1016.5,1016.5,-5.58,390.55,-0.02,29.0293,13.8514,505.9,62.1,1496.065, NAN, 25.410, NAN, NAN,,2024/04/18 02:49:49.067,2024-04-18 02:49:49.067000+00:00
2024/04/18, 02:50:49.067,35.942,-75.291, NAN,221.88,200.48,1.89,17.9,18.0,1014.4,1014.3,0.0,0.0,85.13,78.53,4,356,10.2,9.9,90.0,89.7,9.3,8.9,227.8,219.0,1016.5,1016.4,-5.6,390.34,-0.02,29.0099,13.8662,505.9,61.6,1496.092, NAN, 24.920, NAN, NAN,,2024/04/18 02:50:49.067,2024-04-18 02:50:49.067000+00:00
2024/04/18, 02:51:49.067,35.942,-75.292, NAN,275.19,265.6,2.03,17.9,18.0,1014.4,1014.4,0.0,0.0,85.13,78.53,302,299,9.8,10.8,89.7,89.5,9.2,10.2,212.1,209.4,1016.5,1016.5,-5.6,390.18,-0.02,28.9865,13.8796,505.4,61.6,1496.108, NAN, 25.270, NAN, NAN,,2024/04/18 02:51:49.067,2024-04-18 02:51:49.067000+00:00
2024/04/18, 02:52:49.067,35.942,-75.293, NAN,269.22,272.14,3.06,17.9,18.0,1014.5,1014.5,0.0,0.0,85.13,78.53,307,307,10.2,11.4,89.6,89.9,9.4,10.6,208.2,209.1,1016.6,1016.6,-5.64,390.42,-0.02,28.9647,13.8777,505.9,61.6,1496.077, NAN, 25.710, NAN, NAN,,2024/04/18 02:52:49.067,2024-04-18 02:52:49.067000+00:00
2024/04/18, 02:53:49.067,35.942,-75.294, NAN,263.82,259.75,3.86,17.9,18.0,1014.5,1014.5,0.0,0.0,85.13,78.53,317,314,10.5,11.8,90.0,89.9,9.1,10.5,212.3,210.0,1016.6,1016.6,-5.58,390.7,-0.02,28.9521,13.8395,506.2,61.8,1495.935, NAN, 26.330, NAN, NAN,,2024/04/18 02:53:49.067,2024-04-18 02:53:49.067000+00:00
2024/04/18, 02:54:49.068,35.942,-75.295, NAN,263.6,267.56,4.34,18.0,18.0,1014.5,1014.3,0.0,0.0,85.13,78.53,317,315,11.1,12.3,89.8,89.9,9.7,10.9,211.0,209.8,1016.6,1016.4,-5.6,391.13,-0.01,28.9448,13.8209,505.9,61.8,1495.865, NAN, 26.680, NAN, NAN,,2024/04/18 02:54:49.068,2024-04-18 02:54:49.068000+00:00
2024/04/18, 02:55:49.068,35.942,-75.297, NAN,265.77,272.69,4.59,17.9,18.0,1014.5,1014.3,0.0,0.0,85.13,78.53,316,313,10.8,12.1,89.6,89.8,9.4,10.8,210.8,208.8,1016.6,1016.4,-5.56,390.99,-0.02,28.9459,13.8127,507.2,61.7,1495.839, NAN, 24.750, NAN, NAN,,2024/04/18 02:55:49.068,2024-04-18 02:55:49.068000+00:00
2024/04/18, 02:56:49.068,35.942,-75.298, NAN,266.83,266.99,4.92,17.9,17.9,1014.5,1014.4,0.0,0.0,85.13,78.53,315,313,11.0,12.0,89.3,89.4,9.4,10.5,210.7,209.5,1016.6,1016.5,-5.65,391.02,-0.02,28.9686,13.8112,506.2,61.8,1495.861, NAN, 24.230, NAN, NAN,,2024/04/18 02:56:49.068,2024-04-18 02:56:49.068000+00:00
2024/04/18, 02:57:49.068,35.942,-75.3, NAN,267.83,273.11,5.03,17.9,17.9,1014.4,1014.3,0.0,0.0,85.13,78.53,311,310,10.8,12.2,89.5,89.5,9.4,10.8,206.4,206.9,1016.5,1016.4,-5.7,392.16,-0.01,28.976,13.8355,507.2,61.9,1495.95, NAN, 25.070, NAN, NAN,,2024/04/18 02:57:49.068,2024-04-18 02:57:49.068000+00:00
2024/04/18, 02:58:49.068,35.942,-75.302, NAN,267.83,271.35,4.99,17.8,17.9,1014.5,1014.3,0.0,0.0,85.13,78.53,309,308,11.0,12.2,90.1,90.2,9.7,10.9,204.5,204.8,1016.6,1016.4,-5.63,393.35,-0.02,28.9888,13.8363,505.4,61.8,1495.968, NAN, 25.230, NAN, NAN,,2024/04/18 02:58:49.068,2024-04-18 02:58:49.068000+00:00
2024/04/18, 02:59:49.068,35.942,-75.304, NAN,267.59,277.49,5.08,17.9,17.9,1014.5,1014.3,0.0,0.0,85.13,78.53,310,308,11.4,13.0,90.7,90.8,10.2,11.8,205.3,204.8,1016.6,1016.4,-5.62,394.37,-0.01,29.0052,13.8142,505.1,61.8,1495.914, NAN, 25.170, NAN, NAN,,2024/04/18 02:59:49.068,2024-04-18 02:59:49.068000+00:00
2024/04/18, 03:00:49.068,35.942,-75.305, NAN,268.54,268.05,5.1,18.0,18.0,1014.5,1014.3,0.0,0.0,85.13,78.53,309,308,10.9,12.6,90.7,90.9,9.5,11.2,205.1,205.9,1016.6,1016.4,-5.51,393.4,-0.01,29.0224,13.8064,504.1,61.9,1495.908, NAN, 24.840, NAN, NAN,,2024/04/18 03:00:49.068,2024-04-18 03:00:49.068000+00:00
2024/04/18, 03:01:49.068,35.942,-75.307, NAN,268.94,268.49,5.1,18.0,18.0,1014.4,1014.3,0.0,0.0,85.13,78.53,309,307,11.0,12.1,89.6,89.9,9.6,10.8,205.5,204.5,1016.5,1016.4,-5.51,394.41,-0.01,29.0407,13.799,503.2,61.9,1495.905, NAN, 24.410, NAN, NAN,,2024/04/18 03:01:49.068,2024-04-18 03:01:49.068000+00:00
2024/04/18, 03:02:49.068,35.942,-75.309, NAN,268.7,267.54,5.23,17.9,17.9,1014.4,1014.3,0.0,0.0,85.13,78.53,306,305,10.7,12.0,89.7,89.8,9.4,10.7,201.2,201.8,1016.5,1016.4,-5.58,394.24,-0.01,29.057,13.8135,503.2,61.9,1495.972, NAN, 24.910, NAN, NAN,,2024/04/18 03:02:49.068,2024-04-18 03:02:49.068000+00:00
2024/04/18, 03:03:49.068,35.942,-75.311, NAN,269.0,273.66,5.22,17.9,17.9,1014.4,1014.2,0.0,0.0,85.13,78.53,305,305,10.4,12.0,90.1,90.1,9.2,10.8,199.8,201.9,1016.5,1016.3,-5.66,394.55,-0.02,29.0702,13.814,503.5,61.8,1495.989, NAN, 25.160, NAN, NAN,,2024/04/18 03:03:49.068,2024-04-18 03:03:49.068000+00:00
2024/04/18, 03:04:49.068,35.942,-75.312, NAN,268.93,273.91,5.24,17.9,17.9,1014.4,1014.3,0.0,0.0,85.13,78.53,306,306,10.2,11.7,90.2,90.4,9.0,10.5,200.4,202.4,1016.5,1016.4,-5.61,394.39,-0.01,29.0804,13.808,502.0,61.5,1495.981, NAN, 25.320, NAN, NAN,,2024/04/18 03:04:49.068,2024-04-18 03:04:49.068000+00:00
2024/04/18, 03:05:49.068,35.942,-75.314, NAN,268.65,271.32,5.12,17.9,17.8,1014.3,1014.1,0.0,0.0,85.13,78.53,307,307,10.1,11.5,90.2,90.4,8.9,10.2,201.5,203.4,1016.4,1016.2,-5.63,393.77,-0.01,29.0889,13.8108,499.8,61.0,1496.0, NAN, 25.980, NAN, NAN,,2024/04/18 03:05:49.068,2024-04-18 03:05:49.068000+00:00
2024/04/18, 03:06:49.068,35.942,-75.316, NAN,268.5,267.77,5.16,17.8,17.8,1014.4,1014.1,0.0,0.0,85.13,78.53,311,309,9.9,11.5,89.9,90.1,8.4,10.0,205.9,205.8,1016.5,1016.2,-5.65,393.41,-0.01,29.1132,13.8152,499.5,61.0,1496.044, NAN, 26.840, NAN, NAN,,2024/04/18 03:06:49.068,2024-04-18 03:06:49.068000+00:00
2024/04/18, 03:07:49.068,35.942,-75.318, NAN,267.99,272.93,5.23,17.7,17.8,1014.4,1014.3,0.0,0.0,85.13,78.53,311,309,10.2,11.8,90.4,90.4,8.8,10.5,205.0,204.9,1016.5,1016.4,-5.67,393.35,-0.01,29.1455,13.8026,499.2,61.0,1496.04, NAN, 27.470, NAN, NAN,,2024/04/18 03:07:49.068,2024-04-18 03:07:49.068000+00:00
2024/04/18, 03:08:49.068,35.942,-75.32, NAN,267.44,271.48,5.18,17.7,17.7,1014.4,1014.2,0.0,0.0,85.13,78.53,311,309,9.7,11.3,90.7,90.9,8.4,10.0,203.7,203.9,1016.5,1016.3,-5.81,392.86,-0.01,29.1788,13.7652,500.1,60.8,1495.955, NAN, 27.570, NAN, NAN,,2024/04/18 03:08:49.068,2024-04-18 03:08:49.068000+00:00
2024/04/18, 03:09:49.068,35.942,-75.321, NAN,265.36,268.65,5.21,17.7,17.7,1014.3,1014.2,0.0,0.0,85.13,78.53,314,313,10.0,11.1,90.8,91.0,8.5,9.6,205.5,206.0,1016.4,1016.3,-5.81,391.88,-0.01,29.2141,13.7289,496.8,61.2,1495.875, NAN, 28.800, NAN, NAN,,2024/04/18 03:09:49.068,2024-04-18 03:09:49.068000+00:00
2024/04/18, 03:10:49.069,35.942,-75.323, NAN,265.83,265.45,5.19,17.6,17.6,1014.4,1014.1,0.0,0.0,85.13,78.53,316,314,9.9,11.3,90.9,91.1,8.2,9.6,208.7,208.3,1016.5,1016.2,-5.83,391.56,-0.01,29.2474,13.707,495.8,61.4,1495.842, NAN, 31.340, NAN, NAN,,2024/04/18 03:10:49.069,2024-04-18 03:10:49.069000+00:00
2024/04/18, 03:11:49.069,35.942,-75.325, NAN,266.12,269.38,5.15,17.6,17.6,1014.4,1014.1,0.0,0.0,85.13,78.53,315,313,9.9,11.0,91.1,91.2,8.4,9.5,207.6,206.9,1016.5,1016.2,-5.78,390.68,-0.01,29.286,13.6678,496.1,61.4,1495.757, NAN, 32.190, NAN, NAN,,2024/04/18 03:11:49.069,2024-04-18 03:11:49.069000+00:00
2024/04/18, 03:12:49.069,35.942,-75.327, NAN,280.91,285.5,4.24,17.6,17.6,1014.4,1014.3,0.0,0.0,85.13,78.53,297,298,10.3,10.6,91.1,91.2,9.6,9.9,205.9,207.3,1016.5,1016.4,-5.83,389.92,-0.01,29.3208,13.6421,495.3,61.7,1495.712, NAN, 32.490, NAN, NAN,,2024/04/18 03:12:49.069,2024-04-18 03:12:49.069000+00:00
2024/04/18, 03:13:49.069,35.942,-75.328, NAN,207.96,213.41,1.92,17.6,17.5,1014.4,1014.3,0.0,0.0,85.13,78.53,357,342,10.2,9.7,91.0,91.1,9.3,8.9,203.3,186.7,1016.5,1016.4,-5.84,389.9,-0.01,29.3674,13.682,495.3,60.8,1495.9, NAN, 32.370, NAN, NAN,,2024/04/18 03:13:49.069,2024-04-18 03:13:49.069000+00:00
2024/04/18, 03:14:49.069,35.941,-75.328, NAN,136.58,153.57,1.43,17.5,17.5,1014.5,1014.4,0.0,0.0,85.13,78.53,66,54,10.2,10.5,91.0,91.3,9.7,9.9,205.9,193.2,1016.6,1016.5,-5.95,390.19,-0.01,29.4219,13.7318,496.4,61.0,1496.129, NAN, 32.500, NAN, NAN,,2024/04/18 03:14:49.069,2024-04-18 03:14:49.069000+00:00
2024/04/18, 03:15:49.069,35.941,-75.327, NAN,97.04,93.26,2.87,17.5,17.5,1014.4,1014.4,0.0,0.0,85.13,78.53,114,113,9.3,9.1,91.7,91.9,10.1,9.8,218.5,217.7,1016.5,1016.5,-5.92,390.08,-0.02,29.4532,13.7201,494.7,60.4,1496.127, NAN, 32.550, NAN, NAN,,2024/04/18 03:15:49.069,2024-04-18 03:15:49.069000+00:00
2024/04/18, 03:16:49.069,35.941,-75.326, NAN,92.08,89.29,3.86,17.4,17.5,1014.3,1014.3,0.0,0.0,85.13,78.53,113,109,8.6,8.5,91.8,92.0,9.6,9.4,215.9,212.5,1016.4,1016.4,-5.91,389.12,-0.02,29.4854,13.685,494.0,60.6,1496.048, NAN, 32.370, NAN, NAN,,2024/04/18 03:16:49.069,2024-04-18 03:16:49.069000+00:00
2024/04/18, 03:17:49.069,35.941,-75.324, NAN,89.41,88.29,4.61,17.4,17.5,1014.3,1014.3,0.0,0.0,85.13,78.53,113,108,8.5,8.0,91.7,92.0,9.7,9.0,215.5,211.9,1016.4,1016.4,-5.96,388.92,-0.02,29.5092,13.661,494.7,61.1,1495.996, NAN, 32.340, NAN, NAN,,2024/04/18 03:17:49.069,2024-04-18 03:17:49.069000+00:00
2024/04/18, 03:18:49.069,35.941,-75.323, NAN,87.62,88.13,5.05,17.4,17.4,1014.3,1014.3,0.0,0.0,85.13,78.53,111,108,8.5,8.0,91.5,91.5,9.7,9.1,213.1,211.4,1016.4,1016.4,-5.96,389.61,-0.01,29.5154,13.6155,495.3,60.4,1495.852, NAN, 29.530, NAN, NAN,,2024/04/18 03:18:49.069,2024-04-18 03:18:49.069000+00:00
2024/04/18, 03:19:49.069,35.941,-75.321, NAN,89.28,92.69,5.14,17.4,17.4,1014.3,1014.2,0.0,0.0,85.13,78.53,110,107,8.7,7.7,91.8,91.9,9.8,8.8,214.1,213.2,1016.4,1016.3,-5.97,389.74,-0.01,29.5242,13.6321,494.4,61.1,1495.918, NAN, 27.870, NAN, NAN,,2024/04/18 03:19:49.069,2024-04-18 03:19:49.069000+00:00
2024/04/18, 03:20:49.069,35.941,-75.319, NAN,89.81,90.53,5.36,17.3,17.4,1014.3,1014.3,0.0,0.0,85.13,78.53,110,107,8.3,7.9,91.6,91.5,9.5,9.0,215.7,213.9,1016.4,1016.4,-5.97,390.18,-0.01,29.5357,13.6473,494.4,61.2,1495.982, NAN, 27.640, NAN, NAN,,2024/04/18 03:20:49.069,2024-04-18 03:20:49.069000+00:00
2024/04/18, 03:21:49.069,35.941,-75.317, NAN,88.63,86.4,5.57,17.3,17.3,1014.3,1014.3,0.0,0.0,85.13,78.53,112,109,7.8,7.6,91.9,91.9,9.3,9.0,217.2,215.2,1016.4,1016.4,-6.02,390.52,-0.01,29.5142,13.6695,493.7,60.9,1496.03, NAN, 27.750, NAN, NAN,,2024/04/18 03:21:49.069,2024-04-18 03:21:49.069000+00:00
2024/04/18, 03:22:49.069,35.941,-75.316, NAN,88.03,92.29,5.44,17.3,17.3,1014.4,1014.3,0.0,0.0,85.13,78.53,113,109,7.9,7.5,92.0,92.1,9.2,8.7,217.5,215.0,1016.5,1016.4,-6.02,390.67,-0.01,29.4701,13.6827,494.7,60.9,1496.022, NAN, 26.670, NAN, NAN,,2024/04/18 03:22:49.069,2024-04-18 03:22:49.069000+00:00
2024/04/18, 03:23:49.069,35.941,-75.314, NAN,88.7,89.3,5.49,17.3,17.3,1014.4,1014.3,0.0,0.0,85.13,78.53,112,109,7.9,7.5,92.4,92.5,9.3,8.8,217.0,215.3,1016.5,1016.4,-5.92,390.78,-0.01,29.4313,13.7083,495.3,60.6,1496.062, NAN, 25.800, NAN, NAN,,2024/04/18 03:23:49.069,2024-04-18 03:23:49.069000+00:00
2024/04/18, 03:24:49.069,35.941,-75.312, NAN,88.97,94.51,5.27,17.3,17.4,1014.3,1014.2,0.0,0.0,85.13,78.53,111,108,8.0,7.9,92.5,92.5,9.2,9.0,216.0,213.7,1016.4,1016.3,-5.88,390.87,-0.01,29.4019,13.7234,494.7,60.8,1496.078, NAN, 25.390, NAN, NAN,,2024/04/18 03:24:49.069,2024-04-18 03:24:49.069000+00:00
2024/04/18, 03:25:49.069,35.941,-75.31, NAN,88.92,93.32,5.43,17.3,17.4,1014.3,1014.3,0.0,0.0,85.13,78.53,109,107,8.1,7.3,92.1,92.2,9.3,8.4,214.7,214.7,1016.4,1016.4,-5.86,390.35,-0.01,29.3809,13.7522,498.0,61.1,1496.149, NAN, 24.780, NAN, NAN,,2024/04/18 03:25:49.069,2024-04-18 03:25:49.069000+00:00
2024/04/18, 03:26:49.070,35.941,-75.308, NAN,88.57,86.65,5.46,17.2,17.3,1014.3,1014.2,0.0,0.0,85.13,78.53,108,106,7.5,7.8,91.6,91.4,8.8,9.0,214.1,211.9,1016.4,1016.3,-5.87,390.89,-0.01,29.3681,13.7566,498.4,61.2,1496.148, NAN, 24.960, NAN, NAN,,2024/04/18 03:26:49.070,2024-04-18 03:26:49.070000+00:00
2024/04/18, 03:27:49.070,35.941,-75.306, NAN,89.38,92.18,5.4,17.2,17.2,1014.3,1014.3,0.0,0.0,85.13,78.53,110,109,7.9,7.6,91.8,91.8,9.2,8.9,216.0,215.7,1016.4,1016.4,-5.96,391.46,-0.01,29.3186,13.7626,496.8,61.5,1496.11, NAN, 25.360, NAN, NAN,,2024/04/18 03:27:49.070,2024-04-18 03:27:49.070000+00:00
2024/04/18, 03:28:49.070,35.941,-75.305, NAN,88.95,92.07,5.39,17.1,17.2,1014.3,1014.3,0.0,0.0,85.13,78.53,113,110,7.9,7.5,92.1,91.7,9.2,8.7,218.2,216.5,1016.4,1016.4,-6.07,392.95,-0.01,29.2648,13.7789,497.1,61.5,1496.101, NAN, 25.300, NAN, NAN,,2024/04/18 03:28:49.070,2024-04-18 03:28:49.070000+00:00
2024/04/18, 03:29:49.070,35.941,-75.303, NAN,88.56,92.27,5.6,17.1,17.1,1014.3,1014.3,0.0,0.0,85.13,78.53,115,111,7.5,7.0,92.9,92.9,9.0,8.4,220.7,218.6,1016.4,1016.4,-6.01,393.45,-0.01,29.2171,13.7917,497.7,61.5,1496.087, NAN, 25.340, NAN, NAN,,2024/04/18 03:29:49.070,2024-04-18 03:29:49.070000+00:00
2024/04/18, 03:30:49.070,35.941,-75.301, NAN,89.94,89.73,5.47,17.1,17.2,1014.3,1014.3,0.0,0.0,85.13,78.53,113,110,7.2,6.9,93.2,93.1,8.7,8.3,220.2,218.5,1016.4,1016.4,-5.97,393.88,-0.01,29.178,13.8115,497.7,61.5,1496.107, NAN, 25.110, NAN, NAN,,2024/04/18 03:30:49.070,2024-04-18 03:30:49.070000+00:00
2024/04/18, 03:31:49.070,35.941,-75.299, NAN,89.87,89.17,5.46,17.2,17.2,1014.4,1014.3,0.0,0.0,85.13,78.53,111,109,7.2,6.8,93.0,93.0,8.6,8.2,218.5,217.8,1016.5,1016.4,-5.89,393.9,-0.01,29.1466,13.8335,498.4,61.4,1496.143, NAN, 24.690, NAN, NAN,,2024/04/18 03:31:49.070,2024-04-18 03:31:49.070000+00:00
2024/04/18, 03:32:49.070,35.941,-75.297, NAN,89.6,90.24,5.43,17.2,17.3,1014.4,1014.3,0.0,0.0,85.13,78.53,109,107,7.3,6.9,92.8,93.0,8.5,8.1,216.8,216.1,1016.5,1016.4,-5.82,394.1,-0.01,29.1225,13.8361,499.0,61.8,1496.124, NAN, 24.370, NAN, NAN,,2024/04/18 03:32:49.070,2024-04-18 03:32:49.070000+00:00
2024/04/18, 03:33:49.070,35.941,-75.295, NAN,88.99,94.45,5.31,17.2,17.3,1014.3,1014.3,0.0,0.0,85.13,78.53,107,105,7.0,7.0,92.8,92.9,8.1,8.0,215.1,213.5,1016.4,1016.4,-5.85,393.52,-0.01,29.0988,13.8076,498.4,61.7,1496.001, NAN, 26.610, NAN, NAN,,2024/04/18 03:33:49.070,2024-04-18 03:33:49.070000+00:00
2024/04/18, 03:34:49.070,35.941,-75.293, NAN,89.33,90.13,5.61,17.2,17.3,1014.3,1014.3,0.0,0.0,85.13,78.53,105,102,7.5,7.4,92.3,92.5,8.7,8.5,213.0,210.8,1016.4,1016.4,-5.74,394.04,-0.01,29.0755,13.7859,498.7,61.7,1495.902, NAN, 25.340, NAN, NAN,,2024/04/18 03:34:49.070,2024-04-18 03:34:49.070000+00:00
2024/04/18, 03:35:49.070,35.941,-75.291, NAN,112.41,108.62,7.59,17.2,17.3,1014.1,1014.1,0.0,0.0,85.13,78.53,76,81,8.7,8.2,92.6,92.5,8.9,8.8,213.9,219.6,1016.2,1016.2,-5.83,393.54,-0.01,29.0595,13.7837,498.7,61.9,1495.876, NAN, 25.490, NAN, NAN,,2024/04/18 03:35:49.070,2024-04-18 03:35:49.070000+00:00
2024/04/18, 03:36:49.070,35.94,-75.289, NAN,138.37,136.9,8.87,17.2,17.3,1014.1,1014.1,0.0,0.0,85.13,78.53,51,47,11.2,11.1,92.6,92.4,9.2,8.8,212.6,208.2,1016.2,1016.2,-5.8,394.21,-0.02,29.0391,13.7799,500.8,62.0,1495.84, NAN, 25.790, NAN, NAN,,2024/04/18 03:36:49.070,2024-04-18 03:36:49.070000+00:00
2024/04/18, 03:37:49.070,35.938,-75.287, NAN,140.62,142.85,9.61,17.2,17.2,1014.1,1014.2,0.0,0.0,85.13,78.53,45,41,12.1,12.3,92.8,92.7,9.1,9.0,207.1,201.6,1016.2,1016.3,-5.65,394.56,-0.02,29.0202,13.8202,525.7,61.5,1495.951, NAN, NAN, NAN, NAN,,2024/04/18 03:37:49.070,2024-04-18 03:37:49.070000+00:00
2024/04/18, 03:38:49.070,35.936,-75.284, NAN,114.55,118.02,10.12,17.2,17.2,1013.9,1014.0,0.0,0.0,85.13,78.53,61,54,10.9,11.3,92.8,92.8,9.2,8.9,204.0,195.1,1016.0,1016.1,-5.76,394.34,-0.01,29.0005,13.9108,522.7,61.7,1496.228, NAN, NAN, NAN, NAN,,2024/04/18 03:38:49.070,2024-04-18 03:38:49.070000+00:00
2024/04/18, 03:39:49.070,35.935,-75.281, NAN,91.92,93.24,10.39,17.2,17.2,1014.0,1014.1,0.0,0.0,85.13,78.53,79,80,8.5,8.4,92.8,92.8,8.9,8.9,206.5,207.6,1016.1,1016.2,-5.7,394.37,-0.01,28.9811,13.9875,504.4,61.8,1496.459, NAN, NAN, NAN, NAN,,2024/04/18 03:39:49.070,2024-04-18 03:39:49.070000+00:00
2024/04/18, 03:40:49.070,35.935,-75.277, NAN,83.83,86.18,10.5,17.2,17.2,1014.2,1014.1,0.0,0.0,85.13,78.53,86,87,7.1,7.1,92.9,93.0,8.4,8.5,209.3,210.0,1016.3,1016.2,-5.63,394.29,-0.01,28.9525,14.0626,501.7,61.8,1496.673, NAN, NAN, NAN, NAN,,2024/04/18 03:40:49.070,2024-04-18 03:40:49.070000+00:00
2024/04/18, 03:41:49.071,35.935,-75.274, NAN,84.05,85.71,10.92,17.2,17.2,1014.1,1014.1,0.0,0.0,85.13,78.53,85,86,7.2,7.2,92.7,92.6,8.7,8.7,209.2,209.9,1016.2,1016.2,-5.64,394.67,-0.02,28.9298,14.1128,500.8,62.2,1496.812, NAN, NAN, NAN, NAN,,2024/04/18 03:41:49.071,2024-04-18 03:41:49.071000+00:00
2024/04/18, 03:42:49.071,35.936,-75.27, NAN,88.13,88.92,10.77,17.2,17.3,1014.1,1014.0,0.0,0.0,85.13,78.53,82,81,7.8,7.9,93.0,93.1,8.9,8.9,208.3,207.2,1016.2,1016.1,-5.77,394.74,-0.01,28.9284,14.1599,501.1,62.0,1496.966, NAN, NAN, NAN, NAN,,2024/04/18 03:42:49.071,2024-04-18 03:42:49.071000+00:00
2024/04/18, 03:43:49.071,35.936,-75.266, NAN,88.43,86.54,11.08,17.2,17.2,1014.1,1014.0,0.0,0.0,85.13,78.53,85,84,7.9,7.9,93.4,93.4,9.4,9.3,210.8,210.1,1016.2,1016.1,-5.72,395.09,-0.01,28.9487,14.2215,501.4,62.0,1497.192, NAN, NAN, NAN, NAN,,2024/04/18 03:43:49.071,2024-04-18 03:43:49.071000+00:00
2024/04/18, 03:44:49.071,35.936,-75.263, NAN,88.13,89.42,11.05,17.2,17.3,1014.1,1014.1,0.0,0.0,85.13,78.53,83,84,7.8,7.9,93.4,93.3,9.0,9.1,209.9,210.2,1016.2,1016.2,-5.6,395.1,-0.01,29.0014,14.2667,512.3,61.1,1497.402, NAN, NAN, NAN, NAN,,2024/04/18 03:44:49.071,2024-04-18 03:44:49.071000+00:00
2024/04/18, 03:45:49.071,35.936,-75.259, NAN,87.84,87.4,11.02,17.3,17.3,1014.0,1014.0,0.0,0.0,85.13,78.53,81,82,7.8,7.7,93.6,93.6,8.8,8.9,208.0,209.1,1016.1,1016.1,-5.69,394.77,-0.01,29.0275,14.3159,501.4,61.1,1497.593, NAN, NAN, NAN, NAN,,2024/04/18 03:45:49.071,2024-04-18 03:45:49.071000+00:00
2024/04/18, 03:46:49.071,35.936,-75.255, NAN,87.22,88.62,11.03,17.3,17.3,1014.1,1014.2,0.0,0.0,85.13,78.53,80,82,7.8,7.8,93.4,93.6,8.7,8.9,206.9,208.3,1016.2,1016.3,-5.7,395.36,-0.01,29.0492,14.3854,501.4,62.0,1497.846, NAN, NAN, NAN, NAN,,2024/04/18 03:46:49.071,2024-04-18 03:46:49.071000+00:00
2024/04/18, 03:47:49.071,35.936,-75.251, NAN,87.93,89.64,10.85,17.3,17.4,1014.3,1014.3,0.0,0.0,85.13,78.53,82,84,7.2,7.2,93.5,93.5,8.4,8.5,211.1,212.4,1016.4,1016.4,-5.61,394.89,-0.01,29.0829,14.4418,501.1,62.0,1498.07, NAN, NAN, NAN, NAN,,2024/04/18 03:47:49.071,2024-04-18 03:47:49.071000+00:00
2024/04/18, 03:48:49.071,35.936,-75.248, NAN,87.34,90.39,11.17,17.3,17.4,1014.2,1014.1,0.0,0.0,85.13,78.53,81,81,7.1,7.1,93.3,93.2,8.2,8.2,211.5,211.5,1016.3,1016.2,-5.63,394.93,-0.01,29.117,14.4482,501.4,62.2,1498.13, NAN, NAN, NAN, NAN,,2024/04/18 03:48:49.071,2024-04-18 03:48:49.071000+00:00
2024/04/18, 03:49:49.071,35.936,-75.244, NAN,88.32,87.25,11.01,17.3,17.4,1014.2,1014.1,0.0,0.0,85.13,78.53,78,81,7.1,7.0,93.5,93.4,8.1,8.3,209.2,211.6,1016.3,1016.2,-5.71,395.04,-0.01,29.1606,14.4596,500.4,62.2,1498.218, NAN, NAN, NAN, NAN,,2024/04/18 03:49:49.071,2024-04-18 03:49:49.071000+00:00
2024/04/18, 03:50:49.071,35.936,-75.24, NAN,89.97,91.5,11.09,17.3,17.3,1014.3,1014.3,0.0,0.0,85.13,78.53,77,76,7.2,7.1,93.7,93.6,8.0,7.8,210.6,210.5,1016.4,1016.4,-5.7,394.95,-0.01,29.2111,14.3142,500.8,61.9,1497.802, NAN, NAN, NAN, NAN,,2024/04/18 03:50:49.071,2024-04-18 03:50:49.071000+00:00
2024/04/18, 03:51:49.071,35.936,-75.236, NAN,89.48,90.46,10.93,17.2,17.3,1014.3,1014.3,0.0,0.0,85.13,78.53,75,76,7.3,7.1,93.5,93.4,7.9,7.8,207.7,209.4,1016.4,1016.4,-5.73,394.7,-0.01,29.3014,14.1672,500.4,62.2,1497.426, NAN, NAN, NAN, NAN,,2024/04/18 03:51:49.071,2024-04-18 03:51:49.071000+00:00
2024/04/18, 03:52:49.071,35.936,-75.233, NAN,89.49,91.41,10.76,17.2,17.3,1014.3,1014.3,0.0,0.0,85.13,78.53,73,73,7.4,7.2,93.7,93.6,7.7,7.5,205.4,206.5,1016.4,1016.4,-5.8,394.41,-0.01,29.3508,14.1313,501.7,62.3,1497.365, NAN, NAN, NAN, NAN,,2024/04/18 03:52:49.071,2024-04-18 03:52:49.071000+00:00
2024/04/18, 03:53:49.071,35.936,-75.229, NAN,89.65,89.64,11.0,17.1,17.2,1014.3,1014.2,0.0,0.0,85.13,78.53,74,74,7.3,7.4,93.7,93.6,7.8,7.9,207.3,206.8,1016.4,1016.3,-5.79,394.9,-0.01,29.3221,14.1495,502.2,62.1,1497.392, NAN, NAN, NAN, NAN,,2024/04/18 03:53:49.071,2024-04-18 03:53:49.071000+00:00
2024/04/18, 03:54:49.071,35.936,-75.225, NAN,89.85,92.01,10.96,17.0,17.1,1014.0,1014.1,0.0,0.0,85.13,78.53,71,72,7.6,7.4,94.2,94.1,7.7,7.7,203.9,205.7,1016.1,1016.2,-5.82,394.99,-0.01,29.3102,14.174,500.4,62.2,1497.458, NAN, NAN, NAN, NAN,,2024/04/18 03:54:49.071,2024-04-18 03:54:49.071000+00:00
2024/04/18, 03:55:49.071,35.936,-75.221, NAN,89.61,91.44,11.01,17.0,17.1,1014.1,1014.0,0.0,0.0,85.13,78.53,72,72,7.6,7.2,94.4,94.4,7.8,7.5,204.7,206.8,1016.2,1016.1,-5.91,394.63,-0.01,29.3286,14.2017,500.4,62.2,1497.571, NAN, NAN, NAN, NAN,,2024/04/18 03:55:49.071,2024-04-18 03:55:49.071000+00:00
2024/04/18, 03:56:49.071,35.936,-75.218, NAN,89.18,91.23,10.99,17.0,17.1,1014.0,1014.1,0.0,0.0,85.13,78.53,72,71,7.8,7.5,94.7,94.5,7.9,7.6,203.2,204.0,1016.1,1016.2,-5.83,394.77,-0.01,29.3577,14.191,498.4,62.2,1497.57, NAN, NAN, NAN, NAN,,2024/04/18 03:56:49.071,2024-04-18 03:56:49.071000+00:00
2024/04/18, 03:57:49.072,35.936,-75.214, NAN,88.97,91.84,10.8,17.0,17.0,1014.1,1014.0,0.0,0.0,85.13,78.53,72,72,7.7,7.6,94.7,94.6,7.8,7.7,202.9,203.4,1016.2,1016.1,-5.93,394.78,-0.01,29.3933,14.1503,499.0,62.0,1497.478, NAN, NAN, NAN, NAN,,2024/04/18 03:57:49.072,2024-04-18 03:57:49.072000+00:00
2024/04/18, 03:58:49.072,35.936,-75.21, NAN,89.06,92.38,11.02,17.0,17.0,1014.0,1014.0,0.0,0.0,85.13,78.53,73,72,8.1,7.8,94.6,94.7,8.2,7.9,202.6,203.3,1016.1,1016.1,-5.88,395.17,-0.01,29.4361,14.1544,500.1,62.0,1497.541, NAN, NAN, NAN, NAN,,2024/04/18 03:58:49.072,2024-04-18 03:58:49.072000+00:00
2024/04/18, 03:59:49.072,35.936,-75.206, NAN,89.5,91.41,10.98,16.9,17.0,1014.0,1014.0,0.0,0.0,85.13,78.53,75,74,8.3,8.1,94.9,94.8,8.6,8.3,203.5,203.6,1016.1,1016.1,-5.88,395.07,-0.01,29.4587,14.188,499.2,62.0,1497.678, NAN, NAN, NAN, NAN,,2024/04/18 03:59:49.072,2024-04-18 03:59:49.072000+00:00
2024/04/18, 04:00:49.072,35.936,-75.203, NAN,89.52,90.3,10.9,16.9,17.0,1014.0,1014.0,0.0,0.0,85.13,78.53,75,75,8.5,8.3,95.4,95.2,8.8,8.7,202.1,203.0,1016.1,1016.1,-5.94,395.56,-0.01,29.4804,14.2011,499.2,61.9,1497.746, NAN, NAN, NAN, NAN,,2024/04/18 04:00:49.072,2024-04-18 04:00:49.072000+00:00
2024/04/18, 04:01:49.072,35.936,-75.199, NAN,89.41,90.01,11.04,16.9,17.0,1013.9,1013.9,0.0,0.0,85.13,78.53,75,77,8.8,8.7,95.8,95.7,9.1,9.2,201.4,203.3,1016.0,1016.0,-5.81,395.78,-0.01,29.5185,14.2116,497.1,62.1,1497.825, NAN, NAN, NAN, NAN,,2024/04/18 04:01:49.072,2024-04-18 04:01:49.072000+00:00
2024/04/18, 04:02:49.072,35.936,-75.195, NAN,89.51,89.27,10.95,17.0,17.0,1013.9,1013.9,0.0,0.0,85.13,78.53,76,77,9.1,8.7,96.1,96.1,9.4,9.2,200.8,203.1,1016.0,1016.0,-5.76,396.21,-0.01,29.5556,14.2315,496.8,62.1,1497.934, NAN, NAN, NAN, NAN,,2024/04/18 04:02:49.072,2024-04-18 04:02:49.072000+00:00
2024/04/18, 04:03:49.072,35.936,-75.191, NAN,89.98,90.14,10.98,17.1,17.1,1013.8,1013.8,0.0,0.0,85.13,78.53,78,78,9.5,9.1,96.3,96.3,9.9,9.6,201.8,203.1,1015.9,1015.9,-5.72,396.24,-0.01,29.6054,14.2401,498.7,62.3,1498.02, NAN, NAN, NAN, NAN,,2024/04/18 04:03:49.072,2024-04-18 04:03:49.072000+00:00
2024/04/18, 04:04:49.072,35.936,-75.188, NAN,88.65,89.57,10.98,17.2,17.2,1013.8,1013.8,0.0,0.0,85.13,78.53,81,78,9.3,8.9,96.2,96.2,10.0,9.4,203.5,202.5,1015.9,1015.9,-5.57,396.41,-0.01,29.6826,14.2307,495.8,62.2,1498.08, NAN, NAN, NAN, NAN,,2024/04/18 04:04:49.072,2024-04-18 04:04:49.072000+00:00
2024/04/18, 04:05:49.072,35.936,-75.184, NAN,89.17,88.73,11.01,17.3,17.3,1013.8,1013.8,0.0,0.0,85.13,78.53,82,80,9.2,8.9,96.0,95.9,10.1,9.7,204.9,204.4,1015.9,1015.9,-5.6,396.26,-0.01,29.754,14.2086,495.8,62.2,1498.091, NAN, NAN, NAN, NAN,,2024/04/18 04:05:49.072,2024-04-18 04:05:49.072000+00:00
2024/04/18, 04:06:49.072,35.936,-75.18, NAN,88.82,90.82,11.1,17.3,17.3,1013.8,1013.7,0.0,0.0,85.13,78.53,79,81,9.0,8.7,95.5,95.4,9.5,9.5,203.5,206.1,1015.9,1015.8,-5.57,395.89,-0.01,29.862,14.1847,494.4,62.2,1498.139, NAN, NAN, NAN, NAN,,2024/04/18 04:06:49.072,2024-04-18 04:06:49.072000+00:00
2024/04/18, 04:07:49.072,35.936,-75.176, NAN,89.18,89.51,10.96,17.3,17.4,1013.9,1014.0,0.0,0.0,85.13,78.53,83,81,9.1,9.1,95.1,95.1,10.0,9.9,206.0,204.5,1016.0,1016.1,-5.53,395.29,-0.02,29.8932,14.158,493.1,62.0,1498.087, NAN, NAN, NAN, NAN,,2024/04/18 04:07:49.072,2024-04-18 04:07:49.072000+00:00
2024/04/18, 04:08:49.072,35.936,-75.173, NAN,89.58,90.51,11.14,17.3,17.3,1013.8,1013.8,0.0,0.0,85.13,78.53,78,79,9.2,9.0,94.8,94.7,9.6,9.6,202.9,204.4,1015.9,1015.9,-5.55,394.84,-0.01,29.9036,14.1321,493.1,62.0,1498.015, NAN, NAN, NAN, NAN,,2024/04/18 04:08:49.072,2024-04-18 04:08:49.072000+00:00
2024/04/18, 04:09:49.072,35.936,-75.169, NAN,88.7,88.21,11.0,17.3,17.3,1013.8,1013.8,0.0,0.0,85.13,78.53,80,79,9.1,8.8,94.5,94.6,9.8,9.4,203.4,203.6,1015.9,1015.9,-5.55,394.44,-0.01,29.8981,14.1013,493.7,62.1,1497.907, NAN, NAN, NAN, NAN,,2024/04/18 04:09:49.072,2024-04-18 04:09:49.072000+00:00
2024/04/18, 04:10:49.072,35.936,-75.165, NAN,88.05,89.26,10.96,17.2,17.3,1013.9,1013.8,0.0,0.0,85.13,78.53,79,81,8.4,8.4,94.2,94.3,9.0,9.2,204.6,206.1,1016.0,1015.9,-5.56,393.87,-0.02,29.919,14.0292,492.8,62.1,1497.695, NAN, NAN, NAN, NAN,,2024/04/18 04:10:49.072,2024-04-18 04:10:49.072000+00:00
2024/04/18, 04:11:49.072,35.936,-75.161, NAN,87.95,88.59,10.77,17.1,17.2,1013.8,1013.8,0.0,0.0,85.13,78.53,79,81,8.6,8.6,94.0,94.0,9.2,9.4,203.0,204.5,1015.9,1015.9,-5.61,394.41,-0.01,29.956,13.8035,493.4,62.3,1496.993, NAN, NAN, NAN, NAN,,2024/04/18 04:11:49.072,2024-04-18 04:11:49.072000+00:00
2024/04/18, 04:12:49.072,35.936,-75.158, NAN,88.09,89.19,11.06,17.1,17.1,1014.0,1013.8,0.0,0.0,85.13,78.53,81,81,8.8,8.5,94.8,94.9,9.6,9.3,204.8,205.9,1016.1,1015.9,-5.69,394.5,-0.02,29.9862,13.7032,492.4,62.4,1496.697, NAN, NAN, NAN, NAN,,2024/04/18 04:12:49.072,2024-04-18 04:12:49.072000+00:00
2024/04/18, 04:13:49.073,35.936,-75.154, NAN,88.74,88.82,10.99,17.1,17.1,1013.8,1013.8,0.0,0.0,85.13,78.53,81,82,9.1,8.9,94.8,95.1,9.9,9.8,204.1,205.5,1015.9,1015.9,-5.74,395.05,-0.02,30.0703,13.6618,494.4,62.1,1496.658, NAN, NAN, NAN, NAN,,2024/04/18 04:13:49.073,2024-04-18 04:13:49.073000+00:00
2024/04/18, 04:14:49.073,35.936,-75.15, NAN,88.08,90.4,11.07,17.1,17.1,1013.7,1013.7,0.0,0.0,85.13,78.53,83,83,8.8,8.7,95.4,95.4,9.7,9.6,206.5,206.9,1015.8,1015.8,-5.72,394.84,-0.01,30.136,13.6494,492.3,62.2,1496.694, NAN, NAN, NAN, NAN,,2024/04/18 04:14:49.073,2024-04-18 04:14:49.073000+00:00
2024/04/18, 04:15:49.073,35.936,-75.146, NAN,88.7,91.0,10.96,17.1,17.2,1013.7,1013.7,0.0,0.0,85.13,78.53,83,83,8.9,8.9,95.4,95.6,9.8,9.8,206.5,206.5,1015.8,1015.8,-5.6,395.16,-0.02,30.1687,13.6252,492.3,62.2,1496.652, NAN, NAN, NAN, NAN,,2024/04/18 04:15:49.073,2024-04-18 04:15:49.073000+00:00
2024/04/18, 04:16:49.073,35.936,-75.143, NAN,87.29,87.98,10.93,17.1,17.2,1013.7,1013.7,0.0,0.0,85.13,78.53,85,85,9.1,9.1,95.5,95.5,10.1,10.1,205.7,205.7,1015.8,1015.8,-5.67,396.17,-0.01,30.1838,13.6403,488.3,62.3,1496.72, NAN, NAN, NAN, NAN,,2024/04/18 04:16:49.073,2024-04-18 04:16:49.073000+00:00
2024/04/18, 04:17:49.073,35.936,-75.139, NAN,88.63,90.71,10.91,17.2,17.2,1013.8,1013.7,0.0,0.0,85.13,78.53,86,85,9.0,9.0,95.7,95.9,10.2,10.1,208.0,207.2,1015.9,1015.8,-5.66,395.59,-0.01,30.1748,13.6543,487.3,62.0,1496.756, NAN, NAN, NAN, NAN,,2024/04/18 04:17:49.073,2024-04-18 04:17:49.073000+00:00
2024/04/18, 04:18:49.073,35.936,-75.135, NAN,88.05,90.02,11.11,17.2,17.2,1013.7,1013.7,0.0,0.0,85.13,78.53,84,86,9.2,9.1,95.2,95.1,10.1,10.2,206.1,207.9,1015.8,1015.8,-5.6,395.78,-0.01,30.1824,13.6141,486.4,62.2,1496.631, NAN, NAN, NAN, NAN,,2024/04/18 04:18:49.073,2024-04-18 04:18:49.073000+00:00
2024/04/18, 04:19:49.073,35.936,-75.131, NAN,88.89,89.58,10.89,17.2,17.2,1013.7,1013.7,0.0,0.0,85.13,78.53,86,85,9.2,9.2,95.6,95.5,10.3,10.2,207.6,206.8,1015.8,1015.8,-5.7,395.21,-0.01,30.1994,13.5763,485.7,62.1,1496.526, NAN, NAN, NAN, NAN,,2024/04/18 04:19:49.073,2024-04-18 04:19:49.073000+00:00
2024/04/18, 04:20:49.073,35.936,-75.128, NAN,88.19,88.67,10.88,17.2,17.2,1013.6,1013.7,0.0,0.0,85.13,78.53,84,85,9.2,9.1,95.3,95.3,10.1,10.1,205.4,206.4,1015.7,1015.8,-5.64,394.94,-0.01,30.1917,13.5663,486.7,62.1,1496.483, NAN, NAN, NAN, NAN,,2024/04/18 04:20:49.073,2024-04-18 04:20:49.073000+00:00
2024/04/18, 04:21:49.073,35.936,-75.124, NAN,87.93,90.79,10.97,17.2,17.2,1013.7,1013.7,0.0,0.0,85.13,78.53,85,86,9.2,9.0,94.9,94.9,10.2,10.1,206.3,207.7,1015.8,1015.8,-5.54,394.96,-0.02,30.1667,13.5624,489.7,62.1,1496.441, NAN, NAN, NAN, NAN,,2024/04/18 04:21:49.073,2024-04-18 04:21:49.073000+00:00
2024/04/18, 04:22:49.073,35.936,-75.12, NAN,88.77,93.26,10.89,17.1,17.2,1013.7,1013.7,0.0,0.0,85.13,78.53,85,85,9.3,8.8,95.0,95.0,10.1,9.7,206.9,208.5,1015.8,1015.8,-5.6,394.43,-0.01,30.1542,13.5518,489.1,62.1,1496.391, NAN, NAN, NAN, NAN,,2024/04/18 04:22:49.073,2024-04-18 04:22:49.073000+00:00
2024/04/18, 04:23:49.073,35.936,-75.116, NAN,88.36,89.89,11.06,17.1,17.2,1013.7,1013.7,0.0,0.0,85.13,78.53,88,88,9.0,8.9,95.0,95.0,10.4,10.3,209.6,209.9,1015.8,1015.8,-5.72,394.92,-0.02,30.1518,13.5423,488.3,61.8,1496.357, NAN, NAN, NAN, NAN,,2024/04/18 04:23:49.073,2024-04-18 04:23:49.073000+00:00
2024/04/18, 04:24:49.073,35.936,-75.113, NAN,88.32,88.37,10.69,17.1,17.1,1013.7,1013.6,0.0,0.0,85.13,78.53,88,88,8.4,8.6,95.3,95.3,9.9,10.0,210.2,209.5,1015.8,1015.7,-5.58,394.52,-0.01,30.1517,13.5067,488.9,61.8,1496.238, NAN, NAN, NAN, NAN,,2024/04/18 04:24:49.073,2024-04-18 04:24:49.073000+00:00
2024/04/18, 04:25:49.073,35.936,-75.109, NAN,87.92,92.19,10.91,17.1,17.1,1013.7,1013.8,0.0,0.0,85.13,78.53,88,88,8.2,8.7,95.3,95.1,9.6,10.0,211.7,210.0,1015.8,1015.9,-5.6,394.54,-0.01,30.1571,13.4553,486.7,62.1,1496.073, NAN, NAN, NAN, NAN,,2024/04/18 04:25:49.073,2024-04-18 04:25:49.073000+00:00
2024/04/18, 04:26:49.073,35.936,-75.105, NAN,88.04,85.91,11.04,17.1,17.1,1013.8,1013.7,0.0,0.0,85.13,78.53,88,86,8.2,8.3,95.3,95.2,9.8,9.7,211.5,209.8,1015.9,1015.8,-5.69,394.41,-0.01,30.1598,13.4083,485.2,61.8,1495.919, NAN, NAN, NAN, NAN,,2024/04/18 04:26:49.073,2024-04-18 04:26:49.073000+00:00
2024/04/18, 04:27:49.073,35.936,-75.102, NAN,88.94,89.8,10.59,17.0,17.1,1013.9,1013.8,0.0,0.0,85.13,78.53,88,89,8.0,8.3,95.0,95.1,9.4,9.8,212.1,211.8,1016.0,1015.9,-5.75,394.52,-0.01,30.1569,13.3728,484.6,62.0,1495.797, NAN, NAN, NAN, NAN,,2024/04/18 04:27:49.073,2024-04-18 04:27:49.073000+00:00
2024/04/18, 04:28:49.073,35.936,-75.098, NAN,88.41,89.08,10.66,17.0,17.1,1013.9,1014.0,0.0,0.0,85.13,78.53,89,87,7.7,8.1,95.0,95.1,9.3,9.4,213.5,210.7,1016.0,1016.1,-5.66,394.63,-0.01,30.151,13.3575,484.6,62.0,1495.739, NAN, NAN, NAN, NAN,,2024/04/18 04:28:49.073,2024-04-18 04:28:49.073000+00:00
2024/04/18, 04:29:49.074,35.936,-75.094, NAN,88.61,90.02,10.6,17.0,17.0,1013.8,1013.8,0.0,0.0,85.13,78.53,89,89,7.5,7.7,95.0,95.2,9.1,9.3,214.4,213.6,1015.9,1015.9,-5.78,394.51,-0.01,30.1458,13.3335,484.0,62.0,1495.653, NAN, NAN, NAN, NAN,,2024/04/18 04:29:49.074,2024-04-18 04:29:49.074000+00:00
2024/04/18, 04:30:49.074,35.936,-75.09, NAN,89.74,88.59,10.74,16.9,17.0,1013.8,1013.7,0.0,0.0,85.13,78.53,87,87,7.6,8.0,95.1,95.2,9.2,9.5,213.7,212.3,1015.9,1015.8,-5.84,394.3,-0.01,30.143,13.2778,482.7,61.8,1495.463, NAN, NAN, NAN, NAN,,2024/04/18 04:30:49.074,2024-04-18 04:30:49.074000+00:00
2024/04/18, 04:31:49.074,35.936,-75.087, NAN,89.05,89.7,10.61,16.9,16.9,1013.8,1013.9,0.0,0.0,85.13,78.53,88,89,7.6,7.8,95.4,95.5,9.1,9.3,213.8,213.8,1015.9,1016.0,-5.83,395.3,-0.01,30.1363,13.2393,482.5,61.8,1495.326, NAN, NAN, NAN, NAN,,2024/04/18 04:31:49.074,2024-04-18 04:31:49.074000+00:00
2024/04/18, 04:32:49.074,35.936,-75.083, NAN,87.81,89.46,10.86,16.9,17.0,1013.9,1013.9,0.0,0.0,85.13,78.53,90,88,7.8,7.8,96.2,96.3,9.5,9.3,213.9,212.5,1016.0,1016.0,-5.76,395.25,-0.02,30.1285,13.2384,483.6,61.8,1495.314, NAN, NAN, NAN, NAN,,2024/04/18 04:32:49.074,2024-04-18 04:32:49.074000+00:00
2024/04/18, 04:33:49.074,35.936,-75.08, NAN,88.74,89.94,10.92,17.0,17.0,1013.9,1013.9,0.0,0.0,85.13,78.53,87,88,7.4,7.3,96.0,96.0,9.0,9.0,214.4,215.4,1016.0,1016.0,-5.71,394.35,-0.01,30.1131,13.257,485.7,61.6,1495.358, NAN, NAN, NAN, NAN,,2024/04/18 04:33:49.074,2024-04-18 04:33:49.074000+00:00
2024/04/18, 04:34:49.074,35.936,-75.076, NAN,89.6,91.09,10.87,17.0,17.0,1014.0,1014.0,0.0,0.0,85.13,78.53,87,87,7.3,7.1,95.6,95.5,8.9,8.7,215.6,216.4,1016.1,1016.1,-5.71,393.95,-0.01,30.0974,13.2565,486.7,61.6,1495.338, NAN, NAN, NAN, NAN,,2024/04/18 04:34:49.074,2024-04-18 04:34:49.074000+00:00
2024/04/18, 04:35:49.074,35.936,-75.072, NAN,89.03,93.58,10.44,17.0,17.0,1014.0,1013.8,0.0,0.0,85.13,78.53,89,90,7.4,7.3,95.6,95.2,8.8,8.8,215.4,216.5,1016.1,1015.9,-5.76,393.94,-0.01,30.0816,13.2418,485.7,61.7,1495.27, NAN, NAN, NAN, NAN,,2024/04/18 04:35:49.074,2024-04-18 04:35:49.074000+00:00
2024/04/18, 04:36:49.074,35.936,-75.069, NAN,87.95,89.39,10.5,16.9,16.9,1013.9,1013.9,0.0,0.0,85.13,78.53,88,89,7.5,7.6,95.3,95.3,8.9,9.1,213.1,213.4,1016.0,1016.0,-5.83,394.14,-0.01,30.0682,13.2446,484.6,61.7,1495.263, NAN, NAN, NAN, NAN,,2024/04/18 04:36:49.074,2024-04-18 04:36:49.074000+00:00
2024/04/18, 04:37:49.074,35.936,-75.065, NAN,88.61,93.07,10.71,16.9,16.9,1014.0,1014.0,0.0,0.0,85.13,78.53,88,89,7.8,7.5,95.4,95.5,9.2,9.0,213.4,215.2,1016.1,1016.1,-5.79,393.49,-0.01,30.056,13.2629,486.7,61.7,1495.31, NAN, NAN, NAN, NAN,,2024/04/18 04:37:49.074,2024-04-18 04:37:49.074000+00:00
2024/04/18, 04:38:49.074,35.936,-75.061, NAN,89.47,91.31,10.53,16.9,16.9,1013.9,1013.8,0.0,0.0,85.13,78.53,86,88,7.6,7.7,95.3,95.3,8.9,9.2,212.7,213.7,1016.0,1015.9,-5.79,393.76,-0.01,30.0365,13.2989,486.4,61.7,1495.408, NAN, NAN, NAN, NAN,,2024/04/18 04:38:49.074,2024-04-18 04:38:49.074000+00:00
2024/04/18, 04:39:49.074,35.936,-75.058, NAN,88.67,93.32,10.48,16.9,16.9,1013.8,1013.8,0.0,0.0,85.13,78.53,87,88,7.8,7.7,95.2,95.3,9.0,9.0,212.1,213.1,1015.9,1015.9,-5.72,393.97,-0.01,30.033,13.3336,485.6,61.7,1495.52, NAN, NAN, NAN, NAN,,2024/04/18 04:39:49.074,2024-04-18 04:39:49.074000+00:00
2024/04/18, 04:40:49.074,35.936,-75.054, NAN,88.66,91.14,10.89,16.9,16.9,1013.9,1013.8,0.0,0.0,85.13,78.53,85,86,7.9,7.7,95.3,95.6,9.1,9.0,211.4,212.8,1016.0,1015.9,-5.78,393.29,-0.01,30.0195,13.3427,485.7,61.7,1495.535, NAN, NAN, NAN, NAN,,2024/04/18 04:40:49.074,2024-04-18 04:40:49.074000+00:00
2024/04/18, 04:41:49.074,35.936,-75.05, NAN,89.18,92.31,10.49,16.8,16.9,1013.8,1013.8,0.0,0.0,85.13,78.53,85,85,8.0,8.1,95.0,95.0,9.0,9.1,210.4,210.0,1015.9,1015.9,-5.78,393.9,-0.01,30.0101,13.3489,484.3,61.7,1495.544, NAN, NAN, NAN, NAN,,2024/04/18 04:41:49.074,2024-04-18 04:41:49.074000+00:00
2024/04/18, 04:42:49.074,35.936,-75.047, NAN,89.44,94.74,10.65,16.8,16.9,1013.7,1013.7,0.0,0.0,85.13,78.53,84,85,8.1,8.2,95.3,95.4,9.1,9.2,210.0,210.4,1015.8,1015.8,-5.78,393.56,-0.01,29.9929,13.3598,485.2,61.5,1495.56, NAN, NAN, NAN, NAN,,2024/04/18 04:42:49.074,2024-04-18 04:42:49.074000+00:00
2024/04/18, 04:43:49.074,35.936,-75.043, NAN,88.29,91.25,10.66,16.8,16.9,1013.8,1013.6,0.0,0.0,85.13,78.53,85,86,8.3,8.1,95.2,95.3,9.3,9.3,208.9,210.3,1015.9,1015.7,-5.79,393.2,-0.01,29.9718,13.3714,483.6,61.6,1495.574, NAN, NAN, NAN, NAN,,2024/04/18 04:43:49.074,2024-04-18 04:43:49.074000+00:00
2024/04/18, 04:44:49.074,35.936,-75.04, NAN,89.08,87.35,10.7,16.8,16.8,1013.8,1013.7,0.0,0.0,85.13,78.53,86,85,8.3,8.5,94.9,95.1,9.6,9.7,209.9,208.5,1015.9,1015.8,-5.78,393.28,-0.01,29.9542,13.4106,484.3,61.6,1495.685, NAN, NAN, NAN, NAN,,2024/04/18 04:44:49.074,2024-04-18 04:44:49.074000+00:00
2024/04/18, 04:45:49.074,35.936,-75.036, NAN,89.6,90.15,10.56,16.8,16.8,1013.8,1013.8,0.0,0.0,85.13,78.53,86,88,8.4,8.3,95.0,95.1,9.6,9.7,209.8,211.6,1015.9,1015.9,-5.82,393.22,-0.01,29.9244,13.4565,484.3,61.8,1495.803, NAN, NAN, NAN, NAN,,2024/04/18 04:45:49.074,2024-04-18 04:45:49.074000+00:00
2024/04/18, 04:46:49.075,35.936,-75.032, NAN,88.0,91.72,10.74,16.7,16.8,1013.6,1013.7,0.0,0.0,85.13,78.53,88,89,8.4,8.5,94.9,94.8,9.7,9.8,210.6,211.0,1015.7,1015.8,-5.69,393.81,-0.01,29.9002,13.5111,485.2,62.0,1495.957, NAN, NAN, NAN, NAN,,2024/04/18 04:46:49.075,2024-04-18 04:46:49.075000+00:00
2024/04/18, 04:47:49.075,35.936,-75.029, NAN,89.64,91.66,10.63,16.7,16.8,1013.8,1013.7,0.0,0.0,85.13,78.53,90,90,8.5,8.7,95.2,95.2,10.0,10.2,212.7,212.1,1015.9,1015.8,-5.64,393.99,-0.01,29.8918,13.4992,482.5,61.9,1495.907, NAN, NAN, NAN, NAN,,2024/04/18 04:47:49.075,2024-04-18 04:47:49.075000+00:00
2024/04/18, 04:48:49.075,35.936,-75.025, NAN,88.83,88.74,10.62,16.7,16.8,1013.7,1013.7,0.0,0.0,85.13,78.53,90,89,9.1,9.0,95.1,95.1,10.5,10.3,210.1,209.6,1015.8,1015.8,-5.82,394.48,-0.01,29.8875,13.4946,482.2,61.7,1495.887, NAN, NAN, NAN, NAN,,2024/04/18 04:48:49.075,2024-04-18 04:48:49.075000+00:00
2024/04/18, 04:49:49.075,35.936,-75.021, NAN,89.68,91.65,10.55,16.7,16.8,1013.7,1013.6,0.0,0.0,85.13,78.53,89,88,9.4,9.5,95.4,95.5,10.5,10.5,209.6,208.5,1015.8,1015.7,-5.76,395.01,-0.01,29.8926,13.4995,480.0,62.0,1495.909, NAN, NAN, NAN, NAN,,2024/04/18 04:49:49.075,2024-04-18 04:49:49.075000+00:00
2024/04/18, 04:50:49.075,35.936,-75.018, NAN,89.12,91.16,10.61,16.8,16.8,1013.5,1013.6,0.0,0.0,85.13,78.53,89,89,9.1,9.4,95.6,95.6,10.4,10.6,209.7,208.9,1015.6,1015.7,-5.65,394.29,-0.01,29.9025,13.5113,480.3,61.6,1495.96, NAN, NAN, NAN, NAN,,2024/04/18 04:50:49.075,2024-04-18 04:50:49.075000+00:00
2024/04/18, 04:51:49.075,35.936,-75.014, NAN,88.15,88.77,10.71,16.8,16.9,1013.6,1013.6,0.0,0.0,85.13,78.53,90,91,9.0,9.5,95.0,95.1,10.4,11.0,210.0,209.3,1015.7,1015.7,-5.46,394.17,-0.01,29.9138,13.5573,479.2,61.8,1496.127, NAN, NAN, NAN, NAN,,2024/04/18 04:51:49.075,2024-04-18 04:51:49.075000+00:00
2024/04/18, 04:52:49.075,35.936,-75.01, NAN,89.43,92.04,10.71,16.8,16.9,1013.6,1013.6,0.0,0.0,85.13,78.53,89,89,9.0,9.6,94.7,95.0,10.3,10.8,210.6,209.0,1015.7,1015.7,-5.59,394.44,-0.01,29.9292,13.6097,479.2,60.9,1496.319, NAN, NAN, NAN, NAN,,2024/04/18 04:52:49.075,2024-04-18 04:52:49.075000+00:00
2024/04/18, 04:53:49.075,35.936,-75.007, NAN,89.87,89.64,10.77,16.8,16.9,1013.6,1013.6,0.0,0.0,85.13,78.53,91,91,9.2,9.6,94.7,94.9,10.8,11.1,211.7,210.7,1015.7,1015.7,-5.59,394.61,-0.01,29.9386,13.636,476.9,60.4,1496.418, NAN, NAN, NAN, NAN,,2024/04/18 04:53:49.075,2024-04-18 04:53:49.075000+00:00
2024/04/18, 04:54:49.075,35.936,-75.003, NAN,88.19,89.75,10.92,16.8,16.9,1013.7,1013.6,0.0,0.0,85.13,78.53,91,92,8.9,9.1,94.6,94.8,10.5,10.8,211.4,211.6,1015.8,1015.7,-5.59,394.12,-0.01,29.9478,13.6515,476.0,60.9,1496.48, NAN, NAN, NAN, NAN,,2024/04/18 04:54:49.075,2024-04-18 04:54:49.075000+00:00
2024/04/18, 04:55:49.075,35.936,-75.0, NAN,88.19,87.79,10.69,16.8,16.9,1013.6,1013.6,0.0,0.0,85.13,78.53,91,92,8.6,9.2,94.5,94.5,10.2,10.8,211.9,210.9,1015.7,1015.7,-5.5,394.47,-0.01,29.9583,13.6698,476.6,60.9,1496.553, NAN, NAN, NAN, NAN,,2024/04/18 04:55:49.075,2024-04-18 04:55:49.075000+00:00
2024/04/18, 04:56:49.075,35.936,-74.996, NAN,88.97,91.08,10.85,16.8,16.8,1013.7,1013.6,0.0,0.0,85.13,78.53,91,92,8.4,8.8,94.4,94.5,10.0,10.4,213.8,213.3,1015.8,1015.7,-5.55,394.14,-0.01,29.9724,13.6796,474.8,61.2,1496.602, NAN, NAN, NAN, NAN,,2024/04/18 04:56:49.075,2024-04-18 04:56:49.075000+00:00
2024/04/18, 04:57:49.075,35.935,-74.992, NAN,88.19,87.82,10.87,16.8,16.8,1013.7,1013.7,0.0,0.0,85.13,78.53,94,93,8.2,8.0,94.1,94.2,10.2,9.9,215.5,215.5,1015.8,1015.8,-5.6,394.22,-0.02,29.9828,13.6927,473.9,61.5,1496.658, NAN, NAN, NAN, NAN,,2024/04/18 04:57:49.075,2024-04-18 04:57:49.075000+00:00
2024/04/18, 04:58:49.075,35.935,-74.989, NAN,89.23,89.45,10.64,16.7,16.7,1013.7,1013.6,0.0,0.0,85.13,78.53,92,91,8.0,8.1,94.3,94.4,9.8,9.8,215.3,214.2,1015.8,1015.7,-5.62,394.1,-0.01,29.991,13.7074,473.9,61.5,1496.716, NAN, NAN, NAN, NAN,,2024/04/18 04:58:49.075,2024-04-18 04:58:49.075000+00:00
2024/04/18, 04:59:49.075,35.935,-74.985, NAN,87.89,90.11,10.63,16.7,16.7,1013.8,1013.7,0.0,0.0,85.13,78.53,96,94,7.8,7.8,94.4,94.4,9.8,9.7,217.5,216.2,1015.9,1015.8,-5.67,394.14,-0.01,29.994,13.7239,473.2,61.7,1496.774, NAN, NAN, NAN, NAN,,2024/04/18 04:59:49.075,2024-04-18 04:59:49.075000+00:00
2024/04/18, 05:00:49.075,35.935,-74.981, NAN,88.42,90.54,10.76,16.7,16.7,1013.8,1013.8,0.0,0.0,85.13,78.53,94,94,7.9,7.9,94.4,94.5,9.8,9.8,216.6,216.6,1015.9,1015.9,-5.63,394.32,-0.01,29.9917,13.7484,472.9,61.9,1496.853, NAN, NAN, NAN, NAN,,2024/04/18 05:00:49.075,2024-04-18 05:00:49.075000+00:00
2024/04/18, 05:01:49.076,35.935,-74.977, NAN,90.02,90.75,10.64,16.7,16.7,1013.9,1013.8,0.0,0.0,85.13,78.53,97,95,8.3,8.0,94.4,94.5,10.5,10.0,218.3,217.9,1016.0,1015.9,-5.66,394.34,-0.01,29.9908,13.7678,472.4,61.5,1496.916, NAN, NAN, NAN, NAN,,2024/04/18 05:01:49.076,2024-04-18 05:01:49.076000+00:00
2024/04/18, 05:02:49.076,35.935,-74.974, NAN,89.32,93.31,10.83,16.7,16.7,1013.8,1013.7,0.0,0.0,85.13,78.53,97,96,8.1,8.2,94.5,94.4,10.2,10.2,219.2,218.3,1015.9,1015.8,-5.62,394.55,-0.01,29.9974,13.7748,471.8,61.6,1496.947, NAN, NAN, NAN, NAN,,2024/04/18 05:02:49.076,2024-04-18 05:02:49.076000+00:00
2024/04/18, 05:03:49.076,35.935,-74.97, NAN,88.71,91.19,10.88,16.7,16.7,1013.8,1013.7,0.0,0.0,85.13,78.53,93,92,8.0,8.4,94.4,94.4,9.9,10.1,216.2,214.3,1015.9,1015.8,-5.6,394.86,-0.01,30.0114,13.7836,471.2,61.7,1496.993, NAN, NAN, NAN, NAN,,2024/04/18 05:03:49.076,2024-04-18 05:03:49.076000+00:00
2024/04/18, 05:04:49.076,35.935,-74.966, NAN,88.36,87.42,10.84,16.7,16.7,1013.7,1013.7,0.0,0.0,85.13,78.53,94,94,8.4,8.7,94.4,94.6,10.4,10.6,214.8,213.9,1015.8,1015.8,-5.62,394.85,-0.01,30.0222,13.79,470.2,62.0,1497.026, NAN, NAN, NAN, NAN,,2024/04/18 05:04:49.076,2024-04-18 05:04:49.076000+00:00
2024/04/18, 05:05:49.076,35.935,-74.963, NAN,90.15,91.57,10.76,16.7,16.7,1013.8,1013.7,0.0,0.0,85.13,78.53,95,96,8.0,8.3,94.6,94.8,10.0,10.4,218.5,218.3,1015.9,1015.8,-5.56,394.3,-0.01,30.033,13.7882,470.8,61.8,1497.033, NAN, NAN, NAN, NAN,,2024/04/18 05:05:49.076,2024-04-18 05:05:49.076000+00:00
2024/04/18, 05:06:49.076,35.935,-74.959, NAN,88.41,89.17,10.69,16.7,16.7,1013.8,1013.7,0.0,0.0,85.13,78.53,94,95,8.1,8.2,94.3,94.4,10.0,10.2,215.6,216.0,1015.9,1015.8,-5.59,394.58,-0.01,30.0465,13.7943,469.1,61.8,1497.069, NAN, NAN, NAN, NAN,,2024/04/18 05:06:49.076,2024-04-18 05:06:49.076000+00:00
2024/04/18, 05:07:49.076,35.935,-74.955, NAN,88.14,92.2,10.8,16.7,16.7,1013.8,1013.7,0.0,0.0,85.13,78.53,91,93,8.5,8.6,94.3,94.4,10.1,10.3,212.6,213.7,1015.9,1015.8,-5.62,394.78,-0.01,30.0599,13.8051,470.2,61.8,1497.121, NAN, NAN, NAN, NAN,,2024/04/18 05:07:49.076,2024-04-18 05:07:49.076000+00:00
2024/04/18, 05:08:49.076,35.935,-74.952, NAN,88.7,90.08,10.94,16.7,16.7,1013.8,1013.8,0.0,0.0,85.13,78.53,93,93,8.8,9.2,94.3,94.2,10.6,10.9,213.8,212.7,1015.9,1015.9,-5.54,395.31,-0.01,30.0689,13.7187,468.4,61.7,1496.845, NAN, NAN, NAN, NAN,,2024/04/18 05:08:49.076,2024-04-18 05:08:49.076000+00:00
2024/04/18, 05:09:49.076,35.935,-74.948, NAN,88.76,91.12,10.91,16.7,16.7,1013.7,1013.7,0.0,0.0,85.13,78.53,95,94,9.1,9.1,94.5,94.7,10.9,10.9,214.5,213.8,1015.8,1015.8,-5.52,395.27,-0.01,30.0759,13.6242,469.1,61.7,1496.54, NAN, NAN, NAN, NAN,,2024/04/18 05:09:49.076,2024-04-18 05:09:49.076000+00:00
2024/04/18, 05:10:49.076,35.935,-74.944, NAN,88.75,93.16,10.98,16.7,16.7,1013.8,1013.7,0.0,0.0,85.13,78.53,93,93,8.3,8.8,94.5,94.5,10.2,10.6,215.4,213.9,1015.9,1015.8,-5.5,395.0,-0.01,30.0748,13.5577,467.8,61.6,1496.317, NAN, NAN, NAN, NAN,,2024/04/18 05:10:49.076,2024-04-18 05:10:49.076000+00:00
2024/04/18, 05:11:49.076,35.935,-74.94, NAN,87.82,91.06,11.15,16.7,16.7,1013.7,1013.5,0.0,0.0,85.13,78.53,96,94,9.0,9.4,94.1,94.2,11.0,11.2,215.1,212.6,1015.8,1015.6,-5.54,395.55,-0.01,30.0565,13.5277,466.0,61.3,1496.196, NAN, NAN, NAN, NAN,,2024/04/18 05:11:49.076,2024-04-18 05:11:49.076000+00:00
2024/04/18, 05:12:49.076,35.936,-74.936, NAN,89.31,88.91,11.23,16.7,16.7,1013.6,1013.6,0.0,0.0,85.13,78.53,93,93,9.1,9.5,94.4,94.5,11.0,11.4,213.8,212.8,1015.7,1015.7,-5.52,395.85,-0.01,30.0356,13.5215,463.5,61.6,1496.151, NAN, NAN, NAN, NAN,,2024/04/18 05:12:49.076,2024-04-18 05:12:49.076000+00:00
2024/04/18, 05:13:49.076,35.936,-74.933, NAN,89.05,90.25,11.21,16.7,16.7,1013.6,1013.6,0.0,0.0,85.13,78.53,93,92,9.0,9.2,94.5,94.7,10.9,11.0,213.8,212.6,1015.7,1015.7,-5.52,394.96,-0.01,30.0158,13.5194,462.4,61.5,1496.12, NAN, NAN, NAN, NAN,,2024/04/18 05:13:49.076,2024-04-18 05:13:49.076000+00:00
2024/04/18, 05:14:49.076,35.936,-74.929, NAN,88.96,89.86,11.29,16.7,16.8,1013.6,1013.6,0.0,0.0,85.13,78.53,91,92,9.2,9.5,94.1,94.1,10.9,11.3,212.1,212.0,1015.7,1015.7,-5.48,395.79,-0.01,30.0,13.5182,461.1,61.5,1496.098, NAN, NAN, NAN, NAN,,2024/04/18 05:14:49.076,2024-04-18 05:14:49.076000+00:00
2024/04/18, 05:15:49.076,35.936,-74.925, NAN,89.65,89.59,11.07,16.7,16.8,1013.6,1013.6,0.0,0.0,85.13,78.53,89,90,9.0,9.0,94.4,94.4,10.5,10.6,211.4,212.1,1015.7,1015.7,-5.51,394.87,-0.01,29.99,13.4955,460.8,61.6,1496.01, NAN, NAN, NAN, NAN,,2024/04/18 05:15:49.076,2024-04-18 05:15:49.076000+00:00
2024/04/18, 05:16:49.076,35.936,-74.921, NAN,88.35,91.0,10.9,16.7,16.7,1013.6,1013.6,0.0,0.0,85.13,78.53,92,92,9.4,9.3,93.9,93.9,11.0,10.9,211.0,211.3,1015.7,1015.7,-5.52,395.32,-0.01,29.9865,13.475,459.8,61.6,1495.938, NAN, NAN, NAN, NAN,,2024/04/18 05:16:49.076,2024-04-18 05:16:49.076000+00:00
2024/04/18, 05:17:49.077,35.936,-74.918, NAN,88.82,87.72,10.92,16.7,16.7,1013.6,1013.6,0.0,0.0,85.13,78.53,94,92,9.2,9.4,94.1,94.2,11.1,11.1,213.2,211.3,1015.7,1015.7,-5.42,395.36,-0.0,29.9794,13.484,459.8,61.8,1495.959, NAN, NAN, NAN, NAN,,2024/04/18 05:17:49.077,2024-04-18 05:17:49.077000+00:00
2024/04/18, 05:18:49.077,35.936,-74.914, NAN,89.07,87.45,10.99,16.7,16.7,1013.6,1013.6,0.0,0.0,85.13,78.53,93,93,8.8,9.0,94.2,94.1,10.7,10.9,213.7,213.2,1015.7,1015.7,-5.52,395.24,-0.01,29.9826,13.4918,459.5,61.6,1495.989, NAN, NAN, NAN, NAN,,2024/04/18 05:18:49.077,2024-04-18 05:18:49.077000+00:00
2024/04/18, 05:19:49.077,35.936,-74.91, NAN,88.39,92.03,10.97,16.7,16.7,1013.6,1013.6,0.0,0.0,85.13,78.53,95,96,8.9,9.1,93.8,93.8,10.8,11.0,214.8,215.0,1015.7,1015.7,-5.58,395.26,-0.01,29.9825,13.4963,459.3,61.9,1496.004, NAN, NAN, NAN, NAN,,2024/04/18 05:19:49.077,2024-04-18 05:19:49.077000+00:00
2024/04/18, 05:20:49.077,35.936,-74.906, NAN,88.28,89.61,11.1,16.6,16.7,1013.6,1013.6,0.0,0.0,85.13,78.53,97,95,9.4,8.9,93.8,93.8,11.5,10.9,214.9,214.8,1015.7,1015.7,-5.55,395.13,-0.01,29.9817,13.498,459.8,61.8,1496.009, NAN, NAN, NAN, NAN,,2024/04/18 05:20:49.077,2024-04-18 05:20:49.077000+00:00
2024/04/18, 05:21:49.077,35.936,-74.902, NAN,88.99,88.7,10.89,16.6,16.6,1013.6,1013.6,0.0,0.0,85.13,78.53,99,99,9.2,8.9,93.9,93.8,11.5,11.2,216.9,217.6,1015.7,1015.7,-5.49,395.69,-0.01,29.9855,13.4928,459.3,61.8,1495.996, NAN, NAN, NAN, NAN,,2024/04/18 05:21:49.077,2024-04-18 05:21:49.077000+00:00
2024/04/18, 05:22:49.077,35.936,-74.899, NAN,88.86,90.04,11.02,16.6,16.6,1013.6,1013.6,0.0,0.0,85.13,78.53,99,95,9.1,9.5,94.2,94.2,11.4,11.4,217.3,213.5,1015.7,1015.7,-5.53,396.02,-0.01,29.9897,13.4826,459.0,61.5,1495.967, NAN, NAN, NAN, NAN,,2024/04/18 05:22:49.077,2024-04-18 05:22:49.077000+00:00
2024/04/18, 05:23:49.077,35.936,-74.895, NAN,87.49,90.98,11.2,16.6,16.6,1013.6,1013.7,0.0,0.0,85.13,78.53,100,99,8.8,9.1,94.6,94.8,11.1,11.3,218.3,216.9,1015.7,1015.8,-5.59,396.83,-0.02,29.9936,13.4662,458.4,61.8,1495.917, NAN, NAN, NAN, NAN,,2024/04/18 05:23:49.077,2024-04-18 05:23:49.077000+00:00
2024/04/18, 05:24:49.077,35.936,-74.891, NAN,88.55,87.08,11.17,16.6,16.6,1013.6,1013.6,0.0,0.0,85.13,78.53,99,98,8.8,8.8,94.6,94.7,11.3,11.3,217.5,216.8,1015.7,1015.7,-5.6,397.2,-0.01,30.0046,13.4606,458.4,62.0,1495.911, NAN, NAN, NAN, NAN,,2024/04/18 05:24:49.077,2024-04-18 05:24:49.077000+00:00
2024/04/18, 05:25:49.077,35.936,-74.887, NAN,89.97,94.71,11.17,16.6,16.6,1013.7,1013.6,0.0,0.0,85.13,78.53,94,93,8.7,8.6,94.9,94.7,10.6,10.4,216.9,216.5,1015.8,1015.7,-5.6,397.2,-0.01,30.0334,13.4706,460.1,61.9,1495.978, NAN, NAN, NAN, NAN,,2024/04/18 05:25:49.077,2024-04-18 05:25:49.077000+00:00
2024/04/18, 05:26:49.077,35.936,-74.883, NAN,89.09,87.15,11.1,16.7,16.7,1013.7,1013.6,0.0,0.0,85.13,78.53,95,95,8.3,8.2,95.2,95.2,10.5,10.5,216.7,217.0,1015.8,1015.7,-5.53,397.33,-0.01,30.0419,13.4852,457.7,61.8,1496.037, NAN, NAN, NAN, NAN,,2024/04/18 05:26:49.077,2024-04-18 05:26:49.077000+00:00
2024/04/18, 05:27:49.077,35.936,-74.88, NAN,89.5,88.29,11.11,16.8,16.8,1013.6,1013.6,0.0,0.0,85.13,78.53,94,94,7.9,8.4,95.0,95.2,10.1,10.5,217.9,216.4,1015.7,1015.7,-5.44,396.95,-0.01,30.0477,13.4938,457.7,61.6,1496.073, NAN, NAN, NAN, NAN,,2024/04/18 05:27:49.077,2024-04-18 05:27:49.077000+00:00
2024/04/18, 05:28:49.077,35.936,-74.876, NAN,88.67,88.85,11.02,16.8,16.9,1013.7,1013.7,0.0,0.0,85.13,78.53,94,93,8.3,8.6,94.5,94.5,10.3,10.5,215.9,214.3,1015.8,1015.8,-5.4,396.85,-0.01,30.0481,13.5069,456.4,61.7,1496.117, NAN, NAN, NAN, NAN,,2024/04/18 05:28:49.077,2024-04-18 05:28:49.077000+00:00
2024/04/18, 05:29:49.077,35.936,-74.872, NAN,88.08,92.47,11.01,16.8,16.9,1013.7,1013.7,0.0,0.0,85.13,78.53,94,92,8.1,8.5,94.0,93.9,10.0,10.1,216.7,214.0,1015.8,1015.8,-5.48,396.54,-0.01,30.0697,13.5225,456.4,61.9,1496.194, NAN, NAN, NAN, NAN,,2024/04/18 05:29:49.077,2024-04-18 05:29:49.077000+00:00
2024/04/18, 05:30:49.077,35.936,-74.868, NAN,88.5,93.56,11.15,16.8,16.8,1013.6,1013.5,0.0,0.0,85.13,78.53,94,94,8.6,8.8,94.0,94.0,10.4,10.6,215.8,215.2,1015.7,1015.6,-5.4,396.33,-0.01,30.1047,13.539,455.6,61.9,1496.29, NAN, NAN, NAN, NAN,,2024/04/18 05:30:49.077,2024-04-18 05:30:49.077000+00:00
2024/04/18, 05:31:49.077,35.936,-74.864, NAN,88.8,87.24,11.09,16.8,16.8,1013.7,1013.7,0.0,0.0,85.13,78.53,95,93,8.4,8.4,93.8,93.9,10.6,10.4,216.2,214.8,1015.8,1015.8,-5.46,395.47,-0.01,30.1169,13.5526,453.4,61.6,1496.35, NAN, NAN, NAN, NAN,,2024/04/18 05:31:49.077,2024-04-18 05:31:49.077000+00:00
2024/04/18, 05:32:49.077,35.936,-74.861, NAN,89.44,88.28,11.22,16.7,16.8,1013.6,1013.6,0.0,0.0,85.13,78.53,93,94,8.7,8.7,93.4,93.8,10.7,10.8,214.8,215.5,1015.7,1015.7,-5.49,395.85,-0.01,30.1232,13.5541,453.4,61.6,1496.362, NAN, NAN, NAN, NAN,,2024/04/18 05:32:49.077,2024-04-18 05:32:49.077000+00:00
2024/04/18, 05:33:49.078,35.936,-74.857, NAN,88.06,92.26,11.45,16.6,16.7,1013.7,1013.7,0.0,0.0,85.13,78.53,93,94,8.4,8.8,94.0,94.0,10.3,10.7,216.1,215.5,1015.8,1015.8,-5.53,395.99,-0.01,30.202,13.5487,452.9,61.6,1496.437, NAN, NAN, NAN, NAN,,2024/04/18 05:33:49.078,2024-04-18 05:33:49.078000+00:00
2024/04/18, 05:34:49.078,35.936,-74.853, NAN,87.91,93.18,11.48,16.6,16.7,1013.7,1013.6,0.0,0.0,85.13,78.53,98,96,8.4,8.4,94.6,94.7,10.6,10.5,219.4,218.1,1015.8,1015.7,-5.6,395.64,-0.01,30.4749,13.53,452.9,61.6,1496.696, NAN, NAN, NAN, NAN,,2024/04/18 05:34:49.078,2024-04-18 05:34:49.078000+00:00
2024/04/18, 05:35:49.078,35.936,-74.849, NAN,88.86,93.82,11.37,16.7,16.7,1013.7,1013.7,0.0,0.0,85.13,78.53,94,95,8.0,8.3,94.7,94.8,10.0,10.3,218.6,218.3,1015.8,1015.8,-5.65,395.74,-0.01,30.7005,13.4953,454.0,61.5,1496.846, NAN, NAN, NAN, NAN,,2024/04/18 05:35:49.078,2024-04-18 05:35:49.078000+00:00
2024/04/18, 05:36:49.078,35.936,-74.845, NAN,88.68,89.32,11.36,16.7,16.7,1013.7,1013.6,0.0,0.0,85.13,78.53,96,94,8.7,8.4,94.5,94.6,10.9,10.5,216.9,216.5,1015.8,1015.7,-5.58,395.3,-0.01,30.706,13.4647,451.3,61.6,1496.75, NAN, NAN, NAN, NAN,,2024/04/18 05:36:49.078,2024-04-18 05:36:49.078000+00:00
2024/04/18, 05:37:49.078,35.936,-74.841, NAN,89.59,84.53,11.14,16.7,16.7,1013.7,1013.7,0.0,0.0,85.13,78.53,98,96,8.1,8.1,94.1,94.0,10.7,10.5,219.5,218.2,1015.8,1015.8,-5.56,394.75,-0.01,30.9392,13.4271,451.0,61.5,1496.9, NAN, NAN, NAN, NAN,,2024/04/18 05:37:49.078,2024-04-18 05:37:49.078000+00:00
2024/04/18, 05:38:49.078,35.936,-74.838, NAN,89.15,90.03,11.08,16.6,16.6,1013.7,1013.7,0.0,0.0,85.13,78.53,96,96,7.7,8.0,94.1,94.2,9.9,10.2,219.9,219.0,1015.8,1015.8,-5.56,394.78,-0.01,30.9888,13.3568,450.4,61.2,1496.724, NAN, NAN, NAN, NAN,,2024/04/18 05:38:49.078,2024-04-18 05:38:49.078000+00:00
2024/04/18, 05:39:49.078,35.936,-74.834, NAN,88.47,83.89,11.22,16.6,16.6,1013.7,1013.7,0.0,0.0,85.13,78.53,96,98,7.9,7.9,94.4,94.4,10.3,10.5,218.1,219.4,1015.8,1015.8,-5.58,395.14,-0.01,31.147,13.2909,451.3,61.4,1496.69, NAN, NAN, NAN, NAN,,2024/04/18 05:39:49.078,2024-04-18 05:39:49.078000+00:00
2024/04/18, 05:40:49.078,35.936,-74.83, NAN,89.59,86.08,10.93,16.6,16.6,1013.7,1013.7,0.0,0.0,85.13,78.53,97,96,7.9,7.7,94.8,94.8,10.3,10.1,219.1,219.0,1015.8,1015.8,-5.7,395.24,-0.01,31.2818,13.2297,449.2,61.5,1496.645, NAN, NAN, NAN, NAN,,2024/04/18 05:40:49.078,2024-04-18 05:40:49.078000+00:00
2024/04/18, 05:41:49.078,35.936,-74.826, NAN,88.75,89.85,11.22,16.7,16.7,1013.7,1013.7,0.0,0.0,85.13,78.53,94,95,7.8,8.0,95.0,95.1,9.9,10.2,218.2,218.2,1015.8,1015.8,-5.53,395.39,-0.01,31.3138,13.1526,448.9,61.3,1496.425, NAN, NAN, NAN, NAN,,2024/04/18 05:41:49.078,2024-04-18 05:41:49.078000+00:00
2024/04/18, 05:42:49.078,35.936,-74.822, NAN,88.4,85.9,11.32,16.7,16.7,1013.7,1013.7,0.0,0.0,85.13,78.53,95,94,7.8,8.0,94.9,94.8,10.2,10.3,218.0,216.7,1015.8,1015.8,-5.57,395.53,-0.01,31.2282,13.0774,447.6,61.4,1496.071, NAN, NAN, NAN, NAN,,2024/04/18 05:42:49.078,2024-04-18 05:42:49.078000+00:00
2024/04/18, 05:43:49.078,35.936,-74.818, NAN,89.07,89.8,11.4,16.7,16.7,1013.7,1013.6,0.0,0.0,85.13,78.53,93,94,7.9,7.9,94.8,95.0,10.1,10.2,217.4,218.1,1015.8,1015.7,-5.58,395.06,-0.01,31.2591,13.0045,447.3,61.3,1495.863, NAN, NAN, NAN, NAN,,2024/04/18 05:43:49.078,2024-04-18 05:43:49.078000+00:00
2024/04/18, 05:44:49.078,35.936,-74.815, NAN,88.24,91.27,11.35,16.6,16.7,1013.6,1013.7,0.0,0.0,85.13,78.53,96,95,8.1,8.2,94.0,94.8,10.4,10.4,218.4,217.5,1015.7,1015.8,-5.63,395.64,-0.01,31.3065,12.9428,448.0,61.4,1495.711, NAN, NAN, NAN, NAN,,2024/04/18 05:44:49.078,2024-04-18 05:44:49.078000+00:00
2024/04/18, 05:45:49.078,35.936,-74.811, NAN,88.47,91.66,11.15,16.7,16.7,1013.7,1013.5,0.0,0.0,85.13,78.53,94,95,7.8,8.0,94.7,94.8,9.9,10.1,217.9,217.9,1015.8,1015.6,-5.57,395.07,-0.01,31.2893,12.8791,447.0,61.3,1495.476, NAN, NAN, NAN, NAN,,2024/04/18 05:45:49.078,2024-04-18 05:45:49.078000+00:00
2024/04/18, 05:46:49.078,35.936,-74.807, NAN,89.3,89.89,11.28,16.7,16.7,1013.7,1013.6,0.0,0.0,85.13,78.53,95,95,8.0,8.2,94.5,94.7,10.2,10.4,218.7,218.1,1015.8,1015.7,-5.58,395.43,-0.01,31.2496,12.6832,448.0,61.8,1494.767, NAN, NAN, NAN, NAN,,2024/04/18 05:46:49.078,2024-04-18 05:46:49.078000+00:00
2024/04/18, 05:47:49.078,35.936,-74.803, NAN,89.66,87.6,11.17,16.7,16.7,1013.7,1013.6,0.0,0.0,85.13,78.53,98,97,8.1,8.1,94.6,94.6,10.7,10.6,219.8,219.1,1015.8,1015.7,-5.59,396.77,-0.01,31.2469,12.501,444.9,62.2,1494.144, NAN, NAN, NAN, NAN,,2024/04/18 05:47:49.078,2024-04-18 05:47:49.078000+00:00
2024/04/18, 05:48:49.078,35.936,-74.799, NAN,88.74,87.78,10.96,16.7,16.8,1013.6,1013.6,0.0,0.0,85.13,78.53,94,95,7.5,7.7,95.4,95.5,9.7,9.9,218.2,218.2,1015.7,1015.7,-5.61,395.34,-0.01,31.3443,12.3971,444.6,62.2,1493.906, NAN, NAN, NAN, NAN,,2024/04/18 05:48:49.078,2024-04-18 05:48:49.078000+00:00
2024/04/18, 05:49:49.079,35.936,-74.795, NAN,88.58,90.28,11.05,16.8,16.8,1013.7,1013.6,0.0,0.0,85.13,78.53,93,94,7.4,7.5,94.5,94.6,9.5,9.6,218.4,218.7,1015.8,1015.7,-5.51,395.75,-0.01,31.4921,12.3492,444.6,61.9,1493.918, NAN, NAN, NAN, NAN,,2024/04/18 05:49:49.079,2024-04-18 05:49:49.079000+00:00
2024/04/18, 05:50:49.079,35.937,-74.792, NAN,88.94,89.65,11.02,16.8,16.8,1013.6,1013.6,0.0,0.0,85.13,78.53,92,92,7.1,7.5,94.7,94.8,9.2,9.5,219.0,217.5,1015.7,1015.7,-5.48,394.54,-0.01,31.5769,12.3406,446.7,61.8,1493.989, NAN, NAN, NAN, NAN,,2024/04/18 05:50:49.079,2024-04-18 05:50:49.079000+00:00
2024/04/18, 05:51:49.079,35.937,-74.788, NAN,88.49,92.07,11.28,16.8,16.8,1013.6,1013.7,0.0,0.0,85.13,78.53,91,91,7.3,7.7,93.9,94.1,9.3,9.6,218.1,216.6,1015.7,1015.8,-5.43,394.63,-0.01,31.626,12.3674,447.6,62.2,1494.139, NAN, NAN, NAN, NAN,,2024/04/18 05:51:49.079,2024-04-18 05:51:49.079000+00:00
2024/04/18, 05:52:49.079,35.937,-74.784, NAN,88.01,87.57,11.25,16.7,16.8,1013.7,1013.6,0.0,0.0,85.13,78.53,95,94,7.8,7.9,93.8,93.9,10.1,10.1,217.9,216.9,1015.8,1015.7,-5.51,394.78,-0.01,31.6467,12.3635,447.3,62.0,1494.15, NAN, NAN, NAN, NAN,,2024/04/18 05:52:49.079,2024-04-18 05:52:49.079000+00:00
2024/04/18, 05:53:49.079,35.937,-74.78, NAN,88.54,85.78,11.35,16.7,16.7,1013.6,1013.6,0.0,0.0,85.13,78.53,94,94,7.7,7.8,94.3,94.2,10.1,10.2,217.8,217.5,1015.7,1015.7,-5.46,395.11,-0.01,31.6527,12.3947,447.0,62.2,1494.264, NAN, NAN, NAN, NAN,,2024/04/18 05:53:49.079,2024-04-18 05:53:49.079000+00:00
2024/04/18, 05:54:49.079,35.937,-74.776, NAN,89.21,93.39,11.25,16.7,16.8,1013.6,1013.6,0.0,0.0,85.13,78.53,92,93,8.0,7.9,94.6,94.6,9.8,9.8,217.2,218.2,1015.7,1015.7,-5.52,395.04,-0.01,31.6656,12.3671,448.0,61.8,1494.185, NAN, NAN, NAN, NAN,,2024/04/18 05:54:49.079,2024-04-18 05:54:49.079000+00:00
2024/04/18, 05:55:49.079,35.937,-74.772, NAN,88.51,89.46,11.41,16.8,16.8,1013.6,1013.6,0.0,0.0,85.13,78.53,93,92,7.9,8.2,94.7,94.8,10.0,10.2,217.3,215.7,1015.7,1015.7,-5.56,395.39,-0.01,31.6745,12.2734,448.3,61.9,1493.876, NAN, NAN, NAN, NAN,,2024/04/18 05:55:49.079,2024-04-18 05:55:49.079000+00:00
2024/04/18, 05:56:49.079,35.937,-74.769, NAN,89.32,90.46,10.95,16.8,16.9,1013.6,1013.4,0.0,0.0,85.13,78.53,97,97,8.4,7.9,94.2,94.3,10.6,10.2,218.1,219.6,1015.7,1015.5,-5.46,394.93,-0.01,31.6764,12.2169,449.2,62.4,1493.684, NAN, NAN, NAN, NAN,,2024/04/18 05:56:49.079,2024-04-18 05:56:49.079000+00:00
2024/04/18, 05:57:49.079,35.937,-74.765, NAN,89.39,89.24,11.01,16.9,16.9,1013.5,1013.6,0.0,0.0,85.13,78.53,96,96,8.1,8.1,94.3,94.2,10.4,10.4,217.9,217.9,1015.6,1015.7,-5.5,395.64,-0.01,31.6955,12.1735,449.2,62.2,1493.558, NAN, NAN, NAN, NAN,,2024/04/18 05:57:49.079,2024-04-18 05:57:49.079000+00:00
2024/04/18, 05:58:49.079,35.937,-74.761, NAN,71.17,78.44,10.57,16.9,17.0,1013.5,1013.5,0.0,0.0,85.13,78.53,116,105,7.7,7.7,94.6,94.8,10.8,10.0,215.7,208.7,1015.6,1015.6,-5.42,395.77,-0.01,31.7014,12.1489,448.9,62.0,1493.481, NAN, NAN, NAN, NAN,,2024/04/18 05:58:49.079,2024-04-18 05:58:49.079000+00:00
2024/04/18, 05:59:49.079,35.939,-74.759, NAN,21.24,21.22,9.41,17.0,17.0,1013.5,1013.6,0.0,0.0,85.13,78.53,219,220,6.0,4.6,94.3,94.3,10.2,8.8,222.6,220.4,1015.6,1015.7,-5.46,395.23,-0.01,31.7008,12.129,452.3,61.5,1493.412, NAN, NAN, NAN, NAN,,2024/04/18 05:59:49.079,2024-04-18 05:59:49.079000+00:00
2024/04/18, 06:00:49.079,35.941,-74.758, NAN,5.59,9.55,10.16,17.0,17.0,1013.6,1013.5,0.0,0.0,85.13,78.53,237,245,6.1,5.0,93.5,92.8,10.1,8.8,218.3,219.3,1015.7,1015.6,-5.45,395.17,-0.01,31.7056,12.119,451.0,61.7,1493.383, NAN, NAN, NAN, NAN,,2024/04/18 06:00:49.079,2024-04-18 06:00:49.079000+00:00
2024/04/18, 06:01:49.079,35.944,-74.758, NAN,0.23,4.11,10.45,17.0,17.1,1013.6,1013.5,0.0,0.0,85.13,78.53,245,247,6.3,6.7,94.3,94.3,10.0,10.3,217.2,219.4,1015.7,1015.6,-5.41,395.28,-0.01,31.7016,12.1141,452.0,61.8,1493.362, NAN, NAN, NAN, NAN,,2024/04/18 06:01:49.079,2024-04-18 06:01:49.079000+00:00
2024/04/18, 06:02:49.079,35.947,-74.758, NAN,357.04,358.18,10.86,17.1,17.1,1013.6,1013.5,0.0,0.0,85.13,78.53,248,244,6.4,6.3,93.5,93.4,10.0,10.2,214.5,212.0,1015.7,1015.6,-5.37,394.58,-0.01,31.7007,12.1265,452.9,61.8,1493.403, NAN, NAN, NAN, NAN,,2024/04/18 06:02:49.079,2024-04-18 06:02:49.079000+00:00
2024/04/18, 06:03:49.079,35.95,-74.758, NAN,357.92,1.81,11.11,17.1,17.1,1013.5,1013.5,0.0,0.0,85.13,78.53,248,247,6.6,6.3,93.2,93.2,10.4,10.2,216.4,215.0,1015.6,1015.6,-5.43,394.02,-0.01,31.703,12.1225,454.7,62.0,1493.392, NAN, NAN, NAN, NAN,,2024/04/18 06:03:49.079,2024-04-18 06:03:49.079000+00:00
2024/04/18, 06:04:49.079,35.953,-74.758, NAN,358.59,359.62,11.12,17.0,17.0,1013.5,1013.4,0.0,0.0,85.13,78.53,244,246,6.0,5.7,92.9,92.7,10.0,9.6,211.9,212.0,1015.6,1015.5,-5.47,393.51,-0.01,31.7064,12.1263,454.0,61.8,1493.409, NAN, NAN, NAN, NAN,,2024/04/18 06:04:49.079,2024-04-18 06:04:49.079000+00:00
2024/04/18, 06:05:49.080,35.956,-74.757, NAN,359.65,0.69,10.97,17.0,17.0,1013.5,1013.4,0.0,0.0,85.13,78.53,245,246,5.7,5.1,92.7,92.6,9.7,9.1,213.4,211.9,1015.6,1015.5,-5.45,393.39,-0.01,31.7086,12.1335,454.0,62.1,1493.437, NAN, NAN, NAN, NAN,,2024/04/18 06:05:49.080,2024-04-18 06:05:49.080000+00:00
2024/04/18, 06:06:49.080,35.959,-74.757, NAN,358.98,2.54,10.98,16.9,16.9,1013.5,1013.5,0.0,0.0,85.13,78.53,250,249,5.7,5.8,92.8,92.9,9.5,9.6,215.7,215.5,1015.6,1015.6,-5.58,393.37,-0.01,31.7104,12.156,453.1,62.0,1493.516, NAN, NAN, NAN, NAN,,2024/04/18 06:06:49.080,2024-04-18 06:06:49.080000+00:00
2024/04/18, 06:07:49.080,35.963,-74.757, NAN,358.72,1.99,11.05,16.9,16.9,1013.6,1013.6,0.0,0.0,85.13,78.53,258,255,5.6,5.8,92.5,92.7,9.0,9.3,218.9,218.2,1015.7,1015.7,-5.65,392.95,-0.01,31.7107,12.1733,452.6,62.0,1493.576, NAN, NAN, NAN, NAN,,2024/04/18 06:07:49.080,2024-04-18 06:07:49.080000+00:00
2024/04/18, 06:08:49.080,35.966,-74.757, NAN,358.99,359.78,11.01,16.8,16.8,1013.7,1013.6,0.0,0.0,85.13,78.53,263,261,5.7,5.4,92.5,92.6,8.6,8.5,221.2,218.9,1015.8,1015.7,-5.83,392.52,-0.01,31.7101,12.1745,452.9,62.1,1493.579, NAN, NAN, NAN, NAN,,2024/04/18 06:08:49.080,2024-04-18 06:08:49.080000+00:00
2024/04/18, 06:09:49.080,35.969,-74.757, NAN,359.11,2.63,11.02,16.7,16.7,1013.7,1013.8,0.0,0.0,85.13,78.53,265,263,5.1,5.4,92.8,92.8,8.2,8.5,220.7,221.1,1015.8,1015.9,-5.92,392.12,-0.01,31.71,12.1938,452.3,61.9,1493.645, NAN, NAN, NAN, NAN,,2024/04/18 06:09:49.080,2024-04-18 06:09:49.080000+00:00
2024/04/18, 06:10:49.080,35.972,-74.757, NAN,356.82,0.42,10.95,16.6,16.7,1013.8,1013.6,0.0,0.0,85.13,78.53,268,263,5.4,5.6,92.9,92.9,8.2,8.6,221.6,220.0,1015.9,1015.7,-6.07,392.46,-0.01,31.7131,12.2226,453.4,61.6,1493.748, NAN, NAN, NAN, NAN,,2024/04/18 06:10:49.080,2024-04-18 06:10:49.080000+00:00
2024/04/18, 06:11:49.080,35.975,-74.757, NAN,358.23,3.63,10.88,16.6,16.6,1013.7,1013.6,0.0,0.0,85.13,78.53,261,268,4.8,5.0,93.5,93.7,8.2,7.9,217.6,221.7,1015.8,1015.7,-5.92,391.86,-0.01,31.7144,12.2515,452.6,61.7,1493.848, NAN, NAN, NAN, NAN,,2024/04/18 06:11:49.080,2024-04-18 06:11:49.080000+00:00
2024/04/18, 06:12:49.080,35.978,-74.757, NAN,357.37,1.19,10.89,16.5,16.5,1013.7,1013.5,0.0,0.0,85.13,78.53,266,263,5.8,5.3,93.3,93.5,8.7,8.5,223.6,220.0,1015.8,1015.6,-6.11,392.31,-0.01,31.717,12.2649,452.9,61.8,1493.897, NAN, NAN, NAN, NAN,,2024/04/18 06:12:49.080,2024-04-18 06:12:49.080000+00:00
2024/04/18, 06:13:49.080,35.981,-74.757, NAN,357.84,1.89,10.88,16.5,16.5,1013.8,1013.6,0.0,0.0,85.13,78.53,267,265,5.5,5.0,93.8,93.8,8.3,8.1,222.9,219.6,1015.9,1015.7,-6.11,391.5,-0.01,31.7155,12.2909,452.0,62.0,1493.984, NAN, NAN, NAN, NAN,,2024/04/18 06:13:49.080,2024-04-18 06:13:49.080000+00:00
2024/04/18, 06:14:49.080,35.984,-74.756, NAN,357.03,1.79,10.95,16.5,16.5,1013.6,1013.6,0.0,0.0,85.13,78.53,263,263,5.8,5.7,93.6,93.8,8.9,8.8,221.7,221.3,1015.7,1015.7,-6.12,391.65,-0.02,31.718,12.2986,450.4,62.0,1494.014, NAN, NAN, NAN, NAN,,2024/04/18 06:14:49.080,2024-04-18 06:14:49.080000+00:00
2024/04/18, 06:15:49.080,35.987,-74.756, NAN,357.4,4.05,11.09,16.4,16.4,1013.7,1013.6,0.0,0.0,85.13,78.53,264,265,5.7,5.4,93.9,93.9,8.9,8.6,222.5,221.7,1015.8,1015.7,-6.13,391.54,-0.01,31.7185,12.2949,449.6,61.9,1494.001, NAN, NAN, NAN, NAN,,2024/04/18 06:15:49.080,2024-04-18 06:15:49.080000+00:00
2024/04/18, 06:16:49.080,35.99,-74.756, NAN,358.15,0.74,11.11,16.4,16.4,1013.6,1013.6,0.0,0.0,85.13,78.53,263,262,5.6,5.3,93.9,93.9,8.6,8.5,220.3,218.5,1015.7,1015.7,-6.13,391.34,-0.01,31.7201,12.2709,449.2,61.9,1493.921, NAN, NAN, NAN, NAN,,2024/04/18 06:16:49.080,2024-04-18 06:16:49.080000+00:00
2024/04/18, 06:17:49.080,35.993,-74.756, NAN,358.78,6.04,10.92,16.4,16.4,1013.6,1013.6,0.0,0.0,85.13,78.53,259,261,5.6,5.7,94.1,94.1,9.0,8.9,220.8,222.2,1015.7,1015.7,-6.14,391.72,-0.02,31.7207,12.2448,449.7,62.0,1493.833, NAN, NAN, NAN, NAN,,2024/04/18 06:17:49.080,2024-04-18 06:17:49.080000+00:00
2024/04/18, 06:18:49.080,35.996,-74.756, NAN,358.03,2.66,11.08,16.4,16.4,1013.6,1013.4,0.0,0.0,85.13,78.53,257,256,5.8,5.6,94.3,94.4,9.3,9.2,219.2,218.0,1015.7,1015.5,-6.11,391.73,-0.02,31.7199,12.2348,451.6,61.8,1493.797, NAN, NAN, NAN, NAN,,2024/04/18 06:18:49.080,2024-04-18 06:18:49.080000+00:00
2024/04/18, 06:19:49.080,35.999,-74.756, NAN,357.11,1.85,11.02,16.3,16.3,1013.5,1013.5,0.0,0.0,85.13,78.53,257,256,5.8,5.8,94.4,94.4,9.3,9.3,218.5,218.0,1015.6,1015.6,-6.01,391.99,-0.01,31.7202,12.223,451.0,61.8,1493.757, NAN, NAN, NAN, NAN,,2024/04/18 06:19:49.080,2024-04-18 06:19:49.080000+00:00
2024/04/18, 06:20:49.081,36.002,-74.756, NAN,358.78,2.86,10.91,16.3,16.3,1013.5,1013.3,0.0,0.0,85.13,78.53,255,252,5.7,5.5,94.7,94.7,9.2,9.2,218.3,216.1,1015.6,1015.4,-6.06,391.82,-0.01,31.7193,12.2144,451.6,61.8,1493.727, NAN, NAN, NAN, NAN,,2024/04/18 06:20:49.081,2024-04-18 06:20:49.081000+00:00
2024/04/18, 06:21:49.081,36.005,-74.755, NAN,358.29,4.46,10.83,16.3,16.3,1013.4,1013.4,0.0,0.0,85.13,78.53,250,249,5.7,5.7,94.7,94.4,9.6,9.6,216.7,216.2,1015.5,1015.5,-5.91,392.56,-0.02,31.7203,12.219,452.3,62.0,1493.744, NAN, NAN, NAN, NAN,,2024/04/18 06:21:49.081,2024-04-18 06:21:49.081000+00:00
2024/04/18, 06:22:49.081,36.008,-74.755, NAN,358.73,2.96,11.05,16.3,16.3,1013.4,1013.3,0.0,0.0,85.13,78.53,252,249,5.8,6.0,94.5,94.5,9.5,9.8,216.6,215.7,1015.5,1015.4,-6.08,392.71,-0.01,31.7177,12.2215,454.4,62.1,1493.749, NAN, NAN, NAN, NAN,,2024/04/18 06:22:49.081,2024-04-18 06:22:49.081000+00:00
2024/04/18, 06:23:49.081,36.011,-74.755, NAN,357.31,1.88,10.77,16.3,16.3,1013.3,1013.4,0.0,0.0,85.13,78.53,249,250,5.8,5.8,94.8,94.7,9.6,9.5,214.8,215.3,1015.4,1015.5,-5.98,393.32,-0.01,31.7157,12.2234,455.3,62.1,1493.753, NAN, NAN, NAN, NAN,,2024/04/18 06:23:49.081,2024-04-18 06:23:49.081000+00:00
2024/04/18, 06:24:49.081,36.014,-74.755, NAN,357.25,1.44,10.95,16.3,16.2,1013.3,1013.3,0.0,0.0,85.13,78.53,247,247,5.9,6.1,94.9,94.9,9.8,10.0,213.7,214.2,1015.4,1015.4,-5.96,393.73,-0.01,31.7114,12.2352,453.1,62.3,1493.789, NAN, NAN, NAN, NAN,,2024/04/18 06:24:49.081,2024-04-18 06:24:49.081000+00:00
2024/04/18, 06:25:49.081,36.017,-74.755, NAN,358.18,2.36,10.91,16.3,16.3,1013.3,1013.2,0.0,0.0,85.13,78.53,250,248,5.7,5.7,95.5,95.5,9.5,9.6,215.5,214.5,1015.4,1015.3,-5.93,394.48,-0.02,31.7109,12.2451,452.6,62.2,1493.822, NAN, NAN, NAN, NAN,,2024/04/18 06:25:49.081,2024-04-18 06:25:49.081000+00:00
2024/04/18, 06:26:49.081,36.021,-74.755, NAN,358.4,1.59,10.82,16.3,16.3,1013.3,1013.2,0.0,0.0,85.13,78.53,253,250,6.1,6.1,95.3,95.4,9.6,9.8,218.5,216.9,1015.4,1015.3,-5.71,394.82,-0.01,31.7136,12.2475,452.9,62.2,1493.833, NAN, NAN, NAN, NAN,,2024/04/18 06:26:49.081,2024-04-18 06:26:49.081000+00:00
2024/04/18, 06:27:49.081,36.024,-74.755, NAN,357.28,1.24,10.81,16.4,16.3,1013.3,1013.2,0.0,0.0,85.13,78.53,261,258,5.9,6.2,95.0,95.3,8.9,9.4,220.9,220.4,1015.4,1015.3,-5.7,394.17,-0.02,31.7145,12.2468,451.3,62.1,1493.832, NAN, NAN, NAN, NAN,,2024/04/18 06:27:49.081,2024-04-18 06:27:49.081000+00:00
2024/04/18, 06:28:49.081,36.027,-74.754, NAN,358.47,2.12,10.91,16.3,16.3,1013.4,1013.4,0.0,0.0,85.13,78.53,264,260,5.7,5.8,94.6,94.9,8.6,8.9,222.4,220.8,1015.5,1015.5,-5.61,393.93,-0.02,31.7088,12.2334,451.6,62.4,1493.779, NAN, NAN, NAN, NAN,,2024/04/18 06:28:49.081,2024-04-18 06:28:49.081000+00:00
2024/04/18, 06:29:49.081,36.03,-74.754, NAN,358.55,1.69,10.7,16.3,16.3,1013.3,1013.2,0.0,0.0,85.13,78.53,261,262,5.4,5.2,94.2,94.3,8.5,8.3,220.3,219.9,1015.4,1015.3,-5.76,393.89,-0.01,31.6983,12.2161,452.3,62.4,1493.708, NAN, NAN, NAN, NAN,,2024/04/18 06:29:49.081,2024-04-18 06:29:49.081000+00:00
2024/04/18, 06:30:49.081,36.033,-74.754, NAN,356.75,0.68,10.77,16.2,16.2,1013.3,1013.2,0.0,0.0,85.13,78.53,261,260,5.4,5.8,94.3,94.4,8.6,9.0,218.9,220.0,1015.4,1015.3,-5.93,394.37,-0.01,31.694,12.1823,455.6,62.3,1493.587, NAN, NAN, NAN, NAN,,2024/04/18 06:30:49.081,2024-04-18 06:30:49.081000+00:00
2024/04/18, 06:31:49.081,36.036,-74.754, NAN,359.18,3.03,10.71,16.2,16.2,1013.2,1013.2,0.0,0.0,85.13,78.53,258,254,5.5,5.2,95.0,95.1,8.8,8.8,220.0,216.8,1015.3,1015.3,-5.88,393.57,-0.01,31.6905,12.1853,454.4,62.3,1493.593, NAN, NAN, NAN, NAN,,2024/04/18 06:31:49.081,2024-04-18 06:31:49.081000+00:00
2024/04/18, 06:32:49.081,36.038,-74.754, NAN,323.01,335.18,9.51,16.2,16.2,1013.3,1013.2,0.0,0.0,85.13,78.53,277,276,8.1,7.4,95.0,95.2,10.0,9.4,210.9,208.2,1015.4,1015.3,-5.92,393.21,-0.01,31.6909,12.212,452.6,62.1,1493.685, NAN, NAN, NAN, NAN,,2024/04/18 06:32:49.081,2024-04-18 06:32:49.081000+00:00
2024/04/18, 06:33:49.081,36.04,-74.757, NAN,274.75,281.95,8.91,16.2,16.2,1013.3,1013.3,0.0,0.0,85.13,78.53,319,314,10.7,12.1,94.7,94.8,8.5,10.2,209.4,207.2,1015.4,1015.4,-5.76,393.43,-0.01,31.676,12.2345,452.0,61.5,1493.744, NAN, NAN, NAN, NAN,,2024/04/18 06:33:49.081,2024-04-18 06:33:49.081000+00:00
2024/04/18, 06:34:49.081,36.04,-74.76, NAN,272.41,278.48,9.5,16.2,16.2,1013.1,1013.0,0.0,0.0,85.13,78.53,328,324,11.5,12.8,94.7,94.9,8.1,9.7,219.3,217.0,1015.2,1015.1,-5.79,393.54,-0.01,31.6773,12.2439,453.1,61.8,1493.778, NAN, NAN, NAN, NAN,,2024/04/18 06:34:49.081,2024-04-18 06:34:49.081000+00:00
2024/04/18, 06:35:49.081,36.04,-74.763, NAN,266.57,268.32,8.6,16.2,16.2,1013.2,1012.8,0.0,0.0,85.13,78.53,330,325,11.8,13.1,94.7,95.0,8.4,9.9,220.5,216.1,1015.3,1014.9,-5.61,393.87,-0.01,31.6756,12.324,452.6,62.1,1494.05, NAN, NAN, NAN, NAN,,2024/04/18 06:35:49.081,2024-04-18 06:35:49.081000+00:00
2024/04/18, 06:36:49.082,36.04,-74.766, NAN,266.45,268.12,7.69,16.2,16.2,1013.2,1012.8,0.0,0.0,85.13,78.53,328,324,11.2,12.6,95.4,95.4,8.2,9.8,218.8,216.0,1015.3,1014.9,-5.59,393.94,-0.02,31.6698,12.4018,454.4,62.2,1494.309, NAN, NAN, NAN, NAN,,2024/04/18 06:36:49.082,2024-04-18 06:36:49.082000+00:00
2024/04/18, 06:37:49.082,36.04,-74.768, NAN,266.95,266.67,6.51,16.3,16.2,1013.1,1012.9,0.0,0.0,85.13,78.53,326,322,10.9,12.5,95.3,95.4,8.4,10.2,219.5,216.8,1015.2,1015.0,-5.55,394.2,-0.01,31.6725,12.4404,452.9,62.2,1494.443, NAN, NAN, NAN, NAN,,2024/04/18 06:37:49.082,2024-04-18 06:37:49.082000+00:00
2024/04/18, 06:38:49.082,36.04,-74.77, NAN,267.11,270.99,5.59,16.3,16.3,1013.2,1012.9,0.0,0.0,85.13,78.53,325,322,11.3,12.7,95.2,95.5,9.3,10.7,220.8,218.7,1015.3,1015.0,-5.48,394.43,-0.01,31.6688,12.4665,450.0,62.2,1494.528, NAN, NAN, NAN, NAN,,2024/04/18 06:38:49.082,2024-04-18 06:38:49.082000+00:00
2024/04/18, 06:39:49.082,36.04,-74.772, NAN,265.22,277.65,4.85,16.3,16.3,1013.0,1012.9,0.0,0.0,85.13,78.53,325,321,10.5,12.0,95.3,95.4,8.9,10.5,219.0,216.1,1015.1,1015.0,-5.43,392.83,-0.01,31.6684,12.5746,448.3,62.2,1494.895, NAN, NAN, NAN, NAN,,2024/04/18 06:39:49.082,2024-04-18 06:39:49.082000+00:00
2024/04/18, 06:40:49.082,36.04,-74.774, NAN,264.14,274.6,4.66,16.3,16.3,1013.2,1012.8,0.0,0.0,85.13,78.53,323,320,10.4,11.9,94.6,94.8,8.9,10.5,216.1,214.3,1015.3,1014.9,-5.55,392.49,-0.01,31.6714,12.6811,448.3,62.3,1495.26, NAN, NAN, NAN, NAN,,2024/04/18 06:40:49.082,2024-04-18 06:40:49.082000+00:00
2024/04/18, 06:41:49.082,36.04,-74.775, NAN,263.21,259.34,4.67,16.3,16.3,1013.2,1012.8,0.0,0.0,85.13,78.53,325,321,11.0,12.3,94.5,94.7,9.2,10.6,219.1,215.6,1015.3,1014.9,-5.48,394.4,-0.01,31.6665,12.7368,447.3,62.3,1495.442, NAN, NAN, NAN, NAN,,2024/04/18 06:41:49.082,2024-04-18 06:41:49.082000+00:00
2024/04/18, 06:42:49.082,36.04,-74.777, NAN,262.88,271.28,5.02,16.4,16.4,1013.0,1012.8,0.0,0.0,85.13,78.53,329,324,10.9,12.0,95.5,95.6,9.0,10.2,221.9,217.2,1015.1,1014.9,-5.51,395.1,-0.02,31.6462,12.7592,446.2,62.4,1495.494, NAN, NAN, NAN, NAN,,2024/04/18 06:42:49.082,2024-04-18 06:42:49.082000+00:00
2024/04/18, 06:43:49.082,36.04,-74.779, NAN,263.11,271.41,5.23,16.5,16.5,1012.9,1012.8,0.0,0.0,85.13,78.53,329,325,11.0,12.6,95.7,95.8,9.0,10.8,221.5,218.4,1015.0,1014.9,-5.5,395.37,-0.01,31.6173,12.7499,445.2,62.4,1495.428, NAN, NAN, NAN, NAN,,2024/04/18 06:43:49.082,2024-04-18 06:43:49.082000+00:00
2024/04/18, 06:44:49.082,36.04,-74.781, NAN,262.93,270.4,5.4,16.6,16.6,1013.0,1012.8,0.0,0.0,85.13,78.53,325,322,11.1,12.5,95.4,95.6,9.2,10.7,216.4,214.4,1015.1,1014.9,-5.42,394.36,-0.01,31.5941,12.7307,444.3,62.6,1495.336, NAN, NAN, NAN, NAN,,2024/04/18 06:44:49.082,2024-04-18 06:44:49.082000+00:00
2024/04/18, 06:45:49.082,36.04,-74.783, NAN,263.15,263.57,5.6,16.6,16.6,1013.0,1012.7,0.0,0.0,85.13,78.53,324,320,13.1,13.7,94.5,94.7,11.0,11.7,217.7,213.6,1015.1,1014.8,-5.36,393.66,-0.02,31.5744,12.7134,444.3,62.4,1495.254, NAN, NAN, NAN, NAN,,2024/04/18 06:45:49.082,2024-04-18 06:45:49.082000+00:00
2024/04/18, 06:46:49.082,36.04,-74.785, NAN,263.22,263.53,5.66,16.6,16.6,1012.7,1012.6,0.0,0.0,85.13,78.53,324,321,13.8,15.7,93.3,93.5,11.6,13.6,218.6,216.4,1014.8,1014.7,-5.35,393.87,-0.01,31.5629,12.7239,444.3,62.5,1495.276, NAN, NAN, NAN, NAN,,2024/04/18 06:46:49.082,2024-04-18 06:46:49.082000+00:00
2024/04/18, 06:47:49.082,36.04,-74.787, NAN,263.42,262.09,5.59,16.6,16.6,1012.8,1012.6,0.0,0.0,85.13,78.53,326,321,12.8,14.2,93.7,93.5,10.5,12.1,220.7,215.8,1014.9,1014.7,-5.47,392.99,-0.02,31.5521,12.7466,445.2,62.3,1495.34, NAN, NAN, NAN, NAN,,2024/04/18 06:47:49.082,2024-04-18 06:47:49.082000+00:00
2024/04/18, 06:48:49.082,36.04,-74.789, NAN,262.3,260.62,5.54,16.6,16.6,1012.8,1012.6,0.0,0.0,85.13,78.53,325,321,12.9,13.7,93.5,93.9,10.8,11.7,218.0,214.0,1014.9,1014.7,-5.43,392.46,-0.02,31.5378,12.7742,444.9,62.3,1495.416, NAN, NAN, NAN, NAN,,2024/04/18 06:48:49.082,2024-04-18 06:48:49.082000+00:00
2024/04/18, 06:49:49.082,36.04,-74.79, NAN,263.3,264.29,5.56,16.6,16.6,1012.8,1012.7,0.0,0.0,85.13,78.53,327,323,13.0,14.7,92.9,93.1,10.9,12.7,221.0,217.7,1014.9,1014.8,-5.45,393.63,-0.01,31.5147,12.8289,443.6,62.3,1495.574, NAN, NAN, NAN, NAN,,2024/04/18 06:49:49.082,2024-04-18 06:49:49.082000+00:00
2024/04/18, 06:50:49.082,36.04,-74.792, NAN,262.65,268.42,5.47,16.6,16.6,1012.8,1012.6,0.0,0.0,85.13,78.53,328,323,12.3,13.4,93.0,93.3,10.1,11.4,221.6,216.6,1014.9,1014.7,-5.47,394.1,-0.01,31.4982,12.9115,443.3,62.5,1495.833, NAN, NAN, NAN, NAN,,2024/04/18 06:50:49.082,2024-04-18 06:50:49.082000+00:00
2024/04/18, 06:51:49.082,36.04,-74.794, NAN,263.1,262.99,5.54,16.5,16.5,1012.8,1012.5,0.0,0.0,85.13,78.53,326,322,12.0,13.7,93.0,93.1,9.9,11.7,218.9,215.7,1014.9,1014.6,-5.52,394.26,-0.01,31.4683,12.9749,443.3,62.4,1496.011, NAN, NAN, NAN, NAN,,2024/04/18 06:51:49.082,2024-04-18 06:51:49.082000+00:00
2024/04/18, 06:52:49.083,36.04,-74.796, NAN,263.39,271.89,5.62,16.5,16.5,1012.6,1012.6,0.0,0.0,85.13,78.53,326,322,12.5,14.1,93.0,93.1,10.4,12.2,219.2,216.0,1014.7,1014.7,-5.44,395.7,-0.02,31.4156,13.0361,444.0,62.4,1496.154, NAN, NAN, NAN, NAN,,2024/04/18 06:52:49.083,2024-04-18 06:52:49.083000+00:00
2024/04/18, 06:53:49.083,36.04,-74.798, NAN,262.19,267.09,5.67,16.6,16.6,1012.8,1012.5,0.0,0.0,85.13,78.53,327,324,12.0,13.5,93.2,93.4,9.9,11.5,218.4,216.3,1014.9,1014.6,-5.49,396.18,-0.01,31.3431,13.0757,444.9,62.5,1496.201, NAN, NAN, NAN, NAN,,2024/04/18 06:53:49.083,2024-04-18 06:53:49.083000+00:00
2024/04/18, 06:54:49.083,36.04,-74.8, NAN,262.86,267.72,5.72,16.7,16.7,1012.8,1012.6,0.0,0.0,85.13,78.53,326,321,11.8,13.1,93.0,93.5,9.7,11.2,217.6,213.1,1014.9,1014.7,-5.33,395.01,-0.01,31.2837,13.1061,444.6,62.6,1496.233, NAN, NAN, NAN, NAN,,2024/04/18 06:54:49.083,2024-04-18 06:54:49.083000+00:00
2024/04/18, 06:55:49.083,36.039,-74.802, NAN,262.95,264.02,5.75,16.7,16.8,1012.8,1012.6,0.0,0.0,85.13,78.53,324,321,11.6,12.9,93.0,92.3,9.5,10.9,215.7,213.5,1014.9,1014.7,-5.37,395.34,-0.01,31.2345,13.1315,443.6,62.6,1496.26, NAN, NAN, NAN, NAN,,2024/04/18 06:55:49.083,2024-04-18 06:55:49.083000+00:00
2024/04/18, 06:56:49.083,36.039,-74.804, NAN,262.86,273.28,6.12,16.8,16.8,1012.8,1012.5,0.0,0.0,85.13,78.53,325,322,12.2,13.8,91.4,91.7,10.2,11.9,215.5,213.7,1014.9,1014.6,-5.4,396.71,-0.02,31.1859,13.1535,443.6,62.4,1496.277, NAN, NAN, NAN, NAN,,2024/04/18 06:56:49.083,2024-04-18 06:56:49.083000+00:00
2024/04/18, 06:57:49.083,36.039,-74.806, NAN,263.98,274.94,6.01,16.9,16.9,1012.8,1012.6,0.0,0.0,85.13,78.53,323,320,12.5,13.6,91.7,92.1,10.4,11.6,215.5,213.1,1014.9,1014.7,-5.34,397.18,-0.01,31.1349,13.1661,444.3,62.3,1496.259, NAN, NAN, NAN, NAN,,2024/04/18 06:57:49.083,2024-04-18 06:57:49.083000+00:00
2024/04/18, 06:58:49.083,36.039,-74.808, NAN,263.05,265.1,6.12,17.1,17.0,1012.5,1012.3,0.0,0.0,85.13,78.53,320,317,12.7,13.7,91.2,91.7,10.8,11.9,210.8,208.4,1014.6,1014.4,-5.21,396.77,-0.01,31.093,13.1825,443.3,62.2,1496.264, NAN, NAN, NAN, NAN,,2024/04/18 06:58:49.083,2024-04-18 06:58:49.083000+00:00
2024/04/18, 06:59:49.083,36.039,-74.81, NAN,262.97,267.76,6.11,17.2,17.1,1012.6,1012.3,0.0,0.0,85.13,78.53,322,320,11.8,13.4,90.1,90.6,9.8,11.4,212.2,211.7,1014.7,1014.4,-5.19,395.8,-0.01,31.0423,13.2067,445.6,62.1,1496.285, NAN, NAN, NAN, NAN,,2024/04/18 06:59:49.083,2024-04-18 06:59:49.083000+00:00
2024/04/18, 07:00:49.083,36.039,-74.812, NAN,263.42,270.73,6.33,17.2,17.2,1012.7,1012.4,0.0,0.0,85.13,78.53,318,317,12.1,13.7,89.1,89.7,10.3,11.9,207.6,208.3,1014.8,1014.5,-5.15,395.03,-0.01,31.0063,13.2267,446.2,62.2,1496.31, NAN, NAN, NAN, NAN,,2024/04/18 07:00:49.083,2024-04-18 07:00:49.083000+00:00
2024/04/18, 07:01:49.083,36.039,-74.815, NAN,263.74,264.34,6.27,17.1,17.1,1012.6,1012.5,0.0,0.0,85.13,78.53,319,316,12.9,14.1,88.7,89.0,10.9,12.2,210.6,208.3,1014.7,1014.6,-5.25,396.09,-0.01,30.95,13.2459,444.0,62.3,1496.308, NAN, NAN, NAN, NAN,,2024/04/18 07:01:49.083,2024-04-18 07:01:49.083000+00:00
2024/04/18, 07:02:49.083,36.039,-74.817, NAN,263.81,276.56,6.38,17.1,17.1,1012.6,1012.4,0.0,0.0,85.13,78.53,323,320,13.0,14.6,89.6,89.9,11.0,12.7,214.3,212.5,1014.7,1014.5,-5.41,397.21,-0.01,30.9084,13.2643,445.9,62.4,1496.32, NAN, NAN, NAN, NAN,,2024/04/18 07:02:49.083,2024-04-18 07:02:49.083000+00:00
2024/04/18, 07:03:49.083,36.039,-74.819, NAN,263.33,264.54,6.26,17.1,17.1,1012.7,1012.5,0.0,0.0,85.13,78.53,324,321,12.1,13.4,89.5,89.9,9.9,11.3,215.2,213.1,1014.8,1014.6,-5.41,397.46,-0.01,30.881,13.2769,444.9,62.4,1496.33, NAN, NAN, NAN, NAN,,2024/04/18 07:03:49.083,2024-04-18 07:03:49.083000+00:00
2024/04/18, 07:04:49.083,36.039,-74.821, NAN,263.92,280.2,6.27,17.1,17.1,1012.5,1012.4,0.0,0.0,85.13,78.53,328,324,11.2,13.1,88.6,88.9,9.1,11.2,217.9,215.7,1014.6,1014.5,-5.32,396.35,-0.01,30.8463,13.2706,444.3,62.6,1496.268, NAN, NAN, NAN, NAN,,2024/04/18 07:04:49.083,2024-04-18 07:04:49.083000+00:00
2024/04/18, 07:05:49.083,36.039,-74.823, NAN,263.74,269.27,6.52,17.1,17.1,1012.8,1012.5,0.0,0.0,85.13,78.53,328,325,11.5,12.9,87.7,88.0,9.1,10.6,218.5,216.7,1014.9,1014.6,-5.3,397.33,-0.01,30.8111,13.2642,445.2,62.5,1496.205, NAN, NAN, NAN, NAN,,2024/04/18 07:05:49.083,2024-04-18 07:05:49.083000+00:00
2024/04/18, 07:06:49.083,36.039,-74.826, NAN,264.68,264.78,6.42,17.1,17.1,1012.6,1012.6,0.0,0.0,85.13,78.53,328,326,12.1,14.0,87.4,87.7,9.6,11.6,221.1,220.6,1014.7,1014.7,-5.42,397.79,-0.01,30.7739,13.2609,444.0,62.3,1496.15, NAN, NAN, NAN, NAN,,2024/04/18 07:06:49.083,2024-04-18 07:06:49.083000+00:00
2024/04/18, 07:07:49.083,36.039,-74.828, NAN,262.41,270.23,6.23,17.1,17.1,1012.7,1012.4,0.0,0.0,85.13,78.53,329,326,11.2,13.6,87.6,87.9,8.9,11.3,218.8,217.9,1014.8,1014.5,-5.3,397.89,-0.01,30.7434,13.2588,443.3,61.2,1496.107, NAN, NAN, NAN, NAN,,2024/04/18 07:07:49.083,2024-04-18 07:07:49.083000+00:00
2024/04/18, 07:08:49.084,36.039,-74.83, NAN,263.89,271.55,6.28,17.3,17.2,1012.7,1012.4,0.0,0.0,85.13,78.53,330,327,13.4,14.9,86.9,87.4,11.0,12.6,223.9,221.6,1014.8,1014.5,-5.33,399.18,-0.01,30.7129,13.2628,444.0,61.5,1496.084, NAN, NAN, NAN, NAN,,2024/04/18 07:08:49.084,2024-04-18 07:08:49.084000+00:00
2024/04/18, 07:09:49.084,36.039,-74.832, NAN,264.03,271.4,6.33,17.4,17.4,1012.7,1012.4,0.0,0.0,85.13,78.53,330,325,13.7,15.2,86.3,86.8,11.2,12.9,224.2,219.5,1014.8,1014.5,-5.18,399.13,-0.01,30.6859,13.2775,443.6,61.0,1496.102, NAN, NAN, NAN, NAN,,2024/04/18 07:09:49.084,2024-04-18 07:09:49.084000+00:00
2024/04/18, 07:10:49.084,36.039,-74.834, NAN,263.57,276.65,6.51,17.6,17.5,1012.6,1012.4,0.0,0.0,85.13,78.53,329,325,13.8,15.2,85.6,86.0,11.4,12.9,222.0,218.5,1014.7,1014.5,-5.19,399.66,-0.01,30.6587,13.2979,443.3,60.8,1496.138, NAN, NAN, NAN, NAN,,2024/04/18 07:10:49.084,2024-04-18 07:10:49.084000+00:00
2024/04/18, 07:11:49.084,36.039,-74.836, NAN,263.78,271.37,6.41,17.7,17.7,1012.6,1012.4,0.0,0.0,85.13,78.53,328,324,13.8,15.5,85.2,85.5,11.4,13.3,221.4,218.1,1014.7,1014.5,-5.15,399.65,-0.01,30.6283,13.3204,443.0,60.7,1496.177, NAN, NAN, NAN, NAN,,2024/04/18 07:11:49.084,2024-04-18 07:11:49.084000+00:00
2024/04/18, 07:12:49.084,36.039,-74.839, NAN,263.46,264.16,6.49,17.8,17.8,1012.5,1012.2,0.0,0.0,85.13,78.53,327,322,13.5,14.5,84.9,85.2,11.1,12.3,219.7,214.7,1014.6,1014.3,-5.25,398.8,-0.01,30.6003,13.3406,443.0,60.8,1496.212, NAN, NAN, NAN, NAN,,2024/04/18 07:12:49.084,2024-04-18 07:12:49.084000+00:00
2024/04/18, 07:13:49.084,36.039,-74.841, NAN,263.82,276.39,6.48,17.9,17.9,1012.6,1012.2,0.0,0.0,85.13,78.53,328,325,12.6,14.5,84.2,84.4,10.4,12.4,219.3,217.8,1014.7,1014.3,-5.27,396.9,-0.01,30.5777,13.3385,443.6,60.6,1496.178, NAN, NAN, NAN, NAN,,2024/04/18 07:13:49.084,2024-04-18 07:13:49.084000+00:00
2024/04/18, 07:14:49.084,36.039,-74.843, NAN,263.05,271.34,6.58,17.8,17.9,1012.6,1012.4,0.0,0.0,85.13,78.53,331,326,12.5,13.6,83.7,84.0,10.0,11.3,222.5,217.7,1014.7,1014.5,-5.32,395.19,-0.01,30.5568,13.3272,444.3,61.3,1496.116, NAN, NAN, NAN, NAN,,2024/04/18 07:14:49.084,2024-04-18 07:14:49.084000+00:00
2024/04/18, 07:15:49.084,36.039,-74.845, NAN,262.95,262.31,6.34,17.7,17.7,1012.6,1012.3,0.0,0.0,85.13,78.53,330,326,12.1,13.4,83.5,83.5,9.6,11.1,221.6,218.2,1014.7,1014.4,-5.38,393.41,-0.01,30.5447,13.3256,444.6,61.2,1496.096, NAN, NAN, NAN, NAN,,2024/04/18 07:15:49.084,2024-04-18 07:15:49.084000+00:00
2024/04/18, 07:16:49.084,36.039,-74.848, NAN,264.33,270.34,7.17,17.7,17.5,1012.6,1012.4,0.0,0.0,85.13,78.53,331,327,14.4,14.9,83.5,83.3,11.5,12.2,225.3,220.8,1014.7,1014.5,-5.5,395.36,-0.01,30.535,13.3272,444.9,61.4,1496.09, NAN, NAN, NAN, NAN,,2024/04/18 07:16:49.084,2024-04-18 07:16:49.084000+00:00
2024/04/18, 07:17:49.084,36.039,-74.85, NAN,263.93,272.74,7.63,17.3,17.3,1012.6,1012.3,0.0,0.0,85.13,78.53,334,329,15.4,16.4,85.0,84.6,12.3,13.6,227.8,222.5,1014.7,1014.4,-5.86,400.08,-0.01,30.524,13.3239,445.6,61.4,1496.066, NAN, NAN, NAN, NAN,,2024/04/18 07:17:49.084,2024-04-18 07:17:49.084000+00:00
2024/04/18, 07:18:49.084,36.039,-74.853, NAN,262.29,266.8,7.83,17.4,17.3,1012.5,1012.3,0.0,0.0,85.13,78.53,336,331,14.8,15.5,87.6,87.6,11.5,12.4,228.3,222.6,1014.6,1014.4,-5.72,401.86,-0.01,30.5106,13.3091,446.2,61.3,1496.001, NAN, NAN, NAN, NAN,,2024/04/18 07:18:49.084,2024-04-18 07:18:49.084000+00:00
2024/04/18, 07:19:49.084,36.039,-74.855, NAN,263.91,271.76,7.77,17.8,17.7,1012.4,1012.4,0.0,0.0,85.13,78.53,334,329,14.1,15.3,87.1,87.6,10.9,12.3,227.1,221.9,1014.5,1014.5,-5.26,398.86,-0.02,30.5034,13.2908,446.2,61.3,1495.931, NAN, NAN, NAN, NAN,,2024/04/18 07:19:49.084,2024-04-18 07:19:49.084000+00:00
2024/04/18, 07:20:49.084,36.039,-74.858, NAN,263.29,265.93,8.16,18.0,18.0,1012.7,1012.5,0.0,0.0,85.13,78.53,337,332,14.2,14.9,83.5,84.1,10.7,11.6,229.6,223.9,1014.8,1014.6,-5.23,401.81,-0.01,30.504,13.2801,445.6,61.5,1495.896, NAN, NAN, NAN, NAN,,2024/04/18 07:20:49.084,2024-04-18 07:20:49.084000+00:00
2024/04/18, 07:21:49.084,36.039,-74.861, NAN,264.07,266.25,8.71,18.2,18.1,1012.4,1012.4,0.0,0.0,85.13,78.53,340,334,13.4,13.8,84.9,85.2,9.5,10.1,233.2,225.5,1014.5,1014.5,-5.27,401.28,-0.01,30.5219,13.2831,447.3,61.5,1495.927, NAN, NAN, NAN, NAN,,2024/04/18 07:21:49.084,2024-04-18 07:21:49.084000+00:00
2024/04/18, 07:22:49.084,36.039,-74.864, NAN,264.64,268.27,9.19,18.4,18.3,1012.5,1012.4,0.0,0.0,85.13,78.53,341,337,12.2,12.9,83.3,83.8,8.1,9.0,232.1,227.5,1014.6,1014.5,-5.16,399.49,-0.01,30.5575,13.2871,447.3,61.4,1495.983, NAN, NAN, NAN, NAN,,2024/04/18 07:22:49.084,2024-04-18 07:22:49.084000+00:00
2024/04/18, 07:23:49.084,36.039,-74.867, NAN,265.63,272.99,9.28,18.4,18.4,1012.5,1012.6,0.0,0.0,85.13,78.53,344,339,11.5,12.1,82.0,82.3,7.3,8.1,235.8,229.5,1014.6,1014.7,-5.21,400.06,-0.02,30.5985,13.2915,448.0,61.4,1496.046, NAN, NAN, NAN, NAN,,2024/04/18 07:23:49.084,2024-04-18 07:23:49.084000+00:00
2024/04/18, 07:24:49.085,36.039,-74.87, NAN,265.78,270.03,9.41,18.4,18.4,1012.6,1012.4,0.0,0.0,85.13,78.53,344,339,11.5,12.0,82.9,83.0,7.1,7.9,236.7,230.0,1014.7,1014.5,-5.26,398.42,-0.01,30.6018,13.3183,447.3,61.4,1496.139, NAN, NAN, NAN, NAN,,2024/04/18 07:24:49.085,2024-04-18 07:24:49.085000+00:00
2024/04/18, 07:25:49.085,36.039,-74.874, NAN,265.65,270.93,9.56,18.3,18.3,1012.4,1012.6,0.0,0.0,85.13,78.53,342,337,11.1,12.3,82.5,82.6,6.8,8.2,231.9,226.9,1014.5,1014.7,-5.4,396.91,-0.01,30.5835,13.3969,447.6,61.4,1496.38, NAN, NAN, NAN, NAN,,2024/04/18 07:25:49.085,2024-04-18 07:25:49.085000+00:00
2024/04/18, 07:26:49.085,36.039,-74.877, NAN,266.06,268.75,9.66,18.2,18.3,1012.5,1012.4,0.0,0.0,85.13,78.53,341,339,11.1,11.3,82.2,82.4,6.7,7.0,231.4,228.7,1014.6,1014.5,-5.51,395.87,-0.01,30.5345,13.4593,448.3,61.4,1496.53, NAN, NAN, NAN, NAN,,2024/04/18 07:26:49.085,2024-04-18 07:26:49.085000+00:00
2024/04/18, 07:27:49.085,36.039,-74.88, NAN,265.54,266.16,9.65,18.0,18.1,1012.5,1012.5,0.0,0.0,85.13,78.53,344,339,10.3,10.5,82.2,82.1,5.8,6.3,233.6,225.9,1014.6,1014.6,-5.83,394.31,-0.01,30.4688,13.4734,448.0,61.5,1496.5, NAN, NAN, NAN, NAN,,2024/04/18 07:27:49.085,2024-04-18 07:27:49.085000+00:00
2024/04/18, 07:28:49.085,36.039,-74.884, NAN,265.17,269.42,9.48,17.8,17.8,1012.6,1012.6,0.0,0.0,85.13,78.53,344,339,9.8,10.4,82.7,82.4,5.5,6.3,231.2,225.0,1014.7,1014.7,-6.09,394.73,-0.01,30.4319,13.4702,448.3,61.5,1496.446, NAN, NAN, NAN, NAN,,2024/04/18 07:28:49.085,2024-04-18 07:28:49.085000+00:00
2024/04/18, 07:29:49.085,36.039,-74.887, NAN,265.5,265.48,9.55,17.5,17.6,1012.5,1012.6,0.0,0.0,85.13,78.53,345,338,11.3,11.3,84.0,83.8,6.8,7.1,237.8,226.8,1014.6,1014.7,-6.3,396.45,-0.01,30.4243,13.4695,448.6,61.3,1496.435, NAN, NAN, NAN, NAN,,2024/04/18 07:29:49.085,2024-04-18 07:29:49.085000+00:00
2024/04/18, 07:30:49.085,36.039,-74.89, NAN,267.32,276.95,9.63,17.5,17.5,1012.6,1012.5,0.0,0.0,85.13,78.53,338,333,11.0,11.2,86.5,86.2,7.0,7.5,226.1,219.4,1014.7,1014.6,-6.12,395.27,-0.01,30.4234,13.4686,448.6,60.8,1496.431, NAN, NAN, NAN, NAN,,2024/04/18 07:30:49.085,2024-04-18 07:30:49.085000+00:00
2024/04/18, 07:31:49.085,36.039,-74.893, NAN,266.3,270.06,9.64,17.5,17.5,1012.4,1012.4,0.0,0.0,85.13,78.53,339,333,12.2,12.9,85.7,85.7,8.0,9.0,230.2,222.9,1014.5,1014.5,-6.05,396.38,-0.01,30.4232,13.43,448.6,60.8,1496.302, NAN, NAN, NAN, NAN,,2024/04/18 07:31:49.085,2024-04-18 07:31:49.085000+00:00
2024/04/18, 07:32:49.085,36.039,-74.897, NAN,266.52,271.39,9.54,17.6,17.6,1012.4,1012.5,0.0,0.0,85.13,78.53,338,334,12.1,12.1,86.9,87.0,8.0,8.3,228.7,223.0,1014.5,1014.6,-5.8,394.26,-0.01,30.4157,13.3681,450.4,60.9,1496.086, NAN, NAN, NAN, NAN,,2024/04/18 07:32:49.085,2024-04-18 07:32:49.085000+00:00
2024/04/18, 07:33:49.085,36.039,-74.9, NAN,266.77,273.14,9.69,17.7,17.7,1012.5,1012.4,0.0,0.0,85.13,78.53,335,329,11.6,12.3,85.6,85.7,7.7,8.7,223.1,216.4,1014.6,1014.5,-5.74,392.6,-0.01,30.4109,13.2699,450.4,61.0,1495.752, NAN, NAN, NAN, NAN,,2024/04/18 07:33:49.085,2024-04-18 07:33:49.085000+00:00
2024/04/18, 07:34:49.085,36.039,-74.903, NAN,266.86,267.38,9.74,17.6,17.6,1012.4,1012.4,0.0,0.0,85.13,78.53,332,328,12.2,13.4,85.1,85.1,8.3,9.7,221.1,218.0,1014.5,1014.5,-5.75,391.83,-0.01,30.4082,13.166,452.9,61.3,1495.4, NAN, NAN, NAN, NAN,,2024/04/18 07:34:49.085,2024-04-18 07:34:49.085000+00:00
2024/04/18, 07:35:49.085,36.039,-74.907, NAN,266.42,273.06,9.71,17.5,17.5,1012.4,1012.4,0.0,0.0,85.13,78.53,331,327,12.2,13.5,85.8,85.7,8.5,10.0,218.3,215.6,1014.5,1014.5,-5.81,391.92,-0.01,30.4059,13.1167,451.6,61.0,1495.232, NAN, NAN, NAN, NAN,,2024/04/18 07:35:49.085,2024-04-18 07:35:49.085000+00:00
2024/04/18, 07:36:49.085,36.039,-74.91, NAN,266.64,270.93,9.72,17.4,17.4,1012.3,1012.2,0.0,0.0,85.13,78.53,331,327,13.0,14.1,86.8,86.6,9.2,10.5,220.8,217.3,1014.4,1014.3,-5.93,391.54,-0.01,30.4138,13.1245,453.4,61.0,1495.268, NAN, NAN, NAN, NAN,,2024/04/18 07:36:49.085,2024-04-18 07:36:49.085000+00:00
2024/04/18, 07:37:49.085,36.039,-74.913, NAN,267.45,275.47,9.44,17.4,17.4,1012.5,1012.2,0.0,0.0,85.13,78.53,332,328,13.2,14.1,87.5,87.5,9.5,10.7,223.1,219.3,1014.6,1014.3,-5.86,391.27,-0.01,30.4249,13.1781,456.0,61.0,1495.461, NAN, NAN, NAN, NAN,,2024/04/18 07:37:49.085,2024-04-18 07:37:49.085000+00:00
2024/04/18, 07:38:49.085,36.039,-74.917, NAN,267.63,273.19,9.7,17.4,17.4,1012.5,1012.2,0.0,0.0,85.13,78.53,332,327,13.1,14.5,87.6,87.6,9.3,11.0,222.7,218.4,1014.6,1014.3,-5.86,390.39,-0.01,30.4251,13.2477,456.4,61.1,1495.694, NAN, NAN, NAN, NAN,,2024/04/18 07:38:49.085,2024-04-18 07:38:49.085000+00:00
2024/04/18, 07:39:49.085,36.039,-74.92, NAN,265.88,270.97,9.42,17.3,17.3,1012.4,1012.2,0.0,0.0,85.13,78.53,333,329,13.2,14.4,87.8,87.8,9.4,10.8,223.3,219.9,1014.5,1014.3,-5.78,391.1,-0.01,30.4161,13.3794,455.3,61.3,1496.124, NAN, NAN, NAN, NAN,,2024/04/18 07:39:49.085,2024-04-18 07:39:49.085000+00:00
2024/04/18, 07:40:49.086,36.039,-74.923, NAN,265.98,270.54,9.52,17.3,17.3,1012.4,1012.3,0.0,0.0,85.13,78.53,333,328,12.9,14.1,89.1,87.9,9.0,10.5,223.0,218.3,1014.5,1014.4,-5.85,390.95,-0.01,30.4391,13.469,452.6,61.2,1496.45, NAN, NAN, NAN, NAN,,2024/04/18 07:40:49.086,2024-04-18 07:40:49.086000+00:00
2024/04/18, 07:41:49.086,36.039,-74.926, NAN,266.34,266.33,9.52,17.3,17.4,1012.3,1012.2,0.0,0.0,85.13,78.53,334,329,13.1,14.2,89.2,89.3,9.1,10.5,225.6,220.5,1014.4,1014.3,-5.88,390.53,-0.01,30.4492,13.5205,451.3,61.1,1496.634, NAN, NAN, NAN, NAN,,2024/04/18 07:41:49.086,2024-04-18 07:41:49.086000+00:00
2024/04/18, 07:42:49.086,36.039,-74.93, NAN,265.59,269.79,9.47,17.4,17.4,1012.4,1012.2,0.0,0.0,85.13,78.53,333,328,13.6,14.7,89.2,89.5,9.8,11.2,223.3,218.4,1014.5,1014.3,-5.73,390.67,-0.01,30.4309,13.5599,449.7,61.1,1496.743, NAN, NAN, NAN, NAN,,2024/04/18 07:42:49.086,2024-04-18 07:42:49.086000+00:00
2024/04/18, 07:43:49.086,36.039,-74.933, NAN,265.94,270.46,9.51,17.4,17.4,1012.3,1012.2,0.0,0.0,85.13,78.53,332,327,13.6,14.6,89.3,89.3,9.8,11.1,222.5,217.5,1014.4,1014.3,-5.67,392.09,-0.01,30.4128,13.5827,451.3,61.2,1496.798, NAN, NAN, NAN, NAN,,2024/04/18 07:43:49.086,2024-04-18 07:43:49.086000+00:00
2024/04/18, 07:44:49.086,36.039,-74.936, NAN,266.28,270.37,9.53,17.4,17.4,1012.4,1012.2,0.0,0.0,85.13,78.53,332,327,13.7,15.0,90.2,90.1,9.9,11.4,223.3,218.6,1014.5,1014.3,-5.64,391.07,-0.01,30.3905,13.5936,450.4,61.4,1496.808, NAN, NAN, NAN, NAN,,2024/04/18 07:44:49.086,2024-04-18 07:44:49.086000+00:00
2024/04/18, 07:45:49.086,36.039,-74.939, NAN,265.82,266.0,9.48,17.5,17.5,1012.4,1012.2,0.0,0.0,85.13,78.53,330,327,13.0,14.9,90.1,90.2,9.2,11.3,219.6,218.4,1014.5,1014.3,-5.61,390.23,-0.01,30.3635,13.5966,451.6,61.0,1496.786, NAN, NAN, NAN, NAN,,2024/04/18 07:45:49.086,2024-04-18 07:45:49.086000+00:00
2024/04/18, 07:46:49.086,36.039,-74.943, NAN,266.2,271.68,9.59,17.5,17.5,1012.4,1012.2,0.0,0.0,85.13,78.53,330,325,13.1,14.8,89.2,89.3,9.4,11.4,219.3,215.5,1014.5,1014.3,-5.67,391.08,-0.01,30.3428,13.603,452.0,61.3,1496.783, NAN, NAN, NAN, NAN,,2024/04/18 07:46:49.086,2024-04-18 07:46:49.086000+00:00
2024/04/18, 07:47:49.086,36.039,-74.946, NAN,264.73,263.41,9.45,17.5,17.5,1012.3,1012.1,0.0,0.0,85.13,78.53,330,325,13.0,14.5,89.6,89.6,9.3,11.1,218.3,214.1,1014.4,1014.2,-5.62,391.81,-0.01,30.3257,13.6037,451.3,61.1,1496.765, NAN, NAN, NAN, NAN,,2024/04/18 07:47:49.086,2024-04-18 07:47:49.086000+00:00
2024/04/18, 07:48:49.086,36.039,-74.949, NAN,266.71,269.28,9.44,17.5,17.5,1012.4,1012.1,0.0,0.0,85.13,78.53,330,325,13.3,14.8,89.5,89.6,9.5,11.3,221.0,216.7,1014.5,1014.2,-5.6,391.78,-0.01,30.3195,13.6017,451.6,61.5,1496.751, NAN, NAN, NAN, NAN,,2024/04/18 07:48:49.086,2024-04-18 07:48:49.086000+00:00
2024/04/18, 07:49:49.086,36.039,-74.952, NAN,266.02,266.64,9.37,17.5,17.5,1012.3,1012.2,0.0,0.0,85.13,78.53,328,324,13.3,14.4,89.6,89.6,9.8,11.1,217.5,214.1,1014.4,1014.3,-5.67,393.0,-0.01,30.3045,13.6041,451.0,61.3,1496.742, NAN, NAN, NAN, NAN,,2024/04/18 07:49:49.086,2024-04-18 07:49:49.086000+00:00
2024/04/18, 07:50:49.086,36.039,-74.955, NAN,265.05,267.82,9.42,17.4,17.5,1012.3,1012.2,0.0,0.0,85.13,78.53,329,324,13.2,14.6,90.1,90.1,9.6,11.3,217.6,213.3,1014.4,1014.3,-5.64,393.41,-0.01,30.2902,13.6202,452.6,61.0,1496.778, NAN, NAN, NAN, NAN,,2024/04/18 07:50:49.086,2024-04-18 07:50:49.086000+00:00
2024/04/18, 07:51:49.086,36.039,-74.959, NAN,266.64,271.02,9.45,17.4,17.4,1012.3,1012.2,0.0,0.0,85.13,78.53,328,323,13.2,14.4,89.9,90.1,9.6,11.1,217.9,213.4,1014.4,1014.3,-5.6,393.75,-0.01,30.2683,13.6307,452.9,60.8,1496.787, NAN, NAN, NAN, NAN,,2024/04/18 07:51:49.086,2024-04-18 07:51:49.086000+00:00
2024/04/18, 07:52:49.086,36.039,-74.962, NAN,265.98,267.31,9.49,17.4,17.4,1012.4,1012.2,0.0,0.0,85.13,78.53,327,323,13.6,15.0,89.8,89.9,10.0,11.6,216.9,213.8,1014.5,1014.3,-5.56,393.62,-0.01,30.2248,13.632,454.0,60.9,1496.741, NAN, NAN, NAN, NAN,,2024/04/18 07:52:49.086,2024-04-18 07:52:49.086000+00:00
2024/04/18, 07:53:49.086,36.039,-74.965, NAN,266.09,266.33,9.35,17.3,17.3,1012.4,1012.1,0.0,0.0,85.13,78.53,326,322,13.0,14.4,89.7,89.8,9.7,11.3,214.3,211.5,1014.5,1014.2,-5.56,393.64,-0.01,30.1855,13.6305,452.9,61.0,1496.689, NAN, NAN, NAN, NAN,,2024/04/18 07:53:49.086,2024-04-18 07:53:49.086000+00:00
2024/04/18, 07:54:49.086,36.039,-74.968, NAN,266.26,265.38,9.55,17.2,17.2,1012.4,1012.1,0.0,0.0,85.13,78.53,325,322,13.3,14.7,89.7,89.7,9.8,11.4,213.9,212.3,1014.5,1014.2,-5.62,394.53,-0.01,30.1565,13.6254,454.4,61.2,1496.638, NAN, NAN, NAN, NAN,,2024/04/18 07:54:49.086,2024-04-18 07:54:49.086000+00:00
2024/04/18, 07:55:49.086,36.039,-74.972, NAN,265.92,268.21,9.46,17.1,17.1,1012.4,1012.2,0.0,0.0,85.13,78.53,326,321,13.2,14.3,90.1,90.2,9.7,11.1,214.8,210.2,1014.5,1014.3,-5.69,394.79,-0.01,30.1299,13.6254,454.7,61.2,1496.607, NAN, NAN, NAN, NAN,,2024/04/18 07:55:49.086,2024-04-18 07:55:49.086000+00:00
2024/04/18, 07:56:49.087,36.039,-74.975, NAN,265.56,269.63,9.39,17.0,17.0,1012.4,1012.0,0.0,0.0,85.13,78.53,325,321,13.4,14.7,90.8,90.7,10.1,11.6,213.2,210.3,1014.5,1014.1,-5.68,395.75,-0.01,30.1035,13.6761,456.4,61.3,1496.744, NAN, NAN, NAN, NAN,,2024/04/18 07:56:49.087,2024-04-18 07:56:49.087000+00:00
2024/04/18, 07:57:49.087,36.039,-74.978, NAN,266.11,267.68,9.57,17.0,17.0,1012.4,1012.1,0.0,0.0,85.13,78.53,326,322,12.9,14.4,91.3,91.3,9.4,11.1,214.0,211.4,1014.5,1014.2,-5.73,396.31,-0.01,30.0767,13.7469,456.1,61.4,1496.948, NAN, NAN, NAN, NAN,,2024/04/18 07:57:49.087,2024-04-18 07:57:49.087000+00:00
2024/04/18, 07:58:49.087,36.039,-74.981, NAN,265.59,270.02,9.4,17.0,17.1,1012.4,1012.1,0.0,0.0,85.13,78.53,326,323,13.0,14.2,91.4,91.1,9.6,11.0,213.9,212.0,1014.5,1014.2,-5.63,396.84,-0.01,30.0164,13.8155,457.4,61.4,1497.104, NAN, NAN, NAN, NAN,,2024/04/18 07:58:49.087,2024-04-18 07:58:49.087000+00:00
2024/04/18, 07:59:49.087,36.039,-74.984, NAN,266.78,267.49,9.43,17.1,17.1,1012.4,1012.2,0.0,0.0,85.13,78.53,327,321,12.8,14.1,90.8,91.0,9.2,10.9,216.5,211.0,1014.5,1014.3,-5.57,397.33,-0.01,29.9155,13.8545,459.0,61.4,1497.114, NAN, NAN, NAN, NAN,,2024/04/18 07:59:49.087,2024-04-18 07:59:49.087000+00:00
2024/04/18, 08:00:49.087,36.039,-74.988, NAN,266.85,270.79,9.5,17.1,17.1,1012.2,1012.0,0.0,0.0,85.13,78.53,327,323,12.5,14.1,90.6,90.7,9.1,10.9,215.1,212.9,1014.3,1014.1,-5.47,397.43,-0.01,29.8295,13.8705,459.8,61.5,1497.067, NAN, NAN, NAN, NAN,,2024/04/18 08:00:49.087,2024-04-18 08:00:49.087000+00:00
2024/04/18, 08:01:49.087,36.039,-74.991, NAN,266.59,276.02,9.53,17.1,17.1,1012.3,1012.1,0.0,0.0,85.13,78.53,327,323,12.4,13.6,90.6,90.7,9.1,10.6,213.8,211.1,1014.4,1014.2,-5.55,397.32,-0.01,29.7758,13.8778,462.0,61.6,1497.028, NAN, NAN, NAN, NAN,,2024/04/18 08:01:49.087,2024-04-18 08:01:49.087000+00:00
2024/04/18, 08:02:49.087,36.039,-74.994, NAN,267.27,268.0,9.48,17.1,17.1,1012.3,1012.2,0.0,0.0,85.13,78.53,327,323,12.4,13.6,90.4,90.5,8.9,10.3,215.6,212.7,1014.4,1014.3,-5.54,396.96,-0.01,29.7424,13.8668,461.4,61.4,1496.952, NAN, NAN, NAN, NAN,,2024/04/18 08:02:49.087,2024-04-18 08:02:49.087000+00:00
2024/04/18, 08:03:49.087,36.039,-74.997, NAN,267.32,269.86,9.49,17.1,17.1,1012.2,1012.2,0.0,0.0,85.13,78.53,328,324,12.2,13.6,90.3,90.4,8.6,10.2,216.7,214.1,1014.3,1014.3,-5.52,397.54,-0.01,29.7165,13.846,461.4,61.4,1496.853, NAN, NAN, NAN, NAN,,2024/04/18 08:03:49.087,2024-04-18 08:03:49.087000+00:00
2024/04/18, 08:04:49.087,36.039,-75.001, NAN,266.41,269.68,9.59,17.0,17.1,1012.2,1012.2,0.0,0.0,85.13,78.53,327,323,12.3,13.4,90.1,90.2,8.8,10.1,214.2,211.2,1014.3,1014.3,-5.52,398.11,-0.01,29.7056,13.8331,462.4,61.4,1496.798, NAN, NAN, NAN, NAN,,2024/04/18 08:04:49.087,2024-04-18 08:04:49.087000+00:00
2024/04/18, 08:05:49.087,36.039,-75.004, NAN,267.3,274.02,9.48,17.1,17.0,1012.2,1012.1,0.0,0.0,85.13,78.53,329,324,11.8,12.9,90.6,90.6,8.3,9.7,216.7,212.5,1014.3,1014.2,-5.52,397.85,-0.02,29.7071,13.8369,463.2,61.4,1496.812, NAN, NAN, NAN, NAN,,2024/04/18 08:05:49.087,2024-04-18 08:05:49.087000+00:00
2024/04/18, 08:06:49.087,36.039,-75.007, NAN,267.12,278.78,9.45,17.1,17.1,1012.2,1012.0,0.0,0.0,85.13,78.53,329,326,12.2,13.1,90.9,91.0,8.9,9.9,216.5,214.5,1014.3,1014.1,-5.57,396.39,-0.01,29.6999,13.8547,461.7,61.3,1496.862, NAN, NAN, NAN, NAN,,2024/04/18 08:06:49.087,2024-04-18 08:06:49.087000+00:00
2024/04/18, 08:07:49.087,36.039,-75.011, NAN,267.13,274.19,9.4,17.1,17.1,1012.2,1012.0,0.0,0.0,85.13,78.53,329,324,12.0,13.5,90.3,90.6,8.6,10.3,216.8,213.3,1014.3,1014.1,-5.44,395.8,-0.01,29.6765,13.8675,462.7,61.3,1496.877, NAN, NAN, NAN, NAN,,2024/04/18 08:07:49.087,2024-04-18 08:07:49.087000+00:00
2024/04/18, 08:08:49.087,36.039,-75.014, NAN,267.36,271.07,9.54,17.1,17.1,1012.2,1012.0,0.0,0.0,85.13,78.53,327,324,12.7,14.1,90.3,90.3,9.2,10.8,216.0,214.6,1014.3,1014.1,-5.47,395.92,-0.01,29.6422,13.8743,466.2,61.3,1496.859, NAN, NAN, NAN, NAN,,2024/04/18 08:08:49.087,2024-04-18 08:08:49.087000+00:00
2024/04/18, 08:09:49.087,36.039,-75.017, NAN,266.42,268.35,9.48,17.0,17.1,1012.2,1012.1,0.0,0.0,85.13,78.53,329,325,12.2,13.8,90.2,90.3,8.7,10.5,216.4,214.2,1014.3,1014.2,-5.54,396.43,-0.01,29.6074,13.89,462.8,61.5,1496.871, NAN, NAN, NAN, NAN,,2024/04/18 08:09:49.087,2024-04-18 08:09:49.087000+00:00
2024/04/18, 08:10:49.087,36.039,-75.02, NAN,267.23,273.78,9.52,17.0,17.1,1012.2,1012.1,0.0,0.0,85.13,78.53,327,325,12.8,13.7,90.7,90.3,9.4,10.4,215.9,215.0,1014.3,1014.2,-5.54,396.14,-0.02,29.5931,13.9022,463.2,61.4,1496.894, NAN, NAN, NAN, NAN,,2024/04/18 08:10:49.087,2024-04-18 08:10:49.087000+00:00
2024/04/18, 08:11:49.087,36.039,-75.024, NAN,265.83,268.85,9.33,17.0,17.0,1012.2,1012.0,0.0,0.0,85.13,78.53,328,323,12.8,14.3,90.5,90.5,9.4,11.2,215.9,212.1,1014.3,1014.1,-5.55,396.34,-0.01,29.5737,13.9229,463.5,61.4,1496.94, NAN, NAN, NAN, NAN,,2024/04/18 08:11:49.087,2024-04-18 08:11:49.087000+00:00
2024/04/18, 08:12:49.088,36.039,-75.027, NAN,267.49,272.63,9.44,17.0,17.0,1012.3,1012.0,0.0,0.0,85.13,78.53,328,323,14.6,16.0,90.2,90.3,11.1,12.7,220.5,216.0,1014.4,1014.1,-5.65,400.79,-0.01,29.5536,13.958,463.8,61.5,1497.032, NAN, NAN, NAN, NAN,,2024/04/18 08:12:49.088,2024-04-18 08:12:49.088000+00:00
2024/04/18, 08:13:49.088,36.039,-75.03, NAN,267.26,270.31,9.2,17.1,17.1,1012.3,1011.9,0.0,0.0,85.13,78.53,329,324,13.9,15.2,92.5,92.4,10.4,12.0,221.0,216.4,1014.4,1014.0,-5.79,400.43,-0.01,29.524,14.0001,463.8,61.0,1497.136, NAN, NAN, NAN, NAN,,2024/04/18 08:13:49.088,2024-04-18 08:13:49.088000+00:00
2024/04/18, 08:14:49.088,36.039,-75.033, NAN,267.17,267.51,9.33,17.4,17.3,1012.2,1011.9,0.0,0.0,85.13,78.53,329,324,14.1,15.6,91.6,92.1,10.5,12.2,221.4,216.9,1014.3,1014.0,-5.44,400.36,-0.01,29.491,14.0296,464.1,61.4,1497.195, NAN, NAN, NAN, NAN,,2024/04/18 08:14:49.088,2024-04-18 08:14:49.088000+00:00
2024/04/18, 08:15:49.088,36.039,-75.036, NAN,266.55,269.92,9.42,17.5,17.5,1012.0,1011.8,0.0,0.0,85.13,78.53,329,323,13.4,14.5,90.1,90.4,9.8,11.2,219.4,213.4,1014.1,1013.9,-5.33,398.79,-0.01,29.457,14.0317,464.1,61.3,1497.162, NAN, NAN, NAN, NAN,,2024/04/18 08:15:49.088,2024-04-18 08:15:49.088000+00:00
2024/04/18, 08:16:49.088,36.039,-75.04, NAN,266.86,271.6,9.32,17.6,17.5,1012.0,1011.8,0.0,0.0,85.13,78.53,328,324,12.9,14.5,88.9,89.2,9.4,11.2,217.6,215.1,1014.1,1013.9,-5.29,398.73,-0.01,29.4231,14.0045,464.8,61.1,1497.033, NAN, NAN, NAN, NAN,,2024/04/18 08:16:49.088,2024-04-18 08:16:49.088000+00:00
2024/04/18, 08:17:49.088,36.039,-75.043, NAN,266.9,270.8,9.32,17.5,17.5,1012.2,1011.9,0.0,0.0,85.13,78.53,328,323,12.5,13.7,88.8,89.1,9.0,10.5,217.0,212.8,1014.3,1014.0,-5.25,398.31,-0.01,29.4038,13.9832,464.1,61.4,1496.94, NAN, NAN, NAN, NAN,,2024/04/18 08:17:49.088,2024-04-18 08:17:49.088000+00:00
2024/04/18, 08:18:49.088,36.039,-75.046, NAN,265.69,273.8,9.23,17.5,17.5,1012.1,1011.9,0.0,0.0,85.13,78.53,329,325,12.3,13.8,88.5,88.7,9.1,10.8,215.8,213.5,1014.2,1014.0,-5.36,398.45,-0.01,29.4071,13.9788,465.1,61.1,1496.929, NAN, NAN, NAN, NAN,,2024/04/18 08:18:49.088,2024-04-18 08:18:49.088000+00:00
2024/04/18, 08:19:49.088,36.039,-75.049, NAN,265.76,276.73,9.29,17.4,17.4,1012.2,1012.0,0.0,0.0,85.13,78.53,329,325,12.4,13.6,88.6,88.9,9.1,10.5,216.2,213.3,1014.3,1014.1,-5.4,398.04,-0.01,29.4041,13.9818,465.1,61.3,1496.936, NAN, NAN, NAN, NAN,,2024/04/18 08:19:49.088,2024-04-18 08:19:49.088000+00:00
2024/04/18, 08:20:49.088,36.039,-75.052, NAN,265.76,270.8,9.25,17.3,17.3,1012.2,1012.0,0.0,0.0,85.13,78.53,328,324,13.0,14.3,89.1,89.2,9.6,11.1,216.9,213.8,1014.3,1014.1,-5.51,398.1,-0.01,29.3953,13.9947,465.4,61.5,1496.968, NAN, NAN, NAN, NAN,,2024/04/18 08:20:49.088,2024-04-18 08:20:49.088000+00:00
2024/04/18, 08:21:49.088,36.04,-75.056, NAN,266.11,269.95,9.37,17.3,17.3,1012.0,1012.0,0.0,0.0,85.13,78.53,326,322,13.0,14.2,89.1,89.7,9.7,11.1,214.3,211.3,1014.1,1014.1,-5.49,398.18,-0.01,29.3869,13.9736,466.0,61.4,1496.888, NAN, NAN, NAN, NAN,,2024/04/18 08:21:49.088,2024-04-18 08:21:49.088000+00:00
2024/04/18, 08:22:49.088,36.04,-75.059, NAN,265.39,272.33,9.79,17.2,17.2,1012.1,1011.9,0.0,0.0,85.13,78.53,329,325,14.0,15.5,90.0,90.2,10.3,12.0,218.0,215.0,1014.2,1014.0,-5.55,398.64,-0.01,29.3793,13.9543,463.8,61.4,1496.816, NAN, NAN, NAN, NAN,,2024/04/18 08:22:49.088,2024-04-18 08:22:49.088000+00:00
2024/04/18, 08:23:49.088,36.04,-75.062, NAN,266.31,271.09,10.04,17.3,17.3,1012.2,1011.9,0.0,0.0,85.13,78.53,330,326,12.8,14.5,90.4,90.5,9.0,10.9,217.5,215.3,1014.3,1014.0,-5.57,398.04,-0.01,29.3762,13.9389,466.8,61.5,1496.761, NAN, NAN, NAN, NAN,,2024/04/18 08:23:49.088,2024-04-18 08:23:49.088000+00:00
2024/04/18, 08:24:49.088,36.04,-75.066, NAN,265.9,270.69,10.1,17.4,17.4,1012.0,1011.9,0.0,0.0,85.13,78.53,330,327,12.3,13.7,89.7,90.0,8.5,10.0,216.0,214.8,1014.1,1014.0,-5.43,398.0,-0.01,29.3836,13.9227,466.2,61.6,1496.716, NAN, NAN, NAN, NAN,,2024/04/18 08:24:49.088,2024-04-18 08:24:49.088000+00:00
2024/04/18, 08:25:49.088,36.039,-75.069, NAN,266.04,272.11,10.05,17.4,17.4,1012.1,1012.0,0.0,0.0,85.13,78.53,331,326,12.5,13.7,89.3,89.5,8.6,10.1,218.0,213.8,1014.2,1014.1,-5.47,398.16,-0.01,29.3804,13.902,466.5,61.6,1496.644, NAN, NAN, NAN, NAN,,2024/04/18 08:25:49.088,2024-04-18 08:25:49.088000+00:00
2024/04/18, 08:26:49.088,36.039,-75.073, NAN,266.25,271.5,10.04,17.4,17.4,1012.1,1012.0,0.0,0.0,85.13,78.53,333,328,12.9,13.9,89.3,89.5,8.9,10.2,221.6,216.7,1014.2,1014.1,-5.46,397.62,-0.01,29.3857,13.8712,465.7,61.6,1496.549, NAN, NAN, NAN, NAN,,2024/04/18 08:26:49.088,2024-04-18 08:26:49.088000+00:00
2024/04/18, 08:27:49.089,36.039,-75.076, NAN,265.12,268.61,10.23,17.4,17.4,1012.2,1012.0,0.0,0.0,85.13,78.53,334,329,13.1,13.8,88.4,88.6,8.9,9.9,222.3,216.7,1014.3,1014.1,-5.4,397.74,-0.01,29.3952,13.8312,466.0,61.7,1496.427, NAN, NAN, NAN, NAN,,2024/04/18 08:27:49.089,2024-04-18 08:27:49.089000+00:00
2024/04/18, 08:28:49.089,36.039,-75.08, NAN,266.55,268.71,10.22,17.3,17.3,1012.0,1011.8,0.0,0.0,85.13,78.53,336,330,13.2,14.5,88.6,88.7,8.8,10.4,227.4,221.1,1014.1,1013.9,-5.47,398.04,-0.01,29.4077,13.7854,466.0,61.8,1496.29, NAN, NAN, NAN, NAN,,2024/04/18 08:28:49.089,2024-04-18 08:28:49.089000+00:00
2024/04/18, 08:29:49.089,36.039,-75.083, NAN,265.6,266.74,9.93,17.3,17.3,1012.0,1011.9,0.0,0.0,85.13,78.53,338,334,13.6,14.1,88.7,88.9,9.2,9.9,230.2,225.3,1014.1,1014.0,-5.58,400.04,-0.01,29.4267,13.7527,465.7,61.7,1496.204, NAN, NAN, NAN, NAN,,2024/04/18 08:29:49.089,2024-04-18 08:29:49.089000+00:00
2024/04/18, 08:30:49.089,36.039,-75.086, NAN,266.12,270.15,9.91,17.3,17.3,1012.2,1012.0,0.0,0.0,85.13,78.53,340,335,12.6,13.2,88.4,88.8,8.1,9.0,232.3,226.0,1014.3,1014.1,-5.41,400.29,-0.01,29.45,13.7676,466.0,61.7,1496.281, NAN, NAN, NAN, NAN,,2024/04/18 08:30:49.089,2024-04-18 08:30:49.089000+00:00
2024/04/18, 08:31:49.089,36.039,-75.09, NAN,266.12,271.42,9.97,17.3,17.3,1012.2,1012.0,0.0,0.0,85.13,78.53,343,337,12.3,12.6,87.6,88.0,7.8,8.4,235.2,226.8,1014.3,1014.1,-5.45,400.96,-0.01,29.4733,13.7558,466.0,61.7,1496.269, NAN, NAN, NAN, NAN,,2024/04/18 08:31:49.089,2024-04-18 08:31:49.089000+00:00
2024/04/18, 08:32:49.089,36.039,-75.093, NAN,265.46,272.25,10.13,17.3,17.3,1012.2,1011.9,0.0,0.0,85.13,78.53,347,342,11.7,11.8,87.1,87.3,6.9,7.2,239.6,231.8,1014.3,1014.0,-5.4,400.29,-0.01,29.4904,13.7011,463.8,61.6,1496.107, NAN, NAN, NAN, NAN,,2024/04/18 08:32:49.089,2024-04-18 08:32:49.089000+00:00
2024/04/18, 08:33:49.089,36.039,-75.097, NAN,266.84,266.62,10.2,17.3,17.3,1011.9,1012.0,0.0,0.0,85.13,78.53,345,341,11.6,12.1,86.7,87.0,6.7,7.4,239.2,233.7,1014.0,1014.1,-5.42,400.42,-0.01,29.5018,13.6328,462.4,61.5,1495.894, NAN, NAN, NAN, NAN,,2024/04/18 08:33:49.089,2024-04-18 08:33:49.089000+00:00
2024/04/18, 08:34:49.089,36.039,-75.1, NAN,266.4,269.02,10.03,17.2,17.2,1012.0,1012.1,0.0,0.0,85.13,78.53,341,336,12.2,12.2,87.2,87.4,7.6,7.9,233.1,225.5,1014.1,1014.2,-5.41,399.93,-0.01,29.513,13.5432,462.4,61.6,1495.608, NAN, NAN, NAN, NAN,,2024/04/18 08:34:49.089,2024-04-18 08:34:49.089000+00:00
2024/04/18, 08:35:49.089,36.039,-75.104, NAN,264.89,268.8,9.97,17.2,17.2,1012.1,1011.9,0.0,0.0,85.13,78.53,338,333,12.7,12.8,87.4,87.5,8.4,8.8,227.4,220.5,1014.2,1014.0,-5.6,400.39,-0.02,29.5339,13.5114,461.7,61.3,1495.527, NAN, NAN, NAN, NAN,,2024/04/18 08:35:49.089,2024-04-18 08:35:49.089000+00:00
2024/04/18, 08:36:49.089,36.039,-75.107, NAN,265.5,273.35,9.97,17.2,17.2,1012.1,1012.0,0.0,0.0,85.13,78.53,334,329,13.4,14.6,88.1,88.1,9.4,10.9,223.1,218.4,1014.2,1014.1,-5.57,402.43,-0.01,29.579,13.507,462.4,61.2,1495.565, NAN, NAN, NAN, NAN,,2024/04/18 08:36:49.089,2024-04-18 08:36:49.089000+00:00
2024/04/18, 08:37:49.089,36.039,-75.111, NAN,266.31,266.7,10.01,17.4,17.3,1012.1,1011.9,0.0,0.0,85.13,78.53,333,328,13.3,14.9,89.1,89.4,9.2,11.1,223.3,219.0,1014.2,1014.0,-5.44,402.08,-0.01,29.6172,13.5193,461.1,61.2,1495.651, NAN, NAN, NAN, NAN,,2024/04/18 08:37:49.089,2024-04-18 08:37:49.089000+00:00
2024/04/18, 08:38:49.089,36.039,-75.114, NAN,265.97,268.97,10.16,17.5,17.5,1012.1,1011.8,0.0,0.0,85.13,78.53,332,328,13.1,14.2,88.3,88.4,9.0,10.3,220.8,217.3,1014.2,1013.9,-5.36,400.51,-0.01,29.6452,13.5268,459.8,61.3,1495.709, NAN, NAN, NAN, NAN,,2024/04/18 08:38:49.089,2024-04-18 08:38:49.089000+00:00
2024/04/18, 08:39:49.089,36.039,-75.117, NAN,265.09,266.55,10.09,17.5,17.5,1012.0,1011.9,0.0,0.0,85.13,78.53,331,326,12.8,14.0,87.6,87.9,8.9,10.4,217.6,213.3,1014.1,1014.0,-5.34,398.76,-0.01,29.6561,13.5167,457.7,61.1,1495.688, NAN, NAN, NAN, NAN,,2024/04/18 08:39:49.089,2024-04-18 08:39:49.089000+00:00
2024/04/18, 08:40:49.089,36.039,-75.121, NAN,265.31,271.29,10.1,17.6,17.5,1011.9,1011.8,0.0,0.0,85.13,78.53,329,324,12.3,13.5,87.6,87.8,8.7,10.2,213.6,209.7,1014.0,1013.9,-5.39,397.06,-0.01,29.6442,13.4966,456.1,61.2,1495.607, NAN, NAN, NAN, NAN,,2024/04/18 08:40:49.089,2024-04-18 08:40:49.089000+00:00
2024/04/18, 08:41:49.089,36.039,-75.124, NAN,265.95,269.09,10.13,17.5,17.5,1012.0,1011.9,0.0,0.0,85.13,78.53,328,324,12.6,13.6,87.0,87.3,8.9,10.1,214.2,211.0,1014.1,1014.0,-5.36,396.07,-0.01,29.6454,13.4761,455.6,61.2,1495.54, NAN, NAN, NAN, NAN,,2024/04/18 08:41:49.089,2024-04-18 08:41:49.089000+00:00
2024/04/18, 08:42:49.089,36.039,-75.128, NAN,265.98,269.33,10.17,17.5,17.5,1011.9,1011.7,0.0,0.0,85.13,78.53,328,324,12.3,13.6,86.7,86.8,8.5,10.1,213.6,211.1,1014.0,1013.8,-5.47,396.38,-0.01,29.6503,13.439,455.0,61.2,1495.422, NAN, NAN, NAN, NAN,,2024/04/18 08:42:49.089,2024-04-18 08:42:49.089000+00:00
2024/04/18, 08:43:49.090,36.038,-75.131, NAN,266.12,272.67,10.11,17.4,17.4,1012.1,1011.6,0.0,0.0,85.13,78.53,328,324,11.9,13.5,87.3,87.4,8.2,10.0,212.8,211.1,1014.2,1013.7,-5.57,396.5,-0.01,29.6566,13.3949,456.0,60.9,1495.282, NAN, NAN, NAN, NAN,,2024/04/18 08:43:49.090,2024-04-18 08:43:49.090000+00:00
2024/04/18, 08:44:49.090,36.038,-75.135, NAN,265.32,262.71,10.01,17.3,17.4,1011.9,1011.8,0.0,0.0,85.13,78.53,329,325,12.2,14.1,87.0,87.3,8.2,10.3,215.5,213.7,1014.0,1013.9,-5.49,399.36,-0.01,29.6702,13.3746,453.4,60.9,1495.23, NAN, NAN, NAN, NAN,,2024/04/18 08:44:49.090,2024-04-18 08:44:49.090000+00:00
2024/04/18, 08:45:49.090,36.038,-75.138, NAN,267.04,268.15,9.93,17.3,17.3,1012.0,1011.9,0.0,0.0,85.13,78.53,334,330,12.0,13.1,87.3,87.5,7.9,9.2,223.4,220.0,1014.1,1014.0,-5.61,400.47,-0.01,29.6886,13.4132,453.4,60.6,1495.381, NAN, NAN, NAN, NAN,,2024/04/18 08:45:49.090,2024-04-18 08:45:49.090000+00:00
2024/04/18, 08:46:49.090,36.038,-75.142, NAN,267.26,267.9,9.98,17.5,17.4,1011.9,1011.9,0.0,0.0,85.13,78.53,335,332,11.3,11.8,88.0,88.2,7.1,7.8,223.0,219.9,1014.0,1014.0,-5.43,399.93,-0.01,29.7018,13.4962,452.6,60.9,1495.674, NAN, NAN, NAN, NAN,,2024/04/18 08:46:49.090,2024-04-18 08:46:49.090000+00:00
2024/04/18, 08:47:49.090,36.038,-75.145, NAN,268.06,267.87,9.9,17.7,17.6,1011.9,1011.8,0.0,0.0,85.13,78.53,337,333,11.3,11.5,86.5,86.8,7.0,7.5,227.4,221.9,1014.0,1013.9,-5.32,397.59,-0.01,29.6618,13.5551,452.9,61.1,1495.823, NAN, NAN, NAN, NAN,,2024/04/18 08:47:49.090,2024-04-18 08:47:49.090000+00:00
2024/04/18, 08:48:49.090,36.038,-75.148, NAN,267.53,274.07,10.07,17.8,17.8,1012.1,1012.0,0.0,0.0,85.13,78.53,344,336,11.2,12.0,84.6,85.1,6.5,7.8,236.4,225.8,1014.2,1014.1,-5.24,396.08,-0.01,29.5757,13.5851,453.1,61.1,1495.822, NAN, NAN, NAN, NAN,,2024/04/18 08:48:49.090,2024-04-18 08:48:49.090000+00:00
2024/04/18, 08:49:49.090,36.038,-75.152, NAN,267.52,270.05,9.83,17.8,17.8,1012.1,1012.0,0.0,0.0,85.13,78.53,348,342,11.0,10.7,83.9,84.1,6.2,6.2,243.7,232.9,1014.2,1014.1,-5.22,396.09,-0.01,29.5018,13.5718,454.7,60.9,1495.691, NAN, NAN, NAN, NAN,,2024/04/18 08:49:49.090,2024-04-18 08:49:49.090000+00:00
2024/04/18, 08:50:49.090,36.038,-75.155, NAN,267.15,271.88,10.03,17.6,17.6,1012.1,1012.0,0.0,0.0,85.13,78.53,344,339,12.2,11.8,83.8,83.9,7.5,7.4,238.2,229.6,1014.2,1014.1,-5.34,398.5,-0.01,29.4658,13.5639,455.3,61.1,1495.622, NAN, NAN, NAN, NAN,,2024/04/18 08:50:49.090,2024-04-18 08:50:49.090000+00:00
2024/04/18, 08:51:49.090,36.038,-75.159, NAN,267.69,271.71,9.78,17.4,17.4,1011.9,1011.9,0.0,0.0,85.13,78.53,337,332,14.2,14.8,83.9,84.0,10.0,10.9,231.3,225.4,1014.0,1014.0,-5.55,404.01,-0.01,29.4787,13.5573,455.3,61.1,1495.615, NAN, NAN, NAN, NAN,,2024/04/18 08:51:49.090,2024-04-18 08:51:49.090000+00:00
2024/04/18, 08:52:49.090,36.038,-75.162, NAN,267.11,271.3,9.93,17.4,17.4,1011.9,1011.9,0.0,0.0,85.13,78.53,342,336,14.1,14.8,84.6,84.7,9.5,10.5,238.3,230.6,1014.0,1014.0,-5.67,407.42,-0.01,29.4836,13.5521,455.6,60.9,1495.604, NAN, NAN, NAN, NAN,,2024/04/18 08:52:49.090,2024-04-18 08:52:49.090000+00:00
2024/04/18, 08:53:49.090,36.038,-75.165, NAN,269.8,268.56,9.84,17.8,17.7,1012.1,1012.1,0.0,0.0,85.13,78.53,7,3,12.3,12.0,82.6,83.4,7.3,6.9,280.5,273.8,1014.2,1014.2,-4.99,397.76,-0.0,29.4689,13.542,454.7,60.9,1495.553, NAN, NAN, NAN, NAN,,2024/04/18 08:53:49.090,2024-04-18 08:53:49.090000+00:00
2024/04/18, 08:54:49.090,36.038,-75.169, NAN,268.5,268.89,9.88,17.7,17.7,1012.2,1012.3,0.0,0.0,85.13,78.53,6,0,12.4,11.9,79.9,80.1,7.4,6.8,278.0,267.8,1014.3,1014.4,-5.16,397.99,-0.01,29.454,13.5358,456.1,61.2,1495.514, NAN, NAN, NAN, NAN,,2024/04/18 08:54:49.090,2024-04-18 08:54:49.090000+00:00
2024/04/18, 08:55:49.090,36.038,-75.172, NAN,269.03,271.49,9.84,17.4,17.4,1012.2,1012.3,0.0,0.0,85.13,78.53,3,357,12.0,11.5,81.0,81.0,6.9,6.5,272.8,262.2,1014.3,1014.4,-5.52,401.12,-0.01,29.4494,13.5345,456.1,61.2,1495.505, NAN, NAN, NAN, NAN,,2024/04/18 08:55:49.090,2024-04-18 08:55:49.090000+00:00
2024/04/18, 08:56:49.090,36.038,-75.176, NAN,269.04,269.43,9.81,17.3,17.3,1012.0,1012.2,0.0,0.0,85.13,78.53,351,345,11.4,11.5,82.8,82.7,6.5,6.8,252.0,241.9,1014.1,1014.3,-5.72,403.91,-0.01,29.4435,13.5418,456.8,61.1,1495.522, NAN, NAN, NAN, NAN,,2024/04/18 08:56:49.090,2024-04-18 08:56:49.090000+00:00
2024/04/18, 08:57:49.090,36.038,-75.179, NAN,269.72,269.5,9.91,17.4,17.4,1012.2,1012.1,0.0,0.0,85.13,78.53,342,339,11.4,11.9,82.7,82.9,6.8,7.4,237.6,233.8,1014.3,1014.2,-5.53,404.3,-0.01,29.444,13.5443,457.4,61.3,1495.531, NAN, NAN, NAN, NAN,,2024/04/18 08:57:49.090,2024-04-18 08:57:49.090000+00:00
2024/04/18, 08:58:49.090,36.038,-75.182, NAN,269.11,268.71,9.92,17.5,17.5,1012.2,1012.1,0.0,0.0,85.13,78.53,348,343,10.6,11.3,81.5,81.7,5.7,6.6,245.9,238.7,1014.3,1014.2,-5.4,403.52,-0.01,29.4494,13.5584,456.4,61.2,1495.584, NAN, NAN, NAN, NAN,,2024/04/18 08:58:49.090,2024-04-18 08:58:49.090000+00:00
2024/04/18, 08:59:49.091,36.038,-75.186, NAN,268.88,269.43,9.8,17.6,17.6,1012.1,1012.0,0.0,0.0,85.13,78.53,346,342,10.8,11.3,80.7,80.8,6.1,6.8,242.0,236.4,1014.2,1014.1,-5.5,403.05,-0.02,29.4568,13.5788,458.0,61.3,1495.661, NAN, NAN, NAN, NAN,,2024/04/18 08:59:49.091,2024-04-18 08:59:49.091000+00:00
2024/04/18, 09:00:49.091,36.039,-75.189, NAN,269.54,270.47,9.88,17.6,17.6,1012.1,1012.0,0.0,0.0,85.13,78.53,351,344,10.2,10.6,80.6,80.3,5.3,5.9,250.9,239.0,1014.2,1014.1,-5.45,401.89,-0.01,29.47,13.577,457.1,61.3,1495.671, NAN, NAN, NAN, NAN,,2024/04/18 09:00:49.091,2024-04-18 09:00:49.091000+00:00
2024/04/18, 09:01:49.091,36.039,-75.193, NAN,268.93,273.87,9.98,17.5,17.6,1012.2,1012.0,0.0,0.0,85.13,78.53,347,342,10.6,11.0,80.0,80.1,5.8,6.4,242.6,235.0,1014.3,1014.1,-5.51,401.14,-0.01,29.476,13.5683,457.7,61.2,1495.649, NAN, NAN, NAN, NAN,,2024/04/18 09:01:49.091,2024-04-18 09:01:49.091000+00:00
2024/04/18, 09:02:49.091,36.039,-75.196, NAN,269.28,271.23,9.91,17.4,17.5,1012.0,1011.9,0.0,0.0,85.13,78.53,345,340,10.5,11.2,80.0,80.1,5.9,6.8,238.8,232.3,1014.1,1014.0,-5.61,401.75,-0.01,29.4894,13.5561,457.4,61.1,1495.624, NAN, NAN, NAN, NAN,,2024/04/18 09:02:49.091,2024-04-18 09:02:49.091000+00:00
2024/04/18, 09:03:49.091,36.039,-75.199, NAN,268.85,277.77,9.97,17.3,17.4,1011.9,1012.1,0.0,0.0,85.13,78.53,340,334,12.6,13.2,80.1,80.2,8.2,9.2,233.6,226.1,1014.0,1014.2,-5.64,404.51,-0.01,29.5128,13.5319,457.4,61.1,1495.57, NAN, NAN, NAN, NAN,,2024/04/18 09:03:49.091,2024-04-18 09:03:49.091000+00:00
2024/04/18, 09:04:49.091,36.039,-75.203, NAN,269.36,272.54,9.95,17.3,17.3,1011.9,1011.8,0.0,0.0,85.13,78.53,336,332,13.9,14.8,80.4,80.6,9.5,10.6,232.2,227.8,1014.0,1013.9,-5.6,408.19,-0.02,29.5294,13.4956,457.7,61.1,1495.469, NAN, NAN, NAN, NAN,,2024/04/18 09:04:49.091,2024-04-18 09:04:49.091000+00:00
2024/04/18, 09:05:49.091,36.039,-75.206, NAN,267.9,272.36,9.96,17.6,17.5,1011.9,1011.6,0.0,0.0,85.13,78.53,336,330,13.7,14.4,79.4,79.8,9.5,10.5,229.3,222.3,1014.0,1013.7,-5.37,408.09,-0.01,29.5511,13.4593,457.7,61.2,1495.373, NAN, NAN, NAN, NAN,,2024/04/18 09:05:49.091,2024-04-18 09:05:49.091000+00:00
2024/04/18, 09:06:49.091,36.039,-75.209, NAN,268.77,272.1,9.97,18.0,17.9,1011.8,1011.8,0.0,0.0,85.13,78.53,332,328,13.2,14.8,77.0,77.4,9.2,11.0,223.9,221.1,1013.9,1013.9,-5.31,407.03,-0.01,29.5775,13.4413,457.7,61.2,1495.344, NAN, NAN, NAN, NAN,,2024/04/18 09:06:49.091,2024-04-18 09:06:49.091000+00:00
2024/04/18, 09:07:49.091,36.039,-75.213, NAN,268.56,270.56,10.05,18.3,18.2,1011.8,1011.7,0.0,0.0,85.13,78.53,331,327,13.3,15.2,75.9,76.2,9.3,11.4,222.4,220.1,1013.9,1013.8,-5.91,405.92,-0.01,29.6046,13.4401,458.7,61.3,1495.372, NAN, NAN, NAN, NAN,,2024/04/18 09:07:49.091,2024-04-18 09:07:49.091000+00:00
2024/04/18, 09:08:49.091,36.039,-75.216, NAN,269.0,269.39,9.92,18.4,18.3,1011.8,1011.8,0.0,0.0,85.13,78.53,332,328,12.8,14.9,75.0,75.3,8.7,11.0,224.4,222.3,1013.9,1013.9,-6.02,402.83,-0.01,29.6222,13.4407,456.1,61.2,1495.395, NAN, NAN, NAN, NAN,,2024/04/18 09:08:49.091,2024-04-18 09:08:49.091000+00:00
2024/04/18, 09:09:49.091,36.039,-75.22, NAN,269.07,273.14,9.79,18.3,18.3,1011.9,1011.7,0.0,0.0,85.13,78.53,333,328,12.8,14.3,74.6,75.1,8.7,10.5,225.9,221.6,1014.0,1013.8,-5.93,401.68,-0.01,29.6288,13.4435,456.4,61.3,1495.412, NAN, NAN, NAN, NAN,,2024/04/18 09:09:49.091,2024-04-18 09:09:49.091000+00:00
2024/04/18, 09:10:49.091,36.039,-75.223, NAN,268.89,267.62,9.86,18.2,18.2,1011.9,1011.8,0.0,0.0,85.13,78.53,334,329,12.9,14.0,75.0,75.0,8.8,10.1,227.1,222.1,1014.0,1013.9,-5.73,401.43,-0.01,29.6338,13.4527,456.8,61.3,1495.448, NAN, NAN, NAN, NAN,,2024/04/18 09:10:49.091,2024-04-18 09:10:49.091000+00:00
2024/04/18, 09:11:49.091,36.039,-75.226, NAN,269.35,268.69,10.15,18.1,18.1,1011.9,1011.8,0.0,0.0,85.13,78.53,333,329,13.1,14.5,75.5,75.6,8.8,10.4,226.8,223.4,1014.0,1013.9,-5.57,399.9,-0.01,29.6452,13.4568,456.1,61.1,1495.475, NAN, NAN, NAN, NAN,,2024/04/18 09:11:49.091,2024-04-18 09:11:49.091000+00:00
2024/04/18, 09:12:49.091,36.039,-75.23, NAN,269.54,273.42,10.1,18.0,18.0,1011.9,1011.8,0.0,0.0,85.13,78.53,333,328,14.5,16.0,75.6,75.6,10.3,12.1,228.2,223.5,1014.0,1013.9,-5.47,403.38,-0.01,29.6595,13.4542,454.4,61.1,1495.484, NAN, NAN, NAN, NAN,,2024/04/18 09:12:49.091,2024-04-18 09:12:49.091000+00:00
2024/04/18, 09:13:49.091,36.039,-75.233, NAN,268.43,269.51,10.06,17.9,17.9,1011.9,1011.7,0.0,0.0,85.13,78.53,330,327,12.9,14.7,75.0,75.3,8.9,10.9,220.6,219.6,1014.0,1013.8,-5.36,400.04,-0.01,29.6726,13.4647,455.3,61.1,1495.534, NAN, NAN, NAN, NAN,,2024/04/18 09:13:49.091,2024-04-18 09:13:49.091000+00:00
2024/04/18, 09:14:49.091,36.04,-75.237, NAN,267.31,274.97,10.01,18.1,18.1,1011.9,1011.8,0.0,0.0,85.13,78.53,335,330,12.8,14.1,74.4,74.4,8.7,10.3,225.3,220.8,1014.0,1013.9,-5.24,395.79,-0.01,29.6984,13.4842,454.4,61.0,1495.63, NAN, NAN, NAN, NAN,,2024/04/18 09:14:49.091,2024-04-18 09:14:49.091000+00:00
2024/04/18, 09:15:49.092,36.04,-75.24, NAN,268.79,269.11,9.98,18.1,18.1,1011.9,1011.9,0.0,0.0,85.13,78.53,333,329,14.1,15.3,73.9,74.0,9.9,11.3,227.4,223.7,1014.0,1014.0,-5.36,393.17,-0.01,29.719,13.5007,454.7,61.1,1495.709, NAN, NAN, NAN, NAN,,2024/04/18 09:15:49.092,2024-04-18 09:15:49.092000+00:00
2024/04/18, 09:16:49.092,36.04,-75.243, NAN,268.35,271.7,9.79,18.0,18.0,1011.9,1011.9,0.0,0.0,85.13,78.53,333,328,13.8,15.6,73.7,73.9,9.8,11.9,226.3,222.2,1014.0,1014.0,-5.51,390.44,-0.01,29.7347,13.5197,453.4,60.9,1495.791, NAN, NAN, NAN, NAN,,2024/04/18 09:16:49.092,2024-04-18 09:16:49.092000+00:00
2024/04/18, 09:17:49.092,36.04,-75.247, NAN,268.51,270.41,9.89,18.0,18.3,1011.9,1011.9,0.0,0.0,85.13,78.53,333,328,12.8,14.7,73.6,72.3,8.7,10.9,225.1,221.4,1014.0,1014.0,-5.33,385.68,-0.01,29.7453,13.5337,453.4,60.9,1495.85, NAN, NAN, NAN, NAN,,2024/04/18 09:17:49.092,2024-04-18 09:17:49.092000+00:00
2024/04/18, 09:18:49.092,36.04,-75.25, NAN,267.58,276.33,10.05,18.8,18.7,1012.0,1011.9,0.0,0.0,85.13,78.53,333,328,12.5,14.3,70.3,70.6,8.6,10.7,221.5,218.3,1014.1,1014.0,-5.19,381.6,-0.01,29.7539,13.5336,454.7,61.0,1495.86, NAN, NAN, NAN, NAN,,2024/04/18 09:18:49.092,2024-04-18 09:18:49.092000+00:00
2024/04/18, 09:19:49.092,36.04,-75.254, NAN,267.86,273.75,9.96,18.9,18.9,1011.9,1011.9,0.0,0.0,85.13,78.53,333,329,12.1,13.6,69.1,69.3,8.2,9.9,221.9,219.4,1014.0,1014.0,-5.18,378.21,-0.01,29.7615,13.5338,451.3,61.0,1495.869, NAN, NAN, NAN, NAN,,2024/04/18 09:19:49.092,2024-04-18 09:19:49.092000+00:00
2024/04/18, 09:20:49.092,36.04,-75.257, NAN,268.59,268.19,10.05,19.0,19.0,1012.0,1011.9,0.0,0.0,85.13,78.53,333,328,12.0,13.4,68.5,68.6,7.8,9.5,223.8,219.5,1014.1,1014.0,-5.25,374.61,-0.01,29.7759,13.5271,453.4,61.0,1495.864, NAN, NAN, NAN, NAN,,2024/04/18 09:20:49.092,2024-04-18 09:20:49.092000+00:00
2024/04/18, 09:21:49.092,36.04,-75.261, NAN,268.22,272.24,10.11,19.1,19.1,1012.0,1011.9,0.0,0.0,85.13,78.53,331,327,11.2,13.0,68.3,68.3,7.3,9.3,217.2,216.1,1014.1,1014.0,-5.31,371.69,-0.01,29.7949,13.5227,452.0,61.1,1495.871, NAN, NAN, NAN, NAN,,2024/04/18 09:21:49.092,2024-04-18 09:21:49.092000+00:00
2024/04/18, 09:22:49.092,36.04,-75.264, NAN,268.34,271.58,10.2,19.0,19.0,1011.9,1011.8,0.0,0.0,85.13,78.53,330,327,11.0,12.4,68.7,68.7,7.1,8.6,215.4,215.0,1014.0,1013.9,-5.58,369.62,-0.01,29.8178,13.5154,452.6,61.1,1495.874, NAN, NAN, NAN, NAN,,2024/04/18 09:22:49.092,2024-04-18 09:22:49.092000+00:00
2024/04/18, 09:23:49.092,36.04,-75.268, NAN,267.11,265.18,10.25,18.7,18.8,1011.9,1011.8,0.0,0.0,85.13,78.53,331,327,10.9,12.5,69.5,69.4,6.9,8.7,215.5,214.2,1014.0,1013.9,-5.93,368.8,-0.01,29.8399,13.4965,451.0,61.2,1495.837, NAN, NAN, NAN, NAN,,2024/04/18 09:23:49.092,2024-04-18 09:23:49.092000+00:00
2024/04/18, 09:24:49.092,36.04,-75.271, NAN,267.99,272.59,10.27,18.5,18.6,1011.8,1011.9,0.0,0.0,85.13,78.53,330,327,10.8,12.5,70.4,70.3,6.9,8.7,214.3,214.8,1013.9,1014.0,-6.12,368.69,-0.01,29.8613,13.4695,450.4,61.2,1495.772, NAN, NAN, NAN, NAN,,2024/04/18 09:24:49.092,2024-04-18 09:24:49.092000+00:00
2024/04/18, 09:25:49.092,36.04,-75.275, NAN,267.39,272.86,10.24,18.3,18.4,1011.9,1011.8,0.0,0.0,85.13,78.53,330,326,10.6,12.4,71.1,71.1,6.9,8.9,212.1,211.9,1014.0,1013.9,-6.23,368.44,-0.01,29.8926,13.4603,450.0,61.2,1495.778, NAN, NAN, NAN, NAN,,2024/04/18 09:25:49.092,2024-04-18 09:25:49.092000+00:00
2024/04/18, 09:26:49.092,36.04,-75.278, NAN,268.05,270.97,10.19,18.2,18.2,1011.8,1011.8,0.0,0.0,85.13,78.53,329,325,10.7,12.2,71.8,71.8,6.8,8.5,213.2,211.9,1013.9,1013.9,-6.33,368.33,-0.01,29.9323,13.4465,449.6,61.3,1495.779, NAN, NAN, NAN, NAN,,2024/04/18 09:26:49.092,2024-04-18 09:26:49.092000+00:00
2024/04/18, 09:27:49.092,36.04,-75.282, NAN,268.09,276.77,10.13,18.2,18.1,1011.9,1011.6,0.0,0.0,85.13,78.53,328,324,10.7,12.5,71.8,72.3,7.3,9.3,210.3,210.2,1014.0,1013.7,-6.35,368.84,-0.01,29.972,13.429,447.6,61.3,1495.767, NAN, NAN, NAN, NAN,,2024/04/18 09:27:49.092,2024-04-18 09:27:49.092000+00:00
2024/04/18, 09:28:49.092,36.04,-75.285, NAN,267.58,270.4,10.24,18.0,18.1,1011.8,1011.5,0.0,0.0,85.13,78.53,326,323,11.0,12.5,72.5,72.5,7.4,9.0,209.0,209.1,1013.9,1013.6,-6.24,367.55,-0.01,30.0018,13.4182,448.6,61.3,1495.766, NAN, NAN, NAN, NAN,,2024/04/18 09:28:49.092,2024-04-18 09:28:49.092000+00:00
2024/04/18, 09:29:49.092,36.04,-75.289, NAN,268.43,270.42,10.36,18.0,18.0,1011.8,1011.7,0.0,0.0,85.13,78.53,324,321,11.3,13.2,72.7,72.7,7.7,9.7,208.1,208.9,1013.9,1013.8,-6.25,366.47,-0.01,30.0351,13.4111,445.9,61.3,1495.782, NAN, NAN, NAN, NAN,,2024/04/18 09:29:49.092,2024-04-18 09:29:49.092000+00:00
2024/04/18, 09:30:49.093,36.04,-75.292, NAN,267.56,267.25,10.32,18.0,17.9,1011.9,1011.5,0.0,0.0,85.13,78.53,324,321,11.4,13.0,72.7,73.0,7.9,9.7,207.2,207.4,1014.0,1013.6,-6.29,366.74,-0.01,30.0629,13.4041,445.6,61.3,1495.791, NAN, NAN, NAN, NAN,,2024/04/18 09:30:49.093,2024-04-18 09:30:49.093000+00:00
2024/04/18, 09:31:49.093,36.04,-75.296, NAN,267.56,267.76,10.24,17.8,17.8,1011.8,1011.5,0.0,0.0,85.13,78.53,324,320,11.6,13.2,73.5,73.5,8.0,9.8,208.4,207.1,1013.9,1013.6,-6.33,366.58,-0.01,30.0858,13.3904,445.9,61.3,1495.772, NAN, NAN, NAN, NAN,,2024/04/18 09:31:49.093,2024-04-18 09:31:49.093000+00:00
2024/04/18, 09:32:49.093,36.04,-75.299, NAN,267.59,272.9,10.07,17.7,17.8,1011.8,1011.5,0.0,0.0,85.13,78.53,322,320,11.6,13.1,73.8,73.7,8.5,10.1,205.5,206.6,1013.9,1013.6,-6.26,365.68,-0.01,30.1038,13.376,444.6,61.4,1495.745, NAN, NAN, NAN, NAN,,2024/04/18 09:32:49.093,2024-04-18 09:32:49.093000+00:00
2024/04/18, 09:33:49.093,36.04,-75.303, NAN,267.69,276.0,10.09,17.7,17.7,1011.8,1011.5,0.0,0.0,85.13,78.53,323,320,11.6,12.9,73.8,73.8,8.4,9.8,206.9,206.3,1013.9,1013.6,-6.28,364.89,-0.02,30.125,13.3715,444.3,61.3,1495.755, NAN, NAN, NAN, NAN,,2024/04/18 09:33:49.093,2024-04-18 09:33:49.093000+00:00
2024/04/18, 09:34:49.093,36.04,-75.306, NAN,268.51,269.83,10.28,17.7,17.7,1011.8,1011.5,0.0,0.0,85.13,78.53,324,321,11.6,13.2,73.8,73.9,8.1,9.8,209.1,209.0,1013.9,1013.6,-6.24,364.38,-0.01,30.1488,13.3644,444.3,61.2,1495.759, NAN, NAN, NAN, NAN,,2024/04/18 09:34:49.093,2024-04-18 09:34:49.093000+00:00
2024/04/18, 09:35:49.093,36.04,-75.31, NAN,267.59,265.75,10.12,17.6,17.6,1011.8,1011.5,0.0,0.0,85.13,78.53,324,320,11.6,13.2,74.2,74.2,8.0,9.8,209.0,207.6,1013.9,1013.6,-6.29,364.99,-0.01,30.1637,13.3708,443.6,61.3,1495.798, NAN, NAN, NAN, NAN,,2024/04/18 09:35:49.093,2024-04-18 09:35:49.093000+00:00
2024/04/18, 09:36:49.093,36.04,-75.313, NAN,233.46,246.49,8.72,17.6,17.6,1011.8,1011.5,0.0,0.0,85.13,78.53,334,325,12.0,13.5,74.4,74.4,9.1,11.1,188.8,180.7,1013.9,1013.6,-6.28,364.39,-0.01,30.1828,13.3893,444.3,61.1,1495.883, NAN, NAN, NAN, NAN,,2024/04/18 09:36:49.093,2024-04-18 09:36:49.093000+00:00
2024/04/18, 09:37:49.093,36.038,-75.314, NAN,189.31,185.78,8.45,17.5,17.6,1011.5,1011.5,0.0,0.0,85.13,78.53,17,11,13.1,12.5,74.4,74.5,9.1,8.3,215.5,207.4,1013.6,1013.6,-6.23,364.38,-0.01,30.1934,13.4024,444.0,60.8,1495.939, NAN, NAN, NAN, NAN,,2024/04/18 09:37:49.093,2024-04-18 09:37:49.093000+00:00
2024/04/18, 09:38:49.093,36.035,-75.315, NAN,190.51,187.38,9.69,17.5,17.5,1011.4,1011.5,0.0,0.0,85.13,78.53,16,10,13.5,12.9,74.5,74.5,8.9,8.1,216.5,207.9,1013.5,1013.6,-6.17,364.27,-0.01,30.1979,13.4159,444.6,61.3,1495.989, NAN, NAN, NAN, NAN,,2024/04/18 09:38:49.093,2024-04-18 09:38:49.093000+00:00
2024/04/18, 09:39:49.093,36.033,-75.315, NAN,189.58,186.0,9.96,17.5,17.5,1011.4,1011.4,0.0,0.0,85.13,78.53,16,11,13.5,13.2,74.4,74.5,8.8,8.3,215.8,208.4,1013.5,1013.5,-6.13,364.03,-0.01,30.192,13.4241,445.2,61.3,1496.01, NAN, NAN, NAN, NAN,,2024/04/18 09:39:49.093,2024-04-18 09:39:49.093000+00:00
2024/04/18, 09:40:49.093,36.03,-75.316, NAN,189.13,184.98,10.28,17.5,17.5,1011.5,1011.5,0.0,0.0,85.13,78.53,18,12,14.0,13.2,74.5,74.5,9.3,8.2,218.8,210.6,1013.6,1013.6,-6.18,364.29,-0.01,30.1824,13.4352,443.3,61.4,1496.036, NAN, NAN, NAN, NAN,,2024/04/18 09:40:49.093,2024-04-18 09:40:49.093000+00:00
2024/04/18, 09:41:49.093,36.027,-75.316, NAN,189.59,190.77,10.42,17.4,17.5,1011.3,1011.5,0.0,0.0,85.13,78.53,17,12,14.0,13.5,74.7,74.7,9.0,8.3,216.7,209.4,1013.4,1013.6,-6.11,364.73,-0.01,30.1697,13.4583,444.3,61.5,1496.098, NAN, NAN, NAN, NAN,,2024/04/18 09:41:49.093,2024-04-18 09:41:49.093000+00:00
2024/04/18, 09:42:49.093,36.024,-75.317, NAN,189.96,190.45,10.28,17.5,17.5,1011.5,1011.6,0.0,0.0,85.13,78.53,18,13,13.7,13.2,74.8,74.9,8.9,8.2,218.9,211.7,1013.6,1013.7,-6.19,364.79,-0.01,30.1585,13.4819,443.6,61.6,1496.163, NAN, NAN, NAN, NAN,,2024/04/18 09:42:49.093,2024-04-18 09:42:49.093000+00:00
2024/04/18, 09:43:49.093,36.021,-75.317, NAN,189.49,187.18,10.38,17.5,17.5,1011.5,1011.5,0.0,0.0,85.13,78.53,19,14,13.6,13.2,74.7,74.8,8.8,8.2,220.9,213.7,1013.6,1013.6,-6.05,365.69,-0.01,30.1489,13.5056,443.6,61.5,1496.231, NAN, NAN, NAN, NAN,,2024/04/18 09:43:49.093,2024-04-18 09:43:49.093000+00:00
2024/04/18, 09:44:49.093,36.018,-75.318, NAN,189.65,190.03,10.25,17.6,17.6,1011.5,1011.5,0.0,0.0,85.13,78.53,19,14,13.5,12.9,74.6,74.8,8.7,7.9,220.2,213.2,1013.6,1013.6,-5.99,364.7,-0.01,30.1371,13.5254,444.3,61.6,1496.283, NAN, NAN, NAN, NAN,,2024/04/18 09:44:49.093,2024-04-18 09:44:49.093000+00:00
2024/04/18, 09:45:49.093,36.016,-75.318, NAN,189.63,186.13,10.24,17.6,17.6,1011.6,1011.5,0.0,0.0,85.13,78.53,19,14,13.4,13.0,74.6,74.5,8.7,8.1,221.3,214.2,1013.7,1013.6,-6.0,364.57,-0.01,30.1174,13.5443,444.3,61.5,1496.323, NAN, NAN, NAN, NAN,,2024/04/18 09:45:49.093,2024-04-18 09:45:49.093000+00:00
2024/04/18, 09:46:49.094,36.013,-75.319, NAN,189.74,189.21,10.32,17.6,17.6,1011.4,1011.5,0.0,0.0,85.13,78.53,18,13,13.0,12.3,74.4,74.7,8.2,7.3,219.8,212.7,1013.5,1013.6,-5.96,364.04,-0.0,30.0872,13.5618,444.6,61.6,1496.345, NAN, NAN, NAN, NAN,,2024/04/18 09:46:49.094,2024-04-18 09:46:49.094000+00:00
2024/04/18, 09:47:49.094,36.01,-75.319, NAN,190.4,188.89,10.24,17.5,17.5,1011.6,1011.6,0.0,0.0,85.13,78.53,18,13,12.7,12.3,75.3,75.2,8.0,7.3,221.4,214.0,1013.7,1013.7,-6.08,363.98,0.01,30.0459,13.5802,445.2,61.6,1496.358, NAN, NAN, NAN, NAN,,2024/04/18 09:47:49.094,2024-04-18 09:47:49.094000+00:00
2024/04/18, 09:48:49.094,36.007,-75.32, NAN,189.69,190.41,10.27,17.5,17.4,1011.6,1011.6,0.0,0.0,85.13,78.53,18,13,13.1,12.5,75.4,76.1,8.3,7.5,219.8,212.6,1013.7,1013.7,-6.2,363.88,0.0,30.0028,13.6053,445.6,61.6,1496.391, NAN, NAN, NAN, NAN,,2024/04/18 09:48:49.094,2024-04-18 09:48:49.094000+00:00
2024/04/18, 09:49:49.094,36.004,-75.32, NAN,189.84,188.04,10.44,17.3,17.3,1011.6,1011.5,0.0,0.0,85.13,78.53,18,12,13.1,12.7,77.0,76.9,8.3,7.6,220.7,211.7,1013.7,1013.6,-6.18,364.51,0.01,29.9549,13.6313,446.7,61.7,1496.421, NAN, NAN, NAN, NAN,,2024/04/18 09:49:49.094,2024-04-18 09:49:49.094000+00:00
2024/04/18, 09:50:49.094,36.001,-75.321, NAN,189.96,189.22,10.33,17.2,17.3,1011.6,1011.6,0.0,0.0,85.13,78.53,17,12,13.0,12.5,77.6,77.6,8.1,7.4,218.3,210.9,1013.7,1013.7,-6.17,364.21,0.01,29.9042,13.654,448.0,61.7,1496.437, NAN, NAN, NAN, NAN,,2024/04/18 09:50:49.094,2024-04-18 09:50:49.094000+00:00
2024/04/18, 09:51:49.094,35.998,-75.321, NAN,190.19,190.44,10.3,17.2,17.3,1011.6,1011.7,0.0,0.0,85.13,78.53,17,12,12.8,12.3,77.6,77.6,7.9,7.2,219.2,211.8,1013.7,1013.8,-6.2,364.12,0.03,29.8516,13.6637,448.6,61.7,1496.407, NAN, NAN, NAN, NAN,,2024/04/18 09:51:49.094,2024-04-18 09:51:49.094000+00:00
2024/04/18, 09:52:49.094,35.996,-75.322, NAN,190.09,187.66,10.3,17.2,17.3,1011.6,1011.7,0.0,0.0,85.13,78.53,17,12,12.8,12.4,77.5,77.6,8.0,7.4,219.4,212.0,1013.7,1013.8,-6.17,364.67,0.04,29.8056,13.6579,448.9,61.7,1496.334, NAN, NAN, NAN, NAN,,2024/04/18 09:52:49.094,2024-04-18 09:52:49.094000+00:00
2024/04/18, 09:53:49.094,35.993,-75.322, NAN,189.96,188.83,10.24,17.2,17.2,1011.7,1011.7,0.0,0.0,85.13,78.53,19,13,13.3,12.6,77.7,77.7,8.5,7.6,221.0,212.5,1013.8,1013.8,-6.28,364.86,0.05,29.781,13.651,449.6,61.8,1496.282, NAN, NAN, NAN, NAN,,2024/04/18 09:53:49.094,2024-04-18 09:53:49.094000+00:00
2024/04/18, 09:54:49.094,35.99,-75.323, NAN,189.54,189.03,10.34,17.3,17.3,1011.7,1011.8,0.0,0.0,85.13,78.53,19,14,13.4,12.9,77.7,77.8,8.6,7.9,220.8,213.6,1013.8,1013.9,-6.05,365.68,0.06,29.7775,13.6344,452.0,61.7,1496.223, NAN, NAN, NAN, NAN,,2024/04/18 09:54:49.094,2024-04-18 09:54:49.094000+00:00
2024/04/18, 09:55:49.094,35.987,-75.323, NAN,190.34,189.46,10.17,17.4,17.4,1011.8,1011.9,0.0,0.0,85.13,78.53,20,16,13.2,12.9,77.5,77.7,8.6,8.1,223.5,217.8,1013.9,1014.0,-6.02,365.37,0.07,29.7807,13.6228,451.6,61.5,1496.188, NAN, NAN, NAN, NAN,,2024/04/18 09:55:49.094,2024-04-18 09:55:49.094000+00:00
2024/04/18, 09:56:49.094,35.984,-75.324, NAN,190.65,190.72,10.24,17.5,17.5,1011.8,1011.7,0.0,0.0,85.13,78.53,19,15,13.3,12.8,77.3,77.5,8.5,7.9,221.8,216.3,1013.9,1013.8,-5.9,364.83,0.1,29.794,13.6391,452.0,61.6,1496.258, NAN, NAN, NAN, NAN,,2024/04/18 09:56:49.094,2024-04-18 09:56:49.094000+00:00
2024/04/18, 09:57:49.094,35.981,-75.324, NAN,189.91,186.75,10.34,17.6,17.6,1011.8,1011.9,0.0,0.0,85.13,78.53,21,15,13.2,12.9,77.4,77.4,8.6,8.0,225.1,216.3,1013.9,1014.0,-5.92,364.81,0.13,29.8049,13.6457,451.3,61.8,1496.293, NAN, NAN, NAN, NAN,,2024/04/18 09:57:49.094,2024-04-18 09:57:49.094000+00:00
2024/04/18, 09:58:49.094,35.979,-75.325, NAN,189.24,185.74,10.35,17.6,17.6,1011.9,1011.8,0.0,0.0,85.13,78.53,21,16,13.2,13.1,77.5,77.5,8.6,8.2,224.7,217.3,1014.0,1013.9,-6.04,365.17,0.16,29.8137,13.6516,451.6,61.7,1496.323, NAN, NAN, NAN, NAN,,2024/04/18 09:58:49.094,2024-04-18 09:58:49.094000+00:00
2024/04/18, 09:59:49.094,35.976,-75.325, NAN,189.6,187.95,10.37,17.6,17.6,1011.9,1011.8,0.0,0.0,85.13,78.53,20,16,13.6,13.4,77.8,77.9,8.8,8.5,222.2,216.4,1014.0,1013.9,-5.97,365.17,0.2,29.8015,13.6421,452.3,61.9,1496.277, NAN, NAN, NAN, NAN,,2024/04/18 09:59:49.094,2024-04-18 09:59:49.094000+00:00
2024/04/18, 10:00:49.094,35.973,-75.326, NAN,189.4,188.67,10.26,17.6,17.7,1011.8,1011.9,0.0,0.0,85.13,78.53,19,15,13.7,13.3,78.3,78.4,8.9,8.3,219.9,214.2,1013.9,1014.0,-5.86,364.23,0.27,29.7861,13.6113,451.6,61.5,1496.156, NAN, NAN, NAN, NAN,,2024/04/18 10:00:49.094,2024-04-18 10:00:49.094000+00:00
2024/04/18, 10:01:49.094,35.97,-75.326, NAN,189.86,189.74,10.32,17.7,17.7,1011.8,1011.9,0.0,0.0,85.13,78.53,18,14,14.0,13.3,78.3,78.5,9.1,8.3,218.5,213.1,1013.9,1014.0,-5.86,363.56,0.34,29.7715,13.5975,454.0,61.7,1496.093, NAN, NAN, NAN, NAN,,2024/04/18 10:01:49.094,2024-04-18 10:01:49.094000+00:00
2024/04/18, 10:02:49.095,35.967,-75.327, NAN,189.93,188.34,10.28,17.7,17.7,1011.8,1011.8,0.0,0.0,85.13,78.53,19,14,13.8,13.4,78.2,78.3,9.0,8.4,220.6,213.4,1013.9,1013.9,-5.87,363.21,0.44,29.7729,13.5957,455.0,61.6,1496.089, NAN, NAN, NAN, NAN,,2024/04/18 10:02:49.095,2024-04-18 10:02:49.095000+00:00
2024/04/18, 10:03:49.095,35.964,-75.328, NAN,189.75,189.72,10.47,17.7,17.7,1011.8,1011.8,0.0,0.0,85.13,78.53,19,15,14.3,13.6,78.9,78.8,9.4,8.5,219.4,214.0,1013.9,1013.9,-5.88,363.78,0.55,29.7591,13.5907,454.4,61.7,1496.056, NAN, NAN, NAN, NAN,,2024/04/18 10:03:49.095,2024-04-18 10:03:49.095000+00:00
2024/04/18, 10:04:49.095,35.962,-75.328, NAN,190.28,189.63,10.35,17.6,17.7,1011.9,1011.9,0.0,0.0,85.13,78.53,19,14,13.9,13.4,79.9,79.7,9.0,8.3,220.4,213.3,1014.0,1014.0,-5.95,363.66,0.7,29.7391,13.5917,455.3,61.7,1496.036, NAN, NAN, NAN, NAN,,2024/04/18 10:04:49.095,2024-04-18 10:04:49.095000+00:00
2024/04/18, 10:05:49.095,35.959,-75.329, NAN,190.63,188.32,10.2,17.6,17.7,1011.9,1011.9,0.0,0.0,85.13,78.53,20,14,14.2,13.5,80.4,80.2,9.5,8.6,222.3,214.1,1014.0,1014.0,-5.87,364.43,0.92,29.7234,13.5937,456.4,61.5,1496.024, NAN, NAN, NAN, NAN,,2024/04/18 10:05:49.095,2024-04-18 10:05:49.095000+00:00
2024/04/18, 10:06:49.095,35.956,-75.329, NAN,189.93,187.2,8.39,17.7,17.7,1011.8,1011.9,0.0,0.0,85.13,78.53,21,17,13.2,12.9,81.5,81.3,9.4,9.0,221.5,216.2,1013.9,1014.0,-5.81,365.5,1.16,29.7008,13.5851,454.4,61.5,1495.969, NAN, NAN, NAN, NAN,,2024/04/18 10:06:49.095,2024-04-18 10:06:49.095000+00:00
2024/04/18, 10:07:49.095,35.954,-75.33, NAN,204.28,198.07,6.24,17.8,17.8,1011.9,1011.9,0.0,0.0,85.13,78.53,17,15,12.1,11.9,82.1,81.9,9.3,9.0,229.3,226.8,1014.0,1014.0,-5.62,365.12,1.44,29.6818,13.5544,453.7,61.7,1495.844, NAN, NAN, NAN, NAN,,2024/04/18 10:07:49.095,2024-04-18 10:07:49.095000+00:00
2024/04/18, 10:08:49.095,35.953,-75.331, NAN,219.5,223.51,4.16,17.8,17.9,1012.0,1012.0,0.0,0.0,85.13,78.53,1,356,10.3,10.3,82.0,82.1,8.2,8.2,220.0,213.7,1014.1,1014.1,-5.56,364.63,1.76,29.6818,13.5424,454.0,61.6,1495.804, NAN, NAN, NAN, NAN,,2024/04/18 10:08:49.095,2024-04-18 10:08:49.095000+00:00
2024/04/18, 10:09:49.095,35.952,-75.331, NAN,216.24,217.54,2.99,17.8,17.9,1012.2,1012.0,0.0,0.0,85.13,78.53,3,356,9.7,9.5,82.4,82.5,8.2,8.0,219.5,211.2,1014.3,1014.1,-5.51,363.27,2.16,29.691,13.5228,455.0,61.5,1495.75, NAN, NAN, NAN, NAN,,2024/04/18 10:09:49.095,2024-04-18 10:09:49.095000+00:00
2024/04/18, 10:10:49.095,35.952,-75.332, NAN,219.2,230.4,2.1,17.8,17.8,1012.2,1012.0,0.0,0.0,85.13,78.53,358,357,8.9,8.7,82.6,82.6,7.8,7.6,216.3,215.1,1014.3,1014.1,-5.52,362.63,2.71,29.6945,13.5029,455.0,61.5,1495.687, NAN, NAN, NAN, NAN,,2024/04/18 10:10:49.095,2024-04-18 10:10:49.095000+00:00
2024/04/18, 10:11:49.095,35.951,-75.332, NAN,220.65,227.91,1.26,17.6,17.7,1012.2,1012.2,0.0,0.0,85.13,78.53,0,354,8.8,8.4,83.4,83.2,8.2,7.8,220.4,213.9,1014.3,1014.3,-5.68,363.5,3.25,29.7062,13.4955,454.7,61.5,1495.676, NAN, NAN, NAN, NAN,,2024/04/18 10:11:49.095,2024-04-18 10:11:49.095000+00:00
2024/04/18, 10:12:49.095,35.951,-75.332, NAN,221.6,232.7,1.25,17.5,17.6,1012.2,1012.1,0.0,0.0,85.13,78.53,357,350,8.4,8.2,84.4,84.1,7.8,7.6,217.5,209.9,1014.3,1014.2,-5.68,363.39,3.85,29.7113,13.4919,455.3,61.5,1495.67, NAN, NAN, NAN, NAN,,2024/04/18 10:12:49.095,2024-04-18 10:12:49.095000+00:00
2024/04/18, 10:13:49.095,35.951,-75.333, NAN,220.82,220.52,1.47,17.5,17.6,1012.2,1012.3,0.0,0.0,85.13,78.53,357,351,8.4,8.1,84.8,84.8,7.6,7.4,217.4,210.8,1014.3,1014.4,-5.47,362.92,4.52,29.716,13.4807,455.0,61.6,1495.639, NAN, NAN, NAN, NAN,,2024/04/18 10:13:49.095,2024-04-18 10:13:49.095000+00:00
2024/04/18, 10:14:49.095,35.95,-75.333, NAN,220.9,241.27,1.56,17.5,17.6,1012.2,1012.2,0.0,0.0,85.13,78.53,357,351,8.2,7.9,84.5,84.5,7.4,7.1,217.9,211.2,1014.3,1014.3,-5.39,362.95,5.28,29.7266,13.4603,456.1,61.6,1495.583, NAN, NAN, NAN, NAN,,2024/04/18 10:14:49.095,2024-04-18 10:14:49.095000+00:00
2024/04/18, 10:15:49.095,35.95,-75.333, NAN,219.61,210.76,0.9,17.5,17.5,1012.2,1012.2,0.0,0.0,85.13,78.53,359,353,7.9,7.9,84.8,84.6,7.5,7.5,220.2,213.9,1014.3,1014.3,-5.24,363.0,6.25,29.7536,13.4393,458.0,61.5,1495.545, NAN, NAN, NAN, NAN,,2024/04/18 10:15:49.095,2024-04-18 10:15:49.095000+00:00
2024/04/18, 10:16:49.095,35.95,-75.333, NAN,219.96,79.68,0.27,17.4,17.4,1012.2,1012.2,0.0,0.0,85.13,78.53,1,355,7.8,7.7,85.0,85.0,7.9,7.8,221.5,215.6,1014.3,1014.3,-5.17,364.1,7.23,29.7732,13.4364,458.7,61.4,1495.558, NAN, NAN, NAN, NAN,,2024/04/18 10:16:49.095,2024-04-18 10:16:49.095000+00:00
2024/04/18, 10:17:49.095,35.95,-75.333, NAN,219.98,119.78,0.46,17.4,17.4,1012.3,1012.2,0.0,0.0,85.13,78.53,358,351,7.8,7.6,85.7,85.7,7.8,7.6,219.7,212.8,1014.4,1014.3,-4.83,364.85,8.31,29.7702,13.4664,458.0,61.4,1495.655, NAN, NAN, NAN, NAN,,2024/04/18 10:17:49.095,2024-04-18 10:17:49.095000+00:00
2024/04/18, 10:18:49.096,35.95,-75.333, NAN,220.98,271.91,0.24,17.4,17.5,1012.2,1012.2,0.0,0.0,85.13,78.53,357,352,7.8,7.6,85.9,85.8,7.8,7.6,218.8,213.9,1014.3,1014.3,-4.58,365.89,9.52,29.7597,13.5026,458.0,61.4,1495.763, NAN, NAN, NAN, NAN,,2024/04/18 10:18:49.096,2024-04-18 10:18:49.096000+00:00
2024/04/18, 10:19:49.096,35.95,-75.333, NAN,221.46,192.9,0.2,17.5,17.5,1012.3,1012.3,0.0,0.0,85.13,78.53,0,354,8.1,7.7,85.6,85.6,8.0,7.6,222.1,216.1,1014.4,1014.4,-4.29,367.13,10.87,29.7738,13.5295,460.1,61.3,1495.869, NAN, NAN, NAN, NAN,,2024/04/18 10:19:49.096,2024-04-18 10:19:49.096000+00:00
2024/04/18, 10:20:49.096,35.95,-75.333, NAN,220.59,226.84,0.1,17.5,17.5,1012.3,1012.3,0.0,0.0,85.13,78.53,0,354,7.6,7.5,85.6,85.6,7.6,7.5,220.3,214.3,1014.4,1014.4,-4.12,368.36,12.64,29.8454,13.5464,464.1,61.4,1496.01, NAN, NAN, NAN, NAN,,2024/04/18 10:20:49.096,2024-04-18 10:20:49.096000+00:00
2024/04/18, 10:21:49.096,35.95,-75.333, NAN,221.03,283.19,0.08,17.5,17.5,1012.4,1012.3,0.0,0.0,85.13,78.53,0,354,7.5,7.2,85.7,85.9,7.5,7.2,221.0,214.9,1014.5,1014.4,-3.51,368.61,14.31,29.9333,13.5511,467.8,61.3,1496.129, NAN, NAN, NAN, NAN,,2024/04/18 10:21:49.096,2024-04-18 10:21:49.096000+00:00
2024/04/18, 10:22:49.096,35.95,-75.333, NAN,219.3,180.45,0.33,17.5,17.6,1012.4,1012.4,0.0,0.0,85.13,78.53,0,355,7.5,7.0,85.1,85.1,7.4,6.9,220.5,215.6,1014.5,1014.5,-3.27,367.64,16.13,29.8741,13.5525,464.4,61.4,1496.064, NAN, NAN, NAN, NAN,,2024/04/18 10:22:49.096,2024-04-18 10:22:49.096000+00:00
2024/04/18, 10:23:49.096,35.95,-75.333, NAN,220.47,23.02,0.09,17.5,17.5,1012.4,1012.3,0.0,0.0,85.13,78.53,1,355,7.4,7.2,84.7,84.7,7.4,7.2,221.4,215.5,1014.5,1014.4,-3.1,366.86,18.07,29.8357,13.5484,462.4,61.5,1496.005, NAN, NAN, NAN, NAN,,2024/04/18 10:23:49.096,2024-04-18 10:23:49.096000+00:00
2024/04/18, 10:24:49.096,35.95,-75.333, 0.00,220.8,356.36,0.1,17.4,17.5,1012.3,1012.3,0.0,0.0,85.13,78.53,2,357,7.3,7.0,85.2,85.2,7.3,7.0,222.9,218.0,1014.4,1014.4,-2.74,364.74,20.47,29.7991,13.5304,459.8,61.5,1495.902, NAN, NAN, NAN, NAN,,2024/04/18 10:24:49.096,2024-04-18 10:24:49.096000+00:00
2024/04/18, 10:25:49.096,35.95,-75.333, 0.02,220.66,119.84,0.51,17.4,17.4,1012.4,1012.3,0.0,0.0,85.13,78.53,3,357,7.1,7.1,85.3,85.3,7.2,7.1,225.7,219.8,1014.5,1014.4,-2.43,363.78,22.63,29.784,13.5082,459.5,61.6,1495.81, NAN, NAN, NAN, NAN,,2024/04/18 10:25:49.096,2024-04-18 10:25:49.096000+00:00
2024/04/18, 10:26:49.096,35.95,-75.333, 0.01,220.32,170.11,0.04,17.3,17.3,1012.4,1012.4,0.0,0.0,85.13,78.53,5,0,6.9,6.4,85.4,85.5,6.9,6.4,225.5,220.5,1014.5,1014.5,-2.13,362.38,24.94,29.7755,13.4898,459.8,61.6,1495.739, NAN, NAN, NAN, NAN,,2024/04/18 10:26:49.096,2024-04-18 10:26:49.096000+00:00
2024/04/18, 10:27:49.096,35.95,-75.333, -0.04,221.48,328.18,0.29,17.3,17.3,1012.4,1012.4,0.0,0.0,85.13,78.53,4,358,7.5,7.1,85.5,85.3,7.5,7.1,224.3,218.3,1014.5,1014.5,-1.82,362.84,27.41,29.7657,13.4728,460.4,61.5,1495.671, NAN, NAN, NAN, NAN,,2024/04/18 10:27:49.096,2024-04-18 10:27:49.096000+00:00
2024/04/18, 10:28:49.096,35.95,-75.333, 0.01,220.89,78.76,0.18,17.1,17.2,1012.5,1012.4,0.0,0.0,85.13,78.53,0,355,7.4,7.1,86.3,86.0,7.5,7.2,221.1,216.2,1014.6,1014.5,-1.34,363.34,30.06,29.7651,13.4554,459.8,61.3,1495.612, NAN, NAN, NAN, NAN,,2024/04/18 10:28:49.096,2024-04-18 10:28:49.096000+00:00
2024/04/18, 10:29:49.096,35.95,-75.333, 0.04,220.5,45.71,0.07,17.2,17.2,1012.4,1012.4,0.0,0.0,85.13,78.53,6,0,7.8,7.5,86.7,86.8,7.8,7.5,226.3,220.3,1014.5,1014.5,-0.73,363.75,33.39,29.7675,13.4407,458.7,61.5,1495.566, NAN, NAN, NAN, NAN,,2024/04/18 10:29:49.096,2024-04-18 10:29:49.096000+00:00
2024/04/18, 10:30:49.096,35.95,-75.333, -0.02,220.69,248.01,0.23,17.3,17.3,1012.5,1012.4,0.0,0.0,85.13,78.53,7,2,7.9,7.7,86.9,86.8,7.9,7.7,226.9,221.8,1014.6,1014.5,-0.11,364.26,36.51,29.779,13.4281,460.1,61.6,1495.537, NAN, NAN, NAN, NAN,,2024/04/18 10:30:49.096,2024-04-18 10:30:49.096000+00:00
2024/04/18, 10:31:49.096,35.95,-75.333, -0.02,221.48,331.87,0.09,17.3,17.3,1012.6,1012.5,0.0,0.0,85.13,78.53,6,1,7.6,7.2,86.7,86.8,7.6,7.2,227.2,222.2,1014.7,1014.6,0.57,363.61,39.79,29.7796,13.4176,461.4,61.7,1495.503, NAN, NAN, NAN, NAN,,2024/04/18 10:31:49.096,2024-04-18 10:31:49.096000+00:00
2024/04/18, 10:32:49.096,35.95,-75.333, 0.01,219.63,108.9,0.14,17.4,17.3,1012.4,1012.6,0.0,0.0,85.13,78.53,6,359,7.5,7.4,86.0,86.8,7.5,7.4,226.1,219.2,1014.5,1014.7,1.13,362.48,43.24,29.7729,13.4202,460.1,61.7,1495.503, NAN, NAN, NAN, NAN,,2024/04/18 10:32:49.096,2024-04-18 10:32:49.096000+00:00
2024/04/18, 10:33:49.097,35.95,-75.333, 0.00,219.72,178.22,0.19,17.3,17.3,1012.5,1012.4,0.0,0.0,85.13,78.53,10,3,8.1,7.7,85.6,85.7,8.0,7.6,230.3,223.3,1014.6,1014.5,1.67,362.87,46.86,29.7667,13.4251,459.0,61.7,1495.512, NAN, NAN, NAN, NAN,,2024/04/18 10:33:49.097,2024-04-18 10:33:49.097000+00:00
2024/04/18, 10:34:49.097,35.95,-75.333, 0.00,220.7,299.57,0.12,17.3,17.3,1012.5,1012.5,0.0,0.0,85.13,78.53,8,3,8.1,7.9,86.6,86.6,8.1,7.9,228.4,223.3,1014.6,1014.6,2.21,363.5,51.48,29.7567,13.4276,458.7,61.6,1495.509, NAN, NAN, NAN, NAN,,2024/04/18 10:34:49.097,2024-04-18 10:34:49.097000+00:00
2024/04/18, 10:35:49.097,35.95,-75.333, 0.01,220.68,90.43,0.28,17.4,17.3,1012.4,1012.5,0.0,0.0,85.13,78.53,6,0,7.7,7.6,86.8,86.6,7.7,7.6,227.7,221.7,1014.5,1014.6,3.05,361.78,55.68,29.7526,13.4289,458.7,61.8,1495.509, NAN, NAN, NAN, NAN,,2024/04/18 10:35:49.097,2024-04-18 10:35:49.097000+00:00
2024/04/18, 10:36:49.097,35.95,-75.333, 0.03,220.31,108.47,0.12,17.5,17.5,1012.6,1012.4,0.0,0.0,85.13,78.53,7,1,7.9,7.6,85.8,86.3,7.9,7.6,227.7,221.8,1014.7,1014.5,3.94,361.23,60.34,29.7503,13.4281,458.7,61.7,1495.503, NAN, NAN, NAN, NAN,,2024/04/18 10:36:49.097,2024-04-18 10:36:49.097000+00:00
2024/04/18, 10:37:49.097,35.95,-75.333, -0.04,220.57,160.28,0.07,17.5,17.5,1012.6,1012.4,0.0,0.0,85.13,78.53,6,0,7.9,7.6,85.9,86.0,7.9,7.6,226.8,220.8,1014.7,1014.5,4.71,360.84,65.58,29.7496,13.4278,458.0,61.5,1495.501, NAN, NAN, NAN, NAN,,2024/04/18 10:37:49.097,2024-04-18 10:37:49.097000+00:00
2024/04/18, 10:38:49.097,35.95,-75.333, 0.00,220.96,340.73,0.05,17.5,17.5,1012.6,1012.6,0.0,0.0,85.13,78.53,7,0,7.4,7.2,85.9,85.9,7.4,7.2,227.8,220.8,1014.7,1014.7,5.71,359.8,71.93,29.7505,13.4271,458.7,61.7,1495.5, NAN, NAN, NAN, NAN,,2024/04/18 10:38:49.097,2024-04-18 10:38:49.097000+00:00
2024/04/18, 10:39:49.097,35.95,-75.333, 0.04,219.45,131.11,0.33,17.4,17.5,1012.5,1012.5,0.0,0.0,85.13,78.53,10,3,7.5,7.3,85.6,85.8,7.5,7.3,230.7,223.8,1014.6,1014.6,7.22,360.03,81.24,29.7524,13.4271,458.4,61.6,1495.502, NAN, NAN, NAN, NAN,,2024/04/18 10:39:49.097,2024-04-18 10:39:49.097000+00:00
2024/04/18, 10:40:49.097,35.95,-75.333, -0.01,220.57,276.31,0.4,17.3,17.4,1012.6,1012.6,0.0,0.0,85.13,78.53,10,4,7.5,7.2,86.1,86.2,7.4,7.1,229.2,223.0,1014.7,1014.7,8.62,360.3,90.12,29.7528,13.4282,456.4,61.3,1495.506, NAN, NAN, NAN, NAN,,2024/04/18 10:40:49.097,2024-04-18 10:40:49.097000+00:00
2024/04/18, 10:41:49.097,35.95,-75.333, 0.00,221.02,21.48,0.18,17.3,17.3,1012.7,1012.6,0.0,0.0,85.13,78.53,9,3,7.7,7.4,86.7,86.7,7.8,7.5,230.4,224.5,1014.8,1014.7,10.16,360.52,100.17,29.7526,13.4268,458.4,61.3,1495.502, NAN, NAN, NAN, NAN,,2024/04/18 10:41:49.097,2024-04-18 10:41:49.097000+00:00
2024/04/18, 10:42:49.097,35.95,-75.333, 0.00,219.37,187.66,0.1,17.3,17.3,1012.6,1012.6,0.0,0.0,85.13,78.53,10,4,7.3,7.1,87.3,86.7,7.3,7.1,229.1,223.1,1014.7,1014.7,12.93,360.42,118.06,29.753,13.4242,458.7,61.0,1495.493, NAN, NAN, NAN, NAN,,2024/04/18 10:42:49.097,2024-04-18 10:42:49.097000+00:00
2024/04/18, 10:43:49.097,35.95,-75.333, 0.02,220.04,313.52,0.25,17.2,17.3,1012.7,1012.6,0.0,0.0,85.13,78.53,11,5,7.3,7.1,87.2,87.2,7.3,7.1,230.1,224.0,1014.8,1014.7,17.57,359.5,155.44,29.7545,13.4216,457.7,61.2,1495.486, NAN, NAN, NAN, NAN,,2024/04/18 10:43:49.097,2024-04-18 10:43:49.097000+00:00
2024/04/18, 10:44:49.097,35.95,-75.333, -0.01,220.55,308.65,0.29,17.2,17.2,1012.7,1012.7,0.0,0.0,85.13,78.53,12,6,7.0,6.8,87.1,87.2,7.0,6.8,231.3,225.3,1014.8,1014.8,19.0,359.18,164.48,29.7562,13.421,458.7,61.3,1495.486, NAN, NAN, NAN, NAN,,2024/04/18 10:44:49.097,2024-04-18 10:44:49.097000+00:00
2024/04/18, 10:45:49.097,35.95,-75.333, -0.03,221.67,302.91,0.12,17.1,17.2,1012.6,1012.8,0.0,0.0,85.13,78.53,10,5,7.0,6.9,87.0,87.0,7.0,6.9,232.1,227.2,1014.7,1014.9,23.95,358.92,202.4,29.7593,13.4193,459.0,61.3,1495.484, NAN, NAN, NAN, NAN,,2024/04/18 10:45:49.097,2024-04-18 10:45:49.097000+00:00
2024/04/18, 10:46:49.097,35.95,-75.333, -0.02,221.12,13.28,0.16,17.0,17.1,1012.7,1012.8,0.0,0.0,85.13,78.53,14,7,7.1,6.8,87.6,87.5,7.2,6.9,235.5,228.6,1014.8,1014.9,27.73,359.42,234.8,29.7604,13.4169,458.7,61.3,1495.478, NAN, NAN, NAN, NAN,,2024/04/18 10:46:49.097,2024-04-18 10:46:49.097000+00:00
2024/04/18, 10:47:49.097,35.95,-75.333, 0.03,219.52,115.52,0.2,17.0,17.0,1012.7,1012.6,0.0,0.0,85.13,78.53,12,5,7.0,6.7,88.1,88.1,7.0,6.7,232.3,225.3,1014.8,1014.7,29.45,359.52,258.2,29.7629,13.4153,459.3,61.4,1495.475, NAN, NAN, NAN, NAN,,2024/04/18 10:47:49.097,2024-04-18 10:47:49.097000+00:00
2024/04/18, 10:48:49.097,35.95,-75.333, 0.01,219.98,314.7,0.32,17.0,17.0,1012.7,1012.6,0.0,0.0,85.13,78.53,12,7,7.0,6.9,88.5,88.5,7.0,6.9,230.6,225.6,1014.8,1014.7,30.0,359.75,271.51,29.7641,13.4149,459.5,61.4,1495.475, NAN, NAN, NAN, NAN,,2024/04/18 10:48:49.097,2024-04-18 10:48:49.097000+00:00
2024/04/18, 10:49:49.098,35.95,-75.333, -0.01,220.48,1.92,0.18,17.0,17.1,1012.6,1012.6,0.0,0.0,85.13,78.53,10,5,7.1,6.9,88.8,88.8,7.1,6.9,229.7,224.7,1014.7,1014.7,31.32,359.53,280.16,29.7662,13.4139,459.5,61.3,1495.474, NAN, NAN, NAN, NAN,,2024/04/18 10:49:49.098,2024-04-18 10:49:49.098000+00:00
2024/04/18, 10:50:49.098,35.95,-75.333, 0.01,220.39,50.08,0.25,17.1,17.1,1012.5,1012.6,0.0,0.0,85.13,78.53,11,6,7.2,6.9,88.7,88.6,7.2,6.9,230.4,225.3,1014.6,1014.7,32.88,360.07,302.17,29.7673,13.4127,458.0,61.5,1495.472, NAN, NAN, NAN, NAN,,2024/04/18 10:50:49.098,2024-04-18 10:50:49.098000+00:00
2024/04/18, 10:51:49.098,35.95,-75.333, -0.06,220.73,283.72,0.08,17.1,17.1,1012.7,1012.6,0.0,0.0,85.13,78.53,10,5,7.2,6.9,88.8,88.6,7.2,6.9,230.7,225.6,1014.8,1014.7,33.46,359.9,303.42,29.7679,13.4109,467.2,61.5,1495.466, NAN, NAN, NAN, NAN,,2024/04/18 10:51:49.098,2024-04-18 10:51:49.098000+00:00
2024/04/18, 10:52:49.098,35.95,-75.333, -0.01,220.24,306.68,0.2,17.1,17.2,1012.7,1012.6,0.0,0.0,85.13,78.53,12,6,7.1,6.9,88.3,88.4,7.1,6.9,231.4,225.4,1014.8,1014.7,34.64,359.79,312.89,29.7742,13.4078,459.5,61.5,1495.463, NAN, NAN, NAN, NAN,,2024/04/18 10:52:49.098,2024-04-18 10:52:49.098000+00:00
2024/04/18, 10:53:49.098,35.95,-75.333, 0.01,220.38,288.24,0.08,17.1,17.2,1012.6,1012.8,0.0,0.0,85.13,78.53,12,7,7.3,7.1,88.1,88.2,7.3,7.1,232.7,227.7,1014.7,1014.9,38.32,359.41,366.41,29.7709,13.3979,458.7,61.6,1495.426, NAN, NAN, NAN, NAN,,2024/04/18 10:53:49.098,2024-04-18 10:53:49.098000+00:00
2024/04/18, 10:54:49.098,35.95,-75.333, 0.01,220.11,118.74,0.11,17.1,17.1,1012.8,1012.6,0.0,0.0,85.13,78.53,11,6,7.1,6.7,88.3,88.3,7.1,6.7,231.5,226.5,1014.9,1014.7,40.38,359.83,390.5,29.7716,13.3883,459.5,61.6,1495.395, NAN, NAN, NAN, NAN,,2024/04/18 10:54:49.098,2024-04-18 10:54:49.098000+00:00
2024/04/18, 10:55:49.098,35.95,-75.333, -0.01,219.58,62.63,0.05,17.1,17.2,1012.8,1012.8,0.0,0.0,85.13,78.53,12,6,7.2,6.8,88.4,88.3,7.2,6.8,231.5,225.5,1014.9,1014.9,42.85,360.04,395.12,29.7748,13.3852,460.4,61.3,1495.389, NAN, NAN, NAN, NAN,,2024/04/18 10:55:49.098,2024-04-18 10:55:49.098000+00:00
2024/04/18, 10:56:49.098,35.95,-75.333, 0.01,221.33,25.69,0.14,17.1,17.1,1012.8,1012.8,0.0,0.0,85.13,78.53,11,5,7.1,6.8,88.5,88.4,7.1,6.8,232.9,226.9,1014.9,1014.9,43.97,359.7,429.42,29.7749,13.3867,459.5,61.2,1495.394, NAN, NAN, NAN, NAN,,2024/04/18 10:56:49.098,2024-04-18 10:56:49.098000+00:00
2024/04/18, 10:57:49.098,35.95,-75.333, -0.01,219.9,271.63,0.07,17.1,17.1,1012.8,1012.7,0.0,0.0,85.13,78.53,12,6,6.9,6.7,88.5,88.5,6.9,6.7,231.7,225.7,1014.9,1014.8,46.28,359.62,447.96,29.7733,13.3885,459.5,61.4,1495.398, NAN, NAN, NAN, NAN,,2024/04/18 10:57:49.098,2024-04-18 10:57:49.098000+00:00
2024/04/18, 10:58:49.098,35.95,-75.333, -0.02,219.9,181.8,0.3,17.1,17.1,1012.8,1012.8,0.0,0.0,85.13,78.53,9,4,6.9,6.6,88.5,88.5,6.9,6.6,230.2,225.2,1014.9,1014.9,47.24,359.59,441.05,29.7731,13.3891,459.0,61.5,1495.4, NAN, NAN, NAN, NAN,,2024/04/18 10:58:49.098,2024-04-18 10:58:49.098000+00:00
2024/04/18, 10:59:49.098,35.95,-75.333, -0.01,220.49,336.78,0.32,17.1,17.2,1012.8,1012.8,0.0,0.0,85.13,78.53,10,5,7.0,6.6,88.7,88.8,7.0,6.6,229.1,224.1,1014.9,1014.9,47.01,359.67,438.25,29.7718,13.3887,460.8,61.5,1495.397, NAN, NAN, NAN, NAN,,2024/04/18 10:59:49.098,2024-04-18 10:59:49.098000+00:00
2024/04/18, 11:00:49.098,35.95,-75.333, 0.02,220.39,252.32,0.31,17.1,17.2,1012.8,1012.8,0.0,0.0,85.13,78.53,11,5,6.8,6.5,88.5,88.5,6.8,6.5,230.1,224.0,1014.9,1014.9,50.14,359.27,487.63,29.7693,13.386,459.3,61.3,1495.385, NAN, NAN, NAN, NAN,,2024/04/18 11:00:49.098,2024-04-18 11:00:49.098000+00:00
2024/04/18, 11:01:49.098,35.95,-75.333, -0.09,220.78,336.37,0.44,17.1,17.1,1012.8,1012.9,0.0,0.0,85.13,78.53,9,4,6.6,6.5,88.5,88.3,6.6,6.5,227.8,222.8,1014.9,1015.0,54.67,359.2,535.06,29.7704,13.3828,460.8,60.5,1495.375, NAN, NAN, NAN, NAN,,2024/04/18 11:01:49.098,2024-04-18 11:01:49.098000+00:00
2024/04/18, 11:02:49.098,35.95,-75.333, 0.08,219.46,301.8,0.29,17.0,17.1,1012.8,1013.0,0.0,0.0,85.13,78.53,11,6,6.6,6.4,88.6,88.6,6.5,6.3,229.3,224.2,1014.9,1015.1,58.39,358.75,570.85,29.7691,13.3778,460.8,60.4,1495.357, NAN, NAN, NAN, NAN,,2024/04/18 11:02:49.098,2024-04-18 11:02:49.098000+00:00
2024/04/18, 11:03:49.098,35.95,-75.333, -0.02,220.75,335.24,0.28,17.0,17.0,1013.0,1013.0,0.0,0.0,85.13,78.53,10,4,6.6,6.5,88.6,88.6,6.7,6.6,229.6,223.7,1015.1,1015.1,60.46,358.84,595.71,29.7687,13.3723,460.1,60.6,1495.338, NAN, NAN, NAN, NAN,,2024/04/18 11:03:49.098,2024-04-18 11:03:49.098000+00:00
2024/04/18, 11:04:49.098,35.95,-75.333, 0.02,221.02,290.72,0.11,16.9,17.0,1012.9,1012.9,0.0,0.0,85.13,78.53,9,3,6.7,6.4,88.6,88.5,6.7,6.4,229.5,223.5,1015.0,1015.0,62.84,359.17,622.59,29.7682,13.3687,460.8,60.9,1495.326, NAN, NAN, NAN, NAN,,2024/04/18 11:04:49.098,2024-04-18 11:04:49.098000+00:00
2024/04/18, 11:05:49.099,35.95,-75.333, -0.06,220.82,320.42,0.17,17.0,17.0,1012.9,1013.0,0.0,0.0,85.13,78.53,10,5,7.0,6.8,89.2,89.2,7.0,6.8,230.1,225.1,1015.0,1015.1,65.48,360.0,645.13,29.7674,13.3648,459.5,60.9,1495.312, NAN, NAN, NAN, NAN,,2024/04/18 11:05:49.099,2024-04-18 11:05:49.099000+00:00
2024/04/18, 11:06:49.099,35.95,-75.333, 0.06,219.47,195.21,0.11,17.0,17.0,1012.9,1013.0,0.0,0.0,85.13,78.53,11,5,7.3,7.0,89.3,89.5,7.3,6.9,230.7,224.7,1015.0,1015.1,68.33,360.46,664.33,29.7681,13.3608,461.7,61.0,1495.299, NAN, NAN, NAN, NAN,,2024/04/18 11:06:49.099,2024-04-18 11:06:49.099000+00:00
2024/04/18, 11:07:49.099,35.95,-75.333, -0.03,219.94,344.93,0.36,17.1,17.1,1012.9,1012.9,0.0,0.0,85.13,78.53,11,6,6.9,6.8,89.7,89.7,6.9,6.8,229.4,224.4,1015.0,1015.0,70.37,359.6,680.21,29.7671,13.3581,461.4,61.1,1495.289, NAN, NAN, NAN, NAN,,2024/04/18 11:07:49.099,2024-04-18 11:07:49.099000+00:00
2024/04/18, 11:08:49.099,35.95,-75.333, 0.00,220.62,10.38,0.17,17.1,17.1,1012.9,1012.9,0.0,0.0,85.13,78.53,11,6,7.0,6.8,88.5,88.8,7.1,6.9,231.2,226.2,1015.0,1015.0,72.45,359.32,693.55,29.7665,13.3541,461.1,61.2,1495.275, NAN, NAN, NAN, NAN,,2024/04/18 11:08:49.099,2024-04-18 11:08:49.099000+00:00
2024/04/18, 11:09:49.099,35.95,-75.333, -0.01,219.73,189.07,0.23,17.1,17.1,1012.9,1012.9,0.0,0.0,85.13,78.53,11,5,6.9,6.7,88.2,88.7,6.8,6.7,229.9,223.8,1015.0,1015.0,75.66,359.4,715.58,29.7661,13.3502,460.8,61.4,1495.261, NAN, NAN, NAN, NAN,,2024/04/18 11:09:49.099,2024-04-18 11:09:49.099000+00:00
2024/04/18, 11:10:49.099,35.95,-75.333, 0.01,219.64,296.13,0.41,17.1,17.1,1012.9,1013.0,0.0,0.0,85.13,78.53,12,6,7.3,7.0,88.1,88.2,7.3,7.0,230.0,223.9,1015.0,1015.1,78.01,359.81,739.62,29.7667,13.3466,461.4,61.3,1495.25, NAN, NAN, NAN, NAN,,2024/04/18 11:10:49.099,2024-04-18 11:10:49.099000+00:00
2024/04/18, 11:11:49.099,35.95,-75.333, -0.01,219.85,259.67,0.07,17.2,17.2,1012.8,1012.9,0.0,0.0,85.13,78.53,12,6,7.4,7.0,88.4,88.5,7.4,7.0,231.6,225.6,1014.9,1015.0,81.91,359.83,759.45,29.7667,13.3393,462.4,61.5,1495.225, NAN, NAN, NAN, NAN,,2024/04/18 11:11:49.099,2024-04-18 11:11:49.099000+00:00
2024/04/18, 11:12:49.099,35.95,-75.333, 0.01,220.2,180.48,0.15,17.3,17.3,1012.9,1012.9,0.0,0.0,85.13,78.53,13,8,7.2,7.0,88.0,88.2,7.2,7.0,233.7,228.7,1015.0,1015.0,84.99,360.1,786.48,29.767,13.3357,462.4,61.5,1495.214, NAN, NAN, NAN, NAN,,2024/04/18 11:12:49.099,2024-04-18 11:12:49.099000+00:00
2024/04/18, 11:13:49.099,35.95,-75.333, 0.00,220.18,146.46,0.27,17.4,17.4,1012.9,1013.0,0.0,0.0,85.13,78.53,14,8,7.1,6.9,87.3,87.5,7.1,6.9,235.3,229.3,1015.0,1015.1,88.79,359.37,806.37,29.7676,13.334,461.7,61.4,1495.209, NAN, NAN, NAN, NAN,,2024/04/18 11:13:49.099,2024-04-18 11:13:49.099000+00:00
2024/04/18, 11:14:49.099,35.95,-75.333, -0.02,220.64,109.59,0.14,17.4,17.4,1012.9,1012.8,0.0,0.0,85.13,78.53,15,9,7.1,6.9,86.6,86.8,7.1,6.9,236.1,230.2,1015.0,1014.9,92.18,359.84,833.94,29.7689,13.3325,461.4,61.4,1495.205, NAN, NAN, NAN, NAN,,2024/04/18 11:14:49.099,2024-04-18 11:14:49.099000+00:00
2024/04/18, 11:15:49.099,35.95,-75.333, 0.01,219.84,299.23,0.51,17.5,17.4,1013.0,1012.9,0.0,0.0,85.13,78.53,15,9,7.1,6.8,86.5,86.6,7.1,6.8,232.7,226.6,1015.1,1015.0,96.02,359.5,862.64,29.7696,13.3337,461.4,61.4,1495.21, NAN, NAN, NAN, NAN,,2024/04/18 11:15:49.099,2024-04-18 11:15:49.099000+00:00
2024/04/18, 11:16:49.099,35.95,-75.333, -0.02,220.0,88.09,0.12,17.5,17.5,1013.0,1013.0,0.0,0.0,85.13,78.53,15,9,7.1,7.2,86.2,86.5,7.1,7.2,235.5,229.5,1015.1,1015.1,102.27,359.91,890.75,29.7709,13.3359,461.1,61.6,1495.219, NAN, NAN, NAN, NAN,,2024/04/18 11:16:49.099,2024-04-18 11:16:49.099000+00:00
2024/04/18, 11:17:49.099,35.95,-75.333, 0.02,220.07,230.84,0.17,17.5,17.6,1012.9,1012.8,0.0,0.0,85.13,78.53,14,9,7.0,6.7,86.2,86.4,7.0,6.7,233.4,228.4,1015.0,1014.9,105.15,358.97,913.3,29.7714,13.3354,460.4,61.6,1495.218, NAN, NAN, NAN, NAN,,2024/04/18 11:17:49.099,2024-04-18 11:17:49.099000+00:00
2024/04/18, 11:18:49.099,35.95,-75.333, -0.02,220.31,109.61,0.24,17.6,17.6,1013.0,1013.0,0.0,0.0,85.13,78.53,14,9,6.9,6.7,85.5,85.6,7.0,6.8,235.2,230.3,1015.1,1015.1,108.84,358.61,934.26,29.7723,13.3341,461.1,61.5,1495.215, NAN, NAN, NAN, NAN,,2024/04/18 11:18:49.099,2024-04-18 11:18:49.099000+00:00
2024/04/18, 11:19:49.099,35.95,-75.333, 0.01,220.11,151.39,0.14,17.6,17.6,1013.0,1012.8,0.0,0.0,85.13,78.53,16,11,6.6,6.3,85.2,85.3,6.6,6.3,236.7,231.7,1015.1,1014.9,113.79,357.82,951.87,29.7731,13.3355,461.1,61.4,1495.22, NAN, NAN, NAN, NAN,,2024/04/18 11:19:49.099,2024-04-18 11:19:49.099000+00:00
2024/04/18, 11:20:49.099,35.95,-75.333, 0.02,219.47,174.41,0.1,17.5,17.5,1013.0,1013.0,0.0,0.0,85.13,78.53,16,10,6.6,6.1,85.2,85.1,6.6,6.1,235.9,230.0,1015.1,1015.1,116.97,358.12,972.82,29.7757,13.3376,462.7,61.5,1495.23, NAN, NAN, NAN, NAN,,2024/04/18 11:20:49.099,2024-04-18 11:20:49.099000+00:00
2024/04/18, 11:21:49.100,35.95,-75.333, -0.01,220.05,107.76,0.09,17.4,17.5,1013.0,1013.0,0.0,0.0,85.13,78.53,16,11,6.4,6.2,85.6,85.4,6.4,6.2,236.2,231.3,1015.1,1015.1,118.09,358.15,989.16,29.776,13.3429,461.4,61.4,1495.248, NAN, NAN, NAN, NAN,,2024/04/18 11:21:49.100,2024-04-18 11:21:49.100000+00:00
2024/04/18, 11:22:49.100,35.95,-75.333, -0.01,220.65,102.76,0.34,17.4,17.4,1013.0,1013.0,0.0,0.0,85.13,78.53,15,9,6.3,6.1,85.9,85.9,6.4,6.2,237.0,231.1,1015.1,1015.1,123.43,357.88,1006.43,29.773,13.3478,462.7,61.5,1495.261, NAN, NAN, NAN, NAN,,2024/04/18 11:22:49.100,2024-04-18 11:22:49.100000+00:00
2024/04/18, 11:23:49.100,35.95,-75.333, -0.02,226.79,321.98,0.29,17.3,17.4,1013.0,1013.0,0.0,0.0,85.13,78.53,11,6,6.6,6.4,85.8,85.9,6.5,6.3,236.9,231.7,1015.1,1015.1,123.76,358.46,1022.85,29.7777,13.3494,461.1,61.5,1495.272, NAN, NAN, NAN, NAN,,2024/04/18 11:23:49.100,2024-04-18 11:23:49.100000+00:00
2024/04/18, 11:24:49.100,35.95,-75.333, 0.02,233.81,139.57,0.15,17.3,17.3,1013.2,1013.0,0.0,0.0,85.13,78.53,358,353,6.4,6.4,86.4,86.3,6.4,6.4,232.5,227.5,1015.3,1015.1,124.71,359.2,1028.51,29.7782,13.3487,465.1,61.4,1495.27, NAN, NAN, NAN, NAN,,2024/04/18 11:24:49.100,2024-04-18 11:24:49.100000+00:00
2024/04/18, 11:25:49.100,35.95,-75.333, -0.03,235.5,289.41,0.21,17.4,17.4,1013.2,1013.0,0.0,0.0,85.13,78.53,353,347,6.2,6.0,86.8,86.9,6.2,6.0,227.6,221.5,1015.3,1015.1,123.18,358.19,1041.66,29.7786,13.3658,461.7,61.3,1495.328, NAN, NAN, NAN, NAN,,2024/04/18 11:25:49.100,2024-04-18 11:25:49.100000+00:00
2024/04/18, 11:26:49.100,35.95,-75.333, 0.04,234.87,235.73,0.17,17.4,17.4,1013.0,1013.1,0.0,0.0,85.13,78.53,356,351,6.6,6.5,86.0,86.1,6.5,6.4,231.3,226.3,1015.1,1015.2,130.65,358.67,1060.17,29.7797,13.3802,462.8,61.3,1495.378, NAN, NAN, NAN, NAN,,2024/04/18 11:26:49.100,2024-04-18 11:26:49.100000+00:00
2024/04/18, 11:27:49.100,35.95,-75.333, -0.01,235.0,313.12,0.6,17.4,17.4,1013.0,1013.0,0.0,0.0,85.13,78.53,356,350,6.6,6.4,86.5,86.4,6.6,6.5,228.4,222.3,1015.1,1015.1,134.78,358.62,1074.77,29.7804,13.389,462.7,61.8,1495.408, NAN, NAN, NAN, NAN,,2024/04/18 11:27:49.100,2024-04-18 11:27:49.100000+00:00
2024/04/18, 11:28:49.100,35.95,-75.333, -0.01,234.48,264.56,0.13,17.4,17.4,1013.0,1013.1,0.0,0.0,85.13,78.53,358,352,6.7,6.4,86.3,86.5,6.6,6.4,232.1,226.1,1015.1,1015.2,148.02,359.06,1091.96,29.7807,13.3912,464.1,63.2,1495.416, NAN, NAN, NAN, NAN,,2024/04/18 11:28:49.100,2024-04-18 11:28:49.100000+00:00
2024/04/18, 11:29:49.100,35.95,-75.333, 0.00,235.6,353.21,0.04,17.4,17.4,1013.2,1013.2,0.0,0.0,85.13,78.53,355,349,6.4,6.2,86.3,86.1,6.4,6.2,230.4,224.4,1015.3,1015.3,147.65,358.59,1110.6,29.7816,13.385,463.5,61.6,1495.396, NAN, NAN, NAN, NAN,,2024/04/18 11:29:49.100,2024-04-18 11:29:49.100000+00:00
2024/04/18, 11:30:49.100,35.95,-75.333, 0.02,234.26,316.68,0.16,17.4,17.4,1013.2,1013.0,0.0,0.0,85.13,78.53,356,351,6.3,6.1,86.0,85.9,6.3,6.1,229.7,224.6,1015.3,1015.1,161.14,358.5,1126.53,29.7823,13.3789,462.0,59.6,1495.376, NAN, NAN, NAN, NAN,,2024/04/18 11:30:49.100,2024-04-18 11:30:49.100000+00:00
2024/04/18, 11:31:49.100,35.95,-75.333, 0.00,235.16,17.81,0.21,17.4,17.4,1013.2,1013.0,0.0,0.0,85.13,78.53,354,349,6.4,6.2,86.0,86.1,6.5,6.3,228.3,223.3,1015.3,1015.1,161.99,358.75,1140.86,29.7958,13.3736,461.7,60.0,1495.375, NAN, NAN, NAN, NAN,,2024/04/18 11:31:49.100,2024-04-18 11:31:49.100000+00:00
2024/04/18, 11:32:49.100,35.95,-75.333, 0.00,234.98,184.52,0.08,17.5,17.5,1013.0,1013.1,0.0,0.0,85.13,78.53,352,346,6.3,6.2,86.2,86.1,6.3,6.2,227.1,221.1,1015.1,1015.2,173.49,358.68,1156.08,29.796,13.3681,460.8,60.0,1495.356, NAN, NAN, NAN, NAN,,2024/04/18 11:32:49.100,2024-04-18 11:32:49.100000+00:00
2024/04/18, 11:33:49.100,35.95,-75.333, 0.00,234.63,3.97,0.34,17.5,17.5,1013.2,1013.2,0.0,0.0,85.13,78.53,353,348,6.3,6.4,86.1,86.1,6.4,6.5,226.3,221.4,1015.3,1015.3,177.16,358.73,1173.51,29.7927,13.362,461.1,60.2,1495.332, NAN, NAN, NAN, NAN,,2024/04/18 11:33:49.100,2024-04-18 11:33:49.100000+00:00
2024/04/18, 11:34:49.100,35.95,-75.333, -0.01,234.87,284.35,0.09,17.5,17.5,1013.0,1013.0,0.0,0.0,85.13,78.53,356,350,6.5,6.3,86.0,86.2,6.5,6.3,230.5,224.5,1015.1,1015.1,184.39,359.25,1185.64,29.7894,13.3609,461.1,60.1,1495.324, NAN, NAN, NAN, NAN,,2024/04/18 11:34:49.100,2024-04-18 11:34:49.100000+00:00
2024/04/18, 11:35:49.100,35.95,-75.333, 0.02,237.23,11.65,0.37,17.5,17.6,1013.2,1013.1,0.0,0.0,85.13,78.53,353,348,6.2,6.1,86.2,86.3,6.3,6.3,229.1,224.2,1015.3,1015.2,186.15,358.42,1200.57,29.788,13.3635,461.7,60.3,1495.332, NAN, NAN, NAN, NAN,,2024/04/18 11:35:49.100,2024-04-18 11:35:49.100000+00:00
2024/04/18, 11:36:49.100,35.95,-75.333, 0.06,233.85,258.76,0.14,17.6,17.6,1013.0,1013.0,0.0,0.0,85.13,78.53,355,349,6.2,6.2,85.4,85.5,6.1,6.1,228.4,222.4,1015.1,1015.1,197.65,358.81,1223.11,29.7943,13.3874,461.4,60.4,1495.419, NAN, NAN, NAN, NAN,,2024/04/18 11:36:49.100,2024-04-18 11:36:49.100000+00:00
2024/04/18, 11:37:49.101,35.95,-75.333, 0.00,234.21,324.29,0.07,17.5,17.6,1013.2,1013.1,0.0,0.0,85.13,78.53,359,354,6.1,6.0,85.4,85.5,6.1,6.0,233.5,228.5,1015.3,1015.2,206.45,358.29,1238.35,29.805,13.4164,460.8,60.4,1495.528, NAN, NAN, NAN, NAN,,2024/04/18 11:37:49.101,2024-04-18 11:37:49.101000+00:00
2024/04/18, 11:38:49.101,35.95,-75.333, -0.01,235.55,46.95,0.08,17.5,17.5,1013.2,1013.2,0.0,0.0,85.13,78.53,356,350,6.1,5.9,85.3,85.3,6.1,5.9,231.8,225.8,1015.3,1015.3,206.63,358.21,1250.47,29.8168,13.4387,459.5,60.4,1495.617, NAN, NAN, NAN, NAN,,2024/04/18 11:38:49.101,2024-04-18 11:38:49.101000+00:00
2024/04/18, 11:39:49.101,35.95,-75.333, 0.00,234.95,101.91,0.29,17.4,17.4,1013.2,1013.2,0.0,0.0,85.13,78.53,356,350,6.1,6.0,85.4,85.3,6.1,6.0,232.3,226.4,1015.3,1015.3,212.6,358.26,1262.11,29.8213,13.4524,458.4,60.4,1495.668, NAN, NAN, NAN, NAN,,2024/04/18 11:39:49.101,2024-04-18 11:39:49.101000+00:00
2024/04/18, 11:40:49.101,35.95,-75.333, 0.00,234.57,58.43,0.1,17.4,17.4,1013.0,1013.0,0.0,0.0,85.13,78.53,355,349,6.0,6.0,85.7,85.7,6.0,6.0,230.0,224.0,1015.1,1015.1,218.21,358.0,1273.43,29.8237,13.4611,457.7,60.6,1495.7, NAN, NAN, NAN, NAN,,2024/04/18 11:40:49.101,2024-04-18 11:40:49.101000+00:00
2024/04/18, 11:41:49.101,35.95,-75.333, 0.00,234.6,342.47,0.21,17.3,17.4,1013.2,1013.0,0.0,0.0,85.13,78.53,354,349,6.0,5.8,85.8,85.9,6.1,5.9,227.7,222.7,1015.3,1015.1,219.17,358.01,1285.08,29.8291,13.4725,456.8,60.6,1495.744, NAN, NAN, NAN, NAN,,2024/04/18 11:41:49.101,2024-04-18 11:41:49.101000+00:00
2024/04/18, 11:42:49.101,35.95,-75.333, 0.02,234.59,194.58,0.2,17.3,17.3,1013.0,1013.0,0.0,0.0,85.13,78.53,353,348,5.9,5.9,85.9,85.8,5.8,5.8,228.2,223.1,1015.1,1015.1,224.34,358.07,1301.18,29.8334,13.4778,458.0,60.4,1495.767, NAN, NAN, NAN, NAN,,2024/04/18 11:42:49.101,2024-04-18 11:42:49.101000+00:00
2024/04/18, 11:43:49.101,35.95,-75.333, -0.01,234.87,84.04,0.13,17.2,17.3,1013.2,1013.2,0.0,0.0,85.13,78.53,354,349,5.7,5.5,85.9,85.9,5.7,5.6,228.4,223.4,1015.3,1015.3,225.88,357.32,1317.24,29.832,13.4796,457.4,60.5,1495.771, NAN, NAN, NAN, NAN,,2024/04/18 11:43:49.101,2024-04-18 11:43:49.101000+00:00
2024/04/18, 11:44:49.101,35.95,-75.333, 0.00,235.22,338.58,0.04,17.2,17.2,1013.2,1013.1,0.0,0.0,85.13,78.53,356,350,5.7,5.6,85.7,85.7,5.7,5.6,231.4,225.4,1015.3,1015.2,227.44,357.32,1331.63,29.8325,13.4811,456.4,60.4,1495.777, NAN, NAN, NAN, NAN,,2024/04/18 11:44:49.101,2024-04-18 11:44:49.101000+00:00
2024/04/18, 11:45:49.101,35.95,-75.333, 0.05,235.4,292.65,0.1,17.1,17.2,1013.2,1013.2,0.0,0.0,85.13,78.53,357,350,6.0,5.8,86.0,85.7,6.0,5.8,232.9,225.9,1015.3,1015.3,229.29,357.67,1351.11,29.8419,13.4836,457.7,60.4,1495.796, NAN, NAN, NAN, NAN,,2024/04/18 11:45:49.101,2024-04-18 11:45:49.101000+00:00
2024/04/18, 11:46:49.101,35.95,-75.333, 0.00,233.75,158.25,0.19,17.0,17.1,1013.2,1013.2,0.0,0.0,85.13,78.53,358,351,6.2,5.9,86.7,86.6,6.2,5.9,232.6,225.7,1015.3,1015.3,229.78,358.4,1360.22,29.841,13.4847,457.4,60.4,1495.799, NAN, NAN, NAN, NAN,,2024/04/18 11:46:49.101,2024-04-18 11:46:49.101000+00:00
2024/04/18, 11:47:49.101,35.95,-75.333, -0.01,235.05,137.16,0.48,17.0,17.1,1013.2,1013.2,0.0,0.0,85.13,78.53,358,353,6.2,6.1,87.3,87.1,6.2,6.1,235.3,230.4,1015.3,1015.3,236.6,358.87,1369.42,29.8344,13.4851,458.0,60.3,1495.793, NAN, NAN, NAN, NAN,,2024/04/18 11:47:49.101,2024-04-18 11:47:49.101000+00:00
2024/04/18, 11:48:49.101,35.95,-75.333, 0.01,235.02,231.79,0.16,17.1,17.2,1013.2,1013.1,0.0,0.0,85.13,78.53,358,352,6.0,5.8,87.5,87.6,5.9,5.7,233.2,227.1,1015.3,1015.2,235.46,358.33,1386.07,29.832,13.4874,457.7,60.4,1495.797, NAN, NAN, NAN, NAN,,2024/04/18 11:48:49.101,2024-04-18 11:48:49.101000+00:00
2024/04/18, 11:49:49.101,35.95,-75.333, 0.00,234.66,106.2,0.31,17.2,17.2,1013.3,1013.3,0.0,0.0,85.13,78.53,359,352,6.2,6.1,86.7,86.8,6.2,6.1,235.1,228.1,1015.4,1015.4,237.35,358.48,1391.36,29.834,13.4831,456.1,60.5,1495.785, NAN, NAN, NAN, NAN,,2024/04/18 11:49:49.101,2024-04-18 11:49:49.101000+00:00
2024/04/18, 11:50:49.101,35.95,-75.333, -0.06,234.95,150.67,0.08,17.2,17.2,1013.2,1013.2,0.0,0.0,85.13,78.53,0,355,6.4,6.1,86.7,86.8,6.4,6.1,235.0,230.0,1015.3,1015.3,241.82,358.61,1403.09,29.8318,13.4808,456.0,60.5,1495.775, NAN, NAN, NAN, NAN,,2024/04/18 11:50:49.101,2024-04-18 11:50:49.101000+00:00
2024/04/18, 11:51:49.101,35.95,-75.333, 0.07,234.27,70.02,0.21,17.2,17.2,1013.3,1013.3,0.0,0.0,85.13,78.53,0,354,6.3,6.1,86.9,86.8,6.3,6.1,235.1,229.2,1015.4,1015.4,238.69,358.7,1419.01,29.8309,13.4648,456.1,60.4,1495.721, NAN, NAN, NAN, NAN,,2024/04/18 11:51:49.101,2024-04-18 11:51:49.101000+00:00
2024/04/18, 11:52:49.101,35.95,-75.333, -0.06,235.19,90.54,0.11,17.2,17.3,1013.3,1013.2,0.0,0.0,85.13,78.53,359,355,6.4,6.2,86.9,87.1,6.4,6.2,233.8,229.9,1015.4,1015.3,247.34,358.51,1428.91,29.833,13.4539,454.7,60.6,1495.687, NAN, NAN, NAN, NAN,,2024/04/18 11:52:49.101,2024-04-18 11:52:49.101000+00:00
2024/04/18, 11:53:49.102,35.95,-75.333, 0.03,234.85,116.16,0.08,17.2,17.3,1013.2,1013.3,0.0,0.0,85.13,78.53,0,355,6.4,6.2,86.6,86.6,6.4,6.2,235.2,230.2,1015.3,1015.4,248.43,358.72,1436.84,29.8337,13.4568,456.4,60.6,1495.697, NAN, NAN, NAN, NAN,,2024/04/18 11:53:49.102,2024-04-18 11:53:49.102000+00:00
2024/04/18, 11:54:49.102,35.95,-75.333, 0.02,234.39,143.57,0.22,17.2,17.3,1013.2,1013.3,0.0,0.0,85.13,78.53,1,356,6.5,6.3,86.5,86.5,6.5,6.3,236.4,231.4,1015.3,1015.4,246.23,358.6,1443.34,29.8328,13.463,456.1,60.6,1495.717, NAN, NAN, NAN, NAN,,2024/04/18 11:54:49.102,2024-04-18 11:54:49.102000+00:00
2024/04/18, 11:55:49.102,35.95,-75.333, 0.01,234.5,142.9,0.07,17.3,17.3,1013.3,1013.2,0.0,0.0,85.13,78.53,358,353,6.5,6.3,86.6,86.6,6.5,6.3,232.7,227.7,1015.4,1015.3,249.73,357.65,1443.94,29.8331,13.4557,455.3,60.7,1495.693, NAN, NAN, NAN, NAN,,2024/04/18 11:55:49.102,2024-04-18 11:55:49.102000+00:00
2024/04/18, 11:56:49.102,35.95,-75.333, -0.01,236.37,326.72,0.18,17.2,17.3,1013.3,1013.3,0.0,0.0,85.13,78.53,357,351,6.7,6.5,86.2,86.2,6.8,6.6,232.7,226.7,1015.4,1015.4,250.88,357.82,1433.56,29.8332,13.4551,456.4,60.7,1495.691, NAN, NAN, NAN, NAN,,2024/04/18 11:56:49.102,2024-04-18 11:56:49.102000+00:00
2024/04/18, 11:57:49.102,35.95,-75.333, 0.00,234.17,227.16,0.07,17.2,17.3,1013.2,1013.2,0.0,0.0,85.13,78.53,358,353,6.9,6.5,86.6,86.7,6.9,6.5,231.9,226.9,1015.3,1015.3,250.16,358.11,1460.2,29.8312,13.4517,458.0,60.7,1495.677, NAN, NAN, NAN, NAN,,2024/04/18 11:57:49.102,2024-04-18 11:57:49.102000+00:00
2024/04/18, 11:58:49.102,35.95,-75.333, 0.00,234.62,106.86,0.03,17.3,17.3,1013.2,1013.2,0.0,0.0,85.13,78.53,359,353,7.0,6.7,86.9,86.9,7.0,6.7,233.7,227.7,1015.3,1015.3,259.15,358.3,1482.5,29.8432,13.4471,460.4,60.7,1495.676, NAN, NAN, NAN, NAN,,2024/04/18 11:58:49.102,2024-04-18 11:58:49.102000+00:00
2024/04/18, 11:59:49.102,35.95,-75.333, -0.03,234.55,322.5,0.03,17.3,17.3,1013.1,1013.1,0.0,0.0,85.13,78.53,1,354,7.1,6.7,86.8,86.9,7.1,6.7,235.4,228.4,1015.2,1015.2,257.13,358.43,1500.18,29.8457,13.4414,459.8,60.8,1495.66, NAN, NAN, NAN, NAN,,2024/04/18 11:59:49.102,2024-04-18 11:59:49.102000+00:00
2024/04/18, 12:00:49.102,35.95,-75.333, 0.01,234.41,66.11,0.19,17.4,17.4,1013.2,1013.2,0.0,0.0,85.13,78.53,0,353,6.9,6.7,86.5,86.6,7.0,6.8,234.9,228.0,1015.3,1015.3,261.96,358.3,1507.14,29.8477,13.4326,460.4,60.7,1495.633, NAN, NAN, NAN, NAN,,2024/04/18 12:00:49.102,2024-04-18 12:00:49.102000+00:00
2024/04/18, 12:01:49.102,35.95,-75.333, 0.00,234.72,31.86,0.2,17.4,17.4,1013.0,1013.2,0.0,0.0,85.13,78.53,0,354,7.0,6.8,86.5,86.5,7.0,6.8,235.6,229.6,1015.1,1015.3,267.25,358.6,1512.13,29.8407,13.4258,457.1,60.5,1495.602, NAN, NAN, NAN, NAN,,2024/04/18 12:01:49.102,2024-04-18 12:01:49.102000+00:00
2024/04/18, 12:02:49.102,35.95,-75.333, 0.03,234.36,205.83,0.18,17.5,17.5,1013.0,1013.2,0.0,0.0,85.13,78.53,1,355,7.1,6.8,86.1,86.2,7.0,6.7,234.9,228.9,1015.1,1015.3,263.75,358.11,1517.93,29.8375,13.4223,457.1,60.6,1495.586, NAN, NAN, NAN, NAN,,2024/04/18 12:02:49.102,2024-04-18 12:02:49.102000+00:00
2024/04/18, 12:03:49.102,35.95,-75.333, -0.01,234.69,183.25,0.1,17.5,17.5,1013.2,1013.2,0.0,0.0,85.13,78.53,1,356,7.0,6.9,85.9,86.0,7.0,6.9,235.8,230.8,1015.3,1015.3,269.51,358.01,1532.6,29.8313,13.4159,457.7,60.6,1495.558, NAN, NAN, NAN, NAN,,2024/04/18 12:03:49.102,2024-04-18 12:03:49.102000+00:00
2024/04/18, 12:04:49.102,35.95,-75.333, 0.01,235.17,274.29,0.13,17.5,17.5,1013.3,1013.2,0.0,0.0,85.13,78.53,0,355,7.0,6.9,86.1,86.1,7.0,6.9,234.8,229.8,1015.4,1015.3,271.33,358.03,1543.88,29.8286,13.4012,456.8,60.5,1495.505, NAN, NAN, NAN, NAN,,2024/04/18 12:04:49.102,2024-04-18 12:04:49.102000+00:00
2024/04/18, 12:05:49.102,35.95,-75.333, 0.00,234.5,94.71,0.09,17.5,17.5,1013.2,1013.2,0.0,0.0,85.13,78.53,1,355,7.0,6.8,85.8,85.8,7.0,6.8,235.3,229.3,1015.3,1015.3,272.66,357.62,1551.03,29.8281,13.3916,456.1,60.5,1495.473, NAN, NAN, NAN, NAN,,2024/04/18 12:05:49.102,2024-04-18 12:05:49.102000+00:00
2024/04/18, 12:06:49.102,35.95,-75.333, 0.00,233.73,316.15,0.19,17.5,17.5,1013.3,1013.2,0.0,0.0,85.13,78.53,1,356,6.7,6.5,85.8,85.8,6.7,6.5,233.9,228.9,1015.4,1015.3,271.2,358.04,1560.95,29.8273,13.3912,456.8,60.6,1495.47, NAN, NAN, NAN, NAN,,2024/04/18 12:06:49.102,2024-04-18 12:06:49.102000+00:00
2024/04/18, 12:07:49.102,35.95,-75.333, 0.06,235.39,173.04,0.06,17.5,17.5,1013.3,1013.2,0.0,0.0,85.13,78.53,0,355,6.9,6.6,85.9,86.0,6.9,6.6,235.6,230.6,1015.4,1015.3,274.85,357.6,1566.72,29.827,13.3936,457.7,60.3,1495.478, NAN, NAN, NAN, NAN,,2024/04/18 12:07:49.102,2024-04-18 12:07:49.102000+00:00
2024/04/18, 12:08:49.103,35.95,-75.333, 0.00,234.69,180.8,0.44,17.5,17.5,1013.2,1013.2,0.0,0.0,85.13,78.53,0,355,7.1,7.0,86.0,86.0,7.0,6.9,236.4,231.4,1015.3,1015.3,280.12,358.29,1577.68,29.827,13.3922,457.1,60.4,1495.473, NAN, NAN, NAN, NAN,,2024/04/18 12:08:49.103,2024-04-18 12:08:49.103000+00:00
2024/04/18, 12:09:49.103,35.95,-75.333, 0.00,234.73,190.57,0.24,17.5,17.5,1013.2,1013.1,0.0,0.0,85.13,78.53,0,354,7.0,6.9,86.4,86.5,7.0,6.8,235.7,229.7,1015.3,1015.2,280.32,357.96,1587.62,29.8275,13.3825,458.0,60.6,1495.442, NAN, NAN, NAN, NAN,,2024/04/18 12:09:49.103,2024-04-18 12:09:49.103000+00:00
2024/04/18, 12:10:49.103,35.95,-75.333, 0.01,234.79,143.52,0.32,17.6,17.6,1013.2,1013.2,0.0,0.0,85.13,78.53,359,353,7.2,6.9,86.0,86.2,7.2,6.8,235.1,229.1,1015.3,1015.3,285.19,357.76,1595.82,29.8283,13.3787,456.4,60.6,1495.43, NAN, NAN, NAN, NAN,,2024/04/18 12:10:49.103,2024-04-18 12:10:49.103000+00:00
2024/04/18, 12:11:49.103,35.95,-75.333, -0.02,235.03,309.21,0.06,17.6,17.6,1013.3,1013.3,0.0,0.0,85.13,78.53,0,355,6.9,6.7,85.8,86.0,6.9,6.7,234.8,229.8,1015.4,1015.4,287.02,357.2,1603.03,29.8292,13.3815,458.0,60.4,1495.44, NAN, NAN, NAN, NAN,,2024/04/18 12:11:49.103,2024-04-18 12:11:49.103000+00:00
2024/04/18, 12:12:49.103,35.95,-75.333, 0.03,234.47,291.74,0.35,17.6,17.6,1013.2,1013.2,0.0,0.0,85.13,78.53,0,355,7.1,6.7,85.5,85.5,7.0,6.6,233.2,228.1,1015.3,1015.3,289.32,356.99,1615.9,29.8319,13.3909,459.3,60.6,1495.475, NAN, NAN, NAN, NAN,,2024/04/18 12:12:49.103,2024-04-18 12:12:49.103000+00:00
2024/04/18, 12:13:49.103,35.95,-75.333, 0.87,210.75,212.93,1.07,17.5,17.6,1013.3,1013.3,0.0,0.0,85.13,78.53,15,5,7.8,7.4,85.8,85.9,7.3,6.9,225.9,215.1,1015.4,1015.4,306.54,356.73,1632.3,29.8315,13.3917,459.3,60.6,1495.477, NAN, NAN, NAN, NAN,,2024/04/18 12:13:49.103,2024-04-18 12:13:49.103000+00:00
2024/04/18, 12:14:49.103,35.95,-75.333, 1.87,149.78,163.29,1.58,17.5,17.5,1013.2,1013.3,0.0,0.0,85.13,78.53,63,48,7.6,9.6,86.2,86.2,7.1,9.0,217.9,200.8,1015.3,1015.4,310.98,358.05,1691.76,29.8319,13.3949,458.4,60.4,1495.488, NAN, NAN, NAN, NAN,,2024/04/18 12:14:49.103,2024-04-18 12:14:49.103000+00:00
2024/04/18, 12:15:49.103,35.949,-75.333, 2.35,83.93,76.3,2.28,17.6,17.6,1013.2,1013.2,0.0,0.0,85.13,78.53,132,133,6.7,6.5,86.7,86.8,7.5,7.3,222.8,223.9,1015.3,1015.3,294.59,359.87,1714.09,29.8339,13.4028,457.7,60.5,1495.517, NAN, NAN, NAN, NAN,,2024/04/18 12:15:49.103,2024-04-18 12:15:49.103000+00:00
2024/04/18, 12:16:49.103,35.949,-75.332, 3.79,87.26,84.48,4.25,17.6,17.6,1013.3,1013.3,0.0,0.0,85.13,78.53,141,139,5.8,5.4,85.6,85.9,7.7,7.2,238.2,237.3,1015.4,1015.4,291.3,359.95,1716.59,29.8532,13.4006,462.8,60.3,1495.532, NAN, NAN, NAN, NAN,,2024/04/18 12:16:49.103,2024-04-18 12:16:49.103000+00:00
2024/04/18, 12:17:49.103,35.949,-75.33, 5.34,91.32,88.25,5.58,17.5,17.5,1013.2,1013.3,0.0,0.0,85.13,78.53,124,120,4.6,4.6,85.6,85.6,6.7,6.5,236.1,233.5,1015.3,1015.4,312.74,359.3,1726.49,29.8791,13.4233,463.2,60.4,1495.639, NAN, NAN, NAN, NAN,,2024/04/18 12:17:49.103,2024-04-18 12:17:49.103000+00:00
2024/04/18, 12:18:49.103,35.949,-75.328, 7.19,89.76,90.49,7.39,17.3,17.4,1013.3,1013.2,0.0,0.0,85.13,78.53,117,112,4.4,4.3,86.0,86.0,7.0,6.7,236.1,233.8,1015.4,1015.3,318.49,358.69,1726.3,29.8896,13.4265,457.1,60.6,1495.662, NAN, NAN, NAN, NAN,,2024/04/18 12:18:49.103,2024-04-18 12:18:49.103000+00:00
2024/04/18, 12:19:49.103,35.949,-75.325, 8.39,89.46,84.74,8.52,17.3,17.3,1013.4,1013.4,0.0,0.0,85.13,78.53,107,103,4.0,4.0,86.4,86.6,6.8,6.6,234.4,232.5,1015.5,1015.5,320.83,358.96,1733.64,29.9277,13.4296,457.4,60.6,1495.717, NAN, NAN, NAN, NAN,,2024/04/18 12:19:49.103,2024-04-18 12:19:49.103000+00:00
2024/04/18, 12:20:49.103,35.949,-75.322, 9.19,87.27,89.2,9.1,17.3,17.3,1013.2,1013.3,0.0,0.0,85.13,78.53,104,103,3.8,3.9,86.4,87.0,6.7,6.7,234.6,233.5,1015.3,1015.4,316.99,359.16,1742.23,29.9058,13.4447,456.1,60.6,1495.742, NAN, NAN, NAN, NAN,,2024/04/18 12:20:49.103,2024-04-18 12:20:49.103000+00:00
2024/04/18, 12:21:49.103,35.95,-75.319, 9.53,86.46,87.85,9.49,17.1,17.2,1013.3,1013.3,0.0,0.0,85.13,78.53,99,97,3.7,3.6,87.3,87.1,6.5,6.4,233.4,233.3,1015.4,1015.4,318.63,359.08,1746.64,29.869,13.456,455.0,60.9,1495.736, NAN, NAN, NAN, NAN,,2024/04/18 12:21:49.103,2024-04-18 12:21:49.103000+00:00
2024/04/18, 12:22:49.103,35.95,-75.316, 9.53,87.49,87.69,9.39,17.1,17.2,1013.4,1013.3,0.0,0.0,85.13,78.53,99,100,3.8,3.8,87.3,87.2,6.6,6.7,232.3,232.7,1015.5,1015.4,322.92,359.94,1752.86,29.8286,13.4908,451.6,60.9,1495.805, NAN, NAN, NAN, NAN,,2024/04/18 12:22:49.103,2024-04-18 12:22:49.103000+00:00
2024/04/18, 12:23:49.103,35.95,-75.312, 9.67,86.07,87.64,9.64,17.1,17.1,1013.3,1013.3,0.0,0.0,85.13,78.53,100,91,3.4,3.7,88.1,88.2,6.4,6.2,235.8,230.5,1015.4,1015.4,306.55,359.79,1758.47,29.7889,13.5372,452.9,60.6,1495.913, NAN, NAN, NAN, NAN,,2024/04/18 12:23:49.103,2024-04-18 12:23:49.103000+00:00
2024/04/18, 12:24:49.104,35.95,-75.309, 9.70,85.89,85.2,9.47,17.1,17.1,1013.4,1013.4,0.0,0.0,85.13,78.53,103,97,3.4,3.6,88.1,88.1,6.5,6.4,235.8,232.3,1015.5,1015.5,318.88,359.63,1769.99,29.7569,13.5693,452.0,59.9,1495.982, NAN, NAN, NAN, NAN,,2024/04/18 12:24:49.104,2024-04-18 12:24:49.104000+00:00
2024/04/18, 12:25:49.104,35.95,-75.306, 9.74,85.66,84.58,9.78,17.1,17.2,1013.3,1013.3,0.0,0.0,85.13,78.53,100,87,3.7,3.9,87.9,88.0,6.7,6.2,233.1,227.0,1015.4,1015.4,317.51,359.24,1775.3,29.7209,13.601,454.4,60.6,1496.045, NAN, NAN, NAN, NAN,,2024/04/18 12:25:49.104,2024-04-18 12:25:49.104000+00:00
2024/04/18, 12:26:49.104,35.95,-75.302, 9.57,86.84,78.8,9.77,17.1,17.1,1013.4,1013.4,0.0,0.0,85.13,78.53,99,90,3.4,3.4,87.6,87.7,6.6,6.2,233.5,230.5,1015.5,1015.5,318.15,359.06,1779.14,29.6893,13.6219,454.7,60.6,1496.078, NAN, NAN, NAN, NAN,,2024/04/18 12:26:49.104,2024-04-18 12:26:49.104000+00:00
2024/04/18, 12:27:49.104,35.95,-75.299, 10.29,86.02,85.67,10.18,17.0,17.0,1013.3,1013.3,0.0,0.0,85.13,78.53,93,83,3.6,3.9,87.7,87.7,6.5,6.1,232.8,227.2,1015.4,1015.4,318.8,358.99,1785.31,29.6547,13.6322,454.7,60.6,1496.071, NAN, NAN, NAN, NAN,,2024/04/18 12:27:49.104,2024-04-18 12:27:49.104000+00:00
2024/04/18, 12:28:49.104,35.95,-75.295, 10.72,85.93,86.09,10.73,17.0,17.0,1013.3,1013.3,0.0,0.0,85.13,78.53,84,78,3.5,3.9,88.0,88.2,6.2,6.0,232.5,227.5,1015.4,1015.4,325.01,358.57,1793.56,29.6262,13.6367,455.0,60.8,1496.053, NAN, NAN, NAN, NAN,,2024/04/18 12:28:49.104,2024-04-18 12:28:49.104000+00:00
2024/04/18, 12:29:49.104,35.951,-75.292, 10.91,85.88,86.61,10.81,17.0,17.0,1013.4,1013.4,0.0,0.0,85.13,78.53,82,75,3.6,4.1,87.9,88.2,6.1,5.9,231.4,225.2,1015.5,1015.5,326.65,358.78,1799.82,29.6015,13.5953,455.0,61.0,1495.886, NAN, NAN, NAN, NAN,,2024/04/18 12:29:49.104,2024-04-18 12:29:49.104000+00:00
2024/04/18, 12:30:49.104,35.951,-75.288, 10.85,83.36,86.43,10.46,17.0,17.0,1013.4,1013.3,0.0,0.0,85.13,78.53,79,71,3.6,4.2,87.9,88.1,5.7,5.5,228.2,220.4,1015.5,1015.4,324.95,358.02,1805.76,29.5818,13.5402,456.1,60.8,1495.679, NAN, NAN, NAN, NAN,,2024/04/18 12:30:49.104,2024-04-18 12:30:49.104000+00:00
2024/04/18, 12:31:49.104,35.951,-75.284, 10.72,83.47,83.46,10.78,16.9,16.9,1013.3,1013.3,0.0,0.0,85.13,78.53,83,78,3.1,3.5,87.8,88.2,6.0,5.9,232.9,228.2,1015.4,1015.4,311.28,358.16,1808.41,29.5619,13.5193,457.4,60.7,1495.586, NAN, NAN, NAN, NAN,,2024/04/18 12:31:49.104,2024-04-18 12:31:49.104000+00:00
2024/04/18, 12:32:49.104,35.951,-75.281, 10.80,83.68,83.9,10.85,16.9,16.9,1013.3,1013.3,0.0,0.0,85.13,78.53,80,73,3.5,4.1,88.1,88.3,6.0,5.8,229.8,222.6,1015.4,1015.4,311.59,358.64,1812.31,29.514,13.5351,457.4,60.9,1495.583, NAN, NAN, NAN, NAN,,2024/04/18 12:32:49.104,2024-04-18 12:32:49.104000+00:00
2024/04/18, 12:33:49.104,35.952,-75.277, 10.93,82.2,87.03,10.99,16.8,16.8,1013.3,1013.3,0.0,0.0,85.13,78.53,79,71,3.5,4.1,88.7,88.9,5.9,5.6,229.4,221.9,1015.4,1015.4,314.3,357.82,1820.71,29.464,13.5663,456.4,60.9,1495.628, NAN, NAN, NAN, NAN,,2024/04/18 12:33:49.104,2024-04-18 12:33:49.104000+00:00
2024/04/18, 12:34:49.104,35.952,-75.273, 10.95,81.95,82.76,10.75,16.8,16.8,1013.3,1013.3,0.0,0.0,85.13,78.53,79,73,3.6,4.1,88.7,88.9,5.9,5.8,226.4,220.4,1015.4,1015.4,320.7,358.09,1831.21,29.4123,13.5945,455.6,61.1,1495.661, NAN, NAN, NAN, NAN,,2024/04/18 12:34:49.104,2024-04-18 12:34:49.104000+00:00
2024/04/18, 12:35:49.104,35.952,-75.27, 10.86,82.42,85.21,10.8,16.8,16.8,1013.4,1013.3,0.0,0.0,85.13,78.53,84,75,3.4,4.0,89.5,89.6,6.1,5.8,230.6,223.1,1015.5,1015.4,321.36,357.87,1838.73,29.363,13.6109,457.4,61.1,1495.658, NAN, NAN, NAN, NAN,,2024/04/18 12:35:49.104,2024-04-18 12:35:49.104000+00:00
2024/04/18, 12:36:49.104,35.953,-75.266, 10.79,82.85,82.68,10.81,16.8,16.8,1013.3,1013.3,0.0,0.0,85.13,78.53,82,76,3.4,3.8,89.8,90.0,6.1,5.9,229.6,224.6,1015.4,1015.4,329.23,357.87,1844.56,29.316,13.6368,458.0,61.0,1495.689, NAN, NAN, NAN, NAN,,2024/04/18 12:36:49.104,2024-04-18 12:36:49.104000+00:00
2024/04/18, 12:37:49.104,35.953,-75.262, 10.87,85.92,80.44,10.8,16.8,16.8,1013.3,1013.3,0.0,0.0,85.13,78.53,80,72,3.5,4.0,89.9,90.1,6.1,5.9,229.6,223.1,1015.4,1015.4,331.13,357.96,1852.76,29.2762,13.665,458.0,61.1,1495.736, NAN, NAN, NAN, NAN,,2024/04/18 12:37:49.104,2024-04-18 12:37:49.104000+00:00
2024/04/18, 12:38:49.104,35.953,-75.258, 10.67,96.62,95.66,10.62,16.7,16.8,1013.3,1013.3,0.0,0.0,85.13,78.53,74,70,4.6,5.1,89.9,90.0,6.1,6.1,229.6,224.0,1015.4,1015.4,379.69,357.43,1867.3,29.2367,13.6943,458.7,61.2,1495.787, NAN, NAN, NAN, NAN,,2024/04/18 12:38:49.104,2024-04-18 12:38:49.104000+00:00
2024/04/18, 12:39:49.104,35.952,-75.255, 10.86,96.54,98.34,10.83,16.7,16.7,1013.3,1013.3,0.0,0.0,85.13,78.53,76,75,4.7,5.0,90.6,90.6,6.3,6.4,231.5,228.8,1015.4,1015.4,376.46,358.0,1869.96,29.2053,13.7188,459.0,61.1,1495.832, NAN, NAN, NAN, NAN,,2024/04/18 12:39:49.104,2024-04-18 12:39:49.104000+00:00
2024/04/18, 12:40:49.105,35.952,-75.251, 10.91,95.36,98.8,10.95,16.7,16.7,1013.4,1013.3,0.0,0.0,85.13,78.53,79,76,4.7,5.0,91.4,91.4,6.5,6.4,232.5,229.0,1015.5,1015.4,382.06,358.78,1873.96,29.1764,13.7436,463.5,61.0,1495.88, NAN, NAN, NAN, NAN,,2024/04/18 12:40:49.105,2024-04-18 12:40:49.105000+00:00
2024/04/18, 12:41:49.105,35.952,-75.247, 10.17,95.55,94.33,11.0,16.7,16.7,1013.4,1013.3,0.0,0.0,85.13,78.53,80,77,4.9,5.3,92.5,92.6,6.8,6.8,230.7,226.6,1015.5,1015.4,383.78,358.71,1882.41,29.1472,13.7965,462.4,61.3,1496.021, NAN, NAN, NAN, NAN,,2024/04/18 12:41:49.105,2024-04-18 12:41:49.105000+00:00
2024/04/18, 12:42:49.105,35.951,-75.244, 10.94,93.93,93.68,10.88,16.7,16.8,1013.3,1013.3,0.0,0.0,85.13,78.53,84,78,4.7,5.3,92.5,92.4,6.9,6.9,231.4,224.8,1015.4,1015.4,386.16,358.63,1891.67,29.1199,13.8713,461.7,61.3,1496.237, NAN, NAN, NAN, NAN,,2024/04/18 12:42:49.105,2024-04-18 12:42:49.105000+00:00
2024/04/18, 12:43:49.105,35.951,-75.24, 10.83,93.44,93.96,10.88,16.7,16.8,1013.3,1013.3,0.0,0.0,85.13,78.53,85,80,4.7,5.2,92.6,92.3,6.9,6.8,232.2,226.7,1015.4,1015.4,387.93,359.29,1894.66,29.0785,13.9324,463.2,61.1,1496.391, NAN, NAN, NAN, NAN,,2024/04/18 12:43:49.105,2024-04-18 12:43:49.105000+00:00
2024/04/18, 12:44:49.105,35.951,-75.236, 10.78,93.77,95.09,10.77,16.8,16.8,1013.3,1013.3,0.0,0.0,85.13,78.53,88,82,4.5,5.1,93.2,93.3,7.0,6.9,234.3,227.9,1015.4,1015.4,388.54,359.17,1901.4,29.0328,13.9922,462.8,61.2,1496.535, NAN, NAN, NAN, NAN,,2024/04/18 12:44:49.105,2024-04-18 12:44:49.105000+00:00
2024/04/18, 12:45:49.105,35.951,-75.233, 9.79,93.28,94.51,9.72,16.8,16.8,1013.3,1013.3,0.0,0.0,85.13,78.53,98,89,4.4,4.7,93.0,93.0,7.1,6.8,235.3,229.5,1015.4,1015.4,388.61,359.23,1906.65,29.0001,14.0416,464.1,61.3,1496.66, NAN, NAN, NAN, NAN,,2024/04/18 12:45:49.105,2024-04-18 12:45:49.105000+00:00
2024/04/18, 12:46:49.105,35.951,-75.23, 7.37,128.5,111.39,7.06,16.8,16.8,1013.3,1013.3,0.0,0.0,85.13,78.53,108,105,4.6,4.8,93.4,93.5,7.3,7.4,260.1,257.7,1015.4,1015.4,395.64,358.44,1919.06,28.9813,14.0824,464.8,61.3,1496.772, NAN, NAN, NAN, NAN,,2024/04/18 12:46:49.105,2024-04-18 12:46:49.105000+00:00
2024/04/18, 12:47:49.105,35.95,-75.229, 1.40,206.77,174.0,1.92,16.8,16.8,1013.2,1013.2,0.0,0.0,85.13,78.53,46,38,8.1,10.0,93.5,93.4,8.0,9.7,259.8,250.3,1015.3,1015.3,442.28,357.23,1876.71,28.9892,14.1181,463.5,61.3,1496.899, NAN, NAN, NAN, NAN,,2024/04/18 12:47:49.105,2024-04-18 12:47:49.105000+00:00
2024/04/18, 12:48:49.105,35.95,-75.229, 0.18,229.98,170.36,0.44,16.9,16.9,1013.3,1013.2,0.0,0.0,85.13,78.53,10,3,7.3,6.9,95.1,95.2,7.3,6.9,241.8,234.8,1015.4,1015.3,438.56,357.02,1857.91,28.9878,14.1389,466.2,61.0,1496.966, NAN, NAN, NAN, NAN,,2024/04/18 12:48:49.105,2024-04-18 12:48:49.105000+00:00
2024/04/18, 12:49:49.105,35.95,-75.229, 0.10,230.25,312.48,0.67,17.0,17.0,1013.3,1013.3,0.0,0.0,85.13,78.53,12,6,7.0,6.8,94.6,94.7,6.9,6.8,239.5,233.3,1015.4,1015.4,439.67,356.89,1858.92,28.9952,14.1528,462.0,61.0,1497.02, NAN, NAN, NAN, NAN,,2024/04/18 12:49:49.105,2024-04-18 12:49:49.105000+00:00
2024/04/18, 12:50:49.105,35.95,-75.229, -0.07,222.63,322.29,0.14,17.0,17.0,1013.3,1013.3,0.0,0.0,85.13,78.53,14,10,7.4,6.7,94.1,94.0,7.4,6.7,236.1,232.0,1015.4,1015.4,439.8,357.02,1871.14,28.999,14.1602,459.3,60.8,1497.049, NAN, NAN, NAN, NAN,,2024/04/18 12:50:49.105,2024-04-18 12:50:49.105000+00:00
2024/04/18, 12:51:49.105,35.95,-75.229, 0.09,219.92,211.05,0.25,17.0,17.0,1013.3,1013.3,0.0,0.0,85.13,78.53,22,15,7.2,6.9,93.9,93.9,7.2,6.9,242.9,236.0,1015.4,1015.4,439.92,356.98,1884.11,29.0029,14.1613,459.0,60.9,1497.057, NAN, NAN, NAN, NAN,,2024/04/18 12:51:49.105,2024-04-18 12:51:49.105000+00:00
2024/04/18, 12:52:49.105,35.95,-75.229, 0.00,219.85,198.2,0.07,17.0,17.0,1013.3,1013.2,0.0,0.0,85.13,78.53,22,17,7.1,6.9,93.8,93.9,7.1,6.9,241.7,236.7,1015.4,1015.3,442.24,357.77,1890.52,29.0405,14.1638,461.4,60.9,1497.109, NAN, NAN, NAN, NAN,,2024/04/18 12:52:49.105,2024-04-18 12:52:49.105000+00:00
2024/04/18, 12:53:49.105,35.95,-75.229, -0.03,219.9,119.9,0.18,17.0,17.1,1013.3,1013.2,0.0,0.0,85.13,78.53,21,17,7.0,6.7,93.9,94.1,7.0,6.7,241.6,237.7,1015.4,1015.3,444.64,357.71,1896.69,29.1842,14.1636,470.2,60.8,1497.277, NAN, NAN, NAN, NAN,,2024/04/18 12:53:49.105,2024-04-18 12:53:49.105000+00:00
2024/04/18, 12:54:49.105,35.95,-75.229, 0.00,220.22,62.72,0.1,17.0,17.1,1013.2,1013.1,0.0,0.0,85.13,78.53,22,18,6.7,6.5,94.0,94.1,6.7,6.5,242.1,238.1,1015.3,1015.2,448.43,357.78,1903.7,29.19,14.1571,473.6,60.8,1497.262, NAN, NAN, NAN, NAN,,2024/04/18 12:54:49.105,2024-04-18 12:54:49.105000+00:00
2024/04/18, 12:55:49.106,35.95,-75.229, 0.05,219.32,109.75,0.1,17.0,17.1,1013.0,1013.2,0.0,0.0,85.13,78.53,21,16,6.5,6.3,93.8,93.9,6.5,6.3,239.9,234.9,1015.1,1015.3,449.96,357.58,1906.37,29.2102,14.1423,475.2,60.8,1497.237, NAN, NAN, NAN, NAN,,2024/04/18 12:55:49.106,2024-04-18 12:55:49.106000+00:00
2024/04/18, 12:56:49.106,35.95,-75.229, -0.02,219.8,35.32,0.14,17.0,17.1,1013.2,1013.2,0.0,0.0,85.13,78.53,22,16,6.3,6.2,93.8,93.7,6.3,6.2,241.2,235.2,1015.3,1015.3,457.87,357.38,1910.9,29.1171,14.1517,469.4,60.8,1497.159, NAN, NAN, NAN, NAN,,2024/04/18 12:56:49.106,2024-04-18 12:56:49.106000+00:00
2024/04/18, 12:57:49.106,35.95,-75.229, 0.00,220.17,294.75,0.42,17.0,17.0,1013.2,1013.2,0.0,0.0,85.13,78.53,20,14,6.7,6.0,93.5,93.5,6.6,5.9,238.6,232.3,1015.3,1015.3,455.98,357.31,1918.1,29.1011,14.16,469.9,60.7,1497.168, NAN, NAN, NAN, NAN,,2024/04/18 12:57:49.106,2024-04-18 12:57:49.106000+00:00
2024/04/18, 12:58:49.106,35.95,-75.229, 0.08,218.92,75.46,0.31,17.0,17.0,1013.3,1013.2,0.0,0.0,85.13,78.53,21,16,6.3,5.9,93.5,93.5,6.4,6.0,241.0,236.2,1015.4,1015.3,461.2,357.07,1926.56,29.0892,14.1611,472.1,60.8,1497.158, NAN, NAN, NAN, NAN,,2024/04/18 12:58:49.106,2024-04-18 12:58:49.106000+00:00
2024/04/18, 12:59:49.106,35.95,-75.229, -0.07,220.33,275.12,0.38,16.9,17.0,1013.1,1013.2,0.0,0.0,85.13,78.53,22,16,5.9,5.8,93.4,93.5,5.8,5.7,240.8,234.6,1015.2,1015.3,465.15,357.31,1926.23,29.0985,14.1636,473.6,60.9,1497.177, NAN, NAN, NAN, NAN,,2024/04/18 12:59:49.106,2024-04-18 12:59:49.106000+00:00
2024/04/18, 13:00:49.106,35.95,-75.229, 0.02,219.81,138.77,0.22,16.9,16.9,1013.3,1013.2,0.0,0.0,85.13,78.53,20,15,6.3,6.2,93.7,93.6,6.3,6.2,240.8,235.9,1015.4,1015.3,467.64,357.6,1931.04,29.0888,14.1622,474.5,60.7,1497.161, NAN, NAN, NAN, NAN,,2024/04/18 13:00:49.106,2024-04-18 13:00:49.106000+00:00
2024/04/18, 13:01:49.106,35.95,-75.229, 0.01,219.64,261.25,0.17,16.9,16.9,1013.2,1013.2,0.0,0.0,85.13,78.53,21,15,6.4,6.5,94.1,94.0,6.3,6.4,240.2,234.2,1015.3,1015.3,474.6,357.89,1938.57,29.0814,14.1682,473.2,61.1,1497.172, NAN, NAN, NAN, NAN,,2024/04/18 13:01:49.106,2024-04-18 13:01:49.106000+00:00
2024/04/18, 13:02:49.106,35.95,-75.229, -0.04,220.19,312.23,0.02,16.9,16.9,1013.2,1013.2,0.0,0.0,85.13,78.53,20,13,6.8,6.3,94.3,94.4,6.8,6.3,240.1,233.1,1015.3,1015.3,476.93,358.0,1940.66,29.2129,14.171,474.2,60.9,1497.335, NAN, NAN, NAN, NAN,,2024/04/18 13:02:49.106,2024-04-18 13:02:49.106000+00:00
2024/04/18, 13:03:49.106,35.949,-75.229, 1.25,205.6,222.0,1.59,16.9,16.9,1013.2,1013.1,0.0,0.0,85.13,78.53,18,16,7.1,7.3,94.3,94.4,6.3,6.5,225.3,223.0,1015.3,1015.2,491.21,358.03,1951.3,29.1637,14.1743,473.6,60.9,1497.288, NAN, NAN, NAN, NAN,,2024/04/18 13:03:49.106,2024-04-18 13:03:49.106000+00:00
2024/04/18, 13:04:49.106,35.949,-75.229, 2.88,150.65,166.27,2.75,16.9,16.9,1013.0,1013.1,0.0,0.0,85.13,78.53,56,53,8.0,9.1,93.9,94.0,7.0,8.1,214.5,210.1,1015.1,1015.2,472.0,358.46,1993.78,29.099,14.1752,474.8,60.9,1497.215, NAN, NAN, NAN, NAN,,2024/04/18 13:04:49.106,2024-04-18 13:04:49.106000+00:00
2024/04/18, 13:05:49.106,35.948,-75.228, 3.37,85.28,108.3,3.39,16.9,16.9,1013.0,1013.1,0.0,0.0,85.13,78.53,124,122,6.0,5.5,93.9,94.1,6.7,6.1,223.9,223.4,1015.1,1015.2,446.41,359.1,2012.64,29.048,14.1838,474.5,60.8,1497.184, NAN, NAN, NAN, NAN,,2024/04/18 13:05:49.106,2024-04-18 13:05:49.106000+00:00
2024/04/18, 13:06:49.106,35.949,-75.227, 4.65,83.43,83.56,4.98,16.8,16.9,1013.2,1013.1,0.0,0.0,85.13,78.53,133,136,4.7,4.6,92.8,93.0,6.7,6.7,233.1,235.3,1015.3,1015.2,401.32,359.02,2008.74,29.0895,14.2036,476.9,60.8,1497.298, NAN, NAN, NAN, NAN,,2024/04/18 13:06:49.106,2024-04-18 13:06:49.106000+00:00
2024/04/18, 13:07:49.106,35.949,-75.225, 6.90,87.55,89.65,6.96,16.7,16.8,1013.2,1013.2,0.0,0.0,85.13,78.53,122,121,3.9,4.2,92.7,92.7,6.5,6.7,237.6,235.9,1015.3,1015.3,423.82,358.66,2015.19,29.0596,14.2225,469.1,61.0,1497.325, NAN, NAN, NAN, NAN,,2024/04/18 13:07:49.106,2024-04-18 13:07:49.106000+00:00
2024/04/18, 13:08:49.106,35.949,-75.222, 9.33,88.69,91.18,9.36,16.6,16.7,1013.2,1013.1,0.0,0.0,85.13,78.53,104,102,4.0,3.9,93.2,93.4,6.9,6.7,235.4,235.2,1015.3,1015.2,429.46,359.3,2018.47,29.0406,14.2406,464.4,61.0,1497.362, NAN, NAN, NAN, NAN,,2024/04/18 13:08:49.106,2024-04-18 13:08:49.106000+00:00
2024/04/18, 13:09:49.106,35.949,-75.219, 10.38,88.19,90.27,10.22,16.6,16.6,1013.2,1013.2,0.0,0.0,85.13,78.53,85,75,3.6,4.3,94.2,94.1,6.1,5.8,232.8,223.7,1015.3,1015.3,431.77,359.33,2023.66,29.0339,14.2757,465.4,61.0,1497.469, NAN, NAN, NAN, NAN,,2024/04/18 13:09:49.106,2024-04-18 13:09:49.106000+00:00
2024/04/18, 13:10:49.106,35.949,-75.215, 10.78,87.9,88.97,10.64,16.6,16.6,1013.2,1013.2,0.0,0.0,85.13,78.53,78,70,3.6,4.3,94.2,94.1,5.8,5.6,232.2,223.5,1015.3,1015.3,427.71,359.36,2025.25,29.0415,14.3172,466.0,61.0,1497.614, NAN, NAN, NAN, NAN,,2024/04/18 13:10:49.106,2024-04-18 13:10:49.106000+00:00
2024/04/18, 13:11:49.107,35.949,-75.211, 10.98,87.04,88.45,11.04,16.6,16.6,1013.2,1013.2,0.0,0.0,85.13,78.53,71,61,3.3,4.3,94.2,94.1,5.5,5.1,234.0,221.7,1015.3,1015.3,424.07,359.34,2025.75,29.0553,14.3832,463.2,61.4,1497.846, NAN, NAN, NAN, NAN,,2024/04/18 13:11:49.107,2024-04-18 13:11:49.107000+00:00
2024/04/18, 13:12:49.107,35.949,-75.207, 10.96,88.65,88.21,11.04,16.6,16.6,1013.3,1013.3,0.0,0.0,85.13,78.53,61,57,3.3,4.4,94.0,94.2,5.0,5.0,233.0,220.0,1015.4,1015.4,426.06,358.68,2028.95,29.0879,14.4191,463.8,61.2,1498.001, NAN, NAN, NAN, NAN,,2024/04/18 13:12:49.107,2024-04-18 13:12:49.107000+00:00
2024/04/18, 13:13:49.107,35.949,-75.204, 10.92,88.03,89.46,10.7,16.6,16.6,1013.3,1013.3,0.0,0.0,85.13,78.53,55,48,3.6,4.9,94.0,94.2,4.4,4.1,229.1,210.7,1015.4,1015.4,436.1,358.3,2031.38,29.1181,14.3716,462.4,61.4,1497.881, NAN, NAN, NAN, NAN,,2024/04/18 13:13:49.107,2024-04-18 13:13:49.107000+00:00
2024/04/18, 13:14:49.107,35.949,-75.2, 10.96,88.11,91.09,10.78,16.6,16.6,1013.3,1013.3,0.0,0.0,85.13,78.53,53,46,3.3,4.6,94.2,94.3,4.4,4.0,232.5,214.1,1015.4,1015.4,436.72,358.57,2037.11,29.1486,14.3262,462.0,61.3,1497.768, NAN, NAN, NAN, NAN,,2024/04/18 13:14:49.107,2024-04-18 13:14:49.107000+00:00
2024/04/18, 13:15:49.107,35.949,-75.196, 10.90,87.28,84.18,11.13,16.6,16.6,1013.3,1013.3,0.0,0.0,85.13,78.53,52,42,3.2,5.0,94.1,94.3,4.5,3.8,234.1,208.8,1015.4,1015.4,432.32,358.54,2040.33,29.192,14.3203,462.0,61.1,1497.8, NAN, NAN, NAN, NAN,,2024/04/18 13:15:49.107,2024-04-18 13:15:49.107000+00:00
2024/04/18, 13:16:49.107,35.949,-75.192, 10.82,87.49,89.69,11.12,16.6,16.6,1013.3,1013.3,0.0,0.0,85.13,78.53,56,50,3.2,4.6,94.1,94.3,4.6,4.3,235.4,217.1,1015.4,1015.4,434.58,358.57,2044.1,29.2603,14.3222,459.3,61.3,1497.886, NAN, NAN, NAN, NAN,,2024/04/18 13:16:49.107,2024-04-18 13:16:49.107000+00:00
2024/04/18, 13:17:49.107,35.949,-75.189, 9.27,87.64,89.21,10.92,16.6,16.6,1013.4,1013.3,0.0,0.0,85.13,78.53,68,52,3.2,4.3,94.2,94.4,5.3,4.4,234.8,219.8,1015.5,1015.4,435.94,358.89,2048.8,29.303,14.3048,460.8,61.3,1497.879, NAN, NAN, NAN, NAN,,2024/04/18 13:17:49.107,2024-04-18 13:17:49.107000+00:00
2024/04/18, 13:18:49.107,35.949,-75.185, 10.89,87.72,90.05,10.91,16.6,16.6,1013.3,1013.3,0.0,0.0,85.13,78.53,75,63,3.1,4.2,94.3,94.5,5.6,5.1,237.4,223.8,1015.4,1015.4,437.26,359.26,2052.03,29.3327,14.2932,459.3,61.3,1497.875, NAN, NAN, NAN, NAN,,2024/04/18 13:18:49.107,2024-04-18 13:18:49.107000+00:00
2024/04/18, 13:19:49.107,35.949,-75.181, 11.00,88.4,90.0,11.12,16.7,16.7,1013.3,1013.2,0.0,0.0,85.13,78.53,79,70,3.4,4.3,94.2,94.3,6.0,5.8,236.3,225.9,1015.4,1015.3,436.07,358.86,2054.08,29.355,14.2925,459.0,61.1,1497.899, NAN, NAN, NAN, NAN,,2024/04/18 13:19:49.107,2024-04-18 13:19:49.107000+00:00
2024/04/18, 13:20:49.107,35.949,-75.177, 10.98,87.85,90.11,10.87,16.7,16.7,1013.3,1013.3,0.0,0.0,85.13,78.53,86,74,3.4,4.3,94.1,94.3,6.2,5.8,237.6,226.6,1015.4,1015.4,439.54,359.04,2060.73,29.3701,14.2994,459.0,61.2,1497.939, NAN, NAN, NAN, NAN,,2024/04/18 13:20:49.107,2024-04-18 13:20:49.107000+00:00
2024/04/18, 13:21:49.107,35.949,-75.174, 11.01,87.71,89.65,11.06,16.7,16.7,1013.3,1013.2,0.0,0.0,85.13,78.53,85,80,3.4,4.0,94.1,94.2,6.3,6.3,236.6,230.4,1015.4,1015.3,441.05,359.29,2062.8,29.3782,14.3033,458.0,61.2,1497.962, NAN, NAN, NAN, NAN,,2024/04/18 13:21:49.107,2024-04-18 13:21:49.107000+00:00
2024/04/18, 13:22:49.107,35.949,-75.17, 11.03,87.96,90.01,10.97,16.7,16.7,1013.4,1013.2,0.0,0.0,85.13,78.53,89,81,3.6,4.1,94.0,94.2,6.5,6.3,237.0,230.8,1015.5,1015.3,442.58,359.59,2066.6,29.3914,14.3098,457.1,61.4,1497.998, NAN, NAN, NAN, NAN,,2024/04/18 13:22:49.107,2024-04-18 13:22:49.107000+00:00
2024/04/18, 13:23:49.107,35.949,-75.166, 10.96,87.32,90.34,10.52,16.8,16.7,1013.2,1013.2,0.0,0.0,85.13,78.53,97,86,3.6,3.8,94.0,94.2,6.8,6.3,236.9,231.9,1015.3,1015.3,450.17,359.58,2069.03,29.4091,14.3238,456.4,61.1,1498.065, NAN, NAN, NAN, NAN,,2024/04/18 13:23:49.107,2024-04-18 13:23:49.107000+00:00
2024/04/18, 13:24:49.107,35.949,-75.162, 10.83,85.23,89.63,10.96,16.8,16.8,1013.2,1013.0,0.0,0.0,85.13,78.53,95,85,3.7,4.1,94.0,94.3,6.8,6.4,236.0,230.0,1015.3,1015.1,449.08,359.07,2071.74,29.4464,14.3343,457.7,61.1,1498.143, NAN, NAN, NAN, NAN,,2024/04/18 13:24:49.107,2024-04-18 13:24:49.107000+00:00
2024/04/18, 13:25:49.107,35.949,-75.159, 10.93,85.19,87.79,10.89,16.8,16.8,1013.3,1013.2,0.0,0.0,85.13,78.53,88,83,3.5,3.9,93.8,94.0,6.4,6.3,234.3,229.7,1015.4,1015.3,461.15,359.01,2073.88,29.469,14.351,456.1,61.3,1498.224, NAN, NAN, NAN, NAN,,2024/04/18 13:25:49.107,2024-04-18 13:25:49.107000+00:00
2024/04/18, 13:26:49.107,35.95,-75.155, 11.00,86.47,92.46,11.09,16.8,16.8,1013.2,1013.2,0.0,0.0,85.13,78.53,86,78,3.7,4.1,93.4,93.7,6.4,6.1,234.4,228.9,1015.3,1015.3,461.44,358.9,2075.68,29.5163,14.3606,454.7,61.1,1498.31, NAN, NAN, NAN, NAN,,2024/04/18 13:26:49.107,2024-04-18 13:26:49.107000+00:00
2024/04/18, 13:27:49.108,35.95,-75.151, 10.96,85.79,85.08,11.02,16.8,16.8,1013.3,1013.3,0.0,0.0,85.13,78.53,86,76,3.5,4.1,93.3,93.7,6.4,6.1,233.7,226.0,1015.4,1015.4,472.24,358.81,2077.56,29.5359,14.3721,454.4,61.3,1498.371, NAN, NAN, NAN, NAN,,2024/04/18 13:27:49.108,2024-04-18 13:27:49.108000+00:00
2024/04/18, 13:28:49.108,35.95,-75.147, 10.82,89.02,85.95,10.69,16.8,16.8,1013.4,1013.3,0.0,0.0,85.13,78.53,89,78,3.5,4.1,93.3,93.7,6.6,6.3,234.3,226.4,1015.5,1015.4,471.83,359.03,2082.03,29.5563,14.3915,455.0,61.2,1498.458, NAN, NAN, NAN, NAN,,2024/04/18 13:28:49.108,2024-04-18 13:28:49.108000+00:00
2024/04/18, 13:29:49.108,35.95,-75.144, 10.86,89.19,89.7,10.82,16.8,16.8,1013.2,1013.2,0.0,0.0,85.13,78.53,86,81,3.7,4.4,93.4,93.8,6.4,6.4,235.3,228.3,1015.3,1015.3,468.83,358.88,2086.38,29.5588,14.3986,457.1,61.3,1498.484, NAN, NAN, NAN, NAN,,2024/04/18 13:29:49.108,2024-04-18 13:29:49.108000+00:00
2024/04/18, 13:30:49.108,35.95,-75.14, 10.85,90.28,91.79,10.9,16.8,16.8,1013.2,1013.2,0.0,0.0,85.13,78.53,87,79,3.7,4.3,93.5,94.0,6.5,6.3,236.3,229.2,1015.3,1015.3,479.54,358.43,2088.79,29.5451,14.4023,457.1,61.2,1498.48, NAN, NAN, NAN, NAN,,2024/04/18 13:30:49.108,2024-04-18 13:30:49.108000+00:00
2024/04/18, 13:31:49.108,35.95,-75.136, 10.90,86.9,85.79,10.75,16.8,16.8,1013.3,1013.2,0.0,0.0,85.13,78.53,87,79,3.6,4.3,93.4,93.8,6.4,6.3,233.3,225.3,1015.4,1015.3,493.97,358.4,2089.68,29.548,14.4002,456.8,61.4,1498.476, NAN, NAN, NAN, NAN,,2024/04/18 13:31:49.108,2024-04-18 13:31:49.108000+00:00
2024/04/18, 13:32:49.108,35.95,-75.133, 10.92,87.79,87.74,10.95,16.8,16.8,1013.3,1013.2,0.0,0.0,85.13,78.53,81,74,3.8,4.4,93.4,93.8,6.2,6.0,232.0,224.8,1015.4,1015.3,499.19,358.37,2093.49,29.5434,14.389,456.8,61.2,1498.434, NAN, NAN, NAN, NAN,,2024/04/18 13:32:49.108,2024-04-18 13:32:49.108000+00:00
2024/04/18, 13:33:49.108,35.95,-75.129, 9.93,85.81,87.3,9.88,16.8,16.7,1013.3,1013.2,0.0,0.0,85.13,78.53,97,85,3.4,4.0,93.2,93.6,6.4,6.1,235.3,226.7,1015.4,1015.3,510.07,358.29,2095.32,29.5352,14.38,457.7,61.0,1498.396, NAN, NAN, NAN, NAN,,2024/04/18 13:33:49.108,2024-04-18 13:33:49.108000+00:00
2024/04/18, 13:34:49.108,35.95,-75.126, 8.80,94.35,92.05,8.61,16.8,16.7,1013.3,1013.2,0.0,0.0,85.13,78.53,106,96,3.5,3.4,93.3,93.8,6.6,6.1,238.8,235.3,1015.4,1015.3,521.17,357.95,2098.41,29.5283,14.367,456.0,61.1,1498.345, NAN, NAN, NAN, NAN,,2024/04/18 13:34:49.108,2024-04-18 13:34:49.108000+00:00
2024/04/18, 13:35:49.108,35.949,-75.125, 1.75,197.95,173.3,2.23,16.7,16.7,1013.3,1013.3,0.0,0.0,85.13,78.53,50,51,7.8,8.9,93.2,93.6,7.6,8.7,256.3,256.3,1015.4,1015.4,593.62,355.33,2084.32,29.5289,14.3583,457.7,61.3,1498.317, NAN, NAN, NAN, NAN,,2024/04/18 13:35:49.108,2024-04-18 13:35:49.108000+00:00
2024/04/18, 13:36:49.108,35.949,-75.125, 0.22,224.21,96.13,0.34,16.7,16.7,1013.2,1013.2,0.0,0.0,85.13,78.53,16,12,7.3,7.1,93.9,94.3,7.3,7.1,241.5,237.6,1015.3,1015.3,603.18,355.44,2055.99,29.531,14.3623,457.7,61.0,1498.333, NAN, NAN, NAN, NAN,,2024/04/18 13:36:49.108,2024-04-18 13:36:49.108000+00:00
2024/04/18, 13:37:49.108,35.949,-75.124, 0.07,222.17,254.2,0.09,16.8,16.8,1013.2,1013.3,0.0,0.0,85.13,78.53,20,13,6.7,6.5,94.3,94.9,6.7,6.5,242.3,235.3,1015.3,1015.4,613.9,356.36,2059.69,29.5394,14.3666,456.1,61.0,1498.357, NAN, NAN, NAN, NAN,,2024/04/18 13:37:49.108,2024-04-18 13:37:49.108000+00:00
2024/04/18, 13:38:49.108,35.949,-75.124, -0.09,223.79,256.54,0.1,16.9,16.9,1013.3,1013.2,0.0,0.0,85.13,78.53,20,16,6.5,6.5,94.2,94.7,6.5,6.5,243.7,239.6,1015.4,1015.3,613.69,356.25,2060.36,29.5226,14.3497,452.9,61.0,1498.282, NAN, NAN, NAN, NAN,,2024/04/18 13:38:49.108,2024-04-18 13:38:49.108000+00:00
2024/04/18, 13:39:49.108,35.949,-75.124, 0.08,222.22,231.29,0.19,17.0,16.9,1013.4,1013.3,0.0,0.0,85.13,78.53,20,14,6.6,6.2,93.4,94.0,6.5,6.1,241.9,235.8,1015.5,1015.4,616.07,355.68,2062.61,29.5518,14.3226,454.7,61.0,1498.227, NAN, NAN, NAN, NAN,,2024/04/18 13:39:49.108,2024-04-18 13:39:49.108000+00:00
2024/04/18, 13:40:49.108,35.949,-75.124, -0.03,223.39,305.19,0.28,17.0,17.0,1013.3,1013.3,0.0,0.0,85.13,78.53,19,14,6.5,6.2,92.7,93.2,6.4,6.2,241.2,236.1,1015.4,1015.4,617.29,355.84,2062.11,29.5776,14.3358,459.0,61.0,1498.301, NAN, NAN, NAN, NAN,,2024/04/18 13:40:49.108,2024-04-18 13:40:49.108000+00:00
2024/04/18, 13:41:49.108,35.949,-75.124, -0.02,223.36,194.51,0.34,17.0,16.9,1013.2,1013.3,0.0,0.0,85.13,78.53,21,16,6.5,6.0,92.3,92.8,6.5,6.0,245.9,241.0,1015.3,1015.4,622.67,355.39,2064.45,29.6341,14.3539,462.8,60.9,1498.426, NAN, NAN, NAN, NAN,,2024/04/18 13:41:49.108,2024-04-18 13:41:49.108000+00:00
2024/04/18, 13:42:49.109,35.949,-75.124, -0.02,224.11,105.91,0.35,16.9,16.9,1013.3,1013.3,0.0,0.0,85.13,78.53,22,16,7.0,6.6,92.0,92.3,7.1,6.7,247.3,241.4,1015.4,1015.4,624.64,356.26,2065.79,29.7045,14.3687,469.9,61.0,1498.556, NAN, NAN, NAN, NAN,,2024/04/18 13:42:49.109,2024-04-18 13:42:49.109000+00:00
2024/04/18, 13:43:49.109,35.949,-75.124, 0.03,222.63,151.43,0.16,16.8,16.8,1013.2,1013.2,0.0,0.0,85.13,78.53,22,17,7.4,7.1,92.8,93.0,7.4,7.1,245.2,240.2,1015.3,1015.3,630.16,357.78,2070.56,29.5883,14.3668,461.4,61.1,1498.414, NAN, NAN, NAN, NAN,,2024/04/18 13:43:49.109,2024-04-18 13:43:49.109000+00:00
2024/04/18, 13:44:49.109,35.949,-75.124, 0.00,222.8,301.01,0.34,16.9,16.9,1013.3,1013.2,0.0,0.0,85.13,78.53,22,17,7.2,6.8,93.6,93.9,7.1,6.7,243.5,238.4,1015.4,1015.3,628.56,358.06,2076.44,29.5488,14.3622,459.8,61.0,1498.353, NAN, NAN, NAN, NAN,,2024/04/18 13:44:49.109,2024-04-18 13:44:49.109000+00:00
2024/04/18, 13:45:49.109,35.949,-75.124, 0.00,222.53,275.5,0.19,17.0,17.0,1013.3,1013.3,0.0,0.0,85.13,78.53,22,17,7.1,6.9,93.2,93.6,7.1,6.9,243.7,238.7,1015.4,1015.4,633.11,357.89,2079.18,29.5299,14.3709,459.0,61.0,1498.36, NAN, NAN, NAN, NAN,,2024/04/18 13:45:49.109,2024-04-18 13:45:49.109000+00:00
2024/04/18, 13:46:49.109,35.949,-75.124, -0.01,222.53,131.98,0.28,17.1,17.1,1013.3,1013.3,0.0,0.0,85.13,78.53,22,17,7.1,6.6,92.2,92.6,7.2,6.6,245.6,240.7,1015.4,1015.4,636.59,358.02,2078.03,29.5164,14.3773,458.4,60.9,1498.365, NAN, NAN, NAN, NAN,,2024/04/18 13:46:49.109,2024-04-18 13:46:49.109000+00:00
2024/04/18, 13:47:49.109,35.949,-75.124, -0.01,222.25,327.58,0.11,17.1,17.1,1013.2,1013.3,0.0,0.0,85.13,78.53,24,19,6.5,6.3,91.6,91.9,6.5,6.3,245.8,240.7,1015.3,1015.4,636.9,356.95,2078.22,29.5098,14.3788,459.3,60.9,1498.362, NAN, NAN, NAN, NAN,,2024/04/18 13:47:49.109,2024-04-18 13:47:49.109000+00:00
2024/04/18, 13:48:49.109,35.949,-75.124, 0.02,224.41,107.87,0.32,17.0,17.1,1013.3,1013.3,0.0,0.0,85.13,78.53,23,19,6.4,6.8,91.0,91.5,6.5,6.9,248.4,244.4,1015.4,1015.4,641.31,357.9,2080.46,29.5078,14.3636,458.7,60.9,1498.31, NAN, NAN, NAN, NAN,,2024/04/18 13:48:49.109,2024-04-18 13:48:49.109000+00:00
2024/04/18, 13:49:49.109,35.949,-75.124, 0.11,222.6,56.56,0.34,17.0,17.0,1013.3,1013.2,0.0,0.0,85.13,78.53,24,21,6.0,6.5,91.5,91.7,6.1,6.6,247.9,244.9,1015.4,1015.3,638.86,358.01,2086.11,29.5215,14.3371,461.4,60.9,1498.239, NAN, NAN, NAN, NAN,,2024/04/18 13:49:49.109,2024-04-18 13:49:49.109000+00:00
2024/04/18, 13:50:49.109,35.949,-75.124, -0.02,221.61,178.32,0.15,17.0,17.0,1013.3,1013.2,0.0,0.0,85.13,78.53,29,25,7.2,6.8,91.4,91.7,7.2,6.8,251.1,247.2,1015.4,1015.3,646.7,358.69,2092.12,29.5857,14.2959,469.1,61.0,1498.18, NAN, NAN, NAN, NAN,,2024/04/18 13:50:49.109,2024-04-18 13:50:49.109000+00:00
2024/04/18, 13:51:49.109,35.949,-75.124, 0.02,223.81,15.29,0.07,17.0,17.0,1013.3,1013.3,0.0,0.0,85.13,78.53,28,23,7.0,6.8,91.4,92.3,7.0,6.8,251.6,246.6,1015.4,1015.4,656.06,358.85,2093.11,29.5718,14.2912,462.7,61.1,1498.148, NAN, NAN, NAN, NAN,,2024/04/18 13:51:49.109,2024-04-18 13:51:49.109000+00:00
2024/04/18, 13:52:49.109,35.949,-75.124, -0.09,224.05,243.75,0.62,17.1,17.1,1013.3,1013.3,0.0,0.0,85.13,78.53,26,22,6.6,6.4,91.8,92.2,6.3,6.1,251.0,246.8,1015.4,1015.4,661.62,358.33,2094.02,29.5897,14.3203,461.7,61.0,1498.264, NAN, NAN, NAN, NAN,,2024/04/18 13:52:49.109,2024-04-18 13:52:49.109000+00:00
2024/04/18, 13:53:49.109,35.949,-75.125, 3.04,255.55,248.17,3.84,17.2,17.2,1013.3,1013.4,0.0,0.0,85.13,78.53,4,4,7.4,7.3,91.1,91.3,5.5,5.4,263.7,263.8,1015.4,1015.5,636.53,358.06,2075.87,29.6024,14.3548,463.2,61.0,1498.392, NAN, NAN, NAN, NAN,,2024/04/18 13:53:49.109,2024-04-18 13:53:49.109000+00:00
2024/04/18, 13:54:49.109,35.949,-75.127, 5.33,300.23,295.15,6.02,17.1,17.1,1013.4,1013.4,0.0,0.0,85.13,78.53,333,331,7.4,8.0,90.4,90.7,4.5,5.2,261.4,259.8,1015.5,1015.5,645.09,358.01,2057.93,29.5736,14.3694,460.4,60.9,1498.406, NAN, NAN, NAN, NAN,,2024/04/18 13:54:49.109,2024-04-18 13:54:49.109000+00:00
2024/04/18, 13:55:49.109,35.95,-75.128, 7.46,335.09,332.1,7.82,17.0,17.0,1013.4,1013.3,0.0,0.0,85.13,78.53,306,308,7.6,8.8,90.3,90.5,5.9,6.8,249.5,257.0,1015.5,1015.4,648.11,359.35,2057.49,29.5521,14.3907,457.1,61.0,1498.45, NAN, NAN, NAN, NAN,,2024/04/18 13:55:49.109,2024-04-18 13:55:49.109000+00:00
2024/04/18, 13:56:49.109,35.952,-75.129, 8.76,0.25,0.83,9.05,17.0,17.0,1013.5,1013.4,0.0,0.0,85.13,78.53,291,296,6.2,7.2,90.5,90.7,6.3,6.7,247.6,257.3,1015.6,1015.5,637.91,360.23,2067.48,29.5807,14.4009,459.3,61.3,1498.517, NAN, NAN, NAN, NAN,,2024/04/18 13:56:49.109,2024-04-18 13:56:49.109000+00:00
2024/04/18, 13:57:49.109,35.955,-75.128, 9.38,39.65,41.69,9.28,16.9,16.9,1013.5,1013.4,0.0,0.0,85.13,78.53,262,275,3.1,4.2,90.9,90.9,5.9,6.0,248.7,262.0,1015.6,1015.5,614.14,360.91,2089.63,29.6016,14.3957,456.4,61.5,1498.524, NAN, NAN, NAN, NAN,,2024/04/18 13:57:49.109,2024-04-18 13:57:49.109000+00:00
2024/04/18, 13:58:49.110,35.956,-75.126, 9.52,67.6,69.63,9.72,16.9,16.9,1013.5,1013.4,0.0,0.0,85.13,78.53,139,147,1.5,1.4,91.3,91.4,6.2,6.2,239.0,241.0,1015.6,1015.5,646.59,361.18,2122.04,29.5654,14.3884,456.0,61.4,1498.458, NAN, NAN, NAN, NAN,,2024/04/18 13:58:49.110,2024-04-18 13:58:49.110000+00:00
2024/04/18, 13:59:49.110,35.957,-75.122, 10.01,97.51,102.11,10.06,16.9,16.9,1013.5,1013.4,0.0,0.0,85.13,78.53,97,102,3.2,2.7,91.2,91.1,6.5,6.4,246.7,251.6,1015.6,1015.5,594.41,361.32,2150.72,29.5152,14.3822,456.4,61.5,1498.379, NAN, NAN, NAN, NAN,,2024/04/18 13:59:49.110,2024-04-18 13:59:49.110000+00:00
2024/04/18, 14:00:49.110,35.956,-75.119, 10.36,94.88,101.43,10.38,16.9,16.9,1013.5,1013.5,0.0,0.0,85.13,78.53,93,84,3.1,3.7,91.7,91.9,6.1,6.0,248.3,240.9,1015.6,1015.6,670.65,361.13,2155.36,29.483,14.3875,456.0,61.2,1498.359, NAN, NAN, NAN, NAN,,2024/04/18 14:00:49.110,2024-04-18 14:00:49.110000+00:00
2024/04/18, 14:01:49.110,35.956,-75.115, 10.63,93.5,94.09,10.57,17.0,16.9,1013.5,1013.5,0.0,0.0,85.13,78.53,96,84,3.2,3.9,91.2,91.4,6.5,6.3,245.8,236.9,1015.6,1015.6,676.49,360.73,2155.51,29.4845,14.3987,458.7,61.2,1498.397, NAN, NAN, NAN, NAN,,2024/04/18 14:01:49.110,2024-04-18 14:01:49.110000+00:00
2024/04/18, 14:02:49.110,35.956,-75.112, 10.63,91.7,95.08,10.72,16.9,16.9,1013.6,1013.4,0.0,0.0,85.13,78.53,95,81,3.2,3.4,90.9,91.1,6.4,5.8,245.4,240.4,1015.7,1015.5,649.61,360.52,2156.28,29.4632,14.3986,458.0,61.1,1498.372, NAN, NAN, NAN, NAN,,2024/04/18 14:02:49.110,2024-04-18 14:02:49.110000+00:00
2024/04/18, 14:03:49.110,35.956,-75.108, 10.71,90.32,90.03,10.58,16.9,16.9,1013.4,1013.5,0.0,0.0,85.13,78.53,101,88,2.9,3.1,90.9,91.1,6.6,6.1,246.0,241.3,1015.5,1015.6,634.84,360.58,2158.26,29.4441,14.3973,455.3,61.2,1498.346, NAN, NAN, NAN, NAN,,2024/04/18 14:03:49.110,2024-04-18 14:03:49.110000+00:00
2024/04/18, 14:04:49.110,35.956,-75.104, 10.71,91.35,93.33,10.69,16.9,16.9,1013.5,1013.5,0.0,0.0,85.13,78.53,89,76,3.1,3.9,91.0,91.3,6.2,5.8,243.3,233.2,1015.6,1015.6,642.35,360.63,2160.52,29.4388,14.3982,452.9,61.1,1498.342, NAN, NAN, NAN, NAN,,2024/04/18 14:04:49.110,2024-04-18 14:04:49.110000+00:00
2024/04/18, 14:05:49.110,35.955,-75.101, 10.66,91.78,90.53,10.71,16.9,16.9,1013.5,1013.5,0.0,0.0,85.13,78.53,91,80,3.0,3.5,91.2,91.5,6.2,5.9,244.7,237.9,1015.6,1015.6,659.52,360.68,2162.92,29.4445,14.4098,452.6,61.2,1498.387, NAN, NAN, NAN, NAN,,2024/04/18 14:05:49.110,2024-04-18 14:05:49.110000+00:00
2024/04/18, 14:06:49.110,35.955,-75.097, 10.59,91.54,90.94,10.57,16.9,16.9,1013.5,1013.5,0.0,0.0,85.13,78.53,92,79,3.0,3.6,91.2,91.5,6.3,6.0,242.6,234.4,1015.6,1015.6,634.02,361.13,2164.71,29.4688,14.4351,452.9,61.2,1498.498, NAN, NAN, NAN, NAN,,2024/04/18 14:06:49.110,2024-04-18 14:06:49.110000+00:00
2024/04/18, 14:07:49.110,35.955,-75.093, 9.95,90.74,96.44,10.71,16.9,16.9,1013.4,1013.4,0.0,0.0,85.13,78.53,87,78,3.1,3.8,91.3,91.7,6.0,5.8,243.3,235.0,1015.5,1015.5,627.59,360.34,2165.26,29.5121,14.4547,451.6,61.1,1498.612, NAN, NAN, NAN, NAN,,2024/04/18 14:07:49.110,2024-04-18 14:07:49.110000+00:00
2024/04/18, 14:08:49.110,35.955,-75.09, 9.49,92.91,95.03,10.68,16.9,16.8,1013.6,1013.6,0.0,0.0,85.13,78.53,87,77,2.7,3.8,91.0,91.5,5.9,5.8,247.8,235.7,1015.7,1015.7,664.31,360.26,2167.1,29.5666,14.459,450.7,60.8,1498.69, NAN, NAN, NAN, NAN,,2024/04/18 14:08:49.110,2024-04-18 14:08:49.110000+00:00
2024/04/18, 14:09:49.110,35.955,-75.086, 9.33,91.7,96.31,10.67,16.9,16.8,1013.6,1013.6,0.0,0.0,85.13,78.53,85,78,2.9,3.7,91.2,91.6,5.8,5.8,245.1,236.3,1015.7,1015.7,656.02,360.53,2170.02,29.6231,14.4619,449.2,60.8,1498.765, NAN, NAN, NAN, NAN,,2024/04/18 14:09:49.110,2024-04-18 14:09:49.110000+00:00
2024/04/18, 14:10:49.110,35.954,-75.082, 10.69,90.96,93.8,10.84,16.9,16.8,1013.7,1013.6,0.0,0.0,85.13,78.53,86,77,3.0,3.5,91.2,91.6,6.1,5.8,243.1,236.8,1015.8,1015.7,639.78,360.5,2171.53,29.6645,14.4586,448.9,60.7,1498.803, NAN, NAN, NAN, NAN,,2024/04/18 14:10:49.110,2024-04-18 14:10:49.110000+00:00
2024/04/18, 14:11:49.110,35.954,-75.079, 10.66,92.25,90.3,10.75,16.9,16.8,1013.7,1013.6,0.0,0.0,85.13,78.53,83,71,2.6,3.6,91.3,91.8,5.8,5.5,246.7,235.0,1015.8,1015.7,642.31,360.41,2159.47,29.6903,14.4027,448.0,61.0,1498.651, NAN, NAN, NAN, NAN,,2024/04/18 14:11:49.110,2024-04-18 14:11:49.110000+00:00
2024/04/18, 14:12:49.110,35.954,-75.075, 10.54,92.21,89.57,10.74,16.9,16.8,1013.7,1013.5,0.0,0.0,85.13,78.53,80,73,2.7,3.5,91.2,91.7,5.6,5.5,245.6,236.7,1015.8,1015.6,646.24,360.1,2169.51,29.7073,14.3543,446.7,60.7,1498.513, NAN, NAN, NAN, NAN,,2024/04/18 14:12:49.110,2024-04-18 14:12:49.110000+00:00
2024/04/18, 14:13:49.110,35.954,-75.072, 10.64,92.11,89.86,10.7,16.8,16.8,1013.6,1013.6,0.0,0.0,85.13,78.53,83,71,2.7,3.4,91.1,91.6,5.9,5.5,244.0,235.3,1015.7,1015.7,646.39,360.51,2173.01,29.7236,14.3445,446.4,60.6,1498.5, NAN, NAN, NAN, NAN,,2024/04/18 14:13:49.110,2024-04-18 14:13:49.110000+00:00
2024/04/18, 14:14:49.111,35.954,-75.068, 10.72,91.69,91.72,10.57,16.8,16.8,1013.6,1013.6,0.0,0.0,85.13,78.53,84,69,2.4,3.4,91.4,91.9,5.7,5.2,247.7,235.5,1015.7,1015.7,642.58,360.94,2177.48,29.7332,14.317,448.0,60.0,1498.421, NAN, NAN, NAN, NAN,,2024/04/18 14:14:49.111,2024-04-18 14:14:49.111000+00:00
2024/04/18, 14:15:49.111,35.954,-75.064, 10.57,92.64,95.9,10.58,16.9,16.8,1013.7,1013.6,0.0,0.0,85.13,78.53,86,69,2.3,3.2,91.3,91.9,5.8,5.3,248.8,237.4,1015.8,1015.7,646.32,360.47,2179.35,29.738,14.0058,446.4,60.6,1497.406, NAN, NAN, NAN, NAN,,2024/04/18 14:15:49.111,2024-04-18 14:15:49.111000+00:00
2024/04/18, 14:16:49.111,35.953,-75.061, 10.52,94.31,94.84,10.43,16.9,16.8,1013.7,1013.6,0.0,0.0,85.13,78.53,86,71,2.5,3.2,91.1,91.7,5.7,5.2,249.4,240.0,1015.8,1015.7,676.32,360.68,2181.44,29.7403,13.8418,445.2,60.9,1496.867, NAN, NAN, NAN, NAN,,2024/04/18 14:16:49.111,2024-04-18 14:16:49.111000+00:00
2024/04/18, 14:17:49.111,35.953,-75.057, 10.59,94.09,91.96,10.63,16.9,16.8,1013.7,1013.7,0.0,0.0,85.13,78.53,80,63,2.4,3.6,91.1,91.5,5.6,5.0,248.4,233.6,1015.8,1015.8,682.5,360.06,2184.41,29.7614,13.7798,444.6,60.7,1496.687, NAN, NAN, NAN, NAN,,2024/04/18 14:17:49.111,2024-04-18 14:17:49.111000+00:00
2024/04/18, 14:18:49.111,35.953,-75.053, 10.59,93.66,97.78,10.6,16.8,16.8,1013.6,1013.6,0.0,0.0,85.13,78.53,81,78,2.1,2.5,90.9,91.5,5.5,5.4,253.0,248.6,1015.7,1015.7,664.73,360.0,2187.69,29.7737,13.7508,444.3,60.9,1496.605, NAN, NAN, NAN, NAN,,2024/04/18 14:18:49.111,2024-04-18 14:18:49.111000+00:00
2024/04/18, 14:19:49.111,35.953,-75.05, 10.45,94.3,91.9,10.75,16.8,16.8,1013.8,1013.6,0.0,0.0,85.13,78.53,82,69,2.6,3.5,91.0,91.5,5.8,5.4,248.1,237.2,1015.9,1015.7,674.1,359.81,2190.88,29.7804,13.7466,445.2,60.8,1496.599, NAN, NAN, NAN, NAN,,2024/04/18 14:19:49.111,2024-04-18 14:19:49.111000+00:00
2024/04/18, 14:20:49.111,35.952,-75.046, 10.52,93.92,90.46,10.61,16.8,16.7,1013.7,1013.5,0.0,0.0,85.13,78.53,79,63,2.5,3.5,91.1,91.8,5.6,5.0,247.1,234.5,1015.8,1015.6,661.47,359.25,2191.88,29.7977,13.7509,442.5,61.0,1496.633, NAN, NAN, NAN, NAN,,2024/04/18 14:20:49.111,2024-04-18 14:20:49.111000+00:00
2024/04/18, 14:21:49.111,35.952,-75.043, 9.48,93.8,92.71,10.64,16.8,16.7,1013.8,1013.6,0.0,0.0,85.13,78.53,81,66,2.5,3.6,91.1,91.4,5.7,5.2,247.6,234.2,1015.9,1015.7,673.62,358.75,2194.66,29.8146,13.7369,443.6,61.1,1496.607, NAN, NAN, NAN, NAN,,2024/04/18 14:21:49.111,2024-04-18 14:21:49.111000+00:00
2024/04/18, 14:22:49.111,35.952,-75.039, 9.09,96.43,102.3,10.45,16.7,16.7,1013.7,1013.7,0.0,0.0,85.13,78.53,66,53,2.7,3.9,90.4,91.1,4.8,4.2,248.7,232.7,1015.8,1015.8,683.14,358.34,2194.42,29.8192,13.7492,439.6,61.1,1496.653, NAN, NAN, NAN, NAN,,2024/04/18 14:22:49.111,2024-04-18 14:22:49.111000+00:00
2024/04/18, 14:23:49.111,35.952,-75.036, 8.60,95.0,99.92,9.5,16.6,16.6,1013.8,1013.8,0.0,0.0,85.13,78.53,76,57,2.4,3.8,90.6,91.1,4.8,4.1,248.6,228.2,1015.9,1015.9,702.59,357.74,2197.39,29.8223,13.7773,440.3,61.1,1496.75, NAN, NAN, NAN, NAN,,2024/04/18 14:23:49.111,2024-04-18 14:23:49.111000+00:00
2024/04/18, 14:24:49.111,35.951,-75.033, 3.22,139.66,122.85,6.79,16.6,16.5,1013.8,1013.7,0.0,0.0,85.13,78.53,80,77,4.2,4.2,90.7,91.4,5.7,5.6,257.2,255.5,1015.9,1015.8,720.51,357.72,2209.29,29.8223,13.7988,440.9,61.1,1496.821, NAN, NAN, NAN, NAN,,2024/04/18 14:24:49.111,2024-04-18 14:24:49.111000+00:00
2024/04/18, 14:25:49.111,35.95,-75.032, 0.00,198.55,184.01,2.43,16.5,16.4,1013.6,1013.7,0.0,0.0,85.13,78.53,48,45,6.8,8.2,90.9,91.3,6.5,7.8,257.0,252.1,1015.7,1015.8,745.22,353.66,2194.42,29.8208,13.7904,441.2,60.7,1496.791, NAN, NAN, NAN, NAN,,2024/04/18 14:25:49.111,2024-04-18 14:25:49.111000+00:00
2024/04/18, 14:26:49.111,35.95,-75.032, 0.02,223.4,171.7,0.65,16.4,16.3,1013.7,1013.6,0.0,0.0,85.13,78.53,27,22,6.6,6.2,91.5,91.8,6.6,6.2,253.3,248.5,1015.8,1015.7,748.62,356.0,2168.18,29.8205,13.7901,439.6,60.9,1496.79, NAN, NAN, NAN, NAN,,2024/04/18 14:26:49.111,2024-04-18 14:26:49.111000+00:00
2024/04/18, 14:27:49.111,35.95,-75.032, -0.05,226.57,110.01,0.56,16.5,16.4,1013.7,1013.6,0.0,0.0,85.13,78.53,26,21,6.3,6.0,93.7,94.1,6.4,6.1,254.9,250.2,1015.8,1015.7,751.41,355.5,2167.64,29.8243,13.7958,437.2,60.9,1496.813, NAN, NAN, NAN, NAN,,2024/04/18 14:27:49.111,2024-04-18 14:27:49.111000+00:00
2024/04/18, 14:28:49.111,35.95,-75.032, 0.01,235.42,106.25,0.51,16.5,16.4,1013.5,1013.6,0.0,0.0,85.13,78.53,16,10,6.7,6.5,92.9,94.3,6.9,6.7,252.9,247.2,1015.6,1015.7,758.1,357.02,2158.43,29.8279,13.7992,438.5,60.8,1496.829, NAN, NAN, NAN, NAN,,2024/04/18 14:28:49.111,2024-04-18 14:28:49.111000+00:00
2024/04/18, 14:29:49.111,35.95,-75.032, 0.22,235.39,260.37,0.24,16.7,16.7,1013.5,1013.5,0.0,0.0,85.13,78.53,15,9,6.5,6.5,93.8,94.0,6.4,6.4,250.5,244.4,1015.6,1015.6,760.15,357.28,2159.22,29.8288,13.8003,438.8,60.8,1496.834, NAN, NAN, NAN, NAN,,2024/04/18 14:29:49.111,2024-04-18 14:29:49.111000+00:00
2024/04/18, 14:30:49.112,35.95,-75.032, 0.01,234.52,171.12,0.26,16.8,16.8,1013.6,1013.7,0.0,0.0,85.13,78.53,17,12,6.4,6.1,93.0,93.6,6.3,6.0,250.9,245.8,1015.7,1015.8,763.23,356.59,2157.39,29.8323,13.791,442.5,60.9,1496.807, NAN, NAN, NAN, NAN,,2024/04/18 14:30:49.112,2024-04-18 14:30:49.112000+00:00
2024/04/18, 14:31:49.112,35.95,-75.032, -0.16,230.03,345.33,0.25,16.8,16.8,1013.6,1013.7,0.0,0.0,85.13,78.53,19,15,6.4,6.2,91.6,91.8,6.4,6.2,247.9,243.8,1015.7,1015.8,757.02,356.88,2164.43,29.8674,13.8176,458.0,60.9,1496.936, NAN, NAN, NAN, NAN,,2024/04/18 14:31:49.112,2024-04-18 14:31:49.112000+00:00
2024/04/18, 14:32:49.112,35.95,-75.032, 0.10,229.21,315.27,0.23,16.7,16.8,1013.6,1013.6,0.0,0.0,85.13,78.53,25,19,6.6,6.2,91.9,91.9,6.5,6.1,254.0,247.9,1015.7,1015.7,761.59,357.52,2166.56,29.8716,13.809,458.4,60.9,1496.913, NAN, NAN, NAN, NAN,,2024/04/18 14:32:49.112,2024-04-18 14:32:49.112000+00:00
2024/04/18, 14:33:49.112,35.95,-75.032, -0.01,226.9,82.33,0.36,16.8,16.8,1013.7,1013.6,0.0,0.0,85.13,78.53,25,22,5.5,6.2,92.4,92.5,5.7,6.4,252.8,249.7,1015.8,1015.7,761.9,358.58,2169.21,29.8668,13.801,454.7,60.9,1496.88, NAN, NAN, NAN, NAN,,2024/04/18 14:33:49.112,2024-04-18 14:33:49.112000+00:00
2024/04/18, 14:34:49.112,35.95,-75.032, -0.02,227.24,310.41,0.08,16.9,16.9,1013.6,1013.5,0.0,0.0,85.13,78.53,26,20,5.4,5.6,92.9,93.3,5.4,5.6,252.9,246.9,1015.7,1015.6,762.77,357.25,2169.42,29.8473,13.8018,447.0,60.9,1496.86, NAN, NAN, NAN, NAN,,2024/04/18 14:34:49.112,2024-04-18 14:34:49.112000+00:00
2024/04/18, 14:35:49.112,35.95,-75.032, -0.02,227.57,159.67,0.21,16.8,16.9,1013.6,1013.6,0.0,0.0,85.13,78.53,25,20,6.2,6.2,90.9,91.2,6.2,6.2,253.5,248.5,1015.7,1015.7,763.79,358.39,2170.48,29.8381,13.8,441.9,61.0,1496.843, NAN, NAN, NAN, NAN,,2024/04/18 14:35:49.112,2024-04-18 14:35:49.112000+00:00
2024/04/18, 14:36:49.112,35.95,-75.032, -0.08,227.93,260.38,0.28,16.7,16.7,1013.7,1013.5,0.0,0.0,85.13,78.53,26,19,6.8,6.5,91.4,91.4,6.7,6.4,253.5,246.3,1015.8,1015.6,766.55,359.84,2171.0,29.8367,13.8112,442.2,60.9,1496.879, NAN, NAN, NAN, NAN,,2024/04/18 14:36:49.112,2024-04-18 14:36:49.112000+00:00
2024/04/18, 14:37:49.112,35.95,-75.032, -0.02,227.8,189.46,0.19,16.8,16.8,1013.7,1013.6,0.0,0.0,85.13,78.53,24,18,6.5,6.2,93.0,93.3,6.5,6.2,252.7,246.7,1015.8,1015.7,769.65,358.34,2168.53,29.8358,13.8207,446.4,60.9,1496.909, NAN, NAN, NAN, NAN,,2024/04/18 14:37:49.112,2024-04-18 14:37:49.112000+00:00
2024/04/18, 14:38:49.112,35.95,-75.032, 0.00,229.06,111.55,0.33,16.9,16.9,1013.7,1013.6,0.0,0.0,85.13,78.53,18,19,4.8,5.8,91.0,91.4,4.9,5.9,248.3,249.1,1015.8,1015.7,772.05,358.16,2171.59,29.8428,13.8239,453.4,61.0,1496.928, NAN, NAN, NAN, NAN,,2024/04/18 14:38:49.112,2024-04-18 14:38:49.112000+00:00
2024/04/18, 14:39:49.112,35.95,-75.032, 0.15,226.55,231.39,0.2,16.8,16.8,1013.6,1013.7,0.0,0.0,85.13,78.53,26,21,5.6,5.5,90.4,90.6,5.6,5.5,253.5,248.6,1015.7,1015.8,773.95,358.55,2175.74,29.8398,13.8193,453.1,61.3,1496.909, NAN, NAN, NAN, NAN,,2024/04/18 14:39:49.112,2024-04-18 14:39:49.112000+00:00
2024/04/18, 14:40:49.112,35.95,-75.032, 0.80,209.74,216.56,2.15,16.8,16.8,1013.8,1013.6,0.0,0.0,85.13,78.53,32,25,6.0,6.0,91.1,91.4,5.1,5.0,247.9,239.6,1015.9,1015.7,771.98,358.42,2187.6,29.8365,13.7902,451.6,61.3,1496.809, NAN, NAN, NAN, NAN,,2024/04/18 14:40:49.112,2024-04-18 14:40:49.112000+00:00
2024/04/18, 14:41:49.112,35.949,-75.032, -0.02,151.51,162.29,3.25,16.7,16.8,1013.6,1013.6,0.0,0.0,85.13,78.53,68,55,5.9,7.6,91.2,91.2,5.2,6.5,235.2,216.8,1015.7,1015.7,775.67,359.44,2217.3,29.8362,13.7929,451.3,61.2,1496.818, NAN, NAN, NAN, NAN,,2024/04/18 14:41:49.112,2024-04-18 14:41:49.112000+00:00
2024/04/18, 14:42:49.112,35.948,-75.031, -0.01,103.42,97.04,4.96,16.7,16.8,1013.6,1013.6,0.0,0.0,85.13,78.53,111,105,3.6,4.0,91.6,91.6,5.1,5.3,241.7,235.8,1015.7,1015.7,794.03,360.66,2216.41,29.8345,13.8218,450.4,60.9,1496.911, NAN, NAN, NAN, NAN,,2024/04/18 14:42:49.112,2024-04-18 14:42:49.112000+00:00
2024/04/18, 14:43:49.112,35.948,-75.029, -0.01,89.44,87.24,7.35,16.7,16.8,1013.6,1013.5,0.0,0.0,85.13,78.53,116,122,1.7,1.9,90.9,91.1,4.8,5.0,251.0,251.1,1015.7,1015.6,758.25,360.73,2206.49,29.8408,13.8352,452.0,60.9,1496.963, NAN, NAN, NAN, NAN,,2024/04/18 14:43:49.112,2024-04-18 14:43:49.112000+00:00
2024/04/18, 14:44:49.112,35.948,-75.026, -0.02,84.71,89.7,9.04,16.6,16.6,1013.7,1013.7,0.0,0.0,85.13,78.53,82,90,1.6,1.7,89.9,90.0,4.6,4.9,247.5,247.0,1015.8,1015.8,775.62,361.15,2205.64,29.8386,13.8409,441.2,61.1,1496.979, NAN, NAN, NAN, NAN,,2024/04/18 14:44:49.112,2024-04-18 14:44:49.112000+00:00
2024/04/18, 14:45:49.113,35.948,-75.023, 6.31,85.09,85.76,9.67,16.5,16.5,1013.8,1013.7,0.0,0.0,85.13,78.53,94,82,1.3,1.9,90.9,91.0,5.2,5.0,252.4,245.0,1015.9,1015.8,772.87,361.66,2205.93,29.8432,13.8453,440.9,61.0,1496.999, NAN, NAN, NAN, NAN,,2024/04/18 14:45:49.113,2024-04-18 14:45:49.113000+00:00
2024/04/18, 14:46:49.113,35.948,-75.02, 7.04,85.61,87.18,9.71,16.5,16.5,1013.8,1013.9,0.0,0.0,85.13,78.53,79,56,1.7,2.9,91.7,91.9,4.9,4.1,246.8,231.0,1015.9,1016.0,780.56,361.97,2208.02,29.8444,13.8706,441.2,61.1,1497.084, NAN, NAN, NAN, NAN,,2024/04/18 14:46:49.113,2024-04-18 14:46:49.113000+00:00
2024/04/18, 14:47:49.113,35.949,-75.016, 5.99,84.87,86.42,10.06,16.6,16.5,1013.7,1013.8,0.0,0.0,85.13,78.53,78,64,2.0,3.3,92.2,92.5,5.1,4.7,244.0,227.7,1015.8,1015.9,782.04,362.4,2206.82,29.8434,13.9121,441.2,61.3,1497.22, NAN, NAN, NAN, NAN,,2024/04/18 14:47:49.113,2024-04-18 14:47:49.113000+00:00
2024/04/18, 14:48:49.113,35.949,-75.013, 9.94,86.31,86.59,10.17,16.6,16.6,1013.7,1013.8,0.0,0.0,85.13,78.53,96,95,2.3,2.3,92.3,92.8,5.9,5.9,244.3,244.1,1015.8,1015.9,784.26,362.47,2209.89,29.8394,13.9512,440.6,61.2,1497.344, NAN, NAN, NAN, NAN,,2024/04/18 14:48:49.113,2024-04-18 14:48:49.113000+00:00
2024/04/18, 14:49:49.113,35.949,-75.009, 10.47,86.0,88.06,10.43,16.7,16.7,1013.8,1013.7,0.0,0.0,85.13,78.53,77,61,2.2,3.3,92.3,92.6,5.3,4.6,243.7,229.9,1015.9,1015.8,788.99,361.84,2210.97,29.8399,13.9639,439.5,61.3,1497.387, NAN, NAN, NAN, NAN,,2024/04/18 14:49:49.113,2024-04-18 14:49:49.113000+00:00
2024/04/18, 14:50:49.113,35.949,-75.006, 10.65,85.65,85.48,10.47,16.8,16.8,1013.8,1013.7,0.0,0.0,85.13,78.53,94,71,1.9,2.8,91.5,92.0,5.8,5.1,248.7,237.1,1015.9,1015.8,792.11,362.8,2213.71,29.8462,13.9709,438.5,61.3,1497.417, NAN, NAN, NAN, NAN,,2024/04/18 14:50:49.113,2024-04-18 14:50:49.113000+00:00
2024/04/18, 14:51:49.113,35.949,-75.002, 10.57,86.78,85.25,10.41,16.8,16.8,1013.8,1013.7,0.0,0.0,85.13,78.53,87,63,1.9,3.2,91.8,92.1,5.6,4.9,246.5,230.2,1015.9,1015.8,792.71,362.59,2215.99,29.8563,13.9831,438.8,61.2,1497.469, NAN, NAN, NAN, NAN,,2024/04/18 14:51:49.113,2024-04-18 14:51:49.113000+00:00
2024/04/18, 14:52:49.113,35.949,-74.999, 10.63,85.31,87.09,10.32,16.8,16.9,1013.6,1013.7,0.0,0.0,85.13,78.53,81,63,1.6,1.9,91.8,92.1,5.2,4.7,250.0,246.6,1015.7,1015.8,797.93,362.39,2213.34,29.8659,13.9876,437.6,61.3,1497.495, NAN, NAN, NAN, NAN,,2024/04/18 14:52:49.113,2024-04-18 14:52:49.113000+00:00
2024/04/18, 14:53:49.113,35.95,-74.995, 10.76,85.19,85.45,10.94,16.9,16.9,1013.7,1013.7,0.0,0.0,85.13,78.53,80,64,1.6,3.0,90.8,91.4,5.6,5.0,249.5,233.8,1015.8,1015.8,793.52,361.97,2206.96,29.8749,13.9945,436.6,61.3,1497.529, NAN, NAN, NAN, NAN,,2024/04/18 14:53:49.113,2024-04-18 14:53:49.113000+00:00
2024/04/18, 14:54:49.113,35.95,-74.991, 10.87,85.87,90.92,10.77,16.9,16.9,1014.0,1013.8,0.0,0.0,85.13,78.53,83,76,1.4,1.8,90.6,91.1,5.5,5.3,255.0,250.6,1016.1,1015.9,803.99,361.8,2224.47,29.883,13.9948,436.4,61.1,1497.539, NAN, NAN, NAN, NAN,,2024/04/18 14:54:49.113,2024-04-18 14:54:49.113000+00:00
2024/04/18, 14:55:49.113,35.95,-74.988, 10.94,84.72,85.07,10.64,16.9,16.9,1013.8,1013.6,0.0,0.0,85.13,78.53,80,59,1.5,3.0,90.6,91.0,5.4,4.7,249.0,231.6,1015.9,1015.7,801.06,362.28,2227.41,29.8911,13.9951,436.6,61.3,1497.55, NAN, NAN, NAN, NAN,,2024/04/18 14:55:49.113,2024-04-18 14:55:49.113000+00:00
2024/04/18, 14:56:49.113,35.95,-74.984, 10.90,86.1,81.98,10.67,16.9,16.9,1013.8,1013.6,0.0,0.0,85.13,78.53,89,56,1.3,2.4,90.8,91.1,5.6,4.6,251.6,239.2,1015.9,1015.7,802.17,362.4,2228.8,29.898,14.0235,436.9,61.4,1497.651, NAN, NAN, NAN, NAN,,2024/04/18 14:56:49.113,2024-04-18 14:56:49.113000+00:00
2024/04/18, 14:57:49.113,35.95,-74.98, 10.88,84.83,90.98,10.75,17.0,16.9,1013.7,1013.7,0.0,0.0,85.13,78.53,91,82,1.4,1.9,90.9,91.3,5.6,5.5,253.8,248.3,1015.8,1015.8,804.5,362.34,2225.14,29.8997,14.0353,436.9,61.4,1497.692, NAN, NAN, NAN, NAN,,2024/04/18 14:57:49.113,2024-04-18 14:57:49.113000+00:00
2024/04/18, 14:58:49.113,35.95,-74.977, 10.80,86.14,80.67,10.55,17.0,16.9,1013.9,1013.8,0.0,0.0,85.13,78.53,84,68,1.6,2.5,90.8,91.3,5.5,5.1,247.7,237.2,1016.0,1015.9,803.77,361.79,2228.13,29.9002,14.0052,435.8,61.3,1497.594, NAN, NAN, NAN, NAN,,2024/04/18 14:58:49.113,2024-04-18 14:58:49.113000+00:00
2024/04/18, 14:59:49.113,35.95,-74.973, 10.89,85.99,88.29,10.78,17.0,17.0,1013.7,1013.6,0.0,0.0,85.13,78.53,78,58,1.8,3.3,90.4,90.9,5.4,4.6,248.6,231.0,1015.8,1015.7,809.64,361.53,2235.71,29.8975,13.9854,434.2,61.5,1497.525, NAN, NAN, NAN, NAN,,2024/04/18 14:59:49.113,2024-04-18 14:59:49.113000+00:00
2024/04/18, 15:00:49.113,35.951,-74.969, 10.98,85.25,89.67,10.56,17.0,16.9,1013.8,1013.7,0.0,0.0,85.13,78.53,76,50,1.7,3.2,90.1,90.8,5.2,4.0,249.4,231.7,1015.9,1015.8,810.05,361.49,2238.84,29.8954,13.9666,435.5,61.5,1497.461, NAN, NAN, NAN, NAN,,2024/04/18 15:00:49.113,2024-04-18 15:00:49.113000+00:00
2024/04/18, 15:01:49.114,35.951,-74.966, 10.83,86.14,84.19,10.8,17.0,17.0,1013.7,1013.7,0.0,0.0,85.13,78.53,77,68,1.7,2.0,90.2,91.0,5.4,5.1,249.1,245.8,1015.8,1015.8,813.64,361.37,2243.43,29.8921,13.9363,435.5,61.3,1497.357, NAN, NAN, NAN, NAN,,2024/04/18 15:01:49.114,2024-04-18 15:01:49.114000+00:00
2024/04/18, 15:02:49.114,35.951,-74.962, 10.96,85.39,90.23,10.9,17.1,17.0,1013.8,1013.6,0.0,0.0,85.13,78.53,83,66,2.0,3.0,90.1,90.9,5.6,5.0,247.7,236.0,1015.9,1015.7,818.75,361.4,2250.6,29.8857,13.9031,433.1,61.5,1497.24, NAN, NAN, NAN, NAN,,2024/04/18 15:02:49.114,2024-04-18 15:02:49.114000+00:00
2024/04/18, 15:03:49.114,35.951,-74.958, 10.95,86.39,88.33,10.98,17.1,17.0,1013.7,1013.6,0.0,0.0,85.13,78.53,78,61,1.9,3.2,90.2,90.9,5.6,5.0,246.4,231.6,1015.8,1015.7,820.11,360.58,2254.78,29.8802,13.9037,431.8,61.5,1497.236, NAN, NAN, NAN, NAN,,2024/04/18 15:03:49.114,2024-04-18 15:03:49.114000+00:00
2024/04/18, 15:04:49.114,35.951,-74.955, 11.03,85.15,85.88,10.8,17.1,17.0,1013.7,1013.7,0.0,0.0,85.13,78.53,83,65,1.9,3.2,89.9,90.8,5.6,5.1,245.7,230.6,1015.8,1015.8,820.86,360.62,2253.82,29.8672,13.9176,432.4,61.5,1497.266, NAN, NAN, NAN, NAN,,2024/04/18 15:04:49.114,2024-04-18 15:04:49.114000+00:00
2024/04/18, 15:05:49.114,35.951,-74.951, 11.05,86.03,84.79,11.06,17.0,17.0,1013.6,1013.6,0.0,0.0,85.13,78.53,81,62,1.9,3.0,89.7,90.4,5.7,5.0,248.0,235.5,1015.7,1015.7,823.28,360.54,2262.12,29.8593,13.9233,431.2,61.5,1497.276, NAN, NAN, NAN, NAN,,2024/04/18 15:05:49.114,2024-04-18 15:05:49.114000+00:00
2024/04/18, 15:06:49.114,35.952,-74.947, 11.07,84.1,83.82,10.93,17.0,16.9,1013.6,1013.7,0.0,0.0,85.13,78.53,86,66,1.9,3.0,90.0,90.6,5.8,5.1,246.1,233.3,1015.7,1015.8,827.62,360.91,2265.62,29.8554,13.9388,431.2,61.7,1497.322, NAN, NAN, NAN, NAN,,2024/04/18 15:06:49.114,2024-04-18 15:06:49.114000+00:00
2024/04/18, 15:07:49.114,35.952,-74.944, 10.25,85.95,83.69,9.92,17.0,16.9,1013.7,1013.6,0.0,0.0,85.13,78.53,96,64,1.8,3.2,90.3,90.9,5.6,4.6,248.0,228.8,1015.8,1015.7,824.15,360.47,2265.46,29.8548,13.9705,431.2,61.8,1497.426, NAN, NAN, NAN, NAN,,2024/04/18 15:07:49.114,2024-04-18 15:07:49.114000+00:00
2024/04/18, 15:08:49.114,35.952,-74.941, 8.00,103.09,98.51,7.69,17.0,16.9,1013.7,1013.6,0.0,0.0,85.13,78.53,119,108,1.7,1.3,90.1,90.8,5.2,4.7,259.6,260.4,1015.8,1015.7,822.79,359.03,2273.84,29.8573,13.9942,430.8,61.6,1497.507, NAN, NAN, NAN, NAN,,2024/04/18 15:08:49.114,2024-04-18 15:08:49.114000+00:00
2024/04/18, 15:09:49.114,35.951,-74.939, 3.51,174.42,147.96,3.12,16.9,16.8,1013.7,1013.7,0.0,0.0,85.13,78.53,75,77,6.0,6.1,88.5,89.4,6.4,6.6,263.8,265.4,1015.8,1015.8,826.16,356.09,2286.17,29.8647,14.021,429.9,61.7,1497.604, NAN, NAN, NAN, NAN,,2024/04/18 15:09:49.114,2024-04-18 15:09:49.114000+00:00
2024/04/18, 15:10:49.114,35.95,-74.939, 1.19,216.12,171.27,1.16,16.8,16.6,1013.6,1013.7,0.0,0.0,85.13,78.53,40,36,6.0,7.6,90.0,91.1,6.0,7.6,261.8,256.6,1015.7,1015.8,840.57,354.55,2259.14,29.8732,14.0524,430.5,61.2,1497.717, NAN, NAN, NAN, NAN,,2024/04/18 15:10:49.114,2024-04-18 15:10:49.114000+00:00
2024/04/18, 15:11:49.114,35.95,-74.939, 0.37,216.13,113.39,0.57,16.7,16.6,1013.6,1013.6,0.0,0.0,85.13,78.53,41,36,5.9,7.0,91.0,92.0,6.1,7.2,259.3,254.1,1015.7,1015.7,841.37,355.02,2263.84,29.8846,14.0578,429.7,60.5,1497.748, NAN, NAN, NAN, NAN,,2024/04/18 15:11:49.114,2024-04-18 15:11:49.114000+00:00
2024/04/18, 15:12:49.114,35.95,-74.939, 0.36,217.9,155.54,0.54,16.7,16.6,1013.6,1013.7,0.0,0.0,85.13,78.53,43,37,6.3,7.9,91.5,92.2,6.5,8.0,263.0,256.7,1015.7,1015.8,844.95,355.35,2261.29,29.8922,14.0611,428.4,61.0,1497.768, NAN, NAN, NAN, NAN,,2024/04/18 15:12:49.114,2024-04-18 15:12:49.114000+00:00
2024/04/18, 15:13:49.114,35.95,-74.939, 0.40,218.91,90.42,0.38,16.7,16.6,1013.6,1013.6,0.0,0.0,85.13,78.53,42,36,6.0,7.6,91.5,91.9,6.2,7.8,261.8,255.7,1015.7,1015.7,849.34,355.82,2264.35,29.9063,14.0522,431.8,61.1,1497.755, NAN, NAN, NAN, NAN,,2024/04/18 15:13:49.114,2024-04-18 15:13:49.114000+00:00
2024/04/18, 15:14:49.114,35.95,-74.939, 0.40,222.05,87.94,0.07,16.7,16.7,1013.6,1013.7,0.0,0.0,85.13,78.53,40,35,6.2,7.6,91.2,91.7,6.2,7.6,262.1,257.0,1015.7,1015.8,848.52,356.29,2255.58,29.9357,14.0067,433.9,61.2,1497.64, NAN, NAN, NAN, NAN,,2024/04/18 15:14:49.114,2024-04-18 15:14:49.114000+00:00
2024/04/18, 15:15:49.114,35.95,-74.939, 0.21,222.54,41.48,0.29,16.7,16.7,1013.7,1013.7,0.0,0.0,85.13,78.53,40,33,6.0,6.5,91.0,91.4,6.1,6.6,262.8,255.9,1015.8,1015.8,848.03,356.59,2252.7,29.963,14.0134,438.8,61.2,1497.694, NAN, NAN, NAN, NAN,,2024/04/18 15:15:49.114,2024-04-18 15:15:49.114000+00:00
2024/04/18, 15:16:49.114,35.95,-74.939, 0.36,221.81,287.63,0.09,16.7,16.7,1013.6,1013.6,0.0,0.0,85.13,78.53,39,34,5.9,7.5,91.0,91.3,5.9,7.5,261.3,256.2,1015.7,1015.7,845.13,356.99,2239.48,29.9957,14.0617,442.5,61.3,1497.891, NAN, NAN, NAN, NAN,,2024/04/18 15:16:49.114,2024-04-18 15:16:49.114000+00:00
2024/04/18, 15:17:49.115,35.95,-74.939, 0.29,220.39,27.37,0.34,16.7,16.7,1013.6,1013.7,0.0,0.0,85.13,78.53,41,36,5.7,7.2,91.1,91.4,5.7,7.2,259.6,255.0,1015.7,1015.8,856.99,357.29,2257.16,29.9648,14.0482,437.6,61.4,1497.811, NAN, NAN, NAN, NAN,,2024/04/18 15:17:49.115,2024-04-18 15:17:49.115000+00:00
2024/04/18, 15:18:49.115,35.95,-74.939, 0.37,221.81,125.67,0.49,16.7,16.7,1013.6,1013.6,0.0,0.0,85.13,78.53,39,35,6.2,7.6,90.8,91.1,6.4,7.8,262.4,258.2,1015.7,1015.7,859.13,357.9,2259.44,29.9743,14.0446,438.8,61.5,1497.81, NAN, NAN, NAN, NAN,,2024/04/18 15:18:49.115,2024-04-18 15:18:49.115000+00:00
2024/04/18, 15:19:49.115,35.95,-74.939, 0.27,221.88,261.17,0.33,16.7,16.7,1013.6,1013.6,0.0,0.0,85.13,78.53,40,35,5.9,7.8,91.1,91.3,5.7,7.6,261.9,256.8,1015.7,1015.7,863.12,358.03,2261.55,29.9374,14.0666,432.4,61.3,1497.839, NAN, NAN, NAN, NAN,,2024/04/18 15:19:49.115,2024-04-18 15:19:49.115000+00:00
2024/04/18, 15:20:49.115,35.95,-74.938, 0.38,223.48,322.1,0.04,16.7,16.7,1013.7,1013.7,0.0,0.0,85.13,78.53,41,36,5.9,7.4,91.1,91.4,5.9,7.4,264.3,259.4,1015.8,1015.8,865.25,358.23,2260.95,29.9237,14.1015,431.8,61.3,1497.938, NAN, NAN, NAN, NAN,,2024/04/18 15:20:49.115,2024-04-18 15:20:49.115000+00:00
2024/04/18, 15:21:49.115,35.95,-74.938, 0.39,222.0,300.48,0.34,16.8,16.8,1013.7,1013.7,0.0,0.0,85.13,78.53,40,35,5.6,7.1,90.8,91.1,5.5,7.0,260.7,255.9,1015.8,1015.8,867.25,358.49,2260.3,29.9188,14.136,430.2,61.2,1498.045, NAN, NAN, NAN, NAN,,2024/04/18 15:21:49.115,2024-04-18 15:21:49.115000+00:00
2024/04/18, 15:22:49.115,35.95,-74.938, 0.25,221.79,110.36,0.14,16.8,16.8,1013.7,1013.7,0.0,0.0,85.13,78.53,41,36,5.8,7.5,90.7,90.8,5.9,7.6,262.7,257.8,1015.8,1015.8,866.64,358.48,2258.43,29.9128,14.1492,428.4,61.3,1498.082, NAN, NAN, NAN, NAN,,2024/04/18 15:22:49.115,2024-04-18 15:22:49.115000+00:00
2024/04/18, 15:23:49.115,35.95,-74.938, 0.35,222.06,58.23,0.18,16.7,16.8,1013.5,1013.6,0.0,0.0,85.13,78.53,42,36,5.6,7.3,90.5,90.6,5.7,7.4,264.6,258.5,1015.6,1015.7,874.37,358.85,2260.53,29.9095,14.1678,428.1,61.5,1498.139, NAN, NAN, NAN, NAN,,2024/04/18 15:23:49.115,2024-04-18 15:23:49.115000+00:00
2024/04/18, 15:24:49.115,35.95,-74.938, 0.28,222.71,93.52,0.27,16.7,16.7,1013.5,1013.6,0.0,0.0,85.13,78.53,42,36,5.6,7.1,90.4,90.6,5.7,7.2,265.4,259.4,1015.6,1015.7,867.06,358.29,2246.25,29.9062,14.1913,427.8,61.5,1498.212, NAN, NAN, NAN, NAN,,2024/04/18 15:24:49.115,2024-04-18 15:24:49.115000+00:00
2024/04/18, 15:25:49.115,35.95,-74.938, 0.22,223.39,84.17,0.37,16.7,16.7,1013.6,1013.6,0.0,0.0,85.13,78.53,41,35,5.3,7.1,90.4,90.5,5.5,7.3,264.1,258.4,1015.7,1015.7,873.67,358.85,2251.82,29.9025,14.1979,427.5,61.3,1498.229, NAN, NAN, NAN, NAN,,2024/04/18 15:25:49.115,2024-04-18 15:25:49.115000+00:00
2024/04/18, 15:26:49.115,35.95,-74.939, 2.04,249.08,241.08,2.43,16.6,16.7,1013.5,1013.5,0.0,0.0,85.13,78.53,23,26,6.8,6.9,90.5,90.6,5.8,5.9,278.8,282.2,1015.6,1015.6,869.67,359.33,2235.48,29.9014,14.1967,427.5,61.4,1498.224, NAN, NAN, NAN, NAN,,2024/04/18 15:26:49.115,2024-04-18 15:26:49.115000+00:00
2024/04/18, 15:27:49.115,35.95,-74.94, 3.10,316.07,302.33,4.17,16.6,16.7,1013.6,1013.5,0.0,0.0,85.13,78.53,330,332,6.4,7.0,90.8,90.9,4.4,4.9,278.9,282.6,1015.7,1015.6,856.73,359.45,2196.76,29.8989,14.1751,427.8,61.4,1498.15, NAN, NAN, NAN, NAN,,2024/04/18 15:27:49.115,2024-04-18 15:27:49.115000+00:00
2024/04/18, 15:28:49.115,35.951,-74.94, 4.25,21.14,9.46,5.16,16.7,16.7,1013.7,1013.6,0.0,0.0,85.13,78.53,276,283,4.7,5.5,90.6,90.9,4.7,5.1,264.5,275.5,1015.8,1015.7,868.48,360.57,2211.55,29.8994,14.088,429.1,61.4,1497.865, NAN, NAN, NAN, NAN,,2024/04/18 15:28:49.115,2024-04-18 15:28:49.115000+00:00
2024/04/18, 15:29:49.115,35.952,-74.939, 6.25,75.86,78.41,6.64,16.7,16.7,1013.6,1013.5,0.0,0.0,85.13,78.53,186,204,1.9,2.1,89.8,89.9,5.3,5.4,256.7,263.7,1015.7,1015.6,865.89,362.13,2246.79,29.9795,14.0699,438.5,61.3,1497.899, NAN, NAN, NAN, NAN,,2024/04/18 15:29:49.115,2024-04-18 15:29:49.115000+00:00
2024/04/18, 15:30:49.115,35.952,-74.936, 8.55,90.26,98.03,8.78,16.7,16.7,1013.6,1013.6,0.0,0.0,85.13,78.53,80,84,1.2,1.2,89.8,89.9,4.4,4.5,259.4,259.4,1015.7,1015.7,876.17,362.02,2252.42,29.9392,14.0633,434.2,61.2,1497.83, NAN, NAN, NAN, NAN,,2024/04/18 15:30:49.115,2024-04-18 15:30:49.115000+00:00
2024/04/18, 15:31:49.115,35.952,-74.933, 10.07,89.65,94.1,10.12,16.7,16.7,1013.7,1013.6,0.0,0.0,85.13,78.53,52,78,1.1,1.0,89.4,89.5,4.6,5.1,260.9,260.4,1015.8,1015.7,878.74,362.44,2249.72,29.9145,14.0798,429.1,61.3,1497.856, NAN, NAN, NAN, NAN,,2024/04/18 15:31:49.115,2024-04-18 15:31:49.115000+00:00
2024/04/18, 15:32:49.115,35.952,-74.929, 10.70,88.02,84.36,10.41,16.7,16.6,1013.6,1013.6,0.0,0.0,85.13,78.53,44,48,0.9,1.5,89.7,89.7,4.7,4.5,262.0,255.2,1015.7,1015.7,880.49,362.65,2248.63,29.8868,14.1065,427.2,61.3,1497.911, NAN, NAN, NAN, NAN,,2024/04/18 15:32:49.115,2024-04-18 15:32:49.115000+00:00
2024/04/18, 15:33:49.116,35.952,-74.925, 10.91,89.79,85.55,10.7,16.7,16.7,1013.5,1013.6,0.0,0.0,85.13,78.53,49,33,1.5,2.2,89.8,90.5,4.7,3.9,253.9,249.5,1015.6,1015.7,880.64,361.59,2242.41,29.8767,14.1188,428.8,61.2,1497.94, NAN, NAN, NAN, NAN,,2024/04/18 15:33:49.116,2024-04-18 15:33:49.116000+00:00
2024/04/18, 15:34:49.116,35.952,-74.922, 11.09,88.52,89.88,10.93,16.7,16.7,1013.5,1013.5,0.0,0.0,85.13,78.53,59,42,1.3,3.1,90.0,90.2,5.0,3.8,257.2,238.1,1015.6,1015.6,884.58,361.94,2249.04,29.8784,14.1295,427.5,61.4,1497.977, NAN, NAN, NAN, NAN,,2024/04/18 15:34:49.116,2024-04-18 15:34:49.116000+00:00
2024/04/18, 15:35:49.116,35.952,-74.918, 11.08,89.93,89.47,10.9,16.7,16.7,1013.6,1013.6,0.0,0.0,85.13,78.53,40,35,1.1,2.0,90.1,90.4,4.9,4.2,258.1,250.0,1015.7,1015.7,883.63,362.09,2244.67,29.8859,14.1151,426.5,61.3,1497.938, NAN, NAN, NAN, NAN,,2024/04/18 15:35:49.116,2024-04-18 15:35:49.116000+00:00
2024/04/18, 15:36:49.116,35.952,-74.914, 11.12,90.2,91.21,11.17,16.7,16.8,1013.6,1013.6,0.0,0.0,85.13,78.53,59,45,1.8,3.3,90.1,90.4,5.0,4.0,254.9,238.5,1015.7,1015.7,891.55,361.03,2253.76,29.8967,14.1194,429.4,61.3,1497.965, NAN, NAN, NAN, NAN,,2024/04/18 15:36:49.116,2024-04-18 15:36:49.116000+00:00
2024/04/18, 15:37:49.116,35.952,-74.911, 11.15,88.79,91.64,11.12,16.8,16.8,1013.6,1013.6,0.0,0.0,85.13,78.53,66,42,1.8,3.6,89.5,89.8,5.2,3.8,252.4,232.5,1015.7,1015.7,889.59,361.1,2254.22,29.9081,14.1012,428.1,61.3,1497.919, NAN, NAN, NAN, NAN,,2024/04/18 15:37:49.116,2024-04-18 15:37:49.116000+00:00
2024/04/18, 15:38:49.116,35.952,-74.907, 11.28,88.74,87.53,11.24,16.8,16.8,1013.6,1013.5,0.0,0.0,85.13,78.53,64,49,1.6,3.3,89.3,89.5,5.2,4.3,255.3,236.6,1015.7,1015.6,893.19,361.73,2262.26,29.9302,14.1071,428.4,61.2,1497.964, NAN, NAN, NAN, NAN,,2024/04/18 15:38:49.116,2024-04-18 15:38:49.116000+00:00
2024/04/18, 15:39:49.116,35.952,-74.903, 11.25,88.93,88.04,10.97,16.9,16.8,1013.6,1013.4,0.0,0.0,85.13,78.53,70,50,1.6,3.1,89.6,89.8,5.3,4.3,254.0,237.5,1015.7,1015.5,896.59,361.82,2262.46,29.9461,14.1185,427.5,61.4,1498.02, NAN, NAN, NAN, NAN,,2024/04/18 15:39:49.116,2024-04-18 15:39:49.116000+00:00
2024/04/18, 15:40:49.116,35.952,-74.899, 11.23,88.95,94.07,11.09,16.9,16.9,1013.4,1013.5,0.0,0.0,85.13,78.53,73,60,1.7,2.6,89.7,89.9,5.3,4.8,255.8,246.2,1015.5,1015.6,897.69,361.56,2262.74,29.9551,14.1065,427.5,61.4,1497.991, NAN, NAN, NAN, NAN,,2024/04/18 15:40:49.116,2024-04-18 15:40:49.116000+00:00
2024/04/18, 15:41:49.116,35.952,-74.895, 11.18,87.94,88.99,10.67,16.9,16.9,1013.6,1013.5,0.0,0.0,85.13,78.53,80,59,1.3,2.5,89.1,89.4,5.4,4.6,255.7,242.4,1015.7,1015.6,895.01,361.65,2264.45,29.9752,14.0928,426.4,61.5,1497.969, NAN, NAN, NAN, NAN,,2024/04/18 15:41:49.116,2024-04-18 15:41:49.116000+00:00
2024/04/18, 15:42:49.116,35.952,-74.892, 11.17,87.63,88.78,11.04,16.9,16.9,1013.5,1013.3,0.0,0.0,85.13,78.53,74,46,1.5,3.1,89.0,89.3,5.5,4.2,252.4,235.4,1015.6,1015.4,897.81,361.18,2265.23,30.0051,14.048,424.8,61.5,1497.857, NAN, NAN, NAN, NAN,,2024/04/18 15:42:49.116,2024-04-18 15:42:49.116000+00:00
2024/04/18, 15:43:49.116,35.952,-74.888, 11.10,92.73,98.12,11.12,17.0,16.9,1013.5,1013.5,0.0,0.0,85.13,78.53,75,53,1.7,3.1,88.8,89.1,5.5,4.5,257.7,242.4,1015.6,1015.6,900.27,361.46,2268.03,30.0359,14.0155,424.1,61.5,1497.786, NAN, NAN, NAN, NAN,,2024/04/18 15:43:49.116,2024-04-18 15:43:49.116000+00:00
2024/04/18, 15:44:49.116,35.951,-74.884, 11.20,90.69,95.89,11.12,16.9,16.9,1013.5,1013.3,0.0,0.0,85.13,78.53,75,51,1.8,3.4,88.9,89.2,5.4,4.2,255.9,238.1,1015.6,1015.4,903.61,360.79,2270.79,30.0673,14.016,423.5,61.5,1497.825, NAN, NAN, NAN, NAN,,2024/04/18 15:44:49.116,2024-04-18 15:44:49.116000+00:00
2024/04/18, 15:45:49.116,35.951,-74.88, 11.11,89.1,89.43,10.76,16.9,16.9,1013.5,1013.4,0.0,0.0,85.13,78.53,73,54,1.6,3.0,88.9,89.3,5.3,4.4,253.2,237.2,1015.6,1015.5,901.85,360.65,2267.76,30.1003,14.0417,422.4,61.3,1497.948, NAN, NAN, NAN, NAN,,2024/04/18 15:45:49.116,2024-04-18 15:45:49.116000+00:00
2024/04/18, 15:46:49.116,35.951,-74.877, 11.12,91.4,88.05,10.92,16.9,16.9,1013.4,1013.4,0.0,0.0,85.13,78.53,77,55,1.8,3.2,88.9,89.3,5.5,4.6,252.3,236.1,1015.5,1015.5,904.76,360.23,2271.83,30.1431,14.0497,422.7,61.4,1498.024, NAN, NAN, NAN, NAN,,2024/04/18 15:46:49.116,2024-04-18 15:46:49.116000+00:00
2024/04/18, 15:47:49.116,35.951,-74.873, 11.22,90.55,95.5,10.94,16.9,16.9,1013.4,1013.4,0.0,0.0,85.13,78.53,66,52,1.7,3.6,88.9,89.2,5.1,4.3,255.7,233.3,1015.5,1015.5,906.27,359.96,2269.16,30.1609,14.0068,423.0,61.4,1497.904, NAN, NAN, NAN, NAN,,2024/04/18 15:47:49.116,2024-04-18 15:47:49.116000+00:00
2024/04/18, 15:48:49.116,35.951,-74.869, 9.74,89.96,92.25,9.68,16.9,16.9,1013.5,1013.4,0.0,0.0,85.13,78.53,82,63,1.8,2.3,89.0,89.3,5.0,4.3,251.3,244.6,1015.6,1015.5,904.79,359.83,2271.33,30.17,13.9227,421.4,61.1,1497.638, NAN, NAN, NAN, NAN,,2024/04/18 15:48:49.116,2024-04-18 15:48:49.116000+00:00
2024/04/18, 15:49:49.116,35.951,-74.866, 9.22,89.97,94.91,8.97,16.9,16.9,1013.5,1013.5,0.0,0.0,85.13,78.53,89,63,1.6,2.7,88.9,89.4,4.8,4.0,253.6,237.4,1015.6,1015.6,905.82,360.15,2272.49,30.1719,13.8943,420.1,61.1,1497.547, NAN, NAN, NAN, NAN,,2024/04/18 15:49:49.116,2024-04-18 15:49:49.116000+00:00
2024/04/18, 15:50:49.117,35.951,-74.863, 9.05,91.34,89.66,8.74,16.9,16.9,1013.3,1013.5,0.0,0.0,85.13,78.53,95,93,1.7,1.8,89.0,89.3,5.0,5.0,250.1,248.8,1015.4,1015.6,902.08,359.16,2278.22,30.1865,13.8766,419.0,61.2,1497.505, NAN, NAN, NAN, NAN,,2024/04/18 15:50:49.117,2024-04-18 15:50:49.117000+00:00
2024/04/18, 15:51:49.117,35.951,-74.86, 9.00,90.25,94.48,8.8,16.9,16.8,1013.3,1013.3,0.0,0.0,85.13,78.53,105,106,1.9,1.8,88.9,89.3,5.3,5.2,252.0,253.1,1015.4,1015.4,904.02,359.07,2276.19,30.2044,13.8752,418.7,61.3,1497.522, NAN, NAN, NAN, NAN,,2024/04/18 15:51:49.117,2024-04-18 15:51:49.117000+00:00
2024/04/18, 15:52:49.117,35.951,-74.857, 8.93,91.71,92.7,9.1,16.8,16.7,1013.3,1013.4,0.0,0.0,85.13,78.53,111,110,1.8,1.6,89.0,89.7,5.5,5.4,255.5,257.0,1015.4,1015.5,906.04,359.06,2276.41,30.2225,13.8638,419.0,61.2,1497.505, NAN, NAN, NAN, NAN,,2024/04/18 15:52:49.117,2024-04-18 15:52:49.117000+00:00
2024/04/18, 15:53:49.117,35.951,-74.854, 8.72,90.98,86.87,8.55,16.8,16.7,1013.4,1013.4,0.0,0.0,85.13,78.53,108,107,1.7,1.7,89.2,90.0,5.2,5.2,251.0,250.8,1015.5,1015.5,906.52,358.81,2278.41,30.2468,13.8347,417.4,61.2,1497.438, NAN, NAN, NAN, NAN,,2024/04/18 15:53:49.117,2024-04-18 15:53:49.117000+00:00
2024/04/18, 15:54:49.117,35.951,-74.851, 8.26,90.67,86.99,7.88,16.8,16.6,1013.3,1013.3,0.0,0.0,85.13,78.53,127,116,1.8,1.6,89.3,90.2,5.4,5.0,253.6,252.3,1015.4,1015.4,909.33,358.55,2279.23,30.2655,13.8181,416.8,61.3,1497.405, NAN, NAN, NAN, NAN,,2024/04/18 15:54:49.117,2024-04-18 15:54:49.117000+00:00
2024/04/18, 15:55:49.117,35.951,-74.849, 6.20,90.92,89.5,6.17,16.7,16.6,1013.5,1013.4,0.0,0.0,85.13,78.53,141,108,2.2,1.7,89.3,90.3,5.1,4.1,254.7,246.8,1015.6,1015.5,906.24,358.13,2279.11,30.3149,13.812,416.6,61.5,1497.443, NAN, NAN, NAN, NAN,,2024/04/18 15:55:49.117,2024-04-18 15:55:49.117000+00:00
2024/04/18, 15:56:49.117,35.951,-74.847, 4.48,90.77,82.42,4.02,16.6,16.5,1013.5,1013.4,0.0,0.0,85.13,78.53,152,131,2.8,2.4,89.0,90.0,4.8,4.2,252.1,241.6,1015.6,1015.5,913.22,357.22,2279.79,30.3591,13.8258,416.8,61.3,1497.54, NAN, NAN, NAN, NAN,,2024/04/18 15:56:49.117,2024-04-18 15:56:49.117000+00:00
2024/04/18, 15:57:49.117,35.951,-74.846, 2.82,100.67,103.6,2.45,16.5,16.4,1013.3,1013.3,0.0,0.0,85.13,78.53,150,144,4.1,3.5,90.1,90.8,5.2,4.6,257.4,253.8,1015.4,1015.4,921.77,355.87,2281.58,30.3719,13.8256,416.8,61.2,1497.554, NAN, NAN, NAN, NAN,,2024/04/18 15:57:49.117,2024-04-18 15:57:49.117000+00:00
2024/04/18, 15:58:49.117,35.95,-74.845, 1.48,139.25,137.68,1.3,16.5,16.4,1013.2,1013.3,0.0,0.0,85.13,78.53,123,124,5.3,5.1,90.5,91.3,5.8,5.6,266.5,267.6,1015.3,1015.4,896.05,353.84,2294.89,30.3875,13.8163,416.8,61.4,1497.542, NAN, NAN, NAN, NAN,,2024/04/18 15:58:49.117,2024-04-18 15:58:49.117000+00:00
2024/04/18, 15:59:49.117,35.95,-74.845, 0.28,167.34,45.99,0.32,16.4,16.3,1013.4,1013.3,0.0,0.0,85.13,78.53,102,102,5.5,5.2,90.6,91.3,5.7,5.4,269.6,269.6,1015.5,1015.4,893.3,353.93,2301.61,30.389,13.7122,417.4,61.3,1497.199, NAN, NAN, NAN, NAN,,2024/04/18 15:59:49.117,2024-04-18 15:59:49.117000+00:00
2024/04/18, 16:00:49.117,35.95,-74.845, 0.16,201.93,118.25,0.21,16.4,16.3,1013.3,1013.4,0.0,0.0,85.13,78.53,70,68,5.7,6.5,91.2,91.8,5.7,6.5,273.0,270.9,1015.4,1015.5,934.76,354.81,2294.56,30.5128,13.6549,420.4,61.3,1497.155, NAN, NAN, NAN, NAN,,2024/04/18 16:00:49.117,2024-04-18 16:00:49.117000+00:00
2024/04/18, 16:01:49.117,35.95,-74.845, 0.38,233.13,106.33,0.36,16.4,16.4,1013.4,1013.3,0.0,0.0,85.13,78.53,41,37,5.5,7.4,91.5,92.1,5.7,7.6,275.1,270.9,1015.5,1015.4,920.86,354.52,2280.26,30.6291,13.7779,422.0,61.2,1497.699, NAN, NAN, NAN, NAN,,2024/04/18 16:01:49.117,2024-04-18 16:01:49.117000+00:00
2024/04/18, 16:02:49.117,35.95,-74.845, -0.03,245.7,322.16,0.3,16.5,16.4,1013.2,1013.2,0.0,0.0,85.13,78.53,20,20,4.3,5.4,91.3,91.9,4.2,5.3,263.8,264.2,1015.3,1015.3,914.01,355.03,2270.93,30.6091,13.8762,421.7,61.1,1498.0, NAN, NAN, NAN, NAN,,2024/04/18 16:02:49.117,2024-04-18 16:02:49.117000+00:00
2024/04/18, 16:03:49.117,35.95,-74.845, -0.12,239.54,106.66,0.37,16.6,16.5,1013.4,1013.4,0.0,0.0,85.13,78.53,28,27,4.5,5.4,91.2,91.9,4.6,5.5,269.0,267.8,1015.5,1015.5,913.1,355.08,2273.1,30.6003,13.7097,422.7,60.8,1497.439, NAN, NAN, NAN, NAN,,2024/04/18 16:03:49.117,2024-04-18 16:03:49.117000+00:00
2024/04/18, 16:04:49.117,35.95,-74.845, 0.12,236.99,305.89,0.26,16.7,16.6,1013.3,1013.3,0.0,0.0,85.13,78.53,35,29,5.1,5.9,90.6,91.1,5.0,5.8,271.1,265.1,1015.4,1015.4,914.16,355.25,2276.2,30.63,13.5154,426.0,60.9,1496.83, NAN, NAN, NAN, NAN,,2024/04/18 16:04:49.117,2024-04-18 16:04:49.117000+00:00
2024/04/18, 16:05:49.118,35.95,-74.845, 0.05,238.93,120.89,0.13,16.7,16.7,1013.4,1013.3,0.0,0.0,85.13,78.53,36,32,5.3,6.7,90.0,90.4,5.4,6.8,274.8,270.9,1015.5,1015.4,914.87,355.38,2273.42,30.6994,13.4212,429.9,60.8,1496.598, NAN, NAN, NAN, NAN,,2024/04/18 16:05:49.118,2024-04-18 16:05:49.118000+00:00
2024/04/18, 16:06:49.118,35.95,-74.845, 0.24,240.18,288.47,0.18,16.7,16.7,1013.4,1013.3,0.0,0.0,85.13,78.53,34,32,5.2,6.7,89.9,90.3,5.2,6.7,275.2,273.0,1015.5,1015.4,916.38,356.61,2270.61,30.7952,13.4037,435.8,60.8,1496.652, NAN, NAN, NAN, NAN,,2024/04/18 16:06:49.118,2024-04-18 16:06:49.118000+00:00
2024/04/18, 16:07:49.118,35.95,-74.845, 0.17,239.7,302.27,0.32,16.7,16.7,1013.5,1013.4,0.0,0.0,85.13,78.53,34,29,5.2,5.8,90.2,90.3,5.1,5.7,272.2,267.3,1015.6,1015.5,915.46,356.26,2272.09,30.8696,13.2656,441.9,60.7,1496.279, NAN, NAN, NAN, NAN,,2024/04/18 16:07:49.118,2024-04-18 16:07:49.118000+00:00
2024/04/18, 16:08:49.118,35.95,-74.845, 0.21,240.24,272.4,0.13,16.8,16.8,1013.4,1013.4,0.0,0.0,85.13,78.53,39,33,4.9,6.3,89.6,89.8,4.9,6.3,278.6,272.7,1015.5,1015.5,915.48,356.53,2272.48,30.9296,13.1663,440.6,60.7,1496.017, NAN, NAN, NAN, NAN,,2024/04/18 16:08:49.118,2024-04-18 16:08:49.118000+00:00
2024/04/18, 16:09:49.118,35.95,-74.845, 0.25,238.33,181.15,0.09,16.8,16.8,1013.4,1013.4,0.0,0.0,85.13,78.53,39,34,5.7,7.2,89.4,89.5,5.7,7.2,277.6,272.5,1015.5,1015.5,918.42,357.03,2271.41,30.7037,13.3152,427.8,60.7,1496.249, NAN, NAN, NAN, NAN,,2024/04/18 16:09:49.118,2024-04-18 16:09:49.118000+00:00
2024/04/18, 16:10:49.118,35.95,-74.845, 0.06,239.69,97.01,0.34,16.8,16.8,1013.4,1013.4,0.0,0.0,85.13,78.53,34,27,4.3,5.5,89.6,89.8,4.5,5.6,274.6,267.6,1015.5,1015.5,917.79,356.43,2270.9,30.5545,13.4341,423.0,60.7,1496.47, NAN, NAN, NAN, NAN,,2024/04/18 16:10:49.118,2024-04-18 16:10:49.118000+00:00
2024/04/18, 16:11:49.118,35.95,-74.845, 0.31,240.45,25.47,0.21,16.8,16.8,1013.2,1013.2,0.0,0.0,85.13,78.53,36,31,5.0,6.4,88.9,89.1,5.0,6.4,275.2,270.5,1015.3,1015.3,919.69,356.89,2270.78,30.4856,13.4646,423.2,60.9,1496.491, NAN, NAN, NAN, NAN,,2024/04/18 16:11:49.118,2024-04-18 16:11:49.118000+00:00
2024/04/18, 16:12:49.118,35.95,-74.845, 0.27,239.81,55.71,0.33,16.7,16.8,1013.3,1013.2,0.0,0.0,85.13,78.53,35,31,5.2,6.6,89.4,89.5,5.2,6.6,273.0,269.4,1015.4,1015.3,921.81,356.72,2269.72,30.4721,13.454,424.8,60.9,1496.439, NAN, NAN, NAN, NAN,,2024/04/18 16:12:49.118,2024-04-18 16:12:49.118000+00:00
2024/04/18, 16:13:49.118,35.95,-74.845, 0.25,239.39,122.21,0.22,16.7,16.8,1013.1,1013.3,0.0,0.0,85.13,78.53,37,32,5.1,6.0,89.2,89.4,5.2,6.1,277.0,272.0,1015.2,1015.4,920.76,357.09,2271.63,30.5454,13.5769,425.1,60.9,1496.934, NAN, NAN, NAN, NAN,,2024/04/18 16:13:49.118,2024-04-18 16:13:49.118000+00:00
2024/04/18, 16:14:49.118,35.95,-74.845, 0.14,238.96,9.58,0.35,16.7,16.7,1013.3,1013.2,0.0,0.0,85.13,78.53,39,34,5.3,6.5,89.1,89.2,5.3,6.5,276.0,271.4,1015.4,1015.3,921.37,357.63,2271.57,30.6404,13.5913,427.5,61.0,1497.094, NAN, NAN, NAN, NAN,,2024/04/18 16:14:49.118,2024-04-18 16:14:49.118000+00:00
2024/04/18, 16:15:49.118,35.95,-74.845, 0.29,240.77,114.01,0.27,16.7,16.7,1013.2,1013.4,0.0,0.0,85.13,78.53,35,30,4.8,5.7,89.6,89.7,4.9,5.8,277.1,272.0,1015.3,1015.5,921.58,357.44,2271.19,30.4883,13.5658,421.7,61.0,1496.83, NAN, NAN, NAN, NAN,,2024/04/18 16:15:49.118,2024-04-18 16:15:49.118000+00:00
2024/04/18, 16:16:49.118,35.95,-74.845, 0.23,239.57,121.73,0.0,16.7,16.7,1013.3,1013.3,0.0,0.0,85.13,78.53,37,33,5.1,6.4,89.8,89.9,5.1,6.4,276.6,272.6,1015.4,1015.4,922.17,357.43,2269.86,30.4085,13.5243,417.4,61.1,1496.599, NAN, NAN, NAN, NAN,,2024/04/18 16:16:49.118,2024-04-18 16:16:49.118000+00:00
2024/04/18, 16:17:49.118,35.95,-74.845, 0.12,241.03,321.81,0.18,16.7,16.7,1013.4,1013.3,0.0,0.0,85.13,78.53,38,33,5.2,6.4,89.2,89.3,5.2,6.4,278.1,273.3,1015.5,1015.4,921.84,357.32,2269.57,30.363,13.5514,416.3,61.1,1496.635, NAN, NAN, NAN, NAN,,2024/04/18 16:17:49.118,2024-04-18 16:17:49.118000+00:00
2024/04/18, 16:18:49.118,35.95,-74.845, 0.18,241.86,76.55,0.27,16.6,16.6,1013.3,1013.4,0.0,0.0,85.13,78.53,40,33,4.8,6.3,89.5,89.5,4.9,6.4,282.4,275.4,1015.4,1015.5,921.56,357.66,2268.16,30.3464,13.5785,416.8,61.2,1496.706, NAN, NAN, NAN, NAN,,2024/04/18 16:18:49.118,2024-04-18 16:18:49.118000+00:00
2024/04/18, 16:19:49.118,35.95,-74.845, 0.31,239.27,329.56,0.32,16.6,16.6,1013.3,1013.3,0.0,0.0,85.13,78.53,40,33,5.1,6.4,89.6,89.7,5.0,6.3,278.1,271.2,1015.4,1015.4,926.37,357.21,2269.56,30.3399,13.5874,416.3,61.3,1496.728, NAN, NAN, NAN, NAN,,2024/04/18 16:19:49.118,2024-04-18 16:19:49.118000+00:00
2024/04/18, 16:20:49.118,35.95,-74.845, 0.79,221.95,217.59,0.54,16.6,16.6,1013.3,1013.4,0.0,0.0,85.13,78.53,45,39,5.6,6.4,89.6,89.7,5.5,6.3,269.6,263.1,1015.4,1015.5,943.14,357.23,2274.43,30.3346,13.6051,416.8,61.3,1496.78, NAN, NAN, NAN, NAN,,2024/04/18 16:20:49.118,2024-04-18 16:20:49.118000+00:00
2024/04/18, 16:21:49.119,35.95,-74.845, 2.25,162.31,167.27,1.77,16.5,16.6,1013.4,1013.4,0.0,0.0,85.13,78.53,86,75,5.0,5.8,89.6,89.7,4.9,5.5,258.8,246.1,1015.5,1015.5,955.37,358.06,2290.07,30.3283,13.679,416.3,60.9,1497.018, NAN, NAN, NAN, NAN,,2024/04/18 16:21:49.119,2024-04-18 16:21:49.119000+00:00
2024/04/18, 16:22:49.119,35.95,-74.845, 2.97,103.58,111.15,3.21,16.5,16.5,1013.5,1013.4,0.0,0.0,85.13,78.53,176,154,2.6,2.9,89.9,89.9,4.2,4.4,282.3,268.0,1015.6,1015.5,950.4,358.76,2267.19,30.329,13.6511,418.0,60.7,1496.926, NAN, NAN, NAN, NAN,,2024/04/18 16:22:49.119,2024-04-18 16:22:49.119000+00:00
2024/04/18, 16:23:49.119,35.95,-74.843, 4.96,89.22,89.86,5.58,16.5,16.5,1013.6,1013.3,0.0,0.0,85.13,78.53,182,323,0.7,1.4,89.7,89.7,3.6,1.9,269.8,295.2,1015.7,1015.4,926.63,361.34,2245.5,30.3414,13.6014,415.3,61.1,1496.776, NAN, NAN, NAN, NAN,,2024/04/18 16:23:49.119,2024-04-18 16:23:49.119000+00:00
2024/04/18, 16:24:49.119,35.95,-74.841, 7.23,90.93,90.3,7.33,16.4,16.5,1013.5,1013.6,0.0,0.0,85.13,78.53,193,318,1.4,0.6,90.2,90.3,5.1,3.3,273.3,276.1,1015.6,1015.7,922.13,362.39,2248.19,30.4311,13.5779,417.7,61.3,1496.803, NAN, NAN, NAN, NAN,,2024/04/18 16:24:49.119,2024-04-18 16:24:49.119000+00:00
2024/04/18, 16:25:49.119,35.949,-74.838, 9.07,88.37,90.16,9.5,16.5,16.5,1013.3,1013.3,0.0,0.0,85.13,78.53,219,219,1.7,1.9,91.0,90.9,6.3,6.5,280.5,281.3,1015.4,1015.4,923.67,362.42,2245.14,30.5377,13.6583,418.4,61.4,1497.196, NAN, NAN, NAN, NAN,,2024/04/18 16:25:49.119,2024-04-18 16:25:49.119000+00:00
2024/04/18, 16:26:49.119,35.95,-74.835, 10.25,87.67,88.83,10.28,16.6,16.6,1013.6,1013.5,0.0,0.0,85.13,78.53,212,241,0.6,0.6,91.2,91.4,5.8,5.6,271.1,273.4,1015.7,1015.6,930.46,361.78,2254.82,30.61,13.7169,419.3,61.5,1497.475, NAN, NAN, NAN, NAN,,2024/04/18 16:26:49.119,2024-04-18 16:26:49.119000+00:00
2024/04/18, 16:27:49.119,35.95,-74.831, 10.75,86.83,91.2,10.81,16.7,16.7,1013.5,1013.4,0.0,0.0,85.13,78.53,305,286,0.8,1.1,90.6,91.0,5.2,5.4,276.4,280.3,1015.6,1015.5,934.94,361.39,2255.51,30.59,13.7217,416.8,61.5,1497.467, NAN, NAN, NAN, NAN,,2024/04/18 16:27:49.119,2024-04-18 16:27:49.119000+00:00
2024/04/18, 16:28:49.119,35.95,-74.827, 10.72,87.69,86.44,10.97,16.7,16.8,1013.4,1013.5,0.0,0.0,85.13,78.53,305,294,0.8,1.2,90.5,90.2,5.2,5.3,274.3,279.1,1015.5,1015.6,934.21,361.07,2255.05,30.5506,13.7302,416.3,61.4,1497.449, NAN, NAN, NAN, NAN,,2024/04/18 16:28:49.119,2024-04-18 16:28:49.119000+00:00
2024/04/18, 16:29:49.119,35.95,-74.824, 10.71,85.1,88.88,10.7,16.8,16.8,1013.5,1013.4,0.0,0.0,85.13,78.53,297,280,0.7,1.2,89.3,89.6,5.3,5.5,278.0,283.4,1015.6,1015.5,931.95,360.86,2253.32,30.5577,13.7049,414.7,61.3,1497.373, NAN, NAN, NAN, NAN,,2024/04/18 16:29:49.119,2024-04-18 16:29:49.119000+00:00
2024/04/18, 16:30:49.119,35.95,-74.82, 10.74,86.39,85.26,10.74,16.8,16.8,1013.5,1013.4,0.0,0.0,85.13,78.53,296,300,0.9,1.0,89.1,89.5,5.2,5.1,275.1,275.9,1015.6,1015.5,939.02,360.85,2254.98,30.5638,13.6469,414.4,61.3,1497.188, NAN, NAN, NAN, NAN,,2024/04/18 16:30:49.119,2024-04-18 16:30:49.119000+00:00
2024/04/18, 16:31:49.119,35.95,-74.816, 10.80,87.9,83.22,11.01,16.7,16.8,1013.3,1013.3,0.0,0.0,85.13,78.53,315,292,0.7,1.0,89.1,89.4,5.2,5.3,269.9,274.5,1015.4,1015.4,939.08,360.88,2257.44,30.6076,13.6314,476.0,61.2,1497.189, NAN, NAN, NAN, NAN,,2024/04/18 16:31:49.119,2024-04-18 16:31:49.119000+00:00
2024/04/18, 16:32:49.119,35.95,-74.813, 10.80,85.94,91.55,10.95,16.7,16.7,1013.5,1013.4,0.0,0.0,85.13,78.53,304,296,0.8,1.0,89.2,89.5,5.3,5.3,277.0,279.5,1015.6,1015.5,939.17,360.4,2258.28,30.6956,13.5607,414.7,61.3,1497.057, NAN, NAN, NAN, NAN,,2024/04/18 16:32:49.119,2024-04-18 16:32:49.119000+00:00
2024/04/18, 16:33:49.119,35.95,-74.809, 10.82,86.93,81.72,10.72,16.7,16.7,1013.5,1013.5,0.0,0.0,85.13,78.53,286,297,1.1,1.3,89.3,89.5,5.3,5.0,275.9,277.6,1015.6,1015.6,936.8,360.01,2260.26,30.7605,13.5025,413.4,61.2,1496.94, NAN, NAN, NAN, NAN,,2024/04/18 16:33:49.119,2024-04-18 16:33:49.119000+00:00
2024/04/18, 16:34:49.119,35.95,-74.805, 10.79,87.41,90.1,10.91,16.7,16.7,1013.4,1013.3,0.0,0.0,85.13,78.53,287,289,1.3,1.4,89.2,89.5,5.4,5.4,283.2,284.2,1015.5,1015.4,939.29,359.61,2261.42,30.8756,13.356,412.9,61.4,1496.588, NAN, NAN, NAN, NAN,,2024/04/18 16:34:49.119,2024-04-18 16:34:49.119000+00:00
2024/04/18, 16:35:49.119,35.951,-74.801, 10.77,86.3,84.86,10.87,16.7,16.7,1013.5,1013.4,0.0,0.0,85.13,78.53,275,284,1.2,1.2,89.2,89.6,5.6,5.4,278.9,279.0,1015.6,1015.5,939.8,359.7,2263.1,30.9762,13.1971,412.9,61.3,1496.175, NAN, NAN, NAN, NAN,,2024/04/18 16:35:49.119,2024-04-18 16:35:49.119000+00:00
2024/04/18, 16:36:49.120,35.951,-74.798, 10.83,87.1,88.31,10.92,16.7,16.6,1013.6,1013.5,0.0,0.0,85.13,78.53,287,288,1.3,1.6,89.3,89.6,5.4,5.4,281.1,284.3,1015.7,1015.6,940.91,359.18,2264.28,31.062,13.1766,412.9,61.4,1496.208, NAN, NAN, NAN, NAN,,2024/04/18 16:36:49.120,2024-04-18 16:36:49.120000+00:00
2024/04/18, 16:37:49.120,35.951,-74.794, 10.88,87.23,83.45,10.87,16.7,16.6,1013.6,1013.4,0.0,0.0,85.13,78.53,281,286,1.5,1.5,89.4,89.8,5.5,5.3,280.9,280.9,1015.7,1015.5,943.38,358.83,2266.69,31.1553,13.1436,413.2,61.3,1496.207, NAN, NAN, NAN, NAN,,2024/04/18 16:37:49.120,2024-04-18 16:37:49.120000+00:00
2024/04/18, 16:38:49.120,35.951,-74.79, 10.76,90.21,88.85,10.75,16.7,16.6,1013.5,1013.3,0.0,0.0,85.13,78.53,283,283,1.4,1.7,89.5,89.9,5.4,5.4,284.1,287.3,1015.6,1015.4,943.63,358.58,2268.39,31.1992,13.049,412.3,61.3,1495.942, NAN, NAN, NAN, NAN,,2024/04/18 16:38:49.120,2024-04-18 16:38:49.120000+00:00
2024/04/18, 16:39:49.120,35.951,-74.787, 10.51,89.04,89.33,10.68,16.6,16.6,1013.5,1013.3,0.0,0.0,85.13,78.53,280,284,1.4,1.8,89.5,89.9,5.4,5.3,283.4,287.8,1015.6,1015.4,941.16,358.91,2268.89,31.2596,13.0223,412.3,61.4,1495.923, NAN, NAN, NAN, NAN,,2024/04/18 16:39:49.120,2024-04-18 16:39:49.120000+00:00
2024/04/18, 16:40:49.120,35.951,-74.783, 10.50,89.03,89.79,10.37,16.6,16.6,1013.5,1013.4,0.0,0.0,85.13,78.53,273,283,1.6,1.4,89.5,89.9,5.5,5.2,286.9,285.2,1015.6,1015.5,938.92,358.59,2271.26,31.3472,13.0006,413.2,61.5,1495.954, NAN, NAN, NAN, NAN,,2024/04/18 16:40:49.120,2024-04-18 16:40:49.120000+00:00
2024/04/18, 16:41:49.120,35.951,-74.78, 10.48,90.1,89.33,10.4,16.6,16.5,1013.4,1013.4,0.0,0.0,85.13,78.53,277,297,1.5,1.6,89.6,90.0,5.4,4.8,286.7,287.8,1015.5,1015.5,942.54,358.7,2271.69,31.4316,12.9689,412.6,61.5,1495.947, NAN, NAN, NAN, NAN,,2024/04/18 16:41:49.120,2024-04-18 16:41:49.120000+00:00
2024/04/18, 16:42:49.120,35.951,-74.776, 10.54,89.18,91.23,10.43,16.5,16.5,1013.4,1013.4,0.0,0.0,85.13,78.53,288,299,1.5,1.7,89.6,90.0,5.1,4.8,286.8,288.8,1015.5,1015.5,943.83,359.75,2271.84,31.489,12.9259,412.6,61.5,1495.87, NAN, NAN, NAN, NAN,,2024/04/18 16:42:49.120,2024-04-18 16:42:49.120000+00:00
2024/04/18, 16:43:49.120,35.951,-74.772, 10.59,89.21,90.51,10.45,16.5,16.5,1013.5,1013.5,0.0,0.0,85.13,78.53,279,281,1.7,1.3,89.8,90.2,5.4,5.3,288.8,284.7,1015.6,1015.6,944.48,358.46,2272.41,31.5207,12.9324,413.7,61.5,1495.93, NAN, NAN, NAN, NAN,,2024/04/18 16:43:49.120,2024-04-18 16:43:49.120000+00:00
2024/04/18, 16:44:49.120,35.951,-74.769, 10.63,89.2,94.11,10.49,16.5,16.5,1013.4,1013.4,0.0,0.0,85.13,78.53,287,278,1.4,1.7,89.8,90.3,5.2,5.5,285.8,288.8,1015.5,1015.5,945.32,358.36,2274.12,31.5442,12.9576,413.4,61.4,1496.042, NAN, NAN, NAN, NAN,,2024/04/18 16:44:49.120,2024-04-18 16:44:49.120000+00:00
2024/04/18, 16:45:49.120,35.951,-74.765, 9.55,88.96,86.44,8.98,16.5,16.4,1013.5,1013.4,0.0,0.0,85.13,78.53,259,269,1.7,1.7,89.9,90.3,5.2,4.9,287.5,288.9,1015.6,1015.5,948.13,358.24,2276.63,31.5586,12.9704,413.4,61.3,1496.102, NAN, NAN, NAN, NAN,,2024/04/18 16:45:49.120,2024-04-18 16:45:49.120000+00:00
2024/04/18, 16:46:49.120,35.951,-74.763, 6.92,89.55,81.36,6.76,16.5,16.4,1013.4,1013.5,0.0,0.0,85.13,78.53,228,227,2.3,2.2,90.0,90.4,5.2,5.1,285.7,284.7,1015.5,1015.6,947.25,357.19,2274.05,31.5735,12.9312,413.4,61.4,1495.988, NAN, NAN, NAN, NAN,,2024/04/18 16:46:49.120,2024-04-18 16:46:49.120000+00:00
2024/04/18, 16:47:49.120,35.951,-74.761, 5.86,88.45,95.1,5.66,16.5,16.4,1013.4,1013.4,0.0,0.0,85.13,78.53,223,227,2.4,2.4,90.1,90.4,5.0,4.9,289.3,291.1,1015.5,1015.5,946.41,357.09,2273.96,31.6012,12.8528,412.6,61.4,1495.757, NAN, NAN, NAN, NAN,,2024/04/18 16:47:49.120,2024-04-18 16:47:49.120000+00:00
2024/04/18, 16:48:49.120,35.951,-74.759, 5.38,89.97,88.22,5.06,16.4,16.4,1013.5,1013.5,0.0,0.0,85.13,78.53,222,225,3.1,2.4,90.0,90.4,5.3,4.6,292.8,291.4,1015.6,1015.6,946.79,356.35,2273.26,31.6598,12.8136,412.6,61.1,1495.694, NAN, NAN, NAN, NAN,,2024/04/18 16:48:49.120,2024-04-18 16:48:49.120000+00:00
2024/04/18, 16:49:49.120,35.951,-74.757, 4.47,90.07,89.73,4.27,16.4,16.4,1013.3,1013.3,0.0,0.0,85.13,78.53,219,221,3.3,3.2,90.2,90.4,5.2,5.1,293.3,294.2,1015.4,1015.4,949.5,356.04,2273.3,31.7003,12.8033,412.6,61.1,1495.707, NAN, NAN, NAN, NAN,,2024/04/18 16:49:49.120,2024-04-18 16:49:49.120000+00:00
2024/04/18, 16:50:49.120,35.951,-74.756, 2.99,94.37,98.68,2.67,16.4,16.4,1013.4,1013.3,0.0,0.0,85.13,78.53,206,206,3.9,3.8,90.4,90.6,5.2,5.1,293.7,293.5,1015.5,1015.4,947.24,355.53,2273.21,31.7175,12.8265,413.4,61.1,1495.806, NAN, NAN, NAN, NAN,,2024/04/18 16:50:49.120,2024-04-18 16:50:49.120000+00:00
2024/04/18, 16:51:49.121,35.951,-74.755, 2.39,105.82,116.11,2.43,16.4,16.4,1013.3,1013.3,0.0,0.0,85.13,78.53,189,197,3.3,2.3,90.8,91.1,4.5,3.5,292.8,297.4,1015.4,1015.4,934.14,356.86,2269.03,31.7287,12.8285,416.3,61.1,1495.826, NAN, NAN, NAN, NAN,,2024/04/18 16:51:49.121,2024-04-18 16:51:49.121000+00:00
2024/04/18, 16:52:49.121,35.951,-74.754, 2.64,105.11,111.34,2.68,16.5,16.5,1013.4,1013.3,0.0,0.0,85.13,78.53,153,228,0.8,1.2,91.0,90.9,2.1,2.4,277.4,309.1,1015.5,1015.4,935.73,358.44,2277.86,31.7357,12.8151,415.6,61.1,1495.789, NAN, NAN, NAN, NAN,,2024/04/18 16:52:49.121,2024-04-18 16:52:49.121000+00:00
2024/04/18, 16:53:49.121,35.95,-74.754, 2.17,97.66,88.84,1.91,16.5,16.5,1013.4,1013.4,0.0,0.0,85.13,78.53,201,201,4.0,2.6,90.0,90.2,4.9,3.5,293.8,291.9,1015.5,1015.5,936.64,358.44,2263.35,31.7409,12.8157,414.0,61.1,1495.797, NAN, NAN, NAN, NAN,,2024/04/18 16:53:49.121,2024-04-18 16:53:49.121000+00:00
2024/04/18, 16:54:49.121,35.95,-74.753, 1.44,112.26,71.78,1.62,16.6,16.6,1013.4,1013.4,0.0,0.0,85.13,78.53,170,201,0.9,2.0,90.0,90.1,1.7,2.7,277.5,301.6,1015.5,1015.5,932.26,356.93,2267.67,31.741,12.8172,412.3,61.1,1495.802, NAN, NAN, NAN, NAN,,2024/04/18 16:54:49.121,2024-04-18 16:54:49.121000+00:00
2024/04/18, 16:55:49.121,35.95,-74.753, 0.91,155.34,141.8,0.68,16.7,16.7,1013.4,1013.2,0.0,0.0,85.13,78.53,133,129,5.0,4.3,89.2,89.1,5.3,4.6,290.7,287.3,1015.5,1015.3,930.53,352.64,2296.33,31.743,12.811,412.3,61.1,1495.784, NAN, NAN, NAN, NAN,,2024/04/18 16:55:49.121,2024-04-18 16:55:49.121000+00:00
2024/04/18, 16:56:49.121,35.95,-74.753, 0.31,190.45,323.5,0.25,16.6,16.6,1013.3,1013.2,0.0,0.0,85.13,78.53,105,107,5.4,5.3,88.3,88.3,5.4,5.3,296.8,298.8,1015.4,1015.3,925.04,351.73,2307.77,31.7432,12.7825,413.2,61.0,1495.688, NAN, NAN, NAN, NAN,,2024/04/18 16:56:49.121,2024-04-18 16:56:49.121000+00:00
2024/04/18, 16:57:49.121,35.95,-74.753, 0.31,221.19,188.34,0.41,16.4,16.4,1013.2,1013.2,0.0,0.0,85.13,78.53,82,72,5.5,6.1,89.4,89.5,5.5,6.1,305.3,295.2,1015.3,1015.3,977.76,352.87,2305.35,31.7459,12.8502,414.0,61.1,1495.919, NAN, NAN, NAN, NAN,,2024/04/18 16:57:49.121,2024-04-18 16:57:49.121000+00:00
2024/04/18, 16:58:49.121,35.95,-74.753, 0.10,245.79,298.22,0.76,16.3,16.3,1013.5,1013.3,0.0,0.0,85.13,78.53,57,48,5.6,7.2,90.3,90.3,5.2,6.8,302.7,293.2,1015.6,1015.4,966.76,352.18,2294.79,31.7452,12.8853,413.4,61.0,1496.037, NAN, NAN, NAN, NAN,,2024/04/18 16:58:49.121,2024-04-18 16:58:49.121000+00:00
2024/04/18, 16:59:49.121,35.95,-74.753, -0.14,255.2,300.18,0.39,16.3,16.3,1013.2,1013.4,0.0,0.0,85.13,78.53,44,37,5.6,7.4,90.3,91.0,5.4,7.2,298.1,291.2,1015.3,1015.5,949.3,352.49,2287.96,31.7466,12.785,412.6,61.0,1495.7, NAN, NAN, NAN, NAN,,2024/04/18 16:59:49.121,2024-04-18 16:59:49.121000+00:00
2024/04/18, 17:00:49.121,35.95,-74.753, -0.07,252.07,136.9,0.07,16.2,16.2,1013.4,1013.3,0.0,0.0,85.13,78.53,42,37,5.3,6.9,91.2,91.4,5.3,6.9,293.8,288.9,1015.5,1015.4,953.85,352.69,2287.36,31.7465,12.5907,413.4,61.0,1495.042, NAN, NAN, NAN, NAN,,2024/04/18 17:00:49.121,2024-04-18 17:00:49.121000+00:00
2024/04/18, 17:01:49.121,35.95,-74.753, -0.10,252.95,297.66,0.43,16.2,16.2,1013.3,1013.3,0.0,0.0,85.13,78.53,44,38,5.2,6.8,91.3,91.5,5.0,6.6,296.0,290.1,1015.4,1015.4,960.08,353.06,2286.35,31.7459,12.5647,414.4,61.1,1494.953, NAN, NAN, NAN, NAN,,2024/04/18 17:01:49.121,2024-04-18 17:01:49.121000+00:00
2024/04/18, 17:02:49.121,35.95,-74.753, -0.14,253.73,262.16,0.23,16.2,16.2,1013.4,1013.3,0.0,0.0,85.13,78.53,43,37,5.0,6.7,91.4,91.6,4.9,6.6,296.6,290.5,1015.5,1015.4,957.83,353.23,2284.65,31.7465,12.5295,418.0,61.1,1494.835, NAN, NAN, NAN, NAN,,2024/04/18 17:02:49.121,2024-04-18 17:02:49.121000+00:00
2024/04/18, 17:03:49.121,35.95,-74.753, -0.09,252.18,285.0,0.24,16.2,16.2,1013.4,1013.3,0.0,0.0,85.13,78.53,44,38,5.0,6.7,91.6,91.6,4.9,6.6,295.6,289.7,1015.5,1015.4,959.81,353.39,2285.17,31.7438,12.4967,417.7,61.0,1494.72, NAN, NAN, NAN, NAN,,2024/04/18 17:03:49.121,2024-04-18 17:03:49.121000+00:00
2024/04/18, 17:04:49.121,35.95,-74.753, -0.29,254.24,334.92,0.22,16.2,16.2,1013.3,1013.3,0.0,0.0,85.13,78.53,47,40,5.1,6.4,91.8,91.7,5.0,6.3,300.3,293.4,1015.4,1015.4,957.82,353.51,2282.43,31.7428,12.5001,422.0,60.9,1494.73, NAN, NAN, NAN, NAN,,2024/04/18 17:04:49.121,2024-04-18 17:04:49.121000+00:00
2024/04/18, 17:05:49.121,35.95,-74.753, -0.09,254.25,328.12,0.06,16.2,16.2,1013.2,1013.3,0.0,0.0,85.13,78.53,46,40,5.0,6.8,92.0,91.7,5.0,6.8,300.2,294.2,1015.3,1015.4,960.79,354.04,2281.69,31.7447,12.5509,427.8,60.9,1494.905, NAN, NAN, NAN, NAN,,2024/04/18 17:05:49.121,2024-04-18 17:05:49.121000+00:00
2024/04/18, 17:06:49.121,35.95,-74.753, -0.17,254.31,315.06,0.23,16.2,16.2,1013.3,1013.3,0.0,0.0,85.13,78.53,45,39,5.0,6.7,92.2,92.3,4.9,6.6,298.5,292.6,1015.4,1015.4,958.85,354.16,2280.91,31.7631,12.5938,437.6,60.9,1495.073, NAN, NAN, NAN, NAN,,2024/04/18 17:06:49.121,2024-04-18 17:06:49.121000+00:00
2024/04/18, 17:07:49.122,35.95,-74.753, -0.17,255.41,151.78,0.68,16.2,16.2,1013.3,1013.3,0.0,0.0,85.13,78.53,46,41,5.3,6.8,92.1,92.2,5.6,7.1,303.2,298.0,1015.4,1015.4,959.88,354.74,2280.99,31.7924,12.5392,446.7,60.7,1494.922, NAN, NAN, NAN, NAN,,2024/04/18 17:07:49.122,2024-04-18 17:07:49.122000+00:00
2024/04/18, 17:08:49.122,35.95,-74.753, -0.17,252.47,306.74,0.11,16.2,16.2,1013.3,1013.1,0.0,0.0,85.13,78.53,45,40,4.9,6.6,92.4,92.4,4.9,6.6,297.9,292.7,1015.4,1015.2,962.52,354.48,2281.49,31.8592,12.3682,477.6,60.6,1494.419, NAN, NAN, NAN, NAN,,2024/04/18 17:08:49.122,2024-04-18 17:08:49.122000+00:00
2024/04/18, 17:09:49.122,35.95,-74.753, -0.26,253.92,268.92,0.12,16.2,16.2,1013.2,1013.3,0.0,0.0,85.13,78.53,47,40,5.0,6.2,92.2,92.1,4.9,6.1,300.9,293.8,1015.3,1015.4,962.25,354.87,2280.0,31.8715,12.1555,472.6,60.6,1493.706, NAN, NAN, NAN, NAN,,2024/04/18 17:09:49.122,2024-04-18 17:09:49.122000+00:00
2024/04/18, 17:10:49.122,35.95,-74.753, -0.06,253.67,138.9,0.03,16.2,16.2,1013.3,1013.3,0.0,0.0,85.13,78.53,46,39,5.2,6.8,92.1,92.0,5.2,6.8,299.5,292.5,1015.4,1015.4,961.62,354.59,2280.27,31.8765,11.9528,471.5,60.6,1493.015, NAN, NAN, NAN, NAN,,2024/04/18 17:10:49.122,2024-04-18 17:10:49.122000+00:00
2024/04/18, 17:11:49.122,35.95,-74.753, -0.29,250.85,138.0,0.36,16.2,16.2,1013.3,1013.3,0.0,0.0,85.13,78.53,47,40,5.4,6.8,92.3,92.3,5.5,6.9,299.1,292.0,1015.4,1015.4,965.41,354.99,2281.68,31.8305,11.8307,456.1,60.5,1492.539, NAN, NAN, NAN, NAN,,2024/04/18 17:11:49.122,2024-04-18 17:11:49.122000+00:00
2024/04/18, 17:12:49.122,35.95,-74.753, -0.28,254.77,172.68,0.49,16.2,16.2,1013.2,1013.2,0.0,0.0,85.13,78.53,44,37,5.2,6.7,92.4,92.3,5.4,6.9,300.7,293.5,1015.3,1015.3,963.11,355.26,2279.31,31.8485,11.7772,462.4,60.6,1492.375, NAN, NAN, NAN, NAN,,2024/04/18 17:12:49.122,2024-04-18 17:12:49.122000+00:00
2024/04/18, 17:13:49.122,35.95,-74.753, -0.25,254.24,330.3,0.31,16.2,16.3,1013.3,1013.3,0.0,0.0,85.13,78.53,46,40,5.1,7.0,92.5,92.7,5.0,6.9,299.5,293.6,1015.4,1015.4,965.08,355.86,2279.8,31.858,11.8054,474.8,60.4,1492.484, NAN, NAN, NAN, NAN,,2024/04/18 17:13:49.122,2024-04-18 17:13:49.122000+00:00
2024/04/18, 17:14:49.122,35.95,-74.753, -0.32,253.73,295.93,0.34,16.3,16.3,1013.3,1013.2,0.0,0.0,85.13,78.53,47,41,5.4,7.0,92.6,92.7,5.2,6.8,300.9,294.7,1015.4,1015.3,963.62,356.03,2278.74,31.8758,11.7883,480.6,60.6,1492.446, NAN, NAN, NAN, NAN,,2024/04/18 17:14:49.122,2024-04-18 17:14:49.122000+00:00
2024/04/18, 17:15:49.122,35.95,-74.753, 0.00,251.77,299.32,0.39,16.3,16.3,1013.3,1013.3,0.0,0.0,85.13,78.53,49,41,5.3,7.0,92.4,92.4,5.1,6.8,302.0,293.5,1015.4,1015.4,964.46,356.26,2279.44,31.878,11.7415,481.2,60.3,1492.287, NAN, NAN, NAN, NAN,,2024/04/18 17:15:49.122,2024-04-18 17:15:49.122000+00:00
2024/04/18, 17:16:49.122,35.95,-74.753, -0.27,253.92,179.38,0.41,16.3,16.3,1013.4,1013.3,0.0,0.0,85.13,78.53,49,42,5.4,7.0,92.4,92.5,5.5,7.1,304.8,297.5,1015.5,1015.4,964.85,356.79,2278.44,31.891,11.6304,480.0,60.3,1491.917, NAN, NAN, NAN, NAN,,2024/04/18 17:16:49.122,2024-04-18 17:16:49.122000+00:00
2024/04/18, 17:17:49.122,35.95,-74.753, -0.12,255.11,18.55,0.18,16.4,16.4,1013.3,1013.2,0.0,0.0,85.13,78.53,51,44,5.6,7.1,92.5,92.5,5.6,7.1,305.2,298.4,1015.4,1015.3,963.37,356.48,2278.85,31.8814,11.6023,468.8,60.5,1491.807, NAN, NAN, NAN, NAN,,2024/04/18 17:17:49.122,2024-04-18 17:17:49.122000+00:00
2024/04/18, 17:18:49.122,35.95,-74.753, -0.35,252.66,170.68,0.5,16.4,16.4,1013.3,1013.2,0.0,0.0,85.13,78.53,54,47,5.4,6.9,92.2,92.3,5.6,7.1,308.5,301.3,1015.4,1015.3,964.88,356.77,2277.88,31.8569,11.5264,458.0,60.4,1491.514, NAN, NAN, NAN, NAN,,2024/04/18 17:18:49.122,2024-04-18 17:18:49.122000+00:00
2024/04/18, 17:19:49.122,35.95,-74.753, -0.22,254.56,158.77,0.16,16.4,16.4,1013.2,1013.3,0.0,0.0,85.13,78.53,56,49,5.8,7.1,92.0,92.1,5.8,7.1,311.2,304.2,1015.3,1015.4,963.07,357.03,2278.32,31.853,11.5142,458.7,60.4,1491.466, NAN, NAN, NAN, NAN,,2024/04/18 17:19:49.122,2024-04-18 17:19:49.122000+00:00
2024/04/18, 17:20:49.122,35.95,-74.753, -0.04,252.23,325.82,0.06,16.4,16.4,1013.4,1013.2,0.0,0.0,85.13,78.53,56,50,5.8,7.2,91.9,92.0,5.8,7.2,308.4,302.4,1015.5,1015.3,962.11,357.07,2277.03,31.8703,11.507,460.1,60.5,1491.462, NAN, NAN, NAN, NAN,,2024/04/18 17:20:49.122,2024-04-18 17:20:49.122000+00:00
2024/04/18, 17:21:49.122,35.95,-74.753, -0.15,256.27,359.46,0.17,16.4,16.4,1013.3,1013.3,0.0,0.0,85.13,78.53,58,50,5.8,7.3,92.1,92.1,5.7,7.2,314.0,306.0,1015.4,1015.4,961.18,356.96,2276.94,31.8797,11.5323,463.8,60.4,1491.562, NAN, NAN, NAN, NAN,,2024/04/18 17:21:49.122,2024-04-18 17:21:49.122000+00:00
2024/04/18, 17:22:49.122,35.95,-74.753, -0.40,253.47,347.39,0.01,16.4,16.4,1013.3,1013.3,0.0,0.0,85.13,78.53,58,50,5.9,7.3,92.0,92.1,5.9,7.3,311.5,303.5,1015.4,1015.4,961.06,357.84,2277.76,31.8609,11.5533,459.5,60.4,1491.612, NAN, NAN, NAN, NAN,,2024/04/18 17:22:49.122,2024-04-18 17:22:49.122000+00:00
2024/04/18, 17:23:49.123,35.95,-74.753, -0.25,254.88,349.28,0.4,16.4,16.4,1013.2,1013.2,0.0,0.0,85.13,78.53,58,52,5.8,7.0,91.9,92.1,5.7,6.9,311.4,305.6,1015.3,1015.3,962.07,357.64,2278.59,31.8613,11.5793,458.7,60.4,1491.703, NAN, NAN, NAN, NAN,,2024/04/18 17:23:49.123,2024-04-18 17:23:49.123000+00:00
2024/04/18, 17:24:49.123,35.95,-74.753, -0.34,254.18,344.36,0.17,16.4,16.4,1013.2,1013.2,0.0,0.0,85.13,78.53,59,51,6.1,7.6,91.8,91.9,6.0,7.5,313.0,304.9,1015.3,1015.3,959.42,357.4,2277.96,31.8624,11.6332,457.7,60.4,1491.892, NAN, NAN, NAN, NAN,,2024/04/18 17:24:49.123,2024-04-18 17:24:49.123000+00:00
2024/04/18, 17:25:49.123,35.95,-74.753, -0.13,251.83,62.7,0.19,16.4,16.4,1013.2,1013.2,0.0,0.0,85.13,78.53,59,52,6.1,7.4,91.9,92.0,6.1,7.4,310.0,303.1,1015.3,1015.3,959.71,358.06,2278.66,31.8762,11.7179,459.3,60.4,1492.203, NAN, NAN, NAN, NAN,,2024/04/18 17:25:49.123,2024-04-18 17:25:49.123000+00:00
2024/04/18, 17:26:49.123,35.95,-74.753, -0.32,256.07,74.42,0.11,16.4,16.4,1013.2,1013.2,0.0,0.0,85.13,78.53,58,49,6.0,7.5,91.7,91.9,6.0,7.5,313.5,304.6,1015.3,1015.3,958.2,358.11,2277.61,31.8818,11.7256,458.0,60.3,1492.236, NAN, NAN, NAN, NAN,,2024/04/18 17:26:49.123,2024-04-18 17:26:49.123000+00:00
2024/04/18, 17:27:49.123,35.95,-74.753, -0.30,252.35,289.7,0.21,16.4,16.4,1013.2,1013.2,0.0,0.0,85.13,78.53,63,55,5.9,7.1,91.7,91.7,5.8,7.0,315.6,307.4,1015.3,1015.3,958.41,357.92,2278.77,31.8732,11.6296,456.0,60.4,1491.892, NAN, NAN, NAN, NAN,,2024/04/18 17:27:49.123,2024-04-18 17:27:49.123000+00:00
2024/04/18, 17:28:49.123,35.95,-74.753, -0.27,256.58,299.54,0.04,16.4,16.4,1013.2,1013.2,0.0,0.0,85.13,78.53,60,56,6.4,7.6,91.7,91.7,6.4,7.6,316.4,312.5,1015.3,1015.3,955.06,358.06,2276.82,31.8785,11.5569,459.0,60.3,1491.646, NAN, NAN, NAN, NAN,,2024/04/18 17:28:49.123,2024-04-18 17:28:49.123000+00:00
2024/04/18, 17:29:49.123,35.95,-74.753, -0.04,252.74,0.04,0.19,16.4,16.4,1013.2,1013.3,0.0,0.0,85.13,78.53,61,52,6.1,7.7,91.4,91.5,6.2,7.8,313.3,304.5,1015.3,1015.4,956.71,358.01,2277.25,31.8788,11.5023,459.0,60.4,1491.456, NAN, NAN, NAN, NAN,,2024/04/18 17:29:49.123,2024-04-18 17:29:49.123000+00:00
2024/04/18, 17:30:49.123,35.95,-74.753, -0.23,254.62,356.18,0.23,16.4,16.4,1013.2,1013.2,0.0,0.0,85.13,78.53,62,53,6.0,7.5,91.4,91.5,5.9,7.4,316.4,307.3,1015.3,1015.3,953.77,358.13,2276.82,31.8835,11.523,462.7,60.2,1491.534, NAN, NAN, NAN, NAN,,2024/04/18 17:30:49.123,2024-04-18 17:30:49.123000+00:00
2024/04/18, 17:31:49.123,35.95,-74.753, -0.25,255.84,77.1,0.16,16.4,16.4,1013.2,1013.2,0.0,0.0,85.13,78.53,59,51,5.7,7.1,91.2,91.5,5.8,7.2,314.5,306.7,1015.3,1015.3,954.43,357.75,2277.01,31.87,11.5323,457.7,60.4,1491.55, NAN, NAN, NAN, NAN,,2024/04/18 17:31:49.123,2024-04-18 17:31:49.123000+00:00
2024/04/18, 17:32:49.123,35.95,-74.753, -0.06,253.91,186.22,0.11,16.4,16.4,1013.2,1013.0,0.0,0.0,85.13,78.53,59,52,5.9,7.3,90.9,91.0,5.8,7.2,312.8,305.8,1015.3,1015.1,954.59,357.77,2277.43,31.8693,11.606,457.7,60.4,1491.806, NAN, NAN, NAN, NAN,,2024/04/18 17:32:49.123,2024-04-18 17:32:49.123000+00:00
2024/04/18, 17:33:49.123,35.95,-74.753, -0.10,253.86,163.76,0.11,16.4,16.4,1013.3,1013.3,0.0,0.0,85.13,78.53,61,53,6.1,7.3,91.1,91.2,6.1,7.3,315.1,307.1,1015.4,1015.4,952.56,358.01,2277.93,31.877,11.5839,462.7,60.5,1491.738, NAN, NAN, NAN, NAN,,2024/04/18 17:33:49.123,2024-04-18 17:33:49.123000+00:00
2024/04/18, 17:34:49.123,35.95,-74.753, -0.05,253.62,164.49,0.44,16.4,16.4,1013.2,1013.2,0.0,0.0,85.13,78.53,61,55,6.3,7.3,91.0,91.3,6.5,7.5,315.9,309.8,1015.3,1015.3,952.52,357.91,2277.07,31.8848,11.4824,467.8,60.5,1491.394, NAN, NAN, NAN, NAN,,2024/04/18 17:34:49.123,2024-04-18 17:34:49.123000+00:00
2024/04/18, 17:35:49.123,35.95,-74.753, -0.23,252.93,289.92,0.17,16.4,16.4,1013.2,1013.3,0.0,0.0,85.13,78.53,58,53,6.1,7.1,90.8,91.1,6.2,7.2,310.7,305.8,1015.3,1015.4,951.69,357.64,2278.04,31.9026,11.4176,478.2,60.5,1491.189, NAN, NAN, NAN, NAN,,2024/04/18 17:35:49.123,2024-04-18 17:35:49.123000+00:00
2024/04/18, 17:36:49.123,35.95,-74.753, -0.32,228.67,64.84,0.67,16.4,16.4,1013.2,1013.2,0.0,0.0,85.13,78.53,73,70,5.8,6.2,90.9,91.0,5.9,6.3,298.4,295.7,1015.3,1015.3,969.11,358.16,2283.86,31.8978,11.4111,473.9,60.3,1491.16, NAN, NAN, NAN, NAN,,2024/04/18 17:36:49.123,2024-04-18 17:36:49.123000+00:00
2024/04/18, 17:37:49.123,35.95,-74.753, 0.01,184.26,81.38,0.42,16.4,16.4,1013.2,1013.0,0.0,0.0,85.13,78.53,117,115,5.8,5.6,90.7,90.9,5.7,5.5,299.4,297.3,1015.3,1015.1,921.39,357.8,2280.98,31.8796,11.3929,462.8,60.3,1491.075, NAN, NAN, NAN, NAN,,2024/04/18 17:37:49.123,2024-04-18 17:37:49.123000+00:00
2024/04/18, 17:38:49.124,35.951,-74.753, -0.01,142.51,202.46,0.15,16.4,16.4,1013.3,1013.2,0.0,0.0,85.13,78.53,163,165,5.5,5.7,90.3,90.6,5.5,5.7,304.7,306.7,1015.4,1015.3,952.61,358.59,2258.47,31.8635,11.5585,457.1,60.5,1491.633, NAN, NAN, NAN, NAN,,2024/04/18 17:38:49.124,2024-04-18 17:38:49.124000+00:00
2024/04/18, 17:39:49.124,35.951,-74.753, 0.05,129.72,236.26,0.06,16.3,16.4,1013.4,1013.2,0.0,0.0,85.13,78.53,161,209,1.5,2.1,90.1,90.3,1.5,2.1,291.3,339.5,1015.5,1015.3,933.77,360.84,2249.64,31.8328,11.7068,449.2,60.2,1492.112, NAN, NAN, NAN, NAN,,2024/04/18 17:39:49.124,2024-04-18 17:39:49.124000+00:00
2024/04/18, 17:40:49.124,35.951,-74.753, 0.74,125.25,89.79,0.8,16.3,16.3,1013.3,1013.2,0.0,0.0,85.13,78.53,179,172,2.2,1.6,90.5,90.5,2.6,2.0,301.1,294.5,1015.4,1015.3,934.26,360.79,2247.08,31.8103,11.8334,444.3,60.5,1492.524, NAN, NAN, NAN, NAN,,2024/04/18 17:40:49.124,2024-04-18 17:40:49.124000+00:00
2024/04/18, 17:41:49.124,35.95,-74.752, 3.78,130.43,136.95,3.72,16.4,16.4,1013.2,1013.1,0.0,0.0,85.13,78.53,209,194,0.8,0.8,90.3,90.6,2.7,2.7,322.4,318.0,1015.3,1015.2,930.09,360.89,2249.15,31.7835,12.1507,435.2,60.2,1493.585, NAN, NAN, NAN, NAN,,2024/04/18 17:41:49.124,2024-04-18 17:41:49.124000+00:00
2024/04/18, 17:42:49.124,35.949,-74.751, 6.05,130.93,137.81,5.95,16.5,16.4,1013.3,1013.2,0.0,0.0,85.13,78.53,210,224,0.9,0.8,90.0,90.4,3.9,3.7,319.6,321.7,1015.4,1015.3,928.81,361.14,2249.65,31.7688,12.4681,436.9,60.4,1494.652, NAN, NAN, NAN, NAN,,2024/04/18 17:42:49.124,2024-04-18 17:42:49.124000+00:00
2024/04/18, 17:43:49.124,35.948,-74.749, 8.01,129.52,128.64,7.89,16.5,16.5,1013.3,1013.2,0.0,0.0,85.13,78.53,182,193,0.4,0.4,89.7,90.0,4.5,4.4,312.1,313.1,1015.4,1015.3,924.8,360.32,2235.17,31.7651,12.6655,443.3,60.5,1495.318, NAN, NAN, NAN, NAN,,2024/04/18 17:43:49.124,2024-04-18 17:43:49.124000+00:00
2024/04/18, 17:44:49.124,35.946,-74.747, 8.76,129.99,129.52,8.83,16.6,16.5,1013.3,1013.3,0.0,0.0,85.13,78.53,202,327,0.7,0.6,89.0,89.4,5.2,4.1,314.3,316.4,1015.4,1015.4,925.7,359.85,2231.95,31.7566,12.7304,433.1,60.6,1495.528, NAN, NAN, NAN, NAN,,2024/04/18 17:44:49.124,2024-04-18 17:44:49.124000+00:00
2024/04/18, 17:45:49.124,35.945,-74.745, 9.25,128.87,133.88,8.98,16.5,16.5,1013.3,1013.3,0.0,0.0,85.13,78.53,239,273,0.9,0.8,88.6,89.1,5.2,4.7,320.5,322.0,1015.4,1015.4,930.22,360.25,2238.56,31.7493,12.7635,429.4,60.6,1495.631, NAN, NAN, NAN, NAN,,2024/04/18 17:45:49.124,2024-04-18 17:45:49.124000+00:00
2024/04/18, 17:46:49.124,35.943,-74.742, 9.50,129.23,132.74,9.29,16.5,16.5,1013.2,1013.2,0.0,0.0,85.13,78.53,215,350,0.4,0.3,88.7,89.1,5.1,4.5,314.3,312.7,1015.3,1015.3,929.07,359.37,2238.41,31.7468,12.7393,425.1,60.9,1495.546, NAN, NAN, NAN, NAN,,2024/04/18 17:46:49.124,2024-04-18 17:46:49.124000+00:00
2024/04/18, 17:47:49.124,35.941,-74.74, 9.46,128.45,129.4,9.16,16.5,16.5,1013.4,1013.3,0.0,0.0,85.13,78.53,301,309,0.5,0.5,88.5,88.8,4.5,4.4,316.6,316.2,1015.5,1015.4,925.49,358.61,2243.24,31.7458,12.7509,423.8,60.9,1495.584, NAN, NAN, NAN, NAN,,2024/04/18 17:47:49.124,2024-04-18 17:47:49.124000+00:00
2024/04/18, 17:48:49.124,35.94,-74.738, 9.53,128.83,131.3,9.45,16.5,16.5,1013.3,1013.3,0.0,0.0,85.13,78.53,11,39,0.7,0.5,88.2,88.7,4.2,4.5,308.8,306.5,1015.4,1015.4,930.01,358.47,2235.28,31.7442,12.7643,423.0,61.0,1495.628, NAN, NAN, NAN, NAN,,2024/04/18 17:48:49.124,2024-04-18 17:48:49.124000+00:00
2024/04/18, 17:49:49.124,35.938,-74.735, 9.70,128.59,133.15,9.48,16.5,16.4,1013.5,1013.4,0.0,0.0,85.13,78.53,11,327,0.4,0.4,88.2,88.8,4.5,4.6,311.7,315.3,1015.6,1015.5,925.67,358.53,2241.15,31.7445,12.8052,422.4,61.1,1495.766, NAN, NAN, NAN, NAN,,2024/04/18 17:49:49.124,2024-04-18 17:49:49.124000+00:00
2024/04/18, 17:50:49.124,35.936,-74.733, 9.58,129.41,129.64,9.39,16.4,16.4,1013.5,1013.5,0.0,0.0,85.13,78.53,100,96,0.3,0.5,88.4,88.9,4.9,4.9,307.8,305.4,1015.6,1015.6,928.01,357.74,2246.82,31.746,12.8394,422.7,60.9,1495.883, NAN, NAN, NAN, NAN,,2024/04/18 17:50:49.124,2024-04-18 17:50:49.124000+00:00
2024/04/18, 17:51:49.124,35.935,-74.73, 9.67,129.23,130.69,9.57,16.4,16.3,1013.5,1013.4,0.0,0.0,85.13,78.53,19,10,0.7,0.5,88.7,89.1,4.3,4.4,307.5,309.4,1015.6,1015.5,927.4,357.7,2244.94,31.7463,12.7975,422.7,61.0,1495.742, NAN, NAN, NAN, NAN,,2024/04/18 17:51:49.124,2024-04-18 17:51:49.124000+00:00
2024/04/18, 17:52:49.124,35.933,-74.728, 9.73,129.01,132.14,9.72,16.3,16.3,1013.6,1013.5,0.0,0.0,85.13,78.53,1,0,0.5,0.5,88.6,89.2,4.5,4.5,310.8,310.9,1015.7,1015.6,927.75,357.92,2246.44,31.7478,12.7524,422.0,61.1,1495.592, NAN, NAN, NAN, NAN,,2024/04/18 17:52:49.124,2024-04-18 17:52:49.124000+00:00
2024/04/18, 17:53:49.124,35.931,-74.725, 9.64,129.32,130.77,9.59,16.3,16.3,1013.5,1013.6,0.0,0.0,85.13,78.53,35,3,0.5,0.6,89.0,89.5,4.5,4.3,307.4,310.7,1015.6,1015.7,926.62,356.83,2249.78,31.7459,12.7342,423.2,61.1,1495.528, NAN, NAN, NAN, NAN,,2024/04/18 17:53:49.124,2024-04-18 17:53:49.124000+00:00
2024/04/18, 17:54:49.125,35.929,-74.723, 9.71,128.36,134.24,9.48,16.3,16.2,1013.6,1013.3,0.0,0.0,85.13,78.53,30,32,0.9,0.9,88.9,89.6,4.1,4.1,306.3,305.9,1015.7,1015.4,924.84,356.15,2249.8,31.7435,12.7478,423.0,60.9,1495.571, NAN, NAN, NAN, NAN,,2024/04/18 17:54:49.125,2024-04-18 17:54:49.125000+00:00
2024/04/18, 17:55:49.125,35.928,-74.72, 9.80,128.84,131.77,9.67,16.2,16.2,1013.5,1013.4,0.0,0.0,85.13,78.53,43,47,0.8,1.5,88.9,89.5,4.4,4.0,304.5,296.2,1015.6,1015.5,925.49,356.2,2252.91,31.7406,12.7197,424.1,61.1,1495.472, NAN, NAN, NAN, NAN,,2024/04/18 17:55:49.125,2024-04-18 17:55:49.125000+00:00
2024/04/18, 17:56:49.125,35.926,-74.718, 9.77,128.89,127.72,9.46,16.2,16.1,1013.6,1013.5,0.0,0.0,85.13,78.53,10,21,0.9,0.9,89.2,89.8,4.0,4.0,308.2,305.9,1015.7,1015.6,926.56,355.88,2255.66,31.742,12.6993,424.1,61.1,1495.405, NAN, NAN, NAN, NAN,,2024/04/18 17:56:49.125,2024-04-18 17:56:49.125000+00:00
2024/04/18, 17:57:49.125,35.924,-74.716, 9.75,129.0,129.65,9.73,16.2,16.1,1013.5,1013.3,0.0,0.0,85.13,78.53,49,33,0.7,1.4,89.3,89.9,4.6,3.9,304.3,300.0,1015.6,1015.4,924.9,355.67,2253.21,31.7428,12.6896,424.1,61.1,1495.373, NAN, NAN, NAN, NAN,,2024/04/18 17:57:49.125,2024-04-18 17:57:49.125000+00:00
2024/04/18, 17:58:49.125,35.922,-74.713, 9.83,128.79,129.89,9.69,16.2,16.1,1013.5,1013.4,0.0,0.0,85.13,78.53,32,18,1.0,0.9,89.5,90.2,4.1,4.1,304.2,307.7,1015.6,1015.5,924.32,355.22,2254.57,31.7447,12.66,424.8,61.2,1495.275, NAN, NAN, NAN, NAN,,2024/04/18 17:58:49.125,2024-04-18 17:58:49.125000+00:00
2024/04/18, 17:59:49.125,35.921,-74.711, 9.12,128.97,133.15,8.9,16.1,16.0,1013.5,1013.4,0.0,0.0,85.13,78.53,59,80,0.6,0.5,89.7,90.4,4.3,4.5,305.2,305.7,1015.6,1015.5,924.47,356.3,2258.57,31.7478,12.6769,424.4,61.3,1495.336, NAN, NAN, NAN, NAN,,2024/04/18 17:59:49.125,2024-04-18 17:59:49.125000+00:00
2024/04/18, 18:00:49.125,35.919,-74.709, 8.27,128.93,130.47,7.84,16.1,16.0,1013.5,1013.5,0.0,0.0,85.13,78.53,111,99,0.6,0.4,89.9,90.5,4.3,4.1,304.6,306.7,1015.6,1015.6,920.58,356.11,2255.22,31.7515,12.6862,425.7,61.2,1495.372, NAN, NAN, NAN, NAN,,2024/04/18 18:00:49.125,2024-04-18 18:00:49.125000+00:00
2024/04/18, 18:01:49.125,35.918,-74.707, 6.96,128.21,131.2,6.36,16.1,16.0,1013.5,1013.4,0.0,0.0,85.13,78.53,177,134,0.4,0.4,90.1,90.7,3.7,3.5,310.2,305.9,1015.6,1015.5,921.76,356.3,2263.39,31.7558,12.7125,426.0,61.3,1495.466, NAN, NAN, NAN, NAN,,2024/04/18 18:01:49.125,2024-04-18 18:01:49.125000+00:00
2024/04/18, 18:02:49.125,35.917,-74.705, 6.12,129.33,133.15,5.77,16.2,16.0,1013.5,1013.3,0.0,0.0,85.13,78.53,163,170,0.6,0.5,89.8,90.5,3.5,3.5,308.0,309.4,1015.6,1015.4,921.67,356.01,2265.97,31.7613,12.6694,424.8,61.1,1495.327, NAN, NAN, NAN, NAN,,2024/04/18 18:02:49.125,2024-04-18 18:02:49.125000+00:00
2024/04/18, 18:03:49.125,35.916,-74.704, 5.61,134.7,138.18,5.31,16.2,16.0,1013.4,1013.3,0.0,0.0,85.13,78.53,139,147,1.3,1.5,89.2,90.1,3.8,4.0,303.2,304.5,1015.5,1015.4,918.24,355.2,2269.88,31.7662,12.5423,423.5,61.2,1494.901, NAN, NAN, NAN, NAN,,2024/04/18 18:03:49.125,2024-04-18 18:03:49.125000+00:00
2024/04/18, 18:04:49.125,35.915,-74.703, 5.42,135.72,134.37,5.2,16.1,15.9,1013.4,1013.4,0.0,0.0,85.13,78.53,159,201,1.8,2.1,88.9,89.9,4.4,4.7,307.2,324.8,1015.5,1015.5,918.2,354.04,2269.04,31.7678,12.481,423.2,61.1,1494.695, NAN, NAN, NAN, NAN,,2024/04/18 18:04:49.125,2024-04-18 18:04:49.125000+00:00
2024/04/18, 18:05:49.125,35.914,-74.701, 5.38,135.29,135.42,5.12,16.2,15.9,1013.4,1013.3,0.0,0.0,85.13,78.53,167,188,2.0,2.2,89.7,91.0,4.6,4.8,310.8,320.0,1015.5,1015.4,917.44,354.36,2269.17,31.7673,12.5207,423.2,61.1,1494.829, NAN, NAN, NAN, NAN,,2024/04/18 18:05:49.125,2024-04-18 18:05:49.125000+00:00
2024/04/18, 18:06:49.125,35.912,-74.7, 5.46,144.32,144.01,5.26,16.2,16.0,1013.4,1013.4,0.0,0.0,85.13,78.53,146,164,2.1,1.8,89.7,91.0,4.6,4.5,309.6,318.0,1015.5,1015.5,905.19,353.43,2272.51,31.7654,12.4841,423.2,61.1,1494.703, NAN, NAN, NAN, NAN,,2024/04/18 18:06:49.125,2024-04-18 18:06:49.125000+00:00
2024/04/18, 18:07:49.125,35.911,-74.7, 5.31,154.65,155.27,5.25,16.2,16.0,1013.5,1013.3,0.0,0.0,85.13,78.53,122,121,2.2,2.3,89.1,90.6,4.3,4.4,308.9,307.7,1015.6,1015.4,890.91,352.05,2286.43,31.7642,12.4799,424.4,61.0,1494.687, NAN, NAN, NAN, NAN,,2024/04/18 18:07:49.125,2024-04-18 18:07:49.125000+00:00
2024/04/18, 18:08:49.125,35.91,-74.699, 5.41,155.48,156.7,5.11,16.1,16.0,1013.4,1013.3,0.0,0.0,85.13,78.53,126,119,2.3,2.3,89.1,90.3,4.4,4.2,311.4,308.2,1015.5,1015.4,890.65,351.57,2284.44,31.7619,12.4627,423.5,61.0,1494.626, NAN, NAN, NAN, NAN,,2024/04/18 18:08:49.125,2024-04-18 18:08:49.125000+00:00
2024/04/18, 18:09:49.125,35.908,-74.698, 5.57,155.39,159.51,5.31,16.0,15.9,1013.3,1013.3,0.0,0.0,85.13,78.53,120,127,1.8,2.1,89.2,90.5,3.9,4.2,314.9,315.1,1015.4,1015.4,888.47,352.25,2281.4,31.7631,12.4865,424.8,61.0,1494.708, NAN, NAN, NAN, NAN,,2024/04/18 18:09:49.125,2024-04-18 18:09:49.125000+00:00
2024/04/18, 18:10:49.126,35.907,-74.698, 5.34,155.04,160.14,5.15,16.0,15.8,1013.5,1013.3,0.0,0.0,85.13,78.53,132,129,2.4,2.0,89.6,90.8,4.5,4.1,315.3,316.7,1015.6,1015.4,885.89,351.98,2279.87,31.7639,12.5929,424.8,61.0,1495.071, NAN, NAN, NAN, NAN,,2024/04/18 18:10:49.126,2024-04-18 18:10:49.126000+00:00
2024/04/18, 18:11:49.126,35.906,-74.697, 4.25,157.21,159.74,3.64,15.9,15.7,1013.4,1013.5,0.0,0.0,85.13,78.53,136,125,2.8,2.8,90.1,91.4,4.3,4.1,311.8,305.0,1015.5,1015.6,885.05,351.55,2278.41,31.7666,12.6366,425.1,61.0,1495.222, NAN, NAN, NAN, NAN,,2024/04/18 18:11:49.126,2024-04-18 18:11:49.126000+00:00
2024/04/18, 18:12:49.126,35.905,-74.697, 2.46,224.41,220.98,3.33,15.8,15.7,1013.4,1013.2,0.0,0.0,85.13,78.53,99,95,5.1,5.1,90.6,91.6,5.7,5.6,340.5,337.1,1015.5,1015.3,872.98,349.73,2305.34,31.7702,12.6137,424.4,61.2,1495.149, NAN, NAN, NAN, NAN,,2024/04/18 18:12:49.126,2024-04-18 18:12:49.126000+00:00
2024/04/18, 18:13:49.126,35.905,-74.699, 3.42,261.09,257.84,4.73,15.9,15.7,1013.3,1013.3,0.0,0.0,85.13,78.53,55,48,6.7,8.2,91.1,92.0,5.8,7.0,337.0,325.0,1015.4,1015.4,920.38,348.26,2306.19,31.7759,12.6122,424.1,61.1,1495.15, NAN, NAN, NAN, NAN,,2024/04/18 18:13:49.126,2024-04-18 18:13:49.126000+00:00
2024/04/18, 18:14:49.126,35.905,-74.7, 1.81,326.33,298.59,2.32,15.9,15.8,1013.3,1013.3,0.0,0.0,85.13,78.53,23,16,6.4,6.1,90.8,91.7,5.6,5.2,358.0,350.4,1015.4,1015.4,910.21,347.66,2283.32,31.7786,12.6785,425.4,61.1,1495.378, NAN, NAN, NAN, NAN,,2024/04/18 18:14:49.126,2024-04-18 18:14:49.126000+00:00
2024/04/18, 18:15:49.126,35.905,-74.7, 0.41,9.53,297.1,0.83,16.0,15.9,1013.3,1013.2,0.0,0.0,85.13,78.53,313,320,4.8,6.8,90.2,90.9,4.4,6.4,323.4,330.6,1015.4,1015.3,828.7,349.76,2246.51,31.779,12.8037,428.1,61.1,1495.802, NAN, NAN, NAN, NAN,,2024/04/18 18:15:49.126,2024-04-18 18:15:49.126000+00:00
2024/04/18, 18:16:49.126,35.905,-74.7, -0.27,21.69,260.06,1.09,16.0,15.9,1013.4,1013.2,0.0,0.0,85.13,78.53,286,289,5.2,5.8,90.0,90.7,4.8,5.4,312.4,315.1,1015.5,1015.3,878.14,350.79,2236.77,31.7789,12.7907,428.4,61.1,1495.758, NAN, NAN, NAN, NAN,,2024/04/18 18:16:49.126,2024-04-18 18:16:49.126000+00:00
2024/04/18, 18:17:49.126,35.905,-74.701, -0.65,11.03,211.83,1.0,16.0,16.0,1013.3,1013.3,0.0,0.0,85.13,78.53,298,305,4.9,6.2,89.9,90.4,4.9,6.3,315.0,320.7,1015.4,1015.4,781.03,350.55,2238.28,31.7788,12.6876,430.2,61.1,1495.409, NAN, NAN, NAN, NAN,,2024/04/18 18:17:49.126,2024-04-18 18:17:49.126000+00:00
2024/04/18, 18:18:49.126,35.905,-74.701, -1.32,1.7,223.05,1.51,16.0,16.0,1013.4,1013.3,0.0,0.0,85.13,78.53,305,307,4.8,6.5,89.6,90.0,4.8,6.5,316.0,315.6,1015.5,1015.4,795.57,350.43,2238.77,31.7786,12.5933,430.5,61.0,1495.089, NAN, NAN, NAN, NAN,,2024/04/18 18:18:49.126,2024-04-18 18:18:49.126000+00:00
2024/04/18, 18:19:49.126,35.904,-74.701, -0.62,334.37,191.45,1.18,16.0,16.0,1013.3,1013.3,0.0,0.0,85.13,78.53,337,327,4.2,5.6,89.4,89.8,4.6,5.9,317.5,306.7,1015.4,1015.4,909.82,349.36,2253.28,31.7794,12.3637,433.9,60.9,1494.309, NAN, NAN, NAN, NAN,,2024/04/18 18:19:49.126,2024-04-18 18:19:49.126000+00:00
2024/04/18, 18:20:49.126,35.904,-74.701, -1.21,329.33,142.83,1.03,16.0,16.0,1013.4,1013.3,0.0,0.0,85.13,78.53,355,349,4.3,4.2,89.1,89.5,4.8,4.7,323.8,318.4,1015.5,1015.4,908.84,349.64,2258.48,31.775,12.1917,439.2,60.7,1493.715, NAN, NAN, NAN, NAN,,2024/04/18 18:20:49.126,2024-04-18 18:20:49.126000+00:00
2024/04/18, 18:21:49.126,35.904,-74.701, -1.17,332.82,172.24,0.6,16.0,16.0,1013.5,1013.3,0.0,0.0,85.13,78.53,359,350,4.5,4.2,89.0,89.3,4.8,4.5,330.7,322.3,1015.6,1015.4,916.01,349.37,2256.66,31.7765,12.2369,438.5,60.8,1493.872, NAN, NAN, NAN, NAN,,2024/04/18 18:21:49.126,2024-04-18 18:21:49.126000+00:00
2024/04/18, 18:22:49.126,35.904,-74.701, 0.93,324.62,350.48,1.31,16.0,16.0,1013.3,1013.4,0.0,0.0,85.13,78.53,5,358,5.8,5.4,89.0,89.3,5.2,4.8,327.1,319.0,1015.4,1015.5,898.98,348.78,2257.85,31.7772,12.3336,432.1,60.8,1494.204, NAN, NAN, NAN, NAN,,2024/04/18 18:22:49.126,2024-04-18 18:22:49.126000+00:00
2024/04/18, 18:23:49.126,35.904,-74.701, 0.51,324.63,6.07,0.84,15.9,15.9,1013.4,1013.3,0.0,0.0,85.13,78.53,14,9,6.2,5.6,88.8,89.1,5.8,5.2,337.4,331.8,1015.5,1015.4,882.43,349.29,2256.83,31.7829,12.3273,425.4,61.1,1494.189, NAN, NAN, NAN, NAN,,2024/04/18 18:23:49.126,2024-04-18 18:23:49.126000+00:00
2024/04/18, 18:24:49.126,35.905,-74.701, 0.66,328.37,345.98,0.97,15.9,15.9,1013.3,1013.3,0.0,0.0,85.13,78.53,10,5,6.1,5.9,89.0,89.3,5.6,5.4,337.6,332.1,1015.4,1015.4,893.38,349.63,2254.86,31.7824,12.5449,423.0,61.0,1494.93, NAN, NAN, NAN, NAN,,2024/04/18 18:24:49.126,2024-04-18 18:24:49.126000+00:00
2024/04/18, 18:25:49.127,35.905,-74.701, 0.40,327.89,1.8,0.74,15.9,15.9,1013.4,1013.4,0.0,0.0,85.13,78.53,11,4,6.1,5.9,88.8,89.2,5.7,5.5,338.2,330.7,1015.5,1015.5,893.53,349.81,2252.22,31.7808,12.8506,423.0,60.4,1495.962, NAN, NAN, NAN, NAN,,2024/04/18 18:25:49.127,2024-04-18 18:25:49.127000+00:00
2024/04/18, 18:26:49.127,35.905,-74.701, -0.25,327.98,45.61,0.13,16.0,16.0,1013.4,1013.4,0.0,0.0,85.13,78.53,11,3,5.6,5.3,88.3,88.8,5.6,5.3,338.4,330.3,1015.5,1015.5,893.49,350.0,2251.56,31.7791,13.041,424.1,59.7,1496.6, NAN, NAN, NAN, NAN,,2024/04/18 18:26:49.127,2024-04-18 18:26:49.127000+00:00
2024/04/18, 18:27:49.127,35.905,-74.701, -0.01,329.65,296.32,0.13,16.0,16.0,1013.3,1013.4,0.0,0.0,85.13,78.53,10,5,5.7,5.4,88.2,88.5,5.6,5.3,339.7,334.7,1015.4,1015.5,886.97,350.44,2250.44,31.7785,13.1895,426.8,60.1,1497.097, NAN, NAN, NAN, NAN,,2024/04/18 18:27:49.127,2024-04-18 18:27:49.127000+00:00
2024/04/18, 18:28:49.127,35.905,-74.701, -0.19,328.76,284.9,0.57,16.0,16.0,1013.3,1013.4,0.0,0.0,85.13,78.53,9,3,5.6,5.5,88.2,88.4,5.4,5.3,340.3,334.2,1015.4,1015.5,883.43,350.72,2249.96,31.7798,13.2641,426.8,60.1,1497.348, NAN, NAN, NAN, NAN,,2024/04/18 18:28:49.127,2024-04-18 18:28:49.127000+00:00
2024/04/18, 18:29:49.127,35.905,-74.701, 0.04,328.03,297.78,0.54,16.0,16.0,1013.4,1013.3,0.0,0.0,85.13,78.53,9,1,5.6,5.6,88.2,88.4,5.4,5.4,339.0,330.7,1015.5,1015.4,883.08,350.95,2250.61,31.7805,13.142,429.7,60.0,1496.94, NAN, NAN, NAN, NAN,,2024/04/18 18:29:49.127,2024-04-18 18:29:49.127000+00:00
2024/04/18, 18:30:49.127,35.905,-74.701, 0.23,314.57,324.11,0.51,16.0,16.0,1013.4,1013.3,0.0,0.0,85.13,78.53,17,9,5.6,5.4,88.2,88.4,5.4,5.2,333.2,324.9,1015.5,1015.4,877.82,350.82,2255.69,31.7794,13.0214,433.2,60.2,1496.535, NAN, NAN, NAN, NAN,,2024/04/18 18:30:49.127,2024-04-18 18:30:49.127000+00:00
2024/04/18, 18:31:49.127,35.905,-74.701, 0.30,288.88,285.14,1.17,16.0,16.0,1013.4,1013.3,0.0,0.0,85.13,78.53,44,36,5.9,7.6,88.0,88.2,5.5,7.1,337.5,328.0,1015.5,1015.4,892.99,351.07,2269.92,31.7824,13.0724,432.8,60.2,1496.71, NAN, NAN, NAN, NAN,,2024/04/18 18:31:49.127,2024-04-18 18:31:49.127000+00:00
2024/04/18, 18:32:49.127,35.905,-74.702, 2.66,281.08,280.83,3.38,16.0,16.0,1013.3,1013.4,0.0,0.0,85.13,78.53,48,41,6.9,8.6,87.9,88.0,5.9,7.4,341.7,330.9,1015.4,1015.5,885.84,351.44,2274.43,31.78,13.1361,436.6,60.4,1496.92, NAN, NAN, NAN, NAN,,2024/04/18 18:32:49.127,2024-04-18 18:32:49.127000+00:00
2024/04/18, 18:33:49.127,35.906,-74.704, 4.87,280.09,281.07,5.54,15.9,16.0,1013.4,1013.4,0.0,0.0,85.13,78.53,45,39,7.9,9.8,88.0,88.1,6.2,7.7,343.6,332.0,1015.5,1015.5,883.36,351.5,2274.57,31.781,13.0221,440.3,60.5,1496.539, NAN, NAN, NAN, NAN,,2024/04/18 18:33:49.127,2024-04-18 18:33:49.127000+00:00
2024/04/18, 18:34:49.127,35.906,-74.706, 7.00,280.81,285.94,7.06,15.9,16.0,1013.3,1013.4,0.0,0.0,85.13,78.53,41,36,8.7,10.6,88.2,88.3,6.3,7.9,343.0,331.7,1015.4,1015.5,880.86,351.76,2275.15,31.7777,12.8945,440.0,60.7,1496.106, NAN, NAN, NAN, NAN,,2024/04/18 18:34:49.127,2024-04-18 18:34:49.127000+00:00
2024/04/18, 18:35:49.127,35.906,-74.708, 5.05,277.8,282.04,5.02,16.0,16.0,1013.3,1013.3,0.0,0.0,85.13,78.53,45,39,7.9,9.7,88.1,88.3,6.2,7.8,338.9,328.1,1015.4,1015.4,872.42,351.81,2273.38,31.7766,12.8065,442.8,60.8,1495.808, NAN, NAN, NAN, NAN,,2024/04/18 18:35:49.127,2024-04-18 18:35:49.127000+00:00
2024/04/18, 18:36:49.127,35.907,-74.709, 3.65,275.01,269.0,3.96,16.0,16.0,1013.2,1013.3,0.0,0.0,85.13,78.53,52,44,7.1,8.9,87.9,88.0,6.1,7.6,342.7,330.2,1015.3,1015.4,866.84,352.01,2275.35,31.7757,12.7663,437.6,60.7,1495.672, NAN, NAN, NAN, NAN,,2024/04/18 18:36:49.127,2024-04-18 18:36:49.127000+00:00
2024/04/18, 18:37:49.127,35.907,-74.71, 2.79,288.89,285.9,3.13,16.0,16.0,1013.3,1013.4,0.0,0.0,85.13,78.53,49,44,7.4,8.8,87.6,87.9,6.5,7.8,348.9,341.4,1015.4,1015.5,873.96,351.83,2270.55,31.7779,12.8045,433.6,60.7,1495.803, NAN, NAN, NAN, NAN,,2024/04/18 18:37:49.127,2024-04-18 18:37:49.127000+00:00
2024/04/18, 18:38:49.127,35.907,-74.711, 2.27,296.91,297.17,2.51,16.0,16.0,1013.3,1013.4,0.0,0.0,85.13,78.53,40,35,6.8,8.6,87.7,87.8,5.8,7.6,344.8,337.3,1015.4,1015.5,877.0,352.45,2265.37,31.7758,12.872,430.2,60.8,1496.028, NAN, NAN, NAN, NAN,,2024/04/18 18:38:49.127,2024-04-18 18:38:49.127000+00:00
2024/04/18, 18:39:49.127,35.907,-74.712, 1.79,309.36,294.77,2.13,16.0,16.0,1013.4,1013.3,0.0,0.0,85.13,78.53,35,31,6.9,8.0,87.9,88.0,6.2,7.2,351.4,345.9,1015.5,1015.4,862.78,352.69,2260.37,31.7706,12.9056,428.4,60.3,1496.135, NAN, NAN, NAN, NAN,,2024/04/18 18:39:49.127,2024-04-18 18:39:49.127000+00:00
2024/04/18, 18:40:49.127,35.908,-74.713, 1.49,335.88,310.52,1.91,16.0,16.0,1013.3,1013.3,0.0,0.0,85.13,78.53,12,11,6.6,6.6,88.0,88.1,5.8,5.8,352.9,351.7,1015.4,1015.4,857.02,352.15,2241.37,31.7691,12.9574,429.1,60.1,1496.308, NAN, NAN, NAN, NAN,,2024/04/18 18:40:49.127,2024-04-18 18:40:49.127000+00:00
2024/04/18, 18:41:49.128,35.908,-74.713, 1.15,350.69,337.9,1.34,16.0,16.0,1013.4,1013.3,0.0,0.0,85.13,78.53,354,351,6.1,6.4,87.7,87.8,5.4,5.7,345.7,342.3,1015.5,1015.4,864.08,351.95,2231.3,31.7677,13.0338,430.5,60.6,1496.563, NAN, NAN, NAN, NAN,,2024/04/18 18:41:49.128,2024-04-18 18:41:49.128000+00:00
2024/04/18, 18:42:49.128,35.908,-74.713, 0.92,347.46,311.05,1.34,16.0,16.0,1013.3,1013.3,0.0,0.0,85.13,78.53,353,345,6.2,6.1,87.5,87.8,5.6,5.4,343.3,334.4,1015.4,1015.4,854.59,351.88,2232.99,31.7618,13.014,427.5,60.6,1496.489, NAN, NAN, NAN, NAN,,2024/04/18 18:42:49.128,2024-04-18 18:42:49.128000+00:00
2024/04/18, 18:43:49.128,35.909,-74.713, 0.78,345.17,337.48,1.11,16.0,16.0,1013.4,1013.3,0.0,0.0,85.13,78.53,356,352,6.0,5.9,87.6,87.8,5.4,5.3,342.7,338.3,1015.5,1015.4,869.79,351.6,2232.67,31.7582,13.0023,427.8,60.8,1496.446, NAN, NAN, NAN, NAN,,2024/04/18 18:43:49.128,2024-04-18 18:43:49.128000+00:00
2024/04/18, 18:44:49.128,35.909,-74.713, 0.78,346.66,330.32,1.18,15.9,16.0,1013.4,1013.3,0.0,0.0,85.13,78.53,359,355,6.0,5.9,87.8,87.9,5.4,5.3,346.8,342.4,1015.5,1015.4,870.07,351.5,2232.42,31.7549,13.0354,430.2,60.7,1496.553, NAN, NAN, NAN, NAN,,2024/04/18 18:44:49.128,2024-04-18 18:44:49.128000+00:00
2024/04/18, 18:45:49.128,35.909,-74.714, 0.69,345.34,342.7,1.01,15.9,15.9,1013.4,1013.4,0.0,0.0,85.13,78.53,358,352,6.2,5.8,87.8,87.9,5.7,5.3,344.7,338.2,1015.5,1015.5,867.92,351.62,2230.47,31.7606,13.0625,437.2,60.7,1496.651, NAN, NAN, NAN, NAN,,2024/04/18 18:45:49.128,2024-04-18 18:45:49.128000+00:00
2024/04/18, 18:46:49.128,35.909,-74.714, 0.62,345.87,334.61,0.97,15.9,15.9,1013.3,1013.4,0.0,0.0,85.13,78.53,359,355,6.4,5.9,87.9,88.0,5.9,5.4,345.7,341.4,1015.4,1015.5,868.0,351.33,2227.71,31.7647,13.1101,442.8,60.6,1496.815, NAN, NAN, NAN, NAN,,2024/04/18 18:46:49.128,2024-04-18 18:46:49.128000+00:00
2024/04/18, 18:47:49.128,35.91,-74.714, 0.59,346.04,315.25,0.92,15.8,15.8,1013.4,1013.4,0.0,0.0,85.13,78.53,4,356,5.9,5.7,88.2,88.2,5.5,5.3,352.7,344.2,1015.5,1015.5,865.24,351.15,2228.95,31.7659,13.1338,443.0,60.6,1496.896, NAN, NAN, NAN, NAN,,2024/04/18 18:47:49.128,2024-04-18 18:47:49.128000+00:00
2024/04/18, 18:48:49.128,35.91,-74.714, 0.53,345.44,304.13,0.75,15.8,15.8,1013.4,1013.3,0.0,0.0,85.13,78.53,6,358,6.8,6.0,88.3,88.5,6.5,5.6,352.9,344.7,1015.5,1015.4,865.27,351.28,2227.35,31.765,13.1483,445.9,60.7,1496.943, NAN, NAN, NAN, NAN,,2024/04/18 18:48:49.128,2024-04-18 18:48:49.128000+00:00
2024/04/18, 18:49:49.128,35.91,-74.714, 0.50,345.78,320.61,0.98,15.8,15.8,1013.4,1013.3,0.0,0.0,85.13,78.53,4,1,6.2,5.5,88.7,88.6,5.8,5.0,352.1,349.2,1015.5,1015.4,862.66,351.3,2230.4,31.7632,13.1546,443.0,60.8,1496.962, NAN, NAN, NAN, NAN,,2024/04/18 18:49:49.128,2024-04-18 18:49:49.128000+00:00
2024/04/18, 18:50:49.128,35.91,-74.714, 0.48,344.91,358.07,0.79,15.7,15.7,1013.5,1013.3,0.0,0.0,85.13,78.53,6,1,6.0,5.8,88.6,88.6,5.6,5.4,351.9,346.6,1015.6,1015.4,860.6,350.94,2229.15,31.7632,13.1615,444.3,60.6,1496.985, NAN, NAN, NAN, NAN,,2024/04/18 18:50:49.128,2024-04-18 18:50:49.128000+00:00
2024/04/18, 18:51:49.128,35.91,-74.715, 0.51,344.87,20.71,0.66,15.7,15.7,1013.4,1013.4,0.0,0.0,85.13,78.53,6,2,5.8,6.0,88.7,88.8,5.5,5.7,351.0,346.8,1015.5,1015.5,860.75,351.05,2224.8,31.762,13.1522,444.9,60.7,1496.953, NAN, NAN, NAN, NAN,,2024/04/18 18:51:49.128,2024-04-18 18:51:49.128000+00:00
2024/04/18, 18:52:49.128,35.911,-74.715, 0.57,345.37,342.28,0.77,15.6,15.6,1013.3,1013.3,0.0,0.0,85.13,78.53,10,4,6.3,5.9,89.0,89.1,5.9,5.5,357.1,350.8,1015.4,1015.4,856.96,350.81,2224.45,31.7606,13.1688,445.2,60.4,1497.007, NAN, NAN, NAN, NAN,,2024/04/18 18:52:49.128,2024-04-18 18:52:49.128000+00:00
2024/04/18, 18:53:49.128,35.911,-74.715, 0.56,349.59,320.97,0.87,15.6,15.6,1013.3,1013.3,0.0,0.0,85.13,78.53,9,7,6.1,6.6,89.1,89.1,5.7,6.2,359.5,357.3,1015.4,1015.4,853.47,350.96,2221.26,31.7593,13.1713,446.4,60.5,1497.013, NAN, NAN, NAN, NAN,,2024/04/18 18:53:49.128,2024-04-18 18:53:49.128000+00:00
2024/04/18, 18:54:49.128,35.911,-74.715, 0.53,0.64,340.85,0.84,15.5,15.5,1013.4,1013.3,0.0,0.0,85.13,78.53,357,351,6.5,5.9,89.4,89.4,6.1,5.5,359.1,352.8,1015.5,1015.4,794.68,350.87,2212.36,31.7603,13.1898,447.0,60.8,1497.076, NAN, NAN, NAN, NAN,,2024/04/18 18:54:49.128,2024-04-18 18:54:49.128000+00:00
2024/04/18, 18:55:49.128,35.911,-74.715, 0.58,359.84,342.78,0.82,15.5,15.5,1013.3,1013.4,0.0,0.0,85.13,78.53,359,352,7.1,7.1,89.6,89.6,6.7,6.7,0.1,352.6,1015.4,1015.5,790.41,350.71,2213.79,31.7606,13.1793,447.3,60.6,1497.042, NAN, NAN, NAN, NAN,,2024/04/18 18:55:49.128,2024-04-18 18:55:49.128000+00:00
2024/04/18, 18:56:49.128,35.911,-74.715, 0.60,1.08,331.01,1.02,15.4,15.5,1013.4,1013.3,0.0,0.0,85.13,78.53,1,355,6.9,6.6,90.0,90.0,6.5,6.2,5.1,358.9,1015.5,1015.4,789.95,351.17,2211.93,31.7614,13.1551,447.0,60.6,1496.962, NAN, NAN, NAN, NAN,,2024/04/18 18:56:49.128,2024-04-18 18:56:49.128000+00:00
2024/04/18, 18:57:49.129,35.912,-74.715, 0.61,0.73,357.87,0.79,15.4,15.5,1013.3,1013.3,0.0,0.0,85.13,78.53,359,354,6.5,6.7,90.3,90.0,6.1,6.3,0.6,355.3,1015.4,1015.4,793.9,350.81,2212.82,31.7619,13.1561,447.3,60.7,1496.966, NAN, NAN, NAN, NAN,,2024/04/18 18:57:49.129,2024-04-18 18:57:49.129000+00:00
2024/04/18, 18:58:49.129,35.912,-74.716, 0.46,0.31,356.52,0.73,15.4,15.4,1013.3,1013.2,0.0,0.0,85.13,78.53,0,355,6.7,6.8,90.3,90.3,6.4,6.4,1.7,356.4,1015.4,1015.3,790.55,350.7,2211.08,31.7622,13.151,447.0,60.6,1496.949, NAN, NAN, NAN, NAN,,2024/04/18 18:58:49.129,2024-04-18 18:58:49.129000+00:00
2024/04/18, 18:59:49.129,35.912,-74.716, 0.50,0.48,347.9,0.67,15.3,15.4,1013.3,1013.3,0.0,0.0,85.13,78.53,1,356,7.2,7.0,90.4,90.5,6.9,6.7,2.6,357.4,1015.4,1015.4,796.67,350.74,2209.92,31.7597,13.1353,448.0,60.8,1496.893, NAN, NAN, NAN, NAN,,2024/04/18 18:59:49.129,2024-04-18 18:59:49.129000+00:00
2024/04/18, 19:00:49.129,35.912,-74.716, 0.42,0.6,328.11,0.69,15.3,15.3,1013.3,1013.1,0.0,0.0,85.13,78.53,3,357,7.3,7.2,90.5,90.6,7.0,6.9,5.2,359.0,1015.4,1015.2,799.55,350.51,2210.69,31.7614,13.1318,449.6,60.8,1496.884, NAN, NAN, NAN, NAN,,2024/04/18 19:00:49.129,2024-04-18 19:00:49.129000+00:00
2024/04/18, 19:01:49.129,35.912,-74.716, 0.46,0.22,345.15,0.73,15.3,15.3,1013.3,1013.3,0.0,0.0,85.13,78.53,3,355,6.8,6.5,90.5,90.7,6.5,6.1,4.8,356.4,1015.4,1015.4,799.54,350.28,2210.06,31.764,13.1562,448.9,60.8,1496.968, NAN, NAN, NAN, NAN,,2024/04/18 19:01:49.129,2024-04-18 19:01:49.129000+00:00
2024/04/18, 19:02:49.129,35.913,-74.716, 0.40,0.18,351.13,0.55,15.2,15.3,1013.2,1013.3,0.0,0.0,85.13,78.53,2,356,7.1,6.6,90.7,90.8,6.8,6.3,2.9,356.7,1015.3,1015.4,796.86,350.57,2206.6,31.7619,13.1695,448.3,60.7,1497.01, NAN, NAN, NAN, NAN,,2024/04/18 19:02:49.129,2024-04-18 19:02:49.129000+00:00
2024/04/18, 19:03:49.129,35.913,-74.716, 0.35,0.94,324.14,0.75,15.2,15.2,1013.3,1013.2,0.0,0.0,85.13,78.53,3,357,7.0,6.9,91.0,90.9,6.7,6.6,5.6,359.3,1015.4,1015.3,797.86,350.06,2207.07,31.761,13.1519,448.6,60.7,1496.951, NAN, NAN, NAN, NAN,,2024/04/18 19:03:49.129,2024-04-18 19:03:49.129000+00:00
2024/04/18, 19:04:49.129,35.913,-74.716, 0.37,0.85,309.11,0.71,15.1,15.2,1013.3,1013.2,0.0,0.0,85.13,78.53,1,356,6.7,6.7,91.2,91.3,6.4,6.4,4.0,358.8,1015.4,1015.3,797.78,350.38,2207.36,31.7608,13.127,449.6,60.7,1496.867, NAN, NAN, NAN, NAN,,2024/04/18 19:04:49.129,2024-04-18 19:04:49.129000+00:00
2024/04/18, 19:05:49.129,35.913,-74.717, 0.33,0.64,347.62,0.62,15.1,15.1,1013.3,1013.3,0.0,0.0,85.13,78.53,1,358,6.6,6.6,91.4,91.5,6.3,6.3,3.1,360.0,1015.4,1015.4,799.61,349.81,2207.39,31.7609,13.1105,452.9,60.6,1496.812, NAN, NAN, NAN, NAN,,2024/04/18 19:05:49.129,2024-04-18 19:05:49.129000+00:00
2024/04/18, 19:06:49.129,35.913,-74.717, 1.15,339.33,348.25,1.55,15.1,15.1,1013.3,1013.3,0.0,0.0,85.13,78.53,15,7,7.2,6.9,91.5,91.4,6.4,6.1,356.1,347.1,1015.4,1015.4,813.53,349.87,2216.46,31.7606,13.0876,451.3,60.6,1496.735, NAN, NAN, NAN, NAN,,2024/04/18 19:06:49.129,2024-04-18 19:06:49.129000+00:00
2024/04/18, 19:07:49.129,35.914,-74.717, 3.35,306.87,312.82,3.78,15.0,15.0,1013.3,1013.3,0.0,0.0,85.13,78.53,43,35,8.4,10.1,91.7,91.7,7.0,8.5,359.9,348.6,1015.4,1015.4,763.65,350.1,2238.41,31.762,13.0768,452.0,60.7,1496.7, NAN, NAN, NAN, NAN,,2024/04/18 19:07:49.129,2024-04-18 19:07:49.129000+00:00
2024/04/18, 19:08:49.129,35.914,-74.719, 5.23,279.97,282.15,5.75,15.0,15.0,1013.1,1013.3,0.0,0.0,85.13,78.53,63,55,8.2,9.5,92.1,92.1,7.3,8.1,3.9,352.1,1015.2,1015.4,803.63,350.92,2252.93,31.7623,13.1053,454.0,60.5,1496.796, NAN, NAN, NAN, NAN,,2024/04/18 19:08:49.129,2024-04-18 19:08:49.129000+00:00
2024/04/18, 19:09:49.129,35.915,-74.721, 7.20,276.29,279.06,7.64,14.9,15.0,1013.2,1013.2,0.0,0.0,85.13,78.53,63,58,8.4,9.4,92.3,92.3,7.4,8.0,7.2,358.7,1015.3,1015.3,803.32,350.71,2254.39,31.7626,13.1633,451.6,60.8,1496.991, NAN, NAN, NAN, NAN,,2024/04/18 19:09:49.129,2024-04-18 19:09:49.129000+00:00
2024/04/18, 19:10:49.129,35.915,-74.724, 9.29,276.7,276.37,9.8,14.9,14.9,1013.3,1013.2,0.0,0.0,85.13,78.53,57,52,9.2,10.5,92.3,92.4,7.8,8.5,6.9,357.0,1015.4,1015.3,801.96,351.14,2254.88,31.7654,13.2078,441.6,60.8,1497.143, NAN, NAN, NAN, NAN,,2024/04/18 19:10:49.129,2024-04-18 19:10:49.129000+00:00
2024/04/18, 19:11:49.129,35.915,-74.727, 9.86,276.07,275.82,10.82,14.9,14.9,1013.3,1013.3,0.0,0.0,85.13,78.53,55,50,9.5,11.2,92.7,92.7,7.9,8.9,6.9,355.4,1015.4,1015.4,795.08,350.7,2253.37,31.7666,13.2014,437.9,61.1,1497.123, NAN, NAN, NAN, NAN,,2024/04/18 19:11:49.129,2024-04-18 19:11:49.129000+00:00
2024/04/18, 19:12:49.130,35.916,-74.731, NAN,277.04,278.78,11.06,14.8,14.9,1013.3,1013.2,0.0,0.0,85.13,78.53,54,49,9.6,11.2,93.0,93.0,7.8,8.6,7.4,355.9,1015.4,1015.3,796.7,350.42,2252.15,31.7664,13.1772,436.1,61.1,1497.042, NAN, NAN, NAN, NAN,,2024/04/18 19:12:49.130,2024-04-18 19:12:49.130000+00:00
2024/04/18, 19:13:49.130,35.916,-74.735, NAN,277.04,275.83,11.25,14.8,14.8,1013.2,1013.2,0.0,0.0,85.13,78.53,55,50,9.7,11.5,93.1,93.0,8.0,9.0,8.6,356.7,1015.3,1015.3,793.99,350.7,2249.18,31.7663,13.1439,435.8,60.9,1496.93, NAN, NAN, NAN, NAN,,2024/04/18 19:13:49.130,2024-04-18 19:13:49.130000+00:00
2024/04/18, 19:14:49.130,35.916,-74.739, NAN,274.78,277.37,11.03,14.8,14.8,1013.2,1013.2,0.0,0.0,85.13,78.53,56,50,9.1,10.9,93.3,93.3,7.2,8.1,9.3,355.3,1015.3,1015.3,785.53,350.33,2251.71,31.7646,13.0724,434.5,60.9,1496.689, NAN, NAN, NAN, NAN,,2024/04/18 19:14:49.130,2024-04-18 19:14:49.130000+00:00
2024/04/18, 19:15:49.130,35.917,-74.743, NAN,275.86,273.77,11.21,14.8,14.8,1013.2,1013.1,0.0,0.0,85.13,78.53,56,51,9.3,11.0,93.3,93.3,7.8,8.7,10.0,358.2,1015.3,1015.2,784.69,350.21,2248.05,31.7637,13.042,434.5,61.0,1496.586, NAN, NAN, NAN, NAN,,2024/04/18 19:15:49.130,2024-04-18 19:15:49.130000+00:00
2024/04/18, 19:16:49.130,35.917,-74.746, NAN,277.63,275.43,11.22,14.7,14.8,1013.2,1013.3,0.0,0.0,85.13,78.53,56,51,9.1,10.6,93.4,93.3,7.7,8.5,12.6,1.5,1015.3,1015.4,780.83,350.13,2249.32,31.7623,13.048,436.1,61.1,1496.604, NAN, NAN, NAN, NAN,,2024/04/18 19:16:49.130,2024-04-18 19:16:49.130000+00:00
2024/04/18, 19:17:49.130,35.918,-74.75, NAN,276.28,278.37,11.05,14.7,14.7,1013.3,1013.2,0.0,0.0,85.13,78.53,56,50,9.0,10.7,93.4,93.5,7.4,8.2,11.3,357.9,1015.4,1015.3,778.91,350.26,2249.93,31.76,13.0587,436.4,61.1,1496.637, NAN, NAN, NAN, NAN,,2024/04/18 19:17:49.130,2024-04-18 19:17:49.130000+00:00
2024/04/18, 19:18:49.130,35.918,-74.754, NAN,275.66,276.85,11.31,14.7,14.7,1013.0,1013.0,0.0,0.0,85.13,78.53,56,48,8.9,10.5,93.6,93.6,7.3,7.8,12.2,356.7,1015.1,1015.1,774.69,350.06,2247.12,31.756,13.0483,436.1,61.1,1496.598, NAN, NAN, NAN, NAN,,2024/04/18 19:18:49.130,2024-04-18 19:18:49.130000+00:00
2024/04/18, 19:19:49.130,35.918,-74.758, NAN,276.05,275.1,11.1,14.7,14.7,1013.2,1013.2,0.0,0.0,85.13,78.53,57,50,9.1,10.8,93.5,93.7,7.6,8.3,11.7,357.5,1015.3,1015.3,768.78,350.14,2247.45,31.7528,13.0366,436.9,61.1,1496.555, NAN, NAN, NAN, NAN,,2024/04/18 19:19:49.130,2024-04-18 19:19:49.130000+00:00
2024/04/18, 19:20:49.130,35.919,-74.762, NAN,276.42,278.25,11.12,14.6,14.7,1013.3,1013.2,0.0,0.0,85.13,78.53,57,51,9.2,10.9,93.6,93.7,7.7,8.5,11.7,358.7,1015.4,1015.3,769.66,350.04,2245.98,31.7488,13.0403,438.2,61.2,1496.562, NAN, NAN, NAN, NAN,,2024/04/18 19:20:49.130,2024-04-18 19:20:49.130000+00:00
2024/04/18, 19:21:49.130,35.919,-74.765, NAN,277.2,278.56,11.22,14.6,14.6,1013.2,1013.2,0.0,0.0,85.13,78.53,57,50,8.9,10.6,93.8,93.8,7.5,8.2,14.2,359.8,1015.3,1015.3,765.87,349.74,2247.03,31.7462,13.0356,438.8,61.3,1496.543, NAN, NAN, NAN, NAN,,2024/04/18 19:21:49.130,2024-04-18 19:21:49.130000+00:00
2024/04/18, 19:22:49.130,35.919,-74.769, NAN,276.37,275.51,11.2,14.6,14.6,1013.2,1013.2,0.0,0.0,85.13,78.53,57,50,9.2,10.6,93.8,93.9,7.8,8.2,11.9,359.0,1015.3,1015.3,763.06,349.83,2249.12,31.7445,13.0223,438.2,61.3,1496.497, NAN, NAN, NAN, NAN,,2024/04/18 19:22:49.130,2024-04-18 19:22:49.130000+00:00
2024/04/18, 19:23:49.130,35.92,-74.773, NAN,276.45,276.9,11.28,14.5,14.5,1013.2,1013.2,0.0,0.0,85.13,78.53,57,50,8.7,10.6,94.1,94.1,7.5,8.3,14.6,359.4,1015.3,1015.3,759.81,349.62,2247.87,31.7421,13.0017,440.0,60.9,1496.425, NAN, NAN, NAN, NAN,,2024/04/18 19:23:49.130,2024-04-18 19:23:49.130000+00:00
2024/04/18, 19:24:49.130,35.92,-74.777, NAN,275.61,275.98,10.86,14.5,14.5,1013.0,1013.2,0.0,0.0,85.13,78.53,55,50,8.5,10.5,94.0,94.1,6.9,8.0,11.5,357.2,1015.1,1015.3,753.21,349.86,2247.44,31.7439,13.0821,440.0,60.8,1496.697, NAN, NAN, NAN, NAN,,2024/04/18 19:24:49.130,2024-04-18 19:24:49.130000+00:00
2024/04/18, 19:25:49.130,35.92,-74.781, NAN,275.81,273.75,11.09,14.5,14.5,1013.2,1013.0,0.0,0.0,85.13,78.53,57,49,8.6,10.1,94.3,94.3,7.3,7.7,13.8,358.9,1015.3,1015.1,751.61,350.15,2245.68,31.7458,13.2484,440.6,60.8,1497.255, NAN, NAN, NAN, NAN,,2024/04/18 19:25:49.130,2024-04-18 19:25:49.130000+00:00
2024/04/18, 19:26:49.130,35.921,-74.784, NAN,275.97,277.73,11.12,14.5,14.5,1013.1,1013.2,0.0,0.0,85.13,78.53,59,52,8.2,9.6,94.3,94.4,7.2,7.6,17.9,4.5,1015.2,1015.3,748.18,349.65,2246.29,31.7452,13.338,440.6,60.7,1497.553, NAN, NAN, NAN, NAN,,2024/04/18 19:26:49.130,2024-04-18 19:26:49.130000+00:00
2024/04/18, 19:27:49.130,35.921,-74.788, NAN,275.56,278.37,10.94,14.4,14.5,1013.2,1013.1,0.0,0.0,85.13,78.53,58,52,8.2,9.8,94.4,94.5,7.0,7.6,16.1,2.5,1015.3,1015.2,746.98,349.85,2243.63,31.7275,13.4169,440.0,60.8,1497.795, NAN, NAN, NAN, NAN,,2024/04/18 19:27:49.130,2024-04-18 19:27:49.130000+00:00
2024/04/18, 19:28:49.131,35.921,-74.792, NAN,275.9,274.16,11.09,14.4,14.4,1013.0,1013.2,0.0,0.0,85.13,78.53,58,51,8.2,9.7,94.6,94.7,7.2,7.7,16.7,2.9,1015.1,1015.3,740.25,349.28,2245.37,31.6801,13.4668,442.5,60.9,1497.904, NAN, NAN, NAN, NAN,,2024/04/18 19:28:49.131,2024-04-18 19:28:49.131000+00:00
2024/04/18, 19:29:49.131,35.921,-74.796, NAN,275.4,279.68,11.24,14.4,14.4,1013.2,1013.2,0.0,0.0,85.13,78.53,61,53,8.1,9.7,94.7,94.8,7.2,7.6,20.3,4.9,1015.3,1015.3,739.02,349.46,2243.98,31.6209,13.4894,444.6,60.9,1497.91, NAN, NAN, NAN, NAN,,2024/04/18 19:29:49.131,2024-04-18 19:29:49.131000+00:00
2024/04/18, 19:30:49.131,35.922,-74.799, NAN,275.27,277.33,10.99,14.4,14.4,1013.2,1013.2,0.0,0.0,85.13,78.53,55,53,7.3,8.9,94.7,94.8,6.0,6.9,19.4,7.7,1015.3,1015.3,733.49,349.5,2244.39,31.5367,13.493,446.4,60.8,1497.823, NAN, NAN, NAN, NAN,,2024/04/18 19:30:49.131,2024-04-18 19:30:49.131000+00:00
2024/04/18, 19:31:49.131,35.922,-74.803, NAN,275.73,274.71,11.06,14.4,14.4,1013.2,1013.2,0.0,0.0,85.13,78.53,58,52,7.5,8.9,94.9,95.0,6.7,7.2,20.5,7.4,1015.3,1015.3,728.23,349.05,2245.07,31.5106,13.5344,447.6,60.8,1497.929, NAN, NAN, NAN, NAN,,2024/04/18 19:31:49.131,2024-04-18 19:31:49.131000+00:00
2024/04/18, 19:32:49.131,35.922,-74.807, NAN,275.61,277.14,11.18,14.4,14.4,1013.2,1013.3,0.0,0.0,85.13,78.53,60,54,7.7,9.0,95.0,95.1,6.9,7.3,21.5,9.2,1015.3,1015.4,728.74,348.57,2244.99,31.4839,13.5831,448.6,60.9,1498.059, NAN, NAN, NAN, NAN,,2024/04/18 19:32:49.131,2024-04-18 19:32:49.131000+00:00
2024/04/18, 19:33:49.131,35.923,-74.811, NAN,275.52,278.14,11.09,14.3,14.4,1013.2,1013.2,0.0,0.0,85.13,78.53,59,52,7.4,8.8,95.0,95.1,6.6,7.0,22.0,7.8,1015.3,1015.3,722.58,348.3,2244.55,31.4254,13.6569,448.6,60.9,1498.234, NAN, NAN, NAN, NAN,,2024/04/18 19:33:49.131,2024-04-18 19:33:49.131000+00:00
2024/04/18, 19:34:49.131,35.923,-74.815, NAN,275.96,272.22,11.09,14.3,14.4,1013.3,1013.2,0.0,0.0,85.13,78.53,58,54,7.5,9.0,95.2,95.3,6.8,7.5,20.7,9.1,1015.4,1015.3,720.33,348.33,2241.64,31.3499,13.7733,448.6,60.8,1498.53, NAN, NAN, NAN, NAN,,2024/04/18 19:34:49.131,2024-04-18 19:34:49.131000+00:00
2024/04/18, 19:35:49.131,35.923,-74.818, NAN,274.89,271.4,10.96,14.3,14.3,1013.3,1013.3,0.0,0.0,85.13,78.53,57,50,7.4,8.9,95.2,95.3,6.5,6.9,19.1,4.2,1015.4,1015.4,714.3,348.5,2242.34,31.2722,13.8311,449.7,60.8,1498.629, NAN, NAN, NAN, NAN,,2024/04/18 19:35:49.131,2024-04-18 19:35:49.131000+00:00
2024/04/18, 19:36:49.131,35.923,-74.822, NAN,275.45,272.89,11.14,14.3,14.3,1013.3,1013.3,0.0,0.0,85.13,78.53,61,49,7.2,8.8,95.4,95.5,6.8,6.8,24.6,5.0,1015.4,1015.4,713.11,348.6,2241.26,31.1548,13.9251,449.6,60.9,1498.801, NAN, NAN, NAN, NAN,,2024/04/18 19:36:49.131,2024-04-18 19:36:49.131000+00:00
2024/04/18, 19:37:49.131,35.923,-74.826, NAN,275.82,276.85,11.24,14.3,14.3,1013.2,1013.3,0.0,0.0,85.13,78.53,56,51,7.2,8.8,95.5,95.6,6.3,6.9,21.9,7.8,1015.3,1015.4,712.65,348.54,2241.54,31.0529,14.0198,450.0,61.2,1498.992, NAN, NAN, NAN, NAN,,2024/04/18 19:37:49.131,2024-04-18 19:37:49.131000+00:00
2024/04/18, 19:38:49.131,35.924,-74.83, NAN,275.33,272.84,10.88,14.3,14.3,1013.3,1013.3,0.0,0.0,85.13,78.53,61,55,6.9,8.3,95.5,95.6,6.4,6.8,25.9,12.3,1015.4,1015.4,704.95,348.62,2238.66,30.9615,14.051,450.7,61.1,1498.987, NAN, NAN, NAN, NAN,,2024/04/18 19:38:49.131,2024-04-18 19:38:49.131000+00:00
2024/04/18, 19:39:49.131,35.924,-74.833, NAN,276.12,272.02,10.92,14.3,14.3,1013.2,1013.3,0.0,0.0,85.13,78.53,60,53,7.1,8.1,95.6,95.7,6.7,6.7,24.0,12.4,1015.3,1015.4,703.02,349.01,2239.09,30.8456,14.0812,452.0,61.1,1498.95, NAN, NAN, NAN, NAN,,2024/04/18 19:39:49.131,2024-04-18 19:39:49.131000+00:00
2024/04/18, 19:40:49.131,35.924,-74.837, NAN,276.83,271.1,11.18,14.3,14.3,1013.3,1013.3,0.0,0.0,85.13,78.53,59,51,6.7,7.8,95.8,96.0,6.6,6.6,27.0,14.0,1015.4,1015.4,699.65,348.81,2239.06,30.7584,14.1287,454.0,61.1,1499.004, NAN, NAN, NAN, NAN,,2024/04/18 19:40:49.131,2024-04-18 19:40:49.131000+00:00
2024/04/18, 19:41:49.131,35.924,-74.841, NAN,276.2,273.12,11.08,14.3,14.3,1013.3,1013.4,0.0,0.0,85.13,78.53,61,53,6.9,8.5,95.8,95.9,6.8,7.1,26.5,10.8,1015.4,1015.5,699.45,348.67,2240.01,30.6911,14.1548,453.4,61.2,1499.01, NAN, NAN, NAN, NAN,,2024/04/18 19:41:49.131,2024-04-18 19:41:49.131000+00:00
2024/04/18, 19:42:49.131,35.925,-74.845, NAN,274.38,268.52,10.86,14.3,14.3,1013.3,1013.3,0.0,0.0,85.13,78.53,61,58,6.8,7.7,95.8,96.0,6.6,7.0,24.5,16.8,1015.4,1015.4,691.04,348.56,2236.99,30.6295,14.1598,454.0,60.9,1498.955, NAN, NAN, NAN, NAN,,2024/04/18 19:42:49.131,2024-04-18 19:42:49.131000+00:00
2024/04/18, 19:43:49.132,35.925,-74.848, NAN,274.51,273.62,11.22,14.3,14.3,1013.3,1013.3,0.0,0.0,85.13,78.53,57,53,6.0,7.6,95.9,96.0,5.7,6.3,30.3,15.4,1015.4,1015.4,693.58,348.93,2236.5,30.5665,14.2102,454.7,61.0,1499.046, NAN, NAN, NAN, NAN,,2024/04/18 19:43:49.132,2024-04-18 19:43:49.132000+00:00
2024/04/18, 19:44:49.132,35.925,-74.852, NAN,275.43,270.37,11.15,14.3,14.3,1013.2,1013.4,0.0,0.0,85.13,78.53,62,55,6.6,7.8,96.2,96.2,6.7,6.8,28.5,16.0,1015.3,1015.5,688.4,348.52,2232.76,30.5249,14.2914,455.3,61.1,1499.262, NAN, NAN, NAN, NAN,,2024/04/18 19:44:49.132,2024-04-18 19:44:49.132000+00:00
2024/04/18, 19:45:49.132,35.925,-74.856, NAN,275.48,274.7,11.14,14.3,14.3,1013.2,1013.3,0.0,0.0,85.13,78.53,61,52,6.2,7.6,96.4,96.4,6.1,6.1,31.9,15.3,1015.3,1015.4,685.55,348.86,2236.38,30.4832,14.3465,455.3,61.1,1499.393, NAN, NAN, NAN, NAN,,2024/04/18 19:45:49.132,2024-04-18 19:45:49.132000+00:00
2024/04/18, 19:46:49.132,35.925,-74.86, NAN,276.04,269.78,11.26,14.3,14.4,1013.3,1013.3,0.0,0.0,85.13,78.53,63,56,6.6,8.0,96.5,96.6,7.0,7.3,29.4,16.3,1015.4,1015.4,681.72,348.97,2231.98,30.4394,14.4328,455.3,61.3,1499.623, NAN, NAN, NAN, NAN,,2024/04/18 19:46:49.132,2024-04-18 19:46:49.132000+00:00
2024/04/18, 19:47:49.132,35.925,-74.864, NAN,275.79,275.33,11.19,14.3,14.4,1013.4,1013.3,0.0,0.0,85.13,78.53,59,57,6.6,7.6,96.6,96.6,6.3,6.8,27.6,19.5,1015.5,1015.4,681.18,348.95,2231.99,30.403,14.4731,457.1,61.3,1499.711, NAN, NAN, NAN, NAN,,2024/04/18 19:47:49.132,2024-04-18 19:47:49.132000+00:00
2024/04/18, 19:48:49.132,35.926,-74.868, NAN,276.36,273.48,11.36,14.3,14.3,1013.2,1013.3,0.0,0.0,85.13,78.53,61,58,6.4,7.5,96.8,96.8,6.5,6.9,31.3,22.0,1015.3,1015.4,679.33,348.84,2236.74,30.3279,14.5061,458.4,61.1,1499.731, NAN, NAN, NAN, NAN,,2024/04/18 19:48:49.132,2024-04-18 19:48:49.132000+00:00
2024/04/18, 19:49:49.132,35.926,-74.871, NAN,275.93,272.04,11.08,14.3,14.3,1013.3,1013.3,0.0,0.0,85.13,78.53,66,57,6.9,8.0,96.9,96.9,7.1,7.0,30.0,16.9,1015.4,1015.4,674.98,348.78,2250.16,30.2687,14.5084,459.3,61.3,1499.669, NAN, NAN, NAN, NAN,,2024/04/18 19:49:49.132,2024-04-18 19:49:49.132000+00:00
2024/04/18, 19:50:49.132,35.926,-74.875, NAN,274.91,269.24,10.91,14.3,14.3,1013.3,1013.3,0.0,0.0,85.13,78.53,68,60,6.7,7.5,97.0,97.1,7.1,7.0,30.6,20.3,1015.4,1015.4,665.66,352.16,2240.99,30.2253,14.5615,460.8,61.1,1499.791, NAN, NAN, NAN, NAN,,2024/04/18 19:50:49.132,2024-04-18 19:50:49.132000+00:00
2024/04/18, 19:51:49.132,35.926,-74.879, NAN,276.12,270.12,11.0,14.3,14.3,1013.3,1013.3,0.0,0.0,85.13,78.53,66,64,6.4,6.8,97.0,97.1,6.9,7.0,32.1,28.3,1015.4,1015.4,686.81,355.71,2337.95,30.2083,14.6257,461.7,61.2,1499.979, NAN, NAN, NAN, NAN,,2024/04/18 19:51:49.132,2024-04-18 19:51:49.132000+00:00
2024/04/18, 19:52:49.132,35.926,-74.883, NAN,276.22,269.43,11.08,14.3,14.3,1013.3,1013.3,0.0,0.0,85.13,78.53,63,61,6.6,7.2,97.3,97.2,6.9,7.1,29.3,24.2,1015.4,1015.4,653.8,372.33,2133.5,30.1656,14.688,461.7,61.3,1500.131, NAN, NAN, NAN, NAN,,2024/04/18 19:52:49.132,2024-04-18 19:52:49.132000+00:00
2024/04/18, 19:53:49.132,35.926,-74.887, NAN,274.82,268.33,10.92,14.2,14.3,1013.4,1013.3,0.0,0.0,85.13,78.53,67,60,6.8,7.6,97.4,97.4,7.2,7.1,29.0,19.5,1015.5,1015.4,563.55,380.04,1944.15,30.0851,14.7213,462.0,61.1,1500.145, NAN, NAN, NAN, NAN,,2024/04/18 19:53:49.132,2024-04-18 19:53:49.132000+00:00
2024/04/18, 19:54:49.132,35.927,-74.89, NAN,275.3,269.14,11.1,14.1,14.2,1013.4,1013.3,0.0,0.0,85.13,78.53,70,63,6.4,7.1,97.0,96.9,7.4,7.2,33.6,25.2,1015.5,1015.4,439.77,380.51,1746.72,30.0333,14.7165,463.8,61.1,1500.069, NAN, NAN, NAN, NAN,,2024/04/18 19:54:49.132,2024-04-18 19:54:49.132000+00:00
2024/04/18, 19:55:49.132,35.927,-74.894, NAN,276.87,272.9,11.0,14.0,14.1,1013.4,1013.4,0.0,0.0,85.13,78.53,63,55,7.1,7.5,97.7,97.5,6.9,6.5,27.4,18.9,1015.5,1015.5,637.34,385.94,2311.92,29.9687,14.6834,464.8,61.3,1499.887, NAN, NAN, NAN, NAN,,2024/04/18 19:55:49.132,2024-04-18 19:55:49.132000+00:00
2024/04/18, 19:56:49.132,35.927,-74.898, NAN,275.92,276.65,10.79,14.0,14.1,1013.4,1013.4,0.0,0.0,85.13,78.53,67,67,6.3,6.7,98.5,98.5,6.5,6.7,34.3,31.7,1015.5,1015.5,467.12,392.6,1713.05,29.9221,14.6959,466.5,61.5,1499.873, NAN, NAN, NAN, NAN,,2024/04/18 19:56:49.132,2024-04-18 19:56:49.132000+00:00
2024/04/18, 19:57:49.132,35.927,-74.902, NAN,274.93,274.01,10.83,14.0,14.1,1013.4,1013.3,0.0,0.0,85.13,78.53,68,62,6.8,7.4,98.3,98.5,7.1,6.9,30.2,22.5,1015.5,1015.4,506.57,389.27,1933.24,29.8981,14.6163,468.8,61.6,1499.587, NAN, NAN, NAN, NAN,,2024/04/18 19:57:49.132,2024-04-18 19:57:49.132000+00:00
2024/04/18, 19:58:49.132,35.927,-74.905, NAN,274.8,271.54,11.05,14.0,14.0,1013.4,1013.3,0.0,0.0,85.13,78.53,66,59,6.6,7.7,98.4,98.8,7.0,7.1,30.0,18.6,1015.5,1015.4,490.03,391.68,1997.98,29.8743,14.595,469.1,61.5,1499.49, NAN, NAN, NAN, NAN,,2024/04/18 19:58:49.132,2024-04-18 19:58:49.132000+00:00
2024/04/18, 19:59:49.133,35.927,-74.909, NAN,275.46,280.77,10.94,13.9,13.9,1013.4,1013.4,0.0,0.0,85.13,78.53,65,61,6.4,6.7,99.0,98.8,6.4,6.2,32.8,28.0,1015.5,1015.5,504.26,390.89,2002.32,29.8969,14.5919,471.8,61.3,1499.507, NAN, NAN, NAN, NAN,,2024/04/18 19:59:49.133,2024-04-18 19:59:49.133000+00:00
2024/04/18, 20:00:49.133,35.928,-74.913, NAN,275.65,268.92,10.93,13.9,13.9,1013.4,1013.3,0.0,0.0,85.13,78.53,68,67,6.6,6.6,99.4,99.1,7.2,7.1,31.7,31.0,1015.5,1015.4,357.85,392.65,1378.89,29.8748,14.5896,471.8,61.4,1499.474, NAN, NAN, NAN, NAN,,2024/04/18 20:00:49.133,2024-04-18 20:00:49.133000+00:00
2024/04/18, 20:01:49.133,35.928,-74.917, NAN,275.55,271.84,11.18,13.8,13.9,1013.5,1013.5,0.0,0.0,85.13,78.53,64,64,6.7,6.3,99.6,99.3,6.9,6.7,29.3,31.9,1015.6,1015.6,481.32,395.32,1737.61,29.88,14.6391,473.9,61.5,1499.64, NAN, NAN, NAN, NAN,,2024/04/18 20:01:49.133,2024-04-18 20:01:49.133000+00:00
2024/04/18, 20:02:49.133,35.928,-74.92, NAN,276.58,278.41,10.91,13.9,13.9,1013.5,1013.6,0.0,0.0,85.13,78.53,65,67,6.6,6.2,100.0,99.8,6.7,6.6,31.6,35.5,1015.6,1015.7,472.53,393.91,1752.14,29.8666,14.6889,474.8,61.3,1499.786, NAN, NAN, NAN, NAN,,2024/04/18 20:02:49.133,2024-04-18 20:02:49.133000+00:00
2024/04/18, 20:03:49.133,35.928,-74.924, NAN,274.45,275.7,10.88,13.9,13.9,1013.6,1013.4,0.0,0.0,85.13,78.53,65,62,7.0,6.9,100.0,99.9,6.9,6.6,26.9,25.4,1015.7,1015.5,499.17,395.09,1820.96,29.8493,14.7069,475.2,61.3,1499.824, NAN, NAN, NAN, NAN,,2024/04/18 20:03:49.133,2024-04-18 20:03:49.133000+00:00
2024/04/18, 20:04:49.133,35.928,-74.928, NAN,275.3,274.69,11.07,13.8,13.9,1013.6,1013.5,0.0,0.0,85.13,78.53,70,70,6.3,6.0,100.0,99.9,7.1,6.9,35.3,37.2,1015.7,1015.6,417.76,395.87,1572.16,29.8153,14.7459,476.0,61.5,1499.91, NAN, NAN, NAN, NAN,,2024/04/18 20:04:49.133,2024-04-18 20:04:49.133000+00:00
2024/04/18, 20:05:49.133,35.928,-74.932, NAN,275.55,274.63,11.15,13.8,13.8,1013.6,1013.6,0.0,0.0,85.13,78.53,70,66,6.4,6.4,100.0,99.8,7.1,6.8,35.2,32.9,1015.7,1015.7,370.82,396.81,1388.05,29.784,14.7991,476.9,61.5,1500.046, NAN, NAN, NAN, NAN,,2024/04/18 20:05:49.133,2024-04-18 20:05:49.133000+00:00
2024/04/18, 20:06:49.133,35.929,-74.935, NAN,275.27,274.84,11.0,13.8,13.8,1013.7,1013.7,0.0,0.0,85.13,78.53,68,65,6.9,7.0,100.0,100.0,7.2,7.0,30.6,28.0,1015.8,1015.8,384.59,393.79,1475.47,29.7552,14.838,477.2,61.6,1500.138, NAN, NAN, NAN, NAN,,2024/04/18 20:06:49.133,2024-04-18 20:06:49.133000+00:00
2024/04/18, 20:07:49.133,35.929,-74.939, NAN,275.44,272.44,11.14,13.8,13.8,1013.6,1013.6,0.0,0.0,85.13,78.53,64,62,7.0,6.6,100.0,100.0,7.1,6.6,27.5,28.8,1015.7,1015.7,425.26,390.89,1675.75,29.7358,14.8561,476.9,61.5,1500.173, NAN, NAN, NAN, NAN,,2024/04/18 20:07:49.133,2024-04-18 20:07:49.133000+00:00
2024/04/18, 20:08:49.133,35.929,-74.943, NAN,276.55,274.98,11.07,13.8,13.8,1013.6,1013.6,0.0,0.0,85.13,78.53,70,63,6.4,6.8,100.0,100.0,7.1,6.7,36.2,29.4,1015.7,1015.7,431.52,392.17,1607.51,29.7185,14.8721,477.9,61.6,1500.205, NAN, NAN, NAN, NAN,,2024/04/18 20:08:49.133,2024-04-18 20:08:49.133000+00:00
2024/04/18, 20:09:49.133,35.929,-74.947, NAN,276.43,268.38,11.25,13.7,13.8,1013.6,1013.6,0.0,0.0,85.13,78.53,61,57,6.6,6.4,100.0,100.0,6.8,6.3,28.6,27.6,1015.7,1015.7,495.33,389.96,1885.6,29.7118,14.8678,479.2,61.7,1500.183, NAN, NAN, NAN, NAN,,2024/04/18 20:09:49.133,2024-04-18 20:09:49.133000+00:00
2024/04/18, 20:10:49.133,35.929,-74.951, NAN,275.61,275.21,11.05,13.8,13.8,1013.7,1013.7,0.0,0.0,85.13,78.53,62,57,6.1,6.3,100.0,100.0,6.2,5.9,32.5,28.0,1015.8,1015.8,465.9,390.75,1763.19,29.7033,14.8864,480.0,61.8,1500.233, NAN, NAN, NAN, NAN,,2024/04/18 20:10:49.133,2024-04-18 20:10:49.133000+00:00
2024/04/18, 20:11:49.133,35.929,-74.954, NAN,275.24,274.74,11.09,13.8,13.8,1013.6,1013.6,0.0,0.0,85.13,78.53,67,64,5.7,6.0,100.0,100.0,6.4,6.4,37.8,34.1,1015.7,1015.7,399.0,389.66,1507.28,29.7052,14.9162,479.3,61.8,1500.331, NAN, NAN, NAN, NAN,,2024/04/18 20:11:49.133,2024-04-18 20:11:49.133000+00:00
2024/04/18, 20:12:49.133,35.93,-74.958, NAN,276.2,275.87,11.07,13.7,13.8,1013.6,1013.6,0.0,0.0,85.13,78.53,61,58,6.0,5.8,100.0,100.0,6.1,5.7,33.3,33.3,1015.7,1015.7,531.0,388.39,1896.78,29.7102,14.9788,477.9,61.6,1500.538, NAN, NAN, NAN, NAN,,2024/04/18 20:12:49.133,2024-04-18 20:12:49.133000+00:00
2024/04/18, 20:13:49.133,35.93,-74.962, NAN,276.02,273.82,11.01,13.8,13.8,1013.6,1013.6,0.0,0.0,85.13,78.53,64,62,6.0,5.9,100.0,100.0,6.4,6.2,34.0,33.6,1015.7,1015.7,474.66,381.2,1949.31,29.7305,14.9857,477.9,61.9,1500.584, NAN, NAN, NAN, NAN,,2024/04/18 20:13:49.133,2024-04-18 20:13:49.133000+00:00
2024/04/18, 20:14:49.134,35.93,-74.966, NAN,275.56,272.55,10.93,13.7,13.8,1013.6,1013.5,0.0,0.0,85.13,78.53,65,66,5.6,5.7,100.0,100.0,6.3,6.5,36.4,36.2,1015.7,1015.6,492.22,391.64,1858.47,29.7315,14.9532,475.2,61.8,1500.481, NAN, NAN, NAN, NAN,,2024/04/18 20:14:49.134,2024-04-18 20:14:49.134000+00:00
2024/04/18, 20:15:49.134,35.93,-74.97, NAN,275.81,273.21,10.93,13.7,13.8,1013.6,1013.6,0.0,0.0,85.13,78.53,64,64,5.4,5.3,100.0,100.0,6.0,6.0,38.5,39.4,1015.7,1015.7,431.8,390.85,1645.68,29.7264,14.9159,476.6,61.9,1500.355, NAN, NAN, NAN, NAN,,2024/04/18 20:15:49.134,2024-04-18 20:15:49.134000+00:00
2024/04/18, 20:16:49.134,35.93,-74.973, NAN,274.66,271.96,10.97,13.7,13.8,1013.7,1013.6,0.0,0.0,85.13,78.53,67,67,5.8,5.8,100.0,100.0,6.6,6.6,35.5,35.5,1015.8,1015.7,418.21,388.8,1665.15,29.7272,14.8985,477.6,61.8,1500.3, NAN, NAN, NAN, NAN,,2024/04/18 20:16:49.134,2024-04-18 20:16:49.134000+00:00
2024/04/18, 20:17:49.134,35.93,-74.977, NAN,276.09,273.71,11.17,13.7,13.8,1013.6,1013.6,0.0,0.0,85.13,78.53,70,74,5.6,5.4,100.0,100.0,6.7,6.9,40.9,44.1,1015.7,1015.7,357.4,392.53,1441.41,29.7217,14.8729,477.6,61.9,1500.211, NAN, NAN, NAN, NAN,,2024/04/18 20:17:49.134,2024-04-18 20:17:49.134000+00:00
2024/04/18, 20:18:49.134,35.931,-74.981, NAN,276.24,271.66,11.09,13.7,13.8,1013.6,1013.6,0.0,0.0,85.13,78.53,70,70,6.4,6.4,100.0,100.0,7.2,7.2,35.3,35.3,1015.7,1015.7,388.51,388.84,1622.04,29.7143,14.8535,477.2,61.8,1500.14, NAN, NAN, NAN, NAN,,2024/04/18 20:18:49.134,2024-04-18 20:18:49.134000+00:00
2024/04/18, 20:19:49.134,35.931,-74.985, NAN,275.59,269.79,11.21,13.7,13.8,1013.6,1013.7,0.0,0.0,85.13,78.53,69,70,5.8,5.8,100.0,100.0,6.9,7.0,37.4,37.9,1015.7,1015.8,413.51,394.26,1572.6,29.7107,14.8731,479.2,61.7,1500.199, NAN, NAN, NAN, NAN,,2024/04/18 20:19:49.134,2024-04-18 20:19:49.134000+00:00
2024/04/18, 20:20:49.134,35.931,-74.988, NAN,276.12,272.04,11.17,13.7,13.7,1013.6,1013.7,0.0,0.0,85.13,78.53,72,71,5.8,6.0,100.0,100.0,7.0,7.1,40.3,38.5,1015.7,1015.8,409.63,393.87,1486.31,29.7113,14.9347,479.2,61.6,1500.398, NAN, NAN, NAN, NAN,,2024/04/18 20:20:49.134,2024-04-18 20:20:49.134000+00:00
2024/04/18, 20:21:49.134,35.931,-74.992, NAN,274.56,271.8,11.02,13.7,13.8,1013.6,1013.6,0.0,0.0,85.13,78.53,73,71,6.0,5.9,100.0,100.0,7.1,6.9,38.1,37.6,1015.7,1015.7,364.46,392.81,1471.86,29.704,14.9565,480.0,61.5,1500.46, NAN, NAN, NAN, NAN,,2024/04/18 20:21:49.134,2024-04-18 20:21:49.134000+00:00
2024/04/18, 20:22:49.134,35.931,-74.996, NAN,274.97,277.52,10.72,13.7,13.8,1013.7,1013.6,0.0,0.0,85.13,78.53,77,76,5.5,5.5,100.0,100.0,6.8,6.7,43.9,43.4,1015.8,1015.7,381.78,394.73,1452.33,29.6878,14.9677,480.6,61.5,1500.477, NAN, NAN, NAN, NAN,,2024/04/18 20:22:49.134,2024-04-18 20:22:49.134000+00:00
2024/04/18, 20:23:49.134,35.932,-75.0, NAN,275.18,271.25,10.81,13.7,13.7,1013.4,1013.4,0.0,0.0,85.13,78.53,79,78,5.9,5.7,100.0,100.0,7.5,7.2,41.6,42.3,1015.5,1015.5,397.34,394.16,1483.45,29.688,15.0296,482.5,61.5,1500.676, NAN, NAN, NAN, NAN,,2024/04/18 20:23:49.134,2024-04-18 20:23:49.134000+00:00
2024/04/18, 20:24:49.134,35.932,-75.003, NAN,276.51,270.95,11.04,13.7,13.7,1013.5,1013.5,0.0,0.0,85.13,78.53,76,75,5.5,5.4,100.0,100.0,7.1,7.0,44.1,44.3,1015.6,1015.6,368.47,391.34,1367.04,29.694,15.1534,482.5,61.6,1501.079, NAN, NAN, NAN, NAN,,2024/04/18 20:24:49.134,2024-04-18 20:24:49.134000+00:00
2024/04/18, 20:25:49.134,35.932,-75.007, NAN,275.23,271.4,10.95,13.7,13.7,1013.5,1013.5,0.0,0.0,85.13,78.53,69,76,5.5,5.5,100.0,100.0,6.5,7.0,39.4,42.8,1015.6,1015.6,427.83,390.03,1641.16,29.6924,15.2136,482.5,61.6,1501.27, NAN, NAN, NAN, NAN,,2024/04/18 20:25:49.134,2024-04-18 20:25:49.134000+00:00
2024/04/18, 20:26:49.134,35.932,-75.011, NAN,275.23,275.29,11.0,13.7,13.7,1013.5,1013.5,0.0,0.0,85.13,78.53,75,76,5.8,5.6,100.0,100.0,6.9,6.9,42.0,43.8,1015.6,1015.6,463.1,387.8,1763.55,29.671,15.2319,483.0,61.8,1501.303, NAN, NAN, NAN, NAN,,2024/04/18 20:26:49.134,2024-04-18 20:26:49.134000+00:00
2024/04/18, 20:27:49.134,35.932,-75.015, NAN,275.53,275.1,10.8,13.7,13.7,1013.5,1013.5,0.0,0.0,85.13,78.53,71,73,5.9,6.0,100.0,100.0,6.7,6.9,38.4,38.9,1015.6,1015.6,453.63,384.88,1709.72,29.6583,15.2091,484.3,61.7,1501.216, NAN, NAN, NAN, NAN,,2024/04/18 20:27:49.134,2024-04-18 20:27:49.134000+00:00
2024/04/18, 20:28:49.134,35.933,-75.018, NAN,275.35,273.73,11.2,13.7,13.7,1013.5,1013.4,0.0,0.0,85.13,78.53,71,77,5.0,4.8,100.0,100.0,6.5,6.8,44.9,48.7,1015.6,1015.5,401.52,389.74,1556.2,29.6418,15.1988,484.9,61.7,1501.164, NAN, NAN, NAN, NAN,,2024/04/18 20:28:49.134,2024-04-18 20:28:49.134000+00:00
2024/04/18, 20:29:49.134,35.933,-75.022, NAN,275.75,271.5,10.8,13.7,13.7,1013.5,1013.5,0.0,0.0,85.13,78.53,78,77,5.1,5.1,100.0,100.0,7.0,6.9,45.5,45.0,1015.6,1015.6,403.34,382.02,1591.4,29.6378,15.1714,485.7,61.7,1501.072, NAN, NAN, NAN, NAN,,2024/04/18 20:29:49.134,2024-04-18 20:29:49.134000+00:00
2024/04/18, 20:30:49.134,35.933,-75.026, NAN,275.47,274.88,10.95,13.7,13.7,1013.5,1013.3,0.0,0.0,85.13,78.53,69,73,5.3,5.5,100.0,100.0,6.2,6.7,42.2,42.6,1015.6,1015.4,522.51,381.55,2053.72,29.6256,15.137,485.6,61.8,1500.947, NAN, NAN, NAN, NAN,,2024/04/18 20:30:49.134,2024-04-18 20:30:49.134000+00:00
2024/04/18, 20:31:49.135,35.933,-75.03, NAN,275.23,272.34,10.82,13.7,13.7,1013.4,1013.3,0.0,0.0,85.13,78.53,73,79,4.8,4.6,100.0,100.0,6.3,6.6,46.7,50.5,1015.5,1015.4,491.29,383.51,1936.34,29.6209,15.1281,485.2,61.8,1500.914, NAN, NAN, NAN, NAN,,2024/04/18 20:31:49.135,2024-04-18 20:31:49.135000+00:00
2024/04/18, 20:32:49.135,35.933,-75.033, NAN,276.53,275.91,11.02,13.7,13.7,1013.4,1013.4,0.0,0.0,85.13,78.53,77,78,5.4,5.2,100.0,100.0,7.0,7.0,46.0,47.8,1015.5,1015.5,412.52,378.12,1760.71,29.6222,15.0908,485.2,61.8,1500.796, NAN, NAN, NAN, NAN,,2024/04/18 20:32:49.135,2024-04-18 20:32:49.135000+00:00
2024/04/18, 20:33:49.135,35.934,-75.037, NAN,276.32,277.39,10.97,13.7,13.7,1013.4,1013.4,0.0,0.0,85.13,78.53,78,72,5.3,5.0,100.0,100.0,7.0,6.3,47.0,46.5,1015.5,1015.5,417.53,369.28,1722.26,29.6052,15.0346,485.6,61.9,1500.596, NAN, NAN, NAN, NAN,,2024/04/18 20:33:49.135,2024-04-18 20:33:49.135000+00:00
2024/04/18, 20:34:49.135,35.934,-75.041, NAN,275.0,273.63,11.03,13.7,13.7,1013.3,1013.4,0.0,0.0,85.13,78.53,77,68,5.1,5.3,100.0,100.0,6.8,6.2,46.8,41.4,1015.4,1015.5,488.34,371.69,2075.95,29.5908,14.9252,485.2,61.6,1500.227, NAN, NAN, NAN, NAN,,2024/04/18 20:34:49.135,2024-04-18 20:34:49.135000+00:00
2024/04/18, 20:35:49.135,35.934,-75.044, NAN,276.18,277.04,10.85,13.7,13.7,1013.5,1013.5,0.0,0.0,85.13,78.53,73,76,4.9,4.8,100.0,100.0,6.3,6.5,47.3,49.3,1015.6,1015.6,518.47,374.15,2228.37,29.5942,14.8542,485.2,61.7,1500.003, NAN, NAN, NAN, NAN,,2024/04/18 20:35:49.135,2024-04-18 20:35:49.135000+00:00
2024/04/18, 20:36:49.135,35.934,-75.048, NAN,275.1,278.1,10.91,13.7,13.7,1013.4,1013.4,0.0,0.0,85.13,78.53,77,73,4.8,4.8,100.0,100.0,6.4,6.1,49.8,48.3,1015.5,1015.5,485.4,372.89,1809.24,29.618,14.7779,484.3,61.6,1499.784, NAN, NAN, NAN, NAN,,2024/04/18 20:36:49.135,2024-04-18 20:36:49.135000+00:00
2024/04/18, 20:37:49.135,35.935,-75.052, NAN,276.14,272.1,10.96,13.7,13.7,1013.4,1013.3,0.0,0.0,85.13,78.53,74,74,5.2,5.1,100.0,100.0,6.7,6.7,44.6,45.3,1015.5,1015.4,490.43,361.02,2227.32,29.6329,14.7845,484.9,61.7,1499.823, NAN, NAN, NAN, NAN,,2024/04/18 20:37:49.135,2024-04-18 20:37:49.135000+00:00
2024/04/18, 20:38:49.135,35.935,-75.056, NAN,275.3,273.84,10.8,13.7,13.7,1013.6,1013.4,0.0,0.0,85.13,78.53,72,77,4.4,4.5,100.0,100.0,6.0,6.4,49.2,50.2,1015.7,1015.5,433.0,379.31,1773.38,29.6544,14.8889,484.6,61.7,1500.184, NAN, NAN, NAN, NAN,,2024/04/18 20:38:49.135,2024-04-18 20:38:49.135000+00:00
2024/04/18, 20:39:49.135,35.935,-75.059, NAN,275.84,275.77,11.15,13.7,13.7,1013.4,1013.4,0.0,0.0,85.13,78.53,76,81,4.6,4.7,100.0,100.0,6.5,6.9,51.2,52.3,1015.5,1015.5,508.69,376.26,1941.82,29.6801,14.9988,484.6,61.7,1500.568, NAN, NAN, NAN, NAN,,2024/04/18 20:39:49.135,2024-04-18 20:39:49.135000+00:00
2024/04/18, 20:40:49.135,35.935,-75.063, NAN,275.42,273.48,10.91,13.6,13.7,1013.4,1013.5,0.0,0.0,85.13,78.53,82,74,5.0,4.9,100.0,100.0,7.0,6.4,49.7,47.0,1015.5,1015.6,299.31,370.79,1538.07,29.656,15.0083,482.7,61.7,1500.57, NAN, NAN, NAN, NAN,,2024/04/18 20:40:49.135,2024-04-18 20:40:49.135000+00:00
2024/04/18, 20:41:49.135,35.936,-75.067, NAN,275.68,273.45,11.08,13.7,13.7,1013.4,1013.4,0.0,0.0,85.13,78.53,83,80,5.1,4.9,100.0,100.0,7.3,7.0,49.3,49.3,1015.5,1015.5,382.31,358.44,1854.79,29.6287,14.9424,484.9,61.7,1500.327, NAN, NAN, NAN, NAN,,2024/04/18 20:41:49.135,2024-04-18 20:41:49.135000+00:00
2024/04/18, 20:42:49.135,35.936,-75.071, NAN,275.96,280.36,10.88,13.6,13.7,1013.4,1013.5,0.0,0.0,85.13,78.53,81,77,4.9,4.7,100.0,100.0,6.8,6.4,51.4,51.2,1015.5,1015.6,450.09,361.03,2063.22,29.6142,14.8817,484.6,61.6,1500.115, NAN, NAN, NAN, NAN,,2024/04/18 20:42:49.135,2024-04-18 20:42:49.135000+00:00
2024/04/18, 20:43:49.135,35.936,-75.074, NAN,275.74,280.17,10.96,13.6,13.7,1013.3,1013.3,0.0,0.0,85.13,78.53,75,71,4.8,4.5,100.0,100.0,6.3,5.9,49.9,50.9,1015.4,1015.4,405.45,369.95,1724.28,29.6224,14.7895,485.2,61.4,1499.827, NAN, NAN, NAN, NAN,,2024/04/18 20:43:49.135,2024-04-18 20:43:49.135000+00:00
2024/04/18, 20:44:49.135,35.937,-75.078, NAN,275.57,272.77,10.91,13.7,13.7,1013.4,1013.3,0.0,0.0,85.13,78.53,75,79,4.7,4.7,100.0,100.0,6.4,6.7,49.0,50.6,1015.5,1015.4,488.26,367.94,2047.59,29.6466,14.7752,485.7,61.5,1499.809, NAN, NAN, NAN, NAN,,2024/04/18 20:44:49.135,2024-04-18 20:44:49.135000+00:00
2024/04/18, 20:45:49.135,35.937,-75.082, NAN,275.82,272.09,11.02,13.6,13.7,1013.5,1013.4,0.0,0.0,85.13,78.53,71,73,4.6,4.5,100.0,100.0,6.1,6.2,48.6,50.1,1015.6,1015.5,582.48,362.86,2094.05,29.6493,14.9021,484.6,61.5,1500.221, NAN, NAN, NAN, NAN,,2024/04/18 20:45:49.135,2024-04-18 20:45:49.135000+00:00
2024/04/18, 20:46:49.136,35.937,-75.086, NAN,276.34,274.92,11.14,13.7,13.7,1013.6,1013.4,0.0,0.0,85.13,78.53,75,71,4.7,4.9,100.0,100.0,6.5,6.3,50.2,47.2,1015.7,1015.5,388.16,359.05,1966.52,29.6527,14.9841,483.0,61.6,1500.489, NAN, NAN, NAN, NAN,,2024/04/18 20:46:49.136,2024-04-18 20:46:49.136000+00:00
2024/04/18, 20:47:49.136,35.937,-75.089, NAN,275.95,275.69,11.0,13.6,13.7,1013.5,1013.5,0.0,0.0,85.13,78.53,71,66,4.7,5.5,100.0,100.0,6.1,6.1,48.6,40.0,1015.6,1015.6,531.28,356.6,2188.45,29.6181,15.0074,483.3,61.6,1500.523, NAN, NAN, NAN, NAN,,2024/04/18 20:47:49.136,2024-04-18 20:47:49.136000+00:00
2024/04/18, 20:48:49.136,35.938,-75.093, NAN,275.38,274.46,11.37,13.6,13.7,1013.5,1013.4,0.0,0.0,85.13,78.53,73,68,4.8,5.5,100.0,100.0,6.6,6.5,48.0,40.7,1015.6,1015.5,503.57,349.89,2130.85,29.5629,15.0081,484.0,61.5,1500.461, NAN, NAN, NAN, NAN,,2024/04/18 20:48:49.136,2024-04-18 20:48:49.136000+00:00
2024/04/18, 20:49:49.136,35.938,-75.097, NAN,275.9,273.98,11.25,13.7,13.7,1013.6,1013.5,0.0,0.0,85.13,78.53,78,72,4.9,5.4,100.0,100.0,6.8,6.7,50.1,44.0,1015.7,1015.6,512.66,356.77,2050.38,29.5435,15.0246,484.9,61.5,1500.492, NAN, NAN, NAN, NAN,,2024/04/18 20:49:49.136,2024-04-18 20:49:49.136000+00:00
2024/04/18, 20:50:49.136,35.938,-75.101, NAN,275.71,273.25,11.14,13.7,13.7,1013.5,1013.5,0.0,0.0,85.13,78.53,69,69,4.8,5.3,100.0,100.0,6.1,6.4,46.5,42.5,1015.6,1015.6,484.42,354.7,1782.98,29.5452,15.0367,484.3,61.5,1500.533, NAN, NAN, NAN, NAN,,2024/04/18 20:50:49.136,2024-04-18 20:50:49.136000+00:00
2024/04/18, 20:51:49.136,35.938,-75.105, NAN,275.87,272.5,11.25,13.7,13.7,1013.5,1013.4,0.0,0.0,85.13,78.53,71,70,5.0,5.6,100.0,100.0,6.4,6.6,46.4,41.5,1015.6,1015.5,493.08,346.74,2116.15,29.5235,15.0568,484.9,61.6,1500.572, NAN, NAN, NAN, NAN,,2024/04/18 20:51:49.136,2024-04-18 20:51:49.136000+00:00
2024/04/18, 20:52:49.136,35.939,-75.108, NAN,276.08,274.25,11.18,13.7,13.7,1013.5,1013.5,0.0,0.0,85.13,78.53,75,68,5.0,5.2,100.0,100.0,6.6,6.2,48.6,44.2,1015.6,1015.6,476.82,346.13,2048.49,29.5092,15.0821,484.6,61.6,1500.637, NAN, NAN, NAN, NAN,,2024/04/18 20:52:49.136,2024-04-18 20:52:49.136000+00:00
2024/04/18, 20:53:49.136,35.939,-75.112, NAN,276.29,271.28,11.18,13.7,13.7,1013.5,1013.4,0.0,0.0,85.13,78.53,78,66,5.0,5.3,100.0,100.0,7.0,6.3,48.4,41.2,1015.6,1015.5,480.83,346.14,2073.42,29.4911,15.1333,484.6,61.6,1500.78, NAN, NAN, NAN, NAN,,2024/04/18 20:53:49.136,2024-04-18 20:53:49.136000+00:00
2024/04/18, 20:54:49.136,35.939,-75.116, NAN,275.59,273.59,9.43,13.7,13.7,1013.6,1013.5,0.0,0.0,85.13,78.53,83,74,4.7,5.0,100.0,100.0,6.4,6.0,47.5,40.9,1015.7,1015.6,475.64,346.21,2080.97,29.457,15.1744,486.4,61.1,1500.872, NAN, NAN, NAN, NAN,,2024/04/18 20:54:49.136,2024-04-18 20:54:49.136000+00:00
2024/04/18, 20:55:49.136,35.939,-75.119, NAN,276.26,270.94,7.07,13.7,13.7,1013.6,1013.5,0.0,0.0,85.13,78.53,107,98,4.9,5.1,100.0,100.0,7.0,6.8,52.6,46.1,1015.7,1015.6,474.37,345.26,2059.84,29.424,15.1862,485.7,61.3,1500.871, NAN, NAN, NAN, NAN,,2024/04/18 20:55:49.136,2024-04-18 20:55:49.136000+00:00
2024/04/18, 20:56:49.136,35.939,-75.121, NAN,278.86,276.86,5.96,13.6,13.7,1013.5,1013.4,0.0,0.0,85.13,78.53,114,111,5.2,4.6,100.0,100.0,7.2,6.6,54.7,54.7,1015.6,1015.5,445.06,344.65,2058.84,29.3829,15.1894,486.0,61.3,1500.834, NAN, NAN, NAN, NAN,,2024/04/18 20:56:49.136,2024-04-18 20:56:49.136000+00:00
2024/04/18, 20:57:49.136,35.94,-75.123, NAN,307.9,292.18,4.76,13.6,13.6,1013.5,1013.4,0.0,0.0,85.13,78.53,91,97,5.9,5.6,100.0,100.0,6.9,6.9,58.9,64.4,1015.6,1015.5,469.42,344.82,2036.16,29.3541,15.1957,486.7,61.5,1500.821, NAN, NAN, NAN, NAN,,2024/04/18 20:57:49.136,2024-04-18 20:57:49.136000+00:00
2024/04/18, 20:58:49.136,35.94,-75.124, NAN,343.42,322.2,4.15,13.6,13.7,1013.5,1013.3,0.0,0.0,85.13,78.53,64,63,7.8,8.4,100.0,100.0,7.8,8.4,63.1,61.0,1015.6,1015.4,494.19,342.51,2019.48,29.3392,15.1883,487.0,61.4,1500.78, NAN, NAN, NAN, NAN,,2024/04/18 20:58:49.136,2024-04-18 20:58:49.136000+00:00
2024/04/18, 20:59:49.136,35.942,-75.124, NAN,359.86,349.78,4.06,13.6,13.6,1013.5,1013.4,0.0,0.0,85.13,78.53,46,40,7.6,9.7,100.0,100.0,6.7,8.5,60.9,50.7,1015.6,1015.5,469.67,342.47,2002.76,29.3363,15.1866,488.3,61.4,1500.771, NAN, NAN, NAN, NAN,,2024/04/18 20:59:49.136,2024-04-18 20:59:49.136000+00:00
2024/04/18, 21:00:49.136,35.943,-75.124, NAN,1.19,350.26,3.52,13.6,13.6,1013.4,1013.4,0.0,0.0,85.13,78.53,47,40,8.6,10.4,100.0,100.0,7.8,9.4,59.5,49.8,1015.5,1015.5,472.27,341.97,1994.28,29.3325,15.1735,488.3,61.4,1500.724, NAN, NAN, NAN, NAN,,2024/04/18 21:00:49.136,2024-04-18 21:00:49.136000+00:00
2024/04/18, 21:01:49.137,35.943,-75.124, NAN,359.42,354.59,2.87,13.6,13.6,1013.5,1013.4,0.0,0.0,85.13,78.53,47,40,8.2,10.4,100.0,100.0,7.5,9.5,55.8,46.1,1015.6,1015.5,464.77,342.74,1994.46,29.3127,15.1591,484.9,61.5,1500.655, NAN, NAN, NAN, NAN,,2024/04/18 21:01:49.137,2024-04-18 21:01:49.137000+00:00
2024/04/18, 21:02:49.137,35.944,-75.125, NAN,358.62,349.78,2.59,13.6,13.6,1013.4,1013.4,0.0,0.0,85.13,78.53,49,43,8.1,9.9,100.0,100.0,7.5,9.2,56.4,48.3,1015.5,1015.5,485.25,344.94,2012.38,29.307,15.1541,485.2,61.6,1500.633, NAN, NAN, NAN, NAN,,2024/04/18 21:02:49.137,2024-04-18 21:02:49.137000+00:00
2024/04/18, 21:03:49.137,35.945,-75.125, NAN,359.34,351.02,2.79,13.6,13.6,1013.3,1013.6,0.0,0.0,85.13,78.53,49,43,8.3,10.0,100.0,100.0,7.7,9.3,57.7,49.7,1015.4,1015.7,479.67,343.59,2020.66,29.3209,15.1541,486.4,61.6,1500.649, NAN, NAN, NAN, NAN,,2024/04/18 21:03:49.137,2024-04-18 21:03:49.137000+00:00
2024/04/18, 21:04:49.137,35.946,-75.125, NAN,359.59,345.87,2.64,13.6,13.6,1013.4,1013.6,0.0,0.0,85.13,78.53,48,42,8.2,9.8,100.0,100.0,7.6,9.1,56.5,48.5,1015.5,1015.7,511.67,346.63,2127.67,29.3117,15.1492,488.6,61.4,1500.623, NAN, NAN, NAN, NAN,,2024/04/18 21:04:49.137,2024-04-18 21:04:49.137000+00:00
2024/04/18, 21:05:49.137,35.946,-75.125, NAN,0.73,348.58,2.84,13.5,13.6,1013.4,1013.5,0.0,0.0,85.13,78.53,49,42,9.0,11.1,100.0,100.0,8.4,10.3,58.5,49.4,1015.5,1015.6,511.15,345.87,2179.07,29.3049,15.1394,487.0,61.5,1500.583, NAN, NAN, NAN, NAN,,2024/04/18 21:05:49.137,2024-04-18 21:05:49.137000+00:00
2024/04/18, 21:06:49.137,35.947,-75.125, NAN,6.97,0.69,2.61,13.5,13.5,1013.4,1013.5,0.0,0.0,85.13,78.53,47,42,8.3,10.3,100.0,100.0,7.6,9.5,62.1,55.0,1015.5,1015.6,464.53,354.3,1883.8,29.2913,15.1296,484.9,61.5,1500.536, NAN, NAN, NAN, NAN,,2024/04/18 21:06:49.137,2024-04-18 21:06:49.137000+00:00
2024/04/18, 21:07:49.137,35.948,-75.125, NAN,8.14,3.6,2.63,13.4,13.4,1013.5,1013.5,0.0,0.0,85.13,78.53,41,37,9.0,10.8,100.0,100.0,8.2,9.9,56.5,50.8,1015.6,1015.6,492.59,345.64,2118.45,29.2864,15.1168,483.6,61.5,1500.489, NAN, NAN, NAN, NAN,,2024/04/18 21:07:49.137,2024-04-18 21:07:49.137000+00:00
2024/04/18, 21:08:49.137,35.948,-75.126, NAN,9.11,347.08,2.67,13.4,13.4,1013.5,1013.5,0.0,0.0,85.13,78.53,43,38,8.1,10.4,100.0,100.0,7.5,9.7,61.3,53.8,1015.6,1015.6,332.2,356.94,1456.0,29.2828,15.1024,484.3,61.3,1500.439, NAN, NAN, NAN, NAN,,2024/04/18 21:08:49.137,2024-04-18 21:08:49.137000+00:00
2024/04/18, 21:09:49.137,35.949,-75.126, NAN,9.76,348.14,2.6,13.3,13.3,1013.6,1013.5,0.0,0.0,85.13,78.53,42,35,8.7,10.7,100.0,100.0,8.1,9.9,59.8,50.7,1015.7,1015.6,448.55,351.8,1896.43,29.2982,15.0784,484.6,61.3,1500.38, NAN, NAN, NAN, NAN,,2024/04/18 21:09:49.137,2024-04-18 21:09:49.137000+00:00
2024/04/18, 21:10:49.137,35.95,-75.126, NAN,25.35,333.95,1.43,13.3,13.3,1013.6,1013.5,0.0,0.0,85.13,78.53,37,32,8.2,9.6,100.0,100.0,7.9,9.3,67.2,61.4,1015.7,1015.6,321.19,360.8,1488.65,29.2965,15.0475,484.6,61.4,1500.279, NAN, NAN, NAN, NAN,,2024/04/18 21:10:49.137,2024-04-18 21:10:49.137000+00:00
2024/04/18, 21:11:49.137,35.95,-75.126, NAN,52.4,323.73,0.59,13.3,13.3,1013.5,1013.5,0.0,0.0,85.13,78.53,11,8,7.8,7.5,100.0,100.0,7.8,7.5,65.6,62.7,1015.6,1015.6,276.16,371.64,1201.92,29.2811,15.0302,484.0,61.4,1500.205, NAN, NAN, NAN, NAN,,2024/04/18 21:11:49.137,2024-04-18 21:11:49.137000+00:00
2024/04/18, 21:12:49.137,35.95,-75.126, NAN,54.36,54.16,0.64,13.2,13.3,1013.6,1013.6,0.0,0.0,85.13,78.53,1,356,6.8,6.9,100.0,100.0,6.5,6.6,54.2,49.0,1015.7,1015.7,236.98,364.74,1084.21,29.2657,15.0159,484.0,61.2,1500.142, NAN, NAN, NAN, NAN,,2024/04/18 21:12:49.137,2024-04-18 21:12:49.137000+00:00
2024/04/18, 21:13:49.137,35.95,-75.126, NAN,54.46,93.64,0.22,13.2,13.2,1013.7,1013.7,0.0,0.0,85.13,78.53,4,357,7.2,7.0,100.0,100.0,7.1,6.9,57.8,50.7,1015.8,1015.8,357.9,357.6,1527.82,29.258,15.001,487.6,61.1,1500.085, NAN, NAN, NAN, NAN,,2024/04/18 21:13:49.137,2024-04-18 21:13:49.137000+00:00
2024/04/18, 21:14:49.137,35.95,-75.126, NAN,54.68,149.86,0.14,13.2,13.2,1013.6,1013.6,0.0,0.0,85.13,78.53,4,357,8.0,7.8,100.0,100.0,8.0,7.8,58.2,51.2,1015.7,1015.7,337.5,358.58,1712.5,29.252,14.9903,490.4,61.1,1500.043, NAN, NAN, NAN, NAN,,2024/04/18 21:14:49.137,2024-04-18 21:14:49.137000+00:00
2024/04/18, 21:15:49.137,35.95,-75.125, NAN,54.64,162.03,0.06,13.1,13.1,1013.6,1013.5,0.0,0.0,85.13,78.53,3,358,7.4,7.4,100.0,100.0,7.4,7.4,57.9,52.8,1015.7,1015.6,283.13,362.75,1211.12,29.2534,14.9802,492.0,61.2,1500.013, NAN, NAN, NAN, NAN,,2024/04/18 21:15:49.137,2024-04-18 21:15:49.137000+00:00
2024/04/18, 21:16:49.137,35.95,-75.125, NAN,54.79,109.75,0.36,13.1,13.1,1013.6,1013.6,0.0,0.0,85.13,78.53,6,0,7.6,7.5,100.0,100.0,7.5,7.4,59.5,53.5,1015.7,1015.7,227.66,371.85,988.31,29.2671,14.9726,493.1,61.1,1500.004, NAN, NAN, NAN, NAN,,2024/04/18 21:16:49.137,2024-04-18 21:16:49.137000+00:00
2024/04/18, 21:17:49.138,35.95,-75.125, NAN,55.47,349.87,0.2,13.0,13.0,1013.6,1013.6,0.0,0.0,85.13,78.53,6,1,7.5,7.3,100.0,100.0,7.4,7.2,61.4,56.3,1015.7,1015.7,264.92,377.11,1180.53,29.4048,14.9701,499.8,61.1,1500.156, NAN, NAN, NAN, NAN,,2024/04/18 21:17:49.138,2024-04-18 21:17:49.138000+00:00
2024/04/18, 21:18:49.138,35.95,-75.125, NAN,54.23,340.6,0.51,13.0,13.0,1013.6,1013.6,0.0,0.0,85.13,78.53,2,356,7.6,7.3,100.0,100.0,7.5,7.2,58.1,52.1,1015.7,1015.7,316.6,371.13,1277.22,29.548,14.9669,505.6,61.1,1500.312, NAN, NAN, NAN, NAN,,2024/04/18 21:18:49.138,2024-04-18 21:18:49.138000+00:00
2024/04/18, 21:19:49.138,35.95,-75.125, NAN,55.01,188.16,0.09,13.1,13.1,1013.7,1013.7,0.0,0.0,85.13,78.53,1,356,7.6,7.3,100.0,100.0,7.6,7.3,55.7,50.7,1015.8,1015.8,349.02,369.37,1343.85,29.44,14.9619,502.0,61.2,1500.17, NAN, NAN, NAN, NAN,,2024/04/18 21:19:49.138,2024-04-18 21:19:49.138000+00:00
2024/04/18, 21:20:49.138,35.95,-75.125, NAN,54.5,97.69,0.18,13.0,13.1,1013.6,1013.6,0.0,0.0,85.13,78.53,359,354,7.7,7.4,100.0,100.0,7.6,7.3,53.0,47.9,1015.7,1015.7,363.19,378.71,1430.23,29.3603,14.9569,499.0,61.4,1500.062, NAN, NAN, NAN, NAN,,2024/04/18 21:20:49.138,2024-04-18 21:20:49.138000+00:00
2024/04/18, 21:21:49.138,35.95,-75.125, NAN,54.54,322.52,0.11,13.0,13.0,1013.6,1013.6,0.0,0.0,85.13,78.53,1,357,6.9,6.7,100.0,100.0,6.9,6.7,56.0,52.0,1015.7,1015.7,330.87,378.41,1383.05,29.3701,14.9485,501.4,61.3,1500.046, NAN, NAN, NAN, NAN,,2024/04/18 21:21:49.138,2024-04-18 21:21:49.138000+00:00
2024/04/18, 21:22:49.138,35.95,-75.125, NAN,54.77,112.08,0.33,13.1,13.1,1013.7,1013.6,0.0,0.0,85.13,78.53,4,357,6.8,6.5,100.0,100.0,6.7,6.4,57.8,50.7,1015.8,1015.7,264.0,385.42,1046.5,29.3382,14.9431,499.8,61.3,1499.992, NAN, NAN, NAN, NAN,,2024/04/18 21:22:49.138,2024-04-18 21:22:49.138000+00:00
2024/04/18, 21:23:49.138,35.95,-75.125, NAN,54.53,7.92,0.06,13.1,13.1,1013.8,1013.7,0.0,0.0,85.13,78.53,4,356,7.3,6.6,100.0,100.0,7.3,6.6,58.8,50.8,1015.9,1015.8,267.92,385.47,1059.85,29.3421,14.9373,500.8,61.2,1499.977, NAN, NAN, NAN, NAN,,2024/04/18 21:23:49.138,2024-04-18 21:23:49.138000+00:00
2024/04/18, 21:24:49.138,35.95,-75.125, NAN,53.99,44.15,0.06,13.1,13.1,1013.8,1013.7,0.0,0.0,85.13,78.53,3,357,7.3,6.6,100.0,100.0,7.3,6.6,56.9,50.9,1015.9,1015.8,276.58,383.93,1155.28,29.3452,14.9355,503.5,61.2,1499.975, NAN, NAN, NAN, NAN,,2024/04/18 21:24:49.138,2024-04-18 21:24:49.138000+00:00
2024/04/18, 21:25:49.138,35.95,-75.125, NAN,55.83,248.83,0.12,13.1,13.1,1013.9,1013.8,0.0,0.0,85.13,78.53,2,357,8.2,7.8,100.0,100.0,8.2,7.8,57.5,52.5,1016.0,1015.9,430.78,355.18,1982.4,29.3875,14.9336,502.8,61.2,1500.018, NAN, NAN, NAN, NAN,,2024/04/18 21:25:49.138,2024-04-18 21:25:49.138000+00:00
2024/04/18, 21:26:49.138,35.95,-75.125, NAN,54.22,91.18,0.14,13.1,13.1,1013.8,1013.7,0.0,0.0,85.13,78.53,0,356,7.6,7.3,100.0,100.0,7.5,7.3,53.8,49.8,1015.9,1015.8,348.97,360.57,1584.51,29.315,14.9266,500.8,61.3,1499.912, NAN, NAN, NAN, NAN,,2024/04/18 21:26:49.138,2024-04-18 21:26:49.138000+00:00
2024/04/18, 21:27:49.138,35.95,-75.125, NAN,54.75,328.83,0.14,13.0,13.0,1013.8,1013.8,0.0,0.0,85.13,78.53,5,358,7.9,7.7,100.0,100.0,7.9,7.7,60.2,53.3,1015.9,1015.9,376.76,360.27,1855.6,29.3016,14.9239,500.4,61.3,1499.887, NAN, NAN, NAN, NAN,,2024/04/18 21:27:49.138,2024-04-18 21:27:49.138000+00:00
2024/04/18, 21:28:49.138,35.95,-75.125, NAN,53.97,301.04,0.5,13.0,13.0,1013.7,1013.8,0.0,0.0,85.13,78.53,357,352,7.7,7.5,100.0,100.0,7.8,7.6,52.7,47.8,1015.8,1015.9,302.65,366.04,1435.28,29.3186,14.9197,502.0,61.3,1499.893, NAN, NAN, NAN, NAN,,2024/04/18 21:28:49.138,2024-04-18 21:28:49.138000+00:00
2024/04/18, 21:29:49.138,35.95,-75.125, NAN,54.73,320.87,0.12,13.0,13.0,1013.7,1013.7,0.0,0.0,85.13,78.53,0,355,7.7,7.4,100.0,100.0,7.7,7.4,55.2,50.2,1015.8,1015.8,280.1,373.99,1334.08,29.3051,14.9152,502.2,61.3,1499.863, NAN, NAN, NAN, NAN,,2024/04/18 21:29:49.138,2024-04-18 21:29:49.138000+00:00
2024/04/18, 21:30:49.138,35.95,-75.125, NAN,54.48,80.64,0.2,13.0,13.0,1013.8,1014.0,0.0,0.0,85.13,78.53,4,0,7.2,7.1,100.0,100.0,7.1,7.0,58.3,54.2,1015.9,1016.1,201.91,377.66,849.74,29.2912,14.9123,502.0,61.2,1499.838, NAN, NAN, NAN, NAN,,2024/04/18 21:30:49.138,2024-04-18 21:30:49.138000+00:00
2024/04/18, 21:31:49.138,35.95,-75.125, NAN,53.57,343.1,0.17,13.0,13.0,1013.9,1013.8,0.0,0.0,85.13,78.53,0,354,7.8,7.1,100.0,100.0,7.8,7.1,54.1,48.2,1016.0,1015.9,311.05,368.29,1391.76,29.2872,14.9076,501.7,61.3,1499.818, NAN, NAN, NAN, NAN,,2024/04/18 21:31:49.138,2024-04-18 21:31:49.138000+00:00
2024/04/18, 21:32:49.138,35.95,-75.125, NAN,55.32,302.06,0.17,13.0,13.0,1013.8,1013.8,0.0,0.0,85.13,78.53,4,0,8.6,8.2,100.0,100.0,8.6,8.2,59.8,55.9,1015.9,1015.9,251.26,370.78,1174.02,29.2832,14.9061,501.4,61.3,1499.809, NAN, NAN, NAN, NAN,,2024/04/18 21:32:49.138,2024-04-18 21:32:49.138000+00:00
2024/04/18, 21:33:49.139,35.95,-75.125, NAN,55.63,158.17,0.48,13.0,13.0,1013.8,1013.8,0.0,0.0,85.13,78.53,7,1,7.4,7.3,100.0,100.0,7.4,7.3,60.7,54.7,1015.9,1015.9,217.22,383.96,886.61,29.2797,14.9054,500.8,61.3,1499.802, NAN, NAN, NAN, NAN,,2024/04/18 21:33:49.139,2024-04-18 21:33:49.139000+00:00
2024/04/18, 21:34:49.139,35.95,-75.125, NAN,54.72,14.6,0.25,13.0,13.0,1014.0,1013.8,0.0,0.0,85.13,78.53,3,358,7.6,7.6,100.0,100.0,7.5,7.5,57.3,52.3,1016.1,1015.9,149.92,359.87,780.82,29.2815,14.9063,501.1,61.1,1499.807, NAN, NAN, NAN, NAN,,2024/04/18 21:34:49.139,2024-04-18 21:34:49.139000+00:00
2024/04/18, 21:35:49.139,35.95,-75.125, NAN,54.97,305.03,0.38,13.0,13.0,1014.0,1014.0,0.0,0.0,85.13,78.53,8,1,7.4,7.3,100.0,100.0,7.5,7.3,64.4,57.5,1016.1,1016.1,219.2,370.34,959.67,29.2833,14.9063,502.2,61.2,1499.809, NAN, NAN, NAN, NAN,,2024/04/18 21:35:49.139,2024-04-18 21:35:49.139000+00:00
2024/04/18, 21:36:49.139,35.95,-75.125, NAN,54.45,280.92,0.19,12.9,13.0,1014.0,1014.0,0.0,0.0,85.13,78.53,10,4,7.4,7.0,100.0,100.0,7.5,7.1,65.0,59.1,1016.1,1016.1,197.07,373.25,841.76,29.2784,14.9076,502.2,61.2,1499.808, NAN, NAN, NAN, NAN,,2024/04/18 21:36:49.139,2024-04-18 21:36:49.139000+00:00
2024/04/18, 21:37:49.139,35.95,-75.125, NAN,54.6,54.25,0.19,12.9,13.0,1014.0,1013.9,0.0,0.0,85.13,78.53,6,0,6.8,6.4,100.0,100.0,6.7,6.3,60.1,54.0,1016.1,1016.0,241.63,382.19,927.36,29.2839,14.9106,502.2,61.3,1499.824, NAN, NAN, NAN, NAN,,2024/04/18 21:37:49.139,2024-04-18 21:37:49.139000+00:00
2024/04/18, 21:38:49.139,35.95,-75.125, NAN,55.27,113.38,0.06,13.0,13.0,1014.0,1014.0,0.0,0.0,85.13,78.53,9,3,6.5,6.1,100.0,100.0,6.5,6.1,64.2,58.1,1016.1,1016.1,216.63,385.38,881.62,29.3368,14.9086,504.1,61.2,1499.879, NAN, NAN, NAN, NAN,,2024/04/18 21:38:49.139,2024-04-18 21:38:49.139000+00:00
2024/04/18, 21:39:49.139,35.95,-75.125, NAN,55.1,122.8,0.46,13.1,13.1,1014.0,1014.0,0.0,0.0,85.13,78.53,11,4,7.4,7.2,100.0,100.0,7.3,7.2,64.3,57.2,1016.1,1016.1,241.47,373.87,1353.42,29.3103,14.907,504.8,61.0,1499.843, NAN, NAN, NAN, NAN,,2024/04/18 21:39:49.139,2024-04-18 21:39:49.139000+00:00
2024/04/18, 21:40:49.139,35.95,-75.125, NAN,54.03,109.59,0.11,13.1,13.1,1014.0,1013.8,0.0,0.0,85.13,78.53,7,1,8.1,7.7,100.0,100.0,8.1,7.7,60.7,54.6,1016.1,1015.9,202.89,353.77,1061.53,29.325,14.9047,505.9,60.8,1499.853, NAN, NAN, NAN, NAN,,2024/04/18 21:40:49.139,2024-04-18 21:40:49.139000+00:00
2024/04/18, 21:41:49.139,35.95,-75.125, NAN,56.27,18.78,0.38,13.1,13.1,1013.9,1013.8,0.0,0.0,85.13,78.53,8,3,7.6,7.5,100.0,100.0,7.4,7.3,63.9,58.8,1016.0,1015.9,209.02,370.48,953.66,29.3404,14.8988,507.5,61.0,1499.851, NAN, NAN, NAN, NAN,,2024/04/18 21:41:49.139,2024-04-18 21:41:49.139000+00:00
2024/04/18, 21:42:49.139,35.95,-75.125, NAN,54.54,314.73,0.47,13.0,13.1,1014.0,1013.8,0.0,0.0,85.13,78.53,8,4,7.3,6.9,100.0,100.0,7.3,6.9,64.4,60.5,1016.1,1015.9,177.12,360.98,897.84,29.3799,14.8962,507.8,61.1,1499.889, NAN, NAN, NAN, NAN,,2024/04/18 21:42:49.139,2024-04-18 21:42:49.139000+00:00
2024/04/18, 21:43:49.139,35.95,-75.125, NAN,53.02,41.55,0.1,13.0,13.0,1013.8,1014.0,0.0,0.0,85.13,78.53,13,8,7.7,7.6,100.0,100.0,7.7,7.6,66.2,61.2,1015.9,1016.1,181.53,379.42,822.8,29.3365,14.8905,507.2,61.1,1499.82, NAN, NAN, NAN, NAN,,2024/04/18 21:43:49.139,2024-04-18 21:43:49.139000+00:00
2024/04/18, 21:44:49.139,35.95,-75.125, NAN,55.52,101.81,0.46,13.0,13.1,1013.9,1013.8,0.0,0.0,85.13,78.53,11,5,7.3,7.1,100.0,100.0,7.2,7.0,64.9,58.8,1016.0,1015.9,176.66,376.55,754.95,29.3494,14.8884,507.5,61.2,1499.828, NAN, NAN, NAN, NAN,,2024/04/18 21:44:49.139,2024-04-18 21:44:49.139000+00:00
2024/04/18, 21:45:49.139,35.95,-75.125, NAN,55.3,142.32,0.32,13.0,13.0,1014.0,1013.8,0.0,0.0,85.13,78.53,8,2,7.3,7.0,100.0,100.0,7.3,7.0,62.0,56.0,1016.1,1015.9,248.11,374.5,1099.75,29.3213,14.8865,506.8,61.1,1499.79, NAN, NAN, NAN, NAN,,2024/04/18 21:45:49.139,2024-04-18 21:45:49.139000+00:00
2024/04/18, 21:46:49.139,35.95,-75.125, NAN,55.59,68.15,0.21,13.0,13.0,1014.1,1014.0,0.0,0.0,85.13,78.53,13,7,7.1,6.7,100.0,100.0,7.0,6.6,68.8,62.7,1016.2,1016.1,234.66,374.45,1057.07,29.3114,14.8793,506.2,61.1,1499.755, NAN, NAN, NAN, NAN,,2024/04/18 21:46:49.139,2024-04-18 21:46:49.139000+00:00
2024/04/18, 21:47:49.139,35.95,-75.125, NAN,54.8,265.5,0.07,13.0,13.1,1014.0,1013.8,0.0,0.0,85.13,78.53,10,6,6.6,6.2,100.0,100.0,6.6,6.2,64.8,60.8,1016.1,1015.9,206.58,386.89,918.64,29.3104,14.8748,505.9,61.2,1499.739, NAN, NAN, NAN, NAN,,2024/04/18 21:47:49.139,2024-04-18 21:47:49.139000+00:00
2024/04/18, 21:48:49.139,35.95,-75.125, NAN,54.48,323.32,0.47,13.1,13.1,1014.0,1014.0,0.0,0.0,85.13,78.53,17,12,7.2,6.9,100.0,100.0,7.2,6.9,73.4,68.5,1016.1,1016.1,150.93,384.71,582.78,29.3118,14.8705,507.5,61.3,1499.727, NAN, NAN, NAN, NAN,,2024/04/18 21:48:49.139,2024-04-18 21:48:49.139000+00:00
2024/04/18, 21:49:49.140,35.95,-75.125, NAN,54.99,255.81,0.16,13.0,13.1,1014.0,1014.0,0.0,0.0,85.13,78.53,13,6,6.8,6.5,100.0,100.0,6.9,6.6,68.0,61.1,1016.1,1016.1,141.58,373.15,632.02,29.3267,14.866,506.8,61.2,1499.73, NAN, NAN, NAN, NAN,,2024/04/18 21:49:49.140,2024-04-18 21:49:49.140000+00:00
2024/04/18, 21:50:49.140,35.95,-75.125, NAN,55.02,276.8,0.1,13.1,13.1,1013.9,1013.9,0.0,0.0,85.13,78.53,16,10,7.4,7.0,100.0,100.0,7.5,7.1,71.0,65.0,1016.0,1016.0,179.81,363.25,871.16,29.3381,14.8575,509.9,61.1,1499.716, NAN, NAN, NAN, NAN,,2024/04/18 21:50:49.140,2024-04-18 21:50:49.140000+00:00
2024/04/18, 21:51:49.140,35.95,-75.125, NAN,55.04,220.74,0.07,13.0,13.1,1013.9,1014.0,0.0,0.0,85.13,78.53,10,5,6.6,6.5,100.0,100.0,6.6,6.5,64.7,59.7,1016.0,1016.1,212.44,354.26,1169.92,29.3342,14.8517,508.4,61.2,1499.692, NAN, NAN, NAN, NAN,,2024/04/18 21:51:49.140,2024-04-18 21:51:49.140000+00:00
2024/04/18, 21:52:49.140,35.95,-75.125, NAN,55.07,95.53,0.12,13.1,13.1,1014.0,1014.0,0.0,0.0,85.13,78.53,13,7,7.7,7.3,100.0,100.0,7.6,7.2,68.2,62.1,1016.1,1016.1,196.9,350.82,1197.33,29.3501,14.8459,507.8,61.2,1499.692, NAN, NAN, NAN, NAN,,2024/04/18 21:52:49.140,2024-04-18 21:52:49.140000+00:00
2024/04/18, 21:53:49.140,35.95,-75.125, NAN,55.92,313.56,0.23,13.0,13.0,1014.0,1013.9,0.0,0.0,85.13,78.53,8,1,6.4,6.2,100.0,100.0,6.4,6.1,64.9,57.9,1016.1,1016.0,252.49,367.76,1166.4,29.3518,14.8403,507.8,61.3,1499.676, NAN, NAN, NAN, NAN,,2024/04/18 21:53:49.140,2024-04-18 21:53:49.140000+00:00
2024/04/18, 21:54:49.140,35.95,-75.125, NAN,54.99,130.82,0.02,13.0,13.0,1014.0,1014.0,0.0,0.0,85.13,78.53,11,5,6.6,6.3,100.0,100.0,6.6,6.3,66.0,60.0,1016.1,1016.1,191.5,374.78,863.33,29.332,14.8373,508.1,61.3,1499.643, NAN, NAN, NAN, NAN,,2024/04/18 21:54:49.140,2024-04-18 21:54:49.140000+00:00
2024/04/18, 21:55:49.140,35.95,-75.125, NAN,54.37,179.05,0.09,13.0,13.0,1014.1,1014.0,0.0,0.0,85.13,78.53,14,8,6.9,6.6,100.0,100.0,6.9,6.6,68.1,62.1,1016.2,1016.1,177.11,366.19,867.81,29.3405,14.8298,507.8,61.4,1499.629, NAN, NAN, NAN, NAN,,2024/04/18 21:55:49.140,2024-04-18 21:55:49.140000+00:00
2024/04/18, 21:56:49.140,35.95,-75.125, NAN,54.28,150.39,0.08,13.1,13.1,1014.1,1014.0,0.0,0.0,85.13,78.53,14,7,6.8,6.5,100.0,100.0,6.8,6.5,68.5,61.5,1016.2,1016.1,206.97,374.34,909.83,29.3189,14.8191,506.8,61.4,1499.569, NAN, NAN, NAN, NAN,,2024/04/18 21:56:49.140,2024-04-18 21:56:49.140000+00:00
2024/04/18, 21:57:49.140,35.95,-75.125, NAN,55.09,20.91,0.12,13.1,13.1,1014.0,1014.0,0.0,0.0,85.13,78.53,13,7,6.6,6.3,100.0,100.0,6.6,6.2,68.4,62.4,1016.1,1016.1,255.87,362.82,1335.07,29.3726,14.8058,508.9,61.4,1499.589, NAN, NAN, NAN, NAN,,2024/04/18 21:57:49.140,2024-04-18 21:57:49.140000+00:00
2024/04/18, 21:58:49.140,35.95,-75.125, NAN,54.91,283.34,0.26,13.1,13.1,1014.0,1013.9,0.0,0.0,85.13,78.53,11,5,6.6,6.6,100.0,100.0,6.6,6.6,67.0,61.0,1016.1,1016.0,192.23,366.51,971.72,29.3596,14.8088,509.6,61.4,1499.583, NAN, NAN, NAN, NAN,,2024/04/18 21:58:49.140,2024-04-18 21:58:49.140000+00:00
2024/04/18, 21:59:49.140,35.95,-75.125, NAN,54.93,203.41,0.11,13.0,13.1,1013.9,1014.0,0.0,0.0,85.13,78.53,15,9,7.1,6.9,100.0,100.0,7.1,6.9,69.6,63.6,1016.0,1016.1,111.01,359.4,595.66,29.3832,14.8096,509.2,61.4,1499.613, NAN, NAN, NAN, NAN,,2024/04/18 21:59:49.140,2024-04-18 21:59:49.140000+00:00
2024/04/18, 22:00:49.140,35.95,-75.125, NAN,54.53,152.96,0.34,13.0,13.1,1014.0,1014.0,0.0,0.0,85.13,78.53,16,10,6.9,6.7,100.0,100.0,6.9,6.7,69.1,63.0,1016.1,1016.1,172.85,369.19,818.43,29.3645,14.8085,508.8,61.4,1499.588, NAN, NAN, NAN, NAN,,2024/04/18 22:00:49.140,2024-04-18 22:00:49.140000+00:00
2024/04/18, 22:01:49.140,35.95,-75.125, NAN,55.21,202.56,0.06,13.0,13.0,1014.0,1014.0,0.0,0.0,85.13,78.53,15,10,6.6,6.6,100.0,100.0,6.6,6.6,70.0,65.0,1016.1,1016.1,151.23,359.31,818.09,29.3492,14.8057,508.8,61.4,1499.561, NAN, NAN, NAN, NAN,,2024/04/18 22:01:49.140,2024-04-18 22:01:49.140000+00:00
2024/04/18, 22:02:49.140,35.95,-75.125, NAN,54.05,261.11,0.29,13.0,13.0,1014.0,1014.0,0.0,0.0,85.13,78.53,18,14,6.6,6.3,100.0,100.0,6.7,6.4,72.9,69.1,1016.1,1016.1,131.11,375.2,635.65,29.3291,14.8044,507.5,61.6,1499.534, NAN, NAN, NAN, NAN,,2024/04/18 22:02:49.140,2024-04-18 22:02:49.140000+00:00
2024/04/18, 22:03:49.140,35.95,-75.125, NAN,55.46,285.79,0.09,13.0,13.0,1014.0,1014.0,0.0,0.0,85.13,78.53,20,15,6.3,6.0,100.0,100.0,6.3,6.0,75.6,70.6,1016.1,1016.1,149.64,376.11,615.34,29.3259,14.8027,508.4,61.4,1499.524, NAN, NAN, NAN, NAN,,2024/04/18 22:03:49.140,2024-04-18 22:03:49.140000+00:00
2024/04/18, 22:04:49.141,35.95,-75.125, NAN,55.58,56.91,0.11,13.0,13.0,1014.0,1014.0,0.0,0.0,85.13,78.53,14,7,6.3,6.0,100.0,100.0,6.2,5.9,69.8,62.8,1016.1,1016.1,167.68,364.94,846.59,29.3454,14.8008,508.4,61.4,1499.541, NAN, NAN, NAN, NAN,,2024/04/18 22:04:49.141,2024-04-18 22:04:49.141000+00:00
2024/04/18, 22:05:49.141,35.95,-75.125, NAN,54.28,76.92,0.14,13.1,13.1,1014.2,1014.0,0.0,0.0,85.13,78.53,13,7,7.0,6.6,100.0,100.0,6.9,6.5,67.3,61.2,1016.3,1016.1,127.28,357.26,707.05,29.349,14.7958,508.8,61.0,1499.529, NAN, NAN, NAN, NAN,,2024/04/18 22:05:49.141,2024-04-18 22:05:49.141000+00:00
2024/04/18, 22:06:49.141,35.95,-75.125, NAN,55.11,163.4,0.11,13.1,13.1,1014.1,1014.0,0.0,0.0,85.13,78.53,10,5,6.3,6.1,100.0,100.0,6.3,6.1,64.6,59.6,1016.2,1016.1,160.06,381.21,785.53,29.3339,14.7913,508.8,61.0,1499.497, NAN, NAN, NAN, NAN,,2024/04/18 22:06:49.141,2024-04-18 22:06:49.141000+00:00
2024/04/18, 22:07:49.141,35.95,-75.125, NAN,55.37,248.44,0.15,13.0,13.1,1014.1,1014.0,0.0,0.0,85.13,78.53,18,11,6.0,5.7,100.0,100.0,6.1,5.8,72.8,65.9,1016.2,1016.1,101.36,375.92,500.69,29.3285,14.7882,507.5,61.1,1499.481, NAN, NAN, NAN, NAN,,2024/04/18 22:07:49.141,2024-04-18 22:07:49.141000+00:00
2024/04/18, 22:08:49.141,35.95,-75.125, NAN,54.69,13.34,0.26,13.0,13.1,1014.1,1014.0,0.0,0.0,85.13,78.53,18,12,6.6,6.3,100.0,100.0,6.5,6.2,73.7,67.7,1016.2,1016.1,108.0,368.52,528.6,29.3408,14.7863,508.9,61.2,1499.489, NAN, NAN, NAN, NAN,,2024/04/18 22:08:49.141,2024-04-18 22:08:49.141000+00:00
2024/04/18, 22:09:49.141,35.95,-75.125, NAN,54.34,119.74,0.22,13.0,13.1,1014.3,1014.1,0.0,0.0,85.13,78.53,18,11,7.2,6.7,100.0,100.0,7.2,6.7,71.5,64.4,1016.4,1016.2,120.38,369.24,591.91,29.3365,14.7822,511.2,61.0,1499.471, NAN, NAN, NAN, NAN,,2024/04/18 22:09:49.141,2024-04-18 22:09:49.141000+00:00
2024/04/18, 22:10:49.141,35.95,-75.125, NAN,55.61,181.23,0.37,13.0,13.0,1014.1,1014.1,0.0,0.0,85.13,78.53,18,12,7.0,6.5,100.0,100.0,7.0,6.5,72.1,65.9,1016.2,1016.2,118.71,375.66,492.54,29.3264,14.7804,510.2,61.3,1499.453, NAN, NAN, NAN, NAN,,2024/04/18 22:10:49.141,2024-04-18 22:10:49.141000+00:00
2024/04/18, 22:11:49.141,35.95,-75.125, NAN,54.79,236.75,0.1,13.0,13.0,1014.1,1014.0,0.0,0.0,85.13,78.53,14,9,6.9,6.4,100.0,100.0,6.9,6.4,68.9,63.9,1016.2,1016.1,143.06,380.21,521.78,29.3147,14.7799,508.4,61.3,1499.438, NAN, NAN, NAN, NAN,,2024/04/18 22:11:49.141,2024-04-18 22:11:49.141000+00:00
2024/04/18, 22:12:49.141,35.95,-75.125, NAN,54.65,2.14,0.12,13.0,13.0,1014.1,1014.1,0.0,0.0,85.13,78.53,11,5,7.0,6.8,100.0,100.0,7.0,6.8,66.1,60.1,1016.2,1016.2,128.07,366.26,621.59,29.3519,14.7775,509.6,61.2,1499.473, NAN, NAN, NAN, NAN,,2024/04/18 22:12:49.141,2024-04-18 22:12:49.141000+00:00
2024/04/18, 22:13:49.141,35.95,-75.125, NAN,58.18,148.86,0.62,13.0,13.0,1014.1,1014.0,0.0,0.0,85.13,78.53,13,7,7.7,7.2,100.0,100.0,7.6,7.1,69.0,62.8,1016.2,1016.1,82.6,362.11,452.4,29.4532,14.7745,509.6,61.1,1499.581, NAN, NAN, NAN, NAN,,2024/04/18 22:13:49.141,2024-04-18 22:13:49.141000+00:00
2024/04/18, 22:14:49.141,35.95,-75.125, NAN,59.63,89.73,0.15,13.0,13.0,1014.1,1014.0,0.0,0.0,85.13,78.53,359,354,6.9,6.8,100.0,100.0,6.8,6.8,58.2,53.1,1016.2,1016.1,90.43,358.43,496.57,29.4044,14.7738,508.8,61.1,1499.522, NAN, NAN, NAN, NAN,,2024/04/18 22:14:49.141,2024-04-18 22:14:49.141000+00:00
2024/04/18, 22:15:49.141,35.95,-75.125, NAN,56.35,156.87,0.18,13.0,13.0,1014.3,1014.1,0.0,0.0,85.13,78.53,3,357,6.9,6.4,100.0,100.0,6.9,6.4,58.6,52.6,1016.4,1016.2,194.02,361.73,966.94,29.3932,14.7746,509.9,61.0,1499.512, NAN, NAN, NAN, NAN,,2024/04/18 22:15:49.141,2024-04-18 22:15:49.141000+00:00
2024/04/18, 22:16:49.141,35.95,-75.125, NAN,56.06,134.15,0.3,13.0,13.0,1014.1,1014.1,0.0,0.0,85.13,78.53,3,358,7.1,7.0,100.0,100.0,7.1,7.0,57.9,52.8,1016.2,1016.2,119.4,363.37,683.5,29.3767,14.7704,511.2,61.1,1499.479, NAN, NAN, NAN, NAN,,2024/04/18 22:16:49.141,2024-04-18 22:16:49.141000+00:00
2024/04/18, 22:17:49.141,35.95,-75.125, NAN,55.81,15.97,0.25,13.0,13.0,1014.3,1014.1,0.0,0.0,85.13,78.53,3,359,7.9,7.7,100.0,100.0,7.8,7.6,59.6,55.5,1016.4,1016.2,109.1,372.09,528.41,29.3976,14.7657,512.1,61.1,1499.488, NAN, NAN, NAN, NAN,,2024/04/18 22:17:49.141,2024-04-18 22:17:49.141000+00:00
2024/04/18, 22:18:49.141,35.95,-75.125, NAN,55.06,187.95,0.17,13.0,13.0,1014.1,1014.1,0.0,0.0,85.13,78.53,7,1,7.5,7.3,100.0,100.0,7.5,7.4,61.5,55.5,1016.2,1016.2,114.79,377.02,502.16,29.3749,14.7624,510.2,61.1,1499.451, NAN, NAN, NAN, NAN,,2024/04/18 22:18:49.141,2024-04-18 22:18:49.141000+00:00
2024/04/18, 22:19:49.141,35.95,-75.125, NAN,55.79,183.71,0.06,13.0,13.0,1014.1,1014.0,0.0,0.0,85.13,78.53,9,5,7.6,7.3,100.0,100.0,7.6,7.3,64.6,60.6,1016.2,1016.1,171.68,387.52,730.4,29.3556,14.7607,509.6,61.2,1499.423, NAN, NAN, NAN, NAN,,2024/04/18 22:19:49.141,2024-04-18 22:19:49.141000+00:00
2024/04/18, 22:20:49.142,35.95,-75.125, NAN,55.22,326.94,0.29,13.0,13.0,1014.1,1014.0,0.0,0.0,85.13,78.53,9,4,7.4,7.1,100.0,100.0,7.4,7.1,65.3,60.4,1016.2,1016.1,132.85,383.3,491.51,29.3438,14.7592,509.6,61.2,1499.405, NAN, NAN, NAN, NAN,,2024/04/18 22:20:49.142,2024-04-18 22:20:49.142000+00:00
2024/04/18, 22:21:49.142,35.95,-75.125, NAN,56.04,329.96,0.15,13.0,13.0,1014.0,1014.1,0.0,0.0,85.13,78.53,5,2,7.0,6.6,100.0,100.0,7.0,6.6,61.6,58.6,1016.1,1016.2,116.39,381.3,468.74,29.3696,14.7564,509.9,61.1,1499.426, NAN, NAN, NAN, NAN,,2024/04/18 22:21:49.142,2024-04-18 22:21:49.142000+00:00
2024/04/18, 22:22:49.142,35.95,-75.125, NAN,55.39,42.34,0.02,13.1,13.1,1014.1,1014.2,0.0,0.0,85.13,78.53,10,5,7.9,7.6,100.0,100.0,7.9,7.6,65.4,60.4,1016.2,1016.3,94.29,381.11,454.44,29.3643,14.7539,510.8,61.3,1499.411, NAN, NAN, NAN, NAN,,2024/04/18 22:22:49.142,2024-04-18 22:22:49.142000+00:00
2024/04/18, 22:23:49.142,35.95,-75.125, NAN,55.67,176.87,0.27,13.0,13.1,1014.0,1014.0,0.0,0.0,85.13,78.53,9,3,7.8,7.5,100.0,100.0,7.8,7.6,63.7,57.7,1016.1,1016.1,76.71,375.99,359.31,29.3463,14.7508,509.9,61.3,1499.38, NAN, NAN, NAN, NAN,,2024/04/18 22:23:49.142,2024-04-18 22:23:49.142000+00:00
2024/04/18, 22:24:49.142,35.95,-75.125, NAN,54.84,108.14,0.18,13.0,13.0,1014.1,1014.0,0.0,0.0,85.13,78.53,8,3,8.1,8.4,100.0,100.0,8.0,8.3,62.5,57.4,1016.2,1016.1,88.5,376.26,400.15,29.3342,14.7493,510.8,61.3,1499.361, NAN, NAN, NAN, NAN,,2024/04/18 22:24:49.142,2024-04-18 22:24:49.142000+00:00
2024/04/18, 22:25:49.142,35.95,-75.125, NAN,55.99,173.25,0.21,13.0,13.0,1014.0,1014.0,0.0,0.0,85.13,78.53,9,3,7.8,7.6,100.0,100.0,7.8,7.7,64.3,58.3,1016.1,1016.1,71.33,369.95,343.0,29.3328,14.7463,509.9,61.1,1499.35, NAN, NAN, NAN, NAN,,2024/04/18 22:25:49.142,2024-04-18 22:25:49.142000+00:00
2024/04/18, 22:26:49.142,35.95,-75.125, NAN,55.61,162.19,0.27,13.0,13.0,1014.0,1014.0,0.0,0.0,85.13,78.53,4,359,8.2,8.1,100.0,100.0,8.2,8.1,58.7,53.7,1016.1,1016.1,76.47,368.39,346.04,29.3281,14.7436,511.8,61.3,1499.336, NAN, NAN, NAN, NAN,,2024/04/18 22:26:49.142,2024-04-18 22:26:49.142000+00:00
2024/04/18, 22:27:49.142,35.95,-75.125, NAN,55.1,280.24,0.15,12.9,13.0,1014.1,1014.0,0.0,0.0,85.13,78.53,4,358,7.9,7.5,100.0,100.0,8.0,7.6,59.4,53.5,1016.2,1016.1,85.28,372.71,362.52,29.3351,14.7411,510.8,61.3,1499.336, NAN, NAN, NAN, NAN,,2024/04/18 22:27:49.142,2024-04-18 22:27:49.142000+00:00
2024/04/18, 22:28:49.142,35.95,-75.125, NAN,57.03,12.72,0.35,12.9,13.0,1014.1,1014.0,0.0,0.0,85.13,78.53,7,1,7.9,7.6,100.0,100.0,7.8,7.5,65.1,59.0,1016.2,1016.1,105.21,382.63,415.15,29.3277,14.7384,511.2,61.2,1499.319, NAN, NAN, NAN, NAN,,2024/04/18 22:28:49.142,2024-04-18 22:28:49.142000+00:00
2024/04/18, 22:29:49.142,35.95,-75.125, NAN,55.16,161.33,0.12,12.9,13.0,1014.2,1014.1,0.0,0.0,85.13,78.53,5,359,7.8,7.5,100.0,100.0,7.8,7.5,59.7,53.7,1016.3,1016.2,116.32,377.64,494.65,29.3388,14.7328,511.2,61.1,1499.313, NAN, NAN, NAN, NAN,,2024/04/18 22:29:49.142,2024-04-18 22:29:49.142000+00:00
2024/04/18, 22:30:49.142,35.95,-75.125, NAN,55.43,202.23,0.24,13.0,13.0,1014.1,1014.0,0.0,0.0,85.13,78.53,7,2,7.7,7.6,100.0,100.0,7.8,7.7,61.8,56.8,1016.2,1016.1,96.74,375.47,410.47,29.3345,14.7291,509.9,61.0,1499.296, NAN, NAN, NAN, NAN,,2024/04/18 22:30:49.142,2024-04-18 22:30:49.142000+00:00
2024/04/18, 22:31:49.142,35.95,-75.125, NAN,55.31,181.41,0.36,13.0,13.0,1014.0,1014.0,0.0,0.0,85.13,78.53,9,5,7.7,7.1,100.0,100.0,7.7,7.1,62.9,58.8,1016.1,1016.1,126.93,381.2,573.19,29.339,14.7263,512.6,60.5,1499.293, NAN, NAN, NAN, NAN,,2024/04/18 22:31:49.142,2024-04-18 22:31:49.142000+00:00
2024/04/18, 22:32:49.142,35.95,-75.125, NAN,55.28,91.76,0.1,13.0,13.1,1014.0,1014.0,0.0,0.0,85.13,78.53,14,7,7.3,7.1,100.0,100.0,7.2,7.0,69.4,62.3,1016.1,1016.1,69.47,384.95,293.97,29.3379,14.7218,511.2,60.5,1499.277, NAN, NAN, NAN, NAN,,2024/04/18 22:32:49.142,2024-04-18 22:32:49.142000+00:00
2024/04/18, 22:33:49.142,35.95,-75.125, NAN,55.03,159.56,0.34,13.1,13.1,1014.1,1014.0,0.0,0.0,85.13,78.53,18,11,8.2,7.7,100.0,100.0,8.2,7.7,71.8,64.7,1016.2,1016.1,66.51,382.55,285.72,29.3341,14.7173,512.1,60.8,1499.258, NAN, NAN, NAN, NAN,,2024/04/18 22:33:49.142,2024-04-18 22:33:49.142000+00:00
2024/04/18, 22:34:49.142,35.95,-75.125, NAN,55.61,131.65,0.19,13.1,13.1,1014.0,1014.0,0.0,0.0,85.13,78.53,14,8,8.5,8.1,100.0,100.0,8.5,8.1,69.0,63.0,1016.1,1016.1,64.97,372.24,298.01,29.3273,14.713,512.1,60.9,1499.236, NAN, NAN, NAN, NAN,,2024/04/18 22:34:49.142,2024-04-18 22:34:49.142000+00:00
2024/04/18, 22:35:49.142,35.95,-75.125, NAN,54.92,133.66,0.1,13.1,13.1,1014.0,1014.0,0.0,0.0,85.13,78.53,14,6,8.2,7.7,100.0,100.0,8.2,7.7,68.6,60.6,1016.1,1016.1,62.32,376.86,284.54,29.3267,14.709,511.5,61.0,1499.222, NAN, NAN, NAN, NAN,,2024/04/18 22:35:49.142,2024-04-18 22:35:49.142000+00:00
2024/04/18, 22:36:49.142,35.95,-75.125, NAN,55.84,323.23,0.13,13.0,13.0,1014.0,1014.0,0.0,0.0,85.13,78.53,12,5,7.6,7.2,100.0,100.0,7.6,7.2,68.3,61.4,1016.1,1016.1,60.03,379.54,256.34,29.3308,14.7058,512.9,61.0,1499.217, NAN, NAN, NAN, NAN,,2024/04/18 22:36:49.142,2024-04-18 22:36:49.142000+00:00
2024/04/18, 22:37:49.143,35.95,-75.125, NAN,55.72,153.81,0.53,13.0,13.0,1014.0,1014.0,0.0,0.0,85.13,78.53,9,2,7.6,7.3,100.0,100.0,7.6,7.3,62.7,55.6,1016.1,1016.1,81.84,382.78,319.58,29.3332,14.7029,510.5,61.0,1499.21, NAN, NAN, NAN, NAN,,2024/04/18 22:37:49.143,2024-04-18 22:37:49.143000+00:00
2024/04/18, 22:38:49.143,35.95,-75.125, NAN,54.67,303.91,0.45,13.0,13.0,1014.1,1014.0,0.0,0.0,85.13,78.53,8,3,7.7,7.5,100.0,100.0,7.8,7.6,64.2,59.3,1016.2,1016.1,66.71,380.64,283.25,29.3347,14.7003,511.8,61.1,1499.203, NAN, NAN, NAN, NAN,,2024/04/18 22:38:49.143,2024-04-18 22:38:49.143000+00:00
2024/04/18, 22:39:49.143,35.95,-75.125, NAN,55.3,97.84,0.15,13.0,13.0,1014.0,1014.0,0.0,0.0,85.13,78.53,14,8,8.0,7.9,100.0,100.0,7.9,7.8,69.2,63.1,1016.1,1016.1,56.06,377.19,250.58,29.3388,14.6979,513.9,61.1,1499.2, NAN, NAN, NAN, NAN,,2024/04/18 22:39:49.143,2024-04-18 22:39:49.143000+00:00
2024/04/18, 22:40:49.143,35.95,-75.125, NAN,55.5,120.15,0.43,13.0,13.1,1014.0,1014.0,0.0,0.0,85.13,78.53,9,2,8.5,8.2,100.0,100.0,8.4,8.1,63.2,56.1,1016.1,1016.1,54.47,385.4,234.97,29.3384,14.6961,512.6,61.2,1499.194, NAN, NAN, NAN, NAN,,2024/04/18 22:40:49.143,2024-04-18 22:40:49.143000+00:00
2024/04/18, 22:41:49.143,35.95,-75.125, NAN,55.18,152.93,0.36,13.0,13.1,1014.1,1014.0,0.0,0.0,85.13,78.53,11,4,8.1,7.8,100.0,100.0,8.1,7.8,64.9,57.8,1016.2,1016.1,59.7,384.87,238.79,29.3464,14.6931,511.5,60.9,1499.194, NAN, NAN, NAN, NAN,,2024/04/18 22:41:49.143,2024-04-18 22:41:49.143000+00:00
2024/04/18, 22:42:49.143,35.95,-75.125, NAN,55.13,142.95,0.12,13.0,13.1,1014.0,1014.0,0.0,0.0,85.13,78.53,13,7,6.8,6.8,100.0,100.0,6.8,6.8,67.6,61.6,1016.1,1016.1,57.45,384.5,235.69,29.3396,14.6904,512.3,60.8,1499.177, NAN, NAN, NAN, NAN,,2024/04/18 22:42:49.143,2024-04-18 22:42:49.143000+00:00
2024/04/18, 22:43:49.143,35.95,-75.125, NAN,54.77,272.43,0.04,13.1,13.1,1014.0,1014.0,0.0,0.0,85.13,78.53,19,15,6.5,6.9,100.0,100.0,6.5,6.9,73.9,69.9,1016.1,1016.1,53.18,384.38,224.72,29.3444,14.6904,512.6,60.7,1499.183, NAN, NAN, NAN, NAN,,2024/04/18 22:43:49.143,2024-04-18 22:43:49.143000+00:00
2024/04/18, 22:44:49.143,35.95,-75.125, NAN,56.32,264.63,0.02,13.1,13.2,1013.9,1014.0,0.0,0.0,85.13,78.53,14,10,7.1,7.9,100.0,100.0,7.1,7.9,70.4,66.4,1016.0,1016.1,51.2,368.27,242.11,29.3456,14.6886,513.2,60.7,1499.178, NAN, NAN, NAN, NAN,,2024/04/18 22:44:49.143,2024-04-18 22:44:49.143000+00:00
2024/04/18, 22:45:49.143,35.95,-75.125, NAN,55.96,155.49,0.07,13.1,13.1,1014.0,1013.9,0.0,0.0,85.13,78.53,12,7,8.4,8.0,100.0,100.0,8.4,8.0,67.7,62.7,1016.1,1016.0,62.01,365.15,276.93,29.3471,14.6829,512.9,60.6,1499.161, NAN, NAN, NAN, NAN,,2024/04/18 22:45:49.143,2024-04-18 22:45:49.143000+00:00
2024/04/18, 22:46:49.143,35.95,-75.125, NAN,55.41,269.11,0.14,13.0,13.1,1013.9,1013.8,0.0,0.0,85.13,78.53,14,7,8.2,7.7,100.0,100.0,8.3,7.8,69.3,62.3,1016.0,1015.9,57.76,371.48,267.89,29.3424,14.6792,512.3,60.9,1499.144, NAN, NAN, NAN, NAN,,2024/04/18 22:46:49.143,2024-04-18 22:46:49.143000+00:00
2024/04/18, 22:47:49.143,35.95,-75.125, NAN,56.56,6.02,0.24,13.0,13.0,1013.9,1013.9,0.0,0.0,85.13,78.53,18,14,7.3,6.8,100.0,100.0,7.3,6.8,75.5,71.5,1016.0,1016.0,41.36,360.18,225.13,29.3429,14.6771,512.3,60.9,1499.138, NAN, NAN, NAN, NAN,,2024/04/18 22:47:49.143,2024-04-18 22:47:49.143000+00:00
2024/04/18, 22:48:49.143,35.95,-75.125, NAN,55.62,11.49,0.16,13.0,13.0,1014.0,1013.9,0.0,0.0,85.13,78.53,20,16,6.9,6.4,100.0,100.0,6.9,6.4,76.3,72.4,1016.1,1016.0,49.86,364.01,249.9,29.3481,14.6737,512.9,60.8,1499.133, NAN, NAN, NAN, NAN,,2024/04/18 22:48:49.143,2024-04-18 22:48:49.143000+00:00
2024/04/18, 22:49:49.143,35.95,-75.125, NAN,55.8,336.34,0.28,13.0,13.0,1014.0,1014.0,0.0,0.0,85.13,78.53,17,11,7.1,6.8,100.0,100.0,7.1,6.8,73.9,68.0,1016.1,1016.1,62.45,381.61,257.84,29.3525,14.6704,512.9,60.8,1499.127, NAN, NAN, NAN, NAN,,2024/04/18 22:49:49.143,2024-04-18 22:49:49.143000+00:00
2024/04/18, 22:50:49.143,35.95,-75.125, NAN,55.09,165.97,0.29,13.0,13.0,1014.0,1014.0,0.0,0.0,85.13,78.53,24,18,7.7,7.3,100.0,100.0,7.7,7.3,78.0,71.9,1016.1,1016.1,46.23,377.98,214.15,29.352,14.6662,513.6,60.9,1499.113, NAN, NAN, NAN, NAN,,2024/04/18 22:50:49.143,2024-04-18 22:50:49.143000+00:00
2024/04/18, 22:51:49.143,35.95,-75.125, NAN,55.56,272.78,0.05,13.0,13.0,1013.8,1013.8,0.0,0.0,85.13,78.53,20,14,8.0,7.9,100.0,100.0,8.0,7.9,75.5,69.5,1015.9,1015.9,45.05,371.52,212.33,29.3549,14.6638,513.9,60.9,1499.109, NAN, NAN, NAN, NAN,,2024/04/18 22:51:49.143,2024-04-18 22:51:49.143000+00:00
2024/04/18, 22:52:49.143,35.95,-75.125, NAN,56.4,343.34,0.16,13.0,13.1,1013.8,1013.9,0.0,0.0,85.13,78.53,19,14,7.2,7.0,100.0,100.0,7.2,7.0,76.1,71.1,1015.9,1016.0,61.7,373.57,282.13,29.3523,14.6621,513.9,60.2,1499.1, NAN, NAN, NAN, NAN,,2024/04/18 22:52:49.143,2024-04-18 22:52:49.143000+00:00
2024/04/18, 22:53:49.144,35.95,-75.125, NAN,55.41,311.71,0.27,13.0,13.0,1013.9,1013.8,0.0,0.0,85.13,78.53,23,14,7.1,6.7,100.0,100.0,7.2,6.8,79.3,70.5,1016.0,1015.9,41.13,368.68,210.14,29.3594,14.6591,514.2,60.4,1499.099, NAN, NAN, NAN, NAN,,2024/04/18 22:53:49.144,2024-04-18 22:53:49.144000+00:00
2024/04/18, 22:54:49.144,35.95,-75.125, NAN,54.94,156.29,0.09,13.0,13.0,1013.9,1013.8,0.0,0.0,85.13,78.53,23,16,7.0,6.7,100.0,100.0,7.0,6.7,77.6,70.6,1016.0,1015.9,43.02,377.15,188.9,29.3545,14.6568,513.9,60.3,1499.085, NAN, NAN, NAN, NAN,,2024/04/18 22:54:49.144,2024-04-18 22:54:49.144000+00:00
2024/04/18, 22:55:49.144,35.95,-75.125, NAN,56.45,27.7,0.22,13.0,13.0,1013.9,1013.8,0.0,0.0,85.13,78.53,16,14,5.2,5.7,100.0,100.0,5.1,5.6,73.4,71.3,1016.0,1015.9,35.84,379.81,172.51,29.3685,14.6557,514.2,60.5,1499.098, NAN, NAN, NAN, NAN,,2024/04/18 22:55:49.144,2024-04-18 22:55:49.144000+00:00
2024/04/18, 22:56:49.144,35.95,-75.125, NAN,55.4,296.04,0.11,13.0,13.0,1014.0,1014.0,0.0,0.0,85.13,78.53,16,12,7.5,7.3,100.0,100.0,7.5,7.3,71.7,67.7,1016.1,1016.1,33.21,379.44,154.07,29.3618,14.6538,513.6,60.6,1499.084, NAN, NAN, NAN, NAN,,2024/04/18 22:56:49.144,2024-04-18 22:56:49.144000+00:00
2024/04/18, 22:57:49.144,35.95,-75.125, NAN,55.59,106.88,0.04,13.0,13.0,1013.9,1014.0,0.0,0.0,85.13,78.53,22,19,6.0,6.5,100.0,100.0,6.0,6.5,77.4,74.4,1016.0,1016.1,48.57,377.45,195.72,29.3628,14.6483,513.2,60.7,1499.068, NAN, NAN, NAN, NAN,,2024/04/18 22:57:49.144,2024-04-18 22:57:49.144000+00:00
2024/04/18, 22:58:49.144,35.95,-75.125, NAN,55.4,126.76,0.08,13.0,13.0,1014.0,1013.8,0.0,0.0,85.13,78.53,23,14,6.7,6.8,100.0,100.0,6.7,6.8,78.2,69.1,1016.1,1015.9,31.67,379.95,155.26,29.3571,14.6443,513.6,60.8,1499.048, NAN, NAN, NAN, NAN,,2024/04/18 22:58:49.144,2024-04-18 22:58:49.144000+00:00
2024/04/18, 22:59:49.144,35.95,-75.125, NAN,55.59,11.53,0.11,13.0,13.0,1014.0,1013.9,0.0,0.0,85.13,78.53,22,15,7.6,7.4,100.0,100.0,7.6,7.4,78.0,71.0,1016.1,1016.0,29.88,372.44,160.01,29.3626,14.6399,514.2,60.9,1499.04, NAN, NAN, NAN, NAN,,2024/04/18 22:59:49.144,2024-04-18 22:59:49.144000+00:00
2024/04/18, 23:00:49.144,35.95,-75.125, NAN,54.91,205.46,0.2,13.0,13.0,1013.9,1013.9,0.0,0.0,85.13,78.53,20,15,6.9,6.6,100.0,100.0,7.0,6.7,74.3,69.3,1016.0,1016.0,34.55,364.71,178.69,29.3572,14.637,513.9,61.1,1499.024, NAN, NAN, NAN, NAN,,2024/04/18 23:00:49.144,2024-04-18 23:00:49.144000+00:00
2024/04/18, 23:01:49.144,35.95,-75.125, NAN,55.83,14.98,0.32,13.0,13.0,1013.9,1013.8,0.0,0.0,85.13,78.53,20,14,7.9,7.3,100.0,100.0,7.8,7.2,76.9,71.0,1016.0,1015.9,30.84,360.5,178.94,29.3634,14.6314,513.6,60.8,1499.013, NAN, NAN, NAN, NAN,,2024/04/18 23:01:49.144,2024-04-18 23:01:49.144000+00:00
2024/04/18, 23:02:49.144,35.95,-75.125, NAN,55.68,140.67,0.2,13.0,13.0,1014.0,1014.0,0.0,0.0,85.13,78.53,19,14,7.8,7.2,100.0,100.0,7.8,7.2,74.0,68.9,1016.1,1016.1,39.69,363.91,195.17,29.3611,14.6257,512.9,60.9,1498.992, NAN, NAN, NAN, NAN,,2024/04/18 23:02:49.144,2024-04-18 23:02:49.144000+00:00
2024/04/18, 23:03:49.144,35.95,-75.125, NAN,55.74,295.98,0.2,13.0,13.0,1013.9,1014.0,0.0,0.0,85.13,78.53,17,10,8.0,7.4,100.0,100.0,8.1,7.5,73.3,66.4,1016.0,1016.1,31.46,372.24,168.56,29.3597,14.6201,514.5,60.7,1498.972, NAN, NAN, NAN, NAN,,2024/04/18 23:03:49.144,2024-04-18 23:03:49.144000+00:00
2024/04/18, 23:04:49.144,35.95,-75.125, NAN,55.41,327.53,0.26,13.0,13.0,1014.0,1014.0,0.0,0.0,85.13,78.53,21,16,6.7,6.6,100.0,100.0,6.8,6.6,77.4,72.5,1016.1,1016.1,37.09,370.32,178.61,29.3607,14.6161,513.2,60.9,1498.961, NAN, NAN, NAN, NAN,,2024/04/18 23:04:49.144,2024-04-18 23:04:49.144000+00:00
2024/04/18, 23:05:49.144,35.95,-75.125, NAN,55.45,131.54,0.33,13.0,13.0,1014.0,1014.1,0.0,0.0,85.13,78.53,22,17,7.1,6.8,100.0,100.0,7.0,6.7,76.5,71.4,1016.1,1016.2,33.21,368.93,163.46,29.3738,14.6088,514.8,60.9,1498.952, NAN, NAN, NAN, NAN,,2024/04/18 23:05:49.144,2024-04-18 23:05:49.144000+00:00
2024/04/18, 23:06:49.144,35.95,-75.125, NAN,56.04,120.32,0.27,13.0,13.0,1014.0,1014.0,0.0,0.0,85.13,78.53,13,9,6.3,6.5,100.0,100.0,6.2,6.4,67.9,63.9,1016.1,1016.1,28.25,358.82,154.03,29.3744,14.6038,513.9,60.9,1498.937, NAN, NAN, NAN, NAN,,2024/04/18 23:06:49.144,2024-04-18 23:06:49.144000+00:00
2024/04/18, 23:07:49.144,35.95,-75.125, NAN,54.28,43.4,0.17,13.0,13.1,1014.0,1013.9,0.0,0.0,85.13,78.53,19,14,6.5,6.0,100.0,100.0,6.5,5.9,73.9,69.0,1016.1,1016.0,26.11,363.35,147.37,29.3777,14.5984,516.3,61.0,1498.923, NAN, NAN, NAN, NAN,,2024/04/18 23:07:49.144,2024-04-18 23:07:49.144000+00:00
2024/04/18, 23:08:49.145,35.95,-75.125, NAN,55.62,293.75,0.19,13.1,13.1,1014.0,1014.0,0.0,0.0,85.13,78.53,24,18,7.7,7.4,100.0,100.0,7.8,7.5,80.1,74.2,1016.1,1016.1,25.05,357.23,145.86,29.3783,14.5903,514.5,60.6,1498.897, NAN, NAN, NAN, NAN,,2024/04/18 23:08:49.145,2024-04-18 23:08:49.145000+00:00
2024/04/18, 23:09:49.145,35.95,-75.125, NAN,56.61,280.26,0.02,13.1,13.0,1014.0,1014.0,0.0,0.0,85.13,78.53,16,10,6.9,6.9,100.0,100.0,6.9,6.9,72.5,66.5,1016.1,1016.1,24.31,356.17,139.91,29.3677,14.5851,515.5,60.7,1498.868, NAN, NAN, NAN, NAN,,2024/04/18 23:09:49.145,2024-04-18 23:09:49.145000+00:00
2024/04/18, 23:10:49.145,35.95,-75.125, NAN,55.23,165.16,0.27,13.0,13.0,1014.1,1014.0,0.0,0.0,85.13,78.53,22,15,7.1,7.0,100.0,100.0,7.1,7.0,76.1,69.1,1016.2,1016.1,27.63,365.07,137.95,29.3738,14.5809,516.3,60.7,1498.862, NAN, NAN, NAN, NAN,,2024/04/18 23:10:49.145,2024-04-18 23:10:49.145000+00:00
2024/04/18, 23:11:49.145,35.95,-75.125, NAN,55.9,153.88,0.25,13.0,13.0,1014.0,1014.0,0.0,0.0,85.13,78.53,19,13,7.8,7.3,100.0,100.0,7.8,7.3,74.0,67.9,1016.1,1016.1,21.13,355.71,124.98,29.3709,14.5775,514.8,60.9,1498.847, NAN, NAN, NAN, NAN,,2024/04/18 23:11:49.145,2024-04-18 23:11:49.145000+00:00
2024/04/18, 23:12:49.145,35.95,-75.125, NAN,55.86,7.81,0.2,12.9,13.0,1013.9,1013.9,0.0,0.0,85.13,78.53,17,10,7.2,6.7,100.0,100.0,7.2,6.6,73.6,66.6,1016.0,1016.0,20.73,360.02,121.85,29.368,14.5744,515.6,60.9,1498.834, NAN, NAN, NAN, NAN,,2024/04/18 23:12:49.145,2024-04-18 23:12:49.145000+00:00
2024/04/18, 23:13:49.145,35.95,-75.125, NAN,55.56,33.25,0.03,12.9,12.9,1014.0,1014.0,0.0,0.0,85.13,78.53,19,13,7.0,6.7,100.0,100.0,7.0,6.7,74.7,68.7,1016.1,1016.1,18.38,354.47,117.79,29.3703,14.5708,513.9,60.8,1498.825, NAN, NAN, NAN, NAN,,2024/04/18 23:13:49.145,2024-04-18 23:13:49.145000+00:00
2024/04/18, 23:14:49.145,35.95,-75.125, NAN,55.75,34.5,0.11,12.9,13.0,1014.0,1014.0,0.0,0.0,85.13,78.53,20,15,6.6,6.3,100.0,100.0,6.6,6.3,76.2,71.2,1016.1,1016.1,17.51,352.48,118.4,29.3765,14.5682,515.5,60.9,1498.823, NAN, NAN, NAN, NAN,,2024/04/18 23:14:49.145,2024-04-18 23:14:49.145000+00:00
2024/04/18, 23:15:49.145,35.95,-75.125, NAN,55.39,148.14,0.27,13.0,13.0,1014.0,1014.0,0.0,0.0,85.13,78.53,20,14,7.0,6.8,100.0,100.0,7.0,6.8,74.3,68.2,1016.1,1016.1,15.98,352.31,114.74,29.3771,14.5647,515.2,61.0,1498.813, NAN, NAN, NAN, NAN,,2024/04/18 23:15:49.145,2024-04-18 23:15:49.145000+00:00
2024/04/18, 23:16:49.145,35.95,-75.125, NAN,55.61,202.67,0.36,13.0,13.0,1014.0,1013.9,0.0,0.0,85.13,78.53,21,16,6.8,6.6,100.0,100.0,6.9,6.7,75.2,70.2,1016.1,1016.0,14.74,351.49,110.55,29.3843,14.5598,515.2,60.9,1498.805, NAN, NAN, NAN, NAN,,2024/04/18 23:16:49.145,2024-04-18 23:16:49.145000+00:00
2024/04/18, 23:17:49.145,35.95,-75.125, NAN,56.31,312.14,0.17,13.0,13.0,1013.9,1013.9,0.0,0.0,85.13,78.53,26,20,6.9,6.4,100.0,100.0,6.9,6.4,82.9,77.0,1016.0,1016.0,15.14,353.24,107.55,29.3854,14.5563,515.6,61.0,1498.795, NAN, NAN, NAN, NAN,,2024/04/18 23:17:49.145,2024-04-18 23:17:49.145000+00:00
2024/04/18, 23:18:49.145,35.95,-75.125, NAN,55.82,275.24,0.09,13.0,13.0,1014.0,1014.0,0.0,0.0,85.13,78.53,22,16,6.1,6.1,100.0,100.0,6.1,6.1,77.7,71.8,1016.1,1016.1,15.24,355.42,103.36,29.3802,14.5502,515.5,61.0,1498.769, NAN, NAN, NAN, NAN,,2024/04/18 23:18:49.145,2024-04-18 23:18:49.145000+00:00
2024/04/18, 23:19:49.145,35.95,-75.125, NAN,56.12,313.51,0.32,13.0,13.0,1014.0,1014.0,0.0,0.0,85.13,78.53,20,13,6.8,6.6,100.0,100.0,6.9,6.7,77.2,70.3,1016.1,1016.1,12.8,351.7,95.93,29.377,14.545,514.8,61.3,1498.749, NAN, NAN, NAN, NAN,,2024/04/18 23:19:49.145,2024-04-18 23:19:49.145000+00:00
2024/04/18, 23:20:49.145,35.95,-75.125, NAN,56.37,304.12,0.22,13.0,13.0,1014.0,1014.0,0.0,0.0,85.13,78.53,14,8,7.4,7.0,100.0,100.0,7.5,7.1,71.0,65.1,1016.1,1016.1,11.71,350.82,89.86,29.3732,14.5401,514.2,61.2,1498.728, NAN, NAN, NAN, NAN,,2024/04/18 23:20:49.145,2024-04-18 23:20:49.145000+00:00
2024/04/18, 23:21:49.145,35.95,-75.125, NAN,55.85,62.42,0.18,12.9,13.0,1014.0,1014.0,0.0,0.0,85.13,78.53,17,12,7.3,7.1,100.0,100.0,7.2,7.0,73.2,68.1,1016.1,1016.1,9.71,349.63,82.57,29.377,14.5353,515.2,61.2,1498.717, NAN, NAN, NAN, NAN,,2024/04/18 23:21:49.145,2024-04-18 23:21:49.145000+00:00
2024/04/18, 23:22:49.145,35.95,-75.125, NAN,55.09,310.51,0.34,12.9,12.9,1014.1,1014.0,0.0,0.0,85.13,78.53,19,13,8.1,7.7,100.0,100.0,8.2,7.8,75.0,69.1,1016.2,1016.1,8.74,351.66,71.37,29.3756,14.5281,514.8,61.2,1498.692, NAN, NAN, NAN, NAN,,2024/04/18 23:22:49.145,2024-04-18 23:22:49.145000+00:00
2024/04/18, 23:23:49.145,35.95,-75.125, NAN,55.97,68.21,0.08,12.8,12.8,1014.0,1014.0,0.0,0.0,85.13,78.53,18,15,7.7,7.5,100.0,100.0,7.7,7.5,73.8,70.8,1016.1,1016.1,6.42,352.51,60.09,29.3735,14.5233,515.2,61.3,1498.674, NAN, NAN, NAN, NAN,,2024/04/18 23:23:49.145,2024-04-18 23:23:49.145000+00:00
2024/04/18, 23:24:49.146,35.95,-75.125, NAN,55.86,287.98,0.33,12.8,12.8,1014.1,1014.0,0.0,0.0,85.13,78.53,16,8,7.7,7.2,100.0,100.0,7.8,7.3,72.8,65.0,1016.2,1016.1,5.06,354.17,51.16,29.3746,14.5181,515.2,61.3,1498.658, NAN, NAN, NAN, NAN,,2024/04/18 23:24:49.146,2024-04-18 23:24:49.146000+00:00
2024/04/18, 23:25:49.146,35.95,-75.125, NAN,55.68,311.86,0.26,12.8,12.8,1014.0,1014.1,0.0,0.0,85.13,78.53,11,6,7.5,7.4,100.0,100.0,7.6,7.5,67.6,62.6,1016.1,1016.2,4.01,353.94,46.3,29.376,14.5118,515.2,61.3,1498.639, NAN, NAN, NAN, NAN,,2024/04/18 23:25:49.146,2024-04-18 23:25:49.146000+00:00
2024/04/18, 23:26:49.146,35.95,-75.125, NAN,55.99,319.81,0.17,12.7,12.8,1014.0,1014.1,0.0,0.0,85.13,78.53,11,5,7.4,7.0,100.0,100.0,7.4,7.0,67.7,61.7,1016.1,1016.2,3.25,357.32,43.76,29.3779,14.5083,516.3,61.3,1498.63, NAN, NAN, NAN, NAN,,2024/04/18 23:26:49.146,2024-04-18 23:26:49.146000+00:00
2024/04/18, 23:27:49.146,35.95,-75.125, NAN,56.01,219.28,0.13,12.8,12.8,1014.2,1014.0,0.0,0.0,85.13,78.53,9,3,7.0,6.5,100.0,100.0,7.0,6.5,64.5,58.5,1016.3,1016.1,3.55,354.05,44.44,29.3818,14.5043,516.6,61.3,1498.622, NAN, NAN, NAN, NAN,,2024/04/18 23:27:49.146,2024-04-18 23:27:49.146000+00:00
2024/04/18, 23:28:49.146,35.95,-75.125, NAN,56.02,150.43,0.34,12.8,12.8,1014.3,1014.1,0.0,0.0,85.13,78.53,12,3,6.5,6.1,100.0,100.0,6.5,6.1,66.5,57.4,1016.4,1016.2,2.49,352.63,40.34,29.3816,14.5006,515.5,61.3,1498.61, NAN, NAN, NAN, NAN,,2024/04/18 23:28:49.146,2024-04-18 23:28:49.146000+00:00
2024/04/18, 23:29:49.146,35.95,-75.125, NAN,55.7,33.43,0.17,12.8,12.8,1014.1,1014.2,0.0,0.0,85.13,78.53,6,359,6.9,6.9,100.0,100.0,6.8,6.8,62.1,55.0,1016.2,1016.3,1.56,356.95,34.76,29.3863,14.4962,515.2,61.3,1498.601, NAN, NAN, NAN, NAN,,2024/04/18 23:29:49.146,2024-04-18 23:29:49.146000+00:00
2024/04/18, 23:30:49.146,35.95,-75.125, NAN,55.83,155.09,0.25,12.8,12.8,1014.3,1014.2,0.0,0.0,85.13,78.53,11,5,6.9,6.8,100.0,100.0,6.9,6.8,65.8,59.7,1016.4,1016.3,0.09,380.17,24.31,29.3855,14.4922,514.8,61.2,1498.587, NAN, NAN, NAN, NAN,,2024/04/18 23:30:49.146,2024-04-18 23:30:49.146000+00:00
2024/04/18, 23:31:49.146,35.95,-75.125, NAN,55.01,106.69,0.12,12.7,12.7,1014.3,1014.2,0.0,0.0,85.13,78.53,15,10,6.7,6.6,100.0,100.0,6.6,6.5,69.9,64.9,1016.4,1016.3,-0.74,386.12,19.61,29.3862,14.4893,516.0,61.2,1498.578, NAN, NAN, NAN, NAN,,2024/04/18 23:31:49.146,2024-04-18 23:31:49.146000+00:00
2024/04/18, 23:32:49.146,35.95,-75.125, NAN,55.45,85.99,0.24,12.6,12.6,1014.3,1014.2,0.0,0.0,85.13,78.53,9,5,6.8,6.8,100.0,100.0,6.7,6.7,64.1,60.0,1016.4,1016.3,-0.53,374.48,20.86,29.389,14.4873,516.9,61.2,1498.575, NAN, NAN, NAN, NAN,,2024/04/18 23:32:49.146,2024-04-18 23:32:49.146000+00:00
2024/04/18, 23:33:49.146,35.95,-75.125, NAN,56.17,125.33,0.23,12.6,12.6,1014.3,1014.2,0.0,0.0,85.13,78.53,357,352,7.2,6.9,100.0,100.0,7.2,6.9,52.2,47.2,1016.4,1016.3,-0.83,372.58,19.52,29.3888,14.4823,516.3,61.2,1498.558, NAN, NAN, NAN, NAN,,2024/04/18 23:33:49.146,2024-04-18 23:33:49.146000+00:00
2024/04/18, 23:34:49.146,35.95,-75.125, NAN,55.15,330.17,0.06,12.6,12.6,1014.3,1014.3,0.0,0.0,85.13,78.53,356,352,7.0,7.0,100.0,100.0,7.0,7.0,51.4,47.4,1016.4,1016.4,-1.42,374.54,17.79,29.3887,14.4785,515.6,61.3,1498.546, NAN, NAN, NAN, NAN,,2024/04/18 23:34:49.146,2024-04-18 23:34:49.146000+00:00
2024/04/18, 23:35:49.146,35.95,-75.125, NAN,55.74,320.83,0.29,12.5,12.6,1014.3,1014.3,0.0,0.0,85.13,78.53,357,352,7.5,7.5,100.0,100.0,7.5,7.5,53.9,48.9,1016.4,1016.4,-1.95,367.83,16.27,29.3937,14.4742,515.6,61.0,1498.538, NAN, NAN, NAN, NAN,,2024/04/18 23:35:49.146,2024-04-18 23:35:49.146000+00:00
2024/04/18, 23:36:49.146,35.95,-75.125, NAN,55.44,153.7,0.25,12.5,12.6,1014.3,1014.3,0.0,0.0,85.13,78.53,359,354,7.2,7.4,100.0,100.0,7.2,7.4,53.4,48.4,1016.4,1016.4,-2.28,368.48,15.21,29.3946,14.4709,516.3,61.2,1498.528, NAN, NAN, NAN, NAN,,2024/04/18 23:36:49.146,2024-04-18 23:36:49.146000+00:00
2024/04/18, 23:37:49.146,35.95,-75.125, NAN,55.54,101.56,0.22,12.6,12.6,1014.4,1014.3,0.0,0.0,85.13,78.53,359,354,7.8,8.0,100.0,100.0,7.7,8.0,53.8,48.8,1016.5,1016.4,-2.67,367.96,13.54,29.3938,14.4683,515.6,61.2,1498.519, NAN, NAN, NAN, NAN,,2024/04/18 23:37:49.146,2024-04-18 23:37:49.146000+00:00
2024/04/18, 23:38:49.146,35.95,-75.125, NAN,55.25,161.11,0.2,12.6,12.6,1014.4,1014.4,0.0,0.0,85.13,78.53,0,352,8.5,8.3,100.0,100.0,8.5,8.4,54.6,46.7,1016.5,1016.5,-3.05,364.53,11.98,29.3923,14.464,515.2,61.2,1498.503, NAN, NAN, NAN, NAN,,2024/04/18 23:38:49.146,2024-04-18 23:38:49.146000+00:00
2024/04/18, 23:39:49.146,35.95,-75.125, NAN,55.3,190.65,0.09,12.6,12.6,1014.4,1014.4,0.0,0.0,85.13,78.53,358,352,7.9,7.4,100.0,100.0,7.9,7.4,53.6,47.7,1016.5,1016.5,-3.27,361.26,11.03,29.3964,14.4614,515.6,61.2,1498.499, NAN, NAN, NAN, NAN,,2024/04/18 23:39:49.146,2024-04-18 23:39:49.146000+00:00
2024/04/18, 23:40:49.146,35.95,-75.125, NAN,56.05,346.71,0.1,12.6,12.6,1014.4,1014.4,0.0,0.0,85.13,78.53,356,352,8.4,8.3,100.0,100.0,8.4,8.3,52.3,48.2,1016.5,1016.5,-3.53,360.07,9.8,29.3976,14.46,518.5,61.1,1498.496, NAN, NAN, NAN, NAN,,2024/04/18 23:40:49.146,2024-04-18 23:40:49.146000+00:00
2024/04/18, 23:41:49.147,35.95,-75.125, NAN,56.05,14.53,0.2,12.5,12.6,1014.5,1014.4,0.0,0.0,85.13,78.53,359,353,8.6,8.1,100.0,100.0,8.5,8.0,55.6,49.6,1016.6,1016.5,-3.61,364.87,9.02,29.3985,14.4572,516.3,61.1,1498.488, NAN, NAN, NAN, NAN,,2024/04/18 23:41:49.147,2024-04-18 23:41:49.147000+00:00
2024/04/18, 23:42:49.147,35.95,-75.125, NAN,55.16,157.92,0.38,12.6,12.6,1014.5,1014.5,0.0,0.0,85.13,78.53,0,355,8.5,8.3,100.0,100.0,8.5,8.4,53.9,48.9,1016.6,1016.6,-3.93,356.13,7.98,29.3995,14.4558,517.2,61.1,1498.484, NAN, NAN, NAN, NAN,,2024/04/18 23:42:49.147,2024-04-18 23:42:49.147000+00:00
2024/04/18, 23:43:49.147,35.95,-75.125, NAN,51.61,146.21,0.48,12.5,12.6,1014.5,1014.4,0.0,0.0,85.13,78.53,353,345,8.5,8.8,100.0,100.0,8.6,8.9,43.0,35.2,1016.6,1016.5,-4.21,353.78,7.09,29.3997,14.4543,517.2,61.3,1498.48, NAN, NAN, NAN, NAN,,2024/04/18 23:43:49.147,2024-04-18 23:43:49.147000+00:00
2024/04/18, 23:44:49.147,35.95,-75.125, NAN,47.91,23.87,0.17,12.6,12.6,1014.5,1014.5,0.0,0.0,85.13,78.53,4,359,8.4,8.4,100.0,100.0,8.4,8.3,52.4,47.4,1016.6,1016.6,-4.41,358.23,6.33,29.4014,14.4511,515.6,61.1,1498.471, NAN, NAN, NAN, NAN,,2024/04/18 23:44:49.147,2024-04-18 23:44:49.147000+00:00
2024/04/18, 23:45:49.147,35.95,-75.125, NAN,48.88,139.88,0.55,12.5,12.5,1014.5,1014.6,0.0,0.0,85.13,78.53,2,358,8.5,8.4,100.0,100.0,8.5,8.4,49.0,45.0,1016.6,1016.7,-4.42,356.95,5.05,29.4029,14.4471,517.6,61.1,1498.46, NAN, NAN, NAN, NAN,,2024/04/18 23:45:49.147,2024-04-18 23:45:49.147000+00:00
2024/04/18, 23:46:49.147,35.95,-75.125, NAN,47.89,148.41,0.43,12.5,12.5,1014.5,1014.4,0.0,0.0,85.13,78.53,2,355,8.9,7.3,100.0,100.0,9.0,7.4,48.5,41.3,1016.6,1016.5,-4.89,377.4,3.28,29.4037,14.4427,517.9,61.1,1498.447, NAN, NAN, NAN, NAN,,2024/04/18 23:46:49.147,2024-04-18 23:46:49.147000+00:00
2024/04/18, 23:47:49.147,35.95,-75.125, NAN,46.74,301.15,0.04,12.4,12.4,1014.4,1014.4,0.0,0.0,85.13,78.53,10,4,8.2,8.2,100.0,100.0,8.2,8.2,56.8,50.8,1016.5,1016.5,-5.2,382.27,2.32,29.4079,14.4403,517.6,61.3,1498.444, NAN, NAN, NAN, NAN,,2024/04/18 23:47:49.147,2024-04-18 23:47:49.147000+00:00
2024/04/18, 23:48:49.147,35.95,-75.125, NAN,47.94,224.81,0.05,12.3,12.3,1014.5,1014.5,0.0,0.0,85.13,78.53,11,6,7.1,7.1,100.0,100.0,7.1,7.1,58.7,53.7,1016.6,1016.6,-5.22,384.32,2.05,29.4113,14.4367,516.9,61.3,1498.436, NAN, NAN, NAN, NAN,,2024/04/18 23:48:49.147,2024-04-18 23:48:49.147000+00:00
2024/04/18, 23:49:49.147,35.95,-75.125, NAN,47.79,259.06,0.12,12.4,12.4,1014.5,1014.6,0.0,0.0,85.13,78.53,10,2,7.7,7.0,100.0,100.0,7.8,7.1,57.8,49.9,1016.6,1016.7,-5.37,373.98,1.67,29.4125,14.4331,518.2,61.4,1498.426, NAN, NAN, NAN, NAN,,2024/04/18 23:49:49.147,2024-04-18 23:49:49.147000+00:00
2024/04/18, 23:50:49.147,35.95,-75.125, NAN,47.46,19.58,0.02,12.4,12.4,1014.4,1014.4,0.0,0.0,85.13,78.53,10,6,8.0,8.0,100.0,100.0,8.0,8.0,57.5,53.5,1016.5,1016.5,-5.21,386.25,1.17,29.4125,14.4294,518.5,61.3,1498.414, NAN, NAN, NAN, NAN,,2024/04/18 23:50:49.147,2024-04-18 23:50:49.147000+00:00
2024/04/18, 23:51:49.147,35.95,-75.125, NAN,48.36,39.44,0.08,12.2,12.3,1014.7,1014.7,0.0,0.0,85.13,78.53,11,2,8.5,7.6,100.0,100.0,8.5,7.6,59.6,50.6,1016.8,1016.8,-5.28,387.92,0.93,29.4105,14.4244,517.6,61.4,1498.395, NAN, NAN, NAN, NAN,,2024/04/18 23:51:49.147,2024-04-18 23:51:49.147000+00:00
2024/04/18, 23:52:49.147,35.95,-75.125, NAN,48.61,308.11,0.1,12.2,12.3,1014.5,1014.5,0.0,0.0,85.13,78.53,12,7,8.6,8.1,100.0,100.0,8.6,8.1,60.9,55.9,1016.6,1016.6,-5.31,388.25,0.79,29.4092,14.4204,518.2,61.4,1498.38, NAN, NAN, NAN, NAN,,2024/04/18 23:52:49.147,2024-04-18 23:52:49.147000+00:00
2024/04/18, 23:53:49.147,35.95,-75.125, NAN,47.44,1.77,0.17,12.2,12.2,1014.7,1014.5,0.0,0.0,85.13,78.53,357,358,6.9,7.2,100.0,100.0,6.8,7.1,45.0,46.0,1016.8,1016.6,-5.46,390.27,0.6,29.4094,14.4173,518.2,61.4,1498.37, NAN, NAN, NAN, NAN,,2024/04/18 23:53:49.147,2024-04-18 23:53:49.147000+00:00
2024/04/18, 23:54:49.147,35.95,-75.125, NAN,48.88,59.61,0.13,12.3,12.3,1014.6,1014.5,0.0,0.0,85.13,78.53,359,352,7.9,7.5,100.0,100.0,7.8,7.4,48.0,40.9,1016.7,1016.6,-5.38,388.05,0.51,29.4087,14.4132,517.6,61.3,1498.356, NAN, NAN, NAN, NAN,,2024/04/18 23:54:49.147,2024-04-18 23:54:49.147000+00:00
2024/04/18, 23:55:49.147,35.95,-75.125, NAN,47.52,336.57,0.19,12.2,12.2,1014.7,1014.5,0.0,0.0,85.13,78.53,358,352,7.0,7.6,100.0,100.0,7.0,7.6,46.3,40.2,1016.8,1016.6,-5.4,386.43,0.42,29.419,14.4063,517.6,61.3,1498.346, NAN, NAN, NAN, NAN,,2024/04/18 23:55:49.147,2024-04-18 23:55:49.147000+00:00
2024/04/18, 23:56:49.147,35.95,-75.125, NAN,48.45,68.85,0.04,12.2,12.2,1014.5,1014.6,0.0,0.0,85.13,78.53,356,352,7.4,7.0,100.0,100.0,7.4,7.0,44.4,40.4,1016.6,1016.7,-5.46,383.52,0.41,29.4223,14.4009,517.2,61.2,1498.332, NAN, NAN, NAN, NAN,,2024/04/18 23:56:49.147,2024-04-18 23:56:49.147000+00:00
2024/04/18, 23:57:49.147,35.95,-75.125, NAN,47.36,138.35,0.17,12.2,12.2,1014.6,1014.5,0.0,0.0,85.13,78.53,8,1,7.9,7.6,100.0,100.0,7.9,7.6,54.7,47.7,1016.7,1016.6,-5.49,380.24,0.35,29.4221,14.395,516.9,61.3,1498.313, NAN, NAN, NAN, NAN,,2024/04/18 23:57:49.147,2024-04-18 23:57:49.147000+00:00
2024/04/18, 23:58:49.148,35.95,-75.125, NAN,48.13,292.61,0.07,12.2,12.2,1014.5,1014.4,0.0,0.0,85.13,78.53,1,355,7.9,7.4,100.0,100.0,7.9,7.4,49.4,43.4,1016.6,1016.5,-5.52,373.12,0.29,29.4217,14.3913,517.9,61.5,1498.3, NAN, NAN, NAN, NAN,,2024/04/18 23:58:49.148,2024-04-18 23:58:49.148000+00:00
2024/04/18, 23:59:49.148,35.95,-75.125, NAN,48.24,336.34,0.23,12.1,12.2,1014.5,1014.4,0.0,0.0,85.13,78.53,4,356,8.2,7.8,100.0,100.0,8.1,7.7,53.0,44.9,1016.6,1016.5,-5.55,381.51,0.18,29.4181,14.3867,517.6,61.5,1498.281, NAN, NAN, NAN, NAN,,2024/04/18 23:59:49.148,2024-04-18 23:59:49.148000+00:00
2024/04/22, 00:00:49.419,41.523,-70.672, NAN,242.64,271.63,0.01,8.0,8.1,1010.1,1010.0,0.0,0.0,87.88,79.0,20,14,7.0,6.6,71.1,71.5,7.0,6.6,262.6,256.6,1012.2,1012.1,-5.7,321.01,0.01,0.1975,8.6653,115.6,0.0,1442.224, NAN, NAN, NAN, NAN,,2024/04/22 00:00:49.419,2024-04-22 00:00:49.419000+00:00
2024/04/22, 00:01:49.419,41.523,-70.672, NAN,242.59,355.83,0.0,8.0,8.1,1010.1,1010.0,0.0,0.0,87.88,79.0,23,19,5.8,5.7,71.5,72.4,5.8,5.7,265.6,261.6,1012.2,1012.1,-5.78,321.02,0.01,0.1975,8.6668,115.6,0.0,1442.23, NAN, NAN, NAN, NAN,,2024/04/22 00:01:49.419,2024-04-22 00:01:49.419000+00:00
2024/04/22, 00:02:49.419,41.523,-70.672, NAN,242.63,305.42,0.01,8.0,8.1,1010.1,1010.1,0.0,0.0,87.88,79.0,33,27,4.3,4.8,72.5,73.0,4.3,4.8,275.6,269.6,1012.2,1012.2,-5.73,321.0,0.01,0.1974,8.6714,115.3,0.0,1442.249, NAN, NAN, NAN, NAN,,2024/04/22 00:02:49.419,2024-04-22 00:02:49.419000+00:00
2024/04/22, 00:03:49.419,41.523,-70.672, NAN,242.61,356.88,0.0,8.0,8.1,1010.1,1010.1,0.0,0.0,87.88,79.0,24,20,3.5,4.0,72.4,73.1,3.5,4.0,266.6,262.6,1012.2,1012.2,-5.87,320.84,-0.0,0.1974,8.677,116.0,0.0,1442.272, NAN, NAN, NAN, NAN,,2024/04/22 00:03:49.419,2024-04-22 00:03:49.419000+00:00
2024/04/22, 00:04:49.420,41.523,-70.672, NAN,242.65,314.77,0.0,8.1,8.1,1010.1,1010.1,0.0,0.0,87.88,79.0,30,25,5.6,5.8,73.0,72.3,5.6,5.8,272.6,267.6,1012.2,1012.2,-5.9,320.84,-0.02,0.1973,8.6797,116.0,0.0,1442.283, NAN, NAN, NAN, NAN,,2024/04/22 00:04:49.420,2024-04-22 00:04:49.420000+00:00
2024/04/22, 00:05:49.420,41.523,-70.672, NAN,242.6,92.09,0.01,8.1,8.1,1010.1,1010.0,0.0,0.0,87.88,79.0,19,13,6.3,6.0,73.0,71.6,6.3,6.0,261.6,255.6,1012.2,1012.1,-5.9,320.76,-0.0,0.1973,8.6853,115.0,0.0,1442.306, NAN, NAN, NAN, NAN,,2024/04/22 00:05:49.420,2024-04-22 00:05:49.420000+00:00
2024/04/22, 00:06:49.420,41.523,-70.672, NAN,242.59,50.37,0.0,8.1,8.2,1010.0,1010.0,0.0,0.0,87.88,79.0,25,20,7.2,6.9,71.3,70.9,7.2,6.9,267.6,262.6,1012.1,1012.1,-5.8,320.92,-0.01,0.1973,8.6869,115.6,0.0,1442.313, NAN, NAN, NAN, NAN,,2024/04/22 00:06:49.420,2024-04-22 00:06:49.420000+00:00
2024/04/22, 00:07:49.420,41.523,-70.672, NAN,242.59,293.19,0.01,8.2,8.3,1010.0,1010.0,0.0,0.0,87.88,79.0,25,20,6.6,6.7,70.3,69.6,6.6,6.7,267.6,262.6,1012.1,1012.1,-5.73,320.67,-0.01,0.1972,8.6793,114.7,0.0,1442.281, NAN, NAN, NAN, NAN,,2024/04/22 00:07:49.420,2024-04-22 00:07:49.420000+00:00
2024/04/22, 00:08:49.420,41.523,-70.672, NAN,242.63,329.74,0.0,8.3,8.3,1010.1,1010.1,0.0,0.0,87.88,79.0,35,24,4.3,5.4,69.6,69.9,4.3,5.4,277.6,266.6,1012.2,1012.2,-5.68,320.79,-0.02,0.1972,8.6718,115.3,0.0,1442.251, NAN, NAN, NAN, NAN,,2024/04/22 00:08:49.420,2024-04-22 00:08:49.420000+00:00
2024/04/22, 00:09:49.420,41.523,-70.672, NAN,242.6,11.2,0.01,8.3,8.3,1010.1,1010.1,0.0,0.0,87.88,79.0,35,29,5.9,7.0,69.9,68.8,5.9,7.0,277.6,271.6,1012.2,1012.2,-5.69,321.16,-0.02,0.1971,8.6689,115.3,0.0,1442.239, NAN, NAN, NAN, NAN,,2024/04/22 00:09:49.420,2024-04-22 00:09:49.420000+00:00
2024/04/22, 00:10:49.420,41.523,-70.672, NAN,242.56,59.3,0.03,8.3,8.4,1010.1,1010.0,0.0,0.0,87.88,79.0,30,25,6.3,6.3,68.5,66.5,6.3,6.3,272.5,267.5,1012.2,1012.1,-5.62,320.94,-0.03,0.1971,8.6697,115.0,0.0,1442.242, NAN, NAN, NAN, NAN,,2024/04/22 00:10:49.420,2024-04-22 00:10:49.420000+00:00
2024/04/22, 00:11:49.420,41.523,-70.672, NAN,242.61,4.45,0.02,8.4,8.4,1010.1,1010.0,0.0,0.0,87.88,79.0,29,22,5.6,5.6,66.2,66.6,5.6,5.6,271.5,264.5,1012.2,1012.1,-5.58,320.8,-0.02,0.1971,8.6696,115.0,0.0,1442.241, NAN, NAN, NAN, NAN,,2024/04/22 00:11:49.420,2024-04-22 00:11:49.420000+00:00
2024/04/22, 00:12:49.420,41.523,-70.672, NAN,242.63,22.53,0.01,8.4,8.4,1010.1,1010.0,0.0,0.0,87.88,79.0,33,29,5.9,6.6,66.5,67.7,5.9,6.6,275.6,271.6,1012.2,1012.1,-5.76,320.51,-0.03,0.197,8.6707,114.7,0.0,1442.246, NAN, NAN, NAN, NAN,,2024/04/22 00:12:49.420,2024-04-22 00:12:49.420000+00:00
2024/04/22, 00:13:49.420,41.523,-70.672, NAN,242.6,346.79,0.01,8.4,8.4,1010.1,1010.1,0.0,0.0,87.88,79.0,37,33,5.1,6.5,67.6,67.9,5.1,6.5,279.7,275.6,1012.2,1012.2,-5.61,320.94,-0.03,0.197,8.6724,115.3,0.0,1442.253, NAN, NAN, NAN, NAN,,2024/04/22 00:13:49.420,2024-04-22 00:13:49.420000+00:00
2024/04/22, 00:14:49.420,41.523,-70.672, NAN,242.63,78.71,0.01,8.4,8.4,1010.1,1010.0,0.0,0.0,87.88,79.0,36,32,5.1,6.1,67.3,67.9,5.1,6.1,278.6,274.6,1012.2,1012.1,-5.67,320.52,-0.03,0.197,8.6718,114.7,0.0,1442.25, NAN, NAN, NAN, NAN,,2024/04/22 00:14:49.420,2024-04-22 00:14:49.420000+00:00
2024/04/22, 00:15:49.420,41.523,-70.672, NAN,242.61,260.61,0.01,8.4,8.5,1010.0,1010.1,0.0,0.0,87.88,79.0,38,33,5.3,7.1,67.6,67.7,5.3,7.1,280.6,275.6,1012.1,1012.2,-5.75,320.88,-0.02,0.197,8.6684,114.4,0.0,1442.236, NAN, NAN, NAN, NAN,,2024/04/22 00:15:49.420,2024-04-22 00:15:49.420000+00:00
2024/04/22, 00:16:49.420,41.523,-70.672, NAN,242.65,342.2,0.01,8.4,8.5,1010.1,1010.0,0.0,0.0,87.88,79.0,40,33,4.9,6.5,66.3,66.1,4.9,6.5,282.6,275.6,1012.2,1012.1,-5.86,321.06,-0.03,0.197,8.664,114.4,0.0,1442.218, NAN, NAN, NAN, NAN,,2024/04/22 00:16:49.420,2024-04-22 00:16:49.420000+00:00
2024/04/22, 00:17:49.420,41.523,-70.672, NAN,242.6,200.45,0.0,8.5,8.5,1010.1,1010.1,0.0,0.0,87.88,79.0,41,35,5.0,7.2,66.0,66.1,5.0,7.2,283.6,277.6,1012.2,1012.2,-5.82,321.07,-0.03,0.1969,8.667,114.1,0.0,1442.231, NAN, NAN, NAN, NAN,,2024/04/22 00:17:49.420,2024-04-22 00:17:49.420000+00:00
2024/04/22, 00:18:49.420,41.523,-70.672, NAN,242.67,230.41,0.01,8.5,8.6,1010.1,1010.1,0.0,0.0,87.88,79.0,37,31,4.8,5.9,65.4,64.2,4.8,5.9,279.6,273.6,1012.2,1012.2,-5.77,320.74,-0.04,0.1969,8.671,114.1,0.0,1442.247, NAN, NAN, NAN, NAN,,2024/04/22 00:18:49.420,2024-04-22 00:18:49.420000+00:00
2024/04/22, 00:19:49.421,41.523,-70.672, NAN,242.63,306.3,0.0,8.6,8.6,1010.1,1010.1,0.0,0.0,87.88,79.0,40,35,5.0,7.1,64.2,65.7,5.0,7.1,282.6,277.6,1012.2,1012.2,-5.77,320.78,-0.03,0.1969,8.6735,114.4,0.0,1442.257, NAN, NAN, NAN, NAN,,2024/04/22 00:19:49.421,2024-04-22 00:19:49.421000+00:00
2024/04/22, 00:20:49.421,41.523,-70.672, NAN,242.59,26.98,0.01,8.6,8.6,1010.1,1010.1,0.0,0.0,87.88,79.0,46,39,4.4,6.5,65.5,66.1,4.4,6.5,288.5,281.6,1012.2,1012.2,-5.85,320.62,-0.07,0.1969,8.6761,114.4,0.0,1442.268, NAN, NAN, NAN, NAN,,2024/04/22 00:20:49.421,2024-04-22 00:20:49.421000+00:00
2024/04/22, 00:21:49.421,41.523,-70.672, NAN,242.67,323.75,0.01,8.6,8.6,1010.1,1010.1,0.0,0.0,87.88,79.0,50,42,4.0,6.2,66.5,66.0,4.0,6.2,292.6,284.6,1012.2,1012.2,-5.83,320.98,-0.04,0.1968,8.671,114.7,0.0,1442.247, NAN, NAN, NAN, NAN,,2024/04/22 00:21:49.421,2024-04-22 00:21:49.421000+00:00
2024/04/22, 00:22:49.421,41.523,-70.672, NAN,242.6,247.7,0.01,8.6,8.6,1010.1,1010.1,0.0,0.0,87.88,79.0,50,42,4.6,6.8,66.7,66.0,4.6,6.8,292.6,284.6,1012.2,1012.2,-5.97,320.89,-0.04,0.1968,8.666,115.0,0.0,1442.226, NAN, NAN, NAN, NAN,,2024/04/22 00:22:49.421,2024-04-22 00:22:49.421000+00:00
2024/04/22, 00:23:49.421,41.523,-70.672, NAN,242.64,268.49,0.01,8.6,8.6,1010.1,1010.1,0.0,0.0,87.88,79.0,64,51,4.2,6.1,65.5,65.2,4.2,6.1,306.7,293.6,1012.2,1012.2,-5.96,320.99,-0.04,0.1968,8.6615,114.7,0.0,1442.208, NAN, NAN, NAN, NAN,,2024/04/22 00:23:49.421,2024-04-22 00:23:49.421000+00:00
2024/04/22, 00:24:49.421,41.523,-70.672, NAN,242.63,149.19,0.0,8.6,8.7,1010.1,1010.1,0.0,0.0,87.88,79.0,57,46,4.1,6.3,64.8,63.6,4.1,6.3,299.6,288.6,1012.2,1012.2,-5.96,320.46,-0.03,0.1968,8.6583,114.4,0.0,1442.195, NAN, NAN, NAN, NAN,,2024/04/22 00:24:49.421,2024-04-22 00:24:49.421000+00:00
2024/04/22, 00:25:49.421,41.523,-70.672, NAN,242.67,59.54,0.0,8.7,8.7,1010.1,1010.1,0.0,0.0,87.88,79.0,59,48,4.3,6.2,63.6,63.5,4.3,6.2,301.7,290.7,1012.2,1012.2,-6.11,320.33,-0.04,0.1968,8.6595,114.4,0.0,1442.2, NAN, NAN, NAN, NAN,,2024/04/22 00:25:49.421,2024-04-22 00:25:49.421000+00:00
2024/04/22, 00:26:49.421,41.523,-70.672, NAN,242.63,223.48,0.01,8.7,8.7,1010.1,1010.1,0.0,0.0,87.88,79.0,61,49,4.4,6.2,63.4,63.1,4.4,6.2,303.7,291.7,1012.2,1012.2,-5.9,319.63,-0.03,0.1968,8.6623,115.6,0.0,1442.211, NAN, NAN, NAN, NAN,,2024/04/22 00:26:49.421,2024-04-22 00:26:49.421000+00:00
2024/04/22, 00:27:49.421,41.523,-70.672, NAN,242.69,349.38,0.0,8.7,8.7,1010.1,1010.1,0.0,0.0,87.88,79.0,64,53,5.2,7.0,63.2,59.5,5.2,7.0,306.7,295.7,1012.2,1012.2,-6.06,319.53,-0.04,0.1968,8.6642,114.4,0.0,1442.219, NAN, NAN, NAN, NAN,,2024/04/22 00:27:49.421,2024-04-22 00:27:49.421000+00:00
2024/04/22, 00:28:49.421,41.523,-70.672, NAN,242.67,269.59,0.0,8.7,8.8,1010.1,1010.1,0.0,0.0,87.88,79.0,68,58,4.5,5.8,59.3,59.4,4.5,5.8,310.7,300.7,1012.2,1012.2,-5.86,318.87,-0.03,0.1968,8.6679,114.4,0.0,1442.234, NAN, NAN, NAN, NAN,,2024/04/22 00:28:49.421,2024-04-22 00:28:49.421000+00:00
2024/04/22, 00:29:49.421,41.523,-70.672, NAN,242.68,241.9,0.0,8.8,8.8,1010.1,1010.1,0.0,0.0,87.88,79.0,67,56,4.7,6.4,59.6,58.0,4.7,6.4,309.7,298.7,1012.2,1012.2,-5.87,318.7,-0.03,0.1968,8.6709,114.4,0.0,1442.246, NAN, NAN, NAN, NAN,,2024/04/22 00:29:49.421,2024-04-22 00:29:49.421000+00:00
2024/04/22, 00:30:49.421,41.523,-70.672, NAN,242.65,80.05,0.0,8.8,8.8,1010.1,1010.1,0.0,0.0,87.88,79.0,78,63,4.1,5.3,57.9,58.7,4.1,5.3,320.6,305.6,1012.2,1012.2,-5.85,318.11,-0.03,0.1968,8.673,114.1,0.0,1442.255, NAN, NAN, NAN, NAN,,2024/04/22 00:30:49.421,2024-04-22 00:30:49.421000+00:00
2024/04/22, 00:31:49.421,41.523,-70.672, NAN,242.67,294.67,0.0,8.8,8.8,1010.1,1010.1,0.0,0.0,87.88,79.0,83,67,4.2,5.4,58.5,58.6,4.2,5.4,325.7,309.7,1012.2,1012.2,-5.94,318.53,-0.03,0.1968,8.6719,115.0,0.0,1442.251, NAN, NAN, NAN, NAN,,2024/04/22 00:31:49.421,2024-04-22 00:31:49.421000+00:00
2024/04/22, 00:32:49.421,41.523,-70.672, NAN,242.72,264.11,0.01,8.8,8.8,1010.2,1010.1,0.0,0.0,87.88,79.0,75,62,4.5,6.0,54.9,55.0,4.5,6.0,317.7,304.7,1012.3,1012.2,-6.02,318.11,-0.09,0.1968,8.6646,114.4,0.0,1442.221, NAN, NAN, NAN, NAN,,2024/04/22 00:32:49.421,2024-04-22 00:32:49.421000+00:00
2024/04/22, 00:33:49.421,41.523,-70.672, NAN,242.73,146.74,0.02,8.8,8.9,1010.2,1010.1,0.0,0.0,87.88,79.0,74,63,4.7,5.9,54.8,53.4,4.7,5.9,316.8,305.8,1012.3,1012.2,-5.99,318.47,-0.04,0.1968,8.6613,114.1,0.0,1442.207, NAN, NAN, NAN, NAN,,2024/04/22 00:33:49.421,2024-04-22 00:33:49.421000+00:00
2024/04/22, 00:34:49.421,41.523,-70.672, NAN,242.65,149.02,0.01,8.9,8.9,1010.2,1010.1,0.0,0.0,87.88,79.0,70,58,4.9,6.4,53.5,53.8,4.9,6.4,312.7,300.7,1012.3,1012.2,-6.0,318.73,-0.04,0.1968,8.6613,113.8,0.0,1442.207, NAN, NAN, NAN, NAN,,2024/04/22 00:34:49.421,2024-04-22 00:34:49.421000+00:00
2024/04/22, 00:35:49.422,41.523,-70.672, NAN,242.68,292.96,0.01,8.9,8.9,1010.2,1010.2,0.0,0.0,87.88,79.0,73,59,3.7,5.3,53.4,54.0,3.7,5.3,315.7,301.7,1012.3,1012.3,-5.96,318.61,-0.05,0.1968,8.656,114.4,0.0,1442.185, NAN, NAN, NAN, NAN,,2024/04/22 00:35:49.422,2024-04-22 00:35:49.422000+00:00
2024/04/22, 00:36:49.422,41.523,-70.672, NAN,242.76,60.48,0.01,8.9,8.9,1010.2,1010.1,0.0,0.0,87.88,79.0,82,68,5.2,6.3,53.9,53.1,5.2,6.3,324.7,310.7,1012.3,1012.2,-6.08,318.92,-0.04,0.1968,8.6539,114.4,0.0,1442.177, NAN, NAN, NAN, NAN,,2024/04/22 00:36:49.422,2024-04-22 00:36:49.422000+00:00
2024/04/22, 00:37:49.422,41.523,-70.672, NAN,242.69,222.09,0.01,8.9,8.9,1010.2,1010.2,0.0,0.0,87.88,79.0,72,63,4.3,5.6,52.7,53.1,4.3,5.6,314.8,305.7,1012.3,1012.3,-6.03,318.65,-0.06,0.1968,8.6557,115.0,0.0,1442.184, NAN, NAN, NAN, NAN,,2024/04/22 00:37:49.422,2024-04-22 00:37:49.422000+00:00
2024/04/22, 00:38:49.422,41.523,-70.672, NAN,242.65,203.43,0.01,8.9,8.9,1010.2,1010.2,0.0,0.0,87.88,79.0,75,64,5.2,6.3,53.1,51.4,5.2,6.3,317.7,306.7,1012.3,1012.3,-6.03,318.7,-0.02,0.1968,8.6548,115.3,0.0,1442.18, NAN, NAN, NAN, NAN,,2024/04/22 00:38:49.422,2024-04-22 00:38:49.422000+00:00
2024/04/22, 00:39:49.422,41.523,-70.672, NAN,242.72,192.05,0.0,8.9,8.9,1010.2,1010.2,0.0,0.0,87.88,79.0,80,69,4.9,5.9,51.0,51.7,4.9,5.9,322.7,311.7,1012.3,1012.3,-5.99,318.75,-0.02,0.1968,8.6542,114.1,0.0,1442.178, NAN, NAN, NAN, NAN,,2024/04/22 00:39:49.422,2024-04-22 00:39:49.422000+00:00
2024/04/22, 00:40:49.422,41.523,-70.672, NAN,242.76,222.37,0.0,8.9,8.9,1010.3,1010.2,0.0,0.0,87.88,79.0,84,70,4.6,5.7,52.0,51.9,4.6,5.7,326.8,312.8,1012.4,1012.3,-6.04,318.57,-0.02,0.1968,8.6571,114.7,0.0,1442.19, NAN, NAN, NAN, NAN,,2024/04/22 00:40:49.422,2024-04-22 00:40:49.422000+00:00
2024/04/22, 00:41:49.422,41.523,-70.672, NAN,242.78,342.8,0.01,8.9,8.9,1010.2,1010.3,0.0,0.0,87.88,79.0,74,62,4.6,6.0,51.8,50.7,4.6,6.0,316.7,304.7,1012.3,1012.4,-6.02,318.69,-0.03,0.1968,8.6612,113.8,0.0,1442.207, NAN, NAN, NAN, NAN,,2024/04/22 00:41:49.422,2024-04-22 00:41:49.422000+00:00
2024/04/22, 00:42:49.422,41.523,-70.672, NAN,242.78,156.47,0.0,8.9,8.9,1010.2,1010.2,0.0,0.0,87.88,79.0,78,67,4.6,5.9,51.0,50.5,4.6,5.9,320.8,309.8,1012.3,1012.3,-5.94,318.62,-0.02,0.1968,8.6635,114.1,0.0,1442.216, NAN, NAN, NAN, NAN,,2024/04/22 00:42:49.422,2024-04-22 00:42:49.422000+00:00
2024/04/22, 00:43:49.422,41.523,-70.672, NAN,242.7,276.62,0.0,8.9,8.9,1010.3,1010.2,0.0,0.0,87.88,79.0,74,65,6.1,7.4,50.3,49.7,6.1,7.4,316.7,307.7,1012.4,1012.3,-5.94,318.33,-0.03,0.1968,8.6659,113.8,0.0,1442.226, NAN, NAN, NAN, NAN,,2024/04/22 00:43:49.422,2024-04-22 00:43:49.422000+00:00
2024/04/22, 00:44:49.422,41.523,-70.672, NAN,242.67,64.17,0.01,8.9,8.9,1010.2,1010.2,0.0,0.0,87.88,79.0,73,62,6.1,7.6,49.5,49.9,6.1,7.6,315.6,304.6,1012.3,1012.3,-5.95,318.39,-0.02,0.1968,8.6697,112.8,0.0,1442.241, NAN, NAN, NAN, NAN,,2024/04/22 00:44:49.422,2024-04-22 00:44:49.422000+00:00
2024/04/22, 00:45:49.422,41.523,-70.672, NAN,242.67,206.42,0.0,8.9,9.0,1010.3,1010.3,0.0,0.0,87.88,79.0,74,63,5.1,6.4,49.6,48.4,5.1,6.4,316.7,305.7,1012.4,1012.4,-5.87,318.09,-0.03,0.1968,8.6716,114.1,0.0,1442.249, NAN, NAN, NAN, NAN,,2024/04/22 00:45:49.422,2024-04-22 00:45:49.422000+00:00
2024/04/22, 00:46:49.422,41.523,-70.672, NAN,242.72,224.64,0.0,8.9,8.9,1010.4,1010.3,0.0,0.0,87.88,79.0,78,66,5.5,6.4,48.4,50.0,5.5,6.4,320.7,308.7,1012.5,1012.4,-5.92,318.12,-0.02,0.1968,8.6694,113.8,0.0,1442.24, NAN, NAN, NAN, NAN,,2024/04/22 00:46:49.422,2024-04-22 00:46:49.422000+00:00
2024/04/22, 00:47:49.422,41.523,-70.672, NAN,242.72,257.91,0.0,8.9,8.9,1010.3,1010.3,0.0,0.0,87.88,79.0,80,70,5.1,6.0,50.1,50.1,5.1,6.0,322.7,312.7,1012.4,1012.4,-5.94,318.03,-0.02,0.1968,8.668,114.1,0.0,1442.235, NAN, NAN, NAN, NAN,,2024/04/22 00:47:49.422,2024-04-22 00:47:49.422000+00:00
2024/04/22, 00:48:49.422,41.523,-70.672, NAN,242.72,280.75,0.0,8.9,8.9,1010.4,1010.3,0.0,0.0,87.88,79.0,75,64,4.5,6.0,50.4,49.4,4.5,6.0,317.7,306.7,1012.5,1012.4,-5.91,318.11,-0.02,0.1968,8.6674,113.5,0.0,1442.232, NAN, NAN, NAN, NAN,,2024/04/22 00:48:49.422,2024-04-22 00:48:49.422000+00:00
2024/04/22, 00:49:49.422,41.523,-70.672, NAN,242.73,294.0,0.01,8.9,8.9,1010.4,1010.3,0.0,0.0,87.88,79.0,80,67,4.8,6.0,49.6,49.7,4.8,6.0,322.8,309.8,1012.5,1012.4,-6.0,318.05,-0.02,0.1968,8.6677,113.2,0.0,1442.233, NAN, NAN, NAN, NAN,,2024/04/22 00:49:49.422,2024-04-22 00:49:49.422000+00:00
2024/04/22, 00:50:49.422,41.523,-70.672, NAN,242.68,236.05,0.0,8.9,8.9,1010.3,1010.3,0.0,0.0,87.88,79.0,83,74,5.8,6.4,49.6,49.3,5.8,6.4,325.7,316.7,1012.4,1012.4,-6.06,318.17,-0.03,0.1968,8.6684,113.5,0.0,1442.236, NAN, NAN, NAN, NAN,,2024/04/22 00:50:49.422,2024-04-22 00:50:49.422000+00:00
2024/04/22, 00:51:49.423,41.523,-70.672, NAN,242.7,216.21,0.01,8.9,8.9,1010.3,1010.3,0.0,0.0,87.88,79.0,73,65,5.0,6.1,48.7,48.2,5.0,6.1,315.8,307.7,1012.4,1012.4,-6.2,318.01,-0.02,0.1968,8.6679,113.5,0.0,1442.234, NAN, NAN, NAN, NAN,,2024/04/22 00:51:49.423,2024-04-22 00:51:49.423000+00:00
2024/04/22, 00:52:49.423,41.523,-70.672, NAN,242.72,165.96,0.0,8.9,8.9,1010.4,1010.5,0.0,0.0,87.88,79.0,76,65,5.0,6.0,48.0,48.7,5.0,6.0,318.7,307.7,1012.5,1012.6,-6.15,318.06,-0.02,0.1968,8.6687,113.5,0.0,1442.237, NAN, NAN, NAN, NAN,,2024/04/22 00:52:49.423,2024-04-22 00:52:49.423000+00:00
2024/04/22, 00:53:49.423,41.523,-70.672, NAN,242.72,296.25,0.01,8.9,8.9,1010.5,1010.5,0.0,0.0,87.88,79.0,73,63,4.4,5.5,48.4,49.0,4.4,5.5,315.8,305.8,1012.6,1012.6,-6.15,318.38,-0.03,0.1968,8.6713,114.4,0.0,1442.248, NAN, NAN, NAN, NAN,,2024/04/22 00:53:49.423,2024-04-22 00:53:49.423000+00:00
2024/04/22, 00:54:49.423,41.523,-70.672, NAN,242.69,255.73,0.0,8.9,8.9,1010.5,1010.5,0.0,0.0,87.88,79.0,73,62,4.5,6.0,49.1,50.4,4.5,6.0,315.7,304.7,1012.6,1012.6,-6.09,318.85,-0.03,0.1969,8.674,114.1,0.0,1442.259, NAN, NAN, NAN, NAN,,2024/04/22 00:54:49.423,2024-04-22 00:54:49.423000+00:00
2024/04/22, 00:55:49.423,41.523,-70.672, NAN,242.69,139.03,0.0,8.8,8.8,1010.5,1010.5,0.0,0.0,87.88,79.0,77,66,5.4,6.4,50.3,49.1,5.4,6.4,319.7,308.7,1012.6,1012.6,-6.19,319.17,-0.03,0.1968,8.6743,113.2,0.0,1442.26, NAN, NAN, NAN, NAN,,2024/04/22 00:55:49.423,2024-04-22 00:55:49.423000+00:00
2024/04/22, 00:56:49.423,41.523,-70.672, NAN,242.75,126.43,0.01,8.8,8.8,1010.5,1010.5,0.0,0.0,87.88,79.0,73,61,4.6,5.9,49.1,49.7,4.6,5.9,315.7,303.7,1012.6,1012.6,-6.24,318.96,-0.02,0.1969,8.6682,112.8,0.0,1442.235, NAN, NAN, NAN, NAN,,2024/04/22 00:56:49.423,2024-04-22 00:56:49.423000+00:00
2024/04/22, 00:57:49.423,41.523,-70.672, NAN,242.76,8.84,0.0,8.8,8.8,1010.5,1010.5,0.0,0.0,87.88,79.0,78,67,5.7,6.6,50.2,48.0,5.7,6.6,320.8,309.8,1012.6,1012.6,-6.17,318.95,-0.02,0.1969,8.6645,113.5,0.0,1442.22, NAN, NAN, NAN, NAN,,2024/04/22 00:57:49.423,2024-04-22 00:57:49.423000+00:00
2024/04/22, 00:58:49.423,41.523,-70.672, NAN,242.75,240.77,0.01,8.8,8.8,1010.5,1010.5,0.0,0.0,87.88,79.0,76,65,5.0,6.3,47.5,48.0,5.0,6.3,318.8,307.8,1012.6,1012.6,-6.16,318.44,-0.02,0.1969,8.6654,114.1,0.0,1442.224, NAN, NAN, NAN, NAN,,2024/04/22 00:58:49.423,2024-04-22 00:58:49.423000+00:00
2024/04/22, 00:59:49.423,41.523,-70.672, NAN,242.73,236.84,0.01,8.8,8.8,1010.5,1010.5,0.0,0.0,87.88,79.0,71,60,5.0,6.5,47.5,48.1,5.0,6.5,313.8,302.8,1012.6,1012.6,-6.23,317.97,-0.02,0.1969,8.6646,112.8,0.0,1442.221, NAN, NAN, NAN, NAN,,2024/04/22 00:59:49.423,2024-04-22 00:59:49.423000+00:00
2024/04/22, 01:00:49.423,41.523,-70.672, NAN,242.74,195.29,0.0,8.8,8.8,1010.5,1010.5,0.0,0.0,87.88,79.0,79,66,4.4,5.5,47.7,47.8,4.4,5.5,321.7,308.7,1012.6,1012.6,-6.12,317.44,-0.02,0.1969,8.6589,112.8,0.0,1442.197, NAN, NAN, NAN, NAN,,2024/04/22 01:00:49.423,2024-04-22 01:00:49.423000+00:00
2024/04/22, 01:01:49.423,41.523,-70.672, NAN,242.76,17.17,0.0,8.8,8.8,1010.5,1010.5,0.0,0.0,87.88,79.0,74,62,4.5,5.8,48.9,49.5,4.5,5.8,316.8,304.8,1012.6,1012.6,-6.17,317.08,-0.02,0.1969,8.6555,112.8,0.0,1442.183, NAN, NAN, NAN, NAN,,2024/04/22 01:01:49.423,2024-04-22 01:01:49.423000+00:00
2024/04/22, 01:02:49.423,41.523,-70.672, NAN,242.76,276.93,0.0,8.8,8.8,1010.5,1010.5,0.0,0.0,87.88,79.0,74,64,4.4,5.8,49.2,49.5,4.4,5.8,316.8,306.8,1012.6,1012.6,-6.25,316.59,-0.02,0.1969,8.6549,112.8,0.0,1442.181, NAN, NAN, NAN, NAN,,2024/04/22 01:02:49.423,2024-04-22 01:02:49.423000+00:00
2024/04/22, 01:03:49.423,41.523,-70.672, NAN,242.73,250.99,0.01,8.8,8.8,1010.5,1010.4,0.0,0.0,87.88,79.0,80,68,5.3,6.2,49.7,48.6,5.3,6.2,322.7,310.7,1012.6,1012.5,-6.26,316.29,-0.02,0.1969,8.6533,113.2,0.0,1442.174, NAN, NAN, NAN, NAN,,2024/04/22 01:03:49.423,2024-04-22 01:03:49.423000+00:00
2024/04/22, 01:04:49.423,41.523,-70.672, NAN,242.71,87.53,0.01,8.8,8.8,1010.5,1010.5,0.0,0.0,87.88,79.0,83,69,4.9,5.9,48.2,49.6,4.9,5.9,325.7,311.7,1012.6,1012.6,-6.17,315.89,-0.02,0.1969,8.6527,113.2,0.0,1442.172, NAN, NAN, NAN, NAN,,2024/04/22 01:04:49.423,2024-04-22 01:04:49.423000+00:00
2024/04/22, 01:05:49.423,41.523,-70.672, NAN,242.72,146.27,0.01,8.8,8.8,1010.5,1010.5,0.0,0.0,87.88,79.0,81,70,4.1,5.4,49.9,51.2,4.1,5.4,323.7,312.7,1012.6,1012.6,-6.29,315.37,-0.02,0.1969,8.6541,112.6,0.0,1442.178, NAN, NAN, NAN, NAN,,2024/04/22 01:05:49.423,2024-04-22 01:05:49.423000+00:00
2024/04/22, 01:06:49.423,41.523,-70.672, NAN,242.74,301.21,0.01,8.8,8.8,1010.5,1010.5,0.0,0.0,87.88,79.0,85,72,4.7,5.6,51.4,51.4,4.7,5.6,327.8,314.8,1012.6,1012.6,-6.23,314.99,-0.02,0.1969,8.6501,112.8,0.0,1442.161, NAN, NAN, NAN, NAN,,2024/04/22 01:06:49.423,2024-04-22 01:06:49.423000+00:00
2024/04/22, 01:07:49.424,41.523,-70.672, NAN,242.8,92.82,0.01,8.8,8.8,1010.5,1010.5,0.0,0.0,87.88,79.0,75,63,5.0,6.3,51.5,52.2,5.0,6.3,317.8,305.8,1012.6,1012.6,-6.38,314.55,-0.02,0.1969,8.649,112.8,0.0,1442.157, NAN, NAN, NAN, NAN,,2024/04/22 01:07:49.424,2024-04-22 01:07:49.424000+00:00
2024/04/22, 01:08:49.424,41.523,-70.672, NAN,242.72,78.37,0.01,8.8,8.7,1010.6,1010.5,0.0,0.0,87.88,79.0,80,69,5.8,6.6,51.5,51.6,5.8,6.6,322.7,311.7,1012.7,1012.6,-6.26,314.18,-0.04,0.1969,8.6507,112.8,0.0,1442.164, NAN, NAN, NAN, NAN,,2024/04/22 01:08:49.424,2024-04-22 01:08:49.424000+00:00
2024/04/22, 01:09:49.424,41.523,-70.672, NAN,242.71,152.33,0.0,8.7,8.8,1010.5,1010.6,0.0,0.0,87.88,79.0,74,65,5.1,6.2,51.5,51.2,5.1,6.2,316.7,307.7,1012.6,1012.7,-6.27,313.71,-0.03,0.1969,8.6492,112.3,0.0,1442.158, NAN, NAN, NAN, NAN,,2024/04/22 01:09:49.424,2024-04-22 01:09:49.424000+00:00
2024/04/22, 01:10:49.424,41.523,-70.672, NAN,242.74,118.7,0.01,8.7,8.8,1010.5,1010.6,0.0,0.0,87.88,79.0,79,69,6.3,7.2,51.2,49.2,6.3,7.2,321.7,311.7,1012.6,1012.7,-6.29,313.88,-0.03,0.1969,8.6473,112.6,0.0,1442.15, NAN, NAN, NAN, NAN,,2024/04/22 01:10:49.424,2024-04-22 01:10:49.424000+00:00
2024/04/22, 01:11:49.424,41.523,-70.672, NAN,242.72,165.24,0.01,8.8,8.8,1010.5,1010.6,0.0,0.0,87.88,79.0,78,68,5.0,6.1,49.5,50.8,5.0,6.1,320.8,310.8,1012.6,1012.7,-6.27,313.55,-0.03,0.1969,8.6469,112.6,0.0,1442.148, NAN, NAN, NAN, NAN,,2024/04/22 01:11:49.424,2024-04-22 01:11:49.424000+00:00
2024/04/22, 01:12:49.424,41.523,-70.672, NAN,242.72,62.31,0.01,8.8,8.8,1010.5,1010.6,0.0,0.0,87.88,79.0,80,69,5.5,6.6,50.8,50.5,5.5,6.6,322.7,311.7,1012.6,1012.7,-6.26,313.46,-0.02,0.1969,8.6477,112.8,0.0,1442.151, NAN, NAN, NAN, NAN,,2024/04/22 01:12:49.424,2024-04-22 01:12:49.424000+00:00
2024/04/22, 01:13:49.424,41.523,-70.672, NAN,242.68,55.92,0.01,8.8,8.8,1010.5,1010.6,0.0,0.0,87.88,79.0,72,64,5.2,6.5,50.4,50.3,5.2,6.5,314.7,306.7,1012.6,1012.7,-6.15,313.45,-0.02,0.1969,8.6507,112.6,0.0,1442.164, NAN, NAN, NAN, NAN,,2024/04/22 01:13:49.424,2024-04-22 01:13:49.424000+00:00
2024/04/22, 01:14:49.424,41.523,-70.672, NAN,242.74,1.41,0.01,8.8,8.8,1010.6,1010.6,0.0,0.0,87.88,79.0,75,62,5.7,7.0,50.9,50.5,5.7,7.0,317.7,304.7,1012.7,1012.7,-6.25,313.42,-0.02,0.1969,8.6511,112.0,0.0,1442.165, NAN, NAN, NAN, NAN,,2024/04/22 01:14:49.424,2024-04-22 01:14:49.424000+00:00
2024/04/22, 01:15:49.424,41.523,-70.672, NAN,242.72,333.84,0.01,8.7,8.8,1010.7,1010.6,0.0,0.0,87.88,79.0,81,69,5.4,6.3,50.6,50.0,5.4,6.3,323.7,311.7,1012.8,1012.7,-6.25,313.49,-0.03,0.1969,8.6513,111.6,0.0,1442.166, NAN, NAN, NAN, NAN,,2024/04/22 01:15:49.424,2024-04-22 01:15:49.424000+00:00
2024/04/22, 01:16:49.424,41.523,-70.672, NAN,242.72,68.28,0.01,8.7,8.8,1010.7,1010.6,0.0,0.0,87.88,79.0,76,66,5.9,7.0,50.1,50.1,5.9,7.0,318.7,308.7,1012.8,1012.7,-6.26,313.17,-0.03,0.1969,8.652,112.0,0.0,1442.169, NAN, NAN, NAN, NAN,,2024/04/22 01:16:49.424,2024-04-22 01:16:49.424000+00:00
2024/04/22, 01:17:49.424,41.523,-70.672, NAN,242.76,200.79,0.01,8.8,8.8,1010.6,1010.7,0.0,0.0,87.88,79.0,79,69,5.0,6.1,50.2,51.0,5.0,6.1,321.8,311.8,1012.7,1012.8,-6.23,312.74,-0.03,0.1969,8.6534,112.0,0.0,1442.175, NAN, NAN, NAN, NAN,,2024/04/22 01:17:49.424,2024-04-22 01:17:49.424000+00:00
2024/04/22, 01:18:49.424,41.523,-70.672, NAN,242.76,126.69,0.0,8.7,8.8,1010.7,1010.6,0.0,0.0,87.88,79.0,75,66,5.4,6.8,50.7,49.5,5.4,6.8,317.8,308.8,1012.8,1012.7,-6.25,312.14,-0.03,0.1969,8.6531,112.0,0.0,1442.174, NAN, NAN, NAN, NAN,,2024/04/22 01:18:49.424,2024-04-22 01:18:49.424000+00:00
2024/04/22, 01:19:49.424,41.523,-70.672, NAN,242.73,341.52,0.01,8.7,8.8,1010.7,1010.7,0.0,0.0,87.88,79.0,78,66,4.7,5.9,49.6,49.5,4.7,5.9,320.7,308.7,1012.8,1012.8,-6.27,311.03,-0.03,0.1969,8.6542,111.6,0.0,1442.178, NAN, NAN, NAN, NAN,,2024/04/22 01:19:49.424,2024-04-22 01:19:49.424000+00:00
2024/04/22, 01:20:49.424,41.523,-70.672, NAN,242.72,207.97,0.0,8.8,8.8,1010.7,1010.7,0.0,0.0,87.88,79.0,86,73,5.3,6.0,49.7,51.1,5.3,6.0,328.7,315.7,1012.8,1012.8,-6.26,310.03,-0.03,0.1969,8.6575,112.8,0.0,1442.192, NAN, NAN, NAN, NAN,,2024/04/22 01:20:49.424,2024-04-22 01:20:49.424000+00:00
2024/04/22, 01:21:49.424,41.523,-70.672, NAN,242.72,295.07,0.0,8.8,8.8,1010.8,1010.7,0.0,0.0,87.88,79.0,76,66,5.6,6.5,51.0,50.0,5.6,6.5,318.7,308.7,1012.9,1012.8,-6.28,309.38,-0.03,0.1969,8.6608,112.0,0.0,1442.205, NAN, NAN, NAN, NAN,,2024/04/22 01:21:49.424,2024-04-22 01:21:49.424000+00:00
2024/04/22, 01:22:49.424,41.523,-70.672, NAN,242.71,44.29,0.0,8.8,8.8,1010.7,1010.7,0.0,0.0,87.88,79.0,80,68,5.0,6.0,50.0,51.1,5.0,6.0,322.7,310.7,1012.8,1012.8,-6.35,309.31,-0.04,0.1969,8.6625,112.8,0.0,1442.212, NAN, NAN, NAN, NAN,,2024/04/22 01:22:49.424,2024-04-22 01:22:49.424000+00:00
2024/04/22, 01:23:49.425,41.523,-70.672, NAN,242.72,296.81,0.01,8.8,8.8,1010.7,1010.7,0.0,0.0,87.88,79.0,75,63,4.6,6.0,51.1,52.1,4.6,6.0,317.7,305.7,1012.8,1012.8,-6.28,308.72,-0.04,0.1969,8.6627,112.3,0.0,1442.213, NAN, NAN, NAN, NAN,,2024/04/22 01:23:49.425,2024-04-22 01:23:49.425000+00:00
2024/04/22, 01:24:49.425,41.523,-70.672, NAN,242.76,222.77,0.01,8.8,8.7,1010.7,1010.7,0.0,0.0,87.88,79.0,73,60,5.2,6.7,51.3,51.6,5.2,6.7,315.8,302.8,1012.8,1012.8,-6.33,308.45,-0.03,0.1969,8.6611,112.3,0.0,1442.206, NAN, NAN, NAN, NAN,,2024/04/22 01:24:49.425,2024-04-22 01:24:49.425000+00:00
2024/04/22, 01:25:49.425,41.523,-70.672, NAN,242.76,148.2,0.0,8.7,8.7,1010.7,1010.8,0.0,0.0,87.88,79.0,68,55,4.2,5.8,51.2,52.2,4.2,5.8,310.8,297.8,1012.8,1012.9,-6.46,307.88,-0.03,0.1969,8.6591,112.6,0.0,1442.198, NAN, NAN, NAN, NAN,,2024/04/22 01:25:49.425,2024-04-22 01:25:49.425000+00:00
2024/04/22, 01:26:49.425,41.523,-70.672, NAN,242.76,105.33,0.01,8.7,8.7,1010.8,1010.7,0.0,0.0,87.88,79.0,74,61,4.1,5.8,52.6,51.4,4.1,5.8,316.7,303.7,1012.9,1012.8,-6.47,307.82,-0.03,0.1969,8.658,111.6,0.0,1442.194, NAN, NAN, NAN, NAN,,2024/04/22 01:26:49.425,2024-04-22 01:26:49.425000+00:00
2024/04/22, 01:27:49.425,41.523,-70.672, NAN,242.76,322.82,0.01,8.7,8.7,1010.8,1010.8,0.0,0.0,87.88,79.0,70,57,4.1,5.8,51.5,51.3,4.1,5.8,312.8,299.8,1012.9,1012.9,-6.46,307.63,-0.03,0.1969,8.6572,111.6,0.0,1442.19, NAN, NAN, NAN, NAN,,2024/04/22 01:27:49.425,2024-04-22 01:27:49.425000+00:00
2024/04/22, 01:28:49.425,41.523,-70.672, NAN,242.73,7.78,0.01,8.7,8.7,1010.8,1010.8,0.0,0.0,87.88,79.0,77,63,5.1,6.6,51.6,51.3,5.1,6.6,319.7,305.7,1012.9,1012.9,-6.41,307.31,-0.02,0.1969,8.657,112.3,0.0,1442.19, NAN, NAN, NAN, NAN,,2024/04/22 01:28:49.425,2024-04-22 01:28:49.425000+00:00
2024/04/22, 01:29:49.425,41.523,-70.672, NAN,242.74,159.41,0.01,8.7,8.7,1010.7,1010.7,0.0,0.0,87.88,79.0,68,57,4.3,5.8,50.9,49.5,4.3,5.8,310.8,299.8,1012.8,1012.8,-6.39,306.74,-0.03,0.197,8.6577,112.6,0.0,1442.193, NAN, NAN, NAN, NAN,,2024/04/22 01:29:49.425,2024-04-22 01:29:49.425000+00:00
2024/04/22, 01:30:49.425,41.523,-70.672, NAN,242.73,166.68,0.0,8.7,8.7,1010.8,1010.7,0.0,0.0,87.88,79.0,68,57,5.1,7.0,49.7,49.4,5.1,7.0,310.7,299.7,1012.9,1012.8,-6.41,306.77,-0.02,0.197,8.6592,113.5,0.0,1442.199, NAN, NAN, NAN, NAN,,2024/04/22 01:30:49.425,2024-04-22 01:30:49.425000+00:00
2024/04/22, 01:31:49.425,41.523,-70.672, NAN,242.72,26.29,0.01,8.7,8.7,1010.7,1010.8,0.0,0.0,87.88,79.0,77,63,4.8,6.1,49.4,49.5,4.8,6.1,319.7,305.7,1012.8,1012.9,-6.35,306.66,-0.03,0.197,8.6603,112.0,0.0,1442.203, NAN, NAN, NAN, NAN,,2024/04/22 01:31:49.425,2024-04-22 01:31:49.425000+00:00
2024/04/22, 01:32:49.425,41.523,-70.672, NAN,242.76,198.67,0.01,8.7,8.7,1010.8,1010.8,0.0,0.0,87.88,79.0,71,60,3.7,5.0,49.5,51.1,3.7,5.0,313.8,302.8,1012.9,1012.9,-6.32,306.77,-0.03,0.197,8.6608,112.0,0.0,1442.205, NAN, NAN, NAN, NAN,,2024/04/22 01:32:49.425,2024-04-22 01:32:49.425000+00:00
2024/04/22, 01:33:49.425,41.523,-70.672, NAN,242.72,44.02,0.0,8.7,8.7,1010.8,1010.8,0.0,0.0,87.88,79.0,68,54,4.6,6.4,52.0,49.6,4.6,6.4,310.7,296.7,1012.9,1012.9,-6.38,306.88,-0.03,0.1969,8.6637,113.2,0.0,1442.217, NAN, NAN, NAN, NAN,,2024/04/22 01:33:49.425,2024-04-22 01:33:49.425000+00:00
2024/04/22, 01:34:49.425,41.523,-70.672, NAN,242.72,324.61,0.0,8.7,8.7,1010.8,1010.8,0.0,0.0,87.88,79.0,74,63,5.4,6.8,49.3,49.5,5.4,6.8,316.7,305.7,1012.9,1012.9,-6.43,306.92,-0.03,0.197,8.6708,111.3,0.0,1442.246, NAN, NAN, NAN, NAN,,2024/04/22 01:34:49.425,2024-04-22 01:34:49.425000+00:00
2024/04/22, 01:35:49.425,41.523,-70.672, NAN,242.71,45.71,0.01,8.7,8.7,1010.8,1010.8,0.0,0.0,87.88,79.0,72,60,4.3,5.7,46.9,47.1,4.3,5.7,314.6,302.7,1012.9,1012.9,-6.41,306.81,-0.02,0.197,8.6814,111.3,0.0,1442.29, NAN, NAN, NAN, NAN,,2024/04/22 01:35:49.425,2024-04-22 01:35:49.425000+00:00
2024/04/22, 01:36:49.425,41.523,-70.672, NAN,242.72,282.13,0.0,8.7,8.7,1010.8,1010.8,0.0,0.0,87.88,79.0,75,64,4.5,5.5,46.8,49.2,4.5,5.5,317.7,306.7,1012.9,1012.9,-6.33,306.7,-0.02,0.197,8.695,112.6,0.0,1442.345, NAN, NAN, NAN, NAN,,2024/04/22 01:36:49.425,2024-04-22 01:36:49.425000+00:00
2024/04/22, 01:37:49.425,41.523,-70.672, NAN,242.72,16.35,0.0,8.7,8.7,1010.8,1010.8,0.0,0.0,87.88,79.0,67,55,4.7,6.7,49.2,47.7,4.7,6.7,309.7,297.7,1012.9,1012.9,-6.44,306.91,-0.04,0.197,8.7059,111.6,0.0,1442.39, NAN, NAN, NAN, NAN,,2024/04/22 01:37:49.425,2024-04-22 01:37:49.425000+00:00
2024/04/22, 01:38:49.426,41.523,-70.672, NAN,242.71,173.88,0.0,8.7,8.7,1010.7,1010.8,0.0,0.0,87.88,79.0,70,58,4.5,6.1,47.8,46.4,4.5,6.1,312.7,300.7,1012.8,1012.9,-6.38,307.02,-0.03,0.1969,8.7187,112.8,0.0,1442.442, NAN, NAN, NAN, NAN,,2024/04/22 01:38:49.426,2024-04-22 01:38:49.426000+00:00
2024/04/22, 01:39:49.426,41.523,-70.672, NAN,242.76,315.76,0.01,8.7,8.7,1010.8,1010.8,0.0,0.0,87.88,79.0,72,61,3.9,5.4,46.8,47.6,3.9,5.4,314.8,303.8,1012.9,1012.9,-6.37,306.91,-0.03,0.197,8.7334,112.0,0.0,1442.503, NAN, NAN, NAN, NAN,,2024/04/22 01:39:49.426,2024-04-22 01:39:49.426000+00:00
2024/04/22, 01:40:49.426,41.523,-70.672, NAN,242.72,160.42,0.0,8.7,8.7,1010.8,1010.8,0.0,0.0,87.88,79.0,79,65,4.5,5.7,48.2,47.2,4.5,5.7,321.7,307.7,1012.9,1012.9,-6.42,307.42,-0.03,0.197,8.7417,112.8,0.0,1442.537, NAN, NAN, NAN, NAN,,2024/04/22 01:40:49.426,2024-04-22 01:40:49.426000+00:00
2024/04/22, 01:41:49.426,41.523,-70.672, NAN,242.72,228.41,0.0,8.7,8.7,1010.8,1010.8,0.0,0.0,87.88,79.0,81,66,4.1,5.3,47.0,47.0,4.1,5.3,323.7,308.7,1012.9,1012.9,-6.38,307.56,-0.02,0.197,8.7481,111.6,0.0,1442.563, NAN, NAN, NAN, NAN,,2024/04/22 01:41:49.426,2024-04-22 01:41:49.426000+00:00
2024/04/22, 01:42:49.426,41.523,-70.672, NAN,242.68,214.55,0.0,8.7,8.7,1010.8,1010.8,0.0,0.0,87.88,79.0,74,61,4.9,6.5,48.7,48.3,4.9,6.5,316.7,303.7,1012.9,1012.9,-6.42,307.53,-0.02,0.197,8.7517,111.1,0.0,1442.578, NAN, NAN, NAN, NAN,,2024/04/22 01:42:49.426,2024-04-22 01:42:49.426000+00:00
2024/04/22, 01:43:49.426,41.523,-70.672, NAN,242.71,343.63,0.0,8.7,8.7,1010.8,1010.8,0.0,0.0,87.88,79.0,71,58,4.1,5.6,47.8,49.5,4.1,5.6,313.7,300.7,1012.9,1012.9,-6.46,306.76,-0.03,0.197,8.7398,112.0,0.0,1442.529, NAN, NAN, NAN, NAN,,2024/04/22 01:43:49.426,2024-04-22 01:43:49.426000+00:00
2024/04/22, 01:44:49.426,41.523,-70.672, NAN,242.72,109.23,0.0,8.7,8.7,1010.9,1010.8,0.0,0.0,87.88,79.0,66,51,3.6,5.5,47.7,51.5,3.6,5.5,308.7,293.7,1013.0,1012.9,-6.47,306.52,-0.03,0.197,8.7171,112.0,0.0,1442.436, NAN, NAN, NAN, NAN,,2024/04/22 01:44:49.426,2024-04-22 01:44:49.426000+00:00
2024/04/22, 01:45:49.426,41.523,-70.672, NAN,242.73,265.58,0.0,8.6,8.7,1010.8,1010.9,0.0,0.0,87.88,79.0,74,60,3.9,5.3,51.7,50.9,3.9,5.3,316.7,302.7,1012.9,1013.0,-6.59,305.9,-0.03,0.197,8.6998,111.6,0.0,1442.365, NAN, NAN, NAN, NAN,,2024/04/22 01:45:49.426,2024-04-22 01:45:49.426000+00:00
2024/04/22, 01:46:49.426,41.523,-70.672, NAN,242.75,333.43,0.01,8.6,8.6,1010.8,1010.8,0.0,0.0,87.88,79.0,76,61,3.5,5.1,50.9,52.9,3.5,5.1,318.7,303.7,1012.9,1012.9,-6.52,305.67,-0.03,0.197,8.6834,112.3,0.0,1442.298, NAN, NAN, NAN, NAN,,2024/04/22 01:46:49.426,2024-04-22 01:46:49.426000+00:00
2024/04/22, 01:47:49.426,41.523,-70.672, NAN,242.77,306.39,0.01,8.6,8.6,1010.8,1010.8,0.0,0.0,87.88,79.0,71,61,3.9,5.3,52.8,52.1,3.9,5.3,313.8,303.8,1012.9,1012.9,-6.58,305.68,-0.02,0.197,8.6726,111.3,0.0,1442.254, NAN, NAN, NAN, NAN,,2024/04/22 01:47:49.426,2024-04-22 01:47:49.426000+00:00
2024/04/22, 01:48:49.426,41.523,-70.672, NAN,242.76,236.32,0.0,8.6,8.6,1010.8,1010.8,0.0,0.0,87.88,79.0,67,54,4.5,6.5,52.7,51.4,4.5,6.5,309.8,296.8,1012.9,1012.9,-6.57,305.71,-0.02,0.197,8.6639,110.8,0.0,1442.218, NAN, NAN, NAN, NAN,,2024/04/22 01:48:49.426,2024-04-22 01:48:49.426000+00:00
2024/04/22, 01:49:49.426,41.523,-70.672, NAN,242.72,155.36,0.0,8.6,8.6,1010.8,1010.8,0.0,0.0,87.88,79.0,70,57,4.2,6.1,51.2,52.4,4.2,6.1,312.7,299.7,1012.9,1012.9,-6.56,305.2,-0.02,0.197,8.6538,112.0,0.0,1442.177, NAN, NAN, NAN, NAN,,2024/04/22 01:49:49.426,2024-04-22 01:49:49.426000+00:00
2024/04/22, 01:50:49.426,41.523,-70.672, NAN,242.73,2.27,0.01,8.6,8.6,1010.8,1010.8,0.0,0.0,87.88,79.0,67,55,4.3,6.2,52.1,51.2,4.3,6.2,309.7,297.7,1012.9,1012.9,-6.53,304.63,-0.04,0.197,8.6486,112.3,0.0,1442.155, NAN, NAN, NAN, NAN,,2024/04/22 01:50:49.426,2024-04-22 01:50:49.426000+00:00
2024/04/22, 01:51:49.426,41.523,-70.672, NAN,242.76,124.12,0.01,8.6,8.6,1010.8,1010.8,0.0,0.0,87.88,79.0,71,58,3.9,5.6,51.3,50.8,3.9,5.6,313.7,300.7,1012.9,1012.9,-6.5,303.95,-0.04,0.197,8.6442,111.3,0.0,1442.137, NAN, NAN, NAN, NAN,,2024/04/22 01:51:49.426,2024-04-22 01:51:49.426000+00:00
2024/04/22, 01:52:49.426,41.523,-70.672, NAN,242.78,113.18,0.0,8.6,8.6,1010.8,1010.8,0.0,0.0,87.88,79.0,71,54,3.7,5.6,51.1,52.6,3.7,5.6,313.8,296.8,1012.9,1012.9,-6.53,302.6,-0.03,0.197,8.6438,112.6,0.0,1442.136, NAN, NAN, NAN, NAN,,2024/04/22 01:52:49.426,2024-04-22 01:52:49.426000+00:00
2024/04/22, 01:53:49.426,41.523,-70.672, NAN,242.72,212.17,0.0,8.6,8.6,1010.8,1010.8,0.0,0.0,87.88,79.0,63,50,4.0,5.9,51.3,54.5,4.0,5.9,305.7,292.7,1012.9,1012.9,-6.6,301.74,-0.02,0.197,8.6501,111.3,0.0,1442.161, NAN, NAN, NAN, NAN,,2024/04/22 01:53:49.426,2024-04-22 01:53:49.426000+00:00
2024/04/22, 01:54:49.426,41.523,-70.672, NAN,242.71,51.88,0.0,8.6,8.6,1010.8,1010.8,0.0,0.0,87.88,79.0,66,50,3.0,4.8,54.6,55.1,3.0,4.8,308.7,292.7,1012.9,1012.9,-6.61,300.27,-0.02,0.197,8.658,111.3,0.0,1442.194, NAN, NAN, NAN, NAN,,2024/04/22 01:54:49.426,2024-04-22 01:54:49.426000+00:00
2024/04/22, 01:55:49.427,41.523,-70.672, NAN,242.73,335.91,0.0,8.6,8.6,1010.9,1010.8,0.0,0.0,87.88,79.0,58,48,3.8,5.7,55.4,54.9,3.8,5.7,300.7,290.7,1013.0,1012.9,-6.75,299.4,-0.01,0.197,8.6628,111.3,0.0,1442.213, NAN, NAN, NAN, NAN,,2024/04/22 01:55:49.427,2024-04-22 01:55:49.427000+00:00
2024/04/22, 01:56:49.427,41.523,-70.672, NAN,242.72,14.13,0.0,8.6,8.6,1010.9,1010.8,0.0,0.0,87.88,79.0,61,49,4.2,6.2,54.6,53.2,4.2,6.2,303.7,291.7,1013.0,1012.9,-6.7,298.8,-0.01,0.197,8.6627,111.3,0.0,1442.213, NAN, NAN, NAN, NAN,,2024/04/22 01:56:49.427,2024-04-22 01:56:49.427000+00:00
2024/04/22, 01:57:49.427,41.523,-70.672, NAN,242.68,62.27,0.0,8.6,8.6,1010.9,1010.8,0.0,0.0,87.88,79.0,65,53,5.0,7.0,54.8,52.3,5.0,7.0,307.7,295.7,1013.0,1012.9,-6.69,298.9,-0.02,0.197,8.6515,111.1,0.0,1442.167, NAN, NAN, NAN, NAN,,2024/04/22 01:57:49.427,2024-04-22 01:57:49.427000+00:00
2024/04/22, 01:58:49.427,41.523,-70.672, NAN,242.67,220.21,0.01,8.6,8.7,1010.8,1010.8,0.0,0.0,87.88,79.0,61,50,5.0,7.2,52.6,49.4,5.0,7.2,303.7,292.7,1012.9,1012.9,-6.56,299.31,-0.01,0.197,8.6375,111.6,0.0,1442.11, NAN, NAN, NAN, NAN,,2024/04/22 01:58:49.427,2024-04-22 01:58:49.427000+00:00
2024/04/22, 01:59:49.427,41.523,-70.672, NAN,242.69,261.48,0.01,8.6,8.7,1010.8,1010.8,0.0,0.0,87.88,79.0,59,48,5.1,7.1,49.0,49.1,5.1,7.1,301.7,290.7,1012.9,1012.9,-6.54,299.48,-0.02,0.197,8.6281,111.3,0.0,1442.071, NAN, NAN, NAN, NAN,,2024/04/22 01:59:49.427,2024-04-22 01:59:49.427000+00:00
2024/04/22, 02:00:49.427,41.523,-70.672, NAN,242.67,203.65,0.0,8.7,8.7,1010.8,1010.8,0.0,0.0,87.88,79.0,64,53,4.5,6.3,48.8,51.9,4.5,6.3,306.7,295.7,1012.9,1012.9,-6.51,299.81,-0.02,0.197,8.6263,110.8,0.0,1442.064, NAN, NAN, NAN, NAN,,2024/04/22 02:00:49.427,2024-04-22 02:00:49.427000+00:00
2024/04/22, 02:01:49.427,41.523,-70.672, NAN,242.68,218.48,0.0,8.7,8.7,1010.8,1010.8,0.0,0.0,87.88,79.0,61,50,4.6,6.5,51.8,51.8,4.6,6.5,303.7,292.7,1012.9,1012.9,-6.48,300.52,-0.02,0.197,8.6299,111.1,0.0,1442.078, NAN, NAN, NAN, NAN,,2024/04/22 02:01:49.427,2024-04-22 02:01:49.427000+00:00
2024/04/22, 02:02:49.427,41.523,-70.672, NAN,242.67,227.53,0.0,8.6,8.7,1010.8,1010.8,0.0,0.0,87.88,79.0,63,49,4.2,6.3,51.8,51.8,4.2,6.3,305.7,291.7,1012.9,1012.9,-6.5,301.27,-0.01,0.197,8.6346,111.1,0.0,1442.098, NAN, NAN, NAN, NAN,,2024/04/22 02:02:49.427,2024-04-22 02:02:49.427000+00:00
2024/04/22, 02:03:49.427,41.523,-70.672, NAN,242.67,113.15,0.0,8.6,8.6,1010.8,1010.8,0.0,0.0,87.88,79.0,59,48,4.5,6.5,51.8,49.9,4.5,6.5,301.7,290.7,1012.9,1012.9,-6.54,301.47,-0.01,0.197,8.6416,110.8,0.0,1442.126, NAN, NAN, NAN, NAN,,2024/04/22 02:03:49.427,2024-04-22 02:03:49.427000+00:00
2024/04/22, 02:04:49.427,41.523,-70.672, NAN,242.68,168.37,0.01,8.6,8.6,1010.8,1010.8,0.0,0.0,87.88,79.0,57,47,4.5,6.5,50.1,48.7,4.5,6.5,299.7,289.7,1012.9,1012.9,-6.52,301.91,-0.01,0.197,8.6479,111.1,0.0,1442.152, NAN, NAN, NAN, NAN,,2024/04/22 02:04:49.427,2024-04-22 02:04:49.427000+00:00
2024/04/22, 02:05:49.427,41.523,-70.672, NAN,242.64,277.53,0.01,8.6,8.7,1010.8,1010.8,0.0,0.0,87.88,79.0,60,49,4.7,6.6,49.0,50.7,4.7,6.6,302.7,291.7,1012.9,1012.9,-6.42,301.98,-0.01,0.197,8.6531,111.1,0.0,1442.174, NAN, NAN, NAN, NAN,,2024/04/22 02:05:49.427,2024-04-22 02:05:49.427000+00:00
2024/04/22, 02:06:49.427,41.523,-70.672, NAN,242.69,187.58,0.02,8.6,8.7,1010.8,1010.8,0.0,0.0,87.88,79.0,54,43,4.5,6.6,50.2,50.9,4.5,6.6,296.8,285.8,1012.9,1012.9,-6.41,301.82,-0.02,0.197,8.655,111.1,0.0,1442.181, NAN, NAN, NAN, NAN,,2024/04/22 02:06:49.427,2024-04-22 02:06:49.427000+00:00
2024/04/22, 02:07:49.427,41.523,-70.672, NAN,242.73,345.45,0.02,8.6,8.7,1010.8,1010.8,0.0,0.0,87.88,79.0,57,44,3.7,5.7,50.9,50.8,3.7,5.7,299.7,286.7,1012.9,1012.9,-6.37,301.37,-0.02,0.197,8.6514,111.6,0.0,1442.167, NAN, NAN, NAN, NAN,,2024/04/22 02:07:49.427,2024-04-22 02:07:49.427000+00:00
2024/04/22, 02:08:49.427,41.523,-70.672, NAN,242.65,163.42,0.02,8.6,8.7,1010.8,1010.8,0.0,0.0,87.88,79.0,59,48,3.4,5.2,52.2,51.8,3.4,5.2,301.7,290.7,1012.9,1012.9,-6.5,301.57,-0.02,0.197,8.6414,111.1,0.0,1442.126, NAN, NAN, NAN, NAN,,2024/04/22 02:08:49.427,2024-04-22 02:08:49.427000+00:00
2024/04/22, 02:09:49.427,41.523,-70.672, NAN,242.64,176.55,0.01,8.6,8.6,1010.8,1010.8,0.0,0.0,87.88,79.0,61,48,4.0,5.9,53.0,53.1,4.0,5.9,303.7,290.7,1012.9,1012.9,-6.59,301.78,-0.03,0.197,8.6379,111.3,0.0,1442.111, NAN, NAN, NAN, NAN,,2024/04/22 02:09:49.427,2024-04-22 02:09:49.427000+00:00
2024/04/22, 02:10:49.427,41.523,-70.672, NAN,242.66,5.06,0.01,8.6,8.6,1010.8,1010.8,0.0,0.0,87.88,79.0,59,48,4.0,6.1,52.8,52.9,4.0,6.1,301.6,290.6,1012.9,1012.9,-6.65,301.83,-0.02,0.197,8.6381,111.3,0.0,1442.112, NAN, NAN, NAN, NAN,,2024/04/22 02:10:49.427,2024-04-22 02:10:49.427000+00:00
2024/04/22, 02:11:49.428,41.523,-70.672, NAN,242.75,43.15,0.01,8.6,8.6,1010.8,1010.8,0.0,0.0,87.88,79.0,58,47,4.0,6.1,53.3,53.6,4.0,6.1,300.7,289.7,1012.9,1012.9,-6.62,301.88,-0.04,0.197,8.6411,111.3,0.0,1442.124, NAN, NAN, NAN, NAN,,2024/04/22 02:11:49.428,2024-04-22 02:11:49.428000+00:00
2024/04/22, 02:12:49.428,41.523,-70.672, NAN,242.68,249.35,0.01,8.6,8.6,1010.8,1010.8,0.0,0.0,87.88,79.0,52,44,4.3,6.4,53.4,53.2,4.3,6.4,294.7,286.7,1012.9,1012.9,-6.62,301.92,-0.02,0.197,8.6466,111.3,0.0,1442.147, NAN, NAN, NAN, NAN,,2024/04/22 02:12:49.428,2024-04-22 02:12:49.428000+00:00
2024/04/22, 02:13:49.428,41.523,-70.672, NAN,242.68,245.93,0.0,8.6,8.6,1010.8,1010.8,0.0,0.0,87.88,79.0,58,48,4.9,7.0,53.3,52.6,4.9,7.0,300.7,290.7,1012.9,1012.9,-6.52,302.17,-0.02,0.197,8.6518,110.8,0.0,1442.168, NAN, NAN, NAN, NAN,,2024/04/22 02:13:49.428,2024-04-22 02:13:49.428000+00:00
2024/04/22, 02:14:49.428,41.523,-70.672, NAN,242.68,211.3,0.0,8.6,8.6,1010.8,1010.7,0.0,0.0,87.88,79.0,65,54,4.1,5.6,52.6,54.4,4.1,5.6,307.7,296.7,1012.9,1012.8,-6.48,302.27,-0.02,0.197,8.6591,110.8,0.0,1442.198, NAN, NAN, NAN, NAN,,2024/04/22 02:14:49.428,2024-04-22 02:14:49.428000+00:00
2024/04/22, 02:15:49.428,41.523,-70.672, NAN,242.68,170.69,0.01,8.6,8.6,1010.8,1010.8,0.0,0.0,87.88,79.0,70,56,4.5,6.3,54.3,52.4,4.5,6.3,312.7,298.7,1012.9,1012.9,-6.48,302.58,-0.02,0.197,8.6652,112.8,0.0,1442.223, NAN, NAN, NAN, NAN,,2024/04/22 02:15:49.428,2024-04-22 02:15:49.428000+00:00
2024/04/22, 02:16:49.428,41.523,-70.672, NAN,242.63,234.98,0.0,8.6,8.6,1010.8,1010.8,0.0,0.0,87.88,79.0,62,53,4.1,5.6,52.5,53.1,4.1,5.6,304.6,295.6,1012.9,1012.9,-6.46,302.62,-0.02,0.197,8.6684,110.8,0.0,1442.236, NAN, NAN, NAN, NAN,,2024/04/22 02:16:49.428,2024-04-22 02:16:49.428000+00:00
2024/04/22, 02:17:49.428,41.523,-70.672, NAN,242.68,13.92,0.01,8.6,8.6,1010.8,1010.8,0.0,0.0,87.88,79.0,65,52,4.2,6.3,52.4,52.2,4.2,6.3,307.6,294.6,1012.9,1012.9,-6.49,302.63,-0.02,0.197,8.6718,110.8,0.0,1442.25, NAN, NAN, NAN, NAN,,2024/04/22 02:17:49.428,2024-04-22 02:17:49.428000+00:00
2024/04/22, 02:18:49.428,41.523,-70.672, NAN,242.67,130.92,0.0,8.6,8.6,1010.8,1010.8,0.0,0.0,87.88,79.0,64,54,4.2,5.8,52.4,52.9,4.2,5.8,306.7,296.7,1012.9,1012.9,-6.42,302.56,-0.02,0.197,8.6703,110.8,0.0,1442.244, NAN, NAN, NAN, NAN,,2024/04/22 02:18:49.428,2024-04-22 02:18:49.428000+00:00
2024/04/22, 02:19:49.428,41.523,-70.672, NAN,242.68,313.57,0.0,8.6,8.6,1010.8,1010.8,0.0,0.0,87.88,79.0,61,51,4.3,6.3,53.2,52.3,4.3,6.3,303.7,293.7,1012.9,1012.9,-6.42,302.89,-0.02,0.197,8.6658,110.1,0.0,1442.226, NAN, NAN, NAN, NAN,,2024/04/22 02:19:49.428,2024-04-22 02:19:49.428000+00:00
2024/04/22, 02:20:49.428,41.523,-70.672, NAN,242.7,258.84,0.01,8.6,8.6,1010.8,1010.8,0.0,0.0,87.88,79.0,63,51,4.7,6.7,52.1,52.1,4.7,6.7,305.7,293.7,1012.9,1012.9,-6.45,303.17,-0.02,0.197,8.6652,110.8,0.0,1442.223, NAN, NAN, NAN, NAN,,2024/04/22 02:20:49.428,2024-04-22 02:20:49.428000+00:00
2024/04/22, 02:21:49.428,41.523,-70.672, NAN,242.68,191.84,0.01,8.6,8.6,1010.8,1010.8,0.0,0.0,87.88,79.0,61,49,5.4,7.2,51.6,50.9,5.4,7.2,303.7,291.7,1012.9,1012.9,-6.39,303.41,-0.02,0.197,8.6669,110.4,0.0,1442.23, NAN, NAN, NAN, NAN,,2024/04/22 02:21:49.428,2024-04-22 02:21:49.428000+00:00
2024/04/22, 02:22:49.428,41.523,-70.672, NAN,242.63,320.04,0.01,8.6,8.7,1010.8,1010.8,0.0,0.0,87.88,79.0,63,50,4.5,6.3,50.6,51.8,4.5,6.3,305.6,292.6,1012.9,1012.9,-6.29,303.12,-0.03,0.197,8.6668,110.4,0.0,1442.23, NAN, NAN, NAN, NAN,,2024/04/22 02:22:49.428,2024-04-22 02:22:49.428000+00:00
2024/04/22, 02:23:49.428,41.523,-70.672, NAN,242.63,259.77,0.0,8.6,8.7,1010.8,1010.8,0.0,0.0,87.88,79.0,65,54,4.9,6.7,50.7,51.4,4.9,6.7,307.6,296.6,1012.9,1012.9,-6.36,302.78,-0.03,0.197,8.667,110.4,0.0,1442.231, NAN, NAN, NAN, NAN,,2024/04/22 02:23:49.428,2024-04-22 02:23:49.428000+00:00
2024/04/22, 02:24:49.428,41.523,-70.672, NAN,242.68,80.87,0.0,8.6,8.7,1010.8,1010.8,0.0,0.0,87.88,79.0,57,48,5.3,7.2,51.5,52.0,5.3,7.2,299.7,290.7,1012.9,1012.9,-6.35,302.71,-0.02,0.197,8.6689,111.3,0.0,1442.238, NAN, NAN, NAN, NAN,,2024/04/22 02:24:49.428,2024-04-22 02:24:49.428000+00:00
2024/04/22, 02:25:49.428,41.523,-70.672, NAN,242.63,5.69,0.01,8.6,8.6,1010.8,1010.8,0.0,0.0,87.88,79.0,65,54,4.6,6.4,52.1,53.7,4.6,6.4,307.6,296.6,1012.9,1012.9,-6.32,302.47,-0.02,0.197,8.674,110.8,0.0,1442.259, NAN, NAN, NAN, NAN,,2024/04/22 02:25:49.428,2024-04-22 02:25:49.428000+00:00
2024/04/22, 02:26:49.428,41.523,-70.672, NAN,242.63,114.44,0.0,8.6,8.6,1010.8,1010.7,0.0,0.0,87.88,79.0,60,50,6.2,8.1,52.1,50.2,6.2,8.1,302.6,292.6,1012.9,1012.8,-6.33,302.43,-0.02,0.197,8.6799,110.4,0.0,1442.284, NAN, NAN, NAN, NAN,,2024/04/22 02:26:49.428,2024-04-22 02:26:49.428000+00:00
2024/04/22, 02:27:49.429,41.523,-70.672, NAN,242.68,234.82,0.0,8.6,8.7,1010.8,1010.8,0.0,0.0,87.88,79.0,63,54,4.8,6.4,50.1,52.2,4.8,6.4,305.7,296.7,1012.9,1012.9,-6.33,301.67,-0.02,0.197,8.6851,111.6,0.0,1442.305, NAN, NAN, NAN, NAN,,2024/04/22 02:27:49.429,2024-04-22 02:27:49.429000+00:00
2024/04/22, 02:28:49.429,41.523,-70.672, NAN,242.64,270.18,0.01,8.6,8.7,1010.8,1010.8,0.0,0.0,87.88,79.0,62,53,6.0,7.9,52.6,54.0,6.0,7.9,304.6,295.6,1012.9,1012.9,-6.4,301.33,-0.02,0.1971,8.6909,110.8,0.0,1442.329, NAN, NAN, NAN, NAN,,2024/04/22 02:28:49.429,2024-04-22 02:28:49.429000+00:00
2024/04/22, 02:29:49.429,41.523,-70.672, NAN,242.63,292.45,0.0,8.6,8.6,1010.8,1010.8,0.0,0.0,87.88,79.0,63,54,5.6,7.2,53.4,49.8,5.6,7.2,305.6,296.6,1012.9,1012.9,-6.35,301.19,-0.01,0.1971,8.6962,109.5,0.0,1442.351, NAN, NAN, NAN, NAN,,2024/04/22 02:29:49.429,2024-04-22 02:29:49.429000+00:00
2024/04/22, 02:30:49.429,41.523,-70.672, NAN,242.63,287.0,0.0,8.6,8.7,1010.8,1010.7,0.0,0.0,87.88,79.0,63,53,5.1,6.6,49.9,53.7,5.1,6.6,305.6,295.6,1012.9,1012.8,-6.41,301.06,-0.01,0.1971,8.7013,110.4,0.0,1442.371, NAN, NAN, NAN, NAN,,2024/04/22 02:30:49.429,2024-04-22 02:30:49.429000+00:00
2024/04/22, 02:31:49.429,41.523,-70.672, NAN,242.68,264.44,0.0,8.6,8.6,1010.8,1010.7,0.0,0.0,87.88,79.0,67,56,5.2,6.9,53.6,52.1,5.2,6.9,309.7,298.7,1012.9,1012.8,-6.37,301.26,-0.01,0.1971,8.7061,111.1,0.0,1442.391, NAN, NAN, NAN, NAN,,2024/04/22 02:31:49.429,2024-04-22 02:31:49.429000+00:00
2024/04/22, 02:32:49.429,41.523,-70.672, NAN,242.67,308.84,0.0,8.6,8.6,1010.8,1010.7,0.0,0.0,87.88,79.0,67,57,5.1,6.6,51.6,54.4,5.1,6.6,309.7,299.7,1012.9,1012.8,-6.26,301.31,-0.01,0.1971,8.7101,111.1,0.0,1442.407, NAN, NAN, NAN, NAN,,2024/04/22 02:32:49.429,2024-04-22 02:32:49.429000+00:00
2024/04/22, 02:33:49.429,41.523,-70.672, NAN,242.65,122.55,0.0,8.6,8.6,1010.8,1010.7,0.0,0.0,87.88,79.0,66,54,5.1,7.0,53.9,54.1,5.1,7.0,308.6,296.6,1012.9,1012.8,-6.35,300.91,-0.02,0.1971,8.7153,110.8,0.0,1442.429, NAN, NAN, NAN, NAN,,2024/04/22 02:33:49.429,2024-04-22 02:33:49.429000+00:00
2024/04/22, 02:34:49.429,41.523,-70.672, NAN,242.62,154.01,0.01,8.6,8.6,1010.8,1010.8,0.0,0.0,87.88,79.0,61,51,5.5,7.1,53.6,52.7,5.5,7.1,303.6,293.6,1012.9,1012.9,-6.44,300.44,-0.02,0.1971,8.7197,110.1,0.0,1442.447, NAN, NAN, NAN, NAN,,2024/04/22 02:34:49.429,2024-04-22 02:34:49.429000+00:00
2024/04/22, 02:35:49.429,41.523,-70.672, NAN,242.67,228.27,0.0,8.6,8.6,1010.8,1010.8,0.0,0.0,87.88,79.0,64,53,5.5,7.3,52.6,52.8,5.5,7.3,306.7,295.7,1012.9,1012.9,-6.45,299.94,-0.01,0.1971,8.7234,110.4,0.0,1442.462, NAN, NAN, NAN, NAN,,2024/04/22 02:35:49.429,2024-04-22 02:35:49.429000+00:00
2024/04/22, 02:36:49.429,41.523,-70.672, NAN,242.67,311.11,0.0,8.6,8.6,1010.8,1010.8,0.0,0.0,87.88,79.0,64,53,5.5,7.2,52.3,53.5,5.5,7.2,306.7,295.7,1012.9,1012.9,-6.45,299.57,-0.01,0.1971,8.7272,110.4,0.0,1442.477, NAN, NAN, NAN, NAN,,2024/04/22 02:36:49.429,2024-04-22 02:36:49.429000+00:00
2024/04/22, 02:37:49.429,41.523,-70.672, NAN,242.63,195.57,0.0,8.6,8.6,1010.8,1010.7,0.0,0.0,87.88,79.0,60,50,5.4,7.4,53.5,53.5,5.4,7.4,302.6,292.6,1012.9,1012.8,-6.39,299.39,-0.02,0.1971,8.7269,109.5,0.0,1442.476, NAN, NAN, NAN, NAN,,2024/04/22 02:37:49.429,2024-04-22 02:37:49.429000+00:00
2024/04/22, 02:38:49.429,41.523,-70.672, NAN,242.68,331.0,0.01,8.6,8.6,1010.8,1010.7,0.0,0.0,87.88,79.0,62,51,5.2,7.1,53.4,53.2,5.2,7.1,304.7,293.7,1012.9,1012.8,-6.35,299.4,-0.02,0.1971,8.729,109.8,0.0,1442.485, NAN, NAN, NAN, NAN,,2024/04/22 02:38:49.429,2024-04-22 02:38:49.429000+00:00
2024/04/22, 02:39:49.429,41.523,-70.672, NAN,242.64,205.95,0.01,8.6,8.6,1010.8,1010.7,0.0,0.0,87.88,79.0,62,51,5.0,6.9,53.4,52.6,5.0,6.9,304.7,293.7,1012.9,1012.8,-6.38,299.43,-0.02,0.1971,8.7326,110.1,0.0,1442.5, NAN, NAN, NAN, NAN,,2024/04/22 02:39:49.429,2024-04-22 02:39:49.429000+00:00
2024/04/22, 02:40:49.429,41.523,-70.672, NAN,242.63,188.19,0.01,8.6,8.6,1010.7,1010.7,0.0,0.0,87.88,79.0,59,48,5.5,7.5,52.7,51.7,5.5,7.5,301.7,290.7,1012.8,1012.8,-6.36,299.73,-0.01,0.1971,8.735,110.4,0.0,1442.509, NAN, NAN, NAN, NAN,,2024/04/22 02:40:49.429,2024-04-22 02:40:49.429000+00:00
2024/04/22, 02:41:49.429,41.523,-70.672, NAN,242.63,259.56,0.01,8.6,8.6,1010.7,1010.7,0.0,0.0,87.88,79.0,58,49,5.3,7.4,51.4,52.0,5.3,7.4,300.6,291.6,1012.8,1012.8,-6.41,299.81,-0.01,0.1971,8.7377,110.1,0.0,1442.52, NAN, NAN, NAN, NAN,,2024/04/22 02:41:49.429,2024-04-22 02:41:49.429000+00:00
2024/04/22, 02:42:49.429,41.523,-70.672, NAN,242.63,121.71,0.0,8.6,8.6,1010.7,1010.8,0.0,0.0,87.88,79.0,61,52,5.1,7.1,52.2,51.8,5.1,7.1,303.6,294.6,1012.8,1012.9,-6.42,299.86,-0.02,0.1971,8.7403,111.3,0.0,1442.531, NAN, NAN, NAN, NAN,,2024/04/22 02:42:49.429,2024-04-22 02:42:49.429000+00:00
2024/04/22, 02:43:49.430,41.523,-70.672, NAN,242.62,298.63,0.0,8.6,8.6,1010.7,1010.7,0.0,0.0,87.88,79.0,60,49,5.3,7.3,52.4,53.4,5.3,7.3,302.6,291.6,1012.8,1012.8,-6.37,299.65,-0.02,0.1971,8.7428,111.1,0.0,1442.541, NAN, NAN, NAN, NAN,,2024/04/22 02:43:49.430,2024-04-22 02:43:49.430000+00:00
2024/04/22, 02:44:49.430,41.523,-70.672, NAN,242.68,82.92,0.01,8.6,8.6,1010.8,1010.7,0.0,0.0,87.88,79.0,65,52,5.3,7.0,53.4,54.8,5.3,7.0,307.6,294.6,1012.9,1012.8,-6.41,299.14,-0.01,0.1971,8.7451,110.8,0.0,1442.551, NAN, NAN, NAN, NAN,,2024/04/22 02:44:49.430,2024-04-22 02:44:49.430000+00:00
2024/04/22, 02:45:49.430,41.523,-70.672, NAN,242.63,96.67,0.0,8.6,8.6,1010.7,1010.7,0.0,0.0,87.88,79.0,65,55,7.0,8.5,55.2,51.7,7.0,8.5,307.6,297.6,1012.8,1012.8,-6.42,299.27,-0.01,0.1972,8.7446,110.4,0.0,1442.549, NAN, NAN, NAN, NAN,,2024/04/22 02:45:49.430,2024-04-22 02:45:49.430000+00:00
2024/04/22, 02:46:49.430,41.523,-70.672, NAN,242.68,297.95,0.0,8.6,8.6,1010.7,1010.7,0.0,0.0,87.88,79.0,63,55,5.4,6.9,51.1,51.6,5.4,6.9,305.7,297.7,1012.8,1012.8,-6.41,298.8,-0.01,0.1972,8.7459,109.5,0.0,1442.554, NAN, NAN, NAN, NAN,,2024/04/22 02:46:49.430,2024-04-22 02:46:49.430000+00:00
2024/04/22, 02:47:49.430,41.523,-70.672, NAN,242.63,239.86,0.0,8.6,8.6,1010.8,1010.7,0.0,0.0,87.88,79.0,62,52,5.8,7.6,52.3,53.6,5.8,7.6,304.6,294.6,1012.9,1012.8,-6.34,298.32,-0.02,0.1971,8.747,109.8,0.0,1442.559, NAN, NAN, NAN, NAN,,2024/04/22 02:47:49.430,2024-04-22 02:47:49.430000+00:00
2024/04/22, 02:48:49.430,41.523,-70.672, NAN,242.63,353.45,0.0,8.6,8.6,1010.7,1010.8,0.0,0.0,87.88,79.0,59,46,5.0,7.1,52.9,52.6,5.0,7.1,301.6,288.6,1012.8,1012.9,-6.44,297.8,-0.02,0.1972,8.7495,110.4,0.0,1442.569, NAN, NAN, NAN, NAN,,2024/04/22 02:48:49.430,2024-04-22 02:48:49.430000+00:00
2024/04/22, 02:49:49.430,41.523,-70.672, NAN,242.63,269.06,0.0,8.6,8.6,1010.7,1010.8,0.0,0.0,87.88,79.0,59,49,5.7,7.7,52.7,52.1,5.7,7.7,301.6,291.6,1012.8,1012.9,-6.44,297.64,-0.02,0.1972,8.7502,110.4,0.0,1442.572, NAN, NAN, NAN, NAN,,2024/04/22 02:49:49.430,2024-04-22 02:49:49.430000+00:00
2024/04/22, 02:50:49.430,41.523,-70.672, NAN,242.64,252.49,0.01,8.6,8.6,1010.8,1010.8,0.0,0.0,87.88,79.0,61,51,6.3,8.1,51.9,52.1,6.3,8.1,303.7,293.7,1012.9,1012.9,-6.39,297.47,-0.02,0.1972,8.7487,109.8,0.0,1442.566, NAN, NAN, NAN, NAN,,2024/04/22 02:50:49.430,2024-04-22 02:50:49.430000+00:00
2024/04/22, 02:51:49.430,41.523,-70.672, NAN,242.64,231.81,0.0,8.6,8.6,1010.8,1010.7,0.0,0.0,87.88,79.0,65,53,5.8,7.5,51.7,52.1,5.8,7.5,307.6,295.6,1012.9,1012.8,-6.34,297.24,-0.02,0.1972,8.75,109.8,0.0,1442.571, NAN, NAN, NAN, NAN,,2024/04/22 02:51:49.430,2024-04-22 02:51:49.430000+00:00
2024/04/22, 02:52:49.430,41.523,-70.672, NAN,242.62,8.32,0.0,8.6,8.6,1010.8,1010.8,0.0,0.0,87.88,79.0,63,52,5.3,7.1,51.5,54.2,5.3,7.1,305.6,294.6,1012.9,1012.9,-6.4,297.27,-0.01,0.1972,8.7548,109.8,0.0,1442.591, NAN, NAN, NAN, NAN,,2024/04/22 02:52:49.430,2024-04-22 02:52:49.430000+00:00
2024/04/22, 02:53:49.430,41.523,-70.672, NAN,242.63,298.71,0.0,8.6,8.6,1010.8,1010.8,0.0,0.0,87.88,79.0,57,47,4.9,6.8,54.1,53.7,4.9,6.8,299.6,289.6,1012.9,1012.9,-6.47,297.19,-0.01,0.1972,8.758,109.5,0.0,1442.604, NAN, NAN, NAN, NAN,,2024/04/22 02:53:49.430,2024-04-22 02:53:49.430000+00:00
2024/04/22, 02:54:49.430,41.523,-70.672, NAN,242.67,27.87,0.0,8.6,8.6,1010.8,1010.7,0.0,0.0,87.88,79.0,62,51,4.9,6.8,54.1,54.5,4.9,6.8,304.7,293.7,1012.9,1012.8,-6.45,296.97,-0.02,0.1972,8.7595,109.8,0.0,1442.61, NAN, NAN, NAN, NAN,,2024/04/22 02:54:49.430,2024-04-22 02:54:49.430000+00:00
2024/04/22, 02:55:49.430,41.523,-70.672, NAN,242.63,297.85,0.0,8.5,8.5,1010.8,1010.8,0.0,0.0,87.88,79.0,60,50,5.1,7.2,54.7,53.9,5.1,7.2,302.6,292.6,1012.9,1012.9,-6.53,297.49,-0.02,0.1972,8.7602,110.1,0.0,1442.613, NAN, NAN, NAN, NAN,,2024/04/22 02:55:49.430,2024-04-22 02:55:49.430000+00:00
2024/04/22, 02:56:49.430,41.523,-70.672, NAN,242.63,330.75,0.0,8.5,8.5,1010.8,1010.8,0.0,0.0,87.88,79.0,59,49,6.0,7.8,53.5,53.6,6.0,7.8,301.6,291.6,1012.9,1012.9,-6.53,297.58,-0.02,0.1972,8.7604,109.8,0.0,1442.614, NAN, NAN, NAN, NAN,,2024/04/22 02:56:49.430,2024-04-22 02:56:49.430000+00:00
2024/04/22, 02:57:49.430,41.523,-70.672, NAN,242.64,339.38,0.0,8.5,8.5,1010.7,1010.7,0.0,0.0,87.88,79.0,52,43,5.8,7.7,51.5,51.3,5.8,7.7,294.6,285.6,1012.8,1012.8,-6.52,297.72,-0.02,0.1972,8.7611,110.1,0.0,1442.616, NAN, NAN, NAN, NAN,,2024/04/22 02:57:49.430,2024-04-22 02:57:49.430000+00:00
2024/04/22, 02:58:49.431,41.523,-70.672, NAN,242.62,272.97,0.01,8.5,8.5,1010.7,1010.7,0.0,0.0,87.88,79.0,53,45,5.9,7.9,51.6,51.3,5.9,7.9,295.7,287.6,1012.8,1012.8,-6.47,297.56,-0.01,0.1972,8.7601,110.1,0.0,1442.612, NAN, NAN, NAN, NAN,,2024/04/22 02:58:49.431,2024-04-22 02:58:49.431000+00:00
2024/04/22, 02:59:49.431,41.523,-70.672, NAN,242.62,308.15,0.0,8.5,8.5,1010.8,1010.8,0.0,0.0,87.88,79.0,55,47,6.0,8.1,51.4,50.7,6.0,8.1,297.6,289.6,1012.9,1012.9,-6.38,297.4,-0.02,0.1972,8.7583,110.1,0.0,1442.605, NAN, NAN, NAN, NAN,,2024/04/22 02:59:49.431,2024-04-22 02:59:49.431000+00:00
2024/04/22, 03:00:49.431,41.523,-70.672, NAN,242.67,71.7,0.01,8.5,8.6,1010.8,1010.8,0.0,0.0,87.88,79.0,53,45,5.4,7.4,50.2,51.6,5.4,7.4,295.6,287.6,1012.9,1012.9,-6.43,296.98,-0.02,0.1972,8.7555,109.2,0.0,1442.593, NAN, NAN, NAN, NAN,,2024/04/22 03:00:49.431,2024-04-22 03:00:49.431000+00:00
2024/04/22, 03:01:49.431,41.523,-70.672, NAN,242.68,16.12,0.0,8.5,8.5,1010.8,1010.8,0.0,0.0,87.88,79.0,60,49,5.6,7.3,52.0,52.3,5.6,7.3,302.7,291.7,1012.9,1012.9,-6.36,296.38,-0.02,0.1972,8.7486,110.4,0.0,1442.565, NAN, NAN, NAN, NAN,,2024/04/22 03:01:49.431,2024-04-22 03:01:49.431000+00:00
2024/04/22, 03:02:49.431,41.523,-70.672, NAN,242.69,235.71,0.0,8.5,8.5,1010.8,1010.8,0.0,0.0,87.88,79.0,58,47,4.6,6.8,52.4,54.1,4.6,6.8,300.7,289.7,1012.9,1012.9,-6.43,295.79,-0.02,0.1972,8.7433,109.8,0.0,1442.544, NAN, NAN, NAN, NAN,,2024/04/22 03:02:49.431,2024-04-22 03:02:49.431000+00:00
2024/04/22, 03:03:49.431,41.523,-70.672, NAN,242.68,333.51,0.0,8.5,8.5,1010.8,1010.8,0.0,0.0,87.88,79.0,56,47,5.4,7.2,54.0,54.4,5.4,7.2,298.7,289.7,1012.9,1012.9,-6.47,295.16,-0.02,0.1972,8.7404,109.5,0.0,1442.532, NAN, NAN, NAN, NAN,,2024/04/22 03:03:49.431,2024-04-22 03:03:49.431000+00:00
2024/04/22, 03:04:49.431,41.523,-70.672, NAN,242.68,348.17,0.0,8.5,8.5,1010.8,1010.8,0.0,0.0,87.88,79.0,56,46,5.0,7.0,53.9,55.1,5.0,7.0,298.7,288.7,1012.9,1012.9,-6.62,294.74,-0.02,0.1972,8.7383,110.1,0.0,1442.523, NAN, NAN, NAN, NAN,,2024/04/22 03:04:49.431,2024-04-22 03:04:49.431000+00:00
2024/04/22, 03:05:49.431,41.523,-70.672, NAN,242.68,41.96,0.0,8.5,8.5,1010.8,1010.8,0.0,0.0,87.88,79.0,52,42,4.8,6.7,54.6,55.0,4.8,6.7,294.7,284.7,1012.9,1012.9,-6.61,294.47,-0.02,0.1972,8.7381,109.2,0.0,1442.522, NAN, NAN, NAN, NAN,,2024/04/22 03:05:49.431,2024-04-22 03:05:49.431000+00:00
2024/04/22, 03:06:49.431,41.523,-70.672, NAN,242.68,35.33,0.0,8.5,8.5,1010.8,1010.8,0.0,0.0,87.88,79.0,51,45,4.8,6.6,54.9,58.2,4.8,6.6,293.7,287.7,1012.9,1012.9,-6.54,294.83,-0.02,0.1972,8.7378,109.5,0.0,1442.521, NAN, NAN, NAN, NAN,,2024/04/22 03:06:49.431,2024-04-22 03:06:49.431000+00:00
2024/04/22, 03:07:49.431,41.523,-70.672, NAN,242.68,198.76,0.0,8.5,8.5,1010.8,1010.8,0.0,0.0,87.88,79.0,50,42,4.9,7.2,58.2,57.9,4.9,7.2,292.7,284.7,1012.9,1012.9,-6.8,294.75,-0.02,0.1972,8.7338,109.5,0.0,1442.505, NAN, NAN, NAN, NAN,,2024/04/22 03:07:49.431,2024-04-22 03:07:49.431000+00:00
2024/04/22, 03:08:49.431,41.523,-70.672, NAN,242.68,325.43,0.0,8.4,8.5,1010.8,1010.8,0.0,0.0,87.88,79.0,48,40,4.7,7.0,58.1,57.4,4.7,7.0,290.7,282.7,1012.9,1012.9,-6.66,295.38,-0.02,0.1972,8.7274,109.8,0.0,1442.478, NAN, NAN, NAN, NAN,,2024/04/22 03:08:49.431,2024-04-22 03:08:49.431000+00:00
2024/04/22, 03:09:49.431,41.523,-70.672, NAN,242.69,352.4,0.0,8.4,8.4,1010.9,1010.8,0.0,0.0,87.88,79.0,52,44,5.1,7.1,57.9,59.3,5.1,7.1,294.7,286.7,1013.0,1012.9,-6.65,295.28,-0.01,0.1972,8.7213,110.4,0.0,1442.453, NAN, NAN, NAN, NAN,,2024/04/22 03:09:49.431,2024-04-22 03:09:49.431000+00:00
2024/04/22, 03:10:49.431,41.523,-70.672, NAN,242.68,180.51,0.01,8.4,8.4,1010.8,1010.9,0.0,0.0,87.88,79.0,51,42,4.9,6.9,59.1,59.4,4.9,6.9,293.7,284.7,1012.9,1013.0,-6.78,295.69,-0.01,0.1972,8.7176,109.8,0.0,1442.438, NAN, NAN, NAN, NAN,,2024/04/22 03:10:49.431,2024-04-22 03:10:49.431000+00:00
2024/04/22, 03:11:49.431,41.523,-70.672, NAN,242.68,313.83,0.0,8.4,8.4,1010.8,1010.9,0.0,0.0,87.88,79.0,52,43,4.5,6.5,59.5,59.8,4.5,6.5,294.7,285.7,1012.9,1013.0,-6.89,295.7,-0.02,0.1972,8.714,109.8,0.0,1442.424, NAN, NAN, NAN, NAN,,2024/04/22 03:11:49.431,2024-04-22 03:11:49.431000+00:00
2024/04/22, 03:12:49.431,41.523,-70.672, NAN,242.68,252.36,0.0,8.4,8.4,1010.8,1010.9,0.0,0.0,87.88,79.0,51,43,4.5,6.7,59.5,58.8,4.5,6.7,293.7,285.7,1012.9,1013.0,-6.85,296.34,-0.02,0.1973,8.7104,109.5,0.0,1442.409, NAN, NAN, NAN, NAN,,2024/04/22 03:12:49.431,2024-04-22 03:12:49.431000+00:00
2024/04/22, 03:13:49.431,41.523,-70.672, NAN,242.67,12.76,0.0,8.4,8.4,1010.9,1010.9,0.0,0.0,87.88,79.0,51,42,4.9,6.9,59.0,58.0,4.9,6.9,293.7,284.7,1013.0,1013.0,-6.77,296.4,-0.02,0.1973,8.7102,110.1,0.0,1442.408, NAN, NAN, NAN, NAN,,2024/04/22 03:13:49.431,2024-04-22 03:13:49.431000+00:00
2024/04/22, 03:14:49.432,41.523,-70.672, NAN,242.68,258.64,0.0,8.4,8.4,1010.8,1010.9,0.0,0.0,87.88,79.0,53,44,4.8,6.8,57.9,58.8,4.8,6.8,295.7,286.7,1012.9,1013.0,-6.68,296.54,-0.01,0.1973,8.7108,109.5,0.0,1442.411, NAN, NAN, NAN, NAN,,2024/04/22 03:14:49.432,2024-04-22 03:14:49.432000+00:00
2024/04/22, 03:15:49.432,41.523,-70.672, NAN,242.68,253.67,0.0,8.4,8.4,1010.8,1010.9,0.0,0.0,87.88,79.0,53,44,4.9,6.9,58.9,58.2,4.9,6.9,295.7,286.7,1012.9,1013.0,-6.59,296.69,-0.01,0.1973,8.7129,109.5,0.0,1442.419, NAN, NAN, NAN, NAN,,2024/04/22 03:15:49.432,2024-04-22 03:15:49.432000+00:00
2024/04/22, 03:16:49.432,41.523,-70.672, NAN,242.68,337.66,0.0,8.4,8.4,1010.8,1010.9,0.0,0.0,87.88,79.0,54,44,4.7,7.0,58.3,58.5,4.7,7.0,296.7,286.7,1012.9,1013.0,-6.47,296.65,-0.01,0.1973,8.7146,109.5,0.0,1442.426, NAN, NAN, NAN, NAN,,2024/04/22 03:16:49.432,2024-04-22 03:16:49.432000+00:00
2024/04/22, 03:17:49.432,41.523,-70.672, NAN,242.68,345.93,0.01,8.4,8.4,1010.8,1010.9,0.0,0.0,87.88,79.0,56,47,5.0,7.0,58.1,59.0,5.0,7.0,298.6,289.6,1012.9,1013.0,-6.58,295.99,-0.02,0.1973,8.7169,109.8,0.0,1442.436, NAN, NAN, NAN, NAN,,2024/04/22 03:17:49.432,2024-04-22 03:17:49.432000+00:00
2024/04/22, 03:18:49.432,41.523,-70.672, NAN,242.68,275.45,0.0,8.4,8.4,1010.9,1010.9,0.0,0.0,87.88,79.0,53,45,4.5,6.4,58.8,58.8,4.5,6.4,295.7,287.7,1013.0,1013.0,-6.63,295.53,-0.01,0.1973,8.719,109.8,0.0,1442.444, NAN, NAN, NAN, NAN,,2024/04/22 03:18:49.432,2024-04-22 03:18:49.432000+00:00
2024/04/22, 03:19:49.432,41.523,-70.672, NAN,242.68,25.6,0.0,8.4,8.4,1010.9,1010.8,0.0,0.0,87.88,79.0,50,42,5.3,7.2,58.8,58.6,5.3,7.2,292.7,284.7,1013.0,1012.9,-6.59,295.43,-0.02,0.1973,8.7198,109.5,0.0,1442.447, NAN, NAN, NAN, NAN,,2024/04/22 03:19:49.432,2024-04-22 03:19:49.432000+00:00
2024/04/22, 03:20:49.432,41.523,-70.672, NAN,242.68,255.88,0.0,8.4,8.4,1010.8,1010.8,0.0,0.0,87.88,79.0,48,40,4.9,6.8,58.7,58.5,4.9,6.8,290.7,282.7,1012.9,1012.9,-6.64,294.69,-0.01,0.1973,8.7214,109.8,0.0,1442.454, NAN, NAN, NAN, NAN,,2024/04/22 03:20:49.432,2024-04-22 03:20:49.432000+00:00
2024/04/22, 03:21:49.432,41.523,-70.672, NAN,242.69,304.79,0.0,8.3,8.4,1010.8,1010.8,0.0,0.0,87.88,79.0,54,45,5.6,7.7,58.7,53.9,5.6,7.7,296.7,287.7,1012.9,1012.9,-6.6,294.15,-0.01,0.1973,8.723,109.5,0.0,1442.461, NAN, NAN, NAN, NAN,,2024/04/22 03:21:49.432,2024-04-22 03:21:49.432000+00:00
2024/04/22, 03:22:49.432,41.523,-70.672, NAN,242.7,298.21,0.01,8.3,8.4,1010.9,1010.8,0.0,0.0,87.88,79.0,55,44,4.8,6.8,53.8,55.7,4.8,6.8,297.7,286.7,1013.0,1012.9,-6.59,293.66,-0.02,0.1973,8.7238,108.9,0.0,1442.464, NAN, NAN, NAN, NAN,,2024/04/22 03:22:49.432,2024-04-22 03:22:49.432000+00:00
2024/04/22, 03:23:49.432,41.523,-70.672, NAN,242.68,207.54,0.0,8.3,8.4,1010.8,1010.8,0.0,0.0,87.88,79.0,51,43,5.5,7.6,55.7,56.8,5.5,7.6,293.7,285.7,1012.9,1012.9,-6.63,293.8,-0.01,0.1973,8.725,109.8,0.0,1442.469, NAN, NAN, NAN, NAN,,2024/04/22 03:23:49.432,2024-04-22 03:23:49.432000+00:00
2024/04/22, 03:24:49.432,41.523,-70.672, NAN,242.68,24.25,0.0,8.3,8.3,1010.8,1010.8,0.0,0.0,87.88,79.0,50,42,4.7,6.8,56.2,57.2,4.7,6.8,292.7,284.7,1012.9,1012.9,-6.61,293.94,-0.01,0.1973,8.7258,109.2,0.0,1442.472, NAN, NAN, NAN, NAN,,2024/04/22 03:24:49.432,2024-04-22 03:24:49.432000+00:00
2024/04/22, 03:25:49.432,41.523,-70.672, NAN,242.67,280.99,0.01,8.3,8.3,1010.8,1010.8,0.0,0.0,87.88,79.0,46,39,5.3,7.4,57.7,57.6,5.3,7.4,288.6,281.6,1012.9,1012.9,-6.62,293.71,-0.02,0.1973,8.7261,109.2,0.0,1442.473, NAN, NAN, NAN, NAN,,2024/04/22 03:25:49.432,2024-04-22 03:25:49.432000+00:00
2024/04/22, 03:26:49.432,41.523,-70.672, NAN,242.68,176.3,0.0,8.3,8.3,1010.8,1010.8,0.0,0.0,87.88,79.0,45,38,5.6,7.8,57.5,58.3,5.6,7.8,287.7,280.7,1012.9,1012.9,-6.66,293.87,-0.01,0.1973,8.7272,109.5,0.0,1442.478, NAN, NAN, NAN, NAN,,2024/04/22 03:26:49.432,2024-04-22 03:26:49.432000+00:00
2024/04/22, 03:27:49.432,41.523,-70.672, NAN,242.72,285.23,0.0,8.3,8.3,1010.8,1010.8,0.0,0.0,87.88,79.0,53,44,4.8,6.9,57.9,57.5,4.8,6.9,295.7,286.7,1012.9,1012.9,-6.61,293.72,-0.01,0.1973,8.7284,109.8,0.0,1442.483, NAN, NAN, NAN, NAN,,2024/04/22 03:27:49.432,2024-04-22 03:27:49.432000+00:00
2024/04/22, 03:28:49.432,41.523,-70.672, NAN,242.68,254.54,0.0,8.3,8.4,1010.8,1010.8,0.0,0.0,87.88,79.0,53,44,5.9,7.9,57.6,55.9,5.9,7.9,295.7,286.7,1012.9,1012.9,-6.62,293.85,-0.02,0.1973,8.7266,109.5,0.0,1442.475, NAN, NAN, NAN, NAN,,2024/04/22 03:28:49.432,2024-04-22 03:28:49.432000+00:00
2024/04/22, 03:29:49.433,41.523,-70.672, NAN,242.68,213.3,0.0,8.3,8.4,1010.8,1010.8,0.0,0.0,87.88,79.0,53,46,5.5,7.3,55.9,56.9,5.5,7.3,295.7,288.7,1012.9,1012.9,-6.49,293.91,-0.02,0.1973,8.7249,110.8,0.0,1442.468, NAN, NAN, NAN, NAN,,2024/04/22 03:29:49.433,2024-04-22 03:29:49.433000+00:00
2024/04/22, 03:30:49.433,41.523,-70.672, NAN,242.67,300.92,0.01,8.3,8.4,1010.8,1010.9,0.0,0.0,87.88,79.0,58,49,5.7,7.2,57.1,55.8,5.7,7.2,300.7,291.7,1012.9,1013.0,-6.45,294.24,-0.02,0.1973,8.7238,108.9,0.0,1442.464, NAN, NAN, NAN, NAN,,2024/04/22 03:30:49.433,2024-04-22 03:30:49.433000+00:00
2024/04/22, 03:31:49.433,41.523,-70.672, NAN,242.72,224.02,0.0,8.4,8.4,1010.8,1010.9,0.0,0.0,87.88,79.0,56,47,4.7,6.5,55.9,56.0,4.7,6.5,298.7,289.7,1012.9,1013.0,-6.48,294.03,-0.02,0.1973,8.7169,109.5,0.0,1442.436, NAN, NAN, NAN, NAN,,2024/04/22 03:31:49.433,2024-04-22 03:31:49.433000+00:00
2024/04/22, 03:32:49.433,41.523,-70.672, NAN,242.68,25.1,0.01,8.4,8.4,1010.9,1010.9,0.0,0.0,87.88,79.0,56,44,5.6,7.8,56.6,55.5,5.6,7.8,298.6,286.7,1013.0,1013.0,-6.51,294.31,-0.02,0.1973,8.714,109.8,0.0,1442.424, NAN, NAN, NAN, NAN,,2024/04/22 03:32:49.433,2024-04-22 03:32:49.433000+00:00
2024/04/22, 03:33:49.433,41.523,-70.672, NAN,242.72,15.02,0.0,8.4,8.4,1010.8,1010.8,0.0,0.0,87.88,79.0,52,47,5.7,7.5,55.2,55.3,5.7,7.5,294.7,289.7,1012.9,1012.9,-6.5,294.61,-0.02,0.1973,8.7138,109.2,0.0,1442.423, NAN, NAN, NAN, NAN,,2024/04/22 03:33:49.433,2024-04-22 03:33:49.433000+00:00
2024/04/22, 03:34:49.433,41.523,-70.672, NAN,242.67,114.65,0.01,8.4,8.4,1010.8,1010.9,0.0,0.0,87.88,79.0,60,49,5.7,7.6,54.5,55.8,5.7,7.6,302.7,291.7,1012.9,1013.0,-6.54,294.99,-0.01,0.1973,8.7132,109.5,0.0,1442.42, NAN, NAN, NAN, NAN,,2024/04/22 03:34:49.433,2024-04-22 03:34:49.433000+00:00
2024/04/22, 03:35:49.433,41.523,-70.672, NAN,242.68,210.35,0.0,8.4,8.4,1010.8,1010.9,0.0,0.0,87.88,79.0,57,47,5.8,7.7,55.6,56.2,5.8,7.7,299.7,289.7,1012.9,1013.0,-6.46,295.12,-0.01,0.1973,8.7108,108.9,0.0,1442.411, NAN, NAN, NAN, NAN,,2024/04/22 03:35:49.433,2024-04-22 03:35:49.433000+00:00
2024/04/22, 03:36:49.433,41.523,-70.672, NAN,242.65,176.15,0.0,8.4,8.4,1010.8,1010.8,0.0,0.0,87.88,79.0,55,48,5.8,7.6,55.7,52.5,5.8,7.6,297.6,290.6,1012.9,1012.9,-6.41,294.95,-0.01,0.1973,8.7067,108.9,0.0,1442.394, NAN, NAN, NAN, NAN,,2024/04/22 03:36:49.433,2024-04-22 03:36:49.433000+00:00
2024/04/22, 03:37:49.433,41.523,-70.672, NAN,242.68,222.49,0.0,8.4,8.4,1010.8,1010.8,0.0,0.0,87.88,79.0,55,46,5.5,7.7,53.0,52.7,5.5,7.7,297.7,288.7,1012.9,1012.9,-6.51,295.03,-0.01,0.1973,8.7066,108.9,0.0,1442.393, NAN, NAN, NAN, NAN,,2024/04/22 03:37:49.433,2024-04-22 03:37:49.433000+00:00
2024/04/22, 03:38:49.433,41.523,-70.672, NAN,242.65,225.37,0.0,8.4,8.4,1010.8,1010.8,0.0,0.0,87.88,79.0,51,43,5.6,7.6,53.5,53.3,5.6,7.6,293.6,285.6,1012.9,1012.9,-6.4,294.82,-0.01,0.1973,8.7043,109.2,0.0,1442.384, NAN, NAN, NAN, NAN,,2024/04/22 03:38:49.433,2024-04-22 03:38:49.433000+00:00
2024/04/22, 03:39:49.433,41.523,-70.672, NAN,242.67,50.89,0.01,8.4,8.4,1010.8,1010.8,0.0,0.0,87.88,79.0,56,47,6.1,8.2,53.0,54.9,6.1,8.2,298.6,289.6,1012.9,1012.9,-6.43,294.34,-0.01,0.1974,8.6989,109.8,0.0,1442.362, NAN, NAN, NAN, NAN,,2024/04/22 03:39:49.433,2024-04-22 03:39:49.433000+00:00
2024/04/22, 03:40:49.433,41.523,-70.672, NAN,242.67,204.15,0.01,8.4,8.4,1010.8,1010.8,0.0,0.0,87.88,79.0,61,52,6.5,8.4,54.9,51.5,6.5,8.4,303.7,294.7,1012.9,1012.9,-6.39,294.1,-0.01,0.1974,8.6941,109.2,0.0,1442.342, NAN, NAN, NAN, NAN,,2024/04/22 03:40:49.433,2024-04-22 03:40:49.433000+00:00
2024/04/22, 03:41:49.433,41.523,-70.672, NAN,242.7,271.53,0.0,8.4,8.4,1010.8,1010.8,0.0,0.0,87.88,79.0,67,57,7.0,8.8,51.6,49.6,7.0,8.8,309.7,299.7,1012.9,1012.9,-6.35,293.5,-0.01,0.1974,8.6923,109.2,0.0,1442.335, NAN, NAN, NAN, NAN,,2024/04/22 03:41:49.433,2024-04-22 03:41:49.433000+00:00
2024/04/22, 03:42:49.433,41.523,-70.672, NAN,242.68,171.45,0.0,8.4,8.4,1010.8,1010.8,0.0,0.0,87.88,79.0,54,46,7.0,9.0,49.9,49.8,7.0,9.0,296.7,288.7,1012.9,1012.9,-6.35,291.98,-0.01,0.1974,8.6928,109.2,0.0,1442.337, NAN, NAN, NAN, NAN,,2024/04/22 03:42:49.433,2024-04-22 03:42:49.433000+00:00
2024/04/22, 03:43:49.433,41.523,-70.672, NAN,242.64,224.8,0.0,8.4,8.4,1010.8,1010.8,0.0,0.0,87.88,79.0,66,54,7.7,8.7,51.1,47.1,7.7,8.7,308.6,296.6,1012.9,1012.9,-6.3,290.98,-0.02,0.1974,8.6931,109.5,0.0,1442.338, NAN, NAN, NAN, NAN,,2024/04/22 03:43:49.433,2024-04-22 03:43:49.433000+00:00
2024/04/22, 03:44:49.433,41.523,-70.672, NAN,242.63,188.32,0.0,8.4,8.4,1010.8,1010.8,0.0,0.0,87.88,79.0,63,52,7.4,8.9,47.0,48.6,7.4,8.9,305.6,294.6,1012.9,1012.9,-6.29,289.35,-0.02,0.1974,8.6944,109.2,0.0,1442.344, NAN, NAN, NAN, NAN,,2024/04/22 03:44:49.433,2024-04-22 03:44:49.433000+00:00
2024/04/22, 03:45:49.434,41.523,-70.672, NAN,242.67,350.37,0.01,8.4,8.4,1010.8,1010.8,0.0,0.0,87.88,79.0,68,59,7.7,9.1,48.6,47.9,7.7,9.1,310.6,301.6,1012.9,1012.9,-6.14,287.71,-0.01,0.1974,8.6964,108.9,0.0,1442.352, NAN, NAN, NAN, NAN,,2024/04/22 03:45:49.434,2024-04-22 03:45:49.434000+00:00
2024/04/22, 03:46:49.434,41.523,-70.672, NAN,242.59,77.89,0.0,8.4,8.4,1010.8,1010.8,0.0,0.0,87.88,79.0,56,48,7.6,9.4,48.1,46.0,7.6,9.4,298.6,290.6,1012.9,1012.9,-6.24,286.21,-0.02,0.1974,8.6945,109.2,0.0,1442.344, NAN, NAN, NAN, NAN,,2024/04/22 03:46:49.434,2024-04-22 03:46:49.434000+00:00
2024/04/22, 03:47:49.434,41.523,-70.672, NAN,242.62,212.88,0.0,8.4,8.4,1010.8,1010.8,0.0,0.0,87.88,79.0,54,47,6.9,8.8,46.3,48.6,6.9,8.8,296.6,289.6,1012.9,1012.9,-6.33,285.1,-0.02,0.1974,8.6939,109.5,0.0,1442.341, NAN, NAN, NAN, NAN,,2024/04/22 03:47:49.434,2024-04-22 03:47:49.434000+00:00
2024/04/22, 03:48:49.434,41.523,-70.672, NAN,242.63,187.83,0.0,8.4,8.4,1010.8,1010.9,0.0,0.0,87.88,79.0,57,50,7.7,9.4,48.8,46.6,7.7,9.4,299.6,292.6,1012.9,1013.0,-6.34,284.13,-0.02,0.1974,8.6904,109.2,0.0,1442.327, NAN, NAN, NAN, NAN,,2024/04/22 03:48:49.434,2024-04-22 03:48:49.434000+00:00
2024/04/22, 03:49:49.434,41.523,-70.672, NAN,242.63,142.46,0.0,8.4,8.4,1010.8,1010.8,0.0,0.0,87.88,79.0,58,49,7.3,9.3,46.8,48.5,7.3,9.3,300.6,291.6,1012.9,1012.9,-6.31,283.4,-0.02,0.1974,8.6865,108.9,0.0,1442.311, NAN, NAN, NAN, NAN,,2024/04/22 03:49:49.434,2024-04-22 03:49:49.434000+00:00
2024/04/22, 03:50:49.434,41.523,-70.672, NAN,242.63,350.09,0.0,8.4,8.4,1010.8,1010.9,0.0,0.0,87.88,79.0,59,53,7.8,9.5,48.2,48.3,7.8,9.5,301.6,295.6,1012.9,1013.0,-6.35,283.16,-0.01,0.1974,8.684,109.2,0.0,1442.301, NAN, NAN, NAN, NAN,,2024/04/22 03:50:49.434,2024-04-22 03:50:49.434000+00:00
2024/04/22, 03:51:49.434,41.523,-70.672, NAN,242.62,41.93,0.01,8.4,8.4,1010.8,1010.9,0.0,0.0,87.88,79.0,65,55,7.5,8.8,48.4,45.4,7.5,8.8,307.6,297.6,1012.9,1013.0,-6.35,283.0,-0.02,0.1974,8.684,109.5,0.0,1442.301, NAN, NAN, NAN, NAN,,2024/04/22 03:51:49.434,2024-04-22 03:51:49.434000+00:00
2024/04/22, 03:52:49.434,41.523,-70.672, NAN,242.61,318.82,0.01,8.4,8.4,1010.9,1010.9,0.0,0.0,87.88,79.0,63,55,7.6,8.8,46.2,48.2,7.6,8.8,305.6,297.6,1013.0,1013.0,-6.35,282.88,-0.02,0.1974,8.6838,109.8,0.0,1442.3, NAN, NAN, NAN, NAN,,2024/04/22 03:52:49.434,2024-04-22 03:52:49.434000+00:00
2024/04/22, 03:53:49.434,41.523,-70.672, NAN,242.62,44.61,0.01,8.3,8.4,1010.8,1010.9,0.0,0.0,87.88,79.0,64,54,8.3,9.8,48.0,47.8,8.3,9.8,306.6,296.6,1012.9,1013.0,-6.31,282.76,-0.02,0.1974,8.684,109.2,0.0,1442.301, NAN, NAN, NAN, NAN,,2024/04/22 03:53:49.434,2024-04-22 03:53:49.434000+00:00
2024/04/22, 03:54:49.434,41.523,-70.672, NAN,242.58,72.5,0.01,8.3,8.4,1010.8,1010.9,0.0,0.0,87.88,79.0,62,51,8.4,9.8,47.5,46.9,8.4,9.8,304.6,293.6,1012.9,1013.0,-6.32,283.08,-0.02,0.1974,8.6846,109.5,0.0,1442.303, NAN, NAN, NAN, NAN,,2024/04/22 03:54:49.434,2024-04-22 03:54:49.434000+00:00
2024/04/22, 03:55:49.434,41.523,-70.672, NAN,242.66,190.24,0.0,8.3,8.3,1010.9,1010.9,0.0,0.0,87.88,79.0,62,54,7.4,8.7,46.9,49.6,7.4,8.7,304.7,296.7,1013.0,1013.0,-6.42,283.06,-0.02,0.1974,8.685,109.2,0.0,1442.305, NAN, NAN, NAN, NAN,,2024/04/22 03:55:49.434,2024-04-22 03:55:49.434000+00:00
2024/04/22, 03:56:49.434,41.523,-70.672, NAN,242.63,244.39,0.01,8.3,8.3,1011.0,1011.0,0.0,0.0,87.88,79.0,65,59,6.9,8.2,49.9,48.6,6.9,8.2,307.7,301.7,1013.1,1013.1,-6.39,282.85,-0.01,0.1974,8.6836,109.2,0.0,1442.299, NAN, NAN, NAN, NAN,,2024/04/22 03:56:49.434,2024-04-22 03:56:49.434000+00:00
2024/04/22, 03:57:49.434,41.523,-70.672, NAN,242.59,174.43,0.0,8.3,8.3,1011.0,1010.9,0.0,0.0,87.88,79.0,59,50,6.6,8.5,49.3,51.1,6.6,8.5,301.6,292.6,1013.1,1013.0,-6.4,282.06,-0.02,0.1974,8.683,109.2,0.0,1442.297, NAN, NAN, NAN, NAN,,2024/04/22 03:57:49.434,2024-04-22 03:57:49.434000+00:00
2024/04/22, 03:58:49.434,41.523,-70.672, NAN,242.58,252.18,0.0,8.3,8.3,1011.0,1010.9,0.0,0.0,87.88,79.0,68,57,7.6,8.4,51.4,50.0,7.6,8.4,310.6,299.6,1013.1,1013.0,-6.48,281.43,-0.01,0.1974,8.6831,108.9,0.0,1442.297, NAN, NAN, NAN, NAN,,2024/04/22 03:58:49.434,2024-04-22 03:58:49.434000+00:00
2024/04/22, 03:59:49.434,41.523,-70.672, NAN,242.63,219.86,0.0,8.2,8.2,1011.0,1010.8,0.0,0.0,87.88,79.0,65,56,6.2,8.0,49.9,52.5,6.2,8.0,307.6,298.6,1013.1,1012.9,-6.58,280.74,-0.02,0.1974,8.683,108.6,0.0,1442.297, NAN, NAN, NAN, NAN,,2024/04/22 03:59:49.434,2024-04-22 03:59:49.434000+00:00
2024/04/22, 04:00:49.435,41.523,-70.672, NAN,242.63,275.63,0.0,8.2,8.2,1010.9,1010.9,0.0,0.0,87.88,79.0,66,54,6.8,8.4,52.3,52.6,6.8,8.4,308.6,296.6,1013.0,1013.0,-6.53,280.16,-0.02,0.1974,8.6833,108.6,0.0,1442.298, NAN, NAN, NAN, NAN,,2024/04/22 04:00:49.435,2024-04-22 04:00:49.435000+00:00
2024/04/22, 04:01:49.435,41.523,-70.672, NAN,242.61,47.89,0.01,8.2,8.2,1011.0,1010.9,0.0,0.0,87.88,79.0,57,48,5.9,7.7,52.5,52.5,5.9,7.7,299.6,290.6,1013.1,1013.0,-6.57,279.87,-0.01,0.1974,8.6848,108.9,0.0,1442.304, NAN, NAN, NAN, NAN,,2024/04/22 04:01:49.435,2024-04-22 04:01:49.435000+00:00
2024/04/22, 04:02:49.435,41.523,-70.672, NAN,242.58,159.52,0.01,8.2,8.2,1011.0,1011.0,0.0,0.0,87.88,79.0,62,52,6.2,8.0,52.6,53.6,6.2,8.0,304.6,294.6,1013.1,1013.1,-6.65,279.28,-0.01,0.1974,8.6844,108.6,0.0,1442.303, NAN, NAN, NAN, NAN,,2024/04/22 04:02:49.435,2024-04-22 04:02:49.435000+00:00
2024/04/22, 04:03:49.435,41.523,-70.672, NAN,242.62,51.68,0.01,8.2,8.2,1011.0,1010.9,0.0,0.0,87.88,79.0,64,55,7.1,8.9,53.3,53.3,7.1,8.9,306.6,297.6,1013.1,1013.0,-6.68,279.07,-0.02,0.1974,8.6823,108.6,0.0,1442.294, NAN, NAN, NAN, NAN,,2024/04/22 04:03:49.435,2024-04-22 04:03:49.435000+00:00
2024/04/22, 04:04:49.435,41.523,-70.672, NAN,242.63,249.37,0.0,8.2,8.2,1011.0,1011.0,0.0,0.0,87.88,79.0,62,52,6.2,8.0,51.4,49.4,6.2,8.0,304.6,294.6,1013.1,1013.1,-6.63,278.37,-0.02,0.1974,8.6801,108.9,0.0,1442.285, NAN, NAN, NAN, NAN,,2024/04/22 04:04:49.435,2024-04-22 04:04:49.435000+00:00
2024/04/22, 04:05:49.435,41.523,-70.672, NAN,242.63,21.11,0.0,8.2,8.2,1011.0,1011.0,0.0,0.0,87.88,79.0,62,51,6.6,8.2,49.8,50.4,6.6,8.2,304.6,293.6,1013.1,1013.1,-6.58,278.27,-0.02,0.1974,8.6768,108.3,0.0,1442.271, NAN, NAN, NAN, NAN,,2024/04/22 04:05:49.435,2024-04-22 04:05:49.435000+00:00
2024/04/22, 04:06:49.435,41.523,-70.672, NAN,242.63,28.05,0.01,8.2,8.2,1011.0,1011.0,0.0,0.0,87.88,79.0,61,51,6.2,8.2,50.7,51.2,6.2,8.2,303.6,293.6,1013.1,1013.1,-6.69,277.6,-0.02,0.1975,8.677,109.2,0.0,1442.272, NAN, NAN, NAN, NAN,,2024/04/22 04:06:49.435,2024-04-22 04:06:49.435000+00:00
2024/04/22, 04:07:49.435,41.523,-70.672, NAN,242.63,354.72,0.0,8.2,8.2,1011.0,1010.9,0.0,0.0,87.88,79.0,59,51,5.8,7.5,51.5,53.0,5.8,7.5,301.6,293.6,1013.1,1013.0,-6.67,277.72,-0.02,0.1975,8.6784,108.3,0.0,1442.278, NAN, NAN, NAN, NAN,,2024/04/22 04:07:49.435,2024-04-22 04:07:49.435000+00:00
2024/04/22, 04:08:49.435,41.523,-70.672, NAN,242.64,266.84,0.0,8.1,8.2,1011.0,1010.9,0.0,0.0,87.88,79.0,58,48,6.7,8.5,53.0,51.9,6.7,8.5,300.6,290.6,1013.1,1013.0,-6.75,277.24,-0.01,0.1975,8.6792,108.3,0.0,1442.281, NAN, NAN, NAN, NAN,,2024/04/22 04:08:49.435,2024-04-22 04:08:49.435000+00:00
2024/04/22, 04:09:49.435,41.523,-70.672, NAN,242.59,34.71,0.0,8.1,8.2,1011.0,1010.9,0.0,0.0,87.88,79.0,58,49,6.9,8.7,51.8,50.0,6.9,8.7,300.6,291.6,1013.1,1013.0,-6.74,277.26,-0.02,0.1975,8.6809,108.9,0.0,1442.288, NAN, NAN, NAN, NAN,,2024/04/22 04:09:49.435,2024-04-22 04:09:49.435000+00:00
2024/04/22, 04:10:49.435,41.523,-70.672, NAN,242.59,261.47,0.0,8.1,8.2,1010.9,1010.9,0.0,0.0,87.88,79.0,56,46,5.7,7.6,49.8,49.9,5.7,7.6,298.6,288.6,1013.0,1013.0,-6.68,276.68,-0.02,0.1975,8.684,108.3,0.0,1442.301, NAN, NAN, NAN, NAN,,2024/04/22 04:10:49.435,2024-04-22 04:10:49.435000+00:00
2024/04/22, 04:11:49.435,41.523,-70.672, NAN,242.63,229.84,0.0,8.1,8.1,1010.9,1010.9,0.0,0.0,87.88,79.0,55,47,6.1,8.1,51.7,52.9,6.1,8.1,297.6,289.6,1013.0,1013.0,-6.78,276.42,-0.01,0.1975,8.6827,108.3,0.0,1442.296, NAN, NAN, NAN, NAN,,2024/04/22 04:11:49.435,2024-04-22 04:11:49.435000+00:00
2024/04/22, 04:12:49.435,41.523,-70.672, NAN,242.64,337.36,0.0,8.1,8.1,1010.9,1010.9,0.0,0.0,87.88,79.0,57,49,6.4,8.2,52.5,50.7,6.4,8.2,299.6,291.6,1013.0,1013.0,-6.81,276.04,-0.01,0.1975,8.68,108.6,0.0,1442.285, NAN, NAN, NAN, NAN,,2024/04/22 04:12:49.435,2024-04-22 04:12:49.435000+00:00
2024/04/22, 04:13:49.435,41.523,-70.672, NAN,242.58,12.78,0.01,8.1,8.1,1010.8,1010.9,0.0,0.0,87.88,79.0,58,49,5.7,7.5,50.6,52.2,5.7,7.5,300.5,291.5,1012.9,1013.0,-6.76,275.45,-0.01,0.1975,8.6774,108.3,0.0,1442.274, NAN, NAN, NAN, NAN,,2024/04/22 04:13:49.435,2024-04-22 04:13:49.435000+00:00
2024/04/22, 04:14:49.435,41.523,-70.672, NAN,242.58,16.24,0.01,8.1,8.1,1010.9,1010.9,0.0,0.0,87.88,79.0,58,49,6.2,8.2,52.3,51.8,6.2,8.2,300.5,291.5,1013.0,1013.0,-6.81,275.15,-0.02,0.1975,8.6758,108.0,0.0,1442.267, NAN, NAN, NAN, NAN,,2024/04/22 04:14:49.435,2024-04-22 04:14:49.435000+00:00
2024/04/22, 04:15:49.435,41.523,-70.672, NAN,242.59,148.91,0.01,8.1,8.1,1010.8,1010.9,0.0,0.0,87.88,79.0,54,46,5.8,8.0,51.7,52.9,5.8,8.0,296.6,288.6,1012.9,1013.0,-6.79,274.37,-0.02,0.1975,8.6754,108.3,0.0,1442.266, NAN, NAN, NAN, NAN,,2024/04/22 04:15:49.435,2024-04-22 04:15:49.435000+00:00
2024/04/22, 04:16:49.435,41.523,-70.672, NAN,242.61,354.31,0.0,8.1,8.1,1010.9,1010.9,0.0,0.0,87.88,79.0,54,45,4.6,6.7,53.4,55.8,4.6,6.7,296.6,287.6,1013.0,1013.0,-6.78,273.99,-0.02,0.1975,8.6752,108.3,0.0,1442.265, NAN, NAN, NAN, NAN,,2024/04/22 04:16:49.435,2024-04-22 04:16:49.435000+00:00
2024/04/22, 04:17:49.436,41.523,-70.672, NAN,242.67,267.03,0.01,8.1,8.1,1010.9,1010.9,0.0,0.0,87.88,79.0,61,51,5.2,7.2,55.6,56.0,5.2,7.2,303.7,293.7,1013.0,1013.0,-6.92,273.56,-0.02,0.1975,8.6746,107.7,0.0,1442.262, NAN, NAN, NAN, NAN,,2024/04/22 04:17:49.436,2024-04-22 04:17:49.436000+00:00
2024/04/22, 04:18:49.436,41.523,-70.672, NAN,242.63,205.29,0.0,8.1,8.1,1011.0,1011.0,0.0,0.0,87.88,79.0,59,49,5.1,7.2,55.7,55.2,5.1,7.2,301.6,291.6,1013.1,1013.1,-7.07,273.55,-0.01,0.1975,8.6748,108.0,0.0,1442.263, NAN, NAN, NAN, NAN,,2024/04/22 04:18:49.436,2024-04-22 04:18:49.436000+00:00
2024/04/22, 04:19:49.436,41.523,-70.672, NAN,242.59,319.5,0.0,8.0,8.1,1011.0,1011.0,0.0,0.0,87.88,79.0,57,46,5.1,7.3,55.1,55.8,5.1,7.3,299.6,288.6,1013.1,1013.1,-7.09,273.71,-0.02,0.1975,8.6748,108.0,0.0,1442.263, NAN, NAN, NAN, NAN,,2024/04/22 04:19:49.436,2024-04-22 04:19:49.436000+00:00
2024/04/22, 04:20:49.436,41.523,-70.672, NAN,242.6,309.17,0.0,8.0,8.0,1011.0,1011.0,0.0,0.0,87.88,79.0,59,49,4.9,7.0,56.1,57.8,4.9,7.0,301.6,291.6,1013.1,1013.1,-7.07,273.49,-0.01,0.1975,8.6758,108.3,0.0,1442.267, NAN, NAN, NAN, NAN,,2024/04/22 04:20:49.436,2024-04-22 04:20:49.436000+00:00
2024/04/22, 04:21:49.436,41.523,-70.672, NAN,242.63,358.1,0.01,8.0,8.0,1011.1,1011.1,0.0,0.0,87.88,79.0,54,47,5.0,6.7,57.7,58.7,5.0,6.7,296.6,289.6,1013.2,1013.2,-7.22,273.24,-0.01,0.1975,8.6767,108.0,0.0,1442.271, NAN, NAN, NAN, NAN,,2024/04/22 04:21:49.436,2024-04-22 04:21:49.436000+00:00
2024/04/22, 04:22:49.436,41.523,-70.672, NAN,242.63,179.88,0.0,8.0,8.0,1011.1,1011.1,0.0,0.0,87.88,79.0,51,43,4.8,6.7,59.3,59.2,4.8,6.7,293.6,285.6,1013.2,1013.2,-7.19,273.13,-0.01,0.1975,8.6779,109.2,0.0,1442.276, NAN, NAN, NAN, NAN,,2024/04/22 04:22:49.436,2024-04-22 04:22:49.436000+00:00
2024/04/22, 04:23:49.436,41.523,-70.672, NAN,242.63,344.06,0.0,8.0,8.0,1011.1,1011.1,0.0,0.0,87.88,79.0,45,40,5.4,7.6,58.9,59.2,5.4,7.6,287.6,282.6,1013.2,1013.2,-7.15,272.95,-0.02,0.1975,8.68,108.0,0.0,1442.285, NAN, NAN, NAN, NAN,,2024/04/22 04:23:49.436,2024-04-22 04:23:49.436000+00:00
2024/04/22, 04:24:49.436,41.523,-70.672, NAN,242.63,286.78,0.0,8.0,8.0,1011.1,1011.1,0.0,0.0,87.88,79.0,60,51,5.6,7.4,59.2,58.9,5.6,7.4,302.6,293.6,1013.2,1013.2,-7.18,272.85,-0.02,0.1975,8.6826,108.3,0.0,1442.295, NAN, NAN, NAN, NAN,,2024/04/22 04:24:49.436,2024-04-22 04:24:49.436000+00:00
2024/04/22, 04:25:49.436,41.523,-70.672, NAN,242.63,339.94,0.0,8.0,8.0,1011.1,1011.1,0.0,0.0,87.88,79.0,53,44,5.5,7.5,58.9,58.6,5.5,7.5,295.6,286.6,1013.2,1013.2,-7.22,272.17,-0.02,0.1975,8.6843,108.0,0.0,1442.302, NAN, NAN, NAN, NAN,,2024/04/22 04:25:49.436,2024-04-22 04:25:49.436000+00:00
2024/04/22, 04:26:49.436,41.523,-70.672, NAN,242.59,300.95,0.0,8.0,8.0,1011.1,1011.1,0.0,0.0,87.88,79.0,49,42,6.3,8.6,58.1,57.2,6.3,8.6,291.6,284.6,1013.2,1013.2,-7.13,271.98,-0.01,0.1975,8.6846,108.0,0.0,1442.303, NAN, NAN, NAN, NAN,,2024/04/22 04:26:49.436,2024-04-22 04:26:49.436000+00:00
2024/04/22, 04:27:49.436,41.523,-70.672, NAN,242.59,20.92,0.0,8.0,8.0,1011.0,1011.1,0.0,0.0,87.88,79.0,51,45,6.5,8.4,56.6,54.3,6.5,8.4,293.6,287.6,1013.1,1013.2,-7.01,271.93,-0.02,0.1975,8.6841,108.0,0.0,1442.301, NAN, NAN, NAN, NAN,,2024/04/22 04:27:49.436,2024-04-22 04:27:49.436000+00:00
2024/04/22, 04:28:49.436,41.523,-70.672, NAN,242.59,120.8,0.0,8.0,8.0,1011.1,1011.1,0.0,0.0,87.88,79.0,51,43,6.0,8.0,54.8,55.7,6.0,8.0,293.6,285.6,1013.2,1013.2,-6.9,272.08,-0.02,0.1975,8.6835,108.0,0.0,1442.299, NAN, NAN, NAN, NAN,,2024/04/22 04:28:49.436,2024-04-22 04:28:49.436000+00:00
2024/04/22, 04:29:49.436,41.523,-70.672, NAN,242.64,328.85,0.0,8.0,8.0,1011.1,1011.1,0.0,0.0,87.88,79.0,48,42,6.5,8.5,55.9,58.4,6.5,8.5,290.6,284.6,1013.2,1013.2,-6.9,272.03,-0.02,0.1975,8.6823,108.9,0.0,1442.294, NAN, NAN, NAN, NAN,,2024/04/22 04:29:49.436,2024-04-22 04:29:49.436000+00:00
2024/04/22, 04:30:49.436,41.523,-70.672, NAN,242.59,142.58,0.01,8.0,8.0,1011.1,1011.1,0.0,0.0,87.88,79.0,51,43,7.1,9.1,56.1,56.1,7.1,9.1,293.6,285.6,1013.2,1013.2,-6.89,271.66,-0.02,0.1975,8.682,108.0,0.0,1442.293, NAN, NAN, NAN, NAN,,2024/04/22 04:30:49.436,2024-04-22 04:30:49.436000+00:00
2024/04/22, 04:31:49.436,41.523,-70.672, NAN,242.56,81.1,0.0,8.0,8.0,1011.0,1011.1,0.0,0.0,87.88,79.0,53,46,7.1,9.0,55.8,54.5,7.1,9.0,295.6,288.6,1013.1,1013.2,-6.75,271.45,-0.02,0.1975,8.6814,107.7,0.0,1442.29, NAN, NAN, NAN, NAN,,2024/04/22 04:31:49.436,2024-04-22 04:31:49.436000+00:00
2024/04/22, 04:32:49.437,41.523,-70.672, NAN,242.58,332.85,0.01,8.0,8.0,1011.1,1011.1,0.0,0.0,87.88,79.0,60,51,7.0,8.6,54.3,53.9,7.0,8.6,302.6,293.6,1013.2,1013.2,-6.75,271.42,-0.01,0.1975,8.682,107.7,0.0,1442.293, NAN, NAN, NAN, NAN,,2024/04/22 04:32:49.437,2024-04-22 04:32:49.437000+00:00
2024/04/22, 04:33:49.437,41.523,-70.672, NAN,242.6,163.25,0.01,8.0,8.0,1011.1,1011.1,0.0,0.0,87.88,79.0,55,46,6.2,8.2,53.9,55.3,6.2,8.2,297.6,288.6,1013.2,1013.2,-6.74,271.17,-0.01,0.1975,8.6812,107.4,0.0,1442.29, NAN, NAN, NAN, NAN,,2024/04/22 04:33:49.437,2024-04-22 04:33:49.437000+00:00
2024/04/22, 04:34:49.437,41.523,-70.672, NAN,242.59,264.52,0.0,8.0,8.0,1011.1,1011.1,0.0,0.0,87.88,79.0,56,46,7.1,8.9,54.0,53.8,7.1,8.9,298.6,288.6,1013.2,1013.2,-6.53,271.08,-0.01,0.1975,8.68,107.7,0.0,1442.285, NAN, NAN, NAN, NAN,,2024/04/22 04:34:49.437,2024-04-22 04:34:49.437000+00:00
2024/04/22, 04:35:49.437,41.523,-70.672, NAN,242.64,217.15,0.0,8.0,8.0,1011.0,1011.1,0.0,0.0,87.88,79.0,62,53,6.5,8.2,54.1,56.9,6.5,8.2,304.6,295.6,1013.1,1013.2,-6.54,271.11,-0.02,0.1975,8.679,108.0,0.0,1442.281, NAN, NAN, NAN, NAN,,2024/04/22 04:35:49.437,2024-04-22 04:35:49.437000+00:00
2024/04/22, 04:36:49.437,41.523,-70.672, NAN,242.58,178.27,0.0,8.0,8.0,1011.1,1011.1,0.0,0.0,87.88,79.0,61,51,8.5,9.9,57.3,55.7,8.5,9.9,303.6,293.6,1013.2,1013.2,-6.57,271.11,-0.02,0.1975,8.6783,107.4,0.0,1442.278, NAN, NAN, NAN, NAN,,2024/04/22 04:36:49.437,2024-04-22 04:36:49.437000+00:00
2024/04/22, 04:37:49.437,41.523,-70.672, NAN,242.6,75.65,0.0,8.0,8.0,1011.0,1011.1,0.0,0.0,87.88,79.0,67,57,8.5,9.8,55.2,55.5,8.5,9.8,309.6,299.6,1013.1,1013.2,-6.55,271.24,-0.02,0.1975,8.6751,107.4,0.0,1442.265, NAN, NAN, NAN, NAN,,2024/04/22 04:37:49.437,2024-04-22 04:37:49.437000+00:00
2024/04/22, 04:38:49.437,41.523,-70.672, NAN,242.63,166.44,0.0,8.0,8.1,1011.1,1011.1,0.0,0.0,87.88,79.0,54,49,6.7,8.4,54.1,55.5,6.7,8.4,296.6,291.6,1013.2,1013.2,-6.5,271.61,-0.02,0.1976,8.6745,107.7,0.0,1442.262, NAN, NAN, NAN, NAN,,2024/04/22 04:38:49.437,2024-04-22 04:38:49.437000+00:00
2024/04/22, 04:39:49.437,41.523,-70.672, NAN,242.6,53.76,0.01,8.0,8.0,1011.2,1011.2,0.0,0.0,87.88,79.0,54,47,8.1,9.9,56.4,54.4,8.1,9.9,296.6,289.6,1013.3,1013.3,-6.44,271.26,-0.02,0.1975,8.6739,107.4,0.0,1442.26, NAN, NAN, NAN, NAN,,2024/04/22 04:39:49.437,2024-04-22 04:39:49.437000+00:00
2024/04/22, 04:40:49.437,41.523,-70.672, NAN,242.64,211.89,0.01,8.0,8.0,1011.1,1011.2,0.0,0.0,87.88,79.0,59,51,6.8,8.6,53.6,54.5,6.8,8.6,301.7,293.7,1013.2,1013.3,-6.56,271.23,-0.01,0.1975,8.6723,107.4,0.0,1442.253, NAN, NAN, NAN, NAN,,2024/04/22 04:40:49.437,2024-04-22 04:40:49.437000+00:00
2024/04/22, 04:41:49.437,41.523,-70.672, NAN,242.59,80.7,0.0,8.0,8.0,1011.2,1011.2,0.0,0.0,87.88,79.0,58,51,6.2,7.7,54.4,55.7,6.2,7.7,300.6,293.6,1013.3,1013.3,-6.55,270.75,-0.02,0.1976,8.6701,107.7,0.0,1442.244, NAN, NAN, NAN, NAN,,2024/04/22 04:41:49.437,2024-04-22 04:41:49.437000+00:00
2024/04/22, 04:42:49.437,41.523,-70.672, NAN,242.59,232.81,0.01,8.0,8.0,1011.2,1011.1,0.0,0.0,87.88,79.0,58,51,7.5,9.3,55.5,55.5,7.5,9.3,300.6,293.6,1013.3,1013.2,-6.61,270.93,-0.02,0.1975,8.6682,107.7,0.0,1442.236, NAN, NAN, NAN, NAN,,2024/04/22 04:42:49.437,2024-04-22 04:42:49.437000+00:00
2024/04/22, 04:43:49.437,41.523,-70.672, NAN,242.61,299.76,0.01,8.0,8.0,1011.1,1011.2,0.0,0.0,87.88,79.0,55,50,7.1,8.9,54.3,54.1,7.1,8.9,297.6,292.6,1013.2,1013.3,-6.53,270.74,-0.01,0.1975,8.6667,107.7,0.0,1442.23, NAN, NAN, NAN, NAN,,2024/04/22 04:43:49.437,2024-04-22 04:43:49.437000+00:00
2024/04/22, 04:44:49.437,41.523,-70.672, NAN,242.59,336.8,0.0,8.0,8.0,1011.1,1011.2,0.0,0.0,87.88,79.0,65,57,9.0,10.5,53.6,51.8,9.0,10.5,307.6,299.6,1013.2,1013.3,-6.54,270.44,-0.02,0.1975,8.6667,107.4,0.0,1442.23, NAN, NAN, NAN, NAN,,2024/04/22 04:44:49.437,2024-04-22 04:44:49.437000+00:00
2024/04/22, 04:45:49.437,41.523,-70.672, NAN,242.54,188.75,0.01,7.9,8.0,1011.2,1011.1,0.0,0.0,87.88,79.0,60,50,9.0,10.7,50.8,48.8,9.0,10.7,302.6,292.6,1013.3,1013.2,-6.46,270.46,-0.01,0.1975,8.668,107.4,0.0,1442.235, NAN, NAN, NAN, NAN,,2024/04/22 04:45:49.437,2024-04-22 04:45:49.437000+00:00
2024/04/22, 04:46:49.437,41.523,-70.672, NAN,242.58,32.09,0.01,8.0,8.0,1011.0,1011.1,0.0,0.0,87.88,79.0,64,55,8.6,9.7,48.4,50.7,8.6,9.7,306.5,297.6,1013.1,1013.2,-6.42,270.32,-0.02,0.1975,8.6684,106.4,0.0,1442.237, NAN, NAN, NAN, NAN,,2024/04/22 04:46:49.437,2024-04-22 04:46:49.437000+00:00
2024/04/22, 04:47:49.437,41.523,-70.672, NAN,242.63,196.94,0.0,8.0,8.0,1011.0,1011.2,0.0,0.0,87.88,79.0,62,53,7.2,8.7,48.3,52.8,7.2,8.7,304.6,295.6,1013.1,1013.3,-6.42,270.16,-0.01,0.1975,8.6681,107.7,0.0,1442.236, NAN, NAN, NAN, NAN,,2024/04/22 04:47:49.437,2024-04-22 04:47:49.437000+00:00
2024/04/22, 04:48:49.438,41.523,-70.672, NAN,242.59,35.89,0.0,7.9,8.0,1011.2,1011.2,0.0,0.0,87.88,79.0,67,58,9.7,10.9,52.8,50.9,9.7,10.9,309.6,300.6,1013.3,1013.3,-6.41,269.88,-0.02,0.1975,8.6691,106.8,0.0,1442.24, NAN, NAN, NAN, NAN,,2024/04/22 04:48:49.438,2024-04-22 04:48:49.438000+00:00
2024/04/22, 04:49:49.438,41.523,-70.672, NAN,242.59,29.71,0.01,8.0,8.0,1011.2,1011.2,0.0,0.0,87.88,79.0,66,55,9.6,10.9,52.8,48.4,9.6,10.9,308.6,297.6,1013.3,1013.3,-6.44,270.05,-0.02,0.1975,8.6708,107.4,0.0,1442.247, NAN, NAN, NAN, NAN,,2024/04/22 04:49:49.438,2024-04-22 04:49:49.438000+00:00
2024/04/22, 04:50:49.438,41.523,-70.672, NAN,242.59,86.07,0.0,7.9,7.9,1011.2,1011.2,0.0,0.0,87.88,79.0,63,57,8.4,9.4,48.6,51.8,8.4,9.4,305.6,299.6,1013.3,1013.3,-6.32,270.16,-0.01,0.1975,8.6718,106.8,0.0,1442.251, NAN, NAN, NAN, NAN,,2024/04/22 04:50:49.438,2024-04-22 04:50:49.438000+00:00
2024/04/22, 04:51:49.438,41.523,-70.672, NAN,242.54,104.06,0.01,7.9,7.9,1011.2,1011.2,0.0,0.0,87.88,79.0,61,54,9.9,11.5,52.4,51.6,9.9,11.5,303.5,296.5,1013.3,1013.3,-6.35,269.81,-0.01,0.1975,8.6722,107.7,0.0,1442.253, NAN, NAN, NAN, NAN,,2024/04/22 04:51:49.438,2024-04-22 04:51:49.438000+00:00
2024/04/22, 04:52:49.438,41.523,-70.672, NAN,242.58,354.27,0.0,7.9,7.9,1011.2,1011.1,0.0,0.0,87.88,79.0,64,57,8.3,9.3,50.7,51.0,8.3,9.3,306.6,299.6,1013.3,1013.2,-6.36,269.61,-0.02,0.1975,8.6725,106.8,0.0,1442.254, NAN, NAN, NAN, NAN,,2024/04/22 04:52:49.438,2024-04-22 04:52:49.438000+00:00
2024/04/22, 04:53:49.438,41.523,-70.672, NAN,242.6,295.28,0.01,7.9,7.9,1011.2,1011.1,0.0,0.0,87.88,79.0,62,53,8.4,9.9,51.5,51.2,8.4,9.9,304.6,295.6,1013.3,1013.2,-6.42,269.84,-0.01,0.1975,8.6722,107.7,0.0,1442.253, NAN, NAN, NAN, NAN,,2024/04/22 04:53:49.438,2024-04-22 04:53:49.438000+00:00
2024/04/22, 04:54:49.438,41.523,-70.672, NAN,242.59,225.85,0.0,7.9,7.9,1011.1,1011.1,0.0,0.0,87.88,79.0,65,56,9.0,10.1,51.8,51.5,9.0,10.1,307.6,298.6,1013.2,1013.2,-6.42,269.88,-0.01,0.1975,8.672,107.7,0.0,1442.252, NAN, NAN, NAN, NAN,,2024/04/22 04:54:49.438,2024-04-22 04:54:49.438000+00:00
2024/04/22, 04:55:49.438,41.523,-70.672, NAN,242.57,179.16,0.0,7.9,7.9,1011.0,1011.1,0.0,0.0,87.88,79.0,59,53,8.4,10.2,51.8,54.3,8.4,10.2,301.6,295.6,1013.1,1013.2,-6.41,269.57,-0.02,0.1975,8.6742,107.1,0.0,1442.261, NAN, NAN, NAN, NAN,,2024/04/22 04:55:49.438,2024-04-22 04:55:49.438000+00:00
2024/04/22, 04:56:49.438,41.523,-70.672, NAN,242.58,4.21,0.0,7.9,7.9,1011.2,1011.0,0.0,0.0,87.88,79.0,67,59,8.9,10.1,53.9,51.8,8.9,10.1,309.6,301.6,1013.3,1013.1,-6.49,269.47,-0.02,0.1975,8.6767,106.8,0.0,1442.271, NAN, NAN, NAN, NAN,,2024/04/22 04:56:49.438,2024-04-22 04:56:49.438000+00:00
2024/04/22, 04:57:49.438,41.523,-70.672, NAN,242.63,219.73,0.01,7.8,7.9,1011.0,1011.1,0.0,0.0,87.88,79.0,66,57,9.3,10.3,51.5,48.3,9.3,10.3,308.7,299.7,1013.1,1013.2,-6.38,269.55,-0.01,0.1975,8.6781,106.8,0.0,1442.277, NAN, NAN, NAN, NAN,,2024/04/22 04:57:49.438,2024-04-22 04:57:49.438000+00:00
2024/04/22, 04:58:49.438,41.523,-70.672, NAN,242.63,347.94,0.01,7.8,7.9,1011.1,1011.1,0.0,0.0,87.88,79.0,71,64,7.9,9.3,48.5,51.3,7.9,9.3,313.6,306.6,1013.2,1013.2,-6.45,269.34,-0.02,0.1975,8.6794,106.4,0.0,1442.282, NAN, NAN, NAN, NAN,,2024/04/22 04:58:49.438,2024-04-22 04:58:49.438000+00:00
2024/04/22, 04:59:49.438,41.523,-70.672, NAN,242.59,336.82,0.0,7.8,7.8,1011.1,1011.2,0.0,0.0,87.88,79.0,62,55,7.3,9.0,51.1,51.3,7.3,9.0,304.6,297.6,1013.2,1013.3,-6.48,269.49,-0.02,0.1975,8.6804,107.4,0.0,1442.286, NAN, NAN, NAN, NAN,,2024/04/22 04:59:49.438,2024-04-22 04:59:49.438000+00:00
2024/04/22, 05:00:49.438,41.523,-70.672, NAN,242.62,142.14,0.0,7.8,7.8,1011.1,1011.2,0.0,0.0,87.88,79.0,59,52,7.7,8.8,52.4,51.2,7.7,8.8,301.6,294.6,1013.2,1013.3,-6.55,269.43,-0.02,0.1975,8.6818,106.8,0.0,1442.292, NAN, NAN, NAN, NAN,,2024/04/22 05:00:49.438,2024-04-22 05:00:49.438000+00:00
2024/04/22, 05:01:49.438,41.523,-70.672, NAN,242.63,321.62,0.01,7.8,7.8,1011.2,1011.2,0.0,0.0,87.88,79.0,64,55,7.1,8.6,51.0,50.6,7.1,8.6,306.6,297.6,1013.3,1013.3,-6.5,269.46,-0.02,0.1975,8.6834,106.8,0.0,1442.299, NAN, NAN, NAN, NAN,,2024/04/22 05:01:49.438,2024-04-22 05:01:49.438000+00:00
2024/04/22, 05:02:49.438,41.523,-70.672, NAN,242.58,335.51,0.01,7.8,7.8,1011.2,1011.1,0.0,0.0,87.88,79.0,74,67,9.1,10.1,51.1,50.9,9.1,10.1,316.6,309.6,1013.3,1013.2,-6.55,269.38,-0.01,0.1975,8.684,107.1,0.0,1442.301, NAN, NAN, NAN, NAN,,2024/04/22 05:02:49.438,2024-04-22 05:02:49.438000+00:00
2024/04/22, 05:03:49.438,41.523,-70.672, NAN,242.58,233.34,0.0,7.8,7.8,1011.1,1011.1,0.0,0.0,87.88,79.0,66,56,8.0,9.5,50.1,51.3,8.0,9.5,308.6,298.6,1013.2,1013.2,-6.55,269.44,-0.01,0.1975,8.6848,106.8,0.0,1442.304, NAN, NAN, NAN, NAN,,2024/04/22 05:03:49.438,2024-04-22 05:03:49.438000+00:00
2024/04/22, 05:04:49.439,41.523,-70.672, NAN,242.63,187.07,0.0,7.8,7.8,1011.1,1011.1,0.0,0.0,87.88,79.0,65,57,8.8,9.4,51.6,49.2,8.8,9.4,307.6,299.6,1013.2,1013.2,-6.52,269.29,-0.01,0.1975,8.6848,107.1,0.0,1442.304, NAN, NAN, NAN, NAN,,2024/04/22 05:04:49.439,2024-04-22 05:04:49.439000+00:00
2024/04/22, 05:05:49.439,41.523,-70.672, NAN,242.59,227.17,0.01,7.8,7.8,1011.0,1011.1,0.0,0.0,87.88,79.0,66,58,8.7,9.8,49.3,49.6,8.7,9.8,308.6,300.6,1013.1,1013.2,-6.41,269.33,-0.02,0.1975,8.684,106.8,0.0,1442.301, NAN, NAN, NAN, NAN,,2024/04/22 05:05:49.439,2024-04-22 05:05:49.439000+00:00
2024/04/22, 05:06:49.439,41.523,-70.672, NAN,242.59,298.29,0.01,7.8,7.8,1011.1,1011.1,0.0,0.0,87.88,79.0,69,57,8.6,8.4,50.0,49.6,8.6,8.4,311.6,299.6,1013.2,1013.2,-6.42,269.58,-0.01,0.1975,8.6831,107.4,0.0,1442.297, NAN, NAN, NAN, NAN,,2024/04/22 05:06:49.439,2024-04-22 05:06:49.439000+00:00
2024/04/22, 05:07:49.439,41.523,-70.672, NAN,242.62,70.38,0.01,7.7,7.8,1011.1,1011.1,0.0,0.0,87.88,79.0,66,61,7.6,8.6,51.4,51.0,7.6,8.6,308.6,303.6,1013.2,1013.2,-6.39,269.16,-0.01,0.1975,8.683,106.4,0.0,1442.297, NAN, NAN, NAN, NAN,,2024/04/22 05:07:49.439,2024-04-22 05:07:49.439000+00:00
2024/04/22, 05:08:49.439,41.523,-70.672, NAN,242.59,353.46,0.0,7.7,7.7,1011.1,1011.1,0.0,0.0,87.88,79.0,64,55,8.2,10.2,51.5,53.7,8.2,10.2,306.6,297.6,1013.2,1013.2,-6.45,269.28,-0.02,0.1975,8.6832,106.8,0.0,1442.298, NAN, NAN, NAN, NAN,,2024/04/22 05:08:49.439,2024-04-22 05:08:49.439000+00:00
2024/04/22, 05:09:49.439,41.523,-70.672, NAN,242.53,235.52,0.01,7.7,7.7,1011.1,1011.1,0.0,0.0,87.88,79.0,65,61,8.2,9.1,52.3,49.5,8.2,9.1,307.6,303.6,1013.2,1013.2,-6.48,269.21,-0.01,0.1975,8.6839,107.4,0.0,1442.301, NAN, NAN, NAN, NAN,,2024/04/22 05:09:49.439,2024-04-22 05:09:49.439000+00:00
2024/04/22, 05:10:49.439,41.523,-70.672, NAN,242.54,236.88,0.0,7.7,7.7,1011.0,1011.0,0.0,0.0,87.88,79.0,69,61,8.2,9.3,49.8,51.4,8.2,9.3,311.5,303.5,1013.1,1013.1,-6.42,269.14,-0.02,0.1975,8.6866,106.8,0.0,1442.312, NAN, NAN, NAN, NAN,,2024/04/22 05:10:49.439,2024-04-22 05:10:49.439000+00:00
2024/04/22, 05:11:49.439,41.523,-70.672, NAN,242.54,101.99,0.0,7.7,7.7,1011.1,1011.1,0.0,0.0,87.88,79.0,64,55,8.2,9.5,51.0,52.0,8.2,9.5,306.5,297.5,1013.2,1013.2,-6.47,269.23,-0.01,0.1975,8.6858,107.7,0.0,1442.308, NAN, NAN, NAN, NAN,,2024/04/22 05:11:49.439,2024-04-22 05:11:49.439000+00:00
2024/04/22, 05:12:49.439,41.523,-70.672, NAN,242.61,304.74,0.01,7.7,7.7,1011.1,1011.1,0.0,0.0,87.88,79.0,62,54,7.4,9.2,52.2,52.5,7.4,9.2,304.6,296.6,1013.2,1013.2,-6.42,269.38,-0.01,0.1975,8.6864,106.8,0.0,1442.311, NAN, NAN, NAN, NAN,,2024/04/22 05:12:49.439,2024-04-22 05:12:49.439000+00:00
2024/04/22, 05:13:49.439,41.523,-70.672, NAN,242.55,216.82,0.01,7.7,7.7,1011.1,1011.0,0.0,0.0,87.88,79.0,64,57,10.2,11.4,52.6,50.3,10.2,11.4,306.5,299.5,1013.2,1013.1,-6.48,269.1,-0.01,0.1974,8.6856,106.4,0.0,1442.307, NAN, NAN, NAN, NAN,,2024/04/22 05:13:49.439,2024-04-22 05:13:49.439000+00:00
2024/04/22, 05:14:49.439,41.523,-70.672, NAN,242.52,80.75,0.01,7.7,7.7,1011.0,1011.0,0.0,0.0,87.88,79.0,65,54,8.7,10.0,50.3,50.6,8.7,10.0,307.5,296.5,1013.1,1013.1,-6.36,269.08,-0.02,0.1974,8.6842,106.2,0.0,1442.302, NAN, NAN, NAN, NAN,,2024/04/22 05:14:49.439,2024-04-22 05:14:49.439000+00:00
2024/04/22, 05:15:49.439,41.523,-70.672, NAN,242.59,226.79,0.01,7.7,7.7,1011.1,1011.0,0.0,0.0,87.88,79.0,67,59,8.4,9.3,50.1,51.0,8.4,9.3,309.6,301.6,1013.2,1013.1,-6.33,268.98,-0.01,0.1974,8.6823,106.4,0.0,1442.294, NAN, NAN, NAN, NAN,,2024/04/22 05:15:49.439,2024-04-22 05:15:49.439000+00:00
2024/04/22, 05:16:49.439,41.523,-70.672, NAN,242.54,219.72,0.01,7.7,7.7,1010.9,1011.1,0.0,0.0,87.88,79.0,58,52,8.5,9.9,51.2,52.8,8.5,9.9,300.6,294.6,1013.0,1013.2,-6.5,269.1,-0.02,0.1974,8.6798,106.2,0.0,1442.284, NAN, NAN, NAN, NAN,,2024/04/22 05:16:49.439,2024-04-22 05:16:49.439000+00:00
2024/04/22, 05:17:49.439,41.523,-70.672, NAN,242.56,304.36,0.0,7.7,7.7,1011.0,1011.0,0.0,0.0,87.88,79.0,65,57,8.5,9.9,52.9,52.9,8.5,9.9,307.6,299.6,1013.1,1013.1,-6.47,269.01,-0.01,0.1974,8.6778,106.2,0.0,1442.275, NAN, NAN, NAN, NAN,,2024/04/22 05:17:49.439,2024-04-22 05:17:49.439000+00:00
2024/04/22, 05:18:49.439,41.523,-70.672, NAN,242.54,151.79,0.0,7.7,7.7,1010.9,1010.9,0.0,0.0,87.88,79.0,70,61,9.0,10.2,52.9,52.4,9.0,10.2,312.5,303.5,1013.0,1013.0,-6.35,269.12,-0.01,0.1975,8.6735,106.4,0.0,1442.258, NAN, NAN, NAN, NAN,,2024/04/22 05:18:49.439,2024-04-22 05:18:49.439000+00:00
2024/04/22, 05:19:49.440,41.523,-70.672, NAN,242.57,285.32,0.0,7.7,7.7,1010.9,1010.9,0.0,0.0,87.88,79.0,66,58,7.9,9.3,51.6,51.9,7.9,9.3,308.6,300.6,1013.0,1013.0,-6.44,268.94,-0.01,0.1975,8.67,106.2,0.0,1442.244, NAN, NAN, NAN, NAN,,2024/04/22 05:19:49.440,2024-04-22 05:19:49.440000+00:00
2024/04/22, 05:20:49.440,41.523,-70.672, NAN,242.59,74.14,0.0,7.7,7.7,1010.9,1011.0,0.0,0.0,87.88,79.0,67,58,7.7,9.4,52.1,52.8,7.7,9.4,309.6,300.6,1013.0,1013.1,-6.44,268.91,-0.01,0.1974,8.6662,106.2,0.0,1442.228, NAN, NAN, NAN, NAN,,2024/04/22 05:20:49.440,2024-04-22 05:20:49.440000+00:00
2024/04/22, 05:21:49.440,41.523,-70.672, NAN,242.53,1.47,0.01,7.7,7.7,1011.0,1011.0,0.0,0.0,87.88,79.0,64,55,8.9,10.6,53.0,52.7,8.9,10.6,306.5,297.5,1013.1,1013.1,-6.47,268.53,-0.02,0.1974,8.6659,106.4,0.0,1442.227, NAN, NAN, NAN, NAN,,2024/04/22 05:21:49.440,2024-04-22 05:21:49.440000+00:00
2024/04/22, 05:22:49.440,41.523,-70.672, NAN,242.54,139.79,0.0,7.7,7.7,1010.9,1011.0,0.0,0.0,87.88,79.0,67,60,7.8,9.2,52.0,49.9,7.8,9.2,309.5,302.5,1013.0,1013.1,-6.42,268.94,-0.02,0.1973,8.6651,106.2,0.0,1442.223, NAN, NAN, NAN, NAN,,2024/04/22 05:22:49.440,2024-04-22 05:22:49.440000+00:00
2024/04/22, 05:23:49.440,41.523,-70.672, NAN,242.55,301.75,0.0,7.7,7.7,1011.0,1011.0,0.0,0.0,87.88,79.0,59,53,10.5,11.9,50.0,49.8,10.5,11.9,301.6,295.6,1013.1,1013.1,-6.4,268.93,-0.02,0.1972,8.6619,106.8,0.0,1442.21, NAN, NAN, NAN, NAN,,2024/04/22 05:23:49.440,2024-04-22 05:23:49.440000+00:00
2024/04/22, 05:24:49.440,41.523,-70.672, NAN,242.58,303.89,0.01,7.7,7.7,1011.0,1011.0,0.0,0.0,87.88,79.0,80,72,7.6,8.2,48.7,48.8,7.6,8.2,322.6,314.6,1013.1,1013.1,-6.33,268.63,-0.02,0.1971,8.6598,106.8,0.0,1442.201, NAN, NAN, NAN, NAN,,2024/04/22 05:24:49.440,2024-04-22 05:24:49.440000+00:00
2024/04/22, 05:25:49.440,41.523,-70.672, NAN,242.55,196.94,0.01,7.7,7.7,1011.1,1011.0,0.0,0.0,87.88,79.0,64,57,7.4,8.6,49.1,51.0,7.4,8.6,306.6,299.6,1013.2,1013.1,-6.38,268.45,-0.02,0.197,8.66,106.2,0.0,1442.202, NAN, NAN, NAN, NAN,,2024/04/22 05:25:49.440,2024-04-22 05:25:49.440000+00:00
2024/04/22, 05:26:49.440,41.523,-70.672, NAN,242.57,331.35,0.01,7.6,7.6,1011.1,1011.0,0.0,0.0,87.88,79.0,73,65,8.4,9.7,51.6,50.8,8.4,9.7,315.6,307.6,1013.2,1013.1,-6.42,268.45,-0.02,0.1969,8.6599,106.2,0.0,1442.201, NAN, NAN, NAN, NAN,,2024/04/22 05:26:49.440,2024-04-22 05:26:49.440000+00:00
2024/04/22, 05:27:49.440,41.523,-70.672, NAN,242.58,106.09,0.01,7.6,7.6,1011.0,1011.0,0.0,0.0,87.88,79.0,61,54,7.2,8.8,50.9,51.5,7.2,8.8,303.5,296.6,1013.1,1013.1,-6.5,268.41,-0.02,0.1969,8.6625,105.9,0.0,1442.212, NAN, NAN, NAN, NAN,,2024/04/22 05:27:49.440,2024-04-22 05:27:49.440000+00:00
2024/04/22, 05:28:49.440,41.523,-70.672, NAN,242.54,201.24,0.0,7.6,7.6,1011.0,1010.9,0.0,0.0,87.88,79.0,64,56,8.1,10.0,51.9,51.5,8.1,10.0,306.5,298.5,1013.1,1013.0,-6.5,268.38,-0.02,0.1968,8.664,106.2,0.0,1442.218, NAN, NAN, NAN, NAN,,2024/04/22 05:28:49.440,2024-04-22 05:28:49.440000+00:00
2024/04/22, 05:29:49.440,41.523,-70.672, NAN,242.59,252.4,0.0,7.6,7.6,1011.0,1011.1,0.0,0.0,87.88,79.0,67,60,6.2,7.4,51.4,52.9,6.2,7.4,309.6,302.6,1013.1,1013.2,-6.57,268.1,-0.02,0.1967,8.6602,106.4,0.0,1442.202, NAN, NAN, NAN, NAN,,2024/04/22 05:29:49.440,2024-04-22 05:29:49.440000+00:00
2024/04/22, 05:30:49.440,41.523,-70.672, NAN,242.54,312.77,0.01,7.6,7.6,1011.0,1011.0,0.0,0.0,87.88,79.0,71,64,8.3,9.3,53.3,53.1,8.3,9.3,313.5,306.5,1013.1,1013.1,-6.54,268.1,-0.02,0.1967,8.6608,106.2,0.0,1442.205, NAN, NAN, NAN, NAN,,2024/04/22 05:30:49.440,2024-04-22 05:30:49.440000+00:00
2024/04/22, 05:31:49.440,41.523,-70.672, NAN,242.54,125.08,0.01,7.6,7.6,1011.0,1010.9,0.0,0.0,87.88,79.0,70,61,7.2,8.8,52.1,51.4,7.2,8.8,312.5,303.5,1013.1,1013.0,-6.59,268.07,-0.01,0.1966,8.6586,106.4,0.0,1442.196, NAN, NAN, NAN, NAN,,2024/04/22 05:31:49.440,2024-04-22 05:31:49.440000+00:00
2024/04/22, 05:32:49.440,41.523,-70.672, NAN,242.5,355.29,0.01,7.6,7.6,1010.9,1010.9,0.0,0.0,87.88,79.0,67,59,8.9,10.5,51.7,51.6,8.9,10.5,309.5,301.5,1013.0,1013.0,-6.55,268.15,-0.01,0.1966,8.6578,106.4,0.0,1442.192, NAN, NAN, NAN, NAN,,2024/04/22 05:32:49.440,2024-04-22 05:32:49.440000+00:00
2024/04/22, 05:33:49.440,41.523,-70.672, NAN,242.54,301.49,0.0,7.5,7.6,1010.8,1011.0,0.0,0.0,87.88,79.0,66,60,8.3,9.8,50.8,50.4,8.3,9.8,308.5,302.5,1012.9,1013.1,-6.47,267.98,-0.02,0.1965,8.6571,106.4,0.0,1442.189, NAN, NAN, NAN, NAN,,2024/04/22 05:33:49.440,2024-04-22 05:33:49.440000+00:00
2024/04/22, 05:34:49.440,41.523,-70.672, NAN,242.59,200.92,0.01,7.5,7.6,1010.8,1010.9,0.0,0.0,87.88,79.0,70,64,7.4,8.5,50.3,51.9,7.4,8.5,312.6,306.6,1012.9,1013.0,-6.56,267.78,-0.02,0.1965,8.6584,106.2,0.0,1442.195, NAN, NAN, NAN, NAN,,2024/04/22 05:34:49.440,2024-04-22 05:34:49.440000+00:00
2024/04/22, 05:35:49.441,41.523,-70.672, NAN,242.57,342.05,0.01,7.5,7.5,1011.0,1011.0,0.0,0.0,87.88,79.0,70,61,6.4,7.2,50.1,51.6,6.4,7.2,312.5,303.5,1013.1,1013.1,-6.51,267.93,-0.02,0.1965,8.6608,106.2,0.0,1442.205, NAN, NAN, NAN, NAN,,2024/04/22 05:35:49.441,2024-04-22 05:35:49.441000+00:00
2024/04/22, 05:36:49.441,41.523,-70.672, NAN,242.6,313.38,0.01,7.5,7.5,1011.0,1010.9,0.0,0.0,87.88,79.0,73,65,8.1,9.2,51.7,51.3,8.1,9.2,315.6,307.6,1013.1,1013.0,-6.59,267.81,-0.01,0.1965,8.6617,106.2,0.0,1442.208, NAN, NAN, NAN, NAN,,2024/04/22 05:36:49.441,2024-04-22 05:36:49.441000+00:00
2024/04/22, 05:37:49.441,41.523,-70.672, NAN,242.54,340.79,0.01,7.5,7.5,1010.9,1010.9,0.0,0.0,87.88,79.0,67,60,7.9,8.8,51.1,49.9,7.9,8.8,309.5,302.5,1013.0,1013.0,-6.51,268.02,-0.02,0.1964,8.6618,106.2,0.0,1442.209, NAN, NAN, NAN, NAN,,2024/04/22 05:37:49.441,2024-04-22 05:37:49.441000+00:00
2024/04/22, 05:38:49.441,41.523,-70.672, NAN,242.59,239.48,0.01,7.5,7.5,1010.9,1010.9,0.0,0.0,87.88,79.0,78,71,8.4,8.9,50.1,50.8,8.4,8.9,320.6,313.6,1013.0,1013.0,-6.47,267.69,-0.01,0.1964,8.6597,106.2,0.0,1442.2, NAN, NAN, NAN, NAN,,2024/04/22 05:38:49.441,2024-04-22 05:38:49.441000+00:00
2024/04/22, 05:39:49.441,41.523,-70.672, NAN,242.49,237.61,0.01,7.5,7.5,1010.9,1010.9,0.0,0.0,87.88,79.0,69,61,8.9,10.2,50.5,49.0,8.9,10.2,311.5,303.5,1013.0,1013.0,-6.41,267.69,-0.02,0.1964,8.6594,106.2,0.0,1442.199, NAN, NAN, NAN, NAN,,2024/04/22 05:39:49.441,2024-04-22 05:39:49.441000+00:00
2024/04/22, 05:40:49.441,41.523,-70.672, NAN,242.49,77.38,0.01,7.5,7.5,1010.8,1010.8,0.0,0.0,87.88,79.0,64,57,9.4,10.6,48.6,48.8,9.4,10.6,306.5,299.5,1012.9,1012.9,-6.43,267.66,-0.02,0.1964,8.6617,105.6,0.0,1442.208, NAN, NAN, NAN, NAN,,2024/04/22 05:40:49.441,2024-04-22 05:40:49.441000+00:00
2024/04/22, 05:41:49.441,41.523,-70.672, NAN,242.6,224.93,0.01,7.5,7.6,1010.8,1010.8,0.0,0.0,87.88,79.0,78,71,8.3,9.0,48.9,48.6,8.3,9.0,320.6,313.6,1012.9,1012.9,-6.38,267.74,-0.02,0.1963,8.6647,106.2,0.0,1442.22, NAN, NAN, NAN, NAN,,2024/04/22 05:41:49.441,2024-04-22 05:41:49.441000+00:00
2024/04/22, 05:42:49.441,41.523,-70.672, NAN,242.62,23.73,0.02,7.5,7.5,1010.8,1010.8,0.0,0.0,87.88,79.0,83,75,8.3,8.8,48.5,51.1,8.3,8.8,325.6,317.6,1012.9,1012.9,-6.42,267.53,-0.01,0.1963,8.6666,106.2,0.0,1442.228, NAN, NAN, NAN, NAN,,2024/04/22 05:42:49.441,2024-04-22 05:42:49.441000+00:00
2024/04/22, 05:43:49.441,41.523,-70.672, NAN,242.68,189.82,0.01,7.5,7.5,1010.8,1010.9,0.0,0.0,87.88,79.0,65,56,6.5,7.9,51.2,52.2,6.5,7.9,307.7,298.7,1012.9,1013.0,-6.51,267.5,-0.01,0.1963,8.6667,106.4,0.0,1442.229, NAN, NAN, NAN, NAN,,2024/04/22 05:43:49.441,2024-04-22 05:43:49.441000+00:00
2024/04/22, 05:44:49.441,41.523,-70.672, NAN,242.56,13.57,0.01,7.5,7.5,1010.8,1010.9,0.0,0.0,87.88,79.0,76,67,5.1,6.0,52.3,53.6,5.1,6.0,318.5,309.5,1012.9,1013.0,-6.65,267.45,-0.02,0.1963,8.6674,106.2,0.0,1442.231, NAN, NAN, NAN, NAN,,2024/04/22 05:44:49.441,2024-04-22 05:44:49.441000+00:00
2024/04/22, 05:45:49.441,41.523,-70.672, NAN,242.64,33.58,0.01,7.5,7.5,1010.9,1010.8,0.0,0.0,87.88,79.0,82,74,6.7,7.7,54.1,53.1,6.7,7.7,324.6,316.6,1013.0,1012.9,-6.77,267.31,-0.02,0.1963,8.6672,106.2,0.0,1442.231, NAN, NAN, NAN, NAN,,2024/04/22 05:45:49.441,2024-04-22 05:45:49.441000+00:00
2024/04/22, 05:46:49.441,41.523,-70.672, NAN,242.54,355.17,0.01,7.4,7.5,1010.8,1010.8,0.0,0.0,87.88,79.0,67,62,7.7,9.0,52.3,51.6,7.7,9.0,309.5,304.5,1012.9,1012.9,-6.73,267.11,-0.01,0.1963,8.6676,105.9,0.0,1442.232, NAN, NAN, NAN, NAN,,2024/04/22 05:46:49.441,2024-04-22 05:46:49.441000+00:00
2024/04/22, 05:47:49.441,41.523,-70.672, NAN,242.55,339.86,0.0,7.4,7.5,1010.7,1010.8,0.0,0.0,87.88,79.0,73,66,7.5,8.6,51.4,50.0,7.5,8.6,315.6,308.6,1012.8,1012.9,-6.64,267.12,-0.01,0.1962,8.6691,106.2,0.0,1442.238, NAN, NAN, NAN, NAN,,2024/04/22 05:47:49.441,2024-04-22 05:47:49.441000+00:00
2024/04/22, 05:48:49.441,41.523,-70.672, NAN,242.63,196.43,0.0,7.5,7.5,1010.8,1010.9,0.0,0.0,87.88,79.0,71,61,6.5,7.9,50.1,51.3,6.5,7.9,313.6,303.6,1012.9,1013.0,-6.44,267.41,-0.01,0.1962,8.6714,106.2,0.0,1442.248, NAN, NAN, NAN, NAN,,2024/04/22 05:48:49.441,2024-04-22 05:48:49.441000+00:00
2024/04/22, 05:49:49.441,41.523,-70.672, NAN,242.5,55.28,0.01,7.5,7.5,1011.0,1010.9,0.0,0.0,87.88,79.0,66,58,7.8,9.4,51.3,51.0,7.8,9.4,308.5,300.5,1013.1,1013.0,-6.63,266.93,-0.02,0.1962,8.6722,106.4,0.0,1442.251, NAN, NAN, NAN, NAN,,2024/04/22 05:49:49.441,2024-04-22 05:49:49.441000+00:00
2024/04/22, 05:50:49.441,41.523,-70.672, NAN,242.54,343.78,0.01,7.4,7.5,1010.9,1010.9,0.0,0.0,87.88,79.0,66,57,8.4,9.5,51.0,51.0,8.4,9.5,308.5,299.5,1013.0,1013.0,-6.57,267.12,-0.02,0.1962,8.67,106.4,0.0,1442.242, NAN, NAN, NAN, NAN,,2024/04/22 05:50:49.441,2024-04-22 05:50:49.441000+00:00
2024/04/22, 05:51:49.442,41.523,-70.672, NAN,242.54,350.18,0.01,7.4,7.5,1010.9,1011.0,0.0,0.0,87.88,79.0,70,64,8.4,9.6,50.8,51.5,8.4,9.6,312.5,306.5,1013.0,1013.1,-6.54,267.11,-0.02,0.1962,8.6687,106.4,0.0,1442.237, NAN, NAN, NAN, NAN,,2024/04/22 05:51:49.442,2024-04-22 05:51:49.442000+00:00
2024/04/22, 05:52:49.442,41.523,-70.672, NAN,242.59,232.94,0.01,7.4,7.5,1010.8,1010.9,0.0,0.0,87.88,79.0,80,70,8.4,9.2,50.7,50.3,8.4,9.2,322.6,312.6,1012.9,1013.0,-6.45,267.03,-0.02,0.1962,8.6672,105.6,0.0,1442.23, NAN, NAN, NAN, NAN,,2024/04/22 05:52:49.442,2024-04-22 05:52:49.442000+00:00
2024/04/22, 05:53:49.442,41.523,-70.672, NAN,242.54,37.61,0.01,7.4,7.5,1011.0,1010.9,0.0,0.0,87.88,79.0,65,55,8.6,10.2,49.9,49.8,8.6,10.2,307.5,297.5,1013.1,1013.0,-6.45,267.27,-0.01,0.1962,8.666,106.2,0.0,1442.226, NAN, NAN, NAN, NAN,,2024/04/22 05:53:49.442,2024-04-22 05:53:49.442000+00:00
2024/04/22, 05:54:49.442,41.523,-70.672, NAN,242.54,272.54,0.0,7.4,7.4,1011.0,1011.1,0.0,0.0,87.88,79.0,65,56,7.9,9.4,49.6,51.7,7.9,9.4,307.5,298.5,1013.1,1013.2,-6.45,267.4,-0.01,0.1962,8.6664,106.4,0.0,1442.227, NAN, NAN, NAN, NAN,,2024/04/22 05:54:49.442,2024-04-22 05:54:49.442000+00:00
2024/04/22, 05:55:49.442,41.523,-70.672, NAN,242.56,281.57,0.01,7.4,7.4,1011.0,1010.9,0.0,0.0,87.88,79.0,72,64,8.6,9.4,51.7,49.0,8.6,9.4,314.6,306.6,1013.1,1013.0,-6.44,267.72,-0.01,0.1962,8.6682,105.9,0.0,1442.235, NAN, NAN, NAN, NAN,,2024/04/22 05:55:49.442,2024-04-22 05:55:49.442000+00:00
2024/04/22, 05:56:49.442,41.523,-70.672, NAN,242.56,59.93,0.0,7.4,7.4,1011.0,1011.0,0.0,0.0,87.88,79.0,64,60,7.7,8.5,49.3,51.3,7.7,8.5,306.6,302.6,1013.1,1013.1,-6.38,267.81,-0.01,0.1962,8.6714,106.2,0.0,1442.248, NAN, NAN, NAN, NAN,,2024/04/22 05:56:49.442,2024-04-22 05:56:49.442000+00:00
2024/04/22, 05:57:49.442,41.523,-70.672, NAN,242.52,89.23,0.01,7.4,7.4,1011.1,1011.0,0.0,0.0,87.88,79.0,63,53,8.2,9.6,52.0,52.2,8.2,9.6,305.5,295.5,1013.2,1013.1,-6.46,267.54,-0.03,0.1962,8.6742,105.9,0.0,1442.259, NAN, NAN, NAN, NAN,,2024/04/22 05:57:49.442,2024-04-22 05:57:49.442000+00:00
2024/04/22, 05:58:49.442,41.523,-70.672, NAN,242.54,284.6,0.0,7.4,7.4,1011.0,1011.0,0.0,0.0,87.88,79.0,72,65,7.3,8.4,52.2,52.4,7.3,8.4,314.5,307.5,1013.1,1013.1,-6.42,267.1,-0.02,0.1962,8.6744,105.6,0.0,1442.26, NAN, NAN, NAN, NAN,,2024/04/22 05:58:49.442,2024-04-22 05:58:49.442000+00:00
2024/04/22, 05:59:49.442,41.523,-70.672, NAN,242.58,65.44,0.01,7.4,7.4,1011.0,1011.0,0.0,0.0,87.88,79.0,70,63,6.6,7.5,52.6,52.7,6.6,7.5,312.6,305.6,1013.1,1013.1,-6.47,267.26,-0.01,0.1962,8.6722,105.9,0.0,1442.251, NAN, NAN, NAN, NAN,,2024/04/22 05:59:49.442,2024-04-22 05:59:49.442000+00:00
2024/04/22, 06:00:49.442,41.523,-70.672, NAN,242.53,101.53,0.01,7.4,7.4,1011.0,1011.0,0.0,0.0,87.88,79.0,71,63,6.5,8.2,53.3,52.8,6.5,8.2,313.5,305.5,1013.1,1013.1,-6.46,267.15,-0.01,0.1962,8.6725,105.9,0.0,1442.252, NAN, NAN, NAN, NAN,,2024/04/22 06:00:49.442,2024-04-22 06:00:49.442000+00:00
2024/04/22, 06:01:49.442,41.523,-70.672, NAN,242.63,237.37,0.01,7.4,7.4,1010.8,1011.0,0.0,0.0,87.88,79.0,69,62,6.9,8.2,52.7,51.3,6.9,8.2,311.7,304.7,1012.9,1013.1,-6.51,266.86,-0.02,0.1962,8.6736,105.9,0.0,1442.257, NAN, NAN, NAN, NAN,,2024/04/22 06:01:49.442,2024-04-22 06:01:49.442000+00:00
2024/04/22, 06:02:49.442,41.523,-70.672, NAN,242.5,341.4,0.01,7.3,7.4,1011.0,1010.9,0.0,0.0,87.88,79.0,73,65,7.6,8.6,51.6,52.5,7.6,8.6,315.5,307.5,1013.1,1013.0,-6.63,267.17,-0.01,0.1962,8.6736,105.9,0.0,1442.257, NAN, NAN, NAN, NAN,,2024/04/22 06:02:49.442,2024-04-22 06:02:49.442000+00:00
2024/04/22, 06:03:49.442,41.523,-70.672, NAN,242.57,163.66,0.01,7.3,7.4,1010.9,1011.0,0.0,0.0,87.88,79.0,67,60,7.7,9.1,52.2,51.5,7.7,9.1,309.5,302.6,1013.0,1013.1,-6.59,267.33,-0.01,0.1962,8.6747,105.6,0.0,1442.261, NAN, NAN, NAN, NAN,,2024/04/22 06:03:49.442,2024-04-22 06:03:49.442000+00:00
2024/04/22, 06:04:49.442,41.523,-70.672, NAN,242.59,231.67,0.0,7.3,7.3,1011.0,1010.9,0.0,0.0,87.88,79.0,73,63,6.1,7.4,52.3,53.0,6.1,7.4,315.6,305.6,1013.1,1013.0,-6.51,267.39,-0.01,0.1962,8.6759,106.2,0.0,1442.266, NAN, NAN, NAN, NAN,,2024/04/22 06:04:49.442,2024-04-22 06:04:49.442000+00:00
2024/04/22, 06:05:49.442,41.523,-70.672, NAN,242.63,241.55,0.0,7.3,7.3,1011.0,1011.0,0.0,0.0,87.88,79.0,66,60,6.7,7.8,52.9,53.7,6.7,7.8,308.6,302.6,1013.1,1013.1,-6.54,267.12,-0.01,0.1962,8.6772,105.6,0.0,1442.271, NAN, NAN, NAN, NAN,,2024/04/22 06:05:49.442,2024-04-22 06:05:49.442000+00:00
2024/04/22, 06:06:49.442,41.523,-70.672, NAN,242.59,205.09,0.0,7.3,7.3,1011.0,1010.9,0.0,0.0,87.88,79.0,82,76,7.2,8.0,54.1,53.7,7.2,8.0,324.6,318.6,1013.1,1013.0,-6.67,266.68,-0.01,0.1962,8.6777,105.9,0.0,1442.274, NAN, NAN, NAN, NAN,,2024/04/22 06:06:49.442,2024-04-22 06:06:49.442000+00:00
2024/04/22, 06:07:49.443,41.523,-70.672, NAN,242.54,355.62,0.0,7.3,7.3,1011.0,1010.9,0.0,0.0,87.88,79.0,74,64,8.3,9.6,53.7,52.1,8.3,9.6,316.5,306.5,1013.1,1013.0,-6.65,267.09,-0.02,0.1962,8.6783,105.9,0.0,1442.276, NAN, NAN, NAN, NAN,,2024/04/22 06:07:49.443,2024-04-22 06:07:49.443000+00:00
2024/04/22, 06:08:49.443,41.523,-70.672, NAN,242.56,209.32,0.01,7.3,7.3,1011.1,1010.9,0.0,0.0,87.88,79.0,65,57,7.4,9.0,52.3,51.9,7.4,9.0,307.6,299.6,1013.2,1013.0,-6.63,266.59,-0.02,0.1962,8.6795,105.6,0.0,1442.281, NAN, NAN, NAN, NAN,,2024/04/22 06:08:49.443,2024-04-22 06:08:49.443000+00:00
2024/04/22, 06:09:49.443,41.523,-70.672, NAN,242.54,208.28,0.01,7.3,7.3,1011.0,1010.9,0.0,0.0,87.88,79.0,81,70,7.2,8.0,52.1,51.0,7.2,8.0,323.6,312.6,1013.1,1013.0,-6.59,266.5,-0.01,0.1962,8.6816,105.6,0.0,1442.29, NAN, NAN, NAN, NAN,,2024/04/22 06:09:49.443,2024-04-22 06:09:49.443000+00:00
2024/04/22, 06:10:49.443,41.523,-70.672, NAN,242.55,193.4,0.01,7.3,7.3,1011.0,1010.9,0.0,0.0,87.88,79.0,69,60,7.4,8.8,50.6,50.5,7.4,8.8,311.6,302.6,1013.1,1013.0,-6.56,266.59,-0.02,0.1962,8.6842,106.4,0.0,1442.3, NAN, NAN, NAN, NAN,,2024/04/22 06:10:49.443,2024-04-22 06:10:49.443000+00:00
2024/04/22, 06:11:49.443,41.523,-70.672, NAN,242.54,154.72,0.01,7.3,7.3,1011.0,1010.9,0.0,0.0,87.88,79.0,70,62,8.1,9.2,51.1,53.6,8.1,9.2,312.5,304.5,1013.1,1013.0,-6.54,266.7,-0.02,0.1962,8.6852,105.6,0.0,1442.304, NAN, NAN, NAN, NAN,,2024/04/22 06:11:49.443,2024-04-22 06:11:49.443000+00:00
2024/04/22, 06:12:49.443,41.523,-70.672, NAN,242.56,293.69,0.0,7.3,7.3,1011.0,1011.0,0.0,0.0,87.88,79.0,66,60,6.8,8.3,51.2,51.7,6.8,8.3,308.6,302.6,1013.1,1013.1,-6.53,266.23,-0.02,0.1962,8.6869,105.9,0.0,1442.311, NAN, NAN, NAN, NAN,,2024/04/22 06:12:49.443,2024-04-22 06:12:49.443000+00:00
2024/04/22, 06:13:49.443,41.523,-70.672, NAN,242.55,271.48,0.0,7.3,7.3,1011.0,1011.0,0.0,0.0,87.88,79.0,66,58,6.4,7.6,51.8,51.7,6.4,7.6,308.6,300.6,1013.1,1013.1,-6.48,266.39,-0.02,0.1962,8.6876,106.2,0.0,1442.314, NAN, NAN, NAN, NAN,,2024/04/22 06:13:49.443,2024-04-22 06:13:49.443000+00:00
2024/04/22, 06:14:49.443,41.523,-70.672, NAN,242.54,71.58,0.01,7.2,7.3,1011.0,1011.0,0.0,0.0,87.88,79.0,69,61,7.2,8.4,52.0,52.9,7.2,8.4,311.5,303.5,1013.1,1013.1,-6.53,266.57,-0.02,0.1963,8.6881,105.9,0.0,1442.316, NAN, NAN, NAN, NAN,,2024/04/22 06:14:49.443,2024-04-22 06:14:49.443000+00:00
2024/04/22, 06:15:49.443,41.523,-70.672, NAN,242.59,291.36,0.0,7.3,7.3,1011.0,1011.0,0.0,0.0,87.88,79.0,77,68,6.4,7.3,52.8,52.6,6.4,7.3,319.6,310.6,1013.1,1013.1,-6.51,265.97,-0.02,0.1963,8.6885,105.9,0.0,1442.318, NAN, NAN, NAN, NAN,,2024/04/22 06:15:49.443,2024-04-22 06:15:49.443000+00:00
2024/04/22, 06:16:49.443,41.523,-70.672, NAN,242.55,179.6,0.01,7.2,7.3,1011.1,1011.0,0.0,0.0,87.88,79.0,79,70,5.3,6.4,52.7,53.5,5.3,6.4,321.6,312.6,1013.2,1013.1,-6.57,266.0,-0.02,0.1963,8.6901,105.9,0.0,1442.324, NAN, NAN, NAN, NAN,,2024/04/22 06:16:49.443,2024-04-22 06:16:49.443000+00:00
2024/04/22, 06:17:49.443,41.523,-70.672, NAN,242.54,72.38,0.0,7.2,7.3,1011.1,1011.1,0.0,0.0,87.88,79.0,68,59,7.4,8.6,53.8,53.1,7.4,8.6,310.5,301.5,1013.2,1013.2,-6.71,266.51,-0.02,0.1963,8.6911,105.9,0.0,1442.329, NAN, NAN, NAN, NAN,,2024/04/22 06:17:49.443,2024-04-22 06:17:49.443000+00:00
2024/04/22, 06:18:49.443,41.523,-70.672, NAN,242.54,29.89,0.0,7.2,7.3,1011.0,1011.0,0.0,0.0,87.88,79.0,71,64,7.3,8.6,53.1,54.1,7.3,8.6,313.5,306.5,1013.1,1013.1,-6.58,266.1,-0.02,0.1963,8.6902,105.9,0.0,1442.325, NAN, NAN, NAN, NAN,,2024/04/22 06:18:49.443,2024-04-22 06:18:49.443000+00:00
2024/04/22, 06:19:49.443,41.523,-70.672, NAN,242.59,231.64,0.01,7.2,7.3,1010.9,1011.0,0.0,0.0,87.88,79.0,73,67,6.8,7.8,54.0,53.3,6.8,7.8,315.6,309.6,1013.0,1013.1,-6.61,265.8,-0.02,0.1963,8.6868,105.9,0.0,1442.311, NAN, NAN, NAN, NAN,,2024/04/22 06:19:49.443,2024-04-22 06:19:49.443000+00:00
2024/04/22, 06:20:49.443,41.523,-70.672, NAN,242.63,90.36,0.01,7.2,7.3,1011.0,1010.9,0.0,0.0,87.88,79.0,78,68,6.1,7.0,53.2,52.9,6.1,7.0,320.6,310.6,1013.1,1013.0,-6.65,265.88,-0.02,0.1963,8.6839,105.2,0.0,1442.299, NAN, NAN, NAN, NAN,,2024/04/22 06:20:49.443,2024-04-22 06:20:49.443000+00:00
2024/04/22, 06:21:49.443,41.523,-70.672, NAN,242.54,230.82,0.0,7.2,7.3,1011.1,1010.9,0.0,0.0,87.88,79.0,72,64,7.7,9.1,52.8,53.2,7.7,9.1,314.5,306.5,1013.2,1013.0,-6.64,265.66,-0.01,0.1963,8.6841,105.6,0.0,1442.3, NAN, NAN, NAN, NAN,,2024/04/22 06:21:49.443,2024-04-22 06:21:49.443000+00:00
2024/04/22, 06:22:49.443,41.523,-70.672, NAN,242.59,163.43,0.0,7.2,7.3,1010.9,1011.0,0.0,0.0,87.88,79.0,74,64,5.9,7.4,52.9,52.9,5.9,7.4,316.6,306.6,1013.0,1013.1,-6.64,265.81,-0.02,0.1963,8.6842,105.2,0.0,1442.3, NAN, NAN, NAN, NAN,,2024/04/22 06:22:49.443,2024-04-22 06:22:49.443000+00:00
2024/04/22, 06:23:49.444,41.523,-70.672, NAN,242.59,190.93,0.01,7.2,7.3,1011.0,1011.0,0.0,0.0,87.88,79.0,68,61,7.3,8.3,52.7,53.1,7.3,8.3,310.6,303.6,1013.1,1013.1,-6.6,265.92,-0.02,0.1963,8.6849,105.2,0.0,1442.303, NAN, NAN, NAN, NAN,,2024/04/22 06:23:49.444,2024-04-22 06:23:49.444000+00:00
2024/04/22, 06:24:49.444,41.523,-70.672, NAN,242.54,304.05,0.0,7.2,7.3,1011.1,1010.9,0.0,0.0,87.88,79.0,66,59,7.7,9.4,53.3,52.9,7.7,9.4,308.5,301.5,1013.2,1013.0,-6.55,266.0,-0.02,0.1963,8.6866,104.9,0.0,1442.31, NAN, NAN, NAN, NAN,,2024/04/22 06:24:49.444,2024-04-22 06:24:49.444000+00:00
2024/04/22, 06:25:49.444,41.523,-70.672, NAN,242.58,66.31,0.01,7.2,7.3,1011.0,1010.9,0.0,0.0,87.88,79.0,62,55,8.8,10.2,53.0,54.0,8.8,10.2,304.6,297.6,1013.1,1013.0,-6.5,265.99,-0.01,0.1963,8.689,105.9,0.0,1442.32, NAN, NAN, NAN, NAN,,2024/04/22 06:25:49.444,2024-04-22 06:25:49.444000+00:00
2024/04/22, 06:26:49.444,41.523,-70.672, NAN,242.67,261.23,0.01,7.2,7.3,1010.9,1010.9,0.0,0.0,87.88,79.0,76,69,7.0,7.9,53.9,53.9,7.0,7.9,318.7,311.7,1013.0,1013.0,-6.48,265.56,-0.01,0.1963,8.6908,105.6,0.0,1442.327, NAN, NAN, NAN, NAN,,2024/04/22 06:26:49.444,2024-04-22 06:26:49.444000+00:00
2024/04/22, 06:27:49.444,41.523,-70.672, NAN,242.5,233.12,0.01,7.2,7.2,1011.0,1010.9,0.0,0.0,87.88,79.0,72,63,7.2,8.7,53.4,51.2,7.2,8.7,314.5,305.5,1013.1,1013.0,-6.45,265.47,-0.01,0.1963,8.6923,105.2,0.0,1442.334, NAN, NAN, NAN, NAN,,2024/04/22 06:27:49.444,2024-04-22 06:27:49.444000+00:00
2024/04/22, 06:28:49.444,41.523,-70.672, NAN,242.54,62.27,0.02,7.2,7.2,1010.9,1010.9,0.0,0.0,87.88,79.0,69,61,8.4,9.6,51.4,52.5,8.4,9.6,311.5,303.5,1013.0,1013.0,-6.45,265.49,-0.02,0.1963,8.6917,105.2,0.0,1442.331, NAN, NAN, NAN, NAN,,2024/04/22 06:28:49.444,2024-04-22 06:28:49.444000+00:00
2024/04/22, 06:29:49.444,41.523,-70.672, NAN,242.55,340.77,0.0,7.2,7.2,1010.9,1010.9,0.0,0.0,87.88,79.0,67,60,9.0,10.1,51.8,49.6,9.0,10.1,309.6,302.6,1013.0,1013.0,-6.41,265.51,-0.01,0.1964,8.6904,105.2,0.0,1442.326, NAN, NAN, NAN, NAN,,2024/04/22 06:29:49.444,2024-04-22 06:29:49.444000+00:00
2024/04/22, 06:30:49.444,41.523,-70.672, NAN,242.54,254.66,0.01,7.2,7.2,1010.8,1010.9,0.0,0.0,87.88,79.0,67,59,8.5,9.6,49.5,50.0,8.5,9.6,309.6,301.6,1012.9,1013.0,-6.38,265.54,-0.01,0.1964,8.69,104.9,0.0,1442.324, NAN, NAN, NAN, NAN,,2024/04/22 06:30:49.444,2024-04-22 06:30:49.444000+00:00
2024/04/22, 06:31:49.444,41.523,-70.672, NAN,242.54,337.21,0.0,7.2,7.2,1010.9,1010.9,0.0,0.0,87.88,79.0,68,65,8.2,9.2,50.2,52.0,8.2,9.2,310.5,307.5,1013.0,1013.0,-6.38,265.2,-0.02,0.1963,8.6873,105.9,0.0,1442.313, NAN, NAN, NAN, NAN,,2024/04/22 06:31:49.444,2024-04-22 06:31:49.444000+00:00
2024/04/22, 06:32:49.444,41.523,-70.672, NAN,242.54,315.02,0.0,7.2,7.2,1010.8,1010.9,0.0,0.0,87.88,79.0,72,66,7.7,8.6,52.0,51.3,7.7,8.6,314.5,308.5,1012.9,1013.0,-6.34,265.16,-0.02,0.1964,8.6872,104.6,0.0,1442.313, NAN, NAN, NAN, NAN,,2024/04/22 06:32:49.444,2024-04-22 06:32:49.444000+00:00
2024/04/22, 06:33:49.444,41.523,-70.672, NAN,242.54,250.58,0.01,7.1,7.2,1010.8,1010.9,0.0,0.0,87.88,79.0,68,60,8.6,10.5,51.2,50.8,8.6,10.5,310.6,302.6,1012.9,1013.0,-6.45,265.45,-0.01,0.1964,8.6849,105.2,0.0,1442.303, NAN, NAN, NAN, NAN,,2024/04/22 06:33:49.444,2024-04-22 06:33:49.444000+00:00
2024/04/22, 06:34:49.444,41.523,-70.672, NAN,242.54,212.35,0.01,7.1,7.2,1010.8,1010.9,0.0,0.0,87.88,79.0,65,58,7.0,8.3,50.4,50.2,7.0,8.3,307.6,300.6,1012.9,1013.0,-6.39,265.41,-0.01,0.1964,8.682,104.9,0.0,1442.291, NAN, NAN, NAN, NAN,,2024/04/22 06:34:49.444,2024-04-22 06:34:49.444000+00:00
2024/04/22, 06:35:49.444,41.523,-70.672, NAN,242.56,353.0,0.01,7.1,7.2,1010.9,1010.9,0.0,0.0,87.88,79.0,66,58,7.9,9.5,50.7,50.8,7.9,9.5,308.5,300.6,1013.0,1013.0,-6.44,265.19,-0.01,0.1964,8.675,105.9,0.0,1442.263, NAN, NAN, NAN, NAN,,2024/04/22 06:35:49.444,2024-04-22 06:35:49.444000+00:00
2024/04/22, 06:36:49.444,41.523,-70.672, NAN,242.57,285.53,0.01,7.1,7.2,1010.8,1010.9,0.0,0.0,87.88,79.0,65,55,6.4,8.2,51.0,52.6,6.4,8.2,307.5,297.5,1012.9,1013.0,-6.47,265.17,-0.02,0.1964,8.6706,105.6,0.0,1442.245, NAN, NAN, NAN, NAN,,2024/04/22 06:36:49.444,2024-04-22 06:36:49.444000+00:00
2024/04/22, 06:37:49.444,41.523,-70.672, NAN,242.59,144.89,0.01,7.1,7.1,1011.0,1010.9,0.0,0.0,87.88,79.0,63,56,6.9,8.2,52.8,52.0,6.9,8.2,305.5,298.6,1013.1,1013.0,-6.59,265.5,-0.02,0.1964,8.6687,105.6,0.0,1442.237, NAN, NAN, NAN, NAN,,2024/04/22 06:37:49.444,2024-04-22 06:37:49.444000+00:00
2024/04/22, 06:38:49.445,41.523,-70.672, NAN,242.56,348.05,0.0,7.1,7.1,1011.0,1010.9,0.0,0.0,87.88,79.0,66,57,7.7,9.4,52.6,54.9,7.7,9.4,308.6,299.6,1013.1,1013.0,-6.59,265.53,-0.03,0.1964,8.6684,105.2,0.0,1442.236, NAN, NAN, NAN, NAN,,2024/04/22 06:38:49.445,2024-04-22 06:38:49.445000+00:00
2024/04/22, 06:39:49.445,41.523,-70.672, NAN,242.59,333.68,0.0,7.1,7.2,1010.8,1010.9,0.0,0.0,87.88,79.0,69,63,7.1,8.3,54.5,54.5,7.1,8.3,311.6,305.6,1012.9,1013.0,-6.48,265.46,-0.02,0.1964,8.6682,104.9,0.0,1442.235, NAN, NAN, NAN, NAN,,2024/04/22 06:39:49.445,2024-04-22 06:39:49.445000+00:00
2024/04/22, 06:40:49.445,41.523,-70.672, NAN,242.56,334.01,0.01,7.1,7.2,1010.8,1010.9,0.0,0.0,87.88,79.0,67,58,7.4,8.7,55.0,53.7,7.4,8.7,309.6,300.6,1012.9,1013.0,-6.51,265.5,-0.02,0.1964,8.6678,105.2,0.0,1442.233, NAN, NAN, NAN, NAN,,2024/04/22 06:40:49.445,2024-04-22 06:40:49.445000+00:00
2024/04/22, 06:41:49.445,41.523,-70.672, NAN,242.55,53.36,0.01,7.1,7.2,1011.0,1010.9,0.0,0.0,87.88,79.0,67,57,8.1,9.4,53.9,54.1,8.1,9.4,309.5,299.5,1013.1,1013.0,-6.53,265.6,-0.02,0.1964,8.6685,104.9,0.0,1442.236, NAN, NAN, NAN, NAN,,2024/04/22 06:41:49.445,2024-04-22 06:41:49.445000+00:00
2024/04/22, 06:42:49.445,41.523,-70.672, NAN,242.56,167.97,0.0,7.1,7.2,1011.0,1010.9,0.0,0.0,87.88,79.0,65,57,8.6,10.1,54.1,52.9,8.6,10.1,307.6,299.6,1013.1,1013.0,-6.5,265.21,-0.02,0.1964,8.669,104.6,0.0,1442.238, NAN, NAN, NAN, NAN,,2024/04/22 06:42:49.445,2024-04-22 06:42:49.445000+00:00
2024/04/22, 06:43:49.445,41.523,-70.672, NAN,242.55,47.82,0.01,7.1,7.2,1011.0,1010.9,0.0,0.0,87.88,79.0,66,58,7.6,9.3,54.3,53.2,7.6,9.3,308.5,300.5,1013.1,1013.0,-6.47,265.21,-0.01,0.1964,8.6675,105.2,0.0,1442.232, NAN, NAN, NAN, NAN,,2024/04/22 06:43:49.445,2024-04-22 06:43:49.445000+00:00
2024/04/22, 06:44:49.445,41.523,-70.672, NAN,242.54,12.63,0.01,7.1,7.2,1010.9,1010.9,0.0,0.0,87.88,79.0,69,60,6.5,7.9,53.2,53.8,6.5,7.9,311.5,302.5,1013.0,1013.0,-6.48,265.08,-0.02,0.1964,8.666,104.6,0.0,1442.226, NAN, NAN, NAN, NAN,,2024/04/22 06:44:49.445,2024-04-22 06:44:49.445000+00:00
2024/04/22, 06:45:49.445,41.523,-70.672, NAN,242.55,298.4,0.01,7.1,7.2,1010.9,1010.8,0.0,0.0,87.88,79.0,70,62,8.0,9.0,53.7,54.6,8.0,9.0,312.6,304.6,1013.0,1012.9,-6.48,265.2,-0.01,0.1964,8.6636,105.2,0.0,1442.216, NAN, NAN, NAN, NAN,,2024/04/22 06:45:49.445,2024-04-22 06:45:49.445000+00:00
2024/04/22, 06:46:49.445,41.523,-70.672, NAN,242.56,123.97,0.01,7.1,7.2,1010.8,1010.8,0.0,0.0,87.88,79.0,66,57,6.7,8.0,54.4,52.7,6.7,8.0,308.5,299.5,1012.9,1012.9,-6.47,264.84,-0.02,0.1965,8.6605,105.2,0.0,1442.203, NAN, NAN, NAN, NAN,,2024/04/22 06:46:49.445,2024-04-22 06:46:49.445000+00:00
2024/04/22, 06:47:49.445,41.523,-70.672, NAN,242.59,317.25,0.01,7.1,7.1,1010.8,1010.8,0.0,0.0,87.88,79.0,69,63,7.8,8.9,53.1,52.5,7.8,8.9,311.6,305.6,1012.9,1012.9,-6.53,264.94,-0.02,0.1965,8.6589,104.9,0.0,1442.197, NAN, NAN, NAN, NAN,,2024/04/22 06:47:49.445,2024-04-22 06:47:49.445000+00:00
2024/04/22, 06:48:49.445,41.523,-70.672, NAN,242.6,232.13,0.01,7.1,7.1,1010.8,1010.8,0.0,0.0,87.88,79.0,68,59,6.4,7.7,52.3,52.3,6.4,7.7,310.6,301.6,1012.9,1012.9,-6.48,264.88,-0.02,0.1965,8.6567,105.9,0.0,1442.188, NAN, NAN, NAN, NAN,,2024/04/22 06:48:49.445,2024-04-22 06:48:49.445000+00:00
2024/04/22, 06:49:49.445,41.523,-70.672, NAN,242.58,286.55,0.02,7.1,7.1,1010.8,1010.8,0.0,0.0,87.88,79.0,70,62,6.0,7.2,52.7,54.3,6.0,7.2,312.6,304.6,1012.9,1012.9,-6.52,264.67,-0.02,0.1965,8.6566,104.9,0.0,1442.187, NAN, NAN, NAN, NAN,,2024/04/22 06:49:49.445,2024-04-22 06:49:49.445000+00:00
2024/04/22, 06:50:49.445,41.523,-70.672, NAN,242.58,75.64,0.01,7.1,7.1,1010.8,1010.8,0.0,0.0,87.88,79.0,76,66,7.3,8.4,54.5,54.1,7.3,8.4,318.5,308.6,1012.9,1012.9,-6.65,264.73,-0.02,0.1965,8.6565,104.6,0.0,1442.187, NAN, NAN, NAN, NAN,,2024/04/22 06:50:49.445,2024-04-22 06:50:49.445000+00:00
2024/04/22, 06:51:49.445,41.523,-70.672, NAN,242.59,78.79,0.0,7.1,7.1,1010.8,1010.8,0.0,0.0,87.88,79.0,61,54,7.6,9.6,53.1,52.4,7.6,9.6,303.6,296.6,1012.9,1012.9,-6.56,264.88,-0.02,0.1965,8.6575,105.2,0.0,1442.191, NAN, NAN, NAN, NAN,,2024/04/22 06:51:49.445,2024-04-22 06:51:49.445000+00:00
2024/04/22, 06:52:49.445,41.523,-70.672, NAN,242.54,68.56,0.01,7.1,7.1,1010.8,1010.8,0.0,0.0,87.88,79.0,64,57,7.5,9.1,52.6,52.9,7.5,9.1,306.5,299.5,1012.9,1012.9,-6.63,264.72,-0.01,0.1965,8.66,104.9,0.0,1442.201, NAN, NAN, NAN, NAN,,2024/04/22 06:52:49.445,2024-04-22 06:52:49.445000+00:00
2024/04/22, 06:53:49.445,41.523,-70.672, NAN,242.54,215.71,0.01,7.1,7.1,1010.8,1010.8,0.0,0.0,87.88,79.0,64,58,9.2,10.4,52.6,50.7,9.2,10.4,306.6,300.6,1012.9,1012.9,-6.57,264.84,-0.02,0.1965,8.6617,105.2,0.0,1442.208, NAN, NAN, NAN, NAN,,2024/04/22 06:53:49.445,2024-04-22 06:53:49.445000+00:00
2024/04/22, 06:54:49.445,41.523,-70.672, NAN,242.54,171.17,0.01,7.1,7.1,1010.8,1010.8,0.0,0.0,87.88,79.0,60,51,7.5,9.3,50.4,50.5,7.5,9.3,302.6,293.6,1012.9,1012.9,-6.48,265.11,-0.02,0.1965,8.6631,105.2,0.0,1442.214, NAN, NAN, NAN, NAN,,2024/04/22 06:54:49.445,2024-04-22 06:54:49.445000+00:00
2024/04/22, 06:55:49.446,41.523,-70.672, NAN,242.54,86.21,0.01,7.1,7.1,1010.8,1010.9,0.0,0.0,87.88,79.0,72,65,7.7,8.8,52.4,53.8,7.7,8.8,314.5,307.5,1012.9,1013.0,-6.49,264.99,-0.02,0.1965,8.6653,104.9,0.0,1442.223, NAN, NAN, NAN, NAN,,2024/04/22 06:55:49.446,2024-04-22 06:55:49.446000+00:00
2024/04/22, 06:56:49.446,41.523,-70.672, NAN,242.59,69.96,0.0,7.1,7.2,1010.8,1010.8,0.0,0.0,87.88,79.0,66,59,7.8,9.8,53.6,54.0,7.8,9.8,308.6,301.6,1012.9,1012.9,-6.42,265.28,-0.02,0.1965,8.6686,106.2,0.0,1442.237, NAN, NAN, NAN, NAN,,2024/04/22 06:56:49.446,2024-04-22 06:56:49.446000+00:00
2024/04/22, 06:57:49.446,41.523,-70.672, NAN,242.56,322.09,0.01,7.1,7.2,1010.8,1010.8,0.0,0.0,87.88,79.0,62,54,8.1,10.0,53.4,51.9,8.1,10.0,304.6,296.6,1012.9,1012.9,-6.45,264.98,-0.02,0.1965,8.6714,105.6,0.0,1442.248, NAN, NAN, NAN, NAN,,2024/04/22 06:57:49.446,2024-04-22 06:57:49.446000+00:00
2024/04/22, 06:58:49.446,41.523,-70.672, NAN,242.5,225.2,0.01,7.2,7.2,1010.9,1010.8,0.0,0.0,87.88,79.0,60,54,7.9,9.5,51.7,51.1,7.9,9.5,302.5,296.5,1013.0,1012.9,-6.35,265.18,-0.02,0.1965,8.6743,104.9,0.0,1442.26, NAN, NAN, NAN, NAN,,2024/04/22 06:58:49.446,2024-04-22 06:58:49.446000+00:00
2024/04/22, 06:59:49.446,41.523,-70.672, NAN,242.63,135.65,0.0,7.2,7.2,1010.8,1010.9,0.0,0.0,87.88,79.0,72,66,7.6,8.5,51.9,52.8,7.6,8.5,314.6,308.6,1012.9,1013.0,-6.39,265.12,-0.02,0.1966,8.6758,104.9,0.0,1442.266, NAN, NAN, NAN, NAN,,2024/04/22 06:59:49.446,2024-04-22 06:59:49.446000+00:00
2024/04/22, 07:00:49.446,41.523,-70.672, NAN,242.54,19.11,0.0,7.2,7.3,1010.8,1010.8,0.0,0.0,87.88,79.0,60,55,8.8,10.3,52.2,52.9,8.8,10.3,302.5,297.5,1012.9,1012.9,-6.38,265.19,-0.02,0.1966,8.6774,104.9,0.0,1442.273, NAN, NAN, NAN, NAN,,2024/04/22 07:00:49.446,2024-04-22 07:00:49.446000+00:00
2024/04/22, 07:01:49.446,41.523,-70.672, NAN,242.54,188.1,0.0,7.2,7.3,1010.8,1010.8,0.0,0.0,87.88,79.0,71,62,7.7,9.0,52.6,53.1,7.7,9.0,313.5,304.5,1012.9,1012.9,-6.36,265.01,-0.02,0.1966,8.6786,104.6,0.0,1442.278, NAN, NAN, NAN, NAN,,2024/04/22 07:01:49.446,2024-04-22 07:01:49.446000+00:00
2024/04/22, 07:02:49.446,41.523,-70.672, NAN,242.57,38.58,0.01,7.2,7.3,1010.9,1010.8,0.0,0.0,87.88,79.0,74,67,7.8,8.7,52.8,52.8,7.8,8.7,316.5,309.5,1013.0,1012.9,-6.43,264.82,-0.02,0.1966,8.6799,104.9,0.0,1442.283, NAN, NAN, NAN, NAN,,2024/04/22 07:02:49.446,2024-04-22 07:02:49.446000+00:00
2024/04/22, 07:03:49.446,41.523,-70.672, NAN,242.59,259.93,0.01,7.2,7.2,1010.8,1010.9,0.0,0.0,87.88,79.0,71,64,7.4,8.7,52.6,51.6,7.4,8.7,313.6,306.6,1012.9,1013.0,-6.41,264.93,-0.03,0.1965,8.6812,105.2,0.0,1442.288, NAN, NAN, NAN, NAN,,2024/04/22 07:03:49.446,2024-04-22 07:03:49.446000+00:00
2024/04/22, 07:04:49.446,41.523,-70.672, NAN,242.54,135.18,0.0,7.2,7.2,1010.9,1010.9,0.0,0.0,87.88,79.0,66,58,7.1,8.5,51.5,52.2,7.1,8.5,308.5,300.5,1013.0,1013.0,-6.44,265.03,-0.02,0.1966,8.6819,104.0,0.0,1442.291, NAN, NAN, NAN, NAN,,2024/04/22 07:04:49.446,2024-04-22 07:04:49.446000+00:00
2024/04/22, 07:05:49.446,41.523,-70.672, NAN,242.53,326.08,0.01,7.2,7.2,1010.8,1010.9,0.0,0.0,87.88,79.0,75,67,6.5,7.6,52.5,53.1,6.5,7.6,317.5,309.5,1012.9,1013.0,-6.45,265.07,-0.02,0.1966,8.6837,104.9,0.0,1442.299, NAN, NAN, NAN, NAN,,2024/04/22 07:05:49.446,2024-04-22 07:05:49.446000+00:00
2024/04/22, 07:06:49.446,41.523,-70.672, NAN,242.54,305.12,0.0,7.2,7.2,1010.9,1010.8,0.0,0.0,87.88,79.0,75,67,8.7,9.7,53.3,52.5,8.7,9.7,317.5,309.5,1013.0,1012.9,-6.48,265.43,-0.02,0.1966,8.685,104.6,0.0,1442.304, NAN, NAN, NAN, NAN,,2024/04/22 07:06:49.446,2024-04-22 07:06:49.446000+00:00
2024/04/22, 07:07:49.446,41.523,-70.672, NAN,242.59,12.61,0.01,7.2,7.2,1010.8,1010.9,0.0,0.0,87.88,79.0,72,63,7.3,8.8,52.4,53.4,7.3,8.8,314.5,305.6,1012.9,1013.0,-6.47,265.73,-0.02,0.1966,8.6855,104.4,0.0,1442.306, NAN, NAN, NAN, NAN,,2024/04/22 07:07:49.446,2024-04-22 07:07:49.446000+00:00
2024/04/22, 07:08:49.446,41.523,-70.672, NAN,242.59,308.36,0.01,7.2,7.2,1010.9,1010.9,0.0,0.0,87.88,79.0,71,63,7.2,8.6,53.2,54.8,7.2,8.6,313.6,305.6,1013.0,1013.0,-6.59,265.41,-0.02,0.1966,8.6851,104.9,0.0,1442.304, NAN, NAN, NAN, NAN,,2024/04/22 07:08:49.446,2024-04-22 07:08:49.446000+00:00
2024/04/22, 07:09:49.446,41.523,-70.672, NAN,242.54,86.79,0.01,7.2,7.2,1010.8,1010.9,0.0,0.0,87.88,79.0,69,59,7.4,8.8,54.5,52.3,7.4,8.8,311.6,301.6,1012.9,1013.0,-6.5,265.67,-0.01,0.1966,8.6857,104.6,0.0,1442.307, NAN, NAN, NAN, NAN,,2024/04/22 07:09:49.446,2024-04-22 07:09:49.446000+00:00
2024/04/22, 07:10:49.446,41.523,-70.672, NAN,242.56,35.91,0.0,7.2,7.2,1010.9,1010.9,0.0,0.0,87.88,79.0,66,57,7.0,8.7,52.4,53.1,7.0,8.7,308.6,299.6,1013.0,1013.0,-6.49,265.73,-0.02,0.1966,8.6852,104.6,0.0,1442.305, NAN, NAN, NAN, NAN,,2024/04/22 07:10:49.446,2024-04-22 07:10:49.446000+00:00
2024/04/22, 07:11:49.447,41.523,-70.672, NAN,242.54,167.29,0.0,7.2,7.2,1011.0,1010.9,0.0,0.0,87.88,79.0,73,64,7.9,9.3,53.4,52.5,7.9,9.3,315.5,306.5,1013.1,1013.0,-6.53,265.88,-0.02,0.1966,8.6833,104.9,0.0,1442.297, NAN, NAN, NAN, NAN,,2024/04/22 07:11:49.447,2024-04-22 07:11:49.447000+00:00
2024/04/22, 07:12:49.447,41.523,-70.672, NAN,242.57,232.9,0.01,7.2,7.2,1010.9,1010.9,0.0,0.0,87.88,79.0,65,57,8.8,10.2,51.9,52.1,8.8,10.2,307.6,299.6,1013.0,1013.0,-6.45,265.93,-0.02,0.1966,8.6806,105.2,0.0,1442.286, NAN, NAN, NAN, NAN,,2024/04/22 07:12:49.447,2024-04-22 07:12:49.447000+00:00
2024/04/22, 07:13:49.447,41.523,-70.672, NAN,242.6,17.92,0.0,7.2,7.2,1010.8,1011.0,0.0,0.0,87.88,79.0,63,58,7.1,7.8,51.7,54.4,7.1,7.8,305.6,300.6,1012.9,1013.1,-6.47,265.63,-0.02,0.1966,8.6788,105.2,0.0,1442.279, NAN, NAN, NAN, NAN,,2024/04/22 07:13:49.447,2024-04-22 07:13:49.447000+00:00
2024/04/22, 07:14:49.447,41.523,-70.672, NAN,242.6,329.41,0.01,7.2,7.2,1011.0,1010.9,0.0,0.0,87.88,79.0,68,61,8.1,9.5,54.1,52.8,8.1,9.5,310.6,303.6,1013.1,1013.0,-6.44,265.57,-0.02,0.1966,8.6784,104.9,0.0,1442.277, NAN, NAN, NAN, NAN,,2024/04/22 07:14:49.447,2024-04-22 07:14:49.447000+00:00
2024/04/22, 07:15:49.447,41.523,-70.672, NAN,242.55,288.07,0.01,7.2,7.2,1011.0,1011.0,0.0,0.0,87.88,79.0,67,57,8.1,9.6,52.4,53.7,8.1,9.6,309.6,299.6,1013.1,1013.1,-6.5,265.71,-0.02,0.1966,8.677,104.6,0.0,1442.271, NAN, NAN, NAN, NAN,,2024/04/22 07:15:49.447,2024-04-22 07:15:49.447000+00:00
2024/04/22, 07:16:49.447,41.523,-70.672, NAN,242.52,157.96,0.0,7.1,7.2,1010.9,1011.0,0.0,0.0,87.88,79.0,71,64,7.1,8.4,53.3,54.9,7.1,8.4,313.5,306.5,1013.0,1013.1,-6.56,265.62,-0.02,0.1966,8.6767,104.9,0.0,1442.27, NAN, NAN, NAN, NAN,,2024/04/22 07:16:49.447,2024-04-22 07:16:49.447000+00:00
2024/04/22, 07:17:49.447,41.523,-70.672, NAN,242.54,170.91,0.01,7.1,7.2,1011.1,1011.0,0.0,0.0,87.88,79.0,59,51,7.1,9.0,54.3,54.6,7.1,9.0,301.6,293.6,1013.2,1013.1,-6.56,265.94,-0.02,0.1966,8.6786,104.4,0.0,1442.278, NAN, NAN, NAN, NAN,,2024/04/22 07:17:49.447,2024-04-22 07:17:49.447000+00:00
2024/04/22, 07:18:49.447,41.523,-70.672, NAN,242.54,310.15,0.0,7.1,7.1,1011.1,1011.1,0.0,0.0,87.88,79.0,64,58,8.1,9.2,54.4,52.2,8.1,9.2,306.5,300.5,1013.2,1013.2,-6.51,265.58,-0.02,0.1966,8.6782,105.2,0.0,1442.276, NAN, NAN, NAN, NAN,,2024/04/22 07:18:49.447,2024-04-22 07:18:49.447000+00:00
2024/04/22, 07:19:49.447,41.523,-70.672, NAN,242.54,32.63,0.01,7.1,7.1,1011.1,1011.1,0.0,0.0,87.88,79.0,66,60,7.5,8.6,54.7,51.6,7.5,8.6,308.5,302.5,1013.2,1013.2,-6.44,265.71,-0.02,0.1966,8.6765,104.6,0.0,1442.269, NAN, NAN, NAN, NAN,,2024/04/22 07:19:49.447,2024-04-22 07:19:49.447000+00:00
2024/04/22, 07:20:49.447,41.523,-70.672, NAN,242.54,114.69,0.01,7.1,7.1,1011.1,1011.1,0.0,0.0,87.88,79.0,65,57,7.0,8.7,51.6,53.2,7.0,8.7,307.5,299.5,1013.2,1013.2,-6.46,265.23,-0.02,0.1967,8.672,105.9,0.0,1442.251, NAN, NAN, NAN, NAN,,2024/04/22 07:20:49.447,2024-04-22 07:20:49.447000+00:00
2024/04/22, 07:21:49.447,41.523,-70.672, NAN,242.54,337.82,0.0,7.1,7.1,1011.1,1011.1,0.0,0.0,87.88,79.0,62,56,7.5,8.8,53.5,52.9,7.5,8.8,304.5,298.5,1013.2,1013.2,-6.5,265.57,-0.02,0.1966,8.6716,104.9,0.0,1442.249, NAN, NAN, NAN, NAN,,2024/04/22 07:21:49.447,2024-04-22 07:21:49.447000+00:00
2024/04/22, 07:22:49.447,41.523,-70.672, NAN,242.54,226.44,0.01,7.1,7.1,1011.1,1011.1,0.0,0.0,87.88,79.0,64,54,9.1,10.4,53.2,53.8,9.1,10.4,306.6,296.6,1013.2,1013.2,-6.5,265.55,-0.02,0.1966,8.6723,104.6,0.0,1442.252, NAN, NAN, NAN, NAN,,2024/04/22 07:22:49.447,2024-04-22 07:22:49.447000+00:00
2024/04/22, 07:23:49.447,41.523,-70.672, NAN,242.54,279.49,0.0,7.1,7.1,1011.1,1011.0,0.0,0.0,87.88,79.0,64,54,8.1,9.6,54.0,54.7,8.1,9.6,306.5,296.5,1013.2,1013.1,-6.53,265.19,-0.03,0.1967,8.6727,103.4,0.0,1442.254, NAN, NAN, NAN, NAN,,2024/04/22 07:23:49.447,2024-04-22 07:23:49.447000+00:00
2024/04/22, 07:24:49.447,41.523,-70.672, NAN,242.54,176.21,0.0,7.0,7.1,1011.1,1011.1,0.0,0.0,87.88,79.0,75,67,6.3,7.6,54.5,54.5,6.3,7.6,317.5,309.5,1013.2,1013.2,-6.51,265.36,-0.02,0.1967,8.6732,104.0,0.0,1442.256, NAN, NAN, NAN, NAN,,2024/04/22 07:24:49.447,2024-04-22 07:24:49.447000+00:00
2024/04/22, 07:25:49.447,41.523,-70.672, NAN,242.54,357.27,0.01,7.0,7.0,1011.1,1011.2,0.0,0.0,87.88,79.0,64,53,6.8,8.5,54.8,54.9,6.8,8.5,306.5,295.5,1013.2,1013.3,-6.56,265.26,-0.03,0.1967,8.6725,104.0,0.0,1442.253, NAN, NAN, NAN, NAN,,2024/04/22 07:25:49.447,2024-04-22 07:25:49.447000+00:00
2024/04/22, 07:26:49.448,41.523,-70.672, NAN,242.54,256.05,0.0,7.0,7.0,1011.1,1011.1,0.0,0.0,87.88,79.0,66,58,6.3,7.6,54.8,54.9,6.3,7.6,308.5,300.5,1013.2,1013.2,-6.58,265.33,-0.02,0.1967,8.6734,103.7,0.0,1442.257, NAN, NAN, NAN, NAN,,2024/04/22 07:26:49.448,2024-04-22 07:26:49.448000+00:00
2024/04/22, 07:27:49.448,41.523,-70.672, NAN,242.51,306.6,0.01,7.0,7.0,1011.2,1011.1,0.0,0.0,87.88,79.0,61,53,9.0,10.8,53.8,53.8,9.0,10.8,303.5,295.5,1013.3,1013.2,-6.66,265.4,-0.02,0.1967,8.6739,103.7,0.0,1442.259, NAN, NAN, NAN, NAN,,2024/04/22 07:27:49.448,2024-04-22 07:27:49.448000+00:00
2024/04/22, 07:28:49.448,41.523,-70.672, NAN,242.58,89.64,0.01,7.0,7.0,1011.0,1011.1,0.0,0.0,87.88,79.0,63,54,7.4,9.0,53.3,53.3,7.4,9.0,305.5,296.6,1013.1,1013.2,-6.55,265.27,-0.02,0.1967,8.6733,104.0,0.0,1442.256, NAN, NAN, NAN, NAN,,2024/04/22 07:28:49.448,2024-04-22 07:28:49.448000+00:00
2024/04/22, 07:29:49.448,41.523,-70.672, NAN,242.56,319.52,0.01,7.0,7.0,1011.1,1011.1,0.0,0.0,87.88,79.0,66,60,7.7,9.1,53.9,54.4,7.7,9.1,308.5,302.5,1013.2,1013.2,-6.42,265.2,-0.02,0.1967,8.6733,104.4,0.0,1442.256, NAN, NAN, NAN, NAN,,2024/04/22 07:29:49.448,2024-04-22 07:29:49.448000+00:00
2024/04/22, 07:30:49.448,41.523,-70.672, NAN,242.54,112.11,0.0,7.0,7.0,1011.1,1011.2,0.0,0.0,87.88,79.0,63,54,7.9,9.4,54.3,51.8,7.9,9.4,305.5,296.5,1013.2,1013.3,-6.44,265.2,-0.02,0.1967,8.6742,104.6,0.0,1442.26, NAN, NAN, NAN, NAN,,2024/04/22 07:30:49.448,2024-04-22 07:30:49.448000+00:00
2024/04/22, 07:31:49.448,41.523,-70.672, NAN,242.54,349.17,0.0,7.0,7.0,1011.2,1011.1,0.0,0.0,87.88,79.0,65,56,8.6,9.8,52.0,52.5,8.6,9.8,307.5,298.5,1013.3,1013.2,-6.42,265.24,-0.02,0.1967,8.6738,104.6,0.0,1442.258, NAN, NAN, NAN, NAN,,2024/04/22 07:31:49.448,2024-04-22 07:31:49.448000+00:00
2024/04/22, 07:32:49.448,41.523,-70.672, NAN,242.59,191.41,0.0,7.0,7.0,1011.0,1011.1,0.0,0.0,87.88,79.0,64,56,6.6,7.9,52.3,55.2,6.6,7.9,306.6,298.6,1013.1,1013.2,-6.36,265.54,-0.02,0.1967,8.6731,104.0,0.0,1442.255, NAN, NAN, NAN, NAN,,2024/04/22 07:32:49.448,2024-04-22 07:32:49.448000+00:00
2024/04/22, 07:33:49.448,41.523,-70.672, NAN,242.56,235.12,0.01,7.0,7.0,1011.2,1011.1,0.0,0.0,87.88,79.0,62,53,8.8,10.6,56.0,57.4,8.8,10.6,304.6,295.6,1013.3,1013.2,-6.45,265.4,-0.02,0.1967,8.6749,103.4,0.0,1442.263, NAN, NAN, NAN, NAN,,2024/04/22 07:33:49.448,2024-04-22 07:33:49.448000+00:00
2024/04/22, 07:34:49.448,41.523,-70.672, NAN,242.55,237.34,0.0,7.0,7.0,1011.2,1011.2,0.0,0.0,87.88,79.0,60,56,7.0,8.0,56.2,55.2,7.0,8.0,302.6,298.6,1013.3,1013.3,-6.45,265.48,-0.02,0.1967,8.6771,104.0,0.0,1442.272, NAN, NAN, NAN, NAN,,2024/04/22 07:34:49.448,2024-04-22 07:34:49.448000+00:00
2024/04/22, 07:35:49.448,41.523,-70.672, NAN,242.56,346.49,0.0,7.0,7.0,1011.2,1011.2,0.0,0.0,87.88,79.0,67,59,6.7,8.2,56.1,57.1,6.7,8.2,309.6,301.6,1013.3,1013.3,-6.52,265.24,-0.02,0.1967,8.6806,104.4,0.0,1442.286, NAN, NAN, NAN, NAN,,2024/04/22 07:35:49.448,2024-04-22 07:35:49.448000+00:00
2024/04/22, 07:36:49.448,41.523,-70.672, NAN,242.54,5.22,0.0,7.0,7.0,1011.2,1011.2,0.0,0.0,87.88,79.0,62,54,6.7,8.6,57.1,58.2,6.7,8.6,304.5,296.5,1013.3,1013.3,-6.56,265.37,-0.02,0.1967,8.6812,104.9,0.0,1442.289, NAN, NAN, NAN, NAN,,2024/04/22 07:36:49.448,2024-04-22 07:36:49.448000+00:00
2024/04/22, 07:37:49.448,41.523,-70.672, NAN,242.58,112.84,0.01,7.0,7.0,1011.2,1011.2,0.0,0.0,87.88,79.0,66,60,7.3,8.1,58.4,55.3,7.3,8.1,308.5,302.6,1013.3,1013.3,-6.52,265.28,-0.02,0.1967,8.6799,103.7,0.0,1442.283, NAN, NAN, NAN, NAN,,2024/04/22 07:37:49.448,2024-04-22 07:37:49.448000+00:00
2024/04/22, 07:38:49.448,41.523,-70.672, NAN,242.54,91.16,0.0,7.0,7.0,1011.2,1011.2,0.0,0.0,87.88,79.0,61,54,7.3,8.9,55.8,55.9,7.3,8.9,303.5,296.5,1013.3,1013.3,-6.5,265.18,-0.02,0.1967,8.6791,104.0,0.0,1442.28, NAN, NAN, NAN, NAN,,2024/04/22 07:38:49.448,2024-04-22 07:38:49.448000+00:00
2024/04/22, 07:39:49.448,41.523,-70.672, NAN,242.54,255.29,0.0,7.0,7.0,1011.2,1011.1,0.0,0.0,87.88,79.0,66,55,9.1,10.2,56.6,54.4,9.1,10.2,308.5,297.5,1013.3,1013.2,-6.56,265.16,-0.02,0.1967,8.6782,104.4,0.0,1442.276, NAN, NAN, NAN, NAN,,2024/04/22 07:39:49.448,2024-04-22 07:39:49.448000+00:00
2024/04/22, 07:40:49.448,41.523,-70.672, NAN,242.54,180.55,0.01,7.0,7.0,1011.2,1011.2,0.0,0.0,87.88,79.0,68,60,9.1,10.2,54.1,52.6,9.1,10.2,310.6,302.6,1013.3,1013.3,-6.43,265.26,-0.02,0.1967,8.6775,103.4,0.0,1442.273, NAN, NAN, NAN, NAN,,2024/04/22 07:40:49.448,2024-04-22 07:40:49.448000+00:00
2024/04/22, 07:41:49.448,41.523,-70.672, NAN,242.54,226.48,0.01,7.0,7.0,1011.1,1011.2,0.0,0.0,87.88,79.0,69,59,7.7,8.9,52.9,53.4,7.7,8.9,311.6,301.6,1013.2,1013.3,-6.34,265.42,-0.02,0.1967,8.6775,104.4,0.0,1442.273, NAN, NAN, NAN, NAN,,2024/04/22 07:41:49.448,2024-04-22 07:41:49.448000+00:00
2024/04/22, 07:42:49.449,41.523,-70.672, NAN,242.54,287.99,0.0,7.0,7.0,1011.2,1011.2,0.0,0.0,87.88,79.0,59,52,8.0,9.6,54.0,56.1,8.0,9.6,301.5,294.5,1013.3,1013.3,-6.38,265.66,-0.02,0.1967,8.6778,104.6,0.0,1442.275, NAN, NAN, NAN, NAN,,2024/04/22 07:42:49.449,2024-04-22 07:42:49.449000+00:00
2024/04/22, 07:43:49.449,41.523,-70.672, NAN,242.55,257.71,0.01,7.0,7.0,1011.3,1011.2,0.0,0.0,87.88,79.0,66,57,8.8,9.9,55.8,56.7,8.8,9.9,308.6,299.6,1013.4,1013.3,-6.43,265.52,-0.02,0.1967,8.6789,104.4,0.0,1442.279, NAN, NAN, NAN, NAN,,2024/04/22 07:43:49.449,2024-04-22 07:43:49.449000+00:00
2024/04/22, 07:44:49.449,41.523,-70.672, NAN,242.55,7.83,0.01,7.0,7.0,1011.2,1011.2,0.0,0.0,87.88,79.0,61,52,8.0,9.5,56.4,54.8,8.0,9.5,303.5,294.5,1013.3,1013.3,-6.37,265.53,-0.02,0.1967,8.6776,104.0,0.0,1442.274, NAN, NAN, NAN, NAN,,2024/04/22 07:44:49.449,2024-04-22 07:44:49.449000+00:00
2024/04/22, 07:45:49.449,41.523,-70.672, NAN,242.54,258.37,0.01,7.0,7.0,1011.2,1011.3,0.0,0.0,87.88,79.0,66,60,7.8,8.9,55.0,55.7,7.8,8.9,308.5,302.5,1013.3,1013.4,-6.37,265.74,-0.02,0.1968,8.6767,103.7,0.0,1442.27, NAN, NAN, NAN, NAN,,2024/04/22 07:45:49.449,2024-04-22 07:45:49.449000+00:00
2024/04/22, 07:46:49.449,41.523,-70.672, NAN,242.55,343.42,0.0,7.0,7.0,1011.3,1011.2,0.0,0.0,87.88,79.0,69,61,9.3,10.6,55.9,55.8,9.3,10.6,311.6,303.6,1013.4,1013.3,-6.33,265.61,-0.02,0.1968,8.6754,104.0,0.0,1442.265, NAN, NAN, NAN, NAN,,2024/04/22 07:46:49.449,2024-04-22 07:46:49.449000+00:00
2024/04/22, 07:47:49.449,41.523,-70.672, NAN,242.54,188.96,0.01,7.0,7.0,1011.2,1011.3,0.0,0.0,87.88,79.0,62,54,9.3,10.6,55.1,52.9,9.3,10.6,304.6,296.6,1013.3,1013.4,-6.38,265.53,-0.02,0.1968,8.6736,104.0,0.0,1442.257, NAN, NAN, NAN, NAN,,2024/04/22 07:47:49.449,2024-04-22 07:47:49.449000+00:00
2024/04/22, 07:48:49.449,41.523,-70.672, NAN,242.59,212.3,0.01,7.0,7.0,1011.2,1011.3,0.0,0.0,87.88,79.0,58,52,7.9,9.4,52.5,55.7,7.9,9.4,300.6,294.6,1013.3,1013.4,-6.32,265.76,-0.02,0.1968,8.6717,104.9,0.0,1442.25, NAN, NAN, NAN, NAN,,2024/04/22 07:48:49.449,2024-04-22 07:48:49.449000+00:00
2024/04/22, 07:49:49.449,41.523,-70.672, NAN,242.54,10.22,0.01,7.0,7.0,1011.3,1011.3,0.0,0.0,87.88,79.0,60,53,8.3,10.0,56.1,57.3,8.3,10.0,302.5,295.5,1013.4,1013.4,-6.41,265.76,-0.02,0.1968,8.6713,104.6,0.0,1442.248, NAN, NAN, NAN, NAN,,2024/04/22 07:49:49.449,2024-04-22 07:49:49.449000+00:00
2024/04/22, 07:50:49.449,41.523,-70.672, NAN,242.54,102.99,0.0,7.0,7.0,1011.3,1011.3,0.0,0.0,87.88,79.0,56,49,6.9,8.8,56.9,58.0,6.9,8.8,298.5,291.5,1013.4,1013.4,-6.47,265.55,-0.03,0.1968,8.6688,104.0,0.0,1442.238, NAN, NAN, NAN, NAN,,2024/04/22 07:50:49.449,2024-04-22 07:50:49.449000+00:00
2024/04/22, 07:51:49.449,41.523,-70.672, NAN,242.56,279.8,0.01,7.0,7.0,1011.3,1011.3,0.0,0.0,87.88,79.0,62,55,8.8,10.1,57.8,54.4,8.8,10.1,304.6,297.6,1013.4,1013.4,-6.44,265.58,-0.03,0.1968,8.6674,103.7,0.0,1442.232, NAN, NAN, NAN, NAN,,2024/04/22 07:51:49.449,2024-04-22 07:51:49.449000+00:00
2024/04/22, 07:52:49.449,41.523,-70.672, NAN,242.55,246.67,0.01,7.0,7.0,1011.2,1011.3,0.0,0.0,87.88,79.0,67,57,9.0,10.2,54.8,54.8,9.0,10.2,309.6,299.6,1013.3,1013.4,-6.4,265.56,-0.03,0.1968,8.6654,103.7,0.0,1442.224, NAN, NAN, NAN, NAN,,2024/04/22 07:52:49.449,2024-04-22 07:52:49.449000+00:00
2024/04/22, 07:53:49.449,41.523,-70.672, NAN,242.5,33.93,0.01,7.0,7.0,1011.3,1011.3,0.0,0.0,87.88,79.0,62,54,8.0,9.5,54.8,56.0,8.0,9.5,304.5,296.5,1013.4,1013.4,-6.4,265.52,-0.03,0.1968,8.6638,104.9,0.0,1442.217, NAN, NAN, NAN, NAN,,2024/04/22 07:53:49.449,2024-04-22 07:53:49.449000+00:00
2024/04/22, 07:54:49.449,41.523,-70.672, NAN,242.55,328.66,0.0,7.0,7.0,1011.3,1011.3,0.0,0.0,87.88,79.0,57,50,8.1,9.7,56.1,56.2,8.1,9.7,299.6,292.6,1013.4,1013.4,-6.41,266.05,-0.02,0.1968,8.6605,104.4,0.0,1442.204, NAN, NAN, NAN, NAN,,2024/04/22 07:54:49.449,2024-04-22 07:54:49.449000+00:00
2024/04/22, 07:55:49.449,41.523,-70.672, NAN,242.52,49.13,0.01,7.0,7.0,1011.3,1011.3,0.0,0.0,87.88,79.0,56,47,7.6,9.5,56.4,58.7,7.6,9.5,298.5,289.5,1013.4,1013.4,-6.45,265.6,-0.02,0.1968,8.6572,103.1,0.0,1442.19, NAN, NAN, NAN, NAN,,2024/04/22 07:55:49.449,2024-04-22 07:55:49.449000+00:00
2024/04/22, 07:56:49.449,41.523,-70.672, NAN,242.5,254.65,0.0,7.0,7.0,1011.3,1011.3,0.0,0.0,87.88,79.0,59,52,8.5,10.2,58.1,54.5,8.5,10.2,301.5,294.5,1013.4,1013.4,-6.41,265.45,-0.02,0.1968,8.6566,103.7,0.0,1442.188, NAN, NAN, NAN, NAN,,2024/04/22 07:56:49.449,2024-04-22 07:56:49.449000+00:00
2024/04/22, 07:57:49.450,41.523,-70.672, NAN,242.54,348.16,0.0,6.9,7.0,1011.3,1011.3,0.0,0.0,87.88,79.0,60,51,8.2,9.8,54.9,55.8,8.2,9.8,302.5,293.5,1013.4,1013.4,-6.41,265.44,-0.02,0.1968,8.6562,104.0,0.0,1442.186, NAN, NAN, NAN, NAN,,2024/04/22 07:57:49.450,2024-04-22 07:57:49.450000+00:00
2024/04/22, 07:58:49.450,41.523,-70.672, NAN,242.54,246.69,0.01,6.9,7.0,1011.3,1011.3,0.0,0.0,87.88,79.0,63,53,7.5,9.3,55.5,58.1,7.5,9.3,305.5,295.5,1013.4,1013.4,-6.43,265.63,-0.02,0.1968,8.6544,103.7,0.0,1442.179, NAN, NAN, NAN, NAN,,2024/04/22 07:58:49.450,2024-04-22 07:58:49.450000+00:00
2024/04/22, 07:59:49.450,41.523,-70.672, NAN,242.54,25.74,0.01,6.9,7.0,1011.4,1011.3,0.0,0.0,87.88,79.0,62,54,8.9,10.4,58.6,55.8,8.9,10.4,304.5,296.5,1013.5,1013.4,-6.46,265.52,-0.02,0.1968,8.6539,103.7,0.0,1442.177, NAN, NAN, NAN, NAN,,2024/04/22 07:59:49.450,2024-04-22 07:59:49.450000+00:00
2024/04/22, 08:00:49.450,41.523,-70.672, NAN,242.58,300.45,0.0,6.9,7.0,1011.3,1011.3,0.0,0.0,87.88,79.0,66,58,7.1,8.3,55.5,56.9,7.1,8.3,308.6,300.6,1013.4,1013.4,-6.44,265.71,-0.02,0.1968,8.6546,103.7,0.0,1442.18, NAN, NAN, NAN, NAN,,2024/04/22 08:00:49.450,2024-04-22 08:00:49.450000+00:00
2024/04/22, 08:01:49.450,41.523,-70.672, NAN,242.58,53.24,0.01,6.9,7.0,1011.3,1011.4,0.0,0.0,87.88,79.0,66,57,7.9,9.2,56.8,57.3,7.9,9.2,308.5,299.5,1013.4,1013.5,-6.44,265.68,-0.02,0.1968,8.6559,104.0,0.0,1442.185, NAN, NAN, NAN, NAN,,2024/04/22 08:01:49.450,2024-04-22 08:01:49.450000+00:00
2024/04/22, 08:02:49.450,41.523,-70.672, NAN,242.59,259.03,0.0,6.9,7.0,1011.3,1011.4,0.0,0.0,87.88,79.0,68,60,6.5,7.7,57.4,57.8,6.5,7.7,310.6,302.6,1013.4,1013.5,-6.42,265.37,-0.02,0.1968,8.6566,104.0,0.0,1442.188, NAN, NAN, NAN, NAN,,2024/04/22 08:02:49.450,2024-04-22 08:02:49.450000+00:00
2024/04/22, 08:03:49.450,41.523,-70.672, NAN,242.55,314.25,0.0,7.0,6.9,1011.3,1011.3,0.0,0.0,87.88,79.0,62,53,8.4,10.2,57.1,56.8,8.4,10.2,304.6,295.6,1013.4,1013.4,-6.41,265.77,-0.02,0.1968,8.6581,103.7,0.0,1442.194, NAN, NAN, NAN, NAN,,2024/04/22 08:03:49.450,2024-04-22 08:03:49.450000+00:00
2024/04/22, 08:04:49.450,41.523,-70.672, NAN,242.56,300.13,0.01,6.9,6.9,1011.3,1011.3,0.0,0.0,87.88,79.0,61,52,9.0,10.7,56.7,56.6,9.0,10.7,303.6,294.6,1013.4,1013.4,-6.54,265.96,-0.02,0.1968,8.6597,104.0,0.0,1442.2, NAN, NAN, NAN, NAN,,2024/04/22 08:04:49.450,2024-04-22 08:04:49.450000+00:00
2024/04/22, 08:05:49.450,41.523,-70.672, NAN,242.54,299.18,0.0,6.9,6.9,1011.4,1011.3,0.0,0.0,87.88,79.0,63,55,7.5,9.3,56.1,57.5,7.5,9.3,305.5,297.5,1013.5,1013.4,-6.45,266.07,-0.02,0.1968,8.6615,104.0,0.0,1442.208, NAN, NAN, NAN, NAN,,2024/04/22 08:05:49.450,2024-04-22 08:05:49.450000+00:00
2024/04/22, 08:06:49.450,41.523,-70.672, NAN,242.54,303.5,0.0,6.9,7.0,1011.3,1011.4,0.0,0.0,87.88,79.0,58,52,6.7,8.0,57.7,59.1,6.7,8.0,300.5,294.5,1013.4,1013.5,-6.37,265.9,-0.02,0.1968,8.6635,104.0,0.0,1442.216, NAN, NAN, NAN, NAN,,2024/04/22 08:06:49.450,2024-04-22 08:06:49.450000+00:00
2024/04/22, 08:07:49.450,41.523,-70.672, NAN,242.54,27.53,0.0,6.9,7.0,1011.4,1011.3,0.0,0.0,87.88,79.0,63,55,8.6,10.2,59.5,56.1,8.6,10.2,305.5,297.5,1013.5,1013.4,-6.37,266.03,-0.02,0.1968,8.6644,103.7,0.0,1442.22, NAN, NAN, NAN, NAN,,2024/04/22 08:07:49.450,2024-04-22 08:07:49.450000+00:00
2024/04/22, 08:08:49.450,41.523,-70.672, NAN,242.58,186.89,0.01,6.9,7.0,1011.3,1011.4,0.0,0.0,87.88,79.0,66,60,7.5,8.9,55.9,56.9,7.5,8.9,308.5,302.5,1013.4,1013.5,-6.44,265.91,-0.02,0.1968,8.6656,103.7,0.0,1442.225, NAN, NAN, NAN, NAN,,2024/04/22 08:08:49.450,2024-04-22 08:08:49.450000+00:00
2024/04/22, 08:09:49.450,41.523,-70.672, NAN,242.59,251.8,0.0,6.9,7.0,1011.3,1011.4,0.0,0.0,87.88,79.0,62,55,8.4,10.2,57.3,57.9,8.4,10.2,304.6,297.6,1013.4,1013.5,-6.44,266.07,-0.02,0.1968,8.6671,104.4,0.0,1442.231, NAN, NAN, NAN, NAN,,2024/04/22 08:09:49.450,2024-04-22 08:09:49.450000+00:00
2024/04/22, 08:10:49.450,41.523,-70.672, NAN,242.58,232.84,0.0,6.9,7.0,1011.3,1011.4,0.0,0.0,87.88,79.0,63,53,8.3,9.7,58.3,57.8,8.3,9.7,305.6,295.6,1013.4,1013.5,-6.39,265.9,-0.02,0.1968,8.6683,104.4,0.0,1442.236, NAN, NAN, NAN, NAN,,2024/04/22 08:10:49.450,2024-04-22 08:10:49.450000+00:00
2024/04/22, 08:11:49.450,41.523,-70.672, NAN,242.57,212.82,0.01,6.9,7.0,1011.5,1011.3,0.0,0.0,87.88,79.0,66,57,8.5,9.5,57.4,57.7,8.5,9.5,308.6,299.6,1013.6,1013.4,-6.42,265.98,-0.02,0.1968,8.6682,103.4,0.0,1442.235, NAN, NAN, NAN, NAN,,2024/04/22 08:11:49.450,2024-04-22 08:11:49.450000+00:00
2024/04/22, 08:12:49.450,41.523,-70.672, NAN,242.59,184.06,0.0,6.9,6.9,1011.5,1011.4,0.0,0.0,87.88,79.0,64,59,6.7,8.0,57.6,58.3,6.7,8.0,306.6,301.6,1013.6,1013.5,-6.43,265.99,-0.02,0.1968,8.6674,103.4,0.0,1442.232, NAN, NAN, NAN, NAN,,2024/04/22 08:12:49.450,2024-04-22 08:12:49.450000+00:00
2024/04/22, 08:13:49.451,41.523,-70.672, NAN,242.59,137.4,0.01,6.9,6.9,1011.4,1011.4,0.0,0.0,87.88,79.0,66,60,6.7,7.5,58.8,60.2,6.7,7.5,308.6,302.6,1013.5,1013.5,-6.37,266.17,-0.02,0.1968,8.667,103.4,0.0,1442.23, NAN, NAN, NAN, NAN,,2024/04/22 08:13:49.451,2024-04-22 08:13:49.451000+00:00
2024/04/22, 08:14:49.451,41.523,-70.672, NAN,242.59,222.03,0.01,6.9,7.0,1011.4,1011.4,0.0,0.0,87.88,79.0,59,53,7.5,9.2,61.0,59.5,7.5,9.2,301.6,295.6,1013.5,1013.5,-6.5,266.37,-0.02,0.1969,8.6669,102.8,0.0,1442.23, NAN, NAN, NAN, NAN,,2024/04/22 08:14:49.451,2024-04-22 08:14:49.451000+00:00
2024/04/22, 08:15:49.451,41.523,-70.672, NAN,242.57,293.39,0.01,6.9,6.9,1011.4,1011.4,0.0,0.0,87.88,79.0,60,53,7.6,9.2,59.8,54.7,7.6,9.2,302.6,295.6,1013.5,1013.5,-6.45,266.16,-0.02,0.1969,8.6668,103.7,0.0,1442.23, NAN, NAN, NAN, NAN,,2024/04/22 08:15:49.451,2024-04-22 08:15:49.451000+00:00
2024/04/22, 08:16:49.451,41.523,-70.672, NAN,242.54,237.11,0.01,6.9,6.9,1011.4,1011.3,0.0,0.0,87.88,79.0,65,54,8.7,10.1,55.0,56.3,8.7,10.1,307.6,296.6,1013.5,1013.4,-6.39,266.15,-0.02,0.1969,8.6664,104.0,0.0,1442.228, NAN, NAN, NAN, NAN,,2024/04/22 08:16:49.451,2024-04-22 08:16:49.451000+00:00
2024/04/22, 08:17:49.451,41.523,-70.672, NAN,242.58,235.42,0.01,6.9,6.9,1011.3,1011.4,0.0,0.0,87.88,79.0,64,55,6.6,8.4,57.0,60.3,6.6,8.4,306.5,297.6,1013.4,1013.5,-6.42,266.04,-0.02,0.1969,8.6652,104.0,0.0,1442.223, NAN, NAN, NAN, NAN,,2024/04/22 08:17:49.451,2024-04-22 08:17:49.451000+00:00
2024/04/22, 08:18:49.451,41.523,-70.672, NAN,242.58,103.58,0.0,6.9,6.9,1011.3,1011.4,0.0,0.0,87.88,79.0,56,48,6.7,8.6,60.6,59.9,6.7,8.6,298.6,290.6,1013.4,1013.5,-6.45,265.73,-0.02,0.1969,8.664,104.0,0.0,1442.218, NAN, NAN, NAN, NAN,,2024/04/22 08:18:49.451,2024-04-22 08:18:49.451000+00:00
2024/04/22, 08:19:49.451,41.523,-70.672, NAN,242.54,339.58,0.0,6.9,6.9,1011.4,1011.3,0.0,0.0,87.88,79.0,60,52,7.8,9.5,60.5,58.0,7.8,9.5,302.5,294.5,1013.5,1013.4,-6.49,265.74,-0.02,0.1969,8.6638,104.0,0.0,1442.217, NAN, NAN, NAN, NAN,,2024/04/22 08:19:49.451,2024-04-22 08:19:49.451000+00:00
2024/04/22, 08:20:49.451,41.523,-70.672, NAN,242.54,256.63,0.0,6.9,6.9,1011.3,1011.3,0.0,0.0,87.88,79.0,62,53,7.7,9.5,57.3,56.6,7.7,9.5,304.5,295.5,1013.4,1013.4,-6.45,265.87,-0.02,0.1969,8.6637,103.7,0.0,1442.217, NAN, NAN, NAN, NAN,,2024/04/22 08:20:49.451,2024-04-22 08:20:49.451000+00:00
2024/04/22, 08:21:49.451,41.523,-70.672, NAN,242.59,335.26,0.0,6.9,6.9,1011.4,1011.3,0.0,0.0,87.88,79.0,62,53,8.1,9.9,57.1,57.8,8.1,9.9,304.6,295.6,1013.5,1013.4,-6.48,265.82,-0.02,0.1969,8.663,104.0,0.0,1442.214, NAN, NAN, NAN, NAN,,2024/04/22 08:21:49.451,2024-04-22 08:21:49.451000+00:00
2024/04/22, 08:22:49.451,41.523,-70.672, NAN,242.56,326.75,0.01,6.9,6.9,1011.3,1011.3,0.0,0.0,87.88,79.0,64,57,7.6,9.1,57.1,56.3,7.6,9.1,306.6,299.6,1013.4,1013.4,-6.56,265.82,-0.02,0.1969,8.6623,103.7,0.0,1442.211, NAN, NAN, NAN, NAN,,2024/04/22 08:22:49.451,2024-04-22 08:22:49.451000+00:00
2024/04/22, 08:23:49.451,41.523,-70.672, NAN,242.54,345.35,0.01,6.9,6.9,1011.4,1011.4,0.0,0.0,87.88,79.0,66,56,7.8,8.7,56.1,57.0,7.8,8.7,308.5,298.5,1013.5,1013.5,-6.45,265.71,-0.02,0.1969,8.6611,104.6,0.0,1442.206, NAN, NAN, NAN, NAN,,2024/04/22 08:23:49.451,2024-04-22 08:23:49.451000+00:00
2024/04/22, 08:24:49.451,41.523,-70.672, NAN,242.56,114.1,0.01,6.9,6.9,1011.4,1011.3,0.0,0.0,87.88,79.0,61,52,7.5,9.4,57.1,55.9,7.5,9.4,303.5,294.5,1013.5,1013.4,-6.44,265.47,-0.03,0.1969,8.6597,103.4,0.0,1442.201, NAN, NAN, NAN, NAN,,2024/04/22 08:24:49.451,2024-04-22 08:24:49.451000+00:00
2024/04/22, 08:25:49.451,41.523,-70.672, NAN,242.56,354.96,0.0,6.9,6.9,1011.3,1011.3,0.0,0.0,87.88,79.0,60,52,7.3,8.9,56.0,55.9,7.3,8.9,302.6,294.6,1013.4,1013.4,-6.48,265.62,-0.02,0.197,8.6589,103.7,0.0,1442.197, NAN, NAN, NAN, NAN,,2024/04/22 08:25:49.451,2024-04-22 08:25:49.451000+00:00
2024/04/22, 08:26:49.451,41.523,-70.672, NAN,242.54,11.03,0.0,6.9,6.9,1011.3,1011.3,0.0,0.0,87.88,79.0,59,52,7.7,9.2,56.1,56.2,7.7,9.2,301.5,294.5,1013.4,1013.4,-6.49,265.66,-0.02,0.197,8.6578,104.0,0.0,1442.193, NAN, NAN, NAN, NAN,,2024/04/22 08:26:49.451,2024-04-22 08:26:49.451000+00:00
2024/04/22, 08:27:49.451,41.523,-70.672, NAN,242.54,8.12,0.0,6.8,6.9,1011.4,1011.4,0.0,0.0,87.88,79.0,51,45,7.5,9.6,56.1,54.4,7.5,9.6,293.5,287.5,1013.5,1013.5,-6.51,265.91,-0.02,0.197,8.6561,103.4,0.0,1442.186, NAN, NAN, NAN, NAN,,2024/04/22 08:27:49.451,2024-04-22 08:27:49.451000+00:00
2024/04/22, 08:28:49.452,41.523,-70.672, NAN,242.59,34.11,0.01,6.8,6.9,1011.5,1011.5,0.0,0.0,87.88,79.0,53,46,7.9,9.6,54.1,57.3,7.9,9.6,295.6,288.6,1013.6,1013.6,-6.5,265.79,-0.02,0.197,8.6552,104.0,0.0,1442.182, NAN, NAN, NAN, NAN,,2024/04/22 08:28:49.452,2024-04-22 08:28:49.452000+00:00
2024/04/22, 08:29:49.452,41.523,-70.672, NAN,242.59,346.21,0.01,6.8,6.9,1011.5,1011.5,0.0,0.0,87.88,79.0,59,52,6.4,8.0,57.0,58.1,6.4,8.0,301.6,294.6,1013.6,1013.6,-6.45,265.57,-0.02,0.197,8.6545,103.4,0.0,1442.179, NAN, NAN, NAN, NAN,,2024/04/22 08:29:49.452,2024-04-22 08:29:49.452000+00:00
2024/04/22, 08:30:49.452,41.523,-70.672, NAN,242.58,258.61,0.0,6.8,6.9,1011.5,1011.5,0.0,0.0,87.88,79.0,53,46,6.8,8.6,58.5,58.4,6.8,8.6,295.6,288.6,1013.6,1013.6,-6.47,265.64,-0.02,0.197,8.653,103.4,0.0,1442.173, NAN, NAN, NAN, NAN,,2024/04/22 08:30:49.452,2024-04-22 08:30:49.452000+00:00
2024/04/22, 08:31:49.452,41.523,-70.672, NAN,242.59,170.14,0.0,6.8,6.8,1011.5,1011.5,0.0,0.0,87.88,79.0,60,54,7.7,9.1,59.0,58.3,7.7,9.1,302.6,296.6,1013.6,1013.6,-6.5,265.46,-0.02,0.197,8.6515,104.0,0.0,1442.167, NAN, NAN, NAN, NAN,,2024/04/22 08:31:49.452,2024-04-22 08:31:49.452000+00:00
2024/04/22, 08:32:49.452,41.523,-70.672, NAN,242.59,171.22,0.0,6.8,6.8,1011.5,1011.5,0.0,0.0,87.88,79.0,61,55,8.1,9.5,57.8,56.8,8.1,9.5,303.6,297.6,1013.6,1013.6,-6.55,265.58,-0.02,0.197,8.6489,104.4,0.0,1442.156, NAN, NAN, NAN, NAN,,2024/04/22 08:32:49.452,2024-04-22 08:32:49.452000+00:00
2024/04/22, 08:33:49.452,41.523,-70.672, NAN,242.54,342.64,0.0,6.8,6.8,1011.5,1011.5,0.0,0.0,87.88,79.0,52,48,7.7,9.1,56.9,57.9,7.7,9.1,294.5,290.5,1013.6,1013.6,-6.49,265.64,-0.02,0.197,8.6463,104.4,0.0,1442.146, NAN, NAN, NAN, NAN,,2024/04/22 08:33:49.452,2024-04-22 08:33:49.452000+00:00
2024/04/22, 08:34:49.452,41.523,-70.672, NAN,242.59,358.43,0.0,6.8,6.8,1011.4,1011.5,0.0,0.0,87.88,79.0,57,51,7.3,8.9,57.7,56.2,7.3,8.9,299.6,293.6,1013.5,1013.6,-6.56,265.72,-0.02,0.197,8.6469,103.4,0.0,1442.148, NAN, NAN, NAN, NAN,,2024/04/22 08:34:49.452,2024-04-22 08:34:49.452000+00:00
2024/04/22, 08:35:49.452,41.523,-70.672, NAN,242.55,225.18,0.01,6.8,6.8,1011.5,1011.4,0.0,0.0,87.88,79.0,66,57,8.8,10.4,56.6,57.2,8.8,10.4,308.6,299.6,1013.6,1013.5,-6.5,265.48,-0.02,0.197,8.6477,103.1,0.0,1442.152, NAN, NAN, NAN, NAN,,2024/04/22 08:35:49.452,2024-04-22 08:35:49.452000+00:00
2024/04/22, 08:36:49.452,41.523,-70.672, NAN,242.54,117.9,0.0,6.8,6.8,1011.5,1011.5,0.0,0.0,87.88,79.0,65,56,7.4,8.7,56.7,57.2,7.4,8.7,307.5,298.5,1013.6,1013.6,-6.44,265.55,-0.02,0.197,8.6476,103.7,0.0,1442.151, NAN, NAN, NAN, NAN,,2024/04/22 08:36:49.452,2024-04-22 08:36:49.452000+00:00
2024/04/22, 08:37:49.452,41.523,-70.672, NAN,242.53,175.6,0.0,6.8,6.8,1011.5,1011.5,0.0,0.0,87.88,79.0,54,48,7.8,9.5,57.5,57.8,7.8,9.5,296.5,290.5,1013.6,1013.6,-6.48,265.04,-0.02,0.197,8.6489,103.4,0.0,1442.156, NAN, NAN, NAN, NAN,,2024/04/22 08:37:49.452,2024-04-22 08:37:49.452000+00:00
2024/04/22, 08:38:49.452,41.523,-70.672, NAN,242.59,331.31,0.01,6.7,6.7,1011.5,1011.5,0.0,0.0,87.88,79.0,60,51,7.7,9.5,57.6,56.1,7.7,9.5,302.6,293.6,1013.6,1013.6,-6.44,265.28,-0.02,0.197,8.6495,103.7,0.0,1442.159, NAN, NAN, NAN, NAN,,2024/04/22 08:38:49.452,2024-04-22 08:38:49.452000+00:00
2024/04/22, 08:39:49.452,41.523,-70.672, NAN,242.55,114.87,0.0,6.7,6.7,1011.5,1011.5,0.0,0.0,87.88,79.0,55,49,8.0,9.7,56.1,57.0,8.0,9.7,297.6,291.6,1013.6,1013.6,-6.5,265.1,-0.02,0.1971,8.6473,103.7,0.0,1442.15, NAN, NAN, NAN, NAN,,2024/04/22 08:39:49.452,2024-04-22 08:39:49.452000+00:00
2024/04/22, 08:40:49.452,41.523,-70.672, NAN,242.54,45.51,0.01,6.7,6.7,1011.5,1011.5,0.0,0.0,87.88,79.0,63,54,8.9,10.2,57.2,56.6,8.9,10.2,305.5,296.5,1013.6,1013.6,-6.51,265.4,-0.02,0.1971,8.6457,103.4,0.0,1442.143, NAN, NAN, NAN, NAN,,2024/04/22 08:40:49.452,2024-04-22 08:40:49.452000+00:00
2024/04/22, 08:41:49.452,41.523,-70.672, NAN,242.54,153.07,0.01,6.7,6.7,1011.5,1011.5,0.0,0.0,87.88,79.0,63,53,8.4,9.7,56.8,56.3,8.4,9.7,305.5,295.5,1013.6,1013.6,-6.49,265.45,-0.02,0.1971,8.6446,103.4,0.0,1442.139, NAN, NAN, NAN, NAN,,2024/04/22 08:41:49.452,2024-04-22 08:41:49.452000+00:00
2024/04/22, 08:42:49.452,41.523,-70.672, NAN,242.54,14.19,0.01,6.7,6.7,1011.5,1011.5,0.0,0.0,87.88,79.0,66,56,8.2,9.2,56.6,57.2,8.2,9.2,308.5,298.5,1013.6,1013.6,-6.38,265.2,-0.02,0.1971,8.644,103.7,0.0,1442.136, NAN, NAN, NAN, NAN,,2024/04/22 08:42:49.452,2024-04-22 08:42:49.452000+00:00
2024/04/22, 08:43:49.452,41.523,-70.672, NAN,242.54,209.16,0.0,6.7,6.7,1011.5,1011.4,0.0,0.0,87.88,79.0,60,51,8.0,9.8,56.8,59.7,8.0,9.8,302.5,293.5,1013.6,1013.5,-6.43,265.1,-0.03,0.1971,8.6421,103.4,0.0,1442.129, NAN, NAN, NAN, NAN,,2024/04/22 08:43:49.452,2024-04-22 08:43:49.452000+00:00
2024/04/22, 08:44:49.453,41.523,-70.672, NAN,242.54,340.35,0.0,6.7,6.7,1011.4,1011.5,0.0,0.0,87.88,79.0,67,58,9.4,10.7,58.7,56.0,9.4,10.7,309.5,300.5,1013.5,1013.6,-6.39,265.46,-0.02,0.1971,8.6373,103.7,0.0,1442.109, NAN, NAN, NAN, NAN,,2024/04/22 08:44:49.453,2024-04-22 08:44:49.453000+00:00
2024/04/22, 08:45:49.453,41.523,-70.672, NAN,242.54,288.23,0.0,6.7,6.7,1011.4,1011.5,0.0,0.0,87.88,79.0,63,52,8.4,9.9,56.3,59.0,8.4,9.9,305.5,294.5,1013.5,1013.6,-6.3,265.36,-0.02,0.1971,8.6355,103.7,0.0,1442.102, NAN, NAN, NAN, NAN,,2024/04/22 08:45:49.453,2024-04-22 08:45:49.453000+00:00
2024/04/22, 08:46:49.453,41.523,-70.672, NAN,242.54,306.15,0.0,6.7,6.7,1011.5,1011.5,0.0,0.0,87.88,79.0,58,50,7.5,9.4,59.1,59.3,7.5,9.4,300.5,292.5,1013.6,1013.6,-6.42,264.81,-0.02,0.1971,8.6353,103.4,0.0,1442.101, NAN, NAN, NAN, NAN,,2024/04/22 08:46:49.453,2024-04-22 08:46:49.453000+00:00
2024/04/22, 08:47:49.453,41.523,-70.672, NAN,242.55,240.83,0.0,6.7,6.7,1011.5,1011.5,0.0,0.0,87.88,79.0,59,52,8.2,9.5,59.4,57.8,8.2,9.5,301.6,294.6,1013.6,1013.6,-6.36,265.4,-0.02,0.1971,8.6359,103.4,0.0,1442.103, NAN, NAN, NAN, NAN,,2024/04/22 08:47:49.453,2024-04-22 08:47:49.453000+00:00
2024/04/22, 08:48:49.453,41.523,-70.672, NAN,242.54,172.93,0.01,6.6,6.7,1011.5,1011.6,0.0,0.0,87.88,79.0,61,54,7.2,8.7,58.4,58.1,7.2,8.7,303.6,296.6,1013.6,1013.7,-6.36,265.56,-0.02,0.1971,8.6367,103.7,0.0,1442.107, NAN, NAN, NAN, NAN,,2024/04/22 08:48:49.453,2024-04-22 08:48:49.453000+00:00
2024/04/22, 08:49:49.453,41.523,-70.672, NAN,242.5,265.34,0.01,6.7,6.7,1011.6,1011.5,0.0,0.0,87.88,79.0,60,51,8.8,10.3,58.9,58.8,8.8,10.3,302.5,293.5,1013.7,1013.6,-6.36,265.49,-0.02,0.1971,8.6372,102.8,0.0,1442.109, NAN, NAN, NAN, NAN,,2024/04/22 08:49:49.453,2024-04-22 08:49:49.453000+00:00
2024/04/22, 08:50:49.453,41.523,-70.672, NAN,242.53,147.8,0.01,6.7,6.7,1011.6,1011.6,0.0,0.0,87.88,79.0,59,52,6.9,8.3,58.9,59.4,6.9,8.3,301.6,294.6,1013.7,1013.7,-6.43,265.18,-0.02,0.1972,8.6362,104.0,0.0,1442.105, NAN, NAN, NAN, NAN,,2024/04/22 08:50:49.453,2024-04-22 08:50:49.453000+00:00
2024/04/22, 08:51:49.453,41.523,-70.672, NAN,242.54,64.06,0.0,6.7,6.7,1011.6,1011.5,0.0,0.0,87.88,79.0,61,53,8.1,9.9,58.7,57.0,8.1,9.9,303.5,295.5,1013.7,1013.6,-6.41,264.89,-0.02,0.1971,8.633,103.7,0.0,1442.091, NAN, NAN, NAN, NAN,,2024/04/22 08:51:49.453,2024-04-22 08:51:49.453000+00:00
2024/04/22, 08:52:49.453,41.523,-70.672, NAN,242.53,142.64,0.0,6.6,6.7,1011.5,1011.5,0.0,0.0,87.88,79.0,62,54,8.4,10.1,57.0,56.7,8.4,10.1,304.5,296.5,1013.6,1013.6,-6.36,264.98,-0.02,0.1971,8.6263,103.4,0.0,1442.064, NAN, NAN, NAN, NAN,,2024/04/22 08:52:49.453,2024-04-22 08:52:49.453000+00:00
2024/04/22, 08:53:49.453,41.523,-70.672, NAN,242.53,266.89,0.0,6.6,6.7,1011.5,1011.5,0.0,0.0,87.88,79.0,66,59,8.3,9.5,57.1,57.2,8.3,9.5,308.5,301.5,1013.6,1013.6,-6.39,265.1,-0.02,0.1971,8.6226,103.4,0.0,1442.049, NAN, NAN, NAN, NAN,,2024/04/22 08:53:49.453,2024-04-22 08:53:49.453000+00:00
2024/04/22, 08:54:49.453,41.523,-70.672, NAN,242.55,228.41,0.01,6.6,6.7,1011.5,1011.5,0.0,0.0,87.88,79.0,63,56,8.2,9.4,57.4,57.4,8.2,9.4,305.6,298.6,1013.6,1013.6,-6.36,265.12,-0.02,0.1971,8.6213,103.4,0.0,1442.043, NAN, NAN, NAN, NAN,,2024/04/22 08:54:49.453,2024-04-22 08:54:49.453000+00:00
2024/04/22, 08:55:49.453,41.523,-70.672, NAN,242.49,28.41,0.0,6.6,6.7,1011.5,1011.5,0.0,0.0,87.88,79.0,63,56,8.5,10.0,57.4,58.3,8.5,10.0,305.5,298.5,1013.6,1013.6,-6.41,264.72,-0.02,0.1972,8.6202,103.4,0.0,1442.039, NAN, NAN, NAN, NAN,,2024/04/22 08:55:49.453,2024-04-22 08:55:49.453000+00:00
2024/04/22, 08:56:49.453,41.523,-70.672, NAN,242.49,84.16,0.01,6.6,6.7,1011.5,1011.5,0.0,0.0,87.88,79.0,60,53,7.5,9.3,58.0,58.3,7.5,9.3,302.5,295.5,1013.6,1013.6,-6.44,264.79,-0.02,0.1972,8.62,104.6,0.0,1442.038, NAN, NAN, NAN, NAN,,2024/04/22 08:56:49.453,2024-04-22 08:56:49.453000+00:00
2024/04/22, 08:57:49.453,41.523,-70.672, NAN,242.54,16.15,0.01,6.6,6.7,1011.5,1011.5,0.0,0.0,87.88,79.0,61,53,8.0,9.5,58.6,57.1,8.0,9.5,303.5,295.5,1013.6,1013.6,-6.44,264.63,-0.02,0.1971,8.6197,103.1,0.0,1442.037, NAN, NAN, NAN, NAN,,2024/04/22 08:57:49.453,2024-04-22 08:57:49.453000+00:00
2024/04/22, 08:58:49.453,41.523,-70.672, NAN,242.54,64.92,0.01,6.6,6.7,1011.6,1011.6,0.0,0.0,87.88,79.0,63,56,8.3,10.0,57.2,58.4,8.3,10.0,305.5,298.5,1013.7,1013.7,-6.39,264.68,-0.03,0.1972,8.6191,103.4,0.0,1442.034, NAN, NAN, NAN, NAN,,2024/04/22 08:58:49.453,2024-04-22 08:58:49.453000+00:00
2024/04/22, 08:59:49.453,41.523,-70.672, NAN,242.54,44.57,0.0,6.6,6.7,1011.5,1011.6,0.0,0.0,87.88,79.0,64,56,8.7,10.1,58.0,57.1,8.7,10.1,306.5,298.5,1013.6,1013.7,-6.45,264.79,-0.02,0.1972,8.6172,103.4,0.0,1442.027, NAN, NAN, NAN, NAN,,2024/04/22 08:59:49.453,2024-04-22 08:59:49.453000+00:00
2024/04/22, 09:00:49.453,41.523,-70.672, NAN,242.54,21.04,0.0,6.6,6.6,1011.6,1011.6,0.0,0.0,87.88,79.0,64,57,7.3,8.7,57.6,58.4,7.3,8.7,306.5,299.5,1013.7,1013.7,-6.39,265.0,-0.02,0.1972,8.6156,103.7,0.0,1442.02, NAN, NAN, NAN, NAN,,2024/04/22 09:00:49.453,2024-04-22 09:00:49.453000+00:00
2024/04/22, 09:01:49.454,41.523,-70.672, NAN,242.54,254.42,0.01,6.6,6.7,1011.6,1011.7,0.0,0.0,87.88,79.0,60,54,7.4,8.4,57.5,59.9,7.4,8.4,302.6,296.6,1013.7,1013.8,-6.38,265.27,-0.02,0.1972,8.6099,103.1,0.0,1441.997, NAN, NAN, NAN, NAN,,2024/04/22 09:01:49.454,2024-04-22 09:01:49.454000+00:00
2024/04/22, 09:02:49.454,41.523,-70.672, NAN,242.51,251.51,0.01,6.6,6.7,1011.8,1011.7,0.0,0.0,87.88,79.0,61,54,7.9,9.3,60.1,59.1,7.9,9.3,303.5,296.5,1013.9,1013.8,-6.42,264.74,-0.02,0.1972,8.6058,102.8,0.0,1441.98, NAN, NAN, NAN, NAN,,2024/04/22 09:02:49.454,2024-04-22 09:02:49.454000+00:00
2024/04/22, 09:03:49.454,41.523,-70.672, NAN,242.5,330.98,0.0,6.6,6.6,1011.8,1011.8,0.0,0.0,87.88,79.0,59,51,7.3,9.0,58.9,58.7,7.3,9.0,301.5,293.5,1013.9,1013.9,-6.36,264.92,-0.02,0.1972,8.6048,103.4,0.0,1441.976, NAN, NAN, NAN, NAN,,2024/04/22 09:03:49.454,2024-04-22 09:03:49.454000+00:00
2024/04/22, 09:04:49.454,41.523,-70.672, NAN,242.51,12.83,0.0,6.6,6.6,1011.8,1011.6,0.0,0.0,87.88,79.0,64,55,8.4,9.9,58.8,59.9,8.4,9.9,306.5,297.5,1013.9,1013.7,-6.44,264.94,-0.02,0.1972,8.6063,103.1,0.0,1441.982, NAN, NAN, NAN, NAN,,2024/04/22 09:04:49.454,2024-04-22 09:04:49.454000+00:00
2024/04/22, 09:05:49.454,41.523,-70.672, NAN,242.55,156.59,0.01,6.6,6.6,1011.8,1011.8,0.0,0.0,87.88,79.0,62,53,7.8,9.5,59.4,58.8,7.8,9.5,304.5,295.5,1013.9,1013.9,-6.44,264.77,-0.02,0.1972,8.6071,103.4,0.0,1441.985, NAN, NAN, NAN, NAN,,2024/04/22 09:05:49.454,2024-04-22 09:05:49.454000+00:00
2024/04/22, 09:06:49.454,41.523,-70.672, NAN,242.54,170.13,0.01,6.6,6.6,1011.8,1011.6,0.0,0.0,87.88,79.0,66,58,9.8,11.3,59.1,55.7,9.8,11.3,308.5,300.6,1013.9,1013.7,-6.46,264.19,-0.01,0.1972,8.607,103.7,0.0,1441.985, NAN, NAN, NAN, NAN,,2024/04/22 09:06:49.454,2024-04-22 09:06:49.454000+00:00
2024/04/22, 09:07:49.454,41.523,-70.672, NAN,242.56,229.93,0.01,6.6,6.6,1011.7,1011.8,0.0,0.0,87.88,79.0,69,62,8.5,9.3,55.1,56.3,8.5,9.3,311.6,304.6,1013.8,1013.9,-6.36,264.39,-0.01,0.1972,8.5983,103.1,0.0,1441.949, NAN, NAN, NAN, NAN,,2024/04/22 09:07:49.454,2024-04-22 09:07:49.454000+00:00
2024/04/22, 09:08:49.454,41.523,-70.672, NAN,242.52,156.16,0.0,6.6,6.6,1011.8,1011.8,0.0,0.0,87.88,79.0,65,56,8.1,9.7,56.2,57.7,8.1,9.7,307.5,298.5,1013.9,1013.9,-6.47,264.66,-0.01,0.1972,8.5883,103.4,0.0,1441.908, NAN, NAN, NAN, NAN,,2024/04/22 09:08:49.454,2024-04-22 09:08:49.454000+00:00
2024/04/22, 09:09:49.454,41.523,-70.672, NAN,242.51,354.79,0.01,6.6,6.6,1011.8,1011.8,0.0,0.0,87.88,79.0,67,58,8.1,9.1,58.1,57.2,8.1,9.1,309.5,300.5,1013.9,1013.9,-6.38,264.55,-0.01,0.1972,8.5787,103.4,0.0,1441.868, NAN, NAN, NAN, NAN,,2024/04/22 09:09:49.454,2024-04-22 09:09:49.454000+00:00
2024/04/22, 09:10:49.454,41.523,-70.672, NAN,242.49,72.26,0.0,6.6,6.6,1011.8,1011.8,0.0,0.0,87.88,79.0,66,57,9.4,10.7,58.4,55.7,9.4,10.7,308.5,299.5,1013.9,1013.9,-6.4,264.43,-0.0,0.1972,8.571,103.1,0.0,1441.837, NAN, NAN, NAN, NAN,,2024/04/22 09:10:49.454,2024-04-22 09:10:49.454000+00:00
2024/04/22, 09:11:49.454,41.523,-70.672, NAN,242.54,104.47,0.0,6.5,6.6,1011.8,1011.8,0.0,0.0,87.88,79.0,68,57,8.5,10.0,55.2,56.4,8.5,10.0,310.5,299.5,1013.9,1013.9,-6.39,264.36,0.0,0.1972,8.5663,103.1,0.0,1441.817, NAN, NAN, NAN, NAN,,2024/04/22 09:11:49.454,2024-04-22 09:11:49.454000+00:00
2024/04/22, 09:12:49.454,41.523,-70.672, NAN,242.52,257.73,0.0,6.5,6.5,1011.8,1011.8,0.0,0.0,87.88,79.0,63,55,9.1,10.7,55.8,56.4,9.1,10.7,305.5,297.5,1013.9,1013.9,-6.36,264.36,0.01,0.1972,8.564,103.1,0.0,1441.808, NAN, NAN, NAN, NAN,,2024/04/22 09:12:49.454,2024-04-22 09:12:49.454000+00:00
2024/04/22, 09:13:49.454,41.523,-70.672, NAN,242.51,298.35,0.0,6.5,6.5,1011.8,1011.8,0.0,0.0,87.88,79.0,62,55,7.7,9.1,56.0,58.5,7.7,9.1,304.5,297.5,1013.9,1013.9,-6.41,264.26,0.01,0.1973,8.5636,103.7,0.0,1441.807, NAN, NAN, NAN, NAN,,2024/04/22 09:13:49.454,2024-04-22 09:13:49.454000+00:00
2024/04/22, 09:14:49.454,41.523,-70.672, NAN,242.54,276.6,0.0,6.5,6.5,1011.8,1011.8,0.0,0.0,87.88,79.0,66,59,7.7,9.2,58.9,57.5,7.7,9.2,308.5,301.5,1013.9,1013.9,-6.47,264.5,0.03,0.1973,8.5629,102.8,0.0,1441.804, NAN, NAN, NAN, NAN,,2024/04/22 09:14:49.454,2024-04-22 09:14:49.454000+00:00
2024/04/22, 09:15:49.454,41.523,-70.672, NAN,242.54,164.94,0.0,6.5,6.5,1011.9,1011.8,0.0,0.0,87.88,79.0,60,54,9.0,10.5,57.1,56.9,9.0,10.5,302.5,296.5,1014.0,1013.9,-6.42,264.51,0.03,0.1973,8.5615,102.8,0.0,1441.798, NAN, NAN, NAN, NAN,,2024/04/22 09:15:49.454,2024-04-22 09:15:49.454000+00:00
2024/04/22, 09:16:49.454,41.523,-70.672, NAN,242.59,233.68,0.0,6.5,6.5,1011.9,1011.9,0.0,0.0,87.88,79.0,62,54,6.9,8.3,57.0,59.6,6.9,8.3,304.6,296.6,1014.0,1014.0,-6.46,264.24,0.05,0.1973,8.5584,103.1,0.0,1441.785, NAN, NAN, NAN, NAN,,2024/04/22 09:16:49.454,2024-04-22 09:16:49.454000+00:00
2024/04/22, 09:17:49.454,41.523,-70.672, NAN,242.54,254.65,0.01,6.5,6.5,1011.9,1011.9,0.0,0.0,87.88,79.0,60,52,8.5,9.8,59.4,58.1,8.5,9.8,302.5,294.5,1014.0,1014.0,-6.47,264.55,0.07,0.1973,8.5543,103.1,0.0,1441.768, NAN, NAN, NAN, NAN,,2024/04/22 09:17:49.454,2024-04-22 09:17:49.454000+00:00
2024/04/22, 09:18:49.455,41.523,-70.672, NAN,242.54,238.97,0.02,6.5,6.5,1011.9,1011.9,0.0,0.0,87.88,79.0,66,57,9.3,10.2,59.5,56.5,9.3,10.2,308.6,299.6,1014.0,1014.0,-6.44,264.18,0.08,0.1973,8.5528,103.1,0.0,1441.762, NAN, NAN, NAN, NAN,,2024/04/22 09:18:49.455,2024-04-22 09:18:49.455000+00:00
2024/04/22, 09:19:49.455,41.523,-70.672, NAN,242.52,312.23,0.01,6.5,6.5,1011.9,1011.9,0.0,0.0,87.88,79.0,60,52,9.4,11.2,56.5,57.5,9.4,11.2,302.5,294.5,1014.0,1014.0,-6.47,263.93,0.11,0.1973,8.5532,103.1,0.0,1441.764, NAN, NAN, NAN, NAN,,2024/04/22 09:19:49.455,2024-04-22 09:19:49.455000+00:00
2024/04/22, 09:20:49.455,41.523,-70.672, NAN,242.54,213.23,0.0,6.5,6.5,1011.8,1011.9,0.0,0.0,87.88,79.0,65,57,9.0,10.3,57.1,56.5,9.0,10.3,307.5,299.5,1013.9,1014.0,-6.38,264.06,0.14,0.1973,8.555,102.5,0.0,1441.771, NAN, NAN, NAN, NAN,,2024/04/22 09:20:49.455,2024-04-22 09:20:49.455000+00:00
2024/04/22, 09:21:49.455,41.523,-70.672, NAN,242.51,339.62,0.01,6.5,6.5,1011.9,1011.9,0.0,0.0,87.88,79.0,64,56,9.0,10.8,56.3,56.5,9.0,10.8,306.5,298.5,1014.0,1014.0,-6.39,264.34,0.18,0.1973,8.555,102.5,0.0,1441.771, NAN, NAN, NAN, NAN,,2024/04/22 09:21:49.455,2024-04-22 09:21:49.455000+00:00
2024/04/22, 09:22:49.455,41.523,-70.672, NAN,242.57,48.8,0.0,6.5,6.5,1011.9,1011.9,0.0,0.0,87.88,79.0,66,57,7.4,8.9,56.5,59.1,7.4,8.9,308.6,299.6,1014.0,1014.0,-6.39,264.12,0.23,0.1973,8.553,102.8,0.0,1441.763, NAN, NAN, NAN, NAN,,2024/04/22 09:22:49.455,2024-04-22 09:22:49.455000+00:00
2024/04/22, 09:23:49.455,41.523,-70.672, NAN,242.54,166.36,0.0,6.5,6.5,1011.9,1011.9,0.0,0.0,87.88,79.0,67,60,7.6,9.2,59.4,58.7,7.6,9.2,309.5,302.5,1014.0,1014.0,-6.36,264.06,0.26,0.1973,8.5551,102.8,0.0,1441.772, NAN, NAN, NAN, NAN,,2024/04/22 09:23:49.455,2024-04-22 09:23:49.455000+00:00
2024/04/22, 09:24:49.455,41.523,-70.672, NAN,242.56,324.69,0.0,6.4,6.5,1011.9,1011.9,0.0,0.0,87.88,79.0,71,62,8.5,9.9,59.0,58.3,8.5,9.9,313.6,304.6,1014.0,1014.0,-6.41,264.23,0.34,0.1973,8.557,103.1,0.0,1441.779, NAN, NAN, NAN, NAN,,2024/04/22 09:24:49.455,2024-04-22 09:24:49.455000+00:00
2024/04/22, 09:25:49.455,41.523,-70.672, NAN,242.59,311.64,0.0,6.4,6.5,1011.9,1011.9,0.0,0.0,87.88,79.0,65,58,6.9,8.1,57.7,58.5,6.9,8.1,307.6,300.6,1014.0,1014.0,-6.33,263.98,0.42,0.1973,8.5557,102.5,0.0,1441.774, NAN, NAN, NAN, NAN,,2024/04/22 09:25:49.455,2024-04-22 09:25:49.455000+00:00
2024/04/22, 09:26:49.455,41.523,-70.672, NAN,242.55,283.62,0.0,6.4,6.5,1011.9,1012.0,0.0,0.0,87.88,79.0,61,53,8.5,10.2,58.8,58.7,8.5,10.2,303.6,295.6,1014.0,1014.1,-6.36,264.02,0.52,0.1973,8.5537,102.8,0.0,1441.766, NAN, NAN, NAN, NAN,,2024/04/22 09:26:49.455,2024-04-22 09:26:49.455000+00:00
2024/04/22, 09:27:49.455,41.523,-70.672, NAN,242.58,158.96,0.0,6.4,6.4,1011.9,1011.9,0.0,0.0,87.88,79.0,62,55,8.6,10.3,56.6,56.8,8.6,10.3,304.6,297.6,1014.0,1014.0,-6.35,264.04,0.66,0.1973,8.554,102.8,0.0,1441.767, NAN, NAN, NAN, NAN,,2024/04/22 09:27:49.455,2024-04-22 09:27:49.455000+00:00
2024/04/22, 09:28:49.455,41.523,-70.672, NAN,242.59,198.62,0.0,6.4,6.5,1011.9,1011.9,0.0,0.0,87.88,79.0,62,55,8.6,9.8,56.6,56.8,8.6,9.8,304.6,297.6,1014.0,1014.0,-6.3,264.22,0.81,0.1974,8.5562,102.5,0.0,1441.776, NAN, NAN, NAN, NAN,,2024/04/22 09:28:49.455,2024-04-22 09:28:49.455000+00:00
2024/04/22, 09:29:49.455,41.523,-70.672, NAN,242.59,257.9,0.0,6.4,6.4,1011.9,1011.9,0.0,0.0,87.88,79.0,66,61,7.0,7.7,57.9,57.9,7.0,7.7,308.6,303.6,1014.0,1014.0,-6.25,263.98,1.0,0.1973,8.5611,103.1,0.0,1441.796, NAN, NAN, NAN, NAN,,2024/04/22 09:29:49.455,2024-04-22 09:29:49.455000+00:00
2024/04/22, 09:30:49.455,41.523,-70.672, NAN,242.58,327.78,0.0,6.4,6.4,1011.9,1011.9,0.0,0.0,87.88,79.0,64,61,7.8,8.5,58.6,58.2,7.8,8.5,306.6,303.6,1014.0,1014.0,-6.37,263.8,1.21,0.1974,8.5624,102.5,0.0,1441.802, NAN, NAN, NAN, NAN,,2024/04/22 09:30:49.455,2024-04-22 09:30:49.455000+00:00
2024/04/22, 09:31:49.455,41.523,-70.672, NAN,242.57,305.94,0.0,6.4,6.4,1011.9,1011.9,0.0,0.0,87.88,79.0,64,56,7.2,8.6,58.7,59.7,7.2,8.6,306.6,298.6,1014.0,1014.0,-6.18,263.99,1.49,0.1974,8.5625,103.1,0.0,1441.802, NAN, NAN, NAN, NAN,,2024/04/22 09:31:49.455,2024-04-22 09:31:49.455000+00:00
2024/04/22, 09:32:49.455,41.523,-70.672, NAN,242.61,265.88,0.01,6.4,6.4,1011.9,1011.9,0.0,0.0,87.88,79.0,59,51,8.8,10.5,60.2,55.9,8.8,10.5,301.6,293.6,1014.0,1014.0,-6.1,264.05,1.86,0.1974,8.563,102.5,0.0,1441.804, NAN, NAN, NAN, NAN,,2024/04/22 09:32:49.455,2024-04-22 09:32:49.455000+00:00
2024/04/22, 09:33:49.455,41.523,-70.672, NAN,242.54,240.53,0.0,6.4,6.5,1011.9,1011.9,0.0,0.0,87.88,79.0,59,51,8.4,10.1,55.5,60.0,8.4,10.1,301.5,293.5,1014.0,1014.0,-5.99,264.03,2.24,0.1973,8.564,102.8,0.0,1441.808, NAN, NAN, NAN, NAN,,2024/04/22 09:33:49.455,2024-04-22 09:33:49.455000+00:00
2024/04/22, 09:34:49.455,41.523,-70.672, NAN,242.59,355.25,0.01,6.4,6.5,1011.9,1012.0,0.0,0.0,87.88,79.0,68,64,6.2,7.3,59.4,59.8,6.2,7.3,310.5,306.5,1014.0,1014.1,-5.9,264.04,2.69,0.1974,8.5638,102.5,0.0,1441.807, NAN, NAN, NAN, NAN,,2024/04/22 09:34:49.455,2024-04-22 09:34:49.455000+00:00
2024/04/22, 09:35:49.456,41.523,-70.672, NAN,242.65,148.4,0.0,6.4,6.5,1012.0,1012.0,0.0,0.0,87.88,79.0,71,63,7.9,9.2,59.8,58.7,7.9,9.2,313.6,305.6,1014.1,1014.1,-5.71,264.14,3.2,0.1973,8.5637,103.1,0.0,1441.807, NAN, NAN, NAN, NAN,,2024/04/22 09:35:49.456,2024-04-22 09:35:49.456000+00:00
2024/04/22, 09:36:49.456,41.523,-70.672, NAN,242.63,259.13,0.01,6.4,6.5,1012.0,1012.0,0.0,0.0,87.88,79.0,70,64,6.5,7.5,58.7,58.8,6.5,7.5,312.7,306.7,1014.1,1014.1,-5.6,264.21,3.8,0.1974,8.5658,102.8,0.0,1441.816, NAN, NAN, NAN, NAN,,2024/04/22 09:36:49.456,2024-04-22 09:36:49.456000+00:00
2024/04/22, 09:37:49.456,41.523,-70.672, NAN,242.6,179.07,0.01,6.4,6.5,1011.9,1012.0,0.0,0.0,87.88,79.0,68,62,7.4,8.5,59.0,58.9,7.4,8.5,310.6,304.6,1014.0,1014.1,-5.52,263.96,4.62,0.1974,8.567,102.8,0.0,1441.821, NAN, NAN, NAN, NAN,,2024/04/22 09:37:49.456,2024-04-22 09:37:49.456000+00:00
2024/04/22, 09:38:49.456,41.523,-70.672, NAN,242.56,141.89,0.0,6.4,6.4,1012.0,1011.9,0.0,0.0,87.88,79.0,60,52,8.5,10.5,58.8,59.3,8.5,10.5,302.6,294.6,1014.1,1014.0,-5.39,263.88,5.43,0.1974,8.566,102.8,0.0,1441.817, NAN, NAN, NAN, NAN,,2024/04/22 09:38:49.456,2024-04-22 09:38:49.456000+00:00
2024/04/22, 09:39:49.456,41.523,-70.672, NAN,242.59,0.42,0.01,6.4,6.4,1012.0,1012.0,0.0,0.0,87.88,79.0,68,59,8.4,9.7,59.5,58.9,8.4,9.7,310.6,301.6,1014.1,1014.1,-5.17,264.04,6.37,0.1974,8.5603,102.5,0.0,1441.793, NAN, NAN, NAN, NAN,,2024/04/22 09:39:49.456,2024-04-22 09:39:49.456000+00:00
2024/04/22, 09:40:49.456,41.523,-70.672, NAN,242.59,152.43,0.0,6.4,6.4,1012.0,1012.0,0.0,0.0,87.88,79.0,67,58,7.1,8.4,58.5,58.9,7.1,8.4,309.6,300.6,1014.1,1014.1,-4.94,264.17,7.43,0.1974,8.5544,102.2,0.0,1441.769, NAN, NAN, NAN, NAN,,2024/04/22 09:40:49.456,2024-04-22 09:40:49.456000+00:00
2024/04/22, 09:41:49.456,41.523,-70.672, NAN,242.6,155.42,0.01,6.4,6.4,1012.0,1012.0,0.0,0.0,87.88,79.0,67,57,9.0,10.2,59.1,59.3,9.0,10.2,309.6,299.6,1014.1,1014.1,-4.53,264.25,8.64,0.1974,8.5513,102.5,0.0,1441.756, NAN, NAN, NAN, NAN,,2024/04/22 09:41:49.456,2024-04-22 09:41:49.456000+00:00
2024/04/22, 09:42:49.456,41.523,-70.672, NAN,242.61,95.25,0.01,6.4,6.4,1011.9,1012.1,0.0,0.0,87.88,79.0,60,51,8.3,9.6,59.2,59.2,8.3,9.6,302.6,293.6,1014.0,1014.2,-4.32,264.56,10.24,0.1974,8.5508,102.2,0.0,1441.754, NAN, NAN, NAN, NAN,,2024/04/22 09:42:49.456,2024-04-22 09:42:49.456000+00:00
2024/04/22, 09:43:49.456,41.523,-70.672, NAN,242.62,197.89,0.01,6.4,6.5,1012.0,1012.1,0.0,0.0,87.88,79.0,68,60,7.5,8.9,59.7,61.0,7.5,8.9,310.7,302.7,1014.1,1014.2,-3.79,264.29,11.78,0.1974,8.5503,102.5,0.0,1441.752, NAN, NAN, NAN, NAN,,2024/04/22 09:43:49.456,2024-04-22 09:43:49.456000+00:00
2024/04/22, 09:44:49.456,41.523,-70.672, NAN,242.59,207.31,0.01,6.4,6.5,1012.0,1012.0,0.0,0.0,87.88,79.0,65,56,8.4,9.8,61.0,60.0,8.4,9.8,307.6,298.6,1014.1,1014.1,-3.48,264.18,13.49,0.1974,8.5476,103.1,0.0,1441.741, NAN, NAN, NAN, NAN,,2024/04/22 09:44:49.456,2024-04-22 09:44:49.456000+00:00
2024/04/22, 09:45:49.456,41.523,-70.672, NAN,242.63,345.78,0.0,6.4,6.5,1012.1,1012.0,0.0,0.0,87.88,79.0,62,56,8.5,9.6,59.6,58.2,8.5,9.6,304.6,298.6,1014.2,1014.1,-3.15,264.22,15.34,0.1974,8.5442,102.8,0.0,1441.727, NAN, NAN, NAN, NAN,,2024/04/22 09:45:49.456,2024-04-22 09:45:49.456000+00:00
2024/04/22, 09:46:49.456,41.523,-70.672, NAN,242.58,106.58,0.0,6.4,6.5,1012.0,1012.0,0.0,0.0,87.88,79.0,66,58,8.1,9.7,58.4,60.4,8.1,9.7,308.6,300.6,1014.1,1014.1,-2.81,264.22,17.36,0.1974,8.5335,102.5,0.0,1441.683, NAN, NAN, NAN, NAN,,2024/04/22 09:46:49.456,2024-04-22 09:46:49.456000+00:00
2024/04/22, 09:47:49.456,41.523,-70.672, NAN,242.63,261.01,0.01,6.4,6.5,1012.0,1012.0,0.0,0.0,87.88,79.0,67,64,7.5,7.9,58.4,57.3,7.5,7.9,309.7,306.7,1014.1,1014.1,-2.39,264.34,19.93,0.1974,8.5188,102.2,0.0,1441.622, NAN, NAN, NAN, NAN,,2024/04/22 09:47:49.456,2024-04-22 09:47:49.456000+00:00
2024/04/22, 09:48:49.456,41.523,-70.672, NAN,242.65,31.0,0.01,6.5,6.5,1012.1,1012.0,0.0,0.0,87.88,79.0,67,58,8.8,10.6,58.0,59.2,8.8,10.6,309.6,300.6,1014.2,1014.1,-2.04,264.08,22.33,0.1974,8.5063,102.8,0.0,1441.571, NAN, NAN, NAN, NAN,,2024/04/22 09:48:49.456,2024-04-22 09:48:49.456000+00:00
2024/04/22, 09:49:49.456,41.523,-70.672, NAN,242.72,243.78,0.01,6.5,6.5,1012.0,1012.0,0.0,0.0,87.88,79.0,68,59,8.6,9.8,58.6,57.6,8.6,9.8,310.8,301.7,1014.1,1014.1,-1.28,263.99,24.93,0.1974,8.4978,102.2,0.0,1441.536, NAN, NAN, NAN, NAN,,2024/04/22 09:49:49.456,2024-04-22 09:49:49.456000+00:00
2024/04/22, 09:50:49.456,41.523,-70.672, NAN,242.59,167.53,0.0,6.5,6.5,1012.0,1012.0,0.0,0.0,87.88,79.0,68,59,8.1,9.1,57.3,58.5,8.1,9.1,310.6,301.6,1014.1,1014.1,-0.84,264.26,27.71,0.1974,8.4831,102.5,0.0,1441.475, NAN, NAN, NAN, NAN,,2024/04/22 09:50:49.456,2024-04-22 09:50:49.456000+00:00
2024/04/22, 09:51:49.456,41.523,-70.672, NAN,242.72,155.68,0.01,6.5,6.5,1012.0,1012.0,0.0,0.0,87.88,79.0,57,49,9.1,10.8,58.9,58.7,9.1,10.8,299.7,291.7,1014.1,1014.1,-0.36,264.48,31.21,0.1975,8.4652,102.5,0.0,1441.402, NAN, NAN, NAN, NAN,,2024/04/22 09:51:49.456,2024-04-22 09:51:49.456000+00:00
2024/04/22, 09:52:49.457,41.523,-70.672, NAN,242.63,340.3,0.0,6.5,6.5,1012.0,1012.0,0.0,0.0,87.88,79.0,61,52,9.8,11.6,58.2,58.9,9.8,11.6,303.6,294.6,1014.1,1014.1,0.19,263.91,34.44,0.1975,8.4501,102.5,0.0,1441.34, NAN, NAN, NAN, NAN,,2024/04/22 09:52:49.457,2024-04-22 09:52:49.457000+00:00
2024/04/22, 09:53:49.457,41.523,-70.672, NAN,242.68,248.78,0.0,6.5,6.5,1012.0,1012.1,0.0,0.0,87.88,79.0,70,65,6.4,7.6,58.1,58.7,6.4,7.6,312.7,307.7,1014.1,1014.2,0.82,263.89,37.8,0.1975,8.439,102.5,0.0,1441.294, NAN, NAN, NAN, NAN,,2024/04/22 09:53:49.457,2024-04-22 09:53:49.457000+00:00
2024/04/22, 09:54:49.457,41.523,-70.672, NAN,242.6,9.76,0.0,6.5,6.5,1011.9,1012.0,0.0,0.0,87.88,79.0,65,56,10.1,11.6,58.6,56.1,10.1,11.6,307.6,298.6,1014.0,1014.1,1.36,264.06,41.36,0.1974,8.4315,102.5,0.0,1441.263, NAN, NAN, NAN, NAN,,2024/04/22 09:54:49.457,2024-04-22 09:54:49.457000+00:00
2024/04/22, 09:55:49.457,41.523,-70.672, NAN,242.68,185.43,0.0,6.5,6.5,1011.9,1012.0,0.0,0.0,87.88,79.0,68,59,7.9,9.3,56.0,57.0,7.9,9.3,310.7,301.7,1014.0,1014.1,1.92,264.26,45.09,0.1975,8.4233,102.8,0.0,1441.229, NAN, NAN, NAN, NAN,,2024/04/22 09:55:49.457,2024-04-22 09:55:49.457000+00:00
2024/04/22, 09:56:49.457,41.523,-70.672, NAN,242.72,29.78,0.0,6.5,6.5,1012.0,1012.0,0.0,0.0,87.88,79.0,66,58,6.6,8.1,56.7,59.6,6.6,8.1,308.7,300.7,1014.1,1014.1,2.55,264.07,49.59,0.1975,8.4165,102.5,0.0,1441.201, NAN, NAN, NAN, NAN,,2024/04/22 09:56:49.457,2024-04-22 09:56:49.457000+00:00
2024/04/22, 09:57:49.457,41.523,-70.672, NAN,242.63,176.48,0.0,6.5,6.5,1012.0,1011.9,0.0,0.0,87.88,79.0,65,57,9.9,11.6,59.8,58.3,9.9,11.6,307.6,299.6,1014.1,1014.0,3.15,264.25,53.7,0.1975,8.4127,102.2,0.0,1441.185, NAN, NAN, NAN, NAN,,2024/04/22 09:57:49.457,2024-04-22 09:57:49.457000+00:00
2024/04/22, 09:58:49.457,41.523,-70.672, NAN,242.72,348.67,0.0,6.5,6.5,1012.0,1012.1,0.0,0.0,87.88,79.0,72,68,7.2,7.9,57.9,57.8,7.2,7.9,314.7,310.7,1014.1,1014.2,3.84,263.98,57.91,0.1975,8.4138,102.5,0.0,1441.19, NAN, NAN, NAN, NAN,,2024/04/22 09:58:49.457,2024-04-22 09:58:49.457000+00:00
2024/04/22, 09:59:49.457,41.523,-70.672, NAN,242.63,355.23,0.0,6.5,6.5,1012.1,1012.0,0.0,0.0,87.88,79.0,61,51,7.4,9.3,58.2,57.9,7.4,9.3,303.6,293.6,1014.2,1014.1,4.27,264.11,62.24,0.1975,8.4194,102.5,0.0,1441.213, NAN, NAN, NAN, NAN,,2024/04/22 09:59:49.457,2024-04-22 09:59:49.457000+00:00
2024/04/22, 10:00:49.457,41.523,-70.672, NAN,242.63,331.87,0.0,6.5,6.5,1012.1,1012.0,0.0,0.0,87.88,79.0,63,53,9.0,10.3,58.3,57.4,9.0,10.3,305.6,295.6,1014.2,1014.1,5.01,264.26,66.75,0.1975,8.4241,102.5,0.0,1441.232, NAN, NAN, NAN, NAN,,2024/04/22 10:00:49.457,2024-04-22 10:00:49.457000+00:00
2024/04/22, 10:01:49.457,41.523,-70.672, NAN,242.74,207.9,0.01,6.5,6.5,1012.0,1012.0,0.0,0.0,87.88,79.0,76,67,8.1,9.1,57.8,56.6,8.1,9.1,318.8,309.8,1014.1,1014.1,5.41,263.82,72.16,0.1975,8.4257,102.2,0.0,1441.239, NAN, NAN, NAN, NAN,,2024/04/22 10:01:49.457,2024-04-22 10:01:49.457000+00:00
2024/04/22, 10:02:49.457,41.523,-70.672, NAN,242.58,252.14,0.01,6.5,6.5,1012.0,1012.1,0.0,0.0,87.88,79.0,67,57,8.4,9.8,56.9,57.1,8.4,9.8,309.6,299.6,1014.1,1014.2,6.26,264.04,76.93,0.1975,8.4241,102.5,0.0,1441.232, NAN, NAN, NAN, NAN,,2024/04/22 10:02:49.457,2024-04-22 10:02:49.457000+00:00
2024/04/22, 10:03:49.457,41.523,-70.672, NAN,242.67,26.41,0.02,6.5,6.5,1012.0,1012.1,0.0,0.0,87.88,79.0,71,62,7.7,9.1,57.1,59.1,7.7,9.1,313.6,304.6,1014.1,1014.2,6.9,263.97,82.56,0.1975,8.4202,102.5,0.0,1441.216, NAN, NAN, NAN, NAN,,2024/04/22 10:03:49.457,2024-04-22 10:03:49.457000+00:00
2024/04/22, 10:04:49.457,41.523,-70.672, NAN,242.73,269.96,0.01,6.4,6.5,1012.0,1012.1,0.0,0.0,87.88,79.0,68,57,7.3,9.0,59.3,58.4,7.3,9.0,310.8,299.8,1014.1,1014.2,9.23,263.98,103.49,0.1975,8.4142,102.8,0.0,1441.191, NAN, NAN, NAN, NAN,,2024/04/22 10:04:49.457,2024-04-22 10:04:49.457000+00:00
2024/04/22, 10:05:49.457,41.523,-70.672, NAN,242.58,347.72,0.01,6.4,6.5,1012.1,1012.1,0.0,0.0,87.88,79.0,65,58,7.5,8.9,59.1,58.5,7.5,8.9,307.5,300.5,1014.2,1014.2,12.89,264.05,135.97,0.1975,8.4093,102.2,0.0,1441.171, NAN, NAN, NAN, NAN,,2024/04/22 10:05:49.457,2024-04-22 10:05:49.457000+00:00
2024/04/22, 10:06:49.457,41.523,-70.672, NAN,242.61,57.64,0.01,6.4,6.5,1012.1,1012.1,0.0,0.0,87.88,79.0,66,59,8.0,9.4,58.4,59.1,8.0,9.4,308.6,301.6,1014.2,1014.2,16.21,264.16,168.03,0.1976,8.405,102.5,0.0,1441.154, NAN, NAN, NAN, NAN,,2024/04/22 10:06:49.457,2024-04-22 10:06:49.457000+00:00
2024/04/22, 10:07:49.457,41.523,-70.672, NAN,242.59,261.01,0.0,6.4,6.5,1012.2,1012.1,0.0,0.0,87.88,79.0,62,55,8.4,10.1,58.6,58.0,8.4,10.1,304.6,297.6,1014.3,1014.2,17.99,264.35,183.66,0.1975,8.4032,102.2,0.0,1441.146, NAN, NAN, NAN, NAN,,2024/04/22 10:07:49.457,2024-04-22 10:07:49.457000+00:00
2024/04/22, 10:08:49.457,41.523,-70.672, NAN,242.58,109.35,0.0,6.4,6.5,1012.1,1012.1,0.0,0.0,87.88,79.0,67,57,9.9,10.8,58.6,57.4,9.9,10.8,309.6,299.6,1014.2,1014.2,18.5,263.94,197.65,0.1975,8.4027,101.9,0.0,1441.144, NAN, NAN, NAN, NAN,,2024/04/22 10:08:49.457,2024-04-22 10:08:49.457000+00:00
2024/04/22, 10:09:49.458,41.523,-70.672, NAN,242.61,97.8,0.01,6.4,6.5,1012.0,1012.1,0.0,0.0,87.88,79.0,68,61,9.0,10.5,57.4,58.3,9.0,10.5,310.6,303.6,1014.1,1014.2,20.3,263.94,214.88,0.1976,8.4038,101.9,0.0,1441.149, NAN, NAN, NAN, NAN,,2024/04/22 10:09:49.458,2024-04-22 10:09:49.458000+00:00
2024/04/22, 10:10:49.458,41.523,-70.672, NAN,242.68,350.99,0.01,6.4,6.5,1012.0,1012.1,0.0,0.0,87.88,79.0,62,52,8.3,9.8,58.4,59.9,8.3,9.8,304.7,294.7,1014.1,1014.2,23.03,264.27,232.98,0.1976,8.4047,102.2,0.0,1441.152, NAN, NAN, NAN, NAN,,2024/04/22 10:10:49.458,2024-04-22 10:10:49.458000+00:00
2024/04/22, 10:11:49.458,41.523,-70.672, NAN,242.58,244.24,0.0,6.4,6.5,1012.0,1012.1,0.0,0.0,87.88,79.0,66,58,8.1,9.9,59.3,60.0,8.1,9.9,308.6,300.6,1014.1,1014.2,25.38,264.26,255.08,0.1976,8.4066,102.2,0.0,1441.16, NAN, NAN, NAN, NAN,,2024/04/22 10:11:49.458,2024-04-22 10:11:49.458000+00:00
2024/04/22, 10:12:49.458,41.523,-70.672, NAN,242.57,127.16,0.0,6.4,6.5,1012.2,1012.0,0.0,0.0,87.88,79.0,61,53,8.6,10.4,60.0,57.1,8.6,10.4,303.6,295.6,1014.3,1014.1,27.11,264.27,274.33,0.1976,8.4067,102.2,0.0,1441.161, NAN, NAN, NAN, NAN,,2024/04/22 10:12:49.458,2024-04-22 10:12:49.458000+00:00
2024/04/22, 10:13:49.458,41.523,-70.672, NAN,242.72,27.3,0.01,6.4,6.5,1012.0,1012.1,0.0,0.0,87.88,79.0,65,61,6.5,7.4,57.4,60.6,6.5,7.4,307.7,303.7,1014.1,1014.2,28.95,264.27,294.46,0.1976,8.4076,102.2,0.0,1441.164, NAN, NAN, NAN, NAN,,2024/04/22 10:13:49.458,2024-04-22 10:13:49.458000+00:00
2024/04/22, 10:14:49.458,41.523,-70.672, NAN,242.59,7.07,0.01,6.4,6.5,1012.0,1012.1,0.0,0.0,87.88,79.0,62,55,7.9,9.4,60.6,58.1,7.9,9.4,304.6,297.6,1014.1,1014.2,30.65,264.04,316.06,0.1976,8.4065,102.5,0.0,1441.16, NAN, NAN, NAN, NAN,,2024/04/22 10:14:49.458,2024-04-22 10:14:49.458000+00:00
2024/04/22, 10:15:49.458,41.523,-70.672, NAN,242.59,254.91,0.01,6.4,6.4,1012.1,1012.1,0.0,0.0,87.88,79.0,64,57,8.0,9.5,58.0,58.0,8.0,9.5,306.6,299.6,1014.2,1014.2,32.61,264.38,318.96,0.1976,8.4058,102.2,0.0,1441.157, NAN, NAN, NAN, NAN,,2024/04/22 10:15:49.458,2024-04-22 10:15:49.458000+00:00
2024/04/22, 10:16:49.458,41.523,-70.672, NAN,242.59,300.18,0.0,6.4,6.4,1012.1,1012.1,0.0,0.0,87.88,79.0,68,61,6.5,7.8,58.1,59.4,6.5,7.8,310.6,303.6,1014.2,1014.2,34.52,264.13,333.34,0.1976,8.4066,101.9,0.0,1441.16, NAN, NAN, NAN, NAN,,2024/04/22 10:16:49.458,2024-04-22 10:16:49.458000+00:00
2024/04/22, 10:17:49.458,41.523,-70.672, NAN,242.63,338.11,0.0,6.4,6.4,1012.2,1012.2,0.0,0.0,87.88,79.0,65,62,6.9,7.5,59.6,60.9,6.9,7.5,307.6,304.6,1014.3,1014.3,36.55,264.67,358.36,0.1976,8.4075,101.6,0.0,1441.164, NAN, NAN, NAN, NAN,,2024/04/22 10:17:49.458,2024-04-22 10:17:49.458000+00:00
2024/04/22, 10:18:49.458,41.523,-70.672, NAN,242.58,203.3,0.01,6.4,6.4,1012.2,1012.2,0.0,0.0,87.88,79.0,61,53,8.7,10.1,61.3,61.2,8.7,10.1,303.6,295.6,1014.3,1014.3,38.57,264.37,403.32,0.1976,8.4106,101.9,0.0,1441.177, NAN, NAN, NAN, NAN,,2024/04/22 10:18:49.458,2024-04-22 10:18:49.458000+00:00
2024/04/22, 10:19:49.458,41.523,-70.672, NAN,242.58,193.03,0.0,6.4,6.4,1012.1,1012.2,0.0,0.0,87.88,79.0,61,52,8.9,10.3,59.2,58.2,8.9,10.3,303.6,294.6,1014.2,1014.3,40.87,264.3,425.9,0.1976,8.413,102.2,0.0,1441.187, NAN, NAN, NAN, NAN,,2024/04/22 10:19:49.458,2024-04-22 10:19:49.458000+00:00
2024/04/22, 10:20:49.458,41.523,-70.672, NAN,242.58,318.04,0.0,6.4,6.4,1012.2,1012.2,0.0,0.0,87.88,79.0,68,60,8.3,9.3,58.0,57.1,8.3,9.3,310.6,302.6,1014.3,1014.3,43.18,264.5,447.08,0.1976,8.4138,103.1,0.0,1441.19, NAN, NAN, NAN, NAN,,2024/04/22 10:20:49.458,2024-04-22 10:20:49.458000+00:00
2024/04/22, 10:21:49.458,41.523,-70.672, NAN,242.62,20.06,0.0,6.4,6.4,1012.2,1012.2,0.0,0.0,87.88,79.0,67,58,8.2,9.6,57.6,58.6,8.2,9.6,309.6,300.6,1014.3,1014.3,45.69,264.47,473.78,0.1976,8.4142,102.2,0.0,1441.192, NAN, NAN, NAN, NAN,,2024/04/22 10:21:49.458,2024-04-22 10:21:49.458000+00:00
2024/04/22, 10:22:49.458,41.523,-70.672, NAN,242.6,348.95,0.0,6.4,6.4,1012.3,1012.2,0.0,0.0,87.88,79.0,69,60,9.4,10.7,58.4,59.1,9.4,10.7,311.6,302.6,1014.4,1014.3,48.22,264.82,496.08,0.1976,8.4139,102.2,0.0,1441.19, NAN, NAN, NAN, NAN,,2024/04/22 10:22:49.458,2024-04-22 10:22:49.458000+00:00
2024/04/22, 10:23:49.458,41.523,-70.672, NAN,242.63,258.79,0.0,6.4,6.5,1012.3,1012.3,0.0,0.0,87.88,79.0,67,58,8.1,9.4,58.6,59.8,8.1,9.4,309.6,300.6,1014.4,1014.4,50.73,264.96,519.42,0.1976,8.4137,102.2,0.0,1441.19, NAN, NAN, NAN, NAN,,2024/04/22 10:23:49.458,2024-04-22 10:23:49.458000+00:00
2024/04/22, 10:24:49.458,41.523,-70.672, NAN,242.67,49.27,0.01,6.4,6.5,1012.3,1012.3,0.0,0.0,87.88,79.0,59,52,6.9,8.3,59.8,60.3,6.9,8.3,301.6,294.6,1014.4,1014.4,53.41,265.26,542.49,0.1976,8.414,101.9,0.0,1441.191, NAN, NAN, NAN, NAN,,2024/04/22 10:24:49.458,2024-04-22 10:24:49.458000+00:00
2024/04/22, 10:25:49.458,41.523,-70.672, NAN,242.63,304.83,0.0,6.5,6.5,1012.3,1012.3,0.0,0.0,87.88,79.0,62,55,7.5,8.9,60.9,61.1,7.5,8.9,304.6,297.6,1014.4,1014.4,55.75,265.29,565.7,0.1977,8.4156,102.2,0.0,1441.197, NAN, NAN, NAN, NAN,,2024/04/22 10:25:49.458,2024-04-22 10:25:49.458000+00:00
2024/04/22, 10:26:49.459,41.523,-70.672, NAN,242.65,278.2,0.0,6.5,6.5,1012.4,1012.3,0.0,0.0,87.88,79.0,64,57,6.2,7.7,61.0,60.9,6.2,7.7,306.6,299.6,1014.5,1014.4,58.49,265.21,592.96,0.1977,8.4196,101.9,0.0,1441.214, NAN, NAN, NAN, NAN,,2024/04/22 10:26:49.459,2024-04-22 10:26:49.459000+00:00
2024/04/22, 10:27:49.459,41.523,-70.672, NAN,242.64,249.82,0.01,6.5,6.5,1012.4,1012.3,0.0,0.0,87.88,79.0,63,54,8.9,10.5,61.1,60.9,8.9,10.5,305.6,296.6,1014.5,1014.4,60.84,264.91,614.88,0.1977,8.4268,102.5,0.0,1441.244, NAN, NAN, NAN, NAN,,2024/04/22 10:27:49.459,2024-04-22 10:27:49.459000+00:00
2024/04/22, 10:28:49.459,41.523,-70.672, NAN,242.62,252.98,0.0,6.5,6.5,1012.3,1012.4,0.0,0.0,87.88,79.0,59,52,7.7,9.4,59.9,60.1,7.7,9.4,301.6,294.6,1014.4,1014.5,63.08,265.39,637.17,0.1977,8.4346,101.9,0.0,1441.276, NAN, NAN, NAN, NAN,,2024/04/22 10:28:49.459,2024-04-22 10:28:49.459000+00:00
2024/04/22, 10:29:49.459,41.523,-70.672, NAN,242.63,221.73,0.0,6.5,6.6,1012.4,1012.4,0.0,0.0,87.88,79.0,64,60,7.7,8.6,60.2,61.1,7.7,8.6,306.6,302.6,1014.5,1014.5,65.11,265.55,659.23,0.1977,8.4384,102.2,0.0,1441.292, NAN, NAN, NAN, NAN,,2024/04/22 10:29:49.459,2024-04-22 10:29:49.459000+00:00
2024/04/22, 10:30:49.459,41.523,-70.672, NAN,242.67,5.03,0.0,6.6,6.6,1012.4,1012.4,0.0,0.0,87.88,79.0,63,55,7.5,8.9,61.3,62.3,7.5,8.9,305.7,297.7,1014.5,1014.5,67.13,265.08,680.49,0.1977,8.4375,101.9,0.0,1441.288, NAN, NAN, NAN, NAN,,2024/04/22 10:30:49.459,2024-04-22 10:30:49.459000+00:00
2024/04/22, 10:31:49.459,41.523,-70.672, NAN,242.68,207.06,0.01,6.6,6.6,1012.4,1012.4,0.0,0.0,87.88,79.0,67,56,9.5,10.5,62.2,58.9,9.5,10.5,309.7,298.7,1014.5,1014.5,69.16,265.32,706.6,0.1977,8.4387,101.9,0.0,1441.293, NAN, NAN, NAN, NAN,,2024/04/22 10:31:49.459,2024-04-22 10:31:49.459000+00:00
2024/04/22, 10:32:49.459,41.523,-70.672, NAN,242.58,205.62,0.01,6.5,6.6,1012.4,1012.4,0.0,0.0,87.88,79.0,66,58,9.3,9.8,59.2,59.4,9.3,9.8,308.6,300.6,1014.5,1014.5,71.23,265.07,726.44,0.1977,8.4372,102.2,0.0,1441.287, NAN, NAN, NAN, NAN,,2024/04/22 10:32:49.459,2024-04-22 10:32:49.459000+00:00
2024/04/22, 10:33:49.459,41.523,-70.672, NAN,242.59,32.86,0.0,6.5,6.6,1012.4,1012.4,0.0,0.0,87.88,79.0,66,58,9.8,10.3,59.1,59.1,9.8,10.3,308.6,300.6,1014.5,1014.5,73.45,264.85,745.37,0.1977,8.4361,102.2,0.0,1441.282, NAN, NAN, NAN, NAN,,2024/04/22 10:33:49.459,2024-04-22 10:33:49.459000+00:00
2024/04/22, 10:34:49.459,41.523,-70.672, NAN,242.59,192.73,0.01,6.5,6.5,1012.5,1012.4,0.0,0.0,87.88,79.0,63,55,8.8,10.2,57.4,57.6,8.8,10.2,305.6,297.6,1014.6,1014.5,75.68,265.1,764.52,0.1977,8.4351,101.9,0.0,1441.278, NAN, NAN, NAN, NAN,,2024/04/22 10:34:49.459,2024-04-22 10:34:49.459000+00:00
2024/04/22, 10:35:49.459,41.523,-70.672, NAN,242.69,0.87,0.02,6.5,6.5,1012.4,1012.5,0.0,0.0,87.88,79.0,63,55,7.8,9.7,58.0,60.7,7.8,9.7,305.6,297.6,1014.5,1014.6,77.93,264.85,782.79,0.1977,8.4331,102.2,0.0,1441.27, NAN, NAN, NAN, NAN,,2024/04/22 10:35:49.459,2024-04-22 10:35:49.459000+00:00
2024/04/22, 10:36:49.459,41.523,-70.672, NAN,242.68,182.02,0.01,6.5,6.5,1012.5,1012.4,0.0,0.0,87.88,79.0,65,56,9.1,10.5,60.6,58.9,9.1,10.5,307.7,298.7,1014.6,1014.5,80.73,265.05,804.04,0.1977,8.4312,101.9,0.0,1441.262, NAN, NAN, NAN, NAN,,2024/04/22 10:36:49.459,2024-04-22 10:36:49.459000+00:00
2024/04/22, 10:37:49.459,41.523,-70.672, NAN,242.72,317.33,0.0,6.5,6.5,1012.4,1012.4,0.0,0.0,87.88,79.0,79,71,7.6,8.5,58.7,60.3,7.6,8.5,321.7,313.7,1014.5,1014.5,83.59,265.0,821.25,0.1977,8.4298,101.9,0.0,1441.256, NAN, NAN, NAN, NAN,,2024/04/22 10:37:49.459,2024-04-22 10:37:49.459000+00:00
2024/04/22, 10:38:49.459,41.523,-70.672, NAN,242.68,215.51,0.0,6.5,6.5,1012.4,1012.4,0.0,0.0,87.88,79.0,67,62,7.3,8.3,60.0,60.3,7.3,8.3,309.7,304.7,1014.5,1014.5,86.37,265.16,839.19,0.1977,8.4291,102.2,0.0,1441.253, NAN, NAN, NAN, NAN,,2024/04/22 10:38:49.459,2024-04-22 10:38:49.459000+00:00
2024/04/22, 10:39:49.459,41.523,-70.672, NAN,242.68,5.45,0.01,6.5,6.5,1012.5,1012.5,0.0,0.0,87.88,79.0,70,59,7.0,8.2,59.7,60.0,7.0,8.2,312.6,301.6,1014.6,1014.6,89.14,265.17,857.13,0.1977,8.4283,101.6,0.0,1441.25, NAN, NAN, NAN, NAN,,2024/04/22 10:39:49.459,2024-04-22 10:39:49.459000+00:00
2024/04/22, 10:40:49.459,41.523,-70.672, NAN,242.67,68.45,0.0,6.5,6.5,1012.6,1012.5,0.0,0.0,87.88,79.0,64,56,8.7,10.2,60.7,59.5,8.7,10.2,306.7,298.7,1014.7,1014.6,91.92,265.1,873.83,0.1977,8.429,102.2,0.0,1441.253, NAN, NAN, NAN, NAN,,2024/04/22 10:40:49.459,2024-04-22 10:40:49.459000+00:00
2024/04/22, 10:41:49.459,41.523,-70.672, NAN,242.68,322.44,0.01,6.5,6.5,1012.6,1012.4,0.0,0.0,87.88,79.0,71,65,6.9,7.8,59.6,59.6,6.9,7.8,313.7,307.7,1014.7,1014.5,94.75,265.28,892.69,0.1978,8.4299,102.5,0.0,1441.257, NAN, NAN, NAN, NAN,,2024/04/22 10:41:49.459,2024-04-22 10:41:49.459000+00:00
2024/04/22, 10:42:49.459,41.523,-70.672, NAN,242.71,13.39,0.02,6.5,6.5,1012.6,1012.5,0.0,0.0,87.88,79.0,72,66,7.7,8.5,60.0,59.7,7.7,8.5,314.6,308.6,1014.7,1014.6,97.26,265.25,908.34,0.1977,8.4311,101.9,0.0,1441.261, NAN, NAN, NAN, NAN,,2024/04/22 10:42:49.459,2024-04-22 10:42:49.459000+00:00
2024/04/22, 10:43:49.459,41.523,-70.672, NAN,242.69,257.17,0.01,6.5,6.5,1012.6,1012.5,0.0,0.0,87.88,79.0,70,64,9.0,10.0,59.8,59.9,9.0,10.0,312.7,306.7,1014.7,1014.6,100.16,264.85,923.67,0.1978,8.4315,102.2,0.0,1441.263, NAN, NAN, NAN, NAN,,2024/04/22 10:43:49.459,2024-04-22 10:43:49.459000+00:00
2024/04/22, 10:44:49.460,41.523,-70.672, NAN,242.74,334.07,0.01,6.5,6.5,1012.4,1012.5,0.0,0.0,87.88,79.0,74,68,8.4,9.2,59.8,58.9,8.4,9.2,316.8,310.8,1014.5,1014.6,102.98,264.81,940.33,0.1978,8.4318,101.0,0.0,1441.264, NAN, NAN, NAN, NAN,,2024/04/22 10:44:49.460,2024-04-22 10:44:49.460000+00:00
2024/04/22, 10:45:49.460,41.523,-70.672, NAN,242.67,346.34,0.0,6.5,6.5,1012.5,1012.4,0.0,0.0,87.88,79.0,73,66,9.3,10.7,58.8,57.8,9.3,10.7,315.7,308.7,1014.6,1014.5,106.08,264.77,957.1,0.1978,8.4321,101.9,0.0,1441.266, NAN, NAN, NAN, NAN,,2024/04/22 10:45:49.460,2024-04-22 10:45:49.460000+00:00
2024/04/22, 10:46:49.460,41.523,-70.672, NAN,242.71,292.6,0.0,6.5,6.5,1012.5,1012.5,0.0,0.0,87.88,79.0,69,62,8.9,10.3,57.6,58.8,8.9,10.3,311.7,304.7,1014.6,1014.6,109.51,264.64,978.38,0.1978,8.4329,101.9,0.0,1441.269, NAN, NAN, NAN, NAN,,2024/04/22 10:46:49.460,2024-04-22 10:46:49.460000+00:00
2024/04/22, 10:47:49.460,41.523,-70.672, NAN,242.68,4.98,0.01,6.5,6.5,1012.4,1012.5,0.0,0.0,87.88,79.0,72,68,7.7,8.6,57.7,58.7,7.7,8.6,314.7,310.7,1014.5,1014.6,112.36,264.86,992.96,0.1978,8.4339,101.9,0.0,1441.273, NAN, NAN, NAN, NAN,,2024/04/22 10:47:49.460,2024-04-22 10:47:49.460000+00:00
2024/04/22, 10:48:49.460,41.523,-70.672, NAN,242.69,195.24,0.0,6.5,6.5,1012.6,1012.6,0.0,0.0,87.88,79.0,67,61,7.8,8.8,59.0,60.2,7.8,8.8,309.7,303.7,1014.7,1014.7,115.51,265.1,1009.87,0.1978,8.4355,101.9,0.0,1441.28, NAN, NAN, NAN, NAN,,2024/04/22 10:48:49.460,2024-04-22 10:48:49.460000+00:00
2024/04/22, 10:49:49.460,41.523,-70.672, NAN,242.63,257.4,0.01,6.5,6.5,1012.6,1012.6,0.0,0.0,87.88,79.0,66,60,8.3,9.7,60.5,59.5,8.3,9.7,308.7,302.7,1014.7,1014.7,119.28,265.17,1025.48,0.1978,8.4375,102.2,0.0,1441.288, NAN, NAN, NAN, NAN,,2024/04/22 10:49:49.460,2024-04-22 10:49:49.460000+00:00
2024/04/22, 10:50:49.460,41.523,-70.672, NAN,242.68,315.27,0.0,6.5,6.5,1012.6,1012.6,0.0,0.0,87.88,79.0,66,58,8.1,9.2,59.8,59.5,8.1,9.2,308.7,300.7,1014.7,1014.7,123.04,265.1,1042.35,0.1978,8.4387,101.9,0.0,1441.293, NAN, NAN, NAN, NAN,,2024/04/22 10:50:49.460,2024-04-22 10:50:49.460000+00:00
2024/04/22, 10:51:49.460,41.523,-70.672, NAN,242.63,18.95,0.01,6.5,6.5,1012.7,1012.6,0.0,0.0,87.88,79.0,67,59,9.3,10.6,60.0,59.8,9.3,10.6,309.6,301.6,1014.8,1014.7,126.87,265.07,1058.57,0.1978,8.4421,101.9,0.0,1441.307, NAN, NAN, NAN, NAN,,2024/04/22 10:51:49.460,2024-04-22 10:51:49.460000+00:00
2024/04/22, 10:52:49.460,41.523,-70.672, NAN,242.7,183.09,0.0,6.5,6.5,1012.6,1012.6,0.0,0.0,87.88,79.0,68,59,9.1,10.7,58.5,58.9,9.1,10.7,310.7,301.7,1014.7,1014.7,130.6,265.12,1074.47,0.1978,8.4435,101.6,0.0,1441.313, NAN, NAN, NAN, NAN,,2024/04/22 10:52:49.460,2024-04-22 10:52:49.460000+00:00
2024/04/22, 10:53:49.460,41.523,-70.672, NAN,242.68,168.68,0.01,6.5,6.5,1012.6,1012.7,0.0,0.0,87.88,79.0,71,67,7.2,7.8,58.4,60.5,7.2,7.8,313.7,309.7,1014.7,1014.8,134.45,265.33,1089.11,0.1978,8.4438,101.9,0.0,1441.314, NAN, NAN, NAN, NAN,,2024/04/22 10:53:49.460,2024-04-22 10:53:49.460000+00:00
2024/04/22, 10:54:49.460,41.523,-70.672, NAN,242.67,306.38,0.01,6.5,6.5,1012.7,1012.7,0.0,0.0,87.88,79.0,70,61,7.5,8.8,60.9,59.6,7.5,8.8,312.6,303.6,1014.8,1014.8,137.98,265.35,1104.02,0.1978,8.4446,101.9,0.0,1441.317, NAN, NAN, NAN, NAN,,2024/04/22 10:54:49.460,2024-04-22 10:54:49.460000+00:00
2024/04/22, 10:55:49.460,41.523,-70.672, NAN,242.71,152.12,0.0,6.5,6.5,1012.7,1012.7,0.0,0.0,87.88,79.0,64,55,8.3,10.1,59.6,59.1,8.3,10.1,306.7,297.7,1014.8,1014.8,141.4,265.05,1119.83,0.1978,8.4442,102.2,0.0,1441.316, NAN, NAN, NAN, NAN,,2024/04/22 10:55:49.460,2024-04-22 10:55:49.460000+00:00
2024/04/22, 10:56:49.460,41.523,-70.672, NAN,242.66,177.51,0.01,6.5,6.5,1012.6,1012.8,0.0,0.0,87.88,79.0,72,66,7.4,8.4,59.3,60.1,7.4,8.4,314.7,308.7,1014.7,1014.9,144.64,265.14,1132.65,0.1978,8.4443,101.9,0.0,1441.316, NAN, NAN, NAN, NAN,,2024/04/22 10:56:49.460,2024-04-22 10:56:49.460000+00:00
2024/04/22, 10:57:49.460,41.523,-70.672, NAN,242.71,289.45,0.01,6.5,6.5,1012.7,1012.8,0.0,0.0,87.88,79.0,71,66,7.3,8.0,60.1,59.0,7.3,8.0,313.7,308.7,1014.8,1014.9,148.03,265.4,1146.39,0.1978,8.4435,102.2,0.0,1441.313, NAN, NAN, NAN, NAN,,2024/04/22 10:57:49.460,2024-04-22 10:57:49.460000+00:00
2024/04/22, 10:58:49.460,41.523,-70.672, NAN,242.72,46.73,0.01,6.5,6.5,1012.8,1012.8,0.0,0.0,87.88,79.0,67,58,6.8,8.2,59.2,60.8,6.8,8.2,309.7,300.7,1014.9,1014.9,150.88,265.57,1159.57,0.1978,8.4419,101.9,0.0,1441.306, NAN, NAN, NAN, NAN,,2024/04/22 10:58:49.460,2024-04-22 10:58:49.460000+00:00
2024/04/22, 10:59:49.460,41.523,-70.672, NAN,242.69,303.84,0.0,6.5,6.5,1012.7,1012.7,0.0,0.0,87.88,79.0,65,59,10.0,11.2,61.0,58.5,10.0,11.2,307.7,301.7,1014.8,1014.8,154.31,264.87,1173.48,0.1978,8.4418,102.2,0.0,1441.306, NAN, NAN, NAN, NAN,,2024/04/22 10:59:49.460,2024-04-22 10:59:49.460000+00:00
2024/04/22, 11:00:49.461,41.523,-70.672, NAN,242.73,232.37,0.01,6.5,6.5,1012.6,1012.8,0.0,0.0,87.88,79.0,72,65,8.4,9.7,58.2,59.5,8.4,9.7,314.8,307.8,1014.7,1014.9,158.05,265.29,1190.53,0.1978,8.4422,101.9,0.0,1441.307, NAN, NAN, NAN, NAN,,2024/04/22 11:00:49.461,2024-04-22 11:00:49.461000+00:00
2024/04/22, 11:01:49.461,41.523,-70.672, NAN,242.76,342.75,0.0,6.5,6.5,1012.7,1012.8,0.0,0.0,87.88,79.0,62,55,8.2,9.7,59.5,60.2,8.2,9.7,304.8,297.8,1014.8,1014.9,161.47,265.47,1204.29,0.1978,8.4425,101.9,0.0,1441.309, NAN, NAN, NAN, NAN,,2024/04/22 11:01:49.461,2024-04-22 11:01:49.461000+00:00
2024/04/22, 11:02:49.461,41.523,-70.672, NAN,242.72,165.34,0.0,6.5,6.5,1012.8,1012.7,0.0,0.0,87.88,79.0,68,59,8.2,10.0,60.1,61.0,8.2,10.0,310.7,301.7,1014.9,1014.8,164.83,265.39,1216.35,0.1978,8.4434,102.2,0.0,1441.312, NAN, NAN, NAN, NAN,,2024/04/22 11:02:49.461,2024-04-22 11:02:49.461000+00:00
2024/04/22, 11:03:49.461,41.523,-70.672, NAN,242.64,349.88,0.0,6.5,6.5,1012.8,1012.8,0.0,0.0,87.88,79.0,66,55,10.2,11.1,60.4,59.8,10.2,11.1,308.6,297.6,1014.9,1014.9,168.26,265.08,1228.55,0.1978,8.4439,101.9,0.0,1441.314, NAN, NAN, NAN, NAN,,2024/04/22 11:03:49.461,2024-04-22 11:03:49.461000+00:00
2024/04/22, 11:04:49.461,41.523,-70.672, NAN,242.62,275.78,0.0,6.5,6.5,1012.7,1012.7,0.0,0.0,87.88,79.0,67,57,9.9,10.9,59.6,59.7,9.9,10.9,309.6,299.6,1014.8,1014.8,172.01,265.11,1240.25,0.1978,8.4447,101.9,0.0,1441.318, NAN, NAN, NAN, NAN,,2024/04/22 11:04:49.461,2024-04-22 11:04:49.461000+00:00
2024/04/22, 11:05:49.461,41.523,-70.672, NAN,242.68,189.36,0.0,6.5,6.5,1012.7,1012.7,0.0,0.0,87.88,79.0,71,63,9.1,10.1,58.8,59.5,9.1,10.1,313.7,305.7,1014.8,1014.8,175.46,265.04,1252.97,0.1978,8.4447,101.9,0.0,1441.318, NAN, NAN, NAN, NAN,,2024/04/22 11:05:49.461,2024-04-22 11:05:49.461000+00:00
2024/04/22, 11:06:49.461,41.523,-70.672, NAN,242.67,342.07,0.0,6.5,6.5,1012.6,1012.7,0.0,0.0,87.88,79.0,64,57,8.5,9.6,59.3,58.7,8.5,9.6,306.7,299.7,1014.7,1014.8,179.29,265.42,1265.88,0.1979,8.4441,101.9,0.0,1441.315, NAN, NAN, NAN, NAN,,2024/04/22 11:06:49.461,2024-04-22 11:06:49.461000+00:00
2024/04/22, 11:07:49.461,41.523,-70.672, NAN,242.72,74.97,0.0,6.5,6.5,1012.7,1012.7,0.0,0.0,87.88,79.0,64,55,8.8,10.1,59.2,60.7,8.8,10.1,306.7,297.7,1014.8,1014.8,182.75,265.34,1277.72,0.1978,8.4435,101.2,0.0,1441.313, NAN, NAN, NAN, NAN,,2024/04/22 11:07:49.461,2024-04-22 11:07:49.461000+00:00
2024/04/22, 11:08:49.461,41.523,-70.672, NAN,242.61,232.5,0.01,6.5,6.5,1012.7,1012.7,0.0,0.0,87.88,79.0,68,57,10.4,11.4,60.4,59.5,10.4,11.4,310.6,299.6,1014.8,1014.8,186.26,265.32,1289.65,0.1979,8.445,102.2,0.0,1441.319, NAN, NAN, NAN, NAN,,2024/04/22 11:08:49.461,2024-04-22 11:08:49.461000+00:00
2024/04/22, 11:09:49.461,41.523,-70.672, NAN,242.63,225.57,0.01,6.5,6.5,1012.7,1012.7,0.0,0.0,87.88,79.0,62,55,9.9,10.8,59.4,59.8,9.9,10.8,304.6,297.6,1014.8,1014.8,190.15,265.33,1302.03,0.1979,8.4468,101.9,0.0,1441.326, NAN, NAN, NAN, NAN,,2024/04/22 11:09:49.461,2024-04-22 11:09:49.461000+00:00
2024/04/22, 11:10:49.461,41.523,-70.672, NAN,242.68,0.6,0.0,6.5,6.5,1012.7,1012.6,0.0,0.0,87.88,79.0,65,56,9.2,10.3,59.6,58.7,9.2,10.3,307.7,298.7,1014.8,1014.7,193.26,265.24,1313.43,0.1979,8.4495,101.2,0.0,1441.338, NAN, NAN, NAN, NAN,,2024/04/22 11:10:49.461,2024-04-22 11:10:49.461000+00:00
2024/04/22, 11:11:49.461,41.523,-70.672, NAN,242.66,200.7,0.01,6.5,6.5,1012.7,1012.6,0.0,0.0,87.88,79.0,71,66,9.0,9.8,58.6,59.3,9.0,9.8,313.7,308.7,1014.8,1014.7,196.86,265.4,1327.55,0.1979,8.45,101.6,0.0,1441.34, NAN, NAN, NAN, NAN,,2024/04/22 11:11:49.461,2024-04-22 11:11:49.461000+00:00
2024/04/22, 11:12:49.461,41.523,-70.672, NAN,242.67,311.63,0.01,6.5,6.5,1012.7,1012.6,0.0,0.0,87.88,79.0,71,66,8.6,9.6,58.5,60.1,8.6,9.6,313.7,308.7,1014.8,1014.7,200.46,265.84,1339.33,0.1979,8.4509,101.6,0.0,1441.343, NAN, NAN, NAN, NAN,,2024/04/22 11:12:49.461,2024-04-22 11:12:49.461000+00:00
2024/04/22, 11:13:49.461,41.523,-70.672, NAN,242.69,313.15,0.01,6.5,6.5,1012.7,1012.7,0.0,0.0,87.88,79.0,64,58,8.0,9.5,60.1,60.1,8.0,9.5,306.7,300.7,1014.8,1014.8,203.82,265.83,1351.51,0.1979,8.4516,101.9,0.0,1441.346, NAN, NAN, NAN, NAN,,2024/04/22 11:13:49.461,2024-04-22 11:13:49.461000+00:00
2024/04/22, 11:14:49.461,41.523,-70.672, NAN,242.72,201.82,0.01,6.5,6.6,1012.7,1012.7,0.0,0.0,87.88,79.0,65,57,7.7,9.2,60.3,60.3,7.7,9.2,307.8,299.8,1014.8,1014.8,207.09,265.91,1362.04,0.1979,8.4519,102.2,0.0,1441.347, NAN, NAN, NAN, NAN,,2024/04/22 11:14:49.461,2024-04-22 11:14:49.461000+00:00
2024/04/22, 11:15:49.461,41.523,-70.672, NAN,242.72,81.67,0.01,6.5,6.6,1012.7,1012.6,0.0,0.0,87.88,79.0,74,65,8.5,9.6,60.5,59.2,8.5,9.6,316.7,307.7,1014.8,1014.7,210.01,265.95,1374.08,0.1979,8.4529,101.6,0.0,1441.352, NAN, NAN, NAN, NAN,,2024/04/22 11:15:49.461,2024-04-22 11:15:49.461000+00:00
2024/04/22, 11:16:49.461,41.523,-70.672, NAN,242.72,254.06,0.01,6.6,6.6,1012.6,1012.6,0.0,0.0,87.88,79.0,75,69,8.4,9.2,58.9,58.7,8.4,9.2,317.8,311.8,1014.7,1014.7,213.35,265.76,1384.54,0.1979,8.4528,101.2,0.0,1441.351, NAN, NAN, NAN, NAN,,2024/04/22 11:16:49.461,2024-04-22 11:16:49.461000+00:00
2024/04/22, 11:17:49.462,41.523,-70.672, NAN,242.72,308.73,0.01,6.6,6.6,1012.7,1012.6,0.0,0.0,87.88,79.0,69,60,8.2,10.0,58.6,60.4,8.2,10.0,311.7,302.7,1014.8,1014.7,216.58,266.0,1395.95,0.1979,8.4517,101.9,0.0,1441.347, NAN, NAN, NAN, NAN,,2024/04/22 11:17:49.462,2024-04-22 11:17:49.462000+00:00
2024/04/22, 11:18:49.462,41.523,-70.672, NAN,242.75,232.52,0.02,6.6,6.6,1012.6,1012.7,0.0,0.0,87.88,79.0,74,68,7.6,8.3,59.9,59.5,7.6,8.3,316.8,310.8,1014.7,1014.8,219.72,266.32,1406.46,0.1979,8.4488,101.6,0.0,1441.335, NAN, NAN, NAN, NAN,,2024/04/22 11:18:49.462,2024-04-22 11:18:49.462000+00:00
2024/04/22, 11:19:49.462,41.523,-70.672, NAN,242.74,106.19,0.01,6.6,6.7,1012.8,1012.7,0.0,0.0,87.88,79.0,77,74,7.7,8.5,60.2,57.4,7.7,8.5,319.7,316.7,1014.9,1014.8,222.94,266.05,1416.56,0.1979,8.4477,101.2,0.0,1441.33, NAN, NAN, NAN, NAN,,2024/04/22 11:19:49.462,2024-04-22 11:19:49.462000+00:00
2024/04/22, 11:20:49.462,41.523,-70.672, NAN,242.69,299.89,0.01,6.7,6.7,1012.7,1012.7,0.0,0.0,87.88,79.0,75,67,8.2,9.1,57.7,57.6,8.2,9.1,317.7,309.7,1014.8,1014.8,225.92,266.08,1428.6,0.1979,8.448,101.9,0.0,1441.331, NAN, NAN, NAN, NAN,,2024/04/22 11:20:49.462,2024-04-22 11:20:49.462000+00:00
2024/04/22, 11:21:49.462,41.523,-70.672, NAN,242.72,19.16,0.01,6.7,6.7,1012.7,1012.7,0.0,0.0,87.88,79.0,77,72,7.1,7.8,57.8,60.3,7.1,7.8,319.7,314.7,1014.8,1014.8,229.43,266.23,1439.29,0.1979,8.4482,102.8,0.0,1441.332, NAN, NAN, NAN, NAN,,2024/04/22 11:21:49.462,2024-04-22 11:21:49.462000+00:00
2024/04/22, 11:22:49.462,41.523,-70.672, NAN,242.67,33.84,0.01,6.7,6.7,1012.6,1012.6,0.0,0.0,87.88,79.0,71,65,9.4,10.5,60.7,58.9,9.4,10.5,313.7,307.7,1014.7,1014.7,232.63,265.65,1450.43,0.1979,8.4492,101.9,0.0,1441.336, NAN, NAN, NAN, NAN,,2024/04/22 11:22:49.462,2024-04-22 11:22:49.462000+00:00
2024/04/22, 11:23:49.462,41.523,-70.672, NAN,242.72,265.45,0.01,6.7,6.7,1012.7,1012.7,0.0,0.0,87.88,79.0,77,69,6.9,8.0,58.4,59.1,6.9,8.0,319.8,311.8,1014.8,1014.8,236.29,266.26,1461.27,0.1979,8.4511,101.2,0.0,1441.344, NAN, NAN, NAN, NAN,,2024/04/22 11:23:49.462,2024-04-22 11:23:49.462000+00:00
2024/04/22, 11:24:49.462,41.523,-70.672, NAN,242.72,260.36,0.0,6.7,6.7,1012.7,1012.8,0.0,0.0,87.88,79.0,80,76,8.1,8.9,59.7,59.6,8.1,8.9,322.7,318.7,1014.8,1014.9,239.39,266.41,1471.17,0.1979,8.4525,101.6,0.0,1441.35, NAN, NAN, NAN, NAN,,2024/04/22 11:24:49.462,2024-04-22 11:24:49.462000+00:00
2024/04/22, 11:25:49.462,41.523,-70.672, NAN,242.72,214.23,0.01,6.7,6.7,1012.6,1012.8,0.0,0.0,87.88,79.0,77,68,6.2,7.5,59.7,60.2,6.2,7.5,319.8,310.8,1014.7,1014.9,242.44,266.52,1481.38,0.1979,8.452,101.9,0.0,1441.348, NAN, NAN, NAN, NAN,,2024/04/22 11:25:49.462,2024-04-22 11:25:49.462000+00:00
2024/04/22, 11:26:49.462,41.523,-70.672, NAN,242.71,209.94,0.01,6.7,6.7,1012.8,1012.8,0.0,0.0,87.88,79.0,82,74,8.2,8.7,60.3,59.8,8.2,8.7,324.7,316.7,1014.9,1014.9,245.83,266.29,1492.39,0.1979,8.4519,101.6,0.0,1441.347, NAN, NAN, NAN, NAN,,2024/04/22 11:26:49.462,2024-04-22 11:26:49.462000+00:00
2024/04/22, 11:27:49.462,41.523,-70.672, NAN,242.67,152.41,0.01,6.7,6.7,1012.8,1012.7,0.0,0.0,87.88,79.0,78,72,10.0,10.7,59.7,59.3,10.0,10.7,320.7,314.7,1014.9,1014.8,248.82,266.33,1500.8,0.1979,8.4525,101.9,0.0,1441.35, NAN, NAN, NAN, NAN,,2024/04/22 11:27:49.462,2024-04-22 11:27:49.462000+00:00
2024/04/22, 11:28:49.462,41.523,-70.672, NAN,242.74,327.26,0.0,6.7,6.7,1012.8,1012.8,0.0,0.0,87.88,79.0,72,66,8.2,9.2,58.8,58.3,8.2,9.2,314.7,308.7,1014.9,1014.9,252.23,266.04,1509.04,0.1979,8.4529,101.0,0.0,1441.352, NAN, NAN, NAN, NAN,,2024/04/22 11:28:49.462,2024-04-22 11:28:49.462000+00:00
2024/04/22, 11:29:49.462,41.523,-70.672, NAN,242.72,358.85,0.01,6.7,6.7,1012.8,1012.8,0.0,0.0,87.88,79.0,74,66,8.3,9.3,58.3,59.9,8.3,9.3,316.7,308.7,1014.9,1014.9,255.6,266.35,1519.74,0.1979,8.4541,101.6,0.0,1441.357, NAN, NAN, NAN, NAN,,2024/04/22 11:29:49.462,2024-04-22 11:29:49.462000+00:00
2024/04/22, 11:30:49.462,41.523,-70.672, NAN,242.68,90.31,0.01,6.7,6.7,1012.8,1012.8,0.0,0.0,87.88,79.0,76,71,9.7,10.4,59.4,58.4,9.7,10.4,318.6,313.7,1014.9,1014.9,259.62,265.98,1531.35,0.198,8.455,101.6,0.0,1441.36, NAN, NAN, NAN, NAN,,2024/04/22 11:30:49.462,2024-04-22 11:30:49.462000+00:00
2024/04/22, 11:31:49.462,41.523,-70.672, NAN,242.68,3.76,0.01,6.7,6.7,1012.7,1012.8,0.0,0.0,87.88,79.0,83,78,10.4,10.9,58.3,56.8,10.4,10.9,325.7,320.7,1014.8,1014.9,262.52,265.98,1537.24,0.1979,8.4555,101.6,0.0,1441.362, NAN, NAN, NAN, NAN,,2024/04/22 11:31:49.462,2024-04-22 11:31:49.462000+00:00
2024/04/22, 11:32:49.462,41.523,-70.672, NAN,242.7,353.3,0.01,6.6,6.7,1012.6,1012.8,0.0,0.0,87.88,79.0,83,76,9.5,10.0,56.9,59.0,9.5,10.0,325.7,318.7,1014.7,1014.9,265.87,266.08,1547.09,0.198,8.454,101.6,0.0,1441.356, NAN, NAN, NAN, NAN,,2024/04/22 11:32:49.462,2024-04-22 11:32:49.462000+00:00
2024/04/22, 11:33:49.462,41.523,-70.672, NAN,242.71,196.33,0.01,6.6,6.7,1012.9,1012.9,0.0,0.0,87.88,79.0,83,76,8.5,9.3,58.9,59.0,8.5,9.3,325.7,318.7,1015.0,1015.0,269.55,266.35,1554.92,0.198,8.4537,101.2,0.0,1441.355, NAN, NAN, NAN, NAN,,2024/04/22 11:33:49.462,2024-04-22 11:33:49.462000+00:00
2024/04/22, 11:34:49.462,41.523,-70.672, NAN,242.63,24.16,0.01,6.6,6.7,1012.9,1012.9,0.0,0.0,87.88,79.0,83,76,8.9,9.3,58.9,59.2,8.9,9.3,325.6,318.6,1015.0,1015.0,272.99,266.65,1563.09,0.198,8.4527,101.2,0.0,1441.351, NAN, NAN, NAN, NAN,,2024/04/22 11:34:49.462,2024-04-22 11:34:49.462000+00:00
2024/04/22, 11:35:49.463,41.523,-70.672, NAN,242.74,329.05,0.02,6.6,6.7,1013.0,1012.9,0.0,0.0,87.88,79.0,76,71,9.3,10.0,59.4,58.6,9.3,10.0,318.7,313.7,1015.1,1015.0,276.54,265.76,1573.41,0.198,8.4509,101.2,0.0,1441.343, NAN, NAN, NAN, NAN,,2024/04/22 11:35:49.463,2024-04-22 11:35:49.463000+00:00
2024/04/22, 11:36:49.463,41.523,-70.672, NAN,242.67,114.3,0.02,6.6,6.7,1013.0,1012.9,0.0,0.0,87.88,79.0,79,74,9.0,9.5,57.9,56.4,9.0,9.5,321.6,316.7,1015.1,1015.0,280.28,266.19,1580.68,0.198,8.4521,101.6,0.0,1441.348, NAN, NAN, NAN, NAN,,2024/04/22 11:36:49.463,2024-04-22 11:36:49.463000+00:00
2024/04/22, 11:37:49.463,41.523,-70.672, NAN,242.64,128.76,0.02,6.6,6.6,1012.8,1013.0,0.0,0.0,87.88,79.0,80,76,9.7,10.5,56.6,56.6,9.7,10.5,322.6,318.6,1014.9,1015.1,283.76,265.5,1587.86,0.198,8.4525,101.9,0.0,1441.35, NAN, NAN, NAN, NAN,,2024/04/22 11:37:49.463,2024-04-22 11:37:49.463000+00:00
2024/04/22, 11:38:49.463,41.523,-70.672, NAN,242.69,352.39,0.02,6.6,6.6,1013.0,1012.9,0.0,0.0,87.88,79.0,81,75,10.0,10.4,56.6,56.2,10.0,10.4,323.7,317.7,1015.1,1015.0,287.68,265.6,1595.91,0.198,8.4518,101.9,0.0,1441.347, NAN, NAN, NAN, NAN,,2024/04/22 11:38:49.463,2024-04-22 11:38:49.463000+00:00
2024/04/22, 11:39:49.463,41.523,-70.672, NAN,242.72,20.2,0.01,6.6,6.5,1013.0,1013.0,0.0,0.0,87.88,79.0,82,76,9.8,10.7,56.1,57.3,9.8,10.7,324.7,318.7,1015.1,1015.1,291.34,265.62,1603.21,0.198,8.4536,101.2,0.0,1441.355, NAN, NAN, NAN, NAN,,2024/04/22 11:39:49.463,2024-04-22 11:39:49.463000+00:00
2024/04/22, 11:40:49.463,41.523,-70.672, NAN,242.65,320.75,0.01,6.5,6.5,1012.9,1013.0,0.0,0.0,87.88,79.0,80,74,9.9,10.5,56.8,57.2,9.9,10.5,322.6,316.6,1015.0,1015.1,294.84,265.7,1609.84,0.198,8.4553,101.9,0.0,1441.362, NAN, NAN, NAN, NAN,,2024/04/22 11:40:49.463,2024-04-22 11:40:49.463000+00:00
2024/04/22, 11:41:49.463,41.523,-70.672, NAN,242.67,334.5,0.02,6.5,6.5,1013.0,1013.0,0.0,0.0,87.88,79.0,78,71,10.3,11.2,57.2,57.7,10.3,11.2,320.6,313.6,1015.1,1015.1,298.33,265.51,1617.68,0.198,8.4548,101.6,0.0,1441.36, NAN, NAN, NAN, NAN,,2024/04/22 11:41:49.463,2024-04-22 11:41:49.463000+00:00
2024/04/22, 11:42:49.463,41.523,-70.672, NAN,242.67,356.35,0.03,6.5,6.5,1013.0,1013.0,0.0,0.0,87.88,79.0,75,69,9.1,10.1,57.7,58.6,9.1,10.1,317.6,311.6,1015.1,1015.1,302.1,265.69,1625.22,0.198,8.4541,102.2,0.0,1441.357, NAN, NAN, NAN, NAN,,2024/04/22 11:42:49.463,2024-04-22 11:42:49.463000+00:00
2024/04/22, 11:43:49.463,41.523,-70.672, NAN,242.69,124.95,0.02,6.5,6.5,1013.0,1013.0,0.0,0.0,87.88,79.0,82,74,8.6,9.3,58.4,59.6,8.6,9.3,324.7,316.7,1015.1,1015.1,306.13,266.15,1633.41,0.1981,8.4549,101.6,0.0,1441.36, NAN, NAN, NAN, NAN,,2024/04/22 11:43:49.463,2024-04-22 11:43:49.463000+00:00
2024/04/22, 11:44:49.463,41.523,-70.672, NAN,242.72,275.58,0.01,6.5,6.5,1013.0,1013.1,0.0,0.0,87.88,79.0,77,68,7.8,8.6,59.3,60.0,7.8,8.6,319.8,310.7,1015.1,1015.2,309.45,266.5,1640.98,0.1981,8.4566,101.2,0.0,1441.367, NAN, NAN, NAN, NAN,,2024/04/22 11:44:49.463,2024-04-22 11:44:49.463000+00:00
2024/04/22, 11:45:49.463,41.523,-70.672, NAN,242.72,124.3,0.01,6.5,6.5,1013.2,1013.1,0.0,0.0,87.88,79.0,71,63,8.5,9.7,60.3,59.4,8.5,9.7,313.8,305.7,1015.3,1015.2,312.76,265.94,1645.45,0.198,8.4536,101.9,0.0,1441.355, NAN, NAN, NAN, NAN,,2024/04/22 11:45:49.463,2024-04-22 11:45:49.463000+00:00
2024/04/22, 11:46:49.463,41.523,-70.672, NAN,242.73,256.05,0.01,6.5,6.5,1013.1,1013.1,0.0,0.0,87.88,79.0,82,75,8.8,9.4,59.0,60.4,8.8,9.4,324.8,317.8,1015.2,1015.2,316.53,266.2,1652.3,0.1981,8.4525,102.2,0.0,1441.35, NAN, NAN, NAN, NAN,,2024/04/22 11:46:49.463,2024-04-22 11:46:49.463000+00:00
2024/04/22, 11:47:49.463,41.523,-70.672, NAN,242.73,329.84,0.0,6.5,6.5,1013.2,1013.3,0.0,0.0,87.88,79.0,73,69,5.8,6.6,60.2,61.3,5.8,6.6,315.7,311.7,1015.3,1015.4,319.94,267.11,1658.74,0.198,8.4534,101.2,0.0,1441.354, NAN, NAN, NAN, NAN,,2024/04/22 11:47:49.463,2024-04-22 11:47:49.463000+00:00
2024/04/22, 11:48:49.463,41.523,-70.672, NAN,242.69,85.17,0.01,6.5,6.5,1013.2,1013.2,0.0,0.0,87.88,79.0,76,69,7.8,8.8,62.0,60.1,7.8,8.8,318.7,311.7,1015.3,1015.3,322.53,266.57,1660.77,0.1981,8.4536,101.2,0.0,1441.355, NAN, NAN, NAN, NAN,,2024/04/22 11:48:49.463,2024-04-22 11:48:49.463000+00:00
2024/04/22, 11:49:49.463,41.523,-70.672, NAN,242.71,22.91,0.03,6.5,6.5,1013.2,1013.2,0.0,0.0,87.88,79.0,83,76,9.3,10.4,59.7,59.8,9.3,10.4,325.6,318.6,1015.3,1015.3,326.89,266.25,1671.57,0.1981,8.4538,100.7,0.0,1441.356, NAN, NAN, NAN, NAN,,2024/04/22 11:49:49.463,2024-04-22 11:49:49.463000+00:00
2024/04/22, 11:50:49.463,41.523,-70.672, NAN,242.68,81.38,0.0,6.5,6.5,1013.1,1013.2,0.0,0.0,87.88,79.0,81,75,7.5,8.4,58.8,57.5,7.5,8.4,323.7,317.7,1015.2,1015.3,330.7,266.51,1676.4,0.1981,8.4539,101.6,0.0,1441.356, NAN, NAN, NAN, NAN,,2024/04/22 11:50:49.463,2024-04-22 11:50:49.463000+00:00
2024/04/22, 11:51:49.464,41.523,-70.672, NAN,242.68,43.17,0.0,6.5,6.5,1013.0,1013.2,0.0,0.0,87.88,79.0,77,70,7.5,8.6,58.0,59.8,7.5,8.6,319.7,312.7,1015.1,1015.3,334.44,266.83,1682.35,0.1981,8.4546,101.6,0.0,1441.359, NAN, NAN, NAN, NAN,,2024/04/22 11:51:49.464,2024-04-22 11:51:49.464000+00:00
2024/04/22, 11:52:49.464,41.523,-70.672, NAN,242.76,11.0,0.01,6.5,6.5,1013.0,1013.2,0.0,0.0,87.88,79.0,84,78,7.4,7.8,60.2,60.4,7.4,7.8,326.7,320.7,1015.1,1015.3,338.14,266.76,1689.63,0.1981,8.4504,101.6,0.0,1441.342, NAN, NAN, NAN, NAN,,2024/04/22 11:52:49.464,2024-04-22 11:52:49.464000+00:00
2024/04/22, 11:53:49.464,41.523,-70.672, NAN,242.72,233.04,0.03,6.5,6.6,1013.2,1013.2,0.0,0.0,87.88,79.0,79,74,8.3,8.9,60.3,59.1,8.3,8.9,321.8,316.8,1015.3,1015.3,342.05,266.52,1695.0,0.1981,8.4457,101.2,0.0,1441.322, NAN, NAN, NAN, NAN,,2024/04/22 11:53:49.464,2024-04-22 11:53:49.464000+00:00
2024/04/22, 11:54:49.464,41.523,-70.672, NAN,242.68,220.01,0.0,6.5,6.6,1013.2,1013.2,0.0,0.0,87.88,79.0,82,74,7.5,8.3,59.4,59.8,7.5,8.3,324.7,316.7,1015.3,1015.3,345.82,266.79,1702.14,0.1981,8.4433,101.6,0.0,1441.312, NAN, NAN, NAN, NAN,,2024/04/22 11:54:49.464,2024-04-22 11:54:49.464000+00:00
2024/04/22, 11:55:49.464,41.523,-70.672, NAN,242.71,39.23,0.01,6.6,6.6,1013.2,1013.2,0.0,0.0,87.88,79.0,76,68,9.3,10.1,59.7,59.5,9.3,10.1,318.7,310.7,1015.3,1015.3,349.7,266.56,1708.94,0.1981,8.4426,101.0,0.0,1441.309, NAN, NAN, NAN, NAN,,2024/04/22 11:55:49.464,2024-04-22 11:55:49.464000+00:00
2024/04/22, 11:56:49.464,41.523,-70.672, NAN,242.6,285.45,0.01,6.6,6.6,1013.1,1013.1,0.0,0.0,87.88,79.0,80,72,9.2,10.0,59.1,58.7,9.2,10.0,322.6,314.6,1015.2,1015.2,353.55,266.49,1714.24,0.1981,8.4429,101.0,0.0,1441.311, NAN, NAN, NAN, NAN,,2024/04/22 11:56:49.464,2024-04-22 11:56:49.464000+00:00
2024/04/22, 11:57:49.464,41.523,-70.672, NAN,242.65,307.03,0.0,6.6,6.6,1013.2,1013.1,0.0,0.0,87.88,79.0,81,75,10.0,10.4,58.6,56.3,10.0,10.4,323.6,317.6,1015.3,1015.2,357.26,266.16,1720.36,0.1981,8.4418,101.2,0.0,1441.306, NAN, NAN, NAN, NAN,,2024/04/22 11:57:49.464,2024-04-22 11:57:49.464000+00:00
2024/04/22, 11:58:49.464,41.523,-70.672, NAN,242.68,11.43,0.0,6.6,6.6,1013.0,1013.2,0.0,0.0,87.88,79.0,85,76,9.9,10.4,56.1,56.9,9.9,10.4,327.7,318.7,1015.1,1015.3,361.11,266.46,1726.73,0.1982,8.4398,101.6,0.0,1441.298, NAN, NAN, NAN, NAN,,2024/04/22 11:58:49.464,2024-04-22 11:58:49.464000+00:00
2024/04/22, 11:59:49.464,41.523,-70.672, NAN,242.72,340.27,0.0,6.6,6.6,1013.2,1013.1,0.0,0.0,87.88,79.0,79,73,8.3,9.0,57.1,58.6,8.3,9.0,321.7,315.7,1015.3,1015.2,365.0,266.69,1733.62,0.1982,8.4436,101.2,0.0,1441.314, NAN, NAN, NAN, NAN,,2024/04/22 11:59:49.464,2024-04-22 11:59:49.464000+00:00
2024/04/22, 12:00:49.464,41.523,-70.672, NAN,242.63,234.31,0.0,6.6,6.6,1013.2,1013.2,0.0,0.0,87.88,79.0,79,72,9.1,9.7,58.3,58.2,9.1,9.7,321.6,314.6,1015.3,1015.3,368.77,266.42,1739.12,0.1982,8.4446,101.2,0.0,1441.318, NAN, NAN, NAN, NAN,,2024/04/22 12:00:49.464,2024-04-22 12:00:49.464000+00:00
2024/04/22, 12:01:49.464,41.523,-70.672, NAN,242.71,83.05,0.01,6.6,6.6,1013.2,1013.2,0.0,0.0,87.88,79.0,78,72,8.6,9.3,58.0,57.9,8.6,9.3,320.7,314.7,1015.3,1015.3,372.54,266.81,1745.32,0.1982,8.4431,101.0,0.0,1441.312, NAN, NAN, NAN, NAN,,2024/04/22 12:01:49.464,2024-04-22 12:01:49.464000+00:00
2024/04/22, 12:02:49.464,41.523,-70.672, NAN,242.6,198.26,0.01,6.6,6.6,1013.2,1013.2,0.0,0.0,87.88,79.0,79,73,10.3,10.9,57.6,56.9,10.3,10.9,321.6,315.6,1015.3,1015.3,375.81,266.46,1749.17,0.1982,8.4454,101.9,0.0,1441.321, NAN, NAN, NAN, NAN,,2024/04/22 12:02:49.464,2024-04-22 12:02:49.464000+00:00
2024/04/22, 12:03:49.464,41.523,-70.672, NAN,242.72,46.78,0.01,6.6,6.6,1013.2,1013.2,0.0,0.0,87.88,79.0,83,75,8.4,9.2,56.1,57.1,8.4,9.2,325.7,317.7,1015.3,1015.3,380.12,266.97,1756.85,0.1982,8.4476,101.0,0.0,1441.33, NAN, NAN, NAN, NAN,,2024/04/22 12:03:49.464,2024-04-22 12:03:49.464000+00:00
2024/04/22, 12:04:49.464,41.523,-70.672, NAN,242.65,277.85,0.01,6.6,6.6,1013.2,1013.2,0.0,0.0,87.88,79.0,78,73,9.7,10.1,57.1,57.3,9.7,10.1,320.7,315.7,1015.3,1015.3,383.75,266.69,1762.58,0.1982,8.4515,101.6,0.0,1441.346, NAN, NAN, NAN, NAN,,2024/04/22 12:04:49.464,2024-04-22 12:04:49.464000+00:00
2024/04/22, 12:05:49.464,41.523,-70.672, NAN,242.71,225.55,0.01,6.6,6.6,1013.2,1013.3,0.0,0.0,87.88,79.0,90,80,7.0,7.4,57.1,57.2,7.0,7.4,332.7,322.7,1015.3,1015.4,387.05,267.04,1768.14,0.1982,8.4507,101.9,0.0,1441.343, NAN, NAN, NAN, NAN,,2024/04/22 12:05:49.464,2024-04-22 12:05:49.464000+00:00
2024/04/22, 12:06:49.465,41.523,-70.672, NAN,242.59,15.62,0.0,6.6,6.6,1013.3,1013.2,0.0,0.0,87.88,79.0,78,72,9.8,10.7,56.7,57.5,9.8,10.7,320.6,314.6,1015.4,1015.3,390.8,266.74,1774.31,0.1982,8.4485,101.6,0.0,1441.334, NAN, NAN, NAN, NAN,,2024/04/22 12:06:49.465,2024-04-22 12:06:49.465000+00:00
2024/04/22, 12:07:49.465,41.523,-70.672, NAN,242.76,350.38,0.0,6.6,6.6,1013.2,1013.3,0.0,0.0,87.88,79.0,80,73,7.2,8.0,56.7,58.6,7.2,8.0,322.8,315.8,1015.3,1015.4,394.14,267.19,1779.33,0.1982,8.4476,101.6,0.0,1441.33, NAN, NAN, NAN, NAN,,2024/04/22 12:07:49.465,2024-04-22 12:07:49.465000+00:00
2024/04/22, 12:08:49.465,41.523,-70.672, NAN,242.81,338.89,0.02,6.6,6.7,1013.3,1013.2,0.0,0.0,87.88,79.0,83,75,8.5,8.9,59.0,58.7,8.5,8.9,325.8,317.8,1015.4,1015.3,397.85,267.09,1785.39,0.1982,8.448,101.6,0.0,1441.332, NAN, NAN, NAN, NAN,,2024/04/22 12:08:49.465,2024-04-22 12:08:49.465000+00:00
2024/04/22, 12:09:49.465,41.523,-70.672, NAN,242.75,330.79,0.0,6.7,6.7,1013.3,1013.3,0.0,0.0,87.88,79.0,79,70,9.3,10.2,58.5,57.6,9.3,10.2,321.8,312.8,1015.4,1015.4,401.12,266.78,1790.64,0.1982,8.4506,101.6,0.0,1441.342, NAN, NAN, NAN, NAN,,2024/04/22 12:09:49.465,2024-04-22 12:09:49.465000+00:00
2024/04/22, 12:10:49.465,41.523,-70.672, NAN,242.72,352.41,0.01,6.7,6.7,1013.2,1013.2,0.0,0.0,87.88,79.0,79,72,7.8,8.5,57.3,58.6,7.8,8.5,321.7,314.7,1015.3,1015.3,404.82,267.49,1797.27,0.1982,8.4554,101.6,0.0,1441.362, NAN, NAN, NAN, NAN,,2024/04/22 12:10:49.465,2024-04-22 12:10:49.465000+00:00
2024/04/22, 12:11:49.465,41.523,-70.672, NAN,242.69,331.41,0.01,6.7,6.7,1013.3,1013.2,0.0,0.0,87.88,79.0,79,73,8.8,9.4,58.8,58.1,8.8,9.4,321.7,315.7,1015.4,1015.3,407.91,267.01,1801.22,0.1982,8.4576,101.6,0.0,1441.371, NAN, NAN, NAN, NAN,,2024/04/22 12:11:49.465,2024-04-22 12:11:49.465000+00:00
2024/04/22, 12:12:49.465,41.523,-70.672, NAN,242.75,64.01,0.02,6.7,6.7,1013.3,1013.0,0.0,0.0,87.88,79.0,86,78,8.8,9.5,57.8,58.0,8.8,9.5,328.7,320.7,1015.4,1015.1,411.17,266.87,1806.8,0.1982,8.4586,101.9,0.0,1441.375, NAN, NAN, NAN, NAN,,2024/04/22 12:12:49.465,2024-04-22 12:12:49.465000+00:00
2024/04/22, 12:13:49.465,41.523,-70.672, NAN,242.8,179.41,0.0,6.7,6.7,1013.3,1013.1,0.0,0.0,87.88,79.0,84,77,9.3,10.0,57.6,55.1,9.3,10.0,326.8,319.8,1015.4,1015.2,414.81,266.6,1811.82,0.1982,8.4563,101.9,0.0,1441.366, NAN, NAN, NAN, NAN,,2024/04/22 12:13:49.465,2024-04-22 12:13:49.465000+00:00
2024/04/22, 12:14:49.465,41.523,-70.672, NAN,242.79,183.83,0.04,6.7,6.7,1013.3,1013.2,0.0,0.0,87.88,79.0,88,80,7.4,8.0,54.5,55.1,7.4,8.0,330.9,322.9,1015.4,1015.3,418.19,267.1,1818.31,0.1983,8.4549,101.0,0.0,1441.36, NAN, NAN, NAN, NAN,,2024/04/22 12:14:49.465,2024-04-22 12:14:49.465000+00:00
2024/04/22, 12:15:49.465,41.523,-70.672, NAN,242.84,17.1,0.02,6.7,6.7,1013.4,1013.3,0.0,0.0,87.88,79.0,85,78,9.7,10.3,55.3,56.2,9.7,10.3,327.8,320.8,1015.5,1015.4,418.75,266.9,1821.5,0.1983,8.4569,101.2,0.0,1441.369, NAN, NAN, NAN, NAN,,2024/04/22 12:15:49.465,2024-04-22 12:15:49.465000+00:00
2024/04/22, 12:16:49.465,41.523,-70.672, NAN,242.9,316.61,0.01,6.6,6.7,1013.2,1013.3,0.0,0.0,87.88,79.0,84,75,8.6,9.5,56.0,56.1,8.6,9.5,326.9,317.9,1015.3,1015.4,415.8,267.22,1823.43,0.1982,8.4573,101.0,0.0,1441.37, NAN, NAN, NAN, NAN,,2024/04/22 12:16:49.465,2024-04-22 12:16:49.465000+00:00
2024/04/22, 12:17:49.465,41.523,-70.672, NAN,242.88,237.38,0.01,6.6,6.7,1013.2,1013.3,0.0,0.0,87.88,79.0,77,71,9.3,9.9,56.1,56.9,9.3,9.9,319.9,313.9,1015.3,1015.4,418.43,267.81,1828.13,0.1983,8.4586,101.2,0.0,1441.376, NAN, NAN, NAN, NAN,,2024/04/22 12:17:49.465,2024-04-22 12:17:49.465000+00:00
2024/04/22, 12:18:49.465,41.523,-70.672, NAN,243.03,213.85,0.04,6.7,6.7,1013.3,1013.3,0.0,0.0,87.88,79.0,102,89,6.3,6.4,56.8,58.2,6.3,6.4,345.1,332.2,1015.4,1015.4,421.54,267.55,1833.1,0.1983,8.4622,101.2,0.0,1441.39, NAN, NAN, NAN, NAN,,2024/04/22 12:18:49.465,2024-04-22 12:18:49.465000+00:00
2024/04/22, 12:19:49.465,41.523,-70.672, NAN,242.99,317.38,0.01,6.7,6.8,1013.3,1013.3,0.0,0.0,87.88,79.0,97,87,8.9,8.7,58.3,58.4,8.9,8.7,340.0,330.0,1015.4,1015.4,425.58,267.34,1839.01,0.1983,8.466,101.0,0.0,1441.406, NAN, NAN, NAN, NAN,,2024/04/22 12:19:49.465,2024-04-22 12:19:49.465000+00:00
2024/04/22, 12:20:49.465,41.523,-70.672, NAN,242.99,177.22,0.02,6.7,6.8,1013.4,1013.4,0.0,0.0,87.88,79.0,89,78,7.1,7.2,55.8,56.4,7.1,7.2,332.0,321.0,1015.5,1015.5,431.19,267.86,1845.18,0.1983,8.4657,101.2,0.0,1441.405, NAN, NAN, NAN, NAN,,2024/04/22 12:20:49.465,2024-04-22 12:20:49.465000+00:00
2024/04/22, 12:21:49.465,41.523,-70.672, NAN,242.97,153.93,0.01,6.8,6.8,1013.3,1013.4,0.0,0.0,87.88,79.0,94,81,7.3,7.2,56.3,57.0,7.3,7.2,337.0,324.0,1015.4,1015.5,435.51,268.06,1849.9,0.1982,8.4622,101.0,0.0,1441.39, NAN, NAN, NAN, NAN,,2024/04/22 12:21:49.465,2024-04-22 12:21:49.465000+00:00
2024/04/22, 12:22:49.466,41.523,-70.672, NAN,243.11,347.01,0.0,6.8,6.9,1013.4,1013.4,0.0,0.0,87.88,79.0,86,77,6.1,6.7,57.1,58.0,6.1,6.7,329.1,320.1,1015.5,1015.5,433.32,268.55,1850.39,0.1983,8.4596,101.6,0.0,1441.38, NAN, NAN, NAN, NAN,,2024/04/22 12:22:49.466,2024-04-22 12:22:49.466000+00:00
2024/04/22, 12:23:49.466,41.523,-70.672, NAN,243.14,351.66,0.01,6.8,6.9,1013.3,1013.3,0.0,0.0,87.88,79.0,96,86,7.8,7.8,58.1,57.8,7.8,7.8,339.1,329.1,1015.4,1015.4,435.81,268.33,1855.11,0.1983,8.4549,101.0,0.0,1441.36, NAN, NAN, NAN, NAN,,2024/04/22 12:23:49.466,2024-04-22 12:23:49.466000+00:00
2024/04/22, 12:24:49.466,41.523,-70.672, NAN,243.12,258.18,0.01,6.9,6.9,1013.4,1013.3,0.0,0.0,87.88,79.0,93,85,7.5,8.2,57.5,57.1,7.5,8.2,336.2,328.2,1015.5,1015.4,438.9,267.63,1860.92,0.1983,8.455,101.2,0.0,1441.361, NAN, NAN, NAN, NAN,,2024/04/22 12:24:49.466,2024-04-22 12:24:49.466000+00:00
2024/04/22, 12:25:49.466,41.523,-70.672, NAN,243.07,40.51,0.01,6.9,6.9,1013.3,1013.3,0.0,0.0,87.88,79.0,86,83,6.1,7.0,56.4,57.1,6.1,7.0,329.1,326.1,1015.4,1015.4,442.39,268.53,1866.56,0.1983,8.46,101.2,0.0,1441.381, NAN, NAN, NAN, NAN,,2024/04/22 12:25:49.466,2024-04-22 12:25:49.466000+00:00
2024/04/22, 12:26:49.466,41.523,-70.672, NAN,243.02,26.08,0.02,6.9,6.9,1013.5,1013.4,0.0,0.0,87.88,79.0,90,79,6.1,6.7,56.4,56.3,6.1,6.7,332.9,321.9,1015.6,1015.5,450.72,268.15,1872.97,0.1983,8.4644,101.0,0.0,1441.399, NAN, NAN, NAN, NAN,,2024/04/22 12:26:49.466,2024-04-22 12:26:49.466000+00:00
2024/04/22, 12:27:49.466,41.523,-70.672, NAN,243.23,1.22,0.02,6.9,6.9,1013.4,1013.4,0.0,0.0,87.88,79.0,98,89,9.4,9.1,56.9,55.6,9.4,9.1,341.3,332.3,1015.5,1015.5,449.77,267.86,1874.57,0.1983,8.4649,101.2,0.0,1441.402, NAN, NAN, NAN, NAN,,2024/04/22 12:27:49.466,2024-04-22 12:27:49.466000+00:00
2024/04/22, 12:28:49.466,41.523,-70.672, NAN,243.25,337.08,0.01,6.9,6.9,1013.5,1013.5,0.0,0.0,87.88,79.0,82,76,6.8,7.3,55.3,55.5,6.8,7.3,325.3,319.2,1015.6,1015.6,451.48,268.25,1878.84,0.1983,8.4672,101.0,0.0,1441.411, NAN, NAN, NAN, NAN,,2024/04/22 12:28:49.466,2024-04-22 12:28:49.466000+00:00
2024/04/22, 12:29:49.466,41.523,-70.672, NAN,243.21,289.53,0.02,6.9,7.0,1013.5,1013.4,0.0,0.0,87.88,79.0,92,83,7.1,7.6,55.5,55.0,7.1,7.6,335.3,326.3,1015.6,1015.5,453.03,267.77,1882.67,0.1983,8.4713,101.6,0.0,1441.428, NAN, NAN, NAN, NAN,,2024/04/22 12:29:49.466,2024-04-22 12:29:49.466000+00:00
2024/04/22, 12:30:49.466,41.523,-70.672, NAN,243.27,270.58,0.0,7.0,7.0,1013.5,1013.4,0.0,0.0,87.88,79.0,95,90,8.9,8.7,54.8,53.9,8.9,8.7,338.3,333.3,1015.6,1015.5,455.44,267.61,1887.06,0.1983,8.4738,101.2,0.0,1441.438, NAN, NAN, NAN, NAN,,2024/04/22 12:30:49.466,2024-04-22 12:30:49.466000+00:00
2024/04/22, 12:31:49.466,41.523,-70.672, NAN,243.29,340.18,0.01,7.0,7.0,1013.4,1013.5,0.0,0.0,87.88,79.0,96,85,6.5,6.6,53.5,54.9,6.5,6.6,339.3,328.3,1015.5,1015.6,458.7,268.13,1892.46,0.1983,8.4735,100.7,0.0,1441.437, NAN, NAN, NAN, NAN,,2024/04/22 12:31:49.466,2024-04-22 12:31:49.466000+00:00
2024/04/22, 12:32:49.466,41.523,-70.672, NAN,243.3,200.71,0.01,6.9,7.0,1013.5,1013.4,0.0,0.0,87.88,79.0,95,84,7.3,7.7,55.0,55.3,7.3,7.7,338.3,327.3,1015.6,1015.5,461.29,267.88,1896.27,0.1983,8.474,100.7,0.0,1441.439, NAN, NAN, NAN, NAN,,2024/04/22 12:32:49.466,2024-04-22 12:32:49.466000+00:00
2024/04/22, 12:33:49.466,41.523,-70.672, NAN,243.25,263.03,0.01,7.0,7.0,1013.4,1013.5,0.0,0.0,87.88,79.0,92,84,5.1,5.8,55.1,54.9,5.1,5.8,335.3,327.3,1015.5,1015.6,463.91,268.87,1900.67,0.1984,8.4764,101.0,0.0,1441.449, NAN, NAN, NAN, NAN,,2024/04/22 12:33:49.466,2024-04-22 12:33:49.466000+00:00
2024/04/22, 12:34:49.466,41.523,-70.672, NAN,243.31,102.26,0.03,7.0,7.0,1013.6,1013.5,0.0,0.0,87.88,79.0,83,73,6.7,7.6,55.3,55.4,6.7,7.6,326.2,316.2,1015.7,1015.6,470.19,268.13,1906.27,0.1983,8.479,100.0,0.0,1441.46, NAN, NAN, NAN, NAN,,2024/04/22 12:34:49.466,2024-04-22 12:34:49.466000+00:00
2024/04/22, 12:35:49.466,41.523,-70.672, NAN,243.42,316.02,0.02,7.0,7.0,1013.5,1013.4,0.0,0.0,87.88,79.0,93,87,7.8,7.7,55.3,53.4,7.8,7.7,336.5,330.5,1015.6,1015.5,473.45,267.88,1909.01,0.1983,8.4804,101.0,0.0,1441.465, NAN, NAN, NAN, NAN,,2024/04/22 12:35:49.466,2024-04-22 12:35:49.466000+00:00
2024/04/22, 12:36:49.466,41.523,-70.672, NAN,243.33,176.01,0.02,7.0,7.0,1013.6,1013.5,0.0,0.0,87.88,79.0,105,88,5.8,5.2,53.5,53.9,5.8,5.2,348.4,331.4,1015.7,1015.6,476.09,268.45,1913.8,0.1983,8.479,101.9,0.0,1441.46, NAN, NAN, NAN, NAN,,2024/04/22 12:36:49.466,2024-04-22 12:36:49.466000+00:00
2024/04/22, 12:37:49.466,41.523,-70.672, NAN,243.42,159.91,0.01,7.0,7.0,1013.6,1013.5,0.0,0.0,87.88,79.0,98,85,7.2,7.0,54.1,55.1,7.2,7.0,341.5,328.5,1015.7,1015.6,476.14,268.09,1916.08,0.1984,8.4799,101.2,0.0,1441.463, NAN, NAN, NAN, NAN,,2024/04/22 12:37:49.466,2024-04-22 12:37:49.466000+00:00
2024/04/22, 12:38:49.467,41.523,-70.672, NAN,243.37,339.91,0.01,7.0,7.0,1013.6,1013.3,0.0,0.0,87.88,79.0,87,82,8.3,8.4,54.7,54.1,8.3,8.4,330.4,325.4,1015.7,1015.4,483.62,267.94,1922.11,0.1984,8.4826,102.2,0.0,1441.475, NAN, NAN, NAN, NAN,,2024/04/22 12:38:49.467,2024-04-22 12:38:49.467000+00:00
2024/04/22, 12:39:49.467,41.523,-70.672, NAN,243.42,290.45,0.0,7.0,7.0,1013.4,1013.5,0.0,0.0,87.88,79.0,97,84,6.9,6.9,54.6,52.5,6.9,6.9,340.4,327.4,1015.5,1015.6,484.17,267.99,1924.54,0.1983,8.4861,99.7,0.0,1441.489, NAN, NAN, NAN, NAN,,2024/04/22 12:39:49.467,2024-04-22 12:39:49.467000+00:00
2024/04/22, 12:40:49.467,41.523,-70.672, NAN,243.43,346.08,0.01,7.0,7.0,1013.4,1013.4,0.0,0.0,87.88,79.0,95,86,6.8,6.7,52.4,53.5,6.8,6.7,338.5,329.5,1015.5,1015.5,486.85,268.38,1929.26,0.1984,8.4888,101.0,0.0,1441.5, NAN, NAN, NAN, NAN,,2024/04/22 12:40:49.467,2024-04-22 12:40:49.467000+00:00
2024/04/22, 12:41:49.467,41.523,-70.672, NAN,243.25,48.78,0.01,7.0,7.0,1013.4,1013.4,0.0,0.0,87.88,79.0,99,83,5.7,5.7,52.6,55.2,5.7,5.7,342.3,326.3,1015.5,1015.5,500.54,269.04,1936.39,0.1984,8.4878,101.9,0.0,1441.496, NAN, NAN, NAN, NAN,,2024/04/22 12:41:49.467,2024-04-22 12:41:49.467000+00:00
2024/04/22, 12:42:49.467,41.523,-70.672, NAN,243.24,351.0,0.01,7.0,7.1,1013.6,1013.5,0.0,0.0,87.88,79.0,102,84,4.3,3.8,55.5,56.7,4.3,3.8,345.2,327.2,1015.7,1015.6,503.92,269.75,1940.76,0.1984,8.4852,100.7,0.0,1441.485, NAN, NAN, NAN, NAN,,2024/04/22 12:42:49.467,2024-04-22 12:42:49.467000+00:00
2024/04/22, 12:43:49.467,41.523,-70.672, NAN,243.2,52.37,0.01,7.1,7.2,1013.6,1013.5,0.0,0.0,87.88,79.0,103,89,5.0,4.7,56.6,57.5,5.0,4.7,346.1,332.1,1015.7,1015.6,506.49,269.14,1944.15,0.1983,8.4824,101.0,0.0,1441.474, NAN, NAN, NAN, NAN,,2024/04/22 12:43:49.467,2024-04-22 12:43:49.467000+00:00
2024/04/22, 12:44:49.467,41.523,-70.672, NAN,243.16,45.53,0.01,7.2,7.2,1013.4,1013.6,0.0,0.0,87.88,79.0,92,62,3.0,3.8,56.9,55.4,3.0,3.8,335.1,305.1,1015.5,1015.7,509.81,270.22,1946.41,0.1984,8.4924,100.7,0.0,1441.515, NAN, NAN, NAN, NAN,,2024/04/22 12:44:49.467,2024-04-22 12:44:49.467000+00:00
2024/04/22, 12:45:49.467,41.523,-70.672, NAN,243.21,265.2,0.03,7.2,7.2,1013.6,1013.4,0.0,0.0,87.88,79.0,101,96,7.3,7.2,55.3,54.8,7.3,7.2,344.3,339.3,1015.7,1015.5,513.36,268.09,1950.3,0.1984,8.4988,101.0,0.0,1441.541, NAN, NAN, NAN, NAN,,2024/04/22 12:45:49.467,2024-04-22 12:45:49.467000+00:00
2024/04/22, 12:46:49.467,41.523,-70.672, NAN,243.25,83.36,0.0,7.2,7.2,1013.4,1013.5,0.0,0.0,87.88,79.0,92,82,6.4,6.7,54.3,53.6,6.4,6.7,335.2,325.2,1015.5,1015.6,516.6,268.81,1953.9,0.1984,8.4967,100.7,0.0,1441.533, NAN, NAN, NAN, NAN,,2024/04/22 12:46:49.467,2024-04-22 12:46:49.467000+00:00
2024/04/22, 12:47:49.467,41.523,-70.672, NAN,243.16,358.11,0.01,7.1,7.2,1013.5,1013.4,0.0,0.0,87.88,79.0,95,77,6.3,6.4,53.7,55.3,6.3,6.4,338.1,320.1,1015.6,1015.5,519.71,269.23,1957.79,0.1984,8.4924,100.4,0.0,1441.515, NAN, NAN, NAN, NAN,,2024/04/22 12:47:49.467,2024-04-22 12:47:49.467000+00:00
2024/04/22, 12:48:49.467,41.523,-70.672, NAN,243.1,150.7,0.01,7.2,7.2,1013.5,1013.5,0.0,0.0,87.88,79.0,102,90,6.0,5.3,55.3,54.0,6.0,5.3,345.1,333.1,1015.6,1015.6,522.23,268.75,1960.89,0.1984,8.4899,101.0,0.0,1441.505, NAN, NAN, NAN, NAN,,2024/04/22 12:48:49.467,2024-04-22 12:48:49.467000+00:00
2024/04/22, 12:49:49.467,41.523,-70.672, NAN,243.1,337.38,0.01,7.2,7.2,1013.5,1013.5,0.0,0.0,87.88,79.0,93,80,4.2,4.7,53.7,53.2,4.2,4.7,336.2,323.1,1015.6,1015.6,525.28,269.34,1962.91,0.1984,8.4905,100.7,0.0,1441.507, NAN, NAN, NAN, NAN,,2024/04/22 12:49:49.467,2024-04-22 12:49:49.467000+00:00
2024/04/22, 12:50:49.467,41.523,-70.672, NAN,243.1,5.29,0.01,7.2,7.2,1013.6,1013.5,0.0,0.0,87.88,79.0,95,83,6.2,6.3,53.4,53.4,6.2,6.3,338.1,326.1,1015.7,1015.6,527.82,269.41,1965.37,0.1984,8.4924,100.7,0.0,1441.515, NAN, NAN, NAN, NAN,,2024/04/22 12:50:49.467,2024-04-22 12:50:49.467000+00:00
2024/04/22, 12:51:49.467,41.523,-70.672, NAN,243.12,67.2,0.01,7.2,7.2,1013.6,1013.5,0.0,0.0,87.88,79.0,103,91,6.5,5.7,53.6,54.6,6.5,5.7,346.1,334.1,1015.7,1015.6,518.66,269.59,1965.05,0.1984,8.497,101.0,0.0,1441.534, NAN, NAN, NAN, NAN,,2024/04/22 12:51:49.467,2024-04-22 12:51:49.467000+00:00
2024/04/22, 12:52:49.467,41.523,-70.672, NAN,243.16,317.08,0.01,7.2,7.2,1013.6,1013.5,0.0,0.0,87.88,79.0,88,80,7.1,7.8,54.4,53.2,7.1,7.8,331.2,323.2,1015.7,1015.6,523.12,269.08,1968.88,0.1984,8.5009,100.7,0.0,1441.55, NAN, NAN, NAN, NAN,,2024/04/22 12:52:49.467,2024-04-22 12:52:49.467000+00:00
2024/04/22, 12:53:49.467,41.523,-70.672, NAN,243.12,209.59,0.0,7.2,7.1,1013.5,1013.5,0.0,0.0,87.88,79.0,95,83,6.9,7.6,54.5,53.2,6.9,7.6,338.1,326.1,1015.6,1015.6,526.88,268.78,1975.16,0.1984,8.5014,100.4,0.0,1441.552, NAN, NAN, NAN, NAN,,2024/04/22 12:53:49.467,2024-04-22 12:53:49.467000+00:00
2024/04/22, 12:54:49.467,41.523,-70.672, NAN,243.16,49.21,0.01,7.1,7.1,1013.4,1013.4,0.0,0.0,87.88,79.0,93,87,8.8,9.1,53.2,53.2,8.8,9.1,336.1,330.1,1015.5,1015.5,530.07,268.9,1979.08,0.1984,8.4976,100.7,0.0,1441.536, NAN, NAN, NAN, NAN,,2024/04/22 12:54:49.467,2024-04-22 12:54:49.467000+00:00
2024/04/22, 12:55:49.468,41.523,-70.672, NAN,243.06,63.81,0.02,7.1,7.1,1013.6,1013.4,0.0,0.0,87.88,79.0,90,83,6.1,6.5,53.5,54.9,6.1,6.5,333.0,326.0,1015.7,1015.5,539.21,269.97,1982.73,0.1984,8.4963,101.6,0.0,1441.531, NAN, NAN, NAN, NAN,,2024/04/22 12:55:49.468,2024-04-22 12:55:49.468000+00:00
2024/04/22, 12:56:49.468,41.523,-70.672, NAN,243.21,205.36,0.01,7.1,7.2,1013.5,1013.5,0.0,0.0,87.88,79.0,105,98,6.9,6.5,55.1,55.3,6.9,6.5,348.2,341.2,1015.6,1015.6,536.46,268.93,1983.73,0.1984,8.496,100.7,0.0,1441.53, NAN, NAN, NAN, NAN,,2024/04/22 12:56:49.468,2024-04-22 12:56:49.468000+00:00
2024/04/22, 12:57:49.468,41.523,-70.672, NAN,243.17,299.33,0.0,7.2,7.2,1013.5,1013.6,0.0,0.0,87.88,79.0,103,87,4.6,4.3,54.7,54.0,4.6,4.3,346.2,330.2,1015.6,1015.7,539.46,269.96,1986.66,0.1984,8.497,101.0,0.0,1441.534, NAN, NAN, NAN, NAN,,2024/04/22 12:57:49.468,2024-04-22 12:57:49.468000+00:00
2024/04/22, 12:58:49.468,41.523,-70.672, NAN,243.31,338.67,0.03,7.2,7.3,1013.6,1013.5,0.0,0.0,87.88,79.0,118,104,5.7,4.7,53.9,53.2,5.7,4.7,1.4,347.3,1015.7,1015.6,540.8,268.91,1988.39,0.1984,8.4948,100.4,0.0,1441.525, NAN, NAN, NAN, NAN,,2024/04/22 12:58:49.468,2024-04-22 12:58:49.468000+00:00
2024/04/22, 12:59:49.468,41.523,-70.672, NAN,243.13,350.98,0.01,7.3,7.3,1013.4,1013.5,0.0,0.0,87.88,79.0,115,109,6.4,5.9,52.8,52.2,6.4,5.9,358.1,352.1,1015.5,1015.6,550.62,268.94,1994.65,0.1984,8.4928,101.0,0.0,1441.517, NAN, NAN, NAN, NAN,,2024/04/22 12:59:49.468,2024-04-22 12:59:49.468000+00:00
2024/04/22, 13:00:49.468,41.523,-70.672, NAN,243.1,113.76,0.01,7.3,7.3,1013.5,1013.4,0.0,0.0,87.88,79.0,110,97,6.4,5.6,52.4,52.3,6.4,5.6,353.1,340.1,1015.6,1015.5,554.26,269.18,1999.77,0.1984,8.4932,100.7,0.0,1441.518, NAN, NAN, NAN, NAN,,2024/04/22 13:00:49.468,2024-04-22 13:00:49.468000+00:00
2024/04/22, 13:01:49.468,41.523,-70.672, NAN,243.07,12.06,0.01,7.3,7.3,1013.5,1013.5,0.0,0.0,87.88,79.0,108,101,8.2,7.3,52.7,51.7,8.2,7.3,351.0,344.0,1015.6,1015.6,559.92,268.71,2002.24,0.1984,8.4939,101.0,0.0,1441.521, NAN, NAN, NAN, NAN,,2024/04/22 13:01:49.468,2024-04-22 13:01:49.468000+00:00
2024/04/22, 13:02:49.468,41.523,-70.672, NAN,243.08,280.09,0.0,7.3,7.3,1013.6,1013.6,0.0,0.0,87.88,79.0,114,107,7.0,6.0,51.3,51.4,7.0,6.0,357.1,350.1,1015.7,1015.7,563.83,268.69,2007.82,0.1984,8.4946,101.6,0.0,1441.524, NAN, NAN, NAN, NAN,,2024/04/22 13:02:49.468,2024-04-22 13:02:49.468000+00:00
2024/04/22, 13:03:49.468,41.523,-70.672, NAN,243.03,94.43,0.01,7.3,7.3,1013.6,1013.6,0.0,0.0,87.88,79.0,110,100,6.1,5.2,51.2,51.7,6.1,5.2,353.0,343.0,1015.7,1015.7,565.79,269.4,2009.85,0.1984,8.4933,101.2,0.0,1441.519, NAN, NAN, NAN, NAN,,2024/04/22 13:03:49.468,2024-04-22 13:03:49.468000+00:00
2024/04/22, 13:04:49.468,41.523,-70.672, NAN,243.06,157.52,0.01,7.3,7.3,1013.6,1013.6,0.0,0.0,87.88,79.0,90,80,5.3,6.4,51.8,52.2,5.3,6.4,333.1,323.1,1015.7,1015.7,568.17,269.04,2011.56,0.1984,8.4926,100.7,0.0,1441.516, NAN, NAN, NAN, NAN,,2024/04/22 13:04:49.468,2024-04-22 13:04:49.468000+00:00
2024/04/22, 13:05:49.468,41.523,-70.672, NAN,243.01,143.69,0.01,7.3,7.3,1013.6,1013.6,0.0,0.0,87.88,79.0,96,83,5.9,6.2,52.1,50.7,5.9,6.2,339.0,326.0,1015.7,1015.7,567.33,268.85,2013.46,0.1984,8.4948,100.4,0.0,1441.525, NAN, NAN, NAN, NAN,,2024/04/22 13:05:49.468,2024-04-22 13:05:49.468000+00:00
2024/04/22, 13:06:49.468,41.523,-70.672, NAN,243.07,173.89,0.0,7.2,7.2,1013.6,1013.6,0.0,0.0,87.88,79.0,102,89,5.7,5.0,50.6,50.4,5.7,5.0,345.1,332.1,1015.7,1015.7,570.3,268.8,2017.33,0.1984,8.5001,100.7,0.0,1441.547, NAN, NAN, NAN, NAN,,2024/04/22 13:06:49.468,2024-04-22 13:06:49.468000+00:00
2024/04/22, 13:07:49.468,41.523,-70.672, NAN,243.08,298.61,0.02,7.2,7.2,1013.6,1013.6,0.0,0.0,87.88,79.0,92,81,5.5,5.9,50.6,50.6,5.5,5.9,335.2,324.1,1015.7,1015.7,572.5,269.49,2019.02,0.1984,8.5063,100.4,0.0,1441.572, NAN, NAN, NAN, NAN,,2024/04/22 13:07:49.468,2024-04-22 13:07:49.468000+00:00
2024/04/22, 13:08:49.468,41.523,-70.672, NAN,243.11,212.01,0.02,7.2,7.3,1013.7,1013.7,0.0,0.0,87.88,79.0,88,75,5.5,6.2,52.4,54.1,5.5,6.2,331.2,318.2,1015.8,1015.8,573.4,269.79,2019.89,0.1984,8.5118,100.4,0.0,1441.595, NAN, NAN, NAN, NAN,,2024/04/22 13:08:49.468,2024-04-22 13:08:49.468000+00:00
2024/04/22, 13:09:49.468,41.523,-70.672, NAN,243.17,244.11,0.03,7.2,7.3,1013.7,1013.7,0.0,0.0,87.88,79.0,110,100,6.2,4.4,54.3,54.1,6.2,4.4,353.3,343.3,1015.8,1015.8,573.08,269.61,2020.86,0.1984,8.514,100.7,0.0,1441.604, NAN, NAN, NAN, NAN,,2024/04/22 13:09:49.468,2024-04-22 13:09:49.468000+00:00
2024/04/22, 13:10:49.468,41.523,-70.672, NAN,243.18,17.02,0.02,7.3,7.4,1013.7,1013.7,0.0,0.0,87.88,79.0,111,86,4.7,4.0,52.5,51.5,4.7,4.0,354.1,329.0,1015.8,1015.8,575.83,270.44,2023.79,0.1984,8.5135,100.7,0.0,1441.602, NAN, NAN, NAN, NAN,,2024/04/22 13:10:49.468,2024-04-22 13:10:49.468000+00:00
2024/04/22, 13:11:49.469,41.523,-70.672, NAN,243.09,30.85,0.01,7.4,7.4,1013.8,1013.7,0.0,0.0,87.88,79.0,98,79,4.3,5.1,51.4,51.9,4.3,5.1,341.0,322.0,1015.9,1015.8,587.6,270.82,2030.25,0.1984,8.5171,100.4,0.0,1441.617, NAN, NAN, NAN, NAN,,2024/04/22 13:11:49.469,2024-04-22 13:11:49.469000+00:00
2024/04/22, 13:12:49.469,41.523,-70.672, NAN,243.06,300.55,0.03,7.5,7.5,1013.8,1013.7,0.0,0.0,87.88,79.0,113,95,4.7,3.8,51.9,52.9,4.7,3.8,356.2,338.2,1015.9,1015.8,591.32,270.04,2034.75,0.1984,8.5186,100.4,0.0,1441.623, NAN, NAN, NAN, NAN,,2024/04/22 13:12:49.469,2024-04-22 13:12:49.469000+00:00
2024/04/22, 13:13:49.469,41.523,-70.672, NAN,242.91,28.52,0.01,7.5,7.5,1013.8,1013.7,0.0,0.0,87.88,79.0,94,77,3.5,4.0,52.1,52.7,3.5,4.0,336.9,319.9,1015.9,1015.8,594.02,270.66,2036.49,0.1984,8.517,100.4,0.0,1441.616, NAN, NAN, NAN, NAN,,2024/04/22 13:13:49.469,2024-04-22 13:13:49.469000+00:00
2024/04/22, 13:14:49.469,41.523,-70.672, NAN,243.03,313.91,0.01,7.5,7.5,1013.8,1013.7,0.0,0.0,87.88,79.0,110,101,6.4,5.6,51.3,51.9,6.4,5.6,353.0,344.0,1015.9,1015.8,596.58,269.74,2038.7,0.1984,8.5149,101.2,0.0,1441.608, NAN, NAN, NAN, NAN,,2024/04/22 13:14:49.469,2024-04-22 13:14:49.469000+00:00
2024/04/22, 13:15:49.469,41.523,-70.672, NAN,242.98,258.58,0.02,7.5,7.5,1013.8,1013.7,0.0,0.0,87.88,79.0,108,90,4.5,3.9,51.6,52.2,4.5,3.9,351.1,333.1,1015.9,1015.8,599.75,270.45,2041.27,0.1984,8.5108,101.0,0.0,1441.591, NAN, NAN, NAN, NAN,,2024/04/22 13:15:49.469,2024-04-22 13:15:49.469000+00:00
2024/04/22, 13:16:49.469,41.523,-70.672, NAN,242.94,227.73,0.01,7.5,7.5,1013.8,1013.7,0.0,0.0,87.88,79.0,102,86,5.9,5.4,52.1,51.7,5.9,5.4,345.0,329.0,1015.9,1015.8,602.46,269.81,2043.29,0.1984,8.5058,100.7,0.0,1441.57, NAN, NAN, NAN, NAN,,2024/04/22 13:16:49.469,2024-04-22 13:16:49.469000+00:00
2024/04/22, 13:17:49.469,41.523,-70.672, NAN,242.91,285.78,0.02,7.5,7.5,1013.8,1013.7,0.0,0.0,87.88,79.0,112,99,5.8,4.9,51.6,52.4,5.8,4.9,355.0,342.0,1015.9,1015.8,605.14,269.81,2045.14,0.1985,8.5043,100.4,0.0,1441.564, NAN, NAN, NAN, NAN,,2024/04/22 13:17:49.469,2024-04-22 13:17:49.469000+00:00
2024/04/22, 13:18:49.469,41.523,-70.672, NAN,242.76,336.79,0.0,7.5,7.5,1013.8,1013.8,0.0,0.0,87.88,79.0,92,76,4.4,5.6,51.7,51.1,4.4,5.6,334.8,318.8,1015.9,1015.9,610.13,270.16,2051.11,0.1984,8.5114,100.0,0.0,1441.593, NAN, NAN, NAN, NAN,,2024/04/22 13:18:49.469,2024-04-22 13:18:49.469000+00:00
2024/04/22, 13:19:49.469,41.523,-70.672, NAN,242.81,204.98,0.0,7.5,7.5,1013.8,1013.7,0.0,0.0,87.88,79.0,108,94,5.6,4.7,51.0,51.1,5.6,4.7,350.8,336.8,1015.9,1015.8,612.55,269.8,2052.93,0.1984,8.52,100.4,0.0,1441.629, NAN, NAN, NAN, NAN,,2024/04/22 13:19:49.469,2024-04-22 13:19:49.469000+00:00
2024/04/22, 13:20:49.469,41.523,-70.672, NAN,242.85,311.52,0.0,7.5,7.5,1013.7,1013.8,0.0,0.0,87.88,79.0,101,81,4.3,4.4,51.2,51.9,4.3,4.4,343.9,323.9,1015.8,1015.9,615.78,269.97,2054.98,0.1984,8.5235,100.4,0.0,1441.643, NAN, NAN, NAN, NAN,,2024/04/22 13:20:49.469,2024-04-22 13:20:49.469000+00:00
2024/04/22, 13:21:49.469,41.523,-70.672, NAN,242.74,203.27,0.01,7.5,7.6,1013.8,1013.8,0.0,0.0,87.88,79.0,110,89,4.1,3.6,51.6,52.6,4.1,3.6,352.7,331.8,1015.9,1015.9,620.02,269.78,2057.54,0.1985,8.5239,100.7,0.0,1441.645, NAN, NAN, NAN, NAN,,2024/04/22 13:21:49.469,2024-04-22 13:21:49.469000+00:00
2024/04/22, 13:22:49.469,41.523,-70.672, NAN,242.7,350.46,0.01,7.6,7.6,1013.8,1013.8,0.0,0.0,87.88,79.0,92,79,6.6,6.8,52.5,51.0,6.6,6.8,334.7,321.7,1015.9,1015.9,622.17,269.65,2060.05,0.1985,8.5203,100.7,0.0,1441.63, NAN, NAN, NAN, NAN,,2024/04/22 13:22:49.469,2024-04-22 13:22:49.469000+00:00
2024/04/22, 13:23:49.469,41.523,-70.672, NAN,242.75,204.47,0.01,7.6,7.6,1013.8,1013.8,0.0,0.0,87.88,79.0,85,74,4.3,5.4,50.9,51.6,4.3,5.4,327.8,316.8,1015.9,1015.9,625.09,270.53,2061.71,0.1985,8.5169,100.4,0.0,1441.616, NAN, NAN, NAN, NAN,,2024/04/22 13:23:49.469,2024-04-22 13:23:49.469000+00:00
2024/04/22, 13:24:49.469,41.523,-70.672, NAN,242.67,353.17,0.0,7.6,7.6,1013.9,1013.8,0.0,0.0,87.88,79.0,102,89,6.0,5.6,51.5,51.2,6.0,5.6,344.7,331.7,1016.0,1015.9,626.15,269.72,2062.0,0.1985,8.5138,100.4,0.0,1441.603, NAN, NAN, NAN, NAN,,2024/04/22 13:24:49.469,2024-04-22 13:24:49.469000+00:00
2024/04/22, 13:25:49.469,41.523,-70.672, NAN,242.78,327.7,0.01,7.6,7.6,1013.9,1014.0,0.0,0.0,87.88,79.0,106,83,4.0,3.4,50.7,51.4,4.0,3.4,348.9,325.9,1016.0,1016.1,629.64,271.33,2065.28,0.1985,8.5175,100.4,0.0,1441.618, NAN, NAN, NAN, NAN,,2024/04/22 13:25:49.469,2024-04-22 13:25:49.469000+00:00
2024/04/22, 13:26:49.469,41.523,-70.672, NAN,242.68,332.57,0.01,7.6,7.6,1014.0,1014.0,0.0,0.0,87.88,79.0,106,76,3.1,3.0,51.6,52.5,3.1,3.0,348.7,318.6,1016.1,1016.1,632.02,271.96,2066.79,0.1985,8.5191,101.0,0.0,1441.625, NAN, NAN, NAN, NAN,,2024/04/22 13:26:49.469,2024-04-22 13:26:49.469000+00:00
2024/04/22, 13:27:49.469,41.523,-70.672, NAN,242.76,17.63,0.02,7.7,7.7,1014.0,1014.0,0.0,0.0,87.88,79.0,110,82,4.1,3.3,52.6,51.5,4.1,3.3,352.7,324.6,1016.1,1016.1,634.92,270.98,2068.84,0.1985,8.5211,100.7,0.0,1441.633, NAN, NAN, NAN, NAN,,2024/04/22 13:27:49.469,2024-04-22 13:27:49.469000+00:00
2024/04/22, 13:28:49.470,41.523,-70.672, NAN,242.69,6.98,0.01,7.7,7.8,1014.0,1014.0,0.0,0.0,87.88,79.0,105,85,4.7,4.3,51.6,50.1,4.7,4.3,347.7,327.7,1016.1,1016.1,637.9,270.59,2071.27,0.1985,8.5243,100.7,0.0,1441.646, NAN, NAN, NAN, NAN,,2024/04/22 13:28:49.470,2024-04-22 13:28:49.470000+00:00
2024/04/22, 13:29:49.470,41.523,-70.672, NAN,242.76,22.82,0.01,7.8,7.8,1014.0,1014.0,0.0,0.0,87.88,79.0,113,91,4.1,3.2,49.8,50.2,4.1,3.2,355.7,333.7,1016.1,1016.1,640.6,271.05,2072.69,0.1985,8.5249,100.0,0.0,1441.649, NAN, NAN, NAN, NAN,,2024/04/22 13:29:49.470,2024-04-22 13:29:49.470000+00:00
2024/04/22, 13:30:49.470,41.523,-70.672, NAN,242.77,192.4,0.01,7.8,7.8,1014.0,1014.0,0.0,0.0,87.88,79.0,106,80,3.7,3.6,50.0,50.8,3.7,3.6,348.8,322.7,1016.1,1016.1,642.55,270.58,2073.55,0.1985,8.5267,101.2,0.0,1441.656, NAN, NAN, NAN, NAN,,2024/04/22 13:30:49.470,2024-04-22 13:30:49.470000+00:00
2024/04/22, 13:31:49.470,41.523,-70.672, NAN,242.73,335.88,0.0,7.8,7.8,1014.0,1014.0,0.0,0.0,87.88,79.0,111,84,3.8,3.4,50.6,48.9,3.8,3.4,353.7,326.7,1016.1,1016.1,644.93,271.54,2076.26,0.1985,8.5288,99.7,0.0,1441.665, NAN, NAN, NAN, NAN,,2024/04/22 13:31:49.470,2024-04-22 13:31:49.470000+00:00
2024/04/22, 13:32:49.470,41.523,-70.672, NAN,242.64,167.33,0.02,7.8,7.8,1014.1,1014.0,0.0,0.0,87.88,79.0,94,82,6.0,6.6,48.8,49.9,6.0,6.6,336.7,324.7,1016.2,1016.1,647.45,270.1,2078.05,0.1985,8.5315,101.0,0.0,1441.676, NAN, NAN, NAN, NAN,,2024/04/22 13:32:49.470,2024-04-22 13:32:49.470000+00:00
2024/04/22, 13:33:49.470,41.523,-70.672, NAN,242.7,74.36,0.01,7.8,7.8,1014.0,1014.0,0.0,0.0,87.88,79.0,92,76,4.3,5.1,48.7,47.8,4.3,5.1,334.6,318.6,1016.1,1016.1,649.24,270.4,2079.63,0.1985,8.5345,100.4,0.0,1441.688, NAN, NAN, NAN, NAN,,2024/04/22 13:33:49.470,2024-04-22 13:33:49.470000+00:00
2024/04/22, 13:34:49.470,41.523,-70.672, NAN,242.74,348.79,0.0,7.8,7.8,1014.0,1014.0,0.0,0.0,87.88,79.0,100,77,4.2,4.6,47.6,47.6,4.2,4.6,342.7,319.7,1016.1,1016.1,651.43,270.24,2081.34,0.1985,8.5347,100.0,0.0,1441.689, NAN, NAN, NAN, NAN,,2024/04/22 13:34:49.470,2024-04-22 13:34:49.470000+00:00
2024/04/22, 13:35:49.470,41.523,-70.672, NAN,242.59,258.33,0.01,7.8,7.8,1014.1,1014.0,0.0,0.0,87.88,79.0,101,84,4.7,4.6,47.6,47.3,4.7,4.6,343.6,326.6,1016.2,1016.1,654.34,270.53,2083.85,0.1986,8.5354,100.4,0.0,1441.692, NAN, NAN, NAN, NAN,,2024/04/22 13:35:49.470,2024-04-22 13:35:49.470000+00:00
2024/04/22, 13:36:49.470,41.523,-70.672, NAN,242.67,74.91,0.01,7.7,7.7,1014.0,1014.0,0.0,0.0,87.88,79.0,93,79,4.8,5.9,47.4,47.8,4.8,5.9,335.7,321.7,1016.1,1016.1,656.34,270.53,2085.39,0.1985,8.5357,100.4,0.0,1441.693, NAN, NAN, NAN, NAN,,2024/04/22 13:36:49.470,2024-04-22 13:36:49.470000+00:00
2024/04/22, 13:37:49.470,41.523,-70.672, NAN,242.72,335.19,0.01,7.7,7.7,1014.0,1014.0,0.0,0.0,87.88,79.0,91,73,4.2,5.0,48.0,48.8,4.2,5.0,333.8,315.7,1016.1,1016.1,658.82,271.41,2087.26,0.1985,8.5355,100.4,0.0,1441.692, NAN, NAN, NAN, NAN,,2024/04/22 13:37:49.470,2024-04-22 13:37:49.470000+00:00
2024/04/22, 13:38:49.470,41.523,-70.672, NAN,242.7,3.15,0.01,7.7,7.7,1014.0,1014.0,0.0,0.0,87.88,79.0,93,80,5.6,5.9,48.9,49.5,5.6,5.9,335.7,322.7,1016.1,1016.1,662.35,271.15,2090.1,0.1986,8.533,100.4,0.0,1441.682, NAN, NAN, NAN, NAN,,2024/04/22 13:38:49.470,2024-04-22 13:38:49.470000+00:00
2024/04/22, 13:39:49.470,41.523,-70.672, NAN,242.63,20.85,0.01,7.7,7.8,1014.0,1014.0,0.0,0.0,87.88,79.0,92,77,5.9,6.4,49.5,49.9,5.9,6.4,334.6,319.6,1016.1,1016.1,666.3,270.94,2092.62,0.1986,8.5317,100.0,0.0,1441.677, NAN, NAN, NAN, NAN,,2024/04/22 13:39:49.470,2024-04-22 13:39:49.470000+00:00
2024/04/22, 13:40:49.470,41.523,-70.672, NAN,242.56,249.0,0.01,7.8,7.8,1014.1,1014.0,0.0,0.0,87.88,79.0,106,90,5.7,5.1,49.3,49.5,5.7,5.1,348.6,332.6,1016.2,1016.1,669.71,270.52,2094.53,0.1986,8.531,100.0,0.0,1441.674, NAN, NAN, NAN, NAN,,2024/04/22 13:40:49.470,2024-04-22 13:40:49.470000+00:00
2024/04/22, 13:41:49.470,41.523,-70.672, NAN,242.72,56.09,0.01,7.7,7.7,1014.0,1014.0,0.0,0.0,87.88,79.0,105,86,5.3,5.0,47.2,48.3,5.3,5.0,347.7,328.7,1016.1,1016.1,672.78,271.11,2096.57,0.1986,8.5345,100.0,0.0,1441.688, NAN, NAN, NAN, NAN,,2024/04/22 13:41:49.470,2024-04-22 13:41:49.470000+00:00
2024/04/22, 13:42:49.470,41.523,-70.672, NAN,242.6,197.77,0.02,7.7,7.7,1014.1,1014.1,0.0,0.0,87.88,79.0,110,94,5.0,3.8,48.2,47.8,5.0,3.8,352.7,336.7,1016.2,1016.2,676.85,271.58,2098.47,0.1986,8.5356,100.4,0.0,1441.693, NAN, NAN, NAN, NAN,,2024/04/22 13:42:49.470,2024-04-22 13:42:49.470000+00:00
2024/04/22, 13:43:49.470,41.523,-70.672, NAN,242.7,81.1,0.01,7.7,7.7,1014.0,1014.2,0.0,0.0,87.88,79.0,111,84,3.3,3.1,47.9,48.7,3.3,3.1,353.6,326.6,1016.1,1016.3,679.88,272.32,2100.26,0.1986,8.5359,100.7,0.0,1441.694, NAN, NAN, NAN, NAN,,2024/04/22 13:43:49.470,2024-04-22 13:43:49.470000+00:00
2024/04/22, 13:44:49.470,41.523,-70.672, NAN,242.76,60.4,0.01,7.7,7.8,1014.2,1014.2,0.0,0.0,87.88,79.0,76,68,4.1,5.3,48.7,49.1,4.1,5.3,318.7,310.7,1016.3,1016.3,683.91,272.25,2101.92,0.1986,8.535,100.4,0.0,1441.691, NAN, NAN, NAN, NAN,,2024/04/22 13:44:49.470,2024-04-22 13:44:49.470000+00:00
2024/04/22, 13:45:49.471,41.523,-70.672, NAN,242.68,50.37,0.0,7.8,7.9,1014.1,1014.2,0.0,0.0,87.88,79.0,98,82,5.1,5.4,49.1,48.8,5.1,5.4,340.7,324.7,1016.2,1016.3,687.66,271.39,2103.53,0.1986,8.5322,100.0,0.0,1441.679, NAN, NAN, NAN, NAN,,2024/04/22 13:45:49.471,2024-04-22 13:45:49.471000+00:00
2024/04/22, 13:46:49.471,41.523,-70.672, NAN,242.67,30.58,0.01,7.9,7.9,1014.2,1014.1,0.0,0.0,87.88,79.0,98,82,4.3,4.9,48.2,47.8,4.3,4.9,340.6,324.6,1016.3,1016.2,692.7,272.02,2107.39,0.1986,8.5321,100.4,0.0,1441.679, NAN, NAN, NAN, NAN,,2024/04/22 13:46:49.471,2024-04-22 13:46:49.471000+00:00
2024/04/22, 13:47:49.471,41.523,-70.672, NAN,242.68,343.76,0.01,7.9,7.9,1014.2,1014.1,0.0,0.0,87.88,79.0,90,78,3.9,4.8,47.9,49.4,3.9,4.8,332.6,320.6,1016.3,1016.2,695.15,272.42,2107.69,0.1986,8.5353,100.4,0.0,1441.692, NAN, NAN, NAN, NAN,,2024/04/22 13:47:49.471,2024-04-22 13:47:49.471000+00:00
2024/04/22, 13:48:49.471,41.523,-70.672, NAN,242.5,342.59,0.0,7.9,7.9,1014.1,1014.1,0.0,0.0,87.88,79.0,94,78,5.2,5.9,49.2,45.7,5.2,5.9,336.5,320.5,1016.2,1016.2,699.2,271.5,2108.61,0.1986,8.5351,100.4,0.0,1441.691, NAN, NAN, NAN, NAN,,2024/04/22 13:48:49.471,2024-04-22 13:48:49.471000+00:00
2024/04/22, 13:49:49.471,41.523,-70.672, NAN,242.55,316.83,0.0,7.9,7.8,1014.1,1014.0,0.0,0.0,87.88,79.0,90,78,5.8,6.5,49.3,46.7,5.8,6.5,332.6,320.6,1016.2,1016.1,702.61,271.13,2111.67,0.1987,8.5342,100.7,0.0,1441.687, NAN, NAN, NAN, NAN,,2024/04/22 13:49:49.471,2024-04-22 13:49:49.471000+00:00
2024/04/22, 13:50:49.471,41.523,-70.672, NAN,242.51,265.47,0.01,7.8,7.8,1014.0,1014.0,0.0,0.0,87.88,79.0,91,79,4.7,5.1,46.5,47.4,4.7,5.1,333.5,321.5,1016.1,1016.1,705.0,272.19,2111.92,0.1987,8.536,100.7,0.0,1441.695, NAN, NAN, NAN, NAN,,2024/04/22 13:50:49.471,2024-04-22 13:50:49.471000+00:00
2024/04/22, 13:51:49.471,41.523,-70.672, NAN,242.62,84.87,0.01,7.8,7.8,1014.1,1014.1,0.0,0.0,87.88,79.0,87,63,3.0,3.9,47.7,47.6,3.0,3.9,329.5,305.6,1016.2,1016.2,708.05,272.08,2114.12,0.1987,8.539,100.4,0.0,1441.707, NAN, NAN, NAN, NAN,,2024/04/22 13:51:49.471,2024-04-22 13:51:49.471000+00:00
2024/04/22, 13:52:49.471,41.523,-70.672, NAN,242.7,232.65,0.02,7.8,7.8,1014.1,1014.0,0.0,0.0,87.88,79.0,119,90,4.3,3.4,47.8,48.4,4.3,3.4,1.8,332.9,1016.2,1016.1,711.67,272.56,2115.93,0.1987,8.5444,100.4,0.0,1441.729, NAN, NAN, NAN, NAN,,2024/04/22 13:52:49.471,2024-04-22 13:52:49.471000+00:00
2024/04/22, 13:53:49.471,41.523,-70.672, NAN,242.63,223.36,0.0,7.8,7.9,1014.1,1014.0,0.0,0.0,87.88,79.0,106,81,3.8,4.1,48.3,47.8,3.8,4.1,348.6,323.6,1016.2,1016.1,714.57,272.46,2117.05,0.1987,8.5499,100.0,0.0,1441.752, NAN, NAN, NAN, NAN,,2024/04/22 13:53:49.471,2024-04-22 13:53:49.471000+00:00
2024/04/22, 13:54:49.471,41.523,-70.672, NAN,242.6,259.67,0.0,7.9,7.9,1014.1,1014.1,0.0,0.0,87.88,79.0,107,92,5.2,4.8,47.9,47.9,5.2,4.8,349.6,334.6,1016.2,1016.2,718.06,270.85,2119.2,0.1987,8.5547,99.7,0.0,1441.772, NAN, NAN, NAN, NAN,,2024/04/22 13:54:49.471,2024-04-22 13:54:49.471000+00:00
2024/04/22, 13:55:49.471,41.523,-70.672, NAN,242.67,82.0,0.01,8.0,8.0,1014.1,1014.1,0.0,0.0,87.88,79.0,104,90,4.3,3.9,46.7,44.5,4.3,3.9,346.6,332.6,1016.2,1016.2,720.99,272.01,2121.31,0.1987,8.5563,100.0,0.0,1441.778, NAN, NAN, NAN, NAN,,2024/04/22 13:55:49.471,2024-04-22 13:55:49.471000+00:00
2024/04/22, 13:56:49.471,41.523,-70.672, NAN,242.64,23.56,0.01,8.0,8.0,1014.1,1014.0,0.0,0.0,87.88,79.0,102,77,3.5,3.9,44.4,45.5,3.5,3.9,344.7,319.6,1016.2,1016.1,723.98,272.62,2122.95,0.1987,8.5596,100.4,0.0,1441.792, NAN, NAN, NAN, NAN,,2024/04/22 13:56:49.471,2024-04-22 13:56:49.471000+00:00
2024/04/22, 13:57:49.471,41.523,-70.672, NAN,242.7,321.33,0.01,8.0,8.0,1014.1,1014.1,0.0,0.0,87.88,79.0,99,78,3.6,4.0,45.4,45.5,3.6,4.0,341.7,320.7,1016.2,1016.2,726.26,272.54,2123.38,0.1987,8.562,101.2,0.0,1441.802, NAN, NAN, NAN, NAN,,2024/04/22 13:57:49.471,2024-04-22 13:57:49.471000+00:00
2024/04/22, 13:58:49.471,41.523,-70.672, NAN,242.68,322.25,0.01,8.0,8.0,1014.1,1014.1,0.0,0.0,87.88,79.0,110,78,3.2,3.2,45.3,46.0,3.2,3.2,352.7,320.7,1016.2,1016.2,730.07,272.53,2125.18,0.1987,8.5645,100.4,0.0,1441.812, NAN, NAN, NAN, NAN,,2024/04/22 13:58:49.471,2024-04-22 13:58:49.471000+00:00
2024/04/22, 13:59:49.471,41.523,-70.672, NAN,242.54,334.22,0.01,8.0,8.0,1014.3,1014.2,0.0,0.0,87.88,79.0,108,73,3.3,3.1,45.9,44.8,3.3,3.1,350.5,315.5,1016.4,1016.3,733.72,272.75,2127.84,0.1987,8.5661,99.5,0.0,1441.819, NAN, NAN, NAN, NAN,,2024/04/22 13:59:49.471,2024-04-22 13:59:49.471000+00:00
2024/04/22, 14:00:49.471,41.523,-70.672, NAN,242.57,29.54,0.01,8.0,8.0,1014.3,1014.2,0.0,0.0,87.88,79.0,99,81,4.9,5.0,44.7,45.1,4.9,5.0,341.5,323.5,1016.4,1016.3,735.69,272.47,2128.68,0.1987,8.5659,101.0,0.0,1441.818, NAN, NAN, NAN, NAN,,2024/04/22 14:00:49.471,2024-04-22 14:00:49.471000+00:00
2024/04/22, 14:01:49.471,41.523,-70.672, NAN,242.51,286.06,0.02,8.0,8.0,1014.1,1014.2,0.0,0.0,87.88,79.0,102,88,6.6,6.1,45.1,45.7,6.6,6.1,344.6,330.6,1016.2,1016.3,739.74,272.55,2130.59,0.1988,8.5673,100.4,0.0,1441.824, NAN, NAN, NAN, NAN,,2024/04/22 14:01:49.471,2024-04-22 14:01:49.471000+00:00
2024/04/22, 14:02:49.472,41.523,-70.672, NAN,242.54,323.81,0.0,7.9,7.9,1014.3,1014.3,0.0,0.0,87.88,79.0,95,80,4.7,5.3,45.1,45.7,4.7,5.3,337.5,322.5,1016.4,1016.4,742.19,273.12,2131.25,0.1988,8.5698,100.0,0.0,1441.834, NAN, NAN, NAN, NAN,,2024/04/22 14:02:49.472,2024-04-22 14:02:49.472000+00:00
2024/04/22, 14:03:49.472,41.523,-70.672, NAN,242.54,212.48,0.01,7.9,7.9,1014.3,1014.3,0.0,0.0,87.88,79.0,104,89,4.2,3.9,45.9,46.3,4.2,3.9,346.6,331.6,1016.4,1016.4,745.66,272.86,2132.45,0.1988,8.5735,100.0,0.0,1441.849, NAN, NAN, NAN, NAN,,2024/04/22 14:03:49.472,2024-04-22 14:03:49.472000+00:00
2024/04/22, 14:04:49.472,41.523,-70.672, NAN,242.45,196.67,0.0,7.9,7.9,1014.3,1014.2,0.0,0.0,87.88,79.0,96,89,5.3,5.3,45.9,45.5,5.3,5.3,338.4,331.4,1016.4,1016.3,748.9,272.43,2134.19,0.1988,8.5793,100.0,0.0,1441.873, NAN, NAN, NAN, NAN,,2024/04/22 14:04:49.472,2024-04-22 14:04:49.472000+00:00
2024/04/22, 14:05:49.472,41.523,-70.672, NAN,242.63,104.87,0.01,7.9,7.9,1014.3,1014.3,0.0,0.0,87.88,79.0,94,73,2.9,3.8,45.8,47.6,2.9,3.8,336.5,315.6,1016.4,1016.4,750.97,274.18,2134.7,0.1988,8.5835,100.0,0.0,1441.89, NAN, NAN, NAN, NAN,,2024/04/22 14:05:49.472,2024-04-22 14:05:49.472000+00:00
2024/04/22, 14:06:49.472,41.523,-70.672, NAN,242.59,32.98,0.01,7.9,8.0,1014.3,1014.3,0.0,0.0,87.88,79.0,94,75,3.2,3.9,47.7,48.0,3.2,3.9,336.5,317.5,1016.4,1016.4,754.43,274.41,2136.94,0.1988,8.5861,100.0,0.0,1441.901, NAN, NAN, NAN, NAN,,2024/04/22 14:06:49.472,2024-04-22 14:06:49.472000+00:00
2024/04/22, 14:07:49.472,41.523,-70.672, NAN,242.59,336.67,0.01,8.0,8.0,1014.4,1014.2,0.0,0.0,87.88,79.0,122,108,5.2,3.8,48.0,47.2,5.2,3.8,4.6,350.6,1016.5,1016.3,757.82,273.59,2139.15,0.1988,8.5856,100.0,0.0,1441.899, NAN, NAN, NAN, NAN,,2024/04/22 14:07:49.472,2024-04-22 14:07:49.472000+00:00
2024/04/22, 14:08:49.472,41.523,-70.672, NAN,242.53,118.22,0.0,8.1,8.1,1014.4,1014.3,0.0,0.0,87.88,79.0,113,76,3.3,2.7,47.1,48.4,3.3,2.7,355.5,318.5,1016.5,1016.4,760.73,274.48,2141.65,0.1988,8.583,100.0,0.0,1441.888, NAN, NAN, NAN, NAN,,2024/04/22 14:08:49.472,2024-04-22 14:08:49.472000+00:00
2024/04/22, 14:09:49.472,41.523,-70.672, NAN,242.59,12.34,0.0,8.1,8.1,1014.4,1014.3,0.0,0.0,87.88,79.0,109,93,4.2,3.9,48.3,48.0,4.2,3.9,351.6,335.6,1016.5,1016.4,764.56,273.8,2144.25,0.1988,8.5826,100.4,0.0,1441.887, NAN, NAN, NAN, NAN,,2024/04/22 14:09:49.472,2024-04-22 14:09:49.472000+00:00
2024/04/22, 14:10:49.472,41.523,-70.672, NAN,242.33,353.19,0.0,8.1,8.1,1014.3,1014.3,0.0,0.0,87.88,79.0,85,72,5.6,6.4,47.6,45.3,5.6,6.4,327.3,314.3,1016.4,1016.4,768.67,273.45,2146.92,0.1988,8.5793,99.7,0.0,1441.873, NAN, NAN, NAN, NAN,,2024/04/22 14:10:49.472,2024-04-22 14:10:49.472000+00:00
2024/04/22, 14:11:49.472,41.523,-70.672, NAN,242.48,76.21,0.02,8.1,8.1,1014.3,1014.3,0.0,0.0,87.88,79.0,97,79,3.4,4.0,45.2,47.2,3.4,4.0,339.3,321.4,1016.4,1016.4,772.31,273.59,2150.04,0.1988,8.5754,100.0,0.0,1441.857, NAN, NAN, NAN, NAN,,2024/04/22 14:11:49.472,2024-04-22 14:11:49.472000+00:00
2024/04/22, 14:12:49.472,41.523,-70.672, NAN,242.57,145.96,0.03,8.1,8.1,1014.3,1014.3,0.0,0.0,87.88,79.0,111,92,3.9,3.3,47.4,46.8,3.9,3.3,353.4,334.4,1016.4,1016.4,775.64,274.27,2152.93,0.1988,8.5755,101.2,0.0,1441.857, NAN, NAN, NAN, NAN,,2024/04/22 14:12:49.472,2024-04-22 14:12:49.472000+00:00
2024/04/22, 14:13:49.472,41.523,-70.672, NAN,242.43,276.91,0.01,8.1,8.1,1014.3,1014.2,0.0,0.0,87.88,79.0,100,85,4.5,4.4,46.8,47.5,4.5,4.4,342.5,327.5,1016.4,1016.3,777.93,274.48,2153.71,0.1988,8.5757,100.0,0.0,1441.858, NAN, NAN, NAN, NAN,,2024/04/22 14:13:49.472,2024-04-22 14:13:49.472000+00:00
2024/04/22, 14:14:49.472,41.523,-70.672, NAN,242.5,335.66,0.01,8.1,8.1,1014.3,1014.2,0.0,0.0,87.88,79.0,103,81,3.3,3.2,47.4,47.7,3.3,3.2,345.5,323.5,1016.4,1016.3,781.33,275.23,2156.06,0.1989,8.577,100.0,0.0,1441.864, NAN, NAN, NAN, NAN,,2024/04/22 14:14:49.472,2024-04-22 14:14:49.472000+00:00
2024/04/22, 14:15:49.472,41.523,-70.672, NAN,242.55,266.02,0.01,8.1,8.1,1014.3,1014.3,0.0,0.0,87.88,79.0,112,87,3.6,3.1,47.8,48.1,3.6,3.1,354.6,329.5,1016.4,1016.4,777.94,275.41,2144.08,0.1989,8.5786,99.7,0.0,1441.87, NAN, NAN, NAN, NAN,,2024/04/22 14:15:49.472,2024-04-22 14:15:49.472000+00:00
2024/04/22, 14:16:49.472,41.523,-70.672, NAN,242.49,242.02,0.02,8.1,8.2,1014.3,1014.3,0.0,0.0,87.88,79.0,112,85,2.9,2.6,48.1,48.3,2.9,2.6,354.5,327.6,1016.4,1016.4,789.55,275.83,2164.33,0.1989,8.5791,99.7,0.0,1441.872, NAN, NAN, NAN, NAN,,2024/04/22 14:16:49.472,2024-04-22 14:16:49.472000+00:00
2024/04/22, 14:17:49.472,41.523,-70.672, NAN,242.5,163.54,0.01,8.2,8.2,1014.3,1014.3,0.0,0.0,87.88,79.0,91,73,3.8,4.4,48.3,48.7,3.8,4.4,333.5,315.5,1016.4,1016.4,726.64,274.4,2030.26,0.1989,8.5807,100.0,0.0,1441.879, NAN, NAN, NAN, NAN,,2024/04/22 14:17:49.472,2024-04-22 14:17:49.472000+00:00
2024/04/22, 14:18:49.473,41.523,-70.672, NAN,242.42,23.77,0.01,8.2,8.2,1014.3,1014.2,0.0,0.0,87.88,79.0,99,88,5.6,5.3,48.5,46.8,5.6,5.3,341.4,330.4,1016.4,1016.3,771.76,274.28,2115.49,0.1989,8.582,99.7,0.0,1441.884, NAN, NAN, NAN, NAN,,2024/04/22 14:18:49.473,2024-04-22 14:18:49.473000+00:00
2024/04/22, 14:19:49.473,41.523,-70.672, NAN,242.36,104.7,0.01,8.2,8.1,1014.3,1014.2,0.0,0.0,87.88,79.0,94,82,5.5,5.9,46.3,46.0,5.5,5.9,336.3,324.3,1016.4,1016.3,791.66,273.49,2151.8,0.1989,8.5808,99.7,0.0,1441.879, NAN, NAN, NAN, NAN,,2024/04/22 14:19:49.473,2024-04-22 14:19:49.473000+00:00
2024/04/22, 14:20:49.473,41.523,-70.672, NAN,242.57,321.19,0.01,8.1,8.0,1014.3,1014.2,0.0,0.0,87.88,79.0,86,69,4.8,5.6,45.7,46.5,4.8,5.6,328.6,311.6,1016.4,1016.3,788.92,275.21,2140.13,0.1989,8.5824,101.2,0.0,1441.886, NAN, NAN, NAN, NAN,,2024/04/22 14:20:49.473,2024-04-22 14:20:49.473000+00:00
2024/04/22, 14:21:49.473,41.523,-70.672, NAN,242.39,145.1,0.0,8.0,8.0,1014.3,1014.3,0.0,0.0,87.88,79.0,94,81,4.4,4.8,46.5,47.9,4.4,4.8,336.4,323.4,1016.4,1016.4,799.69,274.6,2159.99,0.1989,8.5848,99.7,0.0,1441.896, NAN, NAN, NAN, NAN,,2024/04/22 14:21:49.473,2024-04-22 14:21:49.473000+00:00
2024/04/22, 14:22:49.473,41.523,-70.672, NAN,242.59,67.76,0.0,8.0,8.1,1014.3,1014.3,0.0,0.0,87.88,79.0,96,77,4.5,4.6,47.3,47.1,4.5,4.6,338.6,319.6,1016.4,1016.4,796.97,275.41,2155.95,0.1989,8.5878,100.0,0.0,1441.908, NAN, NAN, NAN, NAN,,2024/04/22 14:22:49.473,2024-04-22 14:22:49.473000+00:00
2024/04/22, 14:23:49.473,41.523,-70.672, NAN,242.41,184.56,0.01,8.0,8.1,1014.3,1014.3,0.0,0.0,87.88,79.0,97,81,4.4,5.0,47.3,48.5,4.4,5.0,339.4,323.5,1016.4,1016.4,786.95,275.96,2131.61,0.1989,8.5919,99.7,0.0,1441.925, NAN, NAN, NAN, NAN,,2024/04/22 14:23:49.473,2024-04-22 14:23:49.473000+00:00
2024/04/22, 14:24:49.473,41.523,-70.672, NAN,242.45,34.22,0.01,8.1,8.2,1014.4,1014.3,0.0,0.0,87.88,79.0,121,111,5.2,4.4,48.6,47.4,5.2,4.4,3.4,353.4,1016.5,1016.4,794.75,274.97,2130.49,0.1989,8.597,100.7,0.0,1441.946, NAN, NAN, NAN, NAN,,2024/04/22 14:24:49.473,2024-04-22 14:24:49.473000+00:00
2024/04/22, 14:25:49.473,41.523,-70.672, NAN,242.55,320.56,0.01,8.1,8.2,1014.4,1014.3,0.0,0.0,87.88,79.0,120,95,3.8,3.0,47.0,47.1,3.8,3.0,2.6,337.5,1016.5,1016.4,818.44,275.79,2187.54,0.199,8.6012,99.7,0.0,1441.963, NAN, NAN, NAN, NAN,,2024/04/22 14:25:49.473,2024-04-22 14:25:49.473000+00:00
2024/04/22, 14:26:49.473,41.523,-70.672, NAN,242.48,273.27,0.0,8.1,8.2,1014.4,1014.3,0.0,0.0,87.88,79.0,118,98,4.0,2.5,47.3,47.0,4.0,2.5,0.5,340.5,1016.5,1016.4,781.29,276.18,2106.54,0.199,8.6013,100.4,0.0,1441.964, NAN, NAN, NAN, NAN,,2024/04/22 14:26:49.473,2024-04-22 14:26:49.473000+00:00
2024/04/22, 14:27:49.473,41.523,-70.672, NAN,242.54,38.83,0.01,8.1,8.2,1014.4,1014.3,0.0,0.0,87.88,79.0,103,81,3.9,3.9,47.1,47.1,3.9,3.9,345.5,323.5,1016.5,1016.4,794.52,275.94,2116.54,0.199,8.6018,99.5,0.0,1441.966, NAN, NAN, NAN, NAN,,2024/04/22 14:27:49.473,2024-04-22 14:27:49.473000+00:00
2024/04/22, 14:28:49.473,41.523,-70.672, NAN,242.46,171.1,0.01,8.2,8.2,1014.4,1014.3,0.0,0.0,87.88,79.0,96,75,3.8,4.6,46.2,46.5,3.8,4.6,338.5,317.5,1016.5,1016.4,785.63,276.6,2082.67,0.199,8.6039,99.7,0.0,1441.974, NAN, NAN, NAN, NAN,,2024/04/22 14:28:49.473,2024-04-22 14:28:49.473000+00:00
2024/04/22, 14:29:49.473,41.523,-70.672, NAN,242.49,326.5,0.0,8.2,8.1,1014.4,1014.3,0.0,0.0,87.88,79.0,84,72,4.8,5.7,46.6,47.1,4.8,5.7,326.5,314.5,1016.5,1016.4,781.93,276.54,2090.57,0.199,8.602,99.7,0.0,1441.966, NAN, NAN, NAN, NAN,,2024/04/22 14:29:49.473,2024-04-22 14:29:49.473000+00:00
2024/04/22, 14:30:49.473,41.523,-70.672, NAN,242.49,350.95,0.01,8.1,8.1,1014.4,1014.4,0.0,0.0,87.88,79.0,95,74,3.4,3.8,47.3,48.9,3.4,3.8,337.4,316.4,1016.5,1016.5,766.7,276.57,2052.11,0.199,8.6005,99.5,0.0,1441.96, NAN, NAN, NAN, NAN,,2024/04/22 14:30:49.473,2024-04-22 14:30:49.473000+00:00
2024/04/22, 14:31:49.473,41.523,-70.672, NAN,242.55,326.33,0.01,8.1,8.1,1014.4,1014.4,0.0,0.0,87.88,79.0,89,74,4.2,4.9,49.0,49.2,4.2,4.9,331.6,316.6,1016.5,1016.5,759.26,276.2,2048.04,0.199,8.5988,99.5,0.0,1441.953, NAN, NAN, NAN, NAN,,2024/04/22 14:31:49.473,2024-04-22 14:31:49.473000+00:00
2024/04/22, 14:32:49.473,41.523,-70.672, NAN,242.69,20.34,0.01,8.1,8.2,1014.4,1014.4,0.0,0.0,87.88,79.0,86,74,4.1,5.0,48.8,48.9,4.1,5.0,328.7,316.7,1016.5,1016.5,758.84,276.97,2092.59,0.199,8.5995,100.0,0.0,1441.956, NAN, NAN, NAN, NAN,,2024/04/22 14:32:49.473,2024-04-22 14:32:49.473000+00:00
2024/04/22, 14:33:49.473,41.523,-70.672, NAN,242.64,71.12,0.01,8.2,8.2,1014.4,1014.4,0.0,0.0,87.88,79.0,100,72,3.1,3.5,48.9,49.5,3.1,3.5,342.7,314.6,1016.5,1016.5,784.57,277.94,2109.53,0.1991,8.5992,99.5,0.0,1441.955, NAN, NAN, NAN, NAN,,2024/04/22 14:33:49.473,2024-04-22 14:33:49.473000+00:00
2024/04/22, 14:34:49.474,41.523,-70.672, NAN,242.63,342.67,0.01,8.2,8.2,1014.4,1014.3,0.0,0.0,87.88,79.0,88,75,4.9,5.7,49.7,48.7,4.9,5.7,330.6,317.6,1016.5,1016.4,784.57,277.27,2079.03,0.199,8.6009,99.7,0.0,1441.962, NAN, NAN, NAN, NAN,,2024/04/22 14:34:49.474,2024-04-22 14:34:49.474000+00:00
2024/04/22, 14:35:49.474,41.523,-70.672, NAN,242.54,134.37,0.0,8.3,8.2,1014.4,1014.4,0.0,0.0,87.88,79.0,91,78,4.8,5.4,48.4,47.6,4.8,5.4,333.5,320.5,1016.5,1016.5,785.02,276.44,2089.03,0.1991,8.6,100.0,0.0,1441.958, NAN, NAN, NAN, NAN,,2024/04/22 14:35:49.474,2024-04-22 14:35:49.474000+00:00
2024/04/22, 14:36:49.474,41.523,-70.672, NAN,242.85,15.43,0.0,8.2,8.2,1014.4,1014.4,0.0,0.0,87.88,79.0,88,69,3.7,4.9,47.1,47.8,3.7,4.9,330.9,311.9,1016.5,1016.5,781.28,278.57,2077.16,0.1991,8.5998,100.0,0.0,1441.958, NAN, NAN, NAN, NAN,,2024/04/22 14:36:49.474,2024-04-22 14:36:49.474000+00:00
2024/04/22, 14:37:49.474,41.523,-70.672, NAN,242.57,109.49,0.02,8.2,8.2,1014.4,1014.4,0.0,0.0,87.88,79.0,85,68,3.1,4.2,47.9,48.1,3.1,4.2,327.4,310.5,1016.5,1016.5,766.04,278.86,2030.16,0.1991,8.6023,99.5,0.0,1441.968, NAN, NAN, NAN, NAN,,2024/04/22 14:37:49.474,2024-04-22 14:37:49.474000+00:00
2024/04/22, 14:38:49.474,41.523,-70.672, NAN,242.83,298.35,0.02,8.2,8.3,1014.4,1014.4,0.0,0.0,87.88,79.0,111,85,3.9,3.1,48.2,49.4,3.9,3.1,354.0,328.0,1016.5,1016.5,798.31,279.01,2066.21,0.1991,8.6054,99.7,0.0,1441.981, NAN, NAN, NAN, NAN,,2024/04/22 14:38:49.474,2024-04-22 14:38:49.474000+00:00
2024/04/22, 14:39:49.474,41.523,-70.672, NAN,242.73,341.37,0.02,8.3,8.4,1014.4,1014.4,0.0,0.0,87.88,79.0,113,85,2.0,2.2,49.2,48.9,2.0,2.2,355.9,327.8,1016.5,1016.5,789.01,279.12,2070.63,0.1991,8.6093,99.7,0.0,1441.997, NAN, NAN, NAN, NAN,,2024/04/22 14:39:49.474,2024-04-22 14:39:49.474000+00:00
2024/04/22, 14:40:49.474,41.523,-70.672, NAN,242.77,330.16,0.01,8.4,8.4,1014.4,1014.4,0.0,0.0,87.88,79.0,84,65,2.7,3.9,49.0,47.8,2.7,3.9,326.7,307.7,1016.5,1016.5,837.89,279.48,2173.84,0.1991,8.615,99.7,0.0,1442.02, NAN, NAN, NAN, NAN,,2024/04/22 14:40:49.474,2024-04-22 14:40:49.474000+00:00
2024/04/22, 14:41:49.474,41.523,-70.672, NAN,242.65,6.44,0.03,8.4,8.4,1014.4,1014.4,0.0,0.0,87.88,79.0,88,72,3.6,4.5,47.7,47.6,3.6,4.5,330.5,314.5,1016.5,1016.5,796.12,277.94,2078.64,0.1991,8.6203,99.7,0.0,1442.042, NAN, NAN, NAN, NAN,,2024/04/22 14:41:49.474,2024-04-22 14:41:49.474000+00:00
2024/04/22, 14:42:49.474,41.523,-70.672, NAN,242.77,323.83,0.02,8.4,8.3,1014.4,1014.4,0.0,0.0,87.88,79.0,84,66,3.0,4.3,47.7,47.0,3.0,4.3,326.8,308.7,1016.5,1016.5,815.13,279.26,2072.36,0.1991,8.6251,99.5,0.0,1442.061, NAN, NAN, NAN, NAN,,2024/04/22 14:42:49.474,2024-04-22 14:42:49.474000+00:00
2024/04/22, 14:43:49.474,41.523,-70.672, NAN,242.69,275.49,0.01,8.3,8.3,1014.4,1014.4,0.0,0.0,87.88,79.0,90,58,1.4,2.9,47.2,47.2,1.4,2.9,332.9,300.7,1016.5,1016.5,769.17,279.82,2004.96,0.1991,8.628,100.4,0.0,1442.073, NAN, NAN, NAN, NAN,,2024/04/22 14:43:49.474,2024-04-22 14:43:49.474000+00:00
2024/04/22, 14:44:49.474,41.523,-70.672, NAN,242.8,13.41,0.02,8.3,8.4,1014.4,1014.3,0.0,0.0,87.88,79.0,124,99,4.0,2.6,47.3,47.4,4.0,2.6,6.8,341.8,1016.5,1016.4,810.29,278.67,2092.44,0.1991,8.6326,99.2,0.0,1442.092, NAN, NAN, NAN, NAN,,2024/04/22 14:44:49.474,2024-04-22 14:44:49.474000+00:00
2024/04/22, 14:45:49.474,41.523,-70.672, NAN,242.72,334.82,0.01,8.4,8.4,1014.4,1014.3,0.0,0.0,87.88,79.0,102,93,4.0,4.2,46.9,47.1,4.0,4.2,344.7,335.7,1016.5,1016.4,787.4,276.98,2039.77,0.1991,8.6361,99.7,0.0,1442.107, NAN, NAN, NAN, NAN,,2024/04/22 14:45:49.474,2024-04-22 14:45:49.474000+00:00
2024/04/22, 14:46:49.474,41.523,-70.672, NAN,242.68,161.6,0.01,8.3,8.3,1014.3,1014.4,0.0,0.0,87.88,79.0,99,72,3.2,3.5,47.0,46.0,3.2,3.5,341.8,314.8,1016.4,1016.5,786.79,278.44,2049.74,0.1992,8.6402,99.7,0.0,1442.124, NAN, NAN, NAN, NAN,,2024/04/22 14:46:49.474,2024-04-22 14:46:49.474000+00:00
2024/04/22, 14:47:49.474,41.523,-70.672, NAN,242.72,67.37,0.03,8.3,8.3,1014.4,1014.3,0.0,0.0,87.88,79.0,103,64,2.4,3.2,46.0,46.1,2.4,3.2,345.4,306.5,1016.5,1016.4,759.64,278.52,1972.82,0.1992,8.642,99.5,0.0,1442.131, NAN, NAN, NAN, NAN,,2024/04/22 14:47:49.474,2024-04-22 14:47:49.474000+00:00
2024/04/22, 14:48:49.474,41.523,-70.672, NAN,242.73,190.49,0.02,8.4,8.4,1014.4,1014.4,0.0,0.0,87.88,79.0,91,66,2.9,4.2,46.8,46.6,2.9,4.2,333.9,308.9,1016.5,1016.5,825.53,279.27,2124.52,0.1992,8.6415,100.0,0.0,1442.129, NAN, NAN, NAN, NAN,,2024/04/22 14:48:49.474,2024-04-22 14:48:49.474000+00:00
2024/04/22, 14:49:49.474,41.523,-70.672, NAN,242.76,264.57,0.01,8.4,8.5,1014.4,1014.4,0.0,0.0,87.88,79.0,105,82,3.8,4.0,46.7,47.2,3.8,4.0,347.8,324.8,1016.5,1016.5,787.4,278.7,2030.12,0.1992,8.64,99.5,0.0,1442.123, NAN, NAN, NAN, NAN,,2024/04/22 14:49:49.474,2024-04-22 14:49:49.474000+00:00
2024/04/22, 14:50:49.474,41.523,-70.672, NAN,242.7,161.24,0.01,8.5,8.5,1014.4,1014.4,0.0,0.0,87.88,79.0,115,101,4.2,3.2,47.2,46.8,4.2,3.2,357.6,343.6,1016.5,1016.5,824.65,278.06,2072.85,0.1992,8.6413,99.7,0.0,1442.128, NAN, NAN, NAN, NAN,,2024/04/22 14:50:49.474,2024-04-22 14:50:49.474000+00:00
2024/04/22, 14:51:49.475,41.523,-70.672, NAN,242.81,343.22,0.01,8.4,8.5,1014.4,1014.4,0.0,0.0,87.88,79.0,84,59,2.3,3.2,46.6,47.5,2.3,3.2,326.8,301.8,1016.5,1016.5,822.32,279.27,2008.81,0.1992,8.6428,100.0,0.0,1442.134, NAN, NAN, NAN, NAN,,2024/04/22 14:51:49.475,2024-04-22 14:51:49.475000+00:00
2024/04/22, 14:52:49.475,41.523,-70.672, NAN,242.79,335.15,0.0,8.4,8.5,1014.4,1014.4,0.0,0.0,87.88,79.0,113,58,1.8,2.7,47.3,47.3,1.8,2.7,355.8,300.8,1016.5,1016.5,827.09,278.67,2073.22,0.1992,8.6425,99.7,0.0,1442.133, NAN, NAN, NAN, NAN,,2024/04/22 14:52:49.475,2024-04-22 14:52:49.475000+00:00
2024/04/22, 14:53:49.475,41.523,-70.672, NAN,242.71,16.45,0.01,8.5,8.5,1014.4,1014.4,0.0,0.0,87.88,79.0,113,100,4.8,3.7,47.1,45.3,4.8,3.7,355.7,342.7,1016.5,1016.5,858.05,277.29,2163.8,0.1992,8.6449,99.7,0.0,1442.143, NAN, NAN, NAN, NAN,,2024/04/22 14:53:49.475,2024-04-22 14:53:49.475000+00:00
2024/04/22, 14:54:49.475,41.523,-70.672, NAN,242.75,174.71,0.01,8.5,8.4,1014.4,1014.3,0.0,0.0,87.88,79.0,124,104,3.5,2.2,46.3,46.2,3.5,2.2,6.7,346.7,1016.5,1016.4,853.68,277.86,2144.39,0.1992,8.6483,99.5,0.0,1442.157, NAN, NAN, NAN, NAN,,2024/04/22 14:54:49.475,2024-04-22 14:54:49.475000+00:00
2024/04/22, 14:55:49.475,41.523,-70.672, NAN,242.67,144.31,0.01,8.3,8.4,1014.4,1014.4,0.0,0.0,87.88,79.0,104,62,1.9,2.6,47.3,47.2,1.9,2.6,346.6,304.7,1016.5,1016.5,861.49,278.23,2178.74,0.1992,8.6543,101.0,0.0,1442.181, NAN, NAN, NAN, NAN,,2024/04/22 14:55:49.475,2024-04-22 14:55:49.475000+00:00
2024/04/22, 14:56:49.475,41.523,-70.672, NAN,242.69,309.33,0.01,8.3,8.4,1014.4,1014.4,0.0,0.0,87.88,79.0,114,111,3.8,3.3,46.7,46.9,3.8,3.3,356.8,353.8,1016.5,1016.5,875.9,277.63,2194.72,0.1992,8.6587,99.7,0.0,1442.199, NAN, NAN, NAN, NAN,,2024/04/22 14:56:49.475,2024-04-22 14:56:49.475000+00:00
2024/04/22, 14:57:49.475,41.523,-70.672, NAN,242.77,142.28,0.0,8.3,8.3,1014.4,1014.4,0.0,0.0,87.88,79.0,122,95,3.2,2.1,47.2,47.3,3.2,2.1,4.8,337.8,1016.5,1016.5,886.68,278.0,2217.77,0.1992,8.6619,99.2,0.0,1442.213, NAN, NAN, NAN, NAN,,2024/04/22 14:57:49.475,2024-04-22 14:57:49.475000+00:00
2024/04/22, 14:58:49.475,41.523,-70.672, NAN,242.73,15.92,0.01,8.3,8.3,1014.4,1014.4,0.0,0.0,87.88,79.0,83,61,2.3,3.7,48.1,48.2,2.3,3.7,325.6,303.7,1016.5,1016.5,852.29,278.69,2136.72,0.1992,8.664,99.2,0.0,1442.221, NAN, NAN, NAN, NAN,,2024/04/22 14:58:49.475,2024-04-22 14:58:49.475000+00:00
2024/04/22, 14:59:49.475,41.523,-70.672, NAN,242.8,246.13,0.01,8.2,8.3,1014.4,1014.3,0.0,0.0,87.88,79.0,99,68,2.6,3.3,47.8,47.8,2.6,3.3,341.9,310.9,1016.5,1016.4,880.97,279.09,2193.75,0.1992,8.671,100.4,0.0,1442.25, NAN, NAN, NAN, NAN,,2024/04/22 14:59:49.475,2024-04-22 14:59:49.475000+00:00
2024/04/22, 15:00:49.475,41.523,-70.672, NAN,242.72,345.06,0.0,8.2,8.2,1014.4,1014.4,0.0,0.0,87.88,79.0,96,70,3.1,3.9,49.6,49.4,3.1,3.9,338.7,312.7,1016.5,1016.5,865.23,278.92,2162.48,0.1992,8.6763,99.7,0.0,1442.272, NAN, NAN, NAN, NAN,,2024/04/22 15:00:49.475,2024-04-22 15:00:49.475000+00:00
2024/04/22, 15:01:49.475,41.523,-70.672, NAN,242.64,159.67,0.01,8.2,8.2,1014.4,1014.4,0.0,0.0,87.88,79.0,72,57,3.1,4.9,48.7,48.8,3.1,4.9,314.6,299.6,1016.5,1016.5,880.79,278.9,2199.66,0.1993,8.6843,99.5,0.0,1442.305, NAN, NAN, NAN, NAN,,2024/04/22 15:01:49.475,2024-04-22 15:01:49.475000+00:00
2024/04/22, 15:02:49.475,41.523,-70.672, NAN,242.78,97.67,0.0,8.2,8.2,1014.4,1014.3,0.0,0.0,87.88,79.0,113,81,2.9,2.6,46.4,46.7,2.9,2.6,355.8,323.8,1016.5,1016.4,873.32,278.28,2167.04,0.1993,8.6905,100.4,0.0,1442.33, NAN, NAN, NAN, NAN,,2024/04/22 15:02:49.475,2024-04-22 15:02:49.475000+00:00
2024/04/22, 15:03:49.475,41.523,-70.672, NAN,242.58,206.61,0.01,8.2,8.2,1014.4,1014.3,0.0,0.0,87.88,79.0,82,63,3.0,4.4,46.7,46.7,3.0,4.4,324.6,305.6,1016.5,1016.4,891.62,278.73,2211.24,0.1993,8.6957,99.7,0.0,1442.351, NAN, NAN, NAN, NAN,,2024/04/22 15:03:49.475,2024-04-22 15:03:49.475000+00:00
2024/04/22, 15:04:49.475,41.523,-70.672, NAN,242.43,273.68,0.01,8.2,8.3,1014.3,1014.3,0.0,0.0,87.88,79.0,82,70,5.2,6.1,44.5,44.9,5.2,6.1,324.5,312.4,1016.4,1016.4,895.51,277.22,2219.33,0.1993,8.6983,99.5,0.0,1442.362, NAN, NAN, NAN, NAN,,2024/04/22 15:04:49.475,2024-04-22 15:04:49.475000+00:00
2024/04/22, 15:05:49.475,41.523,-70.672, NAN,242.54,131.8,0.01,8.2,8.3,1014.4,1014.3,0.0,0.0,87.88,79.0,82,69,4.2,5.3,45.9,44.6,4.2,5.3,324.6,311.6,1016.5,1016.4,901.54,277.47,2227.16,0.1993,8.7017,100.4,0.0,1442.376, NAN, NAN, NAN, NAN,,2024/04/22 15:05:49.475,2024-04-22 15:05:49.475000+00:00
2024/04/22, 15:06:49.475,41.523,-70.672, NAN,242.57,330.23,0.01,8.2,8.3,1014.4,1014.4,0.0,0.0,87.88,79.0,80,65,4.3,5.7,44.6,44.9,4.3,5.7,322.5,307.5,1016.5,1016.5,904.06,277.51,2225.69,0.1993,8.7058,99.5,0.0,1442.393, NAN, NAN, NAN, NAN,,2024/04/22 15:06:49.475,2024-04-22 15:06:49.475000+00:00
2024/04/22, 15:07:49.476,41.523,-70.672, NAN,242.68,23.79,0.0,8.2,8.3,1014.4,1014.4,0.0,0.0,87.88,79.0,82,67,4.5,5.5,44.3,44.5,4.5,5.5,324.7,309.7,1016.5,1016.5,903.73,277.36,2221.59,0.1993,8.7088,99.5,0.0,1442.405, NAN, NAN, NAN, NAN,,2024/04/22 15:07:49.476,2024-04-22 15:07:49.476000+00:00
2024/04/22, 15:08:49.476,41.523,-70.672, NAN,242.68,194.04,0.0,8.2,8.2,1014.4,1014.4,0.0,0.0,87.88,79.0,83,65,3.9,5.1,44.3,45.2,3.9,5.1,325.7,307.7,1016.5,1016.5,902.08,278.02,2213.53,0.1993,8.7126,100.0,0.0,1442.42, NAN, NAN, NAN, NAN,,2024/04/22 15:08:49.476,2024-04-22 15:08:49.476000+00:00
2024/04/22, 15:09:49.476,41.523,-70.672, NAN,242.76,14.77,0.0,8.2,8.3,1014.4,1014.4,0.0,0.0,87.88,79.0,76,61,3.6,5.2,45.4,46.8,3.6,5.2,318.8,303.8,1016.5,1016.5,904.91,278.01,2216.71,0.1993,8.7182,100.0,0.0,1442.443, NAN, NAN, NAN, NAN,,2024/04/22 15:09:49.476,2024-04-22 15:09:49.476000+00:00
2024/04/22, 15:10:49.476,41.523,-70.672, NAN,242.72,281.56,0.01,8.2,8.3,1014.4,1014.4,0.0,0.0,87.88,79.0,84,67,4.0,5.2,47.0,46.9,4.0,5.2,326.8,309.8,1016.5,1016.5,904.1,278.46,2212.78,0.1993,8.7236,99.5,0.0,1442.466, NAN, NAN, NAN, NAN,,2024/04/22 15:10:49.476,2024-04-22 15:10:49.476000+00:00
2024/04/22, 15:11:49.476,41.523,-70.672, NAN,242.76,93.85,0.0,8.3,8.4,1014.4,1014.4,0.0,0.0,87.88,79.0,81,61,3.1,4.7,46.9,46.9,3.1,4.7,323.8,303.8,1016.5,1016.5,905.11,279.57,2210.75,0.1993,8.7275,99.5,0.0,1442.482, NAN, NAN, NAN, NAN,,2024/04/22 15:11:49.476,2024-04-22 15:11:49.476000+00:00
2024/04/22, 15:12:49.476,41.523,-70.672, NAN,242.9,209.29,0.0,8.3,8.5,1014.4,1014.4,0.0,0.0,87.88,79.0,92,68,2.7,3.9,47.0,47.5,2.7,3.9,334.9,310.9,1016.5,1016.5,905.07,278.58,2208.01,0.1993,8.7307,100.0,0.0,1442.495, NAN, NAN, NAN, NAN,,2024/04/22 15:12:49.476,2024-04-22 15:12:49.476000+00:00
2024/04/22, 15:13:49.476,41.523,-70.672, NAN,242.75,90.64,0.01,8.5,8.6,1014.4,1014.4,0.0,0.0,87.88,79.0,89,72,3.6,4.5,47.6,48.2,3.6,4.5,331.7,314.7,1016.5,1016.5,907.04,279.78,2208.32,0.1993,8.7344,99.7,0.0,1442.51, NAN, NAN, NAN, NAN,,2024/04/22 15:13:49.476,2024-04-22 15:13:49.476000+00:00
2024/04/22, 15:14:49.476,41.523,-70.672, NAN,242.89,322.62,0.0,8.6,8.7,1014.4,1014.4,0.0,0.0,87.88,79.0,89,73,3.7,4.4,47.8,47.4,3.7,4.4,331.9,315.9,1016.5,1016.5,907.88,279.02,2207.87,0.1993,8.739,100.0,0.0,1442.529, NAN, NAN, NAN, NAN,,2024/04/22 15:14:49.476,2024-04-22 15:14:49.476000+00:00
2024/04/22, 15:15:49.476,41.523,-70.672, NAN,242.85,207.98,0.0,8.7,8.8,1014.4,1014.4,0.0,0.0,87.88,79.0,106,90,4.3,3.5,47.1,45.7,4.3,3.5,348.9,332.9,1016.5,1016.5,910.5,279.12,2208.54,0.1993,8.7434,99.5,0.0,1442.547, NAN, NAN, NAN, NAN,,2024/04/22 15:15:49.476,2024-04-22 15:15:49.476000+00:00
2024/04/22, 15:16:49.476,41.523,-70.672, NAN,242.87,61.82,0.01,8.8,8.9,1014.4,1014.4,0.0,0.0,87.88,79.0,104,88,5.1,4.8,45.9,45.9,5.1,4.8,346.8,330.8,1016.5,1016.5,912.91,277.9,2207.86,0.1994,8.7452,99.5,0.0,1442.554, NAN, NAN, NAN, NAN,,2024/04/22 15:16:49.476,2024-04-22 15:16:49.476000+00:00
2024/04/22, 15:17:49.476,41.523,-70.672, NAN,242.77,204.79,0.02,8.9,8.9,1014.4,1014.4,0.0,0.0,87.88,79.0,75,60,4.1,5.7,45.8,46.1,4.1,5.7,317.9,302.9,1016.5,1016.5,914.38,278.67,2207.89,0.1994,8.7493,99.5,0.0,1442.571, NAN, NAN, NAN, NAN,,2024/04/22 15:17:49.476,2024-04-22 15:17:49.476000+00:00
2024/04/22, 15:18:49.476,41.523,-70.672, NAN,243.02,238.23,0.0,8.9,8.8,1014.4,1014.4,0.0,0.0,87.88,79.0,93,76,4.1,4.8,45.7,47.0,4.1,4.8,336.0,319.0,1016.5,1016.5,917.35,278.84,2211.29,0.1994,8.7539,99.7,0.0,1442.59, NAN, NAN, NAN, NAN,,2024/04/22 15:18:49.476,2024-04-22 15:18:49.476000+00:00
2024/04/22, 15:19:49.476,41.523,-70.672, NAN,242.88,163.76,0.02,8.8,8.8,1014.4,1014.4,0.0,0.0,87.88,79.0,101,79,4.2,4.5,47.1,46.3,4.2,4.5,343.9,322.0,1016.5,1016.5,919.01,279.42,2212.31,0.1994,8.7581,99.2,0.0,1442.607, NAN, NAN, NAN, NAN,,2024/04/22 15:19:49.476,2024-04-22 15:19:49.476000+00:00
2024/04/22, 15:20:49.476,41.523,-70.672, NAN,243.01,144.81,0.01,8.8,8.9,1014.4,1014.4,0.0,0.0,87.88,79.0,122,104,4.1,2.8,46.4,46.3,4.1,2.8,5.0,347.0,1016.5,1016.5,919.98,279.43,2212.13,0.1994,8.7622,99.2,0.0,1442.624, NAN, NAN, NAN, NAN,,2024/04/22 15:20:49.476,2024-04-22 15:20:49.476000+00:00
2024/04/22, 15:21:49.476,41.523,-70.672, NAN,243.02,95.8,0.01,8.9,9.0,1014.4,1014.4,0.0,0.0,87.88,79.0,113,110,4.3,3.8,46.1,45.8,4.3,3.8,356.0,353.0,1016.5,1016.5,922.1,283.29,898.66,0.1994,8.7664,99.5,0.0,1442.641, NAN, NAN, NAN, NAN,,2024/04/22 15:21:49.476,2024-04-22 15:21:49.476000+00:00
2024/04/22, 15:22:49.477,41.523,-70.672, NAN,242.96,315.64,0.01,9.0,9.0,1014.5,1014.4,0.0,0.0,87.88,79.0,126,114,4.7,3.3,45.9,47.0,4.7,3.3,9.0,357.0,1016.6,1016.5,924.99,277.93,2214.68,0.1994,8.7695,99.5,0.0,1442.654, NAN, NAN, NAN, NAN,,2024/04/22 15:22:49.477,2024-04-22 15:22:49.477000+00:00
2024/04/22, 15:23:49.477,41.523,-70.672, NAN,242.96,11.9,0.0,9.0,9.1,1014.5,1014.4,0.0,0.0,87.88,79.0,107,90,4.2,4.0,46.8,44.9,4.2,4.0,350.0,333.0,1016.6,1016.5,926.02,278.75,2212.73,0.1994,8.7722,99.7,0.0,1442.665, NAN, NAN, NAN, NAN,,2024/04/22 15:23:49.477,2024-04-22 15:23:49.477000+00:00
2024/04/22, 15:24:49.477,41.523,-70.672, NAN,243.01,347.98,0.01,9.1,9.1,1014.5,1014.4,0.0,0.0,87.88,79.0,98,84,4.5,4.2,45.0,44.0,4.5,4.2,341.0,327.0,1016.6,1016.5,925.06,279.73,2210.81,0.1994,8.7754,99.7,0.0,1442.678, NAN, NAN, NAN, NAN,,2024/04/22 15:24:49.477,2024-04-22 15:24:49.477000+00:00
2024/04/22, 15:25:49.477,41.523,-70.672, NAN,242.95,316.16,0.01,9.1,9.2,1014.5,1014.5,0.0,0.0,87.88,79.0,110,88,4.0,3.3,44.0,40.6,4.0,3.3,353.0,330.9,1016.6,1016.6,922.23,277.52,2200.15,0.1994,8.7786,99.7,0.0,1442.691, NAN, NAN, NAN, NAN,,2024/04/22 15:25:49.477,2024-04-22 15:25:49.477000+00:00
2024/04/22, 15:26:49.477,41.523,-70.672, NAN,243.07,250.63,0.01,9.1,9.1,1014.5,1014.5,0.0,0.0,87.88,79.0,103,72,2.7,3.3,40.1,40.0,2.7,3.3,346.2,315.2,1016.6,1016.6,927.67,278.93,2205.07,0.1994,8.7782,99.5,0.0,1442.689, NAN, NAN, NAN, NAN,,2024/04/22 15:26:49.477,2024-04-22 15:26:49.477000+00:00
2024/04/22, 15:27:49.477,41.523,-70.672, NAN,242.78,97.03,0.01,9.1,9.1,1014.5,1014.5,0.0,0.0,87.88,79.0,80,67,4.1,5.3,40.1,41.9,4.1,5.3,322.8,309.8,1016.6,1016.6,932.69,278.49,2215.75,0.1994,8.7742,99.5,0.0,1442.673, NAN, NAN, NAN, NAN,,2024/04/22 15:27:49.477,2024-04-22 15:27:49.477000+00:00
2024/04/22, 15:28:49.477,41.523,-70.672, NAN,242.99,250.29,0.0,9.1,9.1,1014.5,1014.4,0.0,0.0,87.88,79.0,99,79,4.0,4.3,41.8,41.7,4.0,4.3,342.0,322.0,1016.6,1016.5,933.77,278.64,2215.36,0.1994,8.7685,99.5,0.0,1442.649, NAN, NAN, NAN, NAN,,2024/04/22 15:28:49.477,2024-04-22 15:28:49.477000+00:00
2024/04/22, 15:29:49.477,41.523,-70.672, NAN,242.79,78.43,0.01,9.1,9.1,1014.5,1014.4,0.0,0.0,87.88,79.0,85,70,3.8,5.0,41.8,42.3,3.8,5.0,327.7,312.7,1016.6,1016.5,935.25,278.23,2214.89,0.1994,8.7655,99.5,0.0,1442.637, NAN, NAN, NAN, NAN,,2024/04/22 15:29:49.477,2024-04-22 15:29:49.477000+00:00
2024/04/22, 15:30:49.477,41.523,-70.672, NAN,242.91,320.02,0.01,9.1,9.0,1014.5,1014.4,0.0,0.0,87.88,79.0,95,76,4.3,5.1,42.3,38.1,4.3,5.1,338.0,318.9,1016.6,1016.5,936.52,276.78,2215.31,0.1994,8.7613,100.4,0.0,1442.62, NAN, NAN, NAN, NAN,,2024/04/22 15:30:49.477,2024-04-22 15:30:49.477000+00:00
2024/04/22, 15:31:49.477,41.523,-70.672, NAN,242.94,351.16,0.02,9.0,8.9,1014.5,1014.4,0.0,0.0,87.88,79.0,100,80,4.1,4.2,38.2,38.5,4.1,4.2,342.9,322.9,1016.6,1016.5,938.15,277.48,2216.73,0.1995,8.7518,99.5,0.0,1442.581, NAN, NAN, NAN, NAN,,2024/04/22 15:31:49.477,2024-04-22 15:31:49.477000+00:00
2024/04/22, 15:32:49.477,41.523,-70.672, NAN,242.87,143.17,0.01,8.9,8.9,1014.5,1014.5,0.0,0.0,87.88,79.0,97,74,3.4,3.6,38.6,39.8,3.4,3.6,339.8,316.9,1016.6,1016.6,940.26,278.19,2217.9,0.1995,8.7465,99.5,0.0,1442.56, NAN, NAN, NAN, NAN,,2024/04/22 15:32:49.477,2024-04-22 15:32:49.477000+00:00
2024/04/22, 15:33:49.477,41.523,-70.672, NAN,242.91,326.66,0.01,8.8,8.9,1014.5,1014.4,0.0,0.0,87.88,79.0,103,83,4.6,4.4,39.8,39.4,4.6,4.4,346.0,325.9,1016.6,1016.5,941.18,277.88,2218.25,0.1995,8.7404,99.7,0.0,1442.535, NAN, NAN, NAN, NAN,,2024/04/22 15:33:49.477,2024-04-22 15:33:49.477000+00:00
2024/04/22, 15:34:49.477,41.523,-70.672, NAN,242.9,289.95,0.01,8.8,8.9,1014.5,1014.4,0.0,0.0,87.88,79.0,107,79,3.7,3.2,39.3,40.4,3.7,3.2,349.9,321.9,1016.6,1016.5,942.67,279.27,2219.66,0.1995,8.7374,99.5,0.0,1442.522, NAN, NAN, NAN, NAN,,2024/04/22 15:34:49.477,2024-04-22 15:34:49.477000+00:00
2024/04/22, 15:35:49.477,41.523,-70.672, NAN,242.94,298.8,0.01,8.8,8.9,1014.5,1014.5,0.0,0.0,87.88,79.0,91,71,3.4,4.2,40.7,42.1,3.4,4.2,334.0,314.0,1016.6,1016.6,943.49,278.41,2220.28,0.1995,8.7385,99.5,0.0,1442.527, NAN, NAN, NAN, NAN,,2024/04/22 15:35:49.477,2024-04-22 15:35:49.477000+00:00
2024/04/22, 15:36:49.477,41.523,-70.672, NAN,242.75,162.03,0.02,8.9,9.0,1014.5,1014.5,0.0,0.0,87.88,79.0,88,72,4.0,4.8,42.1,42.1,4.0,4.8,330.7,314.8,1016.6,1016.6,944.87,279.0,2220.6,0.1995,8.7352,100.0,0.0,1442.513, NAN, NAN, NAN, NAN,,2024/04/22 15:36:49.477,2024-04-22 15:36:49.477000+00:00
2024/04/22, 15:37:49.477,41.523,-70.672, NAN,242.73,150.3,0.06,8.9,9.0,1014.5,1014.5,0.0,0.0,87.88,79.0,86,69,4.3,5.3,39.9,40.4,4.3,5.3,328.7,311.8,1016.6,1016.6,945.99,279.38,2221.28,0.1995,8.7292,99.7,0.0,1442.489, NAN, NAN, NAN, NAN,,2024/04/22 15:37:49.477,2024-04-22 15:37:49.477000+00:00
2024/04/22, 15:38:49.478,41.523,-70.672, NAN,243.04,329.41,0.03,9.0,9.0,1014.5,1014.5,0.0,0.0,87.88,79.0,74,63,3.9,5.4,40.4,40.7,3.9,5.4,317.0,306.0,1016.6,1016.6,947.56,279.31,2221.98,0.1994,8.7235,99.7,0.0,1442.465, NAN, NAN, NAN, NAN,,2024/04/22 15:38:49.478,2024-04-22 15:38:49.478000+00:00
2024/04/22, 15:39:49.478,41.523,-70.672, NAN,243.07,126.87,0.01,9.0,9.1,1014.5,1014.5,0.0,0.0,87.88,79.0,114,90,2.9,2.4,40.8,42.0,2.9,2.4,357.0,333.0,1016.6,1016.6,947.79,279.9,2221.54,0.1995,8.7181,99.2,0.0,1442.443, NAN, NAN, NAN, NAN,,2024/04/22 15:39:49.478,2024-04-22 15:39:49.478000+00:00
2024/04/22, 15:40:49.478,41.523,-70.672, NAN,242.92,342.62,0.0,9.0,9.1,1014.6,1014.5,0.0,0.0,87.88,79.0,120,75,3.2,2.4,42.0,40.7,3.2,2.4,2.9,317.9,1016.7,1016.6,948.28,279.95,2222.4,0.1995,8.7126,100.0,0.0,1442.421, NAN, NAN, NAN, NAN,,2024/04/22 15:40:49.478,2024-04-22 15:40:49.478000+00:00
2024/04/22, 15:41:49.478,41.523,-70.672, NAN,242.94,36.47,0.01,9.1,9.1,1014.7,1014.6,0.0,0.0,87.88,79.0,104,75,3.5,2.9,40.4,40.0,3.5,2.9,346.9,317.8,1016.8,1016.7,949.31,279.69,2222.01,0.1995,8.713,99.2,0.0,1442.422, NAN, NAN, NAN, NAN,,2024/04/22 15:41:49.478,2024-04-22 15:41:49.478000+00:00
2024/04/22, 15:42:49.478,41.523,-70.672, NAN,242.78,323.75,0.01,9.1,9.0,1014.6,1014.6,0.0,0.0,87.88,79.0,86,64,2.9,4.0,39.9,40.6,2.9,4.0,328.8,306.8,1016.7,1016.7,949.27,280.8,2222.96,0.1995,8.7159,99.7,0.0,1442.434, NAN, NAN, NAN, NAN,,2024/04/22 15:42:49.478,2024-04-22 15:42:49.478000+00:00
2024/04/22, 15:43:49.478,41.523,-70.672, NAN,243.11,103.28,0.0,9.0,9.0,1014.7,1014.6,0.0,0.0,87.88,79.0,113,54,2.0,2.5,40.7,42.7,2.0,2.5,356.1,297.1,1016.8,1016.7,951.14,281.16,2222.08,0.1995,8.7183,99.5,0.0,1442.444, NAN, NAN, NAN, NAN,,2024/04/22 15:43:49.478,2024-04-22 15:43:49.478000+00:00
2024/04/22, 15:44:49.478,41.523,-70.672, NAN,243.02,75.53,0.01,9.1,9.1,1014.6,1014.5,0.0,0.0,87.88,79.0,105,74,3.0,3.6,42.6,43.1,3.0,3.6,348.0,316.9,1016.7,1016.6,953.21,280.17,2222.88,0.1995,8.7213,99.5,0.0,1442.456, NAN, NAN, NAN, NAN,,2024/04/22 15:44:49.478,2024-04-22 15:44:49.478000+00:00
2024/04/22, 15:45:49.478,41.523,-70.672, NAN,243.03,136.87,0.0,9.1,9.2,1014.5,1014.5,0.0,0.0,87.88,79.0,86,70,3.7,5.0,43.1,42.6,3.7,5.0,329.0,313.0,1016.6,1016.6,955.67,279.93,2223.68,0.1995,8.7225,99.5,0.0,1442.461, NAN, NAN, NAN, NAN,,2024/04/22 15:45:49.478,2024-04-22 15:45:49.478000+00:00
2024/04/22, 15:46:49.478,41.523,-70.672, NAN,242.8,317.27,0.01,9.2,9.1,1014.5,1014.5,0.0,0.0,87.88,79.0,83,64,3.5,4.8,42.2,40.7,3.5,4.8,325.8,306.8,1016.6,1016.6,955.24,279.93,2224.28,0.1995,8.724,99.5,0.0,1442.467, NAN, NAN, NAN, NAN,,2024/04/22 15:46:49.478,2024-04-22 15:46:49.478000+00:00
2024/04/22, 15:47:49.478,41.523,-70.672, NAN,242.81,233.16,0.01,9.1,9.0,1014.5,1014.5,0.0,0.0,87.88,79.0,97,74,3.4,4.2,40.3,42.2,3.4,4.2,339.9,316.9,1016.6,1016.6,956.87,280.77,2224.64,0.1995,8.726,99.2,0.0,1442.476, NAN, NAN, NAN, NAN,,2024/04/22 15:47:49.478,2024-04-22 15:47:49.478000+00:00
2024/04/22, 15:48:49.478,41.523,-70.672, NAN,242.81,315.68,0.0,9.0,9.1,1014.5,1014.5,0.0,0.0,87.88,79.0,125,93,3.0,2.0,42.4,42.9,3.0,2.0,7.8,335.8,1016.6,1016.6,958.22,279.34,2224.98,0.1995,8.7279,99.2,0.0,1442.483, NAN, NAN, NAN, NAN,,2024/04/22 15:48:49.478,2024-04-22 15:48:49.478000+00:00
2024/04/22, 15:49:49.478,41.523,-70.672, NAN,242.75,42.5,0.01,9.1,9.2,1014.5,1014.5,0.0,0.0,87.88,79.0,129,53,1.5,2.3,41.2,40.1,1.5,2.3,11.6,295.7,1016.6,1016.6,959.26,280.68,2224.7,0.1995,8.7307,98.8,0.0,1442.495, NAN, NAN, NAN, NAN,,2024/04/22 15:49:49.478,2024-04-22 15:49:49.478000+00:00
2024/04/22, 15:50:49.478,41.523,-70.672, NAN,242.81,148.89,0.0,9.1,9.2,1014.5,1014.5,0.0,0.0,87.88,79.0,113,99,2.9,2.1,40.6,39.5,2.9,2.1,355.8,341.8,1016.6,1016.6,960.35,279.71,2225.34,0.1995,8.7347,99.2,0.0,1442.511, NAN, NAN, NAN, NAN,,2024/04/22 15:50:49.478,2024-04-22 15:50:49.478000+00:00
2024/04/22, 15:51:49.478,41.523,-70.672, NAN,242.76,357.76,0.01,9.2,9.2,1014.5,1014.5,0.0,0.0,87.88,79.0,97,56,1.7,3.1,39.3,41.1,1.7,3.1,339.6,298.7,1016.6,1016.6,961.24,280.72,2226.5,0.1995,8.7402,99.2,0.0,1442.534, NAN, NAN, NAN, NAN,,2024/04/22 15:51:49.478,2024-04-22 15:51:49.478000+00:00
2024/04/22, 15:52:49.478,41.523,-70.672, NAN,242.79,350.52,0.01,9.2,9.3,1014.6,1014.5,0.0,0.0,87.88,79.0,80,63,2.4,4.2,41.3,40.9,2.4,4.2,322.8,305.7,1016.7,1016.6,961.34,280.95,2226.22,0.1995,8.7429,99.5,0.0,1442.545, NAN, NAN, NAN, NAN,,2024/04/22 15:52:49.478,2024-04-22 15:52:49.478000+00:00
2024/04/22, 15:53:49.478,41.523,-70.672, NAN,242.72,144.22,0.01,9.3,9.3,1014.6,1014.6,0.0,0.0,87.88,79.0,83,63,2.5,4.1,41.0,40.8,2.5,4.1,325.7,305.7,1016.7,1016.7,962.12,281.05,2226.51,0.1996,8.7448,99.2,0.0,1442.553, NAN, NAN, NAN, NAN,,2024/04/22 15:53:49.478,2024-04-22 15:53:49.478000+00:00
2024/04/17, 00:00:48.965,35.943,-74.843, NAN,265.3,271.64,6.96,13.6,13.7,1019.5,1019.7,0.0,0.0,85.1,78.5,95,87,5.3,5.6,75.6,75.5,6.3,6.2,34.6,27.3,1021.6,1021.8,-6.64,336.43,0.14,31.7777,11.8899,482.2,60.1,1492.68, NAN, NAN, NAN, NAN,,2024/04/17 00:00:48.965,2024-04-17 00:00:48.965000+00:00
2024/04/17, 00:01:48.965,35.943,-74.846, NAN,264.55,270.75,7.14,13.6,13.7,1019.6,1019.6,0.0,0.0,85.1,78.5,99,92,5.3,5.5,75.6,75.5,6.6,6.4,37.2,31.5,1021.7,1021.7,-6.7,336.43,0.1,31.782,11.9175,483.0,60.1,1492.781, NAN, NAN, NAN, NAN,,2024/04/17 00:01:48.965,2024-04-17 00:01:48.965000+00:00
2024/04/17, 00:02:48.965,35.943,-74.848, NAN,265.02,268.34,7.09,13.6,13.7,1019.7,1019.6,0.0,0.0,85.1,78.5,95,90,5.3,5.5,75.5,75.4,6.4,6.3,34.6,30.1,1021.8,1021.7,-6.57,336.39,0.09,31.7847,11.9403,482.5,60.1,1492.862, NAN, NAN, NAN, NAN,,2024/04/17 00:02:48.965,2024-04-17 00:02:48.965000+00:00
2024/04/17, 00:03:48.966,35.943,-74.85, NAN,264.98,268.96,7.04,13.7,13.7,1019.6,1019.7,0.0,0.0,85.1,78.5,95,92,5.5,5.6,75.6,75.5,6.7,6.6,32.9,30.4,1021.7,1021.8,-6.52,336.3,0.07,31.7856,11.9253,483.0,60.1,1492.812, NAN, NAN, NAN, NAN,,2024/04/17 00:03:48.966,2024-04-17 00:03:48.966000+00:00
2024/04/17, 00:04:48.966,35.943,-74.853, NAN,265.06,271.49,7.04,13.7,13.7,1019.7,1019.6,0.0,0.0,85.1,78.5,96,88,5.2,5.7,75.5,75.3,6.4,6.3,35.8,27.6,1021.8,1021.7,-6.59,336.28,0.05,31.7846,11.9206,483.6,60.1,1492.794, NAN, NAN, NAN, NAN,,2024/04/17 00:04:48.966,2024-04-17 00:04:48.966000+00:00
2024/04/17, 00:05:48.966,35.943,-74.855, NAN,264.9,268.1,6.94,13.7,13.7,1019.7,1019.5,0.0,0.0,85.1,78.5,96,94,5.7,5.7,75.5,75.2,6.8,6.7,32.7,31.3,1021.8,1021.6,-6.57,336.39,0.04,31.7881,11.9502,480.6,60.2,1492.901, NAN, NAN, NAN, NAN,,2024/04/17 00:05:48.966,2024-04-17 00:05:48.966000+00:00
2024/04/17, 00:06:48.966,35.943,-74.858, NAN,263.34,269.49,6.97,13.7,13.7,1019.7,1019.7,0.0,0.0,85.1,78.5,97,94,5.5,5.6,75.0,75.0,6.5,6.4,33.6,31.0,1021.8,1021.8,-6.62,336.25,0.03,31.7988,11.9741,481.2,60.2,1492.996, NAN, NAN, NAN, NAN,,2024/04/17 00:06:48.966,2024-04-17 00:06:48.966000+00:00
2024/04/17, 00:07:48.966,35.943,-74.86, NAN,263.42,269.45,7.15,13.7,13.7,1019.8,1019.6,0.0,0.0,85.1,78.5,95,91,5.4,5.5,75.1,75.0,6.4,6.3,33.2,29.8,1021.9,1021.7,-6.53,336.38,0.02,31.8018,11.9908,478.8,60.2,1493.057, NAN, NAN, NAN, NAN,,2024/04/17 00:07:48.966,2024-04-17 00:07:48.966000+00:00
2024/04/17, 00:08:48.966,35.943,-74.862, NAN,263.52,267.78,6.77,13.7,13.7,1019.9,1019.7,0.0,0.0,85.1,78.5,96,91,5.7,5.7,75.2,75.2,6.7,6.4,30.8,27.2,1022.0,1021.8,-6.56,336.78,0.01,31.8007,12.0174,475.5,60.1,1493.147, NAN, NAN, NAN, NAN,,2024/04/17 00:08:48.966,2024-04-17 00:08:48.966000+00:00
2024/04/17, 00:09:48.966,35.943,-74.865, NAN,263.81,266.11,7.1,13.7,13.7,1019.8,1019.7,0.0,0.0,85.1,78.5,99,95,5.7,5.5,75.1,75.0,7.1,6.7,33.6,31.8,1021.9,1021.8,-6.57,336.89,0.01,31.8009,12.0449,475.5,60.3,1493.242, NAN, NAN, NAN, NAN,,2024/04/17 00:09:48.966,2024-04-17 00:09:48.966000+00:00
2024/04/17, 00:10:48.966,35.943,-74.867, NAN,263.67,268.59,6.91,13.7,13.7,1019.9,1019.8,0.0,0.0,85.1,78.5,102,97,5.8,5.6,75.0,74.9,7.1,6.7,35.2,32.5,1022.0,1021.9,-6.54,336.58,0.0,31.8009,12.0502,474.5,60.1,1493.26, NAN, NAN, NAN, NAN,,2024/04/17 00:10:48.966,2024-04-17 00:10:48.966000+00:00
2024/04/17, 00:11:48.966,35.943,-74.869, NAN,263.63,273.12,6.86,13.7,13.7,1019.9,1019.7,0.0,0.0,85.1,78.5,102,99,5.7,5.7,74.8,74.8,7.0,6.8,35.8,33.6,1022.0,1021.8,-6.6,336.62,0.0,31.8018,12.0386,472.6,60.2,1493.222, NAN, NAN, NAN, NAN,,2024/04/17 00:11:48.966,2024-04-17 00:11:48.966000+00:00
2024/04/17, 00:12:48.966,35.943,-74.872, NAN,263.36,270.47,6.87,13.7,13.7,1019.9,1019.7,0.0,0.0,85.1,78.5,102,99,6.0,5.7,74.8,74.8,7.2,6.8,34.5,33.6,1022.0,1021.8,-6.6,336.75,-0.0,31.8006,12.0121,471.8,60.0,1493.129, NAN, NAN, NAN, NAN,,2024/04/17 00:12:48.966,2024-04-17 00:12:48.966000+00:00
2024/04/17, 00:13:48.966,35.943,-74.874, NAN,264.31,274.94,6.8,13.7,13.7,1019.9,1019.7,0.0,0.0,85.1,78.5,102,98,5.8,5.6,74.8,74.8,7.1,6.7,35.5,33.5,1022.0,1021.8,-6.65,336.7,-0.0,31.8084,11.9824,470.8,60.1,1493.036, NAN, NAN, NAN, NAN,,2024/04/17 00:13:48.966,2024-04-17 00:13:48.966000+00:00
2024/04/17, 00:14:48.966,35.943,-74.876, NAN,263.81,272.8,6.76,13.7,13.8,1019.8,1019.9,0.0,0.0,85.1,78.5,102,99,5.8,5.8,75.1,75.0,7.0,6.8,35.7,33.5,1021.9,1022.0,-6.57,336.63,-0.0,31.8153,11.9748,470.2,59.9,1493.018, NAN, NAN, NAN, NAN,,2024/04/17 00:14:48.966,2024-04-17 00:14:48.966000+00:00
2024/04/17, 00:15:48.966,35.942,-74.879, NAN,263.82,272.36,6.85,13.7,13.8,1019.9,1019.9,0.0,0.0,85.1,78.5,103,99,5.7,5.6,75.1,75.1,7.0,6.7,36.7,34.3,1022.0,1022.0,-6.63,336.56,-0.01,31.8227,11.9678,472.1,60.1,1493.003, NAN, NAN, NAN, NAN,,2024/04/17 00:15:48.966,2024-04-17 00:15:48.966000+00:00
2024/04/17, 00:16:48.966,35.942,-74.881, NAN,263.96,273.91,6.8,13.7,13.7,1019.9,1019.8,0.0,0.0,85.1,78.5,103,99,5.9,5.5,75.3,75.2,7.2,6.6,35.9,34.8,1022.0,1021.9,-6.62,336.72,-0.01,31.8272,11.9595,471.8,60.0,1492.979, NAN, NAN, NAN, NAN,,2024/04/17 00:16:48.966,2024-04-17 00:16:48.966000+00:00
2024/04/17, 00:17:48.966,35.942,-74.883, NAN,263.88,270.64,6.74,13.7,13.7,1019.8,1019.8,0.0,0.0,85.1,78.5,103,99,5.6,5.4,75.1,75.0,7.0,6.6,36.1,34.2,1021.9,1021.9,-6.69,336.78,-0.01,31.8311,11.9461,471.8,60.2,1492.938, NAN, NAN, NAN, NAN,,2024/04/17 00:17:48.966,2024-04-17 00:17:48.966000+00:00
2024/04/17, 00:18:48.966,35.942,-74.886, NAN,264.06,268.37,6.87,13.7,13.8,1019.9,1019.7,0.0,0.0,85.1,78.5,102,101,5.5,5.4,75.1,75.0,6.8,6.7,37.0,36.7,1022.0,1021.8,-6.7,336.79,-0.01,31.8347,11.9448,470.8,60.1,1492.938, NAN, NAN, NAN, NAN,,2024/04/17 00:18:48.966,2024-04-17 00:18:48.966000+00:00
2024/04/17, 00:19:48.967,35.942,-74.888, NAN,263.59,268.67,6.76,13.7,13.8,1019.9,1019.8,0.0,0.0,85.1,78.5,106,99,5.1,5.2,75.0,74.9,6.6,6.4,40.7,35.5,1022.0,1021.9,-6.69,336.62,-0.01,31.8324,11.9509,472.1,60.0,1492.956, NAN, NAN, NAN, NAN,,2024/04/17 00:19:48.967,2024-04-17 00:19:48.967000+00:00
2024/04/17, 00:20:48.967,35.942,-74.89, NAN,263.37,266.68,6.7,13.7,13.8,1019.8,1019.8,0.0,0.0,85.1,78.5,105,100,5.7,5.3,75.3,75.1,7.2,6.6,36.6,34.7,1021.9,1021.9,-6.72,336.89,-0.0,31.844,11.9428,471.8,60.1,1492.942, NAN, NAN, NAN, NAN,,2024/04/17 00:20:48.967,2024-04-17 00:20:48.967000+00:00
2024/04/17, 00:21:48.967,35.942,-74.893, NAN,263.3,267.83,6.66,13.7,13.8,1019.8,1019.8,0.0,0.0,85.1,78.5,107,101,5.0,4.7,74.8,74.8,6.7,6.2,39.9,37.4,1021.9,1021.9,-6.76,336.75,-0.01,31.8418,11.9024,471.2,59.9,1492.8, NAN, NAN, NAN, NAN,,2024/04/17 00:21:48.967,2024-04-17 00:21:48.967000+00:00
2024/04/17, 00:22:48.967,35.942,-74.895, NAN,264.3,264.55,6.8,13.7,13.8,1019.9,1019.8,0.0,0.0,85.1,78.5,107,104,5.1,5.0,75.2,75.1,6.9,6.7,40.8,39.2,1022.0,1021.9,-6.83,336.76,-0.01,31.8456,11.9054,469.4,60.0,1492.815, NAN, NAN, NAN, NAN,,2024/04/17 00:22:48.967,2024-04-17 00:22:48.967000+00:00
2024/04/17, 00:23:48.967,35.942,-74.897, NAN,263.19,265.8,6.63,13.7,13.7,1019.8,1019.9,0.0,0.0,85.1,78.5,108,103,5.3,5.0,75.0,75.0,7.0,6.5,39.6,37.6,1021.9,1022.0,-6.69,337.02,-0.01,31.8579,11.9169,470.2,59.9,1492.869, NAN, NAN, NAN, NAN,,2024/04/17 00:23:48.967,2024-04-17 00:23:48.967000+00:00
2024/04/17, 00:24:48.967,35.942,-74.9, NAN,266.02,265.47,6.82,13.7,13.7,1019.8,1019.8,0.0,0.0,85.1,78.5,105,100,4.9,5.2,75.1,74.8,6.7,6.7,41.3,36.8,1021.9,1021.9,-6.79,337.0,-0.01,31.8575,11.9705,470.8,59.9,1493.054, NAN, NAN, NAN, NAN,,2024/04/17 00:24:48.967,2024-04-17 00:24:48.967000+00:00
2024/04/17, 00:25:48.967,35.942,-74.902, NAN,267.45,264.34,6.62,13.7,13.7,1019.8,1019.8,0.0,0.0,85.1,78.5,104,99,5.2,5.0,75.2,75.1,6.9,6.5,40.1,37.7,1021.9,1021.9,-6.7,337.26,-0.01,31.8514,12.038,468.8,59.8,1493.279, NAN, NAN, NAN, NAN,,2024/04/17 00:25:48.967,2024-04-17 00:25:48.967000+00:00
2024/04/17, 00:26:48.967,35.942,-74.904, NAN,266.94,267.94,6.69,13.7,13.7,1019.8,1019.8,0.0,0.0,85.1,78.5,105,99,5.0,4.8,75.2,75.0,6.7,6.3,41.8,38.9,1021.9,1021.9,-6.83,337.39,-0.01,31.8215,12.0961,470.2,59.9,1493.443, NAN, NAN, NAN, NAN,,2024/04/17 00:26:48.967,2024-04-17 00:26:48.967000+00:00
2024/04/17, 00:27:48.967,35.942,-74.906, NAN,265.98,274.44,6.71,13.7,13.7,1019.9,1019.8,0.0,0.0,85.1,78.5,102,99,4.8,4.7,75.3,75.2,6.2,6.0,41.3,39.9,1022.0,1021.9,-6.92,337.55,-0.01,31.7435,12.1276,472.6,60.0,1493.458, NAN, NAN, NAN, NAN,,2024/04/17 00:27:48.967,2024-04-17 00:27:48.967000+00:00
2024/04/17, 00:28:48.967,35.942,-74.909, NAN,268.29,272.23,6.62,13.7,13.7,1019.9,1019.7,0.0,0.0,85.1,78.5,101,94,4.5,4.6,75.3,75.2,6.0,5.8,43.5,38.5,1022.0,1021.8,-6.78,337.59,-0.01,31.6601,12.1687,469.9,60.0,1493.5, NAN, NAN, NAN, NAN,,2024/04/17 00:28:48.967,2024-04-17 00:28:48.967000+00:00
2024/04/17, 00:29:48.967,35.942,-74.911, NAN,266.44,267.79,6.58,13.7,13.8,1019.8,1019.8,0.0,0.0,85.1,78.5,102,94,4.7,4.5,75.2,75.1,6.2,5.7,41.0,37.0,1021.9,1021.9,-6.79,338.14,-0.01,31.5899,12.2459,473.6,59.8,1493.681, NAN, NAN, NAN, NAN,,2024/04/17 00:29:48.967,2024-04-17 00:29:48.967000+00:00
2024/04/17, 00:30:48.967,35.942,-74.913, NAN,268.64,264.34,6.56,13.7,13.8,1019.8,1019.8,0.0,0.0,85.1,78.5,103,88,4.4,4.4,74.8,74.7,6.1,5.4,44.2,34.9,1021.9,1021.9,-6.71,338.07,-0.01,31.537,12.3794,470.8,59.7,1494.074, NAN, NAN, NAN, NAN,,2024/04/17 00:30:48.967,2024-04-17 00:30:48.967000+00:00
2024/04/17, 00:31:48.967,35.942,-74.916, NAN,267.65,266.2,6.81,13.8,13.8,1019.7,1019.8,0.0,0.0,85.1,78.5,101,86,4.5,4.4,74.9,74.7,6.2,5.4,42.5,33.9,1021.8,1021.9,-6.8,338.24,-0.01,31.4867,12.4363,475.2,59.7,1494.209, NAN, NAN, NAN, NAN,,2024/04/17 00:31:48.967,2024-04-17 00:31:48.967000+00:00
2024/04/17, 00:32:48.967,35.942,-74.918, NAN,268.06,273.04,6.93,13.8,13.8,1019.8,1019.7,0.0,0.0,85.1,78.5,99,93,4.2,4.0,74.7,74.6,5.9,5.5,43.8,41.7,1021.9,1021.8,-6.72,338.52,-0.01,31.3918,12.3944,474.5,59.7,1493.953, NAN, NAN, NAN, NAN,,2024/04/17 00:32:48.967,2024-04-17 00:32:48.967000+00:00
2024/04/17, 00:33:48.967,35.942,-74.92, NAN,267.18,274.52,6.91,13.8,13.8,1019.9,1019.7,0.0,0.0,85.1,78.5,102,82,4.1,4.2,74.9,74.7,5.7,4.8,47.2,34.8,1022.0,1021.8,-6.8,338.53,-0.01,31.2402,12.4078,476.3,59.8,1493.818, NAN, NAN, NAN, NAN,,2024/04/17 00:33:48.967,2024-04-17 00:33:48.967000+00:00
2024/04/17, 00:34:48.967,35.942,-74.923, NAN,269.55,273.45,7.01,13.8,13.9,1019.8,1019.8,0.0,0.0,85.1,78.5,101,84,4.3,4.6,74.8,74.7,6.1,5.5,46.5,34.4,1021.9,1021.9,-6.83,338.55,-0.01,31.0855,12.4653,480.9,59.9,1493.831, NAN, NAN, NAN, NAN,,2024/04/17 00:34:48.967,2024-04-17 00:34:48.967000+00:00
2024/04/17, 00:35:48.968,35.942,-74.925, NAN,268.23,278.12,6.99,13.8,13.9,1019.8,1019.9,0.0,0.0,85.1,78.5,100,85,4.3,4.4,74.7,74.7,5.8,5.1,46.8,37.1,1021.9,1022.0,-6.85,338.81,-0.01,30.9496,12.5075,486.4,59.7,1493.813, NAN, NAN, NAN, NAN,,2024/04/17 00:35:48.968,2024-04-17 00:35:48.968000+00:00
2024/04/17, 00:36:48.968,35.942,-74.927, NAN,268.65,271.73,7.08,13.9,13.9,1019.9,1019.8,0.0,0.0,85.1,78.5,101,85,4.0,4.1,74.5,74.5,5.8,5.1,48.2,38.7,1022.0,1021.9,-6.7,338.77,-0.01,30.8035,12.546,489.7,59.2,1493.771, NAN, NAN, NAN, NAN,,2024/04/17 00:36:48.968,2024-04-17 00:36:48.968000+00:00
2024/04/17, 00:37:48.968,35.942,-74.93, NAN,268.66,273.49,6.98,13.9,13.9,1019.8,1019.8,0.0,0.0,85.1,78.5,103,87,4.2,4.2,74.8,74.7,6.0,5.2,47.9,38.7,1021.9,1021.9,-6.65,338.7,-0.01,30.6985,12.6041,490.4,59.5,1493.844, NAN, NAN, NAN, NAN,,2024/04/17 00:37:48.968,2024-04-17 00:37:48.968000+00:00
2024/04/17, 00:38:48.968,35.942,-74.932, NAN,268.71,263.37,7.08,13.9,13.9,1019.8,1019.8,0.0,0.0,85.1,78.5,105,88,4.0,3.9,74.6,74.5,6.1,5.3,48.6,40.1,1021.9,1021.9,-6.74,338.49,-0.01,30.6171,12.6413,493.1,59.5,1493.874, NAN, NAN, NAN, NAN,,2024/04/17 00:38:48.968,2024-04-17 00:38:48.968000+00:00
2024/04/17, 00:39:48.968,35.941,-74.935, NAN,269.2,268.31,7.12,13.9,13.9,1019.9,1019.8,0.0,0.0,85.1,78.5,104,91,4.0,3.7,74.6,74.5,6.1,5.3,48.9,44.0,1022.0,1021.9,-6.74,338.87,-0.01,30.5586,12.6824,491.3,59.6,1493.945, NAN, NAN, NAN, NAN,,2024/04/17 00:39:48.968,2024-04-17 00:39:48.968000+00:00
2024/04/17, 00:40:48.968,35.941,-74.937, NAN,268.7,272.35,7.31,13.9,13.9,1019.9,1019.7,0.0,0.0,85.1,78.5,107,89,4.2,3.7,74.6,74.5,6.4,5.2,50.2,44.0,1022.0,1021.8,-6.69,338.55,-0.01,30.4981,12.7211,492.4,59.6,1494.004, NAN, NAN, NAN, NAN,,2024/04/17 00:40:48.968,2024-04-17 00:40:48.968000+00:00
2024/04/17, 00:41:48.968,35.941,-74.94, NAN,269.11,260.56,7.4,13.9,14.0,1019.9,1020.0,0.0,0.0,85.1,78.5,106,88,4.0,3.9,74.6,74.6,6.4,5.5,49.1,40.4,1022.0,1022.1,-6.66,338.34,-0.01,30.4315,12.7374,492.3,59.6,1493.981, NAN, NAN, NAN, NAN,,2024/04/17 00:41:48.968,2024-04-17 00:41:48.968000+00:00
2024/04/17, 00:42:48.968,35.941,-74.942, NAN,268.46,267.24,7.3,13.9,14.0,1019.9,1019.9,0.0,0.0,85.1,78.5,106,87,4.3,3.8,75.0,74.9,6.4,5.2,48.6,41.6,1022.0,1022.0,-6.66,338.39,-0.01,30.3658,12.757,491.3,59.7,1493.97, NAN, NAN, NAN, NAN,,2024/04/17 00:42:48.968,2024-04-17 00:42:48.968000+00:00
2024/04/17, 00:43:48.968,35.941,-74.945, NAN,269.21,271.3,7.13,13.9,13.9,1020.0,1019.8,0.0,0.0,85.1,78.5,107,91,4.4,4.2,75.2,75.1,6.4,5.6,49.5,41.5,1022.1,1021.9,-6.76,338.72,-0.01,30.3008,12.7945,492.4,59.7,1494.02, NAN, NAN, NAN, NAN,,2024/04/17 00:43:48.968,2024-04-17 00:43:48.968000+00:00
2024/04/17, 00:44:48.968,35.941,-74.947, NAN,268.6,269.55,7.3,13.9,13.9,1020.0,1020.1,0.0,0.0,85.1,78.5,106,90,4.4,4.2,75.3,75.1,6.4,5.5,49.0,41.3,1022.1,1022.2,-6.77,338.65,-0.01,30.2434,12.841,492.4,59.7,1494.109, NAN, NAN, NAN, NAN,,2024/04/17 00:44:48.968,2024-04-17 00:44:48.968000+00:00
2024/04/17, 00:45:48.968,35.941,-74.95, NAN,268.76,258.64,6.95,13.9,13.9,1020.1,1019.9,0.0,0.0,85.1,78.5,107,103,4.5,4.3,75.5,75.3,6.7,6.4,45.6,44.2,1022.2,1022.0,-6.75,338.63,-0.01,30.1998,12.8597,493.1,59.8,1494.121, NAN, NAN, NAN, NAN,,2024/04/17 00:45:48.968,2024-04-17 00:45:48.968000+00:00
2024/04/17, 00:46:48.968,35.941,-74.952, NAN,269.26,272.4,7.07,13.9,13.9,1020.1,1019.9,0.0,0.0,85.1,78.5,106,101,5.1,4.6,75.7,75.6,7.0,6.3,45.7,44.9,1022.2,1022.0,-6.77,338.49,-0.01,30.1588,12.8758,492.4,59.9,1494.127, NAN, NAN, NAN, NAN,,2024/04/17 00:46:48.968,2024-04-17 00:46:48.968000+00:00
2024/04/17, 00:47:48.968,35.941,-74.954, NAN,270.44,276.0,7.11,13.9,13.9,1020.1,1020.2,0.0,0.0,85.1,78.5,107,101,5.0,4.8,75.6,75.4,6.9,6.5,48.3,45.5,1022.2,1022.3,-6.68,339.01,-0.01,30.129,12.8871,490.7,59.6,1494.13, NAN, NAN, NAN, NAN,,2024/04/17 00:47:48.968,2024-04-17 00:47:48.968000+00:00
2024/04/17, 00:48:48.968,35.941,-74.957, NAN,270.14,268.16,7.18,13.9,13.9,1020.1,1020.1,0.0,0.0,85.1,78.5,105,101,5.2,4.9,75.7,75.5,7.1,6.7,44.9,43.7,1022.2,1022.2,-6.62,338.61,-0.01,30.0959,12.9141,491.3,59.7,1494.182, NAN, NAN, NAN, NAN,,2024/04/17 00:48:48.968,2024-04-17 00:48:48.968000+00:00
2024/04/17, 00:49:48.968,35.941,-74.959, NAN,269.58,272.54,7.14,13.9,14.0,1020.2,1020.2,0.0,0.0,85.1,78.5,104,99,5.1,4.9,75.5,75.4,6.9,6.5,44.9,42.7,1022.3,1022.3,-6.66,338.82,-0.02,30.0682,12.9279,491.3,59.7,1494.196, NAN, NAN, NAN, NAN,,2024/04/17 00:49:48.968,2024-04-17 00:49:48.968000+00:00
2024/04/17, 00:50:48.968,35.941,-74.962, NAN,270.86,275.25,7.25,14.0,14.0,1020.2,1020.2,0.0,0.0,85.1,78.5,104,100,5.5,5.2,75.6,75.4,7.3,6.9,44.7,43.3,1022.3,1022.3,-6.65,338.79,-0.01,30.0408,12.9442,489.1,59.9,1494.219, NAN, NAN, NAN, NAN,,2024/04/17 00:50:48.968,2024-04-17 00:50:48.968000+00:00
2024/04/17, 00:51:48.969,35.941,-74.964, NAN,270.51,270.38,7.18,14.0,14.0,1020.3,1020.3,0.0,0.0,85.1,78.5,105,100,5.1,4.9,75.5,75.4,7.0,6.7,45.8,43.6,1022.4,1022.4,-6.56,339.16,-0.01,30.0198,12.9639,489.4,59.9,1494.261, NAN, NAN, NAN, NAN,,2024/04/17 00:51:48.969,2024-04-17 00:51:48.969000+00:00
2024/04/17, 00:52:48.969,35.941,-74.967, NAN,270.1,266.77,7.07,14.0,14.0,1020.3,1020.3,0.0,0.0,85.1,78.5,108,102,5.4,5.2,76.0,75.7,7.5,7.0,45.3,42.3,1022.4,1022.4,-6.56,339.08,-0.01,30.0008,12.9895,489.4,60.0,1494.325, NAN, NAN, NAN, NAN,,2024/04/17 00:52:48.969,2024-04-17 00:52:48.969000+00:00
2024/04/17, 00:53:48.969,35.942,-74.969, NAN,268.75,269.39,7.14,14.0,14.0,1020.3,1020.3,0.0,0.0,85.1,78.5,111,107,5.2,4.6,75.7,75.5,7.3,6.6,48.0,48.0,1022.4,1022.4,-6.58,339.35,-0.01,29.9769,13.0051,489.7,59.9,1494.349, NAN, NAN, NAN, NAN,,2024/04/17 00:53:48.969,2024-04-17 00:53:48.969000+00:00
2024/04/17, 00:54:48.969,35.941,-74.972, NAN,269.23,264.79,7.18,14.0,14.0,1020.3,1020.3,0.0,0.0,85.1,78.5,112,105,5.0,4.8,75.8,75.9,7.3,6.9,48.6,45.1,1022.4,1022.4,-6.49,338.79,-0.01,29.9652,13.0082,488.3,59.9,1494.346, NAN, NAN, NAN, NAN,,2024/04/17 00:54:48.969,2024-04-17 00:54:48.969000+00:00
2024/04/17, 00:55:48.969,35.941,-74.974, NAN,269.19,267.98,7.08,14.0,14.1,1020.3,1020.3,0.0,0.0,85.1,78.5,111,104,5.1,4.9,76.1,75.9,7.4,6.9,47.1,43.6,1022.4,1022.4,-6.5,339.55,-0.01,29.9555,12.999,488.0,60.0,1494.303, NAN, NAN, NAN, NAN,,2024/04/17 00:55:48.969,2024-04-17 00:55:48.969000+00:00
2024/04/17, 00:56:48.969,35.941,-74.976, NAN,268.89,265.34,7.13,14.1,14.1,1020.3,1020.5,0.0,0.0,85.1,78.5,111,100,5.3,4.6,75.9,75.7,7.5,6.5,46.5,42.6,1022.4,1022.6,-6.5,339.62,-0.01,29.9501,12.9949,486.7,59.9,1494.283, NAN, NAN, NAN, NAN,,2024/04/17 00:56:48.969,2024-04-17 00:56:48.969000+00:00
2024/04/17, 00:57:48.969,35.941,-74.979, NAN,269.1,271.57,7.11,14.1,14.1,1020.5,1020.3,0.0,0.0,85.1,78.5,114,108,5.5,4.5,75.7,75.7,7.7,6.6,49.1,49.3,1022.6,1022.4,-6.41,339.38,-0.01,29.9375,12.9882,486.7,59.7,1494.246, NAN, NAN, NAN, NAN,,2024/04/17 00:57:48.969,2024-04-17 00:57:48.969000+00:00
2024/04/17, 00:58:48.969,35.941,-74.981, NAN,269.44,268.0,7.11,14.1,14.1,1020.5,1020.3,0.0,0.0,85.1,78.5,111,110,5.3,4.8,75.5,75.6,7.4,6.9,48.3,49.6,1022.6,1022.4,-6.45,339.76,-0.01,29.9276,12.9983,488.0,59.6,1494.268, NAN, NAN, NAN, NAN,,2024/04/17 00:58:48.969,2024-04-17 00:58:48.969000+00:00
2024/04/17, 00:59:48.969,35.941,-74.984, NAN,268.77,266.17,7.13,14.1,14.1,1020.5,1020.3,0.0,0.0,85.1,78.5,114,108,5.2,4.8,75.6,75.6,7.5,6.9,49.0,46.8,1022.6,1022.4,-6.38,339.85,-0.01,29.9193,13.0178,487.0,59.8,1494.324, NAN, NAN, NAN, NAN,,2024/04/17 00:59:48.969,2024-04-17 00:59:48.969000+00:00
2024/04/17, 01:00:48.969,35.941,-74.986, NAN,268.34,272.71,7.2,14.1,14.2,1020.3,1020.5,0.0,0.0,85.1,78.5,115,112,5.0,5.0,76.0,75.7,7.2,7.1,52.0,50.1,1022.4,1022.6,-6.37,339.8,-0.01,29.9068,13.038,486.4,59.8,1494.378, NAN, NAN, NAN, NAN,,2024/04/17 01:00:48.969,2024-04-17 01:00:48.969000+00:00
2024/04/17, 01:01:48.969,35.941,-74.988, NAN,269.56,269.56,7.17,14.1,14.2,1020.5,1020.3,0.0,0.0,85.1,78.5,112,109,5.4,5.6,75.5,75.6,7.6,7.6,48.3,45.7,1022.6,1022.4,-6.39,340.12,-0.01,29.8958,13.0614,484.9,59.9,1494.444, NAN, NAN, NAN, NAN,,2024/04/17 01:01:48.969,2024-04-17 01:01:48.969000+00:00
2024/04/17, 01:02:48.969,35.941,-74.991, NAN,268.56,274.12,7.25,14.2,14.2,1020.3,1020.3,0.0,0.0,85.1,78.5,115,106,5.4,4.7,75.3,75.2,7.4,6.4,52.0,49.5,1022.4,1022.4,-6.29,340.27,-0.01,29.8874,13.0877,485.2,59.8,1494.522, NAN, NAN, NAN, NAN,,2024/04/17 01:02:48.969,2024-04-17 01:02:48.969000+00:00
2024/04/17, 01:03:48.969,35.941,-74.993, NAN,269.08,272.43,7.2,14.2,14.2,1020.5,1020.3,0.0,0.0,85.1,78.5,114,112,5.0,5.2,75.5,75.4,7.3,7.4,51.1,49.2,1022.6,1022.4,-6.3,340.33,-0.01,29.8782,13.1056,484.0,59.8,1494.572, NAN, NAN, NAN, NAN,,2024/04/17 01:03:48.969,2024-04-17 01:03:48.969000+00:00
2024/04/17, 01:04:48.969,35.941,-74.996, NAN,268.53,269.54,7.19,14.2,14.2,1020.2,1020.3,0.0,0.0,85.1,78.5,119,111,5.2,5.1,75.3,75.0,7.7,7.3,52.6,48.0,1022.3,1022.4,-6.25,340.55,-0.01,29.8714,13.1241,483.3,60.0,1494.626, NAN, NAN, NAN, NAN,,2024/04/17 01:04:48.969,2024-04-17 01:04:48.969000+00:00
2024/04/17, 01:05:48.969,35.941,-74.998, NAN,268.83,274.19,7.39,14.2,14.3,1020.3,1020.3,0.0,0.0,85.1,78.5,118,112,4.5,4.8,75.1,75.0,7.0,7.0,56.5,51.8,1022.4,1022.4,-6.27,340.45,-0.01,29.869,13.139,483.3,60.0,1494.673, NAN, NAN, NAN, NAN,,2024/04/17 01:05:48.969,2024-04-17 01:05:48.969000+00:00
2024/04/17, 01:06:48.969,35.941,-75.001, NAN,269.83,272.82,7.39,14.3,14.3,1020.3,1020.3,0.0,0.0,85.1,78.5,116,109,4.8,4.6,75.5,75.3,7.3,6.8,54.1,50.9,1022.4,1022.4,-6.3,340.33,-0.02,29.8698,13.1208,482.5,60.1,1494.613, NAN, NAN, NAN, NAN,,2024/04/17 01:06:48.969,2024-04-17 01:06:48.969000+00:00
2024/04/17, 01:07:48.970,35.941,-75.003, NAN,269.34,269.19,7.27,14.3,14.3,1020.3,1020.3,0.0,0.0,85.1,78.5,114,114,4.8,4.6,75.2,75.4,7.2,7.0,51.3,52.1,1022.4,1022.4,-6.33,340.34,-0.01,29.8811,13.0787,483.0,60.0,1494.485, NAN, NAN, NAN, NAN,,2024/04/17 01:07:48.970,2024-04-17 01:07:48.970000+00:00
2024/04/17, 01:08:48.970,35.941,-75.006, NAN,268.66,270.12,7.32,14.3,14.3,1020.2,1020.3,0.0,0.0,85.1,78.5,119,113,4.8,4.2,75.3,75.4,7.3,6.6,54.6,53.6,1022.3,1022.4,-6.34,340.25,-0.01,29.8961,13.0113,481.6,59.9,1494.275, NAN, NAN, NAN, NAN,,2024/04/17 01:08:48.970,2024-04-17 01:08:48.970000+00:00
2024/04/17, 01:09:48.970,35.941,-75.008, NAN,269.24,270.48,7.32,14.3,14.3,1020.3,1020.3,0.0,0.0,85.1,78.5,119,112,4.8,4.6,75.4,75.4,7.4,6.9,55.1,51.8,1022.4,1022.4,-6.39,340.56,-0.01,29.9238,12.9749,481.2,59.9,1494.185, NAN, NAN, NAN, NAN,,2024/04/17 01:09:48.970,2024-04-17 01:09:48.970000+00:00
2024/04/17, 01:10:48.970,35.941,-75.011, NAN,268.92,271.25,7.24,14.3,14.3,1020.5,1020.3,0.0,0.0,85.1,78.5,117,112,5.0,4.6,75.7,75.5,7.4,6.8,53.0,51.6,1022.6,1022.4,-6.32,340.47,-0.01,29.939,12.9668,482.7,60.0,1494.175, NAN, NAN, NAN, NAN,,2024/04/17 01:10:48.970,2024-04-17 01:10:48.970000+00:00
2024/04/17, 01:11:48.970,35.941,-75.013, NAN,269.14,270.58,7.42,14.3,14.3,1020.5,1020.3,0.0,0.0,85.1,78.5,112,113,4.5,4.6,75.7,75.6,6.9,7.0,51.8,52.0,1022.6,1022.4,-6.32,340.52,-0.0,29.9473,12.9594,482.2,59.9,1494.16, NAN, NAN, NAN, NAN,,2024/04/17 01:11:48.970,2024-04-17 01:11:48.970000+00:00
2024/04/17, 01:12:48.970,35.941,-75.016, NAN,268.85,267.72,7.16,14.3,14.3,1020.5,1020.3,0.0,0.0,85.1,78.5,117,111,4.6,4.7,76.0,75.8,7.1,7.0,53.0,49.1,1022.6,1022.4,-6.36,340.66,-0.01,29.9476,12.9421,481.2,60.0,1494.102, NAN, NAN, NAN, NAN,,2024/04/17 01:12:48.970,2024-04-17 01:12:48.970000+00:00
2024/04/17, 01:13:48.970,35.941,-75.018, NAN,268.81,268.05,7.2,14.3,14.3,1020.5,1020.3,0.0,0.0,85.1,78.5,116,112,5.4,5.1,75.9,75.6,7.8,7.4,49.6,48.1,1022.6,1022.4,-6.35,340.74,-0.01,29.9493,12.9115,480.6,59.8,1494.0, NAN, NAN, NAN, NAN,,2024/04/17 01:13:48.970,2024-04-17 01:13:48.970000+00:00
2024/04/17, 01:14:48.970,35.941,-75.021, NAN,269.34,271.96,7.24,14.2,14.3,1020.5,1020.5,0.0,0.0,85.1,78.5,115,110,5.2,5.1,76.1,75.7,7.5,7.2,51.1,48.3,1022.6,1022.6,-6.41,340.69,-0.01,29.9542,12.8915,480.9,60.0,1493.938, NAN, NAN, NAN, NAN,,2024/04/17 01:14:48.970,2024-04-17 01:14:48.970000+00:00
2024/04/17, 01:15:48.970,35.941,-75.023, NAN,269.92,265.68,7.07,14.2,14.3,1020.3,1020.5,0.0,0.0,85.1,78.5,111,106,5.3,5.2,76.0,75.8,7.5,7.2,47.6,44.8,1022.4,1022.6,-6.45,340.92,-0.01,29.9579,12.8242,480.9,60.0,1493.715, NAN, NAN, NAN, NAN,,2024/04/17 01:15:48.970,2024-04-17 01:15:48.970000+00:00
2024/04/17, 01:16:48.970,35.941,-75.026, NAN,270.8,269.56,7.01,14.2,14.3,1020.3,1020.6,0.0,0.0,85.1,78.5,114,111,5.5,5.5,76.1,75.9,7.8,7.6,49.7,47.7,1022.4,1022.7,-6.34,340.88,-0.01,29.9661,12.7655,480.3,59.8,1493.525, NAN, NAN, NAN, NAN,,2024/04/17 01:16:48.970,2024-04-17 01:16:48.970000+00:00
2024/04/17, 01:17:48.970,35.941,-75.028, NAN,269.89,264.46,7.19,14.2,14.3,1020.5,1020.5,0.0,0.0,85.1,78.5,114,111,5.9,5.6,76.1,75.9,8.3,8.0,46.7,45.6,1022.6,1022.6,-6.42,341.12,-0.01,29.9741,12.7504,481.6,59.8,1493.483, NAN, NAN, NAN, NAN,,2024/04/17 01:17:48.970,2024-04-17 01:17:48.970000+00:00
2024/04/17, 01:18:48.970,35.941,-75.031, NAN,270.09,269.68,7.17,14.2,14.3,1020.5,1020.5,0.0,0.0,85.1,78.5,112,107,6.2,5.8,76.1,75.9,8.4,7.8,46.0,43.9,1022.6,1022.6,-6.31,340.93,-0.01,29.9807,12.7499,482.5,59.9,1493.489, NAN, NAN, NAN, NAN,,2024/04/17 01:18:48.970,2024-04-17 01:18:48.970000+00:00
2024/04/17, 01:19:48.970,35.941,-75.033, NAN,271.33,267.97,7.25,14.2,14.3,1020.6,1020.6,0.0,0.0,85.1,78.5,108,104,6.3,5.8,76.0,76.0,8.4,7.7,43.9,42.8,1022.7,1022.7,-6.44,341.05,-0.01,29.9827,12.7499,483.0,59.8,1493.492, NAN, NAN, NAN, NAN,,2024/04/17 01:19:48.970,2024-04-17 01:19:48.970000+00:00
2024/04/17, 01:20:48.970,35.941,-75.036, NAN,271.11,272.04,7.05,14.2,14.3,1020.8,1020.6,0.0,0.0,85.1,78.5,110,104,6.1,5.9,76.0,75.9,8.1,7.6,46.2,42.7,1022.9,1022.7,-6.44,340.92,-0.01,29.9863,12.7477,482.2,59.8,1493.489, NAN, NAN, NAN, NAN,,2024/04/17 01:20:48.970,2024-04-17 01:20:48.970000+00:00
2024/04/17, 01:21:48.970,35.941,-75.038, NAN,272.64,274.63,7.06,14.2,14.3,1020.7,1020.6,0.0,0.0,85.1,78.5,108,102,6.7,6.0,76.4,76.3,8.6,7.6,44.4,42.3,1022.8,1022.7,-6.51,341.29,-0.01,29.9877,12.7526,482.7,59.9,1493.507, NAN, NAN, NAN, NAN,,2024/04/17 01:21:48.970,2024-04-17 01:21:48.970000+00:00
2024/04/17, 01:22:48.970,35.941,-75.04, NAN,272.53,269.35,7.1,14.2,14.3,1020.5,1020.8,0.0,0.0,85.1,78.5,107,102,6.1,5.9,76.5,76.4,8.1,7.7,44.4,41.6,1022.6,1022.9,-6.47,341.25,-0.01,29.9899,12.7585,483.6,59.8,1493.53, NAN, NAN, NAN, NAN,,2024/04/17 01:22:48.970,2024-04-17 01:22:48.970000+00:00
2024/04/17, 01:23:48.971,35.941,-75.043, NAN,272.66,268.11,6.98,14.2,14.3,1020.7,1020.7,0.0,0.0,85.1,78.5,110,107,5.9,5.6,76.8,76.7,8.1,7.7,46.7,45.6,1022.8,1022.8,-6.46,341.47,-0.01,29.9918,12.7676,483.0,59.9,1493.563, NAN, NAN, NAN, NAN,,2024/04/17 01:23:48.971,2024-04-17 01:23:48.971000+00:00
2024/04/17, 01:24:48.971,35.941,-75.045, NAN,271.44,274.84,7.06,14.2,14.2,1020.5,1020.6,0.0,0.0,85.1,78.5,110,105,5.8,5.7,76.9,76.6,7.8,7.5,47.5,44.5,1022.6,1022.7,-6.46,341.42,-0.01,30.0008,12.7787,482.5,59.9,1493.611, NAN, NAN, NAN, NAN,,2024/04/17 01:24:48.971,2024-04-17 01:24:48.971000+00:00
2024/04/17, 01:25:48.971,35.941,-75.048, NAN,271.9,269.04,7.22,14.2,14.2,1020.5,1020.6,0.0,0.0,85.1,78.5,113,110,5.8,5.5,76.9,76.7,8.1,7.7,49.7,48.8,1022.6,1022.7,-6.5,341.61,-0.01,30.0049,12.7871,483.6,59.7,1493.644, NAN, NAN, NAN, NAN,,2024/04/17 01:25:48.971,2024-04-17 01:25:48.971000+00:00
2024/04/17, 01:26:48.971,35.941,-75.05, NAN,272.61,270.64,7.05,14.2,14.3,1020.7,1020.5,0.0,0.0,85.1,78.5,111,108,5.3,4.7,76.5,76.3,7.4,6.8,50.7,51.2,1022.8,1022.6,-6.45,341.19,-0.01,30.0049,12.7965,483.0,60.0,1493.676, NAN, NAN, NAN, NAN,,2024/04/17 01:26:48.971,2024-04-17 01:26:48.971000+00:00
2024/04/17, 01:27:48.971,35.941,-75.052, NAN,271.67,263.03,7.23,14.3,14.3,1020.5,1020.3,0.0,0.0,85.1,78.5,110,106,5.1,4.9,76.8,76.4,7.5,7.1,48.5,46.8,1022.6,1022.4,-6.4,341.21,-0.01,30.0011,12.803,483.3,59.7,1493.694, NAN, NAN, NAN, NAN,,2024/04/17 01:27:48.971,2024-04-17 01:27:48.971000+00:00
2024/04/17, 01:28:48.971,35.941,-75.055, NAN,271.46,270.13,7.07,14.3,14.3,1020.5,1020.4,0.0,0.0,85.1,78.5,113,111,4.5,4.5,76.4,76.1,6.8,6.8,53.5,52.4,1022.6,1022.5,-6.46,341.03,-0.01,30.0014,12.8035,481.9,59.8,1493.696, NAN, NAN, NAN, NAN,,2024/04/17 01:28:48.971,2024-04-17 01:28:48.971000+00:00
2024/04/17, 01:29:48.971,35.941,-75.057, NAN,272.25,277.2,7.12,14.3,14.3,1020.5,1020.3,0.0,0.0,85.1,78.5,107,103,4.7,4.4,76.4,76.1,6.7,6.2,51.2,50.4,1022.6,1022.4,-6.6,340.98,-0.02,30.0,12.8037,482.5,60.0,1493.695, NAN, NAN, NAN, NAN,,2024/04/17 01:29:48.971,2024-04-17 01:29:48.971000+00:00
2024/04/17, 01:30:48.971,35.942,-75.06, NAN,272.61,273.38,7.12,14.3,14.3,1020.5,1020.5,0.0,0.0,85.1,78.5,110,104,4.3,4.2,76.0,76.1,6.5,6.2,54.8,51.9,1022.6,1022.6,-6.45,340.93,-0.01,29.9985,12.803,481.6,59.9,1493.691, NAN, NAN, NAN, NAN,,2024/04/17 01:30:48.971,2024-04-17 01:30:48.971000+00:00
2024/04/17, 01:31:48.971,35.942,-75.062, NAN,270.51,274.69,6.95,14.3,14.3,1020.3,1020.5,0.0,0.0,85.1,78.5,114,110,4.0,3.7,75.9,75.7,6.3,5.9,56.6,56.1,1022.4,1022.6,-6.59,340.85,-0.01,29.9994,12.8021,481.6,60.0,1493.689, NAN, NAN, NAN, NAN,,2024/04/17 01:31:48.971,2024-04-17 01:31:48.971000+00:00
2024/04/17, 01:32:48.971,35.942,-75.065, NAN,270.86,275.76,7.0,14.3,14.4,1020.3,1020.4,0.0,0.0,85.1,78.5,115,110,4.0,3.7,76.1,75.9,6.4,5.9,57.0,55.9,1022.4,1022.5,-6.67,340.98,-0.01,30.0003,12.8017,480.3,60.1,1493.689, NAN, NAN, NAN, NAN,,2024/04/17 01:32:48.971,2024-04-17 01:32:48.971000+00:00
2024/04/17, 01:33:48.971,35.942,-75.067, NAN,270.21,273.34,7.17,14.3,14.4,1020.3,1020.3,0.0,0.0,85.1,78.5,112,109,4.0,3.9,75.9,75.7,6.3,6.1,55.7,54.6,1022.4,1022.4,-6.59,340.79,-0.01,30.0018,12.8011,479.3,60.1,1493.688, NAN, NAN, NAN, NAN,,2024/04/17 01:33:48.971,2024-04-17 01:33:48.971000+00:00
2024/04/17, 01:34:48.971,35.942,-75.07, NAN,267.98,269.79,7.25,14.4,14.4,1020.3,1020.3,0.0,0.0,85.1,78.5,118,107,3.5,3.0,75.4,75.2,6.1,5.3,60.0,58.2,1022.4,1022.4,-6.62,340.7,-0.01,30.0029,12.8068,479.6,60.0,1493.709, NAN, NAN, NAN, NAN,,2024/04/17 01:34:48.971,2024-04-17 01:34:48.971000+00:00
2024/04/17, 01:35:48.971,35.942,-75.072, NAN,267.84,266.91,7.26,14.4,14.4,1020.3,1020.3,0.0,0.0,85.1,78.5,120,111,3.2,3.0,75.3,75.6,6.0,5.6,60.0,57.2,1022.4,1022.4,-6.69,340.52,-0.02,30.0064,12.8209,479.3,60.0,1493.761, NAN, NAN, NAN, NAN,,2024/04/17 01:35:48.971,2024-04-17 01:35:48.971000+00:00
2024/04/17, 01:36:48.971,35.942,-75.074, NAN,269.26,263.71,7.16,14.4,14.4,1020.3,1020.1,0.0,0.0,85.1,78.5,118,111,3.2,2.9,75.7,75.5,6.0,5.6,58.6,57.2,1022.4,1022.2,-6.74,340.48,-0.01,30.0095,12.8475,479.3,60.0,1493.855, NAN, NAN, NAN, NAN,,2024/04/17 01:36:48.971,2024-04-17 01:36:48.971000+00:00
2024/04/17, 01:37:48.971,35.942,-75.077, NAN,269.55,270.16,7.21,14.4,14.4,1020.1,1020.2,0.0,0.0,85.1,78.5,117,109,2.9,2.7,75.6,75.3,5.6,5.2,63.3,61.5,1022.2,1022.3,-6.82,340.71,-0.01,30.0152,12.867,480.3,60.2,1493.928, NAN, NAN, NAN, NAN,,2024/04/17 01:37:48.971,2024-04-17 01:37:48.971000+00:00
2024/04/17, 01:38:48.971,35.942,-75.079, NAN,268.54,270.93,7.28,14.4,14.4,1020.3,1020.3,0.0,0.0,85.1,78.5,117,91,2.8,2.2,75.4,75.1,5.5,4.3,64.3,61.1,1022.4,1022.4,-6.8,340.68,-0.01,30.0315,12.8803,477.6,60.1,1493.992, NAN, NAN, NAN, NAN,,2024/04/17 01:38:48.971,2024-04-17 01:38:48.971000+00:00
2024/04/17, 01:39:48.972,35.942,-75.082, NAN,269.4,273.12,7.26,14.4,14.4,1020.3,1020.2,0.0,0.0,85.1,78.5,114,85,2.9,2.4,75.4,75.2,5.5,4.2,62.2,56.6,1022.4,1022.3,-6.95,340.38,-0.01,30.0669,12.8982,479.3,60.2,1494.094, NAN, NAN, NAN, NAN,,2024/04/17 01:39:48.972,2024-04-17 01:39:48.972000+00:00
2024/04/17, 01:40:48.972,35.942,-75.084, NAN,269.43,274.95,7.36,14.4,14.5,1020.3,1020.3,0.0,0.0,85.1,78.5,114,86,2.9,2.5,75.7,75.1,5.5,4.2,63.5,57.4,1022.4,1022.4,-6.84,340.24,-0.01,30.0941,12.9146,481.9,60.2,1494.182, NAN, NAN, NAN, NAN,,2024/04/17 01:40:48.972,2024-04-17 01:40:48.972000+00:00
2024/04/17, 01:41:48.972,35.942,-75.087, NAN,269.33,264.64,7.2,14.4,14.4,1020.3,1020.3,0.0,0.0,85.1,78.5,112,86,3.2,2.6,75.7,75.5,5.8,4.5,56.8,51.4,1022.4,1022.4,-6.98,340.3,-0.01,30.1101,12.9259,482.7,60.1,1494.239, NAN, NAN, NAN, NAN,,2024/04/17 01:41:48.972,2024-04-17 01:41:48.972000+00:00
2024/04/17, 01:42:48.972,35.942,-75.089, NAN,269.77,265.37,7.34,14.4,14.4,1020.3,1020.3,0.0,0.0,85.1,78.5,110,102,3.3,2.9,75.8,75.5,5.9,5.3,56.0,55.3,1022.4,1022.4,-6.98,340.27,-0.01,30.1181,12.9268,482.2,60.1,1494.252, NAN, NAN, NAN, NAN,,2024/04/17 01:42:48.972,2024-04-17 01:42:48.972000+00:00
2024/04/17, 01:43:48.972,35.942,-75.092, NAN,269.95,271.09,7.29,14.4,14.4,1020.3,1020.3,0.0,0.0,85.1,78.5,109,104,3.1,2.9,75.6,75.6,5.6,5.2,58.7,58.0,1022.4,1022.4,-6.9,340.19,-0.01,30.1262,12.9275,483.3,60.1,1494.264, NAN, NAN, NAN, NAN,,2024/04/17 01:43:48.972,2024-04-17 01:43:48.972000+00:00
2024/04/17, 01:44:48.972,35.942,-75.094, NAN,269.51,271.29,7.29,14.4,14.5,1020.3,1020.3,0.0,0.0,85.1,78.5,115,102,3.5,3.0,75.7,75.6,6.1,5.2,59.1,56.6,1022.4,1022.4,-6.86,340.26,-0.01,30.135,12.9232,482.7,60.1,1494.259, NAN, NAN, NAN, NAN,,2024/04/17 01:44:48.972,2024-04-17 01:44:48.972000+00:00
2024/04/17, 01:45:48.972,35.942,-75.097, NAN,269.22,267.78,7.22,14.4,14.4,1020.3,1020.3,0.0,0.0,85.1,78.5,111,107,3.4,3.1,75.7,75.5,5.9,5.5,55.7,55.7,1022.4,1022.4,-6.86,340.24,-0.01,30.1401,12.914,484.3,60.1,1494.234, NAN, NAN, NAN, NAN,,2024/04/17 01:45:48.972,2024-04-17 01:45:48.972000+00:00
2024/04/17, 01:46:48.972,35.941,-75.099, NAN,269.2,268.99,7.25,14.4,14.5,1020.3,1020.3,0.0,0.0,85.1,78.5,111,95,3.4,3.0,75.9,75.7,5.9,5.0,56.7,52.6,1022.4,1022.4,-6.87,340.27,-0.01,30.1443,12.9041,483.3,60.2,1494.206, NAN, NAN, NAN, NAN,,2024/04/17 01:46:48.972,2024-04-17 01:46:48.972000+00:00
2024/04/17, 01:47:48.972,35.941,-75.102, NAN,269.15,266.97,7.18,14.4,14.4,1020.3,1020.3,0.0,0.0,85.1,78.5,115,102,3.5,3.0,76.0,75.8,6.1,5.3,57.1,54.4,1022.4,1022.4,-6.82,340.13,-0.01,30.1465,12.8929,484.0,60.2,1494.171, NAN, NAN, NAN, NAN,,2024/04/17 01:47:48.972,2024-04-17 01:47:48.972000+00:00
2024/04/17, 01:48:48.972,35.941,-75.104, NAN,268.85,275.35,7.11,14.4,14.4,1020.5,1020.3,0.0,0.0,85.1,78.5,115,112,3.7,3.5,76.3,76.1,6.1,5.8,57.8,57.4,1022.6,1022.4,-6.83,340.09,-0.01,30.149,12.8809,484.6,60.0,1494.133, NAN, NAN, NAN, NAN,,2024/04/17 01:48:48.972,2024-04-17 01:48:48.972000+00:00
2024/04/17, 01:49:48.972,35.941,-75.107, NAN,269.22,279.03,7.2,14.4,14.4,1020.5,1020.3,0.0,0.0,85.1,78.5,112,112,3.8,3.6,76.4,76.2,6.0,5.9,57.0,58.1,1022.6,1022.4,-6.73,340.2,-0.01,30.1508,12.8755,483.3,60.2,1494.117, NAN, NAN, NAN, NAN,,2024/04/17 01:49:48.972,2024-04-17 01:49:48.972000+00:00
2024/04/17, 01:50:48.972,35.941,-75.109, NAN,269.29,264.01,7.14,14.4,14.4,1020.5,1020.5,0.0,0.0,85.1,78.5,114,112,4.0,3.6,76.6,76.5,6.5,6.1,54.1,55.1,1022.6,1022.6,-6.75,340.34,-0.01,30.1537,12.8676,484.3,60.0,1494.093, NAN, NAN, NAN, NAN,,2024/04/17 01:50:48.972,2024-04-17 01:50:48.972000+00:00
2024/04/17, 01:51:48.972,35.941,-75.112, NAN,269.82,267.73,7.22,14.4,14.4,1020.3,1020.3,0.0,0.0,85.1,78.5,114,110,3.7,3.5,76.6,76.4,6.3,6.0,55.4,54.5,1022.4,1022.4,-6.74,340.39,-0.01,30.1556,12.8572,484.6,60.1,1494.06, NAN, NAN, NAN, NAN,,2024/04/17 01:51:48.972,2024-04-17 01:51:48.972000+00:00
2024/04/17, 01:52:48.972,35.941,-75.114, NAN,269.16,267.75,7.16,14.4,14.4,1020.5,1020.4,0.0,0.0,85.1,78.5,115,109,3.7,3.4,77.0,76.7,6.2,5.7,57.3,56.0,1022.6,1022.5,-6.76,340.43,-0.01,30.159,12.8513,485.7,60.2,1494.045, NAN, NAN, NAN, NAN,,2024/04/17 01:52:48.972,2024-04-17 01:52:48.972000+00:00
2024/04/17, 01:53:48.972,35.941,-75.117, NAN,268.91,267.9,7.2,14.3,14.4,1020.5,1020.5,0.0,0.0,85.1,78.5,108,102,3.6,3.3,77.2,77.0,5.9,5.5,53.3,52.4,1022.6,1022.6,-6.72,340.54,-0.01,30.1616,12.8435,487.0,60.0,1494.021, NAN, NAN, NAN, NAN,,2024/04/17 01:53:48.972,2024-04-17 01:53:48.972000+00:00
2024/04/17, 01:54:48.972,35.941,-75.119, NAN,269.12,270.46,7.1,14.3,14.4,1020.5,1020.5,0.0,0.0,85.1,78.5,107,93,3.6,3.1,77.4,77.2,5.8,4.9,53.5,50.7,1022.6,1022.6,-6.74,340.78,-0.01,30.1634,12.8472,487.0,60.2,1494.036, NAN, NAN, NAN, NAN,,2024/04/17 01:54:48.972,2024-04-17 01:54:48.972000+00:00
2024/04/17, 01:55:48.973,35.941,-75.121, NAN,269.55,263.17,7.09,14.3,14.4,1020.5,1020.5,0.0,0.0,85.1,78.5,109,100,3.7,3.1,77.8,77.5,6.1,5.3,52.7,52.2,1022.6,1022.6,-6.84,340.94,-0.01,30.1661,12.8584,486.0,60.1,1494.077, NAN, NAN, NAN, NAN,,2024/04/17 01:55:48.973,2024-04-17 01:55:48.973000+00:00
2024/04/17, 01:56:48.973,35.941,-75.124, NAN,269.56,273.12,6.95,14.3,14.3,1020.5,1020.5,0.0,0.0,85.1,78.5,112,101,3.4,3.2,77.9,77.6,5.8,5.2,56.4,52.5,1022.6,1022.6,-6.84,340.63,-0.02,30.1712,12.8686,485.7,60.2,1494.118, NAN, NAN, NAN, NAN,,2024/04/17 01:56:48.973,2024-04-17 01:56:48.973000+00:00
2024/04/17, 01:57:48.973,35.941,-75.126, NAN,271.03,272.59,7.11,14.3,14.3,1020.5,1020.5,0.0,0.0,85.1,78.5,110,95,3.7,3.2,77.8,77.6,6.0,5.0,56.0,52.2,1022.6,1022.6,-6.89,340.52,-0.01,30.1743,12.8729,485.6,60.2,1494.136, NAN, NAN, NAN, NAN,,2024/04/17 01:57:48.973,2024-04-17 01:57:48.973000+00:00
2024/04/17, 01:58:48.973,35.941,-75.129, NAN,270.02,275.18,7.06,14.3,14.3,1020.5,1020.5,0.0,0.0,85.1,78.5,109,91,3.7,3.2,77.7,77.6,5.8,4.7,56.1,51.3,1022.6,1022.6,-6.97,340.78,-0.01,30.1786,12.8777,487.3,59.9,1494.157, NAN, NAN, NAN, NAN,,2024/04/17 01:58:48.973,2024-04-17 01:58:48.973000+00:00
2024/04/17, 01:59:48.973,35.941,-75.131, NAN,270.24,272.89,7.1,14.3,14.3,1020.5,1020.3,0.0,0.0,85.1,78.5,109,86,3.6,3.2,78.0,77.9,5.9,4.7,55.4,47.6,1022.6,1022.4,-7.01,340.9,-0.01,30.1819,12.8802,487.0,59.7,1494.169, NAN, NAN, NAN, NAN,,2024/04/17 01:59:48.973,2024-04-17 01:59:48.973000+00:00
2024/04/17, 02:00:48.973,35.941,-75.134, NAN,270.43,266.92,7.26,14.3,14.3,1020.3,1020.5,0.0,0.0,85.1,78.5,107,87,3.3,3.1,78.1,78.0,5.7,4.8,55.3,48.1,1022.4,1022.6,-7.01,340.84,-0.01,30.1842,12.878,489.4,59.7,1494.165, NAN, NAN, NAN, NAN,,2024/04/17 02:00:48.973,2024-04-17 02:00:48.973000+00:00
2024/04/17, 02:01:48.973,35.941,-75.136, NAN,269.66,275.23,6.99,14.3,14.3,1020.5,1020.3,0.0,0.0,85.1,78.5,109,86,3.1,2.9,78.2,78.1,5.3,4.3,59.2,51.5,1022.6,1022.4,-7.11,340.68,-0.01,30.1887,12.8717,489.1,59.7,1494.149, NAN, NAN, NAN, NAN,,2024/04/17 02:01:48.973,2024-04-17 02:01:48.973000+00:00
2024/04/17, 02:02:48.973,35.941,-75.138, NAN,270.17,269.95,7.19,14.3,14.3,1020.3,1020.5,0.0,0.0,85.1,78.5,113,106,3.2,2.8,78.5,78.1,5.7,5.2,60.3,60.1,1022.4,1022.6,-7.1,340.75,-0.02,30.196,12.8628,490.0,59.8,1494.127, NAN, NAN, NAN, NAN,,2024/04/17 02:02:48.973,2024-04-17 02:02:48.973000+00:00
2024/04/17, 02:03:48.973,35.941,-75.141, NAN,270.37,270.36,7.09,14.3,14.3,1020.3,1020.3,0.0,0.0,85.1,78.5,116,99,3.2,2.7,78.5,78.4,5.9,4.9,59.7,55.9,1022.4,1022.4,-7.13,340.83,-0.01,30.2008,12.8573,489.1,59.9,1494.114, NAN, NAN, NAN, NAN,,2024/04/17 02:03:48.973,2024-04-17 02:03:48.973000+00:00
2024/04/17, 02:04:48.973,35.941,-75.143, NAN,270.17,271.25,7.09,14.3,14.3,1020.3,1020.2,0.0,0.0,85.1,78.5,120,111,3.8,3.4,78.6,78.5,6.4,5.8,60.0,57.6,1022.4,1022.3,-7.07,341.09,-0.01,30.2037,12.8597,488.6,60.0,1494.126, NAN, NAN, NAN, NAN,,2024/04/17 02:04:48.973,2024-04-17 02:04:48.973000+00:00
2024/04/17, 02:05:48.973,35.941,-75.146, NAN,270.25,269.94,7.24,14.3,14.3,1020.3,1020.2,0.0,0.0,85.1,78.5,121,114,3.8,3.2,78.1,77.9,6.5,5.8,60.4,60.0,1022.4,1022.3,-6.93,341.02,-0.02,30.2065,12.872,488.9,60.0,1494.171, NAN, NAN, NAN, NAN,,2024/04/17 02:05:48.973,2024-04-17 02:05:48.973000+00:00
2024/04/17, 02:06:48.973,35.941,-75.148, NAN,269.63,275.53,7.16,14.3,14.3,1020.3,1020.2,0.0,0.0,85.1,78.5,122,117,3.8,3.8,78.8,78.4,6.4,6.2,62.2,59.6,1022.4,1022.3,-6.86,341.1,-0.01,30.2118,12.8765,488.9,60.0,1494.192, NAN, NAN, NAN, NAN,,2024/04/17 02:06:48.973,2024-04-17 02:06:48.973000+00:00
2024/04/17, 02:07:48.973,35.941,-75.151, NAN,270.66,273.12,7.19,14.3,14.3,1020.3,1020.3,0.0,0.0,85.1,78.5,121,114,4.0,3.8,78.7,78.5,6.7,6.3,59.9,57.2,1022.4,1022.4,-6.82,341.22,-0.01,30.2149,12.8841,487.6,60.1,1494.222, NAN, NAN, NAN, NAN,,2024/04/17 02:07:48.973,2024-04-17 02:07:48.973000+00:00
2024/04/17, 02:08:48.973,35.941,-75.153, NAN,270.51,269.77,7.14,14.3,14.3,1020.3,1020.3,0.0,0.0,85.1,78.5,120,115,4.5,4.3,78.9,78.7,7.1,6.8,56.5,54.5,1022.4,1022.4,-6.82,341.25,-0.01,30.2141,12.885,488.6,59.6,1494.224, NAN, NAN, NAN, NAN,,2024/04/17 02:08:48.973,2024-04-17 02:08:48.973000+00:00
2024/04/17, 02:09:48.973,35.941,-75.156, NAN,271.21,265.33,7.34,14.3,14.3,1020.3,1020.4,0.0,0.0,85.1,78.5,119,115,4.8,4.5,79.1,78.9,7.6,7.2,54.8,53.5,1022.4,1022.5,-6.71,341.19,-0.01,30.2118,12.8739,488.6,59.7,1494.184, NAN, NAN, NAN, NAN,,2024/04/17 02:09:48.973,2024-04-17 02:09:48.973000+00:00
2024/04/17, 02:10:48.973,35.941,-75.158, NAN,269.66,270.54,7.05,14.3,14.3,1020.3,1020.3,0.0,0.0,85.1,78.5,118,113,4.9,4.5,79.1,78.8,7.3,6.7,54.3,52.9,1022.4,1022.4,-6.56,341.27,-0.02,30.2079,12.8418,489.1,59.9,1494.07, NAN, NAN, NAN, NAN,,2024/04/17 02:10:48.973,2024-04-17 02:10:48.973000+00:00
2024/04/17, 02:11:48.974,35.941,-75.161, NAN,270.01,265.66,7.19,14.3,14.3,1020.3,1020.3,0.0,0.0,85.1,78.5,116,113,4.7,4.6,79.4,79.1,7.2,7.0,52.7,51.3,1022.4,1022.4,-6.59,341.27,-0.02,30.1995,12.8224,488.0,59.8,1493.994, NAN, NAN, NAN, NAN,,2024/04/17 02:11:48.974,2024-04-17 02:11:48.974000+00:00
2024/04/17, 02:12:48.974,35.941,-75.163, NAN,270.3,268.82,7.1,14.2,14.3,1020.3,1020.3,0.0,0.0,85.1,78.5,117,112,4.6,4.6,79.6,79.1,7.1,6.9,54.1,51.2,1022.4,1022.4,-6.52,341.16,-0.02,30.19,12.8275,487.3,59.9,1494.001, NAN, NAN, NAN, NAN,,2024/04/17 02:12:48.974,2024-04-17 02:12:48.974000+00:00
2024/04/17, 02:13:48.974,35.941,-75.165, NAN,269.67,266.29,7.14,14.2,14.3,1020.3,1020.3,0.0,0.0,85.1,78.5,116,109,4.1,4.2,79.6,79.4,6.6,6.4,55.4,51.1,1022.4,1022.4,-6.5,341.35,-0.01,30.1852,12.8376,485.7,59.9,1494.029, NAN, NAN, NAN, NAN,,2024/04/17 02:13:48.974,2024-04-17 02:13:48.974000+00:00
2024/04/17, 02:14:48.974,35.941,-75.168, NAN,269.72,267.78,6.99,14.2,14.3,1020.3,1020.3,0.0,0.0,85.1,78.5,116,112,4.4,4.2,80.0,79.8,6.8,6.5,54.0,52.6,1022.4,1022.4,-6.56,341.23,-0.01,30.1911,12.8516,485.7,59.9,1494.084, NAN, NAN, NAN, NAN,,2024/04/17 02:14:48.974,2024-04-17 02:14:48.974000+00:00
2024/04/17, 02:15:48.974,35.941,-75.17, NAN,270.36,269.61,7.07,14.2,14.3,1020.3,1020.5,0.0,0.0,85.1,78.5,116,108,4.0,3.8,80.0,79.7,6.5,6.0,56.3,53.1,1022.4,1022.6,-6.59,341.3,-0.01,30.2017,12.8844,487.6,59.9,1494.207, NAN, NAN, NAN, NAN,,2024/04/17 02:15:48.974,2024-04-17 02:15:48.974000+00:00
2024/04/17, 02:16:48.974,35.941,-75.173, NAN,269.58,265.33,7.03,14.2,14.3,1020.5,1020.3,0.0,0.0,85.1,78.5,117,113,4.3,4.1,80.5,79.7,6.9,6.5,53.8,52.4,1022.6,1022.4,-6.58,341.57,-0.01,30.2103,12.9073,487.0,60.1,1494.295, NAN, NAN, NAN, NAN,,2024/04/17 02:16:48.974,2024-04-17 02:16:48.974000+00:00
2024/04/17, 02:17:48.974,35.941,-75.175, NAN,269.72,270.06,7.21,14.2,14.2,1020.3,1020.3,0.0,0.0,85.1,78.5,118,114,3.9,3.5,80.3,80.1,6.5,6.0,58.3,58.3,1022.4,1022.4,-6.59,341.71,-0.01,30.223,12.9255,487.6,60.2,1494.371, NAN, NAN, NAN, NAN,,2024/04/17 02:17:48.974,2024-04-17 02:17:48.974000+00:00
2024/04/17, 02:18:48.974,35.941,-75.178, NAN,270.05,269.89,7.03,14.2,14.3,1020.3,1020.3,0.0,0.0,85.1,78.5,117,110,3.6,3.3,80.7,80.1,6.1,5.6,59.2,57.5,1022.4,1022.4,-6.57,341.87,-0.01,30.2351,12.9513,488.0,60.2,1494.473, NAN, NAN, NAN, NAN,,2024/04/17 02:18:48.974,2024-04-17 02:18:48.974000+00:00
2024/04/17, 02:19:48.974,35.941,-75.18, NAN,269.74,269.06,7.17,14.2,14.2,1020.2,1020.3,0.0,0.0,85.1,78.5,115,110,3.7,3.6,80.6,80.5,6.3,6.0,56.4,54.4,1022.3,1022.4,-6.74,341.59,-0.01,30.2392,12.9956,488.0,60.3,1494.627, NAN, NAN, NAN, NAN,,2024/04/17 02:19:48.974,2024-04-17 02:19:48.974000+00:00
2024/04/17, 02:20:48.974,35.941,-75.182, NAN,269.79,271.54,7.07,14.2,14.2,1020.3,1020.1,0.0,0.0,85.1,78.5,117,110,3.4,3.4,80.9,80.7,6.0,5.7,60.2,56.9,1022.4,1022.2,-6.88,342.0,-0.01,30.2456,13.0193,488.6,60.2,1494.715, NAN, NAN, NAN, NAN,,2024/04/17 02:20:48.974,2024-04-17 02:20:48.974000+00:00
2024/04/17, 02:21:48.974,35.941,-75.185, NAN,269.82,267.98,7.18,14.1,14.2,1020.3,1020.2,0.0,0.0,85.1,78.5,117,112,3.7,3.5,80.9,80.8,6.3,5.9,58.7,57.2,1022.4,1022.3,-6.72,342.15,-0.01,30.2633,13.0345,489.4,60.2,1494.787, NAN, NAN, NAN, NAN,,2024/04/17 02:21:48.974,2024-04-17 02:21:48.974000+00:00
2024/04/17, 02:22:48.974,35.941,-75.187, NAN,270.4,268.4,7.16,14.1,14.2,1020.2,1020.2,0.0,0.0,85.1,78.5,117,114,3.7,3.4,80.9,80.8,6.3,6.0,58.4,58.4,1022.3,1022.3,-6.9,342.0,-0.01,30.2821,13.0543,490.7,60.2,1494.876, NAN, NAN, NAN, NAN,,2024/04/17 02:22:48.974,2024-04-17 02:22:48.974000+00:00
2024/04/17, 02:23:48.974,35.941,-75.19, NAN,270.5,271.69,7.18,14.1,14.2,1020.3,1020.3,0.0,0.0,85.1,78.5,117,113,4.0,3.8,80.9,80.9,6.5,6.2,58.1,57.0,1022.4,1022.4,-6.84,342.2,-0.01,30.2877,13.0768,490.7,60.2,1494.958, NAN, NAN, NAN, NAN,,2024/04/17 02:23:48.974,2024-04-17 02:23:48.974000+00:00
2024/04/17, 02:24:48.974,35.941,-75.192, NAN,269.89,266.6,7.23,14.1,14.2,1020.3,1020.3,0.0,0.0,85.1,78.5,119,111,3.9,3.4,80.7,80.6,6.6,5.9,57.6,56.0,1022.4,1022.4,-6.87,342.44,-0.01,30.2939,13.1025,490.0,59.9,1495.052, NAN, NAN, NAN, NAN,,2024/04/17 02:24:48.974,2024-04-17 02:24:48.974000+00:00
2024/04/17, 02:25:48.974,35.941,-75.195, NAN,270.05,270.32,7.1,14.1,14.2,1020.3,1020.1,0.0,0.0,85.1,78.5,119,121,3.8,3.6,80.9,80.8,6.4,6.3,59.6,61.6,1022.4,1022.2,-6.76,342.7,-0.01,30.3012,13.1382,492.0,59.8,1495.181, NAN, NAN, NAN, NAN,,2024/04/17 02:25:48.974,2024-04-17 02:25:48.974000+00:00
2024/04/17, 02:26:48.974,35.941,-75.197, NAN,270.52,264.64,7.13,14.1,14.2,1020.3,1020.3,0.0,0.0,85.1,78.5,122,112,3.5,2.9,80.9,80.7,6.3,5.5,60.9,59.4,1022.4,1022.4,-6.86,342.77,-0.01,30.3091,13.2036,492.8,59.8,1495.41, NAN, NAN, NAN, NAN,,2024/04/17 02:26:48.974,2024-04-17 02:26:48.974000+00:00
2024/04/17, 02:27:48.975,35.941,-75.199, NAN,269.87,266.37,7.1,14.1,14.2,1020.3,1020.3,0.0,0.0,85.1,78.5,119,111,3.1,3.2,81.2,81.0,5.9,5.8,60.4,56.3,1022.4,1022.4,-6.85,342.57,-0.01,30.3197,13.2755,494.4,59.7,1495.663, NAN, NAN, NAN, NAN,,2024/04/17 02:27:48.975,2024-04-17 02:27:48.975000+00:00
2024/04/17, 02:28:48.975,35.941,-75.202, NAN,270.06,268.84,7.11,14.1,14.2,1020.3,1020.3,0.0,0.0,85.1,78.5,118,113,3.4,3.0,81.2,81.1,6.1,5.6,60.3,60.3,1022.4,1022.4,-6.9,342.85,-0.01,30.3446,13.3348,495.3,59.8,1495.891, NAN, NAN, NAN, NAN,,2024/04/17 02:28:48.975,2024-04-17 02:28:48.975000+00:00
2024/04/17, 02:29:48.975,35.941,-75.204, NAN,269.81,269.35,7.23,14.1,14.2,1020.3,1020.3,0.0,0.0,85.1,78.5,115,107,3.3,2.9,81.3,81.2,5.9,5.3,59.9,59.0,1022.4,1022.4,-6.91,343.1,-0.02,30.3624,13.4047,495.8,59.7,1496.146, NAN, NAN, NAN, NAN,,2024/04/17 02:29:48.975,2024-04-17 02:29:48.975000+00:00
2024/04/17, 02:30:48.975,35.941,-75.207, NAN,269.59,266.94,7.16,14.1,14.2,1020.3,1020.3,0.0,0.0,85.1,78.5,119,115,3.4,3.3,81.5,81.3,6.1,5.9,60.4,59.0,1022.4,1022.4,-6.97,343.2,-0.01,30.3836,13.4626,498.0,59.8,1496.364, NAN, NAN, NAN, NAN,,2024/04/17 02:30:48.975,2024-04-17 02:30:48.975000+00:00
2024/04/17, 02:31:48.975,35.941,-75.209, NAN,269.71,272.13,7.07,14.1,14.2,1020.3,1020.2,0.0,0.0,85.1,78.5,119,113,3.1,2.7,81.4,81.4,5.8,5.3,62.2,62.1,1022.4,1022.3,-6.94,343.25,-0.02,30.4015,13.5006,500.8,60.0,1496.511, NAN, NAN, NAN, NAN,,2024/04/17 02:31:48.975,2024-04-17 02:31:48.975000+00:00
2024/04/17, 02:32:48.975,35.941,-75.212, NAN,269.6,268.22,7.11,14.1,14.2,1020.3,1020.3,0.0,0.0,85.1,78.5,123,103,3.0,2.2,81.5,81.4,5.9,4.7,63.2,61.1,1022.4,1022.4,-6.93,343.07,-0.01,30.4174,13.5646,502.5,60.0,1496.743, NAN, NAN, NAN, NAN,,2024/04/17 02:32:48.975,2024-04-17 02:32:48.975000+00:00
2024/04/17, 02:33:48.975,35.941,-75.214, NAN,269.4,271.51,7.09,14.1,14.2,1020.3,1020.3,0.0,0.0,85.1,78.5,123,102,3.1,2.3,81.6,81.6,5.9,4.6,64.6,62.2,1022.4,1022.4,-6.94,343.27,-0.01,30.4217,13.6367,504.8,59.9,1496.988, NAN, NAN, NAN, NAN,,2024/04/17 02:33:48.975,2024-04-17 02:33:48.975000+00:00
2024/04/17, 02:34:48.975,35.941,-75.217, NAN,269.78,263.32,7.17,14.1,14.2,1020.3,1020.3,0.0,0.0,85.1,78.5,124,114,3.2,2.8,81.6,81.3,6.2,5.6,62.0,59.8,1022.4,1022.4,-6.95,343.81,-0.01,30.4316,13.6733,506.5,59.7,1497.121, NAN, NAN, NAN, NAN,,2024/04/17 02:34:48.975,2024-04-17 02:34:48.975000+00:00
2024/04/17, 02:35:48.975,35.941,-75.219, NAN,269.73,267.28,7.22,14.1,14.2,1020.3,1020.3,0.0,0.0,85.1,78.5,120,109,3.1,2.8,81.3,81.3,6.0,5.4,61.7,58.8,1022.4,1022.4,-7.09,343.91,-0.01,30.4614,13.6928,507.8,59.8,1497.22, NAN, NAN, NAN, NAN,,2024/04/17 02:35:48.975,2024-04-17 02:35:48.975000+00:00
2024/04/17, 02:36:48.975,35.941,-75.221, NAN,269.69,274.55,7.12,14.2,14.2,1020.5,1020.3,0.0,0.0,85.1,78.5,123,92,2.9,2.2,81.7,81.4,5.7,4.3,65.4,60.0,1022.6,1022.4,-7.01,344.2,-0.01,30.475,13.6712,511.8,59.7,1497.165, NAN, NAN, NAN, NAN,,2024/04/17 02:36:48.975,2024-04-17 02:36:48.975000+00:00
2024/04/17, 02:37:48.975,35.941,-75.224, NAN,269.79,272.46,7.08,14.2,14.2,1020.3,1020.3,0.0,0.0,85.1,78.5,124,107,2.8,2.2,81.8,81.7,5.7,4.7,66.5,64.5,1022.4,1022.4,-6.88,344.45,-0.01,30.4879,13.6075,512.9,59.8,1496.968, NAN, NAN, NAN, NAN,,2024/04/17 02:37:48.975,2024-04-17 02:37:48.975000+00:00
2024/04/17, 02:38:48.975,35.941,-75.226, NAN,270.85,273.47,7.14,14.2,14.2,1020.5,1020.4,0.0,0.0,85.1,78.5,119,105,3.2,2.7,81.6,81.4,5.9,5.1,63.2,60.7,1022.6,1022.5,-7.0,344.46,-0.01,30.4945,13.5337,517.2,59.9,1496.731, NAN, NAN, NAN, NAN,,2024/04/17 02:38:48.975,2024-04-17 02:38:48.975000+00:00
2024/04/17, 02:39:48.975,35.941,-75.229, NAN,270.43,266.06,7.27,14.2,14.2,1020.5,1020.3,0.0,0.0,85.1,78.5,122,112,3.5,2.9,81.7,81.5,6.4,5.6,60.4,59.0,1022.6,1022.4,-7.02,344.66,-0.01,30.4804,13.4943,516.0,59.7,1496.583, NAN, NAN, NAN, NAN,,2024/04/17 02:39:48.975,2024-04-17 02:39:48.975000+00:00
2024/04/17, 02:40:48.975,35.941,-75.231, NAN,269.92,271.0,7.11,14.2,14.2,1020.5,1020.3,0.0,0.0,85.1,78.5,125,101,3.3,2.1,81.3,81.1,6.2,4.5,64.2,63.4,1022.6,1022.4,-6.89,344.89,-0.01,30.4455,13.4576,516.0,60.0,1496.42, NAN, NAN, NAN, NAN,,2024/04/17 02:40:48.975,2024-04-17 02:40:48.975000+00:00
2024/04/17, 02:41:48.975,35.941,-75.234, NAN,270.92,266.42,7.03,14.2,14.2,1020.5,1020.3,0.0,0.0,85.1,78.5,126,120,3.5,3.2,81.6,81.5,6.4,6.0,62.4,60.8,1022.6,1022.4,-6.96,344.79,-0.02,30.4016,13.4385,513.6,60.0,1496.305, NAN, NAN, NAN, NAN,,2024/04/17 02:41:48.975,2024-04-17 02:41:48.975000+00:00
2024/04/17, 02:42:48.976,35.941,-75.236, NAN,272.96,268.36,7.09,14.2,14.2,1020.3,1020.3,0.0,0.0,85.1,78.5,126,115,3.6,2.9,81.4,81.2,6.6,5.6,64.2,62.4,1022.4,1022.4,-6.92,345.04,-0.01,30.3625,13.442,512.6,60.0,1496.27, NAN, NAN, NAN, NAN,,2024/04/17 02:42:48.976,2024-04-17 02:42:48.976000+00:00
2024/04/17, 02:43:48.976,35.941,-75.238, NAN,273.18,268.24,7.12,14.2,14.2,1020.3,1020.3,0.0,0.0,85.1,78.5,123,111,3.3,3.0,81.3,81.0,6.2,5.6,64.6,60.8,1022.4,1022.4,-6.91,345.16,-0.01,30.326,13.4636,512.1,60.0,1496.299, NAN, NAN, NAN, NAN,,2024/04/17 02:43:48.976,2024-04-17 02:43:48.976000+00:00
2024/04/17, 02:44:48.976,35.941,-75.241, NAN,273.05,264.65,7.17,14.2,14.3,1020.3,1020.4,0.0,0.0,85.1,78.5,123,114,3.7,2.9,81.2,80.9,6.6,5.7,62.3,61.9,1022.4,1022.5,-6.77,344.99,-0.02,30.2923,13.4855,512.3,60.0,1496.333, NAN, NAN, NAN, NAN,,2024/04/17 02:44:48.976,2024-04-17 02:44:48.976000+00:00
2024/04/17, 02:45:48.976,35.941,-75.243, NAN,272.98,269.18,7.06,14.2,14.3,1020.3,1020.3,0.0,0.0,85.1,78.5,126,109,3.8,2.7,81.4,81.1,6.7,5.2,64.2,62.1,1022.4,1022.4,-6.85,345.62,-0.02,30.26,13.4862,511.2,60.0,1496.297, NAN, NAN, NAN, NAN,,2024/04/17 02:45:48.976,2024-04-17 02:45:48.976000+00:00
2024/04/17, 02:46:48.976,35.941,-75.246, NAN,274.52,270.09,7.11,14.3,14.3,1020.3,1020.4,0.0,0.0,85.1,78.5,122,108,3.6,3.0,81.4,81.0,6.5,5.6,62.8,59.3,1022.4,1022.5,-6.77,345.56,-0.01,30.2254,13.5038,510.2,60.0,1496.315, NAN, NAN, NAN, NAN,,2024/04/17 02:46:48.976,2024-04-17 02:46:48.976000+00:00
2024/04/17, 02:47:48.976,35.941,-75.248, NAN,273.79,267.43,6.93,14.3,14.3,1020.3,1020.3,0.0,0.0,85.1,78.5,122,118,3.7,3.6,81.2,81.0,6.4,6.2,62.7,61.1,1022.4,1022.4,-6.72,345.34,-0.01,30.2031,13.5108,510.2,60.1,1496.312, NAN, NAN, NAN, NAN,,2024/04/17 02:47:48.976,2024-04-17 02:47:48.976000+00:00
2024/04/17, 02:48:48.976,35.941,-75.251, NAN,274.9,275.9,6.92,14.3,14.3,1020.3,1020.4,0.0,0.0,85.1,78.5,120,119,3.4,3.7,81.1,80.9,6.1,6.4,64.0,62.2,1022.4,1022.5,-6.72,345.6,-0.01,30.1806,13.5387,511.8,60.4,1496.378, NAN, NAN, NAN, NAN,,2024/04/17 02:48:48.976,2024-04-17 02:48:48.976000+00:00
2024/04/17, 02:49:48.976,35.941,-75.253, NAN,273.88,273.98,7.04,14.3,14.3,1020.3,1020.3,0.0,0.0,85.1,78.5,123,110,3.1,2.8,81.2,80.8,5.9,5.3,67.2,63.3,1022.4,1022.4,-6.68,345.92,-0.02,30.1577,13.5771,512.3,60.4,1496.479, NAN, NAN, NAN, NAN,,2024/04/17 02:49:48.976,2024-04-17 02:49:48.976000+00:00
2024/04/17, 02:50:48.976,35.941,-75.255, NAN,273.63,275.43,7.11,14.3,14.3,1020.3,1020.5,0.0,0.0,85.1,78.5,124,122,3.6,3.3,81.4,81.2,6.4,6.1,65.5,65.9,1022.4,1022.6,-6.75,345.45,-0.02,30.1314,13.6064,513.2,60.2,1496.546, NAN, NAN, NAN, NAN,,2024/04/17 02:50:48.976,2024-04-17 02:50:48.976000+00:00
2024/04/17, 02:51:48.976,35.941,-75.258, NAN,273.38,272.6,7.11,14.3,14.4,1020.5,1020.4,0.0,0.0,85.1,78.5,125,114,3.6,2.7,81.3,80.9,6.5,5.4,65.2,64.8,1022.6,1022.5,-6.76,345.57,-0.02,30.0992,13.6414,510.2,60.2,1496.624, NAN, NAN, NAN, NAN,,2024/04/17 02:51:48.976,2024-04-17 02:51:48.976000+00:00
2024/04/17, 02:52:48.976,35.941,-75.26, NAN,273.96,271.0,7.2,14.3,14.4,1020.5,1020.3,0.0,0.0,85.1,78.5,121,107,3.0,2.6,81.0,80.8,5.9,5.2,66.2,63.0,1022.6,1022.4,-6.75,346.08,-0.01,30.0733,13.6733,510.2,60.3,1496.7, NAN, NAN, NAN, NAN,,2024/04/17 02:52:48.976,2024-04-17 02:52:48.976000+00:00
2024/04/17, 02:53:48.976,35.941,-75.263, NAN,273.52,268.15,7.19,14.3,14.4,1020.5,1020.3,0.0,0.0,85.1,78.5,119,111,3.1,2.7,81.2,80.9,6.0,5.4,63.8,62.8,1022.6,1022.4,-6.63,345.85,-0.01,30.0498,13.6646,508.9,60.4,1496.643, NAN, NAN, NAN, NAN,,2024/04/17 02:53:48.976,2024-04-17 02:53:48.976000+00:00
2024/04/17, 02:54:48.976,35.941,-75.265, NAN,273.88,272.39,7.19,14.3,14.4,1020.3,1020.3,0.0,0.0,85.1,78.5,118,113,3.2,2.6,81.0,80.7,6.0,5.3,64.3,65.8,1022.4,1022.4,-6.66,345.59,-0.01,30.0386,13.6599,508.9,60.4,1496.614, NAN, NAN, NAN, NAN,,2024/04/17 02:54:48.976,2024-04-17 02:54:48.976000+00:00
2024/04/17, 02:55:48.976,35.941,-75.268, NAN,274.72,268.8,7.19,14.4,14.4,1020.3,1020.3,0.0,0.0,85.1,78.5,121,103,3.2,2.5,80.9,80.5,6.1,5.0,65.4,62.4,1022.4,1022.4,-6.71,345.78,-0.01,30.0352,13.6447,511.2,60.4,1496.56, NAN, NAN, NAN, NAN,,2024/04/17 02:55:48.976,2024-04-17 02:55:48.976000+00:00
2024/04/17, 02:56:48.976,35.942,-75.27, NAN,273.1,270.43,7.17,14.4,14.4,1020.3,1020.3,0.0,0.0,85.1,78.5,115,92,2.8,2.3,80.7,80.5,5.5,4.5,64.7,60.6,1022.4,1022.4,-6.62,345.9,-0.01,30.0318,13.6389,511.5,60.4,1496.537, NAN, NAN, NAN, NAN,,2024/04/17 02:56:48.976,2024-04-17 02:56:48.976000+00:00
2024/04/17, 02:57:48.976,35.942,-75.273, NAN,273.75,267.97,7.1,14.4,14.4,1020.3,1020.2,0.0,0.0,85.1,78.5,111,90,2.3,2.1,80.4,80.5,5.0,4.3,66.6,62.1,1022.4,1022.3,-6.84,345.89,-0.01,30.0188,13.6132,512.6,60.4,1496.436, NAN, NAN, NAN, NAN,,2024/04/17 02:57:48.976,2024-04-17 02:57:48.976000+00:00
2024/04/17, 02:58:48.977,35.942,-75.275, NAN,274.5,272.89,7.17,14.4,14.5,1020.3,1020.3,0.0,0.0,85.1,78.5,113,92,2.5,2.1,80.6,80.3,5.3,4.4,66.0,62.7,1022.4,1022.4,-6.75,345.53,-0.01,29.9917,13.588,515.6,60.4,1496.32, NAN, NAN, NAN, NAN,,2024/04/17 02:58:48.977,2024-04-17 02:58:48.977000+00:00
2024/04/17, 02:59:48.977,35.942,-75.277, NAN,273.49,270.94,7.36,14.4,14.5,1020.2,1020.3,0.0,0.0,85.1,78.5,120,82,2.1,2.0,80.2,79.9,5.3,4.2,70.2,60.9,1022.3,1022.4,-6.82,345.41,-0.01,29.9569,13.6085,514.2,60.4,1496.348, NAN, NAN, NAN, NAN,,2024/04/17 02:59:48.977,2024-04-17 02:59:48.977000+00:00
2024/04/17, 03:00:48.977,35.942,-75.28, NAN,273.65,273.68,7.12,14.5,14.5,1020.3,1020.2,0.0,0.0,85.1,78.5,119,90,2.4,2.1,80.2,80.0,5.3,4.3,68.8,62.3,1022.4,1022.3,-6.9,345.35,-0.01,29.9251,13.6069,512.9,60.4,1496.305, NAN, NAN, NAN, NAN,,2024/04/17 03:00:48.977,2024-04-17 03:00:48.977000+00:00
2024/04/17, 03:01:48.977,35.942,-75.282, NAN,274.43,269.26,7.21,14.5,14.5,1020.2,1020.3,0.0,0.0,85.1,78.5,123,95,2.3,1.8,80.2,80.0,5.4,4.4,70.4,66.2,1022.3,1022.4,-6.9,345.36,-0.01,29.9037,13.5924,512.6,60.4,1496.232, NAN, NAN, NAN, NAN,,2024/04/17 03:01:48.977,2024-04-17 03:01:48.977000+00:00
2024/04/17, 03:02:48.977,35.942,-75.285, NAN,273.37,273.04,7.15,14.5,14.5,1020.2,1020.1,0.0,0.0,85.1,78.5,124,94,2.2,1.6,80.2,80.0,5.3,4.1,72.3,69.7,1022.3,1022.2,-7.06,345.41,-0.01,29.8825,13.588,513.9,60.5,1496.192, NAN, NAN, NAN, NAN,,2024/04/17 03:02:48.977,2024-04-17 03:02:48.977000+00:00
2024/04/17, 03:03:48.977,35.942,-75.287, NAN,273.47,267.54,7.3,14.5,14.5,1020.3,1020.1,0.0,0.0,85.1,78.5,127,86,1.8,1.6,80.4,80.1,5.1,4.1,73.7,65.9,1022.4,1022.2,-7.13,345.63,-0.01,29.8599,13.5265,513.2,60.4,1495.961, NAN, NAN, NAN, NAN,,2024/04/17 03:03:48.977,2024-04-17 03:03:48.977000+00:00
2024/04/17, 03:04:48.977,35.942,-75.29, NAN,274.67,268.32,7.32,14.5,14.5,1020.3,1020.3,0.0,0.0,85.1,78.5,121,93,1.8,1.8,80.6,80.3,5.0,4.4,72.9,65.7,1022.4,1022.4,-7.18,345.95,-0.01,29.8443,13.471,512.9,60.5,1495.757, NAN, NAN, NAN, NAN,,2024/04/17 03:04:48.977,2024-04-17 03:04:48.977000+00:00
2024/04/17, 03:05:48.977,35.942,-75.292, NAN,273.99,268.69,7.25,14.5,14.5,1020.3,1020.3,0.0,0.0,85.1,78.5,126,84,1.8,1.7,80.0,79.7,5.1,4.0,74.4,65.3,1022.4,1022.4,-7.24,345.96,-0.01,29.8162,13.4353,514.2,60.5,1495.605, NAN, NAN, NAN, NAN,,2024/04/17 03:05:48.977,2024-04-17 03:05:48.977000+00:00
2024/04/17, 03:06:48.977,35.942,-75.295, NAN,273.75,272.93,7.39,14.5,14.5,1020.3,1020.3,0.0,0.0,85.1,78.5,126,79,1.7,1.6,79.9,79.5,5.0,3.8,77.5,69.2,1022.4,1022.4,-7.21,346.0,-0.01,29.7736,13.3934,514.5,60.4,1495.415, NAN, NAN, NAN, NAN,,2024/04/17 03:06:48.977,2024-04-17 03:06:48.977000+00:00
2024/04/17, 03:07:48.977,35.942,-75.297, NAN,273.76,270.76,7.16,14.5,14.5,1020.3,1020.1,0.0,0.0,85.1,78.5,131,80,1.6,1.6,79.9,79.6,4.9,3.8,77.1,66.0,1022.4,1022.2,-7.3,345.79,-0.01,29.7438,13.3783,515.5,60.6,1495.329, NAN, NAN, NAN, NAN,,2024/04/17 03:07:48.977,2024-04-17 03:07:48.977000+00:00
2024/04/17, 03:08:48.977,35.942,-75.3, NAN,273.4,269.48,7.22,14.5,14.5,1020.1,1020.1,0.0,0.0,85.1,78.5,126,90,1.8,1.5,80.0,79.5,5.0,4.1,74.0,68.5,1022.2,1022.2,-7.4,345.91,-0.01,29.7174,13.3831,513.6,60.5,1495.314, NAN, NAN, NAN, NAN,,2024/04/17 03:08:48.977,2024-04-17 03:08:48.977000+00:00
2024/04/17, 03:09:48.977,35.942,-75.302, NAN,274.26,270.57,7.21,14.5,14.5,1020.2,1020.1,0.0,0.0,85.1,78.5,129,96,1.5,1.4,79.9,79.6,4.9,4.2,76.6,70.4,1022.3,1022.2,-7.37,346.0,-0.01,29.6939,13.3954,514.2,60.7,1495.327, NAN, NAN, NAN, NAN,,2024/04/17 03:09:48.977,2024-04-17 03:09:48.977000+00:00
2024/04/17, 03:10:48.977,35.942,-75.305, NAN,274.01,271.33,7.15,14.5,14.5,1020.1,1020.1,0.0,0.0,85.1,78.5,123,91,1.5,1.5,79.9,79.5,4.7,4.1,76.1,69.4,1022.2,1022.2,-7.33,345.89,-0.01,29.6717,13.4401,516.3,60.6,1495.451, NAN, NAN, NAN, NAN,,2024/04/17 03:10:48.977,2024-04-17 03:10:48.977000+00:00
2024/04/17, 03:11:48.977,35.942,-75.307, NAN,273.45,274.24,7.07,14.5,14.5,1020.1,1020.2,0.0,0.0,85.1,78.5,130,93,1.5,1.4,80.0,79.6,4.7,4.0,78.9,72.2,1022.2,1022.3,-7.38,346.0,-0.01,29.6495,13.4841,516.0,60.8,1495.572, NAN, NAN, NAN, NAN,,2024/04/17 03:11:48.977,2024-04-17 03:11:48.977000+00:00
2024/04/17, 03:12:48.977,35.942,-75.31, NAN,274.0,268.72,7.29,14.5,14.5,1020.1,1020.1,0.0,0.0,85.1,78.5,137,98,1.4,1.5,79.9,79.6,4.9,4.3,78.9,69.3,1022.2,1022.2,-7.42,346.27,-0.01,29.626,13.4279,513.6,60.6,1495.356, NAN, NAN, NAN, NAN,,2024/04/17 03:12:48.977,2024-04-17 03:12:48.977000+00:00
2024/04/17, 03:13:48.977,35.942,-75.312, NAN,273.66,271.34,7.25,14.5,14.5,1020.2,1020.1,0.0,0.0,85.1,78.5,137,92,1.4,1.3,80.1,79.8,4.9,4.1,79.8,71.8,1022.3,1022.2,-7.56,345.9,-0.01,29.6006,13.4099,513.2,60.5,1495.266, NAN, NAN, NAN, NAN,,2024/04/17 03:13:48.977,2024-04-17 03:13:48.977000+00:00
2024/04/17, 03:14:48.978,35.942,-75.314, NAN,273.83,269.97,7.29,14.5,14.5,1020.2,1020.1,0.0,0.0,85.1,78.5,135,91,1.3,1.4,79.9,79.4,4.8,4.1,81.4,72.0,1022.3,1022.2,-7.46,346.08,-0.01,29.5681,13.403,512.6,60.4,1495.205, NAN, NAN, NAN, NAN,,2024/04/17 03:14:48.978,2024-04-17 03:14:48.978000+00:00
2024/04/17, 03:15:48.978,35.942,-75.317, NAN,273.85,270.81,7.3,14.5,14.5,1020.1,1020.1,0.0,0.0,85.1,78.5,138,113,1.6,1.3,79.8,79.5,5.1,4.5,79.6,75.8,1022.2,1022.2,-7.43,346.23,-0.01,29.5317,13.4131,512.6,60.6,1495.196, NAN, NAN, NAN, NAN,,2024/04/17 03:15:48.978,2024-04-17 03:15:48.978000+00:00
2024/04/17, 03:16:48.978,35.942,-75.319, NAN,274.1,274.03,7.25,14.5,14.5,1020.2,1020.0,0.0,0.0,85.1,78.5,140,87,1.6,1.4,79.8,79.4,5.1,4.0,80.8,71.2,1022.3,1022.1,-7.46,346.31,-0.01,29.5064,13.4412,513.2,60.5,1495.26, NAN, NAN, NAN, NAN,,2024/04/17 03:16:48.978,2024-04-17 03:16:48.978000+00:00
2024/04/17, 03:17:48.978,35.942,-75.322, NAN,273.81,274.08,7.25,14.5,14.6,1020.1,1020.2,0.0,0.0,85.1,78.5,134,87,1.5,1.4,79.9,79.5,4.9,4.0,79.6,71.2,1022.2,1022.3,-7.48,346.38,-0.01,29.4818,13.4505,512.6,60.6,1495.262, NAN, NAN, NAN, NAN,,2024/04/17 03:17:48.978,2024-04-17 03:17:48.978000+00:00
2024/04/17, 03:18:48.978,35.943,-75.324, NAN,274.26,271.82,7.25,14.5,14.6,1020.1,1020.3,0.0,0.0,85.1,78.5,139,108,1.9,1.6,79.6,79.3,5.3,4.5,79.3,72.8,1022.2,1022.4,-7.49,346.73,-0.01,29.4597,13.4417,512.1,60.5,1495.207, NAN, NAN, NAN, NAN,,2024/04/17 03:18:48.978,2024-04-17 03:18:48.978000+00:00
2024/04/17, 03:19:48.978,35.943,-75.327, NAN,274.09,276.95,7.13,14.5,14.6,1020.2,1020.2,0.0,0.0,85.1,78.5,139,99,2.0,1.6,79.1,78.9,5.3,4.2,80.1,72.4,1022.3,1022.3,-7.43,346.33,-0.01,29.4522,13.4431,512.1,60.5,1495.203, NAN, NAN, NAN, NAN,,2024/04/17 03:19:48.978,2024-04-17 03:19:48.978000+00:00
2024/04/17, 03:20:48.978,35.943,-75.329, NAN,273.83,275.16,7.26,14.6,14.6,1020.2,1020.2,0.0,0.0,85.1,78.5,137,103,1.7,1.3,79.1,79.0,5.1,4.2,81.0,76.7,1022.3,1022.3,-7.41,346.2,-0.01,29.441,13.4404,512.3,60.3,1495.18, NAN, NAN, NAN, NAN,,2024/04/17 03:20:48.978,2024-04-17 03:20:48.978000+00:00
2024/04/17, 03:21:48.978,35.943,-75.332, NAN,273.8,272.94,7.28,14.6,14.6,1020.3,1020.2,0.0,0.0,85.1,78.5,136,106,1.9,1.6,79.4,79.2,5.3,4.5,79.0,73.2,1022.4,1022.3,-7.3,346.32,-0.02,29.4199,13.4334,511.2,60.3,1495.132, NAN, NAN, NAN, NAN,,2024/04/17 03:21:48.978,2024-04-17 03:21:48.978000+00:00
2024/04/17, 03:22:48.978,35.943,-75.334, NAN,274.22,275.71,7.21,14.6,14.6,1020.1,1020.2,0.0,0.0,85.1,78.5,136,91,1.7,1.8,79.6,79.0,5.1,4.1,80.7,68.5,1022.2,1022.3,-7.42,346.29,-0.01,29.4003,13.4338,512.1,60.5,1495.11, NAN, NAN, NAN, NAN,,2024/04/17 03:22:48.978,2024-04-17 03:22:48.978000+00:00
2024/04/17, 03:23:48.978,35.943,-75.337, NAN,273.73,272.84,7.23,14.6,14.6,1020.3,1020.1,0.0,0.0,85.1,78.5,134,106,1.9,1.3,79.6,79.1,5.2,4.3,77.5,75.4,1022.4,1022.2,-7.36,346.69,-0.01,29.3783,13.4431,511.5,60.5,1495.116, NAN, NAN, NAN, NAN,,2024/04/17 03:23:48.978,2024-04-17 03:23:48.978000+00:00
2024/04/17, 03:24:48.978,35.943,-75.339, NAN,280.02,271.55,7.47,14.6,14.6,1020.3,1020.2,0.0,0.0,85.1,78.5,134,109,2.0,1.5,79.7,79.3,5.5,4.7,79.7,76.2,1022.4,1022.3,-7.3,346.89,-0.01,29.3602,13.4264,510.2,60.5,1495.038, NAN, NAN, NAN, NAN,,2024/04/17 03:24:48.978,2024-04-17 03:24:48.978000+00:00
2024/04/17, 03:25:48.978,35.944,-75.341, NAN,358.44,336.21,4.84,14.6,14.6,1020.3,1020.1,0.0,0.0,85.1,78.5,77,68,5.9,6.9,79.9,79.5,6.7,7.3,97.1,86.5,1022.4,1022.2,-7.39,347.23,-0.01,29.338,13.412,510.2,60.7,1494.964, NAN, NAN, NAN, NAN,,2024/04/17 03:25:48.978,2024-04-17 03:25:48.978000+00:00
2024/04/17, 03:26:48.978,35.945,-75.341, NAN,48.87,33.48,3.65,14.6,14.6,1020.1,1020.2,0.0,0.0,85.1,78.5,32,25,7.2,7.2,79.0,78.7,5.9,5.7,92.6,84.1,1022.2,1022.3,-6.99,347.59,-0.01,29.3239,13.4228,509.6,60.7,1494.984, NAN, NAN, NAN, NAN,,2024/04/17 03:26:48.978,2024-04-17 03:26:48.978000+00:00
2024/04/17, 03:27:48.978,35.946,-75.34, NAN,57.94,52.59,4.49,14.6,14.7,1020.3,1020.1,0.0,0.0,85.1,78.5,23,17,7.9,7.6,78.4,78.2,5.9,5.5,91.1,83.6,1022.4,1022.2,-6.56,347.53,-0.01,29.3216,13.4355,509.9,60.5,1495.023, NAN, NAN, NAN, NAN,,2024/04/17 03:27:48.978,2024-04-17 03:27:48.978000+00:00
2024/04/17, 03:28:48.978,35.946,-75.338, NAN,60.65,68.5,5.3,14.7,14.7,1020.1,1020.1,0.0,0.0,85.1,78.5,16,11,8.2,8.1,77.9,78.0,5.6,5.4,82.9,75.6,1022.2,1022.2,-6.35,347.62,-0.01,29.2987,13.4349,510.5,60.5,1494.995, NAN, NAN, NAN, NAN,,2024/04/17 03:28:48.978,2024-04-17 03:28:48.978000+00:00
2024/04/17, 03:29:48.978,35.947,-75.336, NAN,60.39,58.95,5.96,14.8,14.8,1020.2,1020.1,0.0,0.0,85.1,78.5,16,11,9.1,8.8,77.7,77.6,6.2,5.8,84.0,76.9,1022.3,1022.2,-6.22,347.57,-0.01,29.2786,13.4292,509.2,60.4,1494.952, NAN, NAN, NAN, NAN,,2024/04/17 03:29:48.978,2024-04-17 03:29:48.978000+00:00
2024/04/17, 03:30:48.979,35.948,-75.335, NAN,59.0,57.56,6.21,14.8,14.8,1020.1,1020.1,0.0,0.0,85.1,78.5,16,11,9.2,8.8,77.5,77.4,6.2,5.7,83.4,76.3,1022.2,1022.2,-5.98,347.49,-0.01,29.2758,13.4287,509.2,60.4,1494.947, NAN, NAN, NAN, NAN,,2024/04/17 03:30:48.979,2024-04-17 03:30:48.979000+00:00
2024/04/17, 03:31:48.979,35.949,-75.333, NAN,59.74,56.83,6.8,14.8,14.8,1019.9,1020.2,0.0,0.0,85.1,78.5,16,10,9.5,9.0,77.3,77.4,6.2,5.6,84.9,76.2,1022.0,1022.3,-5.8,347.38,-0.01,29.2673,13.4217,509.6,60.5,1494.913, NAN, NAN, NAN, NAN,,2024/04/17 03:31:48.979,2024-04-17 03:31:48.979000+00:00
2024/04/17, 03:32:48.979,35.95,-75.33, NAN,60.01,59.28,6.93,14.9,14.9,1020.1,1020.1,0.0,0.0,85.1,78.5,16,10,9.9,9.6,77.0,77.0,6.5,6.1,84.0,75.1,1022.2,1022.2,-5.9,347.73,-0.01,29.2532,13.4172,509.9,60.6,1494.882, NAN, NAN, NAN, NAN,,2024/04/17 03:32:48.979,2024-04-17 03:32:48.979000+00:00
2024/04/17, 03:33:48.979,35.951,-75.328, NAN,59.79,60.99,7.23,14.9,14.9,1020.0,1020.1,0.0,0.0,85.1,78.5,17,11,10.0,9.5,76.6,76.7,6.5,5.9,86.3,77.6,1022.1,1022.2,-5.9,347.74,-0.01,29.2421,13.4327,510.2,60.6,1494.921, NAN, NAN, NAN, NAN,,2024/04/17 03:33:48.979,2024-04-17 03:33:48.979000+00:00
2024/04/17, 03:34:48.979,35.952,-75.326, NAN,59.99,57.43,7.04,14.9,14.9,1020.1,1020.1,0.0,0.0,85.1,78.5,17,12,9.8,9.4,76.5,76.6,6.4,5.9,86.8,79.6,1022.2,1022.2,-5.85,347.39,-0.01,29.2415,13.4468,509.2,60.4,1494.967, NAN, NAN, NAN, NAN,,2024/04/17 03:34:48.979,2024-04-17 03:34:48.979000+00:00
2024/04/17, 03:35:48.979,35.953,-75.324, NAN,59.73,63.71,7.05,14.9,14.9,1020.1,1020.0,0.0,0.0,85.1,78.5,17,12,9.7,9.3,76.3,76.3,6.2,5.7,84.6,77.2,1022.2,1022.1,-5.82,347.81,-0.01,29.2306,13.4648,509.9,60.5,1495.014, NAN, NAN, NAN, NAN,,2024/04/17 03:35:48.979,2024-04-17 03:35:48.979000+00:00
2024/04/17, 03:36:48.979,35.953,-75.322, NAN,59.24,61.72,7.14,15.0,15.0,1020.0,1019.9,0.0,0.0,85.1,78.5,17,11,9.6,9.1,76.0,76.3,6.1,5.5,85.4,76.6,1022.1,1022.0,-5.93,348.06,-0.01,29.2216,13.4898,510.2,60.6,1495.087, NAN, NAN, NAN, NAN,,2024/04/17 03:36:48.979,2024-04-17 03:36:48.979000+00:00
2024/04/17, 03:37:48.979,35.954,-75.32, NAN,60.07,57.19,7.14,15.0,15.0,1020.1,1020.0,0.0,0.0,85.1,78.5,18,12,9.7,9.2,76.0,76.1,6.3,5.7,88.7,80.1,1022.2,1022.1,-5.92,347.41,-0.01,29.2136,13.51,509.6,60.5,1495.146, NAN, NAN, NAN, NAN,,2024/04/17 03:37:48.979,2024-04-17 03:37:48.979000+00:00
2024/04/17, 03:38:48.979,35.955,-75.318, NAN,59.51,65.32,6.9,15.0,15.0,1020.0,1019.9,0.0,0.0,85.1,78.5,19,14,9.9,9.4,75.9,76.0,6.5,5.9,86.4,79.3,1022.1,1022.0,-5.99,347.64,-0.01,29.2047,13.5155,510.2,60.6,1495.153, NAN, NAN, NAN, NAN,,2024/04/17 03:38:48.979,2024-04-17 03:38:48.979000+00:00
2024/04/17, 03:39:48.979,35.956,-75.316, NAN,59.13,57.93,7.0,15.0,15.0,1019.9,1019.8,0.0,0.0,85.1,78.5,19,13,9.7,9.4,75.4,75.5,6.4,5.9,88.3,79.6,1022.0,1021.9,-5.99,347.31,-0.01,29.1913,13.5046,509.9,60.6,1495.101, NAN, NAN, NAN, NAN,,2024/04/17 03:39:48.979,2024-04-17 03:39:48.979000+00:00
2024/04/17, 03:40:48.979,35.957,-75.314, NAN,59.35,64.98,6.99,15.1,15.0,1019.9,1019.9,0.0,0.0,85.1,78.5,19,13,9.4,9.2,75.2,75.5,6.0,5.7,87.2,78.0,1022.0,1022.0,-5.99,348.08,-0.01,29.1853,13.4927,510.2,60.6,1495.054, NAN, NAN, NAN, NAN,,2024/04/17 03:40:48.979,2024-04-17 03:40:48.979000+00:00
2024/04/17, 03:41:48.979,35.958,-75.311, NAN,59.53,63.09,7.17,15.1,15.1,1019.8,1019.8,0.0,0.0,85.1,78.5,19,14,9.6,9.3,75.0,74.9,6.2,5.7,88.7,81.3,1021.9,1021.9,-5.88,347.52,-0.01,29.1757,13.4761,511.5,60.7,1494.988, NAN, NAN, NAN, NAN,,2024/04/17 03:41:48.979,2024-04-17 03:41:48.979000+00:00
2024/04/17, 03:42:48.979,35.959,-75.309, NAN,59.63,61.25,7.02,15.1,15.1,1019.8,1019.9,0.0,0.0,85.1,78.5,19,15,9.7,9.2,75.3,75.2,6.3,5.7,88.1,82.6,1021.9,1022.0,-6.02,347.64,-0.01,29.1659,13.4687,511.5,60.6,1494.951, NAN, NAN, NAN, NAN,,2024/04/17 03:42:48.979,2024-04-17 03:42:48.979000+00:00
2024/04/17, 03:43:48.979,35.96,-75.307, NAN,59.58,64.31,7.2,15.1,15.1,1019.8,1019.8,0.0,0.0,85.1,78.5,20,14,9.6,9.3,75.0,75.2,6.1,5.7,88.9,79.8,1021.9,1021.9,-6.06,347.63,-0.01,29.1527,13.457,511.8,60.6,1494.897, NAN, NAN, NAN, NAN,,2024/04/17 03:43:48.979,2024-04-17 03:43:48.979000+00:00
2024/04/17, 03:44:48.979,35.961,-75.305, NAN,59.8,60.72,7.14,15.1,15.1,1019.9,1019.9,0.0,0.0,85.1,78.5,19,14,9.6,9.3,75.1,75.0,6.2,5.8,89.9,82.7,1022.0,1022.0,-6.03,347.42,-0.01,29.1426,13.4521,510.2,60.6,1494.868, NAN, NAN, NAN, NAN,,2024/04/17 03:44:48.979,2024-04-17 03:44:48.979000+00:00
2024/04/17, 03:45:48.979,35.962,-75.303, NAN,59.8,61.07,6.94,15.1,15.1,1019.8,1019.8,0.0,0.0,85.1,78.5,19,13,9.6,9.3,75.5,75.4,6.3,5.8,88.7,79.8,1021.9,1021.9,-6.07,347.84,-0.01,29.1425,13.4545,511.2,60.7,1494.876, NAN, NAN, NAN, NAN,,2024/04/17 03:45:48.979,2024-04-17 03:45:48.979000+00:00
2024/04/17, 03:46:48.980,35.963,-75.301, NAN,59.19,65.46,7.19,15.1,15.1,1019.9,1019.8,0.0,0.0,85.1,78.5,19,14,9.6,9.2,75.4,75.4,6.1,5.6,87.4,80.0,1022.0,1021.9,-6.11,347.45,-0.01,29.1432,13.4461,513.6,60.6,1494.849, NAN, NAN, NAN, NAN,,2024/04/17 03:46:48.980,2024-04-17 03:46:48.980000+00:00
2024/04/17, 03:47:48.980,35.964,-75.299, NAN,58.83,63.37,7.03,15.1,15.1,1019.8,1019.9,0.0,0.0,85.1,78.5,19,13,9.6,9.2,75.6,75.4,6.2,5.7,87.1,78.2,1021.9,1022.0,-6.11,347.84,-0.01,29.1361,13.4483,511.5,60.8,1494.848, NAN, NAN, NAN, NAN,,2024/04/17 03:47:48.980,2024-04-17 03:47:48.980000+00:00
2024/04/17, 03:48:48.980,35.965,-75.296, NAN,59.79,60.37,7.23,15.1,15.1,1019.8,1019.9,0.0,0.0,85.1,78.5,19,14,9.6,9.2,75.4,75.4,6.2,5.6,89.2,82.0,1021.9,1022.0,-6.15,347.57,-0.01,29.1408,13.4716,511.5,60.7,1494.932, NAN, NAN, NAN, NAN,,2024/04/17 03:48:48.980,2024-04-17 03:48:48.980000+00:00
2024/04/17, 03:49:48.980,35.966,-75.294, NAN,59.54,63.9,7.19,15.1,15.1,1019.9,1019.9,0.0,0.0,85.1,78.5,19,13,9.6,9.2,75.2,75.1,6.1,5.6,88.1,79.1,1022.0,1022.0,-6.19,347.94,-0.01,29.1311,13.5008,512.3,60.6,1495.018, NAN, NAN, NAN, NAN,,2024/04/17 03:49:48.980,2024-04-17 03:49:48.980000+00:00
2024/04/17, 03:50:48.980,35.967,-75.292, NAN,59.82,64.07,7.23,15.1,15.1,1019.9,1019.8,0.0,0.0,85.1,78.5,19,14,9.3,9.0,75.1,75.1,5.8,5.4,89.3,81.7,1022.0,1021.9,-6.11,347.99,-0.01,29.1259,13.5081,512.3,60.7,1495.036, NAN, NAN, NAN, NAN,,2024/04/17 03:50:48.980,2024-04-17 03:50:48.980000+00:00
2024/04/17, 03:51:48.980,35.968,-75.29, NAN,59.55,57.94,7.16,15.2,15.2,1019.9,1019.9,0.0,0.0,85.1,78.5,19,14,9.3,8.9,74.7,74.8,5.9,5.4,89.9,82.7,1022.0,1022.0,-6.09,348.16,-0.01,29.1353,13.4965,510.8,60.6,1495.008, NAN, NAN, NAN, NAN,,2024/04/17 03:51:48.980,2024-04-17 03:51:48.980000+00:00
2024/04/17, 03:52:48.980,35.969,-75.288, NAN,59.66,63.85,7.09,15.2,15.2,1019.8,1019.9,0.0,0.0,85.1,78.5,19,14,9.5,9.0,74.9,74.9,6.0,5.4,87.5,80.2,1021.9,1022.0,-6.16,348.14,-0.01,29.1328,13.4775,512.1,60.6,1494.942, NAN, NAN, NAN, NAN,,2024/04/17 03:52:48.980,2024-04-17 03:52:48.980000+00:00
2024/04/17, 03:53:48.980,35.97,-75.286, NAN,59.13,63.57,7.15,15.2,15.2,1019.9,1019.8,0.0,0.0,85.1,78.5,19,13,9.4,9.0,74.8,74.9,5.9,5.4,87.6,78.5,1022.0,1021.9,-6.2,348.08,-0.01,29.1393,13.4651,512.1,60.6,1494.908, NAN, NAN, NAN, NAN,,2024/04/17 03:53:48.980,2024-04-17 03:53:48.980000+00:00
2024/04/17, 03:54:48.980,35.971,-75.284, NAN,59.6,62.63,7.16,15.2,15.2,1019.8,1019.8,0.0,0.0,85.1,78.5,18,13,9.4,9.1,74.9,74.9,6.0,5.5,87.6,80.1,1021.9,1021.9,-6.18,347.74,-0.01,29.1179,13.4753,512.3,60.6,1494.917, NAN, NAN, NAN, NAN,,2024/04/17 03:54:48.980,2024-04-17 03:54:48.980000+00:00
2024/04/17, 03:55:48.980,35.971,-75.281, NAN,58.97,55.55,7.22,15.2,15.2,1019.9,1019.7,0.0,0.0,85.1,78.5,16,11,9.0,8.8,75.0,74.9,5.5,5.2,85.9,78.0,1022.0,1021.8,-6.1,347.75,-0.01,29.107,13.4758,512.9,60.6,1494.906, NAN, NAN, NAN, NAN,,2024/04/17 03:55:48.980,2024-04-17 03:55:48.980000+00:00
2024/04/17, 03:56:48.980,35.972,-75.279, NAN,59.58,67.67,6.98,15.2,15.2,1019.9,1020.0,0.0,0.0,85.1,78.5,17,11,9.4,9.1,75.6,75.3,6.0,5.6,84.2,74.9,1022.0,1022.1,-6.23,347.79,-0.01,29.1024,13.5618,511.2,60.7,1495.188, NAN, NAN, NAN, NAN,,2024/04/17 03:56:48.980,2024-04-17 03:56:48.980000+00:00
2024/04/17, 03:57:48.980,35.973,-75.277, NAN,59.2,65.25,7.05,15.1,15.2,1019.9,1019.8,0.0,0.0,85.1,78.5,16,11,9.4,9.0,75.5,75.4,5.9,5.4,82.7,75.1,1022.0,1021.9,-6.24,347.75,-0.01,29.1045,13.6196,511.5,60.5,1495.383, NAN, NAN, NAN, NAN,,2024/04/17 03:57:48.980,2024-04-17 03:57:48.980000+00:00
2024/04/17, 03:58:48.980,35.974,-75.275, NAN,59.58,63.44,7.1,15.1,15.1,1019.8,1019.8,0.0,0.0,85.1,78.5,16,10,9.2,8.9,75.8,75.6,5.7,5.3,84.6,75.3,1021.9,1021.9,-6.27,348.04,-0.01,29.1194,13.7073,512.1,60.6,1495.693, NAN, NAN, NAN, NAN,,2024/04/17 03:58:48.980,2024-04-17 03:58:48.980000+00:00
2024/04/17, 03:59:48.980,35.975,-75.273, NAN,58.58,59.05,7.12,15.1,15.1,1019.9,1019.9,0.0,0.0,85.1,78.5,16,11,9.3,9.0,76.1,76.0,5.8,5.4,83.4,75.7,1022.0,1022.0,-6.22,348.05,-0.01,29.1409,13.7224,510.2,60.6,1495.768, NAN, NAN, NAN, NAN,,2024/04/17 03:59:48.980,2024-04-17 03:59:48.980000+00:00
2024/04/17, 04:00:48.980,35.976,-75.271, NAN,60.09,60.62,7.35,15.1,15.1,1019.8,1019.9,0.0,0.0,85.1,78.5,15,9,9.3,9.0,76.2,76.2,5.8,5.3,85.3,75.9,1021.9,1022.0,-6.3,348.14,-0.01,29.1728,13.7648,510.5,60.7,1495.946, NAN, NAN, NAN, NAN,,2024/04/17 04:00:48.980,2024-04-17 04:00:48.980000+00:00
2024/04/17, 04:01:48.981,35.977,-75.269, NAN,59.74,56.16,7.29,15.1,15.1,1020.0,1019.9,0.0,0.0,85.1,78.5,14,9,9.5,9.0,76.3,76.1,6.0,5.4,84.3,77.1,1022.1,1022.0,-6.3,347.86,-0.01,29.1883,13.8235,508.8,60.6,1496.159, NAN, NAN, NAN, NAN,,2024/04/17 04:01:48.981,2024-04-17 04:01:48.981000+00:00
2024/04/17, 04:02:48.981,35.978,-75.266, NAN,59.39,62.4,7.32,15.1,15.1,1019.9,1019.9,0.0,0.0,85.1,78.5,14,9,9.3,9.2,76.1,76.1,5.7,5.5,81.2,73.1,1022.0,1022.0,-6.27,347.87,-0.01,29.1908,13.8423,510.5,60.6,1496.224, NAN, NAN, NAN, NAN,,2024/04/17 04:02:48.981,2024-04-17 04:02:48.981000+00:00
2024/04/17, 04:03:48.981,35.979,-75.264, NAN,59.15,60.79,7.11,15.1,15.1,1020.0,1019.9,0.0,0.0,85.1,78.5,14,9,9.4,9.3,75.9,75.9,5.9,5.7,81.1,73.2,1022.1,1022.0,-6.25,347.7,-0.01,29.2034,13.8546,509.9,60.6,1496.28, NAN, NAN, NAN, NAN,,2024/04/17 04:03:48.981,2024-04-17 04:03:48.981000+00:00
2024/04/17, 04:04:48.981,35.98,-75.262, NAN,59.66,58.3,7.4,15.1,15.1,1019.9,1019.9,0.0,0.0,85.1,78.5,14,8,9.5,9.2,76.4,76.2,5.8,5.4,81.8,72.2,1022.0,1022.0,-6.27,348.1,-0.01,29.2019,13.8574,509.6,60.7,1496.287, NAN, NAN, NAN, NAN,,2024/04/17 04:04:48.981,2024-04-17 04:04:48.981000+00:00
2024/04/17, 04:05:48.981,35.981,-75.26, NAN,59.24,62.85,7.19,15.1,15.1,1020.0,1019.9,0.0,0.0,85.1,78.5,13,8,9.5,9.0,76.4,76.3,5.9,5.3,79.3,71.7,1022.1,1022.0,-6.27,348.18,-0.01,29.1968,13.8571,508.9,60.7,1496.28, NAN, NAN, NAN, NAN,,2024/04/17 04:05:48.981,2024-04-17 04:05:48.981000+00:00
2024/04/17, 04:06:48.981,35.982,-75.258, NAN,59.21,67.09,7.08,15.0,15.1,1019.9,1020.0,0.0,0.0,85.1,78.5,13,8,9.8,9.2,76.8,76.5,6.2,5.6,78.0,70.4,1022.0,1022.1,-6.22,348.28,-0.01,29.1896,13.8496,508.4,60.8,1496.247, NAN, NAN, NAN, NAN,,2024/04/17 04:06:48.981,2024-04-17 04:06:48.981000+00:00
2024/04/17, 04:07:48.981,35.983,-75.256, NAN,59.02,61.9,7.1,15.0,15.1,1019.9,1019.9,0.0,0.0,85.1,78.5,12,7,9.7,9.4,76.9,76.8,6.1,5.8,76.8,69.0,1022.0,1022.0,-6.21,348.2,-0.01,29.1858,13.8373,508.9,60.8,1496.202, NAN, NAN, NAN, NAN,,2024/04/17 04:07:48.981,2024-04-17 04:07:48.981000+00:00
2024/04/17, 04:08:48.981,35.984,-75.253, NAN,59.57,56.22,7.15,15.0,15.0,1020.0,1019.9,0.0,0.0,85.1,78.5,11,6,9.5,9.5,77.1,77.1,5.9,5.9,77.4,69.4,1022.1,1022.0,-6.38,348.41,-0.01,29.1849,13.8401,510.5,59.6,1496.21, NAN, NAN, NAN, NAN,,2024/04/17 04:08:48.981,2024-04-17 04:08:48.981000+00:00
2024/04/17, 04:09:48.981,35.985,-75.251, NAN,59.02,58.61,7.34,15.0,15.0,1019.9,1019.8,0.0,0.0,85.1,78.5,11,6,9.5,9.5,77.1,77.0,5.8,5.8,76.5,68.3,1022.0,1021.9,-6.21,348.47,-0.01,29.183,13.8521,508.8,59.1,1496.248, NAN, NAN, NAN, NAN,,2024/04/17 04:09:48.981,2024-04-17 04:09:48.981000+00:00
2024/04/17, 04:10:48.981,35.986,-75.249, NAN,59.53,62.73,7.14,15.0,15.0,1020.0,1020.1,0.0,0.0,85.1,78.5,10,5,9.4,9.4,77.2,77.3,5.8,5.7,75.2,67.0,1022.1,1022.2,-6.27,348.89,-0.01,29.1828,13.8634,508.8,60.0,1496.285, NAN, NAN, NAN, NAN,,2024/04/17 04:10:48.981,2024-04-17 04:10:48.981000+00:00
2024/04/17, 04:11:48.981,35.987,-75.247, NAN,59.74,64.54,7.34,15.0,15.0,1019.9,1019.9,0.0,0.0,85.1,78.5,10,4,9.4,9.1,77.1,77.3,5.7,5.3,73.6,63.6,1022.0,1022.0,-6.18,348.68,-0.01,29.1774,13.8779,508.4,60.4,1496.327, NAN, NAN, NAN, NAN,,2024/04/17 04:11:48.981,2024-04-17 04:11:48.981000+00:00
2024/04/17, 04:12:48.981,35.988,-75.245, NAN,59.5,57.27,7.28,15.0,15.0,1020.1,1020.1,0.0,0.0,85.1,78.5,10,4,9.7,9.2,77.7,77.6,6.1,5.5,75.8,66.4,1022.2,1022.2,-6.23,348.49,-0.01,29.1705,13.8858,508.4,60.5,1496.345, NAN, NAN, NAN, NAN,,2024/04/17 04:12:48.981,2024-04-17 04:12:48.981000+00:00
2024/04/17, 04:13:48.981,35.989,-75.243, NAN,59.1,63.94,7.21,15.0,15.0,1020.0,1020.0,0.0,0.0,85.1,78.5,11,4,9.8,9.4,77.4,77.4,6.2,5.7,75.8,64.8,1022.1,1022.1,-6.2,348.81,-0.01,29.1587,13.8902,507.5,60.6,1496.345, NAN, NAN, NAN, NAN,,2024/04/17 04:13:48.981,2024-04-17 04:13:48.981000+00:00
2024/04/17, 04:14:48.981,35.99,-75.24, NAN,59.52,61.46,7.35,15.0,15.0,1020.0,1020.0,0.0,0.0,85.1,78.5,10,5,9.7,9.3,77.2,77.1,6.0,5.5,74.8,66.9,1022.1,1022.1,-6.25,348.88,-0.01,29.1443,13.8961,507.8,60.6,1496.348, NAN, NAN, NAN, NAN,,2024/04/17 04:14:48.981,2024-04-17 04:14:48.981000+00:00
2024/04/17, 04:15:48.981,35.991,-75.238, NAN,59.72,63.47,7.27,15.0,15.0,1020.0,1020.1,0.0,0.0,85.1,78.5,10,4,9.7,9.5,77.1,77.3,6.0,5.8,74.2,64.5,1022.1,1022.2,-6.26,348.77,-0.01,29.1283,13.898,507.5,60.6,1496.336, NAN, NAN, NAN, NAN,,2024/04/17 04:15:48.981,2024-04-17 04:15:48.981000+00:00
2024/04/17, 04:16:48.981,35.992,-75.236, NAN,59.55,63.56,7.23,15.0,15.0,1020.1,1019.9,0.0,0.0,85.1,78.5,10,3,9.7,9.4,77.1,77.1,6.0,5.7,74.7,63.4,1022.2,1022.0,-6.2,349.07,-0.01,29.1096,13.8941,507.5,60.6,1496.301, NAN, NAN, NAN, NAN,,2024/04/17 04:16:48.981,2024-04-17 04:16:48.981000+00:00
2024/04/17, 04:17:48.982,35.993,-75.234, NAN,60.09,65.06,7.06,15.0,15.0,1019.9,1020.0,0.0,0.0,85.1,78.5,9,3,9.5,9.2,77.1,77.1,5.9,5.6,72.3,62.6,1022.0,1022.1,-6.22,349.18,-0.01,29.0997,13.8864,506.2,60.5,1496.264, NAN, NAN, NAN, NAN,,2024/04/17 04:17:48.982,2024-04-17 04:17:48.982000+00:00
2024/04/17, 04:18:48.982,35.993,-75.232, NAN,59.25,61.84,7.34,15.0,15.0,1020.0,1019.9,0.0,0.0,85.1,78.5,10,4,9.7,9.4,77.3,77.4,6.0,5.6,73.3,63.6,1022.1,1022.0,-6.25,348.97,-0.01,29.0893,13.8802,507.2,60.4,1496.231, NAN, NAN, NAN, NAN,,2024/04/17 04:18:48.982,2024-04-17 04:18:48.982000+00:00
2024/04/17, 04:19:48.982,35.994,-75.23, NAN,59.26,60.25,7.13,15.0,15.0,1020.0,1020.0,0.0,0.0,85.1,78.5,10,4,9.8,9.5,77.5,77.4,6.2,5.8,73.6,64.1,1022.1,1022.1,-6.24,348.88,-0.01,29.0827,13.8695,507.5,60.4,1496.188, NAN, NAN, NAN, NAN,,2024/04/17 04:19:48.982,2024-04-17 04:19:48.982000+00:00
2024/04/17, 04:20:48.982,35.995,-75.227, NAN,59.72,66.42,7.19,15.0,15.0,1019.9,1020.0,0.0,0.0,85.1,78.5,10,4,9.9,9.5,77.4,77.5,6.2,5.8,72.5,62.9,1022.0,1022.1,-6.22,348.82,-0.01,29.0807,13.8533,507.8,60.3,1496.132, NAN, NAN, NAN, NAN,,2024/04/17 04:20:48.982,2024-04-17 04:20:48.982000+00:00
2024/04/17, 04:21:48.982,35.996,-75.225, NAN,59.62,62.31,7.08,15.0,15.0,1020.0,1020.0,0.0,0.0,85.1,78.5,10,4,10.0,9.6,77.3,77.4,6.4,6.0,74.2,64.9,1022.1,1022.1,-6.24,348.81,-0.01,29.0827,13.8409,506.8,60.3,1496.093, NAN, NAN, NAN, NAN,,2024/04/17 04:21:48.982,2024-04-17 04:21:48.982000+00:00
2024/04/17, 04:22:48.982,35.997,-75.223, NAN,60.15,61.23,7.29,15.0,15.0,1020.0,1020.1,0.0,0.0,85.1,78.5,10,4,9.9,9.8,77.3,77.2,6.2,6.1,74.8,65.2,1022.1,1022.2,-6.27,348.65,-0.01,29.0818,13.8331,508.1,60.4,1496.066, NAN, NAN, NAN, NAN,,2024/04/17 04:22:48.982,2024-04-17 04:22:48.982000+00:00
2024/04/17, 04:23:48.982,35.998,-75.221, NAN,59.01,60.05,7.13,15.0,15.0,1020.2,1020.1,0.0,0.0,85.1,78.5,10,4,9.9,9.7,77.3,77.2,6.3,6.0,74.2,64.8,1022.3,1022.2,-6.26,348.64,-0.01,29.0874,13.8232,507.2,60.4,1496.04, NAN, NAN, NAN, NAN,,2024/04/17 04:23:48.982,2024-04-17 04:23:48.982000+00:00
2024/04/17, 04:24:48.982,35.999,-75.219, NAN,59.82,63.53,7.18,15.0,15.0,1019.8,1020.1,0.0,0.0,85.1,78.5,10,4,9.8,9.6,77.5,77.5,6.1,5.9,72.7,63.1,1021.9,1022.2,-6.17,349.05,-0.01,29.0916,13.8214,507.2,60.3,1496.039, NAN, NAN, NAN, NAN,,2024/04/17 04:24:48.982,2024-04-17 04:24:48.982000+00:00
2024/04/17, 04:25:48.982,36.0,-75.217, NAN,60.41,67.17,6.94,15.0,15.0,1020.1,1020.0,0.0,0.0,85.1,78.5,9,4,9.7,10.0,77.7,77.6,6.2,6.4,72.3,64.4,1022.2,1022.1,-6.29,349.42,-0.01,29.0957,13.8253,508.9,60.3,1496.057, NAN, NAN, NAN, NAN,,2024/04/17 04:25:48.982,2024-04-17 04:25:48.982000+00:00
2024/04/17, 04:26:48.982,36.001,-75.215, NAN,59.47,64.25,7.06,15.0,15.0,1020.0,1019.9,0.0,0.0,85.1,78.5,11,4,9.8,9.7,77.7,77.5,6.2,6.1,75.5,64.5,1022.1,1022.0,-6.24,349.34,-0.01,29.1034,13.8264,507.8,60.1,1496.069, NAN, NAN, NAN, NAN,,2024/04/17 04:26:48.982,2024-04-17 04:26:48.982000+00:00
2024/04/17, 04:27:48.982,36.002,-75.212, NAN,59.28,61.72,7.23,14.9,15.0,1020.0,1020.0,0.0,0.0,85.1,78.5,11,6,10.0,9.5,77.7,77.7,6.3,5.8,74.9,67.2,1022.1,1022.1,-6.24,349.27,-0.01,29.0935,13.8256,508.4,60.3,1496.055, NAN, NAN, NAN, NAN,,2024/04/17 04:27:48.982,2024-04-17 04:27:48.982000+00:00
2024/04/17, 04:28:48.982,36.003,-75.21, NAN,60.17,60.16,7.24,14.9,15.0,1020.1,1020.1,0.0,0.0,85.1,78.5,11,5,10.2,9.9,77.6,77.8,6.5,6.2,76.2,66.9,1022.2,1022.2,-6.22,349.34,-0.01,29.0915,13.8267,508.9,60.4,1496.056, NAN, NAN, NAN, NAN,,2024/04/17 04:28:48.982,2024-04-17 04:28:48.982000+00:00
2024/04/17, 04:29:48.982,36.004,-75.208, NAN,59.43,62.94,7.22,15.0,15.0,1020.0,1019.9,0.0,0.0,85.1,78.5,11,6,9.9,9.8,77.4,77.5,6.2,6.1,74.9,67.0,1022.1,1022.0,-6.19,349.35,-0.01,29.0893,13.8253,508.4,60.4,1496.049, NAN, NAN, NAN, NAN,,2024/04/17 04:29:48.982,2024-04-17 04:29:48.982000+00:00
2024/04/17, 04:30:48.982,36.005,-75.206, NAN,59.8,63.03,7.01,14.9,15.0,1020.1,1019.9,0.0,0.0,85.1,78.5,11,5,10.1,9.8,77.7,77.7,6.6,6.2,75.9,66.7,1022.2,1022.0,-6.2,349.45,-0.01,29.0829,13.8145,507.5,60.3,1496.006, NAN, NAN, NAN, NAN,,2024/04/17 04:30:48.982,2024-04-17 04:30:48.982000+00:00
2024/04/17, 04:31:48.982,36.006,-75.204, NAN,59.92,61.52,7.28,14.9,15.0,1020.0,1019.9,0.0,0.0,85.1,78.5,10,4,10.2,9.9,77.5,77.6,6.5,6.2,74.8,65.4,1022.1,1022.0,-6.2,349.42,-0.01,29.0817,13.8058,508.1,60.4,1495.975, NAN, NAN, NAN, NAN,,2024/04/17 04:31:48.982,2024-04-17 04:31:48.982000+00:00
2024/04/17, 04:32:48.982,36.007,-75.201, NAN,59.66,63.49,7.21,14.9,15.0,1020.1,1020.0,0.0,0.0,85.1,78.5,11,5,10.1,10.0,77.5,77.6,6.5,6.3,75.2,65.8,1022.2,1022.1,-6.17,349.35,-0.01,29.0847,13.8111,508.4,60.4,1495.997, NAN, NAN, NAN, NAN,,2024/04/17 04:32:48.982,2024-04-17 04:32:48.982000+00:00
2024/04/17, 04:33:48.983,36.008,-75.199, NAN,59.8,63.52,7.43,14.9,14.9,1020.0,1019.9,0.0,0.0,85.1,78.5,11,5,10.4,10.0,77.9,77.9,6.6,6.2,75.4,66.1,1022.1,1022.0,-6.2,349.86,-0.01,29.0947,13.8123,507.5,60.4,1496.012, NAN, NAN, NAN, NAN,,2024/04/17 04:33:48.983,2024-04-17 04:33:48.983000+00:00
2024/04/17, 04:34:48.983,36.009,-75.197, NAN,59.72,64.0,7.42,14.9,14.9,1020.0,1020.1,0.0,0.0,85.1,78.5,11,6,10.3,9.8,77.6,77.8,6.5,6.0,74.8,67.0,1022.1,1022.2,-6.2,349.5,-0.01,29.0957,13.8037,508.8,60.3,1495.985, NAN, NAN, NAN, NAN,,2024/04/17 04:34:48.983,2024-04-17 04:34:48.983000+00:00
2024/04/17, 04:35:48.983,36.01,-75.195, NAN,60.24,56.43,7.4,14.9,14.9,1020.0,1020.0,0.0,0.0,85.1,78.5,10,5,10.3,10.1,77.8,77.9,6.6,6.3,76.3,68.6,1022.1,1022.1,-6.16,349.38,-0.01,29.0891,13.7986,508.4,60.4,1495.96, NAN, NAN, NAN, NAN,,2024/04/17 04:35:48.983,2024-04-17 04:35:48.983000+00:00
2024/04/17, 04:36:48.983,36.011,-75.193, NAN,59.69,57.96,7.22,14.9,14.9,1020.2,1020.0,0.0,0.0,85.1,78.5,11,4,9.7,9.7,77.7,77.8,6.1,6.0,75.9,64.7,1022.3,1022.1,-6.18,349.35,-0.01,29.0939,13.7915,508.9,60.3,1495.942, NAN, NAN, NAN, NAN,,2024/04/17 04:36:48.983,2024-04-17 04:36:48.983000+00:00
2024/04/17, 04:37:48.983,36.011,-75.19, NAN,59.23,60.66,7.25,14.9,14.9,1019.9,1019.9,0.0,0.0,85.1,78.5,11,5,10.2,9.7,78.0,78.0,6.5,6.0,75.0,65.7,1022.0,1022.0,-6.15,349.54,-0.01,29.0982,13.7832,509.6,60.4,1495.92, NAN, NAN, NAN, NAN,,2024/04/17 04:37:48.983,2024-04-17 04:37:48.983000+00:00
2024/04/17, 04:38:48.983,36.012,-75.188, NAN,59.35,61.06,7.26,14.9,14.9,1019.8,1019.9,0.0,0.0,85.1,78.5,11,6,10.1,9.8,78.0,78.1,6.4,6.1,75.7,68.0,1021.9,1022.0,-6.17,349.71,-0.01,29.0994,13.769,509.2,60.4,1495.874, NAN, NAN, NAN, NAN,,2024/04/17 04:38:48.983,2024-04-17 04:38:48.983000+00:00
2024/04/17, 04:39:48.983,36.013,-75.186, NAN,60.38,65.22,7.47,14.9,14.9,1019.9,1019.9,0.0,0.0,85.1,78.5,11,6,10.1,9.8,78.0,78.0,6.3,6.0,76.2,68.3,1022.0,1022.0,-6.15,350.06,-0.01,29.1049,13.7506,508.8,60.5,1495.819, NAN, NAN, NAN, NAN,,2024/04/17 04:39:48.983,2024-04-17 04:39:48.983000+00:00
2024/04/17, 04:40:48.983,36.014,-75.184, NAN,59.75,62.36,7.46,14.9,14.9,1020.1,1020.0,0.0,0.0,85.1,78.5,11,5,9.8,9.6,77.6,77.7,6.0,5.8,76.4,66.7,1022.2,1022.1,-6.09,349.84,-0.01,29.1116,13.7401,508.4,60.4,1495.792, NAN, NAN, NAN, NAN,,2024/04/17 04:40:48.983,2024-04-17 04:40:48.983000+00:00
2024/04/17, 04:41:48.983,36.015,-75.182, NAN,59.34,63.9,7.3,14.9,14.9,1020.0,1020.1,0.0,0.0,85.1,78.5,11,6,9.8,9.7,77.5,77.7,6.1,6.0,75.2,67.2,1022.1,1022.2,-6.11,349.84,-0.01,29.127,13.7282,510.2,60.6,1495.771, NAN, NAN, NAN, NAN,,2024/04/17 04:41:48.983,2024-04-17 04:41:48.983000+00:00
2024/04/17, 04:42:48.983,36.016,-75.179, NAN,60.41,64.05,7.44,15.0,15.0,1020.0,1019.9,0.0,0.0,85.1,78.5,11,5,10.0,9.4,77.1,77.3,6.2,5.6,76.7,67.2,1022.1,1022.0,-6.11,350.22,-0.01,29.1396,13.7195,507.8,60.5,1495.757, NAN, NAN, NAN, NAN,,2024/04/17 04:42:48.983,2024-04-17 04:42:48.983000+00:00
2024/04/17, 04:43:48.983,36.017,-75.177, NAN,59.86,58.65,7.21,15.0,15.0,1020.2,1020.0,0.0,0.0,85.1,78.5,11,5,9.8,9.6,77.1,77.3,6.2,5.9,75.6,66.1,1022.3,1022.1,-6.09,350.0,-0.01,29.1496,13.7073,506.8,60.4,1495.728, NAN, NAN, NAN, NAN,,2024/04/17 04:43:48.983,2024-04-17 04:43:48.983000+00:00
2024/04/17, 04:44:48.983,36.018,-75.175, NAN,59.79,61.71,7.44,15.0,15.0,1020.0,1020.0,0.0,0.0,85.1,78.5,11,5,9.9,9.4,77.3,77.4,6.1,5.6,75.8,66.2,1022.1,1022.1,-6.18,349.92,-0.01,29.1535,13.6862,508.4,60.5,1495.662, NAN, NAN, NAN, NAN,,2024/04/17 04:44:48.983,2024-04-17 04:44:48.983000+00:00
2024/04/17, 04:45:48.983,36.019,-75.173, NAN,59.9,58.48,7.35,15.0,15.0,1020.0,1020.1,0.0,0.0,85.1,78.5,11,6,9.8,9.7,77.3,77.5,6.1,6.0,77.6,69.6,1022.1,1022.2,-6.07,350.02,-0.01,29.1663,13.6667,507.8,60.4,1495.613, NAN, NAN, NAN, NAN,,2024/04/17 04:45:48.983,2024-04-17 04:45:48.983000+00:00
2024/04/17, 04:46:48.983,36.02,-75.17, NAN,59.65,60.47,7.4,15.0,15.0,1020.1,1020.0,0.0,0.0,85.1,78.5,12,6,10.0,9.5,77.2,77.3,6.3,5.7,77.0,67.5,1022.2,1022.1,-6.17,349.97,-0.02,29.1819,13.6476,508.1,60.5,1495.567, NAN, NAN, NAN, NAN,,2024/04/17 04:46:48.983,2024-04-17 04:46:48.983000+00:00
2024/04/17, 04:47:48.983,36.021,-75.168, NAN,59.98,62.42,7.32,14.9,15.0,1020.0,1020.0,0.0,0.0,85.1,78.5,12,6,9.8,9.5,77.1,77.2,6.1,5.7,77.4,67.8,1022.1,1022.1,-6.22,350.24,-0.01,29.2019,13.633,506.2,60.4,1495.542, NAN, NAN, NAN, NAN,,2024/04/17 04:47:48.983,2024-04-17 04:47:48.983000+00:00
2024/04/17, 04:48:48.983,36.022,-75.166, NAN,59.42,64.02,7.46,15.0,15.0,1020.0,1020.0,0.0,0.0,85.1,78.5,13,7,9.9,9.4,77.0,77.0,6.2,5.6,78.3,68.8,1022.1,1022.1,-6.2,350.27,-0.01,29.216,13.6222,505.1,60.5,1495.523, NAN, NAN, NAN, NAN,,2024/04/17 04:48:48.983,2024-04-17 04:48:48.983000+00:00
2024/04/17, 04:49:48.984,36.023,-75.164, NAN,59.38,59.42,7.36,15.0,15.0,1020.0,1020.0,0.0,0.0,85.1,78.5,12,6,10.2,9.6,76.9,77.0,6.5,5.8,77.2,68.0,1022.1,1022.1,-6.14,350.15,-0.01,29.2286,13.61,504.4,60.6,1495.497, NAN, NAN, NAN, NAN,,2024/04/17 04:49:48.984,2024-04-17 04:49:48.984000+00:00
2024/04/17, 04:50:48.984,36.024,-75.162, NAN,59.83,66.64,7.32,15.0,15.0,1019.9,1020.0,0.0,0.0,85.1,78.5,12,7,9.9,9.8,76.7,76.9,6.2,6.0,76.0,68.0,1022.0,1022.1,-6.2,350.02,-0.01,29.2372,13.6008,505.6,60.5,1495.476, NAN, NAN, NAN, NAN,,2024/04/17 04:50:48.984,2024-04-17 04:50:48.984000+00:00
2024/04/17, 04:51:48.984,36.025,-75.159, NAN,59.7,64.01,7.54,15.0,15.0,1020.0,1019.9,0.0,0.0,85.1,78.5,12,7,10.3,9.8,76.7,76.7,6.5,5.9,77.1,69.4,1022.1,1022.0,-6.17,350.26,-0.01,29.2447,13.5915,505.1,60.5,1495.454, NAN, NAN, NAN, NAN,,2024/04/17 04:51:48.984,2024-04-17 04:51:48.984000+00:00
2024/04/17, 04:52:48.984,36.026,-75.157, NAN,59.52,60.12,7.39,15.0,15.0,1019.9,1020.0,0.0,0.0,85.1,78.5,13,7,10.2,9.8,76.6,76.7,6.6,6.1,80.2,71.1,1022.0,1022.1,-6.13,350.63,-0.01,29.2478,13.5797,505.6,60.5,1495.418, NAN, NAN, NAN, NAN,,2024/04/17 04:52:48.984,2024-04-17 04:52:48.984000+00:00
2024/04/17, 04:53:48.984,36.027,-75.155, NAN,60.3,61.09,7.42,15.0,15.0,1019.8,1019.9,0.0,0.0,85.1,78.5,13,8,10.1,9.6,76.6,76.7,6.4,5.8,80.4,72.9,1021.9,1022.0,-6.11,350.47,-0.01,29.248,13.5614,503.5,60.6,1495.358, NAN, NAN, NAN, NAN,,2024/04/17 04:53:48.984,2024-04-17 04:53:48.984000+00:00
2024/04/17, 04:54:48.984,36.028,-75.153, NAN,59.67,58.27,7.34,15.0,15.0,1019.9,1019.9,0.0,0.0,85.1,78.5,15,9,10.0,9.8,76.7,76.7,6.4,6.1,82.6,73.4,1022.0,1022.0,-6.09,350.52,-0.01,29.2517,13.5423,502.8,60.4,1495.298, NAN, NAN, NAN, NAN,,2024/04/17 04:54:48.984,2024-04-17 04:54:48.984000+00:00
2024/04/17, 04:55:48.984,36.029,-75.151, NAN,59.52,62.51,7.29,15.0,15.0,1020.0,1019.9,0.0,0.0,85.1,78.5,15,9,10.3,9.7,76.5,76.5,6.8,6.0,83.1,74.5,1022.1,1022.0,-6.23,350.48,-0.01,29.2546,13.5296,503.2,60.5,1495.259, NAN, NAN, NAN, NAN,,2024/04/17 04:55:48.984,2024-04-17 04:55:48.984000+00:00
2024/04/17, 04:56:48.984,36.03,-75.148, NAN,59.76,62.25,7.18,15.0,15.0,1019.9,1020.1,0.0,0.0,85.1,78.5,15,9,10.3,9.9,76.2,76.3,6.7,6.2,81.1,72.1,1022.0,1022.2,-6.07,350.48,-0.01,29.2656,13.5221,503.2,60.4,1495.247, NAN, NAN, NAN, NAN,,2024/04/17 04:56:48.984,2024-04-17 04:56:48.984000+00:00
2024/04/17, 04:57:48.984,36.031,-75.146, NAN,60.28,64.57,7.18,15.0,15.0,1019.9,1019.9,0.0,0.0,85.1,78.5,15,9,10.3,9.7,75.9,76.0,6.7,6.0,81.2,72.2,1022.0,1022.0,-6.1,350.66,-0.01,29.2797,13.5145,502.5,60.4,1495.238, NAN, NAN, NAN, NAN,,2024/04/17 04:57:48.984,2024-04-17 04:57:48.984000+00:00
2024/04/17, 04:58:48.984,36.031,-75.144, NAN,59.34,62.41,7.26,15.0,15.1,1019.9,1019.8,0.0,0.0,85.1,78.5,15,9,10.4,9.9,75.9,76.0,6.8,6.2,80.4,71.4,1022.0,1021.9,-6.1,350.47,-0.01,29.2884,13.507,502.0,60.6,1495.223, NAN, NAN, NAN, NAN,,2024/04/17 04:58:48.984,2024-04-17 04:58:48.984000+00:00
2024/04/17, 04:59:48.984,36.032,-75.142, NAN,59.5,64.0,7.25,15.1,15.1,1019.8,1019.8,0.0,0.0,85.1,78.5,15,9,10.3,9.9,75.9,75.9,6.7,6.2,81.3,72.3,1021.9,1021.9,-6.0,350.43,-0.01,29.286,13.4946,502.0,60.5,1495.179, NAN, NAN, NAN, NAN,,2024/04/17 04:59:48.984,2024-04-17 04:59:48.984000+00:00
2024/04/17, 05:00:48.984,36.033,-75.14, NAN,59.0,68.29,7.44,15.1,15.1,1019.8,1019.9,0.0,0.0,85.1,78.5,14,9,10.4,9.8,75.8,76.0,6.6,6.0,77.9,70.3,1021.9,1022.0,-6.11,350.59,-0.01,29.2754,13.4921,501.7,60.6,1495.158, NAN, NAN, NAN, NAN,,2024/04/17 05:00:48.984,2024-04-17 05:00:48.984000+00:00
2024/04/17, 05:01:48.984,36.034,-75.137, NAN,59.76,59.7,7.4,15.1,15.1,1019.8,1020.0,0.0,0.0,85.1,78.5,14,8,10.3,9.8,75.8,75.9,6.7,6.1,81.6,72.7,1021.9,1022.1,-6.1,350.62,-0.01,29.2567,13.4974,503.2,60.6,1495.154, NAN, NAN, NAN, NAN,,2024/04/17 05:01:48.984,2024-04-17 05:01:48.984000+00:00
2024/04/17, 05:02:48.984,36.035,-75.135, NAN,59.09,61.75,7.17,15.1,15.1,1019.9,1019.9,0.0,0.0,85.1,78.5,13,8,9.9,9.7,75.9,75.9,6.3,6.0,78.0,70.3,1022.0,1022.0,-6.09,350.89,-0.01,29.2408,13.4834,501.4,60.6,1495.089, NAN, NAN, NAN, NAN,,2024/04/17 05:02:48.984,2024-04-17 05:02:48.984000+00:00
2024/04/17, 05:03:48.984,36.036,-75.133, NAN,59.62,63.03,7.18,15.0,15.1,1019.7,1019.8,0.0,0.0,85.1,78.5,14,8,10.3,9.9,75.9,75.9,6.7,6.2,79.7,70.6,1021.8,1021.9,-6.15,350.71,-0.01,29.2327,13.4627,501.4,60.5,1495.01, NAN, NAN, NAN, NAN,,2024/04/17 05:03:48.984,2024-04-17 05:03:48.984000+00:00
2024/04/17, 05:04:48.984,36.037,-75.131, NAN,59.79,63.8,7.33,15.0,15.1,1019.9,1019.8,0.0,0.0,85.1,78.5,14,9,10.4,9.8,75.9,75.9,6.7,6.1,80.1,72.7,1022.0,1021.9,-6.15,350.79,-0.01,29.2301,13.4545,501.4,60.6,1494.979, NAN, NAN, NAN, NAN,,2024/04/17 05:04:48.984,2024-04-17 05:04:48.984000+00:00
2024/04/17, 05:05:48.985,36.038,-75.129, NAN,59.5,66.03,7.29,15.0,15.1,1019.8,1019.8,0.0,0.0,85.1,78.5,15,9,10.2,9.8,75.9,75.9,6.5,6.1,80.3,71.0,1021.9,1021.9,-6.14,350.89,-0.01,29.2243,13.4353,500.4,60.7,1494.908, NAN, NAN, NAN, NAN,,2024/04/17 05:05:48.985,2024-04-17 05:05:48.985000+00:00
2024/04/17, 05:06:48.985,36.039,-75.126, NAN,59.41,62.63,7.26,15.1,15.1,1019.8,1019.8,0.0,0.0,85.1,78.5,15,9,10.1,9.7,75.9,76.1,6.5,6.0,80.9,71.7,1021.9,1021.9,-6.13,351.12,-0.01,29.2298,13.4215,499.8,60.5,1494.869, NAN, NAN, NAN, NAN,,2024/04/17 05:06:48.985,2024-04-17 05:06:48.985000+00:00
2024/04/17, 05:07:48.985,36.04,-75.124, NAN,59.44,64.92,7.3,15.0,15.1,1019.8,1019.8,0.0,0.0,85.1,78.5,14,9,10.2,9.5,76.1,76.0,6.6,5.8,79.9,72.5,1021.9,1021.9,-6.07,351.23,-0.01,29.238,13.4158,499.5,60.6,1494.859, NAN, NAN, NAN, NAN,,2024/04/17 05:07:48.985,2024-04-17 05:07:48.985000+00:00
2024/04/17, 05:08:48.985,36.041,-75.122, NAN,59.63,62.23,7.24,15.1,15.1,1019.8,1019.8,0.0,0.0,85.1,78.5,14,9,10.3,9.8,76.0,76.0,6.7,6.1,80.0,72.6,1021.9,1021.9,-6.15,351.2,-0.01,29.2316,13.4106,499.0,60.6,1494.834, NAN, NAN, NAN, NAN,,2024/04/17 05:08:48.985,2024-04-17 05:08:48.985000+00:00
2024/04/17, 05:09:48.985,36.042,-75.12, NAN,59.41,67.29,7.2,15.1,15.1,1019.8,1019.8,0.0,0.0,85.1,78.5,15,8,10.2,9.8,76.0,76.1,6.6,6.1,79.6,68.8,1021.9,1021.9,-6.09,351.49,-0.01,29.2304,13.4103,498.0,60.5,1494.832, NAN, NAN, NAN, NAN,,2024/04/17 05:09:48.985,2024-04-17 05:09:48.985000+00:00
2024/04/17, 05:10:48.985,36.043,-75.117, NAN,59.49,57.61,7.26,15.1,15.1,1019.8,1019.8,0.0,0.0,85.1,78.5,13,8,10.2,9.9,76.0,76.1,6.6,6.2,79.7,72.2,1021.9,1021.9,-6.1,351.19,-0.01,29.2283,13.4081,499.8,60.6,1494.822, NAN, NAN, NAN, NAN,,2024/04/17 05:10:48.985,2024-04-17 05:10:48.985000+00:00
2024/04/17, 05:11:48.985,36.044,-75.115, NAN,59.75,58.67,7.1,15.1,15.1,1019.8,1019.8,0.0,0.0,85.1,78.5,14,8,10.2,9.6,76.0,76.1,6.7,6.0,80.8,72.0,1021.9,1021.9,-6.02,351.89,-0.01,29.2241,13.403,498.0,60.5,1494.8, NAN, NAN, NAN, NAN,,2024/04/17 05:11:48.985,2024-04-17 05:11:48.985000+00:00
2024/04/17, 05:12:48.985,36.045,-75.113, NAN,59.66,56.34,7.16,15.1,15.1,1019.8,1019.8,0.0,0.0,85.1,78.5,14,8,10.1,9.6,75.9,76.0,6.6,6.0,81.5,72.6,1021.9,1021.9,-6.09,351.49,-0.01,29.2205,13.4049,497.1,60.5,1494.802, NAN, NAN, NAN, NAN,,2024/04/17 05:12:48.985,2024-04-17 05:12:48.985000+00:00
2024/04/17, 05:13:48.985,36.046,-75.111, NAN,59.54,65.71,7.31,15.1,15.1,1019.7,1019.8,0.0,0.0,85.1,78.5,14,9,9.9,9.9,75.8,75.9,6.2,6.2,80.0,72.1,1021.8,1021.9,-6.06,351.95,-0.01,29.2211,13.4088,497.1,60.2,1494.816, NAN, NAN, NAN, NAN,,2024/04/17 05:13:48.985,2024-04-17 05:13:48.985000+00:00
2024/04/17, 05:14:48.985,36.046,-75.109, NAN,59.34,63.71,7.04,15.1,15.2,1019.9,1019.8,0.0,0.0,85.1,78.5,14,9,10.1,9.6,75.8,75.7,6.6,6.0,79.0,71.5,1022.0,1021.9,-6.11,351.82,-0.01,29.2212,13.4012,496.8,60.3,1494.79, NAN, NAN, NAN, NAN,,2024/04/17 05:14:48.985,2024-04-17 05:14:48.985000+00:00
2024/04/17, 05:15:48.985,36.047,-75.106, NAN,60.03,63.58,7.5,15.2,15.2,1019.7,1019.8,0.0,0.0,85.1,78.5,14,9,10.2,9.8,75.5,75.6,6.5,6.0,80.6,72.9,1021.8,1021.9,-6.13,352.2,-0.01,29.227,13.3983,497.1,60.3,1494.788, NAN, NAN, NAN, NAN,,2024/04/17 05:15:48.985,2024-04-17 05:15:48.985000+00:00
2024/04/17, 05:16:48.985,36.048,-75.104, NAN,60.08,64.08,7.43,15.2,15.2,1019.9,1019.9,0.0,0.0,85.1,78.5,14,9,10.0,9.6,75.3,75.3,6.3,5.8,81.0,73.3,1022.0,1022.0,-6.07,351.93,-0.01,29.2348,13.381,495.3,60.4,1494.739, NAN, NAN, NAN, NAN,,2024/04/17 05:16:48.985,2024-04-17 05:16:48.985000+00:00
2024/04/17, 05:17:48.985,36.049,-75.102, NAN,60.03,60.84,7.41,15.2,15.2,1019.8,1019.9,0.0,0.0,85.1,78.5,15,9,10.0,9.6,75.4,75.4,6.4,5.9,83.9,74.9,1021.9,1022.0,-6.08,351.76,-0.01,29.252,13.366,495.6,60.4,1494.709, NAN, NAN, NAN, NAN,,2024/04/17 05:17:48.985,2024-04-17 05:17:48.985000+00:00
2024/04/17, 05:18:48.985,36.05,-75.1, NAN,60.1,61.2,7.18,15.2,15.3,1019.8,1019.8,0.0,0.0,85.1,78.5,14,9,10.1,9.9,75.4,75.4,6.5,6.3,80.8,73.2,1021.9,1021.9,-6.13,352.0,-0.01,29.27,13.3521,495.0,60.4,1494.683, NAN, NAN, NAN, NAN,,2024/04/17 05:18:48.985,2024-04-17 05:18:48.985000+00:00
2024/04/17, 05:19:48.985,36.051,-75.098, NAN,59.25,60.25,7.12,15.3,15.3,1019.8,1019.8,0.0,0.0,85.1,78.5,14,8,10.1,9.7,75.0,75.4,6.6,6.1,80.2,71.2,1021.9,1021.9,-6.12,352.11,-0.01,29.285,13.3507,495.8,60.5,1494.696, NAN, NAN, NAN, NAN,,2024/04/17 05:19:48.985,2024-04-17 05:19:48.985000+00:00
2024/04/17, 05:20:48.985,36.052,-75.095, NAN,59.6,61.24,7.08,15.3,15.3,1019.8,1019.7,0.0,0.0,85.1,78.5,13,7,9.8,9.7,74.7,74.7,6.2,6.1,78.0,68.6,1021.9,1021.8,-6.05,352.01,-0.01,29.2947,13.3489,494.4,60.4,1494.702, NAN, NAN, NAN, NAN,,2024/04/17 05:20:48.985,2024-04-17 05:20:48.985000+00:00
2024/04/17, 05:21:48.986,36.053,-75.093, NAN,59.46,56.91,7.0,15.3,15.3,1019.8,1019.7,0.0,0.0,85.1,78.5,12,7,10.0,9.6,74.7,74.6,6.5,6.1,78.6,71.2,1021.9,1021.8,-5.94,351.23,-0.01,29.2976,13.3275,495.6,60.4,1494.633, NAN, NAN, NAN, NAN,,2024/04/17 05:21:48.986,2024-04-17 05:21:48.986000+00:00
2024/04/17, 05:22:48.986,36.054,-75.091, NAN,59.59,60.93,7.21,15.3,15.3,1019.8,1019.7,0.0,0.0,85.1,78.5,13,7,9.9,9.6,74.8,74.7,6.3,5.9,79.4,70.1,1021.9,1021.8,-5.98,351.21,-0.01,29.3111,13.3248,497.1,60.6,1494.64, NAN, NAN, NAN, NAN,,2024/04/17 05:22:48.986,2024-04-17 05:22:48.986000+00:00
2024/04/17, 05:23:48.986,36.055,-75.089, NAN,59.96,59.86,7.15,15.3,15.3,1019.8,1019.8,0.0,0.0,85.1,78.5,13,7,10.1,9.6,75.0,74.8,6.5,5.9,79.0,69.9,1021.9,1021.9,-6.08,350.99,-0.01,29.3395,13.3424,496.1,60.5,1494.733, NAN, NAN, NAN, NAN,,2024/04/17 05:23:48.986,2024-04-17 05:23:48.986000+00:00
2024/04/17, 05:24:48.986,36.056,-75.087, NAN,59.57,64.23,7.26,15.3,15.3,1019.8,1019.8,0.0,0.0,85.1,78.5,13,7,10.1,9.8,75.0,74.9,6.5,6.1,78.3,68.9,1021.9,1021.9,-6.13,351.63,-0.01,29.3661,13.3509,496.8,60.6,1494.792, NAN, NAN, NAN, NAN,,2024/04/17 05:24:48.986,2024-04-17 05:24:48.986000+00:00
2024/04/17, 05:25:48.986,36.057,-75.085, NAN,59.74,60.08,7.35,15.3,15.3,1019.7,1019.8,0.0,0.0,85.1,78.5,14,9,10.1,9.8,74.8,74.8,6.5,6.1,82.3,74.8,1021.8,1021.9,-6.11,351.61,-0.01,29.3923,13.3421,497.4,60.6,1494.794, NAN, NAN, NAN, NAN,,2024/04/17 05:25:48.986,2024-04-17 05:25:48.986000+00:00
2024/04/17, 05:26:48.986,36.058,-75.082, NAN,59.85,61.06,7.34,15.3,15.3,1019.8,1019.8,0.0,0.0,85.1,78.5,14,9,10.0,9.6,74.6,74.6,6.4,5.9,81.4,73.9,1021.9,1021.9,-6.15,351.92,-0.01,29.4084,13.3158,495.8,60.6,1494.725, NAN, NAN, NAN, NAN,,2024/04/17 05:26:48.986,2024-04-17 05:26:48.986000+00:00
2024/04/17, 05:27:48.986,36.059,-75.08, NAN,59.41,63.44,7.12,15.3,15.3,1019.8,1019.8,0.0,0.0,85.1,78.5,16,10,10.1,9.8,74.3,74.3,6.6,6.2,82.9,73.8,1021.9,1021.9,-6.02,352.11,-0.01,29.4177,13.2773,495.6,60.6,1494.606, NAN, NAN, NAN, NAN,,2024/04/17 05:27:48.986,2024-04-17 05:27:48.986000+00:00
2024/04/17, 05:28:48.986,36.06,-75.078, NAN,59.96,62.98,7.34,15.4,15.4,1019.7,1019.8,0.0,0.0,85.1,78.5,16,10,10.2,9.8,74.1,74.1,6.6,6.1,83.2,74.2,1021.8,1021.9,-6.11,352.44,-0.01,29.4361,13.2417,495.8,60.5,1494.508, NAN, NAN, NAN, NAN,,2024/04/17 05:28:48.986,2024-04-17 05:28:48.986000+00:00
2024/04/17, 05:29:48.986,36.061,-75.076, NAN,59.95,61.49,7.39,15.4,15.5,1019.7,1019.8,0.0,0.0,85.1,78.5,15,10,10.3,9.8,74.1,73.8,6.7,6.1,83.0,75.7,1021.8,1021.9,-5.96,351.78,-0.01,29.461,13.2218,495.8,60.6,1494.471, NAN, NAN, NAN, NAN,,2024/04/17 05:29:48.986,2024-04-17 05:29:48.986000+00:00
2024/04/17, 05:30:48.986,36.062,-75.074, NAN,58.96,56.48,7.21,15.5,15.5,1019.8,1019.8,0.0,0.0,85.1,78.5,15,10,10.3,10.0,73.6,73.6,6.8,6.4,81.7,74.3,1021.9,1021.9,-5.88,351.95,-0.01,29.4758,13.2059,498.4,60.5,1494.435, NAN, NAN, NAN, NAN,,2024/04/17 05:30:48.986,2024-04-17 05:30:48.986000+00:00
2024/04/17, 05:31:48.986,36.063,-75.072, NAN,60.29,60.53,6.97,15.5,15.5,1019.5,1019.7,0.0,0.0,85.1,78.5,15,9,10.2,9.8,73.5,73.5,6.8,6.3,82.1,73.3,1021.6,1021.8,-6.02,352.13,-0.01,29.4898,13.1912,497.1,60.5,1494.402, NAN, NAN, NAN, NAN,,2024/04/17 05:31:48.986,2024-04-17 05:31:48.986000+00:00
2024/04/17, 05:32:48.986,36.064,-75.07, NAN,59.61,60.29,6.98,15.5,15.6,1019.8,1019.6,0.0,0.0,85.1,78.5,15,9,10.0,9.8,73.5,73.4,6.5,6.2,81.5,72.4,1021.9,1021.7,-6.0,352.11,-0.01,29.5103,13.1849,498.0,60.5,1494.405, NAN, NAN, NAN, NAN,,2024/04/17 05:32:48.986,2024-04-17 05:32:48.986000+00:00
2024/04/17, 05:33:48.986,36.065,-75.067, NAN,59.13,64.02,7.18,15.5,15.6,1019.6,1019.6,0.0,0.0,85.1,78.5,15,10,10.1,9.6,73.8,73.8,6.5,6.0,81.2,73.8,1021.7,1021.7,-5.97,352.32,-0.02,29.5318,13.1696,496.4,60.5,1494.379, NAN, NAN, NAN, NAN,,2024/04/17 05:33:48.986,2024-04-17 05:33:48.986000+00:00
2024/04/17, 05:34:48.986,36.066,-75.065, NAN,59.9,57.02,7.04,15.5,15.5,1019.7,1019.8,0.0,0.0,85.1,78.5,14,8,10.1,9.8,74.0,74.0,6.6,6.2,81.5,72.5,1021.8,1021.9,-6.09,351.87,-0.01,29.558,13.1411,497.7,60.6,1494.313, NAN, NAN, NAN, NAN,,2024/04/17 05:34:48.986,2024-04-17 05:34:48.986000+00:00
2024/04/17, 05:35:48.986,36.067,-75.063, NAN,60.09,62.43,6.83,15.5,15.5,1019.7,1019.6,0.0,0.0,85.1,78.5,15,9,10.0,9.7,74.0,73.9,6.7,6.2,82.6,73.7,1021.8,1021.7,-6.06,352.05,-0.01,29.5808,13.1484,497.1,60.4,1494.365, NAN, NAN, NAN, NAN,,2024/04/17 05:35:48.986,2024-04-17 05:35:48.986000+00:00
2024/04/17, 05:36:48.987,36.068,-75.061, NAN,59.68,55.77,7.14,15.5,15.5,1019.5,1019.6,0.0,0.0,85.1,78.5,14,9,10.2,9.8,73.9,73.9,6.7,6.2,82.0,74.8,1021.6,1021.7,-6.09,352.21,-0.01,29.6095,13.1519,499.8,60.4,1494.411, NAN, NAN, NAN, NAN,,2024/04/17 05:36:48.987,2024-04-17 05:36:48.987000+00:00
2024/04/17, 05:37:48.987,36.068,-75.059, NAN,59.49,58.72,7.09,15.5,15.6,1019.7,1019.7,0.0,0.0,85.1,78.5,15,10,10.3,9.8,73.9,73.9,6.8,6.2,82.5,75.4,1021.8,1021.8,-6.03,351.64,-0.01,29.6701,13.1526,497.7,60.4,1494.484, NAN, NAN, NAN, NAN,,2024/04/17 05:37:48.987,2024-04-17 05:37:48.987000+00:00
2024/04/17, 05:38:48.987,36.069,-75.057, NAN,59.63,58.19,7.04,15.5,15.6,1019.7,1019.7,0.0,0.0,85.1,78.5,15,10,10.4,9.9,74.0,74.0,7.0,6.4,82.7,75.7,1021.8,1021.8,-5.98,351.61,-0.01,29.7148,13.1422,496.4,60.4,1494.502, NAN, NAN, NAN, NAN,,2024/04/17 05:38:48.987,2024-04-17 05:38:48.987000+00:00
2024/04/17, 05:39:48.987,36.07,-75.055, NAN,59.99,62.95,7.26,15.5,15.6,1019.5,1019.6,0.0,0.0,85.1,78.5,16,11,10.3,10.0,74.0,74.0,6.7,6.3,83.8,76.4,1021.6,1021.7,-6.13,352.12,-0.01,29.7442,13.1562,495.6,60.3,1494.584, NAN, NAN, NAN, NAN,,2024/04/17 05:39:48.987,2024-04-17 05:39:48.987000+00:00
2024/04/17, 05:40:48.987,36.071,-75.053, NAN,59.44,60.02,7.19,15.5,15.6,1019.7,1019.6,0.0,0.0,85.1,78.5,16,10,10.4,9.9,74.0,74.0,6.9,6.3,83.6,74.9,1021.8,1021.7,-6.15,352.46,-0.01,29.7643,13.159,494.7,60.4,1494.617, NAN, NAN, NAN, NAN,,2024/04/17 05:40:48.987,2024-04-17 05:40:48.987000+00:00
2024/04/17, 05:41:48.987,36.072,-75.05, NAN,60.02,59.02,7.27,15.6,15.6,1019.5,1019.6,0.0,0.0,85.1,78.5,16,11,10.6,10.2,73.9,73.9,7.1,6.6,84.2,77.0,1021.6,1021.7,-6.06,352.08,-0.01,29.7941,13.156,494.0,60.3,1494.642, NAN, NAN, NAN, NAN,,2024/04/17 05:41:48.987,2024-04-17 05:41:48.987000+00:00
2024/04/17, 05:42:48.987,36.073,-75.048, NAN,59.71,58.56,7.07,15.6,15.6,1019.5,1019.6,0.0,0.0,85.1,78.5,16,10,10.6,10.0,74.0,74.1,7.2,6.5,83.7,75.3,1021.6,1021.7,-6.08,351.98,-0.01,29.8267,13.157,492.4,60.3,1494.684, NAN, NAN, NAN, NAN,,2024/04/17 05:42:48.987,2024-04-17 05:42:48.987000+00:00
2024/04/17, 05:43:48.987,36.074,-75.046, NAN,59.31,60.98,7.29,15.6,15.6,1019.5,1019.5,0.0,0.0,85.1,78.5,16,11,10.6,10.2,74.1,74.2,7.0,6.5,83.2,76.0,1021.6,1021.6,-6.02,352.57,-0.01,29.8483,13.1522,490.7,60.4,1494.693, NAN, NAN, NAN, NAN,,2024/04/17 05:43:48.987,2024-04-17 05:43:48.987000+00:00
2024/04/17, 05:44:48.987,36.075,-75.044, NAN,60.35,59.43,7.45,15.6,15.6,1019.5,1019.5,0.0,0.0,85.1,78.5,16,11,10.8,10.3,74.0,74.1,7.2,6.6,85.5,78.6,1021.6,1021.6,-6.06,352.23,-0.01,29.8776,13.142,489.1,60.5,1494.694, NAN, NAN, NAN, NAN,,2024/04/17 05:44:48.987,2024-04-17 05:44:48.987000+00:00
2024/04/17, 05:45:48.987,36.076,-75.042, NAN,59.55,65.23,6.03,15.6,15.6,1019.5,1019.5,0.0,0.0,85.1,78.5,18,12,10.3,9.9,73.9,73.9,7.4,6.9,84.0,75.8,1021.6,1021.6,-6.09,352.32,-0.01,29.9012,13.1214,488.3,60.5,1494.652, NAN, NAN, NAN, NAN,,2024/04/17 05:45:48.987,2024-04-17 05:45:48.987000+00:00
2024/04/17, 05:46:48.987,36.077,-75.04, NAN,60.16,56.55,5.23,15.6,15.6,1019.5,1019.5,0.0,0.0,85.1,78.5,19,14,9.7,9.5,73.6,73.7,7.2,6.9,86.4,79.8,1021.6,1021.6,-6.03,352.36,-0.01,29.9289,13.0992,486.4,60.4,1494.61, NAN, NAN, NAN, NAN,,2024/04/17 05:46:48.987,2024-04-17 05:46:48.987000+00:00
2024/04/17, 05:47:48.987,36.078,-75.039, NAN,60.17,58.19,5.15,15.6,15.6,1019.5,1019.4,0.0,0.0,85.1,78.5,19,13,9.6,9.1,73.7,73.7,7.2,6.6,86.9,79.4,1021.6,1021.5,-6.09,352.21,-0.01,29.9529,13.0815,486.4,60.3,1494.579, NAN, NAN, NAN, NAN,,2024/04/17 05:47:48.987,2024-04-17 05:47:48.987000+00:00
2024/04/17, 05:48:48.987,36.078,-75.037, NAN,60.06,58.23,5.04,15.7,15.7,1019.5,1019.5,0.0,0.0,85.1,78.5,19,13,9.4,8.9,73.7,73.7,7.0,6.4,85.6,77.8,1021.6,1021.6,-6.16,352.12,-0.01,29.9712,13.0612,486.0,60.3,1494.532, NAN, NAN, NAN, NAN,,2024/04/17 05:48:48.987,2024-04-17 05:48:48.987000+00:00
2024/04/17, 05:49:48.987,36.079,-75.036, NAN,59.82,57.45,4.88,15.7,15.7,1019.5,1019.5,0.0,0.0,85.1,78.5,18,13,9.2,9.0,73.8,73.8,6.9,6.6,84.5,77.9,1021.6,1021.6,-6.14,352.52,-0.01,30.0005,13.0443,485.2,60.4,1494.51, NAN, NAN, NAN, NAN,,2024/04/17 05:49:48.987,2024-04-17 05:49:48.987000+00:00
2024/04/17, 05:50:48.987,36.08,-75.035, NAN,59.77,56.62,4.82,15.7,15.7,1019.4,1019.5,0.0,0.0,85.1,78.5,19,14,9.2,8.9,73.8,73.8,6.9,6.5,86.0,79.6,1021.5,1021.6,-6.11,352.82,-0.01,30.0172,13.0288,482.7,60.4,1494.477, NAN, NAN, NAN, NAN,,2024/04/17 05:50:48.987,2024-04-17 05:50:48.987000+00:00
2024/04/17, 05:51:48.987,36.08,-75.033, NAN,59.46,57.73,4.78,15.7,15.7,1019.5,1019.4,0.0,0.0,85.1,78.5,18,13,9.1,8.7,73.8,73.8,6.8,6.3,84.1,77.8,1021.6,1021.5,-6.07,352.96,-0.01,30.0308,13.0191,484.3,60.5,1494.46, NAN, NAN, NAN, NAN,,2024/04/17 05:51:48.987,2024-04-17 05:51:48.987000+00:00
2024/04/17, 05:52:48.988,36.081,-75.032, NAN,59.93,65.4,4.69,15.7,15.7,1019.4,1019.4,0.0,0.0,85.1,78.5,18,13,9.0,8.7,73.7,73.7,6.7,6.3,83.5,76.9,1021.5,1021.5,-6.17,352.2,-0.01,30.0437,13.02,485.6,60.4,1494.479, NAN, NAN, NAN, NAN,,2024/04/17 05:52:48.988,2024-04-17 05:52:48.988000+00:00
2024/04/17, 05:53:48.988,36.082,-75.03, NAN,59.83,55.99,4.74,15.7,15.7,1019.4,1019.5,0.0,0.0,85.1,78.5,18,13,8.9,8.8,73.9,73.8,6.6,6.5,84.4,77.8,1021.5,1021.6,-6.19,352.32,-0.01,30.0513,13.0264,484.6,60.6,1494.509, NAN, NAN, NAN, NAN,,2024/04/17 05:53:48.988,2024-04-17 05:53:48.988000+00:00
2024/04/17, 05:54:48.988,36.082,-75.029, NAN,59.91,58.06,4.76,15.7,15.7,1019.5,1019.4,0.0,0.0,85.1,78.5,16,11,8.8,8.5,73.9,73.9,6.5,6.1,81.2,74.6,1021.6,1021.5,-6.14,352.39,-0.01,30.0578,13.0193,484.0,60.4,1494.493, NAN, NAN, NAN, NAN,,2024/04/17 05:54:48.988,2024-04-17 05:54:48.988000+00:00
2024/04/17, 05:55:48.988,36.083,-75.027, NAN,60.14,52.68,4.61,15.6,15.7,1019.5,1019.5,0.0,0.0,85.1,78.5,17,11,8.8,8.5,74.0,74.0,6.6,6.2,83.6,75.8,1021.6,1021.6,-6.21,352.2,-0.01,30.0702,13.0041,483.6,60.4,1494.456, NAN, NAN, NAN, NAN,,2024/04/17 05:55:48.988,2024-04-17 05:55:48.988000+00:00
2024/04/17, 05:56:48.988,36.084,-75.026, NAN,60.09,67.12,4.78,15.6,15.6,1019.4,1019.4,0.0,0.0,85.1,78.5,17,11,9.1,8.6,74.2,74.2,6.8,6.2,82.7,74.8,1021.5,1021.5,-6.22,351.91,-0.01,30.0808,12.9911,481.9,60.4,1494.425, NAN, NAN, NAN, NAN,,2024/04/17 05:56:48.988,2024-04-17 05:56:48.988000+00:00
2024/04/17, 05:57:48.988,36.084,-75.025, NAN,59.49,57.75,4.65,15.6,15.6,1019.5,1019.5,0.0,0.0,85.1,78.5,16,12,8.8,8.6,74.5,74.5,6.6,6.3,81.9,76.7,1021.6,1021.6,-6.24,352.44,-0.01,30.0882,12.9782,481.9,60.4,1494.39, NAN, NAN, NAN, NAN,,2024/04/17 05:57:48.988,2024-04-17 05:57:48.988000+00:00
2024/04/17, 05:58:48.988,36.085,-75.023, NAN,59.84,54.85,4.79,15.5,15.5,1019.4,1019.5,0.0,0.0,85.1,78.5,17,12,9.0,8.7,74.6,74.7,6.7,6.3,83.8,77.4,1021.5,1021.6,-6.27,352.36,-0.02,30.1011,12.9778,481.6,60.4,1494.404, NAN, NAN, NAN, NAN,,2024/04/17 05:58:48.988,2024-04-17 05:58:48.988000+00:00
2024/04/17, 05:59:48.988,36.086,-75.022, NAN,59.38,60.34,4.66,15.5,15.6,1019.5,1019.5,0.0,0.0,85.1,78.5,17,11,9.0,8.6,74.7,74.7,6.7,6.3,82.3,74.6,1021.6,1021.6,-6.26,352.9,-0.02,30.1142,12.9817,480.3,60.4,1494.433, NAN, NAN, NAN, NAN,,2024/04/17 05:59:48.988,2024-04-17 05:59:48.988000+00:00
2024/04/17, 06:00:48.988,36.086,-75.02, NAN,59.15,61.48,4.56,15.6,15.6,1019.4,1019.4,0.0,0.0,85.1,78.5,17,11,9.1,8.8,74.6,74.7,6.9,6.5,81.6,73.8,1021.5,1021.5,-6.26,352.65,-0.01,30.1298,12.976,479.3,60.5,1494.432, NAN, NAN, NAN, NAN,,2024/04/17 06:00:48.988,2024-04-17 06:00:48.988000+00:00
2024/04/17, 06:01:48.988,36.087,-75.019, NAN,59.08,55.46,4.9,15.6,15.6,1019.4,1019.3,0.0,0.0,85.1,78.5,18,12,9.3,8.8,74.6,74.6,7.0,6.4,84.4,76.8,1021.5,1021.4,-6.18,352.68,-0.01,30.1595,12.9781,478.2,60.4,1494.474, NAN, NAN, NAN, NAN,,2024/04/17 06:01:48.988,2024-04-17 06:01:48.988000+00:00
2024/04/17, 06:02:48.988,36.088,-75.018, NAN,59.71,65.24,4.85,15.6,15.6,1019.4,1019.5,0.0,0.0,85.1,78.5,18,13,9.2,9.0,74.6,74.7,6.8,6.6,83.1,76.4,1021.5,1021.6,-6.31,352.56,-0.01,30.1812,12.9832,477.9,60.4,1494.517, NAN, NAN, NAN, NAN,,2024/04/17 06:02:48.988,2024-04-17 06:02:48.988000+00:00
2024/04/17, 06:03:48.988,36.088,-75.016, NAN,58.93,55.86,4.78,15.6,15.6,1019.4,1019.4,0.0,0.0,85.1,78.5,18,13,9.0,8.6,74.6,74.7,6.7,6.2,83.5,77.1,1021.5,1021.5,-6.21,352.58,-0.01,30.2009,12.9785,476.3,60.4,1494.524, NAN, NAN, NAN, NAN,,2024/04/17 06:03:48.988,2024-04-17 06:03:48.988000+00:00
2024/04/17, 06:04:48.988,36.089,-75.015, NAN,60.07,57.82,4.89,15.6,15.6,1019.4,1019.3,0.0,0.0,85.1,78.5,17,12,9.1,8.5,74.6,74.7,6.7,6.1,83.5,77.2,1021.5,1021.4,-6.23,352.62,-0.01,30.2155,12.9691,475.5,60.4,1494.51, NAN, NAN, NAN, NAN,,2024/04/17 06:04:48.988,2024-04-17 06:04:48.988000+00:00
2024/04/17, 06:05:48.988,36.09,-75.013, NAN,59.18,61.08,4.79,15.6,15.6,1019.4,1019.4,0.0,0.0,85.1,78.5,18,12,9.1,8.6,74.8,74.8,6.8,6.2,83.4,75.7,1021.5,1021.5,-6.27,351.76,-0.01,30.2301,12.9617,472.6,60.3,1494.502, NAN, NAN, NAN, NAN,,2024/04/17 06:05:48.988,2024-04-17 06:05:48.988000+00:00
2024/04/17, 06:06:48.988,36.09,-75.012, NAN,59.93,56.43,5.0,15.5,15.6,1019.3,1019.3,0.0,0.0,85.1,78.5,18,13,9.2,8.6,74.9,74.9,6.8,6.1,85.1,78.8,1021.4,1021.4,-6.24,351.85,-0.01,30.2442,12.9559,474.2,59.8,1494.499, NAN, NAN, NAN, NAN,,2024/04/17 06:06:48.988,2024-04-17 06:06:48.988000+00:00
2024/04/17, 06:07:48.988,36.091,-75.01, NAN,60.14,66.18,4.89,15.5,15.5,1019.4,1019.4,0.0,0.0,85.1,78.5,19,13,9.1,8.8,75.1,75.1,6.7,6.4,85.6,77.6,1021.5,1021.5,-6.3,352.19,-0.01,30.2493,12.9443,474.2,60.0,1494.466, NAN, NAN, NAN, NAN,,2024/04/17 06:07:48.988,2024-04-17 06:07:48.988000+00:00
2024/04/17, 06:08:48.988,36.092,-75.009, NAN,59.65,62.13,4.96,15.5,15.5,1019.4,1019.4,0.0,0.0,85.1,78.5,19,13,9.0,8.7,75.3,75.1,6.6,6.2,85.6,77.7,1021.5,1021.5,-6.3,352.75,-0.01,30.2543,12.9311,474.2,60.1,1494.427, NAN, NAN, NAN, NAN,,2024/04/17 06:08:48.988,2024-04-17 06:08:48.988000+00:00
2024/04/17, 06:09:48.989,36.092,-75.008, NAN,59.46,57.22,4.61,15.5,15.5,1019.4,1019.4,0.0,0.0,85.1,78.5,19,14,8.9,8.7,75.3,75.3,6.7,6.4,85.5,79.1,1021.5,1021.5,-6.29,352.67,-0.01,30.2538,12.9211,473.9,60.2,1494.393, NAN, NAN, NAN, NAN,,2024/04/17 06:09:48.989,2024-04-17 06:09:48.989000+00:00
2024/04/17, 06:10:48.989,36.093,-75.006, NAN,59.78,58.44,4.76,15.5,15.5,1019.4,1019.3,0.0,0.0,85.1,78.5,20,15,9.0,8.6,75.3,75.3,6.8,6.3,87.2,80.9,1021.5,1021.4,-6.2,351.73,-0.01,30.2522,12.9088,474.2,60.3,1494.349, NAN, NAN, NAN, NAN,,2024/04/17 06:10:48.989,2024-04-17 06:10:48.989000+00:00
2024/04/17, 06:11:48.989,36.094,-75.005, NAN,59.48,64.04,4.78,15.5,15.5,1019.3,1019.3,0.0,0.0,85.1,78.5,20,15,9.2,8.7,75.5,75.5,6.9,6.3,85.9,79.6,1021.4,1021.4,-6.27,352.94,-0.01,30.2537,12.9036,474.8,60.2,1494.334, NAN, NAN, NAN, NAN,,2024/04/17 06:11:48.989,2024-04-17 06:11:48.989000+00:00
2024/04/17, 06:12:48.989,36.094,-75.003, NAN,60.07,58.3,5.09,15.5,15.5,1019.3,1019.3,0.0,0.0,85.1,78.5,21,16,9.3,8.8,75.2,75.4,6.9,6.3,89.0,82.8,1021.4,1021.4,-6.24,352.92,-0.01,30.2611,12.8993,474.2,60.2,1494.328, NAN, NAN, NAN, NAN,,2024/04/17 06:12:48.989,2024-04-17 06:12:48.989000+00:00
2024/04/17, 06:13:48.989,36.095,-75.002, NAN,59.73,60.29,4.8,15.6,15.6,1019.3,1019.3,0.0,0.0,85.1,78.5,20,15,8.9,8.8,75.2,75.2,6.6,6.4,87.0,80.4,1021.4,1021.4,-6.2,352.48,-0.01,30.259,12.8868,475.2,60.3,1494.283, NAN, NAN, NAN, NAN,,2024/04/17 06:13:48.989,2024-04-17 06:13:48.989000+00:00
2024/04/17, 06:14:48.989,36.096,-75.0, NAN,59.91,62.08,4.79,15.6,15.6,1019.1,1019.1,0.0,0.0,85.1,78.5,21,16,9.2,8.9,75.2,75.2,6.9,6.6,88.0,81.6,1021.2,1021.2,-6.23,352.3,-0.01,30.2659,12.8856,473.9,60.3,1494.287, NAN, NAN, NAN, NAN,,2024/04/17 06:14:48.989,2024-04-17 06:14:48.989000+00:00
2024/04/17, 06:15:48.989,36.096,-74.999, NAN,59.46,65.19,4.78,15.6,15.6,1019.2,1019.1,0.0,0.0,85.1,78.5,21,16,9.2,8.9,75.3,75.2,6.9,6.5,86.8,80.4,1021.3,1021.2,-6.25,351.99,-0.01,30.273,12.8799,473.6,60.4,1494.276, NAN, NAN, NAN, NAN,,2024/04/17 06:15:48.989,2024-04-17 06:15:48.989000+00:00
2024/04/17, 06:16:48.989,36.097,-74.997, NAN,59.34,61.27,4.8,15.6,15.6,1019.1,1019.1,0.0,0.0,85.1,78.5,21,16,9.2,8.9,75.4,75.3,7.0,6.6,87.8,81.5,1021.2,1021.2,-6.18,351.96,-0.01,30.2811,12.8775,472.4,60.4,1494.278, NAN, NAN, NAN, NAN,,2024/04/17 06:16:48.989,2024-04-17 06:16:48.989000+00:00
2024/04/17, 06:17:48.989,36.098,-74.996, NAN,59.91,58.3,4.86,15.5,15.6,1019.0,1019.1,0.0,0.0,85.1,78.5,21,16,9.2,8.7,75.6,75.6,6.9,6.3,88.3,82.1,1021.1,1021.2,-6.23,352.15,-0.01,30.2824,12.8738,472.6,60.4,1494.267, NAN, NAN, NAN, NAN,,2024/04/17 06:17:48.989,2024-04-17 06:17:48.989000+00:00
2024/04/17, 06:18:48.989,36.098,-74.995, NAN,59.8,53.63,4.85,15.5,15.5,1019.2,1019.2,0.0,0.0,85.1,78.5,20,16,9.1,8.6,75.8,75.8,6.9,6.3,87.7,82.9,1021.3,1021.3,-6.2,352.84,-0.01,30.277,12.8705,474.2,60.9,1494.249, NAN, NAN, NAN, NAN,,2024/04/17 06:18:48.989,2024-04-17 06:18:48.989000+00:00
2024/04/17, 06:19:48.989,36.099,-74.993, NAN,60.13,59.94,4.51,15.5,15.5,1019.1,1019.1,0.0,0.0,85.1,78.5,21,15,8.7,8.6,75.9,75.8,6.5,6.4,87.6,79.7,1021.2,1021.2,-6.27,352.51,-0.01,30.275,12.8676,474.5,60.3,1494.237, NAN, NAN, NAN, NAN,,2024/04/17 06:19:48.989,2024-04-17 06:19:48.989000+00:00
2024/04/17, 06:20:48.989,36.099,-74.992, NAN,59.91,65.95,4.73,15.5,15.5,1019.1,1019.1,0.0,0.0,85.1,78.5,21,16,9.0,8.4,76.0,75.9,6.7,6.0,87.1,80.8,1021.2,1021.2,-6.22,352.53,-0.01,30.2733,12.8634,473.9,60.2,1494.221, NAN, NAN, NAN, NAN,,2024/04/17 06:20:48.989,2024-04-17 06:20:48.989000+00:00
2024/04/17, 06:21:48.989,36.1,-74.99, NAN,59.9,62.55,4.78,15.5,15.5,1019.1,1019.1,0.0,0.0,85.1,78.5,20,16,9.1,8.7,75.9,75.9,6.8,6.3,86.4,81.3,1021.2,1021.2,-6.27,353.25,-0.01,30.2772,12.8606,475.2,60.3,1494.216, NAN, NAN, NAN, NAN,,2024/04/17 06:21:48.989,2024-04-17 06:21:48.989000+00:00
2024/04/17, 06:22:48.989,36.101,-74.989, NAN,59.85,59.11,4.61,15.6,15.6,1019.1,1019.1,0.0,0.0,85.1,78.5,21,16,9.2,8.8,75.7,75.7,7.0,6.5,87.2,80.9,1021.2,1021.2,-6.25,353.43,-0.01,30.2785,12.8602,473.9,60.3,1494.216, NAN, NAN, NAN, NAN,,2024/04/17 06:22:48.989,2024-04-17 06:22:48.989000+00:00
2024/04/17, 06:23:48.989,36.101,-74.987, NAN,60.43,63.72,5.08,15.6,15.6,1019.1,1019.0,0.0,0.0,85.1,78.5,21,16,9.2,8.8,75.7,75.5,6.8,6.3,88.1,81.6,1021.2,1021.1,-6.21,353.37,-0.01,30.28,12.8615,474.5,60.3,1494.222, NAN, NAN, NAN, NAN,,2024/04/17 06:23:48.989,2024-04-17 06:23:48.989000+00:00
2024/04/17, 06:24:48.990,36.102,-74.986, NAN,59.64,60.47,4.83,15.7,15.7,1019.3,1019.3,0.0,0.0,85.1,78.5,20,16,9.4,8.9,75.3,75.3,7.1,6.5,86.4,81.5,1021.4,1021.4,-6.05,353.6,-0.01,30.2827,12.8615,474.5,60.2,1494.225, NAN, NAN, NAN, NAN,,2024/04/17 06:24:48.990,2024-04-17 06:24:48.990000+00:00
2024/04/17, 06:25:48.990,36.103,-74.984, NAN,59.85,64.06,4.8,15.7,15.7,1019.1,1019.1,0.0,0.0,85.1,78.5,20,16,9.2,8.8,75.3,75.3,6.9,6.5,86.9,81.9,1021.2,1021.2,-6.11,353.02,-0.0,30.2864,12.854,473.9,60.2,1494.204, NAN, NAN, NAN, NAN,,2024/04/17 06:25:48.990,2024-04-17 06:25:48.990000+00:00
2024/04/17, 06:26:48.990,36.103,-74.983, NAN,60.33,60.06,4.95,15.7,15.7,1019.0,1019.1,0.0,0.0,85.1,78.5,21,16,9.2,8.9,75.5,75.4,6.8,6.5,88.3,81.8,1021.1,1021.2,-6.06,353.38,-0.01,30.2956,12.839,473.2,60.2,1494.164, NAN, NAN, NAN, NAN,,2024/04/17 06:26:48.990,2024-04-17 06:26:48.990000+00:00
2024/04/17, 06:27:48.990,36.104,-74.981, NAN,59.68,62.46,5.05,15.7,15.7,1019.1,1019.1,0.0,0.0,85.1,78.5,22,17,9.1,9.0,75.5,75.5,6.7,6.5,89.2,82.5,1021.2,1021.2,-6.07,354.13,-0.01,30.3062,12.8262,472.1,60.4,1494.134, NAN, NAN, NAN, NAN,,2024/04/17 06:27:48.990,2024-04-17 06:27:48.990000+00:00
2024/04/17, 06:28:48.990,36.104,-74.98, NAN,60.13,59.53,4.86,15.8,15.8,1019.2,1019.1,0.0,0.0,85.1,78.5,23,18,9.2,8.8,75.2,75.2,6.9,6.4,90.1,83.7,1021.3,1021.2,-6.1,353.98,-0.01,30.3143,12.8267,472.9,60.4,1494.145, NAN, NAN, NAN, NAN,,2024/04/17 06:28:48.990,2024-04-17 06:28:48.990000+00:00
2024/04/17, 06:29:48.990,36.105,-74.978, NAN,60.27,57.2,4.87,15.8,15.9,1019.0,1019.1,0.0,0.0,85.1,78.5,23,18,9.3,9.1,74.9,74.9,7.1,6.8,91.6,85.2,1021.1,1021.2,-6.09,354.06,-0.0,30.3221,12.8282,473.9,60.4,1494.159, NAN, NAN, NAN, NAN,,2024/04/17 06:29:48.990,2024-04-17 06:29:48.990000+00:00
2024/04/17, 06:30:48.990,36.106,-74.977, NAN,59.95,51.74,4.63,15.9,15.9,1019.0,1019.0,0.0,0.0,85.1,78.5,24,19,9.4,9.0,74.7,74.6,7.4,6.9,92.4,86.5,1021.1,1021.1,-6.05,354.05,-0.01,30.3335,12.8325,474.2,60.4,1494.187, NAN, NAN, NAN, NAN,,2024/04/17 06:30:48.990,2024-04-17 06:30:48.990000+00:00
2024/04/17, 06:31:48.990,36.106,-74.976, NAN,59.35,60.05,4.8,16.0,16.0,1018.9,1018.9,0.0,0.0,85.1,78.5,24,20,8.8,9.1,74.3,74.3,6.6,6.8,91.7,86.1,1021.0,1021.0,-5.99,353.91,-0.01,30.3397,12.8205,473.6,60.3,1494.154, NAN, NAN, NAN, NAN,,2024/04/17 06:31:48.990,2024-04-17 06:31:48.990000+00:00
2024/04/17, 06:32:48.990,36.107,-74.974, NAN,60.04,67.75,5.01,16.0,16.0,1018.9,1019.0,0.0,0.0,85.1,78.5,25,21,9.6,9.3,74.3,74.1,7.3,6.9,92.5,87.5,1021.0,1021.1,-6.04,354.42,-0.01,30.3507,12.7989,471.2,60.3,1494.094, NAN, NAN, NAN, NAN,,2024/04/17 06:32:48.990,2024-04-17 06:32:48.990000+00:00
2024/04/17, 06:33:48.990,36.108,-74.973, NAN,59.83,63.76,4.66,16.0,16.0,1019.0,1019.0,0.0,0.0,85.1,78.5,27,22,9.4,9.2,74.4,74.3,7.2,6.9,93.1,86.7,1021.1,1021.1,-6.0,354.31,-0.01,30.3586,12.7833,469.9,60.4,1494.05, NAN, NAN, NAN, NAN,,2024/04/17 06:33:48.990,2024-04-17 06:33:48.990000+00:00
2024/04/17, 06:34:48.990,36.108,-74.971, NAN,59.64,58.77,4.85,16.1,16.1,1018.8,1018.9,0.0,0.0,85.1,78.5,27,22,9.5,9.4,74.3,74.2,7.3,7.1,94.8,88.4,1020.9,1021.0,-5.89,354.29,-0.01,30.3588,12.775,472.1,60.2,1494.022, NAN, NAN, NAN, NAN,,2024/04/17 06:34:48.990,2024-04-17 06:34:48.990000+00:00
2024/04/17, 06:35:48.990,36.109,-74.97, NAN,59.03,66.0,4.81,16.1,16.2,1018.9,1018.9,0.0,0.0,85.1,78.5,27,22,9.3,9.3,74.3,74.2,7.0,7.0,93.2,86.6,1021.0,1021.0,-5.81,353.82,-0.0,30.3557,12.7727,470.2,60.2,1494.011, NAN, NAN, NAN, NAN,,2024/04/17 06:35:48.990,2024-04-17 06:35:48.990000+00:00
2024/04/17, 06:36:48.990,36.11,-74.968, NAN,60.37,64.52,4.82,16.1,16.1,1018.9,1018.9,0.0,0.0,85.1,78.5,27,22,9.5,9.2,74.0,73.9,7.3,6.9,95.4,89.2,1021.0,1021.0,-5.92,354.06,-0.01,30.3502,12.7869,473.6,60.2,1494.053, NAN, NAN, NAN, NAN,,2024/04/17 06:36:48.990,2024-04-17 06:36:48.990000+00:00
2024/04/17, 06:37:48.990,36.11,-74.967, NAN,59.67,54.81,4.73,16.1,16.1,1018.8,1018.9,0.0,0.0,85.1,78.5,27,22,9.6,9.2,74.5,74.3,7.5,7.0,95.4,89.4,1020.9,1021.0,-5.99,353.72,-0.01,30.3544,12.7956,471.5,59.8,1494.087, NAN, NAN, NAN, NAN,,2024/04/17 06:37:48.990,2024-04-17 06:37:48.990000+00:00
2024/04/17, 06:38:48.990,36.111,-74.965, NAN,59.95,58.76,5.57,16.1,16.1,1018.8,1018.8,0.0,0.0,85.1,78.5,26,20,9.8,9.4,74.3,74.3,7.3,6.7,94.9,87.2,1020.9,1020.9,-6.06,354.03,-0.01,30.3668,12.7923,471.2,59.9,1494.09, NAN, NAN, NAN, NAN,,2024/04/17 06:38:48.990,2024-04-17 06:38:48.990000+00:00
2024/04/17, 06:39:48.990,36.112,-74.963, NAN,60.35,62.88,6.3,16.1,16.2,1018.9,1018.9,0.0,0.0,85.1,78.5,25,20,9.9,9.7,74.3,74.3,7.0,6.7,95.1,88.2,1021.0,1021.0,-6.08,353.52,-0.01,30.3839,12.7732,469.6,60.0,1494.046, NAN, NAN, NAN, NAN,,2024/04/17 06:39:48.990,2024-04-17 06:39:48.990000+00:00
2024/04/17, 06:40:48.990,36.112,-74.962, NAN,59.29,58.88,5.98,16.1,16.1,1019.0,1019.0,0.0,0.0,85.1,78.5,24,19,9.8,9.7,74.8,74.6,7.1,6.9,93.4,86.6,1021.1,1021.1,-6.03,352.93,-0.01,30.3897,12.7797,469.9,60.0,1494.075, NAN, NAN, NAN, NAN,,2024/04/17 06:40:48.990,2024-04-17 06:40:48.990000+00:00
2024/04/17, 06:41:48.991,36.113,-74.96, NAN,59.47,64.32,6.24,16.0,16.1,1019.0,1019.0,0.0,0.0,85.1,78.5,25,20,10.0,9.7,75.0,75.0,7.1,6.7,93.4,86.7,1021.1,1021.1,-6.06,352.59,-0.01,30.3869,12.7836,470.8,60.0,1494.085, NAN, NAN, NAN, NAN,,2024/04/17 06:41:48.991,2024-04-17 06:41:48.991000+00:00
2024/04/17, 06:42:48.991,36.114,-74.958, NAN,59.78,62.13,6.47,15.9,16.0,1018.9,1018.9,0.0,0.0,85.1,78.5,22,18,10.0,9.7,75.3,75.2,6.9,6.5,90.0,84.5,1021.0,1021.0,-6.17,355.06,-0.01,30.3782,12.7803,471.5,60.0,1494.063, NAN, NAN, NAN, NAN,,2024/04/17 06:42:48.991,2024-04-17 06:42:48.991000+00:00
2024/04/17, 06:43:48.991,36.115,-74.956, NAN,60.33,58.53,6.64,16.0,16.0,1018.9,1018.9,0.0,0.0,85.1,78.5,25,19,9.7,9.4,77.8,77.6,6.8,6.3,97.6,89.5,1021.0,1021.0,-6.27,355.18,-0.01,30.3836,12.7713,470.8,60.1,1494.039, NAN, NAN, NAN, NAN,,2024/04/17 06:43:48.991,2024-04-17 06:43:48.991000+00:00
2024/04/17, 06:44:48.991,36.116,-74.954, NAN,59.99,62.3,6.73,16.3,16.2,1019.0,1019.0,0.0,0.0,85.1,78.5,23,19,9.6,9.2,76.4,76.7,6.5,6.0,94.1,88.8,1021.1,1021.1,-6.06,352.9,-0.01,30.4008,12.7646,469.9,60.2,1494.037, NAN, NAN, NAN, NAN,,2024/04/17 06:44:48.991,2024-04-17 06:44:48.991000+00:00
2024/04/17, 06:45:48.991,36.117,-74.952, NAN,59.78,66.57,6.57,16.2,16.3,1018.9,1019.0,0.0,0.0,85.1,78.5,26,21,10.4,10.1,74.1,74.2,7.3,6.9,95.3,88.5,1021.0,1021.1,-5.94,354.31,-0.01,30.4232,12.7552,469.9,60.1,1494.031, NAN, NAN, NAN, NAN,,2024/04/17 06:45:48.991,2024-04-17 06:45:48.991000+00:00
2024/04/17, 06:46:48.991,36.118,-74.95, NAN,59.44,60.5,6.58,16.2,16.2,1018.9,1018.8,0.0,0.0,85.1,78.5,25,20,9.5,9.6,75.0,75.0,6.5,6.4,95.8,88.3,1021.0,1020.9,-6.04,353.29,-0.01,30.4374,12.7454,469.4,60.0,1494.015, NAN, NAN, NAN, NAN,,2024/04/17 06:46:48.991,2024-04-17 06:46:48.991000+00:00
2024/04/17, 06:47:48.991,36.119,-74.948, NAN,59.55,53.07,6.76,16.1,16.2,1019.0,1018.8,0.0,0.0,85.1,78.5,25,20,9.4,9.1,74.9,74.8,6.5,6.0,98.2,91.5,1021.1,1020.9,-6.08,352.74,-0.01,30.448,12.7357,470.2,60.1,1493.995, NAN, NAN, NAN, NAN,,2024/04/17 06:47:48.991,2024-04-17 06:47:48.991000+00:00
2024/04/17, 06:48:48.991,36.119,-74.946, NAN,59.26,57.45,6.95,15.9,16.0,1018.8,1018.9,0.0,0.0,85.1,78.5,26,21,9.7,9.3,75.5,75.4,6.7,6.1,98.6,92.2,1020.9,1021.0,-6.26,352.76,-0.01,30.4567,12.7219,470.2,60.1,1493.958, NAN, NAN, NAN, NAN,,2024/04/17 06:48:48.991,2024-04-17 06:48:48.991000+00:00
2024/04/17, 06:49:48.991,36.12,-74.943, NAN,59.26,61.62,6.99,15.8,15.9,1019.0,1018.9,0.0,0.0,85.1,78.5,27,22,9.9,9.6,76.4,76.3,6.8,6.3,98.6,91.8,1021.1,1021.0,-6.25,352.54,-0.01,30.4683,12.7068,470.2,60.0,1493.921, NAN, NAN, NAN, NAN,,2024/04/17 06:49:48.991,2024-04-17 06:49:48.991000+00:00
2024/04/17, 06:50:48.991,36.121,-74.941, NAN,60.04,68.79,6.93,15.8,15.8,1018.9,1019.0,0.0,0.0,85.1,78.5,27,22,9.7,9.4,76.6,76.5,6.6,6.1,99.1,92.2,1021.0,1021.1,-6.32,352.73,-0.01,30.4814,12.6891,469.6,59.9,1493.876, NAN, NAN, NAN, NAN,,2024/04/17 06:50:48.991,2024-04-17 06:50:48.991000+00:00
2024/04/17, 06:51:48.991,36.122,-74.939, NAN,60.06,62.05,7.0,15.8,15.8,1019.0,1019.0,0.0,0.0,85.1,78.5,26,22,9.9,9.3,76.6,76.5,6.8,6.0,98.4,93.6,1021.1,1021.1,-6.32,352.82,-0.01,30.4951,12.6746,469.6,59.9,1493.843, NAN, NAN, NAN, NAN,,2024/04/17 06:51:48.991,2024-04-17 06:51:48.991000+00:00
2024/04/17, 06:52:48.991,36.123,-74.937, NAN,59.97,67.98,7.03,15.8,15.8,1018.9,1019.0,0.0,0.0,85.1,78.5,28,22,9.8,9.4,76.6,76.3,6.6,6.0,100.1,91.9,1021.0,1021.1,-6.34,353.87,-0.01,30.5102,12.6617,469.6,59.9,1493.817, NAN, NAN, NAN, NAN,,2024/04/17 06:52:48.991,2024-04-17 06:52:48.991000+00:00
2024/04/17, 06:53:48.991,36.124,-74.935, NAN,59.87,60.74,7.1,15.8,15.8,1018.9,1019.0,0.0,0.0,85.1,78.5,27,23,9.9,9.5,76.6,76.6,6.8,6.2,99.9,94.8,1021.0,1021.1,-6.3,353.39,-0.01,30.5276,12.643,469.6,59.9,1493.774, NAN, NAN, NAN, NAN,,2024/04/17 06:53:48.991,2024-04-17 06:53:48.991000+00:00
2024/04/17, 06:54:48.991,36.125,-74.933, NAN,59.81,63.02,7.3,15.9,15.9,1019.0,1018.9,0.0,0.0,85.1,78.5,26,21,9.8,9.5,76.3,76.2,6.5,6.0,98.5,91.5,1021.1,1021.0,-6.15,353.52,-0.01,30.5505,12.6299,470.5,60.0,1493.757, NAN, NAN, NAN, NAN,,2024/04/17 06:54:48.991,2024-04-17 06:54:48.991000+00:00
2024/04/17, 06:55:48.991,36.126,-74.931, NAN,59.72,64.03,7.07,15.9,16.0,1019.0,1019.0,0.0,0.0,85.1,78.5,27,21,9.8,9.4,76.1,76.0,6.6,6.0,98.7,90.4,1021.1,1021.1,-6.15,353.41,-0.01,30.5655,12.6264,470.2,60.0,1493.762, NAN, NAN, NAN, NAN,,2024/04/17 06:55:48.991,2024-04-17 06:55:48.991000+00:00
2024/04/17, 06:56:48.991,36.127,-74.928, NAN,59.87,59.89,7.04,15.9,16.0,1019.0,1018.8,0.0,0.0,85.1,78.5,25,21,9.4,9.3,76.2,76.5,6.3,6.1,99.2,93.6,1021.1,1020.9,-6.2,353.21,-0.01,30.5807,12.6095,469.4,59.9,1493.723, NAN, NAN, NAN, NAN,,2024/04/17 06:56:48.991,2024-04-17 06:56:48.991000+00:00
2024/04/17, 06:57:48.992,36.127,-74.926, NAN,59.34,64.15,7.02,15.9,16.0,1019.0,1018.9,0.0,0.0,85.1,78.5,25,21,9.9,9.5,76.6,76.5,6.7,6.2,96.0,90.7,1021.1,1021.0,-6.22,354.06,-0.0,30.607,12.5909,468.1,60.0,1493.691, NAN, NAN, NAN, NAN,,2024/04/17 06:57:48.992,2024-04-17 06:57:48.992000+00:00
2024/04/17, 06:58:48.992,36.128,-74.924, NAN,59.07,61.89,6.92,16.0,16.0,1018.8,1018.9,0.0,0.0,85.1,78.5,26,21,9.7,9.4,76.9,76.9,6.6,6.1,97.5,90.7,1020.9,1021.0,-6.08,353.89,-0.01,30.6178,12.5675,469.1,60.0,1493.624, NAN, NAN, NAN, NAN,,2024/04/17 06:58:48.992,2024-04-17 06:58:48.992000+00:00
2024/04/17, 06:59:48.992,36.129,-74.922, NAN,60.33,54.73,6.75,16.0,16.0,1018.8,1018.9,0.0,0.0,85.1,78.5,25,20,9.7,9.3,76.9,76.9,6.8,6.2,98.9,92.5,1020.9,1021.0,-6.07,353.83,-0.0,30.6249,12.5438,467.8,60.0,1493.552, NAN, NAN, NAN, NAN,,2024/04/17 06:59:48.992,2024-04-17 06:59:48.992000+00:00
2024/04/17, 07:00:48.992,36.13,-74.92, NAN,60.16,68.92,6.91,16.0,16.0,1018.9,1018.8,0.0,0.0,85.1,78.5,25,20,9.7,9.3,76.7,76.7,6.5,6.0,96.5,89.7,1021.0,1020.9,-6.09,353.7,-0.01,30.6372,12.5339,469.4,60.2,1493.532, NAN, NAN, NAN, NAN,,2024/04/17 07:00:48.992,2024-04-17 07:00:48.992000+00:00
2024/04/17, 07:01:48.992,36.131,-74.918, NAN,59.34,65.72,7.0,16.0,16.0,1018.9,1018.9,0.0,0.0,85.1,78.5,26,21,9.7,9.4,76.3,76.2,6.5,6.0,96.8,89.8,1021.0,1021.0,-6.16,353.59,-0.01,30.6577,12.5285,468.4,60.1,1493.538, NAN, NAN, NAN, NAN,,2024/04/17 07:01:48.992,2024-04-17 07:01:48.992000+00:00
2024/04/17, 07:02:48.992,36.132,-74.916, NAN,60.4,58.64,6.78,16.0,16.0,1018.8,1018.9,0.0,0.0,85.1,78.5,25,21,9.8,9.4,76.4,76.3,6.8,6.3,98.3,93.4,1020.9,1021.0,-6.18,353.94,-0.01,30.6801,12.5139,466.8,60.2,1493.515, NAN, NAN, NAN, NAN,,2024/04/17 07:02:48.992,2024-04-17 07:02:48.992000+00:00
2024/04/17, 07:03:48.992,36.133,-74.914, NAN,59.8,57.85,7.0,16.0,16.0,1018.8,1018.8,0.0,0.0,85.1,78.5,25,20,9.9,9.5,76.6,76.6,6.8,6.2,97.6,91.0,1020.9,1020.9,-6.03,353.74,-0.01,30.6997,12.4982,467.5,59.9,1493.485, NAN, NAN, NAN, NAN,,2024/04/17 07:03:48.992,2024-04-17 07:03:48.992000+00:00
2024/04/17, 07:04:48.992,36.134,-74.912, NAN,59.62,62.72,6.95,16.0,16.0,1018.8,1018.8,0.0,0.0,85.1,78.5,25,20,9.8,9.4,76.7,76.7,6.7,6.1,97.0,90.4,1020.9,1020.9,-6.04,352.74,-0.01,30.7212,12.4762,465.4,59.9,1493.435, NAN, NAN, NAN, NAN,,2024/04/17 07:04:48.992,2024-04-17 07:04:48.992000+00:00
2024/04/17, 07:05:48.992,36.135,-74.91, NAN,59.49,62.47,6.87,15.9,16.0,1018.8,1018.8,0.0,0.0,85.1,78.5,26,22,9.9,9.5,76.8,76.7,6.9,6.3,98.2,93.2,1020.9,1020.9,-6.16,353.86,-0.01,30.7284,12.4613,466.5,59.9,1493.393, NAN, NAN, NAN, NAN,,2024/04/17 07:05:48.992,2024-04-17 07:05:48.992000+00:00
2024/04/17, 07:06:48.992,36.136,-74.908, NAN,59.96,60.95,6.85,15.9,15.9,1018.8,1018.8,0.0,0.0,85.1,78.5,25,21,9.5,9.7,76.8,77.2,6.4,6.5,97.2,91.0,1020.9,1020.9,-6.17,353.3,-0.01,30.7349,12.4445,467.8,59.7,1493.343, NAN, NAN, NAN, NAN,,2024/04/17 07:06:48.992,2024-04-17 07:06:48.992000+00:00
2024/04/17, 07:07:48.992,36.137,-74.906, NAN,60.12,57.34,6.97,15.9,15.9,1018.8,1018.7,0.0,0.0,85.1,78.5,25,20,10.0,9.6,76.9,76.9,6.9,6.4,98.0,91.5,1020.9,1020.8,-6.26,352.22,-0.01,30.7439,12.4357,468.4,59.8,1493.324, NAN, NAN, NAN, NAN,,2024/04/17 07:07:48.992,2024-04-17 07:07:48.992000+00:00
2024/04/17, 07:08:48.992,36.138,-74.903, NAN,59.48,58.49,6.64,15.8,15.9,1018.8,1018.7,0.0,0.0,85.1,78.5,25,20,9.4,9.4,77.1,77.0,6.5,6.3,97.9,90.7,1020.9,1020.8,-6.21,353.32,-0.01,30.753,12.4307,467.8,59.7,1493.318, NAN, NAN, NAN, NAN,,2024/04/17 07:08:48.992,2024-04-17 07:08:48.992000+00:00
2024/04/17, 07:09:48.992,36.139,-74.901, NAN,59.95,66.12,6.67,15.8,15.8,1018.7,1018.6,0.0,0.0,85.1,78.5,25,20,9.9,9.5,77.4,77.4,6.8,6.3,95.7,89.1,1020.8,1020.7,-6.21,352.75,-0.01,30.7576,12.4216,468.4,59.7,1493.292, NAN, NAN, NAN, NAN,,2024/04/17 07:09:48.992,2024-04-17 07:09:48.992000+00:00
2024/04/17, 07:10:48.992,36.14,-74.899, NAN,59.33,57.1,7.09,15.8,15.8,1018.8,1018.7,0.0,0.0,85.1,78.5,26,21,10.0,9.7,77.5,77.4,6.9,6.5,98.9,92.3,1020.9,1020.8,-6.23,354.07,-0.01,30.7619,12.4115,467.5,59.6,1493.262, NAN, NAN, NAN, NAN,,2024/04/17 07:10:48.992,2024-04-17 07:10:48.992000+00:00
2024/04/17, 07:11:48.992,36.141,-74.897, NAN,60.08,61.36,6.82,15.8,15.8,1018.8,1018.8,0.0,0.0,85.1,78.5,26,21,10.0,9.6,77.5,77.5,7.0,6.4,98.4,91.9,1020.9,1020.9,-6.18,353.56,-0.01,30.7631,12.408,468.1,59.6,1493.252, NAN, NAN, NAN, NAN,,2024/04/17 07:11:48.992,2024-04-17 07:11:48.992000+00:00
2024/04/17, 07:12:48.992,36.141,-74.895, NAN,59.66,61.97,6.98,15.9,15.9,1018.7,1018.7,0.0,0.0,85.1,78.5,26,21,10.0,9.6,77.3,77.3,6.9,6.3,97.6,90.9,1020.8,1020.8,-6.13,352.76,-0.0,30.7687,12.4018,467.5,59.7,1493.237, NAN, NAN, NAN, NAN,,2024/04/17 07:12:48.992,2024-04-17 07:12:48.992000+00:00
2024/04/17, 07:13:48.993,36.142,-74.893, NAN,60.58,60.25,7.12,15.8,15.9,1018.7,1018.7,0.0,0.0,85.1,78.5,26,21,10.1,9.5,77.2,77.2,7.0,6.2,99.5,93.3,1020.8,1020.8,-6.21,352.76,-0.01,30.7749,12.3916,467.2,59.7,1493.21, NAN, NAN, NAN, NAN,,2024/04/17 07:13:48.993,2024-04-17 07:13:48.993000+00:00
2024/04/17, 07:14:48.993,36.143,-74.891, NAN,59.87,60.81,6.91,15.8,15.9,1018.8,1018.8,0.0,0.0,85.1,78.5,26,21,9.6,9.3,77.5,77.4,6.6,6.1,99.1,92.4,1020.9,1020.9,-6.18,352.79,-0.01,30.7897,12.3817,466.5,59.7,1493.194, NAN, NAN, NAN, NAN,,2024/04/17 07:14:48.993,2024-04-17 07:14:48.993000+00:00
2024/04/17, 07:15:48.993,36.144,-74.889, NAN,59.14,63.07,6.97,15.8,15.8,1018.7,1018.7,0.0,0.0,85.1,78.5,27,22,10.0,9.6,77.8,77.7,6.9,6.3,98.5,92.0,1020.8,1020.8,-6.23,353.19,-0.01,30.8034,12.3789,466.8,59.8,1493.2, NAN, NAN, NAN, NAN,,2024/04/17 07:15:48.993,2024-04-17 07:15:48.993000+00:00
2024/04/17, 07:16:48.993,36.145,-74.887, NAN,59.73,66.99,7.38,15.8,15.8,1018.7,1018.6,0.0,0.0,85.1,78.5,27,22,9.6,9.7,78.5,78.3,6.3,6.2,100.1,92.3,1020.8,1020.7,-6.35,353.83,-0.01,30.8197,12.3813,466.8,59.8,1493.228, NAN, NAN, NAN, NAN,,2024/04/17 07:16:48.993,2024-04-17 07:16:48.993000+00:00
2024/04/17, 07:17:48.993,36.146,-74.885, NAN,60.32,62.95,7.09,15.8,15.8,1018.8,1018.9,0.0,0.0,85.1,78.5,27,22,10.2,9.7,78.6,78.5,7.1,6.4,99.9,93.6,1020.9,1021.0,-6.18,353.21,-0.01,30.8343,12.3712,465.7,59.7,1493.211, NAN, NAN, NAN, NAN,,2024/04/17 07:17:48.993,2024-04-17 07:17:48.993000+00:00
2024/04/17, 07:18:48.993,36.147,-74.882, NAN,59.05,63.69,7.36,15.9,15.9,1018.7,1018.7,0.0,0.0,85.1,78.5,28,23,9.2,9.7,78.2,78.2,6.0,6.3,103.1,94.6,1020.8,1020.8,-6.11,354.8,-0.01,30.8671,12.3599,465.1,59.8,1493.211, NAN, NAN, NAN, NAN,,2024/04/17 07:18:48.993,2024-04-17 07:18:48.993000+00:00
2024/04/17, 07:19:48.993,36.148,-74.88, NAN,59.99,60.22,6.95,15.9,16.0,1018.8,1018.8,0.0,0.0,85.1,78.5,28,23,9.9,9.6,78.1,78.1,7.0,6.5,102.0,95.5,1020.9,1020.9,-6.04,354.11,-0.01,30.8917,12.3451,464.1,59.7,1493.19, NAN, NAN, NAN, NAN,,2024/04/17 07:19:48.993,2024-04-17 07:19:48.993000+00:00
2024/04/17, 07:20:48.993,36.149,-74.878, NAN,59.93,62.99,7.8,16.0,16.0,1018.7,1018.7,0.0,0.0,85.1,78.5,27,22,10.4,10.0,77.8,77.7,6.9,6.3,100.4,93.7,1020.8,1020.8,-5.99,353.46,-0.01,30.9105,12.3441,464.1,59.3,1493.209, NAN, NAN, NAN, NAN,,2024/04/17 07:20:48.993,2024-04-17 07:20:48.993000+00:00
2024/04/17, 07:21:48.993,36.15,-74.876, NAN,59.1,62.76,8.15,15.9,16.0,1018.7,1018.8,0.0,0.0,85.1,78.5,25,21,10.6,10.1,78.0,77.9,7.0,6.3,98.2,93.1,1020.8,1020.9,-6.1,353.53,-0.01,30.9338,12.3474,464.1,59.3,1493.248, NAN, NAN, NAN, NAN,,2024/04/17 07:21:48.993,2024-04-17 07:21:48.993000+00:00
2024/04/17, 07:22:48.993,36.151,-74.873, NAN,59.22,55.62,8.51,15.9,16.0,1018.6,1018.6,0.0,0.0,85.1,78.5,24,19,10.4,10.0,77.9,77.9,6.7,6.1,99.0,92.2,1020.7,1020.7,-6.17,353.4,-0.01,30.9525,12.3496,464.4,59.3,1493.277, NAN, NAN, NAN, NAN,,2024/04/17 07:22:48.993,2024-04-17 07:22:48.993000+00:00
2024/04/17, 07:23:48.993,36.153,-74.87, NAN,59.61,60.96,8.96,15.9,15.9,1018.7,1018.7,0.0,0.0,85.1,78.5,24,20,10.6,10.2,77.8,77.8,6.6,6.0,99.2,93.8,1020.8,1020.8,-6.07,353.53,-0.01,30.9617,12.3398,463.5,59.4,1493.255, NAN, NAN, NAN, NAN,,2024/04/17 07:23:48.993,2024-04-17 07:23:48.993000+00:00
2024/04/17, 07:24:48.993,36.154,-74.868, NAN,59.52,63.09,8.81,15.9,15.9,1018.8,1018.9,0.0,0.0,85.1,78.5,24,19,10.5,10.1,77.8,77.8,6.5,5.9,98.6,91.5,1020.9,1021.0,-6.13,353.37,-0.01,30.9632,12.337,464.1,59.4,1493.247, NAN, NAN, NAN, NAN,,2024/04/17 07:24:48.993,2024-04-17 07:24:48.993000+00:00
2024/04/17, 07:25:48.993,36.155,-74.865, NAN,59.25,62.16,8.96,15.9,15.9,1018.8,1018.8,0.0,0.0,85.1,78.5,23,18,10.7,10.2,77.9,78.0,6.6,5.9,97.0,90.0,1020.9,1020.9,-6.17,352.53,-0.01,30.9588,12.3524,464.1,59.5,1493.294, NAN, NAN, NAN, NAN,,2024/04/17 07:25:48.993,2024-04-17 07:25:48.993000+00:00
2024/04/17, 07:26:48.993,36.156,-74.863, NAN,60.31,57.36,9.11,15.8,15.9,1018.8,1018.8,0.0,0.0,85.1,78.5,23,19,10.3,10.0,78.5,78.4,6.3,5.8,100.4,94.7,1020.9,1020.9,-6.06,353.62,-0.01,30.9659,12.3573,465.4,59.5,1493.32, NAN, NAN, NAN, NAN,,2024/04/17 07:26:48.993,2024-04-17 07:26:48.993000+00:00
2024/04/17, 07:27:48.993,36.157,-74.86, NAN,59.22,61.7,8.81,15.8,15.9,1018.8,1018.9,0.0,0.0,85.1,78.5,24,19,10.4,10.0,78.5,78.5,6.4,5.8,98.6,91.4,1020.9,1021.0,-6.23,354.47,-0.01,30.9799,12.3546,464.4,59.4,1493.327, NAN, NAN, NAN, NAN,,2024/04/17 07:27:48.993,2024-04-17 07:27:48.993000+00:00
2024/04/17, 07:28:48.994,36.159,-74.857, NAN,59.88,57.91,8.86,15.9,15.9,1018.7,1018.7,0.0,0.0,85.1,78.5,25,20,10.1,9.8,78.1,78.1,6.3,5.8,103.2,96.1,1020.8,1020.8,-6.18,353.79,-0.01,30.9979,12.3667,463.5,59.6,1493.39, NAN, NAN, NAN, NAN,,2024/04/17 07:28:48.994,2024-04-17 07:28:48.994000+00:00
2024/04/17, 07:29:48.994,36.16,-74.855, NAN,59.0,61.61,9.02,16.0,16.0,1018.8,1018.7,0.0,0.0,85.1,78.5,25,20,10.6,10.1,77.8,77.7,6.6,5.9,100.0,93.2,1020.9,1020.8,-6.1,353.78,-0.01,31.0097,12.3914,463.2,59.5,1493.488, NAN, NAN, NAN, NAN,,2024/04/17 07:29:48.994,2024-04-17 07:29:48.994000+00:00
2024/04/17, 07:30:48.994,36.161,-74.852, NAN,59.61,58.93,9.13,16.0,16.0,1018.8,1018.8,0.0,0.0,85.1,78.5,25,20,10.6,10.2,78.0,77.8,6.6,6.0,101.7,94.7,1020.9,1020.9,-6.06,353.44,-0.01,31.0258,12.3826,464.1,59.6,1493.477, NAN, NAN, NAN, NAN,,2024/04/17 07:30:48.994,2024-04-17 07:30:48.994000+00:00
2024/04/17, 07:31:48.994,36.162,-74.849, NAN,55.8,53.43,9.11,15.9,16.0,1018.8,1018.8,0.0,0.0,85.1,78.5,27,23,10.4,10.0,78.1,77.9,6.6,6.0,102.1,97.2,1020.9,1020.9,-6.15,354.07,-0.01,31.0542,12.367,461.1,59.7,1493.458, NAN, NAN, NAN, NAN,,2024/04/17 07:31:48.994,2024-04-17 07:31:48.994000+00:00
2024/04/17, 07:32:48.994,36.164,-74.847, NAN,54.75,52.25,9.1,15.9,16.0,1018.7,1018.7,0.0,0.0,85.1,78.5,27,23,10.3,10.0,78.1,78.1,6.5,6.0,101.3,96.1,1020.8,1020.8,-6.14,353.75,-0.01,31.0642,12.3586,461.4,59.5,1493.441, NAN, NAN, NAN, NAN,,2024/04/17 07:32:48.994,2024-04-17 07:32:48.994000+00:00
2024/04/17, 07:33:48.994,36.165,-74.844, NAN,54.37,57.93,9.13,15.9,16.0,1018.8,1018.7,0.0,0.0,85.1,78.5,28,23,10.5,10.1,78.1,78.0,6.5,5.9,99.9,93.0,1020.9,1020.8,-6.08,353.82,-0.01,31.0733,12.3552,462.7,59.6,1493.44, NAN, NAN, NAN, NAN,,2024/04/17 07:33:48.994,2024-04-17 07:33:48.994000+00:00
2024/04/17, 07:34:48.994,36.167,-74.842, NAN,55.45,54.47,9.11,15.9,15.9,1018.8,1018.8,0.0,0.0,85.1,78.5,28,23,10.2,9.9,78.2,78.1,6.4,5.8,102.9,96.0,1020.9,1020.9,-6.16,354.04,-0.01,31.0826,12.3335,462.7,59.7,1493.377, NAN, NAN, NAN, NAN,,2024/04/17 07:34:48.994,2024-04-17 07:34:48.994000+00:00
2024/04/17, 07:35:48.994,36.168,-74.839, NAN,55.17,53.68,9.25,15.9,15.9,1018.8,1018.7,0.0,0.0,85.1,78.5,29,25,10.5,10.1,78.1,78.1,6.7,6.1,103.7,98.7,1020.9,1020.8,-6.11,354.64,-0.01,31.0954,12.2997,462.8,59.7,1493.276, NAN, NAN, NAN, NAN,,2024/04/17 07:35:48.994,2024-04-17 07:35:48.994000+00:00
2024/04/17, 07:36:48.994,36.169,-74.836, NAN,54.41,57.89,9.35,16.0,15.9,1018.8,1018.8,0.0,0.0,85.1,78.5,29,24,10.3,9.9,77.8,78.0,6.4,5.7,103.0,96.3,1020.9,1020.9,-6.03,354.7,-0.01,31.1071,12.2697,462.8,59.1,1493.187, NAN, NAN, NAN, NAN,,2024/04/17 07:36:48.994,2024-04-17 07:36:48.994000+00:00
2024/04/17, 07:37:48.994,36.171,-74.834, NAN,54.83,55.6,9.24,16.1,16.1,1018.8,1018.8,0.0,0.0,85.1,78.5,29,24,10.2,9.8,77.2,77.2,6.4,5.7,104.1,97.5,1020.9,1020.9,-6.01,354.83,-0.01,31.1164,12.2544,462.7,58.8,1493.146, NAN, NAN, NAN, NAN,,2024/04/17 07:37:48.994,2024-04-17 07:37:48.994000+00:00
2024/04/17, 07:38:48.994,36.172,-74.831, NAN,54.25,55.0,8.97,16.2,16.2,1018.8,1018.8,0.0,0.0,85.1,78.5,29,24,10.0,9.7,77.2,77.2,6.3,5.7,102.9,96.1,1020.9,1020.9,-6.0,354.72,-0.01,31.1271,12.2414,463.5,58.9,1493.114, NAN, NAN, NAN, NAN,,2024/04/17 07:38:48.994,2024-04-17 07:38:48.994000+00:00
2024/04/17, 07:39:48.994,36.174,-74.829, NAN,54.04,53.79,6.57,16.2,16.3,1018.8,1018.7,0.0,0.0,85.1,78.5,35,29,8.8,9.2,76.4,76.5,6.3,6.4,106.3,97.1,1020.9,1020.8,-5.91,354.32,-0.01,31.1373,12.2214,462.8,59.0,1493.058, NAN, NAN, NAN, NAN,,2024/04/17 07:39:48.994,2024-04-17 07:39:48.994000+00:00
2024/04/17, 07:40:48.994,36.174,-74.827, NAN,56.12,64.87,4.1,16.2,16.2,1018.8,1018.8,0.0,0.0,85.1,78.5,38,34,7.5,9.5,76.5,76.3,5.8,7.7,105.0,97.4,1020.9,1020.9,-6.12,355.95,-0.01,31.1459,12.1899,462.8,59.2,1492.96, NAN, NAN, NAN, NAN,,2024/04/17 07:40:48.994,2024-04-17 07:40:48.994000+00:00
2024/04/17, 07:41:48.994,36.175,-74.826, NAN,62.26,47.63,1.81,16.4,16.4,1018.9,1018.9,0.0,0.0,85.1,78.5,36,32,6.2,7.5,76.6,76.9,5.6,6.8,104.8,99.2,1021.0,1021.0,-5.98,354.22,-0.01,31.1602,12.1691,463.2,59.1,1492.905, NAN, NAN, NAN, NAN,,2024/04/17 07:41:48.994,2024-04-17 07:41:48.994000+00:00
2024/04/17, 07:42:48.994,36.175,-74.826, NAN,77.46,109.21,0.94,16.3,16.4,1019.0,1019.0,0.0,0.0,85.1,78.5,27,25,5.5,5.8,75.5,75.5,5.0,5.3,105.3,103.1,1021.1,1021.1,-6.04,353.77,-0.01,31.1735,12.1537,463.2,59.2,1492.868, NAN, NAN, NAN, NAN,,2024/04/17 07:42:48.994,2024-04-17 07:42:48.994000+00:00
2024/04/17, 07:43:48.994,36.175,-74.826, NAN,103.53,69.61,0.61,16.3,16.3,1019.1,1019.0,0.0,0.0,85.1,78.5,2,359,5.9,5.7,75.4,75.2,5.6,5.4,106.7,103.6,1021.2,1021.1,-6.32,354.67,-0.02,31.1907,12.1467,465.4,59.1,1492.865, NAN, NAN, NAN, NAN,,2024/04/17 07:43:48.994,2024-04-17 07:43:48.994000+00:00
2024/04/17, 07:44:48.995,36.175,-74.826, NAN,109.75,102.0,0.48,16.2,16.2,1019.1,1019.1,0.0,0.0,85.1,78.5,352,347,5.5,5.5,76.3,76.1,5.3,5.3,102.2,96.9,1021.2,1021.2,-6.41,355.83,-0.02,31.2274,12.1432,465.1,58.7,1492.896, NAN, NAN, NAN, NAN,,2024/04/17 07:44:48.995,2024-04-17 07:44:48.995000+00:00
2024/04/17, 07:45:48.995,36.175,-74.825, NAN,107.92,173.21,0.09,16.3,16.3,1019.1,1019.1,0.0,0.0,85.1,78.5,358,351,5.1,5.1,76.5,76.4,5.1,5.1,105.5,98.5,1021.2,1021.2,-6.39,356.71,-0.02,31.3226,12.1342,466.0,58.8,1492.979, NAN, NAN, NAN, NAN,,2024/04/17 07:45:48.995,2024-04-17 07:45:48.995000+00:00
2024/04/17, 07:46:48.995,36.175,-74.825, NAN,107.0,234.18,0.22,16.3,16.5,1019.1,1019.1,0.0,0.0,85.1,78.5,357,351,5.1,4.9,76.5,76.9,5.2,5.0,103.0,97.1,1021.2,1021.2,-6.33,356.21,-0.01,31.3865,12.0293,465.4,58.9,1492.694, NAN, NAN, NAN, NAN,,2024/04/17 07:46:48.995,2024-04-17 07:46:48.995000+00:00
2024/04/17, 07:47:48.995,36.175,-74.825, NAN,106.59,101.32,0.08,16.6,16.6,1019.2,1019.1,0.0,0.0,85.1,78.5,354,350,5.0,4.9,76.0,75.8,5.0,4.9,100.9,96.9,1021.3,1021.2,-6.27,356.06,-0.01,31.59,11.9258,472.4,58.8,1492.58, NAN, NAN, NAN, NAN,,2024/04/17 07:47:48.995,2024-04-17 07:47:48.995000+00:00
2024/04/17, 07:48:48.995,36.175,-74.825, NAN,106.26,172.25,0.09,16.7,16.7,1019.1,1019.1,0.0,0.0,85.1,78.5,352,346,5.2,5.2,75.2,75.3,5.2,5.2,97.8,91.8,1021.2,1021.2,-6.26,354.3,-0.01,31.6334,11.9383,469.9,58.8,1492.675, NAN, NAN, NAN, NAN,,2024/04/17 07:48:48.995,2024-04-17 07:48:48.995000+00:00
2024/04/17, 07:49:48.995,36.175,-74.825, NAN,105.56,349.92,0.04,16.7,16.6,1019.2,1019.1,0.0,0.0,85.1,78.5,357,352,5.3,5.1,74.9,74.5,5.3,5.1,102.6,97.6,1021.3,1021.2,-6.36,355.61,-0.01,31.5474,11.926,466.5,58.6,1492.53, NAN, NAN, NAN, NAN,,2024/04/17 07:49:48.995,2024-04-17 07:49:48.995000+00:00
2024/04/17, 07:50:48.995,36.175,-74.825, NAN,103.9,18.14,0.37,16.4,16.5,1019.2,1019.0,0.0,0.0,85.1,78.5,358,353,5.4,5.3,75.6,75.6,5.4,5.3,103.9,99.0,1021.3,1021.1,-6.47,356.19,-0.02,31.4928,11.9285,466.2,58.8,1492.473, NAN, NAN, NAN, NAN,,2024/04/17 07:50:48.995,2024-04-17 07:50:48.995000+00:00
2024/04/17, 07:51:48.995,36.175,-74.825, NAN,105.32,138.2,0.17,16.4,16.5,1019.1,1019.1,0.0,0.0,85.1,78.5,357,352,5.2,5.1,76.3,75.6,5.2,5.1,101.4,96.4,1021.2,1021.2,-6.5,356.27,-0.01,31.4386,11.9524,466.8,58.9,1492.491, NAN, NAN, NAN, NAN,,2024/04/17 07:51:48.995,2024-04-17 07:51:48.995000+00:00
2024/04/17, 07:52:48.995,36.175,-74.826, NAN,104.87,174.86,0.23,16.5,16.5,1019.1,1019.0,0.0,0.0,85.1,78.5,1,355,5.2,5.1,76.3,76.3,5.2,5.1,104.6,98.6,1021.2,1021.1,-6.53,357.84,-0.01,31.3664,11.9481,463.8,58.7,1492.39, NAN, NAN, NAN, NAN,,2024/04/17 07:52:48.995,2024-04-17 07:52:48.995000+00:00
2024/04/17, 07:53:48.995,36.175,-74.825, NAN,104.4,342.6,0.04,16.6,16.6,1019.0,1019.0,0.0,0.0,85.1,78.5,1,355,5.3,5.1,77.5,77.4,5.3,5.1,105.4,99.4,1021.1,1021.1,-6.33,357.94,-0.01,31.3886,11.9472,462.4,59.1,1492.413, NAN, NAN, NAN, NAN,,2024/04/17 07:53:48.995,2024-04-17 07:53:48.995000+00:00
2024/04/17, 07:54:48.995,36.175,-74.825, NAN,104.03,342.39,0.26,16.6,16.8,1019.1,1019.0,0.0,0.0,85.1,78.5,353,349,5.3,5.2,77.6,77.3,5.3,5.2,98.4,94.4,1021.2,1021.1,-6.21,355.89,-0.01,31.3833,11.9551,461.7,59.1,1492.434, NAN, NAN, NAN, NAN,,2024/04/17 07:54:48.995,2024-04-17 07:54:48.995000+00:00
2024/04/17, 07:55:48.995,36.175,-74.825, NAN,104.55,359.92,0.23,16.8,16.8,1019.0,1018.9,0.0,0.0,85.1,78.5,356,349,5.3,5.1,74.8,75.0,5.3,5.1,101.8,94.9,1021.1,1021.0,-6.25,355.65,-0.01,31.3841,11.9589,460.8,59.2,1492.448, NAN, NAN, NAN, NAN,,2024/04/17 07:55:48.995,2024-04-17 07:55:48.995000+00:00
2024/04/17, 07:56:48.995,36.175,-74.825, NAN,105.15,86.43,0.03,16.6,16.7,1019.0,1019.0,0.0,0.0,85.1,78.5,357,352,5.1,5.0,75.7,75.5,5.1,5.0,102.1,97.1,1021.1,1021.1,-6.33,356.39,-0.02,31.3857,11.9792,459.0,59.1,1492.52, NAN, NAN, NAN, NAN,,2024/04/17 07:56:48.995,2024-04-17 07:56:48.995000+00:00
2024/04/17, 07:57:48.995,36.175,-74.825, NAN,105.0,94.25,0.13,16.6,16.7,1019.1,1019.1,0.0,0.0,85.1,78.5,355,349,4.7,4.6,76.6,76.8,4.6,4.5,100.0,94.0,1021.2,1021.2,-6.46,355.5,-0.01,31.4089,11.9891,462.0,59.2,1492.582, NAN, NAN, NAN, NAN,,2024/04/17 07:57:48.995,2024-04-17 07:57:48.995000+00:00
2024/04/17, 07:58:48.995,36.175,-74.825, NAN,103.96,24.21,0.17,16.5,16.6,1019.1,1019.1,0.0,0.0,85.1,78.5,357,352,5.0,4.9,76.1,76.0,5.0,4.9,101.9,96.8,1021.2,1021.2,-6.53,356.83,-0.01,31.4056,11.9727,460.1,59.3,1492.522, NAN, NAN, NAN, NAN,,2024/04/17 07:58:48.995,2024-04-17 07:58:48.995000+00:00
2024/04/17, 07:59:48.996,36.175,-74.825, NAN,104.45,116.46,0.11,16.5,16.6,1019.1,1019.1,0.0,0.0,85.1,78.5,356,352,5.3,5.1,77.5,77.4,5.3,5.1,100.1,96.1,1021.2,1021.2,-6.56,357.67,-0.01,31.4024,11.9681,458.4,59.1,1492.502, NAN, NAN, NAN, NAN,,2024/04/17 07:59:48.996,2024-04-17 07:59:48.996000+00:00
2024/04/17, 08:00:48.996,36.175,-74.825, NAN,104.74,258.66,0.05,16.6,16.6,1019.2,1019.1,0.0,0.0,85.1,78.5,355,349,5.0,5.0,78.0,77.4,5.0,5.0,99.7,93.7,1021.3,1021.2,-6.47,356.26,-0.01,31.4072,11.9659,459.0,59.1,1492.5, NAN, NAN, NAN, NAN,,2024/04/17 08:00:48.996,2024-04-17 08:00:48.996000+00:00
2024/04/17, 08:01:48.996,36.175,-74.825, NAN,105.09,22.16,0.03,16.6,16.6,1019.1,1019.0,0.0,0.0,85.1,78.5,353,348,5.2,5.1,76.8,76.7,5.2,5.1,98.0,93.0,1021.2,1021.1,-6.48,356.0,-0.01,31.4035,11.9665,460.4,59.2,1492.498, NAN, NAN, NAN, NAN,,2024/04/17 08:01:48.996,2024-04-17 08:01:48.996000+00:00
2024/04/17, 08:02:48.996,36.175,-74.825, NAN,103.72,220.74,0.22,16.5,16.6,1019.1,1019.1,0.0,0.0,85.1,78.5,358,351,5.1,5.0,76.9,77.0,5.1,5.0,100.5,93.4,1021.2,1021.2,-6.48,356.22,-0.01,31.4032,11.9813,459.0,59.2,1492.549, NAN, NAN, NAN, NAN,,2024/04/17 08:02:48.996,2024-04-17 08:02:48.996000+00:00
2024/04/17, 08:03:48.996,36.175,-74.825, NAN,104.94,158.8,0.1,16.5,16.5,1019.2,1019.1,0.0,0.0,85.1,78.5,3,357,4.9,4.7,78.2,78.1,4.9,4.7,107.6,101.6,1021.3,1021.2,-6.5,358.78,-0.02,31.3724,12.0008,461.1,59.2,1492.579, NAN, NAN, NAN, NAN,,2024/04/17 08:03:48.996,2024-04-17 08:03:48.996000+00:00
2024/04/17, 08:04:48.996,36.175,-74.825, NAN,104.69,53.18,0.16,16.6,16.7,1019.1,1019.1,0.0,0.0,85.1,78.5,358,355,4.6,4.7,80.1,79.9,4.5,4.6,103.5,100.4,1021.2,1021.2,-6.52,358.71,-0.01,31.3201,12.0085,459.8,59.3,1492.543, NAN, NAN, NAN, NAN,,2024/04/17 08:04:48.996,2024-04-17 08:04:48.996000+00:00
2024/04/17, 08:05:48.996,36.175,-74.825, NAN,105.06,297.27,0.1,16.8,16.8,1019.1,1019.1,0.0,0.0,85.1,78.5,357,352,4.7,4.6,78.9,79.0,4.7,4.6,101.7,96.8,1021.2,1021.2,-6.42,357.89,-0.01,31.311,12.0035,460.8,59.3,1492.515, NAN, NAN, NAN, NAN,,2024/04/17 08:05:48.996,2024-04-17 08:05:48.996000+00:00
2024/04/17, 08:06:48.996,36.175,-74.825, NAN,104.49,160.22,0.19,16.8,16.9,1019.3,1019.2,0.0,0.0,85.1,78.5,357,352,4.7,4.6,78.1,78.1,4.7,4.6,100.4,95.4,1021.4,1021.3,-6.36,357.07,-0.02,31.2972,11.9883,459.5,59.3,1492.446, NAN, NAN, NAN, NAN,,2024/04/17 08:06:48.996,2024-04-17 08:06:48.996000+00:00
2024/04/17, 08:07:48.996,36.175,-74.825, NAN,104.69,195.39,0.11,16.8,16.9,1019.3,1019.3,0.0,0.0,85.1,78.5,353,346,4.7,4.8,77.7,77.8,4.7,4.8,97.1,90.0,1021.4,1021.4,-6.5,355.71,-0.01,31.2891,11.9941,461.1,59.3,1492.457, NAN, NAN, NAN, NAN,,2024/04/17 08:07:48.996,2024-04-17 08:07:48.996000+00:00
2024/04/17, 08:08:48.996,36.175,-74.825, NAN,104.68,165.32,0.32,16.7,16.8,1019.3,1019.3,0.0,0.0,85.1,78.5,354,347,4.7,4.6,76.8,76.8,4.6,4.6,96.8,89.7,1021.4,1021.4,-6.46,355.82,-0.01,31.2666,11.9786,461.1,59.3,1492.376, NAN, NAN, NAN, NAN,,2024/04/17 08:08:48.996,2024-04-17 08:08:48.996000+00:00
2024/04/17, 08:09:48.996,36.175,-74.825, NAN,104.88,151.52,0.32,16.6,16.6,1019.3,1019.3,0.0,0.0,85.1,78.5,356,350,4.8,4.7,77.7,77.5,4.7,4.6,99.3,93.2,1021.4,1021.4,-6.65,357.29,-0.01,31.2603,11.9808,460.8,59.3,1492.376, NAN, NAN, NAN, NAN,,2024/04/17 08:09:48.996,2024-04-17 08:09:48.996000+00:00
2024/04/17, 08:10:48.996,36.175,-74.826, NAN,104.66,193.75,0.42,16.5,16.6,1019.3,1019.3,0.0,0.0,85.1,78.5,5,359,4.9,4.7,79.3,79.3,4.9,4.8,107.2,101.2,1021.4,1021.4,-6.75,359.3,-0.01,31.2627,11.9463,460.1,59.3,1492.26, NAN, NAN, NAN, NAN,,2024/04/17 08:10:48.996,2024-04-17 08:10:48.996000+00:00
2024/04/17, 08:11:48.996,36.175,-74.826, NAN,104.53,2.36,0.29,16.6,16.7,1019.4,1019.3,0.0,0.0,85.1,78.5,354,356,4.5,4.6,81.2,81.1,4.5,4.6,100.4,102.4,1021.5,1021.4,-6.66,357.96,-0.01,31.2952,11.9694,461.1,59.0,1492.379, NAN, NAN, NAN, NAN,,2024/04/17 08:11:48.996,2024-04-17 08:11:48.996000+00:00
2024/04/17, 08:12:48.996,36.175,-74.825, NAN,104.32,41.41,0.27,16.8,16.8,1019.1,1019.3,0.0,0.0,85.1,78.5,356,352,4.8,4.7,79.4,79.7,4.8,4.7,102.0,98.0,1021.2,1021.4,-6.5,357.53,-0.01,31.3106,11.9624,460.8,59.3,1492.373, NAN, NAN, NAN, NAN,,2024/04/17 08:12:48.996,2024-04-17 08:12:48.996000+00:00
2024/04/17, 08:13:48.996,36.175,-74.825, NAN,104.38,42.3,0.18,16.7,16.8,1019.4,1019.3,0.0,0.0,85.1,78.5,2,354,4.8,4.7,79.1,79.2,4.8,4.7,107.4,99.3,1021.5,1021.4,-6.54,359.01,-0.01,31.3472,11.9578,461.4,59.4,1492.401, NAN, NAN, NAN, NAN,,2024/04/17 08:13:48.996,2024-04-17 08:13:48.996000+00:00
2024/04/17, 08:14:48.996,36.175,-74.826, NAN,104.89,215.52,0.03,16.8,16.8,1019.3,1019.3,0.0,0.0,85.1,78.5,0,356,4.9,4.7,81.0,80.9,4.9,4.7,104.7,100.7,1021.4,1021.4,-6.5,359.28,-0.01,31.417,11.9596,462.7,59.4,1492.49, NAN, NAN, NAN, NAN,,2024/04/17 08:14:48.996,2024-04-17 08:14:48.996000+00:00
2024/04/17, 08:15:48.996,36.175,-74.825, NAN,104.84,27.43,0.14,16.9,16.9,1019.3,1019.3,0.0,0.0,85.1,78.5,2,355,4.9,4.8,80.0,80.3,4.9,4.8,107.6,100.6,1021.4,1021.4,-6.45,358.7,-0.01,31.422,11.9499,462.4,59.4,1492.463, NAN, NAN, NAN, NAN,,2024/04/17 08:15:48.996,2024-04-17 08:15:48.996000+00:00
2024/04/17, 08:16:48.997,36.175,-74.825, NAN,104.26,271.26,0.04,16.9,16.9,1019.3,1019.3,0.0,0.0,85.1,78.5,2,358,4.6,4.6,79.6,79.5,4.6,4.6,106.1,102.1,1021.4,1021.4,-6.42,358.96,-0.01,31.4384,11.9518,461.7,59.6,1492.489, NAN, NAN, NAN, NAN,,2024/04/17 08:16:48.997,2024-04-17 08:16:48.997000+00:00
2024/04/17, 08:17:48.997,36.175,-74.825, NAN,104.71,335.78,0.05,16.9,16.9,1019.3,1019.3,0.0,0.0,85.1,78.5,359,352,4.6,4.4,79.6,79.6,4.6,4.4,104.0,97.0,1021.4,1021.4,-6.48,358.17,-0.01,31.4309,11.9253,462.4,59.4,1492.388, NAN, NAN, NAN, NAN,,2024/04/17 08:17:48.997,2024-04-17 08:17:48.997000+00:00
2024/04/17, 08:18:48.997,36.175,-74.825, NAN,105.12,256.41,0.07,16.8,16.9,1019.3,1019.3,0.0,0.0,85.1,78.5,358,353,4.4,4.5,79.0,79.0,4.4,4.5,102.9,97.9,1021.4,1021.4,-6.47,357.79,-0.02,31.4333,11.8972,459.5,59.4,1492.294, NAN, NAN, NAN, NAN,,2024/04/17 08:18:48.997,2024-04-17 08:18:48.997000+00:00
2024/04/17, 08:19:48.997,36.175,-74.825, NAN,105.17,2.19,0.31,16.8,16.8,1019.4,1019.3,0.0,0.0,85.1,78.5,0,354,4.5,4.4,79.1,79.1,4.6,4.4,107.0,101.2,1021.5,1021.4,-6.58,358.53,-0.02,31.4553,11.8846,462.4,59.4,1492.277, NAN, NAN, NAN, NAN,,2024/04/17 08:19:48.997,2024-04-17 08:19:48.997000+00:00
2024/04/17, 08:20:48.997,36.175,-74.825, NAN,104.7,245.5,0.19,16.7,16.8,1019.5,1019.3,0.0,0.0,85.1,78.5,357,351,4.6,4.5,79.6,79.1,4.6,4.5,100.5,94.5,1021.6,1021.4,-6.66,357.48,-0.01,31.4942,11.8878,461.1,59.1,1492.334, NAN, NAN, NAN, NAN,,2024/04/17 08:20:48.997,2024-04-17 08:20:48.997000+00:00
2024/04/17, 08:21:48.997,36.175,-74.826, NAN,104.35,51.18,0.27,16.6,16.7,1019.3,1019.3,0.0,0.0,85.1,78.5,355,346,4.5,4.5,79.3,79.1,4.5,4.4,101.1,92.0,1021.4,1021.4,-6.66,356.47,-0.01,31.4698,11.9182,463.8,59.1,1492.41, NAN, NAN, NAN, NAN,,2024/04/17 08:21:48.997,2024-04-17 08:21:48.997000+00:00
2024/04/17, 08:22:48.997,36.175,-74.825, NAN,104.17,37.83,0.33,16.5,16.5,1019.3,1019.3,0.0,0.0,85.1,78.5,5,357,4.5,4.3,78.6,78.5,4.4,4.2,111.2,103.2,1021.4,1021.4,-6.84,360.12,-0.01,31.4654,11.9243,463.2,59.3,1492.426, NAN, NAN, NAN, NAN,,2024/04/17 08:22:48.997,2024-04-17 08:22:48.997000+00:00
2024/04/17, 08:23:48.997,36.175,-74.825, NAN,104.84,154.72,0.12,16.5,16.5,1019.3,1019.3,0.0,0.0,85.1,78.5,5,359,4.7,4.5,82.9,82.6,4.7,4.5,109.1,103.1,1021.4,1021.4,-6.91,360.07,-0.01,31.4741,11.908,460.4,59.3,1492.38, NAN, NAN, NAN, NAN,,2024/04/17 08:23:48.997,2024-04-17 08:23:48.997000+00:00
2024/04/17, 08:24:48.997,36.175,-74.825, NAN,105.5,355.43,0.21,16.7,16.7,1019.4,1019.3,0.0,0.0,85.1,78.5,5,355,4.7,4.5,82.3,82.4,4.7,4.5,111.7,101.9,1021.5,1021.4,-6.62,359.15,-0.02,31.4791,11.9071,460.4,59.4,1492.383, NAN, NAN, NAN, NAN,,2024/04/17 08:24:48.997,2024-04-17 08:24:48.997000+00:00
2024/04/17, 08:25:48.997,36.175,-74.825, NAN,104.13,99.19,0.15,16.8,16.8,1019.3,1019.3,0.0,0.0,85.1,78.5,7,0,4.7,4.5,80.5,80.5,4.6,4.4,110.7,103.6,1021.4,1021.4,-6.6,359.64,-0.02,31.4854,11.9149,463.2,59.4,1492.417, NAN, NAN, NAN, NAN,,2024/04/17 08:25:48.997,2024-04-17 08:25:48.997000+00:00
2024/04/17, 08:26:48.997,36.175,-74.826, NAN,105.06,233.06,0.35,16.8,16.8,1019.3,1019.2,0.0,0.0,85.1,78.5,7,2,4.8,4.6,80.6,80.7,4.9,4.7,110.3,105.3,1021.4,1021.3,-6.5,359.03,-0.01,31.5182,11.9283,466.5,59.3,1492.503, NAN, NAN, NAN, NAN,,2024/04/17 08:26:48.997,2024-04-17 08:26:48.997000+00:00
2024/04/17, 08:27:48.997,36.175,-74.825, NAN,104.53,44.46,0.22,16.8,16.9,1019.3,1019.1,0.0,0.0,85.1,78.5,4,358,5.0,4.8,80.6,80.7,4.9,4.7,109.7,103.7,1021.4,1021.2,-6.5,358.52,-0.01,31.5234,11.9284,468.4,59.4,1492.509, NAN, NAN, NAN, NAN,,2024/04/17 08:27:48.997,2024-04-17 08:27:48.997000+00:00
2024/04/17, 08:28:48.997,36.175,-74.826, NAN,104.6,215.44,0.26,16.8,16.9,1019.0,1019.1,0.0,0.0,85.1,78.5,11,5,5.2,5.0,80.3,80.3,5.2,5.0,114.1,108.1,1021.1,1021.2,-6.51,359.72,-0.01,31.5052,11.8979,468.4,59.3,1492.382, NAN, NAN, NAN, NAN,,2024/04/17 08:28:48.997,2024-04-17 08:28:48.997000+00:00
2024/04/17, 08:29:48.997,36.175,-74.825, NAN,104.52,190.05,0.29,16.8,16.9,1019.1,1018.9,0.0,0.0,85.1,78.5,11,1,5.8,5.7,80.4,81.9,5.7,5.7,114.2,104.1,1021.2,1021.0,-6.39,359.08,-0.01,31.5144,11.8943,468.4,59.4,1492.381, NAN, NAN, NAN, NAN,,2024/04/17 08:29:48.997,2024-04-17 08:29:48.997000+00:00
2024/04/17, 08:30:48.997,36.175,-74.825, NAN,104.4,129.21,0.06,16.9,16.9,1018.8,1018.8,0.0,0.0,85.1,78.5,13,7,5.8,5.6,81.0,80.8,5.8,5.6,117.7,111.7,1020.9,1020.9,-6.47,360.17,-0.01,31.5338,11.882,469.4,59.4,1492.361, NAN, NAN, NAN, NAN,,2024/04/17 08:30:48.997,2024-04-17 08:30:48.997000+00:00
2024/04/17, 08:31:48.997,36.175,-74.826, NAN,105.73,287.14,0.11,17.0,16.9,1018.8,1018.8,0.0,0.0,85.1,78.5,10,4,5.8,5.6,81.4,80.9,5.8,5.6,115.2,109.2,1020.9,1020.9,-6.45,359.9,-0.01,31.5427,11.8499,469.6,59.5,1492.261, NAN, NAN, NAN, NAN,,2024/04/17 08:31:48.997,2024-04-17 08:31:48.997000+00:00
2024/04/17, 08:32:48.998,36.175,-74.825, NAN,104.22,149.43,0.15,17.0,17.1,1018.9,1018.9,0.0,0.0,85.1,78.5,8,2,5.7,5.5,80.9,81.0,5.6,5.5,111.6,105.6,1021.0,1021.0,-6.36,359.25,-0.01,31.5459,11.8178,471.2,59.5,1492.154, NAN, NAN, NAN, NAN,,2024/04/17 08:32:48.998,2024-04-17 08:32:48.998000+00:00
2024/04/17, 08:33:48.998,36.175,-74.826, NAN,105.34,337.64,0.39,17.0,17.1,1019.0,1019.1,0.0,0.0,85.1,78.5,8,4,5.3,5.2,80.3,80.3,5.4,5.3,114.8,111.0,1021.1,1021.2,-6.36,359.26,-0.01,31.5246,11.8019,467.8,59.4,1492.073, NAN, NAN, NAN, NAN,,2024/04/17 08:33:48.998,2024-04-17 08:33:48.998000+00:00
2024/04/17, 08:34:48.998,36.175,-74.825, NAN,104.81,192.13,0.13,17.0,17.0,1019.1,1019.0,0.0,0.0,85.1,78.5,13,6,5.0,4.9,80.4,80.6,5.0,4.9,117.1,110.0,1021.2,1021.1,-6.26,359.8,-0.01,31.4799,11.808,466.5,59.5,1492.041, NAN, NAN, NAN, NAN,,2024/04/17 08:34:48.998,2024-04-17 08:34:48.998000+00:00
2024/04/17, 08:35:48.998,36.175,-74.825, NAN,104.91,168.0,0.18,17.0,17.0,1019.1,1019.1,0.0,0.0,85.1,78.5,5,1,4.4,4.4,80.9,80.8,4.3,4.3,109.0,104.9,1021.2,1021.2,-6.4,357.84,-0.01,31.5023,11.8276,468.4,59.7,1492.136, NAN, NAN, NAN, NAN,,2024/04/17 08:35:48.998,2024-04-17 08:35:48.998000+00:00
2024/04/17, 08:36:48.998,36.175,-74.826, NAN,105.08,184.27,0.15,16.9,16.9,1019.1,1019.1,0.0,0.0,85.1,78.5,5,359,4.6,4.5,79.3,79.6,4.6,4.5,109.1,103.1,1021.2,1021.2,-6.53,357.57,-0.01,31.4843,11.8583,467.2,59.5,1492.22, NAN, NAN, NAN, NAN,,2024/04/17 08:36:48.998,2024-04-17 08:36:48.998000+00:00
2024/04/17, 08:37:48.998,36.175,-74.826, NAN,104.01,42.79,0.27,16.7,16.8,1019.3,1019.2,0.0,0.0,85.1,78.5,15,5,5.0,4.5,79.7,79.8,5.0,4.5,120.6,110.7,1021.4,1021.3,-6.82,358.74,-0.01,31.4337,11.8084,465.1,59.5,1491.987, NAN, NAN, NAN, NAN,,2024/04/17 08:37:48.998,2024-04-17 08:37:48.998000+00:00
2024/04/17, 08:38:48.998,36.175,-74.826, NAN,105.18,263.46,0.17,16.6,16.7,1019.1,1019.1,0.0,0.0,85.1,78.5,15,8,5.1,4.9,81.9,81.8,5.1,4.9,119.3,112.3,1021.2,1021.2,-6.95,358.98,-0.02,31.3907,11.7961,464.4,59.6,1491.893, NAN, NAN, NAN, NAN,,2024/04/17 08:38:48.998,2024-04-17 08:38:48.998000+00:00
2024/04/17, 08:39:48.998,36.175,-74.825, NAN,104.76,61.96,0.14,16.6,16.7,1019.1,1019.0,0.0,0.0,85.1,78.5,16,10,5.2,5.0,82.5,82.4,5.2,5.0,121.5,115.5,1021.2,1021.1,-6.99,358.99,-0.02,31.37,11.7845,466.2,59.6,1491.828, NAN, NAN, NAN, NAN,,2024/04/17 08:39:48.998,2024-04-17 08:39:48.998000+00:00
2024/04/17, 08:40:48.998,36.175,-74.826, NAN,105.02,192.72,0.2,16.7,16.7,1018.9,1019.0,0.0,0.0,85.1,78.5,21,13,5.4,5.1,82.5,82.4,5.4,5.1,125.0,116.9,1021.0,1021.1,-6.87,360.08,-0.01,31.3899,11.8211,465.4,59.6,1491.979, NAN, NAN, NAN, NAN,,2024/04/17 08:40:48.998,2024-04-17 08:40:48.998000+00:00
2024/04/17, 08:41:48.998,36.175,-74.826, NAN,104.99,221.4,0.07,16.8,16.8,1018.9,1019.0,0.0,0.0,85.1,78.5,20,16,5.8,5.6,82.8,82.9,5.8,5.6,124.6,120.6,1021.0,1021.1,-6.72,360.77,-0.02,31.414,11.861,467.5,59.7,1492.146, NAN, NAN, NAN, NAN,,2024/04/17 08:41:48.998,2024-04-17 08:41:48.998000+00:00
2024/04/17, 08:42:48.998,36.175,-74.825, NAN,104.45,166.64,0.36,17.0,17.0,1019.0,1018.9,0.0,0.0,85.1,78.5,19,13,5.5,5.3,82.6,82.8,5.4,5.2,121.9,115.8,1021.1,1021.0,-6.48,360.64,-0.01,31.4246,11.8864,465.1,59.6,1492.246, NAN, NAN, NAN, NAN,,2024/04/17 08:42:48.998,2024-04-17 08:42:48.998000+00:00
2024/04/17, 08:43:48.998,36.175,-74.825, NAN,104.45,191.15,0.11,17.0,17.0,1018.9,1019.0,0.0,0.0,85.1,78.5,18,11,5.3,5.2,82.5,82.1,5.3,5.2,121.9,114.9,1021.0,1021.1,-6.39,359.76,-0.02,31.4091,11.8711,466.0,59.7,1492.175, NAN, NAN, NAN, NAN,,2024/04/17 08:43:48.998,2024-04-17 08:43:48.998000+00:00
2024/04/17, 08:44:48.998,36.175,-74.825, NAN,104.52,2.93,0.24,17.0,17.0,1019.1,1019.0,0.0,0.0,85.1,78.5,19,13,5.1,5.0,81.3,81.3,5.2,5.1,124.6,118.7,1021.2,1021.1,-6.41,360.63,-0.01,31.3993,11.7964,466.0,59.7,1491.904, NAN, NAN, NAN, NAN,,2024/04/17 08:44:48.998,2024-04-17 08:44:48.998000+00:00
2024/04/17, 08:45:48.998,36.175,-74.825, NAN,105.18,272.18,0.09,17.0,17.0,1019.1,1018.9,0.0,0.0,85.1,78.5,18,10,5.0,4.8,82.1,82.0,5.0,4.8,122.7,114.6,1021.2,1021.0,-6.42,360.34,-0.01,31.4114,11.7914,467.8,59.7,1491.902, NAN, NAN, NAN, NAN,,2024/04/17 08:45:48.998,2024-04-17 08:45:48.998000+00:00
2024/04/17, 08:46:48.998,36.175,-74.825, NAN,104.69,307.64,0.08,17.0,17.0,1019.1,1019.0,0.0,0.0,85.1,78.5,11,10,4.8,4.8,81.9,81.9,4.8,4.8,115.9,114.9,1021.2,1021.1,-6.45,359.22,-0.01,31.3891,11.8383,465.7,59.6,1492.037, NAN, NAN, NAN, NAN,,2024/04/17 08:46:48.998,2024-04-17 08:46:48.998000+00:00
2024/04/17, 08:47:48.999,36.175,-74.826, NAN,103.95,101.23,0.03,16.9,17.0,1019.1,1019.0,0.0,0.0,85.1,78.5,15,5,5.0,4.7,80.6,80.8,5.0,4.7,119.1,109.1,1021.2,1021.1,-6.6,358.79,-0.01,31.4177,11.8644,464.8,59.7,1492.162, NAN, NAN, NAN, NAN,,2024/04/17 08:47:48.999,2024-04-17 08:47:48.999000+00:00
2024/04/17, 08:48:48.999,36.175,-74.826, NAN,105.35,17.16,0.12,16.8,16.9,1019.1,1019.1,0.0,0.0,85.1,78.5,20,14,5.1,4.7,81.1,80.8,5.1,4.7,126.0,120.1,1021.2,1021.2,-6.59,360.44,-0.01,31.414,11.8671,464.4,59.6,1492.167, NAN, NAN, NAN, NAN,,2024/04/17 08:48:48.999,2024-04-17 08:48:48.999000+00:00
2024/04/17, 08:49:48.999,36.175,-74.826, NAN,105.17,202.86,0.2,16.8,16.8,1019.1,1019.1,0.0,0.0,85.1,78.5,21,15,5.0,4.7,82.5,82.3,5.0,4.7,125.0,118.9,1021.2,1021.2,-6.73,361.24,-0.01,31.4208,11.8539,465.4,59.7,1492.129, NAN, NAN, NAN, NAN,,2024/04/17 08:49:48.999,2024-04-17 08:49:48.999000+00:00
2024/04/17, 08:50:48.999,36.175,-74.826, NAN,105.02,306.22,0.02,16.9,16.9,1019.1,1019.2,0.0,0.0,85.1,78.5,17,14,4.8,4.7,82.3,82.3,4.8,4.7,122.1,119.1,1021.2,1021.3,-6.64,361.01,-0.01,31.4481,11.8589,469.4,59.6,1492.179, NAN, NAN, NAN, NAN,,2024/04/17 08:50:48.999,2024-04-17 08:50:48.999000+00:00
2024/04/17, 08:51:48.999,36.175,-74.826, NAN,104.57,219.84,0.13,16.9,17.0,1019.0,1019.0,0.0,0.0,85.1,78.5,18,15,4.7,4.8,81.7,81.8,4.7,4.8,121.8,118.8,1021.1,1021.1,-6.6,361.33,-0.01,31.4479,11.8185,467.2,59.6,1492.039, NAN, NAN, NAN, NAN,,2024/04/17 08:51:48.999,2024-04-17 08:51:48.999000+00:00
2024/04/17, 08:52:48.999,36.175,-74.825, NAN,104.63,30.2,0.36,16.9,17.0,1019.1,1019.2,0.0,0.0,85.1,78.5,13,10,4.8,4.5,82.1,82.0,4.9,4.6,119.7,116.9,1021.2,1021.3,-6.53,359.91,-0.01,31.4237,11.7989,466.5,59.7,1491.942, NAN, NAN, NAN, NAN,,2024/04/17 08:52:48.999,2024-04-17 08:52:48.999000+00:00
2024/04/17, 08:53:48.999,36.175,-74.826, NAN,104.03,196.14,0.28,16.9,17.0,1019.3,1019.1,0.0,0.0,85.1,78.5,18,10,4.9,4.6,81.0,81.1,4.9,4.6,120.4,112.2,1021.4,1021.2,-6.66,360.68,-0.02,31.4248,11.8165,466.5,59.6,1492.005, NAN, NAN, NAN, NAN,,2024/04/17 08:53:48.999,2024-04-17 08:53:48.999000+00:00
2024/04/17, 08:54:48.999,36.175,-74.826, NAN,104.2,359.9,0.3,16.8,16.9,1019.1,1019.0,0.0,0.0,85.1,78.5,17,11,4.9,4.7,81.8,81.7,5.0,4.8,122.6,116.8,1021.2,1021.1,-6.68,361.39,-0.01,31.4366,11.8324,468.4,59.6,1492.074, NAN, NAN, NAN, NAN,,2024/04/17 08:54:48.999,2024-04-17 08:54:48.999000+00:00
2024/04/17, 08:55:48.999,36.175,-74.826, NAN,105.62,139.15,0.15,16.8,16.9,1019.2,1019.3,0.0,0.0,85.1,78.5,19,13,4.9,4.6,82.1,82.0,4.8,4.5,124.1,118.0,1021.3,1021.4,-6.68,362.06,-0.01,31.4374,11.8262,466.2,59.7,1492.053, NAN, NAN, NAN, NAN,,2024/04/17 08:55:48.999,2024-04-17 08:55:48.999000+00:00
2024/04/17, 08:56:48.999,36.175,-74.826, NAN,104.61,103.36,0.1,16.9,16.9,1019.3,1019.1,0.0,0.0,85.1,78.5,17,9,4.8,4.6,82.5,82.0,4.7,4.5,121.6,113.5,1021.4,1021.2,-6.65,362.04,-0.01,31.47,11.8318,468.8,59.7,1492.112, NAN, NAN, NAN, NAN,,2024/04/17 08:56:48.999,2024-04-17 08:56:48.999000+00:00
2024/04/17, 08:57:48.999,36.175,-74.825, NAN,104.3,45.76,0.29,17.0,17.0,1019.3,1019.1,0.0,0.0,85.1,78.5,17,14,4.9,4.7,82.0,82.0,4.9,4.7,123.0,120.1,1021.4,1021.2,-6.55,362.66,-0.01,31.4843,11.8465,469.9,59.7,1492.18, NAN, NAN, NAN, NAN,,2024/04/17 08:57:48.999,2024-04-17 08:57:48.999000+00:00
2024/04/17, 08:58:48.999,36.175,-74.826, NAN,104.58,0.71,0.24,17.0,17.0,1019.2,1019.3,0.0,0.0,85.1,78.5,16,12,4.8,4.7,81.9,82.0,4.8,4.7,122.0,118.1,1021.3,1021.4,-6.51,362.83,-0.01,31.5115,11.8583,470.8,59.7,1492.253, NAN, NAN, NAN, NAN,,2024/04/17 08:58:48.999,2024-04-17 08:58:48.999000+00:00
2024/04/17, 08:59:48.999,36.175,-74.825, NAN,105.0,248.5,0.05,17.1,17.1,1019.3,1019.1,0.0,0.0,85.1,78.5,16,11,4.7,4.7,81.5,81.6,4.7,4.7,120.8,115.8,1021.4,1021.2,-6.42,362.3,-0.01,31.5634,11.8565,474.2,59.6,1492.309, NAN, NAN, NAN, NAN,,2024/04/17 08:59:48.999,2024-04-17 08:59:48.999000+00:00
2024/04/17, 09:00:48.999,36.175,-74.826, NAN,105.13,3.8,0.34,17.1,17.1,1019.1,1019.2,0.0,0.0,85.1,78.5,10,6,4.6,4.3,81.2,81.3,4.6,4.3,117.2,113.4,1021.2,1021.3,-6.36,361.09,-0.02,31.5993,11.8629,475.5,59.8,1492.374, NAN, NAN, NAN, NAN,,2024/04/17 09:00:48.999,2024-04-17 09:00:48.999000+00:00
2024/04/17, 09:01:48.999,36.175,-74.825, NAN,105.33,314.15,0.11,17.0,17.1,1019.1,1019.1,0.0,0.0,85.1,78.5,10,4,4.4,4.3,80.2,80.3,4.5,4.4,115.6,109.7,1021.2,1021.2,-6.39,359.74,-0.01,31.6228,11.8624,476.9,59.6,1492.4, NAN, NAN, NAN, NAN,,2024/04/17 09:01:48.999,2024-04-17 09:01:48.999000+00:00
2024/04/17, 09:02:49.000,36.175,-74.825, NAN,104.64,62.22,0.14,16.8,16.9,1019.0,1019.0,0.0,0.0,85.1,78.5,17,9,4.9,4.5,80.1,79.9,4.9,4.5,122.4,114.4,1021.1,1021.1,-6.62,362.44,-0.01,31.6983,11.8494,479.3,59.5,1492.445, NAN, NAN, NAN, NAN,,2024/04/17 09:02:49.000,2024-04-17 09:02:49+00:00
2024/04/17, 09:03:49.000,36.175,-74.825, NAN,104.36,342.08,0.11,16.8,16.9,1019.1,1019.1,0.0,0.0,85.1,78.5,22,15,5.1,4.8,82.4,82.2,5.1,4.8,126.7,119.8,1021.2,1021.2,-6.79,362.67,-0.01,31.6587,11.8406,477.9,59.6,1492.368, NAN, NAN, NAN, NAN,,2024/04/17 09:03:49.000,2024-04-17 09:03:49+00:00
2024/04/17, 09:04:49.000,36.175,-74.825, NAN,104.95,15.31,0.07,16.9,16.9,1019.1,1019.1,0.0,0.0,85.1,78.5,20,17,5.0,4.9,82.7,82.6,5.0,4.9,125.3,122.3,1021.2,1021.2,-6.73,363.07,-0.01,31.6208,11.8091,476.9,59.6,1492.213, NAN, NAN, NAN, NAN,,2024/04/17 09:04:49.000,2024-04-17 09:04:49+00:00
2024/04/17, 09:05:49.000,36.175,-74.825, NAN,104.11,41.4,0.18,17.0,17.0,1019.2,1019.0,0.0,0.0,85.1,78.5,21,15,4.9,4.6,82.3,82.3,4.9,4.6,126.2,120.2,1021.3,1021.1,-6.51,362.71,-0.01,31.6033,11.7877,474.8,59.7,1492.118, NAN, NAN, NAN, NAN,,2024/04/17 09:05:49.000,2024-04-17 09:05:49+00:00
2024/04/17, 09:06:49.000,36.175,-74.825, NAN,105.27,186.77,0.35,17.1,17.1,1018.9,1019.0,0.0,0.0,85.1,78.5,19,14,4.6,4.5,81.3,81.4,4.5,4.4,122.3,117.2,1021.0,1021.1,-6.41,362.03,-0.01,31.5921,11.7584,475.2,59.7,1492.003, NAN, NAN, NAN, NAN,,2024/04/17 09:06:49.000,2024-04-17 09:06:49+00:00
2024/04/17, 09:07:49.000,36.175,-74.825, NAN,105.04,68.32,0.03,17.0,17.1,1019.1,1019.0,0.0,0.0,85.1,78.5,16,12,4.8,4.6,80.9,80.8,4.8,4.6,121.2,117.2,1021.2,1021.1,-6.44,361.89,-0.01,31.5854,11.7842,474.5,59.7,1492.085, NAN, NAN, NAN, NAN,,2024/04/17 09:07:49.000,2024-04-17 09:07:49+00:00
2024/04/17, 09:08:49.000,36.175,-74.825, NAN,105.33,55.15,0.04,17.0,17.0,1019.1,1019.0,0.0,0.0,85.1,78.5,11,6,4.8,4.7,80.9,81.4,4.8,4.7,116.5,111.6,1021.2,1021.1,-6.46,361.31,-0.02,31.6226,11.8124,478.2,59.6,1492.227, NAN, NAN, NAN, NAN,,2024/04/17 09:08:49.000,2024-04-17 09:08:49+00:00
2024/04/17, 09:09:49.000,36.175,-74.825, NAN,104.74,226.44,0.1,16.9,17.0,1019.1,1019.0,0.0,0.0,85.1,78.5,20,11,4.8,4.6,81.2,81.2,4.8,4.6,124.1,115.1,1021.2,1021.1,-6.53,362.35,-0.01,31.6402,11.8206,479.3,59.5,1492.276, NAN, NAN, NAN, NAN,,2024/04/17 09:09:49.000,2024-04-17 09:09:49+00:00
2024/04/17, 09:10:49.000,36.175,-74.825, NAN,104.8,172.81,0.29,16.9,16.9,1019.0,1018.9,0.0,0.0,85.1,78.5,13,7,4.7,4.7,82.4,82.2,4.6,4.6,116.4,110.3,1021.1,1021.0,-6.7,361.84,-0.01,31.6303,11.8107,479.2,59.6,1492.23, NAN, NAN, NAN, NAN,,2024/04/17 09:10:49.000,2024-04-17 09:10:49+00:00
2024/04/17, 09:11:49.000,36.175,-74.825, NAN,105.27,160.85,0.27,16.9,17.0,1019.1,1019.1,0.0,0.0,85.1,78.5,17,13,4.8,4.6,81.9,81.9,4.7,4.5,121.1,117.0,1021.2,1021.2,-6.68,362.67,-0.01,31.5734,11.8153,476.9,59.7,1492.178, NAN, NAN, NAN, NAN,,2024/04/17 09:11:49.000,2024-04-17 09:11:49+00:00
2024/04/17, 09:12:49.000,36.175,-74.825, NAN,105.18,72.12,0.11,16.9,17.0,1019.1,1019.1,0.0,0.0,85.1,78.5,20,14,4.7,4.5,82.4,82.4,4.7,4.5,125.8,119.9,1021.2,1021.2,-6.69,362.61,-0.01,31.5661,11.8204,477.9,59.7,1492.187, NAN, NAN, NAN, NAN,,2024/04/17 09:12:49.000,2024-04-17 09:12:49+00:00
2024/04/17, 09:13:49.000,36.175,-74.825, NAN,105.13,275.01,0.09,16.9,17.0,1019.3,1019.1,0.0,0.0,85.1,78.5,17,11,4.5,4.1,82.2,82.3,4.5,4.1,121.9,116.0,1021.4,1021.2,-6.47,362.5,-0.01,31.5597,11.8323,477.6,59.6,1492.22, NAN, NAN, NAN, NAN,,2024/04/17 09:13:49.000,2024-04-17 09:13:49+00:00
2024/04/17, 09:14:49.000,36.175,-74.825, NAN,104.58,135.44,0.11,16.9,17.0,1019.3,1019.1,0.0,0.0,85.1,78.5,20,16,4.5,4.5,82.1,82.1,4.4,4.4,124.4,120.3,1021.4,1021.2,-6.56,362.6,-0.01,31.5254,11.827,476.9,59.3,1492.161, NAN, NAN, NAN, NAN,,2024/04/17 09:14:49.000,2024-04-17 09:14:49+00:00
2024/04/17, 09:15:49.000,36.175,-74.825, NAN,104.86,44.67,0.01,16.9,17.0,1019.1,1019.2,0.0,0.0,85.1,78.5,20,15,4.5,4.3,82.4,82.4,4.5,4.3,124.8,119.8,1021.2,1021.3,-6.59,362.29,-0.01,31.5144,11.8249,477.2,58.9,1492.141, NAN, NAN, NAN, NAN,,2024/04/17 09:15:49.000,2024-04-17 09:15:49+00:00
2024/04/17, 09:16:49.000,36.175,-74.826, NAN,104.97,347.8,0.39,16.9,17.0,1019.3,1019.1,0.0,0.0,85.1,78.5,19,14,4.5,4.3,82.4,82.4,4.6,4.4,125.7,120.9,1021.4,1021.2,-6.63,362.5,-0.01,31.501,11.813,472.9,58.9,1492.083, NAN, NAN, NAN, NAN,,2024/04/17 09:16:49.000,2024-04-17 09:16:49+00:00
2024/04/17, 09:17:49.000,36.175,-74.825, NAN,104.34,190.38,0.15,16.9,16.9,1019.3,1019.1,0.0,0.0,85.1,78.5,20,14,4.6,4.5,82.3,82.3,4.5,4.4,123.8,117.7,1021.4,1021.2,-6.71,361.85,-0.01,31.4875,11.8005,473.2,59.1,1492.024, NAN, NAN, NAN, NAN,,2024/04/17 09:17:49.000,2024-04-17 09:17:49+00:00
2024/04/17, 09:18:49.001,36.175,-74.825, NAN,105.42,70.53,0.13,16.8,16.9,1019.1,1019.1,0.0,0.0,85.1,78.5,25,18,4.6,4.4,82.3,82.2,4.6,4.4,131.2,124.3,1021.2,1021.2,-6.77,362.35,-0.01,31.4844,11.7962,473.6,59.2,1492.005, NAN, NAN, NAN, NAN,,2024/04/17 09:18:49.001,2024-04-17 09:18:49.001000+00:00
2024/04/17, 09:19:49.001,36.175,-74.825, NAN,105.13,261.38,0.1,16.8,16.9,1019.2,1019.1,0.0,0.0,85.1,78.5,26,21,4.4,4.4,82.9,82.8,4.4,4.4,130.6,125.7,1021.3,1021.2,-6.72,362.67,-0.01,31.4719,11.7843,474.8,59.3,1491.949, NAN, NAN, NAN, NAN,,2024/04/17 09:19:49.001,2024-04-17 09:19:49.001000+00:00
2024/04/17, 09:20:49.001,36.175,-74.825, NAN,104.54,2.83,0.14,16.9,16.9,1019.3,1019.1,0.0,0.0,85.1,78.5,29,25,4.6,4.7,83.0,82.8,4.6,4.7,134.4,130.4,1021.4,1021.2,-6.78,362.94,-0.01,31.4845,11.7824,474.8,59.3,1491.958, NAN, NAN, NAN, NAN,,2024/04/17 09:20:49.001,2024-04-17 09:20:49.001000+00:00
2024/04/17, 09:21:49.001,36.175,-74.825, NAN,104.45,213.71,0.26,17.0,17.0,1019.1,1019.1,0.0,0.0,85.1,78.5,31,24,4.0,4.4,82.9,83.0,3.9,4.3,133.8,126.9,1021.2,1021.2,-6.58,362.97,-0.01,31.4774,11.7655,473.2,59.3,1491.891, NAN, NAN, NAN, NAN,,2024/04/17 09:21:49.001,2024-04-17 09:21:49.001000+00:00
2024/04/17, 09:22:49.001,36.175,-74.825, NAN,104.85,1.0,0.11,16.9,17.0,1019.1,1019.0,0.0,0.0,85.1,78.5,30,25,4.5,4.4,81.8,81.9,4.5,4.4,135.4,130.5,1021.2,1021.1,-6.59,362.58,-0.01,31.4687,11.7715,474.2,59.0,1491.901, NAN, NAN, NAN, NAN,,2024/04/17 09:22:49.001,2024-04-17 09:22:49.001000+00:00
2024/04/17, 09:23:49.001,36.175,-74.825, NAN,105.54,185.13,0.13,16.9,17.0,1019.3,1019.0,0.0,0.0,85.1,78.5,28,24,4.4,4.3,82.2,81.9,4.4,4.3,132.7,128.7,1021.4,1021.1,-6.6,362.42,-0.01,31.4838,11.7831,475.2,59.3,1491.959, NAN, NAN, NAN, NAN,,2024/04/17 09:23:49.001,2024-04-17 09:23:49.001000+00:00
2024/04/17, 09:24:49.001,36.175,-74.825, NAN,104.58,42.81,0.13,16.9,16.9,1019.3,1019.3,0.0,0.0,85.1,78.5,27,22,4.4,4.1,82.1,82.1,4.4,4.1,132.4,127.5,1021.4,1021.4,-6.63,362.69,-0.01,31.4806,11.771,476.9,59.5,1491.914, NAN, NAN, NAN, NAN,,2024/04/17 09:24:49.001,2024-04-17 09:24:49.001000+00:00
2024/04/17, 09:25:49.001,36.175,-74.825, NAN,104.21,4.22,0.2,16.8,16.9,1019.2,1019.3,0.0,0.0,85.1,78.5,25,21,4.1,4.0,82.4,82.4,4.2,4.1,130.4,126.5,1021.3,1021.4,-6.63,361.94,-0.02,31.4793,11.7773,474.2,59.6,1491.934, NAN, NAN, NAN, NAN,,2024/04/17 09:25:49.001,2024-04-17 09:25:49.001000+00:00
2024/04/17, 09:26:49.001,36.175,-74.825, NAN,104.81,94.94,0.13,16.8,16.8,1019.3,1019.2,0.0,0.0,85.1,78.5,28,22,4.0,4.0,82.2,82.1,4.0,3.9,133.5,127.4,1021.4,1021.3,-6.78,362.65,-0.01,31.4602,11.7709,474.8,59.5,1491.889, NAN, NAN, NAN, NAN,,2024/04/17 09:26:49.001,2024-04-17 09:26:49.001000+00:00
2024/04/17, 09:27:49.001,36.175,-74.825, NAN,104.63,198.08,0.13,16.8,16.8,1019.3,1019.4,0.0,0.0,85.1,78.5,24,20,3.9,3.8,83.0,82.9,3.9,3.8,127.7,123.7,1021.4,1021.5,-6.77,362.08,-0.01,31.4379,11.772,474.2,59.4,1491.866, NAN, NAN, NAN, NAN,,2024/04/17 09:27:49.001,2024-04-17 09:27:49.001000+00:00
2024/04/17, 09:28:49.001,36.175,-74.825, NAN,104.16,93.42,0.16,16.8,16.8,1019.4,1019.3,0.0,0.0,85.1,78.5,20,10,3.9,3.6,82.7,82.8,3.8,3.5,125.0,114.9,1021.5,1021.4,-6.96,360.92,-0.01,31.4324,11.7118,475.2,59.6,1491.65, NAN, NAN, NAN, NAN,,2024/04/17 09:28:49.001,2024-04-17 09:28:49.001000+00:00
2024/04/17, 09:29:49.001,36.175,-74.825, NAN,105.12,189.21,0.16,16.6,16.7,1019.4,1019.4,0.0,0.0,85.1,78.5,32,26,4.1,4.2,82.4,82.2,4.0,4.2,136.2,130.2,1021.5,1021.5,-6.94,363.24,-0.01,31.4182,11.6905,473.2,59.5,1491.559, NAN, NAN, NAN, NAN,,2024/04/17 09:29:49.001,2024-04-17 09:29:49.001000+00:00
2024/04/17, 09:30:49.001,36.175,-74.825, NAN,105.24,14.96,0.29,16.6,16.7,1019.4,1019.4,0.0,0.0,85.1,78.5,32,28,3.9,4.8,84.4,84.2,3.9,4.8,139.3,135.0,1021.5,1021.5,-6.93,363.86,-0.01,31.4312,11.7156,475.2,59.7,1491.662, NAN, NAN, NAN, NAN,,2024/04/17 09:30:49.001,2024-04-17 09:30:49.001000+00:00
2024/04/17, 09:31:49.001,36.175,-74.826, NAN,104.11,51.22,0.34,16.8,16.8,1019.3,1019.1,0.0,0.0,85.1,78.5,27,21,3.8,3.9,84.0,84.1,3.8,3.9,133.7,127.7,1021.4,1021.2,-6.72,362.76,-0.01,31.4359,11.7191,474.2,59.7,1491.68, NAN, NAN, NAN, NAN,,2024/04/17 09:31:49.001,2024-04-17 09:31:49.001000+00:00
2024/04/17, 09:32:49.001,36.175,-74.825, NAN,105.94,245.94,0.15,16.8,16.8,1019.3,1019.4,0.0,0.0,85.1,78.5,31,27,4.4,4.5,83.2,83.1,4.4,4.5,136.0,132.0,1021.4,1021.5,-6.64,364.34,-0.01,31.4368,11.7203,474.8,59.7,1491.685, NAN, NAN, NAN, NAN,,2024/04/17 09:32:49.001,2024-04-17 09:32:49.001000+00:00
2024/04/17, 09:33:49.001,36.175,-74.825, NAN,104.33,176.89,0.19,16.8,16.9,1019.3,1019.3,0.0,0.0,85.1,78.5,28,23,4.3,4.2,83.9,83.9,4.2,4.1,131.5,126.4,1021.4,1021.4,-6.68,362.98,-0.01,31.4387,11.6907,475.2,59.7,1491.585, NAN, NAN, NAN, NAN,,2024/04/17 09:33:49.001,2024-04-17 09:33:49.001000+00:00
2024/04/17, 09:34:49.002,36.175,-74.825, NAN,105.17,311.5,0.17,16.8,16.9,1019.3,1019.3,0.0,0.0,85.1,78.5,27,20,4.2,4.1,83.1,83.0,4.3,4.2,132.0,125.1,1021.4,1021.4,-6.58,363.2,-0.01,31.4215,11.675,473.9,59.7,1491.51, NAN, NAN, NAN, NAN,,2024/04/17 09:34:49.002,2024-04-17 09:34:49.002000+00:00
2024/04/17, 09:35:49.002,36.175,-74.825, NAN,105.24,259.81,0.07,16.8,16.9,1019.4,1019.3,0.0,0.0,85.1,78.5,28,24,4.6,4.3,83.1,83.1,4.6,4.3,132.8,128.8,1021.5,1021.4,-6.53,363.73,-0.01,31.4474,11.6675,474.5,59.7,1491.514, NAN, NAN, NAN, NAN,,2024/04/17 09:35:49.002,2024-04-17 09:35:49.002000+00:00
2024/04/17, 09:36:49.002,36.175,-74.826, NAN,105.34,187.85,0.31,16.8,16.9,1019.3,1019.3,0.0,0.0,85.1,78.5,33,24,4.4,4.2,83.6,83.5,4.3,4.1,136.6,127.4,1021.4,1021.4,-6.59,364.17,-0.01,31.4797,11.6848,477.9,59.7,1491.613, NAN, NAN, NAN, NAN,,2024/04/17 09:36:49.002,2024-04-17 09:36:49.002000+00:00
2024/04/17, 09:37:49.002,36.175,-74.826, NAN,104.59,313.25,0.05,16.8,16.9,1019.4,1019.4,0.0,0.0,85.1,78.5,36,30,4.8,5.4,83.8,83.6,4.8,5.4,140.9,134.9,1021.5,1021.5,-6.62,365.3,-0.0,31.5041,11.7245,477.6,59.7,1491.78, NAN, NAN, NAN, NAN,,2024/04/17 09:37:49.002,2024-04-17 09:37:49.002000+00:00
2024/04/17, 09:38:49.002,36.175,-74.825, NAN,104.9,28.22,0.27,17.0,16.9,1019.3,1019.3,0.0,0.0,85.1,78.5,35,31,4.6,5.5,84.5,84.4,4.6,5.5,141.5,137.3,1021.4,1021.4,-6.44,365.01,-0.0,31.527,11.7443,477.2,59.8,1491.876, NAN, NAN, NAN, NAN,,2024/04/17 09:38:49.002,2024-04-17 09:38:49.002000+00:00
2024/04/17, 09:39:49.002,36.175,-74.826, NAN,105.15,185.43,0.35,17.1,17.1,1019.2,1019.3,0.0,0.0,85.1,78.5,33,27,4.3,4.7,83.1,83.4,4.1,4.6,136.9,130.8,1021.3,1021.4,-6.27,364.57,0.0,31.5464,11.7672,479.6,59.7,1491.979, NAN, NAN, NAN, NAN,,2024/04/17 09:39:49.002,2024-04-17 09:39:49.002000+00:00
2024/04/17, 09:40:49.002,36.175,-74.825, NAN,104.79,88.47,0.1,17.1,17.2,1019.2,1019.1,0.0,0.0,85.1,78.5,30,25,4.0,4.2,82.2,82.4,4.0,4.2,135.5,130.4,1021.3,1021.2,-6.27,363.88,0.0,31.5649,11.7488,479.2,59.7,1491.937, NAN, NAN, NAN, NAN,,2024/04/17 09:40:49.002,2024-04-17 09:40:49.002000+00:00
2024/04/17, 09:41:49.002,36.175,-74.825, NAN,105.25,279.22,0.09,17.1,17.1,1019.3,1019.3,0.0,0.0,85.1,78.5,34,27,4.5,4.7,82.1,81.8,4.5,4.7,138.8,131.8,1021.4,1021.4,-6.29,364.76,0.0,31.5707,11.7459,480.9,59.7,1491.934, NAN, NAN, NAN, NAN,,2024/04/17 09:41:49.002,2024-04-17 09:41:49.002000+00:00
2024/04/17, 09:42:49.002,36.175,-74.826, NAN,105.41,73.18,0.07,17.0,17.1,1019.3,1019.1,0.0,0.0,85.1,78.5,34,29,4.8,5.5,82.9,82.8,4.8,5.5,139.7,134.6,1021.4,1021.2,-6.51,365.43,0.01,31.5807,11.7602,480.9,59.7,1491.996, NAN, NAN, NAN, NAN,,2024/04/17 09:42:49.002,2024-04-17 09:42:49.002000+00:00
2024/04/17, 09:43:49.002,36.175,-74.826, NAN,104.4,161.47,0.03,17.1,17.1,1019.1,1019.1,0.0,0.0,85.1,78.5,35,29,5.2,5.8,83.2,83.2,5.2,5.8,139.4,133.4,1021.2,1021.2,-6.38,365.93,0.01,31.5874,11.7783,484.0,59.7,1492.067, NAN, NAN, NAN, NAN,,2024/04/17 09:43:49.002,2024-04-17 09:43:49.002000+00:00
2024/04/17, 09:44:49.002,36.175,-74.825, NAN,104.51,116.95,0.17,17.2,17.2,1019.1,1019.1,0.0,0.0,85.1,78.5,33,30,4.1,5.4,83.2,83.1,4.0,5.3,138.0,134.8,1021.2,1021.2,-6.32,365.98,0.01,31.5838,11.7865,484.9,59.7,1492.091, NAN, NAN, NAN, NAN,,2024/04/17 09:44:49.002,2024-04-17 09:44:49.002000+00:00
2024/04/17, 09:45:49.002,36.175,-74.826, NAN,104.37,202.34,0.04,17.3,17.3,1019.0,1019.3,0.0,0.0,85.1,78.5,32,27,4.6,5.2,82.5,82.6,4.6,5.2,136.1,131.2,1021.1,1021.4,-6.15,364.95,0.01,31.5434,11.7482,479.6,59.7,1491.91, NAN, NAN, NAN, NAN,,2024/04/17 09:45:49.002,2024-04-17 09:45:49.002000+00:00
2024/04/17, 09:46:49.002,36.175,-74.825, NAN,104.93,343.15,0.19,17.3,17.3,1019.1,1019.0,0.0,0.0,85.1,78.5,32,26,5.0,5.0,81.9,81.9,5.1,5.1,137.4,131.5,1021.2,1021.1,-6.21,365.2,0.02,31.4945,11.723,479.3,59.7,1491.764, NAN, NAN, NAN, NAN,,2024/04/17 09:46:49.002,2024-04-17 09:46:49.002000+00:00
2024/04/17, 09:47:49.002,36.175,-74.825, NAN,105.27,13.14,0.29,17.2,17.2,1019.1,1019.1,0.0,0.0,85.1,78.5,34,30,5.4,6.2,82.2,82.0,5.5,6.3,140.5,136.4,1021.2,1021.2,-6.29,365.97,0.02,31.4825,11.7402,480.3,59.7,1491.809, NAN, NAN, NAN, NAN,,2024/04/17 09:47:49.002,2024-04-17 09:47:49.002000+00:00
2024/04/17, 09:48:49.002,36.175,-74.825, NAN,104.42,219.67,0.28,17.2,17.2,1019.1,1019.1,0.0,0.0,85.1,78.5,37,32,5.8,7.0,82.8,82.7,5.8,7.0,140.0,135.2,1021.2,1021.2,-6.2,366.76,0.03,31.469,11.7643,479.6,59.7,1491.876, NAN, NAN, NAN, NAN,,2024/04/17 09:48:49.002,2024-04-17 09:48:49.002000+00:00
2024/04/17, 09:49:49.002,36.175,-74.825, NAN,104.94,230.31,0.17,17.3,17.3,1019.1,1019.0,0.0,0.0,85.1,78.5,35,30,5.3,6.6,82.6,82.6,5.3,6.6,139.1,134.2,1021.2,1021.1,-6.19,366.88,0.04,31.47,11.7943,480.0,59.7,1491.982, NAN, NAN, NAN, NAN,,2024/04/17 09:49:49.002,2024-04-17 09:49:49.002000+00:00
2024/04/17, 09:50:49.003,36.175,-74.825, -0.23,105.12,158.46,0.25,17.4,17.4,1019.0,1019.1,0.0,0.0,85.1,78.5,36,31,5.8,6.8,81.8,81.9,5.7,6.7,140.6,135.6,1021.1,1021.2,-6.11,367.65,0.06,31.4475,11.8019,479.2,59.3,1491.981, NAN, NAN, NAN, NAN,,2024/04/17 09:50:49.003,2024-04-17 09:50:49.003000+00:00
2024/04/17, 09:51:49.003,36.175,-74.826, -0.20,105.49,43.07,0.13,17.5,17.5,1019.0,1019.1,0.0,0.0,85.1,78.5,36,32,5.9,6.7,82.0,82.1,5.9,6.7,142.1,138.0,1021.1,1021.2,-6.14,367.59,0.08,31.4353,11.761,479.2,59.6,1491.825, NAN, NAN, NAN, NAN,,2024/04/17 09:51:49.003,2024-04-17 09:51:49.003000+00:00
2024/04/17, 09:52:49.003,36.175,-74.825, -0.19,104.85,189.33,0.37,17.5,17.5,1019.0,1019.1,0.0,0.0,85.1,78.5,36,32,5.9,7.0,81.8,81.8,5.8,6.9,139.4,135.6,1021.1,1021.2,-5.96,367.26,0.1,31.4487,11.7473,479.3,59.6,1491.793, NAN, NAN, NAN, NAN,,2024/04/17 09:52:49.003,2024-04-17 09:52:49.003000+00:00
2024/04/17, 09:53:49.003,36.175,-74.826, -0.22,105.53,314.04,0.28,17.6,17.6,1019.0,1019.0,0.0,0.0,85.1,78.5,33,29,5.0,6.3,81.1,81.2,5.1,6.4,138.3,134.4,1021.1,1021.1,-5.89,366.4,0.12,31.454,11.7363,477.6,59.6,1491.761, NAN, NAN, NAN, NAN,,2024/04/17 09:53:49.003,2024-04-17 09:53:49.003000+00:00
2024/04/17, 09:54:49.003,36.175,-74.826, -0.22,105.15,203.81,0.09,17.5,17.5,1019.2,1018.9,0.0,0.0,85.1,78.5,32,27,5.0,5.6,80.3,80.4,5.0,5.6,136.7,131.7,1021.3,1021.0,-5.87,365.14,0.15,31.4859,11.7249,481.9,59.6,1491.76, NAN, NAN, NAN, NAN,,2024/04/17 09:54:49.003,2024-04-17 09:54:49.003000+00:00
2024/04/17, 09:55:49.003,36.175,-74.825, -0.10,104.06,166.28,0.08,17.3,17.4,1019.0,1018.9,0.0,0.0,85.1,78.5,34,29,5.5,5.3,80.1,80.1,5.5,5.3,138.0,133.0,1021.1,1021.0,-6.2,366.37,0.19,31.4966,11.7469,482.7,59.7,1491.849, NAN, NAN, NAN, NAN,,2024/04/17 09:55:49.003,2024-04-17 09:55:49.003000+00:00
2024/04/17, 09:56:49.003,36.175,-74.825, -0.20,104.97,358.54,0.15,17.1,17.2,1019.0,1019.0,0.0,0.0,85.1,78.5,36,31,5.9,7.3,81.8,81.5,6.0,7.4,141.3,136.3,1021.1,1021.1,-6.41,367.29,0.25,31.4875,11.7624,482.2,59.8,1491.892, NAN, NAN, NAN, NAN,,2024/04/17 09:56:49.003,2024-04-17 09:56:49.003000+00:00
2024/04/17, 09:57:49.003,36.175,-74.825, -0.19,104.98,316.6,0.04,17.2,17.2,1018.9,1019.0,0.0,0.0,85.1,78.5,38,33,6.2,7.9,83.0,82.9,6.2,7.9,142.9,137.9,1021.0,1021.1,-6.31,368.46,0.31,31.4703,11.7653,480.3,59.7,1491.881, NAN, NAN, NAN, NAN,,2024/04/17 09:57:49.003,2024-04-17 09:57:49.003000+00:00
2024/04/17, 09:58:49.003,36.175,-74.825, -0.21,105.04,119.78,0.07,17.3,17.3,1018.9,1018.9,0.0,0.0,85.1,78.5,38,32,6.3,7.9,83.3,83.4,6.3,7.9,143.2,137.1,1021.0,1021.0,-6.3,368.84,0.38,31.4513,11.7857,482.2,59.7,1491.929, NAN, NAN, NAN, NAN,,2024/04/17 09:58:49.003,2024-04-17 09:58:49.003000+00:00
2024/04/17, 09:59:49.003,36.175,-74.825, -0.17,104.53,164.48,0.13,17.5,17.4,1019.0,1019.0,0.0,0.0,85.1,78.5,37,31,6.3,7.6,82.9,83.0,6.2,7.5,141.3,135.3,1021.1,1021.1,-6.13,368.85,0.47,31.4425,11.7343,483.0,59.7,1491.741, NAN, NAN, NAN, NAN,,2024/04/17 09:59:49.003,2024-04-17 09:59:49.003000+00:00
2024/04/17, 10:00:49.003,36.175,-74.825, -0.18,109.12,156.84,0.23,17.5,17.5,1018.9,1019.0,0.0,0.0,85.1,78.5,34,32,5.8,7.8,81.9,82.0,5.7,7.7,143.4,141.3,1021.0,1021.1,-5.9,368.37,0.58,31.4334,11.7448,483.6,59.8,1491.766, NAN, NAN, NAN, NAN,,2024/04/17 10:00:49.003,2024-04-17 10:00:49.003000+00:00
2024/04/17, 10:01:49.003,36.175,-74.825, 0.02,135.16,17.93,0.13,17.5,17.6,1018.9,1019.0,0.0,0.0,85.1,78.5,8,13,6.5,6.3,81.4,81.4,6.5,6.3,143.7,148.7,1021.0,1021.1,-5.84,369.14,0.74,31.4381,11.7863,484.0,59.9,1491.916, NAN, NAN, NAN, NAN,,2024/04/17 10:01:49.003,2024-04-17 10:01:49.003000+00:00
2024/04/17, 10:02:49.003,36.175,-74.825, 0.05,143.12,7.64,0.24,17.5,17.6,1019.0,1019.1,0.0,0.0,85.1,78.5,357,355,6.3,6.4,82.1,81.9,6.4,6.5,140.9,138.9,1021.1,1021.2,-5.67,370.86,0.91,31.4374,11.882,483.0,59.9,1492.246, NAN, NAN, NAN, NAN,,2024/04/17 10:02:49.003,2024-04-17 10:02:49.003000+00:00
2024/04/17, 10:03:49.003,36.175,-74.825, 0.15,143.15,139.57,0.14,17.7,17.7,1019.1,1018.8,0.0,0.0,85.1,78.5,357,353,6.2,6.2,82.6,82.7,6.2,6.2,139.5,135.5,1021.2,1020.9,-5.52,370.68,1.13,31.4206,11.9234,485.2,59.8,1492.369, NAN, NAN, NAN, NAN,,2024/04/17 10:03:49.003,2024-04-17 10:03:49.003000+00:00
2024/04/17, 10:04:49.003,36.175,-74.825, 0.18,142.19,223.06,0.08,17.8,17.8,1019.1,1019.0,0.0,0.0,85.1,78.5,355,347,5.8,5.7,81.5,81.7,5.8,5.7,136.8,128.8,1021.2,1021.1,-5.3,368.99,1.4,31.4411,11.9065,487.0,59.9,1492.335, NAN, NAN, NAN, NAN,,2024/04/17 10:04:49.003,2024-04-17 10:04:49.003000+00:00
2024/04/17, 10:05:49.003,36.175,-74.825, 0.10,142.07,257.71,0.16,17.8,17.8,1019.0,1019.1,0.0,0.0,85.1,78.5,355,348,6.0,5.8,81.4,80.3,6.0,5.8,136.3,129.3,1021.1,1021.2,-5.33,369.47,1.75,31.4378,11.8995,486.4,59.9,1492.307, NAN, NAN, NAN, NAN,,2024/04/17 10:05:49.003,2024-04-17 10:05:49.003000+00:00
2024/04/17, 10:06:49.004,36.175,-74.825, 0.11,142.26,29.37,0.24,17.7,17.8,1019.0,1019.1,0.0,0.0,85.1,78.5,352,347,5.5,5.7,81.2,81.1,5.5,5.7,135.5,130.5,1021.1,1021.2,-5.11,368.41,2.26,31.5124,11.9191,489.1,59.9,1492.464, NAN, NAN, NAN, NAN,,2024/04/17 10:06:49.004,2024-04-17 10:06:49.004000+00:00
2024/04/17, 10:07:49.004,36.175,-74.825, 0.10,142.25,138.33,0.09,17.7,17.7,1019.2,1019.1,0.0,0.0,85.1,78.5,355,348,5.6,5.5,80.8,80.9,5.6,5.5,136.9,129.9,1021.3,1021.2,-4.59,368.89,2.85,31.5344,11.9258,491.6,59.8,1492.514, NAN, NAN, NAN, NAN,,2024/04/17 10:07:49.004,2024-04-17 10:07:49.004000+00:00
2024/04/17, 10:08:49.004,36.175,-74.825, 0.24,142.52,143.95,0.31,17.6,17.6,1019.2,1019.2,0.0,0.0,85.1,78.5,357,350,5.9,5.6,81.4,81.4,5.7,5.4,139.3,132.1,1021.3,1021.3,-4.28,368.86,3.57,31.5481,11.8948,493.4,59.8,1492.423, NAN, NAN, NAN, NAN,,2024/04/17 10:08:49.004,2024-04-17 10:08:49.004000+00:00
2024/04/17, 10:09:49.004,36.175,-74.825, 0.50,142.28,155.69,0.62,17.6,17.6,1019.1,1019.1,0.0,0.0,85.1,78.5,357,354,5.7,6.0,81.4,82.1,5.4,5.7,138.4,135.3,1021.2,1021.2,-3.64,369.58,4.43,31.5351,11.8458,492.0,59.7,1492.238, NAN, NAN, NAN, NAN,,2024/04/17 10:09:49.004,2024-04-17 10:09:49.004000+00:00
2024/04/17, 10:10:49.004,36.175,-74.825, 0.81,142.8,181.0,0.55,17.6,17.6,1019.2,1019.3,0.0,0.0,85.1,78.5,356,350,5.7,5.6,82.2,82.5,5.4,5.4,137.7,131.4,1021.3,1021.4,-3.03,368.69,5.58,31.487,11.8336,488.9,59.8,1492.138, NAN, NAN, NAN, NAN,,2024/04/17 10:10:49.004,2024-04-17 10:10:49.004000+00:00
2024/04/17, 10:11:49.004,36.174,-74.825, 1.04,142.04,158.96,0.83,17.5,17.5,1019.3,1019.1,0.0,0.0,85.1,78.5,355,351,5.6,5.8,81.9,81.9,5.2,5.4,135.8,131.6,1021.4,1021.2,-2.33,369.05,6.69,31.4711,11.9083,490.7,59.7,1492.377, NAN, NAN, NAN, NAN,,2024/04/17 10:11:49.004,2024-04-17 10:11:49.004000+00:00
2024/04/17, 10:12:49.004,36.174,-74.825, 1.08,142.33,155.76,1.0,17.4,17.5,1019.3,1019.3,0.0,0.0,85.1,78.5,357,351,5.7,5.7,81.9,82.1,5.2,5.2,138.5,131.9,1021.4,1021.4,-1.86,369.21,7.69,31.4626,11.968,488.6,59.9,1492.574, NAN, NAN, NAN, NAN,,2024/04/17 10:12:49.004,2024-04-17 10:12:49.004000+00:00
2024/04/17, 10:13:49.004,36.174,-74.825, 1.14,141.76,145.19,1.07,17.3,17.4,1019.3,1019.1,0.0,0.0,85.1,78.5,0,354,5.6,5.6,82.7,82.7,5.1,5.1,141.7,135.0,1021.4,1021.2,-2.03,369.44,8.32,31.4754,12.0424,488.6,60.2,1492.845, NAN, NAN, NAN, NAN,,2024/04/17 10:13:49.004,2024-04-17 10:13:49.004000+00:00
2024/04/17, 10:14:49.004,36.174,-74.824, 1.19,141.96,137.98,1.0,17.3,17.3,1019.3,1019.3,0.0,0.0,85.1,78.5,359,355,5.4,5.4,83.2,83.1,4.9,4.9,141.1,136.7,1021.4,1021.4,-3.0,369.19,8.63,31.4936,12.0888,491.0,60.2,1493.027, NAN, NAN, NAN, NAN,,2024/04/17 10:14:49.004,2024-04-17 10:14:49.004000+00:00
2024/04/17, 10:15:49.004,36.173,-74.824, 1.15,142.98,141.01,1.12,17.3,17.3,1019.4,1019.3,0.0,0.0,85.1,78.5,3,357,5.6,5.5,83.0,83.1,5.0,4.9,146.2,139.5,1021.5,1021.4,-3.64,369.88,9.61,31.4759,12.1098,492.8,60.2,1493.078, NAN, NAN, NAN, NAN,,2024/04/17 10:15:49.004,2024-04-17 10:15:49.004000+00:00
2024/04/17, 10:16:49.004,36.173,-74.824, 1.14,142.47,133.5,1.13,17.3,17.3,1019.4,1019.4,0.0,0.0,85.1,78.5,3,357,5.6,5.4,83.5,83.4,5.0,4.8,145.8,139.1,1021.5,1021.5,-3.16,369.67,11.49,31.387,12.1194,488.9,60.3,1493.005, NAN, NAN, NAN, NAN,,2024/04/17 10:16:49.004,2024-04-17 10:16:49.004000+00:00
2024/04/17, 10:17:49.004,36.173,-74.824, 1.15,141.88,125.2,1.19,17.3,17.3,1019.4,1019.4,0.0,0.0,85.1,78.5,2,357,5.5,5.4,83.6,83.5,4.9,4.8,145.3,139.7,1021.5,1021.5,-2.21,369.37,13.92,31.4003,12.1207,491.3,60.3,1493.025, NAN, NAN, NAN, NAN,,2024/04/17 10:17:49.004,2024-04-17 10:17:49.004000+00:00
2024/04/17, 10:18:49.004,36.173,-74.824, 1.15,142.04,181.28,1.08,17.3,17.4,1019.4,1019.5,0.0,0.0,85.1,78.5,3,357,5.2,5.1,83.8,83.8,4.7,4.6,142.8,136.1,1021.5,1021.6,-0.86,370.15,16.72,31.3542,12.1175,486.4,60.4,1492.959, NAN, NAN, NAN, NAN,,2024/04/17 10:18:49.004,2024-04-17 10:18:49.004000+00:00
2024/04/17, 10:19:49.004,36.172,-74.823, 1.16,142.69,181.93,1.42,17.3,17.4,1019.5,1019.3,0.0,0.0,85.1,78.5,1,359,5.5,5.5,83.9,83.8,4.9,4.9,139.8,137.6,1021.6,1021.4,0.27,370.88,19.82,31.3277,12.1109,485.6,60.3,1492.905, NAN, NAN, NAN, NAN,,2024/04/17 10:19:49.004,2024-04-17 10:19:49.004000+00:00
2024/04/17, 10:20:49.004,36.172,-74.823, 1.15,142.78,146.9,1.09,17.4,17.4,1019.4,1019.4,0.0,0.0,85.1,78.5,4,358,5.5,5.5,84.2,84.3,4.9,4.9,146.8,140.1,1021.5,1021.5,1.06,371.41,22.85,31.3003,12.1029,484.9,60.4,1492.845, NAN, NAN, NAN, NAN,,2024/04/17 10:20:49.004,2024-04-17 10:20:49.004000+00:00
2024/04/17, 10:21:49.004,36.172,-74.823, 1.21,143.08,164.17,1.12,17.5,17.5,1019.6,1019.4,0.0,0.0,85.1,78.5,5,359,5.4,5.4,83.8,83.8,4.8,4.8,147.5,140.8,1021.7,1021.5,1.25,371.47,24.66,31.265,12.0948,484.9,60.3,1492.775, NAN, NAN, NAN, NAN,,2024/04/17 10:21:49.004,2024-04-17 10:21:49.004000+00:00
2024/04/17, 10:22:49.005,36.172,-74.823, 1.21,142.17,143.24,1.07,17.5,17.5,1019.5,1019.5,0.0,0.0,85.1,78.5,0,357,4.9,4.9,83.4,83.4,4.4,4.4,141.4,138.0,1021.6,1021.6,0.97,370.03,26.1,31.2671,12.0903,484.6,60.4,1492.762, NAN, NAN, NAN, NAN,,2024/04/17 10:22:49.005,2024-04-17 10:22:49.005000+00:00
2024/04/17, 10:23:49.005,36.171,-74.823, 1.18,141.7,170.22,1.26,17.5,17.5,1019.5,1019.5,0.0,0.0,85.1,78.5,0,356,4.6,4.7,82.2,82.4,4.0,4.1,138.8,134.3,1021.6,1021.6,0.91,369.43,27.82,31.252,12.0883,485.2,60.4,1492.737, NAN, NAN, NAN, NAN,,2024/04/17 10:23:49.005,2024-04-17 10:23:49.005000+00:00
2024/04/17, 10:24:49.005,36.171,-74.822, 1.15,149.67,158.88,1.37,17.4,17.4,1019.7,1019.6,0.0,0.0,85.1,78.5,353,346,4.1,4.1,82.1,82.2,3.4,3.4,140.0,131.7,1021.8,1021.7,1.34,367.65,30.83,31.2634,12.0849,487.0,60.4,1492.739, NAN, NAN, NAN, NAN,,2024/04/17 10:24:49.005,2024-04-17 10:24:49.005000+00:00
2024/04/17, 10:25:49.005,36.171,-74.822, 1.73,187.41,170.62,1.66,17.2,17.2,1019.6,1019.6,0.0,0.0,85.1,78.5,327,332,4.0,4.3,81.5,81.4,3.2,3.5,148.8,155.4,1021.7,1021.7,2.35,367.51,35.19,31.2487,12.0793,485.7,60.4,1492.702, NAN, NAN, NAN, NAN,,2024/04/17 10:25:49.005,2024-04-17 10:25:49.005000+00:00
2024/04/17, 10:26:49.005,36.17,-74.823, 2.06,246.82,245.71,2.0,17.0,17.0,1019.8,1019.5,0.0,0.0,85.1,78.5,267,301,3.2,5.0,82.5,82.4,3.3,4.5,135.8,177.1,1021.9,1021.6,3.42,367.71,39.41,31.2971,12.0726,487.6,60.4,1492.737, NAN, NAN, NAN, NAN,,2024/04/17 10:26:49.005,2024-04-17 10:26:49.005000+00:00
2024/04/17, 10:27:49.005,36.17,-74.823, 1.71,309.31,279.29,2.03,16.8,16.9,1019.7,1019.6,0.0,0.0,85.1,78.5,189,211,3.1,2.7,83.2,83.1,4.0,3.5,131.2,146.8,1021.8,1021.7,4.54,368.92,43.8,31.3003,12.0644,486.7,60.4,1492.712, NAN, NAN, NAN, NAN,,2024/04/17 10:27:49.005,2024-04-17 10:27:49.005000+00:00
2024/04/17, 10:28:49.005,36.171,-74.824, 2.09,336.01,340.64,2.78,16.7,16.8,1019.7,1019.7,0.0,0.0,85.1,78.5,146,145,2.5,2.4,85.3,85.0,3.8,3.7,134.7,134.4,1021.8,1021.8,5.82,368.0,49.51,31.2731,12.0528,487.6,60.4,1492.64, NAN, NAN, NAN, NAN,,2024/04/17 10:28:49.005,2024-04-17 10:28:49.005000+00:00
2024/04/17, 10:29:49.005,36.172,-74.824, 4.77,334.61,337.85,5.09,16.7,16.7,1019.7,1019.7,0.0,0.0,85.1,78.5,105,115,0.9,1.1,83.8,83.6,3.0,3.2,139.3,138.2,1021.8,1021.8,7.27,366.18,55.88,31.3191,12.052,487.3,60.5,1492.692, NAN, NAN, NAN, NAN,,2024/04/17 10:29:49.005,2024-04-17 10:29:49.005000+00:00
2024/04/17, 10:30:49.005,36.173,-74.825, 6.38,331.65,327.58,6.51,16.5,16.5,1019.7,1019.7,0.0,0.0,85.1,78.5,104,70,0.9,1.4,82.2,82.4,3.7,3.2,137.0,126.0,1021.8,1021.8,8.01,365.58,61.85,31.3033,12.0793,487.3,60.6,1492.767, NAN, NAN, NAN, NAN,,2024/04/17 10:30:49.005,2024-04-17 10:30:49.005000+00:00
2024/04/17, 10:31:49.005,36.175,-74.826, 7.20,329.79,328.82,7.26,16.2,16.1,1019.6,1019.7,0.0,0.0,85.1,78.5,97,80,1.4,1.7,82.4,82.7,4.1,3.8,131.1,124.8,1021.7,1021.8,8.64,366.89,66.64,31.2793,12.0199,486.4,60.7,1492.534, NAN, NAN, NAN, NAN,,2024/04/17 10:31:49.005,2024-04-17 10:31:49.005000+00:00
2024/04/17, 10:32:49.005,36.177,-74.827, 7.45,330.83,330.28,7.66,16.1,16.0,1019.7,1019.6,0.0,0.0,85.1,78.5,100,73,1.6,1.7,85.6,86.0,4.5,3.8,130.3,125.5,1021.8,1021.7,9.65,368.3,72.92,31.2478,11.9884,485.7,60.9,1492.388, NAN, NAN, NAN, NAN,,2024/04/17 10:32:49.005,2024-04-17 10:32:49.005000+00:00
2024/04/17, 10:33:49.005,36.179,-74.829, 7.67,331.87,328.53,7.75,16.2,16.1,1019.7,1019.6,0.0,0.0,85.1,78.5,91,91,1.3,1.6,87.2,87.5,4.3,4.4,131.5,127.9,1021.8,1021.7,11.01,367.84,78.45,31.2401,12.0017,485.6,60.8,1492.424, NAN, NAN, NAN, NAN,,2024/04/17 10:33:49.005,2024-04-17 10:33:49.005000+00:00
2024/04/17, 10:34:49.005,36.18,-74.83, 7.79,331.06,331.46,7.94,16.3,16.3,1019.6,1019.7,0.0,0.0,85.1,78.5,99,93,0.8,1.2,87.2,87.6,4.3,4.3,141.4,135.9,1021.7,1021.8,11.92,367.37,82.52,31.2764,12.0014,487.6,60.8,1492.467, NAN, NAN, NAN, NAN,,2024/04/17 10:34:49.005,2024-04-17 10:34:49.005000+00:00
2024/04/17, 10:35:49.005,36.182,-74.831, 7.79,331.15,326.34,7.9,16.3,16.3,1019.7,1019.5,0.0,0.0,85.1,78.5,93,100,1.1,0.8,86.2,87.5,4.3,4.3,134.2,138.4,1021.8,1021.6,13.4,367.07,87.89,31.2553,11.998,486.4,60.8,1492.43, NAN, NAN, NAN, NAN,,2024/04/17 10:35:49.005,2024-04-17 10:35:49.005000+00:00
2024/04/17, 10:36:49.005,36.184,-74.833, 7.92,329.88,332.63,8.06,16.2,16.4,1019.7,1019.6,0.0,0.0,85.1,78.5,82,60,1.5,2.9,86.1,86.6,4.2,3.6,131.1,108.6,1021.8,1021.7,15.06,367.25,96.93,31.2375,11.9745,483.0,60.8,1492.327, NAN, NAN, NAN, NAN,,2024/04/17 10:36:49.005,2024-04-17 10:36:49.005000+00:00
2024/04/17, 10:37:49.006,36.186,-74.834, 7.97,331.57,333.07,8.12,16.2,16.4,1019.6,1019.5,0.0,0.0,85.1,78.5,75,61,1.6,2.8,86.6,86.4,4.0,3.7,130.5,111.7,1021.7,1021.6,17.11,368.48,108.87,31.2259,11.9356,483.3,60.8,1492.179, NAN, NAN, NAN, NAN,,2024/04/17 10:37:49.006,2024-04-17 10:37:49.006000+00:00
2024/04/17, 10:38:49.006,36.188,-74.835, 7.99,331.31,332.63,8.05,16.3,16.4,1019.7,1019.6,0.0,0.0,85.1,78.5,75,58,1.5,2.4,87.5,87.0,4.0,3.5,131.0,116.8,1021.8,1021.7,19.32,369.07,119.91,31.2353,11.8923,484.0,60.9,1492.041, NAN, NAN, NAN, NAN,,2024/04/17 10:38:49.006,2024-04-17 10:38:49.006000+00:00
2024/04/17, 10:39:49.006,36.19,-74.836, 8.01,331.12,329.57,8.05,16.4,16.5,1019.7,1019.7,0.0,0.0,85.1,78.5,59,49,1.3,2.7,87.8,87.3,3.7,3.2,132.6,109.8,1021.8,1021.8,21.59,368.94,137.23,31.2567,11.8448,486.4,60.8,1491.902, NAN, NAN, NAN, NAN,,2024/04/17 10:39:49.006,2024-04-17 10:39:49.006000+00:00
2024/04/17, 10:40:49.006,36.192,-74.838, 7.99,330.89,331.14,7.99,16.5,16.5,1019.7,1019.7,0.0,0.0,85.1,78.5,50,40,1.8,3.1,87.1,87.3,3.2,2.6,126.7,102.6,1021.8,1021.8,24.49,368.82,152.95,31.2728,11.7772,486.7,60.8,1491.687, NAN, NAN, NAN, NAN,,2024/04/17 10:40:49.006,2024-04-17 10:40:49.006000+00:00
2024/04/17, 10:41:49.006,36.194,-74.839, 8.01,331.54,335.17,7.98,16.5,16.6,1019.8,1019.7,0.0,0.0,85.1,78.5,63,45,1.6,3.0,85.8,85.7,3.6,2.8,130.5,106.3,1021.9,1021.8,25.55,368.79,156.0,31.318,11.7356,484.9,60.7,1491.596, NAN, NAN, NAN, NAN,,2024/04/17 10:41:49.006,2024-04-17 10:41:49.006000+00:00
2024/04/17, 10:42:49.006,36.196,-74.84, 7.98,330.71,333.11,8.03,16.5,16.6,1019.8,1019.8,0.0,0.0,85.1,78.5,60,49,1.9,2.9,85.7,85.6,3.5,3.1,124.8,107.5,1021.9,1021.9,26.24,367.91,156.62,31.3772,11.7394,484.0,60.8,1491.68, NAN, NAN, NAN, NAN,,2024/04/17 10:42:49.006,2024-04-17 10:42:49.006000+00:00
2024/04/17, 10:43:49.006,36.198,-74.841, 5.92,326.21,328.72,5.6,16.5,16.5,1019.9,1019.8,0.0,0.0,85.1,78.5,94,64,1.3,2.6,85.3,85.3,3.2,2.8,125.5,94.9,1022.0,1021.9,27.27,367.64,161.65,31.409,11.7668,484.6,60.6,1491.813, NAN, NAN, NAN, NAN,,2024/04/17 10:43:49.006,2024-04-17 10:43:49.006000+00:00
2024/04/17, 10:44:49.006,36.199,-74.843, 3.99,295.16,307.45,3.7,16.4,16.4,1019.9,1019.8,0.0,0.0,85.1,78.5,213,209,2.3,1.1,85.2,85.3,4.1,3.0,137.3,131.4,1022.0,1021.9,27.64,368.65,154.37,31.414,11.8035,484.0,60.6,1491.947, NAN, NAN, NAN, NAN,,2024/04/17 10:44:49.006,2024-04-17 10:44:49.006000+00:00
2024/04/17, 10:45:49.006,36.199,-74.844, 3.15,303.51,304.12,2.95,16.3,16.4,1019.8,1019.8,0.0,0.0,85.1,78.5,207,222,2.5,1.6,85.8,84.8,3.9,2.9,140.0,144.6,1021.9,1021.9,27.71,370.65,152.47,31.4068,11.8273,482.7,60.6,1492.02, NAN, NAN, NAN, NAN,,2024/04/17 10:45:49.006,2024-04-17 10:45:49.006000+00:00
2024/04/17, 10:46:49.006,36.2,-74.844, 1.91,339.17,304.09,2.22,16.5,16.4,1019.9,1019.8,0.0,0.0,85.1,78.5,142,128,2.2,1.3,88.0,87.9,3.3,2.4,126.3,120.7,1022.0,1021.9,29.46,367.71,158.42,31.3999,11.8431,482.7,60.6,1492.067, NAN, NAN, NAN, NAN,,2024/04/17 10:46:49.006,2024-04-17 10:46:49.006000+00:00
2024/04/17, 10:47:49.006,36.2,-74.844, 0.70,15.71,4.89,1.26,16.4,16.4,1019.8,1019.9,0.0,0.0,85.1,78.5,120,126,3.5,3.2,83.9,83.5,4.0,3.7,142.8,148.6,1021.9,1022.0,30.76,369.87,169.62,31.3845,11.8488,481.6,60.5,1492.068, NAN, NAN, NAN, NAN,,2024/04/17 10:47:49.006,2024-04-17 10:47:49.006000+00:00
2024/04/17, 10:48:49.006,36.2,-74.844, 0.23,44.45,353.01,1.04,16.4,16.4,1019.8,1019.8,0.0,0.0,85.1,78.5,90,98,3.6,3.5,86.8,87.1,3.9,3.9,140.9,148.3,1021.9,1021.9,32.68,369.99,185.1,31.3807,11.8509,481.2,60.4,1492.071, NAN, NAN, NAN, NAN,,2024/04/17 10:48:49.006,2024-04-17 10:48:49.006000+00:00
2024/04/17, 10:49:49.006,36.201,-74.844, 0.13,71.05,43.66,0.74,16.5,16.5,1019.9,1019.9,0.0,0.0,85.1,78.5,63,54,4.1,5.7,87.0,87.3,4.1,5.6,139.4,128.8,1022.0,1022.0,35.37,369.0,196.88,31.3725,11.8525,481.9,60.3,1492.067, NAN, NAN, NAN, NAN,,2024/04/17 10:49:49.006,2024-04-17 10:49:49.006000+00:00
2024/04/17, 10:50:49.006,36.201,-74.844, 0.23,96.81,77.11,0.74,16.5,16.5,1020.0,1019.9,0.0,0.0,85.1,78.5,47,45,4.2,6.1,86.1,86.1,4.0,5.9,148.4,144.8,1022.1,1022.0,38.43,370.84,214.33,31.3681,11.8549,483.3,60.4,1492.07, NAN, NAN, NAN, NAN,,2024/04/17 10:50:49.006,2024-04-17 10:50:49.006000+00:00
2024/04/17, 10:51:49.006,36.201,-74.844, 0.52,126.31,73.88,0.71,16.6,16.6,1020.0,1019.8,0.0,0.0,85.1,78.5,19,23,4.0,4.0,87.6,87.8,3.7,3.7,148.7,153.0,1022.1,1021.9,41.62,370.79,234.67,31.3665,11.8558,482.5,60.4,1492.071, NAN, NAN, NAN, NAN,,2024/04/17 10:51:49.006,2024-04-17 10:51:49.006000+00:00
2024/04/17, 10:52:49.006,36.2,-74.844, 0.73,145.56,151.22,0.71,16.7,16.7,1020.0,1019.8,0.0,0.0,85.1,78.5,5,4,4.5,4.5,86.8,86.8,4.1,4.1,149.7,148.6,1022.1,1021.9,44.45,372.68,252.88,31.3652,11.8543,484.0,60.4,1492.064, NAN, NAN, NAN, NAN,,2024/04/17 10:52:49.006,2024-04-17 10:52:49.006000+00:00
2024/04/17, 10:53:49.007,36.2,-74.844, 0.68,148.75,213.83,0.75,16.9,16.9,1019.9,1019.9,0.0,0.0,85.1,78.5,358,351,4.3,4.1,87.7,88.1,4.1,3.9,142.6,135.0,1022.0,1022.0,44.63,371.61,273.65,31.3633,11.8538,484.0,60.6,1492.06, NAN, NAN, NAN, NAN,,2024/04/17 10:53:49.007,2024-04-17 10:53:49.007000+00:00
2024/04/17, 10:54:49.007,36.2,-74.844, 0.49,148.7,159.2,0.35,17.0,17.0,1019.8,1019.9,0.0,0.0,85.1,78.5,359,352,4.3,4.3,86.3,86.4,4.1,4.1,146.8,139.5,1021.9,1022.0,50.78,372.05,303.22,31.3673,11.8533,484.9,60.4,1492.063, NAN, NAN, NAN, NAN,,2024/04/17 10:54:49.007,2024-04-17 10:54:49.007000+00:00
2024/04/17, 10:55:49.007,36.2,-74.844, 0.20,147.99,128.68,0.28,17.1,17.1,1020.1,1019.9,0.0,0.0,85.1,78.5,351,347,3.6,3.8,85.9,86.1,3.5,3.7,139.6,135.4,1022.2,1022.0,54.12,370.45,333.71,31.371,11.8544,484.6,60.5,1492.072, NAN, NAN, NAN, NAN,,2024/04/17 10:55:49.007,2024-04-17 10:55:49.007000+00:00
2024/04/17, 10:56:49.007,36.2,-74.844, 0.10,148.42,103.29,0.17,17.0,17.1,1019.8,1020.1,0.0,0.0,85.1,78.5,351,340,3.8,3.6,84.2,84.4,3.8,3.6,140.7,129.7,1021.9,1022.2,57.16,370.16,357.8,31.386,11.8567,487.6,60.4,1492.097, NAN, NAN, NAN, NAN,,2024/04/17 10:56:49.007,2024-04-17 10:56:49.007000+00:00
2024/04/17, 10:57:49.007,36.2,-74.843, 0.19,148.1,92.2,0.25,16.9,17.0,1020.0,1020.0,0.0,0.0,85.1,78.5,359,352,4.4,4.2,84.6,84.3,4.3,4.1,148.2,141.1,1022.1,1022.1,60.72,372.74,387.5,31.3832,11.8594,486.4,60.4,1492.103, NAN, NAN, NAN, NAN,,2024/04/17 10:57:49.007,2024-04-17 10:57:49.007000+00:00
2024/04/17, 10:58:49.007,36.2,-74.843, 0.14,147.91,107.1,0.23,17.0,17.0,1020.0,1019.8,0.0,0.0,85.1,78.5,354,351,4.0,4.2,86.8,86.7,3.9,4.1,143.0,139.9,1022.1,1021.9,63.7,372.43,406.98,31.3852,11.856,486.0,60.5,1492.094, NAN, NAN, NAN, NAN,,2024/04/17 10:58:49.007,2024-04-17 10:58:49.007000+00:00
2024/04/17, 10:59:49.007,36.2,-74.843, 0.20,148.46,114.09,0.27,17.1,17.1,1020.0,1019.9,0.0,0.0,85.1,78.5,357,348,4.2,3.9,85.9,86.2,4.1,3.8,146.9,137.7,1022.1,1022.0,62.6,371.4,391.05,31.3893,11.8577,487.0,60.6,1492.105, NAN, NAN, NAN, NAN,,2024/04/17 10:59:49.007,2024-04-17 10:59:49.007000+00:00
2024/04/17, 11:00:49.007,36.2,-74.843, 0.27,147.72,40.46,0.57,17.1,17.1,1020.1,1020.1,0.0,0.0,85.1,78.5,1,356,4.9,4.8,85.0,84.9,4.9,4.8,152.1,147.2,1022.2,1022.2,63.43,373.94,394.55,31.3815,11.86,485.7,60.5,1492.103, NAN, NAN, NAN, NAN,,2024/04/17 11:00:49.007,2024-04-17 11:00:49.007000+00:00
2024/04/17, 11:01:49.007,36.2,-74.843, 0.37,147.69,159.23,0.29,17.3,17.3,1020.1,1019.9,0.0,0.0,85.1,78.5,357,348,4.3,4.1,87.0,87.1,4.2,4.0,144.2,134.9,1022.2,1022.0,66.03,371.21,407.15,31.3742,11.861,485.2,60.5,1492.098, NAN, NAN, NAN, NAN,,2024/04/17 11:01:49.007,2024-04-17 11:01:49.007000+00:00
2024/04/17, 11:02:49.007,36.2,-74.843, 0.29,148.44,53.46,0.39,17.3,17.3,1019.9,1020.0,0.0,0.0,85.1,78.5,346,345,3.6,4.1,84.3,84.4,3.5,4.0,137.3,136.0,1022.0,1022.1,71.3,370.05,450.39,31.3814,11.8628,485.7,60.4,1492.113, NAN, NAN, NAN, NAN,,2024/04/17 11:02:49.007,2024-04-17 11:02:49.007000+00:00
2024/04/17, 11:03:49.007,36.2,-74.843, 0.32,147.59,64.94,0.25,17.2,17.2,1020.1,1020.0,0.0,0.0,85.1,78.5,339,337,3.3,3.6,82.9,83.4,3.2,3.5,127.2,125.0,1022.2,1022.1,72.73,368.0,461.62,31.3823,11.865,484.6,60.5,1492.122, NAN, NAN, NAN, NAN,,2024/04/17 11:03:49.007,2024-04-17 11:03:49.007000+00:00
2024/04/17, 11:04:49.007,36.2,-74.843, 0.19,148.13,89.89,0.35,16.9,17.0,1020.0,1020.0,0.0,0.0,85.1,78.5,347,339,3.6,3.7,82.0,82.2,3.5,3.5,136.8,128.4,1022.1,1022.1,77.84,368.93,497.25,31.3773,11.8666,484.9,60.5,1492.121, NAN, NAN, NAN, NAN,,2024/04/17 11:04:49.007,2024-04-17 11:04:49.007000+00:00
2024/04/17, 11:05:49.007,36.2,-74.843, 0.25,148.02,226.53,0.22,16.7,16.8,1020.0,1019.9,0.0,0.0,85.1,78.5,354,345,4.2,4.1,84.1,83.8,4.1,4.0,140.8,131.6,1022.1,1022.0,79.61,370.38,504.7,31.3873,11.867,485.6,60.6,1492.135, NAN, NAN, NAN, NAN,,2024/04/17 11:05:49.007,2024-04-17 11:05:49.007000+00:00
2024/04/17, 11:06:49.007,36.2,-74.843, 0.30,148.04,218.16,0.22,16.7,16.8,1020.0,1020.0,0.0,0.0,85.1,78.5,359,353,4.6,4.5,86.8,84.0,4.5,4.4,145.9,139.8,1022.1,1022.1,80.23,372.2,503.54,31.3824,11.8674,484.0,60.5,1492.13, NAN, NAN, NAN, NAN,,2024/04/17 11:06:49.007,2024-04-17 11:06:49.007000+00:00
2024/04/17, 11:07:49.007,36.2,-74.843, 0.32,147.52,133.89,0.7,16.9,16.9,1020.0,1019.9,0.0,0.0,85.1,78.5,354,351,4.7,4.6,88.2,88.1,4.3,4.2,141.8,138.6,1022.1,1022.0,82.8,372.1,519.1,31.3766,11.8682,482.2,60.6,1492.126, NAN, NAN, NAN, NAN,,2024/04/17 11:07:49.007,2024-04-17 11:07:49.007000+00:00
2024/04/17, 11:08:49.007,36.199,-74.843, 1.72,147.84,152.53,2.09,17.0,17.0,1019.9,1019.9,0.0,0.0,85.1,78.5,0,353,5.9,5.5,87.1,87.3,4.8,4.5,146.2,137.4,1022.0,1022.0,83.23,371.79,518.11,31.3724,11.8649,480.9,60.4,1492.11, NAN, NAN, NAN, NAN,,2024/04/17 11:08:49.007,2024-04-17 11:08:49.007000+00:00
2024/04/17, 11:09:49.008,36.199,-74.842, 2.57,147.67,161.44,2.98,17.1,17.1,1019.9,1019.8,0.0,0.0,85.1,78.5,2,358,6.6,6.2,86.8,86.7,5.1,4.7,146.8,141.3,1022.0,1021.9,83.86,372.76,514.12,31.3685,11.8539,479.6,60.5,1492.067, NAN, NAN, NAN, NAN,,2024/04/17 11:09:49.008,2024-04-17 11:09:49.008000+00:00
2024/04/17, 11:10:49.008,36.198,-74.842, 2.89,138.61,155.89,3.4,17.3,17.3,1019.9,1019.9,0.0,0.0,85.1,78.5,5,1,6.5,6.5,87.3,87.3,4.8,4.8,140.9,135.5,1022.0,1022.0,85.11,371.74,525.21,31.3716,11.845,480.9,60.4,1492.04, NAN, NAN, NAN, NAN,,2024/04/17 11:10:49.008,2024-04-17 11:10:49.008000+00:00
2024/04/17, 11:11:49.008,36.197,-74.841, 2.99,130.51,144.68,3.13,17.3,17.4,1019.9,1019.9,0.0,0.0,85.1,78.5,14,10,6.8,6.6,87.2,85.6,5.2,5.0,145.9,140.6,1022.0,1022.0,86.57,372.58,534.48,31.3903,11.8242,483.3,60.4,1491.99, NAN, NAN, NAN, NAN,,2024/04/17 11:11:49.008,2024-04-17 11:11:49.008000+00:00
2024/04/17, 11:12:49.008,36.197,-74.84, 2.47,131.18,137.44,2.39,17.4,17.4,1019.8,1019.9,0.0,0.0,85.1,78.5,15,13,6.4,6.3,85.6,85.8,5.2,5.1,147.9,145.5,1021.9,1022.0,86.71,372.05,542.96,31.3833,11.8103,477.6,60.5,1491.933, NAN, NAN, NAN, NAN,,2024/04/17 11:12:49.008,2024-04-17 11:12:49.008000+00:00
2024/04/17, 11:13:49.008,36.197,-74.84, 1.39,128.45,139.65,1.24,17.5,17.5,1019.9,1019.9,0.0,0.0,85.1,78.5,18,13,5.6,5.7,85.3,85.5,5.0,5.1,148.3,142.7,1022.0,1022.0,88.12,371.93,554.91,31.3841,11.7864,473.6,60.4,1491.852, NAN, NAN, NAN, NAN,,2024/04/17 11:13:49.008,2024-04-17 11:13:49.008000+00:00
2024/04/17, 11:14:49.008,36.196,-74.84, -0.33,128.56,77.54,0.08,17.5,17.5,1019.9,1019.8,0.0,0.0,85.1,78.5,17,9,4.6,4.7,84.9,85.1,4.6,4.7,145.8,137.7,1022.0,1021.9,88.23,370.73,552.81,31.3925,11.7677,476.6,60.2,1491.797, NAN, NAN, NAN, NAN,,2024/04/17 11:14:49.008,2024-04-17 11:14:49.008000+00:00
2024/04/17, 11:15:49.008,36.196,-74.84, 0.00,146.36,41.31,0.46,17.5,17.5,1020.0,1019.9,0.0,0.0,85.1,78.5,358,359,4.6,4.4,83.6,83.8,4.7,4.5,147.1,148.3,1022.1,1022.0,88.91,370.34,549.67,31.3966,11.7649,475.2,60.2,1491.792, NAN, NAN, NAN, NAN,,2024/04/17 11:15:49.008,2024-04-17 11:15:49.008000+00:00
2024/04/17, 11:16:49.008,36.196,-74.84, 0.19,148.66,52.05,0.51,17.4,17.4,1020.0,1019.9,0.0,0.0,85.1,78.5,357,351,4.8,4.7,84.1,84.1,4.8,4.6,148.8,142.8,1022.1,1022.0,82.37,370.96,499.7,31.4044,11.7482,477.9,60.2,1491.743, NAN, NAN, NAN, NAN,,2024/04/17 11:16:49.008,2024-04-17 11:16:49.008000+00:00
2024/04/17, 11:17:49.008,36.196,-74.84, -0.08,148.57,58.56,0.22,17.4,17.5,1020.0,1019.9,0.0,0.0,85.1,78.5,356,350,4.7,4.7,84.9,84.9,4.7,4.6,145.9,139.8,1022.1,1022.0,77.12,370.6,456.65,31.4159,11.7351,480.9,60.2,1491.712, NAN, NAN, NAN, NAN,,2024/04/17 11:17:49.008,2024-04-17 11:17:49.008000+00:00
2024/04/17, 11:18:49.008,36.196,-74.84, 0.34,147.46,88.6,0.42,17.5,17.5,1020.0,1019.9,0.0,0.0,85.1,78.5,357,348,5.0,4.9,84.2,84.3,4.9,4.7,146.4,137.1,1022.1,1022.0,75.14,369.6,441.59,31.4479,11.7381,489.4,60.2,1491.76, NAN, NAN, NAN, NAN,,2024/04/17 11:18:49.008,2024-04-17 11:18:49.008000+00:00
2024/04/17, 11:19:49.008,36.196,-74.84, 0.07,148.18,246.8,0.16,17.4,17.4,1020.0,1019.9,0.0,0.0,85.1,78.5,355,352,4.7,4.7,84.4,84.2,4.8,4.8,142.7,139.8,1022.1,1022.0,70.11,369.8,406.37,31.466,11.7413,488.6,60.2,1491.793, NAN, NAN, NAN, NAN,,2024/04/17 11:19:49.008,2024-04-17 11:19:49.008000+00:00
2024/04/17, 11:20:49.008,36.196,-74.84, -0.01,147.54,355.5,0.2,17.4,17.4,1020.1,1019.8,0.0,0.0,85.1,78.5,353,347,4.5,4.6,84.7,84.8,4.6,4.7,141.1,135.2,1022.2,1021.9,67.09,368.59,379.07,31.4373,11.7437,482.2,60.1,1491.767, NAN, NAN, NAN, NAN,,2024/04/17 11:20:49.008,2024-04-17 11:20:49.008000+00:00
2024/04/17, 11:21:49.008,36.196,-74.84, 0.00,148.02,0.51,0.09,17.3,17.3,1020.1,1019.9,0.0,0.0,85.1,78.5,355,347,4.8,4.5,84.5,84.5,4.8,4.5,143.6,135.6,1022.2,1022.0,64.42,368.96,361.4,31.4321,11.7446,482.2,60.2,1491.764, NAN, NAN, NAN, NAN,,2024/04/17 11:21:49.008,2024-04-17 11:21:49.008000+00:00
2024/04/17, 11:22:49.008,36.196,-74.84, 0.10,147.89,94.51,0.08,17.2,17.3,1020.0,1020.1,0.0,0.0,85.1,78.5,359,353,5.0,4.9,85.6,85.3,5.0,4.9,147.1,141.1,1022.1,1022.2,61.59,370.46,336.66,31.4321,11.7495,483.3,60.1,1491.781, NAN, NAN, NAN, NAN,,2024/04/17 11:22:49.008,2024-04-17 11:22:49.008000+00:00
2024/04/17, 11:23:49.008,36.196,-74.84, 0.02,148.04,219.58,0.2,17.3,17.3,1019.9,1020.1,0.0,0.0,85.1,78.5,358,350,4.9,4.7,86.8,86.8,4.9,4.7,144.9,136.8,1022.0,1022.2,60.02,369.54,325.5,31.4492,11.7469,486.7,60.2,1491.792, NAN, NAN, NAN, NAN,,2024/04/17 11:23:49.008,2024-04-17 11:23:49.008000+00:00
2024/04/17, 11:24:49.008,36.196,-74.84, -0.04,148.19,216.05,0.18,17.4,17.4,1019.9,1019.9,0.0,0.0,85.1,78.5,359,355,5.0,5.0,86.0,85.9,5.0,5.0,146.3,142.3,1022.0,1022.0,59.64,370.41,321.03,31.4561,11.7501,487.3,60.2,1491.812, NAN, NAN, NAN, NAN,,2024/04/17 11:24:49.008,2024-04-17 11:24:49.008000+00:00
2024/04/17, 11:25:49.009,36.196,-74.84, -0.04,148.15,43.41,0.17,17.4,17.4,1020.0,1019.9,0.0,0.0,85.1,78.5,359,355,5.2,5.1,86.6,86.6,5.2,5.1,148.0,144.0,1022.1,1022.0,59.41,370.75,318.31,31.4621,11.7557,488.9,60.2,1491.838, NAN, NAN, NAN, NAN,,2024/04/17 11:25:49.009,2024-04-17 11:25:49.009000+00:00
2024/04/17, 11:26:49.009,36.196,-74.84, -0.18,147.51,87.85,0.12,17.4,17.5,1020.0,1019.9,0.0,0.0,85.1,78.5,359,353,5.0,4.9,86.7,86.7,5.0,4.9,147.2,141.2,1022.1,1022.0,59.18,370.14,315.13,31.4486,11.7628,486.4,60.4,1491.847, NAN, NAN, NAN, NAN,,2024/04/17 11:26:49.009,2024-04-17 11:26:49.009000+00:00
2024/04/17, 11:27:49.009,36.196,-74.84, -0.09,148.11,233.4,0.38,17.5,17.5,1019.9,1019.9,0.0,0.0,85.1,78.5,357,350,5.1,4.9,86.2,86.3,5.1,4.9,142.9,135.9,1022.0,1022.0,59.6,369.29,316.01,31.4458,11.7694,485.2,60.3,1491.866, NAN, NAN, NAN, NAN,,2024/04/17 11:27:49.009,2024-04-17 11:27:49.009000+00:00
2024/04/17, 11:28:49.009,36.196,-74.84, -0.06,147.81,207.75,0.11,17.4,17.4,1020.0,1019.9,0.0,0.0,85.1,78.5,359,354,5.4,5.3,85.8,85.6,5.4,5.3,146.2,141.2,1022.1,1022.0,59.66,370.76,319.58,31.4407,11.7743,485.7,60.3,1491.877, NAN, NAN, NAN, NAN,,2024/04/17 11:28:49.009,2024-04-17 11:28:49.009000+00:00
2024/04/17, 11:29:49.009,36.196,-74.84, 0.00,148.47,241.74,0.13,17.4,17.5,1019.9,1019.8,0.0,0.0,85.1,78.5,356,350,5.1,5.1,87.0,86.9,5.1,5.1,143.7,137.7,1022.0,1021.9,60.16,369.65,323.44,31.4367,11.7784,484.3,60.2,1491.887, NAN, NAN, NAN, NAN,,2024/04/17 11:29:49.009,2024-04-17 11:29:49.009000+00:00
2024/04/17, 11:30:49.009,36.196,-74.84, -0.04,148.03,313.26,0.09,17.5,17.5,1019.9,1019.9,0.0,0.0,85.1,78.5,1,355,5.6,5.4,86.0,86.1,5.6,5.4,148.7,142.7,1022.0,1022.0,59.68,370.85,322.72,31.4486,11.7746,486.4,60.2,1491.888, NAN, NAN, NAN, NAN,,2024/04/17 11:30:49.009,2024-04-17 11:30:49.009000+00:00
2024/04/17, 11:31:49.009,36.196,-74.84, -0.13,147.43,180.83,0.21,17.5,17.5,1019.9,1019.9,0.0,0.0,85.1,78.5,1,354,5.7,5.4,87.0,86.9,5.6,5.3,147.7,140.6,1022.0,1022.0,59.69,371.32,327.26,31.4534,11.7675,486.4,60.2,1491.869, NAN, NAN, NAN, NAN,,2024/04/17 11:31:49.009,2024-04-17 11:31:49.009000+00:00
2024/04/17, 11:32:49.009,36.196,-74.84, -0.04,148.17,53.67,0.28,17.5,17.6,1019.9,1019.9,0.0,0.0,85.1,78.5,352,346,5.0,5.0,87.1,87.1,5.0,5.0,141.8,135.7,1022.0,1022.0,61.04,369.17,339.86,31.4698,11.7544,490.4,60.2,1491.843, NAN, NAN, NAN, NAN,,2024/04/17 11:32:49.009,2024-04-17 11:32:49.009000+00:00
2024/04/17, 11:33:49.009,36.196,-74.84, -0.04,147.65,36.08,0.07,17.6,17.6,1019.9,1020.0,0.0,0.0,85.1,78.5,357,350,5.4,5.2,85.1,85.2,5.4,5.2,144.5,137.6,1022.0,1022.1,62.65,369.56,351.69,31.4618,11.7503,486.0,60.3,1491.819, NAN, NAN, NAN, NAN,,2024/04/17 11:33:49.009,2024-04-17 11:33:49.009000+00:00
2024/04/17, 11:34:49.009,36.196,-74.84, -0.09,148.29,251.86,0.19,17.5,17.5,1019.9,1019.8,0.0,0.0,85.1,78.5,359,354,5.7,5.6,86.0,85.7,5.7,5.6,146.3,141.3,1022.0,1021.9,63.39,371.81,361.15,31.4847,11.7607,490.0,60.3,1491.883, NAN, NAN, NAN, NAN,,2024/04/17 11:34:49.009,2024-04-17 11:34:49.009000+00:00
2024/04/17, 11:35:49.009,36.196,-74.84, -0.03,147.85,180.92,0.2,17.6,17.6,1019.9,1019.9,0.0,0.0,85.1,78.5,359,354,5.6,5.5,87.2,87.3,5.5,5.4,146.1,141.0,1022.0,1022.0,63.35,371.56,359.62,31.4848,11.7696,491.3,60.3,1491.914, NAN, NAN, NAN, NAN,,2024/04/17 11:35:49.009,2024-04-17 11:35:49.009000+00:00
2024/04/17, 11:36:49.009,36.196,-74.84, 0.04,148.34,234.28,0.11,17.8,17.8,1019.8,1019.9,0.0,0.0,85.1,78.5,358,353,5.7,5.6,86.3,86.4,5.7,5.6,145.8,140.8,1021.9,1022.0,61.84,370.91,351.87,31.4908,11.7836,492.8,60.3,1491.969, NAN, NAN, NAN, NAN,,2024/04/17 11:36:49.009,2024-04-17 11:36:49.009000+00:00
2024/04/17, 11:37:49.009,36.196,-74.84, 0.11,148.33,325.93,0.06,17.8,17.8,1020.0,1019.9,0.0,0.0,85.1,78.5,355,349,5.4,5.3,85.5,85.6,5.4,5.3,143.5,137.6,1022.1,1022.0,60.51,370.11,341.04,31.4765,11.7945,489.7,60.4,1491.99, NAN, NAN, NAN, NAN,,2024/04/17 11:37:49.009,2024-04-17 11:37:49.009000+00:00
2024/04/17, 11:38:49.009,36.196,-74.84, 0.02,148.06,187.66,0.16,17.8,17.8,1019.9,1019.9,0.0,0.0,85.1,78.5,357,352,5.4,5.3,85.5,84.8,5.4,5.3,144.2,139.2,1022.0,1022.0,60.77,369.53,346.53,31.4925,11.7986,492.8,60.3,1492.023, NAN, NAN, NAN, NAN,,2024/04/17 11:38:49.009,2024-04-17 11:38:49.009000+00:00
2024/04/17, 11:39:49.009,36.196,-74.84, 0.07,147.75,262.78,0.03,17.8,17.8,1019.9,1019.9,0.0,0.0,85.1,78.5,349,344,5.0,5.1,84.8,84.8,5.0,5.1,136.6,131.6,1022.0,1022.0,60.52,367.13,345.35,31.4874,11.7973,492.3,60.3,1492.013, NAN, NAN, NAN, NAN,,2024/04/17 11:39:49.009,2024-04-17 11:39:49.009000+00:00
2024/04/17, 11:40:49.009,36.196,-74.84, 0.08,148.6,263.23,0.42,17.6,17.7,1019.9,1019.8,0.0,0.0,85.1,78.5,351,345,5.2,5.3,83.3,83.4,5.3,5.4,137.5,131.7,1022.0,1021.9,61.56,367.3,354.41,31.4662,11.7994,488.0,60.3,1491.995, NAN, NAN, NAN, NAN,,2024/04/17 11:40:49.009,2024-04-17 11:40:49.009000+00:00
2024/04/17, 11:41:49.010,36.196,-74.84, 0.13,147.77,55.34,0.15,17.4,17.5,1019.9,1019.7,0.0,0.0,85.1,78.5,355,348,5.8,5.6,84.4,84.2,5.8,5.6,143.5,136.5,1022.0,1021.8,62.01,369.69,362.11,31.4724,11.7979,488.6,60.3,1491.997, NAN, NAN, NAN, NAN,,2024/04/17 11:41:49.010,2024-04-17 11:41:49.010000+00:00
2024/04/17, 11:42:49.010,36.196,-74.84, 0.13,148.35,275.79,0.31,17.4,17.4,1019.8,1019.8,0.0,0.0,85.1,78.5,357,353,6.0,6.0,86.8,86.7,6.1,6.1,144.1,140.2,1021.9,1021.9,61.68,370.48,362.67,31.501,11.7935,493.1,60.4,1492.016, NAN, NAN, NAN, NAN,,2024/04/17 11:42:49.010,2024-04-17 11:42:49.010000+00:00
2024/04/17, 11:43:49.010,36.196,-74.84, 0.01,148.94,330.62,0.02,17.5,17.5,1020.0,1019.8,0.0,0.0,85.1,78.5,352,348,5.5,5.5,87.4,87.4,5.5,5.5,141.0,137.0,1022.1,1021.9,63.09,368.23,375.92,31.5931,11.7811,505.9,60.2,1492.083, NAN, NAN, NAN, NAN,,2024/04/17 11:43:49.010,2024-04-17 11:43:49.010000+00:00
2024/04/17, 11:44:49.010,36.196,-74.84, -0.02,148.37,205.99,0.26,17.5,17.5,1019.8,1020.0,0.0,0.0,85.1,78.5,352,346,5.5,5.5,84.9,85.3,5.5,5.5,139.0,133.0,1021.9,1022.1,65.6,366.94,395.6,31.5702,11.7712,500.4,60.4,1492.021, NAN, NAN, NAN, NAN,,2024/04/17 11:44:49.010,2024-04-17 11:44:49.010000+00:00
2024/04/17, 11:45:49.010,36.196,-74.84, 0.04,147.71,66.64,0.24,17.4,17.4,1019.8,1019.7,0.0,0.0,85.1,78.5,350,345,5.4,5.6,84.4,84.2,5.4,5.5,138.9,133.8,1021.9,1021.8,68.59,368.1,421.27,31.5374,11.7657,497.4,60.3,1491.963, NAN, NAN, NAN, NAN,,2024/04/17 11:45:49.010,2024-04-17 11:45:49.010000+00:00
2024/04/17, 11:46:49.010,36.196,-74.84, 0.01,147.75,77.76,0.18,17.3,17.3,1019.8,1019.7,0.0,0.0,85.1,78.5,355,348,5.8,5.8,85.8,86.0,5.8,5.8,143.6,136.5,1021.9,1021.8,69.23,368.8,431.48,31.5209,11.7659,495.8,60.5,1491.944, NAN, NAN, NAN, NAN,,2024/04/17 11:46:49.010,2024-04-17 11:46:49.010000+00:00
2024/04/17, 11:47:49.010,36.196,-74.84, 0.07,147.41,191.97,0.17,17.3,17.3,1019.7,1019.7,0.0,0.0,85.1,78.5,353,348,5.7,5.7,86.8,86.7,5.7,5.7,139.5,134.5,1021.8,1021.8,68.76,369.14,428.08,31.5069,11.7691,494.0,60.4,1491.938, NAN, NAN, NAN, NAN,,2024/04/17 11:47:49.010,2024-04-17 11:47:49.010000+00:00
2024/04/17, 11:48:49.010,36.196,-74.84, 0.08,148.37,170.71,0.16,17.3,17.4,1019.7,1019.7,0.0,0.0,85.1,78.5,353,347,5.9,5.9,86.7,86.8,5.8,5.8,141.6,135.5,1021.8,1021.8,66.61,369.05,417.86,31.5094,11.7737,495.0,60.5,1491.957, NAN, NAN, NAN, NAN,,2024/04/17 11:48:49.010,2024-04-17 11:48:49.010000+00:00
2024/04/17, 11:49:49.010,36.196,-74.84, 0.05,148.46,330.09,0.23,17.3,17.4,1019.7,1019.7,0.0,0.0,85.1,78.5,355,349,6.6,6.4,86.6,86.5,6.7,6.5,144.2,138.3,1021.8,1021.8,68.43,370.73,435.33,31.4958,11.781,491.6,60.6,1491.966, NAN, NAN, NAN, NAN,,2024/04/17 11:49:49.010,2024-04-17 11:49:49.010000+00:00
2024/04/17, 11:50:49.010,36.196,-74.84, 0.00,148.01,50.26,0.51,17.5,17.5,1019.8,1019.7,0.0,0.0,85.1,78.5,356,350,6.6,6.4,88.2,88.2,6.7,6.4,146.2,140.3,1021.9,1021.8,67.13,370.55,425.44,31.479,11.7798,488.3,60.6,1491.942, NAN, NAN, NAN, NAN,,2024/04/17 11:50:49.010,2024-04-17 11:50:49.010000+00:00
2024/04/17, 11:51:49.010,36.196,-74.84, -0.04,148.46,174.8,0.15,17.7,17.7,1019.7,1019.7,0.0,0.0,85.1,78.5,353,347,6.2,6.3,87.2,87.2,6.2,6.3,142.2,136.2,1021.8,1021.8,76.25,369.3,492.46,31.4676,11.7849,486.0,60.7,1491.946, NAN, NAN, NAN, NAN,,2024/04/17 11:51:49.010,2024-04-17 11:51:49.010000+00:00
2024/04/17, 11:52:49.010,36.196,-74.84, 0.11,147.67,75.12,0.01,17.8,17.8,1019.8,1019.7,0.0,0.0,85.1,78.5,354,348,6.4,6.3,85.6,85.7,6.4,6.3,141.6,135.6,1021.9,1021.8,88.72,369.67,565.2,31.5077,11.7906,492.8,60.6,1492.014, NAN, NAN, NAN, NAN,,2024/04/17 11:52:49.010,2024-04-17 11:52:49.010000+00:00
2024/04/17, 11:53:49.010,36.196,-74.84, 0.12,148.52,300.52,0.07,17.8,17.8,1019.6,1019.7,0.0,0.0,85.1,78.5,354,349,6.7,6.5,85.2,85.2,6.7,6.5,142.5,137.6,1021.7,1021.8,104.37,369.91,657.35,31.5193,11.7946,494.0,60.6,1492.042, NAN, NAN, NAN, NAN,,2024/04/17 11:53:49.010,2024-04-17 11:53:49.010000+00:00
2024/04/17, 11:54:49.010,36.196,-74.84, 0.03,148.25,25.22,0.16,17.7,17.8,1019.7,1019.7,0.0,0.0,85.1,78.5,357,351,6.9,6.7,85.5,85.5,7.0,6.8,145.2,139.3,1021.8,1021.8,132.75,371.11,834.69,31.5052,11.796,493.1,60.7,1492.03, NAN, NAN, NAN, NAN,,2024/04/17 11:54:49.010,2024-04-17 11:54:49.010000+00:00
2024/04/17, 11:55:49.010,36.196,-74.84, 0.09,147.77,14.23,0.23,17.8,17.8,1019.8,1019.7,0.0,0.0,85.1,78.5,357,351,7.0,6.8,86.6,86.6,7.1,6.9,145.6,139.6,1021.9,1021.8,157.88,371.47,971.75,31.5218,11.7956,496.1,60.6,1492.048, NAN, NAN, NAN, NAN,,2024/04/17 11:55:49.010,2024-04-17 11:55:49.010000+00:00
2024/04/17, 11:56:49.011,36.196,-74.84, 0.12,148.14,297.29,0.18,18.0,18.0,1019.7,1019.7,0.0,0.0,85.1,78.5,356,351,7.0,6.8,86.3,86.4,7.1,6.9,144.4,139.4,1021.8,1021.8,176.95,371.89,1086.98,31.5017,11.7886,490.7,60.6,1492.0, NAN, NAN, NAN, NAN,,2024/04/17 11:56:49.011,2024-04-17 11:56:49.011000+00:00
2024/04/17, 11:57:49.011,36.196,-74.84, 0.05,147.83,242.49,0.2,18.0,18.0,1019.8,1019.7,0.0,0.0,85.1,78.5,355,349,6.6,6.5,85.7,85.6,6.7,6.6,142.1,136.2,1021.9,1021.8,189.57,371.49,1156.63,31.4971,11.7758,490.4,60.6,1491.95, NAN, NAN, NAN, NAN,,2024/04/17 11:57:49.011,2024-04-17 11:57:49.011000+00:00
2024/04/17, 11:58:49.011,36.196,-74.84, 0.16,148.67,44.33,0.25,18.1,18.1,1019.8,1019.6,0.0,0.0,85.1,78.5,352,349,6.6,6.6,84.7,84.9,6.6,6.6,141.8,138.8,1021.9,1021.7,201.17,371.2,1208.99,31.5218,11.7729,495.3,60.7,1491.969, NAN, NAN, NAN, NAN,,2024/04/17 11:58:49.011,2024-04-17 11:58:49.011000+00:00
2024/04/17, 11:59:49.011,36.196,-74.84, 0.11,147.57,116.6,0.16,18.1,18.1,1019.8,1019.7,0.0,0.0,85.1,78.5,356,351,6.9,6.8,84.3,84.8,6.8,6.8,143.1,138.0,1021.9,1021.8,214.72,371.65,1267.82,31.5689,11.7713,504.8,60.7,1492.02, NAN, NAN, NAN, NAN,,2024/04/17 11:59:49.011,2024-04-17 11:59:49.011000+00:00
2024/04/17, 12:00:49.011,36.196,-74.84, 0.11,148.08,47.93,0.19,18.0,18.1,1019.5,1019.7,0.0,0.0,85.1,78.5,354,348,6.8,6.6,85.1,85.2,6.8,6.6,142.9,136.9,1021.6,1021.8,226.81,370.93,1313.9,31.5555,11.7762,497.1,60.6,1492.021, NAN, NAN, NAN, NAN,,2024/04/17 12:00:49.011,2024-04-17 12:00:49.011000+00:00
2024/04/17, 12:01:49.011,36.196,-74.84, 0.08,147.99,246.81,0.26,18.0,18.1,1019.7,1019.7,0.0,0.0,85.1,78.5,358,352,7.3,7.1,84.6,84.6,7.3,7.1,144.9,138.9,1021.8,1021.8,227.49,372.47,1314.14,31.565,11.7781,503.2,60.9,1492.039, NAN, NAN, NAN, NAN,,2024/04/17 12:01:49.011,2024-04-17 12:01:49.011000+00:00
2024/04/17, 12:02:49.011,36.196,-74.84, 0.08,147.79,102.72,0.19,18.1,18.1,1019.7,1019.6,0.0,0.0,85.1,78.5,355,350,6.8,6.7,86.1,86.1,6.8,6.7,143.6,138.5,1021.8,1021.7,230.18,371.06,1329.89,31.5574,11.7813,501.4,60.6,1492.041, NAN, NAN, NAN, NAN,,2024/04/17 12:02:49.011,2024-04-17 12:02:49.011000+00:00
2024/04/17, 12:03:49.011,36.196,-74.84, 0.09,148.7,201.88,0.3,18.2,18.2,1019.5,1019.6,0.0,0.0,85.1,78.5,355,350,6.7,6.7,84.4,84.9,6.6,6.6,142.5,137.5,1021.6,1021.7,244.74,370.42,1375.74,31.5608,11.7826,502.2,60.6,1492.05, NAN, NAN, NAN, NAN,,2024/04/17 12:03:49.011,2024-04-17 12:03:49.011000+00:00
2024/04/17, 12:04:49.011,36.196,-74.84, 0.13,148.01,239.72,0.38,18.0,18.1,1019.6,1019.4,0.0,0.0,85.1,78.5,357,352,7.2,7.0,83.9,83.9,7.2,7.0,143.5,138.4,1021.7,1021.5,244.92,370.65,1368.32,31.5613,11.7812,504.1,60.7,1492.045, NAN, NAN, NAN, NAN,,2024/04/17 12:04:49.011,2024-04-17 12:04:49.011000+00:00
2024/04/17, 12:05:49.011,36.196,-74.84, 0.12,148.15,278.97,0.08,18.0,18.0,1019.5,1019.5,0.0,0.0,85.1,78.5,357,351,7.2,7.0,85.0,84.7,7.2,7.0,144.9,139.0,1021.6,1021.6,255.14,371.15,1426.54,31.5668,11.7828,503.8,60.6,1492.058, NAN, NAN, NAN, NAN,,2024/04/17 12:05:49.011,2024-04-17 12:05:49.011000+00:00
2024/04/17, 12:06:49.011,36.196,-74.84, 0.71,146.91,153.26,0.29,18.0,18.0,1019.7,1019.6,0.0,0.0,85.1,78.5,359,353,7.5,7.2,85.6,85.5,7.4,7.1,145.4,139.3,1021.8,1021.7,260.48,371.97,1409.37,31.5645,11.7834,504.4,60.6,1492.057, NAN, NAN, NAN, NAN,,2024/04/17 12:06:49.011,2024-04-17 12:06:49.011000+00:00
2024/04/17, 12:07:49.011,36.196,-74.84, 0.49,148.15,134.75,0.49,18.1,18.1,1019.7,1019.6,0.0,0.0,85.1,78.5,357,352,7.2,7.0,86.2,86.1,7.0,6.8,144.7,139.5,1021.8,1021.7,264.88,371.0,1419.42,31.5593,11.7878,503.2,60.7,1492.066, NAN, NAN, NAN, NAN,,2024/04/17 12:07:49.011,2024-04-17 12:07:49.011000+00:00
2024/04/17, 12:08:49.011,36.196,-74.839, 0.66,148.19,127.37,0.42,18.1,18.2,1019.5,1019.5,0.0,0.0,85.1,78.5,357,351,7.3,7.0,86.3,85.3,7.1,6.8,145.5,139.3,1021.6,1021.6,264.28,370.52,1416.67,31.5545,11.7934,501.7,60.6,1492.08, NAN, NAN, NAN, NAN,,2024/04/17 12:08:49.011,2024-04-17 12:08:49.011000+00:00
2024/04/17, 12:09:49.011,36.196,-74.839, 0.73,148.17,118.28,0.49,18.1,18.2,1019.7,1019.5,0.0,0.0,85.1,78.5,357,352,7.2,7.2,84.6,85.2,7.0,7.0,146.1,141.0,1021.8,1021.6,276.45,371.49,1479.3,31.544,11.7973,498.7,60.6,1492.081, NAN, NAN, NAN, NAN,,2024/04/17 12:09:49.011,2024-04-17 12:09:49.011000+00:00
2024/04/17, 12:10:49.011,36.196,-74.839, 0.69,147.66,144.13,0.63,18.1,18.1,1019.7,1019.5,0.0,0.0,85.1,78.5,355,350,6.9,6.8,85.2,85.4,6.6,6.5,142.3,137.0,1021.8,1021.6,287.54,370.46,1501.94,31.5341,11.8012,489.4,60.6,1492.082, NAN, NAN, NAN, NAN,,2024/04/17 12:10:49.011,2024-04-17 12:10:49.011000+00:00
2024/04/17, 12:11:49.011,36.196,-74.839, 0.84,148.18,160.44,0.52,18.0,18.1,1019.5,1019.6,0.0,0.0,85.1,78.5,355,349,7.0,6.9,84.3,84.6,6.7,6.6,143.1,136.8,1021.6,1021.7,286.04,369.86,1501.13,31.4873,11.8056,477.2,60.6,1492.041, NAN, NAN, NAN, NAN,,2024/04/17 12:11:49.011,2024-04-17 12:11:49.011000+00:00
2024/04/17, 12:12:49.012,36.196,-74.839, 0.68,147.95,123.9,0.53,17.9,17.9,1019.6,1019.5,0.0,0.0,85.1,78.5,352,348,6.8,6.9,85.1,84.8,6.5,6.6,140.2,136.1,1021.7,1021.6,287.82,370.04,1483.27,31.5945,11.8118,499.5,60.6,1492.191, NAN, NAN, NAN, NAN,,2024/04/17 12:12:49.012,2024-04-17 12:12:49.012000+00:00
2024/04/17, 12:13:49.012,36.195,-74.839, 0.70,147.59,202.73,0.49,17.8,17.9,1019.5,1019.5,0.0,0.0,85.1,78.5,348,344,6.2,6.3,84.9,85.4,6.0,6.2,133.7,129.7,1021.6,1021.6,298.34,367.24,1535.38,31.5005,11.8158,477.6,60.5,1492.093, NAN, NAN, NAN, NAN,,2024/04/17 12:13:49.012,2024-04-17 12:13:49.012000+00:00
2024/04/17, 12:14:49.012,36.195,-74.839, 0.69,148.47,164.82,0.49,17.5,17.9,1019.7,1019.5,0.0,0.0,85.1,78.5,350,345,6.5,6.6,83.2,85.0,6.3,6.4,137.7,132.5,1021.8,1021.6,311.74,367.42,1593.06,31.4749,11.8203,475.8,60.7,1492.078, NAN, NAN, NAN, NAN,,2024/04/17 12:14:49.012,2024-04-17 12:14:49.012000+00:00
2024/04/17, 12:15:49.012,36.195,-74.839, 0.60,147.98,131.56,0.3,17.3,17.3,1019.5,1019.5,0.0,0.0,85.1,78.5,350,346,6.7,6.8,85.3,85.1,6.5,6.6,138.1,134.0,1021.6,1021.6,320.86,368.49,1628.36,31.4536,11.8251,470.2,60.8,1492.069, NAN, NAN, NAN, NAN,,2024/04/17 12:15:49.012,2024-04-17 12:15:49.012000+00:00
2024/04/17, 12:16:49.012,36.195,-74.839, 0.69,148.72,127.19,0.54,17.2,17.3,1019.5,1019.4,0.0,0.0,85.1,78.5,351,345,6.8,6.7,86.7,86.7,6.5,6.4,140.2,133.9,1021.6,1021.5,328.74,369.23,1653.51,31.4464,11.8282,470.2,60.7,1492.071, NAN, NAN, NAN, NAN,,2024/04/17 12:16:49.012,2024-04-17 12:16:49.012000+00:00
2024/04/17, 12:17:49.012,36.195,-74.839, 0.64,148.08,143.1,0.41,17.3,17.3,1019.5,1019.4,0.0,0.0,85.1,78.5,357,351,7.5,7.2,87.8,87.9,7.3,7.0,145.0,138.9,1021.6,1021.5,326.99,371.39,1633.7,31.426,11.8299,465.1,60.9,1492.052, NAN, NAN, NAN, NAN,,2024/04/17 12:17:49.012,2024-04-17 12:17:49.012000+00:00
2024/04/17, 12:18:49.012,36.195,-74.839, 0.76,148.07,177.83,0.53,17.4,17.4,1019.5,1019.4,0.0,0.0,85.1,78.5,355,349,7.4,7.2,90.1,89.8,7.2,7.0,142.2,135.9,1021.6,1021.5,315.65,371.72,1598.11,31.4478,11.832,471.8,60.7,1492.086, NAN, NAN, NAN, NAN,,2024/04/17 12:18:49.012,2024-04-17 12:18:49.012000+00:00
2024/04/17, 12:19:49.012,36.195,-74.838, 0.72,148.08,194.51,0.82,17.7,17.6,1019.5,1019.4,0.0,0.0,85.1,78.5,355,350,7.3,7.2,89.2,89.3,7.0,7.0,140.5,135.2,1021.6,1021.5,319.8,371.28,1590.55,31.4279,11.8349,467.2,60.9,1492.072, NAN, NAN, NAN, NAN,,2024/04/17 12:19:49.012,2024-04-17 12:19:49.012000+00:00
2024/04/17, 12:20:49.012,36.195,-74.838, 0.67,148.5,145.87,0.7,17.8,17.8,1019.4,1019.4,0.0,0.0,85.1,78.5,355,350,7.3,7.3,87.4,87.6,6.9,6.9,143.6,138.3,1021.5,1021.5,309.36,371.95,1556.3,31.4796,11.8373,479.2,60.8,1492.142, NAN, NAN, NAN, NAN,,2024/04/17 12:20:49.012,2024-04-17 12:20:49.012000+00:00
2024/04/17, 12:21:49.012,36.195,-74.838, 0.70,148.04,124.67,0.55,17.9,17.8,1019.4,1019.4,0.0,0.0,85.1,78.5,354,349,7.6,7.4,87.8,88.0,7.3,7.1,142.1,136.9,1021.5,1021.5,304.77,371.24,1548.07,31.49,11.8389,480.3,60.8,1492.16, NAN, NAN, NAN, NAN,,2024/04/17 12:21:49.012,2024-04-17 12:21:49.012000+00:00
2024/04/17, 12:22:49.012,36.194,-74.838, 0.77,148.33,189.26,0.53,17.9,17.9,1019.4,1019.3,0.0,0.0,85.1,78.5,354,349,7.6,7.4,87.4,87.5,7.3,7.2,141.6,136.5,1021.5,1021.4,306.71,372.16,1550.87,31.5009,11.8421,480.6,60.7,1492.184, NAN, NAN, NAN, NAN,,2024/04/17 12:22:49.012,2024-04-17 12:22:49.012000+00:00
2024/04/17, 12:23:49.012,36.194,-74.838, 0.60,148.11,124.7,0.65,18.0,18.0,1019.4,1019.3,0.0,0.0,85.1,78.5,354,348,7.6,7.5,87.4,87.2,7.3,7.2,142.9,136.7,1021.5,1021.4,270.46,371.78,1391.3,31.453,11.8465,472.6,60.8,1492.142, NAN, NAN, NAN, NAN,,2024/04/17 12:23:49.012,2024-04-17 12:23:49.012000+00:00
2024/04/17, 12:24:49.012,36.194,-74.838, 0.75,148.84,201.7,0.55,18.0,18.0,1019.3,1019.3,0.0,0.0,85.1,78.5,352,346,7.5,7.4,86.9,87.0,7.3,7.2,139.3,133.2,1021.4,1021.4,238.64,370.36,1294.3,31.4412,11.8495,470.8,60.8,1492.138, NAN, NAN, NAN, NAN,,2024/04/17 12:24:49.012,2024-04-17 12:24:49.012000+00:00
2024/04/17, 12:25:49.012,36.194,-74.838, 0.74,147.17,120.9,0.57,18.0,18.0,1019.3,1019.3,0.0,0.0,85.1,78.5,355,349,7.9,7.7,85.9,85.9,7.6,7.4,143.0,136.8,1021.4,1021.4,283.23,371.94,1474.45,31.4472,11.8547,476.0,60.8,1492.164, NAN, NAN, NAN, NAN,,2024/04/17 12:25:49.012,2024-04-17 12:25:49.012000+00:00
2024/04/17, 12:26:49.012,36.194,-74.838, 0.70,148.51,164.85,0.59,18.0,18.0,1019.3,1019.3,0.0,0.0,85.1,78.5,354,349,7.7,7.7,87.1,87.1,7.4,7.4,142.2,137.0,1021.4,1021.4,294.22,371.6,1507.54,31.4246,11.8602,470.2,60.9,1492.156, NAN, NAN, NAN, NAN,,2024/04/17 12:26:49.012,2024-04-17 12:26:49.012000+00:00
2024/04/17, 12:27:49.012,36.194,-74.838, 0.73,147.91,129.31,0.57,18.0,18.0,1019.3,1019.2,0.0,0.0,85.1,78.5,353,347,7.4,7.4,86.0,86.4,7.1,7.1,141.0,134.8,1021.4,1021.3,287.29,370.15,1473.25,31.4372,11.8656,476.0,60.8,1492.189, NAN, NAN, NAN, NAN,,2024/04/17 12:27:49.012,2024-04-17 12:27:49.012000+00:00
2024/04/17, 12:28:49.013,36.194,-74.838, 0.74,148.19,191.39,0.58,17.9,17.9,1019.3,1019.3,0.0,0.0,85.1,78.5,354,349,7.5,7.4,85.0,85.0,7.2,7.1,141.3,136.1,1021.4,1021.4,301.11,370.84,1522.25,31.4279,11.8745,473.2,60.7,1492.209, NAN, NAN, NAN, NAN,,2024/04/17 12:28:49.013,2024-04-17 12:28:49.013000+00:00
2024/04/17, 12:29:49.013,36.194,-74.838, 0.85,148.05,127.91,0.56,17.8,17.8,1019.3,1019.2,0.0,0.0,85.1,78.5,353,347,7.6,7.5,86.1,85.9,7.3,7.2,141.8,135.5,1021.4,1021.3,299.47,371.02,1544.66,31.4434,11.8843,477.9,60.8,1492.261, NAN, NAN, NAN, NAN,,2024/04/17 12:29:49.013,2024-04-17 12:29:49.013000+00:00
2024/04/17, 12:30:49.013,36.193,-74.837, 0.70,147.61,139.37,0.59,17.8,17.8,1019.3,1019.3,0.0,0.0,85.1,78.5,355,350,7.9,7.8,86.7,86.8,7.6,7.5,141.9,136.7,1021.4,1021.4,310.59,372.64,1601.04,31.4245,11.8898,473.2,60.9,1492.258, NAN, NAN, NAN, NAN,,2024/04/17 12:30:49.013,2024-04-17 12:30:49.013000+00:00
2024/04/17, 12:31:49.013,36.193,-74.837, 0.70,148.37,181.15,0.48,17.9,17.9,1019.1,1019.3,0.0,0.0,85.1,78.5,354,349,7.9,7.8,87.7,87.9,7.7,7.6,142.3,137.1,1021.2,1021.4,329.04,371.85,1667.68,31.4156,11.8976,472.6,61.0,1492.274, NAN, NAN, NAN, NAN,,2024/04/17 12:31:49.013,2024-04-17 12:31:49.013000+00:00
2024/04/17, 12:32:49.013,36.193,-74.837, 0.76,147.85,173.58,0.5,17.9,17.9,1019.3,1019.3,0.0,0.0,85.1,78.5,353,347,7.8,7.6,86.5,86.7,7.6,7.4,139.8,133.6,1021.4,1021.4,331.45,370.47,1686.01,31.3984,11.9038,469.6,61.0,1492.275, NAN, NAN, NAN, NAN,,2024/04/17 12:32:49.013,2024-04-17 12:32:49.013000+00:00
2024/04/17, 12:33:49.013,36.193,-74.837, 0.69,147.98,172.38,0.42,17.8,17.9,1019.3,1019.1,0.0,0.0,85.1,78.5,352,346,7.7,7.6,85.9,85.7,7.5,7.4,139.7,133.5,1021.4,1021.2,323.18,370.86,1670.98,31.3882,11.9107,469.6,60.9,1492.287, NAN, NAN, NAN, NAN,,2024/04/17 12:33:49.013,2024-04-17 12:33:49.013000+00:00
2024/04/17, 12:34:49.013,36.193,-74.837, 0.84,147.76,163.51,0.63,17.8,17.8,1019.3,1019.1,0.0,0.0,85.1,78.5,349,345,7.4,7.5,86.2,86.2,7.1,7.2,135.4,131.3,1021.4,1021.2,348.59,369.7,1765.74,31.4006,11.9171,472.6,61.0,1492.324, NAN, NAN, NAN, NAN,,2024/04/17 12:34:49.013,2024-04-17 12:34:49.013000+00:00
2024/04/17, 12:35:49.013,36.193,-74.837, 0.76,147.72,158.31,0.54,17.7,17.7,1019.1,1019.1,0.0,0.0,85.1,78.5,353,346,7.9,7.7,85.3,85.6,7.6,7.5,140.0,132.7,1021.2,1021.2,339.83,370.41,1720.9,31.4215,11.9213,474.5,60.7,1492.363, NAN, NAN, NAN, NAN,,2024/04/17 12:35:49.013,2024-04-17 12:35:49.013000+00:00
2024/04/17, 12:36:49.013,36.193,-74.837, 0.64,148.31,159.69,0.63,17.5,17.6,1019.1,1019.2,0.0,0.0,85.1,78.5,353,348,8.0,7.8,87.0,86.7,7.7,7.5,140.8,135.5,1021.2,1021.3,338.62,371.07,1725.68,31.4105,11.9252,471.2,60.8,1492.363, NAN, NAN, NAN, NAN,,2024/04/17 12:36:49.013,2024-04-17 12:36:49.013000+00:00
2024/04/17, 12:37:49.013,36.193,-74.837, 1.07,146.92,182.53,0.88,17.6,17.6,1019.0,1019.1,0.0,0.0,85.1,78.5,355,349,8.3,8.2,87.9,87.9,7.9,7.8,141.4,135.0,1021.1,1021.2,337.79,371.55,1709.98,31.414,11.9286,470.2,60.8,1492.379, NAN, NAN, NAN, NAN,,2024/04/17 12:37:49.013,2024-04-17 12:37:49.013000+00:00
2024/04/17, 12:38:49.013,36.192,-74.837, 1.41,148.6,126.38,0.87,17.7,17.7,1019.1,1019.0,0.0,0.0,85.1,78.5,354,348,8.3,8.1,87.8,87.9,7.9,7.7,143.0,136.6,1021.2,1021.1,319.9,370.76,1623.26,31.4061,11.9324,469.6,60.7,1492.383, NAN, NAN, NAN, NAN,,2024/04/17 12:38:49.013,2024-04-17 12:38:49.013000+00:00
2024/04/17, 12:39:49.013,36.192,-74.836, 1.13,148.49,141.97,0.88,17.7,17.7,1019.1,1019.1,0.0,0.0,85.1,78.5,354,348,8.6,8.3,87.6,87.4,8.1,7.9,142.4,136.1,1021.2,1021.2,319.71,371.42,1626.42,31.3946,11.9374,471.2,60.9,1492.387, NAN, NAN, NAN, NAN,,2024/04/17 12:39:49.013,2024-04-17 12:39:49.013000+00:00
2024/04/17, 12:40:49.013,36.192,-74.836, 1.21,148.25,151.14,0.93,17.7,17.7,1019.1,1018.9,0.0,0.0,85.1,78.5,354,348,8.5,8.4,87.9,87.9,8.0,7.9,142.7,136.4,1021.2,1021.0,333.83,371.99,1702.72,31.3846,11.9424,469.1,60.9,1492.392, NAN, NAN, NAN, NAN,,2024/04/17 12:40:49.013,2024-04-17 12:40:49.013000+00:00
2024/04/17, 12:41:49.013,36.192,-74.836, 1.29,148.11,138.11,1.05,17.8,17.8,1019.0,1018.8,0.0,0.0,85.1,78.5,356,350,8.6,8.4,87.9,87.9,8.1,7.9,143.5,137.0,1021.1,1020.9,369.12,372.43,1852.73,31.398,11.947,467.2,60.9,1492.424, NAN, NAN, NAN, NAN,,2024/04/17 12:41:49.013,2024-04-17 12:41:49.013000+00:00
2024/04/17, 12:42:49.013,36.191,-74.836, 1.20,148.12,185.02,0.99,17.8,17.8,1018.9,1018.8,0.0,0.0,85.1,78.5,355,349,8.4,8.3,87.5,87.6,7.9,7.9,141.7,135.4,1021.0,1020.9,387.9,371.86,1926.99,31.4268,11.9531,467.8,60.9,1492.479, NAN, NAN, NAN, NAN,,2024/04/17 12:42:49.013,2024-04-17 12:42:49.013000+00:00
2024/04/17, 12:43:49.014,36.191,-74.836, 1.19,147.81,164.88,1.09,17.8,17.8,1018.9,1018.8,0.0,0.0,85.1,78.5,355,350,8.4,8.3,86.3,86.4,7.9,7.8,141.6,136.2,1021.0,1020.9,387.23,371.97,1929.5,31.3824,11.9573,462.0,60.9,1492.441, NAN, NAN, NAN, NAN,,2024/04/17 12:43:49.014,2024-04-17 12:43:49.014000+00:00
2024/04/17, 12:44:49.014,36.191,-74.835, 1.24,147.36,120.22,0.94,17.8,17.8,1018.9,1018.8,0.0,0.0,85.1,78.5,353,347,8.2,8.3,86.5,86.6,7.7,7.8,140.3,134.0,1021.0,1020.9,389.16,371.65,1934.48,31.3974,11.9601,463.8,60.8,1492.468, NAN, NAN, NAN, NAN,,2024/04/17 12:44:49.014,2024-04-17 12:44:49.014000+00:00
2024/04/17, 12:45:49.014,36.191,-74.835, 1.28,148.07,153.67,1.03,17.7,17.7,1018.9,1018.8,0.0,0.0,85.1,78.5,353,348,8.4,8.4,85.7,86.0,7.9,7.9,140.2,134.9,1021.0,1020.9,387.91,371.79,1905.63,31.3947,11.9659,462.8,60.9,1492.485, NAN, NAN, NAN, NAN,,2024/04/17 12:45:49.014,2024-04-17 12:45:49.014000+00:00
2024/04/17, 12:46:49.014,36.19,-74.835, 1.29,149.1,160.88,0.85,17.6,17.7,1019.0,1018.8,0.0,0.0,85.1,78.5,353,347,8.6,8.5,87.1,87.0,8.2,8.1,141.4,135.0,1021.1,1020.9,378.02,373.1,1852.25,31.4359,11.9703,469.4,60.9,1492.55, NAN, NAN, NAN, NAN,,2024/04/17 12:46:49.014,2024-04-17 12:46:49.014000+00:00
2024/04/17, 12:47:49.014,36.19,-74.835, 1.16,148.74,173.57,0.96,17.7,17.7,1018.9,1018.9,0.0,0.0,85.1,78.5,351,346,8.3,8.3,88.1,88.1,7.8,7.9,138.4,133.1,1021.0,1021.0,360.29,370.85,1833.56,31.4192,11.9713,466.0,60.9,1492.533, NAN, NAN, NAN, NAN,,2024/04/17 12:47:49.014,2024-04-17 12:47:49.014000+00:00
2024/04/17, 12:48:49.014,36.19,-74.835, 1.13,147.94,152.86,1.04,17.7,17.8,1018.9,1018.8,0.0,0.0,85.1,78.5,352,347,8.5,8.4,86.0,86.1,8.0,7.9,139.3,133.9,1021.0,1020.9,394.0,371.91,1931.06,31.4228,11.971,465.4,60.6,1492.536, NAN, NAN, NAN, NAN,,2024/04/17 12:48:49.014,2024-04-17 12:48:49.014000+00:00
2024/04/17, 12:49:49.014,36.19,-74.835, 1.11,148.61,177.15,0.96,17.7,17.7,1018.8,1018.8,0.0,0.0,85.1,78.5,353,348,8.8,8.5,87.0,87.1,8.3,8.0,140.8,135.5,1020.9,1020.9,402.68,372.82,1952.73,31.4076,11.9714,462.7,60.8,1492.52, NAN, NAN, NAN, NAN,,2024/04/17 12:49:49.014,2024-04-17 12:49:49.014000+00:00
2024/04/17, 12:50:49.014,36.189,-74.834, 1.25,147.73,144.79,1.1,17.7,17.7,1019.0,1018.9,0.0,0.0,85.1,78.5,354,348,8.5,8.3,87.8,87.8,7.9,7.7,141.4,135.0,1021.1,1021.0,399.77,372.98,1925.13,31.4072,11.9746,462.7,60.9,1492.53, NAN, NAN, NAN, NAN,,2024/04/17 12:50:49.014,2024-04-17 12:50:49.014000+00:00
2024/04/17, 12:51:49.014,36.189,-74.834, 1.21,148.06,159.36,0.98,17.7,17.7,1018.8,1018.8,0.0,0.0,85.1,78.5,354,348,8.4,8.2,87.8,87.6,7.9,7.7,142.1,135.7,1020.9,1020.9,385.99,372.33,1886.61,31.4213,11.9755,465.7,60.9,1492.55, NAN, NAN, NAN, NAN,,2024/04/17 12:51:49.014,2024-04-17 12:51:49.014000+00:00
2024/04/17, 12:52:49.014,36.189,-74.834, 1.25,148.94,144.01,0.92,17.7,17.7,1019.0,1018.8,0.0,0.0,85.1,78.5,353,347,8.3,8.2,87.1,87.1,7.8,7.7,141.5,135.2,1021.1,1020.9,400.18,372.39,1951.9,31.4462,11.9776,469.1,60.9,1492.587, NAN, NAN, NAN, NAN,,2024/04/17 12:52:49.014,2024-04-17 12:52:49.014000+00:00
2024/04/17, 12:53:49.014,36.189,-74.834, 1.20,148.22,141.63,0.98,17.6,17.6,1019.0,1018.8,0.0,0.0,85.1,78.5,354,347,8.5,8.2,87.2,87.4,8.0,7.7,142.7,135.3,1021.1,1020.9,406.41,372.91,1902.81,31.4364,11.9813,466.2,60.9,1492.588, NAN, NAN, NAN, NAN,,2024/04/17 12:53:49.014,2024-04-17 12:53:49.014000+00:00
2024/04/17, 12:54:49.014,36.189,-74.834, 1.19,148.38,151.03,1.04,17.6,17.6,1018.9,1018.9,0.0,0.0,85.1,78.5,354,349,8.4,8.3,88.1,88.2,7.9,7.8,142.9,137.6,1021.0,1021.0,413.49,374.03,1962.4,31.4442,11.9842,466.8,60.9,1492.607, NAN, NAN, NAN, NAN,,2024/04/17 12:54:49.014,2024-04-17 12:54:49.014000+00:00
2024/04/17, 12:55:49.014,36.188,-74.833, 1.15,148.37,140.84,0.96,17.7,17.7,1018.9,1018.8,0.0,0.0,85.1,78.5,353,348,8.2,8.1,88.1,88.2,7.7,7.6,140.7,135.3,1021.0,1020.9,437.32,372.51,2036.28,31.4302,11.9893,463.8,60.9,1492.608, NAN, NAN, NAN, NAN,,2024/04/17 12:55:49.014,2024-04-17 12:55:49.014000+00:00
2024/04/17, 12:56:49.014,36.188,-74.833, 1.15,148.15,114.12,0.87,17.6,17.6,1018.9,1018.9,0.0,0.0,85.1,78.5,353,348,7.9,7.8,86.7,86.9,7.5,7.4,141.2,135.9,1021.0,1021.0,441.07,372.45,2047.76,31.4464,11.9907,462.8,60.9,1492.632, NAN, NAN, NAN, NAN,,2024/04/17 12:56:49.014,2024-04-17 12:56:49.014000+00:00
2024/04/17, 12:57:49.014,36.188,-74.833, 1.24,147.7,118.2,0.95,17.5,17.5,1018.9,1018.8,0.0,0.0,85.1,78.5,355,348,7.9,7.8,86.7,86.8,7.4,7.3,142.8,135.4,1021.0,1020.9,453.15,372.22,2141.23,31.4523,11.993,465.4,60.7,1492.647, NAN, NAN, NAN, NAN,,2024/04/17 12:57:49.014,2024-04-17 12:57:49.014000+00:00
2024/04/17, 12:58:49.014,36.188,-74.833, 1.07,148.77,161.37,1.11,17.4,17.4,1018.8,1018.9,0.0,0.0,85.1,78.5,354,348,7.8,7.6,87.2,87.2,7.3,7.1,141.5,135.0,1020.9,1021.0,464.29,372.77,2105.45,31.4262,12.0022,461.1,60.6,1492.648, NAN, NAN, NAN, NAN,,2024/04/17 12:58:49.014,2024-04-17 12:58:49.014000+00:00
2024/04/17, 12:59:49.015,36.187,-74.833, 1.10,148.62,161.04,0.86,17.3,17.4,1018.8,1018.8,0.0,0.0,85.1,78.5,354,348,7.8,7.7,87.9,87.8,7.4,7.3,141.9,135.5,1020.9,1020.9,421.72,372.72,1940.02,31.3694,11.9954,454.4,60.8,1492.557, NAN, NAN, NAN, NAN,,2024/04/17 12:59:49.015,2024-04-17 12:59:49.015000+00:00
2024/04/17, 13:00:49.015,36.187,-74.833, 1.11,148.21,147.86,0.96,17.3,17.3,1019.0,1019.0,0.0,0.0,85.1,78.5,354,349,7.8,7.7,88.0,88.0,7.3,7.2,142.1,136.8,1021.1,1021.1,301.88,371.63,1415.16,31.3328,11.9865,452.6,60.6,1492.482, NAN, NAN, NAN, NAN,,2024/04/17 13:00:49.015,2024-04-17 13:00:49.015000+00:00
2024/04/17, 13:01:49.015,36.187,-74.832, 1.20,147.99,157.87,1.14,17.3,17.3,1018.9,1018.8,0.0,0.0,85.1,78.5,354,348,7.6,7.3,88.0,88.2,7.0,6.8,140.7,134.2,1021.0,1020.9,308.97,371.15,1372.03,31.3124,11.9875,447.0,60.4,1492.462, NAN, NAN, NAN, NAN,,2024/04/17 13:01:49.015,2024-04-17 13:01:49.015000+00:00
2024/04/17, 13:02:49.015,36.187,-74.832, 1.13,148.12,132.26,0.9,17.2,17.2,1018.8,1018.8,0.0,0.0,85.1,78.5,354,347,7.7,7.5,87.7,87.6,7.2,7.0,142.2,134.7,1020.9,1020.9,315.33,371.12,1505.38,31.3199,11.9784,450.4,59.6,1492.439, NAN, NAN, NAN, NAN,,2024/04/17 13:02:49.015,2024-04-17 13:02:49.015000+00:00
2024/04/17, 13:03:49.015,36.186,-74.832, 1.19,148.51,141.75,1.06,17.1,17.1,1019.0,1018.9,0.0,0.0,85.1,78.5,353,347,7.5,7.4,88.1,88.3,7.0,6.9,141.4,134.9,1021.1,1021.0,372.69,371.15,1771.22,31.3272,11.962,451.3,60.2,1492.391, NAN, NAN, NAN, NAN,,2024/04/17 13:03:49.015,2024-04-17 13:03:49.015000+00:00
2024/04/17, 13:04:49.015,36.186,-74.832, 1.20,147.99,150.24,1.05,17.1,17.1,1018.8,1019.0,0.0,0.0,85.1,78.5,352,347,7.3,7.5,88.3,88.5,6.8,7.0,139.6,134.3,1020.9,1021.1,419.26,372.12,1882.11,31.3203,11.9433,448.6,60.3,1492.318, NAN, NAN, NAN, NAN,,2024/04/17 13:04:49.015,2024-04-17 13:04:49.015000+00:00
2024/04/17, 13:05:49.015,36.186,-74.832, 1.17,148.59,147.87,1.16,17.0,17.1,1018.9,1018.8,0.0,0.0,85.1,78.5,351,347,7.2,7.2,88.7,88.5,6.6,6.6,138.3,134.0,1021.0,1020.9,444.19,372.17,1986.39,31.341,11.9523,454.0,59.9,1492.374, NAN, NAN, NAN, NAN,,2024/04/17 13:05:49.015,2024-04-17 13:05:49.015000+00:00
2024/04/17, 13:06:49.015,36.186,-74.831, 1.08,147.99,136.61,1.11,17.0,17.0,1018.8,1018.8,0.0,0.0,85.1,78.5,351,345,7.0,7.2,88.4,88.6,6.4,6.6,138.2,131.8,1020.9,1020.9,482.0,372.34,2117.18,31.3289,11.9629,451.6,59.9,1492.396, NAN, NAN, NAN, NAN,,2024/04/17 13:06:49.015,2024-04-17 13:06:49.015000+00:00
2024/04/17, 13:07:49.015,36.185,-74.831, 1.10,147.94,117.0,1.05,17.0,16.9,1018.8,1018.8,0.0,0.0,85.1,78.5,352,346,7.2,7.3,88.3,88.6,6.7,6.8,140.6,134.1,1020.9,1020.9,466.89,372.8,2082.26,31.3709,11.962,461.1,60.1,1492.443, NAN, NAN, NAN, NAN,,2024/04/17 13:07:49.015,2024-04-17 13:07:49.015000+00:00
2024/04/17, 13:08:49.015,36.185,-74.831, 1.10,148.26,137.03,1.06,16.8,16.9,1018.8,1018.9,0.0,0.0,85.1,78.5,351,344,7.4,7.3,89.3,89.3,6.9,6.8,139.6,132.0,1020.9,1021.0,452.67,371.96,2004.14,31.4297,11.9648,468.8,60.0,1492.523, NAN, NAN, NAN, NAN,,2024/04/17 13:08:49.015,2024-04-17 13:08:49.015000+00:00
2024/04/17, 13:09:49.015,36.185,-74.831, 1.15,148.36,134.58,1.01,16.8,16.9,1018.7,1018.8,0.0,0.0,85.1,78.5,350,345,7.3,7.4,89.5,89.5,6.8,6.9,138.1,132.8,1020.8,1020.9,499.68,372.81,2191.14,31.3813,11.9706,459.3,60.0,1492.485, NAN, NAN, NAN, NAN,,2024/04/17 13:09:49.015,2024-04-17 13:09:49.015000+00:00
2024/04/17, 13:10:49.015,36.185,-74.831, 1.07,148.22,159.43,0.91,16.8,16.8,1018.8,1018.7,0.0,0.0,85.1,78.5,349,344,7.5,7.4,89.6,89.7,7.0,7.0,136.4,131.1,1020.9,1020.8,453.92,372.72,2016.65,31.3445,11.9709,452.6,60.1,1492.443, NAN, NAN, NAN, NAN,,2024/04/17 13:10:49.015,2024-04-17 13:10:49.015000+00:00
2024/04/17, 13:11:49.015,36.185,-74.831, 1.14,148.28,130.6,1.05,16.8,16.8,1018.7,1018.7,0.0,0.0,85.1,78.5,349,344,7.3,7.6,89.9,89.8,6.8,7.1,136.9,131.5,1020.8,1020.8,481.31,372.04,2113.17,31.3524,11.955,455.0,60.0,1492.397, NAN, NAN, NAN, NAN,,2024/04/17 13:11:49.015,2024-04-17 13:11:49.015000+00:00
2024/04/17, 13:12:49.015,36.184,-74.83, 1.26,148.07,150.94,0.98,16.8,16.8,1018.7,1018.6,0.0,0.0,85.1,78.5,350,344,7.6,7.7,89.8,89.9,7.1,7.2,136.8,130.4,1020.8,1020.7,488.09,372.51,2081.89,31.335,11.9372,450.7,60.1,1492.315, NAN, NAN, NAN, NAN,,2024/04/17 13:12:49.015,2024-04-17 13:12:49.015000+00:00
2024/04/17, 13:13:49.015,36.184,-74.83, 1.08,148.16,148.45,0.94,16.8,16.8,1018.7,1018.6,0.0,0.0,85.1,78.5,349,345,7.7,7.7,89.9,89.9,7.2,7.2,136.4,132.1,1020.8,1020.7,509.09,373.08,2206.17,31.3178,11.9105,447.6,60.2,1492.202, NAN, NAN, NAN, NAN,,2024/04/17 13:13:49.015,2024-04-17 13:13:49.015000+00:00
2024/04/17, 13:14:49.015,36.184,-74.83, 1.33,148.35,156.89,1.04,16.8,16.8,1018.6,1018.6,0.0,0.0,85.1,78.5,348,343,7.7,7.7,90.1,90.0,7.2,7.2,135.4,130.0,1020.7,1020.7,509.13,372.93,2189.08,31.3172,11.8978,448.0,60.1,1492.157, NAN, NAN, NAN, NAN,,2024/04/17 13:14:49.015,2024-04-17 13:14:49.015000+00:00
2024/04/17, 13:15:49.016,36.184,-74.83, 1.24,148.02,166.26,1.0,16.8,16.8,1018.6,1018.5,0.0,0.0,85.1,78.5,349,344,7.7,7.6,90.1,90.3,7.2,7.1,135.9,130.5,1020.7,1020.6,517.62,372.58,2216.19,31.3928,11.8835,461.4,60.1,1492.198, NAN, NAN, NAN, NAN,,2024/04/17 13:15:49.016,2024-04-17 13:15:49.016000+00:00
2024/04/17, 13:16:49.016,36.183,-74.83, 1.12,147.94,146.06,0.9,16.8,16.8,1018.6,1018.5,0.0,0.0,85.1,78.5,349,343,7.7,7.6,89.8,90.0,7.2,7.1,136.9,130.5,1020.7,1020.6,518.52,372.7,2150.5,31.395,11.8589,460.4,60.0,1492.116, NAN, NAN, NAN, NAN,,2024/04/17 13:16:49.016,2024-04-17 13:16:49.016000+00:00
2024/04/17, 13:17:49.016,36.183,-74.829, 1.22,148.21,145.34,0.91,16.8,16.8,1018.7,1018.5,0.0,0.0,85.1,78.5,349,344,7.5,7.6,89.9,89.9,7.0,7.2,136.2,130.9,1020.8,1020.6,458.91,372.35,1952.41,31.4345,11.8454,468.4,60.0,1492.116, NAN, NAN, NAN, NAN,,2024/04/17 13:17:49.016,2024-04-17 13:17:49.016000+00:00
2024/04/17, 13:18:49.016,36.183,-74.829, 1.14,148.52,171.8,0.97,16.8,16.8,1018.6,1018.6,0.0,0.0,85.1,78.5,349,344,7.5,7.5,89.8,90.0,7.0,7.1,135.9,130.6,1020.7,1020.7,452.79,372.07,1964.03,31.438,11.8485,468.8,60.0,1492.131, NAN, NAN, NAN, NAN,,2024/04/17 13:18:49.016,2024-04-17 13:18:49.016000+00:00
2024/04/17, 13:19:49.016,36.183,-74.829, 1.22,148.21,133.87,0.99,16.8,16.8,1018.7,1018.6,0.0,0.0,85.1,78.5,348,343,7.5,7.6,89.8,90.0,7.0,7.1,136.3,130.9,1020.8,1020.7,461.3,372.2,1927.55,31.4338,11.8583,467.2,60.0,1492.16, NAN, NAN, NAN, NAN,,2024/04/17 13:19:49.016,2024-04-17 13:19:49.016000+00:00
2024/04/17, 13:20:49.016,36.182,-74.829, 1.20,148.06,154.33,1.06,16.8,16.8,1018.7,1018.5,0.0,0.0,85.1,78.5,347,343,7.4,7.6,89.8,89.9,6.9,7.1,134.1,129.8,1020.8,1020.6,411.52,371.14,1753.63,31.4522,11.8783,470.8,59.9,1492.251, NAN, NAN, NAN, NAN,,2024/04/17 13:20:49.016,2024-04-17 13:20:49.016000+00:00
2024/04/17, 13:21:49.016,36.182,-74.829, 1.15,147.74,156.42,1.03,16.7,16.8,1018.6,1018.6,0.0,0.0,85.1,78.5,348,344,7.5,7.5,89.6,89.9,7.0,7.0,134.3,130.0,1020.7,1020.7,433.33,372.18,1789.29,31.4707,11.8831,471.5,60.0,1492.29, NAN, NAN, NAN, NAN,,2024/04/17 13:21:49.016,2024-04-17 13:21:49.016000+00:00
2024/04/17, 13:22:49.016,36.182,-74.829, 1.25,148.15,131.64,1.03,16.7,16.7,1018.6,1018.6,0.0,0.0,85.1,78.5,348,343,7.2,7.5,89.6,90.3,6.7,7.0,136.1,130.7,1020.7,1020.7,414.68,371.69,1779.12,31.4646,11.8818,470.2,60.0,1492.278, NAN, NAN, NAN, NAN,,2024/04/17 13:22:49.016,2024-04-17 13:22:49.016000+00:00
2024/04/17, 13:23:49.016,36.182,-74.828, 1.30,148.5,165.67,1.09,16.6,16.7,1018.6,1018.6,0.0,0.0,85.1,78.5,347,343,7.3,7.5,90.1,90.1,6.8,7.0,134.1,129.8,1020.7,1020.7,466.0,372.33,1966.96,31.4264,11.8676,462.0,60.0,1492.183, NAN, NAN, NAN, NAN,,2024/04/17 13:23:49.016,2024-04-17 13:23:49.016000+00:00
2024/04/17, 13:24:49.016,36.181,-74.828, 1.16,148.03,158.11,1.03,16.6,16.6,1018.6,1018.4,0.0,0.0,85.1,78.5,347,343,7.3,7.5,90.3,90.4,6.8,7.0,133.8,129.5,1020.7,1020.5,512.13,372.67,2083.92,31.3937,11.8977,457.1,60.1,1492.248, NAN, NAN, NAN, NAN,,2024/04/17 13:24:49.016,2024-04-17 13:24:49.016000+00:00
2024/04/17, 13:25:49.016,36.181,-74.828, 1.18,148.42,158.21,1.04,16.6,16.6,1018.6,1018.5,0.0,0.0,85.1,78.5,349,343,7.4,7.5,90.2,90.3,6.9,7.0,136.9,130.4,1020.7,1020.6,456.44,372.38,1719.2,31.4266,11.9298,464.8,60.0,1492.399, NAN, NAN, NAN, NAN,,2024/04/17 13:25:49.016,2024-04-17 13:25:49.016000+00:00
2024/04/17, 13:26:49.016,36.181,-74.828, 1.18,147.38,144.42,1.2,16.6,16.6,1018.6,1018.6,0.0,0.0,85.1,78.5,349,344,7.3,7.4,90.4,90.6,6.7,6.8,135.1,129.7,1020.7,1020.7,357.5,371.69,1637.32,31.4729,11.937,472.1,60.0,1492.479, NAN, NAN, NAN, NAN,,2024/04/17 13:26:49.016,2024-04-17 13:26:49.016000+00:00
2024/04/17, 13:27:49.016,36.181,-74.828, 1.39,147.95,142.46,0.98,16.6,16.6,1018.6,1018.5,0.0,0.0,85.1,78.5,348,344,7.5,7.4,90.4,90.6,7.0,6.9,135.1,130.8,1020.7,1020.6,492.71,373.05,2006.96,31.4827,11.9039,473.6,60.0,1492.376, NAN, NAN, NAN, NAN,,2024/04/17 13:27:49.016,2024-04-17 13:27:49.016000+00:00
2024/04/17, 13:28:49.016,36.18,-74.827, 1.10,147.45,141.17,1.05,16.6,16.6,1018.6,1018.6,0.0,0.0,85.1,78.5,350,345,7.4,7.5,90.8,90.6,6.9,7.0,136.5,131.2,1020.7,1020.7,448.0,373.06,1877.02,31.4621,11.8843,469.4,60.1,1492.284, NAN, NAN, NAN, NAN,,2024/04/17 13:28:49.016,2024-04-17 13:28:49.016000+00:00
2024/04/17, 13:29:49.016,36.18,-74.827, 1.31,147.52,111.62,0.95,16.6,16.6,1018.6,1018.6,0.0,0.0,85.1,78.5,352,345,7.6,7.5,90.9,91.2,7.1,7.0,139.5,132.0,1020.7,1020.7,495.35,374.52,2022.95,31.4422,11.9034,466.0,60.2,1492.326, NAN, NAN, NAN, NAN,,2024/04/17 13:29:49.016,2024-04-17 13:29:49.016000+00:00
2024/04/17, 13:30:49.016,36.18,-74.827, 0.99,147.11,123.86,1.06,16.6,16.6,1018.6,1018.6,0.0,0.0,85.1,78.5,353,347,7.6,7.5,91.3,91.4,7.1,7.0,140.9,134.4,1020.7,1020.7,477.04,374.89,1912.94,31.4764,11.9098,473.2,60.2,1492.389, NAN, NAN, NAN, NAN,,2024/04/17 13:30:49.016,2024-04-17 13:30:49.016000+00:00
2024/04/17, 13:31:49.017,36.18,-74.827, 1.13,148.03,131.11,1.0,16.7,16.7,1018.6,1018.6,0.0,0.0,85.1,78.5,353,348,7.5,7.5,91.2,91.3,7.0,7.0,141.5,136.2,1020.7,1020.7,483.48,374.54,1949.87,31.5135,11.8957,479.6,60.1,1492.385, NAN, NAN, NAN, NAN,,2024/04/17 13:31:49.017,2024-04-17 13:31:49.017000+00:00
2024/04/17, 13:32:49.017,36.18,-74.827, 1.13,147.22,137.38,1.04,16.7,16.7,1018.7,1018.6,0.0,0.0,85.1,78.5,353,348,7.5,7.5,91.0,91.1,7.0,7.0,140.0,134.6,1020.8,1020.7,478.16,375.02,1920.77,31.5252,11.8806,479.2,60.0,1492.346, NAN, NAN, NAN, NAN,,2024/04/17 13:32:49.017,2024-04-17 13:32:49.017000+00:00
2024/04/17, 13:33:49.017,36.179,-74.826, 1.03,147.57,136.72,1.01,16.8,16.8,1018.6,1018.5,0.0,0.0,85.1,78.5,352,347,7.5,7.4,90.7,90.8,7.0,6.9,139.3,133.9,1020.7,1020.6,510.22,375.05,1993.32,31.5274,11.8617,479.3,60.0,1492.284, NAN, NAN, NAN, NAN,,2024/04/17 13:33:49.017,2024-04-17 13:33:49.017000+00:00
2024/04/17, 13:34:49.017,36.179,-74.826, 1.03,147.68,138.72,1.12,16.8,16.8,1018.6,1018.6,0.0,0.0,85.1,78.5,351,347,7.5,7.4,90.3,90.4,6.9,6.8,139.6,135.3,1020.7,1020.7,500.73,374.68,1989.66,31.5139,11.839,476.0,60.1,1492.189, NAN, NAN, NAN, NAN,,2024/04/17 13:34:49.017,2024-04-17 13:34:49.017000+00:00
2024/04/17, 13:35:49.017,36.179,-74.826, 0.92,148.24,172.64,1.06,16.8,16.8,1018.6,1018.5,0.0,0.0,85.1,78.5,352,347,7.5,7.3,90.1,90.2,7.0,6.8,138.4,133.0,1020.7,1020.6,502.78,375.15,1977.62,31.4924,11.8378,472.9,60.2,1492.159, NAN, NAN, NAN, NAN,,2024/04/17 13:35:49.017,2024-04-17 13:35:49.017000+00:00
2024/04/17, 13:36:49.017,36.179,-74.826, 0.71,147.37,174.16,0.9,16.7,16.7,1018.7,1018.6,0.0,0.0,85.1,78.5,353,347,7.5,7.5,90.1,90.0,7.1,7.1,139.1,132.8,1020.8,1020.7,446.71,374.8,1790.66,31.5305,11.8604,478.8,60.2,1492.283, NAN, NAN, NAN, NAN,,2024/04/17 13:36:49.017,2024-04-17 13:36:49.017000+00:00
2024/04/17, 13:37:49.017,36.178,-74.826, 0.54,147.4,103.63,0.48,16.7,16.7,1018.7,1018.6,0.0,0.0,85.1,78.5,353,347,7.2,7.2,90.4,90.5,7.0,7.0,140.5,134.3,1020.8,1020.7,483.62,375.27,1920.46,31.5384,11.8684,478.8,60.1,1492.32, NAN, NAN, NAN, NAN,,2024/04/17 13:37:49.017,2024-04-17 13:37:49.017000+00:00
2024/04/17, 13:38:49.017,36.178,-74.826, 0.39,148.51,189.8,0.44,16.7,16.7,1018.7,1018.6,0.0,0.0,85.1,78.5,352,347,7.3,7.2,90.3,90.5,7.1,7.0,140.2,135.0,1020.8,1020.7,504.68,375.82,1970.58,31.5679,11.8785,483.3,60.2,1492.39, NAN, NAN, NAN, NAN,,2024/04/17 13:38:49.017,2024-04-17 13:38:49.017000+00:00
2024/04/17, 13:39:49.017,36.178,-74.826, 0.27,147.33,139.24,0.64,16.7,16.7,1018.7,1018.7,0.0,0.0,85.1,78.5,354,347,7.2,7.2,90.4,90.6,6.9,6.9,140.9,133.6,1020.8,1020.8,437.02,375.25,1723.57,31.579,11.9098,482.5,60.1,1492.512, NAN, NAN, NAN, NAN,,2024/04/17 13:39:49.017,2024-04-17 13:39:49.017000+00:00
2024/04/17, 13:40:49.017,36.178,-74.825, 0.72,147.17,152.22,0.81,16.8,16.8,1018.6,1018.6,0.0,0.0,85.1,78.5,353,347,7.3,7.4,90.8,90.9,6.9,7.0,139.5,133.2,1020.7,1020.7,413.61,375.39,1633.18,31.5704,11.9255,481.6,59.9,1492.555, NAN, NAN, NAN, NAN,,2024/04/17 13:40:49.017,2024-04-17 13:40:49.017000+00:00
2024/04/17, 13:41:49.017,36.178,-74.825, 0.54,147.59,141.93,0.65,16.8,16.8,1018.6,1018.6,0.0,0.0,85.1,78.5,352,347,7.3,7.4,90.5,90.7,7.0,7.1,139.2,133.9,1020.7,1020.7,452.14,375.18,1761.04,31.5351,11.9327,480.0,60.0,1492.538, NAN, NAN, NAN, NAN,,2024/04/17 13:41:49.017,2024-04-17 13:41:49.017000+00:00
2024/04/17, 13:42:49.017,36.178,-74.825, 0.50,148.04,138.34,0.54,16.8,16.9,1018.7,1018.6,0.0,0.0,85.1,78.5,353,347,7.3,7.2,90.1,90.4,7.0,6.9,140.7,134.5,1020.8,1020.7,425.32,375.51,1660.98,31.4985,11.9221,477.9,60.0,1492.458, NAN, NAN, NAN, NAN,,2024/04/17 13:42:49.017,2024-04-17 13:42:49.017000+00:00
2024/04/17, 13:43:49.017,36.178,-74.825, 0.40,148.59,154.84,0.33,16.9,16.9,1018.6,1018.7,0.0,0.0,85.1,78.5,352,346,7.0,7.1,90.4,90.4,6.8,6.9,140.5,134.3,1020.7,1020.8,434.4,375.45,1674.53,31.5467,11.9063,485.6,60.1,1492.461, NAN, NAN, NAN, NAN,,2024/04/17 13:43:49.017,2024-04-17 13:43:49.017000+00:00
2024/04/17, 13:44:49.017,36.177,-74.825, 1.08,178.12,185.66,1.24,16.9,16.9,1018.7,1018.6,0.0,0.0,85.1,78.5,331,336,7.0,7.2,90.1,90.3,6.5,6.7,145.9,151.3,1020.8,1020.7,390.37,374.15,1497.46,31.5506,11.9067,486.0,60.1,1492.467, NAN, NAN, NAN, NAN,,2024/04/17 13:44:49.017,2024-04-17 13:44:49.017000+00:00
2024/04/17, 13:45:49.017,36.177,-74.825, 2.31,205.69,204.08,2.02,16.9,16.9,1018.8,1018.6,0.0,0.0,85.1,78.5,297,302,7.6,8.7,89.7,89.9,7.2,8.2,135.2,141.4,1020.9,1020.7,369.44,373.64,1416.05,31.5487,11.9263,486.4,60.0,1492.532, NAN, NAN, NAN, NAN,,2024/04/17 13:45:49.017,2024-04-17 13:45:49.017000+00:00
2024/04/17, 13:46:49.017,36.176,-74.826, 2.68,206.42,197.07,2.13,16.8,16.8,1018.8,1018.7,0.0,0.0,85.1,78.5,297,299,7.7,8.7,89.3,89.3,7.3,8.3,135.6,138.6,1020.9,1020.8,412.93,373.43,1593.9,31.5276,11.8832,486.4,60.0,1492.358, NAN, NAN, NAN, NAN,,2024/04/17 13:46:49.017,2024-04-17 13:46:49.017000+00:00
2024/04/17, 13:47:49.018,36.176,-74.826, 2.36,203.92,205.06,1.96,16.8,16.8,1018.9,1018.8,0.0,0.0,85.1,78.5,301,301,7.5,8.7,89.5,89.5,7.2,8.4,137.4,138.5,1021.0,1020.9,332.04,373.61,1326.68,31.5582,11.8639,486.7,60.1,1492.328, NAN, NAN, NAN, NAN,,2024/04/17 13:47:49.018,2024-04-17 13:47:49.018000+00:00
2024/04/17, 13:48:49.018,36.176,-74.826, 1.95,186.46,220.13,1.38,16.7,16.7,1018.8,1018.8,0.0,0.0,85.1,78.5,312,305,7.3,8.6,90.1,89.9,7.2,8.6,132.9,126.7,1020.9,1020.9,399.51,374.83,1520.52,31.4982,11.9068,474.5,60.2,1492.405, NAN, NAN, NAN, NAN,,2024/04/17 13:48:49.018,2024-04-17 13:48:49.018000+00:00
2024/04/17, 13:49:49.018,36.175,-74.826, 0.63,146.48,166.36,0.71,16.8,16.8,1018.8,1018.7,0.0,0.0,85.1,78.5,354,340,6.9,7.1,90.5,90.8,6.6,6.9,138.7,124.2,1020.9,1020.8,494.35,376.62,1888.92,31.4528,11.9615,463.8,60.2,1492.539, NAN, NAN, NAN, NAN,,2024/04/17 13:49:49.018,2024-04-17 13:49:49.018000+00:00
2024/04/17, 13:50:49.018,36.175,-74.826, 0.41,147.85,158.33,0.41,16.8,16.8,1018.8,1018.8,0.0,0.0,85.1,78.5,4,358,7.1,6.9,90.8,91.1,6.9,6.7,151.3,145.1,1020.9,1020.9,549.44,377.49,2052.81,31.4517,12.0304,464.1,60.2,1492.776, NAN, NAN, NAN, NAN,,2024/04/17 13:50:49.018,2024-04-17 13:50:49.018000+00:00
2024/04/17, 13:51:49.018,36.175,-74.826, 0.33,148.88,40.89,0.07,16.9,16.9,1018.8,1018.8,0.0,0.0,85.1,78.5,358,353,7.0,6.9,90.6,90.9,7.0,6.9,147.1,142.1,1020.9,1020.9,594.77,378.05,2171.43,31.4215,12.0804,460.8,60.3,1492.912, NAN, NAN, NAN, NAN,,2024/04/17 13:51:49.018,2024-04-17 13:51:49.018000+00:00
2024/04/17, 13:52:49.018,36.175,-74.826, -0.03,149.9,261.85,0.53,16.9,16.9,1018.8,1018.8,0.0,0.0,85.1,78.5,354,349,6.7,6.6,90.7,90.8,6.8,6.8,142.0,137.1,1020.9,1020.9,581.48,378.64,2132.84,31.3553,12.1076,456.0,60.4,1492.926, NAN, NAN, NAN, NAN,,2024/04/17 13:52:49.018,2024-04-17 13:52:49.018000+00:00
2024/04/17, 13:53:49.018,36.175,-74.826, 0.09,147.74,57.12,0.05,17.0,17.0,1018.9,1018.7,0.0,0.0,85.1,78.5,357,347,7.0,6.7,90.5,90.5,7.0,6.7,144.9,134.9,1021.0,1020.8,752.23,380.18,2657.52,31.3357,12.1295,456.8,60.5,1492.978, NAN, NAN, NAN, NAN,,2024/04/17 13:53:49.018,2024-04-17 13:53:49.018000+00:00
2024/04/17, 13:54:49.018,36.175,-74.826, 0.11,144.3,322.91,0.08,17.0,17.0,1018.8,1018.7,0.0,0.0,85.1,78.5,359,353,7.1,6.8,90.4,90.5,7.1,6.8,143.0,137.0,1020.9,1020.8,611.21,378.86,2165.21,31.3496,12.0753,460.8,60.4,1492.809, NAN, NAN, NAN, NAN,,2024/04/17 13:54:49.018,2024-04-17 13:54:49.018000+00:00
2024/04/17, 13:55:49.018,36.175,-74.826, 0.11,142.15,12.35,0.12,17.0,17.0,1018.8,1018.7,0.0,0.0,85.1,78.5,1,356,7.1,6.9,89.9,90.0,7.1,6.9,143.6,138.6,1020.9,1020.8,643.4,379.48,2286.08,31.37,12.0673,462.8,60.4,1492.805, NAN, NAN, NAN, NAN,,2024/04/17 13:55:49.018,2024-04-17 13:55:49.018000+00:00
2024/04/17, 13:56:49.018,36.175,-74.826, 0.16,142.01,1.04,0.11,17.0,17.0,1018.8,1018.7,0.0,0.0,85.1,78.5,2,356,7.0,6.8,90.0,90.1,7.0,6.8,144.4,138.5,1020.9,1020.8,626.79,379.63,2164.18,31.3961,11.9144,473.9,60.4,1492.309, NAN, NAN, NAN, NAN,,2024/04/17 13:56:49.018,2024-04-17 13:56:49.018000+00:00
2024/04/17, 13:57:49.018,36.175,-74.826, 0.07,142.07,22.14,0.29,17.0,17.0,1018.8,1018.8,0.0,0.0,85.1,78.5,1,356,6.9,6.6,89.9,89.9,7.0,6.6,144.2,139.3,1020.9,1020.9,657.62,380.36,2282.21,31.3818,11.8318,470.2,60.4,1492.006, NAN, NAN, NAN, NAN,,2024/04/17 13:57:49.018,2024-04-17 13:57:49.018000+00:00
2024/04/17, 13:58:49.018,36.175,-74.826, 0.10,139.78,86.24,0.3,17.0,17.0,1018.8,1018.9,0.0,0.0,85.1,78.5,2,356,6.6,6.5,90.1,90.0,6.6,6.5,143.1,137.1,1020.9,1021.0,595.95,380.06,2098.8,31.3303,11.8095,472.4,60.5,1491.867, NAN, NAN, NAN, NAN,,2024/04/17 13:58:49.018,2024-04-17 13:58:49.018000+00:00
2024/04/17, 13:59:49.018,36.175,-74.826, 0.14,140.07,109.12,0.17,17.1,17.1,1018.8,1018.8,0.0,0.0,85.1,78.5,6,0,6.5,6.4,89.7,89.8,6.4,6.3,146.7,140.6,1020.9,1020.9,544.57,379.92,1940.45,31.3666,11.7956,476.3,60.5,1491.863, NAN, NAN, NAN, NAN,,2024/04/17 13:59:49.018,2024-04-17 13:59:49.018000+00:00
2024/04/17, 14:00:49.018,36.175,-74.826, 0.00,139.42,74.42,0.21,17.1,17.1,1018.9,1018.8,0.0,0.0,85.1,78.5,7,0,6.4,6.3,89.4,89.6,6.4,6.3,147.4,140.4,1021.0,1020.9,554.92,379.92,1961.52,31.4823,11.8192,490.0,60.4,1492.083, NAN, NAN, NAN, NAN,,2024/04/17 14:00:49.018,2024-04-17 14:00:49.018000+00:00
2024/04/17, 14:01:49.018,36.175,-74.826, 0.06,142.56,56.48,0.46,17.1,17.1,1018.9,1019.0,0.0,0.0,85.1,78.5,2,359,6.4,6.2,89.7,89.8,6.4,6.2,146.7,143.7,1021.0,1021.1,571.99,380.19,1979.8,31.6541,11.9493,517.2,60.4,1492.738, NAN, NAN, NAN, NAN,,2024/04/17 14:01:49.018,2024-04-17 14:01:49.018000+00:00
2024/04/17, 14:02:49.018,36.175,-74.826, 0.21,143.24,346.42,0.11,17.1,17.1,1018.9,1018.9,0.0,0.0,85.1,78.5,1,357,6.3,6.1,89.6,89.8,6.3,6.1,144.7,140.7,1021.0,1021.0,538.43,380.01,1939.23,31.7548,12.0601,525.2,60.2,1493.239, NAN, NAN, NAN, NAN,,2024/04/17 14:02:49.018,2024-04-17 14:02:49.018000+00:00
2024/04/17, 14:03:49.019,36.175,-74.826, 0.13,142.51,246.2,0.21,17.0,17.1,1019.0,1018.8,0.0,0.0,85.1,78.5,2,356,6.3,6.2,89.4,89.5,6.3,6.2,143.5,137.6,1021.1,1020.9,505.69,379.63,1809.06,31.7614,12.1155,521.2,60.2,1493.438, NAN, NAN, NAN, NAN,,2024/04/17 14:03:49.019,2024-04-17 14:03:49.019000+00:00
2024/04/17, 14:04:49.019,36.175,-74.826, 0.10,142.28,70.67,0.15,17.0,17.0,1018.9,1018.9,0.0,0.0,85.1,78.5,3,357,6.5,6.3,89.2,89.4,6.5,6.3,145.9,139.9,1021.0,1021.0,470.23,379.77,1709.98,31.7439,12.1558,516.0,60.2,1493.555, NAN, NAN, NAN, NAN,,2024/04/17 14:04:49.019,2024-04-17 14:04:49.019000+00:00
2024/04/17, 14:05:49.019,36.175,-74.826, 0.07,141.77,50.91,0.05,17.0,17.0,1018.9,1018.8,0.0,0.0,85.1,78.5,4,357,6.4,6.1,90.1,90.3,6.4,6.1,146.0,139.0,1021.0,1020.9,491.59,379.81,1767.44,31.7181,12.1793,507.8,60.1,1493.605, NAN, NAN, NAN, NAN,,2024/04/17 14:05:49.019,2024-04-17 14:05:49.019000+00:00
2024/04/17, 14:06:49.019,36.175,-74.826, 0.08,139.49,206.08,0.1,17.0,17.0,1018.9,1018.9,0.0,0.0,85.1,78.5,6,0,6.6,6.3,90.2,90.1,6.6,6.3,145.9,139.9,1021.0,1021.0,425.61,379.66,1578.7,31.5894,12.1899,493.1,60.3,1493.488, NAN, NAN, NAN, NAN,,2024/04/17 14:06:49.019,2024-04-17 14:06:49.019000+00:00
2024/04/17, 14:07:49.019,36.175,-74.826, 0.06,139.94,49.18,0.06,17.0,17.0,1018.9,1019.0,0.0,0.0,85.1,78.5,6,2,6.5,6.4,90.0,90.0,6.5,6.4,145.8,141.8,1021.0,1021.1,394.41,379.46,1488.51,31.4736,12.2019,478.2,60.4,1493.391, NAN, NAN, NAN, NAN,,2024/04/17 14:07:49.019,2024-04-17 14:07:49.019000+00:00
2024/04/17, 14:08:49.019,36.175,-74.826, 0.05,140.5,108.55,0.16,17.0,17.0,1018.9,1018.8,0.0,0.0,85.1,78.5,5,359,6.4,6.4,89.8,90.0,6.4,6.3,146.1,140.1,1021.0,1020.9,430.88,379.47,1579.54,31.4246,12.1736,472.9,60.4,1493.236, NAN, NAN, NAN, NAN,,2024/04/17 14:08:49.019,2024-04-17 14:08:49.019000+00:00
2024/04/17, 14:09:49.019,36.175,-74.826, 0.04,140.13,42.14,0.22,17.0,17.0,1018.8,1018.9,0.0,0.0,85.1,78.5,5,359,6.5,6.3,89.4,90.0,6.5,6.3,146.1,140.1,1020.9,1021.0,426.62,379.88,1577.08,31.4038,12.0462,471.2,60.4,1492.773, NAN, NAN, NAN, NAN,,2024/04/17 14:09:49.019,2024-04-17 14:09:49.019000+00:00
2024/04/17, 14:10:49.019,36.175,-74.826, 0.09,139.96,355.72,0.17,17.0,17.0,1018.7,1018.9,0.0,0.0,85.1,78.5,6,0,6.4,6.3,89.5,89.5,6.5,6.4,146.5,140.5,1020.8,1021.0,419.44,379.75,1518.77,31.4026,12.0443,474.5,60.4,1492.765, NAN, NAN, NAN, NAN,,2024/04/17 14:10:49.019,2024-04-17 14:10:49.019000+00:00
2024/04/17, 14:11:49.019,36.175,-74.826, 0.08,140.05,337.44,0.1,16.9,16.9,1019.0,1018.9,0.0,0.0,85.1,78.5,6,1,6.5,6.2,89.7,89.9,6.6,6.3,146.1,141.1,1021.1,1021.0,453.28,379.75,1600.97,31.421,12.0775,483.0,60.4,1492.901, NAN, NAN, NAN, NAN,,2024/04/17 14:11:49.019,2024-04-17 14:11:49.019000+00:00
2024/04/17, 14:12:49.019,36.175,-74.826, 0.07,139.97,327.25,0.2,16.9,16.9,1018.8,1018.9,0.0,0.0,85.1,78.5,6,0,6.4,6.2,89.8,89.8,6.5,6.3,146.6,140.7,1020.9,1021.0,464.11,380.31,1659.21,31.4383,12.0811,489.4,60.4,1492.934, NAN, NAN, NAN, NAN,,2024/04/17 14:12:49.019,2024-04-17 14:12:49.019000+00:00
2024/04/17, 14:13:49.019,36.175,-74.826, 0.09,141.52,95.27,0.15,16.9,16.9,1018.9,1018.9,0.0,0.0,85.1,78.5,6,358,6.1,6.1,89.8,90.2,6.0,6.0,148.0,139.9,1021.0,1021.0,594.19,381.72,2012.45,31.4373,12.1084,492.4,60.3,1493.027, NAN, NAN, NAN, NAN,,2024/04/17 14:13:49.019,2024-04-17 14:13:49.019000+00:00
2024/04/17, 14:14:49.019,36.175,-74.826, 0.07,142.38,227.94,0.03,16.9,16.9,1018.8,1018.9,0.0,0.0,85.1,78.5,6,1,6.1,6.1,90.1,90.3,6.1,6.1,148.5,143.5,1020.9,1021.0,615.68,381.95,2070.02,31.4545,12.1474,495.0,60.4,1493.182, NAN, NAN, NAN, NAN,,2024/04/17 14:14:49.019,2024-04-17 14:14:49.019000+00:00
2024/04/17, 14:15:49.019,36.175,-74.826, 0.04,141.78,122.76,0.1,16.9,16.9,1018.9,1018.8,0.0,0.0,85.1,78.5,6,2,6.0,5.9,90.2,90.3,6.0,5.9,148.3,144.3,1021.0,1020.9,612.34,382.08,2035.06,31.4502,12.1649,493.4,60.4,1493.236, NAN, NAN, NAN, NAN,,2024/04/17 14:15:49.019,2024-04-17 14:15:49.019000+00:00
2024/04/17, 14:16:49.019,36.175,-74.826, 0.07,142.64,188.74,0.16,16.9,16.9,1018.9,1018.8,0.0,0.0,85.1,78.5,6,0,6.1,5.9,89.9,90.0,6.0,5.8,148.1,142.0,1021.0,1020.9,516.64,381.77,1923.42,31.4047,12.1465,482.5,60.5,1493.119, NAN, NAN, NAN, NAN,,2024/04/17 14:16:49.019,2024-04-17 14:16:49.019000+00:00
2024/04/17, 14:17:49.019,36.175,-74.826, 0.05,141.27,52.92,0.11,16.9,16.8,1018.9,1018.8,0.0,0.0,85.1,78.5,6,0,6.3,6.1,89.9,90.1,6.3,6.1,146.8,140.7,1021.0,1020.9,435.17,381.1,1583.51,31.3737,12.1477,478.8,60.5,1493.086, NAN, NAN, NAN, NAN,,2024/04/17 14:17:49.019,2024-04-17 14:17:49.019000+00:00
2024/04/17, 14:18:49.019,36.175,-74.826, 0.06,141.69,149.73,0.22,16.8,16.8,1018.9,1018.8,0.0,0.0,85.1,78.5,6,359,6.3,6.2,90.3,90.2,6.2,6.1,147.5,140.4,1021.0,1020.9,390.01,380.36,1451.87,31.3488,12.1444,471.8,60.6,1493.045, NAN, NAN, NAN, NAN,,2024/04/17 14:18:49.019,2024-04-17 14:18:49.019000+00:00
2024/04/17, 14:19:49.020,36.175,-74.826, 0.07,141.99,206.76,0.16,16.8,16.8,1018.7,1018.8,0.0,0.0,85.1,78.5,6,0,6.4,6.4,90.1,90.2,6.3,6.3,147.5,141.5,1020.8,1020.9,372.68,381.12,1398.57,31.3034,12.1557,466.0,60.5,1493.03, NAN, NAN, NAN, NAN,,2024/04/17 14:19:49.020,2024-04-17 14:19:49.020000+00:00
2024/04/17, 14:20:49.020,36.175,-74.826, 0.03,141.98,228.57,0.26,16.8,16.8,1018.9,1018.8,0.0,0.0,85.1,78.5,7,2,6.5,6.3,90.7,90.8,6.5,6.3,147.8,142.8,1021.0,1020.9,371.71,382.02,1379.79,31.2862,12.1924,462.7,60.4,1493.136, NAN, NAN, NAN, NAN,,2024/04/17 14:20:49.020,2024-04-17 14:20:49.020000+00:00
2024/04/17, 14:21:49.020,36.175,-74.826, 0.00,141.53,199.66,0.06,16.8,16.8,1018.9,1018.8,0.0,0.0,85.1,78.5,6,1,6.4,6.3,90.9,90.9,6.4,6.3,147.5,142.5,1021.0,1020.9,423.84,382.29,1534.1,31.2715,12.2184,459.8,60.6,1493.207, NAN, NAN, NAN, NAN,,2024/04/17 14:21:49.020,2024-04-17 14:21:49.020000+00:00
2024/04/17, 14:22:49.020,36.175,-74.826, 0.00,141.58,80.78,0.18,16.8,16.8,1018.8,1018.8,0.0,0.0,85.1,78.5,6,0,6.4,6.2,90.6,90.9,6.4,6.2,148.4,142.4,1020.9,1020.9,453.57,382.62,1603.63,31.2672,12.2344,458.4,60.5,1493.257, NAN, NAN, NAN, NAN,,2024/04/17 14:22:49.020,2024-04-17 14:22:49.020000+00:00
2024/04/17, 14:23:49.020,36.175,-74.826, 0.01,141.48,75.84,0.24,16.8,16.8,1018.8,1018.8,0.0,0.0,85.1,78.5,4,358,6.4,6.2,90.4,90.4,6.4,6.2,146.6,140.6,1020.9,1020.9,704.54,384.74,2294.97,31.2533,12.2524,455.6,60.6,1493.302, NAN, NAN, NAN, NAN,,2024/04/17 14:23:49.020,2024-04-17 14:23:49.020000+00:00
2024/04/17, 14:24:49.020,36.175,-74.826, 0.04,141.44,55.36,0.01,16.8,16.8,1018.8,1018.8,0.0,0.0,85.1,78.5,5,359,6.6,6.3,90.6,90.6,6.6,6.3,146.4,140.4,1020.9,1020.9,776.33,385.99,2399.24,31.2464,12.2673,456.8,60.7,1493.345, NAN, NAN, NAN, NAN,,2024/04/17 14:24:49.020,2024-04-17 14:24:49.020000+00:00
2024/04/17, 14:25:49.020,36.175,-74.826, 0.79,156.57,120.14,0.62,16.8,16.8,1018.8,1018.8,0.0,0.0,85.1,78.5,350,349,6.6,6.6,90.8,90.8,6.3,6.3,147.8,146.8,1020.9,1020.9,762.7,385.98,2268.76,31.2371,12.2845,456.4,60.6,1493.393, NAN, NAN, NAN, NAN,,2024/04/17 14:25:49.020,2024-04-17 14:25:49.020000+00:00
2024/04/17, 14:26:49.020,36.175,-74.826, 0.36,157.98,61.7,0.07,16.8,16.9,1018.8,1018.8,0.0,0.0,85.1,78.5,346,342,6.3,6.4,90.8,91.0,6.3,6.4,144.2,140.2,1020.9,1020.9,612.68,384.69,2087.0,31.2316,12.3008,456.0,60.7,1493.442, NAN, NAN, NAN, NAN,,2024/04/17 14:26:49.020,2024-04-17 14:26:49.020000+00:00
2024/04/17, 14:27:49.020,36.175,-74.825, 0.44,164.88,138.66,1.13,16.8,16.9,1018.8,1018.8,0.0,0.0,85.1,78.5,348,344,6.6,6.4,90.5,90.5,6.0,5.8,153.4,149.0,1020.9,1020.9,602.32,385.17,1960.97,31.2303,12.3025,457.4,60.9,1493.446, NAN, NAN, NAN, NAN,,2024/04/17 14:27:49.020,2024-04-17 14:27:49.020000+00:00
2024/04/17, 14:28:49.020,36.175,-74.826, 2.82,226.47,197.62,3.01,16.9,16.9,1018.8,1018.7,0.0,0.0,85.1,78.5,298,316,7.0,8.4,90.9,91.1,5.9,7.0,154.7,177.6,1020.9,1020.8,468.68,384.28,1643.57,31.2902,12.3083,473.2,60.6,1493.538, NAN, NAN, NAN, NAN,,2024/04/17 14:28:49.020,2024-04-17 14:28:49.020000+00:00
2024/04/17, 14:29:49.020,36.174,-74.827, 3.03,306.03,287.35,3.33,16.9,16.9,1018.8,1018.8,0.0,0.0,85.1,78.5,212,237,5.0,5.7,90.9,90.7,6.3,6.5,147.0,168.6,1020.9,1020.9,404.58,383.9,1441.23,31.3502,12.3214,480.6,60.5,1493.654, NAN, NAN, NAN, NAN,,2024/04/17 14:29:49.020,2024-04-17 14:29:49.020000+00:00
2024/04/17, 14:30:49.020,36.175,-74.827, 4.21,327.3,330.3,4.57,16.9,16.9,1018.9,1018.9,0.0,0.0,85.1,78.5,178,165,1.0,1.6,90.1,90.2,3.3,3.9,146.5,141.1,1021.0,1021.0,397.1,385.01,1402.07,31.3369,12.3257,476.3,60.5,1493.653, NAN, NAN, NAN, NAN,,2024/04/17 14:30:49.020,2024-04-17 14:30:49.020000+00:00
2024/04/17, 14:31:49.020,36.176,-74.828, 5.55,330.04,332.93,5.78,16.9,16.8,1019.0,1018.9,0.0,0.0,85.1,78.5,163,175,3.1,3.0,88.7,88.0,6.0,6.0,141.9,148.1,1021.1,1021.0,366.54,383.82,1337.07,31.305,12.3271,466.0,60.8,1493.62, NAN, NAN, NAN, NAN,,2024/04/17 14:31:49.020,2024-04-17 14:31:49.020000+00:00
2024/04/17, 14:32:49.020,36.178,-74.829, 6.11,328.28,330.37,6.2,16.9,16.8,1018.9,1018.9,0.0,0.0,85.1,78.5,164,164,3.4,3.2,90.0,90.0,6.5,6.3,141.4,141.7,1021.0,1021.0,354.32,382.99,1307.16,31.2774,12.3289,458.7,60.8,1493.593, NAN, NAN, NAN, NAN,,2024/04/17 14:32:49.020,2024-04-17 14:32:49.020000+00:00
2024/04/17, 14:33:49.020,36.179,-74.83, 5.36,327.45,333.54,5.37,16.9,16.8,1019.0,1018.8,0.0,0.0,85.1,78.5,164,164,3.5,3.8,90.0,89.9,6.1,6.4,141.2,140.7,1021.1,1020.9,323.61,381.86,1232.23,31.2464,12.3377,452.6,60.8,1493.586, NAN, NAN, NAN, NAN,,2024/04/17 14:33:49.020,2024-04-17 14:33:49.020000+00:00
2024/04/17, 14:34:49.020,36.181,-74.831, 4.26,345.19,339.63,4.51,16.9,16.8,1018.8,1018.8,0.0,0.0,85.1,78.5,148,163,4.8,4.0,89.9,90.5,6.9,6.3,142.4,153.2,1020.9,1020.9,318.23,380.55,1220.2,31.2314,12.3712,455.3,60.2,1493.683, NAN, NAN, NAN, NAN,,2024/04/17 14:34:49.020,2024-04-17 14:34:49.020000+00:00
2024/04/17, 14:35:49.021,36.182,-74.831, 1.91,48.12,20.82,2.29,16.9,16.8,1018.8,1018.8,0.0,0.0,85.1,78.5,92,102,6.2,6.1,89.3,89.7,6.7,6.8,149.6,158.8,1020.9,1020.9,317.58,378.77,1222.88,31.2211,12.3839,452.9,60.6,1493.714, NAN, NAN, NAN, NAN,,2024/04/17 14:35:49.021,2024-04-17 14:35:49.021000+00:00
2024/04/17, 14:36:49.021,36.182,-74.831, -0.18,110.06,15.92,0.92,16.7,16.7,1018.6,1018.7,0.0,0.0,85.1,78.5,46,58,7.3,7.5,88.5,89.1,7.5,7.8,159.4,171.0,1020.7,1020.8,313.94,379.09,1232.37,31.2176,12.3701,453.4,60.6,1493.663, NAN, NAN, NAN, NAN,,2024/04/17 14:36:49.021,2024-04-17 14:36:49.021000+00:00
2024/04/17, 14:37:49.021,36.182,-74.83, -0.09,150.55,27.59,0.5,16.7,16.7,1018.8,1018.6,0.0,0.0,85.1,78.5,358,1,6.9,6.9,90.4,90.7,7.0,7.1,150.3,153.2,1020.9,1020.7,318.8,380.03,1246.77,31.209,12.3732,453.1,60.4,1493.663, NAN, NAN, NAN, NAN,,2024/04/17 14:37:49.021,2024-04-17 14:37:49.021000+00:00
2024/04/17, 14:38:49.021,36.182,-74.83, 0.35,152.85,99.88,0.29,16.8,16.8,1018.8,1018.7,0.0,0.0,85.1,78.5,351,346,6.7,6.8,91.9,92.1,6.6,6.7,145.0,139.9,1020.9,1020.8,331.15,378.81,1282.32,31.2032,12.3699,452.3,60.4,1493.645, NAN, NAN, NAN, NAN,,2024/04/17 14:38:49.021,2024-04-17 14:38:49.021000+00:00
2024/04/17, 14:39:49.021,36.182,-74.83, 0.15,151.67,210.81,0.25,16.9,16.9,1018.7,1018.6,0.0,0.0,85.1,78.5,353,346,6.8,6.6,90.3,90.6,6.7,6.6,143.7,136.6,1020.8,1020.7,326.97,378.33,1278.28,31.1996,12.3436,451.0,60.5,1493.551, NAN, NAN, NAN, NAN,,2024/04/17 14:39:49.021,2024-04-17 14:39:49.021000+00:00
2024/04/17, 14:40:49.021,36.182,-74.83, 0.03,150.06,271.6,0.3,16.8,16.8,1018.6,1018.7,0.0,0.0,85.1,78.5,358,351,7.2,6.9,89.8,89.9,7.2,6.9,146.8,139.8,1020.7,1020.8,375.44,379.83,1384.76,31.2023,12.2986,453.4,60.5,1493.4, NAN, NAN, NAN, NAN,,2024/04/17 14:40:49.021,2024-04-17 14:40:49.021000+00:00
2024/04/17, 14:41:49.021,36.182,-74.83, 0.06,150.11,91.06,0.2,16.8,16.8,1018.7,1018.7,0.0,0.0,85.1,78.5,0,354,7.2,7.0,90.9,91.0,7.2,6.9,150.9,144.8,1020.8,1020.8,402.56,381.05,1479.22,31.2455,12.2321,469.1,60.6,1493.223, NAN, NAN, NAN, NAN,,2024/04/17 14:41:49.021,2024-04-17 14:41:49.021000+00:00
2024/04/17, 14:42:49.021,36.182,-74.83, 0.09,149.99,233.93,0.37,17.0,17.0,1018.7,1018.7,0.0,0.0,85.1,78.5,1,355,7.2,7.2,91.4,91.6,7.2,7.2,149.5,143.5,1020.8,1020.8,447.88,381.37,1555.85,31.296,12.2389,476.9,60.6,1493.307, NAN, NAN, NAN, NAN,,2024/04/17 14:42:49.021,2024-04-17 14:42:49.021000+00:00
2024/04/17, 14:43:49.021,36.182,-74.83, 1.40,138.33,143.55,1.31,17.1,17.1,1018.8,1018.6,0.0,0.0,85.1,78.5,8,358,7.9,7.6,90.5,90.8,7.2,6.9,146.4,135.4,1020.9,1020.7,827.16,384.4,2586.23,31.3272,12.2862,480.3,60.3,1493.506, NAN, NAN, NAN, NAN,,2024/04/17 14:43:49.021,2024-04-17 14:43:49.021000+00:00
2024/04/17, 14:44:49.021,36.181,-74.83, 2.42,106.23,110.74,2.93,17.1,17.2,1018.7,1018.7,0.0,0.0,85.1,78.5,37,23,8.1,7.8,89.4,89.5,6.9,6.4,150.3,133.9,1020.8,1020.8,855.66,385.17,2733.12,31.3263,12.3397,475.2,60.0,1493.688, NAN, NAN, NAN, NAN,,2024/04/17 14:44:49.021,2024-04-17 14:44:49.021000+00:00
2024/04/17, 14:45:49.021,36.181,-74.828, 4.10,81.05,70.27,4.34,17.1,17.2,1018.7,1018.8,0.0,0.0,85.1,78.5,56,46,8.6,9.1,88.6,88.8,7.8,7.9,151.7,139.9,1020.8,1020.9,886.9,384.86,2674.38,31.2828,12.3911,468.8,60.2,1493.812, NAN, NAN, NAN, NAN,,2024/04/17 14:45:49.021,2024-04-17 14:45:49.021000+00:00
2024/04/17, 14:46:49.021,36.182,-74.827, 4.84,82.22,78.43,4.96,17.1,17.1,1018.7,1018.7,0.0,0.0,85.1,78.5,55,53,8.8,8.5,88.7,88.7,7.8,7.4,153.4,151.9,1020.8,1020.8,921.13,386.18,2754.85,31.2856,12.3578,470.8,60.3,1493.701, NAN, NAN, NAN, NAN,,2024/04/17 14:46:49.021,2024-04-17 14:46:49.021000+00:00
2024/04/17, 14:47:49.021,36.182,-74.825, 4.82,85.3,84.2,4.94,17.0,17.1,1018.8,1018.8,0.0,0.0,85.1,78.5,53,52,8.9,8.6,89.2,89.3,7.8,7.4,154.0,153.6,1020.9,1020.9,784.66,384.7,2452.22,31.2595,12.2805,462.0,60.4,1493.406, NAN, NAN, NAN, NAN,,2024/04/17 14:47:49.021,2024-04-17 14:47:49.021000+00:00
2024/04/17, 14:48:49.021,36.182,-74.823, 4.00,107.94,89.8,4.07,17.0,17.1,1018.7,1018.8,0.0,0.0,85.1,78.5,45,48,9.0,8.7,89.5,89.6,8.2,8.1,165.9,169.6,1020.8,1020.9,634.24,383.21,2111.67,31.2347,12.2128,453.4,60.6,1493.144, NAN, NAN, NAN, NAN,,2024/04/17 14:48:49.021,2024-04-17 14:48:49.021000+00:00
2024/04/17, 14:49:49.021,36.182,-74.823, 1.30,152.04,103.23,1.49,17.1,17.1,1018.7,1018.8,0.0,0.0,85.1,78.5,8,15,7.6,7.8,89.4,89.6,7.0,7.3,164.2,171.6,1020.8,1020.9,512.57,381.5,1835.68,31.2416,12.0869,452.9,60.4,1492.72, NAN, NAN, NAN, NAN,,2024/04/17 14:49:49.021,2024-04-17 14:49:49.021000+00:00
2024/04/17, 14:50:49.022,36.182,-74.822, 0.28,162.17,158.11,0.39,17.1,17.1,1018.7,1018.8,0.0,0.0,85.1,78.5,351,345,7.1,7.0,89.4,89.5,6.9,6.8,153.1,146.9,1020.8,1020.9,446.82,381.37,1606.2,31.266,12.047,451.6,60.5,1492.611, NAN, NAN, NAN, NAN,,2024/04/17 14:50:49.022,2024-04-17 14:50:49.022000+00:00
2024/04/17, 14:51:49.022,36.182,-74.822, 0.08,153.24,252.12,0.08,17.1,17.1,1018.6,1018.7,0.0,0.0,85.1,78.5,0,354,7.0,7.0,89.6,89.6,7.0,7.0,153.1,147.1,1020.7,1020.8,458.61,381.58,1609.96,31.2993,12.0487,450.4,60.5,1492.657, NAN, NAN, NAN, NAN,,2024/04/17 14:51:49.022,2024-04-17 14:51:49.022000+00:00
2024/04/17, 14:52:49.022,36.182,-74.822, -0.01,154.16,286.35,0.1,17.1,17.2,1018.8,1018.7,0.0,0.0,85.1,78.5,2,358,7.0,7.0,89.5,89.6,7.0,7.0,156.0,152.0,1020.9,1020.8,644.57,383.09,2064.06,31.3368,12.0745,452.0,60.6,1492.791, NAN, NAN, NAN, NAN,,2024/04/17 14:52:49.022,2024-04-17 14:52:49.022000+00:00
2024/04/17, 14:53:49.022,36.182,-74.822, 0.08,153.98,133.19,0.13,17.1,17.2,1018.8,1018.7,0.0,0.0,85.1,78.5,4,356,7.1,6.7,89.4,89.5,7.0,6.6,157.8,149.8,1020.9,1020.8,547.3,382.81,1902.61,31.3598,12.1083,453.7,60.5,1492.934, NAN, NAN, NAN, NAN,,2024/04/17 14:53:49.022,2024-04-17 14:53:49.022000+00:00
2024/04/17, 14:54:49.022,36.182,-74.822, 0.17,153.06,217.77,0.06,17.1,17.2,1018.6,1018.7,0.0,0.0,85.1,78.5,4,359,6.9,6.7,89.1,89.0,6.9,6.7,157.2,152.1,1020.7,1020.8,445.05,381.91,1564.36,31.3931,12.13,461.7,60.4,1493.049, NAN, NAN, NAN, NAN,,2024/04/17 14:54:49.022,2024-04-17 14:54:49.022000+00:00
2024/04/17, 14:55:49.022,36.182,-74.822, 0.18,154.14,4.78,0.17,17.1,17.1,1018.8,1018.7,0.0,0.0,85.1,78.5,5,1,7.0,6.9,88.9,89.0,7.1,7.0,159.5,155.5,1020.9,1020.8,545.7,383.16,1820.21,31.411,12.1336,466.8,60.4,1493.082, NAN, NAN, NAN, NAN,,2024/04/17 14:55:49.022,2024-04-17 14:55:49.022000+00:00
2024/04/17, 14:56:49.022,36.182,-74.822, 0.07,154.25,47.99,0.26,17.1,17.1,1018.8,1018.8,0.0,0.0,85.1,78.5,6,0,6.9,6.6,89.0,89.1,6.9,6.6,161.3,155.4,1020.9,1020.9,529.51,383.43,1778.04,31.4145,12.1494,472.6,60.6,1493.141, NAN, NAN, NAN, NAN,,2024/04/17 14:56:49.022,2024-04-17 14:56:49.022000+00:00
2024/04/17, 14:57:49.022,36.182,-74.822, 0.16,153.64,87.38,0.11,17.0,17.1,1018.8,1018.7,0.0,0.0,85.1,78.5,6,0,6.7,6.6,88.9,88.9,6.7,6.6,159.2,153.2,1020.9,1020.8,516.29,382.27,1745.69,31.4185,12.1418,476.9,60.6,1493.119, NAN, NAN, NAN, NAN,,2024/04/17 14:57:49.022,2024-04-17 14:57:49.022000+00:00
2024/04/17, 14:58:49.022,36.182,-74.822, 0.14,154.14,278.43,0.1,17.1,17.1,1018.6,1018.7,0.0,0.0,85.1,78.5,6,0,6.8,6.5,88.9,88.8,6.8,6.6,160.0,154.0,1020.7,1020.8,462.87,382.76,1639.55,31.431,12.1335,486.7,60.7,1493.106, NAN, NAN, NAN, NAN,,2024/04/17 14:58:49.022,2024-04-17 14:58:49.022000+00:00
2024/04/17, 14:59:49.022,36.182,-74.822, 0.13,153.85,314.16,0.1,17.0,17.0,1018.8,1018.8,0.0,0.0,85.1,78.5,9,3,6.9,6.7,89.0,88.7,6.9,6.7,162.5,156.5,1020.9,1020.9,398.61,383.07,1473.21,31.4319,12.152,487.6,60.6,1493.17, NAN, NAN, NAN, NAN,,2024/04/17 14:59:49.022,2024-04-17 14:59:49.022000+00:00
2024/04/17, 15:00:49.022,36.182,-74.822, 0.14,154.46,266.47,0.03,17.0,17.0,1018.7,1018.8,0.0,0.0,85.1,78.5,9,2,7.0,6.8,89.6,89.6,7.0,6.8,163.4,156.4,1020.8,1020.9,357.98,383.05,1348.12,31.4187,12.1942,483.3,60.6,1493.3, NAN, NAN, NAN, NAN,,2024/04/17 15:00:49.022,2024-04-17 15:00:49.022000+00:00
2024/04/17, 15:01:49.022,36.182,-74.822, 0.15,153.55,261.17,0.24,17.0,17.0,1018.7,1018.7,0.0,0.0,85.1,78.5,8,2,6.9,6.6,89.8,89.9,6.9,6.6,160.6,154.5,1020.8,1020.8,359.03,382.21,1348.31,31.4017,12.2283,478.2,60.7,1493.396, NAN, NAN, NAN, NAN,,2024/04/17 15:01:49.022,2024-04-17 15:01:49.022000+00:00
2024/04/17, 15:02:49.022,36.182,-74.822, 0.14,153.77,217.14,0.21,17.0,17.0,1018.7,1018.7,0.0,0.0,85.1,78.5,8,2,6.8,6.6,89.3,89.3,6.7,6.5,161.1,155.0,1020.8,1020.8,344.94,381.42,1308.01,31.3927,12.2481,476.9,60.9,1493.453, NAN, 103.880, NAN, NAN,,2024/04/17 15:02:49.022,2024-04-17 15:02:49.022000+00:00
2024/04/17, 15:03:49.022,36.182,-74.822, 0.15,154.32,241.08,0.13,17.0,17.0,1018.6,1018.7,0.0,0.0,85.1,78.5,8,2,6.7,6.6,88.9,89.1,6.7,6.6,161.8,155.7,1020.7,1020.8,348.63,381.82,1323.92,31.3834,12.2481,470.2,60.8,1493.442, NAN, 103.770, NAN, NAN,,2024/04/17 15:03:49.022,2024-04-17 15:03:49.022000+00:00
2024/04/17, 15:04:49.022,36.182,-74.822, 0.13,153.68,215.89,0.17,17.0,17.0,1018.7,1018.6,0.0,0.0,85.1,78.5,8,2,6.7,6.6,89.0,89.2,6.7,6.6,161.0,154.9,1020.8,1020.7,336.49,381.54,1279.79,31.3791,12.2434,468.4,60.8,1493.421, NAN, 103.790, NAN, NAN,,2024/04/17 15:04:49.022,2024-04-17 15:04:49.022000+00:00
2024/04/17, 15:05:49.023,36.182,-74.822, 0.09,154.47,68.33,0.04,16.9,16.9,1018.6,1018.6,0.0,0.0,85.1,78.5,7,0,6.7,6.4,89.5,89.5,6.7,6.4,161.5,154.5,1020.7,1020.7,340.76,381.0,1287.21,31.3759,12.2308,473.6,60.8,1493.374, NAN, 103.690, NAN, NAN,,2024/04/17 15:05:49.023,2024-04-17 15:05:49.023000+00:00
2024/04/17, 15:06:49.023,36.182,-74.822, 0.38,156.65,265.25,0.15,16.9,16.9,1018.6,1018.6,0.0,0.0,85.1,78.5,5,0,6.8,6.7,89.3,89.3,6.7,6.6,161.6,156.6,1020.7,1020.7,347.05,380.93,1300.11,31.3752,12.2139,477.6,60.7,1493.315, NAN, NAN, NAN, NAN,,2024/04/17 15:06:49.023,2024-04-17 15:06:49.023000+00:00
2024/04/17, 15:07:49.023,36.182,-74.822, 0.12,156.53,348.95,0.13,16.9,16.9,1018.7,1018.6,0.0,0.0,85.1,78.5,6,359,6.5,6.5,89.5,89.7,6.6,6.6,162.3,155.4,1020.8,1020.7,358.26,381.17,1326.88,31.3656,12.1964,476.0,60.9,1493.244, NAN, NAN, NAN, NAN,,2024/04/17 15:07:49.023,2024-04-17 15:07:49.023000+00:00
2024/04/17, 15:08:49.023,36.182,-74.822, 0.16,156.44,265.62,0.34,16.9,16.9,1018.7,1018.5,0.0,0.0,85.1,78.5,6,1,6.8,6.4,89.6,89.7,6.8,6.4,161.0,155.9,1020.8,1020.6,453.08,382.11,1506.95,31.3592,12.1851,477.2,60.9,1493.197, NAN, NAN, NAN, NAN,,2024/04/17 15:08:49.023,2024-04-17 15:08:49.023000+00:00
2024/04/17, 15:09:49.023,36.182,-74.822, 0.17,156.69,54.09,0.12,16.9,16.9,1018.6,1018.7,0.0,0.0,85.1,78.5,7,1,6.8,6.5,89.6,89.7,6.8,6.5,164.2,158.2,1020.7,1020.8,613.94,383.25,1936.16,31.357,12.1815,480.9,60.9,1493.182, NAN, NAN, NAN, NAN,,2024/04/17 15:09:49.023,2024-04-17 15:09:49.023000+00:00
2024/04/17, 15:10:49.023,36.182,-74.822, 0.15,156.28,266.07,0.18,16.9,16.9,1018.6,1018.6,0.0,0.0,85.1,78.5,7,1,6.9,6.6,89.5,89.5,6.9,6.6,162.5,156.5,1020.7,1020.7,614.11,384.3,1937.7,31.3545,12.1837,481.9,60.9,1493.187, NAN, NAN, NAN, NAN,,2024/04/17 15:10:49.023,2024-04-17 15:10:49.023000+00:00
2024/04/17, 15:11:49.023,36.182,-74.822, 0.12,158.26,255.84,0.46,16.9,17.0,1018.6,1018.6,0.0,0.0,85.1,78.5,6,2,6.7,6.7,89.9,90.0,6.7,6.7,162.2,158.3,1020.7,1020.7,736.38,385.61,2240.09,31.3424,12.1807,477.2,60.9,1493.162, NAN, NAN, NAN, NAN,,2024/04/17 15:11:49.023,2024-04-17 15:11:49.023000+00:00
2024/04/17, 15:12:49.023,36.182,-74.822, 2.22,146.2,149.52,2.6,16.9,17.0,1018.6,1018.6,0.0,0.0,85.1,78.5,14,4,8.2,7.6,89.8,89.9,6.9,6.3,162.2,150.3,1020.7,1020.7,777.3,386.69,2291.48,31.3359,12.1735,476.0,60.6,1493.13, NAN, NAN, NAN, NAN,,2024/04/17 15:12:49.023,2024-04-17 15:12:49.023000+00:00
2024/04/17, 15:13:49.023,36.181,-74.821, 5.66,144.61,143.67,5.77,17.0,17.0,1018.4,1018.4,0.0,0.0,85.1,78.5,17,11,10.0,9.2,89.9,89.8,7.2,6.3,169.0,161.3,1020.5,1020.5,500.09,385.3,1852.74,31.3329,12.1497,477.2,60.8,1493.045, NAN, NAN, NAN, NAN,,2024/04/17 15:13:49.023,2024-04-17 15:13:49.023000+00:00
2024/04/17, 15:14:49.023,36.179,-74.82, 7.92,144.76,140.26,7.92,17.1,17.1,1018.4,1018.4,0.0,0.0,85.1,78.5,15,10,11.3,10.6,90.0,89.9,7.5,6.7,168.8,162.0,1020.5,1020.5,439.08,384.76,1543.37,31.3274,12.1335,474.2,60.9,1492.982, NAN, NAN, NAN, NAN,,2024/04/17 15:14:49.023,2024-04-17 15:14:49.023000+00:00
2024/04/17, 15:15:49.023,36.177,-74.818, 9.48,144.69,145.15,9.42,17.1,17.2,1018.5,1018.6,0.0,0.0,85.1,78.5,15,9,11.9,11.3,89.8,90.0,7.3,6.6,169.5,160.3,1020.6,1020.7,381.01,384.46,1400.04,31.3268,12.1449,468.8,61.0,1493.021, NAN, NAN, NAN, NAN,,2024/04/17 15:15:49.023,2024-04-17 15:15:49.023000+00:00
2024/04/17, 15:16:49.023,36.175,-74.816, 10.03,155.83,153.8,9.85,17.2,17.2,1018.4,1018.4,0.0,0.0,85.1,78.5,7,7,12.1,11.8,89.2,89.3,7.1,6.8,168.9,169.1,1020.5,1020.5,364.18,384.6,1348.89,31.3326,12.0706,462.8,61.1,1492.772, NAN, NAN, NAN, NAN,,2024/04/17 15:16:49.023,2024-04-17 15:16:49.023000+00:00
2024/04/17, 15:17:49.023,36.172,-74.816, 10.08,193.93,187.4,9.83,17.2,17.2,1018.3,1018.4,0.0,0.0,85.1,78.5,345,347,11.1,11.4,89.3,89.5,6.2,6.4,171.3,175.2,1020.4,1020.5,355.66,384.99,1322.52,31.3439,11.9511,460.1,61.2,1492.373, NAN, NAN, NAN, NAN,,2024/04/17 15:17:49.023,2024-04-17 15:17:49.023000+00:00
2024/04/17, 15:18:49.023,36.17,-74.817, 10.02,234.12,228.63,9.89,17.2,17.3,1018.4,1018.4,0.0,0.0,85.1,78.5,320,327,9.7,11.9,89.1,89.3,6.3,7.8,166.1,183.0,1020.5,1020.5,345.01,385.29,1290.4,31.3789,11.9223,462.4,61.1,1492.316, NAN, NAN, NAN, NAN,,2024/04/17 15:18:49.023,2024-04-17 15:18:49.023000+00:00
2024/04/17, 15:19:49.023,36.168,-74.82, 10.52,242.33,241.43,10.39,17.2,17.3,1018.6,1018.4,0.0,0.0,85.1,78.5,313,312,8.9,10.6,89.1,89.1,6.7,8.2,158.6,164.6,1020.7,1020.5,340.94,385.43,1271.64,31.451,12.0906,469.9,61.0,1492.982, NAN, 105.690, NAN, NAN,,2024/04/17 15:19:49.023,2024-04-17 15:19:49.023000+00:00
2024/04/17, 15:20:49.023,36.167,-74.824, 10.89,243.07,246.92,10.47,17.2,17.3,1018.6,1018.4,0.0,0.0,85.1,78.5,312,311,9.0,10.4,88.9,89.0,7.0,8.3,158.4,163.2,1020.7,1020.5,336.54,385.74,1255.28,31.4953,12.2407,474.5,60.8,1493.55, NAN, 103.960, NAN, NAN,,2024/04/17 15:20:49.023,2024-04-17 15:20:49.023000+00:00
2024/04/17, 15:21:49.023,36.166,-74.827, 11.05,242.48,244.37,10.63,17.2,17.2,1018.6,1018.4,0.0,0.0,85.1,78.5,312,312,9.3,10.9,88.9,88.9,7.2,8.5,158.6,164.9,1020.7,1020.5,345.88,385.92,1272.49,31.4656,12.3435,474.5,61.0,1493.867, NAN, 102.380, NAN, NAN,,2024/04/17 15:21:49.023,2024-04-17 15:21:49.023000+00:00
2024/04/17, 15:22:49.024,36.165,-74.83, 11.00,241.48,247.06,10.71,17.2,17.2,1018.6,1018.4,0.0,0.0,85.1,78.5,313,312,9.2,11.1,89.2,89.3,7.2,8.9,157.7,164.1,1020.7,1020.5,402.76,386.94,1378.07,31.353,12.4297,466.5,61.0,1494.027, NAN, 99.450, NAN, NAN,,2024/04/17 15:22:49.024,2024-04-17 15:22:49.024000+00:00
2024/04/17, 15:23:49.024,36.163,-74.834, 10.98,242.17,244.37,10.54,17.2,17.2,1018.4,1018.4,0.0,0.0,85.1,78.5,313,313,9.4,11.4,89.3,89.5,7.2,8.9,160.2,167.6,1020.5,1020.5,389.34,387.18,1355.5,31.2848,12.4664,466.0,61.2,1494.071, NAN, 98.370, NAN, NAN,,2024/04/17 15:23:49.024,2024-04-17 15:23:49.024000+00:00
2024/04/17, 15:24:49.024,36.162,-74.837, 10.96,242.58,246.22,10.65,17.3,17.2,1018.4,1018.4,0.0,0.0,85.1,78.5,311,311,9.3,10.8,89.4,89.5,7.3,8.6,157.5,163.4,1020.5,1020.5,344.8,387.1,1246.36,31.2416,12.476,466.0,61.2,1494.053, NAN, 96.810, NAN, NAN,,2024/04/17 15:24:49.024,2024-04-17 15:24:49.024000+00:00
2024/04/17, 15:25:49.024,36.161,-74.84, 10.86,241.42,243.73,10.65,17.3,17.3,1018.5,1018.3,0.0,0.0,85.1,78.5,311,308,9.4,10.8,89.1,89.3,7.5,8.9,156.8,159.1,1020.6,1020.4,399.4,388.08,1363.13,31.2123,12.4662,465.4,61.2,1493.984, NAN, 95.100, NAN, NAN,,2024/04/17 15:25:49.024,2024-04-17 15:25:49.024000+00:00
2024/04/17, 15:26:49.024,36.16,-74.843, 10.74,236.99,242.02,10.41,17.3,17.3,1018.4,1018.3,0.0,0.0,85.1,78.5,313,312,9.7,11.3,89.3,89.5,7.7,9.2,156.6,161.1,1020.5,1020.4,489.96,388.11,1560.66,31.1917,12.5065,466.0,61.3,1494.097, NAN, 94.770, NAN, NAN,,2024/04/17 15:26:49.024,2024-04-17 15:26:49.024000+00:00
2024/04/17, 15:27:49.024,36.158,-74.847, 10.77,240.87,245.87,10.54,17.3,17.3,1018.4,1018.3,0.0,0.0,85.1,78.5,309,310,9.6,11.1,89.2,89.5,7.8,9.0,155.5,162.0,1020.5,1020.4,412.12,388.2,1387.36,31.171,12.5148,468.8,61.4,1494.101, NAN, NAN, NAN, NAN,,2024/04/17 15:27:49.024,2024-04-17 15:27:49.024000+00:00
2024/04/17, 15:28:49.024,36.157,-74.85, 10.87,237.58,244.19,10.46,17.3,17.3,1018.4,1018.3,0.0,0.0,85.1,78.5,312,310,9.7,11.2,89.2,89.3,7.7,9.2,156.0,159.1,1020.5,1020.4,406.44,387.35,1365.58,31.1619,12.5271,467.2,61.4,1494.132, NAN, NAN, NAN, NAN,,2024/04/17 15:28:49.024,2024-04-17 15:28:49.024000+00:00
2024/04/17, 15:29:49.024,36.155,-74.853, 10.79,239.55,242.31,10.5,17.3,17.3,1018.4,1018.3,0.0,0.0,85.1,78.5,313,313,9.5,11.3,89.1,89.3,7.2,8.7,158.2,164.9,1020.5,1020.4,403.15,386.77,1364.76,31.1494,12.5244,466.2,61.4,1494.108, NAN, NAN, NAN, NAN,,2024/04/17 15:29:49.024,2024-04-17 15:29:49.024000+00:00
2024/04/17, 15:30:49.024,36.154,-74.856, 10.77,238.64,240.27,10.55,17.3,17.3,1018.4,1018.3,0.0,0.0,85.1,78.5,313,312,9.5,11.2,88.8,89.0,7.2,8.8,157.1,162.3,1020.5,1020.4,385.1,385.73,1305.6,31.1298,12.5162,465.1,61.3,1494.057, NAN, NAN, NAN, NAN,,2024/04/17 15:30:49.024,2024-04-17 15:30:49.024000+00:00
2024/04/17, 15:31:49.024,36.153,-74.859, 10.76,238.22,240.63,10.52,17.3,17.3,1018.4,1018.3,0.0,0.0,85.1,78.5,315,313,9.4,11.3,88.7,88.9,7.1,8.9,158.4,163.3,1020.5,1020.4,426.35,385.79,1440.78,31.1047,12.5178,466.0,61.2,1494.033, NAN, NAN, NAN, NAN,,2024/04/17 15:31:49.024,2024-04-17 15:31:49.024000+00:00
2024/04/17, 15:32:49.024,36.151,-74.862, 10.64,239.31,242.67,10.61,17.3,17.3,1018.4,1018.3,0.0,0.0,85.1,78.5,314,314,9.3,11.4,88.7,88.9,7.1,8.9,157.5,165.4,1020.5,1020.4,499.76,385.4,1558.55,31.0788,12.5269,467.8,61.3,1494.033, NAN, NAN, NAN, NAN,,2024/04/17 15:32:49.024,2024-04-17 15:32:49.024000+00:00
2024/04/17, 15:33:49.024,36.15,-74.866, 10.77,237.85,239.83,10.65,17.3,17.3,1018.4,1018.3,0.0,0.0,85.1,78.5,315,313,9.4,10.9,88.8,88.9,7.0,8.4,157.6,161.3,1020.5,1020.4,836.29,387.33,2383.41,31.0623,12.5635,469.1,61.3,1494.138, NAN, NAN, NAN, NAN,,2024/04/17 15:33:49.024,2024-04-17 15:33:49.024000+00:00
2024/04/17, 15:34:49.024,36.148,-74.869, 10.90,239.26,240.76,10.56,17.2,17.3,1018.4,1018.3,0.0,0.0,85.1,78.5,315,314,9.3,11.5,89.1,89.3,6.8,8.8,159.0,166.2,1020.5,1020.4,1003.1,388.32,2744.96,31.0474,12.5901,469.1,61.4,1494.211, NAN, NAN, NAN, NAN,,2024/04/17 15:34:49.024,2024-04-17 15:34:49.024000+00:00
2024/04/17, 15:35:49.024,36.147,-74.872, 10.90,239.59,239.3,10.49,17.2,17.2,1018.4,1018.3,0.0,0.0,85.1,78.5,315,314,9.4,11.4,88.8,89.0,6.8,8.6,160.2,166.6,1020.5,1020.4,870.62,387.12,2437.05,31.0317,12.6313,467.5,61.3,1494.332, NAN, NAN, NAN, NAN,,2024/04/17 15:35:49.024,2024-04-17 15:35:49.024000+00:00
2024/04/17, 15:36:49.024,36.146,-74.875, 10.88,238.55,241.35,10.57,17.2,17.2,1018.4,1018.2,0.0,0.0,85.1,78.5,317,316,9.5,11.4,89.1,89.3,7.0,8.7,161.1,167.1,1020.5,1020.3,788.73,385.73,2419.01,31.0165,12.6619,465.1,61.4,1494.418, NAN, NAN, NAN, NAN,,2024/04/17 15:36:49.024,2024-04-17 15:36:49.024000+00:00
2024/04/17, 15:37:49.025,36.144,-74.878, 10.96,238.53,245.29,10.63,17.2,17.2,1018.4,1018.3,0.0,0.0,85.1,78.5,317,316,9.4,11.5,89.2,89.4,7.1,9.0,160.2,166.9,1020.5,1020.4,842.19,385.51,2438.88,31.0032,12.6835,461.7,61.4,1494.475, NAN, NAN, NAN, NAN,,2024/04/17 15:37:49.025,2024-04-17 15:37:49.025000+00:00
2024/04/17, 15:38:49.025,36.143,-74.882, 10.86,238.3,239.3,10.61,17.1,17.1,1018.4,1018.2,0.0,0.0,85.1,78.5,317,315,9.7,11.5,89.1,89.2,7.0,8.8,161.8,166.1,1020.5,1020.3,967.84,386.83,2689.68,30.9952,12.6551,459.3,61.5,1494.37, NAN, 81.650, NAN, NAN,,2024/04/17 15:38:49.025,2024-04-17 15:38:49.025000+00:00
2024/04/17, 15:39:49.025,36.141,-74.885, 10.62,239.52,243.26,10.57,17.1,17.1,1018.4,1018.2,0.0,0.0,85.1,78.5,316,315,9.7,11.9,89.5,89.6,7.1,9.1,162.1,168.6,1020.5,1020.3,886.01,386.73,2485.55,30.9837,12.6402,458.7,61.1,1494.305, NAN, 81.950, NAN, NAN,,2024/04/17 15:39:49.025,2024-04-17 15:39:49.025000+00:00
2024/04/17, 15:40:49.025,36.14,-74.888, 10.81,238.5,240.68,10.78,17.1,17.1,1018.4,1018.2,0.0,0.0,85.1,78.5,316,314,9.8,11.7,89.9,90.3,7.1,9.0,160.7,165.3,1020.5,1020.3,866.19,386.67,2424.62,30.9566,12.6604,459.0,60.8,1494.342, NAN, 81.730, NAN, NAN,,2024/04/17 15:40:49.025,2024-04-17 15:40:49.025000+00:00
2024/04/17, 15:41:49.025,36.139,-74.891, 10.78,238.59,238.64,10.78,17.2,17.2,1018.3,1018.2,0.0,0.0,85.1,78.5,316,314,10.0,11.6,90.1,90.3,7.3,8.9,161.6,165.0,1020.4,1020.3,944.9,387.98,2569.13,30.9331,12.6787,458.4,60.9,1494.376, NAN, 81.360, NAN, NAN,,2024/04/17 15:41:49.025,2024-04-17 15:41:49.025000+00:00
2024/04/17, 15:42:49.025,36.137,-74.894, 10.77,238.49,241.16,10.68,17.2,17.2,1018.3,1018.2,0.0,0.0,85.1,78.5,317,315,9.9,11.9,90.0,90.2,7.2,9.2,162.6,167.2,1020.4,1020.3,954.05,387.06,2625.45,30.9159,12.6986,459.5,61.0,1494.423, NAN, 80.880, NAN, NAN,,2024/04/17 15:42:49.025,2024-04-17 15:42:49.025000+00:00
2024/04/17, 15:43:49.025,36.136,-74.898, 10.83,238.56,244.54,10.78,17.2,17.2,1018.3,1018.2,0.0,0.0,85.1,78.5,318,315,10.1,11.7,90.0,89.6,7.5,9.2,163.9,166.0,1020.4,1020.3,595.69,384.84,1835.49,30.9011,12.705,458.7,60.9,1494.427, NAN, 80.080, NAN, NAN,,2024/04/17 15:43:49.025,2024-04-17 15:43:49.025000+00:00
2024/04/17, 15:44:49.025,36.134,-74.901, 10.80,238.79,240.19,10.63,17.2,17.2,1018.4,1018.3,0.0,0.0,85.1,78.5,318,317,9.9,11.9,89.6,89.8,7.2,9.0,164.2,169.9,1020.5,1020.4,753.98,386.07,2144.37,30.8891,12.7225,457.7,60.9,1494.473, NAN, 78.980, NAN, NAN,,2024/04/17 15:44:49.025,2024-04-17 15:44:49.025000+00:00
2024/04/17, 15:45:49.025,36.133,-74.904, 10.68,238.52,240.9,10.81,17.2,17.2,1018.3,1018.3,0.0,0.0,85.1,78.5,319,317,10.0,11.7,89.6,89.8,7.2,8.8,164.7,168.5,1020.4,1020.4,655.95,385.88,2136.72,30.8777,12.7777,457.7,61.1,1494.646, NAN, 77.570, NAN, NAN,,2024/04/17 15:45:49.025,2024-04-17 15:45:49.025000+00:00
2024/04/17, 15:46:49.025,36.132,-74.907, 10.71,237.84,241.1,10.7,17.2,17.2,1018.4,1018.2,0.0,0.0,85.1,78.5,318,316,10.1,11.9,89.6,89.6,7.5,9.2,163.5,167.3,1020.5,1020.3,965.23,387.82,2586.86,30.8729,12.7968,458.4,61.1,1494.705, NAN, 76.240, NAN, NAN,,2024/04/17 15:46:49.025,2024-04-17 15:46:49.025000+00:00
2024/04/17, 15:47:49.025,36.13,-74.911, 10.73,239.7,243.11,10.81,17.2,17.2,1018.4,1018.2,0.0,0.0,85.1,78.5,317,316,10.0,12.1,89.7,90.0,7.3,9.2,163.7,169.7,1020.5,1020.3,597.29,384.72,1861.92,30.8726,12.8407,459.3,61.2,1494.853, NAN, 73.860, NAN, NAN,,2024/04/17 15:47:49.025,2024-04-17 15:47:49.025000+00:00
2024/04/17, 15:48:49.025,36.129,-74.914, 10.74,238.38,241.43,10.7,17.2,17.2,1018.3,1018.2,0.0,0.0,85.1,78.5,318,317,10.1,12.2,89.6,89.9,7.4,9.3,164.2,170.0,1020.4,1020.3,806.36,385.59,2266.32,30.8677,12.8681,458.0,61.3,1494.94, NAN, 72.020, NAN, NAN,,2024/04/17 15:48:49.025,2024-04-17 15:48:49.025000+00:00
2024/04/17, 15:49:49.025,36.127,-74.917, 10.82,238.0,240.86,10.66,17.2,17.2,1018.3,1018.2,0.0,0.0,85.1,78.5,317,316,10.0,12.2,90.1,90.0,7.3,9.3,162.6,168.7,1020.4,1020.3,920.21,386.08,2471.83,30.8598,12.8889,458.4,61.3,1495.001, NAN, 70.100, NAN, NAN,,2024/04/17 15:49:49.025,2024-04-17 15:49:49.025000+00:00
2024/04/17, 15:50:49.025,36.126,-74.92, 10.71,237.41,242.13,10.78,17.2,17.1,1018.3,1018.1,0.0,0.0,85.1,78.5,317,315,10.0,12.2,90.2,90.5,7.4,9.5,161.3,166.4,1020.4,1020.2,947.37,385.51,2538.32,30.8497,12.9218,457.7,61.2,1495.1, NAN, 68.260, NAN, NAN,,2024/04/17 15:50:49.025,2024-04-17 15:50:49.025000+00:00
2024/04/17, 15:51:49.025,36.125,-74.924, 10.61,239.64,243.03,10.85,17.2,17.2,1018.2,1018.1,0.0,0.0,85.1,78.5,316,315,10.0,12.0,90.3,90.5,7.4,9.2,162.4,168.1,1020.3,1020.2,828.77,384.29,2336.07,30.836,12.9169,457.7,61.3,1495.067, NAN, 66.460, NAN, NAN,,2024/04/17 15:51:49.025,2024-04-17 15:51:49.025000+00:00
2024/04/17, 15:52:49.025,36.123,-74.927, 10.68,240.21,240.4,10.84,17.2,17.2,1018.2,1018.1,0.0,0.0,85.1,78.5,316,316,10.2,12.0,90.2,90.4,7.6,9.1,163.8,169.8,1020.3,1020.2,806.17,384.22,2249.01,30.8177,12.9005,456.8,61.3,1494.99, NAN, 64.560, NAN, NAN,,2024/04/17 15:52:49.025,2024-04-17 15:52:49.025000+00:00
2024/04/17, 15:53:49.026,36.122,-74.93, 10.76,238.95,242.41,10.84,17.2,17.2,1018.3,1018.0,0.0,0.0,85.1,78.5,316,315,10.5,12.4,90.4,90.5,7.9,9.7,163.6,168.3,1020.4,1020.1,636.62,383.76,1858.27,30.7827,12.9267,458.7,61.4,1495.037, NAN, 62.400, NAN, NAN,,2024/04/17 15:53:49.026,2024-04-17 15:53:49.026000+00:00
2024/04/17, 15:54:49.026,36.12,-74.934, 10.76,240.16,241.5,10.73,17.3,17.3,1018.3,1018.0,0.0,0.0,85.1,78.5,316,315,10.2,12.4,91.1,91.2,7.6,9.6,164.2,170.0,1020.4,1020.1,808.62,384.72,2221.99,30.7569,12.8849,458.0,61.4,1494.866, NAN, 59.780, NAN, NAN,,2024/04/17 15:54:49.026,2024-04-17 15:54:49.026000+00:00
2024/04/17, 15:55:49.026,36.119,-74.937, 10.71,239.34,245.72,10.63,17.4,17.4,1018.3,1018.0,0.0,0.0,85.1,78.5,314,314,10.6,12.3,90.4,90.7,8.4,9.9,162.6,167.7,1020.4,1020.1,895.76,386.72,2433.12,30.7335,12.92,457.7,61.4,1494.957, NAN, 56.810, NAN, NAN,,2024/04/17 15:55:49.026,2024-04-17 15:55:49.026000+00:00
2024/04/17, 15:56:49.026,36.118,-74.94, 10.69,239.71,241.68,10.78,17.4,17.4,1018.2,1018.0,0.0,0.0,85.1,78.5,313,311,10.9,12.7,90.3,90.6,8.3,10.1,162.9,165.8,1020.3,1020.1,926.82,388.02,2520.44,30.6938,12.9435,459.8,61.4,1494.989, NAN, 55.180, NAN, NAN,,2024/04/17 15:56:49.026,2024-04-17 15:56:49.026000+00:00
2024/04/17, 15:57:49.026,36.116,-74.943, 10.80,239.53,240.77,10.85,17.5,17.5,1018.2,1018.0,0.0,0.0,85.1,78.5,312,311,10.5,12.8,91.2,91.4,8.1,10.2,159.8,165.6,1020.3,1020.1,911.98,386.88,2490.84,30.6687,12.9672,461.4,61.3,1495.039, NAN, 51.530, NAN, NAN,,2024/04/17 15:57:49.026,2024-04-17 15:57:49.026000+00:00
2024/04/17, 15:58:49.026,36.115,-74.947, 10.68,239.86,240.56,10.63,17.6,17.5,1018.2,1018.0,0.0,0.0,85.1,78.5,314,313,9.8,12.4,90.0,91.4,7.4,9.8,160.4,167.7,1020.3,1020.1,900.44,385.49,2473.76,30.658,12.937,460.8,61.3,1494.925, NAN, 50.950, NAN, NAN,,2024/04/17 15:58:49.026,2024-04-17 15:58:49.026000+00:00
2024/04/17, 15:59:49.026,36.113,-74.95, 10.79,239.23,240.03,10.75,17.5,17.5,1018.2,1018.1,0.0,0.0,85.1,78.5,317,314,9.2,10.9,88.4,88.5,6.6,8.3,159.7,163.5,1020.3,1020.2,740.82,383.24,2137.88,30.6305,12.9781,460.8,61.4,1495.031, NAN, 44.560, NAN, NAN,,2024/04/17 15:59:49.026,2024-04-17 15:59:49.026000+00:00
2024/04/17, 16:00:49.026,36.112,-74.953, 0.49,239.22,243.48,10.65,17.4,17.4,1018.2,1018.0,0.0,0.0,85.1,78.5,317,315,9.4,11.4,88.1,88.4,7.0,8.9,160.9,166.2,1020.3,1020.1,838.22,384.86,2309.27,30.5977,13.0226,462.4,61.3,1495.142, NAN, 41.940, NAN, NAN,,2024/04/17 16:00:49.026,2024-04-17 16:00:49.026000+00:00
2024/04/17, 16:01:49.026,36.111,-74.956, 0.00,239.59,241.85,10.74,17.2,17.4,1018.2,1018.0,0.0,0.0,85.1,78.5,315,315,9.8,12.0,89.2,88.4,7.3,9.2,160.8,168.5,1020.3,1020.1,962.37,387.43,2565.61,30.573,13.059,462.7,61.4,1495.235, NAN, 41.740, NAN, NAN,,2024/04/17 16:01:49.026,2024-04-17 16:01:49.026000+00:00
2024/04/17, 16:02:49.026,36.109,-74.96, -0.02,240.04,242.26,10.83,17.2,17.2,1018.2,1018.0,0.0,0.0,85.1,78.5,314,314,9.9,12.2,89.3,91.0,7.4,9.4,160.2,168.1,1020.3,1020.1,908.53,387.84,2443.46,30.5496,13.0788,461.7,61.5,1495.274, NAN, 40.870, NAN, NAN,,2024/04/17 16:02:49.026,2024-04-17 16:02:49.026000+00:00
2024/04/17, 16:03:49.026,36.108,-74.963, -0.04,238.9,240.1,10.88,17.3,17.3,1018.2,1018.0,0.0,0.0,85.1,78.5,316,313,9.5,11.3,90.8,91.2,6.9,8.7,159.2,162.9,1020.3,1020.1,606.25,384.7,1818.12,30.518,13.0989,461.7,61.6,1495.305, NAN, 40.060, NAN, NAN,,2024/04/17 16:03:49.026,2024-04-17 16:03:49.026000+00:00
2024/04/17, 16:04:49.026,36.106,-74.966, -0.01,239.33,241.64,10.66,17.3,17.3,1018.1,1017.9,0.0,0.0,85.1,78.5,315,314,10.0,12.0,90.1,90.3,7.4,9.3,161.7,167.3,1020.2,1020.0,701.61,387.17,2032.53,30.4839,13.1049,462.7,61.5,1495.285, NAN, 39.650, NAN, NAN,,2024/04/17 16:04:49.026,2024-04-17 16:04:49.026000+00:00
2024/04/17, 16:05:49.026,36.105,-74.969, -0.02,239.45,242.12,10.85,17.2,17.2,1018.1,1018.0,0.0,0.0,85.1,78.5,316,314,9.9,11.5,90.4,90.5,7.3,8.8,161.7,165.3,1020.2,1020.1,823.57,389.59,2228.33,30.4533,13.1107,463.5,61.5,1495.268, NAN, 39.900, NAN, NAN,,2024/04/17 16:05:49.026,2024-04-17 16:05:49.026000+00:00
2024/04/17, 16:06:49.026,36.104,-74.973, -0.02,239.11,241.61,10.82,17.2,17.2,1018.2,1018.0,0.0,0.0,85.1,78.5,317,316,9.9,12.0,90.4,90.8,7.2,9.1,162.7,168.9,1020.3,1020.1,616.65,387.35,1745.62,30.4251,13.17,465.4,61.6,1495.434, NAN, 41.270, NAN, NAN,,2024/04/17 16:06:49.026,2024-04-17 16:06:49.026000+00:00
2024/04/17, 16:07:49.026,36.102,-74.976, -0.01,240.34,244.55,10.82,17.2,17.2,1018.2,1018.0,0.0,0.0,85.1,78.5,316,315,10.0,11.9,90.6,90.8,7.4,9.2,163.1,168.5,1020.3,1020.1,383.66,386.27,1270.57,30.4058,13.181,469.1,61.5,1495.448, NAN, 41.180, NAN, NAN,,2024/04/17 16:07:49.026,2024-04-17 16:07:49.026000+00:00
2024/04/17, 16:08:49.027,36.101,-74.979, -0.01,238.88,242.87,10.86,17.2,17.2,1018.1,1018.0,0.0,0.0,85.1,78.5,315,313,9.9,11.9,91.3,91.6,7.5,9.4,159.9,164.6,1020.2,1020.1,447.0,390.99,1454.06,30.3986,13.1903,469.4,61.6,1495.471, NAN, 39.370, NAN, NAN,,2024/04/17 16:08:49.027,2024-04-17 16:08:49.027000+00:00
2024/04/17, 16:09:49.027,36.1,-74.983, -0.02,239.4,242.64,10.93,17.2,17.2,1018.0,1017.9,0.0,0.0,85.1,78.5,316,315,9.7,11.9,91.2,91.3,7.1,9.1,160.4,167.3,1020.1,1020.0,671.88,394.24,1900.47,30.3828,13.1939,467.8,61.6,1495.464, NAN, 42.680, NAN, NAN,,2024/04/17 16:09:49.027,2024-04-17 16:09:49.027000+00:00
2024/04/17, 16:10:49.027,36.098,-74.986, 10.61,240.15,242.36,10.73,17.2,17.2,1018.0,1017.9,0.0,0.0,85.1,78.5,317,314,9.6,11.9,91.1,91.5,7.1,9.3,162.5,167.4,1020.1,1020.0,751.7,392.72,2057.35,30.3537,13.1826,472.1,61.5,1495.392, NAN, 48.050, NAN, NAN,,2024/04/17 16:10:49.027,2024-04-17 16:10:49.027000+00:00
2024/04/17, 16:11:49.027,36.097,-74.989, 10.90,239.02,244.26,10.88,17.2,17.2,1018.2,1018.0,0.0,0.0,85.1,78.5,319,317,9.8,11.8,91.1,91.2,6.9,8.9,164.1,169.1,1020.3,1020.1,490.34,394.79,1679.05,30.3356,13.2066,473.9,61.7,1495.451, NAN, 47.690, NAN, NAN,,2024/04/17 16:11:49.027,2024-04-17 16:11:49.027000+00:00
2024/04/17, 16:12:49.027,36.095,-74.993, 10.92,239.44,245.18,10.91,17.1,17.2,1018.1,1017.8,0.0,0.0,85.1,78.5,318,317,10.2,12.1,91.2,91.3,7.4,9.2,164.9,170.2,1020.2,1019.9,810.19,400.59,2528.74,30.3073,13.2314,476.6,61.6,1495.501, NAN, 44.590, NAN, NAN,,2024/04/17 16:12:49.027,2024-04-17 16:12:49.027000+00:00
2024/04/17, 16:13:49.027,36.094,-74.996, 0.20,240.08,245.48,10.97,17.2,17.2,1018.1,1017.8,0.0,0.0,85.1,78.5,318,317,9.8,12.3,92.0,92.1,7.2,9.4,163.4,171.0,1020.2,1019.9,712.38,402.09,2463.61,30.2928,13.2514,476.9,61.6,1495.551, NAN, 41.380, NAN, NAN,,2024/04/17 16:13:49.027,2024-04-17 16:13:49.027000+00:00
2024/04/17, 16:14:49.027,36.093,-74.999, -0.02,239.4,241.27,10.86,17.2,17.2,1018.1,1017.8,0.0,0.0,85.1,78.5,317,317,10.0,12.0,92.0,92.2,7.2,8.9,163.4,170.4,1020.2,1019.9,767.87,404.17,2324.43,30.2794,13.2624,476.9,61.6,1495.572, NAN, 41.070, NAN, NAN,,2024/04/17 16:14:49.027,2024-04-17 16:14:49.027000+00:00
2024/04/17, 16:15:49.027,36.091,-75.002, -0.01,240.28,245.7,10.77,17.2,17.2,1017.9,1017.8,0.0,0.0,85.1,78.5,316,316,9.8,12.2,92.0,92.2,7.4,9.5,162.2,170.3,1020.0,1019.9,782.89,404.89,2441.2,30.2739,13.249,474.2,61.5,1495.521, NAN, 42.160, NAN, NAN,,2024/04/17 16:15:49.027,2024-04-17 16:15:49.027000+00:00
2024/04/17, 16:16:49.027,36.09,-75.006, -0.02,238.62,241.69,10.8,17.2,17.3,1017.9,1017.8,0.0,0.0,85.1,78.5,324,318,9.9,12.0,91.4,91.8,6.6,9.0,170.5,170.6,1020.0,1019.9,813.98,396.71,2358.76,30.2747,13.2512,471.5,61.5,1495.529, NAN, 41.120, NAN, NAN,,2024/04/17 16:16:49.027,2024-04-17 16:16:49.027000+00:00
2024/04/17, 16:17:49.027,36.089,-75.009, -0.02,240.33,242.64,10.62,17.2,17.2,1018.0,1017.8,0.0,0.0,85.1,78.5,331,340,9.5,11.0,90.6,90.8,5.6,6.3,181.2,201.5,1020.1,1019.9,871.33,390.48,2465.14,30.266,13.2371,471.5,61.5,1495.471, NAN, 40.860, NAN, NAN,,2024/04/17 16:17:49.027,2024-04-17 16:17:49.027000+00:00
2024/04/17, 16:18:49.027,36.087,-75.012, -0.02,239.78,241.76,10.78,16.7,16.8,1018.0,1017.8,0.0,0.0,85.1,78.5,347,333,10.6,10.7,88.5,88.0,5.5,6.5,210.5,187.6,1020.1,1019.9,432.28,381.46,1735.86,30.2594,13.2419,471.5,61.5,1495.48, NAN, 42.740, NAN, NAN,,2024/04/17 16:18:49.027,2024-04-17 16:18:49.027000+00:00
2024/04/17, 16:19:49.027,36.086,-75.016, -0.01,239.32,242.42,10.77,16.5,16.6,1017.8,1017.8,0.0,0.0,85.1,78.5,344,326,10.3,11.6,89.6,90.1,5.4,7.9,204.1,180.6,1019.9,1019.9,392.19,383.1,1381.63,30.2497,13.2545,473.9,61.5,1495.51, NAN, 43.670, NAN, NAN,,2024/04/17 16:19:49.027,2024-04-17 16:19:49.027000+00:00
2024/04/17, 16:20:49.027,36.084,-75.019, -0.02,239.48,242.99,10.68,16.4,16.4,1017.8,1017.8,0.0,0.0,85.1,78.5,324,325,10.6,12.0,92.5,93.1,7.3,8.4,174.7,180.5,1019.9,1019.9,1071.46,399.23,2771.53,30.244,13.2687,474.8,61.5,1495.551, NAN, 43.250, NAN, NAN,,2024/04/17 16:20:49.027,2024-04-17 16:20:49.027000+00:00
2024/04/17, 16:21:49.027,36.083,-75.022, -0.03,239.94,245.93,10.74,16.5,16.5,1018.0,1017.8,0.0,0.0,85.1,78.5,337,337,10.4,10.4,96.1,95.6,6.1,6.1,191.9,191.9,1020.1,1019.9,954.18,384.74,2569.35,30.2455,13.2857,474.8,61.6,1495.61, NAN, 44.440, NAN, NAN,,2024/04/17 16:21:49.027,2024-04-17 16:21:49.027000+00:00
2024/04/17, 16:22:49.027,36.082,-75.025, 11.32,239.86,241.87,10.69,16.4,16.4,1017.8,1017.8,0.0,0.0,85.1,78.5,338,328,10.4,12.0,93.1,92.5,5.9,8.1,194.9,185.2,1019.9,1019.9,839.39,382.06,2453.82,30.2457,13.3152,475.2,61.4,1495.709, NAN, 46.350, NAN, NAN,,2024/04/17 16:22:49.027,2024-04-17 16:22:49.027000+00:00
2024/04/17, 16:23:49.027,36.08,-75.029, 0.99,240.03,244.09,10.78,16.6,16.6,1017.9,1017.8,0.0,0.0,85.1,78.5,330,324,10.0,12.5,95.1,95.5,6.2,8.9,180.5,180.9,1020.0,1019.9,881.53,387.56,2185.92,30.2457,13.328,476.0,61.4,1495.752, NAN, 40.830, NAN, NAN,,2024/04/17 16:23:49.027,2024-04-17 16:23:49.027000+00:00
2024/04/17, 16:24:49.028,36.079,-75.032, 9.89,239.48,243.93,10.85,16.8,16.7,1017.8,1017.8,0.0,0.0,85.1,78.5,328,325,10.4,11.8,96.3,96.5,6.6,8.2,178.8,179.6,1019.9,1019.9,977.95,390.43,2625.4,30.246,13.353,473.6,61.4,1495.836, NAN, 35.300, NAN, NAN,,2024/04/17 16:24:49.028,2024-04-17 16:24:49.028000+00:00
2024/04/17, 16:25:49.028,36.078,-75.035, 10.82,239.04,242.43,10.83,16.9,16.9,1017.8,1017.7,0.0,0.0,85.1,78.5,328,324,10.3,12.1,95.9,95.9,6.6,8.6,177.8,178.6,1019.9,1019.8,964.04,389.2,2608.54,30.2491,13.3659,470.8,61.5,1495.883, NAN, 32.470, NAN, NAN,,2024/04/17 16:25:49.028,2024-04-17 16:25:49.028000+00:00
2024/04/17, 16:26:49.028,36.076,-75.039, 10.79,240.35,242.77,10.8,17.1,17.1,1017.8,1017.8,0.0,0.0,85.1,78.5,328,324,10.3,12.1,95.9,96.0,6.5,8.5,179.6,180.3,1019.9,1019.9,912.06,389.45,2510.72,30.2538,13.357,468.4,61.7,1495.858, NAN, 32.070, NAN, NAN,,2024/04/17 16:26:49.028,2024-04-17 16:26:49.028000+00:00
2024/04/17, 16:27:49.028,36.075,-75.042, 10.70,240.04,242.5,10.71,17.1,17.2,1017.8,1017.7,0.0,0.0,85.1,78.5,331,326,10.1,11.4,96.0,95.4,6.1,7.7,183.0,180.8,1019.9,1019.8,890.67,390.33,2602.9,30.2595,13.4356,467.8,61.6,1496.128, NAN, 33.530, NAN, NAN,,2024/04/17 16:27:49.028,2024-04-17 16:27:49.028000+00:00
2024/04/17, 16:28:49.028,36.074,-75.045, 10.64,239.13,243.59,10.72,17.1,17.2,1017.8,1017.7,0.0,0.0,85.1,78.5,330,326,10.1,11.4,93.4,93.4,6.3,7.8,180.1,179.6,1019.9,1019.8,825.63,395.0,2342.76,30.2489,13.5056,466.8,61.6,1496.349, NAN, 35.730, NAN, NAN,,2024/04/17 16:28:49.028,2024-04-17 16:28:49.028000+00:00
2024/04/17, 16:29:49.028,36.072,-75.048, 10.44,239.91,241.3,10.71,17.1,17.1,1017.8,1017.7,0.0,0.0,85.1,78.5,329,325,10.3,12.0,93.8,93.6,6.4,8.3,181.1,181.4,1019.9,1019.8,538.18,400.44,1770.67,30.188,13.5312,468.8,61.6,1496.362, NAN, 37.580, NAN, NAN,,2024/04/17 16:29:49.028,2024-04-17 16:29:49.028000+00:00
2024/04/17, 16:30:49.028,36.071,-75.052, 10.45,239.13,240.46,10.68,17.2,17.1,1017.8,1017.7,0.0,0.0,85.1,78.5,329,325,9.8,11.7,94.9,93.7,6.0,8.0,178.1,179.7,1019.9,1019.8,551.78,400.41,1827.16,30.064,13.558,471.2,61.6,1496.306, NAN, 37.120, NAN, NAN,,2024/04/17 16:30:49.028,2024-04-17 16:30:49.028000+00:00
2024/04/17, 16:31:49.028,36.069,-75.055, 10.58,240.59,242.61,10.68,17.1,17.2,1017.8,1017.8,0.0,0.0,85.1,78.5,329,325,10.0,11.6,93.6,93.8,6.2,8.0,180.5,180.9,1019.9,1019.9,555.39,397.46,1839.74,29.9495,13.5737,473.9,61.7,1496.223, NAN, 36.720, NAN, NAN,,2024/04/17 16:31:49.028,2024-04-17 16:31:49.028000+00:00
2024/04/17, 16:32:49.028,36.068,-75.058, 10.66,239.83,242.43,10.65,17.1,17.2,1017.8,1017.6,0.0,0.0,85.1,78.5,330,326,10.0,11.3,94.2,94.3,6.2,7.7,180.9,180.4,1019.9,1019.7,832.35,399.1,2219.96,29.8727,13.5889,477.6,61.7,1496.183, NAN, 34.560, NAN, NAN,,2024/04/17 16:32:49.028,2024-04-17 16:32:49.028000+00:00
2024/04/17, 16:33:49.028,36.067,-75.061, 10.70,239.9,243.65,10.8,17.2,17.2,1017.7,1017.6,0.0,0.0,85.1,78.5,331,327,10.4,11.5,95.0,95.2,6.4,7.7,183.5,181.9,1019.8,1019.7,734.52,404.22,2174.06,29.7994,13.6076,480.0,61.7,1496.16, NAN, 33.500, NAN, NAN,,2024/04/17 16:33:49.028,2024-04-17 16:33:49.028000+00:00
2024/04/17, 16:34:49.028,36.065,-75.065, 10.69,240.41,242.68,10.74,17.4,17.3,1017.7,1017.6,0.0,0.0,85.1,78.5,333,328,10.7,11.7,96.9,96.7,6.4,7.7,189.1,185.1,1019.8,1019.7,624.21,405.61,2095.29,29.7335,13.6334,483.3,61.5,1496.168, NAN, 33.970, NAN, NAN,,2024/04/17 16:34:49.028,2024-04-17 16:34:49.028000+00:00
2024/04/17, 16:35:49.028,36.064,-75.068, 10.69,239.13,241.08,10.82,17.7,17.6,1017.6,1017.6,0.0,0.0,85.1,78.5,332,329,10.6,11.8,99.2,98.7,6.5,7.8,185.2,184.9,1019.7,1019.7,766.54,413.85,2403.34,29.6852,13.6541,482.7,61.5,1496.18, NAN, 34.560, NAN, NAN,,2024/04/17 16:35:49.028,2024-04-17 16:35:49.028000+00:00
2024/04/17, 16:36:49.028,36.062,-75.071, 10.70,240.06,242.78,10.61,18.2,18.2,1017.7,1017.5,0.0,0.0,85.1,78.5,332,328,10.4,11.6,100.0,100.0,6.3,7.7,186.2,184.6,1019.8,1019.6,704.04,409.79,2314.26,29.6411,13.6748,481.2,61.6,1496.197, NAN, 34.860, NAN, NAN,,2024/04/17 16:36:49.028,2024-04-17 16:36:49.028000+00:00
2024/04/17, 16:37:49.028,36.061,-75.074, 10.72,239.24,240.7,10.76,18.4,18.4,1017.6,1017.6,0.0,0.0,85.1,78.5,333,329,10.3,11.7,99.2,99.3,6.0,7.6,186.4,185.4,1019.7,1019.7,832.73,404.55,2413.29,29.6059,13.6851,481.2,61.8,1496.19, NAN, 36.190, NAN, NAN,,2024/04/17 16:37:49.028,2024-04-17 16:37:49.028000+00:00
2024/04/17, 16:38:49.028,36.06,-75.078, 10.74,238.94,240.51,10.8,18.3,18.4,1017.6,1017.6,0.0,0.0,85.1,78.5,333,328,10.0,11.4,97.2,96.8,5.8,7.5,184.1,182.2,1019.7,1019.7,730.82,404.39,2352.84,29.5787,13.6903,481.6,61.8,1496.175, NAN, 36.520, NAN, NAN,,2024/04/17 16:38:49.028,2024-04-17 16:38:49.028000+00:00
2024/04/17, 16:39:49.029,36.058,-75.081, 10.70,239.42,240.3,10.85,18.1,18.4,1017.7,1017.5,0.0,0.0,85.1,78.5,333,329,10.2,11.4,94.0,96.8,5.9,7.3,186.0,184.5,1019.8,1019.6,540.01,409.46,1907.04,29.5481,13.709,480.9,61.8,1496.201, NAN, 35.080, NAN, NAN,,2024/04/17 16:39:49.029,2024-04-17 16:39:49.029000+00:00
2024/04/17, 16:40:49.029,36.057,-75.084, 10.72,239.32,238.69,10.72,17.9,18.0,1017.7,1017.5,0.0,0.0,85.1,78.5,334,330,10.0,11.1,94.8,94.6,5.7,7.0,186.8,185.0,1019.8,1019.6,704.48,406.91,2230.85,29.5187,13.725,480.9,61.8,1496.22, NAN, 34.160, NAN, NAN,,2024/04/17 16:40:49.029,2024-04-17 16:40:49.029000+00:00
2024/04/17, 16:41:49.029,36.055,-75.087, 10.76,239.77,244.42,10.71,17.8,18.0,1017.6,1017.6,0.0,0.0,85.1,78.5,335,331,10.1,10.6,95.7,94.7,5.8,6.6,188.6,184.7,1019.7,1019.7,587.13,406.57,1975.35,29.4944,13.753,481.9,61.8,1496.284, NAN, 34.520, NAN, NAN,,2024/04/17 16:41:49.029,2024-04-17 16:41:49.029000+00:00
2024/04/17, 16:42:49.029,36.054,-75.091, 10.77,239.44,241.89,10.74,17.7,17.8,1017.7,1017.6,0.0,0.0,85.1,78.5,335,331,10.0,10.6,95.5,95.4,5.6,6.4,189.1,185.3,1019.8,1019.7,728.64,399.01,2297.13,29.4621,13.7656,482.7,61.8,1496.288, NAN, 33.980, NAN, NAN,,2024/04/17 16:42:49.029,2024-04-17 16:42:49.029000+00:00
2024/04/17, 16:43:49.029,36.053,-75.094, 10.70,239.48,241.45,10.78,17.6,17.7,1017.5,1017.6,0.0,0.0,85.1,78.5,335,330,9.9,10.9,96.0,95.9,5.6,6.9,187.6,184.1,1019.6,1019.7,722.84,392.21,2181.25,29.4195,13.7913,484.0,61.7,1496.324, NAN, 32.910, NAN, NAN,,2024/04/17 16:43:49.029,2024-04-17 16:43:49.029000+00:00
2024/04/17, 16:44:49.029,36.051,-75.097, 10.71,240.68,243.4,10.64,17.7,17.7,1017.6,1017.4,0.0,0.0,85.1,78.5,334,330,9.9,10.9,98.0,97.7,5.7,6.9,187.8,185.8,1019.7,1019.5,740.48,392.03,2187.94,29.3825,13.8124,486.4,61.9,1496.35, NAN, 33.200, NAN, NAN,,2024/04/17 16:44:49.029,2024-04-17 16:44:49.029000+00:00
2024/04/17, 16:45:49.029,36.05,-75.1, 10.71,238.77,239.61,10.77,17.8,17.8,1017.5,1017.4,0.0,0.0,85.1,78.5,332,328,9.2,10.5,98.4,98.2,5.1,6.6,179.0,179.4,1019.6,1019.5,612.14,388.79,1920.12,29.3521,13.8327,486.4,61.8,1496.382, NAN, 32.400, NAN, NAN,,2024/04/17 16:45:49.029,2024-04-17 16:45:49.029000+00:00
2024/04/17, 16:46:49.029,36.048,-75.103, 10.76,239.56,240.04,10.66,17.8,17.7,1017.5,1017.4,0.0,0.0,85.1,78.5,331,327,9.3,10.8,98.4,96.7,5.4,7.1,178.9,180.0,1019.6,1019.5,483.28,389.83,1640.7,29.3244,13.8621,486.7,61.7,1496.447, NAN, 31.620, NAN, NAN,,2024/04/17 16:46:49.029,2024-04-17 16:46:49.029000+00:00
2024/04/17, 16:47:49.029,36.047,-75.107, 10.73,239.63,243.41,10.73,17.7,17.7,1017.4,1017.5,0.0,0.0,85.1,78.5,330,326,9.1,10.8,98.3,98.0,5.3,7.1,176.1,178.5,1019.5,1019.6,466.27,387.85,1581.8,29.3013,13.8806,486.7,61.8,1496.481, NAN, 31.820, NAN, NAN,,2024/04/17 16:47:49.029,2024-04-17 16:47:49.029000+00:00
2024/04/17, 16:48:49.029,36.045,-75.11, 10.72,240.34,241.04,10.74,17.6,17.7,1017.5,1017.4,0.0,0.0,85.1,78.5,330,326,9.0,10.7,97.6,97.6,5.1,6.9,177.0,179.5,1019.6,1019.5,515.58,389.71,1677.88,29.2785,13.8892,485.7,61.8,1496.482, NAN, 32.450, NAN, NAN,,2024/04/17 16:48:49.029,2024-04-17 16:48:49.029000+00:00
2024/04/17, 16:49:49.029,36.044,-75.113, 10.76,240.84,242.08,10.75,17.5,17.6,1017.5,1017.4,0.0,0.0,85.1,78.5,330,326,9.2,10.6,97.5,97.2,5.2,6.8,178.8,179.7,1019.6,1019.5,511.71,390.1,1666.87,29.2527,13.885,487.3,61.8,1496.438, NAN, 33.560, NAN, NAN,,2024/04/17 16:49:49.029,2024-04-17 16:49:49.029000+00:00
2024/04/17, 16:50:49.029,36.042,-75.116, 10.73,239.57,239.33,10.73,17.5,17.5,1017.6,1017.3,0.0,0.0,85.1,78.5,331,327,9.3,10.7,97.8,97.5,5.2,6.8,179.9,180.4,1019.7,1019.4,478.41,390.74,1600.12,29.227,13.8808,489.1,61.5,1496.394, NAN, 34.390, NAN, NAN,,2024/04/17 16:50:49.029,2024-04-17 16:50:49.029000+00:00
2024/04/17, 16:51:49.029,36.041,-75.12, 10.74,239.46,242.36,10.7,17.5,17.5,1017.5,1017.4,0.0,0.0,85.1,78.5,331,328,9.6,11.2,98.3,98.0,5.7,7.4,180.1,182.4,1019.6,1019.5,499.54,393.31,1648.4,29.1996,13.8875,492.3,61.7,1496.384, NAN, 35.470, NAN, NAN,,2024/04/17 16:51:49.029,2024-04-17 16:51:49.029000+00:00
2024/04/17, 16:52:49.029,36.04,-75.123, 10.72,240.67,242.88,10.68,17.8,17.5,1017.4,1017.4,0.0,0.0,85.1,78.5,331,327,9.0,10.7,100.0,98.1,5.2,7.0,178.2,180.6,1019.5,1019.5,635.8,391.09,1906.93,29.1806,13.9027,495.0,61.8,1496.412, NAN, 35.850, NAN, NAN,,2024/04/17 16:52:49.029,2024-04-17 16:52:49.029000+00:00
2024/04/17, 16:53:49.029,36.038,-75.126, 10.76,239.48,243.17,10.75,17.7,17.8,1017.4,1017.4,0.0,0.0,85.1,78.5,331,328,9.2,10.5,99.0,99.0,5.4,6.8,177.4,179.4,1019.5,1019.5,721.92,391.88,2144.18,29.1667,13.9175,495.6,61.7,1496.445, NAN, 35.150, NAN, NAN,,2024/04/17 16:53:49.029,2024-04-17 16:53:49.029000+00:00
2024/04/17, 16:54:49.030,36.037,-75.129, 10.76,239.04,240.29,10.79,17.5,17.6,1017.4,1017.4,0.0,0.0,85.1,78.5,333,328,9.1,10.8,98.0,97.6,5.0,6.9,179.6,180.4,1019.5,1019.5,807.87,392.28,2324.41,29.1499,13.9214,495.0,61.7,1496.438, NAN, 34.470, NAN, NAN,,2024/04/17 16:54:49.030,2024-04-17 16:54:49.030000+00:00
2024/04/17, 16:55:49.030,36.035,-75.133, 10.77,240.54,240.88,10.7,17.5,17.6,1017.4,1017.3,0.0,0.0,85.1,78.5,331,327,9.2,10.6,98.7,98.4,5.2,6.7,180.1,180.9,1019.5,1019.4,734.88,390.88,2173.01,29.1368,13.9301,494.7,61.8,1496.452, NAN, 34.690, NAN, NAN,,2024/04/17 16:55:49.030,2024-04-17 16:55:49.030000+00:00
2024/04/17, 16:56:49.030,36.034,-75.136, 10.76,239.28,242.58,10.65,17.5,17.5,1017.3,1017.4,0.0,0.0,85.1,78.5,332,328,9.2,10.3,98.3,98.0,5.4,6.7,178.9,178.6,1019.4,1019.5,899.7,391.5,2503.59,29.1298,13.9401,494.4,61.8,1496.477, NAN, 35.300, NAN, NAN,,2024/04/17 16:56:49.030,2024-04-17 16:56:49.030000+00:00
2024/04/17, 16:57:49.030,36.032,-75.139, 10.77,239.22,241.85,10.86,17.4,17.4,1017.4,1017.3,0.0,0.0,85.1,78.5,334,329,9.0,10.0,98.4,98.3,4.8,6.1,180.6,178.6,1019.5,1019.4,810.61,389.01,2324.43,29.1299,13.928,491.3,61.3,1496.437, NAN, 36.440, NAN, NAN,,2024/04/17 16:57:49.030,2024-04-17 16:57:49.030000+00:00
2024/04/17, 16:58:49.030,36.031,-75.142, 10.74,239.12,239.2,10.81,17.4,17.4,1017.4,1017.2,0.0,0.0,85.1,78.5,334,329,8.9,9.9,98.5,98.4,4.8,6.0,180.0,178.2,1019.5,1019.3,699.45,386.93,2085.58,29.1375,13.9489,489.7,61.3,1496.515, NAN, 37.110, NAN, NAN,,2024/04/17 16:58:49.030,2024-04-17 16:58:49.030000+00:00
2024/04/17, 16:59:49.030,36.03,-75.146, 10.25,240.02,242.98,10.8,17.2,17.3,1017.3,1017.2,0.0,0.0,85.1,78.5,333,329,8.7,9.9,98.0,97.9,4.7,6.1,178.0,179.0,1019.4,1019.3,764.76,385.62,2219.79,29.1472,13.9617,489.7,61.5,1496.568, NAN, 35.810, NAN, NAN,,2024/04/17 16:59:49.030,2024-04-17 16:59:49.030000+00:00
2024/04/17, 17:00:49.030,36.028,-75.149, 10.80,239.23,239.99,10.84,17.1,17.1,1017.3,1017.3,0.0,0.0,85.1,78.5,334,329,8.8,9.7,97.4,97.4,4.7,5.9,179.1,177.0,1019.4,1019.4,824.84,386.66,2391.53,29.1555,13.9792,489.1,61.7,1496.636, NAN, 32.810, NAN, NAN,,2024/04/17 17:00:49.030,2024-04-17 17:00:49.030000+00:00
2024/04/17, 17:01:49.030,36.027,-75.152, 10.87,239.16,241.19,10.82,17.0,17.0,1017.3,1017.2,0.0,0.0,85.1,78.5,333,329,9.1,10.2,98.0,97.8,5.1,6.4,179.1,179.0,1019.4,1019.3,822.74,386.49,2346.78,29.1595,13.9755,492.3,61.7,1496.628, NAN, 32.280, NAN, NAN,,2024/04/17 17:01:49.030,2024-04-17 17:01:49.030000+00:00
2024/04/17, 17:02:49.030,36.025,-75.155, 10.84,238.98,242.13,10.89,17.0,17.0,1017.3,1017.2,0.0,0.0,85.1,78.5,333,329,9.1,10.7,98.1,99.0,5.1,6.8,178.6,180.6,1019.4,1019.3,830.25,386.38,2421.12,29.1737,13.9845,490.4,61.7,1496.675, NAN, 31.620, NAN, NAN,,2024/04/17 17:02:49.030,2024-04-17 17:02:49.030000+00:00
2024/04/17, 17:03:49.030,36.024,-75.159, 10.78,239.21,243.24,10.77,16.9,17.0,1017.3,1017.2,0.0,0.0,85.1,78.5,334,330,8.9,9.8,98.7,98.6,4.8,5.9,180.0,179.1,1019.4,1019.3,733.43,383.94,2146.89,29.2097,13.9966,489.4,61.8,1496.757, NAN, 31.450, NAN, NAN,,2024/04/17 17:03:49.030,2024-04-17 17:03:49.030000+00:00
2024/04/17, 17:04:49.030,36.022,-75.162, 10.71,239.56,242.17,10.69,16.9,16.9,1017.4,1017.2,0.0,0.0,85.1,78.5,336,331,9.2,9.7,98.4,98.5,5.0,5.8,185.6,180.6,1019.5,1019.3,716.18,384.67,2093.96,29.2467,13.9915,488.6,61.6,1496.783, NAN, 31.120, NAN, NAN,,2024/04/17 17:04:49.030,2024-04-17 17:04:49.030000+00:00
2024/04/17, 17:05:49.030,36.021,-75.165, 10.65,238.77,242.64,10.7,16.9,16.9,1017.2,1017.2,0.0,0.0,85.1,78.5,338,333,9.2,9.5,98.3,98.5,4.9,5.6,187.0,181.0,1019.3,1019.3,668.97,384.72,1992.69,29.2782,13.9895,487.3,61.7,1496.813, NAN, 31.890, NAN, NAN,,2024/04/17 17:05:49.030,2024-04-17 17:05:49.030000+00:00
2024/04/17, 17:06:49.030,36.02,-75.168, 10.65,240.44,243.5,10.6,16.9,16.9,1017.3,1017.2,0.0,0.0,85.1,78.5,338,333,8.9,9.2,98.8,98.8,4.5,5.1,189.3,182.9,1019.4,1019.3,676.07,382.88,1963.8,29.2936,13.9853,486.4,61.6,1496.818, NAN, 32.510, NAN, NAN,,2024/04/17 17:06:49.030,2024-04-17 17:06:49.030000+00:00
2024/04/17, 17:07:49.030,36.018,-75.171, 10.66,239.25,241.43,10.73,16.9,16.9,1017.3,1017.3,0.0,0.0,85.1,78.5,339,333,8.7,8.9,98.2,98.4,4.2,4.9,187.5,179.0,1019.4,1019.4,748.54,382.84,2164.5,29.3071,13.9833,487.3,61.8,1496.827, NAN, 34.170, NAN, NAN,,2024/04/17 17:07:49.030,2024-04-17 17:07:49.030000+00:00
2024/04/17, 17:08:49.030,36.017,-75.175, 10.64,239.35,240.74,10.66,16.8,16.8,1017.3,1017.3,0.0,0.0,85.1,78.5,339,334,8.9,9.0,97.6,97.6,4.4,4.8,189.8,182.0,1019.4,1019.4,631.95,381.98,1918.26,29.313,14.0297,487.6,61.8,1496.987, NAN, 34.880, NAN, NAN,,2024/04/17 17:08:49.030,2024-04-17 17:08:49.030000+00:00
2024/04/17, 17:09:49.031,36.015,-75.178, 10.60,239.5,241.32,10.6,16.8,16.8,1017.3,1017.3,0.0,0.0,85.1,78.5,341,335,9.3,9.5,98.2,98.1,4.7,5.3,195.6,186.4,1019.4,1019.4,636.57,382.85,1928.59,29.3239,14.0746,489.4,61.8,1497.147, NAN, 35.050, NAN, NAN,,2024/04/17 17:09:49.031,2024-04-17 17:09:49.031000+00:00
2024/04/17, 17:10:49.031,36.014,-75.181, 10.60,240.25,243.24,10.6,16.9,16.9,1017.2,1017.3,0.0,0.0,85.1,78.5,342,337,8.9,9.0,99.0,99.1,4.3,4.7,195.5,187.3,1019.3,1019.4,694.59,381.57,2018.05,29.3351,14.0727,489.4,61.9,1497.154, NAN, 36.230, NAN, NAN,,2024/04/17 17:10:49.031,2024-04-17 17:10:49.031000+00:00
2024/04/17, 17:11:49.031,36.012,-75.184, 10.63,244.93,244.56,10.71,16.9,16.9,1017.4,1017.3,0.0,0.0,85.1,78.5,342,339,8.5,8.9,98.3,98.6,3.6,4.2,200.0,196.7,1019.5,1019.4,819.48,381.99,2230.39,29.3556,14.0636,488.6,61.9,1497.148, NAN, 34.840, NAN, NAN,,2024/04/17 17:11:49.031,2024-04-17 17:11:49.031000+00:00
2024/04/17, 17:12:49.031,36.011,-75.188, 10.43,244.76,246.56,10.61,16.9,16.9,1017.4,1017.2,0.0,0.0,85.1,78.5,340,336,8.4,8.7,97.6,97.9,3.8,4.4,194.2,189.2,1019.5,1019.3,985.71,383.15,2693.64,29.3603,14.0466,489.7,61.9,1497.098, NAN, 35.780, NAN, NAN,,2024/04/17 17:12:49.031,2024-04-17 17:12:49.031000+00:00
2024/04/17, 17:13:49.031,36.01,-75.191, 10.60,244.45,247.73,10.6,16.9,16.9,1017.3,1017.2,0.0,0.0,85.1,78.5,339,333,8.4,8.5,97.1,97.5,4.2,4.8,189.8,181.2,1019.4,1019.3,958.01,382.71,2636.44,29.3535,14.0124,492.3,62.0,1496.977, NAN, 35.210, NAN, NAN,,2024/04/17 17:13:49.031,2024-04-17 17:13:49.031000+00:00
2024/04/17, 17:14:49.031,36.009,-75.194, 10.62,244.76,248.78,10.73,16.8,16.8,1017.2,1017.3,0.0,0.0,85.1,78.5,338,333,8.3,8.6,96.3,96.7,3.9,4.6,188.4,182.6,1019.3,1019.4,819.01,381.16,2381.32,29.3486,14.0564,492.0,62.0,1497.116, NAN, 34.860, NAN, NAN,,2024/04/17 17:14:49.031,2024-04-17 17:14:49.031000+00:00
2024/04/17, 17:15:49.031,36.008,-75.198, 10.62,243.63,243.67,10.83,16.8,16.8,1017.2,1017.2,0.0,0.0,85.1,78.5,338,333,8.5,8.6,96.2,96.6,4.0,4.5,188.7,181.2,1019.3,1019.3,989.28,382.78,2630.11,29.3233,14.1384,494.0,62.0,1497.357, NAN, 34.410, NAN, NAN,,2024/04/17 17:15:49.031,2024-04-17 17:15:49.031000+00:00
2024/04/17, 17:16:49.031,36.007,-75.201, 10.67,244.93,246.12,10.74,16.8,16.7,1017.2,1017.1,0.0,0.0,85.1,78.5,337,333,8.6,8.8,96.3,96.7,4.2,4.7,189.8,184.6,1019.3,1019.2,997.32,383.85,2739.44,29.3289,14.1416,491.3,62.0,1497.374, NAN, 34.480, NAN, NAN,,2024/04/17 17:16:49.031,2024-04-17 17:16:49.031000+00:00
2024/04/17, 17:17:49.031,36.005,-75.204, 10.63,244.12,243.83,10.64,16.8,16.8,1017.2,1017.2,0.0,0.0,85.1,78.5,336,331,8.9,9.4,96.5,96.9,4.6,5.4,189.6,184.6,1019.3,1019.3,995.74,384.96,2746.96,29.3446,14.1414,490.4,62.0,1497.391, NAN, 33.730, NAN, NAN,,2024/04/17 17:17:49.031,2024-04-17 17:17:49.031000+00:00
2024/04/17, 17:18:49.031,36.004,-75.208, 10.67,244.58,246.58,10.62,16.9,16.8,1017.2,1017.2,0.0,0.0,85.1,78.5,335,330,8.9,9.6,96.9,97.4,4.7,5.8,188.0,184.3,1019.3,1019.3,800.0,383.96,2339.85,29.3482,14.1339,490.0,62.0,1497.371, NAN, 32.440, NAN, NAN,,2024/04/17 17:18:49.031,2024-04-17 17:18:49.031000+00:00
2024/04/17, 17:19:49.031,36.003,-75.211, 10.65,245.04,246.7,10.6,17.0,17.0,1017.1,1017.2,0.0,0.0,85.1,78.5,335,331,9.0,9.4,96.9,97.5,4.8,5.4,189.7,185.8,1019.2,1019.3,885.14,385.49,2503.61,29.3253,14.1692,491.0,62.0,1497.46, NAN, 31.880, NAN, NAN,,2024/04/17 17:19:49.031,2024-04-17 17:19:49.031000+00:00
2024/04/17, 17:20:49.031,36.002,-75.214, 10.64,244.43,243.89,10.61,17.2,17.1,1017.2,1017.1,0.0,0.0,85.1,78.5,337,331,9.1,9.3,96.2,96.9,4.6,5.3,193.5,184.9,1019.3,1019.2,748.87,384.74,2287.49,29.3174,14.1902,491.0,62.0,1497.52, NAN, 31.980, NAN, NAN,,2024/04/17 17:20:49.031,2024-04-17 17:20:49.031000+00:00
2024/04/17, 17:21:49.031,36.001,-75.218, 10.63,244.4,247.32,10.58,17.2,17.2,1017.2,1017.0,0.0,0.0,85.1,78.5,337,332,8.9,9.1,95.2,95.8,4.7,5.2,190.8,184.2,1019.3,1019.1,596.68,384.08,2082.04,29.3143,14.1986,491.0,62.0,1497.544, NAN, 32.060, NAN, NAN,,2024/04/17 17:21:49.031,2024-04-17 17:21:49.031000+00:00
2024/04/17, 17:22:49.031,35.999,-75.221, 10.57,244.73,245.57,10.5,17.2,17.2,1017.2,1017.1,0.0,0.0,85.1,78.5,337,332,8.7,8.9,94.4,95.0,4.3,4.9,191.7,184.8,1019.3,1019.2,579.77,384.37,1831.76,29.3199,14.2123,491.3,62.0,1497.595, NAN, 34.080, NAN, NAN,,2024/04/17 17:22:49.031,2024-04-17 17:22:49.031000+00:00
2024/04/17, 17:23:49.031,35.998,-75.224, 10.57,244.91,247.28,10.55,17.2,17.2,1017.0,1017.1,0.0,0.0,85.1,78.5,337,331,8.7,9.2,94.0,94.5,4.4,5.4,190.5,184.2,1019.1,1019.2,546.72,384.37,1752.06,29.3279,14.2187,491.0,62.1,1497.626, NAN, 35.420, NAN, NAN,,2024/04/17 17:23:49.031,2024-04-17 17:23:49.031000+00:00
2024/04/17, 17:24:49.031,35.997,-75.228, 10.61,243.54,245.66,10.7,17.2,17.2,1017.1,1017.1,0.0,0.0,85.1,78.5,336,331,8.6,9.2,94.0,94.5,4.4,5.3,186.2,182.3,1019.2,1019.2,528.31,384.49,1710.21,29.3365,14.263,491.6,62.1,1497.781, NAN, 35.820, NAN, NAN,,2024/04/17 17:24:49.031,2024-04-17 17:24:49.031000+00:00
2024/04/17, 17:25:49.032,35.996,-75.231, 10.57,244.31,245.81,10.66,17.1,17.1,1017.0,1017.0,0.0,0.0,85.1,78.5,335,330,8.7,9.5,93.8,94.2,4.5,5.6,186.7,183.8,1019.1,1019.1,564.87,385.44,1796.41,29.3428,14.1634,493.1,62.1,1497.462, NAN, 35.400, NAN, NAN,,2024/04/17 17:25:49.032,2024-04-17 17:25:49.032000+00:00
2024/04/17, 17:26:49.032,35.994,-75.234, 10.69,244.09,245.01,10.71,17.1,17.1,1017.0,1017.0,0.0,0.0,85.1,78.5,335,330,8.4,9.2,94.2,94.7,4.2,5.3,184.2,181.8,1019.1,1019.1,581.13,385.23,1818.7,29.3503,14.1653,493.7,62.0,1497.477, NAN, 35.340, NAN, NAN,,2024/04/17 17:26:49.032,2024-04-17 17:26:49.032000+00:00
2024/04/17, 17:27:49.032,35.993,-75.238, 10.68,243.8,247.89,10.76,17.1,17.1,1016.9,1017.0,0.0,0.0,85.1,78.5,334,330,8.4,9.4,94.2,94.7,4.4,5.6,181.2,181.8,1019.0,1019.1,544.16,385.27,1747.62,29.3216,14.2281,497.4,62.1,1497.649, NAN, 35.140, NAN, NAN,,2024/04/17 17:27:49.032,2024-04-17 17:27:49.032000+00:00
2024/04/17, 17:28:49.032,35.992,-75.241, 10.70,244.68,245.42,10.77,17.1,17.1,1017.0,1016.9,0.0,0.0,85.1,78.5,336,330,8.7,9.4,94.3,94.6,4.3,5.4,188.4,183.3,1019.1,1019.0,591.77,385.8,1841.06,29.287,14.1895,500.4,62.1,1497.482, NAN, 35.650, NAN, NAN,,2024/04/17 17:28:49.032,2024-04-17 17:28:49.032000+00:00
2024/04/17, 17:29:49.032,35.991,-75.244, 3.66,244.52,246.06,10.76,17.1,17.1,1017.0,1016.9,0.0,0.0,85.1,78.5,337,332,8.8,9.0,94.4,94.6,4.3,4.9,191.2,184.2,1019.1,1019.0,689.29,386.72,2065.34,29.2823,14.1849,500.1,62.1,1497.461, NAN, 38.510, NAN, NAN,,2024/04/17 17:29:49.032,2024-04-17 17:29:49.032000+00:00
2024/04/17, 17:30:49.032,35.99,-75.248, 9.37,244.73,246.19,10.81,17.1,17.1,1017.0,1017.0,0.0,0.0,85.1,78.5,337,332,9.1,9.4,94.5,94.9,4.6,5.3,192.4,186.0,1019.1,1019.1,633.98,387.12,1937.65,29.2494,14.1423,500.4,62.1,1497.283, NAN, 35.250, NAN, NAN,,2024/04/17 17:30:49.032,2024-04-17 17:30:49.032000+00:00
2024/04/17, 17:31:49.032,35.988,-75.251, 10.72,245.08,244.94,10.78,17.1,17.1,1017.0,1016.9,0.0,0.0,85.1,78.5,337,332,9.3,9.5,95.2,95.4,4.7,5.3,194.8,187.6,1019.1,1019.0,542.68,387.14,1736.0,29.2207,14.0896,502.8,62.0,1497.076, NAN, 31.210, NAN, NAN,,2024/04/17 17:31:49.032,2024-04-17 17:31:49.032000+00:00
2024/04/17, 17:32:49.032,35.987,-75.254, 10.72,245.12,246.04,10.72,17.1,17.1,1016.9,1016.9,0.0,0.0,85.1,78.5,337,332,9.4,9.8,95.2,95.7,4.8,5.6,195.6,189.4,1019.0,1019.0,483.9,386.91,1605.94,29.2155,14.1301,502.0,62.1,1497.203, NAN, 30.340, NAN, NAN,,2024/04/17 17:32:49.032,2024-04-17 17:32:49.032000+00:00
2024/04/17, 17:33:49.032,35.986,-75.258, 10.77,244.44,247.44,10.85,17.2,17.2,1016.9,1016.9,0.0,0.0,85.1,78.5,336,333,9.6,9.6,95.4,95.6,5.2,5.4,192.4,187.7,1019.0,1019.0,399.94,387.32,1428.05,29.2084,14.1463,502.8,61.8,1497.248, NAN, 32.040, NAN, NAN,,2024/04/17 17:33:49.032,2024-04-17 17:33:49.032000+00:00
2024/04/17, 17:34:49.032,35.985,-75.261, 10.78,244.73,242.03,10.86,17.2,17.2,1017.0,1016.8,0.0,0.0,85.1,78.5,337,331,9.3,10.1,95.8,95.9,4.7,5.9,194.1,188.3,1019.1,1018.9,378.22,387.46,1378.31,29.2165,14.0869,504.1,61.5,1497.062, NAN, 31.530, NAN, NAN,,2024/04/17 17:34:49.032,2024-04-17 17:34:49.032000+00:00
2024/04/17, 17:35:49.032,35.983,-75.264, 10.79,244.59,247.79,10.74,17.3,17.2,1016.9,1016.9,0.0,0.0,85.1,78.5,337,331,9.1,9.7,95.7,96.0,4.8,5.8,191.5,185.5,1019.0,1019.0,367.03,386.94,1348.7,29.24,14.1266,501.7,61.3,1497.22, NAN, 31.590, NAN, NAN,,2024/04/17 17:35:49.032,2024-04-17 17:35:49.032000+00:00
2024/04/17, 17:36:49.032,35.982,-75.268, 10.80,244.2,246.59,10.78,17.3,17.3,1016.9,1016.9,0.0,0.0,85.1,78.5,338,332,8.9,9.3,95.0,95.3,4.5,5.3,191.8,184.6,1019.0,1019.0,365.64,386.61,1342.13,29.2382,14.1527,505.9,61.5,1497.304, NAN, 29.450, NAN, NAN,,2024/04/17 17:36:49.032,2024-04-17 17:36:49.032000+00:00
2024/04/17, 17:37:49.032,35.981,-75.271, 10.77,243.41,245.68,10.67,17.2,17.3,1016.9,1016.8,0.0,0.0,85.1,78.5,340,334,9.1,9.1,94.4,95.2,4.5,5.0,196.1,186.1,1019.0,1018.9,366.92,387.15,1343.06,29.2298,14.2472,507.8,61.5,1497.604, NAN, 28.480, NAN, NAN,,2024/04/17 17:37:49.032,2024-04-17 17:37:49.032000+00:00
2024/04/17, 17:38:49.032,35.98,-75.274, 10.79,244.28,244.95,10.93,17.1,17.1,1016.9,1016.9,0.0,0.0,85.1,78.5,340,335,9.2,9.7,94.7,94.8,4.4,5.2,198.2,192.1,1019.0,1019.0,373.36,387.44,1355.72,29.2375,14.2679,508.8,61.7,1497.681, NAN, 28.610, NAN, NAN,,2024/04/17 17:38:49.032,2024-04-17 17:38:49.032000+00:00
2024/04/17, 17:39:49.032,35.978,-75.278, 10.80,244.76,244.22,10.83,17.1,17.1,1016.9,1016.9,0.0,0.0,85.1,78.5,341,335,8.8,9.2,95.7,95.8,4.0,4.8,198.4,190.1,1019.0,1019.0,390.59,387.02,1393.61,29.2608,14.2226,509.2,61.8,1497.56, NAN, 29.440, NAN, NAN,,2024/04/17 17:39:49.032,2024-04-17 17:39:49.032000+00:00
2024/04/17, 17:40:49.032,35.977,-75.281, 10.77,244.62,245.04,10.62,17.1,17.1,1017.0,1016.9,0.0,0.0,85.1,78.5,343,337,8.7,9.2,95.3,95.7,3.8,4.7,202.8,194.4,1019.1,1019.0,405.87,386.85,1427.73,29.277,14.2388,508.9,61.1,1497.632, NAN, 30.370, NAN, NAN,,2024/04/17 17:40:49.032,2024-04-17 17:40:49.032000+00:00
2024/04/17, 17:41:49.033,35.976,-75.284, 10.71,244.05,245.42,10.75,17.1,17.1,1016.9,1017.0,0.0,0.0,85.1,78.5,343,339,8.7,9.0,95.2,95.4,3.8,4.4,201.0,195.2,1019.0,1019.1,442.43,387.21,1521.25,29.223,14.2145,510.2,61.5,1497.489, NAN, 30.540, NAN, NAN,,2024/04/17 17:41:49.033,2024-04-17 17:41:49.033000+00:00
2024/04/17, 17:42:49.033,35.975,-75.288, 10.72,245.58,245.8,10.54,17.0,17.0,1016.9,1016.9,0.0,0.0,85.1,78.5,343,337,8.9,9.0,95.3,95.4,4.1,4.6,205.3,194.6,1019.0,1019.0,553.37,388.12,1748.77,29.2081,14.1789,510.8,61.6,1497.355, NAN, 28.410, NAN, NAN,,2024/04/17 17:42:49.033,2024-04-17 17:42:49.033000+00:00
2024/04/17, 17:43:49.033,35.974,-75.291, 10.71,244.37,248.69,10.71,17.0,17.0,1016.9,1016.9,0.0,0.0,85.1,78.5,340,335,8.8,9.1,95.3,95.6,4.3,4.9,194.8,188.3,1019.0,1019.0,542.43,387.62,1730.21,29.214,14.3217,509.9,61.5,1497.83, NAN, 28.220, NAN, NAN,,2024/04/17 17:43:49.033,2024-04-17 17:43:49.033000+00:00
2024/04/17, 17:44:49.033,35.972,-75.295, 10.79,245.02,245.61,10.72,17.0,17.0,1016.9,1016.8,0.0,0.0,85.1,78.5,340,334,8.6,8.7,95.7,95.9,3.9,4.4,196.4,186.4,1019.0,1018.9,544.36,387.26,1755.76,29.2078,14.2158,511.5,61.6,1497.476, NAN, 25.410, NAN, NAN,,2024/04/17 17:44:49.033,2024-04-17 17:44:49.033000+00:00
2024/04/17, 17:45:49.033,35.971,-75.298, 10.84,245.24,247.34,10.69,17.0,17.0,1016.8,1016.8,0.0,0.0,85.1,78.5,339,334,9.1,9.0,95.1,95.2,4.6,4.9,196.2,187.3,1018.9,1018.9,645.62,388.7,1968.32,29.2122,14.1204,508.9,61.7,1497.168, NAN, 26.790, NAN, NAN,,2024/04/17 17:45:49.033,2024-04-17 17:45:49.033000+00:00
2024/04/17, 17:46:49.033,35.97,-75.301, 10.85,244.35,245.61,10.82,17.0,17.0,1016.8,1016.8,0.0,0.0,85.1,78.5,340,334,9.5,9.7,96.2,96.3,4.7,5.3,199.9,190.6,1018.9,1018.9,651.51,388.96,1986.01,29.1885,14.0893,508.9,61.5,1497.037, NAN, 31.190, NAN, NAN,,2024/04/17 17:46:49.033,2024-04-17 17:46:49.033000+00:00
2024/04/17, 17:47:49.033,35.969,-75.305, 10.86,244.34,246.68,10.81,17.2,17.2,1016.8,1016.7,0.0,0.0,85.1,78.5,341,336,9.8,9.9,97.1,97.3,5.0,5.5,201.8,193.8,1018.9,1018.8,765.57,390.05,2226.1,29.1107,14.0506,507.8,61.5,1496.819, NAN, 30.660, NAN, NAN,,2024/04/17 17:47:49.033,2024-04-17 17:47:49.033000+00:00
2024/04/17, 17:48:49.033,35.967,-75.308, 10.79,240.14,243.41,10.85,17.3,17.3,1016.8,1016.8,0.0,0.0,85.1,78.5,343,338,9.8,10.3,97.4,97.3,4.9,5.7,201.5,194.8,1018.9,1018.9,815.56,389.41,2316.84,29.0163,14.0134,505.9,61.6,1496.586, NAN, 28.380, NAN, NAN,,2024/04/17 17:48:49.033,2024-04-17 17:48:49.033000+00:00
2024/04/17, 17:49:49.033,35.966,-75.311, 10.85,239.81,241.57,10.78,17.5,17.5,1016.9,1016.8,0.0,0.0,85.1,78.5,343,339,9.8,10.0,97.1,97.5,4.8,5.3,202.4,195.9,1019.0,1018.9,898.37,388.97,2490.02,28.9377,14.0753,507.5,61.6,1496.698, NAN, 27.430, NAN, NAN,,2024/04/17 17:49:49.033,2024-04-17 17:49:49.033000+00:00
2024/04/17, 17:50:49.033,35.964,-75.314, 10.85,240.41,241.74,10.83,17.6,17.6,1016.8,1016.8,0.0,0.0,85.1,78.5,343,338,9.6,10.0,96.0,96.2,4.6,5.3,202.5,195.0,1018.9,1018.9,870.13,386.49,2415.24,28.9004,14.0767,504.8,61.7,1496.659, NAN, 26.330, NAN, NAN,,2024/04/17 17:50:49.033,2024-04-17 17:50:49.033000+00:00
2024/04/17, 17:51:49.033,35.963,-75.317, 9.83,239.73,240.21,9.16,17.6,17.6,1016.8,1016.8,0.0,0.0,85.1,78.5,342,338,9.1,9.8,94.7,96.2,4.9,5.8,203.3,199.0,1018.9,1018.9,921.54,385.79,2524.31,28.86,13.9838,505.1,61.6,1496.305, NAN, 27.010, NAN, NAN,,2024/04/17 17:51:49.033,2024-04-17 17:51:49.033000+00:00
2024/04/17, 17:52:49.033,35.962,-75.32, 6.32,237.32,237.36,5.94,17.6,17.6,1016.8,1016.8,0.0,0.0,85.1,78.5,337,332,8.0,8.4,94.6,94.9,5.3,5.9,201.3,195.1,1018.9,1018.9,949.2,386.04,2569.03,28.8445,13.9694,504.8,62.0,1496.239, NAN, 28.150, NAN, NAN,,2024/04/17 17:52:49.033,2024-04-17 17:52:49.033000+00:00
2024/04/17, 17:53:49.033,35.961,-75.321, 4.34,228.35,231.5,4.15,17.6,17.6,1016.8,1016.8,0.0,0.0,85.1,78.5,340,333,7.1,7.5,95.0,95.2,5.2,5.7,199.6,191.0,1018.9,1018.9,975.48,384.85,2627.85,28.8501,14.0222,501.7,62.0,1496.42, NAN, 28.510, NAN, NAN,,2024/04/17 17:53:49.033,2024-04-17 17:53:49.033000+00:00
2024/04/17, 17:54:49.033,35.96,-75.322, 3.21,245.16,235.08,3.28,17.7,17.7,1016.8,1016.8,0.0,0.0,85.1,78.5,325,328,6.3,7.7,94.7,95.1,5.0,6.3,199.5,205.5,1018.9,1018.9,1035.82,384.25,2753.61,28.8582,14.0886,503.5,62.0,1496.649, NAN, 29.000, NAN, NAN,,2024/04/17 17:54:49.033,2024-04-17 17:54:49.033000+00:00
2024/04/17, 17:55:49.033,35.96,-75.323, 2.84,248.87,241.58,2.67,17.7,17.7,1016.9,1016.7,0.0,0.0,85.1,78.5,316,317,6.2,7.8,94.0,94.5,5.3,6.8,194.8,198.3,1019.0,1018.8,993.72,383.17,2685.48,28.853,14.1302,502.0,62.0,1496.78, NAN, 29.910, NAN, NAN,,2024/04/17 17:55:49.033,2024-04-17 17:55:49.033000+00:00
2024/04/17, 17:56:49.033,35.96,-75.324, 2.50,240.53,240.77,2.32,17.7,17.7,1016.8,1016.8,0.0,0.0,85.1,78.5,319,315,6.1,7.4,94.1,94.5,5.4,6.7,190.1,187.6,1018.9,1018.9,1004.69,382.54,2692.65,28.846,14.1291,499.2,61.9,1496.768, NAN, 30.770, NAN, NAN,,2024/04/17 17:56:49.033,2024-04-17 17:56:49.033000+00:00
2024/04/17, 17:57:49.034,35.959,-75.324, 2.04,218.77,239.4,2.03,17.7,17.7,1016.8,1016.7,0.0,0.0,85.1,78.5,337,327,6.0,7.1,94.1,94.5,5.3,6.5,188.2,178.5,1018.9,1018.8,973.73,382.13,2691.78,28.8477,14.1416,500.1,61.8,1496.811, NAN, 31.840, NAN, NAN,,2024/04/17 17:57:49.034,2024-04-17 17:57:49.034000+00:00
2024/04/17, 17:58:49.034,35.959,-75.325, 1.58,205.61,221.36,1.53,17.8,17.8,1016.8,1016.6,0.0,0.0,85.1,78.5,351,344,5.8,6.0,93.7,94.0,5.0,5.3,194.5,186.6,1018.9,1018.7,1022.63,382.72,2803.74,28.8585,14.1712,499.5,61.8,1496.921, NAN, 31.890, NAN, NAN,,2024/04/17 17:58:49.034,2024-04-17 17:58:49.034000+00:00
2024/04/17, 17:59:49.034,35.959,-75.325, -0.29,202.98,301.83,0.54,17.8,17.8,1016.6,1016.6,0.0,0.0,85.1,78.5,355,349,5.2,5.3,93.4,93.7,5.3,5.4,195.2,189.4,1018.7,1018.7,857.74,381.05,2447.37,28.8706,14.2243,498.7,61.9,1497.11, NAN, 32.980, NAN, NAN,,2024/04/17 17:59:49.034,2024-04-17 17:59:49.034000+00:00
2024/04/17, 18:00:49.034,35.959,-75.325, 0.16,202.44,134.6,0.15,17.8,17.8,1016.8,1016.8,0.0,0.0,85.1,78.5,355,349,5.3,5.4,93.2,93.6,5.3,5.4,198.2,192.1,1018.9,1018.9,887.76,381.54,2514.37,28.8868,14.2922,499.0,61.8,1497.351, NAN, 32.120, NAN, NAN,,2024/04/17 18:00:49.034,2024-04-17 18:00:49.034000+00:00
2024/04/17, 18:01:49.034,35.959,-75.325, -0.07,195.54,324.59,0.11,17.9,17.9,1016.8,1016.8,0.0,0.0,85.1,78.5,2,357,5.2,5.2,93.0,93.4,5.2,5.2,197.2,192.2,1018.9,1018.9,836.5,380.53,2358.74,28.8959,14.2729,499.8,61.8,1497.299, NAN, 32.290, NAN, NAN,,2024/04/17 18:01:49.034,2024-04-17 18:01:49.034000+00:00
2024/04/17, 18:02:49.034,35.959,-75.325, -0.01,194.82,32.57,0.17,17.9,17.9,1016.8,1016.8,0.0,0.0,85.1,78.5,4,358,5.3,5.3,92.4,92.9,5.3,5.3,199.8,193.8,1018.9,1018.9,982.33,382.19,2679.11,28.9797,14.1828,505.4,61.6,1497.101, NAN, 32.140, NAN, NAN,,2024/04/17 18:02:49.034,2024-04-17 18:02:49.034000+00:00
2024/04/17, 18:03:49.034,35.959,-75.325, -0.03,194.63,300.69,0.43,17.9,17.9,1016.9,1016.8,0.0,0.0,85.1,78.5,5,358,5.4,5.0,92.3,92.7,5.4,5.1,197.3,190.2,1019.0,1018.9,564.25,378.23,1839.09,29.0606,14.0474,509.6,61.5,1496.75, NAN, 32.040, NAN, NAN,,2024/04/17 18:03:49.034,2024-04-17 18:03:49.034000+00:00
2024/04/17, 18:04:49.034,35.959,-75.325, -0.02,195.1,263.0,0.4,17.8,17.8,1016.9,1016.8,0.0,0.0,85.1,78.5,3,359,5.4,5.5,91.7,91.9,5.3,5.4,196.1,192.0,1019.0,1018.9,718.64,380.29,2119.41,29.3156,13.9285,518.2,61.4,1496.656, NAN, 31.980, NAN, NAN,,2024/04/17 18:04:49.034,2024-04-17 18:04:49.034000+00:00
2024/04/17, 18:05:49.034,35.959,-75.325, 0.00,195.17,286.3,0.29,17.8,17.8,1016.8,1016.7,0.0,0.0,85.1,78.5,3,358,5.6,5.5,92.4,92.7,5.6,5.5,196.7,191.7,1018.9,1018.8,581.6,380.46,1841.45,29.5401,13.8925,525.2,61.5,1496.8, NAN, 31.950, NAN, NAN,,2024/04/17 18:05:49.034,2024-04-17 18:05:49.034000+00:00
2024/04/17, 18:06:49.034,35.959,-75.325, -0.01,194.83,327.3,0.28,17.9,17.8,1016.8,1016.8,0.0,0.0,85.1,78.5,3,358,5.5,5.5,92.5,92.8,5.5,5.5,196.3,191.4,1018.9,1018.9,460.14,379.29,1600.62,29.6859,13.9157,532.4,61.4,1497.047, NAN, 32.150, NAN, NAN,,2024/04/17 18:06:49.034,2024-04-17 18:06:49.034000+00:00
2024/04/17, 18:07:49.034,35.959,-75.325, 0.00,194.39,351.5,0.02,17.9,17.9,1016.8,1016.6,0.0,0.0,85.1,78.5,1,355,5.5,5.4,92.2,92.6,5.5,5.4,195.4,189.4,1018.9,1018.7,757.09,382.63,2187.64,29.6664,13.9993,531.0,61.4,1497.3, NAN, 32.060, NAN, NAN,,2024/04/17 18:07:49.034,2024-04-17 18:07:49.034000+00:00
2024/04/17, 18:08:49.034,35.959,-75.325, -0.01,194.75,157.38,0.09,17.9,17.9,1016.7,1016.7,0.0,0.0,85.1,78.5,0,354,5.6,5.6,91.4,91.6,5.6,5.6,194.3,188.3,1018.8,1018.8,781.45,383.58,2298.55,29.7275,14.0737,535.0,61.3,1497.617, NAN, 31.990, NAN, NAN,,2024/04/17 18:08:49.034,2024-04-17 18:08:49.034000+00:00
2024/04/17, 18:09:49.034,35.959,-75.325, 0.02,194.83,41.06,0.31,17.9,17.9,1016.7,1016.6,0.0,0.0,85.1,78.5,359,354,5.5,5.5,91.4,91.8,5.5,5.5,195.5,190.5,1018.8,1018.7,790.37,384.27,2320.45,29.8318,14.1466,539.5,61.4,1497.978, NAN, 32.040, NAN, NAN,,2024/04/17 18:09:49.034,2024-04-17 18:09:49.034000+00:00
2024/04/17, 18:10:49.034,35.959,-75.325, -0.01,194.46,104.41,0.11,17.9,17.9,1016.7,1016.6,0.0,0.0,85.1,78.5,0,355,5.7,5.6,91.0,91.3,5.7,5.6,193.9,188.9,1018.8,1018.7,513.43,383.0,1692.86,29.858,14.2013,540.4,61.3,1498.188, NAN, 32.110, NAN, NAN,,2024/04/17 18:10:49.034,2024-04-17 18:10:49.034000+00:00
2024/04/17, 18:11:49.034,35.959,-75.325, -0.01,194.26,138.78,0.2,17.9,17.9,1016.6,1016.6,0.0,0.0,85.1,78.5,1,356,5.6,5.4,91.3,91.4,5.6,5.3,196.2,191.2,1018.7,1018.7,611.36,384.41,1933.32,29.627,14.2319,530.7,61.5,1498.018, NAN, 32.050, NAN, NAN,,2024/04/17 18:11:49.034,2024-04-17 18:11:49.034000+00:00
2024/04/17, 18:12:49.034,35.959,-75.325, 0.01,195.08,86.37,0.3,17.9,17.9,1016.6,1016.5,0.0,0.0,85.1,78.5,358,353,5.5,5.3,91.2,91.4,5.5,5.3,194.7,189.7,1018.7,1018.6,627.6,384.98,2032.93,29.6638,14.2351,535.2,61.6,1498.072, NAN, 32.070, NAN, NAN,,2024/04/17 18:12:49.034,2024-04-17 18:12:49.034000+00:00
2024/04/17, 18:13:49.035,35.959,-75.325, 0.01,194.41,342.52,0.25,17.9,17.9,1016.6,1016.6,0.0,0.0,85.1,78.5,358,352,5.6,5.3,90.9,91.2,5.7,5.4,191.2,185.2,1018.7,1018.7,639.16,385.15,1948.49,29.7926,14.2414,539.8,61.5,1498.243, NAN, 32.120, NAN, NAN,,2024/04/17 18:13:49.035,2024-04-17 18:13:49.035000+00:00
2024/04/17, 18:14:49.035,35.959,-75.325, NAN,194.88,114.39,0.17,17.9,17.9,1016.7,1016.6,0.0,0.0,85.1,78.5,0,353,5.7,5.7,90.8,91.1,5.7,5.7,194.0,187.0,1018.8,1018.7,471.1,384.82,1600.33,29.8332,14.2379,540.8,61.6,1498.279, NAN, 32.040, NAN, NAN,,2024/04/17 18:14:49.035,2024-04-17 18:14:49.035000+00:00
2024/04/17, 18:15:49.035,35.959,-75.325, NAN,195.72,296.53,0.12,18.0,18.0,1016.6,1016.5,0.0,0.0,85.1,78.5,357,352,5.3,5.4,91.4,91.6,5.3,5.4,192.1,187.2,1018.7,1018.6,450.72,383.84,1543.88,29.8152,14.2358,541.4,61.6,1498.251, NAN, 32.020, NAN, NAN,,2024/04/17 18:15:49.035,2024-04-17 18:15:49.035000+00:00
2024/04/17, 18:16:49.035,35.959,-75.325, NAN,195.01,75.99,0.15,18.0,18.0,1016.6,1016.5,0.0,0.0,85.1,78.5,353,348,5.3,5.1,90.9,91.1,5.3,5.1,188.8,183.9,1018.7,1018.6,489.96,383.35,1634.07,29.7498,14.2426,542.2,61.5,1498.197, NAN, 31.960, NAN, NAN,,2024/04/17 18:16:49.035,2024-04-17 18:16:49.035000+00:00
2024/04/17, 18:17:49.035,35.959,-75.325, NAN,187.57,262.68,0.05,18.0,18.0,1016.5,1016.6,0.0,0.0,85.1,78.5,359,350,5.5,5.4,89.3,89.5,5.5,5.4,186.6,177.6,1018.6,1018.7,495.82,384.36,1615.32,29.7289,14.2539,539.8,61.5,1498.21, NAN, 31.900, NAN, NAN,,2024/04/17 18:17:49.035,2024-04-17 18:17:49.035000+00:00
2024/04/17, 18:18:49.035,35.959,-75.325, NAN,152.74,198.21,0.13,17.9,17.9,1016.5,1016.5,0.0,0.0,85.1,78.5,31,16,5.4,5.5,90.0,89.9,5.4,5.6,183.2,168.3,1018.6,1018.6,511.48,385.0,1654.7,29.7589,14.1215,540.1,61.6,1497.811, NAN, 32.160, NAN, NAN,,2024/04/17 18:18:49.035,2024-04-17 18:18:49.035000+00:00
2024/04/17, 18:19:49.035,35.959,-75.325, NAN,109.35,151.96,0.19,17.9,17.9,1016.5,1016.4,0.0,0.0,85.1,78.5,74,60,5.5,5.7,90.4,90.6,5.4,5.6,182.9,168.7,1018.6,1018.5,447.8,386.05,1516.75,29.6984,13.934,536.4,61.6,1497.123, NAN, 32.060, NAN, NAN,,2024/04/17 18:19:49.035,2024-04-17 18:19:49.035000+00:00
2024/04/17, 18:20:49.035,35.959,-75.325, NAN,88.1,330.49,0.06,17.9,17.9,1016.4,1016.3,0.0,0.0,85.1,78.5,100,97,5.6,5.3,90.4,90.5,5.6,5.3,187.8,184.8,1018.5,1018.4,446.44,385.12,1518.8,29.3764,13.7595,524.6,61.5,1496.168, NAN, 31.930, NAN, NAN,,2024/04/17 18:20:49.035,2024-04-17 18:20:49.035000+00:00
2024/04/17, 18:21:49.035,35.959,-75.325, NAN,87.67,108.89,0.72,17.8,17.8,1016.3,1016.5,0.0,0.0,85.1,78.5,101,102,5.6,5.5,89.1,89.2,5.6,5.5,192.5,193.5,1018.4,1018.6,465.05,387.35,1561.55,29.2392,13.5946,518.5,61.9,1495.458, NAN, 31.900, NAN, NAN,,2024/04/17 18:21:49.035,2024-04-17 18:21:49.035000+00:00
2024/04/17, 18:22:49.035,35.959,-75.324, NAN,90.08,90.1,3.41,17.7,17.8,1016.4,1016.3,0.0,0.0,85.1,78.5,81,86,5.8,5.4,90.5,89.3,5.8,5.5,188.5,194.5,1018.5,1018.4,520.05,388.85,1691.5,29.1173,13.5465,510.8,61.8,1495.154, NAN, 30.950, NAN, NAN,,2024/04/17 18:22:49.035,2024-04-17 18:22:49.035000+00:00
2024/04/17, 18:23:49.035,35.959,-75.323, NAN,87.82,98.23,4.91,17.7,17.7,1016.3,1016.5,0.0,0.0,85.1,78.5,69,68,6.0,5.7,90.6,90.6,5.3,5.0,181.7,182.1,1018.4,1018.6,645.91,388.69,1995.85,29.1144,13.7336,518.5,61.8,1495.774, NAN, 29.060, NAN, NAN,,2024/04/17 18:23:49.035,2024-04-17 18:23:49.035000+00:00
2024/04/17, 18:24:49.035,35.959,-75.321, NAN,87.19,88.26,5.0,17.6,17.6,1016.3,1016.3,0.0,0.0,85.1,78.5,72,71,6.2,6.1,90.0,90.1,5.9,5.7,183.6,183.0,1018.4,1018.4,631.4,389.95,1962.68,29.5511,13.8608,541.9,61.8,1496.708, NAN, 28.430, NAN, NAN,,2024/04/17 18:24:49.035,2024-04-17 18:24:49.035000+00:00
2024/04/17, 18:25:49.035,35.959,-75.319, NAN,87.26,89.22,4.31,17.5,17.5,1016.3,1016.3,0.0,0.0,85.1,78.5,77,76,5.9,5.5,90.8,90.9,5.7,5.3,186.1,186.8,1018.4,1018.4,646.67,392.27,1987.65,29.4051,13.9899,531.0,61.9,1496.963, NAN, 27.860, NAN, NAN,,2024/04/17 18:25:49.035,2024-04-17 18:25:49.035000+00:00
2024/04/17, 18:26:49.035,35.959,-75.318, NAN,86.57,91.37,4.47,17.6,17.6,1016.4,1016.3,0.0,0.0,85.1,78.5,73,76,5.7,5.4,91.6,91.7,5.3,5.2,183.3,187.6,1018.5,1018.4,663.71,392.31,2031.3,29.1998,14.0914,524.9,61.9,1497.058, NAN, 27.450, NAN, NAN,,2024/04/17 18:26:49.035,2024-04-17 18:26:49.035000+00:00
2024/04/17, 18:27:49.035,35.959,-75.316, NAN,89.45,89.03,4.34,17.7,17.7,1016.3,1016.2,0.0,0.0,85.1,78.5,75,75,6.3,5.9,90.9,91.1,6.0,5.7,185.1,186.6,1018.4,1018.3,538.17,392.26,1860.16,29.082,14.1619,520.9,61.9,1497.152, NAN, 27.240, NAN, NAN,,2024/04/17 18:27:49.035,2024-04-17 18:27:49.035000+00:00
2024/04/17, 18:28:49.036,35.959,-75.315, NAN,90.29,90.23,4.42,17.6,17.7,1016.3,1016.2,0.0,0.0,85.1,78.5,77,77,6.2,6.1,90.5,90.5,6.1,6.0,188.5,188.9,1018.4,1018.3,524.95,392.77,1734.67,29.0115,14.1593,520.9,62.0,1497.061, NAN, 27.190, NAN, NAN,,2024/04/17 18:28:49.036,2024-04-17 18:28:49.036000+00:00
2024/04/17, 18:29:49.036,35.959,-75.313, NAN,87.83,92.83,4.68,17.7,17.7,1016.3,1016.3,0.0,0.0,85.1,78.5,76,77,6.0,5.9,91.0,90.9,5.8,5.8,187.2,188.6,1018.4,1018.4,444.76,392.23,1566.08,28.9821,14.144,519.3,62.1,1496.976, NAN, 27.170, NAN, NAN,,2024/04/17 18:29:49.036,2024-04-17 18:29:49.036000+00:00
2024/04/17, 18:30:49.036,35.959,-75.312, NAN,88.28,91.49,4.66,17.8,17.8,1016.2,1016.2,0.0,0.0,85.1,78.5,75,75,6.0,5.8,90.6,90.7,5.7,5.6,186.7,187.5,1018.3,1018.3,414.08,391.97,1493.29,28.9509,14.2115,519.0,62.1,1497.161, NAN, 27.130, NAN, NAN,,2024/04/17 18:30:49.036,2024-04-17 18:30:49.036000+00:00
2024/04/17, 18:31:49.036,35.959,-75.31, NAN,87.64,90.78,4.38,17.8,17.8,1016.2,1016.3,0.0,0.0,85.1,78.5,75,75,6.0,5.7,90.0,90.1,5.7,5.4,184.6,185.8,1018.3,1018.4,400.94,391.71,1463.16,28.9321,14.233,516.6,62.0,1497.21, NAN, 28.090, NAN, NAN,,2024/04/17 18:31:49.036,2024-04-17 18:31:49.036000+00:00
2024/04/17, 18:32:49.036,35.959,-75.309, NAN,88.06,86.97,4.64,17.7,17.8,1016.3,1016.2,0.0,0.0,85.1,78.5,76,76,5.8,5.8,89.7,89.7,5.7,5.7,187.9,187.9,1018.4,1018.3,394.4,392.29,1449.75,28.9111,14.2681,518.5,62.0,1497.301, NAN, 30.560, NAN, NAN,,2024/04/17 18:32:49.036,2024-04-17 18:32:49.036000+00:00
2024/04/17, 18:33:49.036,35.959,-75.307, NAN,88.68,93.39,4.61,17.7,17.7,1016.2,1016.3,0.0,0.0,85.1,78.5,75,76,5.8,5.7,90.1,90.2,5.6,5.5,187.6,189.0,1018.3,1018.4,390.66,391.99,1448.68,28.9111,14.298,519.6,62.0,1497.399, NAN, 31.450, NAN, NAN,,2024/04/17 18:33:49.036,2024-04-17 18:33:49.036000+00:00
2024/04/17, 18:34:49.036,35.959,-75.305, NAN,87.9,90.78,4.81,17.6,17.7,1016.3,1016.3,0.0,0.0,85.1,78.5,77,76,5.7,5.6,90.0,90.0,5.6,5.5,190.1,189.7,1018.4,1018.4,390.63,392.1,1453.1,28.9081,14.2993,521.9,62.2,1497.4, NAN, 29.810, NAN, NAN,,2024/04/17 18:34:49.036,2024-04-17 18:34:49.036000+00:00
2024/04/17, 18:35:49.036,35.959,-75.304, NAN,87.46,91.26,4.97,17.5,17.6,1016.3,1016.2,0.0,0.0,85.1,78.5,78,78,5.7,5.6,90.1,90.1,5.6,5.5,191.5,192.0,1018.4,1018.3,398.82,392.24,1477.69,28.9144,14.334,522.4,62.1,1497.521, NAN, 28.580, NAN, NAN,,2024/04/17 18:35:49.036,2024-04-17 18:35:49.036000+00:00
2024/04/17, 18:36:49.036,35.959,-75.302, NAN,88.0,87.86,4.89,17.5,17.6,1016.2,1016.2,0.0,0.0,85.1,78.5,75,76,5.8,5.7,90.2,90.1,5.7,5.6,188.3,189.6,1018.3,1018.3,413.37,392.69,1514.02,28.9494,14.324,524.9,62.1,1497.529, NAN, 29.030, NAN, NAN,,2024/04/17 18:36:49.036,2024-04-17 18:36:49.036000+00:00
2024/04/17, 18:37:49.036,35.959,-75.301, NAN,87.77,85.91,4.78,17.5,17.6,1016.2,1016.2,0.0,0.0,85.1,78.5,73,72,5.9,5.9,90.5,90.4,5.7,5.7,185.1,184.2,1018.3,1018.3,446.83,391.3,1607.4,28.9934,14.3224,524.3,61.9,1497.575, NAN, 27.270, NAN, NAN,,2024/04/17 18:37:49.036,2024-04-17 18:37:49.036000+00:00
2024/04/17, 18:38:49.036,35.959,-75.299, NAN,87.9,91.57,4.74,17.5,17.6,1016.2,1016.1,0.0,0.0,85.1,78.5,72,72,6.2,6.0,90.3,90.4,5.8,5.6,183.0,183.8,1018.3,1018.2,481.01,390.65,1693.14,29.0343,14.3036,522.7,62.0,1497.561, NAN, 25.690, NAN, NAN,,2024/04/17 18:38:49.036,2024-04-17 18:38:49.036000+00:00
2024/04/17, 18:39:49.036,35.959,-75.297, NAN,87.98,85.85,4.84,17.5,17.5,1016.1,1016.2,0.0,0.0,85.1,78.5,72,75,6.0,6.0,90.3,90.3,5.8,5.9,184.3,187.1,1018.2,1018.3,462.14,391.15,1638.04,29.1059,14.3002,520.6,62.2,1497.633, NAN, 25.360, NAN, NAN,,2024/04/17 18:39:49.036,2024-04-17 18:39:49.036000+00:00
2024/04/17, 18:40:49.036,35.959,-75.296, NAN,88.17,89.25,4.63,17.5,17.5,1016.1,1016.0,0.0,0.0,85.1,78.5,71,71,6.1,5.8,91.3,91.3,5.8,5.5,182.1,183.3,1018.2,1018.1,541.19,389.54,1840.95,29.1561,14.3851,519.0,62.1,1497.97, NAN, 26.310, NAN, NAN,,2024/04/17 18:40:49.036,2024-04-17 18:40:49.036000+00:00
2024/04/17, 18:41:49.036,35.959,-75.294, NAN,88.42,88.42,4.56,17.5,17.6,1016.1,1016.1,0.0,0.0,85.1,78.5,72,74,5.9,5.7,90.6,90.5,5.6,5.5,183.7,186.5,1018.2,1018.2,888.45,392.25,2519.28,29.1902,14.5625,518.2,62.2,1498.588, NAN, 25.690, NAN, NAN,,2024/04/17 18:41:49.036,2024-04-17 18:41:49.036000+00:00
2024/04/17, 18:42:49.036,35.959,-75.293, NAN,142.27,135.32,3.04,17.4,17.5,1016.2,1016.1,0.0,0.0,85.1,78.5,50,59,6.6,6.5,90.1,90.0,5.9,6.1,205.3,215.0,1018.3,1018.2,863.65,392.05,2618.74,29.2087,14.5529,519.0,62.2,1498.578, NAN, 25.300, NAN, NAN,,2024/04/17 18:42:49.036,2024-04-17 18:42:49.036000+00:00
2024/04/17, 18:43:49.036,35.958,-75.292, NAN,214.73,192.0,1.72,17.4,17.5,1016.1,1016.1,0.0,0.0,85.1,78.5,349,2,5.2,5.8,90.6,90.5,4.3,4.9,203.5,218.8,1018.2,1018.2,806.84,391.24,2474.83,29.2208,14.6064,518.2,62.2,1498.766, NAN, 25.410, NAN, NAN,,2024/04/17 18:43:49.036,2024-04-17 18:43:49.036000+00:00
2024/04/17, 18:44:49.037,35.958,-75.293, NAN,269.56,268.34,1.27,17.4,17.4,1016.1,1016.0,0.0,0.0,85.1,78.5,279,299,5.5,6.3,90.5,90.3,5.3,5.9,181.9,203.5,1018.2,1018.1,936.61,391.81,2801.59,29.2364,14.6809,516.3,62.2,1499.026, NAN, 25.480, NAN, NAN,,2024/04/17 18:44:49.037,2024-04-17 18:44:49.037000+00:00
2024/04/17, 18:45:49.037,35.958,-75.294, NAN,271.73,269.34,2.96,17.4,17.4,1016.1,1016.1,0.0,0.0,85.1,78.5,284,279,5.9,5.9,90.9,90.9,5.7,5.9,180.8,175.9,1018.2,1018.2,1031.9,391.95,2893.76,29.3768,14.6585,525.4,62.1,1499.117, NAN, 25.700, NAN, NAN,,2024/04/17 18:45:49.037,2024-04-17 18:45:49.037000+00:00
2024/04/17, 18:46:49.037,35.958,-75.295, NAN,269.13,271.91,4.09,17.3,17.4,1016.1,1016.1,0.0,0.0,85.1,78.5,295,296,6.0,6.9,91.0,91.0,5.5,6.3,183.7,187.6,1018.2,1018.2,624.38,389.53,2021.66,29.4171,14.6024,525.2,62.1,1498.982, NAN, 25.650, NAN, NAN,,2024/04/17 18:46:49.037,2024-04-17 18:46:49.037000+00:00
2024/04/17, 18:47:49.037,35.958,-75.296, NAN,267.72,267.64,5.02,17.4,17.4,1016.1,1016.0,0.0,0.0,85.1,78.5,296,299,6.7,7.6,92.2,92.1,6.1,6.8,181.1,187.1,1018.2,1018.1,1098.34,390.75,3049.48,29.3498,14.6779,514.2,62.2,1499.148, NAN, 25.350, NAN, NAN,,2024/04/17 18:47:49.037,2024-04-17 18:47:49.037000+00:00
2024/04/17, 18:48:49.037,35.958,-75.298, NAN,268.11,267.57,5.4,17.4,17.5,1016.1,1016.0,0.0,0.0,85.1,78.5,301,304,6.3,8.4,89.8,90.0,5.3,7.1,183.2,193.7,1018.2,1018.1,667.46,388.58,2077.7,29.3161,14.5778,509.9,62.2,1498.784, NAN, 25.480, NAN, NAN,,2024/04/17 18:48:49.037,2024-04-17 18:48:49.037000+00:00
2024/04/17, 18:49:49.037,35.958,-75.3, NAN,268.27,266.98,4.53,17.6,17.6,1016.1,1015.9,0.0,0.0,85.1,78.5,290,294,6.8,7.7,90.9,91.4,6.4,7.0,178.2,184.8,1018.2,1018.0,523.33,388.36,1746.44,29.287,14.4611,505.9,62.2,1498.371, NAN, 27.270, NAN, NAN,,2024/04/17 18:49:49.037,2024-04-17 18:49:49.037000+00:00
2024/04/17, 18:50:49.037,35.958,-75.301, NAN,270.44,272.85,4.37,17.6,17.6,1016.0,1015.8,0.0,0.0,85.1,78.5,289,291,6.8,7.2,90.6,90.2,6.5,6.8,180.2,183.3,1018.1,1017.9,436.83,388.61,1546.52,29.2626,14.3277,503.5,62.4,1497.906, NAN, 28.600, NAN, NAN,,2024/04/17 18:50:49.037,2024-04-17 18:50:49.037000+00:00
2024/04/17, 18:51:49.037,35.958,-75.303, NAN,270.14,269.45,4.55,17.7,17.7,1015.9,1015.9,0.0,0.0,85.1,78.5,288,290,6.9,7.5,90.3,90.5,6.6,7.0,178.3,182.0,1018.0,1018.0,389.6,388.94,1419.0,29.2412,14.3303,505.1,62.3,1497.89, NAN, 28.620, NAN, NAN,,2024/04/17 18:51:49.037,2024-04-17 18:51:49.037000+00:00
2024/04/17, 18:52:49.037,35.958,-75.305, NAN,270.48,271.13,4.89,17.8,17.8,1016.0,1015.8,0.0,0.0,85.1,78.5,291,288,7.2,7.3,89.7,90.0,6.8,7.0,181.0,178.4,1018.1,1017.9,364.37,390.56,1375.46,29.2284,14.3461,505.6,62.3,1497.927, NAN, 29.440, NAN, NAN,,2024/04/17 18:52:49.037,2024-04-17 18:52:49.037000+00:00
2024/04/17, 18:53:49.037,35.958,-75.306, NAN,270.39,270.93,5.04,17.8,17.8,1015.9,1015.9,0.0,0.0,85.1,78.5,288,288,7.3,7.4,89.6,89.7,7.0,7.1,177.6,177.9,1018.0,1018.0,355.67,389.93,1369.94,29.2009,14.3342,505.6,62.2,1497.856, NAN, 31.380, NAN, NAN,,2024/04/17 18:53:49.037,2024-04-17 18:53:49.037000+00:00
2024/04/17, 18:54:49.037,35.958,-75.308, NAN,270.03,270.72,5.21,17.9,17.9,1015.9,1015.8,0.0,0.0,85.1,78.5,288,290,7.1,7.5,89.1,89.1,6.7,7.0,175.9,179.1,1018.0,1017.9,353.62,390.49,1377.21,29.1356,14.2781,508.8,62.3,1497.596, NAN, 30.590, NAN, NAN,,2024/04/17 18:54:49.037,2024-04-17 18:54:49.037000+00:00
2024/04/17, 18:55:49.037,35.958,-75.31, NAN,270.36,271.33,5.34,17.9,17.9,1015.8,1015.8,0.0,0.0,85.1,78.5,288,287,7.0,7.7,88.9,89.2,6.7,7.4,175.4,176.5,1017.9,1017.9,360.84,390.87,1403.91,29.0689,14.2223,509.9,62.3,1497.335, NAN, 29.040, NAN, NAN,,2024/04/17 18:55:49.037,2024-04-17 18:55:49.037000+00:00
2024/04/17, 18:56:49.037,35.958,-75.312, NAN,270.99,271.31,5.4,17.9,17.9,1015.8,1015.8,0.0,0.0,85.1,78.5,287,287,7.3,7.7,88.6,88.8,7.0,7.4,175.7,176.9,1017.9,1017.9,377.29,391.26,1460.35,29.0079,14.2193,512.9,62.4,1497.254, NAN, 27.200, NAN, NAN,,2024/04/17 18:56:49.037,2024-04-17 18:56:49.037000+00:00
2024/04/17, 18:57:49.037,35.958,-75.314, NAN,270.01,271.66,5.32,17.9,17.9,1015.8,1015.7,0.0,0.0,85.1,78.5,285,287,7.1,7.8,88.5,88.7,7.0,7.6,172.7,176.6,1017.9,1017.8,418.92,391.44,1569.53,28.9572,14.1914,515.5,62.4,1497.103, NAN, 26.990, NAN, NAN,,2024/04/17 18:57:49.037,2024-04-17 18:57:49.037000+00:00
2024/04/17, 18:58:49.037,35.958,-75.315, NAN,270.59,271.44,4.93,17.8,17.9,1015.8,1015.7,0.0,0.0,85.1,78.5,281,283,7.0,7.7,88.2,88.4,7.0,7.5,170.7,174.5,1017.9,1017.8,472.71,391.04,1697.95,28.9221,14.1827,518.5,62.4,1497.033, NAN, 27.120, NAN, NAN,,2024/04/17 18:58:49.037,2024-04-17 18:58:49.037000+00:00
2024/04/17, 18:59:49.038,35.958,-75.317, NAN,269.96,271.35,4.72,17.8,17.8,1015.7,1015.6,0.0,0.0,85.1,78.5,280,279,7.1,7.1,87.9,88.1,7.2,7.2,170.4,169.5,1017.8,1017.7,657.69,392.6,2287.0,28.9003,14.1947,517.6,62.4,1497.047, NAN, 27.750, NAN, NAN,,2024/04/17 18:59:49.038,2024-04-17 18:59:49.038000+00:00
2024/04/17, 19:00:49.038,35.958,-75.318, NAN,270.13,268.77,4.47,17.7,17.7,1015.5,1015.6,0.0,0.0,85.1,78.5,280,279,7.3,7.4,87.9,87.9,7.2,7.4,171.9,171.2,1017.6,1017.7,537.62,390.5,1865.54,28.8895,14.2115,517.2,62.3,1497.09, NAN, 27.820, NAN, NAN,,2024/04/17 19:00:49.038,2024-04-17 19:00:49.038000+00:00
2024/04/17, 19:01:49.038,35.958,-75.32, NAN,270.24,269.61,4.46,17.6,17.6,1015.6,1015.6,0.0,0.0,85.1,78.5,280,279,7.8,8.1,88.2,88.3,7.7,8.0,173.3,172.9,1017.7,1017.7,580.1,391.16,1979.39,28.8889,14.2182,515.2,62.3,1497.111, NAN, 28.130, NAN, NAN,,2024/04/17 19:01:49.038,2024-04-17 19:01:49.038000+00:00
2024/04/17, 19:02:49.038,35.958,-75.322, NAN,270.36,264.13,4.42,17.7,17.6,1015.7,1015.5,0.0,0.0,85.1,78.5,280,279,7.8,7.9,88.9,89.0,7.6,7.8,173.5,172.7,1017.8,1017.6,627.38,390.69,2089.07,28.8791,14.2116,513.9,62.2,1497.078, NAN, 28.590, NAN, NAN,,2024/04/17 19:02:49.038,2024-04-17 19:02:49.038000+00:00
2024/04/17, 19:03:49.038,35.958,-75.323, NAN,272.22,276.81,4.39,17.9,17.8,1015.6,1015.5,0.0,0.0,85.1,78.5,275,275,7.0,7.3,88.4,88.9,7.2,7.5,169.0,169.7,1017.7,1017.6,731.09,389.37,2295.39,28.8707,14.2061,512.6,62.3,1497.05, NAN, 29.550, NAN, NAN,,2024/04/17 19:03:49.038,2024-04-17 19:03:49.038000+00:00
2024/04/17, 19:04:49.038,35.958,-75.325, NAN,271.93,268.54,4.36,17.9,17.9,1015.5,1015.4,0.0,0.0,85.1,78.5,274,276,7.4,7.3,87.0,87.4,7.6,7.4,168.7,170.4,1017.6,1017.5,750.64,389.2,2377.52,28.861,14.1571,514.5,62.1,1496.878, NAN, 31.940, NAN, NAN,,2024/04/17 19:04:49.038,2024-04-17 19:04:49.038000+00:00
2024/04/17, 19:05:49.038,35.958,-75.326, NAN,265.51,271.02,3.75,17.8,17.8,1015.6,1015.3,0.0,0.0,85.1,78.5,276,276,7.4,7.5,86.8,86.9,7.5,7.6,166.7,166.9,1017.7,1017.4,956.47,389.42,2707.49,28.8507,14.1348,512.6,62.2,1496.792, NAN, 32.550, NAN, NAN,,2024/04/17 19:05:49.038,2024-04-17 19:05:49.038000+00:00
2024/04/17, 19:06:49.038,35.958,-75.327, NAN,198.92,210.13,1.79,17.7,17.7,1015.5,1015.3,0.0,0.0,85.1,78.5,328,308,8.1,9.7,87.0,87.2,7.6,9.4,161.5,141.6,1017.6,1017.4,959.73,389.88,2883.08,28.8482,14.2169,511.2,62.2,1497.059, NAN, 32.840, NAN, NAN,,2024/04/17 19:06:49.038,2024-04-17 19:06:49.038000+00:00
2024/04/17, 19:07:49.038,35.958,-75.327, NAN,132.54,150.47,0.42,17.7,17.7,1015.3,1015.3,0.0,0.0,85.1,78.5,32,9,7.1,7.6,88.0,88.1,6.9,7.4,165.3,141.6,1017.4,1017.4,1064.89,389.66,3054.61,28.8572,14.3601,509.2,62.2,1497.539, NAN, 32.980, NAN, NAN,,2024/04/17 19:07:49.038,2024-04-17 19:07:49.038000+00:00
2024/04/17, 19:08:49.038,35.957,-75.327, NAN,87.71,98.57,1.75,17.7,17.8,1015.3,1015.2,0.0,0.0,85.1,78.5,82,77,8.1,7.7,88.1,87.8,7.8,7.3,175.9,171.0,1017.4,1017.3,1056.67,388.75,2977.53,28.8707,14.3698,507.5,62.3,1497.587, NAN, 32.900, NAN, NAN,,2024/04/17 19:08:49.038,2024-04-17 19:08:49.038000+00:00
2024/04/17, 19:09:49.038,35.958,-75.326, NAN,88.61,84.82,3.66,17.8,17.9,1015.2,1015.2,0.0,0.0,85.1,78.5,76,79,8.1,7.9,87.1,87.4,7.9,7.8,178.0,181.4,1017.3,1017.3,808.88,386.13,2437.03,28.9053,14.2928,507.5,62.1,1497.375, NAN, 32.280, NAN, NAN,,2024/04/17 19:09:49.038,2024-04-17 19:09:49.038000+00:00
2024/04/17, 19:10:49.038,35.957,-75.324, NAN,90.43,91.93,4.39,17.8,17.8,1015.2,1015.3,0.0,0.0,85.1,78.5,72,72,8.5,8.1,86.7,86.7,8.1,7.7,177.8,178.6,1017.3,1017.4,737.72,385.93,2295.95,28.9442,14.1631,504.8,62.1,1496.995, NAN, 30.430, NAN, NAN,,2024/04/17 19:10:49.038,2024-04-17 19:10:49.038000+00:00
2024/04/17, 19:11:49.038,35.957,-75.323, NAN,88.68,90.14,4.27,17.8,17.8,1015.2,1015.3,0.0,0.0,85.1,78.5,74,72,8.1,8.1,87.2,87.3,7.6,7.6,178.4,176.3,1017.3,1017.4,808.7,386.68,2397.92,28.9637,14.093,507.8,62.2,1496.787, NAN, 28.880, NAN, NAN,,2024/04/17 19:11:49.038,2024-04-17 19:11:49.038000+00:00
2024/04/17, 19:12:49.038,35.957,-75.321, NAN,88.56,88.13,4.53,17.8,17.8,1015.3,1015.3,0.0,0.0,85.1,78.5,74,74,7.9,7.7,86.9,87.0,7.5,7.3,179.7,180.2,1017.4,1017.4,543.03,385.19,1762.77,28.9728,14.0453,508.1,62.2,1496.64, NAN, 28.830, NAN, NAN,,2024/04/17 19:12:49.038,2024-04-17 19:12:49.038000+00:00
2024/04/17, 19:13:49.038,35.957,-75.32, NAN,87.8,92.9,4.7,17.8,17.8,1015.3,1015.3,0.0,0.0,85.1,78.5,74,75,8.0,7.9,86.8,86.7,7.5,7.5,179.4,180.6,1017.4,1017.4,531.24,387.03,1738.44,28.9652,14.0615,514.5,62.0,1496.685, NAN, 28.570, NAN, NAN,,2024/04/17 19:13:49.038,2024-04-17 19:13:49.038000+00:00
2024/04/17, 19:14:49.039,35.957,-75.318, NAN,88.01,92.52,4.77,17.6,17.7,1015.3,1015.3,0.0,0.0,85.1,78.5,74,75,8.0,7.7,87.6,87.5,7.5,7.3,179.8,181.6,1017.4,1017.4,488.05,388.9,1651.81,28.9853,14.1469,514.5,62.0,1496.989, NAN, 28.380, NAN, NAN,,2024/04/17 19:14:49.039,2024-04-17 19:14:49.039000+00:00
2024/04/17, 19:15:49.039,35.957,-75.316, NAN,87.68,87.43,4.92,17.6,17.7,1015.3,1015.3,0.0,0.0,85.1,78.5,74,75,7.6,7.3,87.8,87.7,7.3,7.0,181.1,182.9,1017.4,1017.4,472.62,390.48,1549.63,28.9674,14.1918,514.8,61.8,1497.116, NAN, 27.220, NAN, NAN,,2024/04/17 19:15:49.039,2024-04-17 19:15:49.039000+00:00
2024/04/17, 19:16:49.039,35.957,-75.315, NAN,87.7,91.26,4.65,17.6,17.7,1015.3,1015.3,0.0,0.0,85.1,78.5,75,76,7.6,7.4,87.8,87.6,7.2,7.0,181.0,182.5,1017.4,1017.4,498.37,392.66,1613.34,28.941,14.1719,514.8,62.0,1497.02, NAN, 26.640, NAN, NAN,,2024/04/17 19:16:49.039,2024-04-17 19:16:49.039000+00:00
2024/04/17, 19:17:49.039,35.957,-75.313, NAN,87.52,89.88,4.62,17.6,17.7,1015.3,1015.3,0.0,0.0,85.1,78.5,77,76,7.4,7.4,88.1,88.0,7.2,7.1,183.2,182.2,1017.4,1017.4,412.87,393.58,1396.93,28.9208,14.1979,517.9,61.9,1497.082, NAN, 26.880, NAN, NAN,,2024/04/17 19:17:49.039,2024-04-17 19:17:49.039000+00:00
2024/04/17, 19:18:49.039,35.957,-75.312, NAN,87.15,89.66,4.08,17.7,17.7,1015.2,1015.3,0.0,0.0,85.1,78.5,77,78,7.3,7.1,88.0,87.9,7.0,6.8,180.8,182.3,1017.3,1017.4,372.61,394.23,1289.04,28.9,14.2686,520.0,61.8,1497.289, NAN, 28.050, NAN, NAN,,2024/04/17 19:18:49.039,2024-04-17 19:18:49.039000+00:00
2024/04/17, 19:19:49.039,35.957,-75.31, NAN,87.6,88.32,4.21,17.7,17.7,1015.4,1015.3,0.0,0.0,85.1,78.5,78,78,7.2,7.0,88.0,87.5,6.9,6.8,183.1,183.6,1017.5,1017.4,342.01,394.8,1207.83,28.8973,14.3026,519.0,61.9,1497.398, NAN, 29.320, NAN, NAN,,2024/04/17 19:19:49.039,2024-04-17 19:19:49.039000+00:00
2024/04/17, 19:20:49.039,35.957,-75.309, NAN,87.54,85.64,4.14,17.6,17.7,1015.3,1015.3,0.0,0.0,85.1,78.5,78,77,7.0,6.9,87.5,87.4,6.8,6.7,183.2,182.5,1017.4,1017.4,318.11,395.66,1133.51,28.8942,14.3499,519.3,61.4,1497.549, NAN, 30.870, NAN, NAN,,2024/04/17 19:20:49.039,2024-04-17 19:20:49.039000+00:00
2024/04/17, 19:21:49.039,35.957,-75.307, NAN,87.56,88.5,4.07,17.5,17.6,1015.3,1015.4,0.0,0.0,85.1,78.5,79,78,6.9,6.8,87.8,87.6,6.8,6.6,184.1,183.4,1017.4,1017.5,302.03,396.16,1090.92,28.9031,14.3535,521.2,61.7,1497.571, NAN, 31.480, NAN, NAN,,2024/04/17 19:21:49.039,2024-04-17 19:21:49.039000+00:00
2024/04/17, 19:22:49.039,35.957,-75.306, NAN,87.36,87.66,4.07,17.5,17.5,1015.5,1015.4,0.0,0.0,85.1,78.5,78,79,7.1,7.0,88.1,87.9,6.9,6.8,182.5,183.7,1017.6,1017.5,287.44,396.85,1048.77,28.9431,14.3845,524.3,61.7,1497.719, NAN, 30.600, NAN, NAN,,2024/04/17 19:22:49.039,2024-04-17 19:22:49.039000+00:00
2024/04/17, 19:23:49.039,35.957,-75.304, NAN,87.61,90.74,4.51,17.4,17.5,1015.5,1015.5,0.0,0.0,85.1,78.5,77,77,7.2,7.0,88.6,88.0,6.9,6.8,183.4,183.9,1017.6,1017.6,276.74,397.1,1016.73,28.9863,14.4053,524.0,61.8,1497.838, NAN, 29.520, NAN, NAN,,2024/04/17 19:23:49.039,2024-04-17 19:23:49.039000+00:00
2024/04/17, 19:24:49.039,35.957,-75.303, NAN,87.75,94.26,4.58,17.4,17.4,1015.3,1015.3,0.0,0.0,85.1,78.5,75,76,7.0,6.9,89.1,88.9,6.6,6.6,182.4,183.7,1017.4,1017.4,265.66,397.44,979.77,29.0456,14.4298,525.4,62.0,1497.987, NAN, 28.720, NAN, NAN,,2024/04/17 19:24:49.039,2024-04-17 19:24:49.039000+00:00
2024/04/17, 19:25:49.039,35.957,-75.301, NAN,87.36,92.27,4.8,17.4,17.4,1015.4,1015.4,0.0,0.0,85.1,78.5,75,75,7.1,7.0,89.1,89.0,6.8,6.7,182.7,183.0,1017.5,1017.5,253.88,397.39,945.25,29.0788,14.4308,526.7,61.9,1498.029, NAN, 28.220, NAN, NAN,,2024/04/17 19:25:49.039,2024-04-17 19:25:49.039000+00:00
2024/04/17, 19:26:49.039,35.957,-75.3, NAN,87.34,95.18,4.5,17.4,17.4,1015.3,1015.4,0.0,0.0,85.1,78.5,75,76,7.0,6.9,89.3,89.2,6.6,6.5,181.6,182.9,1017.4,1017.5,240.96,397.36,907.67,29.1211,14.3956,524.6,61.9,1497.963, NAN, 26.620, NAN, NAN,,2024/04/17 19:26:49.039,2024-04-17 19:26:49.039000+00:00
2024/04/17, 19:27:49.039,35.957,-75.298, NAN,87.11,89.76,4.84,17.3,17.4,1015.5,1015.5,0.0,0.0,85.1,78.5,77,76,6.9,6.7,89.5,89.4,6.7,6.4,185.2,184.8,1017.6,1017.6,227.5,397.5,869.55,29.1412,14.3992,525.4,61.8,1497.998, NAN, 25.860, NAN, NAN,,2024/04/17 19:27:49.039,2024-04-17 19:27:49.039000+00:00
2024/04/17, 19:28:49.039,35.957,-75.296, NAN,87.09,86.34,4.77,17.3,17.3,1015.3,1015.3,0.0,0.0,85.1,78.5,75,75,7.0,6.7,89.9,89.8,6.8,6.5,182.5,183.4,1017.4,1017.4,214.3,397.35,831.71,29.1686,14.4414,526.4,61.8,1498.168, NAN, 26.290, NAN, NAN,,2024/04/17 19:28:49.039,2024-04-17 19:28:49.039000+00:00
2024/04/17, 19:29:49.039,35.957,-75.295, NAN,87.01,87.91,5.02,17.3,17.3,1015.5,1015.5,0.0,0.0,85.1,78.5,76,75,6.9,6.8,90.3,90.2,6.7,6.5,184.9,184.2,1017.6,1017.6,202.19,397.52,791.81,29.1881,14.5121,524.9,61.7,1498.421, NAN, 26.380, NAN, NAN,,2024/04/17 19:29:49.039,2024-04-17 19:29:49.039000+00:00
2024/04/17, 19:30:49.039,35.957,-75.293, NAN,100.63,100.43,4.14,17.2,17.3,1015.3,1015.5,0.0,0.0,85.1,78.5,72,74,7.6,7.2,90.6,90.3,7.2,6.9,188.9,191.8,1017.4,1017.6,191.61,397.62,761.27,29.2004,14.5925,527.6,61.7,1498.697, NAN, 27.590, NAN, NAN,,2024/04/17 19:30:49.039,2024-04-17 19:30:49.039000+00:00
2024/04/17, 19:31:49.040,35.957,-75.292, NAN,171.77,192.41,2.26,17.2,17.3,1015.4,1015.4,0.0,0.0,85.1,78.5,24,27,7.6,8.0,90.9,90.8,6.6,7.1,200.8,203.9,1017.5,1017.5,182.66,397.38,733.6,29.2097,14.7258,526.0,61.7,1499.141, NAN, 26.190, NAN, NAN,,2024/04/17 19:31:49.040,2024-04-17 19:31:49.040000+00:00
2024/04/17, 19:32:49.040,35.957,-75.292, NAN,250.18,225.9,1.22,17.2,17.3,1015.5,1015.3,0.0,0.0,85.1,78.5,305,316,6.0,7.5,91.3,91.2,5.7,7.1,189.9,202.5,1017.6,1017.4,173.48,397.81,699.54,29.221,14.8107,528.8,61.4,1499.428, NAN, 26.170, NAN, NAN,,2024/04/17 19:32:49.040,2024-04-17 19:32:49.040000+00:00
2024/04/17, 19:33:49.040,35.957,-75.293, NAN,276.81,282.1,2.33,17.3,17.3,1015.4,1015.3,0.0,0.0,85.1,78.5,270,277,6.7,7.1,91.4,91.3,6.8,7.1,176.7,184.1,1017.5,1017.4,164.6,398.41,668.62,29.2371,14.8767,530.4,61.5,1499.66, NAN, 27.040, NAN, NAN,,2024/04/17 19:33:49.040,2024-04-17 19:33:49.040000+00:00
2024/04/17, 19:34:49.040,35.957,-75.294, NAN,268.52,268.11,3.95,17.3,17.3,1015.5,1015.3,0.0,0.0,85.1,78.5,286,283,6.9,7.0,91.2,91.2,6.6,6.8,177.4,174.7,1017.6,1017.4,155.73,398.77,635.71,29.294,14.8352,532.8,61.6,1499.592, NAN, 27.520, NAN, NAN,,2024/04/17 19:34:49.040,2024-04-17 19:34:49.040000+00:00
2024/04/17, 19:35:49.040,35.957,-75.296, NAN,265.04,263.21,4.81,17.3,17.3,1015.5,1015.3,0.0,0.0,85.1,78.5,295,294,6.9,7.6,91.0,91.1,6.3,7.0,179.1,180.1,1017.6,1017.4,146.66,398.45,607.54,29.3588,14.7912,535.5,61.7,1499.526, NAN, 26.880, NAN, NAN,,2024/04/17 19:35:49.040,2024-04-17 19:35:49.040000+00:00
2024/04/17, 19:36:49.040,35.956,-75.297, NAN,264.75,269.6,4.48,17.3,17.3,1015.5,1015.5,0.0,0.0,85.1,78.5,295,297,6.7,7.6,90.7,90.8,6.2,7.0,179.7,184.2,1017.6,1017.6,138.02,398.66,580.86,29.3067,14.7121,532.0,61.7,1499.209, NAN, 26.680, NAN, NAN,,2024/04/17 19:36:49.040,2024-04-17 19:36:49.040000+00:00
2024/04/17, 19:37:49.040,35.956,-75.299, NAN,269.24,275.51,4.38,17.4,17.4,1015.5,1015.4,0.0,0.0,85.1,78.5,289,291,6.5,7.1,90.5,90.6,6.2,6.7,178.0,181.8,1017.6,1017.5,131.17,398.73,559.06,29.223,14.5723,531.0,61.7,1498.658, NAN, 26.230, NAN, NAN,,2024/04/17 19:37:49.040,2024-04-17 19:37:49.040000+00:00
2024/04/17, 19:38:49.040,35.956,-75.3, NAN,270.5,267.39,4.37,17.4,17.4,1015.5,1015.5,0.0,0.0,85.1,78.5,287,287,6.4,6.8,90.3,90.4,6.1,6.5,177.0,178.2,1017.6,1017.6,126.68,398.82,543.67,29.1841,14.4232,530.7,61.7,1498.127, NAN, 27.580, NAN, NAN,,2024/04/17 19:38:49.040,2024-04-17 19:38:49.040000+00:00
2024/04/17, 19:39:49.040,35.956,-75.302, NAN,270.68,268.91,4.33,17.3,17.3,1015.5,1015.5,0.0,0.0,85.1,78.5,286,288,6.4,7.0,90.2,90.2,6.2,6.6,176.4,180.1,1017.6,1017.6,124.03,399.22,531.58,29.17,14.4143,531.6,61.8,1498.081, NAN, 28.980, NAN, NAN,,2024/04/17 19:39:49.040,2024-04-17 19:39:49.040000+00:00
2024/04/17, 19:40:49.040,35.956,-75.303, NAN,270.35,261.52,4.28,17.3,17.3,1015.4,1015.5,0.0,0.0,85.1,78.5,284,283,6.3,6.8,90.5,90.6,6.0,6.5,173.9,174.5,1017.5,1017.6,122.55,399.14,524.12,29.1903,14.4215,532.4,61.8,1498.129, NAN, 29.030, NAN, NAN,,2024/04/17 19:40:49.040,2024-04-17 19:40:49.040000+00:00
2024/04/17, 19:41:49.040,35.956,-75.305, NAN,270.46,275.56,4.26,17.3,17.3,1015.3,1015.3,0.0,0.0,85.1,78.5,281,289,6.7,7.6,90.4,90.5,6.8,7.4,172.8,182.7,1017.4,1017.4,121.66,399.11,518.36,29.1616,14.4273,532.8,61.6,1498.114, NAN, 29.640, NAN, NAN,,2024/04/17 19:41:49.040,2024-04-17 19:41:49.040000+00:00
2024/04/17, 19:42:49.040,35.956,-75.306, NAN,270.42,268.16,4.39,17.3,17.3,1015.3,1015.3,0.0,0.0,85.1,78.5,278,280,6.6,7.0,90.3,90.5,6.6,6.9,168.8,171.8,1017.4,1017.4,121.68,398.84,515.06,29.0969,14.4298,534.7,61.7,1498.047, NAN, 30.430, NAN, NAN,,2024/04/17 19:42:49.040,2024-04-17 19:42:49.040000+00:00
2024/04/17, 19:43:49.040,35.956,-75.308, NAN,270.67,266.72,4.31,17.3,17.3,1015.2,1015.2,0.0,0.0,85.1,78.5,278,277,6.7,6.8,90.3,90.4,6.7,6.8,169.6,168.9,1017.3,1017.3,122.56,399.36,513.8,29.0402,14.4423,535.2,61.8,1498.021, NAN, 30.350, NAN, NAN,,2024/04/17 19:43:49.040,2024-04-17 19:43:49.040000+00:00
2024/04/17, 19:44:49.040,35.956,-75.309, NAN,270.53,271.31,4.4,17.3,17.3,1015.2,1015.2,0.0,0.0,85.1,78.5,277,277,6.3,6.6,90.6,90.7,6.4,6.7,167.0,167.9,1017.3,1017.3,123.81,398.74,514.13,28.9907,14.4554,535.5,61.8,1498.006, NAN, 28.710, NAN, NAN,,2024/04/17 19:44:49.040,2024-04-17 19:44:49.040000+00:00
2024/04/17, 19:45:49.040,35.956,-75.311, NAN,270.71,274.37,4.49,17.3,17.3,1015.2,1015.1,0.0,0.0,85.1,78.5,278,277,6.6,6.7,90.4,90.6,6.7,6.9,168.8,168.2,1017.3,1017.2,125.38,398.7,515.23,28.9598,14.436,536.4,61.8,1497.907, NAN, 28.900, NAN, NAN,,2024/04/17 19:45:49.040,2024-04-17 19:45:49.040000+00:00
2024/04/17, 19:46:49.040,35.956,-75.312, NAN,270.64,268.9,4.62,17.3,17.3,1015.2,1015.1,0.0,0.0,85.1,78.5,280,278,6.7,7.0,90.3,90.4,6.7,7.0,170.2,169.1,1017.3,1017.2,128.22,398.61,516.79,28.9348,14.4225,538.0,61.8,1497.834, NAN, 28.060, NAN, NAN,,2024/04/17 19:46:49.040,2024-04-17 19:46:49.040000+00:00
2024/04/17, 19:47:49.041,35.956,-75.314, NAN,271.29,272.47,4.91,17.3,17.3,1015.2,1015.1,0.0,0.0,85.1,78.5,280,281,6.7,7.2,90.3,90.5,6.6,7.0,169.5,171.9,1017.3,1017.2,128.69,398.73,517.68,28.9119,14.4045,538.4,61.9,1497.748, NAN, 26.400, NAN, NAN,,2024/04/17 19:47:49.041,2024-04-17 19:47:49.041000+00:00
2024/04/17, 19:48:49.041,35.956,-75.315, NAN,270.95,271.59,4.87,17.2,17.3,1015.2,1015.0,0.0,0.0,85.1,78.5,281,279,6.8,6.9,90.3,90.5,6.7,6.9,170.6,169.1,1017.3,1017.1,129.14,399.08,516.94,28.8946,14.3835,538.0,61.7,1497.659, NAN, 26.500, NAN, NAN,,2024/04/17 19:48:49.041,2024-04-17 19:48:49.041000+00:00
2024/04/17, 19:49:49.041,35.956,-75.317, NAN,270.96,270.19,4.91,17.2,17.2,1015.2,1015.0,0.0,0.0,85.1,78.5,282,281,6.7,7.0,90.3,90.4,6.6,7.0,171.2,171.1,1017.3,1017.1,128.63,398.72,514.77,28.8802,14.3682,539.5,61.9,1497.593, NAN, 27.420, NAN, NAN,,2024/04/17 19:49:49.041,2024-04-17 19:49:49.041000+00:00
2024/04/17, 19:50:49.041,35.956,-75.319, NAN,271.26,271.61,4.94,17.2,17.2,1015.1,1015.1,0.0,0.0,85.1,78.5,283,283,6.7,7.1,90.2,90.3,6.6,7.0,172.2,173.5,1017.2,1017.2,127.89,398.56,512.19,28.8661,14.3221,539.2,62.0,1497.425, NAN, 28.120, NAN, NAN,,2024/04/17 19:50:49.041,2024-04-17 19:50:49.041000+00:00
2024/04/17, 19:51:49.041,35.956,-75.321, NAN,270.98,270.92,5.0,17.2,17.2,1015.1,1015.0,0.0,0.0,85.1,78.5,282,283,6.7,7.0,90.2,90.4,6.7,6.9,170.8,172.7,1017.2,1017.1,127.02,398.25,509.57,28.8568,14.3103,538.5,61.9,1497.376, NAN, 29.010, NAN, NAN,,2024/04/17 19:51:49.041,2024-04-17 19:51:49.041000+00:00
2024/04/17, 19:52:49.041,35.956,-75.322, NAN,271.55,271.1,4.99,17.2,17.2,1015.1,1015.1,0.0,0.0,85.1,78.5,283,283,6.7,7.1,90.3,90.5,6.5,6.9,172.2,173.5,1017.2,1017.2,124.93,398.41,504.6,28.8463,14.2983,538.8,61.8,1497.324, NAN, 29.170, NAN, NAN,,2024/04/17 19:52:49.041,2024-04-17 19:52:49.041000+00:00
2024/04/17, 19:53:49.041,35.956,-75.324, NAN,271.28,269.43,4.99,17.1,17.2,1015.1,1014.9,0.0,0.0,85.1,78.5,283,281,6.5,6.8,90.5,90.6,6.3,6.7,171.3,170.4,1017.2,1017.0,121.33,398.1,496.07,28.8383,14.2419,539.2,61.8,1497.13, NAN, 31.000, NAN, NAN,,2024/04/17 19:53:49.041,2024-04-17 19:53:49.041000+00:00
2024/04/17, 19:54:49.041,35.957,-75.326, NAN,291.67,276.45,4.52,17.1,17.2,1015.0,1015.1,0.0,0.0,85.1,78.5,269,281,5.7,6.6,90.5,90.6,5.7,6.0,177.1,192.1,1017.1,1017.2,117.65,398.23,487.75,28.8367,14.1958,539.5,61.8,1496.976, NAN, 31.900, NAN, NAN,,2024/04/17 19:54:49.041,2024-04-17 19:54:49.041000+00:00
2024/04/17, 19:55:49.041,35.957,-75.327, NAN,314.81,317.84,2.84,17.1,17.1,1015.1,1015.0,0.0,0.0,85.1,78.5,226,222,5.3,5.0,90.6,90.7,6.4,6.1,171.2,167.5,1017.2,1017.1,115.7,398.7,483.02,28.8412,14.1791,539.5,62.0,1496.927, NAN, 32.800, NAN, NAN,,2024/04/17 19:55:49.041,2024-04-17 19:55:49.041000+00:00
2024/04/17, 19:56:49.041,35.957,-75.327, NAN,254.44,277.28,2.11,17.0,17.0,1015.1,1014.9,0.0,0.0,85.1,78.5,278,274,6.9,6.6,90.7,90.7,7.3,7.1,164.4,160.4,1017.2,1017.0,115.62,398.74,480.68,28.8517,14.2002,540.8,61.8,1497.008, NAN, 32.810, NAN, NAN,,2024/04/17 19:56:49.041,2024-04-17 19:56:49.041000+00:00
2024/04/17, 19:57:49.041,35.957,-75.328, NAN,188.31,225.17,2.18,17.0,17.0,1015.1,1015.0,0.0,0.0,85.1,78.5,341,329,6.9,7.9,91.0,91.1,6.4,7.6,160.8,149.4,1017.2,1017.1,115.48,398.7,478.78,28.8769,14.2815,542.5,61.9,1497.305, NAN, 33.030, NAN, NAN,,2024/04/17 19:57:49.041,2024-04-17 19:57:49.041000+00:00
2024/04/17, 19:58:49.041,35.957,-75.328, NAN,120.46,134.89,2.13,17.0,17.0,1015.0,1014.8,0.0,0.0,85.1,78.5,46,35,7.8,8.1,91.8,91.9,6.8,7.0,170.2,157.4,1017.1,1016.9,115.42,399.11,476.68,28.8959,14.3581,541.1,61.8,1497.578, NAN, 33.010, NAN, NAN,,2024/04/17 19:58:49.041,2024-04-17 19:58:49.041000+00:00
2024/04/17, 19:59:49.041,35.956,-75.327, NAN,103.29,107.85,4.02,17.1,17.1,1014.8,1014.9,0.0,0.0,85.1,78.5,62,57,8.2,9.1,91.8,91.9,7.3,8.0,179.0,172.0,1016.9,1017.0,115.07,398.9,474.23,28.9247,14.312,538.8,61.9,1497.461, NAN, 33.550, NAN, NAN,,2024/04/17 19:59:49.041,2024-04-17 19:59:49.041000+00:00
2024/04/17, 20:00:49.041,35.956,-75.325, NAN,107.25,105.56,5.14,17.1,17.1,1014.9,1014.8,0.0,0.0,85.1,78.5,56,52,8.5,9.9,91.9,92.0,7.4,8.6,180.7,173.6,1017.0,1016.9,115.59,399.2,473.05,28.9481,14.1091,536.1,62.1,1496.821, NAN, 31.710, NAN, NAN,,2024/04/17 20:00:49.041,2024-04-17 20:00:49.041000+00:00
2024/04/17, 20:01:49.041,35.956,-75.324, NAN,91.33,101.25,4.31,17.1,17.1,1014.9,1014.8,0.0,0.0,85.1,78.5,70,69,7.6,7.7,91.8,92.0,6.9,7.0,178.1,176.8,1017.0,1016.9,116.66,398.73,473.05,28.9624,14.0552,537.4,62.0,1496.661, NAN, 30.060, NAN, NAN,,2024/04/17 20:01:49.041,2024-04-17 20:01:49.041000+00:00
2024/04/17, 20:02:49.042,35.956,-75.322, NAN,86.82,94.14,4.15,17.1,17.1,1014.9,1014.9,0.0,0.0,85.1,78.5,77,76,7.2,7.1,91.8,91.8,6.9,6.7,181.1,180.3,1017.0,1017.0,118.2,399.13,474.12,28.9555,14.0795,539.5,62.1,1496.733, NAN, 29.380, NAN, NAN,,2024/04/17 20:02:49.042,2024-04-17 20:02:49.042000+00:00
2024/04/17, 20:03:49.042,35.956,-75.321, NAN,87.58,93.1,4.08,17.1,17.1,1014.9,1014.9,0.0,0.0,85.1,78.5,77,77,7.7,7.2,91.9,91.8,7.4,6.9,180.4,181.5,1017.0,1017.0,119.51,399.8,474.85,29.0663,14.1292,543.2,62.1,1497.026, NAN, 29.180, NAN, NAN,,2024/04/17 20:03:49.042,2024-04-17 20:03:49.042000+00:00
2024/04/17, 20:04:49.042,35.956,-75.32, NAN,87.05,86.59,3.98,17.1,17.2,1014.9,1014.9,0.0,0.0,85.1,78.5,76,76,7.3,7.1,92.6,92.5,7.1,6.9,179.3,179.8,1017.0,1017.0,120.14,399.34,474.41,29.0203,14.1958,545.6,62.1,1497.191, NAN, 28.340, NAN, NAN,,2024/04/17 20:04:49.042,2024-04-17 20:04:49.042000+00:00
2024/04/17, 20:05:49.042,35.956,-75.318, NAN,86.66,89.8,4.33,17.2,17.2,1014.9,1014.9,0.0,0.0,85.1,78.5,75,75,7.4,7.3,92.3,92.4,7.0,6.9,179.2,179.4,1017.0,1017.0,120.21,399.12,472.79,29.0364,14.1606,548.9,61.8,1497.094, NAN, 27.230, NAN, NAN,,2024/04/17 20:05:49.042,2024-04-17 20:05:49.042000+00:00
2024/04/17, 20:06:49.042,35.956,-75.317, NAN,86.96,91.08,4.47,17.2,17.2,1014.9,1014.9,0.0,0.0,85.1,78.5,75,75,7.3,7.1,92.5,92.5,6.9,6.7,180.3,180.8,1017.0,1017.0,119.57,398.57,470.06,29.0186,14.1347,545.6,61.9,1496.988, NAN, 26.490, NAN, NAN,,2024/04/17 20:06:49.042,2024-04-17 20:06:49.042000+00:00
2024/04/17, 20:07:49.042,35.956,-75.315, NAN,85.69,86.26,4.82,17.1,17.2,1015.0,1014.9,0.0,0.0,85.1,78.5,77,76,7.2,7.2,92.3,92.3,7.0,6.9,182.7,181.8,1017.1,1017.0,118.76,398.57,467.07,28.9953,14.168,547.2,62.0,1497.07, NAN, 26.280, NAN, NAN,,2024/04/17 20:07:49.042,2024-04-17 20:07:49.042000+00:00
2024/04/17, 20:08:49.042,35.956,-75.313, NAN,85.67,86.77,4.63,17.1,17.1,1014.8,1014.9,0.0,0.0,85.1,78.5,77,76,7.2,7.0,92.6,92.6,7.0,6.8,181.9,181.5,1016.9,1017.0,118.74,398.63,466.55,28.9809,14.2304,547.5,62.0,1497.259, NAN, 27.640, NAN, NAN,,2024/04/17 20:08:49.042,2024-04-17 20:08:49.042000+00:00
2024/04/17, 20:09:49.042,35.956,-75.312, NAN,85.83,87.1,4.79,17.0,17.1,1014.9,1014.9,0.0,0.0,85.1,78.5,79,80,7.3,7.1,92.9,92.8,7.2,7.0,184.4,185.9,1017.0,1017.0,119.66,399.08,467.7,28.9532,14.3007,547.2,62.0,1497.457, NAN, 28.460, NAN, NAN,,2024/04/17 20:09:49.042,2024-04-17 20:09:49.042000+00:00
2024/04/17, 20:10:49.042,35.956,-75.31, NAN,86.3,88.37,4.85,17.0,17.0,1014.9,1014.9,0.0,0.0,85.1,78.5,81,80,7.3,7.3,93.4,93.4,7.3,7.2,187.0,186.0,1017.0,1017.0,120.8,399.18,470.15,28.9496,14.3462,546.2,61.9,1497.602, NAN, 28.300, NAN, NAN,,2024/04/17 20:10:49.042,2024-04-17 20:10:49.042000+00:00
2024/04/17, 20:11:49.042,35.956,-75.308, NAN,85.66,88.99,4.83,17.0,17.0,1014.9,1014.9,0.0,0.0,85.1,78.5,80,81,7.4,7.2,93.8,93.8,7.2,7.1,185.2,186.7,1017.0,1017.0,122.0,399.38,473.13,28.9455,14.3052,546.5,62.0,1497.463, NAN, 28.940, NAN, NAN,,2024/04/17 20:11:49.042,2024-04-17 20:11:49.042000+00:00
2024/04/17, 20:12:49.042,35.956,-75.307, NAN,86.28,93.48,5.0,17.0,17.1,1015.0,1014.9,0.0,0.0,85.1,78.5,81,81,7.3,7.2,94.0,94.0,7.2,7.1,187.6,187.9,1017.1,1017.0,123.02,399.54,476.05,28.9478,14.3598,546.5,61.9,1497.644, NAN, 29.830, NAN, NAN,,2024/04/17 20:12:49.042,2024-04-17 20:12:49.042000+00:00
2024/04/17, 20:13:49.042,35.956,-75.305, NAN,90.49,95.84,4.84,17.0,17.1,1014.9,1014.9,0.0,0.0,85.1,78.5,78,78,7.6,7.3,94.0,94.0,7.4,7.1,187.5,188.3,1017.0,1017.0,123.76,400.11,478.27,28.9885,14.3962,551.2,62.0,1497.811, NAN, 30.080, NAN, NAN,,2024/04/17 20:13:49.042,2024-04-17 20:13:49.042000+00:00
2024/04/17, 20:14:49.042,35.956,-75.303, NAN,89.43,89.37,4.69,17.1,17.1,1014.9,1014.9,0.0,0.0,85.1,78.5,78,79,7.4,7.1,94.7,94.7,7.2,6.9,186.4,188.2,1017.0,1017.0,124.18,399.85,480.01,29.037,14.3924,548.9,61.9,1497.855, NAN, 29.050, NAN, NAN,,2024/04/17 20:14:49.042,2024-04-17 20:14:49.042000+00:00
2024/04/17, 20:15:49.042,35.956,-75.302, NAN,89.87,93.27,4.97,17.1,17.1,1014.9,1014.9,0.0,0.0,85.1,78.5,79,79,7.4,7.5,94.1,94.1,7.3,7.4,188.9,188.6,1017.0,1017.0,124.6,401.05,481.38,29.0479,14.3962,546.2,62.0,1497.88, NAN, 28.330, NAN, NAN,,2024/04/17 20:15:49.042,2024-04-17 20:15:49.042000+00:00
2024/04/17, 20:16:49.042,35.956,-75.3, NAN,89.78,92.42,4.94,17.2,17.1,1014.8,1014.9,0.0,0.0,85.1,78.5,80,81,7.3,7.5,94.8,94.1,7.2,7.4,189.9,190.3,1016.9,1017.0,125.35,400.82,483.59,29.0686,14.3778,546.8,62.0,1497.844, NAN, 27.480, NAN, NAN,,2024/04/17 20:16:49.042,2024-04-17 20:16:49.042000+00:00
2024/04/17, 20:17:49.043,35.956,-75.298, NAN,87.42,87.98,4.93,17.3,17.3,1014.9,1014.9,0.0,0.0,85.1,78.5,83,82,7.5,7.4,94.6,94.8,7.5,7.4,189.9,189.2,1017.0,1017.0,126.56,401.62,487.45,29.0966,14.3304,546.8,62.1,1497.721, NAN, 27.730, NAN, NAN,,2024/04/17 20:17:49.043,2024-04-17 20:17:49.043000+00:00
2024/04/17, 20:18:49.043,35.956,-75.297, NAN,88.18,89.28,4.73,17.4,17.4,1014.9,1014.9,0.0,0.0,85.1,78.5,83,84,7.3,7.2,94.6,94.7,7.4,7.3,190.3,191.4,1017.0,1017.0,128.25,401.25,491.79,29.1209,14.3363,544.4,62.1,1497.769, NAN, 27.400, NAN, NAN,,2024/04/17 20:18:49.043,2024-04-17 20:18:49.043000+00:00
2024/04/17, 20:19:49.043,35.956,-75.295, NAN,84.58,92.38,4.98,17.4,17.5,1015.1,1015.1,0.0,0.0,85.1,78.5,87,87,7.0,7.3,94.4,94.3,7.1,7.4,192.5,191.7,1017.2,1017.2,130.1,401.31,496.63,29.1525,14.3873,544.4,62.0,1497.973, NAN, 26.810, NAN, NAN,,2024/04/17 20:19:49.043,2024-04-17 20:19:49.043000+00:00
2024/04/17, 20:20:49.043,35.956,-75.293, NAN,68.68,77.29,4.17,17.4,17.5,1014.9,1014.9,0.0,0.0,85.1,78.5,100,92,6.5,6.6,94.3,94.2,6.9,6.7,186.8,179.2,1017.0,1017.0,132.03,400.88,501.98,29.1748,14.4637,543.2,62.0,1498.248, NAN, 25.630, NAN, NAN,,2024/04/17 20:20:49.043,2024-04-17 20:20:49.043000+00:00
2024/04/17, 20:21:49.043,35.956,-75.292, NAN,81.68,67.31,3.52,17.6,17.6,1015.0,1014.9,0.0,0.0,85.1,78.5,104,108,6.8,6.5,93.4,93.4,7.7,7.5,198.1,201.9,1017.1,1017.0,134.51,400.71,509.71,29.1916,14.5634,543.2,61.9,1498.592, NAN, 25.100, NAN, NAN,,2024/04/17 20:21:49.043,2024-04-17 20:21:49.043000+00:00
2024/04/17, 20:22:49.043,35.956,-75.291, NAN,153.99,129.54,2.69,17.6,17.6,1015.1,1015.1,0.0,0.0,85.1,78.5,47,49,8.2,8.2,92.8,92.7,7.8,7.8,210.4,212.5,1017.2,1017.2,136.75,401.25,517.57,29.2042,14.6531,543.2,62.2,1498.899, NAN, 24.620, NAN, NAN,,2024/04/17 20:22:49.043,2024-04-17 20:22:49.043000+00:00
2024/04/17, 20:23:49.043,35.955,-75.291, NAN,217.71,180.15,2.18,17.6,17.7,1015.0,1014.9,0.0,0.0,85.1,78.5,347,349,7.2,7.3,93.0,93.1,6.1,6.2,207.2,209.5,1017.1,1017.0,139.81,401.48,526.65,29.1974,14.7471,542.5,62.1,1499.195, NAN, 24.560, NAN, NAN,,2024/04/17 20:23:49.043,2024-04-17 20:23:49.043000+00:00
2024/04/17, 20:24:49.043,35.955,-75.292, NAN,270.5,260.26,2.29,17.7,17.7,1015.0,1014.8,0.0,0.0,85.1,78.5,287,289,7.5,7.8,92.8,92.7,7.1,7.3,188.9,191.3,1017.1,1016.9,142.84,401.71,534.46,29.2042,14.7993,542.5,62.0,1499.372, NAN, 24.930, NAN, NAN,,2024/04/17 20:24:49.043,2024-04-17 20:24:49.043000+00:00
2024/04/17, 20:25:49.043,35.955,-75.293, NAN,265.79,270.86,3.97,17.7,17.7,1015.1,1014.9,0.0,0.0,85.1,78.5,293,292,7.7,8.2,92.8,92.8,7.3,7.8,183.5,183.4,1017.2,1017.0,145.2,402.1,540.5,29.199,14.7826,544.1,61.6,1499.312, NAN, 24.820, NAN, NAN,,2024/04/17 20:25:49.043,2024-04-17 20:25:49.043000+00:00
2024/04/17, 20:26:49.043,35.955,-75.294, NAN,263.95,260.61,5.19,17.8,17.8,1015.1,1014.9,0.0,0.0,85.1,78.5,298,300,7.7,8.9,93.2,93.2,6.8,7.9,181.9,187.1,1017.2,1017.0,146.55,402.2,543.88,29.205,14.6174,543.5,61.5,1498.784, NAN, 25.830, NAN, NAN,,2024/04/17 20:26:49.043,2024-04-17 20:26:49.043000+00:00
2024/04/17, 20:27:49.043,35.955,-75.296, NAN,269.57,269.5,5.8,17.9,17.9,1015.0,1014.9,0.0,0.0,85.1,78.5,296,297,7.4,8.3,92.7,92.9,6.5,7.3,181.9,185.8,1017.1,1017.0,146.79,401.3,543.3,29.2168,14.4909,543.5,61.5,1498.386, NAN, 26.560, NAN, NAN,,2024/04/17 20:27:49.043,2024-04-17 20:27:49.043000+00:00
2024/04/17, 20:28:49.043,35.955,-75.298, NAN,270.0,268.44,6.03,17.9,17.9,1015.1,1014.9,0.0,0.0,85.1,78.5,296,298,6.9,7.6,91.8,92.0,6.2,6.7,179.3,184.0,1017.2,1017.0,145.84,400.78,539.93,29.1951,14.3857,542.8,61.7,1498.017, NAN, 27.760, NAN, NAN,,2024/04/17 20:28:49.043,2024-04-17 20:28:49.043000+00:00
2024/04/17, 20:29:49.043,35.955,-75.3, NAN,272.64,275.17,6.23,17.9,17.9,1014.9,1014.9,0.0,0.0,85.1,78.5,296,298,6.5,7.8,91.1,91.4,5.8,6.8,179.1,186.5,1017.0,1017.0,144.67,400.03,535.35,29.1957,14.3005,542.2,61.9,1497.739, NAN, 28.430, NAN, NAN,,2024/04/17 20:29:49.043,2024-04-17 20:29:49.043000+00:00
2024/04/17, 20:30:49.043,35.955,-75.302, NAN,271.76,269.38,6.46,17.9,17.9,1015.0,1014.9,0.0,0.0,85.1,78.5,295,295,6.4,6.9,90.9,91.1,5.7,6.2,175.6,178.0,1017.1,1017.0,143.03,399.95,529.89,29.1824,14.2754,542.5,61.8,1497.642, NAN, 28.070, NAN, NAN,,2024/04/17 20:30:49.043,2024-04-17 20:30:49.043000+00:00
2024/04/17, 20:31:49.043,35.955,-75.305, NAN,271.48,271.51,6.38,17.8,17.8,1015.0,1014.8,0.0,0.0,85.1,78.5,294,296,7.0,7.5,90.8,90.8,6.5,6.8,177.7,181.6,1017.1,1016.9,140.69,399.77,521.76,29.1522,14.3067,544.1,61.9,1497.709, NAN, 28.410, NAN, NAN,,2024/04/17 20:31:49.043,2024-04-17 20:31:49.043000+00:00
2024/04/17, 20:32:49.043,35.955,-75.307, NAN,270.35,269.81,6.38,17.7,17.7,1015.0,1014.9,0.0,0.0,85.1,78.5,294,295,6.8,7.3,91.1,91.2,6.3,6.6,175.6,178.7,1017.1,1017.0,137.71,399.72,513.88,29.0909,14.3418,543.2,61.8,1497.752, NAN, 28.510, NAN, NAN,,2024/04/17 20:32:49.043,2024-04-17 20:32:49.043000+00:00
2024/04/17, 20:33:49.044,35.955,-75.309, NAN,269.37,269.67,6.45,17.6,17.6,1015.0,1014.8,0.0,0.0,85.1,78.5,296,297,7.0,7.7,91.4,91.4,6.3,6.9,177.1,180.9,1017.1,1016.9,134.87,399.73,505.67,29.0364,14.3804,543.2,61.9,1497.815, NAN, 28.150, NAN, NAN,,2024/04/17 20:33:49.044,2024-04-17 20:33:49.044000+00:00
2024/04/17, 20:34:49.044,35.955,-75.311, NAN,270.12,269.78,6.57,17.6,17.6,1015.0,1014.8,0.0,0.0,85.1,78.5,296,300,6.9,8.1,91.7,91.8,6.1,7.0,176.8,185.7,1017.1,1016.9,131.97,399.41,497.05,29.0076,14.4156,541.4,61.9,1497.896, NAN, 28.120, NAN, NAN,,2024/04/17 20:34:49.044,2024-04-17 20:34:49.044000+00:00
2024/04/17, 20:35:49.044,35.955,-75.313, NAN,269.91,268.17,6.44,17.5,17.5,1014.9,1014.8,0.0,0.0,85.1,78.5,297,298,6.9,7.7,91.9,92.0,6.1,6.8,178.2,182.5,1017.0,1016.9,128.66,399.27,487.0,28.9639,14.4002,541.9,61.8,1497.795, NAN, 27.540, NAN, NAN,,2024/04/17 20:35:49.044,2024-04-17 20:35:49.044000+00:00
2024/04/17, 20:36:49.044,35.955,-75.316, NAN,269.86,270.72,6.6,17.5,17.5,1014.9,1014.9,0.0,0.0,85.1,78.5,295,300,6.6,7.6,91.9,91.9,6.0,6.6,174.1,183.4,1017.0,1017.0,124.09,398.79,473.2,28.9219,14.3623,541.7,62.0,1497.622, NAN, 26.330, NAN, NAN,,2024/04/17 20:36:49.044,2024-04-17 20:36:49.044000+00:00
2024/04/17, 20:37:49.044,35.955,-75.318, NAN,270.11,267.13,6.41,17.4,17.4,1014.9,1014.8,0.0,0.0,85.1,78.5,296,298,6.5,7.6,91.8,91.9,5.8,6.7,175.7,182.5,1017.0,1016.9,119.62,399.09,460.28,28.894,14.3107,544.1,62.0,1497.42, NAN, 27.030, NAN, NAN,,2024/04/17 20:37:49.044,2024-04-17 20:37:49.044000+00:00
2024/04/17, 20:38:49.044,35.955,-75.32, NAN,270.0,269.55,6.53,17.3,17.3,1014.9,1014.8,0.0,0.0,85.1,78.5,294,296,6.6,7.5,92.4,92.5,6.0,6.7,173.6,179.4,1017.0,1016.9,115.35,399.65,448.78,28.864,14.2669,544.8,62.2,1497.242, NAN, 28.380, NAN, NAN,,2024/04/17 20:38:49.044,2024-04-17 20:38:49.044000+00:00
2024/04/17, 20:39:49.044,35.955,-75.322, NAN,270.43,269.15,6.51,17.3,17.3,1014.9,1014.7,0.0,0.0,85.1,78.5,292,295,6.6,7.4,92.7,92.7,6.1,6.6,172.2,178.5,1017.0,1016.8,111.89,399.84,438.03,28.8381,14.2408,547.2,62.1,1497.126, NAN, 29.560, NAN, NAN,,2024/04/17 20:39:49.044,2024-04-17 20:39:49.044000+00:00
2024/04/17, 20:40:49.044,35.955,-75.325, NAN,270.24,273.86,6.14,17.3,17.3,1014.9,1014.8,0.0,0.0,85.1,78.5,292,295,6.7,7.3,93.1,92.7,6.3,6.7,174.4,179.6,1017.0,1016.9,109.12,399.97,426.39,28.8214,14.2224,544.8,62.2,1497.046, NAN, 31.580, NAN, NAN,,2024/04/17 20:40:49.044,2024-04-17 20:40:49.044000+00:00
2024/04/17, 20:41:49.044,35.955,-75.326, NAN,258.0,269.88,4.03,17.2,17.3,1014.8,1014.8,0.0,0.0,85.1,78.5,286,284,6.6,6.8,93.1,93.1,6.7,7.0,166.1,164.8,1016.9,1016.9,106.36,399.62,417.72,28.8188,14.1733,544.8,62.1,1496.882, NAN, 32.280, NAN, NAN,,2024/04/17 20:41:49.044,2024-04-17 20:41:49.044000+00:00
2024/04/17, 20:42:49.044,35.954,-75.327, NAN,184.73,202.4,1.81,17.2,17.2,1014.7,1014.7,0.0,0.0,85.1,78.5,344,333,6.3,6.9,92.9,93.1,5.6,6.3,163.3,151.6,1016.8,1016.8,104.73,399.42,412.13,28.8335,14.1021,543.8,61.8,1496.664, NAN, 32.590, NAN, NAN,,2024/04/17 20:42:49.044,2024-04-17 20:42:49.044000+00:00
2024/04/17, 20:43:49.044,35.954,-75.327, NAN,116.17,133.01,1.36,17.1,17.2,1014.5,1014.6,0.0,0.0,85.1,78.5,47,35,6.5,7.0,93.2,93.3,5.9,6.3,165.7,152.2,1016.6,1016.7,102.96,399.86,406.56,28.8609,14.0609,544.8,62.0,1496.561, NAN, 32.560, NAN, NAN,,2024/04/17 20:43:49.044,2024-04-17 20:43:49.044000+00:00
2024/04/17, 20:44:49.044,35.954,-75.327, NAN,70.26,81.17,2.04,17.1,17.1,1014.7,1014.5,0.0,0.0,85.1,78.5,101,97,6.3,6.2,93.6,93.7,6.5,6.3,180.6,176.8,1016.8,1016.6,101.46,399.78,399.95,28.8981,14.0724,543.5,62.0,1496.642, NAN, 32.200, NAN, NAN,,2024/04/17 20:44:49.044,2024-04-17 20:44:49.044000+00:00
2024/04/17, 20:45:49.044,35.954,-75.325, NAN,87.36,80.4,3.95,17.1,17.1,1014.6,1014.6,0.0,0.0,85.1,78.5,75,78,6.5,6.3,93.6,93.7,6.5,6.4,180.3,183.7,1016.7,1016.7,99.72,399.62,393.11,28.9309,14.0751,541.7,61.8,1496.689, NAN, 32.060, NAN, NAN,,2024/04/17 20:45:49.044,2024-04-17 20:45:49.044000+00:00
2024/04/17, 20:46:49.044,35.954,-75.324, NAN,91.28,96.71,4.5,17.0,17.1,1014.7,1014.7,0.0,0.0,85.1,78.5,69,68,7.4,7.1,93.5,93.5,6.8,6.5,178.4,178.2,1016.8,1016.8,97.89,400.32,386.86,28.9408,14.0479,541.9,62.0,1496.611, NAN, 30.480, NAN, NAN,,2024/04/17 20:46:49.044,2024-04-17 20:46:49.044000+00:00
2024/04/17, 20:47:49.044,35.954,-75.322, NAN,87.62,90.66,4.1,17.0,17.0,1014.6,1014.6,0.0,0.0,85.1,78.5,71,71,7.4,7.2,94.4,94.4,6.8,6.6,175.0,175.5,1016.7,1016.7,95.75,400.98,380.21,28.9403,14.1019,542.2,62.2,1496.789, NAN, 29.240, NAN, NAN,,2024/04/17 20:47:49.044,2024-04-17 20:47:49.044000+00:00
2024/04/17, 20:48:49.044,35.954,-75.321, NAN,87.07,90.97,4.25,17.0,17.0,1014.6,1014.6,0.0,0.0,85.1,78.5,74,74,7.3,7.2,94.6,94.7,6.9,6.8,178.5,178.7,1016.7,1016.7,93.53,400.88,373.33,28.9596,14.1467,544.1,62.2,1496.959, NAN, 28.780, NAN, NAN,,2024/04/17 20:48:49.044,2024-04-17 20:48:49.044000+00:00
2024/04/17, 20:49:49.044,35.954,-75.319, NAN,85.91,85.47,4.49,17.1,17.1,1014.6,1014.5,0.0,0.0,85.1,78.5,78,77,7.4,7.2,94.8,94.9,7.3,7.0,182.0,181.5,1016.7,1016.6,90.8,401.14,366.17,29.0108,14.1498,549.9,62.0,1497.029, NAN, 27.750, NAN, NAN,,2024/04/17 20:49:49.044,2024-04-17 20:49:49.044000+00:00
2024/04/17, 20:50:49.045,35.954,-75.318, NAN,86.14,89.85,4.26,17.1,17.1,1014.5,1014.4,0.0,0.0,85.1,78.5,78,77,7.3,7.1,94.8,94.8,7.0,6.8,181.6,181.1,1016.6,1016.5,88.28,400.98,358.56,29.0317,14.1111,548.1,62.0,1496.926, NAN, 26.640, NAN, NAN,,2024/04/17 20:50:49.045,2024-04-17 20:50:49.045000+00:00
2024/04/17, 20:51:49.045,35.954,-75.317, NAN,85.99,88.86,4.01,17.1,17.1,1014.5,1014.5,0.0,0.0,85.1,78.5,79,80,7.4,7.4,94.5,94.6,7.2,7.2,181.2,182.1,1016.6,1016.6,86.19,400.94,353.96,29.0389,14.0755,546.5,62.0,1496.817, NAN, 26.350, NAN, NAN,,2024/04/17 20:51:49.045,2024-04-17 20:51:49.045000+00:00
2024/04/17, 20:52:49.045,35.954,-75.315, NAN,88.01,89.73,4.27,17.1,17.2,1014.5,1014.6,0.0,0.0,85.1,78.5,79,79,7.4,7.3,94.3,94.6,7.2,7.1,184.2,184.5,1016.6,1016.7,84.91,401.19,351.0,29.0365,14.1369,547.5,62.1,1497.016, NAN, 27.510, NAN, NAN,,2024/04/17 20:52:49.045,2024-04-17 20:52:49.045000+00:00
2024/04/17, 20:53:49.045,35.954,-75.314, NAN,88.01,86.38,4.1,17.1,17.1,1014.7,1014.5,0.0,0.0,85.1,78.5,79,79,7.4,7.4,94.0,94.1,7.3,7.3,183.5,183.5,1016.8,1016.6,84.34,401.27,350.06,29.0454,14.2032,548.4,62.0,1497.245, NAN, 27.910, NAN, NAN,,2024/04/17 20:53:49.045,2024-04-17 20:53:49.045000+00:00
2024/04/17, 20:54:49.045,35.954,-75.312, NAN,88.09,90.7,4.35,17.1,17.1,1014.5,1014.6,0.0,0.0,85.1,78.5,80,81,6.9,7.0,94.1,94.2,6.8,6.9,186.9,187.6,1016.6,1016.7,84.99,400.6,351.62,29.0229,14.2745,552.6,62.1,1497.452, NAN, 27.600, NAN, NAN,,2024/04/17 20:54:49.045,2024-04-17 20:54:49.045000+00:00
2024/04/17, 20:55:49.045,35.954,-75.311, NAN,87.82,90.04,4.61,17.0,17.1,1014.5,1014.5,0.0,0.0,85.1,78.5,80,79,7.5,7.3,93.8,93.9,7.4,7.1,186.1,185.7,1016.6,1016.6,86.41,401.86,355.67,29.0462,14.3236,548.9,62.2,1497.64, NAN, 27.740, NAN, NAN,,2024/04/17 20:55:49.045,2024-04-17 20:55:49.045000+00:00
2024/04/17, 20:56:49.045,35.954,-75.309, NAN,87.97,88.22,4.68,17.0,17.1,1014.4,1014.5,0.0,0.0,85.1,78.5,80,80,7.6,7.7,94.4,94.3,7.4,7.5,186.3,186.1,1016.5,1016.6,88.51,402.56,360.0,29.0174,14.3884,550.2,62.1,1497.819, NAN, 27.900, NAN, NAN,,2024/04/17 20:56:49.045,2024-04-17 20:56:49.045000+00:00
2024/04/17, 20:57:49.045,35.954,-75.308, NAN,88.04,94.28,4.68,17.1,17.1,1014.5,1014.5,0.0,0.0,85.1,78.5,80,80,7.3,7.3,95.1,95.4,7.2,7.2,187.2,187.2,1016.6,1016.6,90.77,402.13,364.31,28.9551,14.4302,548.1,62.3,1497.883, NAN, 28.020, NAN, NAN,,2024/04/17 20:57:49.045,2024-04-17 20:57:49.045000+00:00
2024/04/17, 20:58:49.045,35.954,-75.306, NAN,87.94,88.41,4.95,17.1,17.1,1014.5,1014.5,0.0,0.0,85.1,78.5,81,81,7.5,7.7,94.5,94.5,7.5,7.7,188.5,188.0,1016.6,1016.6,92.9,402.53,368.26,28.9321,14.4441,548.4,62.1,1497.901, NAN, 28.340, NAN, NAN,,2024/04/17 20:58:49.045,2024-04-17 20:58:49.045000+00:00
2024/04/17, 20:59:49.045,35.954,-75.304, NAN,86.46,88.16,4.52,17.2,17.2,1014.4,1014.4,0.0,0.0,85.1,78.5,84,83,7.4,7.3,94.8,94.9,7.4,7.2,188.6,187.8,1016.5,1016.5,95.0,402.43,372.43,28.9371,14.4402,547.2,62.0,1497.894, NAN, 28.300, NAN, NAN,,2024/04/17 20:59:49.045,2024-04-17 20:59:49.045000+00:00
2024/04/17, 21:00:49.045,35.954,-75.303, NAN,86.88,85.95,4.32,17.2,17.2,1014.5,1014.4,0.0,0.0,85.1,78.5,85,85,7.4,7.2,94.3,94.3,7.5,7.4,188.9,189.4,1016.6,1016.5,96.52,402.84,374.63,28.9577,14.4152,548.1,62.2,1497.837, NAN, 28.090, NAN, NAN,,2024/04/17 21:00:49.045,2024-04-17 21:00:49.045000+00:00
2024/04/17, 21:01:49.045,35.954,-75.301, NAN,86.51,85.91,4.18,17.2,17.3,1014.5,1014.4,0.0,0.0,85.1,78.5,84,84,7.1,7.1,94.6,94.6,7.1,7.1,187.9,187.9,1016.6,1016.5,97.17,402.35,374.95,29.0075,14.4,548.6,62.3,1497.845, NAN, 28.540, NAN, NAN,,2024/04/17 21:01:49.045,2024-04-17 21:01:49.045000+00:00
2024/04/17, 21:02:49.045,35.954,-75.3, NAN,86.62,87.98,4.22,17.2,17.2,1014.5,1014.5,0.0,0.0,85.1,78.5,86,84,7.2,7.2,94.5,93.7,7.3,7.3,189.8,187.9,1016.6,1016.6,96.73,402.5,373.54,29.0507,14.3843,545.9,62.2,1497.844, NAN, 27.980, NAN, NAN,,2024/04/17 21:02:49.045,2024-04-17 21:02:49.045000+00:00
2024/04/17, 21:03:49.045,35.954,-75.298, NAN,86.75,90.18,4.16,17.2,17.2,1014.5,1014.4,0.0,0.0,85.1,78.5,87,87,7.0,7.3,93.8,93.8,7.2,7.4,191.1,190.4,1016.6,1016.5,95.73,403.1,370.49,29.0931,14.3772,546.5,62.4,1497.87, NAN, 27.050, NAN, NAN,,2024/04/17 21:03:49.045,2024-04-17 21:03:49.045000+00:00
2024/04/17, 21:04:49.045,35.954,-75.297, NAN,86.95,95.3,4.11,17.1,17.2,1014.5,1014.5,0.0,0.0,85.1,78.5,84,85,7.2,7.2,94.1,94.1,7.1,7.2,187.9,188.9,1016.6,1016.6,94.45,403.07,366.02,29.1235,14.3865,545.2,62.4,1497.936, NAN, 26.910, NAN, NAN,,2024/04/17 21:04:49.045,2024-04-17 21:04:49.045000+00:00
2024/04/17, 21:05:49.045,35.954,-75.296, NAN,86.36,85.02,4.15,17.1,17.1,1014.4,1014.6,0.0,0.0,85.1,78.5,88,88,7.0,7.2,94.2,94.2,7.2,7.4,191.5,191.1,1016.5,1016.7,92.86,403.29,362.17,29.1357,14.3895,544.8,62.2,1497.96, NAN, 26.050, NAN, NAN,,2024/04/17 21:05:49.045,2024-04-17 21:05:49.045000+00:00
2024/04/17, 21:06:49.046,35.954,-75.294, NAN,83.16,92.33,4.05,17.1,17.1,1014.5,1014.5,0.0,0.0,85.1,78.5,89,88,6.6,7.0,94.3,94.4,6.7,7.0,190.2,188.3,1016.6,1016.6,91.44,403.52,358.23,29.1525,14.3808,543.8,62.3,1497.952, NAN, 25.310, NAN, NAN,,2024/04/17 21:06:49.046,2024-04-17 21:06:49.046000+00:00
2024/04/17, 21:07:49.046,35.954,-75.293, NAN,72.54,77.97,3.44,17.1,17.1,1014.5,1014.6,0.0,0.0,85.1,78.5,116,117,6.8,6.3,94.3,94.3,7.7,7.2,200.7,202.4,1016.6,1016.7,89.82,403.34,354.15,29.1708,14.3539,543.5,62.2,1497.885, NAN, 24.470, NAN, NAN,,2024/04/17 21:07:49.046,2024-04-17 21:07:49.046000+00:00
2024/04/17, 21:08:49.046,35.954,-75.292, NAN,142.81,126.48,2.95,17.0,17.1,1014.6,1014.7,0.0,0.0,85.1,78.5,56,61,8.6,8.2,94.2,94.3,8.3,8.0,208.9,214.5,1016.7,1016.8,88.22,404.65,350.04,29.1929,14.3922,544.8,62.4,1498.036, NAN, 24.550, NAN, NAN,,2024/04/17 21:08:49.046,2024-04-17 21:08:49.046000+00:00
2024/04/17, 21:09:49.046,35.954,-75.292, NAN,211.43,163.5,2.41,17.1,17.1,1014.7,1014.7,0.0,0.0,85.1,78.5,5,356,8.2,7.7,94.9,94.9,7.2,6.6,222.3,212.4,1016.8,1016.8,86.34,405.09,343.86,29.1907,14.436,546.2,62.4,1498.176, NAN, 24.910, NAN, NAN,,2024/04/17 21:09:49.046,2024-04-17 21:09:49.046000+00:00
2024/04/17, 21:10:49.046,35.953,-75.292, NAN,272.69,260.95,2.28,17.1,17.1,1014.7,1014.6,0.0,0.0,85.1,78.5,285,291,7.7,8.3,95.0,95.2,7.2,7.7,189.5,196.5,1016.8,1016.7,84.17,405.64,337.88,29.1961,14.4648,545.2,62.4,1498.277, NAN, 24.940, NAN, NAN,,2024/04/17 21:10:49.046,2024-04-17 21:10:49.046000+00:00
2024/04/17, 21:11:49.046,35.953,-75.293, NAN,269.9,271.53,3.93,17.2,17.2,1014.7,1014.7,0.0,0.0,85.1,78.5,289,291,8.2,9.2,94.8,94.9,7.8,8.7,184.7,188.3,1016.8,1016.8,81.93,405.93,331.93,29.1538,14.4321,544.1,62.2,1498.121, NAN, 24.540, NAN, NAN,,2024/04/17 21:11:49.046,2024-04-17 21:11:49.046000+00:00
2024/04/17, 21:12:49.046,35.953,-75.295, NAN,269.29,270.48,5.25,17.3,17.3,1014.8,1014.7,0.0,0.0,85.1,78.5,297,296,8.5,9.3,94.6,94.7,7.7,8.5,188.0,188.6,1016.9,1016.8,79.86,405.72,326.44,29.1452,14.325,545.2,62.2,1497.761, NAN, 25.670, NAN, NAN,,2024/04/17 21:12:49.046,2024-04-17 21:12:49.046000+00:00
2024/04/17, 21:13:49.046,35.953,-75.297, NAN,269.55,263.51,4.93,17.4,17.3,1014.8,1014.7,0.0,0.0,85.1,78.5,297,298,8.2,9.3,94.1,94.7,7.2,8.2,189.1,192.5,1016.9,1016.8,78.84,405.0,322.26,29.1722,14.3176,545.6,62.3,1497.768, NAN, 26.230, NAN, NAN,,2024/04/17 21:13:49.046,2024-04-17 21:13:49.046000+00:00
2024/04/17, 21:14:49.046,35.953,-75.298, NAN,269.65,275.15,4.65,17.4,17.4,1014.8,1014.8,0.0,0.0,85.1,78.5,295,297,7.7,8.7,93.2,93.5,7.3,8.2,186.6,190.7,1016.9,1016.9,78.37,404.29,318.64,29.1443,14.2726,545.2,62.3,1497.588, NAN, 26.870, NAN, NAN,,2024/04/17 21:14:49.046,2024-04-17 21:14:49.046000+00:00
2024/04/17, 21:15:49.046,35.953,-75.3, NAN,270.01,270.5,4.69,17.3,17.3,1014.8,1014.8,0.0,0.0,85.1,78.5,295,295,7.8,8.5,92.7,92.9,7.0,7.7,187.3,188.8,1016.9,1016.9,77.96,404.45,316.67,29.1188,14.1962,544.4,62.2,1497.307, NAN, 28.070, NAN, NAN,,2024/04/17 21:15:49.046,2024-04-17 21:15:49.046000+00:00
2024/04/17, 21:16:49.046,35.953,-75.301, NAN,270.35,267.31,4.54,17.3,17.3,1014.9,1014.6,0.0,0.0,85.1,78.5,294,294,7.5,8.3,92.6,92.8,6.8,7.6,186.4,188.2,1017.0,1016.7,77.63,403.96,314.87,29.1004,14.245,545.1,62.1,1497.446, NAN, 28.430, NAN, NAN,,2024/04/17 21:16:49.046,2024-04-17 21:16:49.046000+00:00
2024/04/17, 21:17:49.046,35.953,-75.303, NAN,270.2,265.61,4.9,17.2,17.3,1014.8,1014.7,0.0,0.0,85.1,78.5,293,295,7.9,8.4,92.5,92.7,7.1,7.5,184.9,188.2,1016.9,1016.8,77.65,404.75,313.51,29.0693,14.3,545.6,62.1,1497.59, NAN, 27.960, NAN, NAN,,2024/04/17 21:17:49.046,2024-04-17 21:17:49.046000+00:00
2024/04/17, 21:18:49.046,35.953,-75.305, NAN,269.73,267.35,4.98,17.2,17.2,1014.8,1014.7,0.0,0.0,85.1,78.5,295,295,7.7,8.5,93.1,93.0,6.9,7.6,185.5,187.5,1016.9,1016.8,77.77,404.36,312.56,29.0147,14.3704,544.4,62.2,1497.757, NAN, 28.010, NAN, NAN,,2024/04/17 21:18:49.046,2024-04-17 21:18:49.046000+00:00
2024/04/17, 21:19:49.046,35.953,-75.306, NAN,270.38,268.38,5.05,17.3,17.2,1014.8,1014.7,0.0,0.0,85.1,78.5,295,295,7.8,8.4,93.2,93.4,6.9,7.5,186.2,187.7,1016.9,1016.8,78.23,404.54,312.4,28.9803,14.4244,544.1,62.1,1497.893, NAN, 27.850, NAN, NAN,,2024/04/17 21:19:49.046,2024-04-17 21:19:49.046000+00:00
2024/04/17, 21:20:49.046,35.953,-75.308, NAN,269.98,267.77,5.09,17.3,17.3,1014.8,1014.6,0.0,0.0,85.1,78.5,297,297,7.9,8.8,93.1,93.1,7.0,7.9,188.0,190.1,1016.9,1016.7,78.82,404.49,313.08,28.9449,14.4436,544.8,62.1,1497.915, NAN, 27.780, NAN, NAN,,2024/04/17 21:20:49.046,2024-04-17 21:20:49.046000+00:00
2024/04/17, 21:21:49.047,35.953,-75.31, NAN,269.93,270.93,5.03,17.3,17.3,1014.8,1014.7,0.0,0.0,85.1,78.5,297,297,8.2,9.1,92.7,92.9,7.5,8.4,188.7,190.6,1016.9,1016.8,79.72,404.8,313.93,28.9112,14.4421,545.2,62.3,1497.87, NAN, 27.690, NAN, NAN,,2024/04/17 21:21:49.047,2024-04-17 21:21:49.047000+00:00
2024/04/17, 21:22:49.047,35.953,-75.312, NAN,270.41,273.52,5.24,17.3,17.3,1014.7,1014.7,0.0,0.0,85.1,78.5,295,295,8.5,9.2,92.8,93.0,7.7,8.4,187.1,188.6,1016.8,1016.8,80.52,404.88,314.9,28.8939,14.42,546.5,62.3,1497.778, NAN, 27.430, NAN, NAN,,2024/04/17 21:22:49.047,2024-04-17 21:22:49.047000+00:00
2024/04/17, 21:23:49.047,35.953,-75.313, NAN,269.99,269.02,5.11,17.4,17.4,1014.8,1014.6,0.0,0.0,85.1,78.5,295,295,8.5,9.2,92.9,93.1,7.8,8.4,187.1,188.6,1016.9,1016.7,80.86,405.05,314.82,28.8749,14.3732,546.5,62.3,1497.603, NAN, 27.690, NAN, NAN,,2024/04/17 21:23:49.047,2024-04-17 21:23:49.047000+00:00
2024/04/17, 21:24:49.047,35.953,-75.315, NAN,269.95,274.89,5.08,17.5,17.4,1014.7,1014.5,0.0,0.0,85.1,78.5,295,294,8.8,9.3,92.5,92.9,8.2,8.7,187.8,187.7,1016.8,1016.6,80.36,405.26,313.19,28.8563,14.3052,547.5,62.2,1497.358, NAN, 27.670, NAN, NAN,,2024/04/17 21:24:49.047,2024-04-17 21:24:49.047000+00:00
2024/04/17, 21:25:49.047,35.953,-75.317, NAN,269.73,272.7,5.01,17.5,17.5,1014.7,1014.5,0.0,0.0,85.1,78.5,296,296,8.7,9.7,92.3,92.6,8.1,9.0,188.6,190.5,1016.8,1016.6,79.29,405.15,310.22,28.836,14.2513,546.8,62.0,1497.158, NAN, 26.760, NAN, NAN,,2024/04/17 21:25:49.047,2024-04-17 21:25:49.047000+00:00
2024/04/17, 21:26:49.047,35.953,-75.319, NAN,270.59,266.87,5.13,17.6,17.5,1014.7,1014.7,0.0,0.0,85.1,78.5,294,293,9.1,9.7,91.8,92.3,8.2,8.9,188.0,188.1,1016.8,1016.8,77.81,406.14,306.58,28.8174,14.2068,547.2,62.1,1496.99, NAN, 27.150, NAN, NAN,,2024/04/17 21:26:49.047,2024-04-17 21:26:49.047000+00:00
2024/04/17, 21:27:49.047,35.953,-75.32, NAN,271.13,272.16,5.12,17.6,17.6,1014.7,1014.5,0.0,0.0,85.1,78.5,292,292,9.0,9.8,92.0,92.2,8.4,9.1,186.2,187.7,1016.8,1016.6,76.32,406.75,302.45,28.8041,14.2096,548.1,62.2,1496.984, NAN, 28.250, NAN, NAN,,2024/04/17 21:27:49.047,2024-04-17 21:27:49.047000+00:00
2024/04/17, 21:28:49.047,35.953,-75.322, NAN,273.73,273.81,5.09,17.7,17.7,1014.7,1014.6,0.0,0.0,85.1,78.5,291,292,9.1,9.7,92.1,92.4,8.5,9.0,188.1,190.2,1016.8,1016.7,75.08,406.49,297.38,28.7959,14.2207,546.5,62.2,1497.011, NAN, 29.300, NAN, NAN,,2024/04/17 21:28:49.047,2024-04-17 21:28:49.047000+00:00
2024/04/17, 21:29:49.047,35.953,-75.324, NAN,271.43,272.92,5.01,17.8,17.8,1014.7,1014.5,0.0,0.0,85.1,78.5,293,293,9.2,9.8,91.6,91.7,8.6,9.2,188.3,189.3,1016.8,1016.6,73.83,406.1,292.78,28.7979,14.2136,546.5,62.3,1496.99, NAN, 30.630, NAN, NAN,,2024/04/17 21:29:49.047,2024-04-17 21:29:49.047000+00:00
2024/04/17, 21:30:49.047,35.953,-75.325, NAN,308.38,294.32,4.49,17.8,17.8,1014.7,1014.5,0.0,0.0,85.1,78.5,268,288,7.7,9.6,91.0,91.2,7.6,8.6,199.0,223.3,1016.8,1016.6,72.33,405.38,287.64,28.8144,14.1733,546.2,62.3,1496.876, NAN, 31.890, NAN, NAN,,2024/04/17 21:30:49.047,2024-04-17 21:30:49.047000+00:00
2024/04/17, 21:31:49.047,35.954,-75.326, NAN,272.67,292.23,3.14,17.8,17.8,1014.7,1014.6,0.0,0.0,85.1,78.5,281,276,8.8,8.9,90.6,90.9,9.3,9.5,183.8,179.3,1016.8,1016.7,70.91,405.31,282.1,28.8407,14.1408,545.6,62.3,1496.8, NAN, 32.200, NAN, NAN,,2024/04/17 21:31:49.047,2024-04-17 21:31:49.047000+00:00
2024/04/17, 21:32:49.047,35.954,-75.327, NAN,197.18,207.93,2.45,17.8,17.8,1014.8,1014.7,0.0,0.0,85.1,78.5,351,337,8.5,9.0,90.5,90.7,7.4,8.1,183.6,168.2,1016.9,1016.8,69.02,405.07,276.28,28.8714,14.1637,545.2,62.0,1496.911, NAN, 32.520, NAN, NAN,,2024/04/17 21:32:49.047,2024-04-17 21:32:49.047000+00:00
2024/04/17, 21:33:49.047,35.953,-75.327, NAN,117.39,136.57,2.46,17.7,17.7,1014.5,1014.5,0.0,0.0,85.1,78.5,61,48,9.8,10.4,90.8,91.1,8.8,9.3,183.3,168.6,1016.6,1016.6,67.02,406.54,269.69,28.932,14.1867,545.6,61.9,1497.058, NAN, 32.600, NAN, NAN,,2024/04/17 21:33:49.047,2024-04-17 21:33:49.047000+00:00
2024/04/17, 21:34:49.047,35.953,-75.326, NAN,104.24,106.18,4.53,17.7,17.7,1014.5,1014.5,0.0,0.0,85.1,78.5,80,80,9.2,8.9,91.7,91.8,9.1,8.8,198.9,199.4,1016.6,1016.6,65.25,406.26,264.4,28.9484,14.2098,544.8,62.0,1497.153, NAN, 32.370, NAN, NAN,,2024/04/17 21:34:49.047,2024-04-17 21:34:49.047000+00:00
2024/04/17, 21:35:49.047,35.952,-75.325, NAN,96.62,100.6,5.31,17.7,17.7,1014.5,1014.5,0.0,0.0,85.1,78.5,82,79,9.0,9.0,91.1,91.3,8.8,8.6,196.2,193.3,1016.6,1016.6,63.91,405.88,259.69,28.9625,14.0643,539.8,60.4,1496.691, NAN, 30.920, NAN, NAN,,2024/04/17 21:35:49.047,2024-04-17 21:35:49.047000+00:00
2024/04/17, 21:36:49.047,35.952,-75.323, NAN,87.13,88.12,5.05,17.7,17.8,1014.4,1014.5,0.0,0.0,85.1,78.5,95,94,7.8,8.1,91.2,91.5,8.4,8.7,200.0,198.5,1016.5,1016.6,62.69,405.48,255.93,28.9669,14.0745,543.8,61.6,1496.729, NAN, 29.550, NAN, NAN,,2024/04/17 21:36:49.047,2024-04-17 21:36:49.047000+00:00
2024/04/17, 21:37:49.048,35.952,-75.321, NAN,85.85,88.72,4.89,17.7,17.8,1014.5,1014.5,0.0,0.0,85.1,78.5,99,97,7.6,7.7,90.8,91.0,8.4,8.4,202.0,200.1,1016.6,1016.6,61.77,405.19,252.75,28.9887,14.1341,542.8,61.8,1496.951, NAN, 28.220, NAN, NAN,,2024/04/17 21:37:49.048,2024-04-17 21:37:49.048000+00:00
2024/04/17, 21:38:49.048,35.952,-75.32, NAN,84.25,91.31,4.69,17.6,17.7,1014.5,1014.5,0.0,0.0,85.1,78.5,99,98,7.9,7.8,90.7,90.9,8.4,8.2,200.0,199.2,1016.6,1016.6,61.32,404.97,251.1,29.0146,14.1561,544.8,62.0,1497.054, NAN, 27.000, NAN, NAN,,2024/04/17 21:38:49.048,2024-04-17 21:38:49.048000+00:00
2024/04/17, 21:39:49.048,35.952,-75.318, NAN,86.58,93.63,4.74,17.6,17.6,1014.6,1014.6,0.0,0.0,85.1,78.5,98,96,7.9,7.9,91.0,91.1,8.4,8.3,201.5,199.7,1016.7,1016.7,61.23,404.95,250.18,28.9826,14.1512,544.8,62.0,1497.0, NAN, 27.020, NAN, NAN,,2024/04/17 21:39:49.048,2024-04-17 21:39:49.048000+00:00
2024/04/17, 21:40:49.048,35.952,-75.316, NAN,86.04,90.34,4.58,17.5,17.6,1014.5,1014.6,0.0,0.0,85.1,78.5,99,98,8.2,8.0,91.3,91.4,8.6,8.4,200.9,200.3,1016.6,1016.7,61.33,405.54,249.79,28.9881,14.1246,545.6,62.2,1496.919, NAN, 27.730, NAN, NAN,,2024/04/17 21:40:49.048,2024-04-17 21:40:49.048000+00:00
2024/04/17, 21:41:49.048,35.952,-75.315, NAN,85.26,87.21,4.77,17.6,17.6,1014.6,1014.6,0.0,0.0,85.1,78.5,101,99,7.9,7.7,92.0,92.0,8.6,8.3,202.7,201.3,1016.7,1016.7,61.46,405.47,249.44,29.0403,14.1359,546.2,62.1,1497.017, NAN, 27.450, NAN, NAN,,2024/04/17 21:41:49.048,2024-04-17 21:41:49.048000+00:00
2024/04/17, 21:42:49.048,35.952,-75.313, NAN,85.29,88.59,4.71,17.6,17.6,1014.5,1014.5,0.0,0.0,85.1,78.5,101,98,7.8,7.6,91.7,91.8,8.4,8.1,202.8,200.6,1016.6,1016.6,61.6,404.99,248.92,28.995,14.1633,546.5,62.2,1497.055, NAN, 27.430, NAN, NAN,,2024/04/17 21:42:49.048,2024-04-17 21:42:49.048000+00:00
2024/04/17, 21:43:49.048,35.952,-75.312, NAN,88.0,92.51,4.56,17.6,17.6,1014.5,1014.5,0.0,0.0,85.1,78.5,94,94,7.2,7.5,91.7,91.7,7.6,7.8,200.1,199.4,1016.6,1016.6,61.73,404.83,248.56,29.0512,14.2047,548.1,62.1,1497.256, NAN, 28.460, NAN, NAN,,2024/04/17 21:43:49.048,2024-04-17 21:43:49.048000+00:00
2024/04/17, 21:44:49.048,35.952,-75.31, NAN,88.05,87.64,4.78,17.6,17.6,1014.7,1014.6,0.0,0.0,85.1,78.5,97,96,7.6,7.4,91.4,91.5,8.2,8.0,202.3,201.8,1016.8,1016.7,61.94,404.74,248.56,29.0434,14.2618,546.5,62.0,1497.435, NAN, 29.640, NAN, NAN,,2024/04/17 21:44:49.048,2024-04-17 21:44:49.048000+00:00
2024/04/17, 21:45:49.048,35.952,-75.308, NAN,86.47,87.04,4.84,17.5,17.6,1014.5,1014.6,0.0,0.0,85.1,78.5,96,95,7.2,7.3,91.4,91.4,7.8,7.9,201.0,199.9,1016.6,1016.7,62.33,404.41,248.7,29.0345,14.3195,548.1,61.9,1497.613, NAN, 28.840, NAN, NAN,,2024/04/17 21:45:49.048,2024-04-17 21:45:49.048000+00:00
2024/04/17, 21:46:49.048,35.952,-75.307, NAN,86.95,93.18,4.84,17.5,17.6,1014.6,1014.5,0.0,0.0,85.1,78.5,98,96,7.1,7.2,91.7,91.4,7.7,7.7,203.7,201.7,1016.7,1016.6,62.84,404.46,248.82,28.9729,14.3754,545.2,61.8,1497.724, NAN, 28.350, NAN, NAN,,2024/04/17 21:46:49.048,2024-04-17 21:46:49.048000+00:00
2024/04/17, 21:47:49.048,35.952,-75.305, NAN,86.8,90.09,4.54,17.5,17.5,1014.5,1014.6,0.0,0.0,85.1,78.5,99,98,7.0,7.2,91.9,91.9,7.5,7.7,203.9,202.5,1016.6,1016.7,63.04,403.58,248.68,28.9551,14.394,544.1,61.7,1497.764, NAN, 27.640, NAN, NAN,,2024/04/17 21:47:49.048,2024-04-17 21:47:49.048000+00:00
2024/04/17, 21:48:49.048,35.952,-75.303, NAN,87.15,90.12,4.71,17.4,17.5,1014.7,1014.7,0.0,0.0,85.1,78.5,99,98,7.3,6.9,92.0,92.1,7.9,7.5,203.9,203.9,1016.8,1016.8,63.03,403.6,248.14,28.9498,14.3962,545.9,61.6,1497.765, NAN, 27.760, NAN, NAN,,2024/04/17 21:48:49.048,2024-04-17 21:48:49.048000+00:00
2024/04/17, 21:49:49.048,35.953,-75.302, NAN,86.61,86.61,4.72,17.4,17.4,1014.7,1014.7,0.0,0.0,85.1,78.5,101,99,7.1,7.0,92.2,92.4,7.8,7.7,205.4,203.9,1016.8,1016.8,62.82,403.63,247.16,28.9806,14.3829,545.2,61.8,1497.758, NAN, 28.190, NAN, NAN,,2024/04/17 21:49:49.048,2024-04-17 21:49:49.048000+00:00
2024/04/17, 21:50:49.048,35.953,-75.3, NAN,86.55,96.43,4.66,17.4,17.4,1014.7,1014.7,0.0,0.0,85.1,78.5,102,100,6.5,6.6,92.4,92.5,7.2,7.2,208.0,206.0,1016.8,1016.8,62.48,403.04,246.41,28.9821,14.3569,545.2,61.7,1497.675, NAN, 28.950, NAN, NAN,,2024/04/17 21:50:49.048,2024-04-17 21:50:49.048000+00:00
2024/04/17, 21:51:49.048,35.953,-75.299, NAN,87.22,87.49,4.66,17.3,17.4,1014.8,1014.8,0.0,0.0,85.1,78.5,98,97,6.7,6.3,92.2,92.2,7.3,6.9,204.1,204.4,1016.9,1016.9,62.76,403.07,246.52,28.9918,14.326,543.5,61.8,1497.585, NAN, 26.930, NAN, NAN,,2024/04/17 21:51:49.048,2024-04-17 21:51:49.048000+00:00
2024/04/17, 21:52:49.049,35.953,-75.297, NAN,86.5,88.73,4.38,17.2,17.3,1014.9,1014.8,0.0,0.0,85.1,78.5,98,98,6.4,6.3,92.2,92.2,6.9,6.8,203.4,203.7,1017.0,1016.9,63.31,403.36,247.83,29.0204,14.3188,545.6,61.5,1497.595, NAN, 26.180, NAN, NAN,,2024/04/17 21:52:49.049,2024-04-17 21:52:49.049000+00:00
2024/04/17, 21:53:49.049,35.953,-75.295, NAN,86.51,86.04,4.69,17.2,17.2,1015.1,1014.9,0.0,0.0,85.1,78.5,97,96,6.2,6.2,92.5,92.6,6.8,6.7,204.3,203.4,1017.2,1017.0,64.25,402.88,249.79,29.053,14.3207,543.8,61.6,1497.639, NAN, 25.430, NAN, NAN,,2024/04/17 21:53:49.049,2024-04-17 21:53:49.049000+00:00
2024/04/17, 21:54:49.049,35.953,-75.294, NAN,86.12,91.64,4.81,17.1,17.2,1014.9,1014.8,0.0,0.0,85.1,78.5,97,96,6.1,6.0,92.6,92.6,6.7,6.5,204.9,204.3,1017.0,1016.9,65.41,402.07,252.23,29.0496,14.3327,542.8,61.8,1497.674, NAN, 24.970, NAN, NAN,,2024/04/17 21:54:49.049,2024-04-17 21:54:49.049000+00:00
2024/04/17, 21:55:49.049,35.953,-75.292, NAN,82.61,81.23,4.17,17.0,17.1,1014.8,1014.7,0.0,0.0,85.1,78.5,112,106,6.1,5.9,92.8,92.9,7.2,6.8,210.6,206.2,1016.9,1016.8,66.67,402.18,255.16,29.0777,14.3823,544.8,61.7,1497.869, NAN, 24.510, NAN, NAN,,2024/04/17 21:55:49.049,2024-04-17 21:55:49.049000+00:00
2024/04/17, 21:56:49.049,35.952,-75.291, NAN,158.74,133.45,3.18,17.0,17.0,1014.9,1014.8,0.0,0.0,85.1,78.5,48,41,8.1,8.4,92.8,93.3,7.6,7.7,218.1,210.2,1017.0,1016.9,67.68,402.18,257.32,29.118,14.4141,542.8,61.8,1498.02, NAN, 24.820, NAN, NAN,,2024/04/17 21:56:49.049,2024-04-17 21:56:49.049000+00:00
2024/04/17, 21:57:49.049,35.952,-75.291, NAN,232.91,184.16,2.39,17.0,17.0,1014.7,1014.7,0.0,0.0,85.1,78.5,343,333,7.1,7.4,93.9,93.8,5.9,6.2,218.8,206.7,1016.8,1016.8,68.29,402.15,259.21,29.1365,14.4208,541.1,60.7,1498.064, NAN, 27.100, NAN, NAN,,2024/04/17 21:57:49.049,2024-04-17 21:57:49.049000+00:00
2024/04/17, 21:58:49.049,35.951,-75.292, NAN,274.81,265.61,2.05,17.0,17.0,1014.8,1014.7,0.0,0.0,85.1,78.5,288,289,7.2,7.8,93.8,93.8,6.8,7.4,194.8,196.5,1016.9,1016.8,68.74,402.04,260.62,29.1138,14.4189,541.9,61.2,1498.031, NAN, 26.990, NAN, NAN,,2024/04/17 21:58:49.049,2024-04-17 21:58:49.049000+00:00
2024/04/17, 21:59:49.049,35.951,-75.292, NAN,273.78,268.26,2.74,17.0,17.0,1014.8,1014.7,0.0,0.0,85.1,78.5,292,292,7.2,7.8,93.6,93.7,6.7,7.3,194.8,195.7,1016.9,1016.8,69.12,402.2,261.48,29.0831,14.424,543.2,61.2,1498.012, NAN, 24.450, NAN, NAN,,2024/04/17 21:59:49.049,2024-04-17 21:59:49.049000+00:00
2024/04/17, 22:00:49.049,35.951,-75.294, NAN,273.98,272.83,3.45,17.0,17.0,1014.8,1014.7,0.0,0.0,85.1,78.5,294,297,7.1,8.1,93.6,93.6,6.5,7.4,193.9,199.0,1016.9,1016.8,69.14,402.06,262.01,29.0821,14.4121,542.8,61.2,1497.972, NAN, 24.660, NAN, NAN,,2024/04/17 22:00:49.049,2024-04-17 22:00:49.049000+00:00
2024/04/17, 22:01:49.049,35.952,-75.295, NAN,271.02,272.54,3.89,17.0,17.0,1014.7,1014.7,0.0,0.0,85.1,78.5,298,301,7.2,8.5,93.5,93.6,6.5,7.7,193.2,199.0,1016.8,1016.8,69.21,402.03,262.58,29.0858,14.4008,542.8,61.2,1497.939, NAN, 24.510, NAN, NAN,,2024/04/17 22:01:49.049,2024-04-17 22:01:49.049000+00:00
2024/04/17, 22:02:49.049,35.952,-75.296, NAN,270.45,270.75,4.32,17.0,17.0,1014.8,1014.7,0.0,0.0,85.1,78.5,301,303,7.4,8.6,93.5,93.6,6.5,7.5,194.7,199.5,1016.9,1016.8,69.37,401.61,263.7,29.0241,14.3559,543.2,61.3,1497.72, NAN, 26.040, NAN, NAN,,2024/04/17 22:02:49.049,2024-04-17 22:02:49.049000+00:00
2024/04/17, 22:03:49.049,35.952,-75.298, NAN,271.27,273.29,4.59,16.9,16.9,1014.8,1014.6,0.0,0.0,85.1,78.5,304,305,7.5,8.8,93.4,93.5,6.6,7.8,197.5,201.5,1016.9,1016.7,70.45,401.72,265.76,28.9799,14.255,541.9,61.1,1497.338, NAN, 25.880, NAN, NAN,,2024/04/17 22:03:49.049,2024-04-17 22:03:49.049000+00:00
2024/04/17, 22:04:49.049,35.952,-75.299, NAN,270.79,271.79,4.86,16.9,16.9,1014.7,1014.7,0.0,0.0,85.1,78.5,304,306,7.4,8.9,93.6,93.6,6.3,7.7,195.8,201.6,1016.8,1016.8,71.66,401.89,267.19,28.9485,14.2194,542.8,61.4,1497.185, NAN, 27.530, NAN, NAN,,2024/04/17 22:04:49.049,2024-04-17 22:04:49.049000+00:00
2024/04/17, 22:05:49.049,35.952,-75.301, NAN,270.55,271.87,4.98,16.8,16.9,1014.7,1014.7,0.0,0.0,85.1,78.5,304,306,7.5,9.1,93.7,93.8,6.4,7.9,195.2,201.2,1016.8,1016.8,72.57,401.93,267.37,28.9468,14.2504,543.8,61.4,1497.284, NAN, 27.980, NAN, NAN,,2024/04/17 22:05:49.049,2024-04-17 22:05:49.049000+00:00
2024/04/17, 22:06:49.049,35.952,-75.303, NAN,270.71,271.72,4.97,16.8,16.9,1014.7,1014.6,0.0,0.0,85.1,78.5,305,305,7.7,9.0,94.1,94.2,6.7,7.9,196.9,199.9,1016.8,1016.7,72.64,401.84,265.79,28.941,14.2928,542.5,61.4,1497.417, NAN, 27.390, NAN, NAN,,2024/04/17 22:06:49.049,2024-04-17 22:06:49.049000+00:00
2024/04/17, 22:07:49.049,35.952,-75.304, NAN,271.4,269.58,5.0,16.8,16.9,1014.7,1014.6,0.0,0.0,85.1,78.5,306,306,8.4,9.5,94.3,94.3,7.2,8.2,200.7,202.9,1016.8,1016.7,72.19,402.82,263.15,28.9303,14.3238,542.8,61.4,1497.506, NAN, 27.500, NAN, NAN,,2024/04/17 22:07:49.049,2024-04-17 22:07:49.049000+00:00
2024/04/17, 22:08:49.050,35.952,-75.306, NAN,270.6,273.84,4.97,16.9,16.9,1014.7,1014.7,0.0,0.0,85.1,78.5,306,306,8.3,9.6,95.2,95.1,7.2,8.4,199.6,202.2,1016.8,1016.8,70.88,402.42,258.6,28.898,14.371,541.7,61.5,1497.623, NAN, 27.700, NAN, NAN,,2024/04/17 22:08:49.050,2024-04-17 22:08:49.050000+00:00
2024/04/17, 22:09:49.050,35.952,-75.308, NAN,270.92,267.37,5.04,17.0,17.0,1014.8,1014.6,0.0,0.0,85.1,78.5,306,305,8.9,10.0,95.0,95.3,7.6,8.7,201.3,202.2,1016.9,1016.7,68.39,403.02,251.56,28.8688,14.3915,542.8,61.4,1497.656, NAN, 27.720, NAN, NAN,,2024/04/17 22:09:49.050,2024-04-17 22:09:49.050000+00:00
2024/04/17, 22:10:49.050,35.952,-75.31, NAN,271.25,273.24,5.09,17.0,17.0,1014.7,1014.5,0.0,0.0,85.1,78.5,305,305,8.9,10.2,94.9,95.0,7.7,9.0,200.0,202.3,1016.8,1016.6,65.36,403.73,242.51,28.8511,14.3839,542.8,61.3,1497.61, NAN, 28.280, NAN, NAN,,2024/04/17 22:10:49.050,2024-04-17 22:10:49.050000+00:00
2024/04/17, 22:11:49.050,35.952,-75.311, NAN,270.76,268.32,5.01,17.1,17.1,1014.7,1014.5,0.0,0.0,85.1,78.5,304,305,9.3,10.6,94.7,94.8,8.1,9.3,199.8,202.9,1016.8,1016.6,61.72,404.78,230.42,28.8387,14.3323,544.8,61.5,1497.427, NAN, 29.170, NAN, NAN,,2024/04/17 22:11:49.050,2024-04-17 22:11:49.050000+00:00
2024/04/17, 22:12:49.050,35.952,-75.313, NAN,269.62,267.54,5.0,17.1,17.1,1014.6,1014.5,0.0,0.0,85.1,78.5,306,306,9.3,10.9,94.8,94.8,8.1,9.6,200.7,203.1,1016.7,1016.6,57.83,405.69,220.04,28.8264,14.2778,544.4,61.7,1497.234, NAN, 27.520, NAN, NAN,,2024/04/17 22:12:49.050,2024-04-17 22:12:49.050000+00:00
2024/04/17, 22:13:49.050,35.952,-75.315, NAN,268.92,269.36,4.97,17.1,17.2,1014.7,1014.5,0.0,0.0,85.1,78.5,307,307,9.0,10.3,94.8,95.2,7.8,9.0,200.6,202.8,1016.8,1016.6,53.8,405.51,210.25,28.8129,14.2294,544.4,61.6,1497.059, NAN, 27.530, NAN, NAN,,2024/04/17 22:13:49.050,2024-04-17 22:13:49.050000+00:00
2024/04/17, 22:14:49.050,35.952,-75.316, NAN,269.1,264.26,4.93,17.3,17.3,1014.6,1014.5,0.0,0.0,85.1,78.5,307,308,9.3,10.7,94.5,94.7,7.9,9.3,201.8,205.1,1016.7,1016.6,50.14,406.12,202.32,28.798,14.1976,542.8,61.6,1496.937, NAN, 27.700, NAN, NAN,,2024/04/17 22:14:49.050,2024-04-17 22:14:49.050000+00:00
2024/04/17, 22:15:49.050,35.952,-75.318, NAN,269.19,268.53,5.0,17.4,17.4,1014.6,1014.6,0.0,0.0,85.1,78.5,307,309,9.1,10.9,94.0,94.3,7.8,9.5,200.9,206.0,1016.7,1016.7,47.77,405.96,196.91,28.7851,14.2007,542.5,61.5,1496.932, NAN, 27.060, NAN, NAN,,2024/04/17 22:15:49.050,2024-04-17 22:15:49.050000+00:00
2024/04/17, 22:16:49.050,35.952,-75.32, NAN,268.91,274.66,4.97,17.5,17.4,1014.7,1014.5,0.0,0.0,85.1,78.5,307,306,9.2,11.1,93.4,93.8,8.1,10.0,200.6,202.4,1016.8,1016.6,47.17,406.91,194.37,28.7779,14.2066,542.8,61.6,1496.943, NAN, 27.140, NAN, NAN,,2024/04/17 22:16:49.050,2024-04-17 22:16:49.050000+00:00
2024/04/17, 22:17:49.050,35.952,-75.322, NAN,269.19,269.11,4.93,17.5,17.5,1014.5,1014.5,0.0,0.0,85.1,78.5,307,307,9.3,11.4,93.1,93.3,8.0,10.1,201.6,204.6,1016.6,1016.6,48.26,407.09,195.07,28.7838,14.1984,542.8,61.7,1496.923, NAN, 28.090, NAN, NAN,,2024/04/17 22:17:49.050,2024-04-17 22:17:49.050000+00:00
2024/04/17, 22:18:49.050,35.952,-75.323, NAN,269.44,269.7,4.97,17.5,17.5,1014.5,1014.4,0.0,0.0,85.1,78.5,307,307,9.6,11.0,92.7,93.0,8.3,9.7,202.2,204.2,1016.6,1016.5,50.29,406.95,197.47,28.7996,14.1852,540.1,61.5,1496.898, NAN, 29.570, NAN, NAN,,2024/04/17 22:18:49.050,2024-04-17 22:18:49.050000+00:00
2024/04/17, 22:19:49.050,35.952,-75.325, NAN,269.11,269.51,4.99,17.6,17.6,1014.5,1014.4,0.0,0.0,85.1,78.5,306,307,9.9,11.3,92.2,92.4,8.6,9.9,201.3,204.3,1016.6,1016.5,52.01,407.32,199.83,28.8263,14.1169,540.1,61.5,1496.705, NAN, 31.580, NAN, NAN,,2024/04/17 22:19:49.050,2024-04-17 22:19:49.050000+00:00
2024/04/17, 22:20:49.050,35.952,-75.327, NAN,290.6,282.14,4.7,17.6,17.6,1014.4,1014.4,0.0,0.0,85.1,78.5,293,299,9.4,10.6,91.9,92.1,8.4,9.3,209.4,217.7,1016.5,1016.5,52.77,406.25,200.94,28.8541,14.1273,539.8,61.7,1496.771, NAN, 31.730, NAN, NAN,,2024/04/17 22:20:49.050,2024-04-17 22:20:49.050000+00:00
2024/04/17, 22:21:49.050,35.952,-75.328, NAN,242.67,261.03,2.71,17.7,17.7,1014.4,1014.4,0.0,0.0,85.1,78.5,317,308,8.5,10.1,91.3,91.5,8.0,9.8,190.7,182.8,1016.5,1016.5,52.79,405.27,200.64,28.8933,14.1806,539.8,61.8,1496.993, NAN, 33.070, NAN, NAN,,2024/04/17 22:21:49.050,2024-04-17 22:21:49.050000+00:00
2024/04/17, 22:22:49.050,35.952,-75.328, NAN,176.47,190.92,1.42,17.7,17.6,1014.3,1014.3,0.0,0.0,85.1,78.5,24,11,9.5,8.9,90.5,90.8,8.8,8.2,200.1,185.9,1016.4,1016.4,52.33,405.62,200.01,28.9413,14.211,538.4,61.7,1497.149, NAN, 32.930, NAN, NAN,,2024/04/17 22:22:49.050,2024-04-17 22:22:49.050000+00:00
2024/04/17, 22:23:49.050,35.951,-75.328, NAN,110.77,129.14,2.02,17.6,17.6,1014.3,1014.3,0.0,0.0,85.1,78.5,85,76,9.3,9.6,90.6,90.7,8.9,9.1,201.9,192.3,1016.4,1016.4,51.6,406.11,198.78,28.9821,14.2207,539.2,61.8,1497.228, NAN, 33.170, NAN, NAN,,2024/04/17 22:23:49.050,2024-04-17 22:23:49.050000+00:00
2024/04/17, 22:24:49.051,35.951,-75.327, NAN,90.52,90.16,3.22,17.7,17.7,1014.1,1014.2,0.0,0.0,85.1,78.5,111,108,10.3,9.7,90.5,90.9,11.0,10.3,209.7,207.4,1016.2,1016.3,51.28,407.19,197.64,28.9884,14.2322,536.4,61.7,1497.273, NAN, 32.280, NAN, NAN,,2024/04/17 22:24:49.051,2024-04-17 22:24:49.051000+00:00
2024/04/17, 22:25:49.051,35.951,-75.326, NAN,88.16,88.29,4.57,17.8,17.8,1014.3,1014.0,0.0,0.0,85.1,78.5,112,108,10.3,9.5,91.0,91.3,11.4,10.5,211.1,208.4,1016.4,1016.1,51.14,407.33,196.64,28.9871,14.1888,536.4,62.0,1497.129, NAN, 32.340, NAN, NAN,,2024/04/17 22:25:49.051,2024-04-17 22:25:49.051000+00:00
2024/04/17, 22:26:49.051,35.951,-75.324, NAN,91.1,92.16,5.28,17.9,17.9,1014.1,1014.1,0.0,0.0,85.1,78.5,108,105,10.1,9.9,90.5,90.6,11.2,10.9,212.4,210.0,1016.2,1016.2,51.05,406.53,195.27,28.9862,14.1447,537.1,62.0,1496.983, NAN, 30.890, NAN, NAN,,2024/04/17 22:26:49.051,2024-04-17 22:26:49.051000+00:00
2024/04/17, 22:27:49.051,35.951,-75.322, NAN,88.16,88.93,5.57,17.9,17.9,1014.1,1014.0,0.0,0.0,85.1,78.5,109,105,9.8,9.6,90.1,90.3,11.0,10.7,211.5,208.3,1016.2,1016.1,50.48,405.55,193.66,29.0112,14.0505,537.7,62.0,1496.702, NAN, 28.430, NAN, NAN,,2024/04/17 22:27:49.051,2024-04-17 22:27:49.051000+00:00
2024/04/17, 22:28:49.051,35.951,-75.32, NAN,88.73,89.39,4.92,18.0,18.0,1014.2,1014.0,0.0,0.0,85.1,78.5,113,108,10.1,9.5,89.6,89.6,11.3,10.5,213.8,210.1,1016.3,1016.1,49.65,405.28,191.1,29.0667,14.0337,539.2,61.9,1496.712, NAN, 27.360, NAN, NAN,,2024/04/17 22:28:49.051,2024-04-17 22:28:49.051000+00:00
2024/04/17, 22:29:49.051,35.951,-75.319, NAN,88.71,88.59,5.02,18.0,18.0,1014.3,1014.2,0.0,0.0,85.1,78.5,112,109,10.2,9.6,89.4,89.3,11.4,10.7,212.8,210.9,1016.4,1016.3,48.5,405.48,188.26,29.0907,14.0648,540.8,61.9,1496.842, NAN, 27.960, NAN, NAN,,2024/04/17 22:29:49.051,2024-04-17 22:29:49.051000+00:00
2024/04/17, 22:30:49.051,35.951,-75.317, NAN,88.58,90.97,4.74,18.0,18.0,1014.1,1014.0,0.0,0.0,85.1,78.5,115,110,10.3,10.2,89.3,89.3,11.4,11.2,214.9,210.6,1016.2,1016.1,47.19,405.48,183.99,29.1575,14.1166,541.9,61.8,1497.091, NAN, 28.110, NAN, NAN,,2024/04/17 22:30:49.051,2024-04-17 22:30:49.051000+00:00
2024/04/17, 22:31:49.051,35.951,-75.315, NAN,87.17,85.65,4.92,18.0,18.0,1014.3,1014.3,0.0,0.0,85.1,78.5,116,113,10.3,9.7,89.2,89.7,11.6,10.9,214.4,212.4,1016.4,1016.4,45.44,404.51,179.16,29.1308,14.149,538.4,61.8,1497.166, NAN, 27.500, NAN, NAN,,2024/04/17 22:31:49.051,2024-04-17 22:31:49.051000+00:00
2024/04/17, 22:32:49.051,35.951,-75.314, NAN,86.37,92.86,4.82,18.0,18.1,1014.3,1014.2,0.0,0.0,85.1,78.5,116,112,10.4,9.7,89.1,89.1,11.5,10.6,214.1,211.3,1016.4,1016.3,43.91,404.38,173.27,29.099,14.1554,539.8,61.4,1497.15, NAN, 27.430, NAN, NAN,,2024/04/17 22:32:49.051,2024-04-17 22:32:49.051000+00:00
2024/04/17, 22:33:49.051,35.951,-75.312, NAN,86.48,85.0,4.82,18.0,18.0,1014.4,1014.3,0.0,0.0,85.1,78.5,116,112,10.2,9.9,89.0,89.0,11.5,11.0,213.8,210.6,1016.5,1016.4,42.1,404.67,166.86,29.1336,14.1513,541.1,61.4,1497.177, NAN, 27.830, NAN, NAN,,2024/04/17 22:33:49.051,2024-04-17 22:33:49.051000+00:00
2024/04/17, 22:34:49.051,35.951,-75.31, NAN,86.61,85.81,4.86,18.0,18.0,1014.4,1014.3,0.0,0.0,85.1,78.5,116,113,9.7,9.0,89.0,89.2,11.0,10.2,214.6,212.9,1016.5,1016.4,40.34,403.83,160.99,29.1437,14.1588,540.4,61.5,1497.214, NAN, 27.240, NAN, NAN,,2024/04/17 22:34:49.051,2024-04-17 22:34:49.051000+00:00
2024/04/17, 22:35:49.051,35.951,-75.309, NAN,86.53,91.18,4.95,17.9,18.0,1014.4,1014.3,0.0,0.0,85.1,78.5,118,114,9.9,9.7,88.8,88.7,11.2,10.9,216.4,213.2,1016.5,1016.4,38.58,404.43,154.68,29.1492,14.1822,544.4,61.5,1497.297, NAN, 25.940, NAN, NAN,,2024/04/17 22:35:49.051,2024-04-17 22:35:49.051000+00:00
2024/04/17, 22:36:49.051,35.951,-75.307, NAN,89.58,91.58,4.84,17.9,17.9,1014.4,1014.4,0.0,0.0,85.1,78.5,116,112,9.4,8.6,89.2,89.1,10.7,9.8,217.8,215.3,1016.5,1016.5,36.58,404.42,149.11,29.1363,14.2276,542.5,61.5,1497.431, NAN, 26.240, NAN, NAN,,2024/04/17 22:36:49.051,2024-04-17 22:36:49.051000+00:00
2024/04/17, 22:37:49.051,35.951,-75.305, NAN,88.16,89.14,4.98,17.8,17.9,1014.4,1014.5,0.0,0.0,85.1,78.5,117,114,9.1,8.9,89.0,88.7,10.5,10.2,217.9,215.6,1016.5,1016.6,34.49,404.32,142.74,29.0581,14.2853,539.5,61.5,1497.529, NAN, 26.640, NAN, NAN,,2024/04/17 22:37:49.051,2024-04-17 22:37:49.051000+00:00
2024/04/17, 22:38:49.051,35.951,-75.304, NAN,88.51,90.96,5.05,17.8,17.8,1014.5,1014.5,0.0,0.0,85.1,78.5,118,115,9.3,9.0,89.3,89.4,10.7,10.3,219.3,217.1,1016.6,1016.6,32.38,404.6,136.21,28.9996,14.3401,540.8,61.7,1497.64, NAN, 27.010, NAN, NAN,,2024/04/17 22:38:49.051,2024-04-17 22:38:49.051000+00:00
2024/04/17, 22:39:49.051,35.951,-75.302, NAN,88.11,90.0,5.06,17.7,17.8,1014.5,1014.5,0.0,0.0,85.1,78.5,117,113,9.4,8.8,89.3,89.3,10.7,10.0,218.0,215.4,1016.6,1016.6,30.37,404.38,128.99,28.9451,14.3577,542.2,61.8,1497.634, NAN, 27.650, NAN, NAN,,2024/04/17 22:39:49.051,2024-04-17 22:39:49.051000+00:00
2024/04/17, 22:40:49.052,35.951,-75.3, NAN,87.87,91.56,4.96,17.6,17.7,1014.5,1014.5,0.0,0.0,85.1,78.5,116,113,9.0,8.7,89.3,89.3,10.2,9.8,217.2,215.0,1016.6,1016.6,28.33,404.61,123.2,28.9184,14.3435,539.2,61.8,1497.556, NAN, 28.000, NAN, NAN,,2024/04/17 22:40:49.052,2024-04-17 22:40:49.052000+00:00
2024/04/17, 22:41:49.052,35.951,-75.299, NAN,87.5,94.17,5.11,17.5,17.6,1014.6,1014.5,0.0,0.0,85.1,78.5,117,112,8.9,8.3,89.6,89.3,10.2,9.4,218.2,214.9,1016.7,1016.6,26.6,405.05,118.0,28.9605,14.3172,542.8,61.6,1497.519, NAN, 26.300, NAN, NAN,,2024/04/17 22:41:49.052,2024-04-17 22:41:49.052000+00:00
2024/04/17, 22:42:49.052,35.951,-75.297, NAN,87.5,86.45,5.08,17.5,17.5,1014.5,1014.6,0.0,0.0,85.1,78.5,116,112,8.6,8.2,89.9,89.7,10.0,9.4,217.2,214.5,1016.6,1016.7,25.16,405.25,113.15,29.0015,14.3008,542.5,61.6,1497.514, NAN, 25.300, NAN, NAN,,2024/04/17 22:42:49.052,2024-04-17 22:42:49.052000+00:00
2024/04/17, 22:43:49.052,35.951,-75.295, NAN,87.34,88.33,5.1,17.4,17.5,1014.7,1014.5,0.0,0.0,85.1,78.5,114,112,8.4,7.9,90.3,90.2,9.7,9.2,215.8,214.9,1016.8,1016.6,23.84,405.18,108.73,28.9657,14.2989,540.8,61.7,1497.465, NAN, 24.800, NAN, NAN,,2024/04/17 22:43:49.052,2024-04-17 22:43:49.052000+00:00
2024/04/17, 22:44:49.052,35.951,-75.293, NAN,77.48,95.12,4.5,17.4,17.5,1014.5,1014.5,0.0,0.0,85.1,78.5,121,113,7.9,7.7,90.1,90.0,8.8,8.4,213.0,206.3,1016.6,1016.6,22.8,405.41,104.11,28.9602,14.3002,539.8,61.5,1497.463, NAN, 27.220, NAN, NAN,,2024/04/17 22:44:49.052,2024-04-17 22:44:49.052000+00:00
2024/04/17, 22:45:49.052,35.951,-75.292, NAN,94.75,88.74,3.74,17.4,17.4,1014.7,1014.7,0.0,0.0,85.1,78.5,121,126,8.9,8.5,90.6,90.4,10.3,10.0,223.9,228.5,1016.8,1016.8,21.8,405.57,100.34,28.9645,14.3036,539.8,61.4,1497.479, NAN, 26.870, NAN, NAN,,2024/04/17 22:45:49.052,2024-04-17 22:45:49.052000+00:00
2024/04/17, 22:46:49.052,35.951,-75.291, NAN,166.61,132.57,2.59,17.3,17.4,1014.7,1014.5,0.0,0.0,85.1,78.5,53,57,10.2,9.6,90.8,90.8,10.1,9.6,227.1,231.5,1016.8,1016.6,20.91,406.13,97.2,29.0128,14.3263,538.8,61.7,1497.61, NAN, 25.800, NAN, NAN,,2024/04/17 22:46:49.052,2024-04-17 22:46:49.052000+00:00
2024/04/17, 22:47:49.052,35.95,-75.291, NAN,223.68,174.59,2.1,17.4,17.4,1014.5,1014.7,0.0,0.0,85.1,78.5,1,2,9.9,9.8,91.5,91.2,9.0,8.9,228.2,229.3,1016.6,1016.8,19.94,406.89,92.96,29.0415,14.3328,538.0,61.7,1497.665, NAN, 25.400, NAN, NAN,,2024/04/17 22:47:49.052,2024-04-17 22:47:49.052000+00:00
2024/04/17, 22:48:49.052,35.95,-75.292, NAN,270.87,271.48,2.16,17.4,17.4,1014.7,1014.5,0.0,0.0,85.1,78.5,303,304,10.1,11.3,91.4,91.4,9.6,10.7,208.2,209.9,1016.8,1016.6,18.85,407.96,88.54,29.0112,14.3271,539.5,61.7,1497.611, NAN, 25.070, NAN, NAN,,2024/04/17 22:48:49.052,2024-04-17 22:48:49.052000+00:00
2024/04/17, 22:49:49.052,35.95,-75.293, NAN,270.51,272.46,3.59,17.5,17.5,1014.9,1014.5,0.0,0.0,85.1,78.5,308,307,10.1,11.9,91.7,91.8,9.1,11.0,209.0,209.5,1017.0,1016.6,17.9,408.22,84.2,28.9583,14.3191,540.4,61.5,1497.523, NAN, 25.580, NAN, NAN,,2024/04/17 22:49:49.052,2024-04-17 22:49:49.052000+00:00
2024/04/17, 22:50:49.052,35.95,-75.294, NAN,268.53,269.81,4.49,17.6,17.6,1014.8,1014.7,0.0,0.0,85.1,78.5,312,312,10.7,12.4,91.7,91.7,9.4,11.1,209.7,211.3,1016.9,1016.8,16.92,408.71,80.75,28.9551,14.1995,541.9,61.6,1497.127, NAN, 26.980, NAN, NAN,,2024/04/17 22:50:49.052,2024-04-17 22:50:49.052000+00:00
2024/04/17, 22:51:49.052,35.95,-75.296, NAN,267.57,268.21,4.64,17.8,17.8,1014.9,1014.7,0.0,0.0,85.1,78.5,315,313,10.9,12.7,91.4,91.4,9.3,11.2,212.3,211.7,1017.0,1016.8,16.04,410.3,77.59,28.9735,14.2245,543.2,61.7,1497.231, NAN, 24.810, NAN, NAN,,2024/04/17 22:51:49.052,2024-04-17 22:51:49.052000+00:00
2024/04/17, 22:52:49.052,35.95,-75.297, NAN,267.25,262.7,4.66,17.8,17.8,1014.9,1014.7,0.0,0.0,85.1,78.5,316,314,10.5,12.2,91.4,91.4,8.8,10.6,213.1,212.5,1017.0,1016.8,15.24,410.26,74.56,28.9332,14.1941,541.9,61.8,1497.084, NAN, 25.370, NAN, NAN,,2024/04/17 22:52:49.052,2024-04-17 22:52:49.052000+00:00
2024/04/17, 22:53:49.052,35.95,-75.299, NAN,265.35,272.7,4.56,18.1,18.1,1014.9,1014.7,0.0,0.0,85.1,78.5,317,315,10.0,11.6,91.1,91.2,8.6,10.3,210.5,210.2,1017.0,1016.8,14.5,408.92,71.41,28.9255,14.1608,541.9,61.8,1496.965, NAN, 26.500, NAN, NAN,,2024/04/17 22:53:49.052,2024-04-17 22:53:49.052000+00:00
2024/04/17, 22:54:49.052,35.95,-75.3, NAN,268.09,267.51,4.53,18.2,18.2,1014.9,1014.6,0.0,0.0,85.1,78.5,314,314,9.2,11.0,89.6,89.6,7.8,9.5,209.7,212.0,1017.0,1016.7,13.69,407.99,67.58,28.8977,14.1596,542.2,61.8,1496.929, NAN, 27.560, NAN, NAN,,2024/04/17 22:54:49.052,2024-04-17 22:54:49.052000+00:00
2024/04/17, 22:55:49.052,35.95,-75.302, NAN,269.56,275.91,4.73,18.2,18.2,1014.9,1014.7,0.0,0.0,85.1,78.5,313,312,8.8,10.3,88.5,88.6,7.5,9.0,208.1,209.3,1017.0,1016.8,12.59,406.9,63.93,28.8915,14.2125,543.2,62.0,1497.095, NAN, 27.060, NAN, NAN,,2024/04/17 22:55:49.052,2024-04-17 22:55:49.052000+00:00
2024/04/17, 22:56:49.053,35.95,-75.304, NAN,269.73,272.04,5.09,18.1,18.1,1014.8,1014.7,0.0,0.0,85.1,78.5,315,313,8.8,10.4,87.9,88.1,7.2,8.8,209.8,210.2,1016.9,1016.8,11.38,406.01,60.2,28.8798,14.2619,543.2,61.9,1497.244, NAN, 26.000, NAN, NAN,,2024/04/17 22:56:49.053,2024-04-17 22:56:49.053000+00:00
2024/04/17, 22:57:49.053,35.95,-75.305, NAN,270.24,273.64,5.28,17.9,17.9,1014.9,1014.8,0.0,0.0,85.1,78.5,318,315,9.3,10.2,88.1,88.1,7.6,8.6,213.9,211.9,1017.0,1016.9,9.91,406.26,56.35,28.8688,14.3037,539.8,62.0,1497.368, NAN, 25.190, NAN, NAN,,2024/04/17 22:57:49.053,2024-04-17 22:57:49.053000+00:00
2024/04/17, 22:58:49.053,35.95,-75.307, NAN,270.15,273.87,5.12,17.8,17.8,1014.8,1014.7,0.0,0.0,85.1,78.5,318,317,8.8,10.7,88.9,88.8,7.1,9.0,213.6,215.5,1016.9,1016.8,8.45,406.87,52.21,28.8539,14.2838,542.2,62.1,1497.285, NAN, 24.640, NAN, NAN,,2024/04/17 22:58:49.053,2024-04-17 22:58:49.053000+00:00
2024/04/17, 22:59:49.053,35.95,-75.309, NAN,269.91,270.3,4.87,17.7,17.7,1014.9,1014.7,0.0,0.0,85.1,78.5,319,318,9.3,11.1,89.3,89.4,7.6,9.4,216.3,217.5,1017.0,1016.8,7.39,407.91,49.37,28.8372,14.2411,541.1,62.2,1497.126, NAN, 25.040, NAN, NAN,,2024/04/17 22:59:49.053,2024-04-17 22:59:49.053000+00:00
2024/04/17, 23:00:49.053,35.95,-75.31, NAN,270.34,273.23,4.76,17.7,17.7,1014.8,1014.8,0.0,0.0,85.1,78.5,320,318,9.4,10.8,90.4,90.6,7.7,9.1,218.6,218.1,1016.9,1016.9,6.98,408.39,47.37,28.8209,14.1949,540.8,62.1,1496.955, NAN, 26.200, NAN, NAN,,2024/04/17 23:00:49.053,2024-04-17 23:00:49.053000+00:00
2024/04/17, 23:01:49.053,35.95,-75.312, NAN,269.71,268.49,4.78,17.7,17.7,1014.8,1014.7,0.0,0.0,85.1,78.5,322,318,10.2,11.4,90.6,90.7,8.4,9.7,221.5,218.1,1016.9,1016.8,6.51,410.03,46.05,28.8058,14.1579,542.5,62.1,1496.816, NAN, 27.430, NAN, NAN,,2024/04/17 23:01:49.053,2024-04-17 23:01:49.053000+00:00
2024/04/17, 23:02:49.053,35.95,-75.314, NAN,269.87,270.53,4.6,17.8,17.8,1014.7,1014.7,0.0,0.0,85.1,78.5,322,319,11.1,12.6,91.7,91.7,9.4,11.0,222.4,220.3,1016.8,1016.8,6.32,410.87,44.92,28.7914,14.1382,541.7,62.1,1496.734, NAN, 27.890, NAN, NAN,,2024/04/17 23:02:49.053,2024-04-17 23:02:49.053000+00:00
2024/04/17, 23:03:49.053,35.95,-75.315, NAN,268.83,272.18,4.5,18.0,18.0,1014.9,1014.7,0.0,0.0,85.1,78.5,320,318,11.5,12.7,91.4,91.6,9.9,11.2,219.8,218.5,1017.0,1016.8,6.18,411.09,43.39,28.7838,14.1353,541.1,62.2,1496.716, NAN, 27.780, NAN, NAN,,2024/04/17 23:03:49.053,2024-04-17 23:03:49.053000+00:00
2024/04/17, 23:04:49.053,35.95,-75.317, NAN,267.89,266.89,4.53,18.2,18.1,1014.8,1014.7,0.0,0.0,85.1,78.5,321,318,11.7,13.0,91.1,91.3,10.0,11.4,220.4,218.0,1016.9,1016.8,5.95,412.47,42.16,28.7858,14.1303,540.4,62.0,1496.701, NAN, 28.030, NAN, NAN,,2024/04/17 23:04:49.053,2024-04-17 23:04:49.053000+00:00
2024/04/17, 23:05:49.053,35.95,-75.318, NAN,266.83,273.09,4.42,18.4,18.3,1014.9,1014.5,0.0,0.0,85.1,78.5,320,318,11.3,13.4,91.4,91.5,9.8,12.0,217.5,216.9,1017.0,1016.6,5.62,413.85,41.18,28.8012,14.1229,539.5,62.0,1496.695, NAN, 28.130, NAN, NAN,,2024/04/17 23:05:49.053,2024-04-17 23:05:49.053000+00:00
2024/04/17, 23:06:49.053,35.95,-75.32, NAN,266.01,269.18,4.41,18.7,18.6,1014.9,1014.6,0.0,0.0,85.1,78.5,320,318,10.5,12.1,91.3,91.6,9.0,10.7,215.8,215.1,1017.0,1016.7,5.74,412.21,40.64,28.8203,14.0947,538.5,62.0,1496.625, NAN, 28.160, NAN, NAN,,2024/04/17 23:06:49.053,2024-04-17 23:06:49.053000+00:00
2024/04/17, 23:07:49.053,35.95,-75.321, NAN,267.22,268.43,4.76,19.0,18.9,1014.8,1014.7,0.0,0.0,85.1,78.5,321,318,10.1,12.0,89.1,89.5,8.4,10.4,217.3,215.8,1016.9,1016.8,6.18,409.69,40.45,28.8442,14.0445,538.8,62.0,1496.487, NAN, 27.980, NAN, NAN,,2024/04/17 23:07:49.053,2024-04-17 23:07:49.053000+00:00
2024/04/17, 23:08:49.053,35.95,-75.323, NAN,267.26,269.63,5.09,19.0,19.0,1014.9,1014.7,0.0,0.0,85.1,78.5,321,319,10.5,12.3,86.7,87.0,8.7,10.6,216.7,216.4,1017.0,1016.8,6.43,407.63,40.53,28.8759,14.0401,538.8,62.1,1496.51, NAN, 28.920, NAN, NAN,,2024/04/17 23:08:49.053,2024-04-17 23:08:49.053000+00:00
2024/04/17, 23:09:49.053,35.95,-75.325, NAN,267.31,270.98,5.09,19.0,19.0,1014.9,1014.8,0.0,0.0,85.1,78.5,320,318,10.4,12.3,85.5,85.7,8.7,10.6,215.4,215.2,1017.0,1016.9,6.61,405.93,40.53,28.9244,14.0046,538.5,62.0,1496.449, NAN, 31.060, NAN, NAN,,2024/04/17 23:09:49.053,2024-04-17 23:09:49.053000+00:00
2024/04/17, 23:10:49.053,35.95,-75.327, NAN,286.88,283.27,4.86,18.8,18.8,1014.9,1014.8,0.0,0.0,85.1,78.5,308,312,9.6,11.4,85.2,85.3,8.1,9.8,221.7,228.7,1017.0,1016.9,6.4,404.91,40.34,28.9684,14.0337,538.0,62.1,1496.597, NAN, 32.330, NAN, NAN,,2024/04/17 23:10:49.053,2024-04-17 23:10:49.053000+00:00
2024/04/17, 23:11:49.053,35.95,-75.328, NAN,223.23,257.4,2.56,18.8,18.6,1014.9,1014.8,0.0,0.0,85.1,78.5,349,337,9.4,9.7,85.2,85.8,8.4,8.9,206.5,193.6,1017.0,1016.9,6.25,404.92,39.98,28.9962,14.0444,537.1,62.0,1496.665, NAN, 33.030, NAN, NAN,,2024/04/17 23:11:49.053,2024-04-17 23:11:49.053000+00:00
2024/04/17, 23:12:49.054,35.95,-75.328, NAN,154.19,171.45,1.33,18.4,18.4,1014.7,1014.8,0.0,0.0,85.1,78.5,60,49,9.9,10.0,86.2,86.3,9.5,9.5,217.3,205.7,1016.8,1016.9,5.99,405.96,39.67,29.0102,14.0341,536.8,62.0,1496.647, NAN, 33.160, NAN, NAN,,2024/04/17 23:12:49.054,2024-04-17 23:12:49.054000+00:00
2024/04/17, 23:13:49.054,35.949,-75.328, NAN,99.69,107.91,2.45,18.3,18.3,1014.8,1014.7,0.0,0.0,85.1,78.5,123,115,9.0,8.7,87.7,87.6,9.6,9.1,229.6,222.3,1016.9,1016.8,5.64,405.95,39.16,29.0095,14.0307,535.5,62.1,1496.635, NAN, 32.610, NAN, NAN,,2024/04/17 23:13:49.054,2024-04-17 23:13:49.054000+00:00
2024/04/17, 23:14:49.054,35.949,-75.326, NAN,92.05,95.11,3.83,18.2,18.3,1014.8,1014.8,0.0,0.0,85.1,78.5,123,122,8.8,8.6,88.0,88.2,9.9,9.7,225.0,224.3,1016.9,1016.9,5.71,404.65,38.75,29.0164,14.0345,534.7,62.2,1496.655, NAN, 32.420, NAN, NAN,,2024/04/17 23:14:49.054,2024-04-17 23:14:49.054000+00:00
2024/04/17, 23:15:49.054,35.949,-75.325, NAN,87.99,91.85,4.63,18.2,18.2,1014.8,1014.8,0.0,0.0,85.1,78.5,124,119,8.2,8.2,88.2,88.5,9.7,9.5,224.2,220.0,1016.9,1016.9,5.5,405.18,38.27,29.0223,14.0439,536.8,62.3,1496.693, NAN, 30.580, NAN, NAN,,2024/04/17 23:15:49.054,2024-04-17 23:15:49.054000+00:00
2024/04/17, 23:16:49.054,35.949,-75.323, NAN,85.32,84.31,5.27,18.2,18.2,1014.7,1014.8,0.0,0.0,85.1,78.5,124,123,8.0,7.7,89.2,89.3,9.7,9.4,222.8,222.4,1016.8,1016.9,5.49,404.81,37.66,29.032,14.0582,535.2,62.2,1496.752, NAN, 28.600, NAN, NAN,,2024/04/17 23:16:49.054,2024-04-17 23:16:49.054000+00:00
2024/04/17, 23:17:49.054,35.949,-75.321, NAN,85.55,90.41,5.27,18.2,18.2,1014.7,1014.6,0.0,0.0,85.1,78.5,124,120,8.5,8.2,89.3,89.3,10.1,9.7,222.9,220.1,1016.8,1016.7,5.45,403.24,36.72,29.0357,14.0236,536.8,62.3,1496.642, NAN, 27.510, NAN, NAN,,2024/04/17 23:17:49.054,2024-04-17 23:17:49.054000+00:00
2024/04/17, 23:18:49.054,35.949,-75.32, NAN,84.08,84.33,5.26,18.2,18.3,1014.7,1014.7,0.0,0.0,85.1,78.5,124,121,8.0,7.6,89.1,89.1,9.7,9.2,221.6,219.8,1016.8,1016.8,5.32,401.64,35.6,29.0462,14.0065,534.4,62.3,1496.598, NAN, 28.280, NAN, NAN,,2024/04/17 23:18:49.054,2024-04-17 23:18:49.054000+00:00
2024/04/17, 23:19:49.054,35.949,-75.318, NAN,88.2,93.51,5.31,18.2,18.3,1014.7,1014.7,0.0,0.0,85.1,78.5,121,116,8.1,7.8,88.6,89.1,9.7,9.2,223.5,219.9,1016.8,1016.8,5.12,400.46,34.08,29.0542,13.9821,535.5,62.3,1496.527, NAN, 28.590, NAN, NAN,,2024/04/17 23:19:49.054,2024-04-17 23:19:49.054000+00:00
2024/04/17, 23:20:49.054,35.949,-75.316, NAN,88.54,95.36,5.01,18.2,18.3,1014.5,1014.6,0.0,0.0,85.1,78.5,119,115,7.8,7.7,88.9,88.8,9.1,8.9,222.5,219.4,1016.6,1016.7,4.45,398.89,32.23,29.0722,13.9161,535.0,62.2,1496.33, NAN, 28.120, NAN, NAN,,2024/04/17 23:20:49.054,2024-04-17 23:20:49.054000+00:00
2024/04/17, 23:21:49.054,35.949,-75.314, NAN,87.5,85.15,5.3,18.2,18.2,1014.7,1014.7,0.0,0.0,85.1,78.5,120,117,8.1,8.1,88.7,88.7,9.8,9.7,221.4,219.0,1016.8,1016.8,3.98,397.88,30.1,29.0852,13.8668,536.8,62.0,1496.182, NAN, 27.840, NAN, NAN,,2024/04/17 23:21:49.054,2024-04-17 23:21:49.054000+00:00
2024/04/17, 23:22:49.054,35.949,-75.313, NAN,86.74,87.09,4.92,18.2,18.2,1014.4,1014.6,0.0,0.0,85.1,78.5,119,116,8.3,8.1,89.2,88.7,9.7,9.4,219.4,217.1,1016.5,1016.7,3.14,397.17,27.34,29.116,13.8792,536.4,62.1,1496.259, NAN, 27.160, NAN, NAN,,2024/04/17 23:22:49.054,2024-04-17 23:22:49.054000+00:00
2024/04/17, 23:23:49.054,35.949,-75.311, NAN,87.18,88.11,5.24,18.2,18.3,1014.7,1014.5,0.0,0.0,85.1,78.5,120,116,8.2,8.0,89.1,89.1,9.8,9.5,220.9,217.9,1016.8,1016.6,2.2,396.99,24.83,29.1193,13.9882,537.1,62.2,1496.623, NAN, 25.770, NAN, NAN,,2024/04/17 23:23:49.054,2024-04-17 23:23:49.054000+00:00
2024/04/17, 23:24:49.054,35.949,-75.309, NAN,87.14,91.09,5.09,18.2,18.3,1014.5,1014.5,0.0,0.0,85.1,78.5,121,118,7.7,7.5,89.4,89.1,9.2,8.9,222.6,220.5,1016.6,1016.6,1.41,396.32,22.35,29.1027,14.047,535.8,62.2,1496.798, NAN, 24.660, NAN, NAN,,2024/04/17 23:24:49.054,2024-04-17 23:24:49.054000+00:00
2024/04/17, 23:25:49.054,35.949,-75.307, NAN,84.69,90.51,4.88,18.2,18.3,1014.5,1014.6,0.0,0.0,85.1,78.5,126,121,7.8,7.7,89.6,88.4,9.3,9.1,224.0,220.0,1016.6,1016.7,0.56,395.69,19.95,29.1112,14.0867,536.1,62.3,1496.938, NAN, 24.430, NAN, NAN,,2024/04/17 23:25:49.054,2024-04-17 23:25:49.054000+00:00
2024/04/17, 23:26:49.054,35.949,-75.306, NAN,85.16,85.98,4.97,18.2,18.2,1014.6,1014.6,0.0,0.0,85.1,78.5,128,125,7.8,7.6,88.5,88.3,9.5,9.2,225.7,223.6,1016.7,1016.7,-0.27,395.92,17.61,29.0094,14.1196,534.0,62.2,1496.928, NAN, 24.620, NAN, NAN,,2024/04/17 23:26:49.054,2024-04-17 23:26:49.054000+00:00
2024/04/17, 23:27:49.054,35.949,-75.304, NAN,85.44,87.84,5.06,18.0,18.1,1014.5,1014.6,0.0,0.0,85.1,78.5,128,127,7.7,7.6,88.2,88.2,9.4,9.3,226.5,225.8,1016.6,1016.7,-1.32,397.06,15.1,29.0047,14.1513,536.1,62.2,1497.027, NAN, 25.420, NAN, NAN,,2024/04/17 23:27:49.054,2024-04-17 23:27:49.054000+00:00
2024/04/17, 23:28:49.055,35.949,-75.302, NAN,86.04,88.0,4.84,17.9,18.0,1014.5,1014.4,0.0,0.0,85.1,78.5,126,125,8.4,8.1,88.7,88.6,10.0,9.6,224.2,223.8,1016.6,1016.5,-2.17,398.71,13.3,28.9817,14.1814,534.7,62.2,1497.099, NAN, 26.510, NAN, NAN,,2024/04/17 23:28:49.055,2024-04-17 23:28:49.055000+00:00
2024/04/17, 23:29:49.055,35.949,-75.301, NAN,88.04,89.09,4.85,17.8,17.9,1014.5,1014.5,0.0,0.0,85.1,78.5,127,126,8.7,8.2,89.6,89.6,10.3,9.8,226.4,226.2,1016.6,1016.6,-2.64,401.0,11.71,28.915,14.2206,536.1,62.2,1497.149, NAN, 27.160, NAN, NAN,,2024/04/17 23:29:49.055,2024-04-17 23:29:49.055000+00:00
2024/04/17, 23:30:49.055,35.949,-75.299, NAN,89.55,90.15,4.76,17.8,17.9,1014.5,1014.5,0.0,0.0,85.1,78.5,128,125,8.2,8.0,90.2,90.1,9.9,9.6,229.1,226.8,1016.6,1016.6,-3.12,402.24,10.27,28.8749,14.273,534.7,62.1,1497.275, NAN, 26.060, NAN, NAN,,2024/04/17 23:30:49.055,2024-04-17 23:30:49.055000+00:00
2024/04/17, 23:31:49.055,35.949,-75.297, NAN,88.64,86.58,4.8,17.8,17.9,1014.5,1014.5,0.0,0.0,85.1,78.5,129,128,9.3,8.8,90.2,90.3,11.0,10.5,227.7,227.4,1016.6,1016.6,-3.39,404.67,8.95,28.8617,14.2889,535.5,62.2,1497.311, NAN, 25.380, NAN, NAN,,2024/04/17 23:31:49.055,2024-04-17 23:31:49.055000+00:00
2024/04/17, 23:32:49.055,35.949,-75.296, NAN,89.54,91.99,4.89,17.9,18.0,1014.5,1014.5,0.0,0.0,85.1,78.5,129,126,9.6,9.1,90.7,90.5,11.3,10.7,228.7,226.6,1016.6,1016.6,-3.74,406.15,7.59,28.8661,14.2722,537.1,62.3,1497.262, NAN, 26.040, NAN, NAN,,2024/04/17 23:32:49.055,2024-04-17 23:32:49.055000+00:00
2024/04/17, 23:33:49.055,35.949,-75.294, NAN,85.98,89.63,4.64,18.0,18.1,1014.4,1014.5,0.0,0.0,85.1,78.5,131,125,8.9,8.5,90.9,90.6,10.5,9.9,227.7,223.1,1016.5,1016.6,-4.06,407.44,6.6,28.881,14.254,536.8,62.3,1497.219, NAN, 25.070, NAN, NAN,,2024/04/17 23:33:49.055,2024-04-17 23:33:49.055000+00:00
2024/04/17, 23:34:49.055,35.949,-75.293, NAN,67.86,69.01,3.99,18.2,18.3,1014.5,1014.5,0.0,0.0,85.1,78.5,152,155,8.5,7.7,90.0,89.8,10.3,9.6,225.3,228.2,1016.6,1016.6,-4.06,407.18,5.81,28.9024,14.2463,535.5,62.2,1497.219, NAN, 24.600, NAN, NAN,,2024/04/17 23:34:49.055,2024-04-17 23:34:49.055000+00:00
2024/04/17, 23:35:49.055,35.949,-75.291, NAN,141.26,121.86,2.96,18.3,18.4,1014.5,1014.5,0.0,0.0,85.1,78.5,87,94,10.3,9.9,89.0,88.8,10.8,10.5,236.2,243.0,1016.6,1016.6,-4.19,409.54,5.19,28.9073,14.2502,536.1,62.2,1497.238, NAN, 24.620, NAN, NAN,,2024/04/17 23:35:49.055,2024-04-17 23:35:49.055000+00:00
2024/04/17, 23:36:49.055,35.949,-75.291, NAN,203.42,158.55,1.83,18.5,18.5,1014.5,1014.4,0.0,0.0,85.1,78.5,30,32,11.2,10.9,89.8,89.4,10.8,10.6,238.0,240.1,1016.6,1016.5,-4.24,410.41,4.54,28.9507,14.2589,534.7,62.2,1497.317, NAN, 24.440, NAN, NAN,,2024/04/17 23:36:49.055,2024-04-17 23:36:49.055000+00:00
2024/04/17, 23:37:49.055,35.949,-75.291, NAN,263.46,236.95,1.64,18.7,18.7,1014.4,1014.4,0.0,0.0,85.1,78.5,330,333,11.0,11.7,89.2,88.8,10.2,10.9,232.9,236.2,1016.5,1016.5,-4.33,412.68,4.01,28.9354,14.263,535.0,62.1,1497.312, NAN, 24.580, NAN, NAN,,2024/04/17 23:37:49.055,2024-04-17 23:37:49.055000+00:00
2024/04/17, 23:38:49.055,35.949,-75.292, NAN,270.75,270.11,2.62,19.0,19.0,1014.6,1014.4,0.0,0.0,85.1,78.5,315,312,11.0,12.5,89.4,89.2,10.1,11.7,220.2,217.7,1016.7,1016.5,-4.28,414.29,3.51,28.9116,14.2594,537.4,62.2,1497.273, NAN, 24.780, NAN, NAN,,2024/04/17 23:38:49.055,2024-04-17 23:38:49.055000+00:00
2024/04/17, 23:39:49.055,35.949,-75.293, NAN,262.16,257.15,3.35,19.4,19.4,1014.7,1014.4,0.0,0.0,85.1,78.5,324,321,10.8,12.6,88.7,88.8,9.4,11.2,220.6,218.1,1016.8,1016.5,-3.99,412.05,3.06,28.8964,14.2048,536.8,61.9,1497.076, NAN, 24.890, NAN, NAN,,2024/04/17 23:39:49.055,2024-04-17 23:39:49.055000+00:00
2024/04/17, 23:40:49.055,35.948,-75.294, NAN,258.42,256.39,4.01,19.4,19.6,1014.7,1014.4,0.0,0.0,85.1,78.5,328,324,10.6,12.3,88.5,85.9,8.9,10.7,219.5,216.0,1016.8,1016.5,-3.81,408.52,2.66,28.897,14.1394,538.4,62.0,1496.861, NAN, 24.540, NAN, NAN,,2024/04/17 23:40:49.055,2024-04-17 23:40:49.055000+00:00
2024/04/17, 23:41:49.055,35.948,-75.296, NAN,264.73,269.13,4.58,19.6,19.7,1014.5,1014.6,0.0,0.0,85.1,78.5,328,325,10.5,11.9,83.0,83.2,8.7,10.1,223.9,221.6,1016.6,1016.7,-4.03,407.25,2.24,28.8981,14.1727,536.8,62.1,1496.972, NAN, 25.860, NAN, NAN,,2024/04/17 23:41:49.055,2024-04-17 23:41:49.055000+00:00
2024/04/17, 23:42:49.055,35.948,-75.297, NAN,271.12,276.44,4.85,19.4,19.4,1014.7,1014.5,0.0,0.0,85.1,78.5,319,317,10.4,11.5,82.7,82.6,8.8,10.0,218.6,217.6,1016.8,1016.6,-4.4,407.46,1.88,28.9319,14.2007,537.4,62.1,1497.104, NAN, 25.310, NAN, NAN,,2024/04/17 23:42:49.055,2024-04-17 23:42:49.055000+00:00
2024/04/17, 23:43:49.055,35.948,-75.299, NAN,270.38,269.59,5.08,19.1,19.1,1014.6,1014.5,0.0,0.0,85.1,78.5,315,312,10.4,11.6,84.0,83.7,8.8,10.1,213.1,211.1,1016.7,1016.6,-5.01,409.03,1.54,28.9151,14.2254,537.4,62.2,1497.165, NAN, 26.060, NAN, NAN,,2024/04/17 23:43:49.055,2024-04-17 23:43:49.055000+00:00
2024/04/17, 23:44:49.056,35.948,-75.301, NAN,270.56,274.12,5.17,19.1,19.0,1014.7,1014.4,0.0,0.0,85.1,78.5,316,313,10.0,11.2,84.3,86.2,8.4,9.7,213.4,211.6,1016.8,1016.5,-5.2,409.1,1.27,28.8863,14.2018,536.1,62.1,1497.054, NAN, 26.420, NAN, NAN,,2024/04/17 23:44:49.056,2024-04-17 23:44:49.056000+00:00
2024/04/17, 23:45:49.056,35.948,-75.303, NAN,271.06,270.58,5.13,19.0,19.0,1014.6,1014.4,0.0,0.0,85.1,78.5,316,315,9.2,11.0,86.4,86.5,7.6,9.4,212.8,214.4,1016.7,1016.5,-5.22,407.37,1.05,28.8709,14.1631,536.8,62.1,1496.909, NAN, 25.350, NAN, NAN,,2024/04/17 23:45:49.056,2024-04-17 23:45:49.056000+00:00
2024/04/17, 23:46:49.056,35.948,-75.304, NAN,271.61,268.68,5.16,19.0,19.0,1014.5,1014.5,0.0,0.0,85.1,78.5,317,315,9.4,10.9,85.3,85.6,7.6,9.2,215.2,215.0,1016.6,1016.6,-5.2,405.91,0.85,28.8657,14.1612,536.8,62.1,1496.897, NAN, 25.030, NAN, NAN,,2024/04/17 23:46:49.056,2024-04-17 23:46:49.056000+00:00
2024/04/17, 23:47:49.056,35.948,-75.306, NAN,270.7,272.21,4.91,18.8,18.8,1014.7,1014.4,0.0,0.0,85.1,78.5,318,315,9.6,11.0,84.6,84.9,8.0,9.5,215.8,214.3,1016.8,1016.5,-5.39,404.16,0.71,28.867,14.152,536.8,62.0,1496.868, NAN, 24.510, NAN, NAN,,2024/04/17 23:47:49.056,2024-04-17 23:47:49.056000+00:00
2024/04/17, 23:48:49.056,35.948,-75.308, NAN,269.57,270.0,4.83,18.5,18.5,1014.6,1014.5,0.0,0.0,85.1,78.5,321,319,9.2,11.0,84.7,84.8,7.5,9.3,218.2,218.3,1016.7,1016.6,-5.57,404.65,0.58,28.8377,14.1329,537.1,62.0,1496.771, NAN, 24.120, NAN, NAN,,2024/04/17 23:48:49.056,2024-04-17 23:48:49.056000+00:00
2024/04/17, 23:49:49.056,35.948,-75.309, NAN,268.62,270.88,4.95,18.2,18.3,1014.7,1014.5,0.0,0.0,85.1,78.5,326,322,9.6,11.3,85.9,86.0,7.7,9.5,223.6,220.9,1016.8,1016.6,-5.78,405.45,0.47,28.8139,14.1114,537.1,62.1,1496.672, NAN, 24.930, NAN, NAN,,2024/04/17 23:49:49.056,2024-04-17 23:49:49.056000+00:00
2024/04/17, 23:50:49.056,35.948,-75.311, NAN,267.73,270.4,4.75,18.0,18.1,1014.7,1014.4,0.0,0.0,85.1,78.5,326,323,9.8,11.1,87.1,87.2,7.9,9.3,223.6,221.4,1016.8,1016.5,-5.9,405.29,0.38,28.8021,14.087,536.1,62.2,1496.578, NAN, 25.960, NAN, NAN,,2024/04/17 23:50:49.056,2024-04-17 23:50:49.056000+00:00
2024/04/17, 23:51:49.056,35.948,-75.313, NAN,267.79,269.1,4.74,17.9,17.9,1014.6,1014.5,0.0,0.0,85.1,78.5,326,322,10.2,11.4,88.2,88.1,8.3,9.6,224.0,220.5,1016.7,1016.6,-5.96,406.42,0.3,28.8125,14.0577,536.8,61.9,1496.493, NAN, 26.960, NAN, NAN,,2024/04/17 23:51:49.056,2024-04-17 23:51:49.056000+00:00
2024/04/17, 23:52:49.056,35.948,-75.314, NAN,268.56,269.55,4.84,17.9,17.9,1014.7,1014.5,0.0,0.0,85.1,78.5,324,321,10.1,11.7,89.1,89.2,8.2,9.9,222.2,220.4,1016.8,1016.6,-5.87,407.84,0.24,28.8347,14.0178,535.2,62.0,1496.388, NAN, 27.830, NAN, NAN,,2024/04/17 23:52:49.056,2024-04-17 23:52:49.056000+00:00
2024/04/17, 23:53:49.056,35.948,-75.316, NAN,269.33,271.7,4.75,17.9,17.9,1014.6,1014.5,0.0,0.0,85.1,78.5,320,318,10.2,11.6,90.2,90.0,8.5,10.0,218.4,217.6,1016.7,1016.6,-5.86,408.61,0.19,28.8641,13.9669,534.7,62.0,1496.254, NAN, 27.660, NAN, NAN,,2024/04/17 23:53:49.056,2024-04-17 23:53:49.056000+00:00
2024/04/17, 23:54:49.056,35.948,-75.318, NAN,267.61,272.85,4.65,17.9,18.0,1014.7,1014.5,0.0,0.0,85.1,78.5,319,317,10.3,12.1,90.3,90.6,8.8,10.6,215.4,215.1,1016.8,1016.6,-5.84,410.24,0.14,28.8976,14.0,535.5,62.0,1496.403, NAN, 28.300, NAN, NAN,,2024/04/17 23:54:49.056,2024-04-17 23:54:49.056000+00:00
2024/04/17, 23:55:49.056,35.948,-75.319, NAN,267.15,267.82,4.75,18.2,18.0,1014.7,1014.5,0.0,0.0,85.1,78.5,320,318,10.7,11.9,91.0,90.6,9.0,10.2,217.1,215.9,1016.8,1016.6,-5.57,411.1,0.11,28.9434,14.0171,532.4,62.0,1496.513, NAN, 29.350, NAN, NAN,,2024/04/17 23:55:49.056,2024-04-17 23:55:49.056000+00:00
2024/04/17, 23:56:49.056,35.948,-75.321, NAN,267.61,265.79,4.69,18.4,18.4,1014.7,1014.5,0.0,0.0,85.1,78.5,320,318,10.6,12.4,90.8,90.9,8.9,10.7,217.5,216.9,1016.8,1016.6,-5.43,410.68,0.07,28.9744,14.0292,534.0,62.0,1496.589, NAN, 29.730, NAN, NAN,,2024/04/17 23:56:49.056,2024-04-17 23:56:49.056000+00:00
2024/04/17, 23:57:49.056,35.948,-75.322, NAN,269.01,270.8,4.78,18.5,18.5,1014.7,1014.5,0.0,0.0,85.1,78.5,321,319,10.2,11.9,89.8,90.0,8.5,10.2,219.2,218.7,1016.8,1016.6,-5.18,408.88,0.06,28.9961,14.0082,532.4,61.8,1496.545, NAN, 29.320, NAN, NAN,,2024/04/17 23:57:49.056,2024-04-17 23:57:49.056000+00:00
2024/04/17, 23:58:49.056,35.948,-75.324, NAN,268.84,269.53,4.82,18.5,18.5,1014.8,1014.5,0.0,0.0,85.1,78.5,321,318,9.9,11.4,88.1,88.1,8.2,9.7,218.6,216.8,1016.9,1016.6,-5.13,407.63,0.04,28.9991,13.9845,531.0,61.9,1496.47, NAN, 30.110, NAN, NAN,,2024/04/17 23:58:49.056,2024-04-17 23:58:49.056000+00:00
2024/04/17, 23:59:49.056,35.948,-75.326, NAN,272.69,268.4,4.9,18.4,18.4,1014.7,1014.7,0.0,0.0,85.1,78.5,322,320,9.6,11.3,87.1,87.2,7.7,9.4,223.7,223.3,1016.8,1016.8,-5.37,408.42,0.03,29.0043,13.9847,530.4,61.8,1496.477, NAN, 31.870, NAN, NAN,,2024/04/17 23:59:49.056,2024-04-17 23:59:49.056000+00:00
2024/04/16, 00:00:48.876,35.852,-74.848, 0.14,209.24,344.02,0.18,16.9,16.9,1011.8,1011.9,0.0,0.0,85.09,78.49,0,357,9.6,9.3,89.0,89.0,9.6,9.3,208.7,205.7,1013.9,1014.0,-6.27,357.92,0.09,30.5368,12.5513,410.7,56.6,1493.473, NAN, NAN, NAN, NAN,,2024/04/16 00:00:48.876,2024-04-16 00:00:48.876000+00:00
2024/04/16, 00:01:48.876,35.852,-74.848, 0.09,210.26,26.43,0.16,16.9,16.9,1011.9,1011.9,0.0,0.0,85.09,78.49,1,356,9.9,9.5,88.7,88.9,10.0,9.6,211.3,206.4,1014.0,1014.0,-6.29,358.35,0.07,30.5401,12.5515,412.0,56.7,1493.477, NAN, NAN, NAN, NAN,,2024/04/16 00:01:48.876,2024-04-16 00:01:48.876000+00:00
2024/04/16, 00:02:48.876,35.852,-74.848, 0.22,211.03,350.38,0.16,16.9,16.9,1011.9,1011.9,0.0,0.0,85.09,78.49,0,354,9.5,9.0,89.1,89.2,9.5,9.0,211.5,205.5,1014.0,1014.0,-6.28,358.19,0.05,30.5375,12.5522,411.3,56.7,1493.476, NAN, NAN, NAN, NAN,,2024/04/16 00:02:48.876,2024-04-16 00:02:48.876000+00:00
2024/04/16, 00:03:48.876,35.852,-74.848, 0.10,211.38,355.05,0.47,16.9,16.9,1011.9,1011.9,0.0,0.0,85.09,78.49,3,356,9.4,9.5,88.6,89.3,9.6,9.7,215.1,208.3,1014.0,1014.0,-6.3,358.41,0.04,30.5405,12.5528,410.4,56.6,1493.482, NAN, NAN, NAN, NAN,,2024/04/16 00:03:48.876,2024-04-16 00:03:48.876000+00:00
2024/04/16, 00:04:48.876,35.852,-74.848, 0.10,211.21,25.04,0.06,16.9,16.9,1011.9,1012.0,0.0,0.0,85.09,78.49,2,357,10.7,10.2,88.8,89.0,10.7,10.2,213.3,208.3,1014.0,1014.1,-6.34,358.85,0.03,30.545,12.5551,409.6,56.5,1493.495, NAN, NAN, NAN, NAN,,2024/04/16 00:04:48.876,2024-04-16 00:04:48.876000+00:00
2024/04/16, 00:05:48.876,35.852,-74.848, 0.12,212.94,298.86,0.71,16.9,16.9,1011.9,1012.0,0.0,0.0,85.09,78.49,359,353,10.1,10.0,88.8,88.9,10.0,10.0,209.9,203.9,1014.0,1014.1,-6.25,358.29,0.02,30.5418,12.5511,410.4,56.1,1493.478, NAN, NAN, NAN, NAN,,2024/04/16 00:05:48.876,2024-04-16 00:05:48.876000+00:00
2024/04/16, 00:06:48.876,35.852,-74.848, 0.05,214.72,337.62,0.32,17.0,17.0,1012.1,1011.9,0.0,0.0,85.09,78.49,358,351,9.5,9.5,88.7,88.9,9.6,9.6,211.8,204.8,1014.2,1014.0,-6.21,358.51,0.02,30.5436,12.5521,411.6,56.2,1493.483, NAN, NAN, NAN, NAN,,2024/04/16 00:06:48.876,2024-04-16 00:06:48.876000+00:00
2024/04/16, 00:07:48.876,35.852,-74.848, 0.17,215.48,311.76,0.2,17.1,17.1,1012.1,1011.9,0.0,0.0,85.09,78.49,355,349,10.1,9.7,88.4,88.5,10.1,9.7,209.9,203.9,1014.2,1014.0,-6.25,359.02,0.01,30.5402,12.5541,412.3,56.3,1493.486, NAN, NAN, NAN, NAN,,2024/04/16 00:07:48.876,2024-04-16 00:07:48.876000+00:00
2024/04/16, 00:08:48.876,35.852,-74.848, 0.16,217.2,48.05,0.06,17.1,17.1,1012.1,1011.9,0.0,0.0,85.09,78.49,354,348,10.1,9.9,88.6,88.5,10.1,9.9,211.2,205.2,1014.2,1014.0,-6.23,359.11,0.01,30.5376,12.5518,409.6,56.4,1493.475, NAN, NAN, NAN, NAN,,2024/04/16 00:08:48.876,2024-04-16 00:08:48.876000+00:00
2024/04/16, 00:09:48.876,35.852,-74.848, 0.20,215.23,156.37,0.11,17.2,17.2,1012.0,1012.0,0.0,0.0,85.09,78.49,355,350,9.6,9.5,88.2,88.5,9.6,9.5,210.5,205.5,1014.1,1014.1,-6.08,358.31,0.01,30.538,12.5513,411.3,56.4,1493.474, NAN, NAN, NAN, NAN,,2024/04/16 00:09:48.876,2024-04-16 00:09:48.876000+00:00
2024/04/16, 00:10:48.876,35.852,-74.848, 0.18,215.15,23.78,0.13,17.2,17.2,1012.0,1012.0,0.0,0.0,85.09,78.49,357,351,10.0,9.7,87.9,88.0,10.0,9.7,211.8,205.8,1014.1,1014.1,-6.09,358.92,0.0,30.535,12.5497,411.0,56.2,1493.465, NAN, NAN, NAN, NAN,,2024/04/16 00:10:48.876,2024-04-16 00:10:48.876000+00:00
2024/04/16, 00:11:48.877,35.852,-74.848, 0.01,216.96,306.27,0.21,17.2,17.2,1012.1,1012.1,0.0,0.0,85.09,78.49,355,350,9.9,10.0,88.4,88.3,9.9,10.0,211.3,206.4,1014.2,1014.2,-6.23,358.81,0.0,30.5306,12.5454,411.0,50.4,1493.445, NAN, NAN, NAN, NAN,,2024/04/16 00:11:48.877,2024-04-16 00:11:48.877000+00:00
2024/04/16, 00:12:48.877,35.852,-74.848, 0.02,215.41,301.53,0.27,17.2,17.2,1012.2,1011.9,0.0,0.0,85.09,78.49,357,352,10.4,10.2,88.4,88.4,10.4,10.2,211.6,206.6,1014.3,1014.0,-6.17,358.99,-0.0,30.5299,12.544,411.0,49.7,1493.439, NAN, NAN, NAN, NAN,,2024/04/16 00:12:48.877,2024-04-16 00:12:48.877000+00:00
2024/04/16, 00:13:48.877,35.852,-74.848, 0.14,216.2,290.67,0.15,17.2,17.2,1012.1,1012.2,0.0,0.0,85.09,78.49,358,351,10.1,9.8,88.3,88.4,10.1,9.8,213.8,206.7,1014.2,1014.3,-6.24,358.93,-0.0,30.5306,12.5419,411.0,48.2,1493.433, NAN, NAN, NAN, NAN,,2024/04/16 00:13:48.877,2024-04-16 00:13:48.877000+00:00
2024/04/16, 00:14:48.877,35.852,-74.848, 0.10,216.36,97.81,0.44,17.2,17.2,1012.1,1012.1,0.0,0.0,85.09,78.49,358,351,10.1,9.8,88.1,88.1,10.2,9.8,215.6,208.7,1014.2,1014.2,-6.2,358.95,-0.0,30.5283,12.5385,410.0,49.3,1493.419, NAN, NAN, NAN, NAN,,2024/04/16 00:14:48.877,2024-04-16 00:14:48.877000+00:00
2024/04/16, 00:15:48.877,35.852,-74.848, 0.11,214.97,175.85,0.12,17.2,17.2,1012.0,1012.2,0.0,0.0,85.09,78.49,359,353,10.0,9.7,88.2,88.3,9.9,9.6,213.9,207.8,1014.1,1014.3,-6.23,359.09,-0.01,30.5262,12.5385,408.6,49.9,1493.416, NAN, NAN, NAN, NAN,,2024/04/16 00:15:48.877,2024-04-16 00:15:48.877000+00:00
2024/04/16, 00:16:48.877,35.852,-74.848, 0.16,216.59,316.15,0.18,17.2,17.2,1012.0,1012.1,0.0,0.0,85.09,78.49,358,351,9.6,9.8,88.3,88.3,9.6,9.8,214.1,207.1,1014.1,1014.2,-6.13,358.68,-0.0,30.5326,12.5366,407.6,50.0,1493.417, NAN, NAN, NAN, NAN,,2024/04/16 00:16:48.877,2024-04-16 00:16:48.877000+00:00
2024/04/16, 00:17:48.877,35.852,-74.848, 0.21,216.5,282.34,0.3,17.1,17.2,1012.2,1012.1,0.0,0.0,85.09,78.49,357,351,9.8,9.5,88.4,88.4,9.7,9.4,212.7,206.6,1014.3,1014.2,-6.26,359.14,-0.01,30.5306,12.5353,408.3,49.9,1493.411, NAN, NAN, NAN, NAN,,2024/04/16 00:17:48.877,2024-04-16 00:17:48.877000+00:00
2024/04/16, 00:18:48.877,35.852,-74.848, 0.08,215.5,55.84,0.07,17.1,17.2,1012.2,1012.0,0.0,0.0,85.09,78.49,357,352,10.4,10.3,88.6,88.5,10.4,10.3,212.7,207.7,1014.3,1014.1,-6.3,359.37,-0.0,30.5325,12.5349,407.6,50.4,1493.412, NAN, NAN, NAN, NAN,,2024/04/16 00:18:48.877,2024-04-16 00:18:48.877000+00:00
2024/04/16, 00:19:48.877,35.852,-74.848, -0.04,216.52,194.1,0.13,17.1,17.1,1012.1,1012.2,0.0,0.0,85.09,78.49,356,351,10.1,10.1,88.8,88.9,10.1,10.1,212.1,207.1,1014.2,1014.3,-6.18,359.7,-0.01,30.5291,12.5339,408.6,50.6,1493.404, NAN, NAN, NAN, NAN,,2024/04/16 00:19:48.877,2024-04-16 00:19:48.877000+00:00
2024/04/16, 00:20:48.877,35.852,-74.848, 0.18,215.69,220.2,0.15,17.1,17.2,1012.2,1012.1,0.0,0.0,85.09,78.49,358,351,10.9,10.1,88.8,88.8,10.8,10.0,213.7,206.6,1014.3,1014.2,-6.22,360.09,-0.01,30.5319,12.5373,407.3,50.6,1493.419, NAN, NAN, NAN, NAN,,2024/04/16 00:20:48.877,2024-04-16 00:20:48.877000+00:00
2024/04/16, 00:21:48.877,35.852,-74.848, 0.07,216.91,297.24,0.8,17.1,17.2,1012.0,1012.1,0.0,0.0,85.09,78.49,358,352,10.4,10.2,88.9,89.0,10.4,10.3,212.7,206.6,1014.1,1014.2,-6.28,359.92,-0.01,30.5334,12.536,407.6,51.0,1493.416, NAN, NAN, NAN, NAN,,2024/04/16 00:21:48.877,2024-04-16 00:21:48.877000+00:00
2024/04/16, 00:22:48.877,35.852,-74.848, 0.32,215.4,296.75,0.3,17.1,17.1,1012.2,1012.0,0.0,0.0,85.09,78.49,0,354,10.6,10.6,88.9,88.8,10.6,10.6,214.6,208.6,1014.3,1014.1,-6.26,360.28,-0.0,30.5294,12.531,406.7,51.3,1493.395, NAN, NAN, NAN, NAN,,2024/04/16 00:22:48.877,2024-04-16 00:22:48.877000+00:00
2024/04/16, 00:23:48.877,35.852,-74.848, 0.13,216.11,305.77,0.3,17.1,17.1,1012.2,1012.0,0.0,0.0,85.09,78.49,357,351,10.2,10.0,88.9,89.1,10.2,10.0,212.3,206.2,1014.3,1014.1,-6.23,360.41,-0.01,30.5308,12.5318,408.6,51.4,1493.399, NAN, NAN, NAN, NAN,,2024/04/16 00:23:48.877,2024-04-16 00:23:48.877000+00:00
2024/04/16, 00:24:48.877,35.852,-74.848, 0.10,215.96,347.49,0.23,17.1,17.1,1012.1,1012.2,0.0,0.0,85.09,78.49,357,351,10.4,10.0,88.9,89.1,10.5,10.1,212.5,206.5,1014.2,1014.3,-6.2,360.98,-0.01,30.5294,12.53,406.2,51.4,1493.391, NAN, NAN, NAN, NAN,,2024/04/16 00:24:48.877,2024-04-16 00:24:48.877000+00:00
2024/04/16, 00:25:48.877,35.852,-74.848, 0.27,216.46,297.72,0.78,17.1,17.1,1012.2,1012.0,0.0,0.0,85.09,78.49,357,352,10.8,9.9,89.4,89.4,10.8,9.9,211.3,206.1,1014.3,1014.1,-6.27,361.17,-0.01,30.5258,12.5304,405.9,51.4,1493.388, NAN, NAN, NAN, NAN,,2024/04/16 00:25:48.877,2024-04-16 00:25:48.877000+00:00
2024/04/16, 00:26:48.877,35.852,-74.848, 0.18,216.1,264.38,0.26,17.1,17.1,1012.1,1012.1,0.0,0.0,85.09,78.49,358,352,10.1,9.9,89.1,89.1,10.0,9.8,214.6,208.6,1014.2,1014.2,-6.2,361.28,-0.01,30.5327,12.5288,408.9,51.5,1493.391, NAN, NAN, NAN, NAN,,2024/04/16 00:26:48.877,2024-04-16 00:26:48.877000+00:00
2024/04/16, 00:27:48.877,35.852,-74.848, 0.11,215.25,132.99,0.17,17.1,17.1,1012.1,1012.3,0.0,0.0,85.09,78.49,356,351,10.2,9.9,89.1,89.3,10.2,9.9,210.8,205.8,1014.2,1014.4,-6.26,360.98,-0.01,30.5336,12.5287,406.2,51.3,1493.392, NAN, NAN, NAN, NAN,,2024/04/16 00:27:48.877,2024-04-16 00:27:48.877000+00:00
2024/04/16, 00:28:48.878,35.852,-74.848, 0.07,216.67,314.06,0.2,17.0,17.0,1012.2,1012.2,0.0,0.0,85.09,78.49,357,350,10.0,9.8,89.0,89.2,10.1,9.9,213.2,206.2,1014.3,1014.3,-6.25,361.52,-0.01,30.5324,12.5297,405.9,51.6,1493.394, NAN, NAN, NAN, NAN,,2024/04/16 00:28:48.878,2024-04-16 00:28:48.878000+00:00
2024/04/16, 00:29:48.878,35.852,-74.848, 0.09,216.28,269.95,0.39,17.0,17.0,1012.2,1012.2,0.0,0.0,85.09,78.49,356,351,10.0,9.7,89.4,89.4,10.0,9.7,211.2,206.1,1014.3,1014.3,-6.32,362.68,-0.01,30.5355,12.5289,405.9,51.8,1493.395, NAN, NAN, NAN, NAN,,2024/04/16 00:29:48.878,2024-04-16 00:29:48.878000+00:00
2024/04/16, 00:30:48.878,35.852,-74.848, 0.01,215.63,133.64,0.4,17.0,17.0,1012.2,1012.2,0.0,0.0,85.09,78.49,357,351,9.9,9.9,90.0,90.1,9.9,9.9,213.8,207.8,1014.3,1014.3,-6.14,362.18,-0.01,30.5422,12.5274,406.2,52.0,1493.397, NAN, NAN, NAN, NAN,,2024/04/16 00:30:48.878,2024-04-16 00:30:48.878000+00:00
2024/04/16, 00:31:48.878,35.852,-74.848, 0.16,215.83,281.18,0.71,17.0,17.0,1012.3,1012.2,0.0,0.0,85.09,78.49,358,352,10.1,9.8,89.9,89.4,10.0,9.8,211.8,205.7,1014.4,1014.3,-6.22,362.6,-0.01,30.5363,12.5276,405.6,51.8,1493.391, NAN, NAN, NAN, NAN,,2024/04/16 00:31:48.878,2024-04-16 00:31:48.878000+00:00
2024/04/16, 00:32:48.878,35.852,-74.848, 0.08,215.28,206.39,0.34,17.0,17.0,1012.4,1012.2,0.0,0.0,85.09,78.49,356,352,9.9,9.9,89.5,89.5,9.9,9.9,210.3,206.3,1014.5,1014.3,-6.17,362.62,-0.01,30.5283,12.5263,408.3,51.8,1493.377, NAN, NAN, NAN, NAN,,2024/04/16 00:32:48.878,2024-04-16 00:32:48.878000+00:00
2024/04/16, 00:33:48.878,35.852,-74.848, 0.04,216.67,157.6,0.04,17.1,17.1,1012.3,1012.2,0.0,0.0,85.09,78.49,355,350,10.1,9.8,89.6,89.7,10.1,9.8,211.6,206.6,1014.4,1014.3,-6.17,363.27,-0.01,30.5247,12.5272,405.6,51.8,1493.376, NAN, NAN, NAN, NAN,,2024/04/16 00:33:48.878,2024-04-16 00:33:48.878000+00:00
2024/04/16, 00:34:48.878,35.852,-74.848, 0.17,215.56,17.72,0.17,17.1,17.1,1012.3,1012.3,0.0,0.0,85.09,78.49,357,351,10.0,10.1,89.7,89.8,10.1,10.2,212.3,206.4,1014.4,1014.4,-6.17,363.42,-0.01,30.519,12.5304,405.6,51.8,1493.38, NAN, NAN, NAN, NAN,,2024/04/16 00:34:48.878,2024-04-16 00:34:48.878000+00:00
2024/04/16, 00:35:48.878,35.852,-74.848, 0.18,216.16,63.08,0.21,17.1,17.1,1012.3,1012.2,0.0,0.0,85.09,78.49,355,350,10.2,9.6,89.8,89.8,10.2,9.6,211.8,206.8,1014.4,1014.3,-6.18,363.73,-0.01,30.5161,12.5297,406.2,51.8,1493.374, NAN, NAN, NAN, NAN,,2024/04/16 00:35:48.878,2024-04-16 00:35:48.878000+00:00
2024/04/16, 00:36:48.878,35.852,-74.848, 0.11,214.96,222.2,0.16,17.1,17.1,1012.3,1012.4,0.0,0.0,85.09,78.49,358,352,10.5,10.0,89.3,89.7,10.5,10.0,213.4,207.4,1014.4,1014.5,-6.21,364.58,-0.01,30.5167,12.5315,405.2,52.2,1493.381, NAN, NAN, NAN, NAN,,2024/04/16 00:36:48.878,2024-04-16 00:36:48.878000+00:00
2024/04/16, 00:37:48.878,35.852,-74.848, 0.02,216.74,83.03,0.23,17.1,17.1,1012.3,1012.3,0.0,0.0,85.09,78.49,355,350,10.2,10.0,89.7,89.7,10.2,10.0,212.3,207.4,1014.4,1014.4,-6.21,363.64,-0.01,30.5174,12.5336,404.9,52.1,1493.389, NAN, NAN, NAN, NAN,,2024/04/16 00:37:48.878,2024-04-16 00:37:48.878000+00:00
2024/04/16, 00:38:48.878,35.852,-74.848, 0.15,216.08,107.77,0.33,17.1,17.1,1012.4,1012.2,0.0,0.0,85.09,78.49,354,349,10.0,10.3,89.7,89.9,10.0,10.3,211.0,206.0,1014.5,1014.3,-6.19,363.45,-0.01,30.5174,12.5348,406.5,52.1,1493.393, NAN, NAN, NAN, NAN,,2024/04/16 00:38:48.878,2024-04-16 00:38:48.878000+00:00
2024/04/16, 00:39:48.878,35.852,-74.848, 0.08,216.5,72.8,0.34,17.1,17.1,1012.4,1012.3,0.0,0.0,85.09,78.49,356,350,9.6,10.1,89.5,89.7,9.6,10.1,213.5,207.5,1014.5,1014.4,-6.14,363.44,-0.01,30.5182,12.5362,405.6,52.4,1493.399, NAN, NAN, NAN, NAN,,2024/04/16 00:39:48.878,2024-04-16 00:39:48.878000+00:00
2024/04/16, 00:40:48.878,35.852,-74.848, 0.11,215.48,97.86,0.03,17.1,17.1,1012.4,1012.4,0.0,0.0,85.09,78.49,357,351,9.9,10.1,89.7,89.7,9.9,10.1,212.4,206.4,1014.5,1014.5,-6.11,364.06,-0.01,30.5152,12.5357,405.2,52.3,1493.394, NAN, NAN, NAN, NAN,,2024/04/16 00:40:48.878,2024-04-16 00:40:48.878000+00:00
2024/04/16, 00:41:48.878,35.852,-74.848, -0.03,216.35,244.48,0.2,17.1,17.1,1012.4,1012.4,0.0,0.0,85.09,78.49,355,349,9.5,9.4,89.8,89.7,9.5,9.4,210.8,204.8,1014.5,1014.5,-6.24,363.76,-0.01,30.5109,12.5375,404.3,52.1,1493.395, NAN, NAN, NAN, NAN,,2024/04/16 00:41:48.878,2024-04-16 00:41:48.878000+00:00
2024/04/16, 00:42:48.878,35.852,-74.848, -0.03,214.81,116.64,0.19,17.1,17.1,1012.5,1012.2,0.0,0.0,85.09,78.49,356,351,10.2,9.8,89.6,89.4,10.2,9.8,211.4,206.4,1014.6,1014.3,-6.15,363.78,-0.01,30.5111,12.5381,405.6,52.0,1493.397, NAN, NAN, NAN, NAN,,2024/04/16 00:42:48.878,2024-04-16 00:42:48.878000+00:00
2024/04/16, 00:43:48.878,35.852,-74.848, 0.11,216.36,89.61,0.17,17.1,17.1,1012.6,1012.3,0.0,0.0,85.09,78.49,355,349,10.2,10.1,89.5,89.5,10.2,10.1,211.8,205.8,1014.7,1014.4,-6.2,363.27,-0.01,30.5078,12.538,405.9,52.3,1493.393, NAN, NAN, NAN, NAN,,2024/04/16 00:43:48.878,2024-04-16 00:43:48.878000+00:00
2024/04/16, 00:44:48.879,35.852,-74.848, 0.02,215.92,335.6,0.12,17.1,17.1,1012.4,1012.4,0.0,0.0,85.09,78.49,354,348,10.3,9.8,89.7,89.7,10.3,9.8,210.2,204.2,1014.5,1014.5,-6.19,363.63,-0.01,30.51,12.5362,403.5,52.4,1493.389, NAN, NAN, NAN, NAN,,2024/04/16 00:44:48.879,2024-04-16 00:44:48.879000+00:00
2024/04/16, 00:45:48.879,35.852,-74.848, 0.10,216.07,166.96,0.18,17.1,17.1,1012.4,1012.3,0.0,0.0,85.09,78.49,351,347,10.2,9.9,89.8,89.9,10.1,9.8,206.9,202.9,1014.5,1014.4,-6.14,363.7,-0.01,30.5071,12.5354,404.3,52.3,1493.383, NAN, NAN, NAN, NAN,,2024/04/16 00:45:48.879,2024-04-16 00:45:48.879000+00:00
2024/04/16, 00:46:48.879,35.852,-74.848, 0.17,214.43,120.44,0.45,17.0,17.1,1012.5,1012.3,0.0,0.0,85.09,78.49,351,348,9.7,9.9,89.8,90.0,9.7,9.9,206.8,203.8,1014.6,1014.4,-6.12,363.01,-0.01,30.5082,12.5342,404.3,52.5,1493.38, NAN, NAN, NAN, NAN,,2024/04/16 00:46:48.879,2024-04-16 00:46:48.879000+00:00
2024/04/16, 00:47:48.879,35.852,-74.848, 0.10,215.56,124.91,0.15,17.0,17.0,1012.4,1012.3,0.0,0.0,85.09,78.49,351,346,10.2,9.9,89.8,89.9,10.2,9.9,207.0,202.0,1014.5,1014.4,-6.2,362.93,-0.01,30.5022,12.5336,404.6,52.5,1493.371, NAN, NAN, NAN, NAN,,2024/04/16 00:47:48.879,2024-04-16 00:47:48.879000+00:00
2024/04/16, 00:48:48.879,35.852,-74.848, 0.07,216.85,318.7,0.19,17.0,17.0,1012.3,1012.4,0.0,0.0,85.09,78.49,351,346,10.0,9.9,89.8,89.9,10.0,9.9,207.3,202.4,1014.4,1014.5,-6.23,362.49,-0.0,30.4989,12.533,402.8,52.7,1493.365, NAN, NAN, NAN, NAN,,2024/04/16 00:48:48.879,2024-04-16 00:48:48.879000+00:00
2024/04/16, 00:49:48.879,35.852,-74.848, 0.05,216.27,316.67,0.28,17.0,17.0,1012.3,1012.4,0.0,0.0,85.09,78.49,351,346,10.1,9.9,90.1,90.1,10.1,9.9,206.5,201.5,1014.4,1014.5,-6.24,363.11,-0.0,30.4962,12.534,401.9,52.6,1493.365, NAN, NAN, NAN, NAN,,2024/04/16 00:49:48.879,2024-04-16 00:49:48.879000+00:00
2024/04/16, 00:50:48.879,35.852,-74.848, 0.07,216.86,191.98,0.1,17.0,17.0,1012.3,1012.4,0.0,0.0,85.09,78.49,352,346,9.7,9.8,89.9,90.2,9.7,9.8,209.1,203.1,1014.4,1014.5,-6.23,362.79,-0.0,30.4936,12.5342,403.6,52.1,1493.363, NAN, NAN, NAN, NAN,,2024/04/16 00:50:48.879,2024-04-16 00:50:48.879000+00:00
2024/04/16, 00:51:48.879,35.852,-74.848, 0.38,216.38,290.82,0.44,17.0,17.0,1012.4,1012.3,0.0,0.0,85.09,78.49,353,346,10.1,10.2,89.9,90.2,10.0,10.1,208.2,201.2,1014.5,1014.4,-6.18,362.82,-0.01,30.4921,12.5352,401.2,52.5,1493.365, NAN, NAN, NAN, NAN,,2024/04/16 00:51:48.879,2024-04-16 00:51:48.879000+00:00
2024/04/16, 00:52:48.879,35.852,-74.848, 0.17,213.55,131.41,0.19,17.0,17.0,1012.6,1012.4,0.0,0.0,85.09,78.49,351,349,10.4,10.2,89.9,90.0,10.3,10.1,205.0,203.0,1014.7,1014.5,-6.24,363.08,-0.01,30.4908,12.535,402.2,52.6,1493.362, NAN, NAN, NAN, NAN,,2024/04/16 00:52:48.879,2024-04-16 00:52:48.879000+00:00
2024/04/16, 00:53:48.879,35.852,-74.848, 0.04,217.19,325.03,0.1,17.0,17.0,1012.4,1012.5,0.0,0.0,85.09,78.49,353,347,9.8,9.4,89.9,90.0,9.8,9.4,209.9,203.9,1014.5,1014.6,-6.2,362.13,-0.01,30.4901,12.5324,415.6,52.9,1493.353, NAN, NAN, NAN, NAN,,2024/04/16 00:53:48.879,2024-04-16 00:53:48.879000+00:00
2024/04/16, 00:54:48.879,35.852,-74.848, 0.16,215.08,281.15,0.4,17.1,17.0,1012.5,1012.6,0.0,0.0,85.09,78.49,353,347,9.8,10.0,89.3,89.4,9.8,10.0,206.9,200.9,1014.6,1014.7,-6.26,362.47,-0.01,30.492,12.5311,402.2,52.9,1493.35, NAN, NAN, NAN, NAN,,2024/04/16 00:54:48.879,2024-04-16 00:54:48.879000+00:00
2024/04/16, 00:55:48.879,35.852,-74.848, -0.03,217.12,283.13,0.05,17.1,17.1,1012.6,1012.4,0.0,0.0,85.09,78.49,353,347,9.8,9.4,89.6,89.7,9.8,9.4,210.0,204.0,1014.7,1014.5,-6.23,362.59,-0.01,30.4837,12.5292,400.6,52.8,1493.334, NAN, NAN, NAN, NAN,,2024/04/16 00:55:48.879,2024-04-16 00:55:48.879000+00:00
2024/04/16, 00:56:48.879,35.852,-74.848, 0.20,215.42,353.76,0.01,17.1,17.1,1012.7,1012.4,0.0,0.0,85.09,78.49,354,348,10.0,10.0,89.0,89.2,10.0,10.0,209.4,203.4,1014.8,1014.5,-6.16,362.83,-0.01,30.4904,12.529,401.9,52.7,1493.341, NAN, NAN, NAN, NAN,,2024/04/16 00:56:48.879,2024-04-16 00:56:48.879000+00:00
2024/04/16, 00:57:48.879,35.852,-74.848, 0.12,215.32,306.89,0.05,17.1,17.1,1012.4,1012.6,0.0,0.0,85.09,78.49,354,349,9.6,9.4,89.2,89.4,9.6,9.4,209.2,204.2,1014.5,1014.7,-6.17,362.86,-0.01,30.4893,12.5294,402.2,52.9,1493.341, NAN, NAN, NAN, NAN,,2024/04/16 00:57:48.879,2024-04-16 00:57:48.879000+00:00
2024/04/16, 00:58:48.879,35.852,-74.848, -0.02,218.36,304.66,0.48,17.1,17.1,1012.6,1012.6,0.0,0.0,85.09,78.49,352,345,9.7,9.7,88.9,88.8,9.8,9.8,209.0,202.0,1014.7,1014.7,-6.2,362.76,-0.01,30.4894,12.5302,402.5,52.8,1493.344, NAN, NAN, NAN, NAN,,2024/04/16 00:58:48.879,2024-04-16 00:58:48.879000+00:00
2024/04/16, 00:59:48.879,35.852,-74.848, 0.22,215.83,75.55,0.31,17.1,17.1,1012.6,1012.6,0.0,0.0,85.09,78.49,353,347,10.0,10.0,88.8,88.8,10.0,10.0,209.7,203.7,1014.7,1014.7,-6.2,363.49,-0.01,30.4899,12.5295,402.2,52.5,1493.343, NAN, NAN, NAN, NAN,,2024/04/16 00:59:48.879,2024-04-16 00:59:48.879000+00:00
2024/04/16, 01:00:48.879,35.852,-74.848, 1.67,218.83,222.95,2.25,17.2,17.2,1012.5,1012.7,0.0,0.0,85.09,78.49,350,345,10.7,10.8,88.4,88.8,9.6,9.8,206.6,201.1,1014.6,1014.8,-6.09,362.44,-0.01,30.4932,12.5269,402.2,52.2,1493.338, NAN, NAN, NAN, NAN,,2024/04/16 01:00:48.879,2024-04-16 01:00:48.879000+00:00
2024/04/16, 01:01:48.880,35.851,-74.849, 4.49,224.46,227.64,4.58,17.1,17.2,1012.4,1012.5,0.0,0.0,85.09,78.49,348,343,11.9,12.2,88.4,88.4,9.6,10.0,209.9,203.8,1014.5,1014.6,-6.12,362.6,-0.01,30.488,12.5235,404.0,52.1,1493.32, NAN, NAN, NAN, NAN,,2024/04/16 01:01:48.880,2024-04-16 01:01:48.880000+00:00
2024/04/16, 01:02:48.880,35.85,-74.85, 6.83,243.48,247.18,6.87,17.2,17.2,1012.4,1012.4,0.0,0.0,85.09,78.49,338,331,13.0,13.7,88.4,88.4,9.8,10.8,213.4,205.1,1014.5,1014.5,-6.05,362.97,-0.01,30.4857,12.5291,403.6,52.3,1493.336, NAN, NAN, NAN, NAN,,2024/04/16 01:02:48.880,2024-04-16 01:02:48.880000+00:00
2024/04/16, 01:03:48.880,35.85,-74.853, 7.86,262.16,263.16,8.07,17.2,17.2,1012.6,1012.3,0.0,0.0,85.09,78.49,321,317,12.8,14.2,88.1,88.4,10.0,11.6,207.6,204.7,1014.7,1014.4,-6.02,362.31,-0.01,30.4937,12.5369,401.6,52.5,1493.372, NAN, NAN, NAN, NAN,,2024/04/16 01:03:48.880,2024-04-16 01:03:48.880000+00:00
2024/04/16, 01:04:48.880,35.85,-74.856, 8.74,265.77,269.26,8.82,17.2,17.2,1012.8,1012.5,0.0,0.0,85.09,78.49,316,314,12.6,14.4,88.1,88.1,10.2,12.0,202.3,202.9,1014.9,1014.6,-6.08,362.3,-0.01,30.4822,12.5542,401.2,52.5,1493.418, NAN, NAN, NAN, NAN,,2024/04/16 01:04:48.880,2024-04-16 01:04:48.880000+00:00
2024/04/16, 01:05:48.880,35.85,-74.859, 8.99,275.17,274.14,9.08,17.1,17.2,1012.7,1012.4,0.0,0.0,85.09,78.49,311,309,12.6,13.9,87.8,87.9,10.1,11.5,206.0,206.0,1014.8,1014.5,-6.02,362.7,-0.01,30.4676,12.5699,399.8,52.5,1493.454, NAN, NAN, NAN, NAN,,2024/04/16 01:05:48.880,2024-04-16 01:05:48.880000+00:00
2024/04/16, 01:06:48.880,35.85,-74.862, NAN,282.84,288.02,9.25,17.1,17.1,1012.8,1012.4,0.0,0.0,85.09,78.49,304,303,12.8,14.5,87.9,87.9,11.1,12.8,205.3,207.1,1014.9,1014.5,-6.03,363.11,-0.01,30.4351,12.6006,401.9,52.5,1493.52, NAN, NAN, NAN, NAN,,2024/04/16 01:06:48.880,2024-04-16 01:06:48.880000+00:00
2024/04/16, 01:07:48.880,35.851,-74.865, NAN,285.86,286.34,9.79,17.1,17.1,1012.8,1012.5,0.0,0.0,85.09,78.49,303,302,13.0,13.9,88.2,88.4,11.1,12.0,206.5,207.1,1014.9,1014.6,-6.11,363.58,-0.01,30.4062,12.6223,402.8,52.5,1493.56, NAN, NAN, NAN, NAN,,2024/04/16 01:07:48.880,2024-04-16 01:07:48.880000+00:00
2024/04/16, 01:08:48.880,35.852,-74.868, NAN,284.59,289.6,9.92,17.1,17.1,1012.6,1012.4,0.0,0.0,85.09,78.49,303,302,12.5,13.3,88.0,88.4,10.9,11.7,203.6,204.2,1014.7,1014.5,-6.11,362.6,-0.01,30.3694,12.644,401.9,52.5,1493.59, NAN, NAN, NAN, NAN,,2024/04/16 01:08:48.880,2024-04-16 01:08:48.880000+00:00
2024/04/16, 01:09:48.880,35.853,-74.871, NAN,283.05,287.0,9.92,17.0,17.0,1012.8,1012.5,0.0,0.0,85.09,78.49,305,302,12.8,14.2,87.7,87.7,11.0,12.6,204.9,204.2,1014.9,1014.6,-6.1,364.14,-0.01,30.3354,12.6568,403.2,52.5,1493.593, NAN, NAN, NAN, NAN,,2024/04/16 01:09:48.880,2024-04-16 01:09:48.880000+00:00
2024/04/16, 01:10:48.880,35.853,-74.874, NAN,282.04,289.34,9.84,17.0,17.0,1012.7,1012.5,0.0,0.0,85.09,78.49,304,302,13.1,14.4,88.5,88.8,11.5,12.9,203.5,203.6,1014.8,1014.6,-6.13,364.03,-0.01,30.3092,12.6585,402.5,52.3,1493.568, NAN, NAN, NAN, NAN,,2024/04/16 01:10:48.880,2024-04-16 01:10:48.880000+00:00
2024/04/16, 01:11:48.880,35.854,-74.878, NAN,282.42,283.8,10.0,17.0,17.0,1012.8,1012.4,0.0,0.0,85.09,78.49,304,303,12.4,13.8,88.3,88.4,10.7,12.1,202.1,203.8,1014.9,1014.5,-6.08,364.67,-0.01,30.2813,12.6738,404.6,52.7,1493.587, NAN, NAN, NAN, NAN,,2024/04/16 01:11:48.880,2024-04-16 01:11:48.880000+00:00
2024/04/16, 01:12:48.880,35.855,-74.881, NAN,283.53,289.7,9.95,17.0,17.0,1012.7,1012.6,0.0,0.0,85.09,78.49,304,302,12.0,13.7,88.3,88.6,10.4,12.1,202.4,203.8,1014.8,1014.7,-6.12,364.13,-0.01,30.2675,12.6952,405.6,52.9,1493.643, NAN, NAN, NAN, NAN,,2024/04/16 01:12:48.880,2024-04-16 01:12:48.880000+00:00
2024/04/16, 01:13:48.880,35.856,-74.884, NAN,280.99,287.52,10.02,16.9,17.0,1012.8,1012.4,0.0,0.0,85.09,78.49,306,305,12.4,13.8,88.1,88.2,10.6,12.0,202.7,204.4,1014.9,1014.5,-6.11,364.75,-0.01,30.253,12.7004,403.5,52.9,1493.644, NAN, NAN, NAN, NAN,,2024/04/16 01:13:48.880,2024-04-16 01:13:48.880000+00:00
2024/04/16, 01:14:48.880,35.856,-74.888, NAN,281.68,288.0,9.91,16.9,16.9,1013.0,1012.5,0.0,0.0,85.09,78.49,305,305,11.9,13.5,88.6,88.7,10.4,11.9,201.4,204.7,1015.1,1014.6,-6.23,364.91,-0.01,30.2245,12.6852,404.3,52.7,1493.558, NAN, NAN, NAN, NAN,,2024/04/16 01:14:48.880,2024-04-16 01:14:48.880000+00:00
2024/04/16, 01:15:48.880,35.857,-74.891, NAN,281.86,282.43,10.13,16.8,16.9,1012.9,1012.5,0.0,0.0,85.09,78.49,305,304,12.1,13.2,88.6,88.8,10.2,11.3,201.6,202.9,1015.0,1014.6,-6.1,365.85,-0.01,30.1937,12.6845,405.6,52.7,1493.519, NAN, NAN, NAN, NAN,,2024/04/16 01:15:48.880,2024-04-16 01:15:48.880000+00:00
2024/04/16, 01:16:48.880,35.858,-74.894, NAN,280.61,283.16,10.05,16.8,16.8,1012.9,1012.5,0.0,0.0,85.09,78.49,305,304,11.9,13.4,88.9,89.0,10.2,11.6,200.0,202.2,1015.0,1014.6,-6.13,366.34,-0.01,30.1793,12.7291,406.5,53.1,1493.654, NAN, NAN, NAN, NAN,,2024/04/16 01:16:48.880,2024-04-16 01:16:48.880000+00:00
2024/04/16, 01:17:48.880,35.858,-74.898, NAN,281.08,283.28,9.98,16.8,16.8,1012.7,1012.6,0.0,0.0,85.09,78.49,305,304,12.3,13.5,89.0,89.1,10.5,11.7,201.7,203.0,1014.8,1014.7,-6.17,367.4,-0.01,30.1596,12.7274,405.6,53.1,1493.625, NAN, NAN, NAN, NAN,,2024/04/16 01:17:48.880,2024-04-16 01:17:48.880000+00:00
2024/04/16, 01:18:48.881,35.859,-74.901, NAN,281.42,286.52,10.05,16.8,16.8,1012.9,1012.8,0.0,0.0,85.09,78.49,304,302,11.9,13.6,89.2,89.4,10.3,12.0,199.8,201.3,1015.0,1014.9,-6.11,367.98,-0.01,30.1089,12.7005,405.2,53.2,1493.473, NAN, NAN, NAN, NAN,,2024/04/16 01:18:48.881,2024-04-16 01:18:48.881000+00:00
2024/04/16, 01:19:48.881,35.86,-74.904, NAN,281.91,285.01,9.8,16.8,16.8,1012.9,1012.7,0.0,0.0,85.09,78.49,304,303,12.1,13.5,89.2,89.4,10.6,12.0,201.4,203.2,1015.0,1014.8,-6.08,368.82,-0.01,30.0727,12.6389,404.6,53.2,1493.221, NAN, NAN, NAN, NAN,,2024/04/16 01:19:48.881,2024-04-16 01:19:48.881000+00:00
2024/04/16, 01:20:48.881,35.86,-74.907, NAN,280.12,286.8,10.12,16.8,16.8,1012.8,1012.6,0.0,0.0,85.09,78.49,303,303,12.6,13.6,89.1,89.3,11.2,12.1,198.8,200.7,1014.9,1014.7,-6.04,369.53,-0.01,30.0619,12.6693,404.6,52.8,1493.311, NAN, NAN, NAN, NAN,,2024/04/16 01:20:48.881,2024-04-16 01:20:48.881000+00:00
2024/04/16, 01:21:48.881,35.861,-74.911, NAN,280.68,284.35,10.09,16.8,16.8,1012.9,1012.5,0.0,0.0,85.09,78.49,304,303,12.2,14.1,89.2,89.4,10.6,12.4,199.6,202.3,1015.0,1014.6,-6.07,369.87,-0.01,30.0722,12.7198,407.3,53.0,1493.495, NAN, NAN, NAN, NAN,,2024/04/16 01:21:48.881,2024-04-16 01:21:48.881000+00:00
2024/04/16, 01:22:48.881,35.862,-74.914, NAN,282.29,286.91,10.03,16.8,16.8,1012.8,1012.7,0.0,0.0,85.09,78.49,303,303,12.1,13.4,89.1,89.4,10.6,11.8,200.1,202.8,1014.9,1014.8,-5.94,370.42,-0.01,30.0456,12.7761,406.2,52.7,1493.655, NAN, NAN, NAN, NAN,,2024/04/16 01:22:48.881,2024-04-16 01:22:48.881000+00:00
2024/04/16, 01:23:48.881,35.863,-74.917, NAN,280.96,278.5,10.05,16.8,16.8,1012.8,1012.4,0.0,0.0,85.09,78.49,305,303,11.8,13.3,89.0,89.1,10.0,11.5,200.2,201.4,1014.9,1014.5,-5.92,370.65,-0.01,30.0054,12.7861,404.6,52.7,1493.642, NAN, NAN, NAN, NAN,,2024/04/16 01:23:48.881,2024-04-16 01:23:48.881000+00:00
2024/04/16, 01:24:48.881,35.863,-74.921, NAN,281.29,289.72,10.04,16.7,16.8,1012.9,1012.6,0.0,0.0,85.09,78.49,304,304,12.0,13.3,89.1,89.2,10.6,11.8,199.9,202.6,1015.0,1014.7,-6.07,370.85,-0.01,29.9701,12.7441,405.2,52.5,1493.457, NAN, NAN, NAN, NAN,,2024/04/16 01:24:48.881,2024-04-16 01:24:48.881000+00:00
2024/04/16, 01:25:48.881,35.864,-74.924, NAN,281.61,284.36,10.14,16.7,16.7,1012.8,1012.6,0.0,0.0,85.09,78.49,305,303,11.4,12.8,89.0,89.2,9.7,11.1,199.5,200.8,1014.9,1014.7,-6.02,371.1,-0.01,29.9462,12.6682,402.8,52.7,1493.171, NAN, NAN, NAN, NAN,,2024/04/16 01:25:48.881,2024-04-16 01:25:48.881000+00:00
2024/04/16, 01:26:48.881,35.865,-74.927, NAN,281.26,285.59,10.03,16.6,16.7,1012.8,1012.6,0.0,0.0,85.09,78.49,304,303,11.8,13.0,89.2,89.3,10.1,11.3,199.5,201.1,1014.9,1014.7,-6.01,372.0,-0.01,29.9462,12.6812,404.3,52.7,1493.215, NAN, NAN, NAN, NAN,,2024/04/16 01:26:48.881,2024-04-16 01:26:48.881000+00:00
2024/04/16, 01:27:48.881,35.866,-74.931, NAN,280.81,278.22,10.21,16.6,16.6,1012.8,1012.6,0.0,0.0,85.09,78.49,305,303,11.3,12.3,89.5,89.8,9.5,10.5,198.3,198.7,1014.9,1014.7,-5.99,371.98,-0.0,29.9574,12.7419,404.6,52.7,1493.435, NAN, NAN, NAN, NAN,,2024/04/16 01:27:48.881,2024-04-16 01:27:48.881000+00:00
2024/04/16, 01:28:48.881,35.866,-74.934, NAN,282.74,283.54,10.16,16.5,16.5,1012.9,1012.7,0.0,0.0,85.09,78.49,306,305,10.7,12.8,89.3,89.6,8.6,10.5,199.9,204.4,1015.0,1014.8,-6.08,371.62,-0.01,29.9446,12.7718,404.9,52.7,1493.521, NAN, NAN, NAN, NAN,,2024/04/16 01:28:48.881,2024-04-16 01:28:48.881000+00:00
2024/04/16, 01:29:48.881,35.867,-74.937, NAN,280.96,291.88,10.01,16.5,16.5,1013.0,1012.6,0.0,0.0,85.09,78.49,305,306,11.2,12.5,89.8,89.9,10.0,11.1,198.6,202.7,1015.1,1014.7,-6.05,372.46,-0.01,29.9151,12.7909,402.2,52.7,1493.551, NAN, NAN, NAN, NAN,,2024/04/16 01:29:48.881,2024-04-16 01:29:48.881000+00:00
2024/04/16, 01:30:48.881,35.868,-74.941, NAN,281.76,285.93,10.09,16.5,16.5,1013.0,1012.8,0.0,0.0,85.09,78.49,305,305,10.9,12.0,90.1,90.3,9.1,10.1,198.5,201.5,1015.1,1014.9,-6.06,372.64,-0.01,29.8892,12.8273,401.6,52.5,1493.644, NAN, NAN, NAN, NAN,,2024/04/16 01:30:48.881,2024-04-16 01:30:48.881000+00:00
2024/04/16, 01:31:48.881,35.868,-74.944, NAN,282.24,286.84,10.22,16.4,16.4,1013.0,1012.9,0.0,0.0,85.09,78.49,307,306,10.6,12.4,90.2,90.3,8.7,10.3,199.7,203.6,1015.1,1015.0,-6.11,372.92,-0.01,29.8665,12.8595,401.2,52.7,1493.726, NAN, NAN, NAN, NAN,,2024/04/16 01:31:48.881,2024-04-16 01:31:48.881000+00:00
2024/04/16, 01:32:48.881,35.869,-74.947, NAN,279.06,285.45,10.01,16.4,16.4,1013.2,1012.8,0.0,0.0,85.09,78.49,308,306,10.7,12.7,90.4,90.6,9.2,11.1,198.3,201.3,1015.3,1014.9,-6.04,373.61,-0.01,29.8479,12.906,401.6,52.5,1493.862, NAN, NAN, NAN, NAN,,2024/04/16 01:32:48.881,2024-04-16 01:32:48.881000+00:00
2024/04/16, 01:33:48.881,35.87,-74.951, NAN,280.66,280.59,10.01,16.4,16.4,1013.0,1013.0,0.0,0.0,85.09,78.49,307,308,11.0,12.2,90.7,90.8,9.3,10.3,199.9,204.1,1015.1,1015.1,-6.03,373.92,-0.0,29.8264,12.9398,400.6,52.7,1493.951, NAN, NAN, NAN, NAN,,2024/04/16 01:33:48.881,2024-04-16 01:33:48.881000+00:00
2024/04/16, 01:34:48.881,35.87,-74.954, NAN,280.1,283.24,10.03,16.4,16.4,1013.1,1012.8,0.0,0.0,85.09,78.49,309,308,11.3,12.3,90.6,91.0,9.2,10.2,202.4,203.9,1015.2,1014.9,-6.02,374.97,-0.01,29.808,12.9258,400.3,52.8,1493.882, NAN, NAN, NAN, NAN,,2024/04/16 01:34:48.881,2024-04-16 01:34:48.881000+00:00
2024/04/16, 01:35:48.882,35.871,-74.957, NAN,280.07,283.93,10.05,16.5,16.5,1013.0,1012.8,0.0,0.0,85.09,78.49,309,307,11.1,12.9,90.8,91.0,9.3,11.1,201.5,203.7,1015.1,1014.9,-6.0,374.99,-0.01,29.7899,12.8908,398.2,52.7,1493.742, NAN, NAN, NAN, NAN,,2024/04/16 01:35:48.882,2024-04-16 01:35:48.882000+00:00
2024/04/16, 01:36:48.882,35.872,-74.961, NAN,280.09,283.61,9.99,16.5,16.5,1013.0,1012.8,0.0,0.0,85.09,78.49,309,307,10.9,12.9,90.8,91.1,9.0,10.9,201.3,204.0,1015.1,1014.9,-6.06,375.78,-0.0,29.7818,12.9071,399.2,52.7,1493.787, NAN, NAN, NAN, NAN,,2024/04/16 01:36:48.882,2024-04-16 01:36:48.882000+00:00
2024/04/16, 01:37:48.882,35.872,-74.964, NAN,279.96,288.89,10.0,16.6,16.5,1013.2,1013.0,0.0,0.0,85.09,78.49,308,307,11.8,13.7,90.8,91.1,10.2,12.0,202.2,205.1,1015.3,1015.1,-5.89,376.65,-0.01,29.7842,12.9099,397.6,52.9,1493.8, NAN, NAN, NAN, NAN,,2024/04/16 01:37:48.882,2024-04-16 01:37:48.882000+00:00
2024/04/16, 01:38:48.882,35.873,-74.968, NAN,280.15,276.2,10.23,16.6,16.6,1013.2,1012.8,0.0,0.0,85.09,78.49,308,307,11.7,13.0,90.9,91.2,9.5,10.8,201.9,203.9,1015.3,1014.9,-5.77,377.36,-0.01,29.7658,12.9019,398.2,52.8,1493.751, NAN, NAN, NAN, NAN,,2024/04/16 01:38:48.882,2024-04-16 01:38:48.882000+00:00
2024/04/16, 01:39:48.882,35.874,-74.971, NAN,279.91,287.36,10.24,16.7,16.7,1013.2,1012.8,0.0,0.0,85.09,78.49,310,307,12.4,14.3,90.6,90.9,10.2,12.3,205.3,205.8,1015.3,1014.9,-5.76,377.67,-0.01,29.7457,12.9022,397.6,52.7,1493.728, NAN, NAN, NAN, NAN,,2024/04/16 01:39:48.882,2024-04-16 01:39:48.882000+00:00
2024/04/16, 01:40:48.882,35.874,-74.974, NAN,280.53,279.82,10.29,16.8,16.8,1013.2,1013.0,0.0,0.0,85.09,78.49,308,307,12.8,14.2,90.5,90.8,10.5,11.9,204.8,206.4,1015.3,1015.1,-5.69,377.57,-0.01,29.7311,12.8951,397.2,52.9,1493.687, NAN, NAN, NAN, NAN,,2024/04/16 01:40:48.882,2024-04-16 01:40:48.882000+00:00
2024/04/16, 01:41:48.882,35.875,-74.978, NAN,280.53,286.99,10.16,16.9,16.9,1013.2,1012.9,0.0,0.0,85.09,78.49,310,307,12.2,14.3,90.0,90.3,10.0,12.2,205.7,206.6,1015.3,1015.0,-5.63,377.37,-0.01,29.7199,12.8774,397.9,52.9,1493.614, NAN, NAN, NAN, NAN,,2024/04/16 01:41:48.882,2024-04-16 01:41:48.882000+00:00
2024/04/16, 01:42:48.882,35.876,-74.981, NAN,279.43,284.09,10.33,16.9,16.9,1013.0,1012.9,0.0,0.0,85.09,78.49,310,308,13.0,14.3,89.8,90.0,10.6,12.0,206.1,206.4,1015.1,1015.0,-5.55,377.73,-0.01,29.709,12.8614,397.6,52.8,1493.546, NAN, NAN, NAN, NAN,,2024/04/16 01:42:48.882,2024-04-16 01:42:48.882000+00:00
2024/04/16, 01:43:48.882,35.876,-74.985, NAN,279.33,281.14,10.1,16.9,16.9,1013.2,1012.9,0.0,0.0,85.09,78.49,309,307,12.4,13.6,89.6,89.8,10.4,11.7,204.0,204.2,1015.3,1015.0,-5.71,378.14,-0.0,29.7008,12.8512,397.6,52.7,1493.502, NAN, NAN, NAN, NAN,,2024/04/16 01:43:48.882,2024-04-16 01:43:48.882000+00:00
2024/04/16, 01:44:48.882,35.877,-74.988, NAN,278.75,289.17,10.14,17.0,17.0,1013.2,1012.8,0.0,0.0,85.09,78.49,309,307,12.5,14.0,89.3,89.6,10.8,12.3,203.3,204.1,1015.3,1014.9,-5.61,377.72,-0.01,29.6983,12.8397,397.9,52.7,1493.46, NAN, NAN, NAN, NAN,,2024/04/16 01:44:48.882,2024-04-16 01:44:48.882000+00:00
2024/04/16, 01:45:48.882,35.878,-74.991, NAN,280.06,287.72,10.17,17.0,17.0,1013.2,1012.8,0.0,0.0,85.09,78.49,308,306,12.8,14.5,89.3,89.6,11.0,12.7,204.2,205.2,1015.3,1014.9,-5.63,377.47,-0.02,29.6963,12.8289,398.5,52.4,1493.421, NAN, NAN, NAN, NAN,,2024/04/16 01:45:48.882,2024-04-16 01:45:48.882000+00:00
2024/04/16, 01:46:48.882,35.878,-74.995, NAN,280.61,282.52,10.29,17.0,17.0,1013.3,1012.8,0.0,0.0,85.09,78.49,309,306,13.2,14.4,89.3,89.5,10.9,12.3,206.7,205.6,1015.4,1014.9,-5.6,378.02,-0.01,29.6937,12.8067,397.6,52.3,1493.343, NAN, NAN, NAN, NAN,,2024/04/16 01:46:48.882,2024-04-16 01:46:48.882000+00:00
2024/04/16, 01:47:48.882,35.879,-74.998, NAN,279.21,280.13,10.22,17.0,17.0,1013.0,1013.0,0.0,0.0,85.09,78.49,308,307,13.4,14.4,89.4,89.7,11.1,12.1,204.9,205.6,1015.1,1015.1,-5.68,378.24,-0.01,29.6936,12.7995,399.2,52.6,1493.318, NAN, NAN, NAN, NAN,,2024/04/16 01:47:48.882,2024-04-16 01:47:48.882000+00:00
2024/04/16, 01:48:48.882,35.88,-75.001, NAN,281.31,282.46,10.45,17.0,17.0,1013.2,1012.9,0.0,0.0,85.09,78.49,307,306,12.7,14.1,89.6,89.9,10.6,11.9,203.7,205.5,1015.3,1015.0,-5.73,377.67,-0.01,29.6922,12.7922,400.3,52.5,1493.292, NAN, NAN, NAN, NAN,,2024/04/16 01:48:48.882,2024-04-16 01:48:48.882000+00:00
2024/04/16, 01:49:48.882,35.88,-75.005, NAN,279.88,283.68,10.1,17.0,17.0,1013.0,1012.9,0.0,0.0,85.09,78.49,307,307,12.6,14.1,89.3,89.5,10.6,12.0,203.0,205.9,1015.1,1015.0,-5.6,378.0,-0.01,29.6979,12.7812,401.6,52.5,1493.261, NAN, NAN, NAN, NAN,,2024/04/16 01:49:48.882,2024-04-16 01:49:48.882000+00:00
2024/04/16, 01:50:48.882,35.881,-75.008, NAN,279.94,280.33,10.51,17.0,17.0,1013.2,1012.8,0.0,0.0,85.09,78.49,309,307,12.6,14.1,89.2,89.5,10.1,11.7,204.4,205.2,1015.3,1014.9,-5.67,377.45,-0.01,29.7029,12.7635,401.9,52.5,1493.207, NAN, NAN, NAN, NAN,,2024/04/16 01:50:48.882,2024-04-16 01:50:48.882000+00:00
2024/04/16, 01:51:48.882,35.882,-75.012, NAN,279.91,285.77,10.35,17.0,17.0,1013.2,1013.0,0.0,0.0,85.09,78.49,309,307,12.2,13.9,89.2,89.4,10.2,12.0,203.4,204.7,1015.3,1015.1,-5.65,376.67,-0.01,29.7099,12.6973,402.8,52.4,1492.99, NAN, NAN, NAN, NAN,,2024/04/16 01:51:48.882,2024-04-16 01:51:48.882000+00:00
2024/04/16, 01:52:48.883,35.882,-75.015, NAN,279.05,286.15,10.14,17.0,16.9,1013.2,1013.1,0.0,0.0,85.09,78.49,311,308,12.2,13.3,89.2,89.3,10.1,11.4,205.2,204.3,1015.3,1015.2,-5.73,377.13,-0.01,29.7241,12.6622,402.5,52.4,1492.887, NAN, NAN, NAN, NAN,,2024/04/16 01:52:48.883,2024-04-16 01:52:48.883000+00:00
2024/04/16, 01:53:48.883,35.883,-75.018, NAN,278.48,277.66,10.2,16.9,16.9,1013.4,1013.1,0.0,0.0,85.09,78.49,310,309,12.5,13.9,89.3,89.5,10.2,11.5,204.4,206.2,1015.5,1015.2,-5.73,377.12,-0.01,29.7445,12.6291,406.7,52.6,1492.798, NAN, NAN, NAN, NAN,,2024/04/16 01:53:48.883,2024-04-16 01:53:48.883000+00:00
2024/04/16, 01:54:48.883,35.884,-75.022, NAN,279.83,282.56,10.33,16.9,16.9,1013.3,1013.1,0.0,0.0,85.09,78.49,312,310,12.3,13.9,89.6,89.9,9.8,11.4,207.2,208.3,1015.4,1015.2,-5.8,377.38,-0.01,29.7677,12.5704,406.2,52.7,1492.625, NAN, NAN, NAN, NAN,,2024/04/16 01:54:48.883,2024-04-16 01:54:48.883000+00:00
2024/04/16, 01:55:48.883,35.884,-75.025, NAN,279.43,281.08,10.19,16.9,16.9,1013.3,1013.0,0.0,0.0,85.09,78.49,311,310,12.5,13.7,89.8,89.9,10.3,11.5,206.3,207.7,1015.4,1015.1,-5.87,377.66,-0.01,29.7931,12.5309,407.3,52.3,1492.52, NAN, NAN, NAN, NAN,,2024/04/16 01:55:48.883,2024-04-16 01:55:48.883000+00:00
2024/04/16, 01:56:48.883,35.885,-75.029, NAN,276.76,279.98,10.22,16.9,16.9,1013.4,1013.0,0.0,0.0,85.09,78.49,312,310,12.4,14.0,90.0,90.3,10.1,11.7,204.4,205.5,1015.5,1015.1,-5.9,377.47,-0.01,29.8101,12.5165,408.3,52.5,1492.491, NAN, NAN, NAN, NAN,,2024/04/16 01:56:48.883,2024-04-16 01:56:48.883000+00:00
2024/04/16, 01:57:48.883,35.886,-75.032, NAN,278.9,278.24,10.35,16.9,16.9,1013.3,1013.2,0.0,0.0,85.09,78.49,311,308,12.1,13.3,90.2,90.4,9.6,10.9,204.8,204.1,1015.4,1015.3,-5.78,377.56,-0.01,29.8267,12.4963,410.4,52.6,1492.442, NAN, NAN, NAN, NAN,,2024/04/16 01:57:48.883,2024-04-16 01:57:48.883000+00:00
2024/04/16, 01:58:48.883,35.886,-75.035, NAN,279.47,281.16,10.16,16.9,16.9,1013.4,1013.3,0.0,0.0,85.09,78.49,311,309,12.1,13.2,90.2,90.4,9.7,10.9,205.8,206.0,1015.5,1015.4,-5.83,377.65,-0.01,29.8597,12.5177,408.9,52.5,1492.554, NAN, NAN, NAN, NAN,,2024/04/16 01:58:48.883,2024-04-16 01:58:48.883000+00:00
2024/04/16, 01:59:48.883,35.887,-75.039, NAN,278.4,288.15,10.36,17.0,16.9,1013.5,1013.1,0.0,0.0,85.09,78.49,310,308,11.3,12.9,90.2,90.5,9.4,11.0,200.5,202.3,1015.6,1015.2,-5.68,377.32,-0.01,29.8924,12.7392,406.7,52.3,1493.348, NAN, NAN, NAN, NAN,,2024/04/16 01:59:48.883,2024-04-16 01:59:48.883000+00:00
2024/04/16, 02:00:48.883,35.887,-75.042, NAN,278.41,285.8,10.3,17.0,17.0,1013.5,1013.3,0.0,0.0,85.09,78.49,312,309,11.4,12.7,90.0,90.2,9.3,10.8,203.1,203.1,1015.6,1015.4,-5.78,376.91,-0.01,29.9342,13.1733,407.3,52.0,1494.866, NAN, NAN, NAN, NAN,,2024/04/16 02:00:48.883,2024-04-16 02:00:48.883000+00:00
2024/04/16, 02:01:48.883,35.888,-75.046, NAN,278.81,281.97,10.31,16.9,16.9,1013.6,1013.4,0.0,0.0,85.09,78.49,311,309,11.3,12.5,89.6,89.9,9.1,10.4,202.3,203.2,1015.7,1015.5,-5.79,376.6,-0.01,30.0214,13.5493,406.5,52.0,1496.226, NAN, NAN, NAN, NAN,,2024/04/16 02:01:48.883,2024-04-16 02:01:48.883000+00:00
2024/04/16, 02:02:48.883,35.889,-75.049, NAN,278.28,279.25,10.3,16.8,16.9,1013.4,1013.2,0.0,0.0,85.09,78.49,313,310,11.1,12.5,89.7,89.9,8.6,10.2,203.6,203.9,1015.5,1015.3,-5.86,376.51,-0.01,30.2033,13.8129,410.0,52.5,1497.315, NAN, NAN, NAN, NAN,,2024/04/16 02:02:48.883,2024-04-16 02:02:48.883000+00:00
2024/04/16, 02:03:48.883,35.889,-75.053, NAN,279.19,278.71,10.43,16.8,16.8,1013.5,1013.3,0.0,0.0,85.09,78.49,310,308,10.8,12.1,90.0,90.2,8.5,9.8,200.0,201.5,1015.6,1015.4,-5.95,376.56,-0.01,30.409,13.4485,416.8,52.5,1496.347, NAN, NAN, NAN, NAN,,2024/04/16 02:03:48.883,2024-04-16 02:03:48.883000+00:00
2024/04/16, 02:04:48.883,35.89,-75.056, NAN,279.31,282.74,10.46,16.7,16.7,1013.6,1013.4,0.0,0.0,85.09,78.49,312,310,10.4,11.9,90.1,90.3,8.0,9.5,200.7,203.1,1015.7,1015.5,-5.96,376.36,-0.02,30.6015,13.0236,421.4,52.7,1495.15, NAN, NAN, NAN, NAN,,2024/04/16 02:04:48.883,2024-04-16 02:04:48.883000+00:00
2024/04/16, 02:05:48.883,35.89,-75.06, NAN,279.4,281.94,10.46,16.6,16.7,1013.6,1013.3,0.0,0.0,85.09,78.49,312,310,10.1,11.4,90.2,90.3,7.8,9.2,199.6,201.7,1015.7,1015.4,-6.0,376.8,-0.01,30.5475,12.7435,420.4,51.5,1494.139, NAN, NAN, NAN, NAN,,2024/04/16 02:05:48.883,2024-04-16 02:05:48.883000+00:00
2024/04/16, 02:06:48.883,35.891,-75.063, NAN,278.38,285.62,10.71,16.5,16.6,1013.6,1013.4,0.0,0.0,85.09,78.49,315,311,10.4,11.7,90.4,90.6,7.8,9.3,202.1,201.9,1015.7,1015.5,-6.03,377.4,-0.01,30.2167,12.6294,411.6,52.1,1493.359, NAN, NAN, NAN, NAN,,2024/04/16 02:06:48.883,2024-04-16 02:06:48.883000+00:00
2024/04/16, 02:07:48.883,35.891,-75.067, NAN,277.73,281.57,10.5,16.5,16.5,1013.5,1013.5,0.0,0.0,85.09,78.49,314,314,10.2,11.6,90.7,90.9,7.9,9.1,200.2,204.8,1015.6,1015.6,-6.07,378.41,-0.02,30.0103,12.5691,408.3,52.3,1492.909, NAN, NAN, NAN, NAN,,2024/04/16 02:07:48.883,2024-04-16 02:07:48.883000+00:00
2024/04/16, 02:08:48.883,35.892,-75.07, NAN,279.62,276.38,10.5,16.4,16.4,1013.6,1013.5,0.0,0.0,85.09,78.49,316,314,10.1,11.6,90.8,91.0,7.2,8.7,204.7,207.4,1015.7,1015.6,-6.12,379.22,-0.01,29.9052,12.5096,406.2,52.2,1492.581, NAN, NAN, NAN, NAN,,2024/04/16 02:08:48.883,2024-04-16 02:08:48.883000+00:00
2024/04/16, 02:09:48.883,35.892,-75.074, NAN,277.95,280.86,10.45,16.4,16.4,1013.8,1013.5,0.0,0.0,85.09,78.49,318,314,10.4,11.8,91.0,91.2,7.8,9.4,205.7,205.6,1015.9,1015.6,-6.12,380.25,-0.02,29.8501,12.4699,403.2,52.5,1492.379, NAN, NAN, NAN, NAN,,2024/04/16 02:09:48.883,2024-04-16 02:09:48.883000+00:00
2024/04/16, 02:10:48.884,35.893,-75.078, NAN,279.5,284.94,10.59,16.4,16.4,1013.8,1013.6,0.0,0.0,85.09,78.49,316,314,10.5,11.8,91.1,91.3,8.0,9.3,204.9,206.8,1015.9,1015.7,-6.08,381.53,-0.01,29.8229,12.4494,405.9,52.4,1492.277, NAN, NAN, NAN, NAN,,2024/04/16 02:10:48.884,2024-04-16 02:10:48.884000+00:00
2024/04/16, 02:11:48.884,35.893,-75.081, NAN,278.45,285.47,10.7,16.4,16.4,1013.8,1013.5,0.0,0.0,85.09,78.49,316,314,11.0,12.4,90.9,91.2,8.4,9.8,205.3,207.0,1015.9,1015.6,-6.06,383.45,-0.01,29.812,12.4504,404.3,52.4,1492.267, NAN, NAN, NAN, NAN,,2024/04/16 02:11:48.884,2024-04-16 02:11:48.884000+00:00
2024/04/16, 02:12:48.884,35.894,-75.085, NAN,278.91,278.28,10.58,16.5,16.4,1013.7,1013.6,0.0,0.0,85.09,78.49,316,314,10.9,12.0,91.2,91.5,7.9,9.1,206.6,207.5,1015.8,1015.7,-5.85,385.41,-0.01,29.814,12.4782,405.2,52.4,1492.365, NAN, NAN, NAN, NAN,,2024/04/16 02:12:48.884,2024-04-16 02:12:48.884000+00:00
2024/04/16, 02:13:48.884,35.894,-75.088, NAN,277.85,281.22,10.32,16.5,16.5,1013.9,1013.5,0.0,0.0,85.09,78.49,317,315,10.8,12.5,90.6,90.8,8.0,9.7,206.8,209.3,1016.0,1015.6,-5.78,386.95,-0.01,29.828,12.4506,403.5,52.5,1492.287, NAN, NAN, NAN, NAN,,2024/04/16 02:13:48.884,2024-04-16 02:13:48.884000+00:00
2024/04/16, 02:14:48.884,35.895,-75.092, NAN,278.55,285.74,10.33,16.6,16.6,1013.7,1013.6,0.0,0.0,85.09,78.49,317,316,10.6,12.2,90.4,90.7,8.1,9.6,206.3,209.9,1015.8,1015.7,-5.74,388.88,-0.01,29.8703,12.3898,403.2,52.5,1492.129, NAN, NAN, NAN, NAN,,2024/04/16 02:14:48.884,2024-04-16 02:14:48.884000+00:00
2024/04/16, 02:15:48.884,35.895,-75.095, NAN,277.73,279.18,10.41,16.7,16.6,1013.7,1013.6,0.0,0.0,85.09,78.49,318,316,10.7,12.4,89.9,90.2,8.0,9.7,206.9,209.5,1015.8,1015.7,-5.45,390.38,-0.01,29.8777,12.3628,403.5,52.5,1492.045, NAN, NAN, NAN, NAN,,2024/04/16 02:15:48.884,2024-04-16 02:15:48.884000+00:00
2024/04/16, 02:16:48.884,35.896,-75.099, NAN,281.02,284.45,10.29,16.7,16.7,1013.8,1013.7,0.0,0.0,85.09,78.49,316,313,10.4,11.9,89.7,89.9,7.7,9.3,207.6,208.7,1015.9,1015.8,-5.47,392.04,-0.01,29.88,12.3655,404.9,52.7,1492.057, NAN, NAN, NAN, NAN,,2024/04/16 02:16:48.884,2024-04-16 02:16:48.884000+00:00
2024/04/16, 02:17:48.884,35.897,-75.102, NAN,280.16,283.25,10.33,16.7,16.7,1013.8,1013.6,0.0,0.0,85.09,78.49,316,313,10.0,11.4,89.4,89.6,7.6,9.1,204.6,206.0,1015.9,1015.7,-5.54,392.6,-0.01,29.9027,12.4819,404.9,52.6,1492.483, NAN, NAN, NAN, NAN,,2024/04/16 02:17:48.884,2024-04-16 02:17:48.884000+00:00
2024/04/16, 02:18:48.884,35.897,-75.106, NAN,279.96,286.86,10.16,16.8,16.8,1013.8,1013.7,0.0,0.0,85.09,78.49,317,315,10.1,11.9,89.2,89.4,7.6,9.4,206.6,209.9,1015.9,1015.8,-5.4,392.92,-0.01,29.9648,12.9862,403.5,52.7,1494.271, NAN, NAN, NAN, NAN,,2024/04/16 02:18:48.884,2024-04-16 02:18:48.884000+00:00
2024/04/16, 02:19:48.884,35.898,-75.109, NAN,280.3,281.4,10.1,16.8,16.8,1013.8,1013.6,0.0,0.0,85.09,78.49,317,314,10.0,11.4,89.1,89.3,7.4,8.9,207.0,208.2,1015.9,1015.7,-5.49,393.61,-0.01,30.0694,13.8792,402.5,52.7,1497.377, NAN, NAN, NAN, NAN,,2024/04/16 02:19:48.884,2024-04-16 02:19:48.884000+00:00
2024/04/16, 02:20:48.884,35.899,-75.112, NAN,280.63,282.11,10.01,16.8,16.9,1013.7,1013.7,0.0,0.0,85.09,78.49,314,311,10.1,11.5,88.9,89.1,7.7,9.2,204.7,205.7,1015.8,1015.8,-5.42,394.14,-0.01,30.2713,14.3768,404.0,52.8,1499.244, NAN, NAN, NAN, NAN,,2024/04/16 02:20:48.884,2024-04-16 02:20:48.884000+00:00
2024/04/16, 02:21:48.884,35.899,-75.116, NAN,279.0,286.36,10.16,16.9,16.9,1013.8,1013.7,0.0,0.0,85.09,78.49,317,314,10.2,11.6,88.9,89.1,7.6,9.1,206.2,207.2,1015.9,1015.8,-5.4,394.74,-0.01,30.734,14.6606,433.1,53.0,1500.704, NAN, NAN, NAN, NAN,,2024/04/16 02:21:48.884,2024-04-16 02:21:48.884000+00:00
2024/04/16, 02:22:48.884,35.9,-75.119, NAN,280.1,275.44,10.29,16.9,16.9,1013.8,1013.7,0.0,0.0,85.09,78.49,316,313,10.3,11.1,88.8,89.0,7.3,8.3,206.9,206.1,1015.9,1015.8,-5.37,394.81,-0.01,31.0071,14.8396,452.0,53.3,1501.599, NAN, NAN, NAN, NAN,,2024/04/16 02:22:48.884,2024-04-16 02:22:48.884000+00:00
2024/04/16, 02:23:48.884,35.9,-75.123, NAN,280.56,283.8,10.12,17.0,17.0,1013.8,1013.6,0.0,0.0,85.09,78.49,316,313,10.5,11.6,88.6,88.8,7.7,9.0,208.2,208.1,1015.9,1015.7,-5.32,395.11,-0.01,31.0872,14.9096,466.0,53.4,1501.917, NAN, NAN, NAN, NAN,,2024/04/16 02:23:48.884,2024-04-16 02:23:48.884000+00:00
2024/04/16, 02:24:48.884,35.901,-75.126, NAN,279.02,285.58,9.99,17.1,17.0,1013.8,1013.6,0.0,0.0,85.09,78.49,316,313,10.7,12.1,88.4,88.6,8.5,10.1,206.8,207.4,1015.9,1015.7,-5.35,395.36,-0.01,31.1088,14.938,475.5,53.5,1502.033, NAN, NAN, NAN, NAN,,2024/04/16 02:24:48.884,2024-04-16 02:24:48.884000+00:00
2024/04/16, 02:25:48.884,35.901,-75.129, NAN,279.68,277.65,10.01,17.1,17.1,1013.8,1013.6,0.0,0.0,85.09,78.49,315,313,10.7,11.8,88.3,88.5,8.0,9.1,207.4,208.2,1015.9,1015.7,-5.28,395.55,-0.01,31.1171,14.9687,478.5,53.7,1502.141, NAN, NAN, NAN, NAN,,2024/04/16 02:25:48.884,2024-04-16 02:25:48.884000+00:00
2024/04/16, 02:26:48.884,35.902,-75.133, NAN,278.79,278.19,10.3,17.2,17.2,1013.8,1013.6,0.0,0.0,85.09,78.49,315,312,10.8,12.4,88.1,88.2,7.8,9.5,206.2,207.2,1015.9,1015.7,-5.39,395.67,-0.01,31.1213,14.9747,480.6,53.1,1502.165, NAN, NAN, NAN, NAN,,2024/04/16 02:26:48.884,2024-04-16 02:26:48.884000+00:00
2024/04/16, 02:27:48.885,35.902,-75.136, NAN,281.16,280.03,10.15,17.3,17.3,1013.8,1013.6,0.0,0.0,85.09,78.49,315,313,10.9,12.4,87.6,87.9,8.0,9.5,209.3,211.0,1015.9,1015.7,-5.32,395.67,-0.02,31.102,14.9779,480.3,53.5,1502.153, NAN, NAN, NAN, NAN,,2024/04/16 02:27:48.885,2024-04-16 02:27:48.885000+00:00
2024/04/16, 02:28:48.885,35.903,-75.139, NAN,279.54,284.01,9.92,17.4,17.3,1013.8,1013.5,0.0,0.0,85.09,78.49,315,312,10.7,12.2,87.2,87.8,8.4,10.0,206.8,207.5,1015.9,1015.6,-5.33,395.72,-0.01,31.0557,14.9719,479.6,53.7,1502.079, NAN, NAN, NAN, NAN,,2024/04/16 02:28:48.885,2024-04-16 02:28:48.885000+00:00
2024/04/16, 02:29:48.885,35.904,-75.143, NAN,280.71,282.21,10.32,17.4,17.4,1013.7,1013.5,0.0,0.0,85.09,78.49,313,311,11.0,12.5,87.2,87.1,8.4,9.9,206.0,207.7,1015.8,1015.6,-5.32,395.66,-0.01,31.0373,14.9653,478.2,53.8,1502.037, NAN, NAN, NAN, NAN,,2024/04/16 02:29:48.885,2024-04-16 02:29:48.885000+00:00
2024/04/16, 02:30:48.885,35.904,-75.146, NAN,280.09,275.52,10.13,17.4,17.4,1013.7,1013.6,0.0,0.0,85.09,78.49,314,312,10.7,11.6,86.6,86.8,7.9,8.9,206.5,206.9,1015.8,1015.7,-5.33,395.95,-0.01,31.0201,14.9337,482.2,53.8,1501.916, NAN, NAN, NAN, NAN,,2024/04/16 02:30:48.885,2024-04-16 02:30:48.885000+00:00
2024/04/16, 02:31:48.885,35.905,-75.15, NAN,281.48,285.08,10.31,17.4,17.4,1013.8,1013.5,0.0,0.0,85.09,78.49,312,309,10.6,12.0,86.4,86.5,8.3,9.8,204.0,204.7,1015.9,1015.6,-5.36,395.84,-0.01,30.9951,14.8555,480.6,54.0,1501.636, NAN, NAN, NAN, NAN,,2024/04/16 02:31:48.885,2024-04-16 02:31:48.885000+00:00
2024/04/16, 02:32:48.885,35.906,-75.153, NAN,281.56,280.73,10.35,17.4,17.4,1013.7,1013.6,0.0,0.0,85.09,78.49,313,310,10.7,12.1,86.3,86.5,8.1,9.7,205.6,206.3,1015.8,1015.7,-5.38,395.84,-0.01,30.9845,14.7811,480.6,53.8,1501.385, NAN, NAN, NAN, NAN,,2024/04/16 02:32:48.885,2024-04-16 02:32:48.885000+00:00
2024/04/16, 02:33:48.885,35.906,-75.156, NAN,280.41,284.46,10.22,17.4,17.4,1013.7,1013.4,0.0,0.0,85.09,78.49,312,311,10.8,12.7,86.2,86.4,8.6,10.4,203.7,207.7,1015.8,1015.5,-5.4,396.04,-0.01,30.9736,14.7851,480.9,53.9,1501.385, NAN, NAN, NAN, NAN,,2024/04/16 02:33:48.885,2024-04-16 02:33:48.885000+00:00
2024/04/16, 02:34:48.885,35.907,-75.16, NAN,280.87,278.13,10.18,17.4,17.4,1013.6,1013.5,0.0,0.0,85.09,78.49,312,311,11.0,12.4,86.1,86.3,8.5,9.9,205.3,207.9,1015.7,1015.6,-5.48,395.73,-0.01,30.9198,14.7886,476.9,53.8,1501.333, NAN, NAN, NAN, NAN,,2024/04/16 02:34:48.885,2024-04-16 02:34:48.885000+00:00
2024/04/16, 02:35:48.885,35.908,-75.163, NAN,279.54,294.24,9.96,17.4,17.4,1013.7,1013.4,0.0,0.0,85.09,78.49,312,309,10.5,11.8,86.1,86.2,8.9,10.3,202.4,202.9,1015.8,1015.5,-5.42,395.1,-0.01,30.8725,14.7722,478.5,53.7,1501.226, NAN, NAN, NAN, NAN,,2024/04/16 02:35:48.885,2024-04-16 02:35:48.885000+00:00
2024/04/16, 02:36:48.885,35.908,-75.166, NAN,280.14,284.06,10.02,17.4,17.4,1013.6,1013.5,0.0,0.0,85.09,78.49,312,310,10.7,12.1,86.3,86.4,8.4,9.9,203.9,205.6,1015.7,1015.6,-5.53,394.04,-0.01,30.8526,14.7528,476.6,53.7,1501.14, NAN, NAN, NAN, NAN,,2024/04/16 02:36:48.885,2024-04-16 02:36:48.885000+00:00
2024/04/16, 02:37:48.885,35.909,-75.17, NAN,276.01,282.79,10.0,17.4,17.4,1013.7,1013.5,0.0,0.0,85.09,78.49,313,311,10.9,12.4,86.3,86.4,8.9,10.4,201.2,202.9,1015.8,1015.6,-5.47,393.4,-0.01,30.8393,14.7642,478.8,53.8,1501.161, NAN, NAN, NAN, NAN,,2024/04/16 02:37:48.885,2024-04-16 02:37:48.885000+00:00
2024/04/16, 02:38:48.885,35.91,-75.173, NAN,278.68,283.48,9.96,17.4,17.4,1013.6,1013.6,0.0,0.0,85.09,78.49,313,312,10.9,12.3,86.4,86.6,8.7,10.0,204.3,206.8,1015.7,1015.7,-5.54,392.52,-0.01,30.8264,14.787,477.6,53.8,1501.22, NAN, NAN, NAN, NAN,,2024/04/16 02:38:48.885,2024-04-16 02:38:48.885000+00:00
2024/04/16, 02:39:48.885,35.91,-75.176, NAN,279.02,279.32,10.1,17.4,17.4,1013.7,1013.5,0.0,0.0,85.09,78.49,315,313,10.6,12.4,86.2,86.4,7.9,9.7,206.0,208.7,1015.8,1015.6,-5.57,391.56,-0.01,30.8196,14.761,477.2,53.8,1501.128, NAN, NAN, NAN, NAN,,2024/04/16 02:39:48.885,2024-04-16 02:39:48.885000+00:00
2024/04/16, 02:40:48.885,35.911,-75.18, NAN,277.62,284.76,10.05,17.4,17.4,1013.7,1013.5,0.0,0.0,85.09,78.49,315,312,10.6,11.9,86.0,86.2,8.5,9.9,203.8,204.2,1015.8,1015.6,-5.48,391.64,-0.01,30.8235,14.7132,478.8,54.0,1500.978, NAN, NAN, NAN, NAN,,2024/04/16 02:40:48.885,2024-04-16 02:40:48.885000+00:00
2024/04/16, 02:41:48.885,35.911,-75.183, NAN,278.31,281.27,10.11,17.3,17.3,1013.6,1013.5,0.0,0.0,85.09,78.49,314,313,10.5,12.1,86.2,86.4,8.1,9.7,203.3,206.8,1015.7,1015.6,-5.56,391.0,-0.01,30.8295,14.6871,478.8,54.0,1500.901, NAN, NAN, NAN, NAN,,2024/04/16 02:41:48.885,2024-04-16 02:41:48.885000+00:00
2024/04/16, 02:42:48.885,35.912,-75.186, NAN,279.28,276.62,10.15,17.3,17.3,1013.7,1013.6,0.0,0.0,85.09,78.49,317,315,10.3,11.3,86.2,86.4,7.4,8.5,207.5,208.4,1015.8,1015.7,-5.6,391.58,-0.01,30.8367,14.6917,478.8,54.0,1500.925, NAN, NAN, NAN, NAN,,2024/04/16 02:42:48.885,2024-04-16 02:42:48.885000+00:00
2024/04/16, 02:43:48.885,35.913,-75.19, NAN,278.58,287.68,10.03,17.3,17.3,1013.8,1013.6,0.0,0.0,85.09,78.49,318,317,9.7,11.2,86.3,86.4,7.7,9.1,204.7,208.6,1015.9,1015.7,-5.66,392.69,-0.01,30.8355,14.7084,478.8,54.0,1500.977, NAN, NAN, NAN, NAN,,2024/04/16 02:43:48.885,2024-04-16 02:43:48.885000+00:00
2024/04/16, 02:44:48.886,35.913,-75.193, NAN,279.21,280.5,9.97,17.2,17.2,1013.9,1013.7,0.0,0.0,85.09,78.49,331,329,8.8,9.3,86.3,86.5,5.0,5.6,220.0,219.7,1016.0,1015.8,-5.66,393.74,-0.01,30.8387,14.7399,480.0,53.9,1501.082, NAN, NAN, NAN, NAN,,2024/04/16 02:44:48.886,2024-04-16 02:44:48.886000+00:00
2024/04/16, 02:45:48.886,35.914,-75.197, NAN,279.28,280.63,10.04,17.2,17.2,1014.3,1014.1,0.0,0.0,85.09,78.49,40,38,13.3,16.1,86.2,86.4,9.8,12.4,338.5,331.8,1016.4,1016.2,-5.7,391.71,-0.01,30.8502,14.7565,483.0,54.0,1501.149, NAN, NAN, NAN, NAN,,2024/04/16 02:45:48.886,2024-04-16 02:45:48.886000+00:00
2024/04/16, 02:46:48.886,35.914,-75.2, NAN,280.22,278.63,9.9,16.9,17.0,1015.0,1014.8,0.0,0.0,85.09,78.49,42,38,13.2,12.8,85.8,86.0,9.9,9.2,341.7,337.4,1017.1,1016.9,-5.57,399.52,-0.01,30.8644,14.7614,487.0,54.1,1501.181, NAN, NAN, NAN, NAN,,2024/04/16 02:46:48.886,2024-04-16 02:46:48.886000+00:00
2024/04/16, 02:47:48.886,35.915,-75.203, NAN,278.28,284.28,9.72,16.6,16.7,1014.7,1014.8,0.0,0.0,85.09,78.49,41,38,14.3,14.2,87.1,86.9,10.6,10.3,334.9,331.1,1016.8,1016.9,-5.8,401.17,-0.01,30.8618,14.774,488.3,54.1,1501.219, NAN, NAN, NAN, NAN,,2024/04/16 02:47:48.886,2024-04-16 02:47:48.886000+00:00
2024/04/16, 02:48:48.886,35.915,-75.207, NAN,278.95,278.44,9.98,16.6,16.6,1014.6,1014.8,0.0,0.0,85.09,78.49,32,26,16.6,14.8,88.7,88.8,12.5,10.4,323.1,316.9,1016.7,1016.9,-5.93,405.38,-0.01,30.83,14.7704,487.0,54.1,1501.17, NAN, NAN, NAN, NAN,,2024/04/16 02:48:48.886,2024-04-16 02:48:48.886000+00:00
2024/04/16, 02:49:48.886,35.916,-75.21, NAN,279.38,282.81,9.99,17.0,16.9,1014.5,1015.0,0.0,0.0,85.09,78.49,344,338,12.3,11.6,93.0,93.4,7.7,7.4,249.7,239.1,1016.6,1017.1,-6.23,404.4,-0.01,30.6942,14.6907,482.7,54.0,1500.755, NAN, NAN, NAN, NAN,,2024/04/16 02:49:48.886,2024-04-16 02:49:48.886000+00:00
2024/04/16, 02:50:48.886,35.917,-75.213, NAN,280.48,289.95,9.86,17.9,17.7,1014.5,1014.5,0.0,0.0,85.09,78.49,343,339,12.9,13.1,88.4,89.3,8.5,8.9,250.0,244.5,1016.6,1016.6,-5.22,403.67,-0.01,30.6978,14.634,483.3,53.7,1500.576, NAN, NAN, NAN, NAN,,2024/04/16 02:50:48.886,2024-04-16 02:50:48.886000+00:00
2024/04/16, 02:51:48.886,35.917,-75.216, NAN,281.32,283.43,10.0,18.3,18.2,1014.7,1014.7,0.0,0.0,85.09,78.49,18,9,13.6,13.6,84.7,85.4,8.7,8.5,307.9,293.8,1016.8,1016.8,-4.85,404.54,-0.01,30.7022,14.5511,484.9,53.6,1500.313, NAN, NAN, NAN, NAN,,2024/04/16 02:51:48.886,2024-04-16 02:51:48.886000+00:00
2024/04/16, 02:52:48.886,35.918,-75.22, NAN,280.65,284.29,10.21,18.7,18.6,1015.2,1015.2,0.0,0.0,85.09,78.49,22,18,16.8,16.4,81.0,81.6,12.0,11.4,310.9,305.5,1017.3,1017.3,-4.64,413.16,-0.01,30.5948,14.5771,484.6,53.6,1500.272, NAN, NAN, NAN, NAN,,2024/04/16 02:52:48.886,2024-04-16 02:52:48.886000+00:00
2024/04/16, 02:53:48.886,35.919,-75.223, NAN,281.87,284.31,10.11,18.9,18.8,1014.8,1015.3,0.0,0.0,85.09,78.49,20,13,14.9,14.3,79.9,80.4,10.1,9.3,311.3,301.3,1016.9,1017.4,-4.57,411.47,-0.01,30.5928,14.6223,484.0,53.6,1500.416, NAN, NAN, NAN, NAN,,2024/04/16 02:53:48.886,2024-04-16 02:53:48.886000+00:00
2024/04/16, 02:54:48.886,35.919,-75.226, NAN,280.69,285.17,10.17,19.1,18.9,1015.1,1015.1,0.0,0.0,85.09,78.49,359,352,12.8,12.6,79.1,80.1,7.6,7.6,275.7,263.9,1017.2,1017.2,-4.71,409.31,-0.01,30.7014,14.5435,486.7,53.6,1500.288, NAN, NAN, NAN, NAN,,2024/04/16 02:54:48.886,2024-04-16 02:54:48.886000+00:00
2024/04/16, 02:55:48.886,35.92,-75.23, NAN,280.6,281.75,10.08,19.3,19.0,1014.6,1015.1,0.0,0.0,85.09,78.49,351,347,13.3,13.0,77.6,79.3,8.3,8.2,263.9,257.3,1016.7,1017.2,-4.73,405.57,-0.01,30.7731,14.4257,490.0,53.6,1499.989, NAN, NAN, NAN, NAN,,2024/04/16 02:55:48.886,2024-04-16 02:55:48.886000+00:00
2024/04/16, 02:56:48.886,35.921,-75.233, NAN,280.34,283.27,10.19,19.4,19.4,1014.5,1014.6,0.0,0.0,85.09,78.49,4,359,13.7,13.6,76.5,76.7,8.5,8.4,284.5,276.4,1016.6,1016.7,-4.77,403.16,-0.01,30.8179,14.2902,491.0,53.7,1499.601, NAN, NAN, NAN, NAN,,2024/04/16 02:56:48.886,2024-04-16 02:56:48.886000+00:00
2024/04/16, 02:57:48.886,35.921,-75.237, NAN,281.44,284.2,10.28,19.5,19.5,1014.7,1014.8,0.0,0.0,85.09,78.49,11,5,14.5,13.9,75.6,75.9,9.3,8.6,297.3,288.1,1016.8,1016.9,-4.97,398.29,-0.01,30.825,14.0277,489.7,53.6,1498.751, NAN, NAN, NAN, NAN,,2024/04/16 02:57:48.886,2024-04-16 02:57:48.886000+00:00
2024/04/16, 02:58:48.886,35.922,-75.24, NAN,280.71,286.47,10.15,19.5,19.5,1014.7,1014.7,0.0,0.0,85.09,78.49,3,357,13.4,13.0,75.6,75.2,8.2,7.9,282.6,272.6,1016.8,1016.8,-5.15,396.53,-0.01,30.7061,13.7726,485.6,53.5,1497.772, NAN, NAN, NAN, NAN,,2024/04/16 02:58:48.886,2024-04-16 02:58:48.886000+00:00
2024/04/16, 02:59:48.886,35.923,-75.243, NAN,280.11,289.04,10.16,19.4,19.4,1014.4,1014.7,0.0,0.0,85.09,78.49,359,354,13.5,13.2,75.9,75.9,8.3,8.2,274.8,266.5,1016.5,1016.8,-5.26,394.84,-0.01,30.43,13.6073,474.2,53.3,1496.9, NAN, NAN, NAN, NAN,,2024/04/16 02:59:48.886,2024-04-16 02:59:48.886000+00:00
2024/04/16, 03:00:48.886,35.924,-75.247, NAN,281.0,285.48,10.19,19.4,19.4,1014.5,1014.7,0.0,0.0,85.09,78.49,1,355,13.5,13.2,76.5,76.5,8.3,8.1,279.8,269.9,1016.6,1016.8,-5.45,394.58,-0.01,30.1633,13.4869,467.8,53.4,1496.186, NAN, NAN, NAN, NAN,,2024/04/16 03:00:48.886,2024-04-16 03:00:48.886000+00:00
2024/04/16, 03:01:48.887,35.924,-75.25, NAN,280.77,283.74,10.19,19.5,19.5,1014.6,1014.7,0.0,0.0,85.09,78.49,358,353,13.8,13.5,75.9,76.1,8.6,8.4,275.3,267.2,1016.7,1016.8,-5.44,393.36,-0.01,30.0862,13.421,464.8,53.2,1495.875, NAN, NAN, NAN, NAN,,2024/04/16 03:01:48.887,2024-04-16 03:01:48.887000+00:00
2024/04/16, 03:02:48.887,35.925,-75.253, NAN,281.06,283.52,10.4,19.6,19.6,1014.5,1014.7,0.0,0.0,85.09,78.49,358,352,12.9,12.4,75.3,75.4,7.6,7.2,276.6,266.0,1016.6,1016.8,-5.39,392.43,-0.01,30.1206,13.3833,461.4,53.2,1495.789, NAN, NAN, NAN, NAN,,2024/04/16 03:02:48.887,2024-04-16 03:02:48.887000+00:00
2024/04/16, 03:03:48.887,35.926,-75.257, NAN,280.69,279.86,10.21,19.7,19.7,1014.7,1014.5,0.0,0.0,85.09,78.49,354,347,11.9,12.1,74.7,74.9,6.7,7.1,268.8,257.1,1016.8,1016.6,-5.45,391.22,-0.0,30.2876,13.3684,457.1,53.1,1495.936, NAN, NAN, NAN, NAN,,2024/04/16 03:03:48.887,2024-04-16 03:03:48.887000+00:00
2024/04/16, 03:04:48.887,35.926,-75.26, NAN,279.69,281.9,10.37,19.5,19.5,1014.5,1014.6,0.0,0.0,85.09,78.49,351,345,12.2,12.3,75.6,75.5,7.0,7.4,262.4,252.5,1016.6,1016.7,-5.44,391.07,-0.01,30.4811,13.3892,456.0,53.1,1496.234, NAN, NAN, NAN, NAN,,2024/04/16 03:04:48.887,2024-04-16 03:04:48.887000+00:00
2024/04/16, 03:05:48.887,35.927,-75.264, NAN,280.24,284.17,10.23,19.5,19.5,1014.4,1014.4,0.0,0.0,85.09,78.49,350,345,12.6,12.5,75.8,75.6,7.6,7.7,261.1,252.9,1016.5,1016.5,-5.61,392.87,-0.01,30.7047,13.35,454.0,52.9,1496.366, NAN, NAN, NAN, NAN,,2024/04/16 03:05:48.887,2024-04-16 03:05:48.887000+00:00
2024/04/16, 03:06:48.887,35.927,-75.267, NAN,280.98,286.16,9.96,19.5,19.4,1014.4,1014.5,0.0,0.0,85.09,78.49,352,347,12.2,12.3,76.3,76.6,7.3,7.6,264.1,256.1,1016.5,1016.6,-5.77,391.7,-0.01,30.8905,13.3227,454.7,53.1,1496.494, NAN, NAN, NAN, NAN,,2024/04/16 03:06:48.887,2024-04-16 03:06:48.887000+00:00
2024/04/16, 03:07:48.887,35.928,-75.27, NAN,282.06,279.12,10.24,19.7,19.6,1014.7,1014.7,0.0,0.0,85.09,78.49,355,349,12.6,12.4,74.7,74.9,7.4,7.3,274.0,263.6,1016.8,1016.8,-5.49,388.91,-0.01,30.8942,13.3227,452.6,53.2,1496.499, NAN, NAN, NAN, NAN,,2024/04/16 03:07:48.887,2024-04-16 03:07:48.887000+00:00
2024/04/16, 03:08:48.887,35.929,-75.274, NAN,282.04,283.37,10.2,19.5,19.6,1014.7,1014.6,0.0,0.0,85.09,78.49,353,347,11.9,11.8,74.1,74.1,6.7,6.8,269.2,258.7,1016.8,1016.7,-5.56,387.77,-0.01,30.604,13.3762,449.7,52.2,1496.335, NAN, NAN, NAN, NAN,,2024/04/16 03:08:48.887,2024-04-16 03:08:48.887000+00:00
2024/04/16, 03:09:48.887,35.929,-75.277, NAN,282.26,283.49,9.96,19.4,19.4,1014.7,1014.6,0.0,0.0,85.09,78.49,357,351,12.2,12.0,75.4,74.9,7.1,7.0,276.0,265.6,1016.8,1016.7,-5.89,391.71,-0.01,30.2681,13.4603,448.0,51.8,1496.22, NAN, NAN, NAN, NAN,,2024/04/16 03:09:48.887,2024-04-16 03:09:48.887000+00:00
2024/04/16, 03:10:48.887,35.93,-75.28, NAN,281.23,287.01,10.11,19.6,19.5,1014.8,1014.7,0.0,0.0,85.09,78.49,356,352,12.8,12.5,75.5,75.8,7.7,7.5,272.8,265.9,1016.9,1016.8,-5.76,389.46,-0.01,30.0668,13.5276,448.3,52.3,1496.208, NAN, NAN, NAN, NAN,,2024/04/16 03:10:48.887,2024-04-16 03:10:48.887000+00:00
2024/04/16, 03:11:48.887,35.931,-75.284, NAN,280.98,284.93,9.95,19.6,19.6,1014.8,1014.7,0.0,0.0,85.09,78.49,358,353,12.6,12.3,74.1,74.1,7.5,7.3,275.6,267.1,1016.9,1016.8,-5.57,388.5,-0.01,29.8557,13.5861,449.6,52.7,1496.154, NAN, NAN, NAN, NAN,,2024/04/16 03:11:48.887,2024-04-16 03:11:48.887000+00:00
2024/04/16, 03:12:48.887,35.931,-75.287, NAN,282.01,283.73,10.11,19.6,19.6,1014.8,1014.7,0.0,0.0,85.09,78.49,8,3,12.9,12.7,72.5,72.9,7.8,7.5,295.2,286.9,1016.9,1016.8,-5.53,386.41,-0.01,29.7012,13.5999,450.0,53.0,1496.019, NAN, NAN, NAN, NAN,,2024/04/16 03:12:48.887,2024-04-16 03:12:48.887000+00:00
2024/04/16, 03:13:48.887,35.932,-75.29, NAN,284.36,285.48,10.1,19.3,19.4,1014.7,1014.7,0.0,0.0,85.09,78.49,11,5,13.4,13.2,70.7,70.9,8.4,8.0,302.3,292.8,1016.8,1016.8,-5.84,386.39,-0.01,29.5524,13.6118,451.6,53.1,1495.883, NAN, NAN, NAN, NAN,,2024/04/16 03:13:48.887,2024-04-16 03:13:48.887000+00:00
2024/04/16, 03:14:48.887,35.933,-75.294, NAN,283.26,282.63,10.1,19.1,19.1,1014.8,1014.9,0.0,0.0,85.09,78.49,13,8,14.0,13.6,71.3,71.2,9.1,8.5,304.5,297.0,1016.9,1017.0,-5.95,386.56,-0.01,29.4656,13.5958,451.0,53.1,1495.728, NAN, NAN, NAN, NAN,,2024/04/16 03:14:48.887,2024-04-16 03:14:48.887000+00:00
2024/04/16, 03:15:48.887,35.933,-75.297, NAN,282.87,284.04,10.02,19.0,19.0,1015.0,1014.9,0.0,0.0,85.09,78.49,17,13,13.8,13.2,71.3,71.3,9.0,8.2,308.9,303.2,1017.1,1017.0,-6.09,388.3,-0.01,29.4037,13.5886,452.0,53.1,1495.631, NAN, NAN, NAN, NAN,,2024/04/16 03:15:48.887,2024-04-16 03:15:48.887000+00:00
2024/04/16, 03:16:48.887,35.934,-75.3, NAN,284.69,287.1,9.88,18.9,18.9,1015.0,1014.9,0.0,0.0,85.09,78.49,14,9,13.3,12.7,69.4,69.5,8.4,7.7,305.0,297.3,1017.1,1017.0,-6.16,389.67,-0.01,29.3606,13.5692,451.3,53.0,1495.516, NAN, NAN, NAN, NAN,,2024/04/16 03:16:48.887,2024-04-16 03:16:48.887000+00:00
2024/04/16, 03:17:48.887,35.935,-75.304, NAN,282.75,288.18,9.85,18.9,18.9,1014.9,1014.9,0.0,0.0,85.09,78.49,15,10,13.0,12.3,69.2,69.4,8.1,7.3,305.6,298.0,1017.0,1017.0,-5.85,391.59,-0.01,29.3422,13.5945,451.3,52.7,1495.579, NAN, NAN, NAN, NAN,,2024/04/16 03:17:48.887,2024-04-16 03:17:48.887000+00:00
2024/04/16, 03:18:48.888,35.935,-75.307, NAN,282.72,288.0,10.23,18.7,18.7,1015.0,1014.9,0.0,0.0,85.09,78.49,20,16,12.9,12.4,69.3,69.4,8.1,7.4,314.5,308.8,1017.1,1017.0,-5.96,395.74,-0.01,29.383,13.6056,451.0,52.6,1495.664, NAN, NAN, NAN, NAN,,2024/04/16 03:18:48.888,2024-04-16 03:18:48.888000+00:00
2024/04/16, 03:19:48.888,35.936,-75.31, NAN,284.99,283.28,10.21,18.5,18.6,1015.0,1015.0,0.0,0.0,85.09,78.49,19,15,13.5,12.6,68.9,69.0,8.8,7.7,316.4,311.5,1017.1,1017.1,-5.96,398.71,-0.01,29.3764,13.6118,448.6,52.5,1495.677, NAN, NAN, NAN, NAN,,2024/04/16 03:19:48.888,2024-04-16 03:19:48.888000+00:00
2024/04/16, 03:20:48.888,35.937,-75.314, NAN,282.3,284.92,10.0,18.3,18.4,1014.9,1015.3,0.0,0.0,85.09,78.49,30,25,12.1,11.7,68.9,69.0,7.8,7.1,328.8,321.9,1017.0,1017.4,-6.02,403.13,-0.01,29.282,13.6017,451.6,52.7,1495.532, NAN, NAN, NAN, NAN,,2024/04/16 03:20:48.888,2024-04-16 03:20:48.888000+00:00
2024/04/16, 03:21:48.888,35.937,-75.317, NAN,284.67,288.15,10.06,18.3,18.3,1015.1,1015.3,0.0,0.0,85.09,78.49,23,18,13.7,13.2,68.8,69.0,9.1,8.4,319.5,312.5,1017.2,1017.4,-5.97,401.42,-0.01,29.1806,13.5831,455.3,52.8,1495.351, NAN, NAN, NAN, NAN,,2024/04/16 03:21:48.888,2024-04-16 03:21:48.888000+00:00
2024/04/16, 03:22:48.888,35.938,-75.32, NAN,284.11,283.61,10.06,18.3,18.2,1015.1,1015.2,0.0,0.0,85.09,78.49,30,26,13.5,12.8,68.8,68.9,9.4,8.4,329.9,325.4,1017.2,1017.3,-5.95,402.19,-0.01,29.1138,13.5646,456.1,52.8,1495.211, NAN, NAN, NAN, NAN,,2024/04/16 03:22:48.888,2024-04-16 03:22:48.888000+00:00
2024/04/16, 03:23:48.888,35.939,-75.324, NAN,283.79,285.63,10.17,18.0,18.1,1015.1,1015.2,0.0,0.0,85.09,78.49,42,38,14.5,16.2,69.4,69.4,11.1,12.5,343.9,336.6,1017.2,1017.3,-5.81,406.07,-0.01,29.0286,13.5607,459.3,53.0,1495.097, NAN, NAN, NAN, NAN,,2024/04/16 03:23:48.888,2024-04-16 03:23:48.888000+00:00
2024/04/16, 03:24:48.888,35.939,-75.327, NAN,284.44,284.68,10.18,18.2,18.1,1015.2,1015.3,0.0,0.0,85.09,78.49,37,30,13.2,13.6,69.2,69.4,9.6,9.5,340.8,330.7,1017.3,1017.4,-5.76,403.31,-0.01,28.9913,13.5713,460.1,53.4,1495.089, NAN, NAN, NAN, NAN,,2024/04/16 03:24:48.888,2024-04-16 03:24:48.888000+00:00
2024/04/16, 03:25:48.888,35.94,-75.33, NAN,283.72,282.81,9.98,18.3,18.3,1015.3,1015.3,0.0,0.0,85.09,78.49,34,30,14.6,15.0,68.6,68.7,10.8,11.0,333.7,327.9,1017.4,1017.4,-5.48,399.19,-0.01,28.9055,13.5762,462.7,53.3,1495.005, NAN, NAN, NAN, NAN,,2024/04/16 03:25:48.888,2024-04-16 03:25:48.888000+00:00
2024/04/16, 03:26:48.888,35.941,-75.334, NAN,283.82,282.0,10.05,17.9,18.0,1015.3,1015.5,0.0,0.0,85.09,78.49,41,37,14.2,16.0,69.1,69.1,10.9,12.3,343.2,335.7,1017.4,1017.6,-5.7,401.07,-0.01,28.8319,13.5587,463.5,53.5,1494.86, NAN, NAN, NAN, NAN,,2024/04/16 03:26:48.888,2024-04-16 03:26:48.888000+00:00
2024/04/16, 03:27:48.888,35.942,-75.336, NAN,0.13,350.58,7.57,17.8,17.8,1015.3,1015.4,0.0,0.0,85.09,78.49,7,353,14.8,13.7,69.9,70.0,11.2,9.8,13.8,355.3,1017.4,1017.5,-5.96,399.64,-0.01,28.7682,13.5297,465.1,53.5,1494.688, NAN, NAN, NAN, NAN,,2024/04/16 03:27:48.888,2024-04-16 03:27:48.888000+00:00
2024/04/16, 03:28:48.888,35.944,-75.335, NAN,59.22,59.27,8.24,18.0,17.9,1015.4,1015.5,0.0,0.0,85.09,78.49,314,306,12.5,13.4,69.7,69.8,9.8,11.2,356.3,348.3,1017.5,1017.6,-5.65,395.99,-0.01,28.7589,13.4973,466.8,53.3,1494.569, NAN, NAN, NAN, NAN,,2024/04/16 03:28:48.888,2024-04-16 03:28:48.888000+00:00
2024/04/16, 03:29:48.888,35.944,-75.332, NAN,85.87,87.1,9.48,17.9,17.9,1016.0,1015.5,0.0,0.0,85.09,78.49,280,284,11.1,11.6,69.5,69.5,11.3,11.4,340.7,345.4,1018.1,1017.6,-5.71,393.38,-0.01,28.7522,13.4944,467.2,53.3,1494.551, NAN, NAN, NAN, NAN,,2024/04/16 03:29:48.888,2024-04-16 03:29:48.888000+00:00
2024/04/16, 03:30:48.888,35.944,-75.329, NAN,92.57,94.38,10.19,17.7,17.7,1016.0,1015.7,0.0,0.0,85.09,78.49,282,285,10.2,10.9,70.4,70.3,10.7,11.1,345.7,350.0,1018.1,1017.8,-5.95,394.39,-0.01,28.7669,13.5104,468.1,53.2,1494.622, NAN, NAN, NAN, NAN,,2024/04/16 03:30:48.888,2024-04-16 03:30:48.888000+00:00
2024/04/16, 03:31:48.888,35.944,-75.325, NAN,92.95,98.83,10.66,17.6,17.6,1016.1,1015.5,0.0,0.0,85.09,78.49,284,288,9.1,10.6,71.3,71.4,9.7,10.6,343.2,351.0,1018.2,1017.6,-6.23,391.67,-0.01,28.818,13.5341,462.7,53.2,1494.761, NAN, NAN, NAN, NAN,,2024/04/16 03:31:48.888,2024-04-16 03:31:48.888000+00:00
2024/04/16, 03:32:48.888,35.944,-75.322, NAN,91.6,90.29,9.89,17.7,17.7,1015.8,1015.7,0.0,0.0,85.09,78.49,277,283,8.9,9.7,71.5,71.5,9.8,10.0,337.6,344.8,1017.9,1017.8,-6.08,389.41,-0.01,28.8318,13.5567,465.4,53.5,1494.853, NAN, NAN, NAN, NAN,,2024/04/16 03:32:48.888,2024-04-16 03:32:48.888000+00:00
2024/04/16, 03:33:48.888,35.943,-75.318, NAN,93.06,93.02,10.14,17.6,17.6,1016.1,1015.9,0.0,0.0,85.09,78.49,280,288,8.1,9.1,71.6,71.7,8.9,9.1,337.8,347.7,1018.2,1018.0,-6.17,388.91,-0.0,28.8086,13.5721,465.4,53.5,1494.877, NAN, NAN, NAN, NAN,,2024/04/16 03:33:48.888,2024-04-16 03:33:48.888000+00:00
2024/04/16, 03:34:48.888,35.943,-75.315, NAN,92.57,96.01,10.29,17.6,17.6,1016.0,1015.8,0.0,0.0,85.09,78.49,282,287,7.9,8.7,71.9,71.9,8.8,9.0,338.2,345.0,1018.1,1017.9,-6.24,388.92,-0.01,28.8086,13.5677,464.8,53.6,1494.862, NAN, NAN, NAN, NAN,,2024/04/16 03:34:48.888,2024-04-16 03:34:48.888000+00:00
2024/04/16, 03:35:48.889,35.943,-75.311, NAN,92.81,92.96,10.06,17.5,17.5,1015.9,1016.0,0.0,0.0,85.09,78.49,278,284,7.3,7.8,72.3,72.4,8.5,8.4,333.6,339.9,1018.0,1018.1,-6.25,388.66,-0.01,28.8475,13.553,462.8,53.5,1494.859, NAN, NAN, NAN, NAN,,2024/04/16 03:35:48.889,2024-04-16 03:35:48.889000+00:00
2024/04/16, 03:36:48.889,35.943,-75.308, NAN,92.71,91.16,10.26,17.5,17.5,1016.1,1015.9,0.0,0.0,85.09,78.49,285,289,6.7,7.4,72.3,72.4,7.4,7.6,334.2,340.6,1018.2,1018.0,-6.24,387.53,-0.01,28.9712,13.5506,462.8,53.6,1494.996, NAN, NAN, NAN, NAN,,2024/04/16 03:36:48.889,2024-04-16 03:36:48.889000+00:00
2024/04/16, 03:37:48.889,35.942,-75.304, NAN,92.07,90.2,9.93,17.5,17.5,1016.0,1015.8,0.0,0.0,85.09,78.49,292,293,8.4,8.8,72.6,72.7,8.2,8.4,348.2,350.7,1018.1,1017.9,-6.22,388.79,-0.01,29.1255,13.474,460.4,53.5,1494.922, NAN, NAN, NAN, NAN,,2024/04/16 03:37:48.889,2024-04-16 03:37:48.889000+00:00
2024/04/16, 03:38:48.889,35.942,-75.301, NAN,92.73,95.95,9.95,17.4,17.4,1016.0,1015.8,0.0,0.0,85.09,78.49,294,295,8.2,9.1,73.0,73.0,7.9,8.6,349.8,354.3,1018.1,1017.9,-6.25,388.81,-0.01,29.2305,13.3888,458.0,53.7,1494.76, NAN, NAN, NAN, NAN,,2024/04/16 03:38:48.889,2024-04-16 03:38:48.889000+00:00
2024/04/16, 03:39:48.889,35.942,-75.297, NAN,89.6,94.78,9.72,17.3,17.3,1016.0,1015.9,0.0,0.0,85.09,78.49,298,297,9.9,10.9,73.3,73.4,9.1,10.1,357.5,359.4,1018.1,1018.0,-6.25,390.92,-0.01,29.3262,13.3585,457.7,53.6,1494.771, NAN, NAN, NAN, NAN,,2024/04/16 03:39:48.889,2024-04-16 03:39:48.889000+00:00
2024/04/16, 03:40:48.889,35.942,-75.294, NAN,89.94,92.1,9.77,17.5,17.4,1015.9,1015.8,0.0,0.0,85.09,78.49,302,303,9.1,10.2,73.0,73.1,7.9,8.8,358.5,3.5,1018.0,1017.9,-6.07,390.35,-0.01,29.3453,13.391,456.0,53.4,1494.902, NAN, NAN, NAN, NAN,,2024/04/16 03:40:48.889,2024-04-16 03:40:48.889000+00:00
2024/04/16, 03:41:48.889,35.942,-75.291, NAN,88.64,89.33,9.61,17.6,17.6,1015.7,1015.6,0.0,0.0,85.09,78.49,305,304,9.9,11.3,72.7,72.8,8.3,9.6,3.8,6.9,1017.8,1017.7,-5.78,390.84,-0.01,29.285,13.4521,456.1,53.2,1495.036, NAN, NAN, NAN, NAN,,2024/04/16 03:41:48.889,2024-04-16 03:41:48.889000+00:00
2024/04/16, 03:42:48.889,35.942,-75.287, NAN,88.38,90.83,9.87,17.6,17.6,1015.8,1015.5,0.0,0.0,85.09,78.49,302,301,11.6,12.5,72.7,72.8,10.1,11.0,4.5,5.5,1017.9,1017.6,-5.82,391.8,-0.01,29.1835,13.5029,458.0,53.1,1495.086, NAN, NAN, NAN, NAN,,2024/04/16 03:42:48.889,2024-04-16 03:42:48.889000+00:00
2024/04/16, 03:43:48.889,35.942,-75.284, NAN,87.07,88.4,9.84,17.7,17.7,1015.8,1015.6,0.0,0.0,85.09,78.49,299,300,10.8,11.8,72.4,72.5,9.7,10.5,358.2,1.7,1017.9,1017.7,-5.65,391.06,-0.01,29.108,13.5292,458.4,53.1,1495.086, NAN, NAN, NAN, NAN,,2024/04/16 03:43:48.889,2024-04-16 03:43:48.889000+00:00
2024/04/16, 03:44:48.889,35.942,-75.281, NAN,86.85,85.19,9.72,17.7,17.7,1015.8,1015.5,0.0,0.0,85.09,78.49,302,301,12.1,13.4,72.2,72.3,10.5,11.8,4.6,6.2,1017.9,1017.6,-5.58,392.58,-0.01,29.0919,13.5533,457.7,53.2,1495.147, NAN, NAN, NAN, NAN,,2024/04/16 03:44:48.889,2024-04-16 03:44:48.889000+00:00
2024/04/16, 03:45:48.889,35.942,-75.277, NAN,87.75,88.29,9.8,17.8,17.7,1015.8,1015.5,0.0,0.0,85.09,78.49,302,300,12.0,13.4,71.9,72.0,10.4,11.9,5.0,5.8,1017.9,1017.6,-5.54,393.43,-0.01,29.0796,13.5788,456.8,53.1,1495.218, NAN, NAN, NAN, NAN,,2024/04/16 03:45:48.889,2024-04-16 03:45:48.889000+00:00
2024/04/16, 03:46:48.889,35.942,-75.274, NAN,86.9,92.19,9.81,17.8,17.8,1015.8,1015.5,0.0,0.0,85.09,78.49,302,301,11.6,12.8,71.4,71.5,10.2,11.4,3.2,4.8,1017.9,1017.6,-5.53,394.37,-0.01,29.133,13.6094,458.4,52.9,1495.383, NAN, NAN, NAN, NAN,,2024/04/16 03:46:48.889,2024-04-16 03:46:48.889000+00:00
2024/04/16, 03:47:48.889,35.942,-75.271, NAN,87.97,91.51,9.81,18.0,18.0,1015.7,1015.5,0.0,0.0,85.09,78.49,304,305,9.4,10.7,70.7,70.8,8.0,9.1,359.5,4.9,1017.8,1017.6,-5.42,392.91,-0.01,29.1074,13.6333,457.1,52.9,1495.432, NAN, NAN, NAN, NAN,,2024/04/16 03:47:48.889,2024-04-16 03:47:48.889000+00:00
2024/04/16, 03:48:48.889,35.942,-75.267, NAN,87.43,87.42,9.77,18.1,18.1,1015.8,1015.7,0.0,0.0,85.09,78.49,310,311,8.7,10.3,70.3,70.3,6.9,8.2,2.2,9.7,1017.9,1017.8,-5.39,390.88,-0.01,29.0557,13.6439,456.0,52.9,1495.407, NAN, NAN, NAN, NAN,,2024/04/16 03:48:48.889,2024-04-16 03:48:48.889000+00:00
2024/04/16, 03:49:48.889,35.942,-75.264, NAN,87.33,90.19,9.94,18.1,18.0,1015.7,1015.5,0.0,0.0,85.09,78.49,306,305,9.8,11.4,70.3,70.8,8.1,9.6,1.9,5.9,1017.8,1017.6,-5.47,392.05,-0.01,29.0532,13.6257,454.0,52.9,1495.343, NAN, NAN, NAN, NAN,,2024/04/16 03:49:48.889,2024-04-16 03:49:48.889000+00:00
2024/04/16, 03:50:48.889,35.942,-75.26, NAN,86.96,92.08,9.93,17.9,17.9,1015.6,1015.5,0.0,0.0,85.09,78.49,305,306,10.0,11.4,71.3,71.4,8.6,9.7,1.3,6.5,1017.7,1017.6,-5.68,394.34,-0.01,29.0403,13.602,455.0,53.1,1495.249, NAN, NAN, NAN, NAN,,2024/04/16 03:50:48.889,2024-04-16 03:50:48.889000+00:00
2024/04/16, 03:51:48.890,35.942,-75.257, NAN,87.85,94.99,10.08,18.0,18.0,1015.8,1015.5,0.0,0.0,85.09,78.49,306,306,8.6,9.9,71.0,71.1,7.3,8.4,357.0,2.3,1017.9,1017.6,-5.65,393.35,-0.01,29.1079,13.5973,454.4,53.0,1495.313, NAN, NAN, NAN, NAN,,2024/04/16 03:51:48.890,2024-04-16 03:51:48.890000+00:00
2024/04/16, 03:52:48.890,35.942,-75.254, NAN,87.6,90.42,10.05,18.0,18.1,1015.7,1015.5,0.0,0.0,85.09,78.49,313,311,8.4,10.2,70.9,70.6,6.4,8.0,2.7,8.6,1017.8,1017.6,-5.47,392.27,-0.01,29.1886,13.6183,452.6,53.1,1495.478, NAN, NAN, NAN, NAN,,2024/04/16 03:52:48.890,2024-04-16 03:52:48.890000+00:00
2024/04/16, 03:53:48.890,35.942,-75.25, NAN,87.34,86.75,10.23,18.1,18.1,1015.5,1015.5,0.0,0.0,85.09,78.49,311,311,9.6,11.5,70.7,70.8,7.4,9.1,5.4,11.9,1017.6,1017.6,-5.55,394.06,-0.01,29.289,13.6233,452.9,53.1,1495.612, NAN, NAN, NAN, NAN,,2024/04/16 03:53:48.890,2024-04-16 03:53:48.890000+00:00
2024/04/16, 03:54:48.890,35.942,-75.247, NAN,87.48,89.52,10.06,18.1,18.1,1015.4,1015.3,0.0,0.0,85.09,78.49,314,312,10.1,12.3,70.6,70.8,7.6,9.8,11.5,15.7,1017.5,1017.4,-5.48,395.07,-0.01,29.4124,13.5885,452.0,53.2,1495.641, NAN, NAN, NAN, NAN,,2024/04/16 03:54:48.890,2024-04-16 03:54:48.890000+00:00
2024/04/16, 03:55:48.890,35.942,-75.243, NAN,87.08,88.29,9.92,18.2,18.2,1015.3,1015.3,0.0,0.0,85.09,78.49,313,312,10.6,12.5,69.9,70.1,8.2,10.0,12.1,16.1,1017.4,1017.4,-5.44,396.65,-0.01,29.5157,13.5282,451.6,53.3,1495.562, NAN, NAN, NAN, NAN,,2024/04/16 03:55:48.890,2024-04-16 03:55:48.890000+00:00
2024/04/16, 03:56:48.890,35.942,-75.24, NAN,88.66,88.55,9.64,18.5,18.4,1015.4,1015.3,0.0,0.0,85.09,78.49,312,311,10.1,11.6,68.9,69.0,8.0,9.4,11.8,15.1,1017.5,1017.4,-5.31,395.84,-0.01,29.6581,13.4812,452.9,53.4,1495.572, NAN, NAN, NAN, NAN,,2024/04/16 03:56:48.890,2024-04-16 03:56:48.890000+00:00
2024/04/16, 03:57:48.890,35.942,-75.237, NAN,87.86,87.56,9.94,18.6,18.5,1015.5,1015.3,0.0,0.0,85.09,78.49,312,313,9.8,10.9,68.3,68.4,7.4,8.2,9.2,14.3,1017.6,1017.4,-5.25,396.11,-0.01,29.8288,13.4535,452.9,53.3,1495.68, NAN, NAN, NAN, NAN,,2024/04/16 03:57:48.890,2024-04-16 03:57:48.890000+00:00
2024/04/16, 03:58:48.890,35.942,-75.233, NAN,88.36,91.34,9.87,18.7,18.7,1015.4,1015.1,0.0,0.0,85.09,78.49,312,312,9.2,11.0,67.8,68.0,6.9,8.5,7.4,14.0,1017.5,1017.2,-5.24,395.51,-0.01,30.047,13.4808,454.7,53.3,1496.028, NAN, NAN, NAN, NAN,,2024/04/16 03:58:48.890,2024-04-16 03:58:48.890000+00:00
2024/04/16, 03:59:48.890,35.942,-75.23, NAN,88.55,90.87,9.91,18.7,18.7,1015.3,1015.1,0.0,0.0,85.09,78.49,309,309,9.2,11.0,67.6,67.6,7.3,8.8,4.1,10.5,1017.4,1017.2,-5.27,395.43,-0.01,30.2397,13.4485,456.1,53.4,1496.147, NAN, NAN, NAN, NAN,,2024/04/16 03:59:48.890,2024-04-16 03:59:48.890000+00:00
2024/04/16, 04:00:48.890,35.942,-75.227, NAN,89.15,86.8,9.96,18.7,18.7,1015.5,1015.3,0.0,0.0,85.09,78.49,313,313,9.3,10.8,67.4,67.5,6.9,8.2,9.4,15.1,1017.6,1017.4,-5.28,394.84,-0.01,30.5629,13.4389,459.8,53.5,1496.496, NAN, NAN, NAN, NAN,,2024/04/16 04:00:48.890,2024-04-16 04:00:48.890000+00:00
2024/04/16, 04:01:48.890,35.942,-75.223, NAN,88.53,87.14,9.8,18.8,18.8,1015.3,1015.3,0.0,0.0,85.09,78.49,314,313,9.6,11.5,67.6,67.5,7.1,8.9,11.8,16.9,1017.4,1017.4,-5.36,394.37,-0.0,30.7907,13.4444,465.7,53.6,1496.782, NAN, NAN, NAN, NAN,,2024/04/16 04:01:48.890,2024-04-16 04:01:48.890000+00:00
2024/04/16, 04:02:48.890,35.942,-75.22, NAN,88.67,88.67,9.71,18.6,18.6,1015.3,1015.4,0.0,0.0,85.09,78.49,309,309,10.5,11.9,67.9,68.0,8.3,9.6,9.9,13.8,1017.4,1017.5,-5.5,396.34,-0.01,30.8347,13.4905,467.5,53.6,1496.988, NAN, NAN, NAN, NAN,,2024/04/16 04:02:48.890,2024-04-16 04:02:48.890000+00:00
2024/04/16, 04:03:48.890,35.943,-75.216, NAN,88.54,85.27,9.92,18.6,18.6,1015.5,1015.2,0.0,0.0,85.09,78.49,315,315,9.3,10.9,67.7,67.8,6.7,8.1,11.4,17.4,1017.6,1017.3,-5.52,394.78,-0.01,30.7859,13.5416,469.4,53.4,1497.1, NAN, NAN, NAN, NAN,,2024/04/16 04:03:48.890,2024-04-16 04:03:48.890000+00:00
2024/04/16, 04:04:48.890,35.943,-75.213, NAN,88.79,87.94,10.05,18.7,18.7,1015.3,1015.5,0.0,0.0,85.09,78.49,323,320,8.9,11.1,67.8,67.8,5.7,7.9,18.7,23.8,1017.4,1017.6,-5.45,392.8,-0.01,30.7847,13.5864,468.8,53.5,1497.247, NAN, NAN, NAN, NAN,,2024/04/16 04:04:48.890,2024-04-16 04:04:48.890000+00:00
2024/04/16, 04:05:48.890,35.943,-75.21, NAN,88.79,93.27,10.03,18.6,18.6,1015.3,1015.4,0.0,0.0,85.09,78.49,318,317,9.3,11.1,68.4,68.4,6.5,8.1,14.5,20.1,1017.4,1017.5,-5.59,393.6,-0.01,30.7908,13.6082,471.2,53.7,1497.327, NAN, NAN, NAN, NAN,,2024/04/16 04:05:48.890,2024-04-16 04:05:48.890000+00:00
2024/04/16, 04:06:48.890,35.943,-75.206, NAN,88.73,93.65,9.82,18.5,18.5,1015.3,1015.1,0.0,0.0,85.09,78.49,317,316,8.7,10.2,68.7,68.8,6.2,7.6,11.0,16.3,1017.4,1017.2,-5.78,393.29,-0.01,30.7883,13.6621,473.6,53.8,1497.503, NAN, NAN, NAN, NAN,,2024/04/16 04:06:48.890,2024-04-16 04:06:48.890000+00:00
2024/04/16, 04:07:48.891,35.943,-75.203, NAN,88.34,84.34,9.54,18.4,18.4,1015.4,1015.3,0.0,0.0,85.09,78.49,316,315,8.5,10.2,69.1,69.1,5.8,7.4,10.4,16.6,1017.5,1017.4,-5.69,392.95,-0.01,30.7443,13.778,473.9,53.6,1497.834, NAN, NAN, NAN, NAN,,2024/04/16 04:07:48.891,2024-04-16 04:07:48.891000+00:00
2024/04/16, 04:08:48.891,35.943,-75.2, NAN,88.03,92.55,9.87,18.4,18.4,1015.4,1015.3,0.0,0.0,85.09,78.49,315,314,9.1,10.9,69.3,69.3,6.7,8.3,9.8,15.5,1017.5,1017.4,-5.91,394.1,-0.01,30.7279,13.903,473.9,53.6,1498.227, NAN, NAN, NAN, NAN,,2024/04/16 04:08:48.891,2024-04-16 04:08:48.891000+00:00
2024/04/16, 04:09:48.891,35.943,-75.196, NAN,89.34,87.29,9.58,18.4,18.4,1015.5,1015.3,0.0,0.0,85.09,78.49,314,313,8.5,10.3,69.0,69.1,6.1,7.7,8.6,15.1,1017.6,1017.4,-5.8,394.87,-0.01,30.7808,14.0351,476.0,53.6,1498.723, NAN, NAN, NAN, NAN,,2024/04/16 04:09:48.891,2024-04-16 04:09:48.891000+00:00
2024/04/16, 04:10:48.891,35.943,-75.193, NAN,89.21,89.45,9.85,18.5,18.5,1015.6,1015.5,0.0,0.0,85.09,78.49,321,318,7.9,9.8,68.2,68.3,5.0,6.8,11.7,18.2,1017.7,1017.6,-5.57,393.44,-0.01,30.8532,14.1215,480.3,53.8,1499.091, NAN, NAN, NAN, NAN,,2024/04/16 04:10:48.891,2024-04-16 04:10:48.891000+00:00
2024/04/16, 04:11:48.891,35.943,-75.189, NAN,89.21,93.64,9.92,18.7,18.7,1015.5,1015.3,0.0,0.0,85.09,78.49,327,324,8.1,9.9,67.9,67.9,4.8,6.6,19.9,25.4,1017.6,1017.4,-5.47,391.45,-0.01,30.8778,14.1687,481.9,53.9,1499.274, NAN, NAN, NAN, NAN,,2024/04/16 04:11:48.891,2024-04-16 04:11:48.891000+00:00
2024/04/16, 04:12:48.891,35.943,-75.186, NAN,92.29,86.82,9.62,18.6,18.6,1015.4,1015.1,0.0,0.0,85.09,78.49,320,317,9.1,11.0,68.3,68.3,6.0,7.9,22.1,25.4,1017.5,1017.2,-5.64,392.97,-0.01,30.8613,14.2098,484.9,54.0,1499.389, NAN, NAN, NAN, NAN,,2024/04/16 04:12:48.891,2024-04-16 04:12:48.891000+00:00
2024/04/16, 04:13:48.891,35.943,-75.183, NAN,93.27,93.61,9.94,18.4,18.5,1015.3,1015.3,0.0,0.0,85.09,78.49,321,319,8.5,10.7,68.1,68.1,5.6,7.6,18.9,26.2,1017.4,1017.4,-5.77,392.16,-0.01,30.8352,14.232,486.7,53.8,1499.431, NAN, NAN, NAN, NAN,,2024/04/16 04:13:48.891,2024-04-16 04:13:48.891000+00:00
2024/04/16, 04:14:48.891,35.943,-75.179, NAN,92.21,100.39,10.0,18.4,18.4,1015.3,1015.5,0.0,0.0,85.09,78.49,318,316,8.3,10.3,68.1,68.1,5.8,7.7,12.4,19.4,1017.4,1017.6,-5.76,392.06,-0.01,30.815,14.247,486.0,54.1,1499.457, NAN, NAN, NAN, NAN,,2024/04/16 04:14:48.891,2024-04-16 04:14:48.891000+00:00
2024/04/16, 04:15:48.891,35.943,-75.176, NAN,91.83,90.7,9.57,18.4,18.4,1015.5,1015.3,0.0,0.0,85.09,78.49,317,316,8.3,10.2,68.0,68.0,5.9,7.6,13.1,20.4,1017.6,1017.4,-5.73,390.75,-0.01,30.805,14.2647,485.6,53.9,1499.503, NAN, NAN, NAN, NAN,,2024/04/16 04:15:48.891,2024-04-16 04:15:48.891000+00:00
2024/04/16, 04:16:48.891,35.943,-75.173, NAN,92.4,92.99,9.95,18.3,18.4,1015.5,1015.6,0.0,0.0,85.09,78.49,317,316,7.7,9.4,68.3,68.3,5.3,6.7,8.0,16.6,1017.6,1017.7,-5.91,389.54,-0.01,30.7868,14.2784,488.6,53.9,1499.526, NAN, NAN, NAN, NAN,,2024/04/16 04:16:48.891,2024-04-16 04:16:48.891000+00:00
2024/04/16, 04:17:48.891,35.943,-75.169, NAN,91.93,94.9,9.94,18.2,18.2,1015.3,1015.5,0.0,0.0,85.09,78.49,313,312,7.9,9.6,68.9,69.0,6.1,7.5,4.6,12.0,1017.4,1017.6,-6.06,391.18,-0.01,30.8001,14.2922,490.4,53.9,1499.587, NAN, NAN, NAN, NAN,,2024/04/16 04:17:48.891,2024-04-16 04:17:48.891000+00:00
2024/04/16, 04:18:48.891,35.943,-75.166, NAN,91.82,87.6,9.77,18.1,18.1,1015.5,1015.4,0.0,0.0,85.09,78.49,316,315,8.3,10.1,69.2,69.3,5.7,7.3,11.5,18.8,1017.6,1017.5,-6.26,392.53,-0.01,30.815,14.2921,491.3,53.8,1499.604, NAN, NAN, NAN, NAN,,2024/04/16 04:18:48.891,2024-04-16 04:18:48.891000+00:00
2024/04/16, 04:19:48.891,35.942,-75.163, NAN,91.63,93.11,9.78,18.2,18.2,1015.4,1015.2,0.0,0.0,85.09,78.49,318,317,8.6,10.5,68.8,68.9,5.9,7.6,15.1,22.1,1017.5,1017.3,-5.93,393.05,-0.01,30.8368,14.278,494.7,53.8,1499.583, NAN, NAN, NAN, NAN,,2024/04/16 04:19:48.891,2024-04-16 04:19:48.891000+00:00
2024/04/16, 04:20:48.891,35.942,-75.159, NAN,90.87,94.04,9.87,18.4,18.4,1015.5,1015.3,0.0,0.0,85.09,78.49,319,318,8.5,10.4,68.1,68.2,5.9,7.6,14.0,21.3,1017.6,1017.4,-5.65,393.08,-0.01,30.8597,14.2769,498.0,54.1,1499.606, NAN, NAN, NAN, NAN,,2024/04/16 04:20:48.891,2024-04-16 04:20:48.891000+00:00
2024/04/16, 04:21:48.891,35.942,-75.156, NAN,91.57,94.73,9.52,18.5,18.5,1015.3,1015.3,0.0,0.0,85.09,78.49,316,316,8.3,10.2,67.3,67.3,6.0,7.6,12.0,20.3,1017.4,1017.4,-5.42,392.15,-0.01,30.8872,14.2825,497.4,54.2,1499.657, NAN, NAN, NAN, NAN,,2024/04/16 04:21:48.891,2024-04-16 04:21:48.891000+00:00
2024/04/16, 04:22:48.891,35.942,-75.153, NAN,89.59,84.1,9.68,18.6,18.6,1015.5,1015.5,0.0,0.0,85.09,78.49,317,316,8.1,9.9,66.7,66.8,5.6,7.2,9.4,17.0,1017.6,1017.6,-5.44,391.67,-0.01,30.8936,14.2949,496.8,54.0,1499.705, NAN, NAN, NAN, NAN,,2024/04/16 04:22:48.891,2024-04-16 04:22:48.891000+00:00
2024/04/16, 04:23:48.892,35.942,-75.149, NAN,90.79,90.97,9.78,18.6,18.6,1015.5,1015.3,0.0,0.0,85.09,78.49,315,314,7.9,9.9,66.6,66.7,5.6,7.4,6.5,15.4,1017.6,1017.4,-5.51,391.37,-0.01,30.8843,14.1793,497.7,54.3,1499.317, NAN, NAN, NAN, NAN,,2024/04/16 04:23:48.892,2024-04-16 04:23:48.892000+00:00
2024/04/16, 04:24:48.892,35.942,-75.146, NAN,90.38,93.2,9.59,18.5,18.5,1015.3,1015.2,0.0,0.0,85.09,78.49,314,314,7.9,9.6,66.8,66.9,5.8,7.2,5.9,14.4,1017.4,1017.3,-5.61,390.78,-0.01,30.9271,13.5221,502.0,54.1,1497.201, NAN, NAN, NAN, NAN,,2024/04/16 04:24:48.892,2024-04-16 04:24:48.892000+00:00
2024/04/16, 04:25:48.892,35.942,-75.143, NAN,91.21,88.63,9.41,18.4,18.4,1015.4,1015.1,0.0,0.0,85.09,78.49,318,317,7.9,9.6,67.3,67.4,5.3,6.8,12.5,20.0,1017.5,1017.2,-5.82,390.81,-0.01,31.0155,13.1444,505.6,54.2,1496.045, NAN, NAN, NAN, NAN,,2024/04/16 04:25:48.892,2024-04-16 04:25:48.892000+00:00
2024/04/16, 04:26:48.892,35.942,-75.14, NAN,91.12,90.6,9.17,18.3,18.3,1015.5,1015.3,0.0,0.0,85.09,78.49,319,317,7.8,9.6,67.6,67.7,5.3,6.9,14.0,20.5,1017.6,1017.4,-5.88,391.26,-0.01,30.8428,12.8117,492.3,54.0,1494.72, NAN, NAN, NAN, NAN,,2024/04/16 04:26:48.892,2024-04-16 04:26:48.892000+00:00
2024/04/16, 04:27:48.892,35.942,-75.136, NAN,91.73,95.72,9.29,18.2,18.3,1015.3,1015.4,0.0,0.0,85.09,78.49,323,320,8.0,9.9,68.0,68.1,5.1,7.0,20.2,25.5,1017.4,1017.5,-6.04,391.8,-0.01,30.7234,12.5695,480.9,54.1,1493.756, NAN, NAN, NAN, NAN,,2024/04/16 04:27:48.892,2024-04-16 04:27:48.892000+00:00
2024/04/16, 04:28:48.892,35.942,-75.133, NAN,90.17,92.21,9.24,18.2,18.2,1015.2,1015.3,0.0,0.0,85.09,78.49,325,323,7.5,9.6,68.1,68.3,4.7,6.6,17.6,26.4,1017.3,1017.4,-5.98,391.49,-0.01,30.6342,12.4588,474.5,54.0,1493.272, NAN, NAN, NAN, NAN,,2024/04/16 04:28:48.892,2024-04-16 04:28:48.892000+00:00
2024/04/16, 04:29:48.892,35.942,-75.13, NAN,90.58,88.79,9.31,18.2,18.2,1015.3,1015.1,0.0,0.0,85.09,78.49,325,322,7.8,9.8,68.1,68.3,4.7,6.7,20.5,26.7,1017.4,1017.2,-5.98,392.06,-0.01,30.4822,12.4906,466.0,54.0,1493.201, NAN, NAN, NAN, NAN,,2024/04/16 04:29:48.892,2024-04-16 04:29:48.892000+00:00
2024/04/16, 04:30:48.892,35.942,-75.127, NAN,90.63,86.21,9.31,18.1,18.1,1015.1,1015.2,0.0,0.0,85.09,78.49,323,320,7.9,9.4,68.4,68.5,4.8,6.4,19.0,23.0,1017.2,1017.3,-5.96,392.06,-0.01,30.3429,12.5557,460.4,53.9,1493.257, NAN, NAN, NAN, NAN,,2024/04/16 04:30:48.892,2024-04-16 04:30:48.892000+00:00
2024/04/16, 04:31:48.892,35.942,-75.124, NAN,90.79,91.23,9.54,18.1,18.1,1015.1,1015.1,0.0,0.0,85.09,78.49,322,320,7.6,9.5,68.6,68.7,4.7,6.5,14.1,22.4,1017.2,1017.2,-5.93,391.97,-0.01,30.25,12.4453,454.0,53.8,1492.77, NAN, NAN, NAN, NAN,,2024/04/16 04:31:48.892,2024-04-16 04:31:48.892000+00:00
2024/04/16, 04:32:48.892,35.942,-75.121, NAN,90.49,88.68,9.23,18.1,18.1,1015.0,1014.9,0.0,0.0,85.09,78.49,324,321,7.5,9.3,68.7,68.8,4.6,6.3,17.3,23.5,1017.1,1017.0,-5.9,391.95,-0.01,30.2253,12.3516,451.3,53.7,1492.42, NAN, NAN, NAN, NAN,,2024/04/16 04:32:48.892,2024-04-16 04:32:48.892000+00:00
2024/04/16, 04:33:48.892,35.942,-75.117, NAN,90.91,92.9,9.75,18.0,18.0,1015.3,1015.2,0.0,0.0,85.09,78.49,322,319,7.3,9.0,68.9,68.9,4.7,6.4,9.9,17.2,1017.4,1017.3,-6.0,392.46,-0.01,30.1923,12.3304,452.0,53.7,1492.308, NAN, NAN, NAN, NAN,,2024/04/16 04:33:48.892,2024-04-16 04:33:48.892000+00:00
2024/04/16, 04:34:48.892,35.942,-75.114, NAN,90.37,92.82,9.55,18.0,18.0,1015.1,1015.2,0.0,0.0,85.09,78.49,321,318,7.3,9.0,69.0,69.1,4.8,6.4,9.6,16.5,1017.2,1017.3,-5.99,392.96,-0.01,30.1384,12.3357,451.0,53.5,1492.262, NAN, NAN, NAN, NAN,,2024/04/16 04:34:48.892,2024-04-16 04:34:48.892000+00:00
2024/04/16, 04:35:48.892,35.942,-75.111, NAN,90.56,89.17,9.53,18.0,18.0,1015.2,1015.1,0.0,0.0,85.09,78.49,321,319,7.7,9.9,69.1,69.1,4.9,6.9,13.3,22.3,1017.3,1017.2,-5.91,394.72,-0.01,30.0962,12.351,449.6,53.6,1492.264, NAN, NAN, NAN, NAN,,2024/04/16 04:35:48.892,2024-04-16 04:35:48.892000+00:00
2024/04/16, 04:36:48.892,35.942,-75.107, NAN,90.51,93.51,9.69,18.2,18.2,1015.2,1015.2,0.0,0.0,85.09,78.49,329,326,7.2,9.2,68.6,68.8,4.0,5.8,18.0,27.4,1017.3,1017.3,-5.59,394.14,-0.01,30.0741,12.3778,448.6,53.6,1492.33, NAN, NAN, NAN, NAN,,2024/04/16 04:36:48.892,2024-04-16 04:36:48.892000+00:00
2024/04/16, 04:37:48.892,35.942,-75.104, NAN,91.51,85.31,9.51,18.3,18.2,1015.1,1015.1,0.0,0.0,85.09,78.49,329,327,7.2,8.8,68.0,68.7,3.6,5.1,22.3,30.7,1017.2,1017.2,-5.52,394.6,-0.01,30.0617,12.4077,448.3,53.7,1492.418, NAN, NAN, NAN, NAN,,2024/04/16 04:37:48.892,2024-04-16 04:37:48.892000+00:00
2024/04/16, 04:38:48.892,35.942,-75.101, NAN,90.62,93.13,9.46,18.3,18.3,1015.1,1014.9,0.0,0.0,85.09,78.49,333,328,7.3,8.8,67.9,68.0,3.8,5.4,26.4,29.3,1017.2,1017.0,-5.52,395.05,-0.01,30.051,12.4341,449.2,53.7,1492.495, NAN, NAN, NAN, NAN,,2024/04/16 04:38:48.892,2024-04-16 04:38:48.892000+00:00
2024/04/16, 04:39:48.893,35.942,-75.098, NAN,91.47,91.85,9.72,18.3,18.3,1015.0,1014.9,0.0,0.0,85.09,78.49,335,330,7.3,9.0,67.8,67.9,3.4,5.2,29.8,33.8,1017.1,1017.0,-5.6,396.24,-0.01,30.0485,12.465,448.6,53.6,1492.598, NAN, NAN, NAN, NAN,,2024/04/16 04:39:48.893,2024-04-16 04:39:48.893000+00:00
2024/04/16, 04:40:48.893,35.942,-75.094, NAN,91.34,92.41,9.46,18.3,18.3,1015.0,1014.9,0.0,0.0,85.09,78.49,337,332,7.5,8.5,67.8,68.0,3.6,4.8,35.8,34.6,1017.1,1017.0,-5.53,396.71,-0.01,30.0453,12.4941,447.3,53.7,1492.694, NAN, NAN, NAN, NAN,,2024/04/16 04:40:48.893,2024-04-16 04:40:48.893000+00:00
2024/04/16, 04:41:48.893,35.942,-75.091, NAN,90.57,88.7,9.71,18.4,18.4,1014.9,1015.0,0.0,0.0,85.09,78.49,338,333,7.1,7.6,67.5,67.7,3.1,3.8,31.9,28.2,1017.0,1017.1,-5.44,396.33,-0.01,30.0467,12.5157,447.6,53.8,1492.769, NAN, NAN, NAN, NAN,,2024/04/16 04:41:48.893,2024-04-16 04:41:48.893000+00:00
2024/04/16, 04:42:48.893,35.942,-75.088, NAN,93.0,93.87,9.93,18.4,18.4,1014.9,1014.9,0.0,0.0,85.09,78.49,339,333,6.7,6.9,67.3,67.4,2.5,3.1,30.6,22.6,1017.0,1017.0,-5.5,395.74,-0.01,30.05,12.5403,445.9,53.8,1492.857, NAN, NAN, NAN, NAN,,2024/04/16 04:42:48.893,2024-04-16 04:42:48.893000+00:00
2024/04/16, 04:43:48.893,35.941,-75.085, NAN,90.11,91.1,9.35,18.3,18.4,1014.8,1015.1,0.0,0.0,85.09,78.49,344,340,6.4,6.6,67.4,67.5,2.3,2.8,35.3,30.3,1016.9,1017.2,-5.48,394.96,-0.01,30.0516,12.564,443.6,53.7,1492.94, NAN, NAN, NAN, NAN,,2024/04/16 04:43:48.893,2024-04-16 04:43:48.893000+00:00
2024/04/16, 04:44:48.893,35.941,-75.081, NAN,89.76,89.62,9.48,18.2,18.3,1015.2,1015.0,0.0,0.0,85.09,78.49,342,338,6.1,6.3,67.7,67.7,2.1,2.6,25.6,21.8,1017.3,1017.1,-5.71,395.83,-0.02,30.0594,12.5811,444.3,53.7,1493.008, NAN, NAN, NAN, NAN,,2024/04/16 04:44:48.893,2024-04-16 04:44:48.893000+00:00
2024/04/16, 04:45:48.893,35.941,-75.078, NAN,89.93,89.19,9.68,18.2,18.2,1015.1,1015.0,0.0,0.0,85.09,78.49,347,341,5.8,5.9,68.2,68.3,1.5,2.0,27.5,17.5,1017.2,1017.1,-5.92,395.48,-0.01,30.067,12.5958,443.3,53.8,1493.067, NAN, NAN, NAN, NAN,,2024/04/16 04:45:48.893,2024-04-16 04:45:48.893000+00:00
2024/04/16, 04:46:48.893,35.941,-75.075, NAN,90.53,91.62,9.28,18.1,18.1,1015.1,1014.9,0.0,0.0,85.09,78.49,349,343,5.7,5.7,68.5,68.5,1.4,1.9,36.0,21.9,1017.2,1017.0,-5.86,395.62,-0.01,30.0704,12.6007,441.6,53.5,1493.088, NAN, NAN, NAN, NAN,,2024/04/16 04:46:48.893,2024-04-16 04:46:48.893000+00:00
2024/04/16, 04:47:48.893,35.941,-75.071, NAN,89.76,89.85,9.76,18.0,18.0,1015.1,1015.2,0.0,0.0,85.09,78.49,347,345,5.8,5.8,68.8,68.8,1.3,1.4,30.2,24.4,1017.2,1017.3,-5.95,395.14,-0.02,30.0756,12.5958,442.8,53.5,1493.077, NAN, NAN, NAN, NAN,,2024/04/16 04:47:48.893,2024-04-16 04:47:48.893000+00:00
2024/04/16, 04:48:48.893,35.941,-75.068, NAN,89.9,99.66,9.64,18.0,18.0,1015.3,1015.1,0.0,0.0,85.09,78.49,358,350,5.9,5.8,69.1,69.2,1.2,1.7,54.7,27.6,1017.4,1017.2,-6.0,393.73,-0.01,30.0806,12.5987,442.8,53.6,1493.093, NAN, NAN, NAN, NAN,,2024/04/16 04:48:48.893,2024-04-16 04:48:48.893000+00:00
2024/04/16, 04:49:48.893,35.941,-75.065, NAN,89.87,87.9,9.87,17.9,17.9,1015.1,1015.1,0.0,0.0,85.09,78.49,352,348,5.8,5.7,69.4,69.5,1.1,1.3,38.9,22.5,1017.2,1017.2,-6.05,393.89,-0.01,30.0847,12.6176,442.2,53.7,1493.162, NAN, NAN, NAN, NAN,,2024/04/16 04:49:48.893,2024-04-16 04:49:48.893000+00:00
2024/04/16, 04:50:48.893,35.941,-75.061, NAN,90.06,88.8,10.0,17.9,17.8,1015.1,1015.1,0.0,0.0,85.09,78.49,353,348,5.9,5.9,69.5,69.9,1.0,1.4,46.3,27.9,1017.2,1017.2,-6.11,393.14,-0.01,30.0903,12.6518,443.6,53.7,1493.285, NAN, NAN, NAN, NAN,,2024/04/16 04:50:48.893,2024-04-16 04:50:48.893000+00:00
2024/04/16, 04:51:48.893,35.941,-75.058, NAN,89.88,87.07,9.87,17.7,17.8,1015.1,1015.1,0.0,0.0,85.09,78.49,353,347,5.9,5.8,70.1,70.1,1.1,1.4,47.2,23.8,1017.2,1017.2,-6.17,392.43,-0.01,30.0929,12.6597,443.0,53.8,1493.315, NAN, NAN, NAN, NAN,,2024/04/16 04:51:48.893,2024-04-16 04:51:48.893000+00:00
2024/04/16, 04:52:48.893,35.941,-75.055, NAN,90.08,86.25,9.9,17.7,17.7,1015.2,1015.2,0.0,0.0,85.09,78.49,352,346,5.6,5.6,70.3,70.4,0.7,1.2,38.3,16.8,1017.3,1017.3,-6.09,391.69,-0.01,30.0901,12.5872,441.6,53.8,1493.065, NAN, NAN, NAN, NAN,,2024/04/16 04:52:48.893,2024-04-16 04:52:48.893000+00:00
2024/04/16, 04:53:48.893,35.941,-75.051, NAN,90.32,92.08,9.76,17.8,17.8,1015.2,1015.3,0.0,0.0,85.09,78.49,350,345,5.6,5.5,70.2,70.3,1.1,1.5,26.7,11.8,1017.3,1017.4,-6.08,391.49,-0.01,30.0858,12.6121,441.2,53.9,1493.145, NAN, NAN, NAN, NAN,,2024/04/16 04:53:48.893,2024-04-16 04:53:48.893000+00:00
2024/04/16, 04:54:48.893,35.941,-75.048, NAN,91.1,92.72,10.02,17.9,17.9,1015.2,1015.2,0.0,0.0,85.09,78.49,351,343,5.5,5.5,69.8,69.9,0.8,1.5,22.5,5.4,1017.3,1017.3,-5.88,391.15,-0.01,30.0742,12.6508,440.3,53.7,1493.263, NAN, NAN, NAN, NAN,,2024/04/16 04:54:48.893,2024-04-16 04:54:48.893000+00:00
2024/04/16, 04:55:48.894,35.941,-75.045, NAN,90.36,92.84,9.83,18.0,18.0,1015.1,1015.1,0.0,0.0,85.09,78.49,347,341,5.2,5.5,69.5,69.6,1.3,1.9,1.0,4.9,1017.2,1017.2,-5.76,390.93,-0.01,30.0691,12.6675,442.2,53.2,1493.314, NAN, NAN, NAN, NAN,,2024/04/16 04:55:48.894,2024-04-16 04:55:48.894000+00:00
2024/04/16, 04:56:48.894,35.941,-75.041, NAN,89.88,89.95,9.88,18.0,18.0,1015.1,1015.1,0.0,0.0,85.09,78.49,350,343,5.3,5.4,69.4,69.5,1.0,1.7,7.9,2.8,1017.2,1017.2,-5.8,391.21,-0.01,30.0626,12.6572,440.9,53.5,1493.271, NAN, NAN, NAN, NAN,,2024/04/16 04:56:48.894,2024-04-16 04:56:48.894000+00:00
2024/04/16, 04:57:48.894,35.941,-75.038, NAN,90.2,91.64,9.85,18.0,18.0,1015.1,1015.3,0.0,0.0,85.09,78.49,345,339,5.3,5.4,69.2,69.3,1.4,1.9,2.6,359.6,1017.2,1017.4,-5.78,391.39,-0.01,30.0514,12.6297,440.6,53.8,1493.164, NAN, NAN, NAN, NAN,,2024/04/16 04:57:48.894,2024-04-16 04:57:48.894000+00:00
2024/04/16, 04:58:48.894,35.941,-75.034, NAN,90.67,91.8,9.59,18.1,18.1,1015.2,1015.3,0.0,0.0,85.09,78.49,347,342,5.1,5.2,69.0,69.1,1.3,1.7,2.5,1.3,1017.3,1017.4,-5.78,391.48,-0.01,30.0307,12.565,440.9,53.8,1492.919, NAN, NAN, NAN, NAN,,2024/04/16 04:58:48.894,2024-04-16 04:58:48.894000+00:00
2024/04/16, 04:59:48.894,35.941,-75.031, NAN,90.48,95.27,9.79,18.2,18.2,1015.3,1015.2,0.0,0.0,85.09,78.49,347,341,4.9,5.0,68.6,68.7,1.2,1.7,348.3,350.5,1017.4,1017.3,-5.56,390.52,-0.01,30.0041,12.5256,439.6,53.9,1492.753, NAN, NAN, NAN, NAN,,2024/04/16 04:59:48.894,2024-04-16 04:59:48.894000+00:00
2024/04/16, 05:00:48.894,35.941,-75.028, NAN,89.98,90.12,9.69,18.3,18.3,1015.1,1015.2,0.0,0.0,85.09,78.49,351,344,4.9,4.9,68.3,68.4,0.5,1.1,344.6,346.2,1017.2,1017.3,-5.59,389.88,-0.01,29.9732,12.516,442.2,53.7,1492.683, NAN, NAN, NAN, NAN,,2024/04/16 05:00:48.894,2024-04-16 05:00:48.894000+00:00
2024/04/16, 05:01:48.894,35.941,-75.024, NAN,90.35,87.07,9.86,18.2,18.2,1015.3,1015.1,0.0,0.0,85.09,78.49,352,348,4.9,4.8,68.3,68.4,0.5,0.9,337.0,335.8,1017.4,1017.2,-5.66,389.23,-0.01,29.943,12.5165,443.6,53.7,1492.649, NAN, NAN, NAN, NAN,,2024/04/16 05:01:48.894,2024-04-16 05:01:48.894000+00:00
2024/04/16, 05:02:48.894,35.941,-75.021, NAN,89.48,92.53,9.54,18.1,18.2,1015.1,1015.3,0.0,0.0,85.09,78.49,349,345,5.0,5.1,68.6,68.6,0.9,1.3,359.8,0.5,1017.2,1017.4,-5.81,389.38,-0.01,29.924,12.5235,444.0,53.9,1492.65, NAN, NAN, NAN, NAN,,2024/04/16 05:02:48.894,2024-04-16 05:02:48.894000+00:00
2024/04/16, 05:03:48.894,35.941,-75.018, NAN,90.18,92.43,9.59,18.1,18.1,1015.3,1014.9,0.0,0.0,85.09,78.49,350,345,5.2,5.1,68.9,69.0,1.1,1.5,10.6,0.1,1017.4,1017.0,-5.83,389.89,-0.01,29.9043,12.533,443.6,54.1,1492.66, NAN, NAN, NAN, NAN,,2024/04/16 05:03:48.894,2024-04-16 05:03:48.894000+00:00
2024/04/16, 05:04:48.894,35.941,-75.015, NAN,89.51,92.09,9.71,18.1,18.1,1015.1,1015.1,0.0,0.0,85.09,78.49,358,354,4.9,4.8,69.0,69.1,0.1,0.5,316.6,332.8,1017.2,1017.2,-6.0,389.37,-0.01,29.8936,12.5498,445.2,54.1,1492.704, NAN, NAN, NAN, NAN,,2024/04/16 05:04:48.894,2024-04-16 05:04:48.894000+00:00
2024/04/16, 05:05:48.894,35.941,-75.011, NAN,90.43,86.64,9.88,18.1,18.1,1015.1,1014.9,0.0,0.0,85.09,78.49,356,354,4.7,4.6,68.9,69.0,0.4,0.5,280.5,294.4,1017.2,1017.0,-5.88,389.22,-0.01,29.8883,12.5632,443.0,54.1,1492.744, NAN, NAN, NAN, NAN,,2024/04/16 05:05:48.894,2024-04-16 05:05:48.894000+00:00
2024/04/16, 05:06:48.894,35.941,-75.008, NAN,90.16,88.31,9.84,18.1,18.0,1015.2,1015.0,0.0,0.0,85.09,78.49,356,351,5.0,5.0,68.9,69.3,0.2,0.7,342.3,349.8,1017.3,1017.1,-6.0,389.72,-0.01,29.8812,12.576,442.8,54.2,1492.779, NAN, NAN, NAN, NAN,,2024/04/16 05:06:48.894,2024-04-16 05:06:48.894000+00:00
2024/04/16, 05:07:48.894,35.941,-75.005, NAN,90.37,89.94,9.91,18.0,18.0,1015.1,1015.0,0.0,0.0,85.09,78.49,0,350,5.3,5.5,69.2,69.3,0.2,1.0,94.6,19.3,1017.2,1017.1,-5.95,388.7,-0.01,29.8754,12.5888,443.0,54.1,1492.816, NAN, NAN, NAN, NAN,,2024/04/16 05:07:48.894,2024-04-16 05:07:48.894000+00:00
2024/04/16, 05:08:48.894,35.941,-75.001, NAN,90.81,91.83,10.11,18.0,18.0,1015.1,1015.1,0.0,0.0,85.09,78.49,2,356,5.4,5.2,69.1,69.2,0.3,0.3,143.3,359.1,1017.2,1017.2,-5.98,390.03,-0.01,29.869,12.6001,441.6,54.2,1492.847, NAN, NAN, NAN, NAN,,2024/04/16 05:08:48.894,2024-04-16 05:08:48.894000+00:00
2024/04/16, 05:09:48.894,35.941,-74.998, NAN,90.36,89.77,9.71,18.0,18.0,1015.0,1015.0,0.0,0.0,85.09,78.49,9,0,6.0,5.7,69.0,69.1,1.2,0.7,130.7,79.0,1017.1,1017.1,-5.91,390.69,-0.01,29.863,12.6137,440.9,54.2,1492.886, NAN, NAN, NAN, NAN,,2024/04/16 05:09:48.894,2024-04-16 05:09:48.894000+00:00
2024/04/16, 05:10:48.894,35.941,-74.994, NAN,90.99,96.83,10.08,18.1,18.1,1015.0,1015.1,0.0,0.0,85.09,78.49,5,356,5.6,5.3,68.6,68.8,0.5,0.7,119.1,11.0,1017.1,1017.2,-5.84,391.4,-0.01,29.8575,12.6264,441.9,54.4,1492.923, NAN, NAN, NAN, NAN,,2024/04/16 05:10:48.894,2024-04-16 05:10:48.894000+00:00
2024/04/16, 05:11:48.895,35.941,-74.991, NAN,90.73,88.17,10.02,18.2,18.2,1015.0,1015.0,0.0,0.0,85.09,78.49,9,1,5.5,5.2,68.3,68.5,1.0,0.2,165.0,168.6,1017.1,1017.1,-5.7,390.73,-0.01,29.8507,12.6364,440.9,54.1,1492.949, NAN, NAN, NAN, NAN,,2024/04/16 05:11:48.895,2024-04-16 05:11:48.895000+00:00
2024/04/16, 05:12:48.895,35.941,-74.988, NAN,89.52,86.96,9.63,18.2,18.2,1015.0,1014.9,0.0,0.0,85.09,78.49,3,359,5.2,5.1,68.2,68.3,0.4,0.2,144.1,82.6,1017.1,1017.0,-5.66,391.78,-0.01,29.846,12.6457,442.5,54.1,1492.975, NAN, NAN, NAN, NAN,,2024/04/16 05:12:48.895,2024-04-16 05:12:48.895000+00:00
2024/04/16, 05:13:48.895,35.941,-74.984, NAN,90.06,86.59,9.82,18.2,18.2,1015.0,1015.0,0.0,0.0,85.09,78.49,7,7,5.0,5.0,68.0,68.1,0.8,0.8,186.0,186.0,1017.1,1017.1,-5.72,391.54,-0.01,29.8405,12.6556,439.5,54.2,1493.002, NAN, NAN, NAN, NAN,,2024/04/16 05:13:48.895,2024-04-16 05:13:48.895000+00:00
2024/04/16, 05:14:48.895,35.942,-74.981, NAN,90.81,89.24,9.76,18.3,18.3,1014.9,1015.0,0.0,0.0,85.09,78.49,9,4,5.4,5.2,67.8,67.9,0.9,0.4,159.2,152.7,1017.0,1017.1,-5.68,392.09,-0.01,29.8372,12.6639,440.9,54.1,1493.027, NAN, NAN, NAN, NAN,,2024/04/16 05:14:48.895,2024-04-16 05:14:48.895000+00:00
2024/04/16, 05:15:48.895,35.942,-74.978, NAN,90.45,86.56,9.73,18.3,18.3,1014.9,1015.1,0.0,0.0,85.09,78.49,14,8,5.6,5.5,67.6,67.7,1.5,1.0,163.7,152.7,1017.0,1017.2,-5.72,391.77,-0.01,29.8323,12.6734,439.5,53.9,1493.053, NAN, NAN, NAN, NAN,,2024/04/16 05:15:48.895,2024-04-16 05:15:48.895000+00:00
2024/04/16, 05:16:48.895,35.942,-74.974, NAN,90.35,86.52,9.54,18.4,18.4,1014.8,1014.9,0.0,0.0,85.09,78.49,9,6,5.6,5.5,67.3,67.4,1.2,1.0,149.8,143.7,1016.9,1017.0,-5.66,392.16,-0.01,29.8293,12.6812,439.6,54.1,1493.076, NAN, NAN, NAN, NAN,,2024/04/16 05:16:48.895,2024-04-16 05:16:48.895000+00:00
2024/04/16, 05:17:48.895,35.942,-74.971, NAN,91.03,88.54,10.01,18.5,18.4,1014.9,1014.9,0.0,0.0,85.09,78.49,14,8,5.6,5.4,67.0,67.1,1.5,0.9,170.1,168.3,1017.0,1017.0,-5.51,391.43,-0.01,29.8259,12.6877,439.5,54.2,1493.094, NAN, NAN, NAN, NAN,,2024/04/16 05:17:48.895,2024-04-16 05:17:48.895000+00:00
2024/04/16, 05:18:48.895,35.942,-74.968, NAN,89.64,91.57,9.94,18.5,18.5,1014.7,1014.8,0.0,0.0,85.09,78.49,16,13,5.8,5.7,67.0,67.0,1.7,1.4,163.4,160.6,1016.8,1016.9,-5.57,391.24,-0.01,29.8233,12.6933,439.2,54.3,1493.11, NAN, NAN, NAN, NAN,,2024/04/16 05:18:48.895,2024-04-16 05:18:48.895000+00:00
2024/04/16, 05:19:48.895,35.942,-74.964, NAN,91.12,87.54,9.77,18.4,18.4,1014.7,1014.7,0.0,0.0,85.09,78.49,19,12,6.1,5.9,67.3,67.3,2.3,1.6,162.3,153.6,1016.8,1016.8,-5.61,391.12,-0.01,29.8234,12.6976,437.9,54.2,1493.125, NAN, NAN, NAN, NAN,,2024/04/16 05:19:48.895,2024-04-16 05:19:48.895000+00:00
2024/04/16, 05:20:48.895,35.942,-74.961, NAN,89.06,89.59,9.73,18.3,18.3,1014.6,1014.7,0.0,0.0,85.09,78.49,17,11,5.9,5.7,67.8,67.8,1.7,1.1,156.9,146.8,1016.7,1016.8,-5.89,391.9,-0.01,29.8257,12.6974,438.2,54.3,1493.127, NAN, NAN, NAN, NAN,,2024/04/16 05:20:48.895,2024-04-16 05:20:48.895000+00:00
2024/04/16, 05:21:48.895,35.942,-74.957, NAN,90.29,90.32,9.71,18.2,18.2,1014.7,1014.8,0.0,0.0,85.09,78.49,20,14,5.4,5.2,68.0,68.0,1.9,1.3,177.7,177.9,1016.8,1016.9,-5.85,391.41,-0.01,29.8289,12.6967,437.9,54.3,1493.129, NAN, NAN, NAN, NAN,,2024/04/16 05:21:48.895,2024-04-16 05:21:48.895000+00:00
2024/04/16, 05:22:48.895,35.942,-74.954, NAN,90.6,87.2,10.18,18.2,18.2,1014.7,1014.8,0.0,0.0,85.09,78.49,22,15,5.1,5.1,68.3,68.3,2.1,1.5,194.6,192.7,1016.8,1016.9,-5.94,391.26,-0.01,29.836,12.6982,437.2,54.3,1493.142, NAN, NAN, NAN, NAN,,2024/04/16 05:22:48.895,2024-04-16 05:22:48.895000+00:00
2024/04/16, 05:23:48.895,35.942,-74.951, NAN,90.34,87.33,10.02,18.1,18.1,1014.7,1014.7,0.0,0.0,85.09,78.49,22,20,5.0,5.1,68.7,68.8,2.1,2.0,194.4,190.8,1016.8,1016.8,-6.05,391.13,-0.01,29.846,12.6998,436.9,54.2,1493.159, NAN, NAN, NAN, NAN,,2024/04/16 05:23:48.895,2024-04-16 05:23:48.895000+00:00
2024/04/16, 05:24:48.895,35.942,-74.947, NAN,90.51,88.96,9.91,18.0,18.0,1014.8,1014.7,0.0,0.0,85.09,78.49,27,22,5.6,5.3,69.3,69.3,2.6,2.1,182.7,185.4,1016.9,1016.8,-6.16,391.59,-0.01,29.8517,12.6986,437.6,54.3,1493.162, NAN, NAN, NAN, NAN,,2024/04/16 05:24:48.895,2024-04-16 05:24:48.895000+00:00
2024/04/16, 05:25:48.895,35.942,-74.944, NAN,90.87,89.35,9.88,17.9,17.9,1014.8,1014.8,0.0,0.0,85.09,78.49,31,26,5.5,5.7,69.8,69.8,2.9,2.5,188.2,179.8,1016.9,1016.9,-6.16,392.0,-0.01,29.8558,12.7038,434.8,54.5,1493.185, NAN, NAN, NAN, NAN,,2024/04/16 05:25:48.895,2024-04-16 05:25:48.895000+00:00
2024/04/16, 05:26:48.896,35.942,-74.94, NAN,88.91,90.86,10.01,17.8,17.8,1014.7,1014.8,0.0,0.0,85.09,78.49,37,31,5.3,6.7,70.1,70.1,3.3,3.5,194.9,169.1,1016.8,1016.9,-6.23,391.99,-0.01,29.8632,12.7061,436.4,54.4,1493.201, NAN, NAN, NAN, NAN,,2024/04/16 05:26:48.896,2024-04-16 05:26:48.896000+00:00
2024/04/16, 05:27:48.896,35.942,-74.937, NAN,89.77,89.73,9.88,17.7,17.8,1014.7,1014.5,0.0,0.0,85.09,78.49,36,30,5.4,5.9,70.6,70.6,3.4,3.1,191.7,179.1,1016.8,1016.6,-6.06,392.2,-0.01,29.8702,12.7016,436.4,54.3,1493.194, NAN, NAN, NAN, NAN,,2024/04/16 05:27:48.896,2024-04-16 05:27:48.896000+00:00
2024/04/16, 05:28:48.896,35.942,-74.934, NAN,91.13,90.01,9.95,17.6,17.7,1014.7,1014.5,0.0,0.0,85.09,78.49,37,31,5.1,6.5,71.0,71.1,3.3,3.4,199.7,173.4,1016.8,1016.6,-6.31,393.33,-0.01,29.8755,12.6983,437.2,54.3,1493.189, NAN, NAN, NAN, NAN,,2024/04/16 05:28:48.896,2024-04-16 05:28:48.896000+00:00
2024/04/16, 05:29:48.896,35.942,-74.93, NAN,89.79,87.16,9.81,17.6,17.6,1014.7,1014.7,0.0,0.0,85.09,78.49,38,34,6.0,7.8,71.1,71.2,3.8,4.6,184.6,161.9,1016.8,1016.8,-6.22,393.36,-0.01,29.892,12.6889,436.6,54.3,1493.177, NAN, NAN, NAN, NAN,,2024/04/16 05:29:48.896,2024-04-16 05:29:48.896000+00:00
2024/04/16, 05:30:48.896,35.942,-74.927, NAN,90.33,86.67,10.02,17.6,17.6,1014.7,1014.7,0.0,0.0,85.09,78.49,38,32,5.9,6.6,71.3,71.4,3.8,3.6,188.0,173.2,1016.8,1016.8,-6.18,394.46,-0.01,29.9024,12.6711,436.9,54.6,1493.129, NAN, NAN, NAN, NAN,,2024/04/16 05:30:48.896,2024-04-16 05:30:48.896000+00:00
2024/04/16, 05:31:48.896,35.942,-74.924, NAN,90.64,86.1,9.92,17.6,17.6,1014.7,1014.7,0.0,0.0,85.09,78.49,37,31,5.4,6.5,71.2,71.3,3.5,3.5,193.6,172.9,1016.8,1016.8,-6.13,394.87,-0.01,29.9122,12.6516,437.2,54.5,1493.074, NAN, NAN, NAN, NAN,,2024/04/16 05:31:48.896,2024-04-16 05:31:48.896000+00:00
2024/04/16, 05:32:48.896,35.942,-74.92, NAN,90.76,88.64,9.88,17.6,17.6,1014.7,1014.7,0.0,0.0,85.09,78.49,36,27,4.1,5.2,71.1,71.2,3.2,2.6,214.5,190.5,1016.8,1016.8,-5.99,395.35,-0.01,29.9304,12.6305,437.2,54.5,1493.023, NAN, NAN, NAN, NAN,,2024/04/16 05:32:48.896,2024-04-16 05:32:48.896000+00:00
2024/04/16, 05:33:48.896,35.942,-74.917, NAN,89.79,83.94,9.86,17.7,17.7,1014.8,1014.9,0.0,0.0,85.09,78.49,33,29,4.3,5.3,70.7,70.9,3.0,2.8,209.3,188.5,1016.9,1017.0,-5.99,396.54,-0.01,29.9474,12.6069,438.2,54.4,1492.963, NAN, NAN, NAN, NAN,,2024/04/16 05:33:48.896,2024-04-16 05:33:48.896000+00:00
2024/04/16, 05:34:48.896,35.942,-74.914, NAN,90.03,93.98,9.86,17.8,17.8,1014.9,1014.8,0.0,0.0,85.09,78.49,34,27,3.8,3.8,70.4,70.5,2.8,2.3,223.4,225.9,1017.0,1016.9,-5.84,396.69,-0.01,29.9702,12.5992,438.2,54.5,1492.964, NAN, NAN, NAN, NAN,,2024/04/16 05:34:48.896,2024-04-16 05:34:48.896000+00:00
2024/04/16, 05:35:48.896,35.942,-74.91, NAN,90.05,85.97,9.9,17.9,17.8,1014.7,1014.8,0.0,0.0,85.09,78.49,28,24,4.3,4.4,69.9,70.1,2.5,2.2,210.9,209.0,1016.8,1016.9,-5.68,397.35,-0.01,30.0034,12.6114,436.9,54.6,1493.045, NAN, NAN, NAN, NAN,,2024/04/16 05:35:48.896,2024-04-16 05:35:48.896000+00:00
2024/04/16, 05:36:48.896,35.942,-74.907, NAN,90.34,91.32,10.15,18.0,17.9,1015.0,1014.7,0.0,0.0,85.09,78.49,29,22,3.7,3.9,69.3,69.5,2.6,2.1,229.1,229.1,1017.1,1016.8,-5.55,397.38,-0.01,30.0334,12.6235,436.9,54.5,1493.122, NAN, NAN, NAN, NAN,,2024/04/16 05:36:48.896,2024-04-16 05:36:48.896000+00:00
2024/04/16, 05:37:48.896,35.942,-74.903, NAN,89.87,93.04,10.16,18.1,18.1,1014.7,1014.8,0.0,0.0,85.09,78.49,24,20,3.4,3.6,68.7,68.8,2.5,2.2,238.2,237.7,1016.8,1016.9,-5.47,397.83,-0.01,30.0585,12.6342,436.9,54.4,1493.188, NAN, NAN, NAN, NAN,,2024/04/16 05:37:48.896,2024-04-16 05:37:48.896000+00:00
2024/04/16, 05:38:48.896,35.942,-74.9, NAN,90.21,89.29,10.06,18.2,18.2,1014.8,1014.7,0.0,0.0,85.09,78.49,27,20,3.7,3.7,68.1,68.3,2.5,2.1,230.0,235.6,1016.9,1016.8,-5.37,397.7,-0.01,30.1008,12.6395,438.8,54.2,1493.256, NAN, NAN, NAN, NAN,,2024/04/16 05:38:48.896,2024-04-16 05:38:48.896000+00:00
2024/04/16, 05:39:48.896,35.942,-74.897, NAN,89.56,87.65,9.85,18.4,18.3,1014.7,1014.7,0.0,0.0,85.09,78.49,24,19,3.1,3.4,67.6,67.8,2.5,2.1,242.1,241.0,1016.8,1016.8,-5.34,398.4,-0.01,30.1326,12.6494,437.9,54.3,1493.327, NAN, NAN, NAN, NAN,,2024/04/16 05:39:48.896,2024-04-16 05:39:48.896000+00:00
2024/04/16, 05:40:48.896,35.942,-74.893, NAN,90.62,91.47,10.02,18.5,18.4,1014.9,1014.7,0.0,0.0,85.09,78.49,25,20,3.2,3.4,67.0,67.2,2.6,2.3,239.4,239.6,1017.0,1016.8,-5.26,398.69,-0.01,30.1511,12.6618,438.2,54.2,1493.392, NAN, NAN, NAN, NAN,,2024/04/16 05:40:48.896,2024-04-16 05:40:48.896000+00:00
2024/04/16, 05:41:48.896,35.942,-74.89, NAN,90.51,84.88,9.69,18.5,18.5,1014.6,1014.8,0.0,0.0,85.09,78.49,26,21,3.7,3.7,66.7,66.9,2.3,2.0,227.5,231.2,1016.7,1016.9,-5.18,400.2,-0.01,30.1458,12.672,437.2,54.3,1493.42, NAN, NAN, NAN, NAN,,2024/04/16 05:41:48.896,2024-04-16 05:41:48.896000+00:00
2024/04/16, 05:42:48.897,35.942,-74.886, NAN,90.92,90.98,10.13,18.6,18.5,1014.8,1014.7,0.0,0.0,85.09,78.49,29,25,3.9,4.2,66.5,66.7,2.6,2.2,224.8,219.6,1016.9,1016.8,-5.25,402.34,-0.01,30.1409,12.6853,437.6,54.4,1493.459, NAN, NAN, NAN, NAN,,2024/04/16 05:42:48.897,2024-04-16 05:42:48.897000+00:00
2024/04/16, 05:43:48.897,35.942,-74.883, NAN,89.61,92.08,10.14,18.6,18.6,1014.5,1014.5,0.0,0.0,85.09,78.49,38,32,4.2,5.1,66.2,66.4,3.1,2.8,216.8,198.3,1016.6,1016.6,-5.19,403.6,-0.01,30.1796,12.7001,437.6,54.5,1493.556, NAN, NAN, NAN, NAN,,2024/04/16 05:43:48.897,2024-04-16 05:43:48.897000+00:00
2024/04/16, 05:44:48.897,35.942,-74.88, NAN,90.42,100.51,9.95,18.7,18.7,1014.7,1014.5,0.0,0.0,85.09,78.49,36,29,4.4,4.7,66.0,66.2,2.8,2.2,214.1,206.8,1016.8,1016.6,-5.17,405.6,-0.01,30.2001,12.7111,436.4,54.4,1493.617, NAN, NAN, NAN, NAN,,2024/04/16 05:44:48.897,2024-04-16 05:44:48.897000+00:00
2024/04/16, 05:45:48.897,35.942,-74.876, NAN,90.46,86.48,9.93,18.7,18.7,1014.4,1014.5,0.0,0.0,85.09,78.49,43,36,4.8,5.3,66.0,65.8,3.7,3.3,205.7,194.7,1016.5,1016.6,-5.18,404.32,-0.01,30.1693,12.7194,436.4,54.4,1493.609, NAN, NAN, NAN, NAN,,2024/04/16 05:45:48.897,2024-04-16 05:45:48.897000+00:00
2024/04/16, 05:46:48.897,35.942,-74.873, NAN,90.37,91.76,9.86,18.7,18.7,1014.7,1014.5,0.0,0.0,85.09,78.49,43,35,4.3,5.7,65.8,66.0,3.5,3.2,214.1,187.4,1016.8,1016.6,-5.09,406.03,-0.01,30.1644,12.7188,436.4,54.5,1493.601, NAN, NAN, NAN, NAN,,2024/04/16 05:46:48.897,2024-04-16 05:46:48.897000+00:00
2024/04/16, 05:47:48.897,35.942,-74.869, NAN,90.24,93.94,10.03,18.7,18.7,1014.7,1014.5,0.0,0.0,85.09,78.49,43,39,3.4,4.5,65.8,65.9,3.6,3.3,228.9,210.3,1016.8,1016.6,-5.27,405.68,-0.01,30.1612,12.7098,435.8,54.6,1493.567, NAN, NAN, NAN, NAN,,2024/04/16 05:47:48.897,2024-04-16 05:47:48.897000+00:00
2024/04/16, 05:48:48.897,35.942,-74.866, NAN,90.49,91.4,9.65,18.6,18.6,1014.5,1014.7,0.0,0.0,85.09,78.49,54,47,4.1,5.6,66.1,66.1,4.1,4.1,219.1,196.5,1016.6,1016.8,-5.26,403.83,-0.01,30.1691,12.6996,435.5,54.4,1493.542, NAN, NAN, NAN, NAN,,2024/04/16 05:48:48.897,2024-04-16 05:48:48.897000+00:00
2024/04/16, 05:49:48.897,35.941,-74.863, NAN,90.76,92.32,9.83,18.5,18.5,1014.8,1014.7,0.0,0.0,85.09,78.49,55,46,3.9,5.4,67.3,67.3,4.2,4.0,223.1,199.8,1016.9,1016.8,-5.33,404.22,-0.01,30.1801,12.6958,434.5,54.7,1493.542, NAN, NAN, NAN, NAN,,2024/04/16 05:49:48.897,2024-04-16 05:49:48.897000+00:00
2024/04/16, 05:50:48.897,35.941,-74.859, NAN,90.33,92.88,10.12,18.3,18.3,1014.7,1014.8,0.0,0.0,85.09,78.49,53,44,3.8,5.4,67.8,67.8,4.1,3.8,225.9,200.5,1016.8,1016.9,-5.73,404.39,-0.01,30.2195,12.6827,435.8,54.6,1493.544, NAN, NAN, NAN, NAN,,2024/04/16 05:50:48.897,2024-04-16 05:50:48.897000+00:00
2024/04/16, 05:51:48.897,35.941,-74.856, NAN,90.47,92.99,9.94,18.2,18.3,1014.7,1014.8,0.0,0.0,85.09,78.49,55,45,4.0,5.1,68.1,68.1,4.3,3.8,221.8,203.5,1016.8,1016.9,-5.7,404.5,-0.01,30.2426,12.6599,435.5,54.7,1493.494, NAN, NAN, NAN, NAN,,2024/04/16 05:51:48.897,2024-04-16 05:51:48.897000+00:00
2024/04/16, 05:52:48.897,35.941,-74.853, NAN,88.92,91.55,10.0,18.1,18.2,1014.7,1014.6,0.0,0.0,85.09,78.49,49,43,3.8,5.2,68.7,68.7,3.9,3.8,221.8,199.7,1016.8,1016.7,-5.86,405.07,-0.01,30.2854,12.6254,435.8,54.3,1493.427, NAN, NAN, NAN, NAN,,2024/04/16 05:52:48.897,2024-04-16 05:52:48.897000+00:00
2024/04/16, 05:53:48.897,35.941,-74.849, NAN,89.93,93.03,10.01,18.1,18.1,1014.7,1014.6,0.0,0.0,85.09,78.49,44,38,3.8,5.3,68.7,69.0,3.6,3.4,222.5,196.5,1016.8,1016.7,-5.88,407.28,-0.01,30.3168,12.5455,436.4,54.4,1493.192, NAN, NAN, NAN, NAN,,2024/04/16 05:53:48.897,2024-04-16 05:53:48.897000+00:00
2024/04/16, 05:54:48.897,35.941,-74.846, NAN,89.11,90.44,9.75,18.1,18.1,1014.7,1014.4,0.0,0.0,85.09,78.49,45,38,4.0,4.8,68.5,68.7,3.4,2.9,219.5,203.6,1016.8,1016.5,-5.72,408.48,-0.01,30.3764,12.4955,436.9,54.5,1493.092, NAN, NAN, NAN, NAN,,2024/04/16 05:54:48.897,2024-04-16 05:54:48.897000+00:00
2024/04/16, 05:55:48.897,35.941,-74.842, NAN,90.56,93.2,9.93,18.4,18.3,1014.7,1014.5,0.0,0.0,85.09,78.49,43,38,3.3,4.2,67.5,67.7,3.4,3.1,231.9,216.4,1016.8,1016.6,-5.44,408.71,-0.01,30.4249,12.4825,436.9,54.7,1493.105, NAN, NAN, NAN, NAN,,2024/04/16 05:55:48.897,2024-04-16 05:55:48.897000+00:00
2024/04/16, 05:56:48.897,35.941,-74.839, NAN,89.71,93.97,10.11,18.7,18.6,1014.6,1014.5,0.0,0.0,85.09,78.49,51,45,3.1,4.3,66.3,66.5,3.9,3.5,236.5,217.7,1016.7,1016.6,-5.16,409.13,-0.01,30.4786,12.4901,436.1,54.6,1493.195, NAN, NAN, NAN, NAN,,2024/04/16 05:56:48.897,2024-04-16 05:56:48.897000+00:00
2024/04/16, 05:57:48.897,35.941,-74.836, NAN,89.6,88.24,9.91,19.0,18.9,1014.5,1014.6,0.0,0.0,85.09,78.49,52,45,2.8,3.5,65.1,65.3,4.0,3.5,237.5,227.3,1016.6,1016.7,-4.79,407.98,-0.01,30.5002,12.5081,437.2,54.5,1493.282, NAN, NAN, NAN, NAN,,2024/04/16 05:57:48.897,2024-04-16 05:57:48.897000+00:00
2024/04/16, 05:58:48.898,35.941,-74.832, NAN,89.99,91.71,9.91,19.1,19.0,1014.7,1014.5,0.0,0.0,85.09,78.49,55,37,2.3,3.7,64.3,64.6,4.2,3.0,244.5,224.9,1016.8,1016.6,-4.72,409.99,-0.01,30.5232,12.5188,435.8,54.7,1493.346, NAN, NAN, NAN, NAN,,2024/04/16 05:58:48.898,2024-04-16 05:58:48.898000+00:00
2024/04/16, 05:59:48.898,35.941,-74.829, NAN,89.35,94.29,9.94,19.2,19.2,1014.5,1014.5,0.0,0.0,85.09,78.49,57,47,2.8,4.1,63.6,63.8,4.0,3.4,241.4,221.4,1016.6,1016.6,-4.53,409.34,-0.01,30.5233,12.5222,436.6,54.7,1493.357, NAN, NAN, NAN, NAN,,2024/04/16 05:59:48.898,2024-04-16 05:59:48.898000+00:00
2024/04/16, 06:00:48.898,35.941,-74.825, NAN,90.29,95.28,9.99,19.3,19.3,1014.5,1014.4,0.0,0.0,85.09,78.49,60,50,3.6,4.6,63.5,63.7,4.4,4.0,229.3,213.7,1016.6,1016.5,-4.56,408.56,-0.01,30.5265,12.5153,433.9,54.9,1493.338, NAN, NAN, NAN, NAN,,2024/04/16 06:00:48.898,2024-04-16 06:00:48.898000+00:00
2024/04/16, 06:01:48.898,35.94,-74.822, NAN,90.92,93.67,10.11,19.2,19.3,1014.4,1014.4,0.0,0.0,85.09,78.49,55,46,2.8,4.1,63.6,63.7,4.2,3.7,239.2,220.1,1016.5,1016.5,-4.72,409.27,-0.01,30.5377,12.5039,434.5,55.1,1493.312, NAN, NAN, NAN, NAN,,2024/04/16 06:01:48.898,2024-04-16 06:01:48.898000+00:00
2024/04/16, 06:02:48.898,35.94,-74.819, NAN,89.09,94.21,9.92,19.2,19.2,1014.3,1014.5,0.0,0.0,85.09,78.49,57,51,2.8,3.8,63.5,63.6,4.1,3.8,238.7,224.2,1016.4,1016.6,-4.83,409.1,-0.01,30.5557,12.4924,433.2,55.1,1493.294, NAN, NAN, NAN, NAN,,2024/04/16 06:02:48.898,2024-04-16 06:02:48.898000+00:00
2024/04/16, 06:03:48.898,35.94,-74.815, NAN,87.62,90.25,9.74,19.3,19.3,1014.4,1014.4,0.0,0.0,85.09,78.49,61,54,3.8,5.1,63.1,63.3,4.4,4.4,223.3,204.9,1016.5,1016.5,-4.74,407.62,-0.01,30.6115,12.4849,433.6,55.0,1493.335, NAN, NAN, NAN, NAN,,2024/04/16 06:03:48.898,2024-04-16 06:03:48.898000+00:00
2024/04/16, 06:04:48.898,35.94,-74.812, NAN,87.46,90.39,10.06,19.4,19.3,1014.4,1014.4,0.0,0.0,85.09,78.49,64,55,4.7,5.3,63.2,63.3,5.1,4.7,215.0,204.6,1016.5,1016.5,-4.76,405.92,-0.01,30.6801,12.4834,431.8,55.0,1493.411, NAN, NAN, NAN, NAN,,2024/04/16 06:04:48.898,2024-04-16 06:04:48.898000+00:00
2024/04/16, 06:05:48.898,35.94,-74.809, NAN,87.7,87.6,10.02,19.2,19.2,1014.4,1014.3,0.0,0.0,85.09,78.49,63,57,5.4,6.5,63.6,63.6,5.5,5.6,207.3,194.3,1016.5,1016.4,-5.07,404.25,-0.01,30.7791,12.4757,430.8,55.1,1493.502, NAN, NAN, NAN, NAN,,2024/04/16 06:05:48.898,2024-04-16 06:05:48.898000+00:00
2024/04/16, 06:06:48.898,35.94,-74.805, NAN,88.34,91.02,9.85,19.1,19.1,1014.2,1014.3,0.0,0.0,85.09,78.49,62,56,5.6,6.6,64.1,64.2,5.3,5.4,205.5,192.9,1016.3,1016.4,-5.3,403.57,-0.01,30.7832,12.462,428.8,55.2,1493.46, NAN, NAN, NAN, NAN,,2024/04/16 06:06:48.898,2024-04-16 06:06:48.898000+00:00
2024/04/16, 06:07:48.898,35.94,-74.802, NAN,86.95,93.95,9.9,19.0,19.0,1014.1,1014.2,0.0,0.0,85.09,78.49,64,57,5.8,6.7,64.4,64.4,5.4,5.4,204.8,192.3,1016.2,1016.3,-5.35,402.14,-0.01,30.851,12.4641,427.8,55.0,1493.548, NAN, NAN, NAN, NAN,,2024/04/16 06:07:48.898,2024-04-16 06:07:48.898000+00:00
2024/04/16, 06:08:48.898,35.94,-74.798, NAN,87.27,94.68,9.94,19.0,19.0,1014.3,1014.1,0.0,0.0,85.09,78.49,64,57,5.7,6.7,64.5,64.5,5.4,5.4,206.0,192.7,1016.4,1016.2,-5.34,401.03,-0.01,30.9536,12.4538,427.2,54.9,1493.635, NAN, NAN, NAN, NAN,,2024/04/16 06:08:48.898,2024-04-16 06:08:48.898000+00:00
2024/04/16, 06:09:48.898,35.94,-74.795, NAN,87.46,90.74,9.62,19.0,19.1,1014.1,1014.0,0.0,0.0,85.09,78.49,66,59,5.7,6.5,64.4,64.5,5.5,5.4,205.8,194.4,1016.2,1016.1,-5.32,400.64,-0.01,30.9885,12.4468,425.4,54.8,1493.652, NAN, NAN, NAN, NAN,,2024/04/16 06:09:48.898,2024-04-16 06:09:48.898000+00:00
2024/04/16, 06:10:48.898,35.94,-74.792, NAN,87.91,93.38,9.9,19.0,19.1,1014.0,1014.1,0.0,0.0,85.09,78.49,63,53,5.8,7.2,64.5,64.6,5.4,5.5,204.6,185.7,1016.1,1016.2,-5.45,401.79,-0.01,31.0729,12.4544,424.8,54.7,1493.779, NAN, NAN, NAN, NAN,,2024/04/16 06:10:48.898,2024-04-16 06:10:48.898000+00:00
2024/04/16, 06:11:48.898,35.94,-74.788, NAN,86.91,90.53,9.81,19.0,19.1,1013.8,1014.0,0.0,0.0,85.09,78.49,61,52,5.8,7.1,64.4,64.4,5.2,5.2,202.3,184.1,1015.9,1016.1,-5.44,402.7,-0.01,31.1731,12.4525,423.2,54.8,1493.891, NAN, NAN, NAN, NAN,,2024/04/16 06:11:48.898,2024-04-16 06:11:48.898000+00:00
2024/04/16, 06:12:48.898,35.94,-74.785, NAN,86.91,87.48,9.86,19.1,19.1,1014.0,1014.0,0.0,0.0,85.09,78.49,60,54,5.4,6.8,64.0,64.0,5.0,5.3,205.1,188.4,1016.1,1016.1,-5.32,403.39,-0.01,31.1556,12.4533,423.2,54.8,1493.873, NAN, NAN, NAN, NAN,,2024/04/16 06:12:48.898,2024-04-16 06:12:48.898000+00:00
2024/04/16, 06:13:48.898,35.94,-74.782, NAN,87.23,92.75,9.82,19.2,19.2,1014.0,1013.9,0.0,0.0,85.09,78.49,62,55,5.5,6.6,63.6,63.7,5.1,5.2,205.8,191.1,1016.1,1016.0,-5.34,404.1,-0.01,31.1593,12.4313,423.2,54.8,1493.802, NAN, NAN, NAN, NAN,,2024/04/16 06:13:48.898,2024-04-16 06:13:48.898000+00:00
2024/04/16, 06:14:48.898,35.94,-74.778, NAN,88.16,93.8,10.06,19.3,19.3,1013.9,1014.0,0.0,0.0,85.09,78.49,62,53,5.4,6.6,63.3,63.3,5.2,5.1,208.8,191.7,1016.0,1016.1,-5.28,404.99,-0.01,31.1755,12.403,423.5,54.9,1493.725, NAN, NAN, NAN, NAN,,2024/04/16 06:14:48.898,2024-04-16 06:14:48.898000+00:00
2024/04/16, 06:15:48.899,35.94,-74.775, NAN,87.39,89.91,9.97,19.4,19.4,1013.8,1013.8,0.0,0.0,85.09,78.49,66,60,5.3,5.8,62.9,63.0,5.5,5.3,210.1,202.3,1015.9,1015.9,-5.25,405.26,-0.01,31.2557,12.351,422.0,54.8,1493.643, NAN, NAN, NAN, NAN,,2024/04/16 06:15:48.899,2024-04-16 06:15:48.899000+00:00
2024/04/16, 06:16:48.899,35.94,-74.771, NAN,86.68,91.23,9.82,19.4,19.4,1013.8,1013.8,0.0,0.0,85.09,78.49,64,58,5.6,6.2,62.6,62.6,5.3,5.1,205.9,196.6,1015.9,1015.9,-5.21,406.17,-0.01,31.3491,12.1931,421.7,54.9,1493.213, NAN, NAN, NAN, NAN,,2024/04/16 06:16:48.899,2024-04-16 06:16:48.899000+00:00
2024/04/16, 06:17:48.899,35.94,-74.768, NAN,87.62,91.31,9.92,19.5,19.5,1013.8,1013.8,0.0,0.0,85.09,78.49,65,57,5.7,6.7,62.2,62.3,5.5,5.4,207.0,193.0,1015.9,1015.9,-5.1,405.94,-0.01,31.4833,12.1736,418.4,54.9,1493.306, NAN, NAN, NAN, NAN,,2024/04/16 06:17:48.899,2024-04-16 06:17:48.899000+00:00
2024/04/16, 06:18:48.899,35.94,-74.764, NAN,87.13,93.31,10.1,19.5,19.5,1013.7,1013.7,0.0,0.0,85.09,78.49,64,60,5.8,6.7,62.2,62.2,5.5,5.7,205.7,195.7,1015.8,1015.8,-5.04,406.93,-0.01,31.5838,12.1215,416.8,54.8,1493.247, NAN, NAN, NAN, NAN,,2024/04/16 06:18:48.899,2024-04-16 06:18:48.899000+00:00
2024/04/16, 06:19:48.899,35.94,-74.761, NAN,88.18,90.29,10.11,19.6,19.6,1013.8,1013.7,0.0,0.0,85.09,78.49,68,66,5.8,6.0,62.0,62.0,6.0,5.9,208.6,205.9,1015.9,1015.8,-5.09,405.47,-0.01,31.6568,11.9885,415.0,54.8,1492.876, NAN, NAN, NAN, NAN,,2024/04/16 06:19:48.899,2024-04-16 06:19:48.899000+00:00
2024/04/16, 06:20:48.899,35.94,-74.758, NAN,87.25,89.5,10.05,19.5,19.6,1013.6,1013.8,0.0,0.0,85.09,78.49,70,66,5.5,6.0,62.4,62.4,5.9,5.9,211.0,204.7,1015.7,1015.9,-5.21,405.98,-0.01,31.7056,11.8443,414.0,54.9,1492.436, NAN, NAN, NAN, NAN,,2024/04/16 06:20:48.899,2024-04-16 06:20:48.899000+00:00
2024/04/16, 06:21:48.899,35.94,-74.754, NAN,87.08,87.28,9.93,19.5,19.6,1013.8,1013.6,0.0,0.0,85.09,78.49,70,66,5.5,6.0,62.5,62.4,6.0,5.9,209.8,203.7,1015.9,1015.7,-5.34,405.63,-0.01,31.7801,11.6574,412.9,54.8,1491.878, NAN, NAN, NAN, NAN,,2024/04/16 06:21:48.899,2024-04-16 06:21:48.899000+00:00
2024/04/16, 06:22:48.899,35.94,-74.751, NAN,87.92,88.04,10.1,19.5,19.5,1013.7,1013.8,0.0,0.0,85.09,78.49,70,67,5.2,5.6,62.5,62.6,5.8,5.8,214.1,209.3,1015.8,1015.9,-5.33,404.93,-0.01,31.8434,11.5163,413.4,55.0,1491.462, NAN, NAN, NAN, NAN,,2024/04/16 06:22:48.899,2024-04-16 06:22:48.899000+00:00
2024/04/16, 06:23:48.899,35.94,-74.747, NAN,58.7,63.65,9.31,19.5,19.5,1013.7,1013.6,0.0,0.0,85.09,78.49,83,73,3.3,4.0,62.3,62.3,5.3,5.0,204.5,194.4,1015.8,1015.7,-5.41,404.14,-0.01,31.896,11.4312,415.3,54.6,1491.228, NAN, NAN, NAN, NAN,,2024/04/16 06:23:48.899,2024-04-16 06:23:48.899000+00:00
2024/04/16, 06:24:48.899,35.942,-74.745, NAN,20.32,28.02,8.88,19.5,19.5,1013.7,1013.6,0.0,0.0,85.09,78.49,147,151,0.9,0.9,62.2,62.2,5.3,5.3,202.5,203.0,1015.8,1015.7,-5.38,402.5,-0.0,31.9367,11.4064,414.4,54.5,1491.191, NAN, NAN, NAN, NAN,,2024/04/16 06:24:48.899,2024-04-16 06:24:48.899000+00:00
2024/04/16, 06:25:48.899,35.944,-74.745, NAN,340.17,347.47,8.58,19.5,19.5,1013.6,1013.6,0.0,0.0,85.09,78.49,279,294,3.7,4.9,62.2,62.3,5.7,5.7,208.9,225.4,1015.7,1015.7,-5.47,402.21,-0.0,31.9631,11.4317,418.0,54.4,1491.311, NAN, NAN, NAN, NAN,,2024/04/16 06:25:48.899,2024-04-16 06:25:48.899000+00:00
2024/04/16, 06:26:48.899,35.946,-74.746, NAN,300.77,303.88,8.51,19.5,19.5,1013.6,1013.7,0.0,0.0,85.09,78.49,306,309,6.7,8.4,62.1,62.2,5.9,7.1,206.8,218.4,1015.7,1015.8,-5.5,400.26,-0.01,31.9742,11.472,417.4,54.4,1491.465, NAN, NAN, NAN, NAN,,2024/04/16 06:26:48.899,2024-04-16 06:26:48.899000+00:00
2024/04/16, 06:27:48.899,35.947,-74.749, NAN,283.45,285.19,8.94,19.4,19.5,1013.7,1013.6,0.0,0.0,85.09,78.49,324,321,8.2,10.4,62.3,62.4,5.3,7.5,215.9,221.1,1015.8,1015.7,-5.76,402.5,-0.01,31.977,11.5086,416.0,54.5,1491.596, NAN, NAN, NAN, NAN,,2024/04/16 06:27:48.899,2024-04-16 06:27:48.899000+00:00
2024/04/16, 06:28:48.899,35.948,-74.752, NAN,276.53,273.04,9.2,19.5,19.5,1013.6,1013.6,0.0,0.0,85.09,78.49,327,325,8.3,10.1,62.1,62.2,5.0,6.7,213.1,218.3,1015.7,1015.7,-5.55,403.48,-0.01,31.9778,11.5254,415.3,54.7,1491.655, NAN, NAN, NAN, NAN,,2024/04/16 06:28:48.899,2024-04-16 06:28:48.899000+00:00
2024/04/16, 06:29:48.899,35.948,-74.755, NAN,277.88,278.39,9.38,19.6,19.5,1013.6,1013.4,0.0,0.0,85.09,78.49,326,323,8.7,10.7,61.8,61.9,5.5,7.5,213.9,217.8,1015.7,1015.5,-5.35,402.7,-0.01,31.9697,11.5267,414.7,54.8,1491.65, NAN, NAN, NAN, NAN,,2024/04/16 06:29:48.899,2024-04-16 06:29:48.899000+00:00
2024/04/16, 06:30:48.899,35.948,-74.759, NAN,278.05,277.97,9.51,19.6,19.6,1013.6,1013.6,0.0,0.0,85.09,78.49,323,321,9.1,11.1,61.8,61.8,6.0,7.9,211.6,216.3,1015.7,1015.7,-5.32,403.43,-0.01,31.9626,11.5203,414.7,54.8,1491.619, NAN, NAN, NAN, NAN,,2024/04/16 06:30:48.899,2024-04-16 06:30:48.899000+00:00
2024/04/16, 06:31:48.900,35.949,-74.762, NAN,277.82,278.47,9.56,19.6,19.6,1013.7,1013.5,0.0,0.0,85.09,78.49,323,321,9.1,11.3,62.0,62.0,6.0,8.1,211.1,216.3,1015.8,1015.6,-5.39,403.37,-0.01,31.9578,11.5531,415.0,54.8,1491.728, NAN, NAN, NAN, NAN,,2024/04/16 06:31:48.900,2024-04-16 06:31:48.900000+00:00
2024/04/16, 06:32:48.900,35.949,-74.765, NAN,277.94,280.48,9.52,19.5,19.5,1013.6,1013.6,0.0,0.0,85.09,78.49,320,319,8.8,10.8,62.4,62.4,6.1,7.9,205.6,212.2,1015.7,1015.7,-5.46,404.91,-0.01,31.9526,11.5995,416.8,54.8,1491.883, NAN, NAN, NAN, NAN,,2024/04/16 06:32:48.900,2024-04-16 06:32:48.900000+00:00
2024/04/16, 06:33:48.900,35.949,-74.768, NAN,278.33,275.05,9.56,19.4,19.4,1013.7,1013.5,0.0,0.0,85.09,78.49,321,319,8.7,10.8,62.8,62.8,5.7,7.7,207.3,213.2,1015.8,1015.6,-5.52,405.32,-0.01,31.9522,11.734,415.0,54.8,1492.349, NAN, NAN, NAN, NAN,,2024/04/16 06:33:48.900,2024-04-16 06:33:48.900000+00:00
2024/04/16, 06:34:48.900,35.95,-74.772, NAN,278.23,272.82,9.71,19.3,19.3,1013.6,1013.4,0.3,0.0,85.09,78.5,318,317,8.4,10.3,63.2,63.2,5.5,7.2,201.6,209.0,1015.7,1015.5,-5.84,405.34,-0.01,31.9354,11.9155,415.6,54.8,1492.957, NAN, NAN, NAN, NAN,,2024/04/16 06:34:48.900,2024-04-16 06:34:48.900000+00:00
2024/04/16, 06:35:48.900,35.95,-74.775, 1.45,279.13,275.26,9.53,19.3,19.3,1013.4,1013.3,0.1,0.0,85.1,78.5,314,312,8.3,10.1,63.4,63.4,5.8,7.5,197.9,203.6,1015.5,1015.4,-6.65,404.26,-0.01,31.8806,12.0789,414.4,54.8,1493.454, NAN, NAN, NAN, NAN,,2024/04/16 06:35:48.900,2024-04-16 06:35:48.900000+00:00
2024/04/16, 06:36:48.900,35.95,-74.778, 9.47,276.9,273.25,9.52,19.2,19.3,1013.4,1013.3,0.0,0.0,85.1,78.5,311,311,8.5,10.1,63.4,63.5,6.4,7.7,193.1,199.9,1015.5,1015.4,-7.23,403.35,-0.01,31.7248,12.1859,414.4,55.0,1493.636, NAN, NAN, NAN, NAN,,2024/04/16 06:36:48.900,2024-04-16 06:36:48.900000+00:00
2024/04/16, 06:37:48.900,35.951,-74.781, 9.33,278.2,274.28,9.45,19.3,19.2,1013.5,1013.3,0.0,0.0,85.1,78.5,316,316,8.9,10.6,63.3,63.3,6.3,7.8,202.5,209.1,1015.6,1015.4,-7.16,401.2,-0.01,31.562,12.2895,417.4,55.1,1493.797, NAN, NAN, NAN, NAN,,2024/04/16 06:37:48.900,2024-04-16 06:37:48.900000+00:00
2024/04/16, 06:38:48.900,35.951,-74.784, 9.36,278.11,286.22,9.23,19.3,19.3,1013.6,1013.4,0.0,0.0,85.1,78.5,321,318,10.1,12.3,63.0,63.1,7.3,9.6,213.3,215.5,1015.7,1015.5,-6.75,398.07,-0.0,31.4033,12.3568,418.0,55.1,1493.838, NAN, NAN, NAN, NAN,,2024/04/16 06:38:48.900,2024-04-16 06:38:48.900000+00:00
2024/04/16, 06:39:48.900,35.951,-74.788, 9.31,278.15,274.35,9.49,19.3,19.3,1013.7,1013.6,0.0,0.0,85.1,78.5,320,318,10.4,12.2,62.9,63.0,7.2,9.0,213.6,215.9,1015.8,1015.7,-6.26,396.96,-0.01,31.2788,12.3976,418.7,54.9,1493.829, NAN, NAN, NAN, NAN,,2024/04/16 06:39:48.900,2024-04-16 06:39:48.900000+00:00
2024/04/16, 06:40:48.900,35.952,-74.791, 9.25,277.65,281.79,9.29,19.3,19.3,1013.8,1013.6,0.0,0.0,85.1,78.5,321,319,9.4,11.6,63.1,63.1,6.3,8.5,211.2,215.6,1015.9,1015.7,-5.92,396.29,-0.01,31.1624,12.4251,420.0,55.1,1493.785, NAN, NAN, NAN, NAN,,2024/04/16 06:40:48.900,2024-04-16 06:40:48.900000+00:00
2024/04/16, 06:41:48.900,35.952,-74.794, 9.23,274.54,271.01,9.4,19.3,19.3,1013.6,1013.4,0.0,0.0,85.1,78.5,325,323,8.6,10.7,63.2,63.3,5.3,7.3,209.2,214.9,1015.7,1015.5,-5.77,393.82,-0.01,31.0587,12.4603,420.4,55.0,1493.782, NAN, NAN, NAN, NAN,,2024/04/16 06:41:48.900,2024-04-16 06:41:48.900000+00:00
2024/04/16, 06:42:48.900,35.952,-74.797, 9.32,273.77,278.42,9.35,19.3,19.3,1013.3,1013.3,0.0,0.0,85.1,78.5,324,321,7.6,9.5,63.4,63.4,4.7,6.5,200.4,207.0,1015.4,1015.4,-5.67,392.08,-0.01,30.9887,12.4729,421.4,55.2,1493.742, NAN, NAN, NAN, NAN,,2024/04/16 06:42:48.900,2024-04-16 06:42:48.900000+00:00
2024/04/16, 06:43:48.900,35.952,-74.8, 9.42,271.52,272.1,9.47,19.3,19.3,1013.3,1013.2,0.0,0.0,85.1,78.5,320,319,7.6,9.5,63.4,63.5,4.7,6.4,193.2,202.6,1015.4,1015.3,-5.75,388.45,-0.01,30.9272,12.4854,423.0,55.2,1493.711, NAN, NAN, NAN, NAN,,2024/04/16 06:43:48.900,2024-04-16 06:43:48.900000+00:00
2024/04/16, 06:44:48.900,35.952,-74.804, 9.46,273.15,269.2,9.56,19.1,19.1,1013.3,1013.0,0.0,0.0,85.1,78.5,321,319,8.3,10.1,64.2,64.2,5.2,6.9,200.4,206.2,1015.4,1015.1,-6.18,387.01,-0.01,30.8879,12.5051,422.7,55.4,1493.732, NAN, NAN, NAN, NAN,,2024/04/16 06:44:48.900,2024-04-16 06:44:48.900000+00:00
2024/04/16, 06:45:48.900,35.952,-74.807, 9.51,269.65,272.48,9.52,18.9,18.9,1013.4,1013.3,0.0,0.0,85.1,78.5,323,322,8.1,10.3,64.8,64.8,5.1,7.1,197.6,206.7,1015.5,1015.4,-6.33,385.76,-0.01,30.8599,12.5163,424.1,55.6,1493.737, NAN, NAN, NAN, NAN,,2024/04/16 06:45:48.900,2024-04-16 06:45:48.900000+00:00
2024/04/16, 06:46:48.900,35.952,-74.81, 9.47,270.49,273.53,9.52,18.9,18.9,1013.4,1013.3,0.0,0.0,85.1,78.5,322,321,8.4,10.5,64.9,65.0,5.6,7.5,198.5,206.4,1015.5,1015.4,-6.25,383.28,-0.01,30.7897,12.5257,423.5,55.5,1493.685, NAN, NAN, NAN, NAN,,2024/04/16 06:46:48.900,2024-04-16 06:46:48.900000+00:00
2024/04/16, 06:47:48.901,35.952,-74.813, 9.51,270.37,271.34,9.44,19.0,18.9,1013.5,1013.5,0.0,0.0,85.1,78.5,323,321,8.4,10.1,64.7,64.8,5.7,7.3,199.6,204.7,1015.6,1015.6,-6.05,375.58,-0.01,30.7522,12.5263,426.4,55.4,1493.643, NAN, NAN, NAN, NAN,,2024/04/16 06:47:48.901,2024-04-16 06:47:48.901000+00:00
2024/04/16, 06:48:48.901,35.952,-74.817, 9.58,269.62,267.62,9.65,18.6,18.7,1013.5,1013.4,0.0,0.0,85.1,78.5,323,320,9.8,12.2,65.9,65.8,6.6,9.0,205.5,208.8,1015.6,1015.5,-6.3,376.79,-0.01,30.6586,12.5205,426.4,55.3,1493.512, NAN, NAN, NAN, NAN,,2024/04/16 06:48:48.901,2024-04-16 06:48:48.901000+00:00
2024/04/16, 06:49:48.901,35.952,-74.82, 9.59,269.58,272.81,9.44,18.3,18.3,1013.3,1013.3,0.0,0.0,85.1,78.5,325,323,9.5,11.5,67.1,67.1,6.3,8.3,207.4,211.2,1015.4,1015.4,-6.68,378.45,-0.01,30.5908,12.5132,427.8,55.5,1493.407, NAN, NAN, NAN, NAN,,2024/04/16 06:49:48.901,2024-04-16 06:49:48.901000+00:00
2024/04/16, 06:50:48.901,35.952,-74.823, 9.66,270.3,271.9,9.48,18.5,18.4,1013.3,1013.1,0.0,0.0,85.1,78.5,326,323,8.2,10.6,66.9,67.0,5.0,7.3,203.0,209.6,1015.4,1015.2,-6.35,381.68,-0.01,30.5685,12.5062,427.5,55.6,1493.356, NAN, NAN, NAN, NAN,,2024/04/16 06:50:48.901,2024-04-16 06:50:48.901000+00:00
2024/04/16, 06:51:48.901,35.952,-74.826, 9.68,270.79,272.96,9.37,18.8,18.7,1013.2,1013.0,0.0,0.0,85.1,78.5,325,323,8.0,10.6,65.4,65.6,5.0,7.4,201.2,210.2,1015.3,1015.1,-5.89,382.91,-0.01,30.5404,12.5092,429.1,55.4,1493.333, NAN, NAN, NAN, NAN,,2024/04/16 06:51:48.901,2024-04-16 06:51:48.901000+00:00
2024/04/16, 06:52:48.901,35.952,-74.83, 9.66,269.61,272.4,9.5,19.1,19.1,1013.1,1013.2,0.0,0.0,85.1,78.5,324,322,8.1,10.7,64.1,64.2,5.2,7.6,198.4,207.4,1015.2,1015.3,-5.55,383.07,-0.01,30.548,12.5089,429.4,55.6,1493.341, NAN, NAN, NAN, NAN,,2024/04/16 06:52:48.901,2024-04-16 06:52:48.901000+00:00
2024/04/16, 06:53:48.901,35.952,-74.833, 9.68,270.65,270.09,9.43,19.4,19.3,1013.2,1013.3,0.0,0.0,85.1,78.5,319,317,10.9,12.9,63.0,63.1,8.1,10.1,205.5,207.8,1015.3,1015.4,-5.33,377.6,-0.01,30.5377,12.5117,428.8,55.4,1493.339, NAN, NAN, NAN, NAN,,2024/04/16 06:53:48.901,2024-04-16 06:53:48.901000+00:00
2024/04/16, 06:54:48.901,35.952,-74.836, 9.61,271.45,270.92,9.51,19.4,19.4,1013.4,1013.3,0.0,0.0,85.1,78.5,318,316,11.4,13.5,63.3,63.2,8.2,10.3,207.4,209.4,1015.5,1015.4,-5.33,377.88,-0.01,30.5062,12.5161,428.4,55.3,1493.316, NAN, NAN, NAN, NAN,,2024/04/16 06:54:48.901,2024-04-16 06:54:48.901000+00:00
2024/04/16, 06:55:48.901,35.952,-74.839, 9.47,270.0,270.27,9.32,19.0,19.0,1013.4,1013.3,0.0,0.0,85.1,78.5,322,320,11.6,13.5,64.2,64.1,8.3,10.3,211.5,212.7,1015.5,1015.4,-5.69,372.88,-0.01,30.4609,12.5266,428.8,55.5,1493.298, NAN, NAN, NAN, NAN,,2024/04/16 06:55:48.901,2024-04-16 06:55:48.901000+00:00
2024/04/16, 06:56:48.901,35.952,-74.842, 8.11,268.83,268.29,7.64,18.6,18.6,1013.5,1013.3,0.0,0.0,85.1,78.5,321,318,9.8,11.3,66.0,66.0,7.3,8.9,209.3,209.1,1015.6,1015.4,-6.18,373.92,-0.01,30.4089,12.5437,428.8,55.4,1493.295, NAN, NAN, NAN, NAN,,2024/04/16 06:56:48.901,2024-04-16 06:56:48.901000+00:00
2024/04/16, 06:57:48.901,35.952,-74.844, 5.33,221.28,231.16,4.94,18.2,18.2,1013.4,1013.3,0.0,0.0,85.1,78.5,341,339,9.1,9.3,67.7,67.7,6.9,7.2,192.6,190.3,1015.5,1015.4,-6.53,378.54,-0.01,30.3844,12.551,428.4,55.4,1493.291, NAN, NAN, NAN, NAN,,2024/04/16 06:57:48.901,2024-04-16 06:57:48.901000+00:00
2024/04/16, 06:58:48.901,35.951,-74.845, 3.50,202.45,211.07,3.15,18.2,18.1,1013.3,1013.1,0.0,0.0,85.1,78.5,355,350,7.0,6.7,67.9,68.1,5.4,5.2,194.5,187.8,1015.4,1015.2,-6.47,377.17,-0.01,30.3528,12.5528,429.9,55.5,1493.259, NAN, NAN, NAN, NAN,,2024/04/16 06:58:48.901,2024-04-16 06:58:48.901000+00:00
2024/04/16, 06:59:48.901,35.951,-74.845, 2.32,193.22,204.74,1.98,18.4,18.4,1013.2,1013.3,0.0,0.0,85.1,78.5,6,0,6.2,6.0,67.4,67.5,5.2,5.0,198.3,191.1,1015.3,1015.4,-6.23,375.99,-0.02,30.3351,12.5551,428.4,55.5,1493.246, NAN, NAN, NAN, NAN,,2024/04/16 06:59:48.901,2024-04-16 06:59:48.901000+00:00
2024/04/16, 07:00:48.901,35.95,-74.845, 0.89,190.98,214.25,0.69,18.0,18.1,1013.3,1013.2,0.0,0.0,85.1,78.5,11,4,5.7,5.5,68.2,68.1,5.3,5.1,202.0,194.5,1015.4,1015.3,-6.45,378.18,-0.02,30.3179,12.5572,431.2,55.4,1493.233, NAN, NAN, NAN, NAN,,2024/04/16 07:00:48.901,2024-04-16 07:00:48.901000+00:00
2024/04/16, 07:01:48.901,35.95,-74.845, 0.30,197.09,160.11,0.38,18.0,18.0,1013.0,1013.2,0.0,0.0,85.1,78.5,358,354,5.5,5.4,68.9,68.9,5.3,5.2,195.8,191.7,1015.1,1015.3,-6.62,378.98,-0.01,30.3112,12.5559,431.8,55.3,1493.221, NAN, NAN, NAN, NAN,,2024/04/16 07:01:48.901,2024-04-16 07:01:48.901000+00:00
2024/04/16, 07:02:48.901,35.95,-74.845, 0.14,203.54,108.67,0.6,18.0,18.0,1013.3,1013.0,0.0,0.0,85.1,78.5,352,347,5.5,5.6,68.9,69.0,5.5,5.6,198.7,193.7,1015.4,1015.1,-6.6,379.94,-0.01,30.3465,12.5479,431.2,55.2,1493.235, NAN, NAN, NAN, NAN,,2024/04/16 07:02:48.901,2024-04-16 07:02:48.901000+00:00
2024/04/16, 07:03:48.902,35.95,-74.845, 0.10,205.15,270.04,0.19,17.9,18.0,1013.4,1013.3,0.0,0.0,85.1,78.5,357,352,5.6,5.4,69.1,69.1,5.6,5.4,201.2,196.1,1015.5,1015.4,-6.51,378.4,-0.02,30.5472,12.3716,429.1,55.4,1492.871, NAN, NAN, NAN, NAN,,2024/04/16 07:03:48.902,2024-04-16 07:03:48.902000+00:00
2024/04/16, 07:04:48.902,35.95,-74.845, 0.11,205.64,247.47,0.05,17.8,17.8,1013.4,1013.4,0.0,0.0,85.1,78.5,3,358,5.7,5.7,69.7,69.6,5.7,5.7,208.4,203.5,1015.5,1015.5,-6.56,377.81,-0.01,30.7209,12.3606,429.1,55.4,1493.04, NAN, NAN, NAN, NAN,,2024/04/16 07:04:48.902,2024-04-16 07:04:48.902000+00:00
2024/04/16, 07:05:48.902,35.95,-74.845, 0.26,205.06,266.16,0.1,17.5,17.5,1013.6,1013.5,0.0,0.0,85.1,78.5,7,1,6.3,6.2,70.8,70.6,6.2,6.1,212.0,206.0,1015.7,1015.6,-6.72,379.16,-0.02,30.9536,12.4396,428.1,55.4,1493.586, NAN, NAN, NAN, NAN,,2024/04/16 07:05:48.902,2024-04-16 07:05:48.902000+00:00
2024/04/16, 07:06:48.902,35.95,-74.845, 0.25,205.63,268.63,0.04,17.2,17.3,1013.4,1013.5,0.0,0.0,85.1,78.5,3,357,6.1,6.0,72.1,71.9,6.1,6.0,208.8,202.8,1015.5,1015.6,-6.95,381.65,-0.02,30.7656,12.4873,428.4,55.6,1493.526, NAN, NAN, NAN, NAN,,2024/04/16 07:06:48.902,2024-04-16 07:06:48.902000+00:00
2024/04/16, 07:07:48.902,35.95,-74.845, 0.10,204.24,102.17,0.31,17.2,17.2,1013.5,1013.7,0.0,0.0,85.1,78.5,14,11,9.4,9.4,72.5,72.5,9.4,9.4,219.2,216.2,1015.6,1015.8,-6.79,378.95,-0.02,30.5956,12.5101,427.8,55.4,1493.402, NAN, NAN, NAN, NAN,,2024/04/16 07:07:48.902,2024-04-16 07:07:48.902000+00:00
2024/04/16, 07:08:48.902,35.95,-74.845, 0.27,204.77,100.38,0.11,17.0,17.1,1013.8,1013.9,0.0,0.0,85.1,78.5,18,14,10.1,9.5,73.0,73.0,10.1,9.5,223.0,219.0,1015.9,1016.0,-6.67,377.22,-0.02,30.5049,12.5153,426.8,55.6,1493.312, NAN, NAN, NAN, NAN,,2024/04/16 07:08:48.902,2024-04-16 07:08:48.902000+00:00
2024/04/16, 07:09:48.902,35.95,-74.845, 0.18,213.13,271.89,0.03,16.9,16.9,1013.9,1013.8,0.0,0.0,85.1,78.5,21,15,8.2,7.8,73.9,73.7,8.2,7.8,234.1,228.1,1016.0,1015.9,-6.46,378.96,-0.01,30.38,12.519,426.0,55.8,1493.176, NAN, NAN, NAN, NAN,,2024/04/16 07:09:48.902,2024-04-16 07:09:48.902000+00:00
2024/04/16, 07:10:48.902,35.95,-74.845, 0.21,214.84,189.91,0.34,16.6,16.7,1014.0,1013.9,0.0,0.0,85.1,78.5,9,0,6.4,5.7,75.0,74.7,6.3,5.6,225.3,216.4,1016.1,1016.0,-6.6,382.3,-0.01,30.3694,12.5061,425.7,55.9,1493.12, NAN, NAN, NAN, NAN,,2024/04/16 07:10:48.902,2024-04-16 07:10:48.902000+00:00
2024/04/16, 07:11:48.902,35.95,-74.845, 0.32,216.42,71.17,0.39,16.4,16.5,1013.8,1013.7,0.0,0.0,85.1,78.5,2,0,5.3,5.0,76.0,75.8,5.4,5.1,220.3,218.5,1015.9,1015.8,-6.64,383.71,-0.02,30.3166,12.426,427.8,55.8,1492.783, NAN, NAN, NAN, NAN,,2024/04/16 07:11:48.902,2024-04-16 07:11:48.902000+00:00
2024/04/16, 07:12:48.902,35.95,-74.845, 0.17,215.72,22.65,0.27,16.3,16.4,1013.9,1014.0,0.0,0.0,85.1,78.5,2,358,5.6,5.7,76.6,76.4,5.7,5.8,218.2,214.3,1016.0,1016.1,-6.81,384.58,-0.02,30.31,12.4436,427.2,55.8,1492.835, NAN, NAN, NAN, NAN,,2024/04/16 07:12:48.902,2024-04-16 07:12:48.902000+00:00
2024/04/16, 07:13:48.902,35.95,-74.845, 0.33,214.41,132.88,0.19,16.2,16.2,1013.9,1014.0,0.0,0.0,85.1,78.5,6,1,6.7,6.4,77.5,77.2,6.7,6.4,221.2,216.2,1016.0,1016.1,-6.89,388.63,-0.01,30.3321,12.4018,428.1,55.9,1492.719, NAN, NAN, NAN, NAN,,2024/04/16 07:13:48.902,2024-04-16 07:13:48.902000+00:00
2024/04/16, 07:14:48.902,35.95,-74.845, 0.22,215.65,55.25,0.18,16.2,16.2,1014.0,1014.0,0.0,0.0,85.1,78.5,14,9,6.3,6.3,78.0,77.9,6.4,6.4,230.3,225.3,1016.1,1016.1,-6.75,387.44,-0.01,30.3151,12.3368,429.4,56.1,1492.476, NAN, NAN, NAN, NAN,,2024/04/16 07:14:48.902,2024-04-16 07:14:48.902000+00:00
2024/04/16, 07:15:48.902,35.95,-74.845, 0.22,215.9,224.1,0.17,16.3,16.3,1014.0,1014.1,0.0,0.0,85.1,78.5,11,7,6.3,6.4,77.5,77.5,6.2,6.3,226.7,222.7,1016.1,1016.2,-6.44,386.7,-0.01,30.3104,12.3812,426.5,55.9,1492.622, NAN, NAN, NAN, NAN,,2024/04/16 07:15:48.902,2024-04-16 07:15:48.902000+00:00
2024/04/16, 07:16:48.902,35.95,-74.845, 0.29,214.68,148.72,0.2,16.1,16.2,1014.1,1014.0,0.0,0.0,85.1,78.5,5,0,7.2,7.0,77.8,77.6,7.1,6.9,220.3,215.2,1016.2,1016.1,-6.47,387.67,-0.01,30.3846,12.4395,429.1,55.6,1492.91, NAN, NAN, NAN, NAN,,2024/04/16 07:16:48.902,2024-04-16 07:16:48.902000+00:00
2024/04/16, 07:17:48.902,35.95,-74.845, 0.23,215.25,332.01,0.35,16.1,16.0,1014.2,1013.8,0.0,0.0,85.1,78.5,355,349,7.6,7.4,77.8,78.5,7.6,7.4,208.9,202.9,1016.3,1015.9,-6.51,391.63,-0.02,30.3435,12.3746,428.8,55.7,1492.639, NAN, NAN, NAN, NAN,,2024/04/16 07:17:48.902,2024-04-16 07:17:48.902000+00:00
2024/04/16, 07:18:48.902,35.95,-74.845, 0.26,216.2,59.3,0.49,16.0,16.0,1013.8,1013.9,0.0,0.0,85.1,78.5,355,349,7.6,7.3,79.6,79.5,7.7,7.4,213.0,207.1,1015.9,1016.0,-6.45,392.4,-0.02,30.3245,12.373,428.1,55.8,1492.611, NAN, NAN, NAN, NAN,,2024/04/16 07:18:48.902,2024-04-16 07:18:48.902000+00:00
2024/04/16, 07:19:48.903,35.95,-74.845, 0.23,215.19,148.26,0.29,16.1,16.2,1013.9,1013.9,0.0,0.0,85.1,78.5,352,347,6.8,6.7,78.9,78.9,6.8,6.7,206.0,200.9,1016.0,1016.0,-6.24,393.64,-0.02,30.3112,12.388,427.8,55.7,1492.646, NAN, NAN, NAN, NAN,,2024/04/16 07:19:48.903,2024-04-16 07:19:48.903000+00:00
2024/04/16, 07:20:48.903,35.95,-74.845, 0.26,215.46,311.07,0.18,16.3,16.3,1013.7,1013.7,0.0,0.0,85.1,78.5,353,348,6.0,5.8,78.2,78.3,5.9,5.7,208.1,203.0,1015.8,1015.8,-5.98,393.52,-0.02,30.3367,12.3873,427.5,55.6,1492.674, NAN, NAN, NAN, NAN,,2024/04/16 07:20:48.903,2024-04-16 07:20:48.903000+00:00
2024/04/16, 07:21:48.903,35.95,-74.845, 0.28,214.34,293.34,0.86,16.2,16.3,1013.8,1013.8,0.0,0.0,85.1,78.5,359,352,6.2,6.1,77.9,77.9,6.2,6.1,209.3,202.2,1015.9,1015.9,-5.96,394.04,-0.02,30.3647,12.3664,427.8,55.7,1492.636, NAN, NAN, NAN, NAN,,2024/04/16 07:21:48.903,2024-04-16 07:21:48.903000+00:00
2024/04/16, 07:22:48.903,35.95,-74.845, 0.35,214.73,294.54,0.47,16.1,16.1,1013.7,1013.8,0.0,0.0,85.1,78.5,354,347,7.4,7.4,78.4,78.4,7.4,7.4,206.9,199.9,1015.8,1015.9,-6.06,396.0,-0.01,30.3375,12.3799,427.8,55.7,1492.65, NAN, NAN, NAN, NAN,,2024/04/16 07:22:48.903,2024-04-16 07:22:48.903000+00:00
2024/04/16, 07:23:48.903,35.95,-74.845, 0.19,216.01,135.26,0.06,16.0,16.0,1013.6,1013.6,0.0,0.0,85.1,78.5,349,343,7.8,7.9,79.2,79.3,7.8,7.9,204.8,198.8,1015.7,1015.7,-6.24,397.78,-0.01,30.35,12.4158,429.1,55.9,1492.788, NAN, NAN, NAN, NAN,,2024/04/16 07:23:48.903,2024-04-16 07:23:48.903000+00:00
2024/04/16, 07:24:48.903,35.95,-74.845, 0.16,217.66,135.12,0.33,16.2,16.2,1013.7,1013.6,0.0,0.0,85.1,78.5,342,337,7.9,8.2,78.7,78.9,7.9,8.2,200.9,195.8,1015.8,1015.7,-5.8,396.48,-0.02,30.3458,12.4485,427.2,55.9,1492.895, NAN, NAN, NAN, NAN,,2024/04/16 07:24:48.903,2024-04-16 07:24:48.903000+00:00
2024/04/16, 07:25:48.903,35.95,-74.845, 0.38,214.59,316.03,0.13,16.2,16.2,1013.7,1013.6,0.0,0.0,85.1,78.5,345,341,8.5,8.8,78.2,78.3,8.5,8.8,199.2,195.2,1015.8,1015.7,-5.58,397.82,-0.01,30.3356,12.387,427.5,55.9,1492.672, NAN, NAN, NAN, NAN,,2024/04/16 07:25:48.903,2024-04-16 07:25:48.903000+00:00
2024/04/16, 07:26:48.903,35.95,-74.845, 0.24,216.84,215.82,0.13,16.2,16.2,1013.6,1013.7,0.0,0.0,85.1,78.5,345,338,8.6,8.6,78.2,78.3,8.5,8.5,202.0,194.9,1015.7,1015.8,-5.54,398.32,-0.01,30.3772,12.3742,428.8,55.7,1492.678, NAN, NAN, NAN, NAN,,2024/04/16 07:26:48.903,2024-04-16 07:26:48.903000+00:00
2024/04/16, 07:27:48.903,35.95,-74.845, 0.33,210.55,158.52,0.19,16.3,16.3,1013.5,1013.6,0.0,0.0,85.1,78.5,347,342,8.5,8.5,77.8,78.0,8.4,8.4,197.6,192.5,1015.6,1015.7,-5.4,397.73,-0.01,30.3799,12.4209,427.2,55.9,1492.841, NAN, NAN, NAN, NAN,,2024/04/16 07:27:48.903,2024-04-16 07:27:48.903000+00:00
2024/04/16, 07:28:48.903,35.95,-74.845, 0.15,212.22,288.16,0.15,16.3,16.3,1013.6,1013.6,0.0,0.0,85.1,78.5,341,336,8.0,8.3,77.8,77.8,8.0,8.3,193.7,188.7,1015.7,1015.7,-5.47,397.42,-0.01,30.3542,12.4273,428.1,55.9,1492.832, NAN, NAN, NAN, NAN,,2024/04/16 07:28:48.903,2024-04-16 07:28:48.903000+00:00
2024/04/16, 07:29:48.903,35.95,-74.845, 0.37,208.73,94.38,0.53,16.1,16.1,1013.5,1013.6,0.0,0.0,85.1,78.5,346,342,8.0,8.3,78.4,78.4,8.0,8.3,196.7,192.6,1015.6,1015.7,-5.6,400.62,-0.02,30.3345,12.3535,429.7,55.7,1492.556, NAN, NAN, NAN, NAN,,2024/04/16 07:29:48.903,2024-04-16 07:29:48.903000+00:00
2024/04/16, 07:30:48.903,35.95,-74.845, 0.28,209.97,134.56,0.17,16.0,16.0,1013.7,1013.6,0.0,0.0,85.1,78.5,349,345,7.6,7.6,79.4,79.5,7.5,7.5,199.4,195.4,1015.8,1015.7,-5.73,402.98,-0.01,30.3192,12.2899,427.2,55.8,1492.319, NAN, NAN, NAN, NAN,,2024/04/16 07:30:48.903,2024-04-16 07:30:48.903000+00:00
2024/04/16, 07:31:48.903,35.95,-74.845, 0.16,211.59,184.34,0.09,16.2,16.2,1013.7,1013.6,0.0,0.0,85.1,78.5,356,351,7.9,7.7,79.0,79.2,7.9,7.7,207.4,202.4,1015.8,1015.7,-5.5,401.76,-0.01,30.3284,12.3272,429.4,55.9,1492.458, NAN, NAN, NAN, NAN,,2024/04/16 07:31:48.903,2024-04-16 07:31:48.903000+00:00
2024/04/16, 07:32:48.903,35.95,-74.845, 0.40,208.74,283.69,0.53,16.3,16.3,1013.9,1013.8,0.0,0.0,85.1,78.5,3,357,9.3,9.1,78.1,78.3,9.2,9.0,210.1,204.1,1016.0,1015.9,-5.39,399.22,-0.01,30.3418,12.2943,428.1,55.8,1492.361, NAN, NAN, NAN, NAN,,2024/04/16 07:32:48.903,2024-04-16 07:32:48.903000+00:00
2024/04/16, 07:33:48.903,35.95,-74.845, 0.23,210.65,101.68,0.07,16.2,16.2,1013.8,1013.7,0.0,0.0,85.1,78.5,356,349,9.3,9.0,78.2,78.3,9.3,9.0,206.4,199.4,1015.9,1015.8,-5.35,400.28,-0.01,30.4219,12.1988,429.1,55.7,1492.128, NAN, NAN, NAN, NAN,,2024/04/16 07:33:48.903,2024-04-16 07:33:48.903000+00:00
2024/04/16, 07:34:48.903,35.95,-74.845, 0.23,210.9,39.74,0.05,16.2,16.2,1013.8,1013.7,0.0,0.0,85.1,78.5,353,348,8.6,8.5,78.6,78.7,8.6,8.5,203.8,198.8,1015.9,1015.8,-5.47,399.08,-0.01,30.518,12.2673,429.4,55.8,1492.478, NAN, NAN, NAN, NAN,,2024/04/16 07:34:48.903,2024-04-16 07:34:48.903000+00:00
2024/04/16, 07:35:48.904,35.95,-74.845, 0.35,210.22,291.75,0.14,16.1,16.2,1013.7,1013.8,0.0,0.0,85.1,78.5,359,352,9.3,9.0,78.6,78.7,9.3,9.0,208.9,201.8,1015.8,1015.9,-5.7,398.65,-0.02,30.4596,12.3228,428.8,56.0,1492.599, NAN, NAN, NAN, NAN,,2024/04/16 07:35:48.904,2024-04-16 07:35:48.904000+00:00
2024/04/16, 07:36:48.904,35.95,-74.845, 0.26,210.59,117.84,0.39,16.0,16.1,1013.9,1014.0,0.0,0.0,85.1,78.5,359,353,10.0,9.8,79.1,79.2,10.0,9.8,210.7,204.8,1016.0,1016.1,-6.09,398.16,-0.01,30.3936,12.3544,429.1,56.1,1492.629, NAN, NAN, NAN, NAN,,2024/04/16 07:36:48.904,2024-04-16 07:36:48.904000+00:00
2024/04/16, 07:37:48.904,35.95,-74.845, 0.30,210.79,86.78,0.43,16.0,16.0,1013.9,1013.9,0.0,0.0,85.1,78.5,357,352,9.1,8.8,79.7,79.7,9.2,8.9,209.1,204.1,1016.0,1016.0,-6.21,398.34,-0.01,30.3481,12.3987,429.9,56.0,1492.727, NAN, NAN, NAN, NAN,,2024/04/16 07:37:48.904,2024-04-16 07:37:48.904000+00:00
2024/04/16, 07:38:48.904,35.95,-74.845, 0.25,210.12,99.03,0.63,15.9,15.9,1013.7,1013.9,0.0,0.0,85.1,78.5,352,346,9.3,9.5,80.2,80.2,9.4,9.5,204.1,198.1,1015.8,1016.0,-6.2,398.64,-0.01,30.3454,12.394,428.8,55.9,1492.708, NAN, NAN, NAN, NAN,,2024/04/16 07:38:48.904,2024-04-16 07:38:48.904000+00:00
2024/04/16, 07:39:48.904,35.95,-74.845, 0.29,209.78,92.8,0.17,15.8,15.8,1013.9,1014.0,0.0,0.0,85.1,78.5,350,345,8.9,9.0,80.7,80.8,9.0,9.1,200.1,195.2,1016.0,1016.1,-6.06,398.36,-0.01,30.3397,12.3501,428.4,55.9,1492.55, NAN, NAN, NAN, NAN,,2024/04/16 07:39:48.904,2024-04-16 07:39:48.904000+00:00
2024/04/16, 07:40:48.904,35.95,-74.845, 0.24,208.92,245.21,0.86,15.9,15.9,1013.9,1013.9,0.0,0.0,85.1,78.5,351,346,7.9,8.0,80.6,80.6,7.9,8.0,196.7,191.8,1016.0,1016.0,-5.89,396.87,-0.01,30.3274,12.2963,428.1,55.9,1492.351, NAN, NAN, NAN, NAN,,2024/04/16 07:40:48.904,2024-04-16 07:40:48.904000+00:00
2024/04/16, 07:41:48.904,35.95,-74.845, 0.38,207.9,277.0,0.22,15.9,15.9,1013.9,1013.5,0.0,0.0,85.1,78.5,348,342,8.0,8.0,80.5,80.2,7.9,7.9,196.2,190.1,1016.0,1015.6,-5.64,396.51,-0.02,30.3296,12.2315,429.4,55.8,1492.131, NAN, NAN, NAN, NAN,,2024/04/16 07:41:48.904,2024-04-16 07:41:48.904000+00:00
2024/04/16, 07:42:48.904,35.95,-74.845, 0.13,207.98,89.14,0.19,16.0,16.0,1013.7,1013.8,0.0,0.0,85.1,78.5,345,340,7.9,8.4,80.0,80.0,7.9,8.4,193.7,188.6,1015.8,1015.9,-5.56,394.71,-0.01,30.3252,12.0504,429.1,55.9,1491.502, NAN, NAN, NAN, NAN,,2024/04/16 07:42:48.904,2024-04-16 07:42:48.904000+00:00
2024/04/16, 07:43:48.904,35.95,-74.845, 0.05,209.7,248.69,0.21,15.9,16.0,1013.6,1013.6,0.0,0.0,85.1,78.5,345,341,7.8,8.3,80.0,80.0,7.8,8.3,195.5,191.4,1015.7,1015.7,-5.46,393.3,-0.01,30.3226,12.1455,428.1,55.9,1491.827, NAN, NAN, NAN, NAN,,2024/04/16 07:43:48.904,2024-04-16 07:43:48.904000+00:00
2024/04/16, 07:44:48.904,35.95,-74.845, 0.25,209.76,4.57,0.07,15.9,15.9,1013.6,1013.5,0.0,0.0,85.1,78.5,347,341,8.6,8.9,80.1,80.1,8.6,8.9,196.6,190.6,1015.7,1015.6,-5.61,391.04,-0.02,30.3224,12.2248,429.1,55.9,1492.099, NAN, NAN, NAN, NAN,,2024/04/16 07:44:48.904,2024-04-16 07:44:48.904000+00:00
2024/04/16, 07:45:48.904,35.95,-74.845, 0.31,208.59,201.49,0.12,15.8,15.9,1013.6,1013.6,0.0,0.0,85.1,78.5,342,337,9.0,9.4,80.3,80.3,8.9,9.3,190.6,185.6,1015.7,1015.7,-5.62,389.38,-0.01,30.3162,12.2401,427.8,56.0,1492.145, NAN, NAN, NAN, NAN,,2024/04/16 07:45:48.904,2024-04-16 07:45:48.904000+00:00
2024/04/16, 07:46:48.904,35.95,-74.845, 0.25,207.36,84.97,0.24,15.8,15.8,1013.3,1013.3,0.0,0.0,85.1,78.5,342,339,8.9,9.3,80.5,80.5,8.8,9.2,190.1,187.0,1015.4,1015.4,-5.66,387.86,-0.02,30.3204,12.3384,427.8,56.1,1492.487, NAN, NAN, NAN, NAN,,2024/04/16 07:46:48.904,2024-04-16 07:46:48.904000+00:00
2024/04/16, 07:47:48.904,35.95,-74.845, 0.18,207.27,9.7,0.28,15.8,15.8,1013.4,1013.3,0.0,0.0,85.1,78.5,352,347,9.9,9.6,80.8,80.7,10.0,9.7,198.9,193.9,1015.5,1015.4,-5.77,386.85,-0.01,30.3699,12.3242,428.8,56.1,1492.498, NAN, NAN, NAN, NAN,,2024/04/16 07:47:48.904,2024-04-16 07:47:48.904000+00:00
2024/04/16, 07:48:48.904,35.95,-74.845, 0.30,209.19,282.85,0.19,15.8,15.8,1013.6,1013.5,0.0,0.0,85.1,78.5,351,344,9.9,9.8,81.1,81.0,9.9,9.8,199.6,192.6,1015.7,1015.6,-5.59,385.17,-0.01,30.3857,12.3011,427.5,56.0,1492.437, NAN, NAN, NAN, NAN,,2024/04/16 07:48:48.904,2024-04-16 07:48:48.904000+00:00
2024/04/16, 07:49:48.904,35.95,-74.845, 0.28,208.5,209.66,0.09,15.9,15.9,1013.4,1013.5,0.0,0.0,85.1,78.5,351,344,9.2,9.2,80.5,80.7,9.2,9.2,199.2,192.2,1015.5,1015.6,-5.64,382.34,-0.01,30.4493,12.167,429.1,56.1,1492.052, NAN, NAN, NAN, NAN,,2024/04/16 07:49:48.904,2024-04-16 07:49:48.904000+00:00
2024/04/16, 07:50:48.904,35.95,-74.845, 0.30,209.27,357.35,0.41,15.9,15.9,1013.7,1013.6,0.0,0.0,85.1,78.5,358,353,9.1,8.8,80.2,80.3,9.3,9.0,206.9,202.0,1015.8,1015.7,-5.61,377.87,-0.01,30.5306,12.1676,428.8,56.1,1492.15, NAN, NAN, NAN, NAN,,2024/04/16 07:50:48.904,2024-04-16 07:50:48.904000+00:00
2024/04/16, 07:51:48.905,35.95,-74.845, 0.42,208.4,123.9,0.23,15.8,15.9,1013.9,1013.8,0.0,0.0,85.1,78.5,348,344,8.7,8.7,80.3,80.2,8.6,8.6,196.9,192.9,1016.0,1015.9,-5.67,375.08,-0.01,30.5648,12.2502,428.1,56.1,1492.475, NAN, NAN, NAN, NAN,,2024/04/16 07:51:48.905,2024-04-16 07:51:48.905000+00:00
2024/04/16, 07:52:48.905,35.95,-74.845, 0.25,207.66,228.64,0.35,15.8,15.9,1013.6,1013.8,0.0,0.0,85.1,78.5,353,346,8.9,8.6,80.8,80.3,8.9,8.6,199.5,192.5,1015.7,1015.9,-5.85,372.33,-0.01,30.5642,12.2516,428.1,56.2,1492.479, NAN, NAN, NAN, NAN,,2024/04/16 07:52:48.905,2024-04-16 07:52:48.905000+00:00
2024/04/16, 07:53:48.905,35.95,-74.845, 0.26,209.57,227.36,0.3,15.8,15.8,1013.7,1013.4,0.0,0.0,85.1,78.5,346,341,8.7,8.9,80.9,81.0,8.7,8.9,194.6,189.6,1015.8,1015.5,-6.0,370.48,-0.01,30.636,12.3084,429.7,56.3,1492.76, NAN, NAN, NAN, NAN,,2024/04/16 07:53:48.905,2024-04-16 07:53:48.905000+00:00
2024/04/16, 07:54:48.905,35.95,-74.845, 0.31,209.94,10.57,0.21,15.9,15.8,1013.5,1013.3,0.0,0.0,85.1,78.5,346,339,9.2,9.3,80.7,80.9,9.2,9.3,196.6,189.6,1015.6,1015.4,-5.88,369.14,-0.02,30.6781,12.3666,428.8,55.7,1493.009, NAN, NAN, NAN, NAN,,2024/04/16 07:54:48.905,2024-04-16 07:54:48.905000+00:00
2024/04/16, 07:55:48.905,35.95,-74.845, 0.28,209.18,280.99,0.13,15.9,15.9,1013.4,1013.4,0.0,0.0,85.1,78.5,345,340,8.8,9.3,80.3,80.5,8.7,9.2,194.3,189.2,1015.5,1015.5,-5.82,368.84,-0.01,30.6037,12.3958,427.8,55.1,1493.021, NAN, NAN, NAN, NAN,,2024/04/16 07:55:48.905,2024-04-16 07:55:48.905000+00:00
2024/04/16, 07:56:48.905,35.95,-74.845, 0.37,208.05,99.25,0.12,16.0,16.0,1013.5,1013.5,0.0,0.0,85.1,78.5,350,346,8.8,8.5,79.6,79.9,8.8,8.5,198.4,194.5,1015.6,1015.6,-5.67,367.41,-0.01,30.5869,12.4171,428.1,55.3,1493.074, NAN, NAN, NAN, NAN,,2024/04/16 07:56:48.905,2024-04-16 07:56:48.905000+00:00
2024/04/16, 07:57:48.905,35.95,-74.845, 0.24,208.24,90.76,0.25,16.1,16.1,1013.6,1013.5,0.0,0.0,85.1,78.5,354,349,8.6,8.6,79.1,79.2,8.6,8.7,201.4,196.5,1015.7,1015.6,-5.64,367.49,-0.01,30.6411,12.4109,428.4,55.3,1493.117, NAN, NAN, NAN, NAN,,2024/04/16 07:57:48.905,2024-04-16 07:57:48.905000+00:00
2024/04/16, 07:58:48.905,35.95,-74.845, 0.33,208.72,307.04,0.68,16.1,16.1,1013.6,1013.6,0.0,0.0,85.1,78.5,348,343,8.3,8.7,78.9,79.0,8.4,8.8,194.4,189.5,1015.7,1015.7,-5.64,368.18,-0.02,30.5965,12.3794,429.9,55.2,1492.956, NAN, NAN, NAN, NAN,,2024/04/16 07:58:48.905,2024-04-16 07:58:48.905000+00:00
2024/04/16, 07:59:48.905,35.95,-74.845, 0.32,208.42,144.37,0.22,16.1,16.1,1013.4,1013.6,0.0,0.0,85.1,78.5,348,342,8.2,8.4,79.0,79.1,8.1,8.3,197.1,191.0,1015.5,1015.7,-5.84,368.84,-0.01,30.5585,12.3447,431.2,55.1,1492.792, NAN, NAN, NAN, NAN,,2024/04/16 07:59:48.905,2024-04-16 07:59:48.905000+00:00
2024/04/16, 08:00:48.905,35.95,-74.845, 0.31,207.53,175.13,0.14,16.1,16.2,1013.5,1013.5,0.0,0.0,85.1,78.5,351,346,8.3,8.0,78.9,79.0,8.3,8.0,199.0,194.0,1015.6,1015.6,-5.76,369.99,-0.01,30.5235,12.3358,428.8,54.7,1492.72, NAN, NAN, NAN, NAN,,2024/04/16 08:00:48.905,2024-04-16 08:00:48.905000+00:00
2024/04/16, 08:01:48.905,35.95,-74.845, 0.32,209.55,268.27,0.21,16.2,16.2,1013.6,1013.4,0.0,0.0,85.1,78.5,354,347,8.4,8.4,78.6,78.5,8.4,8.4,202.8,195.8,1015.7,1015.5,-5.76,370.87,-0.01,30.564,12.3055,429.1,54.9,1492.664, NAN, NAN, NAN, NAN,,2024/04/16 08:01:48.905,2024-04-16 08:01:48.905000+00:00
2024/04/16, 08:02:48.905,35.95,-74.845, 0.44,207.96,164.08,0.25,16.3,16.3,1013.6,1013.5,0.0,0.0,85.1,78.5,351,346,8.0,8.4,78.2,78.3,7.9,8.3,198.8,193.7,1015.7,1015.6,-5.57,370.07,-0.01,30.5806,12.2875,429.7,54.9,1492.622, NAN, NAN, NAN, NAN,,2024/04/16 08:02:48.905,2024-04-16 08:02:48.905000+00:00
2024/04/16, 08:03:48.905,35.95,-74.845, 0.30,208.65,139.5,0.26,16.4,16.4,1013.5,1013.5,0.0,0.0,85.1,78.5,347,344,8.0,8.3,77.9,77.9,8.0,8.3,196.6,193.6,1015.6,1015.6,-5.67,370.4,-0.01,30.5587,12.3597,429.7,54.9,1492.844, NAN, NAN, NAN, NAN,,2024/04/16 08:03:48.905,2024-04-16 08:03:48.905000+00:00
2024/04/16, 08:04:48.905,35.95,-74.845, 0.35,208.21,44.29,0.18,16.3,16.3,1013.6,1013.6,0.0,0.0,85.1,78.5,353,347,8.4,8.1,78.0,78.1,8.5,8.1,201.7,195.8,1015.7,1015.7,-5.71,371.15,-0.01,30.5973,12.3892,430.5,55.0,1492.991, NAN, NAN, NAN, NAN,,2024/04/16 08:04:48.905,2024-04-16 08:04:48.905000+00:00
2024/04/16, 08:05:48.905,35.95,-74.845, 0.37,208.09,288.88,0.26,16.4,16.4,1013.5,1013.7,0.0,0.0,85.1,78.5,351,345,8.0,8.0,78.1,78.2,8.0,8.0,198.1,192.1,1015.6,1015.8,-5.65,371.4,-0.01,30.6346,12.3569,429.4,55.0,1492.924, NAN, NAN, NAN, NAN,,2024/04/16 08:05:48.905,2024-04-16 08:05:48.905000+00:00
2024/04/16, 08:06:48.905,35.95,-74.845, 0.25,209.06,272.97,0.08,16.4,16.4,1013.6,1013.5,0.0,0.0,85.1,78.5,351,345,8.0,8.3,78.1,77.8,8.0,8.3,199.8,193.8,1015.7,1015.6,-5.68,372.48,-0.01,30.5836,12.3086,432.1,55.2,1492.698, NAN, NAN, NAN, NAN,,2024/04/16 08:06:48.905,2024-04-16 08:06:48.905000+00:00
2024/04/16, 08:07:48.906,35.95,-74.845, 0.34,209.53,60.73,0.45,16.4,16.4,1013.5,1013.5,0.0,0.0,85.1,78.5,354,348,9.3,9.1,77.9,78.0,9.3,9.1,204.9,199.0,1015.6,1015.6,-5.74,373.16,-0.01,30.4447,12.263,428.1,55.3,1492.376, NAN, NAN, NAN, NAN,,2024/04/16 08:07:48.906,2024-04-16 08:07:48.906000+00:00
2024/04/16, 08:08:48.906,35.95,-74.845, 0.33,209.33,318.18,0.37,16.4,16.4,1013.5,1013.6,0.0,0.0,85.1,78.5,351,345,9.4,9.5,78.2,78.2,9.5,9.6,199.2,193.3,1015.6,1015.7,-5.7,374.62,-0.02,30.3816,12.2331,428.4,55.5,1492.198, NAN, NAN, NAN, NAN,,2024/04/16 08:08:48.906,2024-04-16 08:08:48.906000+00:00
2024/04/16, 08:09:48.906,35.95,-74.845, 0.31,208.85,270.9,0.45,16.3,16.3,1013.4,1013.5,0.0,0.0,85.1,78.5,345,340,9.9,10.1,78.3,78.4,10.0,10.2,192.5,187.6,1015.5,1015.6,-5.79,376.97,-0.01,30.374,12.2737,429.7,55.3,1492.329, NAN, NAN, NAN, NAN,,2024/04/16 08:09:48.906,2024-04-16 08:09:48.906000+00:00
2024/04/16, 08:10:48.906,35.95,-74.845, 0.36,208.54,112.01,0.35,16.5,16.4,1013.3,1013.3,0.0,0.0,85.1,78.5,341,336,9.6,10.0,78.2,78.4,9.5,9.9,190.6,185.5,1015.4,1015.4,-5.68,377.24,-0.02,30.3597,12.294,429.9,55.4,1492.382, NAN, NAN, NAN, NAN,,2024/04/16 08:10:48.906,2024-04-16 08:10:48.906000+00:00
2024/04/16, 08:11:48.906,35.95,-74.845, 0.33,208.36,320.01,0.21,16.6,16.6,1013.3,1013.2,0.0,0.0,85.1,78.5,339,333,9.2,9.6,77.2,77.4,9.3,9.7,186.8,180.9,1015.4,1015.3,-5.39,375.83,-0.02,30.355,12.3328,429.7,55.4,1492.509, NAN, NAN, NAN, NAN,,2024/04/16 08:11:48.906,2024-04-16 08:11:48.906000+00:00
2024/04/16, 08:12:48.906,35.95,-74.845, 0.34,206.65,149.94,0.17,16.7,16.7,1013.1,1013.2,0.0,0.0,85.1,78.5,339,334,9.6,9.7,76.4,76.5,9.5,9.6,185.6,180.6,1015.2,1015.3,-5.41,375.99,-0.01,30.3694,12.3067,429.1,55.4,1492.437, NAN, NAN, NAN, NAN,,2024/04/16 08:12:48.906,2024-04-16 08:12:48.906000+00:00
2024/04/16, 08:13:48.906,35.95,-74.845, 0.34,208.45,346.75,0.29,16.7,16.7,1013.0,1013.0,0.0,0.0,85.1,78.5,339,334,9.8,10.0,76.7,76.8,9.8,10.0,188.3,183.3,1015.1,1015.1,-5.57,375.95,-0.01,30.3711,12.3254,429.9,55.4,1492.503, NAN, NAN, NAN, NAN,,2024/04/16 08:13:48.906,2024-04-16 08:13:48.906000+00:00
2024/04/16, 08:14:48.906,35.95,-74.845, 0.36,207.51,137.18,0.43,16.7,16.7,1013.2,1013.0,0.0,0.0,85.1,78.5,341,337,9.2,9.6,76.7,76.8,9.2,9.6,189.9,185.8,1015.3,1015.1,-5.49,374.96,-0.01,30.4749,12.3492,430.5,55.6,1492.708, NAN, NAN, NAN, NAN,,2024/04/16 08:14:48.906,2024-04-16 08:14:48.906000+00:00
2024/04/16, 08:15:48.906,35.95,-74.845, 0.37,208.83,175.37,0.24,16.7,16.7,1013.2,1013.0,0.0,0.0,85.1,78.5,337,331,9.6,10.3,76.7,76.7,9.5,10.2,185.9,179.9,1015.3,1015.1,-5.6,376.23,-0.01,30.3999,12.3615,429.7,55.6,1492.661, NAN, NAN, NAN, NAN,,2024/04/16 08:15:48.906,2024-04-16 08:15:48.906000+00:00
2024/04/16, 08:16:48.906,35.95,-74.845, 0.32,207.86,120.09,0.12,16.8,16.7,1012.9,1012.8,0.0,0.0,85.1,78.5,335,331,9.1,9.8,77.3,77.4,9.2,9.9,183.0,179.0,1015.0,1014.9,-5.63,374.63,-0.01,30.4026,12.3705,430.5,55.6,1492.695, NAN, NAN, NAN, NAN,,2024/04/16 08:16:48.906,2024-04-16 08:16:48.906000+00:00
2024/04/16, 08:17:48.906,35.95,-74.845, 0.35,209.32,109.94,0.48,16.8,16.8,1013.2,1012.8,0.0,0.0,85.1,78.5,333,328,9.0,10.4,77.0,77.1,9.0,10.3,183.9,178.6,1015.3,1014.9,-5.52,373.68,-0.01,30.4946,12.3501,431.2,55.6,1492.735, NAN, NAN, NAN, NAN,,2024/04/16 08:17:48.906,2024-04-16 08:17:48.906000+00:00
2024/04/16, 08:18:48.906,35.95,-74.845, 0.34,207.52,80.56,0.21,16.8,16.9,1012.8,1012.8,0.0,0.0,85.1,78.5,336,331,9.4,10.1,76.8,76.8,9.4,10.1,184.1,179.1,1014.9,1014.9,-5.61,373.7,-0.01,30.5701,12.3332,430.2,55.4,1492.766, NAN, NAN, NAN, NAN,,2024/04/16 08:18:48.906,2024-04-16 08:18:48.906000+00:00
2024/04/16, 08:19:48.906,35.95,-74.845, 0.39,207.57,112.27,0.67,16.9,16.9,1012.8,1012.8,0.0,0.0,85.1,78.5,335,330,9.4,10.2,77.0,77.1,9.3,10.0,184.5,179.3,1014.9,1014.9,-5.65,371.53,-0.01,30.7153,12.3362,429.7,55.4,1492.949, NAN, NAN, NAN, NAN,,2024/04/16 08:19:48.906,2024-04-16 08:19:48.906000+00:00
2024/04/16, 08:20:48.906,35.95,-74.845, 0.30,207.71,287.11,0.41,17.0,17.0,1012.8,1012.8,0.0,0.0,85.1,78.5,334,328,8.9,10.2,76.6,76.7,8.9,10.3,180.4,174.6,1014.9,1014.9,-5.58,369.79,-0.02,30.9384,12.3411,428.1,55.3,1493.231, NAN, NAN, NAN, NAN,,2024/04/16 08:20:48.906,2024-04-16 08:20:48.906000+00:00
2024/04/16, 08:21:48.906,35.95,-74.845, 0.34,208.15,270.05,0.19,17.0,17.0,1012.8,1012.8,0.0,0.0,85.1,78.5,331,327,8.9,10.6,76.2,76.3,9.0,10.7,178.7,174.8,1014.9,1014.9,-5.49,367.65,-0.01,30.9598,12.335,429.4,54.5,1493.236, NAN, NAN, NAN, NAN,,2024/04/16 08:21:48.906,2024-04-16 08:21:48.906000+00:00
2024/04/16, 08:22:48.906,35.95,-74.845, 0.23,209.96,288.34,0.46,17.1,17.0,1012.7,1012.7,0.0,0.0,85.1,78.5,329,326,9.0,10.8,76.1,76.3,9.1,10.9,177.6,174.9,1014.8,1014.8,-5.71,366.05,-0.01,30.9473,12.3587,429.4,53.8,1493.302, NAN, NAN, NAN, NAN,,2024/04/16 08:22:48.906,2024-04-16 08:22:48.906000+00:00
2024/04/16, 08:23:48.907,35.95,-74.845, 0.29,208.82,311.27,0.29,17.1,17.1,1013.0,1012.7,0.0,0.0,85.1,78.5,331,326,8.6,10.1,76.6,76.6,8.7,10.2,179.0,174.1,1015.1,1014.8,-5.7,362.6,-0.02,30.8578,12.3595,430.5,53.8,1493.199, NAN, NAN, NAN, NAN,,2024/04/16 08:23:48.907,2024-04-16 08:23:48.907000+00:00
2024/04/16, 08:24:48.907,35.95,-74.845, 0.42,207.4,96.83,0.39,17.0,17.0,1012.7,1012.8,0.0,0.0,85.1,78.5,332,329,7.8,8.7,76.2,76.3,7.8,8.7,180.9,177.7,1014.8,1014.9,-5.9,359.99,-0.02,30.7481,12.3407,433.2,53.8,1493.004, NAN, NAN, NAN, NAN,,2024/04/16 08:24:48.907,2024-04-16 08:24:48.907000+00:00
2024/04/16, 08:25:48.907,35.95,-74.845, 0.40,209.27,80.82,0.66,16.9,16.9,1012.9,1012.8,0.0,0.0,85.1,78.5,334,331,7.2,8.2,76.7,76.6,7.2,8.2,186.0,182.6,1015.0,1014.9,-6.17,358.26,-0.02,30.7469,12.3403,433.1,54.1,1493.001, NAN, NAN, NAN, NAN,,2024/04/16 08:25:48.907,2024-04-16 08:25:48.907000+00:00
2024/04/16, 08:26:48.907,35.95,-74.845, 0.27,209.42,16.62,0.15,16.9,16.8,1012.7,1013.0,0.0,0.0,85.1,78.5,334,330,7.7,8.3,76.9,77.5,7.7,8.3,184.0,179.9,1014.8,1015.1,-6.33,356.82,-0.02,30.7661,12.3202,431.5,53.8,1492.955, NAN, NAN, NAN, NAN,,2024/04/16 08:26:48.907,2024-04-16 08:26:48.907000+00:00
2024/04/16, 08:27:48.907,35.95,-74.845, 0.34,208.94,307.27,0.24,16.6,16.7,1013.0,1013.0,0.0,0.0,85.1,78.5,337,330,7.6,8.1,78.2,78.2,7.7,8.2,185.2,178.3,1015.1,1015.1,-6.54,356.26,-0.02,30.7884,12.3193,433.2,53.9,1492.978, NAN, NAN, NAN, NAN,,2024/04/16 08:27:48.907,2024-04-16 08:27:48.907000+00:00
2024/04/16, 08:28:48.907,35.95,-74.845, 0.35,208.11,106.5,0.06,16.5,16.6,1013.0,1013.0,0.0,0.0,85.1,78.5,336,331,8.6,9.1,78.9,78.9,8.6,9.1,183.9,178.9,1015.1,1015.1,-6.5,356.22,-0.02,30.8107,12.3131,432.4,54.0,1492.984, NAN, NAN, NAN, NAN,,2024/04/16 08:28:48.907,2024-04-16 08:28:48.907000+00:00
2024/04/16, 08:29:48.907,35.95,-74.845, 0.30,209.13,297.06,0.31,16.6,16.6,1012.9,1012.9,0.0,0.0,85.1,78.5,333,328,9.1,10.4,79.6,79.6,9.1,10.4,183.1,178.0,1015.0,1015.0,-6.45,356.71,-0.01,30.8615,12.2743,432.1,55.4,1492.911, NAN, NAN, NAN, NAN,,2024/04/16 08:29:48.907,2024-04-16 08:29:48.907000+00:00
2024/04/16, 08:30:48.907,35.95,-74.845, 0.41,207.54,115.55,0.04,16.7,16.7,1012.8,1012.8,0.0,0.0,85.1,78.5,332,328,9.2,10.0,79.7,79.8,9.2,10.0,179.5,175.5,1014.9,1014.9,-6.36,355.55,-0.01,30.9286,12.2533,431.2,55.4,1492.919, NAN, NAN, NAN, NAN,,2024/04/16 08:30:48.907,2024-04-16 08:30:48.907000+00:00
2024/04/16, 08:31:48.907,35.95,-74.845, 0.27,207.67,249.9,0.41,16.7,16.7,1012.7,1012.9,0.0,0.0,85.1,78.5,332,327,9.3,10.4,79.2,79.2,9.3,10.4,178.4,173.5,1014.8,1015.0,-6.26,355.36,-0.01,30.9583,12.2703,430.8,55.6,1493.012, NAN, NAN, NAN, NAN,,2024/04/16 08:31:48.907,2024-04-16 08:31:48.907000+00:00
2024/04/16, 08:32:48.907,35.95,-74.845, 0.33,208.31,210.45,0.26,16.8,16.8,1012.8,1012.6,0.0,0.0,85.1,78.5,330,326,9.5,10.7,79.5,79.5,9.4,10.6,178.7,174.6,1014.9,1014.7,-6.22,355.38,-0.01,30.8534,12.2706,429.9,55.4,1492.889, NAN, NAN, NAN, NAN,,2024/04/16 08:32:48.907,2024-04-16 08:32:48.907000+00:00
2024/04/16, 08:33:48.907,35.95,-74.845, 0.37,206.94,187.0,0.24,16.8,16.8,1012.8,1012.7,0.0,0.0,85.1,78.5,331,328,9.4,10.7,79.4,79.5,9.4,10.7,177.2,174.3,1014.9,1014.8,-6.26,354.96,-0.01,30.7194,12.2388,431.8,55.7,1492.62, NAN, NAN, NAN, NAN,,2024/04/16 08:33:48.907,2024-04-16 08:33:48.907000+00:00
2024/04/16, 08:34:48.907,35.95,-74.845, 0.33,207.78,339.69,0.26,16.8,16.8,1013.0,1012.8,0.0,0.0,85.1,78.5,335,330,8.9,9.9,79.3,79.5,8.9,10.0,182.0,177.1,1015.1,1014.9,-6.21,354.52,-0.01,30.6305,12.2488,431.8,55.7,1492.549, NAN, NAN, NAN, NAN,,2024/04/16 08:34:48.907,2024-04-16 08:34:48.907000+00:00
2024/04/16, 08:35:48.907,35.95,-74.845, 0.25,207.35,142.39,0.46,16.8,16.8,1013.3,1012.9,0.0,0.0,85.1,78.5,344,339,8.7,8.6,79.4,79.4,8.6,8.4,192.6,187.5,1015.4,1015.0,-6.23,354.85,-0.02,30.5872,12.2613,431.2,55.6,1492.54, NAN, NAN, NAN, NAN,,2024/04/16 08:35:48.907,2024-04-16 08:35:48.907000+00:00
2024/04/16, 08:36:48.907,35.95,-74.845, 0.25,208.96,307.77,0.4,16.8,16.8,1013.3,1013.2,0.0,0.0,85.1,78.5,350,344,8.5,8.5,79.5,79.5,8.6,8.6,197.8,191.9,1015.4,1015.3,-6.31,354.12,-0.01,30.5165,12.2527,432.1,55.9,1492.426, NAN, NAN, NAN, NAN,,2024/04/16 08:36:48.907,2024-04-16 08:36:48.907000+00:00
2024/04/16, 08:37:48.907,35.95,-74.845, 0.38,208.56,308.48,0.22,16.7,16.8,1013.3,1013.3,0.0,0.0,85.1,78.5,349,344,8.3,8.7,79.4,79.5,8.4,8.8,198.0,193.0,1015.4,1015.4,-6.32,354.26,-0.01,30.501,12.2561,433.2,55.8,1492.42, NAN, NAN, NAN, NAN,,2024/04/16 08:37:48.907,2024-04-16 08:37:48.907000+00:00
2024/04/16, 08:38:48.907,35.95,-74.845, 0.19,210.47,306.78,0.59,16.7,16.7,1013.3,1013.3,0.0,0.0,85.1,78.5,353,348,8.0,7.8,80.0,79.9,8.1,7.9,201.5,196.5,1015.4,1015.4,-6.35,352.8,-0.02,30.4536,12.1473,433.6,55.7,1491.989, NAN, NAN, NAN, NAN,,2024/04/16 08:38:48.907,2024-04-16 08:38:48.907000+00:00
2024/04/16, 08:39:48.908,35.95,-74.845, 0.44,207.63,109.66,0.11,16.6,16.7,1013.4,1013.4,0.0,0.0,85.1,78.5,359,354,8.2,8.1,79.6,79.7,8.2,8.1,206.3,201.3,1015.5,1015.5,-6.41,353.31,-0.01,30.4221,12.1739,433.6,55.6,1492.043, NAN, NAN, NAN, NAN,,2024/04/16 08:39:48.908,2024-04-16 08:39:48.908000+00:00
2024/04/16, 08:40:48.908,35.95,-74.845, 0.09,210.0,347.98,0.13,16.5,16.5,1013.5,1013.4,0.0,0.0,85.1,78.5,355,348,8.6,8.5,80.1,80.1,8.7,8.6,204.7,197.8,1015.6,1015.5,-6.53,355.53,-0.01,30.4204,12.1946,432.8,55.8,1492.112, NAN, NAN, NAN, NAN,,2024/04/16 08:40:48.908,2024-04-16 08:40:48.908000+00:00
2024/04/16, 08:41:48.908,35.95,-74.845, 0.47,207.28,264.42,0.49,16.5,16.5,1013.4,1013.4,0.0,0.0,85.1,78.5,359,352,9.2,9.1,81.1,81.2,9.1,9.1,204.8,197.7,1015.5,1015.5,-6.45,355.93,-0.01,30.4114,12.1452,433.1,55.8,1491.931, NAN, NAN, NAN, NAN,,2024/04/16 08:41:48.908,2024-04-16 08:41:48.908000+00:00
2024/04/16, 08:42:48.908,35.95,-74.845, 0.31,206.85,116.2,0.34,16.8,16.7,1013.4,1013.3,0.0,0.0,85.1,78.5,0,354,9.0,8.9,80.3,80.8,9.0,8.9,208.0,202.0,1015.5,1015.4,-6.32,354.71,-0.02,30.4033,12.1218,433.6,55.7,1491.841, NAN, NAN, NAN, NAN,,2024/04/16 08:42:48.908,2024-04-16 08:42:48.908000+00:00
2024/04/16, 08:43:48.908,35.95,-74.845, 0.33,208.4,262.23,0.46,16.9,16.8,1013.4,1013.3,0.0,0.0,85.1,78.5,356,350,8.0,8.0,79.6,79.8,8.0,8.0,202.7,196.7,1015.5,1015.4,-6.16,354.88,-0.01,30.4311,12.0419,433.1,55.8,1491.598, NAN, NAN, NAN, NAN,,2024/04/16 08:43:48.908,2024-04-16 08:43:48.908000+00:00
2024/04/16, 08:44:48.908,35.95,-74.845, 0.34,208.11,83.28,0.2,16.9,16.9,1013.4,1013.3,0.0,0.0,85.1,78.5,358,353,7.6,7.5,79.5,79.6,7.6,7.5,206.9,201.9,1015.5,1015.4,-6.14,353.67,-0.02,30.4558,12.0669,433.1,55.7,1491.714, NAN, NAN, NAN, NAN,,2024/04/16 08:44:48.908,2024-04-16 08:44:48.908000+00:00
2024/04/16, 08:45:48.908,35.95,-74.845, 0.24,207.82,120.38,0.24,16.9,16.9,1013.3,1013.6,0.0,0.0,85.1,78.5,359,355,6.8,6.6,78.9,79.1,6.8,6.6,207.9,203.9,1015.4,1015.7,-6.24,352.83,-0.02,30.4488,12.1792,433.6,55.6,1492.093, NAN, NAN, NAN, NAN,,2024/04/16 08:45:48.908,2024-04-16 08:45:48.908000+00:00
2024/04/16, 08:46:48.908,35.95,-74.845, 0.33,208.36,273.7,0.04,16.8,16.8,1013.5,1013.4,0.0,0.0,85.1,78.5,357,352,6.6,6.7,79.2,79.1,6.6,6.7,205.5,200.5,1015.6,1015.5,-6.45,353.73,-0.01,30.5283,12.2004,433.2,55.7,1492.261, NAN, NAN, NAN, NAN,,2024/04/16 08:46:48.908,2024-04-16 08:46:48.908000+00:00
2024/04/16, 08:47:48.908,35.95,-74.845, 0.19,209.29,54.53,0.36,16.6,16.7,1013.6,1013.5,0.0,0.0,85.1,78.5,357,353,6.2,6.1,80.2,80.2,6.3,6.2,207.5,203.6,1015.7,1015.6,-6.53,353.39,-0.01,30.5318,12.0556,433.2,55.6,1491.766, NAN, NAN, NAN, NAN,,2024/04/16 08:47:48.908,2024-04-16 08:47:48.908000+00:00
2024/04/16, 08:48:48.908,35.95,-74.845, 0.43,208.17,17.37,0.18,16.5,16.6,1013.5,1013.5,0.0,0.0,85.1,78.5,356,352,6.2,6.2,80.9,80.8,6.3,6.3,204.6,200.7,1015.6,1015.6,-6.62,354.16,-0.02,30.5511,11.9373,435.2,55.7,1491.38, NAN, NAN, NAN, NAN,,2024/04/16 08:48:48.908,2024-04-16 08:48:48.908000+00:00
2024/04/16, 08:49:48.908,35.95,-74.845, 0.35,206.14,114.92,0.37,16.4,16.5,1013.5,1013.7,0.0,0.0,85.1,78.5,358,351,6.6,6.3,81.6,81.6,6.6,6.3,205.8,198.9,1015.6,1015.8,-6.68,354.01,-0.01,30.7943,11.9859,433.6,55.7,1491.838, NAN, NAN, NAN, NAN,,2024/04/16 08:49:48.908,2024-04-16 08:49:48.908000+00:00
2024/04/16, 08:50:48.908,35.95,-74.845, 0.34,208.66,101.52,0.32,16.4,16.4,1013.6,1013.4,0.0,0.0,85.1,78.5,354,349,6.0,5.9,82.2,82.0,6.1,6.0,203.8,198.9,1015.7,1015.5,-6.81,355.2,-0.01,30.8763,12.0985,433.9,55.8,1492.324, NAN, NAN, NAN, NAN,,2024/04/16 08:50:48.908,2024-04-16 08:50:48.908000+00:00
2024/04/16, 08:51:48.908,35.95,-74.845, 0.38,207.94,172.95,0.35,16.4,16.4,1013.6,1013.6,0.0,0.0,85.1,78.5,351,346,6.0,5.9,82.9,82.9,5.9,5.8,200.2,195.1,1015.7,1015.7,-6.81,354.91,-0.01,30.8428,12.1355,435.5,55.7,1492.412, NAN, NAN, NAN, NAN,,2024/04/16 08:51:48.908,2024-04-16 08:51:48.908000+00:00
2024/04/16, 08:52:48.908,35.95,-74.845, 0.30,208.2,110.25,0.45,16.4,16.4,1013.6,1013.3,0.0,0.0,85.1,78.5,350,344,5.8,5.5,82.9,82.8,5.7,5.4,200.4,194.5,1015.7,1015.4,-6.72,354.61,-0.02,30.7444,12.1084,434.2,55.4,1492.201, NAN, NAN, NAN, NAN,,2024/04/16 08:52:48.908,2024-04-16 08:52:48.908000+00:00
2024/04/16, 08:53:48.908,35.95,-74.845, 0.22,208.34,167.37,0.25,16.4,16.4,1013.6,1013.5,0.0,0.0,85.1,78.5,352,346,5.7,5.5,82.9,82.8,5.6,5.4,201.2,195.1,1015.7,1015.6,-6.74,354.7,-0.02,30.5764,12.1844,433.2,55.7,1492.263, NAN, NAN, NAN, NAN,,2024/04/16 08:53:48.908,2024-04-16 08:53:48.908000+00:00
2024/04/16, 08:54:48.908,35.95,-74.845, 0.25,208.04,23.46,0.27,16.4,16.4,1013.6,1013.4,0.0,0.0,85.1,78.5,348,344,5.5,5.8,83.2,83.2,5.6,5.9,195.2,191.4,1015.7,1015.5,-6.7,355.3,-0.01,30.539,12.2814,432.8,55.6,1492.552, NAN, NAN, NAN, NAN,,2024/04/16 08:54:48.908,2024-04-16 08:54:48.908000+00:00
2024/04/16, 08:55:48.909,35.95,-74.845, 0.35,207.77,216.27,0.18,16.4,16.4,1013.6,1013.6,0.0,0.0,85.1,78.5,349,344,5.8,5.7,84.1,84.0,5.7,5.6,197.2,192.2,1015.7,1015.7,-6.77,356.22,-0.01,30.7534,12.2066,433.9,55.7,1492.55, NAN, NAN, NAN, NAN,,2024/04/16 08:55:48.909,2024-04-16 08:55:48.909000+00:00
2024/04/16, 08:56:48.909,35.95,-74.845, 0.36,208.2,164.2,0.16,16.4,16.4,1013.6,1013.5,0.0,0.0,85.1,78.5,351,345,5.7,5.8,84.3,84.3,5.6,5.7,199.7,193.7,1015.7,1015.6,-6.68,356.12,-0.01,30.766,12.0834,432.1,55.8,1492.141, NAN, NAN, NAN, NAN,,2024/04/16 08:56:48.909,2024-04-16 08:56:48.909000+00:00
2024/04/16, 08:57:48.909,35.95,-74.845, 0.26,207.13,260.02,0.09,16.4,16.4,1013.6,1013.5,0.0,0.0,85.1,78.5,353,348,5.5,5.5,84.4,84.4,5.5,5.5,199.7,194.8,1015.7,1015.6,-6.69,354.76,-0.02,30.7988,11.9001,431.5,55.8,1491.546, NAN, NAN, NAN, NAN,,2024/04/16 08:57:48.909,2024-04-16 08:57:48.909000+00:00
2024/04/16, 08:58:48.909,35.95,-74.845, 0.21,209.27,65.92,0.27,16.4,16.4,1013.6,1013.6,0.0,0.0,85.1,78.5,353,349,5.9,5.8,83.8,84.4,6.0,5.9,203.3,199.4,1015.7,1015.7,-6.69,355.07,-0.01,30.8824,11.7067,431.5,55.9,1490.975, NAN, NAN, NAN, NAN,,2024/04/16 08:58:48.909,2024-04-16 08:58:48.909000+00:00
2024/04/16, 08:59:48.909,35.95,-74.845, 0.44,206.38,232.6,0.44,16.3,16.3,1013.6,1013.7,0.0,0.0,85.1,78.5,357,351,5.7,5.2,84.5,84.4,5.6,5.1,201.6,195.2,1015.7,1015.8,-6.73,354.93,-0.01,31.0318,11.672,432.1,56.0,1491.033, NAN, NAN, NAN, NAN,,2024/04/16 08:59:48.909,2024-04-16 08:59:48.909000+00:00
2024/04/16, 09:00:48.909,35.95,-74.845, 0.30,207.98,109.71,0.61,16.2,16.2,1013.6,1013.5,0.0,0.0,85.1,78.5,356,353,6.2,6.0,85.0,84.9,6.2,6.0,206.9,204.0,1015.7,1015.6,-6.81,354.39,-0.01,31.0285,11.6652,430.8,55.9,1491.005, NAN, NAN, NAN, NAN,,2024/04/16 09:00:48.909,2024-04-16 09:00:48.909000+00:00
2024/04/16, 09:01:48.909,35.95,-74.845, 0.16,209.31,107.94,0.14,16.1,16.2,1013.6,1013.6,0.0,0.0,85.1,78.5,357,353,6.5,6.3,85.0,85.1,6.6,6.4,206.1,202.1,1015.7,1015.7,-6.83,355.72,-0.01,31.1292,11.7216,433.1,56.0,1491.322, NAN, NAN, NAN, NAN,,2024/04/16 09:01:48.909,2024-04-16 09:01:48.909000+00:00
2024/04/16, 09:02:48.909,35.95,-74.845, 0.49,208.15,98.09,0.34,16.1,16.1,1013.6,1013.6,0.0,0.0,85.1,78.5,358,353,6.9,6.6,86.2,86.1,6.9,6.6,207.5,202.6,1015.7,1015.7,-6.74,355.35,-0.02,31.0759,11.7552,432.8,55.9,1491.375, NAN, NAN, NAN, NAN,,2024/04/16 09:02:48.909,2024-04-16 09:02:48.909000+00:00
2024/04/16, 09:03:48.909,35.95,-74.845, 0.33,207.7,282.1,0.44,16.1,16.1,1013.6,1013.6,0.0,0.0,85.1,78.5,1,356,7.5,7.4,86.2,86.1,7.5,7.4,207.0,201.9,1015.7,1015.7,-6.69,356.83,-0.02,30.9055,11.761,431.8,55.9,1491.191, NAN, NAN, NAN, NAN,,2024/04/16 09:03:48.909,2024-04-16 09:03:48.909000+00:00
2024/04/16, 09:04:48.909,35.95,-74.845, 0.29,207.98,94.15,0.06,16.1,16.1,1013.8,1013.6,0.0,0.0,85.1,78.5,3,357,7.4,7.2,87.2,87.4,7.4,7.2,210.9,204.8,1015.9,1015.7,-6.59,356.81,-0.01,30.8509,11.6717,433.6,56.2,1490.815, NAN, NAN, NAN, NAN,,2024/04/16 09:04:48.909,2024-04-16 09:04:48.909000+00:00
2024/04/16, 09:05:48.909,35.95,-74.845, 0.35,207.65,104.83,0.05,16.2,16.2,1013.6,1013.7,0.0,0.0,85.1,78.5,8,1,7.0,6.8,87.0,87.0,7.0,6.8,215.5,208.5,1015.7,1015.8,-6.5,355.86,-0.01,30.9083,11.5976,433.2,56.6,1490.626, NAN, NAN, NAN, NAN,,2024/04/16 09:05:48.909,2024-04-16 09:05:48.909000+00:00
2024/04/16, 09:06:48.909,35.95,-74.845, 0.40,208.04,304.95,0.65,16.2,16.2,1013.7,1013.8,0.0,0.0,85.1,78.5,8,2,7.3,6.8,86.1,86.3,7.2,6.8,213.4,207.2,1015.8,1015.9,-6.46,356.43,-0.01,31.0318,11.6414,433.9,56.6,1490.926, NAN, NAN, NAN, NAN,,2024/04/16 09:06:48.909,2024-04-16 09:06:48.909000+00:00
2024/04/16, 09:07:48.909,35.95,-74.845, 0.40,208.24,167.3,0.27,16.1,16.2,1013.8,1013.7,0.0,0.0,85.1,78.5,8,3,7.7,7.7,86.8,86.5,7.6,7.6,216.7,211.6,1015.9,1015.8,-6.5,357.63,-0.01,31.0982,11.663,434.2,56.6,1491.081, NAN, NAN, NAN, NAN,,2024/04/16 09:07:48.909,2024-04-16 09:07:48.909000+00:00
2024/04/16, 09:08:48.909,35.95,-74.845, 0.30,208.43,130.63,0.16,16.2,16.2,1013.7,1013.6,0.0,0.0,85.1,78.5,6,0,7.6,7.2,87.7,87.8,7.6,7.2,215.0,209.1,1015.8,1015.7,-6.41,357.98,-0.01,31.0851,11.7437,433.6,56.7,1491.346, NAN, NAN, NAN, NAN,,2024/04/16 09:08:48.909,2024-04-16 09:08:48.909000+00:00
2024/04/16, 09:09:48.909,35.95,-74.845, 0.27,207.23,38.78,0.18,16.3,16.3,1013.6,1013.6,0.0,0.0,85.1,78.5,6,0,7.3,7.1,87.7,87.6,7.3,7.1,212.5,206.5,1015.7,1015.7,-6.4,357.85,-0.01,31.0805,11.8258,433.2,56.4,1491.625, NAN, NAN, NAN, NAN,,2024/04/16 09:09:48.909,2024-04-16 09:09:48.909000+00:00
2024/04/16, 09:10:48.909,35.95,-74.845, 0.37,209.53,344.54,0.27,16.3,16.3,1013.6,1013.7,0.0,0.0,85.1,78.5,5,0,7.8,7.5,87.0,87.8,7.9,7.6,213.6,208.6,1015.7,1015.8,-6.42,358.32,-0.01,31.0031,11.8832,433.2,56.7,1491.732, NAN, NAN, NAN, NAN,,2024/04/16 09:10:48.909,2024-04-16 09:10:48.909000+00:00
2024/04/16, 09:11:48.910,35.95,-74.845, 0.39,207.82,273.66,0.34,16.3,16.3,1013.6,1013.7,0.0,0.0,85.1,78.5,3,356,7.8,7.5,87.5,87.4,7.7,7.4,209.7,202.6,1015.7,1015.8,-6.42,359.06,-0.01,31.0191,11.8172,433.1,56.7,1491.522, NAN, NAN, NAN, NAN,,2024/04/16 09:11:48.910,2024-04-16 09:11:48.910000+00:00
2024/04/16, 09:12:48.910,35.95,-74.845, 0.24,209.66,309.48,0.1,16.4,16.4,1013.5,1013.7,0.0,0.0,85.1,78.5,3,358,7.7,7.6,87.5,87.7,7.7,7.6,212.8,207.8,1015.6,1015.8,-6.3,359.24,-0.01,30.9942,11.7755,431.8,56.3,1491.348, NAN, NAN, NAN, NAN,,2024/04/16 09:12:48.910,2024-04-16 09:12:48.910000+00:00
2024/04/16, 09:13:48.910,35.95,-74.845, 0.38,206.7,154.3,0.25,16.5,16.5,1013.6,1013.8,0.0,0.0,85.1,78.5,6,358,7.6,7.2,87.4,87.5,7.5,7.1,213.5,205.4,1015.7,1015.9,-6.3,358.01,-0.01,31.0993,11.7616,433.2,56.5,1491.425, NAN, NAN, NAN, NAN,,2024/04/16 09:13:48.910,2024-04-16 09:13:48.910000+00:00
2024/04/16, 09:14:48.910,35.95,-74.845, 0.34,207.32,140.45,0.18,16.5,16.5,1013.7,1013.6,0.0,0.0,85.1,78.5,6,0,8.3,8.1,86.4,86.4,8.2,8.0,213.7,207.7,1015.8,1015.7,-6.24,359.96,-0.01,31.137,11.8584,432.4,56.6,1491.806, NAN, NAN, NAN, NAN,,2024/04/16 09:14:48.910,2024-04-16 09:14:48.910000+00:00
2024/04/16, 09:15:48.910,35.95,-74.845, 0.33,208.84,64.49,0.24,16.5,16.5,1013.6,1013.6,0.0,0.0,85.1,78.5,5,359,8.1,7.8,87.7,87.8,8.1,7.8,214.7,208.7,1015.7,1015.7,-6.3,359.79,-0.02,31.2133,11.8502,432.4,56.6,1491.869, NAN, NAN, NAN, NAN,,2024/04/16 09:15:48.910,2024-04-16 09:15:48.910000+00:00
2024/04/16, 09:16:48.910,35.95,-74.845, 0.33,208.34,254.76,0.11,16.6,16.6,1013.6,1013.8,0.0,0.0,85.1,78.5,5,0,7.8,7.5,87.2,87.4,7.8,7.5,213.7,208.7,1015.7,1015.9,-6.29,358.98,-0.01,31.2131,11.7743,430.8,56.6,1491.605, NAN, NAN, NAN, NAN,,2024/04/16 09:16:48.910,2024-04-16 09:16:48.910000+00:00
2024/04/16, 09:17:48.910,35.95,-74.845, 0.28,208.33,328.79,0.06,16.6,16.6,1013.8,1013.7,0.0,0.0,85.1,78.5,9,3,7.2,7.0,86.6,86.7,7.2,7.0,217.4,211.3,1015.9,1015.8,-6.22,357.7,-0.01,31.1965,11.6991,431.5,56.9,1491.324, NAN, NAN, NAN, NAN,,2024/04/16 09:17:48.910,2024-04-16 09:17:48.910000+00:00
2024/04/16, 09:18:48.910,35.95,-74.845, 0.31,208.01,335.3,0.17,16.6,16.6,1013.9,1013.7,0.0,0.0,85.1,78.5,8,3,6.8,6.6,86.2,86.4,6.9,6.7,215.4,210.4,1016.0,1015.8,-6.3,356.87,-0.01,31.1782,11.629,432.8,56.9,1491.058, NAN, NAN, NAN, NAN,,2024/04/16 09:18:48.910,2024-04-16 09:18:48.910000+00:00
2024/04/16, 09:19:48.910,35.95,-74.845, 0.23,208.27,227.02,0.18,16.4,16.5,1013.8,1013.8,0.0,0.0,85.1,78.5,9,3,6.9,6.8,85.9,86.1,6.8,6.7,216.8,210.7,1015.9,1015.9,-6.33,357.33,-0.02,31.1674,11.6353,431.2,56.8,1491.067, NAN, NAN, NAN, NAN,,2024/04/16 09:19:48.910,2024-04-16 09:19:48.910000+00:00
2024/04/16, 09:20:48.910,35.95,-74.845, 0.34,208.15,237.81,0.1,16.3,16.4,1013.8,1013.7,0.0,0.0,85.1,78.5,5,359,6.9,6.7,86.8,86.9,6.9,6.7,212.7,206.7,1015.9,1015.8,-6.47,357.6,-0.02,31.1593,11.6818,432.8,57.0,1491.219, NAN, NAN, NAN, NAN,,2024/04/16 09:20:48.910,2024-04-16 09:20:48.910000+00:00
2024/04/16, 09:21:48.910,35.95,-74.845, 0.24,208.06,336.87,0.29,16.3,16.3,1013.8,1013.8,0.0,0.0,85.1,78.5,9,3,6.9,6.7,87.3,87.4,7.0,6.8,216.1,210.2,1015.9,1015.9,-6.54,357.55,-0.02,31.1041,11.7371,431.5,56.9,1491.346, NAN, NAN, NAN, NAN,,2024/04/16 09:21:48.910,2024-04-16 09:21:48.910000+00:00
2024/04/16, 09:22:48.910,35.95,-74.845, 0.31,207.48,81.15,0.23,16.2,16.3,1013.8,1014.0,0.0,0.0,85.1,78.5,7,1,7.2,7.1,87.4,87.6,7.3,7.2,215.0,209.1,1015.9,1016.1,-6.67,358.47,-0.01,31.0973,11.7867,432.1,56.6,1491.51, NAN, NAN, NAN, NAN,,2024/04/16 09:22:48.910,2024-04-16 09:22:48.910000+00:00
2024/04/16, 09:23:48.910,35.95,-74.845, 0.23,208.63,112.9,0.35,16.2,16.3,1013.8,1013.8,0.0,0.0,85.1,78.5,6,1,7.5,7.3,88.1,88.1,7.4,7.2,215.9,210.9,1015.9,1015.9,-6.55,359.09,-0.01,31.1184,11.7837,431.2,56.7,1491.525, NAN, NAN, NAN, NAN,,2024/04/16 09:23:48.910,2024-04-16 09:23:48.910000+00:00
2024/04/16, 09:24:48.910,35.95,-74.845, 0.27,208.78,247.35,0.3,16.3,16.3,1013.8,1013.8,0.0,0.0,85.1,78.5,8,1,7.2,7.1,88.4,88.1,7.1,7.0,216.3,209.2,1015.9,1015.9,-6.55,358.67,-0.02,31.1316,11.7567,430.5,56.8,1491.447, NAN, NAN, NAN, NAN,,2024/04/16 09:24:48.910,2024-04-16 09:24:48.910000+00:00
2024/04/16, 09:25:48.910,35.95,-74.845, 0.21,207.87,253.77,0.27,16.3,16.3,1013.8,1013.7,0.0,0.0,85.1,78.5,7,0,6.9,6.6,87.9,88.2,6.8,6.5,214.0,206.9,1015.9,1015.8,-6.42,358.68,-0.01,31.1751,11.7677,433.6,56.9,1491.537, NAN, NAN, NAN, NAN,,2024/04/16 09:25:48.910,2024-04-16 09:25:48.910000+00:00
2024/04/16, 09:26:48.910,35.95,-74.845, 0.20,207.81,56.72,0.38,16.3,16.3,1013.8,1013.8,0.0,0.0,85.1,78.5,10,5,6.6,6.4,87.7,87.9,6.8,6.6,218.6,213.7,1015.9,1015.9,-6.44,357.63,-0.02,31.2141,11.7433,431.8,56.8,1491.499, NAN, NAN, NAN, NAN,,2024/04/16 09:26:48.910,2024-04-16 09:26:48.910000+00:00
2024/04/16, 09:27:48.911,35.95,-74.845, 0.24,207.41,287.84,0.52,16.3,16.3,1014.0,1014.0,0.0,0.0,85.1,78.5,12,6,6.6,6.5,87.3,87.4,6.6,6.5,217.1,211.1,1016.1,1016.1,-6.45,357.8,-0.01,31.2738,11.7498,434.2,56.9,1491.593, NAN, NAN, NAN, NAN,,2024/04/16 09:27:48.911,2024-04-16 09:27:48.911000+00:00
2024/04/16, 09:28:48.911,35.95,-74.845, 0.18,209.55,71.74,0.33,16.2,16.3,1013.9,1013.9,0.0,0.0,85.1,78.5,9,5,6.9,6.6,87.6,87.7,7.0,6.7,219.6,215.7,1016.0,1016.0,-6.55,358.62,-0.01,31.2336,11.7563,431.2,57.0,1491.567, NAN, NAN, NAN, NAN,,2024/04/16 09:28:48.911,2024-04-16 09:28:48.911000+00:00
2024/04/16, 09:29:48.911,35.95,-74.845, 0.26,208.13,108.47,0.22,16.2,16.2,1013.9,1014.0,0.0,0.0,85.1,78.5,9,4,6.9,6.8,87.6,88.4,6.8,6.7,217.9,212.9,1016.0,1016.1,-6.53,358.51,-0.01,31.2041,11.7261,431.5,57.0,1491.427, NAN, NAN, NAN, NAN,,2024/04/16 09:29:48.911,2024-04-16 09:29:48.911000+00:00
2024/04/16, 09:30:48.911,35.95,-74.845, 0.12,208.77,168.76,0.32,16.3,16.3,1013.8,1014.0,0.0,0.0,85.1,78.5,10,4,6.7,6.8,88.4,88.5,6.5,6.6,218.6,212.4,1015.9,1016.1,-6.5,358.62,-0.02,31.2071,11.7018,431.8,57.0,1491.346, NAN, NAN, NAN, NAN,,2024/04/16 09:30:48.911,2024-04-16 09:30:48.911000+00:00
2024/04/16, 09:31:48.911,35.95,-74.845, 0.25,209.36,294.28,0.09,16.3,16.3,1013.9,1013.8,0.0,0.0,85.1,78.5,11,6,6.4,6.5,88.2,88.4,6.4,6.5,220.2,215.2,1016.0,1015.9,-6.48,358.07,-0.01,31.032,11.6968,432.4,57.0,1491.119, NAN, NAN, NAN, NAN,,2024/04/16 09:31:48.911,2024-04-16 09:31:48.911000+00:00
2024/04/16, 09:32:48.911,35.95,-74.845, 0.26,207.78,204.05,0.19,16.2,16.3,1014.0,1014.0,0.0,0.0,85.1,78.5,11,5,6.2,5.9,88.0,88.1,6.1,5.8,219.5,213.5,1016.1,1016.1,-6.51,358.2,-0.01,30.8729,11.7075,431.5,57.1,1490.966, NAN, NAN, NAN, NAN,,2024/04/16 09:32:48.911,2024-04-16 09:32:48.911000+00:00
2024/04/16, 09:33:48.911,35.95,-74.845, 0.24,208.36,146.52,0.32,16.2,16.3,1013.9,1014.0,0.0,0.0,85.1,78.5,17,12,6.0,6.0,88.0,88.1,6.0,6.0,226.9,221.9,1016.0,1016.1,-6.49,357.56,-0.01,30.8203,11.7023,431.5,57.2,1490.885, NAN, NAN, NAN, NAN,,2024/04/16 09:33:48.911,2024-04-16 09:33:48.911000+00:00
2024/04/16, 09:34:48.911,35.95,-74.845, 0.22,207.85,280.1,0.43,16.1,16.1,1014.3,1014.0,0.0,0.0,85.1,78.5,21,17,5.5,5.7,88.0,88.0,5.3,5.6,227.1,223.1,1016.4,1016.1,-6.61,357.31,-0.01,30.8425,11.7296,433.6,57.2,1491.007, NAN, NAN, NAN, NAN,,2024/04/16 09:34:48.911,2024-04-16 09:34:48.911000+00:00
2024/04/16, 09:35:48.911,35.95,-74.845, 0.20,208.44,283.36,0.37,16.0,16.0,1014.1,1014.1,0.0,0.0,85.1,78.5,32,26,5.1,5.6,88.3,88.3,5.0,5.5,238.5,232.6,1016.2,1016.2,-6.7,357.18,-0.01,30.7264,11.7983,432.8,57.2,1491.107, NAN, NAN, NAN, NAN,,2024/04/16 09:35:48.911,2024-04-16 09:35:48.911000+00:00
2024/04/16, 09:36:48.911,35.95,-74.845, 0.14,209.23,41.85,0.42,16.0,16.0,1014.1,1014.2,0.0,0.0,85.1,78.5,36,31,4.6,5.6,88.7,88.7,4.8,5.8,244.6,239.9,1016.2,1016.3,-6.74,357.52,-0.01,30.6751,11.9107,433.1,57.2,1491.435, NAN, NAN, NAN, NAN,,2024/04/16 09:36:48.911,2024-04-16 09:36:48.911000+00:00
2024/04/16, 09:37:48.911,35.95,-74.845, 0.28,208.1,354.32,0.08,15.9,16.0,1014.3,1014.3,0.0,0.0,85.1,78.5,31,28,4.6,5.5,89.3,89.3,4.6,5.5,238.7,235.7,1016.4,1016.4,-6.83,357.42,-0.01,30.6106,11.9604,433.2,57.1,1491.531, NAN, NAN, NAN, NAN,,2024/04/16 09:37:48.911,2024-04-16 09:37:48.911000+00:00
2024/04/16, 09:38:48.911,35.95,-74.845, 0.17,207.53,228.32,0.27,15.9,15.9,1014.0,1014.3,0.0,0.0,85.1,78.5,19,13,5.3,4.8,89.2,89.1,5.2,4.7,225.4,219.2,1016.1,1016.4,-6.86,358.49,-0.01,30.61,12.0248,433.9,57.0,1491.753, NAN, NAN, NAN, NAN,,2024/04/16 09:38:48.911,2024-04-16 09:38:48.911000+00:00
2024/04/16, 09:39:48.911,35.95,-74.845, 0.15,208.72,90.64,0.28,15.8,15.9,1014.1,1014.0,0.0,0.0,85.1,78.5,12,8,5.9,5.6,89.4,89.4,5.9,5.6,222.0,218.1,1016.2,1016.1,-6.99,359.91,-0.01,30.6251,12.097,433.9,57.1,1492.02, NAN, NAN, NAN, NAN,,2024/04/16 09:39:48.911,2024-04-16 09:39:48.911000+00:00
2024/04/16, 09:40:48.911,35.95,-74.845, 0.22,208.16,138.14,0.51,15.9,15.9,1014.0,1014.0,0.0,0.0,85.1,78.5,5,0,6.0,5.7,90.5,90.4,5.9,5.6,215.6,210.6,1016.1,1016.1,-6.85,359.8,-0.01,30.5417,12.1986,435.2,57.1,1492.27, NAN, NAN, NAN, NAN,,2024/04/16 09:40:48.911,2024-04-16 09:40:48.911000+00:00
2024/04/16, 09:41:48.911,35.95,-74.845, 0.17,207.41,77.88,0.14,16.0,15.9,1014.1,1014.0,0.0,0.0,85.1,78.5,9,4,6.3,6.1,90.4,90.5,6.4,6.2,216.1,211.1,1016.2,1016.1,-6.69,358.68,-0.01,30.478,12.2863,435.2,57.1,1492.496, NAN, NAN, NAN, NAN,,2024/04/16 09:41:48.911,2024-04-16 09:41:48.911000+00:00
2024/04/16, 09:42:48.911,35.95,-74.845, 0.21,207.34,137.98,0.27,15.9,15.9,1013.8,1014.0,0.0,0.0,85.1,78.5,13,7,8.7,8.2,89.0,88.9,8.7,8.1,221.2,215.2,1015.9,1016.1,-6.76,364.97,-0.01,30.4602,12.3445,432.8,57.2,1492.674, NAN, NAN, NAN, NAN,,2024/04/16 09:42:48.911,2024-04-16 09:42:48.911000+00:00
2024/04/16, 09:43:48.912,35.95,-74.845, 0.16,208.56,53.74,0.25,16.2,15.9,1013.8,1013.8,0.0,0.0,85.1,78.5,12,6,8.9,8.7,93.3,89.2,8.9,8.7,221.4,215.4,1015.9,1015.9,-6.51,367.12,-0.01,30.4428,12.3762,435.5,57.3,1492.762, NAN, NAN, NAN, NAN,,2024/04/16 09:43:48.912,2024-04-16 09:43:48.912000+00:00
2024/04/16, 09:44:48.912,35.95,-74.845, 0.11,207.77,62.96,0.3,16.7,16.6,1014.0,1014.0,0.0,0.0,85.1,78.5,11,5,8.5,8.0,92.4,92.9,8.6,8.1,218.0,212.0,1016.1,1016.1,-6.24,364.83,-0.0,30.4295,12.398,433.2,57.2,1492.821, NAN, NAN, NAN, NAN,,2024/04/16 09:44:48.912,2024-04-16 09:44:48.912000+00:00
2024/04/16, 09:45:48.912,35.95,-74.845, 0.11,209.69,86.09,0.18,16.9,16.9,1014.1,1014.1,0.0,0.0,85.1,78.5,12,3,7.5,7.3,88.8,89.2,7.5,7.3,221.0,212.1,1016.2,1016.2,-5.8,361.81,-0.0,30.4281,12.4066,433.6,57.2,1492.849, NAN, NAN, NAN, NAN,,2024/04/16 09:45:48.912,2024-04-16 09:45:48.912000+00:00
2024/04/16, 09:46:48.912,35.95,-74.845, 0.29,206.92,236.77,0.1,16.9,16.9,1014.1,1014.1,0.0,0.0,85.1,78.5,9,2,6.5,6.6,86.7,87.1,6.4,6.5,215.9,208.9,1016.2,1016.2,-5.68,360.58,-0.0,30.5201,12.4069,434.8,57.3,1492.959, NAN, NAN, NAN, NAN,,2024/04/16 09:46:48.912,2024-04-16 09:46:48.912000+00:00
2024/04/16, 09:47:48.912,35.95,-74.845, 0.17,207.46,236.73,0.4,16.8,16.8,1014.0,1013.9,0.0,0.0,85.1,78.5,3,356,6.8,6.5,86.1,86.4,6.7,6.4,209.1,201.9,1016.1,1016.0,-5.85,361.3,0.01,30.4878,12.3984,433.2,57.3,1492.892, NAN, NAN, NAN, NAN,,2024/04/16 09:47:48.912,2024-04-16 09:47:48.912000+00:00
2024/04/16, 09:48:48.912,35.95,-74.845, 0.20,208.65,307.58,0.45,16.8,16.8,1014.0,1014.0,0.0,0.0,85.1,78.5,8,1,7.2,6.9,86.4,86.7,7.2,6.9,214.8,207.7,1016.1,1016.1,-5.96,363.14,0.01,30.4578,12.4113,433.9,57.3,1492.9, NAN, NAN, NAN, NAN,,2024/04/16 09:48:48.912,2024-04-16 09:48:48.912000+00:00
2024/04/16, 09:49:48.912,35.95,-74.845, 0.29,207.56,149.63,0.07,16.8,16.8,1014.1,1014.3,0.0,0.0,85.1,78.5,14,12,7.2,6.5,88.0,88.2,7.2,6.5,221.6,219.6,1016.2,1016.4,-6.11,362.49,0.02,30.5302,12.4217,435.2,57.2,1493.022, NAN, NAN, NAN, NAN,,2024/04/16 09:49:48.912,2024-04-16 09:49:48.912000+00:00
2024/04/16, 09:50:48.912,35.95,-74.845, 0.17,208.12,354.2,0.22,16.8,16.8,1014.4,1014.2,0.0,0.0,85.1,78.5,22,17,5.3,5.0,87.5,87.5,5.4,5.1,230.5,225.6,1016.5,1016.3,-6.13,359.57,0.03,30.4779,12.422,432.8,57.1,1492.961, NAN, NAN, NAN, NAN,,2024/04/16 09:50:48.912,2024-04-16 09:50:48.912000+00:00
2024/04/16, 09:51:48.912,35.95,-74.845, 0.23,208.95,336.33,0.1,16.7,16.7,1014.5,1014.4,0.0,0.0,85.1,78.5,32,27,3.9,4.9,86.3,86.3,3.9,4.9,240.2,235.4,1016.6,1016.5,-6.24,357.03,0.04,30.4406,12.4176,433.2,57.2,1492.902, NAN, NAN, NAN, NAN,,2024/04/16 09:51:48.912,2024-04-16 09:51:48.912000+00:00
2024/04/16, 09:52:48.912,35.95,-74.845, 0.20,208.55,19.52,0.19,16.4,16.5,1014.2,1014.4,0.0,0.0,85.1,78.5,37,30,4.0,5.4,85.7,85.8,4.1,5.5,245.9,238.9,1016.3,1016.5,-6.53,357.06,0.05,30.4225,12.4136,435.8,57.4,1492.866, NAN, NAN, NAN, NAN,,2024/04/16 09:52:48.912,2024-04-16 09:52:48.912000+00:00
2024/04/16, 09:53:48.912,35.95,-74.845, 0.30,206.98,114.35,0.4,16.2,16.2,1014.4,1014.5,0.0,0.0,85.1,78.5,39,34,4.3,5.8,86.6,86.5,4.5,5.9,247.7,242.4,1016.5,1016.6,-6.77,356.51,0.07,30.4029,12.4132,435.8,57.3,1492.842, NAN, NAN, NAN, NAN,,2024/04/16 09:53:48.912,2024-04-16 09:53:48.912000+00:00
2024/04/16, 09:54:48.912,35.95,-74.845, 0.22,208.87,323.36,0.24,16.0,16.0,1014.5,1014.4,0.0,0.0,85.1,78.5,40,34,4.4,5.8,87.7,87.6,4.4,5.8,247.3,241.7,1016.6,1016.5,-7.17,356.51,0.09,30.3977,12.4172,436.9,57.5,1492.849, NAN, NAN, NAN, NAN,,2024/04/16 09:54:48.912,2024-04-16 09:54:48.912000+00:00
2024/04/16, 09:55:48.912,35.95,-74.845, 0.09,208.86,243.96,0.17,15.8,15.9,1014.4,1014.5,0.0,0.0,85.1,78.5,38,29,4.6,5.0,88.5,88.4,4.6,5.0,247.8,238.8,1016.5,1016.6,-7.27,358.64,0.11,30.3949,12.4214,434.8,57.3,1492.86, NAN, NAN, NAN, NAN,,2024/04/16 09:55:48.912,2024-04-16 09:55:48.912000+00:00
2024/04/16, 09:56:48.912,35.95,-74.845, 0.41,207.2,125.29,0.37,15.8,15.8,1014.5,1014.3,0.0,0.0,85.1,78.5,29,22,5.1,4.9,88.5,90.2,5.1,4.9,238.3,231.4,1016.6,1016.4,-7.35,360.26,0.14,30.3905,12.4252,437.2,57.3,1492.868, NAN, NAN, NAN, NAN,,2024/04/16 09:56:48.912,2024-04-16 09:56:48.912000+00:00
2024/04/16, 09:57:48.912,35.95,-74.845, 0.22,208.33,52.66,0.45,15.9,15.9,1014.4,1014.4,0.0,0.0,85.1,78.5,17,13,5.7,5.3,91.6,91.6,5.9,5.5,225.2,221.4,1016.5,1016.5,-7.15,361.31,0.19,30.3905,12.4251,436.4,57.5,1492.868, NAN, NAN, NAN, NAN,,2024/04/16 09:57:48.912,2024-04-16 09:57:48.912000+00:00
2024/04/16, 09:58:48.913,35.95,-74.845, 0.10,209.61,252.44,0.35,15.9,16.0,1014.3,1014.4,0.0,0.0,85.1,78.5,13,10,6.0,5.8,91.7,91.5,5.8,5.6,222.7,219.6,1016.4,1016.5,-6.95,362.6,0.24,30.3882,12.428,436.4,57.1,1492.875, NAN, NAN, NAN, NAN,,2024/04/16 09:58:48.913,2024-04-16 09:58:48.913000+00:00
2024/04/16, 09:59:48.913,35.95,-74.845, 0.09,207.02,356.92,0.31,16.2,16.2,1014.3,1014.4,0.0,0.0,85.1,78.5,23,15,5.9,5.6,91.5,91.7,6.1,5.8,230.3,222.5,1016.4,1016.5,-6.66,361.99,0.3,30.3863,12.4314,434.5,57.2,1492.884, NAN, NAN, NAN, NAN,,2024/04/16 09:59:48.913,2024-04-16 09:59:48.913000+00:00
2024/04/16, 10:00:48.913,35.95,-74.845, 0.17,208.44,47.73,0.45,16.4,16.2,1014.3,1014.3,0.0,0.0,85.1,78.5,16,14,7.0,6.6,90.3,91.7,7.2,6.8,225.7,223.8,1016.4,1016.4,-6.47,363.3,0.38,30.386,12.4339,437.2,57.4,1492.893, NAN, NAN, NAN, NAN,,2024/04/16 10:00:48.913,2024-04-16 10:00:48.913000+00:00
2024/04/16, 10:01:48.913,35.95,-74.845, 0.12,207.15,80.4,0.28,16.5,16.5,1014.4,1014.4,0.0,0.0,85.1,78.5,15,11,6.0,6.4,90.1,90.3,6.1,6.5,222.5,218.6,1016.5,1016.5,-6.27,362.0,0.47,30.3863,12.4331,436.9,57.4,1492.89, NAN, NAN, NAN, NAN,,2024/04/16 10:01:48.913,2024-04-16 10:01:48.913000+00:00
2024/04/16, 10:02:48.913,35.95,-74.845, 0.18,207.65,317.62,0.13,16.6,16.5,1014.4,1014.4,0.0,0.0,85.1,78.5,12,7,6.8,6.3,88.8,89.1,6.9,6.4,219.3,214.3,1016.5,1016.5,-6.17,361.96,0.61,30.3856,12.4271,437.2,57.6,1492.869, NAN, NAN, NAN, NAN,,2024/04/16 10:02:48.913,2024-04-16 10:02:48.913000+00:00
2024/04/16, 10:03:48.913,35.95,-74.845, 0.16,208.11,288.29,0.14,16.6,16.6,1014.4,1014.4,0.0,0.0,85.1,78.5,15,11,6.3,6.0,88.4,88.8,6.3,6.0,222.6,218.6,1016.5,1016.5,-6.14,362.2,0.76,30.39,12.4212,435.8,57.4,1492.854, NAN, NAN, NAN, NAN,,2024/04/16 10:03:48.913,2024-04-16 10:03:48.913000+00:00
2024/04/16, 10:04:48.913,35.95,-74.845, 0.12,209.16,103.03,0.72,16.6,16.6,1014.4,1014.4,0.0,0.0,85.1,78.5,16,9,5.8,5.9,88.5,88.8,5.9,6.0,228.5,221.6,1016.5,1016.5,-6.07,361.0,0.96,30.3981,12.426,437.9,57.3,1492.88, NAN, NAN, NAN, NAN,,2024/04/16 10:04:48.913,2024-04-16 10:04:48.913000+00:00
2024/04/16, 10:05:48.913,35.95,-74.845, 0.20,208.71,119.69,0.33,16.5,16.6,1014.4,1014.5,0.0,0.0,85.1,78.5,17,11,6.0,5.8,88.3,88.5,6.0,5.8,227.3,221.4,1016.5,1016.6,-6.08,361.39,1.19,30.391,12.4275,436.6,57.3,1492.877, NAN, NAN, NAN, NAN,,2024/04/16 10:05:48.913,2024-04-16 10:05:48.913000+00:00
2024/04/16, 10:06:48.913,35.95,-74.845, 0.17,208.8,312.58,0.23,16.5,16.5,1014.5,1014.5,0.0,0.0,85.1,78.5,16,11,6.1,5.4,88.8,88.8,6.1,5.4,223.7,218.6,1016.6,1016.6,-6.15,360.22,1.51,30.386,12.4258,436.9,57.3,1492.865, NAN, NAN, NAN, NAN,,2024/04/16 10:06:48.913,2024-04-16 10:06:48.913000+00:00
2024/04/16, 10:07:48.913,35.95,-74.845, 0.15,208.55,263.05,0.29,16.5,16.5,1014.4,1014.5,0.0,0.0,85.1,78.5,17,10,6.0,5.8,88.8,88.6,5.9,5.7,224.8,217.6,1016.5,1016.6,-6.08,360.88,1.86,30.3849,12.4238,436.9,57.4,1492.857, NAN, NAN, NAN, NAN,,2024/04/16 10:07:48.913,2024-04-16 10:07:48.913000+00:00
2024/04/16, 10:08:48.913,35.95,-74.845, 0.21,209.26,259.37,0.66,16.4,16.4,1014.4,1014.5,0.0,0.0,85.1,78.5,18,13,6.7,6.3,88.9,89.3,6.5,6.1,225.1,219.8,1016.5,1016.6,-6.04,361.18,2.27,30.3833,12.429,438.5,57.5,1492.873, NAN, NAN, NAN, NAN,,2024/04/16 10:08:48.913,2024-04-16 10:08:48.913000+00:00
2024/04/16, 10:09:48.913,35.95,-74.845, 0.15,209.27,217.44,0.39,16.4,16.4,1014.5,1014.4,0.0,0.0,85.1,78.5,18,14,6.4,6.1,89.7,89.9,6.2,5.9,228.0,224.0,1016.6,1016.5,-5.96,361.13,2.75,30.3824,12.4272,438.5,57.5,1492.865, NAN, NAN, NAN, NAN,,2024/04/16 10:09:48.913,2024-04-16 10:09:48.913000+00:00
2024/04/16, 10:10:48.913,35.95,-74.845, 0.23,207.69,82.22,0.08,16.4,16.4,1014.7,1014.5,0.0,0.0,85.1,78.5,21,15,6.5,6.2,90.1,89.9,6.5,6.2,229.0,223.0,1016.8,1016.6,-5.81,361.4,3.36,30.3822,12.4234,439.2,57.2,1492.852, NAN, NAN, NAN, NAN,,2024/04/16 10:10:48.913,2024-04-16 10:10:48.913000+00:00
2024/04/16, 10:11:48.913,35.95,-74.845, 0.12,224.69,88.89,0.34,16.4,16.4,1014.4,1014.7,0.0,0.0,85.1,78.5,10,2,6.2,6.0,90.3,90.4,6.2,6.0,236.2,228.3,1016.5,1016.8,-5.65,361.56,4.15,30.4174,12.4102,439.2,57.4,1492.849, NAN, NAN, NAN, NAN,,2024/04/16 10:11:48.913,2024-04-16 10:11:48.913000+00:00
2024/04/16, 10:12:48.913,35.95,-74.845, 0.12,230.34,112.23,0.15,16.4,16.5,1014.7,1014.6,0.0,0.0,85.1,78.5,356,351,6.0,5.8,90.1,90.2,6.0,5.8,227.1,222.1,1016.8,1016.7,-5.45,361.53,4.95,30.5012,12.3749,439.6,57.2,1492.827, NAN, NAN, NAN, NAN,,2024/04/16 10:12:48.913,2024-04-16 10:12:48.913000+00:00
2024/04/16, 10:13:48.913,35.95,-74.845, 0.18,230.0,97.74,0.13,16.5,16.5,1014.4,1014.7,0.0,0.0,85.1,78.5,354,348,5.8,5.7,89.9,90.0,5.9,5.7,224.4,218.5,1016.5,1016.8,-5.24,361.89,5.91,30.456,12.3297,438.5,57.3,1492.619, NAN, NAN, NAN, NAN,,2024/04/16 10:13:48.913,2024-04-16 10:13:48.913000+00:00
2024/04/16, 10:14:48.914,35.95,-74.845, 0.05,232.26,158.86,0.1,16.5,16.5,1014.7,1014.7,0.0,0.0,85.1,78.5,355,351,5.4,5.5,89.9,89.9,5.5,5.6,227.3,223.3,1016.8,1016.8,-4.97,361.52,6.96,30.5712,12.3674,440.3,57.2,1492.885, NAN, NAN, NAN, NAN,,2024/04/16 10:14:48.914,2024-04-16 10:14:48.914000+00:00
2024/04/16, 10:15:48.914,35.95,-74.845, 0.21,229.34,317.91,0.59,16.5,16.5,1014.9,1014.7,0.0,0.0,85.1,78.5,358,353,5.8,5.4,89.5,89.7,5.8,5.4,224.4,219.2,1017.0,1016.8,-4.75,361.16,8.11,30.7059,12.3908,440.6,57.1,1493.125, NAN, NAN, NAN, NAN,,2024/04/16 10:15:48.914,2024-04-16 10:15:48.914000+00:00
2024/04/16, 10:16:48.914,35.95,-74.845, 1.29,230.14,209.7,1.1,16.5,16.5,1014.7,1014.8,0.0,0.0,85.1,78.5,3,356,5.9,5.7,89.6,89.7,5.3,5.1,233.0,225.2,1016.8,1016.9,-4.41,360.82,9.67,30.9994,12.3861,440.6,56.8,1493.458, NAN, NAN, NAN, NAN,,2024/04/16 10:16:48.914,2024-04-16 10:16:48.914000+00:00
2024/04/16, 10:17:48.914,35.95,-74.846, 1.50,229.48,216.01,1.23,16.5,16.5,1014.8,1014.6,0.0,0.0,85.1,78.5,1,357,5.6,5.4,89.0,89.7,5.0,4.8,230.4,225.9,1016.9,1016.7,-4.16,360.42,11.17,30.962,12.408,438.8,56.9,1493.488, NAN, NAN, NAN, NAN,,2024/04/16 10:17:48.914,2024-04-16 10:17:48.914000+00:00
2024/04/16, 10:18:48.914,35.95,-74.846, 1.50,228.9,227.27,1.4,16.5,16.5,1014.9,1014.8,0.0,0.0,85.1,78.5,1,357,5.0,4.9,88.7,88.8,4.3,4.2,230.2,225.5,1017.0,1016.9,-3.91,359.17,12.78,30.7005,12.4272,440.3,57.2,1493.243, NAN, NAN, NAN, NAN,,2024/04/16 10:18:48.914,2024-04-16 10:18:48.914000+00:00
2024/04/16, 10:19:48.914,35.95,-74.846, 1.25,230.27,229.15,0.99,16.4,16.4,1014.8,1014.8,0.0,0.0,85.1,78.5,7,2,5.0,4.9,88.5,88.5,4.5,4.4,238.9,233.4,1016.9,1016.9,-3.59,359.18,14.57,30.6775,12.4378,440.6,57.2,1493.252, NAN, NAN, NAN, NAN,,2024/04/16 10:19:48.914,2024-04-16 10:19:48.914000+00:00
2024/04/16, 10:20:48.914,35.949,-74.847, 0.76,232.68,279.79,0.79,16.3,16.3,1014.7,1014.9,0.0,0.0,85.1,78.5,6,1,4.7,4.6,89.2,89.1,4.4,4.3,235.5,230.1,1016.8,1017.0,-3.32,359.34,16.55,30.6817,12.4451,440.3,57.3,1493.282, NAN, NAN, NAN, NAN,,2024/04/16 10:20:48.914,2024-04-16 10:20:48.914000+00:00
2024/04/16, 10:21:48.914,35.949,-74.847, 0.82,229.54,245.32,0.65,16.2,16.2,1015.0,1015.0,0.0,0.0,85.1,78.5,12,6,4.6,4.6,89.8,89.8,4.3,4.3,242.7,236.3,1017.1,1017.1,-3.06,359.32,19.12,30.6497,12.4485,441.6,57.4,1493.256, NAN, NAN, NAN, NAN,,2024/04/16 10:21:48.914,2024-04-16 10:21:48.914000+00:00
2024/04/16, 10:22:48.914,35.949,-74.847, 0.78,228.51,168.44,0.58,16.2,16.2,1015.1,1014.9,0.0,0.0,85.1,78.5,11,9,4.6,4.5,90.2,90.2,4.4,4.3,242.3,240.3,1017.2,1017.0,-2.55,359.6,21.44,30.5731,12.4511,441.6,57.4,1493.174, NAN, NAN, NAN, NAN,,2024/04/16 10:22:48.914,2024-04-16 10:22:48.914000+00:00
2024/04/16, 10:23:48.914,35.949,-74.847, 0.83,230.96,179.89,1.13,16.1,16.2,1015.1,1015.1,0.0,0.0,85.1,78.5,21,21,3.7,4.3,90.7,90.7,3.5,4.1,260.8,259.5,1017.2,1017.2,-2.11,359.06,23.77,30.5686,12.4528,442.5,57.2,1493.174, NAN, NAN, NAN, NAN,,2024/04/16 10:23:48.914,2024-04-16 10:23:48.914000+00:00
2024/04/16, 10:24:48.914,35.949,-74.847, 0.90,230.3,190.68,1.05,16.1,16.2,1015.2,1015.3,0.0,0.0,85.1,78.5,90,92,6.9,7.9,90.4,90.4,7.3,8.3,323.4,325.0,1017.3,1017.4,-1.52,354.79,26.15,30.5311,12.4537,441.2,57.2,1493.133, NAN, NAN, NAN, NAN,,2024/04/16 10:24:48.914,2024-04-16 10:24:48.914000+00:00
2024/04/16, 10:25:48.914,35.949,-74.847, 1.05,231.44,192.16,1.2,15.9,16.0,1015.8,1015.7,0.0,0.0,85.1,78.5,113,109,12.0,11.8,87.6,88.2,12.5,12.3,345.9,342.1,1017.9,1017.8,-0.18,361.13,27.07,30.5023,12.4554,441.6,57.5,1493.104, NAN, NAN, NAN, NAN,,2024/04/16 10:25:48.914,2024-04-16 10:25:48.914000+00:00
2024/04/16, 10:26:48.914,35.948,-74.847, 1.13,235.28,240.34,1.04,15.4,15.5,1015.8,1015.7,0.0,0.0,85.1,78.5,108,103,10.9,10.7,87.5,87.3,11.3,11.1,345.1,340.4,1017.9,1017.8,-0.48,359.08,27.85,30.5482,12.4571,444.9,57.5,1493.165, NAN, NAN, NAN, NAN,,2024/04/16 10:26:48.914,2024-04-16 10:26:48.914000+00:00
2024/04/16, 10:27:48.914,35.948,-74.848, 0.73,267.28,168.45,0.58,15.2,15.2,1016.1,1015.7,0.0,0.0,85.1,78.5,79,71,11.3,10.8,89.6,89.5,11.5,11.0,347.4,339.6,1018.2,1017.8,0.26,355.79,34.01,30.5932,12.4591,442.8,57.5,1493.225, NAN, NAN, NAN, NAN,,2024/04/16 10:27:48.914,2024-04-16 10:27:48.914000+00:00
2024/04/16, 10:28:48.914,35.948,-74.848, 0.28,307.72,264.75,0.53,15.2,15.2,1015.8,1016.0,0.0,0.0,85.1,78.5,2,357,7.2,7.2,92.4,92.0,6.9,6.9,309.5,304.3,1017.9,1018.1,1.08,363.77,40.43,30.6903,12.4615,444.3,57.2,1493.348, NAN, NAN, NAN, NAN,,2024/04/16 10:28:48.914,2024-04-16 10:28:48.914000+00:00
2024/04/16, 10:29:48.914,35.948,-74.848, 0.50,335.68,6.96,0.86,16.0,15.9,1015.7,1015.6,0.0,0.0,85.1,78.5,321,324,8.3,11.1,94.4,95.2,8.1,10.9,293.9,297.7,1017.8,1017.7,2.68,362.66,45.45,30.6359,12.4633,443.3,57.0,1493.29, NAN, NAN, NAN, NAN,,2024/04/16 10:29:48.914,2024-04-16 10:29:48.914000+00:00
2024/04/16, 10:30:48.915,35.948,-74.848, 0.64,336.03,22.23,0.96,16.7,16.6,1016.1,1015.9,0.0,0.0,85.1,78.5,346,339,12.4,12.2,88.0,89.0,12.1,11.9,320.3,313.1,1018.2,1018.0,4.51,359.69,51.28,30.5228,12.463,443.3,57.0,1493.155, NAN, NAN, NAN, NAN,,2024/04/16 10:30:48.915,2024-04-16 10:30:48.915000+00:00
2024/04/16, 10:31:48.915,35.949,-74.848, 0.33,337.25,22.09,0.75,16.8,16.7,1015.9,1015.9,0.0,0.0,85.1,78.5,351,347,12.2,12.1,85.2,85.5,12.0,11.9,326.7,322.6,1018.0,1018.0,5.35,359.54,55.82,30.4644,12.4626,443.0,57.2,1493.084, NAN, NAN, NAN, NAN,,2024/04/16 10:31:48.915,2024-04-16 10:31:48.915000+00:00
2024/04/16, 10:32:48.915,35.949,-74.847, 0.29,338.27,38.13,0.58,16.9,16.9,1016.2,1016.0,0.0,0.0,85.1,78.5,349,345,9.6,9.7,83.7,84.2,9.5,9.6,325.6,321.6,1018.3,1018.1,6.72,357.42,62.6,30.5968,12.4626,444.6,57.1,1493.241, NAN, NAN, NAN, NAN,,2024/04/16 10:32:48.915,2024-04-16 10:32:48.915000+00:00
2024/04/16, 10:33:48.915,35.949,-74.847, 0.57,343.27,30.61,0.97,16.9,16.9,1016.1,1016.2,0.0,0.0,85.1,78.5,344,336,7.8,8.6,82.1,82.5,7.6,8.4,323.9,316.1,1018.2,1018.3,7.28,357.5,69.62,30.6615,12.4621,444.3,57.1,1493.316, NAN, NAN, NAN, NAN,,2024/04/16 10:33:48.915,2024-04-16 10:33:48.915000+00:00
2024/04/16, 10:34:48.915,35.949,-74.847, 0.91,344.73,15.45,1.14,16.9,16.9,1016.1,1016.1,0.0,0.0,85.1,78.5,337,329,10.2,11.7,82.0,82.2,9.9,11.5,318.8,311.0,1018.2,1018.2,8.76,362.31,77.73,30.5213,12.4613,444.3,57.1,1493.147, NAN, NAN, NAN, NAN,,2024/04/16 10:34:48.915,2024-04-16 10:34:48.915000+00:00
2024/04/16, 10:35:48.915,35.95,-74.847, 0.89,341.77,8.52,0.78,17.1,17.0,1016.3,1016.2,0.0,0.0,85.1,78.5,333,329,10.2,10.6,81.7,82.4,10.0,10.4,312.8,308.8,1018.4,1018.3,10.41,357.69,87.8,30.429,12.46,444.0,57.2,1493.033, NAN, NAN, NAN, NAN,,2024/04/16 10:35:48.915,2024-04-16 10:35:48.915000+00:00
2024/04/16, 10:36:48.915,35.95,-74.847, 0.10,319.4,313.05,0.21,17.2,17.2,1016.3,1016.2,0.0,0.0,85.1,78.5,358,353,9.8,9.7,79.2,79.7,9.7,9.6,317.0,312.0,1018.4,1018.3,12.01,355.45,95.49,30.3856,12.4594,444.9,57.4,1492.979, NAN, NAN, NAN, NAN,,2024/04/16 10:36:48.915,2024-04-16 10:36:48.915000+00:00
2024/04/16, 10:37:48.915,35.95,-74.847, 0.04,316.13,69.38,0.19,17.1,17.1,1016.2,1016.4,0.0,0.0,85.1,78.5,4,359,10.1,9.6,77.7,78.0,10.1,9.6,319.6,314.6,1018.3,1018.5,12.22,357.79,104.29,30.3728,12.4587,445.6,57.4,1492.962, NAN, NAN, NAN, NAN,,2024/04/16 10:37:48.915,2024-04-16 10:37:48.915000+00:00
2024/04/16, 10:38:48.915,35.95,-74.847, 0.01,320.25,231.5,0.2,17.1,17.0,1016.3,1016.3,0.0,0.0,85.1,78.5,2,357,11.3,10.9,78.3,78.5,11.3,10.9,322.8,317.8,1018.4,1018.4,13.87,356.39,113.28,30.372,12.4586,445.2,57.4,1492.96, NAN, NAN, NAN, NAN,,2024/04/16 10:38:48.915,2024-04-16 10:38:48.915000+00:00
2024/04/16, 10:39:48.915,35.95,-74.847, -0.13,321.39,109.85,0.25,17.1,17.1,1016.5,1016.6,0.0,0.0,85.1,78.5,11,5,10.0,9.8,78.1,78.6,10.1,9.9,331.9,326.0,1018.6,1018.7,15.77,353.0,126.16,30.3667,12.44,444.9,57.3,1492.89, NAN, NAN, NAN, NAN,,2024/04/16 10:39:48.915,2024-04-16 10:39:48.915000+00:00
2024/04/16, 10:40:48.915,35.95,-74.847, -0.03,324.6,212.77,0.07,17.0,17.0,1016.5,1016.4,0.0,0.0,85.1,78.5,15,10,10.4,9.9,77.0,77.1,10.4,9.9,339.6,334.7,1018.6,1018.5,16.86,353.38,139.64,30.4778,12.4454,445.6,57.5,1493.041, NAN, NAN, NAN, NAN,,2024/04/16 10:40:48.915,2024-04-16 10:40:48.915000+00:00
2024/04/16, 10:41:48.915,35.95,-74.847, -0.13,333.4,181.17,0.1,16.7,16.7,1016.5,1016.6,0.0,0.0,85.1,78.5,2,356,9.1,9.2,78.1,78.1,9.2,9.3,335.4,329.4,1018.6,1018.7,18.06,350.57,149.74,30.6766,12.4499,445.6,57.3,1493.292, NAN, NAN, NAN, NAN,,2024/04/16 10:41:48.915,2024-04-16 10:41:48.915000+00:00
2024/04/16, 10:42:48.915,35.95,-74.847, -0.03,335.47,305.77,0.21,16.4,16.5,1016.6,1016.5,0.0,0.0,85.1,78.5,0,354,8.9,8.6,78.6,78.6,8.8,8.5,335.8,329.8,1018.7,1018.6,19.74,350.79,167.24,30.8666,12.4519,446.7,57.3,1493.525, NAN, NAN, NAN, NAN,,2024/04/16 10:42:48.915,2024-04-16 10:42:48.915000+00:00
2024/04/16, 10:43:48.915,35.95,-74.847, 0.33,335.67,18.48,0.51,16.1,16.2,1016.7,1016.5,0.0,0.0,85.1,78.5,0,354,9.0,8.7,80.1,79.8,8.8,8.5,335.1,328.9,1018.8,1018.6,21.15,351.62,183.04,30.8464,12.4527,444.6,57.2,1493.504, NAN, NAN, NAN, NAN,,2024/04/16 10:43:48.915,2024-04-16 10:43:48.915000+00:00
2024/04/16, 10:44:48.915,35.95,-74.847, 0.60,334.52,5.35,0.85,15.9,16.0,1016.5,1016.5,0.0,0.0,85.1,78.5,2,356,8.5,8.2,81.3,81.4,8.1,7.8,335.9,329.6,1018.6,1018.6,22.76,350.91,193.57,30.8687,12.4535,446.7,57.3,1493.533, NAN, NAN, NAN, NAN,,2024/04/16 10:44:48.915,2024-04-16 10:44:48.915000+00:00
2024/04/16, 10:45:48.916,35.95,-74.847, 0.84,334.8,329.11,1.19,15.8,15.8,1016.6,1016.5,0.0,0.0,85.1,78.5,6,2,9.3,9.0,81.8,81.7,8.7,8.4,341.5,337.2,1018.7,1018.6,24.85,351.49,209.05,30.8884,12.4539,445.2,57.4,1493.558, NAN, NAN, NAN, NAN,,2024/04/16 10:45:48.916,2024-04-16 10:45:48.916000+00:00
2024/04/16, 10:46:48.916,35.95,-74.847, 0.75,335.04,338.91,0.91,15.7,15.7,1016.8,1016.3,0.0,0.0,85.1,78.5,4,358,9.7,9.3,82.8,82.7,9.2,8.8,339.1,332.8,1018.9,1018.4,27.02,352.1,228.18,30.8942,12.4536,444.0,57.5,1493.564, NAN, NAN, NAN, NAN,,2024/04/16 10:46:48.916,2024-04-16 10:46:48.916000+00:00
2024/04/16, 10:47:48.916,35.951,-74.847, 0.54,334.86,333.3,0.69,15.7,15.7,1016.8,1016.5,0.0,0.0,85.1,78.5,5,357,7.6,7.7,83.0,83.1,7.3,7.3,340.4,332.1,1018.9,1018.6,29.46,351.45,251.34,30.8019,12.4535,444.6,57.5,1493.454, NAN, NAN, NAN, NAN,,2024/04/16 10:47:48.916,2024-04-16 10:47:48.916000+00:00
2024/04/16, 10:48:48.916,35.951,-74.847, 0.86,351.37,330.25,1.08,15.6,15.7,1016.6,1016.7,0.0,0.0,85.1,78.5,354,348,8.0,8.1,82.7,83.0,7.4,7.6,345.2,338.8,1018.7,1018.8,31.48,352.1,272.45,30.6619,12.4534,444.6,57.4,1493.287, NAN, NAN, NAN, NAN,,2024/04/16 10:48:48.916,2024-04-16 10:48:48.916000+00:00
2024/04/16, 10:49:48.916,35.951,-74.847, 1.21,45.77,40.59,1.87,15.5,15.6,1016.7,1016.6,0.0,0.0,85.1,78.5,303,299,8.1,9.3,83.1,83.1,7.6,8.9,342.6,339.2,1018.8,1018.7,32.61,353.1,311.38,30.6053,12.4536,445.9,57.3,1493.22, NAN, NAN, NAN, NAN,,2024/04/16 10:49:48.916,2024-04-16 10:49:48.916000+00:00
2024/04/16, 10:50:48.916,35.951,-74.847, 1.26,99.68,101.42,1.65,15.4,15.5,1016.8,1016.6,0.0,0.0,85.1,78.5,245,241,7.5,7.6,83.5,83.4,7.9,8.0,339.1,335.3,1018.9,1018.7,36.43,352.96,335.34,30.561,12.453,445.9,57.5,1493.166, NAN, NAN, NAN, NAN,,2024/04/16 10:50:48.916,2024-04-16 10:50:48.916000+00:00
2024/04/16, 10:51:48.916,35.951,-74.846, 1.62,141.88,110.45,1.95,15.4,15.4,1016.9,1016.5,0.0,0.0,85.1,78.5,198,190,6.6,5.4,83.5,83.9,7.4,6.3,335.3,327.6,1019.0,1018.6,36.75,354.11,353.9,30.5016,12.4519,445.9,57.7,1493.091, NAN, NAN, NAN, NAN,,2024/04/16 10:51:48.916,2024-04-16 10:51:48.916000+00:00
2024/04/16, 10:52:48.916,35.95,-74.846, 3.84,154.67,147.62,4.18,15.4,15.4,1016.9,1016.8,0.0,0.0,85.1,78.5,177,187,2.2,3.1,84.5,84.4,4.3,5.2,330.7,336.8,1019.0,1018.9,36.82,355.57,369.61,30.4613,12.4507,446.4,57.8,1493.039, NAN, NAN, NAN, NAN,,2024/04/16 10:52:48.916,2024-04-16 10:52:48.916000+00:00
2024/04/16, 10:53:48.916,35.949,-74.845, 6.70,154.3,153.02,6.91,15.5,15.4,1016.6,1016.8,0.0,0.0,85.1,78.5,193,191,1.8,2.1,84.9,85.1,5.3,5.6,338.4,338.1,1018.7,1018.9,38.21,356.06,393.32,30.4192,12.4454,443.3,57.8,1492.971, NAN, NAN, NAN, NAN,,2024/04/16 10:53:48.916,2024-04-16 10:53:48.916000+00:00
2024/04/16, 10:54:48.916,35.947,-74.844, 7.98,155.71,156.5,7.89,15.6,15.6,1016.8,1016.6,0.0,0.0,85.1,78.5,189,206,0.9,1.9,84.4,84.7,4.9,5.8,337.3,343.9,1018.9,1018.7,40.37,356.95,418.32,30.497,12.4246,444.3,57.7,1492.993, NAN, NAN, NAN, NAN,,2024/04/16 10:54:48.916,2024-04-16 10:54:48.916000+00:00
2024/04/16, 10:55:48.916,35.945,-74.843, 8.39,157.2,160.11,8.32,15.6,15.7,1016.8,1016.8,0.0,0.0,85.1,78.5,182,202,1.6,2.7,84.0,84.3,5.9,6.9,338.5,346.3,1018.9,1018.9,44.46,357.87,442.39,30.4925,12.4333,442.8,57.8,1493.017, NAN, NAN, NAN, NAN,,2024/04/16 10:55:48.916,2024-04-16 10:55:48.916000+00:00
2024/04/16, 10:56:48.916,35.943,-74.842, 8.57,157.0,155.67,8.5,15.7,15.8,1016.9,1016.8,0.0,0.0,85.1,78.5,170,211,2.4,2.5,84.0,84.3,6.7,6.6,332.9,347.6,1019.0,1018.9,45.99,357.43,463.13,30.5735,12.4429,440.9,57.9,1493.146, NAN, NAN, NAN, NAN,,2024/04/16 10:56:48.916,2024-04-16 10:56:48.916000+00:00
2024/04/16, 10:57:48.916,35.941,-74.84, 8.65,157.18,157.59,8.79,15.7,15.9,1016.8,1016.6,0.0,0.0,85.1,78.5,157,198,2.1,2.3,83.9,83.3,6.5,6.7,329.9,343.2,1018.9,1018.7,49.22,356.63,489.66,30.5526,12.4592,439.2,57.8,1493.177, NAN, NAN, NAN, NAN,,2024/04/16 10:57:48.916,2024-04-16 10:57:48.916000+00:00
2024/04/16, 10:58:48.916,35.939,-74.839, 8.41,156.49,157.84,8.34,15.9,16.0,1016.9,1016.5,0.0,0.0,85.1,78.5,155,159,2.7,2.3,82.6,82.3,6.8,6.5,327.8,330.2,1019.0,1018.6,51.56,357.53,511.27,30.5969,12.4787,442.8,57.9,1493.296, NAN, NAN, NAN, NAN,,2024/04/16 10:58:48.916,2024-04-16 10:58:48.916000+00:00
2024/04/16, 10:59:48.916,35.936,-74.838, 8.71,156.53,156.1,8.57,16.0,16.0,1016.9,1016.8,0.0,0.0,85.1,78.5,159,194,2.5,2.3,82.6,82.4,6.8,6.7,328.9,341.3,1019.0,1018.9,52.9,358.93,532.59,30.5864,12.4942,439.6,57.9,1493.337, NAN, NAN, NAN, NAN,,2024/04/16 10:59:48.916,2024-04-16 10:59:48.916000+00:00
2024/04/16, 11:00:48.916,35.934,-74.837, 8.97,156.59,159.66,8.76,16.1,16.1,1016.8,1016.8,0.0,0.0,85.1,78.5,176,202,2.3,1.8,82.4,82.3,6.8,6.2,336.0,343.6,1018.9,1018.9,57.27,358.05,558.73,30.6341,12.5074,440.3,58.2,1493.438, NAN, NAN, NAN, NAN,,2024/04/16 11:00:48.916,2024-04-16 11:00:48.916000+00:00
2024/04/16, 11:01:48.917,35.932,-74.836, 8.78,156.17,158.44,8.98,16.4,16.3,1016.6,1016.8,0.0,0.0,85.1,78.5,165,178,3.2,2.9,81.4,81.6,7.7,7.5,330.9,336.3,1018.7,1018.9,58.19,360.11,582.07,30.6639,12.5134,439.6,58.1,1493.494, NAN, NAN, NAN, NAN,,2024/04/16 11:01:48.917,2024-04-16 11:01:48.917000+00:00
2024/04/16, 11:02:48.917,35.93,-74.835, 6.29,156.83,158.25,5.8,16.5,16.4,1016.8,1016.6,0.0,0.0,85.1,78.5,168,182,3.2,3.7,80.7,81.4,6.1,6.7,330.4,337.7,1018.9,1018.7,41.58,360.22,603.4,30.6137,12.5251,439.6,57.9,1493.474, NAN, NAN, NAN, NAN,,2024/04/16 11:02:48.917,2024-04-16 11:02:48.917000+00:00
2024/04/16, 11:03:48.917,35.929,-74.834, 4.19,156.7,155.33,3.89,16.7,16.7,1016.7,1016.7,0.0,0.0,85.1,78.5,174,170,3.7,4.8,79.7,79.8,5.7,6.8,333.0,329.8,1018.8,1018.8,36.87,362.94,627.45,30.6377,12.5342,438.2,58.0,1493.534, NAN, NAN, NAN, NAN,,2024/04/16 11:03:48.917,2024-04-16 11:03:48.917000+00:00
2024/04/16, 11:04:48.917,35.928,-74.834, 3.35,158.26,154.03,3.13,16.9,16.9,1016.7,1016.8,0.0,0.0,85.1,78.5,162,162,5.0,5.1,79.2,79.1,6.5,6.6,325.3,325.2,1018.8,1018.9,69.06,362.1,650.62,30.6946,12.5393,439.6,58.0,1493.619, NAN, NAN, NAN, NAN,,2024/04/16 11:04:48.917,2024-04-16 11:04:48.917000+00:00
2024/04/16, 11:05:48.917,35.927,-74.833, 2.37,155.89,156.01,2.24,17.1,17.2,1016.6,1016.8,0.0,0.0,85.1,78.5,170,169,5.4,5.5,77.9,77.4,6.5,6.6,327.2,326.3,1018.7,1018.9,41.19,362.47,670.41,30.7046,12.5403,439.6,58.1,1493.634, NAN, NAN, NAN, NAN,,2024/04/16 11:05:48.917,2024-04-16 11:05:48.917000+00:00
2024/04/16, 11:06:48.917,35.927,-74.833, 0.85,131.67,139.57,0.67,17.3,17.5,1016.8,1016.7,0.0,0.0,85.1,78.5,200,203,5.3,5.2,76.9,76.4,5.6,5.5,330.9,333.7,1018.9,1018.8,78.81,359.67,703.53,30.711,12.5401,438.8,58.1,1493.641, NAN, NAN, NAN, NAN,,2024/04/16 11:06:48.917,2024-04-16 11:06:48.917000+00:00
2024/04/16, 11:07:48.917,35.927,-74.833, 0.01,97.07,195.23,0.45,17.4,17.6,1016.8,1016.8,0.0,0.0,85.1,78.5,225,230,6.5,5.3,75.5,74.5,6.6,5.4,324.0,329.3,1018.9,1018.9,79.87,361.17,728.66,30.6853,12.5393,436.9,57.9,1493.608, NAN, NAN, NAN, NAN,,2024/04/16 11:07:48.917,2024-04-16 11:07:48.917000+00:00
2024/04/16, 11:08:48.917,35.927,-74.833, 0.00,60.83,12.19,0.28,17.3,17.4,1016.8,1016.8,0.0,0.0,85.1,78.5,254,263,6.9,6.9,76.3,75.3,6.9,6.9,313.6,322.6,1018.9,1018.9,82.76,362.5,747.18,30.5926,12.534,439.6,57.7,1493.48, NAN, NAN, NAN, NAN,,2024/04/16 11:08:48.917,2024-04-16 11:08:48.917000+00:00
2024/04/16, 11:09:48.917,35.927,-74.833, -0.02,19.03,302.13,0.21,17.4,17.4,1016.7,1016.6,0.0,0.0,85.1,78.5,293,298,7.3,8.1,76.5,76.3,7.2,8.0,312.5,317.5,1018.8,1018.7,80.88,361.23,755.17,30.6295,12.5359,438.8,57.8,1493.53, NAN, NAN, NAN, NAN,,2024/04/16 11:09:48.917,2024-04-16 11:09:48.917000+00:00
2024/04/16, 11:10:48.917,35.927,-74.833, 0.67,333.32,321.5,0.75,17.5,17.5,1016.8,1016.8,0.0,0.0,85.1,78.5,339,338,7.2,7.5,75.6,75.5,6.8,7.1,311.5,310.4,1018.9,1018.9,90.8,361.23,761.03,30.8469,12.5465,438.2,58.0,1493.824, NAN, NAN, NAN, NAN,,2024/04/16 11:10:48.917,2024-04-16 11:10:48.917000+00:00
2024/04/16, 11:11:48.917,35.927,-74.834, 3.36,335.52,331.13,3.54,17.5,17.5,1016.6,1016.7,0.0,0.0,85.1,78.5,352,346,8.6,8.4,75.2,75.2,6.8,6.6,326.3,318.6,1018.7,1018.8,93.22,361.74,780.98,30.9827,12.5515,437.2,57.9,1494.002, NAN, NAN, NAN, NAN,,2024/04/16 11:11:48.917,2024-04-16 11:11:48.917000+00:00
2024/04/16, 11:12:48.917,35.928,-74.834, 4.93,338.56,344.94,4.92,17.5,17.5,1016.6,1016.6,0.0,0.0,85.1,78.5,347,343,9.1,9.3,75.1,75.3,6.7,7.0,319.3,314.2,1018.7,1018.7,95.75,361.39,799.57,31.0489,12.5511,437.9,58.0,1494.08, NAN, NAN, NAN, NAN,,2024/04/16 11:12:48.917,2024-04-16 11:12:48.917000+00:00
2024/04/16, 11:13:48.917,35.93,-74.835, 4.65,339.1,340.95,4.32,17.6,17.6,1016.6,1016.6,0.0,0.0,85.1,78.5,345,341,9.2,9.4,75.0,74.9,7.1,7.3,319.5,314.5,1018.7,1018.7,98.67,361.73,820.79,30.9672,12.5497,442.5,58.1,1493.978, NAN, NAN, NAN, NAN,,2024/04/16 11:13:48.917,2024-04-16 11:13:48.917000+00:00
2024/04/16, 11:14:48.917,35.931,-74.835, 3.11,338.85,338.18,2.98,17.8,17.8,1016.6,1016.7,0.0,0.0,85.1,78.5,339,333,8.7,8.9,74.4,74.6,7.3,7.6,313.5,306.6,1018.7,1018.8,103.75,363.22,844.67,30.7273,12.5482,437.2,58.4,1493.688, NAN, NAN, NAN, NAN,,2024/04/16 11:14:48.917,2024-04-16 11:14:48.917000+00:00
2024/04/16, 11:15:48.917,35.931,-74.835, 2.22,337.83,335.75,2.21,18.0,18.0,1016.9,1016.6,0.0,0.0,85.1,78.5,340,335,8.4,8.7,74.0,74.2,7.4,7.7,314.3,308.8,1019.0,1018.7,107.5,362.81,863.73,30.5976,12.5461,436.6,58.2,1493.527, NAN, NAN, NAN, NAN,,2024/04/16 11:15:48.917,2024-04-16 11:15:48.917000+00:00
2024/04/16, 11:16:48.918,35.932,-74.836, 1.72,339.99,2.38,1.75,18.1,18.1,1016.8,1016.6,0.0,0.0,85.1,78.5,336,331,8.1,8.6,73.2,73.4,7.5,8.0,311.4,306.3,1018.9,1018.7,108.36,362.1,886.36,30.526,12.5449,433.9,58.1,1493.438, NAN, NAN, NAN, NAN,,2024/04/16 11:16:48.918,2024-04-16 11:16:48.918000+00:00
2024/04/16, 11:17:48.918,35.932,-74.836, 1.53,339.95,346.35,1.56,18.1,18.2,1016.7,1016.8,0.0,0.0,85.1,78.5,331,328,8.4,9.8,72.7,72.8,7.7,9.2,307.7,305.0,1018.8,1018.9,112.34,364.02,902.02,30.4993,12.5433,433.9,58.1,1493.401, NAN, NAN, NAN, NAN,,2024/04/16 11:17:48.918,2024-04-16 11:17:48.918000+00:00
2024/04/16, 11:18:48.918,35.932,-74.836, 1.23,339.43,5.12,1.22,18.2,18.2,1016.9,1016.7,0.0,0.0,85.1,78.5,332,327,8.2,9.3,73.2,73.3,7.7,8.9,308.5,303.6,1019.0,1018.8,115.09,363.6,923.18,30.5902,12.5427,433.2,58.4,1493.507, NAN, NAN, NAN, NAN,,2024/04/16 11:18:48.918,2024-04-16 11:18:48.918000+00:00
2024/04/16, 11:19:48.918,35.933,-74.836, 1.17,340.12,2.31,1.24,18.3,18.3,1016.9,1016.8,0.0,0.0,85.1,78.5,334,328,8.1,9.4,72.5,72.6,7.6,8.9,311.5,305.6,1019.0,1018.9,119.11,362.81,945.07,30.6757,12.5421,434.2,58.3,1493.606, NAN, NAN, NAN, NAN,,2024/04/16 11:19:48.918,2024-04-16 11:19:48.918000+00:00
2024/04/16, 11:20:48.918,35.933,-74.836, 1.08,340.56,326.96,1.05,18.4,18.4,1016.9,1016.7,0.0,0.0,85.1,78.5,333,330,7.8,9.0,72.1,72.1,7.3,8.5,312.4,309.4,1019.0,1018.8,125.45,361.4,966.23,30.6537,12.5406,432.1,58.5,1493.575, NAN, NAN, NAN, NAN,,2024/04/16 11:20:48.918,2024-04-16 11:20:48.918000+00:00
2024/04/16, 11:21:48.918,35.933,-74.836, 0.97,338.98,329.52,1.04,18.4,18.4,1016.9,1016.8,0.0,0.0,85.1,78.5,331,327,7.7,9.3,71.7,71.7,7.2,8.8,308.1,304.2,1019.0,1018.9,129.58,361.88,981.99,30.6294,12.5399,434.2,58.3,1493.544, NAN, NAN, NAN, NAN,,2024/04/16 11:21:48.918,2024-04-16 11:21:48.918000+00:00
2024/04/16, 11:22:48.918,35.934,-74.837, 0.87,340.45,303.53,0.52,18.3,18.3,1016.9,1016.8,0.0,0.0,85.1,78.5,331,328,7.4,9.0,72.1,72.1,7.2,8.8,310.7,307.7,1019.0,1018.9,129.86,361.08,1002.97,30.6725,12.5393,436.1,58.1,1493.593, NAN, NAN, NAN, NAN,,2024/04/16 11:22:48.918,2024-04-16 11:22:48.918000+00:00
2024/04/16, 11:23:48.918,35.934,-74.837, 0.07,339.77,291.35,0.1,18.3,18.3,1016.8,1016.9,0.0,0.0,85.1,78.5,333,329,7.1,8.3,72.3,72.3,7.0,8.2,312.7,308.7,1018.9,1019.0,134.64,360.59,1027.47,30.6854,12.5393,437.2,58.4,1493.608, NAN, NAN, NAN, NAN,,2024/04/16 11:23:48.918,2024-04-16 11:23:48.918000+00:00
2024/04/16, 11:24:48.918,35.934,-74.837, 0.10,340.59,19.81,0.16,18.3,18.3,1016.8,1016.8,0.0,0.0,85.1,78.5,334,329,7.2,8.1,72.3,72.3,7.2,8.1,314.0,309.0,1018.9,1018.9,137.71,360.09,1043.92,30.7467,12.5404,438.2,58.4,1493.684, NAN, NAN, NAN, NAN,,2024/04/16 11:24:48.918,2024-04-16 11:24:48.918000+00:00
2024/04/16, 11:25:48.918,35.934,-74.837, -0.07,341.0,78.37,0.11,18.1,18.2,1016.9,1016.9,0.0,0.0,85.1,78.5,334,329,7.4,8.3,72.4,72.4,7.4,8.3,314.8,309.8,1019.0,1019.0,141.31,359.73,1060.28,30.7669,12.5427,436.9,58.3,1493.716, NAN, NAN, NAN, NAN,,2024/04/16 11:25:48.918,2024-04-16 11:25:48.918000+00:00
2024/04/16, 11:26:48.918,35.934,-74.836, -0.25,340.23,59.2,0.09,18.0,18.0,1016.9,1016.9,0.0,0.0,85.1,78.5,332,328,6.9,7.9,73.0,72.9,6.9,7.9,312.4,308.4,1019.0,1019.0,143.44,358.93,1072.12,30.7526,12.5419,436.6,58.3,1493.697, NAN, NAN, NAN, NAN,,2024/04/16 11:26:48.918,2024-04-16 11:26:48.918000+00:00
2024/04/16, 11:27:48.918,35.934,-74.836, -0.19,339.41,109.33,0.16,17.9,17.9,1017.0,1016.8,0.0,0.0,85.1,78.5,332,328,7.5,8.2,73.3,73.3,7.6,8.3,311.2,307.3,1019.1,1018.9,146.63,358.96,1091.43,30.8524,12.5461,438.2,58.4,1493.829, NAN, NAN, NAN, NAN,,2024/04/16 11:27:48.918,2024-04-16 11:27:48.918000+00:00
2024/04/16, 11:28:48.918,35.934,-74.836, -0.12,340.93,85.87,0.37,17.8,17.8,1016.9,1016.9,0.0,0.0,85.1,78.5,332,327,7.4,8.6,74.0,73.9,7.6,8.8,312.5,307.7,1019.0,1019.0,149.32,358.93,1108.1,30.7967,12.5497,437.2,58.3,1493.776, NAN, NAN, NAN, NAN,,2024/04/16 11:28:48.918,2024-04-16 11:28:48.918000+00:00
2024/04/16, 11:29:48.918,35.934,-74.836, -0.13,340.69,202.16,0.22,17.7,17.7,1016.9,1016.9,0.0,0.0,85.1,78.5,332,327,7.1,8.4,74.6,74.5,7.2,8.4,313.5,308.4,1019.0,1019.0,152.73,357.98,1124.19,30.7786,12.549,435.8,58.3,1493.752, NAN, NAN, NAN, NAN,,2024/04/16 11:29:48.918,2024-04-16 11:29:48.918000+00:00
2024/04/16, 11:30:48.918,35.934,-74.836, -0.14,339.78,123.66,0.45,17.6,17.7,1016.9,1016.9,0.0,0.0,85.1,78.5,333,328,6.8,7.8,74.7,74.5,7.0,8.0,312.8,307.9,1019.0,1019.0,155.67,357.9,1139.05,30.7308,12.5489,436.1,58.3,1493.695, NAN, NAN, NAN, NAN,,2024/04/16 11:30:48.918,2024-04-16 11:30:48.918000+00:00
2024/04/16, 11:31:48.919,35.934,-74.836, -0.01,341.96,165.62,0.19,17.5,17.5,1016.9,1017.0,0.0,0.0,85.1,78.5,329,326,7.1,8.5,75.0,74.9,7.2,8.6,311.6,308.5,1019.0,1019.1,158.05,357.19,1149.02,30.642,12.5339,434.2,57.9,1493.538, NAN, NAN, NAN, NAN,,2024/04/16 11:31:48.919,2024-04-16 11:31:48.919000+00:00
2024/04/16, 11:32:48.919,35.934,-74.836, -0.01,341.05,231.85,0.19,17.4,17.4,1016.9,1016.9,0.0,0.0,85.1,78.5,328,325,7.5,8.4,75.4,75.5,7.5,8.4,309.8,306.7,1019.0,1019.0,164.14,357.26,1164.94,30.5468,12.52,433.9,58.1,1493.378, NAN, NAN, NAN, NAN,,2024/04/16 11:32:48.919,2024-04-16 11:32:48.919000+00:00
2024/04/16, 11:33:48.919,35.934,-74.836, 0.06,339.53,44.29,0.38,17.3,17.3,1017.0,1016.9,0.0,0.0,85.1,78.5,331,328,7.5,8.7,76.1,76.1,7.6,8.8,309.1,306.3,1019.1,1019.0,165.85,357.13,1178.65,30.5054,12.5249,430.2,58.2,1493.345, NAN, NAN, NAN, NAN,,2024/04/16 11:33:48.919,2024-04-16 11:33:48.919000+00:00
2024/04/16, 11:34:48.919,35.934,-74.836, 0.04,340.95,58.8,0.22,17.3,17.3,1017.0,1016.9,0.0,0.0,85.1,78.5,332,327,7.6,9.0,76.2,76.8,7.6,9.0,312.1,307.3,1019.1,1019.0,169.61,357.75,1191.84,30.5084,12.5303,429.4,58.1,1493.367, NAN, NAN, NAN, NAN,,2024/04/16 11:34:48.919,2024-04-16 11:34:48.919000+00:00
2024/04/16, 11:35:48.919,35.934,-74.836, -0.01,340.34,4.74,0.24,17.3,17.3,1016.9,1016.9,0.0,0.0,85.1,78.5,332,328,7.5,8.4,77.0,77.0,7.4,8.3,311.5,307.6,1019.0,1019.0,174.68,356.41,1206.41,30.6515,12.5313,433.9,58.2,1493.54, NAN, NAN, NAN, NAN,,2024/04/16 11:35:48.919,2024-04-16 11:35:48.919000+00:00
2024/04/16, 11:36:48.919,35.934,-74.836, 0.07,340.35,284.5,0.17,17.3,17.3,1016.9,1016.9,0.0,0.0,85.1,78.5,334,328,7.8,8.3,76.7,76.9,7.7,8.2,314.2,308.2,1019.0,1019.0,177.27,356.09,1221.89,30.6273,12.5288,435.8,58.1,1493.503, NAN, NAN, NAN, NAN,,2024/04/16 11:36:48.919,2024-04-16 11:36:48.919000+00:00
2024/04/16, 11:37:48.919,35.934,-74.836, 0.02,340.52,16.01,0.03,17.2,17.2,1016.9,1016.9,0.0,0.0,85.1,78.5,332,328,7.7,8.6,77.0,77.1,7.7,8.6,312.6,308.6,1019.0,1019.0,182.24,356.34,1236.74,30.5929,12.5334,435.5,58.3,1493.478, NAN, NAN, NAN, NAN,,2024/04/16 11:37:48.919,2024-04-16 11:37:48.919000+00:00
2024/04/16, 11:38:48.919,35.934,-74.836, 0.05,340.68,82.09,0.21,17.1,17.2,1016.9,1016.9,0.0,0.0,85.1,78.5,333,328,8.0,9.1,77.5,77.5,8.1,9.2,313.5,308.6,1019.0,1019.0,183.07,355.58,1244.55,30.554,12.5366,436.1,58.2,1493.443, NAN, NAN, NAN, NAN,,2024/04/16 11:38:48.919,2024-04-16 11:38:48.919000+00:00
2024/04/16, 11:39:48.919,35.934,-74.836, -0.02,340.64,150.46,0.12,17.1,17.1,1017.0,1017.0,0.0,0.0,85.1,78.5,335,329,8.2,9.9,77.7,77.7,8.3,9.9,315.9,309.9,1019.1,1019.1,187.43,356.01,1263.65,30.496,12.5375,431.5,58.3,1493.377, NAN, NAN, NAN, NAN,,2024/04/16 11:39:48.919,2024-04-16 11:39:48.919000+00:00
2024/04/16, 11:40:48.919,35.934,-74.836, 0.03,339.8,219.97,0.38,17.0,17.1,1017.0,1017.0,0.0,0.0,85.1,78.5,335,330,7.9,9.2,78.1,78.1,7.8,9.1,316.1,310.9,1019.1,1019.1,190.77,355.54,1274.55,30.4756,12.5364,429.1,58.4,1493.349, NAN, NAN, NAN, NAN,,2024/04/16 11:40:48.919,2024-04-16 11:40:48.919000+00:00
2024/04/16, 11:41:48.919,35.934,-74.836, 0.06,339.92,106.41,0.09,17.0,17.1,1016.9,1017.0,0.0,0.0,85.1,78.5,336,331,8.5,9.0,78.2,78.1,8.5,9.0,316.0,311.0,1019.0,1019.1,195.56,355.58,1283.17,30.4713,12.5358,430.8,58.4,1493.342, NAN, NAN, NAN, NAN,,2024/04/16 11:41:48.919,2024-04-16 11:41:48.919000+00:00
2024/04/16, 11:42:48.919,35.934,-74.836, 0.03,340.57,295.15,0.23,17.0,17.0,1016.9,1017.0,0.0,0.0,85.1,78.5,335,330,8.2,8.9,78.7,78.6,8.1,8.8,315.9,310.9,1019.0,1019.1,200.06,354.44,1299.02,30.4674,12.5389,432.4,58.3,1493.348, NAN, NAN, NAN, NAN,,2024/04/16 11:42:48.919,2024-04-16 11:42:48.919000+00:00
2024/04/16, 11:43:48.919,35.934,-74.836, -0.03,340.55,119.4,0.12,16.9,17.0,1017.2,1016.9,0.0,0.0,85.1,78.5,336,331,8.1,8.9,78.6,78.7,8.1,8.9,316.2,311.2,1019.3,1019.0,200.01,354.3,1307.1,30.4504,12.5407,429.7,58.1,1493.334, NAN, NAN, NAN, NAN,,2024/04/16 11:43:48.919,2024-04-16 11:43:48.919000+00:00
2024/04/16, 11:44:48.919,35.934,-74.836, 0.00,341.24,220.65,0.22,16.8,16.9,1017.2,1017.0,0.0,0.0,85.1,78.5,334,329,7.7,8.7,78.9,78.8,7.7,8.7,316.1,311.0,1019.3,1019.1,203.73,354.16,1312.1,30.4362,12.5421,430.8,58.2,1493.322, NAN, NAN, NAN, NAN,,2024/04/16 11:44:48.919,2024-04-16 11:44:48.919000+00:00
2024/04/16, 11:45:48.919,35.934,-74.836, 0.08,340.32,19.6,0.05,16.7,16.8,1017.3,1017.0,0.0,0.0,85.1,78.5,338,331,8.3,8.8,79.4,79.2,8.3,8.8,318.3,311.3,1019.4,1019.1,201.59,354.27,1290.19,30.4466,12.53,431.5,58.2,1493.293, NAN, NAN, NAN, NAN,,2024/04/16 11:45:48.919,2024-04-16 11:45:48.919000+00:00
2024/04/16, 11:46:48.919,35.934,-74.836, 0.02,339.97,352.48,0.34,16.7,16.7,1017.2,1017.2,0.0,0.0,85.1,78.5,340,334,8.6,9.3,79.9,79.8,8.4,9.1,319.8,313.7,1019.3,1019.3,175.92,352.66,1128.96,30.4472,12.504,433.2,58.1,1493.205, NAN, NAN, NAN, NAN,,2024/04/16 11:46:48.919,2024-04-16 11:46:48.919000+00:00
2024/04/16, 11:47:48.920,35.934,-74.836, 0.02,340.57,229.32,0.19,16.6,16.6,1017.3,1017.2,0.0,0.0,85.1,78.5,338,336,7.7,8.4,80.1,80.1,7.7,8.4,319.3,317.2,1019.4,1019.3,177.74,352.46,1127.48,30.4931,12.5088,437.2,58.1,1493.276, NAN, NAN, NAN, NAN,,2024/04/16 11:47:48.920,2024-04-16 11:47:48.920000+00:00
2024/04/16, 11:48:48.920,35.934,-74.836, 0.03,340.03,168.88,0.13,16.5,16.5,1017.2,1017.3,0.0,0.0,85.1,78.5,341,337,8.2,8.6,80.3,80.2,8.3,8.7,320.9,316.9,1019.3,1019.4,211.0,353.67,1304.42,30.4874,12.5219,436.4,58.1,1493.314, NAN, NAN, NAN, NAN,,2024/04/16 11:48:48.920,2024-04-16 11:48:48.920000+00:00
2024/04/16, 11:49:48.920,35.934,-74.836, 0.07,340.67,219.65,0.16,16.3,16.4,1017.3,1017.3,0.0,0.0,85.1,78.5,346,341,8.4,8.7,81.2,81.0,8.4,8.7,327.2,322.2,1019.4,1019.4,216.65,353.4,1340.56,30.5174,12.53,439.5,57.9,1493.377, NAN, NAN, NAN, NAN,,2024/04/16 11:49:48.920,2024-04-16 11:49:48.920000+00:00
2024/04/16, 11:50:48.920,35.934,-74.836, 0.01,340.62,135.24,0.13,16.3,16.3,1017.4,1017.2,0.0,0.0,85.1,78.5,348,342,8.9,9.1,81.5,81.5,9.0,9.2,328.9,322.9,1019.5,1019.3,221.29,353.48,1359.82,30.4976,12.5299,434.5,58.1,1493.353, NAN, NAN, NAN, NAN,,2024/04/16 11:50:48.920,2024-04-16 11:50:48.920000+00:00
2024/04/16, 11:51:48.920,35.934,-74.836, 0.03,341.43,221.55,0.31,16.2,16.3,1017.2,1017.3,0.0,0.0,85.1,78.5,348,342,8.3,8.8,81.9,81.9,8.3,8.8,330.5,324.4,1019.3,1019.4,227.93,353.24,1373.93,30.5036,12.5348,433.2,58.1,1493.377, NAN, NAN, NAN, NAN,,2024/04/16 11:51:48.920,2024-04-16 11:51:48.920000+00:00
2024/04/16, 11:52:48.920,35.934,-74.836, 0.00,340.45,218.64,0.29,16.1,16.2,1017.4,1017.4,0.0,0.0,85.1,78.5,348,344,8.3,8.6,82.1,82.0,8.3,8.6,329.4,325.4,1019.5,1019.5,233.26,353.46,1392.66,30.4936,12.5345,431.5,58.0,1493.364, NAN, NAN, NAN, NAN,,2024/04/16 11:52:48.920,2024-04-16 11:52:48.920000+00:00
2024/04/16, 11:53:48.920,35.934,-74.836, -0.04,340.59,330.35,0.1,16.1,16.1,1017.3,1017.3,0.0,0.0,85.1,78.5,348,343,8.0,8.2,82.5,82.5,8.0,8.2,328.3,323.3,1019.4,1019.4,238.45,353.23,1406.09,30.5064,12.5362,433.1,57.9,1493.385, NAN, NAN, NAN, NAN,,2024/04/16 11:53:48.920,2024-04-16 11:53:48.920000+00:00
2024/04/16, 11:54:48.920,35.934,-74.836, 0.00,339.47,347.39,0.06,16.0,16.0,1017.3,1017.3,0.0,0.0,85.1,78.5,349,344,7.7,8.0,82.7,82.6,7.7,8.0,328.3,323.3,1019.4,1019.4,243.29,353.18,1416.56,30.4832,12.5273,428.4,57.9,1493.327, NAN, NAN, NAN, NAN,,2024/04/16 11:54:48.920,2024-04-16 11:54:48.920000+00:00
2024/04/16, 11:55:48.920,35.934,-74.836, 0.04,340.96,275.82,0.11,15.9,16.0,1017.3,1017.3,0.0,0.0,85.1,78.5,347,344,7.8,7.7,82.9,82.8,7.8,7.6,328.2,325.1,1019.4,1019.4,246.05,352.96,1424.84,30.4902,12.5293,430.2,57.9,1493.342, NAN, NAN, NAN, NAN,,2024/04/16 11:55:48.920,2024-04-16 11:55:48.920000+00:00
2024/04/16, 11:56:48.920,35.934,-74.836, 0.10,339.58,350.36,0.23,15.9,15.9,1017.4,1017.3,0.0,0.0,85.1,78.5,348,344,7.5,7.5,83.2,83.2,7.4,7.4,327.5,323.5,1019.5,1019.4,249.89,352.3,1432.18,30.5517,12.5327,433.1,57.9,1493.427, NAN, NAN, NAN, NAN,,2024/04/16 11:56:48.920,2024-04-16 11:56:48.920000+00:00
2024/04/16, 11:57:48.920,35.934,-74.836, -0.01,340.68,185.51,0.16,15.8,15.9,1017.4,1017.4,0.0,0.0,85.1,78.5,350,345,7.3,7.1,83.2,83.2,7.4,7.2,330.9,325.9,1019.5,1019.5,248.31,352.28,1433.73,30.7743,12.5328,441.9,57.7,1493.691, NAN, NAN, NAN, NAN,,2024/04/16 11:57:48.920,2024-04-16 11:57:48.920000+00:00
2024/04/16, 11:58:48.920,35.934,-74.836, 0.19,340.17,38.67,0.28,15.7,15.8,1017.5,1017.2,0.0,0.0,85.1,78.5,351,346,7.6,7.7,83.6,83.6,7.5,7.6,330.6,325.5,1019.6,1019.3,256.23,352.83,1456.11,30.7465,12.532,442.2,57.8,1493.656, NAN, NAN, NAN, NAN,,2024/04/16 11:58:48.920,2024-04-16 11:58:48.920000+00:00
2024/04/16, 11:59:48.920,35.934,-74.836, -0.01,340.02,300.01,0.11,15.7,15.7,1017.5,1017.2,0.0,0.0,85.1,78.5,353,347,7.2,7.5,84.0,84.1,7.1,7.4,333.2,327.1,1019.6,1019.3,260.13,352.45,1454.69,30.6759,12.531,437.6,57.8,1493.568, NAN, NAN, NAN, NAN,,2024/04/16 11:59:48.920,2024-04-16 11:59:48.920000+00:00
2024/04/16, 12:00:48.920,35.934,-74.836, 0.00,339.8,321.1,0.12,15.6,15.6,1017.4,1017.3,0.0,0.0,85.1,78.5,356,350,7.4,7.5,84.2,84.1,7.4,7.5,336.2,330.1,1019.5,1019.4,265.97,352.44,1471.81,30.6879,12.5342,440.9,58.1,1493.594, NAN, NAN, NAN, NAN,,2024/04/16 12:00:48.920,2024-04-16 12:00:48.920000+00:00
2024/04/16, 12:01:48.920,35.934,-74.836, 0.06,340.37,321.41,0.32,15.6,15.6,1017.4,1017.4,0.0,0.0,85.1,78.5,356,351,7.6,7.6,84.3,84.2,7.5,7.5,337.5,332.4,1019.5,1019.5,268.77,352.13,1485.7,30.7146,12.5365,440.0,58.1,1493.633, NAN, NAN, NAN, NAN,,2024/04/16 12:01:48.920,2024-04-16 12:01:48.920000+00:00
2024/04/16, 12:02:48.920,35.934,-74.836, 0.05,340.11,324.82,0.19,15.5,15.5,1017.4,1017.4,0.0,0.0,85.1,78.5,0,355,8.1,8.2,84.5,84.5,8.0,8.1,340.0,334.9,1019.5,1019.5,273.4,352.35,1493.29,30.6987,12.5381,443.3,57.9,1493.62, NAN, NAN, NAN, NAN,,2024/04/16 12:02:48.920,2024-04-16 12:02:48.920000+00:00
2024/04/16, 12:03:48.921,35.934,-74.836, 0.06,339.09,49.41,0.13,15.5,15.5,1017.4,1017.3,0.0,0.0,85.1,78.5,1,356,8.0,8.0,84.7,84.6,8.0,8.0,339.6,334.6,1019.5,1019.4,275.44,352.29,1501.07,30.6754,12.5381,441.2,58.0,1493.592, NAN, NAN, NAN, NAN,,2024/04/16 12:03:48.921,2024-04-16 12:03:48.921000+00:00
2024/04/16, 12:04:48.921,35.934,-74.836, 0.16,340.14,192.92,0.04,15.5,15.5,1017.4,1017.4,0.0,0.0,85.1,78.5,1,355,8.0,7.8,84.7,84.9,8.0,7.8,341.0,335.0,1019.5,1019.5,279.62,352.45,1508.57,30.6909,12.5371,441.2,58.1,1493.607, NAN, NAN, NAN, NAN,,2024/04/16 12:04:48.921,2024-04-16 12:04:48.921000+00:00
2024/04/16, 12:05:48.921,35.934,-74.836, 0.04,340.33,94.18,0.17,15.4,15.4,1017.4,1017.4,0.0,0.0,85.1,78.5,0,355,7.7,7.7,85.0,85.0,7.7,7.7,339.8,334.8,1019.5,1019.5,280.31,351.92,1519.37,30.6686,12.5399,439.5,58.1,1493.59, NAN, NAN, NAN, NAN,,2024/04/16 12:05:48.921,2024-04-16 12:05:48.921000+00:00
2024/04/16, 12:06:48.921,35.934,-74.836, 0.09,340.64,231.1,0.29,15.3,15.4,1017.3,1017.4,0.0,0.0,85.1,78.5,3,358,7.7,7.7,85.0,84.9,7.7,7.7,344.7,339.7,1019.4,1019.5,286.13,351.8,1526.84,30.6693,12.5388,437.2,57.9,1493.587, NAN, NAN, NAN, NAN,,2024/04/16 12:06:48.921,2024-04-16 12:06:48.921000+00:00
2024/04/16, 12:07:48.921,35.934,-74.836, 0.06,340.91,265.39,0.21,15.3,15.3,1017.4,1017.3,0.0,0.0,85.1,78.5,4,359,7.3,7.2,85.2,85.1,7.3,7.1,345.7,340.6,1019.5,1019.4,289.24,351.58,1531.21,30.632,12.5443,433.2,57.9,1493.562, NAN, NAN, NAN, NAN,,2024/04/16 12:07:48.921,2024-04-16 12:07:48.921000+00:00
2024/04/16, 12:08:48.921,35.934,-74.836, 0.09,338.63,31.61,0.25,15.2,15.2,1017.4,1017.3,0.0,0.0,85.1,78.5,6,359,7.6,7.4,85.4,85.3,7.5,7.3,343.9,336.8,1019.5,1019.4,290.16,351.48,1535.34,30.602,12.5416,427.5,57.9,1493.517, NAN, NAN, NAN, NAN,,2024/04/16 12:08:48.921,2024-04-16 12:08:48.921000+00:00
2024/04/16, 12:09:48.921,35.934,-74.836, 0.00,340.1,328.26,0.22,15.1,15.2,1017.4,1017.4,0.0,0.0,85.1,78.5,7,0,8.1,7.5,85.6,85.5,8.0,7.4,346.8,339.6,1019.5,1019.5,295.55,351.17,1551.61,30.5664,12.5392,426.0,57.9,1493.466, NAN, NAN, NAN, NAN,,2024/04/16 12:09:48.921,2024-04-16 12:09:48.921000+00:00
2024/04/16, 12:10:48.921,35.934,-74.836, 0.06,340.53,209.3,0.12,15.1,15.2,1017.5,1017.4,0.0,0.0,85.1,78.5,6,0,7.9,7.7,85.8,85.5,7.9,7.7,346.2,340.2,1019.6,1019.5,299.26,350.39,1561.2,30.5759,12.5409,424.8,58.0,1493.483, NAN, NAN, NAN, NAN,,2024/04/16 12:10:48.921,2024-04-16 12:10:48.921000+00:00
2024/04/16, 12:11:48.921,35.934,-74.836, 0.07,340.32,303.59,0.2,15.0,15.0,1017.5,1017.4,0.0,0.0,85.1,78.5,9,4,8.3,7.8,85.8,85.7,8.2,7.7,349.5,344.5,1019.6,1019.5,302.72,350.5,1567.33,30.5421,12.5399,424.8,58.1,1493.44, NAN, NAN, NAN, NAN,,2024/04/16 12:11:48.921,2024-04-16 12:11:48.921000+00:00
2024/04/16, 12:12:48.921,35.934,-74.836, 0.04,339.72,146.9,0.24,14.9,15.0,1017.5,1017.4,0.0,0.0,85.1,78.5,9,4,7.9,8.2,85.8,85.8,8.0,8.3,349.1,344.1,1019.6,1019.5,303.88,350.04,1574.04,30.5574,12.5371,428.1,58.1,1493.449, NAN, NAN, NAN, NAN,,2024/04/16 12:12:48.921,2024-04-16 12:12:48.921000+00:00
2024/04/16, 12:13:48.921,35.934,-74.836, 0.01,340.01,346.16,0.11,14.8,14.9,1017.4,1017.6,0.0,0.0,85.1,78.5,9,5,8.0,7.8,85.9,85.9,8.0,7.8,349.4,345.4,1019.5,1019.7,308.91,350.39,1579.9,30.585,12.5259,429.9,58.1,1493.443, NAN, NAN, NAN, NAN,,2024/04/16 12:13:48.921,2024-04-16 12:13:48.921000+00:00
2024/04/16, 12:14:48.921,35.934,-74.836, 0.06,340.28,127.18,0.18,14.8,14.9,1017.4,1017.4,0.0,0.0,85.1,78.5,16,11,8.3,8.0,86.1,85.9,8.4,8.1,355.9,351.0,1019.5,1019.5,308.94,349.95,1586.14,30.5704,12.5294,430.5,58.1,1493.438, NAN, NAN, NAN, NAN,,2024/04/16 12:14:48.921,2024-04-16 12:14:48.921000+00:00
2024/04/16, 12:15:48.921,35.934,-74.836, 0.01,340.19,328.4,0.1,14.7,14.7,1017.4,1017.4,0.0,0.0,85.1,78.5,15,12,8.3,7.9,86.2,86.3,8.3,7.9,355.4,352.4,1019.5,1019.5,314.38,349.56,1596.0,30.5593,12.5164,426.8,58.1,1493.38, NAN, NAN, NAN, NAN,,2024/04/16 12:15:48.921,2024-04-16 12:15:48.921000+00:00
2024/04/16, 12:16:48.921,35.934,-74.836, 0.05,339.8,91.0,0.09,14.7,14.6,1017.3,1017.2,0.0,0.0,85.1,78.5,17,11,9.1,8.9,86.3,86.4,9.1,8.9,356.7,350.7,1019.4,1019.3,314.04,349.5,1604.07,30.6162,12.5203,427.5,58.1,1493.461, NAN, NAN, NAN, NAN,,2024/04/16 12:16:48.921,2024-04-16 12:16:48.921000+00:00
2024/04/16, 12:17:48.921,35.934,-74.836, 0.08,339.38,164.82,0.2,14.5,14.5,1017.3,1017.3,0.0,0.0,85.1,78.5,19,15,9.2,8.7,86.5,86.5,9.3,8.8,357.9,353.9,1019.4,1019.4,319.14,349.11,1616.11,30.612,12.5284,428.8,58.1,1493.484, NAN, NAN, NAN, NAN,,2024/04/16 12:17:48.921,2024-04-16 12:17:48.921000+00:00
2024/04/16, 12:18:48.921,35.934,-74.836, 0.29,339.44,22.37,0.45,14.4,14.5,1017.4,1017.3,0.0,0.0,85.1,78.5,21,14,9.1,9.1,86.6,86.5,8.9,8.9,0.6,353.4,1019.5,1019.4,321.02,348.86,1622.53,30.6044,12.5328,426.0,58.1,1493.49, NAN, NAN, NAN, NAN,,2024/04/16 12:18:48.921,2024-04-16 12:18:48.921000+00:00
2024/04/16, 12:19:48.921,35.934,-74.836, 0.44,340.24,0.13,0.47,14.3,14.3,1017.2,1017.4,0.0,0.0,85.1,78.5,22,15,9.8,9.2,86.7,86.7,9.6,9.0,2.3,355.2,1019.3,1019.5,324.72,348.63,1629.47,30.578,12.5352,425.1,58.1,1493.467, NAN, NAN, NAN, NAN,,2024/04/16 12:19:48.921,2024-04-16 12:19:48.921000+00:00
2024/04/16, 12:20:48.922,35.934,-74.836, 0.59,339.01,10.0,0.54,14.2,14.2,1017.3,1017.3,0.0,0.0,85.1,78.5,20,16,9.4,8.5,86.7,86.7,9.1,8.2,359.0,354.8,1019.4,1019.4,327.7,348.28,1638.24,30.6314,12.5343,427.8,58.1,1493.527, NAN, NAN, NAN, NAN,,2024/04/16 12:20:48.922,2024-04-16 12:20:48.922000+00:00
2024/04/16, 12:21:48.922,35.934,-74.836, 0.65,339.61,349.17,0.67,14.1,14.1,1017.2,1017.3,0.0,0.0,85.1,78.5,24,18,9.4,9.2,86.8,86.7,9.1,8.9,4.9,358.8,1019.3,1019.4,331.18,348.17,1646.18,30.7092,12.5344,429.9,58.1,1493.62, NAN, NAN, NAN, NAN,,2024/04/16 12:21:48.922,2024-04-16 12:21:48.922000+00:00
2024/04/16, 12:22:48.922,35.934,-74.837, 0.57,340.88,333.61,0.61,14.0,14.0,1017.3,1017.3,0.0,0.0,85.1,78.5,22,17,9.8,9.5,86.8,86.8,9.5,9.2,3.3,358.1,1019.4,1019.4,335.19,347.96,1649.83,30.8331,12.5357,432.8,58.1,1493.771, NAN, NAN, NAN, NAN,,2024/04/16 12:22:48.922,2024-04-16 12:22:48.922000+00:00
2024/04/16, 12:23:48.922,35.934,-74.837, 0.58,339.59,319.03,0.52,13.9,13.9,1017.4,1017.4,0.0,0.0,85.1,78.5,23,19,9.1,9.1,86.8,86.8,8.9,8.9,3.5,359.4,1019.5,1019.5,335.88,347.47,1659.54,30.7894,12.5356,430.8,58.1,1493.719, NAN, NAN, NAN, NAN,,2024/04/16 12:23:48.922,2024-04-16 12:23:48.922000+00:00
2024/04/16, 12:24:48.922,35.934,-74.837, 0.65,339.49,336.75,0.83,13.8,13.9,1017.4,1017.3,0.0,0.0,85.1,78.5,25,20,9.9,9.1,87.0,87.0,9.5,8.7,5.5,0.4,1019.5,1019.4,340.64,347.31,1663.74,30.7487,12.5366,429.9,58.1,1493.674, NAN, NAN, NAN, NAN,,2024/04/16 12:24:48.922,2024-04-16 12:24:48.922000+00:00
2024/04/16, 12:25:48.922,35.935,-74.837, 0.50,340.34,26.88,0.45,13.7,13.8,1017.4,1017.2,0.0,0.0,85.1,78.5,25,23,9.7,9.9,87.2,87.1,9.5,9.7,5.0,3.0,1019.5,1019.3,342.12,347.15,1672.29,30.7726,12.5353,432.4,58.1,1493.698, NAN, NAN, NAN, NAN,,2024/04/16 12:25:48.922,2024-04-16 12:25:48.922000+00:00
2024/04/16, 12:26:48.922,35.935,-74.837, 0.71,339.45,357.89,0.7,13.6,13.7,1017.3,1017.4,0.0,0.0,85.1,78.5,29,24,9.3,9.4,87.1,87.0,9.0,9.1,9.3,4.1,1019.4,1019.5,346.04,347.43,1678.05,30.7782,12.532,431.2,57.9,1493.693, NAN, NAN, NAN, NAN,,2024/04/16 12:26:48.922,2024-04-16 12:26:48.922000+00:00
2024/04/16, 12:27:48.922,35.935,-74.837, 0.53,339.59,330.49,0.22,13.6,13.6,1017.3,1017.3,0.0,0.0,85.1,78.5,31,25,9.8,10.0,87.1,87.1,9.7,9.9,11.1,5.0,1019.4,1019.4,347.8,347.24,1687.44,30.7318,12.5263,429.4,58.0,1493.619, NAN, NAN, NAN, NAN,,2024/04/16 12:27:48.922,2024-04-16 12:27:48.922000+00:00
2024/04/16, 12:28:48.922,35.935,-74.837, 0.58,339.62,299.92,0.48,13.5,13.6,1017.2,1017.3,0.0,0.0,85.1,78.5,30,25,9.1,9.2,87.1,87.1,8.9,9.0,10.7,5.6,1019.3,1019.4,352.29,347.44,1692.38,30.6961,12.5269,428.4,58.1,1493.578, NAN, NAN, NAN, NAN,,2024/04/16 12:28:48.922,2024-04-16 12:28:48.922000+00:00
2024/04/16, 12:29:48.922,35.935,-74.837, 0.61,340.41,345.14,0.55,13.4,13.5,1017.3,1017.2,0.0,0.0,85.1,78.5,27,23,9.7,9.1,87.4,87.4,9.4,8.8,8.1,4.0,1019.4,1019.3,356.16,347.42,1697.66,30.7564,12.5303,429.4,58.1,1493.662, NAN, NAN, NAN, NAN,,2024/04/16 12:29:48.922,2024-04-16 12:29:48.922000+00:00
2024/04/16, 12:30:48.922,35.935,-74.837, 0.60,339.88,313.42,0.69,13.4,13.5,1017.3,1017.3,0.0,0.0,85.1,78.5,29,25,9.3,9.3,87.5,87.4,9.1,9.1,10.7,6.6,1019.4,1019.4,361.26,347.23,1706.62,30.7389,12.5305,429.7,58.1,1493.641, NAN, NAN, NAN, NAN,,2024/04/16 12:30:48.922,2024-04-16 12:30:48.922000+00:00
2024/04/16, 12:31:48.922,35.935,-74.837, 0.58,338.91,7.11,0.44,13.3,13.4,1017.4,1017.3,0.0,0.0,85.1,78.5,29,24,9.6,9.4,87.8,87.7,9.4,9.2,8.0,2.9,1019.5,1019.4,361.12,347.1,1711.22,30.7588,12.5322,429.4,58.1,1493.671, NAN, NAN, NAN, NAN,,2024/04/16 12:31:48.922,2024-04-16 12:31:48.922000+00:00
2024/04/16, 12:32:48.922,35.935,-74.837, 0.55,339.64,13.99,0.48,13.3,13.3,1017.2,1017.4,0.0,0.0,85.1,78.5,32,27,8.7,8.9,87.9,87.9,8.5,8.7,11.9,6.8,1019.3,1019.5,366.61,347.31,1717.82,30.754,12.5355,429.4,58.2,1493.676, NAN, NAN, NAN, NAN,,2024/04/16 12:32:48.922,2024-04-16 12:32:48.922000+00:00
2024/04/16, 12:33:48.922,35.936,-74.837, 0.59,339.62,330.29,0.43,13.2,13.3,1017.4,1017.4,0.0,0.0,85.1,78.5,29,27,8.9,9.3,88.1,88.0,8.7,9.1,9.2,7.2,1019.5,1019.5,367.96,347.27,1717.94,30.7419,12.5355,428.4,58.1,1493.662, NAN, NAN, NAN, NAN,,2024/04/16 12:33:48.922,2024-04-16 12:33:48.922000+00:00
2024/04/16, 12:34:48.922,35.936,-74.837, 0.56,339.98,339.17,0.89,13.2,13.2,1017.3,1017.3,0.0,0.0,85.1,78.5,32,29,9.0,9.8,88.3,88.3,8.6,9.4,13.6,10.3,1019.4,1019.4,376.74,347.76,1730.11,30.7802,12.5371,429.7,57.9,1493.713, NAN, NAN, NAN, NAN,,2024/04/16 12:34:48.922,2024-04-16 12:34:48.922000+00:00
2024/04/16, 12:35:48.923,35.936,-74.837, 0.50,340.15,298.18,0.66,13.2,13.2,1017.5,1017.2,0.0,0.0,85.1,78.5,34,28,9.2,9.7,88.4,88.3,9.1,9.5,16.1,9.9,1019.6,1019.3,380.32,347.22,1738.09,30.8317,12.5333,429.9,57.8,1493.761, NAN, NAN, NAN, NAN,,2024/04/16 12:35:48.923,2024-04-16 12:35:48.923000+00:00
2024/04/16, 12:36:48.923,35.936,-74.837, 0.59,340.55,300.92,0.46,13.2,13.2,1017.3,1017.3,0.0,0.0,85.1,78.5,33,29,8.9,9.6,88.4,88.5,8.8,9.5,14.9,10.8,1019.4,1019.4,382.66,347.38,1744.29,30.7864,12.5327,426.8,57.8,1493.705, NAN, NAN, NAN, NAN,,2024/04/16 12:36:48.923,2024-04-16 12:36:48.923000+00:00
2024/04/16, 12:37:48.923,35.936,-74.837, 0.56,339.09,323.71,0.57,13.1,13.2,1017.3,1017.3,0.0,0.0,85.1,78.5,35,30,8.4,10.3,88.6,88.6,8.2,10.1,15.8,10.4,1019.4,1019.4,388.13,347.68,1748.61,30.8372,12.5355,429.1,57.9,1493.775, NAN, NAN, NAN, NAN,,2024/04/16 12:37:48.923,2024-04-16 12:37:48.923000+00:00
2024/04/16, 12:38:48.923,35.936,-74.837, 0.50,339.44,12.29,0.41,13.1,13.2,1017.2,1017.3,0.0,0.0,85.1,78.5,34,29,6.7,9.2,88.8,88.8,6.5,9.0,14.1,8.8,1019.3,1019.4,389.17,347.63,1754.45,30.7916,12.5343,428.1,58.0,1493.717, NAN, NAN, NAN, NAN,,2024/04/16 12:38:48.923,2024-04-16 12:38:48.923000+00:00
2024/04/16, 12:39:48.923,35.936,-74.838, 0.73,339.47,0.1,0.82,13.1,13.1,1017.2,1017.4,0.0,0.0,85.1,78.5,35,29,7.3,9.7,89.0,89.0,6.9,9.3,14.6,8.3,1019.3,1019.5,393.93,347.78,1764.06,30.8078,12.5285,429.1,57.9,1493.716, NAN, NAN, NAN, NAN,,2024/04/16 12:39:48.923,2024-04-16 12:39:48.923000+00:00
2024/04/16, 12:40:48.923,35.936,-74.838, 0.56,339.69,340.2,0.59,13.1,13.1,1017.4,1017.2,0.0,0.0,85.1,78.5,34,30,9.3,10.1,89.2,89.2,9.0,9.8,14.4,10.3,1019.5,1019.3,397.27,347.95,1767.07,30.7908,12.5298,426.8,58.0,1493.701, NAN, NAN, NAN, NAN,,2024/04/16 12:40:48.923,2024-04-16 12:40:48.923000+00:00
2024/04/16, 12:41:48.923,35.937,-74.838, 0.55,339.78,341.58,0.4,13.1,13.1,1017.3,1017.3,0.0,0.0,85.1,78.5,33,27,8.6,8.7,89.4,89.4,8.4,8.5,13.7,7.6,1019.4,1019.4,404.29,347.94,1771.16,30.8267,12.5312,428.8,57.8,1493.748, NAN, NAN, NAN, NAN,,2024/04/16 12:41:48.923,2024-04-16 12:41:48.923000+00:00
2024/04/16, 12:42:48.923,35.937,-74.838, 0.57,340.17,304.85,0.62,13.1,13.1,1017.3,1017.3,0.0,0.0,85.1,78.5,33,27,8.5,9.1,89.6,89.6,8.3,8.9,15.0,8.8,1019.4,1019.4,407.55,348.14,1776.13,30.9011,12.5314,430.5,57.9,1493.837, NAN, NAN, NAN, NAN,,2024/04/16 12:42:48.923,2024-04-16 12:42:48.923000+00:00
2024/04/16, 12:43:48.923,35.937,-74.838, 0.55,340.08,330.69,0.59,13.1,13.1,1017.4,1017.4,0.0,0.0,85.1,78.5,31,27,8.8,8.8,89.8,89.8,8.5,8.5,12.2,8.0,1019.5,1019.5,412.38,347.87,1784.28,30.969,12.5316,431.8,58.0,1493.918, NAN, NAN, NAN, NAN,,2024/04/16 12:43:48.923,2024-04-16 12:43:48.923000+00:00
2024/04/16, 12:44:48.923,35.937,-74.838, 0.53,339.84,356.27,0.6,13.1,13.1,1017.3,1017.4,0.0,0.0,85.1,78.5,33,27,8.9,8.9,90.0,90.0,8.6,8.6,13.3,7.0,1019.4,1019.5,413.03,348.26,1788.39,30.9654,12.5298,429.4,58.0,1493.908, NAN, NAN, NAN, NAN,,2024/04/16 12:44:48.923,2024-04-16 12:44:48.923000+00:00
2024/04/16, 12:45:48.923,35.937,-74.838, 0.60,339.66,345.1,0.66,13.1,13.1,1017.4,1017.4,0.0,0.0,85.1,78.5,34,28,8.7,9.3,90.1,90.1,8.4,9.0,14.6,8.3,1019.5,1019.5,420.63,348.39,1794.01,30.911,12.5314,428.8,57.9,1493.849, NAN, NAN, NAN, NAN,,2024/04/16 12:45:48.923,2024-04-16 12:45:48.923000+00:00
2024/04/16, 12:46:48.923,35.937,-74.838, 0.52,339.31,359.49,0.48,13.1,13.1,1017.5,1017.4,0.0,0.0,85.1,78.5,35,30,9.4,10.7,90.3,90.3,9.2,10.5,14.8,9.6,1019.6,1019.5,421.28,348.33,1800.34,30.9739,12.5282,429.4,57.9,1493.913, NAN, NAN, NAN, NAN,,2024/04/16 12:46:48.923,2024-04-16 12:46:48.923000+00:00
2024/04/16, 12:47:48.923,35.937,-74.838, 0.57,339.23,333.83,0.61,13.1,13.1,1017.3,1017.5,0.0,0.0,85.1,78.5,35,30,8.7,10.2,90.4,90.4,8.4,9.9,15.3,10.0,1019.4,1019.6,429.08,348.47,1803.62,30.9979,12.5282,428.4,57.8,1493.941, NAN, NAN, NAN, NAN,,2024/04/16 12:47:48.923,2024-04-16 12:47:48.923000+00:00
2024/04/16, 12:48:48.923,35.938,-74.838, 0.57,340.19,318.39,0.57,13.1,13.1,1017.4,1017.4,0.0,0.0,85.1,78.5,35,30,9.3,10.1,90.5,90.5,9.1,9.9,16.4,11.2,1019.5,1019.5,430.31,348.71,1807.29,30.9768,12.5274,427.5,58.0,1493.913, NAN, NAN, NAN, NAN,,2024/04/16 12:48:48.923,2024-04-16 12:48:48.923000+00:00
2024/04/16, 12:49:48.923,35.938,-74.838, 0.56,339.99,350.73,0.65,13.1,13.2,1017.4,1017.4,0.0,0.0,85.1,78.5,34,29,9.8,10.2,90.6,90.6,9.5,9.9,14.8,9.6,1019.5,1019.5,435.88,349.06,1811.43,30.8757,12.5253,424.8,58.0,1493.786, NAN, NAN, NAN, NAN,,2024/04/16 12:49:48.923,2024-04-16 12:49:48.923000+00:00
2024/04/16, 12:50:48.923,35.938,-74.838, 0.52,340.18,325.01,0.53,13.1,13.2,1017.5,1017.4,0.0,0.0,85.1,78.5,36,29,8.6,10.0,90.6,90.6,8.4,9.8,17.2,9.9,1019.6,1019.5,437.83,349.07,1815.27,30.8659,12.5234,426.4,58.0,1493.768, NAN, NAN, NAN, NAN,,2024/04/16 12:50:48.923,2024-04-16 12:50:48.923000+00:00
2024/04/16, 12:51:48.924,35.938,-74.838, 0.52,338.86,354.37,0.46,13.2,13.2,1017.4,1017.4,0.0,0.0,85.1,78.5,34,29,9.3,10.1,90.6,90.6,9.1,9.9,13.4,8.2,1019.5,1019.5,441.17,349.45,1821.22,30.8924,12.5205,426.0,58.1,1493.79, NAN, NAN, NAN, NAN,,2024/04/16 12:51:48.924,2024-04-16 12:51:48.924000+00:00
2024/04/16, 12:52:48.924,35.938,-74.838, 0.55,338.98,17.1,0.78,13.2,13.2,1017.4,1017.5,0.0,0.0,85.1,78.5,35,28,8.1,9.4,90.7,90.7,7.8,9.0,15.5,8.0,1019.5,1019.6,450.3,349.77,1825.3,30.9049,12.5239,427.5,58.1,1493.816, NAN, NAN, NAN, NAN,,2024/04/16 12:52:48.924,2024-04-16 12:52:48.924000+00:00
2024/04/16, 12:53:48.924,35.938,-74.838, 0.50,339.59,356.85,0.47,13.2,13.2,1017.3,1017.4,0.0,0.0,85.1,78.5,36,31,8.8,10.4,90.8,90.8,8.6,10.2,16.7,11.4,1019.4,1019.5,450.23,349.81,1833.97,30.9426,12.5275,427.8,58.1,1493.873, NAN, NAN, NAN, NAN,,2024/04/16 12:53:48.924,2024-04-16 12:53:48.924000+00:00
2024/04/16, 12:54:48.924,35.938,-74.838, 0.51,339.42,4.5,0.67,13.2,13.2,1017.4,1017.3,0.0,0.0,85.1,78.5,34,30,9.5,10.1,90.8,90.8,9.2,9.8,13.8,9.6,1019.5,1019.4,457.85,349.31,1837.51,30.9395,12.5331,427.2,58.3,1493.888, NAN, NAN, NAN, NAN,,2024/04/16 12:54:48.924,2024-04-16 12:54:48.924000+00:00
2024/04/16, 12:55:48.924,35.938,-74.838, 0.87,339.74,352.17,0.93,13.2,13.2,1017.5,1017.4,0.0,0.0,85.1,78.5,32,29,9.5,10.4,90.8,90.8,9.1,10.0,13.0,9.7,1019.6,1019.5,459.6,349.54,1843.33,30.9259,12.535,428.4,58.3,1493.879, NAN, NAN, NAN, NAN,,2024/04/16 12:55:48.924,2024-04-16 12:55:48.924000+00:00
2024/04/16, 12:56:48.924,35.939,-74.839, 0.97,339.91,326.6,0.96,13.2,13.3,1017.5,1017.5,0.0,0.0,85.1,78.5,36,30,9.0,10.9,90.8,90.9,8.7,10.5,18.2,11.6,1019.6,1019.6,465.53,349.9,1848.84,30.8777,12.5281,426.4,58.1,1493.798, NAN, NAN, NAN, NAN,,2024/04/16 12:56:48.924,2024-04-16 12:56:48.924000+00:00
2024/04/16, 12:57:48.924,35.939,-74.839, 1.05,338.53,358.71,1.14,13.2,13.3,1017.6,1017.4,0.0,0.0,85.1,78.5,36,30,8.5,10.6,90.9,90.9,8.0,10.1,17.0,10.2,1019.7,1019.5,471.0,349.6,1853.81,30.8391,12.5195,426.0,58.2,1493.723, NAN, NAN, NAN, NAN,,2024/04/16 12:57:48.924,2024-04-16 12:57:48.924000+00:00
2024/04/16, 12:58:48.924,35.939,-74.839, 1.03,339.55,333.85,0.99,13.3,13.3,1017.2,1017.6,0.0,0.0,85.1,78.5,34,29,9.9,10.0,90.9,90.9,9.5,9.6,15.2,10.0,1019.3,1019.7,475.45,349.73,1857.72,30.8664,12.514,425.4,58.0,1493.737, NAN, NAN, NAN, NAN,,2024/04/16 12:58:48.924,2024-04-16 12:58:48.924000+00:00
2024/04/16, 12:59:48.924,35.94,-74.839, 1.00,340.08,324.88,0.96,13.3,13.3,1017.5,1017.6,0.0,0.0,85.1,78.5,36,30,10.0,10.7,90.8,90.8,9.6,10.3,18.1,11.7,1019.6,1019.7,478.28,350.07,1862.57,30.7578,12.511,421.1,58.1,1493.597, NAN, NAN, NAN, NAN,,2024/04/16 12:59:48.924,2024-04-16 12:59:48.924000+00:00
2024/04/16, 13:00:48.924,35.94,-74.839, 1.01,339.82,352.77,0.87,13.3,13.3,1017.2,1017.6,0.0,0.0,85.1,78.5,37,32,9.8,11.6,90.8,90.9,9.4,11.2,18.2,12.8,1019.3,1019.7,480.69,349.98,1871.08,30.6829,12.5138,415.3,58.2,1493.518, NAN, NAN, NAN, NAN,,2024/04/16 13:00:48.924,2024-04-16 13:00:48.924000+00:00
2024/04/16, 13:01:48.924,35.94,-74.839, 1.10,338.56,15.37,1.05,13.3,13.3,1017.4,1017.4,0.0,0.0,85.1,78.5,35,30,10.5,11.5,90.8,90.9,10.0,11.0,14.5,9.2,1019.5,1019.5,484.23,350.17,1872.76,30.6471,12.5139,413.2,58.2,1493.476, NAN, NAN, NAN, NAN,,2024/04/16 13:01:48.924,2024-04-16 13:01:48.924000+00:00
2024/04/16, 13:02:48.924,35.94,-74.839, 1.03,339.55,335.43,1.16,13.3,13.4,1017.4,1017.4,0.0,0.0,85.1,78.5,37,31,8.4,10.4,90.7,90.7,8.0,9.9,19.4,12.6,1019.5,1019.5,484.19,349.8,1869.39,30.6449,12.5134,412.9,58.4,1493.472, NAN, NAN, NAN, NAN,,2024/04/16 13:02:48.924,2024-04-16 13:02:48.924000+00:00
2024/04/16, 13:03:48.924,35.941,-74.839, 0.96,339.63,357.31,1.09,13.3,13.4,1017.6,1017.4,0.0,0.0,85.1,78.5,37,33,9.9,11.4,90.6,90.7,9.4,10.9,18.1,13.7,1019.7,1019.5,491.79,350.38,1879.87,30.6241,12.5135,411.3,58.3,1493.447, NAN, NAN, NAN, NAN,,2024/04/16 13:03:48.924,2024-04-16 13:03:48.924000+00:00
2024/04/16, 13:04:48.924,35.941,-74.84, 1.05,338.76,354.22,1.01,13.4,13.4,1017.5,1017.4,0.0,0.0,85.1,78.5,38,32,10.1,11.6,90.5,90.5,9.6,11.1,18.2,11.7,1019.6,1019.5,495.48,350.25,1884.99,30.6206,12.5101,410.4,58.4,1493.431, NAN, NAN, NAN, NAN,,2024/04/16 13:04:48.924,2024-04-16 13:04:48.924000+00:00
2024/04/16, 13:05:48.924,35.941,-74.84, 0.99,339.9,358.75,1.08,13.4,13.4,1017.4,1017.6,0.0,0.0,85.1,78.5,40,34,10.2,12.4,90.3,90.4,9.7,11.9,21.6,15.1,1019.5,1019.7,497.11,350.17,1887.94,30.6193,12.5128,410.7,58.4,1493.439, NAN, NAN, NAN, NAN,,2024/04/16 13:05:48.924,2024-04-16 13:05:48.924000+00:00
2024/04/16, 13:06:48.924,35.941,-74.84, 1.02,338.89,11.28,1.26,13.4,13.4,1017.5,1017.6,0.0,0.0,85.1,78.5,39,35,10.1,12.4,90.1,90.1,9.5,11.8,18.7,14.3,1019.6,1019.7,500.58,350.38,1893.51,30.6176,12.5169,410.7,58.3,1493.451, NAN, NAN, NAN, NAN,,2024/04/16 13:06:48.924,2024-04-16 13:06:48.924000+00:00
2024/04/16, 13:07:48.925,35.942,-74.84, 0.94,339.51,339.16,0.93,13.5,13.5,1017.2,1017.5,0.0,0.0,85.1,78.5,40,34,11.5,12.7,89.9,90.0,11.1,12.3,21.1,14.8,1019.3,1019.6,506.34,350.38,1897.62,30.633,12.5174,412.3,58.4,1493.471, NAN, NAN, NAN, NAN,,2024/04/16 13:07:48.925,2024-04-16 13:07:48.925000+00:00
2024/04/16, 13:08:48.925,35.942,-74.84, 1.02,339.96,334.68,0.97,13.5,13.5,1017.4,1017.5,0.0,0.0,85.1,78.5,41,38,10.5,12.6,89.5,89.7,10.2,12.3,23.0,19.6,1019.5,1019.6,503.87,350.47,1884.62,30.6373,12.5145,411.3,58.4,1493.466, NAN, NAN, NAN, NAN,,2024/04/16 13:08:48.925,2024-04-16 13:08:48.925000+00:00
2024/04/16, 13:09:48.925,35.942,-74.84, 1.00,338.88,343.5,0.96,13.5,13.5,1017.3,1017.5,0.0,0.0,85.1,78.5,43,37,10.0,12.5,89.3,89.4,9.6,12.1,23.7,17.1,1019.4,1019.6,515.5,350.76,1911.71,30.6444,12.5145,413.2,58.2,1493.475, NAN, NAN, NAN, NAN,,2024/04/16 13:09:48.925,2024-04-16 13:09:48.925000+00:00
2024/04/16, 13:10:48.925,35.942,-74.84, 1.03,339.37,348.25,1.02,13.5,13.6,1017.5,1017.4,0.0,0.0,85.1,78.5,43,37,10.2,12.3,88.9,89.1,9.8,11.9,24.3,17.8,1019.6,1019.5,519.79,350.68,1917.7,30.655,12.5199,412.6,58.3,1493.506, NAN, NAN, NAN, NAN,,2024/04/16 13:10:48.925,2024-04-16 13:10:48.925000+00:00
2024/04/16, 13:11:48.925,35.943,-74.84, 1.00,338.94,347.0,0.97,13.6,13.6,1017.4,1017.4,0.0,0.0,85.1,78.5,41,37,10.7,12.2,88.8,88.9,10.3,11.8,21.6,17.3,1019.5,1019.5,519.02,350.44,1917.6,30.6552,12.5252,413.2,58.2,1493.524, NAN, NAN, NAN, NAN,,2024/04/16 13:11:48.925,2024-04-16 13:11:48.925000+00:00
2024/04/16, 13:12:48.925,35.943,-74.841, 1.03,339.33,346.58,1.09,13.6,13.6,1017.3,1017.4,0.0,0.0,85.1,78.5,44,37,10.3,11.9,88.6,88.7,9.9,11.4,25.4,17.8,1019.4,1019.5,525.57,350.16,1923.16,30.6442,12.5258,413.4,58.4,1493.513, NAN, NAN, NAN, NAN,,2024/04/16 13:12:48.925,2024-04-16 13:12:48.925000+00:00
2024/04/16, 13:13:48.925,35.943,-74.841, 1.01,339.85,323.46,0.94,13.6,13.6,1017.5,1017.5,0.0,0.0,85.1,78.5,42,37,10.9,13.0,88.4,88.4,10.6,12.7,23.8,18.4,1019.6,1019.6,528.53,350.47,1926.68,30.6349,12.5257,412.3,58.4,1493.502, NAN, NAN, NAN, NAN,,2024/04/16 13:13:48.925,2024-04-16 13:13:48.925000+00:00
2024/04/16, 13:14:48.925,35.943,-74.841, 0.99,339.74,334.43,1.06,13.6,13.6,1017.4,1017.4,0.0,0.0,85.1,78.5,41,38,9.9,11.8,88.1,88.4,9.5,11.4,23.0,19.5,1019.5,1019.5,530.13,350.3,1927.7,30.6328,12.5255,412.6,58.4,1493.498, NAN, NAN, NAN, NAN,,2024/04/16 13:14:48.925,2024-04-16 13:14:48.925000+00:00
2024/04/16, 13:15:48.925,35.944,-74.841, 0.94,340.53,322.43,0.91,13.6,13.7,1017.5,1017.5,0.0,0.0,85.1,78.5,43,39,10.3,12.5,88.1,87.9,10.0,12.2,25.7,21.2,1019.6,1019.6,534.1,350.52,1927.92,30.6396,12.528,413.4,58.2,1493.515, NAN, NAN, NAN, NAN,,2024/04/16 13:15:48.925,2024-04-16 13:15:48.925000+00:00
2024/04/16, 13:16:48.925,35.944,-74.841, 0.99,339.94,333.38,1.11,13.7,13.7,1017.6,1017.6,0.0,0.0,85.1,78.5,44,38,9.9,11.8,87.5,87.7,9.5,11.4,26.4,19.8,1019.7,1019.7,538.34,350.66,1932.77,30.6585,12.5276,413.7,57.8,1493.536, NAN, NAN, NAN, NAN,,2024/04/16 13:16:48.925,2024-04-16 13:16:48.925000+00:00
2024/04/16, 13:17:48.925,35.944,-74.841, 0.94,339.61,340.83,1.03,13.7,13.7,1017.6,1017.6,0.0,0.0,85.1,78.5,44,39,10.1,12.1,87.4,87.4,9.7,11.7,25.7,20.2,1019.7,1019.7,540.92,350.06,1932.72,30.6516,12.5262,413.7,57.9,1493.523, NAN, NAN, NAN, NAN,,2024/04/16 13:17:48.925,2024-04-16 13:17:48.925000+00:00
2024/04/16, 13:18:48.925,35.944,-74.841, 0.95,340.06,340.5,0.91,13.7,13.7,1017.6,1017.4,0.0,0.0,85.1,78.5,44,39,10.5,12.6,87.3,87.3,10.2,12.3,26.0,20.6,1019.7,1019.5,548.23,350.2,1939.6,30.6527,12.5278,415.0,57.9,1493.53, NAN, NAN, NAN, NAN,,2024/04/16 13:18:48.925,2024-04-16 13:18:48.925000+00:00
2024/04/16, 13:19:48.925,35.945,-74.841, 1.00,339.8,353.04,1.22,13.7,13.7,1017.4,1017.5,0.0,0.0,85.1,78.5,43,38,11.0,12.7,87.0,87.1,10.5,12.2,25.0,19.5,1019.5,1019.6,553.39,350.15,1944.11,30.6488,12.5281,413.7,58.1,1493.526, NAN, NAN, NAN, NAN,,2024/04/16 13:19:48.925,2024-04-16 13:19:48.925000+00:00
2024/04/16, 13:20:48.925,35.945,-74.841, 0.96,340.05,308.88,0.99,13.7,13.7,1017.5,1017.5,0.0,0.0,85.1,78.5,44,38,11.4,13.5,86.7,86.8,11.1,13.2,26.3,19.8,1019.6,1019.6,545.6,350.12,1944.43,30.6531,12.5276,414.0,57.5,1493.53, NAN, NAN, NAN, NAN,,2024/04/16 13:20:48.925,2024-04-16 13:20:48.925000+00:00
2024/04/16, 13:21:48.925,35.945,-74.842, 0.99,339.66,346.65,1.04,13.7,13.8,1017.4,1017.5,0.0,0.0,85.1,78.5,45,41,10.1,12.8,86.4,86.5,9.7,12.4,26.7,22.1,1019.5,1019.6,547.12,350.32,1944.68,30.6447,12.5305,416.0,57.5,1493.53, NAN, NAN, NAN, NAN,,2024/04/16 13:21:48.925,2024-04-16 13:21:48.925000+00:00
2024/04/16, 13:22:48.925,35.946,-74.842, 0.95,338.87,349.81,0.82,13.8,13.8,1017.5,1017.6,0.0,0.0,85.1,78.5,44,39,10.4,12.6,86.2,86.3,10.1,12.3,24.5,19.1,1019.6,1019.7,562.11,350.4,1952.35,30.6378,12.5314,413.4,57.2,1493.525, NAN, NAN, NAN, NAN,,2024/04/16 13:22:48.925,2024-04-16 13:22:48.925000+00:00
2024/04/16, 13:23:48.926,35.946,-74.842, 0.96,339.37,337.23,1.12,13.8,13.8,1017.4,1017.7,0.0,0.0,85.1,78.5,46,41,11.5,13.0,86.0,86.1,11.1,12.5,27.4,22.0,1019.5,1019.8,555.15,350.03,1951.56,30.6362,12.5285,412.3,57.5,1493.513, NAN, NAN, NAN, NAN,,2024/04/16 13:23:48.926,2024-04-16 13:23:48.926000+00:00
2024/04/16, 13:24:48.926,35.946,-74.842, 0.95,339.56,333.14,0.98,13.8,13.8,1017.4,1017.4,0.0,0.0,85.1,78.5,47,41,11.1,12.9,85.6,85.8,10.8,12.5,28.6,22.1,1019.5,1019.5,560.06,350.16,1954.45,30.6382,12.525,412.6,57.6,1493.503, NAN, NAN, NAN, NAN,,2024/04/16 13:24:48.926,2024-04-16 13:24:48.926000+00:00
2024/04/16, 13:25:48.926,35.946,-74.842, 0.90,339.72,341.65,1.08,13.9,13.9,1017.5,1017.6,0.0,0.0,85.1,78.5,47,41,10.3,12.4,85.4,85.5,9.9,12.0,28.9,22.3,1019.6,1019.7,561.65,350.44,1960.33,30.6419,12.5211,412.6,57.4,1493.494, NAN, NAN, NAN, NAN,,2024/04/16 13:25:48.926,2024-04-16 13:25:48.926000+00:00
2024/04/16, 13:26:48.926,35.947,-74.842, 0.93,339.89,330.77,0.86,13.9,13.9,1017.5,1017.6,0.0,0.0,85.1,78.5,46,40,10.9,12.9,85.4,85.4,10.6,12.6,27.8,21.3,1019.6,1019.7,565.05,350.18,1963.38,30.6546,12.5228,413.2,57.6,1493.515, NAN, NAN, NAN, NAN,,2024/04/16 13:26:48.926,2024-04-16 13:26:48.926000+00:00
2024/04/16, 13:27:48.926,35.947,-74.842, 0.93,339.94,339.6,1.0,13.9,13.9,1017.3,1017.6,0.0,0.0,85.1,78.5,47,42,11.9,13.3,85.2,85.3,11.6,12.9,28.8,23.5,1019.4,1019.7,567.39,350.57,1964.78,30.6546,12.5247,413.4,57.7,1493.522, NAN, NAN, NAN, NAN,,2024/04/16 13:27:48.926,2024-04-16 13:27:48.926000+00:00
2024/04/16, 13:28:48.926,35.947,-74.842, 0.93,339.39,341.97,0.87,13.9,13.9,1017.4,1017.4,0.0,0.0,85.1,78.5,48,41,11.0,13.2,85.0,85.1,10.7,12.9,29.2,21.7,1019.5,1019.5,567.48,350.26,1965.7,30.6645,12.5232,414.4,57.7,1493.528, NAN, NAN, NAN, NAN,,2024/04/16 13:28:48.926,2024-04-16 13:28:48.926000+00:00
2024/04/16, 13:29:48.926,35.947,-74.842, 0.95,340.13,327.13,1.02,14.0,14.0,1017.4,1017.6,0.0,0.0,85.1,78.5,48,44,11.2,13.0,84.9,84.9,11.0,12.7,30.2,25.9,1019.5,1019.7,571.58,350.32,1968.6,30.6734,12.5222,413.4,57.6,1493.535, NAN, NAN, NAN, NAN,,2024/04/16 13:29:48.926,2024-04-16 13:29:48.926000+00:00
2024/04/16, 13:30:48.926,35.948,-74.843, 0.97,339.71,331.8,1.12,14.0,14.0,1017.5,1017.5,0.0,0.0,85.1,78.5,48,43,11.7,13.6,84.9,84.9,11.3,13.2,30.0,24.5,1019.6,1019.6,575.3,350.31,1971.95,30.6712,12.5251,413.2,57.7,1493.543, NAN, NAN, NAN, NAN,,2024/04/16 13:30:48.926,2024-04-16 13:30:48.926000+00:00
2024/04/16, 13:31:48.926,35.948,-74.843, 0.93,338.97,356.83,0.94,14.0,14.0,1017.5,1017.6,0.0,0.0,85.1,78.5,48,44,11.4,13.9,84.7,84.8,11.0,13.5,28.6,24.2,1019.6,1019.7,577.79,350.19,1976.82,30.6731,12.5246,414.0,57.6,1493.543, NAN, NAN, NAN, NAN,,2024/04/16 13:31:48.926,2024-04-16 13:31:48.926000+00:00
2024/04/16, 13:32:48.926,35.948,-74.843, 0.91,339.54,6.33,0.87,14.0,14.1,1017.4,1017.6,0.0,0.0,85.1,78.5,48,43,11.1,13.6,84.5,84.6,10.8,13.2,29.1,23.7,1019.5,1019.7,579.71,350.01,1978.63,30.6731,12.5252,413.7,57.5,1493.545, NAN, NAN, NAN, NAN,,2024/04/16 13:32:48.926,2024-04-16 13:32:48.926000+00:00
2024/04/16, 13:33:48.926,35.948,-74.843, 0.95,339.63,334.34,1.08,14.0,14.1,1017.7,1017.7,0.0,0.0,85.1,78.5,49,42,12.1,14.0,84.4,84.4,11.7,13.6,30.7,23.2,1019.8,1019.8,584.34,350.16,1983.15,30.6813,12.5232,412.0,57.6,1493.548, NAN, NAN, NAN, NAN,,2024/04/16 13:33:48.926,2024-04-16 13:33:48.926000+00:00
2024/04/16, 13:34:48.926,35.949,-74.843, 0.91,339.93,356.71,0.98,14.1,14.1,1017.5,1017.7,0.0,0.0,85.1,78.5,48,42,11.8,13.0,84.0,84.1,11.4,12.6,29.5,23.2,1019.6,1019.8,584.23,349.76,1985.81,30.6927,12.5218,414.0,57.7,1493.557, NAN, NAN, NAN, NAN,,2024/04/16 13:34:48.926,2024-04-16 13:34:48.926000+00:00
2024/04/16, 13:35:48.926,35.949,-74.843, 0.91,340.11,329.29,0.9,14.1,14.1,1017.5,1017.8,0.0,0.0,85.1,78.5,49,44,11.6,12.8,83.7,83.8,11.3,12.5,31.0,25.7,1019.6,1019.9,586.85,349.75,1986.54,30.6889,12.5248,414.0,57.7,1493.563, NAN, NAN, NAN, NAN,,2024/04/16 13:35:48.926,2024-04-16 13:35:48.926000+00:00
2024/04/16, 13:36:48.926,35.949,-74.843, 0.91,339.45,358.73,1.0,14.1,14.1,1017.4,1017.6,0.0,0.0,85.1,78.5,49,44,12.0,13.7,83.4,83.5,11.6,13.3,30.1,24.8,1019.5,1019.7,591.15,349.86,1990.78,30.6938,12.523,413.7,57.7,1493.562, NAN, NAN, NAN, NAN,,2024/04/16 13:36:48.926,2024-04-16 13:36:48.926000+00:00
2024/04/16, 13:37:48.926,35.949,-74.843, 0.94,339.65,337.23,0.95,14.1,14.1,1017.6,1017.8,0.0,0.0,85.1,78.5,48,44,12.0,14.3,83.0,83.1,11.7,14.0,29.5,25.1,1019.7,1019.9,594.08,349.38,1993.81,30.7079,12.5204,416.6,57.8,1493.57, NAN, NAN, NAN, NAN,,2024/04/16 13:37:48.926,2024-04-16 13:37:48.926000+00:00
2024/04/16, 13:38:48.926,35.95,-74.844, 0.91,340.64,322.79,0.97,14.1,14.1,1017.4,1017.7,0.0,0.0,85.1,78.5,50,43,12.0,14.0,82.8,82.9,11.7,13.7,32.7,25.2,1019.5,1019.8,596.67,349.77,1996.09,30.6999,12.5229,413.2,57.8,1493.569, NAN, NAN, NAN, NAN,,2024/04/16 13:38:48.926,2024-04-16 13:38:48.926000+00:00
2024/04/16, 13:39:48.926,35.95,-74.844, 0.95,339.02,340.14,1.25,14.1,14.1,1017.8,1017.7,0.0,0.0,85.1,78.5,51,45,11.8,12.7,82.5,82.6,11.4,12.2,32.4,26.0,1019.9,1019.8,598.48,349.42,1998.58,30.6871,12.5246,413.7,57.7,1493.56, NAN, NAN, NAN, NAN,,2024/04/16 13:39:48.926,2024-04-16 13:39:48.926000+00:00
2024/04/16, 13:40:48.927,35.95,-74.844, 0.90,339.66,14.81,1.12,14.1,14.2,1017.7,1017.8,0.0,0.0,85.1,78.5,50,43,11.9,14.0,82.3,82.4,11.4,13.5,30.9,23.4,1019.8,1019.9,600.75,349.5,2001.6,30.6807,12.5263,412.6,57.7,1493.558, NAN, NAN, NAN, NAN,,2024/04/16 13:40:48.927,2024-04-16 13:40:48.927000+00:00
2024/04/16, 13:41:48.927,35.95,-74.844, 0.90,340.16,349.04,1.23,14.1,14.2,1017.4,1017.8,0.0,0.0,85.1,78.5,50,43,12.3,13.9,81.9,82.0,11.9,13.4,32.3,24.8,1019.5,1019.9,604.45,349.43,2006.42,30.6813,12.5249,413.2,57.7,1493.554, NAN, NAN, NAN, NAN,,2024/04/16 13:41:48.927,2024-04-16 13:41:48.927000+00:00
2024/04/16, 13:42:48.927,35.951,-74.844, 0.91,340.43,3.9,1.13,14.2,14.2,1017.6,1017.8,0.0,0.0,85.1,78.5,51,43,12.3,13.4,81.6,81.7,11.8,12.9,33.1,24.7,1019.7,1019.9,608.04,349.05,2007.84,30.6886,12.5261,413.7,57.7,1493.567, NAN, NAN, NAN, NAN,,2024/04/16 13:42:48.927,2024-04-16 13:42:48.927000+00:00
2024/04/16, 13:43:48.927,35.951,-74.844, 0.92,340.37,352.7,1.02,14.2,14.2,1017.7,1017.8,0.0,0.0,85.1,78.5,48,43,12.0,13.8,81.3,81.3,11.6,13.4,30.1,24.8,1019.8,1019.9,612.83,349.28,2011.46,30.6909,12.5265,414.0,57.9,1493.571, NAN, NAN, NAN, NAN,,2024/04/16 13:43:48.927,2024-04-16 13:43:48.927000+00:00
2024/04/16, 13:44:48.927,35.951,-74.844, 0.94,339.88,337.17,1.32,14.2,14.2,1017.6,1017.8,0.0,0.0,85.1,78.5,50,44,12.1,14.4,81.2,81.2,11.7,13.9,32.4,25.8,1019.7,1019.9,614.93,349.36,2014.26,30.6939,12.5265,413.7,57.7,1493.574, NAN, NAN, NAN, NAN,,2024/04/16 13:44:48.927,2024-04-16 13:44:48.927000+00:00
2024/04/16, 13:45:48.927,35.952,-74.844, 0.90,339.57,346.13,0.86,14.2,14.2,1017.6,1017.8,0.0,0.0,85.1,78.5,50,44,12.6,14.3,81.0,81.0,12.3,14.0,31.0,24.7,1019.7,1019.9,618.57,349.02,2015.99,30.6931,12.5262,416.3,57.5,1493.572, NAN, NAN, NAN, NAN,,2024/04/16 13:45:48.927,2024-04-16 13:45:48.927000+00:00
2024/04/16, 13:46:48.927,35.952,-74.844, 0.96,340.07,344.19,1.09,14.2,14.2,1017.5,1017.8,0.0,0.0,85.1,78.5,49,43,11.7,13.8,80.7,80.7,11.3,13.4,31.0,24.5,1019.6,1019.9,621.42,349.0,2018.07,30.6887,12.523,415.0,57.6,1493.556, NAN, NAN, NAN, NAN,,2024/04/16 13:46:48.927,2024-04-16 13:46:48.927000+00:00
2024/04/16, 13:47:48.927,35.952,-74.845, 0.95,339.38,4.68,1.01,14.2,14.2,1017.6,1017.8,0.0,0.0,85.1,78.5,49,44,12.0,13.7,80.2,80.4,11.6,13.3,29.8,24.5,1019.7,1019.9,622.83,349.09,2019.21,30.6775,12.5175,413.7,57.5,1493.524, NAN, NAN, NAN, NAN,,2024/04/16 13:47:48.927,2024-04-16 13:47:48.927000+00:00
2024/04/16, 13:48:48.927,35.952,-74.845, 0.95,339.51,341.22,0.97,14.2,14.2,1017.6,1017.7,0.0,0.0,85.1,78.5,52,45,12.2,14.0,80.0,80.2,11.9,13.7,33.4,26.0,1019.7,1019.8,624.73,349.02,2022.04,30.6765,12.5157,412.9,57.5,1493.517, NAN, NAN, NAN, NAN,,2024/04/16 13:48:48.927,2024-04-16 13:48:48.927000+00:00
2024/04/16, 13:49:48.927,35.953,-74.845, 0.94,339.94,329.98,1.1,14.2,14.2,1017.5,1017.8,0.0,0.0,85.1,78.5,52,47,12.1,14.2,79.9,79.8,11.8,13.8,34.2,28.8,1019.6,1019.9,629.35,348.95,2026.14,30.686,12.5184,414.4,57.2,1493.537, NAN, NAN, NAN, NAN,,2024/04/16 13:49:48.927,2024-04-16 13:49:48.927000+00:00
2024/04/16, 13:50:48.927,35.953,-74.845, 0.91,341.04,320.31,0.93,14.2,14.2,1017.7,1017.8,0.0,0.0,85.1,78.5,52,47,12.7,14.1,79.4,79.5,12.5,13.9,35.0,29.7,1019.8,1019.9,632.1,349.04,2029.24,30.685,12.5156,413.7,57.0,1493.527, NAN, NAN, NAN, NAN,,2024/04/16 13:50:48.927,2024-04-16 13:50:48.927000+00:00
2024/04/16, 13:51:48.927,35.953,-74.845, 0.95,346.32,338.63,1.15,14.2,14.2,1017.6,1017.8,0.0,0.0,85.1,78.5,48,44,12.7,13.9,78.5,78.6,12.3,13.5,36.5,32.2,1019.7,1019.9,639.31,348.52,2037.55,30.6958,12.507,415.0,57.1,1493.51, NAN, NAN, NAN, NAN,,2024/04/16 13:51:48.927,2024-04-16 13:51:48.927000+00:00
2024/04/16, 13:52:48.927,35.953,-74.845, 0.83,355.19,316.66,0.99,14.3,14.3,1017.7,1017.8,0.0,0.0,85.1,78.5,40,36,12.3,14.5,77.8,78.0,12.1,14.3,37.4,33.0,1019.8,1019.9,634.59,349.01,2042.2,30.6977,12.5054,416.0,56.9,1493.507, NAN, NAN, NAN, NAN,,2024/04/16 13:52:48.927,2024-04-16 13:52:48.927000+00:00
2024/04/16, 13:53:48.927,35.954,-74.845, 0.92,0.35,347.8,0.93,14.3,14.3,1017.6,1017.8,0.0,0.0,85.1,78.5,32,28,13.0,12.6,77.3,77.4,12.7,12.3,33.9,29.9,1019.7,1019.9,633.79,349.27,2047.8,30.6949,12.5084,415.0,57.0,1493.514, NAN, NAN, NAN, NAN,,2024/04/16 13:53:48.927,2024-04-16 13:53:48.927000+00:00
2024/04/16, 13:54:48.927,35.954,-74.845, 0.85,3.68,324.63,1.22,14.3,14.3,1017.6,1017.8,0.0,0.0,85.1,78.5,29,25,12.3,12.3,76.4,76.5,12.0,12.0,35.3,31.2,1019.7,1019.9,636.66,348.75,2050.56,30.6968,12.514,414.7,57.1,1493.535, NAN, NAN, NAN, NAN,,2024/04/16 13:54:48.927,2024-04-16 13:54:48.927000+00:00
2024/04/16, 13:55:48.927,35.954,-74.846, 0.82,3.43,353.77,1.04,14.3,14.4,1017.8,1017.8,0.0,0.0,85.1,78.5,29,24,12.2,12.0,76.0,76.0,11.8,11.6,34.3,29.2,1019.9,1019.9,636.04,349.12,2053.46,30.6905,12.507,412.0,57.1,1493.504, NAN, NAN, NAN, NAN,,2024/04/16 13:55:48.927,2024-04-16 13:55:48.927000+00:00
2024/04/16, 13:56:48.928,35.954,-74.846, 0.94,3.61,326.17,1.02,14.4,14.4,1017.9,1017.8,0.0,0.0,85.1,78.5,29,24,12.2,12.0,75.6,75.7,12.0,11.7,34.8,29.8,1020.0,1019.9,639.89,348.63,2054.57,30.6928,12.5093,411.0,57.2,1493.514, NAN, NAN, NAN, NAN,,2024/04/16 13:56:48.928,2024-04-16 13:56:48.928000+00:00
2024/04/16, 13:57:48.928,35.955,-74.846, 1.01,4.14,351.81,1.01,14.4,14.4,1017.8,1017.8,0.0,0.0,85.1,78.5,29,24,12.8,11.5,75.1,75.2,12.5,11.1,35.0,30.0,1019.9,1019.9,641.67,348.87,2057.06,30.7004,12.5104,412.3,57.1,1493.527, NAN, NAN, NAN, NAN,,2024/04/16 13:57:48.928,2024-04-16 13:57:48.928000+00:00
2024/04/16, 13:58:48.928,35.955,-74.846, 1.08,3.58,0.3,1.02,14.4,14.4,1017.8,1017.8,0.0,0.0,85.1,78.5,30,24,11.2,11.3,74.8,74.8,10.8,10.9,35.4,29.2,1019.9,1019.9,645.04,348.87,2060.99,30.7341,12.5082,414.7,57.0,1493.56, NAN, NAN, NAN, NAN,,2024/04/16 13:58:48.928,2024-04-16 13:58:48.928000+00:00
2024/04/16, 13:59:48.928,35.955,-74.846, 1.00,4.24,321.43,1.14,14.4,14.4,1018.0,1018.0,0.0,0.0,85.1,78.5,28,24,12.5,12.0,75.0,74.8,12.3,11.7,34.7,30.7,1020.1,1020.1,650.17,348.66,2062.47,30.8432,12.5097,423.2,57.1,1493.694, NAN, NAN, NAN, NAN,,2024/04/16 13:59:48.928,2024-04-16 13:59:48.928000+00:00
2024/04/16, 14:00:48.928,35.955,-74.846, 1.05,4.08,4.85,1.2,14.4,14.4,1018.0,1017.8,0.0,0.0,85.1,78.5,31,26,11.4,11.2,74.5,74.6,11.0,10.7,37.3,32.1,1020.1,1019.9,651.85,348.54,2066.78,30.8465,12.5037,422.7,57.1,1493.678, NAN, NAN, NAN, NAN,,2024/04/16 14:00:48.928,2024-04-16 14:00:48.928000+00:00
2024/04/16, 14:01:48.928,35.956,-74.846, 0.83,3.77,321.03,1.04,14.4,14.4,1018.0,1018.0,0.0,0.0,85.1,78.5,31,24,12.1,12.1,75.1,75.2,11.9,11.8,37.2,30.0,1020.1,1020.1,658.35,348.45,2069.86,30.825,12.5022,422.4,57.0,1493.647, NAN, NAN, NAN, NAN,,2024/04/16 14:01:48.928,2024-04-16 14:01:48.928000+00:00
2024/04/16, 14:02:48.928,35.956,-74.846, 0.89,3.66,347.22,0.94,14.4,14.4,1017.8,1017.8,0.0,0.0,85.1,78.5,31,26,11.3,11.3,75.1,75.1,11.1,11.0,36.8,31.7,1019.9,1019.9,658.26,348.23,2070.96,30.808,12.5026,422.4,57.0,1493.628, NAN, NAN, NAN, NAN,,2024/04/16 14:02:48.928,2024-04-16 14:02:48.928000+00:00
2024/04/16, 14:03:48.928,35.956,-74.847, 1.08,3.4,315.72,1.07,14.4,14.4,1017.8,1018.0,0.0,0.0,85.1,78.5,31,26,10.7,11.5,75.7,75.6,10.5,11.3,37.2,31.9,1019.9,1020.1,662.71,348.28,2070.11,30.8105,12.5006,422.0,57.0,1493.625, NAN, NAN, NAN, NAN,,2024/04/16 14:03:48.928,2024-04-16 14:03:48.928000+00:00
2024/04/16, 14:04:48.928,35.957,-74.847, 0.96,3.85,1.3,0.96,14.3,14.4,1017.8,1018.0,0.0,0.0,85.1,78.5,29,26,11.8,11.6,76.3,76.4,11.4,11.2,34.4,31.3,1019.9,1020.1,664.08,347.94,2074.87,30.8113,12.4993,422.7,56.9,1493.621, NAN, NAN, NAN, NAN,,2024/04/16 14:04:48.928,2024-04-16 14:04:48.928000+00:00
2024/04/16, 14:05:48.928,35.957,-74.847, 1.08,2.67,341.4,0.97,14.3,14.3,1017.8,1018.0,0.0,0.0,85.1,78.5,30,26,11.6,11.3,77.3,77.2,11.3,11.0,34.6,30.6,1019.9,1020.1,666.94,348.06,2074.95,30.9628,12.5087,429.1,56.8,1493.833, NAN, NAN, NAN, NAN,,2024/04/16 14:05:48.928,2024-04-16 14:05:48.928000+00:00
2024/04/16, 14:06:48.928,35.957,-74.847, 2.35,14.42,352.19,2.63,14.3,14.3,1018.0,1018.0,0.0,0.0,85.1,78.5,29,27,11.7,11.3,78.0,77.9,10.9,10.4,48.9,46.9,1020.1,1020.1,666.47,347.99,2081.64,30.973,12.5112,429.7,57.0,1493.854, NAN, NAN, NAN, NAN,,2024/04/16 14:06:48.928,2024-04-16 14:06:48.928000+00:00
2024/04/16, 14:07:48.928,35.958,-74.847, 2.27,78.21,74.91,2.65,14.2,14.3,1018.0,1017.9,0.0,0.0,85.1,78.5,335,336,10.6,11.2,78.7,78.6,9.3,9.9,50.5,51.8,1020.1,1020.0,647.04,348.11,2126.12,30.9127,12.5058,423.5,57.1,1493.764, NAN, NAN, NAN, NAN,,2024/04/16 14:07:48.928,2024-04-16 14:07:48.928000+00:00
2024/04/16, 14:08:48.928,35.958,-74.845, 3.71,107.8,116.64,4.15,14.2,14.2,1018.0,1017.8,0.0,0.0,85.1,78.5,290,294,11.0,12.1,79.1,79.1,10.9,11.8,26.6,31.7,1020.1,1019.9,617.62,348.11,2151.24,30.9136,12.4936,422.7,57.2,1493.723, NAN, NAN, NAN, NAN,,2024/04/16 14:08:48.928,2024-04-16 14:08:48.928000+00:00
2024/04/16, 14:09:48.928,35.957,-74.844, 5.19,121.89,121.73,5.49,14.2,14.2,1018.2,1018.1,0.0,0.0,85.1,78.5,291,294,11.4,12.8,79.1,79.2,10.8,12.1,38.6,43.3,1020.3,1020.2,627.99,348.03,2152.87,30.8317,12.4796,416.0,57.0,1493.578, NAN, NAN, NAN, NAN,,2024/04/16 14:09:48.928,2024-04-16 14:09:48.928000+00:00
2024/04/16, 14:10:48.928,35.956,-74.843, 6.13,156.39,159.24,6.39,14.2,14.2,1018.4,1018.1,0.0,0.0,85.1,78.5,250,254,9.6,9.9,79.3,79.3,11.3,11.4,30.9,34.6,1020.5,1020.2,709.15,347.64,2153.77,30.7949,12.4613,413.4,57.3,1493.472, NAN, NAN, NAN, NAN,,2024/04/16 14:10:48.928,2024-04-16 14:10:48.928000+00:00
2024/04/16, 14:11:48.928,35.954,-74.843, 6.45,199.16,197.3,6.66,14.1,14.2,1018.2,1018.0,0.0,0.0,85.1,78.5,208,212,7.5,7.1,79.3,79.4,10.6,10.1,38.0,40.4,1020.3,1020.1,721.89,347.24,2136.61,30.7774,12.4446,408.6,57.4,1493.394, NAN, NAN, NAN, NAN,,2024/04/16 14:11:48.928,2024-04-16 14:11:48.928000+00:00
2024/04/16, 14:12:48.929,35.952,-74.844, 6.67,210.2,209.64,6.31,14.2,14.1,1018.4,1018.2,0.0,0.0,85.1,78.5,163,195,3.5,2.5,79.3,79.7,6.7,5.7,21.7,37.1,1020.5,1020.3,697.89,348.96,2121.48,30.7862,12.434,406.7,57.6,1493.368, NAN, NAN, NAN, NAN,,2024/04/16 14:12:48.929,2024-04-16 14:12:48.929000+00:00
2024/04/16, 14:13:48.929,35.951,-74.845, 4.96,249.48,237.53,4.83,14.2,14.2,1018.2,1018.3,0.0,0.0,85.1,78.5,143,153,8.5,7.9,79.8,80.1,10.8,10.3,37.8,45.8,1020.3,1020.4,697.37,347.31,2112.46,30.8168,12.419,406.7,57.7,1493.353, NAN, NAN, NAN, NAN,,2024/04/16 14:13:48.929,2024-04-16 14:13:48.929000+00:00
2024/04/16, 14:14:48.929,35.951,-74.846, 1.13,309.01,245.45,1.81,14.3,14.2,1018.2,1018.0,0.0,0.0,85.1,78.5,96,100,9.7,10.3,78.7,79.1,10.5,11.1,47.8,51.3,1020.3,1020.1,709.86,347.44,2079.65,30.8366,12.4116,407.0,57.7,1493.352, NAN, NAN, NAN, NAN,,2024/04/16 14:14:48.929,2024-04-16 14:14:48.929000+00:00
2024/04/16, 14:15:48.929,35.951,-74.846, -0.30,5.01,234.42,0.71,14.2,14.2,1018.0,1018.2,0.0,0.0,85.1,78.5,43,40,10.7,12.5,78.8,79.1,11.0,12.8,49.0,45.9,1020.1,1020.3,697.91,348.68,2092.11,30.8472,12.4096,407.3,57.4,1493.357, NAN, NAN, NAN, NAN,,2024/04/16 14:15:48.929,2024-04-16 14:15:48.929000+00:00
2024/04/16, 14:16:48.929,35.951,-74.847, 0.26,26.48,291.43,0.36,14.2,14.2,1018.0,1018.2,0.0,0.0,85.1,78.5,9,6,9.8,10.1,78.4,78.7,9.7,10.0,36.5,33.5,1020.1,1020.3,693.03,348.51,2107.49,30.8469,12.4448,406.2,57.4,1493.477, NAN, NAN, NAN, NAN,,2024/04/16 14:16:48.929,2024-04-16 14:16:48.929000+00:00
2024/04/16, 14:17:48.929,35.951,-74.847, 0.16,26.44,131.31,0.28,14.2,14.2,1018.0,1018.0,0.0,0.0,85.1,78.5,5,359,10.9,10.4,78.3,78.5,10.9,10.4,30.7,24.7,1020.1,1020.1,695.8,348.09,2111.59,30.8392,12.4646,405.9,57.3,1493.536, NAN, NAN, NAN, NAN,,2024/04/16 14:17:48.929,2024-04-16 14:17:48.929000+00:00
2024/04/16, 14:18:48.929,35.951,-74.847, -0.17,24.69,281.93,0.32,14.2,14.2,1018.0,1018.1,0.0,0.0,85.1,78.5,10,4,10.0,9.5,78.4,78.4,10.1,9.5,35.6,29.6,1020.1,1020.2,699.0,348.23,2111.85,30.8247,12.4752,406.5,57.5,1493.555, NAN, NAN, NAN, NAN,,2024/04/16 14:18:48.929,2024-04-16 14:18:48.929000+00:00
2024/04/16, 14:19:48.929,35.951,-74.847, -0.13,23.36,293.46,0.2,14.2,14.2,1018.0,1018.1,0.0,0.0,85.1,78.5,13,8,10.8,10.4,78.3,78.5,10.8,10.4,36.8,31.9,1020.1,1020.2,698.55,348.14,2110.27,30.8259,12.4782,408.0,57.5,1493.566, NAN, NAN, NAN, NAN,,2024/04/16 14:19:48.929,2024-04-16 14:19:48.929000+00:00
2024/04/16, 14:20:48.929,35.951,-74.847, -0.11,23.32,289.49,0.13,14.2,14.2,1017.8,1018.1,0.0,0.0,85.1,78.5,12,7,11.3,10.6,78.0,78.1,11.3,10.6,35.7,30.7,1019.9,1020.2,706.91,348.2,2115.77,30.8699,12.4802,418.7,57.5,1493.625, NAN, NAN, NAN, NAN,,2024/04/16 14:20:48.929,2024-04-16 14:20:48.929000+00:00
2024/04/16, 14:21:48.929,35.951,-74.847, -0.09,23.81,304.64,0.24,14.2,14.2,1018.2,1018.1,0.0,0.0,85.1,78.5,13,8,10.5,10.5,77.9,77.9,10.5,10.5,37.5,32.5,1020.3,1020.2,715.19,348.17,2118.18,31.0267,12.4711,423.5,57.6,1493.781, NAN, NAN, NAN, NAN,,2024/04/16 14:21:48.929,2024-04-16 14:21:48.929000+00:00
2024/04/16, 14:22:48.929,35.951,-74.847, -0.12,24.5,323.98,0.07,14.2,14.2,1018.2,1018.0,0.0,0.0,85.1,78.5,10,6,10.3,10.1,77.8,77.9,10.3,10.1,34.7,30.7,1020.3,1020.1,700.12,348.28,2115.61,31.1559,12.4775,428.4,57.3,1493.956, NAN, NAN, NAN, NAN,,2024/04/16 14:22:48.929,2024-04-16 14:22:48.929000+00:00
2024/04/16, 14:23:48.929,35.951,-74.847, -0.18,23.3,82.64,0.11,14.2,14.2,1018.2,1018.0,0.0,0.0,85.1,78.5,12,6,10.7,10.3,77.5,77.7,10.7,10.3,35.1,29.1,1020.3,1020.1,702.03,348.43,2111.94,31.1923,12.4835,433.9,57.6,1494.02, NAN, NAN, NAN, NAN,,2024/04/16 14:23:48.929,2024-04-16 14:23:48.929000+00:00
2024/04/16, 14:24:48.929,35.951,-74.847, 0.01,22.64,119.36,0.3,14.2,14.2,1018.2,1018.2,0.0,0.0,85.1,78.5,11,4,10.5,10.0,77.5,77.6,10.5,10.0,32.8,25.8,1020.3,1020.3,703.01,348.4,2115.0,31.2171,12.4875,437.2,57.6,1494.063, NAN, NAN, NAN, NAN,,2024/04/16 14:24:48.929,2024-04-16 14:24:48.929000+00:00
2024/04/16, 14:25:48.929,35.951,-74.847, -0.08,23.94,307.54,0.48,14.2,14.2,1018.2,1018.1,0.0,0.0,85.1,78.5,11,6,10.2,9.6,77.6,77.6,10.2,9.6,36.3,31.4,1020.3,1020.2,713.0,348.5,2116.55,31.1595,12.4943,432.4,57.7,1494.018, NAN, NAN, NAN, NAN,,2024/04/16 14:25:48.929,2024-04-16 14:25:48.929000+00:00
2024/04/16, 14:26:48.929,35.951,-74.847, -0.10,25.48,288.46,0.28,14.2,14.2,1018.2,1018.1,0.0,0.0,85.1,78.5,10,5,10.1,9.9,77.4,77.5,10.1,9.9,36.2,31.2,1020.3,1020.2,721.55,348.64,2120.27,31.0573,12.4988,425.7,57.5,1493.911, NAN, NAN, NAN, NAN,,2024/04/16 14:26:48.929,2024-04-16 14:26:48.929000+00:00
2024/04/16, 14:27:48.929,35.951,-74.847, -0.02,25.14,40.1,0.17,14.2,14.2,1018.3,1018.2,0.0,0.0,85.1,78.5,9,4,10.6,10.7,77.5,77.4,10.5,10.6,34.0,29.0,1020.4,1020.3,725.74,348.6,2121.65,31.0258,12.4993,427.2,57.7,1493.876, NAN, NAN, NAN, NAN,,2024/04/16 14:27:48.929,2024-04-16 14:27:48.929000+00:00
2024/04/16, 14:28:48.930,35.951,-74.847, -0.14,24.77,92.43,0.29,14.2,14.2,1018.3,1018.2,0.0,0.0,85.1,78.5,10,4,10.3,9.7,77.2,77.2,10.2,9.6,34.0,27.9,1020.4,1020.3,727.02,348.42,2124.88,31.0029,12.4937,426.0,57.7,1493.829, NAN, NAN, NAN, NAN,,2024/04/16 14:28:48.930,2024-04-16 14:28:48.930000+00:00
2024/04/16, 14:29:48.930,35.951,-74.847, -0.11,25.66,125.97,0.07,14.2,14.2,1018.2,1018.2,0.0,0.0,85.1,78.5,9,3,10.4,10.3,77.1,77.2,10.4,10.3,34.5,28.5,1020.3,1020.3,731.08,348.44,2126.5,30.9893,12.497,424.8,57.8,1493.825, NAN, NAN, NAN, NAN,,2024/04/16 14:29:48.930,2024-04-16 14:29:48.930000+00:00
2024/04/16, 14:30:48.930,35.951,-74.847, -0.05,25.03,82.92,0.38,14.2,14.2,1018.2,1018.2,0.0,0.0,85.1,78.5,12,6,10.3,10.3,76.9,77.2,10.2,10.2,36.2,30.1,1020.3,1020.3,734.94,348.71,2128.65,31.0176,12.502,426.4,57.9,1493.875, NAN, NAN, NAN, NAN,,2024/04/16 14:30:48.930,2024-04-16 14:30:48.930000+00:00
2024/04/16, 14:31:48.930,35.951,-74.847, -0.11,25.9,172.8,0.03,14.2,14.3,1018.3,1018.2,0.0,0.0,85.1,78.5,10,4,10.8,10.2,76.7,76.7,10.8,10.2,35.8,29.8,1020.4,1020.3,751.0,348.73,2135.56,31.0811,12.5139,430.2,57.6,1493.991, NAN, NAN, NAN, NAN,,2024/04/16 14:31:48.930,2024-04-16 14:31:48.930000+00:00
2024/04/16, 14:32:48.930,35.951,-74.847, -0.10,24.89,290.73,0.0,14.3,14.3,1018.3,1018.2,0.0,0.0,85.1,78.5,9,3,10.0,9.4,76.8,76.6,10.0,9.4,33.9,27.9,1020.4,1020.3,742.13,348.71,2130.74,31.0938,12.5207,429.7,57.6,1494.029, NAN, NAN, NAN, NAN,,2024/04/16 14:32:48.930,2024-04-16 14:32:48.930000+00:00
2024/04/16, 14:33:48.930,35.951,-74.847, -0.08,24.38,75.47,0.11,14.2,14.3,1018.2,1018.3,0.0,0.0,85.1,78.5,9,2,9.8,10.1,76.3,76.5,9.8,10.1,33.2,26.2,1020.3,1020.4,748.07,348.41,2131.7,31.0892,12.5136,431.5,57.5,1494.0, NAN, NAN, NAN, NAN,,2024/04/16 14:33:48.930,2024-04-16 14:33:48.930000+00:00
2024/04/16, 14:34:48.930,35.951,-74.847, -0.16,25.2,220.07,0.13,14.3,14.3,1018.3,1018.3,0.0,0.0,85.1,78.5,8,1,10.4,10.2,75.8,76.1,10.5,10.3,33.1,26.1,1020.4,1020.4,749.12,349.0,2133.13,31.1082,12.5088,433.9,57.3,1494.006, NAN, NAN, NAN, NAN,,2024/04/16 14:34:48.930,2024-04-16 14:34:48.930000+00:00
2024/04/16, 14:35:48.930,35.951,-74.847, -0.10,25.28,282.11,0.1,14.3,14.3,1018.2,1018.4,0.0,0.0,85.1,78.5,8,2,9.9,9.4,75.7,75.9,9.9,9.4,33.5,27.5,1020.3,1020.5,753.83,348.4,2136.26,31.1285,12.5066,433.1,57.4,1494.023, NAN, NAN, NAN, NAN,,2024/04/16 14:35:48.930,2024-04-16 14:35:48.930000+00:00
2024/04/16, 14:36:48.930,35.951,-74.847, -0.13,24.94,122.65,0.44,14.3,14.3,1018.3,1018.4,0.0,0.0,85.1,78.5,9,2,10.3,9.5,75.9,75.9,10.3,9.5,32.7,25.6,1020.4,1020.5,754.68,348.45,2137.44,31.1229,12.495,433.6,57.4,1493.976, NAN, NAN, NAN, NAN,,2024/04/16 14:36:48.930,2024-04-16 14:36:48.930000+00:00
2024/04/16, 14:37:48.930,35.951,-74.847, -0.11,24.68,317.68,0.19,14.3,14.3,1018.3,1018.3,0.0,0.0,85.1,78.5,9,4,10.2,10.0,75.8,75.9,10.2,10.0,34.2,29.2,1020.4,1020.4,759.96,348.31,2137.45,31.1281,12.4748,434.2,57.4,1493.914, NAN, NAN, NAN, NAN,,2024/04/16 14:37:48.930,2024-04-16 14:37:48.930000+00:00
2024/04/16, 14:38:48.930,35.951,-74.847, -0.13,25.1,93.02,0.33,14.3,14.3,1018.4,1018.4,0.0,0.0,85.1,78.5,9,3,10.1,10.0,75.8,75.9,10.0,9.9,33.3,27.2,1020.5,1020.5,758.96,348.44,2139.59,31.0744,12.4644,431.8,57.5,1493.814, NAN, NAN, NAN, NAN,,2024/04/16 14:38:48.930,2024-04-16 14:38:48.930000+00:00
2024/04/16, 14:39:48.930,35.951,-74.847, -0.13,25.35,93.23,0.39,14.3,14.3,1018.4,1018.4,0.0,0.0,85.1,78.5,9,4,9.4,9.3,75.6,75.8,9.4,9.3,33.1,28.1,1020.5,1020.5,762.46,348.8,2140.83,31.0826,12.4788,432.1,57.5,1493.873, NAN, NAN, NAN, NAN,,2024/04/16 14:39:48.930,2024-04-16 14:39:48.930000+00:00
2024/04/16, 14:40:48.930,35.951,-74.847, -0.09,24.51,232.91,0.12,14.3,14.3,1018.3,1018.4,0.0,0.0,85.1,78.5,9,5,9.8,9.4,75.6,75.7,9.8,9.4,33.8,29.8,1020.4,1020.5,766.02,348.45,2139.72,31.054,12.4797,431.2,57.5,1493.842, NAN, NAN, NAN, NAN,,2024/04/16 14:40:48.930,2024-04-16 14:40:48.930000+00:00
2024/04/16, 14:41:48.930,35.951,-74.847, -0.18,25.28,288.72,0.28,14.3,14.3,1018.3,1018.4,0.0,0.0,85.1,78.5,7,4,10.5,9.7,75.4,75.6,10.5,9.7,33.0,30.1,1020.4,1020.5,769.29,348.7,2140.87,31.0329,12.4711,429.4,57.4,1493.788, NAN, NAN, NAN, NAN,,2024/04/16 14:41:48.930,2024-04-16 14:41:48.930000+00:00
2024/04/16, 14:42:48.930,35.951,-74.847, -0.09,25.5,215.32,0.04,14.3,14.3,1018.4,1018.3,0.0,0.0,85.1,78.5,9,3,9.5,9.5,75.2,75.5,9.5,9.5,34.5,28.6,1020.5,1020.4,771.04,348.58,2143.74,31.0925,12.4674,431.5,57.5,1493.846, NAN, NAN, NAN, NAN,,2024/04/16 14:42:48.930,2024-04-16 14:42:48.930000+00:00
2024/04/16, 14:43:48.931,35.951,-74.847, -0.10,24.73,30.72,0.13,14.3,14.3,1018.6,1018.3,0.0,0.0,85.1,78.5,10,3,10.3,9.7,75.4,75.4,10.2,9.6,34.8,27.8,1020.7,1020.4,770.0,348.75,2145.37,31.0725,12.4767,430.2,57.4,1493.854, NAN, NAN, NAN, NAN,,2024/04/16 14:43:48.931,2024-04-16 14:43:48.931000+00:00
2024/04/16, 14:44:48.931,35.951,-74.847, -0.14,25.87,172.47,0.09,14.3,14.4,1018.4,1018.3,0.0,0.0,85.1,78.5,9,4,10.1,9.7,75.1,75.1,10.1,9.7,34.8,29.8,1020.5,1020.4,775.04,348.36,2148.57,31.1252,12.4832,430.8,57.3,1493.939, NAN, NAN, NAN, NAN,,2024/04/16 14:44:48.931,2024-04-16 14:44:48.931000+00:00
2024/04/16, 14:45:48.931,35.951,-74.847, -0.11,25.13,337.14,0.1,14.4,14.4,1018.3,1018.4,0.0,0.0,85.1,78.5,8,2,10.3,9.7,74.8,75.2,10.3,9.7,33.4,27.4,1020.4,1020.5,777.94,348.32,2151.78,31.1152,12.4768,431.8,57.4,1493.905, NAN, NAN, NAN, NAN,,2024/04/16 14:45:48.931,2024-04-16 14:45:48.931000+00:00
2024/04/16, 14:46:48.931,35.951,-74.847, -0.15,24.64,283.59,0.3,14.4,14.4,1018.4,1018.4,0.0,0.0,85.1,78.5,9,5,9.9,9.6,74.9,75.1,10.0,9.7,34.5,30.5,1020.5,1020.5,783.33,348.41,2155.58,31.1014,12.4724,431.5,57.5,1493.874, NAN, NAN, NAN, NAN,,2024/04/16 14:46:48.931,2024-04-16 14:46:48.931000+00:00
2024/04/16, 14:47:48.931,35.951,-74.847, -0.16,24.69,88.93,0.18,14.3,14.3,1018.6,1018.4,0.0,0.0,85.1,78.5,8,1,9.6,9.3,75.0,75.0,9.5,9.2,32.3,25.2,1020.7,1020.5,784.8,348.37,2158.52,31.0774,12.4844,429.9,57.2,1493.886, NAN, NAN, NAN, NAN,,2024/04/16 14:47:48.931,2024-04-16 14:47:48.931000+00:00
2024/04/16, 14:48:48.931,35.951,-74.847, -0.12,25.23,62.1,0.35,14.3,14.3,1018.6,1018.4,0.0,0.0,85.1,78.5,6,2,9.7,9.7,75.1,75.2,9.6,9.6,30.6,26.6,1020.7,1020.5,784.82,348.08,2160.0,31.1001,12.4911,430.5,57.5,1493.936, NAN, NAN, NAN, NAN,,2024/04/16 14:48:48.931,2024-04-16 14:48:48.931000+00:00
2024/04/16, 14:49:48.931,35.951,-74.847, -0.15,25.62,308.07,0.55,14.3,14.3,1018.4,1018.4,0.0,0.0,85.1,78.5,8,2,9.9,9.9,75.1,75.1,9.9,9.9,35.3,29.3,1020.5,1020.5,792.5,347.86,2164.28,31.0943,12.4896,430.8,57.5,1493.924, NAN, NAN, NAN, NAN,,2024/04/16 14:49:48.931,2024-04-16 14:49:48.931000+00:00
2024/04/16, 14:50:48.931,35.951,-74.847, -0.11,25.02,303.4,0.24,14.3,14.3,1018.4,1018.5,0.0,0.0,85.1,78.5,9,3,9.7,9.4,75.1,75.1,9.7,9.4,34.7,28.8,1020.5,1020.6,791.18,347.76,2162.53,31.105,12.4872,431.2,57.5,1493.929, NAN, NAN, NAN, NAN,,2024/04/16 14:50:48.931,2024-04-16 14:50:48.931000+00:00
2024/04/16, 14:51:48.931,35.951,-74.847, -0.10,24.81,266.08,0.26,14.3,14.3,1018.4,1018.5,0.0,0.0,85.1,78.5,9,3,9.2,9.0,74.9,75.0,9.3,9.1,34.4,28.5,1020.5,1020.6,794.05,347.77,2163.21,31.1081,12.4852,430.8,57.6,1493.925, NAN, NAN, NAN, NAN,,2024/04/16 14:51:48.931,2024-04-16 14:51:48.931000+00:00
2024/04/16, 14:52:48.931,35.951,-74.847, -0.14,25.47,117.07,0.29,14.3,14.3,1018.4,1018.5,0.0,0.0,85.1,78.5,7,2,9.4,8.9,75.2,75.0,9.4,8.9,31.6,26.5,1020.5,1020.6,793.65,347.91,2167.11,31.1232,12.4829,431.5,57.5,1493.936, NAN, NAN, NAN, NAN,,2024/04/16 14:52:48.931,2024-04-16 14:52:48.931000+00:00
2024/04/16, 14:53:48.931,35.951,-74.847, 1.30,34.25,22.9,1.99,14.3,14.3,1018.4,1018.6,0.0,0.0,85.1,78.5,2,358,10.4,10.3,75.0,75.1,9.4,9.3,37.9,33.5,1020.5,1020.7,794.47,348.06,2171.02,31.1635,12.4764,431.8,57.4,1493.961, NAN, NAN, NAN, NAN,,2024/04/16 14:53:48.931,2024-04-16 14:53:48.931000+00:00
2024/04/16, 14:54:48.931,35.952,-74.846, 3.45,39.56,42.88,3.58,14.3,14.3,1018.6,1018.4,0.0,0.0,85.1,78.5,355,349,11.5,9.6,74.8,74.9,9.7,7.8,33.1,25.4,1020.7,1020.5,793.47,347.8,2177.8,31.1729,12.454,431.5,57.3,1493.896, NAN, NAN, NAN, NAN,,2024/04/16 14:54:48.931,2024-04-16 14:54:48.931000+00:00
2024/04/16, 14:55:48.931,35.952,-74.845, 4.60,39.85,38.23,4.75,14.3,14.3,1018.4,1018.4,0.0,0.0,85.1,78.5,354,348,11.7,11.7,74.7,74.8,9.3,9.3,32.6,25.0,1020.5,1020.5,795.81,347.23,2178.75,31.1908,12.4318,428.4,57.5,1493.842, NAN, NAN, NAN, NAN,,2024/04/16 14:55:48.931,2024-04-16 14:55:48.931000+00:00
2024/04/16, 14:56:48.931,35.953,-74.844, 5.20,39.34,36.58,5.21,14.3,14.3,1018.5,1018.5,0.0,0.0,85.1,78.5,355,348,12.1,11.7,74.9,74.9,9.4,9.1,33.6,24.6,1020.6,1020.6,798.06,347.44,2178.71,31.1311,12.4106,425.7,57.2,1493.698, NAN, NAN, NAN, NAN,,2024/04/16 14:56:48.931,2024-04-16 14:56:48.931000+00:00
2024/04/16, 14:57:48.931,35.955,-74.843, 5.36,36.51,36.64,5.37,14.3,14.3,1018.6,1018.4,0.0,0.0,85.1,78.5,0,353,12.3,12.0,74.9,75.0,9.5,9.3,36.4,27.3,1020.7,1020.5,801.03,347.21,2179.85,31.0541,12.3831,417.7,57.5,1493.513, NAN, NAN, NAN, NAN,,2024/04/16 14:57:48.931,2024-04-16 14:57:48.931000+00:00
2024/04/16, 14:58:48.931,35.956,-74.842, 4.35,35.12,38.67,4.03,14.3,14.3,1018.4,1018.4,0.0,0.0,85.1,78.5,357,352,11.0,11.1,74.9,75.0,8.9,9.1,31.1,25.0,1020.5,1020.5,805.7,347.17,2181.38,31.028,12.3644,412.9,57.6,1493.418, NAN, NAN, NAN, NAN,,2024/04/16 14:58:48.931,2024-04-16 14:58:48.931000+00:00
2024/04/16, 14:59:48.932,35.956,-74.841, 2.52,35.52,37.4,2.15,14.3,14.3,1018.5,1018.6,0.0,0.0,85.1,78.5,358,351,9.9,10.0,75.2,75.1,8.8,8.9,33.0,25.1,1020.6,1020.7,807.65,347.2,2181.93,31.0275,12.3517,410.4,57.8,1493.374, NAN, NAN, NAN, NAN,,2024/04/16 14:59:48.932,2024-04-16 14:59:48.932000+00:00
2024/04/16, 15:00:48.932,35.957,-74.841, 0.78,35.94,21.99,0.74,14.3,14.3,1018.6,1018.6,0.0,0.0,85.1,78.5,355,350,9.4,8.9,75.1,75.2,9.0,8.5,30.8,25.6,1020.7,1020.7,810.16,347.62,2186.04,31.046,12.364,408.9,57.7,1493.438, NAN, NAN, NAN, NAN,,2024/04/16 15:00:48.932,2024-04-16 15:00:48.932000+00:00
2024/04/16, 15:01:48.932,35.957,-74.841, 0.08,35.68,118.16,0.18,14.3,14.3,1018.6,1018.6,0.0,0.0,85.1,78.5,355,349,8.6,8.3,75.2,75.2,8.6,8.3,30.1,24.0,1020.7,1020.7,812.71,347.81,2188.8,31.0652,12.3895,409.6,57.6,1493.548, NAN, NAN, NAN, NAN,,2024/04/16 15:01:48.932,2024-04-16 15:01:48.932000+00:00
2024/04/16, 15:02:48.932,35.957,-74.841, -0.03,36.24,305.73,0.31,14.3,14.3,1018.7,1018.5,0.0,0.0,85.1,78.5,355,347,8.8,9.0,75.2,75.0,8.8,9.0,32.3,24.3,1020.8,1020.6,818.32,347.78,2193.08,31.0923,12.4115,410.4,57.7,1493.655, NAN, NAN, NAN, NAN,,2024/04/16 15:02:48.932,2024-04-16 15:02:48.932000+00:00
2024/04/16, 15:03:48.932,35.957,-74.841, 0.00,35.96,301.33,0.56,14.3,14.3,1018.6,1018.6,0.0,0.0,85.1,78.5,357,349,8.8,8.8,74.7,74.9,8.8,8.8,34.8,26.8,1020.7,1020.7,819.36,347.94,2196.83,31.1002,12.419,411.0,57.5,1493.69, NAN, NAN, NAN, NAN,,2024/04/16 15:03:48.932,2024-04-16 15:03:48.932000+00:00
2024/04/16, 15:04:48.932,35.957,-74.841, 0.04,35.75,187.04,0.09,14.3,14.3,1018.5,1018.6,0.0,0.0,85.1,78.5,359,353,8.7,8.6,74.9,75.0,8.7,8.6,34.5,28.5,1020.6,1020.7,826.86,347.56,2203.65,31.1262,12.4222,412.6,57.5,1493.732, NAN, NAN, NAN, NAN,,2024/04/16 15:04:48.932,2024-04-16 15:04:48.932000+00:00
2024/04/16, 15:05:48.932,35.957,-74.841, 0.05,34.82,106.25,0.44,14.2,14.3,1018.5,1018.6,0.0,0.0,85.1,78.5,357,352,8.5,8.3,74.9,75.1,8.5,8.3,30.3,25.3,1020.6,1020.7,830.18,347.84,2214.62,31.1515,12.4344,419.6,57.5,1493.804, NAN, NAN, NAN, NAN,,2024/04/16 15:05:48.932,2024-04-16 15:05:48.932000+00:00
2024/04/16, 15:06:48.932,35.957,-74.841, 0.01,36.45,329.86,0.11,14.2,14.3,1018.6,1018.7,0.0,0.0,85.1,78.5,358,352,8.6,8.6,74.7,75.0,8.6,8.6,34.7,28.7,1020.7,1020.8,838.94,348.04,2223.03,31.1576,12.427,423.0,57.5,1493.786, NAN, NAN, NAN, NAN,,2024/04/16 15:06:48.932,2024-04-16 15:06:48.932000+00:00
2024/04/16, 15:07:48.932,35.957,-74.841, 2.04,352.75,359.63,1.93,14.2,14.2,1018.6,1018.6,0.0,0.0,85.1,78.5,23,22,9.3,8.9,74.8,75.2,8.4,8.0,17.9,16.9,1020.7,1020.7,866.78,347.72,2220.32,31.2047,12.4068,428.8,57.6,1493.773, NAN, NAN, NAN, NAN,,2024/04/16 15:07:48.932,2024-04-16 15:07:48.932000+00:00
2024/04/16, 15:08:48.932,35.958,-74.841, 3.32,283.13,284.42,3.12,14.2,14.2,1018.4,1018.6,0.0,0.0,85.1,78.5,84,85,9.3,9.1,75.1,75.3,9.2,9.0,17.1,18.3,1020.5,1020.7,849.56,346.8,2217.88,31.2839,12.3731,433.1,57.3,1493.752, NAN, NAN, NAN, NAN,,2024/04/16 15:08:48.932,2024-04-16 15:08:48.932000+00:00
2024/04/16, 15:09:48.932,35.957,-74.843, 4.22,257.8,257.3,4.4,14.2,14.2,1018.4,1018.4,0.0,0.0,85.1,78.5,124,121,8.5,7.4,75.4,75.4,9.9,8.8,32.6,31.5,1020.5,1020.5,780.99,346.39,2208.72,31.298,12.3538,429.1,57.0,1493.703, NAN, NAN, NAN, NAN,,2024/04/16 15:09:48.932,2024-04-16 15:09:48.932000+00:00
2024/04/16, 15:10:48.932,35.957,-74.844, 5.36,259.18,256.63,5.54,14.2,14.2,1018.6,1018.5,0.0,0.0,85.1,78.5,122,120,7.9,7.5,75.5,75.5,9.8,9.4,34.8,33.8,1020.7,1020.6,771.69,346.58,2180.73,31.2515,12.3445,420.8,57.0,1493.615, NAN, NAN, NAN, NAN,,2024/04/16 15:10:48.932,2024-04-16 15:10:48.932000+00:00
2024/04/16, 15:11:48.932,35.957,-74.846, 5.75,262.09,257.95,5.89,14.1,14.2,1018.6,1018.6,0.0,0.0,85.1,78.5,117,114,7.5,7.5,75.5,75.5,9.5,9.4,34.7,32.4,1020.7,1020.7,733.38,346.43,2099.36,31.1887,12.3365,413.7,57.0,1493.513, NAN, NAN, NAN, NAN,,2024/04/16 15:11:48.932,2024-04-16 15:11:48.932000+00:00
2024/04/16, 15:12:48.932,35.956,-74.848, 5.71,267.91,263.87,5.64,14.1,14.1,1018.7,1018.6,0.0,0.0,85.1,78.5,114,110,7.9,7.5,75.6,75.6,9.6,9.1,37.3,34.8,1020.8,1020.7,769.51,346.98,2157.01,31.1651,12.3495,413.7,57.3,1493.53, NAN, NAN, NAN, NAN,,2024/04/16 15:12:48.932,2024-04-16 15:12:48.932000+00:00
2024/04/16, 15:13:48.932,35.957,-74.85, 3.63,315.29,284.69,3.75,14.1,14.1,1018.6,1018.3,0.0,0.0,85.1,78.5,84,80,9.3,9.8,75.7,75.7,10.1,10.5,49.7,45.5,1020.7,1020.4,817.5,348.03,2108.12,31.1542,12.3625,412.3,57.5,1493.561, NAN, NAN, NAN, NAN,,2024/04/16 15:13:48.932,2024-04-16 15:13:48.932000+00:00
2024/04/16, 15:14:48.932,35.957,-74.85, -0.29,13.63,276.49,1.25,14.1,14.1,1018.4,1018.6,0.0,0.0,85.1,78.5,34,24,8.6,8.3,74.9,75.1,8.9,8.5,51.2,41.7,1020.5,1020.7,826.58,347.69,2124.38,31.1355,12.3797,411.6,57.5,1493.598, NAN, NAN, NAN, NAN,,2024/04/16 15:14:48.932,2024-04-16 15:14:48.932000+00:00
2024/04/16, 15:15:48.933,35.957,-74.851, -0.24,35.54,308.72,0.45,14.2,14.2,1018.6,1018.6,0.0,0.0,85.1,78.5,356,350,8.1,8.0,74.6,74.7,8.1,8.0,33.2,27.2,1020.7,1020.7,768.77,346.94,1992.85,31.1068,12.3979,411.6,57.4,1493.626, NAN, NAN, NAN, NAN,,2024/04/16 15:15:48.933,2024-04-16 15:15:48.933000+00:00
2024/04/16, 15:16:48.933,35.957,-74.851, 0.01,34.35,331.27,0.42,14.2,14.3,1018.4,1018.7,0.0,0.0,85.1,78.5,357,353,8.6,8.2,74.6,74.6,8.5,8.1,32.7,28.7,1020.5,1020.8,842.0,347.63,2205.41,31.0681,12.4195,411.0,57.5,1493.654, NAN, NAN, NAN, NAN,,2024/04/16 15:16:48.933,2024-04-16 15:16:48.933000+00:00
2024/04/16, 15:17:48.933,35.957,-74.851, -0.10,32.86,99.82,0.04,14.2,14.3,1018.7,1018.6,0.0,0.0,85.1,78.5,4,357,8.9,8.5,74.6,74.6,8.9,8.5,36.8,29.8,1020.8,1020.7,848.07,347.55,2214.33,31.0332,12.4304,410.7,57.7,1493.649, NAN, NAN, NAN, NAN,,2024/04/16 15:17:48.933,2024-04-16 15:17:48.933000+00:00
2024/04/16, 15:18:48.933,35.957,-74.851, 0.05,32.94,169.55,0.25,14.2,14.3,1018.5,1018.7,0.0,0.0,85.1,78.5,0,356,8.5,8.2,74.6,74.7,8.6,8.3,32.2,28.2,1020.6,1020.8,849.38,347.72,2213.17,31.0192,12.4461,413.4,57.7,1493.686, NAN, NAN, NAN, NAN,,2024/04/16 15:18:48.933,2024-04-16 15:18:48.933000+00:00
2024/04/16, 15:19:48.933,35.957,-74.851, -0.12,32.92,268.75,0.28,14.3,14.3,1018.4,1018.6,0.0,0.0,85.1,78.5,2,356,9.1,8.9,74.6,74.8,9.2,9.0,35.7,29.7,1020.5,1020.7,850.98,347.77,2211.5,31.0203,12.4611,421.7,57.7,1493.739, NAN, NAN, NAN, NAN,,2024/04/16 15:19:48.933,2024-04-16 15:19:48.933000+00:00
2024/04/16, 15:20:48.933,35.957,-74.851, 0.02,32.71,191.24,0.11,14.3,14.3,1018.4,1018.5,0.0,0.0,85.1,78.5,3,359,9.3,8.9,74.3,74.7,9.3,8.9,35.4,31.4,1020.5,1020.6,850.61,347.48,2203.38,31.1313,12.4585,429.1,57.7,1493.862, NAN, NAN, NAN, NAN,,2024/04/16 15:20:48.933,2024-04-16 15:20:48.933000+00:00
2024/04/16, 15:21:48.933,35.957,-74.851, -0.07,34.19,291.67,0.21,14.3,14.3,1018.4,1018.5,0.0,0.0,85.1,78.5,4,357,8.7,8.8,73.9,74.0,8.7,8.8,38.9,31.9,1020.5,1020.6,845.52,347.73,2194.88,31.1997,12.4516,432.8,57.8,1493.92, NAN, NAN, NAN, NAN,,2024/04/16 15:21:48.933,2024-04-16 15:21:48.933000+00:00
2024/04/16, 15:22:48.933,35.957,-74.851, -0.03,33.53,233.61,0.13,14.3,14.3,1018.6,1018.4,0.0,0.0,85.1,78.5,1,357,8.6,8.6,74.2,74.2,8.7,8.7,34.6,30.7,1020.7,1020.5,856.49,348.17,2208.18,31.181,12.4561,431.8,57.7,1493.913, NAN, NAN, NAN, NAN,,2024/04/16 15:22:48.933,2024-04-16 15:22:48.933000+00:00
2024/04/16, 15:23:48.933,35.957,-74.851, -0.03,33.31,299.61,0.19,14.3,14.3,1018.4,1018.5,0.0,0.0,85.1,78.5,3,357,9.0,8.9,73.7,73.8,9.0,8.9,36.9,30.9,1020.5,1020.6,861.71,347.97,2217.82,31.2138,12.4603,437.2,57.8,1493.966, NAN, NAN, NAN, NAN,,2024/04/16 15:23:48.933,2024-04-16 15:23:48.933000+00:00
2024/04/16, 15:24:48.933,35.957,-74.851, -0.04,33.51,88.28,0.18,14.4,14.4,1018.4,1018.5,0.0,0.0,85.1,78.5,3,355,9.3,8.7,73.7,73.7,9.3,8.7,36.0,27.9,1020.5,1020.6,866.13,348.09,2224.77,31.2292,12.4525,437.9,57.9,1493.958, NAN, NAN, NAN, NAN,,2024/04/16 15:24:48.933,2024-04-16 15:24:48.933000+00:00
2024/04/16, 15:25:48.933,35.957,-74.851, -0.03,33.26,59.57,0.24,14.4,14.4,1018.6,1018.6,0.0,0.0,85.1,78.5,3,357,8.8,8.6,73.4,73.3,8.7,8.5,36.0,29.9,1020.7,1020.7,848.31,347.83,2184.91,31.1579,12.4423,431.2,57.8,1493.838, NAN, NAN, NAN, NAN,,2024/04/16 15:25:48.933,2024-04-16 15:25:48.933000+00:00
2024/04/16, 15:26:48.933,35.957,-74.851, -0.04,34.05,306.24,0.5,14.4,14.4,1018.6,1018.6,0.0,0.0,85.1,78.5,0,354,8.8,8.4,73.5,73.5,8.8,8.4,35.7,29.8,1020.7,1020.7,841.46,347.79,2161.79,31.1337,12.4473,431.2,57.6,1493.827, NAN, NAN, NAN, NAN,,2024/04/16 15:26:48.933,2024-04-16 15:26:48.933000+00:00
2024/04/16, 15:27:48.933,35.957,-74.851, 0.03,34.45,92.24,0.17,14.4,14.4,1018.5,1018.6,0.0,0.0,85.1,78.5,3,355,9.6,8.6,73.3,73.4,9.5,8.5,37.1,29.0,1020.6,1020.7,845.67,347.86,2171.58,31.099,12.4529,428.8,57.7,1493.804, NAN, NAN, NAN, NAN,,2024/04/16 15:27:48.933,2024-04-16 15:27:48.933000+00:00
2024/04/16, 15:28:48.933,35.957,-74.851, -0.04,32.8,295.01,0.23,14.4,14.4,1018.6,1018.5,0.0,0.0,85.1,78.5,2,358,9.2,8.7,73.4,73.3,9.2,8.7,35.5,31.6,1020.7,1020.6,840.36,347.36,2154.27,31.0948,12.4425,431.2,57.3,1493.764, NAN, NAN, NAN, NAN,,2024/04/16 15:28:48.933,2024-04-16 15:28:48.933000+00:00
2024/04/16, 15:29:48.933,35.957,-74.851, 0.00,33.69,334.95,0.15,14.4,14.5,1018.6,1018.5,0.0,0.0,85.1,78.5,1,356,9.4,8.8,73.3,73.4,9.4,8.8,35.1,30.1,1020.7,1020.6,837.42,347.77,2150.78,31.0879,12.4238,430.8,57.4,1493.692, NAN, NAN, NAN, NAN,,2024/04/16 15:29:48.933,2024-04-16 15:29:48.933000+00:00
2024/04/16, 15:30:48.933,35.957,-74.851, -0.05,33.47,292.84,0.25,14.4,14.5,1018.6,1018.6,0.0,0.0,85.1,78.5,0,355,8.2,8.0,73.1,73.1,8.2,8.0,34.3,29.4,1020.7,1020.7,868.58,347.78,2212.05,31.0807,12.4078,430.2,57.6,1493.629, NAN, NAN, NAN, NAN,,2024/04/16 15:30:48.933,2024-04-16 15:30:48.933000+00:00
2024/04/16, 15:31:48.933,35.957,-74.851, 0.02,33.6,345.07,0.12,14.4,14.5,1018.7,1018.6,0.0,0.0,85.1,78.5,0,354,8.4,8.0,73.4,73.4,8.4,8.0,33.9,27.9,1020.8,1020.7,874.73,347.52,2224.16,31.1196,12.4029,431.8,57.6,1493.658, NAN, NAN, NAN, NAN,,2024/04/16 15:31:48.933,2024-04-16 15:31:48.933000+00:00
2024/04/16, 15:32:48.934,35.957,-74.851, 1.50,29.15,33.54,1.66,14.4,14.4,1018.5,1018.4,0.0,0.0,85.1,78.5,359,355,9.5,9.4,73.4,73.4,8.6,8.6,27.7,23.3,1020.6,1020.5,883.48,348.0,2236.78,31.2066,12.4089,436.6,57.5,1493.782, NAN, NAN, NAN, NAN,,2024/04/16 15:32:48.934,2024-04-16 15:32:48.934000+00:00
2024/04/16, 15:33:48.934,35.958,-74.851, 3.16,328.34,333.12,2.99,14.4,14.5,1018.4,1018.6,0.0,0.0,85.1,78.5,43,33,10.7,12.5,73.2,73.2,9.6,11.2,17.2,5.2,1020.5,1020.7,833.52,347.49,2231.88,31.2199,12.3928,438.2,57.0,1493.743, NAN, NAN, NAN, NAN,,2024/04/16 15:33:48.934,2024-04-16 15:33:48.934000+00:00
2024/04/16, 15:34:48.934,35.958,-74.852, 4.70,253.16,264.49,4.46,14.5,14.5,1018.4,1018.5,0.0,0.0,85.1,78.5,113,116,8.3,7.6,73.3,73.3,9.0,8.4,20.6,24.4,1020.5,1020.6,841.48,347.03,2257.63,31.2117,12.3801,438.2,57.4,1493.69, NAN, NAN, NAN, NAN,,2024/04/16 15:34:48.934,2024-04-16 15:34:48.934000+00:00
2024/04/16, 15:35:48.934,35.957,-74.853, 5.36,180.13,199.8,5.39,14.4,14.5,1018.6,1018.6,0.0,0.0,85.1,78.5,220,248,2.6,3.6,74.0,73.4,5.3,5.8,29.4,47.1,1020.7,1020.7,896.25,349.35,2302.23,31.2159,12.3842,435.8,57.0,1493.709, NAN, NAN, NAN, NAN,,2024/04/16 15:35:48.934,2024-04-16 15:35:48.934000+00:00
2024/04/16, 15:36:48.934,35.955,-74.853, 8.02,177.68,185.19,8.43,14.4,14.4,1018.8,1018.8,0.0,0.0,85.1,78.5,238,240,5.8,4.5,74.6,74.8,9.1,7.9,33.6,31.1,1020.9,1020.9,922.01,349.11,2309.92,31.1582,12.3808,424.8,57.4,1493.629, NAN, NAN, NAN, NAN,,2024/04/16 15:36:48.934,2024-04-16 15:36:48.934000+00:00
2024/04/16, 15:37:48.934,35.953,-74.853, 9.99,178.65,181.59,9.87,14.4,14.4,1018.8,1018.7,0.0,0.0,85.1,78.5,239,250,5.5,4.4,74.6,74.7,9.4,7.9,31.3,32.9,1020.9,1020.8,924.19,349.4,2314.47,31.127,12.371,419.6,57.7,1493.558, NAN, NAN, NAN, NAN,,2024/04/16 15:37:48.934,2024-04-16 15:37:48.934000+00:00
2024/04/16, 15:38:48.934,35.95,-74.854, 10.82,180.86,184.08,10.75,14.4,14.4,1018.8,1018.7,0.0,0.0,85.1,78.5,243,250,4.9,4.7,74.3,74.5,9.0,8.5,31.8,34.2,1020.9,1020.8,919.13,348.89,2299.97,31.0954,12.3921,416.6,57.7,1493.593, NAN, NAN, NAN, NAN,,2024/04/16 15:38:48.934,2024-04-16 15:38:48.934000+00:00
2024/04/16, 15:39:48.934,35.947,-74.854, 11.20,179.8,183.55,11.02,14.3,14.4,1018.8,1018.7,0.0,0.0,85.1,78.5,250,253,5.1,4.7,74.7,74.8,9.0,8.6,35.0,34.8,1020.9,1020.8,919.8,349.64,2298.06,31.0814,12.3976,415.3,57.8,1493.595, NAN, NAN, NAN, NAN,,2024/04/16 15:39:48.934,2024-04-16 15:39:48.934000+00:00
2024/04/16, 15:40:48.934,35.944,-74.854, 11.09,175.88,184.0,10.97,14.3,14.4,1018.8,1018.8,0.0,0.0,85.1,78.5,250,253,4.7,4.6,74.6,74.7,8.8,8.6,31.1,32.0,1020.9,1020.9,934.83,349.49,2321.15,31.0634,12.3893,413.4,57.9,1493.545, NAN, NAN, NAN, NAN,,2024/04/16 15:40:48.934,2024-04-16 15:40:48.934000+00:00
2024/04/16, 15:41:48.934,35.941,-74.854, 11.25,176.2,181.48,11.12,14.4,14.4,1018.9,1018.8,0.0,0.0,85.1,78.5,252,260,5.8,5.2,74.6,74.7,9.6,8.6,34.8,36.5,1021.0,1020.9,933.66,349.77,2313.73,31.0478,12.4077,413.4,57.9,1493.589, NAN, NAN, NAN, NAN,,2024/04/16 15:41:48.934,2024-04-16 15:41:48.934000+00:00
2024/04/16, 15:42:48.934,35.938,-74.854, 11.17,176.49,180.09,11.09,14.3,14.4,1018.9,1018.8,0.0,0.0,85.1,78.5,250,263,6.0,5.3,74.3,74.3,9.8,8.5,34.4,38.2,1021.0,1020.9,923.91,349.2,2292.1,31.0489,12.421,413.4,57.9,1493.636, NAN, NAN, NAN, NAN,,2024/04/16 15:42:48.934,2024-04-16 15:42:48.934000+00:00
2024/04/16, 15:43:48.934,35.934,-74.854, 11.12,176.24,181.05,11.11,14.4,14.4,1018.8,1018.7,0.0,0.0,85.1,78.5,249,261,5.7,5.0,73.8,73.8,9.6,8.4,32.8,35.9,1020.9,1020.8,900.65,349.15,2249.04,31.0352,12.4308,414.0,57.9,1493.653, NAN, NAN, NAN, NAN,,2024/04/16 15:43:48.934,2024-04-16 15:43:48.934000+00:00
2024/04/16, 15:44:48.934,35.931,-74.854, 11.27,176.43,182.62,11.19,14.4,14.4,1018.9,1018.7,0.0,0.0,85.1,78.5,254,259,5.3,5.1,73.7,73.8,9.1,8.7,34.4,35.9,1021.0,1020.8,900.14,349.27,2235.42,31.0334,12.4294,413.4,57.9,1493.646, NAN, NAN, NAN, NAN,,2024/04/16 15:44:48.934,2024-04-16 15:44:48.934000+00:00
2024/04/16, 15:45:48.934,35.928,-74.854, 11.29,177.78,179.21,10.62,14.4,14.4,1018.8,1018.8,0.0,0.0,85.1,78.5,254,265,6.3,5.5,73.8,73.9,9.6,8.3,39.2,42.0,1020.9,1020.9,920.44,349.85,2284.79,31.0399,12.4247,413.4,58.0,1493.638, NAN, NAN, NAN, NAN,,2024/04/16 15:45:48.934,2024-04-16 15:45:48.934000+00:00
2024/04/16, 15:46:48.934,35.925,-74.854, 11.33,176.54,176.76,10.94,14.4,14.4,1018.7,1018.8,0.0,0.0,85.1,78.5,250,263,5.6,5.3,73.5,73.6,9.3,8.3,32.6,37.7,1020.8,1020.9,938.03,349.82,2317.57,31.0487,12.4146,414.4,57.9,1493.614, NAN, NAN, NAN, NAN,,2024/04/16 15:46:48.934,2024-04-16 15:46:48.934000+00:00
2024/04/16, 15:47:48.935,35.922,-74.854, 11.28,176.01,178.12,11.09,14.4,14.4,1018.7,1018.6,0.0,0.0,85.1,78.5,250,265,6.0,5.4,73.3,73.5,9.8,8.4,33.6,38.8,1020.8,1020.7,935.14,350.08,2308.39,31.0673,12.3908,413.4,58.1,1493.555, NAN, NAN, NAN, NAN,,2024/04/16 15:47:48.935,2024-04-16 15:47:48.935000+00:00
2024/04/16, 15:48:48.935,35.919,-74.854, 11.29,176.54,179.31,11.15,14.4,14.5,1018.8,1018.7,0.0,0.0,85.1,78.5,249,258,6.4,5.7,72.9,72.8,10.2,9.1,34.7,37.1,1020.9,1020.8,936.88,349.88,2303.69,31.0932,12.3623,412.9,57.9,1493.488, NAN, NAN, NAN, NAN,,2024/04/16 15:48:48.935,2024-04-16 15:48:48.935000+00:00
2024/04/16, 15:49:48.935,35.916,-74.854, 11.17,177.13,179.26,11.03,14.5,14.5,1018.7,1018.6,0.0,0.0,85.1,78.5,243,252,6.4,4.9,72.2,72.5,10.4,8.7,31.9,31.5,1020.8,1020.7,927.12,349.71,2269.71,31.132,12.3162,412.9,58.1,1493.376, NAN, NAN, NAN, NAN,,2024/04/16 15:49:48.935,2024-04-16 15:49:48.935000+00:00
2024/04/16, 15:50:48.935,35.913,-74.854, 11.06,176.43,180.28,11.04,14.5,14.5,1018.6,1018.6,0.0,0.0,85.1,78.5,252,262,6.3,5.4,71.7,71.7,9.9,8.6,36.3,38.1,1020.7,1020.7,939.06,349.77,2306.62,31.175,12.2759,412.9,58.1,1493.29, NAN, NAN, NAN, NAN,,2024/04/16 15:50:48.935,2024-04-16 15:50:48.935000+00:00
2024/04/16, 15:51:48.935,35.91,-74.854, 11.16,176.93,180.42,11.11,14.5,14.5,1018.7,1018.6,0.0,0.0,85.1,78.5,246,259,5.9,4.9,70.6,70.8,9.9,8.4,32.2,34.8,1020.8,1020.7,920.66,349.57,2268.65,31.2383,12.2477,412.3,58.0,1493.268, NAN, NAN, NAN, NAN,,2024/04/16 15:51:48.935,2024-04-16 15:51:48.935000+00:00
2024/04/16, 15:52:48.935,35.907,-74.854, 11.22,177.04,181.53,10.9,14.5,14.5,1018.7,1018.6,0.0,0.0,85.1,78.5,244,252,7.3,6.3,70.4,70.6,11.2,9.9,35.4,37.4,1020.8,1020.7,909.06,349.53,2246.13,31.3062,12.2109,412.0,58.0,1493.223, NAN, NAN, NAN, NAN,,2024/04/16 15:52:48.935,2024-04-16 15:52:48.935000+00:00
2024/04/16, 15:53:48.935,35.904,-74.854, 11.13,176.38,178.53,11.08,14.5,14.6,1018.6,1018.6,0.0,0.0,85.1,78.5,243,254,6.5,5.6,69.4,69.4,10.5,9.2,31.3,34.2,1020.7,1020.7,928.94,349.31,2281.89,31.3477,12.1791,411.6,58.0,1493.163, NAN, NAN, NAN, NAN,,2024/04/16 15:53:48.935,2024-04-16 15:53:48.935000+00:00
2024/04/16, 15:54:48.935,35.9,-74.854, 11.10,176.89,179.17,10.99,14.5,14.6,1018.6,1018.6,0.0,0.0,85.1,78.5,242,250,6.6,5.0,69.4,69.5,10.6,8.9,31.7,30.8,1020.7,1020.7,902.65,349.04,2212.19,31.3763,12.1733,412.9,58.0,1493.177, NAN, NAN, NAN, NAN,,2024/04/16 15:54:48.935,2024-04-16 15:54:48.935000+00:00
2024/04/16, 15:55:48.935,35.897,-74.854, 11.27,176.11,179.92,11.35,14.6,14.6,1018.6,1018.6,0.0,0.0,85.1,78.5,244,251,6.9,5.8,69.0,69.1,11.0,9.7,32.6,33.2,1020.7,1020.7,895.73,348.84,2205.47,31.3987,12.1696,412.3,57.9,1493.191, NAN, NAN, NAN, NAN,,2024/04/16 15:55:48.935,2024-04-16 15:55:48.935000+00:00
2024/04/16, 15:56:48.935,35.894,-74.854, 11.30,175.92,178.52,11.39,14.6,14.6,1018.7,1018.6,0.0,0.0,85.1,78.5,247,253,6.6,5.5,68.8,68.8,10.6,9.3,33.0,32.6,1020.8,1020.7,910.8,348.68,2241.64,31.4114,12.1665,412.3,57.9,1493.196, NAN, NAN, NAN, NAN,,2024/04/16 15:56:48.935,2024-04-16 15:56:48.935000+00:00
2024/04/16, 15:57:48.935,35.891,-74.854, 11.05,183.57,184.27,11.22,14.6,14.6,1018.6,1018.6,0.0,0.0,85.1,78.5,231,242,6.4,6.0,68.6,68.6,11.0,10.1,30.8,35.6,1020.7,1020.7,901.44,349.06,2226.8,31.4117,12.1678,412.3,58.0,1493.201, NAN, NAN, NAN, NAN,,2024/04/16 15:57:48.935,2024-04-16 15:57:48.935000+00:00
2024/04/16, 15:58:48.935,35.888,-74.855, 11.34,184.72,187.78,11.37,14.5,14.6,1018.6,1018.5,0.0,0.0,85.1,78.5,230,237,5.9,4.7,68.2,68.4,10.8,9.4,31.1,31.3,1020.7,1020.6,909.16,349.32,2244.05,31.4054,12.1795,411.6,58.0,1493.233, NAN, NAN, NAN, NAN,,2024/04/16 15:58:48.935,2024-04-16 15:58:48.935000+00:00
2024/04/16, 15:59:48.935,35.885,-74.855, 11.23,184.22,189.13,11.21,14.6,14.6,1018.6,1018.5,0.0,0.0,85.1,78.5,233,235,5.5,5.0,68.3,68.4,10.3,9.7,32.2,31.9,1020.7,1020.6,890.65,349.67,2205.34,31.3925,12.2041,412.6,57.9,1493.302, NAN, NAN, NAN, NAN,,2024/04/16 15:59:48.935,2024-04-16 15:59:48.935000+00:00
2024/04/16, 16:00:48.935,35.882,-74.856, 11.07,185.2,188.99,11.12,14.6,14.6,1018.5,1018.6,0.0,0.0,85.1,78.5,228,231,5.6,4.5,68.1,68.2,10.5,9.3,30.5,29.2,1020.6,1020.7,899.98,349.72,2219.95,31.3722,12.2224,412.9,57.9,1493.341, NAN, NAN, NAN, NAN,,2024/04/16 16:00:48.935,2024-04-16 16:00:48.935000+00:00
2024/04/16, 16:01:48.935,35.879,-74.856, 11.30,184.63,189.39,11.5,14.6,14.6,1018.4,1018.4,0.0,0.0,85.1,78.5,230,237,5.5,4.9,68.1,68.3,10.5,9.7,30.8,32.5,1020.5,1020.5,873.69,349.59,2164.59,31.343,12.2356,414.0,58.1,1493.351, NAN, NAN, NAN, NAN,,2024/04/16 16:01:48.935,2024-04-16 16:01:48.935000+00:00
2024/04/16, 16:02:48.935,35.876,-74.857, 11.36,183.91,185.4,11.5,14.6,14.6,1018.6,1018.6,0.0,0.0,85.1,78.5,235,234,5.5,4.5,67.8,68.0,10.2,9.4,31.4,28.2,1020.7,1020.7,871.27,349.53,2163.4,31.3202,12.243,413.2,57.9,1493.35, NAN, NAN, NAN, NAN,,2024/04/16 16:02:48.935,2024-04-16 16:02:48.935000+00:00
2024/04/16, 16:03:48.936,35.872,-74.857, 11.25,185.02,187.73,11.43,14.6,14.6,1018.6,1018.5,0.0,0.0,85.1,78.5,228,234,5.5,4.7,68.2,68.2,10.5,9.5,29.4,30.1,1020.7,1020.6,881.29,349.38,2180.13,31.3051,12.2529,413.2,58.1,1493.366, NAN, NAN, NAN, NAN,,2024/04/16 16:03:48.936,2024-04-16 16:03:48.936000+00:00
2024/04/16, 16:04:48.936,35.869,-74.858, 11.27,184.89,188.11,11.48,14.5,14.6,1018.5,1018.4,0.0,0.0,85.1,78.5,228,228,5.7,4.8,68.4,68.6,10.7,9.9,30.0,28.0,1020.6,1020.5,904.7,349.68,2220.13,31.3013,12.2671,412.6,58.2,1493.41, NAN, NAN, NAN, NAN,,2024/04/16 16:04:48.936,2024-04-16 16:04:48.936000+00:00
2024/04/16, 16:05:48.936,35.866,-74.858, 11.18,184.59,189.21,11.37,14.5,14.5,1018.4,1018.3,0.0,0.0,85.1,78.5,229,230,5.0,4.7,68.0,68.3,10.0,9.7,29.2,29.0,1020.5,1020.4,936.95,350.25,2289.76,31.2942,12.2872,414.4,58.1,1493.47, NAN, NAN, NAN, NAN,,2024/04/16 16:05:48.936,2024-04-16 16:05:48.936000+00:00
2024/04/16, 16:06:48.936,35.863,-74.859, 11.09,184.61,189.5,11.03,14.5,14.5,1018.6,1018.4,0.0,0.0,85.1,78.5,227,229,5.9,4.7,68.6,68.8,10.8,9.6,31.0,29.4,1020.7,1020.5,939.72,350.56,2294.89,31.2788,12.2966,415.0,58.0,1493.484, NAN, NAN, NAN, NAN,,2024/04/16 16:06:48.936,2024-04-16 16:06:48.936000+00:00
2024/04/16, 16:07:48.936,35.86,-74.859, 11.08,184.38,185.91,11.11,14.5,14.5,1018.6,1018.5,0.0,0.0,85.1,78.5,227,233,5.5,4.1,68.1,68.4,10.4,8.9,29.0,28.0,1020.7,1020.6,936.69,350.21,2300.22,31.2545,12.2954,416.3,57.9,1493.451, NAN, NAN, NAN, NAN,,2024/04/16 16:07:48.936,2024-04-16 16:07:48.936000+00:00
2024/04/16, 16:08:48.936,35.857,-74.86, 11.26,184.28,185.25,11.17,14.5,14.5,1018.4,1018.5,0.0,0.0,85.1,78.5,228,226,4.9,4.7,68.4,68.6,9.8,9.7,27.9,26.5,1020.5,1020.6,901.12,350.19,2196.12,31.2365,12.2923,416.3,58.1,1493.419, NAN, NAN, NAN, NAN,,2024/04/16 16:08:48.936,2024-04-16 16:08:48.936000+00:00
2024/04/16, 16:09:48.936,35.854,-74.861, 11.28,183.16,188.13,11.41,14.5,14.5,1018.4,1018.5,0.0,0.0,85.1,78.5,228,231,4.5,3.6,68.5,68.8,9.6,8.7,26.5,25.2,1020.5,1020.6,890.4,350.22,2178.42,31.2345,12.2977,415.6,58.1,1493.435, NAN, NAN, NAN, NAN,,2024/04/16 16:09:48.936,2024-04-16 16:09:48.936000+00:00
2024/04/16, 16:10:48.936,35.851,-74.861, 11.31,184.71,188.09,11.47,14.5,14.5,1018.5,1018.4,0.0,0.0,85.1,78.5,228,234,5.5,4.7,69.0,69.2,10.6,9.6,29.8,30.6,1020.6,1020.5,859.74,349.93,2120.86,31.2356,12.3006,415.3,58.1,1493.446, NAN, NAN, NAN, NAN,,2024/04/16 16:10:48.936,2024-04-16 16:10:48.936000+00:00
2024/04/16, 16:11:48.936,35.848,-74.862, 11.25,184.43,184.8,11.32,14.5,14.5,1018.4,1018.6,0.0,0.0,85.1,78.5,232,234,5.4,4.6,69.1,69.4,10.2,9.4,30.2,28.9,1020.5,1020.7,795.75,349.23,2011.58,31.2283,12.2974,415.3,58.2,1493.427, NAN, NAN, NAN, NAN,,2024/04/16 16:11:48.936,2024-04-16 16:11:48.936000+00:00
2024/04/16, 16:12:48.936,35.844,-74.862, 11.17,182.25,185.82,11.44,14.5,14.5,1018.6,1018.4,0.0,0.0,85.1,78.5,239,246,5.3,4.6,68.9,69.0,9.9,9.0,31.9,32.7,1020.7,1020.5,859.91,349.75,2105.13,31.2247,12.3165,416.3,58.2,1493.488, NAN, NAN, NAN, NAN,,2024/04/16 16:12:48.936,2024-04-16 16:12:48.936000+00:00
2024/04/16, 16:13:48.936,35.841,-74.863, 11.17,183.06,186.36,11.41,14.5,14.5,1018.6,1018.6,0.0,0.0,85.1,78.5,224,232,5.9,4.8,69.6,69.7,11.0,9.7,26.9,28.3,1020.7,1020.7,882.34,350.0,2161.73,31.2274,12.3271,417.4,58.0,1493.527, NAN, NAN, NAN, NAN,,2024/04/16 16:13:48.936,2024-04-16 16:13:48.936000+00:00
2024/04/16, 16:14:48.936,35.838,-74.863, 11.25,183.08,184.77,11.17,14.5,14.5,1018.6,1018.4,0.0,0.0,85.1,78.5,231,229,5.4,4.8,69.7,69.8,10.2,9.7,29.2,26.8,1020.7,1020.5,842.85,349.72,2090.94,31.2144,12.3249,418.7,58.3,1493.504, NAN, NAN, NAN, NAN,,2024/04/16 16:14:48.936,2024-04-16 16:14:48.936000+00:00
2024/04/16, 16:15:48.936,35.835,-74.864, 11.36,181.91,184.11,11.24,14.5,14.5,1018.4,1018.5,0.0,0.0,85.1,78.5,230,237,5.3,4.7,69.7,69.8,10.2,9.4,27.4,29.0,1020.5,1020.6,901.88,350.14,2206.24,31.1978,12.342,418.4,58.1,1493.543, NAN, NAN, NAN, NAN,,2024/04/16 16:15:48.936,2024-04-16 16:15:48.936000+00:00
2024/04/16, 16:16:48.936,35.832,-74.864, 11.42,183.74,186.42,11.44,14.4,14.4,1018.4,1018.4,0.0,0.0,85.1,78.5,230,233,5.0,4.4,69.9,70.1,10.0,9.3,28.1,27.8,1020.5,1020.5,872.98,349.9,2137.48,31.1876,12.3639,417.7,58.2,1493.606, NAN, NAN, NAN, NAN,,2024/04/16 16:16:48.936,2024-04-16 16:16:48.936000+00:00
2024/04/16, 16:17:48.936,35.829,-74.864, 11.40,182.54,186.43,11.44,14.4,14.4,1018.4,1018.3,0.0,0.0,85.1,78.5,233,239,4.9,4.4,70.1,70.3,9.8,9.1,28.3,29.3,1020.5,1020.4,853.11,350.3,2101.73,31.1745,12.3861,417.4,58.3,1493.666, NAN, NAN, NAN, NAN,,2024/04/16 16:17:48.936,2024-04-16 16:17:48.936000+00:00
2024/04/16, 16:18:48.936,35.826,-74.865, 11.46,181.66,186.04,11.41,14.4,14.4,1018.4,1018.4,0.0,0.0,85.1,78.5,237,241,5.4,4.3,70.3,70.6,10.1,9.0,31.2,29.6,1020.5,1020.5,899.56,350.61,2211.23,31.1483,12.412,419.3,58.3,1493.723, NAN, NAN, NAN, NAN,,2024/04/16 16:18:48.936,2024-04-16 16:18:48.936000+00:00
2024/04/16, 16:19:48.937,35.822,-74.865, 11.22,180.58,184.73,11.29,14.4,14.4,1018.4,1018.4,0.0,0.0,85.1,78.5,242,248,5.3,4.1,70.6,70.9,9.7,8.5,32.3,30.6,1020.5,1020.5,940.51,350.82,2286.11,31.1202,12.4491,418.4,58.1,1493.817, NAN, NAN, NAN, NAN,,2024/04/16 16:19:48.937,2024-04-16 16:19:48.937000+00:00
2024/04/16, 16:20:48.937,35.819,-74.866, 11.34,179.15,186.43,11.56,14.4,14.4,1018.3,1018.4,0.0,0.0,85.1,78.5,242,248,5.5,4.5,70.8,70.9,10.1,9.0,31.8,31.2,1020.4,1020.5,973.47,350.87,2357.51,31.0892,12.4848,419.3,58.2,1493.902, NAN, NAN, NAN, NAN,,2024/04/16 16:20:48.937,2024-04-16 16:20:48.937000+00:00
2024/04/16, 16:21:48.937,35.816,-74.866, 11.29,179.94,182.24,11.42,14.3,14.4,1018.4,1018.4,0.0,0.0,85.1,78.5,241,250,5.9,4.8,70.8,70.9,10.3,8.9,32.1,32.7,1020.5,1020.5,924.1,350.55,2262.72,31.0547,12.5077,419.0,58.1,1493.939, NAN, NAN, NAN, NAN,,2024/04/16 16:21:48.937,2024-04-16 16:21:48.937000+00:00
2024/04/16, 16:22:48.937,35.813,-74.866, 11.25,179.76,183.39,11.3,14.4,14.4,1018.6,1018.4,0.0,0.0,85.1,78.5,243,251,5.0,4.6,70.8,71.0,9.4,8.7,31.1,33.2,1020.7,1020.5,927.92,350.62,2277.54,31.0135,12.5005,418.7,58.1,1493.865, NAN, NAN, NAN, NAN,,2024/04/16 16:22:48.937,2024-04-16 16:22:48.937000+00:00
2024/04/16, 16:23:48.937,35.81,-74.866, 11.23,179.5,184.32,11.28,14.3,14.4,1018.4,1018.4,0.0,0.0,85.1,78.5,242,249,5.1,4.6,70.9,71.2,9.6,8.8,30.9,32.3,1020.5,1020.5,942.43,350.63,2312.4,30.9787,12.4967,417.7,58.1,1493.811, NAN, NAN, NAN, NAN,,2024/04/16 16:23:48.937,2024-04-16 16:23:48.937000+00:00
2024/04/16, 16:24:48.937,35.807,-74.867, 11.40,179.14,183.14,11.48,14.3,14.4,1018.4,1018.4,0.0,0.0,85.1,78.5,245,244,5.4,4.7,71.2,71.3,9.7,9.2,32.1,29.4,1020.5,1020.5,984.75,351.2,2386.43,30.9753,12.507,419.0,58.4,1493.842, NAN, NAN, NAN, NAN,,2024/04/16 16:24:48.937,2024-04-16 16:24:48.937000+00:00
2024/04/16, 16:25:48.937,35.803,-74.867, 11.46,180.02,183.84,11.54,14.3,14.4,1018.4,1018.4,0.0,0.0,85.1,78.5,241,253,5.7,4.6,71.4,71.4,10.2,8.7,31.8,33.5,1020.5,1020.5,1008.55,351.31,2433.73,30.9692,12.5352,418.0,58.4,1493.931, NAN, NAN, NAN, NAN,,2024/04/16 16:25:48.937,2024-04-16 16:25:48.937000+00:00
2024/04/16, 16:26:48.937,35.8,-74.867, 11.46,180.78,184.32,11.29,14.3,14.4,1018.4,1018.3,0.0,0.0,85.1,78.5,247,249,5.4,4.6,71.4,71.4,9.5,8.8,34.6,32.6,1020.5,1020.4,947.38,350.74,2336.72,30.9572,12.5668,418.7,58.3,1494.024, NAN, NAN, NAN, NAN,,2024/04/16 16:26:48.937,2024-04-16 16:26:48.937000+00:00
2024/04/16, 16:27:48.937,35.797,-74.867, 11.41,180.24,185.13,11.11,14.3,14.4,1018.4,1018.4,0.0,0.0,85.1,78.5,244,251,5.3,4.4,71.5,71.7,9.6,8.5,33.2,33.1,1020.5,1020.5,926.19,350.61,2258.19,30.9375,12.6002,418.7,58.4,1494.115, NAN, NAN, NAN, NAN,,2024/04/16 16:27:48.937,2024-04-16 16:27:48.937000+00:00
2024/04/16, 16:28:48.937,35.794,-74.868, 11.44,180.28,182.79,11.54,14.3,14.4,1018.4,1018.4,0.0,0.0,85.1,78.5,245,256,5.6,4.9,71.6,71.7,9.8,8.7,32.8,35.2,1020.5,1020.5,931.09,350.27,2279.6,30.9042,12.6298,417.7,58.4,1494.176, NAN, NAN, NAN, NAN,,2024/04/16 16:28:48.937,2024-04-16 16:28:48.937000+00:00
2024/04/16, 16:29:48.937,35.791,-74.868, 11.43,180.51,183.83,11.11,14.3,14.4,1018.4,1018.4,0.0,0.0,85.1,78.5,244,250,5.4,4.3,71.7,71.6,9.6,8.4,33.2,31.8,1020.5,1020.5,780.71,348.92,1998.71,30.8782,12.648,418.4,58.2,1494.207, NAN, NAN, NAN, NAN,,2024/04/16 16:29:48.937,2024-04-16 16:29:48.937000+00:00
2024/04/16, 16:30:48.937,35.788,-74.868, 11.30,179.58,182.91,11.27,14.3,14.3,1018.3,1018.4,0.0,0.0,85.1,78.5,244,256,5.9,4.9,71.9,72.0,10.1,8.7,33.9,36.2,1020.4,1020.5,816.52,349.09,2075.0,30.8476,12.659,418.4,58.2,1494.208, NAN, NAN, NAN, NAN,,2024/04/16 16:30:48.937,2024-04-16 16:30:48.937000+00:00
2024/04/16, 16:31:48.937,35.785,-74.868, 11.32,180.38,182.54,11.15,14.3,14.3,1018.6,1018.4,0.0,0.0,85.1,78.5,248,256,5.1,4.5,71.6,71.7,9.1,8.2,33.0,34.0,1020.7,1020.5,903.3,349.92,2254.23,30.8325,12.6723,418.7,58.4,1494.235, NAN, NAN, NAN, NAN,,2024/04/16 16:31:48.937,2024-04-16 16:31:48.937000+00:00
2024/04/16, 16:32:48.937,35.782,-74.868, 11.31,180.56,183.47,11.21,14.2,14.3,1018.4,1018.6,0.0,0.0,85.1,78.5,244,248,4.7,4.4,71.9,72.1,9.0,8.6,30.4,30.9,1020.5,1020.7,888.16,350.09,2235.58,30.824,12.6851,419.3,58.2,1494.268, NAN, NAN, NAN, NAN,,2024/04/16 16:32:48.937,2024-04-16 16:32:48.937000+00:00
2024/04/16, 16:33:48.937,35.778,-74.869, 11.32,180.16,181.45,11.26,14.2,14.3,1018.4,1018.6,0.0,0.0,85.1,78.5,255,249,4.8,4.6,72.1,72.1,8.6,8.7,35.3,31.9,1020.5,1020.7,976.61,351.1,2406.75,30.8039,12.6942,419.6,57.9,1494.276, NAN, NAN, NAN, NAN,,2024/04/16 16:33:48.937,2024-04-16 16:33:48.937000+00:00
2024/04/16, 16:34:48.937,35.775,-74.869, 11.31,180.29,180.75,11.32,14.2,14.3,1018.4,1018.4,0.0,0.0,85.1,78.5,249,248,4.0,4.3,72.2,72.0,8.3,8.6,29.6,30.5,1020.5,1020.5,1015.39,351.63,2494.9,30.7847,12.698,420.0,58.2,1494.266, NAN, NAN, NAN, NAN,,2024/04/16 16:34:48.937,2024-04-16 16:34:48.937000+00:00
2024/04/16, 16:35:48.938,35.772,-74.869, 11.28,179.44,183.03,11.17,14.2,14.3,1018.5,1018.4,0.0,0.0,85.1,78.5,249,250,4.7,4.5,72.7,72.7,8.8,8.6,32.0,31.6,1020.6,1020.5,1001.03,351.84,2477.41,30.7765,12.6944,420.0,58.3,1494.244, NAN, NAN, NAN, NAN,,2024/04/16 16:35:48.938,2024-04-16 16:35:48.938000+00:00
2024/04/16, 16:36:48.938,35.769,-74.869, 11.14,180.92,182.79,11.21,14.2,14.3,1018.6,1018.5,0.0,0.0,85.1,78.5,246,251,5.1,4.6,72.3,72.4,9.2,8.6,32.7,32.9,1020.7,1020.6,932.67,351.05,2345.05,30.7738,12.7125,419.6,58.3,1494.302, NAN, NAN, NAN, NAN,,2024/04/16 16:36:48.938,2024-04-16 16:36:48.938000+00:00
2024/04/16, 16:37:48.938,35.766,-74.869, 11.10,179.68,181.36,11.06,14.2,14.3,1018.4,1018.4,0.0,0.0,85.1,78.5,245,244,4.6,4.1,72.2,72.2,8.8,8.5,30.0,27.6,1020.5,1020.5,893.16,350.51,2256.32,30.7617,12.736,420.1,58.3,1494.367, NAN, NAN, NAN, NAN,,2024/04/16 16:37:48.938,2024-04-16 16:37:48.938000+00:00
2024/04/16, 16:38:48.938,35.763,-74.869, 11.23,179.85,184.73,11.07,14.2,14.3,1018.4,1018.3,0.0,0.0,85.1,78.5,251,252,4.9,4.6,71.8,71.9,8.8,8.5,34.4,33.7,1020.5,1020.4,989.71,351.62,2471.61,30.7235,12.7733,419.3,58.1,1494.449, NAN, NAN, NAN, NAN,,2024/04/16 16:38:48.938,2024-04-16 16:38:48.938000+00:00
2024/04/16, 16:39:48.938,35.76,-74.87, 11.38,180.85,181.45,11.51,14.2,14.3,1018.6,1018.5,0.0,0.0,85.1,78.5,252,252,4.7,4.5,72.0,71.9,8.7,8.5,32.9,32.1,1020.7,1020.6,1006.44,351.7,2501.94,30.688,12.8177,419.6,58.2,1494.557, NAN, NAN, NAN, NAN,,2024/04/16 16:39:48.938,2024-04-16 16:39:48.938000+00:00
2024/04/16, 16:40:48.938,35.756,-74.87, 11.42,179.95,181.09,11.35,14.2,14.3,1018.4,1018.5,0.0,0.0,85.1,78.5,255,266,4.4,4.0,72.1,72.1,8.2,7.4,32.3,34.1,1020.5,1020.6,954.22,351.62,2404.76,30.6492,12.8466,420.4,58.3,1494.609, NAN, NAN, NAN, NAN,,2024/04/16 16:40:48.938,2024-04-16 16:40:48.938000+00:00
2024/04/16, 16:41:48.938,35.753,-74.87, 11.42,180.36,183.58,11.48,14.2,14.3,1018.4,1018.5,0.0,0.0,85.1,78.5,253,264,5.2,4.9,72.1,72.0,9.1,8.2,35.4,38.9,1020.5,1020.6,964.51,351.55,2444.52,30.6087,12.8473,420.1,58.6,1494.563, NAN, NAN, NAN, NAN,,2024/04/16 16:41:48.938,2024-04-16 16:41:48.938000+00:00
2024/04/16, 16:42:48.938,35.75,-74.87, 11.39,179.78,178.63,11.29,14.2,14.3,1018.4,1018.5,0.0,0.0,85.1,78.5,258,259,4.1,4.4,71.1,71.3,7.8,8.0,31.6,33.6,1020.5,1020.6,939.23,351.56,2393.05,30.5915,12.8415,419.3,58.0,1494.523, NAN, NAN, NAN, NAN,,2024/04/16 16:42:48.938,2024-04-16 16:42:48.938000+00:00
2024/04/16, 16:43:48.938,35.747,-74.87, 11.36,180.31,181.26,11.17,14.2,14.3,1018.4,1018.6,0.0,0.0,85.1,78.5,256,265,3.6,4.0,71.2,71.3,7.5,7.4,29.2,34.5,1020.5,1020.7,946.02,351.49,2409.68,30.5883,12.848,419.6,58.0,1494.541, NAN, NAN, NAN, NAN,,2024/04/16 16:43:48.938,2024-04-16 16:43:48.938000+00:00
2024/04/16, 16:44:48.938,35.744,-74.871, 11.20,179.91,180.69,11.24,14.2,14.3,1018.4,1018.5,0.0,0.0,85.1,78.5,260,268,4.0,4.4,71.4,71.5,7.6,7.5,32.0,37.2,1020.5,1020.6,892.68,351.0,2298.15,30.5888,12.8705,420.0,57.9,1494.618, NAN, NAN, NAN, NAN,,2024/04/16 16:44:48.938,2024-04-16 16:44:48.938000+00:00
2024/04/16, 16:45:48.938,35.741,-74.871, 11.38,179.68,183.95,11.52,14.2,14.3,1018.6,1018.4,0.0,0.0,85.1,78.5,268,272,4.1,4.8,71.0,71.4,7.5,7.7,36.3,41.8,1020.7,1020.5,840.63,350.56,2203.24,30.569,12.8441,420.0,58.3,1494.505, NAN, NAN, NAN, NAN,,2024/04/16 16:45:48.938,2024-04-16 16:45:48.938000+00:00
2024/04/16, 16:46:48.938,35.738,-74.871, 11.41,180.02,183.62,11.43,14.2,14.3,1018.6,1018.6,0.0,0.0,85.1,78.5,265,274,3.1,3.8,70.8,70.8,7.0,7.0,29.1,36.3,1020.7,1020.7,830.78,350.62,2154.04,30.5539,12.8296,420.1,58.4,1494.438, NAN, NAN, NAN, NAN,,2024/04/16 16:46:48.938,2024-04-16 16:46:48.938000+00:00
2024/04/16, 16:47:48.938,35.734,-74.871, 11.39,178.95,183.72,11.6,14.2,14.3,1018.7,1018.6,0.0,0.0,85.1,78.5,258,267,3.9,4.4,71.3,71.2,8.0,7.9,31.4,37.3,1020.8,1020.7,783.55,349.49,2064.82,30.5462,12.8394,420.4,58.2,1494.462, NAN, NAN, NAN, NAN,,2024/04/16 16:47:48.938,2024-04-16 16:47:48.938000+00:00
2024/04/16, 16:48:48.938,35.731,-74.871, 11.40,179.67,182.95,11.29,14.2,14.3,1018.7,1018.6,0.0,0.0,85.1,78.5,264,268,3.8,4.3,71.0,71.0,7.4,7.5,33.1,37.4,1020.8,1020.7,808.54,349.7,2118.82,30.5259,12.8736,422.4,58.5,1494.554, NAN, NAN, NAN, NAN,,2024/04/16 16:48:48.938,2024-04-16 16:48:48.938000+00:00
2024/04/16, 16:49:48.938,35.728,-74.872, 11.37,180.69,184.11,11.29,14.2,14.3,1018.4,1018.6,0.0,0.0,85.1,78.5,265,276,3.8,4.3,71.3,71.4,7.4,7.0,34.4,41.2,1020.5,1020.7,831.88,349.92,2168.39,30.4906,12.9069,423.5,58.4,1494.625, NAN, NAN, NAN, NAN,,2024/04/16 16:49:48.938,2024-04-16 16:49:48.938000+00:00
2024/04/16, 16:50:48.938,35.725,-74.872, 11.29,179.69,183.83,11.21,14.2,14.3,1018.6,1018.6,0.0,0.0,85.1,78.5,264,277,3.7,4.1,71.6,71.5,7.3,6.8,32.7,39.5,1020.7,1020.7,774.77,348.99,2076.09,30.4566,12.9053,423.5,58.1,1494.579, NAN, NAN, NAN, NAN,,2024/04/16 16:50:48.938,2024-04-16 16:50:48.938000+00:00
2024/04/16, 16:51:48.939,35.722,-74.872, 11.38,180.43,183.52,11.17,14.2,14.2,1018.6,1018.6,0.0,0.0,85.1,78.5,265,271,3.8,4.0,72.1,71.8,7.3,7.1,33.8,37.1,1020.7,1020.7,869.28,350.36,2255.66,30.4285,12.9015,423.8,58.1,1494.533, NAN, NAN, NAN, NAN,,2024/04/16 16:51:48.939,2024-04-16 16:51:48.939000+00:00
2024/04/16, 16:52:48.939,35.719,-74.872, 11.35,180.58,183.35,11.36,14.2,14.2,1018.6,1018.6,0.0,0.0,85.1,78.5,270,279,3.5,4.2,71.8,71.7,7.0,6.9,34.4,42.0,1020.7,1020.7,893.54,350.29,2302.71,30.4322,12.9082,423.5,58.3,1494.56, NAN, NAN, NAN, NAN,,2024/04/16 16:52:48.939,2024-04-16 16:52:48.939000+00:00
2024/04/16, 16:53:48.939,35.716,-74.872, 11.20,180.16,183.01,11.15,14.2,14.2,1018.6,1018.6,0.0,0.0,85.1,78.5,262,277,3.1,4.2,72.3,72.2,7.0,6.9,29.0,40.9,1020.7,1020.7,897.76,350.36,2311.81,30.4237,12.9164,423.5,57.9,1494.578, NAN, NAN, NAN, NAN,,2024/04/16 16:53:48.939,2024-04-16 16:53:48.939000+00:00
2024/04/16, 16:54:48.939,35.712,-74.873, 11.21,178.61,182.86,11.23,14.2,14.2,1018.6,1018.6,0.0,0.0,85.1,78.5,265,275,4.0,4.3,71.8,71.8,7.5,7.1,34.1,39.4,1020.7,1020.7,838.63,349.5,2190.8,30.4084,12.9093,425.4,58.2,1494.536, NAN, NAN, NAN, NAN,,2024/04/16 16:54:48.939,2024-04-16 16:54:48.939000+00:00
2024/04/16, 16:55:48.939,35.709,-74.873, 11.19,179.63,181.07,11.3,14.2,14.2,1018.7,1018.5,0.0,0.0,85.1,78.5,263,278,2.8,3.3,71.8,71.6,6.9,6.4,26.6,33.7,1020.8,1020.6,886.44,349.63,2277.23,30.4053,12.9014,424.4,58.3,1494.505, NAN, NAN, NAN, NAN,,2024/04/16 16:55:48.939,2024-04-16 16:55:48.939000+00:00
2024/04/16, 16:56:48.939,35.706,-74.873, 10.90,180.34,181.35,10.82,14.2,14.2,1018.7,1018.5,0.0,0.0,85.1,78.5,266,286,3.7,4.1,72.0,71.8,7.0,6.0,33.5,42.8,1020.8,1020.6,937.71,350.48,2404.47,30.4251,12.8917,425.1,58.1,1494.496, NAN, NAN, NAN, NAN,,2024/04/16 16:56:48.939,2024-04-16 16:56:48.939000+00:00
2024/04/16, 16:57:48.939,35.703,-74.873, 11.06,180.02,181.26,11.01,14.2,14.2,1018.7,1018.6,0.0,0.0,85.1,78.5,261,269,3.8,3.9,71.7,71.8,7.4,7.1,33.0,36.3,1020.8,1020.7,964.47,350.94,2459.99,30.4437,12.8873,425.4,58.1,1494.503, NAN, NAN, NAN, NAN,,2024/04/16 16:57:48.939,2024-04-16 16:57:48.939000+00:00
2024/04/16, 16:58:48.939,35.7,-74.873, 9.97,178.99,180.3,9.44,14.2,14.3,1018.6,1018.6,0.0,0.0,85.1,78.5,257,258,3.6,4.6,71.9,71.8,6.8,7.5,32.8,38.5,1020.7,1020.7,956.64,350.46,2451.56,30.4559,12.893,425.1,57.9,1494.537, NAN, NAN, NAN, NAN,,2024/04/16 16:58:48.939,2024-04-16 16:58:48.939000+00:00
2024/04/16, 16:59:48.939,35.698,-74.873, 7.47,180.51,181.24,7.41,14.2,14.3,1018.6,1018.6,0.0,0.0,85.1,78.5,237,241,3.5,3.2,71.4,71.6,6.5,6.1,28.9,29.3,1020.7,1020.7,948.6,350.0,2425.22,30.4602,12.8938,425.7,58.0,1494.545, NAN, NAN, NAN, NAN,,2024/04/16 16:59:48.939,2024-04-16 16:59:48.939000+00:00
2024/04/16, 17:00:48.939,35.696,-74.874, 5.67,179.7,181.87,5.51,14.3,14.3,1018.7,1018.6,0.0,0.0,85.1,78.5,235,239,4.2,3.9,72.1,72.4,6.4,6.0,34.8,36.2,1020.8,1020.7,918.55,349.19,2366.64,30.4628,12.8901,424.8,58.0,1494.535, NAN, NAN, NAN, NAN,,2024/04/16 17:00:48.939,2024-04-16 17:00:48.939000+00:00
2024/04/16, 17:01:48.939,35.695,-74.874, 4.09,179.24,188.94,4.08,14.3,14.3,1018.5,1018.5,0.0,0.0,85.1,78.5,227,228,5.6,4.9,72.2,72.4,7.3,6.6,35.8,35.5,1020.6,1020.6,919.65,348.87,2369.61,30.4672,12.8876,423.5,57.9,1494.532, NAN, NAN, NAN, NAN,,2024/04/16 17:01:48.939,2024-04-16 17:01:48.939000+00:00
2024/04/16, 17:02:48.939,35.694,-74.874, 3.30,176.93,188.03,3.48,14.3,14.3,1018.6,1018.6,0.0,0.0,85.1,78.5,224,224,5.3,5.0,72.0,71.7,6.9,6.6,33.4,33.0,1020.7,1020.7,914.16,348.77,2344.75,30.4725,12.8888,424.4,57.9,1494.542, NAN, NAN, NAN, NAN,,2024/04/16 17:02:48.939,2024-04-16 17:02:48.939000+00:00
2024/04/16, 17:03:48.939,35.693,-74.874, 1.79,141.54,185.97,1.66,14.3,14.3,1018.6,1018.6,0.0,0.0,85.1,78.5,248,250,7.3,7.6,72.2,72.1,8.1,8.4,26.7,28.6,1020.7,1020.7,930.56,348.48,2348.27,30.474,12.8837,423.8,58.1,1494.527, NAN, NAN, NAN, NAN,,2024/04/16 17:03:48.939,2024-04-16 17:03:48.939000+00:00
2024/04/16, 17:04:48.939,35.693,-74.874, 0.08,89.86,189.64,0.75,14.3,14.3,1018.6,1018.6,0.0,0.0,85.1,78.5,288,298,7.8,8.9,72.1,72.1,8.2,9.3,18.3,27.8,1020.7,1020.7,905.37,348.21,2244.99,30.4765,12.8817,423.8,58.1,1494.523, NAN, NAN, NAN, NAN,,2024/04/16 17:04:48.939,2024-04-16 17:04:48.939000+00:00
2024/04/16, 17:05:48.939,35.693,-74.874, -0.11,65.8,229.08,0.38,14.3,14.3,1018.8,1018.6,0.0,0.0,85.1,78.5,325,324,7.0,9.0,71.9,71.8,7.2,9.2,29.9,29.1,1020.9,1020.7,903.34,347.56,2269.27,30.479,12.8802,423.5,58.3,1494.521, NAN, NAN, NAN, NAN,,2024/04/16 17:05:48.939,2024-04-16 17:05:48.939000+00:00
2024/04/16, 17:06:48.939,35.693,-74.874, 0.37,48.22,348.53,0.27,14.3,14.3,1018.7,1018.4,0.0,0.0,85.1,78.5,341,338,6.9,6.9,71.8,71.5,6.8,6.8,29.3,26.3,1020.8,1020.5,838.47,346.66,2168.22,30.4841,12.8806,424.1,58.1,1494.528, NAN, NAN, NAN, NAN,,2024/04/16 17:06:48.939,2024-04-16 17:06:48.939000+00:00
2024/04/16, 17:07:48.940,35.693,-74.874, 0.32,30.73,87.13,0.17,14.3,14.3,1018.4,1018.5,0.0,0.0,85.1,78.5,2,359,7.3,7.0,71.8,71.8,7.2,6.9,32.9,29.9,1020.5,1020.6,817.88,346.17,2157.4,30.4865,12.8746,423.0,58.1,1494.511, NAN, NAN, NAN, NAN,,2024/04/16 17:07:48.940,2024-04-16 17:07:48.940000+00:00
2024/04/16, 17:08:48.940,35.693,-74.874, 0.13,29.1,313.9,0.26,14.3,14.3,1018.4,1018.6,0.0,0.0,85.1,78.5,11,5,7.4,7.2,71.6,71.5,7.4,7.2,41.1,35.2,1020.5,1020.7,857.36,346.71,2221.53,30.4901,12.8668,421.7,58.2,1494.489, NAN, NAN, NAN, NAN,,2024/04/16 17:08:48.940,2024-04-16 17:08:48.940000+00:00
2024/04/16, 17:09:48.940,35.693,-74.874, 0.06,29.8,262.89,0.05,14.3,14.3,1018.4,1018.6,0.0,0.0,85.1,78.5,10,5,7.4,7.1,71.6,71.5,7.4,7.1,40.0,35.0,1020.5,1020.7,916.27,347.56,2357.52,30.4924,12.8588,424.4,58.1,1494.464, NAN, NAN, NAN, NAN,,2024/04/16 17:09:48.940,2024-04-16 17:09:48.940000+00:00
2024/04/16, 17:10:48.940,35.693,-74.874, 0.00,37.2,291.01,0.13,14.2,14.3,1018.6,1018.4,0.0,0.0,85.1,78.5,7,359,7.0,6.5,71.6,71.6,6.9,6.4,44.3,36.3,1020.7,1020.5,858.23,347.44,2259.16,30.5076,12.8631,433.6,58.3,1494.497, NAN, NAN, NAN, NAN,,2024/04/16 17:10:48.940,2024-04-16 17:10:48.940000+00:00
2024/04/16, 17:11:48.940,35.693,-74.874, 0.20,38.82,342.74,0.08,14.2,14.2,1018.7,1018.4,0.0,0.0,85.1,78.5,358,353,7.0,6.8,72.0,72.1,7.0,6.8,37.2,32.2,1020.8,1020.5,905.1,348.27,2388.63,30.5082,12.8715,436.4,58.2,1494.526, NAN, NAN, NAN, NAN,,2024/04/16 17:11:48.940,2024-04-16 17:11:48.940000+00:00
2024/04/16, 17:12:48.940,35.693,-74.874, 0.29,39.13,359.72,0.42,14.2,14.2,1018.5,1018.6,0.0,0.0,85.1,78.5,355,352,6.4,6.7,71.8,71.8,6.3,6.6,35.7,32.5,1020.6,1020.7,832.27,347.63,2220.78,30.5028,12.8763,439.2,58.2,1494.536, NAN, NAN, NAN, NAN,,2024/04/16 17:12:48.940,2024-04-16 17:12:48.940000+00:00
2024/04/16, 17:13:48.940,35.693,-74.874, 0.61,40.07,15.38,0.6,14.2,14.2,1018.6,1018.6,0.0,0.0,85.1,78.5,355,350,6.6,6.5,72.4,72.4,6.3,6.2,35.4,30.1,1020.7,1020.7,926.58,348.97,2412.36,30.5025,12.8816,434.5,58.3,1494.553, NAN, NAN, NAN, NAN,,2024/04/16 17:13:48.940,2024-04-16 17:13:48.940000+00:00
2024/04/16, 17:14:48.940,35.693,-74.874, 0.74,39.26,89.64,0.8,14.2,14.2,1018.6,1018.6,0.0,0.0,85.1,78.5,357,352,6.5,6.6,72.4,72.3,6.1,6.3,34.3,29.1,1020.7,1020.7,856.88,348.16,2283.78,30.5018,12.8924,436.4,58.3,1494.589, NAN, NAN, NAN, NAN,,2024/04/16 17:14:48.940,2024-04-16 17:14:48.940000+00:00
2024/04/16, 17:15:48.940,35.693,-74.874, 1.07,40.57,39.0,0.95,14.2,14.2,1018.6,1018.6,0.0,0.0,85.1,78.5,356,349,6.5,6.5,72.6,72.5,6.0,6.1,34.9,27.4,1020.7,1020.7,839.39,348.15,2229.74,30.5033,12.8931,439.5,58.4,1494.593, NAN, NAN, NAN, NAN,,2024/04/16 17:15:48.940,2024-04-16 17:15:48.940000+00:00
2024/04/16, 17:16:48.940,35.693,-74.874, 1.20,39.87,1.88,1.13,14.2,14.2,1018.6,1018.6,0.0,0.0,85.1,78.5,358,354,6.7,6.5,72.9,72.9,6.2,5.9,39.7,35.4,1020.7,1020.7,872.2,348.32,2310.68,30.5052,12.9044,441.9,58.5,1494.634, NAN, NAN, NAN, NAN,,2024/04/16 17:16:48.940,2024-04-16 17:16:48.940000+00:00
2024/04/16, 17:17:48.940,35.694,-74.873, 1.12,39.76,40.77,0.98,14.2,14.2,1018.6,1018.5,0.0,0.0,85.1,78.5,357,351,6.9,6.9,72.9,72.8,6.4,6.4,35.7,29.3,1020.7,1020.6,855.44,348.36,2277.02,30.5053,12.9176,441.6,58.4,1494.678, NAN, NAN, NAN, NAN,,2024/04/16 17:17:48.940,2024-04-16 17:17:48.940000+00:00
2024/04/16, 17:18:48.940,35.694,-74.873, 1.07,39.1,64.62,1.06,14.2,14.2,1018.6,1018.5,0.0,0.0,85.1,78.5,357,351,6.7,6.5,72.9,72.8,6.2,6.0,34.4,27.9,1020.7,1020.6,793.29,347.69,2151.72,30.5062,12.9236,441.6,58.2,1494.7, NAN, NAN, NAN, NAN,,2024/04/16 17:18:48.940,2024-04-16 17:18:48.940000+00:00
2024/04/16, 17:19:48.940,35.694,-74.873, 0.97,39.96,28.26,0.88,14.2,14.2,1018.6,1018.7,0.0,0.0,85.1,78.5,358,350,7.1,7.0,73.1,73.3,6.7,6.6,37.3,28.8,1020.7,1020.8,839.03,348.44,2259.77,30.5058,12.9273,439.5,58.2,1494.712, NAN, NAN, NAN, NAN,,2024/04/16 17:19:48.940,2024-04-16 17:19:48.940000+00:00
2024/04/16, 17:20:48.940,35.694,-74.873, 0.91,40.08,24.0,0.9,14.2,14.2,1018.6,1018.6,0.0,0.0,85.1,78.5,357,350,6.8,6.7,73.0,73.1,6.3,6.2,37.0,29.5,1020.7,1020.7,831.48,348.57,2226.13,30.5092,12.9232,440.0,58.4,1494.702, NAN, NAN, NAN, NAN,,2024/04/16 17:20:48.940,2024-04-16 17:20:48.940000+00:00
2024/04/16, 17:21:48.940,35.694,-74.873, 0.96,36.45,34.29,0.93,14.2,14.2,1018.6,1018.6,0.0,0.0,85.1,78.5,356,349,6.7,6.6,73.2,73.4,6.2,6.1,33.0,25.4,1020.7,1020.7,833.53,348.42,2230.12,30.5028,12.9285,437.2,58.5,1494.712, NAN, NAN, NAN, NAN,,2024/04/16 17:21:48.940,2024-04-16 17:21:48.940000+00:00
2024/04/16, 17:22:48.940,35.695,-74.872, 1.59,9.71,17.23,1.43,14.2,14.2,1018.7,1018.6,0.0,0.0,85.1,78.5,17,12,7.6,7.1,73.1,73.1,6.9,6.4,28.3,22.9,1020.8,1020.7,835.11,348.24,2167.83,30.497,12.9348,436.6,58.5,1494.727, NAN, NAN, NAN, NAN,,2024/04/16 17:22:48.940,2024-04-16 17:22:48.940000+00:00
2024/04/16, 17:23:48.941,35.695,-74.873, 2.14,359.19,2.1,2.15,14.2,14.2,1018.6,1018.7,0.0,0.0,85.1,78.5,33,28,7.5,8.2,73.1,73.2,6.7,7.3,38.2,32.1,1020.7,1020.8,745.51,347.58,2022.13,30.5033,12.942,440.0,58.6,1494.759, NAN, NAN, NAN, NAN,,2024/04/16 17:23:48.941,2024-04-16 17:23:48.941000+00:00
2024/04/16, 17:24:48.941,35.696,-74.873, 2.41,0.19,333.39,2.43,14.2,14.2,1018.7,1018.7,0.0,0.0,85.1,78.5,34,27,7.2,7.5,73.2,73.0,6.6,6.7,43.1,35.1,1020.8,1020.8,781.98,348.25,2107.67,30.504,12.9495,442.5,58.3,1494.785, NAN, NAN, NAN, NAN,,2024/04/16 17:24:48.941,2024-04-16 17:24:48.941000+00:00
2024/04/16, 17:25:48.941,35.697,-74.873, 2.55,0.22,342.53,2.53,14.1,14.2,1018.6,1018.7,0.0,0.0,85.1,78.5,32,27,7.8,7.8,73.5,73.5,7.0,6.9,40.2,34.7,1020.7,1020.8,751.94,348.04,2038.17,30.5131,12.9616,443.6,58.3,1494.836, NAN, NAN, NAN, NAN,,2024/04/16 17:25:48.941,2024-04-16 17:25:48.941000+00:00
2024/04/16, 17:26:48.941,35.697,-74.873, 2.61,359.62,348.13,2.66,14.1,14.2,1018.6,1018.7,0.0,0.0,85.1,78.5,31,26,7.4,7.6,73.3,73.2,6.5,6.6,39.1,33.2,1020.7,1020.8,721.13,347.69,1979.45,30.5062,12.9715,443.0,58.4,1494.862, NAN, NAN, NAN, NAN,,2024/04/16 17:26:48.941,2024-04-16 17:26:48.941000+00:00
2024/04/16, 17:27:48.941,35.698,-74.873, 2.66,3.79,331.36,2.72,14.1,14.2,1018.6,1018.6,0.0,0.0,85.1,78.5,33,26,7.2,7.7,73.6,73.6,6.5,6.8,46.8,38.4,1020.7,1020.7,695.48,347.69,1912.48,30.4945,12.98,440.9,58.4,1494.876, NAN, NAN, NAN, NAN,,2024/04/16 17:27:48.941,2024-04-16 17:27:48.941000+00:00
2024/04/16, 17:28:48.941,35.699,-74.873, 2.56,10.72,350.15,2.52,14.1,14.2,1018.6,1018.6,0.0,0.0,85.1,78.5,22,17,7.7,7.6,73.3,73.3,6.7,6.5,39.1,33.5,1020.7,1020.7,754.03,348.11,1988.41,30.4835,12.9845,437.9,58.4,1494.879, NAN, NAN, NAN, NAN,,2024/04/16 17:28:48.941,2024-04-16 17:28:48.941000+00:00
2024/04/16, 17:29:48.941,35.699,-74.873, 2.63,10.58,358.1,2.49,14.1,14.1,1018.6,1018.6,0.0,0.0,85.1,78.5,22,18,7.3,7.3,73.4,73.6,6.3,6.2,38.9,34.2,1020.7,1020.7,767.13,348.2,2039.37,30.477,12.9764,436.9,58.5,1494.844, NAN, NAN, NAN, NAN,,2024/04/16 17:29:48.941,2024-04-16 17:29:48.941000+00:00
2024/04/16, 17:30:48.941,35.7,-74.873, 2.54,14.7,15.14,2.45,14.1,14.1,1018.6,1018.5,0.0,0.0,85.1,78.5,19,13,7.9,7.8,73.3,73.7,6.7,6.6,37.5,30.5,1020.7,1020.6,785.15,348.65,2057.98,30.4704,12.9717,438.2,58.6,1494.82, NAN, NAN, NAN, NAN,,2024/04/16 17:30:48.941,2024-04-16 17:30:48.941000+00:00
2024/04/16, 17:31:48.941,35.701,-74.873, 2.27,18.73,10.4,2.46,14.1,14.2,1018.6,1018.6,0.0,0.0,85.1,78.5,18,16,8.6,8.2,73.1,73.3,7.5,7.1,41.6,39.6,1020.7,1020.7,784.82,348.93,2054.23,30.4665,12.9729,436.6,58.6,1494.819, NAN, NAN, NAN, NAN,,2024/04/16 17:31:48.941,2024-04-16 17:31:48.941000+00:00
2024/04/16, 17:32:48.941,35.701,-74.873, 1.92,19.36,10.54,2.35,14.2,14.2,1018.4,1018.5,0.0,0.0,85.1,78.5,18,12,8.1,7.9,72.8,72.9,7.1,6.8,42.3,35.6,1020.5,1020.6,750.63,348.01,1984.01,30.4667,12.984,437.2,58.6,1494.857, NAN, NAN, NAN, NAN,,2024/04/16 17:32:48.941,2024-04-16 17:32:48.941000+00:00
2024/04/16, 17:33:48.941,35.702,-74.873, 2.36,19.8,21.49,2.2,14.2,14.2,1018.6,1018.4,0.0,0.0,85.1,78.5,14,7,8.1,7.8,72.9,72.9,7.0,6.7,36.6,28.6,1020.7,1020.5,726.15,347.42,1920.59,30.4666,12.9901,436.9,58.7,1494.877, NAN, NAN, NAN, NAN,,2024/04/16 17:33:48.941,2024-04-16 17:33:48.941000+00:00
2024/04/16, 17:34:48.941,35.703,-74.873, 2.43,23.46,15.59,2.22,14.2,14.2,1018.4,1018.5,0.0,0.0,85.1,78.5,12,5,8.5,8.2,72.8,72.8,7.5,7.1,39.0,31.1,1020.5,1020.6,755.01,347.59,1977.5,30.4647,13.0022,437.6,58.6,1494.916, NAN, NAN, NAN, NAN,,2024/04/16 17:34:48.941,2024-04-16 17:34:48.941000+00:00
2024/04/16, 17:35:48.941,35.703,-74.873, 2.40,24.23,21.49,2.21,14.2,14.2,1018.5,1018.4,0.0,0.0,85.1,78.5,11,5,8.1,7.7,72.8,72.8,7.0,6.6,37.7,30.8,1020.6,1020.5,743.4,347.37,1958.91,30.4604,13.014,438.5,58.5,1494.951, NAN, NAN, NAN, NAN,,2024/04/16 17:35:48.941,2024-04-16 17:35:48.941000+00:00
2024/04/16, 17:36:48.941,35.704,-74.872, 2.40,27.83,6.18,2.38,14.2,14.2,1018.4,1018.6,0.0,0.0,85.1,78.5,8,2,8.3,7.9,73.1,72.9,7.1,6.7,38.6,31.7,1020.5,1020.7,743.62,347.25,1957.59,30.4573,13.0099,438.5,58.6,1494.933, NAN, NAN, NAN, NAN,,2024/04/16 17:36:48.941,2024-04-16 17:36:48.941000+00:00
2024/04/16, 17:37:48.941,35.704,-74.872, 1.37,31.4,52.84,2.22,14.2,14.2,1018.6,1018.6,0.0,0.0,85.1,78.5,2,358,8.0,7.9,72.6,72.7,6.9,6.8,32.6,27.9,1020.7,1020.7,771.61,347.2,2018.39,30.4516,13.0009,437.6,58.6,1494.896, NAN, NAN, NAN, NAN,,2024/04/16 17:37:48.941,2024-04-16 17:37:48.941000+00:00
2024/04/16, 17:38:48.941,35.705,-74.872, 2.21,34.75,40.59,2.23,14.2,14.2,1018.6,1018.6,0.0,0.0,85.1,78.5,4,357,8.1,7.6,72.6,72.6,7.0,6.5,38.2,30.0,1020.7,1020.7,841.08,347.54,2182.29,30.4498,13.0043,438.8,58.6,1494.905, NAN, NAN, NAN, NAN,,2024/04/16 17:38:48.941,2024-04-16 17:38:48.941000+00:00
2024/04/16, 17:39:48.942,35.705,-74.871, 1.06,37.85,15.46,1.02,14.2,14.2,1018.6,1018.6,0.0,0.0,85.1,78.5,358,352,7.2,6.8,72.6,72.7,6.7,6.3,37.3,30.9,1020.7,1020.7,795.4,347.35,2117.33,30.392,13.0083,439.2,58.7,1494.851, NAN, NAN, NAN, NAN,,2024/04/16 17:39:48.942,2024-04-16 17:39:48.942000+00:00
2024/04/16, 17:40:48.942,35.705,-74.871, 0.45,38.76,102.24,0.28,14.2,14.2,1018.6,1018.6,0.0,0.0,85.1,78.5,357,352,7.2,7.0,72.5,72.7,7.1,6.9,35.2,30.1,1020.7,1020.7,757.18,346.54,2033.45,30.4497,13.0301,438.5,58.6,1494.992, NAN, NAN, NAN, NAN,,2024/04/16 17:40:48.942,2024-04-16 17:40:48.942000+00:00
2024/04/16, 17:41:48.942,35.705,-74.871, 0.04,39.98,130.6,0.29,14.2,14.2,1018.6,1018.7,0.0,0.0,85.1,78.5,356,352,6.0,6.0,72.5,72.6,6.0,6.0,34.6,30.6,1020.7,1020.8,784.01,346.84,2090.36,30.4515,13.0418,439.5,58.6,1495.034, NAN, NAN, NAN, NAN,,2024/04/16 17:41:48.942,2024-04-16 17:41:48.942000+00:00
2024/04/16, 17:42:48.942,35.705,-74.871, -0.22,40.73,284.46,0.15,14.2,14.2,1018.7,1018.6,0.0,0.0,85.1,78.5,358,352,6.4,6.5,73.0,73.2,6.4,6.5,39.3,33.3,1020.8,1020.7,828.53,347.03,2182.3,30.4519,13.0509,436.9,58.6,1495.065, NAN, NAN, NAN, NAN,,2024/04/16 17:42:48.942,2024-04-16 17:42:48.942000+00:00
2024/04/16, 17:43:48.942,35.705,-74.871, -0.23,39.63,210.36,0.21,14.2,14.2,1018.7,1018.6,0.0,0.0,85.1,78.5,358,354,6.0,6.0,72.6,72.6,6.0,6.0,36.7,32.7,1020.8,1020.7,848.77,347.09,2213.39,30.4601,13.0652,442.5,58.6,1495.123, NAN, NAN, NAN, NAN,,2024/04/16 17:43:48.942,2024-04-16 17:43:48.942000+00:00
2024/04/16, 17:44:48.942,35.705,-74.871, 0.13,40.13,306.93,0.28,14.2,14.2,1018.7,1018.6,0.0,0.0,85.1,78.5,357,351,5.9,6.1,72.5,72.6,5.8,6.0,38.4,32.3,1020.8,1020.7,855.95,347.1,2226.39,30.474,13.0794,447.0,58.6,1495.187, NAN, NAN, NAN, NAN,,2024/04/16 17:44:48.942,2024-04-16 17:44:48.942000+00:00
2024/04/16, 17:45:48.942,35.705,-74.871, 0.00,39.87,166.67,0.49,14.2,14.2,1018.7,1018.5,0.0,0.0,85.1,78.5,359,353,6.6,6.4,72.6,72.6,6.8,6.6,37.1,31.2,1020.8,1020.6,840.63,346.76,2183.22,30.4668,13.0856,443.0,58.6,1495.199, NAN, NAN, NAN, NAN,,2024/04/16 17:45:48.942,2024-04-16 17:45:48.942000+00:00
2024/04/16, 17:46:48.942,35.705,-74.871, 0.16,39.57,298.29,0.5,14.2,14.2,1018.6,1018.5,0.0,0.0,85.1,78.5,356,350,6.9,6.5,72.6,72.6,6.9,6.5,37.7,31.8,1020.7,1020.6,827.56,346.37,2168.49,30.4555,13.0844,435.2,58.5,1495.182, NAN, NAN, NAN, NAN,,2024/04/16 17:46:48.942,2024-04-16 17:46:48.942000+00:00
2024/04/16, 17:47:48.942,35.705,-74.871, 0.42,39.05,41.22,0.71,14.2,14.2,1018.7,1018.6,0.0,0.0,85.1,78.5,358,353,6.5,6.4,72.4,72.2,6.1,6.1,36.3,31.0,1020.8,1020.7,820.76,346.16,2133.65,30.4474,13.0838,431.5,58.6,1495.17, NAN, NAN, NAN, NAN,,2024/04/16 17:47:48.942,2024-04-16 17:47:48.942000+00:00
2024/04/16, 17:48:48.942,35.705,-74.871, 0.57,40.92,348.51,0.58,14.2,14.2,1018.5,1018.6,0.0,0.0,85.1,78.5,0,354,6.9,6.7,72.2,72.5,6.7,6.4,42.4,36.2,1020.6,1020.7,791.75,346.06,2076.36,30.4593,13.0826,440.0,58.5,1495.18, NAN, NAN, NAN, NAN,,2024/04/16 17:48:48.942,2024-04-16 17:48:48.942000+00:00
2024/04/16, 17:49:48.942,35.705,-74.871, 0.49,39.34,336.0,0.54,14.2,14.2,1018.6,1018.4,0.0,0.0,85.1,78.5,3,355,6.7,6.5,72.1,72.3,6.4,6.2,43.2,34.9,1020.7,1020.5,778.13,345.74,2044.64,30.4565,13.0735,442.5,58.6,1495.147, NAN, NAN, NAN, NAN,,2024/04/16 17:49:48.942,2024-04-16 17:49:48.942000+00:00
2024/04/16, 17:50:48.942,35.705,-74.871, 0.56,40.0,76.28,0.58,14.2,14.2,1018.5,1018.5,0.0,0.0,85.1,78.5,0,355,7.5,6.9,72.1,72.5,7.2,6.6,39.5,34.2,1020.6,1020.6,810.43,345.77,2105.78,30.4633,13.0597,447.0,58.7,1495.108, NAN, NAN, NAN, NAN,,2024/04/16 17:50:48.942,2024-04-16 17:50:48.942000+00:00
2024/04/16, 17:51:48.942,35.706,-74.871, 0.46,39.91,108.0,0.81,14.2,14.2,1018.4,1018.6,0.0,0.0,85.1,78.5,0,355,6.9,6.8,72.4,72.7,6.6,6.6,37.1,31.9,1020.5,1020.7,771.32,345.24,2033.13,30.4587,13.0516,450.7,58.6,1495.075, NAN, NAN, NAN, NAN,,2024/04/16 17:51:48.942,2024-04-16 17:51:48.942000+00:00
2024/04/16, 17:52:48.942,35.706,-74.871, 0.50,39.78,12.35,0.48,14.2,14.2,1018.5,1018.6,0.0,0.0,85.1,78.5,2,356,7.1,7.0,72.2,72.4,6.9,6.8,41.4,35.2,1020.6,1020.7,799.02,345.37,2075.67,30.4522,13.0475,446.7,58.5,1495.054, NAN, NAN, NAN, NAN,,2024/04/16 17:52:48.942,2024-04-16 17:52:48.942000+00:00
2024/04/16, 17:53:48.942,35.706,-74.871, 0.52,38.68,60.12,0.59,14.2,14.2,1018.5,1018.5,0.0,0.0,85.1,78.5,2,355,7.0,7.0,72.0,72.0,6.7,6.7,41.4,34.1,1020.6,1020.6,793.52,345.49,2077.9,30.4467,13.0492,444.0,58.5,1495.053, NAN, NAN, NAN, NAN,,2024/04/16 17:53:48.942,2024-04-16 17:53:48.942000+00:00
2024/04/16, 17:54:48.942,35.706,-74.87, 0.57,39.35,17.27,0.56,14.2,14.2,1018.4,1018.6,0.0,0.0,85.1,78.5,5,356,7.5,7.0,72.0,72.3,7.3,6.7,45.7,36.4,1020.5,1020.7,793.3,345.27,2075.39,30.4459,13.0541,445.6,58.4,1495.069, NAN, NAN, NAN, NAN,,2024/04/16 17:54:48.942,2024-04-16 17:54:48.942000+00:00
2024/04/16, 17:55:48.943,35.706,-74.87, 0.47,39.99,21.74,0.55,14.2,14.3,1018.4,1018.6,0.0,0.0,85.1,78.5,3,359,6.9,7.1,71.8,71.8,6.7,6.8,44.2,40.0,1020.5,1020.7,781.63,344.99,2040.9,30.447,13.0526,446.7,58.5,1495.065, NAN, NAN, NAN, NAN,,2024/04/16 17:55:48.943,2024-04-16 17:55:48.943000+00:00
2024/04/16, 17:56:48.943,35.706,-74.87, 0.49,40.82,33.9,0.7,14.3,14.3,1018.6,1018.4,0.0,0.0,85.1,78.5,3,357,7.1,7.0,71.7,71.7,6.7,6.6,43.5,37.2,1020.7,1020.5,809.83,345.59,2116.28,30.4468,13.0549,445.2,58.5,1495.072, NAN, NAN, NAN, NAN,,2024/04/16 17:56:48.943,2024-04-16 17:56:48.943000+00:00
2024/04/16, 17:57:48.943,35.706,-74.87, 0.46,40.16,17.97,0.5,14.3,14.3,1018.7,1018.4,0.0,0.0,85.1,78.5,4,0,6.8,6.6,71.4,71.7,6.6,6.3,44.7,40.6,1020.8,1020.5,793.42,345.34,2065.68,30.448,13.0556,445.2,58.5,1495.076, NAN, NAN, NAN, NAN,,2024/04/16 17:57:48.943,2024-04-16 17:57:48.943000+00:00
2024/04/16, 17:58:48.943,35.706,-74.87, 0.59,39.85,2.99,0.44,14.3,14.3,1018.4,1018.5,0.0,0.0,85.1,78.5,2,357,6.6,6.6,71.7,71.8,6.4,6.4,42.5,37.3,1020.5,1020.6,800.25,345.73,2100.66,30.4513,13.0522,447.3,58.5,1495.069, NAN, NAN, NAN, NAN,,2024/04/16 17:58:48.943,2024-04-16 17:58:48.943000+00:00
2024/04/16, 17:59:48.943,35.706,-74.87, 0.44,39.27,76.43,0.46,14.3,14.3,1018.4,1018.6,0.0,0.0,85.1,78.5,2,357,7.4,6.8,71.7,71.8,7.2,6.6,41.6,36.4,1020.5,1020.7,794.49,345.65,2076.6,30.4521,13.049,446.4,58.4,1495.059, NAN, NAN, NAN, NAN,,2024/04/16 17:59:48.943,2024-04-16 17:59:48.943000+00:00
2024/04/16, 18:00:48.943,35.707,-74.87, 0.47,38.76,338.67,0.63,14.3,14.3,1018.6,1018.5,0.0,0.0,85.1,78.5,5,359,7.0,6.8,71.3,71.4,6.7,6.5,45.3,39.1,1020.7,1020.6,798.88,346.04,2082.71,30.4634,13.0459,452.9,58.4,1495.062, NAN, NAN, NAN, NAN,,2024/04/16 18:00:48.943,2024-04-16 18:00:48.943000+00:00
2024/04/16, 18:01:48.943,35.707,-74.87, 0.52,39.33,65.66,0.45,14.3,14.3,1018.6,1018.5,0.0,0.0,85.1,78.5,4,358,7.0,6.3,71.5,71.6,6.8,6.1,43.4,37.1,1020.7,1020.6,763.01,345.5,2018.56,30.461,13.0416,449.6,58.5,1495.044, NAN, NAN, NAN, NAN,,2024/04/16 18:01:48.943,2024-04-16 18:01:48.943000+00:00
2024/04/16, 18:02:48.943,35.707,-74.87, 0.53,38.92,18.25,0.39,14.3,14.3,1018.4,1018.6,0.0,0.0,85.1,78.5,5,359,7.3,7.0,71.2,71.3,7.1,6.8,45.0,38.9,1020.5,1020.7,721.06,345.22,1916.51,30.4697,13.0376,455.0,58.6,1495.041, NAN, NAN, NAN, NAN,,2024/04/16 18:02:48.943,2024-04-16 18:02:48.943000+00:00
2024/04/16, 18:03:48.943,35.707,-74.869, 0.49,40.17,35.49,0.65,14.3,14.3,1018.4,1018.6,0.0,0.0,85.1,78.5,2,358,7.5,7.1,71.1,71.3,7.2,6.8,42.8,38.6,1020.5,1020.7,691.32,344.98,1840.14,30.4723,13.0299,455.6,58.5,1495.018, NAN, NAN, NAN, NAN,,2024/04/16 18:03:48.943,2024-04-16 18:03:48.943000+00:00
2024/04/16, 18:04:48.943,35.707,-74.869, 0.50,39.16,63.39,0.44,14.3,14.3,1018.6,1018.4,0.0,0.0,85.1,78.5,4,357,7.5,7.4,71.0,71.2,7.3,7.2,42.5,35.3,1020.7,1020.5,719.11,345.17,1912.75,30.4788,13.0214,458.0,58.6,1494.997, NAN, NAN, NAN, NAN,,2024/04/16 18:04:48.943,2024-04-16 18:04:48.943000+00:00
2024/04/16, 18:05:48.943,35.707,-74.869, 0.47,39.23,83.95,0.79,14.3,14.3,1018.4,1018.5,0.0,0.0,85.1,78.5,3,358,7.3,7.2,71.0,71.1,7.0,6.9,40.3,35.0,1020.5,1020.6,757.81,346.04,1979.95,30.4803,13.019,457.1,58.6,1494.991, NAN, NAN, NAN, NAN,,2024/04/16 18:05:48.943,2024-04-16 18:05:48.943000+00:00
2024/04/16, 18:06:48.943,35.707,-74.869, 0.54,39.06,98.76,0.65,14.3,14.3,1018.6,1018.5,0.0,0.0,85.1,78.5,1,357,7.3,6.9,70.8,71.0,7.1,6.7,38.2,34.0,1020.7,1020.6,766.07,345.73,2004.72,30.4698,13.0256,454.4,58.4,1495.001, NAN, NAN, NAN, NAN,,2024/04/16 18:06:48.943,2024-04-16 18:06:48.943000+00:00
2024/04/16, 18:07:48.943,35.707,-74.869, 0.51,39.86,15.06,0.49,14.3,14.3,1018.5,1018.6,0.0,0.0,85.1,78.5,5,357,7.4,7.2,71.1,71.2,7.2,7.0,44.1,35.8,1020.6,1020.7,752.93,345.6,1996.29,30.4743,13.0433,457.1,58.4,1495.066, NAN, NAN, NAN, NAN,,2024/04/16 18:07:48.943,2024-04-16 18:07:48.943000+00:00
2024/04/16, 18:08:48.943,35.707,-74.869, 0.52,40.01,73.04,0.46,14.3,14.3,1018.5,1018.5,0.0,0.0,85.1,78.5,1,355,7.2,6.9,71.4,71.2,7.0,6.7,40.9,34.7,1020.6,1020.6,813.26,346.62,2103.43,30.4691,13.0456,456.0,58.6,1495.067, NAN, NAN, NAN, NAN,,2024/04/16 18:08:48.943,2024-04-16 18:08:48.943000+00:00
2024/04/16, 18:09:48.943,35.708,-74.869, 0.54,39.3,8.75,0.4,14.2,14.3,1018.6,1018.5,0.0,0.0,85.1,78.5,5,356,7.6,7.2,71.3,71.3,7.4,7.0,45.2,36.0,1020.7,1020.6,804.47,346.28,2096.88,30.4673,13.0487,453.4,58.5,1495.076, NAN, NAN, NAN, NAN,,2024/04/16 18:09:48.943,2024-04-16 18:09:48.943000+00:00
2024/04/16, 18:10:48.943,35.708,-74.869, 0.48,39.91,31.41,0.45,14.2,14.3,1018.6,1018.6,0.0,0.0,85.1,78.5,2,356,7.3,7.5,71.3,71.2,7.1,7.3,41.9,35.7,1020.7,1020.7,846.53,346.69,2185.48,30.467,13.0488,453.4,58.6,1495.076, NAN, NAN, NAN, NAN,,2024/04/16 18:10:48.943,2024-04-16 18:10:48.943000+00:00
2024/04/16, 18:11:48.944,35.708,-74.869, 0.48,39.27,2.34,0.68,14.2,14.3,1018.6,1018.6,0.0,0.0,85.1,78.5,2,355,7.1,6.9,71.5,71.5,6.8,6.6,42.6,35.3,1020.7,1020.7,833.1,346.36,2147.93,30.4683,13.0537,452.6,58.6,1495.094, NAN, NAN, NAN, NAN,,2024/04/16 18:11:48.944,2024-04-16 18:11:48.944000+00:00
2024/04/16, 18:12:48.944,35.708,-74.868, 0.47,40.28,14.12,0.59,14.2,14.2,1018.6,1018.6,0.0,0.0,85.1,78.5,2,354,6.8,6.8,71.6,71.7,6.5,6.5,43.4,35.0,1020.7,1020.7,840.16,346.29,2179.12,30.4681,13.0519,451.6,58.4,1495.087, NAN, NAN, NAN, NAN,,2024/04/16 18:12:48.944,2024-04-16 18:12:48.944000+00:00
2024/04/16, 18:13:48.944,35.708,-74.868, 0.50,39.44,19.84,0.59,14.2,14.2,1018.6,1018.4,0.0,0.0,85.1,78.5,2,357,7.6,7.3,71.3,71.4,7.4,7.0,42.9,37.8,1020.7,1020.5,790.51,345.71,2078.14,30.4697,13.048,454.4,58.4,1495.076, NAN, NAN, NAN, NAN,,2024/04/16 18:13:48.944,2024-04-16 18:13:48.944000+00:00
2024/04/16, 18:14:48.944,35.708,-74.868, 0.55,39.05,82.54,0.5,14.2,14.2,1018.5,1018.4,0.0,0.0,85.1,78.5,0,355,7.6,7.1,71.1,71.2,7.4,6.9,38.5,33.2,1020.6,1020.5,803.83,345.98,2105.19,30.4852,13.0417,456.8,58.4,1495.073, NAN, NAN, NAN, NAN,,2024/04/16 18:14:48.944,2024-04-16 18:14:48.944000+00:00
2024/04/16, 18:15:48.944,35.708,-74.868, 0.51,39.45,44.54,0.72,14.2,14.3,1018.4,1018.7,0.0,0.0,85.1,78.5,3,356,7.5,7.4,70.8,71.0,7.1,7.0,43.1,35.8,1020.5,1020.8,775.13,345.96,2047.14,30.5002,13.0378,460.8,58.4,1495.078, NAN, NAN, NAN, NAN,,2024/04/16 18:15:48.944,2024-04-16 18:15:48.944000+00:00
2024/04/16, 18:16:48.944,35.708,-74.868, 0.51,39.76,13.4,0.65,14.2,14.3,1018.6,1018.7,0.0,0.0,85.1,78.5,2,355,7.4,6.9,70.4,70.4,7.1,6.6,43.0,35.8,1020.7,1020.8,783.4,346.0,2069.01,30.5124,13.024,462.7,58.5,1495.046, NAN, NAN, NAN, NAN,,2024/04/16 18:16:48.944,2024-04-16 18:16:48.944000+00:00
2024/04/16, 18:17:48.944,35.708,-74.868, 0.51,38.86,82.09,0.86,14.3,14.3,1018.7,1018.5,0.0,0.0,85.1,78.5,1,356,7.0,7.1,70.4,70.4,6.7,6.8,37.3,32.1,1020.8,1020.6,761.1,345.77,2015.79,30.5079,13.028,462.4,58.5,1495.054, NAN, NAN, NAN, NAN,,2024/04/16 18:17:48.944,2024-04-16 18:17:48.944000+00:00
2024/04/16, 18:18:48.944,35.708,-74.868, 0.49,39.71,28.35,0.53,14.3,14.3,1018.6,1018.6,0.0,0.0,85.1,78.5,1,354,7.6,7.0,70.2,69.9,7.4,6.8,39.8,32.4,1020.7,1020.7,793.0,346.17,2080.36,30.5048,13.0187,461.1,58.4,1495.019, NAN, NAN, NAN, NAN,,2024/04/16 18:18:48.944,2024-04-16 18:18:48.944000+00:00
2024/04/16, 18:19:48.944,35.709,-74.868, 0.50,38.69,61.95,0.54,14.3,14.3,1018.4,1018.6,0.0,0.0,85.1,78.5,358,353,7.6,6.9,69.6,69.4,7.3,6.6,36.2,30.9,1020.5,1020.7,769.81,345.88,2039.19,30.5144,13.0092,463.5,58.4,1494.998, NAN, NAN, NAN, NAN,,2024/04/16 18:19:48.944,2024-04-16 18:19:48.944000+00:00
2024/04/16, 18:20:48.944,35.709,-74.868, 0.52,39.49,68.64,0.59,14.3,14.3,1018.6,1018.6,0.0,0.0,85.1,78.5,1,355,7.2,7.2,69.4,69.4,6.9,6.9,40.4,34.1,1020.7,1020.7,738.91,345.26,1970.48,30.5294,13.0136,464.8,58.3,1495.031, NAN, NAN, NAN, NAN,,2024/04/16 18:20:48.944,2024-04-16 18:20:48.944000+00:00
2024/04/16, 18:21:48.944,35.709,-74.867, 0.61,39.92,58.8,0.74,14.4,14.4,1018.7,1018.6,0.0,0.0,85.1,78.5,2,355,7.4,7.0,69.2,69.2,7.0,6.6,42.2,34.8,1020.8,1020.7,725.91,346.02,1934.82,30.5527,13.0037,464.8,58.3,1495.025, NAN, NAN, NAN, NAN,,2024/04/16 18:21:48.944,2024-04-16 18:21:48.944000+00:00
2024/04/16, 18:22:48.944,35.709,-74.867, 1.00,39.06,23.28,1.05,14.4,14.4,1018.6,1018.6,0.0,0.0,85.1,78.5,2,355,7.3,7.4,69.1,68.9,6.8,6.9,42.1,34.6,1020.7,1020.7,705.27,345.23,1893.68,30.5349,13.012,462.8,58.6,1495.032, NAN, NAN, NAN, NAN,,2024/04/16 18:22:48.944,2024-04-16 18:22:48.944000+00:00
2024/04/16, 18:23:48.944,35.709,-74.867, 1.04,38.48,4.21,0.79,14.4,14.4,1018.6,1018.6,0.0,0.0,85.1,78.5,2,356,7.5,7.6,69.1,69.0,7.1,7.2,40.8,34.4,1020.7,1020.7,677.92,345.2,1848.08,30.561,13.0159,466.2,59.0,1495.076, NAN, NAN, NAN, NAN,,2024/04/16 18:23:48.944,2024-04-16 18:23:48.944000+00:00
2024/04/16, 18:24:48.944,35.709,-74.867, 0.97,38.79,64.36,1.11,14.4,14.4,1018.6,1018.6,0.0,0.0,85.1,78.5,1,355,7.3,7.2,69.0,69.2,6.8,6.7,38.5,32.0,1020.7,1020.7,668.78,344.66,1836.43,30.5509,13.005,464.1,59.1,1495.027, NAN, NAN, NAN, NAN,,2024/04/16 18:24:48.944,2024-04-16 18:24:48.944000+00:00
2024/04/16, 18:25:48.944,35.71,-74.867, 0.94,39.61,18.59,1.08,14.4,14.4,1018.6,1018.4,0.0,0.0,85.1,78.5,1,354,8.2,7.8,69.3,69.2,7.7,7.3,42.0,34.6,1020.7,1020.5,634.34,344.8,1768.99,30.5572,12.9995,463.8,59.3,1495.016, NAN, NAN, NAN, NAN,,2024/04/16 18:25:48.944,2024-04-16 18:25:48.944000+00:00
2024/04/16, 18:26:48.944,35.71,-74.866, 1.05,40.67,23.23,1.1,14.4,14.4,1018.6,1018.6,0.0,0.0,85.1,78.5,3,356,7.5,7.4,68.9,68.3,6.9,6.8,44.5,36.9,1020.7,1020.7,597.59,344.45,1659.59,30.5337,12.9923,462.4,59.2,1494.964, NAN, NAN, NAN, NAN,,2024/04/16 18:26:48.944,2024-04-16 18:26:48.944000+00:00
2024/04/16, 18:27:48.944,35.71,-74.866, 0.98,40.36,46.47,0.85,14.4,14.4,1018.6,1018.4,0.0,0.0,85.1,78.5,3,356,7.5,7.3,68.6,68.8,7.1,6.9,43.9,36.4,1020.7,1020.5,655.54,344.66,1813.46,30.5227,12.9879,458.4,59.3,1494.936, NAN, NAN, NAN, NAN,,2024/04/16 18:27:48.944,2024-04-16 18:27:48.944000+00:00
2024/04/16, 18:28:48.945,35.71,-74.866, 0.99,39.14,56.42,0.92,14.4,14.4,1018.5,1018.5,0.0,0.0,85.1,78.5,0,355,8.0,7.8,68.6,69.0,7.6,7.4,38.0,32.7,1020.6,1020.6,650.27,344.57,1799.99,30.5127,12.9814,454.7,59.3,1494.903, NAN, NAN, NAN, NAN,,2024/04/16 18:28:48.945,2024-04-16 18:28:48.945000+00:00
2024/04/16, 18:29:48.945,35.711,-74.866, 0.99,38.55,62.37,1.07,14.4,14.4,1018.5,1018.4,0.0,0.0,85.1,78.5,0,354,7.8,7.4,68.7,68.6,7.3,6.9,37.6,31.1,1020.6,1020.5,656.61,344.52,1819.23,30.5096,12.9752,456.0,59.5,1494.878, NAN, NAN, NAN, NAN,,2024/04/16 18:29:48.945,2024-04-16 18:29:48.945000+00:00
2024/04/16, 18:30:48.945,35.711,-74.865, 1.01,38.84,57.05,0.98,14.4,14.4,1018.6,1018.6,0.0,0.0,85.1,78.5,359,354,7.6,7.3,68.9,68.9,7.1,6.8,37.0,31.6,1020.7,1020.7,668.59,344.61,1839.52,30.5482,12.9726,462.8,59.4,1494.915, NAN, NAN, NAN, NAN,,2024/04/16 18:30:48.945,2024-04-16 18:30:48.945000+00:00
2024/04/16, 18:31:48.945,35.711,-74.865, 0.99,40.28,68.86,0.78,14.4,14.4,1018.6,1018.5,0.0,0.0,85.1,78.5,355,352,7.5,7.3,68.8,69.2,7.1,6.9,35.3,32.1,1020.7,1020.6,627.01,344.09,1748.01,30.5436,12.9567,460.8,59.4,1494.856, NAN, NAN, NAN, NAN,,2024/04/16 18:31:48.945,2024-04-16 18:31:48.945000+00:00
2024/04/16, 18:32:48.945,35.711,-74.865, 1.06,39.53,33.59,1.23,14.3,14.4,1018.5,1018.4,0.0,0.0,85.1,78.5,356,351,7.4,7.4,69.1,69.3,6.8,6.8,37.0,31.5,1020.6,1020.5,610.84,343.92,1717.33,30.5333,12.9377,460.4,59.5,1494.779, NAN, NAN, NAN, NAN,,2024/04/16 18:32:48.945,2024-04-16 18:32:48.945000+00:00
2024/04/16, 18:33:48.945,35.711,-74.865, 1.04,39.19,350.07,1.1,14.3,14.4,1018.4,1018.4,0.0,0.0,85.1,78.5,357,352,7.4,7.2,69.2,69.3,6.9,6.6,37.3,32.0,1020.5,1020.5,599.73,343.55,1701.26,30.5436,12.9339,459.0,59.4,1494.779, NAN, NAN, NAN, NAN,,2024/04/16 18:33:48.945,2024-04-16 18:33:48.945000+00:00
2024/04/16, 18:34:48.945,35.712,-74.865, 1.03,39.36,28.38,0.99,14.3,14.4,1018.4,1018.5,0.0,0.0,85.1,78.5,356,350,7.9,7.6,69.0,69.2,7.4,7.1,35.4,28.9,1020.5,1020.6,596.46,344.07,1694.26,30.5381,12.939,458.4,59.5,1494.79, NAN, NAN, NAN, NAN,,2024/04/16 18:34:48.945,2024-04-16 18:34:48.945000+00:00
2024/04/16, 18:35:48.945,35.712,-74.864, 1.03,38.92,352.82,1.01,14.3,14.3,1018.5,1018.4,0.0,0.0,85.1,78.5,356,350,7.7,7.6,68.4,68.5,7.2,7.1,36.0,29.5,1020.6,1020.5,634.28,343.72,1776.84,30.5435,12.9272,459.0,59.4,1494.756, NAN, NAN, NAN, NAN,,2024/04/16 18:35:48.945,2024-04-16 18:35:48.945000+00:00
2024/04/16, 18:36:48.945,35.712,-74.864, 1.04,38.99,37.69,0.88,14.3,14.3,1018.4,1018.3,0.0,0.0,85.1,78.5,356,348,7.9,7.4,67.9,68.3,7.5,7.0,34.5,26.0,1020.5,1020.4,650.33,344.05,1812.66,30.5856,12.9107,466.0,59.4,1494.75, NAN, NAN, NAN, NAN,,2024/04/16 18:36:48.945,2024-04-16 18:36:48.945000+00:00
2024/04/16, 18:37:48.945,35.712,-74.864, 1.08,38.95,30.87,1.06,14.4,14.4,1018.4,1018.4,0.0,0.0,85.1,78.5,356,351,7.8,7.7,67.9,68.0,7.3,7.2,35.0,29.6,1020.5,1020.5,642.92,343.99,1807.46,30.5824,12.8975,463.2,59.4,1494.702, NAN, NAN, NAN, NAN,,2024/04/16 18:37:48.945,2024-04-16 18:37:48.945000+00:00
2024/04/16, 18:38:48.945,35.712,-74.864, 1.05,38.97,24.33,0.88,14.4,14.4,1018.4,1018.4,0.0,0.0,85.1,78.5,357,351,8.1,7.6,67.4,67.5,7.7,7.1,36.4,30.1,1020.5,1020.5,653.76,344.29,1829.79,30.5978,12.9169,464.1,59.3,1494.786, NAN, NAN, NAN, NAN,,2024/04/16 18:38:48.945,2024-04-16 18:38:48.945000+00:00
2024/04/16, 18:39:48.945,35.713,-74.864, 1.08,38.97,41.4,1.14,14.4,14.4,1018.4,1018.4,0.0,0.0,85.1,78.5,356,350,7.8,7.5,66.9,67.1,7.2,7.0,33.5,27.0,1020.5,1020.5,686.09,344.53,1900.19,30.5932,12.9222,462.4,59.0,1494.798, NAN, NAN, NAN, NAN,,2024/04/16 18:39:48.945,2024-04-16 18:39:48.945000+00:00
2024/04/16, 18:40:48.945,35.713,-74.863, 1.09,39.66,6.85,1.02,14.4,14.4,1018.5,1018.4,0.0,0.0,85.1,78.5,356,348,7.5,7.7,66.4,66.6,7.0,7.2,36.4,27.8,1020.6,1020.5,700.86,344.81,1946.37,30.5917,12.9191,465.1,59.2,1494.786, NAN, NAN, NAN, NAN,,2024/04/16 18:40:48.945,2024-04-16 18:40:48.945000+00:00
2024/04/16, 18:41:48.945,35.713,-74.863, 1.11,39.58,37.83,1.08,14.4,14.4,1018.4,1018.4,0.0,0.0,85.1,78.5,356,350,7.8,7.5,66.9,66.9,7.2,7.0,35.1,28.6,1020.5,1020.5,713.34,344.93,1980.03,30.6075,12.9438,464.4,59.2,1494.888, NAN, NAN, NAN, NAN,,2024/04/16 18:41:48.945,2024-04-16 18:41:48.945000+00:00
2024/04/16, 18:42:48.945,35.713,-74.863, 1.03,39.31,29.28,0.92,14.4,14.4,1018.4,1018.4,0.0,0.0,85.1,78.5,357,349,7.3,7.4,66.7,66.8,6.8,7.0,35.6,27.1,1020.5,1020.5,655.37,344.15,1853.9,30.6402,12.9701,468.1,59.3,1495.015, NAN, NAN, NAN, NAN,,2024/04/16 18:42:48.945,2024-04-16 18:42:48.945000+00:00
2024/04/16, 18:43:48.945,35.714,-74.863, 1.08,39.88,37.29,1.0,14.4,14.4,1018.4,1018.4,0.0,0.0,85.1,78.5,356,350,7.8,7.5,67.2,67.2,7.3,7.0,36.7,30.3,1020.5,1020.5,701.88,344.85,1953.36,30.6556,12.9706,468.4,59.4,1495.035, NAN, NAN, NAN, NAN,,2024/04/16 18:43:48.945,2024-04-16 18:43:48.945000+00:00
2024/04/16, 18:44:48.946,35.714,-74.862, 1.05,39.69,30.97,1.08,14.4,14.4,1018.4,1018.5,0.0,0.0,85.1,78.5,355,350,8.1,7.6,66.7,66.8,7.5,7.0,34.6,29.2,1020.5,1020.6,714.29,344.52,1975.24,30.6672,12.9656,468.4,59.5,1495.032, NAN, NAN, NAN, NAN,,2024/04/16 18:44:48.946,2024-04-16 18:44:48.946000+00:00
2024/04/16, 18:45:48.946,35.714,-74.862, 1.10,39.51,57.25,1.08,14.4,14.4,1018.3,1018.4,0.0,0.0,85.1,78.5,355,350,7.7,7.7,66.7,67.1,7.2,7.2,33.2,27.9,1020.4,1020.5,771.9,344.88,2119.54,30.6705,12.9592,466.2,59.4,1495.014, NAN, NAN, NAN, NAN,,2024/04/16 18:45:48.946,2024-04-16 18:45:48.946000+00:00
2024/04/16, 18:46:48.946,35.714,-74.862, 1.06,38.19,7.36,0.99,14.4,14.4,1018.4,1018.3,0.0,0.0,85.1,78.5,355,349,7.8,7.7,66.7,66.9,7.3,7.2,32.8,26.4,1020.5,1020.4,790.75,345.24,2162.67,30.6572,12.9471,463.8,59.3,1494.958, NAN, NAN, NAN, NAN,,2024/04/16 18:46:48.946,2024-04-16 18:46:48.946000+00:00
2024/04/16, 18:47:48.946,35.714,-74.862, 1.05,39.55,30.24,1.12,14.4,14.4,1018.4,1018.4,0.0,0.0,85.1,78.5,358,351,7.6,7.6,67.0,66.8,7.1,7.1,35.9,28.4,1020.5,1020.5,820.28,345.6,2234.74,30.6601,12.9333,464.1,59.4,1494.915, NAN, NAN, NAN, NAN,,2024/04/16 18:47:48.946,2024-04-16 18:47:48.946000+00:00
2024/04/16, 18:48:48.946,35.715,-74.862, 1.05,40.61,12.86,1.15,14.4,14.4,1018.4,1018.4,0.0,0.0,85.1,78.5,358,352,7.9,7.7,66.4,66.6,7.3,7.1,39.7,33.3,1020.5,1020.5,831.33,345.85,2254.45,30.6692,12.9099,464.1,59.4,1494.846, NAN, NAN, NAN, NAN,,2024/04/16 18:48:48.946,2024-04-16 18:48:48.946000+00:00
2024/04/16, 18:49:48.946,35.715,-74.861, 1.11,39.93,22.93,1.1,14.4,14.4,1018.5,1018.4,0.0,0.0,85.1,78.5,356,352,7.7,7.6,66.3,65.8,7.2,7.0,37.0,32.7,1020.6,1020.5,800.07,345.42,2220.55,30.661,12.8921,462.8,59.5,1494.777, NAN, NAN, NAN, NAN,,2024/04/16 18:49:48.946,2024-04-16 18:49:48.946000+00:00
2024/04/16, 18:50:48.946,35.715,-74.861, 1.03,40.48,98.95,0.94,14.4,14.5,1018.4,1018.4,0.0,0.0,85.1,78.5,357,353,8.0,7.9,65.7,65.6,7.6,7.5,35.8,31.5,1020.5,1020.5,797.62,345.61,2146.2,30.6735,12.8758,463.5,59.4,1494.736, NAN, NAN, NAN, NAN,,2024/04/16 18:50:48.946,2024-04-16 18:50:48.946000+00:00
2024/04/16, 18:51:48.946,35.715,-74.861, 1.07,39.17,15.61,0.9,14.5,14.5,1018.4,1018.3,0.0,0.0,85.1,78.5,356,352,8.6,7.7,65.4,65.5,8.1,7.2,35.2,30.9,1020.5,1020.4,702.58,345.03,1971.11,30.6805,12.8592,463.8,59.4,1494.688, NAN, NAN, NAN, NAN,,2024/04/16 18:51:48.946,2024-04-16 18:51:48.946000+00:00
2024/04/16, 18:52:48.946,35.715,-74.861, 1.04,39.2,13.37,1.06,14.5,14.5,1018.3,1018.4,0.0,0.0,85.1,78.5,357,350,8.4,8.1,64.8,64.7,7.9,7.6,37.4,29.9,1020.4,1020.5,715.4,344.82,2007.27,30.6828,12.8636,464.4,59.5,1494.706, NAN, NAN, NAN, NAN,,2024/04/16 18:52:48.946,2024-04-16 18:52:48.946000+00:00
2024/04/16, 18:53:48.946,35.716,-74.86, 1.06,39.35,49.54,1.0,14.5,14.5,1018.4,1018.4,0.0,0.0,85.1,78.5,355,351,8.3,8.2,64.7,64.9,7.8,7.7,32.9,28.7,1020.5,1020.5,718.18,344.93,2011.13,30.6922,12.8511,464.8,59.4,1494.675, NAN, NAN, NAN, NAN,,2024/04/16 18:53:48.946,2024-04-16 18:53:48.946000+00:00
2024/04/16, 18:54:48.946,35.716,-74.86, 1.14,39.07,63.39,1.23,14.5,14.5,1018.4,1018.4,0.0,0.0,85.1,78.5,355,348,7.7,7.9,64.8,64.8,7.2,7.4,31.6,24.1,1020.5,1020.5,735.53,345.04,2079.75,30.7017,12.8455,463.8,59.4,1494.667, NAN, NAN, NAN, NAN,,2024/04/16 18:54:48.946,2024-04-16 18:54:48.946000+00:00
2024/04/16, 18:55:48.946,35.716,-74.86, 1.04,39.85,48.24,0.97,14.5,14.5,1018.4,1018.4,0.0,0.0,85.1,78.5,353,347,7.8,7.4,65.8,65.8,7.3,7.0,31.5,25.0,1020.5,1020.5,756.69,345.64,2087.64,30.7183,12.8562,466.2,59.0,1494.723, NAN, NAN, NAN, NAN,,2024/04/16 18:55:48.946,2024-04-16 18:55:48.946000+00:00
2024/04/16, 18:56:48.946,35.716,-74.86, 1.13,38.56,73.78,0.99,14.5,14.5,1018.5,1018.4,0.0,0.0,85.1,78.5,355,349,7.7,7.8,65.5,66.0,7.3,7.4,31.7,25.4,1020.6,1020.5,758.72,345.73,2120.66,30.7255,12.8771,466.2,59.1,1494.802, NAN, NAN, NAN, NAN,,2024/04/16 18:56:48.946,2024-04-16 18:56:48.946000+00:00
2024/04/16, 18:57:48.946,35.717,-74.86, 1.12,40.16,45.75,1.08,14.4,14.5,1018.4,1018.4,0.0,0.0,85.1,78.5,354,347,7.6,7.4,65.6,66.1,7.0,6.8,34.2,26.6,1020.5,1020.5,771.67,345.78,2147.99,30.7639,12.8681,467.2,59.0,1494.817, NAN, NAN, NAN, NAN,,2024/04/16 18:57:48.946,2024-04-16 18:57:48.946000+00:00
2024/04/16, 18:58:48.946,35.717,-74.859, 1.07,40.39,48.6,1.07,14.4,14.4,1018.5,1018.4,0.0,0.0,85.1,78.5,353,347,8.0,8.0,66.5,66.7,7.5,7.5,32.8,26.3,1020.6,1020.5,695.45,344.92,1941.0,30.7879,12.8652,466.5,59.1,1494.836, NAN, NAN, NAN, NAN,,2024/04/16 18:58:48.946,2024-04-16 18:58:48.946000+00:00
2024/04/16, 18:59:48.946,35.717,-74.859, 1.19,39.43,53.05,1.08,14.3,14.4,1018.4,1018.4,0.0,0.0,85.1,78.5,352,346,7.5,7.8,66.4,66.6,7.0,7.3,30.1,23.8,1020.5,1020.5,706.79,345.57,2025.82,30.7928,12.8646,467.2,59.3,1494.84, NAN, NAN, NAN, NAN,,2024/04/16 18:59:48.946,2024-04-16 18:59:48.946000+00:00
2024/04/16, 19:00:48.947,35.717,-74.859, 1.10,39.98,44.42,1.07,14.3,14.3,1018.5,1018.3,0.0,0.0,85.1,78.5,350,345,7.5,7.8,67.0,67.1,7.0,7.3,29.2,23.9,1020.6,1020.4,754.83,346.14,2089.29,30.8002,12.8696,464.1,59.3,1494.865, NAN, NAN, NAN, NAN,,2024/04/16 19:00:48.947,2024-04-16 19:00:48.947000+00:00
2024/04/16, 19:01:48.947,35.717,-74.859, 1.07,39.17,41.46,0.84,14.3,14.3,1018.4,1018.5,0.0,0.0,85.1,78.5,352,345,7.7,7.5,67.2,67.1,7.3,7.1,30.2,22.7,1020.5,1020.6,713.67,346.12,2024.38,30.809,12.8716,464.8,58.9,1494.882, NAN, NAN, NAN, NAN,,2024/04/16 19:01:48.947,2024-04-16 19:01:48.947000+00:00
2024/04/16, 19:02:48.947,35.718,-74.858, 1.08,39.63,57.2,0.97,14.2,14.3,1018.4,1018.4,0.0,0.0,85.1,78.5,350,345,7.1,7.7,67.3,67.4,6.6,7.2,28.7,23.5,1020.5,1020.5,665.43,345.65,1932.48,30.7931,12.8646,463.5,58.8,1494.84, NAN, NAN, NAN, NAN,,2024/04/16 19:02:48.947,2024-04-16 19:02:48.947000+00:00
2024/04/16, 19:03:48.947,35.718,-74.858, 0.90,38.94,78.93,1.04,14.2,14.3,1018.4,1018.4,0.0,0.0,85.1,78.5,350,346,8.2,8.3,67.1,67.2,7.8,7.9,26.4,22.2,1020.5,1020.5,697.52,346.26,1990.15,30.7981,12.8562,465.4,58.7,1494.817, NAN, NAN, NAN, NAN,,2024/04/16 19:03:48.947,2024-04-16 19:03:48.947000+00:00
2024/04/16, 19:04:48.947,35.718,-74.858, 1.23,39.38,35.37,1.01,14.3,14.3,1018.4,1018.4,0.0,0.0,85.1,78.5,351,345,7.7,7.5,66.3,66.7,7.2,7.0,30.0,23.6,1020.5,1020.5,727.76,346.69,2081.6,30.7845,12.8424,462.0,58.8,1494.755, NAN, NAN, NAN, NAN,,2024/04/16 19:04:48.947,2024-04-16 19:04:48.947000+00:00
2024/04/16, 19:05:48.947,35.718,-74.858, 1.11,39.29,51.49,1.14,14.3,14.3,1018.4,1018.5,0.0,0.0,85.1,78.5,352,346,7.5,7.4,66.9,66.8,6.9,6.8,31.0,24.4,1020.5,1020.6,697.64,346.43,2018.77,30.7749,12.8209,462.0,58.8,1494.671, NAN, NAN, NAN, NAN,,2024/04/16 19:05:48.947,2024-04-16 19:05:48.947000+00:00
2024/04/16, 19:06:48.947,35.718,-74.858, 1.09,40.02,59.58,1.14,14.3,14.3,1018.4,1018.6,0.0,0.0,85.1,78.5,350,343,7.7,7.3,67.1,67.0,7.3,6.9,27.0,19.5,1020.5,1020.7,669.27,345.83,1958.36,30.7883,12.8093,464.1,58.8,1494.647, NAN, NAN, NAN, NAN,,2024/04/16 19:06:48.947,2024-04-16 19:06:48.947000+00:00
2024/04/16, 19:07:48.947,35.719,-74.857, 1.13,39.77,12.44,0.86,14.3,14.3,1018.4,1018.4,0.0,0.0,85.1,78.5,349,344,7.5,7.6,67.3,67.4,7.1,7.2,29.1,23.8,1020.5,1020.5,691.81,346.1,2015.2,30.8129,12.7939,467.5,58.7,1494.624, NAN, NAN, NAN, NAN,,2024/04/16 19:07:48.947,2024-04-16 19:07:48.947000+00:00
2024/04/16, 19:08:48.947,35.719,-74.857, 1.09,39.84,19.48,1.09,14.2,14.3,1018.4,1018.4,0.0,0.0,85.1,78.5,349,344,7.7,7.8,68.2,68.1,7.1,7.3,28.2,22.8,1020.5,1020.5,687.57,345.87,2011.7,30.8051,12.7825,465.7,58.7,1494.576, NAN, NAN, NAN, NAN,,2024/04/16 19:08:48.947,2024-04-16 19:08:48.947000+00:00
2024/04/16, 19:09:48.947,35.719,-74.857, 1.14,39.29,357.07,0.99,14.2,14.2,1018.6,1018.4,0.0,0.0,85.1,78.5,349,342,7.2,7.5,68.0,68.1,6.7,7.0,28.8,21.3,1020.7,1020.5,681.15,346.02,2013.21,30.7975,12.7723,464.4,58.8,1494.533, NAN, NAN, NAN, NAN,,2024/04/16 19:09:48.947,2024-04-16 19:09:48.947000+00:00
2024/04/16, 19:10:48.947,35.719,-74.857, 1.13,40.31,18.69,0.88,14.2,14.2,1018.4,1018.4,0.0,0.0,85.1,78.5,350,344,7.7,7.4,68.4,68.7,7.2,7.0,30.0,23.6,1020.5,1020.5,667.62,346.08,1994.95,30.8003,12.7587,464.4,58.8,1494.49, NAN, NAN, NAN, NAN,,2024/04/16 19:10:48.947,2024-04-16 19:10:48.947000+00:00
2024/04/16, 19:11:48.947,35.719,-74.857, 1.11,39.49,359.56,1.03,14.2,14.2,1018.5,1018.4,0.0,0.0,85.1,78.5,349,344,7.5,7.9,68.2,68.2,7.0,7.4,29.6,24.2,1020.6,1020.5,648.05,345.96,1934.14,30.8036,12.747,466.2,58.8,1494.454, NAN, NAN, NAN, NAN,,2024/04/16 19:11:48.947,2024-04-16 19:11:48.947000+00:00
2024/04/16, 19:12:48.947,35.72,-74.856, 1.08,39.55,84.34,1.19,14.2,14.2,1018.4,1018.4,0.0,0.0,85.1,78.5,351,345,8.2,8.6,68.0,68.3,7.8,8.2,27.4,21.2,1020.5,1020.5,661.86,346.56,1973.22,30.8121,12.7436,466.0,58.6,1494.453, NAN, NAN, NAN, NAN,,2024/04/16 19:12:48.947,2024-04-16 19:12:48.947000+00:00
2024/04/16, 19:13:48.947,35.72,-74.856, 1.09,39.41,40.37,1.01,14.2,14.2,1018.4,1018.5,0.0,0.0,85.1,78.5,348,345,8.1,8.5,67.2,67.5,7.6,8.0,27.5,24.3,1020.5,1020.6,649.65,346.57,1956.06,30.8141,12.736,467.2,58.6,1494.429, NAN, NAN, NAN, NAN,,2024/04/16 19:13:48.947,2024-04-16 19:13:48.947000+00:00
2024/04/16, 19:14:48.947,35.72,-74.856, 1.17,39.36,26.66,1.05,14.2,14.3,1018.4,1018.4,0.0,0.0,85.1,78.5,351,345,8.2,8.1,67.0,67.5,7.7,7.6,30.0,23.5,1020.5,1020.5,654.85,346.9,1964.33,30.8358,12.7679,469.4,58.7,1494.563, NAN, NAN, NAN, NAN,,2024/04/16 19:14:48.947,2024-04-16 19:14:48.947000+00:00
2024/04/16, 19:15:48.948,35.72,-74.856, 1.16,39.09,32.56,1.1,14.3,14.3,1018.4,1018.4,0.0,0.0,85.1,78.5,351,344,7.7,7.5,67.1,67.2,7.1,6.9,30.0,22.5,1020.5,1020.5,646.7,346.86,1944.89,30.8415,12.8056,470.5,58.8,1494.698, NAN, NAN, NAN, NAN,,2024/04/16 19:15:48.948,2024-04-16 19:15:48.948000+00:00
2024/04/16, 19:16:48.948,35.721,-74.855, 1.11,39.16,48.71,1.07,14.3,14.3,1018.4,1018.4,0.0,0.0,85.1,78.5,350,344,7.9,7.7,67.3,67.5,7.4,7.2,28.3,21.8,1020.5,1020.5,665.68,347.1,1989.78,30.8418,12.8172,469.4,58.6,1494.737, NAN, NAN, NAN, NAN,,2024/04/16 19:16:48.948,2024-04-16 19:16:48.948000+00:00
2024/04/16, 19:17:48.948,35.721,-74.855, 1.13,39.05,62.22,1.17,14.3,14.3,1018.4,1018.4,0.0,0.0,85.1,78.5,350,344,7.7,7.9,67.5,67.5,7.1,7.3,28.2,21.8,1020.5,1020.5,671.41,347.26,2017.44,30.8348,12.8063,465.4,58.1,1494.692, NAN, NAN, NAN, NAN,,2024/04/16 19:17:48.948,2024-04-16 19:17:48.948000+00:00
2024/04/16, 19:18:48.948,35.721,-74.855, 1.16,39.88,13.27,0.97,14.3,14.3,1018.4,1018.5,0.0,0.0,85.1,78.5,350,344,7.6,7.4,67.8,67.7,7.1,6.9,30.2,23.8,1020.5,1020.6,618.79,347.04,1918.42,30.8526,12.7868,459.0,58.3,1494.647, NAN, NAN, NAN, NAN,,2024/04/16 19:18:48.948,2024-04-16 19:18:48.948000+00:00
2024/04/16, 19:19:48.948,35.721,-74.855, 1.23,39.4,27.71,0.92,14.2,14.3,1018.4,1018.4,0.0,0.0,85.1,78.5,348,344,7.8,7.8,67.8,68.1,7.3,7.4,26.5,22.2,1020.5,1020.5,609.22,347.12,1862.35,30.8636,12.775,457.7,58.2,1494.62, NAN, NAN, NAN, NAN,,2024/04/16 19:19:48.948,2024-04-16 19:19:48.948000+00:00
2024/04/16, 19:20:48.948,35.721,-74.855, 1.22,39.04,56.73,1.08,14.3,14.3,1018.6,1018.5,0.0,0.0,85.1,78.5,350,344,7.7,8.0,67.7,68.2,7.2,7.5,27.1,20.8,1020.7,1020.6,563.71,347.11,1762.98,30.8709,12.7743,458.7,57.9,1494.627, NAN, NAN, NAN, NAN,,2024/04/16 19:20:48.948,2024-04-16 19:20:48.948000+00:00
2024/04/16, 19:21:48.948,35.722,-74.854, 1.11,39.98,6.0,1.22,14.2,14.2,1018.4,1018.6,0.0,0.0,85.1,78.5,350,346,7.6,7.9,67.9,68.0,7.0,7.3,31.5,27.2,1020.5,1020.7,550.05,347.46,1724.29,30.8792,12.7866,459.5,58.2,1494.678, NAN, NAN, NAN, NAN,,2024/04/16 19:21:48.948,2024-04-16 19:21:48.948000+00:00
2024/04/16, 19:22:48.948,35.722,-74.854, 1.17,39.46,32.67,0.98,14.2,14.3,1018.6,1018.6,0.0,0.0,85.1,78.5,351,346,7.7,7.6,67.9,68.1,7.2,7.1,30.5,25.2,1020.7,1020.7,550.24,347.33,1718.47,30.8872,12.801,457.7,58.2,1494.736, NAN, NAN, NAN, NAN,,2024/04/16 19:22:48.948,2024-04-16 19:22:48.948000+00:00
2024/04/16, 19:23:48.948,35.722,-74.854, 1.11,40.08,13.1,1.11,14.2,14.2,1018.6,1018.6,0.0,0.0,85.1,78.5,350,344,7.6,7.7,68.4,68.4,7.0,7.1,29.8,23.3,1020.7,1020.7,605.55,348.13,1838.67,30.8954,12.8076,457.7,58.6,1494.768, NAN, NAN, NAN, NAN,,2024/04/16 19:23:48.948,2024-04-16 19:23:48.948000+00:00
2024/04/16, 19:24:48.948,35.722,-74.854, 1.17,39.88,52.27,1.04,14.2,14.2,1018.6,1018.4,0.0,0.0,85.1,78.5,349,344,8.0,8.2,68.5,68.5,7.5,7.7,28.1,22.8,1020.7,1020.5,634.0,348.89,1943.47,30.9235,12.8016,460.4,58.7,1494.781, NAN, NAN, NAN, NAN,,2024/04/16 19:24:48.948,2024-04-16 19:24:48.948000+00:00
2024/04/16, 19:25:48.948,35.722,-74.853, 1.19,40.71,11.57,1.1,14.2,14.2,1018.6,1018.4,0.0,0.0,85.1,78.5,349,345,7.6,7.5,68.3,68.2,7.1,7.0,31.1,26.8,1020.7,1020.5,614.77,348.88,1875.72,30.9433,12.7926,462.0,58.6,1494.774, NAN, NAN, NAN, NAN,,2024/04/16 19:25:48.948,2024-04-16 19:25:48.948000+00:00
2024/04/16, 19:26:48.948,35.723,-74.853, 1.17,39.06,40.85,0.88,14.2,14.2,1018.7,1018.5,0.0,0.0,85.1,78.5,349,344,7.4,7.6,68.5,68.5,6.9,7.2,27.8,22.5,1020.8,1020.6,574.79,348.56,1790.15,30.9543,12.7939,462.4,58.8,1494.792, NAN, NAN, NAN, NAN,,2024/04/16 19:26:48.948,2024-04-16 19:26:48.948000+00:00
2024/04/16, 19:27:48.948,35.723,-74.853, 0.62,39.63,117.54,0.82,14.2,14.2,1018.4,1018.6,0.0,0.0,85.1,78.5,350,345,7.3,7.7,68.6,68.7,7.2,7.7,26.3,21.5,1020.5,1020.7,554.83,348.78,1734.52,30.9688,12.8047,462.7,58.8,1494.845, NAN, NAN, NAN, NAN,,2024/04/16 19:27:48.948,2024-04-16 19:27:48.948000+00:00
2024/04/16, 19:28:48.948,35.723,-74.853, 0.68,32.67,69.17,0.67,14.2,14.2,1018.6,1018.6,0.0,0.0,85.1,78.5,351,343,7.5,7.5,68.3,68.4,7.2,7.3,21.9,13.6,1020.7,1020.7,543.9,349.0,1718.27,30.9756,12.8154,463.8,58.8,1494.89, NAN, NAN, NAN, NAN,,2024/04/16 19:28:48.948,2024-04-16 19:28:48.948000+00:00
2024/04/16, 19:29:48.948,35.723,-74.853, 0.47,4.6,305.86,0.33,14.2,14.2,1018.8,1018.6,0.0,0.0,85.1,78.5,17,9,6.6,6.5,68.5,68.5,6.6,6.5,23.1,15.1,1020.9,1020.7,579.07,348.65,1824.6,30.9786,12.8448,462.4,58.8,1494.993, NAN, NAN, NAN, NAN,,2024/04/16 19:29:48.948,2024-04-16 19:29:48.948000+00:00
2024/04/16, 19:30:48.948,35.723,-74.853, 1.30,356.45,340.51,0.99,14.2,14.2,1018.6,1018.7,0.0,0.0,85.1,78.5,33,28,7.9,8.2,69.0,68.6,7.5,7.7,31.4,26.1,1020.7,1020.8,578.52,348.71,1814.36,30.9972,12.8599,465.7,58.9,1495.066, NAN, NAN, NAN, NAN,,2024/04/16 19:30:48.948,2024-04-16 19:30:48.948000+00:00
2024/04/16, 19:31:48.948,35.723,-74.853, 1.42,358.18,336.5,0.99,14.2,14.2,1018.6,1018.6,0.0,0.0,85.1,78.5,31,27,7.8,8.1,69.3,69.3,7.4,7.7,31.4,27.1,1020.7,1020.7,560.14,348.79,1772.71,31.0114,12.8458,464.4,58.8,1495.035, NAN, NAN, NAN, NAN,,2024/04/16 19:31:48.948,2024-04-16 19:31:48.948000+00:00
2024/04/16, 19:32:48.949,35.724,-74.853, 1.33,358.2,15.08,0.98,14.1,14.2,1018.6,1018.6,0.0,0.0,85.1,78.5,30,24,7.4,7.8,69.6,69.8,6.9,7.3,29.8,23.4,1020.7,1020.7,565.13,348.69,1788.39,31.0254,12.8167,468.8,58.9,1494.953, NAN, NAN, NAN, NAN,,2024/04/16 19:32:48.949,2024-04-16 19:32:48.949000+00:00
2024/04/16, 19:33:48.949,35.724,-74.853, 1.48,359.51,8.43,1.05,14.1,14.2,1018.6,1018.6,0.0,0.0,85.1,78.5,30,24,7.5,7.4,70.0,69.8,7.0,6.9,31.5,25.1,1020.7,1020.7,560.77,348.88,1779.97,31.0573,12.7863,471.2,59.0,1494.888, NAN, NAN, NAN, NAN,,2024/04/16 19:33:48.949,2024-04-16 19:33:48.949000+00:00
2024/04/16, 19:34:48.949,35.724,-74.853, 1.50,359.84,17.49,0.85,14.1,14.1,1018.6,1018.6,0.0,0.0,85.1,78.5,29,26,7.7,7.8,70.0,70.3,7.3,7.4,30.4,27.2,1020.7,1020.7,570.21,349.08,1802.16,31.0533,12.76,466.2,59.0,1494.794, NAN, NAN, NAN, NAN,,2024/04/16 19:34:48.949,2024-04-16 19:34:48.949000+00:00
2024/04/16, 19:35:48.949,35.724,-74.853, 1.39,359.45,339.62,1.02,14.1,14.1,1018.6,1018.6,0.0,0.0,85.1,78.5,30,24,7.3,7.4,70.1,70.2,7.0,7.0,32.6,26.3,1020.7,1020.7,615.77,349.78,1904.62,31.0438,12.7444,459.5,59.2,1494.73, NAN, NAN, NAN, NAN,,2024/04/16 19:35:48.949,2024-04-16 19:35:48.949000+00:00
2024/04/16, 19:36:48.949,35.725,-74.853, 1.13,1.66,282.13,0.61,14.1,14.1,1018.7,1018.6,0.0,0.0,85.1,78.5,32,27,7.6,7.5,69.9,70.1,7.4,7.3,35.5,30.4,1020.8,1020.7,635.94,349.91,1961.32,31.0378,12.7299,457.1,59.1,1494.674, NAN, NAN, NAN, NAN,,2024/04/16 19:36:48.949,2024-04-16 19:36:48.949000+00:00
2024/04/16, 19:37:48.949,35.725,-74.853, 0.91,358.38,350.21,0.53,14.1,14.1,1018.7,1018.6,0.0,0.0,85.1,78.5,32,26,6.6,8.4,69.8,70.2,6.4,8.2,31.8,25.3,1020.8,1020.7,643.74,349.97,1979.25,31.034,12.7113,456.8,59.1,1494.606, NAN, NAN, NAN, NAN,,2024/04/16 19:37:48.949,2024-04-16 19:37:48.949000+00:00
2024/04/16, 19:38:48.949,35.725,-74.853, 0.88,8.9,309.77,0.66,14.1,14.1,1018.6,1018.6,0.0,0.0,85.1,78.5,28,25,7.7,7.8,69.6,69.7,7.4,7.5,38.5,35.4,1020.7,1020.7,609.57,349.79,1895.1,31.0291,12.6919,458.4,59.3,1494.535, NAN, NAN, NAN, NAN,,2024/04/16 19:38:48.949,2024-04-16 19:38:48.949000+00:00
2024/04/16, 19:39:48.949,35.725,-74.853, 0.18,23.92,87.54,0.08,14.1,14.1,1018.7,1018.6,0.0,0.0,85.1,78.5,10,6,7.2,7.1,69.7,69.7,7.2,7.1,34.2,30.3,1020.8,1020.7,550.92,349.3,1774.44,31.0258,12.6832,459.3,59.0,1494.501, NAN, NAN, NAN, NAN,,2024/04/16 19:39:48.949,2024-04-16 19:39:48.949000+00:00
2024/04/16, 19:40:48.949,35.725,-74.853, 0.22,24.94,59.55,0.09,14.1,14.1,1018.7,1018.6,0.0,0.0,85.1,78.5,4,359,7.3,7.2,69.7,69.5,7.3,7.2,29.3,24.3,1020.8,1020.7,553.09,348.79,1784.69,31.0298,12.6767,466.5,58.9,1494.484, NAN, NAN, NAN, NAN,,2024/04/16 19:40:48.949,2024-04-16 19:40:48.949000+00:00
2024/04/16, 19:41:48.949,35.725,-74.853, 0.31,24.49,127.64,0.11,14.1,14.1,1018.7,1018.7,0.0,0.0,85.1,78.5,5,359,6.4,6.4,69.5,69.5,6.4,6.4,29.0,23.0,1020.8,1020.8,534.45,348.28,1740.44,31.096,12.6763,474.5,58.9,1494.561, NAN, NAN, NAN, NAN,,2024/04/16 19:41:48.949,2024-04-16 19:41:48.949000+00:00
2024/04/16, 19:42:48.949,35.725,-74.853, 0.26,24.57,187.81,0.16,14.1,14.1,1018.7,1018.7,0.0,0.0,85.1,78.5,7,1,6.9,6.9,70.1,69.5,7.0,7.0,31.1,25.1,1020.8,1020.8,518.39,348.06,1705.69,31.2545,12.6762,489.4,58.9,1494.749, NAN, NAN, NAN, NAN,,2024/04/16 19:42:48.949,2024-04-16 19:42:48.949000+00:00
2024/04/16, 19:43:48.949,35.725,-74.853, 0.30,25.55,337.63,0.3,14.1,14.1,1018.7,1018.7,0.0,0.0,85.1,78.5,5,358,7.0,6.9,70.1,70.0,6.9,6.8,31.7,24.7,1020.8,1020.8,520.58,348.06,1736.07,31.2693,12.6677,489.4,58.7,1494.737, NAN, NAN, NAN, NAN,,2024/04/16 19:43:48.949,2024-04-16 19:43:48.949000+00:00
2024/04/16, 19:44:48.949,35.725,-74.853, 0.32,24.08,240.93,0.32,14.1,14.1,1018.8,1018.7,0.0,0.0,85.1,78.5,6,359,6.9,6.6,70.0,69.8,7.0,6.7,31.1,24.3,1020.9,1020.8,534.18,347.92,1756.8,31.2783,12.6568,492.0,58.7,1494.711, NAN, NAN, NAN, NAN,,2024/04/16 19:44:48.949,2024-04-16 19:44:48.949000+00:00
2024/04/16, 19:45:48.949,35.725,-74.853, 0.32,24.26,161.31,0.21,14.1,14.1,1018.7,1018.7,0.0,0.0,85.1,78.5,5,0,7.0,7.1,70.3,70.3,7.0,7.1,28.4,23.4,1020.8,1020.8,540.69,348.35,1779.99,31.2284,12.6475,489.7,58.7,1494.62, NAN, NAN, NAN, NAN,,2024/04/16 19:45:48.949,2024-04-16 19:45:48.949000+00:00
2024/04/16, 19:46:48.949,35.725,-74.853, 0.31,24.45,65.47,0.19,14.1,14.1,1018.7,1018.7,0.0,0.0,85.1,78.5,7,1,7.0,6.5,70.2,70.3,6.9,6.5,30.8,24.7,1020.8,1020.8,448.37,347.61,1517.57,31.2064,12.6475,488.9,58.8,1494.594, NAN, NAN, NAN, NAN,,2024/04/16 19:46:48.949,2024-04-16 19:46:48.949000+00:00
2024/04/16, 19:47:48.949,35.725,-74.853, 0.34,24.2,149.39,0.09,14.1,14.1,1018.7,1018.7,0.0,0.0,85.1,78.5,5,359,6.9,6.5,70.1,70.1,6.9,6.5,29.0,23.0,1020.8,1020.8,491.79,347.71,1640.74,31.1696,12.6512,488.6,58.8,1494.563, NAN, NAN, NAN, NAN,,2024/04/16 19:47:48.949,2024-04-16 19:47:48.949000+00:00
2024/04/16, 19:48:48.950,35.725,-74.853, 0.34,25.09,337.05,0.27,14.1,14.1,1018.7,1018.6,0.0,0.0,85.1,78.5,5,359,6.7,6.7,70.3,70.6,6.6,6.6,31.1,25.0,1020.8,1020.7,452.14,347.58,1536.8,31.1329,12.649,488.9,58.8,1494.512, NAN, NAN, NAN, NAN,,2024/04/16 19:48:48.950,2024-04-16 19:48:48.950000+00:00
2024/04/16, 19:49:48.950,35.725,-74.853, 0.39,24.33,92.41,0.33,14.1,14.1,1018.8,1018.7,0.0,0.0,85.1,78.5,5,357,6.5,6.1,70.4,70.6,6.4,6.0,28.1,19.9,1020.9,1020.8,423.11,347.29,1462.15,31.1727,12.6501,495.3,58.8,1494.563, NAN, NAN, NAN, NAN,,2024/04/16 19:49:48.950,2024-04-16 19:49:48.950000+00:00
2024/04/16, 19:50:48.950,35.725,-74.853, 0.32,24.5,292.31,0.08,14.0,14.1,1018.6,1018.8,0.0,0.0,85.1,78.5,4,358,6.6,6.4,70.8,70.8,6.6,6.4,28.8,22.8,1020.7,1020.9,457.58,347.91,1559.33,31.2149,12.6541,495.6,58.7,1494.627, NAN, NAN, NAN, NAN,,2024/04/16 19:50:48.950,2024-04-16 19:50:48.950000+00:00
2024/04/16, 19:51:48.950,35.725,-74.853, 0.38,23.8,87.05,0.75,14.0,14.1,1018.7,1018.7,0.0,0.0,85.1,78.5,3,357,6.7,6.6,70.9,70.9,6.6,6.6,23.6,17.5,1020.8,1020.8,462.67,347.98,1568.68,31.2719,12.6666,499.8,58.8,1494.737, NAN, NAN, NAN, NAN,,2024/04/16 19:51:48.950,2024-04-16 19:51:48.950000+00:00
2024/04/16, 19:52:48.950,35.725,-74.853, 0.30,24.9,295.88,0.27,14.0,14.0,1018.8,1018.9,0.0,0.0,85.1,78.5,3,358,6.9,6.5,71.0,71.0,6.8,6.4,29.0,24.0,1020.9,1021.0,483.81,348.01,1628.17,31.28,12.6714,502.2,58.6,1494.763, NAN, NAN, NAN, NAN,,2024/04/16 19:52:48.950,2024-04-16 19:52:48.950000+00:00
2024/04/16, 19:53:48.950,35.725,-74.853, 0.36,23.59,41.79,0.15,14.0,14.0,1018.7,1018.8,0.0,0.0,85.1,78.5,4,359,6.6,6.5,71.2,71.1,6.5,6.4,27.5,22.5,1020.8,1020.9,508.46,348.67,1713.69,31.3145,12.6713,504.1,58.6,1494.803, NAN, NAN, NAN, NAN,,2024/04/16 19:53:48.950,2024-04-16 19:53:48.950000+00:00
2024/04/16, 19:54:48.950,35.725,-74.853, 0.29,25.05,152.68,0.2,14.0,14.0,1018.7,1018.8,0.0,0.0,85.1,78.5,4,358,7.1,6.5,71.5,71.5,7.1,6.6,28.3,22.3,1020.8,1020.9,542.41,348.92,1800.27,31.3292,12.6682,505.1,58.4,1494.81, NAN, NAN, NAN, NAN,,2024/04/16 19:54:48.950,2024-04-16 19:54:48.950000+00:00
2024/04/16, 19:55:48.950,35.725,-74.853, 0.36,24.71,92.11,0.07,14.0,14.0,1018.8,1018.8,0.0,0.0,85.1,78.5,3,358,6.6,6.3,71.5,71.5,6.6,6.3,27.4,22.4,1020.9,1020.9,588.29,349.45,1936.47,31.3623,12.6681,506.5,58.6,1494.849, NAN, NAN, NAN, NAN,,2024/04/16 19:55:48.950,2024-04-16 19:55:48.950000+00:00
2024/04/16, 19:56:48.950,35.725,-74.853, 0.38,24.67,313.33,0.52,14.0,14.0,1018.8,1018.8,0.0,0.0,85.1,78.5,2,356,7.3,6.8,71.4,71.4,7.3,6.8,28.8,22.9,1020.9,1020.9,578.42,349.66,1912.21,31.3446,12.662,504.4,58.5,1494.807, NAN, NAN, NAN, NAN,,2024/04/16 19:56:48.950,2024-04-16 19:56:48.950000+00:00
2024/04/16, 19:57:48.950,35.725,-74.853, 0.35,24.65,295.85,0.26,14.0,14.0,1018.8,1018.7,0.0,0.0,85.1,78.5,4,358,7.0,6.6,71.0,71.0,7.0,6.6,29.7,23.8,1020.9,1020.8,569.76,349.65,1896.21,31.4262,12.6562,508.4,58.5,1494.885, NAN, NAN, NAN, NAN,,2024/04/16 19:57:48.950,2024-04-16 19:57:48.950000+00:00
2024/04/16, 19:58:48.950,35.725,-74.853, 0.36,24.38,346.24,0.08,14.0,14.0,1018.7,1018.8,0.0,0.0,85.1,78.5,3,356,6.7,6.7,71.1,71.0,6.7,6.7,27.1,20.1,1020.8,1020.9,566.53,349.5,1881.67,31.403,12.6588,505.6,58.5,1494.866, NAN, NAN, NAN, NAN,,2024/04/16 19:58:48.950,2024-04-16 19:58:48.950000+00:00
2024/04/16, 19:59:48.950,35.725,-74.853, 0.38,24.86,69.59,0.21,14.0,14.0,1018.8,1018.8,0.0,0.0,85.1,78.5,1,358,6.4,6.4,71.1,71.3,6.3,6.3,26.7,23.7,1020.9,1020.9,563.43,349.3,1872.71,31.2792,12.6491,496.8,58.6,1494.686, NAN, NAN, NAN, NAN,,2024/04/16 19:59:48.950,2024-04-16 19:59:48.950000+00:00
2024/04/16, 20:00:48.950,35.725,-74.853, 0.35,24.72,196.74,0.0,14.0,14.0,1018.8,1018.8,0.0,0.0,85.1,78.5,4,358,6.6,6.4,71.3,71.6,6.6,6.4,28.7,22.7,1020.9,1020.9,538.8,349.2,1812.64,31.2911,12.6327,498.7,58.6,1494.644, NAN, NAN, NAN, NAN,,2024/04/16 20:00:48.950,2024-04-16 20:00:48.950000+00:00
2024/04/16, 20:01:48.950,35.725,-74.853, 0.31,25.21,307.87,0.21,14.0,14.0,1018.8,1018.7,0.0,0.0,85.1,78.5,2,358,6.4,6.2,71.6,71.7,6.3,6.1,27.1,23.0,1020.9,1020.8,555.47,349.2,1840.76,31.299,12.6274,499.0,58.5,1494.636, NAN, NAN, NAN, NAN,,2024/04/16 20:01:48.950,2024-04-16 20:01:48.950000+00:00
2024/04/16, 20:02:48.950,35.725,-74.853, 0.32,24.83,91.85,0.37,14.0,14.0,1018.9,1018.7,0.0,0.0,85.1,78.5,1,357,6.6,6.5,72.0,72.2,6.6,6.5,24.2,20.2,1021.0,1020.8,598.95,349.55,1982.63,31.2455,12.622,497.4,58.6,1494.554, NAN, NAN, NAN, NAN,,2024/04/16 20:02:48.950,2024-04-16 20:02:48.950000+00:00
2024/04/16, 20:03:48.950,35.725,-74.853, 0.36,24.93,64.03,0.11,14.0,14.0,1018.8,1018.8,0.0,0.0,85.1,78.5,3,358,6.3,5.8,71.9,72.0,6.3,5.8,27.6,22.5,1020.9,1020.9,574.5,349.21,1923.72,31.2723,12.6364,500.8,58.6,1494.635, NAN, NAN, NAN, NAN,,2024/04/16 20:03:48.950,2024-04-16 20:03:48.950000+00:00
2024/04/16, 20:04:48.951,35.725,-74.853, 0.34,24.35,336.86,0.27,13.9,13.9,1018.9,1018.8,0.0,0.0,85.1,78.5,0,356,6.4,6.3,72.3,72.4,6.3,6.2,25.5,21.5,1021.0,1020.9,542.84,348.86,1847.84,31.2798,12.6455,500.8,58.6,1494.675, NAN, NAN, NAN, NAN,,2024/04/16 20:04:48.951,2024-04-16 20:04:48.951000+00:00
2024/04/16, 20:05:48.951,35.725,-74.853, 0.37,24.53,314.66,0.35,13.9,13.9,1018.8,1018.9,0.0,0.0,85.1,78.5,2,356,6.1,6.1,72.3,72.4,6.0,6.0,28.1,22.1,1020.9,1021.0,524.16,348.45,1805.74,31.2648,12.6602,499.8,58.6,1494.707, NAN, NAN, NAN, NAN,,2024/04/16 20:05:48.951,2024-04-16 20:05:48.951000+00:00
2024/04/16, 20:06:48.951,35.725,-74.853, 0.34,24.26,131.99,0.18,13.9,13.9,1018.9,1018.9,0.0,0.0,85.1,78.5,2,355,6.4,6.2,72.6,72.4,6.4,6.2,25.4,18.4,1021.0,1021.0,554.11,348.2,1899.93,31.2653,12.672,500.4,58.6,1494.747, NAN, NAN, NAN, NAN,,2024/04/16 20:06:48.951,2024-04-16 20:06:48.951000+00:00
2024/04/16, 20:07:48.951,35.725,-74.853, 0.32,24.21,49.8,0.15,13.9,13.9,1018.9,1018.9,0.0,0.0,85.1,78.5,3,356,6.4,6.2,72.2,72.2,6.3,6.1,26.9,19.8,1021.0,1021.0,563.13,348.41,1920.18,31.3259,12.6776,501.7,58.6,1494.838, NAN, NAN, NAN, NAN,,2024/04/16 20:07:48.951,2024-04-16 20:07:48.951000+00:00
2024/04/16, 20:08:48.951,35.725,-74.853, 0.37,24.41,263.9,0.14,13.9,13.9,1018.9,1018.9,0.0,0.0,85.1,78.5,2,356,6.3,6.0,72.2,72.3,6.3,6.0,27.0,21.0,1021.0,1021.0,553.55,348.22,1887.18,31.3559,12.6844,502.0,58.7,1494.897, NAN, NAN, NAN, NAN,,2024/04/16 20:08:48.951,2024-04-16 20:08:48.951000+00:00
2024/04/16, 20:09:48.951,35.725,-74.853, 0.31,24.72,248.88,0.16,13.9,13.9,1018.8,1018.9,0.0,0.0,85.1,78.5,0,355,5.8,6.0,72.3,72.5,5.8,6.0,25.5,20.5,1020.9,1021.0,542.97,347.88,1859.26,31.3342,12.6783,501.7,58.5,1494.85, NAN, NAN, NAN, NAN,,2024/04/16 20:09:48.951,2024-04-16 20:09:48.951000+00:00
2024/04/16, 20:10:48.951,35.725,-74.853, 0.36,24.51,359.37,0.18,13.9,13.9,1018.9,1018.9,0.0,0.0,85.1,78.5,1,355,6.0,5.9,72.6,72.6,5.9,5.8,25.1,19.1,1021.0,1021.0,593.09,348.27,1990.46,31.3313,12.6682,502.8,58.6,1494.813, NAN, NAN, NAN, NAN,,2024/04/16 20:10:48.951,2024-04-16 20:10:48.951000+00:00
2024/04/16, 20:11:48.951,35.725,-74.853, 0.34,24.29,90.01,0.03,13.9,13.9,1018.9,1019.0,0.0,0.0,85.1,78.5,1,356,6.1,5.6,72.6,72.6,6.1,5.6,25.3,20.3,1021.0,1021.1,541.22,348.03,1858.32,31.2832,12.6689,498.7,58.6,1494.758, NAN, NAN, NAN, NAN,,2024/04/16 20:11:48.951,2024-04-16 20:11:48.951000+00:00
2024/04/16, 20:12:48.951,35.725,-74.853, 0.48,0.28,280.66,0.69,13.9,13.9,1018.9,1018.9,0.0,0.0,85.1,78.5,11,6,6.0,5.8,73.0,73.0,6.2,6.0,14.1,9.4,1021.0,1021.0,388.94,346.8,1416.07,31.2855,12.6739,499.8,58.7,1494.778, NAN, NAN, NAN, NAN,,2024/04/16 20:12:48.951,2024-04-16 20:12:48.951000+00:00
2024/04/16, 20:13:48.951,35.725,-74.853, 1.50,301.9,293.0,0.87,13.9,13.9,1018.8,1018.8,0.0,0.0,85.1,78.5,63,60,6.1,7.4,73.4,73.3,6.1,7.4,9.1,5.4,1020.9,1020.9,466.27,347.77,1667.13,31.3812,12.6951,504.4,58.8,1494.963, NAN, NAN, NAN, NAN,,2024/04/16 20:13:48.951,2024-04-16 20:13:48.951000+00:00
2024/04/16, 20:14:48.951,35.725,-74.854, 2.09,237.46,251.97,1.7,13.9,13.9,1018.7,1018.8,0.0,0.0,85.1,78.5,126,133,5.3,5.2,73.6,73.6,5.9,5.9,9.9,16.2,1020.8,1020.9,465.94,349.54,1825.06,31.3692,12.7212,503.2,58.7,1495.037, NAN, NAN, NAN, NAN,,2024/04/16 20:14:48.951,2024-04-16 20:14:48.951000+00:00
2024/04/16, 20:15:48.951,35.724,-74.854, 3.58,219.02,222.45,3.98,13.8,13.9,1018.8,1018.8,0.0,0.0,85.1,78.5,157,161,3.9,4.5,74.3,74.1,5.8,6.5,24.1,26.1,1020.9,1020.9,453.92,350.61,1758.51,31.29,12.7439,499.2,58.7,1495.02, NAN, NAN, NAN, NAN,,2024/04/16 20:15:48.951,2024-04-16 20:15:48.951000+00:00
2024/04/16, 20:16:48.951,35.723,-74.855, 4.42,220.51,208.86,4.85,13.9,13.9,1018.7,1018.9,0.0,0.0,85.1,78.5,155,157,3.8,3.7,74.5,74.5,6.2,6.1,22.6,23.9,1020.8,1021.0,527.38,351.22,1955.55,31.1891,12.7791,489.1,58.9,1495.02, NAN, NAN, NAN, NAN,,2024/04/16 20:16:48.951,2024-04-16 20:16:48.951000+00:00
2024/04/16, 20:17:48.951,35.722,-74.856, 4.42,223.0,229.57,4.6,13.9,13.9,1019.0,1018.9,0.0,0.0,85.1,78.5,150,150,4.3,3.6,74.6,74.7,6.4,5.7,25.0,26.5,1021.1,1021.0,430.24,349.83,1707.88,31.1335,12.8092,477.9,59.0,1495.056, NAN, NAN, NAN, NAN,,2024/04/16 20:17:48.951,2024-04-16 20:17:48.951000+00:00
2024/04/16, 20:18:48.951,35.721,-74.857, 4.38,225.4,228.12,4.57,13.9,13.9,1018.8,1018.8,0.0,0.0,85.1,78.5,147,148,4.6,3.8,74.3,74.5,6.7,5.9,23.0,25.0,1020.9,1020.9,419.16,349.26,1693.17,31.1059,12.8113,471.2,59.0,1495.03, NAN, NAN, NAN, NAN,,2024/04/16 20:18:48.951,2024-04-16 20:18:48.951000+00:00
2024/04/16, 20:19:48.951,35.721,-74.858, 2.72,227.54,213.75,2.54,13.9,13.9,1018.9,1018.8,0.0,0.0,85.1,78.5,153,163,4.7,3.9,74.1,74.0,5.9,5.2,24.9,33.1,1021.0,1020.9,420.44,348.72,1712.76,31.0781,12.7717,465.1,59.2,1494.863, NAN, NAN, NAN, NAN,,2024/04/16 20:19:48.951,2024-04-16 20:19:48.951000+00:00
2024/04/16, 20:20:48.952,35.72,-74.858, 0.33,228.81,171.87,0.68,13.9,13.9,1018.8,1018.9,0.0,0.0,85.1,78.5,157,159,6.8,6.5,74.8,74.6,7.1,6.8,24.6,26.5,1020.9,1021.0,488.19,349.66,2000.12,31.0596,12.7485,463.5,59.1,1494.763, NAN, NAN, NAN, NAN,,2024/04/16 20:20:48.952,2024-04-16 20:20:48.952000+00:00
2024/04/16, 20:21:48.952,35.72,-74.859, -0.67,230.1,281.46,0.75,13.9,13.9,1018.8,1018.9,0.0,0.0,85.1,78.5,151,155,5.7,5.8,74.2,74.2,6.0,6.1,23.9,27.7,1020.9,1021.0,461.19,348.75,1891.67,31.0358,12.7578,463.5,59.2,1494.766, NAN, NAN, NAN, NAN,,2024/04/16 20:21:48.952,2024-04-16 20:21:48.952000+00:00
2024/04/16, 20:22:48.952,35.72,-74.859, 0.00,231.0,325.44,0.43,13.9,13.9,1018.9,1018.8,0.0,0.0,85.1,78.5,150,153,6.4,6.2,74.6,74.6,6.3,6.2,22.9,26.0,1021.0,1020.9,440.25,348.07,1847.22,31.0192,12.7644,466.8,59.2,1494.769, NAN, NAN, NAN, NAN,,2024/04/16 20:22:48.952,2024-04-16 20:22:48.952000+00:00
2024/04/16, 20:23:48.952,35.72,-74.859, -0.05,229.82,188.23,0.21,13.8,13.9,1018.8,1018.8,0.0,0.0,85.1,78.5,153,153,6.1,6.6,74.8,74.5,6.2,6.7,22.9,22.9,1020.9,1020.9,462.69,348.76,1944.17,31.1316,12.7561,482.2,59.1,1494.874, NAN, NAN, NAN, NAN,,2024/04/16 20:23:48.952,2024-04-16 20:23:48.952000+00:00
2024/04/16, 20:24:48.952,35.72,-74.859, 0.35,230.51,298.41,0.8,13.8,13.9,1018.9,1018.8,0.0,0.0,85.1,78.5,149,148,7.0,5.9,74.6,74.5,6.9,5.8,22.9,22.5,1021.0,1020.9,432.49,347.91,1853.65,31.2748,12.6319,501.4,58.9,1494.622, NAN, NAN, NAN, NAN,,2024/04/16 20:24:48.952,2024-04-16 20:24:48.952000+00:00
2024/04/16, 20:25:48.952,35.72,-74.859, -0.02,228.74,293.15,0.73,13.8,13.9,1018.8,1018.8,0.0,0.0,85.1,78.5,148,152,6.7,6.6,74.5,74.3,6.6,6.5,19.9,24.0,1020.9,1020.9,352.55,346.77,1513.31,31.3226,12.6394,502.5,58.8,1494.705, NAN, NAN, NAN, NAN,,2024/04/16 20:25:48.952,2024-04-16 20:25:48.952000+00:00
2024/04/16, 20:26:48.952,35.72,-74.859, -0.06,228.19,183.25,0.13,13.8,13.9,1018.8,1018.8,0.0,0.0,85.1,78.5,150,154,7.2,6.8,74.8,74.7,7.3,6.9,18.5,22.4,1020.9,1020.9,378.9,347.01,1603.81,31.3123,12.6812,498.7,58.9,1494.834, NAN, NAN, NAN, NAN,,2024/04/16 20:26:48.952,2024-04-16 20:26:48.952000+00:00
2024/04/16, 20:27:48.952,35.72,-74.859, -0.08,229.08,17.4,0.11,13.8,13.9,1018.8,1018.9,0.0,0.0,85.1,78.5,152,154,6.6,7.1,74.7,74.5,6.6,7.1,21.5,23.5,1020.9,1021.0,408.38,347.36,1740.26,31.222,12.7258,484.3,58.9,1494.878, NAN, NAN, NAN, NAN,,2024/04/16 20:27:48.952,2024-04-16 20:27:48.952000+00:00
2024/04/16, 20:28:48.952,35.72,-74.859, 0.02,228.74,310.92,0.26,13.8,13.8,1018.7,1018.7,0.0,0.0,85.1,78.5,150,150,6.4,5.7,74.9,74.7,6.4,5.7,19.9,20.1,1020.8,1020.8,397.15,347.55,1700.14,31.0781,12.7495,469.4,59.0,1494.788, NAN, NAN, NAN, NAN,,2024/04/16 20:28:48.952,2024-04-16 20:28:48.952000+00:00
2024/04/16, 20:29:48.952,35.72,-74.859, -0.08,230.52,251.25,0.41,13.8,13.8,1018.8,1018.8,0.0,0.0,85.1,78.5,151,149,7.0,6.0,75.2,75.1,7.0,6.0,23.2,21.5,1020.9,1020.9,366.44,347.17,1565.49,31.0119,12.7725,463.5,59.0,1494.787, NAN, NAN, NAN, NAN,,2024/04/16 20:29:48.952,2024-04-16 20:29:48.952000+00:00
2024/04/16, 20:30:48.952,35.72,-74.859, -0.09,228.69,163.5,0.23,13.8,13.8,1018.9,1018.8,0.0,0.0,85.1,78.5,153,152,6.4,5.9,75.1,75.1,6.4,5.9,22.7,21.8,1021.0,1020.9,415.61,347.81,1775.14,30.9934,12.8081,464.1,59.0,1494.886, NAN, NAN, NAN, NAN,,2024/04/16 20:30:48.952,2024-04-16 20:30:48.952000+00:00
2024/04/16, 20:31:48.952,35.72,-74.859, -0.29,228.9,340.15,0.48,13.8,13.8,1018.9,1018.8,0.0,0.0,85.1,78.5,151,156,7.4,6.8,75.2,75.3,7.2,6.7,21.4,26.6,1021.0,1020.9,390.95,348.21,1658.47,30.988,12.8328,461.7,59.1,1494.963, NAN, NAN, NAN, NAN,,2024/04/16 20:31:48.952,2024-04-16 20:31:48.952000+00:00
2024/04/16, 20:32:48.952,35.72,-74.859, -0.19,228.95,76.7,0.3,13.8,13.8,1018.8,1018.8,0.0,0.0,85.1,78.5,153,153,6.7,6.7,75.4,75.0,6.7,6.7,20.7,20.7,1020.9,1020.9,371.75,347.54,1600.81,30.985,12.8439,461.4,59.1,1494.997, NAN, NAN, NAN, NAN,,2024/04/16 20:32:48.952,2024-04-16 20:32:48.952000+00:00
2024/04/16, 20:33:48.952,35.72,-74.859, -0.17,231.05,149.68,0.14,13.8,13.8,1018.8,1018.8,0.0,0.0,85.1,78.5,152,153,6.5,6.9,75.4,75.1,6.5,6.9,22.5,23.5,1020.9,1020.9,269.41,346.44,1187.39,30.9813,12.8407,462.4,59.1,1494.982, NAN, NAN, NAN, NAN,,2024/04/16 20:33:48.952,2024-04-16 20:33:48.952000+00:00
2024/04/16, 20:34:48.952,35.72,-74.859, 0.32,210.33,222.72,0.47,13.8,13.8,1018.8,1018.9,0.0,0.0,85.1,78.5,185,182,3.3,4.6,75.3,74.9,3.5,4.8,33.9,31.4,1020.9,1021.0,282.94,347.49,1243.72,30.9774,12.8336,464.4,59.2,1494.953, NAN, NAN, NAN, NAN,,2024/04/16 20:34:48.952,2024-04-16 20:34:48.952000+00:00
2024/04/16, 20:35:48.952,35.72,-74.859, 0.05,150.91,183.04,0.53,13.8,13.8,1019.0,1018.8,0.0,0.0,85.1,78.5,223,231,6.9,5.7,75.7,75.6,7.2,5.9,13.0,20.5,1021.1,1020.9,251.7,347.0,997.13,30.9736,12.7722,465.1,59.0,1494.741, NAN, NAN, NAN, NAN,,2024/04/16 20:35:48.952,2024-04-16 20:35:48.952000+00:00
2024/04/16, 20:36:48.953,35.72,-74.859, 0.47,109.27,126.71,1.19,13.8,13.9,1018.9,1018.9,0.0,0.0,85.1,78.5,274,286,6.8,7.8,74.8,74.9,7.0,7.9,18.5,30.8,1021.0,1021.0,332.99,347.24,1269.51,30.9721,12.6019,466.0,58.8,1494.161, NAN, NAN, NAN, NAN,,2024/04/16 20:36:48.953,2024-04-16 20:36:48.953000+00:00
2024/04/16, 20:37:48.953,35.719,-74.859, 1.99,105.82,113.14,2.44,13.8,13.8,1019.0,1018.8,0.0,0.0,85.1,78.5,282,289,7.0,8.1,74.1,74.3,7.1,8.0,17.6,25.9,1021.1,1020.9,330.27,347.14,1258.75,30.9718,12.468,468.1,58.7,1493.705, NAN, NAN, NAN, NAN,,2024/04/16 20:37:48.953,2024-04-16 20:37:48.953000+00:00
2024/04/16, 20:38:48.953,35.719,-74.858, 2.61,97.83,108.46,2.85,13.8,13.9,1019.0,1018.8,0.0,0.0,85.1,78.5,292,296,7.0,8.0,74.0,74.0,7.0,7.9,17.8,23.3,1021.1,1020.9,292.48,346.67,1127.05,31.0076,12.3658,473.9,58.9,1493.398, NAN, NAN, NAN, NAN,,2024/04/16 20:38:48.953,2024-04-16 20:38:48.953000+00:00
2024/04/16, 20:39:48.953,35.719,-74.857, 2.94,88.57,104.3,3.29,13.8,13.9,1019.0,1018.8,0.0,0.0,85.1,78.5,305,308,7.0,9.1,74.1,74.2,6.5,8.4,19.9,26.4,1021.1,1020.9,292.72,346.33,1132.9,31.011,12.5043,476.9,58.6,1493.875, NAN, NAN, NAN, NAN,,2024/04/16 20:39:48.953,2024-04-16 20:39:48.953000+00:00
2024/04/16, 20:40:48.953,35.718,-74.856, 2.24,87.08,105.38,2.5,13.8,13.9,1019.1,1019.0,0.0,0.0,85.1,78.5,304,308,6.9,9.2,74.1,74.3,6.6,8.8,20.5,27.3,1021.2,1021.1,316.74,346.79,1198.33,31.0657,12.6096,484.9,58.8,1494.299, NAN, NAN, NAN, NAN,,2024/04/16 20:40:48.953,2024-04-16 20:40:48.953000+00:00
2024/04/16, 20:41:48.953,35.718,-74.855, 1.91,88.33,100.88,2.13,13.8,13.8,1019.0,1018.8,0.0,0.0,85.1,78.5,302,306,6.9,8.9,74.0,74.0,6.7,8.6,21.2,27.4,1021.1,1020.9,288.04,346.72,1123.27,31.1028,12.6588,486.4,58.7,1494.51, NAN, NAN, NAN, NAN,,2024/04/16 20:41:48.953,2024-04-16 20:41:48.953000+00:00
2024/04/16, 20:42:48.953,35.718,-74.854, 1.55,81.14,121.22,2.07,13.8,13.8,1018.9,1018.8,0.0,0.0,85.1,78.5,306,309,6.4,8.9,73.8,73.9,6.5,8.9,17.7,23.3,1021.0,1020.9,296.59,347.03,1153.02,31.0552,12.6783,480.9,58.6,1494.519, NAN, NAN, NAN, NAN,,2024/04/16 20:42:48.953,2024-04-16 20:42:48.953000+00:00
2024/04/16, 20:43:48.953,35.718,-74.854, 1.29,71.88,95.23,1.62,13.8,13.9,1019.0,1018.8,0.0,0.0,85.1,78.5,315,317,6.6,8.8,73.6,73.8,6.5,8.6,19.7,23.5,1021.1,1020.9,309.8,347.3,1194.15,31.0249,12.6942,477.2,58.8,1494.537, NAN, NAN, NAN, NAN,,2024/04/16 20:43:48.953,2024-04-16 20:43:48.953000+00:00
2024/04/16, 20:44:48.953,35.718,-74.853, 1.15,62.81,92.65,1.43,13.8,13.9,1018.9,1018.8,0.0,0.0,85.1,78.5,327,325,7.0,8.9,74.0,74.0,6.8,8.7,24.0,23.2,1021.0,1020.9,346.74,347.49,1319.4,31.0201,12.7,477.6,58.8,1494.551, NAN, NAN, NAN, NAN,,2024/04/16 20:44:48.953,2024-04-16 20:44:48.953000+00:00
2024/04/16, 20:45:48.953,35.718,-74.853, 1.09,48.58,87.69,1.19,13.8,13.9,1018.9,1018.8,0.0,0.0,85.1,78.5,336,334,7.1,7.0,73.5,73.6,6.9,6.8,20.0,17.8,1021.0,1020.9,333.48,347.57,1283.3,31.0316,12.7004,477.2,59.0,1494.566, NAN, NAN, NAN, NAN,,2024/04/16 20:45:48.953,2024-04-16 20:45:48.953000+00:00
2024/04/16, 20:46:48.953,35.718,-74.853, 1.11,44.18,76.2,1.13,13.9,13.9,1018.9,1018.8,0.0,0.0,85.1,78.5,348,342,6.6,6.6,73.6,73.5,6.2,6.3,28.4,22.0,1021.0,1020.9,302.16,347.45,1177.14,31.0365,12.6977,478.2,59.0,1494.563, NAN, NAN, NAN, NAN,,2024/04/16 20:46:48.953,2024-04-16 20:46:48.953000+00:00
2024/04/16, 20:47:48.953,35.718,-74.852, 0.83,40.66,102.59,0.87,13.8,13.9,1018.9,1018.8,0.0,0.0,85.1,78.5,350,343,6.3,6.4,73.5,73.6,6.1,6.3,26.9,19.8,1021.0,1020.9,290.65,347.55,1137.75,31.0506,12.6902,480.3,59.1,1494.554, NAN, NAN, NAN, NAN,,2024/04/16 20:47:48.953,2024-04-16 20:47:48.953000+00:00
2024/04/16, 20:48:48.953,35.718,-74.852, 0.70,37.24,93.06,0.84,13.9,13.9,1018.8,1018.8,0.0,0.0,85.1,78.5,356,350,6.4,6.6,73.4,73.4,6.1,6.4,30.1,23.9,1020.9,1020.9,293.32,347.8,1164.53,31.057,12.6848,481.2,59.1,1494.544, NAN, NAN, NAN, NAN,,2024/04/16 20:48:48.953,2024-04-16 20:48:48.953000+00:00
2024/04/16, 20:49:48.953,35.718,-74.852, 0.95,45.03,82.61,1.18,13.8,13.9,1018.8,1018.8,0.0,0.0,85.1,78.5,350,346,6.7,7.2,73.4,73.4,6.3,6.8,31.1,27.2,1020.9,1020.9,290.96,347.87,1187.03,31.0586,12.6783,480.9,59.1,1494.524, NAN, NAN, NAN, NAN,,2024/04/16 20:49:48.953,2024-04-16 20:49:48.953000+00:00
2024/04/16, 20:50:48.953,35.718,-74.851, 1.44,49.18,67.83,1.49,13.8,13.9,1018.9,1018.7,0.0,0.0,85.1,78.5,347,341,6.6,6.6,73.4,73.1,6.0,6.1,31.8,25.2,1021.0,1020.8,251.53,347.57,1018.76,31.0632,12.6729,482.2,59.3,1494.511, NAN, NAN, NAN, NAN,,2024/04/16 20:50:48.953,2024-04-16 20:50:48.953000+00:00
2024/04/16, 20:51:48.954,35.718,-74.851, 1.22,47.49,93.71,1.39,13.8,13.9,1018.8,1018.8,0.0,0.0,85.1,78.5,345,341,7.1,7.0,73.4,73.5,6.8,6.7,27.2,22.9,1020.9,1020.9,227.27,347.5,932.92,31.0638,12.666,484.9,59.1,1494.488, NAN, NAN, NAN, NAN,,2024/04/16 20:51:48.954,2024-04-16 20:51:48.954000+00:00
2024/04/16, 20:52:48.954,35.718,-74.85, 0.51,46.57,90.24,0.33,13.8,13.9,1018.8,1018.7,0.0,0.0,85.1,78.5,348,342,6.9,6.9,73.4,73.5,6.8,6.8,33.3,27.3,1020.9,1020.8,228.69,347.64,947.18,31.0735,12.6571,487.3,59.1,1494.469, NAN, NAN, NAN, NAN,,2024/04/16 20:52:48.954,2024-04-16 20:52:48.954000+00:00
2024/04/16, 20:53:48.954,35.718,-74.85, 0.33,48.31,118.14,0.72,13.8,13.9,1018.8,1018.8,0.0,0.0,85.1,78.5,346,339,6.6,6.9,73.3,73.3,6.7,7.0,31.2,24.4,1020.9,1020.9,228.45,348.05,952.89,31.0707,12.6516,487.3,59.0,1494.447, NAN, NAN, NAN, NAN,,2024/04/16 20:53:48.954,2024-04-16 20:53:48.954000+00:00
2024/04/16, 20:54:48.954,35.718,-74.85, NAN,47.63,111.94,0.24,13.8,13.8,1018.8,1018.7,0.0,0.0,85.1,78.5,343,337,7.1,7.3,73.3,73.3,7.1,7.3,29.7,23.7,1020.9,1020.8,257.94,348.06,1053.55,31.0777,12.6331,488.6,59.0,1494.393, NAN, NAN, NAN, NAN,,2024/04/16 20:54:48.954,2024-04-16 20:54:48.954000+00:00
2024/04/16, 20:55:48.954,35.718,-74.85, NAN,48.54,67.4,0.27,13.8,13.9,1018.8,1018.8,0.0,0.0,85.1,78.5,341,333,6.6,7.9,73.1,73.3,6.6,8.0,28.4,20.6,1020.9,1020.9,253.27,348.04,1032.86,31.1159,12.6194,496.8,59.1,1494.391, NAN, NAN, NAN, NAN,,2024/04/16 20:55:48.954,2024-04-16 20:55:48.954000+00:00
2024/04/16, 20:56:48.954,35.718,-74.85, NAN,48.84,246.14,0.43,13.8,13.9,1018.9,1018.7,0.0,0.0,85.1,78.5,339,336,7.2,7.3,73.2,73.3,7.2,7.3,29.6,26.5,1021.0,1020.8,237.18,348.31,981.44,31.1912,12.6209,503.2,59.0,1494.486, NAN, NAN, NAN, NAN,,2024/04/16 20:56:48.954,2024-04-16 20:56:48.954000+00:00
2024/04/16, 20:57:48.954,35.718,-74.85, NAN,49.05,279.95,0.17,13.9,13.9,1018.8,1018.7,0.0,0.0,85.1,78.5,340,336,7.7,7.7,72.7,72.8,7.7,7.7,29.7,25.7,1020.9,1020.8,267.22,348.71,1087.52,31.3703,12.6198,518.2,59.0,1494.695, NAN, NAN, NAN, NAN,,2024/04/16 20:57:48.954,2024-04-16 20:57:48.954000+00:00
2024/04/16, 20:58:48.954,35.718,-74.85, NAN,49.92,275.47,0.28,13.9,13.9,1018.8,1018.7,0.0,0.0,85.1,78.5,341,335,6.8,7.1,72.4,72.6,6.8,7.1,32.1,26.1,1020.9,1020.8,250.62,348.92,1039.84,31.3082,12.6139,506.8,58.8,1494.601, NAN, NAN, NAN, NAN,,2024/04/16 20:58:48.954,2024-04-16 20:58:48.954000+00:00
2024/04/16, 20:59:48.954,35.718,-74.85, NAN,48.0,156.84,0.09,13.9,13.9,1018.8,1018.7,0.0,0.0,85.1,78.5,341,336,7.4,7.8,72.9,73.0,7.4,7.8,28.7,23.7,1020.9,1020.8,253.79,348.69,1056.0,31.2048,12.6059,495.0,58.8,1494.451, NAN, NAN, NAN, NAN,,2024/04/16 20:59:48.954,2024-04-16 20:59:48.954000+00:00
2024/04/16, 21:00:48.954,35.718,-74.85, NAN,48.75,132.89,0.32,13.9,13.9,1018.8,1018.8,0.0,0.0,85.1,78.5,341,335,7.0,7.4,72.7,72.8,7.1,7.5,28.5,22.6,1020.9,1020.9,293.93,349.38,1204.46,31.1303,12.6017,488.6,58.9,1494.348, NAN, NAN, NAN, NAN,,2024/04/16 21:00:48.954,2024-04-16 21:00:48.954000+00:00
2024/04/16, 21:01:48.954,35.718,-74.85, NAN,48.86,251.7,0.19,13.8,13.9,1018.8,1018.8,0.0,0.0,85.1,78.5,338,333,7.1,7.6,73.2,73.2,7.1,7.6,27.6,22.6,1020.9,1020.9,334.39,349.38,1347.37,31.0977,12.6052,485.6,59.1,1494.322, NAN, NAN, NAN, NAN,,2024/04/16 21:01:48.954,2024-04-16 21:01:48.954000+00:00
2024/04/16, 21:02:48.954,35.718,-74.85, NAN,48.89,343.32,0.2,13.8,13.8,1018.8,1018.8,0.0,0.0,85.1,78.5,338,332,7.1,7.6,73.4,73.4,7.1,7.6,26.1,20.2,1020.9,1020.9,297.58,349.56,1216.01,31.0806,12.6068,484.9,59.1,1494.307, NAN, NAN, NAN, NAN,,2024/04/16 21:02:48.954,2024-04-16 21:02:48.954000+00:00
2024/04/16, 21:03:48.954,35.718,-74.85, NAN,49.55,325.41,0.27,13.8,13.8,1018.9,1018.8,0.0,0.0,85.1,78.5,337,332,7.3,7.7,73.5,73.5,7.2,7.6,27.2,22.1,1021.0,1020.9,293.0,349.7,1194.48,31.0695,12.6052,486.4,59.2,1494.288, NAN, NAN, NAN, NAN,,2024/04/16 21:03:48.954,2024-04-16 21:03:48.954000+00:00
2024/04/16, 21:04:48.954,35.718,-74.85, NAN,48.54,173.12,0.32,13.8,13.8,1018.9,1018.8,0.0,0.0,85.1,78.5,338,332,6.9,7.6,73.6,73.6,7.0,7.7,25.7,19.9,1021.0,1020.9,274.38,350.06,1132.94,31.0639,12.6003,486.7,59.2,1494.265, NAN, NAN, NAN, NAN,,2024/04/16 21:04:48.954,2024-04-16 21:04:48.954000+00:00
2024/04/16, 21:05:48.954,35.718,-74.85, NAN,48.68,297.53,0.3,13.8,13.8,1018.9,1018.8,0.0,0.0,85.1,78.5,337,331,7.1,8.0,73.9,73.9,7.1,8.0,26.9,20.8,1021.0,1020.9,246.81,350.33,1006.2,31.0599,12.5998,485.7,59.2,1494.258, NAN, NAN, NAN, NAN,,2024/04/16 21:05:48.954,2024-04-16 21:05:48.954000+00:00
2024/04/16, 21:06:48.954,35.718,-74.85, NAN,48.08,73.7,0.1,13.7,13.8,1018.9,1018.8,0.0,0.0,85.1,78.5,339,333,7.1,7.7,73.8,73.9,7.1,7.7,26.7,20.7,1021.0,1020.9,202.75,349.87,840.9,31.0589,12.6067,485.7,59.3,1494.281, NAN, NAN, NAN, NAN,,2024/04/16 21:06:48.954,2024-04-16 21:06:48.954000+00:00
2024/04/16, 21:07:48.954,35.718,-74.85, NAN,48.5,142.24,0.22,13.8,13.8,1019.0,1018.9,0.0,0.0,85.1,78.5,338,331,6.9,7.6,73.9,73.9,6.9,7.6,25.6,18.7,1021.1,1021.0,195.85,350.36,810.85,31.0569,12.6125,486.4,59.2,1494.298, NAN, NAN, NAN, NAN,,2024/04/16 21:07:48.954,2024-04-16 21:07:48.954000+00:00
2024/04/16, 21:08:48.955,35.718,-74.85, NAN,48.85,284.6,0.64,13.8,13.8,1018.8,1018.8,0.0,0.0,85.1,78.5,337,334,7.3,8.1,73.7,73.6,7.1,7.9,28.2,24.9,1020.9,1020.9,192.03,350.57,794.52,31.0566,12.6219,487.0,59.3,1494.33, NAN, NAN, NAN, NAN,,2024/04/16 21:08:48.955,2024-04-16 21:08:48.955000+00:00
2024/04/16, 21:09:48.955,35.718,-74.85, NAN,42.24,3.57,0.38,13.8,13.8,1018.8,1018.8,0.0,0.0,85.1,78.5,338,336,7.0,7.5,73.7,73.8,6.9,7.4,21.7,19.6,1020.9,1020.9,190.36,350.64,786.48,31.056,12.6298,488.0,59.0,1494.356, NAN, NAN, NAN, NAN,,2024/04/16 21:09:48.955,2024-04-16 21:09:48.955000+00:00
2024/04/16, 21:10:48.955,35.718,-74.85, NAN,7.69,280.26,0.13,13.7,13.8,1018.9,1018.8,0.0,0.0,85.1,78.5,9,6,7.1,7.2,73.8,73.9,7.2,7.3,16.9,13.9,1021.0,1020.9,190.68,350.82,787.52,31.0563,12.6356,490.0,59.3,1494.376, NAN, NAN, NAN, NAN,,2024/04/16 21:10:48.955,2024-04-16 21:10:48.955000+00:00
2024/04/16, 21:11:48.955,35.718,-74.85, NAN,342.28,50.26,0.14,13.7,13.7,1018.9,1018.9,0.0,0.0,85.1,78.5,46,40,7.4,9.7,74.3,74.1,7.3,9.6,28.3,22.2,1021.0,1021.0,190.55,351.18,790.48,31.0575,12.6418,492.3,59.3,1494.398, NAN, NAN, NAN, NAN,,2024/04/16 21:11:48.955,2024-04-16 21:11:48.955000+00:00
2024/04/16, 21:12:48.955,35.718,-74.85, NAN,341.03,15.12,0.67,13.7,13.7,1019.0,1018.9,0.0,0.0,85.1,78.5,49,43,8.0,10.0,74.3,74.4,7.7,9.7,31.1,24.7,1021.1,1021.0,189.25,351.42,785.62,31.06,12.6293,495.3,59.0,1494.359, NAN, NAN, NAN, NAN,,2024/04/16 21:12:48.955,2024-04-16 21:12:48.955000+00:00
2024/04/16, 21:13:48.955,35.718,-74.85, NAN,343.21,342.96,1.21,13.7,13.7,1018.9,1018.8,0.0,0.0,85.1,78.5,47,42,8.6,10.6,74.4,74.3,8.2,10.1,33.3,27.5,1021.0,1020.9,189.03,351.83,787.57,31.0717,12.6289,499.2,59.1,1494.371, NAN, NAN, NAN, NAN,,2024/04/16 21:13:48.955,2024-04-16 21:13:48.955000+00:00
2024/04/16, 21:14:48.955,35.718,-74.851, NAN,344.05,346.22,1.5,13.7,13.7,1018.8,1019.0,0.0,0.0,85.1,78.5,44,38,8.7,10.7,74.0,74.1,8.2,10.1,31.8,24.8,1020.9,1021.1,190.52,351.71,794.31,31.1362,12.6652,508.1,59.1,1494.571, NAN, NAN, NAN, NAN,,2024/04/16 21:14:48.955,2024-04-16 21:14:48.955000+00:00
2024/04/16, 21:15:48.955,35.719,-74.851, NAN,344.85,337.18,1.99,13.7,13.7,1018.8,1018.8,0.0,0.0,85.1,78.5,43,37,8.7,10.7,73.7,73.7,8.0,10.0,33.2,25.7,1020.9,1020.9,193.29,352.04,806.45,31.1477,12.6611,510.2,59.1,1494.571, NAN, NAN, NAN, NAN,,2024/04/16 21:15:48.955,2024-04-16 21:15:48.955000+00:00
2024/04/16, 21:16:48.955,35.719,-74.851, NAN,343.58,326.66,2.12,13.7,13.7,1019.0,1018.8,0.0,0.0,85.1,78.5,43,38,8.6,11.0,73.4,73.6,8.0,10.3,32.9,26.2,1021.1,1020.9,200.75,352.47,840.79,31.1393,12.6433,508.4,59.3,1494.5, NAN, NAN, NAN, NAN,,2024/04/16 21:16:48.955,2024-04-16 21:16:48.955000+00:00
2024/04/16, 21:17:48.955,35.72,-74.851, NAN,343.34,334.27,2.23,13.7,13.7,1019.0,1018.8,0.0,0.0,85.1,78.5,44,38,9.1,11.2,73.2,73.4,8.4,10.4,33.2,25.6,1021.1,1020.9,187.97,352.28,791.59,31.1369,12.6583,502.5,59.3,1494.548, NAN, NAN, NAN, NAN,,2024/04/16 21:17:48.955,2024-04-16 21:17:48.955000+00:00
2024/04/16, 21:18:48.955,35.721,-74.851, NAN,343.68,341.77,2.23,13.7,13.7,1018.8,1018.9,0.0,0.0,85.1,78.5,44,38,8.6,10.7,72.6,72.8,7.9,9.9,33.8,26.1,1020.9,1021.0,183.12,352.1,774.59,31.1117,12.6445,496.1,59.2,1494.472, NAN, NAN, NAN, NAN,,2024/04/16 21:18:48.955,2024-04-16 21:18:48.955000+00:00
2024/04/16, 21:19:48.955,35.721,-74.852, NAN,340.49,337.9,2.01,13.7,13.7,1019.0,1018.8,0.0,0.0,85.1,78.5,45,39,8.5,10.5,73.0,73.2,7.8,9.8,31.1,23.5,1021.1,1020.9,184.51,352.46,782.69,31.1209,12.6242,496.8,59.3,1494.414, NAN, NAN, NAN, NAN,,2024/04/16 21:19:48.955,2024-04-16 21:19:48.955000+00:00
2024/04/16, 21:20:48.955,35.722,-74.852, NAN,343.5,334.67,4.55,13.7,13.7,1018.8,1019.0,0.0,0.0,85.1,78.5,41,35,9.3,11.4,73.1,73.2,7.9,9.7,37.0,27.5,1020.9,1021.1,186.26,352.34,787.92,31.1418,12.6193,496.4,59.3,1494.422, NAN, NAN, NAN, NAN,,2024/04/16 21:20:48.955,2024-04-16 21:20:48.955000+00:00
2024/04/16, 21:21:48.955,35.724,-74.853, NAN,343.68,341.31,6.08,13.7,13.7,1018.8,1018.8,0.0,0.0,85.1,78.5,39,33,10.0,11.9,72.7,72.9,7.9,9.5,37.7,27.6,1020.9,1020.9,186.72,352.39,789.64,31.1841,12.6007,503.5,59.4,1494.409, NAN, NAN, NAN, NAN,,2024/04/16 21:21:48.955,2024-04-16 21:21:48.955000+00:00
2024/04/16, 21:22:48.955,35.725,-74.853, NAN,344.79,345.68,6.52,13.7,13.7,1018.8,1018.7,0.0,0.0,85.1,78.5,37,33,10.2,12.3,72.9,72.9,7.8,9.7,37.1,28.9,1020.9,1020.8,185.12,352.2,778.93,31.1832,12.6337,505.6,59.5,1494.52, NAN, NAN, NAN, NAN,,2024/04/16 21:22:48.955,2024-04-16 21:22:48.955000+00:00
2024/04/16, 21:23:48.955,35.727,-74.853, NAN,3.05,357.02,6.67,13.7,13.7,1018.8,1018.8,0.0,0.0,85.1,78.5,25,20,10.9,10.5,73.0,73.0,8.1,7.5,40.3,34.2,1020.9,1020.9,182.86,352.36,766.98,31.1291,12.6445,499.2,59.6,1494.492, NAN, NAN, NAN, NAN,,2024/04/16 21:23:48.955,2024-04-16 21:23:48.955000+00:00
2024/04/16, 21:24:48.956,35.729,-74.853, NAN,2.55,4.79,6.8,13.7,13.8,1018.8,1018.8,0.0,0.0,85.1,78.5,25,19,11.3,10.7,72.4,72.7,8.2,7.4,36.8,29.0,1020.9,1020.9,181.44,352.17,761.84,31.0901,12.6491,497.1,59.6,1494.462, NAN, NAN, NAN, NAN,,2024/04/16 21:24:48.956,2024-04-16 21:24:48.956000+00:00
2024/04/16, 21:25:48.956,35.731,-74.853, NAN,0.42,4.4,6.95,13.7,13.8,1018.7,1018.9,0.0,0.0,85.1,78.5,26,22,11.3,10.7,72.4,72.5,8.1,7.3,35.4,30.4,1020.8,1021.0,178.98,352.23,749.47,31.0959,12.6186,492.4,59.6,1494.365, NAN, NAN, NAN, NAN,,2024/04/16 21:25:48.956,2024-04-16 21:25:48.956000+00:00
2024/04/16, 21:26:48.956,35.733,-74.853, NAN,359.8,1.91,7.02,13.7,13.7,1018.6,1018.8,0.0,0.0,85.1,78.5,26,22,11.4,11.0,72.5,72.7,8.3,7.7,36.4,31.3,1020.7,1020.9,181.75,352.0,760.22,31.0937,12.5961,492.0,59.5,1494.286, NAN, NAN, NAN, NAN,,2024/04/16 21:26:48.956,2024-04-16 21:26:48.956000+00:00
2024/04/16, 21:27:48.956,35.735,-74.853, NAN,0.74,1.91,7.05,13.7,13.7,1018.8,1018.8,0.0,0.0,85.1,78.5,27,21,11.6,11.0,72.4,72.2,8.4,7.6,37.3,29.5,1020.9,1020.9,180.39,351.84,756.65,31.084,12.6009,491.0,59.5,1494.291, NAN, NAN, NAN, NAN,,2024/04/16 21:27:48.956,2024-04-16 21:27:48.956000+00:00
2024/04/16, 21:28:48.956,35.737,-74.853, NAN,0.53,1.17,6.81,13.7,13.8,1018.8,1018.8,0.0,0.0,85.1,78.5,29,23,11.3,10.6,71.8,71.9,8.4,7.5,40.9,33.7,1020.9,1020.9,179.55,351.42,752.92,31.083,12.5599,493.7,59.5,1494.15, NAN, NAN, NAN, NAN,,2024/04/16 21:28:48.956,2024-04-16 21:28:48.956000+00:00
2024/04/16, 21:29:48.956,35.738,-74.853, NAN,0.15,4.83,6.86,13.7,13.8,1018.7,1018.7,0.0,0.0,85.1,78.5,28,23,11.2,10.7,71.8,71.8,8.1,7.5,38.7,32.4,1020.8,1020.8,178.71,351.34,755.94,31.0885,12.5236,494.0,59.6,1494.033, NAN, NAN, NAN, NAN,,2024/04/16 21:29:48.956,2024-04-16 21:29:48.956000+00:00
2024/04/16, 21:30:48.956,35.74,-74.853, NAN,0.52,359.74,6.87,13.8,13.8,1018.7,1018.7,0.0,0.0,85.1,78.5,29,24,10.9,10.5,71.4,71.3,8.0,7.4,42.1,35.9,1020.8,1020.8,177.79,350.91,756.9,31.0981,12.5099,492.0,59.6,1493.998, NAN, NAN, NAN, NAN,,2024/04/16 21:30:48.956,2024-04-16 21:30:48.956000+00:00
2024/04/16, 21:31:48.956,35.742,-74.853, NAN,0.61,356.98,6.7,13.8,13.8,1018.7,1018.6,0.0,0.0,85.1,78.5,28,23,11.4,10.9,71.0,71.2,8.6,7.9,40.3,34.4,1020.8,1020.7,178.64,350.96,764.43,31.1077,12.4901,493.1,59.6,1493.942, NAN, NAN, NAN, NAN,,2024/04/16 21:31:48.956,2024-04-16 21:31:48.956000+00:00
2024/04/16, 21:32:48.956,35.744,-74.853, NAN,1.08,4.32,6.68,13.7,13.8,1018.8,1018.7,0.0,0.0,85.1,78.5,28,23,11.3,10.8,70.8,71.0,8.4,7.7,39.7,33.6,1020.9,1020.8,174.5,350.89,752.17,31.1261,12.4652,492.3,59.5,1493.879, NAN, NAN, NAN, NAN,,2024/04/16 21:32:48.956,2024-04-16 21:32:48.956000+00:00
2024/04/16, 21:33:48.956,35.746,-74.853, NAN,0.15,0.95,6.65,13.8,13.8,1018.7,1018.7,0.0,0.0,85.1,78.5,28,23,11.2,10.5,70.5,70.7,8.3,7.4,38.7,32.8,1020.8,1020.8,173.02,350.25,749.96,31.1485,12.4436,489.4,59.7,1493.832, NAN, NAN, NAN, NAN,,2024/04/16 21:33:48.956,2024-04-16 21:33:48.956000+00:00
2024/04/16, 21:34:48.956,35.748,-74.853, NAN,0.25,359.25,6.8,13.7,13.8,1018.8,1018.8,0.0,0.0,85.1,78.5,29,23,10.8,10.8,70.6,71.0,8.0,7.8,42.0,34.0,1020.9,1020.9,165.03,350.05,714.09,31.1767,12.4258,488.3,59.7,1493.804, NAN, NAN, NAN, NAN,,2024/04/16 21:34:48.956,2024-04-16 21:34:48.956000+00:00
2024/04/16, 21:35:48.956,35.75,-74.852, NAN,0.09,3.29,6.8,13.7,13.8,1018.8,1018.9,0.0,0.0,85.1,78.5,27,23,11.0,10.7,70.9,70.9,8.0,7.6,38.3,33.2,1020.9,1021.0,157.69,349.99,686.41,31.2053,12.3963,489.4,59.6,1493.738, NAN, NAN, NAN, NAN,,2024/04/16 21:35:48.956,2024-04-16 21:35:48.956000+00:00
2024/04/16, 21:36:48.956,35.752,-74.852, NAN,0.43,2.27,6.69,13.7,13.7,1018.8,1018.8,0.0,0.0,85.1,78.5,29,23,10.9,10.3,70.9,70.9,8.0,7.2,40.7,33.3,1020.9,1020.9,154.21,349.76,668.96,31.2378,12.3806,490.7,59.6,1493.723, NAN, NAN, NAN, NAN,,2024/04/16 21:36:48.956,2024-04-16 21:36:48.956000+00:00
2024/04/16, 21:37:48.956,35.753,-74.852, NAN,0.31,357.28,6.79,13.7,13.7,1018.8,1018.8,0.0,0.0,85.1,78.5,28,24,10.6,10.5,71.2,71.2,7.8,7.6,41.8,36.6,1020.9,1020.9,165.74,349.84,726.63,31.287,12.338,491.0,59.6,1493.635, NAN, NAN, NAN, NAN,,2024/04/16 21:37:48.956,2024-04-16 21:37:48.956000+00:00
2024/04/16, 21:38:48.956,35.755,-74.852, NAN,0.04,4.73,6.71,13.7,13.7,1018.8,1018.7,0.0,0.0,85.1,78.5,30,23,10.7,10.3,71.3,71.4,7.7,7.1,41.2,32.0,1020.9,1020.8,165.25,349.81,717.87,31.3341,12.3019,495.6,59.5,1493.568, NAN, NAN, NAN, NAN,,2024/04/16 21:38:48.956,2024-04-16 21:38:48.956000+00:00
2024/04/16, 21:39:48.957,35.757,-74.852, NAN,0.74,357.4,6.61,13.7,13.7,1018.7,1018.7,0.0,0.0,85.1,78.5,29,24,10.5,9.9,71.2,71.3,7.8,7.0,42.6,36.8,1020.8,1020.8,157.55,349.52,678.76,31.3721,12.2928,495.0,59.5,1493.582, NAN, NAN, NAN, NAN,,2024/04/16 21:39:48.957,2024-04-16 21:39:48.957000+00:00
2024/04/16, 21:40:48.957,35.759,-74.852, NAN,0.32,356.45,6.62,13.7,13.7,1018.8,1018.7,0.0,0.0,85.1,78.5,29,23,11.0,10.4,71.3,71.3,8.2,7.4,40.9,33.7,1020.9,1020.8,155.1,349.69,666.89,31.3791,12.2843,494.7,59.5,1493.561, NAN, NAN, NAN, NAN,,2024/04/16 21:40:48.957,2024-04-16 21:40:48.957000+00:00
2024/04/16, 21:41:48.957,35.761,-74.852, NAN,0.1,0.2,6.79,13.7,13.7,1018.7,1018.8,0.0,0.0,85.1,78.5,29,24,10.4,10.2,71.0,71.1,7.5,7.1,41.4,34.7,1020.8,1020.9,154.49,349.31,663.88,31.3952,12.2502,490.7,59.4,1493.464, NAN, NAN, NAN, NAN,,2024/04/16 21:41:48.957,2024-04-16 21:41:48.957000+00:00
2024/04/16, 21:42:48.957,35.763,-74.852, NAN,0.89,0.37,6.85,13.7,13.7,1018.7,1018.8,0.0,0.0,85.1,78.5,29,25,10.8,10.2,71.0,71.0,7.9,7.2,42.4,37.9,1020.8,1020.9,155.94,349.24,673.16,31.4374,12.1911,488.6,59.5,1493.311, NAN, NAN, NAN, NAN,,2024/04/16 21:42:48.957,2024-04-16 21:42:48.957000+00:00
2024/04/16, 21:43:48.957,35.765,-74.852, NAN,0.88,5.42,6.88,13.7,13.7,1018.8,1018.8,0.0,0.0,85.1,78.5,29,23,10.6,10.0,70.8,71.0,7.6,6.8,41.5,33.9,1020.9,1020.9,156.8,349.21,679.94,31.4973,12.1323,489.7,59.6,1493.181, NAN, NAN, NAN, NAN,,2024/04/16 21:43:48.957,2024-04-16 21:43:48.957000+00:00
2024/04/16, 21:44:48.957,35.767,-74.852, NAN,0.28,0.76,6.89,13.7,13.7,1018.8,1018.8,0.0,0.0,85.1,78.5,28,23,10.8,10.2,70.8,70.7,7.8,7.0,39.9,33.8,1020.9,1020.9,154.54,348.73,669.8,31.5413,12.0485,489.1,59.4,1492.945, NAN, NAN, NAN, NAN,,2024/04/16 21:44:48.957,2024-04-16 21:44:48.957000+00:00
2024/04/16, 21:45:48.957,35.769,-74.851, NAN,359.86,4.49,6.93,13.7,13.8,1018.8,1018.8,0.0,0.0,85.1,78.5,28,23,10.8,10.3,70.6,70.8,7.8,7.1,39.8,33.6,1020.9,1020.9,149.27,348.05,652.21,31.5661,11.9879,485.2,59.4,1492.766, NAN, NAN, NAN, NAN,,2024/04/16 21:45:48.957,2024-04-16 21:45:48.957000+00:00
2024/04/16, 21:46:48.957,35.771,-74.851, NAN,359.71,4.99,6.98,13.7,13.8,1018.8,1018.8,0.0,0.0,85.1,78.5,28,23,10.8,10.2,70.8,70.8,7.7,6.9,39.0,32.8,1020.9,1020.9,147.11,347.92,648.94,31.5941,11.948,485.2,59.3,1492.661, NAN, NAN, NAN, NAN,,2024/04/16 21:46:48.957,2024-04-16 21:46:48.957000+00:00
2024/04/16, 21:47:48.957,35.773,-74.851, NAN,0.86,358.99,7.07,13.7,13.7,1018.7,1018.8,0.0,0.0,85.1,78.5,28,23,10.8,10.5,71.0,71.0,7.8,7.3,41.5,35.0,1020.8,1020.9,143.89,347.15,639.21,31.6063,11.9092,485.7,59.3,1492.542, NAN, NAN, NAN, NAN,,2024/04/16 21:47:48.957,2024-04-16 21:47:48.957000+00:00
2024/04/16, 21:48:48.957,35.775,-74.851, NAN,359.68,2.68,7.22,13.7,13.7,1018.7,1018.7,0.0,0.0,85.1,78.5,28,23,11.1,10.6,71.2,71.1,8.0,7.3,39.7,33.4,1020.8,1020.8,141.53,346.67,636.31,31.6229,11.865,486.0,59.4,1492.409, NAN, NAN, NAN, NAN,,2024/04/16 21:48:48.957,2024-04-16 21:48:48.957000+00:00
2024/04/16, 21:49:48.957,35.777,-74.851, NAN,359.99,3.28,7.34,13.7,13.7,1018.7,1018.8,0.0,0.0,85.1,78.5,29,24,10.9,10.7,71.3,71.4,7.7,7.3,41.8,35.1,1020.8,1020.9,137.3,346.6,622.24,31.6423,11.7932,486.0,59.5,1492.184, NAN, NAN, NAN, NAN,,2024/04/16 21:49:48.957,2024-04-16 21:49:48.957000+00:00
2024/04/16, 21:50:48.957,35.779,-74.851, NAN,0.48,3.37,7.37,13.7,13.7,1018.7,1018.8,0.0,0.0,85.1,78.5,29,24,11.2,10.9,71.5,71.4,8.1,7.6,42.2,35.8,1020.8,1020.9,134.69,346.19,615.76,31.6681,11.703,484.6,59.4,1491.902, NAN, NAN, NAN, NAN,,2024/04/16 21:50:48.957,2024-04-16 21:50:48.957000+00:00
2024/04/16, 21:51:48.957,35.781,-74.851, NAN,0.57,359.64,7.21,13.7,13.7,1018.8,1018.8,0.0,0.0,85.1,78.5,29,24,10.9,10.6,71.5,71.5,7.8,7.4,42.6,36.2,1020.9,1020.9,133.13,345.31,613.65,31.6932,11.6604,482.7,59.4,1491.784, NAN, NAN, NAN, NAN,,2024/04/16 21:51:48.957,2024-04-16 21:51:48.957000+00:00
2024/04/16, 21:52:48.957,35.783,-74.851, NAN,0.08,6.9,7.11,13.7,13.7,1018.9,1018.8,0.0,0.0,85.1,78.5,28,23,11.1,10.7,71.6,71.7,7.8,7.3,38.3,31.7,1021.0,1020.9,133.79,345.22,623.86,31.7152,11.63,483.3,59.4,1491.705, NAN, NAN, NAN, NAN,,2024/04/16 21:52:48.957,2024-04-16 21:52:48.957000+00:00
2024/04/16, 21:53:48.957,35.785,-74.851, NAN,0.11,3.27,7.13,13.7,13.7,1018.8,1018.8,0.0,0.0,85.1,78.5,28,23,11.5,10.9,71.8,71.9,8.3,7.5,38.5,32.3,1020.9,1020.9,127.11,345.05,594.27,31.7322,11.5654,485.2,59.3,1491.5, NAN, NAN, NAN, NAN,,2024/04/16 21:53:48.957,2024-04-16 21:53:48.957000+00:00
2024/04/16, 21:54:48.957,35.787,-74.851, NAN,0.7,358.6,7.11,13.7,13.7,1018.9,1018.8,0.0,0.0,85.1,78.5,29,23,11.3,10.8,71.8,71.8,8.3,7.6,42.3,34.9,1021.0,1020.9,125.22,344.76,593.2,31.7444,11.5174,483.0,59.3,1491.347, NAN, NAN, NAN, NAN,,2024/04/16 21:54:48.957,2024-04-16 21:54:48.957000+00:00
2024/04/16, 21:55:48.958,35.788,-74.851, NAN,0.62,5.39,7.07,13.7,13.7,1018.9,1018.8,0.0,0.0,85.1,78.5,29,23,11.8,11.2,71.7,71.9,8.8,8.0,40.9,33.5,1021.0,1020.9,122.03,344.79,583.17,31.7605,11.4563,483.0,59.4,1491.154, NAN, NAN, NAN, NAN,,2024/04/16 21:55:48.958,2024-04-16 21:55:48.958000+00:00
2024/04/16, 21:56:48.958,35.79,-74.851, NAN,0.16,357.19,6.82,13.7,13.7,1018.9,1018.8,0.0,0.0,85.1,78.5,29,24,11.2,10.7,71.3,71.3,8.4,7.7,41.4,35.4,1021.0,1020.9,121.63,344.29,586.51,31.7758,11.3929,484.0,59.5,1490.95, NAN, NAN, NAN, NAN,,2024/04/16 21:56:48.958,2024-04-16 21:56:48.958000+00:00
2024/04/16, 21:57:48.958,35.792,-74.851, NAN,0.5,357.93,6.91,13.8,13.8,1018.9,1019.0,0.0,0.0,85.1,78.5,29,23,11.3,10.9,71.2,71.2,8.4,7.8,41.9,34.4,1021.0,1021.1,121.25,344.02,591.05,31.7933,11.3244,482.5,59.5,1490.732, NAN, NAN, NAN, NAN,,2024/04/16 21:57:48.958,2024-04-16 21:57:48.958000+00:00
2024/04/16, 21:58:48.958,35.794,-74.85, NAN,0.67,357.66,6.93,13.8,13.8,1018.8,1018.9,0.0,0.0,85.1,78.5,28,23,11.1,10.5,71.2,71.1,8.2,7.4,40.8,34.8,1020.9,1021.0,126.31,343.74,624.38,31.8104,11.2945,483.3,59.4,1490.647, NAN, NAN, NAN, NAN,,2024/04/16 21:58:48.958,2024-04-16 21:58:48.958000+00:00
2024/04/16, 21:59:48.958,35.796,-74.85, NAN,359.89,356.27,6.95,13.8,13.8,1018.9,1019.0,0.0,0.0,85.1,78.5,27,22,11.2,10.7,71.5,71.5,8.2,7.6,38.9,32.8,1021.0,1021.1,119.79,343.34,597.15,31.8258,11.2811,485.2,59.2,1490.619, NAN, NAN, NAN, NAN,,2024/04/16 21:59:48.958,2024-04-16 21:59:48.958000+00:00
2024/04/16, 22:00:48.958,35.798,-74.85, NAN,0.16,6.64,7.17,13.8,13.8,1018.9,1019.0,0.0,0.0,85.1,78.5,26,21,10.9,10.3,71.8,71.9,7.6,6.9,36.6,30.2,1021.0,1021.1,118.49,343.04,591.67,31.8414,11.2189,485.7,59.3,1490.419, NAN, NAN, NAN, NAN,,2024/04/16 22:00:48.958,2024-04-16 22:00:48.958000+00:00
2024/04/16, 22:01:48.958,35.8,-74.85, NAN,359.6,1.06,7.09,13.7,13.8,1019.0,1019.1,0.0,0.0,85.1,78.5,27,22,11.0,10.4,72.3,72.2,7.8,7.1,37.9,31.7,1021.1,1021.2,120.52,342.78,608.25,31.8507,11.1468,485.2,59.3,1490.177, NAN, NAN, NAN, NAN,,2024/04/16 22:01:48.958,2024-04-16 22:01:48.958000+00:00
2024/04/16, 22:02:48.958,35.802,-74.85, NAN,359.88,2.56,6.92,13.7,13.7,1019.0,1019.1,0.0,0.0,85.1,78.5,26,22,11.2,10.4,72.3,72.2,8.1,7.2,36.3,31.7,1021.1,1021.2,145.73,342.95,752.63,31.8717,11.1111,484.9,59.3,1490.076, NAN, NAN, NAN, NAN,,2024/04/16 22:02:48.958,2024-04-16 22:02:48.958000+00:00
2024/04/16, 22:03:48.958,35.804,-74.85, NAN,0.04,358.47,7.16,13.7,13.8,1019.0,1019.1,0.0,0.0,85.1,78.5,27,23,10.4,10.0,72.0,72.0,7.3,6.8,40.4,35.5,1021.1,1021.2,151.23,342.59,785.46,31.894,11.0628,485.6,59.3,1489.933, NAN, NAN, NAN, NAN,,2024/04/16 22:03:48.958,2024-04-16 22:03:48.958000+00:00
2024/04/16, 22:04:48.958,35.806,-74.85, NAN,0.32,358.89,7.11,13.7,13.8,1019.2,1019.1,0.0,0.0,85.1,78.5,26,22,10.8,10.2,72.3,72.4,7.7,6.9,38.1,33.4,1021.3,1021.2,123.67,342.71,632.56,31.9078,11.0109,487.3,59.3,1489.767, NAN, NAN, NAN, NAN,,2024/04/16 22:04:48.958,2024-04-16 22:04:48.958000+00:00
2024/04/16, 22:05:48.958,35.808,-74.85, NAN,359.66,1.37,7.16,13.7,13.8,1019.1,1019.3,0.0,0.0,85.1,78.5,27,22,10.7,10.3,72.3,72.4,7.5,6.9,38.5,31.9,1021.2,1021.4,110.67,342.28,566.67,31.9306,10.9867,484.6,59.3,1489.709, NAN, NAN, NAN, NAN,,2024/04/16 22:05:48.958,2024-04-16 22:05:48.958000+00:00
2024/04/16, 22:06:48.958,35.81,-74.85, NAN,1.38,356.52,7.13,13.8,13.8,1019.2,1019.1,0.0,0.0,85.1,78.5,26,21,11.0,10.4,72.3,72.5,8.1,7.3,40.7,34.9,1021.3,1021.2,105.63,342.26,534.93,31.9481,11.065,485.7,59.1,1490.006, NAN, NAN, NAN, NAN,,2024/04/16 22:06:48.958,2024-04-16 22:06:48.958000+00:00
2024/04/16, 22:07:48.958,35.812,-74.85, NAN,0.46,2.12,7.23,13.8,13.8,1019.3,1019.2,0.0,0.0,85.1,78.5,26,20,10.6,10.2,72.1,72.4,7.4,6.8,38.7,30.7,1021.4,1021.3,100.65,341.96,517.79,31.9561,11.1267,485.7,59.1,1490.233, NAN, NAN, NAN, NAN,,2024/04/16 22:07:48.958,2024-04-16 22:07:48.958000+00:00
2024/04/16, 22:08:48.958,35.814,-74.85, NAN,0.43,0.34,7.37,13.8,13.8,1019.2,1019.3,0.0,0.0,85.1,78.5,26,21,10.7,10.2,72.4,72.3,7.6,6.9,39.9,33.7,1021.3,1021.4,101.05,341.88,525.56,31.9704,11.2096,484.0,59.2,1490.542, NAN, NAN, NAN, NAN,,2024/04/16 22:08:48.958,2024-04-16 22:08:48.958000+00:00
2024/04/16, 22:09:48.958,35.816,-74.85, NAN,0.27,357.88,7.28,13.8,13.8,1019.3,1019.2,0.0,0.0,85.1,78.5,27,22,10.6,10.2,72.1,72.1,7.5,6.9,40.8,34.5,1021.4,1021.3,104.63,341.79,550.58,32.005,11.2653,479.3,59.2,1490.779, NAN, NAN, NAN, NAN,,2024/04/16 22:09:48.958,2024-04-16 22:09:48.958000+00:00
2024/04/16, 22:10:48.958,35.818,-74.85, NAN,359.42,0.24,7.5,13.8,13.8,1019.1,1019.1,0.0,0.0,85.1,78.5,26,21,10.4,10.1,72.0,72.1,7.1,6.6,39.0,32.3,1021.2,1021.2,102.68,341.5,538.09,32.022,11.2819,477.2,59.2,1490.857, NAN, NAN, NAN, NAN,,2024/04/16 22:10:48.958,2024-04-16 22:10:48.958000+00:00
2024/04/16, 22:11:48.959,35.82,-74.85, NAN,0.13,357.95,7.41,13.8,13.8,1019.3,1019.3,0.0,0.0,85.1,78.5,27,22,10.5,9.9,72.1,72.2,7.4,6.6,41.6,35.8,1021.4,1021.4,98.44,341.34,513.63,32.0256,11.3197,475.8,59.3,1490.994, NAN, NAN, NAN, NAN,,2024/04/16 22:11:48.959,2024-04-16 22:11:48.959000+00:00
2024/04/16, 22:12:48.959,35.822,-74.85, NAN,0.11,2.6,7.34,13.8,13.8,1019.3,1019.1,0.0,0.0,85.1,78.5,26,21,10.5,10.0,72.1,72.3,7.3,6.6,38.8,32.4,1021.4,1021.2,96.73,341.81,504.62,32.024,11.3568,476.6,59.3,1491.122, NAN, NAN, NAN, NAN,,2024/04/16 22:12:48.959,2024-04-16 22:12:48.959000+00:00
2024/04/16, 22:13:48.959,35.824,-74.85, NAN,0.41,358.15,7.34,13.8,13.8,1019.3,1019.1,0.0,0.0,85.1,78.5,26,21,10.5,9.8,72.2,72.2,7.3,6.4,39.8,33.9,1021.4,1021.2,100.98,342.13,534.42,32.0214,11.3529,475.2,59.2,1491.105, NAN, NAN, NAN, NAN,,2024/04/16 22:13:48.959,2024-04-16 22:13:48.959000+00:00
2024/04/16, 22:14:48.959,35.826,-74.85, NAN,359.29,0.5,7.42,13.8,13.8,1019.1,1019.3,0.0,0.0,85.1,78.5,28,22,10.7,10.3,72.0,72.1,7.6,6.9,41.0,33.3,1021.2,1021.4,95.37,342.51,494.19,32.0122,11.3351,473.9,59.3,1491.032, NAN, NAN, NAN, NAN,,2024/04/16 22:14:48.959,2024-04-16 22:14:48.959000+00:00
2024/04/16, 22:15:48.959,35.828,-74.85, NAN,0.53,356.57,7.57,13.8,13.8,1019.1,1019.3,0.0,0.0,85.1,78.5,26,21,11.1,10.5,71.5,71.6,7.8,7.0,39.6,33.5,1021.2,1021.4,94.28,342.8,482.32,32.0044,11.3753,472.9,59.3,1491.163, NAN, NAN, NAN, NAN,,2024/04/16 22:15:48.959,2024-04-16 22:15:48.959000+00:00
2024/04/16, 22:16:48.959,35.831,-74.85, NAN,359.87,4.26,7.37,13.9,13.9,1019.1,1019.2,0.0,0.0,85.1,78.5,26,21,10.9,10.3,71.2,71.3,7.5,6.8,37.0,30.6,1021.2,1021.3,92.48,342.65,470.32,32.0002,11.4242,472.9,59.3,1491.329, NAN, NAN, NAN, NAN,,2024/04/16 22:16:48.959,2024-04-16 22:16:48.959000+00:00
2024/04/16, 22:17:48.959,35.833,-74.85, NAN,1.23,6.63,7.0,13.9,13.9,1019.0,1019.1,0.0,0.0,85.1,78.5,25,20,10.7,10.1,71.1,71.3,7.5,6.8,36.8,30.4,1021.1,1021.2,92.58,342.7,461.26,31.9935,11.4643,472.6,59.3,1491.461, NAN, NAN, NAN, NAN,,2024/04/16 22:17:48.959,2024-04-16 22:17:48.959000+00:00
2024/04/16, 22:18:48.959,35.834,-74.85, NAN,2.96,2.34,6.84,13.9,13.9,1019.1,1019.1,0.0,0.0,85.1,78.5,25,20,10.2,9.9,71.0,71.1,7.3,6.8,41.0,34.6,1021.2,1021.2,91.56,342.37,456.24,31.9808,11.4772,472.4,59.3,1491.491, NAN, NAN, NAN, NAN,,2024/04/16 22:18:48.959,2024-04-16 22:18:48.959000+00:00
2024/04/16, 22:19:48.959,35.836,-74.85, NAN,4.54,5.98,7.06,13.9,13.9,1019.2,1019.0,0.0,0.0,85.1,78.5,24,20,10.1,9.8,71.2,71.2,7.0,6.5,41.2,36.0,1021.3,1021.1,91.6,342.73,455.51,31.9692,11.4601,472.9,59.4,1491.417, NAN, NAN, NAN, NAN,,2024/04/16 22:19:48.959,2024-04-16 22:19:48.959000+00:00
2024/04/16, 22:20:48.959,35.838,-74.85, NAN,3.82,3.18,6.86,13.9,13.9,1019.3,1019.2,0.0,0.0,85.1,78.5,25,20,10.5,10.0,70.9,70.9,7.5,6.8,40.9,34.7,1021.4,1021.3,91.93,342.8,451.78,31.9615,11.4673,472.1,59.3,1491.433, NAN, NAN, NAN, NAN,,2024/04/16 22:20:48.959,2024-04-16 22:20:48.959000+00:00
2024/04/16, 22:21:48.959,35.84,-74.85, NAN,4.77,5.22,6.89,13.9,13.9,1019.3,1019.1,0.0,0.0,85.1,78.5,25,19,10.4,10.0,70.6,70.7,7.4,6.8,42.0,34.2,1021.4,1021.2,89.7,343.18,436.56,31.9631,11.4846,472.6,59.3,1491.495, NAN, NAN, NAN, NAN,,2024/04/16 22:21:48.959,2024-04-16 22:21:48.959000+00:00
2024/04/16, 22:22:48.959,35.842,-74.85, NAN,4.33,2.75,6.89,13.9,13.9,1019.1,1019.1,0.0,0.0,85.1,78.5,25,19,10.8,10.2,70.6,70.6,7.8,7.0,40.8,33.2,1021.2,1021.2,88.15,342.79,426.96,31.9627,11.5147,472.9,59.3,1491.6, NAN, NAN, NAN, NAN,,2024/04/16 22:22:48.959,2024-04-16 22:22:48.959000+00:00
2024/04/16, 22:23:48.959,35.844,-74.85, NAN,5.94,3.88,6.81,14.0,14.0,1019.1,1019.1,0.0,0.0,85.1,78.5,22,16,10.5,9.9,70.4,70.6,7.5,6.7,39.3,31.6,1021.2,1021.2,86.96,342.89,418.43,31.9559,11.5428,473.6,59.4,1491.689, NAN, NAN, NAN, NAN,,2024/04/16 22:23:48.959,2024-04-16 22:23:48.959000+00:00
2024/04/16, 22:24:48.959,35.846,-74.85, NAN,5.51,0.01,6.96,14.0,14.0,1019.2,1019.1,0.0,0.0,85.1,78.5,22,17,10.5,10.1,70.8,70.8,7.4,6.9,39.4,32.9,1021.3,1021.2,84.41,342.81,408.92,31.9409,11.5547,472.9,59.4,1491.713, NAN, NAN, NAN, NAN,,2024/04/16 22:24:48.959,2024-04-16 22:24:48.959000+00:00
2024/04/16, 22:25:48.959,35.848,-74.85, NAN,5.67,359.85,6.89,13.9,14.0,1019.2,1019.2,0.0,0.0,85.1,78.5,22,17,10.6,10.1,70.8,70.8,7.5,6.9,39.0,32.7,1021.3,1021.3,83.17,342.52,401.38,31.9274,11.5621,470.5,59.5,1491.723, NAN, NAN, NAN, NAN,,2024/04/16 22:25:48.959,2024-04-16 22:25:48.959000+00:00
2024/04/16, 22:26:48.959,35.85,-74.849, NAN,11.1,357.93,7.01,13.9,13.9,1019.2,1019.2,0.0,0.0,85.1,78.5,22,17,10.6,10.0,71.0,71.2,7.8,7.0,47.1,41.4,1021.3,1021.3,81.92,342.45,396.31,31.918,11.5682,471.2,59.6,1491.733, NAN, NAN, NAN, NAN,,2024/04/16 22:26:48.959,2024-04-16 22:26:48.959000+00:00
2024/04/16, 22:27:48.960,35.852,-74.849, NAN,34.84,26.42,6.67,13.9,13.9,1019.2,1019.3,0.0,0.0,85.1,78.5,3,357,10.1,9.7,71.1,71.1,6.8,6.3,43.8,35.0,1021.3,1021.4,80.97,342.22,395.56,31.9101,11.5739,471.8,59.6,1491.743, NAN, NAN, NAN, NAN,,2024/04/16 22:27:48.960,2024-04-16 22:27:48.960000+00:00
2024/04/16, 22:28:48.960,35.853,-74.847, NAN,38.57,43.15,6.79,13.9,13.9,1019.2,1019.3,0.0,0.0,85.1,78.5,0,354,10.2,9.8,71.0,71.0,6.7,6.3,38.9,29.6,1021.3,1021.4,80.63,342.04,396.54,31.9041,11.588,472.9,59.4,1491.785, NAN, NAN, NAN, NAN,,2024/04/16 22:28:48.960,2024-04-16 22:28:48.960000+00:00
2024/04/16, 22:29:48.960,35.855,-74.846, NAN,37.43,40.78,6.8,13.9,13.9,1019.3,1019.3,0.0,0.0,85.1,78.5,359,354,10.2,10.0,71.0,71.2,6.7,6.5,36.0,28.3,1021.4,1021.4,81.69,342.15,407.54,31.9015,11.6057,473.9,59.3,1491.843, NAN, NAN, NAN, NAN,,2024/04/16 22:29:48.960,2024-04-16 22:29:48.960000+00:00
2024/04/16, 22:30:48.960,35.856,-74.845, NAN,40.22,43.47,7.01,13.9,13.9,1019.0,1019.2,0.0,0.0,85.1,78.5,0,354,10.2,10.0,71.1,71.2,6.6,6.4,40.1,30.8,1021.1,1021.3,82.67,341.9,422.51,31.8982,11.6157,473.6,59.3,1491.874, NAN, NAN, NAN, NAN,,2024/04/16 22:30:48.960,2024-04-16 22:30:48.960000+00:00
2024/04/16, 22:31:48.960,35.858,-74.843, NAN,39.4,39.66,7.09,13.9,13.9,1019.1,1019.1,0.0,0.0,85.1,78.5,359,353,10.2,10.0,71.1,71.2,6.6,6.4,37.6,28.1,1021.2,1021.2,82.85,342.09,429.28,31.8914,11.6115,473.6,59.5,1491.851, NAN, NAN, NAN, NAN,,2024/04/16 22:31:48.960,2024-04-16 22:31:48.960000+00:00
2024/04/16, 22:32:48.960,35.859,-74.842, NAN,39.16,38.07,7.15,13.9,13.9,1019.1,1019.1,0.0,0.0,85.1,78.5,359,353,10.1,9.8,71.2,71.2,6.4,6.1,39.1,29.5,1021.2,1021.2,79.74,341.9,413.87,31.8841,11.6186,472.9,59.4,1491.867, NAN, NAN, NAN, NAN,,2024/04/16 22:32:48.960,2024-04-16 22:32:48.960000+00:00
2024/04/16, 22:33:48.960,35.861,-74.84, NAN,38.65,42.75,7.0,13.9,13.9,1019.1,1019.3,0.0,0.0,85.1,78.5,359,353,10.0,9.9,71.5,71.5,6.4,6.4,35.3,26.0,1021.2,1021.4,74.12,341.62,372.87,31.8788,11.6247,472.9,59.3,1491.882, NAN, NAN, NAN, NAN,,2024/04/16 22:33:48.960,2024-04-16 22:33:48.960000+00:00
2024/04/16, 22:34:48.960,35.862,-74.839, NAN,39.34,35.56,7.1,13.9,13.9,1019.1,1019.3,0.0,0.0,85.1,78.5,0,353,10.7,10.3,71.6,71.8,7.1,6.7,41.3,30.6,1021.2,1021.4,72.88,341.46,370.63,31.8747,11.6275,475.2,59.2,1491.887, NAN, NAN, NAN, NAN,,2024/04/16 22:34:48.960,2024-04-16 22:34:48.960000+00:00
2024/04/16, 22:35:48.960,35.864,-74.837, NAN,41.14,32.07,7.15,13.9,13.9,1019.1,1019.1,0.0,0.0,85.1,78.5,359,353,10.7,10.4,71.4,71.5,7.0,6.7,42.5,33.3,1021.2,1021.2,74.59,341.76,394.37,31.8688,11.6344,473.9,59.2,1491.904, NAN, NAN, NAN, NAN,,2024/04/16 22:35:48.960,2024-04-16 22:35:48.960000+00:00
2024/04/16, 22:36:48.960,35.866,-74.836, NAN,39.75,40.71,6.98,13.9,13.9,1019.2,1019.0,0.0,0.0,85.1,78.5,359,352,10.4,10.2,71.5,71.5,6.8,6.7,38.5,27.7,1021.3,1021.1,102.08,341.41,651.32,31.8655,11.6345,473.6,59.3,1491.9, NAN, NAN, NAN, NAN,,2024/04/16 22:36:48.960,2024-04-16 22:36:48.960000+00:00
2024/04/16, 22:37:48.960,35.867,-74.834, NAN,39.91,33.02,7.12,13.9,13.9,1019.3,1019.1,0.0,0.0,85.1,78.5,359,352,10.5,10.2,71.5,71.7,6.9,6.5,41.8,31.1,1021.4,1021.2,93.29,341.31,560.03,31.8638,11.6161,474.5,59.3,1491.834, NAN, NAN, NAN, NAN,,2024/04/16 22:37:48.960,2024-04-16 22:37:48.960000+00:00
2024/04/16, 22:38:48.960,35.869,-74.833, NAN,40.07,40.93,7.07,13.9,13.9,1019.1,1019.1,0.0,0.0,85.1,78.5,357,351,10.3,9.8,71.8,72.1,6.7,6.2,38.0,28.5,1021.2,1021.2,87.6,341.15,532.65,31.8572,11.6089,474.2,59.2,1491.801, NAN, NAN, NAN, NAN,,2024/04/16 22:38:48.960,2024-04-16 22:38:48.960000+00:00
2024/04/16, 22:39:48.960,35.87,-74.831, NAN,38.56,45.23,6.97,13.9,13.9,1019.3,1019.1,0.0,0.0,85.1,78.5,357,351,10.2,9.8,72.4,72.4,6.7,6.4,32.0,22.5,1021.4,1021.2,93.6,341.28,602.63,31.858,11.5985,474.8,59.3,1491.766, NAN, NAN, NAN, NAN,,2024/04/16 22:39:48.960,2024-04-16 22:39:48.960000+00:00
2024/04/16, 22:40:48.960,35.872,-74.83, NAN,39.55,35.71,7.01,13.9,13.9,1019.1,1019.1,0.0,0.0,85.1,78.5,357,351,10.3,10.0,72.4,72.5,6.7,6.4,37.1,27.8,1021.2,1021.2,85.89,341.32,534.39,31.8567,11.5834,474.5,59.0,1491.712, NAN, NAN, NAN, NAN,,2024/04/16 22:40:48.960,2024-04-16 22:40:48.960000+00:00
2024/04/16, 22:41:48.960,35.873,-74.828, NAN,39.26,39.36,6.96,13.8,13.9,1019.3,1019.0,0.0,0.0,85.1,78.5,358,351,10.2,10.0,72.1,72.2,6.6,6.5,36.6,25.8,1021.4,1021.1,93.32,341.42,601.33,31.8513,11.6002,473.6,58.9,1491.764, NAN, NAN, NAN, NAN,,2024/04/16 22:41:48.960,2024-04-16 22:41:48.960000+00:00
2024/04/16, 22:42:48.960,35.875,-74.827, NAN,39.63,33.03,6.89,13.8,13.9,1019.1,1019.2,0.0,0.0,85.1,78.5,357,351,10.2,10.0,72.3,72.2,6.7,6.5,37.2,27.9,1021.2,1021.3,118.85,341.81,817.81,31.8515,11.6237,475.2,59.0,1491.846, NAN, NAN, NAN, NAN,,2024/04/16 22:42:48.960,2024-04-16 22:42:48.960000+00:00
2024/04/16, 22:43:48.961,35.877,-74.826, NAN,39.63,35.25,6.97,13.8,13.9,1019.1,1019.1,0.0,0.0,85.1,78.5,357,351,10.1,9.8,72.2,72.1,6.5,6.2,37.6,28.2,1021.2,1021.2,116.86,341.98,814.68,31.8467,11.6237,475.5,59.2,1491.84, NAN, NAN, NAN, NAN,,2024/04/16 22:43:48.961,2024-04-16 22:43:48.961000+00:00
2024/04/16, 22:44:48.961,35.878,-74.824, NAN,40.2,38.08,7.18,13.9,13.9,1019.2,1019.1,0.0,0.0,85.1,78.5,358,351,10.3,9.9,72.2,72.2,6.6,6.2,38.8,27.7,1021.3,1021.2,113.61,341.81,775.83,31.8391,11.6485,475.2,59.2,1491.917, NAN, NAN, NAN, NAN,,2024/04/16 22:44:48.961,2024-04-16 22:44:48.961000+00:00
2024/04/16, 22:45:48.961,35.88,-74.823, NAN,39.59,37.57,7.11,13.9,13.9,1019.3,1019.1,0.0,0.0,85.1,78.5,357,351,10.2,9.9,72.2,72.3,6.6,6.3,35.1,25.6,1021.4,1021.2,102.31,342.16,701.37,31.8326,11.6873,474.8,59.3,1492.044, NAN, NAN, NAN, NAN,,2024/04/16 22:45:48.961,2024-04-16 22:45:48.961000+00:00
2024/04/16, 22:46:48.961,35.881,-74.821, NAN,40.13,38.21,7.0,13.9,13.9,1019.1,1019.1,0.0,0.0,85.1,78.5,357,351,10.2,9.9,72.3,72.4,6.6,6.3,38.1,28.7,1021.2,1021.2,116.1,341.89,819.26,31.8281,11.7046,476.3,59.2,1492.099, NAN, NAN, NAN, NAN,,2024/04/16 22:46:48.961,2024-04-16 22:46:48.961000+00:00
2024/04/16, 22:47:48.961,35.883,-74.82, NAN,40.56,44.31,7.0,13.8,13.9,1019.2,1019.0,0.0,0.0,85.1,78.5,356,350,10.0,9.8,72.3,72.3,6.4,6.3,34.0,24.5,1021.3,1021.1,107.58,342.0,747.42,31.8218,11.7232,474.8,59.3,1492.156, NAN, NAN, NAN, NAN,,2024/04/16 22:47:48.961,2024-04-16 22:47:48.961000+00:00
2024/04/16, 22:48:48.961,35.884,-74.818, NAN,39.84,39.55,6.87,13.9,13.9,1019.1,1019.3,0.0,0.0,85.1,78.5,356,350,10.1,9.7,72.3,72.3,6.6,6.2,34.9,25.4,1021.2,1021.4,110.93,341.72,782.66,31.8175,11.7397,475.2,59.3,1492.208, NAN, NAN, NAN, NAN,,2024/04/16 22:48:48.961,2024-04-16 22:48:48.961000+00:00
2024/04/16, 22:49:48.961,35.886,-74.817, NAN,39.98,35.35,6.95,13.9,13.9,1019.1,1019.3,0.0,0.0,85.1,78.5,356,350,9.7,9.7,72.3,72.3,6.1,6.2,35.3,25.8,1021.2,1021.4,111.24,341.2,787.63,31.8156,11.753,474.2,59.4,1492.252, NAN, NAN, NAN, NAN,,2024/04/16 22:49:48.961,2024-04-16 22:49:48.961000+00:00
2024/04/16, 22:50:48.961,35.887,-74.815, NAN,40.6,37.53,7.21,13.9,13.9,1019.2,1019.2,0.0,0.0,85.1,78.5,356,350,9.6,9.4,72.5,72.5,5.9,5.7,36.0,26.2,1021.3,1021.3,102.2,341.12,703.36,31.8122,11.7546,474.8,59.5,1492.253, NAN, NAN, NAN, NAN,,2024/04/16 22:50:48.961,2024-04-16 22:50:48.961000+00:00
2024/04/16, 22:51:48.961,35.889,-74.814, NAN,40.82,38.59,7.2,13.8,13.9,1019.1,1019.1,0.0,0.0,85.1,78.5,354,349,9.6,9.4,72.7,72.8,5.9,5.7,33.8,25.6,1021.2,1021.2,91.19,340.81,619.05,31.8093,11.7513,474.5,59.6,1492.238, NAN, NAN, NAN, NAN,,2024/04/16 22:51:48.961,2024-04-16 22:51:48.961000+00:00
2024/04/16, 22:52:48.961,35.891,-74.812, NAN,39.97,40.55,7.32,13.8,13.9,1019.2,1019.1,0.0,0.0,85.1,78.5,355,349,9.5,9.5,72.8,72.8,5.7,5.8,33.2,23.4,1021.3,1021.2,82.72,340.48,560.6,31.8084,11.7394,474.2,59.5,1492.196, NAN, NAN, NAN, NAN,,2024/04/16 22:52:48.961,2024-04-16 22:52:48.961000+00:00
2024/04/16, 22:53:48.961,35.892,-74.811, NAN,40.94,39.44,7.13,13.8,13.8,1019.3,1019.3,0.0,0.0,85.1,78.5,355,349,9.5,9.2,73.0,73.0,5.9,5.6,33.3,23.3,1021.4,1021.4,83.21,340.86,567.02,31.8079,11.7373,474.8,59.6,1492.188, NAN, NAN, NAN, NAN,,2024/04/16 22:53:48.961,2024-04-16 22:53:48.961000+00:00
2024/04/16, 22:54:48.961,35.894,-74.809, NAN,40.56,40.34,7.18,13.8,13.8,1019.2,1019.1,0.0,0.0,85.1,78.5,355,349,9.3,9.2,73.0,73.0,5.6,5.6,33.4,23.4,1021.3,1021.2,86.63,340.43,629.81,31.8084,11.7441,474.5,59.6,1492.212, NAN, NAN, NAN, NAN,,2024/04/16 22:54:48.961,2024-04-16 22:54:48.961000+00:00
2024/04/16, 22:55:48.961,35.895,-74.808, NAN,41.1,34.6,7.2,13.8,13.8,1019.2,1019.3,0.0,0.0,85.1,78.5,355,349,9.6,9.0,73.1,73.1,5.9,5.3,36.7,26.6,1021.3,1021.4,90.76,340.16,658.24,31.8069,11.7484,476.0,59.7,1492.225, NAN, NAN, NAN, NAN,,2024/04/16 22:55:48.961,2024-04-16 22:55:48.961000+00:00
2024/04/16, 22:56:48.961,35.897,-74.807, NAN,40.33,37.68,6.99,13.8,13.8,1019.3,1019.2,0.0,0.0,85.1,78.5,355,349,9.4,9.0,73.0,73.1,5.8,5.5,33.2,23.2,1021.4,1021.3,87.52,339.82,640.15,31.8051,11.7434,478.2,59.7,1492.206, NAN, NAN, NAN, NAN,,2024/04/16 22:56:48.961,2024-04-16 22:56:48.961000+00:00
2024/04/16, 22:57:48.961,35.898,-74.805, NAN,40.54,34.72,7.1,13.8,13.8,1019.2,1019.2,0.0,0.0,85.1,78.5,354,348,9.5,9.3,73.0,73.1,5.9,5.7,32.9,23.0,1021.3,1021.3,81.95,339.48,597.74,31.8025,11.7311,476.9,59.7,1492.16, NAN, NAN, NAN, NAN,,2024/04/16 22:57:48.961,2024-04-16 22:57:48.961000+00:00
2024/04/16, 22:58:48.961,35.9,-74.804, NAN,40.74,33.65,7.19,13.8,13.8,1019.3,1019.2,0.0,0.0,85.1,78.5,353,347,9.5,9.3,73.0,73.0,5.8,5.7,32.6,22.7,1021.4,1021.3,72.34,339.08,531.64,31.8019,11.7204,476.9,59.8,1492.122, NAN, NAN, NAN, NAN,,2024/04/16 22:58:48.961,2024-04-16 22:58:48.961000+00:00
2024/04/16, 22:59:48.962,35.902,-74.802, NAN,40.43,33.17,7.1,13.8,13.9,1019.3,1019.3,0.0,0.0,85.1,78.5,354,348,9.5,9.3,72.9,73.0,5.9,5.7,33.0,23.1,1021.4,1021.4,49.37,338.77,310.89,31.7995,11.7128,478.2,59.7,1492.093, NAN, NAN, NAN, NAN,,2024/04/16 22:59:48.962,2024-04-16 22:59:48.962000+00:00
2024/04/16, 23:00:48.962,35.903,-74.801, NAN,40.4,41.53,7.26,13.8,13.9,1019.1,1019.1,0.0,0.0,85.1,78.5,354,348,9.4,9.4,73.0,73.0,5.7,5.8,31.4,21.6,1021.2,1021.2,43.68,338.42,281.92,31.7968,11.7055,478.2,59.7,1492.065, NAN, NAN, NAN, NAN,,2024/04/16 23:00:48.962,2024-04-16 23:00:48.962000+00:00
2024/04/16, 23:01:48.962,35.905,-74.799, NAN,40.35,37.07,7.0,13.8,13.8,1019.2,1019.3,0.0,0.0,85.1,78.5,354,348,9.5,9.3,73.0,73.1,5.9,5.8,31.9,22.2,1021.3,1021.4,44.12,338.2,299.5,31.7936,11.6983,477.6,59.7,1492.036, NAN, NAN, NAN, NAN,,2024/04/16 23:01:48.962,2024-04-16 23:01:48.962000+00:00
2024/04/16, 23:02:48.962,35.906,-74.798, NAN,41.38,38.13,7.16,13.8,13.8,1019.0,1019.1,0.0,0.0,85.1,78.5,354,347,9.4,9.2,73.1,73.2,5.7,5.6,32.6,21.0,1021.1,1021.2,41.95,338.08,285.73,31.7916,11.7,478.2,59.6,1492.039, NAN, NAN, NAN, NAN,,2024/04/16 23:02:48.962,2024-04-16 23:02:48.962000+00:00
2024/04/16, 23:03:48.962,35.908,-74.796, NAN,40.8,38.98,7.23,13.8,13.8,1019.1,1019.1,0.0,0.0,85.1,78.5,354,347,9.4,9.3,73.1,73.1,5.7,5.7,30.9,19.4,1021.2,1021.2,43.91,337.52,325.46,31.7898,11.7031,478.2,59.6,1492.048, NAN, NAN, NAN, NAN,,2024/04/16 23:03:48.962,2024-04-16 23:03:48.962000+00:00
2024/04/16, 23:04:48.962,35.909,-74.795, NAN,40.29,40.1,7.25,13.8,13.8,1019.1,1019.2,0.0,0.0,85.1,78.5,354,347,9.3,9.4,73.1,73.1,5.6,5.8,30.1,18.8,1021.2,1021.3,40.19,337.16,295.19,31.786,11.7039,478.2,59.7,1492.046, NAN, NAN, NAN, NAN,,2024/04/16 23:04:48.962,2024-04-16 23:04:48.962000+00:00
2024/04/16, 23:05:48.962,35.911,-74.793, NAN,41.92,35.71,7.09,13.8,13.8,1019.2,1019.3,0.0,0.0,85.1,78.5,352,346,9.2,9.0,72.9,73.0,5.6,5.4,32.0,22.0,1021.3,1021.4,40.53,337.03,312.82,31.7829,11.7173,479.3,59.7,1492.089, NAN, NAN, NAN, NAN,,2024/04/16 23:05:48.962,2024-04-16 23:05:48.962000+00:00
2024/04/16, 23:06:48.962,35.912,-74.792, NAN,40.65,41.06,7.06,13.8,13.8,1019.1,1019.1,0.0,0.0,85.1,78.5,352,346,9.2,9.2,73.0,73.1,5.6,5.7,28.6,18.9,1021.2,1021.2,42.71,336.75,341.04,31.7799,11.7258,477.9,59.7,1492.115, NAN, NAN, NAN, NAN,,2024/04/16 23:06:48.962,2024-04-16 23:06:48.962000+00:00
2024/04/16, 23:07:48.962,35.914,-74.79, NAN,40.75,40.21,7.25,13.9,13.9,1019.1,1019.1,0.0,0.0,85.1,78.5,353,347,9.3,9.3,73.1,73.1,5.6,5.7,30.0,20.2,1021.2,1021.2,40.98,336.54,335.59,31.7753,11.7342,478.8,59.7,1492.138, NAN, NAN, NAN, NAN,,2024/04/16 23:07:48.962,2024-04-16 23:07:48.962000+00:00
2024/04/16, 23:08:48.962,35.915,-74.789, NAN,40.75,31.21,6.99,13.9,13.9,1019.3,1019.0,0.0,0.0,85.1,78.5,353,347,9.2,9.2,73.1,73.2,5.6,5.7,32.2,22.4,1021.4,1021.1,37.38,336.38,292.15,31.7689,11.7484,478.5,59.7,1492.18, NAN, NAN, NAN, NAN,,2024/04/16 23:08:48.962,2024-04-16 23:08:48.962000+00:00
2024/04/16, 23:09:48.962,35.917,-74.787, NAN,41.41,39.77,7.17,13.9,13.9,1019.0,1019.1,0.0,0.0,85.1,78.5,354,347,9.1,9.1,73.1,73.2,5.4,5.5,32.6,21.0,1021.1,1021.2,32.04,335.77,256.6,31.7655,11.7633,481.2,59.8,1492.228, NAN, NAN, NAN, NAN,,2024/04/16 23:09:48.962,2024-04-16 23:09:48.962000+00:00
2024/04/16, 23:10:48.962,35.919,-74.785, NAN,40.06,36.61,7.08,13.8,13.9,1019.1,1019.1,0.0,0.0,85.1,78.5,354,348,9.6,9.4,73.4,73.4,6.0,5.8,33.1,23.3,1021.2,1021.2,25.13,335.72,193.37,31.7613,11.7748,479.6,59.8,1492.262, NAN, NAN, NAN, NAN,,2024/04/16 23:10:48.962,2024-04-16 23:10:48.962000+00:00
2024/04/16, 23:11:48.962,35.92,-74.784, NAN,40.62,36.44,6.99,13.9,13.9,1019.1,1019.1,0.0,0.0,85.1,78.5,355,348,9.4,9.1,73.2,73.3,5.8,5.6,34.1,22.5,1021.2,1021.2,18.91,335.81,147.39,31.758,11.7856,478.5,59.7,1492.296, NAN, NAN, NAN, NAN,,2024/04/16 23:11:48.962,2024-04-16 23:11:48.962000+00:00
2024/04/16, 23:12:48.962,35.922,-74.782, NAN,41.28,35.08,7.14,13.9,13.9,1019.0,1019.1,0.0,0.0,85.1,78.5,354,347,9.3,9.2,73.2,73.3,5.6,5.6,32.9,21.3,1021.1,1021.2,17.32,335.57,140.68,31.7581,11.7945,478.5,59.9,1492.327, NAN, NAN, NAN, NAN,,2024/04/16 23:12:48.962,2024-04-16 23:12:48.962000+00:00
2024/04/16, 23:13:48.962,35.923,-74.781, NAN,43.78,38.73,7.22,13.9,13.9,1019.3,1019.0,0.0,0.0,85.1,78.5,354,348,9.5,9.4,73.4,73.5,5.8,5.7,37.7,27.8,1021.4,1021.1,16.01,335.81,133.25,31.758,11.8014,479.3,59.8,1492.351, NAN, NAN, NAN, NAN,,2024/04/16 23:13:48.962,2024-04-16 23:13:48.962000+00:00
2024/04/16, 23:14:48.962,35.925,-74.779, NAN,42.36,42.45,6.89,13.9,13.9,1019.1,1019.1,0.0,0.0,85.1,78.5,353,347,9.5,9.4,73.4,73.6,6.0,6.0,30.9,21.4,1021.2,1021.2,13.56,335.66,119.77,31.7577,11.8107,479.6,59.8,1492.382, NAN, NAN, NAN, NAN,,2024/04/16 23:14:48.962,2024-04-16 23:14:48.962000+00:00
2024/04/16, 23:15:48.963,35.926,-74.778, NAN,42.21,45.07,7.1,13.9,13.9,1019.0,1019.1,0.0,0.0,85.1,78.5,355,348,9.5,9.3,73.5,73.7,5.9,5.8,33.9,22.5,1021.1,1021.2,11.69,335.54,107.33,31.7583,11.8143,478.8,59.6,1492.396, NAN, NAN, NAN, NAN,,2024/04/16 23:15:48.963,2024-04-16 23:15:48.963000+00:00
2024/04/16, 23:16:48.963,35.928,-74.776, NAN,43.31,41.92,7.37,13.9,13.9,1019.1,1019.1,0.0,0.0,85.1,78.5,355,348,9.3,9.2,73.5,73.6,5.5,5.5,36.7,24.9,1021.2,1021.2,10.53,334.97,101.33,31.7584,11.8198,479.6,59.7,1492.415, NAN, NAN, NAN, NAN,,2024/04/16 23:16:48.963,2024-04-16 23:16:48.963000+00:00
2024/04/16, 23:17:48.963,35.929,-74.774, NAN,42.94,38.83,6.86,13.9,13.9,1019.1,1019.1,0.0,0.0,85.1,78.5,355,348,9.2,9.0,73.6,73.7,5.7,5.5,36.6,25.1,1021.2,1021.2,10.42,335.44,105.12,31.7569,11.8372,480.6,59.7,1492.473, NAN, NAN, NAN, NAN,,2024/04/16 23:17:48.963,2024-04-16 23:17:48.963000+00:00
2024/04/16, 23:18:48.963,35.931,-74.773, NAN,42.64,44.92,7.23,13.9,13.9,1019.1,1019.0,0.0,0.0,85.1,78.5,356,350,9.0,8.9,73.8,73.9,5.3,5.3,35.9,25.7,1021.2,1021.1,10.33,335.18,104.19,31.7561,11.8465,480.9,59.6,1492.504, NAN, NAN, NAN, NAN,,2024/04/16 23:18:48.963,2024-04-16 23:18:48.963000+00:00
2024/04/16, 23:19:48.963,35.932,-74.771, NAN,43.36,42.28,7.35,13.9,13.9,1019.3,1019.1,0.0,0.0,85.1,78.5,355,349,8.9,8.7,74.1,74.1,5.1,5.0,36.8,26.2,1021.4,1021.2,10.28,335.03,102.72,31.7543,11.8575,481.2,59.8,1492.54, NAN, NAN, NAN, NAN,,2024/04/16 23:19:48.963,2024-04-16 23:19:48.963000+00:00
2024/04/16, 23:20:48.963,35.934,-74.77, NAN,42.69,36.27,7.26,13.9,13.9,1019.2,1019.1,0.0,0.0,85.1,78.5,357,350,8.7,8.4,74.3,74.3,5.0,4.7,41.0,28.6,1021.3,1021.2,10.58,334.87,100.96,31.7525,11.8726,480.0,59.6,1492.59, NAN, NAN, NAN, NAN,,2024/04/16 23:20:48.963,2024-04-16 23:20:48.963000+00:00
2024/04/16, 23:21:48.963,35.935,-74.768, NAN,42.99,49.99,6.95,13.9,13.9,1019.1,1019.0,0.0,0.0,85.1,78.5,356,351,8.6,8.5,74.4,74.5,5.0,5.0,35.8,27.2,1021.2,1021.1,10.01,334.84,95.57,31.7497,11.8889,480.3,59.3,1492.643, NAN, NAN, NAN, NAN,,2024/04/16 23:21:48.963,2024-04-16 23:21:48.963000+00:00
2024/04/16, 23:22:48.963,35.937,-74.766, NAN,42.95,39.77,7.22,13.9,13.9,1019.1,1019.0,0.0,0.0,85.1,78.5,358,351,8.8,8.5,74.7,74.7,5.1,4.8,40.5,28.2,1021.2,1021.1,8.87,335.01,88.13,31.7475,11.9096,481.2,59.4,1492.712, NAN, NAN, NAN, NAN,,2024/04/16 23:22:48.963,2024-04-16 23:22:48.963000+00:00
2024/04/16, 23:23:48.963,35.938,-74.765, NAN,42.62,34.68,6.94,13.9,13.9,1019.1,1019.0,0.0,0.0,85.1,78.5,357,351,9.1,8.6,74.7,74.7,5.5,5.0,41.4,31.4,1021.2,1021.1,7.65,335.33,76.8,31.7457,11.9194,480.3,59.6,1492.744, NAN, NAN, NAN, NAN,,2024/04/16 23:23:48.963,2024-04-16 23:23:48.963000+00:00
2024/04/16, 23:24:48.963,35.94,-74.763, NAN,42.34,39.68,6.88,13.9,13.9,1019.0,1019.0,0.0,0.0,85.1,78.5,358,351,8.8,8.7,74.8,74.8,5.3,5.2,38.6,26.8,1021.1,1021.1,6.2,334.86,67.38,31.7424,11.926,481.6,59.6,1492.763, NAN, NAN, NAN, NAN,,2024/04/16 23:24:48.963,2024-04-16 23:24:48.963000+00:00
2024/04/16, 23:25:48.963,35.941,-74.762, NAN,23.56,34.82,6.22,13.9,13.9,1018.9,1018.8,0.0,0.0,85.1,78.5,359,353,8.7,8.7,74.8,74.8,5.6,5.7,15.9,6.8,1021.0,1020.9,4.47,335.11,58.27,31.7403,11.9355,480.3,59.6,1492.793, NAN, NAN, NAN, NAN,,2024/04/16 23:25:48.963,2024-04-16 23:25:48.963000+00:00
2024/04/16, 23:26:48.963,35.942,-74.762, NAN,295.41,304.15,4.19,13.9,13.9,1019.0,1018.9,0.0,0.0,85.1,78.5,62,46,6.8,9.2,75.0,74.9,5.5,7.4,13.7,349.8,1021.1,1021.0,3.21,335.16,53.18,31.7377,11.9563,480.9,59.4,1492.862, NAN, NAN, NAN, NAN,,2024/04/16 23:26:48.963,2024-04-16 23:26:48.963000+00:00
2024/04/16, 23:27:48.963,35.943,-74.763, NAN,271.3,270.24,5.37,13.9,13.9,1019.1,1019.0,0.0,0.0,85.1,78.5,96,82,4.8,5.4,75.1,75.1,5.8,5.7,35.5,21.8,1021.2,1021.1,2.45,335.38,48.62,31.7354,11.9683,479.2,59.6,1492.9, NAN, NAN, NAN, NAN,,2024/04/16 23:27:48.963,2024-04-16 23:27:48.963000+00:00
2024/04/16, 23:28:48.963,35.943,-74.765, NAN,266.93,268.9,6.44,13.8,13.9,1019.1,1019.0,0.0,0.0,85.1,78.5,97,85,4.2,4.2,75.5,75.4,5.6,5.1,39.7,32.3,1021.2,1021.1,1.3,335.06,42.88,31.7323,11.9745,480.6,59.9,1492.918, NAN, NAN, NAN, NAN,,2024/04/16 23:28:48.963,2024-04-16 23:28:48.963000+00:00
2024/04/16, 23:29:48.963,35.943,-74.768, NAN,271.57,272.59,6.9,13.8,13.8,1019.2,1019.1,0.0,0.0,85.1,78.5,88,78,4.3,4.9,75.7,75.7,5.5,5.4,39.9,29.4,1021.3,1021.2,0.21,335.16,38.13,31.7286,11.9813,479.6,59.8,1492.937, NAN, NAN, NAN, NAN,,2024/04/16 23:29:48.963,2024-04-16 23:29:48.963000+00:00
2024/04/16, 23:30:48.963,35.943,-74.77, NAN,269.93,270.92,7.26,13.8,13.8,1019.1,1019.1,0.0,0.0,85.1,78.5,86,75,4.2,5.3,75.9,75.9,5.4,5.6,39.6,24.8,1021.2,1021.2,-0.85,335.04,33.96,31.7274,11.9869,480.9,59.8,1492.955, NAN, NAN, NAN, NAN,,2024/04/16 23:30:48.963,2024-04-16 23:30:48.963000+00:00
2024/04/16, 23:31:48.964,35.943,-74.773, NAN,269.04,271.2,7.27,13.7,13.8,1019.1,1019.1,0.0,0.0,85.1,78.5,89,78,4.0,4.7,75.9,75.9,5.4,5.3,42.2,30.5,1021.2,1021.2,-1.81,335.33,30.13,31.7277,11.9916,481.2,59.8,1492.971, NAN, NAN, NAN, NAN,,2024/04/16 23:31:48.964,2024-04-16 23:31:48.964000+00:00
2024/04/16, 23:32:48.964,35.943,-74.775, NAN,268.43,269.22,7.44,13.7,13.8,1019.0,1019.1,0.0,0.0,85.1,78.5,91,78,4.1,4.7,76.1,76.0,5.5,5.3,43.1,31.1,1021.1,1021.2,-2.55,335.36,26.09,31.7289,12.0008,480.3,59.8,1493.004, NAN, NAN, NAN, NAN,,2024/04/16 23:32:48.964,2024-04-16 23:32:48.964000+00:00
2024/04/16, 23:33:48.964,35.943,-74.778, NAN,266.87,267.28,7.34,13.7,13.7,1019.1,1019.1,0.0,0.0,85.1,78.5,90,77,3.8,4.8,76.0,76.0,5.4,5.4,41.5,26.7,1021.2,1021.2,-3.15,335.4,23.14,31.7308,11.9943,480.3,59.8,1492.984, NAN, NAN, NAN, NAN,,2024/04/16 23:33:48.964,2024-04-16 23:33:48.964000+00:00
2024/04/16, 23:34:48.964,35.942,-74.78, NAN,268.09,270.74,7.36,13.7,13.7,1019.3,1019.0,0.0,0.0,85.1,78.5,92,78,4.0,4.6,76.3,76.0,5.5,5.2,43.5,31.0,1021.4,1021.1,-3.79,335.52,20.47,31.7328,11.9882,480.9,59.8,1492.966, NAN, NAN, NAN, NAN,,2024/04/16 23:34:48.964,2024-04-16 23:34:48.964000+00:00
2024/04/16, 23:35:48.964,35.942,-74.783, NAN,268.13,265.47,7.32,13.7,13.7,1019.1,1019.1,0.0,0.0,85.1,78.5,89,78,4.2,4.9,76.2,76.1,5.6,5.6,39.1,27.7,1021.2,1021.2,-4.18,335.72,18.03,31.7336,11.99,480.6,59.8,1492.973, NAN, NAN, NAN, NAN,,2024/04/16 23:35:48.964,2024-04-16 23:35:48.964000+00:00
2024/04/16, 23:36:48.964,35.942,-74.785, NAN,268.19,271.81,7.42,13.7,13.7,1019.1,1019.1,0.0,0.0,85.1,78.5,90,78,4.1,5.1,76.2,76.1,5.5,5.6,42.1,27.7,1021.2,1021.2,-4.57,335.65,15.79,31.7367,11.9899,481.9,59.7,1492.976, NAN, NAN, NAN, NAN,,2024/04/16 23:36:48.964,2024-04-16 23:36:48.964000+00:00
2024/04/16, 23:37:48.964,35.942,-74.788, NAN,266.99,266.87,7.3,13.7,13.7,1019.3,1019.3,0.0,0.0,85.1,78.5,91,80,4.3,5.0,76.4,76.3,5.7,5.7,38.9,27.5,1021.4,1021.4,-4.98,335.85,13.48,31.7387,11.9829,481.2,59.6,1492.954, NAN, NAN, NAN, NAN,,2024/04/16 23:37:48.964,2024-04-16 23:37:48.964000+00:00
2024/04/16, 23:38:48.964,35.942,-74.79, NAN,267.89,270.76,7.37,13.6,13.7,1019.3,1019.3,0.0,0.0,85.1,78.5,90,78,4.4,5.3,76.2,76.3,5.7,5.7,39.9,26.2,1021.4,1021.4,-5.25,335.95,11.79,31.7376,11.9801,480.9,59.9,1492.943, NAN, NAN, NAN, NAN,,2024/04/16 23:38:48.964,2024-04-16 23:38:48.964000+00:00
2024/04/16, 23:39:48.964,35.942,-74.793, NAN,267.4,271.13,7.2,13.7,13.7,1019.4,1019.3,0.0,0.0,85.1,78.5,90,79,4.3,5.1,76.3,76.1,5.5,5.5,39.7,27.1,1021.5,1021.4,-5.46,336.12,10.18,31.7441,11.9794,481.2,59.9,1492.949, NAN, NAN, NAN, NAN,,2024/04/16 23:39:48.964,2024-04-16 23:39:48.964000+00:00
2024/04/16, 23:40:48.964,35.942,-74.795, NAN,267.58,274.01,7.27,13.6,13.7,1019.3,1019.3,0.0,0.0,85.1,78.5,89,77,4.5,5.3,76.5,76.4,5.5,5.4,39.0,25.3,1021.4,1021.4,-5.63,336.32,8.77,31.7458,11.9694,481.6,59.7,1492.916, NAN, NAN, NAN, NAN,,2024/04/16 23:40:48.964,2024-04-16 23:40:48.964000+00:00
2024/04/16, 23:41:48.964,35.942,-74.798, NAN,268.6,270.08,7.53,13.6,13.7,1019.3,1019.4,0.0,0.0,85.1,78.5,90,79,4.6,5.3,76.4,76.3,5.9,5.8,39.5,28.0,1021.4,1021.5,-5.92,336.19,7.47,31.7483,11.9677,480.3,59.9,1492.914, NAN, NAN, NAN, NAN,,2024/04/16 23:41:48.964,2024-04-16 23:41:48.964000+00:00
2024/04/16, 23:42:48.964,35.942,-74.8, NAN,268.14,268.08,7.43,13.6,13.7,1019.5,1019.4,0.0,0.0,85.1,78.5,89,80,4.7,5.2,76.3,76.2,6.0,5.9,36.9,28.0,1021.6,1021.5,-6.17,336.38,6.15,31.7504,11.973,481.2,59.8,1492.934, NAN, NAN, NAN, NAN,,2024/04/16 23:42:48.964,2024-04-16 23:42:48.964000+00:00
2024/04/16, 23:43:48.964,35.942,-74.803, NAN,266.9,269.7,7.45,13.6,13.7,1019.4,1019.4,0.0,0.0,85.1,78.5,90,80,4.5,5.3,76.2,76.1,5.8,5.8,38.3,26.8,1021.5,1021.5,-6.35,336.35,5.2,31.7524,11.9688,481.2,59.9,1492.922, NAN, NAN, NAN, NAN,,2024/04/16 23:43:48.964,2024-04-16 23:43:48.964000+00:00
2024/04/16, 23:44:48.964,35.942,-74.805, NAN,267.62,267.27,7.08,13.6,13.7,1019.5,1019.4,0.0,0.0,85.1,78.5,90,80,4.5,5.3,76.5,76.3,5.8,5.9,36.3,24.9,1021.6,1021.5,-6.36,336.19,4.4,31.7531,11.9661,479.6,60.0,1492.914, NAN, NAN, NAN, NAN,,2024/04/16 23:44:48.964,2024-04-16 23:44:48.964000+00:00
2024/04/16, 23:45:48.964,35.942,-74.808, NAN,267.8,271.37,6.96,13.6,13.7,1019.5,1019.4,0.0,0.0,85.1,78.5,91,79,4.9,5.7,76.6,76.5,6.0,6.0,35.5,22.4,1021.6,1021.5,-6.45,336.49,3.72,31.7539,11.9655,479.6,60.0,1492.913, NAN, NAN, NAN, NAN,,2024/04/16 23:45:48.964,2024-04-16 23:45:48.964000+00:00
2024/04/16, 23:46:48.964,35.943,-74.81, NAN,266.63,265.68,6.99,13.6,13.7,1019.5,1019.5,0.0,0.0,85.1,78.5,90,80,4.8,5.7,76.3,76.1,5.9,6.1,33.9,21.8,1021.6,1021.6,-6.5,336.5,3.11,31.7556,11.9741,479.3,60.0,1492.944, NAN, NAN, NAN, NAN,,2024/04/16 23:46:48.964,2024-04-16 23:46:48.964000+00:00
2024/04/16, 23:47:48.965,35.943,-74.812, NAN,266.9,269.08,6.82,13.6,13.7,1019.5,1019.5,0.0,0.0,85.1,78.5,90,82,5.0,5.7,76.3,76.1,6.0,6.2,32.5,23.0,1021.6,1021.6,-6.51,336.68,2.49,31.7564,11.9865,480.6,60.1,1492.988, NAN, NAN, NAN, NAN,,2024/04/16 23:47:48.965,2024-04-16 23:47:48.965000+00:00
2024/04/16, 23:48:48.965,35.943,-74.815, NAN,267.41,268.1,6.9,13.6,13.7,1019.5,1019.5,0.0,0.0,85.1,78.5,90,80,4.9,5.8,76.2,76.2,6.0,6.2,33.4,21.5,1021.6,1021.6,-6.56,336.64,2.02,31.7571,11.9876,479.6,60.0,1492.993, NAN, NAN, NAN, NAN,,2024/04/16 23:48:48.965,2024-04-16 23:48:48.965000+00:00
2024/04/16, 23:49:48.965,35.943,-74.817, NAN,266.81,269.11,6.89,13.6,13.7,1019.5,1019.5,0.0,0.0,85.1,78.5,89,83,5.2,5.9,76.2,76.1,6.0,6.3,31.6,23.5,1021.6,1021.6,-6.63,336.57,1.65,31.7567,11.9909,480.9,60.0,1493.003, NAN, NAN, NAN, NAN,,2024/04/16 23:49:48.965,2024-04-16 23:49:48.965000+00:00
2024/04/16, 23:50:48.965,35.943,-74.819, NAN,267.15,275.03,6.81,13.6,13.7,1019.7,1019.5,0.0,0.0,85.1,78.5,92,82,5.2,5.9,76.2,76.2,6.1,6.2,34.0,22.8,1021.8,1021.6,-6.6,336.55,1.34,31.7557,12.0029,480.3,60.1,1493.044, NAN, NAN, NAN, NAN,,2024/04/16 23:50:48.965,2024-04-16 23:50:48.965000+00:00
2024/04/16, 23:51:48.965,35.943,-74.822, NAN,266.67,268.02,6.72,13.6,13.6,1019.7,1019.7,0.0,0.0,85.1,78.5,93,84,5.3,6.0,76.3,76.2,6.4,6.5,32.3,22.4,1021.8,1021.8,-6.68,336.6,1.07,31.7582,12.0126,481.2,60.1,1493.08, NAN, NAN, NAN, NAN,,2024/04/16 23:51:48.965,2024-04-16 23:51:48.965000+00:00
2024/04/16, 23:52:48.965,35.943,-74.824, NAN,266.3,271.93,6.86,13.6,13.6,1019.5,1019.6,0.0,0.0,85.1,78.5,94,84,5.4,6.0,76.4,76.3,6.4,6.4,33.5,23.2,1021.6,1021.7,-6.62,336.38,0.83,31.7584,12.0053,479.6,60.1,1493.055, NAN, NAN, NAN, NAN,,2024/04/16 23:52:48.965,2024-04-16 23:52:48.965000+00:00
2024/04/16, 23:53:48.965,35.943,-74.826, NAN,265.58,268.56,6.93,13.6,13.6,1019.7,1019.7,0.0,0.0,85.1,78.5,94,89,5.4,5.7,76.3,76.2,6.6,6.6,32.2,27.3,1021.8,1021.8,-6.67,336.37,0.67,31.7596,11.9791,478.8,60.1,1492.966, NAN, NAN, NAN, NAN,,2024/04/16 23:53:48.965,2024-04-16 23:53:48.965000+00:00
2024/04/16, 23:54:48.965,35.943,-74.829, NAN,266.08,275.26,6.88,13.6,13.6,1019.7,1019.5,0.0,0.0,85.1,78.5,95,90,5.6,5.8,76.2,76.2,6.7,6.6,33.1,28.6,1021.8,1021.6,-6.62,336.61,0.53,31.7589,11.9623,478.5,60.2,1492.908, NAN, NAN, NAN, NAN,,2024/04/16 23:54:48.965,2024-04-16 23:54:48.965000+00:00
2024/04/16, 23:55:48.965,35.943,-74.831, NAN,265.85,269.53,6.92,13.6,13.6,1019.7,1019.5,0.0,0.0,85.1,78.5,94,90,5.7,5.9,75.9,75.9,6.7,6.7,31.9,28.0,1021.8,1021.6,-6.56,336.28,0.42,31.7598,11.95,480.0,60.2,1492.866, NAN, NAN, NAN, NAN,,2024/04/16 23:55:48.965,2024-04-16 23:55:48.965000+00:00
2024/04/16, 23:56:48.965,35.943,-74.834, NAN,265.7,268.66,6.91,13.6,13.7,1019.6,1019.6,0.0,0.0,85.1,78.5,94,91,5.7,5.7,75.9,75.8,6.7,6.5,32.0,29.8,1021.7,1021.7,-6.64,336.36,0.33,31.7605,11.93,479.3,60.0,1492.798, NAN, NAN, NAN, NAN,,2024/04/16 23:56:48.965,2024-04-16 23:56:48.965000+00:00
2024/04/16, 23:57:48.965,35.943,-74.836, NAN,265.65,268.4,7.07,13.6,13.7,1019.6,1019.6,0.0,0.0,85.1,78.5,95,89,5.6,6.0,75.7,75.6,6.8,6.8,33.0,26.9,1021.7,1021.7,-6.63,336.36,0.26,31.7625,11.9123,480.0,60.1,1492.739, NAN, NAN, NAN, NAN,,2024/04/16 23:57:48.965,2024-04-16 23:57:48.965000+00:00
2024/04/16, 23:58:48.965,35.943,-74.838, NAN,265.76,279.04,6.98,13.6,13.7,1019.7,1019.5,0.0,0.0,85.1,78.5,95,90,5.6,5.7,75.6,75.5,6.5,6.3,34.1,30.0,1021.8,1021.6,-6.54,336.26,0.21,31.7649,11.8922,481.2,60.2,1492.673, NAN, NAN, NAN, NAN,,2024/04/16 23:58:48.965,2024-04-16 23:58:48.965000+00:00
2024/04/16, 23:59:48.965,35.943,-74.841, NAN,266.24,271.93,7.12,13.6,13.7,1019.6,1019.6,0.0,0.0,85.1,78.5,95,87,5.4,5.7,75.6,75.6,6.5,6.3,35.8,28.5,1021.7,1021.7,-6.5,336.33,0.17,31.7704,11.8837,482.7,60.1,1492.65, NAN, NAN, NAN, NAN,,2024/04/16 23:59:48.965,2024-04-16 23:59:48.965000+00:00
